time_ns,u_X1,u_Y1,u_X2,u_Y2
0,0,0,0,0
0.04752376188,-2.316727901e-05,-2.316602647e-05,-2.316704737e-05,-3.546305334e-05
0.09504752376,-9.199774093e-05,-9.199277896e-05,-9.199680514e-05,-0.0001405494916
0.1425712856,-0.000205484323,-0.0002054732671,-0.0002054821968,-0.0003133052321
0.1900950475,-0.0003626199627,-0.0003626005006,-0.0003626161458,-0.0005517761921
0.2376188094,-0.0005623975971,-0.0005623674891,-0.0005623915757,-0.0008540082891
0.2851425713,-0.0008038101637,-0.0008037672422,-0.0008038014099,-0.00121804744
0.3326663332,-0.0010858506,-0.001085792769,-0.001085838572,-0.001641939563
0.380190095,-0.001407511843,-0.001407437081,-0.001407495985,-0.002123730575
0.4277138569,-0.001767786829,-0.001767693185,-0.001767766574,-0.002661466393
0.4752376188,-0.002165668498,-0.002165554093,-0.00216564326,-0.003253192934
0.5227613807,-0.002600149785,-0.002600012814,-0.002600118968,-0.003896956117
0.5702851426,-0.003070223627,-0.003070062358,-0.003070186622,-0.004590801857
0.6178089045,-0.003574882964,-0.003574695733,-0.003574839144,-0.005332776074
0.6653326663,-0.004113120731,-0.00411290595,-0.004113069459,-0.006120924683
0.7128564282,-0.004683929865,-0.004683686019,-0.004683870489,-0.006953293602
0.7603801901,-0.005286303305,-0.005286028948,-0.005286235158,-0.007827928749
0.807903952,-0.005919233988,-0.005918927749,-0.005919156391,-0.008742876041
0.8554277139,-0.00658171485,-0.006581375429,-0.006581627109,-0.009696181395
0.9029514757,-0.00727273883,-0.007272365,-0.007272640237,-0.01068589073
0.9504752376,-0.007991298863,-0.007990889471,-0.007991188698,-0.01171004996
0.9979989995,-0.008736387889,-0.00873594185,-0.008736265416,-0.012766705
1.045522761,-0.009506998844,-0.009506515149,-0.009506863314,-0.01385390178
1.093046523,-0.01030212467,-0.01030160238,-0.01030197532,-0.01496968621
1.140570285,-0.01112075829,-0.01112019654,-0.01112059434,-0.0161121042
1.188094047,-0.01196189266,-0.01196129065,-0.01196171332,-0.01727920167
1.235617809,-0.0128245207,-0.01282387773,-0.01282432518,-0.01846902455
1.283141571,-0.01370763536,-0.01370695076,-0.01370742283,-0.01967961874
1.330665333,-0.01461022957,-0.01460950278,-0.0146099992,-0.02090903017
1.378189095,-0.01553129628,-0.01553052678,-0.01553104722,-0.02215530476
1.425712856,-0.01646982841,-0.01646901578,-0.0164695598,-0.02341648841
1.473236618,-0.0174248189,-0.01742396278,-0.01742452988,-0.02469062705
1.52076038,-0.0183952607,-0.0183943608,-0.01839495037,-0.0259757666
1.568284142,-0.01938014674,-0.01937920284,-0.0193798142,-0.02726995297
1.615807904,-0.02037846995,-0.02037748192,-0.02037811429,-0.02857123207
1.663331666,-0.02138922328,-0.02138819104,-0.02138884357,-0.02987764984
1.710855428,-0.02241139966,-0.02241032322,-0.02241099495,-0.03118725218
1.75837919,-0.02344399203,-0.02344287146,-0.02344356137,-0.03249808501
1.805902951,-0.02448599332,-0.02448482877,-0.02448553575,-0.03380819425
1.853426713,-0.02553639648,-0.02553518817,-0.025535911,-0.03511562581
1.900950475,-0.02659419444,-0.02659294266,-0.02659368006,-0.03641842562
1.948474237,-0.02765838013,-0.02765708525,-0.02765783584,-0.03771463959
1.995997999,-0.0287279465,-0.02872660895,-0.02872737127,-0.03900231364
2.043521761,-0.02980188649,-0.02980050677,-0.02980127928,-0.04027949368
2.091045523,-0.03087919302,-0.03087777173,-0.03087855278,-0.04154422564
2.138569285,-0.03195885904,-0.03195739683,-0.03195818471,-0.04279455543
2.186093047,-0.03303987749,-0.03303837507,-0.03303916797,-0.04402852896
2.233616808,-0.03412124129,-0.03411969948,-0.03412049551,-0.04524419216
2.28114057,-0.0352019434,-0.03520036306,-0.03520116023,-0.04643959095
2.328664332,-0.03628097674,-0.03627935881,-0.03628015507,-0.04761277123
2.376188094,-0.03735733426,-0.03735567976,-0.03735647295,-0.04876177893
2.423711856,-0.03843000889,-0.0384283189,-0.03842910679,-0.04988465996
2.471235618,-0.03949799356,-0.03949626925,-0.03949704951,-0.05097946024
2.51875938,-0.04056028123,-0.04055852382,-0.04055929405,-0.0520442257
2.566283142,-0.04161586481,-0.04161407562,-0.04161483331,-0.05307700224
2.613806903,-0.04266373725,-0.04266191765,-0.04266266023,-0.05407583578
2.661330665,-0.0437028915,-0.04370104293,-0.04370176773,-0.05503877225
2.708854427,-0.04473232047,-0.04473044447,-0.04473114873,-0.05596385755
2.756378189,-0.04575101712,-0.04574911527,-0.04574979615,-0.05684913761
2.803901951,-0.04675797438,-0.04675604835,-0.04675670293,-0.05769265834
2.851425713,-0.04775218519,-0.04775023672,-0.04775086197,-0.05849246566
2.898949475,-0.04873264248,-0.04873067338,-0.04873126622,-0.05924660549
2.946473237,-0.04969833919,-0.04969635134,-0.04969690858,-0.05995312374
2.993996998,-0.05064826826,-0.05064626362,-0.05064678199,-0.06061006634
3.04152076,-0.05158142263,-0.05157940323,-0.05157987936,-0.0612154792
3.089044522,-0.05249679523,-0.05249476316,-0.05249519362,-0.06176740823
3.136568284,-0.053393379,-0.05339133645,-0.0533917177,-0.06226389936
3.184092046,-0.05427016688,-0.05426811608,-0.05426844451,-0.0627029985
3.231615808,-0.0551261518,-0.05512409507,-0.05512436698,-0.06308275156
3.27913957,-0.05596032671,-0.05595826644,-0.05595847804,-0.06340120448
3.326663332,-0.05677168453,-0.05676962319,-0.05676977061,-0.06365640316
3.374187094,-0.05755921822,-0.05755715833,-0.0575572376,-0.06384639352
3.421710855,-0.05832192069,-0.05831986488,-0.05831987196,-0.06396922147
3.469234617,-0.0590587849,-0.05905673583,-0.05905666658,-0.06402293295
3.516758379,-0.05976880378,-0.05976676421,-0.05976661441,-0.06400557385
3.564282141,-0.06045097027,-0.06044894301,-0.06044870837,-0.06391519011
3.611805903,-0.0611042773,-0.06110226525,-0.06110194137,-0.06374982763
3.659329665,-0.06172771781,-0.06172572395,-0.06172530635,-0.06350753234
3.706853427,-0.06232028474,-0.0623183121,-0.06231779622,-0.06318635015
3.754377189,-0.06288097102,-0.06287902272,-0.06287840391,-0.06278432698
3.80190095,-0.0634087696,-0.06340684882,-0.06340612234,-0.06229950875
3.849424712,-0.0639026734,-0.06390078341,-0.06389994444,-0.06172994137
3.896948474,-0.06436167538,-0.06435981949,-0.06435886313,-0.06107367077
3.944472236,-0.06478476846,-0.06478295009,-0.06478187133,-0.06032874285
3.991995998,-0.06517094558,-0.0651691682,-0.06516796197,-0.05949320354
4.03951976,-0.06551919968,-0.06551746683,-0.06551612796,-0.05856509875
4.087043522,-0.0658285237,-0.065826839,-0.06582536224,-0.0575424744
4.134567284,-0.06609791058,-0.06609627772,-0.06609465773,-0.05642337642
4.182091046,-0.06632635324,-0.066324776,-0.06632300735,-0.0552058507
4.229614807,-0.06651284463,-0.06651132684,-0.06650940402,-0.05388794318
4.277138569,-0.06665637769,-0.06665492325,-0.06665284067,-0.05246769977
4.324662331,-0.06675594536,-0.06675455825,-0.06675231021,-0.05094316639
4.372186093,-0.06681054056,-0.06680922484,-0.06680680559,-0.04931238896
4.419709855,-0.06681915624,-0.06681791604,-0.06681531971,-0.04757341338
4.467233617,-0.06678078534,-0.06677962485,-0.0667768455,-0.04572428559
4.514757379,-0.06669442079,-0.06669334428,-0.06669037589,-0.04376305149
4.562281141,-0.06655905553,-0.06655806734,-0.06655490379,-0.04168775701
4.609804902,-0.06637368249,-0.06637278705,-0.06636942214,-0.03949644806
4.657328664,-0.06613729463,-0.06613649641,-0.06613292385,-0.03718717055
4.704852426,-0.06584888486,-0.06584818843,-0.06584440185,-0.03475797042
4.752376188,-0.06550744613,-0.06550685612,-0.06550284906,-0.03220689357
4.79989995,-0.06511197138,-0.0651114925,-0.06510725841,-0.02953198591
4.847423712,-0.06466145354,-0.06466109056,-0.06465662282,-0.02673129338
4.894947474,-0.06415488556,-0.06415464332,-0.06414993521,-0.02380286188
4.942471236,-0.06359126036,-0.0635911438,-0.0635861885,-0.02074473734
4.989994997,-0.06296957089,-0.06296958499,-0.06296437563,-0.01755496566
5.037518759,-0.06231649948,-0.06231664576,-0.06231644739,-0.01430038995
5.085042521,-0.06169051443,-0.06169078685,-0.06171174258,-0.01112658642
5.132566283,-0.06109310132,-0.06109349372,-0.06115139178,-0.008037343636
5.180090045,-0.06052378062,-0.06052428696,-0.06063418037,-0.00503156424
5.227613807,-0.05998207282,-0.05998268715,-0.06015889371,-0.002108150878
5.275137569,-0.05946749836,-0.05946821487,-0.05972431719,0.0007339938039
5.322661331,-0.05897957773,-0.0589803907,-0.05932923617,0.003495967161
5.370185093,-0.0585178314,-0.05851873523,-0.05897243604,0.006178866549
5.417708854,-0.05808177983,-0.05808276903,-0.05865270217,0.008783789321
5.465232616,-0.0576709435,-0.0576720127,-0.05836881994,0.01131183283
5.512756378,-0.05728484287,-0.05728598681,-0.05811957472,0.01376409444
5.56028014,-0.05692299841,-0.05692421194,-0.05790375189,0.0161416715
5.607803902,-0.0565849306,-0.05658620868,-0.05772013681,0.01844566136
5.655327664,-0.0562701599,-0.05627149761,-0.05756751488,0.02067716137
5.702851426,-0.05597820679,-0.05597959932,-0.05744467146,0.02283726891
5.750375188,-0.05570859173,-0.05571003437,-0.05735039192,0.02492708131
5.797898949,-0.0554608352,-0.05546232337,-0.05728346165,0.02694769593
5.845422711,-0.05523445766,-0.05523598689,-0.05724266602,0.02890021014
5.892946473,-0.05502897958,-0.05503054551,-0.0572267904,0.03078572127
5.940470235,-0.05484392144,-0.05484551981,-0.05723462018,0.03260532669
5.987993997,-0.0546788037,-0.05468043038,-0.05726494072,0.03436012376
6.035517759,-0.05453314684,-0.0545347978,-0.05731653739,0.03605120982
6.083041521,-0.05440647131,-0.05440814266,-0.05738819559,0.03767968224
6.130565283,-0.0542982976,-0.05429998552,-0.05747870068,0.03924663836
6.178089045,-0.05420814618,-0.05420984699,-0.05758683803,0.04075317555
6.225612806,-0.05413553751,-0.05413724763,-0.05771139302,0.04220039115
6.273136568,-0.05407999206,-0.05408170804,-0.05785115104,0.04358938252
6.32066033,-0.0540410303,-0.05404274879,-0.05800489744,0.04492124702
6.368184092,-0.05401817271,-0.05401989047,-0.05817141761,0.046197082
6.415707854,-0.05401093975,-0.05401265366,-0.05834949693,0.04741798481
6.463231616,-0.05401885189,-0.05402055894,-0.05853792077,0.04858505282
6.510755378,-0.0540414296,-0.05404312689,-0.0587354745,0.04969938337
6.55827914,-0.05407819336,-0.0540798781,-0.0589409435,0.05076207382
6.605802901,-0.05412866363,-0.05413033316,-0.05915311315,0.05177422153
6.653326663,-0.05419236088,-0.05419401263,-0.05937076881,0.05273692384
6.700850425,-0.05426880558,-0.0542704371,-0.05959269588,0.05365127812
6.748374187,-0.05435751821,-0.05435912717,-0.05981767971,0.05451838172
6.795897949,-0.05445801922,-0.0544596034,-0.06004450569,0.055339332
6.843421711,-0.0545698291,-0.05457138638,-0.06027195919,0.0561152263
6.890945473,-0.05469246831,-0.0546939967,-0.0604988256,0.05684716199
6.938469235,-0.05482545732,-0.05482695494,-0.06072389027,0.05753623642
6.985992996,-0.05496831661,-0.05496978167,-0.06094593859,0.05818354694
7.033516758,-0.05512056663,-0.05512199749,-0.06116375594,0.05879019091
7.08104052,-0.05528172787,-0.05528312297,-0.06137612768,0.05935726568
7.128564282,-0.05545132079,-0.05545267869,-0.0615818392,0.05988586861
7.176088044,-0.05562886586,-0.05563018525,-0.06177967587,0.06037709705
7.223611806,-0.05581388354,-0.05581516321,-0.06196842307,0.06083204836
7.271135568,-0.05600589433,-0.05600713317,-0.06214686616,0.06125181989
7.31865933,-0.05620441867,-0.05620561571,-0.06231379053,0.061637509
7.366183092,-0.05640897704,-0.0564101314,-0.06246798156,0.06199021304
7.413706853,-0.05661908991,-0.05662020084,-0.06260822461,0.06231102937
7.461230615,-0.05683427775,-0.05683534459,-0.06273330506,0.06260105534
7.508754377,-0.05705406104,-0.05705508326,-0.06284200829,0.06286138831
7.556278139,-0.05727796023,-0.05727893741,-0.06293311968,0.06309312563
7.603801901,-0.0575054958,-0.05750642764,-0.06300542459,0.06329736465
7.651325663,-0.05773618823,-0.05773707451,-0.0630577084,0.06347520273
7.698849425,-0.05796955797,-0.05797039863,-0.0630887565,0.06362773723
7.746373187,-0.0582051255,-0.05820592056,-0.06309735425,0.0637560655
7.793896948,-0.0584424113,-0.05844316089,-0.06308228703,0.0638612849
7.84142071,-0.05868093582,-0.05868164021,-0.06304234021,0.06394449278
7.888944472,-0.05892021954,-0.05892087909,-0.06297629918,0.06400678649
7.936468234,-0.05915978293,-0.05916039812,-0.0628829493,0.06404926339
7.983991996,-0.05939914646,-0.05939971788,-0.06276107595,0.06407302083
8.031515758,-0.0596378306,-0.05963835895,-0.06260946451,0.06407915618
8.07903952,-0.05987535582,-0.05987584192,-0.06242690036,0.06406876677
8.126563282,-0.06011124259,-0.06011168737,-0.06221216886,0.06404294998
8.174087044,-0.06034501138,-0.06034541588,-0.06196405539,0.06400280315
8.221610805,-0.06057618266,-0.06057654803,-0.06168134534,0.06394942364
8.269134567,-0.06080427689,-0.0608046044,-0.06136282406,0.0638839088
8.316658329,-0.06102881456,-0.06102910559,-0.06100727695,0.063807356
8.364182091,-0.06124931612,-0.06124957216,-0.06061348937,0.06372086257
8.411705853,-0.06146530205,-0.06146552471,-0.0601802467,0.06362552588
8.459229615,-0.06167629282,-0.06167648381,-0.05970633432,0.06352244329
8.506753377,-0.06188180889,-0.06188197005,-0.05919053759,0.06341271214
8.554277139,-0.06208137075,-0.06208150401,-0.05863164191,0.06329742979
8.6018009,-0.06227449885,-0.06227460627,-0.05802843263,0.0631776936
8.649324662,-0.06246071367,-0.06246079742,-0.05737969514,0.06305460092
8.696848424,-0.06263953568,-0.06263959803,-0.05668421482,0.06292924911
8.744372186,-0.06281048535,-0.06281052869,-0.05594077703,0.06280273552
8.791895948,-0.06297308314,-0.06297310999,-0.05514816716,0.06267615751
8.83941971,-0.06312684954,-0.0631268625,-0.05430517057,0.06255061243
8.886943472,-0.06327130499,-0.06327130681,-0.05341057265,0.06242719763
8.934467234,-0.06340596999,-0.0634059635,-0.05246315877,0.06230701048
8.981990995,-0.06353036499,-0.06353035315,-0.0514617143,0.06219114832
9.029514757,-0.06364401048,-0.06364399635,-0.05040502462,0.06208070851
9.077038519,-0.0637464269,-0.06374641367,-0.04929187511,0.0619767884
9.124562281,-0.06383713475,-0.0638371257,-0.04812105114,0.06188048536
9.172086043,-0.06391565448,-0.06391565303,-0.04689133809,0.06179289673
9.219609805,-0.06398150657,-0.06398151623,-0.04560152132,0.06171511987
9.267133567,-0.06403421148,-0.06403423588,-0.04425038623,0.06164825213
9.314657329,-0.06407328969,-0.06407333258,-0.04283671817,0.06159339087
9.362181091,-0.06409826167,-0.0640983269,-0.04135930254,0.06155163345
9.409704852,-0.06410864788,-0.06410873942,-0.0398169247,0.06152407722
9.457228614,-0.0641039688,-0.06410409073,-0.03820837003,0.06151181953
9.504752376,-0.0640837449,-0.0640839014,-0.0365324239,0.06151595773
9.552276138,-0.06404749664,-0.06404769203,-0.03478787169,0.06153758919
9.5997999,-0.0639947445,-0.0639949832,-0.03297349877,0.06157781126
9.647323662,-0.06392500894,-0.06392529548,-0.03108809053,0.06163772129
9.694847424,-0.06383781044,-0.06383814946,-0.02913043233,0.06171841664
9.742371186,-0.06373266947,-0.06373306572,-0.02709930955,0.06182099466
9.789894947,-0.06360910649,-0.06360956484,-0.02499350757,0.06194655271
9.837418709,-0.06346664198,-0.06346716741,-0.02281181176,0.06209618814
9.884942471,-0.0633047964,-0.06330539401,-0.0205530075,0.06227099831
9.932466233,-0.06312309022,-0.06312376523,-0.01821588016,0.06247208057
9.979989995,-0.06292104392,-0.06292180163,-0.01579921512,0.06270053227
10.02751376,-0.0627033621,-0.06270420544,-0.01332577208,0.0629493624
10.07503752,-0.0624927047,-0.0624936256,-0.01090092462,0.06318330366
10.12256128,-0.06229164294,-0.06229263231,-0.008536581957,0.0633980816
10.17008504,-0.06210001543,-0.06210106447,-0.006231986147,0.06359366662
10.2176088,-0.06191766078,-0.06191876096,-0.003986379254,0.06377002911
10.26513257,-0.06174441761,-0.06174556069,-0.001799003343,0.06392713949
10.31265633,-0.06158012452,-0.06158130256,0.0003308995227,0.06406496813
10.36018009,-0.06142462012,-0.06142582546,0.00240408728,0.06418348545
10.40770385,-0.06127774301,-0.06127896828,0.004421317864,0.06428266183
10.45522761,-0.06113933182,-0.06114056994,0.006383349213,0.06436246769
10.50275138,-0.06100922515,-0.06101046931,0.008290939262,0.06442287341
10.55027514,-0.0608872616,-0.06088850531,0.01014484595,0.0644638494
10.5977989,-0.06077327979,-0.06077451682,0.01194582721,0.06448536605
10.64532266,-0.06066711833,-0.06066834275,0.01369464098,0.06448739376
10.69284642,-0.06056861582,-0.060569822,0.01539204519,0.06446990294
10.74037019,-0.06047761087,-0.06047879345,0.01703879779,0.06443286397
10.78789395,-0.0603939421,-0.06039509601,0.0186356567,0.06437624726
10.83541771,-0.06031744812,-0.06031856857,0.02018337988,0.06430002321
10.88294147,-0.06024796752,-0.06024905003,0.02168272524,0.0642041622
10.93046523,-0.06018533893,-0.06018637929,0.02313445073,0.06408863465
10.97798899,-0.06012940095,-0.06013039525,0.02453931429,0.06395341096
11.02551276,-0.06007999219,-0.0600809368,0.02589807384,0.0637984615
11.07303652,-0.06003695126,-0.06003784283,0.02721148734,0.0636237567
11.12056028,-0.06000011677,-0.06000095226,0.0284803127,0.06342926694
11.16808404,-0.05996932732,-0.05997010397,0.02970530788,0.06321496263
11.2156078,-0.05994442153,-0.05994513686,0.03088723081,0.06298081416
11.26313157,-0.05992523801,-0.05992588982,0.03202683942,0.06272679193
11.31065533,-0.05991161537,-0.05991220177,0.03312489164,0.06245286633
11.35817909,-0.05990339221,-0.05990391159,0.03418214543,0.06215900778
11.40570285,-0.05990040715,-0.05990085817,0.0351993587,0.06184518666
11.45322661,-0.05990249879,-0.05990288043,0.03617728941,0.06151137337
11.50075038,-0.05990950574,-0.05990981724,0.03711669547,0.06115753832
11.54827414,-0.05992126661,-0.05992150752,0.03801833485,0.06078365189
11.5957979,-0.05993762002,-0.05993779016,0.03888296545,0.0603896845
11.64332166,-0.05995840457,-0.05995850406,0.03971134524,0.05997560653
11.69084542,-0.05998345886,-0.0599834881,0.04050423213,0.05954138839
11.73836918,-0.06001262152,-0.0600125812,0.04126238407,0.05908700047
11.78589295,-0.06004573114,-0.06004562224,0.04198655899,0.05861241317
11.83341671,-0.06008262635,-0.06008245013,0.04267751484,0.05811759689
11.88094047,-0.06012314574,-0.06012290377,0.04333600954,0.05760252204
11.92846423,-0.06016712792,-0.06016682204,0.04396280103,0.057067159
11.97598799,-0.06021441152,-0.06021404384,0.04455864726,0.05651147817
12.02351176,-0.06026483512,-0.06026440808,0.04512430614,0.05593544996
12.07103552,-0.06031823736,-0.06031775365,0.04566053563,0.05533904476
12.11855928,-0.06037445682,-0.06037391945,0.04616809366,0.05472223298
12.16608304,-0.06043333213,-0.06043274437,0.04664773817,0.054084985
12.2136068,-0.06049470189,-0.06049406732,0.04710022708,0.05342727123
12.26113057,-0.06055840471,-0.06055772718,0.04752631834,0.05274906206
12.30865433,-0.0606242792,-0.06062356286,0.04792676989,0.0520503279
12.35617809,-0.06069216398,-0.06069141326,0.04830233966,0.05133103914
12.40370185,-0.06076189764,-0.06076111726,0.04865378558,0.05059116618
12.45122561,-0.0608333188,-0.06083251378,0.0489818656,0.04983067942
12.49874937,-0.06090626606,-0.0609054417,0.04928733764,0.04904954925
12.54627314,-0.06098057805,-0.06097973992,0.04957095966,0.04824774609
12.5937969,-0.06105609336,-0.06105524734,0.04983348957,0.04742524031
12.64132066,-0.0611326506,-0.06113180286,0.05007568533,0.04658200233
12.68884442,-0.0612100884,-0.06120924537,0.05029830486,0.04571800254
12.73636818,-0.06128824534,-0.06128741377,0.0505021061,0.04483321134
12.78389195,-0.06136696005,-0.06136614696,0.05068784699,0.04392759913
12.83141571,-0.06144607113,-0.06144528384,0.05085628546,0.0430011363
12.87893947,-0.06152541719,-0.0615246633,0.05100817946,0.04205379325
12.92646323,-0.06160483685,-0.06160412424,0.05114428691,0.04108554039
12.97398699,-0.0616841687,-0.06168350555,0.05126536576,0.04009634811
13.02151076,-0.06176325137,-0.06176264614,0.05137217393,0.03908618681
13.06903452,-0.06184192345,-0.06184138491,0.05146546938,0.03805502688
13.11655828,-0.06192002356,-0.06191956074,0.05154601002,0.03700283873
13.16408204,-0.06199739031,-0.06199701253,0.05161455381,0.03592959276
13.2116058,-0.06207386231,-0.06207357919,0.05167185867,0.03483525935
13.25912956,-0.06214927816,-0.06214909961,0.05171868255,0.03371980892
13.30665333,-0.06222347647,-0.06222341269,0.05175578337,0.03258321186
13.35417709,-0.06229629587,-0.06229635732,0.05178391908,0.03142543856
13.40170085,-0.06236757494,-0.06236777241,0.05180384761,0.03024645943
13.44922461,-0.06243715231,-0.06243749684,0.05181632689,0.02904624487
13.49674837,-0.06250486658,-0.06250536952,0.05182211488,0.02782476526
13.54427214,-0.06257055636,-0.06257122934,0.05182196949,0.02658199102
13.5917959,-0.06263406027,-0.0626349152,0.05181664867,0.02531789254
13.63931966,-0.0626952169,-0.062696266,0.05180691035,0.02403244021
13.68684342,-0.06275386488,-0.06275512064,0.05179351248,0.02272560444
13.73436718,-0.0628098428,-0.06281131801,0.05177721298,0.02139735563
13.78189095,-0.06286298928,-0.062864697,0.05175876979,0.02004766416
13.82941471,-0.06291314293,-0.06291509653,0.05173894085,0.01867650045
13.87693847,-0.06296014235,-0.06296235547,0.0517184841,0.01728383489
13.92446223,-0.06300382616,-0.06300631274,0.05169815747,0.01586963787
13.97198599,-0.06304403297,-0.06304680723,0.0516787189,0.0144338798
14.01950975,-0.06308060138,-0.06308367783,0.05166092632,0.01297653107
14.06703352,-0.06311337,-0.06311676344,0.05164553768,0.01149756209
14.11455728,-0.06314217744,-0.06314590297,0.0516333109,0.009996943247
14.16208104,-0.06316686232,-0.0631709353,0.05162500393,0.008474644944
14.2096048,-0.06318726324,-0.06319169933,0.05162137469,0.006930637578
14.25712856,-0.06320321881,-0.06320803396,0.05162318114,0.005364891548
14.30465233,-0.06321456764,-0.0632197781,0.05163118119,0.003777377252
14.35217609,-0.06322114834,-0.06322677063,0.0516461328,0.002168065089
14.39969985,-0.06322279952,-0.06322885045,0.0516687939,0.0005369254564
14.44722361,-0.06321935979,-0.06322585646,0.05169992241,-0.001116071247
14.49474737,-0.06321066775,-0.06321762756,0.05174027629,-0.002790954622
14.54227114,-0.06319656202,-0.06320400264,0.05179061346,-0.004487754272
14.5897949,-0.06317688121,-0.06318482061,0.05185169186,-0.006206499797
14.63731866,-0.06315146392,-0.06315992035,0.05192426943,-0.007947220799
14.68484242,-0.06312014876,-0.06312914077,0.05200910411,-0.009709946881
14.73236618,-0.06308277435,-0.06309232076,0.05210695382,-0.01149470764
14.77988994,-0.06303917929,-0.06304929922,0.05221857652,-0.01330153269
14.82741371,-0.06298920219,-0.06299991505,0.05234473012,-0.01513045162
14.87493747,-0.06293268167,-0.06294400715,0.05248617258,-0.01698149403
14.92246123,-0.06286945632,-0.0628814144,0.05264366183,-0.01885468953
14.96998499,-0.06279936477,-0.06281197572,0.05281795579,-0.02075006772
15.01750875,-0.06272044944,-0.06273670297,0.05300776461,-0.02266015562
15.06503252,-0.06261340032,-0.06266798669,0.05319149682,-0.02450440255
15.11255628,-0.06247350326,-0.06260877858,0.0533631704,-0.02626203713
15.16008004,-0.06230137435,-0.0625585594,0.05352276997,-0.02793442524
15.2076038,-0.06209762969,-0.06251680991,0.05367028013,-0.02952293273
15.25512756,-0.06186288536,-0.06248301086,0.05380568551,-0.03102892549
15.30265133,-0.06159775746,-0.06245664303,0.05392897072,-0.03245376939
15.35017509,-0.06130286207,-0.06243718716,0.05404012039,-0.03379883029
15.39769885,-0.06097881529,-0.06242412402,0.05413911912,-0.03506547406
15.44522261,-0.0606262332,-0.06241693436,0.05422595154,-0.03625506658
15.49274637,-0.0602457319,-0.06241509895,0.05430060226,-0.03736897372
15.54027014,-0.05983792747,-0.06241809855,0.05436305591,-0.03840856134
15.5877939,-0.059403436,-0.06242541392,0.05441329709,-0.03937519532
15.63531766,-0.05894287359,-0.06243652581,0.05445131042,-0.04027024154
15.68284142,-0.05845685632,-0.06245091499,0.05447708053,-0.04109506585
15.73036518,-0.05794600028,-0.06246806221,0.05449059203,-0.04185103413
15.77788894,-0.05741092157,-0.06248744824,0.05449182953,-0.04253951225
15.82541271,-0.05685223627,-0.06250855383,0.05448077766,-0.04316186608
15.87293647,-0.05627056047,-0.06253085975,0.05445742103,-0.0437194615
15.92046023,-0.05566651026,-0.06255384676,0.05442174426,-0.04421366436
15.96798399,-0.05504070174,-0.06257699561,0.05437373197,-0.04464584055
16.01550775,-0.05439375099,-0.06259978707,0.05431336877,-0.04501735594
16.06303152,-0.0537262741,-0.06262170189,0.05424063927,-0.04532957639
16.11055528,-0.05303888716,-0.06264222083,0.05415552811,-0.04558386777
16.15807904,-0.05233220627,-0.06266082466,0.05405801989,-0.04578159596
16.2056028,-0.05160684751,-0.06267699413,0.05394809923,-0.04592412683
16.25312656,-0.05086342697,-0.06269021001,0.05382575076,-0.04601282625
16.30065033,-0.05010256074,-0.06269995305,0.05369095907,-0.04604906008
16.34817409,-0.04932486491,-0.06270570401,0.05354370881,-0.0460341942
16.39569785,-0.04853095558,-0.06270694366,0.05338398457,-0.04596959448
16.44322161,-0.04772144882,-0.06270315274,0.05321177098,-0.0458566268
16.49074537,-0.04689696074,-0.06269381204,0.05302705266,-0.04569665701
16.53826913,-0.04605810741,-0.06267840229,0.05282981422,-0.04549105099
16.5857929,-0.04520550494,-0.06265640427,0.05262004028,-0.04524117462
16.63331666,-0.04433976941,-0.06262729873,0.05239771546,-0.04494839376
16.68084042,-0.04346151691,-0.06259056643,0.05216282437,-0.04461407428
16.72836418,-0.04257136353,-0.06254568813,0.05191535164,-0.04423958206
16.77588794,-0.04166992535,-0.0624921446,0.05165528187,-0.04382628296
16.82341171,-0.04075781848,-0.06242941659,0.05138259969,-0.04337554285
16.87093547,-0.039835659,-0.06235698485,0.05109728972,-0.04288872762
16.91845923,-0.038904063,-0.06227433016,0.05079933656,-0.04236720312
16.96598299,-0.03796364657,-0.06218093327,0.05048872484,-0.04181233522
17.01350675,-0.0370150258,-0.06207627494,0.05016543918,-0.04122548981
17.06103052,-0.03605881677,-0.06195983593,0.0498294642,-0.04060803274
17.10855428,-0.03509563559,-0.061831097,0.0494807845,-0.0399613299
17.15607804,-0.03412609834,-0.06168953892,0.04911938471,-0.03928674714
17.2036018,-0.0331508211,-0.06153464243,0.04874524944,-0.03858565035
17.25112556,-0.03217041997,-0.0613658883,0.04835836331,-0.03785940538
17.29864932,-0.03118551104,-0.06118275729,0.04795871095,-0.03710937812
17.34617309,-0.0301967104,-0.06098473016,0.04754627696,-0.03633693443
17.39369685,-0.02920463414,-0.06077128767,0.04712104596,-0.03554344019
17.44122061,-0.02820989835,-0.06054191058,0.04668300258,-0.03473026126
17.48874437,-0.02721311911,-0.06029607964,0.04623213142,-0.03389876351
17.53626813,-0.02621491252,-0.06003327563,0.04576841711,-0.03305031282
17.5837919,-0.02521589467,-0.05975297929,0.04529184426,-0.03218627506
17.63131566,-0.02421668165,-0.05945467139,0.04480239749,-0.03130801609
17.67883942,-0.02321788955,-0.05913783269,0.04430006142,-0.03041690179
17.72636318,-0.02222013445,-0.05880194395,0.04378482066,-0.02951429803
17.77388694,-0.02122403245,-0.05844648593,0.04325665983,-0.02860157068
17.82141071,-0.02023019964,-0.05807093938,0.04271556355,-0.02768008561
17.86893447,-0.0192392521,-0.05767478507,0.04216151644,-0.02675120868
17.91645823,-0.01825180593,-0.05725750375,0.04159450311,-0.02581630578
17.96398199,-0.01726847722,-0.0568185762,0.04101450819,-0.02487674277
18.01150575,-0.01628988205,-0.05635748316,0.04042151628,-0.02393388552
18.05902951,-0.01531663652,-0.05587370539,0.039815512,-0.02298909991
18.10655328,-0.01434935671,-0.05536672367,0.03919647998,-0.0220437518
18.15407704,-0.01338865873,-0.05483601874,0.03856440483,-0.02109920706
18.2016008,-0.01243515864,-0.05428107136,0.03791927116,-0.02015683157
18.24912456,-0.01148947256,-0.0537013623,0.0372610636,-0.0192179912
18.29664832,-0.01055221656,-0.05309637232,0.03658976676,-0.01828405181
18.34417209,-0.009624006733,-0.05246558217,0.03590536526,-0.01735637927
18.39169585,-0.008705459173,-0.05180847261,0.03520784371,-0.01643633947
18.43921961,-0.007797189968,-0.05112452441,0.03449718674,-0.01552529826
18.48674337,-0.006899815209,-0.05041321833,0.03377337895,-0.01462462152
18.53426713,-0.006013950984,-0.04967403512,0.03303640498,-0.01373567513
18.5817909,-0.005140213384,-0.04890645554,0.03228624943,-0.01285982494
18.62931466,-0.004279218499,-0.04810996036,0.03152289692,-0.01199843683
18.67683842,-0.003431582419,-0.04728403033,0.03074633208,-0.01115287668
18.72436218,-0.002597921232,-0.04642814622,0.0299565395,-0.01032451035
18.77188594,-0.00177885103,-0.04554178878,0.02915350383,-0.009514703706
18.8194097,-0.0009749879022,-0.04462443877,0.02833720966,-0.00872482263
18.86693347,-0.0001869479382,-0.04367557696,0.02750764162,-0.007956232989
18.91445723,0.000584652772,-0.0426946841,0.02666478433,-0.007210300653
18.96198099,0.001339198139,-0.04168124095,0.0258086224,-0.006488391493
19.00950475,0.002076072072,-0.04063472827,0.02493914045,-0.005791871379
19.05702851,0.002794658481,-0.03955462683,0.0240563231,-0.005122106182
19.10455228,0.003494341278,-0.03844041738,0.02316015497,-0.004480461773
19.15207604,0.004174504371,-0.03729158068,0.02225062066,-0.003868304022
19.1995998,0.004834531671,-0.03610759749,0.02132770481,-0.003286998801
19.24712356,0.005473807089,-0.03488794857,0.02039139202,-0.002737911979
19.29464732,0.006091714534,-0.03363211469,0.01944166692,-0.002222409427
19.34217109,0.006687637916,-0.0323395766,0.01847851411,-0.001741857017
19.38969485,0.007260961146,-0.03100981505,0.01750191823,-0.001297620619
19.43721861,0.007811068134,-0.02964231082,0.01651186388,-0.0008910661026
19.48474237,0.008337342789,-0.02823654466,0.01550833568,-0.0005235593397
19.53226613,0.008839169023,-0.02679199733,0.01449131825,-0.0001964662006
19.57978989,0.009315930745,-0.02530814959,0.01346079621,8.884744404e-05
19.62731366,0.009767011865,-0.0237844822,0.01241675418,0.0003310157235
19.67483742,0.01019179629,-0.02222047592,0.01135917677,0.0005286727672
19.72236118,0.01058966794,-0.0206156115,0.01028804859,0.0006804527043
19.76988494,0.01096001072,-0.01896936972,0.009203354275,0.0007849896643
19.8174087,0.01130220853,-0.01728123133,0.008105078431,0.0008409177765
19.86493247,0.0116156453,-0.01555067709,0.006993205678,0.0008468711701
19.91245623,0.01189970492,-0.01377718775,0.005867720633,0.0008014839746
19.95997999,0.01215377131,-0.01196024409,0.004728607914,0.0007033903192
20.00750375,0.01237802212,-0.01010133898,0.003576010151,0.0005524216891
20.05502751,0.01261207404,-0.00830174007,0.002418040531,0.0004081020151
20.10255128,0.0128776066,-0.00661664368,0.001259592407,0.000303481623
20.15007504,0.01317368412,-0.005043808609,0.0001011199949,0.0002376007129
20.1975988,0.01349937095,-0.003580993654,-0.001056922487,0.0002094994849
20.24512256,0.01385373144,-0.002225957613,-0.002214080823,0.0002182181394
20.29264632,0.01423582992,-0.0009764592846,-0.003369900796,0.0002627968766
20.34017009,0.01464473072,0.0001697425337,-0.00452392819,0.0003422758967
20.38769385,0.0150794982,0.001214889044,-0.005675708786,0.0004556953999
20.43521761,0.01553919669,0.002161221449,-0.00682478837,0.0006020955865
20.48274137,0.01602289053,0.003010980949,-0.007970712723,0.0007805166567
20.53026513,0.01652964406,0.003766408749,-0.009113027629,0.0009899988107
20.57778889,0.01705852162,0.004429746049,-0.01025127887,0.001229582249
20.62531266,0.01760858755,0.005003234051,-0.01138501223,0.001498307171
20.67283642,0.0181789062,0.005489113959,-0.0125137735,0.001795213778
20.72036018,0.01876854189,0.005889626973,-0.01363710845,0.002119342269
20.76788394,0.01937655898,0.006207014296,-0.01475456287,0.002469732846
20.8154077,0.0200020218,0.006443517131,-0.01586568254,0.002845425707
20.86293147,0.02064399469,0.006601376679,-0.01697001325,0.003245461054
20.91045523,0.02130154199,0.006682834142,-0.01806710078,0.003668879087
20.95797899,0.02197372804,0.006690130723,-0.01915649091,0.004114720006
21.00550275,0.02265961719,0.006625507624,-0.02023772943,0.00458202401
21.05302651,0.02335827376,0.006491206047,-0.02131036211,0.005069831301
21.10055028,0.02406876211,0.006289467193,-0.02237393475,0.005577182079
21.14807404,0.02479014657,0.006022532266,-0.02342799312,0.006103116543
21.1955978,0.02552149148,0.005692642467,-0.02447208301,0.006646674894
21.24312156,0.02626186119,0.005302038998,-0.0255057502,0.007206897333
21.29064532,0.02701032002,0.004852963062,-0.02652854048,0.007782824059
21.33816908,0.02776593233,0.004347655861,-0.02753999962,0.008373495272
21.38569285,0.02852776245,0.003788358596,-0.02853967341,0.008977951174
21.43321661,0.02929487472,0.00317731247,-0.02952710764,0.009595231964
21.48074037,0.03006633349,0.002516758685,-0.03050184809,0.01022437784
21.52826413,0.03084120309,0.001808938444,-0.03146344054,0.01086442901
21.57578789,0.03161854786,0.001056092947,-0.03241143077,0.01151442566
21.62331166,0.03239743214,0.0002604633983,-0.03334536457,0.01217340801
21.67083542,0.03317692027,-0.0005757090011,-0.03426478773,0.01284041624
21.71835918,0.0339560766,-0.001450183049,-0.03516924601,0.01351449057
21.76588294,0.03473396546,-0.002360717543,-0.03605828521,0.01419467118
21.8134067,0.0355096512,-0.003305071281,-0.03693145112,0.01487999828
21.86093047,0.03628219814,-0.004281003061,-0.0377882895,0.01556951207
21.90845423,0.03705067064,-0.005286271681,-0.03862834615,0.01626225276
21.95597799,0.03781413303,-0.006318635938,-0.03945116686,0.01695726053
22.00350175,0.03857164966,-0.007375854631,-0.04025629739,0.0176535756
22.05102551,0.03932228486,-0.008455686557,-0.04104328355,0.01835023815
22.09854927,0.04006510297,-0.009555890515,-0.0418116711,0.0190462884
22.14607304,0.04079916833,-0.0106742253,-0.04256100584,0.01974076654
22.1935968,0.04152354529,-0.01180844972,-0.04329083354,0.02043271277
22.24112056,0.04223729818,-0.01295632255,-0.04400069999,0.02112116729
22.28864432,0.04293949135,-0.01411560262,-0.04469015097,0.02180517031
22.33616808,0.04362918913,-0.0152840487,-0.04535873227,0.02248376202
22.38369185,0.04430545586,-0.0164594196,-0.04600598967,0.02315598262
22.43121561,0.04496735588,-0.01763947412,-0.04663146895,0.02382087231
22.47873937,0.04561395354,-0.01882197105,-0.0472347159,0.0244774713
22.52626313,0.04624431318,-0.02000466919,-0.0478152763,0.02512481978
22.57378689,0.04685749913,-0.02118532734,-0.04837269592,0.02576195795
22.62131066,0.04745257573,-0.02236170431,-0.04890652057,0.02638792602
22.66883442,0.04802860732,-0.02353155887,-0.04941629601,0.02700176418
22.71635818,0.04858465825,-0.02469264984,-0.04990156803,0.02760251263
22.76388194,0.04911979285,-0.02584273602,-0.05036188242,0.02818921158
22.8114057,0.04963307547,-0.02697957619,-0.05079678496,0.02876090123
22.85892946,0.05012357044,-0.02810092916,-0.05120582143,0.02931662177
22.90645323,0.05059034211,-0.02920455372,-0.05158853761,0.0298554134
22.95397699,0.05103245481,-0.03028820868,-0.05194447929,0.03037631633
23.00150075,0.05144897289,-0.03134965282,-0.05227319225,0.03087837076
23.04902451,0.05183896068,-0.03238664496,-0.05257422228,0.03136061688
23.09654827,0.05220148252,-0.03339694388,-0.05284711515,0.0318220949
23.14407204,0.05253560276,-0.03437830839,-0.05309141666,0.03226184501
23.1915958,0.05284038573,-0.03532849728,-0.05330667258,0.03267890742
23.23911956,0.05311489578,-0.03624526935,-0.0534924287,0.03307232233
23.28664332,0.05335819724,-0.0371263834,-0.05364823079,0.03344112993
23.33416708,0.05356935446,-0.03796959822,-0.05377362465,0.03378437044
23.38169085,0.05374743178,-0.03877267262,-0.05386815606,0.03410108404
23.42921461,0.05389149352,-0.03953336539,-0.0539313708,0.03439031093
23.47673837,0.05400060405,-0.04024943533,-0.05396281465,0.03465109133
23.52426213,0.05407382769,-0.04091864123,-0.0539620334,0.03488246542
23.57178589,0.05411022878,-0.04153874191,-0.05392857283,0.03508347341
23.61930965,0.05410887167,-0.04210749614,-0.05386197872,0.0352531555
23.66683342,0.05406882069,-0.04262266274,-0.05376179686,0.03539055189
23.71435718,0.05398914019,-0.04308200049,-0.05362757302,0.03549470278
23.76188094,0.05386889451,-0.0434832682,-0.053458853,0.03556464837
23.8094047,0.05370714798,-0.04382422467,-0.05325518258,0.03559942885
23.85692846,0.05350296495,-0.04410262869,-0.05301610753,0.03559808444
23.90445223,0.05325540975,-0.04431623905,-0.05274117365,0.03555965533
23.95197599,0.05296354673,-0.04446281457,-0.05242992672,0.03548318171
23.99949975,0.05262644022,-0.04454011403,-0.05208191251,0.0353677038
24.04702351,0.05224315457,-0.04454589624,-0.05169667681,0.03521226179
24.09454727,0.05181275412,-0.04447791999,-0.05127376542,0.03501589588
24.14207104,0.0513343032,-0.04433394408,-0.05081272409,0.03477764627
24.1895948,0.05080686616,-0.04411172731,-0.05031309864,0.03449655316
24.23711856,0.05022950733,-0.04380902847,-0.04977443482,0.03417165675
24.28464232,0.04960129106,-0.04342360636,-0.04919627844,0.03380199724
24.33216608,0.04892128169,-0.04295321979,-0.04857817526,0.03338661484
24.37968984,0.04818854355,-0.04239562754,-0.04791967108,0.03292454974
24.42721361,0.04740214099,-0.04174858843,-0.04722031168,0.03241484214
24.47473737,0.04656113835,-0.04100986123,-0.04647964284,0.03185653224
24.52226113,0.04566459996,-0.04017720476,-0.04569721035,0.03124866025
24.56978489,0.04471159017,-0.03924837781,-0.04487255998,0.03059026636
24.61730865,0.04370117331,-0.03822113918,-0.04400523753,0.02988039078
24.66483242,0.04263241374,-0.03709324767,-0.04309478876,0.02911807369
24.71235618,0.04150437578,-0.03586246207,-0.04214075948,0.02830235531
24.75987994,0.04031612377,-0.03452654118,-0.04114269546,0.02743227584
24.8074037,0.03906672206,-0.0330832438,-0.04010014248,0.02650687547
24.85492746,0.037755235,-0.03153032873,-0.03901264632,0.0255251944
24.90245123,0.0363807269,-0.02986555476,-0.03787975278,0.02448627284
24.94997499,0.03494226213,-0.0280866807,-0.03670100763,0.02338915098
24.99749875,0.03343890501,-0.02619146534,-0.03547595666,0.02223286903
25.04502251,0.03195517179,-0.02428367472,-0.03427585201,0.02108330548
25.09254627,0.03059357293,-0.02249084398,-0.03318662242,0.02002072211
25.14007004,0.02935144568,-0.02081087691,-0.03220569531,0.01904329643
25.1875938,0.02822586267,-0.01924134998,-0.03133027569,0.01814899918
25.23511756,0.02721389652,-0.01777983969,-0.03055756856,0.01733580108
25.28264132,0.02631261982,-0.01642392254,-0.02988477896,0.01660167286
25.33016508,0.0255191052,-0.01517117502,-0.02930911189,0.01594458525
25.37768884,0.02483042527,-0.01401917363,-0.02882777237,0.01536250898
25.42521261,0.02424365264,-0.01296549486,-0.02843796541,0.01485341478
25.47273637,0.02375585993,-0.01200771521,-0.02813689602,0.01441527337
25.52026013,0.02336411975,-0.01114341116,-0.02792176923,0.01404605549
25.56778389,0.02306550471,-0.01037015922,-0.02778979004,0.01374373185
25.61530765,0.02285708743,-0.009685535869,-0.02773816347,0.0135062732
25.66283142,0.02273594053,-0.009087117615,-0.02776409453,0.01333165026
25.71035518,0.0226991366,-0.008572480947,-0.02786478825,0.01321783375
25.75787894,0.02274374827,-0.00813920236,-0.02803744962,0.01316279441
25.8054027,0.02286684816,-0.007784858347,-0.02827928367,0.01316450296
25.85292646,0.02306550886,-0.007507025404,-0.02858749542,0.01322093014
25.90045023,0.02333680301,-0.007303280025,-0.02895928986,0.01333004666
25.94797399,0.02367780321,-0.007171198704,-0.02939187203,0.01348982327
25.99549775,0.02408558207,-0.007108357935,-0.02988244694,0.01369823068
26.04302151,0.02455721221,-0.007112334212,-0.03042821959,0.01395323963
26.09054527,0.02508976624,-0.007180704031,-0.03102639501,0.01425282084
26.13806903,0.02568031678,-0.007311043885,-0.03167417821,0.01459494505
26.1855928,0.02632593644,-0.007500930269,-0.0323687742,0.01497758298
26.23311656,0.02702369783,-0.007747939676,-0.03310738799,0.01539870535
26.28064032,0.02777067356,-0.008049648602,-0.03388722461,0.01585628291
26.32816408,0.02856393625,-0.008403633541,-0.03470548907,0.01634828637
26.37568784,0.02940055852,-0.008807470987,-0.03555938637,0.01687268647
26.42321161,0.03027761297,-0.009258737434,-0.03644612154,0.01742745393
26.47073537,0.03119217222,-0.009755009377,-0.03736289959,0.01801055949
26.51825913,0.03214130889,-0.01029386331,-0.03830692553,0.01861997386
26.56578289,0.03312209558,-0.01087287573,-0.03927540439,0.01925366778
26.61330665,0.03413160491,-0.01148962312,-0.04026554116,0.01990961198
26.66083042,0.0351669095,-0.01214168199,-0.04127454087,0.02058577719
26.70835418,0.03622508195,-0.01282662883,-0.04229960854,0.02128013413
26.75587794,0.03730319488,-0.01354204013,-0.04333794917,0.02199065353
26.8034017,0.03839832091,-0.01428549238,-0.04438676778,0.02271530612
26.85092546,0.03950753265,-0.01505456208,-0.04544326938,0.02345206264
26.89844922,0.0406279027,-0.01584682573,-0.046504659,0.0241988938
26.94597299,0.04175650369,-0.01665985982,-0.04756814164,0.02495377033
26.99349675,0.04289040823,-0.01749124084,-0.04863092231,0.02571466297
27.04102051,0.04402668893,-0.01833854529,-0.04969020605,0.02647954245
27.08854427,0.0451624184,-0.01919934966,-0.05074319784,0.02724637949
27.13606803,0.04629466926,-0.02007123045,-0.05178710272,0.02801314481
27.1835918,0.04742051412,-0.02095176415,-0.0528191257,0.02877780916
27.23111556,0.0485370256,-0.02183852725,-0.05383647179,0.02953834325
27.27863932,0.04964127631,-0.02272909625,-0.054836346,0.03029271782
27.32616308,0.05073033886,-0.02362104765,-0.05581595335,0.03103890359
27.37368684,0.05180128586,-0.02451195794,-0.05677249886,0.03177487129
27.42121061,0.05285118994,-0.0253994036,-0.05770318753,0.03249859165
27.46873437,0.0538771237,-0.02628096115,-0.05860522439,0.0332080354
27.51625813,0.05487615975,-0.02715420706,-0.05947581444,0.03390117327
27.56378189,0.05584537071,-0.02801671784,-0.06031216271,0.03457597599
27.61130565,0.0567818292,-0.02886606998,-0.0611114742,0.03523041428
27.65882941,0.05768260782,-0.02969983997,-0.06187095393,0.03586245887
27.70635318,0.05854477919,-0.03051560432,-0.06258780692,0.0364700805
27.75387694,0.05936541593,-0.0313109395,-0.06325923818,0.03705124988
27.8014007,0.06014159064,-0.03208342202,-0.06388245273,0.03760393775
27.84892446,0.06087037594,-0.03283062838,-0.06445465557,0.03812611484
27.89644822,0.06154884445,-0.03355013506,-0.06497305172,0.03861575187
27.94397199,0.06217406877,-0.03423951856,-0.0654348462,0.03907081958
27.99149575,0.06274312153,-0.03489635537,-0.06583724403,0.03948928868
28.03901951,0.06325307532,-0.03551822199,-0.06617745021,0.03986912992
28.08654327,0.06370100278,-0.03610269492,-0.06645266976,0.04020831402
28.13406703,0.06408397651,-0.03664735064,-0.0666601077,0.0405048117
28.1815908,0.06439906912,-0.03714976566,-0.06679696903,0.0407565937
28.22911456,0.06464335323,-0.03760751646,-0.06686045878,0.04096163074
28.27663832,0.06481390145,-0.03801817954,-0.06684778196,0.04111789356
28.32416208,0.0649077864,-0.03837933139,-0.06675614358,0.04122335288
28.37168584,0.06492208069,-0.03868854852,-0.06658274866,0.04127597942
28.4192096,0.06485385693,-0.03894340741,-0.06632480222,0.04127374392
28.46673337,0.06470018773,-0.03914148455,-0.06597950926,0.04121461711
28.51425713,0.06445814571,-0.03928035645,-0.0655440748,0.04109656971
28.56178089,0.06412480349,-0.0393575996,-0.06501570385,0.04091757246
28.60930465,0.06369723367,-0.03937079048,-0.06439160143,0.04067559608
28.65682841,0.06317250887,-0.0393175056,-0.06366897256,0.0403686113
28.70435218,0.0625477017,-0.03919532146,-0.06284502225,0.03999458884
28.75187594,0.06181988478,-0.03900181453,-0.06191695551,0.03955149944
28.7993997,0.06098613072,-0.03873456132,-0.06088197736,0.03903731383
28.84692346,0.06004351213,-0.03839113833,-0.05973729281,0.03845000273
28.89444722,0.05898910163,-0.03796912204,-0.05848010688,0.03778753687
28.94197099,0.05781997183,-0.03746608895,-0.05710762458,0.03704788698
28.98949475,0.05653319535,-0.03687961556,-0.05561705092,0.0362290238
29.03701851,0.05512584479,-0.03620727836,-0.05400559093,0.03532891803
29.08454227,0.05359499277,-0.03544665384,-0.0522704496,0.03434554043
29.13206603,0.05193771191,-0.0345953185,-0.05040883197,0.03327686171
29.17958979,0.05015107481,-0.03365084883,-0.04841794304,0.0321208526
29.22711356,0.0482321541,-0.03261082133,-0.04629498783,0.03087548383
29.27463732,0.04617802237,-0.03147281249,-0.04403717135,0.02953872613
29.32216108,0.04398575226,-0.03023439881,-0.04164169862,0.02810855023
29.36968484,0.04165241637,-0.02889315678,-0.03910577464,0.02658292685
29.4172086,0.03917508731,-0.02744666289,-0.03642660445,0.02495982673
29.46473237,0.03655083771,-0.02589249364,-0.03360139304,0.02323722059
29.51225613,0.03377674016,-0.02422822553,-0.03062734544,0.02141307917
29.55977989,0.03084986729,-0.02245143504,-0.02750166665,0.01948537318
29.60730365,0.02776729171,-0.02055969867,-0.0242215617,0.01745207336
29.65482741,0.02452608603,-0.01855059292,-0.0207842356,0.01531115044
29.70235118,0.02112332287,-0.01642169428,-0.01718689336,0.01306057515
29.74987494,0.01755607484,-0.01417057925,-0.01342674,0.0106983182
29.7973987,0.01382141454,-0.01179482431,-0.009500980528,0.008222350342
29.84492246,0.009916414611,-0.009292005969,-0.005406819961,0.005630642292
29.89244622,0.005838147646,-0.006659700715,-0.001141463315,0.002921164781
29.93996998,0.001583686264,-0.003895485042,0.003297884397,9.188853753e-05
29.98749375,-0.00284989692,-0.0009969354464,0.00791401816,-0.00285921571
30.03501751,-0.007355950478,0.001962432948,0.01259336418,-0.005857615203
30.08254127,-0.01165780084,0.004790963475,0.01704217223,-0.008710078115
30.13006503,-0.01574537348,0.00748144916,0.02125017879,-0.01140973483
30.17758879,-0.01962258216,0.01003636973,0.02522198414,-0.01395949142
30.22511256,-0.02329334063,0.0124582049,0.02896218853,-0.01636225396
30.27263632,-0.02676156263,0.01474943441,0.03247539226,-0.01862092852
30.32016008,-0.03003116193,0.01691253797,0.03576619557,-0.02073842117
30.36768384,-0.03310605227,0.01894999531,0.03883919876,-0.02271763798
30.4152076,-0.03599014741,0.02086428616,0.04169900208,-0.02456148502
30.46273137,-0.0386873611,0.02265789024,0.0443502058,-0.02627286836
30.51025513,-0.0412016071,0.02433328728,0.04679741021,-0.02785469408
30.55777889,-0.04353679915,0.02589295699,0.04904521557,-0.02930986825
30.60530265,-0.04569685102,0.02733937911,0.05109822216,-0.03064129693
30.65282641,-0.04768567644,0.02867503335,0.05296103023,-0.0318518862
30.70035018,-0.04950718918,0.02990239945,0.05463824007,-0.03294454213
30.74787394,-0.05116530298,0.03102395713,0.05613445195,-0.03392217079
30.7953977,-0.05266393161,0.03204218611,0.05745426613,-0.03478767826
30.84292146,-0.05400698881,0.03295956611,0.05860228289,-0.03554397059
30.89044522,-0.05519838834,0.03377857687,0.0595831025,-0.03619395388
30.93796898,-0.05624204394,0.0345016981,0.06040132523,-0.03674053417
30.98549275,-0.05714186938,0.03513140954,0.06106155135,-0.03718661756
31.03301651,-0.0579017784,0.0356701909,0.06156838113,-0.0375351101
31.08054027,-0.05852568476,0.03612052191,0.06192641485,-0.03778891787
31.12806403,-0.0590175022,0.03648488229,0.06214025277,-0.03795094695
31.17558779,-0.05938114449,0.03676575177,0.06221449517,-0.03802410339
31.22311156,-0.05962052538,0.03696561008,0.06215374231,-0.03801129328
31.27063532,-0.05973955861,0.03708693693,0.06196259447,-0.03791542269
31.31815908,-0.05974215795,0.03713221206,0.06164565192,-0.03773939768
31.36568284,-0.05963223714,0.03710391519,0.06120751494,-0.03748612433
31.4132066,-0.05941370993,0.03700452603,0.06065278378,-0.0371585087
31.46073037,-0.05909049008,0.03683652433,0.05998605873,-0.03675945688
31.50825413,-0.05866649135,0.03660238979,0.05921194005,-0.03629187492
31.55577789,-0.05814562748,0.03630460215,0.05833502801,-0.03575866891
31.60330165,-0.05753181223,0.03594564113,0.0573599229,-0.03516274491
31.65082541,-0.05682895935,0.03552798646,0.05629122497,-0.034507009
31.69834917,-0.05604098259,0.03505411785,0.05513353449,-0.03379436724
31.74587294,-0.0551717957,0.03452651504,0.05389145175,-0.03302772571
31.7933967,-0.05422531245,0.03394765775,0.05256957701,-0.03220999047
31.84092046,-0.05320544658,0.0333200257,0.05117251054,-0.03134406761
31.88844422,-0.05211611184,0.03264609862,0.04970485261,-0.03043286319
31.93596798,-0.05096122199,0.03192835623,0.0481712035,-0.02947928328
31.98349175,-0.04974469077,0.03116927826,0.04657616347,-0.02848623395
32.03101551,-0.04847043195,0.03037134443,0.0449243328,-0.02745662128
32.07853927,-0.04714235928,0.02953703447,0.04322031176,-0.02639335133
32.12606303,-0.0457643865,0.0286688281,0.04146870062,-0.02529933018
32.17358679,-0.04434042737,0.02776920504,0.03967409964,-0.0241774639
32.22111056,-0.04287439565,0.02684064502,0.03784110911,-0.02303065856
32.26863432,-0.04137020509,0.02588562777,0.03597432929,-0.02186182023
32.31615808,-0.03983176943,0.02490663301,0.03407836045,-0.02067385498
32.36368184,-0.03826300243,0.02390614046,0.03215780287,-0.01946966888
32.4112056,-0.03666781785,0.02288662985,0.03021725681,-0.01825216801
32.45872936,-0.03505012944,0.0218505809,0.02826132255,-0.01702425843
32.50625313,-0.03341385094,0.02080047334,0.02629460036,-0.01578884622
32.55377689,-0.03176289612,0.0197387869,0.02432169051,-0.01454883745
32.60130065,-0.03010117873,0.01866800128,0.02234719326,-0.01330713819
32.64882441,-0.02843261251,0.01759059624,0.0203757089,-0.01206665451
32.69634817,-0.02676111123,0.01650905147,0.0184118377,-0.01083029248
32.74387194,-0.02509058863,0.01542584672,0.01646017991,-0.009600958178
32.7913957,-0.02342495846,0.0143434617,0.01452533582,-0.008381557667
32.83891946,-0.02176813449,0.01326437614,0.0126119057,-0.007174997022
32.88644322,-0.02012403045,0.01219106977,0.01072448981,-0.005984182314
32.93396698,-0.01849656012,0.01112602231,0.008867688432,-0.004812019613
32.98149075,-0.01688963723,0.01007171347,0.007046101833,-0.003661414993
33.02901451,-0.01530717554,0.009030623001,0.005264330285,-0.002535274522
33.07653827,-0.0137530888,0.008005230611,0.003526974059,-0.001436504274
33.12406203,-0.01223129077,0.006998016029,0.001838633425,-0.000368010319
33.17158579,-0.0107456952,0.006011458978,0.0002039086556,0.0006673012718
33.21910955,-0.009300215841,0.005048039183,-0.001372599979,0.001666524427
33.26663332,-0.007898766446,0.00411023637,-0.002886292206,0.002626753075
33.31415708,-0.006545260768,0.003200530262,-0.004332567757,0.003545081145
33.36168084,-0.005243612561,0.002321400585,-0.005706826358,0.004418602566
33.4092046,-0.003997735576,0.001475327063,-0.00700446774,0.005244411266
33.45672836,-0.002811543566,0.0006647894198,-0.008220891631,0.006019601175
33.50425213,-0.001688950285,-0.0001077326191,-0.00935149776,0.00674126622
33.55177589,-0.0006338694852,-0.0008397593293,-0.01039168586,0.007406500331
33.59929965,0.000349785081,-0.001528810986,-0.01133685565,0.008012397436
33.64682341,0.001258099661,-0.002172407865,-0.01218240686,0.008556051465
33.69434717,0.002087160501,-0.002768070242,-0.01292373923,0.009034556345
33.74187094,0.002833053849,-0.003313318392,-0.01355625248,0.009445006006
33.7893947,0.003491865952,-0.00380567259,-0.01407534634,0.009784494377
33.83691846,0.004059683058,-0.004242653112,-0.01447642055,0.01005011539
33.88444222,0.004532591413,-0.004621780233,-0.01475487482,0.01023896296
33.93196598,0.004906677265,-0.004940574228,-0.01490610889,0.01034813103
33.97948974,0.00517802686,-0.005196555374,-0.01492552248,0.01037471353
34.02701351,0.005342726448,-0.005387243945,-0.01480851533,0.01031580438
34.07453727,0.005396862273,-0.005510160217,-0.01455048717,0.01016849751
34.12206103,0.005336520585,-0.005562824465,-0.01414683771,0.009929886851
34.16958479,0.005157787629,-0.005542756965,-0.0135929667,0.009597066332
34.21710855,0.004856749653,-0.005447477992,-0.01288427386,0.009167129882
34.26463232,0.004429492905,-0.005274507821,-0.01201615892,0.008637171428
34.31215608,0.003872103631,-0.005021366728,-0.01098402161,0.008004284901
34.35967984,0.00318066808,-0.004685574989,-0.009783261653,0.007265564228
34.4072036,0.002351272497,-0.004264652878,-0.008409278784,0.006418103338
34.45472736,0.001380003131,-0.003756120671,-0.00685747273,0.00545899616
34.50225113,0.0002629462282,-0.003157498644,-0.00512324322,0.004385336623
34.54977489,-0.001003811964,-0.002466307072,-0.003201989983,0.003194218656
34.59729865,-0.002424185198,-0.00168006623,-0.001089112747,0.001882736187
34.64482241,-0.004002087226,-0.0007962963933,0.001219988759,0.0004479831447
34.69234617,-0.005741431803,0.0001874821619,0.003729914805,-0.001112946542
34.73986993,-0.007646132679,0.001273749161,0.006445265663,-0.002802958943
34.7873937,-0.009720103609,0.002464984327,0.009370641604,-0.004624960132
34.83491746,-0.01196725834,0.003763667387,0.0125106429,-0.006581856178
34.88244122,-0.01439151064,0.005172278063,0.01586986982,-0.008676553153
34.92996498,-0.01699677424,0.006693296082,0.01945292264,-0.01091195713
34.97748874,-0.01978696291,0.008329201167,0.02326440162,-0.01329097418
35.02501251,-0.02272048226,0.01005564549,0.02723869683,-0.01577268152
35.07253627,-0.02555432668,0.01172941628,0.03100087327,-0.01812304102
35.12006003,-0.02825376259,0.01332988599,0.03449940973,-0.02030987856
35.16758379,-0.03082084862,0.01485810388,0.03773968435,-0.02233653777
35.21510755,-0.03325764337,0.01631511923,0.04072707529,-0.02420636227
35.26263132,-0.03556620549,0.01770198129,0.0434669607,-0.02592269566
35.31015508,-0.0377485936,0.01901973935,0.04596471873,-0.02748888157
35.35767884,-0.03980686632,0.02026944266,0.04822572753,-0.02890826361
35.4052026,-0.04174308227,0.0214521405,0.05025536524,-0.03018418541
35.45272636,-0.04355930009,0.02256888213,0.05205901002,-0.03131999058
35.50025013,-0.0452575784,0.02362071682,0.05364204001,-0.03231902274
35.54777389,-0.04683997582,0.02460869385,0.05500983337,-0.0331846255
35.59529765,-0.04830855098,0.02553386248,0.05616776825,-0.03392014249
35.64282141,-0.0496653625,0.02639727197,0.0571212228,-0.03452891732
35.69034517,-0.05091246901,0.02719997161,0.05787557516,-0.03501429361
35.73786893,-0.05205192913,0.02794301065,0.05843620348,-0.03537961497
35.7853927,-0.0530858015,0.02862743836,0.05880848592,-0.03562822503
35.83291646,-0.05401614473,0.02925430401,0.05899780063,-0.0357634674
35.88044022,-0.05484501745,0.02982465688,0.05900952575,-0.0357886857
35.92796398,-0.05557447829,0.03033954623,0.05884903944,-0.03570722355
35.97548774,-0.05620658586,0.03080002132,0.05852171985,-0.03552242457
36.02301151,-0.0567433988,0.03120713143,0.05803294511,-0.03523763237
36.07053527,-0.05718697574,0.03156192582,0.0573880934,-0.03485619056
36.11805903,-0.05753937529,0.03186545377,0.05659254284,-0.03438144278
36.16558279,-0.05780265608,0.03211876454,0.0556516716,-0.03381673264
36.21310655,-0.05797887674,0.0323229074,0.05457085783,-0.03316540374
36.26063032,-0.0580700959,0.03247893162,0.05335547967,-0.03243079972
36.30815408,-0.05807837217,0.03258788647,0.05201091527,-0.03161626419
36.35567784,-0.05800576418,0.03265082121,0.05054254279,-0.03072514077
36.4032016,-0.05785433056,0.03266878512,0.04895574037,-0.02976077307
36.45072536,-0.05762612994,0.03264282746,0.04725588616,-0.02872650472
36.49824912,-0.05732322093,0.0325739975,0.04544835832,-0.02762567932
36.54577289,-0.05694766217,0.03246334451,0.04353853499,-0.0264616405
36.59329665,-0.05650151228,0.03231191776,0.04153179433,-0.02523773188
36.64082041,-0.05598682988,0.03212076651,0.03943351447,-0.02395729707
36.68834417,-0.05540567361,0.03189094004,0.03724907358,-0.0226236797
36.73586793,-0.05476010208,0.03162348762,0.0349838498,-0.02124022337
36.7833917,-0.05405217392,0.0313194585,0.03264322129,-0.01981027171
36.83091546,-0.05328394775,0.03097990197,0.03023256618,-0.01833716833
36.87843922,-0.05245748221,0.03060586729,0.02775726264,-0.01682425686
36.92596298,-0.05157483592,0.03019840372,0.02522268881,-0.0152748809
36.97348674,-0.05063806749,0.02975856054,0.02263422284,-0.01369238408
37.02101051,-0.04964923556,0.02928738701,0.01999724288,-0.01208011002
37.06853427,-0.04861039876,0.02878593241,0.01731712709,-0.01044140233
37.11605803,-0.0475236157,0.028255246,0.0145992536,-0.008779604632
37.16358179,-0.04639094502,0.02769637705,0.01184900058,-0.007098060541
37.21110555,-0.04521444534,0.02711037483,0.009071746169,-0.005400113677
37.25862931,-0.04399617527,0.0264982886,0.006272868517,-0.003689107656
37.30615308,-0.04273819346,0.02586116764,0.003457745776,-0.001968386097
37.35367684,-0.04144255852,0.02520006122,0.0006317560947,-0.0002412926173
37.4012006,-0.04011132908,0.0245160186,-0.002199722376,0.001488829166
37.44872436,-0.03874656377,0.02381008904,-0.005031311487,0.003218635634
37.49624812,-0.03735032121,0.02308332183,-0.007857633087,0.00494478317
37.54377189,-0.03592466002,0.02233676623,-0.01067330903,0.006663928156
37.59129565,-0.03447163883,0.0215714715,-0.01347296116,0.008372726974
37.63881941,-0.03299331627,0.02078848691,-0.01625121133,0.01006783601
37.68634317,-0.03149175096,0.01998886174,-0.01900268139,0.01174591164
37.73386693,-0.02996900152,0.01917364526,-0.0217219932,0.01340361024
37.7813907,-0.02842712659,0.01834388672,-0.02440376859,0.01503758821
37.82891446,-0.02686818478,0.0175006354,-0.02704262943,0.01664450193
37.87643822,-0.02529423473,0.01664494057,-0.02963319755,0.01822100777
37.92396198,-0.02370733506,0.01577785149,-0.03217009482,0.01976376211
37.97148574,-0.02210954438,0.01490041744,-0.03464794308,0.02126942135
38.0190095,-0.02050292134,0.01401368768,-0.03706136419,0.02273464186
38.06653327,-0.01888952455,0.01311871148,-0.03940497998,0.02415608003
38.11405703,-0.01727141264,0.01221653812,-0.04167341232,0.02553039223
38.16158079,-0.01565064423,0.01130821685,-0.04386128304,0.02685423485
38.20910455,-0.01402927795,0.01039479694,-0.04596321402,0.02812426428
38.25662831,-0.01240937243,0.009477327677,-0.04797382708,0.02933713689
38.30415208,-0.01079298628,0.008556858314,-0.04988774409,0.03048950906
38.35167584,-0.009182178146,0.007634438122,-0.05169958689,0.03157803719
38.3991996,-0.007579006638,0.006711116371,-0.05340397733,0.03259937764
38.44672336,-0.005985530386,0.005787942329,-0.05499553726,0.03355018681
38.49424712,-0.004403808016,0.004865965265,-0.05646888854,0.03442712107
38.54177089,-0.002835898152,0.003946234447,-0.05781865302,0.03522683682
38.58929465,-0.001283859419,0.003029799143,-0.05903945253,0.03594599042
38.63681841,0.0002502495561,0.002117708623,-0.06012590894,0.03658123826
38.68434217,0.001764370149,0.001211012154,-0.0610726441,0.03712923673
38.73186593,0.003256443735,0.000310759005,-0.06187427985,0.03758664221
38.77938969,0.004724411687,-0.0005820015553,-0.06252543804,0.03795011107
38.82691346,0.006166215382,-0.001466220259,-0.06302074053,0.03821629971
38.87443722,0.007579796193,-0.002340847836,-0.06335480916,0.0383818645
38.92196098,0.008963095495,-0.00320483502,-0.06352226579,0.03844346183
38.96948474,0.01031405466,-0.004057132541,-0.06351773226,0.03839774808
39.0170085,0.01163061507,-0.004896691132,-0.06333583043,0.03824137962
39.06453227,0.0129107181,-0.005722461522,-0.06297118214,0.03797101285
39.11205603,0.01415230511,-0.006533394445,-0.06241840925,0.03758330415
39.15957979,0.01535331749,-0.007328440632,-0.0616721336,0.03707490989
39.20710355,0.01651169661,-0.008106550813,-0.06072697706,0.03644248646
39.25462731,0.01762538384,-0.008866675722,-0.05957756145,0.03568269025
39.30215108,0.01869232056,-0.009607766088,-0.05821850864,0.03479217763
39.34967484,0.01971044815,-0.01032877264,-0.05664444048,0.03376760498
39.3971986,0.02067770797,-0.01102864612,-0.05484997882,0.0326056287
39.44472236,0.02159204141,-0.01170633725,-0.0528297455,0.03130290515
39.49224612,0.02245138983,-0.01236079677,-0.05057836238,0.02985609073
39.53976988,0.02325369462,-0.01299097539,-0.0480904513,0.02826184182
39.58729365,0.02399689715,-0.01359582387,-0.04536063413,0.02651681479
39.63481741,0.02467893878,-0.01417429293,-0.0423835327,0.02461766604
39.68234117,0.02529776091,-0.01472533329,-0.03915376886,0.02256105193
39.72986493,0.02585130489,-0.0152478957,-0.03566596448,0.02034362886
39.77738869,0.02633751211,-0.01574093088,-0.03191474139,0.01796205321
39.82491246,0.02675432394,-0.01620338957,-0.02789472145,0.01541298136
39.87243622,0.02709968176,-0.01663422249,-0.02360052651,0.01269306969
39.91995998,0.02737152694,-0.01703238038,-0.01902677842,0.009798974589
39.96748374,0.02756780085,-0.01739681397,-0.01416809902,0.006727352431
40.0150075,0.02768647151,-0.0177251652,-0.009044524686,0.003491139921
40.06253127,0.02772698904,-0.01799829362,-0.004016236938,0.0003210911611
40.11005503,0.02769101821,-0.01821125696,0.0008009851478,-0.002708770281
40.15757879,0.02758040324,-0.01836544753,0.005410512932,-0.005600768337
40.20510255,0.02739698834,-0.01846225761,0.009815717772,-0.008357226935
40.25262631,0.02714261774,-0.01850307949,0.01401997103,-0.01098047001
40.30015008,0.02681913565,-0.01848930546,0.01802664406,-0.01347282148
40.34767384,0.02642838629,-0.01842232781,0.02183910822,-0.0158366053
40.3951976,0.02597221388,-0.01830353884,0.02546073488,-0.01807414537
40.44272136,0.02545246264,-0.01813433082,0.02889489539,-0.02018776565
40.49024512,0.0248709768,-0.01791609605,0.03214496111,-0.02217979004
40.53776888,0.02422960056,-0.01765022683,0.0352143034,-0.0240525425
40.58529265,0.02353017815,-0.01733811543,0.03810629362,-0.02580834694
40.63281641,0.02277455379,-0.01698115416,0.04082430312,-0.02744952731
40.68034017,0.02196457169,-0.01658073529,0.04337170327,-0.02897840751
40.72786393,0.02110207608,-0.01613825113,0.04575186543,-0.0303973115
40.77538769,0.02018891117,-0.01565509395,0.04796816095,-0.0317085632
40.82291146,0.01922692119,-0.01513265606,0.0500239612,-0.03291448654
40.87043522,0.01821795035,-0.01457232974,0.05192263753,-0.03401740545
40.91795898,0.01716384288,-0.01397550727,0.0536675613,-0.03501964385
40.96548274,0.01606644298,-0.01334358096,0.05526210387,-0.03592352569
41.0130065,0.01492759489,-0.01267794309,0.0567096366,-0.03673137489
41.06053027,0.01374914281,-0.01197998595,0.05801353084,-0.03744551539
41.10805403,0.01253293097,-0.01125110183,0.05917715797,-0.0380682711
41.15557779,0.01128080359,-0.01049268302,0.06020388933,-0.03860196597
41.20310155,0.009994604893,-0.009706121808,0.06109709629,-0.03904892393
41.25062531,0.008676179087,-0.008892810488,0.0618601502,-0.0394114689
41.29814907,0.007327370396,-0.008054141348,0.06249642242,-0.03969192481
41.34567284,0.00595002304,-0.007191506678,0.06300928432,-0.0398926156
41.3931966,0.004545981237,-0.006306298769,0.06340210724,-0.04001586519
41.44072036,0.003117089207,-0.005399909909,0.06367826256,-0.04006399752
41.48824412,0.001665191168,-0.00447373239,0.06384112163,-0.04003933652
41.53576788,0.0001921313412,-0.003529158501,0.0638940558,-0.03994420611
41.58329165,-0.001300246056,-0.002567580532,0.06384043645,-0.03978093023
41.63081541,-0.002810096804,-0.001590390774,0.06368363491,-0.03955183281
41.67833917,-0.004335576683,-0.000598981515,0.06342702257,-0.03925923778
41.72586293,-0.005874841475,0.0004052549536,0.06307397077,-0.03890546907
41.77338669,-0.00742604696,0.001420926342,0.06262785087,-0.03849285061
41.82091046,-0.00898734892,0.002446640361,0.06209203423,-0.03802370632
41.86843422,-0.01055690313,0.003481004719,0.06146989221,-0.03750036015
41.91595798,-0.01213286538,0.004522627128,0.06076479618,-0.03692513602
41.96348174,-0.01371339145,0.005570115296,0.05998011748,-0.03630035786
42.0110055,-0.01529663712,0.006622076935,0.05911922748,-0.03562834961
42.05852926,-0.01688075816,0.007677119754,0.05818549754,-0.03491143518
42.10605303,-0.01846391036,0.008733851463,0.05718229901,-0.03415193852
42.15357679,-0.0200442495,0.009790879772,0.05611300326,-0.03335218356
42.20110055,-0.02161993137,0.01084681239,0.05498098165,-0.03251449421
42.24862431,-0.02318911173,0.01190025703,0.05378960552,-0.03164119442
42.29614807,-0.02474994638,0.0129498214,0.05254224625,-0.03073460812
42.34367184,-0.02630059109,0.01399411321,0.05124227519,-0.02979705923
42.3911956,-0.02783920165,0.01503174017,0.0498930637,-0.02883087169
42.43871936,-0.02936393383,0.01606130999,0.04849798313,-0.02783836943
42.48624312,-0.03087294342,0.01708143038,0.04706040486,-0.02682187637
42.53376688,-0.03236438619,0.01809070905,0.04558370023,-0.02578371645
42.58129065,-0.03383641793,0.01908775371,0.04407124061,-0.0247262136
42.62881441,-0.03528719442,0.02007117207,0.04252639735,-0.02365169175
42.67633817,-0.03671487144,0.02103957184,0.04095254182,-0.02256247483
42.72386193,-0.03811760478,0.02199156074,0.03935304537,-0.02146088676
42.77138569,-0.0394935502,0.02292574646,0.03773127936,-0.02034925149
42.81890945,-0.04084086349,0.02384073672,0.03609061515,-0.01922989294
42.86643322,-0.04215770044,0.02473513923,0.0344344241,-0.01810513503
42.91395698,-0.04344221682,0.02560756171,0.03276607757,-0.01697730171
42.96148074,-0.04469256842,0.02645661185,0.03108894692,-0.0158487169
43.0090045,-0.04590691101,0.02728089738,0.0294064035,-0.01472170454
43.05652826,-0.04708340038,0.02807902599,0.02772181868,-0.01359858855
43.10405203,-0.0482201923,0.02884960541,0.02603856381,-0.01248169286
43.15157579,-0.04931544257,0.02959124333,0.02436001026,-0.0113733414
43.19909955,-0.05036730695,0.03030254748,0.02268952938,-0.01027585811
43.24662331,-0.05137394123,0.03098212556,0.02103049253,-0.009191566918
43.29414707,-0.05233350119,0.03162858528,0.01938627107,-0.008122791749
43.34167084,-0.05324414262,0.03224053434,0.01776023637,-0.007071856535
43.3891946,-0.05410402128,0.03281658047,0.01615575977,-0.006041085209
43.43671836,-0.05491129297,0.03335533137,0.01457621263,-0.005032801699
43.48424212,-0.05566411347,0.03385539475,0.01302496633,-0.004049329937
43.53176588,-0.05636063855,0.03431537833,0.01150539221,-0.003092993853
43.57928964,-0.05699902399,0.0347338898,0.01002086163,-0.002166117378
43.62681341,-0.05757742559,0.03510953688,0.008574745956,-0.001271024442
43.67433717,-0.0580939991,0.03544092728,0.007170416545,-0.0004100389749
43.72186093,-0.05854690033,0.03572666872,0.005811244756,0.0004145150917
43.76938469,-0.05893428505,0.03596536889,0.004500601947,0.001200313828
43.81690845,-0.05925430904,0.03615563552,0.003241859477,0.001945033303
43.86443222,-0.05950512808,0.03629607631,0.002038388705,0.002646349586
43.91195598,-0.05968489795,0.03638529896,0.0008935609908,0.003301938748
43.95947974,-0.05979177443,0.0364219112,-0.0001892523073,0.003909476857
44.0070035,-0.0598239133,0.03640452073,-0.00120667983,0.004466639982
44.05452726,-0.05977947036,0.03633173526,-0.002155350219,0.004971104195
44.10205103,-0.05965660136,0.0362021625,-0.003031892114,0.005420545563
44.14957479,-0.0594534621,0.03601441017,-0.003832934158,0.005812640157
44.19709855,-0.05916820836,0.03576708596,-0.00455510499,0.006145064045
44.24462231,-0.05879899592,0.03545879759,-0.005195033252,0.006415493298
44.29214607,-0.05834398055,0.03508815278,-0.005749347585,0.006621603986
44.33966983,-0.05780131805,0.03465375923,-0.00621467663,0.006761072176
44.3871936,-0.05716916419,0.03415422464,-0.006587649028,0.00683157394
44.43471736,-0.05644567474,0.03358815674,-0.00686489342,0.006830785346
44.48224112,-0.0556290055,0.03295416323,-0.007043038447,0.006756382464
44.52976488,-0.05471731224,0.03225085182,-0.00711871275,0.006606041364
44.57728864,-0.05370875075,0.03147683022,-0.00708854497,0.006377438114
44.62481241,-0.0526014768,0.03063070615,-0.006949163748,0.006068248785
44.67233617,-0.05139364617,0.0297110873,-0.006697197725,0.005676149447
44.71985993,-0.05008341466,0.0287165814,-0.006329275542,0.005198816167
44.76738369,-0.04866893803,0.02764579614,-0.00584202584,0.004633925017
44.81490745,-0.04714837206,0.02649733925,-0.00523207726,0.003979152065
44.86243122,-0.04551987255,0.02526981843,-0.004496058443,0.003232173381
44.90995498,-0.04378159527,0.02396184139,-0.003630598031,0.002390665035
44.95747874,-0.04193169599,0.02257201584,-0.002632324664,0.001452303096
45.0050025,-0.03996952358,0.02109988206,-0.001498611908,0.0004154277863
45.05252626,-0.03802119748,0.01964402362,-0.0003068453772,-0.000650556976
45.10005003,-0.03617110449,0.0182702495,0.0008888491441,-0.001697872956
45.14757379,-0.03441743747,0.01697696392,0.002087600682,-0.002726401024
45.19509755,-0.03275838926,0.01576257107,0.003288538264,-0.003736022052
45.24262131,-0.03119215271,0.01462547516,0.004490790917,-0.004726616911
45.29014507,-0.02971692068,0.01356408039,0.005693487665,-0.005698066474
45.33766883,-0.02833088602,0.01257679098,0.006895757537,-0.00665025161
45.3851926,-0.02703224158,0.01166201112,0.008096729559,-0.007583053192
45.43271636,-0.02581918021,0.01081814503,0.009295532757,-0.008496352091
45.48024012,-0.02468989475,0.0100435969,0.01049129616,-0.009390029178
45.52776388,-0.02364257808,0.009336770941,0.01168314879,-0.01026396532
45.57528764,-0.02267542303,0.008696071359,0.01287021967,-0.0111180414
45.62281141,-0.02178662245,0.008119902359,0.01405163784,-0.01195213828
45.67033517,-0.0209743692,0.007606668145,0.01522653232,-0.01276613684
45.71785893,-0.02023685613,0.007154772923,0.01639403213,-0.01355991794
45.76538269,-0.01957227609,0.006762620898,0.0175532663,-0.01433336245
45.81290645,-0.01897882192,0.006428616275,0.01870336386,-0.01508635126
45.86043022,-0.0184546865,0.006151163258,0.01984345384,-0.01581876522
45.90795398,-0.01799806265,0.005928666054,0.02097266526,-0.01653048521
45.95547774,-0.01760714324,0.005759528866,0.02209012714,-0.01722139211
46.0030015,-0.01728012112,0.005642155901,0.02319496852,-0.01789136678
46.05052526,-0.01701518913,0.005574951364,0.02428631842,-0.01854029009
46.09804902,-0.01681054013,0.005556319458,0.02536330587,-0.01916804292
46.14557279,-0.01666436698,0.005584664391,0.02642505989,-0.01977450614
46.19309655,-0.01657486251,0.005658390366,0.02747070952,-0.02035956062
46.24062031,-0.01654021959,0.005775901588,0.02849938376,-0.02092308723
46.28814407,-0.01655863106,0.005935602264,0.02951021167,-0.02146496684
46.33566783,-0.01662828978,0.006135896598,0.03050232225,-0.02198508032
46.3831916,-0.01674738859,0.006375188794,0.03147484454,-0.02248330855
46.43071536,-0.01691412035,0.006651883059,0.03242690756,-0.02295953239
46.47823912,-0.01712667791,0.006964383597,0.03335764034,-0.02341363272
46.52576288,-0.01738325412,0.007311094613,0.03426617191,-0.02384549041
46.57328664,-0.01768204184,0.007690420313,0.03515163129,-0.02425498633
46.62081041,-0.01802123391,0.008100764902,0.03601314751,-0.02464200135
46.66833417,-0.01839902318,0.008540532584,0.03684984959,-0.02500641634
46.71585793,-0.0188136025,0.009008127564,0.03766086657,-0.02534811218
46.76338169,-0.01926316474,0.009501954049,0.03844532746,-0.02566696973
46.81090545,-0.01974590273,0.01002041624,0.0392023613,-0.02596286987
46.85842921,-0.02026000934,0.01056191835,0.03993109711,-0.02623569347
46.90595298,-0.0208036774,0.01112486458,0.04063066392,-0.0264853214
46.95347674,-0.02137509978,0.01170765913,0.04130019075,-0.02671163453
47.0010005,-0.02197246932,0.01230870621,0.04193880664,-0.02691451373
47.04852426,-0.02259397888,0.01292641002,0.0425456406,-0.02709383988
47.09604802,-0.0232378213,0.01355917478,0.04311982167,-0.02724949384
47.14357179,-0.02390218944,0.01420540468,0.04366047886,-0.02738135649
47.19109555,-0.02458527615,0.01486350393,0.04416674122,-0.02748930869
47.23861931,-0.02528527428,0.01553187673,0.04463773776,-0.02757323133
47.28614307,-0.02600037668,0.01620892729,0.0450725975,-0.02763300526
47.33366683,-0.02672877621,0.01689305982,0.04547044949,-0.02766851137
47.3811906,-0.02746866571,0.01758267852,0.04583042274,-0.02767963052
47.42871436,-0.02821823803,0.01827618759,0.04615164627,-0.02766624359
47.47623812,-0.02897568604,0.01897199125,0.04643324913,-0.02762823144
47.52376188,-0.02973920257,0.01966849369,0.04667436032,-0.02756547495
47.57128564,-0.03050698048,0.02036409912,0.04687410889,-0.02747785499
47.6188094,-0.03127721262,0.02105721175,0.04703162385,-0.02736525243
47.66633317,-0.03204809184,0.02174623577,0.04714603423,-0.02722754814
47.71385693,-0.032817811,0.02242957541,0.04721646907,-0.027064623
47.76138069,-0.03358456294,0.02310563485,0.04724205737,-0.02687635787
47.80890445,-0.03434654052,0.02377281831,0.04722192818,-0.02666263363
47.85642821,-0.03510193659,0.02442952999,0.04715521052,-0.02642333114
47.90395198,-0.03584894399,0.0250741741,0.04704103341,-0.02615833128
47.95147574,-0.03658575559,0.02570515484,0.04687852588,-0.02586751492
47.9989995,-0.03731056422,0.02632087641,0.04666681697,-0.02555076294
48.04652326,-0.03802156275,0.02691974303,0.04640503568,-0.02520795619
48.09404702,-0.03871694402,0.02750015889,0.04609231106,-0.02483897556
48.14157079,-0.03939490089,0.02806052821,0.04572777212,-0.02444370192
48.18909455,-0.04005362621,0.02859925518,0.0453105479,-0.02402201613
48.23661831,-0.04069131282,0.02911474401,0.04483976742,-0.02357379908
48.28414207,-0.04130615359,0.02960539891,0.0443145597,-0.02309893162
48.33166583,-0.04189634135,0.03006962408,0.04373405378,-0.02259729463
48.37918959,-0.04246006897,0.03050582373,0.04309737868,-0.02206876899
48.42671336,-0.04299552928,0.03091240207,0.04240366342,-0.02151323556
48.47423712,-0.04350091516,0.03128776329,0.04165203704,-0.02093057521
48.52176088,-0.04397441944,0.0316303116,0.04084162856,-0.02032066882
48.56928464,-0.04441423498,0.03193845121,0.039971567,-0.01968339726
48.6168084,-0.04481855462,0.03221058632,0.03904098139,-0.0190186414
48.66433217,-0.04518557123,0.03244512114,0.03804900077,-0.01832628211
48.71185593,-0.04551347764,0.03264045988,0.03699475415,-0.01760620027
48.75937969,-0.04580046672,0.03279500673,0.03587737056,-0.01685827673
48.80690345,-0.04604473132,0.0329071659,0.03469597903,-0.01608239238
48.85442721,-0.04624446428,0.03297534161,0.03344970858,-0.01527842809
48.90195098,-0.04639785845,0.03299793804,0.03213768825,-0.01444626472
48.94947474,-0.04650310669,0.03297335942,0.03075904706,-0.01358578316
48.9969985,-0.04655840185,0.03290000994,0.02931291402,-0.01269686426
49.04452226,-0.04656193679,0.0327762938,0.02779841819,-0.01177938891
49.09204602,-0.04651190434,0.03260061523,0.02621468856,-0.01083323797
49.13956978,-0.04640649737,0.03237137841,0.02456085418,-0.009858292316
49.18709355,-0.04624390872,0.03208698755,0.02283604408,-0.008854432816
49.23461731,-0.04602233125,0.03174584686,0.02103938727,-0.007821540345
49.28214107,-0.0457399578,0.03134636055,0.01917001278,-0.006759495772
49.32966483,-0.04539498123,0.03088693281,0.01722704964,-0.005668179969
49.37718859,-0.0449855944,0.03036596787,0.01520962688,-0.004547473808
49.42471236,-0.04450999014,0.02978186991,0.01311687353,-0.00339725816
49.47223612,-0.04396636131,0.02913304314,0.0109479186,-0.002217413896
49.51975988,-0.04335290077,0.02841789177,0.008701891128,-0.001007821888
49.56728364,-0.04266780137,0.02763482001,0.00637792014,0.0002316369924
49.6148074,-0.04190925595,0.02678223206,0.003975134661,0.001501081875
49.66233117,-0.04107545737,0.02585853213,0.001492663717,0.002800631887
49.70985493,-0.04016459847,0.02486212441,-0.001070363664,0.004130406158
49.75737869,-0.03917487212,0.02379141312,-0.003714818456,0.005490523817
49.80490245,-0.03810447116,0.02264480246,-0.006441571634,0.006881103991
49.85242621,-0.03695158844,0.02142069663,-0.009251494169,0.008302265811
49.89994997,-0.03571441681,0.02011749985,-0.01214545704,0.009754128403
49.94747374,-0.03439114913,0.01873361631,-0.01512433121,0.0112368109
49.9949975,-0.03297997825,0.01726745022,-0.01818898766,0.01275043242
50.04252126,-0.03155136352,0.01578776163,-0.02121873461,0.0142359241
50.09004502,-0.03021085283,0.01439732262,-0.02403604645,0.01560690559
50.13756878,-0.02895777361,0.01309539382,-0.02664353935,0.01686494717
50.18509255,-0.0277904533,0.01188026182,-0.02904551831,0.01801244252
50.23261631,-0.02670721936,0.01075021324,-0.03124628837,0.01905178529
50.28014007,-0.02570639923,0.009703534672,-0.03325015453,0.01998536917
50.32766383,-0.02478632036,0.008738512732,-0.03506142183,0.02081558783
50.37518759,-0.0239453102,0.007853434024,-0.03668439528,0.02154483495
50.42271136,-0.0231816962,0.007046585155,-0.03812337991,0.0221755042
50.47023512,-0.0224938058,0.006316252733,-0.03938268073,0.02270998925
50.51775888,-0.02187996646,0.005660723364,-0.04046660277,0.02315068377
50.56528264,-0.02133850561,0.005078283654,-0.04137945104,0.02349998145
50.6128064,-0.02086775072,0.004567220211,-0.04212553057,0.02376027595
50.66033017,-0.02046602922,0.004125819641,-0.04270914638,0.02393396096
50.70785393,-0.02013166857,0.003752368552,-0.04313460349,0.02402343013
50.75537769,-0.01986299622,0.003445153549,-0.04340620692,0.02403107716
50.80290145,-0.01965833961,0.003202461241,-0.04352826169,0.0239592957
50.85042521,-0.01951602619,0.003022578233,-0.04350507282,0.02381047944
50.89794897,-0.0194343834,0.002903791132,-0.04334094534,0.02358702205
50.94547274,-0.01941173871,0.002844386545,-0.04304018426,0.0232913172
50.9929965,-0.01944641955,0.00284265108,-0.0426070946,0.02292575857
51.04052026,-0.01953675337,0.002896871342,-0.04204598139,0.02249273983
51.08804402,-0.01968106763,0.003005333939,-0.04136114965,0.02199465465
51.13556778,-0.01987768976,0.003166325477,-0.04055690439,0.02143389671
51.18309155,-0.02012494723,0.003378132563,-0.03963755064,0.02081285969
51.23061531,-0.02042116747,0.003639041804,-0.03860739342,0.02013393726
51.27813907,-0.02076467794,0.003947339807,-0.03747073775,0.01939952308
51.32566283,-0.02115380607,0.004301313178,-0.03623188865,0.01861201084
51.37318659,-0.02158687933,0.004699248525,-0.03489515114,0.01777379421
51.42071036,-0.02206222516,0.005139432454,-0.03346483024,0.01688726686
51.46823412,-0.02257817101,0.005620151572,-0.03194523098,0.01595482247
51.51575788,-0.02313304432,0.006139692485,-0.03034065837,0.01497885472
51.56328164,-0.02372517255,0.006696341802,-0.02865541744,0.01396175726
51.6108054,-0.02435288314,0.007288386127,-0.0268938132,0.01290592379
51.65832916,-0.02501450354,0.007914112068,-0.02506015068,0.01181374797
51.70585293,-0.02570836119,0.008571806233,-0.02315873489,0.01068762347
51.75337669,-0.02643278356,0.009259755227,-0.02119387087,0.009529943981
51.80090045,-0.02718609808,0.009976245658,-0.01916986362,0.008343103164
51.84842421,-0.0279666322,0.01071956413,-0.01709101817,0.007129494696
51.89594797,-0.02877271338,0.01148799726,-0.01496163955,0.005891512251
51.94347174,-0.02960266905,0.01227983164,-0.01278603277,0.004631549503
51.9909955,-0.03045482667,0.01309335388,-0.01056850284,0.003352000126
52.03851926,-0.03132751369,0.0139268506,-0.008313354808,0.002055257795
52.08604302,-0.03221905755,0.01477860839,-0.006024893675,0.0007437161827
52.13356678,-0.03312778571,0.01564691387,-0.003707424468,-0.0005802310362
52.18109055,-0.0340520256,0.01653005363,-0.001365252207,-0.001914190188
52.22861431,-0.03499010469,0.0174263143,0.0009973180862,-0.003255767598
52.27613807,-0.03594035041,0.01833398247,0.003375981392,-0.004602569594
52.32366183,-0.03690109022,0.01925134475,0.005766432689,-0.0059522025
52.37118559,-0.03787065156,0.02017668775,0.008164366956,-0.007302272643
52.41870935,-0.03884736188,0.02110829807,0.01056547917,-0.008650386348
52.46623312,-0.03982954863,0.02204446233,0.01296546432,-0.009994149943
52.51375688,-0.04081553927,0.02298346712,0.01536001737,-0.01133116975
52.56128064,-0.04180366122,0.02392359906,0.01774483331,-0.0126590521
52.6088044,-0.04279224195,0.02486314475,0.02011560712,-0.01397540332
52.65632816,-0.04377960891,0.0258003908,0.02246803377,-0.01527782973
52.70385193,-0.04476408954,0.02673362382,0.02479780824,-0.01656393766
52.75137569,-0.04574401128,0.02766113041,0.02710062552,-0.01783133343
52.79889945,-0.04671770159,0.02858119718,0.02937218058,-0.01907762337
52.84642321,-0.04768348792,0.02949211073,0.0316081684,-0.02030041381
52.89394697,-0.04863969771,0.03039215768,0.03380428397,-0.02149731108
52.94147074,-0.04958465842,0.03127962462,0.03595622225,-0.02266592149
52.9889945,-0.05051669748,0.03215279817,0.03805967823,-0.02380385137
53.03651826,-0.05143414236,0.03300996494,0.04011034689,-0.02490870706
53.08404202,-0.05233532049,0.03384941153,0.04210392321,-0.02597809488
53.13156578,-0.05321855932,0.03466942454,0.04403610216,-0.02700962114
53.17908954,-0.05408218631,0.03546829059,0.04590257873,-0.02800089219
53.22661331,-0.0549245289,0.03624429627,0.0476990479,-0.02894951434
53.27413707,-0.05574391454,0.03699572821,0.04942120463,-0.02985309392
53.32166083,-0.05653867067,0.037720873,0.05106474392,-0.03070923726
53.36918459,-0.05730712476,0.03841801724,0.05262536075,-0.03151555068
53.41670835,-0.05804760423,0.03908544756,0.05409875008,-0.03226964051
53.46423212,-0.05875843655,0.03972145055,0.05548060691,-0.03296911307
53.51175588,-0.05943794916,0.04032431282,0.0567666262,-0.0336115747
53.55927964,-0.06008446951,0.04089232098,0.05795250294,-0.03419463171
53.6068034,-0.06069632505,0.04142376164,0.05903393211,-0.03471589043
53.65432716,-0.06127184322,0.0419169214,0.06000660869,-0.03517295719
53.70185093,-0.06180935147,0.04237008686,0.06086622765,-0.03556343832
53.74937469,-0.06230717726,0.04278154464,0.06160848398,-0.03588494014
53.79689845,-0.06276364803,0.04314958134,0.06222907265,-0.03613506898
53.84442221,-0.06317709122,0.04347248357,0.06272368865,-0.03631143115
53.89194597,-0.06354583429,0.04374853794,0.06308802695,-0.036411633
53.93946973,-0.06386820469,0.04397603105,0.06331778253,-0.03643328084
53.9869935,-0.06414252986,0.04415324951,0.06340865037,-0.036373981
54.03451726,-0.06436713724,0.04427847992,0.06335632545,-0.03623133981
54.08204102,-0.0645403543,0.0443500089,0.06315650275,-0.03600296359
54.12956478,-0.06466050848,0.04436612305,0.06280487725,-0.03568645867
54.17708854,-0.06472592722,0.04432510897,0.06229714392,-0.03527943138
54.22461231,-0.06473493797,0.04422525328,0.06162899775,-0.03477948803
54.27213607,-0.06468586819,0.04406484257,0.06079613372,-0.03418423496
54.31965983,-0.06457704532,0.04384216346,0.0597942468,-0.0334912785
54.36718359,-0.0644067968,0.04355550256,0.05861903198,-0.03269822496
54.41470735,-0.0641734501,0.04320314647,0.05726618423,-0.03180268068
54.46223112,-0.06387533264,0.04278338179,0.05573139853,-0.03080225198
54.50975488,-0.06351077189,0.04229449514,0.05401036986,-0.02969454518
54.55727864,-0.0630780953,0.04173477312,0.0520987932,-0.02847716662
54.6048024,-0.0625756303,0.04110250233,0.04999236353,-0.02714772262
54.65232616,-0.06200170434,0.0403959694,0.04768677584,-0.0257038195
54.69984992,-0.06135464489,0.03961346091,0.04517772508,-0.02414306359
54.74737369,-0.06063277938,0.03875326348,0.04246090626,-0.02246306122
54.79489745,-0.05983443526,0.03781366371,0.03953201434,-0.02066141871
54.84242121,-0.05895793998,0.03679294822,0.03638674431,-0.01873574239
54.88994497,-0.05800162099,0.0356894036,0.03302079114,-0.01668363859
54.93746873,-0.05696380574,0.03450131647,0.02942984981,-0.01450271362
54.9849925,-0.05584282167,0.03322697343,0.02560961531,-0.01219057382
55.03251626,-0.05467185037,0.03190209617,0.0216413796,-0.009796209873
55.08004002,-0.05355607517,0.03063968799,0.01778388249,-0.007474967397
55.12756378,-0.05250172879,0.0294464183,0.01405352579,-0.005236533676
55.17508754,-0.05150762755,0.0283209891,0.01044851943,-0.003079669399
55.22261131,-0.05057258774,0.02726210237,0.006967073336,-0.001003135253
55.27013507,-0.04969542566,0.02626846009,0.003607397434,0.0009943080715
55.31765883,-0.04887495762,0.02533876424,0.0003677016496,0.002913899888
55.36518259,-0.04810999992,0.02447171681,-0.002753804089,0.004756879507
55.41270635,-0.04739936887,0.02366601979,-0.005758909855,0.006524486242
55.46023012,-0.04674188075,0.02292037515,-0.008649405723,0.008217959403
55.50775388,-0.04613635189,0.02223348488,-0.01142708176,0.009838538302
55.55527764,-0.04558159858,0.02160405097,-0.01409372805,0.01138746225
55.6028014,-0.04507643711,0.02103077541,-0.01665113466,0.01286597056
55.65032516,-0.04461968381,0.02051236016,-0.01910109166,0.01427530255
55.69784892,-0.04421015496,0.02004750723,-0.02144538913,0.01561669752
55.74537269,-0.04384666687,0.01963491859,-0.02368581714,0.01689139479
55.79289645,-0.04352803585,0.01927329623,-0.02582416576,0.01810063366
55.84042021,-0.04325307819,0.01896134213,-0.02786222507,0.01924565346
55.88794397,-0.0430206102,0.01869775828,-0.02980178513,0.02032769349
55.93546773,-0.04282944818,0.01848124665,-0.03164463603,0.02134799306
55.9829915,-0.04267840844,0.01831050924,-0.03339256784,0.02230779149
56.03051526,-0.04256630727,0.01818424804,-0.03504737062,0.02320832808
56.07803902,-0.04249196097,0.01810116501,-0.03661083445,0.02405084216
56.12556278,-0.04245418586,0.01805996215,-0.03808474941,0.02483657302
56.17308654,-0.04245179824,0.01805934145,-0.03947090557,0.02556675999
56.22061031,-0.0424836144,0.01809800488,-0.040771093,0.02624264237
56.26813407,-0.04254845065,0.01817465443,-0.04198710177,0.02686545948
56.31565783,-0.04264512329,0.01828799208,-0.04312072196,0.02743645063
56.36318159,-0.04277244862,0.01843671983,-0.04417374364,0.02795685512
56.41070535,-0.04292924295,0.01861953965,-0.04514795688,0.02842791228
56.45822911,-0.04311432258,0.01883515352,-0.04604515176,0.02885086141
56.50575288,-0.04332650381,0.01908226344,-0.04686711835,0.02922694183
56.55327664,-0.04356460295,0.01935957138,-0.04761564673,0.02955739284
56.6008004,-0.04382743629,0.01966577934,-0.04829252696,0.02984345376
56.64832416,-0.04411382014,0.01999958928,-0.04889954912,0.0300863639
56.69584792,-0.0444225708,0.02035970321,-0.04943850328,0.03028736257
56.74337169,-0.04475250458,0.0207448231,-0.04991117952,0.03044768908
56.79089545,-0.04510243778,0.02115365094,-0.0503193679,0.03056858275
56.83841921,-0.04547118669,0.02158488871,-0.05066485851,0.03065128288
56.88594297,-0.04585756763,0.02203723839,-0.05094944142,0.0306970288
56.93346673,-0.0462603969,0.02250940198,-0.05117490669,0.0307070598
56.9809905,-0.04667849079,0.02300008145,-0.0513430444,0.03068261521
57.02851426,-0.04711066561,0.02350797879,-0.05145564463,0.03062493433
57.07603802,-0.04755573766,0.02403179598,-0.05151449744,0.03053525648
57.12356178,-0.04801252325,0.02457023501,-0.05152139292,0.03041482096
57.17108554,-0.04847983867,0.02512199786,-0.05147812113,0.03026486709
57.2186093,-0.04895650024,0.02568578652,-0.05138647215,0.03008663418
57.26613307,-0.04944132425,0.02626030296,-0.05124823604,0.02988136155
57.31365683,-0.049933127,0.02684424919,-0.05106520289,0.0296502885
57.36118059,-0.05043072481,0.02743632717,-0.05083916277,0.02939465434
57.40870435,-0.05093293396,0.02803523889,-0.05057190575,0.02911569839
57.45622811,-0.05143857076,0.02863968634,-0.0502652219,0.02881465996
57.50375188,-0.05194645153,0.0292483715,-0.04992090129,0.02849277836
57.55127564,-0.05245539255,0.02985999636,-0.04954073401,0.02815129291
57.5987994,-0.05296421013,0.03047326289,-0.04912651011,0.02779144291
57.64632316,-0.05347172057,0.03108687309,-0.04868001969,0.02741446767
57.69384692,-0.05397674018,0.03169952894,-0.0482030528,0.02702160652
57.74137069,-0.05447808526,0.03230993243,-0.04769739952,0.02661409875
57.78889445,-0.05497457212,0.03291678552,-0.04716484993,0.02619318369
57.83641821,-0.05546501704,0.03351879023,-0.04660719409,0.02576010063
57.88394197,-0.05594823634,0.03411464851,-0.04602622209,0.0253160889
57.93146573,-0.05642304632,0.03470306237,-0.04542372399,0.02486238781
57.97898949,-0.05688826328,0.03528273378,-0.04480148986,0.02440023667
58.02651326,-0.05734270353,0.03585236473,-0.04416130979,0.02393087479
58.07403702,-0.05778518336,0.0364106572,-0.04350497384,0.02345554148
58.12156078,-0.05821451908,0.03695631318,-0.04283427209,0.02297547605
58.16908454,-0.058629527,0.03748803464,-0.04215099461,0.02249191782
58.2166083,-0.0590290234,0.03800452359,-0.04145693147,0.02200610609
58.26413207,-0.05941182461,0.03850448199,-0.04075387275,0.02151928018
58.31165583,-0.05977674691,0.03898661184,-0.04004360852,0.02103267941
58.35917959,-0.06012260662,0.03944961512,-0.03932792885,0.02054754307
58.40670335,-0.06044822003,0.03989219381,-0.03860862381,0.02006511049
58.45422711,-0.06075240345,0.04031304989,-0.03788748348,0.01958662098
58.50175088,-0.06103397318,0.04071088536,-0.03716629794,0.01911331384
58.54927464,-0.06129174552,0.04108440219,-0.03644685725,0.01864642839
58.5967984,-0.06152453677,0.04143230237,-0.03573095149,0.01818720394
58.64432216,-0.06173116324,0.04175328789,-0.03502037073,0.01773687981
58.69184592,-0.06191044124,0.04204606072,-0.03431690504,0.01729669529
58.73936968,-0.06206118705,0.04230932286,-0.03362234451,0.01686788972
58.78689345,-0.06218221699,0.04254177628,-0.03293847919,0.01645170239
58.83441721,-0.06227234736,0.04274212298,-0.03226709917,0.01604937262
58.88194097,-0.06233039446,0.04290906492,-0.03160999451,0.01566213972
58.92946473,-0.0623551746,0.04304130411,-0.03096895529,0.01529124301
58.97698849,-0.06234550406,0.04313754252,-0.03034577159,0.01493792179
59.02451226,-0.06230019917,0.04319648214,-0.02974223347,0.01460341538
59.07203602,-0.06221807622,0.04321682496,-0.02916013102,0.01428896308
59.11955978,-0.06209795151,0.04319727295,-0.02860125429,0.01399580421
59.16708354,-0.06193864134,0.04313652809,-0.02806739338,0.01372517809
59.2146073,-0.06173896203,0.04303329239,-0.02756033834,0.01347832402
59.26213107,-0.06149772986,0.04288626781,-0.02708187925,0.01325648131
59.30965483,-0.06121376115,0.04269415635,-0.02663380619,0.01306088928
59.35717859,-0.0608858722,0.04245565999,-0.02621790922,0.01289278724
59.40470235,-0.0605128793,0.0421694807,-0.02583597843,0.0127534145
59.45222611,-0.06009359876,0.04183432049,-0.02548980389,0.01264401037
59.49974987,-0.05962684689,0.04144888132,-0.02518117566,0.01256581417
59.54727364,-0.05911143999,0.04101186519,-0.02491188382,0.0125200652
59.5947974,-0.05854619435,0.04052197408,-0.02468371845,0.01250800277
59.64232116,-0.05792992629,0.03997790997,-0.02449846961,0.01253086621
59.68984492,-0.0572614521,0.03937837485,-0.02435792738,0.01258989481
59.73736868,-0.05653958809,0.0387220707,-0.02426388184,0.0126863279
59.78489245,-0.05576315055,0.03800769951,-0.02421812305,0.01282140478
59.83241621,-0.0549309558,0.03723396326,-0.0242224411,0.01299636477
59.87993997,-0.05404182014,0.03639956393,-0.02427862605,0.01321244718
59.92746373,-0.05309455985,0.03550320351,-0.02438846797,0.01347089131
59.97498749,-0.05208799126,0.03454358399,-0.02455375694,0.01377293649
60.02251126,-0.05103416538,0.03353148777,-0.02476857916,0.01411276537
60.07003502,-0.05002036033,0.03254655406,-0.02498275281,0.01444418784
60.11755878,-0.04906190827,0.03160306275,-0.02518719312,0.01475894589
60.16508254,-0.04815781073,0.03070041171,-0.02538226024,0.01505745544
60.2126063,-0.04730706925,0.02983799884,-0.02556831433,0.01534013239
60.26013007,-0.04650868537,0.02901522204,-0.02574571554,0.01560739263
60.30765383,-0.04576166063,0.02823147919,-0.02591482405,0.01585965207
60.35517759,-0.04506499657,0.0274861682,-0.026076,0.01609732662
60.40270135,-0.04441769472,0.02677868695,-0.02622960355,0.01632083216
60.45022511,-0.04381875663,0.02610843333,-0.02637599487,0.01653058462
60.49774887,-0.04326718383,0.02547480524,-0.0265155341,0.01672699988
60.54527264,-0.04276197787,0.02487720057,-0.02664858142,0.01691049386
60.5927964,-0.04230214029,0.02431501722,-0.02677549698,0.01708148244
60.64032016,-0.04188667261,0.02378765307,-0.02689664093,0.01724038154
60.68784392,-0.04151457639,0.02329450603,-0.02701237344,0.01738760706
60.73536768,-0.04118485316,0.02283497397,-0.02712305466,0.0175235749
60.78289145,-0.04089650447,0.0224084548,-0.02722904476,0.01764870096
60.83041521,-0.04064853184,0.0220143464,-0.02733070388,0.01776340114
60.87793897,-0.04043993682,0.02165204668,-0.0274283922,0.01786809134
60.92546273,-0.04026972095,0.02132095352,-0.02752246986,0.01796318748
60.97298649,-0.04013688577,0.02102046481,-0.02761329703,0.01804910544
61.02051026,-0.04004043281,0.02074997845,-0.02770123387,0.01812626114
61.06803402,-0.03997936363,0.02050889233,-0.02778664053,0.01819507047
61.11555778,-0.03995267974,0.02029660435,-0.02786987718,0.01825594933
61.16308154,-0.03995938271,0.02011251239,-0.02795130396,0.01830931363
61.2106053,-0.03999847405,0.01995601435,-0.02803128105,0.01835557928
61.25812906,-0.04006895532,0.01982650812,-0.02811016859,0.01839516216
61.30565283,-0.04016982805,0.0197233916,-0.02818832675,0.01842847819
61.35317659,-0.04030009379,0.01964606267,-0.02826611569,0.01845594327
61.40070035,-0.04045875406,0.01959391923,-0.02834389556,0.01847797329
61.44822411,-0.04064481042,0.01956635918,-0.02842202653,0.01849498417
61.49574787,-0.0408572644,0.0195627804,-0.02850086874,0.0185073918
61.54327164,-0.04109511753,0.01958258078,-0.02858078237,0.01851561208
61.5907954,-0.04135737136,0.01962515823,-0.02866212756,0.01852006092
61.63831916,-0.04164302743,0.01968991063,-0.02874526448,0.01852115422
61.68584292,-0.04195108728,0.01977623588,-0.02883055329,0.01851930788
61.73336668,-0.04228055244,0.01988353186,-0.02891835414,0.0185149378
61.78089045,-0.04263042446,0.02001119648,-0.02900902719,0.01850845989
61.82841421,-0.04299970487,0.02015862762,-0.02910293261,0.01850029005
61.87593797,-0.04338739521,0.02032522317,-0.02920043054,0.01849084418
61.92346173,-0.04379249703,0.02051038104,-0.02930188116,0.01848053817
61.97098549,-0.04421401186,0.02071349911,-0.02940764461,0.01846978795
62.01850925,-0.04465094124,0.02093397527,-0.02951808106,0.0184590094
62.06603302,-0.04510228671,0.02117120742,-0.02963355066,0.01844861842
62.11355678,-0.04556704982,0.02142459345,-0.02975441357,0.01843903093
62.16108054,-0.04604423209,0.02169353125,-0.02988102996,0.01843066282
62.2086043,-0.04653283506,0.02197741872,-0.03001375998,0.01842393
62.25612806,-0.04703186029,0.02227565375,-0.03015296378,0.01841924836
62.30365183,-0.0475403093,0.02258763422,-0.03029900153,0.01841703381
62.35117559,-0.04805718364,0.02291275804,-0.03045223339,0.01841770225
62.39869935,-0.04858148484,0.0232504231,-0.03061301952,0.01842166958
62.44622311,-0.04911221445,0.02360002729,-0.03078172006,0.01842935171
62.49374687,-0.049648374,0.02396096849,-0.03095869519,0.01844116454
62.54127064,-0.05018896504,0.02433264462,-0.03114430506,0.01845752396
62.5887944,-0.0507329891,0.02471445355,-0.03133890982,0.01847884589
62.63631816,-0.05127944771,0.02510579317,-0.03154286965,0.01850554622
62.68384192,-0.05182734243,0.0255060614,-0.03175654469,0.01853804086
62.73136568,-0.05237567479,0.0259146561,-0.0319802951,0.0185767457
62.77888944,-0.05292344633,0.02633097519,-0.03221448105,0.01862207666
62.82641321,-0.05346965859,0.02675441654,-0.03245946269,0.01867444962
62.87393697,-0.0540133131,0.02718437806,-0.03271560018,0.0187342805
62.92146073,-0.05455341141,0.02762025763,-0.03298325367,0.0188019852
62.96898449,-0.05508895506,0.02806145316,-0.03326278334,0.01887797962
63.01650825,-0.05561894558,0.02850736252,-0.03355454933,0.01896267965
63.06403202,-0.05614238451,0.02895738362,-0.03385891181,0.01905650121
63.11155578,-0.05665827341,0.02941091435,-0.03417623093,0.01915986019
63.15907954,-0.05716561379,0.02986735259,-0.03450686685,0.0192731725
63.2066033,-0.0576634072,0.03032609625,-0.03485117973,0.01939685404
63.25412706,-0.05815065519,0.03078654321,-0.03520952973,0.01953132071
63.30165083,-0.05862635929,0.03124809137,-0.03558227701,0.01967698842
63.34917459,-0.05908952104,0.03171013862,-0.03596978172,0.01983427306
63.39669835,-0.05953914198,0.03217208285,-0.03637240403,0.02000359053
63.44422211,-0.05997422364,0.03263332196,-0.03679050409,0.02018535675
63.49174587,-0.06039376757,0.03309325384,-0.03722444206,0.02037998761
63.53926963,-0.06079677532,0.03355127638,-0.03767457811,0.02058789901
63.5867934,-0.0611822484,0.03400678747,-0.03814127238,0.02080950685
63.63431716,-0.06154918837,0.03445918501,-0.03862488504,0.02104522705
63.68184092,-0.06189659677,0.03490786688,-0.03912577625,0.0212954755
63.72936468,-0.06222347513,0.03535223099,-0.03964430616,0.02156066809
63.77688844,-0.062528825,0.03579167523,-0.04018083493,0.02184122075
63.82441221,-0.0628116479,0.03622559748,-0.04073572273,0.02213754935
63.87193597,-0.06307094539,0.03665339564,-0.04130932971,0.02245006982
63.91945973,-0.063305719,0.03707446761,-0.04190201602,0.02277919805
63.96698349,-0.06351497027,0.03748821127,-0.04251414184,0.02312534994
64.01450725,-0.06369770074,0.03789402451,-0.04314606731,0.0234889414
64.06203102,-0.06385291194,0.03829130524,-0.04379815259,0.02387038832
64.10955478,-0.06397960543,0.03867945134,-0.04447075785,0.02427010661
64.15707854,-0.06407678273,0.03905786071,-0.04516424324,0.02468851218
64.2046023,-0.06414344539,0.03942593124,-0.04587896892,0.02512602091
64.25212606,-0.06417859495,0.03978306082,-0.04661529505,0.02558304873
64.29964982,-0.06418123293,0.04012864734,-0.04737358178,0.02606001152
64.34717359,-0.0641503609,0.0404620887,-0.04815418929,0.02655732519
64.39469735,-0.06408498037,0.04078278279,-0.04895747772,0.02707540564
64.44222111,-0.0639840929,0.0410901275,-0.04978380723,0.02761466877
64.48974487,-0.06384670002,0.04138352073,-0.05063353798,0.0281755305
64.53726863,-0.06367180328,0.04166236037,-0.05150703014,0.02875840671
64.5847924,-0.0634584042,0.0419260443,-0.05240464385,0.02936371331
64.63231616,-0.06320550433,0.04217397043,-0.05332673928,0.0299918662
64.67983992,-0.06291210521,0.04240553665,-0.05427367659,0.03064328129
64.72736368,-0.06257720838,0.04262014084,-0.05524581593,0.03131837447
64.77488744,-0.06219981538,0.0428171809,-0.05624351747,0.03201756166
64.82241121,-0.06177892774,0.04299605473,-0.05726714135,0.03274125874
64.86993497,-0.06131354701,0.04315616022,-0.05831704775,0.03348988163
64.91745873,-0.06080267472,0.04329689525,-0.05939359682,0.03426384622
64.96498249,-0.06024531242,0.04341765773,-0.06049714872,0.03506356842
65.01250625,-0.05964318351,0.04351748255,-0.06162348506,0.03588618939
65.06003002,-0.05904995512,0.04358887991,-0.06268171114,0.03666676499
65.10755378,-0.05848637619,0.04362972437,-0.06363799819,0.03738094603
65.15507754,-0.05795189676,0.04364086789,-0.06449458297,0.03803014775
65.2026013,-0.0574459669,0.04362316247,-0.06525370227,0.03861578535
65.25012506,-0.05696803664,0.04357746009,-0.06591759286,0.03913927407
65.29764882,-0.05651755604,0.04350461273,-0.06648849151,0.03960202911
65.34517259,-0.05609397515,0.04340547237,-0.06696863502,0.0400054657
65.39269635,-0.05569674401,0.04328089101,-0.06736026014,0.04035099906
65.44022011,-0.05532531269,0.04313172061,-0.06766560367,0.0406400444
65.48774387,-0.05497913122,0.04295881318,-0.06788690237,0.04087401694
65.53526763,-0.05465764966,0.04276302068,-0.06802639303,0.04105433191
65.5827914,-0.05436031806,0.0425451951,-0.06808631242,0.04118240452
65.63031516,-0.05408658647,0.04230618844,-0.06806889731,0.04125964999
65.67783892,-0.05383590494,0.04204685266,-0.06797638449,0.04128748354
65.72536268,-0.05360772351,0.04176803976,-0.06781101073,0.04126732039
65.77288644,-0.05340149225,0.04147060171,-0.06757501281,0.04120057576
65.82041021,-0.05321666119,0.04115539051,-0.0672706275,0.04108866486
65.86793397,-0.0530526804,0.04082325813,-0.06690009159,0.04093300293
65.91545773,-0.05290899991,0.04047505656,-0.06646564184,0.04073500516
65.96298149,-0.05278506978,0.04011163778,-0.06596951504,0.04049608679
66.01050525,-0.05268034006,0.03973385377,-0.06541394797,0.04021766304
66.05802901,-0.0525942608,0.03934255653,-0.0648011774,0.03990114911
66.10555278,-0.05252628205,0.03893859802,-0.0641334401,0.03954796024
66.15307654,-0.05247585386,0.03852283025,-0.06341297285,0.03915951164
66.2006003,-0.05244242628,0.03809610518,-0.06264201244,0.03873721852
66.24812406,-0.05242544936,0.03765927481,-0.06182279564,0.03828249612
66.29564782,-0.05242437315,0.03721319111,-0.06095755922,0.03779675964
66.34317159,-0.0524386477,0.03675870607,-0.06004853996,0.03728142431
66.39069535,-0.05246772306,0.03629667168,-0.05909797464,0.03673790534
66.43821911,-0.05251104928,0.03582793991,-0.05810810004,0.03616761796
66.48574287,-0.05256807642,0.03535336276,-0.05708115293,0.03557197738
66.53326663,-0.05263825451,0.0348737922,-0.05601937009,0.03495239882
66.5807904,-0.05272103361,0.03439008021,-0.0549249883,0.0343102975
66.62831416,-0.05281586377,0.03390307879,-0.05380024433,0.03364708865
66.67583792,-0.05292219504,0.03341363992,-0.05264737496,0.03296418747
66.72336168,-0.05303947748,0.03292261557,-0.05146861697,0.03226300919
66.77088544,-0.05316716112,0.03243085774,-0.05026620714,0.03154496903
66.8184092,-0.05330469603,0.0319392184,-0.04904238223,0.0308114822
66.86593297,-0.05345153224,0.03144854954,-0.04779937904,0.03006396393
66.91345673,-0.05360711982,0.03095970314,-0.04653943433,0.02930382944
66.96098049,-0.05377090881,0.03047353119,-0.04526478488,0.02853249394
67.00850425,-0.05394234926,0.02999088567,-0.04397766747,0.02775137265
67.05602801,-0.05412089122,0.02951261857,-0.04268031888,0.02696188079
67.10355178,-0.05430598475,0.02903958186,-0.04137497588,0.02616543358
67.15107554,-0.05449707988,0.02857262753,-0.04006387525,0.02536344624
67.1985993,-0.05469362668,0.02811260757,-0.03874925377,0.02455733399
67.24612306,-0.05489507519,0.02766037395,-0.03743334822,0.02374851204
67.29364682,-0.05510087546,0.02721677867,-0.03611839536,0.02293839563
67.34117059,-0.05531047754,0.0267826737,-0.03480663198,0.02212839996
67.38869435,-0.05552333149,0.02635891103,-0.03350029486,0.02131994025
67.43621811,-0.05573888734,0.02594634264,-0.03220162077,0.02051443172
67.48374187,-0.05595659516,0.02554582052,-0.03091284649,0.0197132896
67.53126563,-0.05617590499,0.02515819665,-0.0296362088,0.0189179291
67.57878939,-0.05639626689,0.02478432301,-0.02837394447,0.01812976544
67.62631316,-0.05661713089,0.02442505158,-0.02712829027,0.01735021384
67.67383692,-0.05683794706,0.02408123436,-0.025901483,0.01658068952
67.72136068,-0.05705816544,0.02375372332,-0.02469575942,0.01582260769
67.76888444,-0.05727723609,0.02344337045,-0.02351335631,0.01507738358
67.8164082,-0.05749460905,0.02315102772,-0.02235651045,0.01434643241
67.86393197,-0.05770973437,0.02287754714,-0.02122745861,0.01363116939
67.91145573,-0.0579220621,0.02262378067,-0.02012843758,0.01293300975
67.95897949,-0.0581310423,0.0223905803,-0.01906168412,0.01225336869
68.00650325,-0.05833612501,0.02217879801,-0.01802943502,0.01159366145
68.05402701,-0.05853676028,0.0219892858,-0.01703392705,0.01095530324
68.10155078,-0.05873239817,0.02182289563,-0.01607739699,0.01033970928
68.14907454,-0.05892248872,0.02168047951,-0.01516208162,0.009748294788
68.1965983,-0.05910648198,0.0215628894,-0.01429021771,0.009182474983
68.24412206,-0.05928382801,0.02147097729,-0.01346404205,0.008643665084
68.29164582,-0.05945397685,0.02140559517,-0.0126857914,0.00813328031
68.33916958,-0.05961637856,0.02136759502,-0.01195770254,0.007652735881
68.38669335,-0.05977048318,0.02135782883,-0.01128201226,0.007203447016
68.43421711,-0.05991574076,0.02137714857,-0.01066095732,0.006786828933
68.48174087,-0.06005160136,0.02142640623,-0.01009677451,0.006404296852
68.52926463,-0.06017751502,0.02150645379,-0.009591700603,0.006057265991
68.57678839,-0.0602929318,0.02161814325,-0.009147972375,0.00574715157
68.62431216,-0.06039730174,0.02176232657,-0.008767826602,0.005475368807
68.67183592,-0.06049007489,0.02193985575,-0.008453500063,0.005243332922
68.71935968,-0.06057070131,0.02215158277,-0.008207229534,0.005052459133
68.76688344,-0.06063863105,0.0223983596,-0.008031251792,0.00490416266
68.8144072,-0.06069331415,0.02268103825,-0.007927803614,0.004799858722
68.86193097,-0.06073420066,0.02300047068,-0.007899121777,0.004740962537
68.90945473,-0.06076074064,0.02335750889,-0.007947443058,0.004728889325
68.95697849,-0.06077238414,0.02375300485,-0.008075004234,0.004765054304
69.00450225,-0.0607685812,0.02418781055,-0.008284042082,0.004850872694
69.05202601,-0.06074878188,0.02466277798,-0.008576793379,0.004987759714
69.09954977,-0.06071243622,0.02517875911,-0.008955494902,0.005177130582
69.14707354,-0.06065899427,0.02573660593,-0.009422383428,0.005420400518
69.1945973,-0.06058790609,0.02633717043,-0.009979695734,0.005718984741
69.24212106,-0.06049862173,0.02698130458,-0.0106296686,0.006074298469
69.28964482,-0.06039059124,0.02766986038,-0.01137453879,0.006487756922
69.33716858,-0.06026326465,0.0284036898,-0.0122165431,0.006960775318
69.38469235,-0.06011609204,0.02918364483,-0.01315791829,0.007494768878
69.43221611,-0.05994852344,0.03001057744,-0.01420090115,0.008091152819
69.47973987,-0.05976000891,0.03088533964,-0.01534772845,0.00875134236
69.52726363,-0.05954999849,0.03180878339,-0.01660063697,0.009476752722
69.57478739,-0.05931794224,0.03278176069,-0.01796186349,0.01026879912
69.62231116,-0.05906329021,0.03380512351,-0.01943364477,0.01112889678
69.66983492,-0.05878549244,0.03487972384,-0.02101821761,0.01205846091
69.71735868,-0.05848399899,0.03600641367,-0.02271781877,0.01305890674
69.76488244,-0.05815825991,0.03718604497,-0.02453468504,0.01413164949
69.8124062,-0.05780772524,0.03841946973,-0.02647105319,0.01527810437
69.85992996,-0.05743184504,0.03970753994,-0.02852915999,0.0164996866
69.90745373,-0.05703006935,0.04105110757,-0.03071124223,0.0177978114
69.95497749,-0.05660184824,0.04245102461,-0.03301953668,0.019173894
70.00250125,-0.05614669041,0.04390789618,-0.03545591598,0.02062913007
70.05002501,-0.05568736109,0.04532485277,-0.03787808702,0.02207777771
70.09754877,-0.05524242501,0.04662407796,-0.04017045596,0.02345011349
70.14507254,-0.0548114561,0.04780797314,-0.04233543567,0.02474754138
70.1925963,-0.05439402827,0.04887893972,-0.04437543906,0.02597146531
70.24012006,-0.05398971545,0.04983937911,-0.04629287903,0.02712328924
70.28764382,-0.05359809157,0.0506916927,-0.04809016846,0.02820441711
70.33516758,-0.05321873055,0.05143828191,-0.04976972025,0.02921625288
70.38269135,-0.05285120632,0.05208154813,-0.0513339473,0.03016020049
70.43021511,-0.05249509279,0.05262389277,-0.0527852625,0.03103766389
70.47773887,-0.0521499639,0.05306771723,-0.05412607874,0.03185004702
70.52526263,-0.05181539358,0.05341542291,-0.05535880892,0.03259875385
70.57278639,-0.05149095573,0.05366941123,-0.05648586594,0.03328518831
70.62031016,-0.05117622429,0.05383208358,-0.05750966269,0.03391075437
70.66783392,-0.05087077319,0.05390584136,-0.05843261207,0.03447685595
70.71535768,-0.05057417634,0.05389308598,-0.05925712696,0.03498489702
70.76288144,-0.05028600768,0.05379621885,-0.05998562026,0.03543628152
70.8104052,-0.05000584112,0.05361764136,-0.06062050487,0.03583241341
70.85792896,-0.0497332506,0.05335975493,-0.06116419369,0.03617469662
70.90545273,-0.04946781003,0.05302496095,-0.0616190996,0.03646453511
70.95297649,-0.04920909334,0.05261566083,-0.06198763551,0.03670333283
71.00050025,-0.04895667446,0.05213425596,-0.0622722143,0.03689249373
71.04802401,-0.04871012731,0.05158314777,-0.06247524887,0.03703342175
71.09554777,-0.04846902581,0.05096473764,-0.06259915212,0.03712752085
71.14307154,-0.0482329439,0.05028142699,-0.06264633694,0.03717619497
71.1905953,-0.04800145548,0.04953561721,-0.06261921622,0.03718084806
71.23811906,-0.0477741345,0.04872970971,-0.06252020286,0.03714288408
71.28564282,-0.04755055487,0.04786610589,-0.06235170976,0.03706370696
71.33316658,-0.04733029051,0.04694720716,-0.06211614981,0.03694472066
71.38069035,-0.04711291536,0.04597541492,-0.0618159359,0.03678732913
71.42821411,-0.04689800334,0.04495313058,-0.06145348093,0.03659293631
71.47573787,-0.04668512836,0.04388275553,-0.06103119779,0.03636294616
71.52326163,-0.04647386436,0.04276669119,-0.06055149938,0.03609876263
71.57078539,-0.04626378527,0.04160733894,-0.0600167986,0.03580178965
71.61830915,-0.046054465,0.04040710021,-0.05942950833,0.03547343119
71.66583292,-0.04584547748,0.03916837639,-0.05879204147,0.03511509119
71.71335668,-0.04563639663,0.03789356888,-0.05810681092,0.03472817359
71.76088044,-0.04542679638,0.0365850791,-0.05737622957,0.03431408236
71.8084042,-0.04521625066,0.03524530843,-0.05660271031,0.03387422143
71.85592796,-0.04500433339,0.0338766583,-0.05578866605,0.03340999476
71.90345173,-0.04479061848,0.03248153009,-0.05493650967,0.03292280629
71.95097549,-0.04457467988,0.03106232522,-0.05404865407,0.03241405997
71.99849925,-0.0443560915,0.02962144508,-0.05312751214,0.03188515976
72.04602301,-0.04413442726,0.02816129108,-0.05217549679,0.03133750959
72.09354677,-0.0439092611,0.02668426463,-0.05119502089,0.03077251343
72.14107054,-0.04368016693,0.02519276713,-0.05018849736,0.03019157521
72.1885943,-0.04344671869,0.02368919998,-0.04915833908,0.02959609889
72.23611806,-0.04320849029,0.02217596458,-0.04810695894,0.02898748842
72.28364182,-0.04296505565,0.02065546234,-0.04703676985,0.02836714775
72.33116558,-0.04271598872,0.01913009467,-0.0459501847,0.02773648081
72.37868934,-0.0424608634,0.01760226296,-0.04484961637,0.02709689157
72.42621311,-0.04219925363,0.01607436862,-0.04373747777,0.02644978397
72.47373687,-0.04193073332,0.01454881305,-0.0426161818,0.02579656196
72.52126063,-0.04165487641,0.01302799766,-0.04148814134,0.02513862949
72.56878439,-0.04137125681,0.01151432385,-0.04035576929,0.02447739051
72.61630815,-0.04107944846,0.01001019303,-0.03922147854,0.02381424896
72.66383192,-0.04077902527,0.00851800659,-0.03808768199,0.0231506088
72.71135568,-0.04046956118,0.007040165944,-0.03695679254,0.02248787397
72.75887944,-0.0401506301,0.005579072492,-0.03583122308,0.02182744843
72.8064032,-0.03982180596,0.004137127639,-0.0347133865,0.02117073611
72.85392696,-0.03948266269,0.002716732788,-0.0336056957,0.02051914098
72.90145073,-0.03913277421,0.001320289343,-0.03251056357,0.01987406698
72.94897449,-0.03877171444,-4.980129352e-05,-0.03143040301,0.01923691806
72.99649825,-0.03839905731,-0.001391137717,-0.03036762691,0.01860909816
73.04402201,-0.03801437674,-0.002701318524,-0.02932464816,0.01799201124
73.09154577,-0.03761724666,-0.003977942311,-0.02830387967,0.01738706124
73.13906953,-0.037207241,-0.005218607674,-0.02730773433,0.01679565212
73.1865933,-0.03678393367,-0.00642091321,-0.02633862502,0.01621918782
73.23411706,-0.03634689861,-0.007582457515,-0.02539896465,0.01565907229
73.28164082,-0.03589570973,-0.008700839185,-0.02449116611,0.01511670948
73.32916458,-0.03542994096,-0.009773656818,-0.0236176423,0.01459350334
73.37668834,-0.03494916623,-0.01079850901,-0.0227808061,0.01409085782
73.42421211,-0.03445295946,-0.01177299435,-0.02198307042,0.01361017687
73.47173587,-0.03394089457,-0.01269471145,-0.02122684815,0.01315286443
73.51925963,-0.0334125455,-0.0135612589,-0.02051455218,0.01272032445
73.56678339,-0.03286748615,-0.01437023528,-0.0198485954,0.01231396089
73.61430715,-0.03230529047,-0.01511923921,-0.01923139072,0.01193517769
73.66183092,-0.03172553237,-0.01580586928,-0.01866535103,0.01158537879
73.70935468,-0.03112778578,-0.01642772408,-0.01815288922,0.01126596816
73.75687844,-0.03051162462,-0.0169824022,-0.01769641819,0.01097834974
73.8044022,-0.02987662282,-0.01746750226,-0.01729835082,0.01072392747
73.85192596,-0.0292223543,-0.01788062283,-0.01696110003,0.01050410531
73.89944972,-0.02854839299,-0.01821936253,-0.01668707869,0.01032028721
73.94697349,-0.02785431281,-0.01848131994,-0.01647869971,0.01017387711
73.99449725,-0.02713968768,-0.01866409366,-0.01633837598,0.01006627896
74.04202101,-0.02640409154,-0.01876528229,-0.01626852039,0.009998896707
74.08954477,-0.0256470983,-0.01878248442,-0.01627154584,0.009973134308
74.13706853,-0.02486828189,-0.01871329866,-0.01634986523,0.009990395708
74.1845923,-0.02406721623,-0.01855532359,-0.01650589144,0.01005208486
74.23211606,-0.02324347525,-0.01830615782,-0.01674203738,0.0101596057
74.27963982,-0.02239663288,-0.01796339993,-0.01706071593,0.01031436219
74.32716358,-0.02152626303,-0.01752464853,-0.01746434,0.01051775827
74.37468734,-0.02063193964,-0.01698750222,-0.01795532248,0.0107711979
74.42221111,-0.01971323662,-0.01634955958,-0.01853607625,0.01107608502
74.46973487,-0.01876972791,-0.01560841922,-0.01920901422,0.01143382358
74.51725863,-0.01780098742,-0.01476167973,-0.01997654929,0.01184581752
74.56478239,-0.01680658908,-0.01380693971,-0.02084109434,0.01231347081
74.61230615,-0.01578610682,-0.01274179775,-0.02180506226,0.01283818738
74.65982991,-0.01473911456,-0.01156385246,-0.02287086597,0.01342137119
74.70735368,-0.01366518622,-0.01027070242,-0.02404091834,0.01406442618
74.75487744,-0.01256389574,-0.008859946233,-0.02531763228,0.01476875631
74.8024012,-0.01143481702,-0.007329182499,-0.02670342068,0.01553576552
74.84992496,-0.01027752401,-0.005676009812,-0.02820069643,0.01636685776
74.89744872,-0.009091590621,-0.003898026768,-0.02981187243,0.01726343698
74.94497249,-0.007876590779,-0.001992831964,-0.03153936157,0.01822690713
74.99249625,-0.006632098409,4.197600522e-05,-0.03338557675,0.01925867215
75.04002001,-0.005373265024,0.002144546161,-0.03528393265,0.02032023472
75.08754377,-0.00412767984,0.004201531611,-0.03711293656,0.02134138407
75.13506753,-0.002895828676,0.006211229977,-0.03887128494,0.02232144403
75.1825913,-0.001677651225,0.008174190056,-0.04056009457,0.02326113838
75.23011506,-0.0004730871769,0.01009096065,-0.04218048224,0.0241611909
75.27763882,0.0007179237773,0.01196209054,-0.04373356473,0.02502232538
75.32516258,0.001895441946,0.01378812854,-0.04522045885,0.0258452656
75.37268634,0.00305952764,0.01556962344,-0.04664228136,0.02663073534
75.42021011,0.004210241166,0.01730712404,-0.04800014907,0.02737945838
75.46773387,0.005347642835,0.01900117914,-0.04929517876,0.02809215851
75.51525763,0.006471792954,0.02065233753,-0.05052848721,0.0287695595
75.56278139,0.007582751834,0.022261148,-0.05170119122,0.02941238514
75.61030515,0.008680579783,0.02382815937,-0.05281440757,0.0300213592
75.65782891,0.00976533711,0.02535392041,-0.05386925305,0.03059720548
75.70535268,0.01083708412,0.02683897994,-0.05486684445,0.03114064775
75.75287644,0.01189588114,0.02828388675,-0.05580829856,0.0316524098
75.8004002,0.01294178845,0.02968918963,-0.05669473215,0.0321332154
75.84792396,0.01397486638,0.03105543738,-0.05752726203,0.03258378834
75.89544772,0.01499517524,0.0323831788,-0.05830700498,0.0330048524
75.94297149,0.01600277532,0.03367296268,-0.05903507779,0.03339713136
75.99049525,0.01699772695,0.03492533783,-0.05971259724,0.03376134901
76.03801901,0.01798009043,0.03614085303,-0.06034068012,0.03409822912
76.08554277,0.01894992607,0.0373200571,-0.06092044322,0.03440849548
76.13306653,0.01990729417,0.03846349881,-0.06145300333,0.03469287187
76.1805903,0.02085225506,0.03957172698,-0.06193947723,0.03495208208
76.22811406,0.02178486903,0.0406452904,-0.06238098172,0.03518684987
76.27563782,0.02270519639,0.04168473786,-0.06277863358,0.03539789904
76.32316158,0.02361329746,0.04269061816,-0.0631335496,0.03558595337
76.37068534,0.02450923255,0.0436634801,-0.06344684656,0.03575173664
76.4182091,0.02539306196,0.04460387247,-0.06371964126,0.03589597262
76.46573287,0.026264846,0.04551234408,-0.06395305048,0.03601938511
76.51325663,0.02712464498,0.04638944372,-0.06414819101,0.03612269789
76.56078039,0.02797251921,0.04723572019,-0.06430617964,0.03620663473
76.60830415,0.02880852899,0.04805172228,-0.06442813316,0.03627191941
76.65582791,0.02963273465,0.04883799879,-0.06451516834,0.03631927573
76.70335168,0.03044519648,0.04959509851,-0.06456840199,0.03634942746
76.75087544,0.0312459748,0.05032357026,-0.06458895089,0.03636309839
76.7983992,0.03203512992,0.05102396281,-0.06457793182,0.03636101229
76.84592296,0.03281272214,0.05169682498,-0.06453646158,0.03634389294
76.89344672,0.03357881177,0.05234270554,-0.06446565695,0.03631246414
76.94097049,0.03433345912,0.05296215332,-0.06436663472,0.03626744966
76.98849425,0.03507672451,0.05355571709,-0.06424051167,0.03620957328
77.03601801,0.03580866823,0.05412394566,-0.0640884046,0.03613955878
77.08354177,0.03652935061,0.05466738782,-0.0639114303,0.03605812996
77.13106553,0.03723883194,0.05518659238,-0.06371070554,0.03596601058
77.17858929,0.03793717254,0.05568210812,-0.06348734713,0.03586392443
77.22611306,0.03862443271,0.05615448385,-0.06324247184,0.03575259529
77.27363682,0.03930067277,0.05660426836,-0.06297719646,0.03563274695
77.32116058,0.03996595303,0.05703201045,-0.06269263779,0.03550510318
77.36868434,0.04062033379,0.05743825892,-0.0623899126,0.03537038777
77.4162081,0.04126387536,0.05782356256,-0.0620701377,0.03522932451
77.46373187,0.04189663805,0.05818847016,-0.06173442986,0.03508263716
77.51125563,0.04251868218,0.05853353054,-0.06138390587,0.03493104951
77.55877939,0.04313006804,0.05885929248,-0.06101968252,0.03477528536
77.60630315,0.04373085595,0.05916630478,-0.0606428766,0.03461606847
77.65382691,0.04432110622,0.05945511624,-0.06025460489,0.03445412262
77.70135068,0.04490087915,0.05972627566,-0.05985598419,0.03429017161
77.74887444,0.04547023506,0.05998033183,-0.05944813129,0.03412493921
77.7963982,0.04602923426,0.06021783355,-0.05903216296,0.03395914921
77.84392196,0.04657793705,0.06043932961,-0.058609196,0.03379352538
77.89144572,0.04711640374,0.06064536882,-0.05818034719,0.03362879151
77.93896948,0.04764469464,0.06083649997,-0.05774673333,0.03346567138
77.98649325,0.04816287007,0.06101327185,-0.05730947119,0.03330488877
78.03401701,0.04867099032,0.06117623327,-0.05686967758,0.03314716747
78.08154077,0.04916911572,0.06132593302,-0.05642846927,0.03299323125
78.12906453,0.04965730656,0.0614629199,-0.05598696305,0.0328438039
78.17658829,0.05013562316,0.06158774271,-0.05554627572,0.0326996092
78.22411206,0.05060412582,0.06170095024,-0.05510752406,0.03256137093
78.27163582,0.05106287486,0.06180309129,-0.05467182485,0.03242981288
78.31915958,0.05151193058,0.06189471465,-0.05424029489,0.03230565881
78.36668334,0.0519513533,0.06197636913,-0.05381405096,0.03218963253
78.4142071,0.05238120331,0.06204860352,-0.05339420985,0.0320824578
78.46173087,0.05280154094,0.06211196662,-0.05298188835,0.03198485842
78.50925463,0.05321242649,0.06216700722,-0.05257820324,0.03189755816
78.55677839,0.05361392027,0.06221427412,-0.05218427132,0.0318212808
78.60430215,0.05400608259,0.06225431612,-0.05180120937,0.03175675013
78.65182591,0.05438897375,0.06228768202,-0.05143013418,0.03170468992
78.69934967,0.05476265407,0.06231492061,-0.05107216254,0.03166582397
78.74687344,0.05512718386,0.0623365807,-0.05072841123,0.03164087604
78.7943972,0.05548262342,0.06235321106,-0.05039999704,0.03163056993
78.84192096,0.05582903306,0.06236536051,-0.05008803676,0.03163562942
78.88944472,0.05616647309,0.06237357785,-0.04979364719,0.03165677828
78.93696848,0.05649500383,0.06237841186,-0.04951794509,0.03169474031
78.98449225,0.05681468558,0.06238041134,-0.04926204727,0.03175023927
79.03201601,0.05712557864,0.0623801251,-0.04902707052,0.03182399895
79.07953977,0.05742774334,0.06237810193,-0.04881413161,0.03191674315
79.12706353,0.05772123997,0.06237489062,-0.04862434733,0.03202919562
79.17458729,0.05800612885,0.06237103998,-0.04845883449,0.03216208017
79.22211106,0.05828247028,0.06236709879,-0.04831870985,0.03231612056
79.26963482,0.05855032458,0.06236361587,-0.04820509022,0.03249204059
79.31715858,0.05880975206,0.06236113999,-0.04811909237,0.03269056404
79.36468234,0.05906081301,0.06236021997,-0.0480618331,0.03291241467
79.4122061,0.05930356776,0.0623614046,-0.04803442919,0.03315831629
79.45972986,0.05953807661,0.06236524267,-0.04803799743,0.03342899266
79.50725363,0.05976439986,0.06237228299,-0.04807365462,0.03372516758
79.55477739,0.05998259784,0.06238307434,-0.04814251752,0.03404756482
79.60230115,0.06019273085,0.06239816553,-0.04824570295,0.03439690817
79.64982491,0.06039485919,0.06241810535,-0.04838432767,0.0347739214
79.69734867,0.06058904317,0.06244344261,-0.04855950849,0.0351793283
79.74487244,0.06077534312,0.06247472609,-0.04877236218,0.03561385265
79.7923962,0.06095381932,0.06251250459,-0.04902400554,0.03607821823
79.83991996,0.0611245321,0.06255732692,-0.04931555535,0.03657314883
79.88744372,0.06128754176,0.06260974186,-0.04964812841,0.03709936823
79.93496748,0.06144290861,0.06267029823,-0.05002284149,0.0376576002
79.98249125,0.06159069297,0.0627395448,-0.05044081139,0.03824856853
80.03001501,0.06173067479,0.06281471412,-0.05087349743,0.03886454087
80.07753877,0.0618619395,0.06288400031,-0.05121366116,0.03947486591
80.12506253,0.06198457314,0.06294644473,-0.05145363775,0.04007670595
80.17258629,0.06209875994,0.06300220844,-0.05159588448,0.0406700849
80.22011006,0.06220468412,0.06305145249,-0.05164285863,0.04125502666
80.26763382,0.06230252993,0.06309433793,-0.05159701748,0.04183155513
80.31515758,0.06239248159,0.06313102582,-0.05146081829,0.04239969421
80.36268134,0.06247472333,0.0631616772,-0.05123671834,0.0429594678
80.4102051,0.06254943938,0.06318645314,-0.05092717491,0.04351089981
80.45772886,0.06261681398,0.06320551467,-0.05053464527,0.04405401413
80.50525263,0.06267703135,0.06321902286,-0.05006158671,0.04458883468
80.55277639,0.06273027573,0.06322713875,-0.04951045649,0.04511538534
80.60030015,0.06277673134,0.06323002339,-0.04888371189,0.04563369003
80.64782391,0.06281658243,0.06322783785,-0.04818381019,0.04614377265
80.69534767,0.06285001321,0.06322074317,-0.04741320866,0.04664565709
80.74287144,0.06287720793,0.0632089004,-0.04657436458,0.04713936726
80.7903952,0.0628983508,0.06319247059,-0.04566973523,0.04762492706
80.83791896,0.06291362607,0.0631716148,-0.04470177787,0.0481023604
80.88544272,0.06292321797,0.06314649408,-0.0436729498,0.04857169117
80.93296648,0.06292731072,0.06311726948,-0.04258570827,0.04903294328
80.98049025,0.06292608855,0.06308410205,-0.04144251057,0.04948614063
81.02801401,0.0629197357,0.06304715285,-0.04024581397,0.04993130712
81.07553777,0.06290843641,0.06300658293,-0.03899807575,0.05036846665
81.12306153,0.06289237489,0.06296255333,-0.03770175318,0.05079764313
81.17058529,0.06287173538,0.06291522511,-0.03635930355,0.05121886046
81.21810905,0.06284670211,0.06286475933,-0.03497318412,0.05163214253
81.26563282,0.06281745932,0.06281131703,-0.03354585217,0.05203751326
81.31315658,0.06278419122,0.06275505927,-0.03207976498,0.05243499654
81.36068034,0.06274708207,0.06269614709,-0.03057737982,0.05282461627
81.4082041,0.06270631608,0.06263474156,-0.02904115396,0.05320639637
81.45572786,0.06266207749,0.06257100372,-0.0274735447,0.05358036072
81.50325163,0.06261455052,0.06250509463,-0.02587700929,0.05394653323
81.55077539,0.06256391942,0.06243717533,-0.02425400502,0.05430493781
81.59829915,0.0625103684,0.06236740688,-0.02260698916,0.05465559835
81.64582291,0.06245408171,0.06229595033,-0.02093841898,0.05499853876
81.69334667,0.06239524357,0.06222296673,-0.01925075177,0.05533378293
81.74087044,0.06233403821,0.06214861714,-0.0175464448,0.05566135478
81.7883942,0.06227064986,0.0620730626,-0.01582795534,0.0559812782
81.83591796,0.06220526277,0.06199646418,-0.01409774067,0.0562935771
81.88344172,0.06213806115,0.06191898291,-0.01235825806,0.05659827537
81.93096548,0.06206922923,0.06184077986,-0.0106119648,0.05689539693
81.97848924,0.06199895126,0.06176201607,-0.00886131815,0.05718496566
82.02601301,0.06192741146,0.0616828526,-0.007108775395,0.05746700548
82.07353677,0.06185479405,0.0616034505,-0.005356793809,0.05774154028
82.12106053,0.06178128328,0.06152397082,-0.003607830665,0.05800859397
82.16858429,0.06170706338,0.06144457461,-0.001864343242,0.05826819045
82.21610805,0.06163231857,0.06136542293,-0.0001287888134,0.05852035362
82.26363182,0.06155723308,0.06128667682,0.001596375344,0.05876510738
82.31115558,0.06148199115,0.06120849734,0.003308691955,0.05900247564
82.35867934,0.06140677701,0.06113104554,0.005005703744,0.0592324823
82.4062031,0.06133177488,0.06105448248,0.006684953435,0.05945515125
82.45372686,0.06125716901,0.0609789692,0.008343983752,0.0596705064
82.50125063,0.06118314361,0.06090466676,0.00998033742,0.05987857166
82.54877439,0.06110988293,0.0608317362,0.01159155716,0.06007937092
82.59629815,0.06103757119,0.06076033859,0.01317518571,0.06027292809
82.64382191,0.06096639263,0.06069063497,0.01472876577,0.06045926707
82.69134567,0.06089653147,0.06062278639,0.01624984008,0.06063841176
82.73886943,0.06082817195,0.06055695392,0.01773595137,0.06081038607
82.7863932,0.06076149829,0.06049329859,0.01918464235,0.06097521388
82.83391696,0.06069669474,0.06043198146,0.02059345576,0.06113291912
82.88144072,0.06063394551,0.06037316358,0.0219599343,0.06128352567
82.92896448,0.06057343485,0.06031700601,0.02328162072,0.06142705744
82.97648824,0.06051534697,0.0602636698,0.02455605773,0.06156353834
83.02401201,0.06045986612,0.06021331599,0.02578078806,0.06169299226
83.07153577,0.06040717652,0.06016610565,0.02695335443,0.06181544311
83.11905953,0.06035746241,0.06012219982,0.02807129957,0.06193091479
83.16658329,0.06031090801,0.06008175955,0.0291321662,0.0620394312
83.21410705,0.06026769756,0.0600449459,0.03013349705,0.06214101624
83.26163082,0.06022801529,0.06001191992,0.03107283483,0.06223569382
83.30915458,0.06019204543,0.05998284266,0.03194772228,0.06232348783
83.35667834,0.06015997221,0.05995787517,0.03275570211,0.06240442218
83.4042021,0.06013197986,0.05993717851,0.03349431706,0.06247852077
83.45172586,0.06010825261,0.05992091373,0.03416110985,0.06254580751
83.49924962,0.0600889747,0.05990924187,0.03475362319,0.06260630629
83.54677339,0.06007433035,0.059902324,0.03526939982,0.06266004101
83.59429715,0.0600645038,0.05990032115,0.03570598247,0.06270703559
83.64182091,0.06005967927,0.0599033944,0.03606091384,0.06274731392
83.68934467,0.06006004101,0.05991170478,0.03633173667,0.06278089989
83.73686843,0.06006577323,0.05992541335,0.03651599369,0.06280781743
83.7843922,0.06007706017,0.05994468116,0.03661122761,0.06282809042
83.83191596,0.06009408606,0.05996966926,0.03661498117,0.06284174277
83.87943972,0.06011703514,0.06000053871,0.03652479707,0.06284879838
83.92696348,0.06014609163,0.06003745055,0.03633821806,0.06284928115
83.97448724,0.06018143976,0.06008056585,0.03605278686,0.06284321498
84.02201101,0.06022326377,0.06013004564,0.03566604618,0.06283062379
84.06953477,0.06027174788,0.06018605099,0.03517553875,0.06281153146
84.11705853,0.06032707634,0.06024874294,0.0345788073,0.0627859619
84.16458229,0.06038943336,0.06031828255,0.03387339456,0.06275393902
84.21210605,0.06045900318,0.06039483087,0.03305684323,0.06271548671
84.25962981,0.06053597004,0.06047854895,0.03212669606,0.06267062887
84.30715358,0.06062051815,0.06056959785,0.03108049576,0.06261938942
84.35467734,0.06071283176,0.0606681386,0.02991578506,0.06256179224
84.4022011,0.06081309509,0.06077433228,0.02863010669,0.06249786125
84.44972486,0.06092149238,0.06088833992,0.02722100336,0.06242762034
84.49724862,0.06103820786,0.06101032259,0.0256860178,0.06235109342
84.54477239,0.06116342575,0.06114044133,0.02402269274,0.06226830439
84.59229615,0.06129733029,0.06127885719,0.02222857089,0.06217927715
84.63981991,0.06144010571,0.06142573123,0.020301195,0.0620840356
84.68734367,0.06159193624,0.0615812245,0.01823810777,0.06198260364
84.73486743,0.06175300612,0.06174549805,0.01603685193,0.06187500519
84.7823912,0.06192349956,0.06191871294,0.01369497021,0.06176126412
84.82991496,0.06210360081,0.06210103021,0.01121000533,0.06164140437
84.87743872,0.0622934941,0.06229261091,0.00857950002,0.06151544981
84.92496248,0.06249336365,0.06249361611,0.005800996998,0.06138342435
84.97248624,0.0627033937,0.06270420684,0.00287203899,0.06124535191
85.02001001,0.06292098228,0.06292181293,-0.0001876638747,0.06110397654
85.06753377,0.0631230351,0.06312378567,-0.00319420725,0.06098179003
85.11505753,0.06330474752,0.06330542297,-0.006107119178,0.06088296019
85.16258129,0.0634665991,0.06346720424,-0.008927777658,0.06080645294
85.21010505,0.06360906937,0.06360960892,-0.01165756069,0.06075123417
85.25762881,0.06373263785,0.06373311644,-0.01429784627,0.0607162698
85.30515258,0.06383778408,0.06383820624,-0.0168500124,0.06070052572
85.35267634,0.06392498761,0.06392535773,-0.01931543707,0.06070296784
85.4002001,0.06399472795,0.06399505036,-0.02169549829,0.06072256205
85.44772386,0.06404748466,0.06404776356,-0.02399157406,0.06075827427
85.49524762,0.06408373725,0.06408397675,-0.02620504236,0.06080907039
85.54277139,0.06410396527,0.06410416937,-0.02833728121,0.06087391633
85.59029515,0.06410864824,0.06410882085,-0.03038966861,0.06095177797
85.63781891,0.06409826571,0.06409841062,-0.03236358254,0.06104162123
85.68534267,0.06407329721,0.06407341811,-0.03426040101,0.06114241201
85.73286643,0.06403422228,0.06403432276,-0.03608150201,0.0612531162
85.7803902,0.06398152043,0.06398160399,-0.03782826356,0.06137269972
85.82791396,0.06391567122,0.06391574123,-0.03950206364,0.06150012847
85.87543772,0.06383715418,0.06383721393,-0.04110428025,0.06163436835
85.92296148,0.06374644883,0.0637465015,-0.04263629139,0.06177438526
85.97048524,0.06364403472,0.06364408338,-0.04409947507,0.0619191451
86.018009,0.06353039138,0.06353043901,-0.04549520928,0.06206761379
86.06553277,0.06340599834,0.0634060478,-0.04682487202,0.06221875721
86.11305653,0.06327133514,0.0632713892,-0.04808984128,0.06237154128
86.16058029,0.06312688131,0.06312694264,-0.04929149507,0.0625249319
86.20810405,0.06297311638,0.06297318754,-0.05043121139,0.06267789497
86.25562781,0.0628105199,0.06281060334,-0.05151036823,0.0628293964
86.30315158,0.06263957139,0.06263966947,-0.05253034359,0.06297840208
86.35067534,0.06246075039,0.06246086536,-0.05349251548,0.06312387792
86.3981991,0.06227453643,0.06227467044,-0.05439826189,0.06326478982
86.44572286,0.06208140905,0.06208156415,-0.05524896081,0.06340010369
86.49324662,0.06188184778,0.06188202591,-0.05604599026,0.06352878543
86.54077039,0.06167633216,0.06167653515,-0.05679072822,0.06364980094
86.58829415,0.06146534171,0.06146557131,-0.0574845527,0.06376211612
86.63581791,0.06124935599,0.06124961383,-0.05812884169,0.06386469688
86.68334167,0.06102885451,0.06102914212,-0.0587249732,0.06395650913
86.73086543,0.06080431681,0.06080463562,-0.05927432522,0.06403651876
86.77838919,0.06057622243,0.06057657376,-0.05977827575,0.06410369167
86.82591296,0.06034505091,0.06034543598,-0.06023820279,0.06415699378
86.87343672,0.06011128177,0.0601117017,-0.06065548434,0.06419539097
86.92096048,0.05987539455,0.05987585036,-0.0610314984,0.06421784917
86.96848424,0.05963786879,0.05963836139,-0.06136762297,0.06422333426
87.016008,0.05939918402,0.05939971422,-0.06166523604,0.06421081216
87.06353177,0.05915981977,0.05916038827,-0.06192571561,0.06417924876
87.11105553,0.05892025558,0.05892086299,-0.06215043969,0.06412760997
87.15857929,0.05868097098,0.0586816178,-0.06234078627,0.06405486169
87.20610305,0.05844244551,0.05844313214,-0.06249813335,0.06395996982
87.25362681,0.0582051587,0.05820588543,-0.06262385893,0.06384190028
87.30115058,0.05796959008,0.05797035711,-0.06271934101,0.06369961895
87.34867434,0.0577362192,0.0577370266,-0.06278595758,0.06353209174
87.3961981,0.05750552558,0.05750637335,-0.06282508665,0.06333828457
87.44372186,0.05727798875,0.05727887678,-0.06283810622,0.06311716332
87.49124562,0.05705408826,0.05705501631,-0.06282639428,0.0628676939
87.53876938,0.05683430364,0.0568352714,-0.06279132883,0.06258884222
87.58629315,0.05661911442,0.05662012146,-0.06273428787,0.06227957418
87.63381691,0.05640900014,0.05641004592,-0.0626566494,0.06193885568
87.68134067,0.05620444032,0.05620552422,-0.06255979143,0.06156565262
87.72886443,0.05600591451,0.05600703579,-0.06244509194,0.06115893091
87.77638819,0.05581390224,0.05581506006,-0.06231392893,0.06071765646
87.82391196,0.05562888304,0.05563007646,-0.06216768041,0.06024079515
87.87143572,0.05545133645,0.05545256443,-0.06200772438,0.0597273129
87.91895948,0.055281742,0.05528300339,-0.06183543883,0.05917617562
87.96648324,0.05512057923,0.05512187277,-0.06165220176,0.05858634919
88.014007,0.05496832767,0.05496965201,-0.06145939117,0.05795679953
88.06153077,0.05482546685,0.05482682054,-0.06125838505,0.05728649254
88.10905453,0.05469247631,0.05469385779,-0.06105056142,0.05657439412
88.15657829,0.05456983559,0.05457124319,-0.06083729827,0.05581947017
88.20410205,0.05445802421,0.05445945617,-0.06061997359,0.0550206866
88.25162581,0.05435752172,0.05435897616,-0.06039996538,0.05417700932
88.29914957,0.05426880764,0.0542702826,-0.06017865165,0.05328740421
88.34667334,0.05419236151,0.05419385492,-0.05995741039,0.0523508372
88.3941971,0.05412866287,0.05413017254,-0.0597376196,0.05136627417
88.44172086,0.05407819125,0.0540797149,-0.05952065729,0.05033268104
88.48924462,0.05404142618,0.05404296143,-0.05930790144,0.0492490237
88.53676838,0.0540188472,0.05402039156,-0.05910073005,0.04811426806
88.58429215,0.05401093384,0.05401248473,-0.05890052114,0.04692738002
88.63181591,0.05401816564,0.05401972036,-0.05870865269,0.04568732549
88.67933967,0.05404102213,0.05404257788,-0.0585265027,0.04439307037
88.72686343,0.05407998285,0.05408153673,-0.05835544917,0.04304358055
88.77438719,0.05413552732,0.05413707634,-0.05819687011,0.04163782195
88.82191096,0.05420813509,0.05420967614,-0.05805214351,0.04017476047
88.86943472,0.05429828569,0.05429981556,-0.05792264737,0.03865336201
88.91695848,0.05440645865,0.05440797403,-0.05780975968,0.03707259247
88.96448224,0.05453313351,0.05453463098,-0.05771485845,0.03543141776
89.012006,0.0546787898,0.05468026585,-0.05763932168,0.03372880377
89.05952976,0.05484390706,0.05484535806,-0.05758452736,0.03196371642
89.10705353,0.05502896481,0.05503038706,-0.0575518535,0.0301351216
89.15457729,0.0552344426,0.05523583226,-0.05754267808,0.02824198522
89.20210105,0.05546081996,0.05546217309,-0.05755837912,0.02628327319
89.24962481,0.05570857643,0.055709889,-0.05760033461,0.02425795139
89.29714857,0.05597819153,0.05597945942,-0.05766992254,0.02216498575
89.34467234,0.0562701448,0.05627136376,-0.05776852093,0.02000334215
89.3921961,0.05658491578,0.05658608148,-0.05789750776,0.01777198651
89.43971986,0.056922984,0.05692409198,-0.05805826103,0.01546988472
89.48724362,0.05728482899,0.05728587472,-0.05825215875,0.01309600269
89.53476738,0.0576709303,0.05767190911,-0.05848057891,0.01064930633
89.58229115,0.05808176744,0.0580826746,-0.05874489951,0.008128761526
89.62981491,0.05851781997,0.0585186506,-0.05904649855,0.005533334194
89.67733867,0.05897956741,0.05898031656,-0.05938675403,0.002861990233
89.72486243,0.05946748929,0.05946815191,-0.05976704395,0.0001136955474
89.77238619,0.05998206516,0.05998263607,-0.06018874631,-0.002712583961
89.81990995,0.06052377454,0.06052424847,-0.0606532391,-0.00561788239
89.86743372,0.06109309697,0.06109346856,-0.06116190033,-0.008603233834
89.91495748,0.06169051198,0.06169077575,-0.06171610798,-0.01166967239
89.96248124,0.06231649911,0.06231664949,-0.06231724007,-0.01481823216
90.010005,0.06296957276,0.06296960429,-0.06296426572,-0.01804513601
90.05752876,0.06359126448,0.06359117849,-0.0635860554,-0.0212070027
90.10505253,0.06415489183,0.06415469281,-0.06414977986,-0.02423802362
90.15257629,0.06466146189,0.06466115425,-0.06465644616,-0.02714014252
90.20010005,0.06511198171,0.0651115698,-0.06510706136,-0.02991530317
90.24762381,0.06550745837,0.06550694648,-0.06550263252,-0.03256544931
90.29514757,0.06584889891,0.06584829127,-0.06584416672,-0.03509252472
90.34267134,0.06613731042,0.06613661117,-0.066132671,-0.03749847314
90.3901951,0.06637369995,0.06637291319,-0.06636915243,-0.03978523833
90.43771886,0.06655907457,0.06655820432,-0.06655461808,-0.04195476405
90.48524262,0.06669444134,0.06669349157,-0.06669007501,-0.04400899406
90.53276638,0.06678080732,0.06677978192,-0.06677653027,-0.04594987212
90.58029015,0.06681917958,0.06681808239,-0.06681499094,-0.04777934197
90.62781391,0.06681056518,0.06680939997,-0.06680646407,-0.04949934739
90.67533767,0.06675597119,0.06675474166,-0.06675195673,-0.05111183213
90.72286143,0.06665640467,0.06665511445,-0.06665247598,-0.05261873994
90.77038519,0.06651287268,0.06651152535,-0.06650902888,-0.05402201458
90.81790895,0.06632638229,0.06632498136,-0.06632262249,-0.05532359981
90.86543272,0.06609794057,0.06609648947,-0.06609426389,-0.0565254394
90.91295648,0.06582855456,0.06582705669,-0.06582496012,-0.05762947708
90.96048024,0.06551923135,0.06551769001,-0.06551571825,-0.05863765663
91.008004,0.065170978,0.06516939644,-0.06516754535,-0.0595519218
91.05552776,0.06478480156,0.06478318296,-0.06478144847,-0.06037421634
91.10305153,0.0643617091,0.06436005659,-0.06435843469,-0.06110648403
91.15057529,0.06390270769,0.06390102431,-0.06389951105,-0.0617506686
91.19809905,0.06340880439,0.06340709314,-0.06340568463,-0.06230871382
91.24562281,0.06288100627,0.06287927006,-0.06287796249,-0.06278256345
91.29314657,0.06232032038,0.06231856208,-0.06231735169,-0.06317416125
91.34067034,0.06172775379,0.0617259762,-0.06172485929,-0.06348545097
91.3881941,0.06110431357,0.06110251941,-0.06110149235,-0.06371837636
91.43571786,0.06045100677,0.06044919872,-0.06044825794,-0.0638748812
91.48324162,0.05976884048,0.05976702112,-0.05976616312,-0.06395690923
91.53076538,0.05905882173,0.05905699361,-0.05905621495,-0.06396640421
91.57828914,0.05832195761,0.0583201232,-0.05831942049,-0.0639053099
91.62581291,0.05755925518,0.05755741687,-0.05755678682,-0.06377557006
91.67333667,0.05677172149,0.05676988164,-0.05676932098,-0.06357912845
91.72086043,0.05596036362,0.05595852449,-0.05595803004,-0.06331792881
91.76838419,0.05512618863,0.05512435244,-0.05512392107,-0.06299391492
91.81590795,0.05427020358,0.05426837247,-0.05426800112,-0.06260903052
91.86343172,0.05339341553,0.05339159159,-0.05339127727,-0.06216521938
91.91095548,0.05249683155,0.05249501679,-0.05249475656,-0.06166442525
91.95847924,0.0515814587,0.05157965507,-0.05157944607,-0.06110859189
92.006003,0.05064830405,0.05064651344,-0.05064635286,-0.06049966306
92.05352676,0.04969837467,0.0496965989,-0.04969648398,-0.05983958251
92.10105053,0.0487326776,0.04873091843,-0.04873084651,-0.059130294
92.14857429,0.04775221993,0.04775047905,-0.0477504475,-0.0583737413
92.19609805,0.04675800871,0.04675628775,-0.04675629402,-0.05757186815
92.24362181,0.045751051,0.04574935152,-0.04574939313,-0.05672661831
92.29114557,0.04473235388,0.04473067737,-0.04473075189,-0.05583993555
92.33866933,0.0437029244,0.04370127231,-0.04370137736,-0.05491376361
92.3861931,0.04266376963,0.04266214331,-0.04266227661,-0.05395004627
92.43371686,0.04161589664,0.0416142974,-0.0416144567,-0.05295072727
92.48124062,0.04056031247,0.04055874155,-0.04055892469,-0.05191775036
92.52876438,0.03949802421,0.03949648278,-0.03949668765,-0.05085305932
92.57628814,0.03843003892,0.03842852809,-0.03842875263,-0.0497585979
92.62381191,0.03735736365,0.03735588446,-0.0373561267,-0.04863630985
92.67133567,0.03628100548,0.03627955891,-0.03627981693,-0.04748813893
92.71885943,0.03520197146,0.03520055843,-0.03520083036,-0.0463160289
92.76638319,0.03412126866,0.03411989002,-0.03412017408,-0.04512192352
92.81390695,0.03303990415,0.03303856067,-0.03303885513,-0.04390776654
92.86143072,0.03195888498,0.03195757739,-0.03195788058,-0.04267550173
92.90895448,0.03087921823,0.03087794718,-0.0308782575,-0.04142707283
92.95647824,0.02980191095,0.02980067703,-0.02980099295,-0.04016442361
93.004002,0.02872797021,0.02872677395,-0.02872709398,-0.03888949782
93.05152576,0.02765840308,0.02765724494,-0.02765756767,-0.03760423923
93.09904952,0.02659421662,0.02659309698,-0.02659342107,-0.03631059159
93.14657329,0.02553641788,0.02553533709,-0.02553566124,-0.03501049865
93.19409705,0.02448601395,0.02448497226,-0.02448529526,-0.03370590417
93.24162081,0.02344401187,0.02344300949,-0.02344333018,-0.03239875192
93.28914457,0.02241141872,0.02241045577,-0.02241077306,-0.03109098565
93.33666833,0.02138924155,0.02138831812,-0.02138863096,-0.02978454911
93.3841921,0.02037848744,0.02037760352,-0.02037791096,-0.02848138607
93.43171586,0.01938016344,0.01937931899,-0.01937962011,-0.02718344028
93.47923962,0.01839527662,0.0183944715,-0.01839476547,-0.0258926555
93.52676338,0.01742483405,0.01742406807,-0.01742435411,-0.02461097548
93.57428714,0.01646984278,0.0164691157,-0.01646939309,-0.02334034399
93.62181091,0.01553130988,0.01553062137,-0.01553088947,-0.02208270478
93.66933467,0.01461024242,0.0146095921,-0.01460985031,-0.02084000161
93.71685843,0.01370764746,0.01370703489,-0.01370728268,-0.01961417823
93.76438219,0.01282453207,0.01282395672,-0.01282419364,-0.01840717841
93.81190595,0.0119619033,0.0119613646,-0.01196159025,-0.0172209459
93.85942971,0.01112076822,0.01112026553,-0.01112047957,-0.01605742446
93.90695348,0.01030213389,0.0103016665,-0.01030186867,-0.01491855785
93.95447724,0.009507007389,0.009506574525,-0.009506764611,-0.01380628982
94.002001,0.008736395768,0.008735996594,-0.008736174451,-0.01272256413
94.04952476,0.007991306094,0.007990939707,-0.007991105256,-0.01166932454
94.09704852,0.007272745431,0.007272410865,-0.007272564086,-0.0106485148
94.14457229,0.006581720843,0.006581417065,-0.006581558006,-0.009662078684
94.19209605,0.005919239395,0.005918965308,-0.005919094077,-0.008711959935
94.23961981,0.005286308149,0.005286062592,-0.005286179362,-0.007800102314
94.28714357,0.00468393417,0.004683715916,-0.004683820923,-0.00692844958
94.33466733,0.004113124521,0.00411293228,-0.004113025824,-0.00609894549
94.3821911,0.003574886268,0.003574718682,-0.003574801125,-0.005313533801
94.42971486,0.003070226473,0.003070082121,-0.00307015389,-0.00457415827
94.47723862,0.002600152201,0.002600029598,-0.002600091182,-0.003882762656
94.52476238,0.002165670516,0.00216556811,-0.002165620062,-0.003241290715
94.57228614,0.001767788481,0.001767704657,-0.001767747594,-0.002651686205
94.6198099,0.001407513161,0.001407446238,-0.00140748084,-0.002115892884
94.66733367,0.00108585162,0.001085799852,-0.001085826862,-0.001635854508
94.71485743,0.0008038109207,0.0008037724978,-0.0008037927223,-0.001213514837
94.76238119,0.0005623981281,0.0005623711753,-0.0005623854842,-0.0008508176262
94.80990495,0.0003626203058,0.0003626028831,-0.0003626122099,-0.000549706634
94.85742871,0.000205484518,0.0002054746204,-0.0002054799618,-0.0003121256179
94.90495248,9.19978284e-05,9.199338623e-05,-9.199580245e-05,-0.0001400183352
94.95247624,2.316730109e-05,2.316617974e-05,-2.316679436e-05,-3.532854337e-05
95,0,0,0,0
