time_ns,u_X1,u_Y1,u_X2,u_Y2
0,0,0,0,0
0.04689844922,4.44682964e-06,1.228191748e-05,-1.808033078e-05,9.89579259e-06
0.09379689845,1.760795346e-05,4.879354351e-05,-7.178803047e-05,3.929802873e-05
0.1406953477,3.921432382e-05,0.0001090336884,-0.0001603231601,8.777899599e-05
0.1875937969,6.899689305e-05,0.0001925011627,-0.0002828857808,0.0001549109819
0.2344922461,0.0001066866135,0.0002986947765,-0.0004386759535,0.0002402662741
0.2813906953,0.0001520144376,0.0004271133404,-0.0006268937392,0.00034341716
0.3282891446,0.0002047113176,0.0005772556646,-0.0008467391991,0.0004639359274
0.3751875938,0.0002645082059,0.0007486205596,-0.001097412394,0.0006013948636
0.422086043,0.0003311360548,0.0009407068357,-0.001378113385,0.0007553662563
0.4689844922,0.0004043258167,0.001153013303,-0.001688042234,0.000925422393
0.5158829415,0.0004838084439,0.001385038773,-0.002026399001,0.001111135561
0.5627813907,0.0005693148889,0.001636282054,-0.002392383747,0.001312078049
0.6096798399,0.0006605761039,0.001906241958,-0.002785196533,0.001527822143
0.6565782891,0.0007573230412,0.002194417296,-0.003204037421,0.001757940131
0.7034767384,0.0008592866534,0.002500306876,-0.003648106472,0.002002004302
0.7503751876,0.0009661978926,0.00282340951,-0.004116603746,0.002259586941
0.7972736368,0.001077787711,0.003163224008,-0.004608729304,0.002530260338
0.844172086,0.001193787062,0.003519249181,-0.005123683208,0.002813596779
0.8910705353,0.001313926896,0.003890983838,-0.005660665518,0.003109168552
0.9379689845,0.001437938167,0.00427792679,-0.006218876297,0.003416547945
0.9848674337,0.001565551827,0.004679576848,-0.006797515604,0.003735307245
1.031765883,0.001696498829,0.005095432822,-0.0073957835,0.00406501874
1.078664332,0.001830510123,0.005524993522,-0.008012880048,0.004405254717
1.125562781,0.001967316664,0.005967757759,-0.008648005307,0.004755587464
1.172461231,0.002106649403,0.006423224342,-0.009300359339,0.005115589268
1.21935968,0.002248239292,0.006890892083,-0.009969142205,0.005484832418
1.266258129,0.002391817285,0.007370259792,-0.01065355397,0.0058628892
1.313156578,0.002537114333,0.007860826278,-0.01135279468,0.006249331902
1.360055028,0.002683861388,0.008362090354,-0.01206606442,0.006643732812
1.406953477,0.002831789403,0.008873550827,-0.01279256323,0.007045664216
1.453851926,0.002980629331,0.00939470651,-0.01353149118,0.007454698404
1.500750375,0.003130112124,0.009925056213,-0.01428204833,0.007870407662
1.547648824,0.003279968733,0.01046409875,-0.01504343474,0.008292364278
1.594547274,0.003429930112,0.01101133292,-0.01581485048,0.00872014054
1.641445723,0.003579727213,0.01156625754,-0.0165954956,0.009153308734
1.688344172,0.003729090988,0.01212837143,-0.01738457016,0.009591441149
1.735242621,0.003877752389,0.01269717338,-0.01818127423,0.01003411007
1.782141071,0.00402544237,0.01327216222,-0.01898480786,0.01048088779
1.82903952,0.004171891881,0.01385283675,-0.01979437112,0.01093134659
1.875937969,0.004316831876,0.01443869578,-0.02060916407,0.01138505877
1.922836418,0.004459993306,0.01502923813,-0.02142838677,0.0118415966
1.969734867,0.004601107125,0.01562396259,-0.02225123928,0.01230053238
2.016633317,0.004739904285,0.01622236799,-0.02307692167,0.01276143839
2.063531766,0.004876115737,0.01682395314,-0.02390463398,0.01322388692
2.110430215,0.005009472435,0.01742821684,-0.02473357629,0.01368745026
2.157328664,0.005139705331,0.0180346579,-0.02556294865,0.0141517007
2.204227114,0.005266545376,0.01864277514,-0.02639195113,0.01461621052
2.251125563,0.005389723524,0.01925206737,-0.02721978378,0.01508055201
2.298024012,0.005508970726,0.01986203339,-0.02804564668,0.01554429746
2.344922461,0.005624017935,0.02047217202,-0.02886873987,0.01600701916
2.39182091,0.005734596104,0.02108198206,-0.02968826342,0.01646828939
2.43871936,0.005840436185,0.02169096233,-0.0305034174,0.01692768044
2.485617809,0.005941269129,0.02229861164,-0.03131340185,0.0173847646
2.532516258,0.00603682589,0.02290442879,-0.03211741685,0.01783911416
2.579414707,0.00612683742,0.0235079126,-0.03291466245,0.0182903014
2.626313157,0.006211034671,0.02410856188,-0.03370433872,0.01873789862
2.673211606,0.006289148596,0.02470587544,-0.03448564571,0.01918147809
2.720110055,0.006360910146,0.02529935209,-0.03525778349,0.01962061211
2.767008504,0.006426050274,0.02588849064,-0.03601995212,0.02005487297
2.813906953,0.006484299933,0.0264727899,-0.03677135166,0.02048383294
2.860805403,0.006535390075,0.02705174868,-0.03751118217,0.02090706433
2.907703852,0.006579051653,0.02762486579,-0.03823864371,0.02132413941
2.954602301,0.006615015617,0.02819164004,-0.03895293634,0.02173463048
3.00150075,0.006643012922,0.02875157024,-0.03965326013,0.02213810982
3.0483992,0.006662774519,0.0293041552,-0.04033881513,0.02253414972
3.095297649,0.006674031361,0.02984889373,-0.04100880141,0.02292232247
3.142196098,0.0066765144,0.03038528465,-0.04166241902,0.02330220036
3.189094547,0.006669954588,0.03091282676,-0.04229886803,0.02367335566
3.235992996,0.006654082877,0.03143101887,-0.0429173485,0.02403536068
3.282891446,0.006628630221,0.0319393598,-0.04351706049,0.02438778769
3.329789895,0.006593327571,0.03243734835,-0.04409720406,0.02473020899
3.376688344,0.00654790588,0.03292448333,-0.04465697927,0.02506219686
3.423586793,0.0064920961,0.03340026356,-0.04519558618,0.02538332359
3.470485243,0.006425629184,0.03386418784,-0.04571222486,0.02569316147
3.517383692,0.006348236083,0.03431575499,-0.04620609536,0.02599128278
3.564282141,0.006259647751,0.03475446382,-0.04667639775,0.02627725982
3.61118059,0.006159595139,0.03517981313,-0.04712233209,0.02655066487
3.65807904,0.0060478092,0.03559130173,-0.04754309843,0.02681107022
3.704977489,0.005924020886,0.03598842845,-0.04793789684,0.02705804815
3.751875938,0.005787961149,0.03637069208,-0.04830592739,0.02729117095
3.798774387,0.005639360943,0.03673759143,-0.04864639012,0.02751001092
3.845672836,0.005477951219,0.03708862533,-0.04895848511,0.02771414033
3.892571286,0.005303462929,0.03742329257,-0.04924141241,0.02790313148
3.939469735,0.005115627027,0.03774109198,-0.04949437208,0.02807655666
3.986368184,0.004914174464,0.03804152235,-0.04971656419,0.02823398814
4.033266633,0.004698836192,0.0383240825,-0.0499071888,0.02837499823
4.080165083,0.004469343165,0.03858827124,-0.05006544596,0.0284991592
4.127063532,0.004225426333,0.03883358738,-0.05019053574,0.02860604334
4.173961981,0.003966816651,0.03905952973,-0.05028165821,0.02869522294
4.22086043,0.00369324507,0.0392655971,-0.05033801341,0.0287662703
4.267758879,0.003404442542,0.0394512883,-0.05035880141,0.02881875769
4.314657329,0.003100140019,0.03961610215,-0.05034322228,0.0288522574
4.361555778,0.002780068455,0.03975953744,-0.05029047607,0.02886634172
4.408454227,0.002443958802,0.039881093,-0.05019976284,0.02886058295
4.455352676,0.002091542011,0.03998026763,-0.05007028266,0.02883455336
4.502251126,0.001722549036,0.04005656015,-0.04990123559,0.02878782524
4.549149575,0.001336710828,0.04010946935,-0.04969182168,0.02871997089
4.596048024,0.0009337583396,0.04013849406,-0.04944124101,0.02863056259
4.642946473,0.0005134225237,0.04014313309,-0.04914869362,0.02851917262
4.689844922,7.543433246e-05,0.04012288524,-0.04881337959,0.02838537328
4.736743372,-0.0003804752819,0.04007724932,-0.04843449896,0.02822873685
4.783641821,-0.0008545753669,0.04000572415,-0.04801125181,0.02804883562
4.83054027,-0.00134713497,0.03990780854,-0.0475428382,0.02784524187
4.877438719,-0.00185842314,0.03978300129,-0.04702845817,0.0276175279
4.924337169,-0.002388708923,0.03963080121,-0.04646731181,0.02736526599
4.971235618,-0.002938261367,0.03945070713,-0.04585859916,0.02708802844
5.018134067,-0.003507349521,0.03924221784,-0.04520152029,0.02678538752
5.065032516,-0.00409624243,0.03900483215,-0.04449527526,0.02645691552
5.111930965,-0.004705209145,0.03873804889,-0.04373906413,0.02610218474
5.158829415,-0.005334518711,0.03844136685,-0.04293208696,0.02572076746
5.205727864,-0.005984440176,0.03811428486,-0.04207354382,0.02531223596
5.252626313,-0.006655242589,0.03775630171,-0.04116263476,0.02487616254
5.299524762,-0.007347194997,0.03736691622,-0.04019855984,0.02441211948
5.346423212,-0.008060566447,0.0369456272,-0.03918051912,0.02391967908
5.393321661,-0.008795625987,0.03649193346,-0.03810771268,0.02339841361
5.44022011,-0.009552642665,0.03600533381,-0.03697934056,0.02284789536
5.487118559,-0.01033188553,0.03548532706,-0.03579460283,0.02226769663
5.534017009,-0.01113362363,0.03493141202,-0.03455269955,0.0216573897
5.580915458,-0.011958126,0.0343430875,-0.03325283078,0.02101654686
5.627813907,-0.01280566171,0.03371985231,-0.03189419658,0.02034474039
5.674712356,-0.01367649979,0.03306120527,-0.03047599702,0.01964154259
5.721610805,-0.0145709093,0.03236664518,-0.02899743215,0.01890652574
5.768509255,-0.01548915927,0.03163567085,-0.02745770203,0.01813926212
5.815407704,-0.01643151877,0.0308677811,-0.02585600673,0.01733932403
5.862306153,-0.01739825683,0.03006247473,-0.02419154631,0.01650628376
5.909204602,-0.01838964251,0.02921925055,-0.02246352082,0.01563971358
5.956103052,-0.01940594485,0.02833760738,-0.02067113034,0.0147391858
6.003001501,-0.02044743289,0.02741704402,-0.01881357491,0.01380427269
6.04989995,-0.0215143757,0.02645705928,-0.01689005461,0.01283454654
6.096798399,-0.02260704231,0.02545715199,-0.01489976949,0.01182957965
6.143696848,-0.02372570177,0.02441682093,-0.01284191961,0.01078894429
6.190595298,-0.02487062314,0.02333556494,-0.01071570503,0.00971221276
6.237493747,-0.02604207545,0.02221288281,-0.008520325822,0.008598957344
6.284392196,-0.02722641029,0.02107263021,-0.00628606928,0.007461520434
6.331290645,-0.02838788374,0.01997726239,-0.004092733897,0.006332708607
6.378189095,-0.02952490158,0.01892940163,-0.001943990928,0.005214179171
6.425087544,-0.03063770968,0.01792844831,0.0001605947569,0.004105905579
6.471985993,-0.03172655387,0.0169738028,0.002221458288,0.003007861284
6.518884442,-0.03279168002,0.01606486547,0.004239034796,0.00192001974
6.565782891,-0.03383333396,0.01520103671,0.006213759411,0.0008423544003
6.612681341,-0.03485176156,0.01438171687,0.008146067263,-0.0002251612823
6.65957979,-0.03584720866,0.01360630634,0.01003639348,-0.001282553854
6.706478239,-0.03681992112,0.0128742055,0.0118851732,-0.002329849862
6.753376688,-0.03777014478,0.0121848147,0.01369284155,-0.003367075853
6.800275138,-0.03869812549,0.01153753434,0.01545983365,-0.004394258373
6.847173587,-0.0396041091,0.01093176478,0.01718658464,-0.00541142397
6.894072036,-0.04048834148,0.01036690639,0.01887352966,-0.006418599189
6.940970485,-0.04135106845,0.009842359552,0.02052110382,-0.007415810577
6.987868934,-0.04219253589,0.009357524638,0.02212974226,-0.008403084682
7.034767384,-0.04301298963,0.008911802023,0.02369988011,-0.00938044805
7.081665833,-0.04381267552,0.008504592078,0.02523195251,-0.01034792723
7.128564282,-0.04459183943,0.00813529518,0.02672639457,-0.01130554876
7.175462731,-0.04535072719,0.007803311701,0.02818364144,-0.0122533392
7.222361181,-0.04608958466,0.007508042015,0.02960412823,-0.01319132508
7.26925963,-0.04680865769,0.007248886496,0.03098829009,-0.01411953297
7.316158079,-0.04750819214,0.007025245518,0.03233656214,-0.01503798939
7.363056528,-0.04818843384,0.006836519455,0.03364937951,-0.01594672091
7.409954977,-0.04884962865,0.006682108682,0.03492717734,-0.01684575406
7.456853427,-0.04949202242,0.006561413571,0.03617039075,-0.01773511539
7.503751876,-0.050115861,0.006473834496,0.03737945487,-0.01861483146
7.550650325,-0.05072139025,0.006418771833,0.03855480484,-0.0194849288
7.597548774,-0.05130885601,0.006395625954,0.03969687578,-0.02034543396
7.644447224,-0.05187850413,0.006403797233,0.04080610282,-0.0211963735
7.691345673,-0.05243058047,0.006442686044,0.0418829211,-0.02203777395
7.738244122,-0.05296533087,0.006511692762,0.04292776575,-0.02286966186
7.785142571,-0.05348300118,0.00661021776,0.04394107189,-0.02369206379
7.832041021,-0.05398383726,0.006737661412,0.04492327466,-0.02450500627
7.87893947,-0.05446808496,0.006893424092,0.04587480918,-0.02530851585
7.925837919,-0.05493599012,0.007076906174,0.04679611059,-0.02610261909
7.972736368,-0.0553877986,0.007287508031,0.04768761401,-0.02688734252
8.019634817,-0.05582375625,0.007524630038,0.04854975459,-0.02766271269
8.066533267,-0.05624410891,0.007787672569,0.04938296744,-0.02842875616
8.113431716,-0.05664910244,0.008076035997,0.05018768769,-0.02918549946
8.160330165,-0.05703898269,0.008389120697,0.05096435049,-0.02993296914
8.207228614,-0.05741399551,0.008726327042,0.05171339096,-0.03067119176
8.254127064,-0.05777438675,0.009087055406,0.05243524422,-0.03140019385
8.301025513,-0.05812040227,0.009470706163,0.05313034541,-0.03212000196
8.347923962,-0.0584522879,0.009876679687,0.05379912966,-0.03283064265
8.394822411,-0.0587702895,0.01030437635,0.0544420321,-0.03353214245
8.44172086,-0.05907465293,0.01075319653,0.05505948787,-0.03422452792
8.48861931,-0.05936562402,0.0112225406,0.05565193208,-0.0349078256
8.535517759,-0.05964344864,0.01171180893,0.05621979987,-0.03558206203
8.582416208,-0.05990837264,0.0122204019,0.05676352637,-0.03624726377
8.629314657,-0.06016064185,0.01274771988,0.05728354672,-0.03690345736
8.676213107,-0.06040050215,0.01329316324,0.05778029604,-0.03755066934
8.723111556,-0.06062819936,0.01385613236,0.05825420946,-0.03818892627
8.770010005,-0.06084397936,0.01443602761,0.05870572211,-0.03881825469
8.816908454,-0.06104808797,0.01503224937,0.05913526912,-0.03943868114
8.863806903,-0.06124077107,0.01564419801,0.05954328563,-0.04005023219
8.910705353,-0.06142227449,0.0162712739,0.05993020676,-0.04065293436
8.957603802,-0.06159284409,0.01691287742,0.06029646764,-0.0412468142
9.004502251,-0.06175272572,0.01756840894,0.06064250341,-0.04183189828
9.0514007,-0.06190216522,0.01823726884,0.06096874919,-0.04240821312
9.09829915,-0.06204140846,0.01891885749,0.06127564012,-0.04297578528
9.145197599,-0.06217070127,0.01961257526,0.06156361132,-0.0435346413
9.192096048,-0.06229028952,0.02031782252,0.06183309793,-0.04408480774
9.238994497,-0.06240041904,0.02103399966,0.06208453507,-0.04462631113
9.285892946,-0.0625013357,0.02176050705,0.06231835788,-0.04515917803
9.332791396,-0.06259328534,0.02249674505,0.06253500148,-0.04568343497
9.379689845,-0.06267651381,0.02324211404,0.06273490102,-0.04619910852
9.426588294,-0.06275126696,0.02399601441,0.0629184916,-0.04670622521
9.473486743,-0.06281779065,0.02475784651,0.06308620838,-0.04720481159
9.520385193,-0.06287633071,0.02552701073,0.06323848647,-0.04769489421
9.567283642,-0.06292713302,0.02630290743,0.06337576101,-0.04817649961
9.614182091,-0.06297044341,0.027084937,0.06349846713,-0.04864965434
9.66108054,-0.06300650773,0.02787249981,0.06360703996,-0.04911438495
9.707978989,-0.06303557184,0.02866499622,0.06370191463,-0.04957071798
9.754877439,-0.06305788158,0.02946182662,0.06378352627,-0.05001867999
9.801775888,-0.06307368281,0.03026239138,0.06385231,-0.05045829751
9.848674337,-0.06308322138,0.03106609087,0.06390870097,-0.0508895971
9.895572786,-0.06308674314,0.03187232546,0.06395313429,-0.0513126053
9.942471236,-0.06308449393,0.03268049554,0.06398604511,-0.05172734866
9.989369685,-0.06307671962,0.03349000146,0.06400786855,-0.05213385372
10.03626813,-0.06306366604,0.03430024362,0.06401903974,-0.05253214703
10.08316658,-0.06304557905,0.03511062238,0.06401999381,-0.05292225514
10.13006503,-0.0630227045,0.03592053811,0.06401116589,-0.05330420459
10.17696348,-0.06299528825,0.03672939119,0.06399299111,-0.05367802194
10.22386193,-0.06296357613,0.037536582,0.06396590461,-0.05404373372
10.27076038,-0.06292781401,0.0383415109,0.06393034151,-0.05440136649
10.31765883,-0.06288824773,0.03914357827,0.06388673694,-0.05475094679
10.36455728,-0.06284512314,0.03994218449,0.06383552604,-0.05509250117
10.41145573,-0.06279868609,0.04073672992,0.06377714393,-0.05542605617
10.45835418,-0.06274918244,0.04152661495,0.06371202574,-0.05575163835
10.50525263,-0.06269685803,0.04231123995,0.06364060661,-0.05606927424
10.55215108,-0.06264195872,0.04309000529,0.06356332166,-0.0563789904
10.59904952,-0.06258473035,0.04386231134,0.06348060603,-0.05668081337
10.64594797,-0.06252541878,0.04462755848,0.06339289484,-0.05697476969
10.69284642,-0.06246426986,0.04538514708,0.06330062323,-0.05726088592
10.73974487,-0.06240152943,0.04613447751,0.06320422633,-0.05753918861
10.78664332,-0.06233744335,0.04687495016,0.06310413926,-0.05780970429
10.83354177,-0.06227225746,0.04760596539,0.06300079716,-0.05807245951
10.88044022,-0.06220621763,0.04832692358,0.06289463516,-0.05832748083
10.92733867,-0.06213956969,0.0490372251,0.06278608838,-0.05857479479
10.97423712,-0.06207255951,0.04973627033,0.06267559196,-0.05881442793
11.02113557,-0.06200543292,0.05042345963,0.06256358103,-0.0590464068
11.06803402,-0.06193843579,0.05109819339,0.06245049072,-0.05927075795
11.11493247,-0.06187181395,0.05175987198,0.06233675616,-0.05948750793
11.16183092,-0.06180581327,0.05240789577,0.06222281247,-0.05969668328
11.20872936,-0.06174067959,0.05304166513,0.0621090948,-0.05989831055
11.25562781,-0.06167665876,0.05366058044,0.06199603826,-0.06009241628
11.30252626,-0.06161399663,0.05426404208,0.061884078,-0.06027902702
11.34942471,-0.06155293906,0.05485145041,0.06177364913,-0.06045816932
11.39632316,-0.06149373189,0.05542220581,0.0616651868,-0.06062986973
11.44322161,-0.06143662098,0.05597570866,0.06155912613,-0.06079415479
11.49012006,-0.06138185217,0.05651135932,0.06145590224,-0.06095105105
11.53701851,-0.06132967131,0.05702855818,0.06135595028,-0.06110058505
11.58391696,-0.06128032427,0.05752670561,0.06125970538,-0.06124278335
11.63081541,-0.06123405688,0.05800520197,0.06116760265,-0.06137767248
11.67771386,-0.06119111499,0.05846344765,0.06108007724,-0.061505279
11.72461231,-0.06115174447,0.05890084302,0.06099756427,-0.06162562946
11.77151076,-0.06111619115,0.05931678845,0.06092049887,-0.06173875039
11.8184092,-0.06108470089,0.05971068431,0.06084931618,-0.06184466834
11.86530765,-0.06105751954,0.06008193099,0.06078445132,-0.06194340987
11.9122061,-0.06103489295,0.06042992885,0.06072633942,-0.06203500152
11.95910455,-0.06101706697,0.06075407826,0.06067541562,-0.06211946983
12.006003,-0.06100428745,0.06105377961,0.06063211505,-0.06219684135
12.05290145,-0.06099680024,0.06132843326,0.06059687283,-0.06226714264
12.0997999,-0.06099485119,0.0615774396,0.06057012409,-0.06233040023
12.14669835,-0.06099868615,0.06180019898,0.06055230398,-0.06238664067
12.1935968,-0.06100855098,0.06199611179,0.0605438476,-0.06243589051
12.24049525,-0.06102469152,0.06216457841,0.06054519011,-0.0624781763
12.2873937,-0.06104735363,0.0623049992,0.06055676662,-0.06251352458
12.33429215,-0.06107678315,0.06241677454,0.06057901227,-0.06254196189
12.3811906,-0.06111322593,0.0624993048,0.06061236219,-0.0625635148
12.42808904,-0.06115692783,0.06255199035,0.0606572515,-0.06257820983
12.47498749,-0.06120813469,0.06257423158,0.06071411534,-0.06258607355
12.52188594,-0.06126606364,0.06256889297,0.06078184175,-0.0625878784
12.56878439,-0.0613238034,0.06255941291,0.06085007502,-0.06258877102
12.61568284,-0.06138003831,0.06255028329,0.0609168295,-0.06258972572
12.66258129,-0.06143478553,0.06254149965,0.06098212033,-0.06259074124
12.70947974,-0.06148806222,0.06253305752,0.06104596263,-0.06259181634
12.75637819,-0.06153988552,0.06252495247,0.06110837154,-0.06259294976
12.80327664,-0.06159027258,0.06251718001,0.06116936219,-0.06259414024
12.85017509,-0.06163924057,0.0625097357,0.06122894971,-0.06259538653
12.89707354,-0.06168680663,0.06250261507,0.06128714923,-0.06259668738
12.94397199,-0.06173298792,0.06249581367,0.06134397589,-0.06259804154
12.99087044,-0.0617778016,0.06248932704,0.06139944481,-0.06259944774
13.03776888,-0.0618212648,0.06248315072,0.06145357112,-0.06260090474
13.08466733,-0.06186339469,0.06247728025,0.06150636997,-0.06260241129
13.13156578,-0.06190420843,0.06247171118,0.06155785647,-0.06260396612
13.17846423,-0.06194372316,0.06246643903,0.06160804577,-0.06260556799
13.22536268,-0.06198195603,0.06246145936,0.06165695299,-0.06260721564
13.27226113,-0.06201892421,0.06245676771,0.06170459326,-0.06260890781
13.31915958,-0.06205464483,0.06245235961,0.06175098172,-0.06261064326
13.36605803,-0.06208913507,0.06244823061,0.0617961335,-0.06261242074
13.41295648,-0.06212241206,0.06244437626,0.06184006373,-0.06261423897
13.45985493,-0.06215449297,0.06244079208,0.06188278753,-0.06261609672
13.50675338,-0.06218539495,0.06243747362,0.06192432005,-0.06261799273
13.55365183,-0.06221513514,0.06243441643,0.06196467642,-0.06261992574
13.60055028,-0.06224373071,0.06243161605,0.06200387176,-0.0626218945
13.64744872,-0.0622711988,0.062429068,0.06204192121,-0.06262389776
13.69434717,-0.06229755657,0.06242676785,0.0620788399,-0.06262593426
13.74124562,-0.06232282118,0.06242471113,0.06211464296,-0.06262800276
13.78814407,-0.06234700977,0.06242289337,0.06214934552,-0.06263010198
13.83504252,-0.0623701395,0.06242131013,0.06218296271,-0.06263223069
13.88194097,-0.06239222752,0.06241995693,0.06221550967,-0.06263438763
13.92883942,-0.06241329098,0.06241882934,0.06224700153,-0.06263657155
13.97573787,-0.06243334705,0.06241792287,0.06227745341,-0.06263878118
14.02263632,-0.06245241286,0.06241723308,0.06230688046,-0.06264101528
14.06953477,-0.06247050558,0.06241675551,0.0623352978,-0.06264327259
14.11643322,-0.06248764236,0.0624164857,0.06236272056,-0.06264555186
14.16333167,-0.06250384035,0.06241641919,0.06238916388,-0.06264785184
14.21023012,-0.06251911671,0.06241655152,0.06241464288,-0.06265017127
14.25712856,-0.06253348858,0.06241687823,0.0624391727,-0.0626525089
14.30402701,-0.06254697312,0.06241739487,0.06246276847,-0.06265486347
14.35092546,-0.06255958749,0.06241809697,0.06248544533,-0.06265723373
14.39782391,-0.06257134883,0.06241898008,0.06250721839,-0.06265961843
14.44472236,-0.06258227431,0.06242003973,0.06252810281,-0.06266201631
14.49162081,-0.06259238106,0.06242127148,0.06254811369,-0.06266442612
14.53851926,-0.06260168626,0.06242267085,0.06256726619,-0.06266684661
14.58541771,-0.06261020704,0.0624242334,0.06258557542,-0.06266927651
14.63231616,-0.06261796057,0.06242595465,0.06260305653,-0.06267171458
14.67921461,-0.062624964,0.06242783016,0.06261972464,-0.06267415957
14.72611306,-0.06263123447,0.06242985547,0.06263559488,-0.06267661022
14.77301151,-0.06263678915,0.06243202611,0.06265068239,-0.06267906527
14.81990995,-0.06264164518,0.06243433763,0.0626650023,-0.06268152348
14.8668084,-0.06264581973,0.06243678557,0.06267856973,-0.06268398358
14.91370685,-0.06264932993,0.06243936547,0.06269139983,-0.06268644433
14.9606053,-0.06265219295,0.06244207287,0.06270350772,-0.06268890447
15.00750375,-0.06265442594,0.06244490331,0.06271490853,-0.06269136275
15.0544022,-0.06265604606,0.06244785234,0.0627256174,-0.06269381791
15.10130065,-0.06265707045,0.06245091549,0.06273564946,-0.0626962687
15.1481991,-0.06265751626,0.06245408831,0.06274501983,-0.06269871387
15.19509755,-0.06265740066,0.06245736634,0.06275374366,-0.06270115216
15.241996,-0.06265674079,0.06246074512,0.06276183607,-0.06270358231
15.28889445,-0.06265555382,0.06246422018,0.06276931219,-0.06270600309
15.3357929,-0.06265385688,0.06246778708,0.06277618715,-0.06270841322
15.38269135,-0.06265166714,0.06247144135,0.0627824761,-0.06271081146
15.42958979,-0.06264900174,0.06247517853,0.06278819415,-0.06271319655
15.47648824,-0.06264587785,0.06247899417,0.06279335644,-0.06271556724
15.52338669,-0.06264231261,0.06248288381,0.0627979781,-0.06271792228
15.57028514,-0.06263832318,0.06248684298,0.06280207427,-0.06272026041
15.61718359,-0.06263392671,0.06249086724,0.06280566007,-0.06272258037
15.66408204,-0.06262914035,0.06249495211,0.06280875064,-0.06272488092
15.71098049,-0.06262398126,0.06249909314,0.0628113611,-0.0627271608
15.75787894,-0.06261846659,0.06250328588,0.0628135066,-0.06272941876
15.80477739,-0.06261261349,0.06250752586,0.06281520225,-0.06273165354
15.85167584,-0.06260643912,0.06251180863,0.0628164632,-0.06273386389
15.89857429,-0.06259996063,0.06251612973,0.06281730458,-0.06273604856
15.94547274,-0.06259319518,0.06252048469,0.06281774151,-0.06273820628
15.99237119,-0.06258615991,0.06252486906,0.06281778912,-0.06274033582
16.03926963,-0.06257887198,0.06252927838,0.06281746256,-0.0627424359
16.08616808,-0.06257134854,0.06253370819,0.06281677695,-0.06274450529
16.13306653,-0.06256360675,0.06253815404,0.06281574742,-0.06274654273
16.17996498,-0.06255566375,0.06254261146,0.0628143891,-0.06274854695
16.22686343,-0.06254753671,0.062547076,0.06281271713,-0.06275051672
16.27376188,-0.06253924278,0.06255154319,0.06281074664,-0.06275245077
16.32066033,-0.0625307991,0.06255600858,0.06280849275,-0.06275434785
16.36755878,-0.06252222284,0.06256046771,0.06280597061,-0.06275620671
16.41445723,-0.06251353114,0.06256491612,0.06280319534,-0.06275802609
16.46135568,-0.06250474116,0.06256934936,0.06280018207,-0.06275980474
16.50825413,-0.06249587005,0.06257376295,0.06279694594,-0.06276154141
16.55515258,-0.06248693497,0.06257815245,0.06279350207,-0.06276323484
16.60205103,-0.06247795306,0.0625825134,0.0627898656,-0.06276488378
16.64894947,-0.06246894149,0.06258684133,0.06278605167,-0.06276648697
16.69584792,-0.0624599174,0.06259113179,0.06278207539,-0.06276804317
16.74274637,-0.06245089794,0.06259538032,0.06277795191,-0.06276955111
16.78964482,-0.06244190028,0.06259958247,0.06277369635,-0.06277100954
16.83654327,-0.06243294156,0.06260373376,0.06276932385,-0.06277241721
16.88344172,-0.06242403894,0.06260782975,0.06276484954,-0.06277377287
16.93034017,-0.06241520957,0.06261186597,0.06276028855,-0.06277507526
16.97723862,-0.06240647061,0.06261583796,0.06275565601,-0.06277632313
17.02413707,-0.0623978392,0.06261974128,0.06275096705,-0.06277751523
17.07103552,-0.0623893325,0.06262357145,0.0627462368,-0.06277865029
17.11793397,-0.06238096766,0.06262732402,0.06274148041,-0.06277972707
17.16483242,-0.06237276184,0.06263099453,0.06273671299,-0.06278074431
17.21173087,-0.06236473219,0.06263457853,0.06273194968,-0.06278170077
17.25862931,-0.06235689587,0.06263807155,0.06272720561,-0.06278259517
17.30552776,-0.06234927002,0.06264146913,0.06272249591,-0.06278342628
17.35242621,-0.0623418718,0.06264476682,0.06271783572,-0.06278419284
17.39932466,-0.06233471836,0.06264796015,0.06271324016,-0.06278489359
17.44622311,-0.06232782685,0.06265104468,0.06270872437,-0.06278552728
17.49312156,-0.06232121444,0.06265401593,0.06270430348,-0.06278609266
17.54002001,-0.06231489827,0.06265686945,0.06269999262,-0.06278658847
17.58691846,-0.06230889549,0.06265960079,0.06269580692,-0.06278701346
17.63381691,-0.06230322327,0.06266220548,0.06269176151,-0.06278736637
17.68071536,-0.06229789874,0.06266467906,0.06268787154,-0.06278764596
17.72761381,-0.06229293907,0.06266701708,0.06268415211,-0.06278785096
17.77451226,-0.06228836141,0.06266921508,0.06268061838,-0.06278798013
17.82141071,-0.06228418291,0.0626712686,0.06267728547,-0.0627880322
17.86830915,-0.06228042072,0.06267317318,0.0626741685,-0.06278800594
17.9152076,-0.062277092,0.06267492435,0.06267128263,-0.06278790007
17.96210605,-0.0622742139,0.06267651767,0.06266864296,-0.06278771335
18.0090045,-0.06227180358,0.06267794868,0.06266626465,-0.06278744453
18.05590295,-0.06226987818,0.0626792129,0.06266416281,-0.06278709235
18.1028014,-0.06226845487,0.0626803059,0.06266235258,-0.06278665556
18.14969985,-0.06226755079,0.0626812232,0.06266084909,-0.0627861329
18.1965983,-0.06226718309,0.06268196035,0.06265966748,-0.06278552311
18.24349675,-0.06226736894,0.06268251289,0.06265882287,-0.06278482496
18.2903952,-0.06226812548,0.06268287636,0.0626583304,-0.06278403718
18.33729365,-0.06226946987,0.0626830463,0.06265820519,-0.06278315851
18.3841921,-0.06227141925,0.06268301826,0.06265846239,-0.06278218771
18.43109055,-0.06227399079,0.06268278777,0.06265911711,-0.06278112352
18.47798899,-0.06227720164,0.06268235038,0.0626601845,-0.06277996469
18.52488744,-0.06228106894,0.06268170163,0.06266167968,-0.06277870995
18.57178589,-0.06228560986,0.06268083705,0.06266361779,-0.06277735807
18.61868434,-0.06229084155,0.06267975219,0.06266601395,-0.06277590779
18.66558279,-0.06229678115,0.0626784426,0.06266888331,-0.06277435784
18.71248124,-0.06230344583,0.06267690381,0.06267224098,-0.06277270699
18.75937969,-0.06231083914,0.06267513684,0.06267609048,-0.06277095836
18.80627814,-0.06231852319,0.06267331911,0.06268005946,-0.06276925542
18.85317659,-0.06232627318,0.06267153731,0.06268396352,-0.06276766635
18.90007504,-0.06233407884,0.06266979081,0.06268780275,-0.06276618894
18.94697349,-0.06234192989,0.06266807898,0.06269157726,-0.06276482098
18.99387194,-0.06234981603,0.06266640121,0.06269528714,-0.06276356027
19.04077039,-0.06235772699,0.06266475685,0.06269893248,-0.0627624046
19.08766883,-0.06236565249,0.0626631453,0.0627025134,-0.06276135175
19.13456728,-0.06237358224,0.06266156591,0.06270602998,-0.06276039953
19.18146573,-0.06238150596,0.06266001807,0.06270948232,-0.06275954572
19.22836418,-0.06238941338,0.06265850114,0.06271287053,-0.06275878812
19.27526263,-0.0623972942,0.06265701451,0.0627161947,-0.06275812451
19.32216108,-0.06240513816,0.06265555754,0.06271945492,-0.0627575527
19.36905953,-0.06241293495,0.06265412961,0.0627226513,-0.06275707048
19.41595798,-0.06242067432,0.06265273009,0.06272578394,-0.06275667563
19.46285643,-0.06242834596,0.06265135836,0.06272885293,-0.06275636596
19.50975488,-0.06243593961,0.06265001378,0.06273185837,-0.06275613924
19.55665333,-0.06244344497,0.06264869574,0.06273480036,-0.06275599328
19.60355178,-0.06245085177,0.06264740361,0.062737679,-0.06275592587
19.65045023,-0.06245814973,0.06264613675,0.06274049439,-0.0627559348
19.69734867,-0.06246532855,0.06264489455,0.06274324662,-0.06275601786
19.74424712,-0.06247237797,0.06264367637,0.06274593579,-0.06275617284
19.79114557,-0.0624792877,0.0626424816,0.06274856201,-0.06275639755
19.83804402,-0.06248604746,0.0626413096,0.06275112536,-0.06275668976
19.88494247,-0.06249264696,0.06264015974,0.06275362595,-0.06275704728
19.93184092,-0.06249907593,0.06263903141,0.06275606387,-0.06275746789
19.97873937,-0.06250532408,0.06263792398,0.06275843923,-0.06275794939
20.02563782,-0.06251138113,0.06263683681,0.06276075212,-0.06275848957
20.07253627,-0.0625172368,0.06263576928,0.06276300264,-0.06275908622
20.11943472,-0.06252288081,0.06263472077,0.06276519089,-0.06275973714
20.16633317,-0.06252830287,0.06263369065,0.06276731696,-0.06276044012
20.21323162,-0.0625334927,0.0626326783,0.06276938096,-0.06276119294
20.26013007,-0.06253844003,0.06263168308,0.06277138298,-0.06276199341
20.30702851,-0.06254313456,0.06263070437,0.06277332313,-0.06276283932
20.35392696,-0.06254756603,0.06262974154,0.06277520149,-0.06276372845
20.40082541,-0.06255172414,0.06262879397,0.06277701817,-0.06276465861
20.44772386,-0.06255559861,0.06262786103,0.06277877327,-0.06276562758
20.49462231,-0.06255917917,0.0626269421,0.06278046688,-0.06276663315
20.54152076,-0.06256245552,0.06262603654,0.0627820991,-0.06276767312
20.58841921,-0.0625654174,0.06262514374,0.06278367003,-0.06276874528
20.63531766,-0.06256805451,0.06262426306,0.06278517977,-0.06276984743
20.68221611,-0.06257035658,0.06262339388,0.06278662842,-0.06277097735
20.72911456,-0.06257231332,0.06262253558,0.06278801607,-0.06277213284
20.77601301,-0.06257391446,0.06262168752,0.06278934283,-0.06277331169
20.82291146,-0.0625751497,0.06262084908,0.06279060878,-0.0627745117
20.8698099,-0.06257600877,0.06262001963,0.06279181404,-0.06277573065
20.91670835,-0.06257648139,0.06261919855,0.0627929587,-0.06277696633
20.9636068,-0.06257655728,0.06261838521,0.06279404285,-0.06277821655
21.01050525,-0.06257622614,0.06261757899,0.06279506659,-0.0627794791
21.0574037,-0.06257547771,0.06261677925,0.06279603003,-0.06278075176
21.10430215,-0.06257430169,0.06261598537,0.06279693326,-0.06278203233
21.1512006,-0.06257268782,0.06261519673,0.06279777637,-0.0627833186
21.19809905,-0.0625706258,0.0626144127,0.06279855948,-0.06278460836
21.2449975,-0.06256810535,0.06261363265,0.06279928267,-0.06278589941
21.29189595,-0.06256511619,0.06261285596,0.06279994604,-0.06278718954
21.3387944,-0.06256164805,0.06261208199,0.0628005497,-0.06278847654
21.38569285,-0.06255769063,0.06261131013,0.06280109373,-0.0627897582
21.4325913,-0.06255323366,0.06261053974,0.06280157825,-0.06279103232
21.47948974,-0.06254826685,0.06260977021,0.06280200333,-0.06279229669
21.52638819,-0.06254277993,0.0626090009,0.0628023691,-0.0627935491
21.57328664,-0.06253676261,0.06260823119,0.06280267564,-0.06279478735
21.62018509,-0.0625302046,0.06260746044,0.06280292304,-0.06279600922
21.66708354,-0.06252309564,0.06260668804,0.06280311142,-0.06279721251
21.71398199,-0.06251542543,0.06260591337,0.06280324087,-0.06279839501
21.76088044,-0.06250718369,0.06260513578,0.06280331148,-0.06279955451
21.80777889,-0.06249836015,0.06260435465,0.06280332335,-0.06280068882
21.85467734,-0.06248894452,0.06260356937,0.06280327659,-0.06280179571
21.90157579,-0.06247892651,0.0626027793,0.06280317128,-0.06280287298
21.94847424,-0.06246829586,0.06260198382,0.06280300754,-0.06280391843
21.99537269,-0.06245704226,0.06260118229,0.06280278545,-0.06280492985
22.04227114,-0.06244515545,0.0626003741,0.06280250512,-0.06280590502
22.08916958,-0.06243262514,0.06259955861,0.06280216664,-0.06280684175
22.13606803,-0.06241944105,0.06259873521,0.06280177011,-0.06280773782
22.18296648,-0.0624055929,0.06259790326,0.06280131563,-0.06280859102
22.22986493,-0.06239107041,0.06259706214,0.0628008033,-0.06280939916
22.27676338,-0.06237586329,0.06259621122,0.06280023322,-0.06281016002
22.32366183,-0.06235996126,0.06259534987,0.06279960548,-0.06281087139
22.37056028,-0.06234335404,0.06259447748,0.06279892018,-0.06281153108
22.41745873,-0.06232603135,0.0625935934,0.06279817742,-0.06281213686
22.46435718,-0.0623079829,0.06259269702,0.0627973773,-0.06281268653
22.51125563,-0.06228919843,0.06259178771,0.06279651992,-0.06281317789
22.55815408,-0.06226966763,0.06259086485,0.06279560537,-0.06281360872
22.60505253,-0.06224938024,0.0625899278,0.06279463376,-0.06281397682
22.65195098,-0.06222832597,0.06258897594,0.06279360518,-0.06281427999
22.69884942,-0.06220649453,0.06258800864,0.06279251973,-0.06281451601
22.74574787,-0.06218387565,0.06258702528,0.06279137751,-0.06281468268
22.79264632,-0.06216045905,0.06258602524,0.06279017861,-0.06281477779
22.83954477,-0.06213623443,0.06258500787,0.06278892314,-0.06281479913
22.88644322,-0.06211119153,0.06258397257,0.06278761119,-0.0628147445
22.93334167,-0.06208532006,0.0625829187,0.06278624286,-0.06281461168
22.98024012,-0.06205860973,0.06258184563,0.06278481825,-0.06281439848
23.02713857,-0.06203105027,0.06258075274,0.06278333746,-0.06281410267
23.07403702,-0.06200263139,0.06257963941,0.06278180058,-0.06281372206
23.12093547,-0.06197334282,0.062578505,0.06278020772,-0.06281325444
23.16783392,-0.06194317426,0.06257734889,0.06277855897,-0.0628126976
23.21473237,-0.06191211544,0.06257617045,0.06277685443,-0.06281204933
23.26163082,-0.06188015608,0.06257496906,0.0627750942,-0.06281130743
23.30852926,-0.06184728589,0.06257374409,0.06277327838,-0.06281046969
23.35542771,-0.0618134946,0.06257249492,0.06277140706,-0.06280953389
23.40232616,-0.06177877192,0.06257122091,0.06276948034,-0.06280849784
23.44922461,-0.06174310756,0.06256992145,0.06276749833,-0.06280735933
23.49612306,-0.06170649126,0.0625685959,0.06276546111,-0.06280611614
23.54302151,-0.06166891271,0.06256724364,0.06276336879,-0.06280476607
23.58991996,-0.06163036166,0.06256586404,0.06276122147,-0.06280330691
23.63681841,-0.0615908278,0.06256445647,0.06275901924,-0.06280173647
23.68371686,-0.06155030086,0.06256302032,0.06275676221,-0.06280005251
23.73061531,-0.06150877057,0.06256155495,0.06275445046,-0.06279825285
23.77751376,-0.06146622662,0.06256005973,0.06275208411,-0.06279633528
23.82441221,-0.06142265876,0.06255853405,0.06274966324,-0.06279429757
23.87131066,-0.06137805668,0.06255697727,0.06274718796,-0.06279213754
23.9182091,-0.06133241012,0.06255538876,0.06274465836,-0.06278985297
23.96510755,-0.06128570879,0.06255376791,0.06274207454,-0.06278744165
24.012006,-0.0612379424,0.06255211408,0.0627394366,-0.06278490138
24.05890445,-0.06118910068,0.06255042665,0.06273674464,-0.06278222994
24.1058029,-0.06113917334,0.062548705,0.06273399876,-0.06277942514
24.15270135,-0.06108815011,0.06254694848,0.06273119905,-0.06277648476
24.1995998,-0.0610360207,0.06254515649,0.06272834561,-0.06277340659
24.24649825,-0.06098277482,0.06254332839,0.06272543855,-0.06277018843
24.2933967,-0.0609284022,0.06254146356,0.06272247795,-0.06276682808
24.34029515,-0.06087289256,0.06253956136,0.06271946392,-0.06276332332
24.3871936,-0.0608162356,0.06253762118,0.06271639656,-0.06275967194
24.43409205,-0.06075842106,0.06253564239,0.06271327596,-0.06275587174
24.4809905,-0.06069943865,0.06253362435,0.06271010222,-0.06275192052
24.52788894,-0.06063927809,0.06253156645,0.06270687544,-0.06274781606
24.57478739,-0.06057792909,0.06252946806,0.06270359573,-0.06274355615
24.62168584,-0.06051538138,0.06252732855,0.06270026316,-0.06273913859
24.66858429,-0.06045162467,0.0625251473,0.06269687786,-0.06273456118
24.71548274,-0.06038664868,0.06252292367,0.0626934399,-0.06272982169
24.76238119,-0.06032044313,0.06252065705,0.0626899494,-0.06272491794
24.80927964,-0.06025299773,0.0625183468,0.06268640645,-0.0627198477
24.85617809,-0.06018430221,0.0625159923,0.06268281114,-0.06271460878
24.90307654,-0.06011434629,0.06251359292,0.06267916358,-0.06270919896
24.94997499,-0.06004311967,0.06251114804,0.06267546387,-0.06270361603
24.99687344,-0.05997061209,0.06250865703,0.06267171209,-0.06269785779
25.04377189,-0.05986915333,0.06248819381,0.06266814619,-0.06269224227
25.09067034,-0.05970382451,0.06242709477,0.06266506406,-0.06268717268
25.13756878,-0.05947574989,0.06232603055,0.0626624523,-0.06268263579
25.18446723,-0.05918619578,0.06218576383,0.06266029624,-0.06267861667
25.23136568,-0.0588364285,0.06200705726,0.06265858126,-0.06267510042
25.27826413,-0.05842771438,0.06179067351,0.06265729271,-0.06267207214
25.32516258,-0.05796131973,0.06153737525,0.06265641594,-0.06266951693
25.37206103,-0.05743851086,0.06124792514,0.06265593631,-0.06266741988
25.41895948,-0.05686055411,0.06092308584,0.06265583918,-0.06266576609
25.46585793,-0.05622871579,0.06056362001,0.0626561099,-0.06266454065
25.51275638,-0.05554426222,0.06017029034,0.06265673384,-0.06266372866
25.55965483,-0.05480845972,0.05974385947,0.06265769635,-0.06266331521
25.60655328,-0.0540225746,0.05928509007,0.06265898278,-0.0626632854
25.65345173,-0.0531878732,0.0587947448,0.06266057849,-0.06266362432
25.70035018,-0.05230562182,0.05827358634,0.06266246884,-0.06266431707
25.74724862,-0.05137708678,0.05772237734,0.06266463919,-0.06266534875
25.79414707,-0.05040353442,0.05714188048,0.06266707488,-0.06266670444
25.84104552,-0.04938623103,0.05653285841,0.06266976129,-0.06266836926
25.88794397,-0.04832644295,0.05589607379,0.06267268376,-0.06267032828
25.93484242,-0.0472254365,0.0552322893,0.06267582766,-0.06267256661
25.98174087,-0.04608447799,0.0545422676,0.06267917833,-0.06267506935
26.02863932,-0.04490483374,0.05382677135,0.06268272114,-0.06267782158
26.07553777,-0.04368777008,0.05308656322,0.06268644144,-0.06268080841
26.12243622,-0.04243455331,0.05232240587,0.06269032459,-0.06268401492
26.16933467,-0.04114644977,0.05153506197,0.06269435594,-0.06268742622
26.21623312,-0.03982472577,0.05072529417,0.06269852086,-0.0626910274
26.26313157,-0.03847064762,0.04989386516,0.0627028047,-0.06269480356
26.31003002,-0.03708548166,0.04904153758,0.06270719281,-0.06269873978
26.35692846,-0.03567049419,0.0481690741,0.06271167055,-0.06270282118
26.40382691,-0.03422695155,0.0472772374,0.06271622329,-0.06270703283
26.45072536,-0.03275612004,0.04636679012,0.06272083636,-0.06271135984
26.49762381,-0.03125926599,0.04543849495,0.06272549515,-0.06271578731
26.54452226,-0.02973765571,0.04449311454,0.06273018499,-0.06272030032
26.59142071,-0.02819255553,0.04353141155,0.06273489124,-0.06272488398
26.63831916,-0.02662523176,0.04255414866,0.06273959927,-0.06272952338
26.68521761,-0.02503695073,0.04156208852,0.06274429443,-0.06273420361
26.73211606,-0.02342897876,0.0405559938,0.06274896208,-0.06273890977
26.77901451,-0.02180258215,0.03953662717,0.06275358756,-0.06274362696
26.82591296,-0.02015902724,0.03850475129,0.06275815625,-0.06274834027
26.87281141,-0.01849958034,0.03746112882,0.06276265349,-0.0627530348
26.91970985,-0.01682550778,0.03640652243,0.06276706465,-0.06275769564
26.9666083,-0.01513807586,0.03534169478,0.06277137507,-0.06276230789
27.01350675,-0.01343855091,0.03426740854,0.06277557013,-0.06276685664
27.0604052,-0.01172819926,0.03318442637,0.06277963516,-0.06277132699
27.10730365,-0.01000828721,0.03209351094,0.06278355553,-0.06277570403
27.1542021,-0.008280081094,0.03099542491,0.06278731661,-0.06277997287
27.20110055,-0.006544847224,0.02989093095,0.06279090373,-0.06278411859
27.247999,-0.004803851922,0.02878079171,0.06279430226,-0.06278812629
27.29489745,-0.003058361506,0.02766576987,0.06279749756,-0.06279198107
27.3417959,-0.001309642297,0.02654662809,0.06280047499,-0.06279566802
27.38869435,0.0004410393867,0.02542412903,0.06280321989,-0.06279917224
27.4355928,0.002192417225,0.02429903537,0.06280571763,-0.06280247882
27.48249125,0.003943224899,0.02317210975,0.06280795356,-0.06280557286
27.52938969,0.00569219609,0.02204411485,0.06280991305,-0.06280843945
27.57628814,0.007438064477,0.02091581333,0.06281158144,-0.06281106369
27.62318659,0.009179563741,0.01978796786,0.06281294409,-0.06281343068
27.67008504,0.01091542756,0.0186613411,0.06281398636,-0.06281552551
27.71698349,0.01264438962,0.01753669572,0.06281469361,-0.06281733327
27.76388194,0.0143651836,0.01641479438,0.0628150512,-0.06281883907
27.81078039,0.01607654318,0.01529639974,0.06281504447,-0.06282002799
27.85767884,0.01777720204,0.01418227447,0.06281465879,-0.06282088514
27.90457729,0.01946589386,0.01307318123,0.06281387952,-0.0628213956
27.95147574,0.02114135232,0.01196988269,0.062812692,-0.06282154448
27.99837419,0.02280231111,0.01087314151,0.06281108161,-0.06282131687
28.04527264,0.02444750389,0.009783720362,0.06280903368,-0.06282069786
28.09217109,0.02607566436,0.008702381903,0.06280653359,-0.06281967255
28.13906953,0.0276855262,0.007629888801,0.06280356668,-0.06281822603
28.18596798,0.02927582307,0.00656700372,0.06280011832,-0.06281634341
28.23286643,0.03084528868,0.005514489323,0.06279617386,-0.06281400977
28.27976488,0.03239265669,0.004473108276,0.06279171865,-0.06281121022
28.32666333,0.03391666078,0.003443623244,0.06278673806,-0.06280792984
28.37356178,0.03541603464,0.00242679689,0.06278121744,-0.06280415374
28.42046023,0.03688951195,0.001423391879,0.06277514215,-0.06279986701
28.46735868,0.03833582639,0.0004341708758,0.06276849754,-0.06279505473
28.51425713,0.03975371163,-0.000540103455,0.06276126898,-0.06278970202
28.56115558,0.04114190137,-0.001498668449,0.06275344181,-0.06278379397
28.60805403,0.04249912927,-0.002440761442,0.06274500139,-0.06277731566
28.65495248,0.04382412902,-0.003365619769,0.06273593309,-0.0627702522
28.70185093,0.04511563431,-0.004272480765,0.06272622225,-0.06276258868
28.74874937,0.0463723788,-0.005160581767,0.06271585424,-0.0627543102
28.79564782,0.04759309619,-0.006029160109,0.06270481441,-0.06274540185
28.84254627,0.04877652015,-0.006877453127,0.06269308812,-0.06273584873
28.88944472,0.04992138437,-0.007704698157,0.06268066072,-0.06272563593
28.93634317,0.05102642252,-0.008510132534,0.06266751757,-0.06271474856
28.98324162,0.05209036828,-0.009292993593,0.06265364403,-0.06270317169
29.03014007,0.05311195534,-0.01005251867,0.06263902545,-0.06269089044
29.07703852,0.05408991737,-0.0107879451,0.0626236472,-0.06267788989
29.12393697,0.05502298806,-0.01149851022,0.06260749462,-0.06266415515
29.17083542,0.05590990109,-0.01218345137,0.06259055308,-0.06264967129
29.21773387,0.05674939013,-0.01284200587,0.06257280793,-0.06263442344
29.26463232,0.05754018887,-0.01347341107,0.06255424453,-0.06261839667
29.31153077,0.05828103099,-0.0140769043,0.06253484824,-0.06260157608
29.35842921,0.05897065017,-0.0146517229,0.0625146044,-0.06258394677
29.40532766,0.05960778009,-0.0151971042,0.06249349838,-0.06256549383
29.45222611,0.06019115443,-0.01571228553,0.06247151554,-0.06254620237
29.49912456,0.06071950687,-0.01619650424,0.06244864123,-0.06252605747
29.54602301,0.06119157109,-0.01664899766,0.06242486081,-0.06250504423
29.59292146,0.06160608078,-0.01706900312,0.06240015963,-0.06248314774
29.63981991,0.0619617696,-0.01745575796,0.06237452306,-0.06246035311
29.68671836,0.06225737125,-0.01780849951,0.06234793644,-0.06243664543
29.73361681,0.06249161941,-0.01812646512,0.06232038514,-0.06241200978
29.78051526,0.06266324775,-0.01840889211,0.06229185451,-0.06238643128
29.82741371,0.06277098995,-0.01865501782,0.06226232991,-0.06235989501
29.87431216,0.0628135797,-0.01886407959,0.0622317967,-0.06233238606
29.92121061,0.06278975067,-0.01903531475,0.06220024022,-0.06230388955
29.96810905,0.06269823656,-0.01916796063,0.06216764585,-0.06227439055
30.0150075,0.06253777103,-0.01926125458,0.06213399893,-0.06224387417
30.06190595,0.06230708776,-0.01931443393,0.06209928482,-0.0622123255
30.1088044,0.06200492045,-0.01932673602,0.06206348889,-0.06217972963
30.15570285,0.06163000276,-0.01929739817,0.06202659647,-0.06214607167
30.2026013,0.06118106839,-0.01922565773,0.06198859294,-0.0621113367
30.24949975,0.06065685101,-0.01911075202,0.06194946365,-0.06207550983
30.2963982,0.06005608429,-0.0189519184,0.06190919396,-0.06203857615
30.34329665,0.05937750193,-0.01874839418,0.06186776921,-0.06200052075
30.3901951,0.0586198376,-0.01849941672,0.06182517478,-0.06196132873
30.43709355,0.05778182498,-0.01820422333,0.06178139601,-0.06192098519
30.483992,0.05686219776,-0.01786205136,0.06173641826,-0.06187947521
30.53089045,0.05585968961,-0.01747213815,0.0616902269,-0.0618367839
30.57778889,0.05477303422,-0.01703372102,0.06164280727,-0.06179289636
30.62468734,0.05360096526,-0.01654603732,0.06159414473,-0.06174779767
30.67158579,0.05234221641,-0.01600832438,0.06154422464,-0.06170147293
30.71848424,0.05099552136,-0.01541981953,0.06149303236,-0.06165390724
30.76538269,0.04955961379,-0.01477976012,0.06144055324,-0.0616050857
30.81228114,0.04803322738,-0.01408738347,0.06138677264,-0.06155499339
30.85917959,0.0464150958,-0.01334192692,0.06133167591,-0.06150361542
30.90607804,0.04470395275,-0.01254262781,0.06127524842,-0.06145093688
30.95297649,0.04289853189,-0.01168872347,0.06121747552,-0.06139694286
30.99987494,0.04099756691,-0.01077945124,0.06115834256,-0.06134161847
31.04677339,0.0389997915,-0.00981404845,0.06109783491,-0.06128494879
31.09367184,0.03690393932,-0.008791752443,0.06103593792,-0.06122691892
31.14057029,0.03470874407,-0.007711800549,0.06097263694,-0.06116751397
31.18746873,0.03241293941,-0.006573430106,0.06090791734,-0.06110671901
31.23436718,0.03001525904,-0.005375878448,0.06084176446,-0.06104451915
31.28126563,0.02754731039,-0.004144387345,0.06077718207,-0.06098372425
31.32816408,0.02511507408,-0.0029627322,0.06072377707,-0.06093332499
31.37506253,0.02272636566,-0.001836701612,0.06068189035,-0.0608936419
31.42196098,0.02038079851,-0.0007655840146,0.06065110066,-0.06086428231
31.46885943,0.01807798603,0.0002513321555,0.06063098676,-0.06084485357
31.51575788,0.0158175416,0.001214758463,0.06062112741,-0.06083496301
31.56265633,0.01359907862,0.002125406473,0.06062110136,-0.06083421797
31.60955478,0.01142221046,0.00298398775,0.06063048737,-0.06084222579
31.65645323,0.009286550524,0.003791213859,0.0606488642,-0.06085859381
31.70335168,0.007191712198,0.004547796364,0.06067581061,-0.06088292938
31.75025013,0.00513730887,0.005254446829,0.06071090534,-0.06091483982
31.79714857,0.00312295393,0.00591187682,0.06075372716,-0.06095393247
31.84404702,0.001148260766,0.006520797901,0.06080385483,-0.06099981468
31.89094547,-0.0007871572329,0.007081921636,0.0608608671,-0.06105209379
31.93784392,-0.002683686677,0.007595959591,0.06092434273,-0.06111037713
31.98474237,-0.004541714177,0.008063623329,0.06099386047,-0.06117427204
32.03164082,-0.006361626344,0.008485624416,0.06106899909,-0.06124338587
32.07853927,-0.00814380979,0.008862674415,0.06114933733,-0.06131732594
32.12543772,-0.009888651125,0.009195484893,0.06123445397,-0.06139569961
32.17233617,-0.01159653696,0.009484767412,0.06132392774,-0.0614781142
32.21923462,-0.01326785391,0.009731233538,0.06141733741,-0.06156417706
32.26613307,-0.01490298857,0.009935594836,0.06151426174,-0.06165349553
32.31303152,-0.01650232757,0.01009856287,0.06161427948,-0.06174567694
32.35992996,-0.01806625752,0.0102208492,0.06171696939,-0.06184032863
32.40682841,-0.01959516502,0.0103031654,0.06182191023,-0.06193705795
32.45372686,-0.02108943668,0.01034622303,0.06192868076,-0.06203547223
32.50062531,-0.02254945912,0.01035073366,0.06203685972,-0.06213517882
32.54752376,-0.02397561895,0.01031740884,0.06214602588,-0.06223578504
32.59442221,-0.02536830278,0.01024696015,0.06225575799,-0.06233689824
32.64132066,-0.02672789722,0.01014009914,0.06236563482,-0.06243812576
32.68821911,-0.02805478887,0.009997537388,0.06247523511,-0.06253907493
32.73511756,-0.02934936436,0.009819986453,0.06258413763,-0.0626393531
32.78201601,-0.03061201029,0.0096081579,0.06269192113,-0.06273856761
32.82891446,-0.03184311327,0.009362763294,0.06279816437,-0.06283632579
32.87581291,-0.03304305992,0.009084514199,0.0629024461,-0.06293223498
32.92271136,-0.03421223684,0.00877412218,0.06300434508,-0.06302590252
32.9696098,-0.03535103065,0.008432298801,0.06310344008,-0.06311693575
33.01650825,-0.03645982796,0.008059755628,0.06319930983,-0.06320494202
33.0634067,-0.03753901537,0.007657204224,0.06329153312,-0.06328952865
33.11030515,-0.0385889795,0.007225356155,0.06337968868,-0.06337030298
33.1572036,-0.03961010696,0.006764922984,0.06346335527,-0.06344687237
33.20410205,-0.04060278436,0.006276616277,0.06354211166,-0.06351884414
33.2510005,-0.04156739832,0.005761147598,0.0636155366,-0.06358582563
33.29789895,-0.04250433543,0.005219228512,0.06368320885,-0.06364742419
33.3447974,-0.04341398232,0.004651570583,0.06374470716,-0.06370324715
33.39169585,-0.0442967256,0.004058885377,0.06379961029,-0.06375290184
33.4385943,-0.04515295186,0.003441884456,0.06384749699,-0.06379599562
33.48549275,-0.04598304774,0.002801279387,0.06388794603,-0.06383213582
33.5323912,-0.04678739983,0.002137781734,0.06392053616,-0.06386092978
33.57928964,-0.04756639475,0.001452103061,0.06394484614,-0.06388198483
33.62618809,-0.04832041911,0.0007449549327,0.06396045472,-0.06389490832
33.67308654,-0.04904985952,1.704891429e-05,0.06396694067,-0.06389930758
33.71998499,-0.04975510259,-0.00073090343,0.06396388273,-0.06389478995
33.76688344,-0.05043653493,-0.001498190535,0.06395085967,-0.06388096278
33.81378189,-0.05109454315,-0.002284100838,0.06392745024,-0.0638574334
33.86068034,-0.05172951387,-0.003087922772,0.06389323319,-0.06382380915
33.90757879,-0.05234183369,-0.003908944773,0.0638477873,-0.06377969737
33.95447724,-0.05293188923,-0.004746455277,0.0637906913,-0.0637247054
34.00137569,-0.0535000671,-0.00559974272,0.06372152397,-0.06365844057
34.04827414,-0.0540467539,-0.006468095536,0.06363986405,-0.06358051023
34.09517259,-0.05457233625,-0.007350802161,0.0635452903,-0.06349052172
34.14207104,-0.05507720076,-0.00824715103,0.06343738148,-0.06338808237
34.18896948,-0.05556173403,-0.009156430579,0.06331571635,-0.06327279952
34.23586793,-0.05602632269,-0.01007792924,0.06317987366,-0.06314428051
34.28276638,-0.05647135335,-0.01101093546,0.06302943217,-0.06300213269
34.32966483,-0.0568972126,-0.01195473766,0.06286397064,-0.06284596338
34.37656328,-0.05730428707,-0.01290862428,0.06268306782,-0.06267537994
34.42346173,-0.05769296337,-0.01387188376,0.06248630247,-0.06248998969
34.47036018,-0.05806362809,-0.01484380453,0.06227325335,-0.06228939997
34.51725863,-0.05841666787,-0.01582367503,0.06204349922,-0.06207321814
34.56415708,-0.05875246931,-0.01681078369,0.06179661882,-0.06184105151
34.61105553,-0.05907141901,-0.01780441895,0.06153219092,-0.06159250744
34.65795398,-0.05937390359,-0.01880386924,0.06124979428,-0.06132719327
34.70485243,-0.05966030966,-0.01980842301,0.06094900765,-0.06104471632
34.75175088,-0.05993102384,-0.02081736867,0.06062940979,-0.06074468395
34.79864932,-0.06018643272,-0.02182999468,0.06029057945,-0.06042670348
34.84554777,-0.06042692293,-0.02284558946,0.05993209539,-0.06009038226
34.89244622,-0.06065288107,-0.02386344145,0.05955353638,-0.05973532763
34.93934467,-0.06086469376,-0.02488283909,0.05915448116,-0.05936114693
34.98624312,-0.06106274761,-0.02590307081,0.05873450849,-0.05896744748
35.03314157,-0.06124742922,-0.02692342505,0.05829319713,-0.05855383665
35.08004002,-0.06141912521,-0.02794319024,0.05783012583,-0.05811992175
35.12693847,-0.06157822219,-0.02896165482,0.05734487336,-0.05766531014
35.17383692,-0.06172510676,-0.02997810722,0.05683701847,-0.05718960915
35.22073537,-0.06186016555,-0.03099183588,0.05630613992,-0.05669242612
35.26763382,-0.06198378516,-0.03200212923,0.05575181646,-0.05617336839
35.31453227,-0.0620963522,-0.03300827571,0.05517362685,-0.05563204329
35.36143072,-0.06219825329,-0.03400956376,0.05457114984,-0.05506805817
35.40832916,-0.06228987503,-0.0350052818,0.0539439642,-0.05448102037
35.45522761,-0.06237160404,-0.03599471828,0.05329164869,-0.05387053722
35.50212606,-0.06244382692,-0.03697716164,0.05261378205,-0.05323621606
35.54902451,-0.06250693029,-0.03795190029,0.05190994304,-0.05257766424
35.59592296,-0.06256130075,-0.03891822269,0.05117971042,-0.05189448909
35.64282141,-0.06260732493,-0.03987541727,0.05042266296,-0.05118629795
35.68971986,-0.06264538943,-0.04082277246,0.04963837939,-0.05045269815
35.73661831,-0.06267588085,-0.0417595767,0.04882643849,-0.04969329705
35.78351676,-0.06269918582,-0.04268511842,0.04798641901,-0.04890770197
35.83041521,-0.06271569095,-0.04359868606,0.0471178997,-0.04809552026
35.87731366,-0.06272578283,-0.04449956805,0.04622045933,-0.04725635925
35.92421211,-0.06272984809,-0.04538705283,0.04529367664,-0.04638982628
35.97111056,-0.06272827334,-0.04626042884,0.0443371304,-0.0454955287
36.018009,-0.06272144518,-0.04711898451,0.04335039937,-0.04457307384
36.06490745,-0.06270975023,-0.04796200827,0.04233306229,-0.04362206904
36.1118059,-0.0626935751,-0.04878878856,0.04128469793,-0.04264212165
36.15870435,-0.0626733064,-0.04959861382,0.04020488504,-0.04163283898
36.2056028,-0.06264933073,-0.05039077248,0.03909320238,-0.0405938284
36.25250125,-0.06262203472,-0.05116455298,0.03794922871,-0.03952469723
36.2993997,-0.06259180497,-0.05191924375,0.03677254279,-0.03842505282
36.34629815,-0.0625590281,-0.05265413323,0.03556272336,-0.0372945025
36.3931966,-0.06252409071,-0.05336850986,0.03431934919,-0.03613265362
36.44009505,-0.06248737941,-0.05406166206,0.03304199904,-0.03493911351
36.4869935,-0.06244928082,-0.05473287827,0.03173025165,-0.03371348951
36.53389195,-0.06241018155,-0.05538144694,0.0303836858,-0.03245538896
36.5807904,-0.0623704682,-0.05600665649,0.02900188022,-0.03116441919
36.62768884,-0.06233052739,-0.05660779536,0.02758441369,-0.02984018756
36.67458729,-0.06229074573,-0.05718415198,0.02613086496,-0.02848230139
36.72148574,-0.06225150984,-0.0577350148,0.02464081279,-0.02709036803
36.76838419,-0.06221320631,-0.05825967224,0.02311383592,-0.02566399481
36.81528264,-0.06217622176,-0.05875741275,0.02154951313,-0.02420278908
36.86218109,-0.06214094281,-0.05922752475,0.01994742316,-0.02270635817
36.90907954,-0.06210775607,-0.05966929668,0.01830714477,-0.02117430942
36.95597799,-0.06207704814,-0.06008201699,0.01662825672,-0.01960625017
37.00287644,-0.06204920563,-0.06046497409,0.01491033777,-0.01800178777
37.04977489,-0.06202461516,-0.06081745644,0.01315296667,-0.01636052954
37.09667334,-0.06200366334,-0.06113875246,0.01135572218,-0.01468208282
37.14357179,-0.06198673678,-0.06142815058,0.009518183058,-0.01296605497
37.19047024,-0.06197422209,-0.06168493926,0.007639928059,-0.0112120533
37.23736868,-0.06196650588,-0.06190840691,0.005720535941,-0.009419685177
37.28426713,-0.06196397476,-0.06209784198,0.003759585459,-0.007588557922
37.33116558,-0.06196701535,-0.0622525329,0.001756655371,-0.00571827888
37.37806403,-0.06197601424,-0.06237176811,-0.0002886755655,-0.003808455389
37.42496248,-0.06199135806,-0.06245483604,-0.002376828595,-0.001858694788
37.47186093,-0.06201343342,-0.06250102513,-0.004508224959,0.0001313955848
37.51875938,-0.06204197582,-0.06251266828,-0.006675510246,0.00215547021
37.56565783,-0.06207122558,-0.06251744785,-0.008807241852,0.004151609484
37.61255628,-0.06209974867,-0.0625221715,-0.01088652127,0.006105090914
37.65945473,-0.06212755336,-0.06252683953,-0.01291395641,0.008016355828
37.70635318,-0.06215464789,-0.06253145224,-0.01489015521,0.009885845554
37.75325163,-0.06218104055,-0.06253600993,-0.01681572556,0.01171400142
37.80015008,-0.06220673957,-0.0625405129,-0.01869127541,0.01350126476
37.84704852,-0.06223175323,-0.06254496145,-0.02051741266,0.01524807691
37.89394697,-0.06225608978,-0.0625493559,-0.02229474523,0.01695487918
37.94084542,-0.06227975749,-0.06255369653,-0.02402388104,0.01862211291
37.98774387,-0.06230276461,-0.06255798366,-0.02570542801,0.02025021943
38.03464232,-0.0623251194,-0.06256221757,-0.02733999406,0.02183964006
38.08154077,-0.06234683012,-0.06256639859,-0.02892818711,0.02339081614
38.12843922,-0.06236790503,-0.06257052699,-0.03047061508,0.024904189
38.17533767,-0.06238835239,-0.0625746031,-0.03196788588,0.02638019997
38.22223612,-0.06240818046,-0.06257862721,-0.03342060743,0.02781929036
38.26913457,-0.06242739751,-0.06258259962,-0.03482938766,0.02922190152
38.31603302,-0.06244601178,-0.06258652063,-0.03619483448,0.03058847478
38.36293147,-0.06246403155,-0.06259039055,-0.03751755581,0.03191945145
38.40982991,-0.06248146506,-0.06259420968,-0.03879815957,0.03321527288
38.45672836,-0.06249832059,-0.06259797832,-0.04003725368,0.03447638039
38.50362681,-0.06251460638,-0.06260169677,-0.04123544605,0.0357032153
38.55052526,-0.0625303307,-0.06260536534,-0.04239334461,0.03689621895
38.59742371,-0.06254550181,-0.06260898432,-0.04351155727,0.03805583268
38.64432216,-0.06256012797,-0.06261255402,-0.04459069196,0.0391824978
38.69122061,-0.06257421744,-0.06261607473,-0.04563135659,0.04027665564
38.73811906,-0.06258777847,-0.06261954677,-0.04663415908,0.04133874754
38.78501751,-0.06260081933,-0.06262297043,-0.04759970735,0.04236921482
38.83191596,-0.06261334828,-0.06262634602,-0.04852860932,0.04336849882
38.87881441,-0.06262537358,-0.06262967383,-0.0494214729,0.04433704086
38.92571286,-0.06263690348,-0.06263295418,-0.05027890602,0.04527528227
38.97261131,-0.06264794625,-0.06263618735,-0.0511015166,0.04618366439
39.01950975,-0.06265851015,-0.06263937366,-0.05188991255,0.04706262853
39.0664082,-0.06266860343,-0.0626425134,-0.05264470179,0.04791261603
39.11330665,-0.06267823435,-0.06264560688,-0.05336649224,0.04873406823
39.1602051,-0.06268741118,-0.0626486544,-0.05405589182,0.04952742644
39.20710355,-0.06269614218,-0.06265165625,-0.05471350845,0.05029313199
39.254002,-0.0627044356,-0.06265461275,-0.05533995005,0.05103162623
39.30090045,-0.0627122997,-0.0626575242,-0.05593582453,0.05174335047
39.3477989,-0.06271974275,-0.06266039089,-0.05650173982,0.05242874604
39.39469735,-0.06272677301,-0.06266321313,-0.05703830384,0.05308825428
39.4415958,-0.06273339872,-0.06266599121,-0.05754612449,0.05372231651
39.48849425,-0.06273962816,-0.06266872545,-0.05802580971,0.05433137406
39.5353927,-0.06274546958,-0.06267141615,-0.0584779674,0.05491586826
39.58229115,-0.06275093125,-0.0626740636,-0.0589032055,0.05547624045
39.62918959,-0.06275602141,-0.0626766681,-0.05930213191,0.05601293194
39.67608804,-0.06276074834,-0.06267922997,-0.05967535456,0.05652638407
39.72298649,-0.06276512029,-0.0626817495,-0.06002348137,0.05701703817
39.76988494,-0.06276914553,-0.06268422699,-0.06034712024,0.05748533557
39.81678339,-0.0627728323,-0.06268666274,-0.06064687912,0.0579317176
39.86368184,-0.06277618887,-0.06268905707,-0.0609233659,0.05835662558
39.91058029,-0.06277922351,-0.06269141026,-0.06117718851,0.05876050084
39.95747874,-0.06278194446,-0.06269372262,-0.06140895487,0.05914378472
40.00437719,-0.06278436,-0.06269599446,-0.0616192729,0.05950691854
40.05127564,-0.06278647837,-0.06269822607,-0.06180875052,0.05985034364
40.09817409,-0.06278830785,-0.06270041775,-0.06197799564,0.06017450133
40.14507254,-0.06278985668,-0.06270256982,-0.06212761619,0.06047983296
40.19197099,-0.06279113313,-0.06270468257,-0.06225822008,0.06076677985
40.23886943,-0.06279214546,-0.06270675629,-0.06237041523,0.06103578332
40.28576788,-0.06279290193,-0.06270879131,-0.06246480956,0.06128728472
40.33266633,-0.0627934108,-0.0627107879,-0.06254201099,0.06152172536
40.37956478,-0.06279368033,-0.06271274639,-0.06260262744,0.06173954658
40.42646323,-0.06279371877,-0.06271466707,-0.06264726683,0.0619411897
40.47336168,-0.06279353439,-0.06271655023,-0.06267653707,0.06212709606
40.52026013,-0.06279313545,-0.0627183962,-0.06269104609,0.06229770698
40.56715858,-0.0627925302,-0.06272020525,-0.0626914018,0.0624534638
40.61405703,-0.06279172691,-0.06272197771,-0.06267821212,0.06259480784
40.66095548,-0.06279073383,-0.06272371386,-0.06265208497,0.06272218043
40.70785393,-0.06278955924,-0.06272541402,-0.06261362827,0.0628360229
40.75475238,-0.06278821137,-0.06272707847,-0.06256344994,0.06293677658
40.80165083,-0.0627866985,-0.06272870754,-0.0625021579,0.0630248828
40.84854927,-0.06278502889,-0.06273030151,-0.06243036006,0.06310078289
40.89544772,-0.06278321079,-0.06273186069,-0.06234866435,0.06316491818
40.94234617,-0.06278125247,-0.06273338538,-0.06225767868,0.06321773
40.98924462,-0.06277916218,-0.06273487588,-0.06215801098,0.06325965967
41.03614307,-0.06277694818,-0.0627363325,-0.06205026915,0.06329114852
41.08304152,-0.06277461874,-0.06273775553,-0.06193506113,0.06331263789
41.12993997,-0.06277218211,-0.06273914528,-0.06181299482,0.06332456911
41.17683842,-0.06276964655,-0.06274050206,-0.06168467816,0.06332738349
41.22373687,-0.06276702033,-0.06274182615,-0.06155071904,0.06332152238
41.27063532,-0.0627643117,-0.06274311787,-0.06141172541,0.0633074271
41.31753377,-0.06276152892,-0.06274437752,-0.06126830516,0.06328553898
41.36443222,-0.06275868025,-0.06274560539,-0.06112106623,0.06325629935
41.41133067,-0.06275577395,-0.06274680179,-0.06097061653,0.06322014954
41.45822911,-0.06275281829,-0.06274796703,-0.06081756398,0.06317753088
41.50512756,-0.06274982151,-0.06274910139,-0.0606625165,0.06312888469
41.55202601,-0.06274679189,-0.0627502052,-0.06050608201,0.06307465231
41.59892446,-0.06274373768,-0.06275127874,-0.06034886842,0.06301527507
41.64582291,-0.06274066713,-0.06275232232,-0.06019148366,0.06295119429
41.69272136,-0.06273758852,-0.06275333624,-0.06003453565,0.0628828513
41.73961981,-0.0627345101,-0.0627543208,-0.05987863229,0.06281068744
41.78651826,-0.06273144012,-0.06275527631,-0.05972438152,0.06273514403
41.83341671,-0.06272838686,-0.06275620307,-0.05957239125,0.0626566624
41.88031516,-0.06272535856,-0.06275710138,-0.05942326939,0.06257568388
41.92721361,-0.06272236349,-0.06275797153,-0.05927762388,0.0624926498
41.97411206,-0.06271940991,-0.06275881384,-0.05913606262,0.06240800149
42.02101051,-0.06271650608,-0.0627596286,-0.05899919354,0.06232218027
42.06790895,-0.06271366025,-0.06276041612,-0.05886762455,0.06223562749
42.1148074,-0.06271088069,-0.0627611767,-0.05874196358,0.06214878446
42.16170585,-0.06270817566,-0.06276191064,-0.05862281853,0.06206209252
42.2086043,-0.06270555342,-0.06276261824,-0.05851079734,0.06197599299
42.25550275,-0.06270302222,-0.0627632998,-0.05840650792,0.06189092721
42.3024012,-0.06270059033,-0.06276395563,-0.05831055818,0.06180733649
42.34929965,-0.062698266,-0.06276458603,-0.05822355606,0.06172566219
42.3961981,-0.0626960575,-0.0627651913,-0.05814610945,0.06164634561
42.44309655,-0.06269397308,-0.06276577174,-0.0580788263,0.06156982809
42.489995,-0.06269202101,-0.06276632765,-0.0580223145,0.06149655097
42.53689345,-0.06269020955,-0.06276685934,-0.05797718199,0.06142695556
42.5837919,-0.06268854695,-0.06276736711,-0.05794403668,0.0613614832
42.63069035,-0.06268704147,-0.06276785125,-0.05792348649,0.06130057522
42.67758879,-0.06268570138,-0.06276831208,-0.05791613934,0.06124467295
42.72448724,-0.06268453493,-0.06276874989,-0.05792260314,0.06119421771
42.77138569,-0.06268355038,-0.06276916498,-0.05794348582,0.06114965083
42.81828414,-0.06268275599,-0.06276955766,-0.0579793953,0.06111141365
42.86518259,-0.06268216003,-0.06276992823,-0.05803093949,0.0610799475
42.91208104,-0.06268177075,-0.062770277,-0.05809872631,0.0610556937
42.95897949,-0.06268159642,-0.06277060425,-0.05818336368,0.06103909357
43.00587794,-0.06268164528,-0.0627709103,-0.05828545952,0.06103058846
43.05277639,-0.06268192561,-0.06277119544,-0.05840562176,0.06103061969
43.09967484,-0.06268244566,-0.06277145998,-0.05854445829,0.06103962859
43.14657329,-0.06268321369,-0.06277170423,-0.05870257706,0.06105805649
43.19347174,-0.06268423795,-0.06277192847,-0.05888058597,0.06108634472
43.24037019,-0.06268552672,-0.06277213302,-0.05907909295,0.0611249346
43.28726863,-0.06268708825,-0.06277231817,-0.0592987059,0.06117426747
43.33416708,-0.0626889308,-0.06277248424,-0.05954003276,0.06123478465
43.38106553,-0.06269106263,-0.06277263151,-0.05980368144,0.06130692748
43.42796398,-0.062693492,-0.06277276029,-0.06009025986,0.06139113728
43.47486243,-0.06269622717,-0.06277287089,-0.06040037593,0.06148785539
43.52176088,-0.0626992764,-0.0627729636,-0.06073463759,0.06159752312
43.56865933,-0.06270264794,-0.06277303873,-0.06109365273,0.06172058182
43.61555778,-0.06270635006,-0.06277309658,-0.0614780293,0.06185747281
43.66245623,-0.06271039102,-0.06277313745,-0.06188837519,0.06200863742
43.70935468,-0.06271477908,-0.06277316164,-0.06232529834,0.06217451697
43.75625313,-0.06271951704,-0.06277316971,-0.06278876671,0.06235508485
43.80315158,-0.06272423396,-0.06277317939,-0.06323506025,0.06251843028
43.85005003,-0.0627287027,-0.0627732012,-0.06363770037,0.0626454445
43.89694847,-0.06273292608,-0.0627732349,-0.06399723909,0.06273682166
43.94384692,-0.06273690694,-0.06277328027,-0.0643142284,0.06279325592
43.99074537,-0.06274064808,-0.06277333706,-0.0645892203,0.06281544146
44.03764382,-0.06274415235,-0.06277340504,-0.06482276679,0.06280407244
44.08454227,-0.06274742255,-0.06277348397,-0.06501541987,0.06275984301
44.13144072,-0.06275046151,-0.06277357361,-0.06516773154,0.06268344736
44.17833917,-0.06275327206,-0.06277367374,-0.06528025381,0.06257557963
44.22523762,-0.06275585702,-0.0627737841,-0.06535353866,0.06243693401
44.27213607,-0.0627582192,-0.06277390447,-0.0653881381,0.06226820464
44.31903452,-0.06276036145,-0.0627740346,-0.06538460414,0.0620700857
44.36593297,-0.06276228657,-0.06277417427,-0.06534348877,0.06184327135
44.41283142,-0.06276399739,-0.06277432323,-0.06526534398,0.06158845576
44.45972986,-0.06276549673,-0.06277448124,-0.06515072179,0.06130633308
44.50662831,-0.06276678742,-0.06277464808,-0.06500017419,0.0609975975
44.55352676,-0.06276787228,-0.0627748235,-0.06481425318,0.06066294316
44.60042521,-0.06276875414,-0.06277500727,-0.06459351076,0.06030306423
44.64732366,-0.06276943581,-0.06277519915,-0.06433849894,0.05991865489
44.69422211,-0.06276992012,-0.0627753989,-0.0640497697,0.05951040929
44.74112056,-0.06277020989,-0.0627756063,-0.06372787505,0.0590790216
44.78801901,-0.06277030795,-0.06277582109,-0.06337336699,0.05862518599
44.83491746,-0.06277021711,-0.06277604304,-0.06298679753,0.05814959661
44.88181591,-0.06276994021,-0.06277627193,-0.06256871865,0.05765294764
44.92871436,-0.06276948007,-0.0627765075,-0.06211968237,0.05713593324
44.97561281,-0.0627688395,-0.06277674953,-0.06164024067,0.05659924757
45.02251126,-0.06276802134,-0.06277699778,-0.06113094557,0.0560435848
45.0694097,-0.06276702839,-0.062777252,-0.06059234906,0.05546963909
45.11630815,-0.0627658635,-0.06277751197,-0.06002500314,0.05487810461
45.1632066,-0.06276452948,-0.06277777745,-0.0594294598,0.05426967552
45.21010505,-0.06276302915,-0.0627780482,-0.05880627106,0.05364504599
45.2570035,-0.06276136534,-0.06277832398,-0.05815598891,0.05300491019
45.30390195,-0.06275954087,-0.06277860456,-0.05747916535,0.05234996227
45.3508004,-0.06275755856,-0.0627788897,-0.05677635238,0.0516808964
45.39769885,-0.06275542124,-0.06277917916,-0.056048102,0.05099840675
45.4445973,-0.06275313173,-0.06277947271,-0.05529496621,0.05030318748
45.49149575,-0.06275069285,-0.06277977011,-0.05451749701,0.04959593275
45.5383942,-0.06274810743,-0.06278007113,-0.0537162464,0.04887733674
45.58529265,-0.06274537829,-0.06278037552,-0.05289176638,0.0481480936
45.6321911,-0.06274250825,-0.06278068305,-0.05204460895,0.04740889751
45.67908954,-0.06273950013,-0.06278099349,-0.05117532611,0.04666044262
45.72598799,-0.06273635677,-0.0627813066,-0.05028446987,0.0459034231
45.77288644,-0.06273308097,-0.06278162213,-0.04937259221,0.04513853312
45.81978489,-0.06272967557,-0.06278193986,-0.04844024514,0.04436646683
45.86668334,-0.06272614339,-0.06278225954,-0.04748798066,0.04358791841
45.91358179,-0.06272248725,-0.06278258095,-0.04651635077,0.04280358203
45.96048024,-0.06271870997,-0.06278290384,-0.04552590747,0.04201415183
46.00737869,-0.06271481439,-0.06278322797,-0.04451720277,0.041220322
46.05427714,-0.06271080331,-0.06278355312,-0.04349078865,0.04042278669
46.10117559,-0.06270667956,-0.06278387904,-0.04244721712,0.03962224006
46.14807404,-0.06270244598,-0.0627842055,-0.04138704018,0.0388193763
46.19497249,-0.06269810537,-0.06278453226,-0.04031080983,0.03801488955
46.24187094,-0.06269366057,-0.06278485908,-0.03921907807,0.03720947398
46.28876938,-0.06268911439,-0.06278518573,-0.03811239691,0.03640382376
46.33566783,-0.06268446966,-0.06278551197,-0.03699131833,0.03559863306
46.38256628,-0.06267972921,-0.06278583756,-0.03585639434,0.03479459603
46.42946473,-0.06267489585,-0.06278616227,-0.03470817694,0.03399240685
46.47636318,-0.06266997241,-0.06278648586,-0.03354721813,0.03319275967
46.52326163,-0.06266496171,-0.06278680809,-0.03237406991,0.03239634867
46.57016008,-0.06265986658,-0.06278712873,-0.03118928428,0.031603868
46.61705853,-0.06265468983,-0.06278744754,-0.02999341324,0.03081601184
46.66395698,-0.0626494343,-0.06278776428,-0.02878700879,0.03003347434
46.71085543,-0.0626441028,-0.06278807873,-0.02757062293,0.02925694967
46.75775388,-0.06263869816,-0.06278839063,-0.02634480766,0.028487132
46.80465233,-0.0626332232,-0.06278869975,-0.02511011498,0.02772471549
46.85155078,-0.06262768074,-0.06278900586,-0.02386709689,0.02697039431
46.89844922,-0.06262207361,-0.06278930872,-0.02261630538,0.02622486262
46.94534767,-0.06261640463,-0.0627896081,-0.02135829247,0.02548881458
46.99224612,-0.06261067663,-0.06278990375,-0.02009361015,0.02476294437
47.03914457,-0.06260489242,-0.06279019544,-0.01882281041,0.02404794614
47.08604302,-0.06259905483,-0.06279048294,-0.01754644527,0.02334451406
47.13294147,-0.06259316669,-0.062790766,-0.01626506671,0.02265334229
47.17983992,-0.06258723081,-0.06279104439,-0.01497922675,0.021975125
47.22673837,-0.06258125002,-0.06279131788,-0.01368947737,0.02131055636
47.27363682,-0.06257522714,-0.06279158622,-0.01239637058,0.02066033053
47.32053527,-0.062569165,-0.06279184918,-0.01110045839,0.02002514167
47.36743372,-0.06256306641,-0.06279210653,-0.009802292778,0.01940568396
47.41433217,-0.06255693421,-0.06279235802,-0.008502425759,0.01880265154
47.46123062,-0.06255077121,-0.06279260342,-0.00720140933,0.01821673859
47.50812906,-0.06254458025,-0.0627928425,-0.005899795489,0.01764863928
47.55502751,-0.06253836413,-0.06279307501,-0.004598136238,0.01709904777
47.60192596,-0.06253212568,-0.06279330072,-0.003296983576,0.01656865822
47.64882441,-0.06252586774,-0.0627935194,-0.001996889503,0.01605816479
47.69572286,-0.06251959311,-0.0627937308,-0.0006984060191,0.01556826166
47.74262131,-0.06251330463,-0.06279393469,0.0005979148755,0.01509964299
47.78951976,-0.06250700512,-0.06279413084,0.001891521181,0.01465300294
47.83641821,-0.06250069739,-0.062794319,0.003181860898,0.01422903567
47.88331666,-0.06249438428,-0.06279449894,0.004468382025,0.01382843536
47.93021511,-0.06248806861,-0.06279467043,0.005750532564,0.01345189616
47.97711356,-0.06248175319,-0.06279483322,0.007027760513,0.01310011225
48.02401201,-0.06247544086,-0.06279498708,0.008299513873,0.01277377778
48.07091046,-0.06246913443,-0.06279513178,0.009565240645,0.01247358693
48.1178089,-0.06246283673,-0.06279526707,0.01082438883,0.01220023385
48.16470735,-0.06245655059,-0.06279539272,0.01207640642,0.01195441271
48.2116058,-0.06245027882,-0.06279550849,0.01332074143,0.01173681767
48.25850425,-0.06244402424,-0.06279561415,0.01455684184,0.01154814291
48.3054027,-0.06243778969,-0.06279570946,0.01578415567,0.01138908258
48.35230115,-0.06243157799,-0.06279579419,0.01700213091,0.01126033085
48.3991996,-0.06242539195,-0.06279586809,0.01821021556,0.01116258189
48.44609805,-0.0624192344,-0.06279593093,0.01940785762,0.01109652986
48.4929965,-0.06241310817,-0.06279598247,0.02059450509,0.01106286892
48.53989495,-0.06240701607,-0.06279602248,0.02176960597,0.01106229324
48.5867934,-0.06240096093,-0.06279605072,0.02293260827,0.01109549698
48.63369185,-0.06239494558,-0.06279606695,0.02408295997,0.01116317432
48.6805903,-0.06238897284,-0.06279607094,0.02522010909,0.01126601941
48.72748874,-0.06238304552,-0.06279606244,0.02634350362,0.01140472641
48.77438719,-0.06237716646,-0.06279604123,0.02745259156,0.0115799895
48.82128564,-0.06237133847,-0.06279600707,0.02854682091,0.01179250284
48.86818409,-0.06236556438,-0.06279595972,0.02962563968,0.01204296059
48.91508254,-0.06235984702,-0.06279589894,0.03068849585,0.01233205692
48.96198099,-0.0623541892,-0.06279582449,0.03173483744,0.01266048599
49.00887944,-0.06234859375,-0.06279573615,0.03276411244,0.01302894197
49.05577789,-0.06234306349,-0.06279563367,0.03377576885,0.01343811902
49.10267634,-0.06233760124,-0.06279551681,0.03476925467,0.0138887113
49.14957479,-0.06233220984,-0.06279538535,0.0357440179,0.01438141299
49.19647324,-0.06232689209,-0.06279523903,0.03669950654,0.01491691825
49.24337169,-0.06232165083,-0.06279507764,0.0376351686,0.01549592124
49.29027014,-0.06231648888,-0.06279490092,0.03855045207,0.01611911612
49.33716858,-0.06231140905,-0.06279470865,0.03944480495,0.01678719707
49.38406703,-0.06230641419,-0.06279450058,0.04031767524,0.01750085824
49.43096548,-0.06230150709,-0.06279427648,0.04116851094,0.0182607938
49.47786393,-0.0622966906,-0.06279403611,0.04199676005,0.01906769792
49.52476238,-0.06229196753,-0.06279377924,0.04280187058,0.01992226476
49.57166083,-0.06228734071,-0.06279350563,0.04358329052,0.02082518848
49.61855928,-0.06228281296,-0.06279321505,0.04434046787,0.02177716326
49.66545773,-0.0622783871,-0.06279290724,0.04507285063,0.02277888324
49.71235618,-0.06227406595,-0.06279258199,0.0457798868,0.02383104261
49.75925463,-0.06226985235,-0.06279223905,0.04646102439,0.02493433552
49.80615308,-0.0622657491,-0.06279187819,0.04711571139,0.02608945615
49.85305153,-0.06226175905,-0.06279149917,0.0477433958,0.02729709864
49.89994997,-0.062257885,-0.06279110174,0.04834352562,0.02855795718
49.94684842,-0.06225412978,-0.06279068569,0.04891554885,0.02987272592
49.99374687,-0.06225049621,-0.06279025076,0.0494589135,0.03124209902
50.04064532,-0.06224704143,-0.06278981709,0.04998183198,0.03263183161
50.08754377,-0.06224385349,-0.06278941753,0.05049833663,0.03398506808
50.13444222,-0.06224093008,-0.06278905184,0.05100845887,0.03530119016
50.18134067,-0.06223826756,-0.06278871931,0.05151202378,0.03658040506
50.22823912,-0.06223586232,-0.06278841922,0.05200885645,0.03782292002
50.27513757,-0.06223371072,-0.06278815085,0.05249878197,0.03902894227
50.32203602,-0.06223180913,-0.06278791349,0.05298162543,0.04019867903
50.36893447,-0.06223015394,-0.06278770643,0.05345721191,0.04133233753
50.41583292,-0.0622287415,-0.06278752894,0.0539253665,0.04243012501
50.46273137,-0.06222756819,-0.0627873803,0.05438591428,0.04349224869
50.50962981,-0.06222663038,-0.06278725981,0.05483868036,0.0445189158
50.55652826,-0.06222592446,-0.06278716674,0.0552834898,0.04551033357
50.60342671,-0.06222544677,-0.06278710038,0.0557201677,0.04646670922
50.65032516,-0.06222519371,-0.06278706,0.05614853915,0.04738824999
50.69722361,-0.06222516164,-0.0627870449,0.05656842924,0.0482751631
50.74412206,-0.06222534694,-0.06278705436,0.05697966304,0.04912765579
50.79102051,-0.06222574597,-0.06278708766,0.05738206566,0.04994593528
50.83791896,-0.06222635511,-0.06278714408,0.05777546217,0.0507302088
50.88481741,-0.06222717073,-0.0627872229,0.05815967766,0.05148068358
50.93171586,-0.06222818921,-0.06278732342,0.05853453723,0.05219756685
50.97861431,-0.06222940691,-0.06278744491,0.05889986595,0.05288106584
51.02551276,-0.06223082021,-0.06278758665,0.05925548892,0.05353138777
51.07241121,-0.06223242547,-0.06278774793,0.05960123122,0.05414873987
51.11930965,-0.06223421908,-0.06278792804,0.05993691794,0.05473332938
51.1662081,-0.0622361974,-0.06278812625,0.06026237417,0.05528536352
51.21310655,-0.06223835681,-0.06278834184,0.06057742499,0.05580504953
51.260005,-0.06224069368,-0.06278857411,0.0608818955,0.05629259462
51.30690345,-0.06224320437,-0.06278882233,0.06117561078,0.05674820602
51.3538019,-0.06224588527,-0.0627890858,0.06145839591,0.05717209098
51.40070035,-0.06224873275,-0.06278936378,0.06173007599,0.05756445671
51.4475988,-0.06225174317,-0.06278965557,0.06199047609,0.05792551044
51.49449725,-0.06225491291,-0.06278996044,0.06223942132,0.05825545941
51.5413957,-0.06225823834,-0.06279027768,0.06247673676,0.05855451084
51.58829415,-0.06226171583,-0.06279060658,0.06270224748,0.05882287196
51.6351926,-0.06226534176,-0.06279094642,0.06291577859,0.05906075
51.68209105,-0.0622691125,-0.06279129647,0.06311715517,0.05926835219
51.72898949,-0.06227302441,-0.06279165603,0.0633062023,0.05944588575
51.77588794,-0.06227707388,-0.06279202438,0.06348274508,0.05959355792
51.82278639,-0.06228125728,-0.06279240079,0.06364660858,0.05971157592
51.86968484,-0.06228557097,-0.06279278456,0.06379761791,0.05980014698
51.91658329,-0.06229001132,-0.06279317497,0.06393559814,0.05985947834
51.96348174,-0.06229457472,-0.06279357129,0.06406037436,0.05988977722
52.01038019,-0.06229925753,-0.06279397281,0.06417177166,0.05989125084
52.05727864,-0.06230405613,-0.06279437883,0.06426961513,0.05986410644
52.10417709,-0.06230896688,-0.06279478861,0.06435372985,0.05980855125
52.15107554,-0.06231398616,-0.06279520144,0.06442394091,0.05972479249
52.19797399,-0.06231911035,-0.0627956166,0.0644800734,0.0596130374
52.24487244,-0.06232433581,-0.06279603339,0.06452195241,0.0594734932
52.29177089,-0.06232965891,-0.06279645108,0.06454940303,0.05930636712
52.33866933,-0.06233507603,-0.06279686895,0.06456225033,0.05911186639
52.38556778,-0.06234058354,-0.06279728629,0.06456031941,0.05889019824
52.43246623,-0.06234617782,-0.06279770238,0.06454343536,0.0586415699
52.47936468,-0.06235185522,-0.0627981165,0.06451142326,0.05836618859
52.52626313,-0.06235761214,-0.06279852795,0.06446410821,0.05806426155
52.57316158,-0.06236344493,-0.06279893599,0.06440131528,0.057735996
52.62006003,-0.06236934998,-0.06279933992,0.06432286956,0.05738159917
52.66695848,-0.06237532365,-0.06279973901,0.06422859615,0.05700127829
52.71385693,-0.06238136231,-0.06280013255,0.06411832013,0.05659524059
52.76075538,-0.06238746234,-0.06280051983,0.06399186658,0.0561636933
52.80765383,-0.06239362011,-0.06280090012,0.0638490606,0.05570684365
52.85455228,-0.06239983199,-0.06280127272,0.06368972727,0.05522489887
52.90145073,-0.06240609436,-0.06280163689,0.06351369168,0.05471806617
52.94834917,-0.06241240358,-0.06280199193,0.06332077892,0.05418655281
52.99524762,-0.06241875603,-0.06280233712,0.06311081407,0.05363056599
53.04214607,-0.06242514808,-0.06280267175,0.06288362222,0.05305031295
53.08904452,-0.0624315761,-0.06280299509,0.06263902846,0.05244600093
53.13594297,-0.06243803647,-0.06280330643,0.06237685787,0.05181783714
53.18284142,-0.06244452555,-0.06280360505,0.06209693555,0.05116602882
53.22973987,-0.06245103973,-0.06280389023,0.06179908658,0.05049078319
53.27663832,-0.06245757536,-0.06280416126,0.06148313605,0.04979230749
53.32353677,-0.06246412883,-0.06280441743,0.06114890904,0.04907080894
53.37043522,-0.06247069651,-0.06280465801,0.06079623065,0.04832649477
53.41733367,-0.06247727476,-0.06280488229,0.06042492595,0.04755957221
53.46423212,-0.06248385996,-0.06280508954,0.06003482005,0.04677024849
53.51113057,-0.06249044848,-0.06280527907,0.05962573801,0.04595873084
53.55802901,-0.0624970367,-0.06280545014,0.05919750494,0.04512522649
53.60492746,-0.06250362099,-0.06280560204,0.05874994592,0.04426994266
53.65182591,-0.06251019771,-0.06280573405,0.05828288604,0.04339308658
53.69872436,-0.06251676324,-0.06280584546,0.05779615038,0.04249486549
53.74562281,-0.06252331396,-0.06280593555,0.05728956403,0.04157548661
53.79252126,-0.06252984623,-0.06280600361,0.05676295208,0.04063515717
53.83941971,-0.06253635643,-0.06280604891,0.05621613961,0.0396740844
53.88631816,-0.06254284093,-0.06280607074,0.05564895172,0.03869247552
53.93321661,-0.0625492961,-0.06280606839,0.05506121349,0.03769053778
53.98011506,-0.06255571831,-0.06280604113,0.05445275001,0.03666847838
54.02701351,-0.06256210394,-0.06280598824,0.05382338636,0.03562650457
54.07391196,-0.06256844936,-0.06280590903,0.05317294763,0.03456482358
54.12081041,-0.06257475094,-0.06280580275,0.05250125892,0.03348364262
54.16770885,-0.06258100505,-0.06280566871,0.0518081453,0.03238316893
54.2146073,-0.06258720807,-0.06280550618,0.05109343187,0.03126360975
54.26150575,-0.06259335636,-0.06280531444,0.05035694371,0.03012517229
54.3084042,-0.0625994463,-0.06280509278,0.04959850591,0.02896806378
54.35530265,-0.06260547426,-0.06280484048,0.04881794355,0.02779249146
54.4022011,-0.06261143661,-0.06280455683,0.04801508173,0.02659866256
54.44909955,-0.06261732974,-0.06280424111,0.04718974553,0.02538678429
54.495998,-0.06262314999,-0.06280389259,0.04634176004,0.0241570639
54.54289645,-0.06262889376,-0.06280351057,0.04547095035,0.0229097086
54.5897949,-0.06263455741,-0.06280309433,0.04457714154,0.02164492564
54.63669335,-0.06264013731,-0.06280264315,0.0436601587,0.02036292223
54.6835918,-0.06264562984,-0.06280215631,0.04271982692,0.01906390561
54.73049025,-0.06265103137,-0.0628016331,0.04175597128,0.017748083
54.77738869,-0.06265633827,-0.0628010728,0.04076841688,0.01641566164
54.82428714,-0.06266154691,-0.06280047469,0.0397569888,0.01506684874
54.87118559,-0.06266665367,-0.06279983806,0.03872151212,0.01370185155
54.91808404,-0.06267165491,-0.06279916219,0.03766181194,0.01232087729
54.96498249,-0.06267654701,-0.06279844636,0.03657771334,0.01092413318
55.01188094,-0.06268132635,-0.06279768986,0.03546904141,0.009511826466
55.05877939,-0.06268598929,-0.06279689196,0.03433562124,0.008084164364
55.10567784,-0.0626905322,-0.06279605196,0.03317727791,0.006641354106
55.15257629,-0.06269495146,-0.06279516914,0.03199383651,0.005183602921
55.19947474,-0.06269924344,-0.06279424277,0.03078512214,0.003711118037
55.24637319,-0.06270340451,-0.06279327215,0.02955095987,0.002224106684
55.29327164,-0.06270743105,-0.06279225655,0.02829117479,0.0007227760898
55.34017009,-0.06271131943,-0.06279119525,0.02700559199,-0.0007926665164
55.38706853,-0.06271506601,-0.06279008755,0.02569403656,-0.002322013906
55.43396698,-0.06271866717,-0.06278893273,0.02435633359,-0.003865058851
55.48086543,-0.06272211929,-0.06278773006,0.02299230816,-0.005421594121
55.52776388,-0.06272541873,-0.06278647884,0.02160178536,-0.006991412489
55.57466233,-0.06272856187,-0.06278517833,0.02018459028,-0.008574306725
55.62156078,-0.06273154508,-0.06278382784,0.018740548,-0.0101700696
55.66845923,-0.06273436473,-0.06278242663,0.01726948362,-0.01177849389
55.71535768,-0.06273701719,-0.062780974,0.01577122221,-0.01339937236
55.76225613,-0.06273949884,-0.06277946923,0.01424558887,-0.01503249778
55.80915458,-0.06274180605,-0.0627779116,0.01269240869,-0.01667766293
55.85605303,-0.06274393519,-0.06277630039,0.01111150675,-0.01833466057
55.90295148,-0.06274588263,-0.06277463488,0.009502708133,-0.02000328349
55.94984992,-0.06274764475,-0.06277291437,0.007865837936,-0.02168332444
55.99674837,-0.06274921791,-0.06277113813,0.006200721242,-0.0233745762
56.04364682,-0.06275059849,-0.06276930544,0.00450718314,-0.02507683154
56.09054527,-0.06275178287,-0.0627674156,0.002785048716,-0.02678988324
56.13744372,-0.0627527674,-0.06276546787,0.001034143058,-0.02851352406
56.18434217,-0.06275354848,-0.06276346155,-0.0007457087469,-0.03024754677
56.23124062,-0.06275412246,-0.06276139593,-0.002554681612,-0.03199174415
56.27813907,-0.06275452533,-0.06275931922,-0.004381119071,-0.03373380448
56.32503752,-0.06275491783,-0.06275742979,-0.006176628928,-0.03542407863
56.37193597,-0.06275531729,-0.06275574371,-0.007936294243,-0.03705771186
56.41883442,-0.06275572353,-0.06275425517,-0.009660461025,-0.03863524927
56.46573287,-0.06275613637,-0.06275295834,-0.01134947529,-0.04015723594
56.51263132,-0.06275655564,-0.06275184742,-0.01300368304,-0.04162421699
56.55952976,-0.06275698117,-0.06275091658,-0.01462343029,-0.04303673749
56.60642821,-0.06275741277,-0.06275016,-0.01620906305,-0.04439534255
56.65332666,-0.06275785027,-0.06274957187,-0.01776092734,-0.04570057727
56.70022511,-0.06275829349,-0.06274914638,-0.01927936916,-0.04695298673
56.74712356,-0.06275874226,-0.0627488777,-0.02076473453,-0.04815311604
56.79402201,-0.06275919639,-0.06274876001,-0.02221736945,-0.04930151029
56.84092046,-0.06275965572,-0.06274878751,-0.02363761994,-0.05039871457
56.88781891,-0.06276012007,-0.06274895437,-0.025025832,-0.05144527399
56.93471736,-0.06276058925,-0.06274925478,-0.02638235166,-0.05244173363
56.98161581,-0.06276106309,-0.06274968292,-0.02770752491,-0.05338863859
57.02851426,-0.06276154142,-0.06275023296,-0.02900169778,-0.05428653397
57.07541271,-0.06276202406,-0.06275089911,-0.03026521627,-0.05513596487
57.12231116,-0.06276251084,-0.06275167553,-0.03149842639,-0.05593747637
57.1692096,-0.06276300156,-0.06275255641,-0.03270167415,-0.05669161357
57.21610805,-0.06276349607,-0.06275353594,-0.03387530558,-0.05739892158
57.2630065,-0.06276399418,-0.06275460829,-0.03501966666,-0.05805994548
57.30990495,-0.06276449571,-0.06275576765,-0.03613510343,-0.05867523038
57.3568034,-0.06276500049,-0.0627570082,-0.03722196188,-0.05924532135
57.40370185,-0.06276550834,-0.06275832413,-0.03828058803,-0.05977076352
57.4506003,-0.06276601909,-0.06275970962,-0.03931132789,-0.06025210195
57.49749875,-0.06276653256,-0.06276115884,-0.04031452747,-0.06068988177
57.5443972,-0.06276704857,-0.06276266599,-0.04129053279,-0.06108464805
57.59129565,-0.06276756695,-0.06276422525,-0.04223968984,-0.06143694589
57.6381941,-0.06276808751,-0.0627658308,-0.04316234466,-0.06174732039
57.68509255,-0.06276861009,-0.06276747682,-0.04405884323,-0.06201631665
57.731991,-0.0627691345,-0.06276915749,-0.04492953159,-0.06224447976
57.77888944,-0.06276966057,-0.062770867,-0.04577475573,-0.06243235482
57.82578789,-0.06277018812,-0.06277259954,-0.04659486166,-0.06258048692
57.87268634,-0.06277071698,-0.06277434927,-0.04739019541,-0.06268942115
57.91958479,-0.06277124696,-0.0627761104,-0.04816110298,-0.06275970262
57.96648324,-0.0627717779,-0.06277787709,-0.04890793038,-0.06279187642
58.01338169,-0.06277230961,-0.06277964354,-0.04963102362,-0.06278648764
58.06028014,-0.06277284192,-0.06278140392,-0.05033072872,-0.06274408138
58.10717859,-0.06277337466,-0.06278315242,-0.05100739167,-0.06266520274
58.15407704,-0.06277390764,-0.06278488322,-0.05166135851,-0.0625503968
58.20097549,-0.06277444068,-0.06278659051,-0.05229297523,-0.06240020868
58.24787394,-0.06277497362,-0.06278826846,-0.05290258785,-0.06221518345
58.29477239,-0.06277550628,-0.06278991126,-0.05349054238,-0.06199586622
58.34167084,-0.06277603847,-0.0627915131,-0.05405718482,-0.06174280209
58.38856928,-0.06277657002,-0.06279306815,-0.0546028612,-0.06145653614
58.43546773,-0.06277710076,-0.06279457059,-0.05512791752,-0.06113761348
58.48236618,-0.06277763051,-0.06279601462,-0.05563269979,-0.0607865792
58.52926463,-0.06277815909,-0.06279739442,-0.05611755402,-0.06040397839
58.57616308,-0.06277868633,-0.06279870416,-0.05658282623,-0.05999035615
58.62306153,-0.06277921204,-0.06279993803,-0.05702886242,-0.05954625758
58.66995998,-0.06277973606,-0.06280109022,-0.05745600861,-0.05907222777
58.71685843,-0.0627802582,-0.0628021549,-0.05786461081,-0.05856881182
58.76375688,-0.06278077829,-0.06280312626,-0.05825501502,-0.05803655482
58.81065533,-0.06278129615,-0.06280399848,-0.05862756727,-0.05747600187
58.85755378,-0.0627818116,-0.06280476574,-0.05898261355,-0.05688769806
58.90445223,-0.06278232448,-0.06280542223,-0.05932049989,-0.0562721885
58.95135068,-0.0627828346,-0.06280596213,-0.05964157229,-0.05563001827
58.99824912,-0.06278334178,-0.06280637963,-0.05994617676,-0.05496173246
59.04514757,-0.06278384585,-0.0628066689,-0.06023465932,-0.05426787619
59.09204602,-0.06278434663,-0.06280682413,-0.06050736598,-0.05354899454
59.13894447,-0.06278484394,-0.0628068395,-0.06076464274,-0.0528056326
59.18584292,-0.06278533762,-0.0628067092,-0.06100683561,-0.05203833548
59.23274137,-0.06278582747,-0.0628064274,-0.06123429062,-0.05124764826
59.27963982,-0.06278631334,-0.0628059883,-0.06144735377,-0.05043411605
59.32653827,-0.06278679503,-0.06280538606,-0.06164637106,-0.04959828394
59.37343672,-0.06278727237,-0.06280461489,-0.06183168852,-0.04874069702
59.42033517,-0.06278774518,-0.06280366895,-0.06200365215,-0.04786190039
59.46723362,-0.0627882133,-0.06280254244,-0.06216260797,-0.04696243915
59.51413207,-0.06278867653,-0.06280122952,-0.06230890198,-0.04604285839
59.56103052,-0.06278913472,-0.0627997244,-0.06244288019,-0.04510370321
59.60792896,-0.06278958767,-0.06279802125,-0.06256488862,-0.0441455187
59.65482741,-0.06279003521,-0.06279611425,-0.06267527328,-0.04316884996
59.70172586,-0.06279047716,-0.06279399759,-0.06277438018,-0.04217424209
59.74862431,-0.06279091336,-0.06279166544,-0.06286255533,-0.04116224017
59.79552276,-0.06279134361,-0.062789112,-0.06294014474,-0.04013338931
59.84242121,-0.06279176775,-0.06278633144,-0.06300749442,-0.03908823459
59.88931966,-0.0627921856,-0.06278331795,-0.06306495038,-0.03802732113
59.93621811,-0.06279259698,-0.06278006572,-0.06311285864,-0.036951194
59.98311656,-0.06279300172,-0.06277656891,-0.0631515652,-0.03586039832
60.03001501,-0.06279339963,-0.06277282172,-0.06318141608,-0.03475547916
60.07691346,-0.06279379055,-0.06276881833,-0.06320275728,-0.03363698164
60.12381191,-0.06279417429,-0.06276455293,-0.06321593483,-0.03250545083
60.17071036,-0.06279455067,-0.06276001969,-0.06322129472,-0.03136143185
60.2176088,-0.06279491953,-0.06275521279,-0.06321918297,-0.03020546978
60.26450725,-0.06279528069,-0.06275012643,-0.06320994559,-0.02903810972
60.3114057,-0.06279563396,-0.06274475478,-0.06319392859,-0.02785989677
60.35830415,-0.06279597917,-0.06273909203,-0.06317147799,-0.02667137602
60.4052026,-0.06279631615,-0.06273313236,-0.06314293979,-0.02547309257
60.45210105,-0.06279664472,-0.06272686995,-0.06310866001,-0.0242655915
60.4989995,-0.0627969647,-0.06272029898,-0.06306898465,-0.02304941793
60.54589795,-0.06279727591,-0.06271341364,-0.06302425973,-0.02182511694
60.5927964,-0.06279757818,-0.06270620812,-0.06297483126,-0.02059323363
60.63969485,-0.06279787133,-0.06269867659,-0.06292104524,-0.0193543131
60.6865933,-0.06279815519,-0.06269081323,-0.0628632477,-0.01810890043
60.73349175,-0.06279842957,-0.06268261223,-0.06280178463,-0.01685754073
60.7803902,-0.06279869431,-0.06267406778,-0.06273700206,-0.01560077909
60.82728864,-0.06279894922,-0.06266517405,-0.062669246,-0.01433916061
60.87418709,-0.06279919413,-0.06265592524,-0.06259886244,-0.01307323039
60.92108554,-0.06279942886,-0.06264631551,-0.06252619741,-0.0118035335
60.96798399,-0.06279965324,-0.06263633905,-0.06245159692,-0.01053061507
61.01488244,-0.06279986708,-0.06262599006,-0.06237540697,-0.009255020171
61.06178089,-0.06280007021,-0.0626152627,-0.06229797359,-0.007977293908
61.10867934,-0.06280026246,-0.06260415117,-0.06221964277,-0.006697981376
61.15557779,-0.06280044365,-0.06259264964,-0.06214076053,-0.005417627669
61.20247624,-0.0628006136,-0.0625807523,-0.06206167288,-0.004136777884
61.24937469,-0.06280077213,-0.06256845333,-0.06198272584,-0.002855977116
61.29627314,-0.06280091907,-0.06255574691,-0.0619042654,-0.00157577046
61.34317159,-0.06280105424,-0.06254262724,-0.0618266376,-0.0002967030119
61.39007004,-0.06280117747,-0.06252908848,-0.06175018842,0.0009806801325
61.43696848,-0.06280128857,-0.06251512483,-0.0616752639,0.002255833878
61.48386693,-0.06280138738,-0.06250073046,-0.06160221003,0.003528213128
61.53076538,-0.06280147371,-0.06248589956,-0.06153137283,0.004797272789
61.57766383,-0.06280154739,-0.06247062631,-0.06146309831,0.006062467763
61.62456228,-0.06280160824,-0.0624549049,-0.06139773248,0.007323252957
61.67146073,-0.06280165608,-0.0624387295,-0.06133562135,0.008579083273
61.71835918,-0.06280169074,-0.0624220943,-0.06127711093,0.009829413617
61.76525763,-0.06280171205,-0.06240499349,-0.06122254723,0.01107369889
61.81215608,-0.06280171981,-0.06238742124,-0.06117227627,0.01231139401
61.85905453,-0.06280171387,-0.06236937175,-0.06112664406,0.01354195386
61.90595298,-0.06280169403,-0.06235083918,-0.0610859966,0.01476483336
61.95285143,-0.06280166013,-0.06233181773,-0.06105067991,0.01597948741
61.99974987,-0.06280161199,-0.06231230157,-0.06102104,0.01718537091
62.04664832,-0.06280154943,-0.0622922849,-0.06099742287,0.01838193877
62.09354677,-0.06280147228,-0.06227176189,-0.06098017455,0.0195686459
62.14044522,-0.06280138035,-0.06225072672,-0.06096964104,0.02074494719
62.18734367,-0.06280127347,-0.06222917359,-0.06096616835,0.02191029756
62.23424212,-0.06280115147,-0.06220709666,-0.06097010249,0.0230641519
62.28114057,-0.06280101416,-0.06218449014,-0.06098178948,0.02420596512
62.32803902,-0.06280086138,-0.06216134818,-0.06100157533,0.02533519213
62.37493747,-0.06280069294,-0.06213766499,-0.06102980604,0.02645128783
62.42183592,-0.06280050867,-0.06211343475,-0.06106682763,0.02755370712
62.46873437,-0.06280030839,-0.06208865163,-0.0611129861,0.02864190491
62.51563282,-0.06280009378,-0.06206358487,-0.06116801441,0.0297149706
62.56253127,-0.06279988885,-0.06204176151,-0.06122419005,0.0307678316
62.60942971,-0.0627997007,-0.06202414202,-0.06127909875,0.03179918132
62.65632816,-0.06279952896,-0.06201057597,-0.06133275388,0.03280923124
62.70322661,-0.06279937326,-0.06200091291,-0.06138516881,0.03379819286
62.75012506,-0.06279923323,-0.0619950024,-0.06143635693,0.03476627767
62.79702351,-0.0627991085,-0.06199269399,-0.06148633159,0.03571369714
62.84392196,-0.06279899871,-0.06199383724,-0.06153510617,0.03664066278
62.89082041,-0.06279890348,-0.0619982817,-0.06158269405,0.03754738606
62.93771886,-0.06279882246,-0.06200587693,-0.0616291086,0.03843407848
62.98461731,-0.06279875526,-0.06201647249,-0.06167436319,0.03930095153
63.03151576,-0.06279870153,-0.06202991792,-0.06171847119,0.04014821669
63.07841421,-0.0627986609,-0.0620460628,-0.06176144597,0.04097608546
63.12531266,-0.06279863299,-0.06206475667,-0.06180330092,0.04178476931
63.17221111,-0.06279861743,-0.06208584908,-0.06184404939,0.04257447975
63.21910955,-0.06279861387,-0.0621091896,-0.06188370477,0.04334542825
63.266008,-0.06279862193,-0.06213462778,-0.06192228042,0.04409782631
63.31290645,-0.06279864125,-0.06216201318,-0.06195978972,0.04483188541
63.3598049,-0.06279867145,-0.06219119535,-0.06199624604,0.04554781705
63.40670335,-0.06279871217,-0.06222202385,-0.06203166275,0.04624583271
63.4536018,-0.06279876304,-0.06225434823,-0.06206605323,0.04692614388
63.50050025,-0.06279882369,-0.06228801805,-0.06209943085,0.04758896205
63.5473987,-0.06279889375,-0.06232288286,-0.06213180898,0.04823449871
63.59429715,-0.06279897286,-0.06235879223,-0.062163201,0.04886296534
63.6411956,-0.06279906064,-0.0623955957,-0.06219362027,0.04947457344
63.68809405,-0.06279915674,-0.06243314283,-0.06222308017,0.05006953449
63.7349925,-0.06279926077,-0.06247128319,-0.06225159407,0.05064805999
63.78189095,-0.06279937238,-0.06250986632,-0.06227917535,0.05121036141
63.82878939,-0.06279949119,-0.06254874178,-0.06230583737,0.05175665025
63.87568784,-0.06279961683,-0.06258775912,-0.06233159351,0.052287138
63.92258629,-0.06279974895,-0.06262676791,-0.06235645715,0.05280203614
63.96948474,-0.06279988716,-0.06266561769,-0.06238044165,0.05330155617
64.01638319,-0.06280003111,-0.06270415803,-0.06240356038,0.05378590957
64.06328164,-0.06280018042,-0.06274223847,-0.06242582673,0.05425530783
64.11018009,-0.06280033472,-0.06277970858,-0.06244725406,0.05470996244
64.15707854,-0.06280049365,-0.06281641791,-0.06246785574,0.05515008489
64.20397699,-0.06280065684,-0.06285221602,-0.06248764516,0.05557588666
64.25087544,-0.06280082392,-0.06288695246,-0.06250663567,0.05598757925
64.29777389,-0.06280099453,-0.06292047679,-0.06252484065,0.05638537414
64.34467234,-0.06280116829,-0.06295263857,-0.06254227348,0.05676948283
64.39157079,-0.06280134483,-0.06298328734,-0.06255894753,0.05714011679
64.43846923,-0.06280152379,-0.06301227267,-0.06257487617,0.05749748753
64.48536768,-0.0628017048,-0.06303944411,-0.06259007278,0.05784180652
64.53226613,-0.0628018875,-0.06306465121,-0.06260455071,0.05817328526
64.57916458,-0.06280207151,-0.06308774354,-0.06261832336,0.05849213523
64.62606303,-0.06280225646,-0.06310857065,-0.06263140409,0.05879856792
64.67296148,-0.06280244199,-0.0631269821,-0.06264380627,0.05909279483
64.71985993,-0.06280262773,-0.06314282743,-0.06265554328,0.05937502744
64.76675838,-0.06280281331,-0.06315595621,-0.06266662849,0.05964547723
64.81365683,-0.06280299836,-0.063166218,-0.06267707527,0.0599043557
64.86055528,-0.06280318252,-0.06317346234,-0.06268689699,0.06015187434
64.90745373,-0.06280336542,-0.06317753879,-0.06269610703,0.06038824463
64.95435218,-0.06280354668,-0.06317829692,-0.06270471876,0.06061367806
65.00125063,-0.06280372594,-0.06317558627,-0.06271274555,0.06082838612
65.04814907,-0.06280390284,-0.0631692564,-0.06272020078,0.0610325803
65.09504752,-0.062804077,-0.06315915687,-0.06272709781,0.06122647209
65.14194597,-0.06280424805,-0.06314513723,-0.06273345002,0.06141027298
65.18884442,-0.06280441563,-0.06312704704,-0.06273927079,0.06158419445
65.23574287,-0.06280457937,-0.06310473586,-0.06274457348,0.06174844799
65.28264132,-0.06280473891,-0.06307805323,-0.06274937147,0.0619032451
65.32953977,-0.06280489386,-0.06304684872,-0.06275367812,0.06204879726
65.37643822,-0.06280504387,-0.06301097189,-0.06275750683,0.06218531595
65.42333667,-0.06280518857,-0.06297027228,-0.06276087094,0.06231301267
65.47023512,-0.06280532758,-0.06292459945,-0.06276378385,0.06243209891
65.51713357,-0.06280546055,-0.06287380297,-0.06276625891,0.06254278615
65.56403202,-0.0628055871,-0.06281773238,-0.06276830951,0.06264528589
65.61093047,-0.06280570686,-0.06275623724,-0.06276994901,0.0627398096
65.65782891,-0.06280581947,-0.0626891671,-0.06277119079,0.06282656879
65.70472736,-0.06280592455,-0.06261637153,-0.06277204823,0.06290577493
65.75162581,-0.06280602175,-0.06253770008,-0.06277253468,0.06297763952
65.79852426,-0.06280611069,-0.06245300231,-0.06277266354,0.06304237405
65.84542271,-0.062806191,-0.06236212776,-0.06277244816,0.06310018999
65.89232116,-0.06280626231,-0.062264926,-0.06277190192,0.06315129886
65.93921961,-0.06280632426,-0.06216124658,-0.0627710382,0.06319591212
65.98611806,-0.06280637648,-0.06205093906,-0.06276987036,0.06323424127
66.03301651,-0.0628064186,-0.06193385299,-0.06276841178,0.0632664978
66.07991496,-0.06280645026,-0.06180983793,-0.06276667584,0.06329289319
66.12681341,-0.06280647108,-0.06167874344,-0.0627646759,0.06331363894
66.17371186,-0.06280648069,-0.06154041906,-0.06276242533,0.06332894653
66.22061031,-0.06280647873,-0.06139471437,-0.06275993752,0.06333902745
66.26750875,-0.06280646483,-0.0612414789,-0.06275722583,0.0633440932
66.3144072,-0.06280643863,-0.06108056223,-0.06275430363,0.06334435525
66.36130565,-0.06280639974,-0.06091181389,-0.0627511843,0.0633400251
66.4082041,-0.06280634782,-0.06073508346,-0.06274788121,0.06333131423
66.45510255,-0.06280628248,-0.06055022049,-0.06274440774,0.06331843414
66.502001,-0.06280620335,-0.06035707452,-0.06274077724,0.06330159631
66.54889945,-0.06280611008,-0.06015549512,-0.06273700311,0.06328101223
66.5957979,-0.0628060023,-0.05994533185,-0.06273309871,0.06325689339
66.64269635,-0.06280587962,-0.05972643425,-0.06272907741,0.06322945128
66.6895948,-0.06280574169,-0.05949865189,-0.06272495258,0.06319889739
66.73649325,-0.06280558815,-0.05926183432,-0.0627207376,0.0631654432
66.7833917,-0.06280541861,-0.0590158311,-0.06271644585,0.0631293002
66.83029015,-0.06280523271,-0.05876049178,-0.06271209069,0.06309067989
66.87718859,-0.06280503008,-0.05849566592,-0.06270768549,0.06304979374
66.92408704,-0.06280481037,-0.05822120307,-0.06270324363,0.06300685326
66.97098549,-0.06280457319,-0.05793695279,-0.06269877849,0.06296206992
67.01788394,-0.06280431817,-0.05764276463,-0.06269430342,0.06291565522
67.06478239,-0.06280404496,-0.05733848816,-0.06268983182,0.06286782064
67.11168084,-0.06280375318,-0.05702397293,-0.06268537704,0.06281877767
67.15857929,-0.06280344247,-0.05669906848,-0.06268095247,0.06276873781
67.20547774,-0.06280311246,-0.05636362439,-0.06267657147,0.06271791254
67.25237619,-0.06280276277,-0.0560174902,-0.06267224741,0.06266651334
67.29927464,-0.06280239304,-0.05566051547,-0.06266799368,0.06261475171
67.34617309,-0.0628020029,-0.05529254976,-0.06266382364,0.06256283914
67.39307154,-0.06280159199,-0.05491344262,-0.06265975066,0.06251098711
67.43996998,-0.06280115993,-0.05452304361,-0.06265578812,0.06245940712
67.48686843,-0.06280070637,-0.05412120228,-0.06265194939,0.06240831064
67.53376688,-0.06280023092,-0.05370776819,-0.06264824784,0.06235790917
67.58066533,-0.06279973322,-0.05328259089,-0.06264469685,0.0623084142
67.62756378,-0.0627992129,-0.05284551995,-0.06264130978,0.06226003722
67.67446223,-0.0627986696,-0.05239640491,-0.06263810002,0.06221298971
67.72136068,-0.06279810295,-0.05193509534,-0.06263508092,0.06216748317
67.76825913,-0.06279751257,-0.05146144078,-0.06263226588,0.06212372907
67.81515758,-0.06279689811,-0.0509752908,-0.06262966825,0.06208193892
67.86205603,-0.06279625919,-0.05047649495,-0.06262730141,0.0620423242
67.90895448,-0.06279559544,-0.04996490279,-0.06262517874,0.06200509639
67.95585293,-0.0627949065,-0.04944036386,-0.0626233136,0.06197046699
68.00275138,-0.06279419199,-0.04890272774,-0.06262171937,0.06193864748
68.04964982,-0.06279345156,-0.04835184397,-0.06262040942,0.06190984936
68.09654827,-0.06279268483,-0.0477875621,-0.06261939713,0.0618842841
68.14344672,-0.06279189143,-0.04720973171,-0.06261869586,0.06186216321
68.19034517,-0.06279107099,-0.04661820233,-0.06261831899,0.06184369816
68.23724362,-0.06279022315,-0.04601282353,-0.06261827989,0.06182910046
68.28414207,-0.06278934754,-0.04539344486,-0.06261859194,0.06181858157
68.33104052,-0.0627884438,-0.04475991588,-0.0626192685,0.061812353
68.37793897,-0.06278751154,-0.04411208615,-0.06262032295,0.06181062623
68.42483742,-0.06278655041,-0.04344980521,-0.06262176867,0.06181361276
68.47173587,-0.06278556003,-0.04277292263,-0.06262361901,0.06182152406
68.51863432,-0.06278454005,-0.04208128797,-0.06262588737,0.06183457163
68.56553277,-0.06278349008,-0.04137475077,-0.06262858711,0.06185296695
68.61243122,-0.06278240976,-0.04065316059,-0.06263173159,0.06187692152
68.65932966,-0.06278129873,-0.03991636699,-0.06263533421,0.06190664683
68.70622811,-0.06278015661,-0.03916421953,-0.06263940832,0.06194235435
68.75312656,-0.0627789833,-0.03839657741,-0.06264396597,0.06198423809
68.80002501,-0.06277784285,-0.03761581057,-0.06264868085,0.06202804618
68.84692346,-0.06277678373,-0.03682401142,-0.06265329178,0.06207039656
68.89382191,-0.0627758041,-0.03602143958,-0.06265779597,0.0621113089
68.94072036,-0.06277490208,-0.0352083547,-0.06266219068,0.06215080288
68.98761881,-0.06277407581,-0.0343850164,-0.06266647313,0.06218889817
69.03451726,-0.06277332342,-0.03355168432,-0.06267064056,0.06222561445
69.08141571,-0.06277264306,-0.0327086181,-0.06267469021,0.06226097138
69.12831416,-0.06277203285,-0.03185607737,-0.06267861931,0.06229498864
69.17521261,-0.06277149094,-0.03099432176,-0.0626824251,0.0623276859
69.22211106,-0.06277101546,-0.03012361091,-0.06268610481,0.06235908285
69.2690095,-0.06277060454,-0.02924420445,-0.06268965568,0.06238919914
69.31590795,-0.06277025632,-0.02835636201,-0.06269307494,0.06241805447
69.3628064,-0.06276996894,-0.02746034324,-0.06269635984,0.06244566849
69.40970485,-0.06276974053,-0.02655640777,-0.0626995076,0.06247206088
69.4566033,-0.06276956924,-0.02564481522,-0.06270251546,0.06249725133
69.50350175,-0.06276945318,-0.02472582524,-0.06270538067,0.06252125949
69.5504002,-0.06276939051,-0.02379969746,-0.06270810044,0.06254410505
69.59729865,-0.06276937935,-0.02286669151,-0.06271067203,0.06256580767
69.6441971,-0.06276941785,-0.02192706702,-0.06271309266,0.06258638704
69.69109555,-0.06276950414,-0.02098108364,-0.06271535958,0.06260586282
69.737994,-0.06276963635,-0.020029001,-0.06271747001,0.0626242547
69.78489245,-0.06276981262,-0.01907107872,-0.06271942119,0.06264158233
69.8317909,-0.06277003108,-0.01810757645,-0.06272121036,0.06265786541
69.87868934,-0.06277028988,-0.01713875382,-0.06272283476,0.06267312359
69.92558779,-0.06277058715,-0.01616487047,-0.06272429161,0.06268737656
69.97248624,-0.06277092102,-0.01518618602,-0.06272557817,0.06270064399
70.01938469,-0.06277128963,-0.01420296011,-0.06272669165,0.06271294554
70.06628314,-0.06277169111,-0.01321545238,-0.0627276293,0.06272430091
70.11318159,-0.06277212361,-0.01222392246,-0.06272838835,0.06273472975
70.16008004,-0.06277258526,-0.01122862999,-0.06272896605,0.06274425175
70.20697849,-0.06277307418,-0.0102298346,-0.06272935962,0.06275288657
70.25387694,-0.06277358853,-0.009227795921,-0.0627295663,0.06276065389
70.30077539,-0.06277412644,-0.008222773591,-0.06272958332,0.06276757339
70.34767384,-0.06277468603,-0.007215027244,-0.06272940793,0.06277366473
70.39457229,-0.06277526545,-0.006204816515,-0.06272903735,0.0627789476
70.44147074,-0.06277586284,-0.005192401037,-0.06272846883,0.06278344166
70.48836918,-0.06277647632,-0.004178040445,-0.0627276996,0.06278716659
70.53526763,-0.06277710404,-0.003161994374,-0.06272672689,0.06279014207
70.58216608,-0.06277774413,-0.002144522458,-0.06272554795,0.06279238776
70.62906453,-0.06277839472,-0.001125884331,-0.06272416,0.06279392334
70.67596298,-0.06277905396,-0.0001063396272,-0.06272256028,0.06279476849
70.72286143,-0.06277971998,0.0009138520183,-0.06272074603,0.06279494287
70.76975988,-0.06278039091,0.001934430971,-0.06271871449,0.06279446616
70.81665833,-0.06278106489,0.002955137598,-0.06271646288,0.06279335804
70.86355678,-0.06278174006,0.003975712263,-0.06271398845,0.06279163818
70.91045523,-0.06278241455,0.004995895333,-0.06271128843,0.06278932625
70.95735368,-0.06278308649,0.006015427172,-0.06270836006,0.06278644193
71.00425213,-0.06278375404,0.007034048148,-0.06270520057,0.06278300489
71.05115058,-0.06278441531,0.008051498625,-0.0627018072,0.0627790348
71.09804902,-0.06278506845,0.009067518969,-0.06269817719,0.06277455134
71.14494747,-0.06278571158,0.01008184955,-0.06269430776,0.06276957418
71.19184592,-0.06278634286,0.01109423072,-0.06269019617,0.06276412299
71.23874437,-0.06278696041,0.01210440286,-0.06268583963,0.06275821746
71.28564282,-0.06278756237,0.01311210633,-0.06268123539,0.06275187724
71.33254127,-0.06278814688,0.01411708149,-0.06267638068,0.06274512203
71.37943972,-0.06278871206,0.01511906872,-0.06267127274,0.06273797148
71.42633817,-0.06278925607,0.01611780837,-0.06266590881,0.06273044527
71.47323662,-0.06278977702,0.01711304081,-0.06266028612,0.06272256309
71.52013507,-0.06279027307,0.01810450641,-0.0626544019,0.06271434459
71.56703352,-0.06279074234,0.01909194553,-0.0626482534,0.06270580946
71.61393197,-0.06279118297,0.02007509855,-0.06264183784,0.06269697737
71.66083042,-0.0627915931,0.02105370581,-0.06263515247,0.06268786799
71.70772886,-0.06279197086,0.0220275077,-0.06262819452,0.062678501
71.75462731,-0.06279231438,0.02299624457,-0.06262096122,0.06266889606
71.80152576,-0.06279262182,0.0239596568,-0.06261344982,0.06265907286
71.84842421,-0.06279289129,0.02491748474,-0.06260565754,0.06264905107
71.89532266,-0.06279312094,0.02586946876,-0.06259758162,0.06263885036
71.94222111,-0.0627933089,0.02681534924,-0.0625892193,0.0626284904
71.98911956,-0.06279345331,0.02775486652,-0.06258056782,0.06261799087
72.03601801,-0.06279355231,0.02868776099,-0.0625716244,0.06260737145
72.08291646,-0.06279360402,0.029613773,-0.06256238629,0.0625966518
72.12981491,-0.06279360659,0.03053264292,-0.06255285072,0.0625858516
72.17671336,-0.06279355815,0.03144411112,-0.06254301493,0.06257499052
72.22361181,-0.06279345684,0.03234791796,-0.06253287616,0.06256408824
72.27051026,-0.06279330079,0.03324380381,-0.06252243163,0.06255316443
72.3174087,-0.06279308815,0.03413150903,-0.06251167858,0.06254223876
72.36430715,-0.06279281703,0.03501077399,-0.06250061426,0.06253133091
72.4112056,-0.06279248559,0.03588133905,-0.06248923589,0.06252046056
72.45810405,-0.06279209196,0.03674294459,-0.06247754071,0.06250964737
72.5050025,-0.06279163427,0.03759533096,-0.06246552596,0.06249891102
72.55190095,-0.06279111065,0.03843823853,-0.06245318888,0.06248827118
72.5987994,-0.06279051926,0.03927140767,-0.06244052669,0.06247774753
72.64569785,-0.06278985821,0.04009457874,-0.06242753664,0.06246735974
72.6925963,-0.06278912565,0.04090749211,-0.06241421596,0.06245712749
72.73949475,-0.06278831971,0.04170988815,-0.06240056188,0.06244707044
72.7863932,-0.06278743854,0.04250150721,-0.06238657165,0.06243720828
72.83329165,-0.06278648025,0.04328208967,-0.0623722425,0.06242756067
72.8801901,-0.062785443,0.04405137589,-0.06235757166,0.06241814729
72.92708854,-0.06278432491,0.04480910623,-0.06234255637,0.06240898781
72.97398699,-0.06278312413,0.04555502107,-0.06232719386,0.06240010191
73.02088544,-0.06278183878,0.04628886077,-0.06231148137,0.06239150926
73.06778389,-0.06278046701,0.04701036569,-0.06229541615,0.06238322953
73.11468234,-0.06277900694,0.04771927619,-0.06227899541,0.0623752824
73.16158079,-0.06277745673,0.04841533266,-0.0622622164,0.06236768755
73.20847924,-0.06277581449,0.04909827544,-0.06224507636,0.06236046463
73.25537769,-0.06277407837,0.04976784491,-0.06222757252,0.06235363334
73.30227614,-0.06277224651,0.05042378143,-0.06220970211,0.06234721334
73.34917459,-0.06277031703,0.05106582537,-0.06219146237,0.06234122431
73.39607304,-0.06276828808,0.05169371709,-0.06217285054,0.06233568592
73.44297149,-0.0627661578,0.05230719695,-0.06215386386,0.06233061784
73.48986993,-0.0627639243,0.05290600534,-0.06213449955,0.06232603975
73.53676838,-0.06276158575,0.0534898826,-0.06211475486,0.06232197132
73.58366683,-0.06275914026,0.0540585691,-0.06209462702,0.06231843223
73.63056528,-0.06275658597,0.05461180522,-0.06207411326,0.06231544214
73.67746373,-0.06275392103,0.05514933132,-0.06205321083,0.06231302074
73.72436218,-0.06275114356,0.05567088775,-0.06203191695,0.06231118769
73.77126063,-0.06274825171,0.0561762149,-0.06201022887,0.06230996268
73.81815908,-0.06274524361,0.05666505311,-0.06198814381,0.06230936536
73.86505753,-0.06274211739,0.05713714277,-0.06196565902,0.06230941543
73.91195598,-0.06273887118,0.05759222423,-0.06194277173,0.06231013254
73.95885443,-0.06273550314,0.05803003786,-0.06191947918,0.06231153639
74.00575288,-0.06273201139,0.05845032403,-0.0618957786,0.06231364663
74.05265133,-0.06272839407,0.0588528231,-0.06187166723,0.06231648294
74.09954977,-0.06272464931,0.05923727543,-0.0618471423,0.062320065
74.14644822,-0.06272077525,0.0596034214,-0.06182220106,0.06232441248
74.19334667,-0.06271677002,0.05995100137,-0.06179684072,0.06232954505
74.24024512,-0.06271263177,0.0602797557,-0.06177105854,0.06233548239
74.28714357,-0.06270835863,0.06058942476,-0.06174485175,0.06234224417
74.33404202,-0.06270394873,0.06087974891,-0.06171821757,0.06234985007
74.38094047,-0.06269940021,0.06115046853,-0.06169115326,0.06235831975
74.42783892,-0.0626947112,0.06140132397,-0.06166365604,0.0623676729
74.47473737,-0.06268987985,0.06163205561,-0.06163572315,0.06237792918
74.52163582,-0.06268490428,0.0618424038,-0.06160735183,0.06238910827
74.56853427,-0.06267978263,0.06203210891,-0.0615785393,0.06240122985
74.61543272,-0.06267451305,0.06220091132,-0.06154928282,0.06241431358
74.66233117,-0.06266909366,0.06234855138,-0.06151957961,0.06242837915
74.70922961,-0.0626635226,0.06247476946,-0.0614894269,0.06244344622
74.75612806,-0.06265779801,0.06257930592,-0.06145882194,0.06245953446
74.80302651,-0.06265191802,0.06266190114,-0.06142776197,0.06247666356
74.84992496,-0.06264588077,0.06272229547,-0.0613962442,0.06249485319
74.89682341,-0.06263968439,0.06276022929,-0.06136426589,0.06251412301
74.94372186,-0.06263332702,0.06277544296,-0.06133182427,0.06253449271
74.99062031,-0.06262680681,0.06276767684,-0.06129891657,0.06255598196
75.03751876,-0.06262034015,0.06274448122,-0.06126036768,0.06257568727
75.08441721,-0.06261437057,0.06272183546,-0.06120565519,0.06258756536
75.13131566,-0.06260890097,0.06270020911,-0.06113472594,0.06259139073
75.17821411,-0.06260392053,0.06267958516,-0.06104785188,0.06258712016
75.22511256,-0.06259941845,0.06265994666,-0.06094530495,0.06257471045
75.27201101,-0.06259538391,0.06264127662,-0.0608273571,0.06255411838
75.31890945,-0.06259180612,0.06262355806,-0.06069428027,0.06252530074
75.3658079,-0.06258867425,0.06260677401,-0.0605463464,0.06248821431
75.41270635,-0.06258597751,0.06259090749,-0.06038382744,0.06244281587
75.4596048,-0.06258370508,0.06257594152,-0.06020699533,0.06238906221
75.50650325,-0.06258184616,0.06256185913,-0.06001612202,0.06232691012
75.5534017,-0.06258038993,0.06254864333,-0.05981147945,0.06225631638
75.60030015,-0.0625793256,0.06253627716,-0.05959333955,0.06217723779
75.6471986,-0.06257864234,0.06252474364,-0.05936197429,0.06208963111
75.69409705,-0.06257832936,0.06251402578,-0.0591176556,0.06199345315
75.7409955,-0.06257837585,0.06250410661,-0.05886065542,0.06188866067
75.78789395,-0.06257877099,0.06249496915,-0.0585912457,0.06177521048
75.8347924,-0.06257950398,0.06248659643,-0.05830969838,0.06165305936
75.88169085,-0.062580564,0.06247897147,-0.05801628542,0.06152216409
75.92858929,-0.06258194026,0.06247207729,-0.05771127874,0.06138248145
75.97548774,-0.06258362194,0.06246589692,-0.05739495029,0.06123396824
76.02238619,-0.06258559824,0.06246041337,-0.05706757203,0.06107658123
76.06928464,-0.06258785834,0.06245560967,-0.05672941589,0.06091027722
76.11618309,-0.06259039144,0.06245146885,-0.05638075381,0.06073501299
76.16308154,-0.06259318673,0.06244797392,-0.05602185774,0.06055074532
76.20997999,-0.0625962334,0.06244510792,-0.05565299963,0.060357431
76.25687844,-0.06259952065,0.06244285385,-0.05527445142,0.06015502682
76.30377689,-0.06260303766,0.06244119475,-0.05488648505,0.05994348956
76.35067534,-0.06260677362,0.06244011364,-0.05448937246,0.05972277601
76.39757379,-0.06261071773,0.06243959354,-0.05408338561,0.05949284295
76.44447224,-0.06261485919,0.06243961747,-0.05366879643,0.05925364716
76.49137069,-0.06261918717,0.06244016845,-0.05324587687,0.05900514545
76.53826913,-0.06262369088,0.06244122952,-0.05281489887,0.05874729458
76.58516758,-0.0626283595,0.06244278369,-0.05237613437,0.05848005134
76.63206603,-0.06263318223,0.06244481398,-0.05192985533,0.05820337253
76.67896448,-0.06263814826,0.06244730343,-0.05147633368,0.05791721492
76.72586293,-0.06264324678,0.06245023504,-0.05101584136,0.0576215353
76.77276138,-0.06264846697,0.06245359184,-0.05054865033,0.05731629046
76.81965983,-0.06265379805,0.06245735687,-0.05007503252,0.05700143718
76.86655828,-0.06265922918,0.06246151313,-0.04959525989,0.05667693225
76.91345673,-0.06266474958,0.06246604365,-0.04910960436,0.05634273246
76.96035518,-0.06267034842,0.06247093146,-0.0486183379,0.05599879458
77.00725363,-0.0626760149,0.06247615958,-0.04812173243,0.05564507541
77.05415208,-0.06268173821,0.06248171103,-0.04762005991,0.05528153173
77.10105053,-0.06268750755,0.06248756883,-0.04711359228,0.05490812032
77.14794897,-0.0626933121,0.06249371601,-0.04660260148,0.05452479798
77.19484742,-0.06269914106,0.06250013559,-0.04608735946,0.05413152148
77.24174587,-0.06270498362,0.06250681059,-0.04556813816,0.05372824761
77.28864432,-0.06271082896,0.06251372404,-0.04504520953,0.05331493317
77.33554277,-0.06271666629,0.06252085895,-0.0445188455,0.05289153492
77.38244122,-0.06272248479,0.06252819836,-0.04398931803,0.05245800967
77.42933967,-0.06272827366,0.06253572528,-0.04345689905,0.05201431419
77.47623812,-0.06273402208,0.06254342274,-0.04292186052,0.05156040527
77.52313657,-0.06273971926,0.06255127375,-0.04238447437,0.0510962397
77.57003502,-0.06274535437,0.06255926135,-0.04184501254,0.05062177425
77.61693347,-0.06275091661,0.06256736856,-0.04130374699,0.05013696573
77.66383192,-0.06275639518,0.06257557839,-0.04076094966,0.04964177091
77.71073037,-0.06276177926,0.06258387388,-0.04021689248,0.04913614657
77.75762881,-0.06276705805,0.06259223803,-0.03967184741,0.04862004951
77.80452726,-0.06277222074,0.06260065389,-0.03912608639,0.04809343651
77.85142571,-0.06277725652,0.06260910447,-0.03857988136,0.04755626435
77.89832416,-0.06278215458,0.06261757278,-0.03803350427,0.04700848982
77.94522261,-0.06278690412,0.06262604187,-0.03748722705,0.04645006971
77.99212106,-0.06279149432,0.06263449474,-0.03694132166,0.0458809608
78.03901951,-0.06279591437,0.06264291442,-0.03639606004,0.04530111988
78.08591796,-0.06280015348,0.06265128394,-0.03585171413,0.04471050373
78.13281641,-0.06280420082,0.06265958632,-0.03530855587,0.04410906913
78.17971486,-0.0628080456,0.06266780457,-0.03476685722,0.04349677288
78.22661331,-0.062811677,0.06267592173,-0.03422689011,0.04287357176
78.27351176,-0.06281508422,0.06268392082,-0.03368892648,0.04223942256
78.32041021,-0.06281825644,0.06269178485,-0.03315323829,0.04159428205
78.36730865,-0.06282118287,0.06269949685,-0.03262009747,0.04093810703
78.4142071,-0.06282385268,0.06270703985,-0.03208977597,0.04027085428
78.46110555,-0.06282625508,0.06271439687,-0.03156254574,0.03959248059
78.508004,-0.06282837925,0.06272155092,-0.03103867871,0.03890294274
78.55490245,-0.06283021438,0.06272848504,-0.03051844683,0.03820219752
78.6018009,-0.06283174967,0.06273518225,-0.03000212205,0.03749020171
78.64869935,-0.06283297431,0.06274162556,-0.02948997631,0.03676691211
78.6955978,-0.06283387749,0.06274779801,-0.02898228155,0.03603228548
78.74249625,-0.06283444841,0.06275368261,-0.02847930972,0.03528627863
78.7893947,-0.06283467625,0.06275926239,-0.02798133275,0.03452884833
78.83629315,-0.0628345502,0.06276452037,-0.0274886226,0.03375995137
78.8831916,-0.06283405946,0.06276943957,-0.02700145121,0.03297954454
78.93009005,-0.06283319322,0.06277400302,-0.02652009053,0.03218758462
78.97698849,-0.06283194067,0.06277819373,-0.02604481249,0.0313840284
79.02388694,-0.062830291,0.06278199474,-0.02557588904,0.03056883267
79.07078539,-0.06282823341,0.06278538907,-0.02511359212,0.0297419542
79.11768384,-0.06282575708,0.06278835973,-0.02465819368,0.02890334979
79.16458229,-0.06282285121,0.06279088975,-0.02420996567,0.02805297622
79.21148074,-0.06281950499,0.06279296215,-0.02376918002,0.02719079027
79.25837919,-0.06281570761,0.06279455997,-0.02333610868,0.02631674873
79.30527764,-0.06281144826,0.06279566621,-0.0229110236,0.02543080839
79.35217609,-0.06280671614,0.0627962639,-0.02249419671,0.02453292604
79.39907454,-0.06280150043,0.06279633607,-0.02208589996,0.02362305845
79.44597299,-0.06279579033,0.06279586573,-0.0216864053,0.02270116241
79.49287144,-0.06278957503,0.06279483592,-0.02129598467,0.02176719472
79.53976988,-0.06278284372,0.06279322965,-0.02091491002,0.02082111214
79.58666833,-0.06277558559,0.06279102995,-0.02054345328,0.01986287148
79.63356678,-0.06276778983,0.06278821983,-0.0201818864,0.01889242952
79.68046523,-0.06275944565,0.06278478233,-0.01983048133,0.01790974303
79.72736368,-0.06275054222,0.06278070046,-0.01948951001,0.01691476881
79.77426213,-0.06274106874,0.06277595725,-0.01915924438,0.01590746365
79.82116058,-0.0627310144,0.06277053572,-0.01883995639,0.01488778432
79.86805903,-0.06272036839,0.0627644189,-0.01853191798,0.01385568762
79.91495748,-0.06270911991,0.0627575898,-0.01823540109,0.01281113032
79.96185593,-0.06269725814,0.06275003145,-0.01795067768,0.01175406922
80.00875438,-0.06268477228,0.06274172688,-0.01767801968,0.0106844611
80.05565283,-0.06267165152,0.0627326591,-0.01741769903,0.009602262742
80.10255128,-0.06265788505,0.06272281113,-0.01716998768,0.008507430938
80.14944972,-0.06264346207,0.06271216601,-0.01693515758,0.00739992247
80.19634817,-0.06262837175,0.06270070675,-0.01671348067,0.006279694125
80.24324662,-0.06261260331,0.06268841638,-0.01650522889,0.005146702688
80.29014507,-0.06259614592,0.06267527792,-0.01631067419,0.004000904944
80.33704352,-0.06257898878,0.06266127439,-0.01613008851,0.002842257679
80.38394197,-0.06256112109,0.06264638882,-0.01596374379,0.001670717678
80.43084042,-0.06254253202,0.06263060422,-0.01581191198,0.0004862417274
80.47773887,-0.06252321078,0.06261390363,-0.01567486503,-0.0007112133876
80.52463732,-0.06250314656,0.06259627006,-0.01555287487,-0.001921690881
80.57153577,-0.06248232854,0.06257768654,-0.01544621345,-0.003145233969
80.61843422,-0.06246074593,0.06255813608,-0.01535515271,-0.004381885864
80.66533267,-0.0624383879,0.06253760172,-0.0152799646,-0.005631689781
80.71223112,-0.06241524366,0.06251606648,-0.01522092107,-0.006894688935
80.75912956,-0.06239130239,0.06249351337,-0.01517829405,-0.00817092654
80.80602801,-0.06236655329,0.06246992543,-0.01515235549,-0.00946044581
80.85292646,-0.06234098555,0.06244528567,-0.01514337733,-0.01076328996
80.89982491,-0.06231458836,0.06241957711,-0.01515163152,-0.01207950221
80.94672336,-0.06228735091,0.06239278279,-0.01517739001,-0.01340912576
80.99362181,-0.06225926239,0.06236488572,-0.01522092472,-0.01475220384
81.04052026,-0.06223031199,0.06233586892,-0.01528250762,-0.01610877965
81.08741871,-0.06220048892,0.06230571542,-0.01536241064,-0.01747889642
81.13431716,-0.06216978235,0.06227440825,-0.01546090573,-0.01886259735
81.18121561,-0.06213818148,0.06224193042,-0.01557826483,-0.02025992567
81.22811406,-0.0621056755,0.06220826495,-0.01571475989,-0.02167092458
81.27501251,-0.0620731104,0.06217418715,-0.01587308067,-0.02308294134
81.32191096,-0.06204492395,0.06214380437,-0.01606576386,-0.02442955622
81.3688094,-0.06202160643,0.06211758951,-0.01629378494,-0.02570204917
81.41570785,-0.06200298628,0.06209540447,-0.01655622501,-0.02690145656
81.4626063,-0.06198889195,0.06207711117,-0.01685216518,-0.02802881476
81.50950475,-0.0619791519,0.06206257152,-0.01718068656,-0.02908516011
81.5564032,-0.06197359459,0.06205164743,-0.01754087026,-0.03007152899
81.60330165,-0.06197204846,0.06204420081,-0.01793179738,-0.03098895776
81.6502001,-0.06197434196,0.06204009357,-0.01835254903,-0.03183848277
81.69709855,-0.06198030355,0.06203918762,-0.01880220632,-0.03262114038
81.743997,-0.06198976169,0.06204134487,-0.01927985036,-0.03333796696
81.79089545,-0.06200254481,0.06204642724,-0.01978456225,-0.03398999886
81.8377939,-0.06201848139,0.06205429663,-0.02031542311,-0.03457827246
81.88469235,-0.06203739986,0.06206481496,-0.02087151403,-0.0351038241
81.9315908,-0.06205912868,0.06207784413,-0.02145191613,-0.03556769015
81.97848924,-0.06208349631,0.06209324607,-0.02205571052,-0.03597090697
82.02538769,-0.06211033119,0.06211088267,-0.0226819783,-0.03631451092
82.07228614,-0.06213946177,0.06213061586,-0.02332980057,-0.03659953837
82.11918459,-0.06217071652,0.06215230753,-0.02399825846,-0.03682702566
82.16608304,-0.06220392388,0.06217581961,-0.02468643305,-0.03699800917
82.21298149,-0.06223891231,0.06220101401,-0.02539340547,-0.03711352526
82.25987994,-0.06227551025,0.06222775262,-0.02611825682,-0.03717461027
82.30677839,-0.06231354617,0.06225589737,-0.02686006821,-0.03718230059
82.35367684,-0.0623528485,0.06228531017,-0.02761792074,-0.03713763256
82.40057529,-0.06239324571,0.06231585293,-0.02839089552,-0.03704164255
82.44747374,-0.06243456625,0.06234738756,-0.02917807367,-0.03689536691
82.49437219,-0.06247663857,0.06237977596,-0.02997853627,-0.03669984201
82.54127064,-0.06251929112,0.06241288006,-0.03079136446,-0.03645610422
82.58816908,-0.06256235235,0.06244656176,-0.03161563933,-0.03616518988
82.63506753,-0.06260565072,0.06248068297,-0.03245044198,-0.03582813537
82.68196598,-0.06264901468,0.0625151056,-0.03329485354,-0.03544597703
82.72886443,-0.06269227268,0.06254969157,-0.03414795509,-0.03501975124
82.77576288,-0.06273525317,0.06258430279,-0.03500882776,-0.03455049436
82.82266133,-0.06277778461,0.06261880117,-0.03587655265,-0.03403924273
82.86955978,-0.06281969545,0.06265304861,-0.03675021087,-0.03348703274
82.91645823,-0.06286081414,0.06268690703,-0.03762888353,-0.03289490072
82.96335668,-0.06290096914,0.06272023834,-0.03851165172,-0.03226388306
83.01025513,-0.06293998889,0.06275290445,-0.03939759657,-0.0315950161
83.05715358,-0.06297770185,0.06278476728,-0.04028579917,-0.03088933621
83.10405203,-0.06301393647,0.06281568873,-0.04117534064,-0.03014787975
83.15095048,-0.0630485212,0.06284553071,-0.04206530208,-0.02937168308
83.19784892,-0.0630812845,0.06287415514,-0.0429547646,-0.02856178256
83.24474737,-0.06311205481,0.06290142392,-0.0438428093,-0.02771921455
83.29164582,-0.0631406606,0.06292719898,-0.04472851731,-0.02684501541
83.33854427,-0.06316693031,0.06295134221,-0.04561096971,-0.02594022151
83.38544272,-0.06319069239,0.06297371553,-0.04648924763,-0.0250058692
83.43234117,-0.06321177531,0.06299418085,-0.04736243216,-0.02404299485
83.47923962,-0.0632300075,0.06301260008,-0.04822960442,-0.02305263481
83.52613807,-0.06324521742,0.06302883514,-0.04908984551,-0.02203582544
83.57303652,-0.06325723353,0.06304274793,-0.04994223654,-0.02099360312
83.61993497,-0.06326588428,0.06305420036,-0.05078585862,-0.01992700419
83.66683342,-0.06327099812,0.06306305435,-0.05161979285,-0.01883706502
83.71373187,-0.06327240349,0.06306917181,-0.05244312035,-0.01772482196
83.76063032,-0.06326992887,0.06307241465,-0.05325492222,-0.01659131139
83.80752876,-0.06326340269,0.06307264477,-0.05405427957,-0.01543756966
83.85442721,-0.06325265341,0.0630697241,-0.0548402735,-0.01426463313
83.90132566,-0.06323750948,0.06306351453,-0.05561198512,-0.01307353817
83.94822411,-0.06321779935,0.06305387799,-0.05636849554,-0.01186532113
83.99512256,-0.06319335149,0.06304067638,-0.05710888588,-0.01064101837
84.04202101,-0.06316399433,0.06302377162,-0.05783223722,-0.009401666254
84.08891946,-0.06312955633,0.06300302561,-0.0585376307,-0.008148301145
84.13581791,-0.06308986594,0.06297830027,-0.0592241474,-0.006881959404
84.18271636,-0.06304475163,0.0629494575,-0.05989086844,-0.005603677389
84.22961481,-0.06299404183,0.06291635923,-0.06053687492,-0.004314491463
84.27651326,-0.062937565,0.06287886735,-0.06116124796,-0.003015437985
84.32341171,-0.06287514959,0.06283684378,-0.06176306866,-0.001707553317
84.37031016,-0.06280662406,0.06279015044,-0.06234141813,-0.0003918738193
84.4172086,-0.06273181686,0.06273864923,-0.06289537747,0.0009305641472
84.46410705,-0.06265055644,0.06268220206,-0.0634240278,0.002258724222
84.5110055,-0.06256267125,0.06262067084,-0.06392645021,0.003591570043
84.55790395,-0.06246798975,0.06255391749,-0.06440172583,0.004928065252
84.6048024,-0.06236634039,0.06248180392,-0.06484893575,0.006267173485
84.65170085,-0.06225755161,0.06240419204,-0.06526716109,0.007607858384
84.6985993,-0.06214145188,0.06232094375,-0.06565548294,0.008949083587
84.74549775,-0.06201786965,0.06223192098,-0.06601298243,0.01028981273
84.7923962,-0.06188663336,0.06213698563,-0.06633874065,0.01162900946
84.83929465,-0.06174757147,0.0620359996,-0.06663183871,0.01296563741
84.8861931,-0.06160051243,0.06192882483,-0.06689135772,0.01429866022
84.93309155,-0.0614452847,0.0618153232,-0.0671163788,0.01562704153
84.97998999,-0.06128171673,0.06169535664,-0.06730598304,0.01694974498
85.02688844,-0.06110963696,0.06156878706,-0.06745925155,0.01826573421
85.07378689,-0.06092887386,0.06143547636,-0.06757526544,0.01957397286
85.12068534,-0.06073925587,0.06129528646,-0.06765310583,0.02087342456
85.16758379,-0.06054061144,0.06114807928,-0.06769185381,0.02216305296
85.21448224,-0.06033276904,0.06099371671,-0.06769059049,0.0234418217
85.26138069,-0.06011555711,0.06083206067,-0.06764839698,0.02470869441
85.30827914,-0.0598888041,0.06066297308,-0.06756435439,0.02596263473
85.35517759,-0.05965233847,0.06048631584,-0.06743754383,0.02720260631
85.40207604,-0.05940598867,0.06030195086,-0.06726704641,0.02842757278
85.44897449,-0.05914958314,0.06010974006,-0.06705194322,0.02963649778
85.49587294,-0.05888295036,0.05990954535,-0.06679131538,0.03082834495
85.54277139,-0.05860591875,0.05970122863,-0.066484244,0.03200207793
85.58966983,-0.05831831679,0.05948465182,-0.06612981018,0.03315666036
85.63656828,-0.05801997292,0.05925967683,-0.06572709504,0.03429105588
85.68346673,-0.05771071559,0.05902616558,-0.06527517967,0.03540422812
85.73036518,-0.05739037325,0.05878397996,-0.06477314519,0.03649514073
85.77726363,-0.05705877437,0.0585329819,-0.06422007271,0.03756275735
85.82416208,-0.05671574738,0.0582730333,-0.06361504332,0.03860604161
85.87106053,-0.05636112075,0.05800399608,-0.06295713815,0.03962395716
85.91795898,-0.05599472292,0.05772573214,-0.06224543829,0.04061546763
85.96485743,-0.05561638235,0.0574381034,-0.06147902485,0.04157953666
86.01175588,-0.05522592749,0.05714097177,-0.06065697895,0.0425151279
86.05865433,-0.05482318679,0.05683419916,-0.05977838169,0.04342120498
86.10555278,-0.05440798871,0.05651764747,-0.05884231417,0.04429673153
86.15245123,-0.0539801617,0.05619117863,-0.05784785751,0.04514067121
86.19934967,-0.0535395342,0.05585465454,-0.05679409281,0.04595198764
86.24624812,-0.05308593468,0.05550793712,-0.05568010118,0.04672964448
86.29314657,-0.05261919158,0.05515088827,-0.05450496372,0.04747260535
86.34004502,-0.05213913335,0.0547833699,-0.05326776155,0.04817983389
86.38694347,-0.05164558846,0.05440524393,-0.05196757577,0.04885029375
86.43384192,-0.05113838535,0.05401637227,-0.05060348749,0.04948294857
86.48074037,-0.05061735247,0.05361661682,-0.04917457782,0.05007676198
86.52763882,-0.05008231828,0.05320583951,-0.04767992786,0.05063069762
86.57453727,-0.04953311123,0.05278390224,-0.04611861873,0.05114371914
86.62143572,-0.04896955977,0.05235066692,-0.04448973152,0.05161479017
86.66833417,-0.04839149235,0.05190599546,-0.04279234735,0.05204287435
86.71523262,-0.04779873743,0.05144974977,-0.04102554733,0.05242693532
86.76213107,-0.04719112346,0.05098179177,-0.03918841255,0.05276593671
86.80902951,-0.04656847889,0.05050198337,-0.03728002414,0.05305884218
86.85592796,-0.04593063217,0.05001018647,-0.0352994632,0.05330461535
86.90282641,-0.04527741176,0.04950626299,-0.03324581082,0.05350221987
86.94972486,-0.04460864611,0.04899007484,-0.03111814814,0.05365061938
86.99662331,-0.04392416367,0.04846148393,-0.02891555624,0.05374877751
87.04352176,-0.04322379289,0.04792035217,-0.02663711623,0.05379565791
87.09042021,-0.04250736222,0.04736654147,-0.02428190924,0.05379022421
87.13731866,-0.04177470013,0.04679991375,-0.02184901635,0.05373144005
87.18421711,-0.04102563505,0.04622033091,-0.01933751869,0.05361826908
87.23111556,-0.04025999545,0.04562765486,-0.01674649735,0.05344967493
87.27801401,-0.03947760977,0.04502174752,-0.01407503345,0.05322462123
87.32491246,-0.03867830647,0.0444024708,-0.01132220809,0.05294207164
87.37181091,-0.03786191399,0.04376968661,-0.008487102376,0.05260098979
87.41870935,-0.03702826081,0.04312325685,-0.005568797423,0.05220033931
87.4656078,-0.03617717535,0.04246304345,-0.002566374335,0.05173908385
87.51250625,-0.03530962119,0.04178962607,0.0005147262077,0.05121836583
87.5594047,-0.03444764746,0.04111694034,0.003551048551,0.05068006948
87.60630315,-0.03359971863,0.0404503873,0.00649553506,0.05014065073
87.6532016,-0.03276572003,0.03978995089,0.009349233955,0.04960018845
87.70010005,-0.03194553699,0.03913561505,0.01211319346,0.04905876148
87.7469985,-0.03113905485,0.03848736373,0.01478846179,0.04851644869
87.79389695,-0.03034615892,0.03784518087,0.01737608717,0.04797332895
87.8407954,-0.02956673455,0.03720905041,0.01987711781,0.0474294811
87.88769385,-0.02880066706,0.03657895628,0.02229260195,0.04688498401
87.9345923,-0.02804784179,0.03595488244,0.0246235878,0.04633991654
87.98149075,-0.02730814407,0.03533681283,0.02687112359,0.04579435756
88.02838919,-0.02658145923,0.03472473138,0.02903625752,0.04524838591
88.07528764,-0.0258676726,0.03411862204,0.03112003784,0.04470208046
88.12218609,-0.0251666695,0.03351846874,0.03312351274,0.04415552007
88.16908454,-0.02447833528,0.03292425544,0.03504773046,0.0436087836
88.21598299,-0.02380255527,0.03233596608,0.03689373922,0.0430619499
88.26288144,-0.02313921479,0.03175358459,0.03866258724,0.04251509785
88.30977989,-0.02248819917,0.03117709492,0.04035532273,0.04196830629
88.35667834,-0.02184939376,0.030606481,0.04197299393,0.0414216541
88.40357679,-0.02122268387,0.03004172679,0.04351664904,0.04087522012
88.45047524,-0.02060795484,0.02948281622,0.0449873363,0.04032908322
88.49737369,-0.020005092,0.02892973324,0.04638610392,0.03978332226
88.54427214,-0.01941398069,0.02838246178,0.04771400012,0.0392380161
88.59117059,-0.01883450623,0.0278409858,0.04897207313,0.0386932436
88.63806903,-0.01826655395,0.02730528922,0.05016137116,0.03814908361
88.68496748,-0.01771000919,0.026775356,0.05128294244,0.037605615
88.73186593,-0.01716475727,0.02625117007,0.05233783518,0.03706291663
88.77876438,-0.01663068354,0.02573271538,0.05332709761,0.03652106736
88.82566283,-0.01610767331,0.02521997586,0.05425177795,0.03598014605
88.87256128,-0.01559561193,0.02471293547,0.05511292442,0.03544023155
88.91945973,-0.01509438472,0.02421157814,0.05591158524,0.03490140273
88.96635818,-0.01460387701,0.02371588781,0.05664880863,0.03436373845
89.01325663,-0.01412397414,0.02322584843,0.05732564282,0.03382731757
89.06015508,-0.01365456143,0.02274144394,0.05794313601,0.03329221894
89.10705353,-0.01319552422,0.02226265827,0.05850233645,0.03275852143
89.15395198,-0.01274674783,0.02178947538,0.05900429233,0.0322263039
89.20085043,-0.01230811761,0.0213218792,0.05945005189,0.0316956452
89.24774887,-0.01187951888,0.02085985368,0.05984066335,0.0311666242
89.29464732,-0.01146083697,0.02040338275,0.06017717493,0.03063931976
89.34154577,-0.01105195721,0.01995245037,0.06046063484,0.03011381073
89.38844422,-0.01065276494,0.01950704046,0.06069209131,0.02959017598
89.43534267,-0.01026314548,0.01906713698,0.06087259257,0.02906849437
89.48224112,-0.009882984168,0.01863272386,0.06100318682,0.02854884475
89.52913957,-0.009512166336,0.01820378505,0.0610849223,0.02803130599
89.57603802,-0.009150577313,0.01778030449,0.06111884722,0.02751595695
89.62293647,-0.00879810243,0.01736226612,0.0611060098,0.02700287648
89.66983492,-0.00845462702,0.01694965388,0.06104745827,0.02649214345
89.71673337,-0.008120036412,0.01654245171,0.06094424085,0.02598383671
89.76363182,-0.007794215939,0.01614064356,0.06079740575,0.02547803513
89.81053027,-0.007477050932,0.01574421337,0.0606080012,0.02497481756
89.85742871,-0.007168426721,0.01535314508,0.06037707541,0.02447426287
89.90432716,-0.006868228638,0.01496742263,0.06010567662,0.02397644992
89.95122561,-0.006576342014,0.01458702996,0.05979485303,0.02348145756
89.99812406,-0.00629265218,0.01421195102,0.05944565288,0.02298936466
90.04502251,-0.006017044468,0.01384216975,0.05905912438,0.02250025007
90.09192096,-0.005749404209,0.01347767008,0.05863631575,0.02201419265
90.13881941,-0.005489616735,0.01311843597,0.05817827522,0.02153127128
90.18571786,-0.005237567375,0.01276445135,0.057686051,0.02105156479
90.23261631,-0.004993141462,0.01241570017,0.05716069131,0.02057515206
90.27951476,-0.004756224327,0.01207216636,0.05660324439,0.02010211195
90.32641321,-0.004526701301,0.01173383387,0.05601475843,0.01963252331
90.37331166,-0.004304457715,0.01140068664,0.05539628168,0.019166465
90.42021011,-0.0040893789,0.01107270862,0.05474886235,0.01870401589
90.46710855,-0.003881350189,0.01074988374,0.05407354866,0.01824525483
90.514007,-0.003680256911,0.01043219594,0.05337138882,0.01779026069
90.56090545,-0.003485984398,0.01011962917,0.05264343107,0.01733911232
90.6078039,-0.003298417982,0.009812167378,0.05189072363,0.01689188859
90.65470235,-0.003117442993,0.009509794493,0.0511143147,0.01644866834
90.7016008,-0.002942944763,0.009212494462,0.05031525252,0.01600953046
90.74849925,-0.002774808623,0.008920251227,0.04949458531,0.01557455378
90.7953977,-0.002612919905,0.008633048729,0.04865336128,0.01514381718
90.84229615,-0.002457163939,0.008350870911,0.04779262866,0.01471739951
90.8891946,-0.002307426056,0.008073701715,0.04691343567,0.01429537964
90.93609305,-0.002163591589,0.007801525081,0.04601683053,0.01387783642
90.9829915,-0.002025545868,0.007534324953,0.04510386145,0.01346484871
91.02988994,-0.001893174224,0.007272085272,0.04417557667,0.01305649538
91.07678839,-0.001766361989,0.00701478998,0.0432330244,0.01265285528
91.12368684,-0.001644994494,0.006762423018,0.04227725286,0.01225400727
91.17058529,-0.00152895707,0.00651496833,0.04130931028,0.01186003021
91.21748374,-0.001418135048,0.006272409855,0.04033024487,0.01147100297
91.26438219,-0.00131241376,0.006034731538,0.03934110485,0.0110870044
91.31128064,-0.001211678537,0.005801917318,0.03834293845,0.01070811336
91.35817909,-0.00111581471,0.005573951139,0.03733679389,0.01033440871
91.40507754,-0.00102470761,0.005350816943,0.03632371939,0.00996596932
91.45197599,-0.0009382425681,0.00513249867,0.03530476316,0.009602874039
91.49887444,-0.0008563049163,0.004918980263,0.03428097344,0.009245201729
91.54577289,-0.0007787799854,0.004710245663,0.03325339843,0.008893031251
91.59267134,-0.0007055531066,0.004506278814,0.03222308637,0.008546441465
91.63956978,-0.0006365096113,0.004307063656,0.03119108547,0.008205511231
91.68646823,-0.0005715348306,0.004112584132,0.03015844395,0.007870319408
91.73336668,-0.0005105140957,0.003922824182,0.02912621004,0.007540944857
91.78026513,-0.000453332738,0.00373776775,0.02809543195,0.007217466438
91.82716358,-0.0003998760885,0.003557398778,0.02706715791,0.006899963009
91.87406203,-0.0003500294785,0.003381701206,0.02604243614,0.006588513432
91.92096048,-0.0003036782394,0.003210658977,0.02502231485,0.006283196566
91.96785893,-0.0002607077022,0.003044256033,0.02400784227,0.005984091271
92.01475738,-0.0002210031982,0.002882476315,0.02300006662,0.005691276407
92.06165583,-0.0001844500587,0.002725303766,0.02200003613,0.005404830834
92.10855428,-0.0001509336149,0.002572722328,0.021008799,0.005124833411
92.15545273,-0.000120339198,0.002424715941,0.02002740347,0.004851362999
92.20235118,-9.255213919e-05,0.002281268549,0.01905689775,0.004584498458
92.24924962,-6.745776976e-05,0.002142364093,0.01809833006,0.004324318647
92.29614807,-4.494142092e-05,0.002007986515,0.01715274863,0.004070902426
92.34304652,-2.488842389e-05,0.001878119757,0.01622120167,0.003824328656
92.38994497,-7.184109917e-06,0.001752747761,0.01530473742,0.003584676195
92.43684342,8.286189787e-06,0.001631854468,0.01440440408,0.003352023905
92.48374187,2.163714399e-05,0.001515423821,0.01352124987,0.003126450645
92.53064032,3.298342146e-05,0.001403439761,0.01265632303,0.002908035274
92.57753877,4.243969097e-05,0.00129588623,0.01181067177,0.002696856653
92.62443722,5.01206213e-05,0.001192747171,0.01098534431,0.002492993642
92.67133567,5.614088121e-05,0.001094006525,0.01018138887,0.0022965251
92.71823412,6.061513948e-05,0.0009996482332,0.009399853675,0.002107529888
92.76513257,6.365806488e-05,0.0009096562386,0.008641786944,0.001926086865
92.81203102,6.538432618e-05,0.0008240144828,0.007908236898,0.001752274891
92.85892946,6.590859215e-05,0.0007427069075,0.007200251758,0.001586172827
92.90582791,6.534553156e-05,0.0006657174547,0.006518879745,0.001427859531
92.95272636,6.38098132e-05,0.0005930300663,0.005865169079,0.001277413865
92.99962481,6.141610582e-05,0.0005246286842,0.005240167982,0.001134914687
93.04652326,5.82790782e-05,0.0004604972502,0.004644924674,0.001000440858
93.09342171,5.451339911e-05,0.0004006197062,0.004080487376,0.0008740712372
93.14032016,5.023373733e-05,0.0003449799942,0.00354790431,0.0007558846853
93.18721861,4.555476162e-05,0.0002935620559,0.003048223696,0.0006459600618
93.23411706,4.059114076e-05,0.0002463498333,0.002582493755,0.0005443762265
93.28101551,3.545754352e-05,0.0002033272684,0.002151762708,0.0004512120396
93.32791396,3.026863867e-05,0.0001644783028,0.001757078775,0.0003665463607
93.37481241,2.513909499e-05,0.0001297868786,0.001399490179,0.0002904580499
93.42171086,2.018358124e-05,9.92369377e-05,0.001080045139,0.0002230259669
93.4686093,1.551676619e-05,7.281242187e-05,0.0007997918763,0.0001643289718
93.51550775,1.125331863e-05,5.049727305e-05,0.0005597786123,0.0001144459245
93.5624062,7.507907313e-06,3.227543311e-05,0.0003610535676,7.345568473e-05
93.60930465,4.395201021e-06,1.813084396e-05,0.0002046649631,4.143711251e-05
93.6562031,2.029868524e-06,8.04744746e-06,9.166101976e-05,1.846906772e-05
93.70310155,5.26578593e-07,2.009185513e-06,2.308995842e-05,4.630410246e-06
93.75,-1.387778781e-17,-6.938893904e-18,0,0
