time_ns,u_X1,u_Y1,u_X2,u_Y2
0.0,0.0,0.0,0.0,0.0
0.04794063698515925,2.700641341195711e-5,3.4467882019569503e-5,3.1174878317880825e-5,4.630971011625816e-5
0.0958812739703185,0.00010678934932133666,0.00013630787434635666,0.00012339539287417045,0.00018313554469133185
0.14382191095547775,0.00023749435123840093,0.0003031744963824794,0.0002747053630728397,0.0004073225600646699
0.191762547940637,0.0004172669626734123,0.0005327222675300557,0.0004831486083178593,0.000715715812575721
0.23970318492579626,0.0006442527271366332,0.0008226057071912037,0.0007467689480132,0.0011051603585639344
0.2876438219109555,0.0009165971881383255,0.001170479334768041,0.0010636102015628326,0.001572501254368758
0.33558445889611477,0.0012324458891887521,0.001573997669662686,0.001431716188370728,0.002114583556329642
0.383525095881274,0.0015899443737981747,0.0020308152312772556,0.0018491307278408564,0.002728252320786033
0.43146573286643325,0.001987238185476856,0.00253858653901387,0.0023138976393771897,0.0034103526040773825
0.4794063698515925,0.002422472867735059,0.0030949661122746447,0.002824060742383698,0.004157729462543138
0.5273470068367517,0.0028937939640830434,0.0036976084704616976,0.0033776638562643506,0.004967227952522746
0.575287643821911,0.003399347018031076,0.00434416813297715,0.003972750800423121,0.005835693130355661
0.6232282808070703,0.003937277573089416,0.005032299619223117,0.0046073653942639795,0.006759970052381326
0.6711689177922295,0.004505731172768324,0.005759657448601716,0.005279551457190894,0.0077369037749391925
0.7191095547773888,0.005102853360578067,0.006523896140515068,0.005987352808607839,0.008763339354368712
0.767050191762548,0.0057267896800289025,0.007322670214365286,0.006728813267918782,0.009836121847009324
0.8149908287477073,0.006375685674631098,0.008153634189554495,0.007501976654527699,0.010952096309200491
0.8629314657328665,0.00704768688789491,0.009014442585484804,0.00830488678783855,0.012108107797281649
0.9108721027180258,0.007740938863330605,0.009902749921558339,0.009135587487255318,0.013301001367592253
0.958812739703185,0.008453587144448445,0.010816210717177215,0.009992122572181971,0.014527622076471755
1.0067533766883443,0.00918377727475869,0.011752479491743548,0.010872535862022472,0.015784814980259597
1.0546940136735035,0.009929654797771604,0.012709210764659458,0.011774871176180795,0.017069425135295222
1.1026346506586628,0.01068936525699745,0.013684059055327066,0.012697172334060923,0.018378297597918106
1.150575287643822,0.011461054195946488,0.014674678883148481,0.013637483155066809,0.019708277424467662
1.1985159246289812,0.012242867158128983,0.015678724767525833,0.014593847458602432,0.021056209671283365
1.2464565616141405,0.013032949687055198,0.016693851227861232,0.015564309064071767,0.022418939394704657
1.2943971985992997,0.01382944732623539,0.017717712783556792,0.016546911790878773,0.023793311651070976
1.342337835584459,0.014630505619179824,0.018747963954014644,0.017539699458427434,0.025176171496721786
1.3902784725696182,0.015434270109398763,0.019782259258636893,0.01854071588612171,0.026564363987996522
1.4382191095547776,0.016238886340402475,0.020818253216825667,0.019548004893365584,0.02795473418123465
1.4861597465399368,0.01704249985570121,0.021853600347983074,0.02055961029956301,0.029344127132775604
1.534100383525096,0.017843256198805238,0.022885955171511242,0.02157357592411797,0.030729387898958835
1.5820410205102555,0.018639300913224827,0.023912972206812287,0.02258794558643444,0.032107361536123806
1.6299816574954147,0.01942877954247023,0.02493230597328832,0.02360076310591638,0.03347489310060994
1.6779222944805738,0.020209837630051703,0.02594161099034146,0.024610072301967757,0.03482882764875671
1.725862931465733,0.02098062071947952,0.026938541777373825,0.02561391699399255,0.03616601023690354
1.7738035684508922,0.02173927435426394,0.02792075285378754,0.02661034100139473,0.0374832859213899
1.8217442054360515,0.02248394407791523,0.028885898738984728,0.027597388143578275,0.03877749975855524
1.869684842421211,0.02321277543394365,0.02983163395236749,0.02857310223994714,0.040045496804739
1.91762547940637,0.023923913965859463,0.030755613013337957,0.029535527109905306,0.04128412211628063
1.9655661163915292,0.024615505217172918,0.03165549044129823,0.030482706572856733,0.042490220749519574
2.0135067533766886,0.025285694731394293,0.032528920755650455,0.03141268444820541,0.04366063776079529
2.061447390361848,0.02593262805203385,0.033373558475796726,0.0323235045553553,0.04479221820644722
2.109388027347007,0.026554450722601833,0.03418705812113916,0.03321321071371035,0.045881807142814805
2.1573286643321663,0.027149308286608533,0.0349670742110799,0.03407984674267457,0.04692624962623752
2.2052693013173257,0.027715346287564193,0.03571126126502104,0.034921456461651915,0.047922390713054805
2.253209938302485,0.028250710268979077,0.03641727380236471,0.03573608369004634,0.048867075459606085
2.301150575287644,0.028753545774363447,0.03708276634251301,0.03652177224726183,0.04975714892223082
2.3490912122728034,0.02922199834722758,0.03770539340486809,0.037276565952702366,0.05058945615726848
2.3970318492579623,0.029654213531081712,0.03828280950883203,0.0379985086257719,0.05136084222105849
2.4449724862431217,0.030048336869436126,0.03881266917380698,0.03868564408587441,0.052068152169940304
2.492913123228281,0.03040251390580108,0.039292626919195044,0.039336016152413875,0.05270823106025339
2.5408537602134404,0.030714890183686835,0.039720337264398345,0.03994766864479425,0.053277923948337164
2.5887943971985994,0.030983611246603652,0.040093454728818985,0.04051864538241952,0.0537740758905311
2.6367350341837588,0.03120682263806179,0.04040963383185911,0.04104699018469365,0.05419353194317463
2.684675671168918,0.03138266990157152,0.04066652909292081,0.0415307468710206,0.054533137162607215
2.732616308154077,0.0315092985806431,0.04086179503140622,0.04196795926080435,0.05478973660516829
2.7805569451392365,0.03158485421878679,0.04099308616671746,0.042356671173448886,0.05496017532719733
2.828497582124396,0.03160748235951285,0.04105805701825662,0.04269492642835815,0.05504129838503376
2.876438219109555,0.031575328546331556,0.041054362105425866,0.042980768844936144,0.055029950835017036
2.924378856094714,0.03148653832275315,0.040979655947627265,0.0432122422425868,0.05492297773348661
2.9723194930798735,0.03133925723228791,0.040831593064262976,0.04338739044071414,0.054717224136781935
3.0202601300650325,0.031131630818446103,0.040607827974735104,0.04350425725872208,0.05440953510124244
3.068200767050192,0.030861804624737973,0.04030601519844575,0.04356088651601463,0.05399675568320759
3.1161414040353512,0.030527924194673792,0.03992380925479704,0.04355532203199575,0.05347573093901683
3.164082041020511,0.030128135071763817,0.0394588646631911,0.04348560762606939,0.0528433059250096
3.21202267800567,0.029660582799518317,0.038908835943030046,0.043349787117639545,0.052096325697525356
3.2599633149908294,0.029123412921447562,0.038271377613716,0.04314590432611019,0.05123163531290357
3.3079039519759883,0.028514770981061796,0.037544144194651075,0.04287200307088528,0.05024607982748366
3.3558445889611477,0.027832802521871286,0.03672479020523738,0.04252612717136879,0.049136504297605084
3.4037852259463066,0.02707565308738631,0.035810970164877054,0.04210632044696469,0.0478997537796073
3.451725862931466,0.026241468221117115,0.0348003385929722,0.04161062671707696,0.04653267332982973
3.499666499916625,0.02532839346657397,0.03369055000892494,0.04103708980110956,0.04503210800461186
3.5476071369017843,0.024334574367267124,0.03247925893213738,0.04038375351846646,0.0433949028602931
3.595547773886944,0.023258156466706842,0.03116411988201164,0.03964866168855163,0.0416179029532129
3.643488410872103,0.02209728530840341,0.02974278737794987,0.03882985813076906,0.039697953339710775
3.6914290478572624,0.020850106435867072,0.028212915939354148,0.03792538666452269,0.03763189907612609
3.739369684842422,0.019514765392608078,0.026572160085626607,0.03693329110921651,0.035416585218798334
3.7873103218275808,0.018089407722136727,0.02481817433616939,0.035851615284254505,0.033048856824066976
3.83525095881274,0.016572178967963248,0.02294861321038457,0.03467840300904062,0.03052555894827142
3.883191595797899,0.014961224673597924,0.020961131227674304,0.03341169810297884,0.027843536647751153
3.9311322327830585,0.013254690382550994,0.018853382907440677,0.03204954438547312,0.024999634978845588
3.9790728697682183,0.011450721638332717,0.016623022769085793,0.030589985675927425,0.02199069899789416
4.027013506753377,0.009547463984453403,0.014267705332011844,0.02903106579374577,0.0188135737612364
4.074954143738537,0.00754306296442327,0.011785085115620883,0.027370828558332082,0.015465104325211684
4.122894780723696,0.005435664121752591,0.009172816639315049,0.02560731778909035,0.01194213574615948
4.1708354177088545,0.0032240345099848323,0.006429435385914943,0.0237392816862256,0.008242910264013508
4.218776054694014,0.0010017872738286382,0.0036877359329534143,0.021872795121962593,0.004578254451236624
4.266716691679173,-0.0011634433484663251,0.001043078037770809,0.020083930253591974,0.001098454351658057
4.314657328664333,-0.0032723885291182334,-0.001506211327676803,0.018371161015927843,-0.0022003400574054886
4.362597965649492,-0.0053257794403452595,-0.003961805191433353,0.016732961343784315,-0.005321978798637312
4.410538602634651,-0.007324347254365579,-0.00632537658154277,0.015167805171975501,-0.008270311894720715
4.458479239619811,-0.00926882314339737,-0.008598598526048985,0.013674166435315507,-0.011049189368338989
4.50641987660497,-0.0111599382796588,-0.010783144052995927,0.012250519068618444,-0.013662461242175438
4.554360513590129,-0.012998423835368015,-0.012880686190427489,0.010895337006698445,-0.016113977538913315
4.602301150575288,-0.014785010982743258,-0.014892897966387677,0.00960709418436957,-0.01840758828123601
4.650241787560447,-0.016520430894002666,-0.016821452408920384,0.008384264536445958,-0.02054714349182677
4.698182424545607,-0.018205414741364417,-0.01866802254606954,0.00722532199774171,-0.022536493193368895
4.746123061530765,-0.019840693697046653,-0.02043428140587904,0.006128740503070966,-0.024379487408545657
4.794063698515925,-0.021426998933267608,-0.022121902016392886,0.005092993987247789,-0.026079976160040416
4.842004335501085,-0.022965061622245462,-0.02373255740565499,0.00411655638508629,-0.027641809470536474
4.889944972486243,-0.024455612936198294,-0.025267920601709213,0.003197901631400636,-0.02906883736271703
4.937885609471403,-0.02589938404734438,-0.026729664632599556,0.0023355036610048802,-0.030364909859265467
4.985826246456562,-0.027297106127901843,-0.02811946252636994,0.0015278364087131513,-0.031533876982865056
5.0337668834417215,-0.028649510350088874,-0.02943898731106427,0.0007733738093395632,-0.03257958875619911
5.081707520426881,-0.02995732788612365,-0.030689912014726494,7.058979769821935e-5,-0.03350589520195092
5.129648157412039,-0.031221289908224308,-0.03187390966540051,-0.0005820416913967577,-0.03431664634280377
5.177588794397199,-0.03244212758860908,-0.03299265329113031,-0.0011860467231312871,-0.03501569220144098
5.225529431382358,-0.033620572099496114,-0.03404781591995977,-0.0017429513626912342,-0.035606882800545844
5.2734700683675175,-0.034757354613103586,-0.03504107057993285,-0.0022542816752624956,-0.03609406816280166
5.321410705352677,-0.03585320630164967,-0.03597409029909348,-0.002721563726030961,-0.03648109831089171
5.369351342337836,-0.03690885833735255,-0.03684854810548557,-0.0031463235801825334,-0.03677182326749931
5.417291979322996,-0.03792504189243038,-0.03766611702715307,-0.0035300873029030858,-0.03697009305530775
5.465232616308154,-0.03890248813910133,-0.03842847009213987,-0.003874380959378504,-0.03707975769700032
5.5131732532933135,-0.039841928249583616,-0.03913728032848995,-0.004180730614794695,-0.03710466721526035
5.561113890278473,-0.040744093396095374,-0.039794220764247226,-0.004450662334337545,-0.03704867163277112
5.609054527263632,-0.04160971475085479,-0.0404009644274556,-0.004685702183192954,-0.036915620972215915
5.656995164248792,-0.04243952348608005,-0.04095918434615906,-0.0048873762265467975,-0.03670936525627806
5.704935801233951,-0.04323425077398933,-0.04147055354840146,-0.005057210529584959,-0.0364337545076408
5.75287643821911,-0.04399462778680078,-0.0419367450622268,-0.005196731157493341,-0.03609263874898751
5.80081707520427,-0.04472138569673259,-0.042359431915678966,-0.0053074641754578475,-0.03568986800300143
5.848757712189428,-0.04541525567600292,-0.04274028713680191,-0.005390935648664337,-0.035229292292365905
5.896698349174588,-0.046076968896829974,-0.04308098375363955,-0.00544867164229873,-0.0347147616397642
5.944638986159747,-0.04670725653143191,-0.04338319479423582,-0.005482198221546886,-0.03415012606787958
5.992579623144906,-0.0473068497520269,-0.04364859328663465,-0.005493041451594724,-0.03353923559939541
6.040520260130065,-0.04787647973083312,-0.04387885225887998,-0.005482727397628118,-0.03288594025699498
6.088460897115225,-0.04841687764006876,-0.04407564473901572,-0.005452782124832974,-0.03219409006336153
6.136401534100384,-0.048928774651951966,-0.04424064375508584,-0.005404731698395164,-0.031467535041178454
6.184342171085544,-0.04941290193870093,-0.0443755223351342,-0.005340102183500582,-0.030710125213128922
6.2322828080707025,-0.04986999067253383,-0.0444819535072048,-0.005260419645335128,-0.029925710601896374
6.280223445055862,-0.05030077202566882,-0.044561610299341525,-0.0051672101490846875,-0.029118141230164013
6.328164082041022,-0.05070597717032413,-0.044616165739588334,-0.005061999759935147,-0.028291267120615138
6.376104719026181,-0.05108633727871787,-0.04464729285598913,-0.004946314543072421,-0.027448938295933117
6.42404535601134,-0.05144258352306822,-0.044656664676587854,-0.004821680563682353,-0.026595004778801168
6.4719859929964985,-0.05177544707559339,-0.04464595422942848,-0.004689623886950878,-0.025733316591902672
6.519926629981659,-0.05208565910851154,-0.044616834542554856,-0.0045516705780638544,-0.02486772375792079
6.567867266966817,-0.052373950794040836,-0.04457097864401097,-0.00440934670220719,-0.024002076299539016
6.615807903951977,-0.052641053304399485,-0.04451005956184073,-0.004264178324566784,-0.023140224239440482
6.663748540937135,-0.0528876978118056,-0.044435750324088086,-0.0041176915103284945,-0.022286017600308572
6.711689177922295,-0.053114615488477415,-0.04434972395879695,-0.003971412324678236,-0.021443306404826556
6.759629814907455,-0.05332253750663307,-0.04425365349401124,-0.003826866832801895,-0.020615940675677707
6.807570451892613,-0.053512195038490765,-0.04414921195777492,-0.003685581099885371,-0.019807770435545435
6.8555110888777735,-0.05368431925626865,-0.04403807237813191,-0.0035490811911145226,-0.019022645707112873
6.903451725862932,-0.053839641332184926,-0.043921907783126116,-0.0034188931716752913,-0.01826441651306346
6.951392362848091,-0.05397889243845774,-0.04380239120080151,-0.0032965431067535217,-0.017536932876080435
6.99933299983325,-0.054102803747305264,-0.04368119565920198,-0.0031835570615351277,-0.016844044818847076
7.04727363681841,-0.05421210643094572,-0.04355999418637148,-0.0030814611012059817,-0.01618960236404668
7.095214273803569,-0.05430753166159724,-0.043440459810353896,-0.0029917812909519836,-0.0155774555343626
7.143154910788728,-0.054389810611478004,-0.043324265559193234,-0.0029160436959590474,-0.015011454352478082
7.191095547773888,-0.05445967445280618,-0.04321308446093336,-0.0028557743814130176,-0.014495448841076453
7.239036184759047,-0.054517854357799975,-0.043108589543618264,-0.002812499412499808,-0.014033289022841039
7.286976821744206,-0.05456508149867753,-0.043012453835291814,-0.002787744854405319,-0.013628824920455085
7.334917458729365,-0.05460208704765704,-0.04292635036399797,-0.0027830367723154087,-0.013285906556601862
7.382858095714525,-0.05462960217695666,-0.042851952157780676,-0.0027999012314160326,-0.013008383953964753
7.430798732699683,-0.05464835805879459,-0.04279093224468383,-0.0028398642968930354,-0.012800107135227057
7.478739369684844,-0.05465908586538898,-0.042744963652751405,-0.0029044520339322755,-0.012664926123071962
7.526680006670002,-0.05466251676895802,-0.04271571941002725,-0.0029951905077196944,-0.012606690940182852
7.5746206436551615,-0.05465938194171989,-0.042704872544555406,-0.0031136057834411507,-0.012629251609243053
7.622561280640322,-0.05465041255589277,-0.04271409608437973,-0.003261223926282558,-0.012736458152935781
7.67050191762548,-0.05463633978369478,-0.042745063057544136,-0.003439571001429831,-0.01293216059394442
7.71844255461064,-0.05461789479734415,-0.04279944649209261,-0.0036501730740687993,-0.01322020895495224
7.766383191595798,-0.05459580876905905,-0.04287891941606908,-0.0038945562093853775,-0.013604453258642457
7.814323828580958,-0.054570812871057625,-0.042985154857517444,-0.004174246472565479,-0.014088743527698455
7.862264465566117,-0.054543638275558096,-0.043119825844481624,-0.004490769928794991,-0.014676929784803505
7.910205102551276,-0.05451501615477859,-0.04328460540500556,-0.004845652643259743,-0.015372862052640934
7.958145739536437,-0.05448567768093732,-0.04348116656713322,-0.005240420681145705,-0.016180390353894014
8.006086376521594,-0.05445635402625243,-0.0437111823589085,-0.005676600107638707,-0.017103364711246016
8.054027013506754,-0.054427776362942076,-0.04397632580837532,-0.006155716987924692,-0.018145635147380268
8.101967650491913,-0.05440067586322453,-0.04427826994357764,-0.006679297387189503,-0.019311051684980096
8.149908287477073,-0.05437578369931784,-0.0446186877925594,-0.007248867370619055,-0.020603464346728773
8.197848924462232,-0.05435383104344027,-0.04499925238336447,-0.007865953003399234,-0.02202672315530968
8.245789561447392,-0.05433554906780999,-0.04542163674403682,-0.008532080350715926,-0.02358467813340598
8.29373019843255,-0.0543216689446451,-0.045887513902620386,-0.009248775477755072,-0.025281179303700996
8.341670835417709,-0.054312825168756566,-0.04639767554047646,-0.010016179331014858,-0.0271164741156547
8.38961147240287,-0.05430547818453855,-0.046915914137144396,-0.01077658402343552,-0.02894058215206222
8.437552109388028,-0.054297576323917365,-0.047422596441892284,-0.01149918406556371,-0.03067415677681918
8.485492746373188,-0.054289172003454254,-0.047917792241261005,-0.012184287132812922,-0.03231888883458417
8.533433383358346,-0.05428031763971049,-0.04840157132179136,-0.012832200900596549,-0.03387646917001553
8.581374020343507,-0.0542710656492473,-0.04887400347002426,-0.01344323304432808,-0.035348588627771835
8.629314657328665,-0.05426146844862595,-0.04933515847250051,-0.014017691239420914,-0.03673693805251142
8.677255294313825,-0.05425157845440768,-0.04978510611576099,-0.014555883161288532,-0.03804320828889287
8.725195931298984,-0.054241448083153725,-0.05022391618634652,-0.015058116485344334,-0.03926909018157452
8.773136568284142,-0.054231129751425355,-0.050651658470797986,-0.01552469888700179,-0.040416274575214906
8.821077205269303,-0.054220675875783816,-0.05106840275565623,-0.01595593804167435,-0.0414864523144725
8.869017842254461,-0.05421013887279035,-0.0514742188274621,-0.01635214162477543,-0.04248131424400569
8.916958479239621,-0.05419957115900621,-0.05186917647275646,-0.016713617311718495,-0.04340255120847301
8.96489911622478,-0.05418902515099264,-0.05225334547808014,-0.017040672777916967,-0.044251854052532846
9.01283975320994,-0.054178553265310896,-0.05262679562997401,-0.0173336156987843,-0.04503091362084373
9.060780390195099,-0.05416820791852222,-0.0529895967149789,-0.017592753749733923,-0.04574142075806406
9.108721027180257,-0.05415804152718787,-0.053341818519635674,-0.017818394606179296,-0.04638506630885231
9.156661664165416,-0.05414810650786908,-0.0536835308304852,-0.018010845943533846,-0.04696354111786695
9.204602301150576,-0.05413845527712712,-0.05401480343406833,-0.018170415437211027,-0.04747853602976645
9.252542938135736,-0.05412914025152321,-0.05433570611692589,-0.018297410762624276,-0.047931741889209255
9.300483575120895,-0.054120213847618635,-0.05464630866559874,-0.018392139595187026,-0.0483248495408538
9.348424212106055,-0.05411172848197462,-0.05494668086662775,-0.018454909610312736,-0.048659549829358585
9.396364849091214,-0.054103736571152417,-0.05523689250655375,-0.01848602848341483,-0.048937533599382035
9.444305486076372,-0.054096290531713276,-0.0555170133719176,-0.01848580388990676,-0.04916049169558262
9.49224612306153,-0.05408944278021844,-0.055787113249260147,-0.018454543505201964,-0.049330114962618805
9.54018676004669,-0.054083245733229174,-0.056047261925122265,-0.018392555004713887,-0.04944809424514905
9.58812739703185,-0.054077751807306715,-0.05629752918604478,-0.01830014606385597,-0.04951612038783177
9.63606803401701,-0.054073013419012314,-0.05653798481856856,-0.01817762435804165,-0.04953588423532549
9.68400867100217,-0.05406908298490722,-0.05676869860923445,-0.018025297562684377,-0.04950907663228865
9.731949307987328,-0.054066012921552685,-0.05698974034458329,-0.017843473353197588,-0.04943738842337968
9.779889944972487,-0.05406385564550995,-0.05720117981115595,-0.017632459404994725,-0.04932251045325706
9.827830581957647,-0.05406266357334028,-0.05740308679549329,-0.017392563393489224,-0.04916613356657923
9.875771218942806,-0.054062489121604905,-0.05759553108413613,-0.017124092994094543,-0.04896994860800467
9.923711855927964,-0.054063384706865086,-0.05777858246362534,-0.016827355882224115,-0.04873564642219183
9.971652492913124,-0.05406540274568206,-0.057952310720501804,-0.01650265973329137,-0.04846491785379917
10.019593129898283,-0.0540685956546171,-0.05811678564130631,-0.016150312222709764,-0.04815945374748516
10.067533766883443,-0.05407301585023143,-0.058272077012579755,-0.01577062102589273,-0.04782094494790823
10.115474403868603,-0.054078715749086306,-0.05841825462086297,-0.015363893818253711,-0.04745108229972683
10.163415040853762,-0.054085747767742984,-0.05855538825269682,-0.014930438275206175,-0.047051556647599475
10.21135567783892,-0.054094164322762706,-0.05868354769462215,-0.014470562072163538,-0.04662405883618459
10.259296314824079,-0.054104017830706716,-0.05880280273317981,-0.013984572884539248,-0.04617027971014063
10.307236951809239,-0.05411536070813628,-0.05891322315491067,-0.013472778387746721,-0.04569191011412604
10.355177588794398,-0.054128245371612635,-0.05901487874635556,-0.012935486257199449,-0.04519064089279931
10.403118225779558,-0.05414272423769703,-0.059107839294055345,-0.012373004168310817,-0.04466816289081886
10.451058862764716,-0.054158849722950715,-0.05919217458455086,-0.011785639796494322,-0.044126166952843215
10.498999499749877,-0.054176674243934936,-0.05926795440438298,-0.011173700817163366,-0.04356634392353077
10.546940136735035,-0.05419625021721095,-0.05933524854009253,-0.010537494905731415,-0.04299038464754
10.594880773720194,-0.05421763005934001,-0.05939412677822039,-0.009877329737611906,-0.04239997996952938
10.642821410705354,-0.05424086618688334,-0.0594446589053074,-0.009193512988218258,-0.04179682073415733
10.690762047690512,-0.054266011016402216,-0.059486914707894405,-0.008486352332963944,-0.04118259778608235
10.738702684675673,-0.05429311696445787,-0.059520963972522274,-0.007756155447262374,-0.04055900196996287
10.786643321660831,-0.05432223644761156,-0.05954687648573185,-0.007003230006527028,-0.039927724130457365
10.834583958645991,-0.054353421882424535,-0.05956472203406398,-0.006227883686171311,-0.03929045511222429
10.88252459563115,-0.05438672568545804,-0.05957457040405951,-0.005430424161608709,-0.03864888575992212
10.930465232616308,-0.054422200273273325,-0.0595764913822593,-0.00461115910825264,-0.0380047069182093
10.978405869601469,-0.05445989806243163,-0.059570554755204216,-0.0037703962015165,-0.03735960943174427
11.026346506586627,-0.05449987146949422,-0.05955683030943508,-0.0029084431168138122,-0.0367152841451855
11.074287143571787,-0.05454217291102234,-0.05953538783149278,-0.002025607529557945,-0.03607342190319142
11.122227780556946,-0.05458685480357724,-0.05950629710791814,-0.0011221971151624058,-0.035435713550420564
11.170168417542106,-0.05463396956372016,-0.05946962792525204,-0.00019851954904057806,-0.03480384993153132
11.218109054527265,-0.05468356960801235,-0.05942545007003529,0.0007451174933940444,-0.03417952189118216
11.266049691512425,-0.054735707353015056,-0.05937383332880877,0.0017084063367280786,-0.0335644202740316
11.313990328497583,-0.05479043521528954,-0.05931484748811333,0.002691039305547989,-0.03296023592473804
11.361930965482742,-0.05484780561139705,-0.05924856233448981,0.003692708724440427,-0.03236865968795996
11.409871602467902,-0.05490787095789883,-0.05917504765447908,0.004713106917991941,-0.03179138240835579
11.45781223945306,-0.05497068367135612,-0.05909437323462197,0.005751926210789016,-0.031230094930584
11.50575287643822,-0.05503629616833018,-0.05900660886145938,0.006808858927418324,-0.030686488099303064
11.55369351342338,-0.055104760865382255,-0.05891182432153208,0.007883597392466288,-0.030162252759171435
11.60163415040854,-0.05517613017907361,-0.05881008940138101,0.008975833930519594,-0.02965907975484755
11.649574787393698,-0.05525045652596546,-0.05870147388754696,0.010085260866164694,-0.02917865993098992
11.697515424378857,-0.05532779232261908,-0.05858604756657079,0.011211570523988218,-0.028722684132256954
11.745456061364017,-0.055408189985595706,-0.05846388022499338,0.012354455228576727,-0.028292843203307105
11.793396698349175,-0.055491701931456604,-0.058335041649355567,0.0135136073045167,-0.02789082798879891
11.841337335334336,-0.05557838057676301,-0.058199601626198194,0.014688719076394824,-0.02751832933339074
11.889277972319494,-0.055668278338076166,-0.058057629942062136,0.015879482868797493,-0.027177038081741045
11.937218609304654,-0.05576144763195734,-0.05790919638348824,0.017085591006311435,-0.026868645078508363
11.985159246289813,-0.05585794087496776,-0.05775437073701731,0.018306735813523073,-0.02659484116835112
12.033099883274971,-0.05595781048366869,-0.05759322278919027,0.019542609615019024,-0.026357317195927765
12.08104052026013,-0.05606110887462138,-0.05742582232654793,0.020792904735385823,-0.0261577640058967
12.128981157245288,-0.05616788846438707,-0.05725223913563114,0.02205731349921007,-0.025997872442916514
12.17692179423045,-0.05627820166952702,-0.05707254300298076,0.023335528231078373,-0.025879333351645523
12.224862431215609,-0.05639210090660246,-0.05688680371513765,0.024627241255577137,-0.025803837576742317
12.272803068200767,-0.056509638592174644,-0.05669509105864266,0.02593214489729298,-0.02577307596286524
12.32074370518593,-0.056630867142804846,-0.05649747482003662,0.02724993148081263,-0.025788739354672824
12.368684342171088,-0.05675583897505429,-0.05629402478586043,0.028580293330722345,-0.0258525185968235
12.416624979156246,-0.05688460650548423,-0.05608481074265489,0.029922922771608865,-0.025966104533975742
12.464565616141405,-0.05701722215065591,-0.055869902476960887,0.03127751212805867,-0.02613118801078801
12.512506253126565,-0.057153432458066596,-0.05564978553533577,0.03264059897342678,-0.026348158380549304
12.560446890111724,-0.05728706880647814,-0.05543295183904378,0.03394815755972506,-0.026591548833067493
12.608387527096882,-0.05741575147752621,-0.0552226606046324,0.03517632525228906,-0.026850345433562114
12.656328164082044,-0.057539558537156844,-0.055018818574041686,0.03632674243342204,-0.02712375627004297
12.704268801067203,-0.057658568051316014,-0.054821332489211734,0.037401049485427044,-0.027410989430519807
12.752209438052361,-0.05777285808594973,-0.0546301090920826,0.03840088679060734,-0.027711253003002426
12.80015007503752,-0.057882506707004004,-0.05444505512459435,0.0393278947312661,-0.028023755075500624
12.84809071202268,-0.05798759198042484,-0.054266077328687046,0.040183713689706566,-0.028347703736024195
12.896031349007838,-0.058088191972158226,-0.05409308244630076,0.040969984048231836,-0.0286823070725829
12.943971985992997,-0.058184384748150166,-0.053925977219375566,0.04168834618914516,-0.02902677317318653
12.991912622978159,-0.058276248374346695,-0.05376466838985151,0.042340440494749755,-0.02938031012584491
13.039853259963317,-0.05836386091669377,-0.05360906269966868,0.04292790734734871,-0.029742126018567766
13.087793896948476,-0.05844730044113742,-0.053459066890767154,0.04345238712924527,-0.03011142893936492
13.135734533933634,-0.058526645013623646,-0.05331458770508698,0.04391552022274263,-0.030487426976246144
13.183675170918795,-0.058601972700098454,-0.05317553188456821,0.04431894701014398,-0.03086932821722125
13.231615807903953,-0.058673361566507834,-0.053041806171150944,0.04466430787375249,-0.03125634075029999
13.279556444889112,-0.05874088967879779,-0.05291331730677524,0.04495324319587135,-0.031647672663492166
13.32749708187427,-0.05880463510291434,-0.052789972033381156,0.04518739335880376,-0.03204253204480757
13.375437718859432,-0.05886467590480348,-0.05267167709290876,0.045368398744852906,-0.032440126982256005
13.42337835584459,-0.0589210901504112,-0.05255833922729813,0.04549789973632196,-0.03283966556384721
13.47131899282975,-0.05897395590568352,-0.052449865178489326,0.04557753671551412,-0.03324035587759099
13.51925962981491,-0.05902335123656644,-0.05234616168842242,0.04560895006473259,-0.03364140601149716
13.567200266800068,-0.05906935420900596,-0.05224713549903747,0.04559378016628053,-0.03404202405357547
13.615140903785226,-0.05911204288894808,-0.05215269335227456,0.04553366740246115,-0.034441418091835714
13.663081540770385,-0.0591514953423388,-0.05206274199007374,0.04543025215557764,-0.03483879621428769
13.711022177755547,-0.05918778963512414,-0.05197718815437508,0.04528517480793316,-0.03523336650894121
13.758962814740705,-0.05922100383325009,-0.05189593858711867,0.045100075741830926,-0.035624337063805994
13.806903451725864,-0.059251216002662636,-0.051818900030244544,0.044876595339574124,-0.03601091596689187
13.854844088711024,-0.05927850420930782,-0.05174597922569279,0.04461637398346592,-0.036392311306208625
13.902784725696183,-0.059302946519131615,-0.05167708291540347,0.04432105205580952,-0.036767731169766026
13.950725362681341,-0.05932462099808003,-0.051612117841316654,0.043992269938908125,-0.03713638364557387
13.9986659996665,-0.05934360571209907,-0.05155099074537241,0.04363166801506491,-0.03749747682164195
14.046606636651662,-0.05935997872713475,-0.0514936083695108,0.043240886666583024,-0.03785021878598007
14.09454727363682,-0.05937381810913305,-0.0514398774556719,0.04282156627576572,-0.03819381762659796
14.142487910621979,-0.05938520192403999,-0.05138970474579577,0.04237534722491618,-0.03852748143150545
14.190428547607137,-0.05939420823780157,-0.05134299698182247,0.04190386989633755,-0.038850418288712316
14.238369184592298,-0.05940091511636379,-0.05129966090569209,0.041408774672333025,-0.03916183628622835
14.286309821577456,-0.05940540062567266,-0.05125960325934468,0.040891701935205825,-0.03946094351206332
14.334250458562614,-0.05940774283167415,-0.05122273078472031,0.04035429206725913,-0.03974694805422703
14.382191095547777,-0.05940801980031432,-0.05118895022375905,0.03979818545079606,-0.040019058000729274
14.430131732532935,-0.05940630959753913,-0.05115816831840097,0.0392250224681199,-0.04027648143957981
14.478072369518094,-0.059402690289294596,-0.051130291810586134,0.038636443501533814,-0.040518426458788434
14.526013006503252,-0.059397239941526715,-0.051105227442254604,0.038034088933340975,-0.04074410114636494
14.573953643488412,-0.0593900366201815,-0.05108288195534646,0.03741959914584456,-0.04095271359031912
14.62189428047357,-0.05938115839120495,-0.051063162091801756,0.03679461452134778,-0.04114347187866075
14.66983491745873,-0.059370683320543065,-0.05104597459356057,0.036160775442153806,-0.041315584099399616
14.717775554443891,-0.059358689474141836,-0.051031226202562965,0.035519722290565776,-0.041468258340545516
14.76571619142905,-0.059345254917947295,-0.05101882366074901,0.034873095448887,-0.04160070269010822
14.813656828414208,-0.05933045771790543,-0.051008673710058766,0.03422253529942061,-0.04171212523609752
14.861597465399367,-0.05931437593996224,-0.05100068309243232,0.033569682224469766,-0.0418017340665232
14.909538102384529,-0.05929708765006374,-0.05099475854980971,0.032916176606337624,-0.04186873726939505
14.957478739369687,-0.059278670914155916,-0.05099080682413103,0.032263658827327485,-0.041912342932722856
15.005419376354846,-0.05925920379818478,-0.05098873465733633,0.03161376926974248,-0.04193175914451641
15.053360013340004,-0.059238764368096324,-0.05098844879136569,0.030968148315885777,-0.041926193992785486
15.101300650325165,-0.05921743068983658,-0.050989855968159165,0.030328436348060567,-0.04189485556553988
15.149241287310323,-0.05919528082935152,-0.050992862929656824,0.029696273748570062,-0.041836951950789375
15.197181924295482,-0.05917239285258717,-0.05099737641779875,0.02907330089971745,-0.041751691236543764
15.245122561280644,-0.0591488448254895,-0.051003303174525,0.02846115818380586,-0.04163828151081281
15.293063198265802,-0.05912471481400455,-0.05101054994177563,0.027861485983138576,-0.04149593086160633
15.34100383525096,-0.05910008088407831,-0.05101902346149073,0.027275924680018715,-0.041323847376934085
15.388944472236119,-0.05907502110165678,-0.05102863047561035,0.02670611465674952,-0.04112123914480588
15.43688510922128,-0.05904961353268596,-0.051039277726074556,0.026153696295634105,-0.04088731425323149
15.484825746206438,-0.059023936243111856,-0.05105087195482343,0.02562030997897574,-0.04062128079022071
15.532766383191596,-0.05899806729888048,-0.05106331990379703,0.025107596089077575,-0.04032234684378333
15.580707020176758,-0.058972084765937814,-0.05107652831493544,0.024617195008242734,-0.03998972050192909
15.628647657161917,-0.05894606671022988,-0.051090403930178704,0.024150747118774518,-0.03962260985266784
15.676588294147075,-0.05892009119770268,-0.051104853491466894,0.0237098928029761,-0.03922022298400935
15.724528931132234,-0.0588942362943022,-0.05111978374074008,0.023296272443150606,-0.038781767983963385
15.772469568117394,-0.05886858006597446,-0.05113510141993834,0.02291152642160124,-0.038306452940539734
15.820410205102553,-0.058843200578665454,-0.051150713271001735,0.02255729512063122,-0.03779348594174822
15.868350842087711,-0.05881817589832119,-0.051166526035870324,0.022235218922543695,-0.03724207507559858
15.916291479072873,-0.058793584090887654,-0.051182446456484176,0.021946938209641886,-0.036651428430100594
15.964232116058032,-0.05876950322231088,-0.05119838127478338,0.021694093364228964,-0.03602075409326411
16.01217275304319,-0.05874601135853686,-0.05121423723270798,0.021478324768608115,-0.035349260153098916
16.06011339002835,-0.05872318656551158,-0.05122992107219804,0.021301272805082552,-0.034636154697614704
16.10805402701351,-0.05870110690918105,-0.051245339535193654,0.02116457785595542,-0.033880645814821315
16.15599466399867,-0.0586798504554913,-0.051260399363634856,0.021069880303529978,-0.03308194159272854
16.203935300983826,-0.05865949527038829,-0.051275007299461745,0.021018820530109325,-0.03223925011934623
16.251875937968986,-0.058640119419818046,-0.05128907008461436,0.021013038917996732,-0.03135177948268404
16.299816574954146,-0.05862180096972658,-0.051302494461032806,0.02105417584949533,-0.030418737770751818
16.347757211939303,-0.05860461798605987,-0.051315187170657105,0.021143871706908318,-0.029439333071559423
16.395697848924463,-0.058588648534763935,-0.05132705495542736,0.021283766872538898,-0.0284127734731165
16.443638485909624,-0.058573970681784784,-0.051338004557283615,0.02147550172869027,-0.027338267063432908
16.491579122894784,-0.0585606624930684,-0.05134794271816595,0.02172071665766559,-0.02621502193051843
16.53951975987994,-0.05854880203456081,-0.051356776180014434,0.022021052041768074,-0.02504224616238294
16.5874603968651,-0.05853846737220798,-0.05136441168476913,0.022378148263300868,-0.02381914784703605
16.63540103385026,-0.058529736571955954,-0.0513707559743701,0.02279364570456721,-0.02254493507248764
16.683341670835418,-0.0585223749909628,-0.05137631702008736,0.02326136744378136,-0.021221619381457106
16.731282307820578,-0.05851270450409289,-0.05138813958433903,0.02368903996604141,-0.01988252092606401
16.77922294480574,-0.05849970749424922,-0.05140797981387994,0.024050869727474517,-0.01853801341284424
16.8271635817909,-0.0584834659922296,-0.051435459993898286,0.02434854961593339,-0.01718871458087623
16.875104218776055,-0.05846406202883183,-0.051470202409582264,0.024583772519270707,-0.015835242169238532
16.923044855761216,-0.0584415776348537,-0.051511829346120065,0.024758231325339206,-0.014478213917009382
16.970985492746376,-0.058416094841093,-0.05155996308869988,0.024873618921991556,-0.01311824756326733
17.018926129731533,-0.05838769567834756,-0.0516142259225099,0.024931628197080464,-0.011755960847090918
17.066866766716693,-0.05835646217741514,-0.05167424013273832,0.024933952038458634,-0.010391971507558386
17.11480740370185,-0.05832247636909356,-0.05173962800457332,0.02488228333397876,-0.009026897283748385
17.162748040687013,-0.058285820284180605,-0.051810011823203106,0.024778314971493527,-0.0076613559147390535
17.21068867767217,-0.05824657595347409,-0.051885013873815854,0.024623739838855664,-0.006295965139609239
17.25862931465733,-0.058204825407771804,-0.05196425644159977,0.02442025082391784,-0.004931342697437081
17.30656995164249,-0.05816065067787154,-0.05204736181174304,0.024169540814532764,-0.00356810632730113
17.35451058862765,-0.0581141337945711,-0.052133952269433854,0.02387330269855313,-0.0022068737682798224
17.402451225612808,-0.058065356788668296,-0.052223650099860394,0.023533229363831676,-0.0008482627594517081
17.450391862597968,-0.05801440169096091,-0.05231607758821087,0.023151013698221035,0.0005071089601049701
17.498332499583128,-0.05796135053224674,-0.052410857019673476,0.02272834858957394,0.001858623651311673
17.546273136568285,-0.057906285343323594,-0.05250761067943637,0.022266926925743113,0.0032056635750898513
17.594213773553445,-0.057849288154989256,-0.05260596085268778,0.021768441594581196,0.004547610992361265
17.642154410538605,-0.05779044099804154,-0.052705529824615883,0.021234585483940922,0.005883848164047365
17.690095047523766,-0.05772982590327823,-0.05280593988040886,0.020667051481674983,0.007213757351069713
17.738035684508922,-0.05766752490149714,-0.052906813305254916,0.020067532475636123,0.008536720814349762
17.785976321494083,-0.05760362002349605,-0.05300777238434224,0.01943772135367695,0.009852120814809268
17.833916958479243,-0.057538193300072774,-0.05310843940285903,0.018779311003650212,0.011159339613369689
17.8818575954644,-0.0574713267620251,-0.053208436645993465,0.01809399431340865,0.012457759470952482
17.92979823244956,-0.05740310244015084,-0.05330738639893373,0.01738346417080487,0.013746762648479396
17.977738869434717,-0.057333602365247774,-0.05340491094686804,0.01664941346369168,0.015025731406871799
18.02567950641988,-0.0572629085681137,-0.05350063257498457,0.0158935350799216,0.01629404800705153
18.073620143405037,-0.05719110307954644,-0.05359417356847152,0.015117521907347563,0.01755109470993977
18.121560780390197,-0.05711826793034376,-0.05368515621251708,0.014323066833822087,0.018796253776458348
18.169501417375358,-0.05704448515130348,-0.05377320279230943,0.013511862747197931,0.02002890746752874
18.217442054360514,-0.056969836773223405,-0.05385793559303677,0.012685602535327856,0.021248438044072396
18.265382691345675,-0.05689440482690131,-0.05393897689988729,0.011845979086064447,0.022454227767011063
18.31332332833083,-0.05681827134313501,-0.054015948998049186,0.010994685287260521,0.023645658897266116
18.361263965315995,-0.05674151835272229,-0.054088474172710656,0.010133414026768574,0.024822113695759374
18.409204602301152,-0.056664227886460965,-0.05415617470905986,0.009263858192441583,0.025982974423412054
18.457145239286312,-0.05658648197514882,-0.054218672892285026,0.008387710672132023,0.027127623341145955
18.505085876271473,-0.05650836264958365,-0.05427559100757432,0.007506664353692696,0.028255442709882554
18.55302651325663,-0.05642995194056327,-0.05432655134011595,0.006622412124976329,0.029365814790543326
18.60096715024179,-0.05635133187888546,-0.0543711761750981,0.005736646873835509,0.030458121844049994
18.648907787226946,-0.05627258449534804,-0.054409087797708956,0.0048510614881230735,0.03153174613132395
18.69684842421211,-0.056193791820748774,-0.05443990849313673,0.003967348855691506,0.03258606991328699
18.744789061197267,-0.0561150358858855,-0.05446326054656958,0.0030872018643937627,0.033620475450860346
18.792729698182427,-0.05603639872155598,-0.05447876624319573,0.002212313402082375,0.03463434500496582
18.840670335167587,-0.05595796235855804,-0.05448604786820336,0.001344376356610083,0.03562706083652489
18.888610972152744,-0.055879808827689476,-0.05448472770678065,0.0004850836158296415,0.036598005206459026
18.936551609137904,-0.05580202015974806,-0.05447442804411581,-0.0003638719324063483,0.03754656037568994
18.98449224612306,-0.05572467838553162,-0.054454771165397015,-0.0012007974002450766,0.03847210860513905
19.032432883108225,-0.055647865535837934,-0.05442537935581246,-0.002023999899834039,0.039374032155728114
19.08037352009338,-0.05557166364146481,-0.05438587490055035,-0.0028317865433202874,0.040251713288378406
19.12831415707854,-0.05549615473321005,-0.05433588008479885,-0.003622464442851303,0.0411045342640117
19.1762547940637,-0.05542142084187144,-0.05427501719374619,-0.0043943407105742766,0.041931877343549404
19.22419543104886,-0.05534754399824678,-0.05420290851258053,-0.005145722458636592,0.04273312478791323
19.27213606803402,-0.055274606233133884,-0.054119176326490055,-0.005874916799185545,0.04350765885802465
19.320076705019176,-0.055202689577330544,-0.054023442920662995,-0.006580230844368332,0.044254861814805146
19.36801734200434,-0.055131876061634534,-0.05391533058028749,-0.007259971706332462,0.04497411591917648
19.415957978989496,-0.05506224771684368,-0.05379446159055179,-0.007912446497224987,0.045664803432059975
19.463898615974657,-0.05499388657375578,-0.05366045823664404,-0.008535962329193396,0.04632630661437732
19.511839252959813,-0.05492687466316861,-0.053512942803752454,-0.009128826314384872,0.04695800772705001
19.559779889944974,-0.05486129401587999,-0.05335153757706521,-0.009689345564946814,0.04755928903099968
19.607720526930134,-0.05479722666268771,-0.053175864841770504,-0.01021582719302648,0.048129532787147836
19.655661163915294,-0.05473475463438956,-0.05298554688305653,-0.01070657831077116,0.04866812125641604
19.703601800900454,-0.05467395996178335,-0.05278020598611149,-0.011159906030328175,0.049174436699725835
19.75154243788561,-0.05461492467566688,-0.05255946443612356,-0.011574117463844777,0.049647861377998766
19.79948307487077,-0.05455773080683794,-0.052322944518280935,-0.01194751972346833,0.05008777755215643
19.847423711855928,-0.05450246038609434,-0.052070268517771814,-0.01227841992134611,0.05049356748312035
19.895364348841092,-0.05444919544423385,-0.05180105871978435,-0.012565125169625449,0.050864613431812145
19.94330498582625,-0.0543980180120543,-0.05151493740950681,-0.012805942580453575,0.051200297659153265
19.99124562281141,-0.05434901012035347,-0.05121152687212731,-0.012999179265977864,0.05150000242606535
20.039186259796566,-0.054302253799929166,-0.050890449392834096,-0.013143142338345556,0.051763109993469905
20.087126896781726,-0.05425783108157919,-0.05055132725681532,-0.013236138909704029,0.05198900262228854
20.135067533766886,-0.05421582399610132,-0.05019378274925918,-0.01327647609220052,0.05217706257344278
20.183008170752043,-0.05417631457429338,-0.049817438155353916,-0.013262460997982353,0.05232667210785416
20.230948807737207,-0.054139384846953145,-0.04942191576028761,-0.013192400739196822,0.05243721348644429
20.278889444722363,-0.05410511684487844,-0.04900683784924859,-0.013064602427991234,0.05250806897013468
20.326830081707524,-0.05407359259886704,-0.04857182670742496,-0.012877373176512899,0.052538620819846886
20.37477071869268,-0.054044894139716755,-0.04811650462000495,-0.01262902009690911,0.0525282512965025
20.42271135567784,-0.05401910349822537,-0.047640493872176705,-0.012317850301327163,0.052476342661023044
20.470651992663,-0.053996302705190694,-0.04714341674912844,-0.011942170901914365,0.0523822771743301
20.518592629648158,-0.05397657379141053,-0.0466248955360484,-0.011500289010818052,0.052245437097345214
20.56653326663332,-0.053959998787682664,-0.04608455251812464,-0.010990511740185407,0.0520652046909899
20.614473903618478,-0.0539466597248049,-0.04552200998054552,-0.010411146202163893,0.051840962216185796
20.66241454060364,-0.053936638633575035,-0.04493689020849912,-0.009760499508900677,0.05157209193385439
20.710355177588795,-0.053930017544790876,-0.0443288154871737,-0.009036878772543194,0.0512579761049173
20.758295814573955,-0.05392687848925021,-0.043697408101757367,-0.008238591105238613,0.05089799699029602
20.806236451559116,-0.053927303497750836,-0.043042290337438366,-0.007363943619134283,0.050491536850912115
20.854177088544272,-0.053926415899393954,-0.042369178176873426,-0.006425309876099718,0.05004609849431251
20.902117725529433,-0.053885497228657736,-0.0417255239212788,-0.005532082439665624,0.04962502443611304
20.950058362514593,-0.05379714242204308,-0.041120560401736186,-0.004706619872646206,0.04924111475760805
20.997998999499753,-0.053662376850156165,-0.040553183418849045,-0.003947524137145496,0.048893428612408654
21.04593963648491,-0.05348222588360321,-0.04002228877322089,-0.003253397195267583,0.04858102515412602
21.09388027347007,-0.05325771489299039,-0.03952677226545511,-0.0026228410091163985,0.04830296353637121
21.14182091045523,-0.052989869248923904,-0.03906552969615521,-0.0020544575407960325,0.04805830291275538
21.189761547440387,-0.05267971432200999,-0.038637456865924694,-0.0015468487524105574,0.04784610243688967
21.237702184425547,-0.05232827548285479,-0.03824144957536695,-0.001098616606063934,0.04766542126238518
21.285642821410708,-0.051936578102064535,-0.03787640362508549,-0.0007083630638602392,0.04751531854285305
21.333583458395868,-0.05150564755024541,-0.0375412148156838,-0.00037469008790350783,0.0473948534319044
21.381524095381025,-0.05103650919800366,-0.037234778947765335,-9.619964029779389e-5,0.04730308508315037
21.429464732366185,-0.050530188415945414,-0.03695599182193354,0.00012850631685290635,0.04723907265020207
21.477405369351345,-0.0499877105746769,-0.036703749238791904,0.00030082582144453415,0.04720187528667063
21.525346006336502,-0.04941010104480435,-0.03647694699894391,0.00042215691137304466,0.047190552146167186
21.573286643321662,-0.048798385196933906,-0.036274480902992984,0.0004938976245344225,0.04720416238230285
21.621227280306822,-0.048153588401671776,-0.03609524675154262,0.0005174459988246203,0.04724176514868875
21.669167917291983,-0.04747673602962419,-0.035938140345196296,0.0004942000721395966,0.047302419598936024
21.71710855427714,-0.04676885345139737,-0.03580205748455746,0.00042555788237532907,0.04738518488665579
21.7650491912623,-0.046030966037597425,-0.03568589397022959,0.00031291746742776773,0.04748912016545918
21.81298982824746,-0.04526409915883061,-0.03558854560281614,0.00015767686519287984,0.047613284588957305
21.860930465232617,-0.04446927818570317,-0.03550890818292061,-3.8765886433353436e-5,0.0477567373107613
21.908871102217777,-0.0436475284888212,-0.03544587751114643,-0.0002750127495549995,0.0479185374844823
21.956811739202937,-0.04279987543879094,-0.03539834938809709,-0.0005496656862760772,0.048097744263731416
22.004752376188097,-0.04192734440621861,-0.03536521961437606,-0.0008613266587006244,0.04829341680211979
22.052693013173254,-0.041030960761710464,-0.0353453839905868,-0.0012085976289326616,0.04850461425325853
22.100633650158414,-0.040111749875872564,-0.03533773831733277,-0.0015900805590762512,0.04873039577075877
22.148574287143575,-0.03917073711931117,-0.03534117839521746,-0.0020043774112354328,0.04896982050823166
22.196514924128735,-0.03820894786263251,-0.03535460002484432,-0.002450090147514225,0.04922194761928829
22.24445556111389,-0.03722740747644281,-0.03537689900681682,-0.002925820730016633,0.049485836257539786
22.292396198099052,-0.03622714133134817,-0.035406971141738436,-0.0034301711208467624,0.04976054557659731
22.340336835084212,-0.03520917479795482,-0.035443712230212636,-0.003961743282108618,0.05004513473007196
22.38827747206937,-0.034174533246869074,-0.03548601807284287,-0.004519139175906194,0.05033866287157486
22.43621810905453,-0.03312424204869694,-0.03553278447023263,-0.005100960764343607,0.05064018915471716
22.48415874603969,-0.03205932657404472,-0.03558290722298538,-0.005705810009524845,0.050948772733109965
22.53209938302485,-0.030980812193518607,-0.03563528213170457,-0.006332288873553964,0.0512634727603644
22.580040020010006,-0.029889724277724877,-0.03568880499699368,-0.006978999318534934,0.051583348390091585
22.627980656995167,-0.028787088197269568,-0.035742371619456176,-0.00764454330657189,0.05190745877590268
22.675921293980327,-0.027673929322758955,-0.03579487779969554,-0.008327522799768831,0.0522348630714088
22.723861930965484,-0.02655127302479933,-0.03584521933831522,-0.009026539760229726,0.05256462043022102
22.771802567950644,-0.025420144673996708,-0.03589229203591869,-0.009740196150058729,0.052895790005950544
22.819743204935804,-0.024281569640957394,-0.03593499169310943,-0.01046709393135982,0.05322743095220846
22.867683841920964,-0.023136573296287568,-0.03597221411049088,-0.011205835066237034,0.05355860242260589
22.91562447890612,-0.021986181010593527,-0.03600285508866655,-0.01195502151679434,0.05388836357075395
22.96356511589128,-0.020831418154481286,-0.036025810428239866,-0.012713255245135904,0.054215773550263795
23.01150575287644,-0.019673310098557148,-0.03603997592981431,-0.013479138213365695,0.05453989151474656
23.0594463898616,-0.01851288221342736,-0.03604424739399337,-0.014251272383587706,0.0548597766178133
23.10738702684676,-0.017351159869698,-0.03603752062138049,-0.015028259717906063,0.05517448801307523
23.15532766383192,-0.01618916843797532,-0.036018691412579136,-0.015808702178424762,0.055483084854143425
23.20326830081708,-0.015027933288865501,-0.0359866555681928,-0.016591201727247852,0.05578462629462903
23.251208937802236,-0.01386847979297489,-0.035940308888824934,-0.01737436032647928,0.05607817148814313
23.299149574787396,-0.01271183332090945,-0.035878547175079004,-0.018156779938223226,0.05636277958829693
23.347090211772557,-0.0115590192432755,-0.03580026622755848,-0.01893706252458366,0.05663750974870149
23.395030848757713,-0.010411062930679317,-0.035704361846866844,-0.019713810047664544,0.056901421122967935
23.442971485742873,-0.009268989753726926,-0.035589729833607545,-0.02048562446957005,0.057153572864707444
23.490912122728034,-0.008133825083024605,-0.035455265988384055,-0.02125110775240415,0.05739302412753111
23.538852759713194,-0.007006594289178575,-0.03529986611179984,-0.022008861858270883,0.05761883406505007
23.58679339669835,-0.005888322742795084,-0.03512242600445839,-0.022757488749274225,0.057830061830875405
23.63473403368351,-0.0047800358144801935,-0.034921841466963144,-0.023495590387518327,0.05802576657861831
23.68267467066867,-0.0036827588748401807,-0.03469700829991758,-0.024221768735107153,0.05820500746188986
23.730615307653828,-0.002597517294481315,-0.034446822303925186,-0.024934625754144714,0.05836684363430121
23.77855594463899,-0.0015253364440096298,-0.03417017927958939,-0.025632763406735155,0.058510334249463475
23.826496581624145,-0.0004672416940314991,-0.033865975027513706,-0.026314783654982375,0.05863453846098778
23.87443721860931,0.0005757415848471267,-0.03353310534830153,-0.026979288460990576,0.05873851542248526
23.922377855594466,0.0016025880220197283,-0.03317046604255643,-0.0276248797868636,0.05882132428756703
23.970318492579626,0.0026122722468803344,-0.03277695291088179,-0.02825015959470563,0.058882024209844216
24.018259129564782,0.00360376888882262,-0.03235146175388115,-0.0288537298466206,0.058919674342927955
24.066199766549943,0.004576052577240516,-0.0318928883721579,-0.029434192504712672,0.05893333384042937
24.114140403535107,0.005528097941527817,-0.031400128566315515,-0.029990149531085808,0.05892206185595957
24.16208104052026,0.00645887961107805,-0.030872078136957602,-0.03052020288784396,0.0588849175431297
24.210021677505424,0.007367372215285439,-0.0303076328846874,-0.03102295453709135,0.05882096005555088
24.257962314490577,0.008252550383543368,-0.02970568861010863,-0.0314970064409318,0.058729248546834256
24.30590295147574,0.009113388745246045,-0.029065141113824494,-0.031940960561469584,0.058608842170590904
24.3538435884609,0.009948861929786994,-0.02838488619643864,-0.03235341886080856,0.05845880008043199
24.401784225446058,0.01075794456656002,-0.02766381965855455,-0.0327329833010528,0.05827818142996866
24.449724862431218,0.011539611284959075,-0.026900837300775568,-0.03307825584430639,0.058066045372811986
24.497665499416378,0.012292836714377892,-0.026094834923705228,-0.03338783845267333,0.05782145106257312
24.545606136401535,0.013016595484210192,-0.025244708327947056,-0.03366033308825764,0.057543457652863214
24.593546773386695,0.013709862223849893,-0.024349353314104406,-0.03389434171316341,0.057231124297293344
24.64148741037186,0.01437161156269081,-0.023407665682780722,-0.03408846628949465,0.056883510149474625
24.689428047357012,0.015000818130126534,-0.022418541234579765,-0.03424130877935533,0.0564996743630183
24.737368684342176,0.015596456555551155,-0.021380875770104564,-0.03435147114484961,0.056078676091535336
24.785309321327336,0.01615750146835828,-0.02029356508995888,-0.03441755534808144,0.055619574488636955
24.833249958312493,0.016682927497941737,-0.019155504994746206,-0.03443816335115488,0.05512142870793431
24.881190595297653,0.017171709273695393,-0.017965591285069825,-0.034411897116173956,0.05458329790303844
24.92913123228281,0.017622821425012994,-0.01672271976153339,-0.03433735860524273,0.05400424122756055
24.97707186926797,0.018035238581288353,-0.015425786224740182,-0.034213149780465205,0.05338331783511168
25.02501250625313,0.01841540819986397,-0.01408204885473911,-0.034041148726710956,0.05273084270090379
25.072953143238287,0.018803635551581172,-0.012736996396151558,-0.033838752965580615,0.052107892213278946
25.120893780223447,0.019205618617919376,-0.01139790163207262,-0.03360919679753824,0.05152306342030263
25.168834417208608,0.01962079373020902,-0.010065064139069118,-0.03335303615980548,0.0509754985190831
25.216775054193764,0.020048597219780542,-0.008738783493707882,-0.03307082698960398,0.0504643397067286
25.264715691178925,0.020488465417964476,-0.007419359272555441,-0.03276312522415533,0.04998872918034729
25.31265632816409,0.02093983465609129,-0.0061070910521785265,-0.03243048680068117,0.04954780913704736
25.36059696514924,0.021402141265491316,-0.0048022784091442524,-0.032073467656403225,0.04914072177393716
25.408537602134405,0.021874821577495228,-0.0035052209200187655,-0.031692623728542965,0.04876660928812472
25.45647823911956,0.022357311923433286,-0.0022162181613693717,-0.0312885109543222,0.04842461387671842
25.504418876104722,0.02284904863463617,-0.0009355697097622247,-0.030861685270962388,0.04811387773682631
25.552359513089883,0.023349468042434207,0.000336424858235565,-0.030412702615685277,0.047833543065556705
25.60030015007504,0.023858006478157858,0.0015994659660572737,-0.029942118925712503,0.047582752060017816
25.6482407870602,0.02437410027313768,0.0028532540371363603,-0.029450490138265634,0.04736064691731781
25.69618142404536,0.024897185758704084,0.004097489494905998,-0.028938372190566334,0.047166369834564924
25.744122061030517,0.025426699266187517,0.005331872762799376,-0.028406321019836277,0.04699906300886739
25.792062698015677,0.025962077126918514,0.006556104264249946,-0.027854892563297012,0.04685786863733337
25.840003335000837,0.026502755672227513,0.007769884422690888,-0.027284642758170212,0.0467419289170711
25.887943971985994,0.027048171233444936,0.00897291366155538,-0.02669612754167756,0.046650386045188806
25.935884608971154,0.02759776014190133,0.010164892404276885,-0.026089902851040594,0.04658238221879468
25.983825245956318,0.028150958728927172,0.011345521074288665,-0.02546652462348095,0.04653705963499694
26.03176588294147,0.02870720332585276,0.012514500095023643,-0.024826548796220448,0.046513560490903806
26.079706519926635,0.02926593026400881,0.01367152988991561,-0.02417053130648043,0.04651102698362349
26.127647156911788,0.029826575874725543,0.014816310882397335,-0.023499028091482826,0.04652860131026418
26.175587793896952,0.030388576489333675,0.015948543495902582,-0.02281259508844897,0.046565425667934104
26.223528430882112,0.03095136843916351,0.017067928153864303,-0.02211178823460069,0.04662064225374149
26.27146906786727,0.03151438805554552,0.018174165279715764,-0.021397163467159627,0.04669339326479452
26.31940970485243,0.03207707166981024,0.019266955296890396,-0.020669276723347306,0.046782820898201426
26.36735034183759,0.032638855613288116,0.020345998628821395,-0.019928683940385414,0.046888067351070414
26.415290978822746,0.03319917621730956,0.021410995698941955,-0.01917594105549564,0.04700827482050969
26.463231615807906,0.03375746981320514,0.02246164693068551,-0.0184116040058995,0.04714258550362748
26.511172252793067,0.03431317273230527,0.02349765274748524,-0.01763622872881869,0.047290141597531976
26.559112889778223,0.03486572130594038,0.024518713572774357,-0.016850371161474895,0.04745008529933139
26.607053526763384,0.03541455186544102,0.02552452982998627,-0.016054587241089636,0.04762155880613397
26.65499416374854,0.03595910074213758,0.026514801942554116,-0.015249432904884657,0.04780370431504788
26.7029348007337,0.0364988042673606,0.027489230333911305,-0.014435464090081477,0.04799566402318137
26.750875437718864,0.03703309877244057,0.02844751542749111,-0.013613236733901723,0.04819658012764264
26.798816074704018,0.03756142058870777,0.02938935764672652,-0.012783306773567283,0.04840559482553986
26.84675671168918,0.03808320604749292,0.030314457415051222,-0.011946230146299407,0.04862185031398133
26.89469734867434,0.03859789148012634,0.031222515155898224,-0.01110256278931998,0.04884448879007519
26.9426379856595,0.03910491321793848,0.03211323129270079,-0.01025286063985064,0.04907265245092965
26.99057862264466,0.039603707592259896,0.03298630624889233,-0.009397679635112892,0.04930548349365298
27.03851925962982,0.04009371093442101,0.03384144044790604,-0.00853757571232842,0.04954212411535334
27.086459896614976,0.04057435957575227,0.034678334313175144,-0.0076731048087189425,0.04978171651313894
27.134400533600136,0.041045089847584204,0.03549668826813303,-0.0068048228615059485,0.05002340288411802
27.182341170585293,0.04150533808124721,0.036296202736212854,-0.005933285807911207,0.050266325425398786
27.230281807570453,0.04195454060807183,0.03707657814084799,-0.005059049585156215,0.05050962633408945
27.278222444555617,0.04239213375938853,0.03783751490547174,-0.004182670130462612,0.050752447807298234
27.32616308154077,0.04281755386652765,0.038578713453517134,-0.0033047033810522757,0.05099393204213329
27.374103718525934,0.043230237260819836,0.03929987420841776,-0.002425705274146473,0.051233221235702925
27.422044355511094,0.043629620273595446,0.040000697593606686,-0.0015462317469670736,0.05146945758511528
27.46998499249625,0.04401513923618495,0.0406808840325172,-0.0006668387367357205,0.05170178328747856
27.51792562948141,0.04438623047991887,0.04134013394858266,0.00021191781932607817,0.05192934053990104
27.56586626646657,0.044742330336127636,0.041978147765236284,0.0010894819839966305,0.05215127153949088
27.613806903451728,0.0450828751361417,0.042594625905911315,0.0019652978200542376,0.05236671848335629
27.661747540436888,0.045407301211291586,0.04318926879404112,0.002838809390277402,0.05257482356860553
27.70968817742205,0.04571504489290773,0.043761776853058904,0.003709460757444421,0.052774728992346774
27.757628814407205,0.04600554251232058,0.04431185050639791,0.004576695984333596,0.05296557695168822
27.805569451392365,0.046278230400860654,0.04483919017749148,0.005439959133723426,0.05314650964373811
27.853510088377522,0.04653254488985837,0.04534349628977282,0.006298694268392156,0.05331666926560465
27.901450725362682,0.046767922310644236,0.04582446926667528,0.007152345451118265,0.05347519801439605
27.949391362347846,0.046983798994548714,0.04628180953163211,0.00800035674468013,0.05362123808722053
27.997331999333,0.04717961127290223,0.04671521750807647,0.008842172211855862,0.053753931681186265
28.045272636318163,0.04735479547703532,0.047124393619441825,0.009677235915424222,0.053872420993401525
28.093213273303324,0.0475087879382784,0.04750903828916132,0.010504991918163294,0.05397584822097447
28.14115391028848,0.047641024987961945,0.04786885194066822,0.011324884282851482,0.054063355561013327
28.18909454727364,0.04775094295741644,0.04820353499739585,0.012136357072267252,0.05413408521062631
28.2370351842588,0.047837978177972355,0.04851278788277747,0.012938854349188917,0.054187179366921655
28.284975821243957,0.04790156698096014,0.04879631102024633,0.01373182017639478,0.05422178022700753
28.332916458229118,0.04794114569771027,0.04905380483323572,0.014514698616663338,0.05423702998799218
28.380857095214274,0.04795615065955322,0.0492849697451789,0.015286933732772838,0.0542320708469838
28.428797732199435,0.04794601819781946,0.049489506179509174,0.01604796958750175,0.054206045001090615
28.476738369184595,0.04791018464383944,0.04966711455965979,0.016797250243628402,0.05415809464742082
28.52467900616975,0.04784808632894365,0.049817495309064014,0.0175342197639311,0.05408736198308265
28.572619643154912,0.04775915958446255,0.04994034885115514,0.018258322211188307,0.053992989205184284
28.620560280140076,0.047642840741726596,0.05003537560936642,0.01896900164817841,0.05387411851083396
28.66850091712523,0.04749856613206629,0.05010227600713113,0.019665702137679555,0.053729892097139895
28.716441554110393,0.04732577208681205,0.05014075046788254,0.020347867742470424,0.05355945216121026
28.764382191095553,0.04712389493729439,0.05015049941505394,0.02101494252532917,0.053361940900153296
28.81232282808071,0.04689237101484376,0.05013122327207858,0.021666370549034177,0.05313650051107725
28.86026346506587,0.04663063665079062,0.05008262246238974,0.0223015958763639,0.05288227319109027
28.90820410205103,0.046338128176465446,0.05000439740942071,0.02292006257009665,0.052598401137300584
28.956144739036187,0.04601428192319874,0.04989624853660473,0.02352121469301077,0.052284026546816444
29.004085376021347,0.0456585342223209,0.0497578762673751,0.024104496307884703,0.05193829161674601
29.052026013006504,0.04527032140516246,0.04958898102516508,0.024669351477496736,0.051560338544197545
29.099966649991664,0.04484907980305384,0.04938926323340794,0.02521522426462531,0.05114930952627921
29.147907286976825,0.04439424574732552,0.04915842331553695,0.02574155873204876,0.05070434676009922
29.19584792396198,0.0439213122608862,0.04890615091361084,0.026239933602611926,0.05023459275517796
29.24378856094714,0.043493341555678,0.048671857690676654,0.026679318496715308,0.04977927197670325
29.291729197932305,0.04311560330919815,0.04845916274191135,0.027057864766704187,0.049342188274052574
29.33966983491746,0.04278671051389993,0.04826755147790351,0.027377025507228696,0.04892302656457161
29.387610471902622,0.042505276162236386,0.04809650930924153,0.0276382538129392,0.048521471765605714
29.435551108887783,0.04226991324666081,0.04794552164651401,0.027843002778485827,0.048137208794500556
29.48349174587294,0.042079234759626376,0.047814073900309416,0.027992725498518813,0.047769922568601686
29.5314323828581,0.04193185369358626,0.047701651481216266,0.028088875067688406,0.047419298005254594
29.579373019843256,0.04182638304099366,0.04760773979982307,0.028132904580644814,0.047085020021804876
29.627313656828417,0.04176143579430176,0.04753182426671834,0.028126267132038262,0.046766773535598036
29.675254293813577,0.04173562494596376,0.04747339029249058,0.028070415816518975,0.04646424346397964
29.723194930798734,0.04174756348843285,0.04743192328772831,0.02796680372873718,0.046177114724295275
29.771135567783894,0.04179586441416222,0.04740690866302001,0.027816883963343086,0.045905072233890426
29.819076204769058,0.04187914071560508,0.047397831828954226,0.027622109614986904,0.04564780091011066
29.86701684175421,0.04199600538521458,0.047404178196119445,0.02738393377831892,0.04540498567030159
29.914957478739375,0.04214507141544396,0.047425433175104184,0.027103809547989268,0.04517631143180865
29.962898115724535,0.04232495179874639,0.04746108217649695,0.026783190018648224,0.04496146311197746
30.01083875270969,0.04253425952757504,0.047510610610886246,0.02642352828494603,0.04476012562815358
30.058779389694852,0.042771607594383136,0.0475735038888606,0.02602627744153286,0.044571983897682514
30.10672002668001,0.04303560899162384,0.04764924742100849,0.025592890583058987,0.044396722837909845
30.15466066366517,0.04332487671175038,0.04773732661791846,0.025124820804174573,0.044234027366181095
30.20260130065033,0.04363802374721593,0.047837226890179003,0.024623521199529867,0.044083582399841816
30.250541937635486,0.04397366309047366,0.04794843364837861,0.024090444863775148,0.043945072856237576
30.298482574620646,0.0443304077339768,0.04807043230310583,0.023527044891560538,0.043818183652713893
30.346423211605806,0.04470687067017852,0.048202708264949136,0.022934774377536316,0.04370259970661634
30.394363848590963,0.045101664891531994,0.04834474694449705,0.02231508641635274,0.043598005935290465
30.442304485576123,0.04551340339049046,0.04849603375233809,0.021669434102659948,0.04350408725608179
30.490245122561287,0.04594069915950712,0.048656054099060764,0.020999270531108158,0.04342052858633589
30.53818575954644,0.04638216519103503,0.04882429339525354,0.02030604879634779,0.04334701484339831
30.586126396531604,0.046836414477527594,0.04900023705150501,0.01959122199302876,0.04328323094461458
30.634067033516764,0.047302060011437844,0.04918337047840361,0.0188562432158015,0.04322886180733026
30.68200767050192,0.047777714785218986,0.04937317908653788,0.01810256555931624,0.04318359234889091
30.72994830748708,0.04826199179132429,0.04956914828649631,0.017331642118223085,0.04314710748664205
30.777888944472238,0.04875350402220685,0.04977076348886743,0.016544925987172384,0.04311909213792925
30.8258295814574,0.04925086447031997,0.04997751010423974,0.01574387026081423,0.04309923122009805
30.87377021844256,0.04975268612811677,0.050188873543201756,0.01492992803379891,0.043087209650494
30.921710855427715,0.050257581988050415,0.05040433921634198,0.01410455240077671,0.043082712346462645
30.969651492412876,0.05076416504257418,0.05062339253424891,0.013269196456397729,0.043085424225349535
31.017592129398036,0.05127104828414121,0.05084551890751109,0.012425313295312226,0.04309503020450022
31.065532766383193,0.05177684470520466,0.05107020374671699,0.011574356012170543,0.04311121520126026
31.113473403368353,0.0522801672982178,0.05129693246245515,0.010717777701622723,0.043133664132975175
31.161414040353517,0.052779629055633825,0.05152519046531408,0.00985703145831901,0.04316206191699053
31.20935467733867,0.053273842969905776,0.051754463165882225,0.008993570376909878,0.04319609347065186
31.257295314323834,0.05376142203348706,0.05198423597474819,0.008128847552045189,0.04323544371130474
31.305235951308987,0.05424097923883066,0.05221399430250039,0.007264316078375514,0.04327979755629469
31.35317658829415,0.05471112757838996,0.052443223559727435,0.00640142905055071,0.04332883992296728
31.40111722527931,0.055170480044618046,0.05267140915701776,0.005541639563221262,0.043382255728668044
31.449057862264468,0.05561764962996808,0.05289803650495989,0.004686400711037375,0.043439729890742525
31.496998499249628,0.056051249326893336,0.05312259101414234,0.0038371655886491607,0.04350094732653629
31.544939136234788,0.05646989212784698,0.05334455809515362,0.0029953872907068912,0.04356559295339487
31.592879773219945,0.056872191025282154,0.05356342315858223,0.00216251891186086,0.04363335168866382
31.640820410205105,0.057256759011652114,0.0537786716150167,0.001340013546761172,0.04370390844968869
31.688761047190265,0.05762220907941004,0.05398978887504553,0.0005293242900580933,0.043776948153815026
31.736701684175422,0.05796715422100907,0.0541962603492572,-0.0002680957635980835,0.043852155718388366
31.784642321160582,0.05829020742890247,0.05439757144824027,-0.0010507935195572388,0.043929216060754284
31.832582958145746,0.058589981695543414,0.054593207582583236,-0.0018173158831691627,0.0440078140982583
31.8805235951309,0.058865090013385024,0.05478265416287454,-0.0025662097597834096,0.044087634748245966
31.928464232116063,0.059114145374880606,0.0549653965997028,-0.003296022054750089,0.04416836292806286
31.97640486910122,0.05933576077248323,0.05514092030365643,-0.0040052996734187,0.044249683555054486
32.02434550608638,0.059528549198646176,0.05530871068532399,-0.004692589521139136,0.04433128154656642
32.072286143071544,0.059691123645822644,0.05546825315529402,-0.0053564385032613265,0.04441284181994422
32.1202267800567,0.05982209710646574,0.055619033124154935,-0.0059953935251346666,0.044494049292533394
32.16816741704186,0.05992008257302873,0.05576053600249532,-0.006608001492109279,0.044574588881679526
32.21610805402702,0.05998369303796478,0.05589224720090366,-0.007192809309534823,0.04465414550472815
32.26404869101218,0.060011541493727075,0.05601365212996847,-0.007748363882761067,0.04473240407902482
32.31198932799734,0.060002240932768826,0.056124236200278246,-0.008273212117137795,0.04480904952191507
32.3599299649825,0.059954404347543205,0.05622348482242151,-0.008765900918014762,0.04488376675074446
32.40787060196765,0.05986664473050343,0.056310883406986756,-0.00922497719074171,0.04495624068285853
32.45581123895281,0.05973757507410268,0.05638591736456253,-0.00964898784066856,0.04502615623560285
32.50375187593797,0.059565808370794116,0.056448072105737296,-0.010036479773144973,0.04509319832632293
32.55169251292313,0.059349957613030975,0.05649683304109958,-0.010385999893520757,0.04515705187236435
32.59963314990829,0.05908863579326642,0.0565316855812379,-0.010696095107145712,0.045217401791072656
32.647573786893446,0.0587804559039537,0.05655211513674076,-0.010965312319369536,0.04527393299979337
32.695514423878606,0.05842403093754591,0.056557607118196664,-0.011192198435542075,0.04532633041587207
32.743455060863774,0.05801797388649623,0.05654764693619413,-0.011375300361013141,0.0453742789566543
32.79139569784893,0.057560897743258045,0.05652172000132166,-0.011513165001132405,0.045417463539485586
32.83933633483409,0.05705141550028434,0.056479311724167765,-0.011604339261249735,0.04545556908171148
32.88727697181925,0.0564881401500284,0.05641990751532095,-0.011647370046714886,0.045488280500677554
32.93521760880441,0.055869684684943376,0.05634299278536973,-0.011640804262877572,0.045515282713729344
32.98315824578957,0.055194662097482486,0.05624805294490261,-0.011583188815087644,0.045536260638212395
33.03109888277472,0.05446168538009904,0.05613457340450813,-0.011473070608694888,0.04555089919147225
33.07903951975988,0.05366936752524598,0.05600203957477474,-0.01130899654904903,0.04555888329085446
33.12698015674504,0.05281632152537664,0.055849936866290986,-0.011089513541499854,0.04555989785370459
33.1749207937302,0.051901160372944184,0.05567775068964537,-0.010813168491397171,0.04555362779736814
33.22286143071536,0.050922497060401826,0.0554849664554264,-0.010478508304090708,0.04553975803919073
33.27080206770052,0.049878944580202735,0.055271069574222585,-0.010084079884930292,0.04551797349651785
33.318742704685675,0.0487691159248003,0.05503554545662248,-0.009628430139265731,0.04548795908669507
33.366683341670836,0.047627255693253004,0.05478854043900323,-0.00912322930047103,0.045433653536639966
33.414623978656,0.04655660762932983,0.05456087795167853,-0.008606616708140022,0.04530944202078595
33.462564615641156,0.045562242660147544,0.05435404268850467,-0.008081688044774693,0.045114083390657256
33.51050525262632,0.04464240592167633,0.05416747812816911,-0.007549059044309416,0.044849383154581535
33.55844588961148,0.04379534254988696,0.05400062774935948,-0.007009345440678872,0.04451714682088652
33.60638652659664,0.0430192976807501,0.05385293503076333,-0.0064631629678176625,0.044119179897899936
33.6543271635818,0.04231251645023637,0.053723843451068225,-0.005911127359660392,0.043657287893949494
33.70226780056695,0.0416732439943165,0.05361279648896176,-0.00535385435014175,0.043133276317362995
33.75020843755211,0.04109972544896094,0.05351923762313147,-0.004791959673196169,0.042548950676467995
33.79814907453727,0.04059020595014043,0.05344261033226493,-0.004226059062758338,0.04190611647959228
33.84608971152243,0.04014293063382559,0.05338235809504973,-0.003656768252762861,0.04120657923506359
33.89403034850759,0.03975614463598708,0.05333792439017342,-0.00308470297714434,0.04045214445120961
33.94197098549275,0.03942809309259553,0.053308752696323576,-0.002510478969837379,0.039644617636358064
33.989911622477905,0.03915702113962162,0.053294286492187766,-0.0019347119647766663,0.038785804298836817
34.037852259463065,0.0389411739130359,0.053293969256453556,-0.0013580176958966359,0.03787750994697331
34.08579289644823,0.03877879654880902,0.053307244467808525,-0.0007810118971318896,0.03692154008909525
34.133733533433386,0.038668134182911706,0.05333355560494023,-0.0002043103024172891,0.03591970023353078
34.181674170418546,0.03860743195131452,0.05337234614653624,0.0003714713543128212,0.03487379588860719
34.2296148074037,0.0385949349899881,0.053423059571284126,0.0009457173391236661,0.03378563256265249
34.27755544438887,0.03862888843490313,0.053485139357871476,0.0015178119180808964,0.03265701576399392
34.32549608137403,0.03870753742203021,0.05355802898498584,0.0020871393572496526,0.03148975100095969
34.37343671835918,0.03882912708733997,0.05364117193131478,0.0026530839226953365,0.030285643781877508
34.42137735534434,0.03899190256680307,0.053734011675545874,0.0032150298804835098,0.02904649961507477
34.4693179923295,0.03919410899639016,0.05383599169636669,0.0037723614966794832,0.027774124008879332
34.51725862931466,0.03943399151207186,0.05394655547246481,0.004324463037348657,0.02647032247161894
34.56519926629982,0.03970979524981881,0.05406514648252778,0.004870718768556426,0.025136900511621284
34.61313990328498,0.04001976534560164,0.05419120820524319,0.005410512956368186,0.023775663637214096
34.661080540270135,0.04036214693539096,0.054324184119298576,0.005943229866849258,0.022388417356725306
34.7090211772553,0.04073518515515753,0.05446351770338158,0.0064682537660652704,0.02097696717848199
34.75696181424046,0.041137125140871866,0.05460865243617968,0.006984968920081386,0.0195431186108125
34.804902451225615,0.04156621202850456,0.054759031796380475,0.007492759594963004,0.01808867716204455
34.852843088210776,0.0420206909540264,0.05491409926267157,0.007991010056775672,0.016615448340505427
34.900783725195936,0.04249880705340795,0.05507329831374051,0.008479104571584713,0.015125237654523081
34.948724362181096,0.04299880546261986,0.05523607242827486,0.008956427405455521,0.0136198506124252
34.996664999166256,0.04351893131763276,0.055401865084962185,0.009422362824453493,0.012101092722539515
35.04460563615141,0.04405742975441719,0.055570119762490044,0.00987629509464396,0.010570769493193966
35.09254627313657,0.04461254590894398,0.05574027993954604,0.010317608482092452,0.009030686432715831
35.14048691012173,0.04518252491718367,0.05591178909481773,0.0107456872528643,0.007482649049433014
35.18842754710689,0.0457656119151069,0.056084090706992676,0.011159915673024896,0.005928462851673269
35.23636818409205,0.04636005203868431,0.056256628254758446,0.011559678008639638,0.004369933347764303
35.28430882107721,0.04696409042388654,0.056428845216802616,0.011944358525773927,0.002808866046033816
35.332249458062364,0.04757597220668413,0.05660018507181272,0.012313341490493098,0.0012470664548097782
35.38019009504753,0.04819394252304799,0.05677009129847641,0.012666011168862715,-0.0003136599175808108
35.428130732032685,0.04881624650894839,0.05693800737548116,0.013001751826947966,-0.0018715075628092867
35.476071369017845,0.049441129300356254,0.0571033767815146,0.01331994773081439,-0.0034246709725486504
35.524012006003005,0.05006683603324213,0.05726564299526428,0.013619983146527346,-0.004971344638470945
35.571952642988165,0.050691611843576644,0.05742424949541776,0.013901242340152225,-0.006509723052248444
35.619893279973326,0.05131370186733044,0.057578639760662624,0.014163109577754424,-0.008038000705553446
35.667833916958486,0.051931351240474155,0.05772825726968643,0.014404969125399339,-0.009554372090058216
35.71577455394364,0.05254280509897834,0.05787254550117675,0.01462620524915233,-0.011057031697434848
35.7637151909288,0.05314630857881381,0.05801094793382116,0.014826202215078868,-0.01254417401935605
35.81165582791396,0.0537401068159511,0.05814290804630723,0.015004344289244314,-0.014013993547493865
35.85959646489912,0.05432244494636087,0.05826786931732251,0.015160015737714059,-0.015464684773520622
35.90753710188428,0.05489156810601375,0.05838527522555459,0.015292600826553503,-0.01689444218910857
35.95547773886943,0.05544572143088026,0.058494569249691014,0.015401483821828026,-0.018301460285929785
36.003418375854594,0.05598315005693127,0.05859519486841938,0.015486048989603063,-0.019683933555656973
36.05135901283976,0.05650209912013738,0.05868659556042727,0.015545680595943996,-0.02104005648996244
36.099299649824914,0.057000813756468975,0.05876821480440219,0.015579762906916197,-0.02236802358051783
36.147240286810074,0.05747753910189695,0.05883949607903176,0.015587680188585088,-0.023666029318996036
36.195180923795235,0.05793052029239187,0.05889988286300354,0.015568816707016056,-0.024932268197069146
36.243121560780395,0.05835800246392434,0.05894881863500508,0.0155225567282745,-0.026164934706409446
36.291062197765555,0.05875823075246505,0.058985746873723974,0.015448284518425812,-0.027362223338689227
36.339002834750715,0.05912945029398458,0.059010111057847786,0.015345384343535395,-0.02852232858558077
36.38694347173587,0.05946990622445355,0.05902135466606407,0.015213240469668661,-0.029643444938756154
36.43488410872103,0.059777843679842686,0.059018921177060396,0.015051237162890972,-0.03072376688988805
36.48282474570619,0.060051507796122595,0.05900225406952435,0.014858758689267742,-0.03176148893064856
36.53076538269135,0.060289143709263894,0.05897079682214349,0.014635189314864362,-0.03275480555270995
36.57870601967651,0.06048899655523724,0.058923992913605394,0.014379913305746237,-0.03370191124774451
36.62664665666166,0.06064931147001323,0.05886128582259763,0.0140923149279788,-0.03460100050742442
36.67458729364682,0.060768333589562594,0.058782119027807736,0.013771778447627366,-0.03545026782342221
36.72252793063199,0.06084430804985586,0.05868593600792331,0.013417688130757313,-0.03624790768741012
36.770468567617144,0.06087547998686372,0.05857218024163194,0.01302942824343422,-0.03699211459106013
36.818409204602304,0.06086009453655681,0.05844029520762115,0.012606383051723296,-0.03768108302604483
36.866349841587464,0.060796396834905765,0.05828972438457853,0.012147936821689995,-0.03831300748403642
36.914290478572624,0.06068263201788122,0.05811991125119166,0.01165347381939973,-0.038886082456707174
36.962231115557785,0.06051704522145381,0.05793029928614808,0.011122378310917887,-0.039398502435729364
37.010171752542945,0.060297881581594166,0.05772033196813539,0.010554034562309862,-0.039848461912775295
37.0581123895281,0.06002338623427298,0.05748945277584118,0.009947826839641145,-0.04023415537951718
37.10605302651326,0.05969180431546082,0.05723710518795295,0.009303139408976958,-0.04055377732762744
37.15399366349842,0.05930138096112834,0.056962732683158296,0.008619356536382777,-0.04080552224877826
37.20193430048358,0.058850361307246184,0.05666577874014481,0.007895862487924003,-0.040987584634641964
37.24987493746874,0.05833699048978499,0.05634568683760002,0.007132041529666032,-0.04109815897689079
37.29781557445389,0.05775951364471548,0.05600190045421159,0.0063272779276743775,-0.04113543976719707
37.34575621143906,0.057116175908008056,0.05563386306866691,0.005480955948014076,-0.04109762149723306
37.39369684842422,0.05640522241563357,0.05524101815965371,0.004592459856750893,-0.04098289865867107
37.44163748540937,0.05562489830356274,0.05482280920585958,0.0036611739199502273,-0.040789465743183394
37.48957812239453,0.054773448707765966,0.054378679685971945,0.0026864824036772206,-0.04051551724244224
37.537518759379694,0.05388291291234869,0.053928551797753466,0.0017020583150483685,-0.04019583000411339
37.585459396364854,0.053026094416365854,0.05351640554312481,0.0007817879252861011,-0.03990913319571798
37.633400033350014,0.05220498411787088,0.0531427466287848,-7.32936174129349e-5,-0.039657347968139724
37.681340670335175,0.051418974377872705,0.05280649650157344,-0.0008648047992188058,-0.03943957993606577
37.72928130732033,0.05066745755738037,0.05250657660833076,-0.0015943641063014716,-0.0392549347141833
37.77722194430549,0.04994982601740258,0.05224190839589668,-0.0022635900248312146,-0.03910251791717942
37.82516258129065,0.049265472118948384,0.05201141331111124,-0.0028741010409779858,-0.038981435159741305
37.87310321827581,0.04861378822302671,0.05181401280081444,-0.0034275156409118504,-0.038890792056556114
37.92104385526097,0.04799416669064651,0.051648628311846294,-0.003925452310802875,-0.038829694222311
37.96898449224612,0.04740599988281678,0.0515141812910468,-0.00436952953682106,-0.03879724727169314
38.01692512923129,0.04684868016054621,0.05140959318525592,-0.00476136580513666,-0.038792556819389645
38.06486576621645,0.04632159988484399,0.051333785441313694,-0.00510257960191955,-0.038814728480087705
38.1128064032016,0.04582415141671903,0.05128567950606012,-0.005394789413339818,-0.038862867868474454
38.16074704018676,0.04535572711718013,0.05126419682633518,-0.005639613725567618,-0.038936080599237054
38.20868767717192,0.04491571934723628,0.051268258848978884,-0.005838671024772966,-0.039033472287062665
38.25662831415708,0.04450352046789643,0.05129678702083123,-0.005993579797125925,-0.03915414854663844
38.304568951142244,0.044118522840169504,0.05134870278873222,-0.0061059585287965654,-0.039297214992651534
38.3525095881274,0.04376011882506448,0.051422927599521835,-0.006177425705954939,-0.039461777239789074
38.40045022511256,0.0434277007835902,0.05151838290004011,-0.006209599814771137,-0.03964694090273826
38.44839086209772,0.04312066107675565,0.05163399013712703,-0.006204099341415203,-0.039851811596186226
38.49633149908288,0.04283839206556975,0.05176867075762258,-0.006162542772057212,-0.040075494934820134
38.54427213606804,0.04258028611104145,0.05192134620836678,-0.006086548592867221,-0.040317096533327136
38.5922127730532,0.042345735574179665,0.05209093793619963,-0.005977735290015301,-0.04057572200639437
38.64015341003835,0.042134132815993375,0.052276367387961084,-0.005837721349671535,-0.04085047696870898
38.68809404702352,0.04194487019749141,0.05247655601049124,-0.005668125258005918,-0.04114046703495822
38.73603468400868,0.04177734007968281,0.052690425250630016,-0.005470565501188591,-0.041444797819829134
38.78397532099383,0.04163093482357648,0.05291689655521739,-0.005246660565389621,-0.04176257493800886
38.83191595797899,0.04150504679018131,0.05315489137109344,-0.004998028936779014,-0.04209290400418465
38.87985659496415,0.04139906834050627,0.05340333114509815,-0.004726289101526865,-0.042434890633043613
38.92779723194931,0.04131239183556029,0.05366113732407149,-0.004433059545803239,-0.04278764043927291
38.97573786893447,0.04124440963635229,0.05392723135485347,-0.004119958755778204,-0.04315025903755969
39.02367850591963,0.041194514103891224,0.054200534684284055,-0.003788605217621869,-0.04352185204259105
39.07161914290479,0.04116209759918601,0.05447996875920332,-0.003440617417504198,-0.04390152506905426
39.11955977988995,0.04114655248324557,0.054764455026451234,-0.0030776138415953107,-0.04428838373163642
39.16750041687511,0.04114727111707886,0.055052914932867784,-0.002701212976065275,-0.04468153364502467
39.21544105386027,0.04116364586169481,0.05534426992529298,-0.002313033307084149,-0.04508008042390619
39.26338169084543,0.041195069078102345,0.055637441450566816,-0.001914693320821996,-0.045483129682968124
39.31132232783059,0.04124093312731039,0.0559313509555293,-0.0015078115034488915,-0.04588978703689762
39.35926296481575,0.041300630370327905,0.056224919887020414,-0.0010940063411348927,-0.046299158100381835
39.40720360180091,0.041373553168163796,0.05651706969188018,-0.0006748963200500571,-0.04671034848810793
39.45514423878606,0.041459093881827,0.05680672181694854,-0.0002520999263645324,-0.047122463814762997
39.50308487577122,0.04155664487232647,0.0570927977090656,0.00017276435375176286,-0.04753460969503431
39.55102551275638,0.04166559850067112,0.057374218815071286,0.0005980780341286879,-0.04794589174360897
39.59896614974154,0.041785347127869896,0.057649906581805625,0.0010222226285961922,-0.048355415575174115
39.6469067867267,0.041915283114931715,0.057918782456108604,0.0014435796509841836,-0.04876228680441691
39.694847423711856,0.0420547988228655,0.05817976788482017,0.0018605306151225492,-0.04916561104602445
39.742788060697016,0.04220328661268023,0.05843178431478044,0.0022714570348413565,-0.04956449391468401
39.790728697682184,0.04236013884538484,0.05867375319282937,0.002674740423970541,-0.04995804102508275
39.83866933466734,0.04252474788198818,0.05890459596580688,0.003068762296339851,-0.05034535799190764
39.8866099716525,0.04269650608349926,0.059123234080553075,0.003451904165779396,-0.05072555042984601
39.93455060863766,0.042874805810926994,0.0593285889839079,0.0038225475461190553,-0.05109772395358496
39.98249124562282,0.04305903942528031,0.05951958212271137,0.004179073951188765,-0.05146098417781164
40.03043188260798,0.04324859928756814,0.05969513494380348,0.004519864894818454,-0.05181443671721322
40.07837251959313,0.043442877758799396,0.059854168894024215,0.004843301890838023,-0.052157187186476786
40.12631315657829,0.04364126719998307,0.05999560542021361,0.005147766453077483,-0.0524883412002896
40.17425379356345,0.043843159972128044,0.06011836596921165,0.005431640095366737,-0.05280700437333875
40.22219443054861,0.04404794843624328,0.06022137198785834,0.005693304331535726,-0.05311228232031144
40.27013506753377,0.044255024953337704,0.06030354492299366,0.005931140675414372,-0.053403280655894766
40.31807570451893,0.04446378188442023,0.06036380622145762,0.00614353064083261,-0.05367910499477592
40.366016341504086,0.04467361159049978,0.06040107733009023,0.006328855741620357,-0.05393886095164201
40.413956978489246,0.04488390643258534,0.06041427969573149,0.006485497491607588,-0.054181654141180265
40.46189761547441,0.045094058771685853,0.060402334765221374,0.006611837404624239,-0.05440659017807783
40.509838252459566,0.04530346096881014,0.06036416398539991,0.006706256994500191,-0.05461277467702176
40.55777888944473,0.045511505384967246,0.06029868880310709,0.006767137775065442,-0.05479931325269932
40.60571952642989,0.04571758438116606,0.06020483066518291,0.006792861260149871,-0.054965311519797624
40.65366016341505,0.04592109031841553,0.06008151101846737,0.006781808963583463,-0.05510987509300382
40.70160080040021,0.046121415557724574,0.05992765130980047,0.006732362399196112,-0.055232109587005085
40.74954143738536,0.04631795246010211,0.05974217298602224,0.006642903080817816,-0.05533112061648854
40.79748207437052,0.04651009338655713,0.059523997493972636,0.0065118125222784345,-0.05540601379614138
40.84542271135568,0.0466972306980985,0.05927204628049166,0.006337472237407937,-0.05545589474065073
40.89336334834084,0.046878756755735225,0.05898524079241934,0.006118263740036253,-0.05547986906470376
40.941303985326,0.04705406392047617,0.05866250247659565,0.005852568543993339,-0.05547704238298762
40.98924462231116,0.047222544553330296,0.058302752779860606,0.005538768163109081,-0.05544652031018946
41.037185259296315,0.04738359101530649,0.05790491314905426,0.005175244111213534,-0.05538740846099644
41.085125896281475,0.04753659566741377,0.0574679050310165,0.004760377902136459,-0.05529881245009571
41.13306653326664,0.047680950870661064,0.05699064987258731,0.004292551049707827,-0.05517983789217441
41.181007170251796,0.04781604898605721,0.056472069120606906,0.0037701450677577464,-0.05502959040191976
41.228947807236956,0.04794128237461123,0.05591108422191507,0.00319154147011598,-0.05484717559401884
41.27688844422211,0.04805604339733201,0.05530661662335197,0.002555121770612581,-0.05463169908315886
41.32482908120728,0.04815972441522853,0.054657587771757325,0.0018592674830772427,-0.05438226648402689
41.37276971819244,0.04825171778930969,0.053962919113971414,0.0011023601213401568,-0.05409798341131017
41.42071035517759,0.048331415880584386,0.05322153209683426,0.00028278119923129397,-0.05377795547969587
41.46865099216275,0.04839821105006163,0.052432348167185644,-0.0006010877694196393,-0.053421288303871065
41.51659162914791,0.0484514956587503,0.05159428877186565,-0.001550865270782617,-0.05302708749852293
41.56453226613307,0.048490662067659354,0.05070627535771431,-0.002568169791027655,-0.05259445867833866
41.61247290311823,0.048515102637797736,0.04976722937157162,-0.0036546198163248805,-0.05212250745800537
41.66041354010339,0.04852420973017432,0.04877607226027755,-0.004811833832844323,-0.05161033945221023
41.708354177088545,0.04850138084447819,0.047778533053204945,-0.005989727899179038,-0.05108719803216928
41.756294814073705,0.048421359403690016,0.04684912510598898,-0.0071057368176593305,-0.050601084354365194
41.804235451058865,0.04828540780489701,0.04598721811905199,-0.00815980824848189,-0.05015177705227946
41.852176088044025,0.04809515467057211,0.045191126902065976,-0.009153051713275398,-0.049738376645424034
41.900116725029186,0.04785222862318825,0.04445916626470296,-0.01008657673366853,-0.04935998365331085
41.948057362014346,0.047558258285218355,0.04378965101663495,-0.010961492831289967,-0.049015698595451865
41.995997998999506,0.04721487227913535,0.04318089596753394,-0.01177890952776839,-0.04870462199135901
42.04393863598467,0.046823699227412176,0.042631215927071954,-0.012539936344732477,-0.04842585436054424
42.09187927296982,0.04638636775252183,0.04213892570492105,-0.0132456828038108,-0.04817849622251953
42.13981990995498,0.045904506476937106,0.04170234011075311,-0.013897258426632256,-0.047961648096796754
42.18776054694014,0.045379744023131,0.0413197739542402,-0.014495772734825411,-0.0477744105028879
42.2357011839253,0.04481370901357644,0.04098954204505433,-0.015042335250018943,-0.04761588396030492
42.28364182091046,0.04420803007074636,0.04070995919286752,-0.015538055493841536,-0.04748516898855974
42.33158245789562,0.04356433581711369,0.04047934020735176,-0.01598404298792186,-0.04738136610716433
42.379523094880774,0.042884254875151476,0.0402959998981791,-0.016381407253888546,-0.047303575835630614
42.42746373186594,0.04216941586733232,0.04015825307502147,-0.016731257813370436,-0.047250898693470544
42.475404368851095,0.04142144741612958,0.040064414547550956,-0.017034704187996,-0.04722243520019607
42.523345005836255,0.04064197814401587,0.04001279912543951,-0.01729285589939407,-0.047217285875319134
42.571285642821415,0.03983263667346422,0.04000172161835915,-0.017506822469193266,-0.047234551238351685
42.619226279806576,0.038995051626947566,0.040029496835981906,-0.017677713419022273,-0.04727333180880566
42.667166916791736,0.03813085162693884,0.04009443958797977,-0.017806638270509767,-0.047332728106193024
42.715107553776896,0.037241665295910976,0.040194864684024764,-0.017894706545284432,-0.0474118406500257
42.76304819076205,0.03632912125633703,0.04032908693378885,-0.017943027764974934,-0.04750976995981564
42.81098882774721,0.03539484813068967,0.04049542114694409,-0.017952711451209975,-0.0476256165550748
42.85892946473237,0.03444047454144195,0.040692182133162474,-0.017924867125618218,-0.04775848095531512
42.90687010171753,0.033467629111066814,0.040917684702116,-0.017860604309828346,-0.04790746368004855
42.95481073870269,0.03247794046203719,0.0411702436634767,-0.017761032525469032,-0.04807166524878702
43.00275137568784,0.03147303721682615,0.041448173826916505,-0.017627261294168983,-0.04825018618104247
43.050692012673004,0.03045454799790634,0.041749790002107524,-0.017460400137556835,-0.04844212699632689
43.09863264965817,0.02942410142775068,0.04207340699872177,-0.017261558577261256,-0.04864658821415223
43.146573286643324,0.028383326128832553,0.042417339626431114,-0.017031846134911016,-0.04886267035403034
43.194513923628485,0.027333850723624438,0.04277990269490769,-0.0167723723321347,-0.04908947393547325
43.242454560613645,0.02627730383459942,0.043159411013823465,-0.016484246690561023,-0.0493260994779929
43.290395197598805,0.02521531408423042,0.04355417939285045,-0.016168578731818654,-0.04957164750110121
43.338335834583965,0.02414951009499038,0.043962522641660666,-0.01582647797753628,-0.049825218524310155
43.386276471569126,0.02308152048935223,0.04438275556992608,-0.015459053949342577,-0.05008591306713164
43.43421710855428,0.02201297388978905,0.04481319298731869,-0.015067416168866282,-0.05035283164907761
43.48215774553944,0.020945498918773463,0.045252149703510575,-0.014652674157735968,-0.05062507478966007
43.5300983825246,0.019880724198778548,0.04569794052817372,-0.014215937437580352,-0.05090174300839093
43.57803901950976,0.018820278352277245,0.0461488802709801,-0.01375831553002814,-0.05118193682478214
43.62597965649492,0.017765790001742478,0.046603283741601775,-0.01328091795670798,-0.05146475675834564
43.67392029348007,0.01671888776964734,0.04705946574971062,-0.01278485423924864,-0.05174930332859333
43.72186093046523,0.01568120027846444,0.047515741104978824,-0.012271233899278651,-0.05203467705503724
43.7698015674504,0.01465435615066673,0.047970424617078365,-0.01174116645842669,-0.05231997845718933
43.817742204435554,0.013639984008727582,0.04842183109568108,-0.01119576143832167,-0.05260430805456141
43.865682841420714,0.012639712475119469,0.04886827535045913,-0.010636128360592037,-0.05288676636666555
43.913623478405874,0.011655170172315488,0.049308072191084525,-0.010063376746866533,-0.05316645391301365
43.961564115391035,0.010687985722788562,0.0497395364272292,-0.009478616118773847,-0.05344247121311767
44.009504752376195,0.00973978774901161,0.05016098286856521,-0.00888295599794265,-0.053713918786489546
44.057445389361355,0.008812204873457588,0.050570726324764545,-0.008277505906001646,-0.05397989715264123
44.10538602634651,0.00790686571859954,0.050967081605499155,-0.007663375364579589,-0.05423950683108462
44.15332666333167,0.0070253989069101325,0.051348363520441156,-0.007041673895304967,-0.054491848341331736
44.20126730031683,0.006169433060862428,0.05171288687926254,-0.006413511019806563,-0.054736022202894495
44.24920793730199,0.005340596802929365,0.05205896649163525,-0.005779996259713052,-0.05497112893528485
44.29714857428715,0.004540518755583874,0.05238491716723134,-0.005142239136653098,-0.05519626905801473
44.3450892112723,0.003770827541298989,0.05268905371572275,-0.004501349172255503,-0.055410543090596065
44.39302984825747,0.0030331517825473234,0.05296969094678163,-0.0038584358881486452,-0.05561305155254087
44.44097048524263,0.0023291201018021124,0.05322514367007985,-0.003214608805961472,-0.05580289496336102
44.48891112222778,0.0016603611215363079,0.05345372669528944,-0.0025709774473227087,-0.05597917384256845
44.536851759212944,0.0010285034642226187,0.053653754832082456,-0.0019286513338608036,-0.05614098870967518
44.584792396198104,0.00043517575233407296,0.05382354289013089,-0.0012887399872045374,-0.05628744008419311
44.632733033183264,-0.0001179933916563708,0.05396140567910673,-0.0006523529289825941,-0.056417628485634204
44.680673670168424,-0.0006293753452758094,0.054065658008682,-2.059968082368524e-5,-0.05653065443351038
44.72861430715358,-0.0010973414860512426,0.05413461468852873,0.0006054102356434915,-0.05662561844733359
44.77655494413874,-0.0015202631915098574,0.054166590528318875,0.001224567298790391,-0.05670162104661581
44.8244955811239,-0.0018965118391786814,0.05415990033772447,0.0018357619869882602,-0.05675776275086896
44.87243621810906,-0.002224458806584756,0.05411285892641751,0.0024378847786084012,-0.05679314407960499
44.92037685509422,-0.002502475471255164,0.05402378110407002,0.0030298261520221442,-0.05680686555233584
44.96831749207938,-0.0027289332107169814,0.053890981680354,0.003610476585600819,-0.05679802768857348
45.01625812906453,-0.002902203402497243,0.053712775464941506,0.004178726557715673,-0.05676573100782983
45.0641987660497,-0.003020657424123087,0.05348747726750441,0.00473346654673823,-0.05670907602961683
45.11213940303486,-0.003082666653121513,0.05321340189771484,0.005273587031039598,-0.05662716327344644
45.16008004002001,-0.003086602467019625,0.052888864165244825,0.005797978488991093,-0.05651909325883064
45.20802067700517,-0.0030308362433444855,0.05251217887976625,0.006305531398964198,-0.05638396650528131
45.25596131399033,-0.00291373935962317,0.052081660850951214,0.00679513623933016,-0.056220883532310424
45.303901950975494,-0.002733683193382734,0.051595624888471706,0.007265683488460309,-0.05602894485942994
45.351842587960654,-0.0024890391221502536,0.05105238580199971,0.007716063624725933,-0.05580725100615179
45.39978322494581,-0.0021781785234528464,0.05045025840120736,0.008145167126498334,-0.055554902491987974
45.44772386193097,-0.0017994727748174982,0.049787557495766424,0.008551884472148913,-0.05527099983645034
45.49566449891613,-0.001351293253771313,0.04906259789534907,0.008935106140048957,-0.05495464355905087
45.54360513590129,-0.0008320113378413596,0.04827369440962728,0.009293722608569768,-0.05460493417930154
45.59154577288645,-0.0002399984045547074,0.047419161848273064,0.009626624356082705,-0.05422097221671427
45.63948640987161,0.0004263741685615746,0.0464973150209584,0.009932701860959028,-0.053801858190801015
45.68742704685676,0.0011687350039802924,0.04550646873735549,0.010210845601570082,-0.05334669262107379
45.73536768384193,0.0019887127241747446,0.044444937807135834,0.010459946056287264,-0.05285457602704432
45.78330832082709,0.0028879359516174943,0.043311037039971925,0.010678893703481795,-0.05232460892822476
45.83124895781224,0.0038680333087814447,0.042103081245535814,0.010866579021524991,-0.05175589184412709
45.8791895947974,0.004847783178063755,0.04085560177607718,0.011040101564475628,-0.05118467935197744
45.92713023178256,0.005731192215227188,0.03961100671099326,0.01122046855282197,-0.050654008812731834
45.97507086876772,0.006520443551696365,0.038369592736763866,0.011407484466989009,-0.05016298031793903
46.02301150575288,0.007217891725784825,0.037131582313325515,0.01160091644154369,-0.04971061717023777
46.07095214273804,0.007825891275806029,0.035897197900614894,0.011800531611052925,-0.04929594267226685
46.1188927797232,0.0083467967400737,0.034666661958568164,0.012006097110083715,-0.048917980126664894
46.16683341670836,0.008782962656901283,0.033440196947122025,0.012217380073202975,-0.048575752836070706
46.21477405369352,0.009136743564602322,0.03221802532621299,0.012434147634977643,-0.048268284103123046
46.26271469067868,0.009410494001490355,0.031000369555777577,0.01265616692997467,-0.047994597230460644
46.31065532766384,0.00960656850587893,0.029787452095752297,0.012883205092760992,-0.04775371552072226
46.35859596464899,0.009727321616081572,0.028579495406073845,0.01311502925790352,-0.04754466227654665
46.40653660163416,0.009775107870411866,0.027376721946678208,0.0133514065599693,-0.047366460800572475
46.45447723861932,0.009752281807183311,0.026179354177502428,0.013592104133525173,-0.04721813439543858
46.50241787560447,0.009661197964709482,0.024987614558483032,0.013836889113138075,-0.04709870636378368
46.55035851258963,0.009504210881303895,0.02380172554955617,0.014085528633375026,-0.0470072000082465
46.59829914957479,0.009283675095280108,0.022621909610658544,0.01433778982880293,-0.04694263863146579
46.64623978655995,0.009001945144951654,0.021448389201726665,0.01459343983398873,-0.046904045536080304
46.69418042354511,0.008661375568632078,0.020281386782697048,0.014852245783499371,-0.046890444024728785
46.742121060530266,0.008264320904634987,0.019121124813506384,0.015113974811901755,-0.04690085740004996
46.790061697515426,0.007813135691273797,0.017967825754090845,0.015378394053762902,-0.046934308964682606
46.838002334500594,0.007310174466862041,0.016821712064386953,0.015645270643649758,-0.04698982202126545
46.88594297148575,0.006757791769713483,0.015683006204331724,0.015914371716129142,-0.04706641987243722
46.93388360847091,0.006158342138141447,0.014551930633861168,0.016185464405768124,-0.04716312582083669
46.98182424545607,0.005514180110459538,0.013428707812911975,0.0164583158471336,-0.047278963169102586
47.02976488244123,0.004827660224981295,0.012313560201420659,0.016732693174792514,-0.04741295521987367
47.07770551942639,0.004101137020020278,0.011206710259323736,0.01700836352331181,-0.04756412527578867
47.12564615641154,0.0033369650338901345,0.01010838044655788,0.017285094027258387,-0.04773149663948632
47.1735867933967,0.0025374988049041876,0.00901879322305929,0.017562651821199277,-0.047914092613605394
47.22152743038186,0.0017050928713760807,0.007938171048764639,0.017840804039701376,-0.048110936500784636
47.26946806736702,0.0008421017716193496,0.0068667363836104455,0.018119317817331625,-0.04832105160366277
47.31740870435218,-4.9119956052424973e-5,0.005804711687533225,0.01839796028865697,-0.04854346122487854
47.36534934133734,-0.0009662177733257629,0.004752319420469494,0.018676498588244356,-0.04877718866707072
47.413289978322496,-0.0019068371418869273,0.003709782042355917,0.01895469985066068,-0.049021257232877986
47.461230615307656,-0.002868623523422674,0.0026773220131287093,0.01923233121047297,-0.049274690224939174
47.50917125229282,-0.0038492223796194602,0.0016551617927243862,0.019509159802248165,-0.04953651094589302
47.55711188927798,-0.00484627917216332,0.0006435238410799214,0.01978495276055309,-0.04980574269837816
47.60505252626314,-0.0058574393627411556,-0.00035736938186863325,0.020059477219954807,-0.05008140878503345
47.65299316324829,-0.006880348413039104,-0.001347295416184448,0.02033250031502018,-0.05036253250849755
47.70093380023346,-0.007912651784744082,-0.002326031801931459,0.02060378918031627,-0.05064813717140934
47.74887443721862,-0.008951994939542102,-0.003293356079172703,0.0208731109504099,-0.05093724607640744
47.79681507420377,-0.009996023339119621,-0.004249045787971671,0.021140232759868018,-0.05122888252613059
47.84475571118893,-0.011042382445163382,-0.005192878468392144,0.021404921743257636,-0.05152206982321761
47.89269634817409,-0.01208871771935973,-0.0061246316604974425,0.021666945035145664,-0.05181583127030723
47.94063698515925,-0.01313267462339509,-0.00704408290435106,0.021926069770099046,-0.05210919017003815
47.98857762214441,-0.01417189861895591,-0.00795100974001648,0.02218206308268472,-0.05240116982504915
48.036518259129565,-0.015204035167728537,-0.008845189707557054,0.022434692107469595,-0.05269079353797893
48.08445889611473,-0.016226729731399846,-0.009726400347036665,0.022683723979020725,-0.052977084611466344
48.132399533099886,-0.017237627771655717,-0.010594419198518274,0.022928925831904905,-0.05325906634814999
48.180340170085046,-0.01823437475018304,-0.011449023802065746,0.023170064800689182,-0.05353576205066872
48.22828080707021,-0.019214616128668274,-0.012289991697742567,0.023406908019940505,-0.053806195021661285
48.276221444055366,-0.020175997368797452,-0.013117100425611851,0.023639222624225714,-0.05406938856376631
48.32416208104052,-0.021116163932257306,-0.013930127525737319,0.023866775748111815,-0.05432436597962261
48.37210271802569,-0.02203276128073458,-0.014728850538182708,0.024089334526165816,-0.05457015057186902
48.42004335501085,-0.022923434875915312,-0.015513047003011125,0.024306666092954565,-0.054805765643144176
48.467983991996,-0.02378583017948597,-0.016282494460286092,0.024518537583045005,-0.055030234496086794
48.51592462898115,-0.02461759265313316,-0.017036970450071173,0.02472471613100411,-0.05524258043333568
48.56386526596632,-0.02541636775854355,-0.01777625251243009,0.024924968871398886,-0.05544182675752965
48.61180590295148,-0.026179800957403257,-0.018500118187425984,0.025119062938796184,-0.05562699677130732
48.659746539936634,-0.026905537711398725,-0.019208345015122356,0.02530676546776294,-0.05579711377730748
48.7076871769218,-0.027591223482216765,-0.019900710535583004,0.02548784359286619,-0.05595120107816892
48.755627813906955,-0.028234503731543403,-0.020576992288871,0.02566206444867277,-0.0560882819765303
48.803568450892115,-0.028833023921065376,-0.021236967815050113,0.025829195169749696,-0.05620737977503043
48.85150908787728,-0.029384429512469168,-0.02188041465418384,0.025989002890663908,-0.05630751777630804
48.899449724862436,-0.02988636596744096,-0.022507110346335377,0.02614125474598228,-0.056387719283001854
48.94739036184759,-0.0303364787476674,-0.023116832431568413,0.026285717870271803,-0.05644700759775064
48.995330998832756,-0.03073241331483506,-0.023709358449946566,0.026422159398099464,-0.056484406023193136
49.043271635817916,-0.03107181513063023,-0.0242844659415331,0.02655034646403214,-0.05649893786196808
49.09121227280307,-0.03135232965673934,-0.02484193244639148,0.02667004620263677,-0.05648962641671423
49.13915290978824,-0.031571602354848974,-0.025381535504585443,0.02678102574848036,-0.056455494990070305
49.18709354677339,-0.031727278686645474,-0.02590305265617815,0.02688305223612978,-0.05639556688467509
49.23503418375855,-0.031817004113815384,-0.02640626144123332,0.02697589280015203,-0.05630886540316729
49.28297482074372,-0.03183842409804513,-0.026890939399814438,0.027059314575114034,-0.05619441384818566
49.33091545772887,-0.03178918410102119,-0.027356864071984757,0.027133084695582704,-0.05605123552236897
49.378856094714024,-0.03166692958442997,-0.02780381299780792,0.027196970296125018,-0.05587835372835596
49.42679673169919,-0.031469306009957954,-0.02823156371734754,0.027250738511307923,-0.05567479176878531
49.47473736868435,-0.031193958839291602,-0.028639893770666905,0.027294156475698342,-0.05543957294629583
49.522678005669505,-0.030838533534117446,-0.029028580697829494,0.027326991323863216,-0.05517172056352631
49.57061864265467,-0.030400675556121762,-0.029397402038898977,0.027349010190369505,-0.054870257923115326
49.618559279639825,-0.029878030366991257,-0.029746135333938602,0.027359980209784137,-0.05453420832770184
49.666499916624986,-0.029268243428412152,-0.03007455812301203,0.027359668516674065,-0.05416259507992443
49.71444055361014,-0.028568960202071114,-0.03038244794618263,0.02734784224560623,-0.053754441482421964
49.762381190595306,-0.027777826149654267,-0.030669582343514034,0.027324268531147566,-0.053308770837832996
49.81032182758046,-0.026892486732848553,-0.030935738855069544,0.027288714507865033,-0.05282460644879653
49.85826246456562,-0.025910587413340014,-0.03118069502091278,0.02724094731032555,-0.05230097161795111
49.90620310155078,-0.024829773652815287,-0.03140422838110716,0.02718073407309608,-0.05173688964793554
49.95414373853594,-0.023647690912960775,-0.03160611647571622,0.027107841930743556,-0.051131383841388565
50.00208437552109,-0.02236216838746389,-0.03178617655941442,0.027022065151760477,-0.05048356817786325
50.05002501250626,-0.021076182926430837,-0.03196686412084157,0.026938674977345277,-0.04984436687247684
50.097965649491414,-0.01987655357318131,-0.03216681185586306,0.0268703675912362,-0.04925642484621978
50.145906286476574,-0.01876121757710405,-0.03238536460698171,0.026816669693616145,-0.04871845153192227
50.19384692346174,-0.017728112187588383,-0.03262186721670024,0.026777107984668043,-0.0482291563624148
50.241787560446895,-0.016775174654024033,-0.03287566452752127,0.026751209164574834,-0.04778724877052804
50.28972819743205,-0.01590034222579998,-0.03314610138194758,0.026738499933519438,-0.047391438189092326
50.337668834417215,-0.01510155215230528,-0.03343252262248199,0.02673850699168478,-0.04704043405093802
50.385609471402375,-0.014376741682929598,-0.03373427309162709,0.02675075703925379,-0.04673294578889575
50.43355010838753,-0.013723848067062191,-0.034050697631885604,0.026774776776409395,-0.04646768283579599
50.481490745372696,-0.01314080855409207,-0.03438114108576038,0.026810092903334526,-0.046243354624469095
50.52943138235785,-0.012625560393408869,-0.03472494829575397,0.0268562321202121,-0.046058670587745654
50.57737201934301,-0.01217604083440164,-0.03508146410436923,0.026912721127225054,-0.045912340158456064
50.62531265632818,-0.01179018712645969,-0.03545003335410888,0.026979086624556323,-0.045803072769430804
50.67325329331333,-0.011465936518972476,-0.03583000088747548,0.027054855312388805,-0.04572957785350039
50.72119393029848,-0.011201226261329161,-0.03622071154697187,0.027139553890905443,-0.045690564843495256
50.76913456728365,-0.010993993602918972,-0.03662151017510089,0.027232709060289195,-0.04568474317224587
50.81707520426881,-0.010842175793131315,-0.037031741614365066,0.027333847520722945,-0.04571082227258272
50.865015841253964,-0.010743710081355452,-0.03745075070726714,0.02744249597238962,-0.04576751157733626
50.91295647823912,-0.010696533716980637,-0.03787788229630988,0.027558181115472168,-0.04585352051933696
50.960897115224284,-0.01069858394939618,-0.038312481223996143,0.02768042965015354,-0.04596755853141533
51.008837752209445,-0.010747798027991372,-0.038753892332828464,0.027808768276616623,-0.0461083350464018
51.0567783891946,-0.010842113202155484,-0.03920146046530955,0.027942723695044337,-0.046274559497126826
51.104719026179765,-0.010979466721277854,-0.03965453046394232,0.02808182260561967,-0.04646494131642097
51.15265966316492,-0.011157795834747693,-0.04011244717122925,0.028225591708525462,-0.04667818993711457
51.20060030015008,-0.011375037791954357,-0.04057455542967325,0.02837355770394471,-0.046913014792038195
51.24854093713524,-0.01162912984228711,-0.04104020008177696,0.02852524729206032,-0.04716812531402229
51.2964815741204,-0.011918009235135252,-0.04150872597004313,0.028680187173055215,-0.04744223093589733
51.34442221110555,-0.012239613219888004,-0.041979477936974395,0.0288379040471123,-0.04773404109049372
51.39236284809072,-0.012591879045934819,-0.04245180082507368,0.028997924614414583,-0.048042265210642095
51.44030348507587,-0.012972743962664766,-0.042925039476843445,0.029159775575144882,-0.048365612729172724
51.48824412206103,-0.013380145219467312,-0.04339853873478661,0.029322983629486203,-0.048702793078916215
51.5361847590462,-0.013812020065731737,-0.04387164344140589,0.02948707547762147,-0.04905251569270305
51.584125396031354,-0.014266305750847166,-0.04434369843920381,0.029651577819733547,-0.04941349000336356
51.632066033016514,-0.014740939524203033,-0.04481404857068331,0.029816017356005423,-0.04978442544372834
51.680006670001674,-0.01523385863518861,-0.045282038678347014,0.029979920786620005,-0.05016403144662783
51.727947306986835,-0.015743000333193164,-0.04574701360469767,0.030142814811760222,-0.0505510174448925
51.77588794397199,-0.016266301867605904,-0.046208318192237904,0.030304226131608977,-0.05094409287135275
51.823828580957155,-0.01680170048781637,-0.04666529728347067,0.03046368144634927,-0.051341967158839236
51.87176921794231,-0.01734713344321351,-0.047117295720898414,0.030620707456163927,-0.0517433497401822
51.91970985492747,-0.01790053798318687,-0.047563658347024036,0.030774830861235954,-0.05214695004821228
51.967650491912636,-0.01845985135712573,-0.04800373000435028,0.030925578361748272,-0.05255147751575995
52.01559112889779,-0.01902301081441913,-0.048436855535379665,0.03107247665788375,-0.05295564157565549
52.06353176588294,-0.019587953604456546,-0.04886237978261504,0.03121505244982535,-0.05335815166072952
52.1114724028681,-0.020152616976627347,-0.0492796475885592,0.03135283243775602,-0.053757717203812554
52.15941303985327,-0.020714938180320795,-0.04968800379571484,0.03148534332185869,-0.05415304763773505
52.20735367683842,-0.021272854464925932,-0.050086793246584535,0.03161211180231624,-0.054542852395327315
52.255294313823576,-0.02182430307983224,-0.050475360783671104,0.03173266457931162,-0.05492584090941994
52.30323495080874,-0.022367221274429153,-0.05085305124947739,0.0318465283530278,-0.0553007226128435
52.351175587793904,-0.022899546298105727,-0.05121920948650594,0.03195322982364765,-0.05566620693842831
52.39911622477906,-0.023419215400251242,-0.05157318033725948,0.032052295691354094,-0.05602100331900483
52.447056861764224,-0.023924165830255237,-0.051914308644240896,0.032143252656330126,-0.05636382118740369
52.49499749874938,-0.02441233483750664,-0.05224193924995269,0.03222562741875859,-0.05669336997645517
52.54293813573454,-0.024881659671395065,-0.052555416996897746,0.03229894667882248,-0.057008359118989875
52.590878772719705,-0.025330077581309687,-0.05285408672757877,0.03236273713670469,-0.05730749804783827
52.63881940970486,-0.025755525816639674,-0.05313729328449837,0.03241652549258814,-0.05758949619583071
52.68676004669001,-0.0261559416267744,-0.05340438151015934,0.03245983844665579,-0.05785306299579775
52.73470068367518,-0.026529262261103304,-0.05365469624706448,0.03249220269909054,-0.058096907880569926
52.78264132066034,-0.026873424969015486,-0.05388758233771641,0.03251314495007533,-0.05831974028297759
52.83058195764549,-0.02718636699990022,-0.05410238462461783,0.03252219189979308,-0.058520269635851246
52.87852259463066,-0.027466025603146968,-0.0542984479502716,0.032518870248426715,-0.05869720537202143
52.92646323161581,-0.02771033802814485,-0.05447511715718027,0.032502706696159185,-0.058849256924318506
52.97440386860097,-0.027917241524283265,-0.05463173708784668,0.03247322794317339,-0.05897513372557304
53.02234450558613,-0.028084673340951424,-0.054767652584773514,0.03242996068965227,-0.05907354520861545
53.070285142571294,-0.028210570727538672,-0.0548822084904635,0.03237243163577874,-0.05914320080627622
53.11822577955645,-0.028292870933434258,-0.05497474964741934,0.03230016748173576,-0.05918280995138582
53.166166416541614,-0.028329511208027514,-0.055044620898143784,0.03221269492770621,-0.05919108207677474
53.21410705352677,-0.028318428800707715,-0.05509116708513953,0.032109540673873074,-0.059166726615273425
53.26204769051193,-0.028257560960864098,-0.055113733050909317,0.03199023142041922,-0.05910845299971235
53.30998832749708,-0.02814484493788605,-0.05511166363795587,0.03185429386752763,-0.059014970662922016
53.35792896448225,-0.02797821798116272,-0.05508430368878188,0.03170125471538117,-0.05888498903773282
53.4058696014674,-0.027755617340083555,-0.05503099804589011,0.03153064066416284,-0.05871721755697534
53.45381023845256,-0.027474980264037746,-0.05495109155178325,0.03134197841405551,-0.05851036565347997
53.50175087543773,-0.02713424400241453,-0.05484392904896402,0.03113479466524209,-0.05826314276007714
53.54969151242288,-0.0267313458046034,-0.05470885537993519,0.03090861611790561,-0.057974258309597466
53.597632149408035,-0.026264222919993543,-0.05454521538719945,0.030662969472228935,-0.05764242173487135
53.6455727863932,-0.02573081259797405,-0.05435235391325945,0.03039738142839491,-0.05726634246872914
53.69351342337836,-0.025129052087934436,-0.05412961580061802,0.030111378686586587,-0.05684472994400146
53.741454060363516,-0.02445687863926406,-0.05387634589177788,0.02980448794698689,-0.056376293593518804
53.78939469734868,-0.023712229501351864,-0.05359188902924163,0.029476235909778603,-0.05585974285011142
53.83733533433384,-0.022893041923587598,-0.05327559005551216,0.029126149275144862,-0.0552937871466101
53.885275971319,-0.021997253155360164,-0.05292679381309205,0.028753754743268432,-0.05467713591584506
53.933216608304164,-0.021022800446058865,-0.05254484514448404,0.028358579014332235,-0.05400849859064676
53.98115724528932,-0.019967621045073422,-0.05212908889219099,0.027940148788519376,-0.05328658460384597
54.02909788227447,-0.01882965220179285,-0.051678869898715535,0.02749799076601267,-0.052510103388272965
54.07703851925964,-0.017606831165606046,-0.05119353300656024,0.027031631646994913,-0.05167776437675799
54.1249791562448,-0.016297095185902846,-0.05067242305822804,0.026540598131649218,-0.050788277002131836
54.17291979322995,-0.014899635357976372,-0.05011548952949518,0.02602497698033413,-0.049841360973285856
54.22086043021512,-0.013503038169005686,-0.049565663714943475,0.025524613356659544,-0.04890859012842627
54.26880106720027,-0.012161923547938812,-0.0490491042632893,0.025063646080089243,-0.04803362543423637
54.31674170418543,-0.01087532281869639,-0.04856508875693096,0.02464128211197805,-0.04721523396310306
54.364682341170585,-0.009642267305200052,-0.04811289477826715,0.02425672841368113,-0.04645218278741391
54.41262297815575,-0.008461788331370507,-0.04769179990969621,0.02390919194655336,-0.04574323897955591
54.460563615140906,-0.0073329172211297105,-0.047301081733616954,0.02359787967194998,-0.04508716961191677
54.508504252126066,-0.006254685298398398,-0.04694001783242773,0.02332199855122588,-0.044482741756883534
54.55644488911123,-0.005226123887097838,-0.04660788578852712,0.02308075554573612,-0.04392872248684352
54.60438552609639,-0.004246264311149731,-0.04630396318431379,0.022873357616835836,-0.04342387887418427
54.65232616308154,-0.003314137894475012,-0.0460275276021862,0.022699011725879986,-0.042966977991292954
54.70026680006671,-0.0024287759609946773,-0.04577785662454283,0.022556924834223568,-0.042556786910556754
54.74820743705187,-0.0015892098346303794,-0.04555422783378234,0.022446303903221693,-0.04219207270436319
54.79614807403702,-0.0007944708393033467,-0.045355918812303254,0.022366355894229386,-0.041871602445099534
54.84408871102219,-4.359029893448961e-5,-0.04518220714250405,0.02231628776860166,-0.04159414320515299
54.89202934800734,0.0006644004625545015,-0.04503237040678337,0.022295306487693567,-0.04135846205691104
54.9399699849925,0.0013304701212426967,-0.044905686187539706,0.022302619012860146,-0.04116332607276086
54.98791062197766,0.00195558735320874,-0.044801432067171604,0.02233743230545643,-0.041007502325089824
55.03585125896282,0.0025407208345313848,-0.04471888562807763,0.02239895332683746,-0.040889757886285245
55.083791895947975,0.0030868392412892933,-0.044657324452656334,0.02248638903835826,-0.04080885982873443
55.13173253293314,0.0035949112495614662,-0.04461602612330624,0.022598946401373908,-0.04076357522482469
55.179673169918296,0.0040659055354263385,-0.04459426822242592,0.022735832377239376,-0.04075267114694335
55.227613806903456,0.004500790774962883,-0.04459132833241391,0.022896253927309762,-0.04077491466747772
55.27555444388862,0.0049005356442498385,-0.04460648403566875,0.023079418012940105,-0.040829072858815124
55.323495080873776,0.005266108819365772,-0.044639012914588994,0.023284531595485367,-0.040913912793342846
55.37143571785893,0.005598478976389576,-0.044688192551573185,0.023510801636300628,-0.041028201543448224
55.4193763548441,0.0058986147914000635,-0.04475330052901989,0.023757435096741004,-0.04117070618151861
55.46731699182926,0.006167484940475858,-0.04483361442932764,0.02402363893816143,-0.04134019377994125
55.51525762881441,0.00640605809969572,-0.04492841183489497,0.024308620121916934,-0.04153543141110347
55.563198265799564,0.00661530294513845,-0.04503697032812043,0.02461158560936259,-0.04175518614739259
55.61113890278473,0.0067961881528828295,-0.045158567491402624,0.02493174236185354,-0.04199822506119601
55.65907953976989,0.006949682399007534,-0.045292480907140026,0.02526829734074467,-0.04226331522490095
55.707020176755044,0.0070767543595913265,-0.0454379881577312,0.025620457507391024,-0.042549223710894694
55.75496081374021,0.007178372710713008,-0.045594366825574745,0.025987429823147792,-0.0428547175915647
55.802901450725365,0.007255506128451248,-0.04576089449306911,0.0263684212493698,-0.043178563939298115
55.850842087710525,0.0073091232888848785,-0.04593684874261293,0.026762638747412238,-0.043519529826482356
55.89878272469569,0.00734019286809259,-0.046121507156604756,0.027169289278630167,-0.043876382325504795
55.946723361680846,0.007349683542153172,-0.04631414731744304,0.027587579804378436,-0.04424788850875255
55.994663998666,0.007338563987145351,-0.04651404680752639,0.028016717286012197,-0.04463281544861304
56.042604635651166,0.007307802879147875,-0.04672048320925341,0.028455908684886615,-0.045029930217473715
56.09054527263633,0.007258368894239503,-0.046932734105022564,0.02890436096235655,-0.04543799988772172
56.13848590962148,0.007191230708499002,-0.04715007707723239,0.029361281079777018,-0.04585579153174434
56.18642654660665,0.007107356998005077,-0.04737178970828154,0.029825875998503282,-0.04628207222192911
56.2343671835918,0.007007716438836534,-0.04759714958056843,0.03029735267989008,-0.04671560903066305
56.28230782057696,0.0068932777070720985,-0.047825434276491705,0.030774918085292677,-0.047155169030333705
56.33024845756212,0.006765009478790496,-0.04805592137844987,0.031257779176066036,-0.047599519293328306
56.37818909454728,0.006623880430070513,-0.048287888468841474,0.031745142913565186,-0.04804742689203417
56.426129731532434,0.0064708592369909015,-0.048520613130065046,0.032236216259145106,-0.04849765889883856
56.4740703685176,0.006306914575630353,-0.048753372944519216,0.032730206174161044,-0.04894898238612897
56.522011005502755,0.006133015122067695,-0.04898544549460242,0.03322631961996774,-0.04940016442629246
56.569951642487915,0.005950129552381646,-0.04921610836271327,0.033723763557920464,-0.04984997209171654
56.61789227947308,0.005759226542650889,-0.04944463913125035,0.034221744949374244,-0.050297172454788534
56.665832916458236,0.005561274768954336,-0.04967031538261208,0.0347194707556839,-0.05074053258789553
56.713773553443396,0.0053572429073705866,-0.04989241469919712,0.0352161479382047,-0.051178819563425085
56.76171419042855,0.005148099633978463,-0.05011021466340396,0.03571098345829152,-0.051610800453764344
56.809654827413716,0.004934813624856656,-0.05032299285763122,0.03620318427729961,-0.05203524233130084
56.85759546439887,0.004718353556084007,-0.05053002686427734,0.03669195735658375,-0.05245091226842162
56.90553610138403,0.0044996881037391925,-0.05073059426574096,0.03717650965749916,-0.05285657733751419
56.95347673836919,0.0042797859439009794,-0.050923972644420584,0.03765604814140082,-0.05325100461096581
57.00141737535435,0.004059615752648127,-0.05110943958271477,0.03812977976964378,-0.05363296116116379
57.0493580123395,0.003840146206059422,-0.05128627266302203,0.03859691150358298,-0.05400121406049538
57.09729864932467,0.0036223459802134927,-0.051453749467741,0.039056650304573684,-0.05435453038134807
57.145239286309824,0.003407183751189244,-0.05161114757927012,0.03950820313397067,-0.054691677196108957
57.193179923294984,0.003195628195065331,-0.05175774458000801,0.03995077695312913,-0.05501142157716551
57.24112056028015,0.0029886479879204786,-0.05189281805235322,0.04038357872340415,-0.055312530596905045
57.289061197265305,0.0027872118058335643,-0.05201564557870421,0.04080581540615054,-0.05559377132771474
57.33700183425046,0.0025922883248832573,-0.05212550474145962,0.0412166939627235,-0.055853910841981984
57.384942471235625,0.002404846221148227,-0.05222167312301799,0.041615421354478155,-0.056091716212094196
57.432883108220786,0.0022258541707073642,-0.05230342830577782,0.04200120454276939,-0.05630595451043858
57.48082374520594,0.0020562808496393664,-0.05237004787213767,0.04237325048895221,-0.056495392809402405
57.528764382191106,0.0018970949340229581,-0.052420809404496116,0.04273076615438185,-0.05665879818137313
57.57670501917626,0.0017492650999369197,-0.05245499048525168,0.04307295850041314,-0.05679493769873794
57.62464565616142,0.0016137600234599897,-0.052471868696802926,0.043399034488401246,-0.05690257843388422
57.67258629314659,0.001491548380670893,-0.05247072162154837,0.043708201079701206,-0.056980487459199265
57.72052693013174,0.001383598847648465,-0.052450826841886615,0.04399966523566793,-0.05702743184707038
57.76846756711689,0.0012908801004713616,-0.052411461940216154,0.04427263391765655,-0.05704217866988493
57.81640820410206,0.0012143608152183627,-0.05235190449893555,0.04452631408702216,-0.05702349500003014
57.86434884108722,0.0011550096679682348,-0.052271432100443355,0.04475991270511972,-0.05697014790989339
57.912289478072374,0.0011137953347997165,-0.05216932232713813,0.04497263673330423,-0.056880904471862
57.96023011505753,0.0010916864917915603,-0.052044852761418424,0.04516369313293079,-0.056754531758323255
58.008170752042695,0.0010896518150225187,-0.051897300985682716,0.04533228886535449,-0.056589796841664465
58.056111389027855,0.0011086599805713443,-0.05172594458232963,0.045477630891930264,-0.05638546679427298
58.10405202601301,0.0011496796645167756,-0.05153006113375772,0.04559892617401318,-0.056140308688536096
58.151992662998175,0.001213679542937579,-0.05130892822236544,0.045695381672958314,-0.05585308959684108
58.19993329998333,0.0013016282919124655,-0.05106182343055147,0.04576620435012065,-0.05552257659157537
58.24787393696849,0.0014144945875202292,-0.050788024340714256,0.04581060116685528,-0.05514753674512616
58.29581457395365,0.0015532471058396224,-0.05048680853525236,0.04582777908451719,-0.054726737129880805
58.34375521093881,0.001718302258639419,-0.050158297454158125,0.045816960127452344,-0.05425986473729879
58.39169584792396,0.001894653702492873,-0.04982587045825226,0.04577819944033188,-0.053772225619589886
58.43963648490913,0.0020749756628225175,-0.049500359425661375,0.04571242961050185,-0.053276145114560976
58.48757712189428,0.0022589704396004822,-0.049181730085720174,0.045620561992356895,-0.05277221240920058
58.53551775887944,0.002446340332799086,-0.04886994816776301,0.04550350794029156,-0.052261016690496674
58.58345839586461,0.002636787642390567,-0.048564979401124385,0.045362178808700436,-0.051743147145437464
58.631399032849764,0.0028300146683470787,-0.04826678951513895,0.04519748595197818,-0.0512191929610114
58.67933966983492,0.003025723710640912,-0.047975344239141106,0.04501034072451936,-0.05068974332420653
58.727280306820084,0.0032236170692443644,-0.047690609302465284,0.04480165448071848,-0.0501553874220109
58.775220943805245,0.003423397044129586,-0.047412550434446116,0.04457233857497025,-0.049616714441412975
58.8231615807904,0.0036247659352688128,-0.04714113336441809,0.04432330436166925,-0.049074313569400944
58.871102217775565,0.003827426042634372,-0.046876323821715596,0.04405546319520997,-0.04852877399296279
58.91904285476072,0.004031079666198381,-0.0466180875356733,0.04376972642998716,-0.04798068489908704
58.96698349174588,0.0042354291059331665,-0.04636639023562559,0.0434670054203953,-0.04743063547476165
59.014924128731046,0.004440176661810967,-0.04612119765090697,0.043148211520828955,-0.046879214906974845
59.0628647657162,0.004645024633803927,-0.045882475510852054,0.04281425608568288,-0.046327012382715076
59.11080540270135,0.004849675321884348,-0.04565018954479526,0.04246605046935157,-0.04577461708897038
59.15874603968651,0.005053831026024492,-0.045424305482071076,0.04210450602622956,-0.045222618212728896
59.20668667667168,0.005257194046196601,-0.045204789052014,0.04173053411071145,-0.04467160494097882
59.25462731365683,0.005459466682372821,-0.04499160598395863,0.04134504607719199,-0.04412216646070862
59.302567950641986,0.005660351234525449,-0.04478472200723941,0.040948953280065675,-0.04357489195890633
59.350508587627154,0.005859550002626779,-0.044584102851190785,0.040543167073726974,-0.04303037062256
59.398449224612314,0.006056765286648963,-0.044389714245147344,0.04012859881257065,-0.042489191638658094
59.44638986159747,0.0062516993865642375,-0.044201521918443586,0.03970615985099131,-0.0419519441941888
59.494330498582634,0.006444054602344925,-0.04401949160041395,0.03927676154338336,-0.04141921747614011
59.54227113556779,0.00663353323396315,-0.04384358902039302,0.03884131524414163,-0.040891600671500536
59.59021177255295,0.006819837581391234,-0.043673779907715246,0.03840073230766055,-0.04036968296725805
59.638152409538115,0.007002669944601415,-0.04351002999171513,0.03795592408833469,-0.03985405355040087
59.68609304652327,0.007181732623565846,-0.04335230500172724,0.037507801940558846,-0.03934530160791743
59.73403368350842,0.007356727918256821,-0.04320057066708602,0.03705727721872749,-0.038844016326795794
59.78197432049359,0.007527358128646627,-0.04305479271712596,0.03660526127723507,-0.038350786894024005
59.82991495747875,0.007693325554707425,-0.0429149368811816,0.036152665470476374,-0.03786620249659052
59.8778555944639,0.007854332496411452,-0.04278096888858746,0.03570040115284601,-0.03739085232148353
59.92579623144907,0.00801008125373102,-0.04265285446867799,0.03524937967873837,-0.03692532555569103
59.97373686843422,0.00816027412663827,-0.042530559350787756,0.03480051240254832,-0.03647021138620151
60.02167750541938,0.00830461341510551,-0.042414049264251207,0.034354710678670235,-0.03602609900000298
60.06961814240454,0.008442801419104954,-0.04230328993840287,0.03391288586149878,-0.03559357758408372
60.117558779389704,0.008574540438608835,-0.04219824710257725,0.03347594930542857,-0.035173236325431914
60.16549941637486,0.00869953277358938,-0.042098886486108864,0.03304481236485424,-0.03476566441103587
60.21344005336002,0.008817480724018854,-0.04200517381833219,0.03262038639417025,-0.034371451027883644
60.26138069034518,0.008928086589869483,-0.04191707482858174,0.032203582747771284,-0.03399118536296352
60.30932132733034,0.009031052671113501,-0.041834555246192014,0.03179531278005191,-0.033625456603263715
60.35726196431549,0.009126081267723133,-0.04175758080049754,0.0313964878454068,-0.033274853935772467
60.40520260130066,0.009212874679670654,-0.04168611722083279,0.031008019298230362,-0.032939966547477856
60.45314323828581,0.009291135206928253,-0.04162013023653229,0.03063081849291742,-0.03262138362536827
60.50108387527097,0.009360565149468205,-0.04155958557693054,0.030265796783862396,-0.03231969435643178
60.54902451225614,0.009420866807262738,-0.041504448971362025,0.029913865525459896,-0.03203548792765662
60.59696514924129,0.009471742480284068,-0.04145468614916128,0.029575936072104667,-0.031769353526031094
60.644905786226445,0.00951289446850445,-0.04141026283966279,0.02925291977819119,-0.03152188033854335
60.69284642321161,0.009544025071896129,-0.04137114477220106,0.028945727998113974,-0.031293657552181504
60.74078706019677,0.00956483659043133,-0.04133729767611059,0.028655272086267752,-0.031085274353933896
60.788727697181926,0.009575031324082292,-0.0413086872807259,0.028382463397047107,-0.030897319930788713
60.83666833416709,0.009574311572821254,-0.04128527931538148,0.028128213284846517,-0.03073038346973409
60.88460897115225,0.009562379636620452,-0.04126703950941184,0.02789343310406073,-0.03058505415775833
60.93254960813741,0.009538937815452123,-0.04125393359215148,0.02767903420908422,-0.03046192118184958
60.980490245122574,0.009503688409288502,-0.0412459272929349,0.027485927954311602,-0.030361573728996057
61.02843088210773,0.009456333718101837,-0.04124298634109662,0.027315025694137546,-0.030284600986186013
61.07637151909288,0.009396576041864363,-0.04124507646597112,0.027167238782956588,-0.030231592140407614
61.12431215607805,0.009324117680548291,-0.04125216339689293,0.02704347857516328,-0.03020313637864907
61.17225279306321,0.009238660934125887,-0.04126421286319654,0.02694465642515229,-0.03019982288789861
61.22019343004836,0.0091399081025694,-0.04128119059421645,0.026871683687318185,-0.030222240855144432
61.26813406703353,0.009027561485851012,-0.04130306231928717,0.02682547171605554,-0.030270979467374753
61.31607470401868,0.00890132338394303,-0.0413297937677432,0.026806931865758964,-0.030346627911577766
61.36401534100384,0.008760896096817641,-0.04136135066891905,0.026816975490823066,-0.030449775374741698
61.411955977988995,0.008605981924447122,-0.041397698752149215,0.026856513945642407,-0.03058101104385473
61.45989661497416,0.008436283166803636,-0.04143880374676822,0.026926458584611616,-0.03074092410590514
61.507837251959316,0.008251502123859524,-0.04148463138211054,0.027027720762125246,-0.030930103747881042
61.555777888944476,0.008051341095586943,-0.0415351473875107,0.027161211832577924,-0.031149139156770714
61.603718525929644,0.007835502381958124,-0.0415903174923032,0.027327843150364264,-0.03139861951956239
61.6516591629148,0.007603688282945402,-0.04165010742582253,0.027528526069878774,-0.031679134023244154
61.69959979989995,0.007355601098520956,-0.04171448291740319,0.02776417194551609,-0.03199127185480429
61.74754043688512,0.007090943128656938,-0.04178340969637973,0.0280356921316709,-0.03233562220123111
61.79548107387028,0.006809416673325703,-0.04185685349208661,0.028343997982737682,-0.032712774249512674
61.84342171085543,0.006510724032499495,-0.04193478003385833,0.028690000853111006,-0.03312331718663718
61.8913623478406,0.006194567506150413,-0.04201715505102944,0.02907461209718563,-0.033567840199593024
61.93930298482575,0.0058606493942508844,-0.04210394427293439,0.029498743069355925,-0.034046932475368163
61.98724362181091,0.0055086719967729954,-0.042195113428907714,0.029963305124016654,-0.034561183200951
62.03518425879607,0.005138337613689039,-0.04229062824828392,0.03046920961556237,-0.035111181563329694
62.08312489578123,0.004749348544971251,-0.04239045446039749,0.03101736789838764,-0.035697516749492425
62.131065532766385,0.004341407090591928,-0.04249455779458293,0.03160869132688699,-0.03632077794642732
62.17900616975155,0.003914215550523122,-0.04260290398017477,0.03224409125545528,-0.03698155434112288
62.226946806736706,0.0034674762247373266,-0.04271545874650748,0.03292447903848672,-0.037680435120566916
62.274887443721866,0.0030008914132065804,-0.04283218782291559,0.0336507660303762,-0.03841800947174795
62.32282808070703,0.0025141634159031104,-0.04295305693873362,0.03442386358551833,-0.03919486658165419
62.37076871769219,0.002006994532799386,-0.04307803182329602,0.03524468305830736,-0.040011595637273516
62.41870935467734,0.0014790870638674881,-0.04320707820593731,0.0361141358031381,-0.040868785825594334
62.46664999166251,0.0009301433090795029,-0.04334016181599205,0.03703313317440542,-0.04176702633360514
62.51459062864767,0.00036249931753774476,-0.04347635546809269,0.03799703758062912,-0.042701275081751866
62.56253126563282,-0.00018377340467481918,-0.043602004436465856,0.03892164503150879,-0.04358593826584504
62.610471902617974,-0.0006955514732985553,-0.04371273778244197,0.03977938625045689,-0.044393334385309104
62.65841253960314,-0.0011735012326527401,-0.04380887839818447,0.04057172709566882,-0.045125303308245844
62.7063531765883,-0.0016182890270562942,-0.0438907491758567,0.04130013342533943,-0.04578368490275648
62.754293813573454,-0.002030581200828372,-0.04395867300762209,0.04196607109766394,-0.04637031903694262
62.80223445055862,-0.0024110440982882905,-0.04401297278564407,0.042571005970837836,-0.04688704557890608
62.850175087543775,-0.0027603440637549645,-0.04405397140208602,0.043116403903055954,-0.04733570439674811
62.898115724528935,-0.003079147441547696,-0.044081991749111385,0.04360373075251374,-0.04771813535857053
62.9460563615141,-0.003368120575985612,-0.04409735671888354,0.044034452377406386,-0.04803617833247485
62.993996998499256,-0.0036279298113877307,-0.0441003892035659,0.044410034635928894,-0.04829167318656254
63.04193763548441,-0.0038592414920732834,-0.044091412095321886,0.044731943386276604,-0.04848645978893526
63.089878272469576,-0.004062721962361466,-0.044070748286314895,0.045001644486644794,-0.04862237800769461
63.13781890945474,-0.00423903756657132,-0.04403872066870834,0.04522060379522851,-0.048701267710942096
63.18575954643989,-0.004388854649022,-0.04399565213466564,0.045390287170223004,-0.04872496876677931
63.23370018342506,-0.004512839554032708,-0.043941865576350186,0.045512160469823516,-0.04869532104330783
63.28164082041021,-0.004611658625922508,-0.0438776838859254,0.045587689552225176,-0.04861416440862922
63.32958145739537,-0.004685978209010591,-0.04380342995555468,0.04561834027562323,-0.048483338730845066
63.37752209438053,-0.0047364646476160815,-0.043719426677401446,0.04560557849821287,-0.04830468387805692
63.42546273136569,-0.004763784286058118,-0.0436259969436291,0.045550870078189275,-0.04808003971836636
63.473403368350844,-0.004768603468655845,-0.04352346364640106,0.04545568087374768,-0.047811246119875
63.52134400533601,-0.004751588539728397,-0.0434121496778807,0.04532147674308321,-0.04750014295068429
63.569284642321165,-0.004713405843594924,-0.04329237793023148,0.04514972354439117,-0.047148570078895974
63.617225279306325,-0.004654721724574557,-0.04316447129561678,0.044941887135866665,-0.04675836737261149
63.66516591629149,-0.004576202526986425,-0.04302875266619998,0.04469943337570491,-0.046331374699932384
63.713106553276646,-0.0044785145951497084,-0.04288554493414457,0.04442382812210119,-0.045869431928960425
63.7610471902618,-0.004362324273383527,-0.042735170991613905,0.04411653723325064,-0.04537437892779707
63.80898782724696,-0.0042282979060069975,-0.042577953730771376,0.04377902656734841,-0.0448480555645438
63.856928464232126,-0.004077101837339255,-0.042414216043780394,0.043412761982589684,-0.04429230170730217
63.90486910121728,-0.003909402411699512,-0.042244280822804445,0.04301920933716985,-0.04370895722417402
63.95280973820244,-0.0037258659734068326,-0.04206847096000684,0.042599834489283894,-0.04309986198326065
64.00075037518761,-0.00352715886678036,-0.041887109347551015,0.04215610329712706,-0.04246685585266365
64.04869101217275,-0.0033139474361393462,-0.04170051887760046,0.04168948161889478,-0.04181177870048494
64.09663164915791,-0.0030868980258027846,-0.041509022442318466,0.04120143531278192,-0.04113647039482564
64.14457228614309,-0.0028466769800898004,-0.04131294293386844,0.040693430236983644,-0.04044277080378728
64.19251292312823,-0.0025939506433197597,-0.04111260324441396,0.04016693224969564,-0.03973251979547209
64.2404535601134,-0.0023293853598115727,-0.04090832626611825,0.03962340720911264,-0.03900755723798099
64.28839419709855,-0.0020536474738844616,-0.04070043489114479,0.039064320973429975,-0.03826972299941576
64.33633483408371,-0.0017674033298575656,-0.04048925201165698,0.03849113940084287,-0.037520856947877976
64.38427547106888,-0.0014713192720500201,-0.04027510051981823,0.03790532834954652,-0.03676279895146922
64.43221610805404,-0.0011660616447809677,-0.04005830330779196,0.03730835367773611,-0.035997388878291056
64.4801567450392,-0.0008522967923695508,-0.039839183267741565,0.03670168124360685,-0.03522646659644504
64.52809738202436,-0.0005306910591349051,-0.039618063291830465,0.03608677690535393,-0.03445187197403278
64.57603801900952,-0.00020191078939617996,-0.039395266272222056,0.035465106521172546,-0.0336754448791558
64.62397865599468,0.00013337767252748906,-0.03917111510107976,0.03483813594925792,-0.032899025179915733
64.67191929297982,0.0004745079823168623,-0.03894593267056705,0.0342073310478054,-0.03212445274441432
64.719859929965,0.0008208137956531095,-0.03872004187284712,0.033574157675009646,-0.03135356744075248
64.76780056695014,0.0011716287682166683,-0.038493765600083656,0.03294008168906662,-0.030588209137032675
64.8157412039353,0.0015262865556887155,-0.03826742674443987,0.03230656894817094,-0.029830217701355813
64.86368184092046,0.001884120813750008,-0.038041348198079236,0.03167508531051797,-0.02908143300182369
64.91162247790562,0.0022444651980813995,-0.03781585285316516,0.031047096634302947,-0.028343694906537875
64.95956311489078,0.002606653364363755,-0.037591263601861054,0.03042406877772106,-0.027618843283599953
65.00750375187594,0.0029700189682779314,-0.03736790333633032,0.029807467598967498,-0.026908718001111456
65.0554443888611,0.0033338956655047935,-0.03714609494873637,0.029198758956237462,-0.026215158927174007
65.10338502584626,0.0036976171117251953,-0.036926161331242616,0.028599408707726162,-0.025540005929889115
65.15132566283141,0.004060516962619901,-0.03670842537601253,0.028010882711628965,-0.024885098877358625
65.19926629981659,0.004421928873870072,-0.03649320997520932,0.027434646826140524,-0.02425227763768345
65.24720693680175,0.004781186501156255,-0.0362808380209966,0.026872166909456596,-0.023643382078965824
65.29514757378689,0.005137623500159318,-0.036071632405537776,0.02632490881977234,-0.023060252069307202
65.34308821077207,0.005490573526560433,-0.03586591602099605,0.025794338415282503,-0.022504727476808706
65.39102884775721,0.005839370236040031,-0.03566401175953511,0.025281921554182865,-0.021978648169572568
65.43896948474237,0.0061833472842793,-0.03546624251331815,0.024789124094668213,-0.021483854015699855
65.48691012172755,0.006521838326959087,-0.03527293117450861,0.024317411894933735,-0.021022184883292175
65.5348507587127,0.006854177019759954,-0.03508440063527005,0.023868250813175035,-0.020595480640451497
65.58279139569785,0.00717969701836306,-0.0349009737877657,0.02344310670758691,-0.020205581155278984
65.63073203268301,0.0074977319784491625,-0.034722973524159054,0.023043445436364718,-0.01985432629587637
65.67867266966817,0.0078076155556991225,-0.0345507227366135,0.022670732857703615,-0.019543555930345236
65.72661330665333,0.0081086814057938,-0.034384544317292466,0.022326434829798833,-0.019275109926787104
65.7745539436385,0.008400263184414052,-0.03422476115835934,0.022012017210845544,-0.019050828153303556
65.82249458062365,0.00868169454724075,-0.03407169615197753,0.021728945859038964,-0.018872550477996172
65.87043521760882,0.008952309149954742,-0.03392567219031046,0.021478686632574295,-0.018742116768966532
65.91837585459398,0.009211440648236889,-0.03378701216552153,0.021262705389646724,-0.018661366894316245
65.96631649157914,0.009458422697768046,-0.03365603896977416,0.021082467988451467,-0.018632140722146806
66.01425712856428,0.009692588954229017,-0.03353307549523178,0.020939440287183753,-0.01865627812055981
66.06219776554944,0.00991327307330079,-0.03341844463405773,0.02083508814403867,-0.018735618957656852
66.1101384025346,0.01011980871066416,-0.033312469278415455,0.020770877417211495,-0.018872003101539483
66.15807903951976,0.010311529521999985,-0.033215472320468356,0.02074827396489741,-0.019067270420309285
66.20601967650492,0.01048776916298913,-0.03312777665237987,0.020768743645291618,-0.019323260782067822
66.25396031349008,0.010647861289312444,-0.03304970516631338,0.020833752316589335,-0.01964181405491669
66.30190095047524,0.010791139556650807,-0.03298158075443229,0.02094476583698572,-0.020024770106957412
66.3498415874604,0.010916937620685047,-0.03292372630890003,0.02110325006467602,-0.020473968806291598
66.39778222444556,0.011024589137096044,-0.03287646472188001,0.021310670857855388,-0.020991250021020827
66.44572286143072,0.011113427761564647,-0.03284011888553562,0.021568494074719044,-0.02157845361924665
66.49366349841588,0.01118278714977173,-0.03281501169203027,0.021878185573462217,-0.02223741946907065
66.54160413540104,0.011232000957398146,-0.03280146603352738,0.02224121121228005,-0.02296998743859438
66.5895447723862,0.011260402840124757,-0.032799804802190344,0.022659036849367764,-0.02377799739591943
66.63748540937135,0.01126732645363241,-0.03281035089018258,0.02313312834292043,-0.02466328920914712
66.68542604635653,0.01125320886219142,-0.032830806556315754,0.023658979552846873,-0.025617990029356105
66.73336668334167,0.011228309142266862,-0.03283621036971876,0.02418007440655912,-0.026549934469878928
66.78130732032683,0.01119546378409774,-0.03282049670489208,0.024682264513936885,-0.02743642622236678
66.829247957312,0.011154894116966265,-0.032783938113355476,0.02516577567010236,-0.028278203314937224
66.87718859429715,0.011106821470154687,-0.032726807146628796,0.025630833670177326,-0.029076003775707116
66.92512923128231,0.011051467172945185,-0.032649376356231774,0.026077664309284404,-0.0298305656327948
66.97306986826747,0.010989052554619985,-0.03255191829368423,0.026506493382545657,-0.030542626914317614
67.02101050525263,0.010919798944461302,-0.03243470551050594,0.02691754668508329,-0.03121292564839316
67.0689511422378,0.010843927671751352,-0.0322980105582167,0.027311050012019503,-0.03184219986313904
67.11689177922295,0.01076166006577235,-0.0321421059883363,0.027687229158476503,-0.032431187586672856
67.16483241620811,0.010673217455806511,-0.03196726435238452,0.028046309919576493,-0.0329806268471122
67.21277305319327,0.010578821171136048,-0.03177375820188117,0.028388518090441676,-0.03349125567257467
67.26071369017842,0.010478692541043208,-0.03156186008834609,0.028714079466194156,-0.03396381209117773
67.3086543271636,0.010373052894810116,-0.031331842563298885,0.029023219841956428,-0.03439903413103938
67.35659496414874,0.010262123561719108,-0.03108397817825961,0.029316165012850313,-0.0347976598202767
67.4045356011339,0.010146125871052306,-0.03081853948474785,0.0295931407739983,-0.03516042718700767
67.45247623811908,0.01002528115209192,-0.030535799034283363,0.029854372920522565,-0.035488074259349835
67.50041687510422,0.009899810734120272,-0.03023602937838622,0.030100087247545086,-0.035781339065420546
67.54835751208938,0.00976993594641947,-0.029919503068575937,0.030330509550188307,-0.036040959633337644
67.59629814907454,0.009635878118271766,-0.0295864926563724,0.030545865623574343,-0.03626767399121866
67.6442387860597,0.009497858578959371,-0.029237270693295393,0.03074638126282539,-0.03646222016718119
67.69217942304486,0.009356098657764506,-0.028872109730864706,0.03093228226306366,-0.03662533618934283
67.74012006003002,0.00921081968396938,-0.028491282320600136,0.031103794419411364,-0.036757760085821156
67.78806069701518,0.009062242986856211,-0.028095061014021462,0.03126114352699069,-0.036860229884733794
67.83600133400034,0.008910589895707215,-0.027683718362648484,0.031404555380923856,-0.03693348361419833
67.8839419709855,0.008756081739804604,-0.02725752691800099,0.03153425577633305,-0.03697825930233235
67.93188260797066,0.008598939848430593,-0.02681675923159877,0.03165047050834049,-0.036995294977253484
67.97982324495581,0.008439385550867448,-0.026361687854961745,0.031753425372068336,-0.03698532866707931
68.02776388194098,0.008277640176397236,-0.02589258533960931,0.03184334616263888,-0.036949098399927424
68.07570451892613,0.00811392505430237,-0.02540972423706179,0.031920458675174235,-0.036887342203915444
68.12364515591129,0.007948461513864915,-0.02491337709883857,0.03198498870479666,-0.03680079810716094
68.17158579289647,0.007781470884367085,-0.024403816476459415,0.03203716204662834,-0.036690204137781485
68.21952642988161,0.007613174495091247,-0.023881314921444588,0.03207720449579147,-0.03655629832389478
68.26746706686677,0.007443793675319464,-0.023346144985313406,0.03210534184740826,-0.03639981869361832
68.31540770385193,0.0072735497543340005,-0.02279857921958583,0.032121799896600925,-0.03622150327506975
68.36334834083709,0.007102664061417075,-0.022238890175781637,0.032126804438491655,-0.036022090096366643
68.41128897782225,0.006931357925850898,-0.021667350405420612,0.03212058126820264,-0.03580231718562661
68.4592296148074,0.006759852676917737,-0.021084232460022737,0.03210335618085612,-0.03556292257096733
68.50717025179257,0.006588369643899657,-0.020489808891107256,0.03207535497157425,-0.03530464428050616
68.55511088877773,0.00641713015607902,-0.019884352250194505,0.03203680343547927,-0.03502822034236096
68.60305152576288,0.0062463555427380475,-0.019268135088804268,0.031987927367693396,-0.034734388784649295
68.65099216274805,0.006076267133158795,-0.018641429958455802,0.03192895256333877,-0.03442388763548852
68.6989327997332,0.005907086256623685,-0.01800450941066961,0.03186010481753766,-0.034097454922996595
68.74687343671836,0.005739034242414781,-0.017357645996964953,0.031781609925412235,-0.033755828675290825
68.79481407370353,0.005572332419814295,-0.016701112268861586,0.031693693682084675,-0.03339974692048881
68.84275471068868,0.005407202118104593,-0.01603518077787991,0.03159658188267727,-0.03302994768670847
68.89069534767384,0.005243864666567743,-0.015360124075539106,0.03149050032231213,-0.03264716900206708
68.938635984659,0.005082541394486005,-0.014676214713359177,0.0313756747961115,-0.03225214889468234
68.98657662164416,0.004923453631141597,-0.013983725242859901,0.031252331099197575,-0.03184562539267183
69.03451725862932,0.004766822705816735,-0.013282928215561079,0.031120695026692558,-0.031428336524153194
69.08245789561448,0.004612869947793631,-0.012574096182982494,0.03098099237371866,-0.03100102031724398
69.13039853259964,0.004461816686354504,-0.011857501696643933,0.030833448935398078,-0.03056441480006182
69.1783391695848,0.004313884250781563,-0.011133417308065198,0.03067829050685301,-0.030119258000724305
69.22627980656996,0.004169293970357027,-0.010402115568766065,0.030515742883205663,-0.029666287947349025
69.27422044355512,0.00402826717436311,-0.00966386903026634,0.030346031859578248,-0.029206242668053578
69.32216108054027,0.0038910251920820675,-0.00891895024408602,0.03016938323109301,-0.02873986019095571
69.37010171752544,0.003757789352795994,-0.008167631761744242,0.029986022792872,-0.0282678785441726
69.4180423545106,0.003628780985787225,-0.007410186134761451,0.029796176340037582,-0.027791035755822244
69.46598299149575,0.0035042214203379702,-0.006646885914657456,0.02960006966771196,-0.02731006985402227
69.51392362848092,0.003384331985730335,-0.0058780036529513455,0.029397928571017154,-0.02682571886688983
69.56186426546607,0.003269334011246681,-0.005103811901163845,0.029189978845075615,-0.0263387208225431
69.60980490245123,0.0031594488261691154,-0.004324583210814043,0.028976446285009373,-0.025849813749099268
69.65774553943639,0.003054897759779884,-0.0035405901334219572,0.028757556685940665,-0.02535973567467603
69.70568617642155,0.0029559021413612116,-0.002752105220507388,0.028533535842991724,-0.024869224627391016
69.75362681340671,0.002862683300195305,-0.0019594010235901155,0.028304609551284738,-0.024379018635361835
69.80156745039187,0.002775462565564383,-0.0011627500941899516,0.028071003605941915,-0.023889855726706044
69.84950808737703,0.0026944612667506584,-0.00036242498382665217,0.027832943802085446,-0.023402473929541284
69.89744872436219,0.002619900733036345,0.0004413017559799573,0.027590655934837546,-0.022917611271985133
69.94538936134734,0.0025520022937036814,0.001248157573709878,0.027344365799320487,-0.02243600578215532
69.99332999833251,0.002490987278034821,0.002057869917844027,0.027094299190656257,-0.02195839548816904
70.04127063531766,0.0024370770153120513,0.0028701662368616487,0.02684068190396735,-0.02148551841814443
70.08921127230282,0.0023904928348175416,0.0036847739792436746,0.02658373973437575,-0.021018112600198674
70.137151909288,0.0023514560658335045,0.004501420593470314,0.02632369847700366,-0.0205569160624494
70.18509254627314,0.002320188037642195,0.00531983352802106,0.026060783926973488,-0.020102666833014607
70.2330331832583,0.002296910079525789,0.006139740231376846,0.025795221879407255,-0.01965610294001144
70.28097382024346,0.0022818435207665163,0.006960868152017637,0.025527238129427192,-0.019217962411557682
70.32891445722862,0.002275209690646594,0.007782944738423642,0.025257058472155515,-0.0187889832757709
70.37685509421378,0.002277229918448231,0.00860569743907507,0.02498490870271447,-0.01836990356076873
70.42479573119894,0.002288125533453645,0.009428853702452132,0.0247110146162262,-0.017961461294668732
70.4727363681841,0.0023081178649450524,0.010252140977035043,0.02443560200781293,-0.017564394505588526
70.52067700516926,0.002337428242204666,0.011075286711304005,0.024158896672596894,-0.017179441221645705
70.56861764215442,0.002376277994514703,0.011898018353739243,0.023881124405700234,-0.016807339470957833
70.61655827913958,0.002424888451157377,0.012720063352820936,0.023602511002245204,-0.01644882728164257
70.66449891612473,0.0024834809414148824,0.01354114915702908,0.02332328225735407,-0.016104642681817577
70.71243955310989,0.0025522767945694727,0.014361003214844362,0.023043663966148868,-0.015775523699600252
70.76038019009506,0.0026314973399033667,0.015179352974746992,0.02276388192375181,-0.015462208363108215
70.80832082708021,0.0027213639066987092,0.015995925885216436,0.022484161925285344,-0.015165434700459321
70.85626146406537,0.0028193137971461745,0.016802802440480685,0.022208229661457315,-0.014887872007972924
70.90420210105053,0.0029074102661579082,0.017550336148879582,0.021958843385357748,-0.014642348560446763
70.95214273803569,0.002982791178829223,0.01823109894217269,0.021739332838237632,-0.014430415262025669
71.00008337502085,0.003045918541777928,0.018846855694867597,0.02154881216218925,-0.014251254050410249
71.04802401200601,0.0030972543616218343,0.019399371281471883,0.021386395499304874,-0.014104046863301115
71.09596464899117,0.003137260644978751,0.01989041057649314,0.021251196991676786,-0.013987975638398877
71.14390528597633,0.003166399398466488,0.020321738454438944,0.021142330781397264,-0.013902222313404143
71.19184592296149,0.0031851326287028565,0.020695119789816894,0.021058911010558585,-0.013845968826017529
71.23978655994665,0.0031939223423056657,0.021012319457134575,0.02100005182125303,-0.013818397113939639
71.2877271969318,0.003193230545892727,0.0212751023308995,0.020964867355572882,-0.01381868911487108
71.33566783391697,0.003183519246081845,0.021485233285619458,0.020952471755610397,-0.013846026766512478
71.38360847090213,0.0031652504494908366,0.02164447719580184,0.020961979163457878,-0.013899592006564427
71.43154910788728,0.0031388861627375175,0.021754598935954265,0.020992503721207582,-0.013978566772727515
71.47948974487245,0.003104888392439671,0.021817363380584407,0.021043159570951826,-0.014082133002702434
71.5274303818576,0.0030637191452151467,0.021834535404199763,0.021113060854782824,-0.014209472634189672
71.57537101884276,0.003015840427681723,0.021807879881307966,0.02120132171479291,-0.01435976760488994
71.62331165582792,0.002961714246457219,0.02173916168641659,0.02130705629307435,-0.014532199852503817
71.67125229281308,0.0029018026081594457,0.021630145694033216,0.021429378731719417,-0.014725951314731908
71.71919292979824,0.0028365675194062137,0.02148259677866543,0.02156740317282039,-0.014940203929274828
71.7671335667834,0.0027664709868153313,0.02129827981482082,0.021720243758469544,-0.015174139633833187
71.81507420376856,0.00269197501700461,0.021078959677006986,0.021887014630759163,-0.01542694036610759
71.86301484075372,0.002613541616591859,0.020826401239731493,0.02206682993178152,-0.01569778806379865
71.91095547773887,0.002531632792194913,0.02054236937750202,0.02225880380362884,-0.015985864664606893
71.95889611472404,0.002446710550431507,0.020228628964825898,0.022462050388393575,-0.01629035210623319
72.00683675170919,0.0023592368979195545,0.019886944876211083,0.022675683828167762,-0.016610432326377787
72.05477738869435,0.0022696738412767855,0.019519081986164855,0.022898818265043867,-0.016945287262741575
72.10271802567952,0.0021784833871210108,0.019126805169194794,0.023130567841114173,-0.01729409885302518
72.15065866266467,0.00208612754207012,0.01871187929980885,0.02337004669847075,-0.017656049034928886
72.19859929964983,0.0019930683127418413,0.01827606925251422,0.023616368979206083,-0.018030319746153628
72.24653993663499,0.0018997677057540148,0.017821139901818647,0.02386864882541239,-0.01841609292439991
72.29448057362015,0.001806687727724447,0.017348856122229698,0.02412600037918194,-0.01881255050736834
72.34242121060531,0.0017142903852709508,0.01686098278825495,0.024387537782607015,-0.01921887443275953
72.39036184759047,0.001623037685011334,0.016359284774402013,0.024652375177779892,-0.019634246638274087
72.43830248457563,0.0015333916335634077,0.015845526955178466,0.024919626706792854,-0.02005784906161262
72.48624312156079,0.001445814237544982,0.015321474205091886,0.02518840651173817,-0.020488863640475745
72.53418375854595,0.0013607675035738663,0.014788891398649858,0.025457828734708126,-0.020926472312564066
72.58212439553111,0.0012787134382678707,0.014249543410359979,0.025727007517794998,-0.021369857015578204
72.63006503251626,0.0012001140482448278,0.01370519511473,0.025995057003090988,-0.021818199687218615
72.67800566950143,0.001125431340122481,0.013157611386267018,0.026261091332688606,-0.022270682265186328
72.72594630648659,0.0010551273205187048,0.012608557099479077,0.026524224648679894,-0.022726486687181545
72.77388694347174,0.0009896639960513109,0.012059797128873818,0.026783571093157137,-0.02318479489090488
72.82182758045691,0.000929503373338047,0.011513096348958293,0.027038244808212843,-0.023644788814057342
72.86976821744206,0.0008751074589967971,0.01097021963424076,0.027287359935938983,-0.024105650394338998
72.91770885442722,0.0008269382596453228,0.010432931859228313,0.027530030618428063,-0.024566561569450876
72.96564949141238,0.0007854577819014453,0.009902997898428703,0.027765370997772286,-0.02502670427709345
73.01359012839754,0.0007511280323829811,0.00938218262634951,0.02799249521606393,-0.02548526045496731
73.0615307653827,0.0007244110177077332,0.008872250917498332,0.028210517415395278,-0.02594141204077309
73.10947140236786,0.0007057687444935205,0.00837496764638275,0.028418551737858594,-0.02639434097221138
73.15741203935302,0.0006956632193581436,0.007892097687510341,0.028615712325546175,-0.026843229186982807
73.20535267633818,0.000694556448919418,0.007425405915388698,0.028801113320550284,-0.02728725862278798
73.25329331332333,0.0007029104397951484,0.00697665720452556,0.02897386886496316,-0.02772561121732736
73.3012339503085,0.0007211871986031572,0.0065476164294280825,0.02913309310087723,-0.028157468908301966
73.34917458729365,0.0007498487319612312,0.006140048464604364,0.029277900170384574,-0.02858201363341189
73.3971152242788,0.0007893570464872022,0.0057557181845616645,0.029407404215577613,-0.028998427330358123
73.44505586126398,0.0008401741487988907,0.005396390463807549,0.02952071937854861,-0.02940589193684126
73.49299649824913,0.000902762045514054,0.005063830176849915,0.02961695980138975,-0.029803589390561568
73.54093713523429,0.0009775827432505534,0.00475980219819605,0.029695239626193404,-0.030190701629219996
73.58887777221945,0.0010650982486261834,0.0044860714023536585,0.02975467299505182,-0.03056641059051706
73.63681840920461,0.0011657705682587543,0.004244402663830298,0.029794374050057276,-0.030929898212153334
73.68475904618977,0.0012800617087660752,0.004036560857133574,0.02981345693330205,-0.03128034643182946
73.73269968317493,0.0014084336767659538,0.0038643108567710735,0.02981103578687842,-0.03161693718724604
73.78064032016009,0.0015513484788762036,0.003729417537250368,0.029786224752878662,-0.03193885241610368
73.82858095714525,0.001709268121714633,0.00363364577307905,0.029738137973395064,-0.03224527405610299
73.87652159413041,0.0018826546118990532,0.0035787604387647054,0.02966588959051989,-0.03253538404494459
73.92446223111557,0.0020719699560472716,0.0035665264088149407,0.029568593746345434,-0.03280836432032907
73.97240286810072,0.002277676160777037,0.003598708557737293,0.02944536458296399,-0.03306339681995698
74.02034350508589,0.002500235232706349,0.0036770717600393965,0.02929531624246775,-0.03329966348152915
74.06828414207105,0.002740109178452829,0.003803380890228844,0.02911756286694908,-0.03351634624274597
74.1162247790562,0.0029977600046342664,0.003979400822813117,0.028911218598500314,-0.03371262704130807
74.16416541604137,0.0032736497178687115,0.004206896432300003,0.02867539757921351,-0.033887687814916224
74.21210605302652,0.00356824032477365,0.004487632593196816,0.02840921395118124,-0.034040710501270825
74.26004669001168,0.0038819938319671413,0.004823374180011386,0.028111781856495547,-0.03417087703807263
74.30798732699684,0.004215372246066914,0.005215886067251194,0.02778221543724879,-0.034277369363022225
74.355927963982,0.004568837573690773,0.005666933129423846,0.027419628835533255,-0.03435936941382019
74.40386860096716,0.004942851821456533,0.006178280241036921,0.02702313619344121,-0.034416059128167156
74.45180923795232,0.005337876995982003,0.006751692276598012,0.026591851653064935,-0.034446620443763724
74.49974987493748,0.005754375103884991,0.007388934110614698,0.026124889356496712,-0.034450235298310504
74.54769051192264,0.006192808151783311,0.008091770617594585,0.025621363445828816,-0.0344260856295081
74.59563114890778,0.006653638146294628,0.00886196667204496,0.025080388063153696,-0.03437335337505716
74.64357178589296,0.007137327094037178,0.009701287148474222,0.024501077350563127,-0.034291220472658215
74.69151242287812,0.007644337001628343,0.010611496921389157,0.023882545450149888,-0.03417886886001195
74.73945305986327,0.00817512987568592,0.011594360865297346,0.023223906504006287,-0.03403548047481899
74.78739369684844,0.008730167722828197,0.01265164385470724,0.022524274654224012,-0.0338602372547798
74.83533433383359,0.009309912549672329,0.013785110764125169,0.02178276404289616,-0.03365232113759522
74.88327497081875,0.009914826362836625,0.01499652646805974,0.020998488812114365,-0.03341091406096568
74.9312156078039,0.010545371168938732,0.01628765584101817,0.020170563103971133,-0.03313519796259184
74.97915624478907,0.011202008974596459,0.017660263757508066,0.019298101060558726,-0.03282435478017431
75.02709688177423,0.01187267949648913,0.01909074165699486,0.018396487957582055,-0.03248015248379142
75.07503751875939,0.01249963822369433,0.020462230443403458,0.017540721831035395,-0.03211450268440245
75.12297815574455,0.0130765436290959,0.021761090800285713,0.01673935458980144,-0.031729674491468234
75.17091879272971,0.013604483541747496,0.022988684580487417,0.015991304068180702,-0.03132645746758406
75.21885942971487,0.014084545790702799,0.024146373636854374,0.01529548810047372,-0.03090564117534521
75.26680006670003,0.014517818205015468,0.025235519822232374,0.014650824520981013,-0.03046801517734698
75.31474070368517,0.014905388613739074,0.02625748498946693,0.01405623116400327,-0.030014369036184783
75.36268134067035,0.015248344845927596,0.02721363099140471,0.01351062586384051,-0.029545492314453498
75.41062197765551,0.015547774730634394,0.028105319680890636,0.013012926454793766,-0.029062174574748814
75.45856261464066,0.015804766096913163,0.02893391291077056,0.012562050771163517,-0.028565205379666038
75.50650325162582,0.01602040677381773,0.029700772533890762,0.012156916647250021,-0.028055374291800154
75.55444388861098,0.016195784590401677,0.030407260403096797,0.011796441917353944,-0.0275334708737466
75.60238452559614,0.01633198737571867,0.031054738371234458,0.011479544415775807,-0.027000284688100656
75.6503251625813,0.01643010295882239,0.03164456829114953,0.011205141976816137,-0.026456605297457605
75.69826579956646,0.016491219168766502,0.03217811201568782,0.010972152434775456,-0.02590322226441274
75.74620643655162,0.016516423834604665,0.03265673139769514,0.010779493623954287,-0.025340925151561337
75.79414707353678,0.01650680478539055,0.033081788290017254,0.010626083378653159,-0.02477050352149869
75.84208771052194,0.016463449850177843,0.03345464454549998,0.01051083953317259,-0.02419274693682008
75.8900283475071,0.01638744685802019,0.03377666201698911,0.010432679921813109,-0.023608444960120795
75.93796898449224,0.016279883637971306,0.03404920255733037,0.010390522378875243,-0.023018387153996293
75.98590962147742,0.016141848019084748,0.03427362801936977,0.010383284738659494,-0.02242336308104133
76.03385025846258,0.015974427830414303,0.03445130025595289,0.01040988483546641,-0.02182416230385173
76.08179089544772,0.015778710901013654,0.03458358111992558,0.010469240503596489,-0.02122157438502277
76.1297315324329,0.01555578505993629,0.03467183246413371,0.010560269577350317,-0.020616388887149204
76.17767216941805,0.015306738136236137,0.034717416141422985,0.010681889891028312,-0.020009395372827032
76.2256128064032,0.01503265795896666,0.03472169400463927,0.010833019278931086,-0.019401383404650998
76.27355344338838,0.014734632357181511,0.03468602790662831,0.011012575575359198,-0.0187931425452164
76.32149408037353,0.014413749159934618,0.034611779700235955,0.011219476614612998,-0.018185462357119046
76.36943471735869,0.014071096196279387,0.03450031123830797,0.011452640230993186,-0.017579132402953692
76.41737535434385,0.013707761295269575,0.03435298437369014,0.011710984258800218,-0.0169749422453158
76.465315991329,0.013324832285958852,0.034171160959228265,0.011993426532334622,-0.016373681446800653
76.51325662831417,0.012923396997400888,0.03395620284776817,0.012298884885896928,-0.015776139570003546
76.56119726529931,0.01250454325864947,0.033709471892155694,0.012626277153787557,-0.01518310617751993
76.60913790228449,0.012069358898757893,0.03343232994523643,0.012974521170307327,-0.014595370831944569
76.65707853926965,0.011618931746780217,0.03312613885985639,0.013342534769756463,-0.014013723095873273
76.7050191762548,0.011154349631770095,0.0327922604888614,0.013729235786435486,-0.01343895253190132
76.75295981323997,0.010676700382780797,0.03243205668509695,0.014133542054645253,-0.012871848702623489
76.80090045022511,0.010187071828866561,0.03204688930140926,0.014554371408685821,-0.012313201170635737
76.84884108721027,0.009686551799080616,0.03163812019064381,0.014990641682858068,-0.011763799498532852
76.89678172419544,0.00917622812247678,0.03120711120564649,0.01544127071146241,-0.011224433248910282
76.9447223611806,0.008657188628108718,0.03075522419926309,0.015905176328799363,-0.010695891984363314
76.99266299816576,0.0081305211450301,0.030283821024339436,0.016381276369169466,-0.010178965267487234
77.04060363515092,0.007597313502294582,0.02979426353372129,0.016868488666873224,-0.009674442660877325
77.08854427213608,0.007058653528955863,0.029287913580254468,0.017365731056211163,-0.009183113727128876
77.13648490912124,0.006515629054067586,0.028766133016784767,0.017871921371483815,-0.008705768028837171
77.1844255461064,0.005969327906683426,0.028230283696157994,0.0183859774469917,-0.008243195128597497
77.23236618309156,0.005420837915857048,0.027681727471219914,0.01890681711703534,-0.007796184589005136
77.2803068200767,0.0048712469106423,0.02712182619481652,0.01943335821591511,-0.007365525972655497
77.32824745706188,0.004321642720092354,0.02655194171979311,0.019964518577931988,-0.006952008842143498
77.37618809404704,0.0037731131732613443,0.025973435898995936,0.020499216037386046,-0.00655642276006479
77.42412873103218,0.0032267460992029748,0.025387670585270847,0.021036368428577805,-0.006179557289014653
77.47206936801736,0.002683629326970402,0.024796007631463127,0.021574893585808247,-0.005822201991588033
77.5200100050025,0.002144850685617955,0.02419980889041924,0.02211370934337728,-0.005485146430380653
77.56795064198766,0.0016114980041988178,0.023600436214984463,0.022651733535585895,-0.005169180167987477
77.61589127897284,0.0010846591117666601,0.022999251458004577,0.023187883996734625,-0.004875092767003817
77.66383191595799,0.0005654218373756167,0.02239761647232595,0.0237210785611235,-0.004603673790025206
77.71177255294315,5.487401007889248e-5,0.02179689311079383,0.024250235063053543,-0.00435571279964668
77.7597131899283,-0.0004458965410696833,0.02119844322625415,0.02477427133682511,-0.0041319993584636085
77.80765382691347,-0.0009358019870164547,0.020603628671552784,0.025292105216738713,-0.003933323029071279
77.85559446389863,-0.001413754498707745,0.02001381129953546,0.025802654537094877,-0.003760473374064972
77.90353510088377,-0.0018786662470897525,0.01943035296304818,0.026304837132194003,-0.003614239956040011
77.95147573786895,-0.002329449403109196,0.01885461551493625,0.02679757083633702,-0.0034954123375915726
77.9994163748541,-0.0027650161377120383,0.0182879608080459,0.02727977348382405,-0.0034047800813150507
78.04735701183925,-0.0031842786218445954,0.017731750695222995,0.027750362908955613,-0.003343132749805712
78.09529764882443,-0.003586149026453586,0.017187347029312808,0.028208256946032635,-0.0033112599056587914
78.14323828580957,-0.003969539522484834,0.016656111663161804,0.028652373429355095,-0.0033099511114696245
78.19117892279473,-0.004333362280885038,0.016139406449615284,0.029081630193223934,-0.0033399959298334725
78.2391195597799,-0.004676529472600423,0.015638593241519172,0.02949494507193954,-0.003402183923345627
78.28706019676505,-0.004997953268577313,0.01515503389171935,0.029891235899802415,-0.0034973046546013754
78.33500083375021,-0.005296545839762017,0.014690090253061547,0.0302694205111131,-0.0036261476861960025
78.38294147073537,-0.0055712193571009,0.01424512417839155,0.030628416740172137,-0.0037895025807247965
78.43088210772054,-0.0058208859915402575,0.013821497520555226,0.030967142421280014,-0.003988158900783038
78.4788227447057,-0.006044457914026476,0.013420572132398306,0.03128451538873729,-0.004222906208966012
78.52676338169086,-0.006240847295505808,0.013043709866766617,0.03157945347684446,-0.004494534067869009
78.57470401867602,-0.006408966306924682,0.012692272576505959,0.03185087451990207,-0.004803832040087309
78.62264465566118,-0.006547727119229338,0.012367622114462073,0.03209769635221062,-0.005151589688216201
78.67058529264634,-0.006656041903366161,0.012071120333480845,0.03231883680807063,-0.0055385965748509704
78.7185259296315,-0.006732822830281454,0.011804129086408002,0.032513213721782674,-0.005965642262586901
78.76646656661664,-0.006776982070921561,0.011568010226089456,0.03267974492764718,-0.0064335163140191364
78.81440720360182,-0.006787431796232826,0.011364125605370728,0.03281734825996484,-0.006943008291743394
78.86234784058696,-0.0067630841771615935,0.011193837077097951,0.032924941553036005,-0.007494907758354352
78.91028847757212,-0.0067028513846541515,0.011058506494116715,0.03300144264116128,-0.00809000427644777
78.95822911455728,-0.006605645589656831,0.010959495709272876,0.03304576935864119,-0.00872908740861878
79.00616975154244,-0.006470378963116016,0.010898166575412205,0.03305683953977624,-0.009412946717462666
79.0541103885276,-0.00629596367597797,0.010875880945380556,0.033033571018866975,-0.010142371765574709
79.10205102551276,-0.006081311899189076,0.010894000672023701,0.03297488163021388,-0.010918152115550195
79.14999166249792,-0.005825335803695639,0.010953887608187385,0.0328796892081175,-0.011741077329984412
79.19793229948309,-0.005535972780518723,0.011052555885984628,0.032751900413479265,-0.012583973353884215
79.24587293646823,-0.005243548098011728,0.01117546796461898,0.0326081902211788,-0.01335265766675845
79.2938135734534,-0.004950762057531723,0.011320509445065095,0.03245041699709239,-0.014041260881882144
79.34175421043857,-0.004657772912523209,0.011486756525756254,0.03227905137344069,-0.014651894360727995
79.38969484742371,-0.004364738916430421,0.011673285405125836,0.03209456398244425,-0.015186669464769414
79.43763548440889,-0.004071818322697341,0.01187917228160742,0.03189742545632341,-0.015647697555480185
79.48557612139403,-0.003779169384768552,0.012103493353634162,0.03168810642729893,-0.016037089994333106
79.53351675837919,-0.0034869503560880323,0.012345324819639649,0.03146707752759116,-0.016356958142801893
79.58145739536437,-0.003195319490100023,0.012603742878057305,0.031234809389420606,-0.016609413362359826
79.62939803234951,-0.00290443504024902,0.012877823727320284,0.030991772645008006,-0.016796567014480054
79.67733866933467,-0.0026144552599790035,0.013166643565862229,0.030738437926573672,-0.016920530460636116
79.72527930631983,-0.0023255384027342976,0.013469278592116461,0.030475275866338206,-0.016983415062301284
79.773219943305,-0.002037842721959142,0.013784805004516378,0.030202757096522117,-0.0169873321809489
79.82116058029015,-0.0017515264710977752,0.01411229900149538,0.02992135224934594,-0.01693439317805231
79.86910121727531,-0.001466747903594435,0.01445083678148687,0.0296315319570302,-0.016826709415084858
79.91704185426048,-0.0011836652728933607,0.014799494542924247,0.029333766851795416,-0.01666639225351988
79.96498249124564,-0.0009024368324387895,0.015157348484240912,0.029028527565862113,-0.016455553054830725
80.0129231282308,-0.0006232208356749619,0.015523474803870261,0.028716284731450815,-0.01619630318049073
80.06086376521596,-0.0003461755360461158,0.015896949700245702,0.028397508980782044,-0.015890753991973237
80.1088044022011,-7.145918699657089e-5,0.016276849371800517,0.028072670946076423,-0.015541016850751694
80.15674503918626,0.0002007699580295975,0.01666225001696833,0.027742241259554292,-0.015149203118299245
80.20468567617142,0.00047035364558806983,0.017052227834182428,0.027406690553436253,-0.014717424156089325
80.25262631315658,0.0007371336222346055,0.01744585902187622,0.027066489459942847,-0.014247791325595272
80.30056695014174,0.0010009516345249668,0.0178422197784831,0.026722108611294586,-0.01374241598829043
80.3485075871269,0.0012616494290149155,0.01824038630243647,0.026374018639712,-0.013203409505648148
80.39644822411206,0.0015190687522602126,0.01863943479216973,0.02602269017741561,-0.012632883239141756
80.44438886109722,0.0017730513508166198,0.01903844144611628,0.025668593856625944,-0.012032948550244615
80.49232949808238,0.002023438971239898,0.01943648246270952,0.02531220030956352,-0.011405716800430041
80.54027013506754,0.0022700733600858098,0.019832634040382848,0.024953980168448867,-0.010753299351171395
80.58821077205269,0.002512796263910044,0.020225972377569554,0.024594404065502617,-0.01007780756394222
80.63615140903786,0.0027514494292685764,0.020615573672703384,0.024233942632944965,-0.009381352800215237
80.68409204602303,0.002985874602716955,0.021000514124217384,0.023873066502996764,-0.008666046421464405
80.73203268300817,0.0032159135308109455,0.02137986993054497,0.023512246307878536,-0.007933999789163086
80.77997331999335,0.00344140796010651,0.021752717290119867,0.023151952679810482,-0.0071873242647839675
80.82791395697849,0.003662199637159143,0.022118132401375036,0.02279265625101356,-0.00642813120980127
80.87585459396365,0.0038781303085248047,0.02247519146274421,0.022434827653707964,-0.005658531985687651
80.92379523094883,0.004089041720759253,0.02282297067266078,0.022078937520114222,-0.004880637953916474
80.97173586793397,0.004294775620418063,0.023160546229557835,0.02172545648245318,-0.004096560475961755
81.01967650491913,0.004495173754057181,0.02348699433186909,0.021374855172945042,-0.003308410913296145
81.0676171419043,0.004690077868232308,0.023801391178027834,0.021027604223810434,-0.002518300627393208
81.11555777888945,0.004879329709499206,0.024102812966467477,0.020684174267269886,-0.0017283409797263158
81.16349841587461,0.005062771024413634,0.02439033589562141,0.020345035935543918,-0.000940643331768784
81.21143905285977,0.005240243559531355,0.024663036163923038,0.020010659860853056,-0.000157319044993956
81.25937968984493,0.00541158906140813,0.024919989969805764,0.019681516675417822,0.000619520519124811
81.3073203268301,0.005576649276599722,0.025160273511702982,0.019358077011458745,0.0013877639991141805
81.35526096381524,0.005735265951661842,0.02538296298804803,0.019040811501196433,0.002145300033500594
81.40320160080041,0.005887280833150394,0.025587134597274505,0.01873019077685114,0.002890017260811381
81.45114223778556,0.006032535667620957,0.025771864537815554,0.018426685470643755,0.0036198043195723104
81.49908287477072,0.006170872201629425,0.025936229008104765,0.018130766214794522,0.0043325498483106975
81.5470235117559,0.006302132181731554,0.026079304206575504,0.017842903641523987,0.005026142485553171
81.59496414874104,0.006426157354482991,0.026200166331661064,0.017563568383052914,0.005698470869825806
81.6429047857262,0.006542789466439611,0.026297891581794963,0.017293231071601575,0.006347423639655854
81.69084542271136,0.006651870264157138,0.02637155615541056,0.017032362339390584,0.006970889433569764
81.73878605969652,0.006753241494191335,0.02642023625094125,0.01678143281864046,0.0075667568900942075
81.78672669668168,0.006846744903097959,0.026443008066820442,0.016540913141571734,0.008132914647755847
81.83466733366684,0.006932222237432775,0.02643894780148153,0.01631127394040492,0.008667251345081319
81.882607970652,0.007009515243751544,0.026407131653357917,0.016092985847360554,0.0091676556205973
81.93054860763716,0.007078465668610027,0.026346635820883,0.01588651949465915,0.009632016112830426
81.97848924462232,0.007138915258563984,0.026256536502490182,0.01569234551452123,0.01005822146030741
82.02642988160748,0.007190705760169178,0.026135909896612866,0.015510934539167328,0.010444160301554845
82.07437051859263,0.007233678919981358,0.025983832201684497,0.015342757200818014,0.01078772127509929
82.1223111555778,0.007267676484556321,0.02579937961613833,0.01518828413169366,0.011086793019467758
82.17025179256295,0.007292540200449788,0.025581628338407977,0.015047985964014982,0.011339264173186508
82.21819242954811,0.007308111814217545,0.025329654566926676,0.014922333330002367,0.011543023374782427
82.26613306653329,0.007314233072415348,0.025042534500127778,0.014811796861876359,0.011695959262782149
82.31407370351843,0.007310745721598954,0.02471934433644496,0.014716847191857564,0.011795960475712242
82.36201434050359,0.007297491508324126,0.024359160274311356,0.014637954952166422,0.011840915652099465
82.40995497748875,0.007274312179146629,0.023961058512160453,0.014575590775023486,0.0118287134304704
82.45789561447391,0.007241049480622219,0.02352411524842565,0.014530225292649279,0.011757242449351737
82.50583625145907,0.007197545159306661,0.02304740668154035,0.014502329137264324,0.011624391347270141
82.55377688844422,0.007143640961755732,0.022530009009938116,0.014492372941089147,0.01142804876275233
82.6017175254294,0.007079178634525143,0.021970998432051858,0.014500827336344273,0.011166103334324731
82.64965816241455,0.007003999924170706,0.021369451146315464,0.014528162955250222,0.010836443700514273
82.6975987993997,0.006917946577248193,0.020724443351162372,0.014574850430027505,0.01043695849984759
82.74553943638487,0.006820860340313284,0.02003505124502539,0.014641360392896693,0.009965536370851028
82.79348007337002,0.006712582959921854,0.01930035102633873,0.014728163476078235,0.009420065952051748
82.84142071035518,0.006592956182629577,0.018519418893535165,0.014835730311792717,0.008798435881976013
82.88936134734035,0.0064618217549922,0.017691331045048053,0.014964531532260688,0.008098534799150334
82.9373019843255,0.006319021423565607,0.01681516367931155,0.015115037769702546,0.007318251342102108
82.98524262131066,0.006164396934905435,0.0158899929947583,0.015287719656338936,0.006455474149357279
83.03318325829582,0.005997790035567498,0.01491489518982195,0.015483047824390347,0.00550809185944276
83.08112389528098,0.005819042472107539,0.01388894646293591,0.015701492906077297,0.004473993110885172
83.12906453226614,0.005627995991081335,0.012811223012533577,0.01594352553362031,0.003351066542211234
83.1770051692513,0.005424492339044641,0.01168080103704835,0.01620961633923992,0.0021372007919475133
83.22494580623646,0.005208373262553221,0.010496756734913626,0.016500235955156633,0.0008302844986207564
83.27288644322162,0.0049794805081628275,0.009258166304562807,0.01681585501359099,-0.0005717936992424288
83.32082708020678,0.004737655822429238,0.007964105944429298,0.017156944146763504,-0.002071145163115365
83.36876771719194,0.004486892700272598,0.006652947288397007,0.017514234932694488,-0.0036130251982580386
83.41670835417709,0.004237718008547154,0.005423000552738566,0.01786325136270164,-0.0050554068820580595
83.46464899116226,0.003990794478594125,0.004277389099844995,0.018202770071077092,-0.006393451664522937
83.51258962814741,0.0037462711543632776,0.003214331633132612,0.018532775345296133,-0.007629404931084737
83.56053026513257,0.003504297079803866,0.002232046856015397,0.018853251472834735,-0.008765512067178252
83.60847090211773,0.003265021298865438,0.001328753471908634,0.019164182741168493,-0.009804018458236755
83.65641153910289,0.003028592855497466,0.0005026701842272838,0.019465553437773085,-0.010747169489693897
83.70435217608805,0.0027951607936494245,-0.00024798430361369595,0.019757347850124195,-0.01159721054698333
83.75229281307321,0.002564874157270787,-0.0009249912881993433,0.020039550265697512,-0.012356387015538704
83.80023345005837,0.002337881990311027,-0.0015301320661147036,0.020312144971968715,-0.013026944280793675
83.84817408704353,0.0021143333367196187,-0.0020651879339448143,0.020575116256413492,-0.013611127728181896
83.89611472402869,0.001894377240446035,-0.002531940188274716,0.02082844840650753,-0.014111182743137008
83.94405536101385,0.0016781627454397505,-0.0029321701256894515,0.021072125709726504,-0.014529354711092677
83.99199599799901,0.0014658388956502381,-0.0032676590427740647,0.021306132453546102,-0.014867889017482545
84.03993663498416,0.0012575547350270335,-0.003540188236113519,0.021530452925441947,-0.015129031047740202
84.08787727196933,0.0010534593075194256,-0.00375153900229307,0.021745071412889914,-0.015315026187299496
84.13581790895448,0.0008537016570771314,-0.0039034926378975123,0.02194997220336544,-0.015428119821593858
84.18375854593964,0.0006584308276494445,-0.003997830439512047,0.02214513958434439,-0.015470557336057077
84.23169918292481,0.0004677958631858427,-0.00403633370372166,0.02233055784330244,-0.01544458411612273
84.27963981990996,0.000281945807635967,-0.004020783727111385,0.022506211267715116,-0.01535244554722454
84.32758045689512,0.0001010297049491238,-0.003952961806266277,0.022672084145058256,-0.015196387014796094
84.37552109388028,-7.480340092515746e-5,-0.0038346492377713676,0.0228281607628075,-0.01497865390427107
84.42346173086544,-0.00024540446603740307,-0.0036676273182116997,0.022974425408438526,-0.014701491601083111
84.4714023678506,-0.00041062444643813934,-0.003453677344172318,0.023110862369427023,-0.014367145490665863
84.51934300483576,-0.0005703142981778925,-0.003194580612238252,0.02323745593324867,-0.013977860958453003
84.56728364182092,-0.0007243249773071891,-0.002892118418994557,0.023354190387379157,-0.013535883389878156
84.61522427880608,-0.0008725074398765551,-0.002548072061026259,0.023461050019294168,-0.013043458170374986
84.66316491579124,-0.0010147126419365168,-0.0021642228349184126,0.02355801911646938,-0.012502830685377143
84.7111055527764,-0.0011507915395376008,-0.0017423520372560584,0.02364508196638048,-0.011916246320318284
84.75904618976155,-0.0012805950887302953,-0.001284240964624369,0.02372222285650314,-0.01128595046063225
84.80698682674671,-0.0014039742455652043,-0.0007916709136081071,0.02378942607431308,-0.010614188491752302
84.85492746373188,-0.0015207799660928484,-0.0002664231807923065,0.023846675907285973,-0.009903205799112094
84.90286810071703,-0.001630863206363653,0.00028972093723752396,0.023893956642897465,-0.0091552477681459
84.95080873770219,-0.0017340749224282444,0.0008749801438968363,0.02393125256862329,-0.00837255978428672
84.99874937468735,-0.0018302660703371164,0.0014875731426004027,0.023958547971939106,-0.007557387232968442
85.04669001167251,-0.0019192876061407942,0.0021257186367632103,0.023975827140320604,-0.006711975499624684
85.09463064865767,-0.0020009904858898048,0.002787635329800184,0.023983074361243466,-0.00583856996968915
85.14257128564283,-0.002075225665634674,0.0034715419251263174,0.023980273922183375,-0.0049394160285954405
85.19051192262799,-0.0021418441014259292,0.004175657126156557,0.023967410110616018,-0.004016759061777238
85.23845255961315,-0.0022006967493140963,0.004898199636305847,0.023944467214017075,-0.0030728444546681694
85.28639319659831,-0.0022516345653497004,0.005637388158989176,0.02391142951986224,-0.002109917592701918
85.33433383358347,-0.0022945085055832686,0.006391441397621489,0.02386828131562719,-0.0011302238613121185
85.38227447056862,-0.0023291695260653188,0.007158578055617502,0.023815006888787627,-0.000136008645932717
85.43021510755379,-0.0023554685828464043,0.00793701683639287,0.023751590526819175,0.0008704826680035194
85.47815574453894,-0.002373256631977019,0.008724976443361634,0.023678016517197614,0.001887004695061742
85.5260963815241,-0.0023823846295077094,0.00952067557993947,0.023594269147398553,0.0029113120498092254
85.57403701850927,-0.002382703531488996,0.010322332949541303,0.023500332704897667,0.003941159346812287
85.62197765549442,-0.0023740642939714058,0.011128167255581398,0.023396191477170737,0.004974301200636383
85.66991829247958,-0.0023563178730054623,0.011936397201475449,0.023281829751693343,0.006008492225848747
85.71785892946474,-0.0023293152246416943,0.012745241490638118,0.02315723181594122,0.007041487037015459
85.7657995664499,-0.0022929073049306288,0.013552918826484434,0.023022381957390037,0.008071040248702852
85.81374020343506,-0.0022469450699227874,0.014357647912429314,0.022877264463515477,0.009094906475477268
85.86168084042022,-0.002191279475668703,0.015157647451887718,0.022721863621793244,0.010110840331905069
85.90962147740538,-0.0021257614782188945,0.015951136148274633,0.022556163719699002,0.011116596432552597
85.95756211439054,-0.002050242033623897,0.016736332705004964,0.022380149044708437,0.012109929391986171
86.00550275137569,-0.0019645720979342557,0.017511455825493516,0.0221938038842973,0.013088593824771913
86.05344338836086,-0.0018686026272004205,0.018274724213155874,0.0219971125259411,0.014050344345477
86.10138402534601,-0.0017621845774730294,0.019024356571406123,0.02179005925711575,0.01499293556866664
86.14932466233117,-0.00164516890480252,0.01975857160365986,0.02157262836529677,0.015914122108907997
86.19726529931634,-0.001517406565239408,0.020475588013332074,0.02134480413795981,0.016811658580767455
86.24520593630149,-0.001378748514834341,0.021173624503837085,0.021106570862580776,0.017683299598810556
86.29314657328665,-0.0012290457096377268,0.02185089977859045,0.020857912826635155,0.018526799777604408
86.34108721027181,-0.0010681491057001249,0.022505632541006945,0.02059881431759869,0.019339913731715147
86.38902784725697,-0.0008959096590720628,0.023136041494501533,0.020329259622947057,0.02012039607570909
86.43696848424213,-0.0007121783258040772,0.023740345342489158,0.02004923303015595,0.020866001424152555
86.48490912122729,-0.0005168060619466838,0.02431676278838478,0.01975871882670106,0.021574484391611956
86.53284975821245,-0.00030964382355041543,0.02486351253560337,0.019457701300058052,0.022243599592653596
86.58079039519761,-9.054256666579143e-5,0.02537881328755988,0.01914616473770263,0.02287110164184382
86.62873103218277,0.0001406467526566535,0.02586088374766926,0.01882409342711047,0.023454745153749026
86.67667166916793,0.0003840731783664019,0.026307942619346464,0.018491471655757256,0.02399228474293552
86.72461230615308,0.0006398857544128445,0.02671820860600639,0.01814828371111877,0.02448147502396951
86.77255294313825,0.0009082335247456875,0.02708990041106428,0.017794513880670396,0.024920070611417752
86.82049358012341,0.0011892655333141725,0.027421236737934784,0.017430146451888125,0.02530582611984622
86.86843421710856,0.0014831308240677646,0.027710436290032878,0.017055165712247647,0.025636496163821285
86.91637485409373,0.0017899784409561997,0.027955717770773728,0.016669555949224316,0.02590983535790957
86.96431549107888,0.002109957427928591,0.028155299883572085,0.016273301450294264,0.02612359831667707
87.01225612806404,0.0024432168289346932,0.02830740133184305,0.015866386502932834,0.026275539654690386
87.0601967650492,0.00278990568792388,0.028410240819001523,0.015448795394615831,0.02636341398651583
87.10813740203436,0.003150173048845635,0.028462037048462466,0.015020512412818925,0.02638497592671965
87.15607803901952,0.003524167955649419,0.02846100872364085,0.014581521845017806,0.026337980089868235
87.20401867600468,0.003912039452284719,0.028405374547951598,0.014131807978688168,0.02622018109052801
87.25195931298984,0.004313936582700999,0.028293353224809734,0.013671355101305682,0.02602933354326517
87.299899949975,0.004730008390847737,0.028123163457630107,0.013200147500346045,0.02576319206264624
87.34784058696015,0.005160403920674281,0.0278930239498279,0.012718169463285071,0.025419511263237576
87.39578122394532,0.0056052722161304795,0.027601153404817738,0.012225405277598023,0.024996045759605123
87.44372186093047,0.006064762321165297,0.027245770526014942,0.011721839230761165,0.024490550166315933
87.49166249791563,0.006539023279728596,0.026825094016834236,0.011207455610249738,0.02390077909793578
87.5396031349008,0.007008939904395853,0.026354645547353218,0.010700340176450968,0.023257854679361954
87.58754377188595,0.007438747574635441,0.025866643201282756,0.010234098835109912,0.02262372063656822
87.63548440887111,0.007828505764562387,0.025362504812296086,0.009808577411912857,0.02199983710390155
87.68342504585627,0.008179131636693445,0.0248428936465152,0.009422814684925765,0.02138619660448761
87.73136568284143,0.008491542353545503,0.02430847297006198,0.009075849432214459,0.020782791661451878
87.77930631982659,0.008766655077635445,0.023759906049058286,0.00876672043184476,0.020189614797919846
87.82724695681175,0.009005386971480157,0.02319785614962598,0.008494466461882485,0.019606658537016985
87.87518759379691,0.00920865519759653,0.022622986537886938,0.00825812630039346,0.019033915401868783
87.92312823078207,0.009377376918501448,0.02203596047996302,0.008056738725443501,0.01847137791560072
87.97106886776723,0.009512469296711795,0.021437441241976097,0.007889342515098433,0.01791903860133828
88.01900950475239,0.00961484949474446,0.020828092090048028,0.007754976447424074,0.01737688998220694
88.06695014173754,0.009685434675116315,0.020208576290300873,0.00765267930048627,0.016844924581332344
88.11489077872271,0.009725142000344293,0.019579557108855936,0.007581489852350768,0.016323134921839504
88.16283141570787,0.009734888632945232,0.01894169781183564,0.007540446881083464,0.01581151352685437
88.21077205269302,0.009715591735436046,0.018295661665361864,0.007528589164750151,0.01531005291950241
88.25871268967818,0.009668168470333607,0.017642111935556086,0.007544955481416644,0.014818745622908813
88.30665332666334,0.009593536000154806,0.016981711888540363,0.007588584609148774,0.014337584160199212
88.3545939636485,0.00949261148741653,0.016315124790436567,0.007658515326012357,0.013866561054499087
88.40253460063366,0.009366312094635664,0.015643013907366558,0.007753786410073219,0.01340566882893392
88.45047523761882,0.009215554984329096,0.014966042505452202,0.007873436639397175,0.012954900006629194
88.49841587460398,0.009041257319013707,0.014284873850815371,0.008016504792050051,0.012514247110710388
88.54635651158914,0.008844336261206391,0.013600171209577926,0.008182029646097667,0.01208370266430299
88.5942971485743,0.008625708973424032,0.012912597847861735,0.00836904997960584,0.011663259190532474
88.64223778555946,0.008386292618183518,0.01222281703178867,0.008576604570640392,0.011252909212524326
88.6901784225446,0.008127004358001807,0.011531492027480791,0.008803732197267081,0.010852645253404146
88.73811905952978,0.007848761355395558,0.010839286101059359,0.009049471637551926,0.010462459836297065
88.78605969651494,0.007552480772881889,0.01014686251864685,0.009312861669560546,0.010082345484328912
88.83400033350009,0.007239079772977703,0.009454884546365134,0.009592941071358744,0.009712294720625163
88.88194097048526,0.006909475518199605,0.008764015450335462,0.009888748621012597,0.009352300068310972
88.9298816074704,0.006564585171064868,0.008074918496680515,0.010199323096587578,0.009002354050512255
88.97782224445557,0.006205325894090083,0.007388256951521549,0.010523703276149772,0.008662449190354173
89.02576288144073,0.0058326148497922295,0.006704694080980637,0.010860927937764912,0.008332578010962311
89.07370351842589,0.005447369200688203,0.00602489315117964,0.011210035859498821,0.008012733035462155
89.12164415541105,0.0050505061092948784,0.005349517428240429,0.011570065819417318,0.007702906786979186
89.16958479239621,0.004642942738129156,0.004679230178284869,0.011940056595586222,0.007403091788638886
89.21752542938137,0.004225596249707909,0.004014694667434827,0.012319046966071364,0.007113280563566734
89.26546606636653,0.003799383806548033,0.0033565741618121654,0.01270607570893855,0.006833465634888216
89.31340670335169,0.003365222571166414,0.0027055319275387556,0.013100181602253609,0.00656363952572881
89.36134734033685,0.0029240297060799322,0.0020622312307364598,0.013500403424082362,0.006303794759214003
89.409287977322,0.0024767223738056156,0.0014273353375273343,0.013905779952490505,0.006053923858469345
89.45722861430716,0.002024217736860078,0.0008015075140328709,0.0143153499655441,0.005814019346620167
89.50516925129233,0.0015674329577602085,0.00018541102637493947,0.014728152241308976,0.0055840737467919704
89.55310988827748,0.0011072851990232904,-0.00042029085932405053,0.015143225557850587,0.005364079582110425
89.60105052526264,0.0006446916231658238,-0.0010149348769427696,0.015559608693235106,0.005154029375700822
89.6489911622478,0.00018056939270480812,-0.001597857760359176,0.01597634042552825,0.004953915650688702
89.69693179923296,-0.00028416432984285436,-0.0021683962434514053,0.016392459532795833,0.004763730930199557
89.74487243621812,-0.0007485923819602926,-0.0027258870600975855,0.016807004793103673,0.0045834677373588605
89.79281307320328,-0.0012117976011306042,-0.003269666944175852,0.017219014984517597,0.0044131185952920975
89.84075371018844,-0.0016728628248369112,-0.003799072629564338,0.01762752888510341,0.004252676027124747
89.8886943471736,-0.002130870890562322,-0.004313440850141181,0.018031585272926955,0.004102132555982295
89.93663498415876,-0.002584904635789958,-0.0048121083397845085,0.018430222926054042,0.003961480704990215
89.98457562114392,-0.0030340468980029206,-0.00529441183237246,0.018822480622550486,0.0038307129972740064
90.03251625812906,-0.003477380514684207,-0.005759688061783029,0.019207397140482002,0.003709821955959168
90.08045689511424,-0.003913988323317304,-0.00620727376189476,0.019584011257914744,0.0035988001041710807
90.1283975320994,-0.004342953161384958,-0.006636505666585375,0.019951361752914204,0.0034976399650353384
90.17633816908454,-0.00476335786637027,-0.007046720509733027,0.02030848740354621,0.00340633406167741
90.22427880606972,-0.005174285275756724,-0.007437255025216209,0.02065442698787688,0.003324874917222699
90.27221944305487,-0.005574818227026962,-0.007807445946912589,0.020988219283971647,0.0032532550547967887
90.32016008004003,-0.005964039557664426,-0.008156630008700634,0.02130890306989662,0.0031914669975250803
90.36810071702519,-0.006341032105152161,-0.008484143944458372,0.021615517123717523,0.003139503268533097
90.41604135401035,-0.006704878706973234,-0.008789324488063936,0.021907100223500175,0.003097356390946309
90.4639819909955,-0.007054662200610781,-0.00907150837339546,0.022182691147310397,0.0030650188878901946
90.51192262798067,-0.007389465423547889,-0.009330032334331067,0.02244132867321401,0.0030424832824902416
90.55986326496583,-0.0077083712132677215,-0.009564233104748906,0.022682051579276837,0.0030297420978719312
90.60780390195099,-0.008010462407253345,-0.009773447418527103,0.0229038986435647,0.003026787857160755
90.65574453893613,-0.008294821842987812,-0.00995701200954374,0.023105908644143344,0.0030336130834821735
90.70368517592131,-0.008560532357954481,-0.010114263611677105,0.023287120359078803,0.0030502102999616885
90.75162581290645,-0.00880667678963614,-0.010244538958805144,0.023446572566436633,0.0030765720297247605
90.79956644989161,-0.009032337975516141,-0.01034717478480612,0.023583304044282848,0.003112690795896888
90.84750708687679,-0.009236598753077585,-0.010421507823558145,0.023696353570683233,0.0031585591216035727
90.89544772386193,-0.009418541959803392,-0.010466874808939288,0.023784759923703498,0.0032141695299702407
90.9433883608471,-0.009577250433176851,-0.010482612474827752,0.02384756188140958,0.003279514544122418
90.99132899783226,-0.009711807010681042,-0.010468057555101638,0.023883798221867265,0.0033545866871855824
91.03926963481742,-0.00982129452979906,-0.010422546783639084,0.023892507723142373,0.0034393784822851978
91.08721027180258,-0.009904795828014012,-0.01034541689431823,0.023872729163300715,0.0035338824525467626
91.13515090878774,-0.009961393742809029,-0.010236004621017201,0.023823501320408128,0.003638091121095751
91.1830915457729,-0.00999017111166721,-0.010093646697614134,0.023743862972530422,0.0037519970110576548
91.23103218275806,-0.009990210772071677,-0.009917679857987171,0.023632852897733418,0.0038755926455579376
91.27897281974322,-0.00996059556150554,-0.00970744083601443,0.023489509874082937,0.0040088705477220946
91.32691345672838,-0.009900408317451911,-0.009462266365574054,0.023312872679644804,0.0041518232406755964
91.37485409371352,-0.009808731877393943,-0.00918149318054427,0.023101980092484896,0.0043044432475439
91.4227947306987,-0.009684649078814646,-0.008864458014802932,0.02285587089066885,0.004466723091452608
91.47073536768386,-0.009527242759197231,-0.008510497602228446,0.02257358385226267,0.004638655295527067
91.518676004669,-0.009335595756024849,-0.00811894867669899,0.022254157755332238,0.004820232382892753
91.56661664165418,-0.0091087909067804,-0.007689147972092313,0.021896631377943038,0.005011446876675318
91.61455727863932,-0.008845911048947296,-0.007220432222287076,0.021500043498161328,0.005212291299999991
91.66249791562448,-0.00854603902000843,-0.006712138161160997,0.021063432894052617,0.00542275817599247
91.71043855260966,-0.008227552463086865,-0.006188441141015553,0.020604954266182342,0.005632920525217523
91.7583791895948,-0.007916852837267452,-0.005683425367770151,0.02015081553702068,0.00582915246648476
91.80631982657997,-0.007614014075059546,-0.00519701510885172,0.0197012073450105,0.006011634791577967
91.85426046356513,-0.007318936129158734,-0.004728909795181777,0.0192561481762097,0.006180638616186375
91.90220110055029,-0.007031518952260511,-0.004278808857681687,0.01881565651667606,0.006336435055999276
91.95014173753545,-0.006751662497060372,-0.0038464117272728163,0.01837975085246735,0.006479295226705962
91.99808237452059,-0.006479266716253894,-0.0034314178348766483,0.017948449669641476,0.006609490243995685
92.04602301150577,-0.0062142315625363315,-0.0030335266114141866,0.017521771454255826,0.006727291223557849
92.09396364849093,-0.00595645698860342,-0.0026524374878071563,0.01709973469236856,0.006832969281081635
92.14190428547607,-0.005705842947150648,-0.00228784989497691,0.016682357870037447,0.006926795532256345
92.18984492246125,-0.005462289390873292,-0.001939463263844493,0.016269659473319886,0.00700904109277135
92.2377855594464,-0.005225696272467134,-0.0016069770253316843,0.015861657988274148,0.007079977078315842
92.28572619643155,-0.004995963544627458,-0.0012900906103595464,0.015458371900957639,0.007139874604579182
92.33366683341671,-0.00477299116004983,-0.0009885034498495434,0.015059819697428254,0.007189004787250638
92.38160747040187,-0.004556679071429744,-0.0007019149747230415,0.014666019863743768,0.007227638742019501
92.42954810738703,-0.004346927231462698,-0.00043002461590140257,0.014276990885961955,0.007256047584575064
92.4774887443722,-0.004143635592844187,-0.00017253180430599688,0.013892751250140587,0.007274502430606618
92.52542938135736,-0.003946704108269703,7.086402914181734e-5,0.013513319442337444,0.007283274395803455
92.57337001834252,-0.003756032730434745,0.0003004634535206702,0.013138713948610294,0.007282634595854865
92.62131065532768,-0.0035715214120348076,0.0005165670379092,0.012768953255016912,0.007272854146450141
92.66925129231284,-0.003393070105765384,0.0007194753513860403,0.012404055847615074,0.007254204163278575
92.71719192929798,-0.0032205787643220236,0.0009094889630297739,0.01204404021246266,0.007226955762029465
92.76513256628316,-0.003053947340400069,0.0010869084419191976,0.011688924835617126,0.007191380058392077
92.81307320326832,-0.002893075786695165,0.0012520343571327842,0.01133872820313656,0.0071477481680557306
92.86101384025346,-0.0027378640559028045,0.0014051672777491801,0.010993468801078737,0.007096331206709723
92.90895447723864,-0.0025882121007183446,0.0015466077728471493,0.010653165115501123,0.0070374002900432985
92.95689511422378,-0.0024440198738374607,0.0016766564115051636,0.0103178356324619,0.006971226533745816
93.00483575120894,-0.0023051873279555167,0.001795613762801974,0.009987498838018536,0.006898081053506513
93.0527763881941,-0.0021716144157680516,0.0019037803958161792,0.009662173218228907,0.0068182349650147
93.10071702517926,-0.0020432010899705606,0.002001456879626414,0.00934187725915079,0.006731959383959668
93.14865766216442,-0.0019198473032585382,0.0020889437833113093,0.009026629446841954,0.0066395254260307075
93.19659829914958,-0.0018014530083274795,0.0021665416759495074,0.008716448267360177,0.006541204206917111
93.24453893613475,-0.0016879181578728828,0.0022345511266196414,0.00841135220676323,0.00643726684230817
93.2924795731199,-0.0015791427045902407,0.0022932727044003443,0.00811135975110889,0.006327984447893176
93.34042021010505,-0.001475026601175081,0.0023430069783702354,0.00781648938645502,0.006213628139361455
93.38836084709023,-0.0013754698003228061,0.0023840545176079964,0.007526759598859125,0.006094469032402195
93.43630148407539,-0.0012803722547290045,0.0024167158911922205,0.007242188874379246,0.0059707782427047915
93.48424212106053,-0.0011896339170891649,0.002441291668201548,0.006962795699073154,0.005842826885958538
93.5321827580457,-0.001103154740098704,0.002458082417714634,0.006688598558998372,0.005710886077852613
93.58012339503085,-0.0010208346764532233,0.0024673887088100983,0.006419615940213,0.005575226934076465
93.62806403201601,-0.0009425736788481404,0.002469511110566581,0.006155866328774573,0.0054361205703192614
93.67600466900119,-0.0008682716999789545,0.002464750192062713,0.005897368210740869,0.0052938381022702985
93.72394530598633,-0.0007978286925412253,0.0024534065223771346,0.005644140072169886,0.00514865064561899
93.7718859429715,-0.0007311446092303853,0.002435780670588481,0.005396200399119176,0.005000829316054499
93.81982657995665,-0.0006681194027419474,0.002412173205775381,0.005153567677646589,0.004850645229266162
93.86776721694181,-0.0006086530257714117,0.0023828846970164776,0.004916260393809893,0.004698369500943274
93.91570785392697,-0.0005526454310142721,0.002348215713390403,0.004684297033666865,0.004544273246775117
93.96364849091214,-0.0004999965711660224,0.002308466823975789,0.00445769608327528,0.004388627582450996
94.0115891278973,-0.0004506063989221567,0.0022639385978512824,0.00423647602869291,0.004231703623660191
94.05952976488246,-0.00040437486697817576,0.002214931604095499,0.004020655355977534,0.004073772486091996
94.1074704018676,-0.0003612019280295857,0.002161746411787114,0.00381025255118698,0.003915105285435752
94.15541103885278,-0.00032098753477183967,0.002104683590004694,0.003605286100378845,0.0037559731373806096
94.20335167583792,-0.00028363163990048797,0.0020440437078269452,0.0034057744896111436,0.0035966471576160466
94.25129231282308,-0.00024903419611098376,0.0019801273343324627,0.003211736204941467,0.0034373984618312117
94.29923294980824,-0.00021709515609884093,0.0019132350385998864,0.0030231897324276514,0.003278498165715446
94.3471735867934,-0.0001877144725595508,0.00184366738970786,0.002840153558127471,0.003120217384958046
94.39511422377856,-0.00016079209818861337,0.001771724956735013,0.0026626461680986993,0.0029628272352482943
94.44305486076372,-0.00013622798568151823,0.001697708308759975,0.00249068604839911,0.0028065988322754833
94.49099549774888,-0.00011392208773376364,0.0016219180148614003,0.002324291685086478,0.0026518032917289113
94.53893613473404,-9.37743570408444e-5,0.0015446546441179078,0.002163481564218578,0.0024987117292978693
94.5868767717192,-7.568474629825704e-5,0.001466218765608148,0.002008274171853182,0.002347595260671638
94.63481740870436,-5.955320820149462e-5,0.00138691094841073,0.001858687994048069,0.002198725001539524
94.68275804568951,-4.527969544605888e-5,0.0013070317616043388,0.0017147415168610475,0.0020523720675908463
94.73069868267469,-3.276416072743246e-5,0.0012268817742675242,0.0015764532263497708,0.0019088075745147814
94.77863931965985,-2.190655674112231e-5,0.0011467615554789992,0.0014438416085721367,0.0017683026380007419
94.82657995664499,-1.2606836182621484e-5,0.001066971674317397,0.0013169251495859131,0.0016311283737380187
94.87452059363017,-4.764951747416105e-6,0.0009878126998612811,0.0011957223354487675,0.0014975558974157852
94.92246123061531,1.7191438689799499e-6,0.0009095852011893821,0.0010802516522186167,0.0013678563247234883
94.97040186760047,6.945497971087497e-6,0.000832589747380267,0.0009705315859531265,0.0012423007713502979
95.01834250458565,1.1014157863406537e-5,0.0007571269075125654,0.000866580622710075,0.0011211603529855153
95.06628314157079,1.4025170850437071e-5,0.000683497250664987,0.0007684172485473359,0.0010047061853185428
95.11422377855595,1.6078584236689508e-5,0.0006120013459160953,0.0006760599495225818,0.0008932093840385534
95.16216441554111,1.7274445326669052e-5,0.0005429397623445478,0.0005895272116936238,0.0007869410648348833
95.21010505252627,1.7712801424875704e-5,0.00047661306902898465,0.0005088375211182283,0.0006861723433968236
95.25804568951143,1.749369983581467e-5,0.00041332183504803194,0.0004340093638541785,0.0005911743354136585
95.30598632649658,1.671718786398768e-5,0.0003533666294803575,0.00036506122595927025,0.0005022181565747103
95.35392696348175,1.5483312813913824e-5,0.00029704802140453207,0.00030201159349120196,0.00041957492256920054
95.40186760046691,1.389212199008269e-5,0.00024466657989925117,0.0002448789525078196,0.0003435157490864864
95.44980823745206,1.2043662697001217e-5,0.00019652287404312713,0.00019368178906689452,0.0002743117518158554
95.49774887443724,1.0037982239176346e-5,0.0001529174729147792,0.00014843858922614778,0.00021223404644654664
95.54568951142238,7.975127921118486e-6,0.00011415094559288214,0.00010916783904341837,0.0001575537486679171
95.59363014840754,5.955147047324166e-6,8.052386115603438e-5,7.588802457643429e-5,0.00011054197416921277
95.6415707853927,4.0780869222968585e-6,5.233678868288988e-5,4.8617631882980766e-5,7.14698386397386e-5
95.68951142237786,2.44399485055391e-6,2.9890297252088693e-5,2.73751470208361e-5,4.060845776879263e-5
95.73745205936302,1.1529181365814434e-6,1.3484955942236199e-5,1.217905604777858e-5,1.822894724565552e-5
95.78539269634818,3.0490408489680654e-7,3.4213338320002173e-6,3.0478450215760955e-6,4.6024227596287715e-6
95.83333333333334,-3.469446951953614e-18,0.0,0.0,0.0
