time_ns,u_X1,u_Y1,u_X2,u_Y2
0,0,0,0,0
0.1246456562,6.099876657e-06,3.073909996e-06,-1.922676689e-05,-1.972849436e-05
0.2492913123,2.398575117e-05,1.196884652e-05,-7.603611498e-05,-7.786002493e-05
0.3739369685,5.303699035e-05,2.619461938e-05,-0.0001691216154,-0.000172813663
0.4985826246,9.263296102e-05,4.526103837e-05,-0.0002971768393,-0.0003030084798
0.6232282808,0.00014215303,6.867791331e-05,-0.0004588953577,-0.0004668635465
0.747873937,0.0002009765641,9.5955054e-05,-0.0006529707419,-0.0006627979345
0.8725195931,0.0002684829301,0.0001266022702,-0.0008780965628,-0.000889230715
0.9971652493,0.0003440514948,0.0001601293718,-0.001132966392,-0.001144580959
1.121810905,0.0004270616251,0.0001960461686,-0.0014162738,-0.001427267738
1.246456562,0.0005168926878,0.0002338624703,-0.001726712358,-0.001735710124
1.371102218,0.0006129240496,0.0002730880868,-0.002062975637,-0.002068327187
1.495747874,0.0007145350775,0.0003132328279,-0.002423757209,-0.002423537999
1.62039353,0.0008211051381,0.0003538065034,-0.002807750645,-0.00279976163
1.745039186,0.0009320135984,0.0003943189231,-0.003213649515,-0.003195417153
1.869684842,0.001046639825,0.0004342798967,-0.003640147391,-0.003608923639
1.994330499,0.001164363185,0.0004731992342,-0.004085937844,-0.004038700158
2.118976155,0.001284563045,0.0005105867452,-0.004549714446,-0.004483165783
2.243621811,0.001406618772,0.0005459522397,-0.005030170766,-0.004940739583
2.368267467,0.001529909733,0.0005788055274,-0.005526000376,-0.005409840632
2.492913123,0.001653815294,0.0006086564181,-0.006035896849,-0.005888887999
2.617558779,0.001777714822,0.0006350147217,-0.006558553753,-0.006376300756
2.742204436,0.001900987685,0.0006573902478,-0.007092664662,-0.006870497974
2.866850092,0.002023013248,0.0006752928064,-0.007636923145,-0.007369898725
2.991495748,0.00214317088,0.0006882322073,-0.008190022774,-0.00787292208
3.116141404,0.002260839945,0.0006957182602,-0.00875065712,-0.00837798711
3.24078706,0.002375399813,0.0006972607749,-0.009317519755,-0.008883512886
3.365432716,0.002486229848,0.0006923695613,-0.009889304249,-0.00938791848
3.490078373,0.002592709419,0.0006805544292,-0.01046470417,-0.009889622962
3.614724029,0.002694217891,0.0006613251883,-0.0110424131,-0.0103870454
3.739369685,0.002790134632,0.0006341916485,-0.0116211246,-0.01087860488
3.864015341,0.002879839008,0.0005986636196,-0.01219953224,-0.01136272046
3.988660997,0.002962710387,0.0005542509114,-0.0127763296,-0.01183781121
4.113306653,0.003038128135,0.0005004633336,-0.01335021024,-0.0123022962
4.237952309,0.003105471619,0.0004368106962,-0.01391986774,-0.01275459451
4.362597966,0.003164120205,0.0003628028088,-0.01448399567,-0.01319312521
4.487243622,0.003213453261,0.0002779494814,-0.0150412876,-0.01361630737
4.611889278,0.003252850153,0.0001817605236,-0.0155904371,-0.01402256006
4.736534934,0.003281690249,7.374574539e-05,-0.01613013774,-0.01441030235
4.86118059,0.003299352914,-4.658504351e-05,-0.01665908309,-0.01477795331
4.985826246,0.003305217516,-0.0001797220333,-0.01717596673,-0.01512393202
5.110471903,0.003298663422,-0.0003261554142,-0.01767948222,-0.01544665754
5.235117559,0.003279069998,-0.0004863753763,-0.01816832314,-0.01574454895
5.359763215,0.003245816612,-0.0006608721098,-0.01864118306,-0.01601602531
5.484408871,0.003198282629,-0.0008501358051,-0.01909675554,-0.01625950571
5.609054527,0.003135847418,-0.001054656652,-0.01953373417,-0.0164734092
5.733700183,0.003057890344,-0.001274924841,-0.0199508125,-0.01665615487
5.85834584,0.002963790774,-0.001511430563,-0.02034668412,-0.01680616178
5.982991496,0.002852928076,-0.001764664006,-0.02072004259,-0.016921849
6.107637152,0.002724681616,-0.002035115363,-0.02106958148,-0.01700163561
6.232282808,0.002578430761,-0.002323274822,-0.02139399437,-0.01704394067
6.356928464,0.002413554877,-0.002629632574,-0.02169197482,-0.01704718326
6.48157412,0.002229433332,-0.00295467881,-0.02196221642,-0.01700978246
6.606219777,0.002025445493,-0.003298903719,-0.02220341272,-0.01693015732
6.730865433,0.001800970725,-0.003662797491,-0.0224142573,-0.01680672692
6.855511089,0.001555388397,-0.004046850318,-0.02259344373,-0.01663791033
6.980156745,0.001288077875,-0.004451552388,-0.02273966559,-0.01642212663
7.104802401,0.0009984185248,-0.004877393892,-0.02285161643,-0.01615779489
7.229448057,0.0006857897143,-0.005324865021,-0.02292798984,-0.01584333417
7.354093714,0.0003495708101,-0.005794455965,-0.02296747939,-0.01547716355
7.47873937,-1.085882099e-05,-0.006286656913,-0.02296877864,-0.0150577021
7.603385026,-0.0003961198122,-0.006801958056,-0.02293058117,-0.01458336888
7.728030682,-0.0008068327968,-0.007340849584,-0.02285158055,-0.01405258298
7.852676338,-0.001243618408,-0.007903821688,-0.02273047035,-0.01346376346
7.977321994,-0.001707097279,-0.008491364557,-0.02256594414,-0.0128153294
8.10196765,-0.002197890042,-0.009103968382,-0.02235669549,-0.01210569986
8.226613307,-0.002716617332,-0.009742123353,-0.02210141798,-0.01133329392
8.351258963,-0.003263899781,-0.01040631966,-0.02179880517,-0.01049653065
8.475904619,-0.003840358022,-0.01109704749,-0.02144755063,-0.00959382911
8.600550275,-0.004446612689,-0.01181479704,-0.02104634795,-0.008623608385
8.725195931,-0.005083284415,-0.0125600585,-0.02059389068,-0.007584287542
8.849841587,-0.005750993832,-0.01333332205,-0.02008887239,-0.006474285651
8.974487244,-0.006450361575,-0.01413507789,-0.01952998667,-0.005292021784
9.0991329,-0.007182008276,-0.01496581621,-0.01891592708,-0.004035915012
9.223778556,-0.007946554569,-0.0158260272,-0.01824538719,-0.002704384407
9.348424212,-0.008744621086,-0.01671620104,-0.01751706058,-0.00129584904
9.473069868,-0.009576828462,-0.01763682793,-0.01672964081,0.0001912720178
9.597715524,-0.01044379733,-0.01858839806,-0.01588182145,0.001758559696
9.722361181,-0.01134614832,-0.01957140162,-0.01497229608,0.003407594922
9.847006837,-0.01228450207,-0.02058632879,-0.01399975827,0.005139958625
9.971652493,-0.01325947921,-0.02163366978,-0.01296290159,0.006957231735
10.09629815,-0.01427170037,-0.02271391476,-0.01186041961,0.008860995179
10.22094381,-0.01532178619,-0.02382755394,-0.0106910059,0.01085282989
10.34558946,-0.0164103573,-0.02497507749,-0.009453354034,0.01293431679
10.47023512,-0.01753803433,-0.02615697561,-0.008146157579,0.01510703681
10.59488077,-0.01870543792,-0.02737373849,-0.00676811011,0.01737257088
10.71952643,-0.0199131887,-0.02862585632,-0.005317905196,0.01973249993
10.84417209,-0.02116164129,-0.02991324146,-0.003794404305,0.02218729478
10.96881774,-0.02241049989,-0.03114830188,-0.002222742144,0.02456898166
11.0934634,-0.02363040213,-0.0322698768,-0.0006232319353,0.0267592395
11.21810905,-0.02482120803,-0.03328084246,0.001001822004,0.02876253745
11.34275471,-0.02598277759,-0.03418407511,0.002650115354,0.03058334468
11.46740037,-0.02711497082,-0.03498245099,0.004319343799,0.03222613037
11.59204602,-0.02821764773,-0.03567884633,0.00600720302,0.03369536369
11.71669168,-0.02929066833,-0.03627613739,0.007711388698,0.0349955138
11.84133734,-0.03033389263,-0.03677720039,0.009429596516,0.03613104988
11.96598299,-0.03134718063,-0.03718491159,0.01115952216,0.03710644109
12.09062865,-0.03233039234,-0.03750214722,0.0128988613,0.03792615661
12.2152743,-0.03328338778,-0.03773178353,0.01464530963,0.03859466559
12.33991996,-0.03420602694,-0.03787669675,0.01639656283,0.03911643722
12.46456562,-0.03509816985,-0.03793976313,0.01815031657,0.03949594066
12.58921127,-0.0359596765,-0.03792385891,0.01990426655,0.03973764508
12.71385693,-0.0367904069,-0.03783186033,0.02165610844,0.03984601966
12.83850258,-0.03759022107,-0.03766664363,0.02340353793,0.03982553355
12.96314824,-0.03835897901,-0.03743108506,0.02514425069,0.03968065593
13.0877939,-0.03909654073,-0.03712806084,0.02687594241,0.03941585597
13.21243955,-0.03980276623,-0.03676044724,0.02859630878,0.03903560285
13.33708521,-0.04047751554,-0.03633112048,0.03030304547,0.03854436571
13.46173087,-0.04112064864,-0.0358429568,0.03199384816,0.03794661375
13.58637652,-0.04173202557,-0.03529883246,0.03366641254,0.03724681612
13.71102218,-0.04231150631,-0.03470162369,0.03531843429,0.036449442
13.83566783,-0.04285895088,-0.03405420673,0.03694760909,0.03555896056
13.96031349,-0.04337421929,-0.03335945782,0.03855163262,0.03457984096
14.08495915,-0.04385717155,-0.0326202532,0.04012820057,0.03351655238
14.2096048,-0.04430766766,-0.03183946912,0.04167500861,0.03237356398
14.33425046,-0.04472556764,-0.03101998182,0.04318975243,0.03115534493
14.45889611,-0.04511073149,-0.03016466754,0.04467012772,0.02986636441
14.58354177,-0.04546301921,-0.02927640251,0.04611383014,0.02851109158
14.70818743,-0.04578229083,-0.02835806299,0.04751855539,0.02709399562
14.83283308,-0.04606840634,-0.02741252521,0.04888199915,0.02561954568
14.95747874,-0.04632122576,-0.02644266541,0.0502018571,0.02409221095
15.0821244,-0.04654060909,-0.02545135983,0.05147582492,0.02251646059
15.20677005,-0.04672641634,-0.02444148473,0.05270159828,0.02089676377
15.33141571,-0.04687850752,-0.02341591632,0.05387687289,0.01923758965
15.45606136,-0.04699674264,-0.02237753087,0.05499934441,0.01754340742
15.58070702,-0.04708098171,-0.02132920461,0.05606670853,0.01581868624
15.70535268,-0.04713108473,-0.02027381378,0.05707666092,0.01406789527
15.82999833,-0.04714691171,-0.01921423462,0.05802689729,0.0122955037
15.95464399,-0.04712832267,-0.01815334337,0.05891511329,0.01050598068
16.07928964,-0.0470751776,-0.01709401628,0.05973900462,0.008703795382
16.2039353,-0.04698733653,-0.01603912958,0.06049626696,0.006893416984
16.32858096,-0.04686465945,-0.01499155952,0.06118459599,0.005079314653
16.45322661,-0.04670700637,-0.01395418234,0.06180168739,0.003265957556
16.57787227,-0.04651423731,-0.01292987428,0.06234523685,0.001457814864
16.70251793,-0.04628621228,-0.01192151158,0.06281294004,-0.0003406442538
16.82716358,-0.04602279127,-0.01093197049,0.06320249264,-0.002124950628
16.95180924,-0.0457238343,-0.009964127235,0.06351159035,-0.003890635089
17.07645489,-0.04538920137,-0.009020858067,0.06373792884,-0.005633228468
17.20110055,-0.0450187525,-0.008105039226,0.0638792038,-0.007348261594
17.32574621,-0.0446123477,-0.007219546953,0.0639331109,-0.009031265299
17.45039186,-0.04416984696,-0.006367257488,0.06389734582,-0.01067777041
17.57503752,-0.04369111031,-0.005551047074,0.06376960426,-0.01228330777
17.69968317,-0.04317599774,-0.004773791951,0.06354758189,-0.01384340819
17.82432883,-0.04262436928,-0.00403836836,0.06322897439,-0.01535360251
17.94897449,-0.04203608491,-0.003347652544,0.06281147744,-0.01680942157
18.07362014,-0.04141100466,-0.002704520744,0.06229278674,-0.01820639619
18.1982658,-0.04074898853,-0.002111849199,0.06167059795,-0.01954005719
18.32291146,-0.04004989654,-0.001572514153,0.06094260676,-0.02080593543
18.44755711,-0.03931358868,-0.001089391846,0.06010650886,-0.02199956171
18.57220277,-0.03853992496,-0.0006653585195,0.05915999993,-0.02311646688
18.69684842,-0.0377287654,-0.0003032904146,0.05810077563,-0.02415218176
18.82149408,-0.03687997001,-6.063772843e-06,0.05692653167,-0.02510223719
18.94613974,-0.03599339879,0.0002234451646,0.05563496372,-0.02596216399
19.07078539,-0.03506891174,0.0003823601565,0.05422376747,-0.026727493
19.19543105,-0.03410636889,0.0004678049615,0.05269063858,-0.02739375504
19.32007671,-0.03310563023,0.0004769033383,0.05103327276,-0.02795648095
19.44472236,-0.03206655578,0.0004067790456,0.04924936567,-0.02841120156
19.56936802,-0.03098900554,0.0002545558422,0.047336613,-0.0287534477
19.69401367,-0.02987283952,1.735748677e-05,0.04529271044,-0.02897875019
19.81865933,-0.02871791774,-0.000307692262,0.04311535366,-0.02908263987
19.94330499,-0.02752410019,-0.0007234696453,0.04080223835,-0.02906064758
20.06795064,-0.02629124689,-0.001232850905,0.03835106019,-0.02890830413
20.1925963,-0.02501921784,-0.001838712281,0.03575951485,-0.02862114036
20.31724195,-0.02370787306,-0.002543930016,0.03302529803,-0.02819468711
20.44188761,-0.02235707255,-0.00335138035,0.03014610541,-0.02762447519
20.56653327,-0.02096667632,-0.004263939526,0.02711963266,-0.02690603545
20.69117892,-0.01953654438,-0.005284483784,0.02394357546,-0.02603489871
20.81582458,-0.01806653673,-0.006415889366,0.02061562951,-0.0250065958
20.94047024,-0.01655651339,-0.007661032512,0.01713349048,-0.02381665756
21.06511589,-0.01500633437,-0.009022789464,0.01349485406,-0.02246061481
21.18976155,-0.01341585966,-0.01050403646,0.009697415918,-0.02093399838
21.3144072,-0.01178494929,-0.01210764975,0.005738871747,-0.01923233911
21.43905286,-0.01011346325,-0.01383650557,0.001616917226,-0.01735116783
21.56369852,-0.008401261563,-0.01569348016,-0.002670751963,-0.01528601536
21.68834417,-0.00665078787,-0.01767804815,-0.007120312291,-0.01303545927
21.81298983,-0.004971187492,-0.01964799619,-0.01147368189,-0.01072603445
21.93763548,-0.003417986517,-0.02152826214,-0.01559656604,-0.008427136226
22.06228114,-0.001988080482,-0.02332038019,-0.01949314269,-0.006140075391
22.1869268,-0.0006783649231,-0.02502588454,-0.02316758976,-0.003866162761
22.31157245,0.0005142646232,-0.02664630938,-0.02662408521,-0.001606709148
22.43621811,0.00159291262,-0.02818318892,-0.02986680697,0.0006369746384
22.56086377,0.002560683532,-0.02963805734,-0.03289993299,0.002863577786
22.68550942,0.003420681822,-0.03101244885,-0.03572764121,0.005071789485
22.81015508,0.004176011953,-0.03230789764,-0.03835410956,0.007260298924
22.93480073,0.004829778389,-0.03352593791,-0.04078351598,0.009427795292
23.05944639,0.005385085593,-0.03466810385,-0.04302003842,0.01157296778
23.18409205,0.005845038029,-0.03573592966,-0.04506785483,0.01369450557
23.3087377,0.006212740161,-0.03673094954,-0.04693114313,0.01579109786
23.43338336,0.006491296452,-0.03765469769,-0.04861408127,0.01786143383
23.55802901,0.006683811366,-0.0385087083,-0.05012084719,0.01990420268
23.68267467,0.006793389365,-0.03929451556,-0.05145561883,0.02191809359
23.80732033,0.006823134914,-0.04001365369,-0.05262257413,0.02390179576
23.93196598,0.006776152476,-0.04066765686,-0.05362589103,0.02585399836
24.05661164,0.006655546515,-0.04125805928,-0.05446974748,0.0277733906
24.1812573,0.006464421494,-0.04178639514,-0.05515832141,0.02965866165
24.30590295,0.006205881877,-0.04225419865,-0.05569579077,0.03150850072
24.43054861,0.005883032126,-0.042663004,-0.05608633349,0.03332159698
24.55519426,0.005498976707,-0.04301434538,-0.05633412751,0.03509663962
24.67983992,0.005056820081,-0.04330975699,-0.05644335078,0.03683231785
24.80448558,0.004559666713,-0.04355077303,-0.05641818124,0.03852732083
24.92913123,0.004010621067,-0.0437389277,-0.05626279683,0.04018033778
25.05377689,0.003412787605,-0.04387575518,-0.05598137548,0.04179005786
25.17842254,0.002769270792,-0.04396278969,-0.05557809515,0.04335517028
25.3030682,0.00208317509,-0.04400156541,-0.05505713376,0.04487436421
25.42771386,0.001357604963,-0.04399361654,-0.05442266926,0.04634632886
25.55235951,0.0005956648758,-0.04394047728,-0.0536788796,0.0477697534
25.67700517,-0.0001995407096,-0.04384368183,-0.0528299427,0.04914332704
25.80165083,-0.001024907329,-0.04370476437,-0.05188003652,0.05046573895
25.92629648,-0.001877330519,-0.04352525912,-0.05083333899,0.05173567832
26.05094214,-0.002753705816,-0.04330670026,-0.04969402806,0.05295183436
26.17558779,-0.003650928757,-0.04305062199,-0.04846628166,0.05411289623
26.30023345,-0.004565894878,-0.04275855852,-0.04715427773,0.05521755314
26.42487911,-0.005495499716,-0.04243204402,-0.04576219422,0.05626449427
26.54952476,-0.006436638807,-0.04207261271,-0.04429420907,0.05725240881
26.67417042,-0.007386207687,-0.04168179878,-0.04275450022,0.05817998596
26.79881607,-0.008341101893,-0.04126113642,-0.0411472456,0.05904591489
26.92346173,-0.009298216962,-0.04081215983,-0.03947662316,0.0598488848
27.04810739,-0.01025444843,-0.04033640322,-0.03774681084,0.06058758488
27.17275304,-0.01120669183,-0.03983540076,-0.03596198658,0.06126070431
27.2973987,-0.01215184271,-0.03931068667,-0.03412632832,0.06186693229
27.42204436,-0.01308679659,-0.03876379514,-0.032244014,0.06240495801
27.54669001,-0.01400844902,-0.03819626036,-0.03031922156,0.06287347065
27.67133567,-0.01491369553,-0.03760961654,-0.02835612895,0.0632711594
27.79598132,-0.01579943166,-0.03700539786,-0.02635891409,0.06359671345
27.92062698,-0.01666255294,-0.03638513853,-0.02433175495,0.06384882199
28.04527264,-0.01749995491,-0.03575037275,-0.02227882944,0.06402617422
28.16991829,-0.01830853311,-0.0351026347,-0.02020431553,0.06412745931
28.29456395,-0.01908518308,-0.03444345858,-0.01811239113,0.06415136646
28.4192096,-0.01982680034,-0.0337743786,-0.01600723421,0.06409658486
28.54385526,-0.02053028044,-0.03309692895,-0.01389302269,0.06396180369
28.66850092,-0.02119251892,-0.03241264382,-0.01177393452,0.06374571215
28.79314657,-0.0218104113,-0.03172305741,-0.009654147641,0.06344699942
28.91779223,-0.02238085313,-0.03102970393,-0.007537839989,0.06306435469
29.04243789,-0.02290073995,-0.03033411755,-0.005429189508,0.06259646716
29.16708354,-0.02336696728,-0.02963783249,-0.003332374137,0.06204202601
29.2917292,-0.02377643067,-0.02894238294,-0.001251571817,0.06139972043
29.41637485,-0.02412602565,-0.0282493031,0.0008090395105,0.06066823961
29.54102051,-0.02441264776,-0.02756012715,0.002845281905,0.05984627273
29.66566617,-0.02463319253,-0.02687638931,0.004852977427,0.058932509
29.79031182,-0.02478455551,-0.02619962376,0.006827948134,0.05792563759
29.91495748,-0.02486363222,-0.02553136471,0.008766016086,0.0568243477
30.03960313,-0.02486731821,-0.02487314634,0.01066300334,0.05562732851
30.16424879,-0.02479250901,-0.02422650286,0.01251473196,0.05433326921
30.28889445,-0.02463610016,-0.02359296846,0.01431702401,0.052940859
30.4135401,-0.02439498719,-0.02297407734,0.01606570153,0.05144878706
30.53818576,-0.02406606564,-0.02237136369,0.0177565866,0.04985574257
30.66283142,-0.02364623105,-0.02178636172,0.01938550127,0.04816041474
30.78747707,-0.02313237895,-0.02122060562,0.0209482676,0.04636149275
30.91212273,-0.02252140488,-0.02067562958,0.02244070765,0.04445766579
31.03676838,-0.02181020438,-0.0201529678,0.02385864348,0.04244762304
31.16141404,-0.02099567298,-0.01965415449,0.02519789715,0.0403300537
31.2860597,-0.02007470622,-0.01918072382,0.02645429071,0.03810364695
31.41070535,-0.01904419964,-0.01873421002,0.02762364623,0.03576709199
31.53535101,-0.01790104877,-0.01831614726,0.02870178577,0.033319078
31.65999666,-0.01664214915,-0.01792806974,0.02968453139,0.03075829417
31.78464232,-0.01526439631,-0.01757151167,0.03056770514,0.0280834297
31.90928798,-0.0137646858,-0.01724800724,0.03134712908,0.02529317376
32.03393363,-0.01213991314,-0.01695909064,0.03201862528,0.02238621555
32.15857929,-0.01038697388,-0.01670629608,0.03257801579,0.01936124427
32.28322495,-0.008502763548,-0.01649115775,0.03302112267,0.01621694908
32.4078706,-0.006484177686,-0.01631520984,0.03334376798,0.0129520192
32.53251626,-0.004335727313,-0.01617998517,0.03354681281,0.009573158911
32.65716191,-0.00220989932,-0.01608624454,0.03372947907,0.006242214085
32.78180757,-0.0001665483518,-0.01603295424,0.03393078471,0.003022080728
32.90645323,0.001795423682,-0.01601883552,0.03414957037,-8.87023634e-05
33.03109888,0.003677114872,-0.01604260963,0.0343846767,-0.003091596394
33.15574454,0.005479623311,-0.01610299779,0.03463494435,-0.005988062569
33.2803902,0.007204047088,-0.01619872127,0.03489921396,-0.008779562091
33.40503585,0.008851484295,-0.01632850131,0.0351763262,-0.01146755617
33.52968151,0.01042303302,-0.01649105914,0.0354651217,-0.014053506
33.65432716,0.01191979136,-0.01668511602,0.03576444113,-0.01653887279
33.77897282,0.0133428574,-0.01690939318,0.03607312511,-0.01892511774
33.90361848,0.01469332924,-0.01716261187,0.03639001431,-0.02121370207
34.02826413,0.01597230496,-0.01744349334,0.03671394938,-0.02340608696
34.15290979,0.01718088266,-0.01775075883,0.03704377096,-0.02550373364
34.27755544,0.01832016042,-0.01808312958,0.0373783197,-0.02750810329
34.4022011,0.01939123634,-0.01843932684,0.03771643626,-0.02942065714
34.52684676,0.02039520851,-0.01881807185,0.03805696127,-0.03124285637
34.65149241,0.02133317502,-0.01921808585,0.0383987354,-0.03297616219
34.77613807,0.02220623397,-0.01963809009,0.03874059929,-0.03462203582
34.90078373,0.02301548343,-0.02007680582,0.03908139358,-0.03618193845
35.02542938,0.0237620215,-0.02053295427,0.03941995893,-0.03765733128
35.15007504,0.02444694628,-0.0210052567,0.03975513599,-0.03904967552
35.27472069,0.02507135586,-0.02149243434,0.04008576541,-0.04036043239
35.39936635,0.02563634832,-0.02199320844,0.04041068783,-0.04159106306
35.52401201,0.02614302176,-0.02250630024,0.04072874391,-0.04274302877
35.64865766,0.02659247426,-0.023030431,0.04103877429,-0.0438177907
35.77330332,0.02698580393,-0.02356432194,0.04133961963,-0.04481681006
35.89794897,0.02732410884,-0.02410669432,0.04163012056,-0.04574154806
36.02259463,0.02760848709,-0.02465626938,0.04190911775,-0.0465934659
36.14724029,0.02784003678,-0.02521176836,0.04217545184,-0.04737402479
36.27188594,0.02801985599,-0.02577191251,0.04242796348,-0.04808468592
36.3965316,0.02814904281,-0.02633542307,0.04266549332,-0.04872691051
36.52117726,0.02822869534,-0.02690102129,0.04288688201,-0.04930215976
36.64582291,0.02825991166,-0.02746742841,0.04309097019,-0.04981189487
36.77046857,0.02824378987,-0.02803336567,0.04327659853,-0.05025757704
36.89511422,0.02818142806,-0.02859755433,0.04344260765,-0.05064066748
37.01975988,0.02807392432,-0.02915871561,0.04358783823,-0.0509626274
37.14440554,0.02792237674,-0.02971557077,0.0437111309,-0.051224918
37.26905119,0.02772788341,-0.03026684105,0.04381132631,-0.05142900048
37.39369685,0.02749154242,-0.0308112477,0.04388726511,-0.05157633604
37.5183425,0.02721445186,-0.03134751195,0.04393778796,-0.0516683859
37.64298816,0.02689770983,-0.03187435506,0.0439617355,-0.05170661125
37.76763382,0.02654241441,-0.03239049826,0.04395794838,-0.0516924733
37.89227947,0.02614966369,-0.03289466281,0.04392526725,-0.05162743326
38.01692513,0.02572055578,-0.03338556994,0.04386253276,-0.05151295233
38.14157079,0.02525618875,-0.03386194089,0.04376858555,-0.0513504917
38.26621644,0.0247576607,-0.03432249692,0.04364226629,-0.0511415126
38.3908621,0.02422606972,-0.03476595927,0.04348241561,-0.05088747621
38.51550775,0.0236625139,-0.03519104918,0.04328787416,-0.05058984375
38.64015341,0.02306809134,-0.03559648789,0.0430574826,-0.05025007642
38.76479907,0.02244390011,-0.03598099666,0.04279008158,-0.04986963542
38.88944472,0.02179103833,-0.03634329671,0.04248451174,-0.04944998196
39.01409038,0.02111060406,-0.03668210931,0.04213961373,-0.04899257725
39.13873603,0.02040369541,-0.03699615568,0.0417542282,-0.04849888248
39.26338169,0.01967141047,-0.03728415708,0.04132719581,-0.04797035885
39.38802735,0.01891484733,-0.03754483475,0.04085735719,-0.04740846759
39.512673,0.01813510407,-0.03777690994,0.04034355301,-0.04681466988
39.63731866,0.0173332788,-0.03797910388,0.0397846239,-0.04619042694
39.76196432,0.01651046959,-0.03815013782,0.03917941052,-0.04553719996
39.88660997,0.01566777455,-0.03828873301,0.03852675352,-0.04485645015
40.01125563,0.01480629176,-0.03839361069,0.03782549354,-0.04414963872
40.13590128,0.01392711931,-0.0384634921,0.03707447124,-0.04341822687
40.26054694,0.0130313553,-0.03849709849,0.03627252727,-0.04266367581
40.3851926,0.01212009782,-0.03849315111,0.03541850226,-0.04188744673
40.50983825,0.01119444495,-0.03845037118,0.03451123689,-0.04109100085
40.63448391,0.01025549479,-0.03836747997,0.03354957178,-0.04027579936
40.75912956,0.009304345428,-0.03824319871,0.03253234759,-0.03944330347
40.88377522,0.008342094956,-0.03807624866,0.03145840498,-0.03859497439
41.00842088,0.007369841466,-0.03786535104,0.03032658459,-0.03773227332
41.13306653,0.006388683047,-0.03760922711,0.02913572706,-0.03685666146
41.25771219,0.005399717792,-0.03730659811,0.02788467306,-0.03596960002
41.38235785,0.00440404379,-0.03695618528,0.02657226322,-0.0350725502
41.5070035,0.003402759133,-0.03655670988,0.02519733819,-0.03416697321
41.63164916,0.002396961912,-0.03610689313,0.02375873864,-0.03325433025
41.75629481,0.001387750218,-0.03560545629,0.0222553052,-0.03233608252
41.88094047,0.0003762221418,-0.03505112061,0.02068587852,-0.03141369123
42.00558613,-0.0006365242255,-0.03444260731,0.01904929926,-0.03048861759
42.13023178,-0.001649390793,-0.03377863766,0.01734440806,-0.02956232279
42.25487744,-0.002661279469,-0.03305793289,0.01557004557,-0.02863626805
42.37952309,-0.003671092164,-0.03227921425,0.01372505244,-0.02771191456
42.50416875,-0.004677730785,-0.03144120297,0.01180826933,-0.02679072353
42.62881441,-0.005680097243,-0.03054262032,0.009818536871,-0.02587415616
42.75346006,-0.006677093446,-0.02958218752,0.007754695723,-0.02496367367
42.87810572,-0.007667621303,-0.02855862582,0.005615586534,-0.02406073725
43.00275138,-0.008650582722,-0.02747065647,0.003400049951,-0.0231668081
43.12739703,-0.009624879614,-0.02631700072,0.001106926625,-0.02228334744
43.25204269,-0.01058941389,-0.0250963798,-0.001264942795,-0.02141181646
43.37668834,-0.01154078548,-0.02381245628,-0.003706412611,-0.02055178172
43.501334,-0.01245081637,-0.02252383349,-0.006094766936,-0.01968179014
43.62597966,-0.01331209455,-0.02124816629,-0.008394771868,-0.01879618497
43.75062531,-0.01412543656,-0.01998585684,-0.01060740964,-0.0178959355
43.87527097,-0.01489165898,-0.01873730733,-0.01273366247,-0.01698201099
43.99991662,-0.01561157838,-0.01750291992,-0.01477451261,-0.0160553807
44.12456228,-0.01628601133,-0.01628309678,-0.01673094227,-0.01511701391
44.24920794,-0.01691577438,-0.01507824008,-0.01860393369,-0.01416787988
44.37385359,-0.01750168412,-0.01388875199,-0.0203944691,-0.01320894787
44.49849925,-0.0180445571,-0.01271503469,-0.02210353073,-0.01224118716
44.62314491,-0.01854520989,-0.01155749034,-0.02373210082,-0.01126556701
44.74779056,-0.01900445906,-0.01041652112,-0.02528116158,-0.01028305669
44.87243622,-0.01942312118,-0.009292529193,-0.02675169526,-0.009294625462
44.99708187,-0.01980201281,-0.008185916731,-0.02814468408,-0.008301242598
45.12172753,-0.02014195053,-0.007097085905,-0.02946111027,-0.007303877364
45.24637319,-0.0204437509,-0.006026438887,-0.03070195606,-0.006303499027
45.37101884,-0.02070823048,-0.004974377846,-0.0318682037,-0.005301076854
45.4956645,-0.02093620584,-0.003941304954,-0.03296083539,-0.004297580112
45.62031016,-0.02112849356,-0.002927622381,-0.03398083338,-0.003293978069
45.74495581,-0.02128591019,-0.001933732298,-0.0349291799,-0.002291239991
45.86960147,-0.02140927231,-0.0009600368745,-0.03580685717,-0.001290335145
45.99424712,-0.02149939648,-6.938282356e-06,-0.03661484743,-0.0002922327997
46.11889278,-0.02155709927,0.0009251613081,-0.03735413291,0.0007020977792
46.24353844,-0.02158319725,0.001835859726,-0.03802569584,0.001691687324
46.36818409,-0.02157850698,0.002724754802,-0.03863051845,0.002675566568
46.49282975,-0.02154384503,0.003591444364,-0.03916958296,0.003652766244
46.6174754,-0.02148002797,0.004435526241,-0.03964387162,0.004622317085
46.74212106,-0.02138787237,0.005256598264,-0.04005436665,0.005583249823
46.86676672,-0.02126819479,0.006054258262,-0.04040205028,0.006534595191
46.99141237,-0.0211218118,0.006828104063,-0.04068790474,0.007475383923
47.11605803,-0.02094953996,0.007577733498,-0.04091291226,0.008404646752
47.24070369,-0.02075219585,0.008302744396,-0.04107805508,0.009321414409
47.36534934,-0.02053059604,0.009002734586,-0.04118431541,0.01022471763
47.489995,-0.02028555708,0.009677301897,-0.04123267551,0.01111358714
47.61464065,-0.02001789554,0.01032604416,-0.04122411759,0.01198705368
47.73928631,-0.01972842801,0.0109485592,-0.04115962388,0.01284414799
47.86393197,-0.01941797103,0.01154444485,-0.04104017662,0.01368390078
47.98857762,-0.01908734118,0.01211329894,-0.04086675804,0.01450534281
48.11322328,-0.01873735502,0.0126547193,-0.04064035036,0.01530750479
48.23786893,-0.01836882913,0.01316830376,-0.04036193583,0.01608941746
48.36251459,-0.01798258006,0.01365365014,-0.04003249666,0.01685011156
48.48716025,-0.01757942439,0.01411035628,-0.03965301508,0.01758861782
48.6118059,-0.01716017869,0.01453802001,-0.03922447334,0.01830396696
48.73645156,-0.01672565952,0.01493623915,-0.03874785366,0.01899518974
48.86109722,-0.01627668344,0.01530461153,-0.03822413827,0.01966131686
48.98574287,-0.01581406703,0.01564273499,-0.0376543094,0.02030137908
49.11038853,-0.01533862686,0.01595020735,-0.03703934928,0.02091440712
49.23503418,-0.01485117948,0.01622662645,-0.03638024015,0.02149943172
49.35967984,-0.01435254147,0.0164715901,-0.03567796423,0.0220554836
49.4843255,-0.0138435294,0.01668469615,-0.03493350375,0.0225815935
49.60897115,-0.01332495982,0.01686554242,-0.03414784094,0.02307679216
49.73361681,-0.01279764932,0.01701372674,-0.03332195804,0.0235401103
49.85826246,-0.01226241445,0.01712884694,-0.03245683728,0.02397057867
49.98290812,-0.01172007178,0.01721050085,-0.03155346088,0.02436722798
50.10755378,-0.01117143789,0.01725828629,-0.03061281108,0.02472908899
50.23219943,-0.01061732933,0.0172718011,-0.0296358701,0.02505519241
50.35684509,-0.01005856268,0.01725064311,-0.02862362018,0.02534456898
50.48149075,-0.009495954497,0.01719441015,-0.02757704355,0.02559624943
50.6061364,-0.008930321356,0.01710270004,-0.02649712244,0.0258092645
50.73078206,-0.008362479822,0.01697511062,-0.02538483908,0.02598264492
50.85542771,-0.007793246461,0.01681123971,-0.0242411757,0.02611542143
50.98007337,-0.007223437841,0.01661068514,-0.02306711453,0.02620662475
51.10471903,-0.006653870529,0.01637304475,-0.0218636378,0.02625528562
51.22936468,-0.006085361092,0.01609791636,-0.02063172774,0.02626043476
51.35401034,-0.005518726098,0.0157848978,-0.01937236658,0.02622110293
51.47865599,-0.004954782114,0.0154335869,-0.01808653656,0.02613632084
51.60330165,-0.004394345707,0.0150435815,-0.0167752199,0.02600511923
51.72794731,-0.003838233444,0.01461447941,-0.01543939884,0.02582652883
51.85259296,-0.003287261893,0.01414587847,-0.01408005559,0.02559958038
51.97723862,-0.00274224762,0.01363737652,-0.01269817241,0.02532330461
52.10188428,-0.002204007194,0.01308857137,-0.01129473151,0.02499673224
52.22652993,-0.00167335718,0.01249906085,-0.009870715124,0.02461889403
52.35117559,-0.001151114147,0.01186844281,-0.008427105487,0.02418882069
52.47582124,-0.0006380946607,0.01119631506,-0.006964884827,0.02370554296
52.6004669,-0.0001351152897,0.01048227543,-0.005485035375,0.02316809157
52.72511256,0.0003570073995,0.009725921761,-0.003988539362,0.02257549726
52.84975821,0.0008374568394,0.008926851876,-0.002476379018,0.02192679076
52.97440387,0.001305416463,0.008084663604,-0.0009495365743,0.02122100279
53.09904952,0.001760069703,0.007198954775,0.0005910057394,0.02045716411
53.22369518,0.002200599992,0.006269323218,0.002144265692,0.01963430543
53.34834084,0.002626190763,0.005295366763,0.003709261053,0.01875145749
53.47298649,0.003036025449,0.00427668324,0.005285009592,0.01780765102
53.59763215,0.003429287482,0.003212870476,0.006870529079,0.01680191676
53.72227781,0.003805160296,0.002103526303,0.008464837282,0.01573328544
53.84692346,0.004162827322,0.0009482485485,0.01006695197,0.01460078779
53.97156912,0.004501471995,-0.0002533649573,0.01167589092,0.01340345455
54.09621477,0.004820277746,-0.001501716385,0.01329067189,0.01214031644
54.22086043,0.005120430159,-0.002785882441,0.01490478549,0.01082038403
54.34550609,0.00541710017,-0.004017283762,0.01647416269,0.009521598742
54.47015174,0.005713380632,-0.005178221094,0.0179899222,0.008260325904
54.5947974,0.006009010333,-0.006270193629,0.01945260471,0.007036091292
54.71944305,0.006303728062,-0.007294700559,0.02086275094,0.005848420683
54.84408871,0.006597272605,-0.008253241076,0.02222090159,0.004696839852
54.96873437,0.006889382753,-0.009147314373,0.02352759735,0.003580874576
55.09338002,0.007179797292,-0.00997841964,0.02478337892,0.002500050631
55.21802568,0.007468255011,-0.01074805607,0.02598878702,0.001453893794
55.34267134,0.0077544947,-0.01145772286,0.02714436234,0.0004419298416
55.46731699,0.008038255145,-0.01210891919,0.02825064558,-0.0005363154505
55.59196265,0.008319275135,-0.01270314426,0.02930817745,-0.001481316306
55.7166083,0.008597293458,-0.01324189727,0.03031749864,-0.002393546947
55.84125396,0.008872048903,-0.0137266774,0.03127914986,-0.003273481599
55.96589962,0.009143280258,-0.01415898384,0.03219367182,-0.004121594485
56.09054527,0.009410726312,-0.01454031579,0.03306160521,-0.004938359828
56.21519093,0.009674125851,-0.01487217245,0.03388349073,-0.005724251853
56.33983658,0.009933217666,-0.01515605299,0.03465986909,-0.006479744782
56.46448224,0.01018774054,-0.01539345662,0.035391281,-0.007205312839
56.5891279,0.01043743327,-0.01558588252,0.03607826714,-0.007901430248
56.71377355,0.01068203464,-0.01573482989,0.03672136823,-0.008568571232
56.83841921,0.01092128344,-0.01584179793,0.03732112496,-0.009207210016
56.96306487,0.01115491845,-0.01590828581,0.03787807804,-0.009817820822
57.08771052,0.01138267847,-0.01593579274,0.03839276817,-0.01040087787
57.21235618,0.01160430228,-0.01592581791,0.03886573605,-0.0109568554
57.33700183,0.01181952867,-0.0158798605,0.03929752238,-0.01148622761
57.46164749,0.01202809643,-0.01579941972,0.03968866787,-0.01198946874
57.58629315,0.01222974434,-0.01568599475,0.04003971322,-0.01246705302
57.7109388,0.01242421121,-0.01554108478,0.04035119913,-0.01291945466
57.83558446,0.0126112358,-0.01536618901,0.0406236663,-0.01334714788
57.96023012,0.01279055692,-0.01516280663,0.04085765543,-0.01375060692
58.08487577,0.01296191335,-0.01493243683,0.04105370723,-0.01413030599
58.20952143,0.01312504388,-0.0146765788,0.04121236239,-0.01448671932
58.33416708,0.0132796873,-0.01439673174,0.04133416163,-0.01482032113
58.45881274,0.01342558239,-0.01409439484,0.04141964563,-0.01513158565
58.5834584,0.01356246795,-0.01377106728,0.04146935511,-0.0154209871
58.70810405,0.01369008276,-0.01342824827,0.04148383077,-0.0156889997
58.83274971,0.0138081656,-0.01306743699,0.0414636133,-0.01593609768
58.95739536,0.01391645528,-0.01269013264,0.04140924341,-0.01616275526
59.08204102,0.01401469057,-0.0122978344,0.04132126181,-0.01636944666
59.20668668,0.01410261027,-0.01189204148,0.04120020919,-0.01655664611
59.33133233,0.01417995316,-0.01147425305,0.04104662625,-0.01672482783
59.45597799,0.01424645804,-0.01104596832,0.0408610537,-0.01687446605
59.58062365,0.01430186368,-0.01060868648,0.04064403224,-0.01700603498
59.7052693,0.01434590888,-0.01016390671,0.04039610257,-0.01712000885
59.82991496,0.01437833243,-0.009713128217,0.0401178054,-0.0172168619
59.95456061,0.01439887312,-0.009257850183,0.03980968142,-0.01729706833
60.07920627,0.01440726972,-0.008799571804,0.03947227134,-0.01736110237
60.20385193,0.01440326104,-0.008339792272,0.03910611585,-0.01740943825
60.32849758,0.01438658586,-0.007880010778,0.03871175567,-0.01744255019
60.45314324,0.01435698296,-0.007421726514,0.0382897315,-0.01746091241
60.57778889,0.01431419114,-0.006966438674,0.03784058403,-0.01746499914
60.70243455,0.01425794919,-0.006515646448,0.03736485396,-0.0174552846
60.82708021,0.01418799589,-0.006070849029,0.03686308201,-0.01743224301
60.95172586,0.01410407003,-0.005633545609,0.03633580887,-0.01739634861
61.07637152,0.0140059104,-0.00520523538,0.03578357524,-0.0173480756
61.20101718,0.01389325578,-0.004787417534,0.03520692182,-0.01728789822
61.32566283,0.01376584498,-0.004381591263,0.03460638933,-0.01721629069
61.45030849,0.01362341676,-0.003989255759,0.03398251845,-0.01713372723
61.57495414,0.01346570993,-0.003611910215,0.0333358499,-0.01704068206
61.6995998,0.01329246327,-0.003251053822,0.03266692436,-0.01693762942
61.82424546,0.01310341557,-0.002908185773,0.03197628256,-0.01682504352
61.94889111,0.01289830562,-0.002584805259,0.03126446518,-0.01670339858
62.07353677,0.0126768722,-0.002282411473,0.03053201293,-0.01657316884
62.19818242,0.0124388541,-0.002002503607,0.02977946651,-0.01643482851
62.32282808,0.01218399012,-0.001746580853,0.02900736663,-0.01628885181
62.44747374,0.01191201904,-0.001516142402,0.02821625398,-0.01613571298
62.57211939,0.01162267964,-0.001312687447,0.02740666927,-0.01597588623
62.69676505,0.01131571073,-0.001137715181,0.0265791532,-0.01580984579
62.82141071,0.01099085107,-0.0009927247941,0.02573424647,-0.01563806589
62.94605636,0.01064783948,-0.0008792154799,0.02487248979,-0.01546102074
63.07070202,0.01028641472,-0.0007986864299,0.02399442385,-0.01527918456
63.19534767,0.009906315592,-0.0007526368362,0.02310058935,-0.01509303159
63.31999333,0.009507280884,-0.0007425658911,0.02219152701,-0.01490303605
63.44463899,0.009089049382,-0.0007699727864,0.02126777752,-0.01470967216
63.56928464,0.008651359875,-0.0008363567143,0.02032988158,-0.01451341414
63.6939303,0.008193951151,-0.000943216867,0.0193783799,-0.01431473622
63.81857595,0.007716561999,-0.001092052436,0.01841381317,-0.01411411261
63.94322161,0.007218931206,-0.001284362615,0.01743672211,-0.01391201756
64.06786727,0.006700797562,-0.001521646594,0.0164476474,-0.01370892527
64.19251292,0.006161899853,-0.001805403566,0.01544712976,-0.01350530997
64.31715858,0.005601976869,-0.002137132723,0.01443570989,-0.01330164589
64.44180424,0.005020767398,-0.002518333257,0.01341392848,-0.01309840724
64.56644989,0.004418010228,-0.002950504361,0.01238232624,-0.01289606826
64.69109555,0.003793444147,-0.003435145226,0.01134144388,-0.01269510316
64.8157412,0.003146807943,-0.003973755044,0.01029182208,-0.01249598618
64.94038686,0.002477840406,-0.004567833008,0.009234001566,-0.01229919153
65.06503252,0.001795443754,-0.005202736293,0.008171253047,-0.01210328358
65.18967817,0.001149544681,-0.005791088584,0.007119118352,-0.01189818359
65.31432383,0.0005468974289,-0.006320869358,0.006080350051,-0.01168267241
65.43896948,-1.34707109e-05,-0.006793623618,0.005055403482,-0.01145713219
65.56361514,-0.0005325324477,-0.007210896364,0.004044733986,-0.01122194508
65.6882608,-0.001011260491,-0.007574232599,0.003048796902,-0.01097749323
65.81290645,-0.001450627549,-0.007885177323,0.002068047568,-0.0107241588
65.93755211,-0.001851606331,-0.00814527554,0.001102941326,-0.01046232393
66.06219777,-0.002215169547,-0.00835607225,0.0001539335126,-0.01019237077
66.18684342,-0.002542289905,-0.008519112455,-0.0007785205309,-0.009914681472
66.31148908,-0.002833940114,-0.008635941157,-0.001693965466,-0.00962963819
66.43613473,-0.003091092884,-0.008708103358,-0.002591945952,-0.009337623073
66.56078039,-0.003314720924,-0.008737144058,-0.003472006652,-0.00903901827
66.68542605,-0.003505796943,-0.008724608261,-0.004333692224,-0.008734205931
66.8100717,-0.00366529365,-0.008672040966,-0.00517654733,-0.008423568208
66.93471736,-0.003794183753,-0.008580987177,-0.00600011663,-0.008107487251
67.05936301,-0.003893439963,-0.008452991895,-0.006803944785,-0.007786345209
67.18400867,-0.003964034988,-0.008289600121,-0.007587576456,-0.007460524234
67.30865433,-0.004006941537,-0.008092356857,-0.008350556303,-0.007130406475
67.43329998,-0.004023132319,-0.007862807105,-0.009092428986,-0.006796374083
67.55794564,-0.004013580044,-0.007602495866,-0.009812739167,-0.006458809209
67.6825913,-0.003979257421,-0.007312968142,-0.01051103151,-0.006118094003
67.80723695,-0.003921137158,-0.006995768935,-0.01118685066,-0.005774610614
67.93188261,-0.003840191965,-0.006652443247,-0.0118397413,-0.005428741195
68.05652826,-0.00373739455,-0.006284536078,-0.01246924807,-0.005080867894
68.18117392,-0.003613717624,-0.005893592432,-0.01307491565,-0.004731372862
68.30581958,-0.003470133894,-0.005481157308,-0.01365628869,-0.00438063825
68.43046523,-0.003307616071,-0.00504877571,-0.01421291185,-0.004029046208
68.55511089,-0.003127136863,-0.004597992638,-0.01474432979,-0.003676978887
68.67975654,-0.002929668979,-0.004130353095,-0.01525008717,-0.003324818436
68.8044022,-0.002716185128,-0.003647402082,-0.01572972865,-0.002972947006
68.92904786,-0.00248765802,-0.0031506846,-0.0161827989,-0.002621746748
69.05369351,-0.002245060363,-0.002641745652,-0.01660884258,-0.002271599812
69.17833917,-0.001989364867,-0.002122130239,-0.01700740434,-0.001922888348
69.30298483,-0.001721544241,-0.001593383362,-0.01737802884,-0.001575994506
69.42763048,-0.001442571194,-0.001057050024,-0.01772026076,-0.001231300438
69.55227614,-0.001153418434,-0.0005146752257,-0.01803364473,-0.0008891882926
69.67692179,-0.0008550586717,3.219603081e-05,-0.01831772544,-0.0005500402212
69.80156745,-0.0005484646153,0.000582018744,-0.01857204753,-0.0002142383739
69.92621311,-0.0002346089741,0.001133247912,-0.01879615568,0.000117835099
70.05085876,8.553554288e-05,0.001684338534,-0.01898959453,0.000445798047
70.17550442,0.0004109962264,0.002233745607,-0.01915190875,0.0007692683198
70.30015008,0.0007408003675,0.00277992413,-0.019282643,0.001087863767
70.42479573,0.001073975257,0.003321329102,-0.01938134195,0.001401202238
70.54944139,0.001409548186,0.00385641552,-0.01944755024,0.001708901583
70.67408704,0.001746546445,0.004383638383,-0.01948081255,0.002010579651
70.7987327,0.002083997325,0.00490145269,-0.01948067353,0.002305854293
70.92337836,0.002420928118,0.005408313438,-0.01944667784,0.002594343356
71.04802401,0.002756366113,0.005902675627,-0.01937837015,0.002875664692
71.17266967,0.003089338603,0.006382994254,-0.01927529511,0.00314943615
71.29731532,0.003418872877,0.006847724317,-0.01913699739,0.003415275579
71.42196098,0.003743996226,0.007295320816,-0.01896302164,0.003672800829
71.54660664,0.004063735943,0.007724238748,-0.01875291253,0.00392162975
71.67125229,0.004377119317,0.008132933111,-0.01850621472,0.004161380192
71.79589795,0.004683173639,0.008519858905,-0.01822247286,0.004391670003
71.92054361,0.004980926201,0.008883471127,-0.01790123162,0.004612117034
72.04518926,0.005269404293,0.009222224776,-0.01754203566,0.004822339134
72.16983492,0.005547635206,0.00953457485,-0.01714442965,0.005021954153
72.29448057,0.005814646231,0.009818976348,-0.01670795823,0.00521057994
72.41912623,0.006069464659,0.01007388427,-0.01623216607,0.005387834346
72.54377189,0.006311117781,0.01029775361,-0.01571659783,0.005553335219
72.66841754,0.006538632888,0.01048903936,-0.01516079817,0.00570670041
72.7930632,0.006751037271,0.01064619654,-0.01456431176,0.005847547767
72.91770885,0.00694735822,0.01076768013,-0.01392668325,0.005975495141
73.04235451,0.007126623027,0.01085194513,-0.0132474573,0.006090160382
73.16700017,0.007287858982,0.01089744655,-0.01252617858,0.006191161338
73.29164582,0.007430093376,0.01090263937,-0.01176239174,0.00627811586
73.41629148,0.007552353501,0.0108659786,-0.01095564145,0.006350641797
73.54093714,0.007653666647,0.01078591924,-0.01010547237,0.006408356999
73.66558279,0.007733060105,0.01066091629,-0.009211429146,0.006450879315
73.79022845,0.007789561166,0.01048942474,-0.008273056454,0.006477826595
73.9148741,0.00782219712,0.01026989959,-0.00728989895,0.006488816689
74.03951976,0.00782999526,0.01000079584,-0.006261501294,0.006483467446
74.16416542,0.007811982875,0.009680568489,-0.005187408146,0.006461396716
74.28881107,0.007767187257,0.009307672535,-0.004067164169,0.006422222348
74.41345673,0.007694635696,0.008880562977,-0.002900314022,0.006365562193
74.53810238,0.007593355484,0.008397694811,-0.001686402365,0.0062910341
74.66274804,0.007462373911,0.007857523038,-0.0004249738602,0.006198255917
74.7873937,0.007300718268,0.007258502655,0.0008844268329,0.006086845496
74.91203935,0.007107415847,0.00659908866,0.002242255053,0.005956420686
75.03668501,0.006881493937,0.005877736052,0.003648966141,0.005806599336
75.16133067,0.00662197983,0.005092899829,0.005105015434,0.005636999296
75.28597632,0.006327900818,0.00424303499,0.006610858273,0.005447238415
75.41062198,0.00599828419,0.003326596533,0.008166949997,0.005236934544
75.53526763,0.005632157238,0.002342039455,0.009773745946,0.005005705531
75.65991329,0.005228547252,0.001287818757,0.01143170146,0.004753169227
75.78455895,0.004786481524,0.000162389435,0.01314127187,0.004478943481
75.9092046,0.004318817128,-0.001009326067,0.01486892959,0.004182916549
76.03385026,0.003879721654,-0.002123375758,0.01648086366,0.003866360252
76.15849591,0.003474011962,-0.003170293515,0.01796607308,0.003530306645
76.28314157,0.003100791486,-0.004151549382,0.0193276686,0.003175710145
76.40778723,0.002759163662,-0.0050686134,0.02056876097,0.002803525168
76.53243288,0.002448231922,-0.005922955612,0.02169246094,0.002414706131
76.65707854,0.002167099702,-0.006716046061,0.02270187925,0.002010207449
76.7817242,0.001914870435,-0.007449354788,0.02360012665,0.001590983538
76.90636985,0.001690647556,-0.008124351836,0.02439031387,0.001157988815
77.03101551,0.001493534499,-0.008742507247,0.02507555168,0.000712177695
77.15566116,0.001322634699,-0.009305291064,0.02565895081,0.0002545045949
77.28030682,0.001177051589,-0.009814173328,0.02614362201,-0.0002140760695
77.40495248,0.001055888604,-0.01027062408,0.02653267602,-0.0006926098822
77.52959813,0.0009582491777,-0.01067611337,0.0268292236,-0.001180142427
77.65424379,0.0008832367448,-0.01103211123,0.02703637548,-0.001675719288
77.77888944,0.0008299547394,-0.01134008771,0.02715724242,-0.002178386048
77.9035351,0.0007975065958,-0.01160151285,0.02719493515,-0.002687188293
78.02818076,0.0007849957482,-0.01181785669,0.02715256444,-0.003201171605
78.15282641,0.0007915256309,-0.01199058928,0.02703324101,-0.003719381569
78.27747207,0.0008161996781,-0.01212118065,0.02684007562,-0.004240863769
78.40211773,0.000858121324,-0.01221110085,0.02657617901,-0.004764663788
78.52676338,0.0009163940028,-0.01226181992,0.02624466193,-0.005289827211
78.65140904,0.000990121149,-0.01227480791,0.02584863512,-0.00581539962
78.77605469,0.001078406197,-0.01225153485,0.02539120934,-0.006340426602
78.90070035,0.00118035258,-0.01219347079,0.02487549532,-0.006863953738
79.02534601,0.001295063733,-0.01210208577,0.02430460381,-0.007385026613
79.14999166,0.001421643091,-0.01197884983,0.02368164556,-0.007902690812
79.27463732,0.001559194087,-0.01182523302,0.02300973131,-0.008415991917
79.39928297,0.001706820155,-0.01164270537,0.02229197182,-0.008923975513
79.52392863,0.001863624731,-0.01143273694,0.02153147782,-0.009425687184
79.64857429,0.002028711248,-0.01119679776,0.02073136006,-0.009920172513
79.77321994,0.00220118314,-0.01093635787,0.01989472928,-0.01040647709
79.8978656,0.002380143842,-0.01065288732,0.01902469624,-0.01088364648
80.02251126,0.002564696787,-0.01034785614,0.01812437168,-0.01135072629
80.14715691,0.002753945411,-0.01002273439,0.01719686635,-0.0118067621
80.27180257,0.002946993148,-0.009678992106,0.01624529098,-0.01225079948
80.39644822,0.003142943431,-0.009318099325,0.01527275633,-0.01268188402
80.52109388,0.003340899695,-0.008941526093,0.01428237315,-0.01309906131
80.64573954,0.003539965374,-0.008550742451,0.01327725217,-0.01350137693
80.77038519,0.003739243902,-0.008147218443,0.01226050414,-0.01388787646
80.89503085,0.003937838714,-0.00773242411,0.01123523982,-0.01425760549
81.0196765,0.004134853244,-0.007307829494,0.01020456994,-0.01460960961
81.14432216,0.004329390926,-0.006874904639,0.009171605251,-0.01494293439
81.26896782,0.004520555195,-0.006435119586,0.008139456501,-0.01525662541
81.39361347,0.004707449484,-0.005989944378,0.007111234435,-0.01554972827
81.51825913,0.004889177228,-0.005540849057,0.006090049798,-0.01582128855
81.64290479,0.005064841861,-0.005089303666,0.005079013335,-0.01607035183
81.76755044,0.005233546817,-0.004636778246,0.004081235794,-0.0162959637
81.8921961,0.005394395531,-0.00418474284,0.00309982792,-0.01649716973
82.01684175,0.005546491437,-0.003734667491,0.002137900458,-0.01667301552
82.14148741,0.005688937969,-0.00328802224,0.001198564155,-0.01682254664
82.26613307,0.005820838561,-0.002846277131,0.0002849297564,-0.01694480869
82.39077872,0.005941296648,-0.002410902205,-0.000599891992,-0.01703884724
82.51542438,0.006049415663,-0.001983367504,-0.001452790344,-0.01710370788
82.64007004,0.006144299042,-0.001565143072,-0.002270654554,-0.01713843619
82.76471569,0.006225050218,-0.00115769895,-0.003050373877,-0.01714207776
82.88936135,0.006290772625,-0.0007625051803,-0.003788837566,-0.01711367816
83.014007,0.006340569698,-0.000381031806,-0.004482934875,-0.017052283
83.13865266,0.006373544872,-1.474886909e-05,-0.005129555058,-0.01695693784
83.26329832,0.006388801579,0.0003348735882,-0.00572558737,-0.01682668827
83.38794397,0.006385443255,0.0006663655234,-0.006267921065,-0.01666057988
83.51258963,0.006362573334,0.0009782568943,-0.006753445397,-0.01645765825
83.63723528,0.00631929525,0.001269077659,-0.007179049621,-0.01621696896
83.76188094,0.006254712437,0.001537357774,-0.007541622989,-0.0159375576
83.8865266,0.00616792833,0.001781627198,-0.007838054756,-0.01561846975
84.01117225,0.006058046362,0.002000415888,-0.008065234178,-0.015258751
84.13581791,0.005924169968,0.002192253802,-0.008220050506,-0.01485744692
84.26046357,0.005765402583,0.002355670898,-0.008299392997,-0.01441360312
84.38510922,0.00558084764,0.002489197133,-0.008300150903,-0.01392626515
84.50975488,0.005369608574,0.002591362466,-0.00821921348,-0.01339447862
84.63440053,0.005130788818,0.002660696852,-0.00805346998,-0.01281728911
84.75904619,0.004863491808,0.002695730252,-0.007799809659,-0.01219374219
84.88369185,0.004566820978,0.002694992621,-0.00745512177,-0.01152288346
85.0083375,0.004239879761,0.002657013918,-0.007016295568,-0.01080375849
85.13298316,0.003881771592,0.002580324101,-0.006480220307,-0.01003541287
85.25762881,0.003491599905,0.002463453126,-0.00584378524,-0.009216892193
85.38227447,0.003068468135,0.002304930953,-0.005103879623,-0.008347242031
85.50692013,0.002611479715,0.002103287537,-0.004257392708,-0.007425507971
85.63156578,0.002119738081,0.001857052838,-0.003301213751,-0.006450735598
85.75621144,0.001592346665,0.001564756812,-0.002232232005,-0.005421970495
85.8808571,0.001028408903,0.001224929418,-0.001047336725,-0.004338258246
86.00550275,0.0004270282284,0.0008361006131,0.0002565828362,-0.003198644436
86.13014841,-0.0002126919242,0.0003968003548,0.001682637423,-0.002002174648
86.25479406,-0.0008916481206,-9.444139915e-05,0.003233937782,-0.0007478944659
86.37943972,-0.001610736927,-0.000639094691,0.004913594659,0.0005651505262
86.50408538,-0.002370854908,-0.001238629563,0.0067247188,0.001937914744
86.62873103,-0.003172898631,-0.001894516058,0.00867042095,0.003371352605
86.75337669,-0.003991600765,-0.00258387072,0.01068897034,0.004818371488
86.87802234,-0.004751276825,-0.003236266912,0.01259258838,0.006139836986
87.002668,-0.005448591234,-0.003847972606,0.01437163766,0.007330048566
87.12731366,-0.006085228512,-0.004419908705,0.01602888654,0.008392542049
87.25195931,-0.00666287318,-0.004952996117,0.01756710338,0.009330853257
87.37660497,-0.007183209757,-0.005448155744,0.01898905656,0.01014851801
87.50125063,-0.007647922766,-0.005906308493,0.02029751443,0.01084907214
87.62589628,-0.008058696726,-0.006328375268,0.02149524536,0.01143605145
87.75054194,-0.008417216157,-0.006715276975,0.02258501772,0.01191299178
87.87518759,-0.00872516558,-0.007067934519,0.02356959987,0.01228342894
87.99983325,-0.008984229515,-0.007387268804,0.02445176018,0.01255089876
88.12447891,-0.009196092484,-0.007674200736,0.02523426701,0.01271893705
88.24912456,-0.009362439005,-0.00792965122,0.02591988873,0.01279107964
88.37377022,-0.009484953601,-0.00815454116,0.02651139369,0.01277086236
88.49841587,-0.009565320791,-0.008349791463,0.02701155028,0.01266182101
88.62306153,-0.009605225095,-0.008516323032,0.02742312685,0.01246749144
88.74770719,-0.009606351035,-0.008655056773,0.02774889176,0.01219140944
88.87235284,-0.009570383131,-0.008766913592,0.02799161339,0.01183711086
88.9969985,-0.009499005902,-0.008852814392,0.02815406009,0.0114081315
89.12164416,-0.00939390387,-0.00891368008,0.02823900024,0.0109080072
89.24628981,-0.009256761555,-0.008950431559,0.02824920219,0.01034027377
89.37093547,-0.009089263478,-0.008963989736,0.02818743432,0.009708467035
89.49558112,-0.008893094159,-0.008955275516,0.02805646498,0.009016122816
89.62022678,-0.008669938118,-0.008925209802,0.02785906255,0.008266776936
89.74487244,-0.008421479876,-0.008874713501,0.02759799539,0.007463965216
89.86951809,-0.008149403953,-0.008804707518,0.02727603185,0.006611223478
89.99416375,-0.00785539487,-0.008716112757,0.02689594032,0.005712087544
90.1188094,-0.007541137147,-0.008609850124,0.02646048915,0.004770093235
90.24345506,-0.007208315305,-0.008486840523,0.02597244671,0.003788776373
90.36810072,-0.006858613864,-0.00834800486,0.02543458136,0.00277167278
90.49274637,-0.006493717345,-0.00819426404,0.02484966148,0.001722318278
90.61739203,-0.006115310267,-0.008026538967,0.02422045541,0.0006442486882
90.74203769,-0.005725077153,-0.007845750547,0.02354973154,-0.0004590001674
90.86668334,-0.005324702521,-0.007652819686,0.02284025821,-0.001583892467
90.991329,-0.004915870893,-0.007448667287,0.02209480381,-0.002726892389
91.11597465,-0.004500266788,-0.007234214256,0.02131613669,-0.003884464112
91.24062031,-0.004079574728,-0.007010381498,0.02050702522,-0.005053071814
91.36526597,-0.003655479233,-0.006778089918,0.01967023777,-0.006229179672
91.48991162,-0.003229664823,-0.006538260422,0.0188085427,-0.007409251866
91.61455728,-0.002803816019,-0.006291813914,0.01792470837,-0.008589752574
91.73920293,-0.002379617341,-0.006039671299,0.01702150315,-0.009767145974
91.86384859,-0.00195875331,-0.005782753482,0.0161016954,-0.01093789624
91.98849425,-0.001542908446,-0.005521981369,0.01516805349,-0.01209846756
92.1131399,-0.001133767269,-0.005258275864,0.01422334579,-0.01324532411
92.23778556,-0.0007330143006,-0.004992557873,0.01327034067,-0.01437493006
92.36243122,-0.0003423340606,-0.0047257483,0.01231180647,-0.01548374959
92.48707687,3.658893045e-05,-0.004458768051,0.01135051158,-0.01656824688
92.61172253,0.0004020701521,-0.00419253803,0.01038922435,-0.01762488612
92.73636818,0.0007524250839,-0.003927979143,0.009430713152,-0.01865013147
92.86101384,0.001085969205,-0.003666012295,0.008477746351,-0.01964044712
92.9856595,0.001401017996,-0.003407558391,0.00753309231,-0.02059229724
93.11030515,0.001695886935,-0.003153538336,0.006599519395,-0.02150214601
93.23495081,0.001968891503,-0.002904873034,0.005679795972,-0.02236645762
93.35959646,0.002218347179,-0.002662483392,0.004776690405,-0.02318169623
93.48424212,0.002442569441,-0.002427290313,0.003892971059,-0.02394432604
93.60888778,0.002639873771,-0.002200214704,0.0030314063,-0.02465081121
93.73353343,0.002808575647,-0.001982177469,0.002194764493,-0.02529761592
93.85817909,0.00294699055,-0.001774099513,0.001385814002,-0.02588120435
93.98282475,0.003053433957,-0.001576901741,0.0006073231929,-0.02639804069
94.1074704,0.00312622135,-0.001391505059,-0.0001379395692,-0.0268445891
94.23211606,0.003163668208,-0.00121883037,-0.0008472059192,-0.02721731377
94.35676171,0.003164090009,-0.001059798582,-0.001517707492,-0.02751267888
94.48140737,0.003125802235,-0.0009153305976,-0.002146675923,-0.0277271486
94.60605303,0.003047120363,-0.0007863473229,-0.002731342846,-0.02785718711
94.73069868,0.002926359875,-0.0006737696628,-0.003268939896,-0.02789925859
94.85534434,0.002761836248,-0.0005785185224,-0.00375669871,-0.02784982722
94.97998999,0.002551864964,-0.0005015148066,-0.00419185092,-0.02770535717
95.10463565,0.002294761501,-0.0004436794205,-0.004571628162,-0.02746231263
95.22928131,0.001988841339,-0.0004059332693,-0.004893262072,-0.02711715778
95.35392696,0.001632419957,-0.0003891972579,-0.005153984284,-0.02666635678
95.47857262,0.001223812836,-0.0003943922914,-0.005351026432,-0.02610637382
95.60321828,0.0007613354536,-0.0004224392749,-0.005481620152,-0.02543367309
95.72786393,0.0002433032907,-0.0004742591133,-0.005542997079,-0.02464471874
95.85250959,-0.0003319681735,-0.0005507727119,-0.005532388847,-0.02373597498
95.97715524,-0.0009661634595,-0.0006529009755,-0.005447027092,-0.02270390596
96.1018009,-0.001660967088,-0.0007815648093,-0.005284143448,-0.02154497587
96.22644656,-0.002418063579,-0.0009376851184,-0.00504096955,-0.0202556489
96.35109221,-0.003239137453,-0.001122182808,-0.004714737033,-0.01883238921
96.47573787,-0.004125873231,-0.001335978782,-0.004302677532,-0.01727166099
96.60038353,-0.005079955433,-0.001579993947,-0.003802022682,-0.01556992841
96.72502918,-0.006103068579,-0.001855149208,-0.003210004118,-0.01372365565
96.84967484,-0.007196897191,-0.002162365469,-0.002523853474,-0.01172930689
96.97432049,-0.008363125788,-0.002502563635,-0.001740802386,-0.009583346316
97.09896615,-0.009603438891,-0.002876664613,-0.0008580824886,-0.007282238094
97.22361181,-0.01091952102,-0.003285589305,0.0001270745838,-0.004822446408
97.34825746,-0.0123130567,-0.003730258619,0.001217437196,-0.002200435434
97.47290312,-0.01378573044,-0.004211593458,0.002415773713,0.0005873306474
97.59754877,-0.01528385952,-0.004698877198,0.003673553226,0.003427646834
97.72219443,-0.01668826008,-0.005124273846,0.004880278068,0.006069334677
97.84684009,-0.01799688818,-0.005487152218,0.006032867638,0.008508320375
97.97148574,-0.01921197632,-0.005789329362,0.007132184603,0.01074954901
98.0961314,-0.02033575702,-0.00603262232,0.008179091632,0.01279796565
98.22077706,-0.02137046281,-0.006218848139,0.00917445139,0.01465851539
98.34542271,-0.0223183262,-0.006349823862,0.01011912654,0.0163361433
98.47006837,-0.0231815797,-0.006427366534,0.01101397976,0.01783579445
98.59471402,-0.02396245585,-0.0064532932,0.01185987371,0.01916241393
98.71935968,-0.02466318715,-0.006429420905,0.01265767106,0.02032094682
98.84400534,-0.02528600612,-0.006357566694,0.01340823447,0.02131633819
98.96865099,-0.02583314529,-0.00623954761,0.01411242662,0.02215353313
99.09329665,-0.02630683717,-0.006077180699,0.01477111016,0.0228374767
99.2179423,-0.02670931428,-0.005872283006,0.01538514777,0.023373114
99.34258796,-0.02704280913,-0.005626671574,0.01595540212,0.02376539009
99.46723362,-0.02730955425,-0.00534216345,0.01648273586,0.02401925006
99.59187927,-0.02751178216,-0.005020575677,0.01696801167,0.02413963899
99.71652493,-0.02765172537,-0.0046637253,0.01741209222,0.02413150195
99.84117059,-0.0277316164,-0.004273429365,0.01781584017,0.02399978403
99.96581624,-0.02775368777,-0.003851504914,0.01818011818,0.02374943029
100.0904619,-0.02772017199,-0.003399768995,0.01850578893,0.02338538583
100.2151076,-0.0276333016,-0.00292003865,0.01879371509,0.02291259571
100.3397532,-0.02749530909,-0.002414130925,0.01904475931,0.02233600502
100.4643989,-0.027308427,-0.001883862864,0.01925978428,0.02166055884
100.5890445,-0.02707488784,-0.001331051513,0.01943965264,0.02089120224
100.7136902,-0.02679692413,-0.0007575139152,0.01958522708,0.02003288031
100.8383358,-0.02647676839,-0.000165067116,0.01969737025,0.01909053812
100.9629815,-0.02611665314,0.0004444718399,0.01977694483,0.01806912074
101.0876271,-0.02571881088,0.001069285908,0.01982481349,0.01697357327
101.2122728,-0.02528547416,0.001707558043,0.01984183888,0.01580884077
101.3369185,-0.02481887547,0.002357471202,0.01982888368,0.01457986833
101.4615641,-0.02432124734,0.003017208338,0.01978681055,0.01329160103
101.5862098,-0.02379482229,0.003684952407,0.01971648216,0.01194898393
101.7108554,-0.02324183283,0.004358886365,0.01961876118,0.01055696213
101.8355011,-0.02266451149,0.005037193167,0.01949451028,0.009120480699
101.9601467,-0.02206509079,0.005718055768,0.01934459212,0.007644484717
102.0847924,-0.02144580323,0.006399657124,0.01916986936,0.006133919262
102.2094381,-0.02080888135,0.00708018019,0.01897120468,0.004593729413
102.3340837,-0.02015655765,0.00775780792,0.01874946075,0.003028860249
102.4587294,-0.01949106465,0.008430723271,0.01850550022,0.001444256848
102.583375,-0.01881463489,0.009097109198,0.01824018578,-0.0001551357113
102.7080207,-0.01812950086,0.009755148656,0.01795438007,-0.00176437235
102.8326663,-0.0174378951,0.0104030246,0.01764894578,-0.00337850799
102.957312,-0.01674205011,0.01103891999,0.01732474557,-0.004992597552
103.0819576,-0.01604419843,0.01166101777,0.0169826421,-0.006601695958
103.2066033,-0.01534657256,0.0122675009,0.01662349804,-0.008200858129
103.331249,-0.01465140502,0.01285655235,0.01624817606,-0.009785138987
103.4558946,-0.01396092834,0.01342635505,0.01585753883,-0.01134959345
103.5805403,-0.01327737503,0.01397509198,0.01545244902,-0.01288927645
103.7051859,-0.0126029776,0.01450094607,0.01503376928,-0.01439924289
103.8298316,-0.01193996859,0.0150021003,0.01460236229,-0.01587454771
103.9544772,-0.0112905805,0.01547673761,0.01415909072,-0.01731024583
104.0791229,-0.01065704586,0.01592304096,0.01370481723,-0.01870139215
104.2037686,-0.01004159718,0.0163391933,0.01324040449,-0.02004304162
104.3284142,-0.009446466982,0.0167233776,0.01276671516,-0.02133024914
104.4530599,-0.008873887782,0.0170737768,0.01228461192,-0.02255806964
104.5777055,-0.008326092101,0.01738857386,0.01179495743,-0.02372155804
104.7023512,-0.007805312456,0.01766595173,0.01129861436,-0.02481576927
104.8269968,-0.007313781366,0.01790409338,0.01079644537,-0.02583575823
104.9516425,-0.006853731349,0.01810118175,0.01028931313,-0.02677657987
105.0762881,-0.006427394923,0.01825539981,0.009778080306,-0.02763328909
105.2009338,-0.006037004607,0.0183649305,0.009263609571,-0.02840094081
105.3255795,-0.005684792919,0.01842795678,0.008746763589,-0.02907458997
105.4502251,-0.005372992377,0.01844266162,0.008228405027,-0.02964929148
105.5748708,-0.0051038355,0.01840722795,0.007709396552,-0.03012010026
105.6995164,-0.004879554806,0.01831983875,0.00719060083,-0.03048207123
105.8241621,-0.004702382814,0.01817867695,0.006672880529,-0.03073025932
105.9488077,-0.004574552041,0.01798192553,0.006157098317,-0.03085971944
106.0734534,-0.004498295006,0.01772776743,0.005644116859,-0.03086550652
106.198099,-0.004475844228,0.01741438561,0.005134798824,-0.03074267548
106.3227447,-0.004509432224,0.01703996302,0.004630006878,-0.03048628124
106.4473904,-0.004601291514,0.01660268263,0.004130603688,-0.03009137873
106.572036,-0.004753654615,0.01610072738,0.003637451922,-0.02955302285
106.6966817,-0.004968754045,0.01553228023,0.003151414246,-0.02886626854
106.8213273,-0.005248822324,0.01489552414,0.002673353328,-0.02802617072
106.945973,-0.00559609197,0.01418864206,0.002204131834,-0.02702778431
107.0706186,-0.0060127955,0.01340981694,0.001744612432,-0.02586616422
107.1952643,-0.006501165433,0.01255723175,0.001295657788,-0.02453636539
107.31991,-0.007063434288,0.01162906943,0.0008581305704,-0.02303344272
107.4445556,-0.007701834582,0.01062351295,0.0004328934456,-0.02135245115
107.5692013,-0.008418598835,0.009538745256,2.080908072e-05,-0.0194884456
107.6938469,-0.009215959564,0.008372949304,-0.0003772598572,-0.01743648098
107.8184926,-0.01009614929,0.00712430805,-0.000760450701,-0.01519161222
107.9431382,-0.01106140053,0.005791004451,-0.001127900784,-0.01274889423
108.0677839,-0.01211394579,0.00437122146,-0.001478747438,-0.01010338195
108.1924295,-0.01325601761,0.002863142034,-0.001812127997,-0.007250130291
108.3170752,-0.0144898485,0.001264949127,-0.002127179794,-0.004184194173
108.4417209,-0.01575640644,-0.0003378676503,-0.002397155684,-0.001052547195
108.5663665,-0.01695797056,-0.001806409814,-0.002581349541,0.001902507871
108.6910122,-0.01809445063,-0.003142138213,-0.00268200356,0.004681197355
108.8156578,-0.01916713218,-0.004348482671,-0.002701952818,0.007287162057
108.9403035,-0.02017730074,-0.00542887301,-0.002644032397,0.009724042779
109.0649491,-0.02112624184,-0.006386739054,-0.002511077375,0.01199548032
109.1895948,-0.022015241,-0.007225510624,-0.002305922831,0.01410511549
109.3142405,-0.02284558376,-0.007948617543,-0.002031403846,0.01605658908
109.4388861,-0.02361855564,-0.008559489634,-0.001690355498,0.0178535419
109.5635318,-0.02433544218,-0.00906155672,-0.001285612867,0.01949961474
109.6881774,-0.02499752889,-0.009458248623,-0.0008200110321,0.02099844841
109.8128231,-0.02560610132,-0.009752995166,-0.0002963850731,0.02235368371
109.9374687,-0.02616244499,-0.009949226172,0.0002824299307,0.02356896145
110.0621144,-0.02666784542,-0.01005037146,0.0009135989,0.02464792241
110.18676,-0.02712358815,-0.01005986086,0.001594286755,0.02559420741
110.3114057,-0.02753095871,-0.009981124193,0.002321658417,0.02641145725
110.4360514,-0.02789124262,-0.009817591276,0.003092878806,0.02710331272
110.560697,-0.02820572542,-0.009572691936,0.003905112843,0.02767341463
110.6853427,-0.02847569263,-0.009249855994,0.004755525448,0.02812540377
110.8099883,-0.02870242978,-0.008852513274,0.005641281542,0.02846292096
110.934634,-0.02888722241,-0.008384093598,0.006559546046,0.02868960699
111.0592796,-0.02903135603,-0.007848026789,0.007507483879,0.02880910267
111.1839253,-0.02913611618,-0.007247742669,0.008482259964,0.02882504879
111.308571,-0.0292027884,-0.006586671062,0.00948103922,0.02874108615
111.4332166,-0.02923265819,-0.005868241789,0.01050098657,0.02856085557
111.5578623,-0.02922701111,-0.005095884674,0.01153926693,0.02828799783
111.6825079,-0.02918713266,-0.004273029539,0.01259304522,0.02792615374
111.8071536,-0.02911430839,-0.003403106207,0.01365948637,0.0274789641
111.9317992,-0.02900982383,-0.0024895445,0.01473575529,0.02695006972
112.0564449,-0.02887496449,-0.001535774242,0.0158190169,0.02634311139
112.1810905,-0.02871101592,-0.000545225255,0.01690643613,0.02566172992
112.3057362,-0.02851926363,0.0004786726387,0.0179951779,0.0249095661
112.4303819,-0.02830099317,0.001532489616,0.01908240712,0.02409026075
112.5550275,-0.02805749005,0.002612795855,0.02016528872,0.02320745465
112.6796732,-0.0277900398,0.003716161531,0.02124098762,0.02226478861
112.8043188,-0.02749992797,0.004839156824,0.02230666874,0.02126590344
112.9289645,-0.02718844006,0.005978351909,0.023359497,0.02021443993
113.0536101,-0.02685686162,0.007130316965,0.02439663731,0.01911403888
113.1782558,-0.02650647817,0.008291622169,0.02541525461,0.01796834111
113.3029015,-0.02613857524,0.009458837697,0.0264125138,0.0167809874
113.4275471,-0.02575443836,0.01062853373,0.02738557982,0.01555561856
113.5521928,-0.02535535306,0.01179728044,0.02833161758,0.01429587539
113.6768384,-0.02494260487,0.01296164801,0.029247792,0.01300539869
113.8014841,-0.02451747932,0.01411820661,0.030131268,0.01168782927
113.9261297,-0.02408126193,0.01526352642,0.03097921051,0.01034680792
114.0507754,-0.02363523823,0.01639417762,0.03178878444,0.008985975448
114.175421,-0.02318069376,0.01750673039,0.03255715472,0.007608972653
114.3000667,-0.02271891404,0.0185977549,0.03328148626,0.006219440338
114.4247124,-0.0222511846,0.01966382133,0.03395894399,0.004821019303
114.549358,-0.02177879097,0.02070149987,0.03458669282,0.00341735035
114.6740037,-0.02130301869,0.02170736067,0.03516189768,0.00201207428
114.7986493,-0.02082515327,0.02267797393,0.03568172349,0.000608831894
114.923295,-0.02034648024,0.02360990982,0.03614333517,-0.0007887360056
115.0479406,-0.01986828514,0.02449973852,0.03654389763,-0.002176988618
115.1725863,-0.0193918535,0.0253440302,0.03688057581,-0.003552285142
115.2972319,-0.01891847084,0.02613935504,0.03715053461,-0.004910984775
115.4218776,-0.0184494227,0.02688228322,0.03735093897,-0.006249446718
115.5465233,-0.01798599459,0.02756938492,0.03747895379,-0.007564030167
115.6711689,-0.01752947206,0.02819723032,0.03753174401,-0.008851094323
115.7958146,-0.01708114063,0.02876238958,0.03750647454,-0.01010699838
115.9204602,-0.01664228582,0.0292614329,0.03740031031,-0.01132810155
116.0451059,-0.01621419318,0.02969093044,0.03721041622,-0.01251076301
116.1697515,-0.01579814821,0.03004745238,0.03693395722,-0.01365134198
116.2943972,-0.01539543647,0.0303275689,0.0365680982,-0.01474619764
116.4190429,-0.01500734347,0.03052785019,0.0361100041,-0.0157916892
116.5436885,-0.01463515474,0.0306448664,0.03555683984,-0.01678417586
116.6683342,-0.01428015582,0.03067518773,0.03490577033,-0.01772001681
116.7929798,-0.01394363222,0.03061538435,0.0341539605,-0.01859557126
116.9176255,-0.01362686949,0.03046202644,0.03329857527,-0.0194071984
117.0422711,-0.01333115314,0.03021168417,0.03233677956,-0.02015125743
117.1669168,-0.01305776871,0.02986092773,0.03126573828,-0.02082410755
117.2915624,-0.01280800173,0.02940632728,0.03008261637,-0.02142210796
117.4162081,-0.01258313773,0.02884445301,0.02878457873,-0.02194161785
117.5408538,-0.01238446223,0.02817187509,0.0273687903,-0.02237899643
117.6654994,-0.01221326076,0.02738516371,0.02583241598,-0.02273060289
117.7901451,-0.01207081886,0.02648088903,0.02417262071,-0.02299279644
117.9147907,-0.01195842205,0.02545562124,0.0223865694,-0.02316193626
118.0394364,-0.01187735586,0.02430593051,0.02047142697,-0.02323438157
118.164082,-0.01182890582,0.02302838702,0.01842435835,-0.02320649156
118.2887277,-0.01181435746,0.02161956095,0.01624252845,-0.02307462542
118.4133734,-0.0118349963,0.02007602248,0.01392310219,-0.02283514236
118.538019,-0.01189210788,0.01839434178,0.0114632445,-0.02248440157
118.6626647,-0.01198697773,0.01657108903,0.008860120297,-0.02201876226
118.7873103,-0.01212089137,0.0146028344,0.006110894499,-0.02143458361
118.911956,-0.01229513433,0.01248614808,0.003212732028,-0.02072822484
119.0366016,-0.01251099215,0.01021760024,0.000162797804,-0.01989604514
119.1612473,-0.01276975034,0.00779376106,-0.003041743252,-0.0189344037
119.2858929,-0.01305270056,0.005357533313,-0.00626614688,-0.01790202989
119.4105386,-0.0133364813,0.003078667152,-0.009350033839,-0.01687179433
119.5351843,-0.01362080655,0.0009539396885,-0.012295428,-0.01584437245
119.6598299,-0.01390543114,-0.001020174335,-0.01510463732,-0.01482031215
119.7844756,-0.0141901099,-0.002847200177,-0.01777996976,-0.01380016131
119.9091212,-0.01447459766,-0.004530663096,-0.02032373328,-0.01278446782
120.0337669,-0.01475864924,-0.006074088349,-0.02273823584,-0.01177377959
120.1584125,-0.01504201948,-0.007481001195,-0.02502578539,-0.01076864449
120.2830582,-0.01532446319,-0.008754926892,-0.02718868989,-0.009769610422
120.4077039,-0.0156057352,-0.009899390697,-0.02922925731,-0.008777225274
120.5323495,-0.01588559035,-0.01091791787,-0.0311497956,-0.007792036938
120.6569952,-0.01616378345,-0.01181403367,-0.03295261272,-0.006814593304
120.7816408,-0.01644006934,-0.01259126335,-0.03464001663,-0.005845442263
120.9062865,-0.01671420284,-0.01325313217,-0.03621431528,-0.004885131706
121.0309321,-0.01698593877,-0.01380316539,-0.03767781665,-0.003934209525
121.1555778,-0.01725503198,-0.01424488827,-0.03903282867,-0.00299322361
121.2802234,-0.01752123727,-0.01458182606,-0.04028165933,-0.002062721853
121.4048691,-0.01778430948,-0.01481750403,-0.04142661656,-0.001143252144
121.5295148,-0.01804400344,-0.01495544743,-0.04247000834,-0.0002353623746
121.6541604,-0.01830007398,-0.01499918152,-0.04341414261,0.0006603995646
121.7788061,-0.01855227591,-0.01495223155,-0.04426132735,0.001543485782
121.9034517,-0.01880036407,-0.0148181228,-0.0450138705,0.002413348388
122.0280974,-0.01904409328,-0.0146003805,-0.04567408003,0.003269439489
122.152743,-0.01928321837,-0.01430252993,-0.04624426389,0.004111211197
122.2773887,-0.01951749417,-0.01392809634,-0.04672673005,0.004938115619
122.4020344,-0.01974667551,-0.01348060499,-0.04712378646,0.005749604864
122.52668,-0.0199705172,-0.01296358113,-0.04743774108,0.006545131042
122.6513257,-0.02018877408,-0.01238055003,-0.04767090187,0.007324146261
122.7759713,-0.02040120098,-0.01173503694,-0.04782557679,0.008086102631
122.900617,-0.02060755272,-0.01103056712,-0.0479040738,0.00883045226
123.0252626,-0.02080758413,-0.01027066583,-0.04790870085,0.009556647258
123.1499083,-0.02100105003,-0.009458858329,-0.04784176591,0.01026413973
123.2745539,-0.02118770525,-0.008598669871,-0.04770557693,0.01095238179
123.3991996,-0.02136730463,-0.007693625716,-0.04750244188,0.01162082555
123.5238453,-0.02153960298,-0.006747251122,-0.0472346687,0.01226892311
123.6484909,-0.02170435513,-0.005763071348,-0.04690456537,0.01289612659
123.7731366,-0.02186131591,-0.00474461165,-0.04651443984,0.01350188808
123.8977822,-0.02201024015,-0.003695397288,-0.04606660006,0.01408565971
124.0224279,-0.02215088267,-0.00261895352,-0.04556335399,0.01464689358
124.1470735,-0.0222829983,-0.001518805603,-0.04500700961,0.0151850418
124.2717192,-0.02240634187,-0.0003984787961,-0.04439987485,0.01569955648
124.3963648,-0.02252066821,0.0007385016433,-0.04374425769,0.01618988972
124.5210105,-0.02262573213,0.001888610457,-0.04304246608,0.01665549364
124.6456562,-0.02272128847,0.003048322386,-0.04229680798,0.01709582035
124.7703018,-0.02280709206,0.004214112174,-0.04150959135,0.01751032195
124.8949475,-0.02288289772,0.005382454561,-0.04068312414,0.01789845055
125.0195931,-0.02294846027,0.00654982429,-0.03981971432,0.01825965826
125.1442388,-0.02300353456,0.007712696103,-0.03892166985,0.0185933972
125.2688844,-0.02304787539,0.008867544741,-0.03799129868,0.01889911947
125.3935301,-0.0230812376,0.01001084495,-0.03703090877,0.01917627717
125.5181758,-0.02310337602,0.01113907146,-0.03604280808,0.01942432243
125.6428214,-0.02311404547,0.01224869903,-0.03502930457,0.01964270734
125.7674671,-0.02311300078,0.01333620239,-0.0339927062,0.01983088402
125.8921127,-0.02309999678,0.01439805628,-0.03293532093,0.01998830457
126.0167584,-0.02307478829,0.01543073546,-0.03185945671,0.02011442111
126.141404,-0.02303713015,0.01643071465,-0.03076742151,0.02020868574
126.2660497,-0.02298677716,0.0173944686,-0.02966152328,0.02027055057
126.3906953,-0.02292348418,0.01831847205,-0.02854406998,0.02029946771
126.515341,-0.02284700601,0.01919919975,-0.02741736957,0.02029488928
126.6399867,-0.02275709749,0.02003312644,-0.02628373001,0.02025626737
126.7646323,-0.02265351345,0.02081672685,-0.02514545926,0.0201830541
126.889278,-0.02253600871,0.02154647573,-0.02400486528,0.02007470158
127.0139236,-0.02240433809,0.02221884783,-0.02286425603,0.01993066191
127.1385693,-0.02225825643,0.02283031788,-0.02172593945,0.01975038721
127.2632149,-0.02209751856,0.02337736063,-0.02059222352,0.01953332958
127.3878606,-0.02192187929,0.02385645081,-0.0194654162,0.01927894114
127.5125063,-0.02173109346,0.02426406318,-0.01834782543,0.01898667399
127.6371519,-0.02152491589,0.02459667247,-0.01724175918,0.01865598024
127.7617976,-0.02130310141,0.02485075342,-0.01614952541,0.01828631199
127.8864432,-0.02106540485,0.02502278077,-0.01507343208,0.01787712137
128.0110889,-0.02081158103,0.02510922928,-0.01401578714,0.01742786048
128.1357345,-0.02054138478,0.02510657367,-0.01297889856,0.01693798142
128.2603802,-0.02025457093,0.02501128869,-0.01196507429,0.01640693631
128.3850258,-0.0199508943,0.02481984909,-0.01097662229,0.01583417725
128.5096715,-0.01963010972,0.02452872961,-0.01001585052,0.01521915636
128.6343172,-0.01929197203,0.02413440498,-0.009085066944,0.01456132574
128.7589628,-0.01893623603,0.02363334994,-0.008186579514,0.0138601375
128.8836085,-0.01856265657,0.02302203925,-0.00732269619,0.01311504376
129.0082541,-0.01817098846,0.02229694765,-0.006495724931,0.01232549661
129.1328998,-0.01776098654,0.02145454987,-0.005707973696,0.01149094817
129.2575454,-0.01733240564,0.02049132065,-0.004961750445,0.01061085055
129.3821911,-0.01688500057,0.01940373474,-0.004259363135,0.00968465586
129.5068368,-0.01641852617,0.01818826689,-0.003603119725,0.008711816203
129.6314824,-0.01593273726,0.01684139182,-0.002995328174,0.00769178369
129.7561281,-0.01542738867,0.01535958429,-0.002438296441,0.006624010432
129.8807737,-0.01490223522,0.01373931904,-0.001934332485,0.005507948536
130.0054194,-0.0143571213,0.01197730964,-0.00148577807,0.004343170975
130.130065,-0.01384276949,0.01020712923,-0.001113363336,0.003198181468
130.2547107,-0.01340067941,0.008541996561,-0.0008313254967,0.002129982399
130.3793563,-0.0130287239,0.006979740611,-0.0006367414334,0.00113690802
130.504002,-0.01272477581,0.005518190344,-0.0005266880281,0.00021729258
130.6286477,-0.01248670798,0.004155174726,-0.0004982421628,-0.000630529668
130.7532933,-0.01231239326,0.002888522725,-0.0005484807192,-0.001408224473
130.877939,-0.01219970449,0.00171606331,-0.0006744805792,-0.002117457584
131.0025846,-0.01214651452,0.0006356254479,-0.0008733186245,-0.00275989475
131.1272303,-0.01215069618,-0.0003549618939,-0.001142071737,-0.003337201718
131.2518759,-0.01221012233,-0.001257869747,-0.001477816798,-0.003851044239
131.3765216,-0.0123226658,-0.002075269145,-0.001877630691,-0.00430308806
131.5011673,-0.01248619945,-0.002809331119,-0.002338590295,-0.00469499893
131.6258129,-0.0126985961,-0.003462226702,-0.002857772495,-0.005028442598
131.7504586,-0.01295772862,-0.004036126925,-0.00343225417,-0.005305084813
131.8751042,-0.01326146985,-0.004533202822,-0.004059112203,-0.005526591324
131.9997499,-0.01360769262,-0.004955625425,-0.004735423477,-0.005694627878
132.1243955,-0.01399426978,-0.005305565765,-0.005458264872,-0.005810860225
132.2490412,-0.01441907417,-0.005585194876,-0.00622471327,-0.005876954113
132.3736868,-0.01487997865,-0.005796683789,-0.007031845554,-0.005894575292
132.4983325,-0.01537485605,-0.005942203537,-0.007876738604,-0.005865389509
132.6229782,-0.01590157922,-0.006023925153,-0.008756469304,-0.005791062514
132.7476238,-0.016458021,-0.006044019667,-0.009668114534,-0.005673260055
132.8722695,-0.01704205423,-0.006004658114,-0.01060875118,-0.005513647881
132.9969151,-0.01765155177,-0.005908011525,-0.01157545611,-0.00531389174
133.1215608,-0.01828438645,-0.005756250932,-0.01256530623,-0.005075657381
133.2462064,-0.01893843111,-0.005551547367,-0.0135753784,-0.004800610554
133.3708521,-0.01961155861,-0.005296071864,-0.01460274951,-0.004490417006
133.4954977,-0.02030164179,-0.004991995454,-0.01564449644,-0.004146742486
133.6201434,-0.02100655349,-0.00464148917,-0.01669769608,-0.003771252744
133.7447891,-0.02172416655,-0.004246724043,-0.0177594253,-0.003365613527
133.8694347,-0.02245235382,-0.003809871107,-0.01882676099,-0.002931490584
133.9940804,-0.02318898814,-0.003333101394,-0.01989678002,-0.002470549664
134.118726,-0.02393194236,-0.002818585935,-0.02096655929,-0.001984456517
134.2433717,-0.02467908932,-0.002268495763,-0.02203317567,-0.001474876889
134.3680173,-0.02542830186,-0.001685001911,-0.02309370605,-0.000943476531
134.492663,-0.02617745284,-0.001070275411,-0.0241452273,-0.0003919211906
134.6173087,-0.02692441509,-0.0004264872949,-0.02518481631,0.0001781233834
134.7419543,-0.02766706145,0.0002441914048,-0.02620954995,0.0007649914421
134.8666,-0.02840326478,0.0009395896558,-0.02721650512,0.001367017237
134.9912456,-0.02913089791,0.001657536426,-0.02820275869,0.001982535019
135.1158913,-0.02984783369,0.002395860682,-0.02916538755,0.00260987904
135.2405369,-0.03055194496,0.003152391393,-0.03010146858,0.003247383551
135.3651826,-0.03124110457,0.003924957526,-0.03100807865,0.003893382804
135.4898282,-0.03191318537,0.004711388049,-0.03188229465,0.004546211049
135.6144739,-0.03256606019,0.005509511929,-0.03272119347,0.005204202538
135.7391196,-0.03319760187,0.006317158135,-0.03352185198,0.005865691522
135.8637652,-0.03380568328,0.007132155633,-0.03428134707,0.006529012253
135.9884109,-0.03438817724,0.007952333391,-0.03499675561,0.007192498982
136.1130565,-0.0349429566,0.008775520378,-0.0356651545,0.00785448596
136.2377022,-0.03546789421,0.009599545561,-0.0362836206,0.008513307439
136.3623478,-0.03596086291,0.01042223791,-0.03684923081,0.009167297669
136.4869935,-0.03641973554,0.01124142638,-0.037359062,0.009814790903
136.6116392,-0.03684238496,0.01205493996,-0.03781019106,0.01045412139
136.7362848,-0.03722668399,0.0128606076,-0.03819969487,0.01108362339
136.8609305,-0.03757050549,0.01365625828,-0.03852465031,0.01170163114
136.9855761,-0.03787172231,0.01443972096,-0.03878213426,0.0123064789
137.1102218,-0.03812820727,0.01520882461,-0.03896922361,0.01289650091
137.2348674,-0.03833783324,0.0159613982,-0.03908299523,0.01347003144
137.3595131,-0.03849847305,0.01669527069,-0.03912052601,0.01402540474
137.4841587,-0.03860799954,0.01740827105,-0.03907889283,0.01456095504
137.6088044,-0.03866428557,0.01809822826,-0.03895517257,0.01507501661
137.7334501,-0.03866520397,0.01876297127,-0.03874644211,0.0155659237
137.8580957,-0.03860862759,0.01940032906,-0.03844977834,0.01603201056
137.9827414,-0.03849242928,0.02000813059,-0.03806225814,0.01647161143
138.107387,-0.03831448187,0.02058420483,-0.03758095838,0.01688306057
138.2320327,-0.03807265822,0.02112638076,-0.03700295595,0.01726469224
138.3566783,-0.03776483115,0.02163248733,-0.03632532774,0.01761484068
138.481324,-0.03738887353,0.02210035351,-0.03554515062,0.01793184014
138.6059697,-0.0369426582,0.02252780828,-0.03465950147,0.01821402488
138.7306153,-0.03642405799,0.02291268059,-0.03366545719,0.01845972914
138.855261,-0.03583094575,0.02325279942,-0.03256009464,0.01866728718
138.9799066,-0.03516119433,0.02354599374,-0.03134049072,0.01883503326
139.1045523,-0.03441267657,0.02379009251,-0.03000372229,0.01896130161
139.2291979,-0.03358326531,0.0239829247,-0.02854686625,0.01904442649
139.3538436,-0.0326708334,0.02412231928,-0.02696699948,0.01908274216
139.4784892,-0.03167325369,0.02420610522,-0.02526119886,0.01907458286
139.6031349,-0.03058839901,0.02423211147,-0.02342654127,0.01901828285
139.7277806,-0.02941414221,0.02419816702,-0.02146010359,0.01891217638
139.8524262,-0.02814835613,0.02410210083,-0.0193589627,0.01875459769
139.9770719,-0.02678891363,0.02394174187,-0.01712019549,0.01854388104
140.1017175,-0.02533368753,0.0237149191,-0.01474087884,0.01827836069
140.2263632,-0.0237805507,0.02341946149,-0.01221808962,0.01795637088
140.3510088,-0.02212737596,0.02305319801,-0.009548904732,0.01757624586
140.4756545,-0.02037203617,0.02261395763,-0.006730401042,0.01713631988
140.6003002,-0.01851240417,0.02209956931,-0.003759655438,0.01663492721
140.7249458,-0.0165463528,0.02150786203,-0.0006337447994,0.01607040208
140.8495915,-0.01447331938,0.02083710815,0.002647003292,0.01544142137
140.9742371,-0.0124042969,0.02011786033,0.005851529569,0.01477166273
141.0988828,-0.01040793965,0.01937072742,0.008840042418,0.01407730108
141.2235284,-0.008483550058,0.0185970542,0.0116174796,0.01335966066
141.3481741,-0.006630430578,0.01779818544,0.01418877886,0.01262006571
141.4728197,-0.004847883649,0.01697546593,0.01655887797,0.01185984047
141.5974654,-0.003135211714,0.01613024044,0.01873271468,0.01108030917
141.7221111,-0.001491717217,0.01526385374,0.02071522674,0.01028279606
141.8467567,8.329740007e-05,0.01437765061,0.02251135193,0.009468625375
141.9714024,0.001590529695,0.01347297584,0.02412602799,0.008639121355
142.096048,0.003030677224,0.01255117419,0.02556419268,0.00779560824
142.2206937,0.004404437546,0.01161359044,0.02683078376,0.006939410268
142.3453393,0.005712508216,0.01066156937,0.02793073898,0.006071851679
142.469985,0.006955586793,0.00969645575,0.02886899611,0.005194256713
142.5946306,0.008134370834,0.008719594366,0.0296504929,0.004307949609
142.7192763,0.009249557895,0.007732329991,0.03028016711,0.003414254605
142.843922,0.01030184553,0.0067360074,0.0307629565,0.002514495942
142.9685676,0.01129193131,0.005731971371,0.03110379882,0.001609997859
143.0932133,0.01222051278,0.00472156668,0.03130763183,0.0007020845945
143.2178589,0.0130882875,0.003706138104,0.0313793933,-0.0002079196114
143.3425046,0.01389595302,0.00268703042,0.03132402096,-0.00111869052
143.4671502,0.01464420691,0.001665588403,0.0311464526,-0.002028903891
143.5917959,0.01533374672,0.0006431568307,0.03085162595,-0.002937235485
143.7164416,0.01596527001,-0.0003789195203,0.03044447878,-0.003842361064
143.8410872,0.01653947434,-0.001399295874,0.02992994885,-0.004742956388
143.9657329,0.01705705726,-0.002416627453,0.02931297392,-0.005637697217
144.0903785,0.01751871633,-0.003429569481,0.02859849173,-0.006525259312
144.2150242,0.01792514911,-0.004436777181,0.02779144006,-0.007404318435
144.3396698,0.01827705315,-0.005436905778,0.02689675665,-0.008273550344
144.4643155,0.01857512602,-0.006428610494,0.02591937927,-0.009131630802
144.5889611,0.01882006527,-0.007410546552,0.02486424567,-0.009977235569
144.7136068,0.01901256845,-0.008381369177,0.0237362936,-0.01080904041
144.8382525,0.01915333313,-0.009339733591,0.02254046084,-0.01162572107
144.9628981,0.01924305686,-0.01028429502,0.02128168513,-0.01242595333
145.0875438,0.01928243719,-0.01121370868,0.01996490423,-0.01320841294
145.2121894,0.0192721717,-0.0121266298,0.0185950559,-0.01397177566
145.3368351,0.01921295793,-0.01302171361,0.01717707789,-0.01471471725
145.4614807,0.01910549344,-0.01389761532,0.01571590797,-0.01543591348
145.5861264,0.01895047578,-0.01475299017,0.0142164839,-0.0161340401
145.7107721,0.01874860252,-0.01558649336,0.01268374342,-0.01680777288
145.8354177,0.01850057122,-0.01639678014,0.0111226243,-0.01745578757
145.9600634,0.01820707942,-0.01718250571,0.009538064294,-0.01807675993
146.084709,0.01786882469,-0.0179423253,0.00793500116,-0.01866936574
146.2093547,0.01748650458,-0.01867489415,0.006318372655,-0.01923228074
146.3340003,0.01706081666,-0.01937886746,0.004693116537,-0.0197641807
146.458646,0.01659245847,-0.02005290047,0.003064170564,-0.02026374138
146.5832916,0.01608212758,-0.0206956484,0.001436472493,-0.02072963853
146.7079373,0.01553052155,-0.02130576646,-0.0001850399183,-0.02116054793
146.832583,0.01493833792,-0.02188190989,-0.001795428913,-0.02155514533
146.9572286,0.01430627426,-0.02242273391,-0.003389756733,-0.02191210649
147.0818743,0.01363502813,-0.02292689374,-0.00496308562,-0.02223010717
147.2065199,0.01292529708,-0.0233930446,-0.006510477818,-0.02250782313
147.3311656,0.01217777866,-0.02381984172,-0.008026995569,-0.02274393014
147.4558112,0.01139317045,-0.02420594032,-0.009507701116,-0.02293710395
147.5804569,0.01057216999,-0.02454999562,-0.0109476567,-0.02308602033
147.7051026,0.009715474837,-0.02485066286,-0.01234192456,-0.02318935503
147.8297482,0.008823782556,-0.02510659724,-0.01368556695,-0.02324578382
147.9543939,0.0078977907,-0.025316454,-0.0149736461,-0.02325398245
148.0790395,0.006938196827,-0.02547888836,-0.01620122426,-0.02321262669
148.2036852,0.005945698494,-0.02559255554,-0.01736336368,-0.0231203923
148.3283308,0.004920993259,-0.02565611076,-0.01845512658,-0.02297595504
148.4529765,0.003864778678,-0.02566820925,-0.01947157522,-0.02277799066
148.5776221,0.00277775231,-0.02562750624,-0.02040777183,-0.02252517494
148.7022678,0.001660611711,-0.02553265693,-0.02125877867,-0.02221618363
148.8269135,0.0005140544382,-0.02538231657,-0.02201965797,-0.02184969248
148.9515591,-0.0006612219507,-0.02517514037,-0.02268547197,-0.02142437727
149.0762048,-0.001864519898,-0.02490978356,-0.02325128293,-0.02093891376
149.2008504,-0.003095141848,-0.02458490135,-0.02371215307,-0.02039197769
149.3254961,-0.004352390242,-0.02419914897,-0.02406314464,-0.01978224484
149.4501417,-0.005635567523,-0.02375118166,-0.02429931989,-0.01910839097
149.5747874,-0.006943976134,-0.02323965462,-0.02441574106,-0.01836909182
149.699433,-0.008276918518,-0.02266322308,-0.02440747039,-0.01756302318
149.8240787,-0.009633697117,-0.02202054227,-0.02426957012,-0.01668886079
149.9487244,-0.01101361437,-0.0213102674,-0.02399710249,-0.01574528042
150.07337,-0.01241597273,-0.02053105371,-0.02358512976,-0.01473095783
150.1980157,-0.01384007463,-0.01968155642,-0.02302871415,-0.01364456877
150.3226613,-0.01528522252,-0.01876043074,-0.02232291791,-0.01248478901
150.447307,-0.01675071884,-0.01776633191,-0.02146280329,-0.01125029432
150.5719526,-0.01823586603,-0.01669791515,-0.02044343253,-0.00993976044
150.6965983,-0.01973996653,-0.01555383567,-0.01925986787,-0.008551863145
150.821244,-0.02126232279,-0.01433274871,-0.01790717155,-0.007085278191
150.9458896,-0.02280223726,-0.01303330948,-0.01638040581,-0.00553868134
151.0705353,-0.02435901236,-0.01165417321,-0.01467463291,-0.003910748352
151.1951809,-0.02593195055,-0.01019399513,-0.01278491507,-0.002200154988
151.3198266,-0.02752035427,-0.008651430451,-0.01070631454,-0.0004055770075
151.4444722,-0.02912352596,-0.007025134404,-0.008433893573,0.001474309828
151.5691179,-0.03074076806,-0.005313762211,-0.0059627144,0.003440829757
151.6937635,-0.03236875156,-0.003519911822,-0.003296838093,0.005489274603
151.8184092,-0.03393282418,-0.001754033915,-0.0006868086535,0.007450565975
151.9430549,-0.03540063314,-6.580763147e-05,0.001754687062,0.009250307984
152.0677005,-0.03677420775,0.001546194032,0.004031473321,0.01089256453
152.1923462,-0.03805557732,0.003083398081,0.006147374394,0.01238139952
152.3169918,-0.03924677117,0.00454723152,0.00810621455,0.01372087684
152.4416375,-0.04034981863,0.005939121355,0.009911818056,0.0149150604
152.5662831,-0.04136674899,0.007260494588,0.01156800918,0.01596801409
152.6909288,-0.04229959158,0.008512778227,0.0130786122,0.01688380182
152.8155745,-0.04315037572,0.009697399275,0.01444745137,0.01766648749
152.9402201,-0.04392113071,0.01081578474,0.01567835098,0.018320135
153.0648658,-0.04461388588,0.01186936162,0.01677513528,0.01884880823
153.1895114,-0.04523067054,0.01285955692,0.01774162854,0.01925657111
153.3141571,-0.045773514,0.01378779766,0.01858165504,0.01954748752
153.4388027,-0.04624444559,0.01465551082,0.01929903904,0.01972562136
153.5634484,-0.04664549462,0.01546412343,0.01989760482,0.01979503654
153.688094,-0.04697869039,0.01621506248,0.02038117663,0.01975979696
153.8127397,-0.04724606224,0.01690975497,0.02075357876,0.0196239665
153.9373854,-0.04744963947,0.01754962792,0.02101863547,0.01939160908
154.062031,-0.0475914514,0.01813610833,0.02118017102,0.0190667886
154.1866767,-0.04767352735,0.0186706232,0.0212420097,0.01865356894
154.3113223,-0.04769789662,0.01915459953,0.02120797575,0.01815601402
154.435968,-0.04766658854,0.01958946434,0.02108189347,0.01757818774
154.5606136,-0.04758163243,0.01997664463,0.02086758711,0.01692415398
154.6852593,-0.04744505759,0.02031756739,0.02056888094,0.01619797666
154.809905,-0.04725889335,0.02061365965,0.02018959924,0.01540371967
154.9345506,-0.04702516901,0.02086634839,0.01973356627,0.01454544691
155.0591963,-0.0467459139,0.02107706063,0.01920460629,0.01362722228
155.1838419,-0.04642315733,0.02124722337,0.01860654359,0.01265310969
155.3084876,-0.04605892862,0.02137826362,0.01794320243,0.01162717302
155.4331332,-0.04565525707,0.02147160838,0.01721840707,0.01055347618
155.5577789,-0.04521417202,0.02152868465,0.0164359818,0.009436083079
155.6824245,-0.04473770276,0.02155091944,0.01559975086,0.008279057603
155.8070702,-0.04422787863,0.02153973976,0.01471353854,0.007086463657
155.9317159,-0.04368672893,0.0214965726,0.01378116911,0.005862365141
156.0563615,-0.04311628298,0.02142284499,0.01280646683,0.004610825954
156.1810072,-0.04251857009,0.02131998391,0.01179325597,0.003335909996
156.3056528,-0.04189561959,0.02118941637,0.0107453608,0.002041681166
156.4302985,-0.04124946078,0.02103256939,0.009666605592,0.0007322033647
156.5549441,-0.04058212298,0.02085086995,0.008560814612,-0.0005884595085
156.6795898,-0.03989563551,0.02064574508,0.00743181213,-0.001916243554
156.8042355,-0.03919202768,0.02041862177,0.006283422415,-0.003247084872
156.9288811,-0.03847332881,0.02017092703,0.005119469735,-0.004576919562
157.0535268,-0.03774156822,0.01990408786,0.003943778361,-0.005901683726
157.1781724,-0.03699877522,0.01961953127,0.002760172561,-0.007217313463
157.3028181,-0.03624697912,0.01931868426,0.001572476604,-0.008519744873
157.4274637,-0.03548820924,0.01900297384,0.0003845147582,-0.009804914057
157.5521094,-0.0347244949,0.01867382701,-0.0007998887062,-0.01106875712
157.676755,-0.03395786541,0.01833267078,-0.001976909521,-0.01230721015
157.8014007,-0.03319035009,0.01798093215,-0.003142723416,-0.01351620925
157.9260464,-0.03242397826,0.01762003813,-0.004293506123,-0.01469169054
158.050692,-0.03166077922,0.01725141572,-0.005425433373,-0.01582959009
158.1753377,-0.0309027823,0.01687649192,-0.006534680897,-0.01692584403
158.2999833,-0.03015201681,0.01649669375,-0.007617424427,-0.01797638843
158.424629,-0.02941051207,0.0161134482,-0.008669839691,-0.01897715942
158.5492746,-0.02868029738,0.01572818228,-0.009688102423,-0.01992409308
158.6739203,-0.02796340208,0.015342323,-0.01066838835,-0.02081312551
158.7985659,-0.02726185546,0.01495729736,-0.01160687321,-0.02164019283
158.9232116,-0.02657768686,0.01457453237,-0.01249973273,-0.02240123112
159.0478573,-0.02591292558,0.01419545502,-0.01334314264,-0.02309217649
159.1725029,-0.02526960094,0.01382149233,-0.01413327867,-0.02370896503
159.2971486,-0.02464974225,0.0134540713,-0.01486631655,-0.02424753285
159.4217942,-0.02405537884,0.01309461893,-0.01553843202,-0.02470381605
159.5464399,-0.02348854001,0.01274456223,-0.0161458008,-0.02507375073
159.6710855,-0.02295125509,0.01240532821,-0.01668459863,-0.02535327299
159.7957312,-0.02244555338,0.01207834387,-0.01715100124,-0.02553831893
159.9203769,-0.02197346421,0.01176503621,-0.01754118435,-0.02562482464
160.0450225,-0.02153701688,0.01146683223,-0.0178513237,-0.02560872624
160.1696682,-0.02113824072,0.01118515895,-0.01807759502,-0.02548595981
160.2943138,-0.02077916504,0.01092144337,-0.01821617404,-0.02525246147
160.4189595,-0.02046181916,0.0106771125,-0.0182632365,-0.0249041673
160.5436051,-0.02018823239,0.01045359333,-0.01821495811,-0.02443701342
160.6682508,-0.01996043404,0.01025231287,-0.01806751462,-0.02384693592
160.7928964,-0.01978045344,0.01007469813,-0.01781708176,-0.02312987089
160.9175421,-0.01965031989,0.009922176112,-0.01745983524,-0.02228175445
161.0421878,-0.01957206272,0.009796173822,-0.01699195082,-0.02129852269
161.1668334,-0.01954771124,0.009698118263,-0.01640960421,-0.02017611171
161.2914791,-0.01957929477,0.009629436441,-0.01570897116,-0.01891045762
161.4161247,-0.01966884261,0.009591555361,-0.01488622738,-0.0174974965
161.5407704,-0.01981838409,0.009585902026,-0.01393754861,-0.01593316447
161.665416,-0.02002994853,0.009613903443,-0.01285911059,-0.01421339762
161.7900617,-0.02030556523,0.009676986616,-0.01164708903,-0.01233413206
161.9147074,-0.02064726351,0.00977657855,-0.01029765968,-0.01029130388
162.039353,-0.0210570727,0.009914106249,-0.008806998266,-0.00808084918
162.1639987,-0.0215370221,0.01009099672,-0.007171280516,-0.005698704066
162.2886443,-0.02208914102,0.01030867696,-0.005386682163,-0.003140804636
162.41329,-0.0227154588,0.01056857399,-0.003449378936,-0.0004030869906
162.5379356,-0.02341060873,0.01086892682,-0.001368901192,0.002499497243
162.6625813,-0.02406301527,0.01116192194,0.0006530565244,0.005279159124
162.7872269,-0.02463623625,0.01143152079,0.00254959521,0.007841800686
162.9118726,-0.02513248465,0.0116782693,0.004323503422,0.01019277431
163.0365183,-0.02555397345,0.0119027134,0.005977569715,0.01233743238
163.1611639,-0.02590291563,0.01210539902,0.007514582648,0.01428112727
163.2858096,-0.02618152417,0.01228687208,0.008937330775,0.01602921138
163.4104552,-0.02639201206,0.0124476785,0.01024860265,0.01758703707
163.5351009,-0.02653659228,0.01258836423,0.01145118684,0.01895995674
163.6597465,-0.0266174778,0.01270947518,0.01254787189,0.02015332275
163.7843922,-0.0266368816,0.01281155728,0.01354144636,0.02117248751
163.9090379,-0.02659701668,0.01289515646,0.01443469881,0.02202280338
164.0336835,-0.02650009601,0.01296081864,0.01523041779,0.02270962275
164.1583292,-0.02634833258,0.01300908976,0.01593139187,0.02323829801
164.2829748,-0.02614393936,0.01304051574,0.01654040959,0.02361418152
164.4076205,-0.02588912933,0.0130556425,0.01706025951,0.02384262569
164.5322661,-0.02558611548,0.01305501598,0.01749373019,0.02392898288
164.6569118,-0.02523711079,0.0130391821,0.01784361019,0.02387860547
164.7815574,-0.02484432824,0.01300868679,0.01811268806,0.02369684586
164.9062031,-0.02440998082,0.01296407597,0.01830375235,0.02338905642
165.0308488,-0.02393628149,0.01290589558,0.01841959164,0.02296058954
165.1554944,-0.02342544325,0.01283469153,0.01846299446,0.02241679759
165.2801401,-0.02287967908,0.01275100976,0.01843674938,0.02176303296
165.4047857,-0.02230120195,0.0126553962,0.01834364496,0.02100464803
165.5294314,-0.02169222485,0.01254839677,0.01818646974,0.02014699519
165.654077,-0.02105496076,0.0124305574,0.0179680123,0.0191954268
165.7787227,-0.02039162267,0.01230242401,0.01769106118,0.01815529526
165.9033684,-0.01970442354,0.01216454253,0.01735840493,0.01703195295
166.028014,-0.01899557638,0.0120174589,0.01697283213,0.01583075225
166.1526597,-0.01826729414,0.01186171903,0.01653713131,0.01455704555
166.2773053,-0.01752178983,0.01169786886,0.01605409105,0.01321618521
166.401951,-0.01676127641,0.0115264543,0.01552649989,0.01181352363
166.5265966,-0.01598796688,0.0113480213,0.01495714639,0.01035441319
166.6512423,-0.0152040742,0.01116311577,0.01434881912,0.008844206262
166.7758879,-0.01441181137,0.01097228364,0.01370430661,0.007288255239
166.9005336,-0.01361339137,0.01077607085,0.01302639744,0.005691912498
167.0251793,-0.01281102717,0.01057502331,0.01231788016,0.004060530422
167.1498249,-0.01200693176,0.01036968695,0.01158154332,0.002399461393
167.2744706,-0.01120331811,0.01016060771,0.01082017548,0.0007140577914
167.3991162,-0.01040239922,0.009948331505,0.0100365652,-0.0009903279996
167.5237619,-0.009606388059,0.009733404265,0.009233501027,-0.002708343598
167.6484075,-0.008817497612,0.009516371919,0.008413771528,-0.004434636623
167.7730532,-0.008037940859,0.009297780392,0.007580165255,-0.006163854692
167.8976988,-0.007269930783,0.009078175612,0.006735470765,-0.007890645424
168.0223445,-0.006515680364,0.008858103506,0.005882476615,-0.009609656435
168.1469902,-0.005777402584,0.008638110001,0.00502397136,-0.01131553535
168.2716358,-0.005057310425,0.008418741025,0.004162743557,-0.01300292977
168.3962815,-0.004357616868,0.008200542505,0.003301581762,-0.01466648733
168.5209271,-0.003680534894,0.007984060367,0.002443274532,-0.01630085565
168.6455728,-0.003028277486,0.00776984054,0.001590610424,-0.01790068233
168.7702184,-0.002403057623,0.007558428949,0.0007463779929,-0.01946061501
168.8948641,-0.001807088288,0.007350371522,-8.663420375e-05,-0.02097530129
169.0195098,-0.001242582463,0.007146214187,-0.0009056376099,-0.0224393888
169.1441554,-0.0007117531278,0.00694650287,-0.001707843669,-0.02384752515
169.2688011,-0.0002168132649,0.006751783499,-0.002490463825,-0.02519435796
169.3934467,0.0002400241445,0.006562602001,-0.003250709521,-0.02647453485
169.5180924,0.0006565461189,0.006379504302,-0.0039857922,-0.02768270344
169.642738,0.001030539677,0.006203036331,-0.004692923307,-0.02881351135
169.7673837,0.001359791837,0.006033744014,-0.005369314285,-0.02986160619
169.8920293,0.001642089618,0.005872173278,-0.006012176578,-0.03082163558
170.016675,0.001875220038,0.005718870051,-0.006618721628,-0.03168824714
170.1413207,0.002056970116,0.005574380259,-0.00718616088,-0.03245608849
170.2659663,0.002185126871,0.00543924983,-0.007711705778,-0.03311980725
170.390612,0.00225747732,0.005314024691,-0.008192567764,-0.03367405103
170.5152576,0.002271808483,0.005199250769,-0.008625958282,-0.03411346745
170.6399033,0.002225907378,0.005095473991,-0.009009088777,-0.03443270414
170.7645489,0.002117561024,0.005003240284,-0.00933917069,-0.0346264087
170.8891946,0.001944556439,0.004923095576,-0.009613415467,-0.03468922877
171.0138403,0.001704680642,0.004855585794,-0.009829034551,-0.03461581194
171.1384859,0.001395720651,0.004801256864,-0.009983239385,-0.03440080585
171.2631316,0.001015463484,0.004760654715,-0.01007324141,-0.03403885811
171.3877772,0.0005616961616,0.004734325272,-0.01009625208,-0.03352461635
171.5124229,3.220570092e-05,0.004722814464,-0.01004948282,-0.03285272817
171.6370685,-0.0005752208792,0.004726668217,-0.009930145095,-0.03201784119
171.7617142,-0.00126279656,0.004746432458,-0.009735450333,-0.03101460304
171.8863598,-0.002032734324,0.004782653116,-0.009462609984,-0.02983766133
172.0110055,-0.002887247151,0.004835876116,-0.00910883549,-0.02848166368
172.1356512,-0.003828548023,0.004906647386,-0.008671338294,-0.02694125771
172.2602968,-0.004858849922,0.004995512853,-0.008147329841,-0.02521109104
172.3849425,-0.005980365829,0.005103018444,-0.007534021574,-0.02328581128
172.5095881,-0.007195308726,0.005229710086,-0.006828624937,-0.02116006605
172.6342338,-0.008505891593,0.005376133707,-0.006028351373,-0.01882850298
172.7588794,-0.009914327413,0.005542835234,-0.005130412325,-0.01628576967
172.8835251,-0.01142282917,0.005730360594,-0.004132019238,-0.01352651375
173.0081708,-0.01303360984,0.005939255713,-0.003030383555,-0.01054538284
173.1328164,-0.0147488824,0.00617006652,-0.001822716719,-0.007337024549
173.2574621,-0.01657085985,0.006423338941,-0.0005062301741,-0.0038960865
173.3821077,-0.01848048417,0.006698046687,0.0009077271697,-0.0002565247572
173.5067534,-0.02027549952,0.00697927813,0.002285160252,0.003208345105
173.631399,-0.02190846728,0.007262907342,0.003593280099,0.006409756586
173.7560447,-0.02338353911,0.007548555674,0.004833416852,0.009354125595
173.8806903,-0.02470486662,0.007835844477,0.006006900654,0.01204786804
174.005336,-0.02587660146,0.008124395103,0.00711506165,0.01449739984
174.1299817,-0.02690289525,0.008413828904,0.00815922998,0.01670913689
174.2546273,-0.02778789964,0.008703767232,0.00914073579,0.0186894951
174.379273,-0.02853576626,0.008993831437,0.01006090922,0.0204448904
174.5039186,-0.02915064675,0.009283642872,0.01092108042,0.02198173867
174.6285643,-0.02963669273,0.009572822888,0.01172257952,0.02330645584
174.7532099,-0.02999805584,0.009860992838,0.01246673667,0.02442545782
174.8778556,-0.03023888772,0.01014777407,0.01315488202,0.02534516051
175.0025013,-0.03036334,0.01043278794,0.01378834571,0.02607197982
175.1271469,-0.03037556432,0.0107156558,0.01436845787,0.02661233166
175.2517926,-0.0302797123,0.01099599899,0.01489654866,0.02697263194
175.3764382,-0.0300799356,0.01127343888,0.01537394821,0.02715929658
175.5010839,-0.02978038583,0.01154759681,0.01580198667,0.02717874147
175.6257295,-0.02938521464,0.01181809414,0.01618199418,0.02703738254
175.7503752,-0.02889857366,0.01208455221,0.01651530089,0.02674163568
175.8750208,-0.02832461452,0.01234659237,0.01680323693,0.02629791681
175.9996665,-0.02766748886,0.01260383599,0.01704713245,0.02571264184
176.1243122,-0.02693134831,0.0128559044,0.0172483176,0.02499222668
176.2489578,-0.02612034452,0.01310241897,0.01740812252,0.02414308723
176.3736035,-0.0252386291,0.01334300105,0.01752787734,0.02317163941
176.4982491,-0.0242903537,0.01357727197,0.01760891222,0.02208429913
176.6228948,-0.02327966996,0.01380485311,0.01765255729,0.02088748229
176.7475404,-0.0222107295,0.0140253658,0.0176601427,0.0195876048
176.8721861,-0.02108768396,0.01423843141,0.0176329986,0.01819108258
176.9968317,-0.01991468498,0.01444367127,0.01757245511,0.01670433153
177.1214774,-0.01869588419,0.01464070675,0.0174798424,0.01513376757
177.2461231,-0.01743543322,0.01482915919,0.01735649059,0.0134858066
177.3707687,-0.01613748371,0.01500864995,0.01720372984,0.01176686452
177.4954144,-0.0148061873,0.01517880038,0.01702289029,0.009983357263
177.62006,-0.01344569562,0.01533923183,0.01681530207,0.008141700722
177.7447057,-0.0120601603,0.01548956565,0.01658229534,0.006248310812
177.8693513,-0.01065373297,0.0156294232,0.01632520023,0.00430960344
177.993997,-0.009230565285,0.01575842581,0.01604534689,0.002331994517
178.1186427,-0.007794808864,0.01587619486,0.01574406547,0.0003218999525
178.2432883,-0.006350615345,0.01598235168,0.01542268609,-0.001714264345
178.367934,-0.004902136363,0.01607651763,0.01508253892,-0.003770082465
178.4925796,-0.003453523552,0.01615831406,0.01472495408,-0.005839138499
178.6172253,-0.002008928547,0.01622736233,0.01435126173,-0.007915016538
178.7418709,-0.0005725029835,0.01628328378,0.01396279201,-0.009991300671
178.8665166,0.000851601505,0.01632569977,0.01356087505,-0.01206157499
178.9911622,0.002259233283,0.01635423164,0.01314684101,-0.01411942358
179.1158079,0.003646240717,0.01636850075,0.01272202002,-0.01615843055
179.2404536,0.005008472172,0.01636812846,0.01228774224,-0.01817217996
179.3650992,0.006341776012,0.0163527361,0.01184533779,-0.02015425593
179.4897449,0.007642000604,0.01632194504,0.01139613683,-0.02209824253
179.6143905,0.008904994313,0.01627537663,0.01094146949,-0.02399772387
179.7390362,0.0101266055,0.01621265221,0.01048266593,-0.02584628402
179.8636818,0.01130268254,0.01613339314,0.01002105627,-0.02763750708
179.9883275,0.01242907379,0.01603722078,0.00955797068,-0.02936497715
180.1129732,0.01350162762,0.01592375646,0.009094739284,-0.0310222783
180.2376188,0.0145161924,0.01579262155,0.008632692232,-0.03260299464
180.3622645,0.01546861648,0.01564343739,0.008173159664,-0.03410071025
180.4869101,0.01635474824,0.01547582534,0.007717471725,-0.03550900922
180.6115558,0.01717043603,0.01528940675,0.007266958558,-0.03682147564
180.7362014,0.01791152823,0.01508380297,0.006822950305,-0.03803169361
180.8608471,0.0185738732,0.01485863535,0.00638677711,-0.03913324722
180.9854927,0.01915331931,0.01461352525,0.005959769114,-0.04011972055
181.1101384,0.01964571492,0.01434809401,0.005543256463,-0.04098469769
181.2347841,0.0200469084,0.01406196298,0.005138569298,-0.04172176274
181.3594297,0.0203527481,0.01375475353,0.004747037762,-0.04232449979
181.4840754,0.02055908241,0.01342608699,0.004369991999,-0.04278649293
181.608721,0.02066175967,0.01307558473,0.004008762151,-0.04310132624
181.7333667,0.02065662827,0.01270286808,0.003664678361,-0.04326258382
181.8580123,0.02053953656,0.01230755842,0.003339070773,-0.04326384977
181.982658,0.0203063329,0.01188927708,0.003033269529,-0.04309870816
182.1073037,0.01995286567,0.01144764541,0.002748604773,-0.04276074309
182.2319493,0.01947498323,0.01098228478,0.002486406647,-0.04224353865
182.356595,0.01886853395,0.01049281653,0.002248005295,-0.04154067894
182.4812406,0.01812936619,0.009978862009,0.002034730859,-0.04064574804
182.6058863,0.01725332831,0.009440042574,0.001847913482,-0.03955233004
182.7305319,0.01623626868,0.008875979574,0.001688883308,-0.03825400903
182.8551776,0.01507403567,0.008286294363,0.001558970479,-0.03674436911
182.9798232,0.01376247763,0.00767060829,0.001459505139,-0.03501699436
183.1044689,0.01229744295,0.007028542708,0.00139181743,-0.03306546887
183.2291146,0.01067477998,0.006359718969,0.001357237495,-0.03088337675
183.3537602,0.008890337086,0.005663758423,0.001357095478,-0.02846430207
183.4784059,0.006939962635,0.004940282423,0.001392721521,-0.02580182892
183.6030515,0.004819504993,0.00418891232,0.001465445768,-0.0228895414
183.7276972,0.002524812524,0.003409269467,0.001576598361,-0.0197210236
183.8523428,5.173359511e-05,0.002600975213,0.001727509443,-0.01628985961
183.9769885,-0.00260388343,0.001763650912,0.001919509158,-0.01258963352
184.1016342,-0.005446190185,0.0008969179138,0.002153927648,-0.008613929421
184.2262798,-0.008434392702,1.479398303e-05,0.002428184295,-0.00442125225
184.3509255,-0.01127816892,-0.0007895563355,0.002717296713,-0.0004306951458
184.4755711,-0.01392840991,-0.001501493595,0.003016152004,0.003286802192
184.6002168,-0.01638950659,-0.002123611773,0.00332420638,0.006737556754
184.7248624,-0.01866584988,-0.002658504851,0.003640916054,0.009927885529
184.8495081,-0.0207618307,-0.003108766807,0.003965737238,0.01286410551
184.9741537,-0.02268183997,-0.003476991621,0.004298126146,0.01555253368
185.0987994,-0.0244302686,-0.003765773271,0.00463753899,0.01799948703
185.2234451,-0.0260115075,-0.003977705737,0.004983431982,0.02021128256
185.3480907,-0.02742994761,-0.004115382998,0.005335261336,0.02219423725
185.4727364,-0.02868997982,-0.004181399033,0.005692483263,0.0239546681
185.597382,-0.02979599507,-0.004178347822,0.006054553977,0.02549889208
185.7220277,-0.03075238426,-0.004108823343,0.006420929691,0.0268332262
185.8466733,-0.03156353832,-0.003975419576,0.006791066617,0.02796398745
185.971319,-0.03223384816,-0.0037807305,0.007164420967,0.0288974928
186.0959646,-0.0327677047,-0.003527350095,0.007540448955,0.02964005926
186.2206103,-0.03316949886,-0.003217872339,0.007918606793,0.03019800381
186.345256,-0.03344362155,-0.002854891211,0.008298350694,0.03057764345
186.4699016,-0.03359446369,-0.002441000692,0.00867913687,0.03078529515
186.5945473,-0.0336264162,-0.001978794759,0.009060421534,0.03082727592
186.7191929,-0.03354386999,-0.001470867393,0.0094416609,0.03070990274
186.8438386,-0.03335121598,-0.0009198125716,0.009822311179,0.03043949261
186.9684842,-0.0330528451,-0.0003282242754,0.01020182858,0.0300223625
187.0931299,-0.03265314825,0.000301303517,0.01057966933,0.02946482942
187.2177756,-0.03215651635,0.0009661768263,0.01095528962,0.02877321035
187.3424212,-0.03156734032,0.001663801673,0.01132814568,0.02795382228
187.4670669,-0.03089001108,0.002391584079,0.01169769372,0.02701298221
187.5917125,-0.03012891955,0.003146930064,0.01206338995,0.02595700712
187.7163582,-0.02928845664,0.003927245649,0.01242469058,0.02479221399
187.8410038,-0.02837301327,0.004729936855,0.01278105182,0.02352491983
187.9656495,-0.02738698035,0.005552409703,0.01313192989,0.02216144163
188.0902951,-0.02633474881,0.006392070213,0.013476781,0.02070809636
188.2149408,-0.02522070955,0.007246324406,0.01381506137,0.01917120102
188.3395865,-0.02404925351,0.008112578304,0.0141462272,0.01755707261
188.4642321,-0.02282477159,0.008988237926,0.01446973471,0.01587202811
188.5888778,-0.02155165471,0.009870709295,0.01478504011,0.01412238451
188.7135234,-0.02023429379,0.01075739843,0.01509159962,0.0123144588
188.8381691,-0.01887707975,0.01164571135,0.01538886944,0.01045456797
188.9628147,-0.0174844035,0.01253305408,0.01567630579,0.008549029017
189.0874604,-0.01606065596,0.01341683264,0.01595336488,0.006604158922
189.2121061,-0.01461022805,0.01429445305,0.01621950293,0.004626274678
189.3367517,-0.01313751068,0.01516332133,0.01647417614,0.002621693275
189.4613974,-0.01164689478,0.0160208435,0.01671684074,0.0005967317028
189.586043,-0.01014277125,0.01686442558,0.01694695292,-0.001442293048
189.7106887,-0.008629531025,0.0176914736,0.01716396891,-0.003489063988
189.8353343,-0.00711156501,0.01849939357,0.01736734492,-0.005537264128
189.95998,-0.005593264126,0.01928559151,0.01755653717,-0.007580576476
190.0846256,-0.004079019289,0.02004747345,0.01773100185,-0.009612684044
190.2092713,-0.002573221417,0.0207824454,0.01789019519,-0.01162726984
190.333917,-0.001080261427,0.02148791339,0.0180335734,-0.01361801688
190.4585626,0.0003954697632,0.02216128344,0.01816059269,-0.01557860816
190.5832083,0.001849581237,0.02279996157,0.01827070928,-0.01750272671
190.7078539,0.003277682078,0.0234013538,0.01836337937,-0.01938405553
190.8324996,0.004675381368,0.02396286615,0.01843805918,-0.02121627762
190.9571452,0.00603828819,0.02448190463,0.01849420492,-0.02299307601
191.0817909,0.007362011628,0.02495587528,0.01853127281,-0.02470813369
191.2064366,0.008642160763,0.02538218412,0.01854871906,-0.02635513369
191.3310822,0.009874344679,0.02575823715,0.01854599987,-0.027927759
191.4557279,0.01105417246,0.02608144041,0.01852257147,-0.02941969265
191.5803735,0.01217725318,0.02634919992,0.01847789007,-0.03082461763
191.7050192,0.01323919594,0.02655892168,0.01841141187,-0.03213621696
191.8296648,0.01423560981,0.02670801174,0.0183225931,-0.03334817366
191.9543105,0.01516210387,0.0267938761,0.01821088995,-0.03445417073
192.0789561,0.01601428721,0.0268139208,0.01807575866,-0.03544789117
192.2036018,0.01678776891,0.02676555184,0.01791665542,-0.03632301801
192.3282475,0.01747815806,0.02664617525,0.01773303646,-0.03707323424
192.4528931,0.01808106373,0.02645319705,0.01752435798,-0.03769222289
192.5775388,0.01859209501,0.02618402326,0.01729007619,-0.03817366696
192.7021844,0.01900686098,0.0258360599,0.01702964732,-0.03851124946
192.8268301,0.01932097073,0.025406713,0.01674252757,-0.0386986534
192.9514757,0.01953003333,0.02489338857,0.01642817315,-0.03872956179
193.0761214,0.01962965788,0.02429349263,0.01608604029,-0.03859765764
193.2007671,0.01961545345,0.02360443121,0.01571558518,-0.03829662396
193.3254127,0.01948302913,0.02282361033,0.01531626405,-0.03782014376
193.4500584,0.01922799399,0.021948436,0.0148875331,-0.03716190006
193.574704,0.01884595713,0.02097631425,0.01442884855,-0.03631557585
193.6993497,0.01833252762,0.0199046511,0.01393966661,-0.03527485416
193.8239953,0.01768331455,0.01873085257,0.0134194435,-0.03403341799
193.948641,0.016893927,0.01745232467,0.01286763542,-0.03258495035
194.0732866,0.01595997406,0.01606647344,0.01228369859,-0.03092313425
194.1979323,0.0148770648,0.01457070489,0.01166708923,-0.0290416527
194.322578,0.01364080831,0.01296242504,0.01101726354,-0.02693418871
194.4472236,0.01224681367,0.01123903992,0.01033367773,-0.0245944253
194.5718693,0.01069068997,0.00939795554,0.009615788031,-0.02201604547
194.6965149,0.008968046282,0.007436577924,0.008863050641,-0.01919273222
194.8211606,0.007074491698,0.005352313094,0.008074921776,-0.01611816858
194.9458062,0.005005635297,0.00314256707,0.007250857649,-0.01278603756
195.0704519,0.002804891626,0.0008537606783,0.006406962001,-0.009266833055
195.1950975,0.0006919527726,-0.001288537146,0.005619984242,-0.005913566059
195.3197432,-0.001307158382,-0.003259505583,0.004898215787,-0.002767090824
195.4443889,-0.003194637038,-0.005063378318,0.004240064413,0.0001771326473
195.5690345,-0.004972678392,-0.006704389036,0.003643937894,0.002923644352
195.6936802,-0.006643477644,-0.008186771421,0.003108244006,0.005476984286
195.8183258,-0.00820922999,-0.009514759158,0.002631390524,0.007841692449
195.9429715,-0.00967213063,-0.01069258593,0.002211785223,0.01002230884
196.0676171,-0.01103437476,-0.01172448543,0.001847835878,0.01202337345
196.1922628,-0.01229815759,-0.01261469133,0.001537950266,0.01384942628
196.3169085,-0.0134656743,-0.01336743732,0.00128053616,0.01550500732
196.4415541,-0.01453912009,-0.01398695709,0.001074001338,0.01699465659
196.5661998,-0.01552069018,-0.01447748431,0.0009167535726,0.01832291406
196.6908454,-0.01641257974,-0.01484325268,0.0008072006408,0.01949431974
196.8154911,-0.01721698399,-0.01508849589,0.0007437503174,0.02051341363
196.9401367,-0.01793609812,-0.0152174476,0.0007248103778,0.02138473572
197.0647824,-0.01857211733,-0.01523434151,0.0007487885973,0.02211282602
197.189428,-0.01912723681,-0.01514341131,0.0008140927511,0.02270222451
197.3140737,-0.01960365177,-0.01494889067,0.0009191306146,0.02315747119
197.4387194,-0.0200035574,-0.01465501329,0.001062309963,0.02348310607
197.563365,-0.02032914891,-0.01426601285,0.001242038572,0.02368366914
197.6880107,-0.02058262148,-0.01378612302,0.001456724216,0.0237637004
197.8126563,-0.02076617032,-0.01321957751,0.001704774672,0.02372773984
197.937302,-0.02088199063,-0.01257060998,0.001984597713,0.02358032746
198.0619476,-0.02093227761,-0.01184345413,0.002294601117,0.02332600326
198.1865933,-0.02091922645,-0.01104234364,0.002633192657,0.02296930724
198.311239,-0.02084503234,-0.0101715122,0.002998780109,0.0225147794
198.4358846,-0.0207118905,-0.009235193484,0.003389771249,0.02196695972
198.5605303,-0.02052199612,-0.008237621185,0.003804573851,0.02133038821
198.6851759,-0.02027754439,-0.007183028985,0.004241595692,0.02060960487
198.8098216,-0.01998073052,-0.006075650569,0.004699244546,0.01980914969
198.9344672,-0.0196337497,-0.004919719622,0.005175928189,0.01893356267
199.0591129,-0.01923879714,-0.003719469828,0.005670054395,0.01798738381
199.1837585,-0.01879806802,-0.002479134872,0.006180030942,0.0169751531
199.3084042,-0.01831375755,-0.001202948438,0.006704265602,0.01590141055
199.4330499,-0.01778806093,0.0001048557881,0.007241166153,0.01477069614
199.5576955,-0.01722317335,0.001440044122,0.007789140369,0.01358754988
199.6823412,-0.01662129002,0.00279838288,0.008346596026,0.01235651177
199.8069868,-0.01598460612,0.004175638376,0.008911940899,0.0110821218
199.9316325,-0.01531531687,0.005567576927,0.009483582762,0.009768919963
200.0562781,-0.01461561745,0.006969964847,0.01005992939,0.008421446265
200.1809238,-0.01388770308,0.008378568451,0.01063938856,0.0070442407
200.3055695,-0.01313376893,0.009789154056,0.01122036805,0.005641843265
200.4302151,-0.01235601022,0.01119748798,0.01180127564,0.004218793958
200.5548608,-0.01155662214,0.01259933653,0.01238051909,0.002779632777
200.6795064,-0.01073779989,0.01399046602,0.01295650618,0.001328899717
200.8041521,-0.009901738664,0.01536664278,0.01352764469,-0.0001288652223
200.9287977,-0.009050633667,0.01672363312,0.01409234239,-0.001589122045
201.0534434,-0.008186680094,0.01805720334,0.01464900707,-0.003047330753
201.178089,-0.007312073144,0.01936311978,0.01519604649,-0.00449895135
201.3027347,-0.006429008016,0.02063714873,0.01573186842,-0.005939443838
201.4273804,-0.005539679907,0.02187505653,0.01625488066,-0.007364268219
201.552026,-0.004646284015,0.02307260948,0.01676349096,-0.008768884498
201.6766717,-0.00375101554,0.0242255739,0.01725610711,-0.01014875268
201.8013173,-0.002856069679,0.0253297161,0.01773113688,-0.01149933275
201.925963,-0.00196364163,0.0263808024,0.01818698804,-0.01281608474
202.0506086,-0.001075926593,0.02737459911,0.01862206838,-0.01409446863
202.1752543,-0.0001951197648,0.02830687256,0.01903478566,-0.01532994443
202.2998999,0.0006765836557,0.02917338905,0.01942354767,-0.01651797215
202.4245456,0.00153698847,0.0299699149,0.01978676217,-0.01765401178
202.5491913,0.00238389948,0.03069221643,0.02012283695,-0.01873352332
202.6738369,0.003215121488,0.03133605995,0.02043017977,-0.01975196679
202.7984826,0.004028459295,0.03189721177,0.02070719842,-0.02070480218
202.9231282,0.004821717703,0.03237143822,0.02095230066,-0.0215874895
203.0477739,0.005592701513,0.03275450561,0.02116389428,-0.02239548875
203.1724195,0.006339215527,0.03304218025,0.02134038705,-0.02312425993
203.2970652,0.007059064547,0.03323022845,0.02148018675,-0.02376926304
203.4217109,0.007750053375,0.03331441654,0.02158170114,-0.02432595809
203.5463565,0.008409986812,0.03329051083,0.02164333801,-0.02478980508
203.6710022,0.00903666966,0.03315427763,0.02166350513,-0.02515626402
203.7956478,0.009627906721,0.03290148326,0.02164061027,-0.0254207949
203.9202935,0.0101815028,0.03252789404,0.02157306122,-0.02557885772
204.0449391,0.01069526269,0.03202927628,0.02145926574,-0.0256259125
204.1695848,0.0111669912,0.03140139629,0.02129763162,-0.02555741923
204.2942304,0.01159449312,0.03064002039,0.02108656662,-0.02536883791
204.4188761,0.01197557327,0.0297409149,0.02082447853,-0.02505562856
204.5435218,0.01230803644,0.02869984613,0.02050977511,-0.02461325117
204.6681674,0.01258968744,0.0275125804,0.02014086414,-0.02403716574
204.7928131,0.01281833106,0.02617488402,0.01971615341,-0.02332283227
204.9174587,0.01299177211,0.0246825233,0.01923405067,-0.02246571078
205.0421044,0.01310781539,0.02303126457,0.01869296372,-0.02146126126
205.16675,0.0131642657,0.02121687414,0.01809130032,-0.02030494371
205.2913957,0.01315892785,0.01923511832,0.01742746825,-0.01899221815
205.4160414,0.01308960662,0.01708176343,0.01669987528,-0.01751854456
205.540687,0.01295410684,0.01475257578,0.0159069292,-0.01587938295
205.6653327,0.01275023329,0.01224332169,0.01504703777,-0.01407019334
205.7899783,0.01247579078,0.009549767482,0.01411860877,-0.0120864357
205.914624,0.0121377952,0.006745034475,0.01314724202,-0.009988490904
206.0392696,0.01176714842,0.004089548925,0.01222447638,-0.007994590976
206.1639153,0.01136775492,0.001601678421,0.0113568737,-0.006120572748
206.2885609,0.01094097074,-0.0007222003481,0.01054326982,-0.004363845993
206.4132066,0.01048815195,-0.002885710692,0.009782500588,-0.002721820481
206.5378523,0.01001065458,-0.004892475921,0.009073401839,-0.001191905983
206.6624979,0.009509834684,-0.006746119344,0.008414809421,0.0002284877285
206.7871436,0.008987048312,-0.008450264273,0.007805559178,0.001541950883
206.9117892,0.008443651512,-0.01000853402,0.007244486953,0.002751073708
207.0364349,0.007881000332,-0.01142455188,0.00673042859,0.003858446433
207.1610805,0.007300450819,-0.01270194119,0.006262219934,0.004866659287
207.2857262,0.006703359022,-0.01384432523,0.005838696826,0.005778302498
207.4103719,0.00609108099,-0.01485532733,0.005458695113,0.006595966295
207.5350175,0.00546497277,-0.0157385708,0.005121050637,0.007322240906
207.6596632,0.004826390412,-0.01649767894,0.004824599241,0.007959716561
207.7843088,0.004176689963,-0.01713627507,0.004568176771,0.008510983487
207.9089545,0.003517227472,-0.01765798248,0.004350619069,0.008978631914
208.0336001,0.002849358987,-0.01806642451,0.00417076198,0.00936525207
208.1582458,0.002174440556,-0.01836522445,0.004027441346,0.009673434184
208.2828914,0.001493828228,-0.01855800561,0.003919493013,0.009905768484
208.4075371,0.0008088780509,-0.01864839131,0.003845752823,0.0100648452
208.5321828,0.0001209460734,-0.01864000485,0.003805056621,0.01015325456
208.6568284,-0.0005686116565,-0.01853646954,0.003796240249,0.01017358679
208.7814741,-0.00125843909,-0.0183414087,0.003818139553,0.01012843212
208.9061197,-0.00194718018,-0.01805844563,0.003869590376,0.01002038079
209.0307654,-0.002633478877,-0.01769120365,0.003949428561,0.009852023007
209.155411,-0.003315979133,-0.01724330606,0.004056489953,0.009625949015
209.2800567,-0.0039933249,-0.01671837618,0.004189610395,0.009344749038
209.4047024,-0.004664160129,-0.01612003731,0.00434762573,0.009011013306
209.529348,-0.005327128772,-0.01545191276,0.004529371803,0.008627332047
209.6539937,-0.005980874781,-0.01471762585,0.004733684458,0.00819629549
209.7786393,-0.006624042107,-0.01392079988,0.004959399538,0.007720493863
209.903285,-0.007255274703,-0.01306505816,0.005205352887,0.007202517395
210.0279306,-0.007873216519,-0.01215402401,0.005470380348,0.006644956314
210.1525763,-0.008476511508,-0.01119132073,0.005753317767,0.00605040085
210.2772219,-0.00906380362,-0.01018057164,0.006053000985,0.005421441231
210.4018676,-0.009633736809,-0.009125400035,0.006368265848,0.004760667685
210.5265133,-0.01018495503,-0.008029429238,0.006697948198,0.004070670442
210.6511589,-0.01071610222,-0.006896282555,0.00704088388,0.003354039729
210.7758046,-0.01122582235,-0.005729583294,0.007395908737,0.002613365776
210.9004502,-0.01171275936,-0.004532954768,0.007761858614,0.001851238811
211.0250959,-0.0121755572,-0.003310020284,0.008137569354,0.001070249064
211.1497415,-0.01261285983,-0.002064403155,0.0085218768,0.0002729867612
211.2743872,-0.01302331119,-0.0007997266881,0.008913616797,-0.000537957867
211.3990328,-0.01340555525,0.0004803858051,0.009311625188,-0.001359994592
211.5236785,-0.01375823595,0.001772311015,0.009714737817,-0.002190533186
211.6483242,-0.01407999724,0.003072425632,0.01012179053,-0.00302698342
211.7729698,-0.01436948307,0.004377106345,0.01053161916,-0.003866755065
211.8976155,-0.0146253374,0.005682729845,0.01094305957,-0.004707257892
212.0222611,-0.01484620418,0.006985672823,0.01135494759,-0.005545901674
212.1469068,-0.01503072735,0.008282311967,0.01176611907,-0.00638009618
212.2715524,-0.01517755088,0.009569023968,0.01217540984,-0.007207251183
212.3961981,-0.01528531871,0.01084218552,0.01258165576,-0.008024776454
212.5208438,-0.0153526748,0.0120981733,0.01298369267,-0.008830081765
212.6454894,-0.01537826309,0.01333336401,0.01338035641,-0.009620576886
212.7701351,-0.01536072754,0.01454413434,0.01377048283,-0.01039367159
212.8947807,-0.01529871209,0.01572686098,0.01415290777,-0.01114677564
213.0194264,-0.01519086071,0.01687792061,0.01452646707,-0.01187729883
213.144072,-0.01503581734,0.01799368993,0.01488999658,-0.0125826509
213.2687177,-0.01483222594,0.01907054563,0.01524233213,-0.01326024165
213.3933633,-0.01457873045,0.0201048644,0.01558230959,-0.01390748083
213.518009,-0.01427397483,0.02109302292,0.01590876478,-0.01452177822
213.6426547,-0.01391660303,0.02203139789,0.01622053355,-0.0151005436
213.7673003,-0.013505259,0.022916366,0.01651645175,-0.01564118672
213.891946,-0.0130385867,0.02374430393,0.01679535522,-0.01614111738
214.0165916,-0.01251523007,0.02451158838,0.01705607981,-0.01659774532
214.1412373,-0.01193383306,0.02521459604,0.01729746135,-0.01700848034
214.2658829,-0.01129303963,0.0258497036,0.01751833569,-0.01737073219
214.3905286,-0.01059149374,0.02641328775,0.01771753867,-0.01768191065
214.5151743,-0.009827839319,0.02690172517,0.01789390615,-0.01793942549
214.6398199,-0.009000720335,0.02731139256,0.01804627396,-0.01814068648
214.7644656,-0.008108780736,0.02763866661,0.01817347794,-0.0182831034
214.8891112,-0.007150664473,0.027879924,0.01827435394,-0.01836408601
215.0137569,-0.006125015498,0.02803154144,0.01834773781,-0.01838104409
215.1384025,-0.005030477762,0.0280898956,0.01839246538,-0.01833138741
215.2630482,-0.003865695218,0.02805136318,0.01840737251,-0.01821252573
215.3876938,-0.002629311818,0.02791232087,0.01839129503,-0.01802186884
215.5123395,-0.001319971511,0.02766914535,0.01834306879,-0.01775682649
215.6369852,6.368174875e-05,0.02731821332,0.01826152964,-0.01741480847
215.7616308,0.001523004011,0.02685590148,0.0181455134,-0.01699322454
215.8862765,0.003059351323,0.02627858649,0.01799385594,-0.01648948448
216.0109221,0.004674079734,0.02558264507,0.0178053931,-0.01590099806
216.1355678,0.006368545291,0.0247644539,0.01757896071,-0.01522517504
216.2602134,0.008144104044,0.02382038966,0.01731339462,-0.01445942521
216.3848591,0.01000211204,0.02274682905,0.01700753068,-0.01360115832
216.5095048,0.01194392533,0.02154014876,0.01666020472,-0.01264778416
216.6341504,0.01397089996,0.02019672548,0.0162702526,-0.01159671249
216.7587961,0.01602268235,0.01876856229,0.01585473339,-0.01048848018
216.8834417,0.01794501776,0.01739445565,0.01545907618,-0.00943067573
217.0080874,0.01973335078,0.01608032532,0.01508511861,-0.008427638608
217.132733,0.02139083338,0.01482519183,0.01473243667,-0.007478353901
217.2573787,0.02292061754,0.0136280757,0.01440060637,-0.006581806705
217.3820243,0.02432585524,0.01248799745,0.0140892037,-0.00573698211
217.50667,0.02560969844,0.0114039776,0.01379780466,-0.004942865209
217.6313157,0.02677529912,0.01037503667,0.01352598525,-0.004198441095
217.7559613,0.02782580926,0.009400195188,0.01327332147,-0.00350269486
217.880607,0.02876438083,0.008478473672,0.01303938932,-0.002854611597
218.0052526,0.02959416581,0.007608892643,0.0128237648,-0.002253176399
218.1298983,0.03031831616,0.006790472622,0.01262602391,-0.001697374357
218.2545439,0.03093998387,0.006022234132,0.01244574264,-0.001186190565
218.3791896,0.0314623209,0.005303197692,0.01228249699,-0.0007186101148
218.5038353,0.03188847924,0.004632383824,0.01213586297,-0.0002936180989
218.6284809,0.03222161085,0.00400881305,0.01200541658,8.980039025e-05
218.7531266,0.03246486771,0.003431505891,0.0118907338,0.00043266026
218.8777722,0.0326214018,0.002899482869,0.01179139064,0.0007359764178
219.0024179,0.03269436508,0.002411764504,0.01170696311,0.001000763771
219.1270635,0.03268690954,0.001967371317,0.01163702719,0.001228037228
219.2517092,0.03260218715,0.001565323831,0.01158115889,0.001418811695
219.3763548,0.03244334988,0.001204642566,0.01153893421,0.00157410208
219.5010005,0.0322135497,0.0008843480442,0.01150992915,0.00169492329
219.6256462,0.03191593859,0.0006034607863,0.0114937197,0.001782290234
219.7502918,0.03155366853,0.0003610013138,0.01148988186,0.001837217818
219.8749375,0.03112989149,0.0001559901479,0.01149799164,0.001860720951
219.9995831,0.03064775944,-1.255218999e-05,0.01151762502,0.001853814538
220.1242288,0.03011042436,-0.0001456051786,0.01154835802,0.001817513489
220.2488744,0.02952103822,-0.0002441482966,0.01158976663,0.00175283271
220.3735201,0.028882753,-0.0003091610227,0.01164142685,0.001660787109
220.4981657,0.02819872067,-0.0003416228356,0.01170291467,0.001542391594
220.6228114,0.0274720932,-0.0003425132139,0.01177380611,0.001398661072
220.7474571,0.02670602257,-0.0003128116365,0.01185367714,0.00123061045
220.8721027,0.02590366075,-0.0002534975819,0.01194210379,0.001039254636
220.9967484,0.02506815972,-0.0001655505289,0.01203866204,0.0008256085376
221.121394,0.02420267146,-4.994995616e-05,0.01214292789,0.000590687062
221.2460397,0.02331034793,9.232465763e-05,0.01225447734,0.0003355051169
221.3706853,0.02239434111,0.0002602938338,0.01237288639,6.107760964e-05
221.495331,0.02145780297,0.0004529780936,0.01249773105,-0.0002315805522
221.6199767,0.02050388549,0.0006693979583,0.0126285873,-0.0005414544611
221.7446223,0.01953574065,0.0009085739494,0.01276503115,-0.0008675292097
221.869268,0.01855652042,0.001169526588,0.0129066386,-0.00120878989
221.9939136,0.01756937676,0.001451276395,0.01305298564,-0.001564221596
222.1185593,0.01657746166,0.001752843893,0.01320364828,-0.001932809418
222.2432049,0.0155839271,0.002073249602,0.01335820251,-0.00231353845
222.3678506,0.01459192504,0.002411514044,0.01351622434,-0.002705393785
222.4924962,0.01360460745,0.00276665774,0.01367728975,-0.003107360514
222.6171419,0.01262512632,0.003137701212,0.01384097476,-0.00351842373
222.7417876,0.01165663362,0.00352366498,0.01400685536,-0.003937568525
222.8664332,0.01070228132,0.003923569566,0.01417450755,-0.004363779994
222.9910789,0.009765221399,0.004336435492,0.01434350733,-0.004796043226
223.1157245,0.008848605825,0.004761283278,0.01451343069,-0.005233343316
223.2403702,0.007955586577,0.005197133446,0.01468385364,-0.005674665356
223.3650158,0.007089315628,0.005643006518,0.01485435217,-0.006118994438
223.4896615,0.006252944953,0.006097923014,0.01502450229,-0.006565315654
223.6143072,0.005449626525,0.006560903455,0.01519387999,-0.007012614098
223.7389528,0.004682512319,0.007030968364,0.01536206128,-0.007459874862
223.8635985,0.003954754309,0.007507138262,0.01552862214,-0.007906083038
223.9882441,0.00326950447,0.007988433669,0.01569313859,-0.008350223719
224.1128898,0.002629914776,0.008473875107,0.01585518661,-0.008791281997
224.2375354,0.002039137202,0.008962483098,0.01601434222,-0.009228242965
224.3621811,0.00150032372,0.009453278163,0.0161701814,-0.009660091715
224.4868267,0.001016626307,0.009945280822,0.01632228015,-0.01008581334
224.6114724,0.0005911969351,0.0104375116,0.01647021448,-0.01050439293
224.7361181,0.00022718758,0.01092899101,0.01661356039,-0.01091481558
224.8607637,-7.224978449e-05,0.01141873958,0.01675189387,-0.01131606639
224.9854094,-0.000303963184,0.01190577784,0.01688479092,-0.01170713044
225.110055,-0.0004648006443,0.01238912629,0.01701182754,-0.01208699282
225.2347007,-0.0005516101911,0.01286780547,0.01713257974,-0.01245463864
225.3593463,-0.00056123985,0.01334083589,0.0172466235,-0.01280905298
225.483992,-0.0004905376468,0.01380723807,0.01735353483,-0.01314922093
225.6086377,-0.0003363516072,0.01426603255,0.01745288973,-0.0134741276
225.7332833,-9.552975682e-05,0.01471623983,0.01754426419,-0.01378275806
225.857929,0.0002350798785,0.01515688044,0.01762723422,-0.01407409741
225.9825746,0.0006586292732,0.0155869749,0.01770137581,-0.01434713075
226.1072203,0.001178270401,0.01600554373,0.01776626497,-0.01460084317
226.2318659,0.001797155237,0.01641160746,0.01782147769,-0.01483421975
226.3565116,0.002518435756,0.0168041866,0.01786658997,-0.0150462456
226.4811572,0.003345263931,0.01718230168,0.01790117781,-0.0152359058
226.6058029,0.004280791736,0.01754497321,0.01792481721,-0.01540218545
226.7304486,0.005328171147,0.01789122173,0.01793708417,-0.01554406964
226.8550942,0.006490554137,0.01822006774,0.01793755469,-0.01566054347
226.9797399,0.00777109268,0.01853053177,0.01792580476,-0.01575059202
227.1043855,0.009172938752,0.01882163435,0.01790141039,-0.01581320038
227.2290312,0.01069924433,0.01909239599,0.01786394757,-0.01584735366
227.3536768,0.01235316138,0.01934183721,0.0178129923,-0.01585203694
227.4783225,0.01413784188,0.01956897855,0.01774812059,-0.01582623531
227.6029682,0.01595680932,0.01976987111,0.01767447929,-0.01577417957
227.7276138,0.01762572479,0.01993911594,0.01760238172,-0.01570569979
227.8522595,0.01914413183,0.02007771814,0.01753205956,-0.01562171319
227.9769051,0.02051599377,0.02018682512,0.01746349964,-0.01552291307
228.1015508,0.02174527391,0.02026758431,0.01739668878,-0.01540999274
228.2261964,0.02283593557,0.02032114313,0.01733161382,-0.01528364554
228.3508421,0.02379194206,0.02034864901,0.01726826158,-0.01514456476
228.4754877,0.02461725671,0.02035124936,0.01720661889,-0.01499344372
228.6001334,0.02531584282,0.02033009161,0.01714667258,-0.01483097575
228.7247791,0.0258916637,0.02028632318,0.01708840948,-0.01465785415
228.8494247,0.02634868268,0.02022109149,0.01703181642,-0.01447477224
228.9740704,0.02669086307,0.02013554398,0.01697688023,-0.01428242334
229.098716,0.02692216817,0.02003082805,0.01692358774,-0.01408150076
229.2233617,0.02704656131,0.01990809113,0.01687192577,-0.01387269782
229.3480073,0.0270680058,0.01976848065,0.01682188116,-0.01365670782
229.472653,0.02699046496,0.01961314403,0.01677344073,-0.0134342241
229.5972986,0.02681790209,0.01944322869,0.01672659132,-0.01320593995
229.7219443,0.02655428051,0.01925988205,0.01668131975,-0.0129725487
229.84659,0.02620356355,0.01906425154,0.01663761285,-0.01273474367
229.9712356,0.0257697145,0.01885748458,0.01659545745,-0.01249321816
230.0958813,0.02525669669,0.01864072859,0.01655484038,-0.01224866549
230.2205269,0.02466847342,0.01841513099,0.01651574847,-0.01200177899
230.3451726,0.02400900803,0.01818183921,0.01647816855,-0.01175325195
230.4698182,0.02328226381,0.01794200067,0.01644208744,-0.01150377771
230.5944639,0.02249220408,0.0176967628,0.01640749198,-0.01125404956
230.7191096,0.02164279216,0.017447273,0.016374369,-0.01100476084
230.8437552,0.02073799136,0.01719467872,0.01634270532,-0.01075660485
230.9684009,0.019781765,0.01694012737,0.01631248777,-0.01051027491
231.0930465,0.01877807639,0.01668476637,0.01628370319,-0.01026646433
231.2176922,0.01773088884,0.01642974314,0.0162563384,-0.01002586644
231.3423378,0.01664416568,0.01617620512,0.01623038023,-0.009789174534
231.4669835,0.0155218702,0.01592529971,0.01620581551,-0.009557081943
231.5916291,0.01436796573,0.01567817435,0.01618263106,-0.009330281977
231.7162748,0.01318641559,0.01543597646,0.01616081373,-0.009109467951
231.8409205,0.01198118308,0.01519985346,0.01614035033,-0.008895333181
231.9655661,0.01075623152,0.01497095276,0.0161212277,-0.008688570983
232.0902118,0.00951552423,0.01475042181,0.01610343266,-0.00848987467
232.2148574,0.008263024516,0.01453940801,0.01608695204,-0.008299937559
232.3395031,0.007002695696,0.01433905879,0.01607177268,-0.008119452964
232.4641487,0.005738501084,0.01415052158,0.01605788141,-0.007949114201
232.5887944,0.004474403994,0.01397494379,0.01604526504,-0.007789614586
232.7134401,0.003214367741,0.01381347285,0.01603391041,-0.007641647432
232.8380857,0.001962355639,0.01366725618,0.01602380436,-0.007505906056
232.9627314,0.0007223310024,0.01353744121,0.0160149337,-0.007383083773
233.087377,-0.0005017428546,0.01342517535,0.01600728527,-0.007273873898
233.2120227,-0.001705902617,0.01333160603,0.01600084589,-0.007178969746
233.3366683,-0.002886184972,0.01325788068,0.0159956024,-0.007099064632
233.461314,-0.004038626604,0.01320514671,0.01599154163,-0.007034851872
233.5859596,-0.005159264198,0.01317455154,0.0159886504,-0.006987024781
233.7106053,-0.006244134442,0.01316724261,0.01598691554,-0.006956276674
233.835251,-0.007289274019,0.01318436733,0.01598632389,-0.006943300866
233.9598966,-0.008290719617,0.01322707313,0.01598686227,-0.006948790672
234.0845423,-0.009244507919,0.01329650742,0.0159885175,-0.006973439409
234.2091879,-0.01014667561,0.01339381764,0.01599127643,-0.00701794039
234.3338336,-0.01099325938,0.0135201512,0.01599512587,-0.007082986931
234.4584792,-0.01178029592,0.01367665553,0.01600005267,-0.007169272348
234.5831249,-0.0125038219,0.01386447804,0.01600604363,-0.007277489955
234.7077706,-0.01315987402,0.01408476617,0.01601308561,-0.007408333068
234.8324162,-0.01374448895,0.01433866734,0.01602116542,-0.007562495002
234.9570619,-0.01425370339,0.01462732896,0.01603026989,-0.007740669072
235.0817075,-0.01468355402,0.01495189846,0.01604038585,-0.007943548594
235.2063532,-0.01503007753,0.01531352326,0.01605150014,-0.008171826882
235.3309988,-0.0152893106,0.01571335079,0.01606359958,-0.008426197252
235.4556445,-0.01545728992,0.01615252847,0.01607667099,-0.008707353019
235.5802901,-0.01553005217,0.01663220372,0.01609070122,-0.009015987499
235.7049358,-0.01550363404,0.01715352397,0.01610567709,-0.009352794006
235.8295815,-0.01537407221,0.01771763663,0.01612158542,-0.009718465856
235.9542271,-0.01513740338,0.01832568913,0.01613841305,-0.01011369636
236.0788728,-0.01478966422,0.01897882889,0.0161561468,-0.01053917884
236.2035184,-0.01432689142,0.01967820333,0.01617477351,-0.01099560661
236.3281641,-0.01374512167,0.02042495989,0.01619428,-0.01148367299
236.4528097,-0.01304039166,0.02122024597,0.0162146531,-0.01200407128
236.5774554,-0.01220873806,0.02206520901,0.01623587965,-0.01255749481
236.7021011,-0.01124619757,0.02296099642,0.01625794647,-0.01314463688
236.8267467,-0.01014880686,0.02390875563,0.01628084038,-0.01376619082
236.9513924,-0.008912602635,0.02490963407,0.01630454823,-0.01442284994
237.076038,-0.007533621568,0.02596477914,0.01632905683,-0.01511530755
237.2006837,-0.006007900349,0.02707533829,0.01635435302,-0.01584425698
237.3253293,-0.004331475663,0.02824245892,0.01638042363,-0.01661039153
237.449975,-0.002500384195,0.02946728846,0.01640725548,-0.01741440452
237.5746206,-0.0005106626304,0.03075097434,0.01643483541,-0.01825698927
237.6992663,0.001641652344,0.03209466398,0.01646315024,-0.01913883908
237.823912,0.003960524043,0.03349950479,0.0164921868,-0.02006064729
237.9485576,0.006449915782,0.03496664421,0.01652193192,-0.02102310719
238.0732033,0.009113790873,0.03649722966,0.01655237243,-0.02202691211
238.1978489,0.01195611263,0.03809240855,0.01658349517,-0.02307275537
238.3224946,0.01498084437,0.03975332831,0.01661528695,-0.02416133027
238.4471402,0.01804880822,0.04140751012,0.01664138591,-0.02524588412
238.5717859,0.0209642687,0.04295432781,0.01665316294,-0.02626154644
238.6964315,0.02372869668,0.044395192,0.01665088933,-0.02720921429
238.8210772,0.02634485985,0.04573218228,0.01663489438,-0.02809021583
238.9457229,0.0288155259,0.04696737827,0.01660550739,-0.02890587928
239.0703685,0.03114346252,0.04810285956,0.01656305767,-0.02965753281
239.1950142,0.0333314374,0.04914070574,0.01650787451,-0.03034650463
239.3196598,0.03538221822,0.05008299642,0.01644028723,-0.0309741229
239.4443055,0.03729857269,0.05093181119,0.01636062513,-0.03154171584
239.5689511,0.03908326848,0.05168922966,0.0162692175,-0.03205061163
239.6935968,0.04073907329,0.05235733143,0.01616639366,-0.03250213845
239.8182425,0.04226875482,0.05293819609,0.0160524829,-0.0328976245
239.9428881,0.04367508073,0.05343390324,0.01592781453,-0.03323839798
240.0675338,0.04496081874,0.05384653249,0.01579271786,-0.03352578706
240.1921794,0.04612873653,0.05417816344,0.01564752217,-0.03376111994
240.3168251,0.04718160178,0.05443087567,0.01549255679,-0.03394572481
240.4414707,0.04812218219,0.0546067488,0.01532815101,-0.03408092987
240.5661164,0.04895324545,0.05470786242,0.01515463413,-0.03416806329
240.690762,0.04967755924,0.05473629613,0.01497233546,-0.03420845327
240.8154077,0.05029789126,0.05469412953,0.01478158431,-0.03420342801
240.9400534,0.0508170092,0.05458344223,0.01458270996,-0.03415431569
241.064699,0.05123768075,0.05440631381,0.01437604174,-0.0340624445
241.1893447,0.05156267359,0.05416482388,0.01416190893,-0.03392914263
241.3139903,0.05179475542,0.05386105204,0.01394064085,-0.03375573827
241.438636,0.05193669392,0.05349707789,0.0137125668,-0.03354355962
241.5632816,0.05199125679,0.05307498103,0.01347801608,-0.03329393485
241.6879273,0.05196121172,0.05259684106,0.01323731799,-0.03300819218
241.812573,0.05184932639,0.05206473757,0.01299080184,-0.03268765977
241.9372186,0.0516583685,0.05148075017,0.01273879692,-0.03233366583
242.0618643,0.05139110574,0.05084695845,0.01248163256,-0.03194753854
242.1865099,0.05105030579,0.05016544202,0.01221963803,-0.0315306061
242.3111556,0.05063873634,0.04943828048,0.01195314266,-0.03108419669
242.4358012,0.05015916509,0.04866755342,0.01168247574,-0.03060963851
242.5604469,0.04961435973,0.04785534044,0.01140796658,-0.03010825974
242.6850925,0.04900708794,0.04700372115,0.01112994448,-0.02958138858
242.8097382,0.04834011741,0.04611477514,0.01084873874,-0.02903035321
242.9343839,0.04761621584,0.04519058201,0.01056467866,-0.02845648183
243.0590295,0.04683815092,0.04423322137,0.01027809356,-0.02786110263
243.1836752,0.04600869032,0.0432447728,0.009989312724,-0.02724554379
243.3083208,0.04513060176,0.04222731592,0.009698665466,-0.02661113351
243.4329665,0.0442066529,0.04118293032,0.009406481088,-0.02595919997
243.5576121,0.04323961145,0.0401136956,0.009113088891,-0.02529107138
243.6822578,0.0422322451,0.03902169135,0.008818818179,-0.02460807591
243.8069035,0.04118732152,0.03790899719,0.008523998256,-0.02391154176
243.9315491,0.04010760842,0.03677769271,0.008228958424,-0.02320279711
244.0561948,0.03899587349,0.0356298575,0.007934027988,-0.02248317017
244.1808404,0.0378548844,0.03446757117,0.007639536249,-0.02175398911
244.3054861,0.03668740886,0.03329291332,0.007345812512,-0.02101658213
244.4301317,0.03549621455,0.03210796354,0.007053186079,-0.02027227743
244.5547774,0.03428406917,0.03091480145,0.006761986253,-0.01952240318
244.679423,0.0330537404,0.02971550662,0.006472542339,-0.01876828758
244.8040687,0.03180799593,0.02851215867,0.006185183639,-0.01801125882
244.9287144,0.03054960345,0.0273068372,0.005900239456,-0.01725264509
245.05336,0.02928133065,0.0261016218,0.005618039093,-0.01649377459
245.1780057,0.02800594522,0.02489859208,0.005338911855,-0.01573597549
245.3026513,0.02672621486,0.02369982762,0.005063187043,-0.01498057599
245.427297,0.02544490725,0.02250740804,0.004791193962,-0.01422890429
245.5519426,0.02416479008,0.02132341294,0.004523261914,-0.01348228857
245.6765883,0.02288863104,0.0201499219,0.004259720202,-0.01274205702
245.801234,0.02161919782,0.01898901454,0.004000898131,-0.01200953783
245.9258796,0.02035925812,0.01784277044,0.003747125002,-0.0112860592
246.0505253,0.01911157961,0.01671326922,0.00349873012,-0.0105729493
246.1751709,0.01787892999,0.01560259046,0.003256042787,-0.009871536346
246.2998166,0.01666407696,0.01451281378,0.003019392307,-0.00918314851
246.4244622,0.01546978819,0.01344601876,0.002789107983,-0.008509113989
246.5491079,0.01429883139,0.01240428501,0.002565519118,-0.007850760971
246.6737535,0.01315397423,0.01138969213,0.002348955015,-0.007209417647
246.7983992,0.01203798442,0.01040431972,0.002139744978,-0.006586412208
246.9230449,0.01095362963,0.009450247376,0.001938218309,-0.005983072844
247.0476905,0.009903677566,0.008529554696,0.001744704313,-0.005400727745
247.1723362,0.00889089591,0.007644321282,0.001559532291,-0.004840705102
247.2969818,0.007918052352,0.006796626733,0.001383031549,-0.004304333104
247.4216275,0.006987914584,0.005988550649,0.001215531387,-0.003792939942
247.5462731,0.006103250295,0.00522217263,0.001057361111,-0.003307853806
247.6709188,0.005266827175,0.004499572274,0.0009088500225,-0.002850402886
247.7955644,0.004481412913,0.003822829181,0.0007703274254,-0.002421915374
247.9202101,0.0037497752,0.003194022951,0.0006421226228,-0.002023719458
248.0448558,0.003074681725,0.002615233184,0.0005245649178,-0.00165714333
248.1695014,0.002458900178,0.002088539478,0.0004179836138,-0.001323515179
248.2941471,0.001905198249,0.001616021434,0.0003227080139,-0.001024163196
248.4187927,0.001416343628,0.001199758651,0.0002390674213,-0.0007604155715
248.5434384,0.0009951040051,0.0008418307276,0.0001673911393,-0.0005336004953
248.668084,0.0006442470695,0.0005443172643,0.0001080084711,-0.0003450461577
248.7927297,0.0003665405114,0.0003092978604,6.12487198e-05,-0.0001960807491
248.9173754,0.0001647520205,0.0001388521154,2.744118872e-05,-8.80324598e-05
249.042021,4.164928677e-05,3.505962877e-05,6.915181049e-06,-2.222948e-05
249.1666667,0,0,0,0
