time_ns,u_X1,u_Y1,u_X2,u_Y2
0,0,0,0,0
0.06232282808,-2.874114623e-05,3.531260359e-05,-3.077681634e-05,-4.802418053e-05
0.1246456562,-0.0001140105723,0.0001398684534,-0.0001220520284,-0.0001899261791
0.1869684842,-0.0002543772592,0.0003115946079,-0.0002722427809,-0.000422450181
0.2492913123,-0.0004484101881,0.0005484181256,-0.0004797662183,-0.0007423403717
0.3116141404,-0.00069467834,0.0008482660652,-0.0007430394852,-0.001146340937
0.3739369685,-0.0009917506959,0.001209065485,-0.001060479726,-0.001631196061
0.4362597966,-0.001338196237,0.001628743444,-0.001430504086,-0.002193649931
0.4985826246,-0.001732583944,0.002105226999,-0.00185152971,-0.002830446731
0.5609054527,-0.002173482799,0.002636443211,-0.002321973741,-0.003538330647
0.6232282808,-0.002659461781,0.003220319137,-0.002840253325,-0.004314045864
0.6855511089,-0.003189089873,0.003854781836,-0.003404785606,-0.005154336568
0.747873937,-0.003760936056,0.004537758367,-0.004013987728,-0.006055946944
0.810196765,-0.00437356931,0.005267175787,-0.004666276838,-0.007015621178
0.8725195931,-0.005025558616,0.006040961156,-0.005360070078,-0.008030103454
0.9348424212,-0.005715472956,0.006857041532,-0.006093784594,-0.009096137959
0.9971652493,-0.00644188131,0.007713343973,-0.00686583753,-0.01021046888
1.059488077,-0.007203352661,0.008607795538,-0.00767464603,-0.01136984039
1.121810905,-0.007998455988,0.009538323286,-0.008518627241,-0.0125709967
1.184133734,-0.008825760272,0.01050285427,-0.009396198305,-0.01381068197
1.246456562,-0.009683834496,0.01149931556,-0.01030577637,-0.0150856404
1.30877939,-0.01057124764,0.01252563421,-0.01124577857,-0.01639261616
1.371102218,-0.01148656868,0.01357973727,-0.01221462207,-0.01772835346
1.433425046,-0.01242836661,0.01465955181,-0.01321072399,-0.01908959647
1.495747874,-0.0133952104,0.01576300488,-0.0142325015,-0.02047308937
1.558070702,-0.01438566903,0.01688802355,-0.01527837172,-0.02187557635
1.62039353,-0.01539831149,0.01803253486,-0.01634675181,-0.02329380161
1.682716358,-0.01643170676,0.01919446589,-0.01743605892,-0.02472450931
1.745039186,-0.01748442381,0.02037174368,-0.01854471017,-0.02616444366
1.807362014,-0.01855503163,0.0215622953,-0.01967112273,-0.02761034883
1.869684842,-0.0196420992,0.0227640478,-0.02081371373,-0.02905896901
1.932007671,-0.0207441955,0.02397492824,-0.02197090032,-0.03050704838
1.994330499,-0.02185988951,0.02519286369,-0.02314109965,-0.03195133113
2.056653327,-0.02298775022,0.0264157812,-0.02432272885,-0.03338856145
2.118976155,-0.0241263466,0.02764160783,-0.02551420508,-0.03481548352
2.181298983,-0.02527424763,0.02886827063,-0.02671394547,-0.03622884153
2.243621811,-0.0264300223,0.03009369667,-0.02792036718,-0.03762537966
2.305944639,-0.02759223958,0.03131581301,-0.02913188734,-0.03900184209
2.368267467,-0.02875946847,0.03253254669,-0.03034692311,-0.04035497302
2.430590295,-0.02993027793,0.03374182479,-0.03156389162,-0.04168151663
2.492913123,-0.03110323695,0.03494157436,-0.03278121002,-0.0429782171
2.555235951,-0.03227691451,0.03612972246,-0.03399729546,-0.04424181862
2.617558779,-0.0334498796,0.03730419614,-0.03521056508,-0.04546906537
2.679881607,-0.03462070119,0.03846292247,-0.03641943602,-0.04665670155
2.742204436,-0.03578794826,0.03960382851,-0.03762232543,-0.04780147133
2.804527264,-0.0369501898,0.04072484131,-0.03881765045,-0.0489001189
2.866850092,-0.03810599478,0.04182388792,-0.04000382824,-0.04994938844
2.92917292,-0.03925393219,0.04289889542,-0.04117927592,-0.05094602415
2.991495748,-0.04039257101,0.04394779086,-0.04234241065,-0.0518867702
3.053818576,-0.04152048022,0.04496850129,-0.04349164958,-0.05276837079
3.116141404,-0.0426362288,0.04595895378,-0.04462540984,-0.05358757009
3.178464232,-0.04373838573,0.04691707538,-0.04574210858,-0.0543411123
3.24078706,-0.04482552,0.04784079315,-0.04684016295,-0.05502574159
3.303109888,-0.04589620058,0.04872803416,-0.04791799009,-0.05563820216
3.365432716,-0.04694899645,0.04957672545,-0.04897400715,-0.05617523819
3.427755544,-0.0479824766,0.05038479409,-0.05000663126,-0.05663359386
3.490078373,-0.04899521,0.05115016714,-0.05101427958,-0.05701001337
3.552401201,-0.04998576565,0.05187077165,-0.05199536925,-0.05730124089
3.614724029,-0.05095271251,0.05254453469,-0.05294831741,-0.0575040206
3.677046857,-0.05189461957,0.0531693833,-0.05387154121,-0.05761509671
3.739369685,-0.05281005581,0.05374324456,-0.05476345779,-0.05763121339
3.801692513,-0.05369759022,0.05426404552,-0.0556224843,-0.05754911482
3.864015341,-0.05455579177,0.05472971323,-0.05644703788,-0.0573655452
3.926338169,-0.05538322944,0.05513817476,-0.05723553568,-0.0570772487
3.988660997,-0.05617847222,0.05548735717,-0.05798639484,-0.05668096952
4.050983825,-0.05694008908,0.05577518751,-0.05869803251,-0.05617345184
4.113306653,-0.05766664902,0.05599959283,-0.05936886582,-0.05555143984
4.175629481,-0.058356721,0.05615850021,-0.05999731193,-0.05481167771
4.237952309,-0.05900887401,0.0562498367,-0.06058178798,-0.05395090964
4.300275138,-0.05962167703,0.05627152936,-0.06112071112,-0.05296587981
4.362597966,-0.06019369904,0.05622150524,-0.06161249848,-0.0518533324
4.424920794,-0.06072350903,0.0560976914,-0.06205556722,-0.0506100116
4.487243622,-0.06120967596,0.05589801491,-0.06244833447,-0.0492326616
4.54956645,-0.06165076884,0.05562040282,-0.06278921739,-0.04771802658
4.611889278,-0.06204535663,0.05526278219,-0.06307663311,-0.04606285073
4.674212106,-0.06239200831,0.05482308007,-0.06330899879,-0.04426387823
4.736534934,-0.06268929288,0.05429922353,-0.06348473156,-0.04231785328
4.798857762,-0.0629357793,0.05368913963,-0.06360224858,-0.04022152004
4.86118059,-0.06313003657,0.05299075542,-0.06365996698,-0.03797162271
4.923503418,-0.06327063365,0.05220199797,-0.0636563039,-0.03556490548
4.985826246,-0.06335613954,0.05132079432,-0.06358967651,-0.03299811253
5.048149075,-0.06338512321,0.05034507155,-0.06345850193,-0.03026798804
5.110471903,-0.06335615364,0.0492727567,-0.06326119732,-0.02737127621
5.172794731,-0.06326779982,0.04810177684,-0.06299617982,-0.02430472121
5.235117559,-0.06311863073,0.04683005902,-0.06266186657,-0.02106506723
5.297440387,-0.06290721534,0.04545553031,-0.06225667471,-0.01764905846
5.359763215,-0.06263212265,0.04397611776,-0.0617790214,-0.01405343908
5.422086043,-0.06229224592,0.04239025065,-0.06122744419,-0.01027615499
5.484408871,-0.06193606067,0.04077317757,-0.06061931515,-0.006498337862
5.546731699,-0.06159879557,0.03917975509,-0.05996852394,-0.002850204714
5.609054527,-0.06128007093,0.03760972205,-0.05927603996,0.0006703574645
5.671377355,-0.06097950706,0.03606281729,-0.05854283259,0.004065461685
5.733700183,-0.06069672427,0.03453877966,-0.05776987124,0.007337220958
5.796023012,-0.06043134286,0.03303734799,-0.0569581253,0.01048774829
5.85834584,-0.06018298315,0.03155826114,-0.05610856416,0.0135191567
5.920668668,-0.05995126543,0.03010125794,-0.05522215721,0.0164335592
5.982991496,-0.05973581002,0.02866607724,-0.05429987386,0.01923306879
6.045314324,-0.05953623722,0.02725245788,-0.0533426835,0.02191979848
6.107637152,-0.05935216734,0.0258601387,-0.05235155551,0.0244958613
6.16995998,-0.05918322069,0.02448885855,-0.05132745931,0.02696337024
6.232282808,-0.05902901758,0.02313835628,-0.05027136427,0.02932443832
6.294605636,-0.05888917831,0.02180837072,-0.0491842398,0.03158117855
6.356928464,-0.05876332318,0.02049864072,-0.04806705529,0.03373570394
6.419251292,-0.05865107252,0.01920890512,-0.04692078014,0.0357901275
6.48157412,-0.05855204661,0.01793890276,-0.04574638373,0.03774656224
6.543896948,-0.05846586578,0.0166883725,-0.04454483547,0.03960712117
6.606219777,-0.05839215033,0.01545705316,-0.04331710475,0.04137391731
6.668542605,-0.05833052057,0.01424468361,-0.04206416097,0.04304906366
6.730865433,-0.05828059679,0.01305100267,-0.04078697351,0.04463467323
6.793188261,-0.05824199932,0.01187574919,-0.03948651177,0.04613285905
6.855511089,-0.05821434846,0.01071866202,-0.03816374515,0.0475457341
6.917833917,-0.05819726451,0.009579479994,-0.03681964304,0.04887541142
6.980156745,-0.05819036778,0.008457941963,-0.03545517485,0.050124004
7.042479573,-0.05819327858,0.007353786768,-0.03407130995,0.05129362486
7.104802401,-0.05820561722,0.006266753252,-0.03266901775,0.05238638701
7.167125229,-0.05822700401,0.005196580258,-0.03124926764,0.05340440346
7.229448057,-0.05825705924,0.00414300663,-0.02981302901,0.05434978722
7.291770885,-0.05829540323,0.003105771211,-0.02836127127,0.0552246513
7.354093714,-0.05834165629,0.002084612844,-0.0268949638,0.05603110871
7.416416542,-0.05839543873,0.001079270373,-0.02541507601,0.05677127247
7.47873937,-0.05845637084,8.948264194e-05,-0.02392257727,0.05744725558
7.541062198,-0.05852407294,-0.000885011507,-0.022418437,0.05806117105
7.603385026,-0.05859816534,-0.00184447323,-0.02090362458,0.0586151319
7.665707854,-0.05867826834,-0.002789163683,-0.01937910941,0.05911125114
7.728030682,-0.05876400225,-0.003719344024,-0.01784586088,0.05955164177
7.79035351,-0.05885498738,-0.004635275409,-0.01630484839,0.05993841681
7.852676338,-0.05895084403,-0.005537218994,-0.01475704133,0.06027368927
7.914999166,-0.05905119251,-0.006425435937,-0.0132034091,0.06055957216
7.977321994,-0.05915565313,-0.007300187393,-0.01164492109,0.06079817848
8.039644822,-0.0592638462,-0.00816173452,-0.0100825467,0.06099162126
8.10196765,-0.05937539202,-0.009010338473,-0.008517255316,0.0611420135
8.164290479,-0.0594899109,-0.009846260411,-0.006950016341,0.06125146821
8.226613307,-0.05960702315,-0.01066976149,-0.005381799167,0.06132209841
8.288936135,-0.05972634907,-0.01148110286,-0.003813573188,0.0613560171
8.351258963,-0.05984750898,-0.01228054569,-0.0022463078,0.06135533729
8.413581791,-0.05997012318,-0.01306835113,-0.0006809723963,0.061322172
8.475904619,-0.06009381197,-0.01384478033,0.000881463628,0.06125863423
8.538227447,-0.06021819567,-0.01461009446,0.002440030878,0.061166837
8.600550275,-0.06034289458,-0.01536455467,0.003993759959,0.06104889332
8.662873103,-0.06046752901,-0.01610842212,0.005541681477,0.0609069162
8.725195931,-0.06059171926,-0.01684195795,0.007082826037,0.06074301864
8.787518759,-0.06071508565,-0.01756542334,0.008616224244,0.06055931367
8.849841587,-0.06083724848,-0.01827907944,0.0101409067,0.06035791428
8.912164416,-0.06095782806,-0.0189831874,0.01165590402,0.0601409335
8.974487244,-0.06107644469,-0.01967800837,0.0131602468,0.05991048433
9.036810072,-0.06119271869,-0.02036380353,0.01465296565,0.05966867978
9.0991329,-0.06130627035,-0.02104083402,0.01613309117,0.05941763286
9.161455728,-0.06141671999,-0.02170936099,0.01759965397,0.05915945659
9.223778556,-0.06152368792,-0.02236964562,0.01905168466,0.05889626398
9.286101384,-0.06162679444,-0.02302194904,0.02048821384,0.05863016803
9.348424212,-0.06172565986,-0.02366653243,0.02190827211,0.05836328175
9.41074704,-0.06181990448,-0.02430365693,0.02331089008,0.05809771817
9.473069868,-0.06190914862,-0.02493358371,0.02469509835,0.05783559028
9.535392696,-0.06199301258,-0.02555657391,0.02605992754,0.0575790111
9.597715524,-0.06207111666,-0.0261728887,0.02740440825,0.05733009364
9.660038353,-0.06214308119,-0.02678278923,0.02872757107,0.05709095091
9.722361181,-0.06220852645,-0.02738653667,0.03002844662,0.05686369592
9.784684009,-0.06226707276,-0.02798439215,0.03130606551,0.05665044169
9.847006837,-0.06231834044,-0.02857661685,0.03255945833,0.05645330121
9.909329665,-0.06236194977,-0.02916347192,0.0337876557,0.05627438751
9.971652493,-0.06239752108,-0.02974521852,0.03498968821,0.0561158136
10.03397532,-0.06242467467,-0.0303221178,0.03616458648,0.05597969248
10.09629815,-0.06244303084,-0.03089443092,0.0373113811,0.05586813716
10.15862098,-0.06245220991,-0.03146241903,0.03842910269,0.05578326066
10.22094381,-0.06245183218,-0.03202634329,0.03951678185,0.05572717599
10.28326663,-0.06244151796,-0.03258646487,0.04057344919,0.05570199616
10.34558946,-0.06242088755,-0.03314304491,0.0415981353,0.05570983418
10.40791229,-0.06238956126,-0.03369634457,0.0425898708,0.05575280305
10.47023512,-0.06234715941,-0.03424662501,0.0435476863,0.0558330158
10.53255795,-0.06229330229,-0.03479414739,0.04447061238,0.05595258542
10.59488077,-0.06222761022,-0.03533917286,0.04535767967,0.05611362494
10.6572036,-0.0621497035,-0.03588196257,0.04620791877,0.05631824736
10.71952643,-0.06205920243,-0.0364227777,0.04702036027,0.0565685657
10.78184926,-0.06195572734,-0.03696187938,0.0477940348,0.05686669295
10.84417209,-0.06183919529,-0.03749927384,0.04852819129,0.05721361194
10.90649491,-0.06172191694,-0.03802438032,0.04923147631,0.05756295997
10.96881774,-0.0616104365,-0.03853174354,0.04990909168,0.05788991682
11.03114057,-0.06150463158,-0.03902166506,0.05056147259,0.05819497863
11.0934634,-0.0614043798,-0.03949444641,0.05118905418,0.05847864153
11.15578623,-0.06130955876,-0.03995038914,0.05179227163,0.05874140164
11.21810905,-0.06122004608,-0.04038979482,0.05237156009,0.05898375509
11.28043188,-0.06113571936,-0.04081296497,0.05292735474,0.05920619801
11.34275471,-0.06105645622,-0.04122020116,0.05346009072,0.05940922654
11.40507754,-0.06098213427,-0.04161180493,0.05397020321,0.0595933368
11.46740037,-0.06091263113,-0.04198807783,0.05445812737,0.05975902492
11.52972319,-0.06084782439,-0.0423493214,0.05492429836,0.05990678703
11.59204602,-0.06078759168,-0.0426958372,0.05536915135,0.06003711927
11.65436885,-0.0607318106,-0.04302792678,0.05579312149,0.06015051775
11.71669168,-0.06068035876,-0.04334589167,0.05619664396,0.06024747862
11.77901451,-0.06063311378,-0.04365003344,0.05658015391,0.060328498
11.84133734,-0.06058995327,-0.04394065363,0.0569440865,0.06039407201
11.90366016,-0.06055075483,-0.04421805379,0.05728887691,0.0604446968
11.96598299,-0.06051539609,-0.04448253547,0.05761496028,0.06048086848
12.02830582,-0.06048375465,-0.04473440021,0.0579227718,0.0605030832
12.09062865,-0.06045570811,-0.04497394956,0.05821274661,0.06051183707
12.15295148,-0.0604311341,-0.04520148508,0.05848531989,0.06050762622
12.2152743,-0.06040991023,-0.04541730831,0.05874092679,0.0604909468
12.27759713,-0.0603919141,-0.0456217208,0.05898000248,0.06046229492
12.33991996,-0.06037702332,-0.04581502409,0.05920298212,0.06042216672
12.40224279,-0.06036511552,-0.04599751974,0.05941030087,0.06037105833
12.46456562,-0.06035606829,-0.0461695093,0.0596023939,0.06030946587
12.52688844,-0.06034975925,-0.04633129431,0.05977969638,0.06023788547
12.58921127,-0.06034606601,-0.04648317633,0.05994264346,0.06015681327
12.6515341,-0.06034486619,-0.04662545689,0.0600916703,0.0600667454
12.71385693,-0.06034603738,-0.04675843755,0.06022721207,0.05996817798
12.77617976,-0.06034945722,-0.04688241986,0.06034970394,0.05986160714
12.83850258,-0.06035500329,-0.04699770537,0.06045958106,0.05974752902
12.90082541,-0.06036255323,-0.04710459562,0.0605572786,0.05962643974
12.96314824,-0.06037198463,-0.04720339217,0.06064323173,0.05949883543
13.02547107,-0.06038317511,-0.04729439655,0.0607178756,0.05936521222
13.0877939,-0.06039600228,-0.04737791033,0.06078164538,0.05922606624
13.15011673,-0.06041034375,-0.04745423504,0.06083497622,0.05908189363
13.21243955,-0.06042607713,-0.04752367224,0.06087830331,0.05893319051
13.27476238,-0.06044308004,-0.04758652348,0.06091206179,0.058780453
13.33708521,-0.06046123008,-0.0476430903,0.06093668683,0.05862417725
13.39940804,-0.06048040487,-0.04769367425,0.0609526136,0.05846485938
13.46173087,-0.06050048201,-0.04773857689,0.06096027725,0.05830299551
13.52405369,-0.06052133912,-0.04777809975,0.06096011295,0.05813908179
13.58637652,-0.06054285381,-0.0478125444,0.06095255586,0.05797361433
13.64869935,-0.06056490369,-0.04784221237,0.06093804115,0.05780708927
13.71102218,-0.06058736638,-0.04786740521,0.06091700398,0.05764000274
13.77334501,-0.06061011947,-0.04788842448,0.06088987951,0.05747285087
13.83566783,-0.06063304059,-0.04790557172,0.06085710291,0.05730612978
13.89799066,-0.06065600734,-0.04791914848,0.06081910934,0.05714033561
13.96031349,-0.06067889734,-0.04792945631,0.06077633395,0.05697596449
14.02263632,-0.0607015882,-0.04793679676,0.06072921192,0.05681351254
14.08495915,-0.06072395752,-0.04794147137,0.06067817841,0.05665347589
14.14728197,-0.06074588292,-0.0479437817,0.06062366858,0.05649635068
14.2096048,-0.06076724202,-0.04794402929,0.06056611759,0.05634263304
14.27192763,-0.06078791241,-0.0479425157,0.06050596061,0.05619281909
14.33425046,-0.06080777172,-0.04793954246,0.0604436328,0.05604740496
14.39657329,-0.06082669755,-0.04793541113,0.06037956932,0.05590688679
14.45889611,-0.06084456752,-0.04793042326,0.06031420534,0.0557717607
14.52121894,-0.06086125923,-0.0479248804,0.06024797601,0.05564252282
14.58354177,-0.0608766503,-0.04791908409,0.06018131651,0.05551966928
14.6458646,-0.06089061834,-0.04791333588,0.06011466199,0.05540369621
14.70818743,-0.06090304096,-0.04790793733,0.06004844762,0.05529509975
14.77051026,-0.06091379577,-0.04790318997,0.05998310856,0.05519437602
14.83283308,-0.06092276038,-0.04789939536,0.05991907998,0.05510202114
14.89515591,-0.0609298124,-0.04789685505,0.05985679703,0.05501853126
14.95747874,-0.06093482945,-0.04789587058,0.05979669489,0.0549444025
15.01980157,-0.06093768913,-0.04789674351,0.05973920871,0.05488013098
15.0821244,-0.06093826906,-0.04789977538,0.05968477365,0.05482621284
15.14444722,-0.06093644685,-0.04790526774,0.05963382488,0.05478314422
15.20677005,-0.06093210011,-0.04791352214,0.05958679757,0.05475142123
15.26909288,-0.06092510644,-0.04792484013,0.05954412687,0.05473154001
15.33141571,-0.06091534347,-0.04793952325,0.05950624795,0.05472399668
15.39373854,-0.0609026888,-0.04795787306,0.05947359597,0.05472928738
15.45606136,-0.06088702004,-0.0479801911,0.0594466061,0.05474790824
15.51838419,-0.06086821481,-0.04800677892,0.0594257135,0.05478035538
15.58070702,-0.06084615071,-0.04803793808,0.05941135332,0.05482712494
15.64302985,-0.06082070536,-0.04807397011,0.05940396075,0.05488871305
15.70535268,-0.06079175636,-0.04811517657,0.05940397092,0.05496561583
15.7676755,-0.06075918134,-0.04816185901,0.05941181902,0.05505832941
15.82999833,-0.06072285789,-0.04821431897,0.0594279402,0.05516734993
15.89232116,-0.06068266364,-0.048272858,0.05945276963,0.05529317351
15.95464399,-0.06063847619,-0.04833777765,0.05948674247,0.05543629628
16.01696682,-0.06059017315,-0.04840937948,0.05953029388,0.05559721438
16.07928964,-0.06053763213,-0.04848796502,0.05958385903,0.05577642393
16.14161247,-0.06048073076,-0.04857383583,0.05964787307,0.05597442106
16.2039353,-0.06041934663,-0.04866729345,0.05972277118,0.0561917019
16.26625813,-0.06035300043,-0.04876847428,0.05980845022,0.05642538819
16.32858096,-0.06027439257,-0.04887403538,0.0598942887,0.05660756284
16.39090379,-0.06018084499,-0.04898198637,0.05997606916,0.05671263892
16.45322661,-0.06007257597,-0.04909156595,0.06005386218,0.05674221913
16.51554944,-0.0599498038,-0.04920201282,0.06012773833,0.05669790618
16.57787227,-0.05981274676,-0.04931256571,0.0601977682,0.05658130278
16.6401951,-0.05966162316,-0.04942246332,0.06026402236,0.05639401165
16.70251793,-0.05949665126,-0.04953094436,0.06032657139,0.05613763548
16.76484075,-0.05931804937,-0.04963724754,0.06038548586,0.05581377698
16.82716358,-0.05912603578,-0.04974061156,0.06044083637,0.05542403887
16.88948641,-0.05892082876,-0.04984027515,0.06049269347,0.05497002385
16.95180924,-0.05870264661,-0.04993547699,0.06054112776,0.05445333464
17.01413207,-0.05847170762,-0.05002545582,0.06058620981,0.05387557393
17.07645489,-0.05822823008,-0.05010945033,0.0606280102,0.05323834445
17.13877772,-0.05797243227,-0.05018669924,0.06066659951,0.05254324889
17.20110055,-0.05770453248,-0.05025644125,0.06070204831,0.05179188996
17.26342338,-0.057424749,-0.05031791507,0.06073442718,0.05098587038
17.32574621,-0.05713330012,-0.05037035942,0.0607638067,0.05012679286
17.38806903,-0.05683040414,-0.050413013,0.06079025746,0.04921626009
17.45039186,-0.05651627932,-0.05044511452,0.06081385002,0.04825587479
17.51271469,-0.05619114398,-0.05046590269,0.06083465496,0.04724723967
17.57503752,-0.05585521638,-0.05047461623,0.06085274287,0.04619195744
17.63736035,-0.05550871483,-0.05047049383,0.06086818432,0.0450916308
17.69968317,-0.05515185761,-0.05045277421,0.06088104989,0.04394786247
17.762006,-0.05478486301,-0.05042069608,0.06089141015,0.04276225515
17.82432883,-0.05440794931,-0.05037349815,0.06089933569,0.04153641155
17.88665166,-0.05402133481,-0.05031041913,0.06090489709,0.04027193438
17.94897449,-0.0536252378,-0.05023069772,0.06090816492,0.03897042634
18.01129732,-0.05321987656,-0.05013357264,0.06090920975,0.03763349015
18.07362014,-0.05280546938,-0.0500182826,0.06090810218,0.03626272852
18.13594297,-0.05238223455,-0.0498840663,0.06090491277,0.03485974415
18.1982658,-0.05195039035,-0.04973016245,0.0608997121,0.03342613975
18.26058863,-0.05151015509,-0.04955580977,0.06089257076,0.03196351803
18.32291146,-0.05106174704,-0.04936024696,0.06088355932,0.0304734817
18.38523428,-0.05060538449,-0.04914271273,0.06087274835,0.02895763346
18.44755711,-0.05014128574,-0.04890244579,0.06086020845,0.02741757603
18.50987994,-0.04966966906,-0.04863868486,0.06084601017,0.02585491212
18.57220277,-0.04919075276,-0.04835066863,0.06083022411,0.02427124442
18.6345256,-0.04870475511,-0.04803763583,0.06081292084,0.02266817566
18.69684842,-0.04821189441,-0.04769882515,0.06079417094,0.02104730854
18.75917125,-0.04771238894,-0.04733347531,0.06077404499,0.01941024577
18.82149408,-0.047206457,-0.04694082503,0.06075261356,0.01775859005
18.88381691,-0.04669431687,-0.04652011299,0.06072994723,0.0160939441
18.94613974,-0.04617618684,-0.04607057793,0.06070611658,0.01441791062
19.00846256,-0.04565228519,-0.04559145854,0.0606811922,0.01273209232
19.07078539,-0.04512283023,-0.04508199353,0.06065524465,0.01103809191
19.13310822,-0.04458804023,-0.04454142162,0.06062834451,0.009337512103
19.19543105,-0.04404813348,-0.04396898152,0.06060056237,0.007631955602
19.25775388,-0.04350332827,-0.04336391192,0.0605719688,0.005923025116
19.32007671,-0.0429538429,-0.04272545156,0.06054263439,0.004212323355
19.38239953,-0.04239989565,-0.04205283912,0.06051262969,0.002501453028
19.44472236,-0.0418417048,-0.04134531332,0.06048202531,0.0007920168409
19.50704519,-0.04127948865,-0.04060211288,0.06045089181,-0.0009143824959
19.56936802,-0.04071346548,-0.03982247649,0.06041929977,-0.002616142274
19.63169085,-0.04014385359,-0.03900564288,0.06038731977,-0.004311659786
19.69401367,-0.03957087126,-0.03815085074,0.06035502238,-0.005999332322
19.7563365,-0.03899473678,-0.03725733879,0.0603224782,-0.007677557175
19.81865933,-0.03841566843,-0.03632434574,0.06028975779,-0.009344731635
19.88098216,-0.03783388452,-0.0353511103,0.06025693173,-0.01099925299
19.94330499,-0.03724960332,-0.03433687117,0.0602240706,-0.01263951854
20.00562781,-0.03666304312,-0.03328086707,0.06019124498,-0.01426392558
20.06795064,-0.03607442222,-0.0321823367,0.06015852545,-0.01587087138
20.13027347,-0.0354839589,-0.03104051878,0.06012598258,-0.01745875325
20.1925963,-0.03489187144,-0.02985465201,0.06009368695,-0.01902596848
20.25491913,-0.03429837815,-0.02862397511,0.06006170915,-0.02057091436
20.31724195,-0.0337036973,-0.02734772678,0.06003011974,-0.02209198817
20.37956478,-0.03310804719,-0.02602514573,0.05999898931,-0.02358758722
20.44188761,-0.03251164609,-0.02465547067,0.05996838844,-0.02505610879
20.50421044,-0.03191471232,-0.02323794031,0.0599383877,-0.02649595017
20.56653327,-0.03131746414,-0.02177179337,0.05990905767,-0.02790550866
20.62885609,-0.03072011985,-0.02025626854,0.05988046893,-0.02928318155
20.69117892,-0.03012289774,-0.01869060454,0.05985269205,-0.03062736613
20.75350175,-0.02952601609,-0.01707404008,0.05982579763,-0.03193645968
20.81582458,-0.0289296932,-0.01540581386,0.05979985622,-0.03320885951
20.87814741,-0.02833414735,-0.01368516461,0.05977493842,-0.0344429629
20.94047024,-0.02773959683,-0.01191133102,0.0597511148,-0.03563716715
21.00279306,-0.02714625993,-0.0100835518,0.05972845594,-0.03678986954
21.06511589,-0.02655435494,-0.008201065671,0.05970703241,-0.03789946737
21.12743872,-0.02596410014,-0.006263111336,0.0596869148,-0.03896435793
21.18976155,-0.02537571383,-0.004268927504,0.05966817367,-0.03998293851
21.25208438,-0.0247894143,-0.002217752886,0.05965087962,-0.0409536064
21.3144072,-0.02420541982,-0.0001088261896,0.05963510322,-0.0418747589
21.37673003,-0.0236239487,0.002058613875,0.05962091504,-0.04274479329
21.43905286,-0.02304521922,0.004285328598,0.05960838567,-0.04356210687
21.50137569,-0.02246944966,0.00657207927,0.05959758568,-0.04432509693
21.56369852,-0.02189685832,0.008919627183,0.05958858565,-0.04503216075
21.62602134,-0.02132766348,0.01132873363,0.05958145616,-0.04568169564
21.68834417,-0.02076551898,0.01379077755,0.05957613449,-0.04627410748
21.750667,-0.02025146258,0.01619402074,0.05957104014,-0.04683258367
21.81298983,-0.01979637689,0.01850696141,0.05956562335,-0.04736459471
21.87531266,-0.01939895859,0.02073113761,0.05955979142,-0.04787070314
21.93763548,-0.01905790435,0.02286808742,0.05955345163,-0.04835147147
21.99995831,-0.01877191082,0.02491934889,0.05954651128,-0.04880746221
22.06228114,-0.01853967469,0.0268864601,0.05953887766,-0.04923923791
22.12460397,-0.01835989262,0.02877095911,0.05953045806,-0.04964736107
22.1869268,-0.01823126128,0.03057438397,0.05952115977,-0.05003239422
22.24924962,-0.01815247735,0.03229827277,0.05951089008,-0.05039489989
22.31157245,-0.01812223748,0.03394416355,0.05949955629,-0.05073544059
22.37389528,-0.01813923835,0.03551359439,0.05948706569,-0.05105457884
22.43621811,-0.01820217664,0.03700810334,0.05947332556,-0.05135287718
22.49854094,-0.018309749,0.03842922848,0.05945824321,-0.05163089811
22.56086377,-0.01846065211,0.03977850787,0.05944172591,-0.05188920418
22.62318659,-0.01865358263,0.04105747957,0.05942368097,-0.05212835788
22.68550942,-0.01888723724,0.04226768165,0.05940401567,-0.05234892176
22.74783225,-0.01916031261,0.04341065217,0.0593826373,-0.05255145833
22.81015508,-0.01947150541,0.0444879292,0.05935945317,-0.05273653011
22.87247791,-0.0198195123,0.0455010508,0.05933437055,-0.05290469962
22.93480073,-0.02020302996,0.04645155503,0.05930729674,-0.05305652939
22.99712356,-0.02062075505,0.04734097996,0.05927813903,-0.05319258195
23.05944639,-0.02107138424,0.04817086365,0.05924680471,-0.0533134198
23.12176922,-0.02155361421,0.04894274418,0.05921320108,-0.05341960548
23.18409205,-0.02206614162,0.04965815959,0.05917723542,-0.05351170151
23.24641487,-0.02260766314,0.05031864797,0.05913881503,-0.0535902704
23.3087377,-0.02317687544,0.05092574736,0.0590978472,-0.05365587469
23.37106053,-0.02377247519,0.05148099584,0.05905423922,-0.05370907689
23.43338336,-0.02439315907,0.05198593148,0.05900789838,-0.05375043953
23.49570619,-0.02503762373,0.05244209232,0.05895873197,-0.05378052513
23.55802901,-0.02570456585,0.05285101645,0.05890664728,-0.05379989621
23.62035184,-0.0263926821,0.05321424192,0.05885155161,-0.05380911529
23.68267467,-0.02710066915,0.0535333068,0.05879335225,-0.05380874489
23.7449975,-0.02782722367,0.05380974915,0.05873195649,-0.05379934754
23.80732033,-0.02857104232,0.05404510704,0.05866727162,-0.05378148577
23.86964315,-0.02933082179,0.05424091854,0.05859920492,-0.05375572208
23.93196598,-0.03010525872,0.05439872169,0.0585276637,-0.05372261901
23.99428881,-0.0308930498,0.05452005458,0.05845255525,-0.05368273908
24.05661164,-0.0316928917,0.05460645527,0.05837378685,-0.05363664481
24.11893447,-0.03250348108,0.05465946181,0.0582912658,-0.05358489871
24.1812573,-0.03332351462,0.05468061228,0.05820489938,-0.05352806333
24.24358012,-0.03415168897,0.05467144474,0.0581145949,-0.05346670116
24.30590295,-0.03498670082,0.05463349725,0.05802025964,-0.05340137475
24.36822578,-0.03582724684,0.05456830788,0.05792180089,-0.05333264661
24.43054861,-0.03667202368,0.05447741469,0.05781912595,-0.05326107926
24.49287144,-0.03751972802,0.05436235574,0.0577121421,-0.05318723522
24.55519426,-0.03836905654,0.05422466911,0.05760075664,-0.05311167702
24.61751709,-0.03921870589,0.05406589285,0.05748487685,-0.05303496719
24.67983992,-0.04006737276,0.05388756504,0.05736441004,-0.05295766823
24.74216275,-0.0409137538,0.05369122372,0.05723926349,-0.05288034268
24.80448558,-0.04175654569,0.05347840698,0.0571093445,-0.05280355306
24.8668084,-0.0425944451,0.05325065287,0.05697456034,-0.05272786189
24.92913123,-0.0434261487,0.05300949946,0.05683481833,-0.05265383168
24.99145406,-0.04425035315,0.05275648481,0.05669002574,-0.05258202497
25.05377689,-0.04506575513,0.05249314698,0.05654008987,-0.05251300428
25.11609972,-0.0458710513,0.05222102405,0.05638491801,-0.05244733213
25.17842254,-0.04666493834,0.05194165407,0.05622441745,-0.05238557103
25.24074537,-0.04744611291,0.05165657512,0.05605849549,-0.05232828352
25.3030682,-0.04821327169,0.05136732524,0.05588705941,-0.05227603212
25.36539103,-0.04896511134,0.05107544252,0.05571001651,-0.05222937934
25.42771386,-0.04970032853,0.05078246501,0.05552727407,-0.05218888771
25.49003669,-0.05041761993,0.05048993078,0.0553387394,-0.05215511975
25.55235951,-0.05111568222,0.05019937789,0.05514431977,-0.05212863799
25.61468234,-0.05179321206,0.04991234441,0.05494392249,-0.05211000495
25.67700517,-0.05244890611,0.0496303684,0.05473745484,-0.05209978314
25.739328,-0.05308146106,0.04935498792,0.05452482412,-0.0520985351
25.80165083,-0.05368957357,0.04908774105,0.05430593761,-0.05210682334
25.86397365,-0.0542719403,0.04883016584,0.05408070261,-0.05212521039
25.92629648,-0.05482725794,0.04858380035,0.05384902641,-0.05215425876
25.98861931,-0.05535422314,0.04835018267,0.0536108163,-0.05219453098
26.05094214,-0.05585153257,0.04813085084,0.05336597957,-0.05224658958
26.11326497,-0.05631788292,0.04792734293,0.05311442352,-0.05231099708
26.17558779,-0.05675197084,0.04774119701,0.05285605543,-0.05238831599
26.23791062,-0.05715249301,0.04757395114,0.0525907826,-0.05247910884
26.30023345,-0.05751814609,0.04742714339,0.05231851232,-0.05258393815
26.36255628,-0.05784762675,0.04730231182,0.05203915187,-0.05270336645
26.42487911,-0.05813963167,0.04720099449,0.05175260856,-0.05283795625
26.48720193,-0.05839285751,0.04712472947,0.05145878967,-0.05298827008
26.54952476,-0.05860600095,0.04707505483,0.05115760249,-0.05315487047
26.61184759,-0.05877775864,0.04705350863,0.05084895432,-0.05333831993
26.67417042,-0.05890682727,0.04706162892,0.05053275245,-0.05353918098
26.73649325,-0.0589919035,0.04710095379,0.05020890416,-0.05375801615
26.79881607,-0.059031684,0.04717302128,0.04987731676,-0.05399538797
26.8611389,-0.05902486544,0.04727936948,0.04953789752,-0.05425185894
26.92346173,-0.05897014449,0.04742153643,0.04919055375,-0.0545279916
26.98578456,-0.05886621782,0.04760106021,0.04883519273,-0.05482434847
27.04810739,-0.0587117821,0.04781947888,0.04847172176,-0.05514149207
27.11043022,-0.05851162889,0.04806851125,0.04809439973,-0.05547161783
27.17275304,-0.05831290538,0.0482721328,0.04765924609,-0.05574948825
27.23507587,-0.05812560668,0.04841504218,0.04715849339,-0.05596212231
27.2973987,-0.05794948365,0.04849851882,0.04659402519,-0.0561107129
27.35972153,-0.05778428715,0.04852384214,0.04596772504,-0.05619645295
27.42204436,-0.05762976804,0.04849229156,0.0452814765,-0.05622053537
27.48436718,-0.05748567718,0.04840514651,0.04453716312,-0.05618415308
27.54669001,-0.05735176544,0.04826368639,0.04373666848,-0.05608849898
27.60901284,-0.05722778367,0.04806919064,0.04288187611,-0.055934766
27.67133567,-0.05711348273,0.04782293868,0.04197466959,-0.05572414704
27.7336585,-0.05700861348,0.04752620992,0.04101693248,-0.05545783502
27.79598132,-0.05691292679,0.04718028378,0.04001054831,-0.05513702285
27.85830415,-0.05682617351,0.0467864397,0.03895740067,-0.05476290345
27.92062698,-0.05674810451,0.04634595708,0.0378593731,-0.05433666973
27.98294981,-0.05667847065,0.04586011536,0.03671834917,-0.05385951461
28.04527264,-0.05661702278,0.04533019395,0.03553621242,-0.05333263099
28.10759546,-0.05656351176,0.04475747227,0.03431484643,-0.05275721179
28.16991829,-0.05651768847,0.04414322974,0.03305613474,-0.05213444993
28.23224112,-0.05647930375,0.04348874579,0.03176196092,-0.05146553832
28.29456395,-0.05644810847,0.04279529984,0.03043420852,-0.05075166987
28.35688678,-0.05642385349,0.0420641713,0.0290747611,-0.04999403749
28.4192096,-0.05640628967,0.0412966396,0.02768550222,-0.04919383411
28.48153243,-0.05639516787,0.04049398416,0.02626831544,-0.04835225263
28.54385526,-0.05639023895,0.0396574844,0.02482508432,-0.04747048596
28.60617809,-0.05639125377,0.03878841975,0.02335769241,-0.04654972703
28.66850092,-0.0563979632,0.03788806962,0.02186802327,-0.04559116874
28.73082375,-0.05641011808,0.03695771343,0.02035796046,-0.04459600402
28.79314657,-0.05642746929,0.0359986306,0.01882938754,-0.04356542576
28.8554694,-0.05644976768,0.03501210057,0.01728418806,-0.04250062689
28.91779223,-0.05647676411,0.03399940274,0.0157242456,-0.04140280032
28.98011506,-0.05650820945,0.03296181654,0.01415144369,-0.04027313896
29.04243789,-0.05654385455,0.03190062138,0.0125676659,-0.03911283573
29.10476071,-0.05658345028,0.0308170967,0.01097479579,-0.03792308353
29.16708354,-0.05662674749,0.02971252192,0.009374716921,-0.0367050753
29.22940637,-0.05667349705,0.02858817644,0.007769312845,-0.03546000393
29.2917292,-0.05672344981,0.0274453397,0.006160467121,-0.03418906234
29.35405203,-0.05677635664,0.02628529112,0.004550063308,-0.03289344345
29.41637485,-0.0568319684,0.02510931011,0.002939984964,-0.03157434017
29.47869768,-0.05689003595,0.0239186761,0.001332115647,-0.03023294541
29.54102051,-0.05695031015,0.02271466851,-0.000271661084,-0.02887045209
29.60334334,-0.05701254185,0.02149856676,-0.001869461672,-0.02748805312
29.66566617,-0.05707648193,0.02027165027,-0.003459402559,-0.02608694141
29.72798899,-0.05714188123,0.01903519846,-0.005039600186,-0.02466830988
29.79031182,-0.05720849063,0.01779049076,-0.006608170996,-0.02323335144
29.85263465,-0.05727606098,0.01653880658,-0.00816323143,-0.02178325901
29.91495748,-0.05734434314,0.01528142534,-0.00970289793,-0.0203192255
29.97728031,-0.05741308797,0.01401962647,-0.01122528694,-0.01884244381
30.03960313,-0.05748204633,0.0127546894,-0.0127285149,-0.01735410688
30.10192596,-0.05755096909,0.01148789353,-0.01421069825,-0.0158554076
30.16424879,-0.0576196071,0.01022051829,-0.01566995343,-0.0143475389
30.22657162,-0.05768771122,0.008953843097,-0.01710439689,-0.01283169369
30.28889445,-0.05775503232,0.007689147381,-0.01851214507,-0.01130906487
30.35121728,-0.05782132126,0.006427710559,-0.01989131441,-0.009780845375
30.4135401,-0.05788632889,0.005170812052,-0.02124002135,-0.008248228105
30.47586293,-0.05794980608,0.00391973128,-0.02255638233,-0.006712405977
30.53818576,-0.05801150368,0.002675747666,-0.0238385138,-0.005174571906
30.60050859,-0.05807117256,0.00144014063,-0.02508453219,-0.003635918804
30.66283142,-0.05812856358,0.0002141895931,-0.02629255396,-0.002097639585
30.72515424,-0.0581834276,-0.001000826023,-0.02746069553,-0.0005609271637
30.78747707,-0.05823551548,-0.002203626798,-0.02858707336,0.0009730255471
30.8497999,-0.05828457807,-0.00339293331,-0.02966980388,0.002503025633
30.91212273,-0.05833036625,-0.004567466138,-0.03070700354,0.004027880181
30.97444556,-0.05837263087,-0.005725945862,-0.03169678878,0.005546396278
31.03676838,-0.05841112278,-0.006867093059,-0.03263727604,0.007057381008
31.09909121,-0.05844559286,-0.007989628308,-0.03352658176,0.008559641459
31.16141404,-0.05847579196,-0.00909227219,-0.03436282239,0.01005198472
31.22373687,-0.05850147095,-0.01017374528,-0.03514411436,0.01153321787
31.2860597,-0.05852238067,-0.01123276816,-0.03586857413,0.013002148
31.34838252,-0.058538272,-0.01226806141,-0.03653431812,0.0144575822
31.41070535,-0.05854889579,-0.01327834561,-0.03713946278,0.01589832755
31.47302818,-0.05855400291,-0.01426234133,-0.03768212456,0.01732319113
31.53535101,-0.05855334422,-0.01521876916,-0.03816041989,0.01873098005
31.59767384,-0.05854667056,-0.01614634967,-0.03857246522,0.02012050137
31.65999666,-0.05853373282,-0.01704380344,-0.038916377,0.02149056219
31.72231949,-0.05851428184,-0.01790985106,-0.03919027165,0.02283996959
31.78464232,-0.05848806849,-0.01874321309,-0.03939226562,0.02416753067
31.84696515,-0.05845484362,-0.01954261013,-0.03952047537,0.0254720525
31.90928798,-0.05841435811,-0.02030676274,-0.03957301732,0.02675234217
31.97161081,-0.0583663628,-0.02103439151,-0.03954800792,0.02800720677
32.03393363,-0.05831060856,-0.02172421701,-0.03944356361,0.02923545339
32.09625646,-0.05824684625,-0.02237495983,-0.03925780083,0.03043588911
32.15857929,-0.05817482674,-0.02298534055,-0.03898883603,0.03160732101
32.22090212,-0.05809430087,-0.02355407973,-0.03863478564,0.03274855619
32.28322495,-0.05800501951,-0.02407989797,-0.03819376612,0.03385840173
32.34554777,-0.05790673353,-0.02456151583,-0.03766389389,0.03493566472
32.4078706,-0.05779919377,-0.02499765391,-0.03704328541,0.03597915224
32.47019343,-0.05768215111,-0.02538703277,-0.03633005711,0.03698767138
32.53251626,-0.05755733499,-0.02573502895,-0.03554044496,0.03796044791
32.59483909,-0.05743545872,-0.02607737999,-0.03477275383,0.03889926803
32.65716191,-0.0573181014,-0.02641930401,-0.03404133563,0.03980496888
32.71948474,-0.05720518611,-0.02676046217,-0.03334535689,0.04067810231
32.78180757,-0.05709663596,-0.0271005156,-0.03268398411,0.04151922018
32.8441304,-0.05699237403,-0.02743912544,-0.03205638381,0.04232887433
32.90645323,-0.05689232344,-0.02777595284,-0.0314617225,0.04310761661
32.96877605,-0.05679640727,-0.02811065894,-0.03089916669,0.04385599888
33.03109888,-0.05670454862,-0.02844290488,-0.0303678829,0.04457457297
33.09342171,-0.05661667059,-0.02877235181,-0.02986703765,0.04526389075
33.15574454,-0.05653269627,-0.02909866086,-0.02939579744,0.04592450407
33.21806737,-0.05645254876,-0.02942149318,-0.02895332879,0.04655696476
33.2803902,-0.05637615115,-0.02974050991,-0.02853879821,0.04716182469
33.34271302,-0.05630342655,-0.0300553722,-0.02815137222,0.0477396357
33.40503585,-0.05623429805,-0.03036574118,-0.02779021734,0.04829094964
33.46735868,-0.05616868874,-0.03067127799,-0.02745450007,0.04881631836
33.52968151,-0.05610652172,-0.03097164379,-0.02714338693,0.04931629371
33.59200434,-0.05604772008,-0.03126649971,-0.02685604443,0.04979142755
33.65432716,-0.05599220693,-0.0315555069,-0.02659163909,0.05024227171
33.71664999,-0.05593990536,-0.03183832649,-0.02634933742,0.05066937806
33.77897282,-0.05589073847,-0.03211461963,-0.02612830593,0.05107329844
33.84129565,-0.05584462935,-0.03238404746,-0.02592771114,0.05145458469
33.90361848,-0.05580150109,-0.03264627112,-0.02574671957,0.05181378868
33.9659413,-0.05576127681,-0.03290095176,-0.02558449772,0.05215146225
34.02826413,-0.05572387958,-0.03314775052,-0.02544021211,0.05246815724
34.09058696,-0.05568923251,-0.03338632854,-0.02531302925,0.05276442552
34.15290979,-0.05565725869,-0.03361634696,-0.02520211567,0.05304081892
34.21523262,-0.05562788123,-0.03383746693,-0.02510663786,0.05329788931
34.27755544,-0.0556010232,-0.03404934958,-0.02502576235,0.05353618852
34.33987827,-0.05557660773,-0.03425165607,-0.02495865564,0.05375626842
34.4022011,-0.05555455789,-0.03444404752,-0.02490448426,0.05395868084
34.46452393,-0.05553479678,-0.03462618509,-0.02486241472,0.05414397764
34.52684676,-0.05551724751,-0.03479772991,-0.02483161353,0.05431271067
34.58916958,-0.05550183317,-0.03495834313,-0.0248112472,0.05446543178
34.65149241,-0.05548847684,-0.0351076859,-0.02480048225,0.05460269281
34.71381524,-0.05547710164,-0.03524541934,-0.02479848519,0.05472504563
34.77613807,-0.05546763066,-0.03537120461,-0.02480442254,0.05483304207
34.8384609,-0.05545998699,-0.03548470285,-0.0248174608,0.05492723399
34.90078373,-0.05545409372,-0.0355855752,-0.0248367665,0.05500817323
34.96310655,-0.05544987397,-0.03567348279,-0.02486150615,0.05507641166
35.02542938,-0.05544725081,-0.03574808679,-0.02489084626,0.05513250111
35.08775221,-0.05544614735,-0.03580904832,-0.02492395334,0.05517699344
35.15007504,-0.05544648669,-0.03585602852,-0.02495999392,0.05521044049
35.21239787,-0.05544819192,-0.03588868855,-0.02499813449,0.05523339412
35.27472069,-0.05545118613,-0.03590668955,-0.02503754158,0.05524640618
35.33704352,-0.05545539243,-0.03590969264,-0.0250773817,0.05525002851
35.39936635,-0.05546073391,-0.03589735899,-0.02511682137,0.05524481297
35.46168918,-0.05546713366,-0.03586934972,-0.02515502709,0.05523131141
35.52401201,-0.05547451478,-0.03582532599,-0.02519116539,0.05521007567
35.58633483,-0.05548280038,-0.03576494893,-0.02522440277,0.0551816576
35.64865766,-0.05549191353,-0.03568787969,-0.02525390575,0.05514660907
35.71098049,-0.05550177735,-0.0355937794,-0.02527884084,0.0551054819
35.77330332,-0.05551231493,-0.03548230922,-0.02529837456,0.05505882797
35.83562615,-0.05552344936,-0.03535313028,-0.02531167342,0.0550071991
35.89794897,-0.05553510373,-0.03520590373,-0.02531790393,0.05495114716
35.9602718,-0.05554720116,-0.0350402907,-0.02531623262,0.054891224
36.02259463,-0.05555966473,-0.03485595235,-0.02530582598,0.05482798146
36.08491746,-0.05557241753,-0.03465254981,-0.02528585054,0.05476197139
36.14724029,-0.05558538267,-0.03442974422,-0.02525547281,0.05469374565
36.20956311,-0.05559848324,-0.03418719673,-0.02521385931,0.05462385608
36.27188594,-0.05561164234,-0.03392456848,-0.02516017654,0.05455285454
36.33420877,-0.05562478306,-0.03364152061,-0.02509359103,0.05448129287
36.3965316,-0.05563782851,-0.03333771426,-0.02501326928,0.05440972292
36.45885443,-0.05565070177,-0.03301281058,-0.0249183778,0.05433869655
36.52117726,-0.05566332594,-0.0326664707,-0.02480808312,0.05426876559
36.58350008,-0.05567562412,-0.03229835578,-0.02468155175,0.05420048192
36.64582291,-0.0556875194,-0.03190812695,-0.0245379502,0.05413439736
36.70814574,-0.05569893489,-0.03149544536,-0.02437644498,0.05407106377
36.77046857,-0.05570979368,-0.03105997214,-0.02419620261,0.05401103301
36.8327914,-0.05572001886,-0.03060136844,-0.02399638961,0.05395485692
36.89511422,-0.05572953353,-0.03011929541,-0.02377617248,0.05390308735
36.95743705,-0.05573826078,-0.02961341417,-0.02353471773,0.05385627616
37.01975988,-0.05574612372,-0.02908338589,-0.02327119189,0.05381497518
37.08208271,-0.05575304544,-0.02852887169,-0.02298476147,0.05377973628
37.14440554,-0.05575894904,-0.02794953272,-0.02267459298,0.0537511113
37.20672836,-0.0557637576,-0.02734503013,-0.02233985294,0.05372965209
37.26905119,-0.05576739424,-0.02671502505,-0.02197970785,0.0537159105
37.33137402,-0.05576978203,-0.02605917863,-0.02159332424,0.05371043838
37.39369685,-0.05577084409,-0.02537715201,-0.02117986861,0.05371378758
37.45601968,-0.05577050351,-0.02466860633,-0.02073850748,0.05372650995
37.5183425,-0.05576868338,-0.02393320273,-0.02026840737,0.05374915734
37.58066533,-0.0557653068,-0.02317060237,-0.01976873478,0.0537822816
37.64298816,-0.05576029686,-0.02238046637,-0.01923865624,0.05382643458
37.70531099,-0.05575357667,-0.02156245588,-0.01867733825,0.05388216813
37.76763382,-0.05574506931,-0.02071623204,-0.01808394733,0.0539500341
37.82995664,-0.0557346979,-0.019841456,-0.01745765,0.05403058434
37.89227947,-0.05572238551,-0.0189377889,-0.01679761276,0.05412437069
37.9546023,-0.05570892234,-0.01800971337,-0.01611493637,0.05422844226
38.01692513,-0.05569769454,-0.017076383,-0.01545646697,0.05432918919
38.07924796,-0.05568900152,-0.01614008471,-0.01482658614,0.0544252542
38.14157079,-0.05568278485,-0.01520112946,-0.01422475091,0.05451671549
38.20389361,-0.05567898607,-0.01425982819,-0.0136504183,0.05460365129
38.26621644,-0.05567754673,-0.01331649187,-0.0131030453,0.05468613978
38.32853927,-0.05567840839,-0.01237143144,-0.01258208894,0.05476425918
38.3908621,-0.0556815126,-0.01142495785,-0.01208700624,0.0548380877
38.45318493,-0.0556868009,-0.01047738205,-0.01161725419,0.05490770355
38.51550775,-0.05569421486,-0.00952901501,-0.01117228982,0.05497318492
38.57783058,-0.05570369602,-0.008580167667,-0.01075157013,0.05503461002
38.64015341,-0.05571518593,-0.007631150977,-0.01035455215,0.05509205707
38.70247624,-0.05572862615,-0.006682275893,-0.009980692885,0.05514560427
38.76479907,-0.05574395823,-0.005733853366,-0.009629449345,0.05519532983
38.82712189,-0.05576112372,-0.004786194349,-0.009300278545,0.05524131195
38.88944472,-0.05578006417,-0.003839609795,-0.008992637499,0.05528362883
38.95176755,-0.05580072113,-0.002894410654,-0.008705983219,0.0553223587
39.01409038,-0.05582303616,-0.001950907881,-0.008439772719,0.05535757974
39.07641321,-0.05584695081,-0.001009412426,-0.008193463011,0.05538937018
39.13873603,-0.05587240662,-7.023524167e-05,-0.007966511109,0.05541780821
39.20105886,-0.05589934516,0.000866312719,-0.007758374025,0.05544297205
39.26338169,-0.05592770797,0.001799920504,-0.007568508773,0.0554649399
39.32570452,-0.0559574366,0.002730277162,-0.007396372365,0.05548378996
39.38802735,-0.05598847261,0.003657071739,-0.007241421815,0.05549960044
39.45035018,-0.05602075754,0.004579993285,-0.007103114136,0.05551244956
39.512673,-0.05605423296,0.005498730846,-0.006980906341,0.05552241551
39.57499583,-0.0560888404,0.00641297347,-0.006874255442,0.05552957651
39.63731866,-0.05612452143,0.007322410206,-0.006782618453,0.05553401075
39.69964149,-0.0561612176,0.0082267301,-0.006705452387,0.05553579646
39.76196432,-0.05619887045,0.009125622201,-0.006642214257,0.05553501182
39.82428714,-0.05623742154,0.01001877556,-0.006592361075,0.05553173506
39.88660997,-0.05627681242,0.01090587921,-0.006555349856,0.05552604437
39.9489328,-0.05631698464,0.01178662222,-0.006530637611,0.05551801797
40.01125563,-0.05635787976,0.01266069363,-0.006517681354,0.05550773406
40.07357846,-0.05639943932,0.01352778248,-0.006515938099,0.05549527085
40.13590128,-0.05644160488,0.01438757782,-0.006524864857,0.05548070653
40.19822411,-0.05648431799,0.01523976871,-0.006543918642,0.05546411933
40.26054694,-0.0565275202,0.01608404418,-0.006572556468,0.05544558745
40.32286977,-0.05657115307,0.01692009329,-0.006610235346,0.05542518909
40.3851926,-0.05661515813,0.01774760509,-0.006656412291,0.05540300247
40.44751542,-0.05665947696,0.01856626862,-0.006710544315,0.05537910578
40.50983825,-0.05670405109,0.01937577292,-0.006772088431,0.05535357723
40.57216108,-0.05674882208,0.02017580706,-0.006840501652,0.05532649504
40.63448391,-0.05679373149,0.02096606007,-0.006915240991,0.0552979374
40.69680674,-0.05683872085,0.021746221,-0.006995763462,0.05526798253
40.75912956,-0.05688373174,0.02251597891,-0.007081526077,0.05523670862
40.82145239,-0.05692870569,0.02327502283,-0.007171985849,0.0552041939
40.88377522,-0.05697358426,0.02402304182,-0.007266599792,0.05517051656
40.94609805,-0.057018309,0.02475972492,-0.007364824918,0.05513575481
41.00842088,-0.05706282146,0.02548476119,-0.007466118241,0.05509998686
41.07074371,-0.0571070632,0.02619783966,-0.007569936773,0.05506329092
41.13306653,-0.05715097576,0.0268986494,-0.007675737527,0.05502574519
41.19538936,-0.0571945007,0.02758687944,-0.007782977517,0.05498742787
41.25771219,-0.05723757957,0.02826221883,-0.007891113756,0.05494841718
41.32003502,-0.05728015392,0.02892435662,-0.007999603256,0.05490879132
41.38235785,-0.05732216531,0.02957298186,-0.00810790303,0.0548686285
41.44468067,-0.05736355528,0.0302077836,-0.008215470093,0.05482800692
41.5070035,-0.05740426539,0.03082845089,-0.008321761455,0.0547870048
41.56932633,-0.05744423718,0.03143467276,-0.008426234132,0.05474570034
41.63164916,-0.05748341222,0.03202613827,-0.008528345135,0.05470417174
41.69397199,-0.05752173205,0.03260253648,-0.008627551478,0.05466249721
41.75629481,-0.05755913822,0.03316355641,-0.008723310174,0.05462075496
41.81861764,-0.05759557229,0.03370888713,-0.008815078236,0.05457902319
41.88094047,-0.0576309758,0.03423821768,-0.008902312676,0.05453738012
41.9432633,-0.05766529032,0.03475123711,-0.008984470509,0.05449590395
42.00558613,-0.05769845739,0.03524763447,-0.009061008746,0.05445467288
42.06790895,-0.05773041856,0.0357270988,-0.009131384401,0.05441376513
42.13023178,-0.05776111538,0.03618931915,-0.009195054487,0.05437325889
42.19255461,-0.05779048941,0.03663398457,-0.009251476017,0.05433323238
42.25487744,-0.0578184822,0.03706078411,-0.009300106004,0.0542937638
42.31720027,-0.0578450353,0.03746940682,-0.009340401461,0.05425493136
42.37952309,-0.05787009026,0.03785954173,-0.009371819401,0.05421681327
42.44184592,-0.05789358863,0.03823087791,-0.009393816838,0.05417948773
42.50416875,-0.05791547197,0.0385831044,-0.009405850783,0.05414303295
42.56649158,-0.05793568183,0.03891591024,-0.00940737825,0.05410752714
42.62881441,-0.05795415976,0.03922898449,-0.009397856253,0.05407304849
42.69113724,-0.05797084731,0.03952201619,-0.009376741804,0.05403967523
42.75346006,-0.05798568603,0.03979469439,-0.009343491916,0.05400748555
42.81578289,-0.05799861747,0.04004670813,-0.009297563602,0.05397655767
42.87810572,-0.05800958319,0.04027774647,-0.009238413876,0.05394696979
42.94042855,-0.05801852474,0.04048749846,-0.00916549975,0.05391880011
43.00275138,-0.05802538367,0.04067565313,-0.009078278238,0.05389212685
43.0650742,-0.05803010153,0.04084189955,-0.008976206351,0.0538670282
43.12739703,-0.05803261987,0.04098592675,-0.008858741105,0.05384358238
43.18971986,-0.05803288025,0.04110742378,-0.00872533951,0.0538218676
43.25204269,-0.05803082421,0.0412060797,-0.008575458581,0.05380196205
43.31436552,-0.05802639332,0.04128158354,-0.008408555331,0.05378394395
43.37668834,-0.0580202364,0.04134023316,-0.008228631337,0.05376724071
43.43901117,-0.05801439388,0.04140123698,-0.008048802237,0.05374995411
43.501334,-0.05800898066,0.04146571383,-0.007869993214,0.05373191017
43.56365683,-0.05800397681,0.04153352016,-0.007692268975,0.05371305742
43.62597966,-0.05799936245,0.04160451243,-0.007515694228,0.05369334444
43.68830248,-0.05799511766,0.04167854708,-0.00734033368,0.05367271977
43.75062531,-0.05799122254,0.04175548057,-0.007166252039,0.05365113198
43.81294814,-0.05798765719,0.04183516935,-0.006993514011,0.05362852962
43.87527097,-0.0579844017,0.04191746986,-0.006822184305,0.05360486125
43.9375938,-0.05798143617,0.04200223857,-0.006652327626,0.05358007543
43.99991662,-0.0579787407,0.04208933192,-0.006484008684,0.05355412071
44.06223945,-0.05797629537,0.04217860636,-0.006317292184,0.05352694565
44.12456228,-0.05797408029,0.04226991835,-0.006152242835,0.05349849881
44.18688511,-0.05797207555,0.04236312433,-0.005988925344,0.05346872875
44.24920794,-0.05797026125,0.04245808076,-0.005827404417,0.05343758402
44.31153077,-0.05796861749,0.04255464409,-0.005667744763,0.05340501318
44.37385359,-0.05796712435,0.04265267077,-0.005510011088,0.05337096479
44.43617642,-0.05796576194,0.04275201725,-0.0053542681,0.0533353874
44.49849925,-0.05796451035,0.04285253999,-0.005200580507,0.05329822958
44.56082208,-0.05796334968,0.04295409542,-0.005049013015,0.05325943988
44.62314491,-0.05796226002,0.04305654002,-0.004899630331,0.05321896685
44.68546773,-0.05796122147,0.04315973021,-0.004752497164,0.05317675906
44.74779056,-0.05796021413,0.04326352247,-0.004607678221,0.05313276506
44.81011339,-0.05795921809,0.04336777324,-0.004465238208,0.05308693341
44.87243622,-0.05795821344,0.04347233896,-0.004325241833,0.05303921267
44.93475905,-0.05795718029,0.0435770761,-0.004187753804,0.05298955139
44.99708187,-0.05795609872,0.04368184111,-0.004052838827,0.05293789813
45.0594047,-0.05795494884,0.04378649042,-0.003920561611,0.05288420145
45.12172753,-0.05795371074,0.0438908805,-0.003790986862,0.05282840991
45.18405036,-0.05795236452,0.0439948678,-0.003664179287,0.05277047206
45.24637319,-0.05795089027,0.04409830877,-0.003540203595,0.05271033646
45.30869601,-0.05794926809,0.04420105986,-0.003419124492,0.05264795167
45.37101884,-0.05794747807,0.04430297752,-0.003301006685,0.05258326624
45.43334167,-0.05794550031,0.0444039182,-0.003185914883,0.05251622874
45.4956645,-0.05794331491,0.04450373835,-0.003073913792,0.05244678771
45.55798733,-0.05794090196,0.04460229443,-0.002965068119,0.05237489173
45.62031016,-0.05793824156,0.04469944289,-0.002859442572,0.05230048933
45.68263298,-0.0579353138,0.04479504018,-0.002757101859,0.05222352909
45.74495581,-0.05793209878,0.04488894274,-0.002658110686,0.05214395956
45.80727864,-0.05792857659,0.04498100703,-0.00256253376,0.0520617293
45.86960147,-0.05792472734,0.04507108951,-0.00247043579,0.05197678685
45.9319243,-0.05792053111,0.04515904662,-0.002381881483,0.05188908079
45.99424712,-0.05791596801,0.04524473481,-0.002296935545,0.05179855967
46.05656995,-0.05791101813,0.04532801054,-0.002215662684,0.05170517204
46.11889278,-0.05790566156,0.04540873026,-0.002138127608,0.05160886647
46.18121561,-0.0578998784,0.04548675041,-0.002064395023,0.05150959151
46.24353844,-0.05789364875,0.04556192746,-0.001994529638,0.05140729571
46.30586126,-0.0578869527,0.04563411784,-0.001928596159,0.05130192764
46.36818409,-0.05787977035,0.04570317802,-0.001866659293,0.05119343586
46.43050692,-0.05787208179,0.04576896444,-0.001808783749,0.05108176891
46.49282975,-0.05786386712,0.04583133356,-0.001755034233,0.05096687536
46.55515258,-0.05785510644,0.04589014182,-0.001705475452,0.05084870376
46.6174754,-0.05784577985,0.04594524568,-0.001660172114,0.05072720267
46.67979823,-0.05783586743,0.04599650159,-0.001619188927,0.05060232066
46.74212106,-0.05782534928,0.046043766,-0.001582590597,0.05047400627
46.80444389,-0.0578142055,0.04608689536,-0.001550441832,0.05034220806
46.86676672,-0.05780241619,0.04612574612,-0.00152280734,0.05020687459
46.92908954,-0.05778996144,0.04616017474,-0.001499751827,0.05006795443
46.99141237,-0.05777682135,0.04619003766,-0.00148134,0.04992539611
47.0537352,-0.05776297601,0.04621519134,-0.001467636568,0.04977914821
47.11605803,-0.05774840552,0.04623549223,-0.001458706237,0.04962915929
47.17838086,-0.05773308998,0.04625079678,-0.001454613715,0.04947537788
47.24070369,-0.05771700947,0.04626096144,-0.001455423709,0.04931775257
47.30302651,-0.05770014411,0.04626584266,-0.001461200927,0.04915623189
47.36534934,-0.05768247397,0.0462652969,-0.001472010075,0.04899076442
47.42767217,-0.05766397917,0.0462591806,-0.001487915861,0.0488212987
47.489995,-0.05764463979,0.04624735021,-0.001508982993,0.04864778329
47.55231783,-0.05762443593,0.0462296622,-0.001535276177,0.04847016676
47.61464065,-0.05760334768,0.046205973,-0.001566860122,0.04828839766
47.67696348,-0.05758135515,0.04617613907,-0.001603799533,0.04810242454
47.73928631,-0.05755843843,0.04614001687,-0.00164615912,0.04791219596
47.80160914,-0.05753457761,0.04609746283,-0.001694003588,0.04771766049
47.86393197,-0.05750975279,0.04604833342,-0.001747397645,0.04751876667
47.92625479,-0.05748394407,0.04599248509,-0.001806405999,0.04731546307
47.98857762,-0.05745713153,0.04592977428,-0.001871093357,0.04710769825
48.05090045,-0.05742929529,0.04586005745,-0.001941524426,0.04689542075
48.11322328,-0.05740041543,0.04578319105,-0.002017763913,0.04667857914
48.17554611,-0.05737047205,0.04569903154,-0.002099876527,0.04645712197
48.23786893,-0.05733944524,0.04560743535,-0.002187926973,0.04623099781
48.30019176,-0.05730731511,0.04550825895,-0.00228197996,0.0460001552
48.36251459,-0.05727406174,0.04540135878,-0.002382100195,0.04576454271
48.42483742,-0.05723966523,0.0452865913,-0.002488352385,0.0455241089
48.48716025,-0.05720410569,0.04516381295,-0.002600801237,0.04527880231
48.54948307,-0.0571673632,0.04503288019,-0.002719511459,0.04502857152
48.6118059,-0.05712941786,0.04489364948,-0.002844547758,0.04477336507
48.67412873,-0.05709024976,0.04474597725,-0.002975974841,0.04451313153
48.73645156,-0.05704983901,0.04458971997,-0.003113857416,0.04424781944
48.79877439,-0.0570086798,0.04442869487,-0.00324559064,0.04396551905
48.86109722,-0.05696788116,0.04427138447,-0.003343855758,0.0436409661
48.92342004,-0.05692747028,0.04411787367,-0.003408378598,0.04327457367
48.98574287,-0.05688743475,0.04396794115,-0.003439867646,0.0428676808
49.0480657,-0.05684776213,0.04382136557,-0.003439031386,0.04242162652
49.11038853,-0.05680844001,0.0436779256,-0.003406578305,0.04193774988
49.17271136,-0.05676945597,0.0435373999,-0.00334321689,0.04141738989
49.23503418,-0.05673079758,0.04339956715,-0.003249655625,0.04086188559
49.29735701,-0.05669245241,0.04326420601,-0.003126602997,0.04027257603
49.35967984,-0.05665440806,0.04313109516,-0.002974767492,0.03965080022
49.42200267,-0.05661665209,0.04300001325,-0.002794857596,0.03899789722
49.4843255,-0.05657917208,0.04287073896,-0.002587581794,0.03831520604
49.54664832,-0.05654195562,0.04274305096,-0.002353648572,0.03760406572
49.60897115,-0.05650499027,0.04261672791,-0.002093766417,0.03686581531
49.67129398,-0.05646826362,0.04249154849,-0.001808643815,0.03610179382
49.73361681,-0.05643176324,0.04236729135,-0.001498989251,0.0353133403
49.79593964,-0.05639547672,0.04224373518,-0.00116551121,0.03450179378
49.85826246,-0.05635939162,0.04212065863,-0.0008089181805,0.03366849329
49.92058529,-0.05632349553,0.04199784038,-0.0004299186465,0.03281477786
49.98290812,-0.05628777603,0.04187505909,-2.922109451e-05,0.03194198654
50.04523095,-0.05625222069,0.04175209344,0.0003924659896,0.03105145835
50.10755378,-0.05621681708,0.04162872208,0.0008344341199,0.03014453233
50.1698766,-0.0561815528,0.0415047237,0.001295974811,0.02922254752
50.23219943,-0.05614641541,0.04137987695,0.001776379576,0.02828684293
50.29452226,-0.0561113925,0.04125396051,0.002274939929,0.02733875762
50.35684509,-0.05607647164,0.04112675304,0.002790947385,0.02637963061
50.41916792,-0.0560416404,0.04099803321,0.003323693457,0.02541080094
50.48149075,-0.05600688637,0.04086757969,0.003872469661,0.02443360764
50.54381357,-0.05597219713,0.04073517115,0.004436567509,0.02344938974
50.6061364,-0.05593756025,0.04060058626,0.005015278515,0.02245948628
50.66845923,-0.05590296331,0.04046360368,0.005607894195,0.02146523629
50.73078206,-0.05586839388,0.04032400209,0.006213706062,0.02046797882
50.79310489,-0.05583383955,0.04018156015,0.006832005629,0.01946905288
50.85542771,-0.0557992879,0.04003605652,0.007462084412,0.01846979751
50.91775054,-0.05576472649,0.03988726989,0.008103233924,0.01747155175
50.98007337,-0.05573014291,0.03973497891,0.00875474568,0.01647565464
51.0423962,-0.05569552474,0.03957896225,0.009415911193,0.0154834452
51.10471903,-0.05566085955,0.03941899859,0.01008602198,0.01449626247
51.16704185,-0.05562613493,0.03925486659,0.01076436955,0.01351544548
51.22936468,-0.05559133844,0.03908634491,0.01145024542,0.01254233327
51.29168751,-0.05555645767,0.03891321224,0.0121429411,0.01157826487
51.35401034,-0.05552148019,0.03873524723,0.01284174811,0.01062457931
51.41633317,-0.05548639359,0.03855222855,0.01354595796,0.009682615637
51.47865599,-0.05545118544,0.03836393488,0.01425486217,0.008753712872
51.54097882,-0.05541584331,0.03817014488,0.01496775225,0.007839210054
51.60330165,-0.05538035479,0.03797063721,0.01568391971,0.006940446215
51.66562448,-0.05534470746,0.03776519056,0.01640265607,0.00605876039
51.72794731,-0.05530888888,0.03755358357,0.01712325285,0.005195491613
51.79027014,-0.05527288665,0.03733559493,0.01784500155,0.004351978917
51.85259296,-0.05523668833,0.03711100331,0.01856719369,0.003529561337
51.91491579,-0.0552002815,0.03687958736,0.01928912078,0.002729577906
51.97723862,-0.05516365375,0.03664112576,0.02001007435,0.001953367657
52.03956145,-0.05512679264,0.03639539718,0.02072934589,0.001202269625
52.10188428,-0.05508968576,0.03614218028,0.02144622693,0.0004776228443
52.1642071,-0.05505232069,0.03588125374,0.02216000899,-0.0002192336524
52.22652993,-0.055014685,0.03561239621,0.02286998356,-0.0008869608308
52.28885276,-0.05497676627,0.03533538638,0.02357544218,-0.001524219657
52.35117559,-0.05493855208,0.0350500029,0.02427567635,-0.002129671098
52.41349842,-0.05490003001,0.03475602445,0.02496997759,-0.002701976118
52.47582124,-0.05486118762,0.03445322969,0.02565763741,-0.003239795685
52.53814407,-0.05482201251,0.0341413973,0.02633794732,-0.003741790765
52.6004669,-0.05478249225,0.03382030594,0.02701019884,-0.004206622324
52.66278973,-0.05474261442,0.03348973427,0.02767368349,-0.004632951327
52.72511256,-0.05470236659,0.03314946098,0.02832769278,-0.005019438742
52.78743538,-0.05466173634,0.03279926471,0.02897151821,-0.005364745534
52.84975821,-0.05462071125,0.03243892416,0.02960445131,-0.005667532669
52.91208104,-0.0545792789,0.03206821797,0.03022578359,-0.005926461114
52.97440387,-0.05453742687,0.03168692482,0.03083480657,-0.006140191835
53.0367267,-0.05449514273,0.03129482339,0.03143081175,-0.006307385797
53.09904952,-0.05445241406,0.03089169233,0.03201309066,-0.006426703968
53.16137235,-0.05440922844,0.03047731031,0.0325809348,-0.006496807313
53.22369518,-0.05436557344,0.03005145601,0.03313363569,-0.006516356799
53.28601801,-0.05432143665,0.02961390809,0.03367048484,-0.006484013391
53.34834084,-0.05427680564,0.02916444522,0.03419077378,-0.006398438056
53.41066367,-0.05423166799,0.02870284607,0.034693794,-0.00625829176
53.47298649,-0.05418601127,0.0282288893,0.03517883704,-0.00606223547
53.53530932,-0.05413982308,0.02774235359,0.03564519439,-0.00580893015
53.59763215,-0.05409309097,0.0272430176,0.03609215758,-0.005497036768
53.65995498,-0.05404580253,0.02673066,0.03651901811,-0.00512521629
53.72227781,-0.05399794535,0.02620505946,0.03692506751,-0.004692129682
53.78460063,-0.05394950698,0.02566599465,0.03730959729,-0.004196437909
53.84692346,-0.05390047503,0.02511324424,0.03767189895,-0.003636801939
53.90924629,-0.05385083705,0.02454658689,0.03801126403,-0.003011882737
53.97156912,-0.05380058063,0.02396580127,0.03832698402,-0.00232034127
54.03389195,-0.05374969335,0.02337066605,0.03861835044,-0.001560838503
54.09621477,-0.05369816278,0.0227609599,0.03888465481,-0.0007320354029
54.1585376,-0.05364597651,0.02213646149,0.03912518865,0.0001674070639
54.22086043,-0.05359409921,0.02149974309,0.0393474207,0.001099765172
54.28318326,-0.05354407959,0.02085545532,0.03956433476,0.002002554881
54.34550609,-0.05349588573,0.02020402046,0.03977613326,0.002875476732
54.40782891,-0.05344946361,0.01954579961,0.03998283672,0.003719108021
54.47015174,-0.0534047592,0.01888115388,0.04018446565,0.004534026041
54.53247457,-0.05336171848,0.01821044434,0.04038104056,0.005320808086
54.5947974,-0.05332028743,0.01753403211,0.04057258197,0.006080031452
54.65712023,-0.05328041202,0.01685227827,0.04075911041,0.006812273432
54.71944305,-0.05324203823,0.01616554393,0.04094064637,0.007518111322
54.78176588,-0.05320511205,0.01547419017,0.04111721039,0.008198122414
54.84408871,-0.05316957943,0.01477857809,0.04128882297,0.008852884004
54.90641154,-0.05313538638,0.01407906879,0.04145550463,0.009482973387
54.96873437,-0.05310247885,0.01337602337,0.04161727589,0.01008896786
55.0310572,-0.05307080282,0.01266980291,0.04177415726,0.01067144471
55.09338002,-0.05304030429,0.01196076852,0.04192616925,0.01123098123
55.15570285,-0.05301092921,0.01124928129,0.04207333239,0.01176815472
55.21802568,-0.05298262357,0.01053570232,0.04221566719,0.01228354248
55.28034851,-0.05295533335,0.009820392697,0.04235319416,0.0127777218
55.34267134,-0.05292900451,0.009103713524,0.04248593383,0.01325126997
55.40499416,-0.05290358305,0.008386025894,0.0426139067,0.01370476429
55.46731699,-0.05287901493,0.007667690903,0.04273713329,0.01413878205
55.52963982,-0.05285524614,0.006949069646,0.04285563412,0.01455390054
55.59196265,-0.05283222265,0.006230523221,0.0429694297,0.01495069706
55.65428548,-0.05280989043,0.005512412721,0.04307854054,0.01532974891
55.7166083,-0.05278819547,0.004795099242,0.04318298718,0.01569163338
55.77893113,-0.05276708375,0.004078943881,0.04328279011,0.01603692776
55.84125396,-0.05274650123,0.003364307733,0.04337796986,0.01636620935
55.90357679,-0.05272639389,0.002651551894,0.04346854694,0.01668005545
55.96589962,-0.05270670772,0.001941037459,0.04355454186,0.01697904333
56.02822244,-0.05268738869,0.001233125523,0.04363597515,0.01726375031
56.09054527,-0.05266838278,0.0005281771834,0.04371286732,0.01753475368
56.1528681,-0.05264963596,-0.0001734464652,0.04378523888,0.01779263072
56.21519093,-0.05263109421,-0.000871384327,0.04385311035,0.01803795874
56.27751376,-0.05261270351,-0.001565275306,0.04391650224,0.01827131503
56.33983658,-0.05259440983,-0.002254758307,0.04397543508,0.01849327688
56.40215941,-0.05257615916,-0.002939472235,0.04402992937,0.01870442159
56.46448224,-0.05255789746,-0.003619055993,0.04408000563,0.01890532645
56.52680507,-0.05253957073,-0.004293148486,0.04412568438,0.01909656875
56.5891279,-0.05252112492,-0.004961388618,0.04416698614,0.0192787258
56.65145073,-0.05250250603,-0.005623415293,0.04420393141,0.01945237488
56.71377355,-0.05248366003,-0.006278867417,0.04423654072,0.01961809329
56.77609638,-0.05246453289,-0.006927383893,0.04426483458,0.01977645832
56.83841921,-0.05244507059,-0.007568603625,0.0442888335,0.01992804728
56.90074204,-0.05242521911,-0.008202165519,0.04430855801,0.02007343744
56.96306487,-0.05240492442,-0.008827708478,0.04432402861,0.02021320611
57.02538769,-0.05238413251,-0.009444871407,0.04433526582,0.02034793058
57.08771052,-0.05236278935,-0.01005329321,0.04434229017,0.02047818815
57.15003335,-0.05234084092,-0.01065261279,0.04434512216,0.02060455611
57.21235618,-0.05231823319,-0.01124246905,0.04434378231,0.02072761175
57.27467901,-0.05229491214,-0.0118225009,0.04433829113,0.02084793237
57.33700183,-0.05227082375,-0.01239234725,0.04432866915,0.02096609526
57.39932466,-0.052245914,-0.01295164699,0.04431493687,0.02108267772
57.46164749,-0.05222012886,-0.01350003902,0.04429711482,0.02119825705
57.52397032,-0.05219341431,-0.01403716227,0.0442752235,0.02131341052
57.58629315,-0.05216571632,-0.01456265562,0.04424928344,0.02142871545
57.64861597,-0.05213698088,-0.01507615798,0.04421931514,0.02154474913
57.7109388,-0.05210715396,-0.01557730827,0.04418533913,0.02166208884
57.77326163,-0.05207618154,-0.01606574537,0.04414737593,0.02178131189
57.83558446,-0.05204400959,-0.0165411082,0.04410544604,0.02190299556
57.89790729,-0.05201058409,-0.01700303566,0.04405956998,0.02202771716
57.96023012,-0.05197585103,-0.01745116666,0.04400976827,0.02215605398
58.02255294,-0.05193975636,-0.01788514009,0.04395606142,0.0222885833
58.08487577,-0.05190224609,-0.01830459487,0.04389846995,0.02242588244
58.1471986,-0.05186326617,-0.0187091699,0.04383701438,0.02256852867
58.20952143,-0.05182276259,-0.01909850408,0.04377171522,0.02271709929
58.27184426,-0.05178068132,-0.01947223631,0.04370259298,0.02287217161
58.33416708,-0.05173696835,-0.01983000551,0.04362966818,0.02303432291
58.39648991,-0.05169156964,-0.02017145057,0.04355296135,0.02320413048
58.45881274,-0.05164443118,-0.0204962104,0.04347249298,0.02338217163
58.52113557,-0.05159549895,-0.02080392391,0.04338828361,0.02356902365
58.5834584,-0.05154471891,-0.02109422999,0.04330035374,0.02376526382
58.64578122,-0.05149203705,-0.02136676756,0.04320872389,0.02397146945
58.70810405,-0.05143739934,-0.02162117552,0.04311341457,0.02418821783
58.77042688,-0.05138075177,-0.02185709276,0.04301444631,0.02441608626
58.83274971,-0.0513220403,-0.0220741582,0.04291183961,0.02465565202
58.89507254,-0.05126121092,-0.02227201075,0.042805615,0.02490749241
58.95739536,-0.05119820959,-0.02245028929,0.04269579298,0.02517218473
59.01971819,-0.05113298231,-0.02260863275,0.04258239408,0.02545030628
59.08204102,-0.05106547505,-0.02274668002,0.04246543881,0.02574243434
59.14436385,-0.05099563378,-0.02286407,0.04234494768,0.0260491462
59.20668668,-0.05092340447,-0.02296044161,0.04222094121,0.02637101918
59.2690095,-0.05084873312,-0.02303543374,0.04209343993,0.02670863055
59.33133233,-0.05077156569,-0.02308868531,0.04196246433,0.02706255762
59.39365516,-0.05069184816,-0.02311983521,0.04182803494,0.02743337767
59.45597799,-0.05060952651,-0.02312852235,0.04169017228,0.02782166801
59.51830082,-0.05052454672,-0.02311438563,0.04154889685,0.02822800592
59.58062365,-0.05043685476,-0.02307706396,0.04140422918,0.0286529687
59.64294647,-0.05034721221,-0.02302356793,0.04125915596,0.02907677883
59.7052693,-0.0502565967,-0.02296243951,0.04111716266,0.02947579843
59.76759213,-0.0501650594,-0.02289360833,0.04097820282,0.02985037873
59.82991496,-0.05007264982,-0.02281698891,0.04084222385,0.03020091298
59.89223779,-0.04997941749,-0.02273249575,0.04070917313,0.03052779442
59.95456061,-0.04988541193,-0.02264004335,0.04057899806,0.03083141628
60.01688344,-0.04979068266,-0.02253954621,0.04045164603,0.03111217181
60.07920627,-0.0496952792,-0.02243091885,0.04032706444,0.03137045424
60.1415291,-0.04959925107,-0.02231407575,0.04020520067,0.03160665682
60.20385193,-0.0495026478,-0.02218893144,0.04008600212,0.03182117278
60.26617475,-0.0494055189,-0.02205540041,0.03996941619,0.03201439536
60.32849758,-0.04930791389,-0.02191339716,0.03985539027,0.0321867178
60.39082041,-0.0492098823,-0.0217628362,0.03974387175,0.03233853334
60.45314324,-0.04911147365,-0.02160363204,0.03963480803,0.03247023522
60.51546607,-0.04901273745,-0.02143569917,0.03952814649,0.03258221669
60.57778889,-0.04891372323,-0.02125895211,0.03942383453,0.03267487097
60.64011172,-0.04881448051,-0.02107330535,0.03932181956,0.03274859131
60.70243455,-0.04871505881,-0.02087867339,0.03922204895,0.03280377094
60.76475738,-0.04861550764,-0.02067497075,0.0391244701,0.03284080312
60.82708021,-0.04851587654,-0.02046211193,0.03902903041,0.03286008107
60.88940303,-0.04841621502,-0.02024001142,0.03893567726,0.03286199803
60.95172586,-0.04831657261,-0.02000858375,0.03884435807,0.03284694725
61.01404869,-0.04821699881,-0.01976774339,0.0387550202,0.03281532197
61.07637152,-0.04811754316,-0.01951740488,0.03866761107,0.03276751542
61.13869435,-0.04801825518,-0.01925748269,0.03858207806,0.03270392084
61.20101718,-0.04791918438,-0.01898789135,0.03849836856,0.03262493147
61.26334,-0.04782038029,-0.01870854535,0.03841642998,0.03253094056
61.32566283,-0.04772189243,-0.0184193592,0.0383362097,0.03242234133
61.38798566,-0.04762377031,-0.0181202474,0.03825765512,0.03229952704
61.45030849,-0.04752606346,-0.01781112445,0.03818071363,0.03216289091
61.51263132,-0.04742882141,-0.01749190486,0.03810533262,0.03201282619
61.57495414,-0.04733209366,-0.01716250314,0.03803145949,0.03184972613
61.63727697,-0.04723592975,-0.01682283378,0.03795904162,0.03167398394
61.6995998,-0.04714037919,-0.0164728113,0.03788802643,0.03148599289
61.76192263,-0.0470454915,-0.01611235019,0.03781836129,0.0312861462
61.82424546,-0.0469513162,-0.01574136496,0.0377499936,0.03107483712
61.88656828,-0.04685790282,-0.01535977011,0.03768287076,0.03085245888
61.94889111,-0.04676530088,-0.01496748014,0.03761694015,0.03061940473
62.01121394,-0.04667355989,-0.01456440957,0.03755214918,0.03037606789
62.07353677,-0.04658272938,-0.01415047289,0.03748844523,0.03012284163
62.1358596,-0.04649285887,-0.01372558461,0.0374257757,0.02986011916
62.19818242,-0.04640399788,-0.01328965923,0.03736408798,0.02958829374
62.26050525,-0.04631619593,-0.01284261126,0.03730332947,0.02930775859
62.32282808,-0.04622950254,-0.01238435519,0.03724344755,0.02901890697
62.38515091,-0.04614396723,-0.01191480554,0.03718438963,0.0287221321
62.44747374,-0.04605963952,-0.01143387681,0.03712610309,0.02841782724
62.50979656,-0.04597656893,-0.0109414835,0.03706853534,0.02810638561
62.57211939,-0.04589480499,-0.01043754011,0.03701163375,0.02778820046
62.63444222,-0.04581439722,-0.009921961157,0.03695534573,0.02746366502
62.69676505,-0.04573539513,-0.009394661133,0.03689961867,0.02713317254
62.75908788,-0.04565784825,-0.008855554546,0.03684439996,0.02679711626
62.82141071,-0.04558180609,-0.008304555899,0.036789637,0.02645588941
62.88373353,-0.04550731818,-0.007741579698,0.03673527718,0.02610988524
62.94605636,-0.04543443404,-0.007166540445,0.03668126789,0.02575949697
63.00837919,-0.04536320319,-0.006579352644,0.03662755653,0.02540511787
63.07070202,-0.04529367515,-0.005979930799,0.03657409049,0.02504714115
63.13302485,-0.04522589945,-0.005368189415,0.03652081716,0.02468596006
63.19534767,-0.04515992559,-0.004744042995,0.03646768394,0.02432196785
63.2576705,-0.04509580311,-0.004107406042,0.03641463822,0.02395555774
63.31999333,-0.04503358152,-0.003458193062,0.03636162739,0.02358712299
63.38231616,-0.04497331035,-0.002796318557,0.03630859885,0.02321705682
63.44463899,-0.04491503911,-0.002121697031,0.03625549999,0.02284575248
63.50696181,-0.04485881733,-0.00143424299,0.03620227821,0.0224736032
63.56928464,-0.04480469452,-0.0007338709352,0.03614888089,0.02210100224
63.63160747,-0.04475272021,-2.049537198e-05,0.03609525543,0.02172834282
63.6939303,-0.04470294393,0.0007059691961,0.03604134923,0.02135601818
63.75625313,-0.04465541518,0.001445608265,0.03598710968,0.02098442157
63.81857595,-0.04461018349,0.002198507331,0.03593248417,0.02061394622
63.88089878,-0.04456729838,0.002964751891,0.03587742009,0.02024498538
63.94322161,-0.04452680938,0.00374442744,0.03582186484,0.01987793228
64.00554444,-0.044488766,0.004537619474,0.03576576582,0.01951318016
64.06786727,-0.04445321776,0.00534441349,0.0357090704,0.01915112226
64.1301901,-0.04442021419,0.006164894983,0.035651726,0.01879215182
64.19251292,-0.0443898048,0.006999149451,0.03559368,0.01843666208
64.25483575,-0.04436203912,0.007847262388,0.0355348798,0.01808504628
64.31715858,-0.04433696666,0.008709319291,0.03547527278,0.01773769766
64.37948141,-0.04431463696,0.009585405657,0.03541480635,0.01739500946
64.44180424,-0.04429509952,0.01047560698,0.03535342789,0.01705737491
64.50412706,-0.04427840387,0.01138000876,0.0352910848,0.01672518726
64.56644989,-0.04426459953,0.01229869649,0.03522772447,0.01639883975
64.62877272,-0.04425373603,0.01323175566,0.03516329431,0.01607872561
64.69109555,-0.04424586287,0.01417927178,0.03509774169,0.01576523809
64.75341838,-0.04424102959,0.01514133034,0.03503101401,0.01545877042
64.8157412,-0.0442392857,0.01611801683,0.03496305867,0.01515971584
64.87806403,-0.04424068073,0.01710941675,0.03489382306,0.01486846759
64.94038686,-0.04424526419,0.0181156156,0.03482325457,0.01458541892
65.00270969,-0.04425308853,0.01913666115,0.03475131506,0.01431094094
65.06503252,-0.04426584424,0.02015105447,0.03468613699,0.01403278894
65.12735534,-0.04428484354,0.02114077068,0.03463420198,0.01374080714
65.18967817,-0.04430995818,0.02210607033,0.03459491075,0.01343557025
65.252001,-0.04434105991,0.02304721393,0.03456766403,0.01311765301
65.31432383,-0.04437802048,0.02396446202,0.03455186253,0.01278763014
65.37664666,-0.04442071165,0.02485807512,0.03454690698,0.01244607635
65.43896948,-0.04446900517,0.02572831376,0.0345521981,0.01209356636
65.50129231,-0.04452277279,0.02657543846,0.03456713661,0.0117306749
65.56361514,-0.04458188626,0.02739970976,0.03459112322,0.01135797668
65.62593797,-0.04464621734,0.02820138819,0.03462355867,0.01097604644
65.6882608,-0.04471563778,0.02898073426,0.03466384367,0.01058545888
65.75058363,-0.04479001934,0.02973800851,0.03471137894,0.01018678873
65.81290645,-0.04486923376,0.03047347147,0.0347655652,0.009780610707
65.87522928,-0.0449531528,0.03118738367,0.03482580318,0.009367499538
65.93755211,-0.04504164821,0.03188000562,0.03489149359,0.00894802994
65.99987494,-0.04513459174,0.03255159786,0.03496203717,0.008522776634
66.06219777,-0.04523185515,0.03320242092,0.03503683462,0.008092314341
66.12452059,-0.0453333102,0.03383273533,0.03511528667,0.007657217783
66.18684342,-0.04543882862,0.03444280161,0.03519679403,0.007218061679
66.24916625,-0.04554828218,0.03503288028,0.03528075745,0.006775420751
66.31148908,-0.04566154262,0.03560323189,0.03536657762,0.006329869719
66.37381191,-0.04577848171,0.03615411695,0.03545365527,0.005881983305
66.43613473,-0.04589897119,0.036685796,0.03554139113,0.005432336229
66.49845756,-0.04602288282,0.03719852955,0.03562918592,0.004981503211
66.56078039,-0.04615008834,0.03769257815,0.03571644035,0.004530058974
66.62310322,-0.04628045952,0.03816820231,0.03580255515,0.004078578237
66.68542605,-0.0464138681,0.03862566256,0.03588693104,0.003627635722
66.74774887,-0.04655018584,0.03906521944,0.03596896874,0.003177806148
66.8100717,-0.04668928448,0.03948713346,0.03604806897,0.002729664238
66.87239453,-0.0468310358,0.03989166517,0.03612363245,0.002283784712
66.93471736,-0.04697531152,0.04027907508,0.0361950599,0.001840742291
66.99704019,-0.04712198342,0.04064962372,0.03626175205,0.001401111695
67.05936301,-0.04727092323,0.04100357162,0.03632310961,0.0009654676456
67.12168584,-0.04742200272,0.04134117931,0.03637853331,0.0005343848635
67.18400867,-0.04757509364,0.04166270732,0.03642742386,0.0001084380694
67.2463315,-0.04773006773,0.04196841617,0.036469182,-0.0003117980158
67.30865433,-0.04788679676,0.04225856639,0.03650320843,-0.0007257486713
67.37097716,-0.04804515247,0.04253341851,0.03652890388,-0.001132839176
67.43329998,-0.04820500662,0.04279323306,0.03654566907,-0.00153249481
67.49562281,-0.04836623096,0.04303827056,0.03655290473,-0.001924140851
67.55794564,-0.04852869725,0.04326879154,0.03655001157,-0.002307202579
67.62026847,-0.04869227723,0.04348505654,0.03653639031,-0.002681105274
67.6825913,-0.04885684266,0.04368732607,0.03651144168,-0.003045274214
67.74491412,-0.04902226528,0.04387586067,0.0364745664,-0.003399134678
67.80723695,-0.04918841687,0.04405092086,0.03642516518,-0.003742111946
67.86955978,-0.04935516916,0.04421276717,0.03636263875,-0.004073631297
67.93188261,-0.04952239391,0.04436166013,0.03628638783,-0.004393118009
67.99420544,-0.04968996287,0.04449786027,0.03619581315,-0.004699997363
68.05652826,-0.0498577478,0.04462162811,0.03609031541,-0.004993694637
68.11885109,-0.05002562045,0.04473322418,0.03596929535,-0.005273635111
68.18117392,-0.05019345256,0.04483290901,0.03583215368,-0.005539244064
68.24349675,-0.05036111591,0.04492094313,0.03567829112,-0.005789946774
68.30581958,-0.05052848222,0.04499758706,0.03550710841,-0.006025168521
68.3681424,-0.05069542327,0.04506310134,0.03531800624,-0.006244334585
68.43046523,-0.0508618108,0.04511774649,0.03511038536,-0.006446870244
68.49278806,-0.05102751656,0.04516178303,0.03488364648,-0.006632200777
68.55511089,-0.05119241231,0.0451954715,0.03463719031,-0.006799751465
68.61743372,-0.0513563698,0.04521907243,0.03437041759,-0.006948947585
68.67975654,-0.05151926078,0.04523284633,0.03408272903,-0.007079214417
68.74207937,-0.05168095701,0.04523705375,0.03377352535,-0.00718997724
68.8044022,-0.05184133024,0.0452319552,0.03344220728,-0.007280661334
68.86672503,-0.05200025222,0.04521781122,0.03308817553,-0.007350691977
68.92904786,-0.0521575947,0.04519488233,0.03271083083,-0.007399494449
68.99137069,-0.05231322944,0.04516342905,0.0323095739,-0.00742649403
69.05369351,-0.05246702819,0.04512371193,0.03188380546,-0.007431115997
69.11601634,-0.0526188627,0.04507599148,0.03143292622,-0.00741278563
69.17833917,-0.05276860473,0.04502052823,0.03095633692,-0.007370928209
69.240662,-0.05291612602,0.04495758272,0.03045343827,-0.007304969012
69.30298483,-0.05306129833,0.04488741546,0.02992363099,-0.00721433332
69.36530765,-0.05320399342,0.04481028699,0.0293663158,-0.00709844641
69.42763048,-0.05334408304,0.04472645784,0.02878089343,-0.006956733562
69.48995331,-0.05348143893,0.04463618852,0.0281667646,-0.006788620056
69.55227614,-0.05361593285,0.04453973958,0.02752333002,-0.00659353117
69.61459897,-0.05374743656,0.04443737153,0.02684999042,-0.006370892184
69.67692179,-0.05387582181,0.0443293449,0.02614614652,-0.006120128376
69.73924462,-0.05400096034,0.04421592023,0.02541119904,-0.005840665027
69.80156745,-0.05412272392,0.04409735804,0.0246445487,-0.005531927415
69.86389028,-0.0542409843,0.04397391886,0.02384559623,-0.005193340819
69.92621311,-0.05435561322,0.04384586321,0.02301374233,-0.004824330518
69.98853593,-0.05446648244,0.04371345163,0.02214838775,-0.004424321793
70.05085876,-0.05457346372,0.04357694464,0.02124893318,-0.003992739921
70.11318159,-0.0546764288,0.04343660276,0.02031477937,-0.003529010182
70.17550442,-0.05477524945,0.04329268654,0.01934532702,-0.003032557855
70.23782725,-0.0548697974,0.04314545649,0.01833997686,-0.00250280822
70.30015008,-0.05495994442,0.04299517313,0.01729812961,-0.001939186555
70.3624729,-0.05504556226,0.04284209701,0.01621918599,-0.00134111814
70.42479573,-0.05512655839,0.04268658553,0.01510295943,-0.0007083165572
70.48711856,-0.05520540706,0.0425357423,0.01397875506,-6.114466303e-05
70.54944139,-0.05528367573,0.04239354674,0.01286490489,0.0005875526951
70.61176422,-0.05536135963,0.04225958787,0.01176148314,0.00123765676
70.67408704,-0.05543845399,0.04213345472,0.01066856402,0.001889048775
70.73640987,-0.05551495404,0.0420147363,0.009586221775,0.002541609983
70.7987327,-0.05559085502,0.04190302164,0.008514530614,0.003195221627
70.86105553,-0.05566615215,0.04179789976,0.007453564764,0.003849764951
70.92337836,-0.05574084067,0.04169895969,0.006403398449,0.004505121196
70.98570118,-0.0558149158,0.04160579045,0.005364105891,0.005161171607
71.04802401,-0.05588837278,0.04151798105,0.004335761314,0.005817797425
71.11034684,-0.05596120684,0.04143512053,0.003318438941,0.006474879895
71.17266967,-0.05603341322,0.04135679791,0.002312212995,0.00713230026
71.2349925,-0.05610498713,0.0412826022,0.001317157699,0.007789939761
71.29731532,-0.05617592382,0.04121212243,0.0003333472779,0.008447679643
71.35963815,-0.05624621851,0.04114494763,-0.0006391440467,0.009105401148
71.42196098,-0.05631586644,0.04108066681,-0.001600242051,0.00976298552
71.48428381,-0.05638486283,0.041018869,-0.002549872512,0.010420314
71.54660664,-0.05645320292,0.04095914322,-0.003487961206,0.01107726783
71.60892946,-0.05652088194,0.04090107849,-0.00441443391,0.01173372826
71.67125229,-0.05658789512,0.04084426384,-0.005329216402,0.01238957653
71.73357512,-0.0566542377,0.04078828829,-0.006232234456,0.01304469388
71.79589795,-0.05671990489,0.04073274087,-0.007123413851,0.01369896155
71.85822078,-0.05678489194,0.04067721058,-0.008002680363,0.0143522608
71.92054361,-0.05684919408,0.04062128647,-0.008869959769,0.01500447285
71.98286643,-0.05691280653,0.04056455754,-0.009725177846,0.01565547895
72.04518926,-0.05697572453,0.04050661283,-0.01056826037,0.01630516036
72.10751209,-0.0570379433,0.04044704135,-0.01139913312,0.0169533983
72.16983492,-0.05709945809,0.04038543213,-0.01221772187,0.01760007402
72.23215775,-0.05716026412,0.04032137418,-0.01302395239,0.01824506877
72.29448057,-0.05722035662,0.04025445655,-0.01381775048,0.01888826379
72.3568034,-0.05727973083,0.04018426823,-0.01459904189,0.01952954033
72.41912623,-0.05733838197,0.04011039827,-0.01536775241,0.02016877961
72.48144906,-0.05739630527,0.04003243567,-0.01612380781,0.0208058629
72.54377189,-0.05745349598,0.03994996947,-0.01686713388,0.02144067142
72.60609471,-0.05750994931,0.03986258869,-0.01759765638,0.02207308643
72.66841754,-0.0575656605,0.03976988234,-0.0183153011,0.02270298917
72.73074037,-0.05762062479,0.03967143946,-0.01901999382,0.02333026087
72.7930632,-0.05767483739,0.03956684906,-0.0197116603,0.02395478279
72.85538603,-0.05772829355,0.03945570017,-0.02039022632,0.02457643617
72.91770885,-0.05778098849,0.0393375818,-0.02105561767,0.02519510225
72.98003168,-0.05783291745,0.03921208299,-0.02170776012,0.02581066226
73.04235451,-0.05788407566,0.03907879275,-0.02234657944,0.02642299747
73.10467734,-0.05793445834,0.03893730011,-0.02297200141,0.0270319891
73.16700017,-0.05798406073,0.03878719409,-0.02358395181,0.0276375184
73.22932299,-0.05803287807,0.03862806371,-0.02418235642,0.02823946662
73.29164582,-0.05808090557,0.038459498,-0.02476714102,0.02883771499
73.35396865,-0.05812813848,0.03828108597,-0.02533823137,0.02943214476
73.41629148,-0.05817457203,0.03809241666,-0.02589555325,0.03002263718
73.47861431,-0.05822020143,0.03789307908,-0.02643903245,0.03060907349
73.54093714,-0.05826502194,0.03768266225,-0.02696859474,0.03119133492
73.60325996,-0.05830902877,0.0374607552,-0.0274841659,0.03176930273
73.66558279,-0.05835221716,0.03722694696,-0.0279856717,0.03234285815
73.72790562,-0.05839458235,0.03698082653,-0.02847303792,0.03291188243
73.79022845,-0.05843611955,0.03672198296,-0.02894619033,0.03347625681
73.85255128,-0.05847682401,0.03645000525,-0.02940505472,0.03403586254
73.9148741,-0.05851669095,0.03616448243,-0.02984955686,0.03459058085
73.97719693,-0.0585557156,0.03586500353,-0.03027962253,0.035140293
74.03951976,-0.05859389321,0.03555115757,-0.0306951775,0.03568488022
74.10184259,-0.05863121899,0.03522253356,-0.03109614755,0.03622422375
74.16416542,-0.05866768817,0.03487872054,-0.03148245846,0.03675820485
74.22648824,-0.058703296,0.03451930752,-0.031854036,0.03728670475
74.28881107,-0.0587380377,0.03414388353,-0.03221080596,0.03780960469
74.3511339,-0.0587719085,0.03375203759,-0.0325526941,0.03832678593
74.41345673,-0.05880490364,0.03334335872,-0.0328796262,0.03883812969
74.47577956,-0.05883701834,0.03291743595,-0.03319152805,0.03934351723
74.53810238,-0.05886824784,0.03247385829,-0.03348832541,0.03984282979
74.60042521,-0.05889858736,0.03201221478,-0.03376994407,0.04033594861
74.66274804,-0.05892803214,0.03153209443,-0.0340363098,0.04082275494
74.72507087,-0.05895657741,0.03103308626,-0.03428734838,0.04130313001
74.7873937,-0.0589842184,0.03051477931,-0.03452298558,0.04177695507
74.84971652,-0.05901095035,0.02997676258,-0.03474314719,0.04224411136
74.91203935,-0.05903676848,0.02941862511,-0.03494775897,0.04270448013
74.97436218,-0.05906166802,0.02883995592,-0.03513674671,0.04315794262
75.03668501,-0.05908564421,0.02824034402,-0.03531003618,0.04360438008
75.09900784,-0.05910869227,0.02761937845,-0.03546755316,0.04404367373
75.16133067,-0.05913080745,0.02697664822,-0.03560922342,0.04447570484
75.22365349,-0.05915198496,0.02631174236,-0.03573497275,0.04490035464
75.28597632,-0.05917222004,0.02562424988,-0.03584472691,0.04531750437
75.34829915,-0.05919150792,0.02491375982,-0.0359384117,0.04572703528
75.41062198,-0.05920984384,0.0241798612,-0.03601595287,0.04612882861
75.47294481,-0.05922722302,0.02342214303,-0.03607727621,0.0465227656
75.53526763,-0.0592436407,0.02264019434,-0.0361223075,0.0469087275
75.59759046,-0.0592590921,0.02183360416,-0.03615097251,0.04728659555
75.65991329,-0.05927357247,0.0210019615,-0.03616319702,0.047656251
75.72223612,-0.05928707702,0.02014485539,-0.03615890681,0.04801757507
75.78455895,-0.05929960099,0.01926187485,-0.03613802765,0.04837044903
75.84688177,-0.05931115855,0.01835316776,-0.03610114431,0.04871468048
75.9092046,-0.05932228185,0.01743437547,-0.03606679292,0.0490481443
75.97152743,-0.05933321116,0.01651306842,-0.03604315482,0.04937006447
76.03385026,-0.05934394129,0.01558965825,-0.03602983851,0.04968065292
76.09617309,-0.05935446703,0.01466455659,-0.03602645252,0.04998012159
76.15849591,-0.05936478318,0.01373817508,-0.03603260536,0.05026868241
76.22081874,-0.05937488455,0.01281092537,-0.03604790554,0.05054654733
76.28314157,-0.05938476594,0.01188321909,-0.0360719616,0.05081392826
76.3454644,-0.05939442216,0.01095546789,-0.03610438204,0.05107103716
76.40778723,-0.059403848,0.0100280834,-0.03614477539,0.05131808596
76.47011006,-0.05941303827,0.00910147726,-0.03619275016,0.05155528659
76.53243288,-0.05942198776,0.008176061112,-0.03624791487,0.05178285098
76.59475571,-0.05943069129,0.007252246596,-0.03630987803,0.05200099108
76.65707854,-0.05943914366,0.006330445351,-0.03637824817,0.05220991882
76.71940137,-0.05944733966,0.005411069016,-0.03645263381,0.05240984614
76.7817242,-0.0594552741,0.00449452923,-0.03653264345,0.05260098497
76.84404702,-0.05946294179,0.003581237633,-0.03661788562,0.05278354724
76.90636985,-0.05947033752,0.002671605865,-0.03670796884,0.0529577449
76.96869268,-0.0594774561,0.001766045565,-0.03680250163,0.05312378988
77.03101551,-0.05948429232,0.0008649683726,-0.0369010925,0.05328189411
77.09333834,-0.059490841,-3.121407306e-05,-0.03700334996,0.05343226953
77.15566116,-0.05949709693,-0.0009220901323,-0.03710888255,0.05357512808
77.21798399,-0.05950305492,-0.001807248166,-0.03721729877,0.05371068169
77.28030682,-0.05950870977,-0.002686276534,-0.03732820715,0.05383914229
77.34262965,-0.05951405628,-0.003558763597,-0.0374412162,0.05396072183
77.40495248,-0.05951908925,-0.004424297716,-0.03755593444,0.05407563224
77.4672753,-0.0595238035,-0.005282467251,-0.03767197038,0.05418408545
77.52959813,-0.05952819381,-0.006132860562,-0.03778893255,0.0542862934
77.59192096,-0.05953225499,-0.006975066011,-0.03790642947,0.05438246803
77.65424379,-0.05953598184,-0.007808671958,-0.03802406964,0.05447282127
77.71656662,-0.05953936917,-0.008633266763,-0.0381414616,0.05455756506
77.77888944,-0.05954241178,-0.009448438787,-0.03825821385,0.05463691133
77.84121227,-0.05954510447,-0.01025377639,-0.03837393492,0.05471107202
77.9035351,-0.05954744205,-0.01104886793,-0.03848823332,0.05478025907
77.96585793,-0.05954941931,-0.01183330178,-0.03860071757,0.0548446844
78.02818076,-0.05955103106,-0.01260666628,-0.03871099619,0.05490455997
78.09050359,-0.0595522721,-0.01336854981,-0.03881867769,0.05496009769
78.15282641,-0.05955313723,-0.01411854072,-0.0389233706,0.05501150951
78.21514924,-0.05955362126,-0.01485622737,-0.03902468344,0.05505900737
78.27747207,-0.05955371898,-0.01558119812,-0.03912222471,0.05510280319
78.3397949,-0.05955342521,-0.01629304134,-0.03921560294,0.05514310892
78.40211773,-0.05955273474,-0.01699134538,-0.03930442664,0.05518013649
78.46444055,-0.05955164238,-0.0176756986,-0.03938830434,0.05521409784
78.52676338,-0.05955014292,-0.01834568937,-0.03946684456,0.0552452049
78.58908621,-0.05954823117,-0.01900090605,-0.0395396558,0.0552736696
78.65140904,-0.05954590194,-0.01964093699,-0.03960634658,0.05529970389
78.71373187,-0.05954315002,-0.02026537056,-0.03966652544,0.0553235197
78.77605469,-0.05953997022,-0.02087379512,-0.03971980087,0.05534532897
78.83837752,-0.05953635734,-0.02146579902,-0.03976578141,0.05536534363
78.90070035,-0.05953230618,-0.02204097064,-0.03980407557,0.05538377561
78.96302318,-0.05952781154,-0.02259889832,-0.03983429186,0.05540083685
79.02534601,-0.05952286824,-0.02313917043,-0.0398560388,0.0554167393
79.08766883,-0.05951747106,-0.02366137533,-0.03986892492,0.05543169487
79.14999166,-0.05951161481,-0.02416510138,-0.03987255873,0.05544591552
79.21231449,-0.0595052943,-0.02464993694,-0.03986654875,0.05545961317
79.27463732,-0.05949850433,-0.02511547038,-0.0398505035,0.05547299977
79.33696015,-0.05949123969,-0.02556129004,-0.03982403148,0.05548628724
79.39928297,-0.0594834952,-0.0259869843,-0.03978674123,0.05549968752
79.4616058,-0.05947526565,-0.02639214151,-0.03973824126,0.05551341255
79.52392863,-0.05946654585,-0.02677635003,-0.03967814009,0.05552767427
79.58625146,-0.05945733059,-0.02713919823,-0.03960604623,0.05554268461
79.64857429,-0.05944761469,-0.02748027447,-0.03952156821,0.0555586555
79.71089712,-0.05943739294,-0.02779916709,-0.03942431453,0.05557579888
79.77321994,-0.05942666015,-0.02809546448,-0.03931389373,0.05559432669
79.83554277,-0.05941541112,-0.02836875498,-0.03918991431,0.05561445086
79.8978656,-0.05940364064,-0.02861862696,-0.0390519848,0.05563638333
79.96018843,-0.05939134353,-0.02884466877,-0.03889971371,0.05566033604
80.02251126,-0.05937851459,-0.02904646878,-0.03873270956,0.05568652091
80.08483408,-0.05936514862,-0.02922361535,-0.03855058087,0.0557151499
80.14715691,-0.05935124041,-0.02937569684,-0.03835293616,0.05574643492
80.20947974,-0.05933678478,-0.02950230161,-0.03813938393,0.05578058792
80.27180257,-0.05932177653,-0.02960301802,-0.03790953273,0.05581782083
80.3341254,-0.05930621045,-0.02967743443,-0.03766299105,0.05585834559
80.39644822,-0.05929008136,-0.02972513919,-0.03739936742,0.05590237414
80.45877105,-0.05927338404,-0.02974572069,-0.03711827035,0.05595011841
80.52109388,-0.05925611332,-0.02973876726,-0.03681930837,0.05600179033
80.58341671,-0.05923826398,-0.02970386727,-0.03650208999,0.05605760185
80.64573954,-0.05921983083,-0.02964060909,-0.03616622373,0.05611776489
80.70806236,-0.05920080867,-0.02954858107,-0.03581131811,0.0561824914
80.77038519,-0.05918119231,-0.02942737158,-0.03543698164,0.0562519933
80.83270802,-0.05916097655,-0.02927656897,-0.03504282284,0.05632648254
80.89503085,-0.05914015618,-0.02909576161,-0.03462845024,0.05640617105
80.95735368,-0.05911872602,-0.02888453785,-0.03419347234,0.05649127077
81.0196765,-0.05909668086,-0.02864248605,-0.03373749767,0.05658199362
81.08199933,-0.05907401551,-0.02836919459,-0.03326013475,0.05667855156
81.14432216,-0.05905072477,-0.02806425181,-0.03276099209,0.05678115651
81.20664499,-0.05902680345,-0.02772724608,-0.0322396782,0.05689002041
81.26896782,-0.05900225817,-0.02735966422,-0.0316975191,0.0570045736
81.33129065,-0.05897726851,-0.02699032716,-0.03116055578,0.05711302869
81.39361347,-0.05895190038,-0.02662893025,-0.03063749751,0.05721155231
81.4559363,-0.05892615867,-0.02627526689,-0.0301280918,0.05730039786
81.51825913,-0.05890004824,-0.02592913047,-0.02963208617,0.05737981875
81.58058196,-0.058873574,-0.02559031435,-0.02914922815,0.05745006838
81.64290479,-0.05884674081,-0.02525861193,-0.02867926524,0.05751140017
81.70522761,-0.05881955357,-0.0249338166,-0.02822194498,0.05756406751
81.76755044,-0.05879201715,-0.02461572172,-0.02777701487,0.05760832383
81.82987327,-0.05876413644,-0.0243041207,-0.02734422245,0.05764442252
81.8921961,-0.05873591631,-0.0239988069,-0.02692331522,0.057672617
81.95451893,-0.05870736166,-0.02369957372,-0.02651404071,0.05769316067
82.01684175,-0.05867847736,-0.02340621454,-0.02611614643,0.05770630693
82.07916458,-0.0586492683,-0.02311852274,-0.02572937991,0.0577123092
82.14148741,-0.05861973935,-0.02283629171,-0.02535348867,0.05771142088
82.20381024,-0.05858989541,-0.02255931483,-0.02498822021,0.05770389539
82.26613307,-0.05855974135,-0.02228738548,-0.02463332208,0.05768998612
82.32845589,-0.05852928205,-0.02202029704,-0.02428854177,0.05766994648
82.39077872,-0.0584985224,-0.02175784291,-0.02395362682,0.05764402989
82.45310155,-0.05846746729,-0.02149981646,-0.02362832474,0.05761248975
82.51542438,-0.05843612158,-0.02124601108,-0.02331238304,0.05757557947
82.57774721,-0.05840449017,-0.02099622015,-0.02300554926,0.05753355245
82.64007004,-0.05837257794,-0.02075023705,-0.0227075709,0.05748666211
82.70239286,-0.05834038977,-0.02050785517,-0.0224181955,0.05743516185
82.76471569,-0.05830793054,-0.0202688679,-0.02213717056,0.05737930507
82.82703852,-0.05827520514,-0.02003306861,-0.0218642436,0.05731934519
82.88936135,-0.05824221844,-0.01980025069,-0.02159916216,0.05725553561
82.95168418,-0.05820897533,-0.01957020752,-0.02134167373,0.05718812974
83.014007,-0.0581754807,-0.01934273249,-0.02109152585,0.05711738098
83.07632983,-0.05814173942,-0.01911761898,-0.02084846604,0.05704354276
83.13865266,-0.05810775637,-0.01889466037,-0.0206122418,0.05696686846
83.20097549,-0.05807353645,-0.01867365005,-0.02038260067,0.0568876115
83.26329832,-0.05803908452,-0.0184543814,-0.02015929016,0.05680602529
83.32562114,-0.05800440548,-0.01823664781,-0.01994205779,0.05672236324
83.38794397,-0.05796950421,-0.01802024265,-0.01973065108,0.05663687875
83.4502668,-0.05793438558,-0.01780495932,-0.01952481754,0.05654982522
83.51258963,-0.05789905449,-0.01759059119,-0.01932430471,0.05646145608
83.57491246,-0.05786351581,-0.01737693165,-0.01912886009,0.05637202471
83.63723528,-0.05782777442,-0.01716377408,-0.0189382312,0.05628178454
83.69955811,-0.05779183522,-0.01695091187,-0.01875216558,0.05619098897
83.76188094,-0.05775570307,-0.0167381384,-0.01857041072,0.05609989141
83.82420377,-0.05771938287,-0.01652524705,-0.01839271417,0.05600874526
83.8865266,-0.05768287949,-0.01631203121,-0.01821882342,0.05591780393
83.94884942,-0.05764619782,-0.01609828426,-0.01804848601,0.05582732083
84.01117225,-0.05760934274,-0.01588379959,-0.01788144945,0.05573754936
84.07349508,-0.05757231913,-0.01566837057,-0.01771746125,0.05564874294
84.13581791,-0.05753513188,-0.0154517906,-0.01755626895,0.05556115497
84.19814074,-0.05749778586,-0.01523385305,-0.01739762006,0.05547503886
84.26046357,-0.05746028596,-0.01501435131,-0.0172412621,0.05539064802
84.32278639,-0.05742263707,-0.01479307876,-0.01708694258,0.05530823585
84.38510922,-0.05738484406,-0.01456982878,-0.01693440904,0.05522805576
84.44743205,-0.05734691182,-0.01434439477,-0.01678340897,0.05515036116
84.50975488,-0.05730884523,-0.0141165701,-0.01663368992,0.05507540545
84.57207771,-0.05727064916,-0.01388614816,-0.01648499938,0.05500344205
84.63440053,-0.05723232852,-0.01365292233,-0.0163370849,0.05493472436
84.69672336,-0.05719388817,-0.01341668599,-0.01618969397,0.05486950579
84.75904619,-0.05715533299,-0.01317723253,-0.01604257413,0.05480803974
84.82136902,-0.05711666788,-0.01293435533,-0.01589547289,0.05475057962
84.88369185,-0.05707789771,-0.01268784778,-0.01574813776,0.05469737885
84.94601467,-0.05703902737,-0.01243750325,-0.01560031628,0.05464869083
85.0083375,-0.05700006174,-0.01218311514,-0.01545175596,0.05460476896
85.07066033,-0.0569610057,-0.01192447683,-0.01530220432,0.05456586665
85.13298316,-0.05692186413,-0.01166138169,-0.01515140887,0.05453223731
85.19530599,-0.05688264191,-0.01139362312,-0.01499911715,0.05450413436
85.25762881,-0.05684334394,-0.01112099449,-0.01484507665,0.05448181118
85.31995164,-0.05680397508,-0.01084328919,-0.01468903492,0.0544655212
85.38227447,-0.05676454023,-0.01056030061,-0.01453073945,0.05445551782
85.4445973,-0.05672504426,-0.01027182212,-0.01436993778,0.05445205445
85.50692013,-0.05668549206,-0.009977647121,-0.01420637743,0.05445538449
85.56924295,-0.05664588851,-0.009677568982,-0.01403980591,0.05446576136
85.63156578,-0.05660623849,-0.009371381092,-0.01386997073,0.05448343845
85.69388861,-0.05656654689,-0.009058876834,-0.01369661943,0.05450866918
85.75621144,-0.05652681858,-0.008739849592,-0.01351949952,0.05454170696
85.81853427,-0.05648705845,-0.008414092749,-0.01333835852,0.05458280519
85.8808571,-0.05644727139,-0.008081399689,-0.01315294395,0.05463221728
85.94317992,-0.05640746226,-0.007741563795,-0.01296300332,0.05469019663
86.00550275,-0.05636763597,-0.007394378452,-0.01276828416,0.05475699667
86.06782558,-0.05632779738,-0.007039637043,-0.01256853399,0.05483287078
86.13014841,-0.05628795139,-0.006677132951,-0.01236350032,0.05491807238
86.19247124,-0.05624810287,-0.00630665956,-0.01215293068,0.05501285488
86.25479406,-0.0562082567,-0.005928010254,-0.01193657258,0.05511747168
86.31711689,-0.05616841778,-0.005540978416,-0.01171417354,0.0552321762
86.37943972,-0.05612859097,-0.00514535743,-0.01148548109,0.05535722183
86.44176255,-0.05608878117,-0.004740940679,-0.01125024273,0.055492862
86.50408538,-0.05604899325,-0.004327521548,-0.011008206,0.05563935009
86.5664082,-0.0560092321,-0.003904893419,-0.01075911841,0.05579693953
86.62873103,-0.05596950261,-0.003472849677,-0.01050272748,0.05596588371
86.69105386,-0.05592977132,-0.003032074167,-0.01024093591,0.05613988624
86.75337669,-0.05588968407,-0.00259097938,-0.009994103299,0.0562564433
86.81569952,-0.05584918358,-0.002151610228,-0.009766702901,0.05630111073
86.87802234,-0.05580830727,-0.001713863295,-0.009557960746,0.05627536911
86.94034517,-0.0557670926,-0.001277635168,-0.009367102864,0.05618069901
87.002668,-0.05572557701,-0.0008428224311,-0.009193355284,0.05601858101
87.06499083,-0.05568379794,-0.0004093216705,-0.009035944036,0.05579049566
87.12731366,-0.05564179285,2.297052838e-05,-0.00889409515,0.05549792355
87.18963648,-0.05559959918,0.0004541575802,-0.008767034653,0.05514234524
87.25195931,-0.05555725436,0.0008843428993,-0.008653988577,0.0547252413
87.31428214,-0.05551479586,0.0013136299,-0.008554182949,0.05424809229
87.37660497,-0.05547226111,0.001742121998,-0.0084668438,0.0537123788
87.4389278,-0.05542968756,0.002169922606,-0.008391197159,0.05311958139
87.50125063,-0.05538711265,0.00259713514,-0.008326469056,0.05247118063
87.56357345,-0.05534457383,0.003023863014,-0.008271885519,0.05176865709
87.62589628,-0.05530210855,0.003450209642,-0.008226672578,0.05101349134
87.68821911,-0.05525975425,0.003876278439,-0.008190056262,0.05020716395
87.75054194,-0.05521754838,0.00430217282,-0.008161262601,0.04935115549
87.81286477,-0.05517552838,0.004727996199,-0.008139517624,0.04844694653
87.87518759,-0.0551337317,0.00515385199,-0.008124047361,0.04749601764
87.93751042,-0.05509219578,0.005579843609,-0.00811407784,0.0464998494
87.99983325,-0.05505095807,0.006006074469,-0.008108835091,0.04545992236
88.06215608,-0.05501005601,0.006432647985,-0.008107545144,0.0443777171
88.12447891,-0.05496952706,0.006859667572,-0.008109434028,0.04325471419
88.18680173,-0.05492940864,0.007287236644,-0.008113727773,0.0420923942
88.24912456,-0.05488973822,0.007715458615,-0.008119652406,0.0408922377
88.31144739,-0.05485055324,0.008144436901,-0.008126433959,0.03965572525
88.37377022,-0.05481189114,0.008574274916,-0.00813329846,0.03838433744
88.43609305,-0.05477378936,0.009005076073,-0.008139471939,0.03707955483
88.49841587,-0.05473628536,0.009436943789,-0.008144180425,0.03574285799
88.5607387,-0.05469941657,0.009869981477,-0.008146649948,0.03437572749
88.62306153,-0.05466322045,0.01030429255,-0.008146106536,0.03297964389
88.68538436,-0.05462773444,0.01073998043,-0.008141776219,0.03155608778
88.74770719,-0.05459299598,0.01117714852,-0.008132885027,0.03010653971
88.81003002,-0.05455904253,0.01161590024,-0.008118658989,0.02863248027
88.87235284,-0.05452591151,0.01205633901,-0.008098324134,0.02713539001
88.93467567,-0.05449364039,0.01249856823,-0.008071106492,0.02561674951
88.9969985,-0.05446226661,0.01294269133,-0.008036232092,0.02407803934
89.05932133,-0.05443182761,0.01338881172,-0.007992926963,0.02252074007
89.12164416,-0.05440236084,0.01383703281,-0.007940417135,0.02094633227
89.18396698,-0.05437390374,0.01428745802,-0.007877928637,0.01935629651
89.24628981,-0.05434649375,0.01474019076,-0.007804687498,0.01775211335
89.30861264,-0.05432016834,0.01519533445,-0.007719919748,0.01613526338
89.37093547,-0.05429496493,0.0156529925,-0.007622851417,0.01450722715
89.4332583,-0.05427092097,0.01611326832,-0.007512708533,0.01286948524
89.49558112,-0.05424807392,0.01657626533,-0.007388717126,0.01122351822
89.55790395,-0.05422646122,0.01704208695,-0.007250103225,0.009570806658
89.62022678,-0.0542061203,0.01751083659,-0.007096092859,0.007912831124
89.68254961,-0.05418708862,0.01798261766,-0.006925912059,0.006251072189
89.74487244,-0.05416940363,0.01845753358,-0.006738786853,0.004587010422
89.80719526,-0.05415310276,0.01893568776,-0.006533943271,0.002922126393
89.86951809,-0.05413822347,0.01941718362,-0.006310607342,0.001257900672
89.93184092,-0.0541248032,0.01990212457,-0.006068005095,-0.0004041861708
89.99416375,-0.05411287939,0.02039061403,-0.005805362561,-0.002062653566
90.05648658,-0.05410248949,0.0208827554,-0.005521905767,-0.003716020943
90.1188094,-0.05409367094,0.02137865212,-0.005216860744,-0.005362807732
90.18113223,-0.0540864612,0.02187840758,-0.004889453521,-0.007001533363
90.24345506,-0.0540808977,0.02238212521,-0.004538910127,-0.008630717267
90.30577789,-0.0540770179,0.02288990841,-0.004164456591,-0.01024887887
90.36810072,-0.05407485923,0.02340186061,-0.003765318944,-0.01185453761
90.43042355,-0.05407445915,0.02391808521,-0.003340723214,-0.01344621291
90.49274637,-0.0540758551,0.02443868564,-0.002889895431,-0.01502242421
90.5550692,-0.05407908451,0.02496376531,-0.002412061624,-0.01658169092
90.61739203,-0.05408418485,0.02549342763,-0.001906447822,-0.01812253249
90.67971486,-0.05409119356,0.02602777601,-0.001372280056,-0.01964346834
90.74203769,-0.05410014807,0.02656691387,-0.0008087843529,-0.02114301791
90.80436051,-0.05411108584,0.02711094463,-0.0002151867438,-0.02261970061
90.86668334,-0.05412404431,0.0276599717,0.0004092867424,-0.02407203589
90.92900617,-0.05413906093,0.02821409849,0.001065410076,-0.02549854318
90.991329,-0.05415617314,0.02877342842,0.001753957229,-0.02689774189
91.05365183,-0.05417541839,0.0293380649,0.00247570217,-0.02826815147
91.11597465,-0.05419683413,0.02990811135,0.003231418871,-0.02960829134
91.17829748,-0.05422045779,0.03048367118,0.004021881302,-0.03091668094
91.24062031,-0.05424632682,0.03106484781,0.004847863434,-0.03219183969
91.30294314,-0.05427447868,0.03165174465,0.005710139238,-0.03343228702
91.36526597,-0.0543049508,0.03224446512,0.006609482683,-0.03463654237
91.42758879,-0.05433778064,0.03284311262,0.007546667742,-0.03580312515
91.48991162,-0.05437300563,0.03344779058,0.008522468384,-0.03693055482
91.55223445,-0.05441066322,0.03405860241,0.00953765858,-0.03801735078
91.61455728,-0.05445079086,0.03467565152,0.0105930123,-0.03906203248
91.67688011,-0.05449342599,0.03529904133,0.01168930352,-0.04006311935
91.73920293,-0.05453860606,0.03592887526,0.0128273062,-0.0410191308
91.80152576,-0.05458636851,0.03656525671,0.01400779432,-0.04192858628
91.86384859,-0.0546367508,0.0372082891,0.01523154184,-0.04279000522
91.92617142,-0.05468979036,0.03785807585,0.01649932275,-0.04360190704
91.98849425,-0.05474552463,0.03851472037,0.017811911,-0.04436281117
92.05081708,-0.05480399108,0.03917832607,0.01917008057,-0.04507123705
92.1131399,-0.0548642827,0.03984454924,0.02056492123,-0.0457290456
92.17546273,-0.05492028155,0.04048456403,0.02193364926,-0.04635735532
92.23778556,-0.05497099071,0.04109374759,0.0232652774,-0.04696049647
92.30010839,-0.05501654143,0.04167279642,0.02456033217,-0.04753890981
92.36243122,-0.05505706502,0.04222240704,0.02581934009,-0.0480930361
92.42475404,-0.05509269274,0.04274327595,0.02704282768,-0.04862331611
92.48707687,-0.05512355587,0.04323609967,0.02823132145,-0.04913019059
92.5493997,-0.0551497857,0.04370157471,0.02938534793,-0.04961410031
92.61172253,-0.0551715135,0.04414039757,0.03050543363,-0.05007548602
92.67404536,-0.05518887055,0.04455326477,0.03159210507,-0.05051478851
92.73636818,-0.05520198813,0.04494087282,0.03264588876,-0.05093244851
92.79869101,-0.05521099751,0.04530391823,0.03366731124,-0.05132890681
92.86101384,-0.05521602999,0.04564309751,0.03465689901,-0.05170460415
92.92333667,-0.05521721684,0.04595910717,0.0356151786,-0.0520599813
92.9856595,-0.05521468933,0.04625264371,0.03654267651,-0.05239547903
93.04798232,-0.05520857874,0.04652440366,0.03743991928,-0.0527115381
93.11030515,-0.05519901637,0.04677508351,0.03830743341,-0.05300859926
93.17262798,-0.05518613347,0.04700537979,0.03914574544,-0.05328710328
93.23495081,-0.05517006134,0.047215989,0.03995538186,-0.05354749093
93.29727364,-0.05515093125,0.04740760765,0.04073686921,-0.05379020296
93.35959646,-0.05512887448,0.04758093225,0.04149073401,-0.05401568013
93.42191929,-0.0551040223,0.04773665931,0.04221750276,-0.05422436322
93.48424212,-0.05507650601,0.04787548534,0.04291770199,-0.05441669298
93.54656495,-0.05504645688,0.04799810686,0.04359185822,-0.05459311017
93.60888778,-0.05501400618,0.04810522037,0.04424049796,-0.05475405555
93.67121061,-0.0549792852,0.04819752238,0.04486414774,-0.0548999699
93.73353343,-0.05494242521,0.04827570941,0.04546333406,-0.05503129396
93.79585626,-0.0549035575,0.04834047796,0.04603858346,-0.0551484685
93.85817909,-0.05486281334,0.04839252455,0.04659042245,-0.0552519343
93.92050192,-0.05482032401,0.04843254568,0.04711937754,-0.05534213209
93.98282475,-0.05477622079,0.04846123787,0.04762597525,-0.05541950266
94.04514757,-0.05473063496,0.04847929762,0.04811074211,-0.05548448676
94.1074704,-0.0546836978,0.04848742145,0.04857420463,-0.05553752515
94.16979323,-0.05463554059,0.04848630586,0.04901688933,-0.05557905859
94.23211606,-0.05458629461,0.04847664737,0.04943932273,-0.05560952786
94.29443889,-0.05453609113,0.04845914249,0.04984203135,-0.0556293737
94.35676171,-0.05448506144,0.04843448773,0.0502255417,-0.05563903688
94.41908454,-0.05443333681,0.04840337959,0.0505903803,-0.05563895817
94.48140737,-0.05438104853,0.04836651459,0.05093707367,-0.05562957833
94.5437302,-0.05432832787,0.04832458924,0.05126614833,-0.05561133811
94.60605303,-0.05427530611,0.04827830005,0.0515781308,-0.05558467829
94.66837585,-0.05422211453,0.04822834353,0.0518735476,-0.05555003962
94.73069868,-0.0541688844,0.04817541618,0.05215292524,-0.05550786286
94.79302151,-0.05411574702,0.04812021453,0.05241679024,-0.05545858878
94.85534434,-0.05406283366,0.04806343508,0.05266566913,-0.05540265814
94.91766717,-0.05401027559,0.04800577433,0.05290008841,-0.05534051171
94.97998999,-0.0539582041,0.04794792881,0.05312057461,-0.05527259023
95.04231282,-0.05390675046,0.04789059502,0.05332765425,-0.05519933449
95.10463565,-0.05385604595,0.04783446947,0.05352185384,-0.05512118523
95.16695848,-0.05380622186,0.04778024868,0.05370369991,-0.05503858322
95.22928131,-0.05375740946,0.04772862914,0.05387371896,-0.05495196923
95.29160414,-0.05370974003,0.04768030738,0.05403243752,-0.05486178401
95.35392696,-0.05366334485,0.0476359799,0.05418038211,-0.05476846832
95.41624979,-0.0536183552,0.04759634322,0.05431807925,-0.05467246294
95.47857262,-0.05357490236,0.04756209384,0.05444605545,-0.05457420862
95.54089545,-0.0535331176,0.04753392827,0.05456483723,-0.05447414612
95.60321828,-0.05349313221,0.04751254303,0.05467495111,-0.05437271621
95.6655411,-0.05345507747,0.04749863462,0.05477692362,-0.05427035964
95.72786393,-0.05341908465,0.04749289956,0.05487128125,-0.05416751719
95.79018676,-0.05338528503,0.04749603435,0.05495855055,-0.05406462961
95.85250959,-0.05335380989,0.04750873551,0.05503925802,-0.05396213766
95.91483242,-0.05332479052,0.04753169955,0.05511393018,-0.05386048211
95.97715524,-0.05329835818,0.04756562297,0.05518309355,-0.05376010372
96.03947807,-0.05327464417,0.04761120229,0.05524727465,-0.05366144326
96.1018009,-0.05325377975,0.04766913402,0.05530699999,-0.05356494147
96.16412373,-0.05323589621,0.04774011466,0.0553627961,-0.05347103913
96.22644656,-0.05322112483,0.04782484074,0.0554151895,-0.053380177
96.28876938,-0.05320959688,0.04792400875,0.05546470669,-0.05329279584
96.35109221,-0.05320144365,0.04803831521,0.05551187421,-0.05320933641
96.41341504,-0.05319679641,0.04816845663,0.05555721856,-0.05313023948
96.47573787,-0.05319578644,0.04831512951,0.05560126628,-0.0530559458
96.5380607,-0.05319854502,0.04847903038,0.05564454386,-0.05298689614
96.60038353,-0.05320520344,0.04866085574,0.05568757784,-0.05292353127
96.66270635,-0.05321589296,0.0488613021,0.05573089473,-0.05286629193
96.72502918,-0.05323074487,0.04908106597,0.05577502106,-0.05281561891
96.78735201,-0.05324989045,0.04932084386,0.05582048332,-0.05277195295
96.84967484,-0.05327346098,0.04958133229,0.05586780806,-0.05273573482
96.91199767,-0.05330158773,0.04986322775,0.05591752178,-0.05270740528
96.97432049,-0.05333440199,0.05016722677,0.05597015101,-0.05268740509
97.03664332,-0.05337203503,0.05049402585,0.05602622225,-0.05267617503
97.09896615,-0.05341461814,0.0508443215,0.05608626204,-0.05267415584
97.16128898,-0.05346228258,0.05121881024,0.05615079688,-0.05268178829
97.22361181,-0.05351515965,0.05161818857,0.0562203533,-0.05269951315
97.28593463,-0.05357338062,0.05204315301,0.05629545781,-0.05272777117
97.34825746,-0.05363707676,0.05249440006,0.05637663694,-0.05276700312
97.41058029,-0.05370637937,0.05297262623,0.0564644172,-0.05281764976
97.47290312,-0.05378141971,0.05347852804,0.05655932511,-0.05288015185
97.53522595,-0.05385202076,0.05399360024,0.05666019672,-0.05293807088
97.59754877,-0.05387079787,0.05442935325,0.05675946247,-0.05291374659
97.6598716,-0.05383322915,0.05477621264,0.05685616494,-0.05279929765
97.72219443,-0.05374093935,0.05503600148,0.05695033124,-0.05259688467
97.78451726,-0.05359555325,0.05521054282,0.05704198846,-0.05230866823
97.84684009,-0.05339869559,0.05530165972,0.05713116372,-0.05193680893
97.90916291,-0.05315199114,0.05531117524,0.05721788413,-0.05148346736
97.97148574,-0.05285706465,0.05524091243,0.0573021768,-0.05095080412
98.03380857,-0.05251554089,0.05509269435,0.05738406884,-0.05034097981
98.0961314,-0.05212904461,0.05486834406,0.05746358735,-0.04965615501
98.15845423,-0.05169920056,0.05456968461,0.05754075944,-0.04889849032
98.22077706,-0.05122763352,0.05419853907,0.05761561223,-0.04807014634
98.28309988,-0.05071596824,0.05375673049,0.05768817282,-0.04717328366
98.34542271,-0.05016582947,0.05324608193,0.05775846832,-0.04621006288
98.40774554,-0.04957884198,0.05266841644,0.05782652584,-0.04518264459
98.47006837,-0.04895663052,0.05202555708,0.05789237249,-0.04409318938
98.5323912,-0.04830081985,0.05131932691,0.05795603537,-0.04294385786
98.59471402,-0.04761303474,0.05055154899,0.05801754161,-0.0417368106
98.65703685,-0.04689489994,0.04972404638,0.05807691829,-0.04047420822
98.71935968,-0.0461480402,0.04883864212,0.05813419254,-0.0391582113
98.78168251,-0.0453740803,0.04789715929,0.05818939146,-0.03779098044
98.84400534,-0.04457464498,0.04690142093,0.05824254217,-0.03637467623
98.90632816,-0.04375135901,0.0458532501,0.05829367176,-0.03491145927
98.96865099,-0.04290584714,0.04475446987,0.05834280735,-0.03340349015
99.03097382,-0.04203973413,0.04360690328,0.05838997606,-0.03185292947
99.09329665,-0.04115464475,0.0424123734,0.05843520497,-0.03026193782
99.15561948,-0.04025220374,0.04117270329,0.05847852122,-0.0286326758
99.2179423,-0.03933403588,0.03988971599,0.0585199519,-0.02696730399
99.28026513,-0.03840176591,0.03856523457,0.05855952412,-0.02526798301
99.34258796,-0.0374570186,0.03720108208,0.05859726499,-0.02353687343
99.40491079,-0.0365014187,0.03579908159,0.05863320163,-0.02177613585
99.46723362,-0.03553659098,0.03436105615,0.05866736113,-0.01998793088
99.52955644,-0.03456416019,0.03288882881,0.05869977062,-0.0181744191
99.59187927,-0.03358575109,0.03138422264,0.05873045719,-0.01633776111
99.6542021,-0.03260298844,0.02984906069,0.05875944795,-0.0144801175
99.71652493,-0.031617497,0.02828516601,0.05878677003,-0.01260364887
99.77884776,-0.03063090153,0.02669436168,0.05881245051,-0.01071051581
99.84117059,-0.02964482679,0.02507847073,0.05883651652,-0.008802878914
99.90349341,-0.02866089753,0.02343931624,0.05885899517,-0.006882898783
99.96581624,-0.02768073851,0.02177872126,0.05887991355,-0.004952736008
100.0281391,-0.0267059745,0.02009850884,0.05889929878,-0.003014551184
100.0904619,-0.02573823025,0.01840050204,0.05891717797,-0.001070504905
100.1527847,-0.02477913051,0.01668652393,0.05893357823,0.0008772422332
100.2151076,-0.02383030006,0.01495839755,0.05894852666,0.002826529637
100.2774304,-0.02289336365,0.01321794596,0.05896205038,0.004775196712
100.3397532,-0.02196994603,0.01146699223,0.0589741765,0.006721082863
100.402076,-0.02106167196,0.00970735941,0.05898493211,0.008662027495
100.4643989,-0.02017016621,0.007940870554,0.05899434434,0.01059587001
100.5267217,-0.01929705353,0.006169348722,0.05900244029,0.01252044983
100.5890445,-0.01844395868,0.004394616971,0.05900924706,0.01443360633
100.6513674,-0.01761250643,0.002618498359,0.05901479178,0.01633317895
100.7136902,-0.01680432152,0.0008428159425,0.05901910154,0.01821700707
100.776013,-0.01602102872,-0.0009306072206,0.05902220345,0.0200829301
100.8383358,-0.01526425278,-0.002699948073,0.05902412464,0.02192878745
100.9006587,-0.01453561847,-0.004463383558,0.05902489219,0.02375241853
100.9629815,-0.01383675054,-0.006219090617,0.05902453323,0.02555166274
101.0253043,-0.01316927376,-0.007965246194,0.05902307486,0.02732435948
101.0876271,-0.01253481287,-0.009700027231,0.05902054419,0.02906834817
101.14995,-0.01193499265,-0.01142161067,0.05901696832,0.0307814682
101.2122728,-0.01137143785,-0.01312817346,0.05901237438,0.03246155898
101.2745956,-0.01084577322,-0.01481789253,0.05900678946,0.03410645991
101.3369185,-0.01035962352,-0.01648894483,0.05900024068,0.03571401041
101.3992413,-0.009914613527,-0.01813950731,0.05899275514,0.03728204988
101.4615641,-0.009512367983,-0.01976775691,0.05898435995,0.03880841772
101.5238869,-0.009154511651,-0.02137187056,0.05897508223,0.04029095334
101.5862098,-0.008842669289,-0.02295002521,0.05896494907,0.04172749614
101.6485326,-0.008578465658,-0.02450039781,0.0589539876,0.04311588553
101.7108554,-0.008363525514,-0.0260211653,0.05894222492,0.04445396092
101.7731783,-0.008199473618,-0.02751050461,0.05892968813,0.04573956171
101.8355011,-0.008087934728,-0.0289665927,0.05891640435,0.0469705273
101.8978239,-0.008030533602,-0.0303876065,0.05890240068,0.0481446971
101.9601467,-0.008028894999,-0.03177172296,0.05888770424,0.04925991052
102.0224696,-0.008084643678,-0.03311711902,0.05887234213,0.05031400695
102.0847924,-0.008199404398,-0.03442197163,0.05885634146,0.05130482582
102.1471152,-0.008374801918,-0.03568445772,0.05883972934,0.05223020652
102.2094381,-0.008612460995,-0.03690275423,0.05882253288,0.05308798845
102.2717609,-0.00891400639,-0.03807503812,0.05880477919,0.05387601103
102.3340837,-0.00928106286,-0.03919948632,0.05878649538,0.05459211366
102.3964065,-0.009715255165,-0.04027427578,0.05876770855,0.05523413573
102.4587294,-0.01021820806,-0.04129758344,0.05874844582,0.05579991667
102.5210522,-0.01079154631,-0.04226758624,0.05872873429,0.05628729588
102.583375,-0.01143689467,-0.04318246112,0.05870860107,0.05669411275
102.6456978,-0.0121558779,-0.04404038503,0.05868807327,0.0570182067
102.7080207,-0.01295012076,-0.04483953491,0.05866717801,0.05725741712
102.7703435,-0.013821248,-0.04557808771,0.05864594238,0.05740958344
102.8326663,-0.01477088439,-0.04625422035,0.0586243935,0.05747254504
102.8949892,-0.01580065469,-0.0468661098,0.05860255848,0.05744414134
102.957312,-0.01689017218,-0.04742190989,0.05858085694,0.05734413975
103.0196348,-0.01796519344,-0.04795488649,0.05856061988,0.05724622412
103.0819576,-0.01901970835,-0.04846818672,0.05854190496,0.05715640829
103.1442805,-0.02005393954,-0.04896216374,0.05852465652,0.05707450864
103.2066033,-0.02106810965,-0.04943717069,0.05850881891,0.05700034156
103.2689261,-0.02206244133,-0.04989356072,0.05849433645,0.05693372344
103.331249,-0.02303715722,-0.05033168697,0.0584811535,0.05687447066
103.3935718,-0.02399247994,-0.0507519026,0.05846921438,0.05682239962
103.4558946,-0.02492863215,-0.05115456074,0.05845846345,0.05677732671
103.5182174,-0.02584583649,-0.05154001454,0.05844884504,0.0567390683
103.5805403,-0.02674431558,-0.05190861716,0.0584403035,0.0567074408
103.6428631,-0.02762429209,-0.05226072173,0.05843278315,0.05668226058
103.7051859,-0.02848598863,-0.05259668139,0.05842622835,0.05666334404
103.7675088,-0.02932962786,-0.05291684931,0.05842058344,0.05665050757
103.8298316,-0.03015543241,-0.05322157862,0.05841579275,0.05664356756
103.8921544,-0.03096362493,-0.05351122247,0.05841180062,0.05664234038
103.9544772,-0.03175442805,-0.053786134,0.0584085514,0.05664664244
104.0168001,-0.03252806442,-0.05404666636,0.05840598942,0.05665629012
104.0791229,-0.03328475667,-0.05429317271,0.05840405903,0.05667109981
104.1414457,-0.03402472744,-0.05452600617,0.05840270457,0.05669088789
104.2037686,-0.03474819937,-0.0547455199,0.05840187037,0.05671547076
104.2660914,-0.03545539511,-0.05495206705,0.05840150078,0.0567446648
104.3284142,-0.0361465373,-0.05514600077,0.05840154014,0.05677828641
104.390737,-0.03682184856,-0.05532767419,0.05840193279,0.05681615196
104.4530599,-0.03748155155,-0.05549744046,0.05840262306,0.05685807786
104.5153827,-0.03812586891,-0.05565565273,0.0584035553,0.05690388048
104.5777055,-0.03875502326,-0.05580266415,0.05840467385,0.05695337622
104.6400283,-0.03936923726,-0.05593882786,0.05840592305,0.05700638147
104.7023512,-0.03996873355,-0.05606449701,0.05840724724,0.0570627126
104.764674,-0.04055373476,-0.05618002474,0.05840859076,0.05712218602
104.8269968,-0.04112446353,-0.0562857642,0.05840989795,0.05718461811
104.8893197,-0.0416811425,-0.05638206854,0.05841111315,0.05724982526
104.9516425,-0.04222399432,-0.0564692909,0.0584121807,0.05731762386
105.0139653,-0.04275324162,-0.05654778443,0.05841304494,0.05738783029
105.0762881,-0.04326910705,-0.05661790228,0.05841365022,0.05746026095
105.138611,-0.04377181324,-0.05667999758,0.05841394086,0.05753473221
105.2009338,-0.04426158283,-0.05673442349,0.05841386122,0.05761106048
105.2632566,-0.04473863847,-0.05678153315,0.05841335564,0.05768906214
105.3255795,-0.04520320279,-0.05682167972,0.05841236844,0.05776855358
105.3879023,-0.04565549843,-0.05685521632,0.05841084398,0.05784935118
105.4502251,-0.04609574803,-0.05688249612,0.05840872659,0.05793127134
105.5125479,-0.04652417424,-0.05690387226,0.05840596062,0.05801413044
105.5748708,-0.0469409997,-0.05691969787,0.05840249041,0.05809774488
105.6371936,-0.04734644703,-0.05693032612,0.05839826028,0.05818193103
105.6995164,-0.04774073889,-0.05693611014,0.0583932146,0.05826650529
105.7618393,-0.04812409791,-0.05693740308,0.05838729769,0.05835128406
105.8241621,-0.04849674674,-0.05693455809,0.05838045389,0.0584360837
105.8864849,-0.04885890801,-0.05692792832,0.05837262756,0.05852072062
105.9488077,-0.04921080436,-0.0569178669,0.05836376302,0.05860501121
106.0111306,-0.04955265844,-0.05690472699,0.05835380461,0.05868877184
106.0734534,-0.04988469287,-0.05688886172,0.05834269669,0.05877181892
106.1357762,-0.05020713032,-0.05687062426,0.05833038358,0.05885396882
106.198099,-0.0505201934,-0.05685036774,0.05831680964,0.05893503794
106.2604219,-0.05082410477,-0.05682844531,0.05830191919,0.05901484267
106.3227447,-0.05111908706,-0.05680521012,0.05828565658,0.05909319939
106.3850675,-0.05140536291,-0.05678101531,0.05826796615,0.05916992449
106.4473904,-0.05168315497,-0.05675621402,0.05824879224,0.05924483436
106.5097132,-0.05195268587,-0.05673115941,0.05822807919,0.05931774539
106.572036,-0.05221417826,-0.05670620462,0.05820577134,0.05938847397
106.6343588,-0.05246785476,-0.0566817028,0.05818181303,0.05945683648
106.6966817,-0.05271393803,-0.05665800708,0.05815614861,0.05952264932
106.7590045,-0.05295265071,-0.05663547063,0.05812872241,0.05958572888
106.8213273,-0.05318421542,-0.05661444658,0.05809947877,0.05964589153
106.8836502,-0.05340885482,-0.05659528808,0.05806836203,0.05970295367
106.945973,-0.05362679154,-0.05657834828,0.05803531653,0.0597567317
107.0082958,-0.05383824823,-0.05656398032,0.05800028662,0.05980704199
107.0706186,-0.05404344751,-0.05655253734,0.05796321663,0.05985370093
107.1329415,-0.05424261204,-0.05654437251,0.05792405091,0.05989652492
107.1952643,-0.05443596446,-0.05653983895,0.05788273379,0.05993533034
107.2575871,-0.05462372739,-0.05653928982,0.05783920962,0.05996993358
107.31991,-0.05480612349,-0.05654307826,0.05779342273,0.06000015104
107.3822328,-0.0549833754,-0.05655155743,0.05774531747,0.06002579909
107.4445556,-0.05515570574,-0.05656508045,0.05769483817,0.06004669412
107.5068784,-0.05532333717,-0.05658400049,0.05764192918,0.06006265253
107.5692013,-0.05548649232,-0.05660867069,0.05758653484,0.06007349071
107.6315241,-0.05564539383,-0.05663944418,0.05752859948,0.06007902503
107.6938469,-0.05580026435,-0.05667667413,0.05746806745,0.0600790719
107.7561698,-0.05595132651,-0.05672071367,0.05740488309,0.06007344769
107.8184926,-0.05609880295,-0.05677191596,0.05733899074,0.0600619688
107.8808154,-0.05624291631,-0.05683063413,0.05727033474,0.06004445162
107.9431382,-0.05638388924,-0.05689722133,0.05719885943,0.06002071253
108.0054611,-0.05652194437,-0.05697203072,0.05712450914,0.05999056793
108.0677839,-0.05665730434,-0.05705541543,0.05704722823,0.05995383419
108.1301067,-0.0567901918,-0.05714772861,0.05696696102,0.05991032772
108.1924295,-0.05692082937,-0.05724932341,0.05688365187,0.05985986489
108.2547524,-0.05704943971,-0.05736055297,0.05679724511,0.0598022621
108.3170752,-0.05717624546,-0.05748177045,0.05670768508,0.05973733574
108.379398,-0.05730045999,-0.05760778455,0.05662029363,0.05966881242
108.4417209,-0.05741969003,-0.0577248244,0.05654823744,0.05960642555
108.5040437,-0.05753392248,-0.05783243185,0.05649131314,0.05955047735
108.5663665,-0.0576432687,-0.05793083803,0.05644863816,0.05950078292
108.6286893,-0.05774784003,-0.05802027404,0.05641932991,0.05945715739
108.6910122,-0.05784774784,-0.05810097102,0.05640250581,0.05941941586
108.753335,-0.05794310347,-0.05817316008,0.05639728326,0.05938737345
108.8156578,-0.05803401829,-0.05823707235,0.05640277968,0.05936084528
108.8779807,-0.05812060363,-0.05829293894,0.05641811249,0.05933964646
108.9403035,-0.05820297087,-0.05834099098,0.05644239909,0.05932359211
109.0026263,-0.05828123134,-0.05838145959,0.05647475691,0.05931249733
109.0649491,-0.05835549641,-0.05841457588,0.05651430335,0.05930617724
109.127272,-0.05842587743,-0.05844057099,0.05656015583,0.05930444696
109.1895948,-0.05849248575,-0.05845967602,0.05661143176,0.0593071216
109.2519176,-0.05855543273,-0.05847212211,0.05666724856,0.05931401628
109.3142405,-0.05861482972,-0.05847814037,0.05672672364,0.0593249461
109.3765633,-0.05867078807,-0.05847796193,0.05678897442,0.05933972619
109.4388861,-0.05872341914,-0.05847181789,0.0568531183,0.05935817165
109.5012089,-0.05877283429,-0.0584599394,0.0569182727,0.05938009761
109.5635318,-0.05881914486,-0.05844255756,0.05698355504,0.05940531917
109.6258546,-0.05886246221,-0.0584199035,0.05704808272,0.05943365145
109.6881774,-0.05890289769,-0.05839220834,0.05711097317,0.05946490957
109.7505003,-0.05894056266,-0.05835970319,0.0571713438,0.05949890864
109.8128231,-0.05897556848,-0.05832261919,0.05722831201,0.05953546376
109.8751459,-0.05900802648,-0.05828118745,0.05728099523,0.05957439007
109.9374687,-0.05903804804,-0.05823563909,0.05732851086,0.05961550266
109.9997916,-0.0590657445,-0.05818620524,0.05736997632,0.05965861666
110.0621144,-0.05909122722,-0.058133117,0.05740450903,0.05970354718
110.1244372,-0.05911460755,-0.05807660552,0.0574312264,0.05975010934
110.18676,-0.05913599684,-0.0580169019,0.05744924583,0.05979811824
110.2490829,-0.05915550646,-0.05795423727,0.05745768476,0.059847389
110.3114057,-0.05917324774,-0.05788884274,0.05745566058,0.05989773675
110.3737285,-0.05918933205,-0.05782094945,0.05744229071,0.05994897658
110.4360514,-0.05920387074,-0.0577507885,0.05741669257,0.06000092361
110.4983742,-0.05921697517,-0.05767859103,0.05737798357,0.06005339297
110.560697,-0.05922875668,-0.05760458815,0.05732528112,0.06010619975
110.6230198,-0.05923932664,-0.05752901098,0.05725770265,0.06015915909
110.6853427,-0.05924879639,-0.05745209065,0.05717436555,0.06021208608
110.7476655,-0.05925727729,-0.05737405827,0.05707438724,0.06026479586
110.8099883,-0.0592648807,-0.05729514497,0.05695688515,0.06031710352
110.8723112,-0.05927171796,-0.05721558186,0.05682097668,0.06036882418
110.934634,-0.05927790043,-0.05713560008,0.05666577924,0.06041977297
110.9969568,-0.05928353947,-0.05705543073,0.05649041025,0.06046976499
111.0592796,-0.05928874643,-0.05697530494,0.05629398713,0.06051861535
111.1216025,-0.05929363266,-0.05689545383,0.05607562728,0.06056613917
111.1839253,-0.05929830952,-0.05681610853,0.05583444812,0.06061215157
111.2462481,-0.05930288836,-0.05673750014,0.05556956707,0.06065646766
111.308571,-0.05930748053,-0.05665985981,0.05528010153,0.06069890255
111.3708938,-0.05931219739,-0.05658341863,0.05496516892,0.06073927136
111.4332166,-0.05931715029,-0.05650840774,0.05462388666,0.06077738921
111.4955394,-0.05932245059,-0.05643505826,0.05425537216,0.0608130712
111.5578623,-0.05932820964,-0.05636360131,0.05385874283,0.06084613244
111.6201851,-0.0593345388,-0.05629426801,0.05343311609,0.06087638807
111.6825079,-0.05934154941,-0.05622728947,0.05297760935,0.06090365318
111.7448307,-0.05934935283,-0.05616289683,0.05249134002,0.06092774289
111.8071536,-0.05935806042,-0.05610132119,0.05197342552,0.06094847233
111.8694764,-0.05936778352,-0.0560427937,0.05142298326,0.06096565659
111.9317992,-0.0593786335,-0.05598754545,0.05083913065,0.0609791108
111.9941221,-0.05939072171,-0.05593580758,0.05022098511,0.06098865007
112.0564449,-0.0594041595,-0.0558878112,0.04956766405,0.06099408951
112.1187677,-0.05941905822,-0.05584378744,0.04887828489,0.06099524424
112.1810905,-0.05943552924,-0.05580396742,0.04815196504,0.06099192938
112.2434134,-0.05945368389,-0.05576858226,0.04738782191,0.06098396003
112.3057362,-0.05947363354,-0.05573786307,0.04658497292,0.06097115131
112.368059,-0.05949548955,-0.05571204099,0.04574253547,0.06095331833
112.4303819,-0.05951936325,-0.05569134713,0.04485962699,0.06093027622
112.4927047,-0.05954536602,-0.05567601261,0.04393536489,0.06090184008
112.5550275,-0.05957360919,-0.05566626855,0.04296886658,0.06086782502
112.6173503,-0.05960420413,-0.05566234608,0.04195924948,0.06082804617
112.6796732,-0.05963726219,-0.05566447632,0.04090563099,0.06078231863
112.741996,-0.05967289473,-0.05567289038,0.03980712854,0.06073045753
112.8043188,-0.05971121309,-0.05568781938,0.03866285953,0.06067227797
112.8666417,-0.05975232864,-0.05570949446,0.03747194138,0.06060759507
112.9289645,-0.05979635271,-0.05573814672,0.0362334915,0.06053622394
112.9912873,-0.05984339668,-0.0557740073,0.03494662731,0.06045797969
113.0536101,-0.05989357189,-0.0558173073,0.03361046622,0.06037267745
113.115933,-0.0599469897,-0.05586827786,0.03222412565,0.06028013232
113.1782558,-0.06000376146,-0.05592715009,0.030786723,0.06018015943
113.2405786,-0.06006399852,-0.05599415512,0.0292973757,0.06007257388
113.3029015,-0.06012781225,-0.05606952406,0.02775520115,0.05995719078
113.3652243,-0.06019531398,-0.05615348804,0.02615931677,0.05983382526
113.4275471,-0.06026661508,-0.05624627817,0.02450883997,0.05970229242
113.4898699,-0.0603418269,-0.05634812558,0.02280288817,0.05956240739
113.5521928,-0.06042106079,-0.05645926139,0.02104057878,0.05941398527
113.6145156,-0.06050442812,-0.05657991673,0.01922102921,0.05925684118
113.6768384,-0.06059204022,-0.0567103227,0.01734335688,0.05909079023
113.7391612,-0.06068400846,-0.05685071043,0.01540667921,0.05891564754
113.8014841,-0.06077596969,-0.05698154525,0.01343340416,0.05874605073
113.8638069,-0.06085966156,-0.05706596926,0.01146752827,0.05860894646
113.9261297,-0.06093511717,-0.05710369146,0.009510889684,0.05850332086
113.9884526,-0.06100256858,-0.05709529868,0.007564302864,0.05842749559
114.0507754,-0.06106224783,-0.05704137777,0.005628582253,0.0583797923
114.1130982,-0.06111438696,-0.05694251557,0.003704542301,0.05835853264
114.175421,-0.06115921802,-0.05679929891,0.001792997454,0.05836203825
114.2377439,-0.06119697305,-0.05661231465,-0.000105237838,0.0583886308
114.3000667,-0.0612278841,-0.05638214961,-0.001989349127,0.05843663192
114.3623895,-0.06125218321,-0.05610939064,-0.003858521965,0.05850436327
114.4247124,-0.06127010243,-0.05579462458,-0.005711941904,0.0585901465
114.4870352,-0.06128187381,-0.05543843826,-0.007548794495,0.05869230326
114.549358,-0.06128772938,-0.05504141854,-0.00936826529,0.05880915521
114.6116808,-0.06128790119,-0.05460415224,-0.01116953984,0.05893902398
114.6740037,-0.06128262129,-0.05412722621,-0.0129518037,0.05908023124
114.7363265,-0.06127212172,-0.05361122729,-0.01471424242,0.05923109863
114.7986493,-0.06125663453,-0.05305674232,-0.01645604154,0.05938994781
114.8609722,-0.06123639176,-0.05246435814,-0.01817638663,0.05955510042
114.923295,-0.06121162545,-0.05183466159,-0.01987446324,0.05972487811
114.9856178,-0.06118256766,-0.05116823951,-0.02154945691,0.05989760254
115.0479406,-0.06114945042,-0.05046567874,-0.02320055319,0.06007159535
115.1102635,-0.06111250579,-0.04972756612,-0.02482693765,0.0602451782
115.1725863,-0.0610719658,-0.04895448848,-0.02642779583,0.06041667274
115.2349091,-0.0610280625,-0.04814703268,-0.02800231328,0.06058440061
115.2972319,-0.06098102794,-0.04730578555,-0.02954967555,0.06074668347
115.3595548,-0.06093109415,-0.04643133393,-0.0310690682,0.06090184297
115.4218776,-0.06087849319,-0.04552426466,-0.03255967678,0.06104820076
115.4842004,-0.0608234571,-0.04458516458,-0.03402068684,0.06118407849
115.5465233,-0.06076621793,-0.04361462053,-0.03545128393,0.06130779781
115.6088461,-0.06070700771,-0.04261321936,-0.0368506536,0.06141768037
115.6711689,-0.0606460585,-0.04158154789,-0.03821798141,0.06151204782
115.7334917,-0.06058360234,-0.04052019298,-0.0395524529,0.06158922181
115.7958146,-0.06051987128,-0.03942974145,-0.04085325363,0.06164752399
115.8581374,-0.06045509735,-0.03831078016,-0.04211956915,0.06168527602
115.9204602,-0.0603895126,-0.03716389594,-0.04335058501,0.06170079954
115.9827831,-0.06032334909,-0.03598967564,-0.04454548676,0.06169241621
116.0451059,-0.06025683884,-0.03478870608,-0.04570345996,0.06165844767
116.1074287,-0.06019021392,-0.03356157412,-0.04682369016,0.06159721557
116.1697515,-0.06012370636,-0.03230886659,-0.0479053629,0.06150704157
116.2320744,-0.0600575482,-0.03103117033,-0.04894766374,0.06138624731
116.2943972,-0.0599919715,-0.02972907219,-0.04994977823,0.06123315446
116.35672,-0.0599272083,-0.028403159,-0.05091089193,0.06104608465
116.4190429,-0.05986349064,-0.0270540176,-0.05183019038,0.06082335953
116.4813657,-0.05980105056,-0.02568223483,-0.05270685914,0.06056330077
116.5436885,-0.05974012012,-0.02428839754,-0.05354008376,0.06026423
116.6060113,-0.05968093136,-0.02287309256,-0.05432904978,0.05992446889
116.6683342,-0.05962371631,-0.02143690674,-0.05507294277,0.05954233907
116.730657,-0.05956870703,-0.0199804269,-0.05577094827,0.0591161622
116.7929798,-0.05951613557,-0.01850423991,-0.05642225184,0.05864425994
116.8553027,-0.05946623396,-0.01700893258,-0.05702603902,0.05812495393
116.9176255,-0.05941923425,-0.01549509178,-0.05758149537,0.05755656582
116.9799483,-0.05937536849,-0.01396330432,-0.05808780644,0.05693741726
117.0422711,-0.05933486872,-0.01241415706,-0.05854415779,0.0562658299
117.104594,-0.05929796698,-0.01084823684,-0.05894973495,0.0555401254
117.1669168,-0.05926489532,-0.009266130488,-0.0593037235,0.0547586254
117.2292396,-0.05923588579,-0.007668424853,-0.05960530896,0.05391965156
117.2915624,-0.05921117043,-0.006055706773,-0.05985367691,0.05302152553
117.3538853,-0.05919098129,-0.004428563089,-0.06004801289,0.05206256894
117.4162081,-0.0591755504,-0.00278758064,-0.06018750245,0.05104110347
117.4785309,-0.05916510982,-0.001133346267,-0.06027133114,0.04995545075
117.5408538,-0.05915989158,0.0005335531901,-0.06029868452,0.04880393244
117.6031766,-0.05916012774,0.002212530891,-0.06026874813,0.04758487019
117.6654994,-0.05916605035,0.003902999997,-0.06018070754,0.04629658565
117.7278222,-0.05917789143,0.005604373666,-0.06003374828,0.04493740047
117.7901451,-0.05919588304,0.007316065058,-0.05982705592,0.04350563629
117.8524679,-0.05922025723,0.009037487334,-0.059559816,0.04199961478
117.9147907,-0.05925124603,0.01076805365,-0.05923121407,0.04041765758
117.9771136,-0.0592890815,0.01250717718,-0.05884043569,0.03875808634
118.0394364,-0.05933399568,0.01425427106,-0.05838666642,0.03701922271
118.1017592,-0.05938622061,0.01600874847,-0.05786909179,0.03519938835
118.164082,-0.05944598833,0.01777002256,-0.05728689736,0.03329690489
118.2264049,-0.0595135309,0.01953750649,-0.05663926869,0.031310094
118.2887277,-0.05958908036,0.02131061343,-0.05592539132,0.02923727733
118.3510505,-0.05967286874,0.02308875653,-0.05514445081,0.02707677652
118.4133734,-0.05976512811,0.02487134895,-0.05429563271,0.02482691323
118.4756962,-0.0598660905,0.02665780385,-0.05337812258,0.0224860091
118.538019,-0.05997598795,0.02844753439,-0.05239110595,0.02005238579
118.6003418,-0.06009505252,0.03023995374,-0.05133376839,0.01752436494
118.6626647,-0.06022351624,0.03203447505,-0.05020529544,0.01490026821
118.7249875,-0.06036161116,0.03383051147,-0.04900487266,0.01217841725
118.7873103,-0.06050956933,0.03562747618,-0.0477316856,0.009357133712
118.8496331,-0.06066762279,0.03742478233,-0.04638491981,0.006434739241
118.911956,-0.06083600358,0.03922184309,-0.04496376084,0.003409555489
118.9742788,-0.06101494376,0.0410180716,-0.04346739425,0.000279904107
119.0366016,-0.06120467536,0.04281288103,-0.04189500559,-0.002955893254
119.0989245,-0.06140543043,0.04460568454,-0.0402457804,-0.006299514943
119.1612473,-0.06161744101,0.0463958953,-0.03851890424,-0.00975263931
119.2235701,-0.0618116756,0.04813491481,-0.03676761868,-0.01319988611
119.2858929,-0.06194834081,0.04975716238,-0.03506631396,-0.01648101246
119.3482158,-0.06202847019,0.05126447034,-0.03341477336,-0.01959793324
119.4105386,-0.06205336403,0.0526591101,-0.03181228998,-0.02255362669
119.4728614,-0.06202432265,0.05394335307,-0.03025815695,-0.02535107107
119.5351843,-0.06194264636,0.05511947065,-0.02875166736,-0.02799324463
119.5975071,-0.06180963546,0.05618973426,-0.02729211432,-0.03048312564
119.6598299,-0.06162659027,0.0571564153,-0.02587879095,-0.03282369234
119.7221527,-0.06139481109,0.05802178519,-0.02451099035,-0.03501792299
119.7844756,-0.06111559824,0.05878811534,-0.02318800562,-0.03706879585
119.8467984,-0.06079025201,0.05945767715,-0.02190912989,-0.03897928917
119.9091212,-0.06042007273,0.06003274203,-0.02067365625,-0.04075238121
119.9714441,-0.0600063607,0.06051558141,-0.01948087781,-0.04239105022
120.0337669,-0.05955041622,0.06090846667,-0.01833008769,-0.04389827445
120.0960897,-0.05905353961,0.06121366925,-0.017220579,-0.04527703217
120.1584125,-0.05851703118,0.06143346053,-0.01615164483,-0.04653030163
120.2207354,-0.05794219123,0.06157011194,-0.0151225783,-0.04766106108
120.2830582,-0.05733032008,0.06162589489,-0.01413267252,-0.04867228878
120.345381,-0.05668271802,0.06160308078,-0.0131812206,-0.04956696298
120.4077039,-0.05600068538,0.06150394102,-0.01226751564,-0.05034806195
120.4700267,-0.05528552246,0.06133074703,-0.01139085076,-0.05101856392
120.5323495,-0.05453852957,0.06108577021,-0.01055051905,-0.05158144717
120.5946723,-0.05376100701,0.06077128197,-0.009745813641,-0.05203968994
120.6569952,-0.05295425511,0.06038955373,-0.008976027629,-0.05239627049
120.719318,-0.05211957415,0.05994285688,-0.008240454125,-0.05265416708
120.7816408,-0.05125826447,0.05943346286,-0.007538386237,-0.05281635795
120.8439636,-0.05037162635,0.05886364305,-0.006869117074,-0.05288582138
120.9062865,-0.04946096012,0.05823566888,-0.006231939745,-0.0528655356
120.9686093,-0.04852756608,0.05755181174,-0.005626147358,-0.05275847888
121.0309321,-0.04757274454,0.05681434306,-0.005051033021,-0.05256762948
121.093255,-0.0465977958,0.05602553424,-0.004505889844,-0.05229596563
121.1555778,-0.04560402019,0.0551876567,-0.003990010935,-0.05194646562
121.2179006,-0.044592718,0.05430298183,-0.003502689402,-0.05152210768
121.2802234,-0.04356518955,0.05337378105,-0.003043218355,-0.05102587007
121.3425463,-0.04252273514,0.05240232578,-0.0026108909,-0.05046073105
121.4048691,-0.04146665508,0.05139088742,-0.002205000148,-0.04982966887
121.4671919,-0.04039824969,0.05034173737,-0.001824839207,-0.04913566179
121.5295148,-0.03931881927,0.04925714706,-0.001469701184,-0.04838168807
121.5918376,-0.03822966412,0.04813938788,-0.00113887919,-0.04757072595
121.6541604,-0.03713208457,0.04699073126,-0.0008316663319,-0.0467057537
121.7164832,-0.03602738091,0.04581344859,-0.0005473557187,-0.04578974957
121.7788061,-0.03491685346,0.0446098113,-0.000285240459,-0.04482569182
121.8411289,-0.03380180253,0.04338209078,-4.461366142e-05,-0.04381655869
121.9034517,-0.03268352841,0.04213255845,0.0001752315656,-0.04276532845
121.9657746,-0.03156333144,0.04086348573,0.0003750021134,-0.04167497935
122.0280974,-0.0304425119,0.03957714401,0.0005554048735,-0.04054848965
122.0904202,-0.02932237011,0.0382758047,0.0007171467372,-0.03938883759
122.152743,-0.02820420639,0.03696173923,0.0008609345961,-0.03819900145
122.2150659,-0.02708932103,0.03563721899,0.0009874753416,-0.03698195946
122.2773887,-0.02597901435,0.0343045154,0.001097475865,-0.0357406899
122.3397115,-0.02487458665,0.03296589987,0.001191643058,-0.034478171
122.4020344,-0.02377733825,0.03162364381,0.001270683812,-0.03319738103
122.4643572,-0.02268856946,0.03028001862,0.001335305018,-0.03190129825
122.52668,-0.02160958057,0.02893729572,0.001386213568,-0.0305929009
122.5890028,-0.02054167191,0.02759774652,0.001424116353,-0.02927516725
122.6513257,-0.01948614378,0.02626364242,0.001449720264,-0.02795107555
122.7136485,-0.01844429649,0.02493725484,0.001463732194,-0.02662360405
122.7759713,-0.01741743035,0.02362085518,0.001466859033,-0.02529573101
122.8382941,-0.01640684566,0.02231671486,0.001459807673,-0.02397043468
122.900617,-0.01541384274,0.02102710529,0.001443285005,-0.02265069332
122.9629398,-0.01443972189,0.01975429787,0.001417997922,-0.02133948519
123.0252626,-0.01348578343,0.01850056402,0.001384653313,-0.02003978854
123.0875855,-0.01255332766,0.01726817514,0.001343958071,-0.01875458162
123.1499083,-0.01164365489,0.01605940264,0.001296619087,-0.0174868427
123.2122311,-0.01075806543,0.01487651794,0.001243343253,-0.01623955002
123.2745539,-0.009897859595,0.01372179245,0.00118483746,-0.01501568184
123.3368768,-0.009064337684,0.01259749757,0.001121808599,-0.01381821642
123.3991996,-0.00825880001,0.01150590471,0.001054963562,-0.01265013201
123.4615224,-0.007482546882,0.01044928529,0.0009850092403,-0.01151440687
123.5238453,-0.006736878608,0.009429910708,0.0009126525253,-0.01041401925
123.5861681,-0.006023095498,0.008450052382,0.0008386003085,-0.009351947409
123.6484909,-0.00534249786,0.007511981718,0.0007635594812,-0.0083311696
123.7108137,-0.004696386003,0.006617970128,0.000688236935,-0.007354664079
123.7731366,-0.004086060237,0.00577028902,0.0006133395613,-0.006425409102
123.8354594,-0.003512820869,0.004971209805,0.0005395742514,-0.005546382923
123.8977822,-0.002977968209,0.004223003892,0.0004676478969,-0.004720563798
123.9601051,-0.002482802566,0.003527942691,0.0003982673891,-0.003950929983
124.0224279,-0.002028624248,0.002888297612,0.0003321396196,-0.003240459733
124.0847507,-0.001616733564,0.002306340065,0.0002699714797,-0.002592131302
124.1470735,-0.001248430824,0.001784341459,0.0002124698608,-0.002008922946
124.2093964,-0.0009250163364,0.001324573204,0.0001603416545,-0.00149381292
124.2717192,-0.0006477904095,0.0009293067101,0.0001142937522,-0.001049779481
124.334042,-0.0004180533524,0.0006008133873,7.503304523e-05,-0.0006798008816
124.3963648,-0.000237105474,0.000341364645,4.32664251e-05,-0.0003868553788
124.4586877,-0.0001062470832,0.0001532318932,1.970078322e-05,-0.0001739212274
124.5210105,-2.677848896e-05,3.86865416e-05,5.043011045e-06,-4.397668273e-05
124.5833333,0,0,-1.387778781e-17,0
