time_ns,g_eff,u_X1,u_Y1,u_X2,u_Y2
0,4.215547709e-06,0,0,0,0
0.05,4.943035054e-06,0,0,0,0
0.1,5.786800371e-06,0,0,0,0
0.15,6.763763906e-06,0,0,0,0
0.2,7.893025536e-06,0,0,0,0
0.25,9.196100412e-06,0,0,0,0
0.3,1.069717327e-05,0,0,0,0
0.35,1.242337186e-05,0,0,0,0
0.4,1.440505989e-05,0,0,0,0
0.45,1.667614952e-05,0,0,0,0
0.5,1.927443345e-05,0,0,0,0
0.55,2.224193622e-05,0,0,0,0
0.6,2.562528414e-05,0,0,0,0
0.65,2.947609294e-05,0,0,0,0
0.7,3.385137185e-05,0,0,0,0
0.75,3.881394254e-05,0,0,0,0
0.8,4.443287067e-05,0,0,0,0
0.85,5.078390765e-05,0,0,0,0
0.9,5.794993951e-05,0,0,0,0
0.95,6.602143922e-05,0,0,0,0
1,7.50969185e-05,0,0,0,0
1.05,8.528337422e-05,0,0,0,0
1.1,9.66967242e-05,0,0,0,0
1.15,0.0001094622265,0,0,0,0
1.2,0.0001237148754,0,0,0,0
1.25,0.0001395997677,0,0,0,0
1.3,0.0001572724302,0,0,0,0
1.35,0.0001768991022,0,0,0,0
1.4,0.0001986569616,0,0,0,0
1.45,0.0002227342877,0,0,0,0
1.5,0.00024933055,0,0,0,0
1.55,0.0002786564123,0,0,0,0
1.6,0.000310933644,0,0,0,0
1.65,0.000346394925,0,0,0,0
1.7,0.0003852835381,0,0,0,0
1.75,0.0004278529347,0,0,0,0
1.8,0.0004743661662,0,0,0,0
1.85,0.0005250951719,0,0,0,0
1.9,0.0005803199132,0,0,0,0
1.95,0.0006403273474,0,0,0,0
2,0.0007054102341,0,0,0,0
2.05,0.0007758657681,0,0,0,0
2.1,0.0008519940353,0,0,0,0
2.15,0.0009340962889,0,0,0,0
2.2,0.001022473045,0,0,0,0
2.25,0.001117422001,0,0,0,0
2.3,0.001219235773,0,0,0,0
2.35,0.001328199475,0,0,0,0
2.4,0.001444588126,0,0,0,0
2.45,0.001568663914,0,0,0,0
2.5,0.001700673326,0,0,0,0
2.55,0.001840844156,0,0,0,0
2.6,0.001989382416,0,0,0,0
2.65,0.002146469173,0,0,0,0
2.7,0.002312257331,0,0,0,0
2.75,0.002486868397,0,0,0,0
2.8,0.002670389246,0,0,0,0
2.85,0.002862868937,0,0,0,0
2.9,0.003064315593,0,0,0,0
2.95,0.003274693402,0,0,0,0
3,0.003493919762,0,0,0,0
3.05,0.003721862619,0,0,0,0
3.1,0.003958338027,0,0,0,0
3.15,0.00420310798,0,0,0,0
3.2,0.00445587855,0,0,0,0
3.25,0.004716298364,0,0,0,0
3.3,0.004983957464,0,0,0,0
3.35,0.005258386586,0,0,0,0
3.4,0.005539056874,0,0,0,0
3.45,0.005825380079,0,0,0,0
3.5,0.006116709246,0,0,0,0
3.55,0.006412339923,0,0,0,0
3.6,0.006711511906,0,0,0,0
3.65,0.007013411517,0,0,0,0
3.7,0.007317174433,0,0,0,0
3.75,0.007621889059,0,0,0,0
3.8,0.007926600435,0,0,0,0
3.85,0.008230314658,0,0,0,0
3.9,0.008532003808,0,0,0,0
3.95,0.008830611343,0,0,0,0
4,0.009125057921,0,0,0,0
4.05,0.009414247629,0,0,0,0
4.1,0.009697074547,0,0,0,0
4.15,0.009972429616,0,0,0,0
4.2,0.01023920773,0,0,0,0
4.25,0.01049631504,0,0,0,0
4.3,0.01074267629,0,0,0,0
4.35,0.01097724229,0,0,0,0
4.4,0.01119899729,0,0,0,0
4.45,0.01140696629,0,0,0,0
4.5,0.01160022213,0,0,0,0
4.55,0.01177789238,0,0,0,0
4.6,0.01193916589,0,0,0,0
4.65,0.01208329895,0,0,0,0
4.7,0.01220962099,0,0,0,0
4.75,0.0123175398,0,0,0,0
4.8,0.01240654613,0,0,0,0
4.85,0.01247621769,0,0,0,0
4.9,0.0125262225,0,0,0,0
4.95,0.01255632154,0,0,0,0
5,0.01256637061,0,0,0,0
5.05,0.01256637061,0,0,0,0
5.1,0.01256637061,0,0,0,0
5.15,0.01256637061,0,0,0,0
5.2,0.01256637061,0,0,0,0
5.25,0.01256637061,0,0,0,0
5.3,0.01256637061,0,0,0,0
5.35,0.01256637061,0,0,0,0
5.4,0.01256637061,0,0,0,0
5.45,0.01256637061,0,0,0,0
5.5,0.01256637061,0,0,0,0
5.55,0.01256637061,0,0,0,0
5.6,0.01256637061,0,0,0,0
5.65,0.01256637061,0,0,0,0
5.7,0.01256637061,0,0,0,0
5.75,0.01256637061,0,0,0,0
5.8,0.01256637061,0,0,0,0
5.85,0.01256637061,0,0,0,0
5.9,0.01256637061,0,0,0,0
5.95,0.01256637061,0,0,0,0
6,0.01256637061,0,0,0,0
6.05,0.01256637061,0,0,0,0
6.1,0.01256637061,0,0,0,0
6.15,0.01256637061,0,0,0,0
6.2,0.01256637061,0,0,0,0
6.25,0.01256637061,0,0,0,0
6.3,0.01256637061,0,0,0,0
6.35,0.01256637061,0,0,0,0
6.4,0.01256637061,0,0,0,0
6.45,0.01256637061,0,0,0,0
6.5,0.01256637061,0,0,0,0
6.55,0.01256637061,0,0,0,0
6.6,0.01256637061,0,0,0,0
6.65,0.01256637061,0,0,0,0
6.7,0.01256637061,0,0,0,0
6.75,0.01256637061,0,0,0,0
6.8,0.01256637061,0,0,0,0
6.85,0.01256637061,0,0,0,0
6.9,0.01256637061,0,0,0,0
6.95,0.01256637061,0,0,0,0
7,0.01256637061,0,0,0,0
7.05,0.01256637061,0,0,0,0
7.1,0.01256637061,0,0,0,0
7.15,0.01256637061,0,0,0,0
7.2,0.01256637061,0,0,0,0
7.25,0.01256637061,0,0,0,0
7.3,0.01256637061,0,0,0,0
7.35,0.01256637061,0,0,0,0
7.4,0.01256637061,0,0,0,0
7.45,0.01256637061,0,0,0,0
7.5,0.01256637061,0,0,0,0
7.55,0.01256637061,0,0,0,0
7.6,0.01256637061,0,0,0,0
7.65,0.01256637061,0,0,0,0
7.7,0.01256637061,0,0,0,0
7.75,0.01256637061,0,0,0,0
7.8,0.01256637061,0,0,0,0
7.85,0.01256637061,0,0,0,0
7.9,0.01256637061,0,0,0,0
7.95,0.01256637061,0,0,0,0
8,0.01256637061,0,0,0,0
8.05,0.01256637061,0,0,0,0
8.1,0.01256637061,0,0,0,0
8.15,0.01256637061,0,0,0,0
8.2,0.01256637061,0,0,0,0
8.25,0.01256637061,0,0,0,0
8.3,0.01256637061,0,0,0,0
8.35,0.01256637061,0,0,0,0
8.4,0.01256637061,0,0,0,0
8.45,0.01256637061,0,0,0,0
8.5,0.01256637061,0,0,0,0
8.55,0.01256637061,0,0,0,0
8.6,0.01256637061,0,0,0,0
8.65,0.01256637061,0,0,0,0
8.7,0.01256637061,0,0,0,0
8.75,0.01256637061,0,0,0,0
8.8,0.01256637061,0,0,0,0
8.85,0.01256637061,0,0,0,0
8.9,0.01256637061,0,0,0,0
8.95,0.01256637061,0,0,0,0
9,0.01256637061,0,0,0,0
9.05,0.01256637061,0,0,0,0
9.1,0.01256637061,0,0,0,0
9.15,0.01256637061,0,0,0,0
9.2,0.01256637061,0,0,0,0
9.25,0.01256637061,0,0,0,0
9.3,0.01256637061,0,0,0,0
9.35,0.01256637061,0,0,0,0
9.4,0.01256637061,0,0,0,0
9.45,0.01256637061,0,0,0,0
9.5,0.01256637061,0,0,0,0
9.55,0.01256637061,0,0,0,0
9.6,0.01256637061,0,0,0,0
9.65,0.01256637061,0,0,0,0
9.7,0.01256637061,0,0,0,0
9.75,0.01256637061,0,0,0,0
9.8,0.01256637061,0,0,0,0
9.85,0.01256637061,0,0,0,0
9.9,0.01256637061,0,0,0,0
9.95,0.01256637061,0,0,0,0
10,0.01256637061,0,0,0,0
10.05,0.01256637061,-1.852941851e-05,2.277271312e-05,-1.984288588e-05,-3.097953266e-05
10.1,0.01256637061,-7.362504197e-05,9.037723686e-05,-7.882664134e-05,-0.0001227973078
10.15,0.01256637061,-0.0001645479223,0.0002017431478,-0.0001761339131,-0.0002737720913
10.2,0.01256637061,-0.0002905591113,0.0003558000226,-0.000310947348,-0.0004822226488
10.25,0.01256637061,-0.000450919661,0.0005514774378,-0.0004824495927,-0.0007464677462
10.3,0.01256637061,-0.0006448906233,0.0007877049699,-0.0006898232939,-0.001064826149
10.35,0.01256637061,-0.00087173305,0.001063412196,-0.0009322510984,-0.001435616624
10.4,0.01256637061,-0.001130707993,0.001377528692,-0.001208915653,-0.001857157935
10.45,0.01256637061,-0.001421076504,0.001728984034,-0.001518999604,-0.00232776885
10.5,0.01256637061,-0.001742099636,0.0021167078,-0.001861685599,-0.002845768133
10.55,0.01256637061,-0.002093038439,0.002539629567,-0.002236156285,-0.003409474551
10.6,0.01256637061,-0.002473153966,0.002996678909,-0.002641594307,-0.004017206869
10.65,0.01256637061,-0.002881707269,0.003486785405,-0.003077182313,-0.004667283854
10.7,0.01256637061,-0.0033179594,0.00400887863,-0.003542102949,-0.00535802427
10.75,0.01256637061,-0.003781171411,0.004561888162,-0.004035538863,-0.006087746884
10.8,0.01256637061,-0.004270604353,0.005144743577,-0.004556672701,-0.006854770461
10.85,0.01256637061,-0.004785519278,0.005756374451,-0.005104687109,-0.007657413768
10.9,0.01256637061,-0.005325177239,0.006395710362,-0.005678764736,-0.008493995569
10.95,0.01256637061,-0.005888839287,0.007061680885,-0.006278088226,-0.009362834631
11,0.01256637061,-0.006475766474,0.007753215597,-0.006901840227,-0.01026224972
11.05,0.01256637061,-0.007085219852,0.008469244075,-0.007549203386,-0.0111905596
11.1,0.01256637061,-0.007716460473,0.009208695896,-0.00821936035,-0.01214608304
11.15,0.01256637061,-0.008368749388,0.009970500636,-0.008911493764,-0.0131271388
11.2,0.01256637061,-0.009041347651,0.01075358787,-0.009624786277,-0.01413204566
11.25,0.01256637061,-0.009733516312,0.01155688718,-0.01035842053,-0.01515912237
11.3,0.01256637061,-0.01044451642,0.01237932814,-0.01111157918,-0.0162066877
11.35,0.01256637061,-0.01117360904,0.01321984032,-0.01188344487,-0.01727306041
11.4,0.01256637061,-0.01192005521,0.0140773533,-0.01267320024,-0.01835655928
11.45,0.01256637061,-0.01268311598,0.01495079666,-0.01348002795,-0.01945550307
11.5,0.01256637061,-0.01346205241,0.01583909998,-0.01430311063,-0.02056821054
11.55,0.01256637061,-0.01425612555,0.01674119283,-0.01514163093,-0.02169300047
11.6,0.01256637061,-0.01506459646,0.01765600479,-0.01599477151,-0.02282819161
11.65,0.01256637061,-0.01588672618,0.01858246543,-0.01686171501,-0.02397210273
11.7,0.01256637061,-0.01672177576,0.01951950434,-0.01774164408,-0.02512305259
11.75,0.01256637061,-0.01756900626,0.02046605108,-0.01863374135,-0.02627935998
11.8,0.01256637061,-0.01842767873,0.02142103524,-0.01953718948,-0.02743934364
11.85,0.01256637061,-0.01929705422,0.02238338639,-0.02045117112,-0.02860132234
11.9,0.01256637061,-0.02017639379,0.02335203411,-0.02137486892,-0.02976361486
11.95,0.01256637061,-0.02106495848,0.02432590797,-0.02230746551,-0.03092453995
12,0.01256637061,-0.02196200935,0.02530393755,-0.02324814355,-0.03208241638
12.05,0.01256637061,-0.02286680744,0.02628505243,-0.02419608568,-0.03323556293
12.1,0.01256637061,-0.02377861382,0.02726818219,-0.02515047455,-0.03438229834
12.15,0.01256637061,-0.02469668953,0.02825225639,-0.0261104928,-0.0355209414
12.2,0.01256637061,-0.02562029562,0.02923620462,-0.02707532309,-0.03664981086
12.25,0.01256637061,-0.02654869316,0.03021895646,-0.02804414806,-0.03776722549
12.3,0.01256637061,-0.02748114318,0.03119944148,-0.02901615035,-0.03887150406
12.35,0.01256637061,-0.02841690674,0.03217658926,-0.02999051262,-0.03996096533
12.4,0.01256637061,-0.02935524489,0.03314932936,-0.03096641751,-0.04103392807
12.45,0.01256637061,-0.03029541868,0.03411659138,-0.03194304766,-0.04208871105
12.5,0.01256637061,-0.03123668918,0.03507730489,-0.03291958573,-0.04312363302
12.55,0.01256637061,-0.03217831742,0.03603039946,-0.03389521435,-0.04413701277
12.6,0.01256637061,-0.03311956446,0.03697480467,-0.03486911619,-0.04512716904
12.65,0.01256637061,-0.03405969135,0.0379094501,-0.03584047387,-0.04609242061
12.7,0.01256637061,-0.03499795914,0.03883326532,-0.03680847006,-0.04703108624
12.75,0.01256637061,-0.03593362889,0.03974517991,-0.0377722874,-0.0479414847
12.8,0.01256637061,-0.03686596165,0.04064412345,-0.03873110853,-0.04882193476
12.85,0.01256637061,-0.03779421847,0.04152902551,-0.03968411609,-0.04967075517
12.9,0.01256637061,-0.0387176604,0.04239881567,-0.04063049275,-0.05048626472
12.95,0.01256637061,-0.03963554849,0.04325242351,-0.04156942114,-0.05126678215
13,0.01256637061,-0.0405471438,0.0440887786,-0.04250008391,-0.05201062625
13.05,0.01256637061,-0.04145170737,0.04490681052,-0.04342166371,-0.05271611576
13.1,0.01256637061,-0.04234850026,0.04570544885,-0.04433334318,-0.05338156947
13.15,0.01256637061,-0.04323678352,0.04648362315,-0.04523430498,-0.05400530613
13.2,0.01256637061,-0.04411581821,0.04724026302,-0.04612373174,-0.05458564451
13.25,0.01256637061,-0.04498486537,0.04797429803,-0.04700080612,-0.05512090338
13.3,0.01256637061,-0.04584318606,0.04868465774,-0.04786471075,-0.0556094015
13.35,0.01256637061,-0.04669004132,0.04937027175,-0.0487146283,-0.05604945764
13.4,0.01256637061,-0.04752469222,0.05003006962,-0.0495497414,-0.05643939057
13.45,0.01256637061,-0.04834639979,0.05066298094,-0.0503692327,-0.05677751904
13.5,0.01256637061,-0.0491544251,0.05126793527,-0.05117228485,-0.05706216183
13.55,0.01256637061,-0.0499480292,0.0518438622,-0.0519580805,-0.0572916377
13.6,0.01256637061,-0.05072647314,0.0523896913,-0.05272580228,-0.05746426542
13.65,0.01256637061,-0.05148901796,0.05290435215,-0.05347463286,-0.05757836375
13.7,0.01256637061,-0.05223492473,0.05338677432,-0.05420375487,-0.05763225146
13.75,0.01256637061,-0.05296345448,0.0538358874,-0.05491235096,-0.05762424731
13.8,0.01256637061,-0.05367386829,0.05425062095,-0.05559960378,-0.05755267008
13.85,0.01256637061,-0.05436542719,0.05462990456,-0.05626469598,-0.05741583852
13.9,0.01256637061,-0.05503739224,0.0549726678,-0.05690681019,-0.0572120714
13.95,0.01256637061,-0.05568902449,0.05527784025,-0.05752512908,-0.05693968749
14,0.01256637061,-0.056319585,0.05554435149,-0.05811883528,-0.05659700556
14.05,0.01256637061,-0.05692833481,0.05577113109,-0.05868711145,-0.05618234436
14.1,0.01256637061,-0.05751453497,0.05595710862,-0.05922914022,-0.05569402267
14.15,0.01256637061,-0.05807744655,0.05610121367,-0.05974410425,-0.05513035925
14.2,0.01256637061,-0.05861633058,0.05620237581,-0.06023118619,-0.05448967287
14.25,0.01256637061,-0.05913044813,0.05625952462,-0.06068956867,-0.05377028228
14.3,0.01256637061,-0.05961906024,0.05627158967,-0.06111843435,-0.05297050627
14.35,0.01256637061,-0.06008142797,0.05623750054,-0.06151696587,-0.05208866359
14.4,0.01256637061,-0.06051681237,0.05615618681,-0.06188434588,-0.05112307301
14.45,0.01256637061,-0.06092447449,0.05602657806,-0.06221975703,-0.0500720533
14.5,0.01256637061,-0.06130367537,0.05584760386,-0.06252238196,-0.04893392321
14.55,0.01256637061,-0.06165367609,0.05561819378,-0.06279140332,-0.04770700153
14.6,0.01256637061,-0.06197373768,0.05533727741,-0.06302600375,-0.046389607
14.65,0.01256637061,-0.06226312119,0.05500378431,-0.06322536591,-0.04498005841
14.7,0.01256637061,-0.06252108769,0.05461664408,-0.06338867244,-0.04347667451
14.75,0.01256637061,-0.06274689821,0.05417478628,-0.06351510599,-0.04187777407
14.8,0.01256637061,-0.06293981382,0.05367714049,-0.0636038492,-0.04018167586
14.85,0.01256637061,-0.06309909557,0.05312263628,-0.06365408472,-0.03838669863
14.9,0.01256637061,-0.0632240045,0.05251020324,-0.0636649952,-0.03649116117
14.95,0.01256637061,-0.06331380167,0.05183877094,-0.06363576328,-0.03449338223
15,0.01256637061,-0.06336774813,0.05110726896,-0.06356557162,-0.03239168058
15.05,0.01256637061,-0.06338510494,0.05031462687,-0.06345360285,-0.03018437498
15.1,0.01256637061,-0.06336513314,0.04945977425,-0.06329903962,-0.0278697842
15.15,0.01256637061,-0.06330709378,0.04854164068,-0.06310106458,-0.02544622701
15.2,0.01256637061,-0.06321024793,0.04755915573,-0.06285886039,-0.02291202218
15.25,0.01256637061,-0.06307385662,0.04651124898,-0.06257160967,-0.02026548846
15.3,0.01256637061,-0.06289718092,0.04539685,-0.06223849509,-0.01750494462
15.35,0.01256637061,-0.06267948187,0.04421488838,-0.06185869928,-0.01462870943
15.4,0.01256637061,-0.06242002052,0.04296429369,-0.0614314049,-0.01163510166
15.45,0.01256637061,-0.06213034942,0.04166303405,-0.06096040433,-0.008567927622
15.5,0.01256637061,-0.06184992828,0.04037234747,-0.06046047199,-0.005573613814
15.55,0.01256637061,-0.06158162384,0.0390968414,-0.0599332365,-0.002662430082
15.6,0.01256637061,-0.06132524004,0.03783638099,-0.05937919842,0.0001667146858
15.65,0.01256637061,-0.06108058081,0.03659083137,-0.05879885834,0.002914911605
15.7,0.01256637061,-0.0608474501,0.0353600577,-0.05819271682,0.005583251791
15.75,0.01256637061,-0.06062565183,0.03414392512,-0.05756127444,0.008172826356
15.8,0.01256637061,-0.06041498994,0.03294229877,-0.05690503178,0.01068472642
15.85,0.01256637061,-0.06021526836,0.0317550438,-0.05622448942,0.01312004308
15.9,0.01256637061,-0.06002629103,0.03058202535,-0.05552014792,0.01547986748
15.95,0.01256637061,-0.05984786188,0.02942310856,-0.05479250786,0.0177652907
16,0.01256637061,-0.05967978486,0.02827815859,-0.05404206982,0.01997740389
16.05,0.01256637061,-0.05952186388,0.02714704056,-0.05326933437,0.02211729813
16.1,0.01256637061,-0.0593739029,0.02602961964,-0.05247480209,0.02418606456
16.15,0.01256637061,-0.05923570583,0.02492576096,-0.05165897355,0.02618479428
16.2,0.01256637061,-0.05910707662,0.02383532966,-0.05082234933,0.02811457841
16.25,0.01256637061,-0.0589878192,0.02275819089,-0.04996543,0.02997650807
16.3,0.01256637061,-0.05887773751,0.0216942098,-0.04908871614,0.03177167436
16.35,0.01256637061,-0.05877663548,0.02064325153,-0.04819270832,0.03350116841
16.4,0.01256637061,-0.05868431704,0.01960518122,-0.04727790712,0.03516608132
16.45,0.01256637061,-0.05860058614,0.01857986401,-0.04634481311,0.03676750421
16.5,0.01256637061,-0.0585252467,0.01756716506,-0.04539392687,0.0383065282
16.55,0.01256637061,-0.05845810265,0.01656694951,-0.04442574897,0.03978424439
16.6,0.01256637061,-0.05839895795,0.01557908249,-0.04344077998,0.04120174391
16.65,0.01256637061,-0.05834761651,0.01460342916,-0.0424395205,0.04256011787
16.7,0.01256637061,-0.05830388227,0.01363985466,-0.04142247107,0.04386045738
16.75,0.01256637061,-0.05826755917,0.01268822413,-0.0403901323,0.04510385356
16.8,0.01256637061,-0.05823845114,0.01174840271,-0.03934300474,0.04629139752
16.85,0.01256637061,-0.05821636212,0.01082025556,-0.03828158897,0.04742418038
16.9,0.01256637061,-0.05820109605,0.009903647809,-0.03720638557,0.04850329324
16.95,0.01256637061,-0.05819245685,0.00899844461,-0.03611789511,0.04952982723
17,0.01256637061,-0.05819024846,0.008104511104,-0.03501661817,0.05050487346
17.05,0.01256637061,-0.05819427481,0.007221712436,-0.03390305533,0.05142952304
17.1,0.01256637061,-0.05820433985,0.006349913751,-0.03277770715,0.05230486709
17.15,0.01256637061,-0.0582202475,0.005488980191,-0.03164107421,0.05313199672
17.2,0.01256637061,-0.0582418017,0.004638776902,-0.0304936571,0.05391200305
17.25,0.01256637061,-0.05826880639,0.003799169027,-0.02933595637,0.05464597718
17.3,0.01256637061,-0.05830106549,0.002970021711,-0.02816847262,0.05533501024
17.35,0.01256637061,-0.05833838295,0.002151200098,-0.0269917064,0.05598019334
17.4,0.01256637061,-0.0583805627,0.001342569332,-0.02580615831,0.0565826176
17.45,0.01256637061,-0.05842740867,0.0005439945575,-0.02461232891,0.05714337412
17.5,0.01256637061,-0.0584787248,-0.0002446590813,-0.02341071877,0.05766355402
17.55,0.01256637061,-0.05853431502,-0.00102352644,-0.02220182848,0.05814424842
17.6,0.01256637061,-0.05859398327,-0.001792742375,-0.02098615861,0.05858654843
17.65,0.01256637061,-0.05865753348,-0.002552441742,-0.01976420974,0.05899154516
17.7,0.01256637061,-0.05872476958,-0.003302759397,-0.01853648243,0.05936032974
17.75,0.01256637061,-0.05879549552,-0.004043830194,-0.01730347726,0.05969399327
17.8,0.01256637061,-0.05886951522,-0.004775788991,-0.01606569481,0.05999362686
17.85,0.01256637061,-0.05894663262,-0.005498770643,-0.01482363566,0.06026032164
17.9,0.01256637061,-0.05902665166,-0.006212910005,-0.01357780037,0.06049516872
17.95,0.01256637061,-0.05910937627,-0.006918341935,-0.01232868953,0.0606992592
18,0.01256637061,-0.05919461038,-0.007615201286,-0.01107680371,0.06087368422
18.05,0.01256637061,-0.05928215793,-0.008303622915,-0.009822643479,0.06101953487
18.1,0.01256637061,-0.05937182286,-0.008983741679,-0.008566709418,0.06113790228
18.15,0.01256637061,-0.05946340909,-0.009655692432,-0.007309502101,0.06122987755
18.2,0.01256637061,-0.05955672057,-0.01031961003,-0.006051522103,0.06129655181
18.25,0.01256637061,-0.05965156122,-0.01097562933,-0.004793269999,0.06133901616
18.3,0.01256637061,-0.05974773498,-0.01162388519,-0.003535246363,0.06135836173
18.35,0.01256637061,-0.0598450458,-0.01226451246,-0.002277951772,0.06135567962
18.4,0.01256637061,-0.05994329759,-0.012897646,-0.001021886799,0.06133206095
18.45,0.01256637061,-0.0600422943,-0.01352342066,0.0002324479794,0.06128859684
18.5,0.01256637061,-0.06014183987,-0.0141419713,0.001484551989,0.06122637839
18.55,0.01256637061,-0.06024173821,-0.01475343278,0.002733924655,0.06114649673
18.6,0.01256637061,-0.06034179328,-0.01535793995,0.003980065401,0.06105004297
18.65,0.01256637061,-0.060441809,-0.01595562767,0.005222473653,0.06093810822
18.7,0.01256637061,-0.06054158932,-0.01654663079,0.006460648837,0.06081178359
18.75,0.01256637061,-0.06064093815,-0.01713108417,0.007694090376,0.06067216021
18.8,0.01256637061,-0.06073965945,-0.01770912267,0.008922297695,0.06052032918
18.85,0.01256637061,-0.06083755714,-0.01828088114,0.01014477022,0.06035738161
18.9,0.01256637061,-0.06093443515,-0.01884649443,0.01136100738,0.06018440864
18.95,0.01256637061,-0.06103009744,-0.01940609741,0.01257050859,0.06000250136
19,0.01256637061,-0.06112434791,-0.01995982492,0.01377277328,0.05981275089
19.05,0.01256637061,-0.06121699052,-0.02050781183,0.01496730088,0.05961624835
19.1,0.01256637061,-0.0613078292,-0.02105019299,0.01615359081,0.05941408485
19.15,0.01256637061,-0.06139666788,-0.02158710325,0.01733114249,0.05920735151
19.2,0.01256637061,-0.06148331049,-0.02211867748,0.01849945536,0.05899713943
19.25,0.01256637061,-0.06156756098,-0.02264505052,0.01965802883,0.05878453974
19.3,0.01256637061,-0.06164922327,-0.02316635723,0.02080636233,0.05857064355
19.35,0.01256637061,-0.0617281013,-0.02368273248,0.02194395528,0.05835654197
19.4,0.01256637061,-0.06180399901,-0.0241943111,0.02307030712,0.05814332612
19.45,0.01256637061,-0.06187672032,-0.02470122797,0.02418491726,0.05793208711
19.5,0.01256637061,-0.06194606918,-0.02520361794,0.02528728513,0.05772391605
19.55,0.01256637061,-0.06201184952,-0.02570161585,0.02637691016,0.05751990407
19.6,0.01256637061,-0.06207386528,-0.02619535658,0.02745329177,0.05732114227
19.65,0.01256637061,-0.06213192038,-0.02668497496,0.02851592938,0.05712872176
19.7,0.01256637061,-0.06218581876,-0.02717060587,0.02956432242,0.05694373367
19.75,0.01256637061,-0.06223536436,-0.02765238415,0.03059797032,0.05676726911
19.8,0.01256637061,-0.06228036111,-0.02813044466,0.0316163725,0.05660041919
19.85,0.01256637061,-0.06232061295,-0.02860492226,0.03261902838,0.05644427503
19.9,0.01256637061,-0.06235592382,-0.02907595181,0.03360543739,0.05629992774
19.95,0.01256637061,-0.06238609763,-0.02954366815,0.03457509896,0.05616846843
20,0.01256637061,-0.06241093834,-0.03000820614,0.03552751251,0.05605098822
20.05,0.01256637061,-0.06243024987,-0.03046970064,0.03646217746,0.05594857822
20.1,0.01256637061,-0.06244383617,-0.03092828651,0.03737859324,0.05586232955
20.15,0.01256637061,-0.06245150116,-0.0313840986,0.03827625928,0.05579333333
20.2,0.01256637061,-0.06245304877,-0.03183727177,0.03915467499,0.05574268066
20.25,0.01256637061,-0.06244828296,-0.03228794087,0.04001333981,0.05571146266
20.3,0.01256637061,-0.06243700764,-0.03273624076,0.04085175317,0.05570077045
20.35,0.01256637061,-0.06241902675,-0.0331823063,0.04166941447,0.05571169513
20.4,0.01256637061,-0.06239414423,-0.03362627233,0.04246582316,0.05574532783
20.45,0.01256637061,-0.06236216402,-0.03406827372,0.04324047865,0.05580275966
20.5,0.01256637061,-0.06232289004,-0.03450844532,0.04399288036,0.05588508173
20.55,0.01256637061,-0.06227612624,-0.03494692199,0.04472252774,0.05599338516
20.6,0.01256637061,-0.06222167654,-0.03538383859,0.04542892019,0.05612876106
20.65,0.01256637061,-0.06215934488,-0.03581932996,0.04611155715,0.05629230054
20.7,0.01256637061,-0.0620889352,-0.03625353097,0.04676993804,0.05648509473
20.75,0.01256637061,-0.06201025143,-0.03668657647,0.04740356228,0.05670823473
20.8,0.01256637061,-0.0619230975,-0.03711860131,0.0480119293,0.05696281165
20.85,0.01256637061,-0.06182797936,-0.03754913758,0.04859505637,0.05724724245
20.9,0.01256637061,-0.06173386626,-0.03797049023,0.04915938978,0.05752760667
20.95,0.01256637061,-0.06164349316,-0.0383804023,0.0497071719,0.05779352566
21,0.01256637061,-0.06155679686,-0.03877902951,0.05023862743,0.05804525562
21.05,0.01256637061,-0.06147371417,-0.03916652759,0.05075398108,0.05828305274
21.1,0.01256637061,-0.06139418188,-0.03954305224,0.05125345756,0.05850717321
21.15,0.01256637061,-0.06131813679,-0.03990875917,0.05173728159,0.05871787321
21.2,0.01256637061,-0.06124551571,-0.04026380409,0.05220567786,0.05891540895
21.25,0.01256637061,-0.06117625543,-0.04060834273,0.0526588711,0.05910003661
21.3,0.01256637061,-0.06111029276,-0.0409425308,0.053097086,0.05927201239
21.35,0.01256637061,-0.0610475645,-0.041266524,0.05352054727,0.05943159247
21.4,0.01256637061,-0.06098800745,-0.04158047806,0.05392947964,0.05957903304
21.45,0.01256637061,-0.0609315584,-0.04188454867,0.0543241078,0.0597145903
21.5,0.01256637061,-0.06087815417,-0.04217889157,0.05470465646,0.05983852043
21.55,0.01256637061,-0.06082773155,-0.04246366246,0.05507135033,0.05995107963
21.6,0.01256637061,-0.06078022734,-0.04273901705,0.05542441413,0.06005252409
21.65,0.01256637061,-0.06073557834,-0.04300511106,0.05576407256,0.06014311
21.7,0.01256637061,-0.06069372136,-0.0432621002,0.05609055033,0.06022309355
21.75,0.01256637061,-0.06065459319,-0.04351014019,0.05640407214,0.06029273094
21.8,0.01256637061,-0.06061813064,-0.04374938673,0.05670486272,0.06035227834
21.85,0.01256637061,-0.06058427051,-0.04397999554,0.05699314676,0.06040199195
21.9,0.01256637061,-0.0605529496,-0.04420212234,0.05726914898,0.06044212797
21.95,0.01256637061,-0.06052410471,-0.04441592284,0.05753309409,0.06047294259
22,0.01256637061,-0.06049767263,-0.04462155274,0.05778520679,0.06049469199
22.05,0.01256637061,-0.06047359018,-0.04481916777,0.05802571179,0.06050763236
22.1,0.01256637061,-0.06045179415,-0.04500892364,0.05825483381,0.06051201991
22.15,0.01256637061,-0.06043222134,-0.04519097606,0.05847279755,0.06050811081
22.2,0.01256637061,-0.06041480856,-0.04536548074,0.05867982771,0.06049616126
22.25,0.01256637061,-0.0603994926,-0.0455325934,0.05887614902,0.06047642745
22.3,0.01256637061,-0.06038621027,-0.04569246976,0.05906198618,0.06044916557
22.35,0.01256637061,-0.06037489836,-0.04584526551,0.0592375639,0.06041463182
22.4,0.01256637061,-0.06036549369,-0.04599113639,0.05940310688,0.06037308237
22.45,0.01256637061,-0.06035793304,-0.04613023809,0.05955883984,0.06032477343
22.5,0.01256637061,-0.06035215322,-0.04626272634,0.05970498748,0.06026996118
22.55,0.01256637061,-0.06034809103,-0.04638875684,0.05984177452,0.06020890182
22.6,0.01256637061,-0.06034568328,-0.04650848532,0.05996942566,0.06014185154
22.65,0.01256637061,-0.06034486676,-0.04662206748,0.06008816561,0.06006906652
22.7,0.01256637061,-0.06034557827,-0.04672965904,0.06019821909,0.05999080296
22.75,0.01256637061,-0.06034775461,-0.0468314157,0.0602998108,0.05990731705
22.8,0.01256637061,-0.0603513326,-0.0469274932,0.06039316544,0.05981886498
22.85,0.01256637061,-0.06035624901,-0.04701804722,0.06047850774,0.05972570294
22.9,0.01256637061,-0.06036244067,-0.0471032335,0.06055606239,0.05962808713
22.95,0.01256637061,-0.06036984436,-0.04718320775,0.06062605411,0.05952627372
23,0.01256637061,-0.0603783969,-0.04725812567,0.0606887076,0.05942051892
23.05,0.01256637061,-0.06038803507,-0.04732814298,0.06074424758,0.05931107891
23.1,0.01256637061,-0.06039869569,-0.04739341539,0.06079289875,0.05919820989
23.15,0.01256637061,-0.06041031555,-0.04745409862,0.06083488583,0.05908216804
23.2,0.01256637061,-0.06042283145,-0.04751034839,0.06087043351,0.05896320956
23.25,0.01256637061,-0.0604361802,-0.04756232039,0.06089976652,0.05884159064
23.3,0.01256637061,-0.06045029859,-0.04761017035,0.06092310956,0.05871756747
23.35,0.01256637061,-0.06046512343,-0.04765405399,0.06094068734,0.05859139624
23.4,0.01256637061,-0.06048059152,-0.047694127,0.06095272457,0.05846333313
23.45,0.01256637061,-0.06049663965,-0.04773054512,0.06095944595,0.05833363435
23.5,0.01256637061,-0.06051320463,-0.04776346404,0.0609610762,0.05820255608
23.55,0.01256637061,-0.06053022327,-0.04779303949,0.06095784003,0.05807035452
23.6,0.01256637061,-0.06054763235,-0.04781942717,0.06094996214,0.05793728585
23.65,0.01256637061,-0.06056536869,-0.0478427828,0.06093766724,0.05780360626
23.7,0.01256637061,-0.06058336908,-0.0478632621,0.06092118005,0.05766957195
23.75,0.01256637061,-0.06060157032,-0.04788102078,0.06090072527,0.05753543911
23.8,0.01256637061,-0.06061990922,-0.04789621454,0.06087652761,0.05740146392
23.85,0.01256637061,-0.06063832258,-0.04790899911,0.06084881178,0.05726790259
23.9,0.01256637061,-0.06065674719,-0.04791953019,0.06081780249,0.05713501129
23.95,0.01256637061,-0.06067511986,-0.04792796351,0.06078372444,0.05700304622
24,0.01256637061,-0.06069337739,-0.04793445476,0.06074680236,0.05687226358
24.05,0.01256637061,-0.06071145657,-0.04793915968,0.06070726094,0.05674291955
24.1,0.01256637061,-0.06072929422,-0.04794223396,0.06066532489,0.05661527032
24.15,0.01256637061,-0.06074682714,-0.04794383333,0.06062121893,0.05648957208
24.2,0.01256637061,-0.06076399211,-0.04794411349,0.06057516776,0.05636608103
24.25,0.01256637061,-0.06078072595,-0.04794323017,0.0605273961,0.05624505335
24.3,0.01256637061,-0.06079696545,-0.04794133907,0.06047812864,0.05612674524
24.35,0.01256637061,-0.06081264742,-0.0479385959,0.06042759011,0.05601141289
24.4,0.01256637061,-0.06082770865,-0.04793515638,0.0603760052,0.05589931249
24.45,0.01256637061,-0.06084208595,-0.04793117623,0.06032359864,0.05579070023
24.5,0.01256637061,-0.06085571612,-0.04792681115,0.06027059512,0.0556858323
24.55,0.01256637061,-0.06086853596,-0.04792221686,0.06021721936,0.05558496488
24.6,0.01256637061,-0.06088048227,-0.04791754908,0.06016369606,0.05548835419
24.65,0.01256637061,-0.06089149186,-0.04791296351,0.06011024994,0.05539625639
24.7,0.01256637061,-0.06090150151,-0.04790861587,0.06005710571,0.05530892769
24.75,0.01256637061,-0.06091044804,-0.04790466188,0.06000448806,0.05522662427
24.8,0.01256637061,-0.06091826824,-0.04790125724,0.05995262172,0.05514960233
24.85,0.01256637061,-0.06092489892,-0.04789855767,0.05990173139,0.05507811805
24.9,0.01256637061,-0.06093027687,-0.04789671888,0.05985204178,0.05501242763
24.95,0.01256637061,-0.0609343389,-0.04789589659,0.0598037776,0.05495278726
25,0.01256637061,-0.06093702181,-0.04789624651,0.05975716356,0.05489945313
25.05,0.01256637061,-0.0609382624,-0.04789792435,0.05971242436,0.05485268143
25.1,0.01256637061,-0.06093799747,-0.04790108583,0.05966978472,0.05481272835
25.15,0.01256637061,-0.06093616382,-0.04790588666,0.05962946935,0.05477985009
25.2,0.01256637061,-0.06093269825,-0.04791248255,0.05959170295,0.05475430282
25.25,0.01256637061,-0.06092753756,-0.04792102921,0.05955671024,0.05473634275
25.3,0.01256637061,-0.06092061856,-0.04793168237,0.05952471591,0.05472622607
25.35,0.01256637061,-0.06091187804,-0.04794459773,0.05949594469,0.05472420895
25.4,0.01256637061,-0.06090125281,-0.047959931,0.05947062128,0.05473054761
25.45,0.01256637061,-0.06088867967,-0.0479778379,0.05944897039,0.05474549822
25.5,0.01256637061,-0.06087409541,-0.04799847415,0.05943121673,0.05476931699
25.55,0.01256637061,-0.06085743684,-0.04802199545,0.05941758501,0.05480226009
25.6,0.01256637061,-0.06083864077,-0.04804855752,0.05940829993,0.05484458372
25.65,0.01256637061,-0.06081764398,-0.04807831608,0.05940358621,0.05489654407
25.7,0.01256637061,-0.06079438328,-0.04811142683,0.05940366856,0.05495839733
25.75,0.01256637061,-0.06076879548,-0.04814804549,0.05940877168,0.0550303997
25.8,0.01256637061,-0.06074081737,-0.04818832777,0.05941912028,0.05511280736
25.85,0.01256637061,-0.06071038576,-0.04823242938,0.05943493907,0.0552058765
25.9,0.01256637061,-0.06067743744,-0.04828050605,0.05945645277,0.05530986332
25.95,0.01256637061,-0.06064190922,-0.04833271348,0.05948388608,0.05542502401
26,0.01256637061,-0.06060373789,-0.04838920738,0.0595174637,0.05555161475
26.05,0.01256637061,-0.06056286026,-0.04845014347,0.05955741036,0.05568989174
26.1,0.01256637061,-0.06051921314,-0.04851567747,0.05960395075,0.05584011117
26.15,0.01256637061,-0.06047273331,-0.04858596508,0.05965730959,0.05600252923
26.2,0.01256637061,-0.06042335758,-0.04866116202,0.05971771158,0.05617740211
26.25,0.01256637061,-0.06037102276,-0.048741424,0.05978538144,0.056364986
26.3,0.01256637061,-0.0603123096,-0.04882528292,0.05985543161,0.05653368637
26.35,0.01256637061,-0.06024391614,-0.04891090478,0.05992284903,0.05665228964
26.4,0.01256637061,-0.0601659551,-0.04899789648,0.05998767014,0.0567216234
26.45,0.01256637061,-0.06007853921,-0.04908586489,0.06004993139,0.05674251527
26.5,0.01256637061,-0.05998178117,-0.0491744169,0.06010966922,0.05671579284
26.55,0.01256637061,-0.05987579372,-0.0492631594,0.06016692007,0.05664228372
26.6,0.01256637061,-0.05976068956,-0.04935169927,0.0602217204,0.05652281553
26.65,0.01256637061,-0.05963658142,-0.04943964341,0.06027410664,0.05635821585
26.7,0.01256637061,-0.05950358203,-0.04952659868,0.06032411525,0.0561493123
26.75,0.01256637061,-0.05936180409,-0.04961217198,0.06037178267,0.05589693249
26.8,0.01256637061,-0.05921136033,-0.0496959702,0.06041714533,0.05560190401
26.85,0.01256637061,-0.05905236346,-0.04977760022,0.0604602397,0.05526505447
26.9,0.01256637061,-0.05888492622,-0.04985666893,0.0605011022,0.05488721149
26.95,0.01256637061,-0.05870916131,-0.04993278321,0.0605397693,0.05446920265
27,0.01256637061,-0.05852518146,-0.05000554994,0.06057627742,0.05401185557
27.05,0.01256637061,-0.05833309938,-0.05007457602,0.06061066303,0.05351599785
27.1,0.01256637061,-0.0581330278,-0.05013946832,0.06064296256,0.0529824571
27.15,0.01256637061,-0.05792507943,-0.05019983374,0.06067321245,0.05241206092
27.2,0.01256637061,-0.057709367,-0.05025527916,0.06070144916,0.05180563692
27.25,0.01256637061,-0.05748600322,-0.05030541146,0.06072770912,0.0511640127
27.3,0.01256637061,-0.05725510082,-0.05034983753,0.06075202879,0.05048801587
27.35,0.01256637061,-0.05701677251,-0.05038816426,0.0607744446,0.04977847403
27.4,0.01256637061,-0.05677113101,-0.05041999853,0.06079499301,0.04903621479
27.45,0.01256637061,-0.05651828905,-0.05044494722,0.06081371046,0.04826206575
27.5,0.01256637061,-0.05625835934,-0.05046261723,0.06083063339,0.04745685452
27.55,0.01256637061,-0.0559914546,-0.05047261544,0.06084579824,0.04662140869
27.6,0.01256637061,-0.05571768755,-0.05047454873,0.06085924147,0.04575655589
27.65,0.01256637061,-0.05543717091,-0.05046802398,0.06087099952,0.04486312371
27.7,0.01256637061,-0.0551500174,-0.0504526481,0.06088110883,0.04394193975
27.75,0.01256637061,-0.05485633975,-0.05042802795,0.06088960585,0.04299383163
27.8,0.01256637061,-0.05455625066,-0.05039377042,0.06089652702,0.04201962694
27.85,0.01256637061,-0.05424986286,-0.05034948241,0.06090190879,0.04102015329
27.9,0.01256637061,-0.05393728907,-0.0502947708,0.0609057876,0.0399962383
27.95,0.01256637061,-0.05361864201,-0.05022924246,0.0609081999,0.03894870955
28,0.01256637061,-0.0532940344,-0.0501525043,0.06090918214,0.03787839466
28.05,0.01256637061,-0.05296357895,-0.05006416318,0.06090877075,0.03678612123
28.1,0.01256637061,-0.05262738839,-0.04996382601,0.06090700219,0.03567271687
28.15,0.01256637061,-0.05228557544,-0.04985109966,0.06090391289,0.03453900918
28.2,0.01256637061,-0.05193825281,-0.04972559101,0.06089953931,0.03338582577
28.25,0.01256637061,-0.05158553323,-0.04958690697,0.06089391789,0.03221399423
28.3,0.01256637061,-0.05122752942,-0.0494346544,0.06088708507,0.03102434219
28.35,0.01256637061,-0.05086435409,-0.0492684402,0.0608790773,0.02981769724
28.4,0.01256637061,-0.05049611997,-0.04908787125,0.06086993102,0.02859488698
28.45,0.01256637061,-0.05012293977,-0.04889255444,0.06085968268,0.02735673902
28.5,0.01256637061,-0.04974492621,-0.04868209665,0.06084836872,0.02610408098
28.55,0.01256637061,-0.04936219202,-0.04845610477,0.0608360256,0.02483774044
28.6,0.01256637061,-0.04897484991,-0.04821418568,0.06082268974,0.02355854502
28.65,0.01256637061,-0.0485830126,-0.04795594627,0.06080839761,0.02226732232
28.7,0.01256637061,-0.04818679281,-0.04768099343,0.06079318564,0.02096489995
28.75,0.01256637061,-0.04778630327,-0.04738893403,0.06077709028,0.0196521055
28.8,0.01256637061,-0.04738165669,-0.04707937498,0.06076014797,0.0183297666
28.85,0.01256637061,-0.04697296579,-0.04675192314,0.06074239516,0.01699871084
28.9,0.01256637061,-0.04656034329,-0.04640618541,0.0607238683,0.01565976582
28.95,0.01256637061,-0.0461439019,-0.04604176867,0.06070460382,0.01431375915
29,0.01256637061,-0.04572375436,-0.04565827981,0.06068463818,0.01296151844
29.05,0.01256637061,-0.04530001338,-0.04525532571,0.06066400782,0.01160387129
29.1,0.01256637061,-0.04487279168,-0.04483251326,0.06064274918,0.01024164531
29.15,0.01256637061,-0.04444220197,-0.04438944935,0.06062089871,0.008875668101
29.2,0.01256637061,-0.04400835698,-0.04392574086,0.06059849285,0.007506767267
29.25,0.01256637061,-0.04357136943,-0.04344099467,0.06057556806,0.006135770413
29.3,0.01256637061,-0.04313135204,-0.04293481767,0.06055216077,0.004763505146
29.35,0.01256637061,-0.04268841752,-0.04240681675,0.06052830743,0.00339079907
29.4,0.01256637061,-0.0422426786,-0.04185659879,0.06050404448,0.00201847979
29.45,0.01256637061,-0.041794248,-0.04128377068,0.06047940837,0.0006473749114
29.5,0.01256637061,-0.04134323843,-0.0406879393,0.06045443555,-0.0007216879613
29.55,0.01256637061,-0.04088976262,-0.04006871154,0.06042916245,-0.002087881223
29.6,0.01256637061,-0.04043393328,-0.03942569428,0.06040362553,-0.003450377269
29.65,0.01256637061,-0.03997586313,-0.03875849441,0.06037786123,-0.004808348493
29.7,0.01256637061,-0.0395156649,-0.03806671882,0.060351906,-0.006160967292
29.75,0.01256637061,-0.0390534513,-0.03734997439,0.06032579627,-0.007507406059
29.8,0.01256637061,-0.03858933506,-0.036607868,0.0602995685,-0.008846837191
29.85,0.01256637061,-0.03812342888,-0.03584000655,0.06027325913,-0.01017843308
29.9,0.01256637061,-0.0376558455,-0.03504599691,0.0602469046,-0.01150136613
29.95,0.01256637061,-0.03718669763,-0.03422544598,0.06022054136,-0.01281480872
30,0.01256637061,-0.03671609799,-0.03337796063,0.06019420586,-0.01411793326
30.05,0.01256637061,-0.03624415931,-0.03250314776,0.06016793454,-0.01540991214
30.1,0.01256637061,-0.03577099429,-0.03160061425,0.06014176384,-0.01668991775
30.15,0.01256637061,-0.03529671566,-0.03066996698,0.06011573022,-0.01795712249
30.2,0.01256637061,-0.03482143614,-0.02971081284,0.0600898701,-0.01921069875
30.25,0.01256637061,-0.03434526846,-0.02872275872,0.06006421995,-0.02044981894
30.3,0.01256637061,-0.03386832532,-0.02770541149,0.0600388162,-0.02167365544
30.35,0.01256637061,-0.03339071944,-0.02665837806,0.06001369531,-0.02288138064
30.4,0.01256637061,-0.03291256356,-0.0255812653,0.05998889371,-0.02407216695
30.45,0.01256637061,-0.03243397038,-0.02447368009,0.05996444784,-0.02524518677
30.5,0.01256637061,-0.03195505263,-0.02333522933,0.05994039417,-0.02639961247
30.55,0.01256637061,-0.03147592303,-0.0221655199,0.05991676912,-0.02753461647
30.6,0.01256637061,-0.03099669429,-0.02096415868,0.05989360915,-0.02864937115
30.65,0.01256637061,-0.03051747914,-0.01973075256,0.0598709507,-0.0297430489
30.7,0.01256637061,-0.0300383903,-0.01846490843,0.05984883022,-0.03081482214
30.75,0.01256637061,-0.02955954047,-0.01716623317,0.05982728414,-0.03186386324
30.8,0.01256637061,-0.0290810424,-0.01583433366,0.05980634892,-0.03288934461
30.85,0.01256637061,-0.02860300878,-0.0144688168,0.059786061,-0.03389043863
30.9,0.01256637061,-0.02812555236,-0.01306928946,0.05976645683,-0.03486631772
30.95,0.01256637061,-0.02764878583,-0.01163535854,0.05974757285,-0.03581615425
31,0.01256637061,-0.02717282193,-0.01016663091,0.0597294455,-0.03673912062
31.05,0.01256637061,-0.02669777337,-0.008662713472,0.05971211124,-0.03763438924
31.1,0.01256637061,-0.02622375287,-0.0071232131,0.0596956065,-0.03850113249
31.15,0.01256637061,-0.02575087315,-0.005547736684,0.05967996773,-0.03933852277
31.2,0.01256637061,-0.02527924693,-0.003935891109,0.05966523137,-0.04014573247
31.25,0.01256637061,-0.02480898694,-0.002287283259,0.05965143388,-0.04092193399
31.3,0.01256637061,-0.02434020588,-0.0006015200211,0.05963861169,-0.04166629973
31.35,0.01256637061,-0.02387301649,0.00112179172,0.05962680126,-0.04237800208
31.4,0.01256637061,-0.02340753147,0.002883045078,0.05961603902,-0.04305621343
31.45,0.01256637061,-0.02294386355,0.004682633168,0.05960636142,-0.04370010619
31.5,0.01256637061,-0.02248212545,0.006520949104,0.05959780491,-0.04430885273
31.55,0.01256637061,-0.02202242989,0.008398386001,0.05959040593,-0.04488162547
31.6,0.01256637061,-0.02156488959,0.01031533697,0.05958420092,-0.04541759679
31.65,0.01256637061,-0.02110961726,0.01227219514,0.05957922634,-0.0459159391
31.7,0.01256637061,-0.0206648354,0.01424717601,0.05957520198,-0.0463805934
31.75,0.01256637061,-0.02025664968,0.01616878121,0.0595710962,-0.04682674777
31.8,0.01256637061,-0.01988642908,0.01803225314,0.05956678353,-0.04725586414
31.85,0.01256637061,-0.01955350059,0.01983838602,0.05956221608,-0.04766823298
31.9,0.01256637061,-0.0192571912,0.02158797409,0.059557346,-0.04806414476
31.95,0.01256637061,-0.01899682789,0.02328181155,0.0595521254,-0.04844388996
32,0.01256637061,-0.01877173766,0.02492069264,0.05954650641,-0.04880775906
32.05,0.01256637061,-0.01858124749,0.02650541158,0.05954044117,-0.04915604252
32.1,0.01256637061,-0.01842468436,0.02803676259,0.05953388179,-0.04948903083
32.15,0.01256637061,-0.01830137527,0.02951553991,0.05952678041,-0.04980701445
32.2,0.01256637061,-0.01821064721,0.03094253774,0.05951908915,-0.05011028387
32.25,0.01256637061,-0.01815182715,0.03231855032,0.05951076014,-0.05039912955
32.3,0.01256637061,-0.01812424209,0.03364437188,0.0595017455,-0.05067384198
32.35,0.01256637061,-0.01812721902,0.03492079663,0.05949199737,-0.05093471162
32.4,0.01256637061,-0.01816008492,0.03614861879,0.05948146787,-0.05118202895
32.45,0.01256637061,-0.01822216678,0.0373286326,0.05947010913,-0.05141608445
32.5,0.01256637061,-0.01831279159,0.03846163228,0.05945787328,-0.05163716859
32.55,0.01256637061,-0.01843128633,0.03954841205,0.05944471244,-0.05184557185
32.6,0.01256637061,-0.018576978,0.04058976614,0.05943057874,-0.05204158469
32.65,0.01256637061,-0.01874919357,0.04158648876,0.0594154243,-0.0522254976
32.7,0.01256637061,-0.01894726005,0.04253937415,0.05939920127,-0.05239760105
32.75,0.01256637061,-0.0191705044,0.04344921653,0.05938186175,-0.05255818552
32.8,0.01256637061,-0.01941825364,0.04431681012,0.05936335788,-0.05270754147
32.85,0.01256637061,-0.01968983473,0.04514294915,0.05934364179,-0.05284595939
32.9,0.01256637061,-0.01998457467,0.04592842783,0.05932266561,-0.05297372974
32.95,0.01256637061,-0.02030180044,0.04667404041,0.05930038145,-0.05309114301
33,0.01256637061,-0.02064083904,0.04738058109,0.05927674145,-0.05319848966
33.05,0.01256637061,-0.02100101745,0.0480488441,0.05925169774,-0.05329606018
33.1,0.01256637061,-0.02138166266,0.04867962368,0.05922520244,-0.05338414503
33.15,0.01256637061,-0.02178210165,0.04927371403,0.05919720768,-0.0534630347
33.2,0.01256637061,-0.02220166141,0.04983190939,0.05916766559,-0.05353301965
33.25,0.01256637061,-0.02263966894,0.05035500398,0.0591365283,-0.05359439037
33.3,0.01256637061,-0.02309545121,0.05084379202,0.05910374792,-0.05364743731
33.35,0.01256637061,-0.02356833521,0.05129906775,0.0590692766,-0.05369245097
33.4,0.01256637061,-0.02405764794,0.05172162537,0.05903306645,-0.05372972182
33.45,0.01256637061,-0.02456271638,0.05211225912,0.0589950696,-0.05375954032
33.5,0.01256637061,-0.02508286752,0.05247176322,0.05895523819,-0.05378219696
33.55,0.01256637061,-0.02561742835,0.0528009319,0.05891352433,-0.05379798221
33.6,0.01256637061,-0.02616572584,0.05310055937,0.05886988016,-0.05380718654
33.65,0.01256637061,-0.026727087,0.05337143987,0.0588242578,-0.05381010043
33.7,0.01256637061,-0.0273008388,0.05361436762,0.05877660938,-0.05380701436
33.75,0.01256637061,-0.02788630824,0.05383013684,0.05872688703,-0.05379821879
33.8,0.01256637061,-0.0284828223,0.05401954175,0.05867504288,-0.0537840042
33.85,0.01256637061,-0.02908970798,0.05418337658,0.05862102904,-0.05376466107
33.9,0.01256637061,-0.02970629225,0.05432243556,0.05856479766,-0.05374047988
33.95,0.01256637061,-0.0303319021,0.0544375129,0.05850630085,-0.05371175109
34,0.01256637061,-0.03096586453,0.05452940284,0.05844549074,-0.05367876518
34.05,0.01256637061,-0.03160750652,0.0545988996,0.05838231947,-0.05364181263
34.1,0.01256637061,-0.03225615505,0.05464679739,0.05831673915,-0.05360118391
34.15,0.01256637061,-0.03291113712,0.05467389045,0.05824870192,-0.05355716949
34.2,0.01256637061,-0.03357177972,0.054680973,0.0581781599,-0.05351005986
34.25,0.01256637061,-0.03423740982,0.05466883926,0.05810506522,-0.05346014548
34.3,0.01256637061,-0.03490735442,0.05463828346,0.05802937,-0.05340771683
34.35,0.01256637061,-0.03558094051,0.05459009982,0.05795102639,-0.05335306438
34.4,0.01256637061,-0.03625749507,0.05452508256,0.05786998649,-0.05329647862
34.45,0.01256637061,-0.03693634509,0.05444402592,0.05778620244,-0.05323825
34.5,0.01256637061,-0.03761681756,0.0543477241,0.05769962637,-0.05317866902
34.55,0.01256637061,-0.03829823946,0.05423697135,0.0576102104,-0.05311802613
34.6,0.01256637061,-0.03897993779,0.05411256188,0.05751790666,-0.05305661183
34.65,0.01256637061,-0.03966123952,0.05397528992,0.05742266728,-0.05299471658
34.7,0.01256637061,-0.04034147166,0.05382594968,0.05732444439,-0.05293263085
34.75,0.01256637061,-0.04101996117,0.0536653354,0.0572231901,-0.05287064513
34.8,0.01256637061,-0.04169603506,0.0534942413,0.05711885656,-0.05280904989
34.85,0.01256637061,-0.04236902032,0.0533134616,0.05701139588,-0.05274813559
34.9,0.01256637061,-0.04303824392,0.05312379053,0.0569007602,-0.05268819272
34.95,0.01256637061,-0.04370303285,0.05292602231,0.05678690164,-0.05262951175
35,0.01256637061,-0.04436271411,0.05272095117,0.05666977233,-0.05257238316
35.05,0.01256637061,-0.04501661467,0.05250937133,0.05654932439,-0.05251709742
35.1,0.01256637061,-0.04566406154,0.052292077,0.05642550996,-0.052463945
35.15,0.01256637061,-0.04630438169,0.05206986243,0.05629828116,-0.05241321638
35.2,0.01256637061,-0.04693690211,0.05184352183,0.05616759011,-0.05236520204
35.25,0.01256637061,-0.04756094979,0.05161384943,0.05603338895,-0.05232019244
35.3,0.01256637061,-0.04817585173,0.05138163944,0.0558956298,-0.05227847807
35.35,0.01256637061,-0.04878093489,0.05114768611,0.05575426479,-0.0522403494
35.4,0.01256637061,-0.04937552628,0.05091278363,0.05560924605,-0.05220609689
35.45,0.01256637061,-0.04995895288,0.05067772626,0.0554605257,-0.05217601104
35.5,0.01256637061,-0.05053054167,0.0504433082,0.05530805587,-0.05215038231
35.55,0.01256637061,-0.05108961966,0.05021032368,0.0551517887,-0.05212950118
35.6,0.01256637061,-0.05163551381,0.04997956692,0.05499167629,-0.05211365811
35.65,0.01256637061,-0.05216755112,0.04975183216,0.05482767079,-0.0521031436
35.7,0.01256637061,-0.05268505859,0.04952791361,0.05465972432,-0.0520982481
35.75,0.01256637061,-0.05318736318,0.0493086055,0.05448778901,-0.0520992621
35.8,0.01256637061,-0.0536737919,0.04909470204,0.05431181698,-0.05210647607
35.85,0.01256637061,-0.05414367173,0.04888699748,0.05413176037,-0.05212018049
35.9,0.01256637061,-0.05459632966,0.04868628603,0.05394757129,-0.05214066582
35.95,0.01256637061,-0.05503109267,0.04849336191,0.05375920188,-0.05216822255
36,0.01256637061,-0.05544728776,0.04830901934,0.05356660427,-0.05220314115
36.05,0.01256637061,-0.0558442419,0.04813405257,0.05336973057,-0.0522457121
36.1,0.01256637061,-0.0562212821,0.04796925579,0.05316853292,-0.05229622586
36.15,0.01256637061,-0.05657773533,0.04781542325,0.05296296345,-0.05235497292
36.2,0.01256637061,-0.05691292858,0.04767334917,0.05275297428,-0.05242224374
36.25,0.01256637061,-0.05722618884,0.04754382776,0.05253851754,-0.05249832881
36.3,0.01256637061,-0.0575168431,0.04742765326,0.05231954536,-0.05258351859
36.35,0.01256637061,-0.05778421834,0.04732561989,0.05209600987,-0.05267810356
36.4,0.01256637061,-0.05802764156,0.04723852186,0.05186786318,-0.05278237421
36.45,0.01256637061,-0.05824643973,0.04716715342,0.05163505744,-0.05289662099
36.5,0.01256637061,-0.05843993986,0.04711230877,0.05139754476,-0.05302113439
36.55,0.01256637061,-0.05860746892,0.04707478215,0.05115527727,-0.05315620488
36.6,0.01256637061,-0.0587483539,0.04705536778,0.05090820711,-0.05330212294
36.65,0.01256637061,-0.05886192179,0.04705485988,0.05065628639,-0.05345917903
36.7,0.01256637061,-0.05894749958,0.04707405267,0.05039946725,-0.05362766365
36.75,0.01256637061,-0.05900441425,0.04711374039,0.05013770181,-0.05380786725
36.8,0.01256637061,-0.0590319928,0.04717471725,0.0498709422,-0.05400008031
36.85,0.01256637061,-0.05902956221,0.04725777748,0.04959914055,-0.05420459332
36.9,0.01256637061,-0.05899644946,0.04736371531,0.04932224898,-0.05442169673
36.95,0.01256637061,-0.05893198156,0.04749332495,0.04904021962,-0.05465168104
37,0.01256637061,-0.05883548547,0.04764740064,0.0487530046,-0.05489483671
37.05,0.01256637061,-0.05870628819,0.04782673659,0.04846055605,-0.05515145422
37.1,0.01256637061,-0.05854602043,0.04802841273,0.04816068525,-0.05541865735
37.15,0.01256637061,-0.05838411882,0.04820489785,0.04782581574,-0.05565566604
37.2,0.01256637061,-0.05822962926,0.0483420053,0.04744828118,-0.05585040543
37.25,0.01256637061,-0.05808242311,0.04844039576,0.0470290542,-0.0560034915
37.3,0.01256637061,-0.05794237171,0.04850072989,0.04656910743,-0.05611554025
37.35,0.01256637061,-0.05780934641,0.04852366836,0.04606941351,-0.05618716767
37.4,0.01256637061,-0.05768321856,0.04850987183,0.04553094505,-0.05621898976
37.45,0.01256637061,-0.05756385952,0.04846000097,0.0449546747,-0.05621162252
37.5,0.01256637061,-0.05745114062,0.04837471645,0.04434157508,-0.05616568194
37.55,0.01256637061,-0.05734493323,0.04825467893,0.04369261882,-0.05608178402
37.6,0.01256637061,-0.05724510869,0.04810054908,0.04300877855,-0.05596054475
37.65,0.01256637061,-0.05715153835,0.04791298756,0.0422910269,-0.05580258013
37.7,0.01256637061,-0.05706409355,0.04769265505,0.04154033651,-0.05560850615
37.75,0.01256637061,-0.05698264566,0.0474402122,0.04075767999,-0.05537893882
37.8,0.01256637061,-0.05690706602,0.04715631969,0.03994402998,-0.05511449411
37.85,0.01256637061,-0.05683722597,0.04684163817,0.03910035911,-0.05481578804
37.9,0.01256637061,-0.05677299687,0.04649682832,0.03822764001,-0.05448343659
37.95,0.01256637061,-0.05671425007,0.04612255081,0.03732684531,-0.05411805577
38,0.01256637061,-0.05666085692,0.04571946629,0.03639894764,-0.05372026156
38.05,0.01256637061,-0.05661268876,0.04528823543,0.03544491963,-0.05329066997
38.1,0.01256637061,-0.05656961695,0.04482951891,0.03446573391,-0.05282989698
38.15,0.01256637061,-0.05653151284,0.04434397738,0.03346236311,-0.0523385586
38.2,0.01256637061,-0.05649824777,0.04383227151,0.03243577985,-0.05181727081
38.25,0.01256637061,-0.0564696931,0.04329506198,0.03138695678,-0.05126664962
38.3,0.01256637061,-0.05644572017,0.04273300943,0.03031686651,-0.05068731103
38.35,0.01256637061,-0.05642620034,0.04214677455,0.02922648168,-0.05007987101
38.4,0.01256637061,-0.05641100495,0.041537018,0.02811677492,-0.04944494558
38.45,0.01256637061,-0.05640000535,0.04090440044,0.02698871885,-0.04878315073
38.5,0.01256637061,-0.0563930729,0.04024958254,0.02584328611,-0.04809510245
38.55,0.01256637061,-0.05639007894,0.03957322497,0.02468144933,-0.04738141674
38.6,0.01256637061,-0.05639089482,0.03887598839,0.02350418114,-0.04664270959
38.65,0.01256637061,-0.0563953919,0.03815853347,0.02231245416,-0.045879597
38.7,0.01256637061,-0.05640344152,0.03742152087,0.02110724103,-0.04509269497
38.75,0.01256637061,-0.05641491502,0.03666561126,0.01988951437,-0.04428261948
38.8,0.01256637061,-0.05642968377,0.03589146531,0.01866024682,-0.04344998655
38.85,0.01256637061,-0.05644761911,0.03509974368,0.01742041101,-0.04259541215
38.9,0.01256637061,-0.05646859239,0.03429110705,0.01617097957,-0.0417195123
38.95,0.01256637061,-0.05649247496,0.03346621606,0.01491292511,-0.04082290297
39,0.01256637061,-0.05651913817,0.0326257314,0.01364722029,-0.03990620017
39.05,0.01256637061,-0.05654845337,0.03177031373,0.01237483772,-0.0389700199
39.1,0.01256637061,-0.05658029191,0.03090062371,0.01109675003,-0.03801497815
39.15,0.01256637061,-0.05661452514,0.03001732201,0.009813929859,-0.03704169091
39.2,0.01256637061,-0.0566510244,0.0291210693,0.008527349832,-0.03605077418
39.25,0.01256637061,-0.05668966105,0.02821252624,0.00723798258,-0.03504284396
39.3,0.01256637061,-0.05673030644,0.0272923535,0.005946800732,-0.03401851624
39.35,0.01256637061,-0.05677283191,0.02636121174,0.004654776917,-0.03297840702
39.4,0.01256637061,-0.05681710882,0.02541976164,0.003362883767,-0.03192313229
39.45,0.01256637061,-0.05686300852,0.02446866385,0.00207209391,-0.03085330805
39.5,0.01256637061,-0.05691040235,0.02350857904,0.0007833799762,-0.0297695503
39.55,0.01256637061,-0.05695916167,0.02254016789,-0.0005022854043,-0.02867247502
39.6,0.01256637061,-0.05700915782,0.02156409105,-0.001783929602,-0.02756269822
39.65,0.01256637061,-0.05706026215,0.02058100919,-0.003060579986,-0.02644083589
39.7,0.01256637061,-0.05711234602,0.01959158298,-0.004331263928,-0.02530750402
39.75,0.01256637061,-0.05716528077,0.01859647309,-0.005595008798,-0.02416331862
39.8,0.01256637061,-0.05721893776,0.01759634018,-0.006850841966,-0.02300889568
39.85,0.01256637061,-0.05727318833,0.01659184491,-0.008097790801,-0.02184485118
39.9,0.01256637061,-0.05732790383,0.01558364795,-0.009334882675,-0.02067180114
39.95,0.01256637061,-0.05738295561,0.01457240998,-0.01056114496,-0.01949036154
40,0.01256637061,-0.05743821503,0.01355879165,-0.01177560502,-0.01830114838
40.05,0.01256637061,-0.05749355342,0.01254345363,-0.01297729023,-0.01710477766
40.1,0.01256637061,-0.05754884215,0.01152705659,-0.01416522796,-0.01590186536
40.15,0.01256637061,-0.05760395256,0.01051026119,-0.01533844557,-0.0146930275
40.2,0.01256637061,-0.05765875599,0.009493728105,-0.01649597045,-0.01347888005
40.25,0.01256637061,-0.05771312381,0.008478117994,-0.01763682996,-0.01226003902
40.3,0.01256637061,-0.05776692735,0.007464091525,-0.01876005146,-0.01103712041
40.35,0.01256637061,-0.05782003798,0.006452309365,-0.01986466234,-0.009810740202
40.4,0.01256637061,-0.05787232703,0.005443432179,-0.02094968995,-0.0085815144
40.45,0.01256637061,-0.05792366586,0.004438120634,-0.02201416168,-0.007350058998
40.5,0.01256637061,-0.05797392582,0.003437035397,-0.02305710489,-0.006116989991
40.55,0.01256637061,-0.05802297825,0.002440837132,-0.02407754695,-0.004882923375
40.6,0.01256637061,-0.05807069451,0.001450186507,-0.02507451522,-0.003648475146
40.65,0.01256637061,-0.05811694595,0.0004657441876,-0.02604703709,-0.002414261298
40.7,0.01256637061,-0.05816160392,-0.0005118291602,-0.02699413993,-0.001180897829
40.75,0.01256637061,-0.05820453975,-0.00148187287,-0.02791485109,5.099926803e-05
40.8,0.01256637061,-0.05824562482,-0.002443726276,-0.02880819795,0.001280813996
40.85,0.01256637061,-0.05828473046,-0.003396728711,-0.02967320789,0.00250793036
40.9,0.01256637061,-0.05832172802,-0.00434021951,-0.03050890827,0.003731732363
40.95,0.01256637061,-0.05835648886,-0.005273538006,-0.03131432646,0.004951604012
41,0.01256637061,-0.05838888432,-0.006196023533,-0.03208848983,0.006166929309
41.05,0.01256637061,-0.05841878576,-0.007107015425,-0.03283042576,0.00737709226
41.1,0.01256637061,-0.05844606451,-0.008005853016,-0.03353916161,0.008581476869
41.15,0.01256637061,-0.05847059194,-0.00889187564,-0.03421372475,0.00977946714
41.2,0.01256637061,-0.0584922394,-0.00976442263,-0.03485314255,0.01097044708
41.25,0.01256637061,-0.05851087822,-0.01062283332,-0.03545644239,0.01215380069
41.3,0.01256637061,-0.05852637976,-0.01146644705,-0.03602265163,0.01332891197
41.35,0.01256637061,-0.05853861538,-0.01229460314,-0.03655079765,0.01449516494
41.4,0.01256637061,-0.05854745642,-0.01310664093,-0.03703990781,0.01565194359
41.45,0.01256637061,-0.05855277422,-0.01390189976,-0.03748900948,0.01679863192
41.5,0.01256637061,-0.05855444015,-0.01467971896,-0.03789713004,0.01793461396
41.55,0.01256637061,-0.05855232554,-0.01543943786,-0.03826329686,0.01905927369
41.6,0.01256637061,-0.05854630176,-0.0161803958,-0.03858653729,0.02017199512
41.65,0.01256637061,-0.05853624014,-0.01690193211,-0.03886587873,0.02127216226
41.7,0.01256637061,-0.05852201204,-0.01760338613,-0.03910034853,0.02235915911
41.75,0.01256637061,-0.05850348881,-0.01828409718,-0.03928897406,0.02343236967
41.8,0.01256637061,-0.05848054179,-0.0189434046,-0.0394307827,0.02449117796
41.85,0.01256637061,-0.05845304235,-0.01958064773,-0.03952480181,0.02553496797
41.9,0.01256637061,-0.05842086181,-0.02019516591,-0.03957005878,0.02656312371
41.95,0.01256637061,-0.05838387155,-0.02078629845,-0.03956558095,0.02757502918
42,0.01256637061,-0.0583419429,-0.0213533847,-0.03951039572,0.02857006839
42.05,0.01256637061,-0.05829494722,-0.021895764,-0.03940353044,0.02954762534
42.1,0.01256637061,-0.05824275585,-0.02241277567,-0.03924401248,0.03050708404
42.15,0.01256637061,-0.05818524014,-0.02290375904,-0.03903086923,0.03144782849
42.2,0.01256637061,-0.05812227145,-0.02336805346,-0.03876312804,0.03236924269
42.25,0.01256637061,-0.05805372113,-0.02380499826,-0.03843981629,0.03327071066
42.3,0.01256637061,-0.05797946051,-0.02421393277,-0.03805996134,0.03415161639
42.35,0.01256637061,-0.05789936096,-0.02459419632,-0.03762259058,0.03501134389
42.4,0.01256637061,-0.05781329382,-0.02494512825,-0.03712673136,0.03584927716
42.45,0.01256637061,-0.05772113045,-0.02526606789,-0.03657141106,0.03666480021
42.5,0.01256637061,-0.05762274219,-0.02555635458,-0.03595565705,0.03745729704
42.55,0.01256637061,-0.05752268393,-0.02583109393,-0.03532137185,0.03822719416
42.6,0.01256637061,-0.05742556988,-0.02610571536,-0.03471081948,0.03897551871
42.65,0.01256637061,-0.05733136032,-0.02638004388,-0.03412356954,0.03970255566
42.7,0.01256637061,-0.05724001554,-0.02665390452,-0.03355919163,0.04040858997
42.75,0.01256637061,-0.05715149583,-0.0269271223,-0.03301725537,0.04109390661
42.8,0.01256637061,-0.05706576148,-0.02719952223,-0.03249733035,0.04175879054
42.85,0.01256637061,-0.05698277277,-0.02747092935,-0.03199898619,0.04240352671
42.9,0.01256637061,-0.05690249,-0.02774116866,-0.03152179249,0.04302840011
42.95,0.01256637061,-0.05682487344,-0.0280100652,-0.03106531885,0.04363369568
43,0.01256637061,-0.0567498834,-0.02827744398,-0.03062913488,0.04421969839
43.05,0.01256637061,-0.05667748016,-0.02854313002,-0.03021281018,0.04478669322
43.1,0.01256637061,-0.05660762401,-0.02880694835,-0.02981591436,0.04533496511
43.15,0.01256637061,-0.05654027523,-0.02906872398,-0.02943801702,0.04586479903
43.2,0.01256637061,-0.05647539412,-0.02932828193,-0.02907868778,0.04637647996
43.25,0.01256637061,-0.05641294096,-0.02958544724,-0.02873749623,0.04687029284
43.3,0.01256637061,-0.05635287604,-0.02984004491,-0.02841401198,0.04734652265
43.35,0.01256637061,-0.05629515966,-0.03009189998,-0.02810780463,0.04780545435
43.4,0.01256637061,-0.05623975209,-0.03034083745,-0.0278184438,0.0482473729
43.45,0.01256637061,-0.05618661364,-0.03058668235,-0.02754549908,0.04867256327
43.5,0.01256637061,-0.05613570457,-0.03082925971,-0.02728854008,0.04908131042
43.55,0.01256637061,-0.0560869852,-0.03106839454,-0.02704713641,0.04947389931
43.6,0.01256637061,-0.0560404158,-0.03130391186,-0.02682085767,0.0498506149
43.65,0.01256637061,-0.05599595665,-0.0315356367,-0.02660927346,0.05021174217
43.7,0.01256637061,-0.05595356806,-0.03176339408,-0.0264119534,0.05055756607
43.75,0.01256637061,-0.05591321031,-0.03198700901,-0.02622846709,0.05088837157
43.8,0.01256637061,-0.05587484369,-0.03220630652,-0.02605838413,0.05120444363
43.85,0.01256637061,-0.05583842848,-0.03242111163,-0.02590127413,0.05150606721
43.9,0.01256637061,-0.05580392498,-0.03263124936,-0.02575670669,0.05179352729
43.95,0.01256637061,-0.05577129347,-0.03283654473,-0.02562425141,0.05206710881
44,0.01256637061,-0.05574049424,-0.03303682276,-0.02550347792,0.05232709675
44.05,0.01256637061,-0.05571148759,-0.03323190848,-0.0253939558,0.05257377608
44.1,0.01256637061,-0.05568423379,-0.0334216269,-0.02529525466,0.05280743174
44.15,0.01256637061,-0.05565869314,-0.03360580304,-0.02520694412,0.05302834871
44.2,0.01256637061,-0.05563482592,-0.03378426193,-0.02512859377,0.05323681196
44.25,0.01256637061,-0.05561259243,-0.03395682859,-0.02505977322,0.05343310643
44.3,0.01256637061,-0.05559195296,-0.03412332804,-0.02500005207,0.05361751711
44.35,0.01256637061,-0.05557286778,-0.03428358529,-0.02494899994,0.05379032894
44.4,0.01256637061,-0.0555552972,-0.03443742538,-0.02490618642,0.05395182691
44.45,0.01256637061,-0.05553920149,-0.03458467331,-0.02487118112,0.05410229596
44.5,0.01256637061,-0.05552454095,-0.03472515412,-0.02484355365,0.05424202106
44.55,0.01256637061,-0.05551127587,-0.03485869282,-0.02482287361,0.05437128718
44.6,0.01256637061,-0.05549936653,-0.03498511443,-0.0248087106,0.05449037928
44.65,0.01256637061,-0.05548877322,-0.03510424398,-0.02480063424,0.05459958232
44.7,0.01256637061,-0.05547945624,-0.03521590649,-0.02479821413,0.05469918127
44.75,0.01256637061,-0.05547137586,-0.03531992697,-0.02480101986,0.05478946109
44.8,0.01256637061,-0.05546449239,-0.03541613045,-0.02480862106,0.05487070675
44.85,0.01256637061,-0.0554587661,-0.03550434194,-0.02482058732,0.0549432032
44.9,0.01256637061,-0.05545415728,-0.03558438648,-0.02483648825,0.05500723541
44.95,0.01256637061,-0.05545062623,-0.03565608908,-0.02485589345,0.05506308835
45,0.01256637061,-0.05544813324,-0.03571927476,-0.02487837253,0.05511104698
45.05,0.01256637061,-0.05544663858,-0.03577376854,-0.02490349509,0.05515139626
45.1,0.01256637061,-0.05544610255,-0.03581939545,-0.02493083075,0.05518442116
45.15,0.01256637061,-0.05544648545,-0.0358559805,-0.02495994909,0.05521040664
45.2,0.01256637061,-0.05544774754,-0.03588334872,-0.02499041974,0.05522963766
45.25,0.01256637061,-0.05544984914,-0.03590132512,-0.02502181229,0.05524239919
45.3,0.01256637061,-0.05545275052,-0.03590973473,-0.02505369636,0.05524897619
45.35,0.01256637061,-0.05545641197,-0.03590840257,-0.02508564154,0.05524965363
45.4,0.01256637061,-0.05546079378,-0.03589715366,-0.02511721744,0.05524471646
45.45,0.01256637061,-0.05546585624,-0.03587581302,-0.02514799366,0.05523444965
45.5,0.01256637061,-0.05547155964,-0.03584420568,-0.02517753982,0.05521913817
45.55,0.01256637061,-0.05547786427,-0.03580215664,-0.02520542551,0.05519906698
45.6,0.01256637061,-0.05548473041,-0.03574949094,-0.02523122035,0.05517452104
45.65,0.01256637061,-0.05549211835,-0.03568603359,-0.02525449393,0.05514578532
45.7,0.01256637061,-0.05549998839,-0.03561160962,-0.02527481587,0.05511314478
45.75,0.01256637061,-0.05550830081,-0.03552604404,-0.02529175576,0.05507688438
45.8,0.01256637061,-0.05551701589,-0.03542916188,-0.02530488322,0.05503728909
45.85,0.01256637061,-0.05552609394,-0.03532078816,-0.02531376784,0.05499464388
45.9,0.01256637061,-0.05553549523,-0.0352007479,-0.02531797924,0.05494923369
45.95,0.01256637061,-0.05554518005,-0.03506886612,-0.02531708702,0.05490134351
46,0.01256637061,-0.0555551087,-0.03492496784,-0.02531066078,0.05485125828
46.05,0.01256637061,-0.05556524146,-0.03476887809,-0.02529827013,0.05479926298
46.1,0.01256637061,-0.05557553863,-0.03460042187,-0.02527948467,0.05474564257
46.15,0.01256637061,-0.05558596048,-0.03441942422,-0.02525387402,0.05469068202
46.2,0.01256637061,-0.05559646731,-0.03422571016,-0.02522100777,0.05463466628
46.25,0.01256637061,-0.0556070194,-0.0340191047,-0.02518045553,0.05457788032
46.3,0.01256637061,-0.05561757705,-0.03379943287,-0.0251317869,0.05452060911
46.35,0.01256637061,-0.05562810054,-0.03356651969,-0.0250745715,0.0544631376
46.4,0.01256637061,-0.05563855017,-0.03332019018,-0.02500837892,0.05440575076
46.45,0.01256637061,-0.05564888621,-0.03306026936,-0.02493277878,0.05434873356
46.5,0.01256637061,-0.05565906897,-0.03278658225,-0.02484734067,0.05429237096
46.55,0.01256637061,-0.05566905872,-0.03249895387,-0.0247516342,0.05423694792
46.6,0.01256637061,-0.05567881575,-0.03219720924,-0.02464522898,0.0541827494
46.65,0.01256637061,-0.05568830037,-0.03188117339,-0.02452769461,0.05413006038
46.7,0.01256637061,-0.05569747284,-0.03155067134,-0.0243986007,0.05407916581
46.75,0.01256637061,-0.05570629347,-0.0312055281,-0.02425751685,0.05403035065
46.8,0.01256637061,-0.05571472253,-0.03084556869,-0.02410401267,0.05398389988
46.85,0.01256637061,-0.05572272033,-0.03047061815,-0.02393765776,0.05394009845
46.9,0.01256637061,-0.05573024714,-0.03008050148,-0.02375802174,0.05389923132
46.95,0.01256637061,-0.05573726326,-0.02967504372,-0.02356467419,0.05386158347
47,0.01256637061,-0.05574372897,-0.02925406987,-0.02335718474,0.05382743986
47.05,0.01256637061,-0.05574960457,-0.02881740497,-0.02313512298,0.05379708544
47.1,0.01256637061,-0.05575485033,-0.02836487403,-0.02289805852,0.05377080518
47.15,0.01256637061,-0.05575942656,-0.02789630208,-0.02264556096,0.05374888405
47.2,0.01256637061,-0.05576329353,-0.02741151413,-0.02237719992,0.05373160701
47.25,0.01256637061,-0.05576641154,-0.0269103352,-0.02209254499,0.05371925903
47.3,0.01256637061,-0.05576874088,-0.02639259032,-0.02179116578,0.05371212506
47.35,0.01256637061,-0.05577024183,-0.02585810451,-0.02147263189,0.05371049007
47.4,0.01256637061,-0.05577087469,-0.02530670279,-0.02113651294,0.05371463902
47.45,0.01256637061,-0.05577059973,-0.02473821018,-0.02078237853,0.05372485689
47.5,0.01256637061,-0.05576937726,-0.0241524517,-0.02040979825,0.05374142862
47.55,0.01256637061,-0.05576716755,-0.02354925237,-0.02001834173,0.05376463919
47.6,0.01256637061,-0.0557639309,-0.02292843722,-0.01960757855,0.05379477356
47.65,0.01256637061,-0.05575962759,-0.02228983126,-0.01917707834,0.05383211669
47.7,0.01256637061,-0.05575421792,-0.02163325951,-0.01872641068,0.05387695355
47.75,0.01256637061,-0.05574766217,-0.020958547,-0.0182551452,0.0539295691
47.8,0.01256637061,-0.05573992064,-0.02026551875,-0.01776285148,0.0539902483
47.85,0.01256637061,-0.0557309536,-0.01955399977,-0.01724909915,0.05405927611
47.9,0.01256637061,-0.05572072135,-0.01882381509,-0.0167134578,0.05413693751
47.95,0.01256637061,-0.05570985357,-0.01807851003,-0.01616471022,0.05422081471
48,0.01256637061,-0.05570049052,-0.0173301559,-0.01563243829,0.05430229552
48.05,0.01256637061,-0.05569276919,-0.01657983714,-0.01511866214,0.05438074918
48.1,0.01256637061,-0.0556866594,-0.01582771431,-0.01462310138,0.05445621606
48.15,0.01256637061,-0.05568213096,-0.01507394799,-0.01414547564,0.05452873655
48.2,0.01256637061,-0.05567915369,-0.01431869874,-0.01368550451,0.05459835103
48.25,0.01256637061,-0.05567769742,-0.01356212713,-0.01324290762,0.0546650999
48.3,0.01256637061,-0.05567773196,-0.01280439373,-0.01281740457,0.05472902353
48.35,0.01256637061,-0.05567922712,-0.01204565911,-0.01240871498,0.0547901623
48.4,0.01256637061,-0.05568215274,-0.01128608384,-0.01201655846,0.05484855661
48.45,0.01256637061,-0.05568647862,-0.01052582849,-0.01164065463,0.05490424683
48.5,0.01256637061,-0.05569217458,-0.009765053627,-0.0112807231,0.05495727335
48.55,0.01256637061,-0.05569921045,-0.009003919821,-0.01093648347,0.05500767656
48.6,0.01256637061,-0.05570755604,-0.008242587642,-0.01060765537,0.05505549684
48.65,0.01256637061,-0.05571718117,-0.007481217658,-0.01029395841,0.05510077457
48.7,0.01256637061,-0.05572805566,-0.006719970439,-0.009995112199,0.05514355013
48.75,0.01256637061,-0.05574014933,-0.005959006554,-0.009710836348,0.05518386392
48.8,0.01256637061,-0.055753432,-0.005198486572,-0.009440850474,0.05522175632
48.85,0.01256637061,-0.05576787348,-0.004438571062,-0.009184874187,0.05525726771
48.9,0.01256637061,-0.05578344359,-0.003679420593,-0.008942627102,0.05529043847
48.95,0.01256637061,-0.05580011216,-0.002921195735,-0.008713828832,0.05532130899
49,0.01256637061,-0.05581784899,-0.002164057057,-0.008498198989,0.05534991965
49.05,0.01256637061,-0.05583662392,-0.001408165128,-0.008295457186,0.05537631084
49.1,0.01256637061,-0.05585640675,-0.0006536805176,-0.008105323036,0.05540052295
49.15,0.01256637061,-0.05587716731,9.923620584e-05,-0.007927516153,0.05542259635
49.2,0.01256637061,-0.05589887541,0.0008504244726,-0.007761756148,0.05544257143
49.25,0.01256637061,-0.05592150088,0.001599723714,-0.007607762636,0.05546048857
49.3,0.01256637061,-0.05594501353,0.00234697336,-0.007465255228,0.05547638817
49.35,0.01256637061,-0.05596938318,0.003092012841,-0.007333953538,0.0554903106
49.4,0.01256637061,-0.05599457965,0.00383468159,-0.00721357718,0.05550229624
49.45,0.01256637061,-0.05602057276,0.004574819036,-0.007103845765,0.05551238549
49.5,0.01256637061,-0.05604733233,0.00531226461,-0.007004478907,0.05552061873
49.55,0.01256637061,-0.05607482816,0.006046857743,-0.006915196218,0.05552703633
49.6,0.01256637061,-0.0561030301,0.006778437866,-0.006835717312,0.05553167869
49.65,0.01256637061,-0.05613190794,0.007506844409,-0.006765761802,0.05553458619
49.7,0.01256637061,-0.05616143152,0.008231916804,-0.0067050493,0.05553579922
49.75,0.01256637061,-0.05619157064,0.008953494482,-0.006653299419,0.05553535815
49.8,0.01256637061,-0.05622229513,0.009671416872,-0.006610231773,0.05553330338
49.85,0.01256637061,-0.05625357481,0.01038552341,-0.006575565975,0.05552967528
49.9,0.01256637061,-0.0562853795,0.01109565351,-0.006549021636,0.05552451424
49.95,0.01256637061,-0.05631767901,0.01180164663,-0.006530318371,0.05551786065
50,0.01256637061,-0.05635044316,0.01250334218,-0.006519175792,0.05550975488
50.05,0.01256637061,-0.05638364177,0.0132005796,-0.006515313512,0.05550023734
50.1,0.01256637061,-0.05641724465,0.01389319831,-0.006518451144,0.05548934838
50.15,0.01256637061,-0.05645122164,0.01458103776,-0.006528308301,0.05547712842
50.2,0.01256637061,-0.05648554255,0.01526393736,-0.006544604596,0.05546361782
50.25,0.01256637061,-0.05652017718,0.01594173655,-0.006567059642,0.05544885697
50.3,0.01256637061,-0.05655509538,0.01661427477,-0.006595393051,0.05543288625
50.35,0.01256637061,-0.05659026694,0.01728139144,-0.006629324438,0.05541574606
50.4,0.01256637061,-0.0566256617,0.01794292599,-0.006668573414,0.05539747676
50.45,0.01256637061,-0.05666124946,0.01859871785,-0.006712859592,0.05537811876
50.5,0.01256637061,-0.05669700005,0.01924860646,-0.006761902586,0.05535771243
50.55,0.01256637061,-0.05673288329,0.01989243124,-0.006815422009,0.05533629816
50.6,0.01256637061,-0.056768869,0.02053003163,-0.006873137473,0.05531391633
50.65,0.01256637061,-0.05680492698,0.02116124705,-0.006934768592,0.05529060732
50.7,0.01256637061,-0.05684102707,0.02178591694,-0.007000034978,0.05526641152
50.75,0.01256637061,-0.05687713908,0.02240388074,-0.007068656244,0.05524136932
50.8,0.01256637061,-0.05691323283,0.02301497786,-0.007140352003,0.0552155211
50.85,0.01256637061,-0.05694927814,0.02361904774,-0.007214841869,0.05518890724
50.9,0.01256637061,-0.05698524482,0.02421592981,-0.007291845454,0.05516156812
50.95,0.01256637061,-0.0570211027,0.0248054635,-0.00737108237,0.05513354414
51,0.01256637061,-0.05705682159,0.02538748824,-0.007452272232,0.05510487568
51.05,0.01256637061,-0.05709237132,0.02596184347,-0.007535134652,0.05507560311
51.1,0.01256637061,-0.05712772169,0.02652836861,-0.007619389242,0.05504576683
51.15,0.01256637061,-0.05716284254,0.0270869031,-0.007704755617,0.05501540721
51.2,0.01256637061,-0.05719770367,0.02763728636,-0.007790953388,0.05498456465
51.25,0.01256637061,-0.05723227491,0.02817935783,-0.007877702168,0.05495327953
51.3,0.01256637061,-0.05726652607,0.02871295694,-0.007964721572,0.05492159223
51.35,0.01256637061,-0.05730042698,0.02923792311,-0.008051731211,0.05488954313
51.4,0.01256637061,-0.05733394745,0.02975409578,-0.008138450698,0.05485717263
51.45,0.01256637061,-0.0573670573,0.03026131439,-0.008224599647,0.05482452109
51.5,0.01256637061,-0.05739972635,0.03075941835,-0.008309897671,0.05479162892
51.55,0.01256637061,-0.05743192441,0.0312482471,-0.008394064381,0.05475853649
51.6,0.01256637061,-0.05746362132,0.03172764008,-0.008476819392,0.05472528419
51.65,0.01256637061,-0.05749478688,0.03219743671,-0.008557882317,0.0546919124
51.7,0.01256637061,-0.05752539091,0.03265747642,-0.008636972767,0.05465846151
51.75,0.01256637061,-0.05755540323,0.03310759865,-0.008713810356,0.05462497189
51.8,0.01256637061,-0.05758479367,0.03354764282,-0.008788114698,0.05459148394
51.85,0.01256637061,-0.05761353203,0.03397744836,-0.008859605405,0.05455803804
51.9,0.01256637061,-0.05764158814,0.03439685472,-0.008928002089,0.05452467458
51.95,0.01256637061,-0.05766893182,0.03480570131,-0.008993024365,0.05449143393
52,0.01256637061,-0.05769553289,0.03520382757,-0.009054391844,0.05445835648
52.05,0.01256637061,-0.05772136115,0.03559107293,-0.00911182414,0.05442548262
52.1,0.01256637061,-0.05774638644,0.03596727682,-0.009165040865,0.05439285273
52.15,0.01256637061,-0.05777057857,0.03633227867,-0.009213761634,0.05436050719
52.2,0.01256637061,-0.05779390736,0.03668591792,-0.009257706058,0.05432848639
52.25,0.01256637061,-0.05781634263,0.03702803398,-0.00929659375,0.05429683072
52.3,0.01256637061,-0.05783785419,0.0373584663,-0.009330144324,0.05426558055
52.35,0.01256637061,-0.05785841187,0.0376770543,-0.009358077392,0.05423477628
52.4,0.01256637061,-0.05787798548,0.03798363742,-0.009380112568,0.05420445828
52.45,0.01256637061,-0.05789654485,0.03827805508,-0.009395969464,0.05417466694
52.5,0.01256637061,-0.05791405978,0.03856014672,-0.009405367693,0.05414544265
52.55,0.01256637061,-0.05793050011,0.03882975177,-0.009408026869,0.05411682579
52.6,0.01256637061,-0.05794583564,0.03908670965,-0.009403666603,0.05408885674
52.65,0.01256637061,-0.0579600362,0.03933085981,-0.00939200651,0.05406157589
52.7,0.01256637061,-0.0579730716,0.03956204166,-0.009372766202,0.05403502362
52.75,0.01256637061,-0.05798491167,0.03978009465,-0.009345665291,0.05400924031
52.8,0.01256637061,-0.05799552622,0.03998485819,-0.009310423392,0.05398426636
52.85,0.01256637061,-0.05800488507,0.04017617173,-0.009266760116,0.05396014214
52.9,0.01256637061,-0.05801295804,0.04035387469,-0.009214395077,0.05393690805
52.95,0.01256637061,-0.05801971495,0.0405178065,-0.009153047888,0.05391460445
53,0.01256637061,-0.05802512561,0.0406678066,-0.009082438161,0.05389327175
53.05,0.01256637061,-0.05802915985,0.04080371441,-0.00900228551,0.05387295031
53.1,0.01256637061,-0.05803178748,0.04092536937,-0.008912309548,0.05385368053
53.15,0.01256637061,-0.05803297833,0.04103261091,-0.008812229887,0.0538355028
53.2,0.01256637061,-0.0580327022,0.04112527846,-0.008701766141,0.05381845749
53.25,0.01256637061,-0.05803092893,0.04120321144,-0.008580637922,0.05380258498
53.3,0.01256637061,-0.05802762832,0.04126624929,-0.008448564843,0.05378792568
53.35,0.01256637061,-0.05802287453,0.04131520725,-0.008305935016,0.05377442443
53.4,0.01256637061,-0.0580179995,0.04136263576,-0.008161251521,0.05376086011
53.45,0.01256637061,-0.05801340881,0.0414123575,-0.008017198522,0.05374682905
53.5,0.01256637061,-0.05800909217,0.04146429834,-0.007873809434,0.05373230468
53.55,0.01256637061,-0.05800503929,0.04151838416,-0.007731117668,0.05371726044
53.6,0.01256637061,-0.05800123991,0.04157454084,-0.00758915664,0.05370166977
53.65,0.01256637061,-0.05799768375,0.04163269425,-0.007447959762,0.05368550611
53.7,0.01256637061,-0.05799436052,0.04169277025,-0.007307560449,0.05366874288
53.75,0.01256637061,-0.05799125995,0.04175469474,-0.007167992113,0.05365135353
53.8,0.01256637061,-0.05798837177,0.04181839357,-0.007029288167,0.05363331149
53.85,0.01256637061,-0.05798568568,0.04188379264,-0.006891482027,0.0536145902
53.9,0.01256637061,-0.05798319142,0.0419508178,-0.006754607104,0.0535951631
53.95,0.01256637061,-0.05798087871,0.04201939494,-0.006618696813,0.05357500361
54,0.01256637061,-0.05797873726,0.04208944993,-0.006483784567,0.05355408518
54.05,0.01256637061,-0.05797675681,0.04216090864,-0.006349903779,0.05353238124
54.1,0.01256637061,-0.05797492707,0.04223369695,-0.006217087864,0.05350986523
54.15,0.01256637061,-0.05797323776,0.04230774073,-0.006085370233,0.05348651058
54.2,0.01256637061,-0.05797167861,0.04238296586,-0.005954784302,0.05346229074
54.25,0.01256637061,-0.05797023933,0.04245929821,-0.005825363483,0.05343717913
54.3,0.01256637061,-0.05796890966,0.04253666366,-0.005697141191,0.05341114919
54.35,0.01256637061,-0.05796767931,0.04261498808,-0.005570150838,0.05338417436
54.4,0.01256637061,-0.05796653801,0.04269419735,-0.005444425837,0.05335622808
54.45,0.01256637061,-0.05796547547,0.04277421733,-0.005319999603,0.05332728378
54.5,0.01256637061,-0.05796448141,0.04285497391,-0.00519690555,0.05329731489
54.55,0.01256637061,-0.05796354557,0.04293639296,-0.005075177089,0.05326629486
54.6,0.01256637061,-0.05796265766,0.04301840035,-0.004954847636,0.05323419712
54.65,0.01256637061,-0.0579618074,0.04310092196,-0.004835950603,0.0532009951
54.7,0.01256637061,-0.05796098452,0.04318388366,-0.004718519404,0.05316666224
54.75,0.01256637061,-0.05796017874,0.04326721133,-0.004602587453,0.05313117198
54.8,0.01256637061,-0.05795937978,0.04335083084,-0.004488188162,0.05309449776
54.85,0.01256637061,-0.05795857736,0.04343466806,-0.004375354946,0.053056613
54.9,0.01256637061,-0.0579577612,0.04351864887,-0.004264121218,0.05301749115
54.95,0.01256637061,-0.05795692103,0.04360269915,-0.004154520391,0.05297710564
55,0.01256637061,-0.05795604656,0.04368674477,-0.004046585879,0.05293542991
55.05,0.01256637061,-0.05795512753,0.0437707116,-0.003940351096,0.05289243739
55.1,0.01256637061,-0.05795415364,0.04385452552,-0.003835849455,0.05284810152
55.15,0.01256637061,-0.05795311463,0.04393811241,-0.003733114369,0.05280239574
55.2,0.01256637061,-0.05795200021,0.04402139813,-0.003632179252,0.05275529348
55.25,0.01256637061,-0.05795080012,0.04410430856,-0.003533077517,0.05270676817
55.3,0.01256637061,-0.05794950406,0.04418676958,-0.003435842579,0.05265679326
55.35,0.01256637061,-0.05794810176,0.04426870705,-0.00334050785,0.05260534219
55.4,0.01256637061,-0.05794658294,0.04435004687,-0.003247106743,0.05255238838
55.45,0.01256637061,-0.05794493733,0.04443071489,-0.003155672673,0.05249790527
55.5,0.01256637061,-0.05794315465,0.04451063699,-0.003066239054,0.0524418663
55.55,0.01256637061,-0.05794122461,0.04458973906,-0.002978839297,0.0523842449
55.6,0.01256637061,-0.05793913695,0.04466794696,-0.002893506818,0.05232501451
55.65,0.01256637061,-0.05793688137,0.04474518656,-0.002810275028,0.05226414858
55.7,0.01256637061,-0.05793444762,0.04482138375,-0.002729177343,0.05220162052
55.75,0.01256637061,-0.0579318254,0.04489646439,-0.002650247175,0.05213740378
55.8,0.01256637061,-0.05792900443,0.04497035437,-0.002573517938,0.0520714718
55.85,0.01256637061,-0.05792597445,0.04504297954,-0.002499023046,0.05200379801
55.9,0.01256637061,-0.05792272517,0.0451142658,-0.002426795911,0.05193435585
55.95,0.01256637061,-0.05791924632,0.04518413902,-0.002356869948,0.05186311875
56,0.01256637061,-0.05791552761,0.04525252506,-0.00228927857,0.05179006015
56.05,0.01256637061,-0.05791155876,0.0453193498,-0.00222405519,0.05171515348
56.1,0.01256637061,-0.05790732951,0.04538453913,-0.002161233222,0.05163837219
56.15,0.01256637061,-0.05790282957,0.0454480189,-0.002100846079,0.0515596897
56.2,0.01256637061,-0.05789804867,0.045509715,-0.002042927175,0.05147907946
56.25,0.01256637061,-0.05789297652,0.04556955331,-0.001987509924,0.0513965149
56.3,0.01256637061,-0.05788760285,0.04562745968,-0.001934627738,0.05131196945
56.35,0.01256637061,-0.05788191738,0.04568336001,-0.001884314032,0.05122541655
56.4,0.01256637061,-0.05787590983,0.04573718017,-0.001836602219,0.05113682965
56.45,0.01256637061,-0.05786956992,0.04578884602,-0.001791525712,0.05104618216
56.5,0.01256637061,-0.05786288738,0.04583828344,-0.001749117925,0.05095344754
56.55,0.01256637061,-0.05785585193,0.04588541832,-0.001709412272,0.05085859922
56.6,0.01256637061,-0.05784845328,0.04593017651,-0.001672442165,0.05076161062
56.65,0.01256637061,-0.05784068117,0.04597248391,-0.001638241019,0.0506624552
56.7,0.01256637061,-0.05783252531,0.04601226637,-0.001606842246,0.05056110637
56.75,0.01256637061,-0.05782397543,0.04604944978,-0.001578279261,0.05045753759
56.8,0.01256637061,-0.05781502124,0.04608396001,-0.001552585477,0.05035172229
56.85,0.01256637061,-0.05780565247,0.04611572294,-0.001529794307,0.0502436339
56.9,0.01256637061,-0.05779585885,0.04614466444,-0.001509939165,0.05013324585
56.95,0.01256637061,-0.05778563009,0.04617071037,-0.001493053464,0.0500205316
57,0.01256637061,-0.05777495591,0.04619378663,-0.001479170618,0.04990546456
57.05,0.01256637061,-0.05776382604,0.04621381908,-0.00146832404,0.04978801818
57.1,0.01256637061,-0.05775223019,0.0462307336,-0.001460547145,0.04966816589
57.15,0.01256637061,-0.0577401581,0.04624445606,-0.001455873344,0.04954588114
57.2,0.01256637061,-0.05772759948,0.04625491234,-0.001454336053,0.04942113735
57.25,0.01256637061,-0.05771454406,0.0462620283,-0.001455968684,0.04929390795
57.3,0.01256637061,-0.05770098155,0.04626572984,-0.00146080465,0.0491641664
57.35,0.01256637061,-0.05768690168,0.04626594281,-0.001468877366,0.04903188612
57.4,0.01256637061,-0.05767229417,0.04626259309,-0.001480220245,0.04889704055
57.45,0.01256637061,-0.05765714875,0.04625560657,-0.0014948667,0.04875960313
57.5,0.01256637061,-0.05764145513,0.04624490911,-0.001512850145,0.04861954729
57.55,0.01256637061,-0.05762520303,0.04623042658,-0.001534203993,0.04847684646
57.6,0.01256637061,-0.05760838219,0.04621208487,-0.001558961658,0.04833147409
57.65,0.01256637061,-0.05759098231,0.04618980984,-0.001587156554,0.04818340361
57.7,0.01256637061,-0.05757299312,0.04616352738,-0.001618822093,0.04803260846
57.75,0.01256637061,-0.05755440435,0.04613316335,-0.00165399169,0.04787906206
57.8,0.01256637061,-0.05753520572,0.04609864363,-0.001692698757,0.04772273787
57.85,0.01256637061,-0.05751538694,0.04605989409,-0.001734976708,0.04756360931
57.9,0.01256637061,-0.05749493775,0.04601684062,-0.001780858958,0.04740164982
57.95,0.01256637061,-0.05747384785,0.04596940908,-0.001830378919,0.04723683284
58,0.01256637061,-0.05745210698,0.04591752534,-0.001883570004,0.0470691318
58.05,0.01256637061,-0.05742970485,0.04586111529,-0.001940465628,0.04689852014
58.1,0.01256637061,-0.0574066312,0.0458001048,-0.002001099204,0.04672497129
58.15,0.01256637061,-0.05738287573,0.04573441973,-0.002065504145,0.0465484587
58.2,0.01256637061,-0.05735842817,0.04566398598,-0.002133713864,0.04636895579
58.25,0.01256637061,-0.05733327825,0.0455887294,-0.002205761776,0.046186436
58.3,0.01256637061,-0.05730741568,0.04550857588,-0.002281681294,0.04600087278
58.35,0.01256637061,-0.05728083019,0.04542345128,-0.002361505831,0.04581223954
58.4,0.01256637061,-0.0572535115,0.0453332815,-0.002445268801,0.04562050974
58.45,0.01256637061,-0.05722544933,0.04523799238,-0.002533003617,0.04542565681
58.5,0.01256637061,-0.0571966334,0.04513750983,-0.002624743693,0.04522765418
58.55,0.01256637061,-0.05716705344,0.0450317597,-0.002720522442,0.04502647529
58.6,0.01256637061,-0.05713669917,0.04492066787,-0.002820373278,0.04482209358
58.65,0.01256637061,-0.0571055603,0.04480416021,-0.002924329614,0.04461448248
58.7,0.01256637061,-0.05707362657,0.04468216261,-0.003032424864,0.04440361542
58.75,0.01256637061,-0.05704088768,0.04455460094,-0.003144692441,0.04418946585
58.8,0.01256637061,-0.05700787365,0.04442556324,-0.003247852841,0.04395954836
58.85,0.01256637061,-0.05697511704,0.04429911078,-0.003328848182,0.04370185624
58.9,0.01256637061,-0.05694261143,0.04417512929,-0.003388044311,0.04341708093
58.95,0.01256637061,-0.05691035041,0.04405350446,-0.003425807076,0.04310591388
59,0.01256637061,-0.05687832757,0.04393412201,-0.003442502323,0.04276904654
59.05,0.01256637061,-0.05684653649,0.04381686765,-0.0034384959,0.04240717035
59.1,0.01256637061,-0.05681497076,0.04370162708,-0.003414153653,0.04202097678
59.15,0.01256637061,-0.05678362396,0.04358828601,-0.003369841432,0.04161115725
59.2,0.01256637061,-0.05675248968,0.04347673016,-0.003305925082,0.04117840324
59.25,0.01256637061,-0.0567215615,0.04336684522,-0.00322277045,0.04072340617
59.3,0.01256637061,-0.05669083301,0.04325851691,-0.003120743385,0.04024685751
59.35,0.01256637061,-0.05666029779,0.04315163095,-0.003000209733,0.03974944871
59.4,0.01256637061,-0.05662994943,0.04304607303,-0.002861535341,0.0392318712
59.45,0.01256637061,-0.05659978152,0.04294172887,-0.002705086057,0.03869481644
59.5,0.01256637061,-0.05656978764,0.04283848417,-0.002531227728,0.03813897588
59.55,0.01256637061,-0.05653996137,0.04273622465,-0.002340326202,0.03756504097
59.6,0.01256637061,-0.0565102963,0.04263483601,-0.002132747325,0.03697370315
59.65,0.01256637061,-0.05648078602,0.04253420396,-0.001908856944,0.03636565388
59.7,0.01256637061,-0.05645142411,0.04243421422,-0.001669020908,0.0357415846
59.75,0.01256637061,-0.05642220416,0.04233475248,-0.001413605062,0.03510218677
59.8,0.01256637061,-0.05639311975,0.04223570447,-0.001142975255,0.03444815183
59.85,0.01256637061,-0.05636416447,0.04213695588,-0.0008574973337,0.03378017122
59.9,0.01256637061,-0.05633533191,0.04203839243,-0.0005575371452,0.03309893641
59.95,0.01256637061,-0.05630661564,0.04193989982,-0.0002434605369,0.03240513884
60,0.01256637061,-0.05627800925,0.04184136378,8.436664416e-05,0.03169946995
60.05,0.01256637061,-0.05624950634,0.04174266999,0.0004255785506,0.03098262121
60.1,0.01256637061,-0.05622110048,0.04164370418,0.0007798093352,0.03025528404
60.15,0.01256637061,-0.05619278526,0.04154435205,0.001146693151,0.02951814991
60.2,0.01256637061,-0.05616455426,0.0414444993,0.00152586415,0.02877191027
60.25,0.01256637061,-0.05613640108,0.04134403166,0.001916956486,0.02801725655
60.3,0.01256637061,-0.05610831929,0.04124283483,0.002319604311,0.02725488022
60.35,0.01256637061,-0.05608030248,0.04114079452,0.002733441777,0.02648547272
60.4,0.01256637061,-0.05605234425,0.04103779643,0.003158103039,0.0257097255
60.45,0.01256637061,-0.05602443816,0.04093372628,0.003593222248,0.02492833
60.5,0.01256637061,-0.05599657781,0.04082846977,0.004038433558,0.02414197768
60.55,0.01256637061,-0.05596875679,0.04072191261,0.00449337112,0.02335135999
60.6,0.01256637061,-0.05594096867,0.04061394052,0.004957669088,0.02255716837
60.65,0.01256637061,-0.05591320705,0.0405044392,0.005430961615,0.02176009428
60.7,0.01256637061,-0.05588546551,0.04039329435,0.005912882853,0.02096082916
60.75,0.01256637061,-0.05585773763,0.0402803917,0.006403066956,0.02016006446
60.8,0.01256637061,-0.05583001701,0.04016561695,0.006901148075,0.01935849163
60.85,0.01256637061,-0.05580229722,0.0400488558,0.007406760363,0.01855680212
60.9,0.01256637061,-0.05577457185,0.03992999396,0.007919537974,0.01775568737
60.95,0.01256637061,-0.05574683449,0.03980891716,0.008439115061,0.01695583885
61,0.01256637061,-0.05571907872,0.03968551108,0.008965125775,0.01615794799
61.05,0.01256637061,-0.05569129812,0.03955966145,0.00949720427,0.01536270625
61.1,0.01256637061,-0.05566348629,0.03943125397,0.0100349847,0.01457080507
61.15,0.01256637061,-0.05563563681,0.03930017435,0.01057810121,0.0137829359
61.2,0.01256637061,-0.05560774326,0.0391663083,0.01112618797,0.01299979019
61.25,0.01256637061,-0.05557979923,0.03902954153,0.01167887911,0.0122220594
61.3,0.01256637061,-0.05555179831,0.03888975975,0.0122358088,0.01145043496
61.35,0.01256637061,-0.05552373407,0.03874684866,0.01279661119,0.01068560834
61.4,0.01256637061,-0.05549560011,0.03860069398,0.01336092042,0.009928270967
61.45,0.01256637061,-0.05546739001,0.03845118141,0.01392837066,0.009179114305
61.5,0.01256637061,-0.05543909736,0.03829819667,0.01449859606,0.008438829797
61.55,0.01256637061,-0.05541071574,0.03814162545,0.01507123076,0.007708108894
61.6,0.01256637061,-0.05538223873,0.03798135348,0.01564590893,0.006987643044
61.65,0.01256637061,-0.05535365993,0.03781726646,0.0162222647,0.006278123697
61.7,0.01256637061,-0.05532497291,0.03764925009,0.01679993225,0.0055802423
61.75,0.01256637061,-0.05529617127,0.0374771901,0.01737854571,0.004894690303
61.8,0.01256637061,-0.05526724858,0.03730097218,0.01795773925,0.004222159155
61.85,0.01256637061,-0.05523819844,0.03712048205,0.01853714701,0.003563340305
61.9,0.01256637061,-0.05520901443,0.03693560541,0.01911640315,0.002918925201
61.95,0.01256637061,-0.05517969013,0.03674622797,0.01969514182,0.002289605293
62,0.01256637061,-0.05515021913,0.03655223545,0.02027299717,0.00167607203
62.05,0.01256637061,-0.05512059502,0.03635351355,0.02084960336,0.00107901686
62.1,0.01256637061,-0.05509081138,0.03614994798,0.02142459453,0.000499131233
62.15,0.01256637061,-0.05506086179,0.03594142445,0.02199760485,-6.289340303e-05
62.2,0.01256637061,-0.05503073985,0.03572782866,0.02256826847,-0.0006063655988
62.25,0.01256637061,-0.05500043913,0.03550904634,0.02313621952,-0.001130593905
62.3,0.01256637061,-0.05496995323,0.03528496318,0.02370109218,-0.001634886874
62.35,0.01256637061,-0.05493927572,0.03505546489,0.0242625206,-0.002118553055
62.4,0.01256637061,-0.0549084002,0.03482043719,0.02482013891,-0.002580901001
62.45,0.01256637061,-0.05487732024,0.03457976578,0.02537358129,-0.003021239262
62.5,0.01256637061,-0.05484602944,0.03433333638,0.02592248187,-0.003438876388
62.55,0.01256637061,-0.05481452138,0.03408103468,0.02646647482,-0.003833120932
62.6,0.01256637061,-0.05478278964,0.03382274641,0.02700519429,-0.004203281445
62.65,0.01256637061,-0.05475082781,0.03355835726,0.02753827442,-0.004548666477
62.7,0.01256637061,-0.05471862948,0.03328775295,0.02806534938,-0.004868584579
62.75,0.01256637061,-0.05468618823,0.03301081919,0.02858605331,-0.005162344303
62.8,0.01256637061,-0.05465349764,0.03272744168,0.02910002037,-0.0054292542
62.85,0.01256637061,-0.05462055131,0.03243750614,0.02960688471,-0.00566862282
62.9,0.01256637061,-0.05458734281,0.03214089827,0.03010628048,-0.005879758715
62.95,0.01256637061,-0.05455386574,0.03183750378,0.03059784183,-0.006061970437
63,0.01256637061,-0.05452011367,0.03152720838,0.03108120293,-0.006214566535
63.05,0.01256637061,-0.0544860802,0.03120989779,0.03155599792,-0.006336855561
63.1,0.01256637061,-0.0544517589,0.0308854577,0.03202186095,-0.006428146066
63.15,0.01256637061,-0.05441714337,0.03055377383,0.03247842617,-0.006487746601
63.2,0.01256637061,-0.05438222719,0.03021473189,0.03292532775,-0.006514965718
63.25,0.01256637061,-0.05434700395,0.02986821759,0.03336219983,-0.006509111967
63.3,0.01256637061,-0.05431146722,0.02951411663,0.03378867656,-0.006469493899
63.35,0.01256637061,-0.0542756106,0.02915231472,0.0342043921,-0.006395420066
63.4,0.01256637061,-0.05423942767,0.02878269758,0.03460898061,-0.006286199019
63.45,0.01256637061,-0.05420291202,0.0284051509,0.03500207622,-0.006141139308
63.5,0.01256637061,-0.05416605723,0.02801956041,0.0353833131,-0.005959549485
63.55,0.01256637061,-0.05412885688,0.02762581181,0.0357523254,-0.005740738101
63.6,0.01256637061,-0.05409130457,0.02722379081,0.03610874728,-0.005484013706
63.65,0.01256637061,-0.05405339388,0.02681338311,0.03645221287,-0.005188684853
63.7,0.01256637061,-0.05401511839,0.02639447443,0.03678235634,-0.004854060091
63.75,0.01256637061,-0.05397647169,0.02596695048,0.03709881185,-0.004479447973
63.8,0.01256637061,-0.05393744736,0.02553069696,0.03740121353,-0.004064157049
63.85,0.01256637061,-0.05389803899,0.02508559958,0.03768919555,-0.00360749587
63.9,0.01256637061,-0.05385824017,0.02463154406,0.03796239206,-0.003108772988
63.95,0.01256637061,-0.05381804448,0.02416841609,0.03822043721,-0.002567296953
64,0.01256637061,-0.0537774455,0.0236961014,0.03846296516,-0.001982376316
64.05,0.01256637061,-0.05373643682,0.02321448568,0.03868961005,-0.001353319629
64.1,0.01256637061,-0.05369501203,0.02272345466,0.03890000603,-0.0006794354426
64.15,0.01256637061,-0.05365316472,0.02222289403,0.03909378728,3.996769211e-05
64.2,0.01256637061,-0.05361125878,0.02171373709,0.0392736699,0.0007908151718
64.25,0.01256637061,-0.05357048141,0.02119941343,0.03944947878,0.001525626671
64.3,0.01256637061,-0.0535308977,0.02068036586,0.03962198803,0.002241016064
64.35,0.01256637061,-0.05349247974,0.02015678081,0.03979120824,0.002937281452
64.4,0.01256637061,-0.05345519965,0.01962884477,0.03995715001,0.00361472094
64.45,0.01256637061,-0.05341902951,0.01909674419,0.04011982393,0.004273632629
64.5,0.01256637061,-0.05338394145,0.01856066553,0.04027924059,0.004914314622
64.55,0.01256637061,-0.05334990755,0.01802079526,0.04043541059,0.005537065022
64.6,0.01256637061,-0.05331689993,0.01747731984,0.04058834453,0.006142181931
64.65,0.01256637061,-0.05328489069,0.01693042573,0.04073805299,0.006729963453
64.7,0.01256637061,-0.05325385193,0.01638029939,0.04088454658,0.007300707689
64.75,0.01256637061,-0.05322375576,0.01582712728,0.04102783587,0.007854712743
64.8,0.01256637061,-0.05319457427,0.01527109587,0.04116793148,0.008392276718
64.85,0.01256637061,-0.05316627958,0.01471239162,0.04130484399,0.008913697715
64.9,0.01256637061,-0.05313884379,0.01415120099,0.04143858399,0.009419273838
64.95,0.01256637061,-0.053112239,0.01358771045,0.04156916208,0.009909303189
65,0.01256637061,-0.05308643731,0.01302210645,0.04169658886,0.01038408387
65.05,0.01256637061,-0.05306141083,0.01245457546,0.04182087492,0.01084391399
65.1,0.01256637061,-0.05303713166,0.01188530394,0.04194203084,0.01128909164
65.15,0.01256637061,-0.05301357191,0.01131447835,0.04206006723,0.01171991493
65.2,0.01256637061,-0.05299070367,0.01074228515,0.04217499468,0.01213668196
65.25,0.01256637061,-0.05296849906,0.01016891082,0.04228682379,0.01253969084
65.3,0.01256637061,-0.05294693018,0.009594541798,0.04239556513,0.01292923966
65.35,0.01256637061,-0.05292596912,0.009019364561,0.04250122932,0.01330562654
65.4,0.01256637061,-0.052905588,0.008443565567,0.04260382695,0.01366914957
65.45,0.01256637061,-0.05288575892,0.007867331278,0.0427033686,0.01402010685
65.5,0.01256637061,-0.05286645398,0.007290848158,0.04279986488,0.01435879649
65.55,0.01256637061,-0.05284764528,0.006714302667,0.04289332637,0.01468551659
65.6,0.01256637061,-0.05282930493,0.006137881268,0.04298376367,0.01500056525
65.65,0.01256637061,-0.05281140503,0.005561770424,0.04307118737,0.01530424058
65.7,0.01256637061,-0.0527939177,0.004986156597,0.04315560808,0.01559684068
65.75,0.01256637061,-0.05277681502,0.004411226248,0.04323703637,0.01587866365
65.8,0.01256637061,-0.0527600691,0.00383716584,0.04331548285,0.01615000759
65.85,0.01256637061,-0.05274365205,0.003264161836,0.04339095811,0.01641117061
65.9,0.01256637061,-0.05272753597,0.002692400696,0.04346347274,0.01666245081
65.95,0.01256637061,-0.05271169297,0.002122068885,0.04353303734,0.01690414629
66,0.01256637061,-0.05269609514,0.001553352863,0.04359966249,0.01713655516
66.05,0.01256637061,-0.0526807146,0.0009864390933,0.04366335881,0.01735997551
66.1,0.01256637061,-0.05266552344,0.0004215140378,0.04372413687,0.01757470545
66.15,0.01256637061,-0.05265049377,-0.0001412358414,0.04378200727,0.01778104309
66.2,0.01256637061,-0.05263559769,-0.0007016240819,0.04383698061,0.01797928652
66.25,0.01256637061,-0.05262080732,-0.001259464222,0.04388906748,0.01816973385
66.3,0.01256637061,-0.05260609474,-0.001814569798,0.04393827848,0.01835268318
66.35,0.01256637061,-0.05259143206,-0.00236675435,0.04398462419,0.01852843261
66.4,0.01256637061,-0.0525767914,-0.002915831414,0.04402811521,0.01869728025
66.45,0.01256637061,-0.05256214484,-0.003461614528,0.04406876214,0.0188595242
66.5,0.01256637061,-0.0525474645,-0.004003917231,0.04410657557,0.01901546256
66.55,0.01256637061,-0.05253272248,-0.004542553059,0.04414156609,0.01916539344
66.6,0.01256637061,-0.05251789088,-0.005077335551,0.04417374429,0.01930961493
66.65,0.01256637061,-0.05250294181,-0.005608078245,0.04420312078,0.01944842514
66.7,0.01256637061,-0.05248784736,-0.006134594678,0.04422970615,0.01958212217
66.75,0.01256637061,-0.05247257965,-0.006656698388,0.04425351098,0.01971100413
66.8,0.01256637061,-0.05245711078,-0.007174202913,0.04427454587,0.01983536912
66.85,0.01256637061,-0.05244141285,-0.007686921791,0.04429282142,0.01995551524
66.9,0.01256637061,-0.05242545797,-0.00819466856,0.04430834822,0.02007174059
66.95,0.01256637061,-0.05240921823,-0.008697256757,0.04432113687,0.02018434327
67,0.01256637061,-0.05239266574,-0.009194499919,0.04433119795,0.02029362139
67.05,0.01256637061,-0.05237577261,-0.009686211586,0.04433854206,0.02039987306
67.1,0.01256637061,-0.05235851094,-0.01017220529,0.0443431798,0.02050339637
67.15,0.01256637061,-0.05234085284,-0.01065229458,0.04434512176,0.02060448942
67.2,0.01256637061,-0.0523227704,-0.01112629299,0.04434437853,0.02070345033
67.25,0.01256637061,-0.05230423573,-0.01159401405,0.04434096071,0.02080057718
67.3,0.01256637061,-0.05228522093,-0.0120552713,0.04433487889,0.02089616809
67.35,0.01256637061,-0.05226569811,-0.01250987829,0.04432614367,0.02099052116
67.4,0.01256637061,-0.05224563938,-0.01295764854,0.04431476563,0.02108393449
67.45,0.01256637061,-0.05222501683,-0.0133983956,0.04430075538,0.02117670618
67.5,0.01256637061,-0.05220380257,-0.013831933,0.0442841235,0.02126913433
67.55,0.01256637061,-0.0521819687,-0.01425807428,0.04426488059,0.02136151706
67.6,0.01256637061,-0.05215948732,-0.01467663299,0.04424303725,0.02145415245
67.65,0.01256637061,-0.05213633055,-0.01508742265,0.04421860406,0.02154733862
67.7,0.01256637061,-0.05211247048,-0.01549025681,0.04419159163,0.02164137366
67.75,0.01256637061,-0.05208787922,-0.015884949,0.04416201054,0.02173655568
67.8,0.01256637061,-0.05206252887,-0.01627131276,0.04412987139,0.02183318279
67.85,0.01256637061,-0.05203639154,-0.01664916163,0.04409518478,0.02193155307
67.9,0.01256637061,-0.05200943932,-0.01701830914,0.04405796129,0.02203196465
67.95,0.01256637061,-0.05198164433,-0.01737856884,0.04401821152,0.02213471561
68,0.01256637061,-0.05195297866,-0.01772975427,0.04397594607,0.02224010407
68.05,0.01256637061,-0.05192341442,-0.01807167895,0.04393117553,0.02234842812
68.1,0.01256637061,-0.05189292372,-0.01840415643,0.04388391048,0.02245998586
68.15,0.01256637061,-0.05186147865,-0.01872700024,0.04383416154,0.02257507541
68.2,0.01256637061,-0.05182905132,-0.01904002393,0.04378193929,0.02269399486
68.25,0.01256637061,-0.05179561384,-0.01934304103,0.04372725432,0.02281704232
68.3,0.01256637061,-0.0517611383,-0.01963586508,0.04367011723,0.02294451588
68.35,0.01256637061,-0.05172559682,-0.01991830961,0.04361053861,0.02307671366
68.4,0.01256637061,-0.05168896149,-0.02019018817,0.04354852905,0.02321393375
68.45,0.01256637061,-0.05165120443,-0.0204513143,0.04348409916,0.02335647425
68.5,0.01256637061,-0.05161229772,-0.02070150152,0.04341725952,0.02350463328
68.55,0.01256637061,-0.05157221348,-0.02094056338,0.04334802072,0.02365870892
68.6,0.01256637061,-0.05153092381,-0.02116831341,0.04327639337,0.02381899929
68.65,0.01256637061,-0.05148840082,-0.02138456516,0.04320238805,0.02398580249
68.7,0.01256637061,-0.0514446166,-0.02158913216,0.04312601536,0.02415941662
68.75,0.01256637061,-0.05139954327,-0.02178182795,0.0430472859,0.02434013978
68.8,0.01256637061,-0.05135315292,-0.02196246606,0.04296621025,0.02452827007
68.85,0.01256637061,-0.05130541766,-0.02213086004,0.04288279901,0.0247241056
68.9,0.01256637061,-0.05125630959,-0.02228682342,0.04279706278,0.02492794448
68.95,0.01256637061,-0.05120580081,-0.02243016975,0.04270901214,0.02514008479
69,0.01256637061,-0.05115386344,-0.02256071255,0.0426186577,0.02536082465
69.05,0.01256637061,-0.05110046957,-0.02267826536,0.04252601004,0.02559046216
69.1,0.01256637061,-0.05104559131,-0.02278264173,0.04243107976,0.02582929542
69.15,0.01256637061,-0.05098920076,-0.02287365519,0.04233387745,0.02607762254
69.2,0.01256637061,-0.05093127002,-0.02295111928,0.04223441372,0.02633574161
69.25,0.01256637061,-0.0508717712,-0.02301484754,0.04213269914,0.02660395074
69.3,0.01256637061,-0.05081067641,-0.0230646535,0.04202874432,0.02688254803
69.35,0.01256637061,-0.05074795773,-0.02310035071,0.04192255985,0.02717183159
69.4,0.01256637061,-0.05068358729,-0.02312175269,0.04181415632,0.02747209952
69.45,0.01256637061,-0.05061753718,-0.02312867299,0.04170354433,0.02778364991
69.5,0.01256637061,-0.05054977951,-0.02312092515,0.04159073446,0.02810678088
69.55,0.01256637061,-0.05048028638,-0.0230983227,0.04147573733,0.02844179052
69.6,0.01256637061,-0.0504090928,-0.02306125313,0.04135879596,0.02878738741
69.65,0.01256637061,-0.05033700442,-0.02301703344,0.04124293165,0.02912317765
69.7,0.01256637061,-0.05026429447,-0.02296790472,0.04112904984,0.02944301322
69.75,0.01256637061,-0.05019098852,-0.02291382283,0.04101712337,0.0297470972
69.8,0.01256637061,-0.05011711214,-0.02285474361,0.04090712507,0.03003563262
69.85,0.01256637061,-0.05004269091,-0.02279062292,0.04079902778,0.03030882257
69.9,0.01256637061,-0.04996775038,-0.02272141661,0.04069280432,0.0305668701
69.95,0.01256637061,-0.04989231614,-0.02264708053,0.04058842754,0.03080997826
70,0.01256637061,-0.04981641376,-0.02256757053,0.04048587028,0.03103835013
70.05,0.01256637061,-0.0497400688,-0.02248284247,0.04038510536,0.03125218875
70.1,0.01256637061,-0.04966330684,-0.02239285219,0.04028610562,0.0314516972
70.15,0.01256637061,-0.04958615346,-0.02229755554,0.0401888439,0.03163707852
70.2,0.01256637061,-0.04950863421,-0.02219690839,0.04009329302,0.03180853579
70.25,0.01256637061,-0.04943077468,-0.02209086658,0.03999942584,0.03196627206
70.3,0.01256637061,-0.04935260044,-0.02197938596,0.03990721518,0.0321104904
70.35,0.01256637061,-0.04927413705,-0.02186242238,0.03981663387,0.03224139385
70.4,0.01256637061,-0.04919541009,-0.0217399317,0.03972765476,0.0323591855
70.45,0.01256637061,-0.04911644513,-0.02161186976,0.03964025067,0.03246406838
70.5,0.01256637061,-0.04903726774,-0.02147819243,0.03955439444,0.03255624557
70.55,0.01256637061,-0.04895790349,-0.02133885554,0.03947005891,0.03263592013
70.6,0.01256637061,-0.04887837796,-0.02119381496,0.03938721692,0.03270329511
70.65,0.01256637061,-0.04879871671,-0.02104302652,0.03930584129,0.03275857358
70.7,0.01256637061,-0.04871894532,-0.0208864461,0.03922590486,0.03280195859
70.75,0.01256637061,-0.04863908936,-0.02072402953,0.03914738047,0.03283365322
70.8,0.01256637061,-0.0485591744,-0.02055573266,0.03907024095,0.03285386051
70.85,0.01256637061,-0.04847922601,-0.02038151136,0.03899445914,0.03286278353
70.9,0.01256637061,-0.04839926977,-0.02020132147,0.03892000788,0.03286062534
70.95,0.01256637061,-0.04831933124,-0.02001511884,0.03884685999,0.032847589
71,0.01256637061,-0.048239436,-0.01982285932,0.03877498831,0.03282387757
71.05,0.01256637061,-0.04815960961,-0.01962449877,0.03870436568,0.03278969411
71.1,0.01256637061,-0.04807987765,-0.01941999304,0.03863496494,0.03274524168
71.15,0.01256637061,-0.0480002657,-0.01920929798,0.03856675891,0.03269072334
71.2,0.01256637061,-0.04792079932,-0.01899236944,0.03849972043,0.03262634215
71.25,0.01256637061,-0.04784150408,-0.01876916327,0.03843382235,0.03255230118
71.3,0.01256637061,-0.04776240555,-0.01853963533,0.03836903749,0.03246880348
71.35,0.01256637061,-0.04768352932,-0.01830374146,0.03830533868,0.03237605212
71.4,0.01256637061,-0.04760490094,-0.01806143751,0.03824269877,0.03227425015
71.45,0.01256637061,-0.04752654599,-0.01781267935,0.03818109059,0.03216360063
71.5,0.01256637061,-0.04744849005,-0.01755742282,0.03812048697,0.03204430663
71.55,0.01256637061,-0.04737075867,-0.01729562377,0.03806086075,0.03191657121
71.6,0.01256637061,-0.04729337744,-0.01702723805,0.03800218476,0.03178059742
71.65,0.01256637061,-0.04721637193,-0.01675222152,0.03794443184,0.03163658833
71.7,0.01256637061,-0.04713976771,-0.01647053002,0.03788757483,0.03148474699
71.75,0.01256637061,-0.04706359034,-0.01618211942,0.03783158656,0.03132527648
71.8,0.01256637061,-0.0469878654,-0.01588694555,0.03777643985,0.03115837984
71.85,0.01256637061,-0.04691261847,-0.01558496428,0.03772210756,0.03098426014
71.9,0.01256637061,-0.04683787511,-0.01527613144,0.03766856252,0.03080312044
71.95,0.01256637061,-0.0467636609,-0.01496040291,0.03761577755,0.03061516381
72,0.01256637061,-0.0466900014,-0.01463773452,0.0375637255,0.03042059329
72.05,0.01256637061,-0.04661692219,-0.01430808212,0.03751237919,0.03021961195
72.1,0.01256637061,-0.04654444884,-0.01397140158,0.03746171147,0.03001242286
72.15,0.01256637061,-0.04647260692,-0.01362764874,0.03741169517,0.02979922906
72.2,0.01256637061,-0.046401422,-0.01327677945,0.03736230313,0.02958023363
72.25,0.01256637061,-0.04633091966,-0.01291874957,0.03731350817,0.02935563963
72.3,0.01256637061,-0.04626112546,-0.01255351494,0.03726528314,0.0291256501
72.35,0.01256637061,-0.04619206498,-0.01218103142,0.03721760087,0.02889046812
72.4,0.01256637061,-0.04612376379,-0.01180125486,0.0371704342,0.02865029675
72.45,0.01256637061,-0.04605624746,-0.01141414111,0.03712375595,0.02840533904
72.5,0.01256637061,-0.04598954157,-0.01101964602,0.03707753898,0.02815579806
72.55,0.01256637061,-0.04592367167,-0.01061772545,0.0370317561,0.02790187686
72.6,0.01256637061,-0.04585866335,-0.01020833524,0.03698638015,0.02764377851
72.65,0.01256637061,-0.04579454217,-0.009791431247,0.03694138398,0.02738170607
72.7,0.01256637061,-0.04573133372,-0.009366969326,0.03689674041,0.0271158626
72.75,0.01256637061,-0.04566906355,-0.008934905324,0.03685242229,0.02684645115
72.8,0.01256637061,-0.04560775725,-0.008495195095,0.03680840244,0.02657367479
72.85,0.01256637061,-0.04554744037,-0.00804779449,0.0367646537,0.02629773659
72.9,0.01256637061,-0.0454881385,-0.00759265936,0.0367211489,0.02601883959
72.95,0.01256637061,-0.04542987721,-0.007129745556,0.03667786089,0.02573718686
73,0.01256637061,-0.04537268206,-0.006659008931,0.03663476249,0.02545298147
73.05,0.01256637061,-0.04531657863,-0.006180405337,0.03659182655,0.02516642646
73.1,0.01256637061,-0.04526159249,-0.005693890624,0.03654902589,0.02487772491
73.15,0.01256637061,-0.04520774921,-0.005199420644,0.03650633335,0.02458707987
73.2,0.01256637061,-0.04515507437,-0.004696951249,0.03646372177,0.02429469441
73.25,0.01256637061,-0.04510359353,-0.004186438291,0.03642116398,0.02400077157
73.3,0.01256637061,-0.04505333226,-0.003667837621,0.03637863281,0.02370551444
73.35,0.01256637061,-0.04500431614,-0.003141105091,0.03633610111,0.02340912605
73.4,0.01256637061,-0.04495657074,-0.002606196552,0.0362935417,0.02311180948
73.45,0.01256637061,-0.04491012164,-0.002063067856,0.03625092743,0.02281376779
73.5,0.01256637061,-0.04486499439,-0.001511674854,0.03620823113,0.02251520403
73.55,0.01256637061,-0.04482121458,-0.0009519733987,0.03616542562,0.02221632127
73.6,0.01256637061,-0.04477880777,-0.000383919341,0.03612248375,0.02191732257
73.65,0.01256637061,-0.04473779954,0.0001925314674,0.03607937836,0.02161841099
73.7,0.01256637061,-0.04469821546,0.0007774231748,0.03603608227,0.02131978958
73.75,0.01256637061,-0.04466008109,0.00137079993,0.03599256832,0.02102166142
73.8,0.01256637061,-0.04462342202,0.00197270588,0.03594880936,0.02072422955
73.85,0.01256637061,-0.04458826381,0.002583185175,0.0359047782,0.02042769704
73.9,0.01256637061,-0.04455463204,0.003202281963,0.03586044769,0.02013226695
73.95,0.01256637061,-0.04452255227,0.003830040392,0.03581579067,0.01983814235
74,0.01256637061,-0.04449205007,0.00446650461,0.03577077996,0.01954552628
74.05,0.01256637061,-0.04446315103,0.005111718766,0.0357253884,0.01925462182
74.1,0.01256637061,-0.04443588071,0.005765727008,0.03567958884,0.01896563202
74.15,0.01256637061,-0.04441026467,0.006428573485,0.03563335409,0.01867875994
74.2,0.01256637061,-0.0443863285,0.007100302344,0.03558665701,0.01839420865
74.25,0.01256637061,-0.04436409777,0.007780957736,0.03553947042,0.0181121812
74.3,0.01256637061,-0.04434359804,0.008470583807,0.03549176715,0.01783288065
74.35,0.01256637061,-0.04432485489,0.009169224706,0.03544352005,0.01755651007
74.4,0.01256637061,-0.04430789389,0.009876924582,0.03539470195,0.01728327252
74.45,0.01256637061,-0.04429274061,0.01059372758,0.03534528568,0.01701337105
74.5,0.01256637061,-0.04427942062,0.01131967786,0.03529524408,0.01674700873
74.55,0.01256637061,-0.0442679595,0.01205481955,0.03524454998,0.01648438862
74.6,0.01256637061,-0.04425838281,0.01279919682,0.03519317622,0.01622571377
74.65,0.01256637061,-0.04425071612,0.0135528538,0.03514109564,0.01597118726
74.7,0.01256637061,-0.04424498502,0.01431583466,0.03508828106,0.01572101213
74.75,0.01256637061,-0.04424121507,0.01508818352,0.03503470533,0.01547539145
74.8,0.01256637061,-0.04423943183,0.01586994456,0.03498034128,0.01523452828
74.85,0.01256637061,-0.04423966089,0.0166611619,0.03492516174,0.01499862568
74.9,0.01256637061,-0.04424192782,0.0174618797,0.03486913955,0.01476788671
74.95,0.01256637061,-0.04424625818,0.01827214212,0.03481224755,0.01454251443
75,0.01256637061,-0.04425267754,0.01909199329,0.03475445856,0.01432271191
75.05,0.01256637061,-0.04426219129,0.01990864685,0.03470062361,0.01410116768
75.1,0.01256637061,-0.04427574359,0.0207093767,0.03465540551,0.01387063275
75.15,0.01256637061,-0.04429326823,0.02149431737,0.03461849482,0.01363140391
75.2,0.01256637061,-0.04431469897,0.02226360339,0.03458958206,0.01338377792
75.25,0.01256637061,-0.0443399696,0.0230173693,0.0345683578,0.01312805156
75.3,0.01256637061,-0.04436901389,0.02375574961,0.03455451257,0.01286452161
75.35,0.01256637061,-0.04440176561,0.02447887886,0.03454773693,0.01259348483
75.4,0.01256637061,-0.04443815855,0.02518689159,0.0345477214,0.012315238
75.45,0.01256637061,-0.04447812647,0.02587992232,0.03455415655,0.0120300779
75.5,0.01256637061,-0.04452160315,0.02655810559,0.03456673291,0.01173830129
75.55,0.01256637061,-0.04456852238,0.02722157593,0.03458514103,0.01144020496
75.6,0.01256637061,-0.04461881791,0.02787046786,0.03460907146,0.01113608567
75.65,0.01256637061,-0.04467242354,0.02850491592,0.03463821473,0.0108262402
75.7,0.01256637061,-0.04472927304,0.02912505465,0.0346722614,0.01051096532
75.75,0.01256637061,-0.04478930017,0.02973101856,0.034710902,0.01019055782
75.8,0.01256637061,-0.04485243873,0.03032294219,0.0347538271,0.009865314447
75.85,0.01256637061,-0.04491862247,0.03090096008,0.03480072722,0.009535531993
75.9,0.01256637061,-0.04498778519,0.03146520675,0.03485129291,0.009201507227
75.95,0.01256637061,-0.04505986065,0.03201581674,0.03490521472,0.008863536922
76,0.01256637061,-0.04513478264,0.03255292457,0.0349621832,0.008521917854
76.05,0.01256637061,-0.04521248492,0.03307666478,0.03502188889,0.008176946794
76.1,0.01256637061,-0.04529290127,0.0335871719,0.03508402233,0.007828920518
76.15,0.01256637061,-0.04537596548,0.03408458046,0.03514827407,0.007478135799
76.2,0.01256637061,-0.0454616113,0.03456902499,0.03521433465,0.00712488941
76.25,0.01256637061,-0.04554977253,0.03504064001,0.03528189462,0.006769478126
76.3,0.01256637061,-0.04564038293,0.03549956008,0.03535064453,0.00641219872
76.35,0.01256637061,-0.04573337629,0.0359459197,0.03542027491,0.006053347965
76.4,0.01256637061,-0.04582868637,0.03637985342,0.03549047632,0.005693222637
76.45,0.01256637061,-0.04592624696,0.03680149576,0.0355609393,0.005332119507
76.5,0.01256637061,-0.04602599182,0.03721098126,0.03563135439,0.004970335351
76.55,0.01256637061,-0.04612785474,0.03760844445,0.03570141213,0.004608166942
76.6,0.01256637061,-0.0462317695,0.03799401986,0.03577080309,0.004245911053
76.65,0.01256637061,-0.04633766985,0.03836784201,0.03583921778,0.003883864459
76.7,0.01256637061,-0.0464454896,0.03873004545,0.03590634678,0.003522323933
76.75,0.01256637061,-0.0465551625,0.0390807647,0.03597188061,0.003161586249
76.8,0.01256637061,-0.04666662233,0.03942013429,0.03603550982,0.00280194818
76.85,0.01256637061,-0.04677980288,0.03974828876,0.03609692497,0.002443706501
76.9,0.01256637061,-0.04689463791,0.04006536263,0.03615581658,0.002087157985
76.95,0.01256637061,-0.0470110612,0.04037149043,0.03621187521,0.001732599407
77,0.01256637061,-0.04712900653,0.0406668067,0.03626479141,0.001380327538
77.05,0.01256637061,-0.04724840767,0.04095144597,0.03631425571,0.001030639155
77.1,0.01256637061,-0.04736919841,0.04122554277,0.03635995867,0.000683831029
77.15,0.01256637061,-0.0474913125,0.04148923163,0.03640159083,0.0003401999353
77.2,0.01256637061,-0.04761468374,0.04174264708,0.03643884272,4.264742535e-08
77.25,0.01256637061,-0.0477392459,0.04198592366,0.03647140491,-0.000336344061
77.3,0.01256637061,-0.04786493275,0.04221919588,0.03649896793,-0.0006686634162
77.35,0.01256637061,-0.04799167806,0.04244259829,0.03652122232,-0.0009966186445
77.4,0.01256637061,-0.04811941563,0.04265626542,0.03653785864,-0.001319912972
77.45,0.01256637061,-0.04824807921,0.04286033179,0.03654856743,-0.001638249625
77.5,0.01256637061,-0.04837760258,0.04305493194,0.03655303922,-0.00195133183
77.55,0.01256637061,-0.04850791953,0.04324020039,0.03655096458,-0.002258862813
77.6,0.01256637061,-0.04863896383,0.04341627169,0.03654203404,-0.0025605458
77.65,0.01256637061,-0.04877066925,0.04358328035,0.03652593814,-0.002856084017
77.7,0.01256637061,-0.04890296957,0.04374136092,0.03650236744,-0.003145180691
77.75,0.01256637061,-0.04903579856,0.04389064792,0.03647101247,-0.003427539049
77.8,0.01256637061,-0.04916909,0.04403127589,0.03643156379,-0.003702862315
77.85,0.01256637061,-0.04930277768,0.04416337934,0.03638371194,-0.003970853717
77.9,0.01256637061,-0.04943679535,0.04428709283,0.03632714745,-0.004231216481
77.95,0.01256637061,-0.0495710768,0.04440255087,0.03626156088,-0.004483653832
78,0.01256637061,-0.04970555581,0.044509888,0.03618664278,-0.004727868998
78.05,0.01256637061,-0.04984016614,0.04460923874,0.03610208368,-0.004963565204
78.1,0.01256637061,-0.04997484158,0.04470073764,0.03600757413,-0.005190445677
78.15,0.01256637061,-0.05010951591,0.04478451922,0.03590280468,-0.005408213643
78.2,0.01256637061,-0.05024412289,0.044860718,0.03578746588,-0.005616572328
78.25,0.01256637061,-0.0503785963,0.04492946854,0.03566124825,-0.005815224959
78.3,0.01256637061,-0.05051286993,0.04499090534,0.03552384236,-0.006003874761
78.35,0.01256637061,-0.05064687753,0.04504516295,0.03537493875,-0.006182224961
78.4,0.01256637061,-0.0507805529,0.0450923759,0.03521422796,-0.006349978785
78.45,0.01256637061,-0.05091382981,0.04513267871,0.03504140053,-0.00650683946
78.5,0.01256637061,-0.05104664203,0.04516620592,0.03485614702,-0.006652510211
78.55,0.01256637061,-0.05117892333,0.04519309206,0.03465815796,-0.006786694266
78.6,0.01256637061,-0.0513106075,0.04521347167,0.03444712391,-0.006909094849
78.65,0.01256637061,-0.05144162831,0.04522747926,0.0342227354,-0.007019415188
78.7,0.01256637061,-0.05157191954,0.04523524937,0.03398468298,-0.007117358508
78.75,0.01256637061,-0.05170141495,0.04523691654,0.0337326572,-0.007202628036
78.8,0.01256637061,-0.05183004834,0.04523261529,0.03346634859,-0.007274926999
78.85,0.01256637061,-0.05195775346,0.04522248016,0.03318544772,-0.007333958622
78.9,0.01256637061,-0.05208446411,0.04520664567,0.03288964511,-0.007379426131
78.95,0.01256637061,-0.05221011405,0.04518524636,0.03257863133,-0.007411032753
79,0.01256637061,-0.05233463706,0.04515841676,0.0322520969,-0.007428481715
79.05,0.01256637061,-0.05245796692,0.0451262914,0.03190973238,-0.007431476242
79.1,0.01256637061,-0.0525800374,0.04508900481,0.03155122831,-0.00741971956
79.15,0.01256637061,-0.05270078228,0.04504669152,0.03117627523,-0.007392914896
79.2,0.01256637061,-0.05282013533,0.04499948606,0.0307845637,-0.007350765476
79.25,0.01256637061,-0.05293803033,0.04494752297,0.03037578425,-0.007292974527
79.3,0.01256637061,-0.05305440106,0.04489093677,0.02994962743,-0.007219245274
79.35,0.01256637061,-0.05316918129,0.044829862,0.02950578379,-0.007129280944
79.4,0.01256637061,-0.05328230479,0.04476443318,0.02904394387,-0.007022784763
79.45,0.01256637061,-0.05339370535,0.04469478485,0.02856379821,-0.006899459957
79.5,0.01256637061,-0.05350331674,0.04462105154,0.02806503736,-0.006759009753
79.55,0.01256637061,-0.05361107273,0.04454336778,0.02754735187,-0.006601137377
79.6,0.01256637061,-0.0537169071,0.0444618681,0.02701043228,-0.006425546055
79.65,0.01256637061,-0.05382075363,0.04437668704,0.02645396914,-0.006231939013
79.7,0.01256637061,-0.05392254609,0.04428795911,0.02587765298,-0.006020019477
79.75,0.01256637061,-0.05402221826,0.04419581886,0.02528117436,-0.005789490675
79.8,0.01256637061,-0.05411970392,0.04410040082,0.02466422382,-0.005540055831
79.85,0.01256637061,-0.05421493683,0.04400183951,0.02402649191,-0.005271418173
79.9,0.01256637061,-0.05430785078,0.04390026947,0.02336766916,-0.004983280926
79.95,0.01256637061,-0.05439837953,0.04379582523,0.02268744613,-0.004675347317
80,0.01256637061,-0.05448645688,0.04368864131,0.02198551337,-0.004347320572
80.05,0.01256637061,-0.05457201659,0.04357885226,0.0212615614,-0.003998903917
80.1,0.01256637061,-0.05465499244,0.0434665926,0.02051528079,-0.003629800578
80.15,0.01256637061,-0.0547353182,0.04335199686,0.01974636206,-0.003239713783
80.2,0.01256637061,-0.05481292765,0.04323519957,0.01895449578,-0.002828346756
80.25,0.01256637061,-0.05488775457,0.04311633527,0.01813937249,-0.002395402725
80.3,0.01256637061,-0.05495973273,0.04299553848,0.01730068272,-0.001940584915
80.35,0.01256637061,-0.05502879591,0.04287294374,0.01643811703,-0.001463596553
80.4,0.01256637061,-0.05509487788,0.04274868558,0.01555136596,-0.0009641408645
80.45,0.01256637061,-0.0551585155,0.04262451453,0.01464707242,-0.0004467820406
80.5,0.01256637061,-0.05522163204,0.04250565663,0.0137476832,7.281277343e-05
80.55,0.01256637061,-0.05528437463,0.04239231007,0.01285496826,0.0005933736444
80.6,0.01256637061,-0.05534674081,0.04228426264,0.01196896594,0.001114839249
80.65,0.01256637061,-0.05540872812,0.04218130211,0.01108971457,0.001637148263
80.7,0.01256637061,-0.05547033409,0.04208321627,0.01021725246,0.002160239363
80.75,0.01256637061,-0.05553155626,0.0419897929,0.009351617958,0.002684051225
80.8,0.01256637061,-0.05559239218,0.04190081977,0.008492849378,0.003208522527
80.85,0.01256637061,-0.05565283936,0.04181608467,0.007640985052,0.003733591944
80.9,0.01256637061,-0.05571289536,0.04173537537,0.006796063306,0.004259198153
80.95,0.01256637061,-0.05577255772,0.04165847966,0.005958122468,0.004785279829
81,0.01256637061,-0.05583182396,0.04158518531,0.005127200866,0.005311775651
81.05,0.01256637061,-0.05589069162,0.04151528011,0.004303336825,0.005838624293
81.1,0.01256637061,-0.05594915825,0.04144855183,0.003486568675,0.006365764432
81.15,0.01256637061,-0.05600722139,0.04138478826,0.002676934742,0.006893134746
81.2,0.01256637061,-0.05606487856,0.04132377717,0.001874473353,0.007420673909
81.25,0.01256637061,-0.0561221273,0.04126530635,0.001079222836,0.007948320599
81.3,0.01256637061,-0.05617896516,0.04120916357,0.0002912215181,0.008476013492
81.35,0.01256637061,-0.05623538967,0.04115513662,-0.0004894922734,0.009003691264
81.4,0.01256637061,-0.05629139837,0.04110301327,-0.001262880211,0.009531292592
81.45,0.01256637061,-0.0563469888,0.04105258131,-0.002028903968,0.01005875615
81.5,0.01256637061,-0.05640215849,0.04100362851,-0.002787525216,0.01058602062
81.55,0.01256637061,-0.05645690498,0.04095594266,-0.003538705629,0.01111302467
81.6,0.01256637061,-0.05651122581,0.04090931153,-0.004282406878,0.01163970699
81.65,0.01256637061,-0.05656511851,0.04086352291,-0.005018590637,0.01216600624
81.7,0.01256637061,-0.05661858063,0.04081836457,-0.005747218579,0.01269186111
81.75,0.01256637061,-0.0566716097,0.04077362429,-0.006468252375,0.01321721026
81.8,0.01256637061,-0.05672420326,0.04072908986,-0.007181653699,0.01374199239
81.85,0.01256637061,-0.05677635885,0.04068454905,-0.007887384224,0.01426614615
81.9,0.01256637061,-0.056828074,0.04063978965,-0.008585405622,0.01478961024
81.95,0.01256637061,-0.05687934625,0.04059459943,-0.009275679565,0.01531232332
82,0.01256637061,-0.05693017313,0.04054876617,-0.009958167727,0.01583422408
82.05,0.01256637061,-0.0569805522,0.04050207766,-0.01063283178,0.01635525118
82.1,0.01256637061,-0.05703048098,0.04045432167,-0.0112996334,0.01687534331
82.15,0.01256637061,-0.05707995701,0.04040528599,-0.01195853425,0.01739443914
82.2,0.01256637061,-0.05712897782,0.04035475839,-0.01260949601,0.01791247735
82.25,0.01256637061,-0.05717754097,0.04030252665,-0.01325248036,0.01842939662
82.3,0.01256637061,-0.05722564397,0.04024837856,-0.01388744895,0.01894513561
82.35,0.01256637061,-0.05727328438,0.04019210189,-0.01451436348,0.01945963301
82.4,0.01256637061,-0.05732045973,0.04013348442,-0.01513318561,0.0199728275
82.45,0.01256637061,-0.05736716755,0.04007231394,-0.015743877,0.02048465775
82.5,0.01256637061,-0.05741340539,0.04000837822,-0.01634639935,0.02099506243
82.55,0.01256637061,-0.05745917078,0.03994146504,-0.01694071431,0.02150398022
82.6,0.01256637061,-0.05750446125,0.03987136219,-0.01752678356,0.02201134981
82.65,0.01256637061,-0.05754927435,0.03979785744,-0.01810456877,0.02251710986
82.7,0.01256637061,-0.05759360762,0.03972073857,-0.01867403162,0.02302119905
82.75,0.01256637061,-0.05763745859,0.03963979336,-0.01923513378,0.02352355606
82.8,0.01256637061,-0.05768082479,0.0395548096,-0.01978783693,0.02402411957
82.85,0.01256637061,-0.05772370377,0.03946557506,-0.02033210272,0.02452282824
82.9,0.01256637061,-0.05776609307,0.03937187753,-0.02086789284,0.02501962077
82.95,0.01256637061,-0.05780799022,0.03927350477,-0.02139516896,0.02551443582
83,0.01256637061,-0.05784939275,0.03917024458,-0.02191389275,0.02600721206
83.05,0.01256637061,-0.05789029821,0.03906188473,-0.02242402589,0.02649788819
83.1,0.01256637061,-0.05793070414,0.03894821301,-0.02292553005,0.02698640287
83.15,0.01256637061,-0.05797060806,0.03882901718,-0.02341836689,0.02747269478
83.2,0.01256637061,-0.05801000752,0.03870408504,-0.0239024981,0.02795670259
83.25,0.01256637061,-0.05804890006,0.03857320436,-0.02437788534,0.02843836499
83.3,0.01256637061,-0.05808728322,0.03843616292,-0.02484449029,0.02891762065
83.35,0.01256637061,-0.05812515452,0.03829274851,-0.02530227462,0.02939440824
83.4,0.01256637061,-0.05816251151,0.03814274889,-0.02575120001,0.02986866644
83.45,0.01256637061,-0.05819935173,0.03798595186,-0.02619122812,0.03034033393
83.5,0.01256637061,-0.05823567272,0.03782214519,-0.02662232063,0.03080934939
83.55,0.01256637061,-0.058271472,0.03765111666,-0.02704443921,0.03127565148
83.6,0.01256637061,-0.05830674712,0.03747265406,-0.02745754554,0.0317391789
83.65,0.01256637061,-0.05834149562,0.03728654515,-0.02786160128,0.0321998703
83.7,0.01256637061,-0.05837571503,0.03709257773,-0.02825656811,0.03265766438
83.75,0.01256637061,-0.05840940289,0.03689053957,-0.02864240771,0.0331124998
83.8,0.01256637061,-0.05844255674,0.03668021845,-0.02901908174,0.03356431525
83.85,0.01256637061,-0.05847517412,0.03646140215,-0.02938655187,0.0340130494
83.9,0.01256637061,-0.05850725256,0.03623387845,-0.02974477979,0.03445864092
83.95,0.01256637061,-0.0585387896,0.03599743514,-0.03009372716,0.03490102849
84,0.01256637061,-0.05856978278,0.03575185998,-0.03043335566,0.03534015079
84.05,0.01256637061,-0.05860022964,0.03549694077,-0.03076362695,0.0357759465
84.1,0.01256637061,-0.05863012771,0.03523246527,-0.03108450271,0.03620835429
84.15,0.01256637061,-0.05865947453,0.03495822128,-0.03139594462,0.03663731283
84.2,0.01256637061,-0.05868826763,0.03467399657,-0.03169791435,0.03706276081
84.25,0.01256637061,-0.05871650457,0.03437957892,-0.03199037356,0.0374846369
84.3,0.01256637061,-0.05874418287,0.03407475611,-0.03227328394,0.03790287978
84.35,0.01256637061,-0.05877130006,0.03375931592,-0.03254660715,0.03831742812
84.4,0.01256637061,-0.0587978537,0.03343304614,-0.03281030486,0.0387282206
84.45,0.01256637061,-0.05882384132,0.03309573453,-0.03306433876,0.03913519589
84.5,0.01256637061,-0.05884926044,0.03274716888,-0.03330867051,0.03953829268
84.55,0.01256637061,-0.05887410862,0.03238713697,-0.03354326178,0.03993744964
84.6,0.01256637061,-0.05889838339,0.03201542659,-0.03376807425,0.04033260544
84.65,0.01256637061,-0.05892208228,0.0316318255,-0.0339830696,0.04072369877
84.7,0.01256637061,-0.05894520283,0.0312361215,-0.03418820948,0.04111066829
84.75,0.01256637061,-0.05896774259,0.03082810235,-0.03438345558,0.04149345268
84.8,0.01256637061,-0.05898969908,0.03040755585,-0.03456876957,0.04187199063
84.85,0.01256637061,-0.05901106986,0.02997426976,-0.03474411312,0.0422462208
84.9,0.01256637061,-0.05903185244,0.02952803187,-0.03490944791,0.04261608188
84.95,0.01256637061,-0.05905204437,0.02906862997,-0.0350647356,0.04298151254
85,0.01256637061,-0.0590716432,0.02859585182,-0.03520993787,0.04334245145
85.05,0.01256637061,-0.05909064645,0.02810948522,-0.03534501639,0.0436988373
85.1,0.01256637061,-0.05910905166,0.02760931793,-0.03546993284,0.04405060876
85.15,0.01256637061,-0.05912685637,0.02709513774,-0.03558464888,0.0443977045
85.2,0.01256637061,-0.05914405813,0.02656673244,-0.03568912619,0.0447400632
85.25,0.01256637061,-0.05916065445,0.02602388979,-0.03578332645,0.04507762355
85.3,0.01256637061,-0.05917664289,0.02546639758,-0.03586721132,0.0454103242
85.35,0.01256637061,-0.05919202099,0.02489404359,-0.03594074248,0.04573810385
85.4,0.01256637061,-0.05920678627,0.0243066156,-0.0360038816,0.04606090117
85.45,0.01256637061,-0.05922093627,0.02370390139,-0.03605659036,0.04637865483
85.5,0.01256637061,-0.05923446854,0.02308568874,-0.03609883042,0.04669130351
85.55,0.01256637061,-0.05924738061,0.02245176542,-0.03613056345,0.04699878588
85.6,0.01256637061,-0.05925967002,0.02180191923,-0.03615175114,0.04730104063
85.65,0.01256637061,-0.05927133431,0.02113593794,-0.03616235516,0.04759800643
85.7,0.01256637061,-0.05928237101,0.02045360932,-0.03616233717,0.04788962196
85.75,0.01256637061,-0.05929277766,0.01975472116,-0.03615165885,0.04817582589
85.8,0.01256637061,-0.05930255179,0.01903906124,-0.03613028187,0.04845655689
85.85,0.01256637061,-0.05931171961,0.01830726354,-0.03609916494,0.04873164243
85.9,0.01256637061,-0.05932065111,0.01757024222,-0.03607118264,0.04899962592
85.95,0.01256637061,-0.05932945824,0.01683156315,-0.0360501331,0.04926015925
86,0.01256637061,-0.05933813831,0.0160914389,-0.03603581415,0.04951335188
86.05,0.01256637061,-0.05934668866,0.01535008203,-0.03602802365,0.04975931323
86.1,0.01256637061,-0.05935510658,0.01460770511,-0.03602655944,0.04999815275
86.15,0.01256637061,-0.0593633894,0.01386452069,-0.03603121937,0.05022997987
86.2,0.01256637061,-0.05937153443,0.01312074133,-0.03604180129,0.05045490405
86.25,0.01256637061,-0.05937953899,0.01237657961,-0.03605810304,0.05067303471
86.3,0.01256637061,-0.0593874004,0.01163224807,-0.03607992247,0.05088448129
86.35,0.01256637061,-0.05939511597,0.01088795929,-0.03610705743,0.05108935323
86.4,0.01256637061,-0.05940268301,0.01014392582,-0.03613930576,0.05128775998
86.45,0.01256637061,-0.05941009885,0.00940036023,-0.03617646531,0.05147981097
86.5,0.01256637061,-0.0594173608,0.008657475077,-0.03621833393,0.05166561565
86.55,0.01256637061,-0.05942446617,0.007915482923,-0.03626470946,0.05184528344
86.6,0.01256637061,-0.05943141229,0.007174596332,-0.03631538975,0.05201892379
86.65,0.01256637061,-0.05943819646,0.006435027865,-0.03637017266,0.05218664614
86.7,0.01256637061,-0.05944481601,0.005696990084,-0.03642885601,0.05234855993
86.75,0.01256637061,-0.05945126824,0.004960695552,-0.03649123767,0.05250477459
86.8,0.01256637061,-0.05945755048,0.004226356829,-0.03655711548,0.05265539957
86.85,0.01256637061,-0.05946366005,0.003494186479,-0.03662628728,0.05280054431
86.9,0.01256637061,-0.05946959425,0.002764397063,-0.03669855093,0.05294031824
86.95,0.01256637061,-0.0594753504,0.002037201143,-0.03677370426,0.05307483081
87,0.01256637061,-0.05948092583,0.00131281128,-0.03685154513,0.05320419144
87.05,0.01256637061,-0.05948631784,0.0005914400383,-0.03693187139,0.05332850959
87.1,0.01256637061,-0.05949152376,-0.0001267000219,-0.03701448087,0.05344789469
87.15,0.01256637061,-0.05949654089,-0.0008413963381,-0.03709917143,0.05356245618
87.2,0.01256637061,-0.05950136656,-0.001552436348,-0.03718574091,0.0536723035
87.25,0.01256637061,-0.05950599808,-0.002259607491,-0.03727398717,0.05377754609
87.3,0.01256637061,-0.05951043276,-0.002962697203,-0.03736370804,0.05387829339
87.35,0.01256637061,-0.05951466793,-0.003661492924,-0.03745470137,0.05397465483
87.4,0.01256637061,-0.0595187009,-0.004355782091,-0.03754676502,0.05406673986
87.45,0.01256637061,-0.05952252898,-0.005045352142,-0.03763969682,0.05415465791
87.5,0.01256637061,-0.05952614949,-0.005729990516,-0.03773329463,0.05423851843
87.55,0.01256637061,-0.05952955975,-0.006409484649,-0.03782735629,0.05431843085
87.6,0.01256637061,-0.05953275708,-0.007083621981,-0.03792167965,0.05439450462
87.65,0.01256637061,-0.05953573878,-0.00775218995,-0.03801606255,0.05446684916
87.7,0.01256637061,-0.05953850218,-0.008414975992,-0.03811030284,0.05453557393
87.75,0.01256637061,-0.05954104459,-0.009071767547,-0.03820419838,0.05460078836
87.8,0.01256637061,-0.05954336332,-0.009722352053,-0.038297547,0.05466260189
87.85,0.01256637061,-0.05954545571,-0.01036651695,-0.03839014655,0.05472112395
87.9,0.01256637061,-0.05954731905,-0.01100404967,-0.03848179488,0.054776464
87.95,0.01256637061,-0.05954895066,-0.01163473765,-0.03857228984,0.05482873146
88,0.01256637061,-0.05955034787,-0.01225836834,-0.03866142927,0.05487803577
88.05,0.01256637061,-0.05955150799,-0.01287472917,-0.03874901102,0.05492448638
88.1,0.01256637061,-0.05955242833,-0.01348360757,-0.03883483294,0.05496819273
88.15,0.01256637061,-0.05955310621,-0.014084791,-0.03891869287,0.05500926425
88.2,0.01256637061,-0.05955353894,-0.01467806688,-0.03900038867,0.05504781038
88.25,0.01256637061,-0.05955372385,-0.01526322265,-0.03907971817,0.05508394057
88.3,0.01256637061,-0.05955365825,-0.01584004575,-0.03915647922,0.05511776424
88.35,0.01256637061,-0.05955333945,-0.01640832362,-0.03923046968,0.05514939085
88.4,0.01256637061,-0.05955276477,-0.01696784369,-0.03930148738,0.05517892982
88.45,0.01256637061,-0.05955193153,-0.01751839342,-0.03936933018,0.0552064906
88.5,0.01256637061,-0.05955083704,-0.01805976022,-0.03943379592,0.05523218263
88.55,0.01256637061,-0.05954947862,-0.01859173154,-0.03949468245,0.05525611535
88.6,0.01256637061,-0.05954785359,-0.01911409483,-0.03955178762,0.05527839819
88.65,0.01256637061,-0.05954595925,-0.01962663751,-0.03960490927,0.0552991406
88.7,0.01256637061,-0.05954379293,-0.02012914703,-0.03965384524,0.05531845201
88.75,0.01256637061,-0.05954135195,-0.02062141081,-0.0396983934,0.05533644187
88.8,0.01256637061,-0.05953863361,-0.02110321631,-0.03973835157,0.05535321961
88.85,0.01256637061,-0.05953563524,-0.02157435096,-0.03977351762,0.05536889467
88.9,0.01256637061,-0.05953235416,-0.0220346022,-0.03980368938,0.05538357649
88.95,0.01256637061,-0.05952878767,-0.02248375746,-0.03982866471,0.05539737451
89,0.01256637061,-0.05952493309,-0.02292160418,-0.03984824144,0.05541039817
89.05,0.01256637061,-0.05952078774,-0.02334792981,-0.03986221744,0.05542275691
89.1,0.01256637061,-0.05951634894,-0.02376252177,-0.03987039053,0.05543456017
89.15,0.01256637061,-0.059511614,-0.02416516751,-0.03987255858,0.05544591738
89.2,0.01256637061,-0.05950658023,-0.02455565447,-0.03986851943,0.05545693799
89.25,0.01256637061,-0.05950124497,-0.02493377008,-0.03985807092,0.05546773144
89.3,0.01256637061,-0.05949560551,-0.02529930178,-0.0398410109,0.05547840716
89.35,0.01256637061,-0.05948965917,-0.02565203701,-0.03981713723,0.05548907459
89.4,0.01256637061,-0.05948340328,-0.02599176321,-0.03978624773,0.05549984318
89.45,0.01256637061,-0.05947683515,-0.02631826781,-0.03974814027,0.05551082235
89.5,0.01256637061,-0.05946995209,-0.02663133826,-0.03970261269,0.05552212156
89.55,0.01256637061,-0.05946275143,-0.02693076199,-0.03964946283,0.05553385024
89.6,0.01256637061,-0.05945523047,-0.02721632643,-0.03958848855,0.05554611783
89.65,0.01256637061,-0.05944738653,-0.02748781904,-0.03951948769,0.05555903376
89.7,0.01256637061,-0.05943921693,-0.02774502724,-0.03944225809,0.05557270748
89.75,0.01256637061,-0.05943071898,-0.02798773847,-0.0393565976,0.05558724843
89.8,0.01256637061,-0.05942189001,-0.02821574018,-0.03926230408,0.05560276605
89.85,0.01256637061,-0.05941272732,-0.02842881979,-0.03915917536,0.05561936977
89.9,0.01256637061,-0.05940322824,-0.02862676475,-0.0390470093,0.05563716904
89.95,0.01256637061,-0.05939339007,-0.0288093625,-0.03892560374,0.05565627328
90,0.01256637061,-0.05938321014,-0.02897640047,-0.03879475652,0.05567679195
90.05,0.01256637061,-0.05937268576,-0.02912766611,-0.0386542655,0.05569883449
90.1,0.01256637061,-0.05936181425,-0.02926294684,-0.03850392852,0.05572251032
90.15,0.01256637061,-0.05935059292,-0.02938203011,-0.03834354343,0.05574792889
90.2,0.01256637061,-0.05933901909,-0.02948470336,-0.03817290808,0.05577519965
90.25,0.01256637061,-0.05932709008,-0.02957075402,-0.0379918203,0.05580443202
90.3,0.01256637061,-0.0593148032,-0.02963996953,-0.03780007796,0.05583573545
90.35,0.01256637061,-0.05930215577,-0.02969213733,-0.03759747889,0.05586921937
90.4,0.01256637061,-0.0592891451,-0.02972704486,-0.03738382094,0.05590499323
90.45,0.01256637061,-0.05927576851,-0.02974447956,-0.03715890196,0.05594316647
90.5,0.01256637061,-0.05926202331,-0.02974422886,-0.0369225198,0.05598384852
90.55,0.01256637061,-0.05924790683,-0.0297260802,-0.0366744723,0.05602714882
90.6,0.01256637061,-0.05923341638,-0.02968982102,-0.03641455732,0.05607317682
90.65,0.01256637061,-0.05921854927,-0.02963523876,-0.03614257268,0.05612204195
90.7,0.01256637061,-0.05920330282,-0.02956212086,-0.03585831626,0.05617385365
90.75,0.01256637061,-0.05918767434,-0.02947025475,-0.03556158588,0.05622872136
90.8,0.01256637061,-0.05917166116,-0.02935942787,-0.0352521794,0.05628675452
90.85,0.01256637061,-0.05915526059,-0.02922942766,-0.03492989466,0.05634806256
90.9,0.01256637061,-0.05913846994,-0.02908004156,-0.03459452952,0.05641275494
90.95,0.01256637061,-0.05912128654,-0.02891105701,-0.03424588181,0.05648094108
91,0.01256637061,-0.05910370769,-0.02872226144,-0.03388374939,0.05655273042
91.05,0.01256637061,-0.05908573071,-0.02851344229,-0.0335079301,0.05662823241
91.1,0.01256637061,-0.05906735292,-0.028284387,-0.03311822179,0.05670755649
91.15,0.01256637061,-0.05904857164,-0.02803488301,-0.0327144223,0.05679081209
91.2,0.01256637061,-0.05902938418,-0.02776471776,-0.03229632949,0.05687810865
91.25,0.01256637061,-0.05900978785,-0.02747367868,-0.03186374119,0.05696955561
91.3,0.01256637061,-0.05898986277,-0.0271747561,-0.03142839697,0.05705983353
91.35,0.01256637061,-0.05896969252,-0.02688101093,-0.03100208424,0.05714363721
91.4,0.01256637061,-0.0589492796,-0.02659233648,-0.03058467263,0.05722109753
91.45,0.01256637061,-0.05892862655,-0.02630862605,-0.03017603175,0.05729234533
91.5,0.01256637061,-0.05890773589,-0.02602977294,-0.02977603123,0.05735751147
91.55,0.01256637061,-0.05888661013,-0.02575567048,-0.0293845407,0.0574167268
91.6,0.01256637061,-0.0588652518,-0.02548621196,-0.02900142978,0.05747012218
91.65,0.01256637061,-0.05884366342,-0.02522129069,-0.02862656809,0.05751782845
91.7,0.01256637061,-0.05882184751,-0.02496079998,-0.02825982526,0.05755997648
91.75,0.01256637061,-0.05879980659,-0.02470463315,-0.02790107091,0.05759669712
91.8,0.01256637061,-0.05877754318,-0.02445268348,-0.02755017467,0.05762812123
91.85,0.01256637061,-0.05875505981,-0.02420484431,-0.02720700616,0.05765437965
91.9,0.01256637061,-0.05873235899,-0.02396100892,-0.026871435,0.05767560324
91.95,0.01256637061,-0.05870944325,-0.02372107063,-0.02654333083,0.05769192287
92,0.01256637061,-0.05868631511,-0.02348492275,-0.02622256326,0.05770346937
92.05,0.01256637061,-0.05866297708,-0.02325245858,-0.02590900191,0.0577103736
92.1,0.01256637061,-0.0586394317,-0.02302357143,-0.02560251642,0.05771276643
92.15,0.01256637061,-0.05861568147,-0.02279815462,-0.0253029764,0.05771077869
92.2,0.01256637061,-0.05859172893,-0.02257610144,-0.02501025149,0.05770454126
92.25,0.01256637061,-0.05856757659,-0.0223573052,-0.0247242113,0.05769418498
92.3,0.01256637061,-0.05854322697,-0.02214165922,-0.02444472546,0.0576798407
92.35,0.01256637061,-0.0585186826,-0.02192905679,-0.02417166359,0.05766163928
92.4,0.01256637061,-0.058493946,-0.02171939124,-0.02390489532,0.05763971158
92.45,0.01256637061,-0.05846901968,-0.02151255586,-0.02364429027,0.05761418845
92.5,0.01256637061,-0.05844390618,-0.02130844396,-0.02338971807,0.05758520074
92.55,0.01256637061,-0.058418608,-0.02110694886,-0.02314104833,0.05755287931
92.6,0.01256637061,-0.05839312767,-0.02090796385,-0.0228981507,0.05751735501
92.65,0.01256637061,-0.05836746772,-0.02071138224,-0.02266089478,0.05747875869
92.7,0.01256637061,-0.05834163066,-0.02051709736,-0.0224291502,0.05743722122
92.75,0.01256637061,-0.05831561901,-0.02032500249,-0.02220278659,0.05739287344
92.8,0.01256637061,-0.05828943531,-0.02013499095,-0.02198167357,0.05734584621
92.85,0.01256637061,-0.05826308205,-0.01994695605,-0.02176568077,0.05729627039
92.9,0.01256637061,-0.05823656178,-0.01976079109,-0.02155467781,0.05724427682
92.95,0.01256637061,-0.058209877,-0.01957638938,-0.02134853431,0.05718999636
93,0.01256637061,-0.05818303025,-0.01939364423,-0.0211471199,0.05713355987
93.05,0.01256637061,-0.05815602404,-0.01921244895,-0.0209503042,0.0570750982
93.1,0.01256637061,-0.05812886089,-0.01903269684,-0.02075795684,0.0570147422
93.15,0.01256637061,-0.05810154332,-0.01885428122,-0.02056994744,0.05695262274
93.2,0.01256637061,-0.05807407386,-0.01867709539,-0.02038614563,0.05688887065
93.25,0.01256637061,-0.05804645503,-0.01850103265,-0.02020642102,0.0568236168
93.3,0.01256637061,-0.05801868934,-0.01832598632,-0.02003064325,0.05675699205
93.35,0.01256637061,-0.05799077932,-0.0181518497,-0.01985868194,0.05668912724
93.4,0.01256637061,-0.0579627275,-0.0179785161,-0.01969040671,0.05662015323
93.45,0.01256637061,-0.05793453638,-0.01780587883,-0.01952568718,0.05655020088
93.5,0.01256637061,-0.05790620849,-0.0176338312,-0.01936439299,0.05647940103
93.55,0.01256637061,-0.05787774636,-0.01746226651,-0.01920639375,0.05640788455
93.6,0.01256637061,-0.05784915251,-0.01729107807,-0.01905155909,0.05633578229
93.65,0.01256637061,-0.05782042945,-0.01712015919,-0.01889975863,0.05626322509
93.7,0.01256637061,-0.0577915797,-0.01694940317,-0.018750862,0.05619034383
93.75,0.01256637061,-0.05776260579,-0.01677870333,-0.01860473883,0.05611726934
93.8,0.01256637061,-0.05773351025,-0.01660795298,-0.01846125873,0.05604413249
93.85,0.01256637061,-0.05770429558,-0.01643704541,-0.01832029133,0.05597106412
93.9,0.01256637061,-0.05767496431,-0.01626587393,-0.01818170625,0.0558981951
93.95,0.01256637061,-0.05764551897,-0.01609433187,-0.01804537312,0.05582565628
94,0.01256637061,-0.05761596207,-0.01592231251,-0.01791116157,0.05575357851
94.05,0.01256637061,-0.05758629614,-0.01574970917,-0.01777894121,0.05568209264
94.1,0.01256637061,-0.05755652369,-0.01557641517,-0.01764858168,0.05561132954
94.15,0.01256637061,-0.05752664725,-0.01540232379,-0.01751995259,0.05554142004
94.2,0.01256637061,-0.05749666934,-0.01522732836,-0.01739292357,0.05547249502
94.25,0.01256637061,-0.05746659247,-0.01505132218,-0.01726736425,0.05540468532
94.3,0.01256637061,-0.05743641918,-0.01487419856,-0.01714314424,0.0553381218
94.35,0.01256637061,-0.05740615198,-0.0146958508,-0.01702013318,0.05527293531
94.4,0.01256637061,-0.0573757934,-0.01451617222,-0.01689820068,0.05520925671
94.45,0.01256637061,-0.05734534594,-0.01433505612,-0.01677721637,0.05514721684
94.5,0.01256637061,-0.05731481215,-0.01415239581,-0.01665704988,0.05508694657
94.55,0.01256637061,-0.05728419452,-0.01396808459,-0.01653757083,0.05502857675
94.6,0.01256637061,-0.0572534956,-0.01378201578,-0.01641864885,0.05497223823
94.65,0.01256637061,-0.0572227179,-0.01359408268,-0.01630015355,0.05491806187
94.7,0.01256637061,-0.05719186393,-0.01340417859,-0.01618195456,0.05486617852
94.75,0.01256637061,-0.05716093623,-0.01321219684,-0.01606392151,0.05481671904
94.8,0.01256637061,-0.05712993731,-0.01301803072,-0.01594592402,0.05476981427
94.85,0.01256637061,-0.05709886969,-0.01282157354,-0.01582783172,0.05472559508
94.9,0.01256637061,-0.0570677359,-0.01262271861,-0.01570951423,0.05468419232
94.95,0.01256637061,-0.05703653846,-0.01242135924,-0.01559084117,0.05464573684
95,0.01256637061,-0.05700527988,-0.01221738873,-0.01547168216,0.0546103595
95.05,0.01256637061,-0.05697396269,-0.0120107004,-0.01535190684,0.05457819115
95.1,0.01256637061,-0.05694258941,-0.01180118755,-0.01523138483,0.05454936265
95.15,0.01256637061,-0.05691116255,-0.01158874348,-0.01510998574,0.05452400485
95.2,0.01256637061,-0.05687968466,-0.01137326151,-0.01498757921,0.0545022486
95.25,0.01256637061,-0.05684815823,-0.01115463495,-0.01486403486,0.05448422475
95.3,0.01256637061,-0.0568165858,-0.01093275709,-0.01473922232,0.05447006418
95.35,0.01256637061,-0.05678496988,-0.01070752126,-0.0146130112,0.05445989772
95.4,0.01256637061,-0.056753313,-0.01047882075,-0.01448527113,0.05445385623
95.45,0.01256637061,-0.05672161768,-0.01024654887,-0.01435587174,0.05445207056
95.5,0.01256637061,-0.05668988643,-0.01001059893,-0.01422468264,0.05445467158
95.55,0.01256637061,-0.05665812179,-0.009770864249,-0.01409157348,0.05446179013
95.6,0.01256637061,-0.05662632626,-0.00952723812,-0.01395641386,0.05447355707
95.65,0.01256637061,-0.05659450238,-0.009279613856,-0.01381907341,0.05449010325
95.7,0.01256637061,-0.05656265266,-0.009027884764,-0.01367942176,0.05451155953
95.75,0.01256637061,-0.05653077963,-0.008771944151,-0.01353732853,0.05453805676
95.8,0.01256637061,-0.0564988858,-0.008511685326,-0.01339266335,0.05456972579
95.85,0.01256637061,-0.0564669737,-0.008247001596,-0.01324529584,0.05460669749
95.9,0.01256637061,-0.05643504585,-0.007977786269,-0.01309509562,0.0546491027
95.95,0.01256637061,-0.05640310476,-0.007703932652,-0.01294193232,0.05469707228
96,0.01256637061,-0.05637115297,-0.007425334053,-0.01278567556,0.05475073708
96.05,0.01256637061,-0.05633919299,-0.007141883779,-0.01262619497,0.05481022796
96.1,0.01256637061,-0.05630722734,-0.006853475139,-0.01246336017,0.05487567576
96.15,0.01256637061,-0.05627525854,-0.00656000144,-0.01229704079,0.05494721136
96.2,0.01256637061,-0.05624328912,-0.006261355989,-0.01212710644,0.05502496559
96.25,0.01256637061,-0.0562113216,-0.005957432095,-0.01195342676,0.05510906932
96.3,0.01256637061,-0.05617935849,-0.005648123064,-0.01177587137,0.0551996534
96.35,0.01256637061,-0.05614740232,-0.005333322205,-0.01159430989,0.05529684868
96.4,0.01256637061,-0.05611545561,-0.005012922825,-0.01140861194,0.05540078602
96.45,0.01256637061,-0.05608352088,-0.004686818231,-0.01121864716,0.05551159626
96.5,0.01256637061,-0.05605160066,-0.004354901732,-0.01102428516,0.05562941028
96.55,0.01256637061,-0.05601969745,-0.004017066635,-0.01082539557,0.05575435891
96.6,0.01256637061,-0.0559878138,-0.003673206248,-0.01062184801,0.05588657302
96.65,0.01256637061,-0.0559559522,-0.003323213878,-0.01041351211,0.05602618345
96.7,0.01256637061,-0.05592404381,-0.002968647141,-0.01020428035,0.05616109282
96.75,0.01256637061,-0.05589186695,-0.002614833015,-0.01000697197,0.05625198349
96.8,0.01256637061,-0.05585942279,-0.00226213319,-0.009822198005,0.05629655121
96.85,0.01256637061,-0.05582673068,-0.001910494264,-0.009649558798,0.05629556052
96.9,0.01256637061,-0.05579380994,-0.001559862836,-0.009488654685,0.05624977594
96.95,0.01256637061,-0.05576067991,-0.001210185506,-0.009339086003,0.05615996202
97,0.01256637061,-0.05572735993,-0.0008614088713,-0.009200453091,0.05602688329
97.05,0.01256637061,-0.05569386934,-0.000513479532,-0.009072356286,0.05585130428
97.1,0.01256637061,-0.05566022746,-0.0001663440866,-0.008954395927,0.05563398953
97.15,0.01256637061,-0.05562645365,0.0001800508659,-0.00884617235,0.05537570357
97.2,0.01256637061,-0.05559256722,0.0005257587267,-0.008747285895,0.05507721095
97.25,0.01256637061,-0.05555858753,0.0008708328967,-0.008657336898,0.05473927619
97.3,0.01256637061,-0.0555245339,0.001215326777,-0.008575925697,0.05436266383
97.35,0.01256637061,-0.05549042568,0.001559293769,-0.008502652631,0.05394813841
97.4,0.01256637061,-0.05545628219,0.001902787273,-0.008437118038,0.05349646446
97.45,0.01256637061,-0.05542212277,0.002245860691,-0.008378922254,0.05300840651
97.5,0.01256637061,-0.05538796677,0.002588567424,-0.008327665618,0.05248472911
97.55,0.01256637061,-0.05535383351,0.002930960873,-0.008282948467,0.05192619678
97.6,0.01256637061,-0.05531974233,0.003273094438,-0.00824437114,0.05133357406
97.65,0.01256637061,-0.05528571257,0.003615021522,-0.008211533975,0.05070762549
97.7,0.01256637061,-0.05525176356,0.003956795524,-0.008184037308,0.05004911561
97.75,0.01256637061,-0.05521791464,0.004298469847,-0.008161481479,0.04935880894
97.8,0.01256637061,-0.05518418515,0.00464009789,-0.008143466824,0.04863747002
97.85,0.01256637061,-0.05515059442,0.004981733057,-0.008129593683,0.04788586339
97.9,0.01256637061,-0.05511716179,0.005323428746,-0.008119462391,0.04710475358
97.95,0.01256637061,-0.05508390659,0.00566523836,-0.008112673288,0.04629490513
98,0.01256637061,-0.05505084817,0.006007215299,-0.008108826711,0.04545708257
98.05,0.01256637061,-0.05501800585,0.006349412966,-0.008107522998,0.04459205044
98.1,0.01256637061,-0.05498539897,0.006691884759,-0.008108362487,0.04370057328
98.15,0.01256637061,-0.05495304687,0.007034684082,-0.008110945516,0.04278341561
98.2,0.01256637061,-0.05492096888,0.007377864335,-0.008114872422,0.04184134198
98.25,0.01256637061,-0.05488918435,0.007721478918,-0.008119743543,0.04087511692
98.3,0.01256637061,-0.0548577126,0.008065581234,-0.008125159218,0.03988550496
98.35,0.01256637061,-0.05482657298,0.008410224682,-0.008130719783,0.03887327064
98.4,0.01256637061,-0.05479578481,0.008755462665,-0.008136025578,0.03783917849
98.45,0.01256637061,-0.05476536744,0.009101348583,-0.008140676939,0.03678399306
98.5,0.01256637061,-0.0547353402,0.009447935838,-0.008144274204,0.03570847887
98.55,0.01256637061,-0.05470572242,0.00979527783,-0.008146417712,0.03461340046
98.6,0.01256637061,-0.05467653345,0.01014342796,-0.0081467078,0.03349952236
98.65,0.01256637061,-0.05464779262,0.01049243963,-0.008144744806,0.03236760912
98.7,0.01256637061,-0.05461951927,0.01084236624,-0.008140129068,0.03121842526
98.75,0.01256637061,-0.05459173272,0.01119326119,-0.008132460923,0.03005273533
98.8,0.01256637061,-0.05456445232,0.01154517789,-0.00812134071,0.02887130384
98.85,0.01256637061,-0.05453769741,0.01189816973,-0.008106368766,0.02767489536
98.9,0.01256637061,-0.05451148731,0.01225229011,-0.008087145429,0.02646427439
98.95,0.01256637061,-0.05448584137,0.01260759244,-0.008063271038,0.02524020549
99,0.01256637061,-0.05446077893,0.01296413012,-0.008034345929,0.02400345319
99.05,0.01256637061,-0.05443631931,0.01332195655,-0.007999970441,0.02275478202
99.1,0.01256637061,-0.05441248185,0.01368112512,-0.007959744911,0.02149495652
99.15,0.01256637061,-0.05438928589,0.01404168925,-0.007913269677,0.02022474121
99.2,0.01256637061,-0.05436675077,0.01440370233,-0.007860145078,0.01894490065
99.25,0.01256637061,-0.05434489582,0.01476721776,-0.00779997145,0.01765619936
99.3,0.01256637061,-0.05432374038,0.01513228894,-0.007732349133,0.01635940188
99.35,0.01256637061,-0.05430330379,0.01549896928,-0.007656878463,0.01505527274
99.4,0.01256637061,-0.05428360537,0.01586731218,-0.007573159778,0.01374457648
99.45,0.01256637061,-0.05426466447,0.01623737103,-0.007480793417,0.01242807763
99.5,0.01256637061,-0.05424650042,0.01660919924,-0.007379379717,0.01110654074
99.55,0.01256637061,-0.05422913256,0.01698285021,-0.007268519016,0.009780730325
99.6,0.01256637061,-0.05421258022,0.01735837733,-0.007147811652,0.008451410931
99.65,0.01256637061,-0.05419686275,0.01773583403,-0.007016857962,0.007119347092
99.7,0.01256637061,-0.05418199947,0.01811527368,-0.006875258285,0.005785303343
99.75,0.01256637061,-0.05416800972,0.01849674969,-0.006722612958,0.004450044219
99.8,0.01256637061,-0.05415491285,0.01888031547,-0.006558522319,0.003114334255
99.85,0.01256637061,-0.05414272817,0.01926602442,-0.006382586706,0.001778937986
99.9,0.01256637061,-0.05413147504,0.01965392993,-0.006194406457,0.0004446199482
99.95,0.01256637061,-0.05412117279,0.02004408542,-0.005993581909,-0.0008878553242
100,0.01256637061,-0.05411184074,0.02043654426,-0.005779713401,-0.002217723296
100.05,0.01256637061,-0.05410349825,0.02083135988,-0.00555240127,-0.003544219431
100.1,0.01256637061,-0.05409616464,0.02122858568,-0.005311245855,-0.004866579195
100.15,0.01256637061,-0.05408985925,0.02162827504,-0.005055847492,-0.006184038052
100.2,0.01256637061,-0.05408460142,0.02203048137,-0.00478580652,-0.007495831468
100.25,0.01256637061,-0.05408041049,0.02243525808,-0.004500723277,-0.008801194907
100.3,0.01256637061,-0.05407730578,0.02284265857,-0.0042001981,-0.01009936383
100.35,0.01256637061,-0.05407530664,0.02325273623,-0.003883831327,-0.01138957371
100.4,0.01256637061,-0.0540744324,0.02366554447,-0.003551223297,-0.01267106001
100.45,0.01256637061,-0.0540747024,0.02408113669,-0.003201974346,-0.01394305819
100.5,0.01256637061,-0.05407613597,0.02449956629,-0.002835684813,-0.01520480371
100.55,0.01256637061,-0.05407875245,0.02492088667,-0.002451955036,-0.01645553205
100.6,0.01256637061,-0.05408257117,0.02534515123,-0.002050385352,-0.01769447867
100.65,0.01256637061,-0.05408761148,0.02577241337,-0.0016305761,-0.01892087902
100.7,0.01256637061,-0.0540938927,0.0262027265,-0.001192127616,-0.02013396859
100.75,0.01256637061,-0.05410143418,0.02663614401,-0.00073464024,-0.02133298282
100.8,0.01256637061,-0.05411025525,0.02707271931,-0.0002577143082,-0.02251715719
100.85,0.01256637061,-0.05412037525,0.0275125058,0.0002390498409,-0.02368572716
100.9,0.01256637061,-0.05413181351,0.02795555687,0.0007560518695,-0.0248379282
100.95,0.01256637061,-0.05414458936,0.02840192594,0.00129369144,-0.02597299576
101,0.01256637061,-0.05415872215,0.02885166639,0.001852368214,-0.02709016532
101.05,0.01256637061,-0.05417423121,0.02930483164,0.002432481855,-0.02818867234
101.1,0.01256637061,-0.05419113588,0.02976147508,0.003034432023,-0.02926775229
101.15,0.01256637061,-0.05420945549,0.03022165011,0.003658618382,-0.03032664063
101.2,0.01256637061,-0.05422920938,0.03068541014,0.004305440594,-0.03136457282
101.25,0.01256637061,-0.05425041688,0.03115280856,0.00497529832,-0.03238078433
101.3,0.01256637061,-0.05427309733,0.03162389878,0.005668591224,-0.03337451062
101.35,0.01256637061,-0.05429727007,0.0320987342,0.006385718966,-0.03434498716
101.4,0.01256637061,-0.05432295443,0.03257736822,0.00712708121,-0.03529144942
101.45,0.01256637061,-0.05435016975,0.03305985424,0.007893077617,-0.03621313285
101.5,0.01256637061,-0.05437893537,0.03354624566,0.008684107849,-0.03710927293
101.55,0.01256637061,-0.05440927062,0.03403659588,0.00950057157,-0.03797910511
101.6,0.01256637061,-0.05444119483,0.03453095831,0.01034286844,-0.03882186487
101.65,0.01256637061,-0.05447472735,0.03502938634,0.01121139812,-0.03963678767
101.7,0.01256637061,-0.05450988751,0.03553193338,0.01210656028,-0.04042310896
101.75,0.01256637061,-0.05454669464,0.03603865282,0.01302875457,-0.04118006423
101.8,0.01256637061,-0.05458516808,0.03654959807,0.01397838066,-0.04190688893
101.85,0.01256637061,-0.05462532717,0.03706482253,0.01495583822,-0.04260281852
101.9,0.01256637061,-0.05466719124,0.0375843796,0.01596152689,-0.04326708848
101.95,0.01256637061,-0.05471077964,0.03810832268,0.01699584635,-0.04389893426
102,0.01256637061,-0.05475611169,0.03863670517,0.01805919626,-0.04449759133
102.05,0.01256637061,-0.05480320673,0.03916958048,0.01915197628,-0.04506229516
102.1,0.01256637061,-0.05485178857,0.03970561007,0.02027155882,-0.04559332114
102.15,0.01256637061,-0.0548980491,0.04022684292,0.02137895143,-0.04610371779
102.2,0.01256637061,-0.05494087043,0.04072804827,0.02246232647,-0.04659779893
102.25,0.01256637061,-0.05498032034,0.04120958579,0.02352195581,-0.04707579216
102.3,0.01256637061,-0.05501646662,0.04167181513,0.02455811134,-0.04753792509
102.35,0.01256637061,-0.05504937706,0.04211509597,0.02557106495,-0.04798442531
102.4,0.01256637061,-0.05507911945,0.04253978796,0.02656108851,-0.04841552042
102.45,0.01256637061,-0.05510576159,0.04294625077,0.02752845391,-0.04883143804
102.5,0.01256637061,-0.05512937126,0.04333484406,0.02847343303,-0.04923240574
102.55,0.01256637061,-0.05515001624,0.0437059275,0.02939629775,-0.04961865115
102.6,0.01256637061,-0.05516776434,0.04405986074,0.03029731997,-0.04999040185
102.65,0.01256637061,-0.05518268334,0.04439700346,0.03117677155,-0.05034788544
102.7,0.01256637061,-0.05519484103,0.04471771531,0.03203492438,-0.05069132953
102.75,0.01256637061,-0.0552043052,0.04502235596,0.03287205036,-0.05102096172
102.8,0.01256637061,-0.05521114364,0.04531128506,0.03368842135,-0.05133700961
102.85,0.01256637061,-0.05521542414,0.0455848623,0.03448430924,-0.0516397008
102.9,0.01256637061,-0.05521721449,0.04584344732,0.03525998592,-0.05192926288
102.95,0.01256637061,-0.05521658248,0.04608739979,0.03601572327,-0.05220592346
103,0.01256637061,-0.05521359589,0.04631707938,0.03675179316,-0.05246991014
103.05,0.01256637061,-0.05520832253,0.04653284574,0.03746846749,-0.05272145052
103.1,0.01256637061,-0.05520083017,0.04673505855,0.03816601814,-0.0529607722
103.15,0.01256637061,-0.05519118661,0.04692407746,0.03884471699,-0.05318810278
103.2,0.01256637061,-0.05517945964,0.04710026213,0.03950483593,-0.05340366986
103.25,0.01256637061,-0.05516571704,0.04726397224,0.04014664682,-0.05360770104
103.3,0.01256637061,-0.05515002661,0.04741556744,0.04077042157,-0.05380042392
103.35,0.01256637061,-0.05513245614,0.0475554074,0.04137643205,-0.0539820661
103.4,0.01256637061,-0.05511307342,0.04768385178,0.04196495014,-0.05415285518
103.45,0.01256637061,-0.05509194623,0.04780126025,0.04253624774,-0.05431301877
103.5,0.01256637061,-0.05506914237,0.04790799246,0.04309059671,-0.05446278445
103.55,0.01256637061,-0.05504472962,0.04800440808,0.04362826895,-0.05460237984
103.6,0.01256637061,-0.05501877578,0.04809086678,0.04414953633,-0.05473203254
103.65,0.01256637061,-0.05499134864,0.04816772822,0.04465467075,-0.05485197013
103.7,0.01256637061,-0.05496251598,0.04823535205,0.04514394407,-0.05496242023
103.75,0.01256637061,-0.05493234559,0.04829409795,0.0456176282,-0.05506361043
103.8,0.01256637061,-0.05490090527,0.04834432558,0.046075995,-0.05515576834
103.85,0.01256637061,-0.05486826281,0.0483863946,0.04651931636,-0.05523912155
103.9,0.01256637061,-0.05483448598,0.04842066467,0.04694786417,-0.05531389767
103.95,0.01256637061,-0.05479964259,0.04844749546,0.04736191031,-0.05538032429
104,0.01256637061,-0.05476380043,0.04846724663,0.04776172665,-0.05543862902
104.05,0.01256637061,-0.05472702728,0.04848027784,0.0481475851,-0.05548903945
104.1,0.01256637061,-0.05468939093,0.04848694876,0.04851975751,-0.05553178319
104.15,0.01256637061,-0.05465095917,0.04848761905,0.04887851579,-0.05556708784
104.2,0.01256637061,-0.05461179979,0.04848264838,0.04922413181,-0.05559518099
104.25,0.01256637061,-0.05457198059,0.0484723964,0.04955687746,-0.05561629025
104.3,0.01256637061,-0.05453156935,0.04845722278,0.04987702461,-0.05563064322
104.35,0.01256637061,-0.05449063386,0.04843748719,0.05018484516,-0.05563846749
104.4,0.01256637061,-0.05444924191,0.04841354928,0.05048061098,-0.05563999067
104.45,0.01256637061,-0.0544074613,0.04838576873,0.05076459396,-0.05563544037
104.5,0.01256637061,-0.0543653598,0.04835450518,0.05103706598,-0.05562504417
104.55,0.01256637061,-0.05432300521,0.04832011832,0.05129829892,-0.05560902968
104.6,0.01256637061,-0.05428046533,0.04828296779,0.05154856467,-0.0555876245
104.65,0.01256637061,-0.05423780793,0.04824341327,0.05178813511,-0.05556105622
104.7,0.01256637061,-0.05419510082,0.04820181442,0.05201728212,-0.05552955246
104.75,0.01256637061,-0.05415241177,0.04815853089,0.05223627759,-0.05549334081
104.8,0.01256637061,-0.05410980858,0.04811392236,0.05244539339,-0.05545264887
104.85,0.01256637061,-0.05406735905,0.04806834848,0.05264490142,-0.05540770425
104.9,0.01256637061,-0.05402513095,0.04802216893,0.05283507355,-0.05535873453
104.95,0.01256637061,-0.05398319208,0.04797574336,0.05301618167,-0.05530596733
105,0.01256637061,-0.05394161022,0.04792943144,0.05318849766,-0.05524963023
105.05,0.01256637061,-0.05390045318,0.04788359282,0.0533522934,-0.05518995085
105.1,0.01256637061,-0.05385978873,0.04783858718,0.05350784078,-0.05512715679
105.15,0.01256637061,-0.05381968467,0.04779477418,0.05365541168,-0.05506147563
105.2,0.01256637061,-0.05378020879,0.04775251347,0.05379527798,-0.05499313499
105.25,0.01256637061,-0.05374142887,0.04771216473,0.05392771157,-0.05492236247
105.3,0.01256637061,-0.05370341271,0.04767408762,0.05405298432,-0.05484938565
105.35,0.01256637061,-0.0536662281,0.04763864179,0.05417136813,-0.05477443216
105.4,0.01256637061,-0.05362994282,0.04760618692,0.05428313487,-0.05469772957
105.45,0.01256637061,-0.05359462467,0.04757708267,0.05438855643,-0.05461950551
105.5,0.01256637061,-0.05356034143,0.04755168869,0.05448790469,-0.05453998755
105.55,0.01256637061,-0.0535271609,0.04753036466,0.05458145153,-0.05445940332
105.6,0.01256637061,-0.05349515086,0.04751347024,0.05466946884,-0.0543779804
105.65,0.01256637061,-0.05346437911,0.04750136508,0.05475222849,-0.0542959464
105.7,0.01256637061,-0.05343491343,0.04749440886,0.05483000238,-0.05421352891
105.75,0.01256637061,-0.05340682162,0.04749296124,0.05490306239,-0.05413095554
105.8,0.01256637061,-0.05338017146,0.04749738187,0.05497168039,-0.05404845389
105.85,0.01256637061,-0.05335503075,0.04750803043,0.05503612827,-0.05396625155
105.9,0.01256637061,-0.05333146726,0.04752526657,0.05509667792,-0.05388457614
105.95,0.01256637061,-0.05330954881,0.04754944996,0.05515360121,-0.05380365524
106,0.01256637061,-0.05328934316,0.04758094027,0.05520717004,-0.05372371646
106.05,0.01256637061,-0.05327091812,0.04762009715,0.05525765628,-0.05364498741
106.1,0.01256637061,-0.05325434146,0.04766728027,0.05530533181,-0.05356769567
106.15,0.01256637061,-0.053239681,0.0477228493,0.05535046853,-0.05349206885
106.2,0.01256637061,-0.0532270045,0.04778716389,0.0553933383,-0.05341833455
106.25,0.01256637061,-0.05321637976,0.04786058371,0.05543421302,-0.05334672037
106.3,0.01256637061,-0.05320787458,0.04794346842,0.05547336457,-0.05327745391
106.35,0.01256637061,-0.05320155673,0.04803617769,0.05551106483,-0.05321076278
106.4,0.01256637061,-0.05319749402,0.04813907118,0.05554758568,-0.05314687456
106.45,0.01256637061,-0.05319575423,0.04825250855,0.05558319901,-0.05308601687
106.5,0.01256637061,-0.05319640515,0.04837684946,0.0556181767,-0.0530284173
106.55,0.01256637061,-0.05319951456,0.04851245359,0.05565279063,-0.05297430345
106.6,0.01256637061,-0.05320515027,0.04865968059,0.05568731269,-0.05292390292
106.65,0.01256637061,-0.05321338006,0.04881889012,0.05572201476,-0.05287744332
106.7,0.01256637061,-0.05322427171,0.04899044186,0.05575716872,-0.05283515224
106.75,0.01256637061,-0.05323789303,0.04917469545,0.05579304645,-0.05279725729
106.8,0.01256637061,-0.05325431179,0.04937201058,0.05582991985,-0.05276398606
106.85,0.01256637061,-0.05327359579,0.04958274689,0.05586806078,-0.05273556615
106.9,0.01256637061,-0.05329581282,0.04980726405,0.05590774114,-0.05271222517
106.95,0.01256637061,-0.05332103067,0.05004592173,0.0559492328,-0.05269419072
107,0.01256637061,-0.05334931712,0.05029907959,0.05599280765,-0.05268169039
107.05,0.01256637061,-0.05338073998,0.05056709729,0.05603873758,-0.05267495178
107.1,0.01256637061,-0.05341536702,0.0508503345,0.05608729446,-0.05267420251
107.15,0.01256637061,-0.05345326603,0.05114915087,0.05613875018,-0.05267967016
107.2,0.01256637061,-0.05349450481,0.05146390608,0.05619337662,-0.05269158233
107.25,0.01256637061,-0.05353915115,0.05179495979,0.05625144567,-0.05271016663
107.3,0.01256637061,-0.05358727284,0.05214267165,0.0563132292,-0.05273565067
107.35,0.01256637061,-0.05363893766,0.05250740133,0.05637899911,-0.05276826202
107.4,0.01256637061,-0.0536942134,0.0528895085,0.05644902727,-0.05280822831
107.45,0.01256637061,-0.05375316786,0.05328935282,0.05652358556,-0.05285577713
107.5,0.01256637061,-0.05381586883,0.05370729396,0.05660294588,-0.05291113607
107.55,0.01256637061,-0.05386165373,0.05410503405,0.05668396159,-0.05294056946
107.6,0.01256637061,-0.05387037411,0.05444466306,0.05676331414,-0.05291093368
107.65,0.01256637061,-0.05384286897,0.05472712239,0.05684101753,-0.05282334442
107.7,0.01256637061,-0.05377997729,0.05495335343,0.05691708577,-0.05267891735
107.75,0.01256637061,-0.05368253808,0.05512429755,0.05699153284,-0.05247876816
107.8,0.01256637061,-0.05355139032,0.05524089615,0.05706437275,-0.05222401254
107.85,0.01256637061,-0.05338737301,0.05530409062,0.0571356195,-0.05191576618
107.9,0.01256637061,-0.05319132513,0.05531482234,0.05720528708,-0.05155514475
107.95,0.01256637061,-0.05296408567,0.05527403271,0.0572733895,-0.05114326395
108,0.01256637061,-0.05270649363,0.05518266311,0.05733994074,-0.05068123947
108.05,0.01256637061,-0.052419388,0.05504165493,0.05740495482,-0.05017018698
108.1,0.01256637061,-0.05210360777,0.05485194957,0.05746844572,-0.04961122217
108.15,0.01256637061,-0.05175999193,0.0546144884,0.05753042745,-0.04900546073
108.2,0.01256637061,-0.05138937947,0.05433021281,0.05759091401,-0.04835401835
108.25,0.01256637061,-0.05099260938,0.0540000642,0.05764991939,-0.0476580107
108.3,0.01256637061,-0.05057052066,0.05362498396,0.05770745759,-0.04691855348
108.35,0.01256637061,-0.05012395229,0.05320591347,0.05776354261,-0.04613676237
108.4,0.01256637061,-0.04965374327,0.05274379412,0.05781818845,-0.04531375306
108.45,0.01256637061,-0.04916073259,0.05223956729,0.05787140911,-0.04445064123
108.5,0.01256637061,-0.04864575924,0.05169417439,0.05792321858,-0.04354854257
108.55,0.01256637061,-0.0481096622,0.05110855679,0.05797363087,-0.04260857276
108.6,0.01256637061,-0.04755328049,0.05048365589,0.05802265997,-0.04163184749
108.65,0.01256637061,-0.04697745307,0.04982041306,0.05807031988,-0.04061948244
108.7,0.01256637061,-0.04638301895,0.04911976971,0.0581166246,-0.03957259331
108.75,0.01256637061,-0.04577081711,0.04838266722,0.05816158813,-0.03849229577
108.8,0.01256637061,-0.04514168655,0.04761004698,0.05820522447,-0.03737970552
108.85,0.01256637061,-0.04449646626,0.04680285038,0.05824754761,-0.03623593823
108.9,0.01256637061,-0.04383599523,0.0459620188,0.05828857155,-0.03506210959
108.95,0.01256637061,-0.04316111245,0.04508849363,0.05832831029,-0.03385933529
109,0.01256637061,-0.04247265691,0.04418321627,0.05836677784,-0.03262873102
109.05,0.01256637061,-0.0417714676,0.0432471281,0.05840398818,-0.03137141246
109.1,0.01256637061,-0.04105838352,0.04228117051,0.05843995532,-0.03008849529
109.15,0.01256637061,-0.04033424365,0.04128628488,0.05847469326,-0.02878109521
109.2,0.01256637061,-0.03959988699,0.04026341261,0.05850821599,-0.02745032789
109.25,0.01256637061,-0.03885615253,0.03921349509,0.05854053751,-0.02609730902
109.3,0.01256637061,-0.03810387926,0.0381374737,0.05857167182,-0.02472315429
109.35,0.01256637061,-0.03734390617,0.03703628983,0.05860163293,-0.02332897939
109.4,0.01256637061,-0.03657707225,0.03591088487,0.05863043482,-0.0219159
109.45,0.01256637061,-0.0358042165,0.03476220021,0.05865809149,-0.0204850318
109.5,0.01256637061,-0.0350261779,0.03359117724,0.05868461695,-0.01903749048
109.55,0.01256637061,-0.03424379544,0.03239875734,0.0587100252,-0.01757439173
109.6,0.01256637061,-0.03345790812,0.03118588191,0.05873433022,-0.01609685123
109.65,0.01256637061,-0.03266935493,0.02995349233,0.05875754602,-0.01460598467
109.7,0.01256637061,-0.03187897486,0.02870252999,0.05877968661,-0.01310290773
109.75,0.01256637061,-0.0310876069,0.02743393628,0.05880076597,-0.0115887361
109.8,0.01256637061,-0.03029609005,0.02614865259,0.0588207981,-0.01006458546
109.85,0.01256637061,-0.02950526328,0.0248476203,0.05883979701,-0.00853157151
109.9,0.01256637061,-0.0287159656,0.02353178081,0.05885777669,-0.006990809922
109.95,0.01256637061,-0.027929036,0.0222020755,0.05887475114,-0.005443416386
110,0.01256637061,-0.02714531346,0.02085944577,0.05889073436,-0.003890506587
110.05,0.01256637061,-0.02636563699,0.01950483299,0.05890574035,-0.002333196211
110.1,0.01256637061,-0.02559084556,0.01813917857,0.0589197831,-0.0007726009434
110.15,0.01256637061,-0.02482177817,0.01676342388,0.05893287662,0.0007901635297
110.2,0.01256637061,-0.02405927382,0.01537851032,0.0589450349,0.002353981523
110.25,0.01256637061,-0.02330417148,0.01398537927,0.05895627194,0.003917737351
110.3,0.01256637061,-0.02255731017,0.01258497213,0.05896660174,0.005480315327
110.35,0.01256637061,-0.02181952885,0.01117823027,0.0589760383,0.007040599767
110.4,0.01256637061,-0.02109166654,0.009766095101,0.05898459561,0.008597474984
110.45,0.01256637061,-0.02037456221,0.008349507996,0.05899228768,0.01014982529
110.5,0.01256637061,-0.01966905487,0.006929410347,0.0589991285,0.01169653501
110.55,0.01256637061,-0.01897598349,0.005506743544,0.05900513208,0.01323648844
110.6,0.01256637061,-0.01829618708,0.004082448975,0.0590103124,0.01476856991
110.65,0.01256637061,-0.01763050462,0.002657468028,0.05901468348,0.01629166373
110.7,0.01256637061,-0.01697977511,0.001232742091,0.0590182593,0.01780465422
110.75,0.01256637061,-0.01634483753,-0.0001907874458,0.05902105386,0.01930642568
110.8,0.01256637061,-0.01572653087,-0.001612179195,0.05902308117,0.02079586243
110.85,0.01256637061,-0.01512569414,-0.003030491769,0.05902435522,0.02227184879
110.9,0.01256637061,-0.01454316632,-0.004444783777,0.05902489002,0.02373326907
110.95,0.01256637061,-0.01397978639,-0.005854113833,0.05902469955,0.02517900759
111,0.01256637061,-0.01343639336,-0.007257540547,0.05902379782,0.02660794866
111.05,0.01256637061,-0.01291382622,-0.008654122531,0.05902219883,0.02801897659
111.1,0.01256637061,-0.01241292395,-0.0100429184,0.05901991657,0.0294109757
111.15,0.01256637061,-0.01193452554,-0.01142298675,0.05901696504,0.0307828303
111.2,0.01256637061,-0.01147946999,-0.01279338622,0.05901335825,0.03213342471
111.25,0.01256637061,-0.01104859629,-0.0141531754,0.05900911018,0.03346164324
111.3,0.01256637061,-0.01064274343,-0.0155014129,0.05900423484,0.0347663702
111.35,0.01256637061,-0.0102627504,-0.01683715735,0.05899874623,0.03604648992
111.4,0.01256637061,-0.009909456192,-0.01815946734,0.05899265835,0.0373008867
111.45,0.01256637061,-0.009583699799,-0.0194674015,0.05898598519,0.03852844486
111.5,0.01256637061,-0.00928632021,-0.02076001843,0.05897874075,0.03972804871
111.55,0.01256637061,-0.009018156417,-0.02203637675,0.05897093903,0.04089858257
111.6,0.01256637061,-0.008780047411,-0.02329553506,0.05896259403,0.04203893076
111.65,0.01256637061,-0.008572832184,-0.02453655198,0.05895371975,0.04314797757
111.7,0.01256637061,-0.008397349727,-0.02575848612,0.05894433019,0.04422460734
111.75,0.01256637061,-0.008254439031,-0.0269603961,0.05893443933,0.04526770438
111.8,0.01256637061,-0.008144939088,-0.02814134051,0.05892406119,0.04627615299
111.85,0.01256637061,-0.008069688888,-0.02930037798,0.05891320977,0.0472488375
111.9,0.01256637061,-0.008029527423,-0.03043656712,0.05890189905,0.04818464221
111.95,0.01256637061,-0.008025293684,-0.03154896653,0.05889014304,0.04908245145
112,0.01256637061,-0.008057826662,-0.03263663483,0.05887795573,0.04994114953
112.05,0.01256637061,-0.008127965349,-0.03369863063,0.05886535114,0.05075962075
112.1,0.01256637061,-0.008236548736,-0.03473401254,0.05885234324,0.05153674944
112.15,0.01256637061,-0.008384415814,-0.03574183918,0.05883894605,0.05227141991
112.2,0.01256637061,-0.008572405574,-0.03672116915,0.05882517355,0.05296251648
112.25,0.01256637061,-0.008801357008,-0.03767106107,0.05881103976,0.05360892345
112.3,0.01256637061,-0.009072109108,-0.03859057354,0.05879655866,0.05420952515
112.35,0.01256637061,-0.009385500863,-0.03947876519,0.05878174426,0.05476320588
112.4,0.01256637061,-0.009742371265,-0.04033469461,0.05876661055,0.05526884997
112.45,0.01256637061,-0.01014355931,-0.04115742043,0.05875117154,0.05572534172
112.5,0.01256637061,-0.01058990398,-0.04194600125,0.05873544121,0.05613156545
112.55,0.01256637061,-0.01108224427,-0.04269949569,0.05871943358,0.05648640548
112.6,0.01256637061,-0.01162141918,-0.04341696236,0.05870316263,0.05678874611
112.65,0.01256637061,-0.01220826768,-0.04409745986,0.05868664237,0.05703747167
112.7,0.01256637061,-0.01284362879,-0.04474004681,0.05866988679,0.05723146647
112.75,0.01256637061,-0.01352834148,-0.04534378183,0.0586529099,0.05736961482
112.8,0.01256637061,-0.01426324475,-0.04590772351,0.05863572569,0.05745080103
112.85,0.01256637061,-0.01504917758,-0.04643093049,0.05861834815,0.05747390943
112.9,0.01256637061,-0.01588697898,-0.04691246136,0.0586007913,0.05743782432
112.95,0.01256637061,-0.01676269156,-0.04735807271,0.05858333358,0.05735616703
113,0.01256637061,-0.01762873091,-0.04778911184,0.0585668287,0.05727618983
113.05,0.01256637061,-0.01848152633,-0.04820741479,0.05855131483,0.05720146325
113.1,0.01256637061,-0.01932119278,-0.04861316392,0.05853676321,0.05713189246
113.15,0.01256637061,-0.02014784522,-0.04900654157,0.05852314511,0.05706738267
113.2,0.01256637061,-0.02096159862,-0.04938773012,0.0585104318,0.05700783905
113.25,0.01256637061,-0.02176256794,-0.04975691192,0.05849859452,0.05695316679
113.3,0.01256637061,-0.02255086816,-0.05011426932,0.05848760453,0.05690327109
113.35,0.01256637061,-0.02332661424,-0.05045998468,0.0584774331,0.05685805712
113.4,0.01256637061,-0.02408992115,-0.05079424037,0.05846805148,0.05681743007
113.45,0.01256637061,-0.02484090385,-0.05111721873,0.05845943093,0.05678129514
113.5,0.01256637061,-0.02557967731,-0.05142910212,0.05845154271,0.0567495575
113.55,0.01256637061,-0.0263063565,-0.0517300729,0.05844435809,0.05672212235
113.6,0.01256637061,-0.02702105638,-0.05202031343,0.0584378483,0.05669889486
113.65,0.01256637061,-0.02772389192,-0.05230000607,0.05843198462,0.05667978024
113.7,0.01256637061,-0.02841497809,-0.05256933317,0.05842673831,0.05666468366
113.75,0.01256637061,-0.02909442985,-0.05282847709,0.05842208062,0.05665351031
113.8,0.01256637061,-0.02976236217,-0.05307762018,0.05841798281,0.05664616538
113.85,0.01256637061,-0.03041889002,-0.05331694481,0.05841441614,0.05664255406
113.9,0.01256637061,-0.03106412836,-0.05354663333,0.05841135186,0.05664258153
113.95,0.01256637061,-0.03169819216,-0.0537668681,0.05840876125,0.05664615298
114,0.01256637061,-0.03232119638,-0.05397783147,0.05840661555,0.05665317359
114.05,0.01256637061,-0.032933256,-0.05417970581,0.05840488602,0.05666354856
114.1,0.01256637061,-0.03353448598,-0.05437267347,0.05840354392,0.05667718307
114.15,0.01256637061,-0.03412500129,-0.0545569168,0.05840256052,0.0566939823
114.2,0.01256637061,-0.03470491688,-0.05473261817,0.05840190706,0.05671385145
114.25,0.01256637061,-0.03527434774,-0.05489995993,0.05840155481,0.0567366957
114.3,0.01256637061,-0.03583340882,-0.05505912444,0.05840147503,0.05676242023
114.35,0.01256637061,-0.0363822151,-0.05521029406,0.05840163897,0.05679093024
114.4,0.01256637061,-0.03692088153,-0.05535365114,0.0584020179,0.05682213091
114.45,0.01256637061,-0.03744952309,-0.05548937804,0.05840258307,0.05685592743
114.5,0.01256637061,-0.03796825474,-0.05561765711,0.05840330573,0.05689222498
114.55,0.01256637061,-0.03847719145,-0.05573867072,0.05840415716,0.05693092876
114.6,0.01256637061,-0.03897644819,-0.05585260123,0.05840510861,0.05697194394
114.65,0.01256637061,-0.03946613991,-0.05595963098,0.05840613133,0.05701517572
114.7,0.01256637061,-0.0399463816,-0.05605994234,0.05840719658,0.05706052928
114.75,0.01256637061,-0.04041728821,-0.05615371767,0.05840827563,0.05710790981
114.8,0.01256637061,-0.04087897472,-0.05624113931,0.05840933973,0.0571572225
114.85,0.01256637061,-0.04133155608,-0.05632238963,0.05841036014,0.05720837253
114.9,0.01256637061,-0.04177514727,-0.05639765099,0.05841130812,0.05726126509
114.95,0.01256637061,-0.04220986325,-0.05646710574,0.05841215493,0.05731580536
115,0.01256637061,-0.04263581899,-0.05653093624,0.05841287182,0.05737189854
115.05,0.01256637061,-0.04305312945,-0.05658932485,0.05841343006,0.05742944981
115.1,0.01256637061,-0.0434619096,-0.05664245392,0.0584138009,0.05748836436
115.15,0.01256637061,-0.04386227442,-0.05669050581,0.0584139556,0.05754854737
115.2,0.01256637061,-0.04425433885,-0.05673366288,0.05841386542,0.05760990403
115.25,0.01256637061,-0.04463821788,-0.05677210749,0.05841350162,0.05767233953
115.3,0.01256637061,-0.04501402647,-0.05680602199,0.05841283546,0.05773575905
115.35,0.01256637061,-0.04538187958,-0.05683558874,0.05841183819,0.05780006779
115.4,0.01256637061,-0.04574189218,-0.0568609901,0.05841048108,0.05786517092
115.45,0.01256637061,-0.04609417924,-0.05688240842,0.05840873538,0.05793097364
115.5,0.01256637061,-0.04643885573,-0.05690002607,0.05840657235,0.05799738113
115.55,0.01256637061,-0.04677603661,-0.05691402539,0.05840396325,0.05806429858
115.6,0.01256637061,-0.04710583684,-0.05692458875,0.05840087934,0.05813163118
115.65,0.01256637061,-0.0474283714,-0.0569318985,0.05839729187,0.05819928411
115.7,0.01256637061,-0.04774375525,-0.056936137,0.05839317211,0.05826716256
115.75,0.01256637061,-0.04805210335,-0.05693748662,0.05838849132,0.05833517172
115.8,0.01256637061,-0.04835353068,-0.05693612969,0.05838322075,0.05840321677
115.85,0.01256637061,-0.04864815221,-0.05693224859,0.05837733165,0.05847120289
115.9,0.01256637061,-0.04893608288,-0.05692602567,0.0583707953,0.05853903529
115.95,0.01256637061,-0.04921743769,-0.05691764328,0.05836358295,0.05860661914
116,0.01256637061,-0.04949233158,-0.05690728379,0.05835566585,0.05867385963
116.05,0.01256637061,-0.04976087953,-0.05689512955,0.05834701527,0.05874066195
116.1,0.01256637061,-0.0500231965,-0.05688136292,0.05833760246,0.05880693129
116.15,0.01256637061,-0.05027939747,-0.05686616625,0.05832739869,0.05887257282
116.2,0.01256637061,-0.05052959739,-0.05684972191,0.0583163752,0.05893749175
116.25,0.01256637061,-0.05077391123,-0.05683221225,0.05830450326,0.05900159325
116.3,0.01256637061,-0.05101245397,-0.05681381962,0.05829175414,0.05906478251
116.35,0.01256637061,-0.05124534056,-0.05679472639,0.05827809907,0.05912696472
116.4,0.01256637061,-0.05147268598,-0.05677511491,0.05826350934,0.05918804506
116.45,0.01256637061,-0.05169460518,-0.05675516753,0.05824795619,0.05924792873
116.5,0.01256637061,-0.05191121314,-0.05673506663,0.05823141087,0.05930652091
116.55,0.01256637061,-0.05212262483,-0.05671499454,0.05821384466,0.05936372678
116.6,0.01256637061,-0.0523289552,-0.05669513364,0.05819522881,0.05941945154
116.65,0.01256637061,-0.05253031923,-0.05667566628,0.05817553458,0.05947360037
116.7,0.01256637061,-0.05272683189,-0.05665677481,0.05815473322,0.05952607846
116.75,0.01256637061,-0.05291860813,-0.05663864159,0.058132796,0.05957679099
116.8,0.01256637061,-0.05310576293,-0.05662144898,0.05810969417,0.05962564315
116.85,0.01256637061,-0.05328841126,-0.05660537933,0.05808539899,0.05967254012
116.9,0.01256637061,-0.05346666807,-0.05659061502,0.05805988173,0.05971738711
116.95,0.01256637061,-0.05364064834,-0.05657733838,0.05803311363,0.05976008928
117,0.01256637061,-0.05381046703,-0.05656573178,0.05800506596,0.05980055183
117.05,0.01256637061,-0.05397623911,-0.05655597757,0.05797570997,0.05983867995
117.1,0.01256637061,-0.05413807954,-0.05654825812,0.05794501693,0.05987437882
117.15,0.01256637061,-0.0542961033,-0.05654275578,0.05791295809,0.05990755363
117.2,0.01256637061,-0.05445042535,-0.0565396529,0.05787950472,0.05993810956
117.25,0.01256637061,-0.05460116066,-0.05653913185,0.05784462806,0.05996595181
117.3,0.01256637061,-0.05474842418,-0.05654137498,0.05780829939,0.05999098555
117.35,0.01256637061,-0.0548923309,-0.05654656464,0.05777048995,0.06001311599
117.4,0.01256637061,-0.05503299577,-0.05655488321,0.057731171,0.06003224829
117.45,0.01256637061,-0.05517053376,-0.05656651302,0.05769031381,0.06004828766
117.5,0.01256637061,-0.05530505984,-0.05658163645,0.05764788964,0.06006113927
117.55,0.01256637061,-0.05543668898,-0.05660043584,0.05760386973,0.06007070832
117.6,0.01256637061,-0.05556553614,-0.05662309356,0.05755822536,0.06007689998
117.65,0.01256637061,-0.05569171628,-0.05664979196,0.05751092777,0.06007961946
117.7,0.01256637061,-0.05581534439,-0.0566807134,0.05746194823,0.06007877193
117.75,0.01256637061,-0.05593653541,-0.05671604023,0.057411258,0.06007426258
117.8,0.01256637061,-0.05605540432,-0.05675595482,0.05735882833,0.0600659966
117.85,0.01256637061,-0.05617206609,-0.05680063952,0.05730463048,0.06005387917
117.9,0.01256637061,-0.05628663568,-0.05685027668,0.05724863571,0.06003781549
117.95,0.01256637061,-0.05639922806,-0.05690504867,0.05719081529,0.06001771073
118,0.01256637061,-0.05650995819,-0.05696513785,0.05713114046,0.05999347009
118.05,0.01256637061,-0.05661894105,-0.05703072656,0.05706958249,0.05996499876
118.1,0.01256637061,-0.05672629159,-0.05710199717,0.05700611263,0.05993220191
118.15,0.01256637061,-0.05683212478,-0.05717913203,0.05694070215,0.05989498474
118.2,0.01256637061,-0.0569365556,-0.0572623135,0.0568733223,0.05985325243
118.25,0.01256637061,-0.05703969901,-0.05735172395,0.05680394434,0.05980691017
118.3,0.01256637061,-0.05714166997,-0.05744754571,0.05673253953,0.05975586315
118.35,0.01256637061,-0.05724245196,-0.05754923605,0.05665978773,0.05970052843
118.4,0.01256637061,-0.05734043351,-0.05764753214,0.05659474548,0.05964746548
118.45,0.01256637061,-0.05743515042,-0.05773965754,0.05653982308,0.0595986264
118.5,0.01256637061,-0.05752666017,-0.05782573159,0.05649456478,0.05955391572
118.55,0.01256637061,-0.05761502029,-0.05790587364,0.05645851482,0.05951323797
118.6,0.01256637061,-0.05770028825,-0.05798020304,0.05643121745,0.05947649767
118.65,0.01256637061,-0.05778252157,-0.05804883913,0.05641221693,0.05944359936
118.7,0.01256637061,-0.05786177775,-0.05811190126,0.0564010575,0.05941444756
118.75,0.01256637061,-0.05793811428,-0.05816950878,0.05639728343,0.05938894681
118.8,0.01256637061,-0.05801158867,-0.05822178102,0.05640043895,0.05936700163
118.85,0.01256637061,-0.05808225842,-0.05826883734,0.05641006833,0.05934851655
118.9,0.01256637061,-0.05815018103,-0.05831079709,0.0564257158,0.0593333961
118.95,0.01256637061,-0.058215414,-0.0583477796,0.05644692563,0.05932154481
119,0.01256637061,-0.05827801483,-0.05837990423,0.05647324206,0.05931286721
119.05,0.01256637061,-0.05833804102,-0.05840729031,0.05650420935,0.05930726782
119.1,0.01256637061,-0.05839555007,-0.05843005721,0.05653937174,0.05930465118
119.15,0.01256637061,-0.05845059948,-0.05844832425,0.05657827349,0.05930492181
119.2,0.01256637061,-0.05850324676,-0.0584622108,0.05662045884,0.05930798425
119.25,0.01256637061,-0.0585535494,-0.05847183619,0.05666547205,0.05931374302
119.3,0.01256637061,-0.05860156491,-0.05847731976,0.05671285737,0.05932210264
119.35,0.01256637061,-0.05864735079,-0.05847878088,0.05676215906,0.05933296766
119.4,0.01256637061,-0.05869096453,-0.05847633888,0.05681292135,0.0593462426
119.45,0.01256637061,-0.05873246364,-0.05847011311,0.0568646885,0.05936183199
119.5,0.01256637061,-0.05877190562,-0.05846022291,0.05691700477,0.05937964035
119.55,0.01256637061,-0.05880934797,-0.05844678763,0.0569694144,0.05939957221
119.6,0.01256637061,-0.05884484819,-0.05842992662,0.05702146164,0.05942153211
119.65,0.01256637061,-0.05887846378,-0.05840975922,0.05707269076,0.05944542458
119.7,0.01256637061,-0.05891025224,-0.05838640478,0.05712264598,0.05947115413
119.75,0.01256637061,-0.05894027107,-0.05835998264,0.05717087158,0.05949862531
119.8,0.01256637061,-0.05896857778,-0.05833061216,0.0572169118,0.05952774264
119.85,0.01256637061,-0.05899522986,-0.05829841267,0.05726031088,0.05955841064
119.9,0.01256637061,-0.05902028482,-0.05826350352,0.05730061309,0.05959053385
119.95,0.01256637061,-0.05904380015,-0.05822600407,0.05733736266,0.0596240168
120,0.01256637061,-0.05906583336,-0.05818603364,0.05737010386,0.05965876401
120.05,0.01256637061,-0.05908644194,-0.0581437116,0.05739838094,0.05969468002
120.1,0.01256637061,-0.05910568341,-0.05809915729,0.05742173813,0.05973166934
120.15,0.01256637061,-0.05912361525,-0.05805249005,0.05743971971,0.05976963652
120.2,0.01256637061,-0.05914029497,-0.05800382922,0.05745186991,0.05980848608
120.25,0.01256637061,-0.05915578008,-0.05795329416,0.05745773299,0.05984812255
120.3,0.01256637061,-0.05917012806,-0.05790100422,0.05745685319,0.05988845046
120.35,0.01256637061,-0.05918339643,-0.05784707872,0.05744877478,0.05992937434
120.4,0.01256637061,-0.05919564268,-0.05779163704,0.05743304199,0.05997079871
120.45,0.01256637061,-0.05920692432,-0.0577347985,0.05740919909,0.0600126281
120.5,0.01256637061,-0.05921729884,-0.05767668245,0.05737679032,0.06005476705
120.55,0.01256637061,-0.05922682374,-0.05761740825,0.05733535993,0.06009712008
120.6,0.01256637061,-0.05923555653,-0.05755709523,0.05728445218,0.06013959172
120.65,0.01256637061,-0.05924355471,-0.05749586275,0.05722361132,0.06018208651
120.7,0.01256637061,-0.05925087577,-0.05743383014,0.05715238158,0.06022450896
120.75,0.01256637061,-0.05925757723,-0.05737111676,0.05707030724,0.06026676361
120.8,0.01256637061,-0.05926371657,-0.05730784195,0.05697693254,0.06030875498
120.85,0.01256637061,-0.05926935131,-0.05724412506,0.05687180172,0.06035038762
120.9,0.01256637061,-0.05927453893,-0.05718008543,0.05675445904,0.06039156603
120.95,0.01256637061,-0.05927933695,-0.05711584241,0.05662444876,0.06043219476
121,0.01256637061,-0.05928380286,-0.05705151534,0.05648131512,0.06047217833
121.05,0.01256637061,-0.05928799416,-0.05698722358,0.05632460237,0.06051142128
121.1,0.01256637061,-0.05929196835,-0.05692308646,0.05615385476,0.06054982812
121.15,0.01256637061,-0.05929578295,-0.05685922334,0.05596861655,0.06058730339
121.2,0.01256637061,-0.05929949543,-0.05679575355,0.05576843199,0.06062375162
121.25,0.01256637061,-0.05930316332,-0.05673279645,0.05555284532,0.06065907734
121.3,0.01256637061,-0.0593068441,-0.05667047138,0.0553214008,0.06069318507
121.35,0.01256637061,-0.05931059528,-0.05660889769,0.05507364268,0.06072597934
121.4,0.01256637061,-0.05931447436,-0.05654819472,0.05480911521,0.06075736469
121.45,0.01256637061,-0.05931853884,-0.05648848182,0.05452736264,0.06078724564
121.5,0.01256637061,-0.05932284622,-0.05642987833,0.05422792923,0.06081552672
121.55,0.01256637061,-0.059327454,-0.05637250361,0.05391035921,0.06084211246
121.6,0.01256637061,-0.05933241968,-0.05631647699,0.05357419685,0.06086690739
121.65,0.01256637061,-0.05933780076,-0.05626191783,0.0532189864,0.06088981603
121.7,0.01256637061,-0.05934365475,-0.05620894546,0.0528442721,0.06091074293
121.75,0.01256637061,-0.05935003915,-0.05615767924,0.0524495982,0.06092959259
121.8,0.01256637061,-0.05935701145,-0.05610823851,0.05203450897,0.06094626957
121.85,0.01256637061,-0.05936462915,-0.05606074262,0.05159854864,0.06096067837
121.9,0.01256637061,-0.05937294977,-0.05601531091,0.05114126147,0.06097272354
121.95,0.01256637061,-0.05938203079,-0.05597206273,0.05066219172,0.06098230959
122,0.01256637061,-0.05939192971,-0.05593111743,0.05016088362,0.06098934107
122.05,0.01256637061,-0.05940270405,-0.05589259435,0.04963688144,0.06099372249
122.1,0.01256637061,-0.0594144113,-0.05585661283,0.04908972942,0.06099535839
122.15,0.01256637061,-0.05942710896,-0.05582329223,0.04851897181,0.0609941533
122.2,0.01256637061,-0.05944085453,-0.05579275189,0.04792415288,0.06099001174
122.25,0.01256637061,-0.05945570552,-0.05576511115,0.04730481685,0.06098283825
122.3,0.01256637061,-0.05947171941,-0.05574048936,0.046660508,0.06097253735
122.35,0.01256637061,-0.05948895372,-0.05571900588,0.04599077056,0.06095901357
122.4,0.01256637061,-0.05950746595,-0.05570078003,0.0452951488,0.06094217144
122.45,0.01256637061,-0.05952731359,-0.05568593117,0.04457318695,0.06092191548
122.5,0.01256637061,-0.05954855415,-0.05567457865,0.04382442927,0.06089815024
122.55,0.01256637061,-0.05957124513,-0.05566684181,0.04304842002,0.06087078024
122.6,0.01256637061,-0.05959544402,-0.05566284,0.04224470344,0.06083971
122.65,0.01256637061,-0.05962120833,-0.05566269256,0.04141282379,0.06080484405
122.7,0.01256637061,-0.05964859557,-0.05566651884,0.04055232531,0.06076608693
122.75,0.01256637061,-0.05967766322,-0.05567443819,0.03966275225,0.06072334316
122.8,0.01256637061,-0.0597084688,-0.05568656995,0.03874364887,0.06067651727
122.85,0.01256637061,-0.05974106979,-0.05570303346,0.03779455943,0.06062551379
122.9,0.01256637061,-0.05977552371,-0.05572394808,0.03681502816,0.06057023725
122.95,0.01256637061,-0.05981188806,-0.05574943315,0.03580459932,0.06051059218
123,0.01256637061,-0.05985022033,-0.05577960801,0.03476281716,0.0604464831
123.05,0.01256637061,-0.05989057802,-0.05581459202,0.03368922593,0.06037781455
123.1,0.01256637061,-0.05993301864,-0.05585450451,0.03258336989,0.06030449106
123.15,0.01256637061,-0.05997759969,-0.05589946484,0.03144479328,0.06022641714
123.2,0.01256637061,-0.06002437866,-0.05594959234,0.03027304036,0.06014349734
123.25,0.01256637061,-0.06007341306,-0.05600500638,0.02906765537,0.06005563618
123.3,0.01256637061,-0.0601247604,-0.05606582628,0.02782818257,0.05996273819
123.35,0.01256637061,-0.06017847816,-0.0561321714,0.0265541662,0.0598647079
123.4,0.01256637061,-0.06023462385,-0.05620416108,0.02524515053,0.05976144984
123.45,0.01256637061,-0.06029325498,-0.05628191468,0.0239006798,0.05965286853
123.5,0.01256637061,-0.06035442904,-0.05636555153,0.02252029825,0.05953886851
123.55,0.01256637061,-0.06041820353,-0.05645519098,0.02110355015,0.0594193543
123.6,0.01256637061,-0.06048463595,-0.05655095238,0.01964997974,0.05929423043
123.65,0.01256637061,-0.06055378381,-0.05665295507,0.01815913128,0.05916340144
123.7,0.01256637061,-0.06062570461,-0.0567613184,0.01663054901,0.05902677185
123.75,0.01256637061,-0.06070045584,-0.05687616172,0.01506377718,0.05888424618
123.8,0.01256637061,-0.06077387446,-0.05697896077,0.0134803229,0.05874971307
123.85,0.01256637061,-0.06084183895,-0.05705131378,0.01190227745,0.058636547
123.9,0.01256637061,-0.06090446914,-0.05709352377,0.01033006142,0.05854388131
123.95,0.01256637061,-0.06096188485,-0.05710589377,0.008764095355,0.05847084934
124,0.01256637061,-0.06101420591,-0.05708872681,0.007204799826,0.05841658441
124.05,0.01256637061,-0.06106155213,-0.05704232593,0.005652595397,0.05838021987
124.1,0.01256637061,-0.06110404335,-0.05696699416,0.00410790263,0.05836088905
124.15,0.01256637061,-0.06114179938,-0.05686303453,0.00257114209,0.05835772529
124.2,0.01256637061,-0.06117494005,-0.05673075008,0.001042734342,0.05836986192
124.25,0.01256637061,-0.06120358518,-0.05657044383,-0.0004769000522,0.05839643228
124.3,0.01256637061,-0.06122785459,-0.05638241881,-0.001987340527,0.0584365697
124.35,0.01256637061,-0.06124786811,-0.05616697807,-0.003488166519,0.05848940752
124.4,0.01256637061,-0.06126374556,-0.05592442462,-0.004978957464,0.05855407908
124.45,0.01256637061,-0.06127560676,-0.05565506151,-0.006459292798,0.05862971771
124.5,0.01256637061,-0.06128357154,-0.05535919176,-0.007928751957,0.05871545674
124.55,0.01256637061,-0.06128775972,-0.0550371184,-0.009386914377,0.05881042952
124.6,0.01256637061,-0.06128829112,-0.05468914448,-0.01083335949,0.05891376937
124.65,0.01256637061,-0.06128528556,-0.05431557301,-0.01226766675,0.05902460964
124.7,0.01256637061,-0.06127886288,-0.05391670704,-0.01368941557,0.05914208365
124.75,0.01256637061,-0.06126914288,-0.05349284959,-0.01509818539,0.05926532475
124.8,0.01256637061,-0.0612562454,-0.05304430369,-0.01649355566,0.05939346627
124.85,0.01256637061,-0.06124029025,-0.05257137238,-0.0178751058,0.05952564154
124.9,0.01256637061,-0.06122139727,-0.0520743587,-0.01924241526,0.05966098391
124.95,0.01256637061,-0.06119968627,-0.05155356566,-0.02059506346,0.0597986267
125,0.01256637061,-0.06117527708,-0.05100929631,-0.02193262985,0.05993770326
125.05,0.01256637061,-0.06114828951,-0.05044185367,-0.02325469387,0.06007734691
125.1,0.01256637061,-0.0611188434,-0.04985154078,-0.02456083494,0.060216691
125.15,0.01256637061,-0.06108705857,-0.04923866067,-0.0258506325,0.06035486886
125.2,0.01256637061,-0.06105305483,-0.04860351637,-0.02712366599,0.06049101382
125.25,0.01256637061,-0.06101695202,-0.04794641091,-0.02837951485,0.06062425922
125.3,0.01256637061,-0.06097886995,-0.04726764733,-0.02961775851,0.0607537384
125.35,0.01256637061,-0.06093892845,-0.04656752865,-0.0308379764,0.06087858469
125.4,0.01256637061,-0.06089724734,-0.04584635792,-0.03203974797,0.06099793143
125.45,0.01256637061,-0.06085394645,-0.04510443815,-0.03322265265,0.06111091195
125.5,0.01256637061,-0.06080914559,-0.04434207239,-0.03438626988,0.06121665959
125.55,0.01256637061,-0.06076296459,-0.04355956366,-0.03553017908,0.06131430769
125.6,0.01256637061,-0.06071552328,-0.04275721499,-0.03665395971,0.06140298957
125.65,0.01256637061,-0.06066694147,-0.04193532943,-0.03775719118,0.06148183858
125.7,0.01256637061,-0.06061733899,-0.04109421,-0.03883945295,0.06154998805
125.75,0.01256637061,-0.06056683567,-0.04023415972,-0.03990032444,0.06160657132
125.8,0.01256637061,-0.06051555132,-0.03935548165,-0.0409393851,0.06165072172
125.85,0.01256637061,-0.06046360577,-0.03845847879,-0.04195621435,0.06168157259
125.9,0.01256637061,-0.06041111884,-0.0375434542,-0.04295039163,0.06169825726
125.95,0.01256637061,-0.06035821036,-0.03661071089,-0.04392149639,0.06169990907
126,0.01256637061,-0.06030500015,-0.03566055191,-0.04486910804,0.06168566136
126.05,0.01256637061,-0.06025160802,-0.03469328028,-0.04579280605,0.06165464746
126.1,0.01256637061,-0.06019815381,-0.03370919904,-0.04669216982,0.0616060007
126.15,0.01256637061,-0.06014475734,-0.03270861121,-0.04756677882,0.06153885442
126.2,0.01256637061,-0.06009153843,-0.03169181984,-0.04841621246,0.06145234197
126.25,0.01256637061,-0.0600386169,-0.03065912794,-0.04924005019,0.06134559666
126.3,0.01256637061,-0.05998611258,-0.02961083856,-0.05003787143,0.06121775185
126.35,0.01256637061,-0.05993414529,-0.02854725472,-0.05080925564,0.06106794085
126.4,0.01256637061,-0.05988283485,-0.02746867946,-0.05155378224,0.06089529702
126.45,0.01256637061,-0.05983230109,-0.02637541581,-0.05227103067,0.06069895369
126.5,0.01256637061,-0.05978266383,-0.0252677668,-0.05296058037,0.06047804418
126.55,0.01256637061,-0.05973404289,-0.02414603546,-0.05362201077,0.06023170184
126.6,0.01256637061,-0.05968655809,-0.02301052483,-0.0542549013,0.05995906001
126.65,0.01256637061,-0.05964032926,-0.02186153794,-0.05485883141,0.05965925201
126.7,0.01256637061,-0.05959547622,-0.02069937781,-0.05543338053,0.05933141119
126.75,0.01256637061,-0.0595521188,-0.01952434748,-0.05597812809,0.05897467087
126.8,0.01256637061,-0.05951037681,-0.01833674999,-0.05649265354,0.0585881644
126.85,0.01256637061,-0.05947037009,-0.01713688836,-0.0569765363,0.05817102511
126.9,0.01256637061,-0.05943221844,-0.01592506562,-0.05742935582,0.05772238634
126.95,0.01256637061,-0.05939604171,-0.01470158482,-0.05785069153,0.05724138142
127,0.01256637061,-0.0593619597,-0.01346674897,-0.05824012286,0.05672714369
127.05,0.01256637061,-0.05933009225,-0.01222086112,-0.05859722926,0.05617880647
127.1,0.01256637061,-0.05930055917,-0.01096422429,-0.05892159015,0.05559550312
127.15,0.01256637061,-0.05927348029,-0.009697141518,-0.05921278498,0.05497636696
127.2,0.01256637061,-0.05924897544,-0.008419915832,-0.05947039318,0.05432053134
127.25,0.01256637061,-0.05922716443,-0.007132850266,-0.05969399418,0.05362712957
127.3,0.01256637061,-0.05920816708,-0.005836247852,-0.05988316743,0.05289529501
127.35,0.01256637061,-0.05919210323,-0.004530411621,-0.06003749235,0.05212416099
127.4,0.01256637061,-0.05917909269,-0.003215644605,-0.06015654839,0.05131286084
127.45,0.01256637061,-0.05916925529,-0.001892249837,-0.06023991497,0.05046052789
127.5,0.01256637061,-0.05916271085,-0.0005605303487,-0.06028717155,0.04956629549
127.55,0.01256637061,-0.05915957919,0.0007792108289,-0.06029789754,0.04862929697
127.6,0.01256637061,-0.05915998014,0.002126670663,-0.06027167239,0.04764866566
127.65,0.01256637061,-0.05916403352,0.003481546123,-0.06020807554,0.04662353491
127.7,0.01256637061,-0.05917185915,0.004843534175,-0.06010668642,0.04555303804
127.75,0.01256637061,-0.05918357686,0.006212331789,-0.05996708446,0.04443630839
127.8,0.01256637061,-0.05919930647,0.007587635931,-0.05978884911,0.0432724793
127.85,0.01256637061,-0.05921916779,0.008969143571,-0.05957155979,0.0420606841
127.9,0.01256637061,-0.05924328067,0.01035655168,-0.05931479595,0.04080005613
127.95,0.01256637061,-0.05927176491,0.01174955722,-0.05901813701,0.03948972873
128,0.01256637061,-0.05930474034,0.01314785716,-0.05868116243,0.03812883522
128.05,0.01256637061,-0.05934232679,0.01455114847,-0.05830345162,0.03671650895
128.1,0.01256637061,-0.05938464407,0.01595912811,-0.05788458404,0.03525188325
128.15,0.01256637061,-0.05943181201,0.01737149307,-0.05742413911,0.03373409146
128.2,0.01256637061,-0.05948395044,0.01878794029,-0.05692169627,0.03216226691
128.25,0.01256637061,-0.05954117917,0.02020816676,-0.05637683495,0.03053554294
128.3,0.01256637061,-0.05960361804,0.02163186944,-0.0557891346,0.02885305288
128.35,0.01256637061,-0.05967138685,0.0230587453,-0.05515817464,0.02711393007
128.4,0.01256637061,-0.05974460544,0.0244884913,-0.05448353452,0.02531730785
128.45,0.01256637061,-0.05982339363,0.02592080442,-0.05376479367,0.02346231955
128.5,0.01256637061,-0.05990787125,0.02735538162,-0.05300153153,0.0215480985
128.55,0.01256637061,-0.0599981581,0.02879191987,-0.05219332753,0.01957377804
128.6,0.01256637061,-0.06009437403,0.03023011614,-0.0513397611,0.01753849151
128.65,0.01256637061,-0.06019663884,0.0316696674,-0.05044041169,0.01544137225
128.7,0.01256637061,-0.06030507238,0.03311027061,-0.04949485873,0.01328155358
128.75,0.01256637061,-0.06041979444,0.03455162274,-0.04850268166,0.01105816885
128.8,0.01256637061,-0.06054092487,0.03599342076,-0.04746345991,0.008770351386
128.85,0.01256637061,-0.06066858348,0.03743536164,-0.04637677292,0.006417234528
128.9,0.01256637061,-0.0608028901,0.03887714235,-0.04524220012,0.003997951612
128.95,0.01256637061,-0.06094396455,0.04031845986,-0.04405932096,0.001511635972
129,0.01256637061,-0.06109192665,0.04175901113,-0.04282771486,-0.001042579055
129.05,0.01256637061,-0.06124689622,0.04319849313,-0.04154696126,-0.003665560135
129.1,0.01256637061,-0.06140899309,0.04463660282,-0.0402166396,-0.006358173931
129.15,0.01256637061,-0.06157833709,0.04607303719,-0.03883632931,-0.009121287108
129.2,0.01256637061,-0.06174498706,0.0474909666,-0.03742415706,-0.01191557458
129.25,0.01256637061,-0.06187662008,0.04883705991,-0.03604000647,-0.01461159058
129.3,0.01256637061,-0.06197138214,0.05010833105,-0.03468814829,-0.01720081264
129.35,0.01256637061,-0.06202994469,0.05130595293,-0.03336821749,-0.01968477868
129.4,0.01256637061,-0.06205297919,0.05243109845,-0.03207984906,-0.02206502661
129.45,0.01256637061,-0.06204115708,0.05348494053,-0.03082267797,-0.02434309432
129.5,0.01256637061,-0.06199514982,0.05446865207,-0.02959633919,-0.02652051974
129.55,0.01256637061,-0.06191562886,0.05538340598,-0.0284004677,-0.02859884077
129.6,0.01256637061,-0.06180326566,0.05623037516,-0.02723469848,-0.03057959532
129.65,0.01256637061,-0.06165873166,0.05701073254,-0.02609866651,-0.03246432129
129.7,0.01256637061,-0.06148269831,0.05772565101,-0.02499200676,-0.03425455659
129.75,0.01256637061,-0.06127583708,0.05837630348,-0.0239143542,-0.03595183914
129.8,0.01256637061,-0.06103881941,0.05896386286,-0.02286534381,-0.03755770684
129.85,0.01256637061,-0.06077231675,0.05948950207,-0.02184461057,-0.03907369761
129.9,0.01256637061,-0.06047700056,0.059954394,-0.02085178946,-0.04050134933
129.95,0.01256637061,-0.06015354228,0.06035971157,-0.01988651545,-0.04184219994
130,0.01256637061,-0.05980261338,0.06070662768,-0.01894842351,-0.04309778733
130.05,0.01256637061,-0.0594248853,0.06099631525,-0.01803714863,-0.04426964942
130.1,0.01256637061,-0.05902102949,0.06122994718,-0.01715232577,-0.0453593241
130.15,0.01256637061,-0.05859171741,0.06140869637,-0.01629358992,-0.0463683493
130.2,0.01256637061,-0.05813762051,0.06153373575,-0.01546057606,-0.04729826291
130.25,0.01256637061,-0.05765941024,0.06160623821,-0.01465291915,-0.04815060286
130.3,0.01256637061,-0.05715775806,0.06162737667,-0.01387025417,-0.04892690704
130.35,0.01256637061,-0.05663333541,0.06159832402,-0.0131122161,-0.04962871336
130.4,0.01256637061,-0.05608681374,0.06152025319,-0.01237843992,-0.05025755973
130.45,0.01256637061,-0.05551886452,0.06139433708,-0.0116685606,-0.05081498407
130.5,0.01256637061,-0.05493015919,0.0612217486,-0.01098221312,-0.05130252427
130.55,0.01256637061,-0.0543213692,0.06100366065,-0.01031903245,-0.05172171826
130.6,0.01256637061,-0.05369316601,0.06074124614,-0.009678653569,-0.05207410393
130.65,0.01256637061,-0.05304622107,0.06043567799,-0.009060711457,-0.05236121919
130.7,0.01256637061,-0.05238120583,0.0600881291,-0.008464841087,-0.05258460196
130.75,0.01256637061,-0.05169879174,0.05969977238,-0.007890677436,-0.05274579013
130.8,0.01256637061,-0.05099965026,0.05927178073,-0.007337855479,-0.05284632163
130.85,0.01256637061,-0.05028445283,0.05880532707,-0.006806010194,-0.05288773436
130.9,0.01256637061,-0.04955387091,0.0583015843,-0.006294776555,-0.05287156622
130.95,0.01256637061,-0.04880857596,0.05776172534,-0.005803789539,-0.05279935513
131,0.01256637061,-0.04804923941,0.05718692309,-0.005332684122,-0.05267263899
131.05,0.01256637061,-0.04727653274,0.05657835045,-0.004881095281,-0.05249295571
131.1,0.01256637061,-0.04649112738,0.05593718034,-0.004448657991,-0.05226184321
131.15,0.01256637061,-0.04569369479,0.05526458566,-0.004035007228,-0.05198083938
131.2,0.01256637061,-0.04488490643,0.05456173933,-0.003639777969,-0.05165148214
131.25,0.01256637061,-0.04406543373,0.05382981425,-0.003262605189,-0.05127530939
131.3,0.01256637061,-0.04323594817,0.05306998333,-0.002903123866,-0.05085385905
131.35,0.01256637061,-0.04239712118,0.05228341948,-0.002560968974,-0.05038866902
131.4,0.01256637061,-0.04154962423,0.05147129561,-0.002235775491,-0.04988127721
131.45,0.01256637061,-0.04069412876,0.05063478462,-0.001927178392,-0.04933322154
131.5,0.01256637061,-0.03983130622,0.04977505942,-0.001634812653,-0.04874603989
131.55,0.01256637061,-0.03896182807,0.04889329292,-0.00135831325,-0.0481212702
131.6,0.01256637061,-0.03808636576,0.04799065803,-0.00109731516,-0.04746045036
131.65,0.01256637061,-0.03720559075,0.04706832767,-0.0008514533591,-0.04676511828
131.7,0.01256637061,-0.03632017447,0.04612747472,-0.0006203628227,-0.04603681188
131.75,0.01256637061,-0.03543078839,0.04516927211,-0.0004036785272,-0.04527706905
131.8,0.01256637061,-0.03453810397,0.04419489275,-0.0002010354488,-0.04448742771
131.85,0.01256637061,-0.03364279264,0.04320550953,-1.206856349e-05,-0.04366942577
131.9,0.01256637061,-0.03274552586,0.04220229537,0.0001635871525,-0.04282460113
131.95,0.01256637061,-0.03184697509,0.04118642318,0.000326296723,-0.04195449171
132,0.01256637061,-0.03094781178,0.04015906587,0.0004764251721,-0.04106063541
132.05,0.01256637061,-0.03004870737,0.03912139634,0.0006143375234,-0.04014457014
132.1,0.01256637061,-0.02915033333,0.0380745875,0.000740398801,-0.0392078338
132.15,0.01256637061,-0.0282533611,0.03701981227,0.0008549740287,-0.03825196432
132.2,0.01256637061,-0.02735846213,0.03595824354,0.0009584282303,-0.03727849959
132.25,0.01256637061,-0.02646630789,0.03489105423,0.00105112643,-0.03628897752
132.3,0.01256637061,-0.02557756981,0.03381941724,0.001133433651,-0.03528493603
132.35,0.01256637061,-0.02469291936,0.03274450549,0.001205714918,-0.03426791302
132.4,0.01256637061,-0.02381302798,0.03166749188,0.001268335254,-0.03323944639
132.45,0.01256637061,-0.02293856712,0.03058954932,0.001321659684,-0.03220107407
132.5,0.01256637061,-0.02207020825,0.02951185072,0.001366053231,-0.03115433395
132.55,0.01256637061,-0.02120862281,0.02843556898,0.001401880919,-0.03010076394
132.6,0.01256637061,-0.02035448224,0.02736187702,0.001429507772,-0.02904190196
132.65,0.01256637061,-0.01950845802,0.02629194774,0.001449298814,-0.02797928591
132.7,0.01256637061,-0.01867122158,0.02522695406,0.001461619069,-0.0269144537
132.75,0.01256637061,-0.01784344438,0.02416806887,0.00146683356,-0.02584894323
132.8,0.01256637061,-0.01702579787,0.02311646509,0.001465307312,-0.02478429243
132.85,0.01256637061,-0.01621895351,0.02207331563,0.001457405349,-0.02372203918
132.9,0.01256637061,-0.01542358274,0.02103979339,0.001443492693,-0.02266372141
132.95,0.01256637061,-0.01464035702,0.02001707129,0.00142393437,-0.02161087703
133,0.01256637061,-0.0138699478,0.01900632223,0.001399095403,-0.02056504393
133.05,0.01256637061,-0.01311302654,0.01800871911,0.001369340816,-0.01952776003
133.1,0.01256637061,-0.01237026468,0.01702543486,0.001335035632,-0.01850056324
133.15,0.01256637061,-0.01164233367,0.01605764237,0.001296544877,-0.01748499147
133.2,0.01256637061,-0.01092990497,0.01510651455,0.001254233572,-0.01648258261
133.25,0.01256637061,-0.01023365004,0.01417322432,0.001208466744,-0.01549487459
133.3,0.01256637061,-0.009554240318,0.01325894457,0.001159609414,-0.01452340532
133.35,0.01256637061,-0.008892347262,0.01236484823,0.001108026608,-0.01356971269
133.4,0.01256637061,-0.008248642324,0.01149210819,0.001054083349,-0.01263533461
133.45,0.01256637061,-0.007623796955,0.01064189737,0.0009981446605,-0.01172180901
133.5,0.01256637061,-0.007018482608,0.009815388676,0.0009405755671,-0.01083067378
133.55,0.01256637061,-0.006433370736,0.009013755011,0.0008817410924,-0.009963466826
133.6,0.01256637061,-0.00586913279,0.008238169287,0.0008220062603,-0.009121726069
133.65,0.01256637061,-0.005326440222,0.007489804411,0.0007617360947,-0.00830698941
133.7,0.01256637061,-0.004805964485,0.006769833292,0.0007012956194,-0.00752079476
133.75,0.01256637061,-0.004308377031,0.006079428838,0.0006410498583,-0.006764680026
133.8,0.01256637061,-0.003834349312,0.005419763958,0.0005813638353,-0.006040183117
133.85,0.01256637061,-0.00338455278,0.00479201156,0.0005226025743,-0.005348841942
133.9,0.01256637061,-0.002959658888,0.004197344551,0.0004651310992,-0.004692194408
133.95,0.01256637061,-0.002560339087,0.003636935841,0.0004093144338,-0.004071778424
134,0.01256637061,-0.002187264829,0.003111958338,0.000355517602,-0.003489131899
134.05,0.01256637061,-0.001841107567,0.002623584949,0.0003041056277,-0.002945792741
134.1,0.01256637061,-0.001522538754,0.002172988583,0.0002554435348,-0.002443298858
134.15,0.01256637061,-0.00123222984,0.001761342149,0.0002098963472,-0.001983188159
134.2,0.01256637061,-0.0009708522792,0.001389818555,0.0001678290887,-0.001566998552
134.25,0.01256637061,-0.0007390775225,0.001059590708,0.0001296067832,-0.001196267946
134.3,0.01256637061,-0.0005375770226,0.0007718315182,9.559445456e-05,-0.0008725342492
134.35,0.01256637061,-0.0003670222314,0.0005277138924,6.615712672e-05,-0.0005973353696
134.4,0.01256637061,-0.0002280846012,0.0003284107394,4.165982354e-05,-0.0003722092159
134.45,0.01256637061,-0.0001214355842,0.0001750949674,2.246756888e-05,-0.0001986936965
134.5,0.01256637061,-4.774663258e-05,6.893948472e-05,8.945386631e-06,-7.832671983e-05
134.55,0.01256637061,-7.689198411e-06,1.111719965e-05,1.458300667e-06,-1.264619432e-05
134.6,0.01256637061,0,0,0,0
134.65,0.01256637061,0,0,0,0
134.7,0.01256637061,0,0,0,0
134.75,0.01256637061,0,0,0,0
134.8,0.01256637061,0,0,0,0
134.85,0.01256637061,0,0,0,0
134.9,0.01256637061,0,0,0,0
134.95,0.01256637061,0,0,0,0
135,0.01256637061,0,0,0,0
135.05,0.01256637061,0,0,0,0
135.1,0.01256637061,0,0,0,0
135.15,0.01256637061,0,0,0,0
135.2,0.01256637061,0,0,0,0
135.25,0.01256637061,0,0,0,0
135.3,0.01256637061,0,0,0,0
135.35,0.01256637061,0,0,0,0
135.4,0.01256637061,0,0,0,0
135.45,0.01256637061,0,0,0,0
135.5,0.01256637061,0,0,0,0
135.55,0.01256637061,0,0,0,0
135.6,0.01256637061,0,0,0,0
135.65,0.01256637061,0,0,0,0
135.7,0.01256637061,0,0,0,0
135.75,0.01256637061,0,0,0,0
135.8,0.01256637061,0,0,0,0
135.85,0.01256637061,0,0,0,0
135.9,0.01256637061,0,0,0,0
135.95,0.01256637061,0,0,0,0
136,0.01256637061,0,0,0,0
136.05,0.01256637061,0,0,0,0
136.1,0.01256637061,0,0,0,0
136.15,0.01256637061,0,0,0,0
136.2,0.01256637061,0,0,0,0
136.25,0.01256637061,0,0,0,0
136.3,0.01256637061,0,0,0,0
136.35,0.01256637061,0,0,0,0
136.4,0.01256637061,0,0,0,0
136.45,0.01256637061,0,0,0,0
136.5,0.01256637061,0,0,0,0
136.55,0.01256637061,0,0,0,0
136.6,0.01256637061,0,0,0,0
136.65,0.01256637061,0,0,0,0
136.7,0.01256637061,0,0,0,0
136.75,0.01256637061,0,0,0,0
136.8,0.01256637061,0,0,0,0
136.85,0.01256637061,0,0,0,0
136.9,0.01256637061,0,0,0,0
136.95,0.01256637061,0,0,0,0
137,0.01256637061,0,0,0,0
137.05,0.01256637061,0,0,0,0
137.1,0.01256637061,0,0,0,0
137.15,0.01256637061,0,0,0,0
137.2,0.01256637061,0,0,0,0
137.25,0.01256637061,0,0,0,0
137.3,0.01256637061,0,0,0,0
137.35,0.01256637061,0,0,0,0
137.4,0.01256637061,0,0,0,0
137.45,0.01256637061,0,0,0,0
137.5,0.01256637061,0,0,0,0
137.55,0.01256637061,0,0,0,0
137.6,0.01256637061,0,0,0,0
137.65,0.01256637061,0,0,0,0
137.7,0.01256637061,0,0,0,0
137.75,0.01256637061,0,0,0,0
137.8,0.01256637061,0,0,0,0
137.85,0.01256637061,0,0,0,0
137.9,0.01256637061,0,0,0,0
137.95,0.01256637061,0,0,0,0
138,0.01256637061,0,0,0,0
138.05,0.01256637061,0,0,0,0
138.1,0.01256637061,0,0,0,0
138.15,0.01256637061,0,0,0,0
138.2,0.01256637061,0,0,0,0
138.25,0.01256637061,0,0,0,0
138.3,0.01256637061,0,0,0,0
138.35,0.01256637061,0,0,0,0
138.4,0.01256637061,0,0,0,0
138.45,0.01256637061,0,0,0,0
138.5,0.01256637061,0,0,0,0
138.55,0.01256637061,0,0,0,0
138.6,0.01256637061,0,0,0,0
138.65,0.01256637061,0,0,0,0
138.7,0.01256637061,0,0,0,0
138.75,0.01256637061,0,0,0,0
138.8,0.01256637061,0,0,0,0
138.85,0.01256637061,0,0,0,0
138.9,0.01256637061,0,0,0,0
138.95,0.01256637061,0,0,0,0
139,0.01256637061,0,0,0,0
139.05,0.01256637061,0,0,0,0
139.1,0.01256637061,0,0,0,0
139.15,0.01256637061,0,0,0,0
139.2,0.01256637061,0,0,0,0
139.25,0.01256637061,0,0,0,0
139.3,0.01256637061,0,0,0,0
139.35,0.01256637061,0,0,0,0
139.4,0.01256637061,0,0,0,0
139.45,0.01256637061,0,0,0,0
139.5,0.01256637061,0,0,0,0
139.55,0.01256637061,0,0,0,0
139.6,0.01256525365,0,0,0,0
139.65,0.01254851115,0,0,0,0
139.7,0.01251175611,0,0,0,0
139.75,0.01245516452,0,0,0,0
139.8,0.01237900664,0,0,0,0
139.85,0.01228364486,0,0,0,0
139.9,0.01216953087,0,0,0,0
139.95,0.01203720205,0,0,0,0
140,0.01188727727,0,0,0,0
140.05,0.0117204521,0,0,0,0
140.1,0.01153749336,0,0,0,0
140.15,0.01133923336,0,0,0,0
140.2,0.01112656351,0,0,0,0
140.25,0.01090042768,0,0,0,0
140.3,0.01066181526,0,0,0,0
140.35,0.01041175398,0,0,0,0
140.4,0.01015130252,0,0,0,0
140.45,0.009881543175,0,0,0,0
140.5,0.009603574357,0,0,0,0
140.55,0.009318503291,0,0,0,0
140.6,0.009027438769,0,0,0,0
140.65,0.008731484123,0,0,0,0
140.7,0.008431730458,0,0,0,0
140.75,0.008129250187,0,0,0,0
140.8,0.00782509094,0,0,0,0
140.85,0.007520269873,0,0,0,0
140.9,0.007215768433,0,0,0,0
140.95,0.006912527589,0,0,0,0
141,0.006611443589,0,0,0,0
141.05,0.00631336422,0,0,0,0
141.1,0.006019085624,0,0,0,0
141.15,0.005729349648,0,0,0,0
141.2,0.005444841744,0,0,0,0
141.25,0.005166189407,0,0,0,0
141.3,0.00489396114,0,0,0,0
141.35,0.004628665934,0,0,0,0
141.4,0.00437075323,0,0,0,0
141.45,0.004120613355,0,0,0,0
141.5,0.003878578387,0,0,0,0
141.55,0.003644923429,0,0,0,0
141.6,0.003419868242,0,0,0,0
141.65,0.003203579221,0,0,0,0
141.7,0.002996171653,0,0,0,0
141.75,0.002797712236,0,0,0,0
141.8,0.002608221813,0,0,0,0
141.85,0.002427678275,0,0,0,0
141.9,0.002256019607,0,0,0,0
141.95,0.002093147034,0,0,0,0
142,0.001938928223,0,0,0,0
142.05,0.001793200523,0,0,0,0
142.1,0.001655774196,0,0,0,0
142.15,0.001526435621,0,0,0,0
142.2,0.001404950435,0,0,0,0
142.25,0.001291066591,0,0,0,0
142.3,0.00118451731,0,0,0,0
142.35,0.001085023911,0,0,0,0
142.4,0.0009922985011,0,0,0,0
142.45,0.0009060465071,0,0,0,0
142.5,0.0008259690505,0,0,0,0
142.55,0.0007517651468,0,0,0,0
142.6,0.0006831337291,0,0,0,0
142.65,0.0006197754926,0,0,0,0
142.7,0.0005613945581,0,0,0,0
142.75,0.0005076999569,0,0,0,0
142.8,0.0004584069395,0,0,0,0
142.85,0.0004132381125,0,0,0,0
142.9,0.0003719244109,0,0,0,0
142.95,0.0003342059112,0,0,0,0
143,0.0002998324955,0,0,0,0
143.05,0.0002685643734,0,0,0,0
143.1,0.0002401724732,0,0,0,0
143.15,0.0002144387115,0,0,0,0
143.2,0.0001911561507,0,0,0,0
143.25,0.0001701290563,0,0,0,0
143.3,0.000151172863,0,0,0,0
143.35,0.0001341140607,0,0,0,0
143.4,0.000118790009,0,0,0,0
143.45,0.0001050486914,0,0,0,0
143.5,9.274841729e-05,0,0,0,0
143.55,8.175747997e-05,0,0,0,0
143.6,7.195378014e-05,0,0,0,0
143.65,6.322442115e-05,0,0,0,0
143.7,5.546528357e-05,0,0,0,0
143.75,4.858058524e-05,0,0,0,0
143.8,4.248243248e-05,0,0,0,0
143.85,3.709036765e-05,0,0,0,0
143.9,3.23309175e-05,0,0,0,0
143.95,2.813714634e-05,0,0,0,0
144,2.444821736e-05,0,0,0,0
144.05,2.120896502e-05,0,0,0,0
144.1,1.836948083e-05,0,0,0,0
144.15,1.588471464e-05,0,0,0,0
144.2,1.371409273e-05,0,0,0,0
144.25,1.182115398e-05,0,0,0,0
144.3,1.017320501e-05,0,0,0,0
144.35,8.7409945e-06,0,0,0,0
144.4,7.498407293e-06,0,0,0,0
144.45,6.422177944e-06,0,0,0,0
144.5,5.491623715e-06,0,0,0,0
144.55,4.68839655e-06,0,0,0,0
144.6,3.996253526e-06,0,0,0,0
144.65,3.400845137e-06,0,0,0,0
144.7,2.88952069e-06,0,0,0,0
144.75,2.451150004e-06,0,0,0,0
144.8,2.075960567e-06,0,0,0,0
144.85,1.755389267e-06,0,0,0,0
144.9,1.4819478e-06,0,0,0,0
144.95,1.249100847e-06,0,0,0,0
145,1.051156133e-06,0,0,0,0
145.05,8.831654739e-07,0,0,0,0
145.1,7.408359786e-07,0,0,0,0
145.15,6.204505552e-07,0,0,0,0
145.2,5.187969548e-07,0,0,0,0
145.25,4.331045914e-07,0,0,0,0
145.3,3.609884329e-07,0,0,0,0
145.35,3.003992979e-07,0,0,0,0
145.4,2.495799362e-07,0,0,0,0
145.45,2.070263161e-07,0,0,0,0
145.5,1.71453584e-07,0,0,0,0
145.55,1.417662039e-07,0,0,0,0
145.6,1.170318261e-07,0,0,0,0
145.65,9.645847286e-08,0,0,0,0
145.7,7.9374666e-08,0,0,0,0
145.75,6.521215749e-08,0,0,0,0
145.8,5.349095546e-08,0,0,0,0
145.85,4.380637038e-08,0,0,0,0
145.9,3.581783365e-08,0,0,0,0
145.95,2.923926748e-08,0,0,0,0
146,2.383080924e-08,0,0,0,0
146.05,1.939171506e-08,0,0,0,0
146.1,1.575428801e-08,0,0,0,0
146.15,1.277869396e-08,0,0,0,0
146.2,1.034854485e-08,0,0,0,0
146.25,8.367143791e-09,0,0,0,0
146.3,6.754299394e-09,0,0,0,0
146.35,5.443628902e-09,0,0,0,0
146.4,4.380279708e-09,0,0,0,0
146.45,3.519008414e-09,0,0,0,0
146.5,2.822564633e-09,0,0,0,0
146.55,2.260333984e-09,0,0,0,0
146.6,1.807201018e-09,0,0,0,0
146.65,1.442598377e-09,0,0,0,0
146.7,1.149713272e-09,0,0,0,0
146.75,9.148265902e-10,0,0,0,0
146.8,7.267635581e-10,0,0,0,0
146.85,5.764380423e-10,0,0,0,0
146.9,4.564752713e-10,0,0,0,0
146.95,3.609001023e-10,0,0,0,0
147,2.848799495e-10,0,0,0,0
147.05,2.245132057e-10,0,0,0,0
147.1,1.766554447e-10,0,0,0,0
147.15,1.387769352e-10,0,0,0,0
147.2,1.088460532e-10,0,0,0,0
147.25,8.523406646e-11,0,0,0,0
147.3,6.663752529e-11,0,0,0,0
147.35,5.201512431e-11,0,0,0,0
147.4,4.053643483e-11,0,0,0,0
147.45,3.154035578e-11,0,0,0,0
147.5,2.450150461e-11,0,0,0,0
147.55,1.900308235e-11,0,0,0,0
147.6,1.471500706e-11,0,0,0,0
147.65,1.137632599e-11,0,0,0,0
147.7,8.781095702e-12,0,0,0,0
147.75,6.7670677e-12,0,0,0,0
147.8,5.206638929e-12,0,0,0,0
147.85,3.999627353e-12,0,0,0,0
147.9,3.067515227e-12,0,0,0,0
147.95,2.348870392e-12,0,0,0,0
148,1.795711272e-12,0,0,0,0
148.05,1.3706264e-12,0,0,0,0
148.1,1.044496058e-12,0,0,0,0
148.15,7.946934748e-13,0,0,0,0
148.2,6.036672531e-13,0,0,0,0
148.25,4.578262784e-13,0,0,0,0
148.3,3.466641605e-13,0,0,0,0
148.35,2.62073013e-13,0,0,0,0
148.4,1.978066043e-13,0,0,0,0
148.45,1.490611276e-13,0,0,0,0
148.5,1.121484164e-13,0,0,0,0
148.55,8.424167972e-14,0,0,0,0
148.6,6.317802115e-14,0,0,0,0
148.65,4.730533788e-14,0,0,0,0
148.7,3.536383923e-14,0,0,0,0
148.75,2.639452161e-14,0,0,0,0
148.8,1.966859381e-14,0,0,0,0
148.85,1.463315446e-14,0,0,0,0
148.9,1.086945404e-14,0,0,0,0
148.95,8.060883297e-15,0,0,0,0
149,5.968465191e-15,0,0,0,0
149.05,4.412125182e-15,0,0,0,0
149.1,3.256402768e-15,0,0,0,0
149.15,2.399570606e-15,0,0,0,0
149.2,1.765363245e-15,0,0,0,0
149.25,1.296700733e-15,0,0,0,0
149.3,9.509344059e-16,0,0,0,0
149.35,6.962520621e-16,0,0,0,0
149.4,5.089645764e-16,0,0,0,0
149.45,3.714614485e-16,0,0,0,0
149.5,2.706730819e-16,0,0,0,0
149.55,1.969162319e-16,0,0,0,0
149.6,1.430286681e-16,0,0,0,0
149.65,1.037217417e-16,0,0,0,0
149.7,7.509683542e-17,0,0,0,0
149.75,5.428484478e-17,0,0,0,0
149.8,3.91778585e-17,0,0,0,0
149.85,2.82298074e-17,0,0,0,0
149.9,2.030861309e-17,0,0,0,0
149.95,1.458672331e-17,0,0,0,0
150,1.046020879e-17,0,0,0,0
