time_ns,u_X1,u_Y1,u_X2,u_Y2
0,0,0,0,0
0.04794063699,1.085262066e-05,4.800749277e-05,-3.370703169e-05,-3.369896642e-05
0.09588127397,4.274832699e-05,0.0001898792004,-0.0001336453978,-0.0001336132872
0.143821911,9.469388553e-05,0.0004223889668,-0.000298041005,-0.0002979690945
0.1917625479,0.0001656960628,0.0007423106358,-0.0005251197598,-0.0005249925207
0.2397031849,0.0002547616254,0.001146418052,-0.0008131075687,-0.000812909698
0.2876438219,0.0003608973398,0.001631485058,-0.001160230338,-0.001159946759
0.3355844589,0.0004831099726,0.002194285499,-0.001564713975,-0.001564329835
0.3835250959,0.0006204062903,0.002831593218,-0.002024784386,-0.002024285059
0.4314657329,0.0007717930594,0.003540182059,-0.002538667478,-0.002538038563
0.4794063699,0.0009362770465,0.004316825867,-0.003104589156,-0.00310381648
0.5273470068,0.001112865018,0.005158298485,-0.003720775329,-0.003719844942
0.5752876438,0.001300563741,0.006061373758,-0.004385451901,-0.00438435008
0.6232282808,0.001498379981,0.007022825528,-0.00509684478,-0.005095558027
0.6711689178,0.001705320505,0.008039427641,-0.005853179873,-0.005851694916
0.7191095548,0.001920392081,0.009107953939,-0.006652683086,-0.006650986879
0.7670501918,0.002142601473,0.01022517827,-0.007493580325,-0.007491660047
0.8149908287,0.002370955449,0.01138787447,-0.008374097497,-0.008371940554
0.8629314657,0.002604460775,0.01259281639,-0.009292460509,-0.009290054531
0.9108721027,0.002842124218,0.01383677787,-0.01024689527,-0.01024422811
0.9588127397,0.003082952545,0.01511653276,-0.01123562768,-0.01123268743
1.006753377,0.003325952521,0.0164288549,-0.01225688365,-0.01225365861
1.054694014,0.003570130914,0.01777051813,-0.01330888909,-0.01330536779
1.102634651,0.00381449449,0.01913829629,-0.0143898699,-0.0143860411
1.150575288,0.004058050015,0.02052896324,-0.01549805198,-0.01549390468
1.198515925,0.004299804257,0.02193929282,-0.01663166126,-0.01662718465
1.246456562,0.004538763981,0.02336605886,-0.01778892362,-0.01778410716
1.294397199,0.004773935954,0.02480603522,-0.01896806499,-0.01896289832
1.342337836,0.005004326942,0.02625599573,-0.02016731126,-0.02016178427
1.390278473,0.005228943713,0.02771271425,-0.02138488834,-0.02137899115
1.43821911,0.005446793033,0.02917296461,-0.02261902215,-0.02261274509
1.486159747,0.005656881668,0.03063352066,-0.02386793857,-0.02386127222
1.534100384,0.005858216385,0.03209115624,-0.02512986353,-0.02512279867
1.582041021,0.00604980395,0.0335426452,-0.02640302293,-0.02639555058
1.629981657,0.00623065113,0.03498476138,-0.02768564267,-0.02767775407
1.677922294,0.006399764692,0.03641427862,-0.02897594867,-0.02896763528
1.725862931,0.006556151401,0.03782797077,-0.03027216682,-0.03026342034
1.773803568,0.006698818025,0.03922261168,-0.03157252303,-0.03156333538
1.821744205,0.006826771331,0.04059497518,-0.03287524322,-0.03286560655
1.869684842,0.006939018083,0.04194183512,-0.03417855329,-0.03416845995
1.917625479,0.00703456505,0.04325996535,-0.03548067914,-0.03547012174
1.965566116,0.007112418997,0.0445461397,-0.03677984668,-0.03676881804
2.013506753,0.007171586692,0.04579713203,-0.03807428182,-0.03806277499
2.06144739,0.007211074901,0.04700971617,-0.03936221046,-0.03935021871
2.109388027,0.007229890389,0.04818066597,-0.04064185852,-0.04062937534
2.157328664,0.007227039925,0.04930675528,-0.04191145189,-0.04189847101
2.205269301,0.007201530274,0.05038475794,-0.04316921648,-0.04315573186
2.253209938,0.007152368202,0.05141144778,-0.04441337821,-0.04439938401
2.301150575,0.007078560478,0.05238359866,-0.04564216297,-0.0456276536
2.349091212,0.006979113866,0.05329798443,-0.04685379668,-0.04683876676
2.397031849,0.006853035133,0.05415137891,-0.04804650524,-0.04803094963
2.444972486,0.006699331047,0.05494055597,-0.04921851455,-0.04920242832
2.492913123,0.006517008373,0.05566228943,-0.05036805053,-0.05035142899
2.54085376,0.006305073879,0.05631335315,-0.05149333907,-0.05147617775
2.588794397,0.00606253433,0.05689052097,-0.0525926061,-0.05257490075
2.636735034,0.005788396493,0.05739056673,-0.0536640775,-0.05364582411
2.684675671,0.005481667135,0.05781026428,-0.0547059792,-0.05468717397
2.732616308,0.005141353023,0.05814638747,-0.05571653709,-0.05569717645
2.780556945,0.004766460922,0.05839571012,-0.05669397709,-0.0566740577
2.828497582,0.004355997599,0.0585550061,-0.05763652509,-0.05761604384
2.876438219,0.003908969822,0.05862104924,-0.05854240702,-0.058521361
2.924378856,0.003424384355,0.05859061338,-0.05940984876,-0.05938823533
2.972319493,0.002901247967,0.05846047238,-0.06023707623,-0.06021489294
3.02026013,0.002338567424,0.05822740007,-0.06102231534,-0.06099955997
3.068200767,0.001735349491,0.0578881703,-0.06176379199,-0.06174046256
3.116141404,0.001090600936,0.05743955691,-0.06245973209,-0.06243582683
3.164082041,0.0004033285248,0.05687833375,-0.06310836155,-0.06308387893
3.212022678,-0.0003274609754,0.05620127466,-0.06370790627,-0.06368284497
3.259963315,-0.001102760799,0.05540515349,-0.06425659215,-0.0642309511
3.307903952,-0.001923564178,0.05448674407,-0.06475264512,-0.06472642344
3.355844589,-0.002790864347,0.05344282025,-0.06519429106,-0.06516748814
3.403785226,-0.003705654539,0.05227015589,-0.06557975589,-0.06555237131
3.451725863,-0.004668927988,0.05096552481,-0.06590726552,-0.06587929909
3.4996665,-0.005681677927,0.04952570086,-0.06617504585,-0.06614649762
3.547607137,-0.00674489759,0.0479474579,-0.06638132278,-0.06635219302
3.595547774,-0.007859580209,0.04622756975,-0.06652432224,-0.06649461144
3.643488411,-0.00902671902,0.04436281027,-0.06660227011,-0.06657197899
3.691429048,-0.01024730725,0.04234995331,-0.06661339231,-0.06658252182
3.739369685,-0.01152233815,0.04018577269,-0.06655591475,-0.06652446606
3.787310322,-0.01285280493,0.03786704227,-0.06642806332,-0.06639603783
3.835250959,-0.01423970083,0.0353905359,-0.06622806395,-0.06619546327
3.883191596,-0.0156840191,0.03275302741,-0.06595414252,-0.06592096852
3.931132233,-0.01718675295,0.02995129065,-0.06560452496,-0.0655707797
3.97907287,-0.01874889563,0.02698209946,-0.06517743717,-0.06514312295
4.027013507,-0.02037144037,0.02384222769,-0.06467110505,-0.0646362244
4.074954144,-0.0220553804,0.02052844919,-0.06408375451,-0.06404831018
4.122894781,-0.02380170896,0.01703753778,-0.06341361146,-0.06337760642
4.170835418,-0.02561095721,0.01336740168,-0.06265938807,-0.06262282507
4.218776055,-0.02741328219,0.009688948702,-0.06189401467,-0.06185682827
4.266716692,-0.02915862651,0.006125303993,-0.06117013359,-0.06113221236
4.314657329,-0.03084785811,0.002674738619,-0.06048690635,-0.06044814332
4.362597966,-0.03248184488,-0.0006644763544,-0.05984349451,-0.05980378713
4.410538603,-0.03406145476,-0.003894069863,-0.05923905959,-0.05919830979
4.45847924,-0.03558755565,-0.007015770841,-0.05867276315,-0.05863087727
4.506419877,-0.03706101547,-0.01003130822,-0.05814376672,-0.05810065555
4.554360514,-0.03848270214,-0.01294241094,-0.05765123183,-0.05760681063
4.602301151,-0.03985348357,-0.01575080794,-0.05719432004,-0.05714850847
4.650241788,-0.04117422769,-0.01845822814,-0.05677219287,-0.05672491507
4.698182425,-0.0424458024,-0.02106640048,-0.05638401187,-0.05633519641
4.746123062,-0.04366907563,-0.0235770539,-0.05602893858,-0.05597851847
4.794063699,-0.04484491529,-0.02599191734,-0.05570613454,-0.05565404723
4.842004336,-0.0459741893,-0.02831271972,-0.05541476128,-0.05536094868
4.889944972,-0.04705776557,-0.03054118998,-0.05515398035,-0.0550983888
4.937885609,-0.04809651202,-0.03267905705,-0.05492295328,-0.05486553358
4.985826246,-0.04909129656,-0.03472804988,-0.05472084162,-0.05466154899
5.033766883,-0.05004298712,-0.03668989739,-0.05454680691,-0.05448560102
5.08170752,-0.05095245161,-0.03856632852,-0.05440001068,-0.05433685565
5.129648157,-0.05182055795,-0.04035907221,-0.05427961447,-0.05421447887
5.177588794,-0.05264817405,-0.04206985739,-0.05418477983,-0.05411763665
5.225529431,-0.05343616783,-0.04370041298,-0.05411466829,-0.05404549499
5.273470068,-0.0541854072,-0.04525246794,-0.0540684414,-0.05399721987
5.321410705,-0.05489676009,-0.04672775119,-0.05404526068,-0.05397197726
5.369351342,-0.0555710944,-0.04812799167,-0.05404428769,-0.05396893315
5.417291979,-0.05620927806,-0.04945491831,-0.05406468397,-0.05398725353
5.465232616,-0.05681217899,-0.05071026004,-0.05410561104,-0.05402610437
5.513173253,-0.05738066509,-0.05189574581,-0.05416623045,-0.05408465167
5.56111389,-0.05791560428,-0.05301310455,-0.05424570375,-0.0541620614
5.609054527,-0.05841786449,-0.05406406518,-0.05434319247,-0.05425749954
5.656995164,-0.05888831362,-0.05505035665,-0.05445785814,-0.05437013208
5.704935801,-0.0593278196,-0.05597370789,-0.05458886232,-0.05449912501
5.752876438,-0.05973725034,-0.05683584784,-0.05473536653,-0.0546436443
5.800817075,-0.06011747376,-0.05763850542,-0.05489653233,-0.05480285594
5.848757712,-0.06046935777,-0.05838340958,-0.05507152124,-0.05497592592
5.896698349,-0.0607937703,-0.05907228924,-0.05525949481,-0.0551620202
5.944638986,-0.06109157924,-0.05970687335,-0.05545961458,-0.05536030479
5.992579623,-0.06136365254,-0.06028889084,-0.05567104208,-0.05556994566
6.04052026,-0.06161085809,-0.06082007064,-0.05589293886,-0.05579010879
6.088460897,-0.06183406382,-0.06130214169,-0.05612446646,-0.05601996016
6.136401534,-0.06203413764,-0.06173683292,-0.05636478641,-0.05625866577
6.184342171,-0.06221194747,-0.06212587327,-0.05661306026,-0.05650539159
6.232282808,-0.06236836123,-0.06247099166,-0.05686844955,-0.05675930361
6.280223445,-0.06250424683,-0.06277391705,-0.05713011581,-0.05701956781
6.328164082,-0.06262047218,-0.06303637835,-0.05739722058,-0.05728535017
6.376104719,-0.06271790522,-0.06326010451,-0.05766892541,-0.05755581667
6.424045356,-0.06279741384,-0.06344682445,-0.05794439183,-0.05783013331
6.471985993,-0.06285986598,-0.06359826713,-0.05822278138,-0.05810746605
6.51992663,-0.06290612954,-0.06371616146,-0.05850325561,-0.05838698089
6.567867267,-0.06293707244,-0.06380223638,-0.05878497605,-0.05866784381
6.615807904,-0.06295356259,-0.06385822084,-0.05906710424,-0.05894922079
6.663748541,-0.06295646793,-0.06388584375,-0.05934880172,-0.05923027782
6.711689178,-0.06294665635,-0.06388683407,-0.05962923004,-0.05951018087
6.759629815,-0.06292499578,-0.06386292071,-0.05990755072,-0.05978809593
6.807570452,-0.06289235414,-0.06381583262,-0.06018292532,-0.06006318898
6.855511089,-0.06284959933,-0.06374729874,-0.06045451536,-0.06033462602
6.903451726,-0.06279759928,-0.06365904799,-0.0607214824,-0.06060157301
6.951392363,-0.06273722191,-0.06355280931,-0.06098298796,-0.06086319594
6.999333,-0.06266933513,-0.06343031164,-0.0612381936,-0.0611186608
7.047273637,-0.06259480685,-0.0632932839,-0.06148626084,-0.06136713356
7.095214274,-0.06251450499,-0.06314345504,-0.06172635123,-0.06160778022
7.143154911,-0.06242929748,-0.06298255399,-0.0619576263,-0.06183976676
7.191095548,-0.06234005222,-0.06281230969,-0.06217924761,-0.06206225915
7.239036185,-0.06224763713,-0.06263445106,-0.06239037668,-0.06227442338
7.286976822,-0.06215292013,-0.06245070705,-0.06259017505,-0.06247542544
7.334917459,-0.06205676914,-0.06226280658,-0.06277780428,-0.0626644313
7.382858096,-0.06196005207,-0.0620724786,-0.06295242589,-0.06284060696
7.430798733,-0.06186363684,-0.06188145203,-0.06311320142,-0.06300311839
7.47873937,-0.06176839136,-0.06169145582,-0.06325929242,-0.06315113157
7.526680007,-0.06167518356,-0.06150421889,-0.06338986042,-0.06328381249
7.574620644,-0.06158488134,-0.06132147018,-0.06350406697,-0.06340032714
7.622561281,-0.06149835263,-0.06114493863,-0.0636010736,-0.06349984149
7.670501918,-0.06141646534,-0.06097635317,-0.06368004185,-0.06358152153
7.718442555,-0.06134008738,-0.06081744274,-0.06374013327,-0.06364453324
7.766383192,-0.06127008668,-0.06066993626,-0.06378050939,-0.06368804261
7.814323829,-0.06120733115,-0.06053556268,-0.06380033175,-0.06371121561
7.862264466,-0.06115268871,-0.06041605093,-0.06379876189,-0.06371321824
7.910205103,-0.06110702727,-0.06031312994,-0.06377496135,-0.06369321647
7.95814574,-0.06107121475,-0.06022852865,-0.06372809168,-0.06365037628
8.006086377,-0.06104611907,-0.06016397599,-0.0636573144,-0.06358386367
8.054027014,-0.06103260814,-0.0601212009,-0.06356179107,-0.06349284461
8.10196765,-0.06103154988,-0.06010193231,-0.06344068321,-0.06337648509
8.149908287,-0.06104381221,-0.06010789916,-0.06329315237,-0.06323395108
8.197848924,-0.06107026304,-0.06014083038,-0.0631183601,-0.06306440858
8.245789561,-0.06111177029,-0.06020245491,-0.06291546792,-0.06286702357
8.293730198,-0.06116920187,-0.06029450167,-0.06268363737,-0.06264096202
8.341670835,-0.06124311439,-0.06041811563,-0.0624212042,-0.06238584724
8.389611472,-0.06132093778,-0.06054979095,-0.06209283878,-0.06212038144
8.437552109,-0.06139579269,-0.0606766183,-0.06168160661,-0.06185432595
8.485492746,-0.06146773112,-0.06079867683,-0.06118953102,-0.06158715954
8.533433383,-0.06153680507,-0.06091604573,-0.06061863529,-0.061318361
8.58137402,-0.06160306655,-0.06102880417,-0.05997094273,-0.06104740909
8.629314657,-0.06166656755,-0.06113703132,-0.05924847664,-0.0607737826
8.677255294,-0.06172736008,-0.06124080634,-0.05845326031,-0.0604969603
8.725195931,-0.06178549614,-0.06134020842,-0.05758731706,-0.06021642096
8.773136568,-0.06184102773,-0.06143531673,-0.05665267017,-0.05993164337
8.821077205,-0.06189400686,-0.06152621043,-0.05565134294,-0.05964210629
8.869017842,-0.06194448553,-0.0616129687,-0.05458535869,-0.05934728851
8.916958479,-0.06199251574,-0.06169567071,-0.05345674071,-0.0590466688
8.964899116,-0.06203814949,-0.06177439564,-0.05226751229,-0.05873972594
9.012839753,-0.06208143878,-0.06184922265,-0.05101969675,-0.0584259387
9.06078039,-0.06212243563,-0.06192023091,-0.04971531737,-0.05810478585
9.108721027,-0.06216119203,-0.06198749961,-0.04835639746,-0.05777574619
9.156661664,-0.06219775997,-0.06205110791,-0.04694496033,-0.05743829847
9.204602301,-0.06223219148,-0.06211113498,-0.04548302926,-0.05709192148
9.252542938,-0.06226453854,-0.06216765999,-0.04397262756,-0.05673609399
9.300483575,-0.06229485316,-0.06222076212,-0.04241577854,-0.05637029478
9.348424212,-0.06232318735,-0.06227052054,-0.04081450548,-0.05599400263
9.396364849,-0.0623495931,-0.06231701442,-0.0391708317,-0.05560669631
9.444305486,-0.06237412242,-0.06236032293,-0.03748678048,-0.0552078546
9.492246123,-0.06239682731,-0.06240052525,-0.03576437514,-0.05479695626
9.54018676,-0.06241775977,-0.06243770055,-0.03400563897,-0.05437348009
9.588127397,-0.06243697181,-0.06247192799,-0.03221259528,-0.05393690486
9.636068034,-0.06245451542,-0.06250328676,-0.03038726735,-0.05348670933
9.684008671,-0.06247044262,-0.06253185602,-0.0285316785,-0.05302237229
9.731949308,-0.06248480539,-0.06255771494,-0.02664785202,-0.05254337252
9.779889945,-0.06249765575,-0.0625809427,-0.02473781121,-0.05204918879
9.827830582,-0.0625090457,-0.06260161847,-0.02280357938,-0.05153929987
9.875771219,-0.06251902724,-0.06261982142,-0.02084717982,-0.05101318455
9.923711856,-0.06252765237,-0.06263563072,-0.01887063583,-0.05047032159
9.971652493,-0.0625349731,-0.06264912555,-0.01687597072,-0.04991018977
10.01959313,-0.06254104142,-0.06266038507,-0.01486520778,-0.04933226788
10.06753377,-0.06254590935,-0.06266948846,-0.01284037031,-0.04873603468
10.1154744,-0.06254962887,-0.0626765149,-0.01080348162,-0.04812096896
10.16341504,-0.062552252,-0.06268154354,-0.00875656501,-0.04748654948
10.21135568,-0.06255383074,-0.06268465357,-0.00670164377,-0.04683225503
10.25929631,-0.06255441709,-0.06268592416,-0.004640741205,-0.04615756438
10.30723695,-0.06255406304,-0.06268543448,-0.002575880616,-0.04546195631
10.35517759,-0.06255282062,-0.0626832637,-0.0005090853028,-0.04474490958
10.40311823,-0.06255074181,-0.06267949099,0.001557621435,-0.04400590299
10.45105886,-0.06254787862,-0.06267419552,0.003622216296,-0.0432444153
10.4989995,-0.06254428305,-0.06266745648,0.005682675981,-0.04245992529
10.54694014,-0.0625400071,-0.06265935302,0.007736977189,-0.04165191174
10.59488077,-0.06253510278,-0.06264996432,0.00978309662,-0.04081985343
10.64282141,-0.0625296221,-0.06263936956,0.01181901097,-0.03996322912
10.69076205,-0.06252361704,-0.0626276479,0.01384269695,-0.0390815176
10.73870268,-0.06251713961,-0.06261487851,0.01585213125,-0.03817419763
10.78664332,-0.06251024183,-0.06260114058,0.01784529057,-0.03724074801
10.83458396,-0.06250297568,-0.06258651326,0.01982015161,-0.0362806475
10.8825246,-0.06249539317,-0.06257107574,0.02177469108,-0.03529337488
10.93046523,-0.06248754631,-0.06255490719,0.02370688566,-0.03427840892
10.97840587,-0.06247948709,-0.06253808677,0.02561471207,-0.03323522841
11.02634651,-0.06247126753,-0.06252069366,0.027496147,-0.03216331211
11.07428714,-0.06246293961,-0.06250280703,0.02934916715,-0.03106213881
11.12222778,-0.06245455535,-0.06248450605,0.03117174922,-0.02993118728
11.17016842,-0.06244616674,-0.0624658699,0.03296186991,-0.02876993629
11.21810905,-0.06243782579,-0.06244697774,0.03471750592,-0.02757786463
11.26604969,-0.0624295845,-0.06242790876,0.03643663395,-0.02635445106
11.31399033,-0.06242149488,-0.06240874211,0.0381172307,-0.02509917437
11.36193097,-0.06241360892,-0.06238955698,0.03975727287,-0.02381151333
11.4098716,-0.06240597864,-0.06237043253,0.04135473715,-0.02249094671
11.45781224,-0.06239865602,-0.06235144794,0.04290760026,-0.0211369533
11.50575288,-0.06239169307,-0.06233268238,0.04441383889,-0.01974901186
11.55369351,-0.0623851418,-0.06231421502,0.04587142973,-0.01832660118
11.60163415,-0.06237905421,-0.06229612503,0.04727834949,-0.01686920004
11.64957479,-0.0623734823,-0.06227849158,0.04863257487,-0.01537628719
11.69751542,-0.06236847807,-0.06226139386,0.04993208257,-0.01384734143
11.74545606,-0.06236409353,-0.06224491102,0.05117484928,-0.01228184153
11.7933967,-0.06236038068,-0.06222912224,0.05235885172,-0.01067926627
11.84133734,-0.06235739152,-0.0622141067,0.05348206657,-0.009039094412
11.88927797,-0.06235517805,-0.06219994356,0.05454247053,-0.007360804744
11.93721861,-0.06235379227,-0.06218671199,0.05553804031,-0.00564387604
11.98515925,-0.0623532862,-0.06217449118,0.05646675261,-0.003887787075
12.03309988,-0.06235371182,-0.06216336029,0.05732658413,-0.002092016625
12.08104052,-0.06235512115,-0.06215339849,0.05811551156,-0.0002560434664
12.12898116,-0.06235756618,-0.06214468495,0.0588315116,0.001620653625
12.17692179,-0.06236109892,-0.06213729885,0.05947256097,0.003538595872
12.22486243,-0.06236577137,-0.06213131936,0.06003663634,0.0054983045
12.27280307,-0.06237163553,-0.06212682565,0.06052171443,0.007500300732
12.32074371,-0.06237874341,-0.06212389689,0.06092577194,0.009545105792
12.36868434,-0.062387147,-0.06212261226,0.06124678556,0.0116332409
12.41662498,-0.06239689832,-0.06212305093,0.061482732,0.01376522729
12.46456562,-0.06240804935,-0.06212529206,0.06163158795,0.01594158618
12.51250625,-0.06242058117,-0.0621293872,0.06169438,0.01815890689
12.56044689,-0.0624330906,-0.06213481775,0.06173172448,0.0203377935
12.60838753,-0.06244502336,-0.06214132097,0.06176793615,0.02244768608
12.65632816,-0.06245639098,-0.06214884393,0.0618030317,0.02448963758
12.7042688,-0.06246720503,-0.06215733373,0.06183702781,0.02646470097
12.75220944,-0.06247747703,-0.06216673745,0.06186994116,0.02837392921
12.80015008,-0.06248721854,-0.06217700219,0.06190178844,0.03021837525
12.84809071,-0.0624964411,-0.06218807504,0.06193258632,0.03199909205
12.89603135,-0.06250515625,-0.06219990308,0.06196235149,0.03371713258
12.94397199,-0.06251337553,-0.06221243341,0.06199110064,0.03537354979
12.99191262,-0.06252111049,-0.06222561311,0.06201885044,0.03696939665
13.03985326,-0.06252837268,-0.06223938927,0.06204561759,0.0385057261
13.0877939,-0.06253517363,-0.06225370899,0.06207141875,0.03998359112
13.13573453,-0.0625415249,-0.06226851935,0.06209627063,0.04140404466
13.18367517,-0.06254743802,-0.06228376744,0.06212018989,0.04276813968
13.23161581,-0.06255292454,-0.06229940035,0.06214319322,0.04407692914
13.27955644,-0.062557996,-0.06231536517,0.06216529731,0.045331466
13.32749708,-0.06256266395,-0.06233160899,0.06218651884,0.04653280321
13.37543772,-0.06256693993,-0.0623480789,0.06220687449,0.04768199375
13.42337836,-0.06257083548,-0.06236472198,0.06222638094,0.04878009057
13.47131899,-0.06257436215,-0.06238148534,0.06224505488,0.04982814662
13.51925963,-0.06257753149,-0.06239831605,0.06226291299,0.05082721487
13.56720027,-0.06258035503,-0.06241516122,0.06227997195,0.05177834828
13.6151409,-0.06258284432,-0.06243196791,0.06229624845,0.05268259981
13.66308154,-0.0625850109,-0.06244868324,0.06231175918,0.05354102241
13.71102218,-0.06258686633,-0.06246525427,0.0623265208,0.05435466905
13.75896281,-0.06258842213,-0.06248162812,0.06234055001,0.05512459268
13.80690345,-0.06258968986,-0.06249775185,0.06235386349,0.05585184626
13.85484409,-0.06259068106,-0.06251357257,0.06236647792,0.05653748276
13.90278473,-0.06259140727,-0.06252903737,0.06237840998,0.05718255514
13.95072536,-0.06259188004,-0.06254409332,0.06238967636,0.05778811635
13.998666,-0.06259211091,-0.06255868753,0.06240029375,0.05835521935
14.04660664,-0.06259211142,-0.06257276708,0.06241027882,0.0588849171
14.09454727,-0.06259189313,-0.06258627906,0.06241964825,0.05937826256
14.14248791,-0.06259146756,-0.06259917056,0.06242841874,0.0598363087
14.19042855,-0.06259084628,-0.06261138867,0.06243660696,0.06026010847
14.23836918,-0.06259004081,-0.06262288048,0.0624442296,0.06065071482
14.28630982,-0.06258906271,-0.06263359308,0.06245130333,0.06100918073
14.33425046,-0.06258792351,-0.06264347355,0.06245784485,0.06133655915
14.3821911,-0.06258663477,-0.062652469,0.06246387083,0.06163390303
14.43013173,-0.06258520802,-0.06266052649,0.06246939797,0.06190226535
14.47807237,-0.06258365482,-0.06266759314,0.06247444293,0.06214269905
14.52601301,-0.06258198669,-0.06267361602,0.06247902241,0.0623562571
14.57395364,-0.0625802152,-0.06267854223,0.06248315309,0.06254399246
14.62189428,-0.06257835188,-0.06268231885,0.06248685165,0.06270695808
14.66983492,-0.06257640827,-0.06268489297,0.06249013477,0.06284620693
14.71777555,-0.06257439592,-0.06268621169,0.06249301914,0.06296279197
14.76571619,-0.06257232637,-0.06268622209,0.06249552144,0.06305776615
14.81365683,-0.06257021117,-0.06268487126,0.06249765835,0.06313218243
14.86159747,-0.06256806186,-0.0626821063,0.06249944656,0.06318709378
14.9095381,-0.06256588999,-0.06267787429,0.06250090275,0.06322355316
14.95747874,-0.0625637071,-0.06267212231,0.0625020436,0.06324261351
15.00541938,-0.06256152472,-0.06266479747,0.0625028858,0.06324532781
15.05336001,-0.06255935442,-0.06265584684,0.06250344602,0.06323274902
15.10130065,-0.06255720772,-0.06264521753,0.06250374096,0.06320593008
15.14924129,-0.06255509618,-0.06263285661,0.06250378729,0.06316592397
15.19718192,-0.06255303134,-0.06261871118,0.0625036017,0.06311378363
15.24512256,-0.06255102474,-0.06260272833,0.06250320087,0.06305056204
15.2930632,-0.06254908792,-0.06258485514,0.06250260148,0.06297731215
15.34100384,-0.06254723243,-0.06256503871,0.06250182023,0.06289508692
15.38894447,-0.06254546982,-0.06254322613,0.06250087378,0.0628049393
15.43688511,-0.06254381163,-0.06251936448,0.06249977882,0.06270792227
15.48482575,-0.06254226939,-0.06249340086,0.06249855204,0.06260508877
15.53276638,-0.06254085466,-0.06246528235,0.06249721012,0.06249749177
15.58070702,-0.06253957898,-0.06243495604,0.06249576974,0.06238618423
15.62864766,-0.0625384539,-0.06240236902,0.06249424759,0.06227221911
15.67658829,-0.06253749095,-0.06236746839,0.06249266035,0.06215664936
15.72452893,-0.06253670168,-0.06233020123,0.06249102469,0.06204052794
15.77246957,-0.06253609763,-0.06229051463,0.06248935732,0.06192490783
15.82041021,-0.06253569036,-0.06224835568,0.0624876749,0.06181084196
15.86835084,-0.06253549139,-0.06220367147,0.06248599412,0.06169938332
15.91629148,-0.06253551229,-0.06215640908,0.06248433166,0.06159158484
15.96423212,-0.06253576458,-0.06210651562,0.06248270421,0.0614884995
16.01217275,-0.06253625982,-0.06205393817,0.06248112845,0.06139118025
16.06011339,-0.06253700954,-0.06199862381,0.06247962107,0.06130068006
16.10805403,-0.0625380253,-0.06194051964,0.06247819874,0.06121805188
16.15599466,-0.06253931863,-0.06187957275,0.06247687814,0.06114434867
16.2039353,-0.06254090108,-0.06181573022,0.06247567598,0.06108062339
16.25187594,-0.06254278419,-0.06174893915,0.06247460891,0.061027929
16.29981657,-0.06254497952,-0.06167914662,0.06247369364,0.06098731846
16.34775721,-0.06254749859,-0.06160629972,0.06247294683,0.06095984473
16.39569785,-0.06255035296,-0.06153034555,0.06247238518,0.06094656077
16.44363849,-0.06255355416,-0.0614512312,0.06247202537,0.06094851954
16.49157912,-0.06255711375,-0.06136890374,0.06247188408,0.060966774
16.53951976,-0.06256104327,-0.06128331028,0.06247197799,0.0610023771
16.5874604,-0.06256535426,-0.0611943979,0.06247232379,0.06105638181
16.63540103,-0.06257005826,-0.06110211369,0.06247293816,0.06112984109
16.68334167,-0.06257510644,-0.06100806007,0.06247382952,0.06122227633
16.73128231,-0.06257978609,-0.06093171408,0.06247490805,0.06131604016
16.77922294,-0.06258390012,-0.06087773786,0.06247613912,0.06140588807
16.82716358,-0.06258746398,-0.06084488974,0.0624775154,0.0614918903
16.87510422,-0.06259049315,-0.06083192807,0.0624790296,0.06157411708
16.92304486,-0.06259300307,-0.06083761119,0.0624806744,0.06165263867
16.97098549,-0.0625950092,-0.06086069744,0.06248244248,0.0617275253
17.01892613,-0.06259652699,-0.06089994515,0.06248432655,0.06179884721
17.06686677,-0.06259757192,-0.06095411268,0.06248631929,0.06186667465
17.1148074,-0.06259815942,-0.06102195835,0.06248841339,0.06193107786
17.16274804,-0.06259830497,-0.06110224052,0.06249060154,0.06199212708
17.21068868,-0.06259802401,-0.06119371751,0.06249287644,0.06204989255
17.25862931,-0.062597332,-0.06129514768,0.06249523077,0.06210444451
17.30656995,-0.06259624441,-0.06140528935,0.06249765723,0.06215585321
17.35451059,-0.06259477668,-0.06152290088,0.06250014849,0.06220418889
17.40245123,-0.06259294428,-0.06164674059,0.06250269727,0.06224952178
17.45039186,-0.06259076267,-0.06177556684,0.06250529623,0.06229192213
17.4983325,-0.06258824729,-0.06190813796,0.06250793809,0.06233146019
17.54627314,-0.0625854136,-0.06204321229,0.06251061552,0.06236820619
17.59421377,-0.06258227708,-0.06217954818,0.06251332121,0.06240223037
17.64215441,-0.06257885316,-0.06231590395,0.06251604786,0.06243360299
17.69009505,-0.06257515731,-0.06245103796,0.06251878816,0.06246239427
17.73803568,-0.06257120498,-0.06258370855,0.0625215348,0.06248867446
17.78597632,-0.06256701164,-0.06271267404,0.06252428046,0.06251251381
17.83391696,-0.06256259273,-0.06283669279,0.06252701784,0.06253398254
17.8818576,-0.06255796373,-0.06295452314,0.06252973963,0.06255315092
17.92979823,-0.06255314007,-0.06306492342,0.06253243852,0.06257008917
17.97773887,-0.06254813723,-0.06316665197,0.0625351072,0.06258486755
18.02567951,-0.06254297065,-0.06325846714,0.06253773835,0.06259755628
18.07362014,-0.0625376558,-0.06333912727,0.06254032468,0.06260822562
18.12156078,-0.06253220813,-0.06340739069,0.06254285887,0.0626169458
18.16950142,-0.0625266431,-0.06346201575,0.06254533361,0.06262378707
18.21744205,-0.06252097616,-0.06350176078,0.06254774159,0.06262881966
18.26538269,-0.06251522278,-0.06352538413,0.0625500755,0.06263211383
18.31332333,-0.06250939841,-0.06353164414,0.06255232804,0.06263373981
18.36126397,-0.06250351851,-0.06351929915,0.06255449189,0.06263376784
18.4092046,-0.06249759853,-0.06348710749,0.06255655974,0.06263226817
18.45714524,-0.06249165393,-0.06343382751,0.06255852428,0.06262931103
18.50508588,-0.06248570017,-0.06335821755,0.06256037821,0.06262496668
18.55302651,-0.06247975271,-0.06325903595,0.06256211421,0.06261930534
18.60096715,-0.062473827,-0.06313504105,0.06256372497,0.06261239727
18.64890779,-0.0624679385,-0.06298499118,0.0625652032,0.0626043127
18.69684842,-0.06246210267,-0.0628076447,0.06256654156,0.06259512188
18.74478906,-0.06245633496,-0.06260175994,0.06256773276,0.06258489504
18.7927297,-0.06245065083,-0.06236609523,0.06256876949,0.06257370243
18.84067034,-0.06244506574,-0.06209940893,0.06256964444,0.0625616143
18.88861097,-0.06243959515,-0.06180045937,0.06257035029,0.06254870088
18.93655161,-0.06243425451,-0.06146800489,0.06257087974,0.06253503241
18.98449225,-0.06242905928,-0.06110080383,0.06257122547,0.06252067914
19.03243288,-0.06242402492,-0.06069761453,0.06257138019,0.0625057113
19.08037352,-0.06241916688,-0.06025719534,0.06257133657,0.06249019915
19.12831416,-0.06241450062,-0.05977830459,0.06257108732,0.06247421292
19.17625479,-0.0624100416,-0.05925970062,0.06257062511,0.06245782285
19.22419543,-0.06240580528,-0.05870014177,0.06256994264,0.06244109919
19.27213607,-0.06240180711,-0.05809838639,0.0625690326,0.06242411217
19.32007671,-0.06239806255,-0.05745319281,0.06256788768,0.06240693205
19.36801734,-0.06239458705,-0.05676331937,0.06256650058,0.06238962905
19.41595798,-0.06239139608,-0.05602752442,0.06256486397,0.06237227343
19.46389862,-0.06238850509,-0.0552445663,0.06256297056,0.06235493541
19.51183925,-0.06238592954,-0.05441320334,0.06256081303,0.06233768526
19.55977989,-0.06238368489,-0.05353219388,0.06255838407,0.0623205932
19.60772053,-0.06238178658,-0.05260029627,0.06255567637,0.06230372948
19.65566116,-0.06238025009,-0.05161626885,0.06255268263,0.06228716435
19.7036018,-0.06237909086,-0.05057886995,0.06254939553,0.06227096803
19.75154244,-0.06237832436,-0.04948685792,0.06254580777,0.06225521078
19.79948307,-0.06237796604,-0.0483389911,0.06254191203,0.06223996284
19.84742371,-0.06237803135,-0.04713402782,0.062537701,0.06222529444
19.89536435,-0.06237853576,-0.04587072643,0.06253316739,0.06221127584
19.94330499,-0.06237949472,-0.04454784527,0.06252830386,0.06219797726
19.99124562,-0.0623809237,-0.04316414268,0.06252310313,0.06218546896
20.03918626,-0.06238283813,-0.041718377,0.06251755786,0.06217382118
20.0871269,-0.0623852535,-0.04020930656,0.06251166077,0.06216310415
20.13506753,-0.06238818524,-0.03863568972,0.06250540453,0.06215338812
20.18300817,-0.06239164882,-0.0369962848,0.06249878185,0.06214474332
20.23094881,-0.0623956597,-0.03528985015,0.0624917854,0.06213724002
20.27888944,-0.06240023332,-0.03351514412,0.06248440787,0.06213094843
20.32683008,-0.06240538516,-0.03167092503,0.06247664197,0.06212593881
20.37477072,-0.06241113066,-0.02975595124,0.06246848038,0.0621222814
20.42271136,-0.06241748529,-0.02776898107,0.06245991579,0.06212004644
20.47065199,-0.0624244645,-0.02570877288,0.06245094088,0.06211930416
20.51859263,-0.06243208374,-0.023574085,0.06244154836,0.06212012483
20.56653327,-0.06244035848,-0.02136367577,0.06243173091,0.06212257866
20.6144739,-0.06244930417,-0.01907630353,0.06242148122,0.06212673591
20.66241454,-0.06245893627,-0.01671072663,0.06241079198,0.06213266682
20.71035518,-0.06246927024,-0.0142657034,0.06239965588,0.06214044163
20.75829581,-0.06248032153,-0.01173999218,0.06238806562,0.06215013058
20.80623645,-0.06249210559,-0.009132351316,0.06237601388,0.06216180391
20.85417709,-0.06249515783,-0.006455957883,0.06236368754,0.06217531436
20.90211773,-0.0624154783,-0.003823462711,0.0623525949,0.06218898865
20.95005836,-0.06223922005,-0.001258346815,0.06234301125,0.06220245368
20.997999,-0.06196867884,0.001240256493,0.06233488112,0.06221569968
21.04593964,-0.06160615045,0.003673213899,0.06232814908,0.06222871689
21.09388027,-0.06115393065,0.00604139209,0.06232275966,0.06224149553
21.14182091,-0.0606143152,0.008345657753,0.06231865741,0.06225402584
21.18976155,-0.05998959989,0.01058687757,0.06231578688,0.06226629805
21.23770218,-0.05928208047,0.01276591824,0.06231409261,0.06227830239
21.28564282,-0.05849405274,0.01488364644,0.06231351914,0.06229002908
21.33358346,-0.05762781244,0.01694092886,0.06231401104,0.06230146837
21.3815241,-0.05668565536,0.01893863218,0.06231551283,0.06231261048
21.42946473,-0.05566987727,0.0208776231,0.06231796907,0.06232344564
21.47740537,-0.05458277394,0.02275876829,0.0623213243,0.06233396408
21.52534601,-0.05342664114,0.02458293445,0.06232552307,0.06234415603
21.57328664,-0.05220377464,0.02635098827,0.06233050993,0.06235401173
21.62122728,-0.05091647022,0.02806379642,0.06233622941,0.06236352141
21.66916792,-0.04956702363,0.0297222256,0.06234262608,0.06237267529
21.71710855,-0.04815773067,0.03132714249,0.06234964446,0.0623814636
21.76504919,-0.04669088709,0.03287941378,0.06235722912,0.06238987659
21.81298983,-0.04516878867,0.03437990616,0.06236532459,0.06239790447
21.86093047,-0.04359373118,0.03582948631,0.06237387542,0.06240553749
21.9088711,-0.0419680104,0.03722902092,0.06238282616,0.06241276586
21.95681174,-0.04029392209,0.03857937668,0.06239212136,0.06241957983
22.00475238,-0.03857376202,0.03988142027,0.06240170555,0.06242596961
22.05269301,-0.03680982596,0.04113601838,0.06241152329,0.06243192545
22.10063365,-0.0350044097,0.0423440377,0.06242151913,0.06243743758
22.14857429,-0.03315980899,0.04350634491,0.0624316376,0.06244249622
22.19651492,-0.03127831962,0.04462380671,0.06244182325,0.0624470916
22.24445556,-0.02936223734,0.04569728977,0.06245202064,0.06245121396
22.2923962,-0.02741385794,0.04672766078,0.0624621743,0.06245485353
22.34033684,-0.02543547719,0.04771578643,0.06247222878,0.06245800053
22.38827747,-0.02342939084,0.04866253342,0.06248212863,0.06246064521
22.43621811,-0.02139789469,0.04956876841,0.0624918184,0.06246277778
22.48415875,-0.0193432845,0.05043535811,0.06250124263,0.06246438848
22.53209938,-0.01726785603,0.05126316919,0.06251034586,0.06246546755
22.58004002,-0.01517390507,0.05205306835,0.06251907265,0.06246600521
22.62798066,-0.01306372738,0.05280592227,0.06252736753,0.06246599169
22.67592129,-0.01093961873,0.05352259764,0.06253517506,0.06246541723
22.72386193,-0.008803874905,0.05420396114,0.06254243979,0.06246427205
22.77180257,-0.006658791663,0.05485087947,0.06254910625,0.06246254638
22.8197432,-0.00450666478,0.0554642193,0.06255511899,0.06246023046
22.86768384,-0.002349790026,0.05604484733,0.06256042256,0.06245731452
22.91562448,-0.0001904631747,0.05659363024,0.06256496151,0.06245378879
22.96356512,0.001969020004,0.05711143472,0.06256868038,0.0624496435
23.01150575,0.004126363739,0.05759912745,0.06257152372,0.06244486888
23.05944639,0.006279272257,0.05805757513,0.06257343607,0.06243945516
23.10738703,0.008425449789,0.05848764443,0.06257436198,0.06243339256
23.15532766,0.01056260056,0.05889020205,0.06257424599,0.06242667134
23.2032683,0.0126884288,0.05926611467,0.06257303266,0.0624192817
23.25120894,0.01480063875,0.05961624898,0.06257066653,0.06241121389
23.29914957,0.01689693461,0.05994147167,0.06256709214,0.06240245814
23.34709021,0.01897502064,0.06024264942,0.06256225404,0.06239300467
23.39503085,0.02103260105,0.06052064892,0.06255609678,0.06238284372
23.44297149,0.02306738007,0.06077633685,0.0625485649,0.06237196551
23.49091212,0.02507706193,0.06101057991,0.06253960295,0.06236036028
23.53885276,0.02705935086,0.06122424478,0.06252915548,0.06234801827
23.5867934,0.0290119511,0.06141819814,0.06251716702,0.06233492969
23.63473403,0.03093256686,0.06159330669,0.06250358214,0.06232108478
23.68267467,0.03281890237,0.0617504371,0.06248834536,0.06230647378
23.73061531,0.03466866187,0.06189045608,0.06247140125,0.06229108691
23.77855594,0.03647954958,0.06201423029,0.06245269434,0.0622749144
23.82649658,0.03824926973,0.06212262644,0.06243216918,0.06225794649
23.87443722,0.03997552656,0.0622165112,0.06240977032,0.0622401734
23.92237786,0.04165602428,0.06229675127,0.0623854423,0.06222158537
23.97031849,0.04328846713,0.06236421333,0.06235912967,0.06220217262
24.01825913,0.04487055934,0.06241976406,0.06233077698,0.0621819254
24.06619977,0.04640000513,0.06246427016,0.06230032877,0.06216083392
24.1141404,0.04787450873,0.06249859831,0.06226772958,0.06213888842
24.16208104,0.04929177437,0.0625236152,0.06223292397,0.06211607913
24.21002168,0.05064950629,0.06254018751,0.06219585648,0.06209239628
24.25796231,0.0519454087,0.06254918193,0.06215647166,0.06206783011
24.30590295,0.05317718585,0.06255146515,0.06211471405,0.06204237084
24.35384359,0.05434254194,0.06254790385,0.0620705282,0.0620160087
24.40178423,0.05543918122,0.06253936473,0.06202385865,0.06198873393
24.44972486,0.05646480792,0.06252671446,0.06197464995,0.06196053675
24.4976655,0.05741712626,0.06251081974,0.06192284665,0.0619314074
24.54560614,0.05829384046,0.06249254724,0.06186839329,0.0619013361
24.59354677,0.05909265477,0.06247276367,0.06181123443,0.0618703131
24.64148741,0.0598112734,0.0624523357,0.06175131459,0.06183832861
24.68942805,0.06044740059,0.06243213003,0.06168857834,0.06180537287
24.73736868,0.06099874057,0.06241301333,0.06162297021,0.06177143611
24.78530932,0.06146299755,0.0623958523,0.06155443476,0.06173650857
24.83324996,0.06183787578,0.06238151362,0.06148291652,0.06170058046
24.8811906,0.06212107948,0.06237086397,0.06140836006,0.06166364203
24.92913123,0.06231031288,0.06236477006,0.0613307099,0.06162568351
24.97707187,0.06240328021,0.06236409855,0.0612499106,0.06158669512
25.02501251,0.06241134949,0.06236876967,0.06116900684,0.06154879303
25.07295314,0.06240835406,0.06237410373,0.06110464757,0.06152326119
25.12089378,0.06240568092,0.06237933925,0.06105846561,0.06151084511
25.16883442,0.06240332291,0.06238447706,0.06102945243,0.06151046309
25.21677505,0.0624012729,0.06238951797,0.06101659952,0.0615210334
25.26471569,0.06239952374,0.06239446281,0.06101889838,0.06154147432
25.31265633,0.06239806829,0.0623993124,0.06103534049,0.06157070414
25.36059697,0.06239689941,0.06240406756,0.06106491735,0.06160764114
25.4085376,0.06239600994,0.06240872911,0.06110662044,0.0616512036
25.45647824,0.06239539274,0.06241329787,0.06115944125,0.0617003098
25.50441888,0.06239504068,0.06241777466,0.06122237127,0.06175387802
25.55235951,0.0623949466,0.0624221603,0.061294402,0.06181082655
25.60030015,0.06239510337,0.06242645561,0.06137452491,0.06187007366
25.64824079,0.06239550383,0.06243066142,0.06146173151,0.06193053765
25.69618142,0.06239614085,0.06243477854,0.06155501327,0.06199113678
25.74412206,0.06239700728,0.06243880779,0.0616533617,0.06205078935
25.7920627,0.06239809597,0.06244275001,0.06175576827,0.06210841363
25.84000334,0.06239939979,0.06244660599,0.06186122448,0.0621629279
25.88794397,0.06240091158,0.06245037658,0.06196872182,0.06221325045
25.93588461,0.06240262421,0.06245406258,0.06207725178,0.06225829957
25.98382525,0.06240453053,0.06245766482,0.06218580584,0.06229699352
26.03176588,0.06240662339,0.06246118412,0.0622933755,0.06232825059
26.07970652,0.06240889566,0.0624646213,0.06239895225,0.06235098907
26.12764716,0.06241134018,0.06246797718,0.06250152757,0.06236412724
26.17558779,0.06241394981,0.06247125258,0.06260009295,0.06236658337
26.22352843,0.06241671742,0.06247444832,0.06269363989,0.06235727576
26.27146907,0.06241963584,0.06247756523,0.06278115987,0.06233512267
26.3194097,0.06242269795,0.06248060412,0.06286164439,0.0622990424
26.36735034,0.0624258966,0.06248356581,0.06293408493,0.06224795322
26.41529098,0.06242922464,0.06248645113,0.06299747298,0.06218077342
26.46323162,0.06243267492,0.06248926089,0.06305080003,0.06209642128
26.51117225,0.06243624032,0.06249199593,0.06309305757,0.06199381508
26.55911289,0.06243991367,0.06249465704,0.06312323709,0.0618718731
26.60705353,0.06244368783,0.06249724507,0.06314033009,0.06172951363
26.65499416,0.06244755567,0.06249976083,0.06314332804,0.06156565494
26.7029348,0.06245151004,0.06250220513,0.06313122244,0.06137921531
26.75087544,0.06245554379,0.06250457881,0.06310300478,0.06116911304
26.79881607,0.06245964978,0.06250688267,0.06305766655,0.0609342664
26.84675671,0.06246382086,0.06250911755,0.06299419923,0.06067359367
26.89469735,0.0624680499,0.06251128426,0.06291159433,0.06038601313
26.94263799,0.06247232974,0.06251338363,0.06280884332,0.06007044308
26.99057862,0.06247665325,0.06251541647,0.06268493769,0.05972580177
27.03851926,0.06248101328,0.0625173836,0.06253886894,0.05935100751
27.0864599,0.06248540268,0.06251928585,0.06236962855,0.05894497857
27.13440053,0.06248981431,0.06252112403,0.06217620802,0.05850663324
27.18234117,0.06249424102,0.06252289897,0.06195759884,0.05803488979
27.23028181,0.06249867568,0.06252461149,0.06171279248,0.0575286665
27.27822244,0.06250311114,0.06252626241,0.06144078045,0.05698688166
27.32616308,0.06250754025,0.06252785255,0.06114055423,0.05640845356
27.37410372,0.06251195588,0.06252938272,0.06081110531,0.05579230046
27.42204436,0.06251635087,0.06253085376,0.06045142519,0.05513734066
27.46998499,0.06252071808,0.06253226648,0.06006050534,0.05444249244
27.51792563,0.06252505036,0.0625336217,0.05963733727,0.05370667407
27.56586627,0.06252934058,0.06253492024,0.05918091245,0.05292880384
27.6138069,0.0625335816,0.06253616293,0.05869022238,0.05210780004
27.66174754,0.06253776625,0.06253735058,0.05816425855,0.05124258093
27.70968818,0.06254188741,0.06253848402,0.05760201245,0.05033206481
27.75762881,0.06254593792,0.06253956406,0.05700247557,0.04937516996
27.80556945,0.06254991065,0.06254059153,0.0563646394,0.04837081465
27.85351009,0.06255379845,0.06254156725,0.05568749542,0.04731791717
27.90145073,0.06255759417,0.06254249203,0.05497003513,0.04621539581
27.94939136,0.06256129067,0.0625433667,0.05421125001,0.04506216884
27.997332,0.06256488081,0.06254419209,0.05341013156,0.04385715454
28.04527264,0.06256835744,0.062544969,0.05256567126,0.0425992712
28.09321327,0.06257171341,0.06254569826,0.0516768606,0.0412874371
28.14115391,0.0625749416,0.0625463807,0.05074269108,0.03992057052
28.18909455,0.06257803484,0.06254701713,0.04976215419,0.03849758974
28.23703518,0.062580986,0.06254760837,0.0487342414,0.03701741304
28.28497582,0.06258378793,0.06254815525,0.04765794422,0.03547895871
28.33291646,0.06258643348,0.06254865858,0.04653225413,0.03388114503
28.3808571,0.06258891553,0.06254911918,0.04535616262,0.03222289027
28.42879773,0.06259122691,0.06254953789,0.04412866117,0.03050311273
28.47673837,0.06259336048,0.0625499155,0.04284874129,0.02872073068
28.52467901,0.06259530911,0.06255025286,0.04151539446,0.02687466241
28.57261964,0.06259706564,0.06255055078,0.04012761217,0.02496382619
28.62056028,0.06259862294,0.06255081007,0.03868438591,0.0229871403
28.66850092,0.06259997385,0.06255103157,0.03718470716,0.02094352304
28.71644155,0.06260111124,0.06255121608,0.03562756742,0.01883189268
28.76438219,0.06260202797,0.06255136444,0.03401195818,0.0166511675
28.81232283,0.06260271687,0.06255147746,0.03233687092,0.01440026579
28.86026347,0.06260317082,0.06255155596,0.03060129714,0.01207810582
28.9082041,0.06260338267,0.06255160076,0.02880422832,0.009683605886
28.95614474,0.06260334527,0.06255161269,0.02694465596,0.007215684258
29.00408538,0.06260305148,0.06255159257,0.02502157155,0.004673259223
29.05202601,0.06260249416,0.06255154121,0.02303396656,0.002055249061
29.09996665,0.06260166616,0.06255145943,0.0209808325,-0.0006394279449
29.14790729,0.06260056033,0.06255134807,0.01886116086,-0.003411853514
29.19584792,0.06259924298,0.06255122179,0.01669004313,-0.006232087853
29.24378856,0.06259800176,0.06255113556,0.01453128382,-0.00897769805
29.2917292,0.06259686477,0.06255109341,0.01239201778,-0.01163716393
29.33966983,0.06259582992,0.06255109362,0.01027276531,-0.01421179116
29.38761047,0.06259489509,0.06255113444,0.008174046686,-0.0167028854
29.43555111,0.06259405817,0.06255121413,0.006096382197,-0.01911175231
29.48349175,0.06259331706,0.06255133096,0.004040292132,-0.02143969754
29.53143238,0.06259266964,0.06255148318,0.002006296777,-0.02368802677
29.57937302,0.0625921138,0.06255166905,-5.083580454e-06,-0.02585804564
29.62731366,0.06259164744,0.06255188684,-0.001993328652,-0.02795105981
29.67525429,0.06259126844,0.06255213479,-0.003957918152,-0.02996837496
29.72319493,0.06259097471,0.06255241119,-0.005898331791,-0.03191129673
29.77113557,0.06259076412,0.06255271428,-0.007814049283,-0.0337811308
29.8190762,0.06259063456,0.06255304232,-0.009704550341,-0.0355791828
29.86701684,0.06259058394,0.06255339357,-0.01156931468,-0.03730675842
29.91495748,0.06259061014,0.06255376631,-0.013407822,-0.03896516331
29.96289812,0.06259071105,0.06255415877,-0.01521955203,-0.04055570312
30.01083875,0.06259088456,0.06255456923,-0.01700398448,-0.04207968352
30.05877939,0.06259112856,0.06255499595,-0.01876059905,-0.04353841017
30.10672003,0.06259144095,0.06255543718,-0.02048887547,-0.04493318873
30.15466066,0.06259181961,0.06255589118,-0.02218829344,-0.04626532485
30.2026013,0.06259226243,0.06255635622,-0.02385833267,-0.04753612421
30.25054194,0.06259276731,0.06255683056,-0.02549847289,-0.04874689245
30.29848257,0.06259333214,0.06255731245,-0.0271081938,-0.04989893524
30.34642321,0.06259395481,0.06255780016,-0.02868697511,-0.05099355824
30.39436385,0.0625946332,0.06255829194,-0.03023429654,-0.0520320671
30.44230449,0.06259536521,0.06255878606,-0.0317496378,-0.0530157675
30.49024512,0.06259614873,0.06255928078,-0.0332324786,-0.05394596508
30.53818576,0.06259698165,0.06255977435,-0.03468229866,-0.05482396551
30.5861264,0.06259786186,0.06256026504,-0.03609857768,-0.05565107445
30.63406703,0.06259878725,0.06256075111,-0.03748079539,-0.05642859756
30.68200767,0.06259975572,0.06256123082,-0.03882843148,-0.0571578405
30.72994831,0.06260076514,0.06256170242,-0.04014096569,-0.05784010892
30.77788894,0.06260181343,0.06256216417,-0.04141787771,-0.0584767085
30.82582958,0.06260289845,0.06256261435,-0.04265864726,-0.05906894488
30.87377022,0.06260401811,0.0625630512,-0.04386275406,-0.05961812373
30.92171086,0.0626051703,0.062563473,-0.04502967782,-0.06012555071
30.96965149,0.06260635291,0.06256387798,-0.04615889824,-0.06059253148
31.01759213,0.06260756382,0.06256426443,-0.04724989504,-0.06102037169
31.06553277,0.06260880093,0.0625646306,-0.04830214794,-0.06141037702
31.1134734,0.06261006214,0.06256497474,-0.04931513665,-0.06176385311
31.16141404,0.06261134532,0.06256529512,-0.05028834088,-0.06208210564
31.20935468,0.06261264837,0.06256559001,-0.05122124033,-0.06236644025
31.25729531,0.06261396919,0.06256585765,-0.05211331474,-0.06261816261
31.30523595,0.06261530565,0.0625660963,-0.0529640438,-0.06283857838
31.35317659,0.06261665566,0.06256630424,-0.05377290723,-0.06302899321
31.40111723,0.06261801711,0.06256647972,-0.05453938474,-0.06319071278
31.44905786,0.06261938788,0.062566621,-0.05526295605,-0.06332504274
31.4969985,0.06262076586,0.06256672634,-0.05594310087,-0.06343328874
31.54493914,0.06262214895,0.06256679399,-0.05657929891,-0.06351675645
31.59287977,0.06262353504,0.06256682223,-0.05717102988,-0.06357675154
31.64082041,0.06262492201,0.06256680931,-0.0577177735,-0.06361457965
31.68876105,0.06262630777,0.06256675348,-0.05821900948,-0.06363154645
31.73670168,0.06262769019,0.06256665302,-0.05867421753,-0.0636289576
31.78464232,0.06262906718,0.06256650618,-0.05908287736,-0.06360811876
31.83258296,0.06263043661,0.06256631122,-0.05944446869,-0.06357033558
31.8805236,0.06263179639,0.0625660664,-0.05975847123,-0.06351691374
31.92846423,0.0626331444,0.06256576998,-0.06002436469,-0.06344915889
31.97640487,0.06263447853,0.06256542022,-0.06024162879,-0.06336837668
32.02434551,0.06263579667,0.06256501539,-0.06040974323,-0.06327587278
32.07228614,0.06263709673,0.06256455373,-0.06052818773,-0.06317295286
32.12022678,0.06263837657,0.06256403352,-0.06059644201,-0.06306092256
32.16816742,0.0626396341,0.06256345301,-0.06061398577,-0.06294108755
32.21610805,0.06264086721,0.06256281046,-0.06058029873,-0.06281475349
32.26404869,0.06264207379,0.06256210413,-0.0604948606,-0.06268322604
32.31198933,0.06264325173,0.06256133229,-0.0603571511,-0.06254781086
32.35992996,0.06264439892,0.06256049319,-0.06016664993,-0.06240981361
32.4078706,0.06264551324,0.06255958509,-0.0599228368,-0.06227053995
32.45581124,0.0626465926,0.06255860625,-0.05962519144,-0.06213129554
32.50375188,0.06264763488,0.06255755494,-0.05927319356,-0.06199338604
32.55169251,0.06264863797,0.06255642941,-0.05886632286,-0.06185811711
32.59963315,0.06264959976,0.06255522792,-0.05840405906,-0.0617267944
32.64757379,0.06265051815,0.06255394874,-0.05788588187,-0.06160072359
32.69551442,0.06265139102,0.06255259012,-0.05731127101,-0.06148121033
32.74345506,0.06265221627,0.06255115033,-0.05667970618,-0.06136956027
32.7913957,0.06265299179,0.06254962761,-0.0559906671,-0.06126707909
32.83933633,0.06265371546,0.06254802025,-0.05524363349,-0.06117507243
32.88727697,0.06265438518,0.06254632648,-0.05443808505,-0.06109484597
32.93521761,0.06265499884,0.06254454458,-0.0535735015,-0.06102770535
32.98315825,0.06265555433,0.06254267281,-0.05264936255,-0.06097495625
33.03109888,0.06265604954,0.06254070942,-0.05166514791,-0.06093790431
33.07903952,0.06265648236,0.06253865268,-0.0506203373,-0.0609178552
33.12698016,0.06265685068,0.06253650084,-0.04951441043,-0.06091611459
33.17492079,0.06265715239,0.06253425216,-0.04834684701,-0.06093398812
33.22286143,0.06265738539,0.06253190491,-0.04711712675,-0.06097278146
33.27080207,0.06265754756,0.06252945735,-0.04582472936,-0.06103380028
33.3187427,0.06265763679,0.06252690773,-0.04446913457,-0.06111835022
33.36668334,0.0626576728,0.06252430993,-0.04306055062,-0.06122054292
33.41462398,0.06265771851,0.06252182384,-0.04163066655,-0.06131993344
33.46256462,0.06265777773,0.06251945444,-0.04018235585,-0.06141523815
33.51050525,0.06265785014,0.06251719599,-0.0387164595,-0.06150653143
33.55844589,0.06265793539,0.06251504276,-0.03723381848,-0.06159388765
33.60638653,0.06265803317,0.06251298899,-0.03573527378,-0.06167738117
33.65432716,0.06265814314,0.06251102896,-0.03422166638,-0.06175708636
33.7022678,0.06265826498,0.06250915693,-0.03269383728,-0.06183307759
33.75020844,0.06265839834,0.06250736716,-0.03115262746,-0.06190542922
33.79814907,0.0626585429,0.06250565391,-0.0295988779,-0.06197421563
33.84608971,0.06265869833,0.06250401144,-0.02803342959,-0.06203951117
33.89403035,0.0626588643,0.06250243402,-0.02645712352,-0.06210139022
33.94197099,0.06265904047,0.06250091591,-0.02487080067,-0.06215992713
33.98991162,0.06265922653,0.06249945137,-0.02327530202,-0.06221519629
34.03785226,0.06265942212,0.06249803466,-0.02167146857,-0.06226727206
34.0857929,0.06265962694,0.06249666004,-0.02006014129,-0.0623162288
34.13373353,0.06265984064,0.06249532178,-0.01844216118,-0.06236214088
34.18167417,0.06266006289,0.06249401414,-0.01681836922,-0.06240508266
34.22961481,0.06266029337,0.06249273138,-0.01518960639,-0.06244512853
34.27755544,0.06266053174,0.06249146776,-0.01355671369,-0.06248235283
34.32549608,0.06266077767,0.06249021754,-0.01192053209,-0.06251682994
34.37343672,0.06266103083,0.062488975,-0.01028190259,-0.06254863423
34.42137736,0.06266129089,0.06248773438,-0.008641666166,-0.06257784006
34.46931799,0.06266155753,0.06248648995,-0.007000663806,-0.0626045218
34.51725863,0.0626618304,0.06248523597,-0.005359736496,-0.06262875382
34.56519927,0.06266210918,0.06248396671,-0.003719725223,-0.06265061048
34.6131399,0.06266239354,0.06248267642,-0.002081470971,-0.06267016615
34.66108054,0.06266268314,0.06248135938,-0.0004458147266,-0.0626874952
34.70902118,0.06266297767,0.06248000983,0.001186402524,-0.062702672
34.75696181,0.06266327678,0.06247862205,0.002814339796,-0.06271577091
34.80490245,0.06266358014,0.0624771903,0.004437156102,-0.06272686629
34.85284309,0.06266388743,0.06247570883,0.006054010458,-0.06273603253
34.90078373,0.06266419831,0.06247417191,0.007664061877,-0.06274334397
34.94872436,0.06266451246,0.0624725738,0.009266469374,-0.062748875
34.996665,0.06266482953,0.06247090877,0.01086039196,-0.06275269997
35.04460564,0.06266514921,0.06246917107,0.01244498866,-0.06275489326
35.09254627,0.06266547116,0.06246735497,0.01401941847,-0.06275552923
35.14048691,0.06266579506,0.06246545472,0.01558284042,-0.06275468225
35.18842755,0.06266612056,0.0624634646,0.01713441352,-0.06275242668
35.23636818,0.06266644734,0.06246137887,0.01867329678,-0.0627488369
35.28430882,0.06266677507,0.06245919178,0.02019864922,-0.06274398727
35.33224946,0.06266710341,0.0624568976,0.02170962985,-0.06273795215
35.3801901,0.06266743204,0.06245449058,0.02320539769,-0.06273080592
35.42813073,0.06266776063,0.062451965,0.02468511175,-0.06272262293
35.47607137,0.06266808885,0.06244931512,0.02614793104,-0.06271347757
35.52401201,0.06266841636,0.06244653519,0.02759301458,-0.06270344419
35.57195264,0.06266874284,0.06244361948,0.02901952138,-0.06269259716
35.61989328,0.06266906794,0.06244056225,0.03042661046,-0.06268101085
35.66783392,0.06266939136,0.06243735776,0.03181344083,-0.06266875963
35.71577455,0.06266971274,0.06243400028,0.0331791715,-0.06265591786
35.76371519,0.06267003176,0.06243048406,0.0345229615,-0.06264255991
35.81165583,0.0626703481,0.06242680337,0.03584396982,-0.06262876015
35.85959646,0.06267066142,0.06242295247,0.0371413555,-0.06261459294
35.9075371,0.06267097138,0.06241892563,0.03841427754,-0.06260013265
35.95547774,0.06267127767,0.0624147171,0.03966189495,-0.06258545366
36.00341838,0.06267157994,0.06241032115,0.04088336676,-0.06257063031
36.05135901,0.06267187787,0.06240573204,0.04207785197,-0.06255573699
36.09929965,0.06267217113,0.06240094402,0.0432445096,-0.06254084806
36.14724029,0.06267245938,0.06239595138,0.04438249866,-0.06252603789
36.19518092,0.0626727423,0.06239074835,0.04549097817,-0.06251138083
36.24312156,0.06267301956,0.06238532922,0.04656910715,-0.06249695127
36.2910622,0.06267329081,0.06237968823,0.0476160446,-0.06248282357
36.33900283,0.06267355575,0.06237381965,0.04863094953,-0.06246907209
36.38694347,0.06267381402,0.06236771775,0.04961298098,-0.06245577121
36.43488411,0.06267406531,0.06236137679,0.05056129794,-0.06244299528
36.48282475,0.06267430928,0.06235479102,0.05147505943,-0.06243081868
36.53076538,0.06267454559,0.06234795471,0.05235342448,-0.06241931577
36.57870602,0.06267477393,0.06234086213,0.05319555208,-0.06240856092
36.62664666,0.06267499396,0.06233350752,0.05400060126,-0.06239862849
36.67458729,0.06267520535,0.06232588517,0.05476773103,-0.06238959287
36.72252793,0.06267540776,0.06231798932,0.0554961004,-0.0623815284
36.77046857,0.06267560087,0.06230981424,0.05618486839,-0.06237450946
36.8184092,0.06267578435,0.0623013542,0.05683319402,-0.06236861042
36.86634984,0.06267595787,0.06229260345,0.05744023629,-0.06236390563
36.91429048,0.06267612109,0.06228355625,0.05800515422,-0.06236046948
36.96223112,0.06267627368,0.06227420687,0.05852710683,-0.06235837633
37.01017175,0.06267641532,0.06226454958,0.05900525313,-0.06235770053
37.05811239,0.06267654567,0.06225457863,0.05943875213,-0.06235851647
37.10605303,0.06267666441,0.06224428828,0.05982676284,-0.06236089851
37.15399366,0.06267677119,0.0622336728,0.0601684443,-0.062364921
37.2019343,0.0626768657,0.06222272644,0.06046295549,-0.06237065834
37.24987494,0.0626769476,0.06221144348,0.06070945545,-0.06237818487
37.29781557,0.06267701656,0.06219981817,0.06090710318,-0.06238757496
37.34575621,0.06267707224,0.06218784478,0.0610550577,-0.06239890299
37.39369685,0.06267711433,0.06217551756,0.06115247803,-0.06241224332
37.44163749,0.06267714248,0.06216283079,0.06119852317,-0.06242767031
37.48957812,0.06267715637,0.06214977871,0.06119235214,-0.06244525834
37.53751876,0.06267715724,0.06213828291,0.06115058623,-0.06246409636
37.5854594,0.06267714841,0.06213205452,0.06111099776,-0.06248207264
37.63340003,0.06267713013,0.06213029876,0.06107484456,-0.06249912972
37.68134067,0.06267710253,0.06213206467,0.06104204306,-0.06251528575
37.72928131,0.06267706572,0.06213640131,0.06101250967,-0.06253055888
37.77722194,0.06267701982,0.06214235773,0.06098616079,-0.06254496725
37.82516258,0.06267696497,0.06214898297,0.06096291283,-0.06255852901
37.87310322,0.06267690127,0.06215532611,0.06094268222,-0.0625712623
37.92104386,0.06267682885,0.06216043617,0.06092538536,-0.06258318527
37.96898449,0.06267674784,0.06216336222,0.06091093866,-0.06259431607
38.01692513,0.06267665835,0.06216315331,0.06089925854,-0.06260467283
38.06486577,0.06267656051,0.06215885849,0.0608902614,-0.06261427371
38.1128064,0.06267645444,0.06214952681,0.06088386366,-0.06262313685
38.16074704,0.06267634027,0.06213420732,0.06087998173,-0.06263128039
38.20868768,0.0626762181,0.06211194908,0.06087853202,-0.06263872248
38.25662831,0.06267608808,0.06208180113,0.06087943094,-0.06264548127
38.30456895,0.06267595031,0.06204281254,0.0608825949,-0.0626515749
38.35250959,0.06267580492,0.06199403234,0.06088794032,-0.06265702152
38.40045023,0.06267565203,0.06193450959,0.06089538361,-0.06266183927
38.44839086,0.06267549176,0.06186329335,0.06090484117,-0.0626660463
38.4963315,0.06267532424,0.06177943266,0.06091622943,-0.06266966075
38.54427214,0.06267514959,0.06168197658,0.06092946478,-0.06267270076
38.59221277,0.06267496793,0.06156997416,0.06094446365,-0.0626751845
38.64015341,0.06267477938,0.06144247445,0.06096114245,-0.06267713009
38.68809405,0.06267458407,0.0612985265,0.06097941758,-0.06267855568
38.73603468,0.06267438211,0.06113717937,0.06099920546,-0.06267947943
38.78397532,0.06267417363,0.0609574821,0.06102042249,-0.06267991947
38.83191596,0.06267395875,0.06075848375,0.0610429851,-0.06267989395
38.87985659,0.06267373759,0.06053923337,0.0610668097,-0.06267942102
38.92779723,0.06267351027,0.06029878001,0.06109181268,-0.06267851882
38.97573787,0.06267327692,0.06003617272,0.06111791047,-0.06267720549
39.02367851,0.06267303766,0.05975046056,0.06114501948,-0.06267549919
39.07161914,0.06267279261,0.05944069257,0.06117305612,-0.06267341805
39.11955978,0.06267254189,0.05910591781,0.0612019368,-0.06267098023
39.16750042,0.06267228563,0.05874518533,0.06123157793,-0.06266820387
39.21544105,0.06267202394,0.05835754419,0.06126189593,-0.06266510711
39.26338169,0.06267175694,0.05794204342,0.0612928072,-0.0626617081
39.31132233,0.06267148477,0.05749773209,0.06132422815,-0.06265802498
39.35926296,0.06267120754,0.05702365925,0.06135607521,-0.06265407591
39.4072036,0.06267092538,0.05651887395,0.06138826478,-0.06264987902
39.45514424,0.0626706384,0.05598242524,0.06142071326,-0.06264545246
39.50308488,0.06267034673,0.05541336217,0.06145333708,-0.06264081437
39.55102551,0.06267005049,0.05481073379,0.06148605265,-0.06263598291
39.59896615,0.0626697498,0.05417358916,0.06151877637,-0.06263097621
39.64690679,0.06266944478,0.05350097732,0.06155142466,-0.06262581243
39.69484742,0.06266913557,0.05279194734,0.06158391393,-0.0626205097
39.74278806,0.06266882226,0.05204554826,0.06161616059,-0.06261508618
39.7907287,0.062668505,0.05126082913,0.06164808105,-0.06260956001
39.83866933,0.06266818391,0.050436839,0.06167959173,-0.06260394933
39.88660997,0.06266785909,0.04957262693,0.06171060903,-0.06259827229
39.93455061,0.06266753068,0.04866724197,0.06174104937,-0.06259254703
39.98249125,0.0626671988,0.04771973316,0.06177082916,-0.0625867917
40.03043188,0.06266686357,0.04672914957,0.06179986481,-0.06258102445
40.07837252,0.06266652512,0.04569454024,0.06182807274,-0.06257526342
40.12631316,0.06266618355,0.04461495423,0.06185536934,-0.06256952676
40.17425379,0.06266583901,0.04348944059,0.06188167104,-0.0625638326
40.22219443,0.0626654916,0.04231704836,0.06190689425,-0.06255819911
40.27013507,0.06266514145,0.0410968266,0.06193095538,-0.06255264441
40.3180757,0.06266478868,0.03982782436,0.06195377084,-0.06254718667
40.36601634,0.06266443342,0.0385090907,0.06197525704,-0.06254184401
40.41395698,0.06266407579,0.03713967467,0.06199533039,-0.0625366346
40.46189762,0.0626637159,0.03571862531,0.0620139073,-0.06253157657
40.50983825,0.06266335388,0.03424499168,0.0620309042,-0.06252668807
40.55777889,0.06266298986,0.03271782283,0.06204623748,-0.06252198724
40.60571953,0.06266262395,0.03113616781,0.06205982356,-0.06251749223
40.65366016,0.06266225627,0.02949907568,0.06207157885,-0.06251322119
40.7016008,0.06266188696,0.02780559548,0.06208141977,-0.06250919226
40.74954144,0.06266151612,0.02605477627,0.06208926272,-0.06250542359
40.79748207,0.06266114389,0.0242456671,0.06209502411,-0.06250193331
40.84542271,0.06266077038,0.02237731702,0.06209862037,-0.06249873959
40.89336335,0.06266039572,0.02044877509,0.06209996789,-0.06249586055
40.94130399,0.06266002002,0.01845909035,0.06209898309,-0.06249331436
40.98924462,0.06265964342,0.01640731185,0.06209558238,-0.06249111915
41.03718526,0.06265926603,0.01429248866,0.06208968218,-0.06248929306
41.0851259,0.06265888797,0.01211366981,0.0620811989,-0.06248785425
41.13306653,0.06265850937,0.009869904366,0.06207004894,-0.06248682086
41.18100717,0.06265813035,0.007560241376,0.06205614872,-0.06248621103
41.22894781,0.06265775103,0.005183729891,0.06203941465,-0.06248604292
41.27688844,0.06265737153,0.002739418962,0.06201976314,-0.06248633466
41.32482908,0.06265699198,0.0002263576432,0.0619971106,-0.0624871044
41.37276972,0.06265661249,-0.002356405016,0.06197137345,-0.06248837028
41.42071036,0.06265623319,-0.005009819962,0.0619424681,-0.06249015046
41.46865099,0.0626558542,-0.007734838144,0.06191031095,-0.06249246307
41.51659163,0.06265547565,-0.01053241051,0.06187481843,-0.06249532627
41.56453227,0.06265509764,-0.01340348801,0.06183590693,-0.0624987582
41.6124729,0.06265472032,-0.01634902159,0.06179349288,-0.062502777
41.66041354,0.06265434379,-0.0193699622,0.06174749268,-0.06250740081
41.70835418,0.06265397794,-0.02238912992,0.06170104516,-0.06251228311
41.75629481,0.06265363819,-0.02528154076,0.06165926177,-0.06251684204
41.80423545,0.06265332399,-0.02804781257,0.06162207446,-0.06252107335
41.85217609,0.06265303456,-0.03069032517,0.0615893425,-0.06252498095
41.90011673,0.06265276912,-0.03321145839,0.06156092514,-0.06252856876
41.94805736,0.06265252689,-0.03561359206,0.06153668165,-0.06253184068
41.995998,0.0626523071,-0.03789910603,0.06151647131,-0.06253480062
42.04393864,0.06265210896,-0.04007038011,0.06150015336,-0.0625374525
42.09187927,0.0626519317,-0.04212979414,0.06148758709,-0.06253980022
42.13981991,0.06265177454,-0.04407972796,0.06147863176,-0.0625418477
42.18776055,0.06265163671,-0.04592256139,0.06147314662,-0.06254359885
42.23570118,0.06265151741,-0.04766067427,0.06147099096,-0.06254505759
42.28364182,0.06265141588,-0.04929644642,0.06147202403,-0.06254622781
42.33158246,0.06265133134,-0.05083225769,0.0614761051,-0.06254711343
42.37952309,0.06265126301,-0.0522704879,0.06148309344,-0.06254771837
42.42746373,0.06265121011,-0.05361351689,0.0614928483,-0.06254804653
42.47540437,0.06265117187,-0.05486372448,0.06150522897,-0.06254810183
42.52334501,0.06265114749,-0.0560234905,0.0615200947,-0.06254788817
42.57128564,0.06265113622,-0.0570951948,0.06153730475,-0.06254740948
42.61922628,0.06265113726,-0.0580812172,0.06155671841,-0.06254666965
42.66716692,0.06265114985,-0.05898393754,0.06157819492,-0.0625456726
42.71510755,0.06265117319,-0.05980573564,0.06160159356,-0.06254442224
42.76304819,0.06265120652,-0.06054899134,0.06162677359,-0.06254292248
42.81098883,0.06265124906,-0.06121608447,0.06165359428,-0.06254117724
42.85892946,0.06265130003,-0.06180939485,0.0616819149,-0.06253919042
42.9068701,0.06265135864,-0.06233130234,0.0617115947,-0.06253696593
42.95481074,0.06265142413,-0.06278418675,0.06174249296,-0.06253450769
43.00275138,0.06265149571,-0.06317042791,0.06177446895,-0.06253181961
43.05069201,0.0626515726,-0.06349240566,0.06180738192,-0.0625289056
43.09863265,0.06265165404,-0.06375249984,0.06184109114,-0.06252576957
43.14657329,0.06265173923,-0.06395309027,0.06187545589,-0.06252241543
43.19451392,0.0626518274,-0.06409655678,0.06191033542,-0.06251884709
43.24245456,0.06265191778,-0.06418527921,0.061945589,-0.06251506846
43.2903952,0.06265200958,-0.06422163739,0.06198107589,-0.06251108346
43.33833583,0.06265210203,-0.06420801115,0.06201665537,-0.06250689599
43.38627647,0.06265219434,-0.06414678032,0.0620521867,-0.06250250997
43.43421711,0.06265228575,-0.06404032473,0.06208752915,-0.0624979293
43.48215775,0.06265237547,-0.06389102422,0.06212254197,-0.06249315791
43.53009838,0.06265246272,-0.06370125862,0.06215708444,-0.06248819969
43.57803902,0.06265254673,-0.06347340776,0.06219101582,-0.06248305856
43.62597966,0.06265262672,-0.06320985147,0.06222419538,-0.06247773844
43.67392029,0.0626527019,-0.06291296959,0.06225648238,-0.06247224323
43.72186093,0.06265277151,-0.06258514194,0.0622877361,-0.06246657684
43.76980157,0.06265283476,-0.06222874836,0.06231781578,-0.06246074319
43.8177422,0.06265289088,-0.06184616867,0.06234658071,-0.06245474618
43.86568284,0.06265293908,-0.06143978272,0.06237389015,-0.06244858973
43.91362348,0.0626529786,-0.06101197034,0.06239960336,-0.06244227775
43.96156412,0.06265300864,-0.06056511134,0.06242357961,-0.06243581415
44.00950475,0.06265302844,-0.06010158558,0.06244567816,-0.06242920283
44.05744539,0.06265303721,-0.05962377287,0.06246575828,-0.06242244772
44.10538603,0.06265303418,-0.05913405305,0.06248367924,-0.06241555273
44.15332666,0.06265301856,-0.05863480596,0.0624993003,-0.06240852175
44.2012673,0.06265298959,-0.05812841142,0.06251248073,-0.06240135871
44.24920794,0.06265294648,-0.05761724927,0.0625230798,-0.06239406752
44.29714857,0.06265288845,-0.05710369934,0.06253095676,-0.06238665208
44.34508921,0.06265281473,-0.05659014145,0.06253597089,-0.06237911631
44.39302985,0.06265272454,-0.05607895545,0.06253798145,-0.06237146412
44.44097049,0.06265261709,-0.05557252116,0.06253684771,-0.06236369943
44.48891112,0.06265249162,-0.05507321842,0.06253242893,-0.06235582613
44.53685176,0.06265234734,-0.05458342706,0.06252458438,-0.06234784814
44.5847924,0.06265218348,-0.05410552691,0.06251317333,-0.06233976938
44.63273303,0.06265199925,-0.0536418978,0.06249805503,-0.06233159375
44.68067367,0.06265179388,-0.05319491956,0.06247908876,-0.06232332517
44.72861431,0.0626515666,-0.05276697203,0.06245613379,-0.06231496755
44.77655494,0.06265131661,-0.05236043503,0.06242904937,-0.06230652479
44.82449558,0.06265104315,-0.0519776884,0.06239769478,-0.06229800081
44.87243622,0.06265074544,-0.05162111198,0.06236192928,-0.06228939953
44.92037686,0.06265042269,-0.05129308559,0.06232161213,-0.06228072484
44.96831749,0.06265007414,-0.05099598906,0.0622766026,-0.06227198066
45.01625813,0.06264969899,-0.05073220223,0.06222675996,-0.06226317091
45.06419877,0.06264929648,-0.05050410493,0.06217194348,-0.0622542995
45.1121394,0.06264886583,-0.05031407699,0.06211201241,-0.06224537033
45.16008004,0.06264840625,-0.05016449824,0.06204682603,-0.06223638731
45.20802068,0.06264791698,-0.05005774852,0.0619762436,-0.06222735437
45.25596131,0.06264739722,-0.04999620765,0.06190012439,-0.0622182754
45.30390195,0.06264684621,-0.04998225548,0.06181832766,-0.06220915432
45.35184259,0.06264626316,-0.05001827182,0.06173071268,-0.06219999504
45.39978322,0.0626456473,-0.05010663651,0.06163713871,-0.06219080148
45.44772386,0.06264499785,-0.05024972939,0.06153746502,-0.06218157754
45.4956645,0.06264431403,-0.05044993028,0.06143155088,-0.06217232713
45.54360514,0.06264359506,-0.05070961902,0.06131925555,-0.06216305417
45.59154577,0.06264284017,-0.05103117545,0.0612004383,-0.06215376256
45.63948641,0.06264204857,-0.05141697938,0.06107495839,-0.06214445623
45.68742705,0.06264121949,-0.05186941065,0.06094267509,-0.06213513907
45.73536768,0.06264035215,-0.05239084911,0.06080344766,-0.062125815
45.78330832,0.06263944577,-0.05298367456,0.06065713538,-0.06211648793
45.83124896,0.06263849958,-0.05365026686,0.06050359751,-0.06210716177
45.87918959,0.06263755753,-0.05434152567,0.06035986725,-0.06205674339
45.92713023,0.06263667135,-0.05499770478,0.06024529372,-0.06191785214
45.97507087,0.06263583967,-0.05561922946,0.06015845211,-0.06169239637
46.02301151,0.06263506099,-0.05620663078,0.06009788169,-0.06138236994
46.07095214,0.06263433385,-0.0567604398,0.06006212178,-0.06098976675
46.11889278,0.06263365675,-0.05728118758,0.06004971166,-0.06051658067
46.16683342,0.06263302823,-0.0577694052,0.06005919062,-0.05996480559
46.21477405,0.06263244679,-0.05822562372,0.06008909795,-0.05933643537
46.26271469,0.06263191097,-0.0586503742,0.06013797295,-0.05863346392
46.31065533,0.06263141927,-0.0590441877,0.06020435491,-0.05785788509
46.35859596,0.06263097023,-0.05940759529,0.06028678312,-0.05701169278
46.4065366,0.06263056235,-0.05974112803,0.06038379688,-0.05609688086
46.45447724,0.06263019416,-0.06004531699,0.06049393547,-0.05511544322
46.50241788,0.06262986419,-0.06032069323,0.06061573819,-0.05406937373
46.55035851,0.06262957094,-0.06056778782,0.06074774432,-0.05296066628
46.59829915,0.06262931294,-0.06078713182,0.06088849317,-0.05179131473
46.64623979,0.06262908871,-0.0609792563,0.06103652403,-0.05056331299
46.69418042,0.06262889677,-0.06114469231,0.06119037618,-0.04927865492
46.74212106,0.06262873565,-0.06128397093,0.06134858892,-0.0479393344
46.7900617,0.06262860384,-0.06139762322,0.06150970154,-0.04654734532
46.83800233,0.06262849989,-0.06148618023,0.06167225333,-0.04510468155
46.88594297,0.06262842231,-0.06155017305,0.06183478359,-0.04361333698
46.93388361,0.06262836962,-0.06159013272,0.06199583161,-0.04207530548
46.98182425,0.06262834034,-0.06160659033,0.06215393667,-0.04049258093
47.02976488,0.06262833298,-0.06160007692,0.06230763808,-0.03886715723
47.07770552,0.06262834608,-0.06157112356,0.06245547512,-0.03720102824
47.12564616,0.06262837814,-0.06152026132,0.06259598709,-0.03549618784
47.17358679,0.06262842769,-0.06144802127,0.06272771328,-0.03375462992
47.22152743,0.06262849325,-0.06135493446,0.06284919297,-0.03197834835
47.26946807,0.06262857334,-0.06124153197,0.06295896548,-0.03016933702
47.3174087,0.06262866648,-0.06110834485,0.06305557007,-0.02832958981
47.36534934,0.06262877119,-0.06095590417,0.06313754605,-0.02646110059
47.41328998,0.06262888598,-0.06078474099,0.06320343272,-0.02456586325
47.46123062,0.06262900939,-0.06059538638,0.06325176935,-0.02264587167
47.50917125,0.06262913992,-0.06038837141,0.06328109525,-0.02070311972
47.55711189,0.0626292761,-0.06016422713,0.0632899497,-0.01873960129
47.60505253,0.06262941645,-0.05992348461,0.063276872,-0.01675731026
47.65299316,0.06262955949,-0.05966667492,0.06324040145,-0.0147582405
47.7009338,0.06262970374,-0.05939432912,0.06317907732,-0.0127443859
47.74887444,0.06262984771,-0.05910697828,0.06309143892,-0.01071774034
47.79681507,0.06262998993,-0.05880515345,0.06297602554,-0.008680297689
47.84475571,0.06263012893,-0.05848938571,0.06283137646,-0.00663405184
47.89269635,0.06263026321,-0.05816020611,0.06265603099,-0.004580996669
47.94063699,0.06263039129,-0.05781814573,0.06244852841,-0.002523126055
47.98857762,0.06263051171,-0.05746373562,0.06220740802,-0.0004624338784
48.03651826,0.06263062297,-0.05709750685,0.0619312091,0.00159908598
48.0844589,0.0626307236,-0.05671999049,0.06161847096,0.003659439641
48.13239953,0.06263081212,-0.0563317176,0.06126773288,0.005716633223
48.18034017,0.06263088705,-0.05593321924,0.06087753415,0.007768672848
48.22828081,0.06263094691,-0.05552502647,0.06044641407,0.009813564634
48.27622144,0.06263099021,-0.05510767037,0.05997291193,0.0118493147
48.32416208,0.06263101548,-0.054681682,0.05945556702,0.01387392917
48.37210272,0.06263102124,-0.05424759242,0.05889291863,0.01588541416
48.42004336,0.062631006,-0.05380593269,0.05828350606,0.01788177579
48.46798399,0.0626309683,-0.05335723388,0.05762586859,0.01986102019
48.51592463,0.06263090664,-0.05290202706,0.05691854553,0.02182115346
48.56386527,0.06263081954,-0.05244084328,0.05616007616,0.02376018174
48.6118059,0.06263070554,-0.05197421362,0.05534899977,0.02567611113
48.65974654,0.06263056314,-0.05150266913,0.05448385566,0.02756694777
48.70768718,0.06263039087,-0.05102674089,0.05356318312,0.02943069777
48.75562781,0.06263018725,-0.05054695995,0.05258552144,0.03126536724
48.80356845,0.0626299508,-0.05006385738,0.05154940991,0.03306896232
48.85150909,0.06262968003,-0.04957796424,0.05045338783,0.03483948912
48.89944972,0.06262937347,-0.0490898116,0.04929599448,0.03657495376
48.94739036,0.06262902963,-0.04859993053,0.04807576916,0.03827336236
48.995331,0.06262864704,-0.04810885208,0.04679125117,0.03993272103
49.04327164,0.06262822422,-0.04761710732,0.04544097979,0.04155103591
49.09121227,0.06262775969,-0.04712522732,0.04402349432,0.04312631311
49.13915291,0.06262725196,-0.04663374314,0.04253733404,0.04465655875
49.18709355,0.06262669957,-0.04614318584,0.04098103826,0.04613977894
49.23503418,0.06262610101,-0.0456540865,0.03935314626,0.04757397982
49.28297482,0.06262545483,-0.04516697616,0.03765219733,0.04895716749
49.33091546,0.06262475953,-0.0446823859,0.03587673078,0.05028734809
49.37885609,0.06262401363,-0.04420084679,0.03402528588,0.05156252772
49.42679673,0.06262321567,-0.04372288988,0.03209640193,0.05278071251
49.47473737,0.06262236415,-0.04324904624,0.03008861823,0.05393990858
49.52267801,0.06262145759,-0.04277984694,0.02800047406,0.05503812205
49.57061864,0.06262049453,-0.04231582303,0.02583050872,0.05607335904
49.61855928,0.06261947347,-0.04185750559,0.0235772615,0.05704362566
49.66649992,0.06261839293,-0.04140542567,0.0212392717,0.05794692804
49.71444055,0.06261725144,-0.04096011435,0.01881507859,0.05878127231
49.76238119,0.06261604752,-0.04052210268,0.01630322149,0.05954466457
49.81032183,0.06261477968,-0.04009192174,0.01370223968,0.06023511094
49.85826246,0.06261344645,-0.03967010258,0.01101067244,0.06085061756
49.9062031,0.06261204635,-0.03925717627,0.008227059082,0.06138919053
49.95414374,0.06261057789,-0.03885367387,0.005349938889,0.06184883598
50.00208438,0.0626090398,-0.03846010331,0.00237802847,0.06222760592
50.05002501,0.06260754638,-0.03806375246,-0.0005885085012,0.06255017984
50.09796565,0.06260619207,-0.03765403805,-0.003465210651,0.06283854115
50.14590629,0.06260497271,-0.03723159467,-0.006253420148,0.0630927802
50.19384692,0.06260388413,-0.03679705692,-0.00895447916,0.06331298733
50.24178756,0.06260292215,-0.0363510594,-0.01156972986,0.06349925288
50.2897282,0.06260208263,-0.03589423668,-0.0141005144,0.06365166718
50.33766883,0.06260136137,-0.03542722338,-0.01654817497,0.06377032058
50.38560947,0.06260075423,-0.03495065409,-0.01891405373,0.0638553034
50.43355011,0.06260025703,-0.03446516339,-0.02119949284,0.06390670601
50.48149075,0.0625998656,-0.03397138589,-0.02340583448,0.06392461872
50.52943138,0.06259957578,-0.03346995617,-0.02553442082,0.06390913188
50.57737202,0.0625993834,-0.03296150883,-0.02758659401,0.06386033584
50.62531266,0.06259928429,-0.03244667847,-0.02956369624,0.06377832092
50.67325329,0.06259927428,-0.03192609968,-0.03146706967,0.06366317748
50.72119393,0.06259934921,-0.03140040705,-0.03329805646,0.06351499584
50.76913457,0.06259950491,-0.03087023518,-0.03505799879,0.06333386635
50.8170752,0.0625997372,-0.03033621867,-0.03674823883,0.06311987934
50.86501584,0.06260004193,-0.02979899209,-0.03837011874,0.06287312516
50.91295648,0.06260041493,-0.02925919006,-0.03992498069,0.06259369414
50.96089712,0.06260085203,-0.02871744717,-0.04141416685,0.06228167663
51.00883775,0.06260134905,-0.028174398,-0.04283901939,0.06193716296
51.05677839,0.06260190184,-0.02763067716,-0.04420088047,0.06156024347
51.10471903,0.06260250623,-0.02708691923,-0.04550109227,0.06115100851
51.15265966,0.06260315804,-0.02654375882,-0.04674099696,0.0607095484
51.2006003,0.06260385312,-0.02600183051,-0.04792193669,0.0602359535
51.24854094,0.06260458728,-0.0254617689,-0.04904525365,0.05973031413
51.29648157,0.06260535638,-0.02492420859,-0.05011229,0.05919272064
51.34442221,0.06260615623,-0.02438978416,-0.0511243879,0.05862326337
51.39236285,0.06260698267,-0.02385913022,-0.05208288953,0.05802203265
51.44030349,0.06260783153,-0.02333288135,-0.05298913705,0.05738911883
51.48824412,0.06260869865,-0.02281167216,-0.05384447263,0.05672461224
51.53618476,0.06260957986,-0.02229613722,-0.05465023845,0.05602860323
51.5841254,0.06261047099,-0.02178691115,-0.05540777666,0.05530118213
51.63206603,0.06261136787,-0.02128462854,-0.05611842945,0.05454243928
51.68000667,0.06261226633,-0.02078992396,-0.05678353897,0.05375246502
51.72794731,0.06261316221,-0.02030343204,-0.05740444739,0.0529313497
51.77588794,0.06261405135,-0.01982578734,-0.05798249689,0.05207918364
51.82382858,0.06261492956,-0.01935762448,-0.05851902962,0.05119605719
51.87176922,0.06261579269,-0.01889957805,-0.05901538777,0.05028206069
51.91970985,0.06261663657,-0.01845228263,-0.0594729135,0.04933728448
51.96765049,0.06261745703,-0.01801637282,-0.05989294897,0.04836181889
52.01559113,0.0626182499,-0.01759248322,-0.06027683636,0.04735575427
52.06353177,0.06261901101,-0.01718124842,-0.06062591783,0.04631918095
52.1114724,0.06261973621,-0.01678330302,-0.06094153556,0.04525218928
52.15941304,0.06262042131,-0.01639928161,-0.0612250317,0.04415486959
52.20735368,0.06262106215,-0.01602981878,-0.06147774843,0.04302731222
52.25529431,0.06262165457,-0.01567554913,-0.06170102792,0.04186960751
52.30323495,0.0626221944,-0.01533710725,-0.06189621234,0.04068184581
52.35117559,0.06262267746,-0.01501512774,-0.06206464385,0.03946411744
52.39911622,0.0626230996,-0.01471024519,-0.06220766462,0.03821651275
52.44705686,0.06262345664,-0.0144230942,-0.06232661682,0.03693912208
52.4949975,0.06262374442,-0.01415430935,-0.06242284263,0.03563203577
52.54293814,0.06262395877,-0.01390452524,-0.0624976842,0.03429534415
52.59087877,0.06262409552,-0.01367437648,-0.0625524837,0.03292913757
52.63881941,0.0626241505,-0.01346449764,-0.06258858331,0.03153350636
52.68676005,0.06262411956,-0.01327552333,-0.0626073252,0.03010854087
52.73470068,0.06262399851,-0.01310808815,-0.06261005152,0.02865433143
52.78264132,0.06262378319,-0.01296282667,-0.06259810446,0.02717096838
52.83058196,0.06262346943,-0.0128403735,-0.06257282617,0.02565854207
52.87852259,0.06262305308,-0.01274136324,-0.06253555883,0.02411714282
52.92646323,0.06262252995,-0.01266643047,-0.0624876446,0.02254686099
52.97440387,0.06262189588,-0.0126162098,-0.06243042566,0.0209477869
53.02234451,0.06262114671,-0.01259133581,-0.06236524417,0.0193200109
53.07028514,0.06262027826,-0.0125924431,-0.0622934423,0.01766362333
53.11822578,0.06261928637,-0.01262016626,-0.06221636222,0.01597871452
53.16616642,0.06261816688,-0.01267513989,-0.0621353461,0.01426537482
53.21410705,0.06261691561,-0.01275799858,-0.0620517361,0.01252369456
53.26204769,0.06261552839,-0.01286937693,-0.0619668744,0.01075376409
53.30998833,0.06261400106,-0.01300990953,-0.06188210315,0.008955673744
53.35792896,0.06261232945,-0.01318023097,-0.06179876454,0.007129513858
53.4058696,0.0626105094,-0.01338097585,-0.06171820073,0.005275374772
53.45381024,0.06260853673,-0.01361277877,-0.06164175389,0.003393346828
53.50175088,0.06260640729,-0.01387627431,-0.06157076618,0.001483520363
53.54969151,0.06260411689,-0.01417209707,-0.06150657978,-0.0004540142836
53.59763215,0.06260166137,-0.01450088165,-0.06145053685,-0.002419166772
53.64557279,0.06259903658,-0.01486326264,-0.06140397956,-0.004411846763
53.69351342,0.06259623832,-0.01525987463,-0.06136825008,-0.006431963917
53.74145406,0.06259326246,-0.01569135222,-0.06134469058,-0.008479427896
53.7893947,0.0625901048,-0.01615833001,-0.06133464322,-0.01055414836
53.83733533,0.06258676119,-0.01666144258,-0.06133945018,-0.01265603497
53.88527597,0.06258322746,-0.01720132453,-0.06136045363,-0.01478499739
53.93321661,0.06257949943,-0.01777861045,-0.06139899572,-0.01694094527
53.98115725,0.06257557296,-0.01839393494,-0.06145641864,-0.01912378829
54.02909788,0.06257144385,-0.0190479326,-0.06153406455,-0.02133343609
54.07703852,0.06256710796,-0.01974123802,-0.06163327561,-0.02356979834
54.12497916,0.0625625611,-0.02047448578,-0.06175539399,-0.02583278471
54.17291979,0.06255780522,-0.02124796678,-0.06190064993,-0.02812128652
54.22086043,0.06255327324,-0.02203732765,-0.06199042306,-0.03036215707
54.26880107,0.06254922195,-0.02282709805,-0.06197754244,-0.03251159083
54.3167417,0.06254563576,-0.02361696463,-0.06186438761,-0.03457126379
54.36468234,0.06254249909,-0.02440661403,-0.06165333807,-0.03654285194
54.41262298,0.06253979636,-0.0251957329,-0.06134677334,-0.03842803125
54.46056362,0.062537512,-0.02598400789,-0.06094707293,-0.0402284777
54.50850425,0.06253563042,-0.02677112563,-0.06045661637,-0.04194586727
54.55644489,0.06253413605,-0.02755677278,-0.05987778315,-0.04358187595
54.60438553,0.06253301331,-0.02834063597,-0.0592129528,-0.04513817972
54.65232616,0.06253224662,-0.02912240186,-0.05846450484,-0.04661645455
54.7002668,0.0625318204,-0.02990175709,-0.05763481877,-0.04801837643
54.74820744,0.06253171908,-0.0306783883,-0.05672627411,-0.04934562134
54.79614807,0.06253192706,-0.03145198214,-0.05574125038,-0.05059986526
54.84408871,0.06253242879,-0.03222222525,-0.0546821271,-0.05178278417
54.89202935,0.06253320866,-0.03298880428,-0.05355128376,-0.05289605406
54.93996998,0.06253425112,-0.03375140588,-0.0523510999,-0.05394135089
54.98791062,0.06253554058,-0.03450971669,-0.05108395503,-0.05492035067
55.03585126,0.06253706145,-0.03526342335,-0.04975222865,-0.05583472935
55.0837919,0.06253879817,-0.0360122125,-0.04835830029,-0.05668616294
55.13173253,0.06254073515,-0.03675577081,-0.04690454945,-0.0574763274
55.17967317,0.06254285681,-0.0374937849,-0.04539335567,-0.05820689872
55.22761381,0.06254514758,-0.03822594143,-0.04382709844,-0.05887955289
55.27555444,0.06254759188,-0.03895192704,-0.04220815728,-0.05949596587
55.32349508,0.06255017412,-0.03967142837,-0.04053891171,-0.06005781365
55.37143572,0.06255287874,-0.04038413207,-0.03882174125,-0.06056677222
55.41937635,0.06255569014,-0.04108972479,-0.0370590254,-0.06102451755
55.46731699,0.06255859276,-0.04178789317,-0.03525314369,-0.06143272563
55.51525763,0.06256157101,-0.04247832385,-0.03340647562,-0.06179307243
55.56319827,0.06256460931,-0.04316070348,-0.03152140072,-0.06210723394
55.6111389,0.06256769209,-0.04383471871,-0.02960029849,-0.06237688614
55.65907954,0.06257080377,-0.04450005618,-0.02764554845,-0.06260370501
55.70702018,0.06257392877,-0.04515640254,-0.02565953012,-0.06278936653
55.75496081,0.0625770515,-0.04580344442,-0.023644623,-0.06293554668
55.80290145,0.0625801564,-0.04644086848,-0.02160320663,-0.06304392145
55.85084209,0.06258322788,-0.04706836136,-0.0195376605,-0.06311616681
55.89878272,0.06258625037,-0.04768560971,-0.01745036414,-0.06315395874
55.94672336,0.06258920827,-0.04829230017,-0.01534369706,-0.06315897323
55.994664,0.06259208603,-0.04888811939,-0.01322003877,-0.06313288625
56.04260464,0.06259486805,-0.049472754,-0.01108176879,-0.0630773738
56.09054527,0.06259753876,-0.05004589067,-0.008931266631,-0.06299411184
56.13848591,0.06260008259,-0.05060721602,-0.006770911813,-0.06288477636
56.18642655,0.06260248394,-0.05115641671,-0.004603083848,-0.06275104335
56.23436718,0.06260472725,-0.05169317938,-0.00243016225,-0.06259458877
56.28230782,0.06260679693,-0.05221719068,-0.0002545265347,-0.06241708862
56.33024846,0.0626086774,-0.05272813726,0.001921443784,-0.06222021888
56.37818909,0.0626103531,-0.05322570574,0.004095369191,-0.06200565552
56.42612973,0.06261180843,-0.05370958279,0.006264870171,-0.06177507453
56.47407037,0.06261302782,-0.05417945505,0.008427567211,-0.06153015188
56.52201101,0.06261399569,-0.05463500916,0.01058108079,-0.06127256356
56.56995164,0.06261469647,-0.05507593177,0.01272303141,-0.06100398556
56.61789228,0.06261511456,-0.05550190952,0.01485103954,-0.06072609384
56.66583292,0.0626152344,-0.05591262906,0.01696272566,-0.06044056439
56.71377355,0.06261504041,-0.05630777703,0.01905571028,-0.0601490732
56.76171419,0.06261451701,-0.05668704007,0.02112761386,-0.05985329625
56.80965483,0.06261364861,-0.05705010484,0.0231760569,-0.0595549095
56.85759546,0.06261241964,-0.05739665798,0.02519865988,-0.05925558896
56.9055361,0.06261081453,-0.05772638613,0.02719304329,-0.05895701059
56.95347674,0.06260881769,-0.05803897594,0.02915682761,-0.05866085038
57.00141738,0.06260641354,-0.05833411405,0.03108763333,-0.05836878431
57.04935801,0.0626035865,-0.05861148711,0.03298308093,-0.05808248836
57.09729865,0.062600321,-0.05887078177,0.0348407909,-0.05780363851
57.14523929,0.06259660146,-0.05911168466,0.03665838372,-0.05753391074
57.19317992,0.0625924123,-0.05933388244,0.03843347988,-0.05727498104
57.24112056,0.06258773794,-0.05953706174,0.04016369986,-0.05702852538
57.2890612,0.0625825628,-0.05972090922,0.04184666415,-0.05679621975
57.33700183,0.06257687131,-0.05988511152,0.04347999324,-0.05657974012
57.38494247,0.06257064788,-0.06002935528,0.04506130761,-0.05638076249
57.43288311,0.06256387693,-0.06015332715,0.04658822774,-0.05620096282
57.48082375,0.06255654289,-0.06025671378,0.04805837412,-0.0560420171
57.52876438,0.06254863018,-0.0603392018,0.04946936724,-0.05590560131
57.57670502,0.06254012322,-0.06040047787,0.05081882757,-0.05579339144
57.62464566,0.06253100643,-0.06044022863,0.05210437562,-0.05570706345
57.67258629,0.06252126423,-0.06045814072,0.05332363185,-0.05564829335
57.72052693,0.06251088104,-0.06045390079,0.05447421676,-0.05561875709
57.76846757,0.06249984129,-0.06042719549,0.05555375084,-0.05562013068
57.8164082,0.06248812939,-0.06037771145,0.05655985456,-0.05565409008
57.86434884,0.06247572978,-0.06030513533,0.05749014841,-0.05572231128
57.91228948,0.06246262686,-0.06020915378,0.05834225288,-0.05582647026
57.96023012,0.06244880506,-0.06008945342,0.05911378846,-0.055968243
58.00817075,0.0624342488,-0.05994572092,0.05980237562,-0.05614930548
58.05611139,0.0624189425,-0.05977764291,0.06040563486,-0.05637133369
58.10405203,0.06240287059,-0.05958490604,0.06092118666,-0.0566360036
58.15199266,0.06238601748,-0.05936719696,0.0613466515,-0.05694499119
58.1999333,0.0623683676,-0.05912420231,0.06167964987,-0.05729997245
58.24787394,0.06234990537,-0.05885560873,0.06191780225,-0.05770262336
58.29581457,0.06233061521,-0.05856110288,0.06205872914,-0.05815461989
58.34375521,0.06231055846,-0.05824181456,0.06210244511,-0.05865555367
58.39169585,0.062291885,-0.05793817097,0.06211505591,-0.05914768173
58.43963648,0.06227551744,-0.05766787935,0.06212734953,-0.05960455325
58.48757712,0.06226137476,-0.05742986583,0.06213932972,-0.06002660421
58.53551776,0.06224937592,-0.05722305651,0.06215100025,-0.06041427059
58.5834584,0.06223943991,-0.0570463775,0.06216236487,-0.06076798839
58.63139903,0.06223148569,-0.05689875491,0.06217342735,-0.0610881936
58.67933967,0.06222543223,-0.05677911484,0.06218419145,-0.06137532219
58.72728031,0.06222119852,-0.05668638341,0.06219466093,-0.06162981016
58.77522094,0.06221870352,-0.05661948671,0.06220483956,-0.0618520935
58.82316158,0.06221786621,-0.05657735086,0.06221473108,-0.06204260818
58.87110222,0.06221860557,-0.05655890197,0.06222433928,-0.06220179021
58.91904285,0.06222084055,-0.05656306614,0.0622336679,-0.06233007557
58.96698349,0.06222449015,-0.05658876949,0.06224272071,-0.06242790023
59.01492413,0.06222947332,-0.05663493811,0.06225150148,-0.0624957002
59.06286477,0.06223570905,-0.05670049812,0.06226001395,-0.06253391146
59.1108054,0.06224311631,-0.05678437563,0.0622682619,-0.06254296999
59.15874604,0.06225161407,-0.05688549674,0.06227624909,-0.06252331179
59.20668668,0.0622611213,-0.05700278755,0.06228397927,-0.06247537284
59.25462731,0.06227155698,-0.05713517419,0.06229145621,-0.06239958912
59.30256795,0.06228284008,-0.05728158276,0.06229868367,-0.06229639663
59.35050859,0.06229488958,-0.05744093936,0.06230566542,-0.06216623135
59.39844922,0.06230762444,-0.0576121701,0.06231240521,-0.06200952928
59.44638986,0.06232096365,-0.05779420109,0.0623189068,-0.06182672639
59.4943305,0.06233482617,-0.05798595844,0.06232517397,-0.06161825867
59.54227114,0.06234913098,-0.05818636825,0.06233121046,-0.06138456212
59.59021177,0.06236379705,-0.05839435664,0.06233702004,-0.06112607271
59.63815241,0.06237874335,-0.05860884971,0.06234260647,-0.06084322644
59.68609305,0.06239388886,-0.05882877357,0.06234797352,-0.0605364593
59.73403368,0.06240915255,-0.05905305433,0.06235312495,-0.06020620726
59.78197432,0.0624244534,-0.05928061809,0.06235806451,-0.05985290633
59.82991496,0.06243971038,-0.05951039097,0.06236279597,-0.05947699248
59.87785559,0.06245484245,-0.05974129906,0.06236732308,-0.0590789017
59.92579623,0.0624697686,-0.05997226849,0.06237164963,-0.05865906998
59.97373687,0.0624844078,-0.06020222535,0.06237577935,-0.05821793331
60.02167751,0.06249867902,-0.06043009575,0.06237971602,-0.05775592768
60.06961814,0.06251250124,-0.06065480581,0.0623834634,-0.05727348907
60.11755878,0.06252579342,-0.06087528162,0.06238702525,-0.05677105346
60.16549942,0.06253847454,-0.06109044931,0.06239040532,-0.05624905686
60.21344005,0.06255046358,-0.06129923497,0.06239360739,-0.05570793524
60.26138069,0.06256167951,-0.06150056471,0.06239663521,-0.05514812459
60.30932133,0.0625720413,-0.06169336465,0.06239949255,-0.0545700609
60.35726196,0.06258146792,-0.06187656088,0.06240218316,-0.05397418015
60.4052026,0.06258987835,-0.06204907952,0.06240471081,-0.05336091834
60.45314324,0.06259719156,-0.06220984668,0.06240707926,-0.05273071145
60.50108388,0.06260332653,-0.06235778845,0.06240929227,-0.05208399546
60.54902451,0.06260820222,-0.06249183096,0.06241135361,-0.05142120638
60.59696515,0.06261173762,-0.06261090031,0.06241326703,-0.05074278017
60.64490579,0.06261385169,-0.0627139226,0.0624150363,-0.05004915284
60.69284642,0.06261446341,-0.06279982395,0.06241666517,-0.04934076036
60.74078706,0.06261349175,-0.06286753046,0.06241815742,-0.04861803873
60.7887277,0.06261085568,-0.06291596824,0.06241951679,-0.04788142393
60.83666833,0.06260647419,-0.06294406339,0.06242074706,-0.04713135194
60.88460897,0.06260026623,-0.06295074204,0.06242185198,-0.04636825877
60.93254961,0.06259215079,-0.06293493027,0.06242283532,-0.04559258039
60.98049025,0.06258204684,-0.06289555421,0.06242370084,-0.04480475279
61.02843088,0.06256987334,-0.06283153995,0.0624244523,-0.04400521196
61.07637152,0.06255554929,-0.06274181362,0.06242509346,-0.04319439388
61.12431216,0.06253899364,-0.0626253013,0.06242562808,-0.04237273455
61.17225279,0.06252012537,-0.06248092912,0.06242605992,-0.04154066995
61.22019343,0.06249886346,-0.06230762318,0.06242639275,-0.04069863606
61.26813407,0.06247512687,-0.06210430959,0.06242663033,-0.03984706888
61.3160747,0.06244883459,-0.06186991445,0.06242677642,-0.0389864044
61.36401534,0.06241990558,-0.06160336388,0.06242683478,-0.03811707859
61.41195598,0.06238825882,-0.06130358398,0.06242680917,-0.03723952745
61.45989661,0.06235381328,-0.06096950086,0.06242670336,-0.03635418697
61.50783725,0.06231648794,-0.06060004063,0.0624265211,-0.03546149312
61.55577789,0.06227620176,-0.06019412939,0.06242626616,-0.03456188191
61.60371853,0.06223287372,-0.05975069326,0.06242594229,-0.03365578931
61.65165916,0.0621864228,-0.05926865833,0.06242555327,-0.03274365132
61.6995998,0.06213676797,-0.05874695073,0.06242510285,-0.03182590391
61.74754044,0.0620838282,-0.05818449655,0.0624245948,-0.03090298309
61.79548107,0.06202752246,-0.0575802219,0.06242403287,-0.02997532483
61.84342171,0.06196776974,-0.0569330529,0.06242342083,-0.02904336512
61.89136235,0.06190448899,-0.05624191565,0.06242276243,-0.02810753996
61.93930298,0.0618375992,-0.05550573626,0.06242206145,-0.02716828532
61.98724362,0.06176701934,-0.05472344083,0.06242132164,-0.02622603719
62.03518426,0.06169266837,-0.05389395548,0.06242054676,-0.02528123157
62.0831249,0.06161446529,-0.0530162063,0.06241974058,-0.02433430444
62.13106553,0.06153232905,-0.05208911942,0.06241890685,-0.02338569178
62.17900617,0.06144617863,-0.05111162094,0.06241804935,-0.02243582959
62.22694681,0.06135593301,-0.05008263696,0.06241717182,-0.02148515385
62.27488744,0.06126151115,-0.04900109359,0.06241627804,-0.02053410055
62.32282808,0.06116283204,-0.04786591694,0.06241537176,-0.01958310568
62.37076872,0.06105981464,-0.04667603312,0.06241445674,-0.01863260522
62.41870935,0.06095237793,-0.04543036824,0.06241353675,-0.01768303516
62.46664999,0.06084044089,-0.0441278484,0.06241261555,-0.01673483148
62.51459063,0.06072523784,-0.04276915711,0.06241169901,-0.01578743509
62.56253127,0.0606265988,-0.04138077256,0.06241082179,-0.01482625452
62.6104719,0.06055033326,-0.03997257144,0.06240999378,-0.01384738439
62.65841254,0.06049529249,-0.03854540416,0.06240921338,-0.0128521934
62.70635318,0.06046032774,-0.03710012113,0.06240847902,-0.01184205023
62.75429381,0.06044429026,-0.03563757277,0.06240778911,-0.01081832359
62.80223445,0.06044603131,-0.03415860949,0.06240714209,-0.009782382167
62.85017509,0.06046440214,-0.0326640817,0.06240653636,-0.008735594657
62.89811572,0.060498254,-0.03115483981,0.06240597034,-0.007679329756
62.94605636,0.06054643816,-0.02963173424,0.06240544247,-0.006614956158
62.993997,0.06060780585,-0.0280956154,0.06240495114,-0.005543842559
63.04193764,0.06068120835,-0.0265473337,0.0624044948,-0.004467357653
63.08987827,0.0607654969,-0.02498773956,0.06240407185,-0.003386870135
63.13781891,0.06085952275,-0.02341768338,0.06240368072,-0.0023037487
63.18575955,0.06096213717,-0.02183801559,0.06240331982,-0.001219362043
63.23370018,0.06107219139,-0.02024958658,0.06240298758,-0.0001350788583
63.28164082,0.06118853669,-0.01865324679,0.06240268241,0.0009477321589
63.32958146,0.06131002431,-0.01704984661,0.06240240274,0.002027702314
63.37752209,0.0614355055,-0.01544023647,0.06240214698,0.003103462911
63.42546273,0.06156383152,-0.01382526676,0.06240191356,0.004173645257
63.47340337,0.06169385363,-0.01220578792,0.06240170089,0.005236880655
63.52134401,0.06182442308,-0.01058265035,0.06240150739,0.006291800412
63.56928464,0.06195439112,-0.008956704454,0.06240133149,0.007337035832
63.61722528,0.06208260901,-0.007328800657,0.0624011716,0.00837121822
63.66516592,0.062207928,-0.005699789369,0.06240102615,0.009392978882
63.71310655,0.06232919934,-0.004070521001,0.06240089355,0.01040094912
63.76104719,0.06244527429,-0.002441845967,0.06240077222,0.01139376025
63.80898783,0.0625550041,-0.0008146146786,0.06240066058,0.01237004356
63.85692846,0.06265724003,0.0008103224503,0.06240055706,0.01332843037
63.9048691,0.06275083334,0.002432115008,0.06240046006,0.01426755198
63.95280974,0.06283463526,0.00404991258,0.06240036802,0.01518603969
64.00075038,0.06290749707,0.005662864756,0.06240027936,0.01608252481
64.04869101,0.06296827001,0.007270121121,0.06240019248,0.01695563864
64.09663165,0.06301580534,0.008870831264,0.06240010581,0.0178040125
64.14457229,0.06304895431,0.01046414477,0.06240001778,0.01862627768
64.19251292,0.06306656818,0.01204921123,0.06239992679,0.01942106549
64.24045356,0.06306749819,0.01362518023,0.06239983128,0.02018700724
64.2883942,0.06305059561,0.01519120135,0.06239972966,0.02092273422
64.33633483,0.06301471169,0.01674642419,0.06239962034,0.02162687776
64.38427547,0.06295869768,0.01828999833,0.06239950176,0.02229806914
64.43221611,0.06288140483,0.01982107336,0.06239937233,0.02293493968
64.48015675,0.06278168441,0.02133879886,0.06239923046,0.02353612068
64.52809738,0.06265838766,0.02284232442,0.06239907459,0.02410024344
64.57603802,0.06251036583,0.02433079964,0.06239890312,0.02462593928
64.62397866,0.06233647019,0.02580337409,0.06239871449,0.02511183949
64.67191929,0.06213555199,0.02725919736,0.0623985071,0.02555657538
64.71985993,0.06190646248,0.02869741905,0.06239827938,0.02595877827
64.76780057,0.06164805291,0.03011718874,0.06239802975,0.02631707944
64.8157412,0.06135917454,0.03151765601,0.06239775662,0.02663011021
64.86368184,0.06103867862,0.03289797045,0.06239745843,0.02689650188
64.91162248,0.06068541641,0.03425728166,0.06239713358,0.02711488576
64.95956311,0.06029823917,0.03559473921,0.0623967805,0.02728389315
65.00750375,0.05987599813,0.0369094927,0.0623963976,0.02740215536
65.05544439,0.05941754457,0.03820069171,0.06239598332,0.02746830369
65.10338503,0.05892172973,0.03946748584,0.06239553606,0.02748096945
65.15132566,0.05838740486,0.04070902465,0.06239505424,0.02743878394
65.1992663,0.05781342123,0.04192445775,0.0623945363,0.02734037847
65.24720694,0.05719863008,0.04311293473,0.06239398063,0.02718438434
65.29514757,0.05654188268,0.04427360516,0.06239338568,0.02696943286
65.34308821,0.05584203026,0.04540561864,0.06239274985,0.02669415534
65.39102885,0.0550979241,0.04650812475,0.06239207156,0.02635718307
65.43896948,0.05430841543,0.04758027308,0.06239134924,0.02595714737
65.48691012,0.05347235552,0.04862121322,0.0623905813,0.02549267954
65.53485076,0.05258859563,0.04963009475,0.06238976617,0.02496241087
65.5827914,0.05165598699,0.05060606727,0.06238890227,0.02436497269
65.63073203,0.05067338088,0.05154828035,0.06238798801,0.0236989963
65.67867267,0.04963962853,0.0524558836,0.06238702181,0.02296311299
65.72661331,0.04855358121,0.05332802658,0.06238600209,0.02215595408
65.77455394,0.04741409018,0.0541638589,0.06238492728,0.02127615086
65.82249458,0.04622000668,0.05496253013,0.06238379579,0.02032233465
65.87043522,0.04497018196,0.05572318987,0.06238260605,0.01929313676
65.91837585,0.04366346729,0.05644498771,0.06238135647,0.01818718847
65.96631649,0.04229871392,0.05712707322,0.06238004547,0.01700312111
66.01425713,0.04087477309,0.057768596,0.06237867147,0.01573956597
66.06219777,0.03939049607,0.05836870564,0.0623772329,0.01439515436
66.1101384,0.03784473411,0.05892655172,0.06237572817,0.01296851759
66.15807904,0.03623633847,0.05944128383,0.06237415569,0.01145828696
66.20601968,0.03456416039,0.05991205155,0.06237251391,0.009863093775
66.25396031,0.03282705113,0.06033800448,0.06237080122,0.008181569341
66.30190095,0.03102386195,0.06071829219,0.06236901605,0.006412344963
66.34984159,0.02915344409,0.06105206429,0.06236715683,0.004554051946
66.39778222,0.02721464882,0.06133847035,0.06236522196,0.002605321595
66.44572286,0.02520632739,0.06157665997,0.06236320988,0.0005647852168
66.4936635,0.02312733105,0.06176578272,0.06236111899,-0.001568925885
66.54160414,0.02097651105,0.06190498821,0.06235894773,-0.003797180405
66.58954477,0.01875271866,0.061993426,0.0623566945,-0.006121347038
66.63748541,0.01645480512,0.0620302457,0.06235435774,-0.008542794479
66.68542605,0.0140911183,0.0620187448,0.06235196711,-0.01104923335
66.73336668,0.01175229372,0.06199833554,0.06234981976,-0.01351027629
66.78130732,0.009460796273,0.06197898567,0.06234798178,-0.01589405296
66.82924796,0.007216153122,0.06196067742,0.06234644311,-0.01820172967
66.87718859,0.005017891433,0.06194339302,0.06234519369,-0.02043447274
66.92512923,0.002865538368,0.0619271147,0.06234422346,-0.02259344849
66.97306987,0.000758621092,0.06191182471,0.06234352236,-0.02467982323
67.02101051,-0.001303333232,0.06189750526,0.06234308032,-0.0266947633
67.06895114,-0.003320797441,0.06188413861,0.06234288728,-0.028639435
67.11689178,-0.005294244371,0.06187170697,0.06234293319,-0.03051500466
67.16483242,-0.007224146858,0.06186019259,0.06234320797,-0.03232263859
67.21277305,-0.009110977738,0.0618495777,0.06234370157,-0.0340635031
67.26071369,-0.01095520985,0.06183984454,0.06234440391,-0.03573876453
67.30865433,-0.01275731603,0.06183097533,0.06234530495,-0.03734958919
67.35659496,-0.0145177691,0.06182295231,0.06234639462,-0.03889714339
67.4045356,-0.01623704192,0.06181575771,0.06234766285,-0.04038259346
67.45247624,-0.01791560732,0.06180937378,0.06234909959,-0.04180710571
67.50041688,-0.01955393812,0.06180378274,0.06235069477,-0.04317184646
67.54835751,-0.02115250718,0.06179896682,0.06235243833,-0.04447798203
67.59629815,-0.02271178731,0.06179490827,0.0623543202,-0.04572667874
67.64423879,-0.02423225137,0.06179158931,0.06235633033,-0.04691910291
67.69217942,-0.02571437219,0.06178899219,0.06235845865,-0.04805642085
67.74012006,-0.0271586226,0.06178709912,0.0623606951,-0.04913979889
67.7880607,-0.02856547544,0.06178589235,0.06236302962,-0.05017040334
67.83600133,-0.02993540355,0.06178535412,0.06236545214,-0.05114940052
67.88394197,-0.03126887976,0.06178546664,0.06236795261,-0.05207795675
67.93188261,-0.03256637691,0.06178621217,0.06237052095,-0.05295723834
67.97982324,-0.03382836783,0.06178757293,0.06237314712,-0.05378841163
68.02776388,-0.03505532537,0.06178953116,0.06237582104,-0.05457264291
68.07570452,-0.03624772236,0.06179206909,0.06237853265,-0.05531109852
68.12364516,-0.03740603163,0.06179516895,0.0623812719,-0.05600494478
68.17158579,-0.03853072602,0.06179881299,0.06238402872,-0.05665534799
68.21952643,-0.03962227837,0.06180298342,0.06238679304,-0.05726347448
68.26746707,-0.04068116151,0.0618076625,0.06238955481,-0.05783049056
68.3154077,-0.04170784828,0.06181283244,0.06239230396,-0.05835756257
68.36334834,-0.04270281152,0.06181847549,0.06239503043,-0.0588458568
68.41128898,-0.04366652406,0.06182457388,0.06239772415,-0.05929653959
68.45922961,-0.04459945874,0.06183110984,0.06240037508,-0.05971077725
68.50717025,-0.0455020884,0.06183806561,0.06240297313,-0.06008973609
68.55511089,-0.04637488587,0.06184542342,0.06240550826,-0.06043458245
68.60305153,-0.04721832399,0.06185316551,0.0624079704,-0.06074648263
68.65099216,-0.04803287559,0.0618612741,0.06241034948,-0.06102660295
68.6989328,-0.04881901352,0.06186973144,0.06241263545,-0.06127610974
68.74687344,-0.0495772106,0.06187851976,0.06241481823,-0.06149616931
68.79481407,-0.05030793967,0.06188762128,0.06241688778,-0.06168794798
68.84275471,-0.05101167358,0.06189701825,0.06241883403,-0.06185261206
68.89069535,-0.05168888515,0.0619066929,0.06242064691,-0.06199132789
68.93863598,-0.05234004723,0.06191662747,0.06242231636,-0.06210526176
68.98657662,-0.05296563265,0.06192680418,0.06242383232,-0.06219558002
69.03451726,-0.05356611424,0.06193720527,0.06242518473,-0.06226344896
69.0824579,-0.05414196484,0.06194781297,0.06242636353,-0.06231003491
69.13039853,-0.0546936573,0.06195860953,0.06242735865,-0.0623365042
69.17833917,-0.05522166443,0.06196957717,0.06242816003,-0.06234402313
69.22627981,-0.05572645909,0.06198069812,0.06242875761,-0.06233375802
69.27422044,-0.05620851411,0.06199195463,0.06242914132,-0.0623068752
69.32216108,-0.05666830232,0.06200332892,0.06242930111,-0.06226454098
69.37010172,-0.05710629657,0.06201480323,0.06242922692,-0.06220792169
69.41804235,-0.05752296967,0.0620263598,0.06242890867,-0.06213818363
69.46598299,-0.05791879449,0.06203798085,0.06242833631,-0.06205649313
69.51392363,-0.05829424384,0.06204964862,0.06242749977,-0.06196401651
69.56186427,-0.05864979057,0.06206134535,0.062426389,-0.06186192008
69.6098049,-0.05898590751,0.06207305326,0.06242499393,-0.06175137016
69.65774554,-0.0593030675,0.0620847546,0.0624233045,-0.06163353308
69.70568618,-0.05960174337,0.0620964316,0.06242131064,-0.06150957515
69.75362681,-0.05988240797,0.06210806649,0.06241900229,-0.06138066268
69.80156745,-0.06014553412,0.0621196415,0.0624163694,-0.06124796201
69.84950809,-0.06039159467,0.06213113887,0.0624134019,-0.06111263943
69.89744872,-0.06062106245,0.06214254084,0.06241008972,-0.06097586129
69.94538936,-0.0608344103,0.06215382963,0.06240642281,-0.06083879388
69.99333,-0.06103211105,0.06216498748,0.0624023911,-0.06070260354
70.04127064,-0.06121463754,0.06217599663,0.06239798453,-0.06056845657
70.08921127,-0.0613824626,0.0621868393,0.06239319304,-0.0604375193
70.13715191,-0.06153605908,0.06219749774,0.06238800656,-0.06031095805
70.18509255,-0.06167589981,0.06220795418,0.06238241503,-0.06018993913
70.23303318,-0.06180245762,0.06221819085,0.0623764084,-0.06007562887
70.28097382,-0.06191620536,0.06222818998,0.0623699766,-0.05996919358
70.32891446,-0.06201761585,0.06223793381,0.06236310956,-0.05987179958
70.37685509,-0.06210716194,0.06224740457,0.06235579722,-0.05978461318
70.42479573,-0.06218531646,0.06225658451,0.06234802953,-0.05970880072
70.47273637,-0.06225255224,0.06226545584,0.06233979642,-0.05964552849
70.52067701,-0.06230934213,0.0622740008,0.06233108782,-0.05959596284
70.56861764,-0.06235615896,0.06228220164,0.06232189368,-0.05956127006
70.61655828,-0.06239347557,0.06229004058,0.06231220393,-0.05954261649
70.66449892,-0.06242176479,0.06229749986,0.06230200851,-0.05954116843
70.71243955,-0.06244149945,0.0623045617,0.06229129736,-0.05955809221
70.76038019,-0.06245315241,0.06231120836,0.06228006041,-0.05959455415
70.80832083,-0.06245719648,0.06231742205,0.06226828761,-0.05965172056
70.85626146,-0.06245491539,0.06232322268,0.06225615301,-0.05972815857
70.9042021,-0.06245192176,0.06232884609,0.06224484451,-0.0598075495
70.95214274,-0.06244919631,0.06233433707,0.06223454812,-0.05988678526
71.00008338,-0.062446733,0.06233969639,0.06222522964,-0.0599657949
71.04802401,-0.06244452583,0.06234492484,0.06221685487,-0.06004450748
71.09596465,-0.06244256877,0.06235002322,0.06220938961,-0.06012285204
71.14390529,-0.06244085579,0.06235499231,0.06220279964,-0.06020075763
71.19184592,-0.06243938087,0.0623598329,0.06219705078,-0.0602781533
71.23978656,-0.062438138,0.06236454579,0.06219210882,-0.0603549681
71.2877272,-0.06243712115,0.06236913175,0.06218793955,-0.06043113108
71.33566783,-0.06243632429,0.06237359157,0.06218450878,-0.06050657127
71.38360847,-0.06243574141,0.06237792606,0.0621817823,-0.06058121774
71.43154911,-0.06243536648,0.06238213598,0.0621797259,-0.06065499953
71.47948974,-0.06243519348,0.06238622214,0.06217830539,-0.06072784569
71.52743038,-0.06243521639,0.06239018532,0.06217748657,-0.06079968527
71.57537102,-0.06243542918,0.06239402631,0.06217723523,-0.06087044731
71.62331166,-0.06243582585,0.0623977459,0.06217751716,-0.06094006087
71.67125229,-0.06243640035,0.06240134487,0.06217829818,-0.06100845498
71.71919293,-0.06243714667,0.06240482402,0.06217954407,-0.06107555871
71.76713357,-0.06243805879,0.06240818414,0.06218122062,-0.0611413011
71.8150742,-0.06243913069,0.062411426,0.06218329365,-0.06120561119
71.86301484,-0.06244035634,0.06241455041,0.06218572895,-0.06126841804
71.91095548,-0.06244172972,0.06241755815,0.06218849231,-0.06132965069
71.95889611,-0.06244324481,0.06242045001,0.06219154953,-0.06138923819
72.00683675,-0.06244489559,0.06242322677,0.06219486642,-0.0614471096
72.05477739,-0.06244667604,0.06242588923,0.06219840876,-0.06150319395
72.10271803,-0.06244858012,0.06242843817,0.06220214236,-0.0615574203
72.15065866,-0.06245060183,0.06243087439,0.062206033,-0.06160971769
72.1985993,-0.06245273514,0.06243319867,0.0622100465,-0.06166001518
72.24653994,-0.06245497402,0.06243541179,0.06221414865,-0.06170824181
72.29448057,-0.06245731246,0.06243751456,0.06221830524,-0.06175432663
72.34242121,-0.06245974443,0.06243950775,0.06222248208,-0.06179819869
72.39036185,-0.06246226391,0.06244139216,0.06222664496,-0.06183978703
72.43830248,-0.06246486488,0.06244316857,0.06223075967,-0.06187902071
72.48624312,-0.06246754132,0.06244483778,0.06223479202,-0.06191582877
72.53418376,-0.0624702872,0.06244640057,0.06223870781,-0.06195014027
72.5821244,-0.0624730965,0.06244785772,0.06224247282,-0.06198188424
72.63006503,-0.0624759632,0.06244921004,0.06224605287,-0.06201098974
72.67800567,-0.06247888128,0.0624504583,0.06224941374,-0.06203738582
72.72594631,-0.06248184472,0.0624516033,0.06225252123,-0.06206100152
72.77388694,-0.06248484748,0.06245264583,0.06225534115,-0.0620817659
72.82182758,-0.06248788356,0.06245358666,0.06225783928,-0.062099608
72.86976822,-0.06249094693,0.0624544266,0.06225998144,-0.06211445686
72.91770885,-0.06249403157,0.06245516643,0.0622617334,-0.06212624155
72.96564949,-0.06249713145,0.06245580694,0.06226306098,-0.0621348911
73.01359013,-0.06250024055,0.06245634891,0.06226392997,-0.06214033457
73.06153077,-0.06250335285,0.06245679314,0.06226430616,-0.062142501
73.1094714,-0.06250646234,0.06245714042,0.06226415537,-0.06214131944
73.15741204,-0.06250956298,0.06245739153,0.06226344337,-0.06213671894
73.20535268,-0.06251264875,0.06245754726,0.06226213597,-0.06212862855
73.25329331,-0.06251571363,0.0624576084,0.06226019897,-0.06211697731
73.30123395,-0.06251875161,0.06245757574,0.06225759817,-0.06210169428
73.34917459,-0.06252175665,0.06245745007,0.06225429935,-0.0620827085
73.39711522,-0.06252472274,0.06245723217,0.06225026833,-0.06205994902
73.44505586,-0.06252764386,0.06245692284,0.0622454709,-0.0620333449
73.4929965,-0.06253051397,0.06245652286,0.06223987285,-0.06200282517
73.54093714,-0.06253332706,0.06245603302,0.06223343999,-0.06196831888
73.58887777,-0.06253607711,0.06245545412,0.0622261381,-0.06192975509
73.63681841,-0.0625387581,0.06245478693,0.062217933,-0.06188706285
73.68475905,-0.062541364,0.06245403225,0.06220879047,-0.06184017119
73.73269968,-0.06254388879,0.06245319087,0.06219867631,-0.06178900917
73.78064032,-0.06254632645,0.06245226357,0.06218755633,-0.06173350584
73.82858096,-0.06254867096,0.06245125114,0.06217539631,-0.06167359025
73.87652159,-0.06255091629,0.06245015438,0.06216216206,-0.06160919144
73.92446223,-0.06255305642,0.06244897407,0.06214781938,-0.06154023847
73.97240287,-0.06255508533,0.062447711,0.06213233406,-0.06146666037
74.02034351,-0.062556997,0.06244636595,0.06211567189,-0.0613883862
74.06828414,-0.06255878541,0.06244493972,0.06209779868,-0.06130534501
74.11622478,-0.06256044453,0.0624434331,0.06207868023,-0.06121746585
74.16416542,-0.06256196835,0.06244184687,0.06205828233,-0.06112467776
74.21210605,-0.06256335083,0.06244018182,0.06203657078,-0.06102690979
74.26004669,-0.06256458596,0.06243843874,0.06201351137,-0.060924091
74.30798733,-0.06256566772,0.06243661842,0.06198906991,-0.06081615042
74.35592796,-0.06256659008,0.06243472165,0.0619632122,-0.06070301711
74.4038686,-0.06256734702,0.06243274922,0.06193590402,-0.06058462012
74.45180924,-0.06256793252,0.06243070191,0.06190711118,-0.06046088849
74.49974987,-0.06256834055,0.06242858052,0.06187679948,-0.06033175127
74.54769051,-0.06256856511,0.06242638582,0.06184493471,-0.06019713751
74.59563115,-0.06256860015,0.06242411862,0.06181148267,-0.06005697626
74.64357179,-0.06256843967,0.0624217797,0.06177640915,-0.05991119657
74.69151242,-0.06256807763,0.06241936985,0.06173967997,-0.05975972748
74.73945306,-0.06256750802,0.06241688985,0.0617012609,-0.05960249805
74.7873937,-0.06256672481,0.0624143405,0.06166111776,-0.05943943732
74.83533433,-0.06256572199,0.06241172258,0.06161921634,-0.05927047434
74.88327497,-0.06256449353,0.06240903688,0.06157552243,-0.05909553816
74.93121561,-0.0625630334,0.0624062842,0.06153000183,-0.05891455782
74.97915624,-0.06256133559,0.06240346531,0.06148262035,-0.05872746239
75.02709688,-0.06255945449,0.06240064411,0.06143445969,-0.05854110339
75.07503752,-0.06255766727,0.06239811177,0.06139033372,-0.05838703449
75.12297816,-0.06255600638,0.06239589663,0.06135001052,-0.05826763475
75.17091879,-0.0625544686,0.06239398934,0.06131256996,-0.0581811335
75.21885943,-0.06255305071,0.06239238056,0.0612770919,-0.0581257601
75.26680007,-0.06255174949,0.06239106095,0.06124265621,-0.05809974388
75.3147407,-0.06255056172,0.06239002118,0.06120834275,-0.05810131419
75.36268134,-0.06254948419,0.06238925191,0.0611732314,-0.05812870038
75.41062198,-0.06254851367,0.0623887438,0.06113640201,-0.05818013178
75.45856261,-0.06254764695,0.06238848751,0.06109693444,-0.05825383775
75.50650325,-0.06254688081,0.0623884737,0.06105390858,-0.05834804763
75.55444389,-0.06254621204,0.06238869303,0.06100640428,-0.05846099075
75.60238453,-0.06254563741,0.06238913617,0.06095350141,-0.05859089648
75.65032516,-0.0625451537,0.06238979378,0.06089427983,-0.05873599415
75.6982658,-0.0625447577,0.06239065652,0.0608278194,-0.05889451311
75.74620644,-0.06254444619,0.06239171505,0.06075320001,-0.0590646827
75.79414707,-0.06254421595,0.06239296003,0.0606695015,-0.05924473226
75.84208771,-0.06254406377,0.06239438213,0.06057580376,-0.05943289114
75.89002835,-0.06254398641,0.06239597201,0.06047118663,-0.05962738869
75.93796898,-0.06254398068,0.06239772032,0.06035472999,-0.05982645425
75.98590962,-0.06254404334,0.06239961773,0.0602255137,-0.06002831716
76.03385026,-0.06254417118,0.06240165491,0.06008261764,-0.06023120677
76.0817909,-0.06254436098,0.06240382251,0.05992512166,-0.06043335243
76.12973153,-0.06254460952,0.0624061112,0.05975210563,-0.06063298347
76.17767217,-0.06254491359,0.06240851163,0.05956264941,-0.06082832924
76.22561281,-0.06254526996,0.06241101447,0.05935583288,-0.06101761909
76.27355344,-0.06254567542,0.06241361038,0.05913073589,-0.06119908236
76.32149408,-0.06254612676,0.06241629003,0.05888643832,-0.0613709484
76.36943472,-0.06254662074,0.06241904407,0.05862202002,-0.06153144655
76.41737535,-0.06254715415,0.06242186317,0.05833656087,-0.06167880616
76.46531599,-0.06254772379,0.06242473798,0.05802914073,-0.06181125656
76.51325663,-0.06254832641,0.06242765917,0.05769883947,-0.06192702711
76.56119727,-0.06254895882,0.06243061741,0.05734473694,-0.06202434715
76.6091379,-0.06254961778,0.06243360335,0.05696591303,-0.06210144602
76.65707854,-0.06255030009,0.06243660765,0.05656144758,-0.06215655307
76.70501918,-0.06255100252,0.06243962098,0.05613042048,-0.06218789764
76.75295981,-0.06255172186,0.062442634,0.05567191158,-0.06219370908
76.80090045,-0.06255245488,0.06244563737,0.05518500074,-0.06217221673
76.84884109,-0.06255319838,0.06244862176,0.05466876785,-0.06212164993
76.89678172,-0.06255394912,0.06245157781,0.05412229275,-0.06204023804
76.94472236,-0.06255470389,0.0624544962,0.05354465532,-0.06192621039
76.992663,-0.06255545948,0.06245736759,0.05293493543,-0.06177779634
77.04060364,-0.06255621267,0.06246018264,0.05229221293,-0.06159322521
77.08854427,-0.06255696023,0.06246293201,0.0516155677,-0.06137072637
77.13648491,-0.06255769895,0.06246560636,0.05090407959,-0.06110852915
77.18442555,-0.06255842561,0.06246819635,0.05015682848,-0.0608048629
77.23236618,-0.06255913699,0.06247069266,0.04937289423,-0.06045795696
77.28030682,-0.06255982988,0.06247308593,0.04855135671,-0.06006604068
77.32824746,-0.06256050106,0.06247536683,0.04769129578,-0.0596273434
77.37618809,-0.0625611473,0.06247752602,0.0467917913,-0.05914009447
77.42412873,-0.06256176539,0.06247955416,0.04585192315,-0.05860252322
77.47206937,-0.06256235211,0.06248144192,0.04487077119,-0.05801285902
77.52001001,-0.06256290425,0.06248317996,0.04384741528,-0.05736933119
77.56795064,-0.06256341858,0.06248475893,0.0427809353,-0.05667016909
77.61589128,-0.06256389189,0.06248616951,0.0416704111,-0.05591360206
77.66383192,-0.06256432095,0.06248740234,0.04051492255,-0.05509785944
77.71177255,-0.06256470256,0.0624884481,0.03931354952,-0.05422117058
77.75971319,-0.06256503348,0.06248929745,0.03806537187,-0.05328176483
77.80765383,-0.06256531051,0.06248994104,0.03676946947,-0.05227787152
77.85559446,-0.06256553043,0.06249036955,0.03542492218,-0.05120772
77.9035351,-0.06256569001,0.06249057362,0.03403080988,-0.05006953962
77.95147574,-0.06256578604,0.06249054393,0.03258621242,-0.04886155972
77.99941637,-0.0625658153,0.06249027113,0.03109020967,-0.04758200965
78.04735701,-0.06256577457,0.06248974588,0.0295418815,-0.04622911875
78.09529765,-0.06256566064,0.06248895886,0.02794030777,-0.04480111636
78.14323829,-0.06256547028,0.06248790071,0.02628456835,-0.04329623183
78.19117892,-0.06256520028,0.06248656211,0.0245737431,-0.04171269451
78.23911956,-0.06256484742,0.06248493371,0.0228069119,-0.04004873374
78.2870602,-0.06256440848,0.06248300617,0.0209831546,-0.03830257886
78.33500083,-0.06256388024,0.06248077016,0.01910155106,-0.03647245921
78.38294147,-0.06256325948,0.06247821634,0.01716118117,-0.03455660415
78.43088211,-0.06256254299,0.06247533537,0.01516112478,-0.03255324302
78.47882274,-0.06256172755,0.06247211792,0.01310046176,-0.03046060516
78.52676338,-0.06256080994,0.06246855463,0.01097827197,-0.02827691991
78.57470402,-0.06255978694,0.06246463618,0.008793635275,-0.02600041663
78.62264466,-0.06255865533,0.06246035323,0.00654563155,-0.02362932465
78.67058529,-0.0625574119,0.06245569644,0.004233340655,-0.02116187332
78.71852593,-0.06255605342,0.06245065647,0.001855842456,-0.01859629198
78.76646657,-0.06255457668,0.06244522398,-0.0005877831805,-0.01593080998
78.8144072,-0.06255297846,0.06243938963,-0.00309845639,-0.01316365667
78.86234784,-0.06255125554,0.0624331441,-0.005677097305,-0.01029306138
78.91028848,-0.06254940471,0.06242647803,-0.008324626062,-0.007317253472
78.95822911,-0.06254742273,0.06241938209,-0.01104196279,-0.004234462277
79.00616975,-0.06254530641,0.06241184694,-0.01383002764,-0.001042917144
79.05411039,-0.06254305252,0.06240386324,-0.01668974072,0.002259152583
79.10205103,-0.06254065783,0.06239542166,-0.01962202219,0.005673517559
79.14999166,-0.06253811914,0.06238651286,-0.02262779216,0.00920194844
79.1979323,-0.06253548893,0.06237743564,-0.02565984736,0.01279165619
79.24587294,-0.06253295482,0.06236922511,-0.02855523462,0.01625789336
79.29381357,-0.0625305303,0.06236194066,-0.03130248194,0.01958681414
79.34175421,-0.06252821305,0.06235555368,-0.03390383244,0.02278008986
79.38969485,-0.06252600074,0.06235003552,-0.03636152921,0.02583939189
79.43763548,-0.06252389104,0.06234535756,-0.03867781538,0.02876639159
79.48557612,-0.06252188163,0.06234149118,-0.04085493406,0.03156276032
79.53351676,-0.06251997018,0.06233840774,-0.04289512835,0.03423016943
79.5814574,-0.06251815436,0.06233607861,-0.04480064138,0.03677029028
79.62939803,-0.06251643184,0.06233447516,-0.04657371625,0.03918479424
79.67733867,-0.0625148003,0.06233356876,-0.04821659608,0.04147535266
79.72527931,-0.0625132574,0.06233333079,-0.04973152397,0.0436436369
79.77321994,-0.06251180083,0.06233373262,-0.05112074305,0.04569131832
79.82116058,-0.06251042825,0.0623347456,-0.05238649642,0.04762006827
79.86910122,-0.06250913734,0.06233634113,-0.05353102719,0.04943155812
79.91704185,-0.06250792577,0.06233849056,-0.05455657847,0.05112745923
79.96498249,-0.06250679121,0.06234116527,-0.05546539339,0.05270944294
80.01292313,-0.06250573134,0.06234433662,-0.05625971505,0.05417918063
80.06086377,-0.06250474382,0.06234797599,-0.05694178656,0.05553834365
80.1088044,-0.06250382633,0.06235205475,-0.05751385103,0.05678860336
80.15674504,-0.06250297655,0.06235654427,-0.05797815158,0.05793163111
80.20468568,-0.06250219213,0.06236141591,-0.05833693132,0.05896909827
80.25262631,-0.06250147077,0.06236664106,-0.05859243336,0.05990267619
80.30056695,-0.06250081013,0.06237219107,-0.05874690082,0.06073403624
80.34850759,-0.06250020788,0.06237803733,-0.0588025768,0.06146484977
80.39644822,-0.06249966169,0.0623841512,-0.05876170442,0.06209678814
80.44438886,-0.06249916925,0.06239050405,-0.05862652678,0.0626315227
80.4923295,-0.06249872821,0.06239706725,-0.05839928701,0.06307072483
80.54027014,-0.06249833626,0.06240381217,-0.05808222822,0.06341606587
80.58821077,-0.06249799106,0.06241071019,-0.05767759351,0.06366921718
80.63615141,-0.0624976903,0.06241773267,-0.05718762599,0.06383185013
80.68409205,-0.06249743163,0.06242485099,-0.05661456879,0.06390563607
80.73203268,-0.06249721274,0.06243203651,-0.05596066501,0.06389224636
80.77997332,-0.06249703129,0.0624392606,-0.05522815777,0.06379335236
80.82791396,-0.06249688497,0.06244649464,-0.05441929017,0.06361062543
80.87585459,-0.06249677143,0.06245371,-0.05353630533,0.06334573692
80.92379523,-0.06249668836,0.06246087805,-0.05258144636,0.0630003582
80.97173587,-0.06249663343,0.06246797015,-0.05155695638,0.06257616062
81.0196765,-0.0624966043,0.06247495768,-0.05046507849,0.06207481554
81.06761714,-0.06249659866,0.06248181201,-0.04930805581,0.06149799433
81.11555778,-0.06249661417,0.0624885045,-0.04808813145,0.06084736833
81.16349842,-0.06249664851,0.06249500654,-0.04680754851,0.06012460891
81.21143905,-0.06249669936,0.06250128949,-0.04546855013,0.05933138743
81.25937969,-0.06249676437,0.06250732471,-0.0440733794,0.05846937524
81.30732033,-0.06249684123,0.06251308359,-0.04262427943,0.0575402437
81.35526096,-0.0624969276,0.06251853749,-0.04112349335,0.05654566418
81.4032016,-0.06249702117,0.06252365778,-0.03957326426,0.05548730803
81.45114224,-0.0624971196,0.06252841584,-0.03797583527,0.05436684661
81.49908287,-0.06249722057,0.06253278303,-0.0363334495,0.05318595128
81.54702351,-0.06249732174,0.06253673072,-0.03464835006,0.05194629339
81.59496415,-0.0624974208,0.06254023028,-0.03292278006,0.05064954431
81.64290479,-0.06249751541,0.06254325309,-0.03115898261,0.04929737539
81.69084542,-0.06249760324,0.06254577052,-0.02935920083,0.04789145799
81.73878606,-0.06249768198,0.06254775393,-0.02752567782,0.04643346348
81.7867267,-0.06249774929,0.0625491747,-0.02566065671,0.0449250632
81.83466733,-0.06249780284,0.06255000419,-0.02376638059,0.04336792853
81.88260797,-0.0624978403,0.06255021378,-0.02184509259,0.04176373081
81.93054861,-0.06249785936,0.06254977484,-0.01989903581,0.0401141414
81.97848924,-0.06249785768,0.06254865874,-0.01793045338,0.03842083167
82.02642988,-0.06249783293,0.06254683685,-0.01594158839,0.03668547297
82.07437052,-0.0624977828,0.06254428053,-0.01393468396,0.03490973667
82.12231116,-0.06249770494,0.06254096117,-0.01191198321,0.03309529411
82.17025179,-0.06249759703,0.06253685013,-0.009875729243,0.03124381666
82.21819243,-0.06249745675,0.06253191877,-0.007828165175,0.02935697568
82.26613307,-0.06249728177,0.06252613848,-0.005771534118,0.02743644253
82.3140737,-0.06249706975,0.06251948062,-0.003708079184,0.02548388855
82.36201434,-0.06249681838,0.06251191657,-0.001640043485,0.02350098513
82.40995498,-0.06249652533,0.06250341768,0.0004303298677,0.0214894036
82.45789561,-0.06249618826,0.06249395534,0.002500797761,0.01945081533
82.50583625,-0.06249580486,0.06248350092,0.004569117084,0.01738689168
82.55377689,-0.06249537278,0.06247202578,0.006633044723,0.01529930401
82.60171753,-0.06249488972,0.06245950129,0.008690337566,0.01318972368
82.64965816,-0.06249435333,0.06244589883,0.0107387525,0.01105982204
82.6975988,-0.0624937613,0.06243118977,0.01277604642,0.008911270452
82.74553944,-0.06249311129,0.06241534547,0.0147999762,0.006745740276
82.79348007,-0.06249240097,0.06239833731,0.01680829874,0.004564902871
82.84142071,-0.06249162803,0.06238013666,0.01879877093,0.002370429594
82.88936135,-0.06249079012,0.06236071488,0.02076914965,0.0001639918054
82.93730198,-0.06248988493,0.06234004336,0.02271719178,-0.002052739137
82.98524262,-0.06248891013,0.06231809345,0.02464065423,-0.004278091875
83.03318326,-0.06248786339,0.06229483654,0.02653729387,-0.00651039505
83.0811239,-0.06248674238,0.06227024398,0.02840486759,-0.008747977303
83.12906453,-0.06248554478,0.06224428716,0.03024113228,-0.01098916728
83.17700517,-0.06248426825,0.06221693743,0.03204384483,-0.01323229361
83.22494581,-0.06248291047,0.06218816618,0.03381076213,-0.01547568494
83.27288644,-0.06248146912,0.06215794477,0.03553964107,-0.01771766992
83.32082708,-0.06247994186,0.06212624458,0.03722823853,-0.01995657719
83.36876772,-0.06247834678,0.06209452445,0.03886775023,-0.02217143849
83.41670835,-0.06247673458,0.06206647595,0.04044104566,-0.02431309738
83.46464899,-0.06247510799,0.0620421527,0.04194850413,-0.02638033864
83.51258963,-0.0624734672,0.06202142181,0.04339136174,-0.02837438364
83.56053027,-0.06247181241,0.06200415041,0.04477085461,-0.03029645376
83.6084709,-0.06247014382,0.06199020563,0.04608821883,-0.03214777037
83.65641154,-0.06246846164,0.06197945458,0.04734469051,-0.03392955482
83.70435218,-0.06246676606,0.06197176441,0.04854150575,-0.03564302849
83.75229281,-0.06246505729,0.06196700222,0.04967990064,-0.03728941276
83.80023345,-0.06246333552,0.06196503516,0.0507611113,-0.03886992898
83.84817409,-0.06246160095,0.06196573033,0.05178637381,-0.04038579854
83.89611472,-0.0624598538,0.06196895488,0.0527569243,-0.04183824279
83.94405536,-0.06245809424,0.06197457593,0.05367399885,-0.0432284831
83.991996,-0.0624563225,0.06198246059,0.05453883357,-0.04455774085
84.03993663,-0.06245453876,0.06199247601,0.05535266456,-0.04582723741
84.08787727,-0.06245274323,0.06200448929,0.05611672793,-0.04703819414
84.13581791,-0.06245093611,0.06201836758,0.05683225977,-0.04819183241
84.18375855,-0.0624491176,0.06203397798,0.05750049619,-0.0492893736
84.23169918,-0.0624472879,0.06205118764,0.05812267329,-0.05033203906
84.27963982,-0.06244544721,0.06206986368,0.05870002717,-0.05132105018
84.32758046,-0.06244359573,0.06208987322,0.05923379393,-0.05225762831
84.37552109,-0.06244173366,0.06211108338,0.05972520969,-0.05314299483
84.42346173,-0.0624398612,0.0621333613,0.06017551052,-0.05397837111
84.47140237,-0.06243797856,0.0621565741,0.06058593255,-0.05476497851
84.519343,-0.06243608592,0.0621805889,0.06095771187,-0.05550403841
84.56728364,-0.06243418351,0.06220527283,0.06129208459,-0.05619677218
84.61522428,-0.0624322715,0.06223049302,0.0615902868,-0.05684440118
84.66316492,-0.06243035011,0.06225611659,0.06185355461,-0.05744814677
84.71110555,-0.06242841954,0.06228201067,0.06208312412,-0.05800923035
84.75904619,-0.06242647998,0.06230804239,0.06228023143,-0.05852887326
84.80698683,-0.06242453163,0.06233407886,0.06244611264,-0.05900829688
84.85492746,-0.0624225747,0.06235998722,0.06258200386,-0.05944872258
84.9028681,-0.06242060939,0.06238563458,0.06268914119,-0.05985137173
84.95080874,-0.0624186359,0.06241088809,0.06276876073,-0.06021746569
84.99874937,-0.06241665443,0.06243561486,0.06282209859,-0.06054822584
85.04669001,-0.06241466517,0.06245968201,0.06285039085,-0.06084487355
85.09463065,-0.06241266833,0.06248295668,0.06285487364,-0.06110863018
85.14257129,-0.06241066412,0.06250530599,0.06283678304,-0.0613407171
85.19051192,-0.06240865272,0.06252659707,0.06279735516,-0.06154235568
85.23845256,-0.06240663434,0.06254669704,0.06273782611,-0.0617147673
85.2863932,-0.06240460919,0.06256547302,0.06265943198,-0.06185917331
85.33433383,-0.06240257746,0.06258279215,0.06256340887,-0.0619767951
85.38227447,-0.06240053935,0.06259852154,0.0624509929,-0.06206885402
85.43021511,-0.06239849506,0.06261252833,0.06232342016,-0.06213657145
85.47815574,-0.06239644479,0.06262467964,0.06218192675,-0.06218116876
85.52609638,-0.06239438875,0.0626348426,0.06202774877,-0.06220386731
85.57403702,-0.06239232714,0.06264288432,0.06186212233,-0.06220588848
85.62197766,-0.06239026015,0.06264867195,0.06168628353,-0.06218845363
85.66991829,-0.06238818798,0.0626520726,0.06150146847,-0.06215278414
85.71785893,-0.06238611084,0.06265295339,0.06130891326,-0.06210010137
85.76579957,-0.06238402893,0.06265118147,0.06110985399,-0.06203162668
85.8137402,-0.06238194244,0.06264662394,0.06090552676,-0.06194858146
85.86168084,-0.06237985159,0.06263914794,0.06069716769,-0.06185218707
85.90962148,-0.06237775656,0.06262862059,0.06048601287,-0.06174366487
85.95756211,-0.06237565756,0.06261490901,0.0602732984,-0.06162423625
86.00550275,-0.06237355478,0.06259788035,0.06006026038,-0.06149512255
86.05344339,-0.06237144844,0.06257740171,0.05984813493,-0.06135754517
86.10138403,-0.06236933873,0.06255334022,0.05963815813,-0.06121272546
86.14932466,-0.06236722585,0.06252556302,0.05943156609,-0.06106188479
86.1972653,-0.06236511,0.06249393722,0.05922959492,-0.06090624453
86.24520594,-0.06236299138,0.06245832996,0.05903348072,-0.06074702606
86.29314657,-0.0623608702,0.06241860835,0.05884445958,-0.06058545074
86.34108721,-0.06235874664,0.06237463953,0.05866376761,-0.06042273993
86.38902785,-0.06235662092,0.06232629062,0.05849264091,-0.06026011502
86.43696848,-0.06235449324,0.06227342874,0.05833231559,-0.06009879736
86.48490912,-0.06235236379,0.06221592102,0.05818402774,-0.05994000833
86.53284976,-0.06235023277,0.06215363459,0.05804901347,-0.0597849693
86.5807904,-0.06234810039,0.06208643657,0.05792850888,-0.05963490163
86.62873103,-0.06234596685,0.0620141941,0.05782375007,-0.0594910267
86.67667167,-0.06234383234,0.06193677428,0.05773597314,-0.05935456586
86.72461231,-0.06234169707,0.06185404426,0.0576664142,-0.05922674051
86.77255294,-0.06233956124,0.06176587115,0.05761630935,-0.05910877199
86.82049358,-0.06233742505,0.06167212208,0.05758689469,-0.05900188168
86.86843422,-0.06233528869,0.06157266418,0.05757940633,-0.05890729096
86.91637485,-0.06233315237,0.06146736457,0.05759508035,-0.05882622118
86.96431549,-0.0623310163,0.06135609039,0.05763515287,-0.05875989372
87.01225613,-0.06232888066,0.06123870874,0.05770085999,-0.05870952994
87.06019677,-0.06232674567,0.06111508677,0.05779343781,-0.05867635123
87.1081374,-0.06232461151,0.06098509159,0.05791412244,-0.05866157893
87.15607804,-0.0623224784,0.06084859034,0.05806414997,-0.05866643443
87.20401868,-0.06232034653,0.06070545013,0.0582447565,-0.0586921391
87.25195931,-0.0623182161,0.06055553809,0.05845717814,-0.05873991429
87.29989995,-0.06231608732,0.06039872136,0.05870265099,-0.05881098139
87.34784059,-0.06231396038,0.06023486705,0.05898241116,-0.05890656176
87.39578122,-0.06231183549,0.06006384229,0.05929769474,-0.05902787677
87.44372186,-0.06230971284,0.0598855142,0.05964973784,-0.05917614778
87.4916625,-0.06230759263,0.05969974992,0.06003977655,-0.05935259617
87.53960313,-0.06225242864,0.05952208113,0.06044361198,-0.05954560225
87.58754377,-0.06204686444,0.05938095302,0.06081431211,-0.05973154604
87.63548441,-0.06169340353,0.05927518691,0.06115165119,-0.05990997405
87.68342505,-0.06119692513,0.05920290105,0.06145652911,-0.06008099636
87.73136568,-0.06056230842,0.05916221367,0.06172984576,-0.06024472302
87.77930632,-0.05979443261,0.05915124299,0.06197250102,-0.06040126408
87.82724696,-0.05889817689,0.05916810726,0.06218539479,-0.0605507296
87.87518759,-0.05787842046,0.05921092472,0.06236942694,-0.06069322964
87.92312823,-0.05674004252,0.05927781358,0.06252549736,-0.06082887427
87.97106887,-0.05548792227,0.0593668921,0.06265450593,-0.06095777352
88.0190095,-0.0541269389,0.05947627851,0.06275735254,-0.06108003747
88.06695014,-0.05266197161,0.05960409103,0.06283493709,-0.06119577617
88.11489078,-0.05109789959,0.05974844791,0.06288815944,-0.06130509968
88.16283142,-0.04943960206,0.05990746738,0.06291791949,-0.06140811805
88.21077205,-0.0476919582,0.06007926767,0.06292511712,-0.06150494134
88.25871269,-0.04585984721,0.06026196702,0.06291065222,-0.06159567961
88.30665333,-0.04394814829,0.06045368366,0.06287542467,-0.06168044293
88.35459396,-0.04196174064,0.06065253583,0.06282033437,-0.06175934133
88.4025346,-0.03990550346,0.06085664176,0.06274628118,-0.06183248489
88.45047524,-0.03778431594,0.0610641197,0.06265416501,-0.06189998366
88.49841587,-0.03560305728,0.06127308786,0.06254488573,-0.06196194769
88.54635651,-0.03336660667,0.06148166449,0.06241934323,-0.06201848705
88.59429715,-0.03107984333,0.06168796782,0.06227843739,-0.06206971179
88.64223779,-0.02874764643,0.06189011609,0.06212306811,-0.06211573197
88.69017842,-0.02637489519,0.06208622753,0.06195413526,-0.06215665765
88.73811906,-0.0239664688,0.06227442038,0.06177253874,-0.06219259888
88.7860597,-0.02152724646,0.06245281286,0.06157917842,-0.06222366572
88.83400033,-0.01906210736,0.06261952322,0.06137495419,-0.06224996824
88.88194097,-0.0165759307,0.0627726697,0.06116076595,-0.06227161648
88.92988161,-0.01407359569,0.06291037051,0.06093751356,-0.0622887205
88.97782224,-0.01155998151,0.06303074391,0.06070609693,-0.06230139037
89.02576288,-0.009039967365,0.06313190812,0.06046741593,-0.06230973613
89.07370352,-0.006518432456,0.06321198138,0.06022237045,-0.06231386785
89.12164416,-0.004000255978,0.06326908192,0.05997186037,-0.06231389559
89.16958479,-0.00149031713,0.06330132798,0.05971678558,-0.06230992939
89.21752543,0.001006504892,0.0633068378,0.05945804597,-0.06230207933
89.26546607,0.00348533089,0.0632837296,0.05919654143,-0.06229045545
89.3134067,0.005941281665,0.06323012162,0.05893317182,-0.06227516782
89.36134734,0.00836947802,0.06314413211,0.05866883705,-0.06225632649
89.40928798,0.01076504076,0.06302387928,0.058404437,-0.06223404151
89.45722861,0.01312309068,0.06286748138,0.05814087155,-0.06220842295
89.50516925,0.01543874859,0.06267305664,0.05787904059,-0.06217958087
89.55310989,0.01770713529,0.0624387233,0.057619844,-0.06214762532
89.60105053,0.01992337158,0.06216259959,0.05736418167,-0.06211266635
89.64899116,0.02208257826,0.06184280375,0.05711295349,-0.06207481404
89.6969318,0.02417987614,0.061477454,0.05686705933,-0.06203417842
89.74487244,0.02621038602,0.06106466859,0.05662739909,-0.06199086957
89.79281307,0.0281692287,0.06060256575,0.05639487266,-0.06194499753
89.84075371,0.03005152498,0.06008926372,0.0561703799,-0.06189667237
89.88869435,0.03185239567,0.05952288072,0.05595482072,-0.06184600415
89.93663498,0.03356696156,0.058901535,0.055749095,-0.06179310291
89.98457562,0.03519034346,0.05822334479,0.05555410261,-0.06173807873
90.03251626,0.03671766218,0.05748642832,0.05537074346,-0.06168104165
90.0804569,0.03814403851,0.05668890383,0.05519991742,-0.06162210173
90.12839753,0.03946459325,0.05582888955,0.05504252437,-0.06156136903
90.17633817,0.04067444722,0.05490450372,0.05489946421,-0.06149895361
90.22427881,0.0417687212,0.05391386457,0.05477163682,-0.06143496553
90.27221944,0.04274253601,0.05285509034,0.05465994209,-0.06136951484
90.32016008,0.04359101245,0.05172629926,0.05456527989,-0.0613027116
90.36810072,0.04430927131,0.05052560956,0.05448855012,-0.06123466586
90.41604135,0.0448924334,0.04925113949,0.05443065266,-0.0611654877
90.46398199,0.04533561953,0.04790100727,0.0543924874,-0.06109528715
90.51192263,0.04563395049,0.04647333115,0.05437495422,-0.06102417429
90.55986326,0.04578254708,0.04496622935,0.054378953,-0.06095225916
90.6078039,0.04577653012,0.04337782011,0.05440538364,-0.06087965183
90.65574454,0.0456110204,0.04170622166,0.05445514602,-0.06080646235
90.70368518,0.04528113872,0.03994955225,0.05452914002,-0.06073280079
90.75162581,0.04478200588,0.0381059301,0.05462826552,-0.06065877718
90.79956645,0.0441087427,0.03617347344,0.05475342242,-0.06058450161
90.84750709,0.04325646996,0.03415030052,0.05490551061,-0.06051008412
90.89544772,0.04222030848,0.03203452957,0.05508542995,-0.06043563476
90.94338836,0.04099537905,0.02982427883,0.05529408035,-0.06036126361
90.991329,0.03957680249,0.02751766652,0.05553236168,-0.06028708071
91.03926963,0.03795969958,0.02511281088,0.05580117383,-0.06021319612
91.08721027,0.03613919113,0.02260783015,0.05610141669,-0.0601397199
91.13515091,0.03411039794,0.02000084257,0.05643399014,-0.06006676211
91.18309155,0.03186844083,0.01728996636,0.05679979407,-0.0599944328
91.23103218,0.02940844058,0.01447331976,0.05719972836,-0.05992284204
91.27897282,0.026725518,0.01154902101,0.0576346929,-0.05985209987
91.32691346,0.0238147939,0.008515188334,0.05810558757,-0.05978231636
91.37485409,0.02067138907,0.005369939979,0.05861331226,-0.05971360157
91.42279473,0.01729042432,0.002111394174,0.05915876686,-0.05964606555
91.47073537,0.01366702045,-0.001262330846,0.05974285124,-0.05957981835
91.518676,0.009796298257,-0.004753116846,0.0603664653,-0.05951497005
91.56661664,0.005673378553,-0.008362845592,0.06103050892,-0.05945163069
91.61455728,0.001293382136,-0.01209339885,0.06173588199,-0.05938991033
91.66249792,-0.003348570192,-0.01594665838,0.06248348438,-0.05932991903
91.71043855,-0.008052546008,-0.01979199259,0.06322078109,-0.05925260309
91.75837919,-0.01253812204,-0.02344802259,0.0638749191,-0.05913200025
91.80631983,-0.0168073215,-0.02691696066,0.06444716977,-0.05896897303
91.85426046,-0.02086402404,-0.03020222298,0.06493929021,-0.05876455897
91.9022011,-0.02471210934,-0.03330722571,0.06535303751,-0.05851979558
91.95014174,-0.02835545704,-0.03623538502,0.06569016876,-0.0582357204
91.99808237,-0.03179794681,-0.03899011707,0.06595244108,-0.05791337094
92.04602301,-0.0350434583,-0.04157483802,0.06614161155,-0.05755378473
92.09396365,-0.03809587117,-0.04399296405,0.06625943729,-0.0571579993
92.14190429,-0.04095906509,-0.04624791133,0.06630767538,-0.05672705218
92.18984492,-0.0436369197,-0.048343096,0.06628808293,-0.05626198088
92.23778556,-0.04613331468,-0.05028193425,0.06620241704,-0.05576382294
92.2857262,-0.04845212967,-0.05206784223,0.0660524348,-0.05523361587
92.33366683,-0.05059724434,-0.05370423612,0.06583989332,-0.05467239721
92.38160747,-0.05257253834,-0.05519453207,0.0655665497,-0.05408120447
92.42954811,-0.05438189134,-0.05654214626,0.06523416104,-0.05346107519
92.47748874,-0.05602918299,-0.05775049485,0.06484448443,-0.05281304689
92.52542938,-0.05751829295,-0.058822994,0.06439927697,-0.05213815709
92.57337002,-0.05885310089,-0.05976305988,0.06390029577,-0.05143744332
92.62131066,-0.06003748645,-0.06057410866,0.06334929793,-0.05071194311
92.66925129,-0.0610753293,-0.0612595565,0.06274804053,-0.04996269398
92.71719193,-0.06197050909,-0.06182281957,0.0620982807,-0.04919073345
92.76513257,-0.0627269055,-0.06226731403,0.06140177551,-0.04839709905
92.8130732,-0.06334839816,-0.06259645605,0.06066028208,-0.04758282831
92.86101384,-0.06383886675,-0.0628136618,0.0598755575,-0.04674895874
92.90895448,-0.06420219092,-0.06292234743,0.05904935887,-0.04589652788
92.95689511,-0.06444225033,-0.06292592913,0.0581834433,-0.04502657326
93.00483575,-0.06456292465,-0.06282782304,0.05727956787,-0.04414013239
93.05277639,-0.06456809351,-0.06263144535,0.0563394897,-0.0432382428
93.10071703,-0.0644616366,-0.0623402122,0.05536496587,-0.04232194201
93.14865766,-0.06424743356,-0.06195753978,0.0543577535,-0.04139226756
93.1965983,-0.06392936406,-0.06148684424,0.05331960968,-0.04045025696
93.24453894,-0.06351130775,-0.06093154175,0.0522522915,-0.03949694775
93.29247957,-0.06299714429,-0.06029504847,0.05115755607,-0.03853337744
93.34042021,-0.06239075334,-0.05958078058,0.0500371605,-0.03756058357
93.38836085,-0.06169601456,-0.05879215423,0.04889286187,-0.03657960365
93.43630148,-0.06091680761,-0.0579325856,0.04772641728,-0.03559147521
93.48424212,-0.06005701215,-0.05700549085,0.04653958385,-0.03459723579
93.53218276,-0.05912050783,-0.05601428614,0.04533411866,-0.03359792289
93.5801234,-0.05811117432,-0.05496238764,0.04411177882,-0.03259457406
93.62806403,-0.05703289127,-0.05385321152,0.04287432142,-0.0315882268
93.67600467,-0.05588953834,-0.05269017394,0.04162350357,-0.03057991866
93.72394531,-0.0546849952,-0.05147669107,0.04036108237,-0.02957068715
93.77188594,-0.05342314149,-0.05021617907,0.03908881491,-0.02856156979
93.81982658,-0.05210785688,-0.0489120541,0.03780845829,-0.02755360412
93.86776722,-0.05074302103,-0.04756773235,0.03652176962,-0.02654782766
93.91570785,-0.0493325136,-0.04618662996,0.03523050599,-0.02554527794
93.96364849,-0.04788021424,-0.04477216311,0.03393642451,-0.02454699247
94.01158913,-0.04639000261,-0.04332774796,0.03264128227,-0.02355400879
94.05952976,-0.04486575837,-0.04185680067,0.03134683637,-0.02256736442
94.1074704,-0.04331136119,-0.04036273742,0.03005484391,-0.02158809688
94.15541104,-0.04173069072,-0.03884897437,0.02876706199,-0.0206172437
94.20335168,-0.04012762661,-0.03731892768,0.02748524772,-0.01965584241
94.25129231,-0.03850604853,-0.03577601352,0.02621115818,-0.01870493053
94.29923295,-0.03686983614,-0.03422364806,0.02494655049,-0.01776554559
94.34717359,-0.0352228691,-0.03266524746,0.02369318173,-0.0168387251
94.39511422,-0.03356902705,-0.03110422789,0.02245280902,-0.0159255066
94.44305486,-0.03191218967,-0.0295440055,0.02122718944,-0.01502692762
94.4909955,-0.03025623662,-0.02798799648,0.02001808011,-0.01414402566
94.53893613,-0.02860504754,-0.02643961698,0.01882723811,-0.01327783828
94.58687677,-0.0269625021,-0.02490228317,0.01765642055,-0.01242940297
94.63481741,-0.02533247995,-0.02337941122,0.01650738453,-0.01159975728
94.68275805,-0.02371886077,-0.02187441728,0.01538188714,-0.01078993873
94.73069868,-0.0221255242,-0.02039071754,0.01428168549,-0.01000098484
94.77863932,-0.0205563499,-0.01893172814,0.01320853668,-0.009233933131
94.82657996,-0.01901521753,-0.01750086527,0.0121641978,-0.008489821139
94.87452059,-0.01750600676,-0.01610154508,0.01115042596,-0.007769686385
94.92246123,-0.01603259724,-0.01473718373,0.01016897826,-0.007074566394
94.97040187,-0.01459886862,-0.01341119741,0.009221611787,-0.006405498691
95.0183425,-0.01320870058,-0.01212700226,0.008310083651,-0.005763520801
95.06628314,-0.01186597276,-0.01088801446,0.007436150948,-0.00514967025
95.11422378,-0.01057456482,-0.009697650172,0.006601570779,-0.004564984562
95.16216442,-0.009338356432,-0.008559325563,0.005808100244,-0.004010501263
95.21010505,-0.008161227244,-0.007476456797,0.005057496441,-0.003487257878
95.25804569,-0.007047056918,-0.00645246004,0.00435151647,-0.002996291932
95.30598633,-0.005999725112,-0.005490751458,0.003691917431,-0.002538640951
95.35392696,-0.005023111485,-0.004594747217,0.003080456424,-0.002115342459
95.4018676,-0.004121095697,-0.003767863483,0.002518890548,-0.001727433982
95.44980824,-0.003297557404,-0.00301351642,0.002008976903,-0.001375953044
95.49774887,-0.002556376268,-0.002335122196,0.001552472588,-0.001061937172
95.54568951,-0.001901431945,-0.001736096975,0.001151134703,-0.0007864238894
95.59363015,-0.001336604096,-0.001219856923,0.0008067203477,-0.0005504507225
95.64157079,-0.000865772378,-0.0007898182058,0.0005209866214,-0.0003550551962
95.68951142,-0.0004928164508,-0.0004493969893,0.000295690624,-0.0002012748356
95.73745206,-0.0002216159729,-0.000202009439,0.0001325894548,-9.014716595e-05
95.7853927,-5.605060301e-05,-5.107172071e-05,3.344021364e-05,-2.270971235e-05
95.83333333,0,0,0,-6.938893904e-18
