time_ns,u_X1,u_Y1,u_X2,u_Y2
0.0,0.0,0.0,0.0,0.0
0.07191095547773886,-3.140206084237599e-5,4.5773217177096345e-5,2.9116124806902914e-5,-3.116093719730965e-5
0.14382191095547772,-0.0001245307057325175,0.00018115875789350108,0.00011549469767992698,-0.00012357935282671686
0.2157328664332166,-0.00027776962821494494,0.00040325545592688776,0.0002576810162975452,-0.00027565865294443905
0.28764382191095544,-0.0004895025218341785,0.0007091621450549299,0.00045422037833823045,-0.00048580224360669365
0.35955477738869435,-0.0007581130801347386,0.0010959776590553014,0.0007036580814804561,-0.0007524135308696982
0.4314657328664332,-0.0010819849966611454,0.001560800831705675,0.0010045394234026947,-0.0010738959207896698
0.5033766883441722,-0.0014595019649579195,0.0021007304967837256,0.0013554097017834197,-0.0014486528194228264
0.5752876438219109,-0.0018890476785695801,0.002712865488067125,0.0017548142143011026,-0.0018750876328253842
0.6471985992996498,-0.00236900583104065,0.003394304639333549,0.0022012982586342195,-0.002351603767053563
0.7191095547773887,-0.0028977601159156465,0.004142146784360668,0.0026934071324612396,-0.002876604628163577
0.7910205102551275,-0.0034736942267390917,0.0049534907569261585,0.003229686133460639,-0.0034484936222116463
0.8629314657328664,-0.004095191857055505,0.005825435390807693,0.0038086805593108885,-0.004065674155253987
0.9348424212106053,-0.00476063670040941,0.006755079519782946,0.004428935707690464,-0.004726549633346817
1.0067533766883443,-0.005468412450345322,0.007739521977629589,0.005088996876277834,-0.005429523462546355
1.0786643321660832,-0.006216902800407765,0.008775861598125297,0.005787409362751477,-0.0061729990489088156
1.1505752876438218,-0.007004491444141252,0.009861197215047739,0.006522718464789857,-0.006955379798490413
1.2224862431215608,-0.007829562075090316,0.010992627662174598,0.0072934694800714595,-0.007775069117347376
1.2943971985992997,-0.008690498386799469,0.012167251773283542,0.008098207706274748,-0.008630470411535912
1.3663081540770385,-0.009585684072813232,0.013382168382152242,0.008935478441078198,-0.009519987087112243
1.4382191095547774,-0.010513502826676124,0.014634476322558373,0.009803826982160282,-0.010442022550132584
1.5101300650325165,-0.011472338341932673,0.01592127442827962,0.01070179862719948,-0.011394980206653155
1.582041020510255,-0.012460574312127388,0.017239661533093635,0.011627938673874252,-0.01237726346273017
1.6539519759879941,-0.013476594430804801,0.018586736470778114,0.012580792419863086,-0.013387275724419853
1.7258629314657328,-0.014518782391509418,0.019959598075110704,0.013558905162844435,-0.014423420397778407
1.7977738869434716,-0.01558552188778577,0.0213553451798691,0.01456082220049679,-0.015484100888862063
1.8696848424212107,-0.016675196613178383,0.02277107661883098,0.015585088830498622,-0.01656772060372704
1.9415957978989493,-0.01778619026123176,0.024203891225773995,0.016630250350528394,-0.017672682948429542
2.0135067533766886,-0.01891688652549044,0.02565088783447584,0.017694852058264588,-0.018797391329025807
2.0854177088544272,-0.02006566909949892,0.02710916527871417,0.018777439251385673,-0.019940249151572022
2.1573286643321663,-0.021230921676801753,0.02857582239226668,0.019876557227570125,-0.021099659822124438
2.229239619809905,-0.02241102795094342,0.03004795800891102,0.020990751284496408,-0.02227402674673925
2.3011505752876436,-0.023604371615468467,0.03152267096242487,0.022118566719842997,-0.023461753331472674
2.373061530765383,-0.024809336363921422,0.032997060086585935,0.02325854883128839,-0.02466124298238095
2.4449724862431217,-0.026024305889846784,0.03446822421517184,0.024409242916511028,-0.02587089910552027
2.5168834417208603,-0.027247663886789078,0.035933262181960274,0.02556919427318939,-0.027089125106946863
2.5887943971985994,-0.028477794048292836,0.03738927282072894,0.026736948199001964,-0.02831432439271695
2.660705352676338,-0.029713080067902558,0.038833354965255466,0.027911049991627204,-0.02954490036888674
2.732616308154077,-0.030951905639162794,0.04026260744931756,0.029090044948743607,-0.03077925644151246
2.804527263631816,-0.03219265445561804,0.04167412910669289,0.030272478368029626,-0.03201579601665032
2.8764382191095548,-0.03343371021081281,0.04306501877115911,0.03145689554716373,-0.03325292250035654
2.9483491745872934,-0.03467345659829165,0.044432375276493914,0.032641841783824406,-0.03448903929868733
3.020260130065033,-0.03591027731159908,0.04577329745647499,0.03382586237569014,-0.03572254981769893
3.0921710855427715,-0.03714255604427959,0.047084884144879956,0.035007502620439376,-0.03695185746344753
3.16408204102051,-0.03836867648987772,0.048364234175486534,0.036185307815750585,-0.03817536564198935
3.235992996498249,-0.039587022341937984,0.049608446382072374,0.03735782325930226,-0.03939147775938062
3.3079039519759883,-0.04079597729400492,0.05081461959841517,0.038523594248772886,-0.04059859722167757
3.379814907453727,-0.041993925039623035,0.05197985265829258,0.0396811660818409,-0.04179512743493639
3.4517258629314655,-0.043179249272336837,0.05310124439548228,0.04082908405618479,-0.0429794718052133
3.5236368184092046,-0.04435033368569087,0.05417589364376195,0.04196589346948305,-0.04415003373856454
3.5955477738869432,-0.04550556197322964,0.055200899236909254,0.04309013961941411,-0.04530521664104631
3.6674587293646823,-0.04664331782849767,0.05617336000870187,0.04420036780365648,-0.04644342391871483
3.7393696848424214,-0.047761984945039485,0.05709037479291748,0.04529512331988863,-0.04756305897762632
3.81128064032016,-0.0488599470163996,0.05794904242333374,0.04637295146578901,-0.04866252522383699
3.8831915957978986,-0.04993558773612253,0.058746461733728335,0.0474323975390361,-0.04974022606340306
3.955102551275638,-0.05098729079775282,0.059479731557878945,0.0484720068373084,-0.05079456490238076
4.027013506753377,-0.05201343989483495,0.06014595072956323,0.04949032465828435,-0.051823945146826304
4.098924462231116,-0.05301241872091348,0.06074221808255888,0.05048589629964244,-0.05282677020279589
4.1708354177088545,-0.05398261096953289,0.06126563245064353,0.05145726705906114,-0.05380144347634575
4.242746373186594,-0.05492240033423775,0.061713292667594906,0.05240298223421892,-0.05474636837353211
4.314657328664333,-0.05583017050857254,0.06208229756719064,0.05332158712279425,-0.05565994830041117
4.386568284142071,-0.05670430518608179,0.062369745983208436,0.054211627022465604,-0.05654058666303915
4.45847923961981,-0.05754318806031003,0.06257273674942594,0.055071647230911465,-0.057386686867472274
4.5303901950975485,-0.05834520282480175,0.06268836869962084,0.05590019304581029,-0.058196652319766756
4.602301150575287,-0.05910873317310153,0.06271374066757082,0.056695809764840566,-0.05896888642597881
4.674212106053026,-0.05983216279875385,0.06264595148705354,0.05745704268568077,-0.05970179259216468
4.746123061530766,-0.06051387539530323,0.06248209999184667,0.05818243710600937,-0.06039377422438056
4.818034017008505,-0.0611522546562942,0.06221928501572789,0.058870538323504834,-0.06104323472868266
4.889944972486243,-0.061745684275271266,0.06185460539247488,0.059519891635845625,-0.0616485775111272
4.961855927963982,-0.06229254794577896,0.061385159955865305,0.060129042340710225,-0.06220820597777042
5.033766883441721,-0.06279122936136179,0.06080804753967683,0.06069653573577711,-0.0627205235346685
5.105677838919459,-0.0632401122155643,0.06012036697768715,0.06122091711872476,-0.06318393358787769
5.177588794397199,-0.063637580201931,0.05931921710367392,0.061700731787231636,-0.0635968395434542
5.249499749874937,-0.06398201701400641,0.05840169675141483,0.06213452503897622,-0.06395764480745424
5.321410705352676,-0.06427180634533504,0.05736490475468753,0.06252084217163698,-0.06426475278593403
5.3933216608304155,-0.06450533188946142,0.056205939947269704,0.06285822848289238,-0.0645165668849498
5.465232616308154,-0.06468097733993007,0.054921901162939046,0.0631452292704209,-0.06471149051055775
5.537143571785893,-0.0647971263902855,0.053509887235473216,0.06338038983190103,-0.06484792706881409
5.609054527263632,-0.06485216273407225,0.05196699699864986,0.06356225546501122,-0.06492427996577507
5.680965482741371,-0.06484447006483482,0.050290329286246695,0.06368937146742995,-0.06493895260749688
5.7528764382191095,-0.06477243207611776,0.048476982932041376,0.06376028313683571,-0.06489034840003574
5.824787393696848,-0.06463443246146554,0.046524056769811584,0.06377353577090694,-0.06477687074944789
5.896698349174587,-0.06442885491442273,0.04442864963333498,0.06372767466732214,-0.06459692306178953
5.968609304652326,-0.06415408312853381,0.04218786035638921,0.06362124512375976,-0.06434890874311686
6.040520260130066,-0.06380850079734335,0.03979878777275198,0.0634527924378983,-0.06403123119948612
6.1124312156078044,-0.06339049161439582,0.03725853071620099,0.0632208619074162,-0.06364229383695352
6.184342171085543,-0.06289843927323578,0.034564188020513906,0.06292399882999197,-0.0631805000615753
6.256253126563282,-0.062331147171841655,0.03171367850055084,0.06256108235335721,-0.06264465757779139
6.32816408204102,-0.0617514965022602,0.028830231814647594,0.06218202774588222,-0.0620953195741349
6.400075037518759,-0.06120492082948652,0.02600339934578495,0.06182309441117569,-0.06157629879951266
6.471985992996498,-0.06069070675612146,0.023232660294022017,0.06148388116124196,-0.06108696891455167
6.543896948474237,-0.060208140884765865,0.02051749385941788,0.06116398680808539,-0.060626703579878975
6.615807903951977,-0.05975650981802057,0.01785737924203169,0.06086301016371029,-0.06019487645612161
6.687718859429715,-0.059335100158486455,0.015251795641922587,0.060580550040121035,-0.059790861203906615
6.759629814907454,-0.05894319850876434,0.012700222259149662,0.06031620524932197,-0.05941403148386103
6.8315407703851925,-0.05858009147145508,0.010202138293772024,0.060069574603317424,-0.059063760956611866
6.903451725862931,-0.05824506564915952,0.0077570229458487905,0.05984025691411175,-0.05873942328278618
6.975362681340671,-0.05793740764447851,0.005364355415439044,0.059627850993709285,-0.058440392123011
7.047273636818409,-0.0576564040600129,0.0030236149026019576,0.05943195565411438,-0.058166041137913356
7.119184592296148,-0.05740134149836353,0.0007342806073966238,0.059252169707331374,-0.05791574398812029
7.1910955477738865,-0.05717150656213125,-0.0015041682701178484,0.059088091965364624,-0.05768887433425884
7.263006503251626,-0.05696618585391691,-0.003692252529882369,0.05893932124021846,-0.05748480583695602
7.334917458729365,-0.056784665976321355,-0.005830492971837779,0.058805456343897236,-0.0573029121568389
7.406828414207104,-0.05662623353194543,-0.007919410395925,0.05868609608840528,-0.057142566954534485
7.478739369684843,-0.05649017512338999,-0.009959525602084872,0.05858083928574697,-0.057003143890669815
7.550650325162581,-0.05637577735325588,-0.011951359390258315,0.05848928474792662,-0.05688401662587193
7.62256128064032,-0.056282326824143934,-0.013895432560386202,0.058411031286948585,-0.056784558820767876
7.694472236118059,-0.05620911013865502,-0.015792265912409426,0.05834567771481721,-0.056704144135984666
7.766383191595797,-0.056155413899389967,-0.017642380246268862,0.05829282284353683,-0.05664214623214935
7.838294147073536,-0.056120524708949626,-0.019446296361905403,0.058252065485111804,-0.05659793876988896
7.910205102551276,-0.056103729169934856,-0.02120453505925999,0.058223004451546476,-0.05657089540983053
7.982116058029015,-0.05610431388494649,-0.0229176171382734,0.05820523855484517,-0.05656038981260109
8.054027013506754,-0.056121565456585386,-0.02458606339888658,0.058198366607012254,-0.05656579563882768
8.125937968984493,-0.05615477048745239,-0.02621039464104039,0.05820198742005206,-0.05658648654913734
8.197848924462232,-0.05620321558014833,-0.02779113166467575,0.05821569980596894,-0.05662183620415709
8.26975987993997,-0.056266187337274086,-0.029328795269733504,0.05823910257676723,-0.056671218264513976
8.341670835417709,-0.05634297236143049,-0.030823906256154564,0.05827179454445129,-0.05673400639083503
8.413581790895448,-0.05643285725521838,-0.03227698542387981,0.05831337452102544,-0.05680957424374729
8.485492746373188,-0.056535128621238606,-0.03368855357285015,0.05836344131849405,-0.056897295483877786
8.557403701850927,-0.05664907306209202,-0.03505913150300642,0.058421593748861446,-0.056996543771853564
8.629314657328665,-0.05677397718037947,-0.036389240014289545,0.058487430624131975,-0.05710669276830163
8.701225612806404,-0.05690912757870181,-0.03767939990664037,0.05856055075630999,-0.05722711613384906
8.773136568284142,-0.057053810859659874,-0.03893013197999983,0.05864055295739983,-0.057357187529122854
8.845047523761881,-0.05720731362585452,-0.04014195703430879,0.058727036039405836,-0.05749628061475007
8.91695847923962,-0.05736892247988658,-0.04131539586950811,0.05881959881433236,-0.05764376905135772
8.98886943471736,-0.05753792402435691,-0.04245096928553873,0.05891784009418376,-0.05779902649957287
9.060780390195097,-0.05771360486186637,-0.04354919808234145,0.05902135869096434,-0.05796142662002253
9.132691345672837,-0.05789525159501579,-0.044610603059857264,0.05912975341667848,-0.05813034307333374
9.204602301150574,-0.05808215082640602,-0.045635705018026954,0.0592426230833305,-0.058305149520133534
9.276513256628315,-0.05827358915863792,-0.046625024756791526,0.059359566502924774,-0.05848521962104895
9.348424212106051,-0.058468853194312304,-0.04757908307609169,0.059480182487465616,-0.05866992703670704
9.420335167583792,-0.058667229536030055,-0.04849840077586849,0.0596040698489574,-0.05885864542773479
9.492246123061532,-0.05886800478639202,-0.04938349865606279,0.05973082739940444,-0.05905074845475931
9.564157078539269,-0.059070465547999024,-0.05023489751661535,0.0598600539508111,-0.05924560977840755
9.63606803401701,-0.05927389842345193,-0.05105311815746723,0.05999134831518173,-0.05944260305930662
9.707978989494746,-0.05947759001535157,-0.05183868137855917,0.06012430930452064,-0.05964110195808349
9.779889944972487,-0.0596808269262988,-0.052592107979832145,0.060258535730832216,-0.05984048013536526
9.851800900450224,-0.05988289575889445,-0.05331391876122698,0.06039362640612078,-0.060040111251778897
9.923711855927964,-0.06008308311573943,-0.054004634522684614,0.060529180142390684,-0.06023936896795149
9.995622811405703,-0.06028067559943451,-0.05466477606414588,0.06066479575164627,-0.06043762694451005
10.067533766883441,-0.060474959812580574,-0.055294864185551726,0.060800072045891884,-0.06063425884208161
10.139444722361182,-0.06066522235777848,-0.055895419686843,0.060934607837131866,-0.060828638321293226
10.211355677838919,-0.06085074983762903,-0.05646696336796056,0.06106800193737057,-0.0610201390427719
10.283266633316659,-0.06103082885473311,-0.05701001602884535,0.06119985315861233,-0.0612081346671447
10.355177588794398,-0.06120474601169157,-0.05752509846943822,0.06132976031286149,-0.06139199885503864
10.427088544272136,-0.06137178791110525,-0.058012731489680044,0.061457322212122405,-0.06157110526708076
10.498999499749875,-0.06153124115557498,-0.058473435889511746,0.06158213766839941,-0.06174482756389809
10.570910455227613,-0.06168239234770161,-0.058907732468874166,0.06170380549369686,-0.06191253940611767
10.642821410705352,-0.06182452809008602,-0.05931614202770823,0.06182192450001908,-0.062073614454366544
10.71473236618309,-0.06195693498532902,-0.05969918536595481,0.06193609349937043,-0.062227426369271734
10.786643321660831,-0.06207889963603148,-0.06005738328355478,0.062045911303755266,-0.06237334881146027
10.85855427713857,-0.06218970864479423,-0.060391256580449026,0.0621509767251779,-0.06251075544155921
10.930465232616308,-0.062288648614218116,-0.06070132605657845,0.062250888575642704,-0.06263901992019556
11.002376188094047,-0.06237500614690401,-0.060988112511883893,0.062345245667154,-0.06275751590799637
11.074287143571786,-0.06244806784545274,-0.061252136746306335,0.06243364681171615,-0.06286561706558869
11.146198099049524,-0.06250712031246515,-0.06149391955978653,0.0625156908213335,-0.06296269705359953
11.218109054527265,-0.06255145015054211,-0.061713981752265515,0.06259097650801039,-0.06304812953265593
11.290020010005001,-0.06258034396228444,-0.061912844123684044,0.06265910268375116,-0.06312128816338493
11.361930965482742,-0.06259308835029301,-0.062091027473983054,0.06271966816056015,-0.06318154660641356
11.43384192096048,-0.06258896991716864,-0.062249052603103414,0.06277227175044173,-0.06322827852236887
11.505752876438219,-0.0625672752655122,-0.06238744031098602,0.0628165122654002,-0.06326085757187788
11.577663831915958,-0.06252729099792453,-0.06250671139757179,0.06285198851743995,-0.06327865741556762
11.649574787393696,-0.06246830371700648,-0.06260738666280156,0.06287829931856531,-0.06328105171406515
11.721485742871437,-0.06238960002535889,-0.06268998690661626,0.06289504348078061,-0.06326741412799747
11.793396698349174,-0.06229046652558262,-0.0627550329289567,0.0629018198160902,-0.06323711831799164
11.865307653826914,-0.062170189820278506,-0.06280304552976387,0.06289822713649842,-0.06318953794467469
11.937218609304653,-0.062028056512047396,-0.06283454550897857,0.06288386425400964,-0.06312404666867365
12.009129564782391,-0.06186335320349014,-0.06285005366654173,0.06285832998062818,-0.06304001815061555
12.081040520260132,-0.06167536649720758,-0.06285009080239418,0.06282122312835839,-0.06293682605112744
12.152951475737868,-0.061463382995800585,-0.06283517771647687,0.06277214250920463,-0.06281384403083637
12.224862431215609,-0.061226689301869974,-0.06280583520873068,0.06271068693517123,-0.06267044575036931
12.296773386693346,-0.060964572018016604,-0.06276258407909649,0.06263645521826253,-0.06250600487035338
12.368684342171086,-0.060676317746841325,-0.06270594512751515,0.06254904617048287,-0.06231989505141554
12.440595297648823,-0.06036121309094499,-0.06263643915392753,0.06244805860383661,-0.06211148995418288
12.512506253126563,-0.0600195765589825,-0.06255485286618274,0.06233340080949081,-0.06188103526015845
12.584417208604304,-0.0596944314934993,-0.062472872346324086,0.06221790873578788,-0.06166479598344434
12.65632816408204,-0.059407637795070384,-0.0623964297843101,0.06210841436239078,-0.061480956269222314
12.728239119559781,-0.05915768198544154,-0.062325382343101136,0.06200479919835812,-0.06132791434974092
12.800150075037518,-0.05894305058635862,-0.062259587185657564,0.06190694475274856,-0.061204068457248795
12.872061030515258,-0.05876223011956742,-0.06219890147493972,0.0618147325346207,-0.061107816823994486
12.943971985992995,-0.05861370710681379,-0.06214318237390798,0.061728044053033185,-0.06103755768222662
13.015882941470736,-0.05849596806984354,-0.06209228704552268,0.061646760817044635,-0.06099168926419376
13.087793896948474,-0.05840749953040251,-0.062046072652744186,0.06157076433571367,-0.06096860980214451
13.159704852426213,-0.058346788010236524,-0.06200439635853285,0.06149993611809893,-0.060966717528327455
13.231615807903953,-0.0583123200310914,-0.06196711532584903,0.061434157673259035,-0.06098441067499119
13.30352676338169,-0.058302582114712974,-0.06193408671765309,0.061373310510252625,-0.0610200874743843
13.37543771885943,-0.05831606078284707,-0.06190516769690537,0.06131727613813831,-0.06107214615875538
13.447348674337167,-0.05835124255723951,-0.061880215426566236,0.06126593606597473,-0.061138984960353006
13.519259629814908,-0.058406613959636124,-0.06185908706959604,0.061219171802820514,-0.061219002111425794
13.591170585292646,-0.05848066151178273,-0.06184163978895513,0.06117686485773427,-0.06131059584422232
13.663081540770385,-0.05857187173542516,-0.06182773074760387,0.061138896739774656,-0.06141216439099116
13.734992496248124,-0.05867873115230924,-0.06181721710850263,0.06110514895800027,-0.06152210598398094
13.806903451725862,-0.0587997262841808,-0.06180995603461174,0.06107550302146975,-0.06163881885544021
13.878814407203603,-0.058933343652785665,-0.061805804688891575,0.061049840439241734,-0.06176070123761759
13.950725362681341,-0.05907806977986965,-0.06180462023430247,0.06102804272037484,-0.061886151362761654
14.02263631815908,-0.0592323911871786,-0.0618062598338048,0.061009991373927694,-0.062013567463121
14.094547273636818,-0.059394794396458325,-0.06181058065035891,0.060995567908958936,-0.06214134777094421
14.166458229114557,-0.05956376592945466,-0.061817439846925164,0.06098465383452717,-0.06226789051847989
14.238369184592296,-0.05973779230791343,-0.061826694586463914,0.06097713065969104,-0.06239159393797661
14.310280140070034,-0.05991536005358045,-0.06183820203193551,0.060972879893509184,-0.06251085626168297
14.382191095547773,-0.060094955688201564,-0.06185181934630031,0.0609717830450402,-0.06262407572184757
14.454102051025513,-0.060275065733522586,-0.06186740369251868,0.06097372162334274,-0.062729650550719
14.526013006503252,-0.06045417671128935,-0.06188481223355096,0.060978577137475426,-0.06282597898054582
14.59792396198099,-0.060630775143247675,-0.06190390213235752,0.06098623109649688,-0.06291145924357665
14.66983491745873,-0.06080334755114339,-0.0619245305518987,0.06099656500946573,-0.06298448957206007
14.741745872936468,-0.06097038045672232,-0.06194655465513488,0.06100946038544061,-0.06304346819824466
14.813656828414208,-0.061130360381730295,-0.06196983160502639,0.06102479873348015,-0.06308679335437904
14.885567783891945,-0.06128177384791313,-0.06199421856453359,0.06104246156264295,-0.06311286327271177
14.957478739369686,-0.06142310737701667,-0.062019572696616856,0.061062330381987676,-0.06312007618549147
15.029389694847422,-0.06155284749078674,-0.062045751164236516,0.061084286700572935,-0.0631068303249667
15.101300650325163,-0.061669480710969136,-0.062072611130352943,0.06110821202745736,-0.06307152392338607
15.173211605802901,-0.06177149355930972,-0.06210000975792649,0.061133987871699574,-0.06301255521299814
15.24512256128064,-0.061857372557554295,-0.06212780420991752,0.061161495742358206,-0.06292832242605155
15.31703351675838,-0.06192560422744871,-0.06215585164928637,0.06119061714849189,-0.06281722379479485
15.388944472236117,-0.06197467509073876,-0.06218400923899341,0.06122123359915924,-0.06267765755147665
15.460855427713858,-0.06200307166917028,-0.062212134141998984,0.06125322660341889,-0.06250802192834552
15.532766383191595,-0.062009280484489115,-0.06224008352126346,0.06128647767032947,-0.062306715157650086
15.604677338669335,-0.061991788058441084,-0.062267714539747186,0.06132086830894961,-0.0620721354716389
15.676588294147072,-0.061949080912772014,-0.06229488436041053,0.061356280028337935,-0.06180268110256058
15.748499249624812,-0.06187964556922772,-0.06232145014621383,0.06139259433755307,-0.061496750282663694
15.820410205102553,-0.061781968549554034,-0.06234726906011745,0.061429692745653644,-0.06115274124419684
15.89232116058029,-0.061654536375496775,-0.062372198265081745,0.061467456761698284,-0.060769052219408634
15.96423211605803,-0.06149583556880179,-0.06239609492406707,0.061505767894745614,-0.06034408144054762
16.03614307153577,-0.06130435265121489,-0.06241881620003378,0.06154450765385427,-0.05987622713986242
16.10805402701351,-0.06107857414448188,-0.062440219255942245,0.061583557548082875,-0.0593638875496016
16.179964982491246,-0.06081698657034864,-0.062460161254752795,0.06162279908649006,-0.0588054609020138
16.251875937968986,-0.06051807645056095,-0.06247849935942581,0.061662113778134436,-0.05819934542934754
16.323786893446723,-0.060180330306864656,-0.062495090732921615,0.061701383132074655,-0.057543939363851486
16.395697848924463,-0.059802234661005566,-0.0625097925382006,0.061740488657369336,-0.056837640937774145
16.4676088044022,-0.05938227603472955,-0.06252246193822311,0.06177931186307709,-0.0560788483833642
16.53951975987994,-0.058918940949782374,-0.06253295609594947,0.06181773425825657,-0.055265959932870146
16.61143071535768,-0.05841071592790989,-0.06254113217434008,0.06185563735196639,-0.05439737381854062
16.683341670835418,-0.057856087490857966,-0.0625468473363553,0.06189290265326517,-0.05347148827262426
16.75525262631316,-0.057253542160372345,-0.06254995874495543,0.061929411671211555,-0.052486701527369554
16.827163581790895,-0.05660156645819894,-0.06255032356310086,0.06196504591486416,-0.05144141181502519
16.899074537268636,-0.055898646906083496,-0.06254779895375197,0.06199968689328162,-0.050334017367839684
16.970985492746376,-0.05514327002577189,-0.06254224207986907,0.062033216115522566,-0.049162916418061635
17.042896448224113,-0.054333922339009966,-0.06253351010441253,0.062065515090645604,-0.04792650719793973
17.114807403701853,-0.05346909036754349,-0.06252146019034273,0.06209646532770939,-0.04662318793972241
17.18671835917959,-0.05254726063311835,-0.06250594950062001,0.06212594833577252,-0.045251356875658406
17.25862931465733,-0.051566919657480295,-0.06248683519820471,0.06215384562389365,-0.04380941223799617
17.330540270135067,-0.050526553962375265,-0.0624639744460572,0.0621800387011314,-0.04229575225898444
17.402451225612808,-0.049424650069548944,-0.06243722440713783,0.06220440907654439,-0.04070877517087166
17.474362181090545,-0.048259694500747304,-0.06240644224440697,0.06222683825919126,-0.03904687920590656
17.546273136568285,-0.047030173777716025,-0.06237148512082496,0.06224720775813063,-0.03730846259633759
17.618184092046025,-0.045734574422201024,-0.06233221019935216,0.06226539908242111,-0.0354919235744134
17.690095047523762,-0.04437138295594817,-0.062288474642948934,0.06228129374112136,-0.03359566037238268
17.762006003001503,-0.04293908590070316,-0.06224013561457562,0.06229477324328998,-0.03161807122249383
17.83391695847924,-0.04143616977821196,-0.06218705027719259,0.06230571909798562,-0.029557554356995655
17.90582791395698,-0.039861121110220256,-0.062129075793760195,0.06231401281426689,-0.02741250800813653
17.97773886943472,-0.038212426418473944,-0.062066069327238786,0.062319535901192435,-0.02518133040816513
18.049649824912457,-0.03648857222471893,-0.06199788804058873,0.062322169867820854,-0.022862419789330176
18.121560780390194,-0.034688045050700965,-0.06192438909677037,0.06232179622321081,-0.020454174383880155
18.19347173586793,-0.03280933141816588,-0.061845429658744074,0.0623182964764209,-0.01795499242406365
18.265382691345675,-0.030850917848859297,-0.061760866889470176,0.06231155213650977,-0.015363272142128993
18.33729364682341,-0.028811290864527425,-0.061670557951909045,0.06230144471253604,-0.012677411770325286
18.40920460230115,-0.026688936986915913,-0.061574360009021056,0.06228785571355835,-0.009895809540900871
18.481115557778892,-0.024482342737770363,-0.061472130223766526,0.06227066664863531,-0.00701686368610404
18.55302651325663,-0.02218999463883703,-0.06136372575910584,0.062249759026825544,-0.004038972438183956
18.624937468734366,-0.019810379211861524,-0.06124900377799935,0.06222501435718771,-0.0009605340293889209
18.696848424212103,-0.017341982978589687,-0.06112782144340741,0.0621963141487804,0.0022200533080324394
18.768759379689847,-0.014788217235893821,-0.06100120065807228,0.06216376125154196,0.0054963570221305555
18.840670335167584,-0.012248118414788898,-0.060892353100777945,0.06213175899438538,0.00870638745729177
18.91258129064532,-0.009760654892682161,-0.06080924822845167,0.062102017470876576,0.011787235793486022
18.984492246123065,-0.0073253548962914,-0.06075038121351104,0.062074475079059,0.014740489656151046
19.0564032016008,-0.0049417466523351125,-0.06071424722837366,0.062049070216976115,0.017567736670723692
19.128314157078538,-0.002609358387531081,-0.06069934144545709,0.062025741282671396,0.02027056446264171
19.200225112556275,-0.00032771832859732823,-0.06070415903717893,0.06200442667418829,0.022850560657342527
19.27213606803402,0.0019036452977483453,-0.06072719517595676,0.06198506478957027,0.025309312880263838
19.344047023511756,0.0040852042647874735,-0.06076694503420817,0.0619675940268608,0.02764840875684258
19.415957978989493,0.006217430345802262,-0.06082190378435073,0.06195195278410334,0.029869435912516458
19.487868934467237,0.008300795314074887,-0.06089056659880206,0.061938079459341364,0.031973981972723116
19.559779889944974,0.010335770942886915,-0.0609714286499797,0.06192591245061832,0.033963634562899574
19.63169084542271,0.01232282900552054,-0.061062985110301254,0.061915390155977676,0.03583998130848348
19.703601800900447,0.014262441275257725,-0.06116373115218432,0.0619064509734629,0.037604609834912296
19.77551275637819,0.01615507952538065,-0.06127216194804648,0.06189903330111745,0.0392591077676236
19.847423711855928,0.018001215529170913,-0.061386772670305303,0.06189307553698479,0.04080506273205452
19.919334667333665,0.01980132105991067,-0.061506058491378385,0.06188851607910839,0.042244062353642656
19.991245622811405,0.021555867890882,-0.061628514583683305,0.06188529332553171,0.043577694257825525
20.063156578289146,0.02326532779536678,-0.06175263611963766,0.06188334567429821,0.04480754607004049
20.135067533766883,0.024930172546646923,-0.061876918271659025,0.06188261152345135,0.04593520541572493
20.20697848924462,0.026550873918004474,-0.061999856212164986,0.0618830292710346,0.04696225992031636
20.278889444722363,0.02812790368272157,-0.06211994511357313,0.061884537315091415,0.04789029720925232
20.3508004002001,0.029661733614079887,-0.06223568014830105,0.06188707405366527,0.048720904907970035
20.422711355677837,0.031152835485361546,-0.06234555648876631,0.061890577884799625,0.049455670641907076
20.494622311155577,0.032601681069848606,-0.062448069307386514,0.06189498720653794,0.0500961820365009
20.566533266633318,0.034008742140822966,-0.06254171377657923,0.06190024041692368,0.05064402671718891
20.638444222111055,0.035374490471566544,-0.06262498506876207,0.06190627591400031,0.051100792309408526
20.710355177588795,0.03669939783536145,-0.0626963783563526,0.06191303209581129,0.05146806643859723
20.782266133066535,0.037983936005489584,-0.0627543888117684,0.06192044736040008,0.051747436730192456
20.854177088544272,0.03922857675523288,-0.06279751160742707,0.06192846010581015,0.051940490809631625
20.92608804402201,0.04043379185787336,-0.06282424191574618,0.06193700873008496,0.05204881630235219
20.99799899949975,0.04160005308669308,-0.06283307490914333,0.06194603163126798,0.05207400083379161
21.06990995497749,0.04272783221497394,-0.06282250576003609,0.061955467207402665,0.0520176320293873
21.141820910455227,0.043817601015997895,-0.06279102964084206,0.06196525385653248,0.05188129751457672
21.213731865932967,0.044869831263047,-0.06273714172397882,0.061975329976700896,0.051666584914797295
21.285642821410704,0.04588499472940312,-0.06265933718186395,0.061985633965951366,0.05137508185548649
21.357553776888444,0.04686356318834836,-0.06255611118691504,0.06199610422232735,0.05100837596208173
21.42946473236618,0.04780600841316461,-0.06242595891154968,0.06200667914387232,0.05056805486002046
21.50137568784392,0.04871280217713392,-0.06226737552818544,0.062017297128629745,0.0500557061747401
21.573286643321662,0.04958441625353821,-0.062078856209239905,0.062027896574643075,0.04947291753167811
21.6451975987994,0.05042132241565943,-0.06185889612713069,0.06203841587995578,0.048821276556271984
21.71710855427714,0.05122399243677965,-0.06160599045427534,0.06204879344261132,0.04810237087395905
21.789019509754876,0.05199289809018078,-0.06131863436309148,0.062058967660653164,0.04731778811017688
21.860930465232617,0.05272851114914485,-0.06099532302599665,0.062068876932124775,0.0464691158903628
21.932841420710353,0.053431303386953746,-0.06063455161540848,0.06207845965506961,0.04555794183995436
22.004752376188094,0.054101746576889556,-0.06023481530374452,0.062087654227531146,0.04458585358438888
22.076663331665834,0.054740312492234204,-0.059794609263422366,0.062096399047552826,0.04355443874910385
22.14857428714357,0.05534747290626964,-0.05931242866685963,0.062104632513178125,0.04246528495953679
22.22048524262131,0.0559236995922779,-0.058786768686473846,0.0621122930224505,0.041319979841125024
22.29239619809905,0.05646946432354094,-0.05821612449468266,0.062119318973413426,0.0401201110193061
22.36430715357679,0.05698523887334075,-0.05759899126390358,0.06212564876411036,0.03886726611951735
22.43621810905453,0.057471495014959274,-0.05693386416655424,0.06213122079258476,0.03756303276719625
22.508129064532266,0.05792870452167849,-0.05621923837505225,0.06213597345688009,0.03620899858778037
22.580040020010003,0.05835733916678042,-0.05545360906181517,0.06213984515503983,0.03480675120670704
22.651950975487743,0.05875787072354702,-0.05463547139926055,0.06214277428510742,0.033357878249413636
22.723861930965484,0.05913077096526026,-0.053763320559806,0.062144699245126334,0.031863967341337646
22.79577288644322,0.05947651166520211,-0.05283565171586915,0.06214555843314004,0.0303266061079166
22.86768384192096,0.05979556459665457,-0.0518509600398675,0.062145290247191995,0.028747382174587804
22.9395947973987,0.06008840153289963,-0.050807740704218673,0.062143833085325666,0.027127883166788797
23.011505752876438,0.06035549424721921,-0.049704488881340325,0.06214112534558452,0.02546969670995705
23.083416708354175,0.06059731451289535,-0.04853969974364997,0.062137105426012,0.02377441042952999
23.155327663831915,0.06081433410321001,-0.04731186846356515,0.062131711724651595,0.02204361195094487
23.227238619309656,0.06100702479144514,-0.04601949021350349,0.06212488263954675,0.02027888889963933
23.299149574787393,0.06117585835088275,-0.04466106016588266,0.06211655656874093,0.01848182890105085
23.371060530265133,0.061321306554804805,-0.04323507349312009,0.06210667191027762,0.016654019580616658
23.442971485742873,0.06144384117649329,-0.04174002536763345,0.06209516706220026,0.014797048563774312
23.51488244122061,0.06154393398923021,-0.0401744109618404,0.06208198042255232,0.012912503475961401
23.586793396698347,0.061622056766297464,-0.03853672544815845,0.06206705038937726,0.011001971942615235
23.658704352176088,0.0616786812809771,-0.03682546399900509,0.062050315360718554,0.009067041589173097
23.730615307653828,0.06171427930655106,-0.035039121786798,0.062031713734619645,0.00710930004107263
23.802526263131565,0.061729322616301374,-0.033176193983954855,0.062011183909124024,0.00513033492375134
23.874437218609305,0.061724282983509945,-0.031235175762893044,0.06198866428227513,0.0031317338626463964
23.946348174087046,0.06169963218145881,-0.02921456229603025,0.061964093252116444,0.0011150844831954165
24.018259129564782,0.06165584198342988,-0.027112848755784166,0.06193740921669142,-0.0009180255891640954
24.09017008504252,0.06159338416270525,-0.024928530314572282,0.06190855057404352,-0.002966008728994718
24.162081040520263,0.06151273049256677,-0.02266010214481195,0.06187745572221621,-0.005027277310859335
24.233991995998,0.061414352746296516,-0.020306059418921205,0.061844063059252954,-0.007100243709319998
24.305902951475737,0.061298722697176414,-0.017864897309317403,0.06180831098319721,-0.009183320298939479
24.377813906953474,0.061166312118488414,-0.015335110988418152,0.06177013789209246,-0.011274919454280441
24.449724862431218,0.06101759278351457,-0.012715195628640742,0.06172948218398214,-0.0133734535499056
24.521635817908955,0.060853036465536775,-0.010003646402403296,0.06168628225690973,-0.015477334960376954
24.59354677338669,0.06067311493783717,-0.007198958482123159,0.0616404765089187,-0.017584976060257496
24.665457728864435,0.060478299973697525,-0.0042996270402175865,0.06159200333805248,-0.019694789224109832
24.737368684342172,0.06026906334639992,-0.001304147249104777,0.06154080114235458,-0.02180518682649618
24.80927963981991,0.06004587682922635,0.0017889857187979932,0.06148680831986843,-0.023914581241979205
24.881190595297646,0.05980921219545879,0.004981276691073136,0.061429963268637505,-0.02602138484512162
24.95310155077539,0.059559541218379114,0.008274230495303375,0.06137020438670526,-0.028124010010486034
25.025012506253127,0.05930015601990133,0.011648322257408295,0.06130846892529811,-0.030213242123046442
25.096923461730864,0.05906478650902167,0.014853514358586183,0.06125632674748069,-0.03219722794675224
25.168834417208608,0.05886188612434896,0.017820885238908474,0.06121609126660709,-0.03405179312956804
25.240745372686344,0.05868984548661539,0.02055571339281748,0.06118647758526868,-0.03577989945539123
25.31265632816408,0.058547055216553116,0.023063277314756398,0.061166200806056795,-0.03738450870811975
25.384567283641818,0.05843190593489429,0.02534885549916813,0.06115397603156276,-0.03886858267165135
25.456478239119562,0.05834278826237108,0.027417726440495758,0.06114851836437792,-0.04023508312988393
25.5283891945973,0.058278092819715674,0.029275168633181765,0.061148542907093636,-0.041486971866714954
25.600300150075036,0.058236210227660214,0.030926460571669274,0.06115276476230124,-0.04262721066604234
25.672211105552776,0.05821553110693686,0.03237688075040124,0.06115989903259207,-0.043658761311763876
25.744122061030517,0.05821444607827779,0.033631707663820454,0.061168660820557476,-0.04458458558777725
25.816033016508253,0.05823134576241516,0.0346962198063698,0.0611777652287888,-0.045407645277980205
25.88794397198599,0.058264620780081135,0.03557569567249221,0.06118592735987738,-0.04613090216627053
25.959854927463734,0.05831266175200789,0.03627541375663065,0.061191862316414554,-0.04675731803654603
26.03176588294147,0.05837385929892756,0.03680065255322788,0.06119428520099167,-0.047289854672704336
26.103676838419208,0.05844660404157235,0.03715669055672688,0.06119191111620007,-0.04773147385864328
26.17558779389695,0.05852928660067439,0.03734880626157052,0.061183455164631105,-0.04808513737826064
26.24749874937469,0.05862029759696587,0.03738227816220171,0.0611676324488761,-0.04835380701545412
26.319409704852426,0.058718027651178936,0.03726238475306333,0.06114315807152641,-0.04854044455412149
26.391320660330162,0.05882086738404575,0.036994404528598285,0.061108747135173384,-0.048648011778160506
26.463231615807906,0.0589272074162985,0.03658361598324942,0.06106311474240834,-0.04867947047146893
26.535142571285643,0.05903543836866931,0.03603529761145974,0.061004975995822636,-0.04863778241794452
26.60705352676338,0.059143950861890386,0.03535472790767207,0.06093304599800762,-0.048525909401485004
26.67896448224112,0.05925113551669387,0.034547185366329274,0.06084603985155462,-0.048346813205988166
26.75087543771886,0.05935538295381194,0.033617948481874306,0.06074267265905498,-0.04810345561535174
26.822786393196598,0.05945508379397674,0.03257229574875006,0.06062165952310006,-0.04779879841347351
26.894697348674335,0.05954862865792044,0.03141550566139943,0.06048171554628119,-0.04743580338425122
26.966608304152075,0.05963440816637521,0.03015285671426525,0.060321555831189706,-0.047017432311582584
27.038519259629815,0.05971081294007323,0.028789627401790432,0.060139895480416955,-0.046546646979365405
27.110430215107552,0.05977623359974663,0.02733109621841799,0.059935449596554294,-0.046026409171497425
27.182341170585293,0.059829060766127595,0.025782541658590633,0.059706933282193037,-0.04545968067187638
27.254252126063033,0.05986768505994829,0.024149242216751368,0.05945306163992454,-0.04484942326440006
27.32616308154077,0.05989049710194087,0.02243647638734314,0.05917254977234016,-0.04419859873296622
27.39807403701851,0.05989588751283752,0.020649522664808684,0.05886411278203122,-0.04351016886147255
27.469984992496247,0.059882246913370366,0.018793659543591093,0.05852646577158908,-0.0427870954338169
27.541895947973988,0.059847965924271614,0.016874165518133075,0.05815832384360505,-0.042032340233896924
27.613806903451724,0.05979143516627339,0.014896319082877724,0.05775840210067052,-0.0412488650456105
27.685717858929465,0.059711045260107884,0.012865398732267663,0.05732541564537678,-0.04043963165285523
27.757628814407205,0.05960518682650725,0.010786682960746002,0.0568580795803152,-0.03960760183952898
27.829539769884942,0.059472250486203665,0.008665450262755614,0.056355109008077144,-0.038755737389529504
27.901450725362682,0.05931062685992927,0.006506979132739316,0.0558152190312539,-0.03788700008675451
27.97336168084042,0.05911870656841625,0.004316548065140147,0.055237124752436875,-0.03700435171510179
28.04527263631816,0.05889488023239676,0.002099435554400758,0.05461954127421735,-0.03611075405846906
28.117183591795897,0.05863753847260297,-0.0001390799050356717,0.053961183699186725,-0.035209168900754095
28.189094547273637,0.058345071909767024,-0.0023937198187265196,0.05326076712993627,-0.03430255802585465
28.261005502751377,0.058015871164621105,-0.004659205692228746,0.052517006669057384,-0.033393883217668466
28.332916458229114,0.05764832685789739,-0.006930259031099367,0.05172861741914142,-0.03248610626009338
28.404827413706855,0.05724082961032801,-0.009201601340895676,0.05089431448277966,-0.031582188937026995
28.47673836918459,0.05679177004264517,-0.011467954127174607,0.050012812962563526,-0.030685093032367203
28.548649324662332,0.056299538775580985,-0.013724038895493451,0.04908282796108427,-0.029797780330011653
28.62056028014007,0.05576252642986766,-0.01596457715140906,0.048103074580933325,-0.028923212613858218
28.69247123561781,0.05517912362623733,-0.018184290400478864,0.04707226792470194,-0.02806435166780452
28.764382191095546,0.0545477209854222,-0.02037790014825966,0.04598912309498157,-0.027224159275748477
28.836293146573286,0.053866709128154375,-0.022540127900308737,0.044852355194363425,-0.026405597221587654
28.908204102051027,0.05313447867516605,-0.024665695162183227,0.04366067932543892,-0.02561162728921991
28.980115057528764,0.05234942024718943,-0.026749323439440004,0.042412810590799446,-0.02484521126254305
29.052026013006504,0.05150992446495659,-0.028785734237636446,0.04110746409303624,-0.024109310925454708
29.123936968484244,0.05061438194919975,-0.030769649062329513,0.03974335493474068,-0.023406888061852732
29.19584792396198,0.049661183320651114,-0.03269578941907622,0.03831919821850421,-0.022740904455634814
29.267758879439718,0.048648719200042795,-0.03455887681343381,0.03683370904691808,-0.022114321890698813
29.33966983491746,0.047575380208106914,-0.0363536327509594,0.03528560252257358,-0.021530102150942365
29.4115807903952,0.04643955696557568,-0.038074778737210185,0.03367359374806209,-0.02099120702026322
29.483491745872936,0.04523964009318133,-0.03971703627774292,0.03199639782597507,-0.020500598282559235
29.555402701350676,0.04397402021165589,-0.04127512687811505,0.03025272985890367,-0.02006123772172813
29.627313656828417,0.04264108794173158,-0.04274377204388355,0.028441304949439337,-0.01967608712166763
29.699224612306153,0.041239233904140665,-0.0441176932806055,0.026560838200173496,-0.019348108266275477
29.77113556778389,0.03976684871961521,-0.045391612093838046,0.024610044713697397,-0.019080262939449477
29.84304652326163,0.03822232300888732,-0.0465602499891383,0.022587639592602293,-0.01887551292508735
29.91495747873937,0.03660404739268922,-0.047618328472063376,0.02049233793947961,-0.018736820007086846
29.986868434217108,0.03491041249175318,-0.04856056904817027,0.01832285485692081,-0.018667145969345766
30.058779389694845,0.033139808926811266,-0.04938169322301633,0.016077905447517117,-0.018669452595761804
30.13069034517259,0.03129062731859546,-0.05007642250215838,0.013756204813859654,-0.018746701670232763
30.202601300650326,0.029361258287838293,-0.05063947839115368,0.011356468058540223,-0.01890185497665639
30.274512256128062,0.027350092455271747,-0.05106558239555925,0.008877410284149935,-0.019137874298930407
30.346423211605803,0.025255520441627887,-0.05134945602093227,0.0063177465932800075,-0.019457721420952617
30.418334167083543,0.023075932867638975,-0.05148582077282987,0.0036761920885219,-0.019864358126620713
30.49024512256128,0.020809720354037286,-0.051469398156809065,0.0009514618724670923,-0.020360746199832497
30.562156078039017,0.018455273521554877,-0.051294909678427036,-0.0018577289522931986,-0.02094984742448569
30.63406703351676,0.016010982990923666,-0.0509570768432408,-0.004752665283167937,-0.021634623584478152
30.705977988994498,0.013475239382876307,-0.050450621156807596,-0.007734632017565177,-0.022418036463707464
30.777888944472235,0.010846433318144718,-0.04977026412468427,-0.01080491405289389,-0.023303047846071512
30.84979989994998,0.0081229554174608,-0.04891072725242823,-0.013964796286563025,-0.024292619515468072
30.921710855427715,0.005303196301557241,-0.04786673204559644,-0.01721556361598063,-0.025389713255794782
30.993621810905452,0.002385546591165952,-0.04663300000974607,-0.020558500938555657,-0.026597290850949362
31.06553276638319,-0.0006316030929809022,-0.04520425265043415,-0.02399489315169679,-0.027918314084829726
31.137443721860933,-0.0037498621301514795,-0.04357521147321769,-0.027526025152813015,-0.029355744741333678
31.20935467733867,-0.006970839899612988,-0.04174059798365398,-0.03115318183931229,-0.030912544604358716
31.281265632816407,-0.010272969052602362,-0.03971666680673016,-0.03484185025235621,-0.03257415263891688
31.353176588294144,-0.013475036945630752,-0.037669942179070916,-0.03831254459520604,-0.034204601601502474
31.425087543771888,-0.01653960118018853,-0.03563679717346883,-0.04151067172512052,-0.035775379905746967
31.496998499249624,-0.01946839460213078,-0.033617509744664854,-0.044442396722318284,-0.03728748493443205
31.56890945472736,-0.022263150057313517,-0.03161235784739936,-0.04711388466701889,-0.03874191407033986
31.640820410205105,-0.024925600391592688,-0.029621619436412706,-0.04953130063944185,-0.04013966469625255
31.712731365682842,-0.027457478450823452,-0.027645572466445858,-0.05170080971980591,-0.041481734194951825
31.78464232116058,-0.02986051708086179,-0.02568449489223917,-0.053628576988330574,-0.042769119949219815
31.856553276638316,-0.03213644912756338,-0.02373866466853321,-0.055320767525235084,-0.04400281934183852
31.92846423211606,-0.034287007436784145,-0.02180835975006835,-0.05678354641073885,-0.045183829755590064
32.0003751875938,-0.03631392485437933,-0.01989385809158553,-0.0580230787250608,-0.0463131485732562
32.07228614307154,-0.03821893422620495,-0.017995437647825033,-0.05904552954842042,-0.04739177317761908
32.14419709854928,-0.040003768398116604,-0.016113376373527513,-0.05985706396103688,-0.04842070095146065
32.21610805402702,-0.041670160215969976,-0.014247952223433533,-0.060463847043129404,-0.04940092927756291
32.28801900950475,-0.04321984252562062,-0.01239944315228384,-0.060872043874917244,-0.050333455538707765
32.35992996498249,-0.044654548172924524,-0.010568127114818629,-0.06108781953661972,-0.05121927711767739
32.43184092046023,-0.04597601000373723,-0.008754282065778642,-0.06111733910845605,-0.05205939139725369
32.50375187593797,-0.04718596086391447,-0.0069581859599044445,-0.06096676767064545,-0.05285479576021866
32.575662831415706,-0.048286133599311776,-0.0051801167519367804,-0.06064227030340723,-0.0536064875893542
32.647573786893446,-0.04927826105578509,-0.0034203523966158484,-0.060150012086960594,-0.05431546426744249
32.719484742371186,-0.05016407607919,-0.001679170848682395,-0.059496158101524775,-0.054982723177265436
32.79139569784893,-0.050945311515382175,4.314993712301908e-5,-0.05868687342731906,-0.055609261701605024
32.86330665332666,-0.05162370021021728,0.00174633200605966,-0.057728323144562804,-0.05619607722324319
32.9352176088044,-0.05220097500955113,0.003430097403387309,-0.05662667233347503,-0.05674416712496206
33.00712856428214,-0.05267886875923935,0.005094168174365232,-0.0553880860742751,-0.057254528789543555
33.07903951975988,-0.05305911430513761,0.0067382663642528646,-0.054018729447182265,-0.05772815959976968
33.150950475237615,-0.05334344449310161,0.008362114018309483,-0.052524767532415945,-0.058166056938422396
33.22286143071536,-0.05353359216898711,0.009965433181795005,-0.05091236541019491,-0.058569218188283804
33.294772386193095,-0.05363129017864973,0.011547945899968244,-0.049187688160739026,-0.058938640732135755
33.366683341670836,-0.05363827136794521,0.013109374218089092,-0.047356900864267096,-0.059275321952760335
33.438594297148576,-0.053556268582729216,0.014649440181416848,-0.04542616860099849,-0.059580259232939525
33.51050525262632,-0.053387014668857445,0.016167865835210925,-0.04340165645115254,-0.0598544499554553
33.58241620810405,-0.05313224247218565,0.017664373224730648,-0.04128952949494856,-0.060098891503089655
33.65432716358179,-0.05279368483856943,0.019138684395235722,-0.039095952812605556,-0.06031458125862462
33.72623811905953,-0.05237307461386455,0.020590521391985448,-0.036827091484342864,-0.06050251660484217
33.79814907453727,-0.05187214464392667,0.022019606260239244,-0.03448911059037979,-0.0606636949245243
33.870060030015004,-0.05129262777461156,0.023425661045256452,-0.032088175210935765,-0.060799113600452974
33.94197098549275,-0.0506362568517747,0.024808407792296875,-0.029630450426229388,-0.06090977001541023
34.013881940970485,-0.049904764721272116,0.026167568546619432,-0.02712210131648088,-0.060996661552178054
34.085792896448226,-0.04909988422895921,0.027502865353483966,-0.024569292961908684,-0.06106078559353843
34.15770385192596,-0.04822334822069191,0.028814020258149657,-0.021978190442732665,-0.06110313952227337
34.229614807403706,-0.047276889542325604,0.030100755305876296,-0.019354958839171155,-0.06112472072116485
34.30152576288144,-0.04626224103971635,0.03136279254192284,-0.016705763231444598,-0.061126526572994874
34.37343671835918,-0.04518113555871958,0.03259985401154909,-0.01403676869977133,-0.06110955446054541
34.44534767383691,-0.044035305945191214,0.03381166176001426,-0.011354140324371209,-0.061074801766598505
34.51725862931466,-0.04282648504498651,0.03499793783257813,-0.008664043185462628,-0.06102326587393612
34.589169584792394,-0.04155640570396177,0.036158404274499664,-0.005972642363265973,-0.06095594416534027
34.661080540270135,-0.04022680076797222,0.03729278313103865,-0.003286102937999663,-0.06087383402359292
34.732991495747875,-0.03883940308287373,0.03840079644745441,-0.0006105899898831424,-0.06077793283147608
34.804902451225615,-0.03739594549452199,0.039482166269006386,0.0020477314008641445,-0.060669237971771754
34.87681340670335,-0.035898160848772814,0.04053661464095389,0.0046826961540229195,-0.06054874682726192
34.94872436218109,-0.03434778199148161,0.041563863608556614,0.007288139189374265,-0.06041745678072858
35.02063531765883,-0.03274654176850422,0.04256363521707385,0.009857895426698848,-0.06027636521495375
35.09254627313657,-0.031096173025696394,0.04353565151176505,0.01238579978577728,-0.06012646951271937
35.1644572286143,-0.029398408608913934,0.04447963453788957,0.014865687186390086,-0.05996876705680752
35.23636818409205,-0.027654981364012038,0.0453953063407071,0.017291392548318713,-0.05980425523000012
35.308279139569784,-0.025867624136847095,0.046282388965476734,0.01965675079134313,-0.059633931415079194
35.380190095047524,-0.024038069773274245,0.04714060445745817,0.02195559683524459,-0.059458792994826704
35.45210105052526,-0.0221680511191496,0.04796967486191065,0.02418176559980345,-0.0592798373520247
35.524012006003005,-0.020259301020328274,0.04876932222409393,0.026329092004801158,-0.059098061869455154
35.59592296148074,-0.018313552322666682,0.04953926858926703,0.028391410970017572,-0.05891446392990009
35.66783391695848,-0.016332537872020048,0.0502792360026897,0.030362557415234193,-0.05873004091614144
35.73974487243622,-0.014317990514244094,0.05098894650962126,0.0322363662602313,-0.05854579021096121
35.81165582791396,-0.012271643095194684,0.05166812215532117,0.03400667242478983,-0.05836270919714141
35.88356678339169,-0.010195228460727596,0.052316484985048796,0.0356673108286904,-0.05818179525746407
35.95547773886944,-0.008090479456697997,0.052933757044063744,0.03721211639171407,-0.05800404577471115
36.027388694347174,-0.005959128928962332,0.05351966037762525,0.03863492403364105,-0.05783045813166465
36.099299649824914,-0.003802909723375686,0.05407391703099289,0.03992956867425268,-0.057662029711106566
36.171210605302655,-0.0016235546857940597,0.05459624904942605,0.04108988523332935,-0.057499757895818904
36.24312156078039,0.000577203337926796,0.055086378478184116,0.04210970863065189,-0.05734464006858364
36.31503251625813,0.0027976315019315467,0.05554402736252665,0.042982873786001075,-0.05719767361218274
36.38694347173586,0.005035996960363942,0.055968917747712996,0.043703215619157576,-0.05705985590939827
36.45885442721361,0.00729056686736923,0.05636077167900268,0.04426456904990239,-0.05693218434301217
36.53076538269135,0.00955960837709069,0.05671931120165504,0.044660768998015965,-0.05681565629580647
36.60267633816908,0.011841388643672901,0.05704425836092954,0.044885650383279185,-0.05671126915056314
36.67458729364682,0.014134174821260503,0.057335335202085655,0.044933048125472774,-0.056620020290064174
36.74649824912456,0.016436234063997635,0.05759226377038278,0.044796797144377565,-0.05654290709709159
36.8184092046023,0.01874583352602832,0.05781476611108035,0.04447073235977417,-0.056480926954427385
36.89032016008004,0.02106124036149737,0.05800256426943787,0.04394868869144347,-0.056435077244853527
36.962231115557785,0.02338072172454908,0.05815538029071472,0.043224501059165976,-0.05640635535115203
37.03414207103552,0.025702544769326985,0.058272936220170324,0.0422920043827229,-0.056395758656104855
37.10605302651326,0.02802497664997622,0.05835495410306418,0.041145033581894475,-0.05640428454249405
37.177963981991,0.0303462845206407,0.05840115598465567,0.03977742357646169,-0.056432930393101544
37.24987493746873,0.03266473553546467,0.05841126391020428,0.038183009286205494,-0.05648269359070941
37.32178589294647,0.03497859684859278,0.058384999924969386,0.03635562563090622,-0.0565545715180996
37.393696848424206,0.037286135614168936,0.058322086074210466,0.034289107530345087,-0.056649561558054104
37.46560780390195,0.039585618986338,0.058222244403186935,0.03197728990430204,-0.05676866109335495
37.537518759379694,0.04184524611402665,0.05809136072645495,0.029454795054867776,-0.056908568542302175
37.60942971485743,0.04390049054485647,0.05796315283877772,0.026942318658066844,-0.05704624241726293
37.68134067033517,0.04573130539502787,0.05784265219490005,0.02447356820923285,-0.057178158825464294
37.75325162581291,0.047343184764742,0.05772971612870527,0.022048200412199716,-0.05730437017385643
37.82516258129064,0.04874162275420012,0.057624201974076666,0.019665871970801368,-0.05742492886938949
37.89707353676838,0.04993211346360388,0.05752596706489754,0.017326239588871004,-0.05753988731901366
37.96898449224613,0.050920150993154605,0.0574348687350512,0.015028959970242329,-0.057649297929679114
38.04089544772386,0.05171122944305342,0.05735076431842097,0.012773689818749694,-0.057753213108335984
38.1128064032016,0.05231084291350195,0.057273511148890136,0.010560085838226105,-0.05785168526193447
38.184717358679336,0.05272448550470149,0.057202966560341996,0.008387804732505687,-0.05794476679742471
38.256628314157076,0.052957651316853475,0.05713898788665985,0.0062565032054216815,-0.05803251012175691
38.32853926963482,0.053015834450159255,0.05708143246172701,0.004165837960807999,-0.058114967641881204
38.40045022511255,0.052904529004820205,0.05703015761942679,0.0021154657024985146,-0.058192191764747776
38.4723611805903,0.052629229081037676,0.05698502069364248,0.0001050431343263018,-0.05826423489730679
38.54427213606804,0.052195428779013106,0.056945879018257387,-0.0018657730398743376,-0.05833114944650842
38.61618309154577,0.05160862219894789,0.05691258992715481,-0.0037973261162697553,-0.058392987819302807
38.68809404702351,0.050874303441043336,0.056885010754218056,-0.005689959391026631,-0.05844980242264014
38.76000500250125,0.04999796660550086,0.05686299883333043,-0.007544016160311109,-0.058501645663470596
38.831915957978985,0.04898510579252194,0.056846411498375236,-0.009359839720289316,-0.058548569948744314
38.903826913456726,0.04784121510230775,0.05683510608323578,-0.01113777336712794,-0.058590627685411484
38.97573786893447,0.046571788635059674,0.05682893992179536,-0.012878160396993282,-0.05862787128042227
39.04764882441221,0.04518232049097946,0.056827770347937276,-0.014581344106051157,-0.058660353140726824
39.11955977988995,0.043678304770268093,0.056831454695544834,-0.016247667790468375,-0.058688125673275325
39.19147073536768,0.04206523557312723,0.056839850298501346,-0.01787747474641095,-0.05871124128501795
39.26338169084542,0.04034860699975799,0.05685281449069011,-0.019471108270045508,-0.05872975238290484
39.33529264632316,0.03853391315036188,0.05687020460599442,-0.02102891165753821,-0.0587437113738862
39.407203601800894,0.03662664812514045,0.05689187797829759,-0.022551228205055226,-0.058753170664912154
39.47911455727864,0.03463230602429454,0.056917691941482926,-0.024038401208763313,-0.0587581826629329
39.55102551275638,0.032556380948026084,0.05694750382943373,-0.025490773964828354,-0.0587587997748986
39.622936468234116,0.030404366996536508,0.056981170976033294,-0.026908689769416655,-0.058755074407759414
39.694847423711856,0.028181758270026752,0.057018550715164935,-0.028292491918694852,-0.05874705896846551
39.766758379189596,0.025894048868698435,0.05705950038071195,-0.0296425237088291,-0.05873480586396706
39.83866933466733,0.023546732892753122,0.05710387730655764,-0.030959128435985587,-0.05871836750121422
39.91058029014508,0.021145304442391516,0.057151538826585316,-0.03224264939633102,-0.058697796287157177
39.98249124562281,0.018695257617815958,0.05720234227467827,-0.033493429886031205,-0.05867314462874608
40.05440220110055,0.016202086519227124,0.05725614498471983,-0.034711813201252856,-0.05864446493293111
40.12631315657829,0.013671285246826578,0.05731280429059327,-0.03589814263816214,-0.05861180960666242
40.198224112056025,0.01110834790081601,0.0573721775261819,-0.03705276149292529,-0.05857523105689019
40.270135067533765,0.00851876858139633,0.05743412202536904,-0.03817601306170883,-0.058534781690564586
40.342046023011505,0.0059080413887690475,0.057498495122037974,-0.03926824064067896,-0.05849051391463577
40.41395697848924,0.0032816604231358792,0.05756515415007202,-0.04032978752600192,-0.05844248013605391
40.485867933966986,0.0006451197846974455,0.057633956443354485,-0.04136099701384432,-0.05839073276176916
40.55777888944473,-0.001996086426344107,0.05770475933576865,-0.042362212400372176,-0.058335324198731726
40.62968984492246,-0.004636464109787408,0.05777742016119783,-0.043333776981751816,-0.05827630685389174
40.7016008004002,-0.007270519165431616,0.05785179625352534,-0.04427603405414973,-0.05821373313419938
40.773511755877934,-0.009892757493074777,0.057927744946634455,-0.045189326913732085,-0.058147655446604815
40.845422711355674,-0.012497684992516078,0.05800512357440852,-0.046073998856665355,-0.058078126198058216
40.91733366683342,-0.015079807563554093,0.05808378947073081,-0.04693039317911586,-0.05800519779550972
40.989244622311155,-0.017633631105986702,0.05816359996948462,-0.04775885317724967,-0.05792892264590954
41.061155577788895,-0.02015366151961326,0.058244412404553275,-0.048559722147233336,-0.05784935315620782
41.133066533266636,-0.022634404704232225,0.05832608410982007,-0.04933334338523312,-0.05776654173335472
41.20497748874437,-0.02507036655964187,0.05840847241916831,-0.050080060187415246,-0.057680540784300446
41.27688844422211,-0.0274560529856413,0.0584914346664813,-0.050800215849946206,-0.05759140271599511
41.34879939969985,-0.029785969882028945,0.058574828185642344,-0.05149415366899221,-0.05749917993538891
41.42071035517759,-0.03205462314860333,0.058658510310534734,-0.0521622169407196,-0.057403924849432006
41.49262131065533,-0.034256518685163245,0.05874233837504179,-0.05280474896129468,-0.057305689865074574
41.56453226613307,-0.03638616239150713,0.0588261697130468,-0.053422093026883784,-0.05720452738926678
41.636443221610804,-0.038438060167433535,0.05890986165843308,-0.05401459243365316,-0.05710048982895878
41.708354177088545,-0.04040671791274145,0.05899327154508393,-0.05458259047776921,-0.05699362959110074
41.78026513256628,-0.04228664152722894,0.059076256706882636,-0.05512643045539824,-0.05688399908264286
41.85217608804402,-0.04407233691069526,0.05915867447771253,-0.05564645566270658,-0.05677165071053526
41.924087043521766,-0.04575830996293889,0.059240382191456914,-0.056143009395860574,-0.056656636881728124
41.9959979989995,-0.04733906658375789,0.059321237181999054,-0.05661643495102642,-0.056539010003171644
42.06790895447724,-0.048809112672951516,0.05940109678322231,-0.05706707562437055,-0.05641882248181597
42.13981990995498,-0.05016295413031799,0.059479818329009934,-0.05749527471205926,-0.05629612672461125
42.21173086543271,-0.0513950968556561,0.059557259153245244,-0.057901375510258785,-0.05617097513850768
42.283641820910454,-0.05250004674876449,0.05963327658981156,-0.05828572131513558,-0.05604342013045541
42.3555527763882,-0.053472309709441807,0.05970772797259219,-0.05864865542285591,-0.05591351410740461
42.427463731865934,-0.05430639163748646,0.0597804706354704,-0.05899052112958601,-0.05578130947630547
42.499374687343675,-0.054996798432697336,0.05985136191232952,-0.059311661731492285,-0.055646858644108114
42.57128564282141,-0.055538035994872725,0.05992025913705285,-0.05961242052474103,-0.05551021401776275
42.64319659829915,-0.05592461022381162,0.0599870196435237,-0.05989314080549858,-0.055371428004219535
42.71510755377689,-0.056151027019312405,0.06005150076562536,-0.06015416586993126,-0.05523055301042861
42.78701850925462,-0.056211792281173734,0.06011355983724114,-0.06039583901420535,-0.05508764144334018
42.85892946473236,-0.05610141190919432,0.06017305419225435,-0.060618503534487195,-0.05494274570990437
42.93084042021011,-0.05581439180317255,0.0602298411645483,-0.060822502726943145,-0.05479591821707137
43.00275137568784,-0.05534523786290735,0.06028377808800625,-0.06100817988773945,-0.05464721137179139
43.074662331165584,-0.05468845598819716,0.06033472229651155,-0.061175878313042456,-0.05449667758101452
43.146573286643324,-0.053838552078840585,0.060382531123947494,-0.0613259412990185,-0.05434436925169096
43.21848424212106,-0.05279003203463639,0.06042706190419736,-0.061458712141833835,-0.05419033879077091
43.2903951975988,-0.05153740175538307,0.060468171971144485,-0.061574534137654874,-0.054034638605204494
43.362306153076545,-0.05007516714087895,0.06050571865867215,-0.0616737505826479,-0.05387732110194187
43.43421710855428,-0.04839783409092335,0.06053955930066367,-0.06175670477297923,-0.05371843868793326
43.50612806403202,-0.046499908505314325,0.06056955123100234,-0.061823740004815136,-0.05355804377012878
43.57803901950975,-0.04437589628385086,0.06059555178357146,-0.06187519957432201,-0.05339618875547865
43.64994997498749,-0.042020303326331276,0.060617418292254366,-0.06191142677766612,-0.05323292605093298
43.72186093046523,-0.039427635532554184,0.06063500809093432,-0.06193276491101379,-0.053068308063441955
43.79377188594297,-0.03664755684857463,0.06064910793840263,-0.06194202555566604,-0.052887923115663094
43.86568284142071,-0.03389653133386266,0.06066333423113277,-0.061949253122842704,-0.05263497053541407
43.937593796898454,-0.031196763025772758,0.060678053994708284,-0.06195550766241955,-0.05230529171248937
44.00950475237619,-0.028547789461412253,0.06069325344468434,-0.06196082122471351,-0.05190075180196463
44.08141570785393,-0.025949148177886877,0.060708918796616135,-0.06196522586004156,-0.051423215958915254
44.15332666333167,-0.023400376712303432,0.06072503626605887,-0.06196875361872063,-0.05087454933841681
44.2252376188094,-0.020901012601768684,0.06074159206856774,-0.06197143655106769,-0.050256617095544874
44.29714857428714,-0.01845059338338867,0.06075857241969791,-0.06197330670739969,-0.04957128438537485
44.369059529764876,-0.016048656594270405,0.06077596353500459,-0.06197439613803358,-0.04882041636298241
44.44097048524262,-0.013694739771519714,0.06079375163004297,-0.061974736893286315,-0.04800587818344283
44.51288144072036,-0.011388380452243827,0.06081192292036824,-0.06197436102347485,-0.04712953500183187
44.5847923961981,-0.009129116173549267,0.060830463621535574,-0.06197330057891614,-0.04619325197322506
44.65670335167584,-0.006916484472542101,0.060849359949100186,-0.06197158760992713,-0.04519889425269776
44.72861430715358,-0.004750022886329095,0.06086859811861726,-0.06196925416682478,-0.04414832699532556
44.80052526263131,-0.002629268952016991,0.060888164345641975,-0.06196633229992604,-0.04304341535618411
44.87243621810906,-0.000553760206711682,0.06090804484572954,-0.06196285405954787,-0.04188602449034859
44.9443471735868,0.0014769658124796654,0.060928225834435135,-0.061958851496007224,-0.04067801955289485
45.01625812906453,0.003463371568450551,0.06094869352731395,-0.06195435665962105,-0.03942126569889845
45.08816908454227,0.005405919524094825,0.060969434139921175,-0.06194940160070629,-0.03811762808343464
45.160080040020006,0.007305072142305587,0.06099043388781201,-0.061944018369579926,-0.036768971861579215
45.231990995497746,0.00916129188597667,0.06101167898654163,-0.061938239016558885,-0.03537716218840743
45.30390195097549,0.010975041218001367,0.06103315565166525,-0.06193209559196013,-0.03394406421899493
45.37581290645322,0.012746782601272962,0.061054850098738025,-0.061925620146100625,-0.03247154310841739
45.44772386193097,0.014476978498685462,0.06107674854331518,-0.061918844729297304,-0.03096146401174989
45.51963481740871,0.016166091373131814,0.0610988372009519,-0.06191180139186713,-0.02941569208406841
45.59154577288644,0.017814583687505478,0.06112110228720335,-0.061904522184127064,-0.027836092480448448
45.66345672836418,0.019422917904700288,0.06114353001762474,-0.06189703915639405,-0.02622453035596525
45.73536768384192,0.020991556487609527,0.06116610660777126,-0.06188938435898504,-0.024582870865694467
45.807278639319655,0.022520961899126526,0.0611888182731981,-0.06188158984221699,-0.02291297916471181
45.8791895947974,0.024011596602145198,0.06121165122946046,-0.06187368765640686,-0.021216720408092287
45.95110055027514,0.025463923059558552,0.06123459169211351,-0.06186570985187159,-0.019495959750911934
46.023011505752876,0.0268784037342601,0.061257625876712456,-0.061857688478928155,-0.017752562348246258
46.09492246123062,0.028255501089143577,0.061280739998812485,-0.06184965558789348,-0.01598839335517046
46.16683341670835,0.02959567758710218,0.06130392027396878,-0.061841643229084545,-0.014205317926760393
46.23874437218609,0.03089939569102964,0.06132715291773655,-0.06183368345281828,-0.012405201218091237
46.31065532766383,0.03216711786381931,0.06135042414567096,-0.06182580830941166,-0.010589908384238692
46.38256628314157,0.03339930656836465,0.06137372017332723,-0.06181804984918163,-0.008761304580278281
46.45447723861931,0.03459642426755915,0.06139702721626053,-0.06181044012244513,-0.006921254961285511
46.52638819409705,0.03575893342429623,0.061420331490026056,-0.061803011179519134,-0.0050716246823359346
46.598299149574785,0.03688729650146929,0.06144361921017899,-0.06179579507072059,-0.0032142788985052295
46.670210105052526,0.03798197596197205,0.06146687659227454,-0.06178882384636644,-0.0013510827648685678
46.742121060530266,0.0390434342686978,0.06149008985186789,-0.06178212955677365,0.0005160985634983656
46.814032016008,0.04007213388453999,0.061513245204514226,-0.06177574425225917,0.002385399931519823
46.88594297148575,0.04106853727239231,0.06153632886576874,-0.061769699983139956,0.0042549561841208755
46.95785392696348,0.04203310689514787,0.06155932705118662,-0.06176402879973296,0.006122902166225241
47.02976488244122,0.04296630521570044,0.06158222597632307,-0.061758762752355124,0.007987372722757978
47.10167583791896,0.04386859469694344,0.061605011856733276,-0.061753933891323415,0.009846502698643317
47.173586793396694,0.044740437801770144,0.061627670907972415,-0.061749574266954786,0.011698426938805621
47.245497748874435,0.04558229699307431,0.061650189345595685,-0.06174571592956619,0.013541280288169713
47.317408704352175,0.04639463473374923,0.061672553385158285,-0.06174239092947457,0.015373197591659872
47.389319659829916,0.04717791348668842,0.0616947492422154,-0.06173963131699689,0.017192313694200566
47.461230615307656,0.04793259571478537,0.06171676313232222,-0.0617374691424501,0.018996763440716317
47.533141570785396,0.048659143880933516,0.061738581271033925,-0.06173593645615115,0.020784681676131546
47.60505252626313,0.04935802044802627,0.061760189873905726,-0.061735065308417006,0.02255420324537062
47.67696348174087,0.050029687878957244,0.061781575156492796,-0.06173488774956461,0.024303462993358296
47.74887443721861,0.05067460863661981,0.06180272333435035,-0.06173543582991091,0.02603059576501894
47.820785392696344,0.051293245183907446,0.06182362062303355,-0.061736741599772875,0.027733736405276828
47.89269634817409,0.05188605998371375,0.0618442532380976,-0.061738837109467454,0.02941101975905691
47.964607303651825,0.052453515498931944,0.061864607395097686,-0.061741754409311594,0.03106058067128306
48.036518259129565,0.05299607419245572,0.06188466930958902,-0.06174552554962225,0.03268055398688022
48.108429214607305,0.053514198527178466,0.06190442519712676,-0.061750182580716385,0.03426907455077271
48.18034017008504,0.054008350965993615,0.06192386127326611,-0.06175575755291094,0.03582427720788487
48.25225112556278,0.05447899397179473,0.061942963753562265,-0.061762282516522875,0.03734429680314143
48.32416208104053,0.05492659000747527,0.06196171885357042,-0.06176978952186914,0.0388272681814669
48.39607303651826,0.05535160153592858,0.06198011278884575,-0.06177831061926669,0.04027132618778533
48.467983991996,0.05575449102004826,0.061998131774943455,-0.06178787785903248,0.04167460566702162
48.53989494747374,0.056135720922727714,0.06201576202741873,-0.06179852329148346,0.04303524146410008
48.611805902951474,0.05649575370686044,0.06203298976182676,-0.0618102789669366,0.044351368423945076
48.683716858429214,0.05683505183533992,0.06204980119372274,-0.06182317693570882,0.04562112139148137
48.75562781390695,0.0571540777710596,0.06206618253866185,-0.061837249248117114,0.046842635211633156
48.82753876938469,0.057453293976913,0.06208212001219929,-0.06185252795447839,0.048014044729325175
48.899449724862436,0.05773316291579356,0.06209759982989025,-0.06186904510510965,0.04913348478948185
48.97136068034017,0.05799414705059469,0.062112608207289914,-0.0618868327503278,0.05019909023702739
49.04327163581791,0.058236708844209936,0.062127131359953486,-0.06190592294044983,0.05120899591688656
49.11518259129565,0.058461310759532786,0.062141155503436143,-0.061926347725792676,0.05216133667398373
49.18709354677338,0.05866841525945661,0.062154666853293086,-0.0619481391566733,0.05305424735324332
49.25900450225112,0.05885848480687497,0.06216765162507949,-0.06197132928340864,0.05388586279958995
49.33091545772887,0.05903198186468135,0.062180096034350575,-0.06199595015631568,0.054654317857948095
49.402826413206604,0.05918936889576912,0.0621919862966615,-0.06202203382571133,0.05535774737324202
49.474737368684345,0.05933110836303182,0.06220330862756747,-0.06204961234191259,0.0559942861903964
49.54664832416208,0.05945766272936295,0.06221404924262368,-0.06207871775523637,0.05656206915433561
49.61855927963982,0.059569494457655914,0.062224194357385305,-0.062109382115999666,0.05705923110998421
49.69047023511756,0.05966706601080421,0.062233730187407556,-0.06214163747451939,0.057483906902266665
49.76238119059529,0.05975083985170132,0.062242642948245615,-0.06217551588111253,0.05783423137610738
49.83429214607304,0.0598212784432407,0.06225091885545466,-0.062211049386096014,0.05810833937643093
49.90620310155078,0.059878844248315855,0.0622585441245899,-0.062248270039786814,0.05830436574816171
49.97811405702851,0.05992399972982018,0.062265504971206524,-0.06228720989250187,0.05842044533622422
50.050025012506254,0.059955880495276795,0.06227183530577229,-0.06232585168711786,0.05847511298060744
50.121935967983994,0.05997105800906532,0.062277673903276744,-0.06235789587675424,0.058527352360927924
50.19384692346173,0.05996976505512768,0.062283041316549284,-0.06238235818298196,0.05858093739745045
50.26575787893947,0.059952488766675305,0.062287949364579036,-0.06239863679207344,0.058635764519100665
50.337668834417215,0.059919716276919596,0.06229240986635513,-0.06240612989030111,0.0586917301548042
50.40957978989495,0.05987193471907196,0.062296434640866705,-0.06240423566393736,0.05874873073348667
50.48149074537269,0.05980963122634381,0.06230003550710289,-0.06239235229925462,0.05880666268407374
50.55340170085042,0.05973329293194655,0.0623032242840528,-0.062369877982525315,0.058865422435491005
50.62531265632816,0.05964340696909159,0.06230601279070558,-0.062336210900021845,0.05892490641666412
50.6972236118059,0.05954046047099031,0.062308412846050355,-0.062290749238016634,0.05898501105651871
50.769134567283636,0.05942494057085417,0.06231043626907625,-0.062232891182782094,0.05904563278398041
50.841045522761384,0.059297334401894525,0.06231209487877241,-0.06216203492059063,0.05910666802797485
50.912956478239124,0.05915812909732282,0.06231340049412795,-0.06207757863771468,0.05916801321742767
50.98486743371686,0.05900781179035045,0.06231436493413201,-0.06197892052042667,0.05922956478126448
51.0567783891946,0.05884686961418882,0.06231500001777373,-0.06186545875499898,0.05929121914841094
51.12868934467234,0.05867578970204933,0.06231531756404221,-0.06173659152770404,0.059352872747792676
51.20060030015007,0.05849505918714342,0.06231532939192661,-0.06159171702481427,0.0594144220083353
51.27251125562781,0.05830516520268246,0.062315047320416046,-0.06143023343260209,0.05947576335896447
51.34442221110555,0.05810659488187787,0.06231448316849965,-0.06125153893733991,0.05953679322860579
51.41633316658329,0.057899835357941055,0.06231364875516655,-0.061055031725300135,0.05959740804618493
51.48824412206103,0.05768537376408343,0.06231255589940588,-0.0608401099827552,0.05965750424062749
51.56015507753877,0.057463697233516416,0.062311216420206775,-0.06060617189597753,0.05971697824085911
51.63206603301651,0.05723529289945139,0.06230964213655836,-0.060352615651239505,0.05977572647580543
51.70397698849425,0.05700064789509977,0.062307844867449766,-0.06007883943481357,0.059833645374392085
51.77588794397198,0.05676024935367299,0.062305836431870126,-0.05978424143297215,0.059890631365544685
51.84779889944973,0.05651458440838239,0.06230362864880856,-0.059468219831987586,0.05994658087818889
51.91970985492747,0.05626414019243944,0.06230123333725421,-0.05913017281813238,0.060001390341250314
51.9916208104052,0.05600940383905556,0.062298662316196206,-0.05876949857767894,0.06005495618365459
52.06353176588294,0.05575086248144211,0.06229592740462367,-0.05838559529689964,0.06010717483432736
52.13544272136068,0.055489003252810504,0.062293040421525746,-0.05797786116206692,0.060157942722194255
52.207353676838416,0.05522431328637219,0.06229001318589154,-0.057545694359453226,0.060207156276180895
52.279264632316156,0.05495727971533852,0.06228685751671021,-0.0570884930753309,0.06025471192521292
52.3511755877939,0.05468838967292093,0.062283585232970874,-0.05660565549597241,0.060300506098215974
52.42308654327164,0.05441813029233082,0.062280208153662656,-0.05609657980765014,0.06034443522411567
52.49499749874938,0.054146988706779614,0.062276738097774696,-0.05556066419663654,0.060386395731837655
52.56690845422711,0.05387545204947873,0.062273186884296124,-0.05499730684920407,0.06042628405030755
52.63881940970485,0.053604007453639524,0.062269566332216066,-0.05440590595162502,0.060463996608451
52.71073036518259,0.053333142052473435,0.06226588826052366,-0.05378585969017188,0.06049942983519361
52.782641320660325,0.0530633429791919,0.06226216448820802,-0.05313656625111714,0.06053248015946105
52.85455227613807,0.052795097367006244,0.06225840683425829,-0.052457423820732985,0.060563044010178924
52.92646323161581,0.05252889234912794,0.062254627117663615,-0.05174783058529205,0.06059101781627288
52.998374187093546,0.052265215058768424,0.06225083715741309,-0.05100718473106675,0.06061629800666853
53.07028514257129,0.052004552629139035,0.062247048772495865,-0.05023488444432938,0.060638781010291534
53.14219609804902,0.05174739219345122,0.062243273781901066,-0.04943032791135248,0.06065836325606751
53.21410705352676,0.051494220884916356,0.06223952400461783,-0.04859291331840833,0.060674941172922076
53.28601800900451,0.051245525836745846,0.06223581125963528,-0.047722038851769316,0.0606884111897809
53.35792896448224,0.05100179418215117,0.06223214736594255,-0.046817102697708106,0.060698669735569574
53.42983991995998,0.05076351305434366,0.06222854414252877,-0.045877503042496895,0.060705613239213765
53.50175087543772,0.05053116958653475,0.06222501340838307,-0.04490263807240816,0.06070913812963908
53.573661830915455,0.05030525091193587,0.062221566982494585,-0.043891905973714423,0.06070914083577116
53.645572786393195,0.05008624416375837,0.06221821668385244,-0.042844704932687896,0.06070551778653564
53.717483741870936,0.04987463647521371,0.062214974331445766,-0.0417604331356011,0.06069816541085816
53.78939469734867,0.04967091497951328,0.06221185174426369,-0.04063848876872655,0.06068698013766433
53.86130565282642,0.04947556680986846,0.06220886074129535,-0.03947827001833633,0.0606718583958798
53.93321660830415,0.04928907909949072,0.06220601314152987,-0.03827917507070333,0.0606526966144302
54.00512756378189,0.04911193898159142,0.062203320763956384,-0.037040602112099606,0.060629391222241154
54.07703851925963,0.048944633589381975,0.06220079542756403,-0.0357619493287977,0.060601838648238295
54.148949474737364,0.048787650056073814,0.062198448951341925,-0.034442614907070124,0.06056993532134727
54.220860430215104,0.04864147551487832,0.0621962931542792,-0.033081997033189064,0.06053357767049369
54.29277138569285,0.048506597099006885,0.06219433985536499,-0.031679493893426926,0.060492662124603205
54.364682341170585,0.04838350194167097,0.06219260087358842,-0.030234503674056543,0.06044708511260145
54.436593296648326,0.048272677176081934,0.06219108802793863,-0.028746424561349904,0.060396743063414034
54.508504252126066,0.04817460993545121,0.062189813137404744,-0.027214654741579566,0.0603415324059666
54.5804152076038,0.0480897873529902,0.062188788020975896,-0.025638592401018095,0.06028134956918479
54.65232616308154,0.048018696561910316,0.062188024497641214,-0.024017635725937618,0.06021609098199423
54.72423711855928,0.04796182469542295,0.062187534386389826,-0.022351182902610692,0.06014565307332055
54.79614807403702,0.047919658886739526,0.062187329506210864,-0.020638632117309735,0.060069932272089385
54.86805902951476,0.04789268626907144,0.062187421676093466,-0.018879381556307154,0.05998882500722636
54.939969984992494,0.047881393975630106,0.06218782271502675,-0.017072829405875546,0.05990222770765712
55.011880940470235,0.04788626913962694,0.06218854444199985,-0.015218373852286991,0.05981003680230729
55.083791895947975,0.047907798894273323,0.062189598676001906,-0.01331541308181406,0.0597121487201025
55.15570285142571,0.047946470372780686,0.06219099723602203,-0.011363345280729367,0.05960845988996839
55.22761380690345,0.04800277070836044,0.06219275194104939,-0.009361568635304948,0.05949886674083058
55.299524762381196,0.04807718703422397,0.062194874610073066,-0.0073094813318132085,0.059383265701614694
55.37143571785893,0.048170206483582695,0.06219737706208222,-0.0052064815565271705,0.05926155320124642
55.44334667333667,0.04828231618964803,0.062200271116065964,-0.0030519674957186563,0.05913362566865132
55.51525762881441,0.04841400328563139,0.06220356859101345,-0.0008453373356602373,0.05899937953275506
55.587168584292144,0.04856575490474414,0.06220728130591379,0.0014140107373753902,0.05885871122248328
55.659079539769884,0.04873805818019773,0.06221142107975612,0.003726678537116307,0.05871151716676159
55.73099049524762,0.04893140024520354,0.062215999731529574,0.006093267877289574,0.05855769379451565
55.802901450725365,0.04914626823297302,0.062221029080223283,0.008514380571623556,0.05839713753467104
55.874812406203105,0.04938314927671756,0.06222652094482638,0.010990618433845065,0.05822974481615345
55.94672336168084,0.049642530509648494,0.062232487144327976,0.013522583277681743,0.0580554120678885
56.01863431715858,0.049924899064977345,0.06223893949771722,0.016110876916861597,0.057874035718801786
56.09054527263632,0.050230742075915456,0.06224588982398324,0.01875610116511199,0.057685512197818985
56.16245622811405,0.050560546675674216,0.06225334994211516,0.021458857836160264,0.057489737933865706
56.23436718359179,0.05091479999746509,0.06226133167110212,0.02421974874373449,0.05728660935586759
56.30627813906954,0.05127523318614858,0.062269213071496944,0.026985698251800562,0.05706775096129241
56.378189094547274,0.0516011540774566,0.0622753159358053,0.029640464945331117,0.05681557129007893
56.450100050025014,0.05189134762714585,0.06227903521752303,0.032181665822701835,0.05653047747535267
56.522011005502755,0.05214604398819234,0.06227981026217465,0.03461106884598171,0.056213524038264885
56.59392196098049,0.05236547331357208,0.06227708041528465,0.03693044197723972,0.05586576549996683
56.66583291645823,0.05254986575626115,0.062270285022377546,0.039141553178545584,0.055488256381609646
56.73774387193596,0.052699451469235555,0.06225886342897782,0.041246170411968076,0.055082051204344624
56.80965482741371,0.05281446060547137,0.062242254980609986,0.04324606163957705,0.054648204489322866
56.88156578289145,0.052895123317944576,0.06221989902279854,0.04514299482344115,0.0541877707576957
56.95347673836918,0.052941669759631244,0.062191234901067996,0.046938737925629616,0.05370180453061436
57.02538769384692,0.052954330083507396,0.06215570196094283,0.04863505890821204,0.053191360329229956
57.097298649324664,0.052933334442549086,0.06211273954794756,0.05023372573325749,0.05265749267469376
57.1692096048024,0.052878912989732345,0.0620617870076067,0.05173650636283503,0.052101256088157036
57.24112056028014,0.05279129587803319,0.06200228368544472,0.05314516875901422,0.051523705090770894
57.313031515757885,0.05267071326042766,0.06193366892698613,0.05446148088386425,0.05092589420368655
57.38494247123562,0.05251739528989182,0.06185538207775545,0.05568721069945399,0.0503088779480554
57.45685342671336,0.052331572119401676,0.061766862483277174,0.05682412616785304,0.04967371084502847
57.52876438219109,0.0521134739019333,0.061667549489075796,0.057873995251130406,0.049021447415757105
57.60067533766883,0.05186333079046269,0.06155688244067581,0.058838585911355545,0.048353142181392396
57.67258629314657,0.05158137293796588,0.06143430068360173,0.05971966611059758,0.04766984966308562
57.744497248624306,0.05126783049741896,0.06129924356337807,0.06051900381092566,0.04697262438198807
57.81640820410205,0.05092293362179786,0.06115115042552928,0.06123836697440925,0.04626252085925075
57.888319159579794,0.05054691246407872,0.06098946061557991,0.061879523563117364,0.045540593616025075
57.96023011505753,0.05013999717723758,0.06081361347905447,0.06244424153911926,0.04480789717346227
58.03214107053527,0.04970241791425039,0.060623048361477416,0.06293428886448427,0.04406548605271342
58.10405202601301,0.04923440482809324,0.06041720460837327,0.06335143350128158,0.043314414774929796
58.17596298149074,0.04873618807174221,0.06019552156526656,0.0636974434115804,0.042555737861262696
58.24787393696849,0.04820799779817317,0.05995743857768172,0.06397408655745004,0.041790509832863115
58.31978489244622,0.04765006416036239,0.05970239499114333,0.06418313090095966,0.041019785210882564
58.39169584792396,0.04706261731128573,0.05942983015117583,0.0643263444041785,0.04024461851647203
58.4636068034017,0.04644588740391928,0.05913918340330375,0.06440549502917586,0.03946606427078281
58.535517758879436,0.04580010459123914,0.058829894093051616,0.06442235073802091,0.03868517699496621
58.60742871435718,0.045125499026221226,0.05850140156594387,0.06437867949278289,0.03790301121017327
58.67933966983492,0.04442230086184163,0.05815314516750505,0.06427624925553106,0.03712062143755528
58.75125062531265,0.043690740251076485,0.05778456424325967,0.06411682798833467,0.036339062198263564
58.8231615807904,0.04293104734690156,0.05739509813873214,0.06390218365326285,0.03555938801344908
58.89507253626814,0.042143452302293154,0.056984186199447076,0.06363408421238496,0.034782653404263286
58.96698349174587,0.04132818527022728,0.05655126777092897,0.0633142976277702,0.0340099128918574
59.03889444722361,0.04048547640367985,0.056095782198702246,0.06294459186148778,0.03324222099738247
59.11080540270135,0.03961555585562695,0.055617168828291444,0.06252673487560693,0.03248063224198981
59.182716358179086,0.038718653779044696,0.05511486700522114,0.06206249463219696,0.031726201146830696
59.25462731365683,0.03779500032690889,0.054588316075015644,0.06155363909332694,0.030979982233056133
59.326538269134566,0.03684482565219592,0.05403695538319968,0.0610019362210663,0.030243030021817618
59.39844922461231,0.03586835990788153,0.05346022427529759,0.06040915397748414,0.029516399034266165
59.47036018009005,0.03486583324694186,0.052857562096833934,0.05977706032464972,0.02880114379155304
59.54227113556778,0.03383747582235305,0.05222840819333327,0.05910742322463235,0.02809831881482955
59.61418209104552,0.03278351778709093,0.051572201910319984,0.05840201063950119,0.027408978625246765
59.68609304652326,0.031704189294131636,0.05088838259331864,0.05766259053132544,0.026734177743955964
59.758004002001,0.030599720496451203,0.05017638958785371,0.05689093086217442,0.026074970692108373
59.82991495747874,0.029470341547025672,0.04943566223944973,0.05608879959411732,0.025432411990855212
59.90182591295648,0.02831628259883108,0.04866563989363118,0.05525796468922339,0.024807556161347676
59.973736868434216,0.027137773804843585,0.04786576189592265,0.054400194109561914,0.024201457724737068
60.045647823911956,0.025935045318038974,0.04703546759184847,0.053517255817202014,0.023615171202174462
60.11755877938969,0.02470832729139353,0.046174196326933335,0.05261091777421305,0.0230497511148112
60.18946973486743,0.02345784987788304,0.04528138744670154,0.05168294794266409,0.022506251983798388
60.26138069034518,0.022183843230483544,0.044356480296677624,0.050735114284624405,0.02198572833028725
60.33329164582291,0.02088653750217146,0.04339891422238632,0.04976918476216349,0.021489234675429146
60.40520260130065,0.019566162845922434,0.04240812856935186,0.04878692733735027,0.02101782554037514
60.47711355677839,0.01822294941471264,0.041383562683098854,0.04779010997225408,0.020572555446276508
60.549024512256125,0.01685712736151824,0.04032465590915191,0.04678050062894429,0.020154478914284502
60.620935467733865,0.015468926839314993,0.03923084759303529,0.04575986726948986,0.019764650465550246
60.692846423211606,0.014058578001079076,0.038101577080273626,0.044729977855960196,0.019404124621225018
60.764757378689346,0.01262631099978656,0.03693628371639143,0.04369260035042455,0.019073955902460027
60.836668334167086,0.01117235598841343,0.035734406846913175,0.042649502714952076,0.018775198830406483
60.90857928964483,0.009696943119935741,0.03449538581736336,0.04160245291161202,0.018508907926215602
60.98049024512256,0.00820030254732966,0.033218659973266645,0.04055321890247382,0.01827613771103863
61.0524012006003,0.006682664423570989,0.03190366866014725,0.039503568649606385,0.018077942706026733
61.124312156078034,0.005144258901635987,0.030549851223529947,0.03845527011507921,0.017915377432331164
61.196223111555774,0.0035853161345004436,0.02915664700893897,0.03741009126096134,0.017789496411103112
61.26813406703352,0.002006066275140342,0.027723495361898824,0.036369800049322,0.017701354163493804
61.340045022511255,0.0004067394765322474,0.026249835627934398,0.03533616444223067,0.01765200521065447
61.411955977988995,-0.0012124341083483287,0.024735107152569803,0.034310952401756356,0.01764250407373631
61.483866933466736,-0.0028512243265251813,0.023178749281329666,0.03329593188996838,0.017673905273890546
61.55577788894447,-0.004509401025022106,0.02158020135973865,0.032292870868936036,0.017747263332268386
61.62768884442221,-0.006186734050863368,0.01993890273332094,0.03130353730072835,0.017863632770021065
61.69959979989996,-0.007882993251072959,0.018254292747601028,0.03032969914741465,0.018024068108299804
61.77151075537769,-0.009597948472674353,0.016525810748103928,0.02937312437106443,0.01822962386825578
61.84342171085543,-0.011331369562691984,0.014752896080353628,0.028435580933746568,0.018481354571040248
61.915332666333164,-0.013083026368149495,0.012934988089874984,0.02751883679753056,0.018780314737804376
61.987243621810904,-0.01485268873607122,0.011071526122192102,0.026624659924485372,0.01912755888969944
62.059154577288645,-0.016640126513480916,0.009161949522829706,0.025754818276680413,0.019524141547876628
62.13106553276638,-0.01844510954740236,0.007205697637312478,0.024911079816184983,0.01997111723348712
62.20297648824412,-0.02026740768485988,0.005202209811164531,0.024095212505068103,0.02046954046768222
62.274887443721866,-0.02210679077287747,0.00315092538991036,0.0233089843053991,0.021020465771613144
62.3467983991996,-0.023963028658478547,0.0010512837190750704,0.0225541631792473,0.021624947666430944
62.41870935467734,-0.02583589118868758,-0.0010972758558174533,0.021832517088681835,0.022284040673287018
62.49062031015508,-0.02772514821052839,-0.0032953139892425015,0.021145813995772006,0.022998799313332513
62.56253126563281,-0.029598945855949334,-0.005455537990220516,0.020506132295714644,0.023750577830868425
62.634442221110554,-0.031406528044533664,-0.007437966024586729,0.019930151492574738,0.02450724706410736
62.70635317658829,-0.03314829432097612,-0.009244604772989433,0.019416761076347044,0.025267329987778316
62.778264132066035,-0.03482535957748931,-0.010879447349221971,0.018964609707379784,0.026029786894573827
62.850175087543775,-0.03643883870628477,-0.012346486867076678,0.018572346046021457,0.026793578077185982
62.92208604302151,-0.03798984659957462,-0.013649716440346437,0.018238618752620415,0.027557663828307093
62.99399699849925,-0.039479498149571225,-0.014793129182824348,0.01796207648752494,0.02832100444062962
63.06590795397699,-0.04090890824848652,-0.01578071820830311,0.01774136791108344,0.029082560206845808
63.13781890945472,-0.04227919178853243,-0.016616476630575486,0.017575141683644283,0.029841291419647892
63.20972986493247,-0.04359146366192145,-0.01730439756343454,0.017462046465555787,0.03059615837172841
63.28164082041021,-0.04484683876086524,-0.017848474120672884,0.01740073091716636,0.031346121355779445
63.353551775887944,-0.0460464319775759,-0.0182526994160834,0.01738984369882434,0.032090140664493325
63.425462731365684,-0.04719135820426574,-0.01852106656345901,0.01742803347087809,0.0328271765905625
63.497373686843424,-0.048282732333146706,-0.018657568676592504,0.017513948893675968,0.03355618942667922
63.56928464232116,-0.04932166925643079,-0.01866619886927671,0.01764623862756633,0.034276139465535704
63.6411955977989,-0.05030928386633026,-0.0185509502553045,0.017823551332897557,0.03498598699982443
63.71310655327663,-0.051246691055057005,-0.018315815948468706,0.018044535670017965,0.03568469232223757
63.78501750875438,-0.05213500571482336,-0.017964789062562093,0.018307840299276002,0.03637121572546763
63.85692846423212,-0.05297534273784114,-0.01750186271137758,0.01861211388101995,0.03704451750220672
63.92883941970985,-0.05376881701632242,-0.016931030008708044,0.018956005075598158,0.03770355794514717
64.0007503751876,-0.05451654344247945,-0.016256284068346206,0.019338162543359044,0.038347297346981404
64.07266133066534,-0.05521963690852429,-0.015481618004084874,0.019757234944651,0.038974696000401744
64.14457228614307,-0.0558792123066688,-0.01461102492971713,0.020211870939822244,0.03958471419810033
64.21648324162081,-0.05649638452912521,-0.013648497959035673,0.02070071918922122,0.040176312232769566
64.28839419709855,-0.0570722684681057,-0.012598030205833118,0.02122242835319639,0.04074845039710191
64.36030515257629,-0.057607979015822125,-0.011463614783902724,0.021775647092095913,0.04130008898378944
64.43221610805404,-0.05810463106448675,-0.01024924480703688,0.022359024066268367,0.04183018828552468
64.50412706353177,-0.05856333950631149,-0.008958913389028905,0.02297120793606188,0.04233770859499974
64.5760380190095,-0.05898521923350851,-0.00759661364367141,0.023610847361824925,0.04282161020490704
64.64794897448725,-0.05937138513828992,-0.006166338684756911,0.024276591003906008,0.043280853407938975
64.71985992996498,-0.0597229521128677,-0.004672081626078878,0.024967087522653204,0.04371439849678768
64.79177088544272,-0.06004103504945395,-0.0031178355814297926,0.025680985578415028,0.04412120576414557
64.86368184092046,-0.060326748840260846,-0.0015075936646022081,0.02641693383153997,0.04450023550270502
64.9355927963982,-0.06058120837750031,0.00015465101061037934,0.027173580942376103,0.0448504480051582
65.00750375187594,-0.060805528553384565,0.0018649053304158336,0.027949575571272093,0.04517080356419755
65.07941470735368,-0.06100082426012555,0.003619176181020617,0.028743566378575988,0.045460262472515285
65.15132566283141,-0.06116821038993542,0.005413470448632218,0.02955420202463631,0.045717785022803756
65.22323661830916,-0.06130880183502625,0.007243795019458196,0.03038013116980157,0.04594233150775532
65.29514757378689,-0.06142371348761009,0.009106156779704958,0.03122000247441981,0.04613286222006221
65.36705852926463,-0.06151406023989901,0.010996562615580005,0.032072464598839556,0.04628833745241679
65.43896948474237,-0.06158095698410514,0.012911019413290939,0.03293616620340933,0.04640771749751139
65.5108804402201,-0.061625518612440484,0.01484553405904411,0.03380975594847716,0.04648996264803827
65.58279139569785,-0.06164886001711717,0.016796113439047466,0.03469188249439174,0.046534033196689785
65.65470235117559,-0.061652096090347226,0.01875876443950744,0.035581194501501115,0.04653888943615822
65.72661330665332,-0.061636341724342784,0.02072949394663151,0.03647634063015377,0.04650349165913591
65.79852426213107,-0.06160271181131586,0.022704308846627275,0.03737596954069829,0.04642680015831514
65.8704352176088,-0.06155232124347857,0.02467921602570111,0.03827872989348266,0.046307775226388265
65.94234617308655,-0.06148628491304297,0.026650222370060928,0.03918327034885558,0.04614537715604755
66.01425712856428,-0.06140571771222116,0.028613334765913156,0.04008823956716506,0.04593856623998537
66.08616808404203,-0.061311734533225165,0.030564560099465676,0.040992286208759846,0.04568630277089395
66.15807903951976,-0.06120545026826714,0.03249990525692492,0.04189405893398791,0.045387547041465706
66.2299899949975,-0.06108797980955909,0.034415377124498464,0.04279220640319783,0.0450412593443929
66.30190095047523,-0.060960438049313115,0.03630698258839335,0.04368537727673792,0.044646399972367856
66.37381190595298,-0.06082393987974129,0.03817072853481723,0.044572220214956736,0.044201929218082796
66.44572286143072,-0.06067960019305568,0.040002621849976855,0.04545138387820245,0.043706807374230106
66.51763381690846,-0.06052853388146838,0.04179866942007904,0.0463215169268233,0.04315999473350221
66.58954477238619,-0.06037185583719147,0.04355487813133124,0.047181268021167753,0.042560451588591314
66.66145572786394,-0.06021068095243698,0.0452672548699411,0.048029285821584375,0.04190713823218961
66.73336668334167,-0.06004612411941704,0.046931806522114955,0.04886421898842118,0.041199014956989674
66.8052776388194,-0.059879300230343685,0.04854453997406041,0.04968471618202672,0.040435042055683684
66.87718859429715,-0.05971132417742901,0.05010146211198488,0.05048942606274949,0.03961417982096379
66.94909954977489,-0.0595433108528851,0.051598579822094925,0.051276997290937515,0.03873538854552265
67.02101050525263,-0.05937637514892399,0.053031899990598236,0.052046078526939495,0.0377976285220522
67.09292146073037,-0.05921163195775783,0.05439742950370155,0.05279531843110349,0.03679986004324512
67.1648324162081,-0.05905019617159862,0.05569117524761216,0.05352336566377801,0.03574104340179357
67.23674337168585,-0.05889318268265843,0.05690914410853756,0.05422886888531151,0.03462013889038963
67.30865432716358,-0.058741706383149475,0.05804734297268446,0.054910476756052144,0.03343610680172604
67.38056528264131,-0.05859688216528365,0.059101778726260185,0.05556683793634836,0.032187907428494936
67.45247623811906,-0.05845982492127311,0.060068458255472135,0.05619660108654869,0.030874501063388307
67.5243871935968,-0.05833164954332991,0.06094338844652708,0.056798414867001205,0.029494847999099023
67.59629814907454,-0.05821347092366616,0.06172257618563248,0.05737092793805448,0.028047908528318857
67.66820910455228,-0.0581064039544939,0.06240202835899525,0.05791278896005672,0.02653264294374067
67.74012006003001,-0.05801156352802522,0.0629777518528227,0.05842264659335636,0.024948011538056508
67.81203101550776,-0.05793006453647222,0.06344575355332199,0.05889914949830184,0.023292974603958363
67.8839419709855,-0.05786302187204691,0.06380204034670034,0.059340946335241444,0.02156649243413883
67.95585292646324,-0.05781155042696144,0.06404261911916473,0.059746685764523445,0.019767525321290613
68.02776388194097,-0.05777676509342783,0.06416349675692243,0.0601150164464963,0.017895033558105664
68.0996748374187,-0.05775978076365819,0.06416068014618062,0.060444587041508374,0.0159479774372763
68.17158579289645,-0.05776171232986459,0.06403017617314644,0.06073404620990804,0.013925317251494443
68.24349674837418,-0.0577836746842591,0.063767991724027,0.060982042612043576,0.011826013293453203
68.31540770385192,-0.057826782719053754,0.06337013368502961,0.06118722490826343,0.009649025855844498
68.38731865932967,-0.05789215132646072,0.0628326089423612,0.06134824175891595,0.0073933152313601785
68.45922961480741,-0.057980895398692,0.062151424382229065,0.061463741824349466,0.0050578417126929814
68.53114057028515,-0.05809412982795967,0.061322586890840525,0.06153237376491233,0.0026415655925356857
68.60305152576288,-0.05823296950647583,0.06034210335440254,0.06155278624095292,0.0001434471635802098
68.67496248124063,-0.05839852932645259,0.059205980659122165,0.06152362791281961,-0.0024375532814816803
68.74687343671836,-0.05859192418010192,0.05791022569120691,0.061443547440860724,-0.005102475449956678
68.8187843921961,-0.058796219883687426,0.05654313022418775,0.061339147191886614,-0.007775288625551529
68.89069534767383,-0.05899056123461086,0.05521199384950692,0.06124286452792491,-0.01036591515811853
68.96260630315157,-0.059175082430648375,0.05391620761395399,0.0611544944742735,-0.012875431550175016
69.03451725862932,-0.059349954663733204,0.052654972899521764,0.06107377464372363,-0.015305073602430875
69.10642821410705,-0.05951534912579857,0.05142749108820296,0.06100044264906653,-0.017656077115596056
69.17833916958479,-0.059671437008777785,0.050232963561989835,0.060934236103093425,-0.01992967789038147
69.25025012506254,-0.05981838950460415,0.04907059170287466,0.060874892618595536,-0.02212711172749794
69.32216108054027,-0.059956377805210855,0.047939576892850395,0.060822149808364104,-0.02424961442765501
69.39407203601802,-0.06008557310253122,0.046839120513909094,0.06077574528519034,-0.02629842179156393
69.46598299149575,-0.06020614658849848,0.045768423948043695,0.0607354166618655,-0.028274769619934307
69.53789394697348,-0.060318269455045904,0.04472668857724649,0.06070090155118079,-0.030179893713476947
69.60980490245123,-0.0604221128941068,0.04371311578350976,0.06067193756592744,-0.032015029872902626
69.68171585792896,-0.06051784809761438,0.042726906948826436,0.06064826231889669,-0.033781413898921024
69.7536268134067,-0.06060564625750192,0.041767263455188795,0.06062961342287976,-0.03548028159224293
69.82553776888444,-0.06068567856570272,0.04083338668458916,0.060615728490667875,-0.037112868753579054
69.89744872436218,-0.060758116214150004,0.03992447801902041,0.06060634513505228,-0.03868041118363917
69.96935967983993,-0.06082313039477708,0.03903973884047468,0.06060120096882419,-0.040184144683134304
70.04127063531766,-0.06088089229951717,0.03817837053094483,0.06060003360477483,-0.04162530505277427
70.11318159079539,-0.06093157312030355,0.03733957447242317,0.060602580655695445,-0.0430051280932698
70.18509254627314,-0.06097534404906953,0.03652255204690205,0.06060857973437725,-0.04432484960533152
70.25700350175087,-0.06101237627774831,0.0357265046363743,0.06061776845361148,-0.045585705389669356
70.3289144572286,-0.061042840998273194,0.03495063362283225,0.060629884426189364,-0.04678893124699396
70.40082541270635,-0.061066909402577446,0.03419414038826826,0.06064466526490213,-0.04793576297801597
70.4727363681841,-0.06108475268259432,0.033456226314674986,0.060661848582541006,-0.04902743638344555
70.54464732366183,-0.06109654203025709,0.032736092784045066,0.06068117199189722,-0.05006518726399291
70.61655827913957,-0.061102448637499016,0.03203294117837085,0.060702373105762,-0.05105025142036869
70.6884692346173,-0.06110264369625337,0.03134597287964486,0.06072518953692657,-0.05198386465328329
70.76038019009505,-0.06109729839845342,0.030674389269859437,0.06074935889818218,-0.05286726276344729
70.83229114557278,-0.06108658393603243,0.03001739173100737,0.06077461880232003,-0.05370168155157076
70.90420210105052,-0.061070671500923664,0.029374181645081023,0.06080070686213137,-0.05448835681836429
70.97611305652826,-0.061049732285060374,0.028743960394072763,0.06082736069040742,-0.055228524364538394
71.04802401200601,-0.06102393748037584,0.02812592935997523,0.06085431789993941,-0.05592341999080337
71.11993496748374,-0.06099345827880332,0.027519289924781053,0.06088131610351857,-0.05657427949786947
71.19184592296148,-0.060958465872276095,0.026923243470482583,0.06090809291393612,-0.057182338686447266
71.26375687843922,-0.06091913145272742,0.02633699137907224,0.0609343859439833,-0.05774883335724728
71.33566783391696,-0.06087562621209056,0.025759735032542728,0.060959932806451324,-0.05827499931097967
71.4075787893947,-0.06082812134229878,0.02519067581288634,0.060984471114131446,-0.05876207234835508
71.47948974487244,-0.06077678803528537,0.02462901510209579,0.06100773847981487,-0.0592112882700837
71.55140070035017,-0.06072179748298354,0.024073954282163478,0.061029472516292836,-0.059623882876876075
71.62331165582792,-0.060663320877326614,0.023524694735081786,0.06104941083635658,-0.060001091969442664
71.69522261130565,-0.06060152941024783,0.022980437842843447,0.06106729105279732,-0.06034415134849372
71.76713356678339,-0.06053659427368046,0.022440384987440838,0.06108285077840628,-0.06065429681473976
71.83904452226113,-0.060468686659557756,0.021903737550866366,0.061095827625974694,-0.06093276416889121
71.91095547773888,-0.06039797775981299,0.021369696915112632,0.0611059592082938,-0.061180789211658426
71.98286643321661,-0.060324638766379446,0.020837464462172252,0.06111298313815482,-0.06139960774375179
72.05477738869435,-0.060248840871190375,0.02030624157403762,0.06111663702834898,-0.061590455565881747
72.1266883441721,-0.06017075526617903,0.01977522963270111,0.0611166584916675,-0.06175456847875879
72.19859929964983,-0.06009055314327871,0.019243630020155472,0.06111278514090163,-0.061893182283093165
72.27051025512756,-0.06000840569442267,0.01871064411839306,0.06110475458884259,-0.062007532779595406
72.34242121060531,-0.05992448411154415,0.018175473309406304,0.0610923044482816,-0.06209885576897589
72.41433216608304,-0.05983895958657644,0.017637318975187916,0.0610751723320099,-0.06216838705194498
72.48624312156078,-0.05975200331145279,0.017095382497730276,0.06105309585281871,-0.06221736242921316
72.55815407703852,-0.059663786478106474,0.016548865259025776,0.06102581262349926,-0.06224701770149081
72.63006503251626,-0.059574480278470766,0.01599696864106715,0.060993060256842785,-0.062258588669488316
72.70197598799399,-0.05948425590447893,0.015438894025846785,0.060954576365640514,-0.062253311133916134
72.77388694347172,-0.059393284548064224,0.014873842795357181,0.06091009856268367,-0.06223242089548463
72.84579789894948,-0.059301737401159876,0.014301016331590602,0.060859364460763475,-0.062197153754904214
72.91770885442722,-0.059209785655699246,0.01371961601654003,0.060802111672671175,-0.06214874551288531
72.98961980990495,-0.05911760050361553,0.013128843232197707,0.06073807781119799,-0.06208843197013837
73.0615307653827,-0.059025353136841985,0.012527899360556038,0.06066700048913515,-0.062017448927373736
73.13344172086043,-0.058933214747311925,0.011915985783607752,0.06058861731927388,-0.06193703218530183
73.20535267633817,-0.05884135652695859,0.011292303883345248,0.060502665914405424,-0.06184841754463313
73.27726363181591,-0.058749949667715226,0.01065605504176087,0.06040888388732097,-0.06175284080607796
73.34917458729365,-0.05865916536151514,0.010006440640847415,0.0603070088508118,-0.06165153777034672
73.42108554277138,-0.058569174800291585,0.009342662062597214,0.060196778417669114,-0.06154574423814993
73.49299649824913,-0.05848014917597779,0.008663920689002659,0.06007793020068413,-0.06143669601019788
73.56490745372686,-0.05839225968050707,0.007969417902056526,0.05995020181264811,-0.061325628887201056
73.6368184092046,-0.058305677505812684,0.007258355083751174,0.05981333086635226,-0.06121377866986985
73.70872936468234,-0.05822057384382786,0.006529933616078953,0.05966705497458778,-0.06110238115891464
73.78064032016007,-0.0581371198864859,0.005783354881032668,0.05951111175014598,-0.06099267215504586
73.85255127563781,-0.05805548682572006,0.005017820260604669,0.05934523880581802,-0.06088588745897394
73.92446223111557,-0.05797584585346357,0.004232531136787128,0.059169173754395094,-0.060783262871409255
73.9963731865933,-0.05789836816164976,0.0034266888915732013,0.05898265420866855,-0.06068603419306223
74.06828414207104,-0.05782322494221187,0.0025994949069550605,0.05878541778142955,-0.06059543722464328
74.14019509754878,-0.057750587387083135,0.0017501505649250432,0.058577202085469286,-0.060512707766862794
74.21210605302652,-0.05768062668819687,0.0008778572474759869,0.05835774473357907,-0.06043908162043121
74.28401700850425,-0.05761351403748633,-1.8183663399770622e-5,0.058126783338550085,-0.060375794586058906
74.355927963982,-0.05754942062688474,-0.0009387707857099192,0.057884055513173514,-0.06032408246445631
74.42783891945973,-0.05748851764832541,-0.0018847027374615868,0.05762929887024068,-0.060285181056333875
74.49974987493746,-0.05743097629374158,-0.0028567781366624495,0.05736225102254277,-0.0602603261624019
74.5716608304152,-0.05737696775506654,-0.0038557956013200237,0.05708264958287101,-0.0602507535833709
74.64357178589295,-0.05732666322423352,-0.0048825537494419854,0.05679023216401657,-0.060257699119951214
74.71548274137068,-0.05728023389317582,-0.005937851199035449,0.056484736378770786,-0.06028239857285331
74.78739369684841,-0.057237850953826684,-0.00702248656810809,0.056165899839924836,-0.06032608774278758
74.85930465232617,-0.05719968559811938,-0.008137258474667869,0.05583346016026981,-0.06039000243046441
74.9312156078039,-0.057165909017987196,-0.009282965536721415,0.05548715495259723,-0.06047537843659426
75.00312656328164,-0.057136576904838386,-0.010460362201012055,0.055126755731066096,-0.06058342304105709
75.07503751875939,-0.0570462846736526,-0.011644792140514214,0.054771396750183665,-0.06069882758941503
75.14694847423712,-0.0568421314779,-0.01281499879635076,0.054437089188135994,-0.06080808034199237
75.21885942971485,-0.05652762795353711,-0.013970982820711464,0.05412341172563355,-0.060911303888609505
75.2907703851926,-0.05610628473652032,-0.01511274486578608,0.053829943043386834,-0.06100862081908676
75.36268134067033,-0.05558161246280636,-0.016240285583763697,0.05355626182210648,-0.06110015372324446
75.43459229614807,-0.05495712176835164,-0.017353605626834065,0.05330194674250299,-0.06118602519090295
75.50650325162582,-0.05423632328911255,-0.018452705647186946,0.05306657648528685,-0.06126635781188259
75.57841420710355,-0.053422727661045874,-0.019537586297011435,0.0528497297311687,-0.061341274176003685
75.65032516258128,-0.05251984552010801,-0.020608248228497283,0.052650985160859025,-0.061410896873086596
75.72223611805903,-0.05153118750225528,-0.02166469209383423,0.05246992145506834,-0.06147534849295167
75.79414707353676,-0.05046026424344457,-0.0227069185452114,0.05230611729450725,-0.06153475162541922
75.8660580290145,-0.04931058637963223,-0.02373492823481853,0.05215915135988627,-0.0615892288603096
75.93796898449226,-0.04808566454677428,-0.02474872181484556,0.05202860233191589,-0.06163890278744316
76.00987993996999,-0.0467890093808282,-0.025748299937481213,0.05191404889130675,-0.06168389599664022
76.08179089544772,-0.04542413151775004,-0.026733663254915434,0.05181506971876933,-0.06172433107772112
76.15370185092547,-0.043994541593496035,-0.02770481241933794,0.05173124349501417,-0.06176033062050621
76.2256128064032,-0.04250375024402325,-0.028661748082937887,0.051662148900751846,-0.061792017214815836
76.29752376188094,-0.04095526810528796,-0.029604470897905,0.051607364616692866,-0.06181951345047031
76.36943471735867,-0.03935260581324666,-0.03053298151642881,0.05156646932354778,-0.06184294191729
76.44134567283642,-0.037699274003855546,-0.031447280590699046,0.05153904170202713,-0.06186242520509522
76.51325662831415,-0.03599878331307178,-0.03234736877290486,0.051524660432841464,-0.06187808590370633
76.58516758379189,-0.03425464437685157,-0.03323324671523599,0.05152290419670132,-0.061890046602943664
76.65707853926963,-0.03247036783115108,-0.034104915069882114,0.05153335167431723,-0.06189842989262756
76.72898949474737,-0.030649464311927513,-0.034962374489032444,0.05155558154639975,-0.061903358362578355
76.8009004502251,-0.028795444455137063,-0.03580562562487667,0.05158917249365941,-0.06190495460261639
76.87281140570286,-0.026911818896735475,-0.03663466912960467,0.05163370319680677,-0.061903341202561996
76.9447223611806,-0.02500209827268078,-0.03744950565540531,0.05168875233655234,-0.06189864075223553
77.01663331665833,-0.02306979321892875,-0.03825013585446846,0.051753898593606684,-0.061890975841457314
77.08854427213608,-0.021118414371435516,-0.03903656037898381,0.05182872064868035,-0.0618804690600477
77.16045522761381,-0.019151472366158363,-0.039808779881140566,0.051912797182483844,-0.061867242997827025
77.23236618309154,-0.017172477839053416,-0.04056679501312844,0.05200570687572774,-0.06185142024461562
77.30427713856929,-0.015184941426076841,-0.0413106064271371,0.05210702840912258,-0.061833123390233814
77.37618809404702,-0.01319237376318589,-0.0420402147753558,0.05221634046337889,-0.06181247502450198
77.44809904952476,-0.01119828548633673,-0.042755620709974206,0.05233322171920721,-0.06178959773724044
77.5200100050025,-0.009206187231485453,-0.04345682488318199,0.0524572508573181,-0.06176461411826953
77.59192096048024,-0.007219589634589393,-0.04414382794716842,0.05258800655842208,-0.06173764675740959
77.66383191595797,-0.005242003331604662,-0.04481663055412316,0.05272506750322969,-0.06170881824448096
77.73574287143572,-0.0032769389584873937,-0.04547523335623588,0.05286801237245152,-0.06167825116930396
77.80765382691345,-0.0013279071511948792,-0.04611963700569585,0.05301641984679804,-0.061646068121698976
77.8795647823912,0.0006015814543171363,-0.04674984215469287,0.05316986860697985,-0.061612391691486315
77.95147573786895,0.002508016222091722,-0.047365849455416324,0.05332793733370748,-0.06157734446848632
78.02338669334668,0.0043878865161720085,-0.047967659560055644,0.05349020470769141,-0.061541049042519336
78.09529764882441,0.006237681700601863,-0.048555273120800484,0.05365624940964224,-0.06150362800340569
78.16720860430215,0.00805389113942475,-0.049128690789840376,0.053825650120270505,-0.06146520394096574
78.2391195597799,0.009833004196684515,-0.04968791321936497,0.05399798552028676,-0.06142589944501979
78.31103051525763,0.011571510236423922,-0.050232941061563556,0.05417283429040151,-0.061385837105388225
78.38294147073536,0.013265898622686803,-0.0507637749686258,0.05434977511132532,-0.06134513951189136
78.45485242621311,0.014912658719516976,-0.05128041559274135,0.054528386663768746,-0.06130392925434954
78.52676338169084,0.016508279890957253,-0.05178286358609951,0.054708247628442286,-0.0612623289225831
78.59867433716857,0.01804925150105148,-0.052271119600889926,0.05488893668605649,-0.06122046110641238
78.67058529264632,0.019532062913843393,-0.052745184289302235,0.05507003251732196,-0.06117844839565771
78.74249624812406,0.0209532034933759,-0.05320505830352576,0.055251113802949156,-0.061136413380139455
78.81440720360179,0.022309162603692784,-0.053650742295750176,0.05543175922364865,-0.06109447864967793
78.88631815907955,0.023596429608838017,-0.05408223691816512,0.055611547460131056,-0.06105276679409349
78.95822911455728,0.024811493872854057,-0.05449954282295982,0.05579005719310679,-0.06101140040320646
79.03014007003502,0.025950844759784916,-0.05490266066232398,0.055966867103286445,-0.0609705020668372
79.10205102551276,0.027010971633674274,-0.05529159108844724,0.0561415558713806,-0.060930194374806006
79.1739619809905,0.027988363858565193,-0.055666334753518926,0.05631370217809974,-0.06089059991693327
79.24587293646823,0.028879510798501373,-0.05602689230972867,0.056482884704154426,-0.06085184128303931
79.31778389194598,0.02968090181752643,-0.0563732644092661,0.05664868213025524,-0.060814041062944454
79.38969484742371,0.030389026279683554,-0.05670545170432059,0.05681067313711264,-0.060777321846469064
79.46160580290145,0.03100037354901638,-0.05702345484708175,0.05696843640543724,-0.06074180622343346
79.53351675837919,0.0315114329895685,-0.05732727448973915,0.05712155061593957,-0.06070761678365797
79.60542771385693,0.03191869396538317,-0.05761691128448225,0.057269594449330136,-0.06067487611696297
79.67733866933466,0.03221864584050398,-0.05789236588350061,0.057412146586319504,-0.060643706813168774
79.74924962481242,0.032407777978974484,-0.058153638938983856,0.05754878570761826,-0.06061423146209573
79.82116058029015,0.032482579744837994,-0.058400731103121335,0.05767909049393685,-0.06058657265356418
79.89307153576789,0.03243954050213809,-0.058633643028102686,0.05780263962598586,-0.06056085297739445
79.96498249124562,0.03227514961491828,-0.05885237536611747,0.05791901178447585,-0.06053719502340689
80.03689344672337,0.03198589644722193,-0.05905692876935519,0.05802778565011735,-0.06051572138142182
80.1088044022011,0.03156827036309268,-0.05924730389000538,0.05812853990362088,-0.060496554641259616
80.18071535767884,0.031018760726573967,-0.059423501380257544,0.05822085322569701,-0.06047981739274059
80.25262631315658,0.030333856901709068,-0.059585521892301305,0.058304304297056284,-0.06046563222568509
80.32453726863432,0.029510048252541797,-0.05973336607832609,0.058378471798409215,-0.06045412172991345
80.39644822411205,0.028543824143115473,-0.059867034590521485,0.05844293441046636,-0.06044540849524602
80.4683591795898,0.027431673937473373,-0.059986528081077066,0.05849727081393827,-0.060439615111503114
80.54027013506753,0.026170086999659406,-0.060091847202182275,0.05854105968953546,-0.0604368641685051
80.61218109054526,0.024755552693716834,-0.0601829926060267,0.0585738797179685,-0.060437278256072306
80.68409204602301,0.023184560383688824,-0.0602599649447999,0.05859530957994791,-0.060440979964025074
80.75600300150074,0.02145359943361949,-0.060322764870691346,0.05860492795618425,-0.060448091882183745
80.82791395697848,0.01955915920755201,-0.060371393035890605,0.05860231352738805,-0.06045873660036864
80.89982491245624,0.017497729069529004,-0.06040585009258726,0.058587044974269836,-0.060473036708400124
80.97173586793397,0.015265798383595597,-0.06042613669297074,0.0585587009775402,-0.06049111479609852
81.0436468234117,0.012859856513794482,-0.06043225348923065,0.058516860217909625,-0.06051309345328418
81.11555777888945,0.010276392824168631,-0.0604242011335565,0.058461101376088676,-0.06053909526977743
81.18746873436719,0.007511896678762529,-0.06040198027813784,0.0583910031327879,-0.06056924283539861
81.25937968984492,0.004566015706537126,-0.06036574327734249,0.058306431624567376,-0.06060317404357469
81.33129064532267,0.0016629948376590815,-0.06032641050366649,0.05822760478316545,-0.06060626230940866
81.4032016008004,-0.0010602699479579497,-0.06029064411987416,0.0581665097973655,-0.060557920445984584
81.47511255627813,-0.003607244335175435,-0.06025835231742892,0.05812230507611032,-0.060459223340598556
81.54702351175587,-0.005981394008854252,-0.060229443287794185,0.05809414902834271,-0.06031124588054668
81.61893446723361,-0.008186184653855694,-0.06020382522243338,0.05808120006300547,-0.06011506295312499
81.69084542271135,-0.01022508195503977,-0.06018140631280994,0.05808261658904139,-0.059871749445629674
81.76275637818908,-0.01210155159726781,-0.060162094750387266,0.058097557015393285,-0.05958238024535679
81.83466733366684,-0.013819059265401334,-0.06014579872662878,0.058125179751003966,-0.059248030239602276
81.90657828914458,-0.01538107064429986,-0.06013242643299792,0.058164643204816194,-0.05886977431566251
81.97848924462231,-0.016791051418824983,-0.060121886060958106,0.0582151057857728,-0.058448687360833446
82.05040020010006,-0.018052467273837816,-0.06011408580197274,0.05827572590281658,-0.05798584426241109
82.12231115557779,-0.019168783894198727,-0.060108933847505264,0.058345661964890314,-0.05748231990769171
82.19422211105552,-0.020143466964768864,-0.06010633838901909,0.05842407238093682,-0.05693918918397133
82.26613306653327,-0.020979982170409254,-0.06010620761797764,0.05851011555989891,-0.05635752697854591
82.338044022011,-0.02168179519598045,-0.06010844972584434,0.058602949910719355,-0.055738408178711785
82.40995497748874,-0.02225237172634349,-0.0601129729040826,0.05870173384234096,-0.055082907671764915
82.48186593296649,-0.02269517744635934,-0.060119685344155856,0.058805625763706564,-0.05439210034500128
82.55377688844422,-0.023013678040888705,-0.06012849523752753,0.058913784083758906,-0.053667061085717234
82.62568784392195,-0.023211339194792555,-0.06013931077566102,0.05902536721144082,-0.05290886478120874
82.6975987993997,-0.02329162659293177,-0.06015204015001978,0.05913953355569512,-0.05211858631877173
82.76950975487743,-0.023258005920167198,-0.06016659155206721,0.05925544152546457,-0.051297300585702615
82.84142071035518,-0.023113942861359704,-0.06018287317326674,0.05937224952969201,-0.05044608246929716
82.91333166583293,-0.022862903101370166,-0.06020079320508179,0.059489115977320206,-0.04956600685685162
82.98524262131066,-0.022508352325059537,-0.06022025983897577,0.059605199277291965,-0.04865814863566227
83.0571535767884,-0.02205375621728866,-0.06024118126641212,0.05971965783855008,-0.04772358269302504
83.12906453226614,-0.02150258046291828,-0.06026346567885425,0.05983165007003738,-0.04676338391623583
83.20097548774388,-0.02085829074680951,-0.060287021267765584,0.05994033438069664,-0.04577862719259109
83.27288644322161,-0.020124352753823106,-0.06031175622460954,0.060044869179470654,-0.04477038740938676
83.34479739869934,-0.019304232168819976,-0.06033757874084955,0.06014441287530224,-0.043739739453918916
83.41670835417709,-0.018401394676660784,-0.06036439700794903,0.06023812387713422,-0.042687758213483445
83.48861930965482,-0.01741930596220677,-0.06039211921737139,0.06032516059390933,-0.04161551857537685
83.56053026513256,-0.01636143171031866,-0.06042065356058007,0.060404681434570416,-0.04052409542689504
83.6324412206103,-0.015231237605857081,-0.06044990822903849,0.060475844808060286,-0.039414563655333856
83.70435217608804,-0.014032189333683345,-0.06047979141421006,0.060537809123321705,-0.03828799814798986
83.77626313156577,-0.012767752578658156,-0.0605102113075582,0.06058973278929749,-0.037145473792158906
83.84817408704353,-0.011441393025641788,-0.060541076100546355,0.06063077421493046,-0.03598806547513664
83.92008504252126,-0.010056576359496222,-0.060572293984637926,0.06066009180916338,-0.034816848084220066
83.991995997999,-0.0086167682650818,-0.06060377315129632,0.06067684398093907,-0.03363289650670483
84.06390695347675,-0.007125434427259145,-0.06063542179198499,0.06068018913920031,-0.03243728562988678
84.13581790895448,-0.005586040530889652,-0.06066714809816734,0.060669285692889936,-0.03123109034106248
84.20772886443221,-0.00400205226083393,-0.0606988602613068,0.06064329205095072,-0.030015385527527798
84.27963981990996,-0.0023769353019525152,-0.06073046647286679,0.06060136662232546,-0.02879124607657857
84.3515507753877,-0.0007141553391070143,-0.06076187492431072,0.06054266781595698,-0.02755974687551141
84.42346173086543,0.0009828219428421325,-0.06079299380710203,0.06046635404078805,-0.026321962811622114
84.49537268634317,0.002710530859034277,-0.060823731312704125,0.060371583705761483,-0.02507896877220659
84.56728364182091,0.004465505724607938,-0.06085399563258043,0.0602575152198201,-0.023831839644561377
84.63919459729864,0.00624428085470255,-0.060883694958194366,0.060123306991906676,-0.02258165031598234
84.7111055527764,0.008043390564457964,-0.06091273748100938,0.05996811743096396,-0.02132947567376508
84.78301650825414,0.009859369169011895,-0.06094103139248886,0.05979110494593486,-0.020076390605206683
84.85492746373187,0.011688750983504165,-0.06096848488409623,0.059591427945762145,-0.01882346999760274
84.92683841920962,0.01352807032307421,-0.06099500614729493,0.05936824483938853,-0.0175717887382491
84.99874937468735,0.015373861502860464,-0.06102050337354836,0.05912071403575694,-0.016322421714442342
85.07066033016508,0.01722265883800242,-0.061044884754319975,0.05884799394381011,-0.015076443813478328
85.14257128564282,0.019070996643639204,-0.061068058481073155,0.058549242972490846,-0.013834929922653165
85.21448224112056,0.02091540923491028,-0.06108993274527135,0.058223619530741885,-0.012598954929262655
85.2863931965983,0.02275243092695406,-0.06111041573837798,0.05787028202750615,-0.011369593720603428
85.35830415207603,0.024578596034910027,-0.06112941565185645,0.05748838887172639,-0.010147921183971308
85.43021510755378,0.02639043887391762,-0.061146840677170196,0.0570770984723453,-0.008935012206662166
85.50212606303151,0.02818449375911533,-0.061162599005782636,0.056635569238305865,-0.007731941675972562
85.57403701850924,0.029957295005642565,-0.061176598829157186,0.05616295957855079,-0.006539784479198341
85.64594797398699,0.031705376928638895,-0.06118874833875727,0.055658427902022786,-0.0053596155036353815
85.71785892946473,0.03342527384324262,-0.06119895572604631,0.055121132617664846,-0.004192509636580244
85.78976988494246,0.03511352006459331,-0.06120712918248774,0.05455023213441967,-0.0030395417653287723
85.86168084042022,0.03676664990783063,-0.06121317689954497,0.053944884861229815,-0.0019017867771766242
85.93359179589795,0.03838119768809248,-0.061217007068681405,0.05330424920703856,-0.0007803195594208098
86.00550275137569,0.039953697720518655,-0.06121852788136049,0.052627483580788476,0.00032378500064306204
86.07741370685343,0.04148068432024857,-0.06121764752904565,0.05191374639142221,0.0014094520157190843
86.14932466233117,0.04295869180242065,-0.06121427420320029,0.05116219604788285,0.002475606598510774
86.2212356178089,0.04438425448217442,-0.06120831609528783,0.05037199095911306,0.00352117386172221
86.29314657328665,0.04575390667464918,-0.061199681396771705,0.049542289534055456,0.004545078918057499
86.36505752876438,0.04706418269498369,-0.06118827829911534,0.04867225018165319,0.005546246880220193
86.43696848424212,0.04831161685831714,-0.06117401499378214,0.0477610313108489,0.006523602860914329
86.50887943971986,0.04949274347978902,-0.06115679967223553,0.046807791330585165,0.007476071972844056
86.5807903951976,0.0506040968745379,-0.061136540525938934,0.0458116886498052,0.008402579328712884
86.65270135067533,0.051642211357703166,-0.06111314574635578,0.04477188167745159,0.009302050041224919
86.72461230615309,0.052603621244424414,-0.061086523524949476,0.04368752882246671,0.010173409223084393
86.79652326163082,0.05348486084983983,-0.06105658205318346,0.04255778849379422,0.011015581986994524
86.86843421710856,0.05428246448908908,-0.06102322952252114,0.04138181910037649,0.011827493445659587
86.94034517258629,0.05499296647731111,-0.06098637412442596,0.04015877905115634,0.012608068711783452
87.01225612806404,0.055612901129645426,-0.060945924050361304,0.038887826755076293,0.013356232898070225
87.08416708354177,0.05613880276123065,-0.06090178749179062,0.03756812062107966,0.014070911117223459
87.1560780390195,0.05656720568720616,-0.06085387264017733,0.036198819058109,0.014751028481947231
87.22798899449725,0.056894644222711066,-0.060802087686984835,0.03477908047510681,0.015395510104945595
87.29989994997499,0.05711765268288449,-0.06074634082367658,0.03330806328101647,0.016003281098922184
87.37181090545272,0.057232765382865425,-0.06068654024171598,0.031784925884780504,0.016573266576581022
87.44372186093047,0.05723651663779317,-0.06062259413256644,0.030208826695341372,0.017104391650626133
87.5156328164082,0.05712868089838373,-0.06055491146627204,0.028581197127658543,0.01759637558607395
87.58754377188593,0.05699838143324337,-0.06049737672822024,0.02696588188657576,0.018070977547429683
87.65945472736368,0.05688668466259371,-0.060455567419826974,0.025392311262304318,0.018538548653213558
87.73136568284141,0.05679295360156238,-0.060428477642325444,0.023860549894579922,0.018999276702203194
87.80327663831916,0.056716551265277,-0.06041510149694882,0.02237066242313708,0.019453349493176585
87.87518759379691,0.05665684066886518,-0.0604144330849303,0.02092271348771119,0.019900954824911436
87.94709854927464,0.05661318482745456,-0.060425466507503064,0.019516767728037624,0.020342280496185475
88.01900950475238,0.056584946756172746,-0.06044719586590027,0.01815288978385119,0.020777514305776602
88.09092046023012,0.05657148947014737,-0.06047861526135513,0.01683114429488674,0.0212068440524627
88.16283141570786,0.05657217598450603,-0.060518718795100804,0.01555159590087989,0.02163045753502141
88.23474237118559,0.05658636931437637,-0.060566500568370485,0.014314309241565472,0.02204854255223062
88.30665332666334,0.056613432474886,-0.06062095468239735,0.013119348956678357,0.02246128690286823
88.37856428214107,0.056652728481162526,-0.060681075238414595,0.011966779685954115,0.022868878385711864
88.4504752376188,0.05670362034833359,-0.06074585633765538,0.010856666069127607,0.023271504799539426
88.52238619309655,0.05676547109152681,-0.060814292081352916,0.00978907274593372,0.023669353943128794
88.59429714857428,0.05683764372586979,-0.06088537657074035,0.00876406435610798,0.024062613615257623
88.66620810405202,0.056919501266490154,-0.06095810390705089,0.007781705539385273,0.024451471614703794
88.73811905952975,0.05701040672851553,-0.0610314681915177,0.006842060935500693,0.024836115740245118
88.81003001500751,0.05710972312707358,-0.06110446352537402,0.005945195184188999,0.025216733790659543
88.88194097048525,0.05721681347729184,-0.06117608400985295,0.0050911729251859935,0.025593513564724585
88.95385192596298,0.05733104079429797,-0.061245323746187706,0.004280058798226417,0.025966642861218192
89.02576288144073,0.05745176809321962,-0.061311176835611485,0.0035119174430452236,0.026336309478918254
89.09767383691846,0.05757835838918435,-0.06137263737935744,0.0027868134993778108,0.02670270121660243
89.1695847923962,0.057710174697319816,-0.06142869947865878,0.0021048116069591234,0.027066005873048592
89.24149574787394,0.05784658003275365,-0.06147835723474868,0.0014659764055241359,0.02742641124703462
89.31340670335167,0.05798693741061344,-0.06152060474886032,0.0008703725348082059,0.027784105137338186
89.38531765882941,0.05813060984602681,-0.06155443612222688,0.0003180646345463112,0.028139275342737163
89.45722861430716,0.058276960354121436,-0.06157884545608155,-0.0001908826555265669,0.028492109662009428
89.52913956978489,0.05842535195002486,-0.06159282685165749,-0.0006564046956751175,0.028842795893932644
89.60105052526262,0.058575147648864734,-0.06159537441018791,-0.0010784368461643455,0.02919152183728469
89.67296148074038,0.058725710465768736,-0.061585482232905976,-0.0014569144672592835,0.029538475290843514
89.74487243621812,0.05887640341586438,-0.061562144421044886,-0.0017917729192245511,0.02988384405338665
89.81678339169585,0.05902658951427933,-0.06152435507583781,-0.002082947562325195,0.030227815923692034
89.8886943471736,0.05917563177614125,-0.061471108298517915,-0.002330373756826161,0.030570578700537546
89.96060530265133,0.05932289321657769,-0.06140139819031842,-0.002533986862992256,0.030912320182700855
90.03251625812906,0.0594677368507163,-0.06131421885247248,-0.002693722241088433,0.03125322816895983
90.10442721360681,0.05960952569368474,-0.06120856438621327,-0.00280951525137961,0.03159349045809236
90.17633816908454,0.05974762276061056,-0.06108342889277401,-0.002881301254130636,0.0319332948488761
90.24824912456228,0.05988139106662142,-0.06093780647338786,-0.0029090156096064496,0.03227282914008893
90.32016008004001,0.06001019362684493,-0.06077069122928801,-0.0028925936780719516,0.032612281130508666
90.39207103551776,0.06013339345640874,-0.06058107726170759,-0.002831970819792022,0.032951838618913175
90.46398199099549,0.060250353570440424,-0.060367958671879864,-0.0027270823950315895,0.03329168940408013
90.53589294647323,0.06036043698406763,-0.06013032956103799,-0.002577863764055534,0.03363202128478741
90.60780390195097,0.06046300671241798,-0.05986718403041508,-0.002384250287128714,0.033973022059812875
90.6797148574287,0.060557425770619074,-0.059577516181244426,-0.0021461773245161214,0.0343148795279342
90.75162581290644,0.06064305717379853,-0.059260320114759166,-0.0018635802364826148,0.03465778148792927
90.8235367683842,0.06071926393708403,-0.05891458993219233,-0.0015363943832929425,0.03500191573857603
90.89544772386193,0.060785409075603106,-0.058539319734777384,-0.0011645551252122965,0.035347470078651994
90.96735867933967,0.06084085560448342,-0.05813350362374737,-0.000747997822505439,0.03569463230693513
91.03926963481742,0.0608849665388526,-0.05769613570033538,-0.00028665783543718043,0.0360435902222033
91.11118059029515,0.060917104893838246,-0.05722621006577479,0.00021952947572740494,0.036394531623234166
91.18309154577288,0.06093663368456799,-0.05672272082129867,0.0007706287507235066,0.036747644308805616
91.25500250125063,0.06094291592616946,-0.056184662068140115,0.0013667046292863486,0.03710311607769552
91.32691345672836,0.060935314633770256,-0.05561102790753251,0.0020078217511507734,0.03746113472868155
91.3988244122061,0.06091319282249802,-0.05500081244070893,0.0026940447560520053,0.037821888060541584
91.47073536768384,0.060875913507480346,-0.05435300976890244,0.003425438283725296,0.038185563872053505
91.54264632316158,0.06082283970384488,-0.053666613993346476,0.004202066973905447,0.038552349961994956
91.61455727863931,0.06075333442671924,-0.05294061921527408,0.005023995466327702,0.03892243412914383
91.68646823411707,0.060666760691230996,-0.05217401953591814,0.005891288400727529,0.03929600417227808
91.7583791895948,0.06056248151250784,-0.051365809056512425,0.006804010416839312,0.03967324789017521
91.83029014507254,0.06043985990567738,-0.05051498187828985,0.007762226154398491,0.040054353081613196
91.90220110055029,0.06029825888586717,-0.04962053210248339,0.008766000253140394,0.0404395075453699
91.97411205602802,0.06013704146820492,-0.048681453830326606,0.009815397352799696,0.04082889908022298
92.04602301150575,0.05995557066781821,-0.04769674116305249,0.010910482093111712,0.04122271548495033
92.11793396698349,0.05975320949983466,-0.046665388201894226,0.01205131911381152,0.04162114455832974
92.18984492246123,0.05952932097938186,-0.04558638904808478,0.013237973054634478,0.04202437409913911
92.26175587793897,0.05928326812158748,-0.04445873780285777,0.01447050855531519,0.042432591906156066
92.3336668334167,0.059014413941579136,-0.04328142856744616,0.015748990255589013,0.04284598577815852
92.40557778889445,0.058722121454484376,-0.04205345544308289,0.01707348279519129,0.043264743513924356
92.47748874437218,0.05840575367543093,-0.040773812531001624,0.018444050813856624,0.04368905291223121
92.54939969984991,0.05806467361954637,-0.039441493932435304,0.019860758951320348,0.044119101771856975
92.62131065532766,0.05769824430195823,-0.038055493748616845,0.021323671847317885,0.044555077891579545
92.6932216108054,0.057305828737794294,-0.036614806080779966,0.022832854141583717,0.04499716907017655
92.76513256628314,0.05688678994218202,-0.03511842503015729,0.024388370473853532,0.04544556310642595
92.83704352176089,0.05644049093024909,-0.03356534469798225,0.025990285483862202,0.045900447799105515
92.90895447723862,0.055966294717123236,-0.031954559185488396,0.027638663811344416,0.046362010946992924
92.98086543271636,0.05546356431793198,-0.030285062593908573,0.02933357009603564,0.04683044034886609
93.0527763881941,0.054931662747802854,-0.028555849024475638,0.03107506897767133,0.047305923803502896
93.12468734367184,0.05436995302186366,-0.02676591257842344,0.03286322509598584,0.047788649109680975
93.19659829914957,0.053777798155241946,-0.02491424735698484,0.03469810309071468,0.048278804066178224
93.26850925462732,0.05315456116306518,-0.02299984746139263,0.036579767601593274,0.04877657647177254
93.34042021010505,0.05249960506046125,-0.02102170699288075,0.03850828326835597,0.04928215412524155
93.41233116558278,0.05181229286255764,-0.018978820052682012,0.040483714730738266,0.049795724825363145
93.48424212106053,0.051091987584481836,-0.01687018074202916,0.04250612662847565,0.05031747637091525
93.55615307653827,0.05033805224136173,-0.014694783162156229,0.04457558360130244,0.050847596560675445
93.628064032016,0.04954984984832482,-0.01245162141429599,0.04669215028895411,0.051386273193421664
93.69997498749376,0.04872674342049838,-0.010139689599680687,0.04885589133116665,0.05193369406793191
93.7718859429715,0.04787085748763908,-0.007762466880655241,0.051053666105799866,0.05248881662120852
93.84379689844923,0.047024153706526725,-0.005388356703890135,0.05308416975847817,0.05303274958594585
93.91570785392696,0.04620094617818138,-0.003041360577538889,0.0548835351631759,0.053558696156656
93.98761880940471,0.04540116743307023,-0.0007221860525986081,0.05645732978167636,0.054066238709861617
94.05952976488244,0.044624750001660926,0.0015684593199322347,0.05781112107576199,0.05455495962208509
94.13144072036017,0.04387162641442064,0.003829867989056541,0.05895047650721611,0.05502444126984909
94.20335167583792,0.04314172920181655,0.00606133240377719,0.05988096353782195,0.05547426602967625
94.27526263131566,0.0424349908943163,0.008262145013095742,0.06060814962936215,0.05590401627808898
94.34717358679339,0.04175134402238705,0.010431598266015083,0.06113760224361998,0.056313274391609935
94.41908454227114,0.041090721116496025,0.012568984611538077,0.06147488884237847,0.05670162274676175
94.49099549774887,0.040453054707110817,0.014673596498666317,0.06162557688742054,0.05706864372006685
94.5629064532266,0.039838277324698614,0.016744726376402667,0.0615952338405293,0.05741391968804787
94.63481740870435,0.03924632149972664,0.018781666693749977,0.061389427163487734,0.05773703302722745
94.7067283641821,0.03867711976266235,0.02078370989971027,0.06101372431807886,0.05803756611412809
94.77863931965983,0.038130604643973186,0.0227501484432856,0.06047369276608582,0.05831510132527228
94.85055027513758,0.03760670867412626,0.02468027477347919,0.059774899969291466,0.058569221037182734
94.92246123061531,0.03710536438358912,0.02657338133929272,0.05892291338947905,0.05879950762638189
94.99437218609305,0.03662650430282899,0.028428760589729016,0.057923300488431535,0.059005543469392394
95.06628314157079,0.0361700609623131,0.030245704973790873,0.05678162872793166,0.05918691094273683
95.13819409704853,0.03573596689250898,0.032023506940480014,0.05550346556976297,0.059343192422937695
95.21010505252626,0.03532415462388387,0.03376145893879924,0.054094378475708235,0.059473970286517595
95.282016008004,0.03493455668690502,0.03545885341775133,0.05255993490755017,0.05957882690999911
95.35392696348174,0.03456710561203992,0.03711498282633806,0.050905702327072436,0.05965734466990479
95.42583791895947,0.03422173392975582,0.038729139613562204,0.049137248196057755,0.05970910594275721
95.49774887443722,0.033898374170519996,0.04030061622842651,0.04726013997628878,0.05973369310507894
95.56965982991495,0.03359695886479991,0.041828705119932794,0.04527994512954929,0.05973068853339254
95.64157078539269,0.033317420543062824,0.04331269873708383,0.043202231117621934,0.05969967460422058
95.71348174087042,0.03305969173577607,0.04475188952888204,0.041032565402289806,0.059640233694085644
95.78539269634818,0.03282370497340689,0.04614556994433041,0.03877651544533492,0.05955194817951025
95.85730365182592,0.03260939278642282,0.04749303243243029,0.036439648708542174,0.05943440043701703
95.92921460730365,0.03241668770529107,0.04879356944218468,0.034027532653693696,0.059287172843128524
96.0011255627814,0.03224552226047896,0.05004647342259626,0.03154573474257204,0.05910984777436727
96.07303651825913,0.032095828982453875,0.05125103682266698,0.028999822436961156,0.058902007607255905
96.14494747373686,0.03196754040168313,0.052406552091399536,0.026395363198643676,0.05866323471831695
96.21685842921461,0.03186058904863402,0.053512311677796576,0.023737924489402054,0.05839311148407293
96.28876938469234,0.03177490745377394,0.0545676080308601,0.021033073771020344,0.05809122028104653
96.36068034017008,0.03171042814757018,0.05557173359959279,0.018286378505281087,0.05775714348576025
96.43259129564782,0.03166708366049008,0.05652398083299726,0.015503406153966795,0.05739046347473657
96.50450225112556,0.03164480652300097,0.05742364218007558,0.012689724178861522,0.05699076262449824
96.57641320660329,0.0316435292655702,0.05827001008983039,0.009850900041747851,0.05655762331156773
96.64832416208105,0.03166318441866509,0.059062377011264405,0.0069925012044075585,0.05609062791246744
96.72023511755879,0.03170370451275298,0.05980003539337948,0.004120095128626017,0.055589358803720276
96.79214607303652,0.03176502207830119,0.060482277685178366,0.0012392492761851281,0.05505339836184866
96.86405702851427,0.031847069645777076,0.0611083963356636,-0.0016444688911326777,0.05448232896337502
96.935967983992,0.03194977974564793,0.06167768379383742,-0.004525491911543222,0.05387573298482215
97.00787893946973,0.03207308490838111,0.06218943250870236,-0.0073982523232640485,0.05323319280271252
97.07978989494748,0.03221691766444398,0.06264293492926098,-0.01025718266451267,0.052554290793568575
97.15170085042521,0.032381210544303804,0.06303748350451549,-0.013096715473504938,0.05183860933391311
97.22361180590295,0.032565896078427956,0.06337237068346846,-0.015911283288458367,0.0510857308002686
97.29552276138068,0.032770906797283755,0.06364688891512235,-0.018695318647590026,0.05029523756915759
97.36743371685843,0.03299617523133858,0.06386033064847962,-0.021443254089117292,0.049466712017102496
97.43934467233616,0.03324163391105969,0.0640119883325426,-0.024149522151256098,0.048599736520626206
97.5112556278139,0.03350721536691445,0.06410115441631381,-0.026808555372223958,0.04769389345625113
97.58316658329164,0.033792852129370256,0.06412712134879572,-0.029414786290238387,0.046748765200499635
97.65507753876938,0.03409847672889432,0.06408918157899068,-0.03196264744351532,0.04576393412989468
97.72698849424712,0.034424021695954106,0.0639866275559012,-0.03444657137027271,0.04473898262095842
97.79889944972487,0.03476941956101687,0.06381875172852966,-0.03686099060872697,0.04367349305021363
97.8708104052026,0.035134602854549876,0.06358484654587862,-0.03920033769709466,0.04256704779418312
97.94272136068034,0.03551950410702054,0.06328420445695042,-0.04145904517359325,0.04141922922938922
98.01463231615809,0.03592405584889627,0.06291611791074747,-0.04363154557644011,0.040229619732354255
98.08654327163582,0.036348190610644225,0.06247987935627233,-0.04571227144385134,0.03899780167960129
98.15845422711355,0.03679184092273183,0.06197478124252742,-0.04769565531404438,0.03772335744765264
98.2303651825913,0.037254939315626505,0.061400116018515014,-0.049576129725236534,0.03640586941303064
98.30227613806903,0.03773741831979539,0.060755176133237804,-0.051348127215644024,0.035044919952258335
98.37418709354677,0.03823921046570594,0.06003925403569811,-0.05300608032348422,0.03364009144185806
98.44609804902451,0.03876024828382555,0.05925164217489823,-0.054544421586974395,0.0321909662583521
98.51800900450225,0.039300464304621384,0.0583916329998409,-0.05595758354433089,0.030697126778263577
98.58991995997998,0.03985979105856085,0.05745851895952844,-0.05723999873377095,0.02915815537811478
98.66183091545774,0.04043816107611153,0.05645159250296283,-0.05838609969351202,0.02757363443442766
98.73374187093548,0.041035506887740276,0.05537014607914739,-0.059390318961770217,0.02594314632372602
98.80565282641321,0.04165176102391467,0.054213472137084065,-0.06024708907676285,0.024266273422531792
98.87756378189096,0.04228685601510216,0.05298086312577514,-0.06095084257670713,0.02254259810736725
98.94947473736869,0.04294072439176984,0.051671611494223516,-0.061496011999819716,0.020771702754755622
99.02138569284642,0.04361329868438514,0.050285009691431376,-0.06187702988431773,0.018953169741219106
99.09329664832416,0.04430451142341543,0.0488203501664012,-0.06208832876841819,0.01708658144328032
99.1652076038019,0.04501429513932816,0.047276925368135075,-0.06212434119033794,0.01517152023746142
99.23711855927964,0.04574258236259038,0.04565402774563607,-0.06197949968829397,0.013207568500285732
99.30902951475737,0.046489305623669555,0.043950949747906365,-0.06164823680050338,0.011194308608275472
99.38094047023512,0.0472543974530332,0.042166983823947984,-0.06112498506518291,0.00913132293795274
99.45285142571285,0.048037790381148346,0.04030142242276413,-0.06040417702054979,0.007018193865840988
99.52476238119058,0.04883941693848243,0.038353557993356824,-0.05948024520482087,0.0048545037684623454
99.59667333666833,0.04965920965550297,0.03632268298472818,-0.05834762215621289,0.0026398350223389294
99.66858429214608,0.05049710106267717,0.034208089845881,-0.05700074041294298,0.00037377000399375915
99.74049524762381,0.05135302369047218,0.03200907102581807,-0.05543403251322848,-0.0019441089100501463
99.81240620310156,0.05222691006935565,0.029724918973541126,-0.05364193099528569,-0.004314219343271156
99.8843171585793,0.05311869272979454,0.027354926138053376,-0.05161886839733221,-0.0067369789191457224
99.95622811405703,0.05402830420225643,0.02489838496835689,-0.049359277257584794,-0.009212805261151785
100.02813906953477,0.05494503460462633,0.02237030481080426,-0.04688392962288401,-0.011731957562151793
100.10005002501251,0.05576721587025956,0.019921157561427136,-0.0444425703690799,-0.014197147452788588
100.17196098049024,0.05647197534948656,0.0175872124880049,-0.04209728578787107,-0.01658491354105515
100.24387193596799,0.05706238635188342,0.015366638464753718,-0.03984668497322303,-0.018896421523593488
100.31578289144572,0.057541522187025934,0.01325760436589108,-0.03768937701910264,-0.021132837097044287
100.38769384692345,0.05791245616449022,0.011258279065633146,-0.035623971019475384,-0.023295325958049583
100.4596048024012,0.05817826159385232,0.009366831438196152,-0.03364907606830681,-0.02538505380325136
100.53151575787894,0.05834201178468815,0.007581430357797457,-0.03176330125956368,-0.027403186329290372
100.60342671335667,0.05840678004657376,0.00590024469865328,-0.02996525568721152,-0.029350889232808618
100.67533766883443,0.05837563968908512,0.004321443334979624,-0.028253548445215625,-0.031229328210448406
100.74724862431216,0.05825166402179828,0.0028431951409943392,-0.0266267886275433,-0.03303966895884983
100.8191595797899,0.058037926354289227,0.0014636689909133934,-0.025083585328159796,-0.03478307717465523
100.89107053526763,0.05773749999613398,0.00018103375895339203,-0.02362254764103107,-0.03646071855450618
100.96298149074538,0.05735345825690845,-0.001006541680669288,-0.022242284660122787,-0.03807375879504457
101.03489244622311,0.056888874446188786,-0.002100888453737567,-0.020941405479401466,-0.03962336359291134
101.10680340170084,0.05634682187355094,-0.0031038376860350846,-0.01971851919283276,-0.04111069864474841
101.17871435717859,0.055730373848570776,-0.004017220503345409,-0.01857223489438239,-0.04253692964719761
101.25062531265633,0.05504260368082453,-0.004842868031451571,-0.017501161678016776,-0.043903222296899976
101.32253626813406,0.05428658467988813,-0.005582611396137152,-0.016503908637701625,-0.04521074229049737
101.3944472236118,0.053465390155337376,-0.006238281723185669,-0.015579084867402712,-0.0464606553246316
101.46635817908954,0.05258209341674859,-0.006811710138380254,-0.01472529946108635,-0.047654127095943764
101.53826913456727,0.05163976777369765,-0.007304727767504442,-0.013941161512718285,-0.048792323301075705
101.61018009004503,0.050641486535760144,-0.007719165736341779,-0.01322528011626422,-0.049876409636669394
101.68209104552277,0.049590323012512844,-0.008056855170675323,-0.012576264365690648,-0.05090755179936556
101.7540020010005,0.048489350513531405,-0.008319627196288648,-0.01199272335496324,-0.051886915485806234
101.82591295647825,0.047341642348391555,-0.008509312938965195,-0.011473266178047826,-0.05281566639263316
101.89782391195598,0.0461502718266698,-0.008627743524488259,-0.011016501928910589,-0.05369497021648756
101.96973486743371,0.04491831225794189,-0.008676750078641292,-0.010621039701517343,-0.05452599265401119
102.04164582291146,0.043648836951783586,-0.008658163727207666,-0.010285488589833976,-0.0553098994018458
102.1135567783892,0.042344919217771386,-0.008573815595970813,-0.010008457687826579,-0.05604785615663263
102.18546773386693,0.04100963236548104,-0.00842553681071409,-0.00978855608946104,-0.056741028615013456
102.25737868934468,0.0396460497044883,-0.008215158497220848,-0.009624392888703266,-0.057390582473629936
102.32928964482241,0.03825724454436969,-0.007944511781274595,-0.00951457717951927,-0.05799768342912343
102.40120060030014,0.036846290194700974,-0.007615427788658667,-0.009457718055874968,-0.05856349717813563
102.47311155577789,0.03541625996505783,-0.00722973764515638,-0.009452424611736308,-0.05908918941730822
102.54502251125562,0.03397022716501685,-0.0067892724765512905,-0.009497305941069227,-0.059575925843282584
102.61693346673336,0.03251126510415374,-0.006295863408626701,-0.009590971137839709,-0.06002487215270039
102.6888444222111,0.031042447092044248,-0.005751341567165891,-0.00973202929601371,-0.06043719404220329
102.76075537768885,0.02956684643826464,-0.00515753807795237,-0.009919089509557145,-0.0608140572084328
102.83266633316659,0.028087536452391218,-0.0045162840667696685,-0.01015076087243593,-0.061156627348030415
102.90457728864432,0.026607590443999712,-0.003829410659401053,-0.010425652478616064,-0.06146607015763779
102.97648824412207,0.0251300817226658,-0.0030987489816297342,-0.01074237342206353,-0.061743551333896564
103.0483991995998,0.02365808359796609,-0.0023261301592394645,-0.011099532796744173,-0.0619902365734482
103.12031015507753,0.02219466937947627,-0.001513385318013441,-0.011495739696623992,-0.062207291572934344
103.19222111055528,0.020742912376772102,-0.0006623455837349301,-0.011929603215669007,-0.06239588202899661
103.26413206603301,0.019305885899430122,0.00022515791781237138,-0.01239973244784505,-0.06255717363827647
103.33604302151075,0.017886663257026078,0.001147294060845211,-0.01290473648711811,-0.0626923320974156
103.4079539769885,0.016488317759135673,0.002102231719580419,-0.013443224427454215,-0.06280252310305555
103.47986493246623,0.015113922715335487,0.003088139768234216,-0.014013805362819168,-0.0628889123518379
103.55177588794396,0.013766551435201224,0.004103187081023349,-0.014615088387178968,-0.0629526655404042
103.62368684342172,0.012449277228308367,0.0051455425321648846,-0.015245682594499863,-0.06299494836539608
103.69559779889946,0.011165173404234008,0.006213374995874585,-0.01590419707874728,-0.06301692652345507
103.76750875437719,0.009917313272553546,0.0073048533463695026,-0.016589240933887375,-0.0630197657112228
103.83941970985494,0.008708770142842825,0.008418146457866399,-0.017299423253886323,-0.06300463162534077
103.91133066533267,0.007542617324678272,0.009551423204581508,-0.018033353132709692,-0.06297268996245066
103.9832416208104,0.006421928127635701,0.01070285246073159,-0.018789639664323676,-0.06292510641919397
104.05515257628815,0.005349775861290859,0.011870603100533547,-0.019566891942694314,-0.06286304669221232
104.12706353176588,0.004329233835220214,0.013052843998203459,-0.020363719061787203,-0.06278767647814729
104.19897448724362,0.0033633753589994847,0.014247744027958253,-0.021178730115568575,-0.06270016147364042
104.27088544272137,0.0024552737422045834,0.015453472064014706,-0.02201053419800446,-0.06260166737533332
104.3427963981991,0.0016080022944118394,0.016668196980588884,-0.022857740403060406,-0.062493359879867594
104.41470735367683,0.0008246343251970545,0.017890087651897785,-0.02371895782470268,-0.06237640468388479
104.48661830915457,0.00010824314413628022,0.01911731295215785,-0.024592795556897112,-0.06225196748402649
104.55852926463231,-0.0005380979391946678,0.02034804175558605,-0.025477862693609882,-0.06212121397693425
104.63044022011006,-0.001111315615219599,0.02158044293639874,-0.026372768328806778,-0.06198530985924966
104.7023511755878,-0.0016083365743624067,0.022812685368812202,-0.02727612155645351,-0.061845420827614336
104.77426213106554,-0.0020260875070473167,0.024042937927043623,-0.02818653147051642,-0.06170271257866984
104.84617308654327,-0.0023614951036981524,0.025269369485309084,-0.029102607164961103,-0.06155835080905772
104.91808404202101,-0.0026114860547389734,0.02649014891782539,-0.030022957733753686,-0.06141350121541962
104.98999499749875,-0.0027729870505937976,0.027703445098809454,-0.030946192270860262,-0.06126932949439706
105.06190595297649,-0.002842924781686587,0.028907426902477357,-0.031870919870246456,-0.06112700134263166
105.13381690845422,-0.002818225938441374,0.030100263203046013,-0.03279574962587842,-0.06098768245676492
105.20572786393197,-0.002695817211282134,0.03128012287473214,-0.03371929063172219,-0.06085253853343853
105.2776388194097,-0.002472625290632857,0.03244517479175196,-0.03464015198174347,-0.060722735269293976
105.34954977488744,-0.0021455768669175757,0.03359358782832231,-0.035556942769908284,-0.06059943836097295
105.42146073036518,-0.001711598630560196,0.034723530858660034,-0.03646827209018286,-0.06048381350511686
105.49337168584292,-0.0011676172719848332,0.03583317275698125,-0.037372749036532704,-0.06037702639836745
105.56528264132065,-0.000510559481615408,0.03692068239750279,-0.038268982702923976,-0.060280242737366235
105.63719359679841,0.0002626480501242978,0.037984228654441704,-0.03915558218332299,-0.06019462821875474
105.70910455227614,0.0011550786328098361,0.03902198040201377,-0.04003115657169498,-0.06012134853917461
105.78101550775388,0.002169805576017342,0.04003210651443592,-0.04089431496200621,-0.06006156939526747
105.85292646323163,0.003309902189323144,0.04101277586592508,-0.04174366644822286,-0.06001645648367476
105.92483741870936,0.00457844178230285,0.041962157330697414,-0.04257782012431052,-0.059987175501038215
105.99674837418709,0.005978497664532567,0.04287841978296969,-0.04339538508423524,-0.059974892143999314
106.06865932966483,0.007513143145588319,0.043759732096958576,-0.044194970421963076,-0.059980772109199665
106.14057028514257,0.009185451535046477,0.04460426314688082,-0.0449751852314601,-0.060005981093280814
106.2124812406203,0.010998496142482411,0.04541018180695269,-0.04573463860669191,-0.06005168479288439
106.28439219609804,0.012915529309522611,0.0461776660455912,-0.04647215294931348,-0.060117694676045635
106.35630315157579,0.014679350464341004,0.04691885266150575,-0.0471883487468755,-0.060195506208133735
106.42821410705352,0.016247481519795486,0.047636400724229505,-0.047883696825873914,-0.06028258966806942
106.50012506253125,0.017624922022301634,0.04833067807945844,-0.04855849057306634,-0.06037792794790253
106.57203601800902,0.018816671518275093,0.04900205257288863,-0.049213023375210496,-0.06048050393968298
106.64394697348675,0.019827729554130136,0.04965089205021537,-0.049847588619063306,-0.06058930053546052
106.71585792896448,0.020663095676282488,0.05027756435713475,-0.050462479691382504,-0.06070330062728504
106.78776888444223,0.02132776943114746,0.050882437339342695,-0.051057989978925675,-0.060821487107206404
106.85967983991996,0.02182675036514002,0.0514658788425348,-0.05163441286845004,-0.060942842867274416
106.9315907953977,0.02216503802467552,0.052028256712406996,-0.05219204174671318,-0.06106635079953895
107.00350175087544,0.022347631956169192,0.05256993879465522,-0.05273117000047266,-0.06119099379604987
107.07541270635318,0.022379531706036175,0.05309129293497506,-0.053252091016485724,-0.061315754748856977
107.14732366183091,0.02226573682069173,0.05359268697906247,-0.053755098181509954,-0.06143961655001014
107.21923461730866,0.022011246846551022,0.054074488772613345,-0.0542404848823029,-0.06156156209155923
107.29114557278639,0.021621061330029355,0.05453706616132332,-0.05470854450562183,-0.061680574265554046
107.36305652826412,0.02110017981754188,0.054980786990888306,-0.0551595704382243,-0.06179563596404446
107.43496748374187,0.020453601855503704,0.055406019107004205,-0.05559385606686786,-0.06190573007908034
107.5068784392196,0.01968632699033028,0.05581313035536668,-0.05601169477830982,-0.06200983950271148
107.57878939469734,0.018803354768436704,0.056202488581671636,-0.05641337995930769,-0.062106947126987756
107.6507003501751,0.017809684736237785,0.05657446163161503,-0.056799204996619106,-0.06219603584395905
107.72261130565283,0.016710316440149496,0.05692941735089239,-0.05716946327700123,-0.062276088545675144
107.79452226113057,0.015510249426586714,0.05726772358519968,-0.057524448187211655,-0.062346088124185906
107.8664332166083,0.014214483241964615,0.05758974818023273,-0.05786445311400786,-0.06240501747154119
107.93834417208605,0.012828017432698152,0.05789585898168742,-0.058189771444147366,-0.062451859479790844
108.01025512756378,0.011355851545203077,0.05818642383525943,-0.058500696564387514,-0.062485597040984706
108.08216608304151,0.00980298512589433,0.05846181058664467,-0.05879752186148581,-0.06250521304717263
108.15407703851926,0.008174417721186808,0.058722387081538985,-0.059080540722199794,-0.06250969039040447
108.225987993997,0.00647514887749636,0.0589685211656381,-0.05935004653328681,-0.06249801196273005
108.29789894947473,0.004710178141237878,0.059200580684637905,-0.05960633268150437,-0.06246916065619923
108.36980990495248,0.002884505058826231,0.059418933484234236,-0.05984969255360998,-0.06242211936286184
108.44172086043021,0.001003129176677317,0.059623947410122835,-0.06008041953636102,-0.06235587097476776
108.51363181590794,-0.000928949958793987,0.059815990307999584,-0.06029880701651497,-0.06226939838396682
108.5855427713857,-0.002906732801173248,0.05999543002356035,-0.06050514838082942,-0.06216168448250882
108.65745372686344,-0.004925219804043715,0.06016263440250081,-0.06069973701606163,-0.062031712162443686
108.72936468234117,-0.006979411420990914,0.06031797129051688,-0.06088286630896915,-0.06187846431582123
108.80127563781892,-0.009064308105600091,0.06046180853330438,-0.06105482964630948,-0.061700923834691265
108.87318659329665,-0.011174910311455205,0.0605945139765591,-0.06121592041484003,-0.06149807361110371
108.94509754877438,-0.013306218492141378,0.06071645546597686,-0.061366432001318263,-0.06126889653710836
109.01700850425213,-0.015453233101243913,0.060828000847253524,-0.061506657792501696,-0.06101237550475503
109.08891945972987,-0.017610954592346725,0.06092951796608486,-0.06163689117514773,-0.06072749340609366
109.1608304152076,-0.01977438341903502,0.061021374668166706,-0.061757425536013856,-0.060413233133174045
109.23274137068535,-0.02193852003489402,0.0611039387991949,-0.06186855426185754,-0.06006857757804596
109.30465232616308,-0.024098364893507626,0.061177578204865246,-0.06197057073943622,-0.05969250963275939
109.37656328164081,-0.026248918448461098,0.061242660730873574,-0.06206376835550736,-0.059284012189364126
109.44847423711856,-0.028385181153339628,0.061299554222915685,-0.062148440496828466,-0.05884206813990991
109.5203851925963,-0.030502153461727077,0.061348626526687405,-0.06222488055015693,-0.05836566037644676
109.59229614807404,-0.032594835827209234,0.061390245487884576,-0.06229338190225028,-0.05785377179102435
109.66420710355177,-0.03465822870336996,0.06142477895220297,-0.062354237939865914,-0.05730538527569272
109.73611805902952,-0.036687332543794804,0.06145259476533847,-0.06240774204976137,-0.0567194837225015
109.80802901450726,-0.03867714780206785,0.061474060772986845,-0.06245418761869403,-0.056095050023500764
109.87993996998499,-0.040622674931774266,0.06148954482084394,-0.062493868033421406,-0.05543106707074025
109.95185092546274,-0.042518914386499185,0.061499414754605575,-0.06252707668070095,-0.05472651775626966
110.02376188094047,-0.04436086661982669,0.061504038419967565,-0.06255410694729012,-0.053980384972139125
110.0956728364182,-0.04614353208534186,0.06150378366262572,-0.06257525221994638,-0.05319165161039835
110.16758379189595,-0.04786191123662992,0.06149901832827588,-0.06259080588542719,-0.05235930056309702
110.23949474737368,-0.049511004527274916,0.061490110262613834,-0.06260106133048998,-0.051482314722285295
110.31140570285142,-0.05108581241086199,0.06147742731133543,-0.06260631194189228,-0.050559676980012874
110.38331665832916,-0.052581335340976254,0.06146133732013648,-0.0626068511063915,-0.0495903702283294
110.4552276138069,-0.05399257377120184,0.06144220813471282,-0.06260297221074512,-0.04857337735928511
110.52713856928463,-0.05531452815512386,0.06142040760076026,-0.0625949686417106,-0.04750768126492966
110.59904952476239,-0.05654219894632764,0.06139630356397457,-0.06258313378604541,-0.046392264837312444
110.67096048024013,-0.057670586598396856,0.06137026387005165,-0.06256776103050699,-0.045226110968484196
110.74287143571786,-0.05869469156491697,0.06134265636468728,-0.0625491437618528,-0.04400820255049433
110.8147823911956,-0.05960951429947281,0.06131384889357727,-0.06252757536684034,-0.04273752247539243
110.88669334667334,-0.060410055255648853,0.061284209302417465,-0.06250334923222703,-0.04141305363522884
110.95860430215107,-0.061091314887030096,0.06125410543690367,-0.062476758744770364,-0.040033778922053176
111.03051525762882,-0.06164829364720137,0.06122390514273172,-0.06244809729122778,-0.03859868122791499
111.10242621310655,-0.06207599198974725,0.061193976265597416,-0.062417658258356754,-0.0371067434448647
111.17433716858429,-0.06236941036825272,0.06116468665119659,-0.06238573503291473,-0.03555694846495186
111.24624812406203,-0.06252354923630249,0.061136404145225046,-0.06235262100165918,-0.03394827918022599
111.31815907953977,-0.06253340904748131,0.061109496593378644,-0.06231860955134757,-0.0322797184827376
111.3900700350175,-0.06239399025537409,0.06108433184135315,-0.06228399406873737,-0.0305502492645362
111.46198099049523,-0.06210029331356556,0.06106127773484442,-0.06224906794058603,-0.02875885441767164
111.533891945973,-0.06164731867564022,0.06104070211954827,-0.06221412455365099,-0.026904516834193037
111.60580290145073,-0.06103006679518336,0.061022972841160504,-0.06217945729468975,-0.024986219406151686
111.67771385692846,-0.06024353812577957,0.06100845774537695,-0.06214535955045977,-0.02300294502559671
111.74962481240621,-0.05928273312101337,0.06099752467789343,-0.06211212470771848,-0.020953676584577557
111.82153576788394,-0.05814265223446999,0.06099054148440578,-0.062080046153223364,-0.018837396975144888
111.89344672336168,-0.056818295919733974,0.060987876010609815,-0.06204941727373188,-0.016653089089348136
111.96535767883942,-0.05530466463038994,0.06098989610220132,-0.06202053145600148,-0.01439973581923669
112.03726863431716,-0.0535967588200231,0.06099696960487615,-0.06199368208678965,-0.012076320056861316
112.10917958979489,-0.05168957894221801,0.0610094643643301,-0.06196916255285382,-0.009681824694271389
112.18109054527264,-0.04957812545055912,0.06102774822625903,-0.061947266240951475,-0.007215232623516282
112.25300150075037,-0.04725739879863197,0.06105218903635871,-0.06192828653784008,-0.004675526736646812
112.3249124562281,-0.04472239944002096,0.061083154640324995,-0.06191251683027708,-0.0020616899257123317
112.39682341170585,-0.04196812782831033,0.061121012883853694,-0.06190025050501993,0.0006272949172378278
112.46873436718359,-0.03898958441708589,0.06116613161264063,-0.06189178094882613,0.0033924449001527662
112.54064532266132,-0.03582936014774243,0.06121734324711004,-0.06188706805902531,0.006208256834266165
112.61255627813908,-0.03270641649646879,0.06126770565685167,-0.06188469536650382,0.00895205540023767
112.68446723361681,-0.029648131735543884,0.061316342218441615,-0.061884396227955135,0.01160945285442939
112.75637818909455,-0.026653861293050238,0.06136327391590057,-0.061886089532167274,0.014181763293389844
112.8282891445723,-0.02372296059707105,0.06140852173324921,-0.06188969416792826,0.016670300813666935
112.90020010005003,-0.02085478507569125,0.06145210665450818,-0.061895129024026094,0.019076379511807094
112.97211105552776,-0.018048690156994028,0.061494049663698175,-0.06190231298924879,0.021401313484358246
113.04402201100551,-0.015304031269062624,0.06153437174483985,-0.06191116495238437,0.023646416827868246
113.11593296648324,-0.012620163839981897,0.06157309388195387,-0.061921603802220844,0.02581300363888362
113.18784392196098,-0.009996443297835066,0.06161023705906092,-0.06193354842754622,0.027902388013952242
113.25975487743871,-0.007432225070705907,0.06164582226018166,-0.06194691771714852,0.029915884049621526
113.33166583291646,-0.004926864586677709,0.06167987046933676,-0.06196163055981576,0.03185480584243927
113.40357678839419,-0.0024797172738352325,0.06171240267054689,-0.061977605844335946,0.03372046748895212
113.47548774387192,-9.013856026174934e-5,0.06174343984783271,-0.061994762459497095,0.03551418308570789
113.54739869934969,0.0022425161259598796,0.06177300298521491,-0.06201301929408722,0.037237266729254676
113.61930965482742,0.004518891356744039,0.06180111306671413,-0.06203229523689434,0.03889103251613851
113.69122061030515,0.006739631704007879,0.061827791076351064,-0.06205250917670646,0.04047679454290752
113.7631315657829,0.008905381739668055,0.061853057998146374,-0.0620735800023116,0.041995866906109416
113.83504252126063,0.011016786035639936,0.06187693481612072,-0.06209542660249777,0.04344956370229102
113.90695347673837,0.013074489163840181,0.06189944251429478,-0.06211796786605299,0.044839199028000064
113.97886443221611,0.015079135696185419,0.06192060207668922,-0.06214112268176527,0.0461660869797842
114.05077538769385,0.01703137020459107,0.06194043448732471,-0.06216480993842262,0.047431541654190335
114.12268634317158,0.018931837260973756,0.061958960730221925,-0.062188948524813055,0.04863687714776616
114.19459729864933,0.02078118143725009,0.061976201789401525,-0.062213457329724595,0.04978340755705931
114.26650825412706,0.022580047305335544,0.061992178648884184,-0.06223825524194525,0.050872446978616745
114.3384192096048,0.02432907943714672,0.062006912292690564,-0.06226326115026303,0.051905309508986135
114.41033016508254,0.026028922404600172,0.062020423704841336,-0.06228839394346596,0.05288330924471506
114.48224112056027,0.02768022077961147,0.06203273386935718,-0.062313572510342044,0.053807760282350556
114.55415207603802,0.029283619134097494,0.06204386377025876,-0.0623387157396793,0.05467997671844044
114.62606303151577,0.030839762039974128,0.06205383439156673,-0.06236374252026574,0.0555012726495319
114.6979739869935,0.0323492940691573,0.06206266671730179,-0.062388571740889374,0.05627296217217222
114.76988494247124,0.03381285979356355,0.062070381731484575,-0.06241312229033823,0.056996359382909006
114.84179589794897,0.035231103785109116,0.062077000418135776,-0.062437313057400294,0.05767277837828966
114.91370685342672,0.036604670615710495,0.06208254376127605,-0.06246106293086361,0.05830353325486171
114.98561780890445,0.03793420485728335,0.062087032744926086,-0.06248429079951618,0.05888993810917236
115.05752876438218,0.0392203510817442,0.06209048835310652,-0.06250691555214602,0.05943330703776912
115.12943971985993,0.0404637538610095,0.06209293156983805,-0.06252885607754113,0.05993495413719953
115.20135067533766,0.041665057766994994,0.06209438337914134,-0.06255003126448955,0.0603961935040108
115.2732616308154,0.042824907371617184,0.06209486476503704,-0.06257036000177926,0.06081833923475044
115.34517258629315,0.04394394724679247,0.06209439671154585,-0.06258976117819831,0.06120270542596596
115.41708354177088,0.04502282196443663,0.06209300020268841,-0.0626081536825347,0.06155060617420462
115.48899449724861,0.04606217609646618,0.062090696222485406,-0.06262545640357642,0.061863355576013905
115.56090545272637,0.04706265421479767,0.0620875057549575,-0.06264158823011153,0.062142267727941375
115.6328164082041,0.04802490089134655,0.06208344978412536,-0.062656468050928,0.06238865672653417
115.70472736368184,0.048949560698029485,0.06207854929400967,-0.06267001475481386,0.06260383666833987
115.77663831915959,0.04983727820676283,0.062072825268631074,-0.06268214723055714,0.06278912164990591
115.84854927463732,0.05068869798946249,0.06206629869201027,-0.06269278436694584,0.06294582576777961
115.92046023011505,0.05150446461804482,0.06205899054816789,-0.06270184505276795,0.0630752631185085
115.9923711855928,0.0522852226644263,0.062050921821124636,-0.06270924817681153,0.06317874779863995
116.06428214107054,0.05303161670052274,0.06204211349490117,-0.06271491262786456,0.06325759390472138
116.13619309654827,0.05374429129825058,0.06203258655351814,-0.06271875729471507,0.06331311553330021
116.20810405202602,0.054423891029526134,0.062022361980996255,-0.06272070106615107,0.06334662678092386
116.28001500750375,0.055071060466265434,0.06201146076135615,-0.06272066283096057,0.06335944174413972
116.35192596298148,0.055686444180384806,0.061999903878618506,-0.06271856147793159,0.06335287451949526
116.42383691845923,0.05627068674380055,0.061987712316803986,-0.06271431589585214,0.06332823920353788
116.49574787393698,0.05682443272842881,0.06197490705993326,-0.06270784497351023,0.06328684989281497
116.56765882941471,0.057348326706185726,0.06196150909202702,-0.06269906759969389,0.063230020683874
116.63956978489244,0.05784301324898762,0.0619475393971059,-0.0626879026631911,0.06315906567326236
116.71148074037019,0.05830913692875078,0.061933018959190594,-0.06267426905278992,0.06307529895752743
116.78339169584793,0.05874734231739129,0.06191796876230175,-0.06265808565727832,0.06298003463321666
116.85530265132566,0.059158273986825397,0.06190240979046007,-0.06263927136544435,0.06287458679687752
116.9272136068034,0.05954257650896949,0.06188636302768618,-0.062617745066076,0.06276026954505735
116.99912456228114,0.05990089445573964,0.06186984945800078,-0.06259342564796129,0.06263839697430364
117.07103551775887,0.06023387239905212,0.061852890065424534,-0.06256623199988824,0.06251028318116376
117.14294647323662,0.060542154910823195,0.0618355058339781,-0.06253608301064485,0.062377242262185106
117.21485742871435,0.060826386562969015,0.06181771774768217,-0.06250289756901915,0.06224058831391516
117.28676838419209,0.061087211927405835,0.06179954679055738,-0.06246659456379915,0.062101635432901314
117.35867933966983,0.0613252755760499,0.06178101394662443,-0.06242709288377285,0.06196169771569096
117.43059029514757,0.061541222080817456,0.06176214019990396,-0.06238431141772828,0.061822089258831564
117.5025012506253,0.06173569601362461,0.06174294653441668,-0.06233816905445345,0.061684124158870535
117.57441220610306,0.061909341946387836,0.06172345393418321,-0.062288584682736355,0.0615491165123552
117.6463231615808,0.06206280445102311,0.06170368338322424,-0.062235477191365046,0.06141838041583314
117.71823411705853,0.06219672809944671,0.06168365586556046,-0.06217876546912751,0.06129322996585168
117.79014507253628,0.06231175746357501,0.06166339236521251,-0.06211836840481177,0.061174979258958206
117.86205602801401,0.062408537115324014,0.06164291386620107,-0.06205420488720584,0.06106494239170021
117.93396698349174,0.062487711626610126,0.06162224135254682,-0.061986193805097727,0.06096443346062508
118.00587793896949,0.06254992556934952,0.061601395808270405,-0.06191425404727544,0.06087476656228022
118.07778889444722,0.06259582351545842,0.061580398217392515,-0.06183830450252702,0.060797255793213045
118.14969984992496,0.06262605003685304,0.06155926956393381,-0.06175826405964046,0.06073321524997102
118.2216108054027,0.06264124970544963,0.06153803083191496,-0.06167405160740376,0.060683959029101564
118.29352176088044,0.06264206709316436,0.06151670300535663,-0.06158558603460497,0.060650801227152024
118.36543271635817,0.0626291467719135,0.06149530706827949,-0.06149278623003208,0.06063505594066987
118.4373436718359,0.06260313331361331,0.06147386400470423,-0.061395571082473115,0.06063803726620248
118.50925462731367,0.06256467129017995,0.061452394798651486,-0.061293859480716036,0.06066105930029733
118.5811655827914,0.06251440527352964,0.06143092043414195,-0.06118757031354895,0.0607054361395018
118.65307653826913,0.06245297983557874,0.06140946189519628,-0.06107662246975981,0.06077248188036338
118.72498749374688,0.06238103954824331,0.06138804016583514,-0.06096093483813664,0.060863510619429434
118.79689844922461,0.06230245761700793,0.06136728284070742,-0.06084755521984921,0.060973319587556175
118.86880940470235,0.06222855437207602,0.0613492306310456,-0.060760119842431244,0.061080389187476915
118.9407203601801,0.062160119573132555,0.061333961771507475,-0.06069918039796688,0.061182972669054266
119.01263131565783,0.06209700870189945,0.061321379577068964,-0.06066323209211213,0.06128115212650487
119.08454227113556,0.06203907724009859,0.06131138736270598,-0.06065077013052296,0.061375009654045416
119.15645322661331,0.061986180669451836,0.061303888443394426,-0.06066028971885536,0.06146462734589262
119.22836418209104,0.061938174471681116,0.06129878613411023,-0.06069028606276534,0.061550087296263115
119.30027513756878,0.0618949141285083,0.0612959837498293,-0.06073925436790884,0.061631471599373606
119.37218609304652,0.061856255121655254,0.06129538460552757,-0.0608056898399419,0.06170886234944079
119.44409704852426,0.0618220529328439,0.06129689201618092,-0.06088808768452046,0.06178234164068133
119.516008004002,0.06179216304379612,0.0613004092967653,-0.06098494310730054,0.06185199156731192
119.58791895947975,0.06176644093623379,0.06130583976225661,-0.06109475131393813,0.061917894223549236
119.65982991495748,0.061744742091878815,0.06131308672763075,-0.06121600751008916,0.06198013170360995
119.73174087043522,0.06172692199245308,0.06132205350786366,-0.061347206901409664,0.06203878610171075
119.80365182591297,0.06171283611967846,0.06133264341793124,-0.06148684469355564,0.062093939512068326
119.8755627813907,0.061702339955276866,0.061344759772809405,-0.06163341609218302,0.06214567402889935
119.94747373686843,0.06169528898097017,0.06135830588747408,-0.061785416302947836,0.06219407174642051
120.01938469234618,0.06169153867848026,0.06137318507690117,-0.06194134053150608,0.06223921475884849
120.09129564782391,0.061690944529529036,0.06138930065606659,-0.06209968398351369,0.06228118516039997
120.16320660330165,0.06169336201583838,0.061406555939946254,-0.06225894186462669,0.06232006504529163
120.23511755877938,0.061698646619130194,0.06142485424351608,-0.06241760938050105,0.062355936507740156
120.30702851425713,0.06170665382112634,0.061444098881751986,-0.0625741817367928,0.06238888164196222
120.37893946973486,0.06171723910354873,0.06146419316962989,-0.06272715413915786,0.06241898254217452
120.4508504252126,0.061730257948119246,0.061485040422125686,-0.06287502179325224,0.06244632130259373
120.52276138069035,0.061745565836559775,0.06150654395421532,-0.06301627990473199,0.062470980017436534
120.59467233616809,0.06176301825059221,0.061528607080874674,-0.063149423679253,0.062493040780919606
120.66658329164582,0.06178247067193843,0.06155113311707969,-0.06327294832247128,0.06251258568725963
120.73849424712357,0.061803778582320335,0.06157402537780626,-0.06338534904004287,0.0625296968306733
120.8104052026013,0.06182679746345981,0.061597187178030324,-0.06348512103762369,0.06254445630537729
120.88231615807904,0.06185138279707873,0.06162052183272777,-0.06357075952086974,0.06255694620558828
120.95422711355678,0.06187739006489902,0.06164393265687453,-0.06364075969543706,0.06256724862552296
121.02613806903452,0.06190467474864253,0.06166732296544652,-0.06369361676698157,0.062575445659398
121.09804902451225,0.061933092330031164,0.06169059607341964,-0.06372782594115929,0.06258161940143007
121.16995997999,0.06196249829078682,0.06171365529576982,-0.0637418824236262,0.06258585194583591
121.24187093546773,0.06199274811263138,0.061736403947472956,-0.06373428142003829,0.06258822538683215
121.31378189094546,0.062023697277286724,0.061758745343504985,-0.06370351813605153,0.06258882181863547
121.38569284642321,0.062055201266474756,0.06178058279884182,-0.06364808777732194,0.06258772333546257
121.45760380190096,0.06208711556191736,0.06180181962845936,-0.06356648554950545,0.06258501203153014
121.52951475737869,0.062119295645336414,0.06182235914733353,-0.0634572066582581,0.06258077000105484
121.60142571285644,0.062151596998453816,0.06184210467044024,-0.06331874630923584,0.06257507933825336
121.67333666833417,0.062183875102991455,0.0618609595127554,-0.0631495997080947,0.0625680221373424
121.7452476238119,0.062215985440671216,0.06187882698925494,-0.06294826206049065,0.06255968049253863
121.81715857928965,0.062247783493215,0.061895610414914766,-0.0627132285720796,0.06255013649805871
121.88906953476739,0.06227912474234467,0.061911213104710795,-0.06244299444851767,0.06253947224811934
121.96098049024512,0.062309864669782146,0.06192553837361894,-0.06213605489546077,0.06252776983693722
122.03289144572285,0.062339858757249296,0.06193848953661511,-0.061790905118564915,0.06251511135872902
122.1048024012006,0.06236896248646802,0.06194996990867523,-0.06140604032348598,0.0625015789077114
122.17671335667833,0.0623970313391602,0.061959882804775206,-0.060979955715880135,0.062487254578101066
122.24862431215607,0.06242392079704772,0.06196813153989096,-0.060511146501403275,0.0624722204641147
122.32053526763382,0.06244948634185248,0.0619746194289984,-0.059998107885711284,0.06245655865996898
122.39244622311155,0.06247358345529637,0.061979249787073455,-0.059439335074460344,0.06244035125988058
122.46435717858928,0.062496067619101266,0.061981925929092026,-0.058833323273306364,0.062423680358066176
122.53626813406704,0.06251679431498908,0.06198255117003003,-0.05817856768790504,0.06240662804874248
122.60817908954478,0.06253561902468166,0.06198102882486338,-0.057473563523912904,0.062389276426126135
122.68009004502251,0.06255239722990094,0.061977262208567994,-0.05671680598698566,0.06237170758443386
122.75200100050026,0.06256698441236878,0.06197115463611978,-0.05590679028277915,0.06235400361788233
122.82391195597799,0.06257923605380708,0.06196260942249467,-0.05504201161694969,0.06233624662068821
122.89582291145572,0.06258900763593772,0.06195152988266857,-0.054120965195153074,0.06231851868706819
122.96773386693347,0.0625961546404826,0.061937819331617384,-0.053142146223045125,0.062300901911238944
123.0396448224112,0.0626005325491636,0.061921381084317044,-0.05210404990628221,0.06228347838741717
123.11155577788894,0.06260199684370263,0.06190211845574345,-0.05100517145052011,0.062266330209819545
123.18346673336669,0.06260040300582155,0.06187993476087252,-0.04984400606141459,0.062249539472662735
123.25537768884442,0.06259560651724226,0.06185473331468018,-0.0486190489446221,0.062233188270163456
123.32728864432215,0.06258746285968665,0.06182641743214233,-0.04732879530579839,0.06221735869653836
123.39919959979991,0.06257582751487661,0.06179489042823489,-0.04597174035059891,0.062202132846004135
123.47111055527765,0.06256055596453403,0.06176005561793378,-0.04454637928468071,0.06218759281277748
123.54302151075538,0.06254150369038079,0.06172181631621491,-0.043051207313699255,0.062173820691075056
123.61493246623311,0.0625185261741388,0.0616800758380542,-0.041484719643310526,0.06216089857511355
123.68684342171086,0.06249147889752992,0.06163473749842755,-0.03984541147917019,0.06214890855910965
123.7587543771886,0.06246021734227606,0.061585704612310894,-0.038131778026934876,0.062137932737280036
123.83066533266633,0.0624245969900991,0.06153288049468014,-0.03634231449226025,0.06212805320384139
123.90257628814408,0.06238447332272092,0.06147616846051119,-0.03447551608080193,0.062119352053010404
123.97448724362181,0.062339701821863436,0.06141547182477998,-0.03252987799821664,0.062111911379003744
124.04639819909954,0.06229013796924852,0.06135069390246242,-0.030503895450159992,0.06210581327603808
124.11830915457729,0.062235637246598044,0.0612817380085344,-0.02839606364228756,0.06210113983833013
124.19022011005502,0.06217605513563393,0.06120850745797186,-0.02620487778025616,0.062097973160096555
124.26213106553276,0.062111247118078056,0.061130905565750716,-0.023928833069721375,0.06209639533555404
124.3340420210105,0.06204106867565228,0.06104883564684686,-0.021566424716338708,0.062096488458919255
124.40595297648824,0.06196537529007855,0.06096220101623624,-0.01911614792576509,0.062098334624408905
124.47786393196598,0.06188402244307868,0.06087090498889473,-0.016576497903655528,0.06210201592623966
124.54977488744373,0.06179686561637462,0.06077485087979827,-0.013945969855666485,0.06210761445862821
124.62168584292147,0.061703760291688246,0.06067394200392279,-0.011223058987454487,0.06211521231579122
124.6935967983992,0.06160456195074145,0.06056808167624419,-0.008406260504675023,0.06212489159194539
124.76550775387695,0.06149912607525608,0.06045717321173836,-0.005494069612983488,0.06213673438130739
124.83741870935468,0.06138730814695409,0.060341119925381256,-0.002484981518037027,0.0621508227780939
124.90932966483241,0.06126896364755733,0.060219825132148776,0.0006225085745089412,0.06216723887652162
124.98124062031016,0.06114394805878767,0.060093192147016805,0.0038299054589990902,0.06218606477080723
125.0531515757879,0.06101993909451715,0.05997152226461306,0.00707817838876338,0.06220662695272511
125.12506253126563,0.06091620374873429,0.059880231340476,0.010215573120692815,0.06222696615604139
125.19697348674337,0.060832731960492825,0.05981883089232918,0.013236601277065175,0.06224682538810249
125.26888444222111,0.06076852963714193,0.0597855178335645,0.01614332152166361,0.062266038969455095
125.34079539769884,0.06072260268603076,0.0597784890775738,0.018937792518273076,0.062284441220645866
125.41270635317657,0.06069395701450846,0.05979594153774894,0.021622072930677926,0.06230186646222148
125.48461730865434,0.06068159852992418,0.059836072127481814,0.024198221422663497,0.06231814901472862
125.55652826413207,0.06068453313962709,0.05989707776016425,0.02666829665801211,0.062333123198713945
125.6284392196098,0.060701766750966356,0.059977155349188134,0.029034357300509146,0.06234662333472413
125.70035017508755,0.060732305271291115,0.06007450180794535,0.03129846201393939,0.062358483743305854
125.77226113056528,0.06077515460795054,0.060187314049827724,0.0334626694620863,0.06236853874500578
125.84417208604302,0.06082932066829377,0.06031378898822714,0.03552903830873468,0.0623766226603706
125.91608304152076,0.060893809359669974,0.060452123536535486,0.03749962721766926,0.06238256980994697
125.9879939969985,0.0609676265894283,0.06060051460814457,0.0393764948526736,0.06238621451428158
126.05990495247623,0.061049778264917906,0.060757159116446295,0.04116169987753246,0.06238739109392108
126.13181590795398,0.06113927029348798,0.060920253974832556,0.04285730095603051,0.06238593386941217
126.20372686343171,0.06123510858248762,0.06108799609669516,0.04446535675195142,0.0623816771613015
126.27563781890944,0.06133629903926601,0.06125858239542598,0.045987925929079895,0.062374455290135765
126.34754877438719,0.061441847571172346,0.061430209784416955,0.047427067151200555,0.06236410257646161
126.41945972986494,0.061550760085555746,0.06160107517705988,0.04878483908209742,0.06235045334082573
126.49137068534267,0.06166204248976534,0.0617693754867466,0.050063300385554635,0.0623333419037748
126.56328164082042,0.06177470069115034,0.06193330762686906,0.05126450972535701,0.06231260258585548
126.63519259629815,0.061887740597059857,0.06209106851081904,0.05239052576528845,0.06228806970761445
126.70710355177589,0.06200016811484306,0.062240855051988446,0.053443407169133525,0.06225957758959839
126.77901450725363,0.062110989151849136,0.062380864163769166,0.054425212600676794,0.06222696055235395
126.85092546273137,0.0622192096154272,0.06250929275955301,0.05533800072370221,0.06219005291642784
126.9228364182091,0.06232383541292643,0.06262433775273189,0.05618383020199429,0.06214868900236671
126.99474737368685,0.06242387245169599,0.06272419605669767,0.05696475969933758,0.06210270313071724
127.06665832916458,0.06251832663908502,0.0628070645848422,0.057682847879516094,0.06205192962202609
127.13856928464232,0.06260620388244267,0.06287114025055732,0.058340153406314335,0.06199620279683994
127.21048024012005,0.06268651008911812,0.06291461996723495,0.058938734943516674,0.06193535697570548
127.2823911955978,0.06275825116646053,0.06293570064826692,0.05948065115490754,0.06186922647916936
127.35430215107553,0.06282043302181901,0.0629325792070451,0.05996796070427107,0.06179764562777827
127.42621310655326,0.06287206156254277,0.06290345255696136,0.060402722255391735,0.06172044874207888
127.49812406203102,0.06291214269598096,0.06284651761140755,0.06078699447205401,0.06163747014261782
127.57003501750876,0.0629396823294827,0.06275997128377556,0.06112283601804196,0.06154854414994184
127.64194597298649,0.06295368637039717,0.06264201048745725,0.06141230555714006,0.06145350508459758
127.71385692846424,0.06295316072607353,0.06249083213584446,0.061657461753132733,0.06135218726713168
127.78576788394197,0.06293711130386093,0.06230463314232909,0.061860363269804194,0.061244425018090874
127.8576788394197,0.06290454401110852,0.06208161042030301,0.06202306877093891,0.0611300526580218
127.92958979489745,0.06285446475516548,0.06181996088315801,0.0621476369203212,0.061008904507471116
128.0015007503752,0.06278587944338095,0.06151788144428605,0.06223612638173538,0.06088081488698554
128.07341170585292,0.06269779398310409,0.061173569017078974,0.062290595818965844,0.06074561811711172
128.14532266133068,0.062589214281684,0.060785220514928476,0.062313103895796876,0.06060314851839627
128.21723361680841,0.06245914624646995,0.06035103285122672,0.062305709276012866,0.060453240411385986
128.28914457228615,0.062306595784811035,0.059869202939365436,0.062270470623398175,0.06029572811662748
128.36105552776388,0.062130568804056416,0.05933792769273648,0.062209446601737106,0.06013044595466742
128.43296648324161,0.061930071211555256,0.05875540402473172,0.06212469587481406,0.059957228246052464
128.50487743871935,0.0617041089146567,0.05811982884874303,0.062018277106413375,0.05977590931132933
128.5767883941971,0.06145168782070981,0.05742939907816199,0.061892248960319335,0.05958632347104459
128.64869934967484,0.06117181383706394,0.05668231162638101,0.061748670100316344,0.05938830504574506
128.72061030515258,0.060863492871068146,0.05587676340679169,0.061589599190188804,0.059181688355977355
128.7925212606303,0.0605257308300716,0.05501095133278588,0.06141709489372099,0.05896630772228814
128.86443221610807,0.060157533621423294,0.0540830723177551,0.061233215874697156,0.05874199746522399
128.9363431715858,0.05975790715247268,0.053091323275091924,0.061040020796901864,0.05850859190533177
129.00825412706354,0.05932585733056877,0.052033901118187884,0.06083956832411935,0.05826592536315806
129.08016508254127,0.05886039006306073,0.05090900276043482,0.06063391712013394,0.05801383215924953
129.152076038019,0.0583605112572977,0.04971482511522462,0.06042512584873008,0.05775214661415287
129.22398699349674,0.05782522682062886,0.04844956509594913,0.060215253173692,0.05748070304841473
129.2958979489745,0.05725354266040312,0.04711141961599968,0.060006357758804,0.05719933578258169
129.36780890445223,0.056644464683970094,0.04569858558876921,0.059800498267850666,0.056907879137200634
129.43971985992997,0.055996998798678706,0.04420925992764905,0.059599733364616214,0.05660616743281812
129.5116308154077,0.05531015091187813,0.04264163954603106,0.059406121712884924,0.05629403498998083
129.58354177088543,0.05458292693091752,0.04099392135730713,0.05922172197644124,0.05597131612923545
129.65545272636317,0.05381433276314602,0.039264302274869115,0.05904859281906946,0.05563784517112864
129.72736368184093,0.05300337431591247,0.03745097921210814,0.0588887929045539,0.055293456436206936
129.79927463731866,0.05214905749656667,0.035552149082417515,0.058744380896678994,0.05493798424501728
129.8711855927964,0.051250388212457455,0.033566008799188404,0.058617415459229105,0.05457126291810622
129.94309654827416,0.0503063723709336,0.03149075527581181,0.058509955255988455,0.054193126776020256
130.0150075037519,0.04931601587934502,0.029324585425681282,0.058424058950741486,0.05380341013930639
130.08691845922962,0.048278324645040484,0.027065696162187843,0.05836178520727259,0.05340194732851113
130.15882941470736,0.04719230457536918,0.024712284398723385,0.058325192689366034,0.052988572664181166
130.2307403701851,0.04605696157768024,0.022262547048679762,0.058316340060806104,0.05256312046686315
130.30265132566282,0.044871301559322826,0.01971468102544884,0.058337285985377296,0.05212542505710377
130.37456228114058,0.043634330427645605,0.017066883242421428,0.058390089126863914,0.051675320755449505
130.44647323661832,0.0423450540899987,0.014317350612991463,0.05847680814905029,0.051212641882447396
130.51838419209605,0.041002478453730805,0.011464280050549808,0.05859950171572073,0.05073722275864395
130.59029514757378,0.03960560942619106,0.008505868468488317,0.058760228490659566,0.05024889770458582
130.66220610305152,0.03815345291472863,0.0054403127801988665,0.05896104713765127,0.04974750104081969
130.73411705852925,0.03664501482669266,0.0022658098990732886,0.05920401632048006,0.04923286708789223
130.80602801400698,0.03507930106943233,-0.0010194432614965138,0.05949119470293035,0.04870483016635011
130.87793896948475,0.033455317550296126,-0.00441724978812006,0.059824640948786645,0.04816322459673981
130.94984992496248,0.031772070176634484,-0.007929412767402777,0.060206413721833024,0.0476078846996084
131.0217608804402,0.03002856485579594,-0.011557735285954149,0.060638571685853876,0.04703864479550235
131.09367183591797,0.02822380749512894,-0.0153040204303838,0.06112317350463384,0.046455339204968096
131.1655827913957,0.026356804001984042,-0.0191700712872969,0.06166227784195688,0.0458578022485528
131.23749374687344,0.0244265602837097,-0.023157690943303055,0.06225794336160745,0.04524586824680288
131.30940470235117,0.022467480894604826,-0.0271395141557087,0.06286144126596492,0.04464878571723432
131.3813156578289,0.02054557983799074,-0.030875542844878437,0.06337873131519495,0.04412054736563689
131.45322661330664,0.018661845747133286,-0.0343651947257383,0.06380909829874788,0.043659911342051494
131.5251375687844,0.016815700436768898,-0.037613629345091715,0.06415407532458797,0.04326432006271028
131.59704852426214,0.015006565721636193,-0.040626006249738306,0.06441519550067903,0.04293121594384586
131.66895947973987,0.01323386341647159,-0.04340748498648159,0.06459399193498533,0.042658041401690334
131.7408704352176,0.011497015336012249,-0.04596322510212373,0.06469199773547098,0.042442238852475986
131.81278139069533,0.009795443294995326,-0.048298386143466945,0.06471074601010011,0.042281250712435096
131.8846923461731,0.008128569108157329,-0.050418127657314196,0.0646517698668368,0.04217251939779992
131.95660330165083,0.0064958145902367275,-0.05232760919046599,0.06451660241364517,0.042113487324802835
132.02851425712856,0.004896601555970021,-0.05403199028972541,0.06430677675848935,0.04210159690967606
132.1004252126063,0.003330351820094361,-0.05553643050189462,0.06402382600933346,0.04213429056865189
132.17233616808406,0.0017964871973463097,-0.0568460893737763,0.06366928327414145,0.04220901071796264
132.2442471235618,0.0002944295024642331,-0.057966126452171585,0.06324468166087771,0.042323199773840525
132.31615807903952,-0.0011763994498153185,-0.058901701283883244,0.06275155427750623,0.042474300152517866
132.38806903451726,-0.0026165778447551948,-0.059657973415713446,0.062191434231991145,0.04265975427022694
132.459979989995,-0.004026683867618233,-0.06024010239446436,0.06156585463229653,0.04287700454320003
132.53189094547272,-0.0054072957036672715,-0.060653247766938194,0.06087634858638651,0.04312349338766942
132.60380190095046,-0.006758991538165159,-0.060902569079937116,0.060124449202225226,0.043396663219867404
132.67571285642822,-0.00808234955637526,-0.060993225880263346,0.05931168958777642,0.04369395645602638
132.74762381190595,-0.009377947943559357,-0.06093037771471897,0.05843960285100486,0.04401281551237839
132.8195347673837,-0.01064636488498083,-0.06071918413010624,0.057509722099874365,0.04435068280515585
132.89144572286145,-0.011888178565903008,-0.06036480467322719,0.05652358044234862,0.04470500075059117
132.96335667833918,-0.013103967171587747,-0.05987239889088427,0.05548271098639254,0.04507321176491634
133.03526763381691,-0.014294308887298386,-0.05924712632987958,0.05438864683996984,0.04545275826436382
133.10717858929465,-0.015459781898297779,-0.058494146537015276,0.05324292111104466,0.045841082665165865
133.17908954477238,-0.01660096438984875,-0.05761861905909356,0.052047066907581103,0.04623562738355476
133.25100050025011,-0.017718434547214147,-0.05662570344291659,0.050802617337543265,0.046633834835762805
133.32291145572788,-0.018812770555657256,-0.055520559235286135,0.04951110550889475,0.04703314743802243
133.3948224112056,-0.019884550600440025,-0.05430834598300521,0.048174064529600706,0.0474310076065656
133.46673336668334,-0.020934352866825757,-0.05299422323287564,0.046793027507624714,0.04782485775762477
133.53864432216108,-0.02196275554007729,-0.05158335053169957,0.04536952755093092,0.048212140307432205
133.6105552776388,-0.022970336805457455,-0.050080887426279155,0.04390509776748342,0.04859029767222021
133.68246623311654,-0.02395767484822911,-0.04849199346341668,0.04240127126524633,0.048956772268221045
133.7543771885943,-0.02492534785365548,-0.04682182818991357,0.040859581152183126,0.049309006511667156
133.82628814407204,-0.025873934006998618,-0.04507555115257335,0.03928156053625917,0.04964444281879053
133.89819909954977,-0.026804011493521764,-0.04325832189819756,0.03766874252543796,0.049960523605823606
133.97011005502753,-0.02771615849848812,-0.04137529997358763,0.03602266022768297,0.050254691288998767
134.04202101050527,-0.028610953207159822,-0.039431644925547266,0.034344846750959585,0.05052438828454807
134.113931965983,-0.02948897380480005,-0.03743251630087788,0.03263683520323128,0.050767057008703924
134.18584292146073,-0.03035079847667166,-0.035383073646381685,0.03090015869246221,0.0509801398776986
134.25775387693847,-0.031197005408037486,-0.033288476508860826,0.029136350326616413,0.051161079307764395
134.3296648324162,-0.03202817278416038,-0.03115388443511749,0.027346943213658062,0.05130731771513358
134.40157578789393,-0.03284487879030318,-0.028984456971953954,0.025533470461551258,0.05141629751603846
134.4734867433717,-0.03364770161172903,-0.026785353666171435,0.023697465178259353,0.05148546112671132
134.54539769884943,-0.03443721943370017,-0.024561734064573904,0.02184046047174794,0.051512250963384396
134.61730865432716,-0.03521401044147975,-0.022318757713962606,0.019963989449980415,0.051494109442290006
134.6892196098049,-0.03597865282033059,-0.020061584161139873,0.018069585220920878,0.05142847897966042
134.76113056528263,-0.03673172475551556,-0.0177953729529077,0.016158780892533434,0.051312801991727955
134.83304152076036,-0.03747380443229747,-0.015525283636068421,0.014233109572782218,0.05114452089472486
134.90495247623812,-0.03820547003593949,-0.01325647575742328,0.012294104369630562,0.05092107810488334
134.97686343171586,-0.03892729975170388,-0.010994108863776303,0.010343298391044128,0.05063991603843586
135.0487743871936,-0.039639871764853715,-0.008743342501928597,0.008382224744986233,0.05029847711161461
135.12068534267135,-0.04034376426065219,-0.006509336218681716,0.006412416539420221,0.0498942037406517
135.19259629814908,-0.04103955542436153,-0.004297249560839461,0.004435406882311782,0.04942453834177974
135.26450725362682,-0.04172782344124492,-0.002112242075203191,0.002452728881624233,0.04888692333123088
135.33641820910455,-0.04240914649656513,4.052669142495802e-5,0.0004659156453216823,0.048278801125237386
135.40832916458228,-0.04308410277558507,0.0021558971922428505,-0.0015234997186317212,0.04759761414003155
135.48024012006002,-0.043753270463567556,0.0042287098804481005,-0.003513984102271911,0.04684080479184565
135.55215107553778,-0.044417227745775646,0.006253805209239516,-0.0055040043976355285,0.04600581549691163
135.6240620310155,-0.04507655280747174,0.00822602363181324,-0.007492027496756884,0.04509008867146243
135.69597298649325,-0.045731823833918876,0.010140205601367858,-0.009476520291672702,0.04409106673173002
135.767883941971,-0.046383619010380205,0.011991191571101956,-0.011455949674419597,0.043006192093946245
135.83979489744874,-0.04703251652211803,0.013773821994211843,-0.013428782537031905,0.041832907174344236
135.91170585292647,-0.04767909455439543,0.015482937323896107,-0.015393485771546311,0.04056865438915586
135.9836168084042,-0.048323931292475295,0.01711337801335261,-0.01734852626999868,0.039210876154613425
136.05552776388194,-0.04896760492162043,0.01865998451577905,-0.019292370924424915,0.03775701488694919
136.12743871935967,-0.04961069362709367,0.020117597284373345,-0.021223486626860882,0.03620451300239545
136.1993496748374,-0.05025377559415791,0.021481056772333196,-0.023140340269342474,0.034550812917184495
136.27126063031517,-0.05089742900807617,0.022745203432857075,-0.025041398743906387,0.032793357047547884
136.3431715857929,-0.05154223205411085,0.02390487771914168,-0.026925128942586918,0.03092958780971929
136.41508254127064,-0.052188762917525,0.024954920084385324,-0.028789997757420777,0.02895694761993033
136.48699349674837,-0.05283759978358153,0.02589017098178581,-0.030634472080443814,0.02687287889441328
136.5589044522261,-0.05348932083754322,0.02670547086454106,-0.03245701880369187,0.02467482404940043
136.63081540770384,-0.05414450426467292,0.02739566018584888,-0.034256104819200925,0.02236022550112406
136.7027263631816,-0.05480372825023376,0.027955579398907138,-0.036030197019007504,0.019926525665815462
136.77463731865933,-0.05546757097948801,0.028380068956913307,-0.03777776229514612,0.017371166959708865
136.84654827413706,-0.05613661063769884,0.028663969313065474,-0.03949726753965334,0.014691591799035592
136.91845922961483,-0.05681142541012933,0.028802120920561447,-0.04118717964456575,0.0118852426000268
136.99037018509256,-0.05749259348204176,0.028789364232598813,-0.042845965501917854,0.008949561778916993
137.0622811405703,-0.0581806930386993,0.028620539702375714,-0.04447209200374626,0.005881991751937375
137.13419209604803,-0.05887630226536471,0.028290487783089735,-0.046064026042086814,0.002679974935320222
137.20610305152576,-0.05957999934730092,0.027794048927938908,-0.0476202345089754,-0.0006590462547021803
137.2780140070035,-0.0602923624697707,0.027126063590120875,-0.04913918429644798,-0.0041376294018975485
137.34992496248125,-0.06101396981803722,0.026281372222833166,-0.05061934229654094,-0.007758332090035053
137.421835917959,-0.061745399577362775,0.0252548152792742,-0.052059175401289,-0.011523711902879553
137.49374687343672,-0.06248722993301041,0.024041233212641455,-0.05345715050272867,-0.015436326424200168
137.56565782891445,-0.06320052639462555,0.022733844095474187,-0.05478626107341982,-0.0193543567357535
137.6375687843922,-0.06383165082366703,0.021467007144356513,-0.056011762892987614,-0.023080227758533835
137.70947973986992,-0.06438198096645179,0.020240993403479242,-0.057135490011227044,-0.02661609457291692
137.78139069534765,-0.06485325442205125,0.01905518732955794,-0.05815951206968391,-0.029965422941234186
137.85330165082541,-0.0652472087895371,0.017908973379307747,-0.05908589870990439,-0.03313167862581824
137.92521260630315,-0.0655655816679805,0.01680173600944513,-0.05991671957343357,-0.03611832738899803
137.99712356178088,-0.06581011065645312,0.015732859676685217,-0.06065404430181766,-0.038928834993106225
138.06903451725864,-0.06598253335402647,0.014701728837743176,-0.061299942536602696,-0.04156666720047526
138.14094547273638,-0.06608458735977196,0.013707727949335401,-0.06185648391933398,-0.04403528977343448
138.2128564282141,-0.06611801027276111,0.012750241468177052,-0.062325738091557635,-0.04633816847431638
138.28476738369184,-0.06608453969206543,0.011828653850983702,-0.06270977469481946,-0.04847876906545234
138.35667833916958,-0.0659859132167564,0.010942349554470928,-0.06301066337066527,-0.050460557309173815
138.4285892946473,-0.06582386844590553,0.010090713035354307,-0.06323047376064088,-0.0522869989678122
138.50050025012507,-0.0656001429785842,0.009273128750349096,-0.06337127550629217,-0.053961559803699544
138.5724112056028,-0.06531647441386407,0.008488981156171515,-0.0634351382491648,-0.05548770557916595
138.64432216108054,-0.06497460035081654,0.007737654709536815,-0.06342413163080471,-0.05686890205654351
138.71623311655827,-0.06457625838851314,0.007018533867160564,-0.06334032529275768,-0.05810861499816365
138.78814407203603,-0.06412318612602513,0.006331003085758078,-0.06318578887656948,-0.0592103101663582
138.86005502751377,-0.06361712116242436,0.005674446822045476,-0.06296259202378604,-0.06017745332345769
138.9319659829915,-0.0630598010967822,0.00504824953273805,-0.06267280437595311,-0.06101351023179401
139.00387693846923,-0.06245296352817008,0.004451795674551383,-0.06231849557461652,-0.06172194665369857
139.07578789394697,-0.061798346055659516,0.0038844697042010427,-0.061901735261322116,-0.062306228351502776
139.14769884942473,-0.06109768627832171,0.0033456560784024,-0.06142459307761548,-0.06276982108753823
139.21960980490246,-0.06035272179522871,0.002834739253871458,-0.06088913866504282,-0.06311619062413595
139.2915207603802,-0.059565190205451715,0.0023511036873235733,-0.060297441665149776,-0.06334880272362758
139.36343171585793,-0.058736829108062244,0.0018941338354743157,-0.05965157171948217,-0.06347112314834455
139.43534267133566,-0.057869376102131775,0.0014632141550392705,-0.0589535984695858,-0.06348661766061822
139.5072536268134,-0.056964568786731784,0.0010577291027340126,-0.05820559155700649,-0.06339875202278006
139.57916458229113,-0.056024144760933786,0.0006770631352741047,-0.05740962062329009,-0.06321099199716147
139.6510755377689,-0.055049841623808854,0.00032060070937500046,-0.05656775530998203,-0.0629268033460937
139.72298649324662,-0.05404339697442926,-1.2273718247454712e-5,-0.05568206525862882,-0.06254965183190846
139.79489744872436,-0.053006548411866104,-0.00032217569087782116,-0.05475462011077595,-0.062083003216937035
139.86680840420212,-0.05194103353519049,-0.0006097207518006402,-0.05378748950796883,-0.0615303232635106
139.93871935967985,-0.05084858994347469,-0.0008755244443001062,-0.05278274309175407,-0.06089507773396101
140.01063031515758,-0.04973095523578981,-0.0011202023116607639,-0.051742450503677095,-0.060180732390619496
140.08254127063532,-0.04858986701120733,-0.0013443698971670331,-0.05066868138528373,-0.05939075299581742
140.15445222611305,-0.047427062868798754,-0.0015486427441033408,-0.049563505378119786,-0.05852860531188628
140.22636318159078,-0.04624428040763558,-0.0017336363957541068,-0.04842899212373108,-0.05759775510115743
140.29827413706855,-0.04504325722678877,-0.0018999663954038307,-0.04726721126366296,-0.056601668125961874
140.37018509254628,-0.0438257309253308,-0.0020482482863367867,-0.04608023243946219,-0.05554381014863184
140.442096048024,-0.0425934391023327,-0.0021790976118374918,-0.044870125292674104,-0.0544276469314984
140.51400700350175,-0.041348119356865935,-0.002293129915190359,-0.04363895946484453,-0.053256644236892914
140.58591795897948,-0.04009150928800199,-0.0023909607396798045,-0.04238880459751927,-0.05203426782714682
140.6578289144572,-0.03882534649481239,-0.0024732056285902623,-0.041121730332244186,-0.050763983464591544
140.72973986993497,-0.037551368576368066,-0.0025404801252061696,-0.039839806310564524,-0.04944925691155794
140.8016508254127,-0.03627131313174156,-0.002593399772811915,-0.03854510217402718,-0.04809355393037848
140.87356178089044,-0.034986917760003844,-0.002632580114691946,-0.03723968756417739,-0.04670034028338407
140.9454727363682,-0.0336999200602259,-0.0026586366941307032,-0.035925632122560516,-0.04527308173290556
141.01738369184594,-0.03241205763148022,-0.0026721850544125653,-0.034605005490723414,-0.043815244041275514
141.08929464732367,-0.03112506807283781,-0.0026738407388220004,-0.033279877310211356,-0.042330292970824746
141.1612056028014,-0.029840688983370153,-0.0026642192906434076,-0.03195231722257015,-0.040821694283884685
141.23311655827914,-0.02856065796214871,-0.0026439362531612276,-0.03062439486934565,-0.03929291374278679
141.30502751375687,-0.027286712608245015,-0.0026136071696598664,-0.029298179892083637,-0.0377474171098624
141.3769384692346,-0.026020590520730524,-0.002573847583423765,-0.027975741932329948,-0.03618867014744301
141.44884942471236,-0.024764029298676257,-0.0025252730377373425,-0.026659150631629866,-0.03462013861785934
141.5207603801901,-0.02351876654115466,-0.0024684990758850264,-0.02535047563153027,-0.03304528828344408
141.59267133566783,-0.02228653984723676,-0.0024041412411512433,-0.024051786573576456,-0.03146758490652804
141.66458229114556,-0.021069086815994037,-0.002332815076820427,-0.022765153099314248,-0.02989049424944268
141.7364932466233,-0.019868145046497976,-0.0022551361261769765,-0.021492644850289414,-0.02831748207451923
141.80840420210103,-0.01868545213782008,-0.0021717199325053393,-0.02023633146804782,-0.02675201414408937
141.8803151575788,-0.017522745689031338,-0.002083182039089873,-0.018998282594134774,-0.025197556220483697
141.95222611305653,-0.01638176329920421,-0.0019901379892151086,-0.017780567870097075,-0.023657574066034942
142.02413706853426,-0.015264242567409686,-0.0018932033261654171,-0.01658525693748006,-0.022135533443073785
142.09604802401202,-0.014171921092718878,-0.0017929935932252047,-0.015414419437829119,-0.02063490011393132
142.16795897948975,-0.01310653647420408,-0.0016901243336789468,-0.01427012501269087,-0.01915913984093992
142.2398699349675,-0.012069826310936393,-0.0015852110908110284,-0.013154443303610819,-0.017711718386430486
142.31178089044522,-0.011063528201987291,-0.0014788694079058973,-0.012069443952134717,-0.016296101512734418
142.38369184592295,-0.01008937974642822,-0.0013717148282479663,-0.011017196599808377,-0.014915754982183171
142.4556028014007,-0.009149118543330725,-0.0012643628951216623,-0.009999770888177606,-0.013574144557108092
142.52751375687845,-0.008244482191765948,-0.0011574291518113705,-0.009019236458787855,-0.01227473599984008
142.59942471235618,-0.007377208290806028,-0.001051529141601587,-0.00807766295318571,-0.011020995072711648
142.67133566783392,-0.00654903443952215,-0.000947278407776711,-0.007177120012916621,-0.009816387538053695
142.74324662331168,-0.00576169823698551,-0.0008452924936210859,-0.006319677279526037,-0.008664379158197122
142.8151575787894,-0.005016937282268166,-0.0007461869424192774,-0.005507404394560489,-0.007568435695474274
142.88706853426714,-0.004316489174441329,-0.0006505772974556429,-0.004742370999565426,-0.006532022912216162
142.95897948974488,-0.0036620915125764736,-0.0005590791020146091,-0.004026646736086603,-0.005558606570754132
143.0308904452226,-0.003055481895745088,-0.0004723078993806029,-0.0033623012456699686,-0.004651652433419695
143.10280140070034,-0.002498397923018675,-0.0003908792328380234,-0.0027514041698612768,-0.003814626262544085
143.17471235617808,-0.0019925771934686948,-0.0003154086456713251,-0.00219602515020631,-0.003050993820458925
143.24662331165584,-0.0015397573061665115,-0.0002465116811648793,-0.0016982338282507947,-0.0023642208694952815
143.31853426713357,-0.0011416758601839466,-0.00018480388260319613,-0.0012600998455407908,-0.0017577731719849998
143.3904452226113,-0.0008000704545922804,-0.00013090079327066073,-0.0008836928436219971,-0.0012351164902594247
143.46235617808904,-0.000516678688463057,-8.541795645169992e-5,-0.0005710824640403067,-0.0007997165866498457
143.53426713356677,-0.0002932381608676815,-4.897091543071275e-5,-0.0003243383483414186,-0.00045503922348766324
143.6061780890445,-0.00013148647087773968,-2.2175213492167667e-5,-0.00014553013807117043,-0.00020455016310433338
143.67808904452227,-3.316121756469226e-5,-5.6463939204637326e-6,-3.672747477545535e-5,-5.1715167831312137e-5
143.75,0.0,0.0,0.0,0.0
