time_ns,u_X1,u_Y1,u_X2,u_Y2
0,0,0,0,0
0.04794063699,-3.373764593e-05,1.177180691e-05,1.644871178e-05,-2.582109087e-05
0.09588127397,-0.0001337663538,4.685900263e-05,6.535991821e-05,-0.000102468129
0.143821911,-0.0002983097789,0.0001049192496,0.0001460812259,-0.0002287167627
0.1917625479,-0.0005255915762,0.0001856102104,0.0002579602416,-0.0004033426402
0.2397031849,-0.000813835401,0.0002885895474,0.0004003445719,-0.0006251214097
0.2876438219,-0.001161264908,0.0004135149231,0.0005725818235,-0.0008928287196
0.3355844589,-0.001566103754,0.000560044,0.0007740196029,-0.001205240218
0.3835250959,-0.002026575592,0.0007278344405,0.001004005517,-0.001561131553
0.4314657329,-0.002540904078,0.0009165439072,0.001261887172,-0.001959278374
0.4794063699,-0.003107312868,0.001125830062,0.001547012175,-0.002398456328
0.5273470068,-0.003724025616,0.001355350569,0.001858728133,-0.002877441064
0.5752876438,-0.004389265977,0.001604763089,0.002196382651,-0.003395008229
0.6232282808,-0.005101257607,0.001873725285,0.002559323338,-0.003949933473
0.6711689178,-0.005858224162,0.002161894819,0.002946897799,-0.004540992443
0.7191095548,-0.006658389295,0.002468929355,0.003358453641,-0.005166960788
0.7670501918,-0.007499976663,0.002794486554,0.003793338471,-0.005826614156
0.8149908287,-0.00838120992,0.003138224079,0.004250899895,-0.006518728196
0.8629314657,-0.009300312722,0.003499799592,0.00473048552,-0.007242078555
0.9108721027,-0.01025550872,0.003878870756,0.005231442953,-0.007995440881
0.9588127397,-0.01124502158,0.004275095234,0.0057531198,-0.008777590824
1.006753377,-0.01226707495,0.004688130687,0.006294863668,-0.009587304032
1.054694014,-0.01331989248,0.005117634779,0.006856022164,-0.01042335615
1.102634651,-0.01440169783,0.005563265171,0.007435942894,-0.01128452283
1.150575288,-0.01551071466,0.006024679527,0.008033973465,-0.01216957972
1.198515925,-0.01664516662,0.006501535509,0.008649461484,-0.01307730247
1.246456562,-0.01780327736,0.006993490778,0.009281754557,-0.01400646672
1.294397199,-0.01898327054,0.007500202999,0.00993020029,-0.01495584813
1.342337836,-0.02018336983,0.008021329832,0.01059414629,-0.01592422234
1.390278473,-0.02140179886,0.008556528942,0.01127294017,-0.016910365
1.43821911,-0.0226367813,0.009105457989,0.01196592952,-0.01791305176
1.486159747,-0.0238865408,0.009667774637,0.01267246197,-0.01893105826
1.534100384,-0.02514930102,0.01024313655,0.01339188511,-0.01996316017
1.582041021,-0.02642328561,0.01083120138,0.01412354654,-0.02100813311
1.629981657,-0.02770671823,0.01143162681,0.01486679389,-0.02206475275
1.677922294,-0.02899782253,0.01204407048,0.01562097475,-0.02313179472
1.725862931,-0.03029482216,0.01266819007,0.01638543673,-0.02420803469
1.773803568,-0.03159594079,0.01330364324,0.01715952744,-0.02529224829
1.821744205,-0.03289940207,0.01395008764,0.01794259448,-0.02638321118
1.869684842,-0.03420342965,0.01460718094,0.01873398546,-0.027479699
1.917625479,-0.03550624719,0.0152745808,0.019533048,-0.0285804874
1.965566116,-0.03680607834,0.01595194489,0.02033912968,-0.02968435203
2.013506753,-0.03810114676,0.01663893087,0.02115157812,-0.03079006854
2.06144739,-0.03938967611,0.0173351964,0.02196974094,-0.03189641258
2.109388027,-0.04066989003,0.01804039914,0.02279296572,-0.03300215979
2.157328664,-0.04194001219,0.01875419676,0.02362060009,-0.03410608582
2.205269301,-0.04319826624,0.01947624691,0.02445199164,-0.03520696633
2.253209938,-0.04444287583,0.02020620727,0.02528648799,-0.03630357695
2.301150575,-0.04567206462,0.02094373548,0.02612343674,-0.03739469334
2.349091212,-0.04688405626,0.02168848922,0.02696218549,-0.03847909115
2.397031849,-0.04807707442,0.02244012615,0.02780208186,-0.03955554602
2.444972486,-0.04924934274,0.02319830393,0.02864247345,-0.0406228336
2.492913123,-0.05039908488,0.02396268023,0.02948270787,-0.04167972955
2.54085376,-0.05152452449,0.02473291269,0.03032213272,-0.0427250095
2.588794397,-0.05262388524,0.025508659,0.03116009561,-0.04375744911
2.636735034,-0.05369539077,0.0262895768,0.03199594415,-0.04477582403
2.684675671,-0.05473726474,0.02707532377,0.03282902594,-0.0457789099
2.732616308,-0.05574773081,0.02786555756,0.03365868859,-0.04676548237
2.780556945,-0.05672501263,0.02865993584,0.03448427971,-0.04773431709
2.828497582,-0.05766733385,0.02945811627,0.03530514691,-0.04868418971
2.876438219,-0.05857291814,0.03025975651,0.03612063778,-0.04961387588
2.924378856,-0.05943998915,0.03106451423,0.03693009994,-0.05052215125
2.972319493,-0.06026677052,0.03187204709,0.03773288099,-0.05140779145
3.02026013,-0.06105148592,0.03268201274,0.03852832855,-0.05226957215
3.068200767,-0.06179235901,0.03349406886,0.03931579021,-0.05310626899
3.116141404,-0.06248761343,0.0343078731,0.04009461358,-0.05391665762
3.164082041,-0.06313547284,0.03512308313,0.04086414628,-0.05469951368
3.212022678,-0.06373416091,0.0359393566,0.0416237359,-0.05545361283
3.259963315,-0.06428190127,0.03675635119,0.04237273005,-0.05617773071
3.307903952,-0.06477691759,0.03757372456,0.04311047635,-0.05687064297
3.355844589,-0.06521743353,0.03839113436,0.04383632239,-0.05753112526
3.403785226,-0.06560167273,0.03920823826,0.04454961578,-0.05815795323
3.451725863,-0.06592785886,0.04002469393,0.04524970414,-0.05874990253
3.4996665,-0.06619421557,0.04084015902,0.04593593506,-0.0593057488
3.547607137,-0.06639896651,0.04165429119,0.04660765616,-0.05982426769
3.595547774,-0.06654033534,0.04246674812,0.04726421503,-0.06030423485
3.643488411,-0.06661654571,0.04327718745,0.04790495929,-0.06074442594
3.691429048,-0.06662582128,0.04408526686,0.04852923655,-0.06114361659
3.739369685,-0.06656638571,0.04489064401,0.04913639441,-0.06150058245
3.787310322,-0.06643646264,0.04569297656,0.04972578047,-0.06181409918
3.835250959,-0.06623427574,0.04649192217,0.05029674234,-0.06208294243
3.883191596,-0.06595804866,0.0472871385,0.05084862764,-0.06230588783
3.931132233,-0.06560600506,0.04807828323,0.05138078396,-0.06248171104
3.97907287,-0.06517636859,0.048865014,0.05189255892,-0.06260918771
4.027013507,-0.0646673629,0.04964698848,0.05238330011,-0.06268709348
4.074954144,-0.06407721165,0.05042386433,0.05285235515,-0.06271420401
4.122894781,-0.0634041385,0.05119529923,0.05329907165,-0.06268929494
4.170835418,-0.06264685548,0.05196082377,0.0537228223,-0.06261136733
4.218776055,-0.06187861309,0.05270086161,0.05412697784,-0.06251396275
4.266716692,-0.06115227403,0.05340209438,0.05451442726,-0.06242167578
4.314657329,-0.06046698466,0.05406537685,0.0548854177,-0.06233440513
4.362597966,-0.05982189133,0.05469156375,0.05524019627,-0.06225204946
4.410538603,-0.05921614041,0.05528150986,0.05557901009,-0.06217450749
4.45847924,-0.05864887824,0.05583606991,0.05590210628,-0.06210167789
4.506419877,-0.0581192512,0.05635609868,0.05620973197,-0.06203345935
4.554360514,-0.05762640563,0.0568424509,0.05650213428,-0.06196975057
4.602301151,-0.05716948789,0.05729598134,0.05677956032,-0.06191045022
4.650241788,-0.05674764434,0.05771754475,0.05704225723,-0.06185545701
4.698182425,-0.05636002135,0.05810799588,0.05729047211,-0.06180466962
4.746123062,-0.05600576526,0.05846818949,0.05752445209,-0.06175798674
4.794063699,-0.05568402244,0.05879898033,0.05774444429,-0.06171530706
4.842004336,-0.05539393923,0.05910122316,0.05795069584,-0.06167652927
4.889944972,-0.05513466201,0.05937577273,0.05814345385,-0.06164155205
4.937885609,-0.05490533712,0.05962348379,0.05832296545,-0.0616102741
4.985826246,-0.05470511094,0.05984521111,0.05848947776,-0.06158259411
5.033766883,-0.0545331298,0.06004180942,0.05864323789,-0.06155841076
5.08170752,-0.05438854007,0.0602141335,0.05878449297,-0.06153762274
5.129648157,-0.05427048811,0.06036303808,0.05891349013,-0.06152012874
5.177588794,-0.05417812028,0.06048937793,0.05903047647,-0.06150582746
5.225529431,-0.05411058293,0.0605940078,0.05913569913,-0.06149461758
5.273470068,-0.05406702243,0.06067778245,0.05922940522,-0.06148639778
5.321410705,-0.05404658512,0.06074155662,0.05931184186,-0.06148106677
5.369351342,-0.05404841737,0.06078618508,0.05938325619,-0.06147852322
5.417291979,-0.05407166553,0.06081252257,0.05944389531,-0.06147866583
5.465232616,-0.05411547597,0.06082142385,0.05949400635,-0.06148139329
5.513173253,-0.05417899504,0.06081374368,0.05953383643,-0.06148660428
5.56111389,-0.05426136909,0.06079033681,0.05956363267,-0.0614941975
5.609054527,-0.05436174449,0.060752058,0.05958364219,-0.06150407163
5.656995164,-0.05447926759,0.06069976199,0.05959411212,-0.06151612536
5.704935801,-0.05461308475,0.06063430354,0.05959528957,-0.06153025739
5.752876438,-0.05476234234,0.06055653742,0.05958742166,-0.0615463664
5.800817075,-0.05492618669,0.06046731836,0.05957075553,-0.06156435107
5.848757712,-0.05510376419,0.06036750113,0.05954553828,-0.06158411011
5.896698349,-0.05529422117,0.06025794047,0.05951201704,-0.06160554219
5.944638986,-0.055496704,0.06013949115,0.05947043893,-0.06162854601
5.992579623,-0.05571035904,0.06001300792,0.05942105108,-0.06165302026
6.04052026,-0.05593433264,0.05987934553,0.0593641006,-0.06167886362
6.088460897,-0.05616777117,0.05973935874,0.05929983461,-0.06170597479
6.136401534,-0.05640982098,0.0595939023,0.05922850023,-0.06173425245
6.184342171,-0.05665962842,0.05944383096,0.0591503446,-0.06176359529
6.232282808,-0.05691633986,0.05928999948,0.05906561482,-0.06179390201
6.280223445,-0.05717910166,0.05913326261,0.05897455802,-0.06182507129
6.328164082,-0.05744706016,0.05897447512,0.05887742132,-0.06185700181
6.376104719,-0.05771936173,0.05881449174,0.05877445184,-0.06188959228
6.424045356,-0.05799515273,0.05865416724,0.05866589671,-0.06192274137
6.471985993,-0.05827357951,0.05849435637,0.05855200304,-0.06195634779
6.51992663,-0.05855378844,0.05833591388,0.05843301795,-0.06199031021
6.567867267,-0.05883492586,0.05817969454,0.05830918857,-0.06202452732
6.615807904,-0.05911613814,0.05802655308,0.05818076202,-0.06205889782
6.663748541,-0.05939657164,0.05787734428,0.05804798541,-0.06209332039
6.711689178,-0.05967537271,0.05773292287,0.05791110588,-0.06212769373
6.759629815,-0.0599516877,0.05759414362,0.05777037054,-0.06216191652
6.807570452,-0.06022466299,0.05746186128,0.0576260265,-0.06219588745
6.855511089,-0.06049344492,0.05733693061,0.05747832091,-0.06222950521
6.903451726,-0.06075717986,0.05722020635,0.05732750086,-0.06226266849
6.951392363,-0.06101501415,0.05711254326,0.0571738135,-0.06229527598
6.999333,-0.06126609417,0.05701479611,0.05701750592,-0.06232722637
7.047273637,-0.06150956626,0.05692781963,0.05685882527,-0.06235841834
7.095214274,-0.06174457679,0.05685246859,0.05669801866,-0.06238875059
7.143154911,-0.0619702721,0.05678959774,0.0565353332,-0.0624181218
7.191095548,-0.06218579857,0.05674006183,0.05637101603,-0.06244643067
7.239036185,-0.06239030254,0.05670471562,0.05620531427,-0.06247357588
7.286976822,-0.06258293038,0.05668441386,0.05603847502,-0.06249945613
7.334917459,-0.06276282844,0.05668001131,0.05587074542,-0.06252397009
7.382858096,-0.06292914309,0.05669236272,0.05570237259,-0.06254701647
7.430798733,-0.06308102067,0.05672232284,0.05553360364,-0.06256849394
7.47873937,-0.06321760754,0.05677074643,0.05536468571,-0.06258830121
7.526680007,-0.06333805007,0.05683848825,0.0551958659,-0.06260633695
7.574620644,-0.06344149461,0.05692640305,0.05502739135,-0.06262249986
7.622561281,-0.06352708752,0.05703534557,0.05485950916,-0.06263668863
7.670501918,-0.06359397516,0.05716617058,0.05469246647,-0.06264880194
7.718442555,-0.06364130387,0.05731973284,0.0545265104,-0.06265873848
7.766383192,-0.06366822004,0.05749688708,0.05436188806,-0.06266639695
7.814323829,-0.06367387,0.05769848808,0.05419884658,-0.06267167603
7.862264466,-0.06365740012,0.05792539058,0.05403763308,-0.06267447441
7.910205103,-0.06361795675,0.05817844933,0.05387849467,-0.06267469079
7.95814574,-0.06355468626,0.0584585191,0.05372167849,-0.06267222384
8.006086377,-0.06346673499,0.05876645464,0.05356743165,-0.06266697227
8.054027014,-0.06335324932,0.05910311069,0.05341600127,-0.06265883475
8.10196765,-0.06321337559,0.05946934202,0.05326763448,-0.06264770997
8.149908287,-0.06304626016,0.05986600337,0.05312257839,-0.06263349664
8.197848924,-0.0628510494,0.06029394951,0.05298108013,-0.06261609343
8.245789561,-0.06262688965,0.06075403519,0.05284338682,-0.06259539903
8.293730198,-0.06237292728,0.06124711516,0.05270974557,-0.06257131214
8.341670835,-0.06208756449,0.06177167346,0.0525804837,-0.06254380905
8.389611472,-0.06173890822,0.06222807779,0.05245915826,-0.06251610762
8.437552109,-0.06131176027,0.06256530003,0.05234742796,-0.0624899189
8.485492746,-0.06080802631,0.06278600735,0.05224509129,-0.0624652107
8.533433383,-0.06022961202,0.06289286691,0.05215194673,-0.06244195085
8.58137402,-0.05957842308,0.06288854585,0.05206779275,-0.06242010718
8.629314657,-0.05885636515,0.06277571135,0.05199242785,-0.0623996475
8.677255294,-0.05806534392,0.06255703057,0.0519256505,-0.06238053963
8.725195931,-0.05720726505,0.06223517066,0.05186725918,-0.06236275141
8.773136568,-0.05628403422,0.06181279879,0.05181705237,-0.06234625065
8.821077205,-0.0552975571,0.06129258211,0.05177482856,-0.06233100518
8.869017842,-0.05424973937,0.06067718778,0.05174038621,-0.06231698282
8.916958479,-0.0531424867,0.05996928297,0.05171352382,-0.06230415138
8.964899116,-0.05197770477,0.05917153484,0.05169403986,-0.06229247871
9.012839753,-0.05075729925,0.05828661055,0.05168173282,-0.0622819326
9.06078039,-0.04948317581,0.05731717724,0.05167640117,-0.0622724809
9.108721027,-0.04815724013,0.0562659021,0.05167784339,-0.06226409142
9.156661664,-0.04678139788,0.05513545227,0.05168585797,-0.06225673199
9.204602301,-0.04535755473,0.05392849492,0.05170024338,-0.06225037043
9.252542938,-0.04388761637,0.05264769721,0.05172079811,-0.06224497455
9.300483575,-0.04237348846,0.05129572629,0.05174732064,-0.06224051219
9.348424212,-0.04081707667,0.04987524933,0.05177960944,-0.06223695117
9.396364849,-0.03922028669,0.04838893349,0.051817463,-0.06223425931
9.444305486,-0.03758502419,0.04683944592,0.0518606798,-0.06223240442
9.492246123,-0.03591319484,0.04522945379,0.05190905832,-0.06223135435
9.54018676,-0.03420670431,0.04356162426,0.05196239703,-0.0622310769
9.588127397,-0.03246745827,0.04183862449,0.05202049442,-0.0622315399
9.636068034,-0.03069736242,0.04006312164,0.05208314898,-0.06223271117
9.684008671,-0.0288983224,0.03823778286,0.05215015917,-0.06223455854
9.731949308,-0.02707224391,0.03636527533,0.05222132348,-0.06223704983
9.779889945,-0.02522103261,0.03444826619,0.05229644039,-0.06224015286
9.827830582,-0.02334659418,0.03248942261,0.05237530839,-0.06224383546
9.875771219,-0.02145083429,0.03049141175,0.05245772595,-0.06224806544
9.923711856,-0.01953565862,0.02845690077,0.05254349154,-0.06225281063
9.971652493,-0.01760297284,0.02638855683,0.05263240367,-0.06225803886
10.01959313,-0.01565468263,0.02428904709,0.05272426079,-0.06226371794
10.06753377,-0.01369269365,0.02216103871,0.0528188614,-0.06226981569
10.1154744,-0.01171891159,0.02000719885,0.05291600397,-0.06227629995
10.16341504,-0.009735242112,0.01783019467,0.05301548698,-0.06228313853
10.21135568,-0.007743590896,0.01563269333,0.05311710892,-0.06229029926
10.25929631,-0.005745863615,0.013417362,0.05322066827,-0.06229774996
10.30723695,-0.003743965943,0.01118686782,0.0533259635,-0.06230545845
10.35517759,-0.001739803553,0.008943877961,0.0534327931,-0.06231339256
10.40311823,0.0002647178786,0.006691059586,0.05354095554,-0.0623215201
10.45105886,0.002267692679,0.004431079852,0.05365024931,-0.0623298089
10.4989995,0.004267215175,0.00216660592,0.05376047289,-0.06233822679
10.54694014,0.006261379692,-9.96950505e-05,0.05387142475,-0.06234674158
10.59488077,0.008248280555,-0.002365155899,0.05398290339,-0.0623553211
10.64282141,0.01022601209,-0.004627109465,0.05409470727,-0.06236393317
10.69076205,0.01219266863,-0.006882888589,0.05420663488,-0.06237254562
10.73870268,0.01414634448,-0.00912982611,0.0543184847,-0.06238112626
10.78664332,0.01608513399,-0.01136525487,0.05443005521,-0.06238964292
10.83458396,0.01800713148,-0.0135865077,0.05454114489,-0.06239806343
10.8825246,0.01991043127,-0.01579091746,0.05465155223,-0.0624063556
10.93046523,0.02179312769,-0.01797581697,0.05476107569,-0.06241448725
10.97840587,0.02365331506,-0.02013853907,0.05486951377,-0.06242242622
11.02634651,0.02548908771,-0.02227641661,0.05497666494,-0.06243014032
11.07428714,0.02729853997,-0.02438678243,0.05508232768,-0.06243759738
11.12222778,0.02907976616,-0.02646696937,0.05518630047,-0.06244476522
11.17016842,0.0308308606,-0.02851431026,0.0552883818,-0.06245161166
11.21810905,0.03254991763,-0.03052613794,0.05538837014,-0.06245810452
11.26604969,0.03423503158,-0.03249978526,0.05548606397,-0.06246421164
11.31399033,0.03588429675,-0.03443258506,0.05558126178,-0.06246990082
11.36193097,0.03749580749,-0.03632187017,0.05567376205,-0.06247513989
11.4098716,0.03906765812,-0.03816497344,0.05576336325,-0.06247989668
11.45781224,0.04059794296,-0.0399592277,0.05584986387,-0.06248413901
11.50575288,0.04208475635,-0.04170196579,0.05593306239,-0.0624878347
11.55369351,0.04352619259,-0.04339052056,0.05601275728,-0.06249095158
11.60163415,0.04492034603,-0.04502222485,0.05608874703,-0.06249345746
11.64957479,0.04626531099,-0.04659441148,0.05616083011,-0.06249532017
11.69751542,0.04755918179,-0.04810441331,0.05622880502,-0.06249650753
11.74545606,0.04880005276,-0.04954956318,0.05629247022,-0.06249698737
11.7933967,0.04998601822,-0.05092719392,0.05635162421,-0.06249672751
11.84133734,0.05111517251,-0.05223463837,0.05640606545,-0.06249569576
11.88927797,0.05218560994,-0.05346922937,0.05645559244,-0.06249385996
11.93721861,0.05319542485,-0.05462829977,0.05650000364,-0.06249118793
11.98515925,0.05414271155,-0.0557091824,0.05653909755,-0.06248764748
12.03309988,0.05502556439,-0.0567092101,0.05657267263,-0.06248320645
12.08104052,0.05584207767,-0.05762571572,0.05660052738,-0.06247783265
12.12898116,0.05659034573,-0.05845603208,0.05662246027,-0.06247149391
12.17692179,0.05726846289,-0.05919749204,0.05663826979,-0.06246415805
12.22486243,0.05787452348,-0.05984742843,0.05664775441,-0.06245579289
12.27280307,0.05840662183,-0.0604031741,0.05665071261,-0.06244636626
12.32074371,0.05886285226,-0.06086206187,0.05664694287,-0.06243584598
12.36868434,0.05924130909,-0.06122142459,0.05663624368,-0.06242419986
12.41662498,0.05954008666,-0.06147859511,0.05661841352,-0.06241139574
12.46456562,0.05975727928,-0.06163090625,0.05659325086,-0.06239740144
12.51250625,0.05989371199,-0.06167941378,0.05656110272,-0.06238225953
12.56044689,0.06000360803,-0.06169796043,0.05653292412,-0.06236746131
12.60838753,0.06010879748,-0.06171619241,0.0565128754,-0.06235357934
12.65632816,0.06020937073,-0.06173411235,0.05650070924,-0.06234058656
12.7042688,0.06030541816,-0.06175172289,0.05649617831,-0.06232845588
12.75220944,0.06039703016,-0.06176902664,0.05649903529,-0.06231716023
12.80015008,0.06048429713,-0.06178602624,0.05650903288,-0.06230667251
12.84809071,0.06056730944,-0.06180272433,0.05652592374,-0.06229696567
12.89603135,0.06064615749,-0.06181912352,0.05654946056,-0.06228801261
12.94397199,0.06072093167,-0.06183522644,0.05657939601,-0.06227978626
12.99191262,0.06079172236,-0.06185103574,0.05661548279,-0.06227225953
13.03985326,0.06085861996,-0.06186655403,0.05665747356,-0.06226540536
13.0877939,0.06092171484,-0.06188178395,0.05670512101,-0.06225919665
13.13573453,0.0609810974,-0.06189672813,0.05675817782,-0.06225360634
13.18367517,0.06103685803,-0.06191138919,0.05681639667,-0.06224860733
13.23161581,0.06108908712,-0.06192576976,0.05687953024,-0.06224417256
13.27955644,0.06113787505,-0.06193987248,0.0569473312,-0.06224027494
13.32749708,0.06118331221,-0.06195369997,0.05701955225,-0.0622368874
13.37543772,0.06122548899,-0.06196725487,0.05709594606,-0.06223398285
13.42337836,0.06126449577,-0.0619805398,0.05717626531,-0.06223153422
13.47131899,0.06130042296,-0.06199355739,0.05726026268,-0.06222951442
13.51925963,0.06133336093,-0.06200631028,0.05734769086,-0.06222789638
13.56720027,0.06136340007,-0.06201880108,0.05743830251,-0.06222665302
13.6151409,0.06139063077,-0.06203103244,0.05753185033,-0.06222575726
13.66308154,0.06141514343,-0.06204300697,0.05762808699,-0.06222518201
13.71102218,0.06143702842,-0.06205472732,0.05772676517,-0.06222490021
13.75896281,0.06145637613,-0.06206619611,0.05782763756,-0.06222488477
13.80690345,0.06147327696,-0.06207741596,0.05793045682,-0.06222510861
13.85484409,0.06148782129,-0.06208838951,0.05803497566,-0.06222554466
13.90278473,0.06150009951,-0.06209911939,0.05814094673,-0.06222616583
13.95072536,0.06151020201,-0.06210960823,0.05824812273,-0.06222694504
13.998666,0.06151821918,-0.06211985866,0.05835625634,-0.06222785522
14.04660664,0.0615242414,-0.0621298733,0.05846510023,-0.06222886929
14.09454727,0.06152835907,-0.06213965478,0.05857440709,-0.06222996017
14.14248791,0.06153066256,-0.06214920574,0.05868392959,-0.06223110077
14.19042855,0.06153124228,-0.06215852881,0.05879342041,-0.06223226402
14.23836918,0.06153018861,-0.06216762661,0.05890263225,-0.06223342284
14.28630982,0.06152759193,-0.06217650178,0.05901131777,-0.06223455016
14.33425046,0.06152354263,-0.06218515693,0.05911922966,-0.06223561888
14.3821911,0.06151813111,-0.06219359472,0.05922612059,-0.06223660194
14.43013173,0.06151144775,-0.06220181775,0.05933174325,-0.06223747225
14.47807237,0.06150358294,-0.06220982866,0.05943585032,-0.06223820274
14.52601301,0.06149462706,-0.06221763009,0.05953819448,-0.06223876632
14.57395364,0.06148467051,-0.06222522466,0.05963852841,-0.06223913592
14.62189428,0.06147380368,-0.06223261499,0.05973660478,-0.06223928445
14.66983492,0.06146211694,-0.06223980373,0.05983217629,-0.06223918484
14.71777555,0.0614497007,-0.0622467935,0.0599249956,-0.06223881001
14.76571619,0.06143664534,-0.06225358692,0.06001481541,-0.06223813288
14.81365683,0.06142304124,-0.06226018663,0.06010138838,-0.06223712637
14.86159747,0.06140897879,-0.06226659526,0.0601844672,-0.0622357634
14.9095381,0.06139454839,-0.06227281544,0.06026380456,-0.0622340169
14.95747874,0.06137984043,-0.0622788498,0.06033915313,-0.06223185977
15.00541938,0.06136494528,-0.06228470096,0.06041026558,-0.06222926495
15.05336001,0.06134995333,-0.06229037155,0.06047689461,-0.06222620536
15.10130065,0.06133495499,-0.06229586421,0.0605387929,-0.06222265391
15.14924129,0.06132004063,-0.06230118157,0.06059571311,-0.06221858352
15.19718192,0.06130530064,-0.06230632625,0.06064740794,-0.06221396713
15.24512256,0.06129082541,-0.06231130088,0.06069363006,-0.06220877764
15.2930632,0.06127670533,-0.0623161081,0.06073413215,-0.06220298798
15.34100384,0.06126303079,-0.06232075053,0.0607686669,-0.06219657107
15.38894447,0.06124989218,-0.0623252308,0.06079698698,-0.06218949983
15.43688511,0.06123737987,-0.06232955155,0.06081884507,-0.06218174718
15.48482575,0.06122558427,-0.06233371539,0.06083399386,-0.06217328604
15.53276638,0.06121459576,-0.06233772497,0.06084218602,-0.06216408934
15.58070702,0.06120450473,-0.0623415829,0.06084317424,-0.06215412999
15.62864766,0.06119540156,-0.06234529183,0.0608367112,-0.06214338091
15.67658829,0.06118737665,-0.06234885437,0.06082254957,-0.06213181503
15.72452893,0.06118052038,-0.06235227316,0.06080044204,-0.06211940527
15.77246957,0.06117492315,-0.06235555083,0.06077014128,-0.06210612455
15.82041021,0.06117067533,-0.06235869001,0.06073139998,-0.06209194578
15.86835084,0.06116786732,-0.06236169333,0.06068397082,-0.06207684189
15.91629148,0.0611665895,-0.06236456341,0.06062760647,-0.0620607858
15.96423212,0.06116693228,-0.06236730289,0.06056205963,-0.06204375043
16.01217275,0.06116898602,-0.06236991439,0.06048708296,-0.06202570871
16.06011339,0.06117284112,-0.06237240055,0.06040242915,-0.06200663354
16.10805403,0.06117858797,-0.06237476399,0.06030785087,-0.06198649786
16.15599466,0.06118631696,-0.06237700735,0.06020310082,-0.06196527459
16.2039353,0.06119611848,-0.06237913325,0.06008793167,-0.06194293663
16.25187594,0.0612080829,-0.06238114433,0.05996209609,-0.06191945693
16.29981657,0.06122230063,-0.0623830432,0.05982534678,-0.06189480839
16.34775721,0.06123886205,-0.06238483251,0.05967743641,-0.06186896394
16.39569785,0.06125785755,-0.06238651488,0.05951811765,-0.06184189649
16.44363849,0.06127937751,-0.06238809294,0.0593471432,-0.06181357898
16.49157912,0.06130351233,-0.06238956933,0.05916426573,-0.06178398431
16.53951976,0.06133035239,-0.06239094666,0.05896923792,-0.06175308542
16.5874604,0.06135998809,-0.06239222757,0.05876181246,-0.06172085522
16.63540103,0.0613925098,-0.06239341469,0.05854174201,-0.06168726663
16.68334167,0.06142764778,-0.0623945173,0.05830445604,-0.06164651791
16.73128231,0.06146116022,-0.0623956168,0.05799844504,-0.06152988478
16.77922294,0.06149185623,-0.06239673555,0.05761036239,-0.06131915305
16.82716358,0.06151980989,-0.06239787224,0.05714222046,-0.06101657141
16.87510422,0.06154509527,-0.06239902557,0.05659603167,-0.06062438856
16.92304486,0.06156778642,-0.06240019424,0.05597380842,-0.06014485319
16.97098549,0.06158795744,-0.06240137692,0.05527756311,-0.05958021399
17.01892613,0.06160568237,-0.06240257232,0.05450930815,-0.05893271966
17.06686677,0.06162103529,-0.06240377914,0.05367105592,-0.05820461888
17.1148074,0.06163409028,-0.06240499605,0.05276481885,-0.05739816036
17.16274804,0.06164492139,-0.06240622176,0.05179260932,-0.05651559278
17.21068868,0.0616536027,-0.06240745496,0.05075643974,-0.05555916484
17.25862931,0.06166020828,-0.06240869434,0.04965832252,-0.05453112524
17.30656995,0.06166481219,-0.0624099386,0.04850027005,-0.05343372265
17.35451059,0.06166748851,-0.06241118643,0.04728429473,-0.05226920579
17.40245123,0.0616683113,-0.06241243651,0.04601240898,-0.05103982333
17.45039186,0.06166735464,-0.06241368756,0.04468662519,-0.04974782399
17.4983325,0.06166469259,-0.06241493825,0.04330895576,-0.04839545643
17.54627314,0.06166039922,-0.06241618728,0.04188141309,-0.04698496938
17.59421377,0.0616545486,-0.06241743335,0.0404060096,-0.0455186115
17.64215441,0.0616472148,-0.06241867514,0.03888475767,-0.0439986315
17.69009505,0.06163847188,-0.06241991135,0.03731966971,-0.04242727808
17.73803568,0.06162839393,-0.06242114068,0.03571275813,-0.04080679991
17.78597632,0.061617055,-0.06242236181,0.03406603532,-0.03913944571
17.83391696,0.06160452917,-0.06242357344,0.03238151369,-0.03742746416
17.8818576,0.0615908905,-0.06242477427,0.03066120564,-0.03567310395
17.92979823,0.06157621307,-0.06242596298,0.02890712357,-0.03387861377
17.97773887,0.06156057094,-0.06242713827,0.02712127988,-0.03204624233
18.02567951,0.06154403818,-0.06242829884,0.02530568698,-0.03017823831
18.07362014,0.06152668886,-0.06242944336,0.02346235727,-0.02827685041
18.12156078,0.06150859705,-0.06243057055,0.02159330315,-0.02634432732
18.16950142,0.06148983683,-0.06243167909,0.01970053702,-0.02438291773
18.21744205,0.06147048225,-0.06243276767,0.01778607128,-0.02239487034
18.26538269,0.06145060738,-0.06243383499,0.01585191834,-0.02038243384
18.31332333,0.06143028631,-0.06243487974,0.0139000906,-0.01834785692
18.36126397,0.06140959308,-0.06243590062,0.01193260046,-0.01629338828
18.4092046,0.06138860179,-0.06243689631,0.009951460319,-0.01422127661
18.45714524,0.06136738648,-0.06243786551,0.007958682584,-0.0121337706
18.50508588,0.06134602124,-0.06243880692,0.005956279656,-0.01003311895
18.55302651,0.06132458013,-0.06243971922,0.003946263936,-0.00792157035
18.60096715,0.06130313722,-0.06244060111,0.001930647826,-0.005801373491
18.64890779,0.06128176658,-0.06244145128,-8.855627043e-05,-0.003674777068
18.69684842,0.06126054228,-0.06244226843,-0.002109335953,-0.001544029774
18.74478906,0.06123953838,-0.06244305125,-0.004129678818,0.0005886196977
18.7927297,0.06121882897,-0.06244379843,-0.006147572464,0.002720922653
18.84067034,0.06119848809,-0.06244450867,-0.00816100449,0.0048506304
18.88861097,0.06117858984,-0.06244518065,-0.01016796249,0.006975494244
18.93655161,0.06115920826,-0.06244581308,-0.01216643407,0.009093265492
18.98449225,0.06114041744,-0.06244640464,-0.01415440682,0.01120169545
19.03243288,0.06112229145,-0.06244695403,-0.01612986834,0.01329853543
19.08037352,0.06110490434,-0.06244745993,-0.01809080623,0.01538153673
19.12831416,0.06108833019,-0.06244792106,-0.02003520809,0.01744845066
19.17625479,0.06107264308,-0.06244833608,-0.02196106151,0.01949702854
19.22419543,0.06105791706,-0.06244870371,-0.0238663541,0.02152502165
19.27213607,0.0610442262,-0.06244902264,-0.02574907344,0.02353018132
19.32007671,0.06103164459,-0.06244929154,-0.02760720714,0.02551025885
19.36801734,0.06102024628,-0.06244950913,-0.0294387428,0.02746300554
19.41595798,0.06101010534,-0.06244967409,-0.03124166802,0.0293861727
19.46389862,0.06100129585,-0.06244978512,-0.03301397038,0.03127751164
19.51183925,0.06099389187,-0.0624498409,-0.0347536375,0.03313477367
19.55977989,0.06098796747,-0.06244984014,-0.03645865696,0.03495571009
19.60772053,0.06098359672,-0.06244978152,-0.03812701637,0.03673807221
19.65566116,0.0609808537,-0.06244966374,-0.03975670333,0.03847961133
19.7036018,0.06097981246,-0.06244948549,-0.04134570543,0.04017807877
19.75154244,0.06098054707,-0.06244924546,-0.04289201026,0.04183122582
19.79948307,0.06098313162,-0.06244894235,-0.04439360544,0.0434368038
19.84742371,0.06098764016,-0.06244857485,-0.04584847855,0.04499256402
19.89536435,0.06099414677,-0.06244814166,-0.04725461719,0.04649625777
19.94330499,0.06100272551,-0.06244764146,-0.04861000897,0.04794563637
19.99124562,0.06101345045,-0.06244707296,-0.04991264147,0.04933845112
20.03918626,0.06102639566,-0.06244643483,-0.0511605023,0.05067245333
20.0871269,0.06104163522,-0.06244572578,-0.05235157906,0.05194539431
20.13506753,0.06105924319,-0.0624449445,-0.05348385934,0.05315502536
20.18300817,0.06107929363,-0.06244408969,-0.05455533074,0.05429909779
20.23094881,0.06110186063,-0.06244316002,-0.05556398086,0.05537536291
20.27888944,0.06112701824,-0.06244215421,-0.0565077973,0.05638157202
20.32683008,0.06115484054,-0.06244107094,-0.05738476766,0.05731547643
20.37477072,0.06118540159,-0.0624399089,-0.05819287952,0.05817482744
20.42271136,0.06121877547,-0.06243866679,-0.0589301205,0.05895737637
20.47065199,0.06125503624,-0.06243734331,-0.05959447819,0.05966087452
20.51859263,0.06129425797,-0.06243593713,-0.06018394018,0.0602830732
20.56653327,0.06133651474,-0.06243444697,-0.06069649408,0.06082172371
20.6144739,0.0613818806,-0.0624328715,-0.06113012748,0.06127457736
20.66241454,0.06143042964,-0.06243120943,-0.06148282798,0.06163938546
20.71035518,0.06148223592,-0.06242945944,-0.06175258318,0.06191389931
20.75829581,0.0615373735,-0.06242762023,-0.06193738068,0.06209587023
20.80623645,0.06159591646,-0.0624256905,-0.06203520807,0.06218304951
20.85417709,0.06165699348,-0.06242370472,-0.06205261697,0.06218260584
20.90211773,0.06171325575,-0.06242194033,-0.06205585354,0.06216735834
20.95005836,0.06176327942,-0.06242044646,-0.06205927839,0.06215308379
20.997999,0.061807244,-0.06241921119,-0.06206288583,0.06213976227
21.04593964,0.06184532896,-0.06241822258,-0.06206667012,0.06212737387
21.09388027,0.06187771377,-0.06241746873,-0.06207062555,0.06211589866
21.14182091,0.06190457793,-0.06241693771,-0.0620747464,0.06210531672
21.18976155,0.06192610092,-0.06241661759,-0.06207902697,0.06209560815
21.23770218,0.06194246221,-0.06241649646,-0.06208346152,0.06208675301
21.28564282,0.0619538413,-0.06241656239,-0.06208804435,0.0620787314
21.33358346,0.06196041765,-0.06241680346,-0.06209276974,0.0620715234
21.3815241,0.06196237077,-0.06241720775,-0.06209763197,0.06206510908
21.42946473,0.06195988011,-0.06241776333,-0.06210262533,0.06205946854
21.47740537,0.06195312518,-0.06241845828,-0.06210774409,0.06205458184
21.52534601,0.06194228545,-0.06241928069,-0.06211298255,0.06205042908
21.57328664,0.06192754041,-0.06242021863,-0.06211833498,0.06204699034
21.62122728,0.06190906953,-0.06242126017,-0.06212379568,0.06204424569
21.66916792,0.0618870523,-0.0624223934,-0.06212935891,0.06204217523
21.71710855,0.0618616682,-0.06242360639,-0.06213501897,0.06204075903
21.76504919,0.06183309671,-0.06242488722,-0.06214077014,0.06203997717
21.81298983,0.06180151732,-0.06242622397,-0.06214660671,0.06203980974
21.86093047,0.0617671095,-0.06242760472,-0.06215252294,0.06204023682
21.9088711,0.06173005275,-0.06242901754,-0.06215851314,0.06204123849
21.95681174,0.06169052653,-0.06243045051,-0.06216457159,0.06204279484
22.00475238,0.06164871035,-0.06243189171,-0.06217069256,0.06204488594
22.05269301,0.06160478366,-0.06243332922,-0.06217687033,0.06204749188
22.10063365,0.06155892597,-0.06243475112,-0.06218309921,0.06205059274
22.14857429,0.06151131675,-0.06243614547,-0.06218937346,0.0620541686
22.19651492,0.06146213548,-0.06243750037,-0.06219568737,0.06205819954
22.24445556,0.06141156164,-0.06243880389,-0.06220203522,0.06206266565
22.2923962,0.06135977473,-0.0624400441,-0.06220841131,0.06206754701
22.34033684,0.06130695421,-0.06244120909,-0.0622148099,0.06207282371
22.38827747,0.06125327958,-0.06244228693,-0.06222122529,0.06207847581
22.43621811,0.06119893031,-0.0624432657,-0.06222765175,0.06208448341
22.48415875,0.06114408589,-0.06244413347,-0.06223408358,0.06209082658
22.53209938,0.06108892579,-0.06244487834,-0.06224051505,0.06209748542
22.58004002,0.06103362951,-0.06244548836,-0.06224694045,0.06210444
22.62798066,0.06097837652,-0.06244595163,-0.06225335406,0.0621116704
22.67592129,0.06092334631,-0.06244625622,-0.06225975016,0.0621191567
22.72386193,0.06086871835,-0.0624463902,-0.06226612305,0.062126879
22.77180257,0.06081467214,-0.06244634166,-0.06227246699,0.06213481736
22.8197432,0.06076138715,-0.06244609868,-0.06227877628,0.06214295188
22.86768384,0.06070904286,-0.06244564932,-0.0622850452,0.06215126263
22.91562448,0.06065781876,-0.06244498167,-0.06229126804,0.0621597297
22.96356512,0.06060789433,-0.06244408381,-0.06229743906,0.06216833316
23.01150575,0.06055944905,-0.06244294381,-0.06230355257,0.06217705311
23.05944639,0.0605126624,-0.06244154975,-0.06230960284,0.06218586962
23.10738703,0.06046771387,-0.06243988971,-0.06231558416,0.06219476277
23.15532766,0.06042478294,-0.06243795177,-0.0623214908,0.06220371266
23.2032683,0.06038404909,-0.06243572401,-0.06232731706,0.06221269935
23.25120894,0.0603456918,-0.06243319449,-0.06233305722,0.06222170293
23.29914957,0.06030989056,-0.06243035131,-0.06233870555,0.06223070349
23.34709021,0.06027682484,-0.06242718254,-0.06234425635,0.0622396811
23.39503085,0.06024667414,-0.06242367626,-0.06234970389,0.06224861585
23.44297149,0.06021961792,-0.06241982053,-0.06235504247,0.06225748782
23.49091212,0.06019583568,-0.06241560346,-0.06236026636,0.06226627709
23.53885276,0.0601755069,-0.0624110131,-0.06236536984,0.06227496375
23.5867934,0.06015881105,-0.06240603754,-0.06237034721,0.06228352787
23.63473403,0.06014592763,-0.06240066485,-0.06237519274,0.06229194955
23.68267467,0.06013703611,-0.06239488312,-0.06237990072,0.06230020885
23.73061531,0.06013231597,-0.06238868042,-0.06238446543,0.06230828587
23.77855594,0.0601319467,-0.06238204483,-0.06238888115,0.06231616068
23.82649658,0.06013610778,-0.06237496442,-0.06239314217,0.06232381336
23.87443722,0.0601449787,-0.06236742729,-0.06239724277,0.06233122401
23.92237786,0.06015873893,-0.06235942149,-0.06240117724,0.0623383727
23.97031849,0.06017756795,-0.06235093511,-0.06240493985,0.06234523951
24.01825913,0.06020164525,-0.06234195624,-0.0624085249,0.06235180453
24.06619977,0.06023115032,-0.06233247294,-0.06241192666,0.06235804784
24.1141404,0.06026626263,-0.06232247329,-0.06241513942,0.06236394952
24.16208104,0.06030716166,-0.06231194537,-0.06241815747,0.06236948965
24.21002168,0.0603540269,-0.06230087727,-0.06242097507,0.06237464831
24.25796231,0.06040703783,-0.06228925705,-0.06242358653,0.06237940559
24.30590295,0.06046637394,-0.0622770728,-0.06242598612,0.06238374157
24.35384359,0.06053221469,-0.06226431259,-0.06242816812,0.06238763633
24.40178423,0.06060473959,-0.0622509645,-0.06243012683,0.06239106995
24.44972486,0.0606841281,-0.06223701661,-0.06243185651,0.06239402252
24.4976655,0.06077055972,-0.062222457,-0.06243335146,0.06239647412
24.54560614,0.06086421392,-0.06220727374,-0.06243460597,0.06239840482
24.59354677,0.06096527019,-0.06219145491,-0.0624356143,0.06239979472
24.64148741,0.061073908,-0.0621749886,-0.06243637075,0.06240062389
24.68942805,0.06119030684,-0.06215786287,-0.0624368696,0.06240087241
24.73736868,0.0613146462,-0.06214006581,-0.06243710514,0.06240052038
24.78530932,0.06144710555,-0.06212158549,-0.06243707164,0.06239954786
24.83324996,0.06158786438,-0.06210240999,-0.06243676339,0.06239793495
24.8811906,0.06173710217,-0.06208252739,-0.06243617468,0.06239566172
24.92913123,0.0618949984,-0.06206192577,-0.06243529978,0.06239270825
24.97707187,0.06206173255,-0.06204059321,-0.06243413298,0.06238905464
25.02501251,0.06223146944,-0.06201994946,-0.06243273844,0.06238481606
25.07295314,0.06237129667,-0.06200750437,-0.06243149523,0.06238072213
25.12089378,0.06247641589,-0.06200354558,-0.06243045643,0.06237688016
25.16883442,0.06254708578,-0.06200712194,-0.06242961641,0.06237328452
25.21677505,0.06258356499,-0.06201728228,-0.06242896956,0.06236992956
25.26471569,0.06258611221,-0.06203307543,-0.06242851024,0.06236680962
25.31265633,0.06255498609,-0.06205355024,-0.06242823283,0.06236391907
25.36059697,0.06249044531,-0.06207775553,-0.0624281317,0.06236125224
25.4085376,0.06239274854,-0.06210474014,-0.06242820123,0.06235880349
25.45647824,0.06226215444,-0.06213355292,-0.0624284358,0.06235656717
25.50441888,0.06209892169,-0.06216324269,-0.06242882977,0.06235453764
25.55235951,0.06190330895,-0.06219285829,-0.06242937752,0.06235270924
25.60030015,0.06167557488,-0.06222144856,-0.06243007342,0.06235107633
25.64824079,0.06141597817,-0.06224806233,-0.06243091186,0.06234963325
25.69618142,0.06112477748,-0.06227174843,-0.0624318872,0.06234837436
25.74412206,0.06080223148,-0.06229155572,-0.06243299381,0.06234729401
25.7920627,0.06044859883,-0.06230653301,-0.06243422608,0.06234638655
25.84000334,0.0600641382,-0.06231572915,-0.06243557838,0.06234564633
25.88794397,0.05964910827,-0.06231819298,-0.06243704508,0.06234506771
25.93588461,0.05920376771,-0.06231297332,-0.06243862055,0.06234464502
25.98382525,0.05872837517,-0.06229911901,-0.06244029917,0.06234437264
26.03176588,0.05822318933,-0.0622756789,-0.06244207532,0.06234424489
26.07970652,0.05768846886,-0.06224170181,-0.06244394336,0.06234425615
26.12764716,0.05712447243,-0.06219623658,-0.06244589768,0.06234440075
26.17558779,0.05653145871,-0.06213833205,-0.06244793264,0.06234467305
26.22352843,0.05590968636,-0.06206703706,-0.06245004262,0.06234506741
26.27146907,0.05525941405,-0.06198140043,-0.06245222201,0.06234557816
26.3194097,0.05458090046,-0.06188047101,-0.06245446516,0.06234619967
26.36735034,0.05387440424,-0.06176329763,-0.06245676645,0.06234692628
26.41529098,0.05314018408,-0.06162892913,-0.06245912026,0.06234775234
26.46323162,0.05237849864,-0.06147641435,-0.06246152097,0.06234867222
26.51117225,0.05158960658,-0.06130480211,-0.06246396294,0.06234968025
26.55911289,0.05077376658,-0.06111314125,-0.06246644056,0.06235077079
26.60705353,0.0499312373,-0.06090048062,-0.06246894819,0.06235193819
26.65499416,0.04906227742,-0.06066586904,-0.06247148021,0.0623531768
26.7029348,0.04816714559,-0.06040835536,-0.06247403099,0.06235448097
26.75087544,0.0472461005,-0.06012698841,-0.06247659492,0.06235584506
26.79881607,0.04629940081,-0.05982081702,-0.06247916635,0.06235726341
26.84675671,0.04532730519,-0.05948889003,-0.06248173968,0.06235873037
26.89469735,0.0443300723,-0.05913025627,-0.06248430927,0.06236024031
26.94263799,0.04330796083,-0.05874396459,-0.06248686949,0.06236178756
26.99057862,0.04226122942,-0.05832906382,-0.06248941472,0.06236336648
27.03851926,0.04119013676,-0.05788460279,-0.06249193934,0.06236497142
27.0864599,0.04009494151,-0.05740963034,-0.06249443771,0.06236659673
27.13440053,0.03897590234,-0.05690319531,-0.06249690422,0.06236823677
27.18234117,0.03783327792,-0.05636434653,-0.06249933324,0.06236988588
27.23028181,0.03666732692,-0.05579213283,-0.06250171914,0.06237153842
27.27822244,0.03547830801,-0.05518560306,-0.0625040563,0.06237318873
27.32616308,0.03426647985,-0.05454380605,-0.06250633908,0.06237483117
27.37410372,0.03303210112,-0.05386579064,-0.06250856188,0.06237646008
27.42204436,0.03177543048,-0.05315060566,-0.06251071905,0.06237806983
27.46998499,0.03049672661,-0.05239729994,-0.06251280497,0.06237965476
27.51792563,0.02919624816,-0.05160492233,-0.06251481402,0.06238120922
27.56586627,0.02787425381,-0.05077252165,-0.06251674058,0.06238272756
27.6138069,0.02653100223,-0.04989914675,-0.06251857901,0.06238420414
27.66174754,0.02516675209,-0.04898384647,-0.06252032369,0.06238563331
27.70968818,0.02378176206,-0.04802566962,-0.062521969,0.06238700941
27.75762881,0.0223762908,-0.04702366507,-0.06252350931,0.0623883268
27.80556945,0.02095059698,-0.04597688163,-0.06252493899,0.06238957983
27.85351009,0.01950493927,-0.04488436814,-0.06252625242,0.06239076285
27.90145073,0.01803957635,-0.04374517344,-0.06252744397,0.06239187021
27.94939136,0.01655476687,-0.04255834638,-0.06252850801,0.06239289626
27.997332,0.01505076951,-0.04132293577,-0.06252943893,0.06239383536
28.04527264,0.01352784294,-0.04003799046,-0.0625302311,0.06239468185
28.09321327,0.01198624583,-0.03870255929,-0.06253087888,0.06239543009
28.14115391,0.01042623684,-0.03731569108,-0.06253137666,0.06239607443
28.18909455,0.008848074643,-0.03587643468,-0.06253171881,0.06239660921
28.23703518,0.007252017908,-0.03438383892,-0.0625318997,0.0623970288
28.28497582,0.005638325304,-0.03283695265,-0.06253191371,0.06239732753
28.33291646,0.0040072555,-0.03123482468,-0.06253175521,0.06239749977
28.3808571,0.002359067163,-0.02957650386,-0.06253141857,0.06239753986
28.42879773,0.0006940189637,-0.02786103903,-0.06253089818,0.06239744216
28.47673837,-0.0009876304302,-0.02608747902,-0.06253018839,0.06239720101
28.52467901,-0.00268562235,-0.02425487267,-0.0625292836,0.06239681077
28.57261964,-0.004399698126,-0.02236226881,-0.06252817817,0.06239626578
28.62056028,-0.00612959909,-0.02040871628,-0.06252686648,0.06239556041
28.66850092,-0.007875066574,-0.01839326391,-0.0625253429,0.06239468899
28.71644155,-0.009635841909,-0.01631496055,-0.06252360181,0.06239364589
28.76438219,-0.01141166642,-0.01417285502,-0.06252163757,0.06239242545
28.81232283,-0.01320228145,-0.01196599616,-0.06251944457,0.06239102202
28.86026347,-0.01500742833,-0.009693432815,-0.06251701718,0.06238942996
28.9082041,-0.01682684838,-0.007354213811,-0.06251434977,0.06238764362
28.95614474,-0.01866028293,-0.004947387989,-0.06251143672,0.06238565734
29.00408538,-0.02050747333,-0.002472004182,-0.06250827241,0.06238346548
29.05202601,-0.02236816089,7.288877223e-05,-0.0625048512,0.06238106239
29.09996665,-0.02424208696,0.002688242039,-0.06250116746,0.06237844242
29.14790729,-0.02612899285,0.005375006781,-0.06249721559,0.06237559993
29.19584792,-0.02801440919,0.00810477792,-0.06249312801,0.06237259066
29.24378856,-0.02984199104,0.01076167019,-0.06248944569,0.06236965513
29.2917292,-0.03160682502,0.01333481737,-0.06248621195,0.06236681637
29.33966983,-0.03330990246,0.01582549338,-0.06248341285,0.06236407209
29.38761047,-0.03495221469,0.01823497217,-0.06248103448,0.06236142004
29.43555111,-0.03653475301,0.02056452766,-0.06247906288,0.06235885795
29.48349175,-0.03805850875,0.02281543379,-0.06247748412,0.06235638354
29.53143238,-0.03952447324,0.02498896448,-0.06247628426,0.06235399455
29.57937302,-0.04093363779,0.02708639367,-0.06247544938,0.06235168871
29.62731366,-0.04228699372,0.02910899528,-0.06247496552,0.06234946375
29.67525429,-0.04358553236,0.03105804326,-0.06247481876,0.0623473174
29.72319493,-0.04483024503,0.03293481153,-0.06247499516,0.0623452474
29.77113557,-0.04602212304,0.03474057402,-0.06247548078,0.06234325148
29.8190762,-0.04716215772,0.03647660466,-0.06247626168,0.06234132736
29.86701684,-0.0482513404,0.03814417739,-0.06247732393,0.06233947278
29.91495748,-0.04929066238,0.03974456614,-0.0624786536,0.06233768546
29.96289812,-0.050281115,0.04127904483,-0.06248023674,0.06233596316
30.01083875,-0.05122368957,0.04274888741,-0.06248205943,0.06233430358
30.05877939,-0.05211937741,0.0441553678,-0.06248410771,0.06233270447
30.10672003,-0.05296916985,0.04549975993,-0.06248636767,0.06233116355
30.15466066,-0.0537740582,0.04678333773,-0.06248882535,0.06232967857
30.2026013,-0.0545350338,0.04800737515,-0.06249146683,0.06232824724
30.25054194,-0.05525308795,0.0491731461,-0.06249427816,0.0623268673
30.29848257,-0.05592921198,0.05028192451,-0.06249724542,0.06232553649
30.34642321,-0.05656439722,0.05133498433,-0.06250035466,0.06232425252
30.39436385,-0.05715963497,0.05233359948,-0.06250359195,0.06232301315
30.44230449,-0.05771591657,0.0532790439,-0.06250694335,0.06232181609
30.49024512,-0.05823423334,0.05417259151,-0.06251039493,0.06232065908
30.53818576,-0.05871557658,0.05501551624,-0.06251393275,0.06231953984
30.5861264,-0.05916093764,0.05580909204,-0.06251754287,0.06231845612
30.63406703,-0.05957130782,0.05655459282,-0.06252121135,0.06231740565
30.68200767,-0.05994767846,0.05725329252,-0.06252492427,0.06231638614
30.72994831,-0.06029104086,0.05790646508,-0.06252866768,0.06231539534
30.77788894,-0.06060238635,0.05851538442,-0.06253242765,0.06231443098
30.82582958,-0.06088270626,0.05908132447,-0.06253619023,0.06231349079
30.87377022,-0.06113299189,0.05960555917,-0.0625399415,0.0623125725
30.92171086,-0.06135423459,0.06008936245,-0.06254366752,0.06231167384
30.96965149,-0.06154742566,0.06053400824,-0.06254735435,0.06231079254
31.01759213,-0.06171355642,0.06094077047,-0.06255098806,0.06230992633
31.06553277,-0.0618536182,0.06131092308,-0.0625545547,0.06230907296
31.1134734,-0.06196860232,0.06164573998,-0.06255804034,0.06230823014
31.16141404,-0.06205950011,0.06194649513,-0.06256143106,0.06230739561
31.20935468,-0.06212730287,0.06221446244,-0.0625647129,0.0623065671
31.25729531,-0.06217300193,0.06245091584,-0.06256787193,0.06230574234
31.30523595,-0.06219758862,0.06265712928,-0.06257089422,0.06230491906
31.35317659,-0.06220205425,0.06283437668,-0.06257376583,0.06230409501
31.40111723,-0.06218739015,0.06298393197,-0.06257647282,0.06230326789
31.44905786,-0.06215458763,0.06310706909,-0.06257900126,0.06230243546
31.4969985,-0.06210463802,0.06320506196,-0.06258133721,0.06230159543
31.54493914,-0.06203853265,0.06327918452,-0.06258346673,0.06230074555
31.59287977,-0.06195726282,0.0633307107,-0.06258537589,0.06229988354
31.64082041,-0.06186181986,0.06336091443,-0.06258705076,0.06229900713
31.68876105,-0.06175319509,0.06337106964,-0.06258847739,0.06229811406
31.73670168,-0.06163237984,0.06336245027,-0.06258964184,0.06229720205
31.78464232,-0.06150036542,0.06333633023,-0.06259053019,0.06229626885
31.83258296,-0.06135814315,0.06329398348,-0.0625911285,0.06229531217
31.8805236,-0.06120670436,0.06323668393,-0.06259142282,0.06229432976
31.92846423,-0.06104704037,0.06316570552,-0.06259139923,0.06229331934
31.97640487,-0.0608801425,0.06308232218,-0.06259104378,0.06229227864
32.02434551,-0.06070700207,0.06298780785,-0.06259034254,0.0622912054
32.07228614,-0.0605286104,0.06288343644,-0.06258928158,0.06229009734
32.12022678,-0.06034595881,0.06277048191,-0.06258784695,0.06228895221
32.16816742,-0.06016003863,0.06265021816,-0.06258602472,0.06228776773
32.21610805,-0.05997184117,0.06252391915,-0.06258380096,0.06228654162
32.26404869,-0.05978235775,0.0623928588,-0.06258116173,0.06228527163
32.31198933,-0.0595925797,0.06225831103,-0.06257809308,0.06228395549
32.35992996,-0.05940349834,0.06212154979,-0.0625745811,0.06228259092
32.4078706,-0.05921610498,0.061983849,-0.06257061183,0.06228117567
32.45581124,-0.05903139096,0.0618464826,-0.06256617134,0.06227970745
32.50375188,-0.05885034759,0.06171072452,-0.0625612457,0.062278184
32.55169251,-0.05867396619,0.06157784868,-0.06255582096,0.06227660305
32.59963315,-0.05850323808,0.06144912902,-0.0625498832,0.06227496234
32.64757379,-0.05833915459,0.06132583948,-0.06254341848,0.06227325959
32.69551442,-0.05818270703,0.06120925397,-0.06253641285,0.06227149254
32.74345506,-0.05803488673,0.06110064644,-0.06252885239,0.06226965892
32.7913957,-0.057896685,0.06100129082,-0.06252072316,0.06226775646
32.83933633,-0.05776909318,0.06091246103,-0.06251201122,0.06226578289
32.88727697,-0.05765310257,0.06083543101,-0.06250270263,0.06226373594
32.93521761,-0.05754970451,0.06077147469,-0.06249278346,0.06226161335
32.98315825,-0.0574598903,0.06072186601,-0.06248223977,0.06225941285
33.03109888,-0.05738465128,0.06068787888,-0.06247105763,0.06225713216
33.07903952,-0.05732497877,0.06067078725,-0.06245922309,0.06225476902
33.12698016,-0.05728186408,0.06067186505,-0.06244672223,0.06225232116
33.17492079,-0.05725629853,0.0606923862,-0.0624335411,0.06224978631
33.22286143,-0.05724927345,0.06073362464,-0.06241966577,0.06224716221
33.27080207,-0.05726178017,0.06079685431,-0.0624050823,0.06224444658
33.3187427,-0.05729480999,0.06088334912,-0.06238977676,0.06224163715
33.36668334,-0.05734893716,0.06098727496,-0.06237438009,0.06223866295
33.41462398,-0.05742283664,0.06108842245,-0.06236074946,0.0622353246
33.46256462,-0.05751518133,0.06118552235,-0.06234894145,0.06223161709
33.51050525,-0.05762468886,0.06127864739,-0.06233888837,0.06222754873
33.55844589,-0.05775007687,0.0613678703,-0.06233052255,0.0622231278
33.60638653,-0.05789006299,0.06145326382,-0.06232377629,0.06221836262
33.65432716,-0.05804336485,0.06153490069,-0.06231858192,0.06221326146
33.7022678,-0.05820870009,0.06161285363,-0.06231487174,0.06220783265
33.75020844,-0.05838478633,0.06168719539,-0.06231257809,0.06220208447
33.79814907,-0.05857034122,0.06175799869,-0.06231163326,0.06219602522
33.84608971,-0.05876408238,0.06182533628,-0.06231196959,0.06218966319
33.89403035,-0.05896472745,0.06188928089,-0.06231351938,0.0621830067
33.94197099,-0.05917099407,0.06194990525,-0.06231621496,0.06217606404
33.98991162,-0.05938159985,0.0620072821,-0.06231998863,0.0621688435
34.03785226,-0.05959526245,0.06206148418,-0.06232477272,0.06216135338
34.0857929,-0.05981069949,0.06211258421,-0.06233049955,0.06215360199
34.13373353,-0.0600266286,0.06216065493,-0.06233710141,0.06214559762
34.18167417,-0.06024176742,0.06220576908,-0.06234451065,0.06213734857
34.22961481,-0.06045483358,0.0622479994,-0.06235265956,0.06212886313
34.27755544,-0.06066454471,0.06228741861,-0.06236148048,0.06212014962
34.32549608,-0.06086961845,0.06232409945,-0.0623709057,0.06211121631
34.37343672,-0.06106877243,0.06235811466,-0.06238086756,0.06210207152
34.42137736,-0.06126072428,0.06238953697,-0.06239129836,0.06209272355
34.46931799,-0.06144419164,0.06241843912,-0.06240213043,0.06208318068
34.51725863,-0.06161789214,0.06244489383,-0.06241329607,0.06207345122
34.56519927,-0.06178054342,0.06246897386,-0.06242472761,0.06206354347
34.6131399,-0.0619308631,0.06249075193,-0.06243635736,0.06205346572
34.66108054,-0.06206756882,0.06251030077,-0.06244811764,0.06204322628
34.70902118,-0.06218937821,0.06252769312,-0.06245994077,0.06203283344
34.75696181,-0.0622950089,0.06254300172,-0.06247175906,0.0620222955
34.80490245,-0.06238317854,0.0625562993,-0.06248350482,0.06201162076
34.85284309,-0.06245260475,0.0625676586,-0.06249511038,0.06200081752
34.90078373,-0.06250200516,0.06257715234,-0.06250650805,0.06198989408
34.94872436,-0.06253009741,0.06258485327,-0.06251763014,0.06197885873
34.996665,-0.06253559913,0.06259083412,-0.06252840898,0.06196771977
35.04460564,-0.06251722796,0.06259516763,-0.06253877688,0.06195648551
35.09254627,-0.06247370152,0.06259792652,-0.06254866616,0.06194516423
35.14048691,-0.06240373746,0.06259918354,-0.06255800912,0.06193376425
35.18842755,-0.0623060534,0.06259901142,-0.0625667381,0.06192229385
35.23636818,-0.06217936698,0.06259748289,-0.0625747854,0.06191076134
35.28430882,-0.06202239583,0.06259467069,-0.06258208334,0.06189917501
35.33224946,-0.06183385758,0.06259064755,-0.06258856424,0.06188754316
35.3801901,-0.06161246987,0.06258548622,-0.06259416042,0.0618758741
35.42813073,-0.06135695033,0.06257925942,-0.06259880419,0.06186417611
35.47607137,-0.06106601659,0.06257203988,-0.06260242786,0.06185245751
35.52401201,-0.06073838629,0.06256390035,-0.06260496376,0.06184072658
35.57195264,-0.06037277706,0.06255491356,-0.06260634419,0.06182899162
35.61989328,-0.05996790653,0.06254515224,-0.06260650149,0.06181726094
35.66783392,-0.05952249233,0.06253468913,-0.06260536795,0.06180554283
35.71577455,-0.05903525211,0.06252359696,-0.06260287591,0.06179384559
35.76371519,-0.05850490349,0.06251194846,-0.06259895767,0.06178217751
35.81165583,-0.0579301641,0.06249981638,-0.06259354555,0.06177054691
35.85959646,-0.05730975159,0.06248727345,-0.06258657187,0.06175896207
35.9075371,-0.05664238357,0.0624743924,-0.06257796895,0.0617474313
35.95547774,-0.05592677769,0.06246124597,-0.06256766909,0.06173596288
36.00341838,-0.05516165158,0.06244790688,-0.06255560463,0.06172456513
36.05135901,-0.05434572287,0.06243444789,-0.06254170787,0.06171324634
36.09929965,-0.05347770919,0.06242094172,-0.06252591113,0.06170201481
36.14724029,-0.05255632819,0.0624074611,-0.06250814672,0.06169087883
36.19518092,-0.05158029748,0.06239407877,-0.06248834697,0.06167984671
36.24312156,-0.05054833471,0.06238086747,-0.06246644419,0.06166892674
36.2910622,-0.0494591575,0.06236789993,-0.06244237069,0.06165812723
36.33900283,-0.0483114835,0.06235524889,-0.0624160588,0.06164745646
36.38694347,-0.04710403032,0.06234298707,-0.06238744082,0.06163692274
36.43488411,-0.04583551562,0.06233118722,-0.06235644909,0.06162653437
36.48282475,-0.04450465701,0.06231992208,-0.0623230159,0.06161629965
36.53076538,-0.04311017214,0.06230926436,-0.06228707358,0.06160622687
36.57870602,-0.04165077864,0.06229928682,-0.06224855444,0.06159632433
36.62664666,-0.04012519413,0.06229006218,-0.06220739081,0.06158660033
36.67458729,-0.03853213626,0.06228166318,-0.06216351499,0.06157706317
36.72252793,-0.03687032265,0.06227416256,-0.0621168593,0.06156772116
36.77046857,-0.03513847094,0.06226763304,-0.06206735607,0.06155858257
36.8184092,-0.03333529877,0.06226214737,-0.0620149376,0.06154965573
36.86634984,-0.03145952376,0.06225777828,-0.06195953622,0.06154094891
36.91429048,-0.02950986355,0.0622545985,-0.06190108423,0.06153247043
36.96223112,-0.02748503577,0.06225268077,-0.06183951396,0.06152422858
37.01017175,-0.02538375805,0.06225209782,-0.06177475772,0.06151623165
37.05811239,-0.02320474804,0.0622529224,-0.06170674783,0.06150848796
37.10605303,-0.02094672335,0.06225522722,-0.0616354166,0.06150100579
37.15399366,-0.01860840163,0.06225908504,-0.06156069636,0.06149379344
37.2019343,-0.01618850051,0.06226456857,-0.06148251941,0.06148685922
37.24987494,-0.01368573761,0.06227175057,-0.06140081808,0.06148021142
37.29781557,-0.01109883059,0.06228070375,-0.06131552467,0.06147385833
37.34575621,-0.008426497055,0.06229150087,-0.06122657152,0.06146780827
37.39369685,-0.005667454654,0.06230421464,-0.06113389092,0.06146206952
37.44163749,-0.002820421017,0.06231891782,-0.06103741521,0.06145665039
37.48957812,0.0001158862237,0.06233568312,-0.06093707669,0.06145155917
37.53751876,0.003086275761,0.06235367377,-0.06084165554,0.06141984551
37.5854594,0.005968507485,0.06237094142,-0.06076976577,0.06130358617
37.63340003,0.008759613496,0.06238743097,-0.06072074885,0.06110269743
37.68134067,0.01146098428,0.06240315702,-0.06069325347,0.0608191915
37.72928131,0.01407401032,0.06241813418,-0.06068592827,0.0604550806
37.77722194,0.0166000821,0.06243237706,-0.06069742195,0.06001237693
37.82516258,0.01904059011,0.06244590027,-0.06072638315,0.05949309271
37.87310322,0.02139692484,0.06245871842,-0.06077146057,0.05889924014
37.92104386,0.02367047677,0.06247084611,-0.06083130285,0.05823283145
37.96898449,0.02586263639,0.06248229796,-0.06090455868,0.05749587883
38.01692513,0.02797479418,0.06249308858,-0.06098987672,0.05669039451
38.06486577,0.03000834064,0.06250323258,-0.06108590565,0.05581839069
38.1128064,0.03196466623,0.06251274455,-0.06119129413,0.05488187958
38.16074704,0.03384516146,0.06252163912,-0.06130469082,0.0538828734
38.20868768,0.03565121681,0.0625299309,-0.06142474441,0.05282338435
38.25662831,0.03738422276,0.06253763448,-0.06155010356,0.05170542466
38.30456895,0.0390455698,0.06254476449,-0.06167941694,0.05053100652
38.35250959,0.04063664841,0.06255133553,-0.06181133321,0.04930214216
38.40045023,0.04215884909,0.0625573622,-0.06194450106,0.04802084377
38.44839086,0.04361356231,0.06256285913,-0.06207756914,0.04668912358
38.4963315,0.04500217857,0.06256784091,-0.06220918613,0.0453089938
38.54427214,0.04632608834,0.06257232215,-0.06233800069,0.04388246663
38.59221277,0.04758668212,0.06257631748,-0.0624626615,0.04241155429
38.64015341,0.0487853504,0.06257984149,-0.06258181723,0.04089826899
38.68809405,0.04992348365,0.06258290879,-0.06269411654,0.03934462293
38.73603468,0.05100247236,0.06258553399,-0.06279820811,0.03775262834
38.78397532,0.05202370702,0.06258773171,-0.0628927406,0.03612429743
38.83191596,0.05298857812,0.06258951655,-0.06297636268,0.03446164239
38.87985659,0.05389847614,0.06259090312,-0.06304772302,0.03276667546
38.92779723,0.05475479157,0.06259190602,-0.0631054703,0.03104140882
38.97573787,0.05555891489,0.06259253988,-0.06314825318,0.02928785471
39.02367851,0.05631223659,0.06259281929,-0.06317472033,0.02750802533
39.07161914,0.05701614715,0.06259275888,-0.06318352041,0.02570393289
39.11955978,0.05767203707,0.06259237323,-0.06317330211,0.0238775896
39.16750042,0.05828129682,0.06259167698,-0.06314271409,0.02203100767
39.21544105,0.0588453169,0.06259068471,-0.06309040501,0.02016619932
39.26338169,0.05936548778,0.06258941106,-0.06301502356,0.01828517675
39.31132233,0.05984319996,0.06258787061,-0.06291521839,0.01638995218
39.35926296,0.06027984392,0.06258607798,-0.06278963818,0.01448253782
39.4072036,0.06067681015,0.06258404779,-0.06263693159,0.01256494588
39.45514424,0.06103548913,0.06258179464,-0.0624557473,0.01063918857
39.50308488,0.06135727135,0.06257933313,-0.06224473397,0.008707278108
39.55102551,0.0616435473,0.06257667789,-0.06200254028,0.006771226696
39.59896615,0.06189570745,0.06257384351,-0.06172781489,0.00483304655
39.64690679,0.06211514231,0.0625708446,-0.06141920648,0.002894749881
39.69484742,0.06230324234,0.06256769579,-0.06107536371,0.0009583488991
39.74278806,0.06246139805,0.06256441167,-0.06069493525,-0.0009741441831
39.7907287,0.06259099991,0.06256100685,-0.06027656977,-0.002900717155
39.83866933,0.06269343841,0.06255749594,-0.05981891594,-0.004819357804
39.88660997,0.06277010404,0.06255389356,-0.05932062243,-0.00672805392
39.93455061,0.06282238728,0.06255021431,-0.05878033791,-0.008624793292
39.98249125,0.06285167862,0.0625464728,-0.05819671106,-0.01050756371
40.03043188,0.06285936854,0.06254268364,-0.05756839053,-0.01237435296
40.07837252,0.06284684754,0.06253886144,-0.05689402499,-0.01422314883
40.12631316,0.06281550609,0.0625350208,-0.05617226313,-0.01605193911
40.17425379,0.06276673469,0.06253117634,-0.0554017536,-0.01785871158
40.22219443,0.06270192381,0.06252734267,-0.05458114508,-0.01964145405
40.27013507,0.06262246395,0.0625235344,-0.05370908624,-0.02139815429
40.3180757,0.06252974559,0.06251976613,-0.05278422574,-0.0231268001
40.36601634,0.06242515921,0.06251605247,-0.05180521225,-0.02482537926
40.41395698,0.06231009531,0.06251240803,-0.05077069445,-0.02649187956
40.46189762,0.06218594437,0.06250884743,-0.049679321,-0.02812428879
40.50983825,0.06205409687,0.06250538527,-0.04852974058,-0.02972059475
40.55777889,0.0619159433,0.06250203616,-0.04732060184,-0.03127878521
40.60571953,0.06177287415,0.0624988147,-0.04605055347,-0.03279684796
40.65366016,0.0616262799,0.06249573552,-0.04471824413,-0.03427277081
40.7016008,0.06147755104,0.06249281321,-0.04332232249,-0.03570454152
40.74954144,0.06132807806,0.06249006239,-0.04186143722,-0.0370901479
40.79748207,0.06117925143,0.06248749767,-0.04033423699,-0.03842757773
40.84542271,0.06103246166,0.06248513365,-0.03873937047,-0.03971481881
40.89336335,0.06088909921,0.06248298494,-0.03707548633,-0.04094985891
40.94130399,0.06075055458,0.06248106616,-0.03534123323,-0.04213068582
40.98924462,0.06061821826,0.06247939191,-0.03353525985,-0.04325528735
41.03718526,0.06049348073,0.0624779768,-0.03165621486,-0.04432165127
41.0851259,0.06037773247,0.06247683545,-0.02970274692,-0.04532776537
41.13306653,0.06027236398,0.06247598245,-0.02767350471,-0.04627161744
41.18100717,0.06017876574,0.06247543242,-0.0255671369,-0.04715119528
41.22894781,0.06009832823,0.06247519997,-0.02338229215,-0.04796448666
41.27688844,0.06003244194,0.0624752997,-0.02111761913,-0.04870947939
41.32482908,0.05998249735,0.06247574623,-0.01877176651,-0.04938416124
41.37276972,0.05994988496,0.06247655417,-0.01634338297,-0.04998652
41.42071036,0.05993599525,0.06247773812,-0.01383111717,-0.05051454347
41.46865099,0.0599422187,0.0624793127,-0.01123361778,-0.05096621944
41.51659163,0.0599699458,0.06248129251,-0.008549533473,-0.05133953568
41.56453227,0.06002056704,0.06248369216,-0.005777512914,-0.05163248
41.6124729,0.0600954729,0.06248652626,-0.002916204776,-0.05184304017
41.66041354,0.06019605387,0.06248980942,3.574227388e-05,-0.05196920399
41.70835418,0.06031173531,0.06249331163,0.003009663682,-0.05205065836
41.75629481,0.06042372191,0.06249664375,0.005893322282,-0.05215355932
41.80423545,0.06053181274,0.06249980316,0.008686515057,-0.0522777084
41.85217609,0.06063607236,0.06250279272,0.01139061441,-0.05242197137
41.90011673,0.06073656532,0.06250561528,0.01400699274,-0.05258521401
41.94805736,0.06083335617,0.0625082737,0.01653702244,-0.05276630209
41.995998,0.06092650945,0.06251077082,0.01898207592,-0.05296410139
42.04393864,0.06101608972,0.06251310951,0.02134352558,-0.05317747768
42.09187927,0.06110216153,0.06251529262,0.02362274381,-0.05340529674
42.13981991,0.06118478942,0.06251732299,0.02582110303,-0.05364642435
42.18776055,0.06126403794,0.0625192035,0.02793997562,-0.05389972629
42.23570118,0.06133997165,0.06252093698,0.02998073399,-0.05416406831
42.28364182,0.06141265509,0.0625225263,0.03194475054,-0.05443831622
42.33158246,0.06148215281,0.0625239743,0.03383339767,-0.05472133577
42.37952309,0.06154852936,0.06252528385,0.03564804777,-0.05501199274
42.42746373,0.06161184929,0.06252645779,0.03739007326,-0.05530915292
42.47540437,0.06167217715,0.06252749898,0.03906084653,-0.05561168207
42.52334501,0.06172957749,0.06252841028,0.04066173998,-0.05591844598
42.57128564,0.06178411486,0.06252919454,0.04219412601,-0.05622831041
42.61922628,0.06183585381,0.06252985461,0.04365937702,-0.05654014115
42.66716692,0.06188485888,0.06253039334,0.04505886541,-0.05685280396
42.71510755,0.06193119462,0.0625308136,0.04639396358,-0.05716516463
42.76304819,0.0619749256,0.06253111823,0.04766604394,-0.05747608894
42.81098883,0.06201611634,0.06253131009,0.04887647888,-0.05778444265
42.85892946,0.06205483141,0.06253139203,0.0500266408,-0.05808909154
42.9068701,0.06209113536,0.06253136691,0.05111790211,-0.05838890139
42.95481074,0.06212509272,0.06253123758,0.05215163519,-0.05868273797
43.00275138,0.06215676806,0.06253100689,0.05312921247,-0.05896946707
43.05069201,0.06218622592,0.06253067771,0.05405200633,-0.05924795445
43.09863265,0.06221353084,0.06253025287,0.05492138917,-0.05951706589
43.14657329,0.06223874739,0.06252973525,0.0557387334,-0.05977566717
43.19451392,0.0622619401,0.06252912768,0.05650541141,-0.06002262406
43.24245456,0.06228317353,0.06252843303,0.05722279561,-0.06025680234
43.2903952,0.06230251223,0.06252765416,0.05789225839,-0.06047706778
43.33833583,0.06232002075,0.0625267939,0.05851517216,-0.06068228617
43.38627647,0.06233576363,0.06252585512,0.05909290932,-0.06087132327
43.43421711,0.06234980542,0.06252484068,0.05962684227,-0.06104304486
43.48215775,0.06236221068,0.06252375342,0.0601183434,-0.06119631672
43.53009838,0.06237304395,0.0625225962,0.06056878512,-0.06133000463
43.57803902,0.06238236979,0.06252137187,0.06097953983,-0.06144297435
43.62597966,0.06239025273,0.06252008329,0.06135197993,-0.06153409167
43.67392029,0.06239675734,0.06251873332,0.06168747781,-0.06160222236
43.72186093,0.06240194816,0.0625173248,0.06198740589,-0.06164623219
43.76980157,0.06240588974,0.06251586059,0.06225313655,-0.06166498695
43.8177422,0.06240864662,0.06251434355,0.06248604221,-0.06165735241
43.86568284,0.06241028337,0.06251277652,0.06268749525,-0.06162219434
43.91362348,0.06241086452,0.06251116237,0.06285886809,-0.06155837852
43.96156412,0.06241045463,0.06250950394,0.06300153311,-0.06146477072
44.00950475,0.06240911824,0.06250780409,0.06311686273,-0.06134023673
44.05744539,0.06240691991,0.06250606568,0.06320622934,-0.06118364231
44.10538603,0.06240392418,0.06250429156,0.06327100534,-0.06099385324
44.15332666,0.06240019561,0.06250248458,0.06331256314,-0.06076973531
44.2012673,0.06239579874,0.0625006476,0.06333227512,-0.06051015428
44.24920794,0.06239079812,0.06249878347,0.0633315137,-0.06021397593
44.29714857,0.0623852583,0.06249689505,0.06331165127,-0.05988006603
44.34508921,0.06237924383,0.06249498518,0.06327406024,-0.05950729037
44.39302985,0.06237281927,0.06249305673,0.063220113,-0.05909451471
44.44097049,0.06236604915,0.06249111254,0.06315118196,-0.05864060484
44.48891112,0.06235899803,0.06248915548,0.06306863951,-0.05814442652
44.53685176,0.06235173046,0.06248718839,0.06297385805,-0.05760484554
44.5847924,0.06234431099,0.06248521413,0.06286820999,-0.05702072767
44.63273303,0.06233680416,0.06248323556,0.06275306773,-0.05639093869
44.68067367,0.06232927452,0.06248125552,0.06262980366,-0.05571434437
44.72861431,0.06232178664,0.06247927688,0.06249979019,-0.05498981049
44.77655494,0.06231440504,0.06247730248,0.06236439971,-0.05421620282
44.82449558,0.06230719429,0.06247533518,0.06222500463,-0.05339238714
44.87243622,0.06230021893,0.06247337784,0.06208297735,-0.05251722922
44.92037686,0.06229354352,0.0624714333,0.06193969027,-0.05158959485
44.96831749,0.06228723259,0.06246950443,0.06179651579,-0.05060834979
45.01625813,0.06228135071,0.06246759407,0.0616548263,-0.04957235982
45.06419877,0.06227596241,0.06246570509,0.06151599421,-0.04848049073
45.1121394,0.06227113226,0.06246384033,0.06138139192,-0.04733160827
45.16008004,0.06226692479,0.06246200264,0.06125239184,-0.04612457824
45.20802068,0.06226340456,0.06246019489,0.06113036635,-0.0448582664
45.25596131,0.06226063611,0.06245841993,0.06101668786,-0.04353153854
45.30390195,0.06225868401,0.06245668061,0.06091272877,-0.04214326042
45.35184259,0.06225761278,0.06245497978,0.06081986149,-0.04069229782
45.39978322,0.06225748699,0.0624533203,0.0607394584,-0.03917751653
45.44772386,0.06225837119,0.06245170503,0.06067289192,-0.0375977823
45.4956645,0.06226032992,0.06245013681,0.06062153444,-0.03595196093
45.54360514,0.06226342773,0.06244861851,0.06058675836,-0.03423891818
45.59154577,0.06226772917,0.06244715297,0.06056993608,-0.03245751984
45.63948641,0.06227329879,0.06244574305,0.06057244001,-0.03060663167
45.68742705,0.06228020114,0.0624443916,0.06059564253,-0.02868511946
45.73536768,0.06228850078,0.06244310148,0.06064091607,-0.02669184897
45.78330832,0.06229826224,0.06244187554,0.06070963301,-0.02462568599
45.83124896,0.06230955007,0.06244071664,0.06080316575,-0.02248549629
45.87918959,0.06232151541,0.06243966559,0.0609088587,-0.0203199623
45.92713023,0.06233310394,0.06243876425,0.06101064419,-0.01818752928
45.97507087,0.06234431961,0.06243800621,0.06110856111,-0.01608810976
46.02301151,0.06235516824,0.062437385,0.06120267693,-0.01402151363
46.07095214,0.06236565566,0.06243689412,0.06129305913,-0.01198755078
46.11889278,0.06237578768,0.06243652711,0.06137977515,-0.009986031117
46.16683342,0.06238557013,0.06243627747,0.06146289248,-0.00801676452
46.21477405,0.06239500883,0.06243613873,0.06154247857,-0.006079560889
46.26271469,0.0624041096,0.0624361044,0.0616186009,-0.004174230115
46.31065533,0.06241287826,0.06243616801,0.06169132693,-0.002300582094
46.35859596,0.06242132063,0.06243632307,0.06176072413,-0.0004584267172
46.4065366,0.06242944254,0.0624365631,0.06182685996,0.001352426121
46.45447724,0.0624372498,0.06243688162,0.06188980189,0.003132166526
46.50241788,0.06244474825,0.06243727215,0.06194961739,0.004880984606
46.55035851,0.06245194368,0.0624377282,0.06200637392,0.006599070467
46.59829915,0.06245884194,0.0624382433,0.06206013896,0.008286614216
46.64623979,0.06246544884,0.06243881097,0.06211097996,0.009943805959
46.69418042,0.06247177021,0.06243942472,0.06215896439,0.0115708358
46.74212106,0.06247781185,0.06244007807,0.06220415973,0.01316789385
46.7900617,0.06248357961,0.06244076454,0.06224663343,0.01473517022
46.83800233,0.06248907929,0.06244147764,0.06228645297,0.016272855
46.88594297,0.06249431671,0.06244221091,0.06232368581,0.01778113831
46.93388361,0.06249929771,0.06244295785,0.06235839941,0.01926021026
46.98182425,0.0625040281,0.06244371198,0.06239066125,0.02071026094
47.02976488,0.0625085137,0.06244446683,0.06242053879,0.02213148047
47.07770552,0.06251276033,0.06244521591,0.0624480995,0.02352405896
47.12564616,0.06251677382,0.06244595274,0.06247341084,0.0248881865
47.17358679,0.06252055999,0.06244667084,0.06249654028,0.02622405321
47.22152743,0.06252412465,0.06244736373,0.06251755529,0.02753184919
47.26946807,0.06252747363,0.06244802492,0.06253652333,0.02881176455
47.3174087,0.06253061276,0.06244864794,0.06255351187,0.0300639894
47.36534934,0.06253354784,0.0624492263,0.06256858838,0.03128871384
47.41328998,0.06253628471,0.06244975352,0.06258182032,0.03248612798
47.46123062,0.06253882919,0.06245022313,0.06259327516,0.03365642192
47.50917125,0.06254118708,0.06245062863,0.06260302037,0.03479978578
47.55711189,0.06254336423,0.06245096355,0.06261112342,0.03591640965
47.60505253,0.06254536645,0.06245122141,0.06261765176,0.03700648365
47.65299316,0.06254719956,0.06245139572,0.06262267287,0.03807019788
47.7009338,0.06254886937,0.06245148001,0.06262625421,0.03910774245
47.74887444,0.06255038173,0.06245146779,0.06262846326,0.04011930746
47.79681507,0.06255174243,0.06245135258,0.06262936747,0.04110508303
47.84475571,0.06255295731,0.0624511279,0.06262903431,0.04206525925
47.89269635,0.06255403219,0.06245078727,0.06262753126,0.04300002623
47.94063699,0.06255497289,0.0624503242,0.06262492577,0.04390957409
47.98857762,0.06255578523,0.06244973222,0.06262128532,0.04479409293
48.03651826,0.06255647503,0.06244900484,0.06261667736,0.04565377284
48.0844589,0.06255704811,0.06244813559,0.06261116937,0.04648880395
48.13239953,0.0625575103,0.06244711798,0.06260482882,0.04729937636
48.18034017,0.06255786741,0.06244594553,0.06259772316,0.04808568017
48.22828081,0.06255812527,0.06244461175,0.06258991988,0.04884790549
48.27622144,0.06255828969,0.06244311018,0.06258148642,0.04958624242
48.32416208,0.06255836651,0.06244143432,0.06257249027,0.05030088108
48.37210272,0.06255836154,0.06243957769,0.06256299888,0.05099201157
48.42004336,0.0625582806,0.06243753382,0.06255307972,0.05165982399
48.46798399,0.06255812951,0.06243529622,0.06254280027,0.05230450846
48.51592463,0.0625579141,0.06243285841,0.06253222798,0.05292625508
48.56386527,0.06255764019,0.0624302139,0.06252143033,0.05352525395
48.6118059,0.06255731359,0.06242735623,0.06251047477,0.05410169519
48.65974654,0.06255694014,0.0624242789,0.06249942878,0.05465576889
48.70768718,0.06255652564,0.06242097544,0.06248835983,0.05518766517
48.75562781,0.06255607593,0.06241743936,0.06247733537,0.05569757413
48.80356845,0.06255559682,0.06241366418,0.06246642288,0.05618568589
48.85150909,0.06255509414,0.06240964342,0.06245568982,0.05665219053
48.89944972,0.0625545737,0.0624053706,0.06244520367,0.05709727818
48.94739036,0.06255404133,0.06240083924,0.06243503188,0.05752113893
48.995331,0.06255350285,0.06239604286,0.06242524192,0.0579239629
49.04327164,0.06255296408,0.06239097497,0.06241590126,0.0583059402
49.09121227,0.06255243084,0.06238562909,0.06240707737,0.05866726092
49.13915291,0.06255190895,0.06237999875,0.06239883771,0.05900811517
49.18709355,0.06255140424,0.06237407746,0.06239124976,0.05932869307
49.23503418,0.06255092253,0.06236785874,0.06238438096,0.05962918471
49.28297482,0.06255046963,0.0623613361,0.0623782988,0.0599097802
49.33091546,0.06255005137,0.06235450307,0.06237307074,0.06017066966
49.37885609,0.06254967357,0.06234735317,0.06236876425,0.06041204319
49.42679673,0.06254934205,0.06233987991,0.06236544679,0.06063409088
49.47473737,0.06254906264,0.06233207682,0.06236318583,0.06083700286
49.52267801,0.06254884115,0.0623239374,0.06236204883,0.06102096923
49.57061864,0.06254868341,0.06231545519,0.06236210327,0.06118618009
49.61855928,0.06254859523,0.0623066237,0.06236341661,0.06133282555
49.66649992,0.06254858244,0.06229743644,0.06236605631,0.06146109571
49.71444055,0.06254865087,0.06228788693,0.06237008985,0.06157118069
49.76238119,0.06254880632,0.06227796871,0.06237558468,0.06166327059
49.81032183,0.06254905463,0.06226767527,0.06238260828,0.06173755551
49.85826246,0.06254940161,0.06225700015,0.06239122812,0.06179422556
49.9062031,0.06254985308,0.06224593685,0.06240151165,0.06183347086
49.95414374,0.06255041487,0.06223447891,0.06241352635,0.0618554815
50.00208438,0.06255109274,0.06222262148,0.06242733729,0.06186046405
50.05002501,0.06255185664,0.06221129505,0.06244163179,0.06185800174
50.09796565,0.06255267585,0.06220125505,0.06245527321,0.06185607769
50.14590629,0.06255354723,0.06219245251,0.06246827378,0.06185467872
50.19384692,0.06255446762,0.06218483844,0.06248064576,0.06185379161
50.24178756,0.06255543387,0.06217836385,0.06249240139,0.06185340318
50.2897282,0.06255644284,0.06217297977,0.06250355291,0.06185350023
50.33766883,0.06255749137,0.0621686372,0.06251411259,0.06185406956
50.38560947,0.06255857631,0.06216528716,0.06252409266,0.06185509797
50.43355011,0.06255969452,0.06216288067,0.06253350537,0.06185657228
50.48149075,0.06256084284,0.06216136875,0.06254236296,0.06185847927
50.52943138,0.06256201813,0.0621607024,0.06255067769,0.06186080577
50.57737202,0.06256321723,0.06216083265,0.06255846179,0.06186353856
50.62531266,0.06256443699,0.06216171051,0.06256572753,0.06186666446
50.67325329,0.06256567426,0.062163287,0.06257248713,0.06187017027
50.72119393,0.06256692589,0.06216551313,0.06257875286,0.06187404279
50.76913457,0.06256818874,0.06216833992,0.06258453695,0.06187826882
50.8170752,0.06256945964,0.06217171838,0.06258985166,0.06188283517
50.86501584,0.06257073546,0.06217559953,0.06259470922,0.06188772864
50.91295648,0.06257201304,0.06217993439,0.0625991219,0.06189293603
50.96089712,0.06257328923,0.06218467397,0.06260310193,0.06189844416
51.00883775,0.06257456088,0.06218976929,0.06260666155,0.06190423982
51.05677839,0.06257582484,0.06219517136,0.06260981303,0.06191030981
51.10471903,0.06257707796,0.06220083119,0.0626125686,0.06191664094
51.15265966,0.06257831709,0.06220669982,0.06261494051,0.06192322002
51.2006003,0.06257953908,0.06221272824,0.06261694101,0.06193003384
51.24854094,0.06258074078,0.06221886748,0.06261858234,0.06193706922
51.29648157,0.06258191903,0.06222506855,0.06261987675,0.06194431294
51.34442221,0.0625830707,0.06223128246,0.06262083649,0.06195175183
51.39236285,0.06258419263,0.06223746024,0.06262147381,0.06195937267
51.44030349,0.06258528166,0.0622435529,0.06262180095,0.06196716228
51.48824412,0.06258633465,0.06224951146,0.06262183015,0.06197510746
51.53618476,0.06258734845,0.06225528692,0.06262157367,0.06198319501
51.5841254,0.06258831991,0.06226083031,0.06262104375,0.06199141173
51.63206603,0.06258924587,0.06226609264,0.06262025264,0.06199974444
51.68000667,0.06259012319,0.06227102493,0.06261921259,0.06200817992
51.72794731,0.06259094872,0.0622755782,0.06261793584,0.062016705
51.77588794,0.06259171931,0.06227970345,0.06261643463,0.06202530646
51.82382858,0.0625924318,0.06228335171,0.06261472122,0.06203397111
51.87176922,0.06259308304,0.06228647399,0.06261280786,0.06204268577
51.91970985,0.0625936699,0.0622890213,0.06261070678,0.06205143722
51.96765049,0.06259418921,0.06229094467,0.06260843024,0.06206021227
52.01559113,0.06259463782,0.0622921951,0.06260599048,0.06206899774
52.06353177,0.06259501259,0.06229272362,0.06260339975,0.06207778041
52.1114724,0.06259531037,0.06229248124,0.06260067029,0.0620865471
52.15941304,0.062595528,0.06229141897,0.06259781436,0.06209528461
52.20735368,0.06259566233,0.06228948784,0.0625948442,0.06210397974
52.25529431,0.06259571022,0.06228663885,0.06259177205,0.06211261929
52.30323495,0.06259566851,0.06228282302,0.06258861017,0.06212119007
52.35117559,0.06259553406,0.06227799137,0.06258537079,0.06212967889
52.39911622,0.06259530371,0.06227209492,0.06258206618,0.06213807254
52.44705686,0.06259497431,0.06226508467,0.06257870856,0.06214635783
52.4949975,0.06259454272,0.06225691165,0.0625753102,0.06215452157
52.54293814,0.06259400578,0.06224752688,0.06257188333,0.06216255055
52.59087877,0.06259336034,0.06223688135,0.06256844021,0.06217043158
52.63881941,0.06259260325,0.06222492611,0.06256499308,0.06217815147
52.68676005,0.06259173137,0.06221161215,0.06256155418,0.06218569701
52.73470068,0.06259074154,0.06219689049,0.06255813577,0.06219305502
52.78264132,0.06258963061,0.06218071216,0.06255475008,0.06220021228
52.83058196,0.06258839543,0.06216302816,0.06255140938,0.06220715562
52.87852259,0.06258703285,0.06214378951,0.0625481259,0.06221387183
52.92646323,0.06258553973,0.06212294723,0.06254491189,0.06222034772
52.97440387,0.0625839129,0.06210045233,0.0625417796,0.06222657008
53.02234451,0.06258214923,0.06207625583,0.06253874127,0.06223252573
53.07028514,0.06258024555,0.06205030875,0.06253580915,0.06223820146
53.11822578,0.06257819873,0.06202256209,0.06253299549,0.06224358408
53.16616642,0.0625760056,0.06199296689,0.06253031254,0.0622486604
53.21410705,0.06257366303,0.06196147414,0.06252777253,0.06225341721
53.26204769,0.06257116785,0.06192803487,0.06252538773,0.06225784132
53.30998833,0.06256851693,0.0618926001,0.06252317037,0.06226191954
53.35792896,0.0625657071,0.06185512083,0.0625211327,0.06226563866
53.4058696,0.06256273522,0.06181554809,0.06251928697,0.0622689855
53.45381024,0.06255959814,0.06177383289,0.06251764542,0.06227194685
53.50175088,0.06255629271,0.06172992624,0.06251622031,0.06227450952
53.54969151,0.06255281577,0.06168377917,0.06251502388,0.06227666031
53.59763215,0.06254916418,0.06163534269,0.06251406837,0.06227838602
53.64557279,0.06254533479,0.06158456781,0.06251336603,0.06227967347
53.69351342,0.06254132445,0.06153140554,0.06251292911,0.06228050945
53.74145406,0.06253713,0.06147580692,0.06251276986,0.06228088076
53.7893947,0.06253274831,0.06141772294,0.06251290052,0.06228077421
53.83733533,0.0625281762,0.06135710463,0.06251333334,0.06228017661
53.88527597,0.06252341055,0.06129390301,0.06251408056,0.06227907475
53.93321661,0.06251844819,0.06122806908,0.06251515444,0.06227745545
53.98115725,0.06251328597,0.06115955386,0.06251656722,0.0622753055
54.02909788,0.06250792075,0.06108830838,0.06251833114,0.0622726117
54.07703852,0.06250234938,0.06101428364,0.06252045846,0.06226936087
54.12497916,0.0624965687,0.06093743066,0.06252296141,0.0622655398
54.17291979,0.06249058267,0.06085785831,0.06252584677,0.06226114382
54.22086043,0.06248489559,0.06078673393,0.06252872981,0.06225677451
54.26880107,0.06247980038,0.06073034253,0.06253137214,0.06225279919
54.3167417,0.06247527145,0.06068785552,0.06253377798,0.06224920679
54.36468234,0.06247128318,0.06065844432,0.06253595155,0.06224598628
54.41262298,0.06246780996,0.06064128033,0.06253789706,0.0622431266
54.46056362,0.06246482619,0.06063553497,0.06253961874,0.06224061669
54.50850425,0.06246230626,0.06064037966,0.06254112079,0.06223844552
54.55644489,0.06246022456,0.0606549858,0.06254240744,0.06223660204
54.60438553,0.06245855549,0.0606785248,0.06254348291,0.06223507518
54.65232616,0.06245727343,0.06071016809,0.0625443514,0.06223385391
54.7002668,0.06245635278,0.06074908707,0.06254501714,0.06223292716
54.74820744,0.06245576793,0.06079445316,0.06254548435,0.06223228391
54.79614807,0.06245549327,0.06084543777,0.06254575724,0.06223191308
54.84408871,0.06245550321,0.06090121231,0.06254584003,0.06223180363
54.89202935,0.06245577212,0.0609609482,0.06254573694,0.06223194452
54.93996998,0.0624562744,0.06102381684,0.06254545218,0.0622323247
54.98791062,0.06245698444,0.06108898966,0.06254498998,0.0622329331
55.03585126,0.06245787664,0.06115563806,0.06254435454,0.06223375869
55.0837919,0.06245892538,0.06122293345,0.06254355009,0.06223479041
55.13173253,0.06246010507,0.06129004726,0.06254258084,0.06223601722
55.17967317,0.06246139009,0.06135615089,0.06254145102,0.06223742806
55.22761381,0.06246275483,0.06142041576,0.06254016483,0.06223901188
55.27555444,0.06246417369,0.06148201327,0.0625387265,0.06224075764
55.32349508,0.06246562106,0.06154011484,0.06253714024,0.06224265428
55.37143572,0.06246707134,0.06159389189,0.06253541027,0.06224469076
55.41937635,0.0624684989,0.06164251583,0.06253354081,0.06224685602
55.46731699,0.06246987816,0.06168515807,0.06253153607,0.06224913901
55.51525763,0.06247118349,0.06172099002,0.06252940027,0.06225152869
55.56319827,0.06247238929,0.06174918309,0.06252713763,0.06225401401
55.6111389,0.06247346996,0.06176890871,0.06252475237,0.06225658391
55.65907954,0.06247439988,0.06177933827,0.06252224871,0.06225922734
55.70702018,0.06247515345,0.0617796432,0.06251963085,0.06226193327
55.75496081,0.06247570507,0.06176899491,0.06251690302,0.06226469062
55.80290145,0.06247602911,0.06174656481,0.06251406944,0.06226748837
55.85084209,0.06247609998,0.06171152431,0.06251113432,0.06227031544
55.89878272,0.06247589207,0.06166304483,0.06250810188,0.06227316081
55.94672336,0.06247537977,0.06160029778,0.06250497634,0.06227601341
55.994664,0.06247453748,0.06152245457,0.06250176191,0.0622788622
56.04260464,0.06247333957,0.06142868662,0.06249846281,0.06228169612
56.09054527,0.06247176046,0.06131816533,0.06249508326,0.06228450413
56.13848591,0.06246977452,0.06119006212,0.06249162748,0.06228727518
56.18642655,0.06246735616,0.06104354841,0.06248809968,0.06228999821
56.23436718,0.06246447976,0.0608777956,0.06248450409,0.06229266219
56.28230782,0.06246111972,0.06069197511,0.06248084491,0.06229525605
56.33024846,0.06245725042,0.06048525836,0.06247712637,0.06229776874
56.37818909,0.06245284627,0.06025681675,0.06247335267,0.06230018923
56.42612973,0.06244788165,0.0600058217,0.06246952805,0.06230250645
56.47407037,0.06244233096,0.05973144462,0.06246565672,0.06230470936
56.52201101,0.06243616859,0.05943285692,0.06246174289,0.06230678691
56.56995164,0.06242936893,0.05910923002,0.06245779079,0.06230872804
56.61789228,0.06242190637,0.05875973533,0.06245380462,0.06231052172
56.66583292,0.0624137553,0.05838354426,0.06244978861,0.06231215688
56.71377355,0.06240489013,0.05797982823,0.06244574697,0.06231362248
56.76171419,0.06239528524,0.05754775864,0.06244168392,0.06231490747
56.80965483,0.06238491501,0.05708650692,0.06243760368,0.0623160008
56.85759546,0.06237375386,0.05659524447,0.06243351047,0.06231689142
56.9055361,0.06236177616,0.05607314271,0.0624294085,0.06231756828
56.95347674,0.06234895631,0.05551937305,0.06242530199,0.06231802033
57.00141738,0.0623352687,0.0549331069,0.06242119515,0.06231823652
57.04935801,0.06232068773,0.05431351568,0.06241709221,0.06231820579
57.09729865,0.06230518778,0.05365977079,0.06241299739,0.06231791711
57.14523929,0.06228874326,0.05297104366,0.06240891489,0.06231735942
57.19317992,0.06227132854,0.05224650569,0.06240484894,0.06231652167
57.24112056,0.06225291803,0.0514853283,0.06240080375,0.0623153928
57.2890612,0.06223348612,0.0506866829,0.06239678354,0.06231396178
57.33700183,0.06221300719,0.0498497409,0.06239279253,0.06231221755
57.38494247,0.06219145565,0.04897367372,0.06238883494,0.06231014906
57.43288311,0.06216880588,0.04805765277,0.06238491498,0.06230774526
57.48082375,0.06214503227,0.04710084945,0.06238103687,0.0623049951
57.52876438,0.06212010923,0.0461024352,0.06237720482,0.06230188754
57.57670502,0.06209401113,0.04506158141,0.06237342306,0.06229841151
57.62464566,0.06206671238,0.0439774595,0.0623696958,0.06229455598
57.67258629,0.06203818736,0.04284924088,0.06236602727,0.06229030989
57.72052693,0.06200841047,0.04167609698,0.06236242166,0.06228566219
57.76846757,0.0619773561,0.04045719919,0.06235888321,0.06228060183
57.8164082,0.06194499864,0.03919171893,0.06235541614,0.06227511776
57.86434884,0.06191131249,0.03787882762,0.06235202465,0.06226919894
57.91228948,0.06187627203,0.03651769666,0.06234871296,0.06226283431
57.96023012,0.06183985167,0.03510749748,0.0623454853,0.06225601282
58.00817075,0.06180202578,0.03364740148,0.06234234588,0.06224872343
58.05611139,0.06176276877,0.03213658007,0.06233929892,0.06224095508
58.10405203,0.06172205503,0.03057420468,0.06233634863,0.06223269672
58.15199266,0.06167985894,0.02895944671,0.06233349923,0.0622239373
58.1999333,0.06163615491,0.02729147757,0.06233075494,0.06221466578
58.24787394,0.06159091732,0.02556946868,0.06232811998,0.0622048711
58.29581457,0.06154412057,0.02379259145,0.06232559856,0.06219454222
58.34375521,0.06149607508,0.02196191327,0.06232318675,0.06218370859
58.39169585,0.06145604463,0.02013060467,0.06232065818,0.06217350228
58.43963648,0.06142748332,0.01832324271,0.06231791309,0.06216441553
58.48757712,0.06140939061,0.01653992747,0.0623149575,0.06215641297
58.53551776,0.06140076598,0.01478075903,0.06231179744,0.06214945926
58.5834584,0.0614006089,0.01304583747,0.06230843891,0.06214351902
58.63139903,0.06140791885,0.01133526287,0.06230488795,0.0621385569
58.67933967,0.0614216953,0.009649135306,0.06230115056,0.06213453755
58.72728031,0.06144093771,0.00798755486,0.06229723278,0.0621314256
58.77522094,0.06146464555,0.00635062161,0.06229314061,0.0621291857
58.82316158,0.06149181831,0.004738435635,0.06228888008,0.06212778249
58.87110222,0.06152145545,0.003151097014,0.0622844572,0.06212718061
58.91904285,0.06155255644,0.001588705825,0.06227987801,0.0621273447
58.96698349,0.06158412076,5.136214825e-05,0.0622751485,0.0621282394
59.01492413,0.06161514787,-0.001460833938,0.06227027472,0.06212982935
59.06286477,0.06164463725,-0.002947782354,0.06226526266,0.0621320792
59.1108054,0.06167158837,-0.004409383021,0.06226011836,0.06213495359
59.15874604,0.06169500071,-0.005845535861,0.06225484783,0.06213841715
59.20668668,0.06171387372,-0.007256140793,0.0622494571,0.06214243454
59.25462731,0.06172720689,-0.00864109774,0.06224395217,0.06214697039
59.30256795,0.06173399968,-0.01000030662,0.06223833907,0.06215198934
59.35050859,0.06173325158,-0.01133366736,0.06223262383,0.06215745604
59.39844922,0.06172396204,-0.01264107988,0.06222681245,0.06216333512
59.44638986,0.06170513054,-0.01392244409,0.06222091096,0.06216959123
59.4943305,0.06167575656,-0.01517765992,0.06221492538,0.06217618901
59.54227114,0.06163483955,-0.01640662729,0.06220886172,0.0621830931
59.59021177,0.06158137901,-0.01760924613,0.06220272601,0.06219026814
59.63815241,0.06151437439,-0.01878541634,0.06219652427,0.06219767878
59.68609305,0.06143282517,-0.01993503786,0.06219026251,0.06220528965
59.73403368,0.06133573082,-0.0210580106,0.06218394675,0.0622130654
59.78197432,0.06122209082,-0.02215423449,0.06217758302,0.06222097067
59.82991496,0.06109090462,-0.02322360944,0.06217117733,0.0622289701
59.87785559,0.06094117172,-0.02426603539,0.0621647357,0.06223702833
59.92579623,0.06077189156,-0.02528141223,0.06215826415,0.06224511001
59.97373687,0.06058206364,-0.02626963991,0.0621517687,0.06225317977
60.02167751,0.06037068742,-0.02723061834,0.06214525537,0.06226120225
60.06961814,0.06013676237,-0.02816424744,0.06213873018,0.06226914211
60.11755878,0.05987928796,-0.02907042713,0.06213219914,0.06227696397
60.16549942,0.05959726367,-0.02994905733,0.06212566829,0.06228463248
60.21344005,0.05928968897,-0.03080003797,0.06211914363,0.06229211229
60.26138069,0.05895556332,-0.03162326896,0.06211263118,0.06229936803
60.30932133,0.0585938862,-0.03241865023,0.06210613697,0.06230636434
60.35726196,0.05820365708,-0.0331860817,0.06209966702,0.06231306588
60.4052026,0.05778387544,-0.03392546328,0.06209322734,0.06231943727
60.45314324,0.05733354074,-0.0346366949,0.06208682395,0.06232544316
60.50108388,0.05685165246,-0.03531967649,0.06208046287,0.06233104819
60.54902451,0.05633721007,-0.03597430795,0.06207415012,0.06233621701
60.59696515,0.05578921303,-0.03660048921,0.06206789173,0.06234091425
60.64490579,0.05520666083,-0.0371981202,0.0620616937,0.06234510456
60.69284642,0.05458855293,-0.03776710083,0.06205556207,0.06234875257
60.74078706,0.0539338888,-0.03830733103,0.06204950284,0.06235182294
60.7887277,0.05324166792,-0.03881871071,0.06204352204,0.06235428029
60.83666833,0.05251088976,-0.0393011398,0.06203762569,0.06235608928
60.88460897,0.05174055378,-0.03975451822,0.0620318198,0.06235721454
60.93254961,0.05092965947,-0.04017874589,0.0620261104,0.06235762072
60.98049025,0.05007720629,-0.04057372272,0.0620205035,0.06235727245
61.02843088,0.04918219371,-0.04093934865,0.06201500513,0.06235613439
61.07637152,0.04824362121,-0.04127552359,0.0620096213,0.06235417116
61.12431216,0.04726048826,-0.04158214746,0.06200435804,0.06235134742
61.17225279,0.04623179432,-0.04185912018,0.06199922135,0.06234762779
61.22019343,0.04515653888,-0.04210634168,0.06199421727,0.06234297694
61.26813407,0.0440337214,-0.04232371188,0.0619893518,0.06233735948
61.3160747,0.04286234135,-0.04251113069,0.06198463098,0.06233074008
61.36401534,0.0416413982,-0.04266849804,0.06198006082,0.06232308337
61.41195598,0.04036989144,-0.04279571385,0.06197564733,0.06231435398
61.45989661,0.03904682052,-0.04289267804,0.06197139654,0.06230451657
61.50783725,0.03767118492,-0.04295929053,0.06196731447,0.06229353578
61.55577789,0.03624198411,-0.04299545124,0.06196340714,0.06228137623
61.60371853,0.03475821757,-0.04300106009,0.06195968055,0.06226800259
61.65165916,0.03321888476,-0.04297601701,0.06195614075,0.06225337948
61.6995998,0.03162298516,-0.04292022191,0.06195279374,0.06223747156
61.74754044,0.02996951824,-0.04283357472,0.06194964554,0.06222024345
61.79548107,0.02825748346,-0.04271597535,0.06194670217,0.06220165981
61.84342171,0.02648588031,-0.04256732374,0.06194396966,0.06218168527
61.89136235,0.02465370825,-0.04238751979,0.06194145401,0.06216028448
61.93930298,0.02275996676,-0.04217646343,0.06193916126,0.06213742208
61.98724362,0.0208036553,-0.04193405458,0.06193709742,0.06211306271
62.03518426,0.01878377335,-0.04166019316,0.0619352685,0.062087171
62.0831249,0.01669932037,-0.0413547791,0.06193368054,0.06205971161
62.13106553,0.01454929585,-0.0410177123,0.06193233954,0.06203064918
62.17900617,0.01233269926,-0.04064889271,0.06193125152,0.06199994834
62.22694681,0.01004853005,-0.04024822023,0.06193042252,0.06196757373
62.27488744,0.007695787716,-0.03981559478,0.06192985853,0.06193349001
62.32282808,0.005273471716,-0.0393509163,0.0619295656,0.0618976618
62.37076872,0.002780581525,-0.03885408469,0.06192954972,0.06186005376
62.41870935,0.0002161166147,-0.03832499988,0.06192981693,0.06182063051
62.46664999,-0.002420923543,-0.03776356179,0.06193037324,0.06177935672
62.51459063,-0.005123804191,-0.03717041245,0.06193119966,0.06173650628
62.56253127,-0.007774803249,-0.03655715218,0.06193191511,0.06169676336
62.6104719,-0.01033498889,-0.0359285181,0.06193238631,0.0616616007
62.65841254,-0.01280588437,-0.03528545444,0.06193260992,0.0616308658
62.70635318,-0.01518901296,-0.03462890542,0.06193258262,0.06160440615
62.75429381,-0.0174858979,-0.03395981526,0.06193230108,0.06158206924
62.80223445,-0.01969806247,-0.03327912818,0.06193176195,0.06156370258
62.85017509,-0.02182702991,-0.03258778839,0.06193096191,0.06154915365
62.89811572,-0.02387432349,-0.03188674014,0.06192989762,0.06153826995
62.94605636,-0.02584146646,-0.03117692762,0.06192856575,0.06153089898
62.993997,-0.02772998209,-0.03045929506,0.06192696297,0.06152688823
63.04193764,-0.02954139363,-0.02973478668,0.06192508594,0.0615260852
63.08987827,-0.03127722434,-0.02900434671,0.06192293134,0.06152833738
63.13781891,-0.03293899748,-0.02826891935,0.06192049582,0.06153349226
63.18575955,-0.03452823632,-0.02752944884,0.06191777605,0.06154139734
63.23370018,-0.0360464641,-0.0267868794,0.06191476871,0.06155190012
63.28164082,-0.03749520409,-0.02604215523,0.06191147045,0.0615648481
63.32958146,-0.03887597955,-0.02529622057,0.06190787795,0.06158008875
63.37752209,-0.04019031373,-0.02455001963,0.06190398787,0.06159746959
63.42546273,-0.04143972989,-0.02380449664,0.06189979687,0.06161683811
63.47340337,-0.0426257513,-0.0230605958,0.06189530164,0.06163804179
63.52134401,-0.04374990121,-0.02231926136,0.06189049882,0.06166092815
63.56928464,-0.04481370288,-0.02158143751,0.0618853851,0.06168534466
63.61722528,-0.04581867957,-0.0208480685,0.06187995713,0.06171113883
63.66516592,-0.04676635454,-0.02012009852,0.06187421159,0.06173815815
63.71310655,-0.04765825104,-0.01939847182,0.06186814513,0.06176625011
63.76104719,-0.04849589234,-0.01868413259,0.06186175444,0.06179526222
63.80898783,-0.0492808017,-0.01797802508,0.06185503616,0.06182504196
63.85692846,-0.05001450237,-0.01728109349,0.06184798698,0.06185543683
63.9048691,-0.05069851761,-0.01659428204,0.06184060355,0.06188629433
63.95280974,-0.05133437069,-0.01591853497,0.06183288255,0.06191746195
64.00075038,-0.05192358485,-0.01525479648,0.06182482064,0.06194878719
64.04869101,-0.05246768336,-0.01460401079,0.06181641449,0.06198011753
64.09663165,-0.05296818949,-0.01396712214,0.06180766077,0.06201130049
64.14457229,-0.05342662647,-0.01334507473,0.06179855613,0.06204218354
64.19251292,-0.05384451759,-0.01273881279,0.06178909726,0.06207261419
64.24045356,-0.05422338609,-0.01214928054,0.06177928081,0.06210243993
64.2883942,-0.05456475523,-0.0115774222,0.06176910346,0.06213150825
64.33633483,-0.05487014827,-0.01102418199,0.06175856186,0.06215966666
64.38427547,-0.05514108848,-0.01049050412,0.06174765269,0.06218676264
64.43221611,-0.05537909911,-0.009977332827,0.06173637262,0.06221264369
64.48015675,-0.05558570341,-0.009485612322,0.0617247183,0.06223715731
64.52809738,-0.05576242465,-0.009016286827,0.06171268641,0.06226015099
64.57603802,-0.05591078609,-0.008570300562,0.06170027362,0.06228147222
64.62397866,-0.05603231099,-0.008148597748,0.06168747659,0.06230096851
64.67191929,-0.0561285226,-0.007752122604,0.06167429198,0.06231848734
64.71985993,-0.05620094418,-0.007381819352,0.06166071647,0.06233387621
64.76780057,-0.05625109899,-0.007038632211,0.06164674672,0.06234698261
64.8157412,-0.0562805103,-0.006723505402,0.0616323794,0.06235765405
64.86368184,-0.05629070135,-0.006437383145,0.06161761118,0.06236573801
64.91162248,-0.05628319542,-0.00618120966,0.06160243872,0.062371082
64.95956311,-0.05625951575,-0.005955929167,0.06158685869,0.0623735335
65.00750375,-0.05622118561,-0.005762485887,0.06157086775,0.06237294001
65.05544439,-0.05616972825,-0.005601824041,0.06155446258,0.06236914902
65.10338503,-0.05610666694,-0.005474887847,0.06153763984,0.06236200804
65.15132566,-0.05603352493,-0.005382621528,0.06152039619,0.06235136455
65.1992663,-0.05595182548,-0.005325969302,0.06150272831,0.06233706605
65.24720694,-0.05586309185,-0.00530587539,0.06148463286,0.06231896003
65.29514757,-0.0557688473,-0.005323284013,0.0614661065,0.062296894
65.34308821,-0.05567061509,-0.00537913939,0.06144714592,0.06227071544
65.39102885,-0.05556991848,-0.005474385743,0.06142774776,0.06224027185
65.43896948,-0.05546828072,-0.005609967291,0.0614079087,0.06220541073
65.48691012,-0.05536722508,-0.005786828254,0.06138762541,0.06216597957
65.53485076,-0.05526827481,-0.006005912853,0.06136689454,0.06212182586
65.5827914,-0.05517295318,-0.006268165308,0.06134571278,0.06207279711
65.63073203,-0.05508278344,-0.00657452984,0.06132407679,0.0620187408
65.67867267,-0.05499928884,-0.006925950668,0.06130198322,0.06195950443
65.72661331,-0.05492399266,-0.007323372014,0.06127942876,0.06189493549
65.77455394,-0.05485841814,-0.007767738096,0.06125641006,0.06182488149
65.82249458,-0.05480408856,-0.008259993136,0.0612329238,0.06174918991
65.87043522,-0.05476252715,-0.008801081354,0.06120896663,0.06166770825
65.91837585,-0.05473525719,-0.00939194697,0.06118453524,0.061580284
65.96631649,-0.05472380194,-0.0100335342,0.06115962627,0.06148676467
66.01425713,-0.05472968465,-0.01072678728,0.06113423641,0.06138699774
66.06219777,-0.05475442858,-0.01147265041,0.06110836232,0.06128083071
66.1101384,-0.05479955699,-0.01227206782,0.06108200066,0.06116811108
66.15807904,-0.05486659313,-0.01312598373,0.06105514811,0.06104868634
66.20601968,-0.05495706028,-0.01403534236,0.06102780132,0.06092240398
66.25396031,-0.05507248168,-0.01500108793,0.06099995697,0.0607891115
66.30190095,-0.0552143806,-0.01602416466,0.06097161172,0.0606486564
66.34984159,-0.05538428029,-0.01710551677,0.06094276224,0.06050088616
66.39778222,-0.05558370402,-0.01824608848,0.06091340519,0.0603456483
66.44572286,-0.05581417504,-0.01944682401,0.06088353725,0.06018279029
66.4936635,-0.05607721661,-0.02070866759,0.06085315508,0.06001215963
66.54160414,-0.05637435199,-0.02203256342,0.06082225535,0.05983360383
66.58954477,-0.05670710443,-0.02341945574,0.06079083472,0.05964697037
66.63748541,-0.05707699721,-0.02487028876,0.06075888986,0.05945210676
66.68542605,-0.05747951197,-0.02637737866,0.0607244909,0.05925198505
66.73336668,-0.05785767086,-0.0278584066,0.06066910085,0.05907616792
66.78130732,-0.05819765623,-0.0292932308,0.06058817653,0.05893086575
66.82924796,-0.05850022211,-0.03068257346,0.06048184451,0.05881464939
66.87718859,-0.05876612253,-0.03202715682,0.06035023137,0.05872608968
66.92512923,-0.05899611151,-0.0333277031,0.06019346368,0.05866375748
66.97306987,-0.05919094308,-0.03458493453,0.06001166803,0.05862622362
67.02101051,-0.05935137127,-0.03579957334,0.05980497099,0.05861205896
67.06895114,-0.05947815011,-0.03697234175,0.05957349913,0.05861983434
67.11689178,-0.05957203363,-0.03810396199,0.05931737903,0.05864812061
67.16483242,-0.05963377586,-0.03919515629,0.05903673727,0.05869548862
67.21277305,-0.05966413082,-0.04024664687,0.05873170043,0.05876050921
67.26071369,-0.05966385254,-0.04125915596,0.05840239507,0.05884175323
67.30865433,-0.05963369505,-0.04223340578,0.05804894779,0.05893779154
67.35659496,-0.05957441238,-0.04317011857,0.05767148515,0.05904719496
67.4045356,-0.05948675856,-0.04407001655,0.05727013373,0.05916853436
67.45247624,-0.05937148762,-0.04493382194,0.0568450201,0.05930038058
67.50041688,-0.05922935357,-0.04576225698,0.05639627085,0.05944130446
67.54835751,-0.05906111046,-0.04655604388,0.05592401255,0.05958987686
67.59629815,-0.05886751231,-0.04731590488,0.05542837178,0.05974466862
67.64423879,-0.05864931315,-0.0480425622,0.05490947511,0.05990425058
67.69217942,-0.058407267,-0.04873673808,0.05436744912,0.06006719361
67.74012006,-0.0581421279,-0.04939915472,0.05380242038,0.06023206853
67.7880607,-0.05785464987,-0.05003053437,0.05321451548,0.0603974462
67.83600133,-0.05754558694,-0.05063159925,0.05260386099,0.06056189747
67.88394197,-0.05721569314,-0.05120307158,0.05197058348,0.06072399318
67.93188261,-0.0568657225,-0.0517456736,0.05131480954,0.06088230419
67.97982324,-0.05649642905,-0.05226012752,0.05063666573,0.06103540133
68.02776388,-0.05610856681,-0.05274715558,0.04993627864,0.06118185546
68.07570452,-0.05570288981,-0.05320748,0.04921377484,0.06132023741
68.12364516,-0.05528015209,-0.05364182301,0.04846928091,0.06144911805
68.17158579,-0.05484110766,-0.05405090684,0.04770292342,0.06156706821
68.21952643,-0.05438651056,-0.0544354537,0.04691482895,0.06167265875
68.26746707,-0.05391711481,-0.05479618584,0.04610512408,0.06176446051
68.3154077,-0.05343367445,-0.05513382546,0.04527393538,0.06184104433
68.36334834,-0.0529369435,-0.05544909481,0.04442138944,0.06190098107
68.41128898,-0.052427676,-0.05574271611,0.04354761282,0.06194284157
68.45922961,-0.05190662596,-0.05601541158,0.04265273211,0.06196519668
68.50717025,-0.05137454741,-0.05626790346,0.04173687387,0.06196661725
68.55511089,-0.05083219439,-0.05650091396,0.04080016469,0.06194567412
68.60305153,-0.05028032093,-0.05671516531,0.03984273115,0.06190093814
68.65099216,-0.04971968105,-0.05691137975,0.03886469981,0.06183098015
68.6989328,-0.04915102877,-0.05709027949,0.03786619726,0.06173437101
68.74687344,-0.04857511814,-0.05725258677,0.03684735007,0.06160968157
68.79481407,-0.04799270317,-0.05739902381,0.03580828482,0.06145548266
68.84275471,-0.04740453789,-0.05753031283,0.03474912808,0.06127034514
68.89069535,-0.04681137634,-0.05764717607,0.03367000644,0.06105283985
68.93863598,-0.04621397254,-0.05775033575,0.03257104647,0.06080153764
68.98657662,-0.04561308052,-0.0578405141,0.03145237474,0.06051500935
69.03451726,-0.04500945431,-0.05791843334,0.03031411783,0.06019182584
69.0824579,-0.04440384793,-0.0579848157,0.02915640232,0.05983055796
69.13039853,-0.04379701541,-0.05804038341,0.02797935478,0.05942977654
69.17833917,-0.04318971079,-0.05808585869,0.02678310179,0.05898805244
69.22627981,-0.04258268809,-0.05812196378,0.02556776993,0.0585039565
69.27422044,-0.04197670134,-0.05814942088,0.02433348578,0.05797605956
69.32216108,-0.04137250456,-0.05816895225,0.0230803759,0.05740293249
69.37010172,-0.04077085179,-0.05818128009,0.02180856689,0.05678314612
69.41804235,-0.04017249706,-0.05818712664,0.0205181853,0.0561152713
69.46598299,-0.03957819438,-0.05818721412,0.01920935772,0.05539787888
69.51392363,-0.0389886978,-0.05818226476,0.01788221073,0.05462953971
69.56186427,-0.03840476133,-0.05817300079,0.01653687091,0.05380882463
69.6098049,-0.03782713901,-0.05816014443,0.01517346482,0.05293430449
69.65774554,-0.03725658487,-0.05814441791,0.01379211905,0.05200455013
69.70568618,-0.03669385292,-0.05812654345,0.01239296017,0.05101813241
69.75362681,-0.03613969721,-0.05810724329,0.01097611475,0.04997362217
69.80156745,-0.03559487176,-0.05808723965,0.009541709386,0.04886959026
69.84950809,-0.0350601306,-0.05806725476,0.008089870641,0.04770460752
69.89744872,-0.03453622775,-0.05804801083,0.006620725093,0.0464772448
69.94538936,-0.03402391725,-0.05803023011,0.00513439932,0.04518607296
69.99333,-0.03352395312,-0.05801463481,0.003631019898,0.04382966283
70.04127064,-0.03303708939,-0.05800194716,0.002110713403,0.04240658526
70.08921127,-0.03256408009,-0.0579928894,0.0005736064122,0.04091541111
70.13715191,-0.03210567925,-0.05798818373,-0.0009801744981,0.03935471121
70.18509255,-0.03166264089,-0.05798855241,-0.002550502752,0.03772305642
70.23303318,-0.03123571905,-0.05799471763,-0.004137251772,0.03601901758
70.28097382,-0.03082566775,-0.05800740165,-0.005740294982,0.03424116554
70.32891446,-0.03043324101,-0.05802732668,-0.007359505806,0.03238807115
70.37685509,-0.03005919288,-0.05805521494,-0.008994757667,0.03045830525
70.42479573,-0.02970427738,-0.05809178867,-0.01064592399,0.02845043869
70.47273637,-0.02936924853,-0.05813777009,-0.01231287819,0.02636304232
70.52067701,-0.02905486036,-0.05819388143,-0.01399549371,0.02419468698
70.56861764,-0.0287618669,-0.05826084492,-0.01569364395,0.02194394353
70.61655828,-0.02849102219,-0.05833938278,-0.01740720235,0.0196093828
70.66449892,-0.02824308024,-0.05843021723,-0.01913604233,0.01718957565
70.71243955,-0.02801879509,-0.05853407051,-0.02088003731,0.01468309292
70.76038019,-0.02781892076,-0.05865166484,-0.02263906071,0.01208850547
70.80832083,-0.02764421129,-0.05878372245,-0.02441298597,0.00940438413
70.85626146,-0.0274962486,-0.05892863882,-0.0261935359,0.006648211852
70.9042021,-0.02738066865,-0.05907165084,-0.02792752586,0.003942671466
70.95214274,-0.02729778504,-0.05921009171,-0.02960606945,0.00130927962
71.00008338,-0.02724685833,-0.05934403419,-0.0312300248,-0.001252933142
71.04802401,-0.02722714908,-0.05947355104,-0.03280025005,-0.003744936273
71.09596465,-0.02723791787,-0.05959871501,-0.03431760334,-0.006167699227
71.14390529,-0.02727842525,-0.05971959886,-0.03578294281,-0.008522191459
71.19184592,-0.02734793178,-0.05983627535,-0.03719712661,-0.01080938242
71.23978656,-0.02744569804,-0.05994881723,-0.03856101288,-0.01303024157
71.2877272,-0.02757098459,-0.06005729727,-0.03987545975,-0.01518573836
71.33566783,-0.027723052,-0.06016178821,-0.04114132537,-0.01727684225
71.38360847,-0.02790116081,-0.06026236282,-0.04235946788,-0.01930452268
71.43154911,-0.02810457162,-0.06035909386,-0.04353074541,-0.02126974912
71.47948974,-0.02833254496,-0.06045205407,-0.04465601612,-0.02317349102
71.52743038,-0.02858434142,-0.06054131623,-0.04573613814,-0.02501671782
71.57537102,-0.02885922155,-0.06062695307,-0.04677196961,-0.026800399
71.62331166,-0.02915644593,-0.06070903737,-0.04776436868,-0.02852550399
71.67125229,-0.02947527511,-0.06078764188,-0.04871419347,-0.03019300225
71.71919293,-0.02981496965,-0.06086283935,-0.04962230215,-0.03180386325
71.76713357,-0.03017479013,-0.06093470254,-0.05048955284,-0.03335905642
71.8150742,-0.03055399711,-0.06100330421,-0.05131680368,-0.03485955124
71.86301484,-0.03095185115,-0.06106871712,-0.05210491283,-0.03630631714
71.91095548,-0.03136761282,-0.06113101402,-0.05285473841,-0.03770032359
71.95889611,-0.03180054268,-0.06119026768,-0.05356713858,-0.03904254004
72.00683675,-0.0322499013,-0.06124655084,-0.05424297146,-0.04033393594
72.05477739,-0.03271494924,-0.06129993626,-0.05488309521,-0.04157548076
72.10271803,-0.03319494706,-0.06135049671,-0.05548836795,-0.04276814393
72.15065866,-0.03368915534,-0.06139830494,-0.05605964785,-0.04391289492
72.1985993,-0.03419683462,-0.0614434337,-0.05659779302,-0.04501070318
72.24653994,-0.03471724549,-0.06148595575,-0.05710366163,-0.04606253816
72.29448057,-0.0352496485,-0.06152594386,-0.0575781118,-0.04706936933
72.34242121,-0.03579330422,-0.06156347077,-0.05802200167,-0.04803216612
72.39036185,-0.03634747322,-0.06159860924,-0.0584361894,-0.04895189801
72.43830248,-0.03691141605,-0.06163143204,-0.05882153311,-0.04982953443
72.48624312,-0.03748439328,-0.06166201191,-0.05917889096,-0.05066604485
72.53418376,-0.03806566548,-0.06169042162,-0.05950912107,-0.05146239873
72.5821244,-0.03865449321,-0.06171673392,-0.0598130816,-0.0522195655
72.63006503,-0.03925013703,-0.06174102156,-0.06009163068,-0.05293851463
72.67800567,-0.03985185752,-0.06176335732,-0.06034562646,-0.05362021558
72.72594631,-0.04045891523,-0.06178381394,-0.06057592707,-0.0542656378
72.77388694,-0.04107057073,-0.06180246417,-0.06078339066,-0.05487575073
72.82182758,-0.04168608458,-0.06181938079,-0.06096887536,-0.05545152384
72.86976822,-0.04230471735,-0.06183463654,-0.06113323933,-0.05599392658
72.91770885,-0.04292572961,-0.06184830418,-0.06127734069,-0.0565039284
72.96564949,-0.04354838191,-0.06186045647,-0.06140203759,-0.05698249877
73.01359013,-0.04417193482,-0.06187116616,-0.06150818817,-0.05743060712
73.06153077,-0.04479564891,-0.06188050602,-0.06159665057,-0.05784922292
73.1094714,-0.04541878474,-0.06188854879,-0.06166828294,-0.05823931562
73.15741204,-0.04604060288,-0.06189536724,-0.06172394341,-0.05860185467
73.20535268,-0.04666036389,-0.06190103413,-0.06176449013,-0.05893780954
73.25329331,-0.04727732833,-0.0619056222,-0.06179078123,-0.05924814967
73.30123395,-0.04789075678,-0.06190920423,-0.06180367485,-0.05953384451
73.34917459,-0.04849990978,-0.06191185295,-0.06180402915,-0.05979586353
73.39711522,-0.04910404792,-0.06191364114,-0.06179270225,-0.06003517617
73.44505586,-0.04970243174,-0.06191464155,-0.0617705523,-0.06025275189
73.4929965,-0.05029432183,-0.06191492693,-0.06173843745,-0.06044956015
73.54093714,-0.05087897874,-0.06191457005,-0.06169721582,-0.0606265704
73.58887777,-0.05145566303,-0.06191364365,-0.06164774557,-0.06078475209
73.63681841,-0.05202363528,-0.0619122205,-0.06159088483,-0.06092507467
73.68475905,-0.05258215604,-0.06191037336,-0.06152749174,-0.06104850761
73.73269968,-0.05313048588,-0.06190817497,-0.06145842445,-0.06115602035
73.78064032,-0.05366788537,-0.06190569811,-0.0613845411,-0.06124858235
73.82858096,-0.05419361506,-0.06190301551,-0.06130669982,-0.06132716307
73.87652159,-0.05470693553,-0.06190019995,-0.06122575876,-0.06139273195
73.92446223,-0.05520710734,-0.06189732418,-0.06114257606,-0.06144625846
73.97240287,-0.05569339106,-0.06189446096,-0.06105800986,-0.06148871204
74.02034351,-0.05616504724,-0.06189168304,-0.0609729183,-0.06152106215
74.06828414,-0.05662133645,-0.06188906317,-0.06088815953,-0.06154427825
74.11622478,-0.05706151926,-0.06188667413,-0.06080459167,-0.06155932979
74.16416542,-0.05748485623,-0.06188458866,-0.06072307288,-0.06156718622
74.21210605,-0.05789060792,-0.06188287952,-0.06064446129,-0.061568817
74.26004669,-0.05827803491,-0.06188161946,-0.06056961505,-0.06156519158
74.30798733,-0.05864639775,-0.06188088126,-0.0604993923,-0.06155727942
74.35592796,-0.05899495701,-0.06188073765,-0.06043465117,-0.06154604996
74.4038686,-0.05932297326,-0.06188126141,-0.06037624981,-0.06153247267
74.45180924,-0.05962970705,-0.06188252528,-0.06032504637,-0.061517517
74.49974987,-0.05991441896,-0.06188460202,-0.06028189897,-0.0615021524
74.54769051,-0.06017636955,-0.0618875644,-0.06024766576,-0.06148734833
74.59563115,-0.06041481937,-0.06189148516,-0.06022320489,-0.06147407424
74.64357179,-0.06062902901,-0.06189643706,-0.06020937449,-0.06146329959
74.69151242,-0.06081825902,-0.06190249287,-0.0602070327,-0.06145599383
74.73945306,-0.06098176996,-0.06190972533,-0.06021703767,-0.06145312641
74.7873937,-0.0611188224,-0.06191820721,-0.06024024753,-0.06145566678
74.83533433,-0.06122867691,-0.06192801127,-0.06027752044,-0.06146458441
74.88327497,-0.06131059405,-0.06193921025,-0.06032971452,-0.06148084875
74.93121561,-0.06136383438,-0.06195187692,-0.06039768791,-0.06150542925
74.97915624,-0.06138765847,-0.06196608403,-0.06048229877,-0.06153929536
75.02709688,-0.06138634397,-0.06198156819,-0.06058095995,-0.06158143945
75.07503752,-0.06138286956,-0.06199680591,-0.06067811818,-0.06162321533
75.12297816,-0.06138016456,-0.06201160732,-0.06077181821,-0.06166350872
75.17091879,-0.06137821239,-0.06202597938,-0.06086211826,-0.06170234548
75.21885943,-0.06137699645,-0.06203992905,-0.0609490765,-0.06173975147
75.26680007,-0.06137650015,-0.06205346331,-0.06103275113,-0.06177575256
75.3147407,-0.0613767069,-0.06206658912,-0.06111320034,-0.06181037461
75.36268134,-0.06137760011,-0.06207931344,-0.06119048232,-0.06184364348
75.41062198,-0.06137916319,-0.06209164324,-0.06126465527,-0.06187558504
75.45856261,-0.06138137955,-0.06210358548,-0.06133577737,-0.06190622515
75.50650325,-0.0613842326,-0.06211514713,-0.06140390683,-0.06193558967
75.55444389,-0.06138770575,-0.06212633515,-0.06146910182,-0.06196370447
75.60238453,-0.0613917824,-0.0621371565,-0.06153142055,-0.0619905954
75.65032516,-0.06139644596,-0.06214761816,-0.0615909212,-0.06201628833
75.6982658,-0.06140167985,-0.06215772708,-0.06164766197,-0.06204080913
75.74620644,-0.06140746747,-0.06216749023,-0.06170170105,-0.06206418366
75.79414707,-0.06141379224,-0.06217691458,-0.06175309663,-0.06208643777
75.84208771,-0.06142063756,-0.06218600709,-0.0618019069,-0.06210759734
75.89002835,-0.06142798684,-0.06219477472,-0.06184819005,-0.06212768823
75.93796898,-0.06143582349,-0.06220322445,-0.06189200428,-0.06214673629
75.98590962,-0.06144413092,-0.06221136323,-0.06193340778,-0.0621647674
76.03385026,-0.06145289254,-0.06221919803,-0.06197245874,-0.06218180741
76.0817909,-0.06146209175,-0.06222673581,-0.06200921535,-0.06219788219
76.12973153,-0.06147171198,-0.06223398354,-0.0620437358,-0.06221301761
76.17767217,-0.06148173662,-0.06224094819,-0.06207607829,-0.06222723951
76.22561281,-0.06149214908,-0.06224763671,-0.06210630101,-0.06224057378
76.27355344,-0.06150293279,-0.06225405608,-0.06213446214,-0.06225304626
76.32149408,-0.06151407113,-0.06226021326,-0.06216061989,-0.06226468283
76.36943472,-0.06152554753,-0.06226611521,-0.06218483244,-0.06227550935
76.41737535,-0.06153734539,-0.0622717689,-0.06220715799,-0.06228555168
76.46531599,-0.06154944812,-0.06227718129,-0.06222765472,-0.06229483568
76.51325663,-0.06156183913,-0.06228235935,-0.06224638084,-0.06230338721
76.56119727,-0.06157450184,-0.06228731004,-0.06226339452,-0.06231123214
76.6091379,-0.06158741964,-0.06229204033,-0.06227875397,-0.06231839634
76.65707854,-0.06160057595,-0.06229655718,-0.06229251737,-0.06232490566
76.70501918,-0.06161395418,-0.06230086756,-0.06230474292,-0.06233078597
76.75295981,-0.06162753773,-0.06230497843,-0.06231548881,-0.06233606313
76.80090045,-0.06164131002,-0.06230889675,-0.06232481323,-0.06234076301
76.84884109,-0.06165525446,-0.0623126295,-0.06233277437,-0.06234491146
76.89678172,-0.06166935445,-0.06231618363,-0.06233943042,-0.06234853435
76.94472236,-0.0616835934,-0.06231956611,-0.06234483959,-0.06235165755
76.992663,-0.06169795473,-0.06232278391,-0.06234906005,-0.06235430691
77.04060364,-0.06171242184,-0.06232584399,-0.06235215,-0.0623565083
77.08854427,-0.06172697814,-0.06232875332,-0.06235416763,-0.06235828758
77.13648491,-0.06174160704,-0.06233151885,-0.06235517114,-0.06235967062
77.18442555,-0.06175629195,-0.06233414756,-0.06235521871,-0.06236068328
77.23236618,-0.06177101628,-0.06233664641,-0.06235436855,-0.06236135142
77.28030682,-0.06178576343,-0.06233902236,-0.06235267883,-0.0623617009
77.32824746,-0.06180051683,-0.06234128238,-0.06235020775,-0.06236175759
77.37618809,-0.06181525987,-0.06234343344,-0.06234701351,-0.06236154735
77.42412873,-0.06182997596,-0.06234548249,-0.06234315429,-0.06236109605
77.47206937,-0.06184464852,-0.06234743651,-0.06233868829,-0.06236042954
77.52001001,-0.06185926096,-0.06234930246,-0.06233367371,-0.0623595737
77.56795064,-0.06187379667,-0.0623510873,-0.06232816872,-0.06235855437
77.61589128,-0.06188823908,-0.062352798,-0.06232223152,-0.06235739743
77.66383192,-0.0619025716,-0.06235444152,-0.06231592031,-0.06235612874
77.71177255,-0.06191677762,-0.06235602483,-0.06230929328,-0.06235477417
77.75971319,-0.06193084056,-0.06235755489,-0.06230240862,-0.06235335956
77.80765383,-0.06194474383,-0.06235903867,-0.06229532452,-0.0623519108
77.85559446,-0.06195847084,-0.06236048313,-0.06228809917,-0.06235045373
77.9035351,-0.061972005,-0.06236189523,-0.06228079077,-0.06234901424
77.95147574,-0.06198532971,-0.06236328195,-0.0622734575,-0.06234761816
77.99941637,-0.06199842839,-0.06236465025,-0.06226615756,-0.06234629138
78.04735701,-0.06201128444,-0.06236600708,-0.06225894915,-0.06234505975
78.09529765,-0.06202388128,-0.06236735942,-0.06225189044,-0.06234394914
78.14323829,-0.06203620232,-0.06236871424,-0.06224503964,-0.06234298541
78.19117892,-0.06204823095,-0.06237007848,-0.06223845494,-0.06234219442
78.23911956,-0.0620599506,-0.06237145913,-0.06223219453,-0.06234160203
78.2870602,-0.06207134467,-0.06237286315,-0.06222631659,-0.06234123412
78.33500083,-0.06208239656,-0.06237429749,-0.06222087933,-0.06234111653
78.38294147,-0.0620930897,-0.06237576913,-0.06221594093,-0.06234127514
78.43088211,-0.06210340749,-0.06237728503,-0.06221155959,-0.06234173581
78.47882274,-0.06211333333,-0.06237885215,-0.0622077935,-0.0623425244
78.52676338,-0.06212285064,-0.06238047746,-0.06220470085,-0.06234366677
78.57470402,-0.06213194283,-0.06238216792,-0.06220233982,-0.06234518879
78.62264466,-0.0621405933,-0.06238393051,-0.06220076863,-0.06234711632
78.67058529,-0.06214878547,-0.06238577218,-0.06220004545,-0.06234947522
78.71852593,-0.06215650274,-0.06238769989,-0.06220022847,-0.06235229136
78.76646657,-0.06216372853,-0.06238972062,-0.0622013759,-0.0623555906
78.8144072,-0.06217044624,-0.06239184133,-0.06220354591,-0.0623593988
78.86234784,-0.06217663927,-0.06239406898,-0.06220679671,-0.06236374182
78.91028848,-0.06218229105,-0.06239641053,-0.06221118649,-0.06236864553
78.95822911,-0.06218738498,-0.06239887296,-0.06221677343,-0.06237413579
79.00616975,-0.06219190447,-0.06240146323,-0.06222361574,-0.06238023847
79.05411039,-0.06219583293,-0.0624041883,-0.06223177159,-0.06238697943
79.10205103,-0.06219915376,-0.06240705513,-0.06224129919,-0.06239438452
79.14999166,-0.06220185038,-0.0624100707,-0.06225225672,-0.06240247962
79.1979323,-0.06220404407,-0.06241315761,-0.06226430578,-0.06241103215
79.24587294,-0.06220619606,-0.06241603386,-0.06227612343,-0.06241917786
79.29381357,-0.0622083432,-0.06241868103,-0.06228759982,-0.06242685441
79.34175421,-0.06221048344,-0.06242110466,-0.06229873675,-0.06243407266
79.38969485,-0.06221261471,-0.06242331028,-0.06230953603,-0.06244084347
79.43763548,-0.06221473495,-0.06242530345,-0.06231999949,-0.06244717769
79.48557612,-0.0622168421,-0.0624270897,-0.06233012893,-0.0624530862
79.53351676,-0.06221893408,-0.06242867457,-0.06233992617,-0.06245857985
79.5814574,-0.06222100883,-0.06243006361,-0.06234939302,-0.06246366949
79.62939803,-0.0622230643,-0.06243126234,-0.06235853129,-0.062468366
79.67733867,-0.06222509842,-0.06243227632,-0.06236734279,-0.06247268023
79.72527931,-0.06222710911,-0.06243311107,-0.06237582934,-0.06247662304
79.77321994,-0.06222909433,-0.06243377216,-0.06238399276,-0.06248020529
79.82116058,-0.062231052,-0.0624342651,-0.06239183484,-0.06248343784
79.86910122,-0.06223298007,-0.06243459545,-0.06239935742,-0.06248633156
79.91704185,-0.06223487646,-0.06243476874,-0.06240656229,-0.0624888973
79.96498249,-0.06223673911,-0.06243479052,-0.06241345128,-0.06249114593
80.01292313,-0.06223856596,-0.06243466632,-0.0624200262,-0.0624930883
80.06086377,-0.06224035495,-0.06243440169,-0.06242628885,-0.06249473527
80.1088044,-0.06224210401,-0.06243400216,-0.06243224106,-0.06249609771
80.15674504,-0.06224381108,-0.06243347328,-0.06243788463,-0.06249718647
80.20468568,-0.06224547409,-0.06243282059,-0.06244322138,-0.06249801243
80.25262631,-0.06224709098,-0.06243204962,-0.06244825312,-0.06249858642
80.30056695,-0.06224865968,-0.06243116592,-0.06245298166,-0.06249891933
80.34850759,-0.06225017814,-0.06243017503,-0.06245740882,-0.062499022
80.39644822,-0.06225164428,-0.06242908249,-0.06246153641,-0.0624989053
80.44438886,-0.06225305605,-0.06242789383,-0.06246536625,-0.06249858008
80.4923295,-0.06225441138,-0.06242661461,-0.06246890014,-0.06249805722
80.54027014,-0.0622557082,-0.06242525035,-0.0624721399,-0.06249734756
80.58821077,-0.06225694445,-0.0624238066,-0.06247508734,-0.06249646198
80.63615141,-0.06225811807,-0.06242228891,-0.06247774427,-0.06249541132
80.68409205,-0.062259227,-0.0624207028,-0.06248011251,-0.06249420646
80.73203268,-0.06226026916,-0.06241905382,-0.06248219388,-0.06249285824
80.77997332,-0.0622612425,-0.06241734752,-0.06248399017,-0.06249137754
80.82791396,-0.06226214495,-0.06241558943,-0.06248550322,-0.06248977521
80.87585459,-0.06226297445,-0.06241378509,-0.06248673482,-0.06248806211
80.92379523,-0.06226372893,-0.06241194004,-0.0624876868,-0.0624862491
80.97173587,-0.06226440633,-0.06241005983,-0.06248836096,-0.06248434704
81.0196765,-0.06226500459,-0.06240814999,-0.06248875912,-0.0624823668
81.06761714,-0.06226552164,-0.06240621606,-0.06248888309,-0.06248031924
81.11555778,-0.06226595541,-0.06240426359,-0.06248873469,-0.0624782152
81.16349842,-0.06226630385,-0.06240229811,-0.06248831572,-0.06247606557
81.21143905,-0.06226656489,-0.06240032517,-0.06248762801,-0.06247388118
81.25937969,-0.06226673647,-0.0623983503,-0.06248667336,-0.06247167291
81.30732033,-0.06226681651,-0.06239637905,-0.06248545358,-0.06246945162
81.35526096,-0.06226680297,-0.06239441695,-0.06248397049,-0.06246722817
81.4032016,-0.06226669376,-0.06239246955,-0.06248222591,-0.06246501341
81.45114224,-0.06226648684,-0.06239054239,-0.06248022164,-0.06246281821
81.49908287,-0.06226618013,-0.062388641,-0.0624779595,-0.06246065343
81.54702351,-0.06226577158,-0.06238677094,-0.0624754413,-0.06245852992
81.59496415,-0.06226525911,-0.06238493773,-0.06247266886,-0.06245645855
81.64290479,-0.06226464067,-0.06238314692,-0.06246964398,-0.06245445019
81.69084542,-0.06226391418,-0.06238140405,-0.06246636848,-0.06245251568
81.73878606,-0.06226307759,-0.06237971466,-0.06246284418,-0.06245066589
81.7867267,-0.06226212884,-0.06237808428,-0.06245907288,-0.06244891168
81.83466733,-0.06226106585,-0.06237651847,-0.0624550564,-0.06244726391
81.88260797,-0.06225988656,-0.06237502276,-0.06245079655,-0.06244573345
81.93054861,-0.06225858892,-0.06237360269,-0.06244629515,-0.06244433114
81.97848924,-0.06225717085,-0.0623722638,-0.06244155401,-0.06244306786
82.02642988,-0.06225563029,-0.06237101164,-0.06243657494,-0.06244195446
82.07437052,-0.06225396518,-0.06236985173,-0.06243135975,-0.06244100181
82.12231116,-0.06225217345,-0.06236878963,-0.06242591025,-0.06244022075
82.17025179,-0.06225025305,-0.06236783087,-0.06242022827,-0.06243962216
82.21819243,-0.0622482019,-0.06236698099,-0.06241431561,-0.0624392169
82.26613307,-0.06224601794,-0.06236624554,-0.06240817409,-0.06243901582
82.3140737,-0.06224369911,-0.06236563006,-0.06240180552,-0.06243902978
82.36201434,-0.06224124334,-0.06236514007,-0.0623952117,-0.06243926965
82.40995498,-0.06223864858,-0.06236478113,-0.06238839447,-0.06243974629
82.45789561,-0.06223591275,-0.06236455878,-0.06238135562,-0.06244047055
82.50583625,-0.06223303379,-0.06236447856,-0.06237409697,-0.0624414533
82.55377689,-0.06223000964,-0.062364546,-0.06236662033,-0.06244270539
82.60171753,-0.06222683823,-0.06236476664,-0.06235892752,-0.0624442377
82.64965816,-0.06222351751,-0.06236514604,-0.06235102035,-0.06244606107
82.6975988,-0.0622200454,-0.06236568972,-0.06234290064,-0.06244818637
82.74553944,-0.06221641984,-0.06236640323,-0.06233457018,-0.06245062446
82.79348007,-0.06221263877,-0.0623672921,-0.06232603081,-0.0624533862
82.84142071,-0.06220870012,-0.06236836189,-0.06231728433,-0.06245648245
82.88936135,-0.06220460183,-0.06236961812,-0.06230833255,-0.06245992407
82.93730198,-0.06220034184,-0.06237106635,-0.0622991773,-0.06246372192
82.98524262,-0.06219591809,-0.0623727121,-0.06228982037,-0.06246788686
83.03318326,-0.0621913285,-0.06237456092,-0.06228026358,-0.06247242975
83.0811239,-0.06218657101,-0.06237661836,-0.06227050875,-0.06247736146
83.12906453,-0.06218164357,-0.06237888995,-0.06226055769,-0.06248269284
83.17700517,-0.0621765441,-0.06238138122,-0.06225041222,-0.06248843475
83.22494581,-0.06217127054,-0.06238409773,-0.06224007414,-0.06249459805
83.27288644,-0.06216582083,-0.06238704501,-0.06222954526,-0.06250119361
83.32082708,-0.06216019291,-0.06239022861,-0.06221882741,-0.06250823228
83.36876772,-0.06215449776,-0.06239333743,-0.06220835284,-0.0625153174
83.41670835,-0.06214901188,-0.06239558346,-0.06219918962,-0.06252143595
83.46464899,-0.06214373121,-0.06239695149,-0.06219134319,-0.06252656712
83.51258963,-0.06213863745,-0.06239746596,-0.06218476478,-0.06253074107
83.56053027,-0.06213371227,-0.06239715129,-0.06217940564,-0.06253398797
83.6084709,-0.06212893735,-0.06239603192,-0.062175217,-0.06253633801
83.65641154,-0.06212429438,-0.06239413229,-0.0621721501,-0.06253782133
83.70435218,-0.06211976504,-0.06239147683,-0.06217015619,-0.06253846813
83.75229281,-0.062115331,-0.06238808998,-0.0621691865,-0.06253830856
83.80023345,-0.06211097397,-0.06238399617,-0.06216919226,-0.0625373728
83.84817409,-0.0621066756,-0.06237921984,-0.06217012473,-0.06253569101
83.89611472,-0.0621024176,-0.06237378543,-0.06217193514,-0.06253329337
83.94405536,-0.06209818164,-0.06236771736,-0.06217457472,-0.06253021006
83.991996,-0.06209394939,-0.06236104008,-0.06217799472,-0.06252647123
84.03993663,-0.06208970256,-0.06235377801,-0.06218214638,-0.06252210705
84.08787727,-0.06208542281,-0.0623459556,-0.06218698093,-0.06251714771
84.13581791,-0.06208109183,-0.06233759728,-0.06219244962,-0.06251162337
84.18375855,-0.0620766913,-0.06232872748,-0.06219850368,-0.0625055642
84.23169918,-0.06207220291,-0.06231937065,-0.06220509435,-0.06249900036
84.27963982,-0.06206760833,-0.06230955121,-0.06221217288,-0.06249196204
84.32758046,-0.06206288926,-0.0622992936,-0.0622196905,-0.0624844794
84.37552109,-0.06205802736,-0.06228862226,-0.06222759845,-0.06247658261
84.42346173,-0.06205300433,-0.06227756161,-0.06223584797,-0.06246830184
84.47140237,-0.06204780184,-0.06226613611,-0.06224439029,-0.06245966726
84.519343,-0.06204240158,-0.06225437017,-0.06225317667,-0.06245070904
84.56728364,-0.06203678523,-0.06224228825,-0.06226215833,-0.06244145736
84.61522428,-0.06203093448,-0.06222991476,-0.06227128652,-0.06243194238
84.66316492,-0.062024831,-0.06221727415,-0.06228051248,-0.06242219427
84.71110555,-0.06201845647,-0.06220439086,-0.06228978744,-0.0624122432
84.75904619,-0.06201179259,-0.06219128931,-0.06229906265,-0.06240211935
84.80698683,-0.06200482103,-0.06217799394,-0.06230828934,-0.06239185288
84.85492746,-0.06199752347,-0.0621645292,-0.06231741875,-0.06238147397
84.9028681,-0.0619898816,-0.06215091951,-0.06232640212,-0.06237101278
84.95080874,-0.0619818771,-0.0621371893,-0.0623351907,-0.06236049949
84.99874937,-0.06197349165,-0.06212336302,-0.06234373571,-0.06234996426
85.04669001,-0.06196470694,-0.0621094651,-0.06235198841,-0.06233943727
85.09463065,-0.06195550464,-0.06209551998,-0.06235990002,-0.06232894868
85.14257129,-0.06194586644,-0.06208155208,-0.06236742179,-0.06231852867
85.19051192,-0.06193577402,-0.06206758585,-0.06237450496,-0.06230820741
85.23845256,-0.06192520906,-0.06205364572,-0.06238110076,-0.06229801506
85.2863932,-0.06191415325,-0.06203975613,-0.06238716044,-0.0622879818
85.33433383,-0.06190258826,-0.0620259415,-0.06239263524,-0.0622781378
85.38227447,-0.06189049579,-0.06201222628,-0.06239747639,-0.06226851322
85.43021511,-0.0618778575,-0.06199863491,-0.06240163513,-0.06225913825
85.47815574,-0.0618646551,-0.06198519181,-0.0624050627,-0.06225004304
85.52609638,-0.06185087024,-0.06197192142,-0.06240771035,-0.06224125777
85.57403702,-0.06183648463,-0.06195884818,-0.0624095293,-0.06223281261
85.62197766,-0.06182147994,-0.06194599652,-0.06241047081,-0.06222473773
85.66991829,-0.06180583785,-0.06193339088,-0.0624104861,-0.0622170633
85.71785893,-0.06178954005,-0.06192105569,-0.06240952642,-0.06220981949
85.76579957,-0.06177256822,-0.06190901539,-0.06240754301,-0.06220303647
85.8137402,-0.06175490404,-0.06189729442,-0.06240448711,-0.06219674441
85.86168084,-0.06173652919,-0.0618859172,-0.06240030995,-0.06219097348
85.90962148,-0.06171742536,-0.06187490818,-0.06239496278,-0.06218575385
85.95756211,-0.06169757422,-0.06186429178,-0.06238839683,-0.0621811157
86.00550275,-0.06167695747,-0.06185409245,-0.06238056335,-0.06217708919
86.05344339,-0.06165555677,-0.06184433462,-0.06237141357,-0.06217370449
86.10138403,-0.06163335383,-0.06183504273,-0.06236089873,-0.06217099177
86.14932466,-0.06161033031,-0.0618262412,-0.06234897007,-0.0621689812
86.1972653,-0.06158646789,-0.06181795448,-0.06233557883,-0.06216770296
86.24520594,-0.06156174827,-0.061810207,-0.06232067625,-0.06216718721
86.29314657,-0.06153615313,-0.0618030232,-0.06230421357,-0.06216746413
86.34108721,-0.06150966414,-0.0617964275,-0.06228614202,-0.06216856388
86.38902785,-0.06148226298,-0.06179044436,-0.06226641286,-0.06217051664
86.43696848,-0.06145393135,-0.06178509819,-0.06224497731,-0.06217335257
86.48490912,-0.06142465093,-0.06178041344,-0.06222178661,-0.06217710184
86.53284976,-0.06139440338,-0.06177641455,-0.06219679201,-0.06218179463
86.5807904,-0.06136317041,-0.06177312594,-0.06216994474,-0.06218746111
86.62873103,-0.06133093369,-0.06177057205,-0.06214119605,-0.06219413144
86.67667167,-0.06129767489,-0.06176877732,-0.06211049717,-0.06220183581
86.72461231,-0.06126337572,-0.06176776619,-0.06207779934,-0.06221060436
86.77255294,-0.06122801784,-0.06176756308,-0.0620430538,-0.06222046729
86.82049358,-0.06119158294,-0.06176819244,-0.06200621179,-0.06223145475
86.86843422,-0.0611540527,-0.06176967869,-0.06196722455,-0.06224359692
86.91637485,-0.0611154088,-0.06177204628,-0.06192604332,-0.06225692397
86.96431549,-0.06107563294,-0.06177531964,-0.06188261933,-0.06227146606
87.01225613,-0.06103470678,-0.06177952321,-0.06183690383,-0.06228725338
87.06019677,-0.06099261201,-0.06178468141,-0.06178884806,-0.06230431608
87.1081374,-0.06094933031,-0.06179081869,-0.06173840325,-0.06232268435
87.15607804,-0.06090484337,-0.06179795948,-0.06168552064,-0.06234238834
87.20401868,-0.06085913287,-0.06180612821,-0.06163015148,-0.06236345824
87.25195931,-0.06081218049,-0.06181534933,-0.06157224701,-0.0623859242
87.29989995,-0.06076396791,-0.06182564726,-0.06151175845,-0.06240981641
87.34784059,-0.06071447682,-0.06183704644,-0.06144863705,-0.06243516503
87.39578122,-0.06066368889,-0.06184957131,-0.06138283406,-0.06246200022
87.44372186,-0.06061158582,-0.0618632463,-0.0613143007,-0.06249035218
87.4916625,-0.06055814927,-0.06187809585,-0.06124298822,-0.06252025105
87.53960313,-0.06047904817,-0.06184603161,-0.06117317696,-0.06254972775
87.58754377,-0.06032922343,-0.06167856749,-0.06111281446,-0.06257509364
87.63548441,-0.0601090534,-0.0613776248,-0.06106173918,-0.06259638451
87.68342505,-0.05982000149,-0.06094727769,-0.06101959612,-0.06261372522
87.73136568,-0.0594635311,-0.06039160031,-0.0609860303,-0.06262724065
87.77930632,-0.05904110563,-0.05971466681,-0.06096068673,-0.06263705568
87.82724696,-0.05855418849,-0.05892055134,-0.06094321042,-0.06264329519
87.87518759,-0.05800424308,-0.05801332806,-0.06093324641,-0.06264608404
87.92312823,-0.05739273279,-0.0569970711,-0.06093043969,-0.06264554712
87.97106887,-0.05672112104,-0.05587585463,-0.06093443529,-0.0626418093
88.0190095,-0.05599087123,-0.05465375278,-0.06094487822,-0.06263499545
88.06695014,-0.05520344674,-0.05333483972,-0.06096141349,-0.06262523046
88.11489078,-0.054360311,-0.05192318958,-0.06098368613,-0.06261263919
88.16283142,-0.0534629274,-0.05042287653,-0.06101134114,-0.06259734652
88.21077205,-0.05251275934,-0.04883797471,-0.06104402355,-0.06257947733
88.25871269,-0.05151127023,-0.04717255827,-0.06108137836,-0.06255915649
88.30665333,-0.05045992347,-0.04543070137,-0.0611230506,-0.06253650888
88.35459396,-0.04936018246,-0.04361647814,-0.06116868527,-0.06251165937
88.4025346,-0.04821351059,-0.04173396274,-0.06121792741,-0.06248473284
88.45047524,-0.04702137129,-0.03978722933,-0.06127042201,-0.06245585417
88.49841587,-0.04578522794,-0.03778035205,-0.06132581409,-0.06242514822
88.54635651,-0.04450654395,-0.03571740505,-0.06138374868,-0.06239273988
88.59429715,-0.04318678272,-0.03360246248,-0.06144387078,-0.06235875401
88.64223779,-0.04182740766,-0.03143959849,-0.06150582541,-0.06232331551
88.69017842,-0.04042988216,-0.02923288724,-0.0615692576,-0.06228654923
88.73811906,-0.03899566963,-0.02698640286,-0.06163381234,-0.06224858006
88.7860597,-0.03752623347,-0.02470421952,-0.06169913466,-0.06220953287
88.83400033,-0.03602303709,-0.02239041136,-0.06176486958,-0.06216953254
88.88194097,-0.03448754388,-0.02004905254,-0.0618306621,-0.06212870394
88.92988161,-0.03292121724,-0.01768421719,-0.06189615725,-0.06208717195
88.97782224,-0.03132552059,-0.01529997948,-0.06196100004,-0.06204506144
89.02576288,-0.02970191732,-0.01290041355,-0.06202483549,-0.06200249729
89.07370352,-0.02805187083,-0.01048959355,-0.0620873086,-0.06195960438
89.12164416,-0.02637684453,-0.008071593632,-0.0621480644,-0.06191650757
89.16958479,-0.02467830182,-0.005650487948,-0.06220674791,-0.06187333175
89.21752543,-0.0229577061,-0.003230350647,-0.06226300413,-0.06183020178
89.26546607,-0.02121652078,-0.0008152558781,-0.06231647808,-0.06178724256
89.3134067,-0.01945620925,0.001590722208,-0.06236681478,-0.06174457894
89.36134734,-0.01767823492,0.003983509461,-0.06241365925,-0.06170233581
89.40928798,-0.01588406119,0.006359031732,-0.06245665649,-0.06166063804
89.45722861,-0.01407515146,0.00871321487,-0.06249545153,-0.06161961051
89.50516925,-0.01225296913,0.01104198472,-0.06252968938,-0.06157937809
89.55310989,-0.01041897762,0.01334126715,-0.06255901505,-0.06154006566
89.60105053,-0.00857464031,0.01560698799,-0.06258307357,-0.0615017981
89.64899116,-0.006721420614,0.01783507309,-0.06260150994,-0.06146470027
89.6969318,-0.004860781933,0.02002144831,-0.06261396918,-0.06142889705
89.74487244,-0.002994187668,0.0221620395,-0.06262009631,-0.06139451333
89.79281307,-0.001123101222,0.02425277251,-0.06261953634,-0.06136167396
89.84075371,0.0007510140037,0.02628957318,-0.06261193429,-0.06133050384
89.88869435,0.002626694606,0.02826836737,-0.06259693518,-0.06130112784
89.93663498,0.004502477183,0.03018508093,-0.06257418401,-0.06127367082
89.98457562,0.006376898332,0.0320356397,-0.06254332581,-0.06124825768
90.03251626,0.008248494651,0.03381596954,-0.06250400559,-0.06122501327
90.0804569,0.01011580274,0.0355219963,-0.06245586837,-0.06120406248
90.12839753,0.01197735919,0.03714964582,-0.06239855915,-0.06118553018
90.17633817,0.01383170061,0.03869484396,-0.06233172296,-0.06116954125
90.22427881,0.01567736358,0.04015351656,-0.06225500482,-0.06115622057
90.27221944,0.01751288472,0.04152158948,-0.06216804973,-0.061145693
90.32016008,0.01933680061,0.04279498857,-0.06207050271,-0.06113808343
90.36810072,0.02114764785,0.04396963967,-0.06196200878,-0.06113351673
90.41604135,0.02294396305,0.04504146864,-0.06184221296,-0.06113211777
90.46398199,0.0247242828,0.04600640132,-0.06171076026,-0.06113401143
90.51192263,0.02648714369,0.04686036357,-0.06156729569,-0.06113932259
90.55986326,0.02823108233,0.04759928124,-0.06141146427,-0.06114817611
90.6078039,0.02995463531,0.04821908017,-0.06124291101,-0.06116069689
90.65574454,0.03165633923,0.04871568622,-0.06106128094,-0.06117700978
90.70368518,0.03333473069,0.04908502523,-0.06086621906,-0.06119723968
90.75162581,0.03498834629,0.04932302306,-0.0606573704,-0.06122151144
90.79956645,0.03661572262,0.04942560555,-0.06043437996,-0.06124994996
90.84750709,0.03821539628,0.04938869856,-0.06019689277,-0.0612826801
90.89544772,0.03978590387,0.04920822794,-0.05994455383,-0.06131982673
90.94338836,0.04132578198,0.04888011953,-0.05967700817,-0.06136151474
90.991329,0.04283356722,0.04840029918,-0.0593939008,-0.061407869
91.03926963,0.04430779619,0.04776469275,-0.05909487673,-0.06145901439
91.08721027,0.04574700547,0.04696922608,-0.05877958098,-0.06151507577
91.13515091,0.04714973167,0.04600982503,-0.05844765857,-0.06157617803
91.18309155,0.04851451139,0.04488241545,-0.05809875451,-0.06164244604
91.23103218,0.04983988121,0.04358292318,-0.05773251381,-0.06171400468
91.27897282,0.05112437775,0.04210727407,-0.0573485815,-0.06179097882
91.32691346,0.0523665376,0.04045139398,-0.05694660259,-0.06187349334
91.37485409,0.05356489736,0.03861120876,-0.05652622209,-0.06196167311
91.42279473,0.05471799361,0.03658264424,-0.05608708501,-0.06205564301
91.47073537,0.05582436297,0.0343616263,-0.05562883639,-0.06215552791
91.518676,0.05688254203,0.03194408077,-0.05515112122,-0.06226145269
91.56661664,0.05789106739,0.0293259335,-0.05465358452,-0.06237354222
91.61455728,0.05884847564,0.02650311034,-0.05413587132,-0.06249192139
91.66249792,0.05975330338,0.02347153715,-0.05359762662,-0.06261671506
91.71043855,0.06059051724,0.02036910981,-0.05304015819,-0.06272225802
91.75837919,0.06134177398,0.01739031046,-0.05246596915,-0.06277351072
91.80631983,0.06200873367,0.01453434166,-0.05187561502,-0.06277148467
91.85426046,0.06259318357,0.01179912076,-0.05126963736,-0.06271742673
91.9022011,0.06309691091,0.009182565121,-0.05064857774,-0.06261258377
91.95014174,0.06352170296,0.006682592085,-0.05001297771,-0.06245820266
91.99808237,0.06386934697,0.004297119012,-0.04936337884,-0.06225553024
92.04602301,0.06414163017,0.002024063256,-0.04870032269,-0.06200581339
92.09396365,0.06434033982,-0.0001386578311,-0.04802435083,-0.06171029896
92.14190429,0.06446726317,-0.002193126894,-0.04733600481,-0.06137023381
92.18984492,0.06452418748,-0.004141426579,-0.04663582619,-0.06098686482
92.23778556,0.06451289998,-0.005985639533,-0.04592435655,-0.06056143883
92.2857262,0.06443518793,-0.007727848402,-0.04520213745,-0.06009520271
92.33366683,0.06429283857,-0.009370135832,-0.04446971044,-0.05958940333
92.38160747,0.06408763916,-0.01091458447,-0.04372761708,-0.05904528754
92.42954811,0.06382137695,-0.01236327696,-0.04297639895,-0.05846410221
92.47748874,0.06349583919,-0.01371829595,-0.0422165976,-0.0578470942
92.52542938,0.06311281312,-0.01498172409,-0.0414487546,-0.05719551036
92.57337002,0.06267408599,-0.01615564402,-0.04067341151,-0.05651059757
92.62131066,0.06218144506,-0.01724213839,-0.03989110989,-0.05579360268
92.66925129,0.06163667758,-0.01824328984,-0.0391023913,-0.05504577256
92.71719193,0.06104157078,-0.01916118103,-0.03830779731,-0.05426835406
92.76513257,0.06039791193,-0.01999789459,-0.03750786947,-0.05346259405
92.8130732,0.05970748827,-0.02075551318,-0.03670314936,-0.05262973939
92.86101384,0.05897208705,-0.02143611943,-0.03589417854,-0.05177103694
92.90895448,0.05819349552,-0.022041796,-0.03508149855,-0.05088773356
92.95689511,0.05737350094,-0.02257462554,-0.03426565098,-0.04998107612
93.00483575,0.05651389054,-0.02303669068,-0.03344717738,-0.04905231148
93.05277639,0.05561645158,-0.02343007408,-0.03262661931,-0.04810268649
93.10071703,0.05468297131,-0.02375685838,-0.03180451834,-0.04713344803
93.14865766,0.05371523698,-0.02401912623,-0.03098141603,-0.04614584294
93.1965983,0.05271503583,-0.02421896027,-0.03015785394,-0.0451411181
93.24453894,0.05168415512,-0.02435844315,-0.02933437364,-0.04412052037
93.29247957,0.0506243821,-0.02443965751,-0.02851151668,-0.0430852966
93.34042021,0.04953750401,-0.02446468601,-0.02768982463,-0.04203669366
93.38836085,0.04842530811,-0.02443561129,-0.02686983905,-0.04097595841
93.43630148,0.04728958165,-0.02435451599,-0.02605210151,-0.03990433771
93.48424212,0.04613211186,-0.02422348277,-0.02523715356,-0.03882307843
93.53218276,0.04495468601,-0.02404459426,-0.02442553678,-0.03773342742
93.5801234,0.04375909135,-0.02381993311,-0.02361779271,-0.03663663155
93.62806403,0.04254711511,-0.02355158198,-0.02281446293,-0.03553393767
93.67600467,0.04132054456,-0.0232416235,-0.022016089,-0.03442659266
93.72394531,0.04008116694,-0.02289214032,-0.02122321247,-0.03331584337
93.77188594,0.0388307695,-0.02250521509,-0.02043637492,-0.03220293666
93.81982658,0.03757113949,-0.02208293046,-0.0196561179,-0.0310891194
93.86776722,0.03630406416,-0.02162736907,-0.01888298298,-0.02997563845
93.91570785,0.03503133076,-0.02114061356,-0.01811751172,-0.02886374066
93.96364849,0.03375472653,-0.02062474659,-0.01736024568,-0.0277546729
94.01158913,0.03247603874,-0.0200818508,-0.01661172642,-0.02664968204
94.05952976,0.03119705462,-0.01951400884,-0.01587249552,-0.02555001493
94.1074704,0.02991956143,-0.01892330335,-0.01514309452,-0.02445691844
94.15541104,0.02864534641,-0.01831181697,-0.01442406499,-0.02337163942
94.20335168,0.02737619682,-0.01768163236,-0.0137159485,-0.02229542475
94.25129231,0.02611389991,-0.01703483217,-0.01301928661,-0.02122952127
94.29923295,0.02486024292,-0.01637349903,-0.01233462088,-0.02017517586
94.34717359,0.0236170131,-0.01569971559,-0.01166249287,-0.01913363537
94.39511422,0.02238599771,-0.0150155645,-0.01100344414,-0.01810614667
94.44305486,0.02116898399,-0.01432312841,-0.01035801626,-0.01709395661
94.4909955,0.01996775919,-0.01362448996,-0.009726750792,-0.01609831206
94.53893613,0.01878411056,-0.0129217318,-0.009110189296,-0.01512045989
94.58687677,0.01761982536,-0.01221693658,-0.008508873335,-0.01416164695
94.63481741,0.01647669083,-0.01151218694,-0.007923344471,-0.0132231201
94.68275805,0.01535649421,-0.01080956552,-0.007354144268,-0.0123061262
94.73069868,0.01426102277,-0.01011115498,-0.006801814287,-0.01141191213
94.77863932,0.01319206374,-0.009419037956,-0.006266896091,-0.01054172473
94.82657996,0.01215140438,-0.0087352971,-0.005749931243,-0.009696810879
94.87452059,0.01114083194,-0.008062015056,-0.005251461306,-0.008878417427
94.92246123,0.01016213367,-0.007401274471,-0.004772027841,-0.00808779124
94.97040187,0.009217096812,-0.00675515799,-0.004312172411,-0.007326179179
95.0183425,0.008307508621,-0.006125748261,-0.003872436579,-0.006594828107
95.06628314,0.007435156347,-0.005515127929,-0.003453361908,-0.005894984883
95.11422378,0.006601827237,-0.00492537964,-0.003055489959,-0.005227896371
95.16216442,0.005809308541,-0.004358586042,-0.002679362296,-0.004594809432
95.21010505,0.005059387509,-0.00381682978,-0.002325520481,-0.003996970928
95.25804569,0.004353851391,-0.0033021935,-0.001994506076,-0.00343562772
95.30598633,0.003694487435,-0.002816759848,-0.001686860644,-0.00291202667
95.35392696,0.003083082892,-0.002362611472,-0.001403125748,-0.00242741464
95.4018676,0.00252142501,-0.001941831017,-0.00114384295,-0.001983038491
95.44980824,0.002011301039,-0.001556501129,-0.000909553813,-0.001580145086
95.49774887,0.001554498228,-0.001208704454,-0.0007007998987,-0.001219981285
95.54568951,0.001152803828,-0.0009005236399,-0.0005181227702,-0.000903793951
95.59363015,0.0008080050863,-0.0006340413315,-0.0003620639898,-0.0006328299453
95.64157079,0.0005218892537,-0.0004113401755,-0.0002331651203,-0.0004083361295
95.68951142,0.0002962435794,-0.0002345028181,-0.0001319677239,-0.0002315593654
95.73745206,0.0001328553127,-0.0001056119055,-5.901336344e-05,-0.0001037465146
95.7853927,3.351170308e-05,-2.675008409e-05,-1.484360128e-05,-2.614443894e-05
95.83333333,0,0,0,0
