time_ns,u_X1,u_Y1,u_X2,u_Y2
0.0,0.0,0.0,0.0,0.0
0.057528764382191094,3.403722975115606e-5,-3.274331316993072e-5,1.0642815486031015e-5,-1.363792216160115e-5
0.11505752876438219,0.00013494096453322166,-0.00012983482917939914,4.192240352636295e-5,-5.4258514555280066e-5
0.17258629314657328,0.00030089927263909287,-0.00028956691277791954,9.286547649435409e-5,-0.00012142201604434995
0.23011505752876438,0.0005301002223616659,-0.0005102319287150065,0.00016249874676336283,-0.00021468866549212407
0.28764382191095544,0.0008207318819938365,-0.0007901222417401739,0.00024984892670674747,-0.0003336187017619155
0.34517258629314657,0.0011709823198285017,-0.0011275302166029368,0.0003539427286978664,-0.00047777236371703767
0.4027013506753377,0.0015790396041585563,-0.0015207482180528093,0.0004738068651100777,-0.0006467098902208035
0.46023011505752875,0.0020430918032768976,-0.0019680686108393053,0.0006084680483167401,-0.0008399915201365265
0.5177588794397199,0.002561326985476421,-0.00246778375971194,0.0007569529906912117,-0.0010571774923275198
0.5752876438219109,0.0031319332190500224,-0.0030181860294202258,0.0009182884046068504,-0.0012978280456570962
0.632816408204102,0.0037530985722905984,-0.0036175677847136802,0.0010915010024370154,-0.0015615034189885694
0.6903451725862931,0.004423011113491046,-0.004264221390341816,0.0012756174965550648,-0.0018477638511852528
0.7478739369684843,0.005139858910944261,-0.004956439211054147,0.0014696645993343565,-0.002156169581110459
0.8054027013506754,0.005901830032943137,-0.005692513611600188,0.001672669023148249,-0.0024862808476275016
0.8629314657328665,0.006707112547780573,-0.006470736956729455,0.001883657480370101,-0.002837657889599694
0.9204602301150575,0.0075538945237494624,-0.007289401611191458,0.0021016566833732694,-0.0032098609458903484
0.9779889944972486,0.008440364029142704,-0.008146799939735714,0.0023256933445311143,-0.003602450255362779
1.0355177588794398,0.009364709132253195,-0.009041224307111741,0.002554794176216995,-0.0040149860568803
1.0930465232616309,0.010325117901373826,-0.009970967078069047,0.0027879858908042665,-0.0044470285893062214
1.1505752876438218,0.011319778404797498,-0.010934320617357147,0.0030242952006662885,-0.004898138091503858
1.2081040520260131,0.012346878710817109,-0.011929577289725565,0.00326274881817642,-0.005367874802336525
1.265632816408204,0.013404606887725545,-0.0129550294599238,0.0035023734557080182,-0.005855798960667532
1.3231615807903954,0.014491151003815718,-0.014008969492701383,0.0037421958256344465,-0.006361470805360199
1.3806903451725863,0.015604699127380505,-0.01508968975280781,0.003981242640329055,-0.006884450575277829
1.4382191095547774,0.016743439326712815,-0.01619548260499261,0.004218540612165205,-0.007424298509283742
1.4957478739369685,0.017905559670105545,-0.01732464041400529,0.004453116453516258,-0.007980574846241251
1.5532766383191594,0.01908924822585158,-0.018475455544595364,0.0046839968767555685,-0.008552839825013665
1.6108054027013508,0.020292693062243836,-0.01964622036151236,0.004910208594256499,-0.009140653684464307
1.6683341670835417,0.021514082247575183,-0.02083522722950577,0.005130778318392404,-0.009743576663456476
1.725862931465733,0.02275160385013854,-0.02204076851332513,0.005344732761536642,-0.0103611690008535
1.783391695847924,0.02400344593822679,-0.023261136577719936,0.005551098636062574,-0.010992990935518678
1.840920460230115,0.025267796580132833,-0.024494623787439714,0.005748902654343557,-0.011638602706315334
1.8984492246123064,0.02654284384414957,-0.02573952250723398,0.005937171528752948,-0.012297564552106777
1.9559779889944973,0.027826775798569882,-0.026994125101852232,0.006114931971664107,-0.012969436711756318
2.013506753376688,0.029117780511686675,-0.028256723936043997,0.0062812106954503915,-0.013653779424127271
2.0710355177588795,0.03041404605179286,-0.0295256113745588,0.006435034412485161,-0.014350152928082957
2.1285642821410704,0.03171376048718131,-0.030799079782146133,0.006575429835141772,-0.015058117462486678
2.1860930465232618,0.03301511188614493,-0.032075421523555525,0.006701423675793583,-0.015777233266201757
2.2436218109054527,0.03431628831697661,-0.033352928963536484,0.006812042646813954,-0.016507060578091502
2.3011505752876436,0.03561547784796925,-0.03462989446683852,0.006906313460576243,-0.01724715963701922
2.358679339669835,0.03691086854741576,-0.03590461039821116,0.0069832628294538065,-0.017997090681848238
2.4162081040520262,0.038200648483609025,-0.03717536912240393,0.007041917465820006,-0.018756413951441862
2.473736868434217,0.03948300572484193,-0.03844046300416631,0.007081304082048196,-0.019524689684663404
2.531265632816408,0.04075612833940738,-0.03969818440824782,0.007100449390511737,-0.020301478120376172
2.5887943971985994,0.04201820439559829,-0.040946825699398004,0.007098380103583989,-0.021086339497443495
2.6463231615807907,0.04326742196170752,-0.04218467924236635,0.007074122933638305,-0.02187883405472868
2.7038519259629816,0.04450196910602799,-0.04341003740190237,0.007026704593048048,-0.022678522031095025
2.7613806903451725,0.045720033896852585,-0.0446211925427556,0.0069551517941865764,-0.02348496366540586
2.8189094547273634,0.04691980440247421,-0.045816437029675534,0.0068584912494272475,-0.024297719196524493
2.8764382191095548,0.04809946869118577,-0.0469940632274117,0.006735749671143418,-0.025116348863314243
2.933966983491746,0.049257214831280136,-0.04815236350071362,0.006585953771708447,-0.02594041290463842
2.991495747873937,0.05039123089105022,-0.04928963021433079,0.006408130263495695,-0.026769471559360332
3.049024512256128,0.051499704938788915,-0.05040415573301272,0.0062013058588785185,-0.027603085066343288
3.106553276638319,0.0525808250427891,-0.05149423242150893,0.005964507270230274,-0.028440813664450608
3.1640820410205106,0.053632779271343724,-0.05255815264456897,0.00569676120992432,-0.029282217592545626
3.2216108054027015,0.054653755692745616,-0.05359420876694229,0.005397094390334021,-0.030126857089491615
3.2791395697848924,0.05564194237528773,-0.054600693153378455,0.005064533523832733,-0.030974292394151916
3.3366683341670833,0.05659552738726291,-0.055575898168626944,0.004698105322793808,-0.03182408374538982
3.3941970985492746,0.0575126987969641,-0.056518116177437315,0.004296836499590609,-0.03267579138206868
3.451725862931466,0.05839164467268417,-0.057425639544559044,0.0038597537665964934,-0.03352897554305177
3.509254627313657,0.05923055308271601,-0.05829676063474166,0.0033858838361848238,-0.03438319646720242
3.566783391695848,0.060027612095352526,-0.05912977181273467,0.0028742534207289528,-0.03523801439338394
3.6243121560780387,0.06078100977888662,-0.05992296544328759,0.002323889232602244,-0.036092989560459636
3.68184092046023,0.06148893420161119,-0.06067463389114996,0.0017338179841780471,-0.036947682207292845
3.739369684842421,0.06214957343181911,-0.06138306952107125,0.0011030663878297282,-0.037801652572746855
3.7968984492246127,0.06276111553780331,-0.062046564697800996,0.00043066115593063433,-0.03865446089568499
3.8544272136068036,0.06332174858785665,-0.06266341178608874,-0.0002843709991458552,-0.03950566741497056
3.9119559779889945,0.06382966065027204,-0.06323190315068394,-0.0010430033650263954,-0.04035483236946688
3.969484742371186,0.06428303979334238,-0.06375033115633615,-0.0018462092293376317,-0.041201515998037265
4.027013506753376,0.06468007408536057,-0.06421698816779488,-0.0026949618797061877,-0.042045278539545004
4.084542271135568,0.06501895159461953,-0.06463016654980963,-0.00359023460375874,-0.042885680232853475
4.142071035517759,0.06529786038941209,-0.06498815866712994,-0.004533000689121894,-0.04372228131682592
4.19959979989995,0.06551498853803119,-0.06528925688450529,-0.005524233423422303,-0.04455464203032568
4.257128564282141,0.06566852410876972,-0.06553175356668521,-0.006564906094286614,-0.04538232261221607
4.314657328664333,0.06575665516992057,-0.06571394107841923,-0.007655991989341482,-0.046204883301360425
4.3721860930465235,0.06577756978977665,-0.06583411178445683,-0.008798464396213516,-0.047021884336622
4.429714857428714,0.06572945603663086,-0.06589055804954756,-0.009993296602529374,-0.04783288595686417
4.487243621810905,0.06561050197877608,-0.06588157223844093,-0.011241461895915697,-0.04863744840095021
4.544772386193096,0.0654188956845052,-0.06580544671588642,-0.012543933563999127,-0.04943513190774344
4.602301150575287,0.06515282522211112,-0.0656604738466336,-0.013901684894406309,-0.05022549671610718
4.659829914957479,0.06481047865988675,-0.06544494599543191,-0.0153156891747639,-0.051008103064904754
4.71735867933967,0.06439004406612497,-0.06515715552703093,-0.016786919692698504,-0.051782511192999446
4.774887443721862,0.0638897095091187,-0.06479539480618016,-0.018316349735836807,-0.05254828133925461
4.8324162081040525,0.0633076630571608,-0.06435795619762909,-0.0199049525918054,-0.05330497374253352
4.889944972486243,0.06264209277854421,-0.06384313206612725,-0.021553701548230955,-0.0540521486416995
4.947473736868434,0.0618911867415618,-0.06324921477642417,-0.023263569892740105,-0.054789366275615876
5.005002501250625,0.061053762662230726,-0.06257494195231891,-0.02503508627939392,-0.055516038162878756
5.062531265632816,0.06022436759535915,-0.061887048450887265,-0.026801047947143036,-0.05620925437267931
5.120060030015007,0.05947002001017548,-0.06123381961822595,-0.028513250110072667,-0.056853583327088876
5.177588794397199,0.058788224791895376,-0.06061459672693946,-0.030172483463200384,-0.0574502165043133
5.23511755877939,0.05817648682573451,-0.060028721049632305,-0.03177953870154368,-0.058000345382558424
5.2926463231615815,0.057632310996908534,-0.05947553385890897,-0.033335206520120154,-0.058505161440030096
5.350175087543772,0.05715320219063313,-0.058954376427373945,-0.034840277613947306,-0.058965856154934174
5.407703851925963,0.05673666529212395,-0.05846459002763174,-0.03629554267804271,-0.0593836210054765
5.465232616308154,0.05638020518659667,-0.05800551593228684,-0.03770179240742392,-0.059759647469862925
5.522761380690345,0.056081326759266935,-0.057576495413943725,-0.03905981749710847,-0.060095127026299294
5.580290145072536,0.05583753489535043,-0.057176869745206915,-0.04037040864211391,-0.06039125115299148
5.637818909454727,0.055646334480062794,-0.05680598019868088,-0.04163435653745779,-0.0606492113281453
5.695347673836918,0.05550523039861972,-0.05646316804697013,-0.04285245187815767,-0.06087019902996662
5.7528764382191095,0.05541172753623685,-0.05614777456267915,-0.04402548535923109,-0.06105540573666129
5.810405202601301,0.055363330778129854,-0.05585914101841244,-0.04515424767569561,-0.06120602292643517
5.867933966983492,0.055357545009514404,-0.055596608686774504,-0.04623952952256873,-0.06132324207749409
5.925462731365683,0.05539187511560615,-0.055359518840369826,-0.04728212159486804,-0.06140825466804389
5.982991495747874,0.055463825981620765,-0.055147212751802885,-0.04828281458761108,-0.06146225217629046
6.040520260130065,0.055570902492773924,-0.054959031693678204,-0.049242399195815384,-0.06148642608043961
6.098049024512256,0.05571060953428127,-0.054794316938600256,-0.050161666114498515,-0.06148196785869722
6.155577788894447,0.05588045199135848,-0.05465240975917354,-0.05104140603867803,-0.061450068989269115
6.213106553276638,0.056077934749221216,-0.05453265142800256,-0.05188240966337145,-0.061391920950361153
6.270635317658829,0.05630056269308514,-0.0544343832176918,-0.052685467683596346,-0.061308715220179194
6.328164082041021,0.056545840708165915,-0.05435694640084575,-0.05345137079437026,-0.06120164327692907
6.385692846423212,0.056811273679679204,-0.05429968225006892,-0.05418090969071073,-0.061071896598816636
6.443221610805403,0.05709436649284068,-0.05426193203796579,-0.054874875067635304,-0.06092066666404776
6.500750375187594,0.05739262403286599,-0.05424303703714087,-0.055534057620161545,-0.060749144950828254
6.558279139569785,0.057703551184970815,-0.054242338520198635,-0.056159248043306964,-0.060558522937363995
6.615807903951976,0.058024652834370825,-0.054259177759743586,-0.05675123703208916,-0.060349992101860844
6.673336668334167,0.058353433866281654,-0.05429289602838022,-0.05731081528152565,-0.06012474392252462
6.7308654327163575,0.05868739916591899,-0.054342834598713044,-0.05783877348663399,-0.05988396987756119
6.788394197098549,0.0590240536184985,-0.054408334743346526,-0.05833590234243173,-0.059628861445176394
6.845922961480741,0.05936090210923585,-0.054488737734885176,-0.058802992543936415,-0.059360610103576086
6.903451725862932,0.05969544952334667,-0.05458338484593349,-0.05924083478616558,-0.05908040733096611
6.960980490245123,0.06002520074604665,-0.05469161734909596,-0.0596502197641368,-0.05878944460555234
7.018509254627314,0.060347660662551456,-0.054812776516977066,-0.0600319381728676,-0.0584889134055406
7.076038019009505,0.06066033415807675,-0.05494620362218132,-0.06038678070737551,-0.058180005209136756
7.133566783391696,0.0609607261178382,-0.05509123993731321,-0.060715538062678126,-0.05786391149454663
7.191095547773887,0.06124634142705146,-0.05524722673497723,-0.06101900093379298,-0.05754182373997609
7.248624312156077,0.06151468497093219,-0.05541350528777787,-0.0612979600157376,-0.057214933423631
7.306153076538269,0.061763261634696066,-0.05558941686831965,-0.06155320600352954,-0.056884432023717194
7.36368184092046,0.06198957630355876,-0.05577430274920702,-0.06178552959218636,-0.05655151101844051
7.421210605302652,0.06219113386273592,-0.05596750420304452,-0.0619957214767256,-0.05621736188600682
7.478739369684842,0.0623654391974432,-0.056168362502436606,-0.06218457235216481,-0.05588317610462197
7.536268134067034,0.0625099971928963,-0.056376218919987786,-0.06235287291352153,-0.05555014515249178
7.5937968984492255,0.06262231273431085,-0.05659041472830256,-0.06250141385581331,-0.05521946050782214
7.6513256628314155,0.06269989070690252,-0.056810291199985416,-0.06263098587405772,-0.05489231364881888
7.708854427213607,0.062740235995887,-0.057035189607640854,-0.06274237966327229,-0.054569896053687846
7.766383191595797,0.06274085348647992,-0.057264451223873365,-0.06283638591847455,-0.0542533992006349
7.823911955977989,0.06269924806389698,-0.05749741732128745,-0.06291379533468205,-0.05394401456786588
7.88144072036018,0.06261292461335383,-0.05773342917248759,-0.0629753986069124,-0.05364293363358665
7.938969484742372,0.06247938802006609,-0.057971828050078285,-0.06302198643018306,-0.05335134787600303
7.996498249124562,0.06229614316924948,-0.058211955226664024,-0.06305434949951164,-0.05307044877332089
8.054027013506753,0.06206069494611966,-0.05845315197484932,-0.06307327850991565,-0.0528014278037461
8.111555777888945,0.061770548235892245,-0.05869475956723865,-0.06307956415641267,-0.052545476445484476
8.169084542271136,0.061423207923782946,-0.05893611927643651,-0.06307399713402023,-0.052303786176741876
8.226613306653327,0.06101617889500743,-0.0591765723750474,-0.06305736813775588,-0.05207754847572416
8.284142071035518,0.06054696603478135,-0.059415460135675814,-0.06303046786263714,-0.05186795482063716
8.341670835417709,0.06001307422832035,-0.05965212383092623,-0.0629940870036816,-0.051676196689686746
8.3991995997999,0.059412008360840124,-0.05988590473340317,-0.06294901625590679,-0.051503465561078744
8.45672836418209,0.05874127331755632,-0.06011614411571111,-0.06289604631433027,-0.05135095291301904
8.514257128564282,0.05799837398368459,-0.06034218325045453,-0.06283596787396958,-0.05121985022371346
8.571785892946473,0.05718081524444064,-0.06056336341023797,-0.06276957162984227,-0.051111348971367834
8.629314657328665,0.05628610198504005,-0.060779025867665884,-0.06269764827696588,-0.05102664063418804
8.686843421710854,0.05531173909069862,-0.06098851189534278,-0.06262098851035795,-0.050966916690379914
8.744372186093047,0.05425523144663186,-0.06119116276587316,-0.06254038302503605,-0.05093336861814931
8.801900950475238,0.05311408393805555,-0.06138631975186149,-0.06245662251601769,-0.0509271878957021
8.859429714857429,0.051885801450185315,-0.0615733241259123,-0.06237049767832045,-0.0509495660012441
8.91695847923962,0.050567888868236814,-0.061751517160630064,-0.06228279920696189,-0.051001694412981156
8.97448724362181,0.04915785107742571,-0.06192024012861926,-0.06219431779695955,-0.05108476460911914
9.032016008004002,0.047653192962967675,-0.06207883430248443,-0.06210584414333094,-0.05119996806786389
9.089544772386192,0.04605141941007837,-0.062226640954830034,-0.062018168941093674,-0.05134849626742128
9.147073536768385,0.04435003530397341,-0.06236300135826057,-0.06193208288526522,-0.05153154068599713
9.204602301150574,0.04254654552986861,-0.06248725678538052,-0.06184837667086318,-0.05175029280179729
9.262131065532767,0.040638454972979424,-0.06259874850879443,-0.06176784099290508,-0.052005944093027626
9.319659829914958,0.038623268518521686,-0.06269681780110672,-0.061691266546408496,-0.05229968603789397
9.377188594297149,0.036498491051710984,-0.06278080593492194,-0.06161944402639091,-0.05263271011460219
9.43471735867934,0.034261627457763004,-0.06285005418284456,-0.06155316412786996,-0.05300620780135812
9.49224612306153,0.03191018262189343,-0.0629039038174791,-0.06149321754586312,-0.05342137057636762
9.549774887443723,0.02944166142931779,-0.06294169611143,-0.061440394975388,-0.05387938991783656
9.607303651825912,0.026853568765252023,-0.06296277233730181,-0.061395487111462116,-0.05438145730397071
9.664832416208105,0.02414340951491145,-0.06296647376769898,-0.061359284649102994,-0.054928764212976024
9.722361180590294,0.02130868856351209,-0.06295214167522606,-0.06133257828332822,-0.05552250212305828
9.779889944972487,0.018346910796269256,-0.06291911733248748,-0.06131615870915531,-0.05616386251242337
9.837418709354678,0.01525558109839887,-0.06286674201208779,-0.061310816621601844,-0.05685403685927711
9.894947473736869,0.012032204355116517,-0.06279435698663145,-0.061317342715685286,-0.05759421664182535
9.95247623811906,0.008674285451637856,-0.06270130352872297,-0.06133652768642331,-0.05838559333827396
10.01000500250125,0.005183448080675931,-0.0625873487654378,-0.061368953264254046,-0.059227230718468984
10.067533766883443,0.0017325232974704464,-0.06247008321464644,-0.06140632461782706,-0.06002981972858861
10.125062531265632,-0.0015879784596125005,-0.06235893425417592,-0.06144397884589365,-0.0607467771619734
10.182591295647825,-0.004780467726674521,-0.062253782233079674,-0.06148187299406959,-0.06137955597102008
10.240120060030014,-0.007847355039816418,-0.062154507500411176,-0.061519964107970636,-0.06192960910812521
10.297648824412207,-0.010791050935139771,-0.06206099040522385,-0.06155820923321255,-0.062398389525685515
10.355177588794398,-0.013613965948745508,-0.061973111296571175,-0.0615965654154111,-0.06278735017609757
10.412706353176588,-0.016318510616734914,-0.06189075052350659,-0.061634989700182045,-0.06309794401175804
10.47023511755878,-0.01890709547520919,-0.06181378843508354,-0.06167343913314115,-0.06333162398506355
10.52776388194097,-0.021382131060269545,-0.06174210538035549,-0.061711870759904176,-0.06348984304841077
10.585292646323163,-0.023746027908017244,-0.06167558170837588,-0.06175024162608689,-0.06357405415419633
10.642821410705352,-0.02600119655455326,-0.06161409776819818,-0.061788508777305046,-0.06358571025481687
10.700350175087545,-0.0281500475359791,-0.06155753390887582,-0.06182662925917441,-0.063526264302669
10.757878939469734,-0.03019499138839568,-0.06150577047946226,-0.06186456011731074,-0.06339716925014942
10.815407703851927,-0.03213843864790445,-0.061458687829010955,-0.06190225839732982,-0.06319987804965473
10.872936468234117,-0.03398279985060644,-0.06141616630657536,-0.06193968114484739,-0.06293584365358157
10.930465232616308,-0.0357304855326029,-0.06137808626120891,-0.06197678540547921,-0.06260651901432661
10.9879939969985,-0.03738390622999503,-0.061344328041965074,-0.06201352822484107,-0.062213357084286464
11.04552276138069,-0.03894547247888404,-0.0613147719978973,-0.0620498666485487,-0.06175781081585779
11.103051525762883,-0.04041759481537116,-0.06128929847805903,-0.06208575772221789,-0.061241333161437206
11.160580290145072,-0.041802683775557486,-0.061267787831503724,-0.062121158491464386,-0.0606653770734214
11.218109054527265,-0.043103149895544354,-0.06125012040728483,-0.06215602600190395,-0.060031395504206934
11.275637818909454,-0.04432140371143281,-0.061236176554455804,-0.06219031729915236,-0.05934084140619055
11.333166583291646,-0.04545985575932422,-0.0612258366220701,-0.062223989428825364,-0.0585951677317688
11.390695347673836,-0.04652091657531964,-0.06121898095918116,-0.06225699943653873,-0.0577958274333384
11.448224112056028,-0.0475069966955204,-0.06121548991484244,-0.06228930436790823,-0.056944273463295905
11.505752876438219,-0.048420506656027616,-0.0612152438381074,-0.06232086126854961,-0.05604195877403802
11.56328164082041,-0.04926385699294247,-0.06121812307802948,-0.06235162718407864,-0.055090336317961376
11.620810405202603,-0.050039458242366254,-0.061224007983662135,-0.06238155916011108,-0.05409085904746258
11.678339169584792,-0.05074972094040006,-0.06123277890405881,-0.0624106142422627,-0.05304497991493835
11.735867933966984,-0.05139705562314519,-0.061244316188272974,-0.062438749476149254,-0.05195415187278523
11.793396698349174,-0.05198387282670275,-0.06125850018535807,-0.06246592190738651,-0.050819827873399975
11.850925462731366,-0.05251258308717401,-0.061275211244367536,-0.062492088581590235,-0.04964346086917908
11.908454227113555,-0.052985596940660136,-0.06129432971435485,-0.06251720654437617,-0.04842650381251935
11.965982991495748,-0.053405324923262346,-0.061315735944373444,-0.06254123284136011,-0.047170409655817265
12.023511755877939,-0.053774177571081855,-0.06133931028347678,-0.0625641245181578,-0.04587663135146958
12.08104052026013,-0.05409456542021979,-0.0613649330807183,-0.062585838620385,-0.04454662185187289
12.138569284642323,-0.054368899006777466,-0.061392484685151454,-0.06260633219365747,-0.0431818341094238
12.196098049024512,-0.054599588866855966,-0.06142184544582971,-0.062625562283591,-0.04178372107651909
12.253626813406704,-0.05478904553655656,-0.06145289571180651,-0.0626434859358013,-0.04035373570555523
12.311155577788893,-0.054939679551980425,-0.0614855158321353,-0.0626600601959042,-0.038893330948929015
12.368684342171086,-0.05505390144922877,-0.06151958615586955,-0.0626752421095154,-0.03740395975903693
12.426213106553275,-0.0551341217644028,-0.06155498703206268,-0.0626889887222507,-0.03588707508827578
12.483741870935468,-0.05518275103360369,-0.061591598809768174,-0.06270125707972586,-0.03434412988904204
12.541270635317659,-0.05520219979293267,-0.06162930183803947,-0.06271200422755664,-0.032776577113732455
12.59879939969985,-0.055194878578490925,-0.061667976465930016,-0.06272118721135878,-0.031185869714743658
12.656328164082042,-0.055163197926379665,-0.06170750304249327,-0.06272876307674807,-0.02957346064447222
12.713856928464232,-0.055109568372700105,-0.061747761916782676,-0.06273468886934026,-0.027940802855314945
12.771385692846424,-0.05503640045355336,-0.061788633437851695,-0.06273892163475114,-0.02628934929966828
12.828914457228613,-0.05494610470504076,-0.06182999795475378,-0.06274141841859644,-0.024620552929929027
12.886443221610806,-0.0548410916632634,-0.06187173581654237,-0.06274213626649192,-0.022935866698493665
12.943971985992995,-0.05472377186432251,-0.061913727372270924,-0.06274103222405336,-0.021236743557759036
13.001500750375188,-0.05459655584431933,-0.0619558529709929,-0.06273806333689651,-0.019524636460121564
13.059029514757379,-0.05446185413935503,-0.06199799296176174,-0.06273318665063715,-0.01780099835797802
13.11655827913957,-0.05432207728553076,-0.0620400276936309,-0.06272635921089104,-0.01606728220372504
13.174087043521762,-0.0541796358189478,-0.062081837515653826,-0.06271753806327392,-0.014324940949759168
13.231615807903951,-0.054036940275707324,-0.06212330277688398,-0.06270668025340156,-0.012575427548477264
13.289144572286144,-0.05389640119191055,-0.062164303826374806,-0.06269374282688976,-0.010820194952275694
13.346673336668333,-0.053760429103658636,-0.06220472101317975,-0.06267868282935424,-0.009060696113551356
13.404202101050526,-0.0536314345470528,-0.06224443468635228,-0.06266145730641078,-0.00729838398470066
13.461730865432715,-0.053511828058194266,-0.06228332519494584,-0.06264202330367513,-0.005534711518120447
13.519259629814908,-0.053404020173184186,-0.062321272888013875,-0.06262033786676308,-0.0037711316662071698
13.576788394197099,-0.05331042142812378,-0.062358158114609846,-0.06259635804129035,-0.0020090973813576135
13.63431715857929,-0.053233442359114286,-0.0623938612237872,-0.06257004087287274,-0.0002500616159683555
13.691845922961482,-0.05317549350225684,-0.06242826256459939,-0.06254134340712601,0.0015045226775639853
13.749374687343671,-0.05313898539365269,-0.062461242486099876,-0.0625102226896659,0.0032532025468426234
13.806903451725864,-0.053126328569403025,-0.062492681337342086,-0.06247663576610819,0.004994525039471148
13.864432216108053,-0.05313993356560903,-0.0625224594673795,-0.062440539682068634,0.006727037203052663
13.921960980490246,-0.05318221091837194,-0.06255045722526553,-0.062401891483163004,0.008449286085190744
13.979489744872435,-0.05325557116379295,-0.06257655496005368,-0.06236064821500705,0.01015981873348859
14.037018509254628,-0.05336242483797321,-0.06260063302079738,-0.062316766923216554,0.011857182195549779
14.094547273636818,-0.05350518247701391,-0.06262257175655006,-0.062270204653407255,0.01353992351897744
14.15207603801901,-0.05368625461701637,-0.0626422515163652,-0.06222091845119494,0.015206589751375038
14.209604802401202,-0.053908051794081674,-0.06265955264929624,-0.06216886536219535,0.0168557279403459
14.267133566783391,-0.05417298454431102,-0.06267435550439662,-0.062114002432024265,0.018485885133493335
14.324662331165584,-0.05448346340380572,-0.0626865404307198,-0.062056286706297425,0.020095608378420893
14.382191095547775,-0.05484189890866692,-0.06269598777731926,-0.061995675230630626,0.021683444722731704
14.439719859929966,-0.055250701594995705,-0.06270257789324842,-0.06193212505063961,0.02324794121402926
14.497248624312155,-0.055712281998893415,-0.06270619112756073,-0.061865593211940136,0.024787644899916833
14.554777388694346,-0.05622905065646122,-0.06270670782930965,-0.061796036760147964,0.026301102827997885
14.612306153076538,-0.056803418103800324,-0.06270400834754863,-0.06172341274087888,0.02778686204587577
14.66983491745873,-0.05743779487701192,-0.06269797303133114,-0.06164767819974863,0.029243469601153732
14.72736368184092,-0.058134591512197215,-0.0626884822297106,-0.06156879018237297,0.030669472541435205
14.784892446223113,-0.058896218545457346,-0.06267541629174048,-0.06148670573436768,0.03206341791432363
14.842421210605304,-0.05972508651289357,-0.06265865556647424,-0.06140138190134851,0.033423852767422185
14.899949974987493,-0.06062360595060706,-0.06263808040296531,-0.061312775728931235,0.03474932414833429
14.957478739369684,-0.0615941873946991,-0.06261357115026715,-0.0612208442627316,0.0360383791046634
15.015007503751876,-0.06263190484313017,-0.06258519778972739,-0.06112651042353681,0.037289577069928734
15.072536268134067,-0.0635899093235729,-0.06255672608000239,-0.061049049931005135,0.03850225537853715
15.130065032516256,-0.06441212884751542,-0.06252964200563811,-0.06099498118054036,0.039676906414783907
15.187593796898451,-0.0651014289532976,-0.06250391757065944,-0.060962949281494774,0.04081410804202967
15.24512256128064,-0.06566067517925907,-0.06247952477909119,-0.060951599343220655,0.0419144381236348
15.302651325662831,-0.06609273306373972,-0.0624564356349582,-0.06095957647507029,0.04297847452295996
15.360180090045022,-0.06640046814507933,-0.06243462214228532,-0.06098552578639595,0.04400679510336565
15.417708854427215,-0.06658674596161768,-0.06241405630509736,-0.06102809238654992,0.04499997772821245
15.475237618809405,-0.06665443205169452,-0.062394710127419185,-0.06108592138488449,0.04595860026086084
15.532766383191595,-0.0666063919536497,-0.06237655561327563,-0.06115765789075193,0.04688324056467137
15.590295147573789,-0.06644549120582294,-0.062359564766691515,-0.06124194701350453,0.04777447650300467
15.647823911955978,-0.0661745953465541,-0.06234370959169169,-0.06133743386249456,0.04863288593922113
15.705352676338169,-0.0657965699141829,-0.062328962092300995,-0.06144276354707431,0.0494590467366814
15.76288144072036,-0.06531428044704918,-0.06231529427254426,-0.06155658117659605,0.050253536758746
15.820410205102553,-0.06473059248349268,-0.06230267813644633,-0.061677531860412076,0.05101693386877548
15.877938969484743,-0.06404837156185322,-0.06229108568803202,-0.061804260707874654,0.051749815930130345
15.935467733866933,-0.06327048322047063,-0.0622804889313262,-0.06193541282833607,0.052452760806171124
15.992996498249124,-0.06239979299768461,-0.06227085987035369,-0.062069633331148615,0.05312634636025841
16.050525262631318,-0.061439166431834925,-0.06226217050913933,-0.06220556732566457,0.05377115045575277
16.108054027013505,-0.06039146906126154,-0.06225439285170795,-0.06234185992123618,0.05438775095601463
16.165582791395696,-0.05925956642430408,-0.0622474989020844,-0.062477156227215766,0.05497672572440462
16.22311155577789,-0.058046324059302296,-0.06224146066429351,-0.06261010135295561,0.05553865262428329
16.28064032016008,-0.05675460750459613,-0.06223625014236012,-0.06273934040780796,0.05607410951901112
16.338169084542272,-0.05538728229852529,-0.06223183934030906,-0.06286351850112513,0.05658367427194868
16.39569784892446,-0.05394721397942968,-0.06222820026216518,-0.06298128074225938,0.057067924746456486
16.453226613306654,-0.05243726808564878,-0.06222530491195331,-0.06309127224056299,0.057527438805895156
16.510755377688845,-0.05086031015552267,-0.06222312529369829,-0.06319213810538826,0.05796279431362515
16.568284142071036,-0.04921920572739106,-0.062221633411424955,-0.06328252344608747,0.05837456913300704
16.625812906453227,-0.04751682033959371,-0.062220801269158146,-0.06336107337201287,0.05876334112740137
16.683341670835418,-0.045756019530470426,-0.062220600870922696,-0.06342643299251677,0.05912968816016867
16.74087043521761,-0.043939668838360965,-0.06222100422074344,-0.06347724741695143,0.05947418809466948
16.7983991995998,-0.04207063380160516,-0.062221983322645225,-0.06351216175466916,0.05979741879426434
16.85592796398199,-0.040151779958542765,-0.062223510180652884,-0.06352982111502221,0.06009995812231381
16.91345672836418,-0.038185972847513586,-0.06222555679879125,-0.06352887060736288,0.0603823839421784
16.970985492746372,-0.03617607800685742,-0.062228095181085165,-0.06350795534104346,0.0606452741172187
17.028514257128563,-0.034124960974914006,-0.062231097331559466,-0.0634657204254162,0.0608892065107952
17.086043021510758,-0.032035487290023035,-0.06223453525423899,-0.0634008109698334,0.061114758986268475
17.143571785892945,-0.0299105224905247,-0.06223838095314857,-0.06331187208364736,0.06132250940699903
17.201100550275136,-0.027752932114758377,-0.06224260643231305,-0.06319754887621032,0.06151303563634743
17.25862931465733,-0.025565581701063864,-0.06224718369575727,-0.06305648645687456,0.06168691553767423
17.31615807903952,-0.023351336787781174,-0.062252084747506056,-0.06288732993499241,0.06184472697433993
17.37368684342171,-0.021113062913250158,-0.06225728159158426,-0.06268872441991613,0.061987047809705084
17.4312156078039,-0.018853625615810304,-0.062262746232016705,-0.06245931502099797,0.06211445590713027
17.488744372186094,-0.01657589043380138,-0.06226845067282823,-0.06219774684759023,0.06222752912997599
17.546273136568285,-0.014282722905563469,-0.06227436691804368,-0.06190266500904521,0.06232684534160281
17.603801900950476,-0.011976988569436242,-0.062280466971687896,-0.06157271461471517,0.062412982405371256
17.661330665332667,-0.009661552963759437,-0.062286722837785705,-0.06120654077395239,0.06248651818464185
17.718859429714858,-0.007339281626872862,-0.06229310652036195,-0.06080278859610917,0.06254803054277516
17.77638819409705,-0.005013040097116325,-0.06229959002344146,-0.06036010319053778,0.06259809734313174
17.83391695847924,-0.002685693912829565,-0.062306145351049086,-0.05987712966659049,0.06263729644907208
17.89144572286143,-0.0003601086123524305,-0.06231274450720965,-0.0593525131336196,0.06266620572395676
17.94897448724362,0.0019608502659753113,-0.06231935949594801,-0.058784898700977375,0.06268540303114631
18.006503251625812,0.004274317183813894,-0.06232596232128899,-0.05817293147801611,0.06269546623400127
18.064032016008003,0.0065774266028235245,-0.06233252498725742,-0.05751525657408806,0.06269697319588219
18.121560780390197,0.008867312984664547,-0.06233901949787815,-0.056810519098545495,0.0626905017801496
18.179089544772385,0.01114111079099675,-0.06234541785717601,-0.05605736416074081,0.06267662985016406
18.236618309154576,0.013395954483480771,-0.062351692069175846,-0.05525443687002615,0.06265593526928609
18.29414707353677,0.015628978523776815,-0.062357814137902486,-0.054400382335753804,0.06262899590087623
18.35167583791896,0.017837317373544825,-0.062363756067380774,-0.05349384566727614,0.06259638960829501
18.40920460230115,0.02001810549444502,-0.06236948986163555,-0.05253347197394546,0.06255869425490301
18.46673336668334,0.0221684773481379,-0.062374987524691644,-0.051517906365113914,0.06251648770406072
18.524262131065534,0.024285567396283625,-0.06238022106057389,-0.05044579395013378,0.06247034781912874
18.581790895447725,0.02636651010054214,-0.06238516247330714,-0.049315779838357485,0.06242085246346756
18.639319659829916,0.028408439922573886,-0.062389783766916215,-0.04812650913913722,0.062368579500437754
18.696848424212106,0.030408491324039,-0.06239405694542596,-0.04687662696182528,0.06231410679339983
18.754377188594297,0.03236379876659767,-0.062397954012861225,-0.04556477841577394,0.0622580122057144
18.81190595297649,0.03427149671191018,-0.06240144697324682,-0.044189608610335496,0.062200873600741904
18.86943471735868,0.036128719621636635,-0.06240450783060761,-0.0427497626548622,0.06214326884184295
18.92696348174087,0.03793260195743739,-0.062407108588968405,-0.04124388565870637,0.06208577579237805
18.98449224612306,0.039680278180972584,-0.06240922125235407,-0.03967062273122026,0.06202897231570775
19.042021010505252,0.04136888275390238,-0.062410817824789425,-0.03802861898175615,0.06197343627519261
19.099549774887446,0.04299555013788722,-0.06241187031029931,-0.03631651951966623,0.061919745534193146
19.157078539269637,0.04455741479458694,-0.062412350712908564,-0.03453296945430298,0.06186847795606991
19.214607303651825,0.04605161118566192,-0.06241223103664203,-0.032676613895018705,0.06182021140418348
19.272136068034015,0.04747527377277247,-0.06241148328552454,-0.030746097951165445,0.06177552374189432
19.32966483241621,0.048825537017578885,-0.06241007946358093,-0.028740066732095473,0.06173499283256301
19.3871935967984,0.05009953538174103,-0.062407991574836036,-0.026657165347161317,0.0616991965395501
19.444722361180588,0.05129440332691934,-0.062405191623314704,-0.024496038905715264,0.0616687127262161
19.50225112556278,0.05240727531477404,-0.06240165161304176,-0.022255332517109344,0.0616441192559216
19.559779889944974,0.053435285806965355,-0.06239734354804205,-0.019933691290695818,0.0616259939920271
19.617308654327164,0.054375569265153384,-0.062392239432340416,-0.017529760335827246,0.06161491479789316
19.674837418709355,0.05522526015099838,-0.06238631126996167,-0.01504218476185576,0.06161145953688031
19.732366183091546,0.05598149292616064,-0.06237953106493068,-0.012469609678133667,0.06161620607234909
19.789894947473737,0.05664140205230028,-0.062371870821272275,-0.009810680194013231,0.06162973226766004
19.847423711855928,0.057202121991077604,-0.062363302543011284,-0.007064041418846728,0.06165261598617375
19.90495247623812,0.05766078720415266,-0.06235379823417255,-0.004228338461986454,0.061685435091250684
19.96248124062031,0.05801453215318586,-0.0623433298987809,-0.001302216432784685,0.0617287674462514
20.0200100050025,0.058266673110964604,-0.062331370425138026,0.0017043824516899157,0.06178230752459674
20.07753876938469,0.05848952811364772,-0.06231197550489124,0.004657082634761981,0.06183586238672149
20.135067533766886,0.05870474247434238,-0.06228361061767148,0.007517557480873416,0.061886424530322386
20.192596298149073,0.05891244052364178,-0.06224651488217391,0.010287199409114737,0.061934055521317984
20.250125062531264,0.05911274659213917,-0.06220092741709372,0.012967400838577501,0.06197881692562679
20.307653826913455,0.059305785010427776,-0.062147087341126055,0.015559554188352576,0.06202077030916733
20.36518259129565,0.059491680109100845,-0.06208523377296609,0.018065051877531147,0.06205997723785815
20.42271135567784,0.05967055621875157,-0.062015605831309,0.020485286325203942,0.06209649927761777
20.480240120060028,0.059842537669973196,-0.06193844263484997,0.02282164995046201,0.062130397994364706
20.53776888444222,0.06000774879335896,-0.06185398330228413,0.025075535172396683,0.06216173495401749
20.595297648824413,0.0601663139195021,-0.06176246695230667,0.02724833441009898,0.062190571722494654
20.652826413206604,0.060318357378995824,-0.06166413270361277,0.029341440082659674,0.06221696986571472
20.710355177588795,0.06046400350243336,-0.06155921967489758,0.03135624460916993,0.06224099094959622
20.767883941970986,0.060603376620407955,-0.06144796698485628,0.033294140408720786,0.06226269654005768
20.825412706353177,0.06073660106351282,-0.06133061375218404,0.03515651990040329,0.06228214820301762
20.882941470735368,0.0608638011623412,-0.06120739909557602,0.036944775503308463,0.06229940750439457
20.94047023511756,0.06098510124748632,-0.06107856213372741,0.03866029963652736,0.06231453601010706
20.99799899949975,0.061100625649541405,-0.060944341985333356,0.040304484719151004,0.062327595286073616
21.05552776388194,0.06121049869909968,-0.06080497776908903,0.04187872317027044,0.06233864689821276
21.11305652826413,0.06131484472675439,-0.06066070860368961,0.0433844074089767,0.06234775241244303
21.170585292646326,0.061413788063098766,-0.06051177360783026,0.04482292985436091,0.06235497339468294
21.228114057028513,0.061507453038726,-0.06035841190020617,0.046195682925513834,0.06236037141085103
21.285642821410704,0.06159596398422936,-0.06020086259951248,0.0475040590415268,0.06236400802686582
21.343171585792895,0.061679445230202065,-0.06003936482444437,0.048749450621490734,0.06236594480864584
21.40070035017509,0.06175802110723734,-0.059874157693697,0.04993325008449674,0.062366243322109605
21.45822911455728,0.06183181594592842,-0.05970548032596555,0.051056849849635724,0.06236496513317565
21.515757878939468,0.061900954076868527,-0.059533571839945204,0.05212164233599874,0.06236217180776252
21.57328664332166,0.061965559830650885,-0.05935867135433111,0.05312901996267694,0.06235792491178871
21.630815407703853,0.06202575753786875,-0.05918101798781843,0.054080375148761343,0.062352286011172764
21.688344172086044,0.062081671529115326,-0.059000850859102345,0.05497710031334289,0.06234531667183321
21.745872936468235,0.062133426134983856,-0.05881840908687803,0.05582058787551268,0.062337078459688576
21.803401700850426,0.06218114568606754,-0.05863393178984065,0.05661223025436172,0.06232763294065738
21.860930465232617,0.06222495451295966,-0.058447658086685374,0.057353419868981084,0.06231704168065816
21.918459229614808,0.0622649769462534,-0.058259827096107365,0.05804554913846179,0.06230536624560943
21.975987993997,0.062301337316542,-0.058070677936801804,0.058690010481894865,0.06229266820142973
22.03351675837919,0.062334159954418704,-0.057880449727463854,0.05928819631837137,0.062279009114037574
22.09104552276138,0.06236356919047674,-0.05768938158678868,0.05984149906698232,0.0622644505493515
22.14857428714357,0.0623896893553093,-0.05749771263347146,0.060351311146818784,0.06224905407329004
22.206103051525766,0.06241264477950967,-0.05730568198620734,0.06081902497697178,0.0622328812517717
22.263631815907953,0.062432559793671044,-0.05711352876369153,0.0612460329765323,0.06221599365071502
22.321160580290144,0.06244955872838666,-0.05692149208461917,0.06163372756459144,0.06219845283603853
22.378689344672335,0.06246376591424973,-0.05672981106768543,0.06198350116024022,0.06218032037366075
22.43621810905453,0.06247530568185351,-0.05653872483158548,0.06229674618256971,0.062161657829500214
22.49374687343672,0.06248430236179123,-0.056348472495014505,0.06257485505067088,0.06214252676947544
22.551275637818907,0.06249088028465608,-0.056159293176667666,0.0628192201836348,0.06212298875950497
22.608804402201102,0.06249516378104134,-0.05597142599524012,0.06303123400055252,0.06210310536550731
22.666333166583293,0.06249727718154021,-0.055785110069427046,0.06321228892051506,0.062082938153401
22.723861930965484,0.06249734481674592,-0.055600584517923615,0.06336377736261345,0.06206254868910457
22.78139069534767,0.062495491017251714,-0.05541808845942501,0.06348709174593874,0.062041998538536536
22.838919459729865,0.06249184011365081,-0.05523786101262636,0.06358362448958199,0.06202134926761543
22.896448224112056,0.062486516436536424,-0.055060141296222866,0.06365476801263419,0.06200066244225978
22.953976988494247,0.06247964431650182,-0.0548851684289097,0.06370191473418642,0.06197999962838812
23.011505752876438,0.062471348084140205,-0.05471318152938202,0.06372645707332969,0.06195942239191896
23.06903451725863,0.0624617520700448,-0.05454441971633499,0.06372978744915503,0.06193899229877085
23.12656328164082,0.06245098060480885,-0.05437912210846378,0.06371329828075349,0.061918770914862295
23.18409204602301,0.06243915801902559,-0.054217527824463575,0.06367838198721615,0.06189881980611183
23.241620810405205,0.06242640864328823,-0.05405987598302952,0.06362643098763397,0.06187920053843798
23.299149574787393,0.062412856808190004,-0.05390640570285681,0.063558837701098,0.061859974677759284
23.356678339169584,0.06239862684432415,-0.053757356102640604,0.06347699454669932,0.06184120378999425
23.414207103551774,0.062383843082283896,-0.053612966301076065,0.06338229394352898,0.06182294944106142
23.47173586793397,0.062368629852662456,-0.05347347541685836,0.06327612831067796,0.06180527319687931
23.52926463231616,0.06235311148605308,-0.05333912256868267,0.0631598900672373,0.06178823662336645
23.586793396698347,0.062337412313049,-0.05321014687524417,0.0630349716322981,0.06177190128644139
23.64432216108054,0.062321656664243406,-0.053086787455238,0.06290276542495132,0.06175632875202262
23.701850925462733,0.06230596887022958,-0.05296928342735936,0.06276466386428803,0.06174158058602868
23.759379689844923,0.06229047326160072,-0.0528578739103034,0.06262205936939927,0.061727718354378104
23.81690845422711,0.06227529416895005,-0.052752798022765314,0.0624763443593761,0.06171480362298942
23.874437218609305,0.062260555922870824,-0.05265429488344023,0.0623289112533095,0.061702897957781146
23.931965982991496,0.062246382853956256,-0.05256260361102335,0.062181152470290546,0.06169206292467182
23.989494747373687,0.062232899292799564,-0.052477963324209835,0.06203446042941027,0.06168236008957995
24.047023511755878,0.06222022956999401,-0.05240061314169485,0.0618902275497597,0.06167385101842408
24.10455227613807,0.0622084980161328,-0.05233079218217357,0.061749846250429924,0.061666597277122745
24.16208104052026,0.062197828961809164,-0.05226873956434115,0.06161470895051188,0.06166066043159445
24.21960980490245,0.06218834673761633,-0.05221469440689278,0.061486208069096715,0.061656102047757726
24.277138569284645,0.062180175674147534,-0.05216889582852362,0.06136573602527534,0.061652983691531105
24.334667333666832,0.06217344010199601,-0.052131582947928835,0.061254685238138956,0.06165136692883312
24.392196098049023,0.062168264351754966,-0.0521029948838036,0.06115444812677845,0.061651313325582296
24.449724862431214,0.062164772754017654,-0.05208337075484308,0.061066417110284904,0.06165288444769715
24.50725362681341,0.062163089639377306,-0.05207294967974246,0.06099198460774938,0.06165614186109621
24.5647823911956,0.06216333933842712,-0.05207197077719688,0.060932543038262926,0.06166114713169801
24.622311155577787,0.062165646181760355,-0.05208067316590152,0.06088948482091655,0.061667961825421086
24.67983991995998,0.062170134499970234,-0.05209929596455157,0.06086420237480125,0.06167664750818395
24.737368684342172,0.062176928623649985,-0.052128078291842184,0.0608580881190082,0.06168726574590513
24.794897448724363,0.06218615288339281,-0.05216725926646852,0.06087253447262825,0.06169987810450315
24.85242621310655,0.06219793160979199,-0.05221707800712576,0.06090893385475257,0.061714546149896556
24.909954977488745,0.062212389133440724,-0.05227777363250907,0.06096867868447217,0.06173133144800385
24.967483741870936,0.062229649784932235,-0.05234958526131363,0.0610531613808781,0.061750295564743575
25.025012506253127,0.062249466088955055,-0.05243207625148174,0.06116076862156712,0.061771237536634334
25.082541270635318,0.0622689919105291,-0.05252002827381214,0.06126872879808726,0.061792128842056156
25.14007003501751,0.06228762135908572,-0.05261219156546249,0.061372116403173096,0.06181253568686786
25.1975987993997,0.062305371166953095,-0.05270843889278978,0.061471015995504336,0.06183246504484936
25.25512756378189,0.06232225806645939,-0.05280864302215103,0.06156551213376068,0.061851923889780565
25.312656328164085,0.06233829878993277,-0.052912676719903254,0.06165568937662183,0.06187091919544136
25.370185092546272,0.0623535100697014,-0.05302041275240344,0.061741632282767474,0.06188945793561167
25.427713856928463,0.06236790863809345,-0.05313172388600861,0.06182342541087732,0.06190754708407139
25.485242621310654,0.062381511227437084,-0.05324648288707578,0.06190115331963107,0.06192519361460043
25.54277138569285,0.062394334570060474,-0.05336456252196196,0.061974900567708435,0.06194240450097869
25.600300150075036,0.06240639539829177,-0.05348583555702413,0.062044751713789086,0.06195918671698608
25.657828914457227,0.06241771044445916,-0.053610174758619324,0.06211079131655275,0.06197554723640251
25.71535767883942,0.0624282964408908,-0.053737452893104554,0.06217310393467912,0.061991493033007876
25.772886443221612,0.06243817011991484,-0.053867542726836824,0.06223177412684789,0.06200703108058209
25.830415207603803,0.06244734821385949,-0.054000317026173125,0.06228688645173876,0.062022168352905055
25.88794397198599,0.06245584745505288,-0.054135648557470474,0.06233852546803144,0.062036911823756674
25.945472736368185,0.06246368457582319,-0.05427341008708591,0.06238677573440562,0.06205126846691685
26.003001500750376,0.06247087630849858,-0.054413474381376406,0.06243172180954102,0.062065245256165504
26.060530265132567,0.062477439385407216,-0.054555714206698976,0.062473448252117314,0.06207884916528252
26.118059029514757,0.06248339053887728,-0.05470000232941064,0.06251203962081421,0.06209208716804783
26.17558779389695,0.062488746501236925,-0.05484621151586841,0.06254758047431141,0.06210496623824131
26.23311655827914,0.062493524004814324,-0.054994214532429274,0.06258015537128862,0.06211749334964289
26.29064532266133,0.06249773978193763,-0.05514388414545025,0.06260984887042553,0.06212967547603245
26.348174087043525,0.06250141056493502,-0.05529509312128837,0.06263674553040187,0.062141519591189916
26.405702851425712,0.06250455308613467,-0.055447714226300605,0.0626609299098973,0.062153032668895186
26.463231615807903,0.06250718407786474,-0.05560162022684399,0.06268248656759154,0.062164221682928164
26.520760380190094,0.06250932027245337,-0.05575668388927552,0.06270150006216428,0.062175093607068764
26.578289144572288,0.06251097840222877,-0.05591277797995223,0.06271805495229524,0.06218565541509688
26.635817908954476,0.06251217519951908,-0.056069775265231075,0.06273223579666408,0.062195914080792426
26.693346673336666,0.06251292739665248,-0.05622754851146911,0.06274412715395054,0.0622058765779353
26.75087543771886,0.06251325172595713,-0.05638597048502335,0.06275381358283433,0.062215549880305414
26.808404202101052,0.0625131649197612,-0.056544913952250773,0.06276137964199512,0.06222494096168267
26.865932966483243,0.06251268371039284,-0.05670425167950839,0.0627669098901126,0.062234056795846975
26.92346173086543,0.06251182483018024,-0.05686385643315321,0.0627704888858665,0.062242904356578234
26.980990495247624,0.06251060501145154,-0.05702360097954228,0.06277220118793651,0.06225149061765635
27.038519259629815,0.06250904098653494,-0.05718335808503257,0.06277213135500233,0.062259822552861235
27.096048024012006,0.06250714948775858,-0.05734300051598109,0.06277036394574366,0.06226790713597279
27.153576788394197,0.06250494724745065,-0.05750240103874486,0.06276698351884019,0.062275751340770916
27.211105552776388,0.06250245099793929,-0.05766143241968089,0.06276207463297163,0.062283362141035525
27.26863431715858,0.06249967747155269,-0.05781996742514618,0.0627557218468177,0.06229074651054652
27.32616308154077,0.062496643400618994,-0.05797787882149775,0.06274800971905806,0.06229791142308381
27.383691845922964,0.06249336551746638,-0.0581350393750926,0.06273902280837244,0.062304863852427284
27.44122061030515,0.06248986055442303,-0.05829132185228774,0.06272884567344054,0.06231161077235687
27.498749374687343,0.062486145243817084,-0.058446599019440174,0.06271756287294204,0.06231815915665247
27.556278139069533,0.06248223631797673,-0.05860074364290692,0.06270525896555665,0.06232451597909397
27.613806903451728,0.06247815050923011,-0.058753628489044994,0.06269201850996407,0.06233068821346129
27.671335667833915,0.06247390454990542,-0.05890512632421138,0.062677926064844,0.06233668283353434
27.728864432216106,0.06246951517233081,-0.05905510991476311,0.06266306618887615,0.06234250681309302
27.7863931965983,0.06246499910883444,-0.059203452027057187,0.0626475234407402,0.06234816712591723
27.84392196098049,0.0624603730917445,-0.05935002542745062,0.06263138237911588,0.062353670745786884
27.901450725362682,0.06245565385338913,-0.0594947028823004,0.06261472756268285,0.06235902464648188
27.95897948974487,0.062450858126096506,-0.05963735715796355,0.06259764355012086,0.06236423580178213
28.016508254127064,0.06244600264219481,-0.05977786102079709,0.06258021490010958,0.062369311185467534
28.074037018509255,0.06244110413401219,-0.05991608723715802,0.0625625261713287,0.062374257771318005
28.131565782891446,0.062436179333876816,-0.06005190857340334,0.06254466192245793,0.06237908253311344
28.189094547273637,0.06243124497411687,-0.06018519779589006,0.06252670671217699,0.06238379244463375
28.246623311655828,0.06242631778706049,-0.06031582767097521,0.06250874509916554,0.06238839447965883
28.30415207603802,0.06242141450503587,-0.06044367096501577,0.062490861642103324,0.0623928956119686
28.36168084042021,0.06241655186037116,-0.060568600444368764,0.06247314089967002,0.062397302815342955
28.419209604802404,0.06241174658539452,-0.060690488875391205,0.06245566743054532,0.062401623063561805
28.47673836918459,0.06240701541243415,-0.060809209024440085,0.06243852579340895,0.062405863330405056
28.534267133566782,0.062402375073818184,-0.06092463365787243,0.06242180054694059,0.06241003058965262
28.591795897948973,0.062397842301874805,-0.061036635542045234,0.06240557624981994,0.06241413181508438
28.649324662331168,0.062393433828932164,-0.06114508744331553,0.06238993746072671,0.06241817398048026
28.706853426713355,0.06238916638731844,-0.061249862128040296,0.06237496873834059,0.062422164059620165
28.76438219109555,0.06238505670936181,-0.06135083236257657,0.0623607546413413,0.062426109026283996
28.821910955477737,0.062381121527390414,-0.061447870913281334,0.06234737972840852,0.06243001585425166
28.87943971985993,0.06237737757373244,-0.061540850546511615,0.062334928558221946,0.06243389151730306
28.936968484242122,0.062373841580716044,-0.06162964402862441,0.06232348568946131,0.0624377429892181
28.99449724862431,0.06237053028066939,-0.06171412412597673,0.06231313568080627,0.06244157724377669
29.052026013006504,0.062367460405920665,-0.061794163604925595,0.06230396309093656,0.06244540125475874
29.10955477738869,0.06236464868879801,-0.06186963523182801,0.06229605247853187,0.062449221995944146
29.167083541770886,0.06236211186162961,-0.06194041177304097,0.06228948840227188,0.06245304644111281
29.224612306153077,0.06235986665674362,-0.0620063659949215,0.06228435542083632,0.06245688156404465
29.282141070535264,0.062357929806468204,-0.0620673706638266,0.06228073809290488,0.06246073433851956
29.33966983491746,0.062356318043131555,-0.06212329854611329,0.06227872097715726,0.06246461173831747
29.397198599299653,0.0623550480990618,-0.06217402240813856,0.06227838863227315,0.06246852073721825
29.45472736368184,0.06235413670658713,-0.062219415016259425,0.062279825616932266,0.06247246830900183
29.51225612806403,0.06235360059803571,-0.06225934913683291,0.06228311648981429,0.062476461427448095
29.569784892446226,0.062353456505735705,-0.06229369753621601,0.06228834580959895,0.06248050706633697
29.627313656828413,0.06235372116201529,-0.06232233298076573,0.062295598134965914,0.06248461219944835
29.684842421210607,0.062354411299202606,-0.06234512823683908,0.06230495802459491,0.06248878380056214
29.7423711855928,0.06235554364962584,-0.06236195607079308,0.06231651003716562,0.06249302884345825
29.799899949974986,0.062357134945613166,-0.06237268924898473,0.06233033873135776,0.06249735430191659
29.85742871435718,0.06235920191949272,-0.06237720053777104,0.062346528665851005,0.06250176714971704
29.914957478739368,0.06236176130359271,-0.06237536270350902,0.06236516439932508,0.06250627436063955
29.972486243121562,0.06236482983024126,-0.06236704851255568,0.06238633049045968,0.06251088290846399
30.030015007503753,0.06236831511969808,-0.06235317865870596,0.06240956113178244,0.062515567610158
30.08754377188594,0.06237162885909325,-0.062339437137058695,0.06243188859768634,0.06252015634368874
30.145072536268135,0.06237468570090899,-0.062326677827585227,0.06245288153158077,0.06252462405268445
30.20260130065033,0.062377491570071567,-0.06231487804576516,0.06247256891873937,0.06252897250288593
30.260130065032513,0.062380052391507214,-0.0623040151070781,0.062490979744435814,0.062533203460034
30.317658829414707,0.062382374090142204,-0.06229406632700364,0.0625081429939438,0.06253731868986954
30.375187593796902,0.06238446259090277,-0.06228500902102139,0.06252408765253697,0.06254131995813335
30.43271635817909,0.06238632381871519,-0.06227682050461094,0.06253884270548901,0.06254520903056628
30.49024512256128,0.06238796369850571,-0.06226947809325189,0.06255243713807361,0.06254898767290913
30.547773886943467,0.06238938815520058,-0.06226295910242386,0.0625648999355644,0.06255265765090276
30.605302651325662,0.062390603113726045,-0.06225724084760644,0.06257626008323508,0.06255622073028798
30.662831415707856,0.06239161449900838,-0.06225230064427924,0.06258654656635931,0.06255967867680565
30.720360180090044,0.06239242823597383,-0.06224811580792184,0.06259578837021079,0.06256303325619657
30.777888944472235,0.062393050249548644,-0.06224466365401387,0.06260401448006314,0.0625662862342016
30.83541770885443,0.06239348646465908,-0.062241921498034904,0.06261125388119008,0.06256943937656155
30.892946473236616,0.06239374280623139,-0.06223986665546456,0.06261753555886526,0.06257249444901727
30.95047523761881,0.06239382519919183,-0.06223847644178245,0.06262288849836237,0.06257545321730956
31.008004002001,0.06239373956846665,-0.06223772817246816,0.06262734168495504,0.06257831744717929
31.06553276638319,0.06239349183898212,-0.062237599163001284,0.06263092410391698,0.06258108890436728
31.123061530765384,0.06239308793566447,-0.062238066728861445,0.06263366474052186,0.06258376935461435
31.180590295147578,0.06239253378343997,-0.06223910818552822,0.06263559258004334,0.06258636056366135
31.238119059529765,0.06239183530723487,-0.06224070084848123,0.06263673660775508,0.0625888642972491
31.295647823911956,0.062390998431975424,-0.06224282203320008,0.06263712580893077,0.06259128232111842
31.353176588294144,0.06239002908258788,-0.062245449055164354,0.06263678916884409,0.06259361640101016
31.410705352676338,0.06238893318399851,-0.062248559229853666,0.0626357556727687,0.06259586830266516
31.468234117058532,0.062387716661133547,-0.062252129872747614,0.06263405430597827,0.06259803979182421
31.52576288144072,0.06238638543891926,-0.062256138299325796,0.06263171405374646,0.0626001326342282
31.58329164582291,0.06238494544228189,-0.06226056182506782,0.06262876390134697,0.06260214859561791
31.640820410205105,0.062383402596147705,-0.06226537776545328,0.06262523283405345,0.0626040894417342
31.698349174587293,0.06238176282544295,-0.06227056343596178,0.0626211498371396,0.06260595693831789
31.755877938969487,0.062380032055093876,-0.062276096152072934,0.06261654389587905,0.06260775285110984
31.813406703351678,0.06237821621002675,-0.06228195322926633,0.0626114439955455,0.06260947894585082
31.870935467733865,0.06237632121516781,-0.062288111983021574,0.06260587912141262,0.06261113698828172
31.92846423211606,0.062374352995443326,-0.06229454972881827,0.06259987825875406,0.06261272874414336
31.985992996498247,0.062372317475779544,-0.06230124378213601,0.06259347039284352,0.06261425597917655
32.04352176088044,0.06237022058110272,-0.062308171458454395,0.06258668450895467,0.06261572045912216
32.101050525262636,0.06236806823633909,-0.06231531007325305,0.06257954959236116,0.06261712394972097
32.15857928964482,0.062365866366414946,-0.062322636942011546,0.06257209462833668,0.06261846821671385
32.21610805402701,0.062363620896256515,-0.06233012938020951,0.06256434860215489,0.0626197550258416
32.27363681840921,0.062361337750790044,-0.06233776470332653,0.06255634049908948,0.06262098614284511
32.33116558279139,0.06235902285494181,-0.062345520226842206,0.0625480993044141,0.06262216333346515
32.38869434717359,0.06235668213363806,-0.06235337326623614,0.06253965400340243,0.06262328836344258
32.44622311155578,0.06235432151180504,-0.06236130113698795,0.06253103358132815,0.06262436299851823
32.503751875937965,0.062351946914369,-0.06236928115457722,0.06252226702346493,0.06262538900443293
32.56128064032016,0.062349564266256215,-0.06237729063448356,0.06251338331508642,0.06262636814692751
32.61880940470235,0.06234717949239293,-0.062385306892186555,0.06250441144146633,0.0626273021917428
32.676338169084545,0.06234479851770539,-0.06239330724316584,0.0624953803878783,0.06262819290461964
32.733866933466736,0.06234242726711986,-0.06240126900290097,0.062486319139596014,0.06262904205129885
32.79139569784892,0.062340071665562574,-0.0624091694868716,0.06247725668189315,0.06262985139752128
32.84892446223112,0.062337737637959814,-0.06241698601055729,0.06246822200004336,0.06263062270902772
32.90645322661331,0.062335431109237824,-0.06242469588943766,0.062459244079320346,0.06263135775155906
32.96398199099549,0.06233315800432285,-0.06243227643899231,0.06245035190499775,0.0626320582908561
33.02151075537769,0.06233092424814114,-0.06243970497470084,0.06244157446234925,0.06263272609265967
33.07903951975988,0.062328735765618974,-0.062446958812042846,0.06243294073664853,0.06263336292271061
33.13656828414207,0.06232659848168259,-0.062454015266497936,0.06242447971316927,0.06263397054674975
33.19409704852426,0.06232451832125824,-0.062460851653545715,0.06241622037718511,0.06263455073051791
33.251625812906454,0.06232250120927217,-0.06246744528866578,0.062408191713969746,0.06263510523975595
33.309154577288645,0.06232055307065066,-0.062473773487337736,0.06240042270879686,0.06263563584020466
33.366683341670836,0.06231867983031995,-0.062479813565041176,0.06239294234694009,0.0626361442976049
33.42421210605303,0.06231688741320629,-0.06248554283725571,0.062385779613673115,0.06263663237769752
33.48174087043522,0.06231518174423593,-0.06249093861946094,0.06237896349426963,0.0626371018462233
33.53926963481741,0.062313568748335144,-0.06249597822713645,0.0623725229740033,0.06263755446892312
33.5967983991996,0.06231205435043017,-0.06250063897576187,0.06236648703814778,0.06263799201153779
33.65432716358179,0.06231064447544726,-0.06250489818081678,0.06236088467197676,0.06263841623980815
33.71185592796398,0.06230934504831268,-0.0625087331577808,0.062355744860763895,0.062638828919475
33.76938469234617,0.06230816199395267,-0.06251212122213351,0.062351096589782884,0.06263923181627923
33.82691345672836,0.0623071012372935,-0.06251503968935453,0.06234696884430737,0.06263962669596161
33.88444222111056,0.062306168703261416,-0.06251746587492345,0.062343390609611034,0.06264001532426303
33.941970985492745,0.06230537031678267,-0.06251937709431987,0.06234039087096755,0.06264039946692428
33.999499749874936,0.06230471200278351,-0.0625207506630234,0.06233799861365061,0.0626407808896862
34.05702851425713,0.0623041996861902,-0.06252156389651364,0.06233624282293384,0.06264116135828962
34.11455727863932,0.062303839291929,-0.0625217941102702,0.062335152484090946,0.0626415426384754
34.172086043021515,0.06230363674492616,-0.06252141861977267,0.0623347565823956,0.06264192649598434
34.2296148074037,0.062303597970107906,-0.06252041474050064,0.062335084103121455,0.06264231469655726
34.28714357178589,0.06230372889240054,-0.06251875978793374,0.0623361640315422,0.06264270900593505
34.34467233616809,0.062304035436730285,-0.06251643107755156,0.06233802535293149,0.06264311118985848
34.40220110055027,0.0623045235280234,-0.06251340592483369,0.06234069705256301,0.06264352301406842
34.45972986493247,0.062305199091206145,-0.06250966164525974,0.06234420811571044,0.06264394624430566
34.51725862931466,0.062306068051204755,-0.06250517555430932,0.06234858752764743,0.0626443826463111
34.574787393696845,0.06230713633294552,-0.06249992496746201,0.06235386427364767,0.06264483398582552
34.63231615807904,0.06230840986135466,-0.06249388720019743,0.062360067338984825,0.06264530202858976
34.68984492246123,0.06230989456135846,-0.06248703956799519,0.06236722570893256,0.06264578854034464
34.74737368684342,0.06231159635788313,-0.062479359386334865,0.062375368368764554,0.06264629528683104
34.804902451225615,0.062313521175854966,-0.062470823970696074,0.06238452430375447,0.06264682403378972
34.8624312156078,0.06231567494020021,-0.06246141063655842,0.062394722499176,0.06264737654696159
34.91995997999,0.06231806357584511,-0.06245109669940149,0.06240599194030281,0.06264795459208741
34.97748874437219,0.06232069300771591,-0.06243985947470491,0.06241836161240855,0.06264855993490806
35.03501750875437,0.06232350801760194,-0.062428065603949257,0.06243139888443028,0.06264917934041081
35.09254627313657,0.06232626894239431,-0.062417236546515195,0.06244329637417226,0.06264975431602589
35.15007503751876,0.06232895202996711,-0.06240749424342449,0.062453899147854826,0.0626502793326623
35.20760380190095,0.06233155868107546,-0.062398799314704496,0.062463243221129186,0.06265075503182996
35.26513256628314,0.062334090296474506,-0.062391112380382564,0.062471364609646536,0.06265118205503872
35.32266133066533,0.062336548276919375,-0.06238439406048607,0.06247829932905805,0.06265156104379842
35.380190095047524,0.06233893402316519,-0.06237860497504237,0.06248408339501493,0.06265189263961893
35.437718859429715,0.0623412489359671,-0.06237370574407882,0.062488752823168375,0.06265217748401013
35.495247623811906,0.062343494416080225,-0.062369656987622785,0.062492343629169556,0.06265241621848189
35.5527763881941,0.06234567186425969,-0.06236641932570162,0.062494891828669664,0.06265260948454403
35.61030515257629,0.06234778268126064,-0.06236395337834268,0.06249643343731991,0.06265275792370645
35.66783391695848,0.062349828267838206,-0.062362219765573344,0.06249700447077148,0.062652862177479
35.72536268134067,0.0623518100247475,-0.062361179107420964,0.06249664094467554,0.06265292288737155
35.78289144572286,0.06235372935274369,-0.062360792023912884,0.062495378874683316,0.06265294069489395
35.84042021010505,0.06235558765258188,-0.06236101913507649,0.06249325427644599,0.06265291624155607
35.89794897448724,0.0623573863250172,-0.06236182106093912,0.06249030316561474,0.06265285016886778
35.95547773886944,0.0623591267708048,-0.06236315842152815,0.06248656155784075,0.06265274311833893
36.013006503251624,0.0623608103906998,-0.062364991836870935,0.06248206546877524,0.06265259573147938
36.070535267633815,0.062362438585457335,-0.062367281926994825,0.06247685091406938,0.06265240864979901
36.128064032016006,0.06236401275583253,-0.06236998931192719,0.06247095390937436,0.06265218251480768
36.1855927963982,0.06236553430258053,-0.0623730746116954,0.062464410470341396,0.06265191796801524
36.243121560780395,0.06236700462645645,-0.062376498446326804,0.06245725661262165,0.06265161565093155
36.30065032516258,0.062368425128215436,-0.06238022143584875,0.06244952835186632,0.0626512762050665
36.35817908954477,0.06236979720861262,-0.062384204200288625,0.06244126170372661,0.06265090027192993
36.41570785392697,0.06237112226840311,-0.06238840735967377,0.062432492683853695,0.0626504884930317
36.47323661830915,0.06237240170834207,-0.06239279153403155,0.062423257307898786,0.06265004150988168
36.53076538269134,0.062373636929184614,-0.06239731734338933,0.062413591591513044,0.06264955996398974
36.58829414707354,0.06237482933168587,-0.06240194540777446,0.06240353155034768,0.06264904449686574
36.645822911455724,0.06237598031660099,-0.06240663634721431,0.0623931132000539,0.06264849575001953
36.70335167583792,0.06237709128468509,-0.062411350781736236,0.062382372556282865,0.06264791436496098
36.76088044022011,0.062378163636693296,-0.0624160493313676,0.06237134563468577,0.06264730098319997
36.8184092046023,0.06237919877338075,-0.06242069261613575,0.06236006845091383,0.06264665624624634
36.875937968984495,0.06238019809550258,-0.06242524125606807,0.06234857702061821,0.06264598079560994
36.93346673336668,0.062381163003813925,-0.062429655871191904,0.06233690735945011,0.06264527527280067
36.99099549774888,0.06238209489906991,-0.062433897081534614,0.06232509548306073,0.0626445403193284
37.04852426213107,0.06238299518202566,-0.062437925507123564,0.06231317740710125,0.06264377657670293
37.10605302651325,0.06238386525343632,-0.062441701767986114,0.062301189147222866,0.06264298468643417
37.16358179089545,0.06238470651405702,-0.062445186484149616,0.06228916671907677,0.06264216529003198
37.22111055527764,0.06238552036464288,-0.06244834027564144,0.06227714613831415,0.06264131902900623
37.27863931965983,0.06238630820594904,-0.062451123762488944,0.0622651634205862,0.06264044654486675
37.33616808404202,0.06238707143873063,-0.06245349756471948,0.0622532545815441,0.06263954847912342
37.39369684842421,0.06238781146374279,-0.06245542230236042,0.06224145563683906,0.06263862547328612
37.451225612806404,0.062388529681740634,-0.06245685859543912,0.06222980260212226,0.06263767816886469
37.508754377188595,0.06238922749347931,-0.062457767063982934,0.06221833149304488,0.062636707207369
37.566283141570786,0.06238990629971394,-0.062458108328019235,0.06220707832525814,0.0626357132303089
37.62381190595298,0.06239056750119967,-0.06245784300757537,0.06219607911441321,0.0626346968791943
37.68134067033517,0.06239121249869161,-0.0624569317226787,0.062185369876161266,0.06263365879553501
37.73886943471736,0.062391842692944906,-0.06245533509335661,0.06217498662615354,0.0626325996208409
37.79639819909955,0.06239245948471469,-0.062453013739636416,0.0621649653800412,0.06263151999662188
37.85392696348174,0.062393064274756084,-0.06244992828154551,0.06215534215347544,0.06263042056438774
37.91145572786393,0.06239365846382423,-0.062446039339111255,0.06214615296210743,0.06262930196564839
37.96898449224612,0.062394243452674254,-0.06244130753236099,0.0621374338215884,0.06262816484191369
38.02651325662832,0.06239482064206128,-0.06243569348132209,0.06212922074756952,0.0626270098346935
38.084042021010504,0.06239539143274046,-0.062429157806021915,0.06212154975570197,0.06262583758549767
38.141570785392695,0.06239595722546692,-0.06242166112648782,0.06211445686163697,0.06262464873583606
38.19909954977489,0.06239651942099577,-0.062413164062747155,0.06210797808102569,0.06262344392721857
38.256628314157076,0.06239707942008217,-0.06240362723482731,0.06210214942951931,0.06262222380115502
38.314157078539274,0.06239763862348124,-0.062393011262755614,0.06209700692276905,0.0626209889991553
38.37168584292146,0.0623981984319481,-0.06238127676655944,0.0620925865764261,0.06261974016272925
38.42921460730365,0.0623987602462379,-0.06236838436626616,0.06208892440614163,0.06261847793338676
38.48674337168585,0.06239932546710577,-0.062354294681903115,0.06208605642756682,0.06261720295263767
38.54427213606803,0.06239989549530683,-0.06233896833349767,0.06208401865635291,0.06261591586199185
38.60180090045022,0.06240047173159621,-0.06232236594107719,0.062082847108151054,0.06261461730295916
38.65932966483242,0.062401055576729064,-0.06230444812466904,0.06208257779861244,0.06261330791704947
38.716858429214604,0.0624016484314605,-0.062285175504300565,0.06208324674338828,0.06261198834577264
38.7743871935968,0.062402251696545674,-0.06226450869999913,0.06208488995812976,0.06261065923063854
38.83191595797899,0.062402866772739686,-0.062242408331792114,0.06208754345848806,0.062609321213157
38.889444722361176,0.06240349506079769,-0.062218835019706854,0.06209124326011437,0.06260797493483794
38.946973486743374,0.06240413796147482,-0.06219374938377071,0.0620960253786599,0.06260662103719117
39.00450225112556,0.06240479687552619,-0.06216711204401107,0.06210192582977583,0.06260526016172657
39.062031015507756,0.062405473203706936,-0.062138883620455256,0.06210898062911333,0.06260389294995403
39.11955977988995,0.06240616834677221,-0.06210902473313065,0.062117225792323635,0.06260252004338336
39.17708854427213,0.062406883705477124,-0.06207749600206462,0.062126697335057914,0.06260114208352446
39.23461730865433,0.06240762068057681,-0.06204425804728451,0.062137431272967336,0.06259975971188719
39.29214607303652,0.06240838067282641,-0.06200927148881768,0.06214946362170313,0.06259837356998141
39.34967483741871,0.06240916508298105,-0.061972496946691505,0.06216283039691647,0.06259698429931697
39.4072036018009,0.06240997531179585,-0.06193389504093333,0.06217756761425854,0.06259559254140375
39.46473236618309,0.06241081276002597,-0.06189342639157052,0.06219371128938053,0.0625941989377516
39.52226113056528,0.06241167882842651,-0.06185105161863044,0.06221129743793365,0.0625928041298704
39.579789894947474,0.06241257491775262,-0.061806731342140445,0.06223036207556909,0.06259140875926998
39.637318659329665,0.06241350242875945,-0.061760426182127896,0.062250941217938005,0.06259001346746024
39.694847423711856,0.06241446276220208,-0.061712096758620154,0.06227307088069164,0.06258861889595103
39.75237618809405,0.06241545731883568,-0.06166170369164458,0.06229678707948114,0.0625872256862522
39.80990495247624,0.06241648749941539,-0.06160920760122854,0.06232212582995773,0.06258583447987362
39.86743371685843,0.06241755470469631,-0.06155456910739938,0.062349123147772564,0.06258444591832515
39.92496248124062,0.062418660335433584,-0.06149774883018446,0.06237781504857687,0.06258306064311668
39.98249124562281,0.062419805792382356,-0.06143870738961116,0.06240823754802182,0.06258167929575803
40.040020010005,0.062420947929515955,-0.061381226630166444,0.06243882600394954,0.06258025573718241
40.0975487743872,0.06242195774159191,-0.06133614495530433,0.06246495941639627,0.06257865336091877
40.15507753876938,0.06242282938526378,-0.06130341065756544,0.06248647255591626,0.06257686457902835
40.212606303151574,0.06242356556382604,-0.06128222896150122,0.06250350821742363,0.06257489076902957
40.27013506753377,0.062424168980573236,-0.06127180509166316,0.06251620919583256,0.06257273330844088
40.327663831915956,0.06242464233879985,-0.06127134427260275,0.06252471828605717,0.06257039357478068
40.38519259629815,0.06242498834180041,-0.061280051728871444,0.06252917828301159,0.06256787294556743
40.44272136068034,0.062425209692869424,-0.06129713268502074,0.06252973198161,0.06256517279831955
40.50025012506253,0.06242530909530139,-0.061321792365602104,0.06252652217676652,0.06256229451055548
40.55777888944473,0.06242528925239083,-0.06135323599516701,0.0625196916633953,0.06255923945979364
40.61530765382691,0.06242515286743225,-0.06139066879826694,0.06250938323641048,0.06255600902355246
40.6728364182091,0.06242490264372016,-0.06143329599945338,0.0624957396907262,0.06255260457935037
40.7303651825913,0.06242454128454907,-0.0614803228232778,0.06247890382125662,0.06254902750470583
40.78789394697348,0.062424071493213495,-0.06153095449429166,0.06245901842291587,0.06254527917713724
40.84542271135568,0.06242349597300794,-0.06158439623704648,0.06243622629061809,0.06254136097416305
40.90295147573787,0.06242281742722691,-0.06163985327609369,0.062410670219277424,0.06253727427330168
40.960480240120056,0.062422038559164936,-0.06169653083598478,0.06238249300380803,0.06253302045207156
41.018009004502254,0.0624211620721165,-0.06175363414127126,0.062351837439124036,0.06252860088799111
41.07553776888444,0.06242019066937613,-0.06181036841650456,0.0623188463201396,0.0625240169585788
41.133066533266636,0.06241912705423834,-0.0618659388862362,0.062283662441768854,0.06251927004135303
41.19059529764883,0.06241797392999762,-0.06191955077501762,0.062246428598925936,0.06251436151383225
41.24812406203101,0.0624167339999485,-0.06197040930740032,0.062207287586525016,0.06250929275353488
41.30565282641321,0.06241540996738548,-0.06201771970793577,0.062166382199480195,0.06250406513797933
41.3631815907954,0.06241400453560307,-0.06206068720117545,0.06212385523270566,0.06249868004468407
41.42071035517759,0.06241252040789579,-0.06209851701167083,0.06207984948111552,0.06249313885116752
41.47823911955978,0.06241096028755814,-0.062130414363973395,0.06203450773962394,0.06248744293494811
41.53576788394197,0.062409326877884634,-0.06215558448263463,0.06198797280314507,0.062481593673544264
41.59329664832416,0.06240762288216977,-0.06217323259220598,0.06194038746659303,0.062475592444474405
41.650825412706354,0.06240585100370809,-0.06218256391723896,0.061891894524881974,0.06246944062525699
41.708354177088545,0.06240401394579407,-0.06218278368228503,0.06184263677292604,0.06246313959341045
41.765882941470736,0.06240211441172223,-0.06217309711189566,0.06179275700563938,0.06245669072645319
41.823411705852926,0.062400155104787094,-0.062152709430622344,0.06174239801793615,0.06245009540190366
41.88094047023512,0.062398138728283155,-0.06212082586301655,0.06169170260473046,0.06244335499728027
41.93846923461731,0.062396067985504934,-0.062076651633629756,0.06164081356093649,0.06243647089010149
41.9959979989995,0.06239394557974694,-0.062019391967013435,0.06158987368146834,0.06242944445788573
42.05352676338169,0.06239177421430367,-0.06194825208771907,0.061539025761240186,0.062422277078151414
42.11105552776388,0.062389556592469655,-0.06186243722029814,0.06148841259516618,0.062414970128416986
42.16858429214608,0.06238729541753939,-0.0617611525893021,0.06143817697816044,0.06240752498620088
42.22611305652826,0.0623849933928074,-0.06164360341928248,0.06138846170513712,0.06239994302902149
42.283641820910454,0.06238265322156817,-0.0615089949347907,0.061339409571010355,0.0623922256343973
42.34117058529265,0.06238027760711624,-0.061356532360378246,0.0612911633706943,0.06238437417984672
42.398699349674835,0.06237786925274609,-0.06118542092059666,0.0612438658991031,0.062376390042888176
42.456228114057026,0.062375430861752255,-0.06099486583999733,0.06119765995115088,0.06236827460104011
42.51375687843922,0.06237296513742924,-0.06078407234313178,0.06115268832175181,0.06236002923182093
42.57128564282141,0.06237047478307154,-0.06055224565455149,0.06110909380582001,0.062351655312749096
42.628814407203606,0.062367962501973684,-0.06029859099880788,0.06106701919826964,0.062343154221343025
42.68634317158579,0.062365430997430166,-0.06002231360045254,0.06102660729401484,0.06233452733512116
42.74387193596798,0.062362882972735505,-0.05972261868403685,0.06098800088796973,0.062325776031601915
42.80140070035018,0.06236032113118422,-0.05939871147411228,0.06095134277504849,0.06231690168830372
42.85892946473236,0.06235774817607081,-0.05904979719523042,0.06091677575016525,0.06230790568274503
42.91645822911456,0.06235516681068978,-0.0586750810719426,0.06088444260823415,0.062298789392444265
42.97398699349675,0.06235257973833565,-0.0582737683288004,0.06085448614416932,0.062289554194919855
43.031515757878935,0.06234998966230293,-0.05784506419035532,0.06082704915288493,0.062280201467690234
43.08904452226113,0.062347399285886125,-0.05738817388115868,0.06080227442929511,0.06227073258827382
43.14657328664332,0.06234481131237975,-0.05690230262576218,0.060780304768314,0.06226114893418905
43.204102051025515,0.06234222844507831,-0.056386655648717046,0.06076128296485576,0.06225145188295437
43.261630815407706,0.06233965338727632,-0.055840438174574965,0.0607453518138345,0.0622416428120882
43.31915957978989,0.06233708884226829,-0.05526285542788739,0.0607326541101644,0.06223172309910898
43.37668834417209,0.06233453751334871,-0.05465311263320561,0.06072333264875959,0.06222169412153513
43.43421710855428,0.06233200210381212,-0.05401041501508132,0.0607175302245342,0.062211557256885076
43.49174587293647,0.06232948531695303,-0.053333967798065894,0.06071538963240241,0.062201313882677266
43.54927463731866,0.062326989856065926,-0.05262297620671084,0.060717053667278316,0.062190965376430124
43.60680340170085,0.06232451842444534,-0.051876645465567625,0.0607226651240761,0.06218051311566209
43.66433216608304,0.062322073725385764,-0.05109418079918772,0.06073236679770987,0.06216995847789158
43.72186093046523,0.062319658462181717,-0.05027478743212261,0.06074630148309381,0.06215930284063703
43.779389694847424,0.06231727533812771,-0.04941767058892378,0.060764611975142026,0.06214854758141688
43.836918459229615,0.062314927056518254,-0.04852203549414269,0.060787441068768676,0.06213769407774956
43.894447223611806,0.062312616320647864,-0.04758708737233082,0.060814931558887925,0.062126743707153494
43.951975987994,0.06231034583381104,-0.04661203144803966,0.06084722624041388,0.06211569784714711
44.00950475237619,0.06230811829930229,-0.04559607294582067,0.060884467908260714,0.06210455787524885
44.06703351675838,0.062305936420416125,-0.044538417090225345,0.06092679935734255,0.06209332516897715
44.12456228114057,0.06230380290044708,-0.04343826910580516,0.06097436338257353,0.062082001105850416
44.18209104552276,0.06230172044268963,-0.042294834217111575,0.06102730277886783,0.06207058706338711
44.23961980990495,0.0622996917504383,-0.04110731764869607,0.06108576034113956,0.062059084419105646
44.29714857428714,0.0622977195269876,-0.03987492462511015,0.06114987886430288,0.06204749455052446
44.35467733866933,0.06229580647563206,-0.03859686037090526,0.06121980114327191,0.06203581883516199
44.41220610305153,0.06229395529966615,-0.03727233011063273,0.061295669972960834,0.062024058650536645
44.469734867433715,0.06229216870238441,-0.03590053906884452,0.06137762814828375,0.06201221537416688
44.527263631815906,0.06229044938708133,-0.034480692470091626,0.06146581846415483,0.06200029038357112
44.5847923961981,0.06228880005705144,-0.03301199553892567,0.06156038371548822,0.061988285056267786
44.64232116058029,0.06228722341558925,-0.03149365349989816,0.06166146669719805,0.06197620076977533
44.699849924962486,0.06228572216598925,-0.02992487157756035,0.06176921020419848,0.06196403890161216
44.75737868934467,0.06228429901154596,-0.028304854996464315,0.06188375703140361,0.06195180082929673
44.81490745372686,0.062282956655553896,-0.026632808981160952,0.06200524997372764,0.06193948793034745
44.87243621810906,0.06228169780130756,-0.024907938756201703,0.0621338318260847,0.06192710158228276
44.92996498249124,0.06228052515210149,-0.023129449546138693,0.06226964538338889,0.06191464316262111
44.98749374687344,0.062279441411230145,-0.02129654657552254,0.06241283344055442,0.0619021140488809
45.04502251125563,0.06227848416140033,-0.019432109251008568,0.06254301341577327,0.06184838092518067
45.102551275637815,0.06227772881858395,-0.017587575815279068,0.062615861217257,0.06166556567139335
45.16008004002001,0.062277174009286035,-0.015764778993975888,0.06263077552331518,0.06135449401117369
45.217608804402204,0.06227681561496678,-0.013963731158650763,0.06258874542632029,0.06091919738420346
45.275137568784395,0.06227664951708639,-0.012184444680854504,0.06249076001864478,0.060363707230164314
45.332666333166586,0.062276671597105066,-0.010426931932138162,0.0623378083926611,0.059692054988737926
45.39019509754877,0.06227687773648301,-0.008691205284052999,0.06213087964074174,0.05890827209960607
45.44772386193097,0.06227726381668042,-0.00697727710814942,0.0618709628552591,0.05801639000245011
45.50525262631316,0.0622778257191575,-0.00528515977597911,0.061559047128585696,0.05702044013695204
45.56278139069534,0.06227855932537445,-0.0036148656590931144,0.06119612155309403,0.05592445394279358
45.62031015507754,0.06227946051679147,-0.0019664071290418626,0.060783175221156394,0.05473246285965596
45.67783891945973,0.06228052517486877,-0.0003397965573770131,0.060321197225145416,0.0534484983272213
45.73536768384192,0.06228174918106654,0.0012649536843505893,0.05981117665743349,0.05207659178517113
45.79289644822411,0.06228312841684498,0.002847831224589897,0.059254102610393086,0.050620774673187124
45.850425212606304,0.062284658763664305,0.004408823691789864,0.05865096417639668,0.04908507843095095
45.907953976988495,0.0622863361029847,0.005947918714399442,0.0580027504478167,0.0474735344981443
45.965482741370685,0.06228815631626638,0.007465103920867586,0.057310450517025616,0.045790174314448845
46.023011505752876,0.062290115284969534,0.008960366939643243,0.056575053476395895,0.04403902931954626
46.08054027013507,0.062292208890554375,0.010433695399175377,0.05579754841829999,0.04222413095311822
46.13806903451726,0.06229443301448109,0.011885076927912927,0.05497892443511036,0.040349510654846404
46.19559779889945,0.0622967835382099,0.013314499154304854,0.05412017061919948,0.03841919986441248
46.25312656328164,0.062299256343200986,0.014721949706800116,0.0532222760629398,0.03643723002149814
46.31065532766383,0.062301847310914565,0.01610741621384765,0.05228622985870378,0.034407632565785044
46.36818409204602,0.062304552322810826,0.01747088630389643,0.051313021098863876,0.032334438936954875
46.42571285642821,0.06230736726034998,0.01881234760539539,0.05030363887579255,0.030221680574689304
46.48324162081041,0.06231028800499222,0.020131787746793656,0.049259072281862146,0.028073388918669763
46.540770385192594,0.06231331043819775,0.02142919435653969,0.048180310409445495,0.02589359540857869
46.598299149574785,0.06231643044142677,0.02270455506308293,0.04706834235091467,0.02368633148409699
46.655827913956976,0.06231964389613949,0.02395785749487217,0.04592415719864227,0.021455628584906614
46.71335667833917,0.0623229466837961,0.02518908928035636,0.044748744045000746,0.019205518150689202
46.770885442721365,0.062326334685856806,0.02639823804798461,0.043543091982362406,0.01694003162112618
46.82841420710355,0.062329803783781806,0.027585291426205416,0.042308190103100184,0.014663200435900053
46.88594297148574,0.062333349859031315,0.028750237043468185,0.04104502749958606,0.012379056034691659
46.94347173586794,0.06233696879306551,0.02989306252822186,0.039754593264192506,0.010091629857182677
47.00100050025012,0.06234065646734461,0.031013755508914956,0.038437876489292436,0.007804953343055615
47.05852926463232,0.06234440876332881,0.03211230361399701,0.03709586626725769,0.005523057931991031
47.11605802901451,0.062348221562478316,0.03318869447191654,0.035729551690461214,0.003249975063671459
47.173586793396694,0.06235209074625332,0.03424291571112252,0.03433992185127546,0.0009897361777785538
47.23111555777889,0.06235601219611404,0.03527495496006429,0.03292796584207239,-0.0012536272860068365
47.28864432216108,0.062359981793520654,0.03628479984719041,0.03149467275522496,-0.0034760838880022113
47.346173086543274,0.062363995419933385,0.03727243800094995,0.030041031683105485,-0.005673602188526139
47.403701850925465,0.062368048956812416,0.03823785704979189,0.028568031718086404,-0.007842150747896987
47.46123061530765,0.06237213828561796,0.039181044622165054,0.027076661952540375,-0.009977698126432795
47.51875937968985,0.062376259287810217,0.04010198834651874,0.0255679114788393,-0.012076212884452667
47.57628814407204,0.062380407844849384,0.04100067585130156,0.024042769389356185,-0.014133663582274157
47.63381690845422,0.06238457983819566,0.04187709476496247,0.022502224776463478,-0.01614601878021559
47.69134567283642,0.06238877114930926,0.04273123271595074,0.020947266732533124,-0.018109247038596038
47.74887443721861,0.06239297765965037,0.043563077332715,0.019378884349938105,-0.020019316917733086
47.8064032016008,0.0623971952506792,0.044372616243704324,0.017798066721050713,-0.02187219697794529
47.86393196598299,0.06240141980385595,0.045159837077367655,0.016205802938243398,-0.02366385577955099
47.92146073036518,0.06240564720064082,0.04592472746215395,0.014603082093888622,-0.025390261882868505
47.978989494747374,0.062409873322494,0.04666727502651217,0.01299089328035885,-0.027047383848216158
48.036518259129565,0.06241409405087572,0.04738746739889124,0.011370225590026553,-0.028631190235912277
48.094047023511756,0.06241830526724614,0.048085292207740146,0.009742068115264145,-0.030137649606275164
48.15157578789395,0.0624225028530655,0.04876073708150782,0.008107409948444153,-0.031562730519623175
48.20910455227614,0.062426682689793976,0.049413789648643215,0.006467240181938977,-0.03290240153627463
48.26663331665833,0.06243084065889179,0.0500444375375953,0.0048225479081211164,-0.03415263121654783
48.32416208104052,0.062434972641819124,0.05065266837681301,0.003174322219363007,-0.03530938812076111
48.38169084542271,0.06243907452003619,0.051238469794745306,0.0015235522080371267,-0.03636864080923278
48.4392196098049,0.06244314217500318,0.05180182941984114,-0.0001287730334840892,-0.03732635784228121
48.49674837418709,0.062447171488180304,0.05234273488054949,-0.001781664412828149,-0.03817850778022465
48.55427713856929,0.06245115834102776,0.0528611738053193,-0.003434132837622797,-0.03892105918338159
48.611805902951474,0.062455098615005755,0.05335713382259941,-0.005085189215495015,-0.03954998061207006
48.669334667333665,0.06245898819157448,0.05383060256083893,-0.006733844454072879,-0.04006124062660863
48.72686343171586,0.062462822952194144,0.05428156764848681,-0.008379109460983983,-0.040450807787315565
48.78439219609805,0.062466598778324944,0.05471001671399184,-0.010019995143855237,-0.040714650654509105
48.841920960480245,0.062470311551427085,0.05511593738580316,-0.011655512410314997,-0.04084873778850768
48.89944972486243,0.06247395715296076,0.055499317292369565,-0.013284672167989994,-0.040849037749629585
48.95697848924462,0.06247753146438618,0.05586014406214012,-0.014906485324508362,-0.04071151909819312
49.01450725362682,0.062481030367163536,0.0561984053235638,-0.01651996278749765,-0.04043215039451659
49.072036018009,0.062484449742753044,0.05651408870508939,-0.018124115464584797,-0.04000690019891842
49.1295647823912,0.06248778547261489,0.056807181835166067,-0.019717954263398133,-0.039431737071716745
49.18709354677339,0.06249103343820928,0.057077672342242605,-0.021300490091564622,-0.03870262957323008
49.244622311155574,0.06249418952099642,0.057325547854768004,-0.022870733856711803,-0.03781554626377677
49.30215107553777,0.062497249602436515,0.05755079600119127,-0.024427696466467766,-0.03676645570367482
49.35967983991996,0.06250020956398974,0.05775340440996131,-0.025970388828459506,-0.035551326453242896
49.41720860430215,0.06250306528711634,0.057933360709527065,-0.02749782185031456,-0.034166127072799396
49.474737368684345,0.06250581265327647,0.05809065252833755,-0.029009006439661034,-0.03260682612266209
49.53226613306653,0.06250844754393037,0.058225267494841665,-0.0305029535041257,-0.03086939216315006
49.589794897448726,0.06251096584053821,0.05833719323748837,-0.03197867395133687,-0.028949793754580767
49.64732366183092,0.06251336342456022,0.05842641738472662,-0.033435178688921485,-0.02684399945727324
49.7048524262131,0.06251563617745658,0.058492927565005376,-0.03487147862450714,-0.02454797783154586
49.7623811905953,0.06251777998068749,0.05853671140677358,-0.03628658466572189,-0.02205769743771608
49.81990995497749,0.06251979071571316,0.05855775653848019,-0.037679507720192726,-0.019369126836103076
49.87743871935968,0.06252166426399379,0.05855605058857416,-0.0390492586955474,-0.016478234587024895
49.93496748374187,0.06252339650698958,0.058531581185504444,-0.04039484849941341,-0.013380989250799856
49.99249624812406,0.06252498332616074,0.05848433595772,-0.04171528803941833,-0.010073359387746297
50.050025012506254,0.06252647430654025,0.05842556146790897,-0.04300039779565144,-0.0066722466346332936
50.107553776888444,0.06252795486115066,0.05837341388168715,-0.04423536739207034,-0.003371314022568057
50.165082541270635,0.06252942618369632,0.05832796454848959,-0.04542086706069293,-0.0001717854242034126
50.222611305652826,0.06253088827122107,0.058289031009441696,-0.04655777912462783,0.002927829075436171
50.28014007003502,0.06253234112076875,0.0582564308056689,-0.04764698590698367,0.005929019391326218
50.33766883441721,0.06253378472938324,0.05822998147829664,-0.04868936973086908,0.008833275438442258
50.3951975987994,0.06253521909410839,0.058209500568450326,-0.04968581291939267,0.011642087131759815
50.45272636318159,0.06253664421198805,0.0581948056172554,-0.05063719779566308,0.014356944386254424
50.51025512756378,0.06253806008006609,0.05818571416583729,-0.05154440668278894,0.016979337116901607
50.56778389194597,0.06253946669538633,0.05818204375532142,-0.05240832190387886,0.019510755238676892
50.62531265632817,0.06254086405499264,0.05818361192683321,-0.053229825782041586,0.021952688666556107
50.68284142071035,0.06254225215592886,0.0581902362214981,-0.05400980064038542,0.024306627315513887
50.740370185092544,0.06254363099523887,0.058201734180441514,-0.054749128802019306,0.026574061100526646
50.79789894947474,0.06254500056996651,0.05821792334478888,-0.05544869259005184,0.028756479936569886
50.855427713856926,0.06254636087715564,0.05823862125566562,-0.05610937432759141,0.03085537373861834
50.912956478239124,0.06254771191385008,0.058263645454197176,-0.05673205633774695,0.032872232421648565
50.97048524262131,0.06254905367709374,0.05829281348150896,-0.05731762094362681,0.034808545900635104
51.0280140070035,0.06255038616393042,0.0583259428787264,-0.0578669504683398,0.036665804090554206
51.0855427713857,0.06255170937140402,0.05836285118697495,-0.05838092723499456,0.03844549690638138
51.14307153576788,0.06255302329655835,0.05840335594738,-0.05886043356669951,0.04014911426309151
51.20060030015007,0.0625543279364373,0.058447274701067,-0.059306351786563474,0.04177814607566075
51.25812906453227,0.0625556232880847,0.05849442498916138,-0.05971956421769507,0.04333408225906461
51.31565782891445,0.06255690934854441,0.05854462435278855,-0.060100953183202785,0.044818412728278065
51.37318659329665,0.06255818611486029,0.058597690333073965,-0.06045140100619539,0.04623262739827736
51.43071535767884,0.06255945358407616,0.05865344047114303,-0.06077179000978142,0.0475782161840375
51.488244122061026,0.06256071175323592,0.05871169230812117,-0.06106300251706951,0.04885666900053404
51.545772886443224,0.06256196061938342,0.05877226338513385,-0.06132592085116834,0.050069475762742975
51.60330165082541,0.06256320017956249,0.05883497124330644,-0.061561427335186464,0.05121812638563917
51.660830415207606,0.06256443043081698,0.05889963342376442,-0.06177040429223259,0.05230411078419882
51.7183591795898,0.06256565137019077,0.058966067467633186,-0.06195373404541527,0.053328918873396955
51.77588794397198,0.06256686299472768,0.05903409091603817,-0.06211229891784313,0.05429404056820918
51.83341670835418,0.06256806530147158,0.05910352131010483,-0.06224698123262487,0.055200965783611326
51.89094547273637,0.06256925828746633,0.059174176190958556,-0.06235866331286906,0.056051184434578606
51.94847423711856,0.06257044194975579,0.05924587309972479,-0.06244822748168432,0.05684618643608665
52.00600300150075,0.0625716162853838,0.05931842957752896,-0.06251655606217929,0.057587461703110986
52.06353176588294,0.06257278129139421,0.05939166316549649,-0.06256453137746261,0.05827650015062716
52.12106053026513,0.06257393696483088,0.059465391404752814,-0.06259303575064287,0.05891479169361069
52.178589294647324,0.06257508330273766,0.05953943183642336,-0.06260295150482875,0.059503826247037074
52.236118059029515,0.0625762203021584,0.05961360200163355,-0.06259516096312882,0.060045093725881876
52.293646823411706,0.06257734796013696,0.059687719441508816,-0.06257054644865173,0.060540084045120596
52.3511755877939,0.0625784662737172,0.059761601697174586,-0.06252999028450612,0.06099028711972879
52.40870435217609,0.06257957523994297,0.05983506630975628,-0.06247437479380059,0.06139719286468197
52.46623311655828,0.06258067485585811,0.059907930820379346,-0.062404582299643775,0.06176229119495566
52.52376188094047,0.0625817651185065,0.05998001277016919,-0.0623214951251443,0.06208707202552538
52.58129064532266,0.06258284602493194,0.06005112970025125,-0.0622259955934108,0.06237302527136669
52.63881940970485,0.06258391757217835,0.06012109915175095,-0.062118966027551875,0.06262164084745511
52.69634817408705,0.06258497975728954,0.060189738665793725,-0.062001288750676176,0.06283440866876618
52.75387693846923,0.06258603257730938,0.06025686578350499,-0.06187384608589234,0.06301281865027535
52.811405702851424,0.06258707602928172,0.06032229804601018,-0.06173752035630896,0.0631583607069582
52.86893446723362,0.06258811011025042,0.06038585299443474,-0.06159319388503466,0.06327252475379028
52.926463231615806,0.06258913481725932,0.06044734816990406,-0.06144174899517812,0.06335680070574709
52.983991995998004,0.06259015014735227,0.060506601113543605,-0.06128406800984789,0.06341267847780417
53.04152076038019,0.06259115609757314,0.06056342936647877,-0.06112103325215265,0.06344164798493702
53.09904952476238,0.06259215266496579,0.060617650469835006,-0.06095352704520103,0.06344519914212123
53.156578289144576,0.06259313984657405,0.06066908196473775,-0.060782431712101584,0.06342482186433228
53.21410705352676,0.06259411763944178,0.06071754139231239,-0.06060862957596303,0.06338200606654568
53.27163581790895,0.06259508604061285,0.06076284629368439,-0.06043300295989394,0.06331824166373702
53.32916458229115,0.0625960450471311,0.06080481420997918,-0.06025643418700294,0.06323501857088176
53.38669334667333,0.06259699465604036,0.06084326268232215,-0.06007980558039869,0.06313382670295545
53.44422211105553,0.06259793486438453,0.06087800925183877,-0.05990399946318975,0.06301615597493362
53.50175087543772,0.06259886566920743,0.06090887145965444,-0.05972989815848482,0.06288349630179185
53.559279639819906,0.06259978706755294,0.060935666846894596,-0.05955838398939252,0.06273733759850561
53.616808404202104,0.06260069905646488,0.060958212954684676,-0.059390339279021404,0.06257916978005038
53.67433716858429,0.06260160163298713,0.06097632732415009,-0.05922664635048018,0.06241048276140179
53.731865932966485,0.06260249479416354,0.060989827496416286,-0.05906818752687741,0.06223276645753534
53.789394697348676,0.06260337853703794,0.06099853101260867,-0.05891584513132174,0.062047510783426546
53.84692346173086,0.06260425285865422,0.061002255413852687,-0.058770501486921825,0.061856205654050894
53.90445222611306,0.0626051177560562,0.061000818241273756,-0.058633038916786256,0.06166034098438397
53.96198099049525,0.06260597322628776,0.0609940370359973,-0.058504339744023665,0.061461406689401255
54.01950975487744,0.06260681926639274,0.06098172933914877,-0.05838528629174271,0.061260892684078305
54.07703851925963,0.06260765587341499,0.06096371269185357,-0.05827676088305196,0.06106028888339071
54.13456728364182,0.06260848304439838,0.060939804635237134,-0.058179645841060085,0.06086108520231384
54.19209604802401,0.06260930077638674,0.060909822710424895,-0.058094823488875694,0.06066477155582342
54.2496248124062,0.06261010906642393,0.060873584458542275,-0.05802317614960743,0.06047283785889476
54.307153576788394,0.06261090791155383,0.0608309074207147,-0.05796558614636388,0.060286774026503565
54.364682341170585,0.06261169730882025,0.06078160913806761,-0.05792293580225373,0.060108069973625305
54.422211105552776,0.06261247725526708,0.06072550715172642,-0.057896107440385536,0.05993821561523549
54.47973986993497,0.06261324774793817,0.06066241900281657,-0.05788598338386795,0.059778700866309625
54.53726863431716,0.06261400878387734,0.06059216223246348,-0.05789344595580963,0.059631015641823326
54.59479739869935,0.06261476036012847,0.060514554381792575,-0.05791937747931919,0.059496649856752015
54.65232616308154,0.06261550247373542,0.060429412991929284,-0.05796466027750524,0.05937709342607134
54.70985492746373,0.06261623512174203,0.06033655560399904,-0.058030176673476375,0.05927383626475674
54.76738369184593,0.06261695830119215,0.060235799759127254,-0.05811680899034129,0.059188368287783705
54.82491245622811,0.06261767200912965,0.0601269629984394,-0.05822543955120853,0.05912217941012787
54.8824412206103,0.06261837624259838,0.060009862863060856,-0.05835695067918677,0.05907675954676464
54.9399699849925,0.06261907099864215,0.05988431689411705,-0.05851222469738468,0.05905359861266968
54.997498749374685,0.06261975627430488,0.05975014263273346,-0.05869214392891081,0.059054186522818464
55.055027513756876,0.06262043744945982,0.059619076896663147,-0.05888284183978716,0.05907776391818478
55.11255627813907,0.06262112075341733,0.059504732295296126,-0.05906723679253166,0.05912138678600185
55.17008504252126,0.06262180597437832,0.05940645588900633,-0.05924539244810065,0.05918376531549496
55.227613806903456,0.06262249288935284,0.05932356995552548,-0.05941740269189061,0.0592636134685583
55.28514257128564,0.06262318127535094,0.059255396772585296,-0.05958336140929798,0.05935964520708603
55.34267133566783,0.06262387090938266,0.05920125861791748,-0.0597433624857193,0.05947057449297237
55.40020010005003,0.06262456156845804,0.05916047776925376,-0.05989749980655106,0.059595115288111504
55.45772886443221,0.06262525302958714,0.059132376504325845,-0.06004586725718969,0.05973198155439758
55.51525762881441,0.06262594506978002,0.05911627710086545,-0.06018855872303174,0.05987988725372485
55.5727863931966,0.06262663746604667,0.0591115018366043,-0.06032566808947366,0.06003754634798746
55.630315157578785,0.06262732999539718,0.05911737298927409,-0.060457289241911905,0.06020367279907959
55.68784392196098,0.06262802243484158,0.05913321283660656,-0.06058351606574303,0.06037698056889548
55.745372686343174,0.06262871456138992,0.05915834365633341,-0.06070444244636347,0.06055618361932926
55.802901450725365,0.06262940615205224,0.059192087726186365,-0.06082016226916973,0.06073999591227515
55.860430215107556,0.0626300969838386,0.05923376732389713,-0.06093076941955829,0.06092713140962732
55.91795897948974,0.06263078683375903,0.05928270472719741,-0.06103635778292561,0.06111630407327995
55.97548774387194,0.06263147547882358,0.059338222213818966,-0.06113702124466823,0.061306227865127294
56.03301650825413,0.0626321626960423,0.05939964206149347,-0.0612328536901826,0.06149561674706347
56.09054527263632,0.06263284826242523,0.059466286547952656,-0.0613239490048652,0.06168318468098269
56.14807403701851,0.0626335319549824,0.05953747795092823,-0.06141040107411253,0.06186764562877914
56.2056028014007,0.06263421355072388,0.05961253854815191,-0.06149230378332108,0.062047713552347006
56.26313156578289,0.06263489282665971,0.05969079061735542,-0.06156975101788731,0.06222210241358048
56.32066033016508,0.06263556955979993,0.05977155643627046,-0.061642836663207724,0.06238952617437375
56.378189094547274,0.06263624352715459,0.059854158282628765,-0.061711654604678805,0.062548698796621
56.435717858929465,0.06263691450573373,0.05993791843416203,-0.061776298727697035,0.06269833424221642
56.493246623311656,0.0626375822725474,0.06002215916860199,-0.061836862917658914,0.0628371464730542
56.55077538769385,0.06263824660460564,0.06010620276368035,-0.0618934410599609,0.06296384945102854
56.60830415207604,0.06263890727891851,0.06018937149712883,-0.06194612703999949,0.06307715713803361
56.66583291645823,0.06263956407249603,0.06027098764667914,-0.06199501474317118,0.0631757834959636
56.72336168084042,0.06264021676234827,0.060350373490062996,-0.06204019805487245,0.0632584424867127
56.78089044522261,0.06264086512548526,0.060426851305012116,-0.06208177086049978,0.0633238480721751
56.83841920960481,0.06264150893891705,0.06049974336925822,-0.06211982704544965,0.063370714214245
56.89594797398699,0.06264214797965369,0.06056837196053302,-0.062154460495118545,0.06339775487481657
56.95347673836918,0.06264278202470522,0.06063205935656822,-0.06218576509490298,0.06340368401578399
57.01100550275138,0.06264341085108167,0.06069012783509555,-0.06221383473019941,0.06338721559904148
57.068534267133565,0.06264403423579312,0.06074189967384672,-0.062238763286404306,0.0633470635864832
57.126063031515756,0.06264465195584959,0.06078669715055346,-0.06226064464891419,0.06328194194000336
57.18359179589795,0.06264526378826113,0.06082384254294746,-0.06227957270312554,0.06319056462149612
57.24112056028014,0.06264586951003778,0.06085265812876045,-0.062295641334434826,0.0630716455928557
57.298649324662335,0.0626464688981896,0.060872466185724144,-0.06230894442823854,0.06292389881597625
57.35617808904452,0.06264706172972663,0.06088258899157026,-0.062319575869933155,0.06274603825275203
57.41370685342671,0.0626476477816589,0.060882348824030506,-0.06232762954491518,0.06253677786507714
57.47123561780891,0.06264822683099648,0.0608710679608366,-0.06233319933858108,0.062294831614845794
57.5287643821911,0.06264879865474941,0.060848068679720264,-0.06233637913632737,0.06201891346395221
57.58629314657329,0.06264936302992773,0.060812673258413205,-0.062337262823550496,0.06170773737429056
57.643821910955474,0.06264991973354146,0.06076420397464716,-0.06233594428564697,0.06136001730775508
57.70135067533767,0.06265046854260069,0.0607019831061538,-0.06233251740801326,0.06097446722623982
57.75887943971986,0.06265100923411544,0.06062533293066488,-0.06232707607604585,0.060549801091639106
57.816408204102046,0.06265154158509577,0.06053357572591213,-0.06231971417514124,0.06008473286584714
57.873936968484244,0.0626520653725517,0.06042603376962719,-0.062310525590695914,0.05957797651075793
57.931465732866435,0.0626525803734933,0.06030202933954185,-0.062299604208106346,0.05902824598826582
57.98899449724862,0.06265308636493062,0.06016088471338782,-0.06228704391276905,0.058434255260265064
58.046523261630824,0.06265358312387367,0.060001922168896736,-0.06227293859008047,0.057794718288649495
58.10405202601301,0.06265407042733252,0.05982446398380043,-0.062257382125437105,0.0571083490353138
58.16158079039519,0.06265454805231722,0.05962783243583057,-0.06224046840423546,0.05637386146215193
58.21910955477738,0.0626550157758378,0.05941134980271884,-0.06222229131187199,0.05558996953105798
58.27663831915958,0.06265547337490432,0.05917433836219694,-0.0622029447337432,0.05475538720392611
58.33416708354177,0.0626559206265268,0.05891612039199665,-0.06218252255524557,0.05386882844265072
58.391695847923955,0.06265635730771534,0.0586360181698497,-0.062161118661775594,0.052929007209126015
58.44922461230615,0.06265678319547992,0.05833335397348769,-0.06213882693872974,0.051934637465245834
58.506753376688344,0.06265719806683062,0.05800745008064245,-0.0621157412715045,0.05088443317290471
58.56428214107053,0.06265760169877747,0.057657628769045705,-0.06209195554549636,0.04977710829399686
58.62181090545273,0.06265799386833054,0.05728321231642897,-0.06206756364610181,0.0486113767904159
58.67933966983492,0.06265837435249985,0.05688352300052426,-0.06204265945871734,0.047385952624056885
58.7368684342171,0.06265874292829546,0.05645788309906315,-0.06201733686873942,0.04609954975681358
58.794397198599306,0.06265909937272741,0.05600561488977718,-0.061991689761564536,0.044750882150579666
58.85192596298149,0.06265944346280575,0.055526040650398394,-0.061965812022589176,0.04333866376725033
58.90945472736368,0.06265977497554052,0.0550184826586583,-0.06193979753720983,0.04186160856871908
58.96698349174588,0.06266009368794176,0.05448226319228859,-0.06191374019082298,0.04031843051688008
59.02451225612806,0.06266039937701953,0.053916704529021184,-0.06188773386882512,0.038707843573628116
59.08204102051025,0.06266069181978387,0.053321128946587595,-0.061861872456612725,0.03702856170085678
59.13956978489245,0.06266097079324481,0.05269485872271953,-0.061836249839582275,0.03527929886046023
59.197098549274635,0.06266123607441242,0.05203721613514894,-0.06181095990313028,0.033458769014333326
59.254627313656826,0.06266148744029675,0.05134752346160729,-0.06178609653265319,0.031565686124369594
59.312156078039024,0.0626617246679078,0.050625102979826316,-0.06176175361354751,0.029598764152463188
59.369684842421215,0.06266194753425565,0.04986927696753788,-0.06173802503120972,0.027556717060508787
59.4272136068034,0.06266215581635035,0.049079367702473724,-0.06171500467103633,0.025438258810400606
59.4847423711856,0.06266234929120192,0.04825469746236527,-0.061692786418423774,0.023242103364032027
59.54227113556779,0.06266252773582041,0.04739458852494452,-0.06167146415876858,0.02096696468329806
59.59979989994997,0.0626626909272159,0.0464983631679432,-0.06165113177746721,0.018611556730092883
59.65732866433216,0.0626628386423984,0.04556534366909282,-0.061631883159916176,0.01617459346631015
59.71485742871436,0.06266297065837798,0.044594852306125074,-0.06161381219151193,0.013654788853843983
59.772386193096544,0.06266308675216464,0.04358621135677204,-0.061597012757650976,0.011050856854589536
59.829914957478735,0.06266318670076848,0.042538743098765076,-0.06158157874372979,0.00836151143044004
59.88744372186093,0.06266327028119952,0.04145176980983588,-0.06156760403514487,0.005585466543289647
59.944972486243124,0.0626633372704678,0.040324613767716434,-0.06155518251729269,0.002721436155033251
60.00250125062531,0.06266338746267557,0.039156615449571705,-0.06154441158679763,-0.00023169354252718205
60.060030015007506,0.06266343038868491,0.037957792295179094,-0.0615373279669679,-0.0031765314498853805
60.1175587793897,0.06266347391145607,0.03673752150637757,-0.061535402291146235,-0.006031053831081028
60.17508754377188,0.06266351758774492,0.035496596018363025,-0.061538347698829765,-0.008796605132062268
60.23261630815408,0.06266356097430735,0.03423580876633091,-0.06154587732951561,-0.011474529798778218
60.29014507253627,0.0626636036278992,0.03295595268547755,-0.06155770432270088,-0.014066172277175982
60.34767383691845,0.0626636451052764,0.031657820710998874,-0.06157354181788271,-0.016572877013203702
60.40520260130066,0.06266368496319479,0.030342205778090117,-0.06159310295455823,-0.018995988452810687
60.46273136568284,0.06266372275841026,0.029009900821948147,-0.06161610087222454,-0.021336851041943262
60.520260130065026,0.0626637580476787,0.027661698777768376,-0.06164224871037878,-0.023596809226550438
60.57778889444723,0.06266379038775596,0.026298392580746184,-0.061671259608518075,-0.025777207452581132
60.635317658829415,0.06266381933539797,0.024920775166078483,-0.061702846706139534,-0.027879390165981826
60.692846423211606,0.06266384444736055,0.023529639468960487,-0.061736723142740285,-0.029904701812701703
60.750375187593804,0.0626638652803996,0.022125778424588086,-0.06177260205781747,-0.03185448683868885
60.80790395197599,0.06266388139127102,0.020709984968157694,-0.06181019659086817,-0.033730089689890656
60.86543271635818,0.06266389233673066,0.01928305203486469,-0.06184921988138955,-0.035532854812255946
60.922961480740376,0.0626638976735344,0.01784577255990495,-0.06188938506887871,-0.0372641266517328
60.98049024512256,0.06266389695843815,0.016398939478474914,-0.06193040529283278,-0.038925249654268704
61.03801900950475,0.06266388974819773,0.014943345725769937,-0.061971993692748875,-0.0405175682658124
61.095547773886935,0.06266387559956907,0.013479784236986274,-0.06201386340812412,-0.04204242693231159
61.15307653826914,0.06266385406930804,0.01200904794731909,-0.06205572757845566,-0.043501170099715124
61.210605302651324,0.06266382471417048,0.01053192979196537,-0.06209729934324058,-0.044895142213970035
61.268134067033515,0.06266378709091233,0.009049222706120283,-0.06213829184197603,-0.04622568772102513
61.32566283141571,0.06266374075628942,0.00756171962497972,-0.06217841821415912,-0.0474941510668285
61.383191595797896,0.06266368526705765,0.006070213483740121,-0.06221739159928698,-0.04870187669732781
61.44072036018009,0.06266362017997287,0.004575497217596831,-0.06225492513685673,-0.04985020905847161
61.498249124562285,0.062663545051791,0.003078363761745748,-0.062290731966365497,-0.05094049259620801
61.55577788894447,0.0626634594392679,0.0015796060513833142,-0.062324525227310384,-0.051974071756484705
61.61330665332666,0.06266336289915944,8.001702170486874e-5,-0.06235601805918854,-0.05295229098525021
61.67083541770886,0.0626632549882215,-0.0014196103920936926,-0.06238492360149708,-0.05387649472845261
61.72836418209105,0.06266313526320998,-0.0029184832548160983,-0.06241095499373313,-0.054748027432039784
61.78589294647323,0.06266300328088073,-0.0044158086312664725,-0.06243382537539379,-0.05556823354195986
61.84342171085543,0.06266285859798965,-0.005910793586249455,-0.0624532478859762,-0.05633845750416127
61.90095047523762,0.0626627007712926,-0.0074026451845686176,-0.062468935664977486,-0.05706004376459179
61.958479239619805,0.06266252935754546,-0.008890570491028057,-0.06248060185189477,-0.057734336769199576
62.016008004002,0.06266234391350413,-0.010373776570432426,-0.06248795958622517,-0.05836268096393295
62.073536768384194,0.06266214399592446,-0.011851470487585294,-0.062490722007465804,-0.05894642079473981
62.13106553276638,0.06266192916156234,-0.013322859307290753,-0.06248860225511381,-0.05948690070756828
62.18859429714858,0.06266169896717365,-0.014787150094353649,-0.0624813134686663,-0.059985465148366696
62.24612306153077,0.06266145296951427,-0.016243549913576995,-0.06246856878762039,-0.060443458563082815
62.30365182591295,0.06266119072534009,-0.017691265829765438,-0.062450081351473216,-0.06086222539766494
62.361180590295156,0.06266091179140694,-0.019129504907723624,-0.062425564299721896,-0.06124311009806132
62.41870935467734,0.06266061572447076,-0.02055747421225459,-0.062394730771863555,-0.061587457110219776
62.47623811905953,0.0626603020812874,-0.02197438080816315,-0.062357293907395306,-0.06189661088008859
62.533766883441714,0.06265997041861272,-0.02337943176025306,-0.06231296684581429,-0.062171915853615825
62.59129564782391,0.06265962029320263,-0.02477183413332895,-0.0622614627266176,-0.062414716476749635
62.6488244122061,0.062659251261813,-0.026150794992194394,-0.06220249468930239,-0.0626263571954381
62.70635317658829,0.06265886288119969,-0.027515521401653524,-0.06213577587336578,-0.0628081824556293
62.763881940970485,0.0626584547081186,-0.02886522042651094,-0.062061019418304865,-0.06296153670327141
62.821410705352676,0.0626580262993256,-0.030199099131570234,-0.061977938463616794,-0.06308776438431249
62.87893946973486,0.06265757721157657,-0.031516364581635536,-0.06188624614879869,-0.06318820994470065
62.936468234117065,0.06265710700162738,-0.03281622384151158,-0.06178565561334764,-0.06326421783038402
62.99399699849925,0.06265661522623392,-0.034097883976001525,-0.061675879996760816,-0.0633171324873107
63.05152576288144,0.06265610144215207,-0.0353605520499101,-0.06155663243853532,-0.0633482983614288
63.10905452726364,0.06265556520613769,-0.03660343512804143,-0.06142762607816824,-0.06335905989868645
63.16658329164582,0.06265500607494667,-0.03782574027519914,-0.06128857405515678,-0.06335076154503175
63.22411205602801,0.06265442360533488,-0.039026674556187795,-0.06113918950899799,-0.06332474774641277
63.28164082041021,0.06265381735405823,-0.040205445035811506,-0.06097918557918901,-0.06328236294877766
63.339169584792394,0.06265318687787255,-0.04136125877887394,-0.060808275405227,-0.06322495159807452
63.396698349174585,0.06265253173353375,-0.042493322850179635,-0.060626172126609035,-0.0631538581402515
63.45422711355678,0.06265185147779771,-0.04360084431453269,-0.06043258888283224,-0.06307042702125663
63.511755877938974,0.06265114566742029,-0.044683030236736934,-0.060227238813393764,-0.06297600268703805
63.56928464232116,0.06265041385915739,-0.045739087681596485,-0.060009835057790756,-0.06287192958354391
63.626813406703356,0.06264965560976485,-0.04676822371391584,-0.059780090755520245,-0.0627595521567223
63.68434217108555,0.0626488704759986,-0.047769645398498706,-0.05953771904607943,-0.06264021485252133
63.74187093546773,0.06264805801461447,-0.04874255980014922,-0.059282433068965454,-0.06251526211688907
63.79939969984993,0.06264721778236838,-0.04968617398367183,-0.05901394596367533,-0.06238603839577367
63.85692846423212,0.06264634933601616,-0.05059969501387029,-0.058731970869706294,-0.062253888135123225
63.9144572286143,0.06264545223231374,-0.05148232995554872,-0.058436220926555454,-0.06212015578088592
63.971985992996494,0.06264452602801697,-0.05233328587351142,-0.05812640927371987,-0.06198618577900972
64.02951475737869,0.06264357027988174,-0.05315176983256253,-0.05780224905069667,-0.06185332257544279
64.08704352176088,0.06264258454466391,-0.053936988897505825,-0.057463453396983076,-0.06172291061613333
64.14457228614306,0.06264156837911937,-0.05468815013314563,-0.05710973545207614,-0.061596294347029346
64.20210105052527,0.06264052134000402,-0.05540446060428639,-0.056740808355472815,-0.06147481821407896
64.25962981490746,0.06263944298407369,-0.05608512737573151,-0.056356385246670575,-0.061359826663230366
64.31715857928964,0.0626383328680843,-0.056729357512285444,-0.05595617926516636,-0.061252664140431595
64.37468734367184,0.0626371905487917,-0.05733635807875247,-0.055539903550457195,-0.06115467509163072
64.43221610805402,0.06263601558295179,-0.05790533613993638,-0.05510727124204041,-0.06106720396277596
64.48974487243622,0.06263480752732044,-0.05843549876064155,-0.05465799547941291,-0.06099159519981537
64.54727363681842,0.0626335659386535,-0.05892605300567197,-0.05419178940207193,-0.06092919324869703
64.6048024012006,0.06263229037370692,-0.05937620593983162,-0.0537083661495147,-0.06088134255536912
64.66233116558278,0.0626309803892365,-0.059785164627924714,-0.05320743886123824,-0.060849387565779706
64.71985992996498,0.06262963554199817,-0.06015213613475548,-0.05268872067673955,-0.060834672725876865
64.77738869434718,0.06262825538874779,-0.0604763275251279,-0.05215192473551585,-0.060838542481608776
64.83491745872936,0.06262683948624123,-0.06075694586384602,-0.05159676417706442,-0.06086234127892348
64.89244622311156,0.06262538739123438,-0.060993198215714084,-0.05102295214088211,-0.060907413563769136
64.94997498749375,0.06262389866048312,-0.06118429164553607,-0.050430201766466315,-0.060975103782093865
65.00750375187593,0.06262237332685096,-0.06132974182196542,-0.049817717707186286,-0.06106650806925827
65.06503251625813,0.06262084512143143,-0.06145123560701,-0.04914907744011339,-0.06116479348356914
65.12256128064033,0.0626193341116749,-0.0615626233206224,-0.048403577142113706,-0.061259154596541354
65.18009004502251,0.0626178391110161,-0.061664173302122684,-0.0475834270700945,-0.061349661393206516
65.2376188094047,0.0626163589328898,-0.061756153890830966,-0.04669083748096268,-0.061436383858596275
65.29514757378689,0.06261489239073079,-0.06183883342606737,-0.045728018631625074,-0.06151939197774226
65.35267633816909,0.06261343829797379,-0.06191248024715198,-0.04469718077898897,-0.06159875573567609
65.41020510255127,0.06261199546805359,-0.06197736269340485,-0.043600534179961715,-0.061674545117429334
65.46773386693347,0.06261056271440495,-0.06203374910414611,-0.04244028909144984,-0.06174683010803368
65.52526263131566,0.0626091388504626,-0.062081907818695846,-0.041218655770361,-0.061815680692520705
65.58279139569784,0.06260772268966136,-0.06212210717637415,-0.03993784447360197,-0.06188116685592204
65.64032016008004,0.06260631304543593,-0.06215461551650113,-0.03860006545807951,-0.06194335858326934
65.69784892446224,0.06260490873122111,-0.06217970117839687,-0.03720752898070098,-0.06200232585959419
65.75537768884442,0.06260350856045167,-0.06219763250138145,-0.03576244529837383,-0.06205813866992821
65.81290645322662,0.06260211134656234,-0.062208677824774995,-0.034267024668004416,-0.06211086699930303
65.8704352176088,0.0626007159029879,-0.06221310548789757,-0.032723477346500544,-0.06216058083275027
65.92796398199098,0.06259932104316311,-0.062211183830069294,-0.031134013590768932,-0.062207350155301544
65.9854927463732,0.06259792558052273,-0.06220318119061024,-0.02950084365771584,-0.06225124495198851
66.04302151075538,0.06259652832850153,-0.06218936590884051,-0.027826177804249938,-0.062292335207842726
66.10055027513756,0.06259512810053425,-0.06217000632408022,-0.026112226287277506,-0.06233069090789586
66.15807903951976,0.06259372371005567,-0.06214537077564943,-0.02436119936370519,-0.062366382037179514
66.21560780390195,0.06259231397050055,-0.06211572760286825,-0.022575307290440924,-0.062399478580725316
66.27313656828414,0.06259089769530365,-0.062081345145056775,-0.020756760324390888,-0.0624300505235649
66.33066533266634,0.06258947369789973,-0.0620424917415351,-0.018907768722462602,-0.06245816785072985
66.38819409704853,0.06258804079172356,-0.061999435731623316,-0.01703054274156361,-0.062483900547251815
66.44572286143071,0.06258659779020989,-0.061952445454641535,-0.015127292638600524,-0.0625073185981624
66.50325162581291,0.0625851435067935,-0.0619017892499098,-0.013200228670479933,-0.06252849198849325
66.5607803901951,0.06258367675490913,-0.061847735456748265,-0.011251561094109401,-0.06254749070327595
66.61830915457729,0.06258219634799154,-0.061790552414477014,-0.00928350016639647,-0.06256438472754217
66.67583791895947,0.06258070109947553,-0.06173050846241611,-0.007298256144247731,-0.06257924404632348
66.73336668334167,0.06257918982279582,-0.06166787193988566,-0.0052980392845697714,-0.06259213864465153
66.79089544772386,0.06257766133138719,-0.061602911186205776,-0.003285059844270643,-0.06260313850755793
66.84842421210605,0.0625761144386844,-0.06153589454069653,-0.0012615280802564383,-0.0626123136200743
66.90595297648825,0.0625745479581222,-0.06146709034267803,0.0007703457505652891,-0.06261973396723229
66.96348174087044,0.06257296070313538,-0.061396766931470365,0.002808351391286955,-0.06262546953406346
67.02101050525262,0.06257135148715869,-0.061325192646393654,0.004850278585001987,-0.0626295903055995
67.07853926963482,0.06256971912362685,-0.061252635826767945,0.006893917074803819,-0.06263216626687199
67.13606803401701,0.06256806242597471,-0.06117936481191334,0.008937056603784854,-0.06263326740291256
67.1935967983992,0.06256638020763694,-0.06110564794114999,0.010977486915037554,-0.0626329636987528
67.2511255627814,0.06256467128204836,-0.06103175355379792,0.01301299775165583,-0.0626313251394244
67.30865432716358,0.06256293446264372,-0.060957949989177265,0.0150413788567316,-0.06262842170995893
67.36618309154576,0.06256116856285776,-0.06088450558660812,0.017060419973358307,-0.06262432339538801
67.42371185592796,0.06255937239612527,-0.060811688685410537,0.019067910844629367,-0.06261910018074329
67.48124062031016,0.06255754477588099,-0.06073976762490465,0.021061641213637204,-0.06261282205105637
67.53876938469234,0.06255568451555969,-0.06066901074441056,0.023039400823474266,-0.06260555899135888
67.59629814907454,0.06255379042859616,-0.06059968638324832,0.02499897941723445,-0.06259738098668241
67.65382691345673,0.0625518613284251,-0.060532062880738084,0.026938166738009712,-0.06258835802205863
67.71135567783891,0.06254989602848134,-0.06046640857619989,0.028854752528893475,-0.06257856008251914
67.76888444222112,0.0625478933421996,-0.06040299180895384,0.030746526532979587,-0.06256805715309555
67.8264132066033,0.06254585208301465,-0.06034208091832007,0.03261127849335911,-0.06255691921881948
67.88394197098549,0.06254377106436125,-0.060283944243618645,0.03444679815312593,-0.06254521626472258
67.94147073536769,0.06254164909967416,-0.06022885012416965,0.03625087525537336,-0.06253301827583643
67.99899949974987,0.06253948500238815,-0.06017706689929321,0.03802129954319351,-0.06252039523719269
68.05652826413207,0.062537277585938,-0.06012886290830937,0.03975586075968013,-0.06250741713382296
68.11405702851425,0.06253502566375843,-0.060084506490538286,0.04145234864792532,-0.06249415395075884
68.17158579289645,0.06253272804928423,-0.06004426598530001,0.04310855295102281,-0.062480675673032005
68.22911455727863,0.06253038355595016,-0.06000840973191464,0.04472226341206475,-0.06246705228567403
68.28664332166082,0.06252799099719096,-0.0599772060697023,0.04629126977414445,-0.06245335377371656
68.34417208604303,0.06252554918644143,-0.059950923337983034,0.0478133617803556,-0.062439650122191194
68.40170085042521,0.0625230569371363,-0.05992982987607697,0.049286329173789604,-0.06242601131612958
68.4592296148074,0.06252051306271034,-0.05991419402330422,0.050707961697540146,-0.06241250734056332
68.5167583791896,0.06251791637659833,-0.059904284118984824,0.052076049094700524,-0.06239920818052403
68.57428714357178,0.06251526569223499,-0.05990036850243893,0.05338838110836297,-0.062386183821043356
68.63181590795398,0.06251255982305512,-0.05990271551298662,0.054642747481621054,-0.062373504247152885
68.68934467233618,0.06250979758249349,-0.059911593489947956,0.055836937957567376,-0.062361239443884275
68.74687343671836,0.06250697778398481,-0.059927270772643065,0.05696874227929457,-0.06234945939626911
68.80440220110054,0.06250409924096391,-0.059950015700392024,0.0580359501898959,-0.06233823408933904
68.86193096548274,0.06250116076686549,-0.05998009661251495,0.0590363514324645,-0.06232763350812567
68.91945972986494,0.062498161175124335,-0.060017781848331925,0.05996773575009306,-0.062317727637660636
68.97698849424712,0.06249509927917523,-0.06006333974716302,0.06082789288587427,-0.062308586462975525
69.03451725862932,0.0624919738924529,-0.060117038648328375,0.061614612582901504,-0.06230027996910201
69.0920460230115,0.062488783828392125,-0.06017914689114803,0.062325684584267294,-0.06229287814107166
69.14957478739369,0.062485527900427676,-0.060249932814942134,0.06295889863306475,-0.062286450963916135
69.20710355177589,0.06248220492199429,-0.06032966475903076,0.06351204447238697,-0.062281068422667035
69.26463231615809,0.06247881370652677,-0.06041861106273399,0.06398291184532667,-0.062276800502355976
69.32216108054027,0.06247535306745983,-0.06051704006537192,0.06436929049497672,-0.0622737171880146
69.37968984492247,0.062471821818228246,-0.06062522010626467,0.06466897016443024,-0.062271888464674505
69.43721860930465,0.062468218772266805,-0.06074341952473229,0.06487974059677998,-0.06227138431736734
69.49474737368683,0.06246454274301024,-0.060871906660094906,0.06499939153511897,-0.062272274731124684
69.55227613806903,0.06246079254389333,-0.06101094985167262,0.06502571272254012,-0.06227462969097821
69.60980490245123,0.062456966988350834,-0.061160817438785535,0.06495649390213636,-0.062278519181959494
69.66733366683341,0.0624530648898175,-0.06132177776075369,0.06478952481700062,-0.06228401318910018
69.7248624312156,0.06244908506172811,-0.06149409915689719,0.06452259521022584,-0.06229118169743189
69.7823911955978,0.062445026317517416,-0.06167804996653621,0.06415349482490486,-0.062300094691986226
69.83991995998,0.062440887470620175,-0.06187389852899079,0.06368001340413063,-0.062310822157794835
69.89744872436218,0.06243666733447115,-0.062081913183580965,0.06309994069099625,-0.0623234340798893
69.95497748874438,0.062432364722505115,-0.06230236226962695,0.062411066428594356,-0.062338000443301296
70.01250625312656,0.06242798588981782,-0.06253329086543027,0.06161231775023918,-0.06235452189432762
70.07003501750874,0.062423739937439146,-0.06271224654521773,0.060734744493938515,-0.06237108891578728
70.12756378189096,0.062419719367569966,-0.06281188713775544,0.05979452566436892,-0.06238682540259455
70.18509254627314,0.0624159199252664,-0.06283382069128463,0.05879351448674098,-0.06240174848420058
70.24262131065532,0.06241233735558455,-0.06277965525404663,0.057733564186263846,-0.062415875290056544
70.30015007503752,0.06240896740358055,-0.06265099887428274,0.056616527988146884,-0.0624292229496136
70.3576788394197,0.062405805814310496,-0.06244945960023435,0.05544425911760026,-0.0624418085923229
70.4152076038019,0.06240284833283051,-0.062176645480142616,0.05421861079983304,-0.062453649347635615
70.4727363681841,0.06240009070419671,-0.061834164562248925,0.05294143626005512,-0.062464762345002894
70.53026513256629,0.0623975286734652,-0.061423624894794665,0.05161458872347647,-0.0624751647138759
70.58779389694847,0.06239515798569209,-0.06094663452602109,0.0502399214153064,-0.0624848735837058
70.64532266133067,0.06239297438593351,-0.06040480150416936,0.048819287560754196,-0.062493906083943764
70.70285142571286,0.06239097361924556,-0.05979973387748087,0.04735454038502982,-0.06250227934404091
70.76038019009505,0.06238915143068436,-0.05913303969419714,0.04584753311334326,-0.06251001049344845
70.81790895447725,0.06238750356530602,-0.05840632700255911,0.04430011897090342,-0.06251711666161751
70.87543771885943,0.06238602576816665,-0.057621203850808454,0.04271415118292069,-0.06252361497799926
70.93296648324161,0.06238471378432238,-0.056779278287186326,0.04109148297460432,-0.06252952257204486
70.99049524762381,0.0623835633588293,-0.055882158359933765,0.03943396757116351,-0.06253485657320547
71.04802401200601,0.062382570236743554,-0.05493145211729233,0.037743458197808305,-0.06253963411093226
71.1055527763882,0.06238173016312122,-0.053928767607503536,0.03602180807974875,-0.06254387231467637
71.16308154077038,0.062381038883018436,-0.052875712878808476,0.03427087044219406,-0.06254758831388899
71.22061030515258,0.06238049214149131,-0.05177389597944819,0.032492498510353435,-0.06255079923802123
71.27813906953476,0.062380085683595946,-0.05062492495766452,0.030688545509437365,-0.0625535222165243
71.33566783391696,0.062379815254388474,-0.049430407861698195,0.028860864664654595,-0.06255577437884934
71.39319659829916,0.062379676598925,-0.04819195273979082,0.0270113092012152,-0.06255757285444749
71.45072536268134,0.06237966546226163,-0.04691116764018401,0.025141732344329263,-0.06255893477276996
71.50825412706352,0.06237977758945449,-0.045589660611118785,0.023253987319205974,-0.06255987726326787
71.56578289144572,0.06238000872555968,-0.04422903970083607,0.021349927351054468,-0.0625604174553924
71.62331165582792,0.062380354615633335,-0.04283091295757753,0.019431405665084854,-0.06256057247859469
71.6808404202101,0.06238081100473155,-0.04139688842958484,0.017500275486507233,-0.06256035946232592
71.7383691845923,0.062381373637910444,-0.03992857416509857,0.015558390040530282,-0.06255979553603723
71.79589794897448,0.062382038260226126,-0.03842757821236077,0.013607602552364595,-0.06255889782917981
71.85342671335667,0.062382800616734714,-0.036895508619612376,0.01164976624721931,-0.06255768347120479
71.91095547773888,0.062383656452492324,-0.03533397343509392,0.009686734350303084,-0.06255616959156335
71.96848424212106,0.06238460151255507,-0.03374458070704824,0.007720360086827496,-0.06255437331970663
72.02601300650325,0.06238563154197906,-0.03212893848371591,0.005752496682001201,-0.06255231178508582
72.08354177088545,0.06238674228582042,-0.030488654813337783,0.0037849973610333335,-0.06255000211715205
72.14107053526763,0.06238792948913524,-0.028825337744156014,0.001819715349134509,-0.06254746144535649
72.19859929964983,0.062389188896979655,-0.027140595324411064,-0.00014149612848662896,-0.0625447068991503
72.25612806403201,0.06239051625440977,-0.025436035602345093,-0.0020967838466194808,-0.06254175560798465
72.31365682841421,0.062391907306481705,-0.02371326662619854,-0.0040442945800553826,-0.06253862470131069
72.3711855927964,0.06239335779825156,-0.021973896444213582,-0.005982175103583738,-0.06253533130857959
72.42871435717858,0.06239486347477546,-0.0202195331046311,-0.007908572191995401,-0.0625318925592425
72.48624312156079,0.06239642008110951,-0.01845178465569152,-0.009821632620081698,-0.0625283255827506
72.54377188594297,0.06239802336230984,-0.01667225914563788,-0.011719503162631088,-0.062524647508555
72.60130065032516,0.06239966906343255,-0.014882564622710641,-0.013600330594434926,-0.06252087546610692
72.65882941470736,0.06240135292953375,-0.013084309135150657,-0.015462261690284002,-0.06251702658485749
72.71635817908954,0.06240307070566956,-0.011279100731200108,-0.017303443224967803,-0.06251311799425786
72.77388694347174,0.0624048181368961,-0.009468547459099419,-0.019122021973277573,-0.0625091668237592
72.83141570785394,0.06240659096826948,-0.007654257367090356,-0.020916144710003255,-0.0625051902028127
72.88894447223612,0.0624083849448458,-0.005837838503414641,-0.02268395820993479,-0.06250120526086948
72.9464732366183,0.062410195811681196,-0.004020898916313159,-0.024423609247862958,-0.06249722912738072
73.0040020010005,0.06241201931383176,-0.0022050466540267516,-0.026133244598578596,-0.06249327893179756
73.06153076538268,0.06241385119635363,-0.00039188976479764825,-0.027811011036871204,-0.062489371803571184
73.11905952976488,0.06241568720430289,0.0014169637031337529,-0.029455055337531982,-0.06248552487215274
73.17658829414708,0.062417523082735675,0.0032199057015257077,-0.031063524275350897,-0.062481755266993386
73.23411705852926,0.06241935457670809,0.005015328182136458,-0.03263456462511792,-0.06247808011754429
73.29164582291145,0.062421177431276245,0.006801623096725162,-0.03416632316162384,-0.062474516553256615
73.34917458729365,0.062422987391496265,0.008577182397050923,-0.035656946659659385,-0.06247108170358152
73.40670335167584,0.062424780202424264,0.010340398034871995,-0.037104581894014534,-0.06246779269797015
73.46423211605803,0.062426551609116344,0.012089661961946649,-0.03850737563947932,-0.06246466666587367
73.52176088044023,0.06242829735662862,0.013823366130034445,-0.039863474670844834,-0.06246172073674325
73.57928964482241,0.06243001319001722,0.01553990249089321,-0.041171025762900736,-0.06245897204003005
73.6368184092046,0.06243169485433824,0.0172376629962821,-0.04242817569043777,-0.06245643770518522
73.69434717358679,0.06243333809464781,0.018915039597960176,-0.043633071228246584,-0.062454134861659925
73.75187593796899,0.062434938656002026,0.020570424247685723,-0.04478385915111723,-0.06245208063890534
73.80940470235117,0.06243649228345701,0.022202208897217038,-0.04587868623383983,-0.0624502921663726
73.86693346673336,0.062437994722068874,0.02380878549831325,-0.046915699251205034,-0.062448786573512875
73.92446223111556,0.06243944171689374,0.025388546002733423,-0.04789304497800345,-0.062447580989777325
73.98199099549775,0.06244082901298772,0.026939882362235823,-0.048808870189025196,-0.062446692544617106
74.03951975987994,0.062442152355406906,0.02846118652857879,-0.049661321659060426,-0.06244613836748339
74.09704852426214,0.06244340748920744,0.029950850453521805,-0.05044854616289994,-0.06244593558782732
74.15457728864432,0.062444590159445416,0.03140726608882277,-0.051168690475333706,-0.062446101335100083
74.2121060530265,0.062445696111176965,0.032828825386240795,-0.05181990137115233,-0.062446652738752814
74.26963481740871,0.06244672108945819,0.0342139202975352,-0.05240032562514644,-0.06244760692823669
74.3271635817909,0.0624476608393452,0.03556094277446335,-0.052908110012105804,-0.06244898103300286
74.38469234617308,0.06244851110589411,0.03686828476878461,-0.053341401306821135,-0.06245079218250248
74.44222111055528,0.062449267634161046,0.03813433823225802,-0.05369834628408286,-0.06245305750618672
74.49974987493746,0.06244992616920211,0.039357495116641605,-0.0539770917186812,-0.062455794133506735
74.55727863931966,0.062450482456073424,0.04053614737369467,-0.054175784385406656,-0.06245901919391369
74.61480740370186,0.062450932239831086,0.041668686955175616,-0.054292571059049485,-0.06246274981685875
74.67233616808404,0.062451271265531225,0.04275350581284289,-0.05432559851440013,-0.06246700313179306
74.72986493246623,0.06245149527822995,0.04378899589845539,-0.054273013526248935,-0.06247179626816779
74.78739369684843,0.062451600022983375,0.044773549163772144,-0.05413296286938626,-0.06247714635543409
74.84492246123062,0.062451581244847613,0.045705557560551544,-0.05390359331860247,-0.062483070523043124
74.90245122561281,0.06245143468887878,0.04658341304055208,-0.05358305164868802,-0.062489585900446065
74.959979989995,0.062451156100132986,0.047405507555532855,-0.053169484634433134,-0.06249670961709406
75.01750875437719,0.06245075831609383,0.04817180373719503,-0.05266844319780097,-0.06250439189006778
75.07503751875937,0.06245049864975727,0.048905395468708666,-0.0521917997961116,-0.06251162204014293
75.13256628314157,0.06245045858762608,0.04961471174103303,-0.051776201182760107,-0.0625180690952634
75.19009504752377,0.06245063000486253,0.05030013618316719,-0.051419595172613984,-0.06252375179634306
75.24762381190595,0.06245100477662883,0.05096205242411024,-0.051119929580540645,-0.06252868888429575
75.30515257628814,0.06245157477808723,0.05160084409286159,-0.050875152221407365,-0.06253289910003529
75.36268134067033,0.062452331884399984,0.05221689481842063,-0.050683210910081475,-0.06253640118447555
75.42021010505252,0.062453267970729316,0.052810588229786314,-0.05054205346143041,-0.06253921387853036
75.47773886943472,0.06245437491223747,0.05338230795595818,-0.050449627690321484,-0.06254135592311358
75.53526763381691,0.06245564458408671,0.0539324376259353,-0.05040388141162208,-0.06254284605913904
75.5927963981991,0.062457068861439244,0.05446136086871683,-0.05040276244019957,-0.06254370302752058
75.65032516258128,0.06245863961945733,0.05496946131330212,-0.05044421859092128,-0.06254394556917206
75.70785392696348,0.06246034873330321,0.05545712258869054,-0.050526197678654614,-0.06254359242500732
75.76538269134568,0.062462188078139115,0.05592472832388123,-0.050646647518266925,-0.06254266233594019
75.82291145572786,0.062464149529127294,0.0563726621478733,-0.05080351592462552,-0.06254117404288453
75.88044022011006,0.06246622496143,0.05680130768966623,-0.05099475071259786,-0.06253914628675418
75.93796898449224,0.06246840625020945,0.05721104857825905,-0.05121829969705118,-0.06253659780846298
75.99549774887443,0.06247068527062789,0.05760226844265112,-0.051472110692852915,-0.06253354734892477
76.05302651325664,0.06247305389784759,0.057975350911841854,-0.05175413151487056,-0.06253001364905342
76.11055527763882,0.062475504007030745,0.058330679614830135,-0.05206230997797119,-0.06252601544976275
76.16808404202101,0.06247802747333963,0.05866863818061541,-0.052394593897022314,-0.06252157149196659
76.2256128064032,0.062480616171936475,0.05898961023819696,-0.052748931086891375,-0.06251670051657882
76.28314157078539,0.06248326197798352,0.05929397941657392,-0.05312326936244556,-0.06251142126451326
76.34067033516759,0.06248595676664301,0.05958212934474565,-0.053515556538552424,-0.06250575247668376
76.39819909954979,0.06248869241307718,0.05985444365171136,-0.053923740430079234,-0.062499712894004175
76.45572786393197,0.06249146079244828,0.060111305966470185,-0.05434576885189324,-0.06249332125738833
76.51325662831415,0.06249425377991854,0.06035309991802147,-0.054779589618861896,-0.062486596307750095
76.57078539269634,0.062497063250650214,0.06058020913536445,-0.055223150545852584,-0.06247955678600328
76.62831415707855,0.06249988107980553,0.060793017247498464,-0.05567439944773288,-0.06247222143306176
76.68584292146073,0.06250269914254673,0.06099190788342257,-0.0561312841393697,-0.06246460898983937
76.74337168584292,0.06250550931403608,0.061177264672136106,-0.056591752435630624,-0.062456738197249936
76.80090045022511,0.06250830346943578,0.06134947124263836,-0.057053752151383134,-0.06244862779620732
76.8584292146073,0.06251107348390811,0.0615089112239285,-0.057515231101494355,-0.062440296527625366
76.9159579789895,0.06251381123261529,0.061655968245005834,-0.05797413710083189,-0.06243176313241792
76.9734867433717,0.06251650859071956,0.06179102593486957,-0.05842841796426297,-0.06242304635149882
77.03101550775388,0.06251915743338317,0.061914467922518944,-0.05887602150665486,-0.0624141649257819
77.08854427213606,0.06252174963576834,0.06202667783695322,-0.05931489554287502,-0.06240513759618103
77.14607303651826,0.06252427707303734,0.06212803930717167,-0.059742987887790935,-0.062395983103610025
77.20360180090044,0.06252673162035241,0.06221893596217349,-0.06015824635626975,-0.06238672018898276
77.26113056528264,0.06252910515287577,0.062299751430957964,-0.06055861876317901,-0.062377367593213044
77.31865932966484,0.06253138954576966,0.06237086934252431,-0.06094205292338599,-0.06236794405721475
77.37618809404702,0.06253357667419636,0.062432673325871775,-0.061306496651757976,-0.06235846832190172
77.43371685842921,0.06253565841331805,0.06248554700999962,-0.061649897763162397,-0.062348959128187775
77.4912456228114,0.06253762663829703,0.06252987402390711,-0.061970204072466714,-0.06233943521698679
77.5487743871936,0.06253947322429551,0.06256603799659344,-0.06226536339453819,-0.062329915329212573
77.60630315157579,0.06254119004647572,0.06259442255705788,-0.06253332354424412,-0.06232041820577901
77.66383191595799,0.06254276897999993,0.06261541133429967,-0.06277203233645201,-0.06231096258759992
77.72136068034017,0.06254420190003038,0.06262938795731807,-0.0629794375860291,-0.06230156721558914
77.77888944472235,0.06254548068172928,0.0626367360551123,-0.06315348710784281,-0.062292250830660534
77.83641820910455,0.0625465972002589,0.06263783925668165,-0.06329212871676054,-0.06228303217372792
77.89394697348675,0.06254754333078147,0.06263308119102531,-0.06339331022764959,-0.06227392998570518
77.95147573786893,0.06254831094845924,0.06262284548714257,-0.06345497945537731,-0.06226496300750614
78.00900450225112,0.06254889192845443,0.06260751577403266,-0.0634750842148111,-0.062256149980044626
78.06653326663331,0.06254927814592931,0.06258747568069481,-0.06345157232081833,-0.062247509644234505
78.12406203101551,0.06254946147604609,0.06256310883612828,-0.0633823915882663,-0.0622390607409896
78.1815907953977,0.06254943379396705,0.0625347988693323,-0.06326548983202246,-0.06223082201122379
78.2391195597799,0.0625491869748544,0.06250292940930614,-0.06309881486695408,-0.06222281219585089
78.29664832416208,0.06254871289387037,0.06246788408504905,-0.06288031450792861,-0.06221505003578475
78.35417708854426,0.06254800342617725,0.06243004652556025,-0.0626079365698134,-0.062207554271939226
78.41170585292647,0.06254705044693723,0.06238980035983899,-0.06227962886747559,-0.06220034364522813
78.46923461730866,0.06254584583131258,0.06234752921688451,-0.06189333921578291,-0.062193436896565354
78.52676338169084,0.06254438145446553,0.062303616725696086,-0.06144701542960255,-0.0621868527668647
78.58429214607304,0.06254264919155833,0.062258446515272924,-0.06093860532380175,-0.06218060999704004
78.64182091045522,0.06254064091775322,0.0622124022146143,-0.06036605671324811,-0.062174727328005205
78.69934967483742,0.06253834850821244,0.062165867452719424,-0.05972731741280872,-0.06216922350067403
78.75687843921962,0.06253576383809821,0.06211922585858759,-0.05902033523735106,-0.06216411725596038
78.8144072036018,0.0625328787825728,0.062072861061218024,-0.058243058001742724,-0.06215942733477808
78.87193596798399,0.06252968521679844,0.06202715668960996,-0.05739343352085086,-0.062155172478041004
78.92946473236618,0.06252617501593737,0.06198249637276263,-0.056469409609542644,-0.062151371426662966
78.98699349674837,0.06252234005515184,0.061939263739675315,-0.055468934082685856,-0.06214804292155781
79.04452226113057,0.06251817220960407,0.061897842419347225,-0.05438995475514737,-0.062145205703639406
79.10205102551276,0.06251366335445632,0.06185861604077765,-0.053230419441794796,-0.06214287851382156
79.15957978989495,0.06250880536487083,0.0618219682329658,-0.05198827595749581,-0.06214108009301816
79.21710855427713,0.06250359011600984,0.06178828262491093,-0.05066147211711749,-0.062139829182143023
79.27463731865933,0.06249800948303557,0.061757942845612264,-0.049247955735526844,-0.06213914452210999
79.33216608304153,0.06249205534111029,0.06173133252406909,-0.047745674627591536,-0.062139044853832925
79.38969484742371,0.06248571956539624,0.06170883528928063,-0.046152576608179355,-0.062139548918225644
79.4472236118059,0.06247899403105564,0.061690834770246124,-0.044466609492157284,-0.06214067545620203
79.5047523761881,0.06247187061325074,0.061677714595964835,-0.04268572109439224,-0.062142443208675895
79.56228114057028,0.06246434118714379,0.06166985839543599,-0.04080785922975247,-0.06214487091656108
79.61980990495248,0.062456397627897016,0.06166764979765884,-0.0388309717131044,-0.062147977320771465
79.67733866933467,0.062448031810672676,0.06167147243163264,-0.03675300635931584,-0.06215178116222085
79.73486743371686,0.062439235610633005,0.06168170992635661,-0.03457191098325471,-0.062156301181823116
79.79239619809904,0.06243000090294023,0.06169874591083003,-0.032285633399787864,-0.06216155612049208
79.84992496248124,0.06242031956275661,0.06172296401405211,-0.029892121423782076,-0.06216756471914161
79.90745372686344,0.06241018346524438,0.06175474786502215,-0.02738932287010524,-0.06217434571868554
79.96498249124562,0.06239958448556578,0.061794481092739335,-0.02477518555362538,-0.0621819178600377
80.02251125562782,0.062388648509809616,0.06184172876766351,-0.02206087688524599,-0.06218823247311928
80.08004002001,0.06237864796348184,0.061888869429045076,-0.01937227560831998,-0.062173521828032714
80.13756878439219,0.06236986531897446,0.0619339786242006,-0.01674067847306391,-0.062133230870457565
80.1950975487744,0.06236225655889914,0.061977091063679955,-0.014165483632260565,-0.062067835393999495
80.25262631315658,0.062355777665867536,0.06201824145803296,-0.011646089238696524,-0.06197781119226424
80.31015507753877,0.06235038462249131,0.06205746451780951,-0.009181893445154542,-0.061863634058857496
80.36768384192096,0.062346033411382104,0.062094794953559476,-0.006772294404418064,-0.061725779787384895
80.42521260630315,0.06234268001515159,0.06213026747583271,-0.004416690269272323,-0.06156472417145221
80.48274137068535,0.06234028041641143,0.062163916795179075,-0.002114479192500191,-0.061380943004665046
80.54027013506754,0.06233879059777326,0.062195777622148445,0.0001349406731137098,-0.06117491208062915
80.59779889944973,0.06233816654184876,0.06222588466729066,0.0023321711747847987,-0.06094710719295024
80.65532766383191,0.06233836423124957,0.06225427264115562,0.004477814159729603,-0.060698004135233984
80.7128564282141,0.06233933964858735,0.06228097625429316,0.006572471475164084,-0.06042807870108607
80.7703851925963,0.06234104877647378,0.06230603021725317,0.008616744968304706,-0.060137806684112116
80.82791395697849,0.06234344759752048,0.062329469240585494,0.010611236486366901,-0.059827663877917873
80.88544272136068,0.06234649209433914,0.06235132803484002,0.012556547876566163,-0.05949812607610912
80.94297148574287,0.062350138249541394,0.06237164131056658,0.014453280986119418,-0.05914966907229139
81.00050025012506,0.06235434204573892,0.062390443778315055,0.01630203766224168,-0.058782768660070546
81.05802901450726,0.06235905946554336,0.06240777014863531,0.018103419752149838,-0.05839790063305209
81.11555777888945,0.06236424649156638,0.06242365513207721,0.019858029103059376,-0.05799554078484182
81.17308654327164,0.06236985910641964,0.062438133439190614,0.021566467562185856,-0.05757616490904552
81.23061530765382,0.06237585329271478,0.06245123978052541,0.023229336976745674,-0.05714024879926879
81.28814407203602,0.06238218503306347,0.062463008866631434,0.02484723919395518,-0.0566882682491172
81.3456728364182,0.06238881031007737,0.06247347540805855,0.02642077606102954,-0.056220699052196677
81.4032016008004,0.062395685106368136,0.062482674115356636,0.027950549425185493,-0.05573801700211268
81.4607303651826,0.06240276540454742,0.06249063969907556,0.02943716113363862,-0.05524069789247102
81.51825912956478,0.06241000718722689,0.06249740686976518,0.03088121303360451,-0.05472921751687749
81.57578789394697,0.06241736643701819,0.06250301033797535,0.03228330697229952,-0.05420405166893769
81.63331665832916,0.06242479913653298,0.06250748481425596,0.03364404479693992,-0.053665676142257174
81.69084542271136,0.06243226126838294,0.06251086500915684,0.03496402835474134,-0.05311456673044176
81.74837418709355,0.0624397088151797,0.06251318563322789,0.03624385949291943,-0.052551199227097264
81.80590295147574,0.062447097759534914,0.06251448139701894,0.03748414005869077,-0.05197604942582912
81.86343171585793,0.06245438408406027,0.0625147870110799,0.038685471899270726,-0.05138959312024329
81.92096048024011,0.06246152377136739,0.06251413718596059,0.03984845686187555,-0.05079230610394535
81.97848924462232,0.06246847280406796,0.0625125666322109,0.04097369679372179,-0.05018466417054066
82.03601800900451,0.06247518716477362,0.06251011006038067,0.042061793542024245,-0.049567143113635526
82.09354677338669,0.06248162283609604,0.06250680218101978,0.04311334895399947,-0.048940218726835336
82.15107553776888,0.062487735800646864,0.06250267770467813,0.044128964876863436,-0.048304366803745794
82.20860430215107,0.06249348204103776,0.06249777134190552,0.04510924315783232,-0.047660063137972435
82.26613306653327,0.06249881753988039,0.06249211780325185,0.04605478564412186,-0.04700778352312108
82.32366183091546,0.0625036982797864,0.06248575179926697,0.04696619418294775,-0.046348003752797615
82.38119059529765,0.06250808024336744,0.06247870804050076,0.04784407062152646,-0.04568119962060738
82.43871935967984,0.0625119194132352,0.062471021237503074,0.04868901680707347,-0.04500784692015643
82.49624812406202,0.06251517177200129,0.062462726100823804,0.049501634586804996,-0.044328421445050246
82.55377688844422,0.0625177933022774,0.06245385734101277,0.05028252580793716,-0.0436433989888944
82.61130565282642,0.06251973998667519,0.06244444966861985,0.051032292317685746,-0.04295325534529471
82.6688344172086,0.0625209678078063,0.06243453779419492,0.05175153596326653,-0.04225846630785708
82.7263631815908,0.0625214327482824,0.06242415642828785,0.05244085859189583,-0.04155950767018682
82.78389194597298,0.06252109079071515,0.06241334028144849,0.053100862050789274,-0.04085685522589
82.84142071035518,0.06251989791771619,0.06240212406422672,0.05373214818716314,-0.040150984768571936
82.89894947473738,0.06251781011189719,0.06239054248717238,0.05433531884823322,-0.039442372091838526
82.95647823911956,0.06251478335586981,0.062378630260835344,0.054910975881215365,-0.038731492989295596
83.01400700350175,0.06251077363224569,0.06236642209576549,0.05545972113332567,-0.038018823254548716
83.07153576788394,0.06250573692363652,0.06235395270251267,0.055982156451780216,-0.03730483868120335
83.12906453226613,0.06249962921265392,0.06234125679162675,0.05647888368379472,-0.03659001506286558
83.18659329664833,0.062492406481909575,0.06232836907365761,0.056950504676585384,-0.03587482819314071
83.24412206103052,0.06248402471401513,0.062315324259155085,0.05739762127736803,-0.035159753865634656
83.30165082541271,0.062474439891582245,0.06230215705866906,0.05782083533335855,-0.034445267873953245
83.35917958979489,0.06246360799722258,0.06228890218274939,0.05822074869177302,-0.03373184601170201
83.41670835417709,0.06245148501354779,0.062275594341945954,0.05859796319982745,-0.03301996407248646
83.47423711855929,0.06243802692316953,0.0622622682468086,0.05895308070473772,-0.032310097849912484
83.53176588294147,0.062423189708699464,0.06224895860788721,0.05928670305371975,-0.031602723137585914
83.58929464732365,0.062406929352749246,0.06223570013573163,0.05959943209398953,-0.030898315729112308
83.64682341170585,0.06238920183793052,0.062222527540891734,0.059891869672763165,-0.030197351418097144
83.70435217608804,0.06236996314685497,0.06220947553391738,0.060164617637256376,-0.029500305998146494
83.76188094047023,0.062349169262134234,0.06219657882535844,0.06041827783468534,-0.028807655262865668
83.81940970485243,0.06232677616637998,0.06218387212576477,0.06065345211226597,-0.02811987500586058
83.87693846923462,0.06230273984220385,0.06217139014568626,0.060870742317214066,-0.02743744102073705
83.9344672336168,0.06227701627221753,0.06215916759567274,0.06107075029674576,-0.026760829101100628
83.991995997999,0.06224956143903265,0.062147239186274086,0.06125407789807699,-0.026090515040556803
84.0495247623812,0.06222033132526087,0.062135639628040175,0.0614213269684237,-0.02542697463271148
84.10705352676338,0.06218928191351387,0.06212440363152085,0.06157309935500181,-0.024770683671170475
84.16458229114558,0.06215636918640327,0.062113565907266,0.06170999690502735,-0.02412211794953919
84.22211105552776,0.06212154912654077,0.06210316116582548,0.061832621465716234,-0.023481753261423606
84.27963981990995,0.062084777716538,0.062093224117749146,0.06194157488428444,-0.022850065400429276
84.33716858429216,0.062046010939006614,0.06208378947358687,0.06203745900794798,-0.022227530160161574
84.39469734867434,0.06200520477655829,0.06207489194388851,0.062120875683922716,-0.021614623334226812
84.45222611305653,0.06196231521180468,0.06206656623920394,0.06219242675942466,-0.021011820716230374
84.50975487743872,0.061917298227357434,0.06205884707008303,0.0622527140816698,-0.020419598099777815
84.56728364182091,0.06187010980582821,0.06205176914707562,0.06230233949787409,-0.019838431278475094
84.6248124062031,0.06182070592982866,0.062045367180731587,0.06234190485525343,-0.019268796045927634
84.6823411705853,0.061769042581970454,0.0620396758816008,0.06237201200102385,-0.018711168195741278
84.73986993496749,0.061715075744865254,0.062034729960233126,0.06239326278240129,-0.018166023521521836
84.79739869934967,0.06165876140112471,0.062030564127178424,0.06240625904660174,-0.017633837816874866
84.85492746373185,0.061600055533360475,0.06202721309298657,0.06241160264084114,-0.017115086875406083
84.91245622811405,0.06153891412418419,0.0620247115682074,0.06240989541233541,-0.016610246490721008
84.96998499249625,0.06147529315620754,0.062023094263390796,0.062401739208300555,-0.01611979245642551
85.02751375687843,0.06141108995566155,0.06202322548588987,0.06238845691778119,-0.01564919278303939
85.08504252126063,0.06135873417325648,0.06203022982304869,0.062375150217810274,-0.015231017290550597
85.14257128564282,0.06131983857135245,0.062044219572912285,0.06236268753469768,-0.014870048504313964
85.20010005002501,0.06129367449175212,0.06206427651144078,0.06235105108353247,-0.014565050123619895
85.25762881440721,0.0612795132762582,0.0620894824145943,0.062340223079403664,-0.014314785847759061
85.3151575787894,0.061276626266673365,0.06211891905833296,0.06233018573740031,-0.014118019376022084
85.37268634317158,0.06128428480480031,0.06215166821861688,0.06232092127261145,-0.013973514407699476
85.43021510755378,0.06130176023244174,0.06218681167140621,0.0623124119001261,-0.0138800346420818
85.48774387193596,0.06132832389140033,0.062223431192661056,0.06230463983503331,-0.013836343778459681
85.54527263631816,0.061363247123478785,0.06226060855834155,0.062297587292422116,-0.013841205516123677
85.60280140070036,0.06140580127047978,0.062297425544407814,0.06229123648738156,-0.013893383554364381
85.66033016508254,0.06145525767420601,0.06233296392681996,0.06228556963500068,-0.013991641592472346
85.71785892946473,0.06151088767646016,0.062366305481538126,0.062280568950368514,-0.014134743329738152
85.77538769384692,0.06157196261904495,0.06239653198452244,0.06227621664857409,-0.014321452465452435
85.83291645822912,0.06163775384376304,0.06242272521173302,0.06227249494470646,-0.014550532698905745
85.8904452226113,0.06170753269241712,0.062443966939129986,0.062269386053854646,-0.01482074772938859
85.9479739869935,0.06178057050680991,0.06245933894267348,0.06226687219110769,-0.015130861256191674
86.00550275137569,0.06185613862874407,0.06246792299832359,0.06226493557155465,-0.015479636978605433
86.06303151575787,0.06193350840002229,0.06246880088204049,0.06226355841028453,-0.015865838595920508
86.12056028014008,0.06201195116244733,0.06246105436978426,0.0622627229223864,-0.016288229807427706
86.17808904452227,0.06209073825782177,0.062443765237515055,0.06226241132294928,-0.01674557431241718
86.23561780890445,0.06216914102794836,0.06241601526119299,0.0622626058270622,-0.017236635810179722
86.29314657328663,0.06224643081462979,0.06237688621677818,0.06226328864981422,-0.0177601780000059
86.35067533766883,0.06232187895966877,0.062325459880230756,0.062264442006294364,-0.018314964581186435
86.40820410205103,0.06239475680486796,0.06226081802751084,0.062266048111591664,-0.018899759253011787
86.46573286643321,0.06246433569203005,0.06218204243457858,0.06226808918079517,-0.01951332571477237
86.52326163081541,0.06252988696295773,0.062088214877394056,0.06227054742899391,-0.020154427665759082
86.5807903951976,0.06259068195945372,0.061978417131917436,0.06227340507127693,-0.02082182880526217
86.63831915957978,0.06264599202332068,0.061851730974108836,0.06227664432273327,-0.02151429283257237
86.69584792396198,0.06269508849636132,0.06170723817992834,0.062280247398451956,-0.02223058344698045
86.75337668834418,0.06273724272037833,0.0615440205253361,0.06228419651352203,-0.022969464347776816
86.81090545272636,0.06277172603717437,0.06136115978629228,0.06228847388303253,-0.02372969923425186
86.86843421710856,0.06279780978855218,0.06115773773875692,0.0622930617220725,-0.024510051805696532
86.92596298149074,0.0628147653163144,0.06093283615869024,0.06229794224573097,-0.025309285761401026
86.98349174587294,0.06282186396226376,0.060685536822052265,0.06230309766909699,-0.026126164800656316
87.04102051025514,0.06281837706820294,0.06041492150480316,0.062308510207259575,-0.026959452622752778
87.09854927463732,0.06280357597593463,0.06012007198290314,0.06231416207530779,-0.0278079129269808
87.1560780390195,0.06277673202726151,0.059800070032312254,0.06232003548833064,-0.028670309412631143
87.2136068034017,0.06273711656398627,0.05945399742899053,0.06232611266141719,-0.02954540577899462
87.27113556778389,0.06268400092791164,0.05908093594889828,0.06233237580965647,-0.030431965725361373
87.32866433216608,0.06261665646084025,0.05867996736799544,0.06233880714813752,-0.031328752951022415
87.38619309654828,0.06253435450457483,0.05825017346224222,0.06234538889194937,-0.032234531155268115
87.44372186093047,0.06243636640091808,0.057790636007598865,0.06235210325618106,-0.03314806403738881
87.50125062531265,0.06232196349167267,0.05730043678002539,0.062358932455921626,-0.03406811529667532
87.55877938969485,0.062190417118641275,0.056778657555481796,0.062365858706260116,-0.03499344863241844
87.61630815407705,0.062040998623626595,0.05622438010992832,0.062372864222285565,-0.035922827743908536
87.67383691845923,0.061872979348431376,0.05563668621932523,0.062379931219087,-0.03685501633043595
87.73136568284141,0.06168563063485826,0.05501465765963253,0.06238704191175346,-0.03778877809129148
87.78889444722361,0.0614782238247099,0.054357376206810165,0.062394178515373995,-0.03872287672576596
87.8464232116058,0.06125003025978908,0.05366392363681859,0.06240132324503764,-0.03965607593314948
87.903951975988,0.061000321281898376,0.052933381725617595,0.06240845831583343,-0.04058713941273309
87.96148074037019,0.06072836823284054,0.052164832249167466,0.062415565942850394,-0.04151483086380715
88.01900950475238,0.06043344245441833,0.051357356983428526,0.06242262834117758,-0.042437913985662004
88.07653826913456,0.06011481528843439,0.050510037704360716,0.06242962772590401,-0.043355152477588456
88.13406703351676,0.0597717580766913,0.049621956187923935,0.06243654631211875,-0.04426531003887732
88.19159579789896,0.05940354216099185,0.048692194210078525,0.06244336631491082,-0.04516715036881894
88.24912456228114,0.05900943888313881,0.04771983354678484,0.06245006994936926,-0.046059437166703666
88.30665332666334,0.05858871958493468,0.04670395597400253,0.062456639430583105,-0.04694093413182254
88.36418209104552,0.058140655608182365,0.04564364326769222,0.06246305697364139,-0.047810404963465676
88.4217108554277,0.05766451829468446,0.044537977203813785,0.06246930479363316,-0.0486666133609239
88.4792396198099,0.05715957898624352,0.043386039558327066,0.062475365105647454,-0.04950832302348799
88.5367683841921,0.05662510902466234,0.04218691210719246,0.06248122012477331,-0.05033429765044832
88.59429714857428,0.05606037975174378,0.0409396766263704,0.06248685206609975,-0.051143300941095246
88.65182591295648,0.055464662509290226,0.0396434148918204,0.06249224314471583,-0.05193409659471977
88.70935467733867,0.054837228639104674,0.03829720867950319,0.06249737557571059,-0.05270544831061208
88.76688344172086,0.05417734948298951,0.03690013976537829,0.06250223157417305,-0.05345611978806309
88.82441220610306,0.05348429638274757,0.035451289925406096,0.06250679335519226,-0.05418487472636326
88.88194097048525,0.05275734068018172,0.033949740935547146,0.06251104313385725,-0.05489047682480295
88.93946973486743,0.0519957537170945,0.03239457457176119,0.06251496312525706,-0.05557168978267293
88.99699849924963,0.051198806835288393,0.030784872610007955,0.06251853554448072,-0.056227277299263946
89.05452726363181,0.05036577137656648,0.029119716826248365,0.0625217426066173,-0.05685600307386624
89.11205602801401,0.04949591868273105,0.027398188996441718,0.06252456652675581,-0.05745663080577073
89.1695847923962,0.04858852009558521,0.025619370896549004,0.06252698951998528,-0.058027924194267645
89.22711355677839,0.047642846956931204,0.02378234430252945,0.06252899380139477,-0.058568646938647904
89.28464232116058,0.046658170608572205,0.021886190990344084,0.06253056158607331,-0.0590775627382018
89.34217108554276,0.045633762392310664,0.019929992735952598,0.06253167508910992,-0.059553435292220035
89.39969984992497,0.04456889364994873,0.0179128313153141,0.06253231652559368,-0.05999502829999341
89.45722861430716,0.04346283572329016,0.015833788504390718,0.06253246811061358,-0.060401105460812066
89.51475737868934,0.04231485995413713,0.013691946079141579,0.0625321120592587,-0.06077043047396683
89.57228614307154,0.041124237684292006,0.011486385815526266,0.06253123058661804,-0.06110176703874831
89.62981490745372,0.039890240255558096,0.009216189489505977,0.06252980590778065,-0.061393878854446964
89.68734367183592,0.03861213900973747,0.006880438877039749,0.06252782023783558,-0.061645529620353495
89.74487243621812,0.03728920528863312,0.004478215754088223,0.06252525579187186,-0.06185548303575841
89.8024012006003,0.03592071043404808,0.0020086018966121513,0.06252209478497853,-0.062022502799952264
89.85992996498248,0.03450592578778471,-0.0005293209194289009,0.06251831943224462,-0.06214535261222566
89.91745872936468,0.033044122691645354,-0.003136470918075493,0.06251391194875917,-0.062222796171869224
89.97498749374688,0.03153457248743302,-0.005813766323366887,0.06250885454961122,-0.062253597178173505
90.03251625812906,0.029982367300005013,-0.008536973105405856,0.06250327689454446,-0.06224444591302063
90.09004502251126,0.028414588141024218,-0.01118973338818144,0.062497854699073256,-0.0622316091068875
90.14757378689345,0.02683545566426862,-0.013758439840641753,0.06249266960235922,-0.06221971882224802
90.20510255127563,0.025245795234203623,-0.016244379749928737,0.062487716394390776,-0.062208755159949516
90.26263131565783,0.023646432215294604,-0.018648840403184257,0.062482989865156366,-0.062198698220839344
90.32016008004003,0.02203819197200773,-0.020973109087548965,0.06247848480464443,-0.06218952810576486
90.37768884442221,0.020421899868809178,-0.023218473090163595,0.062474196002843395,-0.062181224915573395
90.43521760880441,0.018798381270163932,-0.02538621969817053,0.06247011824974169,-0.0621737687511123
90.49274637318659,0.017168461540538565,-0.027477636198709986,0.06246624633532777,-0.06216713971322892
90.55027513756879,0.015532966044398053,-0.029494009878924272,0.062462575049590054,-0.06216131790277059
90.60780390195097,0.013892720146208978,-0.03143662802595367,0.06245909918251698,-0.06215628342058468
90.66533266633317,0.01224854921043631,-0.03330677792694041,0.06245581352409699,-0.062152016367518506
90.72286143071535,0.010601278601546634,-0.03510574686902486,0.0624527128643185,-0.062148496844419435
90.78039019509754,0.008951733684005323,-0.03683482213934876,0.06244979199316996,-0.0621457049521348
90.83791895947974,0.007300739822277749,-0.038495291025053786,0.0624470457006398,-0.06214362079151195
90.89544772386193,0.005649122380830091,-0.0400884408132808,0.06244446877671647,-0.062142224463398225
90.95297648824412,0.00399770672412854,-0.041615558791170695,0.06244205601138838,-0.06214149606864099
91.01050525262632,0.0023473182166380514,-0.04307793224586551,0.062439802194643984,-0.062141415708087566
91.0680340170085,0.0006987822228252207,-0.044476848464505794,0.0624377021164717,-0.06214196348258531
91.12556278139068,-0.0009470758928445797,-0.04581359473423319,0.062435750566859974,-0.06214311949298157
91.1830915457729,-0.0025894307659063923,-0.047089458342189625,0.062433942335797236,-0.06214486384012369
91.24062031015508,-0.0042274570318928065,-0.048305726575515066,0.06243227221327193,-0.06214717662485901
91.29814907453726,-0.005860329326338863,-0.04946368672135148,0.06243073498927248,-0.06215003794803487
91.35567783891946,-0.0074872222847791915,-0.05056462606684038,0.06242932545378733,-0.062153427910498625
91.41320660330165,-0.009107310542747209,-0.05160983189912251,0.0624280383968049,-0.06215732661309762
91.47073536768384,-0.010719768735777926,-0.052600591505339675,0.06242686860831364,-0.0621617141566792
91.52826413206604,-0.012323771499405181,-0.053538192172632885,0.06242581087830198,-0.062166570642090704
91.58579289644823,-0.013918493469162792,-0.054423921188143196,0.06242485999675835,-0.06217187617017949
91.64332166083041,-0.015503109280585391,-0.055259065839012134,0.06242401075367118,-0.06217761084179289
91.70085042521261,-0.017076793569207573,-0.05604491341238116,0.062423257939028934,-0.06218375475777825
91.7583791895948,-0.018638720970563183,-0.05678275119539134,0.06242259634282001,-0.06219028801898293
91.81590795397699,-0.020188066120186053,-0.0574738664751838,0.062422020755032864,-0.06219719072625426
91.87343671835917,-0.021724003653610803,-0.05811954653889998,0.06242152596565592,-0.06220444298043958
91.93096548274137,-0.02324570820637202,-0.05872107867368132,0.06242110676467763,-0.06221202488238626
91.98849424712355,-0.02475235441400318,-0.05927975016666882,0.0624207579420864,-0.06221991653294162
92.04602301150575,-0.02624311691203925,-0.05979684830500399,0.0624204742878707,-0.062228098032953025
92.10355177588795,-0.02771717033601407,-0.06027366037582798,0.06242025059201894,-0.06223654948326781
92.16108054027013,-0.029173689321461527,-0.060711473666282,0.06242008164451956,-0.06224525098473332
92.21860930465232,-0.030611848503916184,-0.061111575463507414,0.06241996223536099,-0.062254182638196896
92.27613806903452,-0.032030822518912636,-0.0614752530546456,0.062419887154531686,-0.062263324544505894
92.33366683341671,-0.033429786001984735,-0.06180379372683771,0.06241985119202005,-0.06227265680450765
92.3911955977989,-0.03480791358866636,-0.06209848476722499,0.062419849137814544,-0.062282159519049515
92.4487243621811,-0.03616437991449243,-0.062360613462948855,0.0624198757819036,-0.06229181278897884
92.50625312656328,-0.037498359614996486,-0.06259146710115043,0.06241992591427563,-0.06230159671514295
92.56378189094546,-0.03880902732571309,-0.06279233296897109,0.06241999432491909,-0.062311491398389214
92.62131065532766,-0.04009555768217679,-0.06296449835355213,0.06242007580382241,-0.06232147693956497
92.67883941970986,-0.04135712531992147,-0.06310925054203478,0.06242016514097403,-0.06233153343951755
92.73636818409204,-0.042592904874481065,-0.06322787682156032,0.06242025712636237,-0.06234164099909431
92.79389694847424,-0.04380207098139039,-0.06332166447927004,0.062420346549975886,-0.0623517797191426
92.85142571285643,-0.04498379827618308,-0.06339190080230522,0.06242042820180299,-0.06236192970050976
92.90895447723861,-0.04613726139439366,-0.0634398730778071,0.06242049687183213,-0.062372071044043124
92.96648324162082,-0.047261634971556915,-0.06346686859291706,0.062420547350051744,-0.06238218385059006
93.024012006003,-0.04835609364320593,-0.06347417463477628,0.06242057442645026,-0.06239224822099789
93.08154077038519,-0.04941981204487551,-0.06346307849052607,0.0624205728910161,-0.06240224425611398
93.13906953476739,-0.05045196481210012,-0.06343486744730771,0.062420537533737726,-0.062412152056785665
93.19659829914957,-0.05145172658041348,-0.06339082879226247,0.062420463144603554,-0.06242195172386029
93.25412706353177,-0.0524182719853503,-0.06333224981253163,0.062420344513602025,-0.0624316233581852
93.31165582791395,-0.053350775662444325,-0.06326041779525653,0.06242017643072157,-0.06244114706060774
93.36918459229615,-0.054248412247230246,-0.06317662002757835,0.06241995368595063,-0.06245050293197526
93.42671335667833,-0.055110356375241844,-0.0630821437966384,0.062419671069277635,-0.062459671073135103
93.48424212106052,-0.055935782682013546,-0.06297827638957802,0.06241932337069102,-0.06246863158493462
93.54177088544273,-0.05672386580308,-0.06286630509353834,0.06241890538017922,-0.06247736456822114
93.59929964982491,-0.0574737803739746,-0.06274751719566082,0.062418411887730674,-0.062485850123842016
93.6568284142071,-0.058184701030232,-0.06262319998308667,0.06241783768333381,-0.0624940683526446
93.7143571785893,-0.05885580240738658,-0.06249464074295709,0.06241717755697707,-0.06250199935547623
93.77188594297148,-0.05948625914097222,-0.06236312676241346,0.06241642629864888,-0.06250962323318425
93.82941470735368,-0.06007524586652346,-0.06222994532859699,0.062415578698337686,-0.06251692008661602
93.88694347173588,-0.060621937219574366,-0.06209638372864901,0.062414629546031906,-0.06252387001661887
93.94447223611806,-0.06112550783565904,-0.0619637292497108,0.062413573631719996,-0.06253045312404015
94.00200100050024,-0.061585132350311836,-0.06183326917892357,0.062412405745390365,-0.0625366495097272
94.05952976488244,-0.06199998539906708,-0.061706290803428654,0.06241112067703148,-0.06254243927452736
94.11705852926464,-0.06236924161745888,-0.061584081410367336,0.062409713216631746,-0.06254780251928801
94.17458729364682,-0.06269207564102139,-0.06146792828688091,0.062408178154179615,-0.06255271934485646
94.23211605802902,-0.06296766210528898,-0.06135911872011057,0.06240651027966351,-0.06255716985208007
94.2896448224112,-0.06319517564579573,-0.061258939997197615,0.06240470438307188,-0.06256113414180617
94.34717358679339,-0.06337379089807599,-0.06116867940528345,0.06240275525439316,-0.06256459231488212
94.40470235117559,-0.0635026824976639,-0.06108962423150921,0.06240065768361576,-0.06256752447215526
94.46223111555778,-0.06358102508009374,-0.061023061763016195,0.06239840646072815,-0.06256991071447295
94.51975987993997,-0.06360799328089971,-0.06097027928694576,0.06239599637571873,-0.06257173114268251
94.57728864432217,-0.06358276173561597,-0.06093256409043912,0.06239342221857596,-0.06257296585763131
94.63481740870435,-0.06350450507977688,-0.06091120346063758,0.062390678779288264,-0.06257359496016666
94.69234617308655,-0.06337239794891653,-0.06090748468468238,0.06238776084784408,-0.06257359855113595
94.74987493746873,-0.06318561497856923,-0.06092269504971484,0.06238466321423184,-0.06257295673138649
94.80740370185093,-0.06294333080426912,-0.060958121842876245,0.062381380668439984,-0.06257164960176564
94.86493246623311,-0.06264472006155053,-0.0610150523513078,0.062377908000456936,-0.06256965726312075
94.9224612306153,-0.062288957385947634,-0.06109477386215084,0.06237424000027115,-0.06256695981629916
94.9799899949975,-0.06187521741299456,-0.06119857366254669,0.06237037145787104,-0.0625635373621482
95.0375187593797,-0.06142037350424183,-0.061320757078966316,0.062366329771163305,-0.0625596023505522
95.09504752376188,-0.060983960910941194,-0.06143822851888331,0.062362222964807826,-0.06255593420775388
95.15257628814408,-0.06056990923987492,-0.06154916915184723,0.06235805895493498,-0.06255259034171275
95.21010505252626,-0.060177108045203966,-0.06165372307626701,0.06235383646178284,-0.06254956230082202
95.26763381690844,-0.059804446881089005,-0.06175203439055163,0.06234955420558949,-0.06254684163347488
95.32516258129066,-0.05945081530169063,-0.061844247193110116,0.06234521090659299,-0.06254441988806447
95.38269134567284,-0.059115102861169944,-0.061930505582351365,0.06234080528503142,-0.06254228861298397
95.44022011005502,-0.058796199113687546,-0.06201095365668437,0.062336336061142854,-0.06254043935662659
95.49774887443722,-0.058492993613404126,-0.06208573551451814,0.062331801955165377,-0.0625388636673855
95.5552776388194,-0.05820437591448059,-0.062154995254261595,0.06232720168733704,-0.06253755309365386
95.6128064032016,-0.05792923557107757,-0.06221887697432375,0.06232253397789593,-0.06253649918382484
95.6703351675838,-0.057666462137355906,-0.06227752477311358,0.06231779754708012,-0.06253569348629165
95.72786393196598,-0.05741494516747641,-0.06233108274904002,0.06231299111512769,-0.06253512754944746
95.78539269634817,-0.057173574215599786,-0.062379695000512055,0.0623081134022767,-0.06253479292168541
95.84292146073037,-0.05694123883588675,-0.06242350562593867,0.06230316312876524,-0.06253468115139872
95.90045022511256,-0.056716828582498116,-0.06246265872372886,0.062298139014831375,-0.06253478378698056
95.95797898949475,-0.0564992330095947,-0.06249729839229154,0.062293039780713176,-0.06253509237682411
96.01550775387695,-0.05628734167133717,-0.06252756873003572,0.062287864146648726,-0.06253559846932254
96.07303651825913,-0.0560800441218864,-0.06255361383537036,0.06228261083287609,-0.06253629361286901
96.13056528264131,-0.05587622991540308,-0.06257557780670446,0.062277278559633345,-0.06253716935585674
96.18809404702351,-0.05567478860604795,-0.06259360474244695,0.062271866047158564,-0.06253821724667886
96.24562281140571,-0.055474609747981796,-0.06260783874100682,0.06226637201568984,-0.0625394288337286
96.3031515757879,-0.055274582895365465,-0.06261842390079306,0.06226079518546521,-0.06254079566539908
96.36068034017008,-0.05507359760235966,-0.06262550432021463,0.06225513427672277,-0.06254230929008353
96.41820910455228,-0.054870543423125084,-0.0626292240976805,0.0622493880097006,-0.06254396125617509
96.47573786893447,-0.054664309911822556,-0.06262972733159963,0.062243555104636764,-0.06254574311206697
96.53326663331666,-0.0544537866226129,-0.06262715812038101,0.062237634281769344,-0.06254764640615232
96.59079539769886,-0.05423786310965677,-0.06262166056243362,0.062231624261336396,-0.06254966268682434
96.64832416208104,-0.05401542892711504,-0.06261337875616642,0.06222552376357601,-0.06255178350247619
96.70585292646322,-0.05378537362914843,-0.06260245679998838,0.062219331508726265,-0.06255400040150107
96.76338169084542,-0.05354658676991764,-0.06258903879230848,0.06221304621702521,-0.06255630493229213
96.82091045522762,-0.05329795790358347,-0.06257326883153569,0.062206666608710944,-0.06255868864324256
96.8784392196098,-0.053038376584306775,-0.06255529101607898,0.06220019140402153,-0.06256114308274555
96.935967983992,-0.05276673236624819,-0.06253524944434731,0.062193619323195046,-0.06256365979919425
96.99349674837418,-0.052481914803568605,-0.0625132882147497,0.062186949086469566,-0.06256623034098187
97.05102551275637,-0.052182813450428724,-0.062489551425695074,0.06218017941408316,-0.06256884625650155
97.10855427713858,-0.051868317860989145,-0.0624641831755924,0.062173309026273896,-0.06257149909414651
97.16608304152076,-0.05153731758941095,-0.06243732756285069,0.06216633664327986,-0.0625741804023099
97.22361180590295,-0.05118870218985475,-0.06240912868587891,0.06215926098533914,-0.06257688172938491
97.28114057028515,-0.050821361216481224,-0.062379730643085995,0.06215208077268977,-0.06257959462376472
97.33866933466733,-0.05043418422345131,-0.062349277532880956,0.06214479472556985,-0.0625823106338425
97.39619809904953,-0.05002606076492559,-0.06231791345367274,0.06213740156421745,-0.06258502130801143
97.45372686343173,-0.04959588039506491,-0.062285782503870346,0.06212990000887064,-0.06258771819466469
97.51125562781391,-0.04914253266803016,-0.062253028781882734,0.06212228877976751,-0.06259039284219543
97.5687843921961,-0.048664907137981994,-0.062219796386118874,0.06211456659714612,-0.06259303679899689
97.62631315657828,-0.04816189335908117,-0.062186229414987734,0.06210673218124454,-0.06259564161346219
97.68384192096049,-0.04763238088548821,-0.06215247196689829,0.062098784252300844,-0.06259819883398454
97.74137068534267,-0.04707525927136438,-0.06211866814025953,0.062090721530553124,-0.0626007000089571
97.79889944972486,-0.046489418070870196,-0.0620849620334804,0.062082542736239435,-0.06260313668677306
97.85642821410705,-0.04587374683816628,-0.062051497744969895,0.06207424658959786,-0.06260550041582558
97.91395697848924,-0.04522713512741367,-0.06201841937313698,0.06206583181086647,-0.06260778274450786
97.97148574287144,-0.04454847249277284,-0.06198587101639061,0.062057297120283336,-0.06260997522121307
98.02901450725363,-0.0438366484884047,-0.06195399677313978,0.062048641238086545,-0.06261206939433439
98.08654327163582,-0.04309055266847019,-0.06192294074179348,0.06203986288451416,-0.06261405681226499
98.144072036018,-0.04230907458712993,-0.06189284702076064,0.06203096077980425,-0.06261592902339805
98.2016008004002,-0.04149110379854446,-0.06186385970845024,0.06202193364419489,-0.06261767757612675
98.2591295647824,-0.04063552985687474,-0.06183612290327127,0.06201278019792418,-0.06261929401884428
98.31665832916458,-0.03974124231628176,-0.061809780703632716,0.06200349916123016,-0.06262076989994379
98.37418709354678,-0.038807130730925836,-0.061784977207943514,0.06199408925435092,-0.06262209676781848
98.43171585792896,-0.03783208465496819,-0.06176185651461266,0.06198454919752453,-0.06262326617086152
98.48924462231115,-0.03681499364256939,-0.06174056272204912,0.06197487771098907,-0.06262426965746609
98.54677338669335,-0.0357547472478899,-0.06172123992866188,0.06196507351498261,-0.06262509877602537
98.60430215107554,-0.03465023502509074,-0.061704032232859876,0.06195513532974321,-0.06262574507493253
98.66183091545773,-0.03350034652833298,-0.06168908373305212,0.061945061875508974,-0.06262620010258076
98.71935967983993,-0.0323039713117768,-0.061676538527647574,0.06193485187251795,-0.06262645540736322
98.77688844422211,-0.031059998929583558,-0.061666540715055194,0.06192450404100824,-0.06262650253767311
98.8344172086043,-0.029767318935913736,-0.06165923439368397,0.061914017101217876,-0.0626263330419036
98.89194597298649,-0.028424820884927756,-0.061654763661942856,0.06190338977338496,-0.06262593846844786
98.94947473736869,-0.02703139433078669,-0.06165327261824084,0.06189262077774757,-0.06262531036569907
99.00700350175087,-0.025585928827651684,-0.06165490536098692,0.061881708834543775,-0.06262444028205041
99.06453226613306,-0.024087313929683142,-0.061659805988590013,0.061870652664011636,-0.06262331976589507
99.12206103051525,-0.022534439191041453,-0.06166811859945913,0.06185945098638924,-0.0626219403656262
99.17958979489745,-0.020926194165887743,-0.06167998729200323,0.06184810252191465,-0.062620293629637
99.23711855927964,-0.0192614684083832,-0.06169555616463129,0.061836605990825966,-0.06261837110632064
99.29464732366183,-0.017539151472687753,-0.06171496931575228,0.06182496011336123,-0.0626161643440703
99.35217608804402,-0.01575813291296302,-0.06173837084377517,0.061813163609758526,-0.06261366489127915
99.4097048524262,-0.013917302283369362,-0.061765904847108935,0.061801215200255936,-0.06261086429634038
99.46723361680841,-0.01201554913806658,-0.06179771542416257,0.061789113605091525,-0.06260775410764717
99.5247623811906,-0.010051763031217307,-0.061833946673345005,0.061776857544503384,-0.0626043258735927
99.58229114557278,-0.0080248335169814,-0.061874742693065234,0.06176444573872957,-0.06260057114257012
99.63981990995498,-0.005933650149519094,-0.06192024758173225,0.06175187690800816,-0.06259648146297264
99.69734867433716,-0.003777102482992182,-0.06197060543775498,0.061739149772577225,-0.06259204838319342
99.75487743871936,-0.001554080071560368,-0.062025960359542436,0.061726263052674854,-0.06258726345162564
99.81240620310156,0.0007365275306150526,-0.06208645644550358,0.0617132154685391,-0.06258211821666249
99.86993496748374,0.003095830769372733,-0.062152237794047376,0.06170000574040805,-0.06257660422669713
99.92746373186593,0.005524940090552464,-0.06222344850358279,0.06168663258851977,-0.06257071303012275
99.98499249624813,0.008024965939994109,-0.062300232672518815,0.06167309473311235,-0.06256443617533251
100.04252126063032,0.01055609635495142,-0.06236748431776608,0.061658869419422786,-0.06255806769894007
100.10005002501251,0.013015651270890731,-0.06238732556651052,0.06164237303113716,-0.06255235836874867
100.1575787893947,0.015399648065819973,-0.06235928998506292,0.06162302998769893,-0.06254732174060915
100.21510755377689,0.017709201770820606,-0.06228482559314299,0.06160032382406392,-0.06254293351037675
100.27263631815907,0.019945427416975876,-0.06216538041047037,0.061573738075187935,-0.06253916937390679
100.33016508254127,0.022109440035368945,-0.06200240245676472,0.06154275627602674,-0.06253600502705453
100.38769384692347,0.024202354657081898,-0.061797339751745735,0.06150686196153618,-0.06253341616567527
100.44522261130565,0.026225286313196892,-0.061551640315133146,0.061465538666672044,-0.0625313784856243
100.50275137568784,0.02817935003479709,-0.0612667521666466,0.06141826992639015,-0.0625298676827569
100.56028014007003,0.030065660852965595,-0.060944123326005684,0.061364539275646265,-0.06252885945292837
100.61780890445222,0.03188533379878412,-0.06058520181293023,0.06130383024939624,-0.06252832949199398
100.67533766883442,0.033639483903336195,-0.06019143564713974,0.06123562638259584,-0.06252825349580901
100.73286643321661,0.035329226197704025,-0.059764272848353985,0.06115941121020088,-0.06252860716022877
100.7903951975988,0.03695567571296984,-0.05930516143629274,0.0610746682671672,-0.06252936618110855
100.84792396198098,0.038519947480216726,-0.05881554943067561,0.06098088108845056,-0.0625305062543036
100.90545272636318,0.040023156530527675,-0.058296884851222114,0.06087753320900676,-0.06253200307566925
100.96298149074538,0.04146641789498494,-0.05775061571765204,0.060764108163791616,-0.06253383234106076
101.02051025512756,0.04285084660467083,-0.057178190049685246,0.06064008948776097,-0.06253596974633342
101.07803901950976,0.044177557690668674,-0.056581055867041104,0.06050496071587056,-0.06253839098734253
101.13556778389194,0.045447666184060466,-0.05596066118943957,0.06035820538307626,-0.06254107175994336
101.19309654827413,0.04666228711592917,-0.055318454036600205,0.06019930702433384,-0.0625439877599912
101.25062531265634,0.047822535517358,-0.054655882428242354,0.06002774917459901,-0.06254711468334136
101.30815407703852,0.04892952641942844,-0.05397439438408632,0.05984301536882775,-0.06255042822584908
101.3656828414207,0.04998437485322374,-0.053275437923851476,0.05964458914197579,-0.0625539040833697
101.4232116058029,0.05098819584982675,-0.05256046106725733,0.05943195402899887,-0.06255751795175846
101.48074037018509,0.05194210444031966,-0.0518309118340239,0.0592045935648529,-0.06256124552687067
101.53826913456729,0.05284721565578554,-0.051088238243870474,0.058961991284493566,-0.06256506250456163
101.59579789894948,0.05370464452730683,-0.050333888316516966,0.058703630722876744,-0.0625689445806866
101.65332666333167,0.05451550608596596,-0.04956931007168322,0.058428995414958294,-0.06257286745110088
101.71085542771385,0.055280915362845795,-0.04879595152908871,0.05813756889569396,-0.06257680681165977
101.76838419209604,0.05600198738902898,-0.04801526070845312,0.05782883470003954,-0.06258073835821852
101.82591295647825,0.056679837195598465,-0.047228685629495754,0.05750227636295069,-0.06258463778663245
101.88344172086043,0.05731557981363624,-0.046437674311937044,0.05715737741938352,-0.06258848079275683
101.94097048524262,0.057910330274225284,-0.045643674775496294,0.056793621404293684,-0.06259224307244696
101.99849924962481,0.05846520360844839,-0.04484813503989298,0.05641049185263689,-0.06259590032155811
102.056028014007,0.05898131484738791,-0.04405250312484717,0.05600747229936913,-0.0625994282359456
102.1135567783892,0.059459779022126735,-0.04325822705007816,0.055584046279446006,-0.06260280251146466
102.1710855427714,0.0599017111637474,-0.042466754835305806,0.055139697327823416,-0.06260599884397063
102.22861430715358,0.06030822630333244,-0.041679534500249985,0.0546739089794573,-0.06260899292931876
102.28614307153576,0.0606804394719646,-0.04089801406463019,0.05418616476930333,-0.06261176046336438
102.34367183591796,0.06101946570072662,-0.0401236415481659,0.0536759482323172,-0.06261427714196273
102.40120060030014,0.06132642002070097,-0.03935786497057717,0.053142742903454956,-0.06261651866096912
102.45872936468234,0.06160241746297044,-0.03860213235158329,0.05258603231767214,-0.06261846071623883
102.51625812906454,0.061848573058617594,-0.037857891710904146,0.0520053000099247,-0.06262007900362716
102.57378689344672,0.06206600183872502,-0.037126591068259586,0.05140002951516856,-0.06262134921898938
102.6313156578289,0.06225581883437545,-0.0364096784433691,0.05076970436835941,-0.06262224705818079
102.6888444222111,0.06241913907665153,-0.035708601855952204,0.05011380810445289,-0.06262274821705666
102.7463731865933,0.0625570775966359,-0.03502480932572874,0.049431824258404936,-0.06262282839147229
102.80390195097549,0.06267074942541112,-0.034359748872418557,0.04872323636517155,-0.06262246327728298
102.86143071535768,0.0627612695940599,-0.033714868515741,0.04798752795970817,-0.06262162857034398
102.91895947973987,0.06282975313366491,-0.033091616275416076,0.047224182576970974,-0.06262029996651061
102.97648824412205,0.06287731507530872,-0.03249144017116328,0.04643268375191559,-0.06261845316163814
103.03401700850426,0.06290507045007403,-0.03191578822270202,0.045612515019497396,-0.06261606385158186
103.09154577288645,0.06291413428904347,-0.03136610844975255,0.04476315991467302,-0.06261310773219707
103.14907453726863,0.06290562162329967,-0.030843848872034244,0.043884101972397865,-0.06260956049933902
103.20660330165082,0.06288064748392527,-0.030350457509266772,0.04297482472762773,-0.06260539784886304
103.26413206603301,0.06284032690200295,-0.029887382381169725,0.042034811715318185,-0.0626005954766244
103.32166083041521,0.0627857749086153,-0.029456071507462885,0.04106354647042526,-0.06259512907847838
103.3791895947974,0.062718106534845,-0.029057972907866027,0.040060512527905004,-0.06258897435028028
103.4367183591796,0.06263843681177468,-0.02869453460209865,0.03902519342271273,-0.06258210698788537
103.49424712356178,0.062547880770487,-0.028367204609880577,0.03795707268980475,-0.06257450268714895
103.55177588794396,0.062447553442064596,-0.02807743095093143,0.03685563386413662,-0.0625661371439263
103.60930465232617,0.06233856985759001,-0.027826661644970732,0.03572036048066357,-0.06255698605407271
103.66683341670836,0.06222204504814609,-0.027616344711718428,0.03455073607434253,-0.06254702511344347
103.72436218109054,0.062099094044815326,-0.027447928170894073,0.033346244180128756,-0.06253623001789387
103.78189094547274,0.061970831878680424,-0.027322860042217303,0.032106368332977725,-0.06252457646327916
103.83941970985492,0.061838373580823974,-0.027242588345407846,0.03083059206784587,-0.06251204014545468
103.89694847423712,0.061702834182328636,-0.027208561100185373,0.029518398919688365,-0.062498596760275686
103.95447723861932,0.06156532871427711,-0.02722222632626954,0.02816927242346131,-0.062484222003597475
104.0120060030015,0.06142697220775198,-0.027285032043380036,0.02678269611412086,-0.06246889157127533
104.06953476738369,0.061288879693835924,-0.027398426271236537,0.025358153526622504,-0.06245258115916455
104.12706353176588,0.06115216620361155,-0.027563857029558755,0.023895128195921676,-0.06243526646312039
104.18459229614808,0.061017946768161496,-0.027782772338066357,0.022393103656974514,-0.06241692317899817
104.24212106053027,0.060887336418568416,-0.028056620216478922,0.020851563444737202,-0.062397527002653164
104.29964982491246,0.06076145018591503,-0.02838684868451629,0.019269991094164815,-0.06237705362994065
104.35717858929465,0.06064140310128385,-0.028774905761897965,0.017647870140213906,-0.06235547875671594
104.41470735367683,0.06052831019575766,-0.029222239468343687,0.015984684117839904,-0.06233277807883429
104.47223611805903,0.06042328650041895,-0.029730297823573296,0.014279916561998202,-0.062308927292151005
104.52976488244123,0.06032744704635046,-0.030300528847306323,0.012533051007644992,-0.06228390209252136
104.58729364682341,0.06024190686463485,-0.030934380559262314,0.01074357098973653,-0.06225767817580066
104.6448224112056,0.060167780986354696,-0.03163330097916107,0.008910960043228201,-0.06223023123784419
104.7023511755878,0.060106184442592664,-0.032398738126722455,0.0070347017030753245,-0.06220153697450721
104.75987993996998,0.06005823226443141,-0.03323214002166578,0.0051142795042346395,-0.06217157108164504
104.81740870435218,0.06002503948295357,-0.03413495468371114,0.003149176981660999,-0.06214030925511294
104.87493746873437,0.0600077211292418,-0.035108630132578,0.0011388776703106854,-0.06210772719076621
104.93246623311656,0.06000739223437873,-0.03615461438798577,-0.0009171348948599917,-0.06207380058446014
104.98999499749874,0.060025167829447,-0.03727435546965438,-0.0030193771788957074,-0.062038505132050024
105.04752376188094,0.06005694637239643,-0.038425371262530275,-0.0051348857237170885,-0.06200472322769077
105.10505252626314,0.06009325674821797,-0.03952606361193943,-0.007200821248380237,-0.061977729975329195
105.16258129064532,0.060133648216372286,-0.04057561984403891,-0.00921586128541046,-0.061957300735560154
105.22011005502752,0.060177894480200986,-0.04157517273785593,-0.01118016544314405,-0.06194308037253635
105.2776388194097,0.0602257692430456,-0.04252585507241671,-0.013093893329915323,-0.06193471375041047
105.33516758379189,0.06027704620824775,-0.0434287996267482,-0.014957204554060069,-0.061931845733335225
105.3926963481741,0.06033149907914904,-0.04428513917987752,-0.01677025872391446,-0.061934121185463306
105.45022511255628,0.060388901559090984,-0.04509600651083052,-0.018533215447812,-0.06194118497094743
105.50775387693847,0.0604490273514152,-0.04586253439863434,-0.02024623433408889,-0.06195268195394028
105.56528264132066,0.06051165015946328,-0.04658585562231586,-0.021909474991080827,-0.06196825699859457
105.62281140570285,0.060576543686576785,-0.04726710296090144,-0.02352309702712228,-0.06198755496906299
105.68034017008505,0.060643481636097306,-0.04790740919341809,-0.025087260050549343,-0.062010220729498244
105.73786893446724,0.06071223771136644,-0.04850790709889238,-0.026602123669696897,-0.06203589914405304
105.79539769884943,0.06078258561572572,-0.04906972945635085,-0.028067847492899888,-0.06206423507688006
105.85292646323161,0.06085429905251677,-0.04959400904482038,-0.02948459112849398,-0.06209487339213202
105.9104552276138,0.060927151725081154,-0.05008187864332766,-0.03085251418481447,-0.06212745895396162
105.96798399199601,0.061000917336760496,-0.050534471030899614,-0.032171776270197294,-0.06216163662652158
106.02551275637819,0.0610753695908963,-0.05095291898656249,-0.03344253699297643,-0.06219705127396455
106.08304152076037,0.0611502821908302,-0.05133835528934324,-0.03466495596148786,-0.062233347760443265
106.14057028514257,0.06122542883990377,-0.05169191271826863,-0.035839192784067136,-0.06227017095011043
106.19809904952476,0.061300583241458574,-0.052014724052365215,-0.036965407069048974,-0.06230716570711872
106.25562781390695,0.06137551909883623,-0.05230792207065985,-0.03804375842476923,-0.062343976895620865
106.31315657828915,0.06145001011537828,-0.05257263955217914,-0.03907440645956291,-0.062380249379769555
106.37068534267134,0.061523829994426314,-0.05281000927594977,-0.04005751078176507,-0.06241562802371747
106.42821410705352,0.061596752439321924,-0.053021164020998476,-0.04099323099971126,-0.06244975769161734
106.48574287143572,0.0616685511534067,-0.05320723656635202,-0.04188172672173699,-0.06248228324762185
106.5432716358179,0.06173899984002219,-0.053369359691037024,-0.042723157556177116,-0.06251284955588371
106.6008004002001,0.06180787220251002,-0.05350866617408026,-0.04351768311136735,-0.06254110148055561
106.6583291645823,0.061874941944211746,-0.053626288794508384,-0.044265462995642754,-0.06256668388579026
106.71585792896448,0.06193998276846893,-0.0537233603313481,-0.04496665681733848,-0.06258924163574034
106.77338669334667,0.06200276837862319,-0.05380101356362613,-0.04562142418478998,-0.06260841959455858
106.83091545772886,0.06206307247801609,-0.0538603812703692,-0.04622992470633271,-0.06262386262639767
106.88844422211106,0.062120668769989215,-0.05390259623060398,-0.0467923179903018,-0.0626352155954103
106.94597298649325,0.06217533095788414,-0.05392879122335717,-0.0473087636450324,-0.06264212336574919
107.00350175087544,0.06222683274504246,-0.05394009902765551,-0.047779421278860076,-0.06264423080156702
107.06103051525763,0.06227494783480573,-0.05393765242252566,-0.048204450500119886,-0.0626411827670165
107.11855927963981,0.06231944993051556,-0.05392258418699439,-0.048584010917147244,-0.06263262412625033
107.17608804402202,0.06236011273551353,-0.053896027100088326,-0.04891826213827761,-0.06261819974342121
107.23361680840421,0.06239670995314119,-0.053859113940834216,-0.04920736377184591,-0.06259755448268184
107.29114557278639,0.06242901528674016,-0.053812977488258765,-0.049451475426187635,-0.06257033320818493
107.34867433716857,0.06245680243965199,-0.05375875052138868,-0.04965075670963808,-0.06253618078408317
107.40620310155077,0.062479845115218285,-0.05369756581925065,-0.04980536723053257,-0.062494742074529264
107.46373186593297,0.06249791701678062,-0.05363055616087137,-0.04991546659720634,-0.06244566194367591
107.52126063031515,0.06251079184768056,-0.05355885432527759,-0.04998121441799467,-0.06238858525567581
107.57878939469735,0.06251824331125971,-0.05348359309149595,-0.05000277030123289,-0.06232315687468165
107.63631815907954,0.06252004511085965,-0.05340590523855323,-0.0499802938552563,-0.06224902166484618
107.69384692346172,0.06251597094982195,-0.05332692354547607,-0.04991394468840016,-0.06216582449032206
107.75137568784393,0.06250579453148818,-0.05324778079129119,-0.04980388240899973,-0.062073210215261944
107.80890445222612,0.06248928955919994,-0.05316960975502533,-0.04965026662539039,-0.06197082370381864
107.8664332166083,0.062466229736298805,-0.05309354321570515,-0.04945325694590741,-0.06185830982014479
107.9239619809905,0.06243638876612636,-0.05302071395235738,-0.049213012978886014,-0.06173531342839308
107.98149074537268,0.06239954035202419,-0.052952254744008706,-0.0489296943326616,-0.061601479392716256
108.03901950975488,0.06235545819733386,-0.05288929836968585,-0.04860346061556933,-0.06145645257726696
108.09654827413708,0.06230391600539696,-0.052832977608415516,-0.0482344714359446,-0.06129987784619792
108.15407703851926,0.0622446874795551,-0.05278442523922439,-0.04782288640212275,-0.06113140006366188
108.21160580290145,0.06217754632314982,-0.05274477404113921,-0.047368865122438986,-0.0609506640938115
108.26913456728364,0.062102266239522703,-0.052715156793186634,-0.046872567205228505,-0.06075731480079945
108.32666333166583,0.06201862093201537,-0.05269670627439342,-0.04633415225882684,-0.0605509970487785
108.38419209604803,0.06192638410396935,-0.05269055526378623,-0.04575377989156901,-0.06033135570190126
108.44172086043022,0.06182532945872624,-0.05269783654039177,-0.045131609711790435,-0.06009803562432049
108.4992496248124,0.06171523069962767,-0.05271968288323678,-0.0444678013278266,-0.05985068168018894
108.55677838919459,0.06159586153001518,-0.05275722707134791,-0.04376251434801261,-0.05958893873365926
108.61430715357679,0.06146699565323032,-0.05281160188375193,-0.0430159083806836,-0.05931245164888408
108.67183591795899,0.06132840677261472,-0.05288394009947551,-0.042228143034175006,-0.059020865290016156
108.72936468234117,0.061179868591509964,-0.05297537449754533,-0.04139937791682237,-0.05871382452120828
108.78689344672335,0.06102115481325763,-0.05308703785698811,-0.04052977263696074,-0.058390974206613086
108.84442221110555,0.06085203914119924,-0.05322006295683062,-0.03961948680292525,-0.05805195921038316
108.90195097548774,0.06067229527867647,-0.05337558257609945,-0.038668680023051585,-0.0576964243966714
108.95947973986993,0.0604816969290308,-0.053554729493821424,-0.037677511905674574,-0.05732401462963031
109.01700850425213,0.06028001779560387,-0.05375863648902318,-0.03664614205912976,-0.0569343747734127
109.07453726863432,0.060067031581737304,-0.05398843634073136,-0.03557473009175266,-0.056527149692171354
109.1320660330165,0.05984251199077263,-0.05424526182797276,-0.034463435611878396,-0.056101984250058884
109.1895947973987,0.05960623272605139,-0.05453024572977412,-0.03331241822784192,-0.05565852331122788
109.2471235617809,0.059357967490915195,-0.05484452082516207,-0.032121837547978815,-0.05519641173983114
109.30465232616308,0.05909748998870571,-0.05518921989316329,-0.03089185318062468,-0.05471529440002149
109.36218109054528,0.058824573922764384,-0.05556547571280457,-0.029622624734114117,-0.0542148161559514
109.41970985492746,0.05853899299643293,-0.05597442106311251,-0.028314311816783205,-0.053694621871773804
109.47723861930965,0.05824052091305286,-0.056417188723113854,-0.02696707403696677,-0.05315435641164129
109.53476738369186,0.05792893137596561,-0.056894911471835535,-0.025581071002999528,-0.05259366463970627
109.59229614807404,0.05760399808851305,-0.05740872208830386,-0.024156462323218053,-0.052012191420122006
109.64982491245622,0.05726549475403663,-0.057959753351545684,-0.02269340760595706,-0.051409581617040935
109.70735367683842,0.05691319507587783,-0.058549138040587895,-0.02119206645955138,-0.05078548009461557
109.7648824412206,0.05654687275737842,-0.059178008934456905,-0.01965259849233711,-0.05013953171699896
109.8224112056028,0.05616630150187979,-0.05984749881217974,-0.018075163312648745,-0.04947138134834346
109.879939969985,0.055771255012723606,-0.060558740452782936,-0.01645992052882192,-0.04878067385280194
109.93746873436719,0.05536150699325156,-0.06131286663529299,-0.01480702974919243,-0.04806705409452726
109.99499749874937,0.05493683114680514,-0.06211101013873681,-0.013116650582095074,-0.047330166937671975
110.05252626313157,0.05449357892306286,-0.0628991230964152,-0.011432888460681787,-0.04657834798582597
110.11005502751375,0.0540273070612132,-0.06360203768663818,-0.009816206317499982,-0.045823702289144036
110.16758379189595,0.053538642493349026,-0.06422104400472836,-0.008265881314402403,-0.045066575522680806
110.22511255627813,0.05302824430821085,-0.06475793348078895,-0.006780790395193255,-0.044307235318760074
110.28264132066033,0.05249677159453867,-0.06521449754492369,-0.005359810503675235,-0.04354594930970488
110.34017008504252,0.051944883441073036,-0.06559252762723582,-0.004001818583652486,-0.04278298512783903
110.39769884942471,0.05137323893655393,-0.065893815157829,-0.0027056915789277726,-0.04201861040548556
110.45522761380691,0.05078249716972174,-0.06612015156680665,-0.0014703064333048727,-0.041253092774968074
110.5127563781891,0.050173317229316894,-0.06627332828427217,-0.0002945400905875065,-0.040486699868610185
110.57028514257128,0.04954635820407951,-0.06635513674032914,0.0008227305054211995,-0.039719699318735126
110.62781390695348,0.04890227918274968,-0.06636736836508104,0.0018826284109180668,-0.03895235875766612
110.68534267133566,0.04824173925406801,-0.06631181458863133,0.0028862766820991334,-0.038184945817726974
110.74287143571786,0.04756539750677442,-0.06619026684108346,0.0038347983751614604,-0.03741772813124074
110.80040020010006,0.04687391302960934,-0.06600451655254094,0.004729316546301354,-0.036650973330530995
110.85792896448224,0.0461679449113132,-0.0657563551531073,0.005570954251715178,-0.035884949047921375
110.91545772886442,0.04544815224062611,-0.065447574072886,0.0063608345475997235,-0.035119922915735104
110.97298649324662,0.044715194106288145,-0.06507996474198041,0.007100080490151726,-0.0343561625662954
111.03051525762882,0.043969729597039736,-0.06465531859049407,0.007789815135567554,-0.03359393563192589
111.088044022011,0.043212417801621356,-0.06417542704853063,0.008431161540043619,-0.03283350974495019
111.1455727863932,0.04244391780877289,-0.06364208154619329,0.009025242759776795,-0.03207515253769131
111.20310155077539,0.04166488870723496,-0.06305707351358582,0.009573181850963355,-0.031319131642473075
111.26063031515757,0.04087598958574766,-0.06242219438081158,0.010076101869800017,-0.030565714691618697
111.31815907953978,0.04007787953305086,-0.06173923557797367,0.01053512587248355,-0.029815169317451238
111.37568784392197,0.039271217637885596,-0.06100998853517628,0.010951376915210084,-0.029067763152294857
111.43321660830415,0.03845666298899176,-0.06023624468252253,0.0113259780541764,-0.028323763828472598
111.49074537268635,0.03763487467510939,-0.05941979545011575,0.011660052345579153,-0.027583438978307707
111.54827413706853,0.03680651178497917,-0.05856243226805978,0.011954722845614725,-0.02684705623412396
111.60580290145073,0.035972233407340966,-0.05766594656645768,0.012211112610479847,-0.02611488322824442
111.66333166583291,0.03513269863093543,-0.056732129775413406,0.012430344696370936,-0.025387187592992865
111.72086043021511,0.03428856654450242,-0.055762773325029935,0.012613542159484674,-0.024664236960692355
111.7783891945973,0.03344049623678262,-0.05475966864541126,0.01276182805601753,-0.02394629896366667
111.83591795897948,0.03258914679651609,-0.05372460716666062,0.012876325442166117,-0.023233641234239044
111.89344672336168,0.031735177312442873,-0.05265938031888122,0.012958157374127015,-0.022526531404732732
111.95097548774388,0.030879246873303443,-0.05156577953217681,0.01300844690809675,-0.021825237107471328
112.00850425212606,0.030022014567838286,-0.05044559623665114,0.013028317100271906,-0.021130025974778418
112.06603301650826,0.029164139484787237,-0.049300621862407135,0.013018891006849026,-0.02044116563897708
112.12356178089044,0.02830628071289098,-0.04813264783954884,0.012981291684024704,-0.019758923732391076
112.18109054527264,0.027449097340889357,-0.04694346559817917,0.012916642187995465,-0.019083567887343493
112.23861930965484,0.026593248457522853,-0.0457348665684019,0.012826065574957884,-0.01841536573615791
112.29614807403702,0.025739393151531932,-0.04450864218032081,0.012710684901108563,-0.01775458491115792
112.3536768384192,0.024888190511656645,-0.043266583864039095,0.012571623222644053,-0.01710149304466677
112.4112056028014,0.024040299626637052,-0.042010483049659895,0.01241000359576086,-0.016456357769007723
112.46873436718359,0.02319637958521384,-0.04074213116728732,0.012226949076655613,-0.01581944671650452
112.52626313156578,0.022357089476126843,-0.039463319647024264,0.012023582721524824,-0.015191027519480258
112.58379189594798,0.02152308838811655,-0.03817583991897448,0.011801027586565073,-0.014571367810258523
112.64132066033017,0.02069503540992342,-0.03688148341324177,0.011560406727972997,-0.013960735221162885
112.69884942471235,0.019873589630287507,-0.035582041559929334,0.011302843201945093,-0.013359397384516608
112.75637818909455,0.019059410137948887,-0.034279305789140305,0.011029460064677865,-0.012767621932642971
112.81390695347675,0.018253156021648013,-0.03297506753097848,0.010741380372367937,-0.012185676497865533
112.87143571785893,0.017455486370125353,-0.03167111821554766,0.010439727181211951,-0.01161382871250786
112.92896448224111,0.01666706027212097,-0.030369249272951038,0.010125623547406384,-0.011052346208893227
112.98649324662331,0.01588853681637493,-0.02907125213329173,0.009800192527147727,-0.010501496619344918
113.0440220110055,0.015120575091627897,-0.027778918226673915,0.00946455717663272,-0.009961547576186627
113.1015507753877,0.014363834186619746,-0.02649403898320038,0.009119840552057765,-0.009432766711741512
113.15907953976989,0.013618973190090929,-0.02521840583297494,0.008767165709619454,-0.008915421658333113
113.21660830415207,0.012886651190781896,-0.02395381020610142,0.008407655705514508,-0.008409780048284984
113.27413706853426,0.01216752727743272,-0.02270204353268296,0.008042433595939369,-0.007916109513920414
113.33166583291646,0.011462260538783492,-0.021464897242822717,0.007672622437090493,-0.007434677687562704
113.38919459729865,0.010771510063574664,-0.020244162766624565,0.007299345285164557,-0.006965752201535404
113.44672336168084,0.010095934940546655,-0.01904163153419218,0.006923725196358241,-0.006509600688162034
113.50425212606304,0.0094361942584394,-0.0178590949756285,0.006546885226867888,-0.006066490779765792
113.56178089044522,0.00879294710599349,-0.016698344521037592,0.006169948432890218,-0.005636690108670321
113.6193096548274,0.008166852571949022,-0.01556117160052263,0.005794037870621785,-0.005220466307198927
113.67683841920962,0.00755856974504596,-0.014449367644186584,0.005420276596258905,-0.004818087007674837
113.7343671835918,0.006968757714025178,-0.013364724082134002,0.005049787665998534,-0.004429819842421863
113.79189594797398,0.006398075567626626,-0.012309032344467799,0.004683694136037017,-0.004055932443763227
113.84942471235618,0.005847182394590436,-0.01128408386129122,0.004323119062570879,-0.003696692444022258
113.90695347673837,0.005316737283657145,-0.010291670062708272,0.00396918550179684,-0.0033523674755225573
113.96448224112056,0.004807399323566761,-0.009333582378821911,0.003623016509911259,-0.0030232251705873715
114.02201100550276,0.004319827603059673,-0.008411612239735897,0.0032857351431108545,-0.0027095331615402153
114.07953976988495,0.0038546812108762596,-0.0075275510755539315,0.002958464457592208,-0.0024115590807045704
114.13706853426713,0.003412619235756663,-0.006683190316379234,0.0026423275095518034,-0.0021295705604037814
114.19459729864933,0.0029943007664410513,-0.005880321392315119,0.0023384473551861795,-0.0018638352329611984
114.25212606303151,0.0026003848916698845,-0.005120735733465442,0.0020479470506920006,-0.001614620730700381
114.30965482741371,0.0022315307001832332,-0.004406224769933326,0.0017719496522656947,-0.0013821946859446238
114.3671835917959,0.0018883972807215536,-0.003738579931822597,0.0015115782161039953,-0.001166824731017464
114.42471235617809,0.001571643722024934,-0.003119592649236405,0.0012679557984033168,-0.0009687784982422114
114.48224112056027,0.0012819291128337955,-0.0025510543522785645,0.0010422054553603094,-0.0007883236199423809
114.53976988494246,0.0010199125418883202,-0.0020347564710523625,0.0008354502431715122,-0.000625727728441345
114.59729864932467,0.0007862530979286624,-0.0015724904356611002,0.0006488132180334089,-0.00048125845606245
114.65482741370685,0.0005816098696953126,-0.0011660476762086758,0.00048341743614271904,-0.0003551834351292714
114.71235617808904,0.00040664194592842165,-0.0008172196227983486,0.0003403859536959264,-0.0002477702979651452
114.76988494247124,0.0002620084153682131,-0.0005277977055335448,0.00022084182688955623,-0.0001592866768934751
114.82741370685342,0.00014836836675502854,-0.0002995733545178847,0.00012590811192025875,-9.000020423770988e-5
114.88494247123562,6.638088882907414e-5,-0.00013433799985468342,5.6707864984489875e-5,-4.017851232125669e-5
114.94247123561782,1.670507033063942e-5,-3.3883071647561325e-5,1.4364142278899816e-5,-1.0089233467559106e-5
115.0,0.0,0.0,0.0,0.0
