time_ns,u_X1,u_Y1,u_X2,u_Y2
0,0,0,0,0
0.1246456562,1.5019923e-05,1.732545986e-05,-4.777172353e-06,3.231628635e-05
0.2492913123,5.967213926e-05,6.837639584e-05,-1.92198606e-05,0.0001278848194
0.3739369685,0.0001333453197,0.0001517646425,-4.349482154e-05,0.0002846351103
0.4985826246,0.0002354281352,0.0002661020346,-7.776881194e-05,0.0005004966701
0.6232282808,0.0003653092567,0.0004100004066,-0.0001222085886,0.0007733990097
0.747873937,0.0005223773551,0.0005820715931,-0.0001769809083,0.00110127164
0.8725195931,0.0007060211014,0.0007809274288,-0.0002422525278,0.001482044073
0.9971652493,0.0009156291663,0.001005179748,-0.0003181902039,0.001913645819
1.121810905,0.001150590221,0.001253440386,-0.0004049606934,0.002394006388
1.246456562,0.001410292936,0.001524321177,-0.0005027307531,0.002921055293
1.371102218,0.001694125983,0.001816433955,-0.0006116671398,0.003492722045
1.495747874,0.002001478032,0.002128390556,-0.0007319366102,0.004106936153
1.62039353,0.002331737754,0.002458802813,-0.0008637059212,0.00476162713
1.745039186,0.00268429382,0.002806282562,-0.001007141829,0.005454724486
1.869684842,0.003058534902,0.003169441636,-0.001162411092,0.006184157733
1.994330499,0.003453849669,0.003546891872,-0.001329680465,0.006947856381
2.118976155,0.003869626794,0.003937245102,-0.001509116706,0.007743749942
2.243621811,0.004305254946,0.004339113163,-0.001700886572,0.008569767927
2.368267467,0.004760122797,0.004751107888,-0.001905156818,0.009423839846
2.492913123,0.005233619018,0.005171841111,-0.002122094203,0.01030389521
2.617558779,0.005725132279,0.005599924669,-0.002351865482,0.01120786353
2.742204436,0.006234051252,0.006033970395,-0.002594637414,0.01213367432
2.866850092,0.006759764607,0.006472590123,-0.002850576753,0.01307925709
2.991495748,0.007301661015,0.006914395689,-0.003119850258,0.01404254135
3.116141404,0.007859129147,0.007357998927,-0.003402624685,0.01502145661
3.24078706,0.008431557675,0.007802011672,-0.00369906679,0.01601393238
3.365432716,0.009018335269,0.008245045758,-0.004009343331,0.01701789817
3.490078373,0.009618850599,0.00868571302,-0.004333621064,0.0180312835
3.614724029,0.01023249234,0.009122625293,-0.004672066747,0.01905201788
3.739369685,0.01085864915,0.00955439441,-0.005024847135,0.02007803081
3.864015341,0.01149670972,0.009979632208,-0.005392128986,0.0211072518
3.988660997,0.01214606271,0.01039695052,-0.005774079056,0.02213761038
4.113306653,0.01280609679,0.01080496118,-0.006170864103,0.02316703604
4.237952309,0.01347620063,0.01120227602,-0.006582650883,0.02419345831
4.362597966,0.0141557629,0.01158750689,-0.007009606152,0.02521480669
4.487243622,0.01484417228,0.0119592656,-0.007451896668,0.02622901069
4.611889278,0.01554081744,0.012316164,-0.007909689188,0.02723399982
4.736534934,0.01624508704,0.01265681393,-0.008383150468,0.0282277036
4.86118059,0.01695636975,0.01297982721,-0.008872447264,0.02920805153
4.985826246,0.01767405426,0.01328381568,-0.009377746335,0.03017297314
5.110471903,0.01839752922,0.01356739118,-0.009899214436,0.03112039791
5.235117559,0.01912618331,0.01382916554,-0.01043701832,0.03204825538
5.359763215,0.01985940521,0.01406775059,-0.01099132476,0.03295447505
5.484408871,0.02059658357,0.01428175817,-0.01156230049,0.03383698643
5.609054527,0.02133710708,0.01446980012,-0.01215011228,0.03469371903
5.733700183,0.0220803644,0.01463048826,-0.01275492689,0.03552260236
5.85834584,0.02282574421,0.01476243444,-0.01337691106,0.03632156594
5.982991496,0.02357263517,0.01486425049,-0.01401623157,0.03708853928
6.107637152,0.02432042595,0.01493454824,-0.01467305516,0.03782145188
6.232282808,0.02506850524,0.01497193953,-0.01534754859,0.03851823325
6.356928464,0.02581626169,0.01497503619,-0.01603987862,0.03917681292
6.48157412,0.02656308398,0.01494245005,-0.016750212,0.03979512038
6.606219777,0.02730836078,0.01487279296,-0.0174787155,0.04037108516
6.730865433,0.02805148076,0.01476467674,-0.01822555586,0.04090263676
6.855511089,0.02879183259,0.01461671323,-0.01899089985,0.04138770469
6.980156745,0.02952880494,0.01442751427,-0.01977491423,0.04182421846
7.104802401,0.03026178649,0.01419569169,-0.02057776574,0.04221010759
7.229448057,0.0309901659,0.01391985732,-0.02139962115,0.04254330158
7.354093714,0.03171333185,0.013598623,-0.02224064721,0.04282172995
7.47873937,0.032430673,0.01323060056,-0.02310101068,0.04304332221
7.603385026,0.03314157803,0.01281440184,-0.02398087832,0.04320600787
7.728030682,0.03384543561,0.01234863867,-0.02488041688,0.04330771644
7.852676338,0.0345416344,0.01183192289,-0.02579979312,0.04334637743
7.977321994,0.03522956309,0.01126286634,-0.02673917379,0.04331992035
8.10196765,0.03590861034,0.01064008083,-0.02769872566,0.04322627471
8.226613307,0.03657816481,0.009962178223,-0.02867861548,0.04306337003
8.351258963,0.0372376152,0.009227770338,-0.02967901001,0.04282913582
8.475904619,0.03788635015,0.008435469013,-0.030700076,0.04252150158
8.600550275,0.03852375835,0.007583886082,-0.03174198021,0.04213839683
8.725195931,0.03914922846,0.006671633381,-0.0328048894,0.04167775107
8.849841587,0.03976214916,0.005697322744,-0.03388897032,0.04113749383
8.974487244,0.04036190912,0.004659566006,-0.03499438973,0.0405155546
9.0991329,0.040947897,0.003556975001,-0.03612131439,0.03980986291
9.223778556,0.04151950148,0.002388161563,-0.03726991106,0.03901834826
9.348424212,0.04207611124,0.001151737528,-0.03844034648,0.03813894017
9.473069868,0.04261711493,-0.0001536852697,-0.03963278743,0.03716956814
9.597715524,0.04314190123,-0.001529494996,-0.04084740065,0.03610816168
9.722361181,0.04364985882,-0.002977079816,-0.0420843529,0.03495265031
9.847006837,0.04414037636,-0.004497827896,-0.04334381094,0.03370096354
9.971652493,0.04461284253,-0.0060931274,-0.04462594152,0.03235103088
10.09629815,0.04506664599,-0.007764366494,-0.04593091141,0.03090078184
10.22094381,0.04550117541,-0.009512933343,-0.04725888735,0.02934814593
10.34558946,0.04591581948,-0.01134021611,-0.04861003611,0.02769105267
10.47023512,0.04630996685,-0.01324760297,-0.04998452445,0.02592743155
10.59488077,0.0466830062,-0.01523648208,-0.05138251911,0.0240552121
10.71952643,0.0470343262,-0.0173082416,-0.05280418686,0.02207232383
10.84417209,0.04736333737,-0.01946347135,-0.05424891263,0.01997755207
10.96881774,0.04767289643,-0.02158147139,-0.05559796948,0.01789994907
11.0934634,0.04796532386,-0.02357675054,-0.05676935268,0.01593165401
11.21810905,0.0482406156,-0.02545202081,-0.05776790256,0.01407042726
11.34275471,0.04849876757,-0.02720999423,-0.05859845946,0.01231402918
11.46740037,0.04873977569,-0.0288533828,-0.0592658637,0.01066022015
11.59204602,0.04896363589,-0.03038489854,-0.05977495562,0.009106760523
11.71669168,0.0491703441,-0.03180725348,-0.06013057555,0.007651410669
11.84133734,0.04935989624,-0.03312315963,-0.06033756382,0.006291930953
11.96598299,0.04953228823,-0.034335329,-0.06040076076,0.005026081742
12.09062865,0.049687516,-0.03544647361,-0.0603250067,0.003851623401
12.2152743,0.04982557548,-0.03645930547,-0.06011514197,0.002766316297
12.33991996,0.0499464626,-0.03737653661,-0.05977600691,0.001767920795
12.46456562,0.05005017327,-0.03820087904,-0.05931244185,0.0008541972618
12.58921127,0.05013670343,-0.03893504478,-0.05872928711,2.290606264e-05
12.71385693,0.05020604899,-0.03958174584,-0.05803138303,-0.0007281924364
12.83850258,0.05025820589,-0.04014369424,-0.05722356995,-0.001401337869
12.96314824,0.05029317005,-0.040623602,-0.05631068818,-0.00199876987
13.0877939,0.0503109374,-0.04102418113,-0.05529757806,-0.002522728073
13.21243955,0.05031150386,-0.04134814365,-0.05418907993,-0.002975452112
13.33708521,0.05029486536,-0.04159820158,-0.05299003412,-0.003359181621
13.46173087,0.05026101782,-0.04177706692,-0.05170528095,-0.003676156235
13.58637652,0.05020995716,-0.04188745171,-0.05033966076,-0.003928615586
13.71102218,0.05014167932,-0.04193206796,-0.04889801388,-0.00411879931
13.83566783,0.05005618023,-0.04191362767,-0.04738518064,-0.004248947041
13.96031349,0.04995345579,-0.04183484288,-0.04580600137,-0.004321298412
14.08495915,0.04983350195,-0.04169842559,-0.04416531641,-0.004338093057
14.2096048,0.04969631462,-0.04150708782,-0.04246796608,-0.004301570611
14.33425046,0.04954188974,-0.0412635416,-0.04071879071,-0.004213970708
14.45889611,0.04937022322,-0.04097049893,-0.03892263065,-0.004077532982
14.58354177,0.04918131099,-0.04063067183,-0.03708432621,-0.003894497066
14.70818743,0.04897514899,-0.04024677231,-0.03520871773,-0.003667102596
14.83283308,0.04875173313,-0.03982151241,-0.03330064554,-0.003397589204
14.95747874,0.04851105933,-0.03935760412,-0.03136494998,-0.003088196526
15.0821244,0.04825312354,-0.03885775947,-0.02940647136,-0.002741164194
15.20677005,0.04797792166,-0.03832469048,-0.02743005004,-0.002358731844
15.33141571,0.04768544963,-0.03776110916,-0.02544052633,-0.001943139109
15.45606136,0.04737570337,-0.03716972753,-0.02344274057,-0.001496625624
15.58070702,0.04704867881,-0.0365532576,-0.02144153308,-0.001021431021
15.70535268,0.04670437187,-0.03591441139,-0.01944174421,-0.0005197949366
15.82999833,0.04634277848,-0.03525590092,-0.01744821428,6.042996649e-06
15.95464399,0.04596389457,-0.03458043821,-0.01546578362,0.0005538431443
16.07928964,0.04556771605,-0.03389073526,-0.01349929257,0.001121365872
16.2039353,0.04515423886,-0.0331895041,-0.01155358145,0.001706371546
16.32858096,0.04472345892,-0.03247945675,-0.009633490597,0.002306620533
16.45322661,0.04427537216,-0.03176330522,-0.007743860344,0.002919873197
16.57787227,0.0438099745,-0.03104376152,-0.00588953102,0.003543889906
16.70251793,0.04332726187,-0.03032353768,-0.004075342958,0.004176431025
16.82716358,0.04282723019,-0.02960534571,-0.002306136487,0.004815256919
16.95180924,0.04230987538,-0.02889189762,-0.0005867519407,0.005458127956
17.07645489,0.04177519339,-0.02818590544,0.001077970351,0.0061028045
17.20110055,0.04122318012,-0.02749008118,0.002683190057,0.006747046918
17.32574621,0.04065383151,-0.02680713685,0.004224066845,0.007388615575
17.45039186,0.04006714348,-0.02613978448,0.005695760385,0.008025270838
17.57503752,0.03946311195,-0.02549073607,0.007093430344,0.008654773073
17.69968317,0.03884173286,-0.02486270365,0.008412236392,0.009274882645
17.82432883,0.03820300212,-0.02425839924,0.009647338197,0.00988335992
17.94897449,0.03754691567,-0.02368053484,0.01079389543,0.01047796526
18.07362014,0.03687346943,-0.02313182248,0.01184706775,0.01105645904
18.1982658,0.03618265932,-0.02261497418,0.01280201484,0.01161660163
18.32291146,0.03547448127,-0.02213270194,0.01365389636,0.01215615337
18.44755711,0.03474893121,-0.02168771779,0.01439787199,0.01267287466
18.57220277,0.03400600506,-0.02128273374,0.01502910138,0.01316452584
18.69684842,0.03324569874,-0.0209204618,0.01554274421,0.01362886728
18.82149408,0.03246800819,-0.02060361401,0.01593396014,0.01406365936
18.94613974,0.03167292933,-0.02033490236,0.01619790885,0.01446666243
19.07078539,0.03086045807,-0.02011703888,0.01632975001,0.01483563686
19.19543105,0.03003059036,-0.01995273559,0.01632464328,0.01516834303
19.32007671,0.02918332211,-0.0198447045,0.01617774833,0.01546254129
19.44472236,0.02831864925,-0.01979565763,0.01588422483,0.01571599201
19.56936802,0.02743656771,-0.01980830699,0.01543923244,0.01592645555
19.69401367,0.02653707341,-0.01988536461,0.01483793085,0.01609169229
19.81865933,0.02562016227,-0.02002954249,0.01407547971,0.01620946259
19.94330499,0.02468583023,-0.02024355265,0.0131470387,0.01627752681
20.06795064,0.02373407321,-0.02053010712,0.01204776748,0.01629364532
20.1925963,0.02276488712,-0.02089191791,0.01077282572,0.01625557848
20.31724195,0.02177826791,-0.02133169702,0.009317373097,0.01616108667
20.44188761,0.02077421149,-0.02185215649,0.00767656927,0.01600793025
20.56653327,0.0197527138,-0.02245600833,0.005845573912,0.01579386958
20.69117892,0.01871377074,-0.02314596455,0.00381954669,0.01551666503
20.81582458,0.01765737826,-0.02392473717,0.001593647275,0.01517407696
20.94047024,0.01658353228,-0.02479503821,-0.0008369646668,0.01476386575
21.06511589,0.01549222872,-0.02575957968,-0.003477129465,0.01428379176
21.18976155,0.0143834635,-0.0268210736,-0.006331687452,0.01373161534
21.3144072,0.01325723256,-0.02798223199,-0.009405478958,0.01310509688
21.43905286,0.01211353182,-0.02924576686,-0.01270334432,0.01240199673
21.56369852,0.01095235721,-0.03061439023,-0.01623012385,0.01162007527
21.68834417,0.009775763946,-0.0320882467,-0.01998333848,0.01075845586
21.81298983,0.008670586119,-0.03356037394,-0.02365645811,0.009873441965
21.93763548,0.007680152988,-0.03497401853,-0.02708980703,0.008995592438
22.06228114,0.006800929052,-0.03633015701,-0.03028893485,0.008124975815
22.1869268,0.006029378814,-0.03762976595,-0.03325939116,0.007261660636
22.31157245,0.005361966774,-0.03887382188,-0.03600672559,0.006405715437
22.43621811,0.004795157434,-0.04006330137,-0.03853648775,0.005557208758
22.56086377,0.004325415294,-0.04119918096,-0.04085422723,0.004716209136
22.68550942,0.003949204856,-0.04228243722,-0.04296549367,0.003882785111
22.81015508,0.003662990622,-0.04331404669,-0.04487583665,0.00305700522
22.93480073,0.003463237091,-0.04429498593,-0.04659080581,0.002238938002
23.05944639,0.003346408766,-0.04522623149,-0.04811595074,0.001428651995
23.18409205,0.003308970147,-0.04610875992,-0.04945682105,0.0006262157379
23.3087377,0.003347385736,-0.04694354778,-0.05061896636,-0.0001683022316
23.43338336,0.003458120034,-0.04773157162,-0.05160793628,-0.0009548333748
23.55802901,0.003637637542,-0.04847380799,-0.05242928042,-0.001733309153
23.68267467,0.003882402762,-0.04917123344,-0.05308854838,-0.002503661029
23.80732033,0.004188880193,-0.04982482454,-0.05359128978,-0.003265820464
23.93196598,0.004553534338,-0.05043555783,-0.05394305424,-0.004019718919
24.05661164,0.004972829698,-0.05100440986,-0.05414939135,-0.004765287855
24.1812573,0.005443230774,-0.05153235719,-0.05421585073,-0.005502458736
24.30590295,0.005961202066,-0.05202037638,-0.05414798198,-0.006231163022
24.43054861,0.006523208077,-0.05246944396,-0.05395133473,-0.006951332175
24.55519426,0.007125713307,-0.05288053651,-0.05363145859,-0.007662897656
24.67983992,0.007765182258,-0.05325463057,-0.05319390315,-0.008365790928
24.80448558,0.00843807943,-0.05359270269,-0.05264421803,-0.009059943452
24.92913123,0.009140869325,-0.05389572942,-0.05198795284,-0.009745286689
25.05377689,0.009870016445,-0.05416468733,-0.0512306572,-0.0104217521
25.17842254,0.01062198529,-0.05440055296,-0.05037788071,-0.01108927115
25.3030682,0.01139324036,-0.05460430287,-0.04943517298,-0.0117477753
25.42771386,0.01218024616,-0.05477691361,-0.04840808363,-0.01239719601
25.55235951,0.01297946718,-0.05491936173,-0.04730216226,-0.01303746474
25.67700517,0.01378736794,-0.05503262378,-0.04612295848,-0.01366851295
25.80165083,0.01460041293,-0.05511767633,-0.04487602191,-0.01429027211
25.92629648,0.01541506665,-0.05517549592,-0.04356690216,-0.01490267367
26.05094214,0.0162277936,-0.0552070591,-0.04220114883,-0.01550564911
26.17558779,0.01703505829,-0.05521334243,-0.04078431153,-0.01609912987
26.30023345,0.01783332521,-0.05519532246,-0.03932193988,-0.01668304743
26.42487911,0.01861905887,-0.05515397575,-0.03781958349,-0.01725733324
26.54952476,0.01938872377,-0.05509027884,-0.03628279196,-0.01782191876
26.67417042,0.02013878441,-0.0550052083,-0.03471711492,-0.01837673546
26.79881607,0.02086570528,-0.05489974067,-0.03312810196,-0.0189217148
26.92346173,0.0215659509,-0.0547748525,-0.03152130269,-0.01945678824
27.04810739,0.02223598576,-0.05463152036,-0.02990226674,-0.01998188724
27.17275304,0.02287227437,-0.05447072079,-0.02827654371,-0.02049694327
27.2973987,0.02347128122,-0.05429343035,-0.0266496832,-0.02100188778
27.42204436,0.02402947081,-0.05410062558,-0.02502723484,-0.02149665223
27.54669001,0.02454330766,-0.05389328305,-0.02341474822,-0.02198116809
27.67133567,0.02500925625,-0.0536723793,-0.02181777297,-0.02245536683
27.79598132,0.02542378109,-0.0534388909,-0.02024185868,-0.02291917989
27.92062698,0.02578334668,-0.05319379438,-0.01869255498,-0.02337253875
28.04527264,0.02608441753,-0.05293806631,-0.01717541147,-0.02381537487
28.16991829,0.02632345812,-0.05267268324,-0.01569597776,-0.0242476197
28.29456395,0.02649693298,-0.05239862172,-0.01425980346,-0.0246692047
28.4192096,0.02660130658,-0.0521168583,-0.01287243819,-0.02508006135
28.54385526,0.02663304345,-0.05182836955,-0.01153943155,-0.0254801211
28.66850092,0.02658860807,-0.051534132,-0.01026633316,-0.02586931541
28.79314657,0.02646446495,-0.05123512222,-0.009058692614,-0.02624757575
28.91779223,0.02625707859,-0.05093231675,-0.007922059537,-0.02661483358
29.04243789,0.02596291349,-0.05062669215,-0.006861983535,-0.02697102035
29.16708354,0.02557843415,-0.05031922498,-0.005884014218,-0.02731606753
29.2917292,0.02510010508,-0.05001089178,-0.004993701196,-0.02764990658
29.41637485,0.02452439077,-0.04970266912,-0.004196594081,-0.02797246897
29.54102051,0.02384775573,-0.04939553353,-0.003498242482,-0.02828368615
29.66566617,0.02306666445,-0.04909046158,-0.00290419601,-0.02858348958
29.79031182,0.02217758145,-0.04878842982,-0.002420004276,-0.02887181074
29.91495748,0.02117697121,-0.0484904148,-0.002051216889,-0.02914858107
30.03960313,0.02006129824,-0.04819739308,-0.00180338346,-0.02941373205
30.16424879,0.01882702705,-0.04791034121,-0.001682053599,-0.02966719513
30.28889445,0.01747062213,-0.04763023573,-0.001692776918,-0.02990890177
30.4135401,0.01598854798,-0.04735805321,-0.001841103025,-0.03013878344
30.53818576,0.0143772691,-0.0470947702,-0.002132581533,-0.0303567716
30.66283142,0.01263325001,-0.04684136325,-0.00257276205,-0.03056279771
30.78747707,0.01075295519,-0.04659880891,-0.003167194188,-0.03075679322
30.91212273,0.008732849148,-0.04636808374,-0.003921427557,-0.03093868961
31.03676838,0.006569396387,-0.04615016429,-0.004841011767,-0.03110841834
31.16141404,0.004259061407,-0.04594602712,-0.005931496429,-0.03126591086
31.2860597,0.00179830871,-0.04575664877,-0.007198431152,-0.03141109864
31.41070535,-0.0008163972043,-0.0455830058,-0.008647365548,-0.03154391314
31.53535101,-0.003588591834,-0.04542607476,-0.01028384923,-0.03166428582
31.65999666,-0.006521810678,-0.0452868322,-0.0121134318,-0.03177214814
31.78464232,-0.009619589235,-0.04516625469,-0.01414166288,-0.03186743157
31.90928798,-0.012885463,-0.04506531877,-0.01637409207,-0.03195006756
32.03393363,-0.01632296748,-0.04498500099,-0.01881626898,-0.03201998758
32.15857929,-0.01993563817,-0.04492627791,-0.02147374323,-0.03207712309
32.28322495,-0.02372701057,-0.04489012608,-0.02435206442,-0.03212140555
32.4078706,-0.02770062018,-0.04487752206,-0.02745678217,-0.03215276643
32.53251626,-0.0318420962,-0.04488971436,-0.03077676194,-0.03217125032
32.65716191,-0.03579160421,-0.04493257018,-0.0339779452,-0.03217921243
32.78180757,-0.03941312388,-0.04500703066,-0.03693228713,-0.03217790433
32.90645323,-0.04271480247,-0.04511163142,-0.03964571385,-0.03216771052
33.03109888,-0.04570478726,-0.04524490807,-0.04212415146,-0.03214901553
33.15574454,-0.04839122552,-0.04540539624,-0.04437352609,-0.03212220388
33.2803902,-0.05078226453,-0.04559163155,-0.04639976385,-0.03208766009
33.40503585,-0.05288605154,-0.04580214963,-0.04820879085,-0.03204576868
33.52968151,-0.05471073385,-0.0460354861,-0.04980653322,-0.03199691417
33.65432716,-0.05626445871,-0.04629017658,-0.05119891706,-0.03194148108
33.77897282,-0.0575553734,-0.04656475669,-0.0523918685,-0.03187985394
33.90361848,-0.05859162519,-0.04685776206,-0.05339131365,-0.03181241725
34.02826413,-0.05938136136,-0.04716772831,-0.05420317862,-0.03173955555
34.15290979,-0.05993272917,-0.04749319106,-0.05483338953,-0.03166165335
34.27755544,-0.0602538759,-0.04783268595,-0.05528787251,-0.03157909518
34.4022011,-0.06035294882,-0.04818474858,-0.05557255365,-0.03149226555
34.52684676,-0.0602380952,-0.04854791458,-0.05569335908,-0.03140154899
34.65149241,-0.05991746231,-0.04892071958,-0.05565621492,-0.03130733001
34.77613807,-0.05939919743,-0.04930169919,-0.05546704728,-0.03120999313
34.90078373,-0.05869144782,-0.04968938905,-0.05513178227,-0.03110992289
35.02542938,-0.05780236076,-0.05008232477,-0.05465634602,-0.03100750379
35.15007504,-0.05674008353,-0.05047904198,-0.05404666463,-0.03090312036
35.27472069,-0.05551276339,-0.0508780763,-0.05330866423,-0.03079715712
35.39936635,-0.05412854761,-0.05127796335,-0.05244827093,-0.03068999858
35.52401201,-0.05259558346,-0.05167723876,-0.05147141084,-0.03058202928
35.64865766,-0.05092201823,-0.05207443815,-0.05038401008,-0.03047363372
35.77330332,-0.04911599918,-0.05246809714,-0.04919199477,-0.03036519644
35.89794897,-0.04718567357,-0.05285675135,-0.04790129103,-0.03025710195
36.02259463,-0.0451391887,-0.05323893641,-0.04651782496,-0.03014973477
36.14724029,-0.04298469181,-0.05361318795,-0.04504752269,-0.03004347942
36.27188594,-0.0407303302,-0.05397804157,-0.04349631033,-0.02993872042
36.3965316,-0.03838425112,-0.05433203292,-0.04187011399,-0.0298358423
36.52117726,-0.03595460186,-0.0546736976,-0.0401748598,-0.02973522957
36.64582291,-0.03344952968,-0.05500157125,-0.03841647386,-0.02963726675
36.77046857,-0.03087718185,-0.05531418948,-0.0366008823,-0.02954233837
36.89511422,-0.02824570566,-0.05561008792,-0.03473401123,-0.02945082895
37.01975988,-0.02556324836,-0.0558878022,-0.03282178677,-0.029363123
37.14440554,-0.02283795723,-0.05614586792,-0.03087013502,-0.02927960505
37.26905119,-0.02007797954,-0.05638282073,-0.02888498211,-0.02920065961
37.39369685,-0.01729146257,-0.05659719623,-0.02687225416,-0.02912667121
37.5183425,-0.01448655359,-0.05678753006,-0.02483787727,-0.02905802437
37.64298816,-0.01167139987,-0.05695235784,-0.02278777757,-0.02899510361
37.76763382,-0.008854148672,-0.05709021519,-0.02072788117,-0.02893829345
37.89227947,-0.00604294728,-0.05719963772,-0.01866411419,-0.02888797841
38.01692513,-0.003245942962,-0.05727916108,-0.01660240274,-0.02884454301
38.14157079,-0.0004712829903,-0.05732732087,-0.01454867293,-0.02880837177
38.26621644,0.002272885363,-0.05734265272,-0.01250885089,-0.02877984921
38.3908621,0.004978414827,-0.05732369226,-0.01048886273,-0.02875935985
38.51550775,0.007637158129,-0.05726897511,-0.00849463457,-0.02874728821
38.64015341,0.010240968,-0.05717703688,-0.006532092517,-0.02874401882
38.76479907,0.01278169716,-0.05704641321,-0.004607162692,-0.0287499362
38.88944472,0.01525119835,-0.05687563972,-0.002725771209,-0.02876542485
39.01409038,0.01764132428,-0.05666325202,-0.0008938441862,-0.02879086931
39.13873603,0.0199439277,-0.05640778575,0.0008826922622,-0.0288266541
39.26338169,0.02215086132,-0.05610777652,0.00259791202,-0.02887316373
39.38802735,0.02425397787,-0.05576175996,0.004245888971,-0.02893078273
39.512673,0.02624513009,-0.05536827169,0.005820697,-0.02899989561
39.63731866,0.0281161707,-0.05492584734,0.007316409991,-0.02908088691
39.76196432,0.02985895243,-0.05443302252,0.008727101827,-0.02917414113
39.88660997,0.03146532801,-0.05388833286,0.01004684639,-0.0292800428
40.01125563,0.03292715016,-0.05329031399,0.01126971758,-0.02939897643
40.13590128,0.03423627162,-0.05263750152,0.01238978925,-0.02953132656
40.26054694,0.03538454511,-0.05192843108,0.01340113532,-0.0296774777
40.3851926,0.03636382336,-0.05116163829,0.01429782965,-0.02983781437
40.50983825,0.03716595909,-0.05033565878,0.01507394613,-0.03001272109
40.63448391,0.03778280504,-0.04944902816,0.01572355864,-0.03020258238
40.75912956,0.03820621394,-0.04850028207,0.01624074107,-0.03040778277
40.88377522,0.03842803851,-0.04748795612,0.01661956731,-0.03062870676
41.00842088,0.03844013147,-0.04641058593,0.01685411124,-0.03086573889
41.13306653,0.03823434557,-0.04526670714,0.01693844673,-0.03111926368
41.25771219,0.03780253352,-0.04405485536,0.01686664769,-0.03138966564
41.38235785,0.03713654806,-0.04277356621,0.01663278798,-0.03167732929
41.5070035,0.03622824191,-0.04142137532,0.0162309415,-0.03198263916
41.63164916,0.0350694678,-0.03999681832,0.01565518212,-0.03230597977
41.75629481,0.03365207846,-0.03849843082,0.01489958374,-0.03264773563
41.88094047,0.03196792662,-0.03692474844,0.01395822024,-0.03300829127
42.00558613,0.030008865,-0.03527430682,0.01282516549,-0.03338803121
42.13023178,0.02776674634,-0.03354564157,0.01149449339,-0.03378733997
42.25487744,0.02523342336,-0.03173728832,0.009960277821,-0.03420660206
42.37952309,0.02240074878,-0.02984778268,0.008216592664,-0.03464620202
42.50416875,0.01926057535,-0.02787566029,0.006257511805,-0.03510652435
42.62881441,0.01580475578,-0.02581945676,0.004077109127,-0.03558795359
42.75346006,0.0120251428,-0.02367770773,0.001669458515,-0.03609087424
42.87810572,0.007913589147,-0.0214489488,-0.0009713661474,-0.03661567084
43.00275138,0.003461947542,-0.01913171561,-0.003851290975,-0.0371627279
43.12739703,-0.001337929284,-0.01672454377,-0.006976242085,-0.03773242994
43.25204269,-0.006494188604,-0.01422596892,-0.01035214559,-0.03832516149
43.37668834,-0.01196950871,-0.0116543387,-0.0139520381,-0.0389346911
43.501334,-0.01722584049,-0.009244808175,-0.01738679826,-0.03948233836
43.62597966,-0.02211191465,-0.007061162553,-0.02054715629,-0.03994654802
43.75062531,-0.02663634701,-0.005097199493,-0.02343950252,-0.04032912473
43.87527097,-0.03080775339,-0.003346716657,-0.02607022725,-0.04063187316
43.99991662,-0.0346347496,-0.001803511705,-0.0284457208,-0.04085659795
44.12456228,-0.03812595146,-0.0004613822981,-0.0305723735,-0.04100510377
44.24920794,-0.04128997478,0.0006858739022,-0.03245657565,-0.04107919528
44.37385359,-0.04413543538,0.001644459235,-0.03410471758,-0.04108067712
44.49849925,-0.04667094908,0.00242057604,-0.03552318959,-0.04101135397
44.62314491,-0.04890513168,0.003020426656,-0.03671838201,-0.04087303047
44.74779056,-0.05084659901,0.003450213421,-0.03769668515,-0.04066751128
44.87243622,-0.05250396688,0.003716138676,-0.03846448933,-0.04039660107
44.99708187,-0.0538858511,0.003824404759,-0.03902818487,-0.04006210448
45.12172753,-0.0550008675,0.003781214008,-0.03939416208,-0.03966582617
45.24637319,-0.05585763188,0.003592768764,-0.03956881128,-0.0392095708
45.37101884,-0.05646476007,0.003265271365,-0.03955852278,-0.03869514304
45.4956645,-0.05683086787,0.00280492415,-0.0393696869,-0.03812434752
45.62031016,-0.05696457111,0.002217929458,-0.03900869396,-0.03749898893
45.74495581,-0.0568744856,0.001510489629,-0.03848193427,-0.0368208719
45.86960147,-0.05656922715,0.0006888070013,-0.03779579815,-0.03609180109
45.99424712,-0.05605741159,-0.0002409160862,-0.03695667592,-0.03531358118
46.11889278,-0.05534765472,-0.001272477294,-0.03597095789,-0.0344880168
46.24353844,-0.05444857236,-0.002399674284,-0.03484503438,-0.03361691262
46.36818409,-0.05336878033,-0.003616304716,-0.03358529571,-0.0327020733
46.49282975,-0.05211689444,-0.004916166251,-0.03219813219,-0.03174530349
46.6174754,-0.05070153052,-0.006293056551,-0.03068993414,-0.03074840785
46.74212106,-0.04913130436,-0.007740773276,-0.02906709188,-0.02971319103
46.86676672,-0.0474148318,-0.009253114087,-0.02733599571,-0.02864145771
46.99141237,-0.04556072864,-0.01082387664,-0.02550303596,-0.02753501252
47.11605803,-0.0435776107,-0.01244685861,-0.02357460295,-0.02639566013
47.24070369,-0.0414740938,-0.01411585765,-0.02155708699,-0.0252252052
47.36534934,-0.03925879375,-0.01582467141,-0.0194568784,-0.02402545238
47.489995,-0.03694032637,-0.01756709757,-0.01728036749,-0.02279820633
47.61464065,-0.03452730747,-0.01933693378,-0.01503394458,-0.0215452717
47.73928631,-0.03202835287,-0.0211279777,-0.01272399999,-0.02026845317
47.86393197,-0.02945207838,-0.02293402699,-0.01035692403,-0.01896955537
47.98857762,-0.02680709983,-0.02474887932,-0.007939107017,-0.01765038297
48.11322328,-0.02410203302,-0.02656633235,-0.005476939272,-0.01631274063
48.23786893,-0.02134549377,-0.02838018373,-0.002976811111,-0.014958433
48.36251459,-0.01854609789,-0.03018423113,-0.0004451128475,-0.01358926474
48.48716025,-0.01571246121,-0.03197227221,0.0021117652,-0.01220704051
48.6118059,-0.01285319954,-0.03373810463,0.004687432717,-0.01081356496
48.73645156,-0.009976928692,-0.03547552605,0.007275499385,-0.009410642755
48.86109722,-0.007092264482,-0.03717833413,0.009869574888,-0.008000078548
48.98574287,-0.004207822726,-0.03884032653,0.01246326891,-0.006583676998
49.11038853,-0.00133221924,-0.04045530091,0.01505019114,-0.00516324276
49.23503418,0.00152593016,-0.04201705494,0.01762395125,-0.003740580493
49.35967984,0.004358009659,-0.04351938628,0.02017815893,-0.002317494853
49.4843255,0.007155403441,-0.04495609258,0.02270642386,-0.0008957904978
49.60897115,0.009909495691,-0.04632097151,0.02520235573,0.0005227279156
49.73361681,0.01261167059,-0.04760782072,0.02765956423,0.00193625573
49.85826246,0.01525331233,-0.04881043789,0.03007165902,0.003342988288
49.98290812,0.01782580509,-0.04992262066,0.03243224981,0.004741120933
50.10755378,0.02032053305,-0.05093816671,0.03473494626,0.006128849008
50.23219943,0.02272888041,-0.05185087369,0.03697335807,0.007504367855
50.35684509,0.02504223134,-0.05265453926,0.03914109492,0.008865872817
50.48149075,0.02725197003,-0.05334296108,0.04123176649,0.01021155924
50.6061364,0.02934948066,-0.05390993682,0.04323898246,0.01153962246
50.73078206,0.03132614741,-0.05434926413,0.04515635253,0.01284825782
50.85542771,0.03317335448,-0.05465474069,0.04697748636,0.01413566067
50.98007337,0.03488248605,-0.05482016413,0.04869599366,0.01540002636
51.10471903,0.0364449263,-0.05483933214,0.05030548409,0.01663955021
51.22936468,0.03785205941,-0.05470604237,0.05179956734,0.01785242758
51.35401034,0.03909526957,-0.05441409248,0.05317185311,0.0190368538
51.47865599,0.04016594097,-0.05395728012,0.05441595106,0.02019102423
51.60330165,0.04105545778,-0.05332940297,0.05552547089,0.0213131342
51.72794731,0.0417552042,-0.05252425869,0.05649402227,0.02240137906
51.85259296,0.0422565644,-0.05153564493,0.0573152149,0.02345395414
51.97723862,0.04255092258,-0.05035735935,0.05798265845,0.0244690548
52.10188428,0.04262966291,-0.04898319962,0.05848996261,0.02544487638
52.22652993,0.04248416958,-0.0474069634,0.05883073706,0.02637961421
52.35117559,0.04210582678,-0.04562244834,0.05899859148,0.02727146364
52.47582124,0.04148601869,-0.04362345211,0.05898713557,0.02811862002
52.6004669,0.04061612949,-0.04140377238,0.058789979,0.02891927868
52.72511256,0.03948754337,-0.03895720679,0.05840073145,0.02967163497
52.84975821,0.03809164451,-0.03627755302,0.05781300261,0.03037388423
52.97440387,0.0364198171,-0.03335860871,0.05702040217,0.03102422181
53.09904952,0.03446344533,-0.03019417155,0.05601653981,0.03162084304
53.22369518,0.03221391336,-0.02677803917,0.0547950252,0.03216194328
53.34834084,0.0296626054,-0.02310400925,0.05334946804,0.03264571786
53.47298649,0.02680090562,-0.01916587945,0.051673478,0.03307036213
53.59763215,0.02362019822,-0.01495744743,0.04976066478,0.03343407142
53.72227781,0.02011186736,-0.01047251084,0.04760463805,0.03373504109
53.84692346,0.01626729725,-0.005704867358,0.0451990075,0.03397146647
53.97156912,0.01207787205,-0.0006483146317,0.04253738281,0.03414154291
54.09621477,0.007534975967,0.004703349673,0.03961337367,0.03424346575
54.22086043,0.002691337018,0.01028974433,0.03646797042,0.03428202644
54.34550609,-0.001976602918,0.01559278464,0.03346890044,0.03430815272
54.47015174,-0.006370878087,0.02050906411,0.03069063108,0.03433308872
54.5947974,-0.01049703015,0.02504786656,0.02812760048,0.0343570381
54.71944305,-0.01436060076,0.02921847579,0.02577424679,0.03438020452
54.84408871,-0.01796713159,0.03303017562,0.02362500814,0.03440279162
54.96873437,-0.02132216429,0.03649224985,0.02167432268,0.03442500305
55.09338002,-0.02443124052,0.0396139823,0.01991662854,0.03444704247
55.21802568,-0.02729990195,0.04240465679,0.01834636388,0.03446911353
55.34267134,-0.02993369023,0.04487355711,0.01695796682,0.03449141988
55.46731699,-0.03233814703,0.04702996708,0.01574587551,0.03451416516
55.59196265,-0.03451881401,0.04888317051,0.01470452809,0.03453755304
55.7166083,-0.03648123282,0.05044245122,0.01382836271,0.03456178716
55.84125396,-0.03823094512,0.05171709301,0.0131118175,0.03458707117
55.96589962,-0.03977349259,0.05271637969,0.0125493306,0.03461360874
56.09054527,-0.04111441687,0.05344959507,0.01213534016,0.03464160349
56.21519093,-0.04225925963,0.05392602297,0.01186428432,0.0346712591
56.33983658,-0.04321356252,0.0541549472,0.01173060122,0.03470277921
56.46448224,-0.04398286722,0.05414565156,0.01172872899,0.03473636746
56.5891279,-0.04457271537,0.05390741987,0.01185310578,0.03477222752
56.71377355,-0.04498864865,0.05344953594,0.01209816974,0.03481056304
56.83841921,-0.0452362087,0.05278128358,0.012458359,0.03485157766
56.96306487,-0.0453209372,0.05191194659,0.0129281117,0.03489547504
57.08771052,-0.04524837579,0.0508508088,0.01350186598,0.03494245882
57.21235618,-0.04502406615,0.04960715401,0.01417405999,0.03499273267
57.33700183,-0.04465354993,0.04819026603,0.01493913187,0.03504650022
57.46164749,-0.04414236879,0.04660942867,0.01579151976,0.03510396514
57.58629315,-0.04349606439,0.04487392575,0.01672566179,0.03516533107
57.7109388,-0.04272017839,0.04299304107,0.01773599611,0.03523080167
57.83558446,-0.04182025246,0.04097605845,0.01881696087,0.03530058059
57.96023012,-0.04080182825,0.03883226169,0.0199629942,0.03537487147
58.08487577,-0.03967044743,0.03657093461,0.02116853424,0.03545387797
58.20952143,-0.03843165165,0.03420136102,0.02242801913,0.03553780375
58.33416708,-0.03709098257,0.03173282472,0.02373588702,0.03562685244
58.45881274,-0.03565398187,0.02917460953,0.02508657605,0.03572122771
58.5834584,-0.03412619118,0.02653599927,0.02647452435,0.03582113321
58.70810405,-0.03251315218,0.02382627773,0.02789417007,0.03592677258
58.83274971,-0.03082040653,0.02105472874,0.02933995136,0.03603834948
58.95739536,-0.02905349589,0.0182306361,0.03080630634,0.03615606756
59.08204102,-0.02721796191,0.01536328362,0.03228767316,0.03628013047
59.20668668,-0.02531934626,0.01246195511,0.03377848997,0.03641074186
59.33133233,-0.0233631906,0.009535934389,0.0352731949,0.03654810538
59.45597799,-0.02135503659,0.006594505263,0.0367662261,0.03669242469
59.58062365,-0.01930042589,0.003646951543,0.0382520217,0.03684390344
59.7052693,-0.01720490016,0.0007025570396,0.03972501986,0.03700274527
59.82991496,-0.01507400105,-0.002229394436,0.04117965869,0.03716915385
59.95456061,-0.01291327024,-0.005139619073,0.04261037636,0.03734333281
60.07920627,-0.01072824938,-0.008018833062,0.044011611,0.03752548582
60.20385193,-0.008524480128,-0.01085775259,0.04537780075,0.03771581652
60.32849758,-0.006307504149,-0.01364709385,0.04670338376,0.03791452856
60.45314324,-0.004082863102,-0.01637757302,0.04798279816,0.0381218256
60.57778889,-0.001856098647,-0.01903990631,0.04921048209,0.03833791129
60.70243455,0.0003672475545,-0.02162480989,0.0503808737,0.03856298927
60.82708021,0.002581633843,-0.02412299996,0.05148841112,0.03879726321
60.95172586,0.004781518558,-0.0265251927,0.05252753251,0.03904093675
61.07637152,0.006961360038,-0.0288221043,0.05349267599,0.03929421354
61.20101718,0.009115616624,-0.03100445097,0.05437827972,0.03955729723
61.32566283,0.01123874666,-0.03306294887,0.05517878182,0.03983039149
61.45030849,0.01332520847,-0.03498831421,0.05588862045,0.04011369995
61.57495414,0.01536946041,-0.03677126316,0.05650223374,0.04040742626
61.6995998,0.01736596081,-0.03840251193,0.05701405984,0.04071177409
61.82424546,0.01930916802,-0.0398727767,0.05741853688,0.04102694708
61.94889111,0.02119354037,-0.04117277366,0.05771010301,0.04135314888
62.07353677,0.0230135362,-0.042293219,0.05788319637,0.04169058315
62.19818242,0.02476361386,-0.0432248289,0.05793225509,0.04203945353
62.32282808,0.02643823167,-0.04395831956,0.05785171733,0.04239996368
62.44747374,0.02803184799,-0.04448440717,0.05763602122,0.04277231725
62.57211939,0.02953892115,-0.04479380791,0.0572796049,0.04315671789
62.69676505,0.03095390949,-0.04487723798,0.05677690651,0.04355336925
62.82141071,0.03227127135,-0.04472541356,0.0561223642,0.04396247498
62.94605636,0.03348546506,-0.04432905084,0.05531041611,0.04438423874
63.07070202,0.03459094898,-0.04367886602,0.05433550037,0.04481886417
63.19534767,0.03558218144,-0.04276557527,0.05319205513,0.04526655493
63.31999333,0.03645362077,-0.0415798948,0.05187451853,0.04572751466
63.44463899,0.03719972532,-0.04011254079,0.05037732871,0.04620194703
63.56928464,0.03781495343,-0.03835422943,0.0486949238,0.04669005568
63.6939303,0.03829376344,-0.0362956769,0.04682174197,0.04719204426
63.81857595,0.03863061368,-0.0339275994,0.04475222133,0.04770811642
63.94322161,0.0388199625,-0.03124071312,0.04248080004,0.04823847582
64.06786727,0.03885626824,-0.02822573425,0.04000191623,0.04878332611
64.19251292,0.03873398923,-0.02487337897,0.03731000806,0.04934287093
64.31715858,0.03844758381,-0.02117436347,0.03439951365,0.04991731394
64.44180424,0.03799151033,-0.01711940395,0.03126487114,0.0505068588
64.56644989,0.03736022713,-0.01269921659,0.02790051869,0.05111170915
64.69109555,0.03654819253,-0.007904517588,0.02430089443,0.05173206864
64.8157412,0.0355498649,-0.002726023123,0.0204604365,0.05236814092
64.94038686,0.03435970255,0.002845550611,0.01637358304,0.05302012965
65.06503252,0.03300888912,0.008708647057,0.0121089584,0.05367546954
65.18967817,0.03169572941,0.01426213228,0.008069241171,0.05426479453
65.31432383,0.03044953478,0.01942208861,0.004310461896,0.05477944344
65.43896948,0.02926891542,0.02419773253,0.0008262845752,0.05522155847
65.56361514,0.0281524815,0.0285982805,-0.002389626785,0.05559328179
65.6882608,0.02709884322,0.03263294898,-0.005343608181,0.05589675559
65.81290645,0.02610661076,0.03631095445,-0.008041995606,0.05613412206
65.93755211,0.02517439431,0.03964151338,-0.01049112506,0.05630752337
66.06219777,0.02430080405,0.04263384223,-0.01269733253,0.05641910172
66.18684342,0.02348445017,0.04529715748,-0.01466695401,0.05647099928
66.31148908,0.02272394286,0.04764067558,-0.01640632551,0.05646535824
66.43613473,0.02201789231,0.04967361302,-0.017921783,0.05640432079
66.56078039,0.02136490869,0.05140518626,-0.0192196625,0.05629002911
66.68542605,0.0207636022,0.05284461176,-0.0203063,0.05612462539
66.8100717,0.02021258303,0.054001106,-0.02118803148,0.0559102518
66.93471736,0.01971046135,0.05488388544,-0.02187119295,0.05564905054
67.05936301,0.01925584736,0.05550216655,-0.02236212039,0.05534316378
67.18400867,0.01884735125,0.05586516581,-0.02266714981,0.05499473371
67.30865433,0.01848358319,0.05598209967,-0.0227926172,0.05460590252
67.43329998,0.01816315338,0.05586218462,-0.02274485856,0.05417881239
67.55794564,0.017884672,0.05551463711,-0.02253020987,0.05371560551
67.6825913,0.01764674924,0.05494867362,-0.02215500714,0.05321842405
67.80723695,0.01744799528,0.05417351061,-0.02162558635,0.05268941021
67.93188261,0.01728702032,0.05319836455,-0.02094828351,0.05213070616
68.05652826,0.01716243453,0.05203245192,-0.02012943461,0.0515444541
68.18117392,0.01707284811,0.05068498917,-0.01917537565,0.0509327962
68.30581958,0.01701687124,0.04916519278,-0.01809244261,0.05029787465
68.43046523,0.0169931141,0.04748227922,-0.01688697149,0.04964183164
68.55511089,0.01700018689,0.04564546496,-0.0155652983,0.04896680935
68.67975654,0.01703669979,0.04366396646,-0.01413375901,0.04827494996
68.8044022,0.01710126299,0.04154700019,-0.01259868964,0.04756839565
68.92904786,0.01719248667,0.03930378262,-0.01096642617,0.04684928862
69.05369351,0.01730898102,0.03694353022,-0.009243304599,0.04611977105
69.17833917,0.01744935623,0.03447545947,-0.00743566092,0.04538198512
69.30298483,0.01761222248,0.03190878681,-0.00554983113,0.04463807301
69.42763048,0.01779618996,0.02925272874,-0.003592151223,0.04389017691
69.55227614,0.01799986885,0.0265165017,-0.001568957194,0.04314043901
69.67692179,0.01822186935,0.02370932218,0.0005134149617,0.04239100148
69.80156745,0.01846080163,0.02084040664,0.002648629249,0.04164400652
69.92621311,0.01871527589,0.01791897155,0.004830349674,0.0409015963
70.05085876,0.01898390231,0.01495423338,0.00705224024,0.04016591302
70.17550442,0.01926529108,0.0119554086,0.009307964954,0.03943909885
70.30015008,0.01955805238,0.008931713666,0.01159118782,0.03872329598
70.42479573,0.01986079641,0.00589236506,0.01389557284,0.03802064659
70.54944139,0.02017213334,0.002846579246,0.01621478403,0.03733329288
70.67408704,0.02049067337,-0.0001964273067,0.01854248538,0.03666337701
70.7987327,0.02081502667,-0.00322743813,0.02087234091,0.03601304118
70.92337836,0.02114380344,-0.006237236755,0.02319801461,0.03538442758
71.04802401,0.02147561387,-0.009216606714,0.02551317049,0.03477967838
71.17266967,0.02180906814,-0.01215633154,0.02781147257,0.03420093577
71.29731532,0.02214277643,-0.01504719476,0.03008658483,0.03365034193
71.42196098,0.02247534893,-0.0178799799,0.03233217129,0.03313003905
71.54660664,0.02280539584,-0.02064547051,0.03454189596,0.03264216932
71.67125229,0.02313152733,-0.02333445011,0.03670942283,0.03218887491
71.79589795,0.02345235359,-0.02593770223,0.03882841592,0.03177229802
71.92054361,0.02376648481,-0.0284460104,0.04089253922,0.03139458082
72.04518926,0.02407253117,-0.03085015816,0.04289545675,0.0310578655
72.16983492,0.02436910287,-0.03314092903,0.0448308325,0.03076429425
72.29448057,0.02465481008,-0.03530910655,0.04669233049,0.03051600924
72.41912623,0.024928263,-0.03734547425,0.04847361472,0.03031515267
72.54377189,0.02518807181,-0.03924081567,0.05016834919,0.03016386672
72.66841754,0.0254328467,-0.04098591432,0.05177019791,0.03006429357
72.7930632,0.02566119785,-0.04257155375,0.05327282488,0.0300185754
72.91770885,0.02587173545,-0.04398851748,0.05466989411,0.03002885441
73.04235451,0.02606306969,-0.04522758905,0.0559550696,0.03009727277
73.16700017,0.02623381075,-0.04627955199,0.05712201536,0.03022597267
73.29164582,0.02638256882,-0.04713518982,0.05816439539,0.0304170963
73.41629148,0.02650795409,-0.04778528609,0.05907587371,0.03067278583
73.54093714,0.02660857674,-0.04822062432,0.0598501143,0.03099518345
73.66558279,0.02668304696,-0.04843198804,0.06048078119,0.03138643135
73.79022845,0.02672997493,-0.04841016079,0.06096153837,0.03184867172
73.9148741,0.02674797085,-0.0481459261,0.06128604985,0.03238404672
74.03951976,0.02673564489,-0.04763006749,0.06144797963,0.03299469856
74.16416542,0.02669160725,-0.0468533685,0.06144099172,0.03368276941
74.28881107,0.02661446812,-0.04580661266,0.06125875013,0.03445040146
74.41345673,0.02650283767,-0.04448058351,0.06089491885,0.0352997369
74.53810238,0.02635532609,-0.04286606457,0.0603431619,0.0362329179
74.66274804,0.02617054357,-0.04095383937,0.05959714327,0.03725208665
74.7873937,0.02594710031,-0.03873469145,0.05865052699,0.03835938533
74.91203935,0.02568360647,-0.03619940434,0.05749697704,0.03955695614
75.03668501,0.02537867226,-0.03333876157,0.05613015743,0.04084694125
75.16133067,0.02503090785,-0.03014354667,0.05454373218,0.04223148285
75.28597632,0.02463892344,-0.02660454317,0.05273136528,0.04371272312
75.41062198,0.0242013292,-0.02271253461,0.05068672073,0.04529280425
75.53526763,0.02371673534,-0.01845830451,0.04840346256,0.04697386843
75.65991329,0.02318375202,-0.01383263641,0.04587525475,0.04875805782
75.78455895,0.02260098944,-0.008826313836,0.04309576132,0.05064751463
75.9092046,0.02198459131,-0.00357024641,0.04012602671,0.05258927917
76.03385026,0.02140330637,0.001385922667,0.03723047986,0.05436709733
76.15849591,0.02086360734,0.005992370725,0.03443576951,0.05596297789
76.28314157,0.02036473706,0.01025715476,0.03174083299,0.05738177042
76.40778723,0.0199059384,0.01418833175,0.0291446076,0.0586283245
76.53243288,0.01948645422,0.01779395871,0.02664603067,0.05970748968
76.65707854,0.01910552736,0.02108209261,0.02424403952,0.06062411555
76.7817242,0.01876240069,0.02406079045,0.02193757146,0.06138305167
76.90636985,0.01845631706,0.02673810922,0.01972556382,0.06198914761
77.03101551,0.01818651933,0.02912210592,0.01760695391,0.06244725295
77.15566116,0.01795225036,0.03122083753,0.01558067905,0.06276221724
77.28030682,0.017752753,0.03304236105,0.01364567656,0.06293889007
77.40495248,0.01758727011,0.03459473346,0.01180088376,0.06298212099
77.52959813,0.01745504455,0.03588601177,0.01004523797,0.06289675958
77.65424379,0.01735531917,0.03692425296,0.0083776765,0.06268765542
77.77888944,0.01728733683,0.03771751402,0.006797136678,0.06235965806
77.9035351,0.01725034038,0.03827385194,0.00530255582,0.06191761708
78.02818076,0.01724357269,0.03860132372,0.003892871243,0.06136638205
78.15282641,0.0172662766,0.03870798635,0.002567020268,0.06071080254
78.27747207,0.01731769498,0.03860189682,0.001323940212,0.05995572811
78.40211773,0.01739707069,0.03829111212,0.0001625683937,0.05910600835
78.52676338,0.01750364657,0.03778368924,-0.0009181578674,0.05816649281
78.65140904,0.01763666549,0.03708768518,-0.001919301253,0.05714203106
78.77605469,0.0177953703,0.03621115692,-0.002841924445,0.05603747268
78.90070035,0.01797900386,0.03516216146,-0.003687090123,0.05485766724
79.02534601,0.01818680903,0.03394875579,-0.00445586097,0.05360746431
79.14999166,0.01841802865,0.03257899691,-0.005149299668,0.05229171345
79.27463732,0.0186719056,0.03106094179,-0.005768468896,0.05091526423
79.39928297,0.01894768272,0.02940264744,-0.006314431336,0.04948296623
79.52392863,0.01924460288,0.02761217084,-0.006788249671,0.04799966902
79.64857429,0.01956190892,0.025697569,-0.007190986581,0.04647022216
79.77321994,0.01989884371,0.02366689889,-0.007523704747,0.04489947522
79.8978656,0.02025465011,0.02152821751,-0.007787466851,0.04329227777
80.02251126,0.02062857096,0.01928958186,-0.007983335574,0.04165347939
80.14715691,0.02101984912,0.01695904892,-0.008112373597,0.03998792964
80.27180257,0.02142772746,0.01454467568,-0.008175643602,0.0383004781
80.39644822,0.02185144883,0.01205451915,-0.008174208271,0.03659597432
80.52109388,0.02229025608,0.009496636298,-0.008109130284,0.03487926789
80.64573954,0.02274339208,0.006879084131,-0.007981472322,0.03315520837
80.77038519,0.02321009967,0.004209919636,-0.007792297068,0.03142864533
80.89503085,0.02368962172,0.001497199806,-0.007542667202,0.02970442834
81.0196765,0.02418120109,-0.001251018369,-0.007233645406,0.02798740697
81.14432216,0.02468408062,-0.004026677896,-0.006866294361,0.0262824308
81.26896782,0.02519750317,-0.006821721784,-0.006441676748,0.02459434938
81.39361347,0.02572071161,-0.009628093042,-0.005960855249,0.02292801229
81.51825913,0.02625294879,-0.01243773468,-0.005424892545,0.0212882691
81.64290479,0.02679345756,-0.0152425897,-0.004834851318,0.01967996938
81.76755044,0.02734148078,-0.01803460111,-0.004191794248,0.01810796269
81.8921961,0.02789626131,-0.02080571193,-0.003496784017,0.01657709862
82.01684175,0.02845704201,-0.02354786516,-0.002750883307,0.01509222672
82.14148741,0.02902306573,-0.02625300381,-0.001955154798,0.01365819657
82.26613307,0.02959357533,-0.02891307089,-0.001110661173,0.01227985774
82.39077872,0.03016781366,-0.0315200094,-0.0002184651115,0.01096205979
82.51542438,0.03074502359,-0.03406576236,0.0007203707041,0.009709652303
82.64007004,0.03132444796,-0.03654227277,0.001704783593,0.00852748484
82.76471569,0.03190532964,-0.03894148364,0.002733710873,0.007420406972
82.88936135,0.03248691148,-0.04125533798,0.003806089863,0.00639326827
83.014007,0.03306843634,-0.0434757788,0.004920857883,0.005450918303
83.13865266,0.03364914707,-0.04559474911,0.00607695225,0.004598206641
83.26329832,0.03422828654,-0.04760419191,0.007273310284,0.003839982853
83.38794397,0.03480509759,-0.04949605021,0.008508869303,0.00318109651
83.51258963,0.03537882309,-0.05126226703,0.009782566625,0.00262639718
83.63723528,0.03594870589,-0.05289478536,0.01109333957,0.002180734433
83.76188094,0.03651398885,-0.05438554823,0.01244012546,0.00184895784
83.8865266,0.03707391483,-0.05572649863,0.0138218616,0.001635916969
84.01117225,0.03762772667,-0.05690957957,0.01523748532,0.001546461391
84.13581791,0.03817466725,-0.05792673407,0.01668593395,0.001585440676
84.26046357,0.03871397941,-0.05876990513,0.01816614478,0.001757704391
84.38510922,0.03924490601,-0.05943103576,0.01967705515,0.002068102109
84.50975488,0.0397666899,-0.05990206897,0.02121760238,0.002521483397
84.63440053,0.04027857396,-0.06017494776,0.02278672377,0.003122697826
84.75904619,0.04077980102,-0.06024161515,0.02438335666,0.003876594966
84.88369185,0.04126961396,-0.06009401414,0.02600643836,0.004788024386
85.0083375,0.04174725561,-0.05972408775,0.02765490618,0.005861835656
85.13298316,0.04221196885,-0.05912377897,0.02932769745,0.007102878345
85.25762881,0.04266299653,-0.05828503082,0.03102374948,0.008516002023
85.38227447,0.0430995815,-0.05719978631,0.0327419996,0.01010605626
85.50692013,0.04352096663,-0.05585998845,0.03448138512,0.01187789063
85.63156578,0.04392639476,-0.05425758024,0.03624084336,0.01383635469
85.75621144,0.04431510875,-0.05238450469,0.03801931165,0.01598629802
85.8808571,0.04468635147,-0.05023270481,0.03981572729,0.01833257019
86.00550275,0.04503936576,-0.04779412361,0.0416290276,0.02088002077
86.13014841,0.04537339449,-0.04506070409,0.04345814992,0.02363349932
86.25479406,0.04568768051,-0.04202438927,0.04530203155,0.02659785542
86.37943972,0.04598146668,-0.03867712216,0.04715960981,0.02977793863
86.50408538,0.04625399586,-0.03501084575,0.04902982202,0.03317859854
86.62873103,0.04650451089,-0.03101750307,0.0509116055,0.03680468469
86.75337669,0.04672288852,-0.02683737627,0.05275038952,0.04052772791
86.87802234,0.04688215173,-0.02289970718,0.05439093417,0.04396167485
87.002668,0.04698248259,-0.01922683117,0.05582853359,0.04708840826
87.12731366,0.04702589877,-0.01581272194,0.05706882719,0.04991536896
87.25195931,0.0470144179,-0.01265135316,0.05811745438,0.05244999772
87.37660497,0.04695005766,-0.009736698508,0.05898005456,0.05469973537
87.50125063,0.04683483568,-0.007062731681,0.05966226713,0.0566720227
87.62589628,0.04667076961,-0.004623426358,0.06016973149,0.05837430051
87.75054194,0.04645987713,-0.002412756221,0.06050808705,0.0598140096
87.87518759,0.04620417586,-0.0004246949544,0.0606829732,0.06099859078
87.99983325,0.04590568347,0.001346783758,0.06070002935,0.06193548484
88.12447891,0.04556641761,0.002907706233,0.06056489491,0.06263213259
88.24912456,0.04518839593,0.004264098787,0.06028320927,0.06309597482
88.37377022,0.04477363608,0.005421987736,0.05986061183,0.06333445235
88.49841587,0.04432415572,0.006387399398,0.05930274201,0.06335500597
88.62306153,0.0438419725,0.007166360088,0.0586152392,0.06316507648
88.74770719,0.04332910406,0.007764896122,0.0578037428,0.06277210468
88.87235284,0.04278756807,0.008189033818,0.05687389221,0.06218353138
88.9969985,0.04221938217,0.008444799492,0.05583132685,0.06140679738
89.12164416,0.04162656402,0.008538219461,0.05468168611,0.06044934347
89.24628981,0.04101113127,0.00847532004,0.05343060939,0.05931861047
89.37093547,0.04037510157,0.008262127546,0.0520837361,0.05802203916
89.49558112,0.03972049257,0.007904668296,0.05064670563,0.05656707036
89.62022678,0.03904932193,0.007408968606,0.0491251574,0.05496114486
89.74487244,0.03836360729,0.006781054793,0.0475247308,0.05321170346
89.86951809,0.03766536632,0.006026953174,0.04585106523,0.05132618697
89.99416375,0.03695661666,0.005152690063,0.04410980011,0.04931203619
90.1188094,0.03623937596,0.004164291779,0.04230657482,0.04717669191
90.24345506,0.03551566188,0.003067784638,0.04044702877,0.04492759495
90.36810072,0.03478749207,0.001869194955,0.03853680137,0.0425721861
90.49274637,0.03405688418,0.0005745490485,0.03658153202,0.04011790616
90.61739203,0.03332585587,-0.0008101267664,0.03458686012,0.03757219593
90.74203769,0.03259642478,-0.002278806173,0.03255842507,0.03494249622
90.86668334,0.03187060857,-0.003825462854,0.03050186628,0.03223624783
90.991329,0.03115042489,-0.005444070494,0.02842282314,0.02946089156
91.11597465,0.0304378914,-0.007128602776,0.02632693506,0.0266238682
91.24062031,0.02973502574,-0.008873033384,0.02421984144,0.02373261857
91.36526597,0.02904384556,-0.010671336,0.02210718169,0.02079458345
91.48991162,0.02836636853,-0.01251748431,0.0199945952,0.01781720367
91.61455728,0.02770461229,-0.014405452,0.01788772138,0.01480792
91.73920293,0.02706059449,-0.01632921274,0.01579219964,0.01177417327
91.86384859,0.02643633279,-0.01828274023,0.01371366937,0.008723404257
91.98849425,0.02583384484,-0.02026000815,0.01165776997,0.005663053777
92.1131399,0.02525514829,-0.02225499017,0.009630140851,0.002600562627
92.23778556,0.02470226079,-0.02426165999,0.007636421413,-0.0004566283905
92.36243122,0.0241772,-0.02627399129,0.005682251059,-0.003501078475
92.48707687,0.02368198357,-0.02828595775,0.003773269191,-0.006525346825
92.61172253,0.02321862915,-0.03029153305,0.00191511521,-0.009521992639
92.73636818,0.02278915439,-0.03228469088,0.0001134285203,-0.01248357512
92.86101384,0.02239557694,-0.03425940492,-0.001626151477,-0.01540265345
92.9856595,0.02203991446,-0.03620964886,-0.003297985379,-0.01827178685
93.11030515,0.02172418461,-0.03812939637,-0.004896433784,-0.02108353451
93.23495081,0.02145040502,-0.04001262115,-0.006415857289,-0.02383045562
93.35959646,0.02122059336,-0.04185329687,-0.007850616491,-0.02650510939
93.48424212,0.02103676727,-0.04364539722,-0.009195071989,-0.02910005502
93.60888778,0.02090094441,-0.04538289589,-0.01044358438,-0.0316078517
93.73353343,0.02081514243,-0.04705976655,-0.01159051426,-0.03402105863
93.85817909,0.02078137899,-0.04866998289,-0.01263022223,-0.03633223501
93.98282475,0.02080167173,-0.05020751859,-0.01355706888,-0.03853394004
94.1074704,0.02087803831,-0.05166634734,-0.01436541482,-0.04061873292
94.23211606,0.02101249637,-0.05304044282,-0.01504962064,-0.04257917284
94.35676171,0.02120706358,-0.05432377872,-0.01560404694,-0.04440781901
94.48140737,0.02146375759,-0.05551032871,-0.01602305431,-0.04609723062
94.60605303,0.02178459604,-0.05659406648,-0.01630100336,-0.04763996688
94.73069868,0.02217159659,-0.05756896572,-0.01643225468,-0.04902858697
94.85534434,0.02262677689,-0.05842900011,-0.01641116887,-0.05025565011
94.97998999,0.02315215459,-0.05916814332,-0.01623210653,-0.05131371548
95.10463565,0.02374974735,-0.05978036905,-0.01588942825,-0.0521953423
95.22928131,0.02442157282,-0.06025965098,-0.01537749463,-0.05289308974
95.35392696,0.02516964865,-0.06059996279,-0.01469066627,-0.05339951702
95.47857262,0.02599599249,-0.06079527817,-0.01382330377,-0.05370718334
95.60321828,0.026902622,-0.0608395708,-0.01276976772,-0.05380864788
95.72786393,0.02789155482,-0.06072681436,-0.01152441872,-0.05369646986
95.85250959,0.02896480861,-0.06045098253,-0.01008161738,-0.05336320846
95.97715524,0.03012440102,-0.060006049,-0.008435724282,-0.0528014229
96.1018009,0.03137234971,-0.05938598746,-0.00658110003,-0.05200367236
96.22644656,0.03271067232,-0.05858477159,-0.00451210522,-0.05096251604
96.35109221,0.03414138652,-0.05759637506,-0.002223100451,-0.04967051314
96.47573787,0.03566650994,-0.05641477157,0.0002915536793,-0.04812022287
96.60038353,0.03728806025,-0.05503393479,0.003037496575,-0.04630420442
96.72502918,0.03900805509,-0.05344783842,0.006020367636,-0.04421501699
96.84967484,0.04082851211,-0.05165045613,0.009245806267,-0.04184521978
96.97432049,0.04275144898,-0.04963576161,0.01271945187,-0.03918737198
97.09896615,0.04477888334,-0.04739772854,0.01644694385,-0.0362340328
97.22361181,0.04691283285,-0.0449303306,0.0204339216,-0.03297776143
97.34825746,0.04915531515,-0.04222754149,0.02468602453,-0.02941111708
97.47290312,0.0515083479,-0.03928333487,0.02920889204,-0.02552665893
97.59754877,0.05386548443,-0.03621917982,0.033807555,-0.02146633398
97.72219443,0.05599362801,-0.03330958282,0.03805049676,-0.01755248553
97.84684009,0.05789061395,-0.03056123675,0.04193130564,-0.01379460051
97.97148574,0.05956267999,-0.02797101979,0.04545907624,-0.01019068185
98.0961314,0.06101606383,-0.02553581012,0.04864290314,-0.006738732518
98.22077706,0.06225700321,-0.02325248591,0.05149188094,-0.00343675545
98.34542271,0.06329173584,-0.02111792533,0.05401510422,-0.0002827535993
98.47006837,0.06412649944,-0.01912900655,0.05622166757,0.002725270085
98.59471402,0.06476753173,-0.01728260775,0.0581206656,0.005589312652
98.71935968,0.06522107043,-0.0155756071,0.05972119288,0.008311371154
98.84400534,0.06549335327,-0.01400488276,0.061032344,0.01089344264
98.96865099,0.06559061796,-0.01256731292,0.06206321356,0.01333752416
99.09329665,0.06551910223,-0.01125977574,0.06282289615,0.01564561277
99.2179423,0.06528504379,-0.01007914939,0.06332048636,0.01781970551
99.34258796,0.06489468037,-0.009022312061,0.06356507878,0.01986179945
99.46723362,0.06435424969,-0.008086141909,0.063565768,0.02177389162
99.59187927,0.06366998946,-0.007267517111,0.0633316486,0.02355797907
99.71652493,0.06284813741,-0.00656331584,0.06287181519,0.02521605887
99.84117059,0.06189493126,-0.005970416267,0.06219536234,0.02675012806
99.96581624,0.06081660873,-0.005485696566,0.06131138465,0.02816218368
100.0904619,0.05961940754,-0.005106034907,0.06022897672,0.0294542228
100.2151076,0.05830956541,-0.004828309465,0.05895723313,0.03062824245
100.3397532,0.05689332005,-0.004649398411,0.05750524847,0.0316862397
100.4643989,0.0553769092,-0.004566179918,0.05588211733,0.03263021159
100.5890445,0.05376657058,-0.004575532157,0.0540969343,0.03346215518
100.7136902,0.05206854189,-0.004674333302,0.05215879398,0.0341840675
100.8383358,0.05028906087,-0.004859461524,0.05007679095,0.03479794562
100.9629815,0.04843436523,-0.005127794997,0.0478600198,0.03530578659
101.0876271,0.0465106927,-0.005476211892,0.04551757513,0.03570958745
101.2122728,0.04452428099,-0.005901590381,0.04305855152,0.03601134526
101.3369185,0.04248136782,-0.006400808638,0.04049204357,0.03621305706
101.4615641,0.04038819093,-0.006970744835,0.03782714586,0.03631671991
101.5862098,0.03825098802,-0.007608277143,0.03507295299,0.03632433085
101.7108554,0.03607599681,-0.008310283736,0.03223855954,0.03623788694
101.8355011,0.03386945504,-0.009073642785,0.02933306012,0.03605938524
101.9601467,0.03163760041,-0.009895232463,0.02636554929,0.03579082278
102.0847924,0.02938667065,-0.01077193094,0.02334512167,0.03543419662
102.2094381,0.02712290349,-0.0117006164,0.02028087183,0.03499150381
102.3340837,0.02485253663,-0.012678167,0.01718189437,0.0344647414
102.4587294,0.0225818078,-0.01370146091,0.01405728389,0.03385590644
102.583375,0.02031695473,-0.01476737632,0.01091613496,0.03316699599
102.7080207,0.01806421513,-0.0158727914,0.007767542174,0.03240000708
102.8326663,0.01582982672,-0.0170145843,0.004620600133,0.03155693678
102.957312,0.01362002722,-0.01818963322,0.001484403423,0.03063978213
103.0819576,0.01144105436,-0.01939481632,-0.001631953367,0.02965054019
103.2066033,0.009299145851,-0.02062701177,-0.004719375646,0.028591208
103.331249,0.007200539418,-0.02188309774,-0.007768768823,0.02746378262
103.4558946,0.005151472782,-0.02315995241,-0.01077103831,0.02627026109
103.5805403,0.003158183661,-0.02445445395,-0.01371708951,0.02501264047
103.7051859,0.001226909777,-0.02576348054,-0.01659782784,0.0236929178
103.8298316,-0.0006361111486,-0.02708391034,-0.01940415871,0.02231309015
103.9544772,-0.002424641396,-0.02841262152,-0.02212698752,0.02087515455
104.0791229,-0.004132443246,-0.02974649227,-0.02475721969,0.01938110806
104.2037686,-0.005753278975,-0.03108240074,-0.02728576063,0.01783294772
104.3284142,-0.007280910865,-0.03241722512,-0.02970351574,0.0162326706
104.4530599,-0.008709101194,-0.03374784358,-0.03200139043,0.01458227374
104.5777055,-0.01003161224,-0.03507113429,-0.03417029012,0.01288375419
104.7023512,-0.01124220629,-0.03638397541,-0.03620112021,0.011139109
104.8269968,-0.01233464561,-0.03768324513,-0.03808478612,0.009350335222
104.9516425,-0.01330269249,-0.03896582162,-0.03981219325,0.007519429907
105.0762881,-0.01414010921,-0.04022858304,-0.04137424701,0.005648390104
105.2009338,-0.01484065805,-0.04146840758,-0.04276185282,0.003739212865
105.3255795,-0.01539810127,-0.0426821734,-0.04396591607,0.001793895241
105.4502251,-0.01580620118,-0.04386675867,-0.04497734219,-0.0001855657189
105.5748708,-0.01605872004,-0.04501904158,-0.04578703658,-0.002197172963
105.6995164,-0.01614942013,-0.04613590028,-0.04638590465,-0.004238929442
105.8241621,-0.01607206373,-0.04721421295,-0.04676485181,-0.006308838104
105.9488077,-0.01582041313,-0.04825085777,-0.04691478347,-0.0084049019
106.0734534,-0.01538823059,-0.04924271291,-0.04682660504,-0.01052512378
106.198099,-0.01476927841,-0.05018665654,-0.04649122193,-0.01266750669
106.3227447,-0.01395731886,-0.05107956682,-0.04589953954,-0.01483005358
106.4473904,-0.01294611422,-0.05191832195,-0.0450424633,-0.0170107674
106.572036,-0.01172942677,-0.05269980008,-0.0439108986,-0.0192076511
106.6966817,-0.01030101879,-0.05342087939,-0.04249575086,-0.02141870763
106.8213273,-0.008654652554,-0.05407843805,-0.04078792549,-0.02364193994
106.945973,-0.006784090347,-0.05466935423,-0.03877832789,-0.02587535098
107.0706186,-0.004683094447,-0.05519050611,-0.03645786348,-0.0281169437
107.1952643,-0.002345427133,-0.05563877186,-0.03381743767,-0.03036472104
107.31991,0.0002351493151,-0.05601102965,-0.03084795586,-0.03261668596
107.4445556,0.003064872618,-0.05630415765,-0.02754032346,-0.03487084141
107.5692013,0.006149980497,-0.05651503404,-0.02388544589,-0.03712519034
107.6938469,0.009496710671,-0.05664053699,-0.01987422856,-0.03937773568
107.8184926,0.01311130086,-0.05667754467,-0.01549757686,-0.04162648041
107.9431382,0.01699998879,-0.05662293525,-0.01074639623,-0.04386942745
108.0677839,0.02116901218,-0.05647358691,-0.00561159205,-0.04610457977
108.1924295,0.02562460874,-0.05622637781,-8.406974624e-05,-0.04832994032
108.3170752,0.03037301621,-0.05587818613,0.005845265275,-0.05054351203
108.4417209,0.03515664357,-0.0554208135,0.01187126979,-0.05264979402
108.5663665,0.03955562113,-0.05484718375,0.01749339147,-0.05450018481
108.6910122,0.04357359633,-0.05416139107,0.02271400362,-0.05609932288
108.8156578,0.04722016226,-0.05336766474,0.02754255089,-0.0574539754
108.9403035,0.05050491203,-0.05247023401,0.03198847792,-0.05857090954
109.0649491,0.05343743874,-0.05147332816,0.03606122938,-0.05945689246
109.1895948,0.0560273355,-0.05038117645,0.0397702499,-0.06011869134
109.3142405,0.05828419539,-0.04919800814,0.04312498415,-0.06056307334
109.4388861,0.06021761153,-0.04792805252,0.04613487676,-0.06079680564
109.5635318,0.06183717702,-0.04657553883,0.04880937239,-0.0608266554
109.6881774,0.06315248496,-0.04514469636,0.0511579157,-0.0606593898
109.8128231,0.06417312845,-0.04363975436,0.05318995132,-0.06030177599
109.9374687,0.06490870059,-0.0420649421,0.05491492391,-0.05976058116
110.0621144,0.06536879448,-0.04042448885,0.05634227813,-0.05904257247
110.18676,0.06556300323,-0.03872262387,0.05748145861,-0.05815451708
110.3114057,0.06550091993,-0.03696357644,0.05834191002,-0.05710318218
110.4360514,0.0651921377,-0.03515157582,0.058933077,-0.05589533492
110.560697,0.06464624962,-0.03329085127,0.0592644042,-0.05453774248
110.6853427,0.06387284881,-0.03138563206,0.05934533627,-0.05303717202
110.8099883,0.06288152836,-0.02944014746,0.05918531786,-0.05140039072
110.934634,0.06168188138,-0.02745862674,0.05879379362,-0.04963416574
111.0592796,0.06028350096,-0.02544529916,0.05818020821,-0.04774526426
111.1839253,0.05869598022,-0.02340439399,0.05735400627,-0.04574045344
111.308571,0.05692891224,-0.02134014049,0.05632463245,-0.04362650045
111.4332166,0.05499189014,-0.01925676794,0.0551015314,-0.04141017247
111.5578623,0.05289450701,-0.01715850559,0.05369414778,-0.03909823665
111.6825079,0.05064635595,-0.01504958273,0.05211192623,-0.03669746017
111.8071536,0.04825703008,-0.0129342286,0.0503643114,-0.0342146102
111.9317992,0.04573612248,-0.01081667248,0.04846074795,-0.03165645391
112.0564449,0.04309322626,-0.008701143637,0.04641068052,-0.02902975846
112.1810905,0.04033793453,-0.006591871337,0.04422355376,-0.02634129104
112.3057362,0.03747984038,-0.004493084845,0.04190881233,-0.02359781879
112.4303819,0.03452853692,-0.002409013429,0.03947590087,-0.0208061089
112.5550275,0.03149361724,-0.0003438863558,0.03693426404,-0.01797292853
112.6796732,0.02838467445,0.001698067109,0.03429334648,-0.01510504486
112.8043188,0.02521130166,0.003712617698,0.03156259284,-0.01220922505
112.9289645,0.02198309196,0.005695536144,0.02875144779,-0.009292236268
113.0536101,0.01870963845,0.007642593182,0.02586935595,-0.006360845688
113.1782558,0.01540053424,0.009549559544,0.02292576199,-0.003421820476
113.3029015,0.01206537242,0.01141220596,0.01993011056,-0.0004819278029
113.4275471,0.00871374611,0.01322630317,0.0168918463,0.002452065163
113.5521928,0.005355248397,0.01498762191,0.01382041387,0.005373391251
113.6768384,0.001999472388,0.0166919329,0.01072525791,0.008275283294
113.8014841,-0.001343988817,0.01833500688,0.007615823079,0.01115097412
113.9261297,-0.004665542116,0.01991261459,0.004501554024,0.01399369656
114.0507754,-0.007955594406,0.02142052676,0.001391895397,0.01679668345
114.175421,-0.01120455259,0.02285451411,-0.001703708154,0.01955316762
114.3000667,-0.01440282356,0.02421034739,-0.004775811978,0.0222563819
114.4247124,-0.01754081421,0.02548379733,-0.007814971425,0.02489955911
114.549358,-0.02060893145,0.02667063466,-0.01081174184,0.0274759321
114.6740037,-0.02359758218,0.02776663011,-0.01375667859,0.02997873368
114.7986493,-0.02649717328,0.02876755442,-0.016640337,0.0324011967
114.923295,-0.02929811167,0.02966917832,-0.01945327244,0.03473655398
115.0479406,-0.03199080423,0.03046727255,-0.02218604025,0.03697803835
115.1725863,-0.03456565787,0.03115760783,-0.02482919578,0.03911888264
115.2972319,-0.03701307949,0.0317359549,-0.02737329438,0.0411523197
115.4218776,-0.03932347598,0.0321980845,-0.0298088914,0.04307158233
115.5465233,-0.04148725424,0.03253976736,-0.0321265422,0.04486990338
115.6711689,-0.04349482117,0.0327567742,-0.03431680211,0.04654051569
115.7958146,-0.04533658367,0.03284487577,-0.0363702265,0.04807665206
115.9204602,-0.04700294863,0.0327998428,-0.03827737071,0.04947154535
116.0451059,-0.04848432296,0.03261744601,-0.04002879008,0.05071842838
116.1697515,-0.04977111355,0.03229345616,-0.04161503998,0.05181053398
116.2943972,-0.0508537273,0.03182364395,-0.04302667575,0.05274109498
116.4190429,-0.05172257112,0.03120378014,-0.04425425274,0.05350334421
116.5436885,-0.05236805189,0.03042963546,-0.04528832629,0.0540905145
116.6683342,-0.05278057652,0.02949698063,-0.04611945177,0.05449583869
116.7929798,-0.0529505519,0.02840158639,-0.04673818452,0.05471254961
116.9176255,-0.05286838493,0.02713922347,-0.04713507988,0.05473388008
117.0422711,-0.05252448252,0.02570566262,-0.04730069322,0.05455306293
117.1669168,-0.05190925155,0.02409667455,-0.04722557987,0.05416333101
117.2915624,-0.05101309893,0.02230803,-0.0469002952,0.05355791713
117.4162081,-0.04982643156,0.02033549972,-0.04631539454,0.05273005413
117.5408538,-0.04833965633,0.01817485442,-0.04546143325,0.05167297484
117.6654994,-0.04654318015,0.01582186485,-0.04432896667,0.05037991209
117.7901451,-0.04442740991,0.01327230174,-0.04290855017,0.04884409871
117.9147907,-0.0419827525,0.01052193581,-0.04119073908,0.04705876754
118.0394364,-0.03919961483,0.007566537811,-0.03916608876,0.0450171514
118.164082,-0.0360684038,0.004401878467,-0.03682515456,0.04271248312
118.2887277,-0.0325795263,0.001023728514,-0.03415849182,0.04013799554
118.4133734,-0.02872338924,-0.002572141315,-0.03115665591,0.03728692148
118.538019,-0.02449039951,-0.006389960287,-0.02781020215,0.03415249378
118.6626647,-0.019870964,-0.01043395767,-0.02410968592,0.03072794527
118.7873103,-0.01485548962,-0.01470836273,-0.02004566255,0.02700650877
118.911956,-0.009434383269,-0.01921740473,-0.0156086874,0.02298141712
119.0366016,-0.003598051841,-0.02396531294,-0.01078931581,0.01864590316
119.1612473,0.002663097766,-0.02895631663,-0.005578103142,0.0139931997
119.2858929,0.008966938511,-0.0338908573,-0.000288071806,0.009304460102
119.4105386,0.01485914476,-0.03841727992,0.004706417788,0.004914045669
119.5351843,0.02034823795,-0.04254508594,0.009410945401,0.0008161976238
119.6598299,0.02544354877,-0.04628440629,0.01383175604,-0.002995437559
119.7844756,0.03015440792,-0.04964537194,0.01797509472,-0.006527213404
119.9091212,0.03449014609,-0.05263811385,0.02184720644,-0.009785483437
120.0337669,0.03846009399,-0.05527276297,0.02545433621,-0.01277660118
120.1584125,0.04207358229,-0.05755945025,0.02880272905,-0.01550692017
120.2830582,0.04533994171,-0.05950830665,0.03189862995,-0.01798279392
120.4077039,0.04826850292,-0.06112946313,0.03474828394,-0.02021057596
120.5323495,0.05086859664,-0.06243305064,0.037357936,-0.02219661981
120.6569952,0.05314955354,-0.06342920014,0.03973383116,-0.023947279
120.7816408,0.05512070433,-0.06412804258,0.04188221443,-0.02546890706
120.9062865,0.0567913797,-0.06453970892,0.0438093308,-0.02676785751
121.0309321,0.05817091035,-0.06467433011,0.04552142529,-0.02785048387
121.1555778,0.05926862697,-0.06454203711,0.04702474291,-0.02872313968
121.2802234,0.06009386025,-0.06415296088,0.04832552867,-0.02939217845
121.4048691,0.06065594089,-0.06351723237,0.04943002757,-0.02986395372
121.5295148,0.06096419959,-0.06264498254,0.05034448462,-0.030144819
121.6541604,0.06102796703,-0.06154634233,0.05107514483,-0.03024112782
121.7788061,0.06085657392,-0.06023144272,0.05162825321,-0.03015923372
121.9034517,0.06045935094,-0.05871041464,0.05201005476,-0.0299054902
122.0280974,0.0598456288,-0.05699338907,0.0522267945,-0.0294862508
122.152743,0.05902473818,-0.05509049695,0.05228471743,-0.02890786905
122.2773887,0.05800600979,-0.05301186923,0.05219006857,-0.02817669847
122.4020344,0.05679877431,-0.05076763689,0.05194909291,-0.02729909258
122.52668,0.05541236244,-0.04836793086,0.05156803547,-0.02628140491
122.6513257,0.05385610488,-0.04582288211,0.05105314126,-0.02512998899
122.7759713,0.05213933232,-0.04314262159,0.05041065528,-0.02385119833
122.900617,0.05027137545,-0.04033728026,0.04964682254,-0.02245138647
123.0252626,0.04826156497,-0.03741698908,0.04876788806,-0.02093690694
123.1499083,0.04611923158,-0.03439187899,0.04778009683,-0.01931411325
123.2745539,0.04385370596,-0.03127208095,0.04668969387,-0.01758935893
123.3991996,0.04147431882,-0.02806772593,0.04550292419,-0.01576899751
123.5238453,0.03899040085,-0.02478894486,0.04422603279,-0.01385938251
123.6484909,0.03641128273,-0.02144586872,0.04286526468,-0.01186686746
123.7731366,0.03374629518,-0.01804862846,0.04142686487,-0.009797805877
123.8977822,0.03100476888,-0.01460735503,0.03991707837,-0.007658551296
124.0224279,0.02819603452,-0.01113217938,0.03834215019,-0.005455457239
124.1470735,0.0253294228,-0.007633232482,0.03670832533,-0.003194877232
124.2717192,0.02241426442,-0.004120645279,0.03502184881,-0.0008831647982
124.3963648,0.01945989007,-0.000604548729,0.03328896563,0.001473326536
124.5210105,0.01647563045,0.002904926211,0.0315159208,0.003868243245
124.6456562,0.01347081624,0.006397648586,0.02970895932,0.006295231803
124.7703018,0.01045477815,0.00986348744,0.02787432622,0.008747938687
124.8949475,0.007436846864,0.01329231182,0.02601826648,0.01122001037
125.0195931,0.004426353084,0.01667399076,0.02414702513,0.01370509332
125.1442388,0.001432627501,0.01999839332,0.02226684717,0.01619683403
125.2688844,-0.001534999189,0.02325538854,0.02038397761,0.01868887896
125.3935301,-0.004467196292,0.02643484546,0.01850466146,0.02117487458
125.5181758,-0.007354633114,0.02952663312,0.01663514373,0.02364846738
125.6428214,-0.01018797896,0.03252062058,0.01478166941,0.02610330383
125.7674671,-0.01295790313,0.03540667687,0.01295048354,0.02853303039
125.8921127,-0.01565507494,0.03817467103,0.0111478311,0.03093129356
126.0167584,-0.01827016369,0.04081447213,0.009379957107,0.03329173979
126.141404,-0.02079383868,0.04331594919,0.007653106575,0.03560801557
126.2660497,-0.02321676923,0.04566897126,0.005973524507,0.03787376737
126.3906953,-0.02552962463,0.04786340739,0.004347455914,0.04008264167
126.515341,-0.02772307419,0.04988912662,0.002781145802,0.04222828493
126.6399867,-0.02978778722,0.051735998,0.001280839181,0.04430434365
126.7646323,-0.03171443302,0.05339389057,-0.0001472189416,0.04630446428
126.889278,-0.0334936809,0.05485267337,-0.001496783558,0.0482222933
127.0139236,-0.03511620016,0.05610221546,-0.002761609659,0.05005147719
127.1385693,-0.03657266011,0.05713238586,-0.003935452237,0.05178566243
127.2632149,-0.03785373005,0.05793305364,-0.005012066283,0.05341849548
127.3878606,-0.03895007929,0.05849408783,-0.00598520679,0.05494362283
127.5125063,-0.03985237714,0.05880535747,-0.006848628748,0.05635469094
127.6371519,-0.04055129289,0.05885673162,-0.007596087151,0.0576453463
127.7617976,-0.04103749586,0.05863807931,-0.008221336989,0.05880923537
127.8864432,-0.04130165535,0.05813926959,-0.008718133254,0.05984000464
128.0110889,-0.04133444067,0.05735017151,-0.009080230938,0.06073130057
128.1357345,-0.04112652112,0.05626065411,-0.009301385033,0.06147676964
128.2603802,-0.04066856601,0.05486058643,-0.00937535053,0.06207005832
128.3850258,-0.03995124463,0.05313983752,-0.009295882421,0.0625048131
128.5096715,-0.03896522631,0.05108827642,-0.009056735699,0.06277468044
128.6343172,-0.03770118034,0.04869577218,-0.008651665354,0.06287330682
128.7589628,-0.03614977602,0.04595219384,-0.008074426378,0.06279433871
128.8836085,-0.03430168267,0.04284741045,-0.007318773764,0.0625314226
129.0082541,-0.03214756959,0.03937129104,-0.006378462503,0.06207820494
129.1328998,-0.02967810608,0.03551370468,-0.005247247586,0.06142833223
129.2575454,-0.02688396146,0.03126452039,-0.003918884006,0.06057545093
129.3821911,-0.02375580501,0.02661360722,-0.002387126754,0.05951320751
129.5068368,-0.02028430606,0.02155083423,-0.0006457308218,0.05823524846
129.6314824,-0.01646013391,0.01606607044,0.001311548799,0.05673522024
129.7561281,-0.01227395785,0.01014918492,0.003490957116,0.05500676934
129.8807737,-0.007716447202,0.003790046692,0.005898739138,0.05304354222
130.0054194,-0.002778869803,-0.003020582025,0.008540797863,0.05083955102
130.130065,0.002204302291,-0.009781202044,0.01122668786,0.04859853725
130.2547107,0.006948779513,-0.01607036176,0.0137937647,0.04649380573
130.3793563,0.01145925725,-0.02189902721,0.01624431286,0.04452216605
130.504002,0.01574043089,-0.02727816441,0.0185806168,0.04268042776
130.6286477,0.01979699582,-0.0322187394,0.020804961,0.04096540043
130.7532933,0.02363364743,-0.0367317182,0.02291962991,0.03937389363
130.877939,0.02725508111,-0.04082806685,0.024926908,0.03790271691
131.0025846,0.03066599224,-0.04451875136,0.02682907974,0.03654867984
131.1272303,0.03387107622,-0.04781473778,0.02862842959,0.035308592
131.2518759,0.03687502843,-0.05072699212,0.03032724202,0.03417926293
131.3765216,0.03968254426,-0.05326648043,0.0319278015,0.03315750221
131.5011673,0.0422983191,-0.05544416872,0.03343239248,0.03224011941
131.6258129,0.04472704834,-0.05727102302,0.03484329945,0.03142392408
131.7504586,0.04697342736,-0.05875800937,0.03616280686,0.03070572579
131.8751042,0.04904215155,-0.05991609379,0.03739319918,0.0300823341
131.9997499,0.0509379163,-0.06075624232,0.03853676087,0.02955055859
132.1243955,0.052665417,-0.06128942097,0.0395957764,0.02910720882
132.2490412,0.05422934904,-0.06152659578,0.04057253024,0.02874909434
132.3736868,0.05563440781,-0.06147873278,0.04146930686,0.02847302473
132.4983325,0.05688528869,-0.061156798,0.04228839071,0.02827580955
132.6229782,0.05798668707,-0.06057175746,0.04303206627,0.02815425836
132.7476238,0.05894329834,-0.0597345772,0.043702618,0.02810518073
132.8722695,0.05975981788,-0.05865622323,0.04430233036,0.02812538623
132.9969151,0.0604409411,-0.0573476616,0.04483348783,0.02821168442
133.1215608,0.06099136336,-0.05581985833,0.04529837487,0.02836088485
133.2462064,0.06141578007,-0.05408377945,0.04569927594,0.02856979711
133.3708521,0.06171888661,-0.05215039099,0.04603847552,0.02883523075
133.4954977,0.06190537837,-0.05003065897,0.04631825806,0.02915399534
133.6201434,0.06197995074,-0.04773554943,0.04654090803,0.02952290044
133.7447891,0.0619472991,-0.04527602839,0.04670870991,0.02993875562
133.8694347,0.06181211884,-0.04266306189,0.04682394814,0.03039837044
133.9940804,0.06157910535,-0.03990761595,0.04688890721,0.03089855447
134.118726,0.06125295403,-0.03702065659,0.04690587158,0.03143611727
134.2433717,0.06083836025,-0.03401314986,0.04687712571,0.0320078684
134.3680173,0.0603400194,-0.03089606177,0.04680495406,0.03261061744
134.492663,0.05976262688,-0.02768035836,0.04669164112,0.03324117394
134.6173087,0.05911087808,-0.02437700566,0.04653947133,0.03389634748
134.7419543,0.05838946837,-0.02099696969,0.04635072917,0.0345729476
134.8666,0.05760309315,-0.01755121648,0.0461276991,0.03526778389
134.9912456,0.0567564478,-0.01405071206,0.04587266559,0.03597766591
135.1158913,0.05585422772,-0.01050642246,0.04558791311,0.03669940321
135.2405369,0.0549011283,-0.006929313716,0.04527572611,0.03742980537
135.3651826,0.05390184491,-0.003330351846,0.04493838907,0.03816568194
135.4898282,0.05286107295,0.000279497117,0.04457818646,0.0389038425
135.6144739,0.05178350781,0.003889267145,0.04419740273,0.03964109661
135.7391196,0.05067384487,0.00748799221,0.04379832236,0.04037425383
135.8637652,0.04953677953,0.01106470628,0.04338322981,0.04110012373
135.9884109,0.04837700717,0.01460844333,0.04295440954,0.04181551588
136.1130565,0.04719922318,0.01810823733,0.04251414603,0.04251723983
136.2377022,0.04600812294,0.02155312225,0.04206472374,0.04320210515
136.3623478,0.04480840185,0.02493213207,0.04160842713,0.04386692141
136.4869935,0.0436047553,0.02823430074,0.04114754067,0.04450849818
136.6116392,0.04240187866,0.03144866226,0.04068434883,0.04512364501
136.7362848,0.04120446734,0.03456425057,0.04022113606,0.04570917147
136.8609305,0.04001721671,0.03757009967,0.03976018685,0.04626188712
136.9855761,0.03884482217,0.04045524351,0.03930378565,0.04677860154
137.1102218,0.03769197911,0.04320871608,0.03885421694,0.04725612428
137.2348674,0.03656338291,0.04581955133,0.03841376517,0.04769126492
137.3595131,0.03546372896,0.04827678325,0.03798471481,0.04808083301
137.4841587,0.03439771265,0.0505694458,0.03756935033,0.04842163812
137.6088044,0.03337002936,0.05268657295,0.03716995619,0.04871048981
137.7334501,0.03238537449,0.05461719868,0.03678881686,0.04894419765
137.8580957,0.03144844343,0.05635035696,0.03642821681,0.04911957121
137.9827414,0.03056393155,0.05787508176,0.0360904405,0.04923342005
138.107387,0.02973653426,0.05918040705,0.0357777724,0.04928255373
138.2320327,0.02897094693,0.0602553668,0.03549249698,0.04926378181
138.3566783,0.02827186496,0.06108899498,0.03523689869,0.04917391388
138.481324,0.02764398373,0.06167032556,0.03501326201,0.04900975947
138.6059697,0.02709199863,0.06198839252,0.0348238714,0.04876812818
138.7306153,0.02662060506,0.06203222983,0.03467101133,0.04844582955
138.855261,0.02623449839,0.06179087145,0.03455696627,0.04803967315
138.9799066,0.02593837402,0.06125335136,0.03448402067,0.04754646855
139.1045523,0.02573692734,0.06040870353,0.03445445901,0.04696302531
139.2291979,0.02563485372,0.05924596193,0.03447056575,0.04628615299
139.3538436,0.02563684857,0.05775416054,0.03453462536,0.04551266117
139.4784892,0.02574760727,0.05592233331,0.0346489223,0.04463935941
139.6031349,0.02597182521,0.05373951424,0.03481574105,0.04366305726
139.7277806,0.02631419777,0.05119473728,0.03503736606,0.0425805643
139.8524262,0.02677942034,0.0482770364,0.0353160818,0.04138869009
139.9770719,0.02737218831,0.04497544559,0.03565417273,0.0400842442
140.1017175,0.02809719708,0.0412789988,0.03605392334,0.03866403618
140.2263632,0.02895914202,0.03717673002,0.03651761807,0.03712487561
140.3510088,0.02996271853,0.03265767321,0.0370475414,0.03546357205
140.4756545,0.031112622,0.02771086234,0.03764597779,0.03367693506
140.6003002,0.0324135478,0.02232533138,0.0383152117,0.03176177422
140.7249458,0.03387019134,0.01649011432,0.03905752761,0.02971489907
140.8495915,0.03548499945,0.01020162275,0.03987385925,0.02753524278
140.9742371,0.03709995663,0.003981505615,0.04066897833,0.02537290238
141.0988828,0.03861750081,-0.001850826641,0.0413846853,0.02331969794
141.2235284,0.04003967031,-0.007303501225,0.04202274796,0.02137315851
141.3481741,0.0413685035,-0.01238464535,0.04258493416,0.0195308132
141.4728197,0.04260603872,-0.01710238622,0.0430730117,0.01779019107
141.5974654,0.0437543143,-0.02146485106,0.0434887484,0.01614882121
141.7221111,0.04481536861,-0.02548016708,0.04383391209,0.01460423268
141.8467567,0.04579123997,-0.02915646147,0.0441102706,0.01315395459
141.9714024,0.04668396675,-0.03250186147,0.04431959173,0.01179551599
142.096048,0.04749558728,-0.03552449427,0.04446364332,0.01052644598
142.2206937,0.04822813991,-0.0382324871,0.04454419317,0.009344273626
142.3453393,0.04888366299,-0.04063396715,0.04456300913,0.008246528014
142.469985,0.04946419486,-0.04273706165,0.04452185899,0.007230738221
142.5946306,0.04997177387,-0.0445498978,0.0444225106,0.006294433327
142.7192763,0.05040843837,-0.04608060282,0.04426673176,0.00543514241
142.843922,0.05077622669,-0.04733730392,0.0440562903,0.004650394551
142.9685676,0.05107717718,-0.0483281283,0.04379295404,0.003937718827
143.0932133,0.0513133282,-0.04906120319,0.0434784908,0.00329464432
143.2178589,0.05148671809,-0.04954465579,0.04311466841,0.002718700107
143.3425046,0.05159938518,-0.04978661331,0.04270325467,0.002207415268
143.4671502,0.05165336784,-0.04979520296,0.04224601743,0.001758318882
143.5917959,0.05165070439,-0.04957855196,0.04174472448,0.001368940028
143.7164416,0.0515934332,-0.04914478752,0.04120114367,0.001036807786
143.8410872,0.05148359261,-0.04850203685,0.0406170428,0.000759451235
143.9657329,0.05132322095,-0.04765842716,0.0399941897,0.0005343994539
144.0903785,0.05111435658,-0.04662208566,0.03933435219,0.0003591815221
144.2150242,0.05085903784,-0.04540113956,0.0386392981,0.0002313265188
144.3396698,0.05055930309,-0.04400371608,0.03791079524,0.0001483635232
144.4643155,0.05021719065,-0.04243794243,0.03715061143,0.0001078216145
144.5889611,0.04983473889,-0.04071194581,0.03636051449,0.0001072298719
144.7136068,0.04941398614,-0.03883385345,0.03554227225,0.0001441173748
144.8382525,0.04895697075,-0.03681179254,0.03469765253,0.0002160132023
144.9628981,0.04846573107,-0.03465389031,0.03382842315,0.0003204464336
145.0875438,0.04794230544,-0.03236827396,0.03293635193,0.0004549461479
145.2121894,0.04738873221,-0.02996307071,0.03202320669,0.0006170414245
145.3368351,0.04680704972,-0.02744640776,0.03109075525,0.0008042613427
145.4614807,0.04619929633,-0.02482641233,0.03014076544,0.001014134982
145.5861264,0.04556751036,-0.02211121163,0.02917500506,0.00124419142
145.7107721,0.04491373019,-0.01930893287,0.02819524196,0.001491959738
145.8354177,0.04423999413,-0.01642770327,0.02720324394,0.001754969015
145.9600634,0.04354834055,-0.01347565003,0.02620077883,0.002030748329
146.084709,0.04284080779,-0.01046090036,0.02518961445,0.002316826759
146.2093547,0.0421194342,-0.007391581483,0.02417151862,0.002610733386
146.3340003,0.04138625811,-0.004275820603,0.02314825916,0.002909997288
146.458646,0.04064331788,-0.001121744933,0.02212160389,0.003212147545
146.5832916,0.03989265185,0.002062518316,0.02109332064,0.003514713235
146.7079373,0.03913629837,0.005268841931,0.02006517722,0.003815223439
146.832583,0.03837629578,0.008489098703,0.01903894146,0.004111207234
146.9572286,0.03761468243,0.01171516142,0.01801638118,0.004400193701
147.0818743,0.03685349666,0.01493890287,0.01699926419,0.004679711919
147.2065199,0.03609477682,0.01815219584,0.01598935832,0.004947290966
147.3311656,0.03534056126,0.02134691311,0.0149884314,0.005200459923
147.4558112,0.03459288833,0.02451492749,0.01399825124,0.005436747867
147.5804569,0.03385379635,0.02764811176,0.01302058566,0.00565368388
147.7051026,0.0331253237,0.03073833869,0.01205720248,0.005848797038
147.8297482,0.0324095087,0.0337774811,0.01110986953,0.006019616423
147.9543939,0.0317083897,0.03675741175,0.01018035463,0.006163671114
148.0790395,0.03102400506,0.03967000345,0.009270425592,0.006278490188
148.2036852,0.03035839311,0.04250712898,0.008381850245,0.006361602726
148.3283308,0.02971359221,0.04526066112,0.007516396409,0.006410537807
148.4529765,0.02909164069,0.04792247267,0.006675831904,0.00642282451
148.5776221,0.0284945769,0.05048443641,0.005861924552,0.006395991915
148.7022678,0.0279244392,0.05293842514,0.005076442173,0.0063275691
148.8269135,0.02738326592,0.05527631165,0.00432115259,0.006215085144
148.9515591,0.0268730954,0.05748996871,0.003597823622,0.006056069128
149.0762048,0.02639596601,0.05957126912,0.002908223092,0.00584805013
149.2008504,0.02595391608,0.06151208567,0.00225411882,0.005588557229
149.3254961,0.02554898395,0.06330429114,0.001637278628,0.005275119505
149.4501417,0.02518320798,0.06493975833,0.001059470336,0.004905266037
149.5747874,0.02485862651,0.06641036002,0.0005224617663,0.004476525904
149.699433,0.02457727788,0.06770796901,2.802073971e-05,0.003986428185
149.8240787,0.02434120045,0.06882445807,-0.0004220849227,0.00343250196
149.9487244,0.02415243254,0.06975170001,-0.0008260873996,0.002812276307
150.07337,0.02401301253,0.0704815676,-0.00118221887,0.002123280306
150.1980157,0.02392497874,0.07100593364,-0.001488711513,0.001363043037
150.3226613,0.02389036952,0.07131667091,-0.001743797506,0.000529093578
150.447307,0.02391122322,0.0714056522,-0.00194570903,-0.0003810389913
150.5719526,0.02398957819,0.07126475031,-0.002092678262,-0.001369825592
150.6965983,0.02412747277,0.07088583801,-0.002182937382,-0.002439737144
150.821244,0.02432694531,0.07026078811,-0.002214718568,-0.003593244569
150.9458896,0.02459003414,0.06938147338,-0.002186254,-0.004832818788
151.0705353,0.02491877763,0.06823976662,-0.002095775855,-0.00616093072
151.1951809,0.02531521411,0.06682754061,-0.001941516314,-0.007580051288
151.3198266,0.02578138193,0.06513666815,-0.001721707554,-0.009092651412
151.4444722,0.02631931943,0.06315902201,-0.001434581755,-0.01070120201
151.5691179,0.02693106497,0.060886475,-0.001078371095,-0.01240817401
151.6937635,0.02761258173,0.05832180294,-0.0006544760977,-0.01420855716
151.8184092,0.02819446798,0.05576730168,-0.0002511032497,-0.01589348978
151.9430549,0.02860312265,0.05336055535,9.201710833e-05,-0.01737151594
152.0677005,0.02884403047,0.05109834565,0.0003761667691,-0.01864847999
152.1923462,0.02892267613,0.04897745428,0.0006026275251,-0.01973022626
152.3169918,0.02884454437,0.04699466292,0.0007726811691,-0.0206225991
152.4416375,0.02861511991,0.04514675329,0.0008876094936,-0.02133144285
152.5662831,0.02823988745,0.04343050707,0.0009486942913,-0.02186260185
152.6909288,0.02772433173,0.04184270597,0.0009572173548,-0.02222192043
152.8155745,0.02707393745,0.04038013168,0.0009144604767,-0.02241524294
152.9402201,0.02629418934,0.03903956589,0.0008217054497,-0.02244841371
153.0648658,0.02539057211,0.03781779032,0.0006802340663,-0.0223272771
153.1895114,0.02436857049,0.03671158664,0.0004913281192,-0.02205767744
153.3141571,0.02323366918,0.03571773657,0.000256269401,-0.02164545906
153.4388027,0.02199135292,0.0348330218,-2.366029575e-05,-0.02109646632
153.5634484,0.02064710641,0.03405422402,-0.0003471791783,-0.02041654355
153.688094,0.01920641437,0.03337812493,-0.0007130054542,-0.01961153509
153.8127397,0.01767476153,0.03280150624,-0.001119857331,-0.01868728528
153.9373854,0.0160576326,0.03232114963,-0.001566453015,-0.01764963847
154.062031,0.0143605123,0.03193383681,-0.002051510715,-0.01650443898
154.1866767,0.01258888535,0.03163634946,-0.002573748638,-0.01525753118
154.3113223,0.01074823647,0.0314254693,-0.00313188499,-0.01391475938
154.435968,0.00884405037,0.03129797802,-0.003724637981,-0.01248196794
154.5606136,0.006881811773,0.03125065731,-0.004350725816,-0.0109650012
154.6852593,0.004867005398,0.03128028887,-0.005008866703,-0.009369703488
154.809905,0.002805115961,0.0313836544,-0.00569777885,-0.007701919155
154.9345506,0.0007016281828,0.03155753559,-0.006416180465,-0.005967492539
155.0591963,-0.00143797322,0.03179871415,-0.007162789753,-0.00417226798
155.1838419,-0.003608203529,0.03210397177,-0.007936324924,-0.002322089819
155.3084876,-0.005803578025,0.03247009015,-0.008735504183,-0.0004228023959
155.4331332,-0.008018611991,0.03289385098,-0.00955904574,0.001519749948
155.5577789,-0.01024782071,0.03337203597,-0.0104056678,0.003499722873
155.6824245,-0.01248571946,0.0339014268,-0.01127408857,0.005511272039
155.8070702,-0.01472682352,0.03447880519,-0.01216302626,0.007548553104
155.9317159,-0.01696564818,0.03510095281,-0.01307119908,0.009605721728
156.0563615,-0.01919670872,0.03576465138,-0.01399732523,0.01167693357
156.1810072,-0.02141452042,0.03646668259,-0.01494012292,0.01375634429
156.3056528,-0.02361359856,0.03720382814,-0.01589831036,0.01583810955
156.4302985,-0.02578845843,0.03797286972,-0.01687060575,0.01791638501
156.5549441,-0.0279336153,0.03877058903,-0.01785572731,0.01998532632
156.6795898,-0.03004358445,0.03959376777,-0.01885239324,0.02203908915
156.8042355,-0.03211288118,0.04043918763,-0.01985932174,0.02407182915
156.9288811,-0.03413602075,0.04130363032,-0.02087523103,0.02607770199
157.0535268,-0.03610751846,0.04218387753,-0.02189883932,0.02805086333
157.1781724,-0.03802188958,0.04307671096,-0.0229288648,0.02998546882
157.3028181,-0.0398736494,0.0439789123,-0.02396402569,0.03187567412
157.4274637,-0.0416573132,0.04488726326,-0.0250030402,0.0337156349
157.5521094,-0.04336739625,0.04579854552,-0.02604462652,0.0354995068
157.676755,-0.04499841385,0.04670954079,-0.02708750288,0.0372214455
157.8014007,-0.04654488126,0.04761703077,-0.02813038747,0.03887560666
157.9260464,-0.04800131379,0.04851779715,-0.02917199851,0.04045614592
158.050692,-0.0493622267,0.04940862163,-0.0302110542,0.04195721895
158.1753377,-0.05062213527,0.0502862859,-0.03124627275,0.04337298142
158.2999833,-0.0517755548,0.05114757167,-0.03227637236,0.04469758897
158.424629,-0.05281700056,0.05198926063,-0.03330007125,0.04592519727
158.5492746,-0.05374098783,0.05280813448,-0.03431608762,0.04704996198
158.6739203,-0.0545420319,0.05360097491,-0.03532313968,0.04806603876
158.7985659,-0.05521464805,0.05436456363,-0.03631994563,0.04896758327
158.9232116,-0.05575335155,0.05509568233,-0.03730522369,0.04974875117
159.0478573,-0.05615265769,0.0557911127,-0.03827769205,0.05040369811
159.1725029,-0.05640708176,0.05644763645,-0.03923606894,0.05092657975
159.2971486,-0.05651113903,0.05706203527,-0.04017907255,0.05131155176
159.4217942,-0.05645934478,0.05763109087,-0.04110542109,0.0515527698
159.5464399,-0.0562462143,0.05815158493,-0.04201383278,0.05164438952
159.6710855,-0.05586626288,0.05862029915,-0.04290302581,0.05158056659
159.7957312,-0.05531400578,0.05903401523,-0.04377171839,0.05135545666
159.9203769,-0.05458395829,0.05938951488,-0.04461862874,0.05096321539
160.0450225,-0.0536706357,0.05968357978,-0.04544247506,0.05039799844
160.1696682,-0.05256855329,0.05991299164,-0.04624197555,0.04965396148
160.2943138,-0.05127222633,0.06007453214,-0.04701584843,0.04872526016
160.4189595,-0.04977617012,0.060164983,-0.0477628119,0.04760605014
160.5436051,-0.04807489992,0.06018112589,-0.04848158417,0.04629048708
160.6682508,-0.04616293103,0.06011974254,-0.04917088345,0.04477272664
160.7928964,-0.04403477873,0.05997761462,-0.04982942794,0.04304692448
160.9175421,-0.04168495829,0.05975152384,-0.05045593585,0.04110723626
161.0421878,-0.039107985,0.0594382519,-0.05104912539,0.03894781763
161.1668334,-0.03629837414,0.05903458049,-0.05160771477,0.03656282427
161.2914791,-0.03325064099,0.0585372913,-0.05213042219,0.03394641182
161.4161247,-0.02995930083,0.05794316605,-0.05261596586,0.03109273595
161.5407704,-0.02641886895,0.05724898642,-0.05306306399,0.02799595231
161.665416,-0.02262386063,0.05645153411,-0.05347043478,0.02465021657
161.7900617,-0.01856879115,0.05554759082,-0.05383679645,0.02104968439
161.9147074,-0.01424817579,0.05453393824,-0.0541608672,0.01718851142
162.039353,-0.009656529827,0.05340735808,-0.05444136524,0.01306085333
162.1639987,-0.004788368552,0.05216463203,-0.05467700877,0.008660865765
162.2886443,0.0003617927567,0.05080254179,-0.054866516,0.003982704398
162.41329,0.005799438818,0.04931786905,-0.05500860514,-0.0009794751166
162.5379356,0.01149681723,0.04771967437,-0.05510152663,-0.006201015127
162.6625813,0.0169498694,0.04619327401,-0.05513774341,-0.0112196317
162.7872269,0.02199439863,0.04479908565,-0.05511655564,-0.01588377792
162.9118726,0.02664020314,0.04353333104,-0.05503997284,-0.02020143674
163.0365183,0.03089708116,0.04239223197,-0.05491000451,-0.02418059108
163.1611639,0.0347748309,0.04137201021,-0.05472866017,-0.02782922388
163.2858096,0.03828325058,0.04046888753,-0.05449794933,-0.03115531807
163.4104552,0.04143213842,0.0396790857,-0.0542198815,-0.03416685658
163.5351009,0.04423129264,0.03899882651,-0.0538964662,-0.03687182234
163.6597465,0.04669051146,0.03842433171,-0.05352971294,-0.03927819829
163.7843922,0.04881959311,0.0379518231,-0.05312163123,-0.04139396736
163.9090379,0.05062833579,0.03757752243,-0.05267423058,-0.04322711248
164.0336835,0.05212653774,0.03729765148,-0.05218952051,-0.04478561659
164.1583292,0.05332399716,0.03710843203,-0.05166951052,-0.04607746261
164.2829748,0.05423051229,0.03700608586,-0.05111621014,-0.04711063349
164.4076205,0.05485588134,0.03698683472,-0.05053162888,-0.04789311215
164.5322661,0.05520990252,0.0370469004,-0.04991777624,-0.04843288152
164.6569118,0.05530237407,0.03718250468,-0.04927666174,-0.04873792454
164.7815574,0.0551430942,0.03738986931,-0.04861029489,-0.04881622414
164.9062031,0.05474186112,0.03766521609,-0.0479206852,-0.04867576325
165.0308488,0.05410847307,0.03800476677,-0.0472098422,-0.04832452481
165.1554944,0.05325272826,0.03840474314,-0.04647977538,-0.04777049175
165.2801401,0.0521844249,0.03886136697,-0.04573249427,-0.047021647
165.4047857,0.05091336123,0.03937086003,-0.04497000837,-0.0460859735
165.5294314,0.04944933545,0.03992944409,-0.0441943272,-0.04497145417
165.654077,0.04780214579,0.04053334093,-0.04340746027,-0.04368607195
165.7787227,0.04598159048,0.04117877233,-0.04261141709,-0.04223780977
165.9033684,0.04399746772,0.04186196005,-0.04180820718,-0.04063465056
166.028014,0.04185957574,0.04257912587,-0.04099984005,-0.03888457727
166.1526597,0.03957771275,0.04332649156,-0.04018832521,-0.03699557281
166.2773053,0.03716167699,0.0441002789,-0.03937567217,-0.03497562012
166.401951,0.03462126667,0.04489670965,-0.03856389045,-0.03283270214
166.5265966,0.03196628,0.0457120056,-0.03775498955,-0.0305748018
166.6512423,0.02920651521,0.04654238852,-0.036950979,-0.02820990202
166.7758879,0.02635177052,0.04738408018,-0.03615386831,-0.02574598575
166.9005336,0.02341184414,0.04823330235,-0.03536566698,-0.02319103592
167.0251793,0.02039653431,0.0490862768,-0.03458838452,-0.02055303545
167.1498249,0.01731563923,0.04993922532,-0.03382403046,-0.01783996728
167.2744706,0.01417895713,0.05078836967,-0.03307461431,-0.01505981435
167.3991162,0.01099628622,0.05162993163,-0.03234214557,-0.01222055958
167.5237619,0.007777424734,0.05246013297,-0.03162863377,-0.009330185914
167.6484075,0.004532170884,0.05327519547,-0.0309360884,-0.006396676276
167.7730532,0.00127032289,0.05407134089,-0.03026651899,-0.003428013602
167.8976988,-0.001998321027,0.05484479101,-0.02962193505,-0.0004321808248
168.0223445,-0.005263962647,0.05559176761,-0.02900434609,0.002582839124
168.1469902,-0.008516803751,0.05630849246,-0.02841576162,0.005609063311
168.2716358,-0.01174704612,0.05699118733,-0.02785819116,0.008638508803
168.3962815,-0.01494489153,0.05763607399,-0.02733364421,0.01166319267
168.5209271,-0.01810054177,0.05823937422,-0.0268441303,0.01467513197
168.6455728,-0.02120419861,0.0587973098,-0.02639165893,0.01766634379
168.7702184,-0.02424606383,0.05930610249,-0.02597823961,0.02062884518
168.8948641,-0.02721633922,0.05976197407,-0.02560588187,0.02355465321
169.0195098,-0.03010522655,0.06016114632,-0.0252765952,0.02643578495
169.1441554,-0.03290292761,0.060499841,-0.02499238913,0.02926425747
169.2688011,-0.03559964417,0.06077427989,-0.02475527317,0.03203208783
169.3934467,-0.03818557802,0.06098068476,-0.02456725683,0.03473129311
169.5180924,-0.04065093093,0.06111527739,-0.02443034961,0.03735389036
169.642738,-0.04298590469,0.06117427955,-0.02434656105,0.03989189666
169.7673837,-0.04518070107,0.06115391302,-0.02431790063,0.04233732908
169.8920293,-0.04722552186,0.06105039956,-0.02434637789,0.04468220468
170.016675,-0.04911056883,0.06085996096,-0.02443400234,0.04691854052
170.1413207,-0.05082604377,0.06057881897,-0.02458278347,0.04903835368
170.2659663,-0.05236214845,0.06020319539,-0.02479473082,0.05103366123
170.390612,-0.05370908467,0.05972931198,-0.02507185388,0.05289648022
170.5152576,-0.05485705418,0.05915339051,-0.02541616218,0.05461882774
170.6399033,-0.05579625879,0.05847165276,-0.02582966522,0.05619272084
170.7645489,-0.05651690026,0.0576803205,-0.02631437252,0.05761017659
170.8891946,-0.05700918037,0.05677561551,-0.02687229359,0.05886321207
171.0138403,-0.05726330091,0.05575375956,-0.02750543795,0.05994384433
171.1384859,-0.05726946366,0.05461097442,-0.0282158151,0.06084409045
171.2631316,-0.0570178704,0.05334348186,-0.02900543456,0.06155596749
171.3877772,-0.0564987229,0.05194750367,-0.02987630584,0.06207149251
171.5124229,-0.05570222295,0.05041926161,-0.03083043846,0.0623826826
171.6370685,-0.05461857233,0.04875497745,-0.03186984192,0.06248155481
171.7617142,-0.05323797282,0.04695087297,-0.03299652574,0.06236012621
171.8863598,-0.05155062619,0.04500316995,-0.03421249943,0.06201041388
172.0110055,-0.04954673423,0.04290809016,-0.03551977251,0.06142443487
172.1356512,-0.04721649872,0.04066185536,-0.03692035448,0.06059420625
172.2602968,-0.04455012143,0.03826068734,-0.03841625487,0.05951174509
172.3849425,-0.04153780416,0.03570080786,-0.04000948317,0.05816906847
172.5095881,-0.03816974867,0.03297843871,-0.04170204891,0.05655819344
172.6342338,-0.03443615675,0.03008980165,-0.0434959616,0.05467113707
172.7588794,-0.03032723018,0.02703111846,-0.04539323075,0.05249991644
172.8835251,-0.02583317074,0.02379861091,-0.04739586587,0.0500365486
173.0081708,-0.0209441802,0.02038850078,-0.04950587648,0.04727305063
173.1328164,-0.01565046036,0.01679700983,-0.05172527208,0.04420143959
173.2574621,-0.00994221298,0.01302035985,-0.0540560622,0.04081373255
173.3821077,-0.003869819459,0.009093285422,-0.05647036251,0.03714086387
173.5067534,0.001995484643,0.005382085145,-0.05868363255,0.0335516886
173.631399,0.007515599156,0.001972499584,-0.06063044825,0.0301370424
173.7560447,0.01269789373,-0.001143163944,-0.06231804389,0.02689389667
173.8806903,0.01754973803,-0.003972598125,-0.06375365372,0.02381922277
174.005336,0.02207850169,-0.00652349564,-0.06494451201,0.02090999208
174.1299817,0.02629155437,-0.008803549173,-0.06589785302,0.01816317598
174.2546273,0.03019626572,-0.01082045141,-0.06662091101,0.01557574584
174.379273,0.03380000539,-0.01258189503,-0.06712092025,0.01314467305
174.5039186,0.03711014304,-0.01409557271,-0.067405115,0.01086692898
174.6285643,0.04013404831,-0.01536917715,-0.06748072953,0.008739484995
174.7532099,0.04287909086,-0.01641040103,-0.0673549981,0.006759312484
174.8778556,0.04535264034,-0.01722693702,-0.06703515497,0.004923382821
175.0025013,0.0475620664,-0.01782647781,-0.0665284344,0.003228667381
175.1271469,0.04951473869,-0.01821671609,-0.06584207066,0.001672137542
175.2517926,0.05121802687,-0.01840534454,-0.06498329802,0.0002507646788
175.3764382,0.05267930058,-0.01840005583,-0.06395935073,-0.001038479831
175.5010839,0.05390592948,-0.01820854267,-0.06277746306,-0.002198624612
175.6257295,0.05490528321,-0.01783849772,-0.06144486927,-0.003232698287
175.7503752,0.05568473144,-0.01729761367,-0.05996880363,-0.004143729479
175.8750208,0.05625164381,-0.01659358321,-0.0583565004,-0.004934746813
175.9996665,0.05661338997,-0.01573409902,-0.05661519385,-0.005608778911
176.1243122,0.05677733958,-0.01472685378,-0.05475211823,-0.006168854398
176.2489578,0.05675086228,-0.01357954017,-0.05277450781,-0.006618001896
176.3736035,0.05654132773,-0.01229985088,-0.05068959686,-0.00695925003
176.4982491,0.05615610558,-0.01089547859,-0.04850461963,-0.007195627424
176.6228948,0.05560256549,-0.009374115993,-0.0462268104,-0.007330162699
176.7475404,0.05488807709,-0.00774345576,-0.04386340342,-0.007365884481
176.8721861,0.05402001006,-0.006011190579,-0.04142163296,-0.007305821392
176.9968317,0.05300573402,-0.004185013133,-0.03890873328,-0.007153002057
177.1214774,0.05185261865,-0.002272616106,-0.03633193864,-0.006910455098
177.2461231,0.05056803359,-0.0002816921811,-0.03369848332,-0.006581209139
177.3707687,0.04915934849,0.001780065959,-0.03101560156,-0.006168292805
177.4954144,0.047633933,0.00390496563,-0.02829052765,-0.005674734717
177.62006,0.04599915677,0.006085314149,-0.02553049583,-0.005103563501
177.7447057,0.04426238946,0.008313418833,-0.02274274037,-0.004457807779
177.8693513,0.04243100072,0.010581587,-0.01993449554,-0.003740496175
177.993997,0.0405123602,0.01288212596,-0.0171129956,-0.002954657313
178.1186427,0.03851383755,0.01520734304,-0.01428547482,-0.002103319816
178.2432883,0.03644280243,0.01754954555,-0.01145916745,-0.001189512307
178.367934,0.03430662447,0.01990104081,-0.008641307762,-0.0002162634112
178.4925796,0.03211267335,0.02225413613,-0.005839130018,0.0008133982492
178.6172253,0.0298683187,0.02460113883,-0.003059868482,0.00189644405
178.7418709,0.02758093018,0.02693435623,-0.0003107574162,0.003029845368
178.8665166,0.02525787744,0.02924609565,0.002400968915,0.00421057358
178.9911622,0.02290653014,0.03152866439,0.005068076248,0.005435600062
179.1158079,0.02053425792,0.03377436979,0.007683330319,0.00670189619
179.2404536,0.01814843043,0.03597551914,0.01023949687,0.008006433341
179.3650992,0.01575641734,0.03812441978,0.01272934162,0.009346182892
179.4897449,0.01336558828,0.04021337902,0.01514563033,0.01071811622
179.6143905,0.01098331291,0.04223470417,0.01748112872,0.0121192047
179.7390362,0.008616960884,0.04418070256,0.01972860253,0.0135464197
179.8636818,0.006273901853,0.04604368149,0.0218808175,0.01499673262
179.9883275,0.003961505467,0.04781594828,0.02393053936,0.01646711481
180.1129732,0.001687141379,0.04948981026,0.02587053385,0.01795453766
180.2376188,-0.0005418207602,0.05105757473,0.02769356671,0.01945597255
180.3622645,-0.002718011299,0.05251154902,0.02939240367,0.02096839085
180.4869101,-0.004834060586,0.05384404043,0.03095981048,0.02248876393
180.6115558,-0.006882598968,0.0550473563,0.03238855285,0.02401406318
180.7362014,-0.008856256796,0.05611380393,0.03367139655,0.02554125997
180.8608471,-0.01074766442,0.05703569064,0.03480110729,0.02706732568
180.9854927,-0.01254945218,0.05780532375,0.03577045081,0.02858923167
181.1101384,-0.01425425043,0.05841501057,0.03657219286,0.03010394934
181.2347841,-0.01585468952,0.05885705842,0.03719909917,0.03160845006
181.3594297,-0.01734339979,0.05912377462,0.03764393547,0.0330997052
181.4840754,-0.0187130116,0.05920746649,0.0378994675,0.03457468613
181.608721,-0.0199561553,0.05910044133,0.037958461,0.03603036424
181.7333667,-0.02106546122,0.05879500648,0.03781368171,0.03746371091
181.8580123,-0.02203355973,0.05828346923,0.03745789536,0.0388716975
181.982658,-0.02285308116,0.05755813692,0.03688386768,0.0402512954
182.1073037,-0.02351665587,0.05661131685,0.03608436442,0.04159947597
182.2319493,-0.02401691421,0.05543531635,0.03505215131,0.04291321061
182.356595,-0.02434648651,0.05402244273,0.03377999409,0.04418947068
182.4812406,-0.02449800314,0.05236500331,0.03226065849,0.04542522756
182.6058863,-0.02446409444,0.0504553054,0.03048691025,0.04661745263
182.7305319,-0.02423739076,0.04828565632,0.0284515151,0.04776311726
182.8551776,-0.02381052245,0.04584836339,0.02614723879,0.04885919283
182.9798232,-0.02317611985,0.04313573392,0.02356684705,0.04990265072
183.1044689,-0.02232681331,0.04014007523,0.02070310562,0.0508904623
183.2291146,-0.02125523319,0.03685369464,0.01754878022,0.05181959895
183.3537602,-0.01995400983,0.03326889946,0.01409663661,0.05268703204
183.4784059,-0.01841577357,0.02937799702,0.01033944051,0.05348973296
183.6030515,-0.01663315477,0.02517329462,0.006269957663,0.05422467308
183.7276972,-0.01459878378,0.02064709958,0.001880953804,0.05488882377
183.8523428,-0.01230529094,0.01579171922,-0.002834805329,0.05547915641
183.9769885,-0.009745306607,0.01059946087,-0.007884554002,0.05599264238
184.1016342,-0.006911461121,0.005062631821,-0.01327552648,0.05642625306
184.2262798,-0.003839991318,-0.0007426156326,-0.01892719414,0.05677512089
184.3509255,-0.0008115785791,-0.006274539694,-0.02427248415,0.05702639876
184.4755711,0.002123310967,-0.01144121269,-0.02921645603,0.05718072344
184.6002168,0.004965824195,-0.01625049708,-0.03376872229,0.05724119835
184.7248624,0.007717107975,-0.02071025534,-0.0379388954,0.05721092691
184.8495081,0.01037830918,-0.02482834991,-0.04173658787,0.05709301254
184.9741537,0.01295057469,-0.02861264328,-0.04517141219,0.05689055869
185.0987994,0.01543505136,-0.03207099788,-0.04825298086,0.05660666878
185.2234451,0.01783288609,-0.0352112762,-0.05099090638,0.05624444623
185.3480907,0.02014522573,-0.0380413407,-0.05339480123,0.05580699447
185.4727364,0.02237321716,-0.04056905382,-0.05547427792,0.05529741692
185.597382,0.02451800725,-0.04280227805,-0.05723894894,0.05471881703
185.7220277,0.02658074287,-0.04474887583,-0.05869842678,0.05407429821
185.8466733,0.02856257091,-0.04641670964,-0.05986232394,0.05336696388
185.971319,0.03046463823,-0.04781364194,-0.06074025292,0.05259991749
186.0959646,0.0322880917,-0.04894753518,-0.06134182621,0.05177626245
186.2206103,0.0340340782,-0.04982625183,-0.06167665631,0.0508991022
186.345256,0.03570374459,-0.05045765436,-0.0617543557,0.04997154016
186.4699016,0.03729823776,-0.05084960522,-0.0615845369,0.04899667975
186.5945473,0.03881870458,-0.05100996688,-0.06117681239,0.04797762441
186.7191929,0.04026629191,-0.0509466018,-0.06054079466,0.04691747756
186.8438386,0.04164214663,-0.05066737245,-0.05968609622,0.04581934264
186.9684842,0.04294741562,-0.05018014128,-0.05862232956,0.04468632306
187.0931299,0.04418324574,-0.04949277076,-0.05735910718,0.04352152225
187.2177756,0.04535078387,-0.04861312335,-0.05590604156,0.04232804365
187.3424212,0.04645117688,-0.04754906152,-0.05427274521,0.04110899068
187.4670669,0.04748557165,-0.04630844772,-0.05246883062,0.03986746677
187.5917125,0.04845511504,-0.04489914442,-0.05050391028,0.03860657534
187.7163582,0.04936095394,-0.04332901408,-0.0483875967,0.03732941983
187.8410038,0.0502042352,-0.04160591917,-0.04612950236,0.03603910365
187.9656495,0.05098610572,-0.03973772214,-0.04373923976,0.03473873024
188.0902951,0.05170771235,-0.03773228547,-0.04122642141,0.03343140303
188.2149408,0.05237020197,-0.0355974716,-0.03860065978,0.03212022544
188.3395865,0.05297472145,-0.03334114301,-0.03587156738,0.0308083009
188.4642321,0.05352241768,-0.03097116215,-0.03304875671,0.02949873284
188.5888778,0.05401443751,-0.0284953915,-0.03014184026,0.02819462468
188.7135234,0.05445192782,-0.02592169351,-0.02716043052,0.02689907985
188.8381691,0.05483603549,-0.02325793064,-0.02411413999,0.02561520178
188.9628147,0.05516790739,-0.02051196536,-0.02101258117,0.0243460939
189.0874604,0.05544869038,-0.01769166013,-0.01786536654,0.02309485964
189.2121061,0.05567953135,-0.01480487741,-0.01468210861,0.02186460241
189.3367517,0.05586157717,-0.01185947967,-0.01147241988,0.02065842566
189.4613974,0.0559959747,-0.00886332936,-0.008245912829,0.0194794328
189.586043,0.05608387083,-0.005824288954,-0.005012199963,0.01833072726
189.7106887,0.05612641242,-0.002750220911,-0.001780893773,0.01721541248
189.8353343,0.05612474635,0.0003510123068,0.001438393243,0.01613659188
189.95998,0.05608001949,0.003471548237,0.004636048591,0.01509736888
190.0846256,0.05599337871,0.006603524417,0.007802459775,0.01410084692
190.2092713,0.05586597088,0.009739078383,0.0109280143,0.01315012942
190.333917,0.05569894289,0.01287034767,0.01400309967,0.01224831981
190.4585626,0.05549344159,0.01598946983,0.01701810339,0.01139852151
190.5832083,0.05525061387,0.01908858238,0.01996341296,0.01060383796
190.7078539,0.05497160659,0.02215982287,0.0228294159,0.009867372575
190.8324996,0.05465756664,0.02519532883,0.0256064997,0.009192228793
190.9571452,0.05430964088,0.02818723781,0.02828505186,0.008581510036
191.0817909,0.05392897618,0.03112768733,0.0308554599,0.008038319733
191.2064366,0.05351671942,0.03400881494,0.03330811132,0.007565761311
191.3310822,0.05307401746,0.03682275818,0.03563339362,0.007166938197
191.4557279,0.0526020172,0.03956165457,0.0378216943,0.006844953819
191.5803735,0.05210186549,0.04221764167,0.03986340088,0.006602911604
191.7050192,0.0515747092,0.044782857,0.04174890085,0.00644391498
191.8296648,0.05102169522,0.0472494381,0.04346858173,0.006371067374
191.9543105,0.05044397041,0.04960952252,0.04501283101,0.006387472214
192.0789561,0.04984268165,0.05185524779,0.0463720362,0.006496232927
192.2036018,0.04921897581,0.05397875144,0.0475365848,0.00670045294
192.3282475,0.04857399977,0.05597217101,0.04849686432,0.007003235681
192.4528931,0.04790890038,0.05782764404,0.04924326227,0.007407684578
192.5775388,0.04722482454,0.05953730808,0.04976616614,0.007916903057
192.7021844,0.04652291911,0.06109330065,0.05005596345,0.008533994547
192.8268301,0.04580433096,0.06248775929,0.0501030417,0.009262062475
192.9514757,0.04507020696,0.06371282154,0.04989778838,0.01010421027
193.0761214,0.044321694,0.06476062494,0.04943059102,0.01106354135
193.2007671,0.04355993894,0.06562330702,0.0486918371,0.01214315916
193.3254127,0.04278608865,0.06629300533,0.04767191414,0.01334616711
193.4500584,0.04200129001,0.0667618574,0.04636120965,0.01467566864
193.574704,0.04120668989,0.06702200077,0.04475011111,0.01613476717
193.6993497,0.04040343517,0.06706557297,0.04282900605,0.01772656613
193.8239953,0.03959267271,0.06688471154,0.04058828196,0.01945416895
193.948641,0.03877554938,0.06647155403,0.03801832635,0.02132067905
194.0732866,0.03795321207,0.06581823796,0.03510952672,0.02332919986
194.1979323,0.03712680765,0.06491690088,0.03185227059,0.02548283481
194.322578,0.03629748298,0.06375968031,0.02823694544,0.02778468734
194.4472236,0.03546638494,0.06233871381,0.02425393879,0.03023786085
194.5718693,0.0346346604,0.06064613891,0.01989363815,0.03284545879
194.6965149,0.03380345624,0.05867409314,0.01514643101,0.03561058457
194.8211606,0.03297391933,0.05641471404,0.01000270488,0.03853634164
194.9458062,0.03214719653,0.05386013915,0.004452847264,0.0416258334
195.0704519,0.03133450915,0.05106083184,-0.001388205619,0.04480976961
195.1950975,0.03058296271,0.04828455322,-0.006947607129,0.04775483277
195.3197432,0.02989711504,0.04556583108,-0.01215893319,0.05042498784
195.4443889,0.02927547982,0.04290493716,-0.01702938111,0.05282715659
195.5690345,0.02871657074,0.04030214319,-0.02156614817,0.05496826077
195.6936802,0.02821890147,0.03775772092,-0.02577643167,0.05685522216
195.8183258,0.0277809857,0.03527194208,-0.02966742891,0.05849496252
195.9429715,0.0274013371,0.0328450784,-0.03324633719,0.05989440361
196.0676171,0.02707846936,0.03047740163,-0.03652035379,0.0610604672
196.1922628,0.02681089615,0.0281691835,-0.03949667602,0.06200007505
196.3169085,0.02659713116,0.02592069575,-0.04218250117,0.06272014893
196.4415541,0.02643568807,0.02373221012,-0.04458502654,0.06322761061
196.5661998,0.02632508055,0.02160399835,-0.04671144942,0.06352938183
196.6908454,0.02626382229,0.01953633217,-0.0485689671,0.06363238438
196.8154911,0.02625042697,0.01752948332,-0.05016477689,0.06354354002
196.9401367,0.02628340826,0.01558372353,-0.05150607608,0.0632697705
197.0647824,0.02636127986,0.01369932456,-0.05260006197,0.0628179976
197.189428,0.02648255543,0.01187655812,-0.05345393185,0.06219514308
197.3140737,0.02664574866,0.01011569597,-0.05407488301,0.0614081287
197.4387194,0.02684937323,0.008417009833,-0.05447011275,0.06046387623
197.563365,0.02709194283,0.006780771454,-0.05464681838,0.05936930744
197.6880107,0.02737197112,0.005207252568,-0.05461219718,0.05813134408
197.8126563,0.02768797179,0.003696724912,-0.05437344644,0.05675690792
197.937302,0.02803845852,0.002249460225,-0.05393776348,0.05525292073
198.0619476,0.028421945,0.0008657302444,-0.05331234557,0.05362630427
198.1865933,0.02883694489,-0.0004541932931,-0.05250439003,0.0518839803
198.311239,0.02928197189,-0.00171003865,-0.05152109413,0.0500328706
198.4358846,0.02975553967,-0.002901534087,-0.05036965518,0.04807989692
198.5605303,0.03025616191,-0.004028407869,-0.04905727048,0.04603198103
198.6851759,0.0307823523,-0.005090388257,-0.04759113732,0.04389604469
198.8098216,0.03133262451,-0.006087203514,-0.04597845299,0.04167900967
198.9344672,0.03190549222,-0.007018581902,-0.0442264148,0.03938779773
199.0591129,0.03249946912,-0.007884251684,-0.04234222003,0.03702933064
199.1837585,0.03311306888,-0.008683941122,-0.04033306599,0.03461053017
199.3084042,0.03374480519,-0.009417378478,-0.03820614996,0.03213831807
199.4330499,0.03439319173,-0.01008429202,-0.03596866925,0.02961961611
199.5576955,0.03505674216,-0.01068441,-0.03362782115,0.02706134605
199.6823412,0.03573397019,-0.01121746068,-0.03119080296,0.02447042967
199.8069868,0.03642338948,-0.01168317234,-0.02866481197,0.02185378872
199.9316325,0.03712351372,-0.01208127323,-0.02605704547,0.01921834497
200.0562781,0.03783285658,-0.01241149161,-0.02337470077,0.01657102018
200.1809238,0.03854993176,-0.01267355574,-0.02062497516,0.01391873612
200.3055695,0.03927325292,-0.0128671939,-0.01781506593,0.01126841455
200.4302151,0.04000133374,-0.01299213433,-0.01495217038,0.008626977246
200.5548608,0.04073268792,-0.01304810531,-0.01204348581,0.006001345959
200.6795064,0.04146582913,-0.01303483509,-0.009096209517,0.003398442459
200.8041521,0.04219927104,-0.01295205194,-0.006117538787,0.00082518851
200.9287977,0.04293152735,-0.01279948412,-0.003114670921,-0.001711494124
201.0534434,0.04366111173,-0.0125768599,-9.480321449e-05,-0.004204683677
201.178089,0.04438653785,-0.01228390753,0.002934867037,-0.006647458386
201.3027347,0.04510631941,-0.01192035528,0.005967142538,-0.009032896486
201.4273804,0.04581897008,-0.01148593141,0.008994825992,-0.01135407621
201.552026,0.04652300354,-0.01098036418,0.0120107201,-0.0136040758
201.6766717,0.04721693347,-0.01040338185,0.01500762758,-0.01577597349
201.8013173,0.04789927355,-0.009754712697,0.01797835112,-0.0178628475
201.925963,0.04856853747,-0.009034084972,0.02091569343,-0.01985777609
202.0506086,0.0492232389,-0.008241226939,0.02381245721,-0.02175383748
202.1752543,0.04986189152,-0.007375866861,0.02666144517,-0.02354410991
202.2998999,0.05048300902,-0.006437733001,0.02945546002,-0.02522167161
202.4245456,0.05108510507,-0.00542655362,0.03218730445,-0.02677960082
202.5491913,0.05166669335,-0.004342056982,0.03484978118,-0.02821097578
202.6738369,0.05222628756,-0.003183971349,0.0374356929,-0.02950887472
202.7984826,0.05276240135,-0.001952024984,0.03993784232,-0.03066637587
202.9231282,0.05327354842,-0.0006459461478,0.04234903214,-0.03167655748
203.0477739,0.05375824245,0.0007345368958,0.04466206508,-0.03253249777
203.1724195,0.05421499711,0.002189695885,0.04686974382,-0.03322727499
203.2970652,0.05464232609,0.003719802556,0.04896487108,-0.03375396737
203.4217109,0.05503874307,0.005325128648,0.05094024957,-0.03410565313
203.5463565,0.05540276172,0.007005945898,0.05278868198,-0.03427541053
203.6710022,0.05573289574,0.008762526044,0.05450297102,-0.03425631779
203.7956478,0.05602765879,0.01059514082,0.05607591939,-0.03404145315
203.9202935,0.05628556456,0.01250406197,0.0575003298,-0.03362389485
204.0449391,0.05650512673,0.01448956123,0.05876900496,-0.03299672112
204.1695848,0.05668485897,0.01655191033,0.05987474756,-0.03215301019
204.2942304,0.05682327498,0.01869138102,0.06081036031,-0.03108584031
204.4188761,0.05691888843,0.02090824502,0.06156864592,-0.0297882897
204.5435218,0.05697021299,0.02320277409,0.06214240708,-0.0282534366
204.6681674,0.05697576236,0.02557523995,0.06252444651,-0.02647435926
204.7928131,0.05693405021,0.02802591434,0.06270756691,-0.02444413589
204.9174587,0.05684359022,0.03055506901,0.06268457098,-0.02215584475
205.0421044,0.05670289608,0.03316297568,0.06244826143,-0.01960256406
205.16675,0.05651048145,0.0358499061,0.06199144096,-0.01677737206
205.2913957,0.05626486003,0.038616132,0.06130691227,-0.01367334698
205.4160414,0.05596454549,0.04146192513,0.06038747807,-0.01028356707
205.540687,0.05560805151,0.04438755721,0.05922594107,-0.006601110552
205.6653327,0.05519389178,0.04739329999,0.05781510396,-0.002619055666
205.7899783,0.05472057997,0.0504794252,0.05614776945,0.001669519353
205.914624,0.05418211775,0.0535625042,0.05429706191,0.006156969702
206.0392696,0.05356370749,0.05636021936,0.05253249367,0.01045749886
206.1639153,0.05286712331,0.05885652922,0.050874427,0.01454295274
206.2885609,0.05209551628,0.06105935469,0.04932047411,0.01841771389
206.4132066,0.05125203744,0.06297661666,0.04786824722,0.02208616483
206.5378523,0.05033983784,0.06461623602,0.04651535852,0.02555268811
206.6624979,0.04936206854,0.06598613368,0.04525942024,0.02882166626
206.7871436,0.04832188059,0.06709423053,0.04409804456,0.03189748182
206.9117892,0.04722242504,0.06794844746,0.04302884371,0.03478451732
207.0364349,0.04606685295,0.06855670537,0.04204942989,0.03748715531
207.1610805,0.04485831537,0.06892692515,0.0411574153,0.04000977831
207.2857262,0.04359996336,0.06906702771,0.04035041216,0.04235676887
207.4103719,0.04229494795,0.06898493394,0.03962603266,0.04453250952
207.5350175,0.04094642022,0.06868856472,0.03898188903,0.0465413828
207.6596632,0.0395575312,0.06818584097,0.03841559346,0.04838777125
207.7843088,0.03813143196,0.06748468357,0.03792475817,0.0500760574
207.9089545,0.03667127355,0.06659301343,0.03750699535,0.05161062379
208.0336001,0.03518020701,0.06551875143,0.03715991723,0.05299585295
208.1582458,0.03366138341,0.06426981847,0.036881136,0.05423612743
208.2828914,0.03211795379,0.06285413546,0.03666826388,0.05533582976
208.4075371,0.03055306921,0.06127962327,0.03651891306,0.05629934247
208.5321828,0.02896988072,0.05955420282,0.03643069576,0.05713104811
208.6568284,0.02737153937,0.057685795,0.03640122419,0.05783532921
208.7814741,0.02576119622,0.0556823207,0.03642811055,0.0584165683
208.9061197,0.02414200232,0.05355170081,0.03650896706,0.05887914793
209.0307654,0.02251710872,0.05130185624,0.03664140591,0.05922745063
209.155411,0.02088966647,0.04894070788,0.03682303931,0.05946585893
209.2800567,0.01926282663,0.04647617663,0.03705147948,0.05959875539
209.4047024,0.01763974025,0.04391618338,0.03732433862,0.05963052252
209.529348,0.01602355839,0.04126864902,0.03763922894,0.05956554287
209.6539937,0.01441743209,0.03854149446,0.03799376264,0.05940819897
209.7786393,0.0128245124,0.03574264059,0.03838555193,0.05916287336
209.903285,0.0112479504,0.03288000831,0.03881220903,0.05883394859
210.0279306,0.009690897111,0.02996151851,0.03927134613,0.05842580717
210.1525763,0.008156503603,0.02699509208,0.03976057545,0.05794283166
210.2772219,0.006647920925,0.02398864993,0.04027750919,0.05738940459
210.4018676,0.00516830013,0.02095011295,0.04081975956,0.05676990849
210.5265133,0.003720792271,0.01788740203,0.04138493876,0.05608872591
210.6511589,0.002308548401,0.01480843807,0.04197065902,0.05535023937
210.7758046,0.0009347195716,0.01172114197,0.04257453252,0.05455883142
210.9004502,-0.0003975431633,0.008633434626,0.04319417148,0.05371888459
211.0250959,-0.001685088751,0.005553236928,0.04382718812,0.05283478142
211.1497415,-0.002924766139,0.002488469775,0.04447119462,0.05191090445
211.2743872,-0.004113424274,-0.0005529459377,0.04512380321,0.0509516362
211.3990328,-0.005247912104,-0.003563089314,0.04578262609,0.04996135923
211.5236785,-0.006325078575,-0.006534039458,0.04644527546,0.04894445607
211.6483242,-0.007341772635,-0.009457875473,0.04710936354,0.04790530924
211.7729698,-0.008294843231,-0.01232667646,0.04777250253,0.0468483013
211.8976155,-0.00918113931,-0.01513252154,0.04843230464,0.04577781478
212.0222611,-0.00999750982,-0.01786748979,0.04908638207,0.0446982322
212.1469068,-0.01074080371,-0.02052366034,0.04973234705,0.04361393612
212.2715524,-0.01140786992,-0.02309311227,0.05036781176,0.04252930906
212.3961981,-0.0119955574,-0.0255679247,0.05099038842,0.04144873357
212.5208438,-0.0125007151,-0.02794017674,0.05159768924,0.04037659218
212.6454894,-0.01292019197,-0.03020194747,0.05218732642,0.03931726743
212.7701351,-0.01325083695,-0.03234531602,0.05275691217,0.03827514185
212.8947807,-0.01348949899,-0.03436236148,0.0533040587,0.03725459798
213.0194264,-0.01363302704,-0.03624516295,0.05382637822,0.03626001836
213.144072,-0.01367827005,-0.03798579955,0.05432148293,0.03529578552
213.2687177,-0.01362207696,-0.03957635037,0.05478698505,0.034366282
213.3933633,-0.01346129671,-0.04100889452,0.05522049677,0.03347589034
213.518009,-0.01319277826,-0.0422755111,0.05561963031,0.03262899308
213.6426547,-0.01281337056,-0.04336827922,0.05598199787,0.03182997275
213.7673003,-0.01231992254,-0.04427927798,0.05630521166,0.03108321189
213.891946,-0.01170928317,-0.04500058649,0.05658688389,0.03039309303
214.0165916,-0.01097830138,-0.04552428385,0.05682462677,0.02976399871
214.1412373,-0.01012382612,-0.04584244916,0.0570160525,0.02920031148
214.2658829,-0.009142706337,-0.04594716152,0.05715877329,0.02870641385
214.3905286,-0.008031790984,-0.04583050005,0.05725040135,0.02828668838
214.5151743,-0.006787929004,-0.04548454385,0.05728854889,0.0279455176
214.6398199,-0.005407969345,-0.04490137202,0.0572708281,0.02768728405
214.7644656,-0.003888760954,-0.04407306366,0.05719485121,0.02751637026
214.8891112,-0.002227152778,-0.04299169787,0.05705823042,0.02743715877
215.0137569,-0.0004199937646,-0.04164935378,0.05685857793,0.02745403211
215.1384025,0.001535867139,-0.04003811046,0.05659350596,0.02757137283
215.2630482,0.003643580987,-0.03815004704,0.0562606267,0.02779356345
215.3876938,0.005906298831,-0.03597724261,0.05585755238,0.02812498653
215.5123395,0.008327171723,-0.03351177628,0.05538189519,0.02857002458
215.6369852,0.01090935072,-0.03074572716,0.05483126734,0.02913306016
215.7616308,0.01365598687,-0.02767117434,0.05420328104,0.02981847579
215.8862765,0.01657023122,-0.02428019693,0.0534955485,0.03063065402
216.0109221,0.01965523484,-0.02056487404,0.05270568192,0.03157397738
216.1355678,0.02291414877,-0.01651728476,0.05183129352,0.0326528284
216.2602134,0.02635012407,-0.01212950821,0.0508699955,0.03387158963
216.3848591,0.02996631178,-0.007393623487,0.04981940006,0.0352346436
216.5095048,0.03376586297,-0.002301709695,0.04867711942,0.03674637285
216.6341504,0.03775192868,0.003154154061,0.04744076578,0.03841115991
216.7587961,0.04177517966,0.008783965841,0.04616791339,0.04015646072
216.8834417,0.04545503018,0.01409342859,0.04500760974,0.04179083354
217.0080874,0.04878152861,0.0190653772,0.04396366481,0.04330768036
217.132733,0.05176378502,0.02370729637,0.04303240467,0.04470996965
217.2573787,0.05441090947,0.02802667077,0.04221015538,0.04600066991
217.3820243,0.05673201202,0.03203098511,0.04149324301,0.04718274963
217.50667,0.05873620273,0.03572772408,0.04087799363,0.04825917727
217.6313157,0.06043259166,0.03912437235,0.04036073329,0.04923292135
217.7559613,0.06183028887,0.04222841464,0.03993778808,0.05010695033
217.880607,0.06293840442,0.04504733561,0.03960548405,0.05088423271
218.0052526,0.06376604838,0.04758861998,0.03936014728,0.05156773697
218.1298983,0.06432233081,0.04985975242,0.03919810382,0.05216043159
218.2545439,0.06461636176,0.05186821762,0.03911567974,0.05266528507
218.3791896,0.06465725129,0.05362150029,0.03910920111,0.05308526589
218.5038353,0.06445410948,0.0551270851,0.03917499401,0.05342334254
218.6284809,0.06401604637,0.05639245675,0.03930938448,0.0536824835
218.7531266,0.06335217203,0.05742509993,0.0395086986,0.05386565726
218.8777722,0.06247159652,0.05823249933,0.03976926244,0.0539758323
219.0024179,0.0613834299,0.05882213964,0.04008740206,0.05401597711
219.1270635,0.06009678223,0.05920150556,0.04045944353,0.05398906018
219.2517092,0.05862076357,0.05937808176,0.04088171292,0.05389805
219.3763548,0.05696448399,0.05935935295,0.04135053629,0.05374591504
219.5010005,0.05513705354,0.05915280381,0.0418622397,0.05353562379
219.6256462,0.05314758228,0.05876591903,0.04241314923,0.05327014475
219.7502918,0.05100518028,0.05820618331,0.04299959094,0.0529524464
219.8749375,0.0487189576,0.05748108133,0.04361789089,0.05258549722
219.9995831,0.04629802429,0.05659809778,0.04426437516,0.0521722657
220.1242288,0.04375149042,0.05556471737,0.04493536981,0.05171572032
220.2488744,0.04108846605,0.05438842476,0.04562720091,0.05121882958
220.3735201,0.03831806124,0.05307670467,0.04633619451,0.05068456195
220.4981657,0.03544938605,0.05163704177,0.0470586767,0.05011588593
220.6228114,0.03249155054,0.05007692076,0.04779097353,0.04951577
220.7474571,0.02945366477,0.04840382633,0.04852941107,0.04888718265
220.8721027,0.0263448388,0.04662524317,0.04927031539,0.04823309236
220.9967484,0.0231741827,0.04474865597,0.05001001256,0.04755646761
221.121394,0.01995080652,0.04278154942,0.05074482863,0.04686027691
221.2460397,0.01668382033,0.04073140821,0.05147108968,0.04614748872
221.3706853,0.01338233418,0.03860571703,0.05218512178,0.04542107154
221.495331,0.01005545814,0.03641196058,0.05288325099,0.04468399385
221.6199767,0.006712302272,0.03415762353,0.05356180337,0.04393922414
221.7446223,0.003361976628,0.03185019059,0.05421710499,0.0431897309
221.869268,1.359127343e-05,0.02949714645,0.05484548193,0.04243848261
221.9939136,-0.003323743731,0.02710597578,0.05544326024,0.04168844776
222.1185593,-0.006640918324,0.0246841633,0.05600676599,0.04094259483
222.2432049,-0.009928822446,0.02223919368,0.05653232524,0.04020389231
222.3678506,-0.01317834604,0.01977855161,0.05701626408,0.03947530869
222.4924962,-0.01638037903,0.01730972179,0.05745490855,0.03875981245
222.6171419,-0.01952581137,0.01484018891,0.05784458473,0.03806037207
222.7417876,-0.022605533,0.01237743766,0.05818161869,0.03737995606
222.8664332,-0.02561043385,0.009928952727,0.05846233648,0.03672153288
222.9910789,-0.02853140387,0.007502218802,0.05868306418,0.03608807103
223.1157245,-0.03135933298,0.005104720577,0.05884012786,0.03548253899
223.2403702,-0.03408511114,0.002743942742,0.05892985357,0.03490790525
223.3650158,-0.03669962828,0.0004273699879,0.05894856739,0.0343671383
223.4896615,-0.03919377434,-0.001837512995,0.05889259538,0.03386320661
223.6143072,-0.04155843926,-0.004043221515,0.05875826361,0.03339907869
223.7389528,-0.04378451298,-0.006182270883,0.05854189814,0.03297772301
223.8635985,-0.04586288543,-0.008247176408,0.05823982505,0.03260210806
223.9882441,-0.04778444656,-0.0102304534,0.05784837039,0.03227520232
224.1128898,-0.04954008631,-0.01212461717,0.05736386023,0.03199997428
224.2375354,-0.05112069461,-0.01392218302,0.05678262065,0.03177939244
224.3621811,-0.05251716141,-0.01561566626,0.0561009777,0.03161642526
224.4868267,-0.05372037664,-0.01719758221,0.05531525746,0.03151404125
224.6114724,-0.05472123024,-0.01866044618,0.05442178598,0.03147520889
224.7361181,-0.05551061216,-0.01999677346,0.05341688934,0.03150289665
224.8607637,-0.05607941233,-0.02119907938,0.05229689361,0.03160007304
224.9854094,-0.05641852068,-0.02225987924,0.05105812484,0.03176970653
225.110055,-0.05651882717,-0.02317168835,0.0496969091,0.03201476561
225.2347007,-0.05637122172,-0.02392702202,0.04820957247,0.03233821877
225.3593463,-0.05596659429,-0.02451839557,0.046592441,0.03274303449
225.483992,-0.0552958348,-0.02493832429,0.04484184077,0.03323218126
225.6086377,-0.05434983319,-0.0251793235,0.04295409784,0.03380862756
225.7332833,-0.05311947941,-0.0252339085,0.04092553828,0.03447534189
225.857929,-0.0515956634,-0.02509459462,0.03875248815,0.03523529272
225.9825746,-0.04976927509,-0.02475389715,0.03643127352,0.03609144855
226.1072203,-0.04763120442,-0.02420433141,0.03395822045,0.03704677786
226.2318659,-0.04517234133,-0.0234384127,0.03132965502,0.03810424913
226.3565116,-0.04238357577,-0.02244865634,0.02854190328,0.03926683086
226.4811572,-0.03925579767,-0.02122757763,0.02559129131,0.04053749152
226.6058029,-0.03577989696,-0.01976769189,0.02247414517,0.04191919961
226.7304486,-0.0319467636,-0.01806151442,0.01918679093,0.04341492361
226.8550942,-0.02774728751,-0.01610156054,0.01572555466,0.045027632
226.9797399,-0.02317235864,-0.01388034554,0.01208676241,0.04676029328
227.1043855,-0.01821286692,-0.01139038475,0.008266740263,0.04861587593
227.2290312,-0.0128597023,-0.008624193471,0.004261814277,0.05059734843
227.3536768,-0.00710375472,-0.00557428701,6.831052129e-05,0.05270767927
227.4783225,-0.0009359141097,-0.00223318068,-0.004317444938,0.05494983694
227.6029682,0.00536606322,0.001258597626,-0.00875431628,0.05718574136
227.7276138,0.01127019708,0.00462615659,-0.01297302623,0.05915456486
227.8522595,0.01677299441,0.007864761578,-0.01697122757,0.06085710913
227.9769051,0.021883677,0.01097620939,-0.02075299327,0.06230044804
228.1015508,0.02661146665,0.01396229685,-0.02432239629,0.06349165543
228.2261964,0.03096558515,0.01682482074,-0.02768350958,0.06443780515
228.3508421,0.0349552543,0.01956557789,-0.03084040612,0.06514597106
228.4754877,0.03858969589,0.02218636509,-0.03379715886,0.06562322701
228.6001334,0.04187813171,0.02468897915,-0.03655784076,0.06587664685
228.7247791,0.04482978357,0.02707521688,-0.03912652478,0.06591330442
228.8494247,0.04745387326,0.02934687508,-0.04150728389,0.06574027359
228.9740704,0.04975962257,0.03150575056,-0.04370419104,0.06536462821
229.098716,0.0517562533,0.03355364014,-0.0457213192,0.06479344212
229.2233617,0.05345298724,0.0354923406,-0.04756274133,0.06403378918
229.3480073,0.05485904619,0.03732364877,-0.04923253039,0.06309274325
229.472653,0.05598365194,0.03904936144,-0.05073475934,0.06197737816
229.5972986,0.0568360263,0.04067127543,-0.05207350115,0.06069476778
229.7219443,0.05742539105,0.04219118753,-0.05325282876,0.05925198595
229.84659,0.05776096798,0.04361089457,-0.05427681515,0.05765610653
229.9712356,0.0578519789,0.04493219333,-0.05514953328,0.05591420337
230.0958813,0.05770764561,0.04615688064,-0.0558750561,0.05403335032
230.2205269,0.05733718988,0.04728675329,-0.05645745658,0.05202062123
230.3451726,0.05674983353,0.04832360809,-0.05690080768,0.04988308996
230.4698182,0.05595479834,0.04926924185,-0.05720918237,0.04762783036
230.5944639,0.05496130611,0.05012545137,-0.05738665359,0.04526191627
230.7191096,0.05377857864,0.05089403347,-0.05743729432,0.04279242155
230.8437552,0.05241583772,0.05157678494,-0.05736517751,0.04022642006
230.9684009,0.05088230515,0.0521755026,-0.05717437612,0.03757098564
231.0930465,0.04918720271,0.05269198325,-0.05686896312,0.03483319214
231.2176922,0.04733975221,0.0531280237,-0.05645301147,0.03202011342
231.3423378,0.04534917545,0.05348542075,-0.05593059413,0.02913882333
231.4669835,0.04322469421,0.05376597121,-0.05530578406,0.02619639572
231.5916291,0.04097553029,0.05397147188,-0.05458265422,0.02319990445
231.7162748,0.03861090549,0.05410371958,-0.05376527758,0.02015642335
231.8409205,0.03614004161,0.05416451111,-0.05285772708,0.0170730263
231.9655661,0.03357216043,0.05415564328,-0.05186407571,0.01395678713
232.0902118,0.03091648375,0.05407891288,-0.0507883964,0.0108147797
232.2148574,0.02818223337,0.05393611674,-0.04963476214,0.007654077866
232.3395031,0.02537863108,0.05372905165,-0.04840724587,0.004481755472
232.4641487,0.02251489869,0.05345951442,-0.04710992057,0.001304886374
232.5887944,0.01960025797,0.05312930186,-0.04574685918,-0.001869455577
232.7134401,0.01664393074,0.05274021078,-0.04432213468,-0.00503419653
232.8380857,0.01365513877,0.05229403797,-0.04283982002,-0.008182262632
232.9627314,0.01064310388,0.05179258025,-0.04130398817,-0.01130658003
233.087377,0.007617047852,0.05123763443,-0.03971871208,-0.01440007488
233.2120227,0.004586192483,0.05063099731,-0.03808806472,-0.01745567332
233.3366683,0.001559759568,0.04997446569,-0.03641611905,-0.0204663015
233.461314,-0.001453029097,0.04926983639,-0.03470694802,-0.02342488557
233.5859596,-0.004442951717,0.04851890621,-0.03296462461,-0.02632435168
233.7106053,-0.007400786496,0.04772347195,-0.03119322177,-0.02915762598
233.835251,-0.01031731164,0.04688533042,-0.02939681246,-0.03191763461
233.9598966,-0.01318330535,0.04600627844,-0.02757946965,-0.03459730373
234.0845423,-0.01598954584,0.0450881128,-0.02574526629,-0.03718955948
234.2091879,-0.01872681131,0.04413263031,-0.02389827535,-0.03968732801
234.3338336,-0.02138587996,0.04314162778,-0.02204256979,-0.04208353546
234.4584792,-0.02395753,0.04211690202,-0.02018222257,-0.04437110799
234.5831249,-0.02643253964,0.04106024982,-0.01832130664,-0.04654297175
234.7077706,-0.02880168707,0.03997346801,-0.01646389498,-0.04859205288
234.8324162,-0.0310557505,0.03885835337,-0.01461406054,-0.05051127753
234.9570619,-0.03318550815,0.03771670273,-0.01277587629,-0.05229357185
235.0817075,-0.0351817382,0.03655031289,-0.01095341518,-0.05393186198
235.2063532,-0.03703521888,0.03536098065,-0.009150750175,-0.05541907408
235.3309988,-0.03873672837,0.03415050282,-0.007371954239,-0.0567481343
235.4556445,-0.04027704489,0.0329206762,-0.005621100332,-0.05791196877
235.5802901,-0.04164694665,0.03167329761,-0.003902261415,-0.05890350366
235.7049358,-0.04283721184,0.03041016385,-0.00221951045,-0.05971566511
235.8295815,-0.04383861868,0.02913307172,-0.0005769203964,-0.06034137926
235.9542271,-0.04464194536,0.02784381804,0.001021435783,-0.06077357226
236.0788728,-0.04523797009,0.0265441996,0.002571485128,-0.06100517027
236.2035184,-0.04561747108,0.02523601322,0.004069154676,-0.06102909943
236.3281641,-0.04577122653,0.0239210557,0.005510371468,-0.06083828589
236.4528097,-0.04569001464,0.02260112385,0.006891062541,-0.0604256558
236.5774554,-0.04536461363,0.02127801447,0.008207154934,-0.0597841353
236.7021011,-0.04478580169,0.01995352438,0.009454575686,-0.05890665054
236.8267467,-0.04394435703,0.01862945037,0.01062925184,-0.05778612768
236.9513924,-0.04283105785,0.01730758925,0.01172711042,-0.05641549286
237.076038,-0.04143668237,0.01598973784,0.01274407849,-0.05478767223
237.2006837,-0.03975200878,0.01467769293,0.01367608306,-0.05289559193
237.3253293,-0.03776781529,0.01337325133,0.01451905119,-0.05073217812
237.449975,-0.0354748801,0.01207820986,0.01526890991,-0.04829035694
237.5746206,-0.03286398143,0.01079436531,0.01592158627,-0.04556305454
237.6992663,-0.02992589747,0.009523514492,0.01647300729,-0.04254319708
237.823912,-0.02665140642,0.008267454214,0.01691910002,-0.03922371069
237.9485576,-0.0230312865,0.007027981282,0.01725579149,-0.03559752152
238.0732033,-0.01905631591,0.005806892501,0.01747900876,-0.03165755573
238.1978489,-0.01471727285,0.004605984678,0.01758467885,-0.02739673946
238.3224946,-0.01000493553,0.00342705462,0.0175687288,-0.02280799887
238.4471402,-0.005162059703,0.002282839414,0.01747606792,-0.01810898315
238.5717859,-0.0005330186472,0.001188719654,0.01737334667,-0.01360723513
238.6964315,0.003883654102,0.0001439331451,0.01726125413,-0.009301397693
238.8210772,0.008091703618,-0.0008523848918,0.01714004055,-0.005188080068
238.9457229,0.01209487497,-0.001801099237,0.01700995617,-0.001263891478
239.0703685,0.01589691323,-0.00270307467,0.01687125124,0.00247455885
239.1950142,0.01950156348,-0.003559175971,0.01672417599,0.006030661691
239.3196598,0.02291257078,-0.004370267919,0.01656898068,0.009407807819
239.4443055,0.02613368021,-0.005137215295,0.01640591555,0.01260938801
239.5689511,0.02916863683,-0.005860882879,0.01623523084,0.01563879303
239.6935968,0.03202118573,-0.006542135451,0.0160571768,0.01849941367
239.8182425,0.03469507197,-0.00718183779,0.01587200367,0.02119464068
239.9428881,0.03719404063,-0.007780854676,0.0156799617,0.02372786486
240.0675338,0.03952183677,-0.008340050889,0.01548130113,0.02610247697
240.1921794,0.04168220547,-0.008860291209,0.01527627221,0.02832186779
240.3168251,0.04367889181,-0.009342440417,0.01506512517,0.03038942808
240.4414707,0.04551564085,-0.009787363291,0.01484811027,0.03230854863
240.5661164,0.04719619767,-0.01019592461,0.01462547775,0.03408262022
240.690762,0.04872430733,-0.01056898916,0.01439747785,0.0357150336
240.8154077,0.05010371492,-0.01090742171,0.01416436081,0.03720917957
240.9400534,0.0513381655,-0.01121208706,0.01392637689,0.03856844888
241.064699,0.05243140414,-0.01148384996,0.01368377633,0.03979623233
241.1893447,0.05338717592,-0.01172357522,0.01343680937,0.04089592067
241.3139903,0.05420922592,-0.0119321276,0.01318572625,0.04187090469
241.438636,0.05490129919,-0.01211037188,0.01293077722,0.04272457516
241.5632816,0.05546714082,-0.01225917285,0.01267221253,0.04346032286
241.6879273,0.05591049587,-0.01237939529,0.01241028242,0.04408153855
241.812573,0.05623510942,-0.01247190397,0.01214523713,0.04459161301
241.9372186,0.05644472655,-0.01253756368,0.0118773269,0.04499393702
242.0618643,0.05654309231,-0.0125772392,0.01160680199,0.04529190136
242.1865099,0.0565339518,-0.0125917953,0.01133391264,0.04548889678
242.3111556,0.05642105007,-0.01258209677,0.01105890909,0.04558831408
242.4358012,0.05620813219,-0.01254900838,0.01078204158,0.04559354402
242.5604469,0.05589894325,-0.01249339491,0.01050356036,0.04550797738
242.6850925,0.05549722832,-0.01241612115,0.01022371568,0.04533500493
242.8097382,0.05500673246,-0.01231805188,0.009942757776,0.04507801745
242.9343839,0.05443120075,-0.01220005187,0.009660936895,0.04474040571
243.0590295,0.05377437826,-0.01206298591,0.009378503282,0.04432556048
243.1836752,0.05304001006,-0.01190771877,0.009095707182,0.04383687255
243.3083208,0.05223184123,-0.01173511523,0.008812798838,0.04327773268
243.4329665,0.05135361683,-0.01154604008,0.008530028495,0.04265153164
243.5576121,0.05040908195,-0.0113413581,0.008247646398,0.04196166022
243.6822578,0.04940198164,-0.01112193406,0.007965902791,0.04121150918
243.8069035,0.04833606099,-0.01088863274,0.007685047918,0.04040446931
243.9315491,0.04721506507,-0.01064231893,0.007405332024,0.03954393137
244.0561948,0.04604273894,-0.0103838574,0.007127005354,0.03863328614
244.1808404,0.04482282768,-0.01011411293,0.006850318151,0.0376759244
244.3054861,0.04355907637,-0.009833950312,0.006575520661,0.03667523691
244.4301317,0.04225523007,-0.009544234314,0.006302863128,0.03563461445
244.5547774,0.04091503386,-0.00924582972,0.006032595795,0.03455744781
244.679423,0.0395422328,-0.00893960131,0.005764968909,0.03344712774
244.8040687,0.03814057198,-0.008626413863,0.005500232713,0.03230704503
244.9287144,0.03671379647,-0.008307132159,0.005238637451,0.03114059044
245.05336,0.03526565132,-0.007982620979,0.004980433368,0.02995115476
245.1780057,0.03379988163,-0.007653745101,0.004725870708,0.02874212876
245.3026513,0.03232023245,-0.007321369307,0.004475199717,0.02751690321
245.427297,0.03083044887,-0.006986358376,0.004228670638,0.02627886889
245.5519426,0.02933427596,-0.006649577087,0.003986533716,0.02503141657
245.6765883,0.02783545878,-0.006311890221,0.003749039195,0.02377793702
245.801234,0.0263377424,-0.005974162558,0.003516437319,0.02252182103
245.9258796,0.02484487191,-0.005637258877,0.003288978334,0.02126645935
246.0505253,0.02336059238,-0.005302043959,0.003066912484,0.02001524278
246.1751709,0.02188864887,-0.004969382583,0.002850490013,0.01877156208
246.2998166,0.02043278645,-0.004640139529,0.002639961165,0.01753880802
246.4244622,0.01899675021,-0.004315179578,0.002435576185,0.01632037138
246.5491079,0.01758428521,-0.003995367508,0.002237585317,0.01511964294
246.6737535,0.01619913652,-0.003681568101,0.002046238807,0.01394001347
246.7983992,0.01484504922,-0.003374646135,0.001861786898,0.01278487374
246.9230449,0.01352576838,-0.003075466391,0.001684479834,0.01165761453
247.0476905,0.01224503907,-0.002784893648,0.001514567861,0.01056162662
247.1723362,0.01100660636,-0.002503792688,0.001352301223,0.009500300765
247.2969818,0.009814215331,-0.002233028288,0.001197930164,0.008477027755
247.4216275,0.008671611047,-0.00197346523,0.001051704928,0.00749519836
247.5462731,0.007582538583,-0.001725968293,0.0009138757604,0.006558203354
247.6709188,0.006550743011,-0.001491402257,0.0007846929053,0.005669433511
247.7955644,0.005579969402,-0.001270631902,0.0006644066071,0.004832279607
247.9202101,0.004673962831,-0.001064522009,0.0005532671104,0.004050132414
248.0448558,0.003836468368,-0.0008739373556,0.0004515246595,0.003326382708
248.1695014,0.003071231085,-0.0006997427234,0.000359429499,0.002664421263
248.2941471,0.002381996056,-0.0005428028918,0.0002772318732,0.002067638853
248.4187927,0.001772508352,-0.0004039826407,0.0002051820266,0.001539426252
248.5434384,0.001246513045,-0.0002841467501,0.0001435302037,0.001083174234
248.668084,0.0008077552081,-0.0001841599998,9.252664889e-05,0.0007022735747
248.7927297,0.0004599799129,-0.0001048871697,5.242160668e-05,0.0004001150472
248.9173754,0.0002069322316,-4.719303982e-05,2.346532149e-05,0.0001800894261
249.042021,5.235723661e-05,-1.194238994e-05,5.908037782e-06,4.558748556e-05
249.1666667,0,0,0,0
