time_ns,u_X1,u_Y1,u_X2,u_Y2
0,0,0,0,0
0.1246456562,2.194527943e-05,-9.855189731e-06,-2.706973904e-05,1.060055754e-05
0.2492913123,8.662587052e-05,-3.905122611e-05,-0.000106863949,4.199615605e-05
0.3739369685,0.0001923089024,-8.703380993e-05,-0.0002372601191,9.357768439e-05
0.4985826246,0.0003372615043,-0.000153248642,-0.0004161357387,0.0001647360314
0.6232282808,0.0005197508054,-0.000237141423,-0.0006413682968,0.0002548620859
0.747873937,0.0007380439349,-0.0003381578538,-0.0009108352829,0.0003633467368
0.8725195931,0.0009904080219,-0.0004557436352,-0.001222414186,0.0004895808729
0.9971652493,0.001275110196,-0.000589344468,-0.001573982496,0.000632955383
1.121810905,0.001590417585,-0.0007384060528,-0.001963417701,0.0007928611561
1.246456562,0.00193459732,-0.0009023740906,-0.002388597291,0.0009686890809
1.371102218,0.002305916529,-0.001080694282,-0.002847398755,0.001159830046
1.495747874,0.002702642341,-0.001272812328,-0.003337699583,0.001365674941
1.62039353,0.003123041886,-0.001478173929,-0.003857377263,0.001585614654
1.745039186,0.003565382292,-0.001696224787,-0.004404309285,0.001819040075
1.869684842,0.00402793069,-0.001926410601,-0.004976373138,0.002065342091
1.994330499,0.004508954207,-0.002168177073,-0.005571446312,0.002323911592
2.118976155,0.005006719974,-0.002420969903,-0.006187406295,0.002594139467
2.243621811,0.00551949512,-0.002684234792,-0.006822130577,0.002875416604
2.368267467,0.006045546773,-0.002957417441,-0.007473496647,0.003167133893
2.492913123,0.006583142062,-0.003239963552,-0.008139381994,0.003468682222
2.617558779,0.007130548118,-0.003531318823,-0.008817664108,0.00377945248
2.742204436,0.007686032069,-0.003830928957,-0.009506220477,0.004098835555
2.866850092,0.008247861044,-0.004138239654,-0.01020292859,0.004426222338
2.991495748,0.008814302173,-0.004452696615,-0.01090566594,0.004761003716
3.116141404,0.009383622585,-0.004773745541,-0.01161231001,0.005102570579
3.24078706,0.009954089408,-0.005100832132,-0.0123207383,0.005450313815
3.365432716,0.01052396977,-0.005433402089,-0.01302882829,0.005803624313
3.490078373,0.01109153081,-0.005770901114,-0.01373445747,0.006161892962
3.614724029,0.01165503964,-0.006112774906,-0.01443550332,0.006524510651
3.739369685,0.0122127634,-0.006458469167,-0.01512984335,0.006890868269
3.864015341,0.01276296922,-0.006807429597,-0.01581535504,0.007260356704
3.988660997,0.01330392423,-0.007159101897,-0.01648991588,0.007632366846
4.113306653,0.01383389555,-0.007512931768,-0.01715140335,0.008006289583
4.237952309,0.01435115032,-0.007868364911,-0.01779769495,0.008381515804
4.362597966,0.01485395567,-0.008224847027,-0.01842666817,0.008757436397
4.487243622,0.01534057871,-0.008581823815,-0.01903620049,0.009133442253
4.611889278,0.01580928659,-0.008938740978,-0.01962416941,0.009508924259
4.736534934,0.01625834643,-0.009295044216,-0.02018845241,0.009883273305
4.86118059,0.01668602537,-0.009650179229,-0.02072692698,0.01025588028
4.985826246,0.01709059052,-0.01000359172,-0.02123747061,0.01062613607
5.110471903,0.01747030902,-0.01035472739,-0.0217179608,0.01099343157
5.235117559,0.017823448,-0.01070303193,-0.02216627503,0.01135715766
5.359763215,0.01814827459,-0.01104795105,-0.02258029078,0.01171670524
5.484408871,0.01844305592,-0.01138893046,-0.02295788556,0.01207146518
5.609054527,0.01870605911,-0.01172541584,-0.02329693685,0.01242082839
5.733700183,0.0189355513,-0.01205685291,-0.02359532213,0.01276418575
5.85834584,0.01912979961,-0.01238268735,-0.0238509189,0.01310092815
5.982991496,0.01928707117,-0.01270236488,-0.02406160464,0.01343044648
6.107637152,0.01940563312,-0.0130153312,-0.02422525685,0.01375213162
6.232282808,0.01948375258,-0.01332103199,-0.02433975302,0.01406537447
6.356928464,0.01951969668,-0.01361891297,-0.02440297063,0.01436956592
6.48157412,0.01951173256,-0.01390841984,-0.02441278717,0.01466409684
6.606219777,0.01945812733,-0.0141889983,-0.02436708014,0.01494835814
6.730865433,0.01935714813,-0.01446009404,-0.02426372701,0.0152217407
6.855511089,0.01920706209,-0.01472115277,-0.02410060529,0.01548363541
6.980156745,0.01900613633,-0.01497162019,-0.02387559246,0.01573343316
7.104802401,0.018752638,-0.015210942,-0.023586566,0.01597052484
7.229448057,0.0184448342,-0.0154385639,-0.02323140342,0.01619430133
7.354093714,0.01808099208,-0.01565393159,-0.02280798219,0.01640415353
7.47873937,0.01765937877,-0.01585649077,-0.02231417981,0.01659947232
7.603385026,0.01717826139,-0.01604568715,-0.02174787377,0.0167796486
7.728030682,0.01663590707,-0.01622096642,-0.02110694155,0.01694407324
7.852676338,0.01603058294,-0.01638177428,-0.02038926065,0.01709213715
7.977321994,0.01536055614,-0.01652755644,-0.01959270855,0.01722323121
8.10196765,0.01462409378,-0.01665775859,-0.01871516275,0.0173367463
8.226613307,0.013819463,-0.01677182645,-0.01775450072,0.01743207333
8.351258963,0.01294493093,-0.0168692057,-0.01670859997,0.01750860317
8.475904619,0.0119987647,-0.01694934204,-0.01557533798,0.01756572671
8.600550275,0.01097923143,-0.01701168119,-0.01435259224,0.01760283485
8.725195931,0.009884598259,-0.01705566884,-0.01303824024,0.01761931847
8.849841587,0.008713132313,-0.01708075069,-0.01163015947,0.01761456846
8.974487244,0.00746310072,-0.01708637243,-0.01012622742,0.01758797571
9.0991329,0.006132770611,-0.01707197979,-0.008524321573,0.01753893111
9.223778556,0.004720409114,-0.01703701844,-0.006822319424,0.01746682555
9.348424212,0.003224283358,-0.0169809341,-0.00501809846,0.01737104991
9.473069868,0.001642660473,-0.01690317246,-0.003109536172,0.0172509951
9.597715524,-2.619241202e-05,-0.01680317923,-0.001094510047,0.01710605198
9.722361181,-0.001784008168,-0.01668040011,0.001029102424,0.01693561146
9.847006837,-0.003632519666,-0.01653428079,0.003263423752,0.01673906442
9.971652493,-0.005573459777,-0.01636426698,0.005610576448,0.01651580175
10.09629815,-0.007608561371,-0.01616980437,0.008072683023,0.01626521435
10.22094381,-0.00973955732,-0.01595033868,0.01065186599,0.01598669309
10.34558946,-0.01196818049,-0.0157053156,0.01335024785,0.01567962886
10.47023512,-0.01429616376,-0.01543418083,0.01616995113,0.01534341257
10.59488077,-0.01672524,-0.01513638007,0.01911309833,0.01497743509
10.71952643,-0.01925714207,-0.01481135902,0.02218181196,0.01458108731
10.84417209,-0.02189260362,-0.01445845158,0.02537702532,0.01415367876
10.96881774,-0.02448051135,-0.01406051315,0.02851892042,0.01368265712
11.0934634,-0.02691368507,-0.01360704128,0.03147984711,0.01316074374
11.21810905,-0.02919531224,-0.01310024392,0.03426348147,0.01259000196
11.34275471,-0.03132858033,-0.01254232901,0.03687349958,0.0119724951
11.46740037,-0.03331667679,-0.01193550446,0.03931357754,0.01131028651
11.59204602,-0.03516278909,-0.01128197821,0.04158739142,0.01060543953
11.71669168,-0.03687010469,-0.01058395821,0.04369861733,0.009860017491
11.84133734,-0.03844181104,-0.009843652372,0.04565093135,0.00907608373
11.96598299,-0.0398810956,-0.00906326864,0.04744800956,0.008255701586
12.09062865,-0.04119114585,-0.008245014946,0.04909352805,0.007400934396
12.2152743,-0.04237514922,-0.007391099221,0.05059116292,0.006513845495
12.33991996,-0.04343629319,-0.006503729399,0.05194459024,0.005596498222
12.46456562,-0.04437776522,-0.005585113414,0.05315748611,0.004650955912
12.58921127,-0.04520275277,-0.004637459197,0.05423352662,0.003679281904
12.71385693,-0.04591444328,-0.003662974683,0.05517638784,0.002683539534
12.83850258,-0.04651602424,-0.002663867805,0.05598974588,0.001665792139
12.96314824,-0.04701068309,-0.001642346495,0.05667727682,0.0006281030566
13.0877939,-0.0474016073,-0.0006006186861,0.05724265674,-0.0004274643772
13.21243955,-0.04769198432,0.0004591076877,0.05768956173,-0.001498846825
13.33708521,-0.04788500162,0.001534624694,0.05802166788,-0.00258398095
13.46173087,-0.04798384666,0.002623724399,0.05824265129,-0.003680803415
13.58637652,-0.04799170689,0.00372419887,0.05835618803,-0.004787250883
13.71102218,-0.04791176977,0.004833840175,0.05836595419,-0.005901260018
13.83566783,-0.04774722278,0.005950440379,0.05827562587,-0.007020767481
13.96031349,-0.04750125336,0.00707179155,0.05808887914,-0.008143709937
14.08495915,-0.04717704898,0.008195685755,0.05780939011,-0.009268024048
14.2096048,-0.04677779709,0.00931991506,0.05744083485,-0.01039164648
14.33425046,-0.04630668516,0.01044227153,0.05698688945,-0.01151251389
14.45889611,-0.04576690065,0.01156054724,0.05645123001,-0.01262856294
14.58354177,-0.04516163101,0.01267253425,0.0558375326,-0.0137377303
14.70818743,-0.04449406371,0.01377602463,0.05514947332,-0.01483795264
14.83283308,-0.04376738621,0.01486881044,0.05439072826,-0.0159271666
14.95747874,-0.04298478597,0.01594868375,0.05356497349,-0.01700330887
15.0821244,-0.04214945044,0.01701343663,0.05267588512,-0.01806431609
15.20677005,-0.04126456709,0.01806086115,0.05172713922,-0.01910812493
15.33141571,-0.04033332337,0.01908874938,0.0507224119,-0.02013267206
15.45606136,-0.03935890676,0.02009489337,0.04966537922,-0.02113589414
15.58070702,-0.0383445047,0.0210770852,0.04855971729,-0.02211572783
15.70535268,-0.03729330466,0.02203311693,0.04740910218,-0.0230701098
15.82999833,-0.03620849409,0.02296078063,0.04621720999,-0.0239969767
15.95464399,-0.03509326046,0.02385786837,0.04498771681,-0.0248942652
16.07928964,-0.03395079124,0.02472217221,0.04372429872,-0.02575991197
16.2039353,-0.03278427386,0.02555148423,0.04243063181,-0.02659185367
16.32858096,-0.03159689581,0.02634359648,0.04111039216,-0.02738802695
16.45322661,-0.03039184453,0.02709630104,0.03976725588,-0.02814636849
16.57787227,-0.0291723075,0.02780738997,0.03840489903,-0.02886481494
16.70251793,-0.02794147215,0.02847465534,0.03702699772,-0.02954130297
16.82716358,-0.02670252597,0.02909588921,0.03563722803,-0.03017376924
16.95180924,-0.02545865641,0.02966888366,0.03423926604,-0.03076015042
17.07645489,-0.02421305092,0.03019143075,0.03283678785,-0.03129838317
17.20110055,-0.02296889697,0.03066132254,0.03143346954,-0.03178640415
17.32574621,-0.02172938202,0.03107635111,0.0300329872,-0.03222215002
17.45039186,-0.02049769353,0.03143430852,0.02863901692,-0.03260355745
17.57503752,-0.01927701896,0.03173298683,0.02725523479,-0.0329285631
17.69968317,-0.01807054577,0.03197017812,0.02588531689,-0.03319510363
17.82432883,-0.01688146141,0.03214367445,0.02453293931,-0.03340111571
17.94897449,-0.01571295335,0.03225126789,0.02320177814,-0.03354453599
18.07362014,-0.01456820905,0.0322907505,0.02189550947,-0.03362330115
18.1982658,-0.01345041597,0.03225991435,0.02061780938,-0.03363534785
18.32291146,-0.01236276157,0.03215655152,0.01937235396,-0.03357861274
18.44755711,-0.01130843331,0.03197845406,0.01816281931,-0.0334510325
18.57220277,-0.01029061865,0.03172341404,0.0169928815,-0.03325054377
18.69684842,-0.009312505042,0.03138922353,0.01586621663,-0.03297508324
18.82149408,-0.008377279957,0.03097367459,0.01478650079,-0.03262258756
18.94613974,-0.007488130851,0.0304745593,0.01375741005,-0.03219099339
19.07078539,-0.006648245184,0.02988966972,0.01278262052,-0.0316782374
19.19543105,-0.005860810416,0.02921679792,0.01186580827,-0.03108225624
19.32007671,-0.005129014008,0.02845373596,0.01101064939,-0.03040098659
19.44472236,-0.004456043419,0.02759827591,0.01022081998,-0.02963236511
19.56936802,-0.003845086109,0.02664820984,0.009499996123,-0.02877432845
19.69401367,-0.003299329539,0.02560132982,0.008851853901,-0.02782481328
19.81865933,-0.002821961169,0.02445542791,0.008280069406,-0.02678175627
19.94330499,-0.002416168458,0.02320829617,0.007788318724,-0.02564309408
20.06795064,-0.002085138867,0.02185772668,0.007380277944,-0.02440676337
20.1925963,-0.001832059856,0.0204015115,0.007059623154,-0.0230707008
20.31724195,-0.001660118885,0.01883744271,0.006830030441,-0.02163284304
20.44188761,-0.001572503413,0.01716331235,0.006695175893,-0.02009112675
20.56653327,-0.001572400902,0.01537691251,0.006658735598,-0.01844348859
20.69117892,-0.001662998811,0.01347603526,0.006724385644,-0.01668786523
20.81582458,-0.0018474846,0.01145847264,0.006895802118,-0.01482219333
20.94047024,-0.002129045729,0.009322016745,0.007176661108,-0.01284440954
21.06511589,-0.002510869658,0.007064459628,0.007570638703,-0.01075245055
21.18976155,-0.002996143848,0.004683593358,0.008081410989,-0.008544253
21.3144072,-0.003588055758,0.002177210003,0.008712654055,-0.006217753563
21.43905286,-0.004289792848,-0.0004568983705,0.009468043988,-0.0037708889
21.56369852,-0.005104542579,-0.003220939696,0.01035125688,-0.001201595674
21.68834417,-0.006034193721,-0.006113431702,0.01136316994,0.001487117144
21.81298983,-0.007025536482,-0.00897928049,0.01238767927,0.004082107537
21.93763548,-0.008048128138,-0.01173651728,0.01336279181,0.006473637213
22.06228114,-0.009100272173,-0.01438631591,0.01428934068,0.008666750929
22.1869268,-0.01018027207,-0.01692985023,0.01516815903,0.01066649344
22.31157245,-0.01128643133,-0.01936829407,0.01600007999,0.01247790952
22.43621811,-0.01241705342,-0.02170282128,0.0167859367,0.01410604391
22.56086377,-0.01357044183,-0.0239346057,0.01752656229,0.01555594137
22.68550942,-0.01474490006,-0.02606482116,0.01822278991,0.01683264666
22.81015508,-0.01593873158,-0.02809464152,0.01887545268,0.01794120455
22.93480073,-0.01715023989,-0.0300252406,0.01948538375,0.01888665978
23.05944639,-0.01837772846,-0.03185779226,0.02005341626,0.01967405713
23.18409205,-0.01961950079,-0.03359347033,0.02058038334,0.02030844134
23.3087377,-0.02087386036,-0.03523344865,0.02106711812,0.02079485717
23.43338336,-0.02213911066,-0.03677890107,0.02151445375,0.02113834939
23.55802901,-0.02341355517,-0.03823100142,0.02192322336,0.02134396275
23.68267467,-0.02469549738,-0.03959092355,0.02229426009,0.02141674201
23.80732033,-0.02598324078,-0.0408598413,0.02262839708,0.02136173193
23.93196598,-0.02727508885,-0.04203892851,0.02292646746,0.02118397726
24.05661164,-0.02856934508,-0.04312935902,0.02318930437,0.02088852277
24.1812573,-0.02986431295,-0.04413230667,0.02341774095,0.02048041322
24.30590295,-0.03115829595,-0.0450489453,0.02361261034,0.01996469335
24.43054861,-0.03244959757,-0.04588044875,0.02377474566,0.01934640794
24.55519426,-0.0337365213,-0.04662799087,0.02390498007,0.01863060173
24.67983992,-0.03501737061,-0.0472927455,0.02400414669,0.01782231949
24.80448558,-0.03629044899,-0.04787588647,0.02407307866,0.01692660598
24.92913123,-0.03755405994,-0.04837858763,0.02411260912,0.01594850596
25.05377689,-0.03880650694,-0.04880202282,0.02412357122,0.01489306417
25.17842254,-0.04004609347,-0.04914736588,0.02410679807,0.01376532539
25.3030682,-0.04127112302,-0.04941579065,0.02406312283,0.01257033436
25.42771386,-0.04247989908,-0.04960847097,0.02399337862,0.01131313586
25.55235951,-0.04367072512,-0.04972658068,0.0238983986,0.009998774625
25.67700517,-0.04484190465,-0.04977129363,0.02377901588,0.008632295429
25.80165083,-0.04599174114,-0.04974378365,0.02363606361,0.007218743027
25.92629648,-0.04711853809,-0.04964522459,0.02347037494,0.005763162176
26.05094214,-0.04822059897,-0.04947679029,0.02328278298,0.004270597635
26.17558779,-0.04929622727,-0.04923965459,0.02307412089,0.002746094162
26.30023345,-0.05034372648,-0.04893499132,0.02284522179,0.001194696516
26.42487911,-0.05136140009,-0.04856397434,0.02259691883,-0.0003785505443
26.54952476,-0.05234755158,-0.04812777747,0.02233004515,-0.001968602261
26.67417042,-0.05330048443,-0.04762757457,0.02204543387,-0.003570413876
26.79881607,-0.05421850214,-0.04706453948,0.02174391814,-0.00517894063
26.92346173,-0.05509990819,-0.04643984603,0.02142633109,-0.006789137766
27.04810739,-0.05594300607,-0.04575466806,0.02109350586,-0.008395960524
27.17275304,-0.05674609926,-0.04501017942,0.0207462756,-0.009994364146
27.2973987,-0.05750749125,-0.04420755395,0.02038547342,-0.01157930387
27.42204436,-0.05822548552,-0.04334796549,0.02001193248,-0.01314573495
27.54669001,-0.05889838556,-0.04243258788,0.01962648591,-0.01468861261
27.67133567,-0.05952449486,-0.04146259496,0.01922996684,-0.01620289211
27.79598132,-0.06010211691,-0.04043916057,0.01882320842,-0.01768352868
27.92062698,-0.06062955518,-0.03936345856,0.01840704378,-0.01912547756
28.04527264,-0.06110511317,-0.03823666276,0.01798230606,-0.02052369399
28.16991829,-0.06152709436,-0.03705994701,0.01754982839,-0.02187313323
28.29456395,-0.06189380224,-0.03583448517,0.01711044391,-0.0231687505
28.4192096,-0.06220354029,-0.03456145106,0.01666498576,-0.02440550105
28.54385526,-0.06245461201,-0.03324201853,0.01621428708,-0.02557834013
28.66850092,-0.06264532086,-0.03187736141,0.015759181,-0.02668222296
28.79314657,-0.06277397036,-0.03046865356,0.01530050066,-0.0277121048
28.91779223,-0.06283886397,-0.02901706882,0.0148390792,-0.02866294089
29.04243789,-0.06283830518,-0.02752378101,0.01437574975,-0.02952968647
29.16708354,-0.06277059749,-0.02598996399,0.01391134546,-0.03030729677
29.2917292,-0.06263404437,-0.02441679159,0.01344669945,-0.03099072705
29.41637485,-0.06242694932,-0.02280543766,0.01298264487,-0.03157493254
29.54102051,-0.06214761582,-0.02115707604,0.01252001485,-0.03205486848
29.66566617,-0.06179434735,-0.01947288057,0.01205964253,-0.03242549012
29.79031182,-0.06136544741,-0.01775402508,0.01160236105,-0.0326817527
29.91495748,-0.06085921947,-0.01600168343,0.01114900354,-0.03281861145
30.03960313,-0.06027396702,-0.01421702944,0.01070040315,-0.03283102163
30.16424879,-0.05960799356,-0.01240123697,0.010257393,-0.03271393847
30.28889445,-0.05885960257,-0.01055547986,0.009820806238,-0.03246231721
30.4135401,-0.05802709752,-0.008680931937,0.009391475998,-0.0320711131
30.53818576,-0.05710878192,-0.006778767052,0.008970235418,-0.03153528137
30.66283142,-0.05610295924,-0.004850159043,0.008557917634,-0.03084977727
30.78747707,-0.05500793297,-0.002896281753,0.008155355784,-0.03000955605
30.91212273,-0.0538220066,-0.0009183090214,0.007763383005,-0.02900957293
31.03676838,-0.05254348361,0.00108258531,0.007382832434,-0.02784478317
31.16141404,-0.05117066749,0.0031052274,0.007014537208,-0.026510142
31.2860597,-0.04970186173,0.005148443408,0.006659330465,-0.02500060467
31.41070535,-0.04813536981,0.007211059492,0.00631804534,-0.02331112642
31.53535101,-0.04646949522,0.009291901812,0.005991514972,-0.02143666249
31.65999666,-0.04470254144,0.01138979653,0.005680572497,-0.01937216811
31.78464232,-0.04283281197,0.01350356979,0.005386051053,-0.01711259854
31.90928798,-0.04085861028,0.01563204777,0.005108783777,-0.01465290902
32.03393363,-0.03877823986,0.01777405663,0.004849603805,-0.01198805478
32.15857929,-0.0365900042,0.01992842251,0.004609344275,-0.009112991068
32.28322495,-0.03429220679,0.02209397158,0.004388838324,-0.006022673125
32.4078706,-0.03188315111,0.02426953,0.004188919089,-0.002712056193
32.53251626,-0.02936562394,0.02645121033,0.004012626987,0.0008106940124
32.65716191,-0.02682992117,0.02858299925,0.003904820255,0.004280931314
32.78180757,-0.02431276399,0.03064335275,0.003880903968,0.007595210667
32.90645323,-0.02181512576,0.03263265259,0.003938248345,0.01075589345
33.03109888,-0.01933797984,0.0345512805,0.004074223607,0.01376534103
33.15574454,-0.01688229961,0.03639961822,0.004286199973,0.01662591479
33.2803902,-0.01444905842,0.0381780475,0.004571547666,0.01933997611
33.40503585,-0.01203922963,0.03988695008,0.004927636904,0.02190988636
33.52968151,-0.009653786608,0.04152670769,0.005351837907,0.02433800693
33.65432716,-0.00729370272,0.04309770208,0.005841520897,0.02662669918
33.77897282,-0.004959951327,0.04460031499,0.006394056094,0.02877832449
33.90361848,-0.002653505791,0.04603492815,0.007006813718,0.03079524424
34.02826413,-0.0003753394769,0.04740192332,0.007677163989,0.03267981982
34.15290979,0.001873574253,0.04870168223,0.008402477127,0.03443441258
34.27755544,0.004092262037,0.04993458661,0.009180123353,0.03606138392
34.4022011,0.006279750509,0.05110101822,0.01000747289,0.0375630952
34.52684676,0.008435066309,0.0522013588,0.01088189595,0.03894190781
34.65149241,0.01055723607,0.05323599008,0.01180076276,0.04020018312
34.77613807,0.01264528643,0.0542052938,0.01276144354,0.0413402825
34.90078373,0.01469824403,0.05510965171,0.01376130851,0.04236456734
35.02542938,0.01671513551,0.05594944554,0.01479772789,0.04327539901
35.15007504,0.01869498749,0.05672505704,0.0158680719,0.04407513889
35.27472069,0.02063682663,0.05743686795,0.01696971076,0.04476614835
35.39936635,0.02253967954,0.05808526001,0.01810001469,0.04535078877
35.52401201,0.02440257288,0.05867061496,0.01925635392,0.04583142154
35.64865766,0.02622453328,0.05919331453,0.02043609865,0.04621040801
35.77330332,0.02800458737,0.05965374048,0.02163661911,0.04649010958
35.89794897,0.0297417618,0.06005227455,0.02285528553,0.04667288761
36.02259463,0.03143508319,0.06038929846,0.02408946812,0.04676110349
36.14724029,0.03308357819,0.06066519397,0.0253365371,0.04675711859
36.27188594,0.03468627343,0.06088034281,0.02659386269,0.04666329429
36.3965316,0.03624219555,0.06103512673,0.02785881512,0.04648199196
36.52117726,0.03775037119,0.06112992746,0.0291287646,0.04621557299
36.64582291,0.03920982698,0.06116512675,0.03040108136,0.04586639874
36.77046857,0.04061958956,0.06114110634,0.0316731356,0.0454368306
36.89511422,0.04197868557,0.06105824797,0.03294229757,0.04492922993
37.01975988,0.04328614164,0.06091693338,0.03420593747,0.04434595813
37.14440554,0.04454098442,0.0607175443,0.03546142552,0.04368937656
37.26905119,0.04574224053,0.06046046249,0.03670613195,0.04296184661
37.39369685,0.04688893661,0.06014606968,0.03793742697,0.04216572964
37.5183425,0.04798009931,0.05977474761,0.03915268081,0.04130338704
37.64298816,0.04901475526,0.05934687803,0.04034926368,0.04037718017
37.76763382,0.04999193109,0.05886284267,0.04152454582,0.03938947043
37.89227947,0.05091065344,0.05832302327,0.04267589743,0.03834261918
38.01692513,0.05176994895,0.05772780158,0.04380068873,0.03723898781
38.14157079,0.05256884426,0.05707755934,0.04489628996,0.03608093768
38.26621644,0.053306366,0.05637267829,0.04596007132,0.03487083018
38.3908621,0.0539815408,0.05561354016,0.04698940304,0.03361102668
38.51550775,0.05459339532,0.0548005267,0.04798165534,0.03230388856
38.64015341,0.05514095618,0.05393401966,0.04893419843,0.0309517772
38.76479907,0.05562325002,0.05301440076,0.04984440255,0.02955705396
38.88944472,0.05603930347,0.05204205176,0.05070963791,0.02812208024
39.01409038,0.05638814318,0.05101735438,0.05152727472,0.0266492174
39.13873603,0.05666879578,0.04994069038,0.05229468322,0.02514082682
39.26338169,0.05688028791,0.0488124415,0.05300923361,0.02359926989
39.38802735,0.0570216462,0.04763298947,0.05366829613,0.02202690797
39.512673,0.0570918973,0.04640271603,0.05426924099,0.02042610244
39.63731866,0.05709006783,0.04512200294,0.0548094384,0.01879921468
39.76196432,0.05701518444,0.04379123192,0.0552862586,0.01714860607
39.88660997,0.05686627375,0.04241078471,0.05569707181,0.01547663798
40.01125563,0.05664236242,0.04098104307,0.05603924823,0.01378567178
40.13590128,0.05634247708,0.03950238873,0.0563101581,0.01207806887
40.26054694,0.05596564435,0.03797520342,0.05650717162,0.01035619061
40.3851926,0.05551089089,0.0363998689,0.05662765904,0.008622398373
40.50983825,0.05497724332,0.0347767669,0.05666899055,0.006879053546
40.63448391,0.05436372828,0.03310627917,0.05662853639,0.005128517502
40.75912956,0.05366937242,0.03138878743,0.05650366678,0.003373151618
40.88377522,0.05289320236,0.02962467345,0.05629175192,0.00161531727
41.00842088,0.05203424475,0.02781431894,0.05599016206,-0.0001426241647
41.13306653,0.05109152621,0.02595810567,0.05559626739,-0.00189831131
41.25771219,0.0500640734,0.02405641536,0.05510743816,-0.003649382789
41.38235785,0.04895091293,0.02210962976,0.05452104457,-0.005393477224
41.5070035,0.04775107146,0.02011813061,0.05383445684,-0.00712823324
41.63164916,0.04646357562,0.01808229964,0.0530450452,-0.008851289459
41.75629481,0.04508745204,0.01600251861,0.05215017987,-0.0105602845
41.88094047,0.04362172737,0.01387916925,0.05114723106,-0.012252857
42.00558613,0.04206542823,0.0117126333,0.050033569,-0.01392664557
42.13023178,0.04041758127,0.009503292504,0.04880656391,-0.01557928883
42.25487744,0.03867721312,0.007251528601,0.04746358601,-0.01720842542
42.37952309,0.03684335042,0.004957723333,0.04600200551,-0.01881169395
42.50416875,0.03491501981,0.00262225844,0.04441919265,-0.02038673304
42.62881441,0.03289124792,0.0002455156634,0.04271251763,-0.02193118133
42.75346006,0.03077106139,-0.002172123257,0.04087935068,-0.02344267742
42.87810572,0.02855348685,-0.004630276579,0.03891706202,-0.02491885996
43.00275138,0.02623755095,-0.007128562563,0.03682302187,-0.02635736755
43.12739703,0.02382228032,-0.009666599467,0.03459460045,-0.02775583883
43.25204269,0.0213067016,-0.01224400555,0.03222916798,-0.02911191241
43.37668834,0.01870452178,-0.0148508716,0.0297409321,-0.03042363802
43.501334,0.01619052703,-0.01737308312,0.02732943286,-0.03169441752
43.62597966,0.01381340876,-0.0197790522,0.02505079783,-0.0329258621
43.75062531,0.01157009933,-0.02207086057,0.02290192723,-0.03411833053
43.87527097,0.009457531063,-0.02425058998,0.02087972126,-0.03527218155
43.99991662,0.007472636297,-0.02632032216,0.01898108013,-0.03638777392
44.12456228,0.00561234737,-0.02828213886,0.01720290403,-0.0374654664
44.24920794,0.003873596621,-0.03013812182,0.01554209318,-0.03850561773
44.37385359,0.002253316384,-0.03189035278,0.01399554778,-0.03950858666
44.49849925,0.0007484389991,-0.03354091349,0.01256016804,-0.04047473196
44.62314491,-0.0006441031982,-0.03509188568,0.01123285415,-0.04140441237
44.74779056,-0.00192737787,-0.0365453511,0.01001050634,-0.04229798665
44.87243622,-0.00310445268,-0.03790339148,0.008890024796,-0.04315581355
44.99708187,-0.004178395291,-0.03916808858,0.007868309732,-0.04397825182
45.12172753,-0.005152273365,-0.04034152413,0.006942261352,-0.04476566022
45.24637319,-0.006029154565,-0.04142577988,0.006108779861,-0.0455183975
45.37101884,-0.006812106554,-0.04242293757,0.005364765464,-0.04623682241
45.4956645,-0.007504196995,-0.04333507893,0.004707118367,-0.0469212937
45.62031016,-0.008108493551,-0.04416428572,0.004132738776,-0.04757217014
45.74495581,-0.008628063885,-0.04491263966,0.003638526895,-0.04818981047
45.86960147,-0.009065975659,-0.04558222251,0.003221382931,-0.04877457344
45.99424712,-0.009425296537,-0.04617511601,0.002878207089,-0.04932681781
46.11889278,-0.009709094181,-0.0466934019,0.002605899574,-0.04984690234
46.24353844,-0.009920436254,-0.04713916191,0.002401360592,-0.05033518576
46.36818409,-0.01006239042,-0.0475144778,0.002261490348,-0.05079202685
46.49282975,-0.01013802434,-0.04782143131,0.002183189048,-0.05121778434
46.6174754,-0.01015040568,-0.04806210417,0.002163356896,-0.051612817
46.74212106,-0.01010260209,-0.04823857812,0.0021988941,-0.05197748358
46.86676672,-0.009997681255,-0.04835293492,0.002286700863,-0.05231214283
46.99141237,-0.009838710822,-0.0484072563,0.002423677392,-0.0526171535
47.11605803,-0.009628758459,-0.048403624,0.002606723892,-0.05289287434
47.24070369,-0.009370891827,-0.04834411976,0.002832740568,-0.05313966412
47.36534934,-0.00906817859,-0.04823082534,0.003098627626,-0.05335788158
47.489995,-0.008723686411,-0.04806582246,0.003401285272,-0.05354788547
47.61464065,-0.008340482952,-0.04785119288,0.00373761371,-0.05371003455
47.73928631,-0.007921635877,-0.04758901832,0.004104513146,-0.05384468758
47.86393197,-0.007470212848,-0.04728138054,0.004498883786,-0.0539522033
47.98857762,-0.006989281527,-0.04693036128,0.004917625835,-0.05403294046
48.11322328,-0.006481909579,-0.04653804228,0.005357639499,-0.05408725783
48.23786893,-0.005951164665,-0.04610650528,0.005815824983,-0.05411551415
48.36251459,-0.005400114449,-0.04563783202,0.006289082493,-0.05411806818
48.48716025,-0.004831826594,-0.04513410424,0.006774312233,-0.05409527867
48.6118059,-0.004249368761,-0.04459740369,0.00726841441,-0.05404750438
48.73645156,-0.003655808615,-0.04402981211,0.007768289228,-0.05397510405
48.86109722,-0.003054213818,-0.04343341124,0.008270836895,-0.05387843644
48.98574287,-0.002447652033,-0.04281028282,0.008772957613,-0.0537578603
49.11038853,-0.001839190922,-0.0421625086,0.009271551591,-0.05361373439
49.23503418,-0.001231898149,-0.04149217031,0.009763519031,-0.05344641745
49.35967984,-0.0006288413765,-0.04080134969,0.01024576014,-0.05325626825
49.4843255,-3.308826705e-05,-0.0400921285,0.01071517513,-0.05304364554
49.60897115,0.0005522935162,-0.03936658847,0.01116866419,-0.05280890806
49.73361681,0.001124236311,-0.03862681134,0.01160312754,-0.05255241458
49.85826246,0.001679672453,-0.03787487886,0.01201546538,-0.05227452384
49.98290812,0.002215534281,-0.03711287276,0.01240257792,-0.05197559459
50.10755378,0.002728754131,-0.03634287479,0.01276136536,-0.0516559856
50.23219943,0.003216264341,-0.03556696669,0.01308872791,-0.05131605561
50.35684509,0.003674997248,-0.03478723021,0.01338156577,-0.05095616338
50.48149075,0.004101885189,-0.03400574708,0.01363677915,-0.05057666766
50.6061364,0.0044938605,-0.03322459905,0.01385126825,-0.0501779272
50.73078206,0.00484785552,-0.03244586785,0.01402193328,-0.04976030076
50.85542771,0.005160802586,-0.03167163524,0.01414567444,-0.04932414709
50.98007337,0.005429634033,-0.03090398294,0.01421939195,-0.04886982494
51.10471903,0.005651282201,-0.03014499271,0.014239986,-0.04839769306
51.22936468,0.005822679425,-0.02939674629,0.01420435681,-0.04790811021
51.35401034,0.005940758043,-0.02866132542,0.01410940456,-0.04740143515
51.47865599,0.006002450393,-0.02794081183,0.01395202949,-0.04687802662
51.60330165,0.00600468881,-0.02723728728,0.01372913177,-0.04633824338
51.72794731,0.005944405633,-0.0265528335,0.01343761164,-0.04578244418
51.85259296,0.005818533199,-0.02588953223,0.01307436928,-0.04521098778
51.97723862,0.005624003844,-0.02524946522,0.0126363049,-0.04462423292
52.10188428,0.005357749906,-0.02463471422,0.01212031871,-0.04402253836
52.22652993,0.005016703722,-0.02404736095,0.01152331092,-0.04340626285
52.35117559,0.004597797629,-0.02348948716,0.01084218173,-0.04277576516
52.47582124,0.004097963964,-0.0229631746,0.01007383134,-0.04213140402
52.6004669,0.003514135065,-0.02247050501,0.009215159965,-0.04147353819
52.72511256,0.002843243269,-0.02201356012,0.008263067806,-0.04080252644
52.84975821,0.002082220912,-0.02159442169,0.007214455069,-0.0401187275
52.97440387,0.001228000332,-0.02121517145,0.00606622196,-0.03942250013
53.09904952,0.0002775138657,-0.02087789114,0.004815268683,-0.03871420308
53.22369518,-0.0007723061492,-0.02058466251,0.003458495445,-0.03799419512
53.34834084,-0.001924527376,-0.02033756729,0.00199280245,-0.03726283499
53.47298649,-0.003182217477,-0.02013868724,0.0004150899049,-0.03652048144
53.59763215,-0.004548444115,-0.01999010409,-0.001277741986,-0.03576749323
53.72227781,-0.006026274954,-0.01989389958,-0.003088793016,-0.03500422911
53.84692346,-0.007618777656,-0.01985215546,-0.00502116298,-0.03423104783
53.97156912,-0.009329019884,-0.01986695346,-0.007077951674,-0.03344830816
54.09621477,-0.0111600693,-0.01994037534,-0.009262258891,-0.03265636883
54.22086043,-0.0130927017,-0.02005960157,-0.01155821888,-0.03185857242
54.34550609,-0.01495375276,-0.02010946137,-0.01381840998,-0.03107846498
54.47015174,-0.01670765333,-0.02006773188,-0.0160114429,-0.03032046808
54.5947974,-0.01835645333,-0.01993742275,-0.01813784304,-0.02958390554
54.71944305,-0.01990220268,-0.01972154364,-0.02019813581,-0.02886810118
54.84408871,-0.02134695129,-0.01942310419,-0.02219284661,-0.02817237883
54.96873437,-0.02269274909,-0.01904511407,-0.02412250084,-0.0274960623
55.09338002,-0.02394164599,-0.01859058294,-0.02598762391,-0.02683847542
55.21802568,-0.02509569191,-0.01806252044,-0.02778874123,-0.026198942
55.34267134,-0.02615693677,-0.01746393624,-0.02952637819,-0.02557678586
55.46731699,-0.02712743048,-0.01679783999,-0.03120106021,-0.02497133083
55.59196265,-0.02800922296,-0.01606724135,-0.03281331268,-0.02438190073
55.7166083,-0.02880436414,-0.01527514996,-0.03436366101,-0.02380781937
55.84125396,-0.02951490393,-0.0144245755,-0.03585263061,-0.02324841058
55.96589962,-0.03014289224,-0.0135185276,-0.03728074688,-0.02270299818
56.09054527,-0.030690379,-0.01256001594,-0.03864853523,-0.02217090598
56.21519093,-0.03115941412,-0.01155205016,-0.03995652105,-0.02165145781
56.33983658,-0.03155204752,-0.01049763993,-0.04120522976,-0.02114397749
56.46448224,-0.03187032912,-0.009399794888,-0.04239518675,-0.02064778884
56.5891279,-0.03211630884,-0.008261524701,-0.04352691743,-0.02016221567
56.71377355,-0.03229203659,-0.007085839023,-0.04460094722,-0.01968658182
56.83841921,-0.0323995623,-0.005875747508,-0.0456178015,-0.01922021109
56.96306487,-0.03244093588,-0.004634259814,-0.04657800568,-0.01876242731
57.08771052,-0.03241820724,-0.003364385596,-0.04748208518,-0.0183125543
57.21235618,-0.03233342632,-0.00206913451,-0.04833056539,-0.01786991588
57.33700183,-0.03218864302,-0.0007515162112,-0.04912397172,-0.01743383587
57.46164749,-0.03198590726,0.0005854596442,-0.04986282957,-0.01700363809
57.58629315,-0.03172726896,0.0019387834,-0.05054766435,-0.01657864636
57.7109388,-0.03141477804,0.003305445401,-0.05117900146,-0.0161581845
57.83558446,-0.03105048441,0.004682435992,-0.0517573663,-0.01574157634
57.96023012,-0.030636438,0.006066745515,-0.05228328429,-0.01532814569
58.08487577,-0.03017468873,0.007455364317,-0.05275728082,-0.01491721636
58.20952143,-0.0296672865,0.008845282739,-0.05317988129,-0.01450811219
58.33416708,-0.02911628124,0.01023349113,-0.05355161112,-0.014100157
58.45881274,-0.02852372287,0.01161697983,-0.05387299571,-0.01369267459
58.5834584,-0.0278916613,0.01299273918,-0.05414456046,-0.0132849888
58.70810405,-0.02722214645,0.01435775953,-0.05436683078,-0.01287642344
58.83274971,-0.02651722825,0.01570903123,-0.05454033207,-0.01246630234
58.95739536,-0.0257789566,0.01704354461,-0.05466558973,-0.01205394931
59.08204102,-0.02500938143,0.01835829002,-0.05474312918,-0.01163868818
59.20668668,-0.02421055265,0.0196502578,-0.0547734758,-0.01121984276
59.33133233,-0.02338452019,0.02091643831,-0.05475715502,-0.01079673687
59.45597799,-0.02253333395,0.02215382188,-0.05469469222,-0.01036869435
59.58062365,-0.02165904386,0.02335939886,-0.05458661283,-0.009935038993
59.7052693,-0.02076369984,0.02453015959,-0.05443344224,-0.009495094637
59.82991496,-0.0198493518,0.02566309441,-0.05423570585,-0.009048185096
59.95456061,-0.01891804966,0.02675519368,-0.05399392907,-0.008593634193
60.07920627,-0.01797184334,0.02780344773,-0.05370863731,-0.008130765747
60.20385193,-0.01701278276,0.02880484691,-0.05338035596,-0.007658903578
60.32849758,-0.01604291784,0.02975638156,-0.05300961044,-0.007177371507
60.45314324,-0.01506429849,0.03065504203,-0.05259692615,-0.006685493354
60.57778889,-0.01407897463,0.03149781866,-0.05214282849,-0.006182592939
60.70243455,-0.01308899618,0.03228170179,-0.05164784286,-0.005667994083
60.82708021,-0.01209641305,0.03300368178,-0.05111249468,-0.005141020606
60.95172586,-0.01110327518,0.03366074895,-0.05053730934,-0.004600996328
61.07637152,-0.01011163246,0.03424989367,-0.04992281225,-0.00404724507
61.20101718,-0.009123534826,0.03476810627,-0.04926952882,-0.003479090652
61.32566283,-0.008141032192,0.03521237709,-0.04857798444,-0.002895856894
61.45030849,-0.007166174474,0.03557969649,-0.04784870453,-0.002296867617
61.57495414,-0.006201011591,0.03586705479,-0.04708221448,-0.001681446641
61.6995998,-0.005247593461,0.03607144236,-0.04627903971,-0.001048917786
61.82424546,-0.004307970002,0.03618984953,-0.04543970561,-0.0003986048723
61.94889111,-0.003384191131,0.03621926665,-0.04456473759,0.0002701682794
62.07353677,-0.002478306768,0.03615668406,-0.04365466105,0.0009580778489
62.19818242,-0.001592366829,0.03599909211,-0.04271000141,0.001665800016
62.32282808,-0.0007284212326,0.03574348113,-0.04173128406,0.00239401096
62.44747374,0.0001114801031,0.03538684148,-0.04071903441,0.003143386861
62.57211939,0.0009252872602,0.03492616349,-0.03967377786,0.003914603899
62.69676505,0.001710950321,0.03435843752,-0.03859603981,0.004708338253
62.82141071,0.002466419367,0.03368065391,-0.03748634568,0.005525266103
62.94605636,0.003189644481,0.03288980299,-0.03634522086,0.006366063628
63.07070202,0.003878575744,0.03198287512,-0.03517319076,0.007231407009
63.19534767,0.004531163239,0.03095686064,-0.03397078079,0.008121972425
63.31999333,0.005145357048,0.0298087499,-0.03273851634,0.009038436055
63.44463899,0.005719107253,0.02853553322,-0.03147692283,0.00998147408
63.56928464,0.006250363936,0.02713420098,-0.03018652565,0.01095176268
63.6939303,0.006737077178,0.02560174349,-0.02886785022,0.01194997803
63.81857595,0.007177197063,0.02393515112,-0.02752142193,0.01297679632
63.94322161,0.007568673671,0.0221314142,-0.0261477662,0.01403289372
64.06786727,0.007909457086,0.02018752308,-0.02474740842,0.01511894641
64.19251292,0.008197497389,0.0181004681,-0.02332087399,0.01623563057
64.31715858,0.008430744662,0.01586723961,-0.02186868833,0.01738362239
64.44180424,0.008607148987,0.01348482795,-0.02039137684,0.01856359804
64.56644989,0.008724660446,0.01095022346,-0.01888946492,0.0197762337
64.69109555,0.008781229122,0.008260416493,-0.01736347798,0.02102220555
64.8157412,0.008774805096,0.005412397389,-0.01581394142,0.02230218977
64.94038686,0.008703338451,0.002403156492,-0.01424138065,0.02361686254
65.06503252,0.008573188913,-0.0007223967468,-0.01265696434,0.024960814
65.18967817,0.008429526273,-0.00370374912,-0.01111919374,0.02630060939
65.31432383,0.008279630652,-0.006504554564,-0.009635952192,0.02763032691
65.43896948,0.008123805449,-0.009128768427,-0.008206116878,0.02894909988
65.56361514,0.007962354062,-0.01158034606,-0.006828564994,0.03025606165
65.6882608,0.007795579888,-0.0138632428,-0.005502173732,0.03155034557
65.81290645,0.007623786327,-0.01598141401,-0.004225820285,0.03283108497
65.93755211,0.007447276775,-0.01793881503,-0.002998381845,0.0340974132
66.06219777,0.007266354631,-0.01973940121,-0.001818735605,0.03534846358
66.18684342,0.007081323292,-0.02138712789,-0.0006857587558,0.03658336948
66.31148908,0.006892486158,-0.02288595043,0.0004016715092,0.03780126421
66.43613473,0.006700146626,-0.02423982417,0.001444677998,0.03900128114
66.56078039,0.006504608094,-0.02545270447,0.002444383518,0.04018255358
66.68542605,0.00630617396,-0.02652854666,0.003401910877,0.0413442149
66.8100717,0.006105147622,-0.0274713061,0.004318382882,0.04248539842
66.93471736,0.005901832479,-0.02828493814,0.005194922342,0.04360523749
67.05936301,0.005696531927,-0.02897339811,0.006032652064,0.04470286544
67.18400867,0.005489549366,-0.02954064139,0.006832694856,0.04577741563
67.30865433,0.005281188193,-0.0299906233,0.007596173525,0.04682802138
67.43329998,0.005071751807,-0.03032729919,0.008324210879,0.04785381604
67.55794564,0.004861543604,-0.03055462443,0.009017929725,0.04885393295
67.6825913,0.004650866985,-0.03067655434,0.009678452873,0.04982750545
67.80723695,0.004440025346,-0.03069704429,0.01030690313,0.05077366688
67.93188261,0.004229322085,-0.03062004962,0.0109044033,0.05169155058
68.05652826,0.004019060601,-0.03044952568,0.01147207619,0.05258028989
68.18117392,0.003809544291,-0.03018942781,0.01201104462,0.05343901815
68.30581958,0.003601076554,-0.02984371136,0.01252243138,0.05426686871
68.43046523,0.003393960788,-0.02941633169,0.01300735929,0.0550629749
68.55511089,0.003188500391,-0.02891124414,0.01346695116,0.05582647006
68.67975654,0.00298499876,-0.02833240405,0.01390232978,0.05655648754
68.8044022,0.002783759294,-0.02768376678,0.01431461798,0.05725216067
68.92904786,0.002585085391,-0.02696928768,0.01470493855,0.05791262279
69.05369351,0.002389280449,-0.02619292209,0.01507441431,0.05853700725
69.17833917,0.002196647866,-0.02535862536,0.01542416806,0.05912444738
69.30298483,0.00200749104,-0.02447035283,0.01575532261,0.05967407653
69.42763048,0.001822113369,-0.02353205986,0.01606900077,0.06018502804
69.55227614,0.001640818251,-0.0225477018,0.01636632534,0.06065643524
69.67692179,0.001463909084,-0.02152123399,0.01664841914,0.06108743148
69.80156745,0.001291689266,-0.02045661178,0.01691640496,0.0614771501
69.92621311,0.001124462195,-0.01935779052,0.01717140563,0.06182472444
70.05085876,0.0009625312701,-0.01822872555,0.01741454394,0.06212928783
70.17550442,0.0008061998881,-0.01707337223,0.01764694271,0.06238997363
70.30015008,0.0006557714473,-0.0158956859,0.01786972473,0.06260591516
70.42479573,0.000511549346,-0.01469962191,0.01808401283,0.06277624577
70.54944139,0.000373836982,-0.01348913561,0.0182909298,0.06290009881
70.67408704,0.0002429377535,-0.01226818235,0.01849159846,0.0629766076
70.7987327,0.0001191550585,-0.01104071747,0.01868714161,0.0630049055
70.92337836,2.792295003e-06,-0.00981069633,0.01887868206,0.06298412584
71.04802401,-0.0001058471389,-0.008582074266,0.01906734262,0.06291340196
71.17266967,-0.0002064598452,-0.007358806631,0.01925424609,0.0627918672
71.29731532,-0.0002987424258,-0.006144848773,0.01944051529,0.06261865491
71.42196098,-0.0003823914827,-0.00494415604,0.01962727301,0.06239289842
71.54660664,-0.0004571036179,-0.00376068378,0.01981564208,0.06211373107
71.67125229,-0.0005225754333,-0.002598387342,0.02000674528,0.06178028621
71.79589795,-0.0005785035308,-0.001461222072,0.02020170545,0.06139169718
71.92054361,-0.0006245845125,-0.0003531433198,0.02040164537,0.06094709731
72.04518926,-0.0006605149802,0.0007218935673,0.02060768787,0.06044561994
72.16983492,-0.000685991536,0.001759933241,0.02082095574,0.05988639843
72.29448057,-0.0007007107818,0.002757020353,0.02104257179,0.0592685661
72.41912623,-0.0007043693196,0.003709199556,0.02127365884,0.05859125629
72.54377189,-0.0006966637513,0.004612515502,0.02151533968,0.05785360236
72.66841754,-0.0006772906788,0.005463012842,0.02176873713,0.05705473763
72.7930632,-0.0006459467042,0.006256736229,0.022034974,0.05619379545
72.91770885,-0.0006023284293,0.006989730313,0.02231517309,0.05526990916
73.04235451,-0.0005461324562,0.007658039749,0.02261045721,0.05428221211
73.16700017,-0.0004770553868,0.008257709186,0.02292194917,0.05322983762
73.29164582,-0.0003947938231,0.008784783278,0.02325077178,0.05211191904
73.41629148,-0.000299044367,0.009235306676,0.02359804783,0.05092758971
73.54093714,-0.0001895036205,0.009605324033,0.02396490015,0.04967598298
73.66558279,-6.586818545e-05,0.009890879999,0.02435245154,0.04835623217
73.79022845,7.216533606e-05,0.01008801923,0.0247618248,0.04696747064
73.9148741,0.0002249003421,0.01019278637,0.02519414275,0.04550883172
74.03951976,0.0003926402308,0.01020122608,0.02565052819,0.04397944876
74.16416542,0.0005756884001,0.010109383,0.02613210393,0.04237845509
74.28881107,0.000774348248,0.009913301801,0.02663999277,0.04070498405
74.41345673,0.0009889231727,0.009609027119,0.02717531753,0.03895816899
74.53810238,0.001219716572,0.009192603611,0.02773920101,0.03713714325
74.66274804,0.001467031844,0.008660075929,0.02833276603,0.03524104016
74.7873937,0.001731172387,0.008007488724,0.02895713538,0.03326899306
74.91203935,0.002012441599,0.007230886649,0.02961343187,0.0312201353
75.03668501,0.002311142878,0.006326314356,0.03030277832,0.02909360022
75.16133067,0.002627579622,0.005289816496,0.03102629753,0.02688852116
75.28597632,0.002962055229,0.004117437722,0.03178511231,0.02460403146
75.41062198,0.003314873097,0.002805222685,0.03258034546,0.02223926445
75.53526763,0.003686336624,0.001349216038,0.0334131198,0.01979335348
75.65991329,0.004076749208,-0.0002545375682,0.03428455812,0.01726543189
75.78455895,0.004486414248,-0.002009993481,0.03519578325,0.01465463303
75.9092046,0.004898670516,-0.003878888772,0.03613974656,0.01199784934
76.03385026,0.005246947304,-0.005695599,0.0370841566,0.009443971869
76.15849591,0.005526174507,-0.007443575579,0.03802483069,0.007006155123
76.28314157,0.005738335791,-0.009123637224,0.03896091259,0.004681907601
76.40778723,0.005885414822,-0.01073660265,0.03989154607,0.002468737802
76.53243288,0.005969395265,-0.01228329058,0.0408158749,0.0003641542291
76.65707854,0.005992260788,-0.01376451972,0.04173304285,-0.001634334618
76.7817242,0.005955995055,-0.0151811088,0.04264219368,-0.003529220238
76.90636985,0.005862581733,-0.01653387652,0.04354247116,-0.005322994129
77.03101551,0.005714004487,-0.01782364161,0.04443301905,-0.007018147792
77.15566116,0.005512246984,-0.01905122278,0.04531298114,-0.008617172723
77.28030682,0.00525929289,-0.02021743874,0.04618150117,-0.01012256042
77.40495248,0.00495712587,-0.02132310822,0.04703772293,-0.01153680239
77.52959813,0.004607729591,-0.02236904992,0.04788079018,-0.01286239013
77.65424379,0.004213087719,-0.02335608257,0.04870984668,-0.01410181513
77.77888944,0.003775183918,-0.02428502489,0.0495240362,-0.01525756889
77.9035351,0.003296001857,-0.02515669558,0.05032250252,-0.01633214292
78.02818076,0.002777525199,-0.02597191336,0.0511043894,-0.01732802871
78.15282641,0.002221737612,-0.02673149696,0.0518688406,-0.01824771776
78.27747207,0.001630622761,-0.02743626508,0.0526149999,-0.01909370157
78.40211773,0.001006164313,-0.02808703644,0.05334201106,-0.01986847164
78.52676338,0.0003503459326,-0.02868462976,0.05404901785,-0.02057451947
78.65140904,-0.0003348487135,-0.02922986376,0.05473516403,-0.02121433656
78.77605469,-0.001047435959,-0.02972355714,0.05539959339,-0.0217904144
78.90070035,-0.001785432139,-0.03016652864,0.05604144967,-0.0223052445
79.02534601,-0.002546853587,-0.03055959696,0.05665987665,-0.02276131835
79.14999166,-0.003329716637,-0.03090358082,0.0572540181,-0.02316112746
79.27463732,-0.004132037622,-0.03119929893,0.05782301779,-0.02350716331
79.39928297,-0.004951832878,-0.03144757002,0.05836601948,-0.02380191742
79.52392863,-0.005787118738,-0.03164921279,0.05888216694,-0.02404788128
79.64857429,-0.006635911536,-0.03180504597,0.05937060394,-0.02424754639
79.77321994,-0.007496227606,-0.03191588827,0.05983047424,-0.02440340424
79.8978656,-0.008366083282,-0.03198255841,0.06026092162,-0.02451794634
80.02251126,-0.009243494899,-0.0320058751,0.06066108983,-0.02459366419
80.14715691,-0.01012647879,-0.03198665706,0.06103012266,-0.02463304928
80.27180257,-0.01101305129,-0.03192572301,0.06136716386,-0.02463859312
80.39644822,-0.01190122873,-0.03182389166,0.06167135721,-0.0246127872
80.52109388,-0.01278902745,-0.03168198172,0.06194184646,-0.02455812302
80.64573954,-0.01367446378,-0.03150081192,0.0621777754,-0.02447709208
80.77038519,-0.01455555405,-0.03128120097,0.06237828778,-0.02437218588
80.89503085,-0.0154303146,-0.03102396759,0.06254252738,-0.02424589592
81.0196765,-0.01629676176,-0.03072993049,0.06266963796,-0.02410071369
81.14432216,-0.01715291187,-0.03039990839,0.06275876329,-0.02393913071
81.26896782,-0.01799678126,-0.03003472001,0.06280904713,-0.02376363846
81.39361347,-0.01882638627,-0.02963518405,0.06281963326,-0.02357672844
81.51825913,-0.01963974322,-0.02920211925,0.06278966544,-0.02338089215
81.64290479,-0.02043486846,-0.02873634431,0.06271828745,-0.0231786211
81.76755044,-0.02120977831,-0.02823867795,0.06260464304,-0.02297240678
81.8921961,-0.02196248912,-0.02770993888,0.06244787598,-0.02276474069
82.01684175,-0.02269101721,-0.02715094583,0.06224713005,-0.02255811433
82.14148741,-0.02339337891,-0.02656251751,0.062001549,-0.0223550192
82.26613307,-0.02406759058,-0.02594547263,0.06171027662,-0.02215794679
82.39077872,-0.02471166852,-0.02530062991,0.06137245666,-0.02196938861
82.51542438,-0.02532362909,-0.02462880808,0.0609872329,-0.02179183616
82.64007004,-0.02590148862,-0.02393082583,0.06055374909,-0.02162778093
82.76471569,-0.02644326343,-0.0232075019,0.06007114901,-0.02147971442
82.88936135,-0.02694696986,-0.02245965499,0.05953857643,-0.02135012814
83.014007,-0.02741062426,-0.02168810382,0.05895517512,-0.02124151357
83.13865266,-0.02783224294,-0.02089366711,0.05832008883,-0.02115636223
83.26329832,-0.02820984225,-0.02007716358,0.05763246134,-0.0210971656
83.38794397,-0.02854143852,-0.01923941194,0.05689143642,-0.02106641519
83.51258963,-0.02882504808,-0.01838123091,0.05609615784,-0.0210666025
83.63723528,-0.02905868727,-0.01750343919,0.05524576935,-0.02110021903
83.76188094,-0.02924037242,-0.01660685552,0.05433941474,-0.02116975627
83.8865266,-0.02936811987,-0.01569229861,0.05337623776,-0.02127770572
84.01117225,-0.02943994594,-0.01476058717,0.05235538218,-0.02142655888
84.13581791,-0.02945386698,-0.01381253991,0.05127599178,-0.02161880726
84.26046357,-0.02940789932,-0.01284897556,0.05013721032,-0.02185694235
84.38510922,-0.02930005929,-0.01187071283,0.04893818157,-0.02214345565
84.50975488,-0.02912836322,-0.01087857044,0.04767804929,-0.02248083865
84.63440053,-0.02889082745,-0.009873367099,0.04635595725,-0.02287158286
84.75904619,-0.02858546832,-0.008855921529,0.04497104922,-0.02331817978
84.88369185,-0.02821030215,-0.007827052445,0.04352246897,-0.02382312091
85.0083375,-0.02776334529,-0.006787578563,0.04200936027,-0.02438889774
85.13298316,-0.02724261406,-0.005738318599,0.04043086688,-0.02501800177
85.25762881,-0.0266461248,-0.004680091269,0.03878613257,-0.0257129245
85.38227447,-0.02597189385,-0.003613715289,0.03707430111,-0.02647615744
85.50692013,-0.02521793753,-0.002540009376,0.03529451626,-0.02731019208
85.63156578,-0.02438227219,-0.001459792247,0.0334459218,-0.02821751991
85.75621144,-0.02346291415,-0.0003738826159,0.03152766149,-0.02920063245
85.8808571,-0.02245787975,0.0007169007995,0.02953887909,-0.03026202118
86.00550275,-0.02136518532,0.001811739283,0.02747871839,-0.0314041776
86.13014841,-0.02018284721,0.002909814119,0.02534632313,-0.03262959322
86.25479406,-0.01890888173,0.004010306591,0.0231408371,-0.03394075954
86.37943972,-0.01754130523,0.005112397983,0.02086140406,-0.03534016805
86.50408538,-0.01607813405,0.006215269579,0.01850716778,-0.03683031025
86.62873103,-0.0145173845,0.007318102661,0.01607727202,-0.03841367764
86.75337669,-0.01288411511,0.008399543209,0.01361396436,-0.04005556486
86.87802234,-0.01125728291,0.009399665771,0.01124264036,-0.04164804446
87.002668,-0.009642953966,0.01031638365,0.008969596883,-0.04318441751
87.12731366,-0.008042063341,0.0111515825,0.006792863282,-0.04466507232
87.25195931,-0.006455546114,0.01190714795,0.004710468889,-0.04609039722
87.37660497,-0.004884337359,0.01258496565,0.002720443042,-0.04746078051
87.50125063,-0.003329372151,0.01318692124,0.0008208150793,-0.0487766105
87.62589628,-0.001791585565,0.01371490036,-0.000990385662,-0.05003827552
87.75054194,-0.0002719126738,0.01417078865,-0.002715129844,-0.05124616387
87.87518759,0.001228711447,0.01455647175,-0.004355388129,-0.05240066386
87.99983325,0.002709351723,0.01487383531,-0.005913131178,-0.05350216383
88.12447891,0.004169073079,0.01512476497,-0.007390329655,-0.05455105206
88.24912456,0.005606940442,0.01531114637,-0.008788954222,-0.05554771689
88.37377022,0.007022018737,0.01543486516,-0.01011097554,-0.05649254662
88.49841587,0.00841337289,0.01549780696,-0.01135836427,-0.05738592957
88.62306153,0.009780067825,0.01550185744,-0.01253309108,-0.05822825405
88.74770719,0.01112116847,0.01544890222,-0.01363712663,-0.05901990837
88.87235284,0.01243573975,0.01534082695,-0.01467244158,-0.05976128085
88.9969985,0.01372284658,0.01517951728,-0.01564100659,-0.06045275981
89.12164416,0.01498155391,0.01496685883,-0.01654479232,-0.06109473355
89.24628981,0.01621092664,0.01470473727,-0.01738576945,-0.06168759039
89.37093547,0.01741002971,0.01439503822,-0.01816590862,-0.06223171865
89.49558112,0.01857792804,0.01403964733,-0.0188871805,-0.06272750664
89.62022678,0.01971368656,0.01364045024,-0.01955155576,-0.06317534266
89.74487244,0.02081637019,0.0131993326,-0.02016100506,-0.06357561505
89.86951809,0.02188504386,0.01271818004,-0.02071749905,-0.0639287121
89.99416375,0.0229187725,0.01219887821,-0.02122300841,-0.06423502214
90.1188094,0.02391662102,0.01164331275,-0.02167950379,-0.06449493347
90.24345506,0.02487765436,0.0110533693,-0.02208895585,-0.06470883441
90.36810072,0.02580093743,0.0104309335,-0.02245333526,-0.06487711328
90.49274637,0.02668553518,0.009777890998,-0.02277461268,-0.06500015839
90.61739203,0.02753051252,0.009096127434,-0.02305475878,-0.06507835805
90.74203769,0.02833493437,0.008387528448,-0.02329574421,-0.06511210058
90.86668334,0.02909786567,0.007653979684,-0.02349953963,-0.06510177428
90.991329,0.02981837133,0.006897366782,-0.02366811571,-0.06504776749
91.11597465,0.03049551629,0.006119575385,-0.02380344312,-0.06495046849
91.24062031,0.03112836546,0.005322491135,-0.0239074925,-0.06481026562
91.36526597,0.03171598379,0.004507999674,-0.02398223454,-0.06462754719
91.48991162,0.03225743618,0.003677986643,-0.02402963988,-0.06440270151
91.61455728,0.03275178757,0.002834337685,-0.02405167919,-0.06413611688
91.73920293,0.03319810288,0.001978938442,-0.02405032313,-0.06382818164
91.86384859,0.03359544703,0.001113674555,-0.02402754237,-0.06347928409
91.98849425,0.03394288496,0.0002404316661,-0.02398530757,-0.06308981254
92.1131399,0.03423948159,-0.0006389045824,-0.02392558938,-0.06266015531
92.23778556,0.03448430184,-0.001522448549,-0.02385035847,-0.06219070071
92.36243122,0.03467641064,-0.002408314591,-0.02376158551,-0.06168183705
92.48707687,0.03481487291,-0.003294617067,-0.02366124116,-0.06113395266
92.61172253,0.03489875359,-0.004179470334,-0.02355129607,-0.06054743584
92.73636818,0.03492711759,-0.005060988752,-0.02343372091,-0.05992267491
92.86101384,0.03489902984,-0.005937286678,-0.02331048634,-0.05926005818
92.9856595,0.03481355527,-0.006806478471,-0.02318356303,-0.05855997397
93.11030515,0.0346697588,-0.007666678487,-0.02305492164,-0.05782281058
93.23495081,0.03446670536,-0.008516001086,-0.02292653282,-0.05704895634
93.35959646,0.03420345987,-0.009352560625,-0.02280036725,-0.05623879955
93.48424212,0.03387908726,-0.01017447146,-0.02267839558,-0.05539272854
93.60888778,0.03349265246,-0.01097984796,-0.02256258848,-0.05451113161
93.73353343,0.03304322038,-0.01176680447,-0.0224549166,-0.05359439707
93.85817909,0.03252985596,-0.01253345535,-0.02235735062,-0.05264291325
93.98282475,0.03195162413,-0.01327791496,-0.02227186118,-0.05165706846
94.1074704,0.0313075898,-0.01399829766,-0.02220041896,-0.050637251
94.23211606,0.0305968179,-0.01469271781,-0.02214499462,-0.0495838492
94.35676171,0.02981837336,-0.01535928976,-0.02210755882,-0.04849725137
94.48140737,0.0289713211,-0.01599612788,-0.02209008222,-0.04737784581
94.60605303,0.02805472605,-0.01660134651,-0.02209453549,-0.04622602085
94.73069868,0.02706765313,-0.01717306003,-0.02212288928,-0.0450421648
94.85534434,0.02600916728,-0.01770938278,-0.02217711425,-0.04382666598
94.97998999,0.02487833341,-0.01820842913,-0.02225918108,-0.04257991269
95.10463565,0.02367421645,-0.01866831343,-0.02237106042,-0.04130229325
95.22928131,0.02239588133,-0.01908715004,-0.02251472294,-0.03999419597
95.35392696,0.02104239297,-0.01946305333,-0.02269213929,-0.03865600917
95.47857262,0.01961281629,-0.01979413764,-0.02290528015,-0.03728812116
95.60321828,0.01810621623,-0.02007851733,-0.02315611616,-0.03589092026
95.72786393,0.01652165771,-0.02031430677,-0.023446618,-0.03446479478
95.85250959,0.01485820566,-0.02049962031,-0.02377875633,-0.03301013303
95.97715524,0.01311492499,-0.02063257231,-0.0241545018,-0.03152732333
96.1018009,0.01129088064,-0.02071127713,-0.02457582508,-0.03001675399
96.22644656,0.009385137525,-0.02073384913,-0.02504469684,-0.02847881333
96.35109221,0.00739676058,-0.02069840265,-0.02556308773,-0.02691388965
96.47573787,0.005324814727,-0.02060305208,-0.02613296842,-0.02532237127
96.60038353,0.003168364891,-0.02044591175,-0.02675630957,-0.02370464651
96.72502918,0.000926475998,-0.02022509602,-0.02743508184,-0.02206110369
96.84967484,-0.001401787026,-0.01993871927,-0.0281712559,-0.0203921311
96.97432049,-0.003817359257,-0.01958489584,-0.0289668024,-0.01869811707
97.09896615,-0.006321175768,-0.01916174009,-0.02982369201,-0.01697944992
97.22361181,-0.008914171634,-0.01866736638,-0.03074389539,-0.01523651795
97.34825746,-0.01159728193,-0.01809988908,-0.03172938321,-0.01346970947
97.47290312,-0.01437144173,-0.01745742252,-0.03278212612,-0.01167941282
97.59754877,-0.01717121232,-0.01674164751,-0.03388050581,-0.009890339627
97.72219443,-0.01985272024,-0.01596083644,-0.03497337178,-0.008155361519
97.84684009,-0.02241259457,-0.01511778807,-0.03605806063,-0.006475352164
97.97148574,-0.02485259234,-0.01421506097,-0.03713370682,-0.004849297386
98.0961314,-0.02717447056,-0.01325521371,-0.03819944475,-0.003276183009
98.22077706,-0.02937998624,-0.01224080488,-0.03925440886,-0.001754994856
98.34542271,-0.03147089638,-0.01117439304,-0.04029773358,-0.0002847187532
98.47006837,-0.03344895801,-0.01005853677,-0.04132855334,0.001135659477
98.59471402,-0.03531592812,-0.008895794653,-0.04234600256,0.002507154011
98.71935968,-0.03707356374,-0.007688725251,-0.04334921568,0.003830779024
98.84400534,-0.03872362188,-0.006439887143,-0.04433732711,0.005107548693
98.96865099,-0.04026785955,-0.005151838905,-0.04530947129,0.006338477192
99.09329665,-0.04170803375,-0.003827139112,-0.04626478265,0.0075245787
99.2179423,-0.04304590151,-0.002468346337,-0.04720239562,0.00866686739
99.34258796,-0.04428321983,-0.001078019156,-0.04812144461,0.009766357441
99.46723362,-0.04542174572,0.000341283857,-0.04902106407,0.01082406303
99.59187927,-0.0464632362,0.001787004127,-0.04990038841,0.01184099832
99.71652493,-0.04740944827,0.003256583079,-0.05075855208,0.01281817751
99.84117059,-0.04826213896,0.004747462138,-0.05159468949,0.01375661476
99.96581624,-0.04902306526,0.00625708273,-0.05240793507,0.01465732425
100.0904619,-0.0496939842,0.00778288628,-0.05319742325,0.01552132015
100.2151076,-0.05027665278,0.009322314214,-0.05396228846,0.01634961665
100.3397532,-0.05077282802,0.01087280796,-0.05470166513,0.01714322791
100.4643989,-0.05118426693,0.01243180893,-0.05541468768,0.01790316812
100.5890445,-0.05151272651,0.01399675857,-0.05610049055,0.01863045145
100.7136902,-0.05175996379,0.01556509829,-0.05675820816,0.01932609208
100.8383358,-0.05192773577,0.01713426952,-0.05738697494,0.01999110417
100.9629815,-0.05201779946,0.01870171368,-0.05798592531,0.02062650192
101.0876271,-0.05203191188,0.02026487221,-0.05855419372,0.02123329949
101.2122728,-0.05197183004,0.02182118652,-0.05909091457,0.02181251106
101.3369185,-0.05183931094,0.02336809804,-0.05959522231,0.0223651508
101.4615641,-0.05163611161,0.02490304819,-0.06006625136,0.0228922329
101.5862098,-0.05136398905,0.02642347841,-0.06050313614,0.02339477153
101.7108554,-0.05102470027,0.02792683012,-0.0609050111,0.02387378086
101.8355011,-0.05062000229,0.02941054473,-0.06127101064,0.02433027507
101.9601467,-0.05015165212,0.03087206369,-0.06160026921,0.02476526834
102.0847924,-0.04962140677,0.0323088284,-0.06189192123,0.02517977484
102.2094381,-0.04903102324,0.03371828031,-0.06214510113,0.02557480875
102.3340837,-0.04838225856,0.03509786083,-0.06235894334,0.02595138425
102.4587294,-0.04767686974,0.03644501138,-0.06253258228,0.02631051551
102.583375,-0.04691661378,0.0377571734,-0.06266515238,0.0266532167
102.7080207,-0.04610324769,0.03903178831,-0.06275578807,0.02698050201
102.8326663,-0.0452385285,0.04026629753,-0.06280362379,0.0272933856
102.957312,-0.04432421321,0.0414581425,-0.06280779395,0.02759288166
103.0819576,-0.04336205882,0.04260476462,-0.06276743298,0.02788000436
103.2066033,-0.04235382237,0.04370360534,-0.06268167532,0.02815576788
103.331249,-0.04130126085,0.04475210607,-0.06254965539,0.02842118639
103.4558946,-0.04020613127,0.04574770824,-0.06237050762,0.02867727407
103.5805403,-0.03907019066,0.04668785328,-0.06214336644,0.0289250451
103.7051859,-0.03789519602,0.04756998261,-0.06186736627,0.02916551365
103.8298316,-0.03668290436,0.04839153766,-0.06154164154,0.02939969389
103.9544772,-0.03543507269,0.04914995985,-0.06116532669,0.02962860001
104.0791229,-0.03415345803,0.0498426906,-0.06073755614,0.02985324618
104.2037686,-0.03283981739,0.05046717135,-0.06025746431,0.03007464657
104.3284142,-0.03149590777,0.05102084351,-0.05972418565,0.03029381537
104.4530599,-0.0301234862,0.05150114852,-0.05913685456,0.03051176674
104.5777055,-0.02872430968,0.05190552779,-0.05849460549,0.03072951487
104.7023512,-0.02730013522,0.05223142276,-0.05779657286,0.03094807392
104.8269968,-0.02585271984,0.05247627485,-0.05704189109,0.03116845808
104.9516425,-0.02438382055,0.05263752548,-0.05622969463,0.03139168153
105.0762881,-0.02289519435,0.05271261608,-0.05535911788,0.03161875843
105.2009338,-0.02138859827,0.05269898808,-0.05442929529,0.03185070297
105.3255795,-0.01986578931,0.05259408289,-0.05343936128,0.03208852931
105.4502251,-0.01832852448,0.05239534195,-0.05238845028,0.03233325165
105.5748708,-0.0167785608,0.05210020668,-0.05127569672,0.03258588414
105.6995164,-0.01521765527,0.0517061185,-0.05010023502,0.03284744097
105.8241621,-0.01364756492,0.05121051885,-0.04886119962,0.03311893632
105.9488077,-0.01207004675,0.05061084914,-0.04755772493,0.03340138436
106.0734534,-0.01048685776,0.04990455081,-0.0461889454,0.03369579926
106.198099,-0.008899754986,0.04908906527,-0.04475399544,0.03400319521
106.3227447,-0.007310495424,0.04816183395,-0.04325200949,0.03432458637
106.4473904,-0.00572083609,0.04712029828,-0.04168212197,0.03466098693
106.572036,-0.004132533994,0.04596189968,-0.04004346731,0.03501341106
106.6966817,-0.00254734615,0.04468407958,-0.03833517994,0.03538287294
106.8213273,-0.0009670295676,0.0432842794,-0.03655639429,0.03577038674
106.945973,0.0006066587405,0.04175994058,-0.03470624479,0.03617696663
107.0706186,0.002171961763,0.04010850452,-0.03278386586,0.03660362681
107.1952643,0.003727122488,0.03832741266,-0.03078839193,0.03705138143
107.31991,0.005270383904,0.03641410643,-0.02871895743,0.03752124468
107.4445556,0.006799988999,0.03436602725,-0.02657469679,0.03801423073
107.5692013,0.008314180762,0.03218061654,-0.02435474443,0.03853135377
107.6938469,0.009811202181,0.02985531573,-0.02205823479,0.03907362795
107.8184926,0.01128929624,0.02738756625,-0.0196843023,0.03964206747
107.9431382,0.01274670594,0.02477480952,-0.01723208137,0.0402376865
108.0677839,0.01418167426,0.02201448696,-0.01470070644,0.04086149921
108.1924295,0.01559244418,0.01910404001,-0.01208931194,0.04151451977
108.3170752,0.01697725871,0.01604091008,-0.009397032292,0.04219776238
108.4417209,0.01827404077,0.01292239129,-0.006689903585,0.04290166775
108.5663665,0.01938731276,0.009908772364,-0.004075172968,0.0436089157
108.6910122,0.02032106185,0.007001172972,-0.001552735185,0.04431826445
108.8156578,0.02108065263,0.004198470171,0.0008790224304,0.04502870437
108.9403035,0.02167144968,0.001499541017,0.003221712541,0.04573922584
109.0649491,0.02209881757,-0.001096737436,0.005476947811,0.04644881924
109.1895948,0.02236812089,-0.003591488131,0.007646340904,0.04715647493
109.3142405,0.02248472421,-0.005985834013,0.009731504484,0.04786118331
109.4388861,0.02245399213,-0.008280898025,0.01173405122,0.04856193474
109.5635318,0.02228128922,-0.01047780311,0.01365559376,0.04925771961
109.6881774,0.02197198005,-0.01257767222,0.01549774479,0.04994752828
109.8128231,0.02153142922,-0.01458162829,0.01726211696,0.05063035115
109.9374687,0.0209650013,-0.01649079427,0.01895032294,0.05130517858
110.0621144,0.02027806088,-0.01830629311,0.02056397539,0.05197100095
110.18676,0.01947597253,-0.02002924773,0.02210468697,0.05262680863
110.3114057,0.01856410083,-0.02166078111,0.02357407035,0.05327159202
110.4360514,0.01754781036,-0.02320201616,0.0249737382,0.05390434147
110.560697,0.01643246572,-0.02465407585,0.02630530317,0.05452404738
110.6853427,0.01522343147,-0.02601808311,0.02757037794,0.05512970011
110.8099883,0.01392607219,-0.02729516089,0.02877057516,0.05572029004
110.934634,0.01254575248,-0.02848643213,0.0299075075,0.05629480756
111.0592796,0.0110878369,-0.02959301978,0.03098278763,0.05685224303
111.1839253,0.009557690039,-0.03061604678,0.0319980282,0.05739158683
111.308571,0.007960676481,-0.03155663608,0.03295484188,0.05791182935
111.4332166,0.006302160803,-0.03241591061,0.03385484134,0.05841196095
111.5578623,0.004587507587,-0.03319499334,0.03469963924,0.05889097202
111.6825079,0.002822081412,-0.03389500719,0.03549084824,0.05934785294
111.8071536,0.001011246861,-0.03451707511,0.03623008101,0.05978159407
111.9317992,-0.0008396314868,-0.03506232005,0.03691895021,0.06019118579
112.0564449,-0.00272518905,-0.03553186495,0.0375590685,0.06057561849
112.1810905,-0.004640061249,-0.03592683276,0.03815204856,0.06093388254
112.3057362,-0.006578883502,-0.03624834642,0.03869950303,0.06126496832
112.4303819,-0.008536291228,-0.03649752888,0.0392030446,0.0615678662
112.5550275,-0.01050691985,-0.03667550307,0.03966428592,0.06184156656
112.6796732,-0.01248540478,-0.03678339195,0.04008483965,0.06208505978
112.8043188,-0.01446638144,-0.03682231845,0.04046631846,0.06229733624
112.9289645,-0.01644448526,-0.03679340553,0.04081033502,0.06247738631
113.0536101,-0.01841435164,-0.03669777612,0.04111850198,0.06262420036
113.1782558,-0.02037061601,-0.03653655318,0.04139243202,0.06273676878
113.3029015,-0.02230791379,-0.03631085964,0.04163373779,0.06281408195
113.4275471,-0.0242208804,-0.03602181845,0.04184403196,0.06285513023
113.5521928,-0.02610415126,-0.03567055255,0.04202492719,0.06285890401
113.6768384,-0.02795236178,-0.03525818489,0.04217803615,0.06282439367
113.8014841,-0.02976014739,-0.03478583841,0.0423049715,0.06275058958
113.9261297,-0.0315221435,-0.03425463606,0.04240734591,0.06263648211
114.0507754,-0.03323298554,-0.03366570078,0.04248677204,0.06248106165
114.175421,-0.03488730892,-0.03302015552,0.04254486255,0.06228331857
114.3000667,-0.03647974907,-0.03231912322,0.04258323011,0.06204224325
114.4247124,-0.03800494139,-0.03156372682,0.04260348738,0.06175682606
114.549358,-0.03945752132,-0.03075508926,0.04260724703,0.06142605739
114.6740037,-0.04083212427,-0.02989433351,0.04259612171,0.0610489276
114.7986493,-0.04212338566,-0.02898258248,0.0425717241,0.06062442709
114.923295,-0.04332594091,-0.02802095914,0.04253566686,0.06015154622
115.0479406,-0.04443442543,-0.02701058643,0.04248956264,0.05962927536
115.1725863,-0.04544347466,-0.02595258728,0.04243502413,0.05905660491
115.2972319,-0.046347724,-0.02484808465,0.04237366397,0.05843252523
115.4218776,-0.04714180888,-0.02369820148,0.04230709484,0.0577560267
115.5465233,-0.04782036471,-0.02250406071,0.04223692939,0.0570260997
115.6711689,-0.04837802692,-0.02126678529,0.0421647803,0.05624173461
115.7958146,-0.04880943092,-0.01998749816,0.04209226022,0.05540192179
115.9204602,-0.04910921214,-0.01866732227,0.04202098182,0.05450565164
116.0451059,-0.04927200599,-0.01730738056,0.04195255777,0.05355191453
116.1697515,-0.04929244789,-0.01590879597,0.04188860072,0.05253970082
116.2943972,-0.04916517326,-0.01447269145,0.04183072334,0.05146800091
116.4190429,-0.04888481752,-0.01300018994,0.0417805383,0.05033580517
116.5436885,-0.0484460161,-0.01149241439,0.04173965826,0.04914210397
116.6683342,-0.0478434044,-0.009950487745,0.04170969589,0.04788588769
116.7929798,-0.04707161785,-0.008375532945,0.04169226384,0.04656614671
116.9176255,-0.04612529187,-0.006768672934,0.04168897478,0.0451818714
117.0422711,-0.04499906188,-0.005131030659,0.04170144138,0.04373205215
117.1669168,-0.04368756329,-0.003463729063,0.04173127629,0.04221567933
117.2915624,-0.04218543153,-0.001767891091,0.0417800922,0.04063174331
117.4162081,-0.04048730201,-4.463968641e-05,0.04184950174,0.03897923447
117.5408538,-0.03858781016,0.001704902206,0.0419411176,0.0372571432
117.6654994,-0.03648159139,0.003479611642,0.04205655244,0.03546445986
117.7901451,-0.03416328112,0.005278365676,0.04219741892,0.03360017484
117.9147907,-0.03162751478,0.007100041366,0.0423653297,0.03166327851
118.0394364,-0.02886892778,0.008943515766,0.04256189744,0.02965276125
118.164082,-0.02588215554,0.01080766593,0.04278873482,0.02756761343
118.2887277,-0.02266183347,0.01269136892,0.0430474545,0.02540682544
118.4133734,-0.01920259701,0.01459350179,0.04333966913,0.02316938764
118.538019,-0.01549908157,0.01651294159,0.04366699139,0.02085429042
118.6626647,-0.01154592256,0.01844856537,0.04403103394,0.01846052415
118.7873103,-0.007337755411,0.0203992502,0.04443340944,0.01598707922
118.911956,-0.002869215538,0.02236387314,0.04487573055,0.01343294599
119.0366016,0.001865061639,0.02434131123,0.04535960994,0.01079711484
119.1612473,0.006870440701,0.02633044152,0.04588666028,0.008078576155
119.2858929,0.01189460812,0.02821439517,0.0464342769,0.005342139059
119.4105386,0.01663807518,0.02985998503,0.04697391759,0.00266512276
119.5351843,0.02110599962,0.03127362968,0.04750481907,4.729143018e-05
119.6598299,0.02530407166,0.03246198928,0.04802626738,-0.002511726548
119.7844756,0.02923798154,0.03343172401,0.04853754854,-0.00501230279
119.9091212,0.03291341949,0.03418949403,0.04903794858,-0.007454808914
120.0337669,0.03633607574,0.03474195951,0.04952675354,-0.009839616535
120.1584125,0.03951164053,0.03509578063,0.05000324944,-0.01216709727
120.2830582,0.04244580407,0.03525761754,0.05046672232,-0.01443762274
120.4077039,0.04514425662,0.03523413043,0.0509164582,-0.01665156455
120.5323495,0.04761268839,0.03503197945,0.05135174313,-0.01880929433
120.6569952,0.04985678961,0.03465782477,0.05177186312,-0.02091118369
120.7816408,0.05188225053,0.03411832657,0.05217610421,-0.02295760425
120.9062865,0.05369476137,0.03342014501,0.05256375244,-0.02494892763
121.0309321,0.05530001236,0.03256994026,0.05293409382,-0.02688552543
121.1555778,0.05670369374,0.03157437249,0.05328641439,-0.02876776928
121.2802234,0.05791149573,0.03044010187,0.05362000019,-0.0305960308
121.4048691,0.05892910856,0.02917378856,0.05393413724,-0.03237068159
121.5295148,0.05976222248,0.02778209274,0.05422811157,-0.03409209329
121.6541604,0.06041652771,0.02627167457,0.05450120922,-0.0357606375
121.7788061,0.06089771447,0.02464919423,0.05475271622,-0.03737668584
121.9034517,0.06121147301,0.02292131188,0.05498191858,-0.03894060993
122.0280974,0.06136349356,0.02109468769,0.05518810236,-0.04045278138
122.152743,0.06135946634,0.01917598182,0.05537055357,-0.04191357181
122.2773887,0.06120508158,0.01717185445,0.05552855825,-0.04332335284
122.4020344,0.06090602953,0.01508896575,0.05566140243,-0.04468249609
122.52668,0.0604680004,0.01293397588,0.05576837214,-0.04599137316
122.6513257,0.05989668444,0.01071354502,0.05584875341,-0.04725035568
122.7759713,0.05919777186,0.008434333324,0.05590183227,-0.04845981527
122.900617,0.05837695292,0.006103000969,0.05592689475,-0.04962012354
123.0252626,0.05743991783,0.003726208123,0.05592322689,-0.05073165211
123.1499083,0.05639235682,0.001310614954,0.0558901147,-0.05179477259
123.2745539,0.05523996013,-0.001137118369,0.05582684423,-0.0528098566
123.3991996,0.053988418,-0.003610331679,0.05573270151,-0.05377727575
123.5238453,0.05264342064,-0.006102364805,0.05560697256,-0.05469740168
123.6484909,0.0512106583,-0.00860655758,0.05544894342,-0.05557060598
123.7731366,0.0496958212,-0.01111624984,0.05525790011,-0.05639726028
123.8977822,0.04810459958,-0.0136247814,0.05503312867,-0.05717773619
124.0224279,0.04644268367,-0.01612549211,0.05477391513,-0.05791240534
124.1470735,0.04471576369,-0.01861172179,0.05447954552,-0.05860163933
124.2717192,0.04292952988,-0.02107681028,0.05414930586,-0.05924580979
124.3963648,0.04108967248,-0.02351409741,0.0537824822,-0.05984528833
124.5210105,0.03920188171,-0.025916923,0.05337836056,-0.06040044656
124.6456562,0.0372718478,-0.0282786269,0.05293622697,-0.06091165611
124.7703018,0.03530526099,-0.03059254892,0.05245536746,-0.06137928859
124.8949475,0.0333078115,-0.03285202891,0.05193506807,-0.06180371561
125.0195931,0.03128518958,-0.03505040669,0.05137461482,-0.0621853088
125.1442388,0.02924308544,-0.0371810221,0.05077329374,-0.06252443977
125.2688844,0.02718718933,-0.03923721497,0.05013039087,-0.06282148014
125.3935301,0.02512319147,-0.04121232512,0.04944519223,-0.06307680152
125.5181758,0.02305678209,-0.04309969239,0.04871698387,-0.06329077554
125.6428214,0.02099365143,-0.04489265662,0.0479450518,-0.0634637738
125.7674671,0.01893948972,-0.04658455762,0.04712868205,-0.06359616792
125.8921127,0.01689998718,-0.04816873524,0.04626716067,-0.06368832952
126.0167584,0.01488083406,-0.04963852931,0.04535977368,-0.06374063022
126.141404,0.01288772058,-0.05098727965,0.0444058071,-0.06375344164
126.2660497,0.01092633697,-0.0522083261,0.04340454698,-0.06372713538
126.3906953,0.009002373462,-0.05329500849,0.04235527934,-0.06366208307
126.515341,0.007121520292,-0.05424066665,0.04125729021,-0.06355865633
126.6399867,0.005289467691,-0.05503864041,0.04010986563,-0.06341722677
126.7646323,0.003511905888,-0.05568226961,0.03891229162,-0.063238166
126.889278,0.001794525116,-0.05616489407,0.03766385421,-0.06302184565
127.0139236,0.000143015605,-0.05647985363,0.03636383944,-0.06276863732
127.1385693,-0.001436932412,-0.05662048811,0.03501153334,-0.06247891265
127.2632149,-0.002939628705,-0.05658013736,0.03360622193,-0.06215304323
127.3878606,-0.004359383042,-0.05635214119,0.03214719125,-0.0617914007
127.5125063,-0.005690505191,-0.05592983945,0.03063372733,-0.06139435667
127.6371519,-0.006927304922,-0.05530657196,0.02906511619,-0.06096228275
127.7617976,-0.008064092002,-0.05447567856,0.02744064388,-0.06049555055
127.8864432,-0.0090951762,-0.05343049907,0.02575959642,-0.05999453171
128.0110889,-0.01001486728,-0.05216437333,0.02402125984,-0.05945959783
128.1357345,-0.01081747502,-0.05067064117,0.02222492017,-0.05889112053
128.2603802,-0.01149730919,-0.04894264242,0.02036986344,-0.05828947142
128.3850258,-0.01204867954,-0.04697371691,0.01845537569,-0.05765502213
128.5096715,-0.01246589586,-0.04475720448,0.01648074294,-0.05698814427
128.6343172,-0.01274326791,-0.04228644495,0.01444525122,-0.05628920946
128.7589628,-0.01287510545,-0.03955477816,0.01234818657,-0.05555858931
128.8836085,-0.01285571827,-0.03655554393,0.01018883502,-0.05479665544
129.0082541,-0.01267941611,-0.0332820821,0.007966482594,-0.05400377946
129.1328998,-0.01234050876,-0.02972773251,0.005680415325,-0.053180333
129.2575454,-0.01183330598,-0.02588583497,0.003329919245,-0.05232668767
129.3821911,-0.01115211755,-0.02174972933,0.0009142803842,-0.05144321509
129.5068368,-0.01029125322,-0.01731275541,-0.001567215227,-0.05053028687
129.6314824,-0.009245022772,-0.01256825305,-0.004115281557,-0.04958827463
129.7561281,-0.00800773597,-0.007509562077,-0.006730632577,-0.04861754999
129.8807737,-0.006573702583,-0.002130022322,-0.009413982254,-0.04761848456
130.0054194,-0.004937482699,0.003576361223,-0.01216588879,-0.04659156386
130.130065,-0.003237727827,0.009235361739,-0.01489794483,-0.04560183718
130.2547107,-0.001594144766,0.01453286697,-0.01753609983,-0.04470206415
130.3793563,-6.048678964e-06,0.01947691141,-0.02008180847,-0.04388938433
130.504002,0.001527245273,0.02407552958,-0.02253652544,-0.04316093729
130.6286477,0.003006421928,0.028336756,-0.02490170543,-0.0425138626
130.7532933,0.004432166123,0.03226862516,-0.02717880312,-0.04194529984
130.877939,0.005805162695,0.03587917158,-0.02936927321,-0.04145238856
131.0025846,0.007126096484,0.03917642978,-0.03147457036,-0.04103226835
131.1272303,0.008395652326,0.04216843425,-0.03349614929,-0.04068207877
131.2518759,0.00961451506,0.04486321951,-0.03543546466,-0.04039895939
131.3765216,0.01078336952,0.04726882007,-0.03729397117,-0.04018004979
131.5011673,0.01190290055,0.04939327044,-0.0390731235,-0.04002248953
131.6258129,0.01297379299,0.05124460513,-0.04077437634,-0.03992341818
131.7504586,0.01399673167,0.05283085865,-0.04239918438,-0.03987997531
131.8751042,0.01497240142,0.0541600655,-0.04394900231,-0.0398893005
131.9997499,0.0159014871,0.05524026021,-0.0454252848,-0.03994853331
132.1243955,0.01678467353,0.05607947728,-0.04682948655,-0.04005481331
132.2490412,0.01762264556,0.05668575122,-0.04816306225,-0.04020528008
132.3736868,0.01841608802,0.05706711653,-0.04942746657,-0.04039707319
132.4983325,0.01916568574,0.05723160774,-0.05062415422,-0.04062733219
132.6229782,0.01987212358,0.05718725935,-0.05175457986,-0.04089319667
132.7476238,0.02053608636,0.05694210586,-0.0528201982,-0.0411918062
132.8722695,0.02115825892,0.0565041818,-0.05382246391,-0.04152030034
132.9969151,0.0217393261,0.05588152166,-0.05476283169,-0.04187581867
133.1215608,0.02227997274,0.05508215997,-0.05564275622,-0.04225550075
133.2462064,0.02278088368,0.05411413122,-0.05646369218,-0.04265648616
133.3708521,0.02324274375,0.05298546994,-0.05722709427,-0.04307591446
133.4954977,0.0236662378,0.05170421062,-0.05793441717,-0.04351092523
133.6201434,0.02405205065,0.05027838778,-0.05858711557,-0.04395865803
133.7447891,0.02440086715,0.04871603594,-0.05918664415,-0.04441625244
133.8694347,0.02471337214,0.04702518959,-0.0597344576,-0.04488084803
133.9940804,0.02499025045,0.04521388326,-0.06023201061,-0.04534958436
134.118726,0.02523218691,0.04329015144,-0.06068075787,-0.04581960101
134.2433717,0.02543986638,0.04126202865,-0.06108215405,-0.04628803754
134.3680173,0.02561397369,0.03913754941,-0.06143765385,-0.04675203354
134.492663,0.02575519367,0.03692474821,-0.06174871196,-0.04720872856
134.6173087,0.02586421116,0.03463165957,-0.06201678306,-0.04765526217
134.7419543,0.025941711,0.03226631801,-0.06224332183,-0.04808877396
134.8666,0.02598837803,0.02983675802,-0.06242978297,-0.04850640348
134.9912456,0.02600489708,0.02735101412,-0.06257762116,-0.04890529031
135.1158913,0.025991953,0.02481712082,-0.06268829108,-0.04928257402
135.2405369,0.02595023062,0.02224311264,-0.06276324744,-0.04963539418
135.3651826,0.02588041478,0.01963702407,-0.0628039449,-0.04996089036
135.4898282,0.02578319031,0.01700688963,-0.06281183816,-0.05025620212
135.6144739,0.02565924206,0.01436074384,-0.0627883819,-0.05051846904
135.7391196,0.02550925486,0.01170662119,-0.06273503082,-0.0507448307
135.8637652,0.02533391355,0.009052556206,-0.06265323959,-0.05093242665
135.9884109,0.02513390297,0.00640658339,-0.06254446291,-0.05107839647
136.1130565,0.02490990795,0.003776737254,-0.06241015546,-0.05117987973
136.2377022,0.02466261334,0.001171052309,-0.06225177193,-0.051234016
136.3623478,0.02439270397,-0.001402436936,-0.062070767,-0.05123794485
136.4869935,0.02410086468,-0.003935695972,-0.06186859536,-0.05118880585
136.6116392,0.0237877803,-0.006420690286,-0.0616467117,-0.05108373857
136.7362848,0.02345413568,-0.008849385371,-0.06140657071,-0.05091988258
136.8609305,0.02310061566,-0.01121374672,-0.06114962706,-0.05069437745
136.9855761,0.02272790506,-0.01350573981,-0.06087733546,-0.05040436276
137.1102218,0.02233668873,-0.01571733014,-0.06059115058,-0.05004697806
137.2348674,0.02192765151,-0.01784048321,-0.06029252711,-0.04961936294
137.3595131,0.02150147823,-0.01986716449,-0.05998291974,-0.04911865695
137.4841587,0.02105885373,-0.02178933948,-0.05966378315,-0.04854199968
137.6088044,0.02060046285,-0.02359897367,-0.05933657203,-0.04788653069
137.7334501,0.02012699043,-0.02528803255,-0.05900274108,-0.04714938955
137.8580957,0.0196391213,-0.02684848162,-0.05866374496,-0.04632771584
137.9827414,0.0191375403,-0.02827228635,-0.05832103838,-0.04541864911
138.107387,0.01862293228,-0.02955141224,-0.05797607602,-0.04441932895
138.2320327,0.01809598206,-0.03067782478,-0.05763031256,-0.04332689492
138.3566783,0.0175573745,-0.03164348946,-0.0572852027,-0.0421384866
138.481324,0.01700779441,-0.03244037176,-0.05694220111,-0.04085124354
138.6059697,0.01644792665,-0.03306043719,-0.05660276249,-0.03946230533
138.7306153,0.01587845604,-0.03349565123,-0.05626834152,-0.03796881154
138.855261,0.01530006743,-0.03373797937,-0.05594039288,-0.03636790172
138.9799066,0.01471344566,-0.03377938709,-0.05562037128,-0.03465671547
139.1045523,0.01411927556,-0.0336118399,-0.05530973138,-0.03283239233
139.2291979,0.01351824197,-0.03322730327,-0.05500992788,-0.03089207189
139.3538436,0.01291102973,-0.03261774271,-0.05472241547,-0.02883289371
139.4784892,0.01229832368,-0.03177512369,-0.05444864883,-0.02665199737
139.6031349,0.01168080865,-0.03069141171,-0.05419008265,-0.02434652243
139.7277806,0.01105916948,-0.02935857227,-0.05394817161,-0.02191360847
139.8524262,0.01043409101,-0.02776857084,-0.05372437041,-0.01935039505
139.9770719,0.009806258083,-0.02591337292,-0.05352013372,-0.01665402175
140.1017175,0.009176355528,-0.023784944,-0.05333691624,-0.01382162814
140.2263632,0.008545068186,-0.02137524957,-0.05317617265,-0.01085035378
140.3510088,0.007913080895,-0.01867625511,-0.05303935764,-0.00773733824
140.4756545,0.007281078492,-0.01567992613,-0.05292792589,-0.004479721101
140.6003002,0.006649745816,-0.01237822811,-0.0528433321,-0.001074641927
140.7249458,0.006019767704,-0.008763126534,-0.05278703095,0.002480759709
140.8495915,0.005392226424,-0.00483140257,-0.05276027092,0.006186750117
140.9742371,0.004796080786,-0.0009229461463,-0.05274919269,0.009859050795
141.0988828,0.00424809882,0.002753535086,-0.05274426221,0.01338492459
141.2235284,0.003747157137,0.006202972252,-0.05274484695,0.01676688495
141.3481741,0.003292132349,0.009430296475,-0.05275031436,0.02000744531
141.4728197,0.002881901067,0.01244043888,-0.05276003189,0.0231091191
141.5974654,0.002515339903,0.01523833059,-0.05277336699,0.02607441977
141.7221111,0.002191325468,0.01782890274,-0.05278968713,0.02890586075
141.8467567,0.001908734375,0.02021708643,-0.05280835976,0.03160595549
141.9714024,0.001666443234,0.02240781282,-0.05282875233,0.03417721742
142.096048,0.001463328658,0.024406013,-0.05285023229,0.03662215998
142.2206937,0.001298267258,0.02621661812,-0.05287216712,0.03894329661
142.3453393,0.001170135646,0.02784455929,-0.05289392425,0.04114314075
142.469985,0.001077810433,0.02929476763,-0.05291487114,0.04322420583
142.5946306,0.00102016823,0.03057217429,-0.05293437526,0.0451890053
142.7192763,0.0009960856502,0.03168171037,-0.05295180405,0.0470400526
142.843922,0.001004439304,0.032628307,-0.05296652497,0.04877986116
142.9685676,0.001044105804,0.03341689531,-0.05297790547,0.05041094443
143.0932133,0.001113961761,0.03405240643,-0.05298531302,0.05193581583
143.2178589,0.001212883787,0.03453977147,-0.05298811506,0.05335698882
143.3425046,0.001339748493,0.03488392156,-0.05298567905,0.05467697682
143.4671502,0.001493432492,0.03508978782,-0.05297737245,0.05589829329
143.5917959,0.001672812394,0.03516230139,-0.05296256271,0.05702345165
143.7164416,0.001876764811,0.03510639339,-0.05294061728,0.05805496534
143.8410872,0.002104166356,0.03492699493,-0.05291090363,0.05899534781
143.9657329,0.002353893639,0.03462903715,-0.05287278921,0.05984711249
144.0903785,0.002624823272,0.03421745116,-0.05282564147,0.06061277283
144.2150242,0.002915831867,0.0336971681,-0.05276882787,0.06129484225
144.3396698,0.003225796035,0.03307311909,-0.05270171586,0.06189583421
144.4643155,0.003553592388,0.03235023525,-0.0526236729,0.06241826213
144.5889611,0.003898097538,0.03153344771,-0.05253406644,0.06286463947
144.7136068,0.004258188096,0.03062768759,-0.05243226394,0.06323747964
144.8382525,0.004632740673,0.02963788602,-0.05231763286,0.06353929611
144.9628981,0.005020631882,0.02856897411,-0.05218954064,0.06377260229
145.0875438,0.005420738335,0.02742588301,-0.05204735475,0.06393991164
145.2121894,0.005831936641,0.02621354382,-0.05189044264,0.06404373759
145.3368351,0.006253103414,0.02493688768,-0.05171817177,0.06408659358
145.4614807,0.006683115265,0.02360084571,-0.05152990958,0.06407099305
145.5861264,0.007120848805,0.02221034904,-0.05132502354,0.06399944944
145.7107721,0.007565180647,0.02077032878,-0.05110288111,0.06387447618
145.8354177,0.008014987401,0.01928571606,-0.05086284973,0.06369858672
145.9600634,0.008469145679,0.01776144202,-0.05060429686,0.06347429449
146.084709,0.008926532093,0.01620243777,-0.05032658995,0.06320411294
146.2093547,0.009386023255,0.01461363443,-0.05002909647,0.06289055549
146.3340003,0.009846495776,0.01299996314,-0.04971118387,0.0625361356
146.458646,0.01030682627,0.01136635501,-0.0493722196,0.0621433667
146.5832916,0.01076589134,0.009717741173,-0.04901157112,0.06171476223
146.7079373,0.01122256761,0.008059052753,-0.04862860588,0.06125283562
146.832583,0.01167573168,0.006395220873,-0.04822269134,0.06076010032
146.9572286,0.01212426017,0.004731176658,-0.04779319495,0.06023906976
147.0818743,0.01256702969,0.003071851233,-0.04733948417,0.05969225739
147.2065199,0.01300291685,0.001422175722,-0.04686092646,0.05912217664
147.3311656,0.01343079826,-0.0002129187496,-0.04635688926,0.05853134095
147.4558112,0.01384955054,-0.001828501058,-0.04582674004,0.05792226376
147.5804569,0.01425805029,-0.003419640079,-0.04526984625,0.05729745851
147.7051026,0.01465517413,-0.004981404687,-0.04468557534,0.05665943864
147.8297482,0.01503979866,-0.006508863757,-0.04407329478,0.05601071758
147.9543939,0.01541080051,-0.007997086166,-0.04343237201,0.05535380878
148.0790395,0.01576705627,-0.009441140788,-0.04276217449,0.05469122567
148.2036852,0.01610744258,-0.0108360965,-0.04206206968,0.05402548169
148.3283308,0.01643083602,-0.01217702217,-0.04133142503,0.05335909029
148.4529765,0.01673611322,-0.01345898669,-0.040569608,0.0526945649
148.5776221,0.01702215079,-0.01467705892,-0.03977598603,0.05203441895
148.7022678,0.01728782534,-0.01582630774,-0.0389499266,0.0513811659
148.8269135,0.01753201348,-0.01690180203,-0.03809079715,0.05073731917
148.9515591,0.01775359183,-0.01789861065,-0.03719796514,0.05010539221
149.0762048,0.01795143699,-0.0188118025,-0.03627079801,0.04948789845
149.2008504,0.01812442557,-0.01963644644,-0.03530866324,0.04888735133
149.3254961,0.01827143419,-0.02036761134,-0.03431092827,0.0483062643
149.4501417,0.01839133946,-0.02100036609,-0.03327696056,0.04774715079
149.5747874,0.018483018,-0.02152977955,-0.03220612757,0.04721252424
149.699433,0.0185453464,-0.02195092061,-0.03109779674,0.04670489808
149.8240787,0.01857720129,-0.02225885814,-0.02995133554,0.04622678577
149.9487244,0.01857745928,-0.02244866101,-0.02876611142,0.04578070073
150.07337,0.01854499697,-0.0225153981,-0.02754149183,0.0453691564
150.1980157,0.01847869098,-0.02245413829,-0.02627684423,0.04499466623
150.3226613,0.01837741792,-0.02225995044,-0.02497153608,0.04465974365
150.447307,0.01824005441,-0.02192790345,-0.02362493483,0.0443669021
150.5719526,0.01806547704,-0.02145306617,-0.02223640794,0.04411865502
150.6965983,0.01785256245,-0.02083050749,-0.02080532286,0.04391751586
150.821244,0.01760018723,-0.02005529628,-0.01933104704,0.04376599803
150.9458896,0.017307228,-0.01912250142,-0.01781294795,0.043666615
151.0705353,0.01697256137,-0.01802719179,-0.01625039303,0.04362188019
151.1951809,0.01659506395,-0.01676443625,-0.01464274975,0.04363430705
151.3198266,0.01617361235,-0.01532930369,-0.01298938555,0.04370640901
151.4444722,0.01570708319,-0.01371686297,-0.0112896679,0.04384069951
151.5691179,0.01519435308,-0.01192218298,-0.009542964244,0.04403969199
151.6937635,0.0146354387,-0.009948524689,-0.007749584056,0.0443024709
151.8184092,0.01406191399,-0.008023572444,-0.005936171188,0.04453417398
151.9430549,0.01348875723,-0.006249609815,-0.004116340625,0.04469240393
152.0677005,0.01291632211,-0.00462286955,-0.002291730672,0.04477914965
152.1923462,0.01234496234,-0.003139584395,-0.0004639796334,0.04479639999
152.3169918,0.01177503163,-0.0017959871,0.001365274185,0.04474614383
152.4416375,0.01120688366,-0.0005883104119,0.003194392477,0.04463037005
152.5662831,0.01064087215,0.0004872129209,0.005021736939,0.04445106751
152.6909288,0.0100773508,0.001434350151,0.006845669265,0.04421022509
152.8155745,0.009516673299,0.00225686853,0.00866455115,0.04390983167
152.9402201,0.00895919336,0.002958535309,0.01047674429,0.04355187611
153.0648658,0.008405264681,0.003543117742,0.01228061038,0.04313834728
153.1895114,0.007855240965,0.00401438308,0.01407451111,0.04267123407
153.3141571,0.007309475912,0.004376098575,0.01585680818,0.04215252533
153.4388027,0.006768323225,0.00463203148,0.01762586328,0.04158420996
153.5634484,0.006232136605,0.004785949046,0.01938003811,0.04096827681
153.688094,0.005701269753,0.004841618525,0.02111769436,0.04030671476
153.8127397,0.005176076373,0.00480280717,0.02283719373,0.03960151268
153.9373854,0.004656910164,0.004673282232,0.02453689792,0.03885465945
154.062031,0.00414412483,0.004456810963,0.02621516861,0.03806814394
154.1866767,0.003638074071,0.004157160616,0.0278703675,0.03724395502
154.3113223,0.003139111589,0.003778098443,0.02950085629,0.03638408156
154.435968,0.002647591086,0.003323391696,0.03110499667,0.03549051244
154.5606136,0.002163866264,0.002796807626,0.03268115034,0.03456523653
154.6852593,0.001688290824,0.002202113486,0.03422767899,0.0336102427
154.809905,0.001221218467,0.001543076528,0.03574294431,0.03262751982
154.9345506,0.0007630028971,0.0008234640037,0.03722530801,0.03161905678
155.0591963,0.0003139978139,4.704316554e-05,0.03867313177,0.03058684243
155.1838419,-0.0001254430802,-0.0007824187346,0.04008477729,0.02953286565
155.3084876,-0.0005549660836,-0.001661154445,0.04145860627,0.02845911532
155.4331332,-0.0009742174948,-0.002585396713,0.0427929804,0.02736758031
155.5577789,-0.001382843612,-0.003551378286,0.04408626137,0.02626024949
155.6824245,-0.001780490733,-0.004555331914,0.04533681089,0.02513911173
155.8070702,-0.002166805157,-0.005593490343,0.04654299063,0.02400615591
155.9317159,-0.002541433182,-0.006662086322,0.04770316231,0.0228633709
156.0563615,-0.002904021106,-0.007757352598,0.04881568761,0.02171274557
156.1810072,-0.003254215228,-0.00887552192,0.04987892823,0.02055626879
156.3056528,-0.003591661846,-0.01001282704,0.05089124587,0.01939592944
156.4302985,-0.003916007258,-0.01116550069,0.05185100221,0.01823371639
156.5549441,-0.004226897762,-0.01232977564,0.05275655896,0.01707161851
156.6795898,-0.004523979658,-0.01350188462,0.05360627781,0.01591162467
156.8042355,-0.004806899242,-0.01467806039,0.05439852045,0.01475572375
156.9288811,-0.005075302814,-0.01585453569,0.05513164857,0.01360590463
157.0535268,-0.005328836672,-0.01702754328,0.05580402388,0.01246415616
157.1781724,-0.005567147115,-0.01819331589,0.05641400807,0.01133246723
157.3028181,-0.005789880439,-0.01934808628,0.05695996283,0.01021282671
157.4274637,-0.005996682945,-0.02048808719,0.05744024986,0.00910722347
157.5521094,-0.006187200929,-0.02160955138,0.05785323085,0.008017646383
157.676755,-0.006361080691,-0.02270871159,0.0581972675,0.006946084322
157.8014007,-0.006517968529,-0.02378180056,0.0584707215,0.00589452616
157.9260464,-0.006657510741,-0.02482505106,0.05867195454,0.00486496077
158.050692,-0.006779353625,-0.02583469582,0.05879932833,0.003859377024
158.1753377,-0.00688314348,-0.02680696759,0.05885120455,0.002879763794
158.2999833,-0.006968526604,-0.02773809912,0.05882594491,0.001928109954
158.424629,-0.007035149295,-0.02862432316,0.05872191109,0.001006404377
158.5492746,-0.007082657853,-0.02946187246,0.05853746479,0.0001166359342
158.6739203,-0.007110698574,-0.03024697976,0.0582709677,-0.0007392065009
158.7985659,-0.007118917757,-0.03097587781,0.05792078153,-0.001559134056
158.9232116,-0.007106961702,-0.03164479936,0.05748526796,-0.002341157858
159.0478573,-0.007074476705,-0.03224997717,0.0569627887,-0.003083289034
159.1725029,-0.007021109065,-0.03278764396,0.05635170542,-0.003783538712
159.2971486,-0.006946505082,-0.03325403251,0.05565037984,-0.004439918019
159.4217942,-0.006850311052,-0.03364537554,0.05485717364,-0.005050438082
159.5464399,-0.006732173274,-0.03395790582,0.05397044852,-0.005613110029
159.6710855,-0.006591738047,-0.03418785608,0.05298856618,-0.006125944987
159.7957312,-0.006428651669,-0.03433145908,0.0519098883,-0.006586954083
159.9203769,-0.006242560438,-0.03438494756,0.05073277659,-0.006994148445
160.0450225,-0.006033110653,-0.03434455427,0.04945559274,-0.0073455392
160.1696682,-0.005799948612,-0.03420651197,0.04807669844,-0.007639137476
160.2943138,-0.005542720613,-0.03396705339,0.04659445538,-0.007872954398
160.4189595,-0.005261072954,-0.03362241129,0.04500722527,-0.008045001096
160.5436051,-0.004954651934,-0.03316881841,0.0433133698,-0.008153288696
160.6682508,-0.004623103852,-0.0326025075,0.04151125066,-0.008195828326
160.7928964,-0.004266075005,-0.03191971131,0.03959922955,-0.008170631112
160.9175421,-0.003883211691,-0.03111666259,0.03757566817,-0.008075708183
161.0421878,-0.00347416021,-0.03018959409,0.03543892819,-0.007909070665
161.1668334,-0.00303856686,-0.02913473854,0.03318737133,-0.007668729686
161.2914791,-0.002576077938,-0.02794832871,0.03081935928,-0.007352696373
161.4161247,-0.002086339743,-0.02662659734,0.02833325373,-0.006958981854
161.5407704,-0.001568998574,-0.02516577718,0.02572741638,-0.006485597255
161.665416,-0.001023700729,-0.02356210097,0.02300020891,-0.005930553705
161.7900617,-0.0004500925052,-0.02181180146,0.02014999304,-0.00529186233
161.9147074,0.0001521797979,-0.01991111141,0.01717513044,-0.004567534258
162.039353,0.0007834698821,-0.01785626355,0.01407398282,-0.003755580616
162.1639987,0.001444131449,-0.01564349064,0.01084491187,-0.002854012531
162.2886443,0.002134518201,-0.01326902543,0.007486279286,-0.001860841131
162.41329,0.002854983839,-0.01072910066,0.003996446762,-0.0007740775436
162.5379356,0.003605753325,-0.008036273359,0.0003910897868,0.0004016037762
162.6625813,0.004384646791,-0.005437612677,-0.00306641387,0.001565421245
162.7872269,0.00518954537,-0.003014557809,-0.006290654388,0.002683342622
162.9118726,0.006018844884,-0.0007632549092,-0.009286976643,0.003756042126
163.0365183,0.006870941157,0.001320149867,-0.01206072551,0.004784193975
163.1611639,0.007744230011,0.003239510363,-0.01461724587,0.005768472388
163.2858096,0.00863710727,0.004998680425,-0.01696188259,0.006709551583
163.4104552,0.009547968758,0.006601513896,-0.01909998055,0.007608105777
163.5351009,0.0104752103,0.008051864621,-0.02103688463,0.008464809189
163.6597465,0.01141722771,0.009353586445,-0.02277793971,0.009280336037
163.7843922,0.01237241682,0.01051053321,-0.02432849065,0.01005536054
163.9090379,0.01333917345,0.01152655877,-0.02569388234,0.01079055692
164.0336835,0.01431589342,0.01240551696,-0.02687945965,0.01148659938
164.1583292,0.01530097256,0.01315126162,-0.02789056746,0.01214416216
164.2829748,0.01629280669,0.01376764661,-0.02873255064,0.01276391946
164.4076205,0.01728979163,0.01425852576,-0.02941075407,0.01334654551
164.5322661,0.01829032321,0.01462775292,-0.02993052263,0.01389271452
164.6569118,0.01929279725,0.01487918194,-0.03029720119,0.01440310071
164.7815574,0.02029560956,0.01501666665,-0.03051613463,0.0148783783
164.9062031,0.02129715599,0.01504406091,-0.03059266782,0.01531922151
165.0308488,0.02229583234,0.01496521856,-0.03053214564,0.01572630456
165.1554944,0.02329003444,0.01478399344,-0.03033991297,0.01610030166
165.2801401,0.02427815812,0.0145042394,-0.03002131468,0.01644188704
165.4047857,0.02525859919,0.01412981029,-0.02958169565,0.0167517349
165.5294314,0.02622975349,0.01366455994,-0.02902640075,0.01703051948
165.654077,0.02719001683,0.0131123422,-0.02836077486,0.01727891498
165.7787227,0.02813778503,0.01247701091,-0.02759016286,0.01749759562
165.9033684,0.02907145393,0.01176241993,-0.02671990962,0.01768723563
166.028014,0.02998941934,0.01097242309,-0.02575536003,0.01784850923
166.1526597,0.03089007708,0.01011087424,-0.02470185894,0.01798209062
166.2773053,0.03177182298,0.009181627225,-0.02356475125,0.01808865403
166.401951,0.03263305287,0.008188535889,-0.02234938182,0.01816887368
166.5265966,0.03347216256,0.007135454075,-0.02106109554,0.01822342378
166.6512423,0.03428754788,0.006026235629,-0.01970523727,0.01825297855
166.7758879,0.03507760465,0.004864734394,-0.0182871519,0.01825821222
166.9005336,0.03584072869,0.003654804217,-0.0168121843,0.01823979899
167.0251793,0.03657531584,0.002400298941,-0.01528567935,0.0181984131
167.1498249,0.0372797619,0.00110507241,-0.01371298192,0.01813472875
167.2744706,0.03795246271,-0.0002270215305,-0.01209943689,0.01804942016
167.3991162,0.03859181408,-0.001592129036,-0.01045038914,0.01794316155
167.5237619,0.03919621185,-0.002986396263,-0.008771183539,0.01781662714
167.6484075,0.03976405182,-0.004405969365,-0.007067164964,0.01767049116
167.7730532,0.04029372984,-0.005846994499,-0.005343678293,0.01750542781
167.8976988,0.04078364171,-0.00730561782,-0.003606068401,0.01732211131
168.0223445,0.04123218327,-0.008777985484,-0.001859680165,0.01712121589
168.1469902,0.04163775033,-0.01026024365,-0.0001098584613,0.01690341575
168.2716358,0.04199873872,-0.01174853846,0.001638051835,0.01666938513
168.3962815,0.04231354426,-0.01323901609,0.003378705847,0.01641979823
168.5209271,0.04258056277,-0.01472782267,0.0051067587,0.01615532928
168.6455728,0.04279819009,-0.01621110438,0.006816865516,0.0158766525
168.7702184,0.04296482202,-0.01768500737,0.00850368142,0.0155844421
168.8948641,0.0430788544,-0.01914567778,0.01016186154,0.01527937229
169.0195098,0.04313868305,-0.02058926178,0.01178606099,0.01496211731
169.1441554,0.04314270378,-0.02201190553,0.0133709349,0.01463335136
169.2688011,0.04308931243,-0.02340975517,0.0149111384,0.01429374867
169.3934467,0.04297690482,-0.02477895686,0.0164013266,0.01394398345
169.5180924,0.04280387676,-0.02611565676,0.01783615463,0.01358472992
169.642738,0.04256862409,-0.02741600102,0.01921027762,0.0132166623
169.7673837,0.04226954263,-0.02867613581,0.02051835069,0.0128404548
169.8920293,0.04190502819,-0.02989220726,0.02175502896,0.01245678166
170.016675,0.04147347661,-0.03106036155,0.02291496756,0.01206631708
170.1413207,0.0409732837,-0.03217674483,0.02399282161,0.01166973528
170.2659663,0.04040284528,-0.03323750324,0.02498324624,0.01126771048
170.390612,0.03976055719,-0.03423878295,0.02588089657,0.0108609169
170.5152576,0.03904481525,-0.03517673011,0.02668042771,0.01045002875
170.6399033,0.03825401527,-0.03604749088,0.02737649481,0.01003572026
170.7645489,0.03738655308,-0.03684721142,0.02796375297,0.009618665649
170.8891946,0.0364408245,-0.03757203787,0.02843685733,0.009199539125
171.0138403,0.03541522537,-0.03821811639,0.02879046301,0.008779014911
171.1384859,0.03430815149,-0.03878159314,0.02901922514,0.008357767224
171.2631316,0.03311799869,-0.03925861428,0.02911779882,0.007936470283
171.3877772,0.0318431628,-0.03964532596,0.0290808392,0.007515798307
171.5124229,0.03048203964,-0.03993787434,0.0289030014,0.007096425512
171.6370685,0.02903302503,-0.04013240556,0.02857894053,0.006679026119
171.7617142,0.0274945148,-0.04022506579,0.02810331172,0.006264274344
171.8863598,0.02586490477,-0.04021200119,0.0274707701,0.005852844406
172.0110055,0.02414259075,-0.0400893579,0.02667597079,0.005445410523
172.1356512,0.02232596858,-0.03985328208,0.02571356892,0.005042646914
172.2602968,0.02041343408,-0.03949991989,0.0245782196,0.004645227796
172.3849425,0.01840338307,-0.03902541749,0.02326457797,0.004253827388
172.5095881,0.01629421138,-0.03842592102,0.02176729914,0.003869119907
172.6342338,0.01408431482,-0.03769757665,0.02008103824,0.003491779573
172.7588794,0.01177208922,-0.03683653054,0.01820045039,0.003122480603
172.8835251,0.009355930401,-0.03583892882,0.01612019072,0.002761897216
173.0081708,0.006834234191,-0.03470091767,0.01383491436,0.002410703629
173.1328164,0.00420539641,-0.03341864323,0.01133927642,0.002069574062
173.2574621,0.001467812882,-0.03198825167,0.008627932025,0.001739182731
173.3821077,-0.001365976539,-0.03041548269,0.00572242859,0.001423102476
173.5067534,-0.004160694561,-0.02879084396,0.002877813737,0.001149337062
173.631399,-0.006882251488,-0.02713910667,0.000157007798,0.0009237748289
173.7560447,-0.009530686018,-0.02546218411,-0.002441931461,0.0007451717117
173.8806903,-0.01210603685,-0.02376198956,-0.004920946273,0.0006122836469
174.005336,-0.01460834267,-0.02204043632,-0.007281978872,0.0005238665704
174.1299817,-0.01703764219,-0.02029943766,-0.009526971493,0.0004786764184
174.2546273,-0.0193939741,-0.01854090687,-0.01165786637,0.0004754691267
174.379273,-0.02167737711,-0.01676675724,-0.01367660573,0.0005130006316
174.5039186,-0.0238878899,-0.01497890205,-0.01558513182,0.0005900268691
174.6285643,-0.02602555117,-0.01317925459,-0.01738538686,0.0007053037751
174.7532099,-0.02809039962,-0.01136972815,-0.0190793131,0.0008575872857
174.8778556,-0.03008247396,-0.009552235997,-0.02066885276,0.001045633337
175.0025013,-0.03200181287,-0.007728691431,-0.02215594807,0.001268197865
175.1271469,-0.03384845506,-0.005901007733,-0.02354254128,0.001524036806
175.2517926,-0.03562243921,-0.00407109819,-0.02483057462,0.001811906096
175.3764382,-0.03732380404,-0.002240876085,-0.02602199031,0.00213056167
175.5010839,-0.03895258824,-0.0004122547051,-0.0271187306,0.002478759465
175.6257295,-0.04050883049,0.001412852665,-0.02812273772,0.002855255418
175.7503752,-0.04199256952,0.003232532741,-0.02903595389,0.003258805463
175.8750208,-0.043403844,0.005044872236,-0.02986032136,0.003688165538
175.9996665,-0.04474269263,0.006847957865,-0.03059778237,0.004142091577
176.1243122,-0.04600915412,0.008639876344,-0.03125027913,0.004619339518
176.2489578,-0.04720326717,0.01041871439,-0.03181975389,0.005118665295
176.3736035,-0.04832507046,0.01218255871,-0.03230814888,0.005638824846
176.4982491,-0.0493746027,0.01392949602,-0.03271740634,0.006178574107
176.6228948,-0.05035190258,0.01565761304,-0.03304946849,0.006736669012
176.7475404,-0.05125700881,0.01736499649,-0.03330627757,0.007311865499
176.8721861,-0.05208996007,0.01904973307,-0.03348977583,0.007902919503
176.9968317,-0.05285079507,0.0207099095,-0.03360190548,0.008508586961
177.1214774,-0.05353955251,0.02234361251,-0.03364460876,0.009127623808
177.2461231,-0.05415627107,0.02394892879,-0.03361982791,0.009758785981
177.3707687,-0.05470098947,0.02552394507,-0.03352950517,0.01040082942
177.4954144,-0.05517374639,0.02706674806,-0.03337558276,0.01105251005
177.62006,-0.05557458054,0.02857542447,-0.03316000291,0.01171258381
177.7447057,-0.05590353061,0.03004806103,-0.03288470788,0.01237980665
177.8693513,-0.0561606353,0.03148274444,-0.03255163987,0.01305293449
177.993997,-0.0563459333,0.03287756142,-0.03216274114,0.01373072327
178.1186427,-0.05645946332,0.03423059868,-0.03171995391,0.01441192893
178.2432883,-0.05650126405,0.03553994295,-0.03122522042,0.01509530741
178.367934,-0.05647137419,0.03680368093,-0.03068048291,0.01577961463
178.4925796,-0.05636983244,0.03801989933,-0.0300876836,0.01646360654
178.6172253,-0.05619667749,0.03918668488,-0.02944876473,0.01714603908
178.7418709,-0.05595194804,0.04030212429,-0.02876566853,0.01782566817
178.8665166,-0.05563568279,0.04136430427,-0.02804033724,0.01850124975
178.9911622,-0.05524792044,0.04237131154,-0.02727471309,0.01917153977
179.1158079,-0.05478869968,0.04332123281,-0.02647073832,0.01983529415
179.2404536,-0.05425805922,0.0442121548,-0.02563035515,0.02049126883
179.3650992,-0.05365603774,0.04504216422,-0.02475550583,0.02113821975
179.4897449,-0.05298267395,0.04580934778,-0.02384813259,0.02177490285
179.6143905,-0.05223800654,0.04651179221,-0.02291017766,0.02240007405
179.7390362,-0.05142207422,0.04714758421,-0.02194358327,0.02301248931
179.8636818,-0.05053491567,0.0477148105,-0.02095029166,0.02361090454
179.9883275,-0.0495765696,0.0482115578,-0.01993224506,0.0241940757
180.1129732,-0.0485470747,0.04863591282,-0.01889138571,0.0247607587
180.2376188,-0.04744646968,0.04898596227,-0.01782965583,0.0253097095
180.3622645,-0.04627479322,0.04925979287,-0.01674899768,0.02583968403
180.4869101,-0.04503208403,0.04945549134,-0.01565135346,0.02634943822
180.6115558,-0.04371838081,0.04957114438,-0.01453866544,0.02683772801
180.7362014,-0.04233372224,0.04960483872,-0.01341287582,0.02730330933
180.8608471,-0.04087814704,0.04955466106,-0.01227592686,0.02774493812
180.9854927,-0.03935169389,0.04941869813,-0.01112976078,0.02816137032
181.1101384,-0.0377544015,0.04919503664,-0.009976319811,0.02855136186
181.2347841,-0.03608630855,0.0488817633,-0.008817546197,0.02891366868
181.3594297,-0.03434745376,0.04847696482,-0.007655382168,0.02924704672
181.4840754,-0.03253787581,0.04797872793,-0.006491769957,0.02955025191
181.608721,-0.0306576134,0.04738513933,-0.005328651799,0.02982204018
181.7333667,-0.02870670524,0.04669428575,-0.004167969926,0.03006116748
181.8580123,-0.02668519002,0.04590425389,-0.003011666574,0.03026638974
181.982658,-0.02459310643,0.04501313047,-0.001861683976,0.03043646289
182.1073037,-0.02243049317,0.0440190022,-0.0007199643651,0.03057014287
182.2319493,-0.02019738895,0.04291995581,0.0004115500239,0.03066618562
182.356595,-0.01789383246,0.041714078,0.001530916957,0.03072334708
182.4812406,-0.01551986239,0.04039945549,0.002636194202,0.03074038317
182.6058863,-0.01307551744,0.03897417499,0.003725439523,0.03071604984
182.7305319,-0.01056083632,0.03743632323,0.004796710687,0.03064910302
182.8551776,-0.007975857717,0.0357839869,0.00584806546,0.03053829865
182.9798232,-0.005320620329,0.03401525274,0.006877561609,0.03038239266
183.1044689,-0.002595162854,0.03212820744,0.007883256899,0.03018014099
183.2291146,0.000200476009,0.03012093774,0.008863209097,0.02993029958
183.3537602,0.003066257564,0.02799153034,0.009815475968,0.02963162436
183.4784059,0.006002143112,0.02573807195,0.01073811528,0.02928287127
183.6030515,0.009008093957,0.0233586493,0.0116291848,0.02888279624
183.7276972,0.0120840714,0.02085134909,0.01248674229,0.02843015521
183.8523428,0.01523003675,0.01821425804,0.01330884551,0.02792370411
183.9769885,0.0184459513,0.01544546287,0.01409355225,0.02736219889
184.1016342,0.02173177635,0.01254305029,0.01483892025,0.02674439548
184.2262798,0.02504954303,0.009536059345,0.01554887608,0.02608335291
184.3509255,0.02815292799,0.006625295437,0.01626037665,0.02547126611
184.4755711,0.03100277883,0.003845329477,0.01697960892,0.02492312784
184.6002168,0.03360536961,0.001193879835,0.0177058299,0.02443687165
184.7248624,0.03596697438,-0.001331335119,0.01843829661,0.02401043112
184.8495081,0.03809386718,-0.003732597016,0.01917626604,0.02364173981
184.9741537,0.03999232209,-0.006012187483,0.01991899522,0.0233287313
185.0987994,0.04166861314,-0.008172388153,0.02066574117,0.02306933914
185.2234451,0.04312901439,-0.01021548065,0.02141576088,0.02286149691
185.3480907,0.04437979991,-0.01214374662,0.02216831138,0.02270313816
185.4727364,0.04542724373,-0.01395946767,0.02292264967,0.02259219648
185.597382,0.04627761991,-0.01566492545,0.02367803278,0.02252660542
185.7220277,0.04693720252,-0.01726240157,0.02443371771,0.02250429856
185.8466733,0.04741226559,-0.01875417768,0.02518896147,0.02252320946
185.971319,0.04770908319,-0.0201425354,0.02594302108,0.02258127168
186.0959646,0.04783392937,-0.02142975636,0.02669515356,0.0226764188
186.2206103,0.04779307819,-0.02261812219,0.0274446159,0.02280658438
186.345256,0.04759280368,-0.02370991452,0.02819066514,0.02296970199
186.4699016,0.04723937992,-0.02470741498,0.02893255827,0.0231637052
186.5945473,0.04673908096,-0.0256129052,0.02966955231,0.02338652757
186.7191929,0.04609818084,-0.02642866681,0.03040090428,0.02363610267
186.8438386,0.04532295362,-0.02715698145,0.03112587118,0.02391036407
186.9684842,0.04441967335,-0.02780013073,0.03184371004,0.02420724534
187.0931299,0.0433946141,-0.02836039629,0.03255367785,0.02452468003
187.2177756,0.04225404991,-0.02884005976,0.03325503164,0.02486060173
187.3424212,0.04100425483,-0.02924140278,0.03394702842,0.02521294399
187.4670669,0.03965150292,-0.02956670696,0.0346289252,0.02557964039
187.5917125,0.03820206824,-0.02981825394,0.035299979,0.02595862448
187.7163582,0.03666222484,-0.02999832535,0.03595944681,0.02634782985
187.8410038,0.03503824676,-0.03010920282,0.03660658567,0.02674519005
187.9656495,0.03333640807,-0.03015316799,0.03724065258,0.02714863865
188.0902951,0.03156298282,-0.03013250247,0.03786090455,0.02755610922
188.2149408,0.02972424506,-0.03004948789,0.0384665986,0.02796553533
188.3395865,0.02782646885,-0.0299064059,0.03905699174,0.02837485054
188.4642321,0.02587592824,-0.02970553812,0.03963134098,0.02878198843
188.5888778,0.02387889728,-0.02944916618,0.04018890334,0.02918488255
188.7135234,0.02184165002,-0.0291395717,0.04072893582,0.02958146647
188.8381691,0.01977046053,-0.02877903632,0.04125069544,0.02996967377
188.9628147,0.01767160285,-0.02836984168,0.04175343922,0.03034743801
189.0874604,0.01555135105,-0.02791426939,0.04223642416,0.03071269276
189.2121061,0.01341597916,-0.02741460109,0.04269890728,0.03106337158
189.3367517,0.01127176125,-0.0268731184,0.04314014559,0.03139740804
189.4613974,0.009124971365,-0.02629210297,0.0435593961,0.03171273571
189.586043,0.006981883566,-0.02567383641,0.04395591583,0.03200728815
189.7106887,0.004848771904,-0.02502060036,0.04432896179,0.03227899894
189.8353343,0.002731910432,-0.02433467645,0.04467779099,0.03252580164
189.95998,0.0006375732047,-0.02361834631,0.04500166045,0.03274562981
190.0846256,-0.001427965725,-0.02287389157,0.04529982717,0.03293641703
190.2092713,-0.003458432302,-0.02210359385,0.04557154817,0.03309609686
190.333917,-0.005447552474,-0.02130973479,0.04581608046,0.03322260287
190.4585626,-0.007389052187,-0.02049459602,0.04603268106,0.03331386862
190.5832083,-0.009276657387,-0.01966045916,0.04622060698,0.03336782769
190.7078539,-0.01110409402,-0.01880960585,0.04637911523,0.03338241363
190.8324996,-0.01286508803,-0.01794431772,0.04650746282,0.03335556003
190.9571452,-0.01455336537,-0.0170668764,0.04660490677,0.03328520043
191.0817909,-0.01616265198,-0.01617956351,0.04667070408,0.03316926842
191.2064366,-0.01768667381,-0.01528466069,0.04670411178,0.03300569756
191.3310822,-0.01911915681,-0.01438444957,0.04670438687,0.03279242142
191.4557279,-0.02045382691,-0.01348121177,0.04667078637,0.03252737355
191.5803735,-0.02168441008,-0.01257722893,0.04660256728,0.03220848754
191.7050192,-0.02280463224,-0.01167478268,0.04649898663,0.03183369694
191.8296648,-0.02380821936,-0.01077615464,0.04635930142,0.03140093533
191.9543105,-0.02468889737,-0.009883626451,0.04618276868,0.03090813627
192.0789561,-0.02544039223,-0.008999479736,0.0459686454,0.03035323333
192.2036018,-0.02605642987,-0.008125996127,0.0457161886,0.02973416008
192.3282475,-0.02653073625,-0.007265457254,0.0454246553,0.02904885008
192.4528931,-0.02685703731,-0.006420144747,0.04509330251,0.02829523689
192.5775388,-0.027029059,-0.005592340235,0.04472138724,0.0274712541
192.7021844,-0.02704052726,-0.004784325349,0.0443081665,0.02657483526
192.8268301,-0.02688516804,-0.003998381719,0.04385289731,0.02560391394
192.9514757,-0.02655670729,-0.003236790974,0.04335483668,0.02455642371
193.0761214,-0.02604887095,-0.002501834744,0.04281324161,0.02343029814
193.2007671,-0.02535538497,-0.00179579466,0.04222736914,0.02222347079
193.3254127,-0.0244699753,-0.00112095235,0.04159647626,0.02093387523
193.4500584,-0.02338636787,-0.0004795894462,0.04091981999,0.01955944503
193.574704,-0.02209828865,0.0001260124232,0.04019665734,0.01809811376
193.6993497,-0.02059946357,0.0006935716277,0.03942624533,0.01654781497
193.8239953,-0.01888361858,0.001220806538,0.03860784097,0.01490648225
193.948641,-0.01694447962,0.001705435523,0.03774070126,0.01317204915
194.0732866,-0.01477577265,0.002145176953,0.03682408324,0.01134244924
194.1979323,-0.01237122361,0.0025377492,0.03585724389,0.009415616097
194.322578,-0.009724558442,0.002880870631,0.03483944025,0.00738948328
194.4472236,-0.006829503097,0.003172259619,0.03376992931,0.005261984358
194.5718693,-0.00367978352,0.003409634533,0.0326479681,0.003031052897
194.6965149,-0.0002691256578,0.003590713742,0.03147281363,0.0006946224666
194.8211606,0.003408744544,0.003713215618,0.0302437229,-0.001749373368
194.9458062,0.007360101139,0.003774858529,0.02895995294,-0.004303001039
195.0704519,0.01150053712,0.003771388918,0.02763604447,-0.006938806506
195.1950975,0.01541298548,0.003693347892,0.02634257887,-0.009520325932
195.3197432,0.01905010107,0.003542099536,0.02508778624,-0.01203047434
195.4443889,0.02241819741,0.003320331311,0.02387085073,-0.01446957974
195.5690345,0.02552358801,0.003030730679,0.02269095653,-0.0168379701
195.6936802,0.0283725864,0.002675985102,0.0215472878,-0.01913597342
195.8183258,0.0309715061,0.002258782041,0.0204390287,-0.02136391769
195.9429715,0.03332666062,0.001781808959,0.01936536342,-0.02352213091
196.0676171,0.03544436349,0.001247753316,0.01832547612,-0.02561094107
196.1922628,0.03733092823,0.0006593025744,0.01731855096,-0.02763067615
196.3169085,0.03899266835,1.91441964e-05,0.01634377213,-0.02958166416
196.4415541,0.04043589737,-0.0006700343566,0.01540032378,-0.03146423308
196.5661998,0.04166692882,-0.001405545623,0.0144873901,-0.0332787109
196.6908454,0.04269207621,-0.002184702141,0.01360415524,-0.03502542561
196.8154911,0.04351765307,-0.003004816449,0.01274980338,-0.03670470521
196.9401367,0.04414997291,-0.003863201084,0.01192351869,-0.03831687769
197.0647824,0.04459534925,-0.004757168587,0.01112448533,-0.03986227104
197.189428,0.04486009562,-0.005684031493,0.01035188749,-0.04134121325
197.3140737,0.04495052552,-0.006641102343,0.009604909318,-0.04275403231
197.4387194,0.04487295249,-0.007625693674,0.008882734996,-0.04410105622
197.563365,0.04463369004,-0.008635118025,0.00818454869,-0.04538261296
197.6880107,0.0442390517,-0.009666687933,0.007509534572,-0.04659903054
197.8126563,0.04369535097,-0.01071771594,0.006856876809,-0.04775063693
197.937302,0.04300890138,-0.01178551458,0.006225759573,-0.04883776013
198.0619476,0.04218601646,-0.01286739639,0.005615367032,-0.04986072814
198.1865933,0.04123300971,-0.01396067391,0.005024883358,-0.05081986894
198.311239,0.04015619467,-0.01506265968,0.004453492718,-0.05171551053
198.4358846,0.03896188484,-0.01617066624,0.003900379284,-0.05254798089
198.5605303,0.03765639375,-0.01728200612,0.003364727225,-0.05331760803
198.6851759,0.03624603492,-0.01839399187,0.00284572071,-0.05402471993
198.8098216,0.03473712187,-0.01950393602,0.00234254391,-0.05466964458
198.9344672,0.03313596812,-0.02060915111,0.001854380994,-0.05525270997
199.0591129,0.03144888718,-0.02170694968,0.001380416132,-0.0557742441
199.1837585,0.02968219259,-0.02279464427,0.0009198334941,-0.05623457496
199.3084042,0.02784219785,-0.02386954741,0.0004718172494,-0.05663403054
199.4330499,0.02593521648,-0.02492897165,3.5551568e-05,-0.05697293883
199.5576955,0.02396756201,-0.02597022952,-0.0003897793804,-0.05725162783
199.6823412,0.02194554796,-0.02699063355,-0.0008049914259,-0.05747042551
199.8069868,0.01987548785,-0.0279874963,-0.001210900399,-0.05762965989
199.9316325,0.01776369519,-0.02895813029,-0.00160832213,-0.05772965894
200.0562781,0.0156164835,-0.02989984807,-0.001998072448,-0.05777075066
200.1809238,0.01344016631,-0.03080996217,-0.002380967185,-0.05775326305
200.3055695,0.01124105713,-0.03168578514,-0.00275782217,-0.05767752408
200.4302151,0.009025469491,-0.0325246295,-0.003129453234,-0.05754386176
200.5548608,0.006799716903,-0.0333238078,-0.003496676207,-0.05735260408
200.6795064,0.004570112887,-0.03408063258,-0.003860306918,-0.05710407903
200.8041521,0.002342970965,-0.03479241637,-0.004221161199,-0.05679861459
200.9287977,0.0001246046551,-0.03545647172,-0.00458005488,-0.05643653877
201.0534434,-0.002078672522,-0.03607011115,-0.00493780379,-0.05601817955
201.178089,-0.004260547047,-0.03663064722,-0.005295223761,-0.05554386492
201.3027347,-0.006414705401,-0.03713539245,-0.005653130622,-0.05501392288
201.4273804,-0.008534834063,-0.03758165939,-0.006012340203,-0.05442868142
201.552026,-0.01061461951,-0.03796676058,-0.006373668335,-0.05378846853
201.6766717,-0.01264774823,-0.03828800854,-0.006737930848,-0.0530936122
201.8013173,-0.01462790671,-0.03854271583,-0.007105943573,-0.05234444042
201.925963,-0.01654878141,-0.03872819498,-0.007478522338,-0.05154128119
202.0506086,-0.01840405882,-0.03884175852,-0.007856482976,-0.05068446249
202.1752543,-0.02018742542,-0.038880719,-0.008240641315,-0.04977431233
202.2998999,-0.02189256769,-0.03884238895,-0.008631813187,-0.04881115868
202.4245456,-0.02351317211,-0.03872408092,-0.009030814421,-0.04779532954
202.5491913,-0.02504292517,-0.03852310744,-0.009438460848,-0.0467271529
202.6738369,-0.02647551333,-0.03823678104,-0.009855568298,-0.04560695676
202.7984826,-0.02780462309,-0.03786241427,-0.0102829526,-0.04443506911
202.9231282,-0.02902394092,-0.03739731967,-0.01072142959,-0.04321181793
203.0477739,-0.03012715331,-0.03683880977,-0.01117181509,-0.04193753123
203.1724195,-0.03110794673,-0.03618419712,-0.01163492493,-0.04061253698
203.2970652,-0.03196000766,-0.03543079424,-0.01211157495,-0.03923716319
203.4217109,-0.03267702258,-0.03457591368,-0.01260258097,-0.03781173784
203.5463565,-0.03325267798,-0.03361686798,-0.01310875883,-0.03633658893
203.6710022,-0.03368066034,-0.03255096968,-0.01363092435,-0.03481204445
203.7956478,-0.03395465613,-0.0313755313,-0.01416989336,-0.03323843238
203.9202935,-0.03406835183,-0.0300878654,-0.01472648171,-0.03161608073
204.0449391,-0.03401543393,-0.02868528451,-0.0153015052,-0.02994531748
204.1695848,-0.03378958891,-0.02716510117,-0.01589577969,-0.02822647062
204.2942304,-0.03338450324,-0.02552462791,-0.01651012098,-0.02645986815
204.4188761,-0.03279386341,-0.02376117728,-0.01714534493,-0.02464583806
204.5435218,-0.03201135589,-0.02187206181,-0.01780226735,-0.02278470834
204.6681674,-0.03103066718,-0.01985459404,-0.01848170408,-0.02087680698
204.7928131,-0.02984548374,-0.01770608652,-0.01918447094,-0.01892246197
204.9174587,-0.02844949206,-0.01542385177,-0.01991138378,-0.01692200131
205.0421044,-0.02683637861,-0.01300520233,-0.02066325841,-0.01487575298
205.16675,-0.02499982989,-0.01044745075,-0.02144091066,-0.01278404498
205.2913957,-0.02293353236,-0.007747909564,-0.02224515638,-0.0106472053
205.4160414,-0.02063117252,-0.004903891308,-0.02307681138,-0.008465561931
205.540687,-0.01808643683,-0.00191270852,-0.02393669151,-0.006239442865
205.6653327,-0.01529301178,0.001228326259,-0.02482561258,-0.003969176093
205.7899783,-0.01224458386,0.004521900493,-0.02574439042,-0.001655089608
205.914624,-0.009016977615,0.007909708189,-0.02669083536,0.00068415075
206.0392696,-0.005886602432,0.01118547657,-0.02765434806,0.002985706816
206.1639153,-0.002874801302,0.01433347092,-0.02863242786,0.005244388841
206.2885609,2.035816598e-05,0.01735528369,-0.02962337836,0.007460230465
206.4132066,0.00280080836,0.02025250734,-0.03062550314,0.009633265329
206.5378523,0.005468481669,0.02302673433,-0.0316371058,0.01176352708
206.6624979,0.008025310482,0.02567955711,-0.03265648991,0.01385104935
206.7871436,0.01047322719,0.02821256814,-0.03368195909,0.01589586578
206.9117892,0.01281416418,0.03062735987,-0.0347118169,0.01789801002
207.0364349,0.01505005384,0.03292552476,-0.03574436694,0.0198575157
207.1610805,0.01718282856,0.03510865525,-0.03677791281,0.02177441648
207.2857262,0.01921442073,0.03717834382,-0.03781075808,0.02364874598
207.4103719,0.02114676274,0.03913618291,-0.03884120635,0.02548053786
207.5350175,0.02298178697,0.04098376498,-0.03986756121,0.02726982574
207.6596632,0.02472142582,0.04272268249,-0.04088812625,0.02901664328
207.7843088,0.02636761168,0.04435452789,-0.04190120506,0.03072102411
207.9089545,0.02792227693,0.04588089363,-0.04290510122,0.03238300188
208.0336001,0.02938735397,0.04730337217,-0.04389811833,0.03400261023
208.1582458,0.03076477518,0.04862355597,-0.04487855998,0.03557988279
208.2828914,0.03205647295,0.04984303748,-0.04584472975,0.03711485321
208.4075371,0.03326437967,0.05096340916,-0.04679493123,0.03860755513
208.5321828,0.03439042773,0.05198626346,-0.04772746802,0.04005802219
208.6568284,0.03543654952,0.05291319284,-0.0486406437,0.04146628804
208.7814741,0.03640467743,0.05374578975,-0.04953276187,0.04283238631
208.9061197,0.03729674385,0.05448564666,-0.0504021261,0.04415635064
209.0307654,0.03811468116,0.05513435601,-0.05124704,0.04543821469
209.155411,0.03886042176,0.05569351026,-0.05206580714,0.04667801207
209.2800567,0.03953589803,0.05616470186,-0.05285673113,0.04787577645
209.4047024,0.04014304236,0.05654952328,-0.05361811555,0.04903154146
209.529348,0.04068378715,0.05684956696,-0.05434826398,0.05014534074
209.6539937,0.04116006478,0.05706642536,-0.05504548003,0.05121720793
209.7786393,0.04157380763,0.05720169094,-0.05570806727,0.05224717667
209.903285,0.04192694811,0.05725695616,-0.0563343293,0.05323528061
210.0279306,0.0422214186,0.05723381346,-0.0569225697,0.05418155339
210.1525763,0.04245915148,0.05713385531,-0.05747109207,0.05508602864
210.2772219,0.04264207915,0.05695867416,-0.0579782,0.05594874001
210.4018676,0.042772134,0.05670986246,-0.05844219706,0.05676972115
210.5265133,0.04285124841,0.05638901267,-0.05886138687,0.05754900568
210.6511589,0.04288135477,0.05599771725,-0.05923407299,0.05828662725
210.7758046,0.04286438548,0.05553756865,-0.05955855903,0.05898261951
210.9004502,0.04280227292,0.05501015933,-0.05983314857,0.05963701609
211.0250959,0.04269694948,0.05441708174,-0.06005614521,0.06024985064
211.1497415,0.04255034754,0.05375992833,-0.06022585252,0.0608211568
211.2743872,0.04236439951,0.05304029157,-0.0603405741,0.0613509682
211.3990328,0.04214103777,0.05225976391,-0.06039861355,0.06183931849
211.5236785,0.0418821947,0.0514199378,-0.06039827444,0.06228624132
211.6483242,0.0415898027,0.0505224057,-0.06033786037,0.06269177032
211.7729698,0.04126579416,0.04956876007,-0.06021567493,0.06305593913
211.8976155,0.04091210145,0.04856059336,-0.0600300217,0.06337878139
212.0222611,0.04053065699,0.04749949802,-0.05977920428,0.06366033075
212.1469068,0.04012339314,0.04638706652,-0.05946152626,0.06390062085
212.2715524,0.0396922423,0.0452248913,-0.05907529122,0.06409968532
212.3961981,0.03923913687,0.04401456482,-0.05861880276,0.06425755781
212.5208438,0.03876600922,0.04275767954,-0.05809036446,0.06437427197
212.6454894,0.03827479176,0.04145582792,-0.05748827992,0.06444986142
212.7701351,0.03776741686,0.0401106024,-0.05681085271,0.06448435982
212.8947807,0.03724581692,0.03872359545,-0.05605638644,0.06447780081
213.0194264,0.03671192432,0.03729639952,-0.05522318469,0.06443021802
213.144072,0.03616767146,0.03583060706,-0.05430955106,0.06434164509
213.2687177,0.03561499072,0.03432781053,-0.05331378912,0.06421211568
213.3933633,0.03505581449,0.03278960239,-0.05223420247,0.06404166341
213.518009,0.03449207517,0.03121757509,-0.0510690947,0.06383032193
213.6426547,0.03392570513,0.02961332109,-0.0498167694,0.06357812489
213.7673003,0.03335863678,0.02797843284,-0.04847553016,0.06328510591
213.891946,0.0327928025,0.02631450279,-0.04704368056,0.06295129865
214.0165916,0.03223013467,0.02462312341,-0.04551952421,0.06257673675
214.1412373,0.03167256569,0.02290588715,-0.04390136467,0.06216145384
214.2658829,0.03112202795,0.02116438647,-0.04218750556,0.06170548357
214.3905286,0.03058045383,0.01940021381,-0.04037625044,0.06120885958
214.5151743,0.03004977572,0.01761496164,-0.03846590293,0.06067161551
214.6398199,0.02953192602,0.01581022241,-0.03645476659,0.060093785
214.7644656,0.02902883711,0.01398758857,-0.03434114503,0.0594754017
214.8891112,0.02854244139,0.01214865259,-0.03212334183,0.05881649923
215.0137569,0.02807467123,0.01029500691,-0.02979966058,0.05811711126
215.1384025,0.02762745903,0.008428243999,-0.02736840488,0.0573772714
215.2630482,0.02720273718,0.006549956304,-0.0248278783,0.05659701332
215.3876938,0.02680243807,0.004661736281,-0.02217638444,0.05577637064
215.5123395,0.02642849408,0.002765176387,-0.0194122269,0.05491537702
215.6369852,0.02608283761,0.0008618690778,-0.01653370925,0.05401406608
215.7616308,0.02576740105,-0.001046593192,-0.01353913509,0.05307247148
215.8862765,0.02548411678,-0.002958617966,-0.01042680801,0.05209062685
216.0109221,0.02523491719,-0.00487261279,-0.007195031591,0.05106856584
216.1355678,0.02502173467,-0.006786985208,-0.003842109432,0.05000632208
216.2602134,0.02484650161,-0.008700142764,-0.0003663451181,0.04890392922
216.3848591,0.02471115041,-0.010610493,0.003233957761,0.0477614209
216.5095048,0.02461761344,-0.01251644347,0.006960495615,0.04657883075
216.6341504,0.0245678231,-0.01441640171,0.01081496486,0.04535619243
216.7587961,0.02453210311,-0.0163040945,0.01471454911,0.04411398642
216.8834417,0.02443221286,-0.0181664689,0.01844731126,0.04290377297
217.0080874,0.02426614158,-0.02000215641,0.02200583024,0.04172747893
217.132733,0.02403581582,-0.02181038082,0.02539322874,0.04058447662
217.2573787,0.02374316217,-0.02359036596,0.02861262942,0.03947413837
217.3820243,0.0233901072,-0.02534133564,0.03166715495,0.03839583648
217.50667,0.02297857746,-0.02706251368,0.03455992799,0.0373489433
217.6313157,0.02251049954,-0.0287531239,0.03729407122,0.03633283113
217.7559613,0.02198780001,-0.03041239009,0.0398727073,0.03534687231
217.880607,0.02141240543,-0.03203953609,0.04229895891,0.03439043915
218.0052526,0.02078624237,-0.03363378571,0.0445759487,0.03346290399
218.1298983,0.02011123741,-0.03519436276,0.04670679935,0.03256363913
218.2545439,0.01938931712,-0.03672049106,0.04869463353,0.03169201691
218.3791896,0.01862240806,-0.03821139441,0.05054257391,0.03084740964
218.5038353,0.01781243681,-0.03966629665,0.05225374315,0.03002918965
218.6284809,0.01696132993,-0.04108442157,0.05383126392,0.02923672927
218.7531266,0.016071014,-0.042464993,0.0552782589,0.02846940081
218.8777722,0.01514341559,-0.04380723476,0.05659785074,0.0277265766
219.0024179,0.01418046127,-0.04511037065,0.05779316213,0.02700762896
219.1270635,0.0131840776,-0.04637362449,0.05886731572,0.02631193022
219.2517092,0.01215619116,-0.04759622009,0.05982343418,0.02563885269
219.3763548,0.01109872852,-0.04877738128,0.06066464019,0.0249877687
219.5010005,0.01001361625,-0.04991633187,0.06139405642,0.02435805057
219.6256462,0.008902780917,-0.05101229566,0.06201480552,0.02374907062
219.7502918,0.007768149094,-0.05206449649,0.06253001018,0.02316020119
219.8749375,0.006611647351,-0.05307215815,0.06294279305,0.02259081458
219.9995831,0.005435202258,-0.05403450447,0.06325627681,0.02204028313
220.1242288,0.004240740385,-0.05495075926,0.06347358412,0.02150797915
220.2488744,0.003030188302,-0.05582014633,0.06359783766,0.02099327498
220.3735201,0.001805472581,-0.05664188951,0.06363216009,0.02049554292
220.4981657,0.0005685197907,-0.0574152126,0.06357967408,0.02001415531
220.6228114,-0.0006787434981,-0.05813933942,0.0634435023,0.01954848446
220.7474571,-0.001934390715,-0.05881349379,0.06322676741,0.01909790271
220.8721027,-0.00319649529,-0.05943689952,0.0629325921,0.01866178237
220.9967484,-0.004463130652,-0.06000878042,0.06256409901,0.01823949576
221.121394,-0.005732370232,-0.06052836032,0.06212441084,0.01783041521
221.2460397,-0.007002287458,-0.06099486302,0.06161665023,0.01743391304
221.3706853,-0.008270955761,-0.06140751234,0.06104393986,0.01704936158
221.495331,-0.00953644857,-0.0617655321,0.06040940241,0.01667613314
221.6199767,-0.01079683932,-0.0620681461,0.05971616053,0.01631360006
221.7446223,-0.01205020143,-0.06231457817,0.05896733689,0.01596113464
221.869268,-0.01329460833,-0.06250405213,0.05816605417,0.01561810922
221.9939136,-0.01452813346,-0.06263579177,0.05731543504,0.01528389612
222.1185593,-0.01574885025,-0.06270902093,0.05641860215,0.01495786766
222.2432049,-0.01695483212,-0.06272296341,0.05547867819,0.01463939616
222.3678506,-0.01814415251,-0.06267684303,0.05449878581,0.01432785395
222.4924962,-0.01931488483,-0.06256988361,0.05348204769,0.01402261334
222.6171419,-0.02046510254,-0.06240130896,0.0524315865,0.01372304667
222.7417876,-0.02159287904,-0.06217034289,0.0513505249,0.01342852626
222.8664332,-0.02269628778,-0.06187620922,0.05024198556,0.01313842442
222.9910789,-0.02377340218,-0.06151813177,0.04910909115,0.01285211348
223.1157245,-0.02482229567,-0.06109533434,0.04795496434,0.01256896576
223.2403702,-0.02584104169,-0.06060704076,0.04678272781,0.01228835359
223.3650158,-0.02682771365,-0.06005247484,0.0455955042,0.01200964929
223.4896615,-0.027780385,-0.0594308604,0.04439641621,0.01173222518
223.6143072,-0.02869712916,-0.05874142124,0.04318858648,0.01145545358
223.7389528,-0.02957601956,-0.05798338119,0.0419751377,0.01117870682
223.8635985,-0.03041512963,-0.05715596406,0.04075919253,0.01090135722
223.9882441,-0.0312125328,-0.05625839366,0.03954387364,0.0106227771
224.1128898,-0.0319663025,-0.05528989381,0.0383323037,0.01034233879
224.2375354,-0.03267451216,-0.05424968833,0.03712760537,0.01005941461
224.3621811,-0.0333352352,-0.05313700102,0.03593290133,0.009773376872
224.4868267,-0.03394654507,-0.05195105571,0.03475131424,0.009483597912
224.6114724,-0.03450651519,-0.05069107621,0.03358596677,0.009189450049
224.7361181,-0.03501321898,-0.04935628633,0.03243998159,0.008890305604
224.8607637,-0.03546472988,-0.04794590989,0.03131648137,0.008585536902
224.9854094,-0.03585912132,-0.04645917071,0.03021858878,0.008274516264
225.110055,-0.03619446673,-0.04489529259,0.02914942649,0.007956616014
225.2347007,-0.03646883953,-0.04325349936,0.02811211716,0.007631208475
225.3593463,-0.03668031316,-0.04153301482,0.02710978346,0.007297665968
225.483992,-0.03682696105,-0.0397330628,0.02614554806,0.006955360818
225.6086377,-0.03690685662,-0.03785286711,0.02522253364,0.006603665346
225.7332833,-0.03691807331,-0.03589165156,0.02434386285,0.006241951876
225.857929,-0.03685868454,-0.03384863998,0.02351265837,0.00586959273
225.9825746,-0.03672676375,-0.03172305616,0.02273204286,0.005485960231
226.1072203,-0.03652038436,-0.02951412393,0.022005139,0.005090426702
226.2318659,-0.03623761981,-0.02722106711,0.02133506945,0.004682364466
226.3565116,-0.03587654352,-0.0248431095,0.02072495688,0.004261145845
226.4811572,-0.03543522892,-0.02237947493,0.02017792397,0.003826143163
226.6058029,-0.03491174945,-0.01982938721,0.01969709337,0.003376728741
226.7304486,-0.03430417854,-0.01719207014,0.01928558775,0.002912274904
226.8550942,-0.0336105896,-0.01446674756,0.01894652979,0.002432153973
226.9797399,-0.03282905608,-0.01165264327,0.01868304216,0.001935738272
227.1043855,-0.0319576514,-0.008748981091,0.01849824751,0.001422400122
227.2290312,-0.03099444899,-0.005754984832,0.01839526853,0.0008915118482
227.3536768,-0.02993752228,-0.002669878311,0.01837722788,0.0003424457719
227.4783225,-0.02878494471,0.000507114657,0.01844724822,-0.0002254257839
227.6029682,-0.02760296969,0.003709412359,0.01856129384,-0.0008168949431
227.7276138,-0.02651774419,0.006811020806,0.01863245735,-0.001439210601
227.8522595,-0.02552939125,0.009810259913,0.01865985716,-0.002090974578
227.9769051,-0.02463500719,0.01270843767,0.01864469211,-0.002770592921
228.1015508,-0.02383168832,0.01550686205,0.01858816103,-0.003476471677
228.2261964,-0.02311653094,0.01820684106,0.01849146276,-0.004207016895
228.3508421,-0.02248663137,0.02080968268,0.01835579612,-0.004960634621
228.4754877,-0.02193908592,0.02331669489,0.01818235997,-0.005735730904
228.6001334,-0.02147099089,0.02572918568,0.01797235312,-0.006530711789
228.7247791,-0.0210794426,0.02804846305,0.01772697442,-0.007343983325
228.8494247,-0.02076153734,0.03027583496,0.0174474227,-0.008173951559
228.9740704,-0.02051437144,0.03241260942,0.01713489679,-0.009019022539
229.098716,-0.02033504121,0.03446009441,0.01679059553,-0.009877602311
229.2233617,-0.02022064294,0.03641959792,0.01641571776,-0.01074809692
229.3480073,-0.02016827295,0.03829242793,0.01601146231,-0.01162891242
229.472653,-0.02017502755,0.04007989243,0.015579028,-0.01251845486
229.5972986,-0.02023800305,0.04178329941,0.01511961369,-0.01341513028
229.7219443,-0.02035429575,0.04340395685,0.0146344182,-0.01431734472
229.84659,-0.02052100197,0.04494317274,0.01412464037,-0.01522350425
229.9712356,-0.02073521802,0.04640225507,0.01359147903,-0.0161320149
230.0958813,-0.0209940402,0.04778251183,0.01303613302,-0.01704128272
230.2205269,-0.02129456483,0.049085251,0.01245980117,-0.01794971376
230.3451726,-0.02163388821,0.05031178057,0.01186368232,-0.01885571407
230.4698182,-0.02200910665,0.05146340853,0.0112489753,-0.01975768969
230.5944639,-0.02241731646,0.05254144285,0.01061687895,-0.02065404667
230.7191096,-0.02285561396,0.05354719154,0.009968592095,-0.02154319107
230.8437552,-0.02332109544,0.05448196258,0.009305313578,-0.02242352891
230.9684009,-0.02381085722,0.05534706395,0.008628242231,-0.02329346627
231.0930465,-0.02432199561,0.05614380364,0.007938576889,-0.02415140917
231.2176922,-0.02485160692,0.05687348964,0.007237516388,-0.02499576367
231.3423378,-0.02539678746,0.05753742993,0.006526259561,-0.02582493582
231.4669835,-0.02595463353,0.05813693251,0.005806005243,-0.02663733166
231.5916291,-0.02652224144,0.05867330535,0.00507795227,-0.02743135724
231.7162748,-0.02709670751,0.05914785645,0.004343299475,-0.02820541861
231.8409205,-0.02767512805,0.0595618938,0.003603245695,-0.02895792182
231.9655661,-0.02825459935,0.05991672537,0.002858989762,-0.02968727291
232.0902118,-0.02883221774,0.06021365916,0.002111730513,-0.03039187792
232.2148574,-0.02940507952,0.06045400316,0.001362666782,-0.03107014292
232.3395031,-0.02997028099,0.06063906534,0.000612997403,-0.03172047394
232.4641487,-0.03052491848,0.0607701537,-0.0001360787884,-0.03234127704
232.5887944,-0.03106608829,0.06084857623,-0.0008833629578,-0.03293095825
232.7134401,-0.03159088672,0.06087564091,-0.00162765627,-0.03348792363
232.8380857,-0.03209641009,0.06085265573,-0.002367759891,-0.03401057923
232.9627314,-0.03257975471,0.06078092867,-0.003102474986,-0.03449733108
233.087377,-0.03303801688,0.06066176773,-0.00383060272,-0.03494658525
233.2120227,-0.03346829292,0.06049648088,-0.004550944258,-0.03535674777
233.3366683,-0.03386767913,0.06028637612,-0.005262300765,-0.0357262247
233.461314,-0.03423327182,0.06003276144,-0.005963473408,-0.03605342208
233.5859596,-0.0345621673,0.05973694481,-0.00665326335,-0.03633674596
233.7106053,-0.03485146189,0.05940023424,-0.007330471758,-0.03657460238
233.835251,-0.03509825189,0.05902393769,-0.007993899796,-0.0367653974
233.9598966,-0.0352996336,0.05860936317,-0.00864234863,-0.03690753706
234.0845423,-0.03545270335,0.05815781866,-0.009274619425,-0.03699942741
234.2091879,-0.03555455743,0.05767061214,-0.009889513346,-0.0370394745
234.3338336,-0.03560229216,0.05714905161,-0.01048583156,-0.03702608436
234.4584792,-0.03559300384,0.05659444504,-0.01106237523,-0.03695766306
234.5831249,-0.03552378879,0.05600810043,-0.01161794552,-0.03683261664
234.7077706,-0.03539174332,0.05539132576,-0.0121513436,-0.03664935114
234.8324162,-0.03519396373,0.05474542903,-0.01266137063,-0.03640627261
234.9570619,-0.03492754633,0.05407171821,-0.01314682778,-0.03610178711
235.0817075,-0.03458958743,0.05337150129,-0.01360651622,-0.03573430067
235.2063532,-0.03417718335,0.05264608627,-0.0140392371,-0.03530221935
235.3309988,-0.03368743038,0.05189678112,-0.0144437916,-0.03480394919
235.4556445,-0.03311742485,0.05112489384,-0.01481898087,-0.03423789624
235.5802901,-0.03246426306,0.05033173241,-0.01516360609,-0.03360246655
235.7049358,-0.03172504131,0.04951860482,-0.01547646842,-0.03289606616
235.8295815,-0.03089685592,0.04868681905,-0.01575636902,-0.03211710113
235.9542271,-0.02997680319,0.0478376831,-0.01600210906,-0.03126397749
236.0788728,-0.02896197945,0.04697250495,-0.01621248971,-0.0303351013
236.2035184,-0.02784948098,0.04609259258,-0.01638631213,-0.02932887861
236.3281641,-0.02663640412,0.04519925399,-0.01652237749,-0.02824371545
236.4528097,-0.02531984515,0.04429379716,-0.01661948694,-0.02707801789
236.5774554,-0.0238969004,0.04337753007,-0.01667644167,-0.02583019196
236.7021011,-0.02236466616,0.04245176072,-0.01669204282,-0.02449864372
236.8267467,-0.02072023876,0.04151779709,-0.01666509157,-0.0230817792
236.9513924,-0.0189607145,0.04057694718,-0.01659438909,-0.02157800447
237.076038,-0.01708318969,0.03963051895,-0.01647873653,-0.01998572556
237.2006837,-0.01508476064,0.03867982041,-0.01631693506,-0.01830334853
237.3253293,-0.01296252365,0.03772615954,-0.01610778585,-0.01652927941
237.449975,-0.01071357504,0.03677084432,-0.01585009007,-0.01466192427
237.5746206,-0.008335011118,0.03581518275,-0.01554264887,-0.01269968914
237.6992663,-0.00582392819,0.03486048281,-0.01518426343,-0.01064098007
237.823912,-0.003177422565,0.03390805249,-0.0147737349,-0.008484203113
237.9485576,-0.0003925905546,0.03295919977,-0.01430986446,-0.006227764313
238.0732033,0.002533471534,0.03201523264,-0.01379145327,-0.003870069719
238.1978489,0.00560366739,0.03107745909,-0.0132173025,-0.001409525378
238.3224946,0.008820900705,0.0301471871,-0.0125862133,0.001155462664
238.4471402,0.01205904414,0.02922961203,-0.01192998684,0.003731444729
238.5717859,0.01514157684,0.02833053448,-0.01129384371,0.006188217877
238.6964315,0.01807012004,0.02744980617,-0.01067778289,0.008527031254
238.8210772,0.02084746517,0.02658724169,-0.01008150515,0.01074999673
238.9457229,0.02347640364,0.02574265562,-0.009504711275,0.01285922619
239.0703685,0.02595972689,0.02491586255,-0.00894710203,0.01485683148
239.1950142,0.02830022635,0.02410667706,-0.008408378198,0.0167449245
239.3196598,0.03050069344,0.02331491373,-0.007888240554,0.01852561711
239.4443055,0.0325639196,0.02254038715,-0.007386389877,0.02020102119
239.5689511,0.03449269625,0.02178291191,-0.006902526941,0.0217732486
239.6935968,0.03628981483,0.02104230259,-0.006436352525,0.02324441122
239.8182425,0.03795806675,0.02031837377,-0.005987567404,0.02461662092
239.9428881,0.03950024345,0.01961094004,-0.005555872357,0.02589198957
240.0675338,0.04091913636,0.01891981598,-0.005140968159,0.02707262905
240.1921794,0.0422175369,0.01824481618,-0.004742555588,0.02816065123
240.3168251,0.04339823651,0.01758575522,-0.004360335419,0.02915816798
240.4414707,0.04446402661,0.01694244768,-0.003994008431,0.03006729118
240.5661164,0.04541769862,0.01631470816,-0.0036432754,0.03089013269
240.690762,0.04626204399,0.01570235123,-0.003307837102,0.03162880438
240.8154077,0.04699985414,0.01510519148,-0.002987394315,0.03228541814
240.9400534,0.04763392049,0.01452304349,-0.002681647814,0.03286208584
241.064699,0.04816703447,0.01395572185,-0.002390298378,0.03336091933
241.1893447,0.04860198752,0.01340304114,-0.002113046783,0.03378403051
241.3139903,0.04894157106,0.01286481595,-0.001849593805,0.03413353124
241.438636,0.04918857652,0.01234086086,-0.001599640222,0.03441153339
241.5632816,0.04934579533,0.01183099046,-0.00136288681,0.03462014884
241.6879273,0.04941601891,0.01133501932,-0.001139034346,0.03476148945
241.812573,0.0494020387,0.01085276205,-0.0009277836069,0.0348376671
241.9372186,0.04930664613,0.01038403321,-0.0007288353693,0.03485079367
242.0618643,0.04913263261,0.009928647391,-0.0005418904102,0.03480298103
242.1865099,0.04888278959,0.009486419183,-0.0003666495063,0.03469634104
242.3111556,0.04855990849,0.009057163167,-0.0002028134345,0.03453298558
242.4358012,0.04816678073,0.008640693929,-5.008297145e-05,0.03431502652
242.5604469,0.04770619775,0.008236826052,9.184110594e-05,0.03404457574
242.6850925,0.04718095097,0.007845374121,0.0002232580209,0.03372374511
242.8097382,0.04659383183,0.00746615272,0.0003444669966,0.0333546465
242.9343839,0.04594763174,0.007098976434,0.0004557672563,0.03293939178
243.0590295,0.04524514215,0.006743659847,0.0005574580232,0.03248009282
243.1836752,0.04448915448,0.006400017544,0.0006498385204,0.0319788615
243.3083208,0.04368246015,0.00606786411,0.0007332079712,0.0314378097
243.4329665,0.0428278506,0.005747014127,0.0008078655988,0.03085904927
243.5576121,0.04192811725,0.005437282182,0.0008741106263,0.0302446921
243.6822578,0.04098605153,0.005138482859,0.0009322422769,0.02959685006
243.8069035,0.04000444488,0.004850430741,0.000982559774,0.02891763501
243.9315491,0.03898608871,0.004572940414,0.001025362341,0.02820915884
244.0561948,0.03793377446,0.004305826462,0.0010609492,0.02747353342
244.1808404,0.03685029356,0.004048903469,0.001089619575,0.02671287061
244.3054861,0.03573843743,0.00380198602,0.00111167269,0.02592928229
244.4301317,0.03460099751,0.003564888699,0.001127407767,0.02512488033
244.5547774,0.03344076521,0.003337426091,0.001137124029,0.02430177661
244.679423,0.03226053198,0.003119412781,0.0011411207,0.02346208299
244.8040687,0.03106308923,0.002910663351,0.001139697003,0.02260791135
244.9287144,0.0298512284,0.002710992388,0.001133152161,0.02174137357
245.05336,0.02862774092,0.002520214476,0.001121785398,0.02086458151
245.1780057,0.02739541821,0.002338144198,0.001105895936,0.01997964704
245.3026513,0.0261570517,0.00216459614,0.001085782999,0.01908868205
245.427297,0.02491543283,0.001999384886,0.00106174581,0.01819379839
245.5519426,0.02367335301,0.001842325021,0.001034083592,0.01729710795
245.6765883,0.02243360368,0.001693231128,0.001003095568,0.0164007226
245.801234,0.02119897627,0.001551917793,0.0009690809621,0.01550675421
245.9258796,0.0199722622,0.001418199599,0.0009323389967,0.01461731464
246.0505253,0.0187562529,0.001291891131,0.0008931688953,0.01373451579
246.1751709,0.01755373981,0.001172806974,0.000851869881,0.0128604695
246.2998166,0.01636751434,0.001060761713,0.0008087411771,0.01199728767
246.4244622,0.01520036793,0.0009555699306,0.0007640820067,0.01114708216
246.5491079,0.01405509202,0.0008570462125,0.0007181915931,0.01031196484
246.6737535,0.01293447801,0.0007650051429,0.0006713691594,0.009494047587
246.7983992,0.01184131735,0.0006792613063,0.0006239139288,0.008695442273
246.9230449,0.01077840146,0.0005996292871,0.0005761251246,0.00791826077
247.0476905,0.009748521777,0.0005259236697,0.00052830197,0.007164614951
247.1723362,0.008754469719,0.0004579590387,0.000480743688,0.006436616687
247.2969818,0.007799036719,0.0003955499785,0.000433749502,0.005736377852
247.4216275,0.006885014205,0.0003385110735,0.0003876186351,0.005066010318
247.5462731,0.006015193606,0.0002866569083,0.0003426503106,0.004427625957
247.6709188,0.00519236635,0.0002398020671,0.0002991437516,0.003823336642
247.7955644,0.004419323865,0.0001977611346,0.0002573981814,0.003255254245
247.9202101,0.003698857581,0.0001603486952,0.000217712823,0.002725490639
248.0448558,0.003033758925,0.0001273793333,0.0001803868999,0.002236157695
248.1695014,0.002426819325,9.866763333e-05,0.000145719635,0.001789367288
248.2941471,0.001880830212,7.402817983e-05,0.0001140102517,0.001387231288
248.4187927,0.001398583012,5.327555723e-05,8.555797308e-05,0.001031861569
248.5434384,0.0009828691548,3.622434998e-05,6.066202241e-05,0.0007253700024
248.668084,0.0006364800683,2.268914254e-05,3.962162287e-05,0.0004698684614
248.7927297,0.0003622071811,1.248451936e-05,2.273599767e-05,0.0002674688182
248.9173754,0.0001628419217,5.42506491e-06,1.030436998e-05,0.0001202829453
249.042021,4.11757185e-05,1.325363637e-06,2.625963029e-06,3.042271506e-05
249.1666667,0,0,0,2.775557562e-17
