time_ns,u_X1,u_Y1,u_X2,u_Y2
0,0,0,0,0
0.04752376188,-1.767819284e-05,-2.318632761e-05,-1.528475903e-05,2.632668497e-05
0.09504752376,-7.025175094e-05,-9.207296654e-05,-6.05300593e-05,0.000104471369
0.1425712856,-0.0001570291436,-0.000205651401,-0.0001348224356,0.0002331809958
0.1900950475,-0.0002773188402,-0.0003629131151,-0.0002372484227,0.0004112025091
0.2376188094,-0.0004304293101,-0.000562849593,-0.0003668945555,0.0006372828525
0.2851425713,-0.0006156690226,-0.000804452319,-0.0005228473686,0.0009101689696
0.3326663332,-0.0008323464471,-0.001086712777,-0.0007041933969,0.001228607804
0.380190095,-0.001079770053,-0.001408622452,-0.0009100191752,0.0015913463
0.4277138569,-0.001357248309,-0.001769172827,-0.001139411238,0.001997131401
0.4752376188,-0.001664089686,-0.002167355387,-0.001391456121,0.00244471005
0.5227613807,-0.001999602651,-0.002602161615,-0.001665240358,0.002932829192
0.5702851426,-0.002363095676,-0.003072582997,-0.001959850484,0.003460235769
0.6178089045,-0.002753877228,-0.003577611016,-0.002274373034,0.004025676726
0.6653326663,-0.003171255778,-0.004116237157,-0.002607894542,0.004627899007
0.7128564282,-0.003614539794,-0.004687452903,-0.002959501544,0.005265649554
0.7603801901,-0.004083037747,-0.005290249738,-0.003328280575,0.005937675312
0.807903952,-0.004576058104,-0.005923619148,-0.003713318168,0.006642723224
0.8554277139,-0.005092909337,-0.006586552616,-0.004113700859,0.007379540235
0.9029514757,-0.005632899914,-0.007278041626,-0.004528515183,0.008146873287
0.9504752376,-0.006195338304,-0.007997077663,-0.004956847674,0.008943469324
0.9979989995,-0.006779532976,-0.00874265221,-0.005397784868,0.009768075291
1.045522761,-0.007384792401,-0.009513756752,-0.005850413298,0.01061943813
1.093046523,-0.008010425047,-0.01030938277,-0.0063138195,0.01149630479
1.140570285,-0.008655739384,-0.01112852176,-0.006787090009,0.0123974222
1.188094047,-0.009320043881,-0.01197016519,-0.007269311359,0.01332153732
1.235617809,-0.01000264701,-0.01283330455,-0.007759570085,0.01426739709
1.283141571,-0.01070285723,-0.01371693133,-0.008256952722,0.01523374845
1.330665333,-0.01141998303,-0.01462003701,-0.008760545805,0.01621933834
1.378189095,-0.01215333286,-0.01554161307,-0.009269435868,0.01722291371
1.425712856,-0.0129022152,-0.016480651,-0.009782709447,0.01824322151
1.473236618,-0.01366593851,-0.01743614229,-0.01029945308,0.01927900867
1.52076038,-0.01444381127,-0.01840707841,-0.01081875329,0.02032902214
1.568284142,-0.01523514194,-0.01939245085,-0.01133969662,0.02139200886
1.615807904,-0.016039239,-0.02039125109,-0.01186136961,0.02246671578
1.663331666,-0.01685541091,-0.02140247063,-0.01238285879,0.02355188984
1.710855428,-0.01768296615,-0.02242510093,-0.01290325069,0.02464627799
1.75837919,-0.01852121317,-0.0234581335,-0.01342163185,0.02574862716
1.805902951,-0.01936946046,-0.0245005598,-0.0139370888,0.0268576843
1.853426713,-0.02022701648,-0.02555137134,-0.01444870808,0.02797219636
1.900950475,-0.0210931897,-0.02660955958,-0.01495557623,0.02909091028
1.948474237,-0.02196728859,-0.02767411602,-0.01545677977,0.030212573
1.995997999,-0.02284862162,-0.02874403213,-0.01595140524,0.03133593147
2.043521761,-0.02373649726,-0.02981829941,-0.01643853919,0.03245973263
2.091045523,-0.02463022397,-0.03089590933,-0.01691726813,0.03358272342
2.138569285,-0.02552911023,-0.03197585339,-0.01738667861,0.03470365079
2.186093047,-0.02643246451,-0.03305712306,-0.01784585717,0.03582126169
2.233616808,-0.02733959527,-0.03413870982,-0.01829389033,0.03693430304
2.28114057,-0.02824981099,-0.03521960518,-0.01872986463,0.03804152181
2.328664332,-0.02916242013,-0.0362988006,-0.01915286661,0.03914166492
2.376188094,-0.03007673117,-0.03737528757,-0.0195619828,0.04023347934
2.423711856,-0.03099205257,-0.03844805757,-0.01995629973,0.04131571199
2.471235618,-0.0319076928,-0.0395161021,-0.02033490395,0.04238710983
2.51875938,-0.03282296033,-0.04057841263,-0.02069688198,0.04344641979
2.566283142,-0.03373716363,-0.04163398065,-0.02104132036,0.04449238882
2.613806903,-0.03464961118,-0.04268179765,-0.02136730562,0.04552376387
2.661330665,-0.03555961143,-0.04372085509,-0.02167392431,0.04653929188
2.708854427,-0.03646647286,-0.04475014448,-0.02196026295,0.04753771978
2.756378189,-0.03736950394,-0.0457686573,-0.02222540808,0.04851779454
2.803901951,-0.03826801314,-0.04677538502,-0.02246844623,0.04947826308
2.851425713,-0.03916130893,-0.04776931914,-0.02268846395,0.05041787236
2.898949475,-0.04004869977,-0.04874945114,-0.02288454775,0.05133536931
2.946473237,-0.04092949414,-0.04971477249,-0.02305578419,0.05222950088
2.993996998,-0.0418030005,-0.0506642747,-0.02320125978,0.05309901401
3.04152076,-0.04266852733,-0.05159694923,-0.02332006108,0.05394265566
3.089044522,-0.04352538309,-0.05251178758,-0.02341127461,0.05475917275
3.136568284,-0.04437287626,-0.05340778122,-0.0234739869,0.05554731224
3.184092046,-0.04521031529,-0.05428392165,-0.0235072845,0.05630582107
3.231615808,-0.04603700867,-0.05513920035,-0.02351025394,0.05703344618
3.27913957,-0.04685226486,-0.05597260879,-0.02348198175,0.05772893452
3.326663332,-0.04765539233,-0.05678313847,-0.02342155446,0.05839103302
3.374187094,-0.04844569955,-0.05756978088,-0.02332805862,0.05901848864
3.421710855,-0.04922249499,-0.05833152748,-0.02320058075,0.05961004832
3.469234617,-0.04998508712,-0.05906736977,-0.02303820739,0.06016445899
3.516758379,-0.0507327844,-0.05977629924,-0.02284002508,0.06068046762
3.564282141,-0.05146489532,-0.06045730736,-0.02260512035,0.06115682112
3.611805903,-0.05218072833,-0.06110938562,-0.02233257974,0.06159226647
3.659329665,-0.0528795919,-0.0617315255,-0.02202148977,0.06198555058
3.706853427,-0.05356079451,-0.06232271849,-0.02167093699,0.06233542042
3.754377189,-0.05422364463,-0.06288195608,-0.02128000793,0.06264062292
3.80190095,-0.05486745072,-0.06340822974,-0.02084778913,0.06289990502
3.849424712,-0.05549152125,-0.06390053097,-0.02037336711,0.06311201368
3.896948474,-0.05609516469,-0.06435785123,-0.01985582842,0.06327569583
3.944472236,-0.05667768952,-0.06477918203,-0.01929425959,0.06338969841
3.991995998,-0.0572384042,-0.06516351484,-0.01868774715,0.06345276838
4.03951976,-0.0577766172,-0.06550984115,-0.01803537764,0.06346365267
4.087043522,-0.05829163698,-0.06581715245,-0.01733623759,0.06342109823
4.134567284,-0.05878277203,-0.0660844402,-0.01658941354,0.06332385201
4.182091046,-0.05924933081,-0.06631069591,-0.01579399203,0.06317066094
4.229614807,-0.05969062178,-0.06649491105,-0.01494905958,0.06296027197
4.277138569,-0.06010595342,-0.06663607712,-0.01405370273,0.06269143204
4.324662331,-0.0604946342,-0.06673318558,-0.01310700802,0.0623628881
4.372186093,-0.06085597259,-0.06678522793,-0.01210806199,0.06197338709
4.419709855,-0.06118927705,-0.06679119565,-0.01105595116,0.06152167595
4.467233617,-0.06149385605,-0.06675008023,-0.009949762068,0.06100650164
4.514757379,-0.06176901807,-0.06666087315,-0.008788581257,0.06042661108
4.562281141,-0.06201407157,-0.06652256589,-0.007571495256,0.05978075123
4.609804902,-0.06222832502,-0.06633414994,-0.006297590601,0.05906766903
4.657328664,-0.0624110869,-0.06609461678,-0.004965953828,0.05828611142
4.704852426,-0.06256166567,-0.06580295789,-0.003575671469,0.05743482535
4.752376188,-0.0626793698,-0.06545816477,-0.002125830061,0.05651255776
4.79989995,-0.06276350775,-0.06505922889,-0.0006155161385,0.05551805559
4.847423712,-0.06281338801,-0.06460514174,0.0009561837645,0.05445006579
4.894947474,-0.06282831904,-0.06409489481,0.002590183113,0.0533073353
4.942471236,-0.0628076093,-0.06352747957,0.004287395372,0.05208861107
4.989994997,-0.06275056728,-0.06290188751,0.006048734006,0.05079264004
5.037518759,-0.06266924372,-0.06224478922,0.007821781025,0.04943968539
5.085042521,-0.06259052637,-0.06161463362,0.009493854811,0.04807539464
5.132566283,-0.06251526039,-0.06101291185,0.01106284955,0.04670172541
5.180090045,-0.06244338953,-0.06043915068,0.01253045764,0.04531911775
5.227613807,-0.06237485753,-0.0598928769,0.01389837148,0.04392801174
5.275137569,-0.06230960814,-0.05937361728,0.01516828347,0.04252884746
5.322661331,-0.06224758511,-0.0588808986,0.016341886,0.04112206496
5.370185093,-0.06218873218,-0.05841424765,0.01742087149,0.03970810432
5.417708854,-0.06213299309,-0.05797319121,0.01840693232,0.03828740561
5.465232616,-0.06208031159,-0.05755725605,0.01930176089,0.03686040889
5.512756378,-0.06203063143,-0.05716596897,0.02010704961,0.03542755424
5.56028014,-0.06198389636,-0.05679885673,0.02082449087,0.03398928173
5.607803902,-0.06194005011,-0.05645544613,0.02145577707,0.03254603143
5.655327664,-0.06189903644,-0.05613526395,0.02200260061,0.0310982434
5.702851426,-0.06186079909,-0.05583783695,0.02246665389,0.02964635772
5.750375188,-0.0618252818,-0.05556269194,0.0228496293,0.02819081446
5.797898949,-0.06179242832,-0.05530935568,0.02315321926,0.02673205368
5.845422711,-0.0617621824,-0.05507735496,0.02337911615,0.02527051545
5.892946473,-0.06173448779,-0.05486621655,0.02352901237,0.02380663985
5.940470235,-0.06170928822,-0.05467546725,0.02360460032,0.02234086695
5.987993997,-0.06168652745,-0.05450463383,0.02360757241,0.0208736368
6.035517759,-0.06166614921,-0.05435324308,0.02353962103,0.01940538949
6.083041521,-0.06164809726,-0.05422082176,0.02340243858,0.01793656509
6.130565283,-0.06163231535,-0.05410689668,0.02319771745,0.01646760366
6.178089045,-0.0616187472,-0.0540109946,0.02292715006,0.01499894526
6.225612806,-0.06160733659,-0.0539326423,0.02259242879,0.01353102999
6.273136568,-0.06159802723,-0.05387136658,0.02219524604,0.01206429789
6.32066033,-0.0615907629,-0.0538266942,0.02173729422,0.01059918905
6.368184092,-0.06158548732,-0.05379815196,0.02122026572,0.009136143522
6.415707854,-0.06158214425,-0.05378526663,0.02064585295,0.007675601389
6.463231616,-0.06158067742,-0.05378756499,0.02001574829,0.006218002717
6.510755378,-0.0615810306,-0.05380457383,0.01933164415,0.004763787575
6.55827914,-0.06158314751,-0.05383581993,0.01859523293,0.003313396032
6.605802901,-0.06158697191,-0.05388083006,0.01780820703,0.001867268159
6.653326663,-0.06159244755,-0.053939131,0.01697225884,0.0004258440252
6.700850425,-0.06159951816,-0.05401024955,0.01608908077,-0.0010104363
6.748374187,-0.0616081275,-0.05409371248,0.01516036522,-0.002441132747
6.795897949,-0.06161821931,-0.05418904657,0.01418780457,-0.003865805246
6.843421711,-0.06162973734,-0.05429577861,0.01317309124,-0.005284013727
6.890945473,-0.06164262532,-0.05441343537,0.01211791761,-0.00669531812
6.938469235,-0.06165682702,-0.05454154363,0.0110239761,-0.008099278357
6.985992996,-0.06167228617,-0.05467963018,0.00989295909,-0.009495454367
7.033516758,-0.06168894651,-0.0548272218,0.008726558989,-0.01088340608
7.08104052,-0.0617067518,-0.05498384526,0.007526468194,-0.01226269343
7.128564282,-0.06172564578,-0.05514902736,0.006294379104,-0.01363287634
7.176088044,-0.06174557219,-0.05532229487,0.005031984116,-0.01499351475
7.223611806,-0.06176647479,-0.05550317457,0.003740975631,-0.01634416858
7.271135568,-0.06178829731,-0.05569119324,0.002423046047,-0.01768439777
7.31865933,-0.06181098351,-0.05588587767,0.001079887763,-0.01901376224
7.366183092,-0.06183447712,-0.05608675464,-0.0002868068231,-0.02033182193
7.413706853,-0.0618587219,-0.05629335092,-0.001675345311,-0.02163813676
7.461230615,-0.06188366158,-0.0565051933,-0.003084035303,-0.02293226668
7.508754377,-0.06190923992,-0.05672180856,-0.004511184399,-0.02421377159
7.556278139,-0.06193540067,-0.05694272348,-0.005955100202,-0.02548221145
7.603801901,-0.06196208755,-0.05716746484,-0.007414090311,-0.02673714618
7.651325663,-0.06198924433,-0.05739555943,-0.008886462329,-0.0279781357
7.698849425,-0.06201681475,-0.05762653402,-0.01037052386,-0.02920473995
7.746373187,-0.06204474255,-0.05785991539,-0.01186458249,-0.03041651886
7.793896948,-0.06207297148,-0.05809523034,-0.01336694584,-0.03161303236
7.84142071,-0.06210144529,-0.05833200563,-0.0148759215,-0.03279384038
7.888944472,-0.06213010771,-0.05856976804,-0.01638981708,-0.03395850285
7.936468234,-0.06215890251,-0.05880804437,-0.01790694017,-0.0351065797
7.983991996,-0.06218777341,-0.05904636139,-0.01942559838,-0.03623763085
8.031515758,-0.06221666417,-0.05928424589,-0.0209440993,-0.03735121626
8.07903952,-0.06224551853,-0.05952122463,-0.02246075054,-0.03844689583
8.126563282,-0.06227428025,-0.05975682441,-0.02397385971,-0.0395242295
8.174087044,-0.06230289305,-0.05999057201,-0.02548173439,-0.0405827772
8.221610805,-0.0623313007,-0.0602219942,-0.02698268219,-0.04162209887
8.269134567,-0.06235944693,-0.06045061778,-0.02847501072,-0.04264175443
8.316658329,-0.06238727549,-0.06067596951,-0.02995702758,-0.04364130381
8.364182091,-0.06241473013,-0.06089757618,-0.03142704035,-0.04462030695
8.411705853,-0.0624417546,-0.06111496458,-0.03288335666,-0.04557832377
8.459229615,-0.06246829263,-0.06132766148,-0.03432428409,-0.0465149142
8.506753377,-0.06249428797,-0.06153519366,-0.03574813025,-0.04742963818
8.554277139,-0.06251968438,-0.06173708791,-0.03715320274,-0.04832205564
8.6018009,-0.06254442559,-0.061932871,-0.03853780916,-0.04919172649
8.649324662,-0.06256845535,-0.06212206973,-0.03990025712,-0.05003821069
8.696848424,-0.0625917174,-0.06230421086,-0.0412388542,-0.05086106815
8.744372186,-0.0626141555,-0.06247882118,-0.04255190802,-0.0516598588
8.791895948,-0.06263571339,-0.06264542747,-0.04383772618,-0.05243414258
8.83941971,-0.06265633481,-0.06280355652,-0.04509461628,-0.05318347942
8.886943472,-0.06267596351,-0.0629527351,-0.04632088591,-0.05390742925
8.934467234,-0.06269454324,-0.06309248999,-0.04751484268,-0.05460555199
8.981990995,-0.06271201773,-0.06322234798,-0.04867479419,-0.05527740758
9.029514757,-0.06272833074,-0.06334183585,-0.04979904804,-0.05592255595
9.077038519,-0.06274342602,-0.06345048038,-0.05088591184,-0.05654055703
9.124562281,-0.0627572473,-0.06354780834,-0.05193369318,-0.05713097074
9.172086043,-0.06276973833,-0.06363334653,-0.05294069966,-0.05769335703
9.219609805,-0.06278084286,-0.06370662172,-0.05390523889,-0.05822727581
9.267133567,-0.06279050464,-0.06376716069,-0.05482561847,-0.05873228703
9.314657329,-0.06279866741,-0.06381449023,-0.055700146,-0.0592079506
9.362181091,-0.06280527491,-0.06384813711,-0.05652712907,-0.05965382647
9.409704852,-0.0628102709,-0.06386762812,-0.0573048753,-0.06006947455
9.457228614,-0.06281359911,-0.06387249003,-0.05803169227,-0.06045445479
9.504752376,-0.06281520329,-0.06386224964,-0.0587058876,-0.06080832711
9.552276138,-0.0628150272,-0.06383643371,-0.05932576889,-0.06113065144
9.5997999,-0.06281301456,-0.06379456904,-0.05988964373,-0.06142098771
9.647323662,-0.06280910914,-0.0637361824,-0.06039581972,-0.06167889586
9.694847424,-0.06280325467,-0.06366080057,-0.06084260447,-0.06190393581
9.742371186,-0.0627953949,-0.06356795034,-0.06122830558,-0.06209566749
9.789894947,-0.06278547358,-0.06345715849,-0.06155123065,-0.06225365083
9.837418709,-0.06277343446,-0.06332795179,-0.06180968729,-0.06237744577
9.884942471,-0.06275922127,-0.06317985703,-0.06200198308,-0.06246661224
9.932466233,-0.06274277776,-0.06301240099,-0.06212642564,-0.06252071016
9.979989995,-0.06272404768,-0.06282511045,-0.06218132256,-0.06253929946
10.02751376,-0.06270353521,-0.06262246821,-0.06217720044,-0.06252812249
10.07503752,-0.06268368764,-0.06242613217,-0.06216729377,-0.06251435515
10.12256128,-0.06266478334,-0.06223856865,-0.06215800515,-0.06250124383
10.17008504,-0.06264680544,-0.06205963229,-0.06214932391,-0.0624887776
10.2176088,-0.06262973706,-0.06188917772,-0.0621412394,-0.06247694551
10.26513257,-0.06261356132,-0.06172705959,-0.06213374098,-0.06246573661
10.31265633,-0.06259826133,-0.06157313254,-0.06212681797,-0.06245513995
10.36018009,-0.06258382021,-0.0614272512,-0.06212045974,-0.06244514459
10.40770385,-0.06257022108,-0.06128927022,-0.06211465561,-0.06243573958
10.45522761,-0.06255744707,-0.06115904425,-0.06210939495,-0.06242691397
10.50275138,-0.06254548128,-0.06103642791,-0.06210466708,-0.06241865682
10.55027514,-0.06253430684,-0.06092127584,-0.06210046137,-0.06241095718
10.5977989,-0.06252390687,-0.0608134427,-0.06209676715,-0.0624038041
10.64532266,-0.06251426448,-0.06071278311,-0.06209357376,-0.06239718663
10.69284642,-0.0625053628,-0.06061915173,-0.06209087055,-0.06239109384
10.74037019,-0.06249718494,-0.06053240318,-0.06208864688,-0.06238551477
10.78789395,-0.06248971402,-0.06045239211,-0.06208689207,-0.06238043847
10.83541771,-0.06248293317,-0.06037897317,-0.06208559549,-0.062375854
10.88294147,-0.06247682549,-0.06031200098,-0.06208474646,-0.06237175041
10.93046523,-0.06247137411,-0.06025133019,-0.06208433434,-0.06236811676
10.97798899,-0.06246656215,-0.06019681544,-0.06208434848,-0.06236494209
11.02551276,-0.06246237272,-0.06014831137,-0.06208477821,-0.06236221547
11.07303652,-0.06245878895,-0.06010567262,-0.06208561288,-0.06235992593
11.12056028,-0.06245579395,-0.06006875383,-0.06208684184,-0.06235806255
11.16808404,-0.06245337084,-0.06003740964,-0.06208845443,-0.06235661436
11.2156078,-0.06245150274,-0.0600114947,-0.06209043999,-0.06235557043
11.26313157,-0.06245017278,-0.05999086363,-0.06209278788,-0.0623549198
11.31065533,-0.06244936406,-0.05997537108,-0.06209548744,-0.06235465154
11.35817909,-0.06244905971,-0.0599648717,-0.062098528,-0.06235475468
11.40570285,-0.06244924284,-0.05995922012,-0.06210189893,-0.06235521829
11.45322661,-0.06244989658,-0.05995827097,-0.06210558955,-0.06235603142
11.50075038,-0.06245100404,-0.05996187891,-0.06210958922,-0.06235718312
11.54827414,-0.06245254834,-0.05996989858,-0.06211388728,-0.06235866245
11.5957979,-0.0624545126,-0.0599821846,-0.06211847308,-0.06236045845
11.64332166,-0.06245687995,-0.05999859162,-0.06212333596,-0.06236256019
11.69084542,-0.06245963349,-0.06001897429,-0.06212846526,-0.0623649567
11.73836918,-0.06246275635,-0.06004318724,-0.06213385034,-0.06236763706
11.78589295,-0.06246623164,-0.06007108511,-0.06213948053,-0.06237059031
11.83341671,-0.06247004249,-0.06010252255,-0.06214534518,-0.0623738055
11.88094047,-0.06247417201,-0.06013735419,-0.06215143364,-0.06237727168
11.92846423,-0.06247860333,-0.06017543467,-0.06215773525,-0.06238097792
11.97598799,-0.06248331955,-0.06021661863,-0.06216423935,-0.06238491326
12.02351176,-0.06248830381,-0.06026076072,-0.0621709353,-0.06238906675
12.07103552,-0.06249353921,-0.06030771557,-0.06217781243,-0.06239342745
12.11855928,-0.06249900888,-0.06035733783,-0.06218486009,-0.06239798442
12.16608304,-0.06250469593,-0.06040948213,-0.06219206762,-0.0624027267
12.2136068,-0.06251058349,-0.06046400311,-0.06219942438,-0.06240764335
12.26113057,-0.06251665468,-0.06052075542,-0.0622069197,-0.06241272342
12.30865433,-0.0625228926,-0.06057959369,-0.06221454293,-0.06241795597
12.35617809,-0.06252928039,-0.06064037256,-0.06222228342,-0.06242333004
12.40370185,-0.06253580116,-0.06070294668,-0.06223013051,-0.06242883469
12.45122561,-0.06254243802,-0.06076717069,-0.06223807354,-0.06243445898
12.49874937,-0.06254917411,-0.06083289922,-0.06224610186,-0.06244019195
12.54627314,-0.06255599252,-0.06089998691,-0.06225420482,-0.06244602267
12.5937969,-0.0625628764,-0.06096828841,-0.06226237175,-0.06245194017
12.64132066,-0.06256980884,-0.06103765836,-0.06227059201,-0.06245793353
12.68884442,-0.06257677298,-0.06110795139,-0.06227885495,-0.06246399178
12.73636818,-0.06258375193,-0.06117902215,-0.06228714989,-0.06247010399
12.78389195,-0.06259072881,-0.06125072527,-0.0622954662,-0.0624762592
12.83141571,-0.06259768674,-0.0613229154,-0.06230379321,-0.06248244647
12.87893947,-0.06260460883,-0.06139544718,-0.06231212026,-0.06248865485
12.92646323,-0.06261147822,-0.06146817524,-0.06232043672,-0.0624948734
12.97398699,-0.062618278,-0.06154095422,-0.06232873191,-0.06250109116
13.02151076,-0.06262499131,-0.06161363878,-0.06233699519,-0.0625072972
13.06903452,-0.06263160126,-0.06168608354,-0.06234521589,-0.06251348056
13.11655828,-0.06263809098,-0.06175814315,-0.06235338337,-0.0625196303
13.16408204,-0.06264444357,-0.06182967225,-0.06236148697,-0.06252573547
13.2116058,-0.06265064216,-0.06190052547,-0.06236951604,-0.06253178512
13.25912956,-0.06265666987,-0.06197055746,-0.06237745991,-0.06253776831
13.30665333,-0.06266250982,-0.06203962286,-0.06238530794,-0.06254367409
13.35417709,-0.06266814512,-0.0621075763,-0.06239304946,-0.06254949151
13.40170085,-0.06267355889,-0.06217427244,-0.06240067383,-0.06255520963
13.44922461,-0.06267873426,-0.0622395659,-0.06240817039,-0.06256081749
13.49674837,-0.06268365433,-0.06230331133,-0.06241552848,-0.06256630416
13.54427214,-0.06268830224,-0.06236536337,-0.06242273745,-0.06257165869
13.5917959,-0.0626926611,-0.06242557665,-0.06242978664,-0.06257687012
13.63931966,-0.06269671402,-0.06248380583,-0.0624366654,-0.06258192751
13.68684342,-0.06270044413,-0.06253990554,-0.06244336308,-0.06258681992
13.73436718,-0.06270383454,-0.06259373041,-0.06244986901,-0.0625915364
13.78189095,-0.06270686838,-0.06264513509,-0.06245617255,-0.062596066
13.82941471,-0.06270952876,-0.06269397422,-0.06246226303,-0.06260039777
13.87693847,-0.06271179881,-0.06274010245,-0.06246812981,-0.06260452077
13.92446223,-0.06271366163,-0.0627833744,-0.06247376223,-0.06260842405
13.97198599,-0.06271510035,-0.06282364472,-0.06247914963,-0.06261209666
14.01950975,-0.06271609809,-0.06286076805,-0.06248428136,-0.06261552766
14.06703352,-0.06271663796,-0.06289459903,-0.06248914676,-0.0626187061
14.11455728,-0.06271670309,-0.06292499231,-0.06249373517,-0.06262162103
14.16208104,-0.0627162766,-0.06295180251,-0.06249803595,-0.06262426151
14.2096048,-0.06271534159,-0.06297488428,-0.06250203844,-0.06262661659
14.25712856,-0.0627138812,-0.06299409226,-0.06250573198,-0.06262867532
14.30465233,-0.06271187854,-0.0630092811,-0.06250910592,-0.06263042675
14.35217609,-0.06270931673,-0.06302030543,-0.0625121496,-0.06263185994
14.39969985,-0.06270617888,-0.06302701988,-0.06251485237,-0.06263296395
14.44722361,-0.06270244812,-0.06302927911,-0.06251720357,-0.06263372781
14.49474737,-0.06269810757,-0.06302693775,-0.06251919255,-0.0626341406
14.54227114,-0.06269314034,-0.06301985044,-0.06252080865,-0.06263419136
14.5897949,-0.06268752955,-0.06300787183,-0.06252204122,-0.06263386914
14.63731866,-0.06268125832,-0.06299085654,-0.0625228796,-0.06263316299
14.68484242,-0.06267430978,-0.06296865923,-0.06252331314,-0.06263206198
14.73236618,-0.06266666703,-0.06294113453,-0.06252333118,-0.06263055515
14.77988994,-0.0626583132,-0.06290813709,-0.06252292306,-0.06262863156
14.82741371,-0.06264923141,-0.06286952153,-0.06252207814,-0.06262628025
14.87493747,-0.06263940477,-0.06282514251,-0.06252078576,-0.06262349029
14.92246123,-0.06262881641,-0.06277485466,-0.06251903525,-0.06262025073
14.96998499,-0.06261744944,-0.06271851263,-0.06251681598,-0.06261655061
15.01750875,-0.06260540414,-0.06265659942,-0.06251416118,-0.06261242683
15.06503252,-0.06259392639,-0.0625957825,-0.06251153642,-0.06260838677
15.11255628,-0.06258333762,-0.06253784966,-0.0625090668,-0.06260456579
15.16008004,-0.06257361452,-0.06248274821,-0.06250674886,-0.0626009591
15.2076038,-0.0625647338,-0.06243042544,-0.06250457915,-0.06259756188
15.25512756,-0.06255667216,-0.06238082866,-0.06250255423,-0.06259436934
15.30265133,-0.06254940631,-0.06233390516,-0.06250067064,-0.06259137667
15.35017509,-0.06254291294,-0.06228960225,-0.06249892492,-0.06258857907
15.39769885,-0.06253716875,-0.06224786723,-0.06249731364,-0.06258597174
15.44522261,-0.06253215045,-0.0622086474,-0.06249583333,-0.06258354987
15.49274637,-0.06252783474,-0.06217189006,-0.06249448055,-0.06258130865
15.54027014,-0.06252419833,-0.06213754251,-0.06249325184,-0.06257924329
15.5877939,-0.06252121791,-0.06210555205,-0.06249214375,-0.06257734899
15.63531766,-0.06251887018,-0.06207586599,-0.06249115284,-0.06257562093
15.68284142,-0.06251713185,-0.06204843162,-0.06249027565,-0.06257405432
15.73036518,-0.06251597962,-0.06202319625,-0.06248950872,-0.06257264435
15.77788894,-0.06251539019,-0.06200010717,-0.06248884862,-0.06257138622
15.82541271,-0.06251534027,-0.06197911169,-0.06248829188,-0.06257027513
15.87293647,-0.06251580655,-0.06196015711,-0.06248783506,-0.06256930627
15.92046023,-0.06251676574,-0.06194319073,-0.0624874747,-0.06256847484
15.96798399,-0.06251819454,-0.06192815985,-0.06248720736,-0.06256777604
16.01550775,-0.06252006965,-0.06191501178,-0.06248702958,-0.06256720506
16.06303152,-0.06252236777,-0.0619036938,-0.06248693791,-0.0625667571
16.11055528,-0.06252506561,-0.06189415323,-0.0624869289,-0.06256642736
16.15807904,-0.06252813987,-0.06188633737,-0.0624869991,-0.06256621103
16.2056028,-0.06253156724,-0.0618801935,-0.06248714505,-0.06256610331
16.25312656,-0.06253532444,-0.06187566895,-0.06248736332,-0.0625660994
16.30065033,-0.06253938816,-0.061872711,-0.06248765043,-0.0625661945
16.34817409,-0.0625437351,-0.06187126697,-0.06248800295,-0.0625663838
16.39569785,-0.06254834197,-0.06187128414,-0.06248841743,-0.06256666249
16.44322161,-0.06255318547,-0.06187270982,-0.0624888904,-0.06256702578
16.49074537,-0.0625582423,-0.06187549132,-0.06248941843,-0.06256746886
16.53826913,-0.06256348917,-0.06187957593,-0.06248999805,-0.06256798693
16.5857929,-0.06256890276,-0.06188491095,-0.06249062582,-0.06256857518
16.63331666,-0.0625744598,-0.06189144368,-0.06249129829,-0.06256922882
16.68084042,-0.06258013697,-0.06189912144,-0.062492012,-0.06256994303
16.72836418,-0.06258591099,-0.06190789151,-0.06249276351,-0.06257071302
16.77588794,-0.06259175854,-0.06191770119,-0.06249354936,-0.06257153398
16.82341171,-0.06259765635,-0.0619284978,-0.0624943661,-0.06257240111
16.87093547,-0.06260358109,-0.06194022862,-0.06249521028,-0.06257330961
16.91845923,-0.06260950949,-0.06195284097,-0.06249607845,-0.06257425467
16.96598299,-0.06261541824,-0.06196628214,-0.06249696716,-0.06257523149
17.01350675,-0.06262128403,-0.06198049943,-0.06249787295,-0.06257623526
17.06103052,-0.06262708359,-0.06199544015,-0.06249879238,-0.06257726119
17.10855428,-0.0626327936,-0.06201105159,-0.062499722,-0.06257830447
17.15607804,-0.06263839076,-0.06202728105,-0.06250065834,-0.06257936029
17.2036018,-0.06264385179,-0.06204407584,-0.06250159797,-0.06258042386
17.25112556,-0.06264915338,-0.06206138327,-0.06250253743,-0.06258149037
17.29864932,-0.06265427224,-0.06207915062,-0.06250347327,-0.06258255501
17.34617309,-0.06265918506,-0.0620973252,-0.06250440204,-0.06258361299
17.39369685,-0.06266386854,-0.06211585431,-0.06250532028,-0.0625846595
17.44122061,-0.0626682994,-0.06213468525,-0.06250622455,-0.06258568974
17.48874437,-0.06267245433,-0.06215376532,-0.0625071114,-0.0625866989
17.53626813,-0.06267631003,-0.06217304183,-0.06250797737,-0.06258768218
17.5837919,-0.06267984321,-0.06219246208,-0.06250881901,-0.06258863478
17.63131566,-0.06268303057,-0.06221197336,-0.06250963287,-0.0625895519
17.67883942,-0.0626858488,-0.06223152298,-0.0625104155,-0.06259042872
17.72636318,-0.06268827462,-0.06225105823,-0.06251116345,-0.06259126045
17.77388694,-0.06269028472,-0.06227052643,-0.06251187326,-0.06259204229
17.82141071,-0.06269185581,-0.06228987486,-0.06251254149,-0.06259276943
17.86893447,-0.06269296458,-0.06230905084,-0.06251316469,-0.06259343707
17.91645823,-0.06269358774,-0.06232800166,-0.0625137394,-0.06259404041
17.96398199,-0.062693702,-0.06234667462,-0.06251426217,-0.06259457463
18.01150575,-0.06269328405,-0.06236501702,-0.06251472956,-0.06259503495
18.05902951,-0.06269231059,-0.06238297617,-0.0625151381,-0.06259541655
18.10655328,-0.06269075833,-0.06240049937,-0.06251548435,-0.06259571463
18.15407704,-0.06268860397,-0.06241753391,-0.06251576486,-0.06259592439
18.2016008,-0.06268582421,-0.0624340271,-0.06251597618,-0.06259604103
18.24912456,-0.06268239575,-0.06244992624,-0.06251611485,-0.06259605974
18.29664832,-0.0626782953,-0.06246517863,-0.06251617742,-0.06259597572
18.34417209,-0.06267349955,-0.06247973157,-0.06251616045,-0.06259578417
18.39169585,-0.06266798522,-0.06249353237,-0.06251606048,-0.06259548028
18.43921961,-0.06266172899,-0.06250652832,-0.06251587406,-0.06259505925
18.48674337,-0.06265470758,-0.06251866672,-0.06251559773,-0.06259451628
18.53426713,-0.06264689768,-0.06252989487,-0.06251522806,-0.06259384656
18.5817909,-0.062638276,-0.06254016008,-0.06251476158,-0.06259304529
18.62931466,-0.06262881924,-0.06254940965,-0.06251419485,-0.06259210767
18.67683842,-0.06261850409,-0.06255759088,-0.06251352441,-0.06259102889
18.72436218,-0.06260730727,-0.06256465107,-0.06251274681,-0.06258980415
18.77188594,-0.06259520548,-0.06257053752,-0.06251185861,-0.06258842866
18.8194097,-0.06258217541,-0.06257519752,-0.06251085634,-0.06258689759
18.86693347,-0.06256819377,-0.0625785784,-0.06250973657,-0.06258520616
18.91445723,-0.06255323726,-0.06258062743,-0.06250849583,-0.06258334955
18.96198099,-0.06253728258,-0.06258129193,-0.06250713068,-0.06258132297
19.00950475,-0.06252030644,-0.06258051919,-0.06250563767,-0.06257912161
19.05702851,-0.06250228553,-0.06257825652,-0.06250401334,-0.06257674067
19.10455228,-0.06248319656,-0.06257445122,-0.06250225424,-0.06257417534
19.15207604,-0.06246301623,-0.06256905058,-0.06250035692,-0.06257142083
19.1995998,-0.06244172124,-0.06256200192,-0.06249831794,-0.06256847232
19.24712356,-0.0624192883,-0.06255325252,-0.06249613383,-0.06256532503
19.29464732,-0.0623956941,-0.0625427497,-0.06249380115,-0.06256197413
19.34217109,-0.06237091535,-0.06253044075,-0.06249131645,-0.06255841483
19.38969485,-0.06234492875,-0.06251627297,-0.06248867628,-0.06255464233
19.43721861,-0.062317711,-0.06250019366,-0.06248587718,-0.06255065182
19.48474237,-0.06228923881,-0.06248215013,-0.0624829157,-0.0625464385
19.53226613,-0.06225948887,-0.06246208968,-0.0624797884,-0.06254199756
19.57978989,-0.06222843789,-0.06243995961,-0.06247649181,-0.06253732421
19.62731366,-0.06219606256,-0.06241570721,-0.0624730225,-0.06253241364
19.67483742,-0.0621623396,-0.06238927979,-0.062469377,-0.06252726105
19.72236118,-0.06212724571,-0.06236062466,-0.06246555188,-0.06252186162
19.76988494,-0.06209075757,-0.0623296891,-0.06246154366,-0.06251621057
19.8174087,-0.06205285191,-0.06229642043,-0.06245734892,-0.06251030309
19.86493247,-0.06201350542,-0.06226076594,-0.06245296418,-0.06250413437
19.91245623,-0.06197269479,-0.06222267293,-0.06244838601,-0.06249769961
19.95997999,-0.06193039674,-0.06218208871,-0.06244361095,-0.06249099401
20.00750375,-0.06188671445,-0.062139084,-0.06243864059,-0.06248402279
20.05502751,-0.06184796198,-0.06209976455,-0.0624337271,-0.0624772873
20.10255128,-0.06181737811,-0.06206715885,-0.06242900801,-0.0624710559
20.15007504,-0.06179455893,-0.06204072704,-0.06242447699,-0.06246531002
20.1975988,-0.06177910055,-0.06201992923,-0.06242012769,-0.06246003113
20.24512256,-0.06177059906,-0.06200422558,-0.06241595378,-0.0624552007
20.29264632,-0.06176865057,-0.0619930762,-0.06241194891,-0.06245080018
20.34017009,-0.06177285118,-0.06198594124,-0.06240810675,-0.06244681102
20.38769385,-0.06178279698,-0.06198228082,-0.06240442095,-0.0624432147
20.43521761,-0.06179808408,-0.06198155507,-0.06240088518,-0.06243999266
20.48274137,-0.06181830858,-0.06198322413,-0.06239749309,-0.06243712636
20.53026513,-0.06184306658,-0.06198674813,-0.06239423835,-0.06243459727
20.57778889,-0.06187195419,-0.06199158719,-0.06239111461,-0.06243238685
20.62531266,-0.06190456749,-0.06199720146,-0.06238811553,-0.06243047655
20.67283642,-0.06194050259,-0.06200305106,-0.06238523478,-0.06242884782
20.72036018,-0.0619793556,-0.06200859613,-0.06238246601,-0.06242748214
20.76788394,-0.06202072261,-0.0620132968,-0.06237980288,-0.06242636096
20.8154077,-0.06206419973,-0.06201661319,-0.06237723906,-0.06242546574
20.86293147,-0.06210938305,-0.06201800544,-0.0623747682,-0.06242477793
20.91045523,-0.06215586868,-0.06201693369,-0.06237238397,-0.062424279
20.95797899,-0.06220325271,-0.06201285806,-0.06237008001,-0.06242395041
21.00550275,-0.06225113125,-0.06200523868,-0.06236785,-0.06242377361
21.05302651,-0.0622991004,-0.06199353569,-0.0623656876,-0.06242373006
21.10055028,-0.06234675626,-0.06197720923,-0.06236358645,-0.06242380122
21.14807404,-0.06239369493,-0.06195571941,-0.06236154023,-0.06242396856
21.1955978,-0.06243951251,-0.06192852638,-0.06235954258,-0.06242421353
21.24312156,-0.0624838051,-0.06189509026,-0.06235758718,-0.06242451758
21.29064532,-0.0625261688,-0.06185487119,-0.06235566769,-0.06242486218
21.33816908,-0.06256619971,-0.0618073293,-0.06235377775,-0.06242522879
21.38569285,-0.06260349394,-0.06175192472,-0.06235191103,-0.06242559887
21.43321661,-0.06263764758,-0.06168811758,-0.0623500612,-0.06242595387
21.48074037,-0.06266825674,-0.06161536801,-0.0623482219,-0.06242627525
21.52826413,-0.06269491751,-0.06153313615,-0.06234638681,-0.06242654447
21.57578789,-0.062717226,-0.06144088213,-0.06234454958,-0.062426743
21.62331166,-0.0627347783,-0.06133806607,-0.06234270387,-0.06242685229
21.67083542,-0.06274717052,-0.06122414812,-0.06234084334,-0.06242685379
21.71835918,-0.06275399877,-0.0610985884,-0.06233896165,-0.06242672898
21.76588294,-0.06275485913,-0.06096084704,-0.06233705245,-0.0624264593
21.8134067,-0.06274934771,-0.06081038418,-0.06233510942,-0.06242602622
21.86093047,-0.06273706061,-0.06064665995,-0.06233312621,-0.06242541119
21.90845423,-0.06271759393,-0.06046913448,-0.06233109648,-0.06242459568
21.95597799,-0.06269054378,-0.06027726791,-0.06232901388,-0.06242356114
22.00350175,-0.06265550625,-0.06007052035,-0.06232687209,-0.06242228904
22.05102551,-0.06261207744,-0.05984835195,-0.06232466475,-0.06242076082
22.09854927,-0.06255985346,-0.05961022284,-0.06232238554,-0.06241895795
22.14607304,-0.0624984304,-0.05935559315,-0.0623200281,-0.0624168619
22.1935968,-0.06242740437,-0.059083923,-0.0623175861,-0.06241445411
22.24112056,-0.06234637146,-0.05879467254,-0.0623150532,-0.06241171604
22.28864432,-0.06225492779,-0.0584873019,-0.06231242305,-0.06240862917
22.33616808,-0.06215266944,-0.0581612712,-0.06230968933,-0.06240517493
22.38369185,-0.06203919252,-0.05781604058,-0.06230684568,-0.0624013348
22.43121561,-0.06191409313,-0.05745107017,-0.06230388577,-0.06239709024
22.47873937,-0.06177696737,-0.0570658201,-0.06230080326,-0.06239242269
22.52626313,-0.06162741134,-0.0566597505,-0.0622975918,-0.06238731363
22.57378689,-0.06146502114,-0.05623232151,-0.06229424507,-0.0623817445
22.62131066,-0.06128939288,-0.05578299326,-0.0622907567,-0.06237569678
22.66883442,-0.06110012265,-0.05531122587,-0.06228712038,-0.06236915191
22.71635818,-0.06089680656,-0.05481647949,-0.06228332975,-0.06236209135
22.76388194,-0.06067904069,-0.05429821424,-0.06227937848,-0.06235449657
22.8114057,-0.06044642117,-0.05375589025,-0.06227526023,-0.06234634903
22.85892946,-0.06019854408,-0.05318896766,-0.06227096865,-0.06233763018
22.90645323,-0.05993500553,-0.05259690659,-0.0622664974,-0.06232832148
22.95397699,-0.05965540162,-0.05197916719,-0.06226184016,-0.06231840439
23.00150075,-0.05935932844,-0.05133520957,-0.06225699056,-0.06230786037
23.04902451,-0.05904638211,-0.05066449388,-0.06225194229,-0.06229667088
23.09654827,-0.05871615871,-0.04996648025,-0.06224668899,-0.06228481738
23.14407204,-0.05836825436,-0.0492406288,-0.06224122432,-0.06227228132
23.1915958,-0.05800226515,-0.04848639967,-0.06223554195,-0.06225904417
23.23911956,-0.05761778718,-0.04770325299,-0.06222963553,-0.06224508739
23.28664332,-0.05721441655,-0.04689064889,-0.06222349873,-0.06223039242
23.33416708,-0.05679174937,-0.04604804751,-0.0622171252,-0.06221494075
23.38169085,-0.05634938173,-0.04517490897,-0.06221050861,-0.06219871381
23.42921461,-0.05588690974,-0.04427069341,-0.06220364261,-0.06218169307
23.47673837,-0.0554039295,-0.04333486096,-0.06219652087,-0.06216385999
23.52426213,-0.0549000371,-0.04236687175,-0.06218913704,-0.06214519603
23.57178589,-0.05437482865,-0.04136618591,-0.06218148478,-0.06212568265
23.61930965,-0.05382790024,-0.04033226358,-0.06217355775,-0.0621053013
23.66683342,-0.05325884799,-0.03926456489,-0.06216534962,-0.06208403345
23.71435718,-0.05266726799,-0.03816254996,-0.06215685404,-0.06206186055
23.76188094,-0.05205275634,-0.03702567893,-0.06214806468,-0.06203876407
23.8094047,-0.05141490913,-0.03585341194,-0.06213897519,-0.06201472546
23.85692846,-0.05075332249,-0.0346452091,-0.06212957923,-0.06198972617
23.90445223,-0.05006759249,-0.03340053057,-0.06211987046,-0.06196374768
23.95197599,-0.04935731525,-0.03211883646,-0.06210984255,-0.06193677144
23.99949975,-0.04862208686,-0.03079958691,-0.06209948914,-0.0619087789
24.04702351,-0.04786150343,-0.02944224205,-0.06208880391,-0.06187975153
24.09454727,-0.04707516105,-0.02804626201,-0.06207778051,-0.06184967079
24.14207104,-0.04626265583,-0.02661110693,-0.0620664126,-0.06181851813
24.1895948,-0.04542358387,-0.02513623694,-0.06205469385,-0.06178627502
24.23711856,-0.04455754126,-0.02362111216,-0.0620426179,-0.0617529229
24.28464232,-0.04366412412,-0.02206519273,-0.06203017843,-0.06171844325
24.33216608,-0.04274292853,-0.02046793879,-0.06201736909,-0.06168281752
24.37968984,-0.04179355061,-0.01882881045,-0.06200418353,-0.06164602717
24.42721361,-0.04081558644,-0.01714726787,-0.06199061543,-0.06160805366
24.47473737,-0.03980863214,-0.01542277116,-0.06197665844,-0.06156887844
24.52226113,-0.0387722838,-0.01365478045,-0.06196230622,-0.06152848298
24.56978489,-0.03770613752,-0.01184275589,-0.06194755243,-0.06148684873
24.61730865,-0.03660978941,-0.009986157606,-0.06193239073,-0.06144395716
24.66483242,-0.03548283556,-0.008084445722,-0.06191681478,-0.06139978972
24.71235618,-0.03432487208,-0.006137080374,-0.06190081823,-0.06135432788
24.75987994,-0.03313549507,-0.004143521693,-0.06188439476,-0.06130755308
24.8074037,-0.03191430062,-0.002103229813,-0.06186753802,-0.0612594468
24.85492746,-0.03066088484,-1.56648632e-05,-0.06185024166,-0.06120999048
24.90245123,-0.02937484383,0.002119713023,-0.06183249936,-0.06115916559
24.94997499,-0.02805577369,0.004303443714,-0.06181430476,-0.06110695359
24.99749875,-0.02670327051,0.006536067078,-0.06179565154,-0.06105333593
25.04502251,-0.02533817787,0.008769904088,-0.06177726084,-0.06100150047
25.09254627,-0.02398634639,0.01094651946,-0.06176000087,-0.06095510686
25.14007004,-0.02264778538,0.01306647484,-0.06174384079,-0.06091375012
25.1875938,-0.02132243874,0.01513048077,-0.06172874754,-0.06087701518
25.23511756,-0.02001025038,0.01713924781,-0.06171468803,-0.06084448698
25.28264132,-0.01871116418,0.0190934865,-0.0617016292,-0.06081575045
25.33016508,-0.01742512405,0.0209939074,-0.06168953797,-0.06079039052
25.37768884,-0.01615207389,0.02284122104,-0.06167838127,-0.06076799213
25.42521261,-0.0148919576,0.02463613799,-0.06166812601,-0.06074814022
25.47273637,-0.01364471907,0.02637936878,-0.06165873913,-0.06073041971
25.52026013,-0.01241030221,0.02807162397,-0.06165018754,-0.06071441554
25.56778389,-0.01118865091,0.02971361411,-0.06164243818,-0.06069971265
25.61530765,-0.009979709072,0.03130604974,-0.06163545797,-0.06068589596
25.66283142,-0.008783420596,0.03284964142,-0.06162921383,-0.06067255042
25.71035518,-0.007599729381,0.03434509968,-0.06162367269,-0.06065926096
25.75787894,-0.006428579325,0.03579313509,-0.06161880147,-0.06064561251
25.8054027,-0.005269914327,0.03719445819,-0.06161456711,-0.06063119
25.85292646,-0.004123678286,0.03854977952,-0.06161093651,-0.06061557838
25.90045023,-0.002989815102,0.03985980964,-0.06160787661,-0.06059836257
25.94797399,-0.001868268673,0.0411252591,-0.06160535434,-0.06057912751
25.99549775,-0.0007589828975,0.04234683844,-0.06160333662,-0.06055745813
26.04302151,0.0003380983247,0.04352525822,-0.06160179036,-0.06053293937
26.09054527,0.001423031095,0.04466122898,-0.06160068251,-0.06050515616
26.13806903,0.002495871514,0.04575546126,-0.06159997998,-0.06047369343
26.1855928,0.003556675684,0.04680866563,-0.0615996497,-0.06043813612
26.23311656,0.004605499704,0.04782155263,-0.06159965858,-0.06039806917
26.28064032,0.005642399677,0.0487948328,-0.06159997357,-0.06035307751
26.32816408,0.006667431704,0.0497292167,-0.06160056158,-0.06030274606
26.37568784,0.007680651884,0.05062541487,-0.06160138954,-0.06024665978
26.42321161,0.00868211632,0.05148413786,-0.06160242437,-0.06018440358
26.47073537,0.009671881113,0.05230609623,-0.061603633,-0.06011556241
26.51825913,0.01065000236,0.05309200052,-0.06160498235,-0.0600397212
26.56578289,0.01161653617,0.05384256127,-0.06160643934,-0.05995646488
26.61330665,0.01257153864,0.05455848905,-0.06160797091,-0.05986537839
26.66083042,0.01351506587,0.05524049439,-0.06160954398,-0.05976604665
26.70835418,0.01444717396,0.05588928784,-0.06161112547,-0.05965805462
26.75587794,0.01536791901,0.05650557997,-0.0616126823,-0.05954098721
26.8034017,0.01627735713,0.0570900813,-0.06161418141,-0.05941442937
26.85092546,0.01717554441,0.05764350239,-0.06161558971,-0.05927796602
26.89844922,0.01806253696,0.0581665538,-0.06161687414,-0.05913118211
26.94597299,0.01893839088,0.05865994606,-0.06161800161,-0.05897366256
26.99349675,0.01980316226,0.05912438974,-0.06161893906,-0.05880499232
27.04102051,0.02065690721,0.05956059536,-0.0616196534,-0.05862475631
27.08854427,0.02149968184,0.0599692735,-0.06162011156,-0.05843253946
27.13606803,0.02233154223,0.06035113469,-0.06162028047,-0.05822792672
27.1835918,0.0231525445,0.06070688948,-0.06162012705,-0.05801050302
27.23111556,0.02396274473,0.06103724842,-0.06161961823,-0.05777985329
27.27863932,0.02476219905,0.06134292206,-0.06161872093,-0.05753556246
27.32616308,0.02555096354,0.06162462095,-0.06161740207,-0.05727721548
27.37368684,0.0263290943,0.06188305564,-0.06161562859,-0.05700439727
27.42121061,0.02709664745,0.06211893667,-0.0616133674,-0.05671669276
27.46873437,0.02785367907,0.0623329746,-0.06161058543,-0.0564136869
27.51625813,0.02860024527,0.06252587998,-0.06160724961,-0.05609496462
27.56378189,0.02933640215,0.06269836334,-0.06160332686,-0.05576011084
27.61130565,0.03006220582,0.06285113525,-0.0615987841,-0.05540871051
27.65882941,0.03077771237,0.06298490625,-0.06159358827,-0.05504034856
27.70635318,0.0314829779,0.06310038689,-0.06158770628,-0.05465460992
27.75387694,0.03217805851,0.06319828771,-0.06158110506,-0.05425107953
27.8014007,0.03286301031,0.06327931927,-0.06157375154,-0.05382934232
27.84892446,0.0335378894,0.06334419212,-0.06156561264,-0.05338898323
27.89644822,0.03420275188,0.0633936168,-0.06155665528,-0.05292958718
27.94397199,0.03485765385,0.06342830386,-0.0615468464,-0.05245073912
27.99149575,0.0355026514,0.06344896385,-0.06153615291,-0.05195202398
28.03901951,0.03613780065,0.06345630732,-0.06152454173,-0.05143302669
28.08654327,0.03676315769,0.06345104482,-0.06151197981,-0.05089333219
28.13406703,0.03737877862,0.0634338869,-0.06149843405,-0.05033252541
28.1815908,0.03798471955,0.0634055441,-0.06148387139,-0.04975019128
28.22911456,0.03858103657,0.06336672698,-0.06146825875,-0.04914591474
28.27663832,0.03916778579,0.06331814609,-0.06145156305,-0.04851928073
28.32416208,0.03974502331,0.06326051196,-0.06143375123,-0.04786987417
28.37168584,0.04031280523,0.06319453516,-0.0614147902,-0.04719728001
28.4192096,0.04087118764,0.06312092622,-0.06139464688,-0.04650108317
28.46673337,0.04142022666,0.06304039571,-0.06137328822,-0.04578086858
28.51425713,0.04195997838,0.06295365416,-0.06135068112,-0.0450362212
28.56178089,0.0424904989,0.06286141212,-0.06132679251,-0.04426672594
28.60930465,0.04301184432,0.06276438016,-0.06130158933,-0.04347196775
28.65682841,0.04352407075,0.0626632688,-0.06127503849,-0.04265153155
28.70435218,0.04402723429,0.06255878861,-0.06124710692,-0.04180500228
28.75187594,0.04452139103,0.06245165013,-0.06121776154,-0.04093196488
28.7993997,0.04500659708,0.0623425639,-0.06118696928,-0.04003200427
28.84692346,0.04548290854,0.06223224049,-0.06115469707,-0.0391047054
28.89444722,0.04595038151,0.06212139043,-0.06112091182,-0.0381496532
28.94197099,0.0464090721,0.06201072428,-0.06108558047,-0.0371664326
28.98949475,0.04685903639,0.06190095258,-0.06104866994,-0.03615462853
29.03701851,0.0473003305,0.06179278589,-0.06101014715,-0.03511382594
29.08454227,0.04773301052,0.06168693475,-0.06096997903,-0.03404360974
29.13206603,0.04815713256,0.06158410971,-0.06092813251,-0.03294356489
29.17958979,0.04857275271,0.06148502131,-0.0608845745,-0.03181327631
29.22711356,0.04897992708,0.06139038012,-0.06083927193,-0.03065232894
29.27463732,0.04937871177,0.06130089667,-0.06079219174,-0.02946030771
29.32216108,0.04976916288,0.06121728152,-0.06074330083,-0.02823679755
29.36968484,0.05015133652,0.06114024522,-0.06069256615,-0.0269813834
29.4172086,0.05052528877,0.0610704983,-0.06063995461,-0.02569365019
29.46473237,0.05089107574,0.06100875133,-0.06058543313,-0.02437318287
29.51225613,0.05124875354,0.06095571485,-0.06052896865,-0.02301956635
29.55977989,0.05159837827,0.06091209941,-0.06047052809,-0.02163238558
29.60730365,0.05194000602,0.06087861555,-0.06041007837,-0.02021122549
29.65482741,0.0522736929,0.06085597384,-0.06034758642,-0.01875567102
29.70235118,0.052599495,0.0608448848,-0.06028301916,-0.01726530709
29.74987494,0.05291746844,0.06084605901,-0.06021634352,-0.01573971865
29.7973987,0.0532276693,0.06086020699,-0.06014752642,-0.01417849062
29.84492246,0.0535301537,0.06088803931,-0.06007653479,-0.01258120795
29.89244622,0.05382497773,0.0609302665,-0.06000333555,-0.01094745555
29.93996998,0.05411219749,0.06098759913,-0.05992789563,-0.009276818384
29.98749375,0.05439186909,0.06106074774,-0.05985018195,-0.007568881366
30.03501751,0.05466429403,0.06114507486,-0.05976658038,-0.005858712801
30.08254127,0.05493016681,0.06122728422,-0.05966798942,-0.004235901464
30.13006503,0.05518959668,0.06130674233,-0.05955408677,-0.002703189906
30.17758879,0.05544266183,0.0613834901,-0.05942500883,-0.001258778761
30.22511256,0.05568944047,0.06145756844,-0.05928089201,9.913133809e-05
30.27263632,0.05593001078,0.06152901828,-0.05912187272,0.001372339757
30.32016008,0.05616445096,0.06159788052,-0.05894808737,0.002562645862
30.36768384,0.05639283921,0.06166419609,-0.05875967237,0.00367184902
30.4152076,0.05661525372,0.06172800591,-0.05855676412,0.004701748597
30.46273137,0.05683177269,0.06178935088,-0.05833949904,0.005654143959
30.51025513,0.05704247432,0.06184827193,-0.05810801354,0.006530834472
30.55777889,0.05724743681,0.06190480998,-0.05786244401,0.007333619503
30.60530265,0.05744673834,0.06195900593,-0.05760292689,0.008064298417
30.65282641,0.05764045712,0.06201090071,-0.05732959856,0.008724670582
30.70035018,0.05782867134,0.06206053524,-0.05704259544,0.009316535363
30.74787394,0.05801145919,0.06210795042,-0.05674205395,0.009841692127
30.7953977,0.05818889888,0.06215318719,-0.05642811048,0.01030194024
30.84292146,0.05836106861,0.06219628644,-0.05610090146,0.01069907907
30.89044522,0.05852804656,0.06223728911,-0.05576056328,0.01103490798
30.93796898,0.05868991093,0.06227623611,-0.05540723236,0.01131122634
30.98549275,0.05884673992,0.06231316835,-0.0550410451,0.01152983351
31.03301651,0.05899861172,0.06234812675,-0.05466213791,0.01169252886
31.08054027,0.05914560454,0.06238115223,-0.05427064722,0.01180111176
31.12806403,0.05928779657,0.06241228571,-0.05386670941,0.01185738157
31.17558779,0.05942526599,0.06244156809,-0.05345046091,0.01186313766
31.22311156,0.05955809102,0.06246904031,-0.05302203811,0.0118201794
31.27063532,0.05968634985,0.06249474327,-0.05258157744,0.01173030614
31.31815908,0.05981012067,0.06251871789,-0.05212921529,0.01159531727
31.36568284,0.05992948167,0.06254100509,-0.05166508809,0.01141701214
31.4132066,0.06004451107,0.06256164579,-0.05118933223,0.01119719012
31.46073037,0.06015528704,0.0625806809,-0.05070208413,0.01093765058
31.50825413,0.06026188779,0.06259815134,-0.05020348019,0.01064019288
31.55577789,0.06036439151,0.06261409802,-0.04969365682,0.01030661639
31.60330165,0.06046287641,0.06262856187,-0.04917275044,0.009938720473
31.65082541,0.06055742067,0.0626415838,-0.04864089746,0.009538304501
31.69834917,0.06064810249,0.06265320472,-0.04809823427,0.009107167836
31.74587294,0.06073500007,0.06266346556,-0.0475448973,0.008647109846
31.7933967,0.06081819161,0.06267240722,-0.04698102294,0.008159929897
31.84092046,0.0608977553,0.06268007064,-0.04640674761,0.007647427355
31.88844422,0.06097376933,0.06268649671,-0.04582220772,0.007111401586
31.93596798,0.06104631191,0.06269172637,-0.04522753968,0.006553651957
31.98349175,0.06111546123,0.06269580052,-0.0446228799,0.005975977833
32.03101551,0.06118129549,0.06269876009,-0.04400836477,0.005380178582
32.07853927,0.06124389287,0.06270064599,-0.04338413073,0.004768053568
32.12606303,0.06130333159,0.06270149913,-0.04275031416,0.00414140216
32.17358679,0.06135968983,0.06270136044,-0.04210705149,0.003502023722
32.22111056,0.06141304579,0.06270027083,-0.04145447912,0.002851717622
32.26863432,0.06146347767,0.06269827122,-0.04079273346,0.002192283225
32.31615808,0.06151106366,0.06269540252,-0.04012195092,0.001525519898
32.36368184,0.06155588196,0.06269170566,-0.03944226791,0.0008532270069
32.4112056,0.06159801077,0.06268722154,-0.03875382083,0.000177203918
32.45872936,0.06163752828,0.06268199109,-0.0380567461,-0.0005007500023
32.50625313,0.06167451268,0.06267605522,-0.03735118013,-0.001178835388
32.55377689,0.06170904219,0.06266945484,-0.03663725932,-0.001855252872
32.60130065,0.06174119498,0.06266223089,-0.03591512009,-0.002528203089
32.64882441,0.06177104926,0.06265442426,-0.03518489884,-0.003195886672
32.69634817,0.06179868322,0.06264607588,-0.03444673198,-0.003856504256
32.74387194,0.06182417506,0.06263722667,-0.03370075592,-0.004508256473
32.7913957,0.06184760298,0.06262791754,-0.03294710707,-0.005149343958
32.83891946,0.06186904517,0.06261818941,-0.03218592184,-0.005777967344
32.88644322,0.06188857983,0.0626080832,-0.03141733664,-0.006392327265
32.93396698,0.06190628515,0.06259763982,-0.03064148787,-0.006990624355
32.98149075,0.06192223933,0.06258690019,-0.02985851195,-0.007571059247
33.02901451,0.06193652057,0.06257590522,-0.02906854529,-0.008131832575
33.07653827,0.06194920706,0.06256469584,-0.02827172429,-0.008671144973
33.12406203,0.06196037701,0.06255331296,-0.02746818537,-0.009187197075
33.17158579,0.06197010859,0.06254179749,-0.02665806492,-0.009678189514
33.21910955,0.06197848002,0.06253019036,-0.02584149937,-0.01014232292
33.26663332,0.06198556949,0.06251853248,-0.02501862512,-0.01057779794
33.31415708,0.06199145519,0.06250686477,-0.02418957858,-0.01098281519
33.36168084,0.06199621532,0.06249522814,-0.02335449616,-0.01135557532
33.4092046,0.06199992808,0.06248366351,-0.02251351427,-0.01169427895
33.45672836,0.06200267166,0.06247221179,-0.02166676931,-0.01199712672
33.50425213,0.06200452426,0.06246091391,-0.0208143977,-0.01226231927
33.55177589,0.06200556407,0.06244981079,-0.01995653584,-0.01248805722
33.59929965,0.0620058693,0.06243894333,-0.01909332015,-0.01267254121
33.64682341,0.06200551813,0.06242835245,-0.01822488703,-0.01281397188
33.69434717,0.06200458877,0.06241807908,-0.01735137289,-0.01291054986
33.74187094,0.06200315941,0.06240816412,-0.01647291415,-0.01296047577
33.7893947,0.06200130825,0.0623986485,-0.0155896472,-0.01296195027
33.83691846,0.06199911347,0.06238957313,-0.01470170846,-0.01291317397
33.88444222,0.06199665329,0.06238097893,-0.01380923435,-0.01281234752
33.93196598,0.06199400589,0.06237290682,-0.01291236126,-0.01265767154
33.97948974,0.06199124947,0.0623653977,-0.0120112256,-0.01244734667
34.02701351,0.06198846223,0.06235849251,-0.01110596379,-0.01217957355
34.07453727,0.06198572237,0.06235223215,-0.01019671224,-0.01185255281
34.12206103,0.06198310807,0.06234665754,-0.009283607352,-0.01146448508
34.16958479,0.06198069754,0.0623418096,-0.008366785536,-0.01101357099
34.21710855,0.06197856898,0.06233772925,-0.007446383201,-0.01049801119
34.26463232,0.06197680057,0.0623344574,-0.006522536757,-0.009916006293
34.31215608,0.06197547051,0.06233203497,-0.005595382613,-0.009265756947
34.35967984,0.06197465701,0.06233050288,-0.004665057179,-0.008545463781
34.4072036,0.06197443825,0.06232990204,-0.003731696862,-0.007753327429
34.45472736,0.06197489244,0.06233027337,-0.002795438073,-0.006887548525
34.50225113,0.06197609777,0.06233165779,-0.00185641722,-0.005946327703
34.54977489,0.06197813244,0.06233409621,-0.0009147707119,-0.004927865596
34.59729865,0.06198107463,0.06233762955,2.936504148e-05,-0.003830362838
34.64482241,0.06198500256,0.06234229873,0.0009758536314,-0.002652020064
34.69234617,0.06198999441,0.06234814466,0.001924558649,-0.001391037906
34.73986993,0.06199612838,0.06235520826,0.002875343685,-4.561699765e-05
34.7873937,0.06200348266,0.06236353045,0.00382807233,0.001386042026
34.83491746,0.06201213547,0.06237315214,0.004782608175,0.002905738532
34.88244122,0.06202216498,0.06238411426,0.005738814812,0.004515271887
34.92996498,0.06203364939,0.06239645771,0.006696555831,0.006216441456
34.97748874,0.06204666691,0.06241022342,0.007655694823,0.008011046606
35.02501251,0.06206102318,0.06242516081,0.008614953994,0.009881480049
35.07253627,0.06207529289,0.06243972195,0.009568059222,0.01172404608
35.12006003,0.06208926144,0.06245368204,0.01051404175,0.01352357253
35.16758379,0.06210293218,0.06246705124,0.01145286094,0.01528055798
35.21510755,0.0621163085,0.06247983973,0.01238447613,0.01699550099
35.26263132,0.06212939375,0.06249205767,0.01330884667,0.01866890014
35.31015508,0.06214219131,0.06250371522,0.01422593191,0.02030125401
35.35767884,0.06215470453,0.06251482254,0.01513569121,0.02189306116
35.4052026,0.06216693679,0.0625253898,0.01603808391,0.02344482017
35.45272636,0.06217889145,0.06253542717,0.01693306936,0.02495702962
35.50025013,0.06219057187,0.0625449448,0.0178206069,0.02643018807
35.54777389,0.06220198143,0.06255395287,0.0187006559,0.02786479411
35.59529765,0.06221312348,0.06256246153,0.0195731757,0.0292613463
35.64282141,0.0622240014,0.06257048095,0.02043812565,0.03062034323
35.69034517,0.06223461855,0.06257802129,0.0212954651,0.03194228345
35.73786893,0.06224497829,0.06258509273,0.02214515339,0.03322766555
35.7853927,0.062255084,0.06259170541,0.02298714989,0.03447698811
35.83291646,0.06226493903,0.06259786952,0.02382141393,0.03569074969
35.88044022,0.06227454676,0.0626035952,0.02464790487,0.03686944886
35.92796398,0.06228391055,0.06260889263,0.02546658205,0.03801358421
35.97548774,0.06229303377,0.06261377197,0.02627740484,0.0391236543
36.02301151,0.06230191978,0.06261824338,0.02708033256,0.04020015771
36.07053527,0.06231057195,0.06262231703,0.02787532459,0.04124359302
36.11805903,0.06231899364,0.06262600309,0.02866234026,0.04225445879
36.16558279,0.06232718823,0.06262931171,0.02944133892,0.0432332536
36.21310655,0.06233515907,0.06263225306,0.03021227993,0.04418047602
36.26063032,0.06234290954,0.0626348373,0.03097512263,0.04509662464
36.30815408,0.06235044299,0.06263707461,0.03172982637,0.04598219801
36.35567784,0.0623577628,0.06263897513,0.03247635051,0.04683769472
36.4032016,0.06236487233,0.06264054905,0.03321465439,0.04766361334
36.45072536,0.06237177495,0.06264180651,0.03394469737,0.04846045244
36.49824912,0.06237847402,0.0626427577,0.03466643878,0.0492287106
36.54577289,0.06238497291,0.06264341276,0.03537983799,0.04996888638
36.59329665,0.06239127498,0.06264378186,0.03608485434,0.05068147837
36.64082041,0.06239738361,0.06264387518,0.03678144717,0.05136698514
36.68834417,0.06240330215,0.06264370287,0.03746957585,0.05202590526
36.73586793,0.06240903398,0.06264327509,0.03814919972,0.0526587373
36.7833917,0.06241458246,0.06264260202,0.03882027813,0.05326597984
36.83091546,0.06241995095,0.06264169381,0.03948277042,0.05384813145
36.87843922,0.06242514283,0.06264056062,0.04013663596,0.05440569071
36.92596298,0.06243016145,0.06263921264,0.04078183408,0.05493915619
36.97348674,0.06243501019,0.06263766001,0.04141832414,0.05544902646
37.02101051,0.0624396924,0.0626359129,0.04204606549,0.0559358001
37.06853427,0.06244421147,0.06263398148,0.04266501747,0.05639997568
37.11605803,0.06244857074,0.06263187591,0.04327513944,0.05684205177
37.16358179,0.0624527736,0.06262960636,0.04387639075,0.05726252695
37.21110555,0.06245682339,0.06262718298,0.04446873074,0.0576618998
37.25862931,0.0624607235,0.06262461594,0.04505211877,0.05804066887
37.30615308,0.06246447729,0.06262191542,0.04562651418,0.05839933276
37.35367684,0.06246808811,0.06261909156,0.04619187633,0.05873839003
37.4012006,0.06247155935,0.06261615454,0.04674816456,0.05905833926
37.44872436,0.06247489436,0.06261311452,0.04729533822,0.05935967901
37.49624812,0.06247809651,0.06260998167,0.04783335667,0.05964290787
37.54377189,0.06248116916,0.06260676614,0.04836217925,0.05990852441
37.59129565,0.06248411569,0.0626034781,0.04888176531,0.0601570272
37.63881941,0.06248693946,0.06260012773,0.0493920742,0.06038891482
37.68634317,0.06248964383,0.06259672517,0.04989306527,0.06060468583
37.73386693,0.06249223218,0.06259328059,0.05038469788,0.06080483881
37.7813907,0.06249470786,0.06258980417,0.05086693137,0.06098987235
37.82891446,0.06249707424,0.06258630606,0.05133972508,0.061160285
37.87643822,0.06249933469,0.06258279643,0.05180303838,0.06131657534
37.92396198,0.06250149258,0.06257928544,0.0522568306,0.06145924196
37.97148574,0.06250355127,0.06257578325,0.0527010611,0.06158878341
38.0190095,0.06250551413,0.06257230004,0.05313568924,0.06170569828
38.06653327,0.06250738452,0.06256884596,0.05356067435,0.06181048513
38.11405703,0.06250916581,0.06256543118,0.05397597578,0.06190364255
38.16158079,0.06251086136,0.06256206586,0.0543815529,0.0619856691
38.20910455,0.06251247455,0.06255876017,0.05477736504,0.06205706337
38.25662831,0.06251400873,0.06255552427,0.05516337156,0.06211832391
38.30415208,0.06251546728,0.06255236832,0.0555395318,0.06216994932
38.35167584,0.06251685355,0.0625493025,0.05590580512,0.06221243815
38.3991996,0.06251817092,0.06254633696,0.05626215086,0.06224628899
38.44672336,0.06251942276,0.06254348186,0.05660852838,0.06227200041
38.49424712,0.06252061242,0.06254074738,0.05694489702,0.06229007097
38.54177089,0.06252174328,0.06253814368,0.05727121614,0.06230099927
38.58929465,0.06252281869,0.06253568091,0.05758744508,0.06230528386
38.63681841,0.06252384203,0.06253336926,0.05789354319,0.06230342333
38.68434217,0.06252481667,0.06253121887,0.05818946983,0.06229591624
38.73186593,0.06252574596,0.06252923991,0.05847518434,0.06228326117
38.77938969,0.06252663327,0.06252744255,0.05875064607,0.06226595669
38.82691346,0.06252748198,0.06252583695,0.05901581437,0.06224450139
38.87443722,0.06252829544,0.06252443328,0.05927064859,0.06221939382
38.92196098,0.06252907703,0.0625232417,0.05951510808,0.06219113257
38.96948474,0.0625298301,0.06252227237,0.05974915219,0.06216021621
39.0170085,0.06253055803,0.06252153546,0.05997274027,0.06212714331
39.06453227,0.06253126417,0.06252104114,0.06018583167,0.06209241245
39.11205603,0.06253195191,0.06252079956,0.06038838574,0.06205652219
39.15957979,0.0625326246,0.06252082089,0.06058036183,0.06201997113
39.20710355,0.0625332856,0.0625211153,0.06076171929,0.06198325781
39.25462731,0.06253393829,0.06252169294,0.06093241746,0.06194688083
39.30215108,0.06253458603,0.06252256399,0.0610924157,0.06191133875
39.34967484,0.06253523219,0.06252373861,0.06124167336,0.06187713016
39.3971986,0.06253588013,0.06252522696,0.06138014978,0.06184475361
39.44472236,0.06253653322,0.06252703921,0.06150780432,0.06181470769
39.49224612,0.06253719483,0.06252918552,0.06162459632,0.06178749097
39.53976988,0.06253786832,0.06253167605,0.06173048514,0.06176360202
39.58729365,0.06253855705,0.06253452097,0.06182543013,0.06174353942
39.63481741,0.0625392644,0.06253773044,0.06190939062,0.06172780174
39.68234117,0.06253999372,0.06254131463,0.06198232599,0.06171688755
39.72986493,0.06254074839,0.0625452837,0.06204419556,0.06171129543
39.77738869,0.06254153178,0.06254964782,0.0620949587,0.06171152395
39.82491246,0.06254234724,0.06255441715,0.06213457475,0.06171807169
39.87243622,0.06254319814,0.06255960185,0.06216300306,0.06173143722
39.91995998,0.06254408785,0.06256521209,0.06218020299,0.06175211911
39.96748374,0.06254501974,0.06257125804,0.06218613387,0.06178061593
40.0150075,0.06254599646,0.06257769873,0.06218134281,0.06181693395
40.06253127,0.06254700967,0.06258381086,0.06217423936,0.06185436231
40.11005503,0.06254805505,0.06258936669,0.06216757263,0.0618906437
40.15757879,0.06254913128,0.06259437862,0.0621613352,0.06192579434
40.20510255,0.06255023705,0.06259885906,0.06215551965,0.06195983047
40.25262631,0.06255137103,0.06260282042,0.06215011854,0.06199276829
40.30015008,0.06255253192,0.0626062751,0.06214512448,0.06202462404
40.34767384,0.06255371839,0.06260923552,0.06214053002,0.06205541393
40.3951976,0.06255492913,0.06261171407,0.06213632776,0.0620851542
40.44272136,0.06255616283,0.06261372316,0.06213251026,0.06211386105
40.49024512,0.06255741815,0.0626152752,0.06212907011,0.06214155072
40.53776888,0.06255869379,0.0626163826,0.06212599989,0.06216823943
40.58529265,0.06255998844,0.06261705777,0.06212329217,0.06219394339
40.63281641,0.06256130076,0.0626173131,0.06212093953,0.06221867884
40.68034017,0.06256262946,0.062617161,0.06211893455,0.062242462
40.72786393,0.0625639732,0.06261661389,0.06211726981,0.06226530908
40.77538769,0.06256533067,0.06261568417,0.06211593789,0.06228723631
40.82291146,0.06256670056,0.06261438424,0.06211493137,0.06230825992
40.87043522,0.06256808155,0.06261272652,0.06211424282,0.06232839612
40.91795898,0.06256947232,0.0626107234,0.06211386482,0.06234766114
40.96548274,0.06257087156,0.0626083873,0.06211378995,0.06236607121
41.0130065,0.06257227794,0.06260573062,0.0621140108,0.06238364253
41.06053027,0.06257369015,0.06260276577,0.06211451993,0.06240039135
41.10805403,0.06257510688,0.06259950515,0.06211530993,0.06241633387
41.15557779,0.06257652681,0.06259596118,0.06211637337,0.06243148632
41.20310155,0.06257794862,0.06259214625,0.06211770284,0.06244586493
41.25062531,0.06257937099,0.06258807277,0.06211929091,0.06245948592
41.29814907,0.0625807926,0.06258375316,0.06212113016,0.06247236551
41.34567284,0.06258221215,0.06257919981,0.06212321316,0.06248451992
41.3931966,0.06258362831,0.06257442514,0.06212553251,0.06249596537
41.44072036,0.06258503976,0.06256944154,0.06212808077,0.0625067181
41.48824412,0.06258644519,0.06256426144,0.06213085052,0.06251679431
41.53576788,0.06258784329,0.06255889722,0.06213383435,0.06252621024
41.58329165,0.06258923273,0.06255336131,0.06213702483,0.06253498211
41.63081541,0.0625906122,0.0625476661,0.06214041453,0.06254312613
41.67833917,0.06259198038,0.06254182401,0.06214399605,0.06255065854
41.72586293,0.06259333595,0.06253584743,0.06214776195,0.06255759555
41.77338669,0.0625946776,0.06252974878,0.06215170481,0.06256395339
41.82091046,0.06259600402,0.06252354046,0.06215581722,0.06256974828
41.86843422,0.06259731387,0.06251723488,0.06216009175,0.06257499644
41.91595798,0.06259860585,0.06251084445,0.06216452098,0.06257971409
41.96348174,0.06259987865,0.06250438157,0.06216909749,0.06258391747
42.0110055,0.06260113093,0.06249785864,0.06217381385,0.06258762278
42.05852926,0.06260236139,0.06249128808,0.06217866265,0.06259084626
42.10605303,0.06260356871,0.0624846823,0.06218363647,0.06259360412
42.15357679,0.06260475158,0.06247805369,0.06218872787,0.06259591259
42.20110055,0.06260590866,0.06247141466,0.06219392945,0.0625977879
42.24862431,0.06260703866,0.06246477763,0.06219923377,0.06259924626
42.29614807,0.06260814025,0.06245815499,0.06220463342,0.06260030389
42.34367184,0.06260921211,0.06245155916,0.06221012098,0.06260097702
42.3911956,0.06261025293,0.06244500254,0.06221568902,0.06260128188
42.43871936,0.06261126139,0.06243849753,0.06222133013,0.06260123468
42.48624312,0.06261223617,0.06243205655,0.06222703687,0.06260085165
42.53376688,0.06261317597,0.062425692,0.06223280184,0.06260014901
42.58129065,0.06261407945,0.06241941628,0.0622386176,0.06259914298
42.62881441,0.0626149453,0.06241324181,0.06224447674,0.06259784979
42.67633817,0.06261577221,0.06240718099,0.06225037183,0.06259628565
42.72386193,0.06261655886,0.06240124622,0.06225629546,0.0625944668
42.77138569,0.06261730393,0.06239544992,0.0622622402,0.06259240945
42.81890945,0.06261800611,0.06238980448,0.06226819863,0.06259012983
42.86643322,0.06261866408,0.06238432232,0.06227416332,0.06258764415
42.91395698,0.06261927651,0.06237901585,0.06228012687,0.06258496865
42.96148074,0.06261984211,0.06237389746,0.06228608184,0.06258211954
43.0090045,0.06262035954,0.06236897957,0.06229202081,0.06257911305
43.05652826,0.06262082749,0.06236427457,0.06229793636,0.0625759654
43.10405203,0.06262124464,0.06235979489,0.06230382108,0.06257269281
43.15157579,0.06262160969,0.06235555292,0.06230966753,0.06256931151
43.19909955,0.0626219213,0.06235156108,0.06231546831,0.06256583772
43.24662331,0.06262217816,0.06234783176,0.06232121597,0.06256228765
43.29414707,0.06262237897,0.06234437737,0.06232690312,0.06255867754
43.34167084,0.06262252239,0.06234121033,0.06233252231,0.06255502361
43.3891946,0.06262260711,0.06233834304,0.06233806614,0.06255134207
43.43671836,0.06262263182,0.06233578789,0.06234352717,0.06254764916
43.48424212,0.0626225952,0.06233355731,0.062348898,0.06254396108
43.53176588,0.06262249593,0.0623316637,0.06235417119,0.06254029408
43.57928964,0.06262233269,0.06233011946,0.06235933932,0.06253666437
43.62681341,0.06262210418,0.062328937,0.06236439498,0.06253308816
43.67433717,0.06262180906,0.06232812872,0.06236933074,0.0625295817
43.72186093,0.06262144603,0.06232770704,0.06237413918,0.06252616119
43.76938469,0.06262101376,0.06232768436,0.06237881288,0.06252284286
43.81690845,0.06262051095,0.06232807308,0.06238334442,0.06251964293
43.86443222,0.06261993627,0.06232888562,0.06238772637,0.06251657763
43.91195598,0.06261928841,0.06233013437,0.06239195131,0.06251366318
43.95947974,0.06261856604,0.06233183176,0.06239601183,0.0625109158
44.0070035,0.06261776786,0.06233399017,0.0623999005,0.06250835171
44.05452726,0.06261689254,0.06233662202,0.0624036099,0.06250598714
44.10205103,0.06261593878,0.06233973972,0.0624071326,0.0625038383
44.14957479,0.06261490524,0.06234335567,0.06241046119,0.06250192143
44.19709855,0.06261379062,0.06234748228,0.06241358825,0.06250025275
44.24462231,0.0626125936,0.06235213195,0.06241650635,0.06249884847
44.29214607,0.06261131286,0.06235731709,0.06241920807,0.06249772482
44.33966983,0.06260994708,0.06236305011,0.06242168599,0.06249689802
44.3871936,0.06260849495,0.06236934342,0.06242393268,0.0624963843
44.43471736,0.06260695516,0.06237620941,0.06242594074,0.06249619988
44.48224112,0.06260532637,0.06238366051,0.06242770273,0.06249636098
44.52976488,0.06260360728,0.06239170911,0.06242921123,0.06249688382
44.57728864,0.06260179658,0.06240036761,0.06243045883,0.06249778462
44.62481241,0.06259989293,0.06240964844,0.06243143809,0.06249907962
44.67233617,0.06259789503,0.06241956399,0.06243214161,0.06250078503
44.71985993,0.06259580156,0.06243012667,0.06243256195,0.06250291707
44.76738369,0.0625936112,0.06244134888,0.06243269169,0.06250549196
44.81490745,0.06259132264,0.06245324304,0.06243252342,0.06250852594
44.86243122,0.06258893456,0.06246582155,0.06243204972,0.06251203522
44.90995498,0.06258644563,0.06247909681,0.06243126315,0.06251603603
44.95747874,0.06258385456,0.06249308124,0.06243015631,0.06252054458
45.0050025,0.06258116183,0.06250767167,0.06242872432,0.06252557309
45.05252626,0.06257856011,0.06251050036,0.06242723526,0.06253070466
45.10005003,0.06257617454,0.06249328969,0.06242587119,0.06253565378
45.14757379,0.06257399801,0.06245612057,0.06242463002,0.06254042301
45.19509755,0.06257202341,0.06239907395,0.06242350966,0.06254501491
45.24262131,0.06257024362,0.06232223074,0.06242250802,0.06254943204
45.29014507,0.06256865154,0.06222567188,0.062421623,0.06255367695
45.33766883,0.06256724005,0.06210947828,0.06242085252,0.06255775222
45.3851926,0.06256600203,0.06197373088,0.06242019448,0.06256166041
45.43271636,0.06256493039,0.0618185106,0.0624196468,0.06256540406
45.48024012,0.062564018,0.06164389837,0.06241920738,0.06256898575
45.52776388,0.06256325776,0.06144997512,0.06241887413,0.06257240803
45.57528764,0.06256264255,0.06123682177,0.06241864496,0.06257567347
45.62281141,0.06256216526,0.06100451925,0.06241851778,0.06257878462
45.67033517,0.06256181879,0.06075314848,0.0624184905,0.06258174405
45.71785893,0.06256159601,0.0604827904,0.06241856102,0.06258455432
45.76538269,0.06256148982,0.06019352593,0.06241872726,0.06258721799
45.81290645,0.0625614931,0.05988543599,0.06241898713,0.06258973761
45.86043022,0.06256159875,0.05955860152,0.06241933853,0.06259211575
45.90795398,0.06256179965,0.05921310344,0.06241977938,0.06259435498
45.95547774,0.0625620887,0.05884902268,0.06242030757,0.06259645785
46.0030015,0.06256245877,0.05846644016,0.06242092103,0.06259842691
46.05052526,0.06256290276,0.05806543681,0.06242161766,0.06260026474
46.09804902,0.06256341355,0.05764609356,0.06242239537,0.0626019739
46.14557279,0.06256398404,0.05720849134,0.06242325206,0.06260355694
46.19309655,0.06256460711,0.05675271106,0.06242418565,0.06260501642
46.24062031,0.06256527565,0.05627883366,0.06242519405,0.06260635491
46.28814407,0.06256598256,0.05578694007,0.06242627517,0.06260757496
46.33566783,0.06256672071,0.05527711121,0.06242742691,0.06260867915
46.3831916,0.06256748299,0.05474942801,0.06242864718,0.06260967002
46.43071536,0.0625682623,0.05420397139,0.06242993389,0.06261055014
46.47823912,0.06256905153,0.05364082228,0.06243128496,0.06261132207
46.52576288,0.06256984355,0.05306006162,0.06243269828,0.06261198837
46.57328664,0.06257063127,0.05246177031,0.06243417178,0.0626125516
46.62081041,0.06257140756,0.05184602931,0.06243570335,0.06261301432
46.66833417,0.06257216532,0.05121291952,0.06243729091,0.06261337909
46.71585793,0.06257289743,0.05056252187,0.06243893237,0.06261364848
46.76338169,0.06257359679,0.0498949173,0.06244062563,0.06261382504
46.81090545,0.06257425628,0.04921018673,0.06244236861,0.06261391134
46.85842921,0.06257486879,0.04850841108,0.06244415921,0.06261390993
46.90595298,0.06257542721,0.04778967129,0.06244599534,0.06261382338
46.95347674,0.06257592443,0.04705404827,0.06244787491,0.06261365425
47.0010005,0.06257635333,0.04630162297,0.06244979584,0.06261340509
47.04852426,0.0625767068,0.04553247629,0.06245175602,0.06261307848
47.09604802,0.06257697774,0.04474668918,0.06245375337,0.06261267696
47.14357179,0.06257715903,0.04394434256,0.0624557858,0.0626122031
47.19109555,0.06257724355,0.04312551734,0.06245785121,0.06261165946
47.23861931,0.0625772242,0.04229029447,0.06245994752,0.06261104861
47.28614307,0.06257709387,0.04143875487,0.06246207264,0.0626103731
47.33366683,0.06257684545,0.04057097946,0.06246422446,0.06260963549
47.3811906,0.06257647181,0.03968704917,0.06246640091,0.06260883834
47.42871436,0.06257596586,0.03878704493,0.0624685999,0.06260798422
47.47623812,0.06257532047,0.03787104766,0.06247081932,0.06260707569
47.52376188,0.06257452855,0.03693913829,0.06247305709,0.0626061153
47.57128564,0.06257358297,0.03599139775,0.06247531112,0.06260510562
47.6188094,0.06257247662,0.03502790697,0.06247757931,0.0626040492
47.66633317,0.0625712024,0.03404874687,0.06247985958,0.06260294862
47.71385693,0.06256975319,0.03305399838,0.06248214984,0.06260180642
47.76138069,0.06256812187,0.03204374242,0.06248444799,0.06260062517
47.80890445,0.06256630135,0.03101805992,0.06248675195,0.06259940744
47.85642821,0.0625642845,0.02997703182,0.06248905961,0.06259815577
47.90395198,0.06256206422,0.02892073903,0.0624913689,0.06259687274
47.95147574,0.06255963339,0.02784926248,0.06249367772,0.0625955609
47.9989995,0.0625569849,0.0267626831,0.06249598398,0.06259422282
48.04652326,0.06255411164,0.02566108182,0.06249828558,0.06259286105
48.09404702,0.0625510065,0.02454453955,0.06250058045,0.06259147816
48.14157079,0.06254766236,0.02341313724,0.06250286648,0.0625900767
48.18909455,0.06254407212,0.02226695581,0.06250514158,0.06258865923
48.23661831,0.06254022867,0.02110607618,0.06250740367,0.06258722833
48.28414207,0.06253612489,0.01993057928,0.06250965065,0.06258578655
48.33166583,0.06253175366,0.01874054603,0.06251188044,0.06258433644
48.37918959,0.06252710789,0.01753605737,0.06251409093,0.06258288057
48.42671336,0.06252218045,0.01631719422,0.06251628005,0.06258142151
48.47423712,0.06251696424,0.0150840375,0.06251844569,0.0625799618
48.52176088,0.06251145214,0.01383666815,0.06252058578,0.06257850402
48.56928464,0.06250563705,0.0125751671,0.06252269821,0.06257705072
48.6168084,0.06249951184,0.01129961525,0.0625247809,0.06257560447
48.66433217,0.06249306942,0.01001009356,0.06252683175,0.06257416781
48.71185593,0.06248630266,0.008706682929,0.06252884867,0.06257274333
48.75937969,0.06247920445,0.007389464301,0.06253082958,0.06257133357
48.80690345,0.0624717677,0.006058518597,0.06253277239,0.0625699411
48.85442721,0.06246398527,0.004713926744,0.06253467499,0.06256856847
48.90195098,0.06245585006,0.00335576967,0.0625365353,0.06256721825
48.94947474,0.06244735497,0.001984128301,0.06253835123,0.062565893
48.9969985,0.06243849287,0.000599083563,0.0625401207,0.06256459529
49.04452226,0.06242925666,-0.0007992836158,0.06254184159,0.06256332766
49.09204602,0.06241963922,-0.002210892309,0.06254351184,0.06256209268
49.13956978,0.06240963345,-0.003635661591,0.06254512934,0.06256089292
49.18709355,0.06239923223,-0.005073510533,0.062546692,0.06255973093
49.23461731,0.06238842844,-0.006524358209,0.06254819774,0.06255860927
49.28214107,0.06237721499,-0.007988123693,0.06254964446,0.0625575305
49.32966483,0.06236558475,-0.009464726058,0.06255103007,0.06255649719
49.37718859,0.06235353062,-0.01095408438,0.06255235248,0.0625555119
49.42471236,0.06234104548,-0.01245611772,0.0625536096,0.06255457719
49.47223612,0.06232812222,-0.01397074517,0.06255479934,0.06255369561
49.51975988,0.06231475373,-0.01549788579,0.0625559196,0.06255286973
49.56728364,0.0623009329,-0.01703745865,0.0625569683,0.0625521021
49.6148074,0.06228665262,-0.01858938284,0.06255794335,0.0625513953
49.66233117,0.06227190577,-0.02015357742,0.06255884265,0.06255075188
49.70985493,0.06225668524,-0.02172996146,0.06255966411,0.0625501744
49.75737869,0.06224098393,-0.02331845405,0.06256040565,0.06254966542
49.80490245,0.06222479472,-0.02491897425,0.06256106517,0.06254922751
49.85242621,0.0622081105,-0.02653144113,0.06256164058,0.06254886321
49.89994997,0.06219092415,-0.02815577377,0.06256212978,0.06254857511
49.94747374,0.06217322857,-0.02979189125,0.0625625307,0.06254836574
49.9949975,0.06215501664,-0.03143971263,0.06256284123,0.06254823769
50.04252126,0.06213909914,-0.03307693005,0.06256310986,0.06254816677
50.09004502,0.06212933613,-0.03467062652,0.06256341039,0.06254811277
50.13756878,0.06212523276,-0.03622067748,0.06256374284,0.06254807272
50.18509255,0.06212625419,-0.03772726653,0.06256410651,0.06254804398
50.23261631,0.06213186558,-0.03919057723,0.06256450073,0.06254802393
50.28014007,0.0621415321,-0.04061079316,0.06256492481,0.06254800995
50.32766383,0.06215471892,-0.0419880979,0.06256537805,0.06254799941
50.37518759,0.0621708912,-0.04332267502,0.06256585978,0.06254798969
50.42271136,0.06218951409,-0.0446147081,0.06256636931,0.06254797816
50.47023512,0.06221005277,-0.04586438071,0.06256690595,0.0625479622
50.51775888,0.06223197241,-0.04707187644,0.06256746901,0.06254793919
50.56528264,0.06225473816,-0.04823737886,0.0625680578,0.0625479065
50.6128064,0.06227781519,-0.04936107154,0.06256867165,0.06254786151
50.66033017,0.06230066866,-0.05044313806,0.06256930986,0.06254780159
50.70785393,0.06232276374,-0.051483762,0.06256997175,0.06254772412
50.75537769,0.06234356559,-0.05248312693,0.06257065662,0.06254762647
50.80290145,0.06236253938,-0.05344141644,0.0625713638,0.06254750602
50.85042521,0.06237915027,-0.05435881409,0.0625720926,0.06254736015
50.89794897,0.06239286343,-0.05523550346,0.06257284233,0.06254718624
50.94547274,0.06240314401,-0.05607166814,0.0625736123,0.06254698165
50.9929965,0.06240945719,-0.05686749169,0.06257440183,0.06254674376
51.04052026,0.06241126813,-0.0576231577,0.06257521023,0.06254646995
51.08804402,0.06240804199,-0.05833884973,0.06257603682,0.0625461576
51.13556778,0.06239924394,-0.05901475137,0.0625768809,0.06254580408
51.18309155,0.06238433913,-0.05965104619,0.06257774179,0.06254540677
51.23061531,0.06236279275,-0.06024791777,0.06257861881,0.06254496304
51.27813907,0.06233406994,-0.06080554969,0.06257951126,0.06254447027
51.32566283,0.06229763588,-0.06132412551,0.06258041847,0.06254392583
51.37318659,0.06225295572,-0.06180382883,0.06258133974,0.0625433271
51.42071036,0.06219949464,-0.06224484321,0.06258227439,0.06254267146
51.46823412,0.0621367178,-0.06264735223,0.06258322173,0.06254195628
51.51575788,0.06206409036,-0.06301153947,0.06258418107,0.06254117894
51.56328164,0.06198107748,-0.0633375885,0.06258515173,0.06254033681
51.6108054,0.06188714433,-0.0636256829,0.06258613302,0.06253942726
51.65832916,0.06178175608,-0.06387600624,0.06258712426,0.06253844769
51.70585293,0.06166437788,-0.06408874211,0.06258812476,0.06253739545
51.75337669,0.06153447491,-0.06426407408,0.06258913383,0.06253626793
51.80090045,0.06139151233,-0.06440218573,0.06259015078,0.06253506251
51.84842421,0.0612349553,-0.06450326062,0.06259117493,0.06253377655
51.89594797,0.06106426898,-0.06456748235,0.06259220559,0.06253240744
51.94347174,0.06087891854,-0.06459503448,0.06259324208,0.06253095254
51.9909955,0.06067836915,-0.06458610059,0.06259428371,0.06252940924
52.03851926,0.06046208597,-0.06454086426,0.06259532979,0.06252777491
52.08604302,0.06022953416,-0.06445950907,0.06259637963,0.06252604693
52.13356678,0.05998017888,-0.06434221858,0.06259743255,0.06252422267
52.18109055,0.05971348531,-0.06418917638,0.06259848787,0.06252229951
52.22861431,0.05942891861,-0.06400056605,0.06259954489,0.06252027483
52.27613807,0.05912594393,-0.06377657115,0.06260060292,0.06251814599
52.32366183,0.05880402645,-0.06351737528,0.0626016613,0.06251591038
52.37118559,0.05846263133,-0.06322316199,0.06260271931,0.06251356538
52.41870935,0.05810122373,-0.06289411488,0.06260377629,0.06251110835
52.46623312,0.05771926882,-0.06253041751,0.06260483154,0.06250853667
52.51375688,0.05731623176,-0.06213225346,0.06260588437,0.06250584772
52.56128064,0.05689157772,-0.06169980631,0.0626069341,0.06250303888
52.6088044,0.05644477186,-0.06123325963,0.06260798005,0.06250010752
52.65632816,0.05597527934,-0.06073279701,0.06260902152,0.06249705102
52.70385193,0.05548256534,-0.06019860202,0.06261005783,0.06249386674
52.75137569,0.054966095,-0.05963085823,0.0626110883,0.06249055208
52.79889945,0.0544253335,-0.05902974922,0.06261211223,0.0624871044
52.84642321,0.05385974601,-0.05839545856,0.06261312894,0.06248352108
52.89394697,0.05326879768,-0.05772816984,0.06261413774,0.0624797995
52.94147074,0.05265195368,-0.05702806664,0.06261513795,0.06247593702
52.9889945,0.05200867918,-0.05629533251,0.06261612888,0.06247193104
53.03651826,0.05133843934,-0.05553015105,0.06261710984,0.06246777892
53.08404202,0.05064069932,-0.05473270583,0.06261808015,0.06246347803
53.13156578,0.04991492429,-0.05390318043,0.06261903912,0.06245902576
53.17908954,0.04916057941,-0.05304175842,0.06261998606,0.06245441948
53.22661331,0.04837712985,-0.05214862337,0.06262092029,0.06244965657
53.27413707,0.04756404076,-0.05122395887,0.06262184112,0.0624447344
53.32166083,0.04672077733,-0.05026794849,0.06262274786,0.06243965035
53.36918459,0.0458468047,-0.04928077582,0.06262363983,0.06243440179
53.41670835,0.04494158805,-0.04826262441,0.06262451634,0.0624289861
53.46423212,0.04400459253,-0.04721367786,0.0626253767,0.06242340065
53.51175588,0.04303528332,-0.04613411973,0.06262622023,0.06241764283
53.55927964,0.04203312557,-0.0450241336,0.06262704624,0.06241171
53.6068034,0.04099758446,-0.04388390306,0.06262785405,0.06240559955
53.65432716,0.03992812514,-0.04271361167,0.06262864296,0.06239930885
53.70185093,0.03882421278,-0.04151344302,0.06262941229,0.06239283526
53.74937469,0.03768531254,-0.04028358067,0.06263016136,0.06238617618
53.79689845,0.0365108896,-0.03902420821,0.06263088947,0.06237932898
53.84442221,0.0353004091,-0.03773550922,0.06263159595,0.06237229102
53.89194597,0.03405333622,-0.03641766726,0.0626322801,0.0623650597
53.93946973,0.03276913613,-0.03507086591,0.06263294123,0.06235763237
53.9869935,0.03144727397,-0.03369528876,0.06263357867,0.06235000643
54.03451726,0.03008721493,-0.03229111938,0.06263419172,0.06234217924
54.08204102,0.02868842417,-0.03085854134,0.0626347797,0.06233414818
54.12956478,0.02725036684,-0.02939773822,0.06263534193,0.06232591063
54.17708854,0.02577250811,-0.0279088936,0.0626358777,0.06231746396
54.22461231,0.02425431315,-0.02639219105,0.06263638634,0.06230880555
54.27213607,0.02269524713,-0.02484781415,0.06263686717,0.06229993277
54.31965983,0.02109477519,-0.02327594648,0.06263731949,0.062290843
54.36718359,0.01945236252,-0.02167677161,0.06263774262,0.06228153361
54.41470735,0.01776747427,-0.02005047312,0.06263813587,0.06227200199
54.46223112,0.01603957562,-0.01839723458,0.06263849855,0.06226224551
54.50975488,0.01426813171,-0.01671723958,0.06263882998,0.06225226153
54.55727864,0.01245260772,-0.01501067169,0.06263912948,0.06224204745
54.6048024,0.01059246881,-0.01327771448,0.06263939635,0.06223160063
54.65232616,0.008687180153,-0.01151855153,0.0626396299,0.06222091845
54.69984992,0.006736206903,-0.009733366424,0.06263982946,0.06220999829
54.74737369,0.004739014226,-0.00792234273,0.06263999434,0.06219883752
54.79489745,0.002695067289,-0.006085664026,0.06264012384,0.06218743351
54.84242121,0.0006038312548,-0.004223513889,0.06264021729,0.06217578365
54.88994497,-0.001535228712,-0.002336075896,0.06264027399,0.06216388531
54.93746873,-0.003722647447,-0.0004235336231,0.06264029326,0.06215173586
54.9849925,-0.005958959786,0.001513929353,0.06264027441,0.06213933269
55.03251626,-0.008219313847,0.003460516226,0.06264022653,0.06211131768
55.08004002,-0.01042667206,0.005368579543,0.0626401791,0.06202130689
55.12756378,-0.01257634847,0.00723523319,0.06264013405,0.06186726164
55.17508754,-0.01466906812,0.00906092748,0.06264009125,0.06165043515
55.22261131,-0.01670555603,0.01084611273,0.06264005055,0.06137208062
55.27013507,-0.01868653725,0.01259123925,0.06264001182,0.06103345125
55.31765883,-0.02061273679,0.01429675737,0.06263997492,0.06063580024
55.36518259,-0.02248487969,0.01596311739,0.06263993971,0.0601803808
55.41270635,-0.024303691,0.01759076963,0.06263990606,0.05966844613
55.46023012,-0.02606989572,0.0191801644,0.06263987384,0.05910124943
55.50775388,-0.02778421891,0.02073175203,0.06263984289,0.05848004391
55.55527764,-0.0294473856,0.02224598282,0.06263981309,0.05780608277
55.6028014,-0.0310601208,0.02372330709,0.06263978429,0.0570806192
55.65032516,-0.03262314957,0.02516417515,0.06263975636,0.05630490643
55.69784892,-0.03413719692,0.02656903733,0.06263972917,0.05548019764
55.74537269,-0.0356029879,0.02793834394,0.06263970257,0.05460774603
55.79289645,-0.03702124753,0.02927254528,0.06263967642,0.05368880483
55.84042021,-0.03839270085,0.03057209168,0.0626396506,0.05272462722
55.88794397,-0.03971807289,0.03183743346,0.06263962496,0.05171646641
55.93546773,-0.04099808869,0.03306902092,0.06263959936,0.0506655756
55.9829915,-0.04223347326,0.03426730438,0.06263957367,0.04957320799
56.03051526,-0.04342495165,0.03543273416,0.06263954775,0.0484406168
56.07803902,-0.0445732489,0.03656576057,0.06263952146,0.04726905522
56.12556278,-0.04567909002,0.03766683393,0.06263949467,0.04605977645
56.17308654,-0.04674320006,0.03873640455,0.06263946724,0.04481403369
56.22061031,-0.04776630404,0.03977492275,0.06263943902,0.04353308016
56.26813407,-0.04874912701,0.04078283884,0.06263940989,0.04221816905
56.31565783,-0.04969239398,0.04176060314,0.0626393797,0.04087055357
56.36318159,-0.05059683,0.04270866596,0.06263934832,0.03949148692
56.41070535,-0.0514631601,0.04362747763,0.06263931561,0.03808222229
56.45822911,-0.0522921093,0.04451748844,0.06263928143,0.03664401291
56.50575288,-0.05308440264,0.04537914873,0.06263924564,0.03517811196
56.55327664,-0.05384076516,0.04621290879,0.06263920812,0.03368577265
56.6008004,-0.05456192189,0.04701921896,0.06263916871,0.03216824819
56.64832416,-0.05524859785,0.04779852954,0.06263912729,0.03062679177
56.69584792,-0.05590151808,0.04855129085,0.06263908371,0.02906265661
56.74337169,-0.05652140762,0.04927795321,0.06263903784,0.02747709589
56.79089545,-0.05710899149,0.04997896692,0.06263898954,0.02587136283
56.83841921,-0.05766499473,0.05065478231,0.06263893867,0.02424671064
56.88594297,-0.05819014236,0.05130584969,0.0626388851,0.0226043925
56.93346673,-0.05868515944,0.05193261938,0.06263882869,0.02094566163
56.9809905,-0.05915077097,0.05253554168,0.0626387693,0.01927177122
57.02851426,-0.05958770201,0.05311506692,0.06263870679,0.01758397449
57.07603802,-0.05999667757,0.05367164542,0.06263864102,0.01588352463
57.12356178,-0.0603784227,0.05420572747,0.06263857186,0.01417167485
57.17108554,-0.06073366242,0.05471776341,0.06263849918,0.01244967834
57.2186093,-0.06106312177,0.05520820355,0.06263842283,0.01071878832
57.26613307,-0.06136752577,0.05567749819,0.06263834267,0.008980257987
57.31365683,-0.06164759947,0.05612609766,0.06263825857,0.007235340541
57.36118059,-0.0619040679,0.05655445228,0.06263817039,0.005485289186
57.40870435,-0.06213765608,0.05696301235,0.062638078,0.003731357126
57.45622811,-0.06234908905,0.05735222819,0.06263798125,0.001974797563
57.50375188,-0.06253909184,0.05772255012,0.06263788001,0.0002168637008
57.55127564,-0.06270838949,0.05807442845,0.06263777414,-0.001541191258
57.5987994,-0.06285770702,0.0584083135,0.0626376635,-0.00329811411
57.64632316,-0.06298776947,0.05872465558,0.06263754796,-0.005052651653
57.69384692,-0.06309930187,0.05902390501,0.06263742738,-0.006803550683
57.74137069,-0.06319302925,0.0593065121,0.06263730162,-0.008549557998
57.78889445,-0.06326967666,0.05957292717,0.06263717055,-0.01028942039
57.83641821,-0.06332996911,0.05982360054,0.06263703402,-0.01202188467
57.88394197,-0.06337463164,0.06005898251,0.06263689189,-0.01374569762
57.93146573,-0.06340438928,0.0602795234,0.06263674404,-0.01545960604
57.97898949,-0.06341996707,0.06048567354,0.06263659033,-0.01716235674
58.02651326,-0.06342209004,0.06067788323,0.06263643061,-0.0188526965
58.07403702,-0.06341148321,0.06085660278,0.06263626475,-0.02052937212
58.12156078,-0.06338887164,0.06102228252,0.06263609261,-0.02219113041
58.16908454,-0.06335498033,0.06117537277,0.06263591405,-0.02383671815
58.2166083,-0.06331053434,0.06131632382,0.06263572894,-0.02546488215
58.26413207,-0.06325625868,0.06144558601,0.06263553714,-0.0270743692
58.31165583,-0.0631928784,0.06156360963,0.06263533851,-0.02866392609
58.35917959,-0.06312111852,0.06167084502,0.06263513292,-0.03023229964
58.40670335,-0.06304170408,0.06176774249,0.06263492022,-0.03177823663
58.45422711,-0.0629553601,0.06185475234,0.06263470028,-0.03330048385
58.50175088,-0.06286281163,0.0619323249,0.06263447296,-0.03479778812
58.54927464,-0.0627647837,0.06200091049,0.06263423813,-0.03626889621
58.5967984,-0.06266200133,0.0620609594,0.06263399564,-0.03771255494
58.64432216,-0.06255518956,0.06211292197,0.06263374536,-0.0391275111
58.69184592,-0.06244507343,0.0621572485,0.06263348716,-0.04051251148
58.73936968,-0.06233237795,0.06219438932,0.06263322089,-0.04186630289
58.78689345,-0.06221782818,0.06222479473,0.06263294641,-0.04318763211
58.83441721,-0.06210214913,0.06224891505,0.0626326636,-0.04447524595
58.88194097,-0.06198606584,0.0622672006,0.06263237231,-0.0457278912
58.92946473,-0.06187030335,0.0622801017,0.0626320724,-0.04694431467
58.97698849,-0.06175558669,0.06228806865,0.06263176374,-0.04812326314
59.02451226,-0.06164264088,0.06229155177,0.06263144619,-0.04926348341
59.07203602,-0.06153219096,0.06229100137,0.06263111961,-0.05036372229
59.11955978,-0.06142496197,0.06228686779,0.06263078387,-0.05142272656
59.16708354,-0.06132167893,0.06227960131,0.06263043882,-0.05243924303
59.2146073,-0.06122306688,0.06226965228,0.06263008433,-0.0534120185
59.26213107,-0.06112985086,0.06225747099,0.06262972027,-0.05433979975
59.30965483,-0.06104275588,0.06224350776,0.06262934649,-0.05522133358
59.35717859,-0.06096250699,0.06222821291,0.06262896286,-0.05605536681
59.40470235,-0.06088982922,0.06221203676,0.06262856923,-0.05684064621
59.45222611,-0.0608254476,0.06219542961,0.06262816548,-0.05757591859
59.49974987,-0.06077008716,0.06217884179,0.06262775147,-0.05825993074
59.54727364,-0.06072447294,0.0621627236,0.06262732705,-0.05889142947
59.5947974,-0.06068932996,0.06214752537,0.0626268921,-0.05946916156
59.64232116,-0.06066538327,0.06213369741,0.06262644646,-0.05999187382
59.68984492,-0.06065335788,0.06212169004,0.06262599001,-0.06045831304
59.73736868,-0.06065397884,0.06211195356,0.06262552261,-0.06086722603
59.78489245,-0.06066797118,0.0621049383,0.06262504412,-0.06121735956
59.83241621,-0.06069605993,0.06210109457,0.0626245544,-0.06150746046
59.87993997,-0.06073897012,0.06210087268,0.06262405332,-0.0617362755
59.92746373,-0.06079742679,0.06210472296,0.06262354073,-0.06190255149
59.97498749,-0.06087215496,0.06211309571,0.06262301651,-0.06200503523
60.02251126,-0.06096157835,0.06212581159,0.0626224699,-0.06204957457
60.07003502,-0.06105080437,0.06213895394,0.06262183072,-0.06208281896
60.11755878,-0.0611370658,0.06215177018,0.06262108776,-0.06211353237
60.16508254,-0.06122040504,0.06216426447,0.06262024303,-0.06214177256
60.2126063,-0.06130086449,0.06217644099,0.06261929851,-0.06216759731
60.26013007,-0.06137848654,0.06218830391,0.06261825619,-0.06219106436
60.30765383,-0.0614533136,0.06219985739,0.06261711808,-0.06221223147
60.35517759,-0.06152538806,0.06221110562,0.06261588617,-0.06223115642
60.40270135,-0.06159475232,0.06222205275,0.06261456245,-0.06224789695
60.45022511,-0.06166144877,0.06223270296,0.0626131489,-0.06226251084
60.49774887,-0.06172551983,0.06224306043,0.06261164754,-0.06227505583
60.54527264,-0.06178700788,0.06225312931,0.06261006035,-0.0622855897
60.5927964,-0.06184595533,0.06226291379,0.06260838933,-0.06229417019
60.64032016,-0.06190240456,0.06227241803,0.06260663646,-0.06230085508
60.68784392,-0.06195639799,0.06228164621,0.06260480375,-0.06230570212
60.73536768,-0.06200797801,0.06229060249,0.06260289318,-0.06230876907
60.78289145,-0.06205718702,0.06229929105,0.06260090676,-0.06231011369
60.83041521,-0.06210406741,0.06230771605,0.06259884647,-0.06230979375
60.87793897,-0.06214866159,0.06231588168,0.0625967143,-0.062307867
60.92546273,-0.06219101195,0.06232379209,0.06259451227,-0.0623043912
60.97298649,-0.06223116089,0.06233145146,0.06259224234,-0.06229942413
61.02051026,-0.06226915082,0.06233886396,0.06258990653,-0.06229302352
61.06803402,-0.06230502412,0.06234603376,0.06258750682,-0.06228524716
61.11555778,-0.0623388232,0.06235296503,0.06258504521,-0.06227615279
61.16308154,-0.06237059045,0.06235966195,0.0625825237,-0.06226579817
61.2106053,-0.06240036827,0.06236612868,0.06257994426,-0.06225424108
61.25812906,-0.06242819907,0.06237236939,0.06257730891,-0.06224153926
61.30565283,-0.06245412524,0.06237838826,0.06257461963,-0.06222775049
61.35317659,-0.06247818918,0.06238418946,0.06257187842,-0.06221293251
61.40070035,-0.06250043329,0.06238977715,0.06256908727,-0.06219714309
61.44822411,-0.06252089996,0.06239515551,0.06256624818,-0.06218043999
61.49574787,-0.06253963159,0.06240032871,0.06256336313,-0.06216288098
61.54327164,-0.06255667059,0.06240530091,0.06256043413,-0.0621445238
61.5907954,-0.06257205935,0.0624100763,0.06255746316,-0.06212542623
61.63831916,-0.06258584026,0.06241465904,0.06255445222,-0.06210564602
61.68584292,-0.06259805574,0.0624190533,0.06255140331,-0.06208524093
61.73336668,-0.06260874817,0.06242326325,0.06254831842,-0.06206426873
61.78089045,-0.06261795996,0.06242729307,0.06254519954,-0.06204278717
61.82841421,-0.0626257335,0.06243114692,0.06254204866,-0.06202085402
61.87593797,-0.06263211119,0.06243482898,0.06253886779,-0.06199852703
61.92346173,-0.06263713543,0.06243834341,0.06253565891,-0.06197586397
61.97098549,-0.06264084862,0.06244169439,0.06253242402,-0.06195292259
62.01850925,-0.06264329315,0.06244488608,0.0625291651,-0.06192976066
62.06603302,-0.06264451143,0.06244792267,0.06252588417,-0.06190643594
62.11355678,-0.06264454586,0.06245080831,0.0625225832,-0.06188300618
62.16108054,-0.06264343883,0.06245354718,0.0625192642,-0.06185952916
62.2086043,-0.06264123273,0.06245614346,0.06251592915,-0.06183606262
62.25612806,-0.06263796998,0.06245860131,0.06251258006,-0.06181266434
62.30365183,-0.06263369296,0.0624609249,0.0625092189,-0.06178939206
62.35117559,-0.06262844408,0.0624631184,0.06250584769,-0.06176630356
62.39869935,-0.06262226573,0.06246518598,0.06250246841,-0.06174345658
62.44622311,-0.06261520031,0.06246713183,0.06249908306,-0.0617209089
62.49374687,-0.06260729023,0.06246896009,0.06249569363,-0.06169871827
62.54127064,-0.06259857787,0.06247067496,0.06249230211,-0.06167694245
62.5887944,-0.06258910564,0.06247228059,0.0624889105,-0.06165563921
62.63631816,-0.06257891594,0.06247378116,0.06248552079,-0.0616348663
62.68384192,-0.06256805116,0.06247518084,0.06248213498,-0.06161468148
62.73136568,-0.06255655371,0.0624764838,0.06247875505,-0.06159514252
62.77888944,-0.06254446598,0.06247769421,0.06247538301,-0.06157630718
62.82641321,-0.06253183036,0.06247881624,0.06247202085,-0.06155823321
62.87393697,-0.06251868927,0.06247985407,0.06246867056,-0.06154097838
62.92146073,-0.06250508509,0.06248081185,0.06246533413,-0.06152460044
62.96898449,-0.06249106022,0.06248169378,0.06246201357,-0.06150915716
63.01650825,-0.06247665707,0.062482504,0.06245871085,-0.0614947063
63.06403202,-0.06246191803,0.0624832467,0.06245542799,-0.06148130562
63.11155578,-0.06244688551,0.06248392605,0.06245216696,-0.06146901288
63.15907954,-0.06243160189,0.06248454622,0.06244892977,-0.06145788584
63.2066033,-0.06241610957,0.06248511138,0.0624457184,-0.06144798226
63.25412706,-0.06240045097,0.06248562569,0.06244253486,-0.0614393599
63.30165083,-0.06238466846,0.06248609333,0.06243938113,-0.06143207652
63.34917459,-0.06236880446,0.06248651848,0.06243625922,-0.06142618988
63.39669835,-0.06235290136,0.0624869053,0.06243317111,-0.06142175775
63.44422211,-0.06233700156,0.06248725795,0.06243011879,-0.06141883788
63.49174587,-0.06232114745,0.06248758063,0.06242710427,-0.06141748803
63.53926963,-0.06230538144,0.06248787748,0.06242412953,-0.06141776597
63.5867934,-0.06228974593,0.06248815269,0.06242119657,-0.06141972945
63.63431716,-0.06227428331,0.06248841043,0.06241830739,-0.06142343623
63.68184092,-0.06225903598,0.06248865486,0.06241546397,-0.06142894409
63.72936468,-0.06224404634,0.06248889017,0.06241266832,-0.06143631076
63.77688844,-0.06222935679,0.0624891205,0.06240992241,-0.06144559403
63.82441221,-0.06221500972,0.06248935005,0.06240722826,-0.06145685164
63.87193597,-0.06220104754,0.06248958298,0.06240458785,-0.06147014136
63.91945973,-0.06218751264,0.06248982346,0.06240200317,-0.06148552095
63.96698349,-0.06217444742,0.06249007566,0.06239947623,-0.06150304817
64.01450725,-0.06216189429,0.06249034375,0.06239700901,-0.06152278078
64.06203102,-0.06214989563,0.06249063191,0.06239460351,-0.06154477653
64.10955478,-0.06213849385,0.0624909443,0.06239226172,-0.0615690932
64.15707854,-0.06212773134,0.06249128509,0.06238998563,-0.06159578854
64.2046023,-0.06211765051,0.06249165846,0.06238777725,-0.06162492031
64.25212606,-0.06210829375,0.06249206858,0.06238563856,-0.06165654627
64.29964982,-0.06209970346,0.06249251961,0.06238357155,-0.06169072419
64.34717359,-0.06209192204,0.06249301574,0.06238157823,-0.06172751181
64.39469735,-0.06208499189,0.06249356112,0.06237966058,-0.06176696692
64.44222111,-0.0620789554,0.06249415993,0.0623778206,-0.06180914725
64.48974487,-0.06207385498,0.06249481634,0.06237606029,-0.06185411058
64.53726863,-0.06206973302,0.06249553453,0.06237438163,-0.06190191467
64.5847924,-0.06206663192,0.06249631865,0.06237278662,-0.06195261727
64.63231616,-0.06206459408,0.06249717289,0.06237127726,-0.06200627615
64.67983992,-0.0620636619,0.06249810141,0.06236985553,-0.06206294907
64.72736368,-0.06206387777,0.06249910839,0.06236852344,-0.06212269378
64.77488744,-0.0620652841,0.06250019799,0.06236728297,-0.06218556805
64.82241121,-0.06206792328,0.06250137439,0.06236613612,-0.06225162964
64.86993497,-0.06207183772,0.06250264176,0.06236508489,-0.06232093631
64.91745873,-0.0620770698,0.06250400426,0.06236413126,-0.06239354582
64.96498249,-0.06208366193,0.06250546608,0.06236327724,-0.06246951593
65.01250625,-0.06209161715,0.06250702566,0.06236017643,-0.06254717409
65.06003002,-0.06210017342,0.06250857189,0.06230811247,-0.0625920828
65.10755378,-0.06210901093,0.062510061,0.06218984938,-0.06259135027
65.15507754,-0.06211811312,0.06251149371,0.06200667917,-0.06254571163
65.2026013,-0.06212746344,0.06251287069,0.06175989385,-0.06245590201
65.25012506,-0.06213704531,0.06251419265,0.06145078544,-0.06232265654
65.29764882,-0.06214684219,0.06251546027,0.06108064594,-0.06214671035
65.34517259,-0.0621568375,0.06251667424,0.06065076739,-0.06192879858
65.39269635,-0.06216701469,0.06251783526,0.06016244178,-0.06166965634
65.44022011,-0.0621773572,0.06251894402,0.05961696113,-0.06137001877
65.48774387,-0.06218784846,0.0625200012,0.05901561745,-0.06103062101
65.53526763,-0.06219847192,0.06252100752,0.05835970277,-0.06065219817
65.5827914,-0.06220921101,0.06252196364,0.05765050908,-0.0602354854
65.63031516,-0.06222004917,0.06252287027,0.05688932841,-0.05978121781
65.67783892,-0.06223096984,0.0625237281,0.05607745277,-0.05929013054
65.72536268,-0.06224195646,0.06252453782,0.05521617416,-0.05876295873
65.77288644,-0.06225299247,0.06252530012,0.05430678461,-0.05820043749
65.82041021,-0.06226406131,0.06252601569,0.05335057613,-0.05760330197
65.86793397,-0.06227514641,0.06252668523,0.05234884074,-0.05697228728
65.91545773,-0.06228623122,0.06252730943,0.05130287043,-0.05630812857
65.96298149,-0.06229729917,0.06252788897,0.05021395723,-0.05561156095
66.01050525,-0.0623083337,0.06252842456,0.04908339316,-0.05488331956
66.05802901,-0.06231931825,0.06252891688,0.04791247022,-0.05412413954
66.10555278,-0.06233023627,0.06252936662,0.04670248043,-0.053334756
66.15307654,-0.06234107118,0.06252977448,0.0454547158,-0.05251590408
66.2006003,-0.06235180643,0.06253014115,0.04417046834,-0.05166831891
66.24812406,-0.06236242546,0.06253046732,0.04285103007,-0.05079273562
66.29564782,-0.0623729117,0.06253075368,0.04149769301,-0.04988988934
66.34317159,-0.0623832486,0.06253100093,0.04011174916,-0.0489605152
66.39069535,-0.06239341959,0.06253120975,0.03869449054,-0.04800534833
66.43821911,-0.06240340811,0.06253138084,0.03724720916,-0.04702512386
66.48574287,-0.06241319761,0.06253151489,0.03577119703,-0.04602057692
66.53326663,-0.06242277151,0.06253161259,0.03426774618,-0.04499244263
66.5807904,-0.06243211326,0.06253167464,0.0327381486,-0.04394145614
66.62831416,-0.0624412063,0.06253170172,0.03118369632,-0.04286835256
66.67583792,-0.06245003407,0.06253169452,0.02960568135,-0.04177386704
66.72336168,-0.06245858,0.06253165375,0.0280053957,-0.04065873469
66.77088544,-0.06246682753,0.06253158009,0.02638413139,-0.03952369065
66.8184092,-0.06247476011,0.06253147423,0.02474318043,-0.03836947005
66.86593297,-0.06248236117,0.06253133687,0.02308383483,-0.03719680801
66.91345673,-0.06248961415,0.06253116869,0.0214073866,-0.03600643968
66.96098049,-0.06249650249,0.06253097039,0.01971512777,-0.03479910017
67.00850425,-0.06250300963,0.06253074266,0.01800835033,-0.03357552463
67.05602801,-0.06250911901,0.06253048619,0.01628834631,-0.03233644817
67.10355178,-0.06251481406,0.06253020168,0.01455640772,-0.03108260593
67.15107554,-0.06252007823,0.06252988982,0.01281382658,-0.02981473304
67.1985993,-0.06252489495,0.06252955129,0.01106189489,-0.02853356462
67.24612306,-0.06252924766,0.06252918679,0.009301904665,-0.02723983582
67.29364682,-0.0625331198,0.06252879701,0.007535147926,-0.02593428175
67.34117059,-0.06253649482,0.06252838265,0.005762916684,-0.02461763755
67.38869435,-0.06253935614,0.06252794439,0.003986502951,-0.02329063835
67.43621811,-0.06254168722,0.06252748293,0.002207198741,-0.02195401928
67.48374187,-0.06254347147,0.06252699896,0.0004262960669,-0.02060851546
67.53126563,-0.06254469236,0.06252649317,-0.001354913057,-0.01925486204
67.57878939,-0.06254533331,0.06252596626,-0.003135136619,-0.01789379413
67.62631316,-0.06254537776,0.0625254189,-0.004913082604,-0.01652604686
67.67383692,-0.06254480916,0.06252485181,-0.006687458999,-0.01515235538
67.72136068,-0.06254361093,0.06252426566,-0.008456973791,-0.0137734548
67.76888444,-0.06254176653,0.06252366116,-0.01022033497,-0.01239008026
67.8164082,-0.06253925938,0.06252303898,-0.01197625051,-0.01100296689
67.86393197,-0.06253607294,0.06252239983,-0.01372342841,-0.009612849819
67.91145573,-0.06253219063,0.0625217444,-0.01546057666,-0.008220464172
67.95897949,-0.06252759589,0.06252107337,-0.01718640324,-0.006826545082
68.00650325,-0.06252227217,0.06252038745,-0.01889961613,-0.00543182768
68.05402701,-0.0625162029,0.06251968732,-0.02059892332,-0.004037047095
68.10155078,-0.06250937153,0.06251897367,-0.02228303281,-0.002642938457
68.14907454,-0.06250176148,0.06251824719,-0.02395065257,-0.001250236896
68.1965983,-0.06249335621,0.06251750858,-0.02560049059,0.0001403224573
68.24412206,-0.06248413914,0.06251675854,-0.02723125487,0.001528004474
68.29164582,-0.06247409372,0.06251599774,-0.02884165338,0.002912074024
68.33916958,-0.06246320339,0.06251522689,-0.03043039411,0.004291795977
68.38669335,-0.06245145158,0.06251444667,-0.03199618506,0.005666435203
68.43421711,-0.06243882173,0.06251365777,-0.03353773419,0.007035256572
68.48174087,-0.06242529729,0.0625128609,-0.03505374952,0.008397524955
68.52926463,-0.06241086169,0.06251205674,-0.03654293901,0.009752505221
68.57678839,-0.06239549837,0.06251124598,-0.03800401066,0.01109946224
68.62431216,-0.06237919077,0.06251042931,-0.03943567245,0.01243766088
68.67183592,-0.06236192233,0.06250960743,-0.04083663236,0.01376636602
68.71935968,-0.06234367649,0.06250878103,-0.0422055984,0.01508484252
68.76688344,-0.06232443668,0.0625079508,-0.04354127854,0.01639235525
68.8144072,-0.06230418634,0.06250711743,-0.04484238076,0.01768816909
68.86193097,-0.06228290892,0.06250628161,-0.04610761307,0.0189715489
68.90945473,-0.06226058786,0.06250544404,-0.04733568343,0.02024175956
68.95697849,-0.06223720658,0.06250460541,-0.04852529984,0.02149806593
69.00450225,-0.06221274853,0.0625037664,-0.04967517029,0.02273973288
69.05202601,-0.06218719716,0.06250292772,-0.05078400276,0.02396602529
69.09954977,-0.06216053589,0.06250209005,-0.05185050524,0.02517620802
69.14707354,-0.06213274817,0.06250125408,-0.05287338572,0.02636954594
69.1945973,-0.06210381743,0.06250042052,-0.05385135218,0.02754530393
69.24212106,-0.06207372712,0.06249959004,-0.0547831126,0.02870274685
69.28964482,-0.06204246067,0.06249876334,-0.05566737498,0.02984113958
69.33716858,-0.06201000152,0.06249794111,-0.05650284731,0.03095974698
69.38469235,-0.06197633311,0.06249712405,-0.05728823756,0.03205783393
69.43221611,-0.06194143889,0.06249631284,-0.05802225373,0.03313466529
69.47973987,-0.06190530228,0.06249550818,-0.0587036038,0.03418950594
69.52726363,-0.06186790673,0.06249471077,-0.05933099575,0.03522162074
69.57478739,-0.06182923568,0.06249392128,-0.05990313758,0.03623027456
69.62231116,-0.06178927256,0.06249314042,-0.06041873728,0.03721473228
69.66983492,-0.06174800082,0.06249236887,-0.06087650282,0.03817425876
69.71735868,-0.06170540389,0.06249160733,-0.0612751422,0.03910811888
69.76488244,-0.06166146521,0.06249085649,-0.0616133634,0.04001557751
69.8124062,-0.06161616822,0.06249011704,-0.0618898744,0.04089589951
69.85992996,-0.06156949636,0.06248938968,-0.0621033832,0.04174834975
69.90745373,-0.06152143307,0.06248867509,-0.06225259779,0.04257219311
69.95497749,-0.06147196179,0.06248797396,-0.06233622614,0.04336669445
70.00250125,-0.06142107788,0.06248728681,-0.06235307154,0.0441311346
70.05002501,-0.06137345872,0.06248653852,-0.06233991432,0.04487129021
70.09754877,-0.06133275235,0.06248566959,-0.0623274299,0.04559241771
70.14507254,-0.06129870467,0.06248468306,-0.06231560663,0.04629474982
70.1925963,-0.0612710616,0.06248358196,-0.06230443283,0.04697851921
70.24012006,-0.06124956905,0.06248236935,-0.06229389683,0.04764395859
70.28764382,-0.06123397293,0.06248104826,-0.06228398695,0.04829130064
70.33516758,-0.06122401914,0.06247962172,-0.06227469152,0.04892077805
70.38269135,-0.06121945359,0.0624780928,-0.06226599886,0.04953262353
70.43021511,-0.0612200222,0.06247646451,-0.06225789731,0.05012706975
70.47773887,-0.06122547087,0.06247473992,-0.06225037519,0.05070434942
70.52526263,-0.06123554552,0.06247292205,-0.06224342083,0.05126469523
70.57278639,-0.06124999205,0.06247101395,-0.06223702255,0.05180833986
70.62031016,-0.06126855638,0.06246901866,-0.06223116868,0.05233551602
70.66783392,-0.0612909844,0.06246693922,-0.06222584755,0.05284645639
70.71535768,-0.06131702204,0.06246477867,-0.06222104748,0.05334139367
70.76288144,-0.06134641519,0.06246254006,-0.0622167568,0.05382056054
70.8104052,-0.06137890978,0.06246022642,-0.06221296384,0.0542841897
70.85792896,-0.06141425171,0.0624578408,-0.06220965693,0.05473251385
70.90545273,-0.06145218689,0.06245538623,-0.06220682438,0.05516576567
70.95297649,-0.06149246122,0.06245286576,-0.06220445453,0.05558417787
71.00050025,-0.06153482063,0.06245028244,-0.06220253571,0.05598798312
71.04802401,-0.06157901101,0.06244763929,-0.06220105624,0.05637741412
71.09554777,-0.06162477828,0.06244493937,-0.06220000445,0.05675270357
71.14307154,-0.06167186835,0.06244218572,-0.06219936866,0.05711408416
71.1905953,-0.06172002712,0.06243938136,-0.0621991372,0.05746178858
71.23811906,-0.06176900051,0.06243652936,-0.0621992984,0.05779604952
71.28564282,-0.06181853442,0.06243363274,-0.06219984059,0.05811709968
71.33316658,-0.06186837477,0.06243069455,-0.06220075209,0.05842517174
71.38069035,-0.06191826746,0.06242771783,-0.06220202122,0.0587204984
71.42821411,-0.06196795841,0.06242470562,-0.06220363632,0.05900331236
71.47573787,-0.06201719352,0.06242166097,-0.06220558572,0.0592738463
71.52326163,-0.0620657187,0.06241858691,-0.06220785773,0.05953233292
71.57078539,-0.06211327986,0.06241548649,-0.06221044069,0.0597790049
71.61830915,-0.06215962292,0.06241236274,-0.06221332292,0.06001409495
71.66583292,-0.06220449377,0.06240921871,-0.06221649275,0.06023783576
71.71335668,-0.06224763834,0.06240605744,-0.0622199385,0.06045046001
71.76088044,-0.06228880253,0.06240288197,-0.06222364851,0.0606522004
71.8084042,-0.06232773224,0.06239969534,-0.0622276111,0.06084328962
71.85592796,-0.0623641734,0.06239650059,-0.06223181459,0.06102396037
71.90345173,-0.0623978719,0.06239330077,-0.06223624731,0.06119444533
71.95097549,-0.06242857366,0.06239009892,-0.0622408976,0.06135497721
71.99849925,-0.06245602459,0.06238689807,-0.06224575377,0.06150578868
72.04602301,-0.0624799706,0.06238370127,-0.06225080416,0.06164711245
72.09354677,-0.06250015759,0.06238051156,-0.06225603708,0.0617791812
72.14107054,-0.06251633148,0.06237733198,-0.06226144087,0.06190222764
72.1885943,-0.06252823817,0.06237416557,-0.06226700386,0.06201648444
72.23611806,-0.06253562358,0.06237101537,-0.06227271436,0.06212218431
72.28364182,-0.06253823361,0.06236788443,-0.06227856071,0.06221955993
72.33116558,-0.06253581417,0.06236477579,-0.06228453124,0.06230884401
72.37868934,-0.06252811118,0.06236169248,-0.06229061426,0.06239026922
72.42621311,-0.06251487054,0.06235863755,-0.06229679811,0.06246406827
72.47373687,-0.06249583817,0.06235561405,-0.06230307112,0.06253047384
72.52126063,-0.06247075996,0.062352625,-0.06230942161,0.06258971863
72.56878439,-0.06243938184,0.06234967345,-0.0623158379,0.06264203533
72.61630815,-0.0624014497,0.06234676245,-0.06232230833,0.06268765664
72.66383192,-0.06235670947,0.06234389503,-0.06232882122,0.06272681524
72.71135568,-0.06230490705,0.06234107424,-0.06233536489,0.06275974383
72.75887944,-0.06224578834,0.06233830312,-0.06234192768,0.0627866751
72.8064032,-0.06217909927,0.0623355847,-0.06234849792,0.06280784174
72.85392696,-0.06210458573,0.06233292204,-0.06235506392,0.06282347645
72.90145073,-0.06202199363,0.06233031816,-0.06236161401,0.06283381191
72.94897449,-0.0619310689,0.06232777612,-0.06236813653,0.06283908083
72.99649825,-0.06183155743,0.06232529895,-0.06237461979,0.06283951589
73.04402201,-0.06172320514,0.0623228897,-0.06238105213,0.06283534978
73.09154577,-0.06160575793,0.0623205514,-0.06238742187,0.0628268152
73.13906953,-0.06147896172,0.0623182871,-0.06239371734,0.06281414484
73.1865933,-0.06134256241,0.06231609984,-0.06239992686,0.06279757139
73.23411706,-0.06119630592,0.06231399266,-0.06240603877,0.06277732755
73.28164082,-0.06103993815,0.0623119686,-0.06241204138,0.06275364601
73.32916458,-0.06087320501,0.0623100307,-0.06241792304,0.06272675945
73.37668834,-0.06069585241,0.06230818201,-0.06242367205,0.06269690058
73.42421211,-0.06050762627,0.06230642556,-0.06242927675,0.06266430208
73.47173587,-0.06030827248,0.0623047644,-0.06243472547,0.06262919665
73.51925963,-0.06009753697,0.06230320157,-0.06244000653,0.06259181697
73.56678339,-0.05987516564,0.06230174011,-0.06244510825,0.06255239575
73.61430715,-0.05964090439,0.06230038305,-0.06245001898,0.06251116568
73.66183092,-0.05939449915,0.06229913345,-0.06245472703,0.06246835944
73.70935468,-0.05913569581,0.06229799434,-0.06245922072,0.06242420972
73.75687844,-0.0588642403,0.06229696877,-0.06246348839,0.06237894923
73.8044022,-0.0585798785,0.06229605977,-0.06246751837,0.06233281066
73.85192596,-0.05828235635,0.06229527038,-0.06247129898,0.06228602669
73.89944972,-0.05797141974,0.06229460366,-0.06247481854,0.06223883002
73.94697349,-0.05764681459,0.06229406263,-0.06247806538,0.06219145334
73.99449725,-0.05730828681,0.06229365035,-0.06248102784,0.06214412934
74.04202101,-0.05695558229,0.06229336984,-0.06248369423,0.06209709072
74.08954477,-0.05658844697,0.06229322416,-0.06248605289,0.06205057017
74.13706853,-0.05620662673,0.06229321635,-0.06248809213,0.06200480038
74.1845923,-0.0558098675,0.06229334944,-0.06248980029,0.06196001404
74.23211606,-0.05539791519,0.06229362647,-0.0624911657,0.06191644385
74.27963982,-0.05497051569,0.0622940505,-0.06249217668,0.0618743225
74.32716358,-0.05452741493,0.06229462455,-0.06249282155,0.06183388268
74.37468734,-0.05406835881,0.06229535168,-0.06249308865,0.06179535708
74.42221111,-0.05359309323,0.06229623491,-0.0624929663,0.06175897839
74.46973487,-0.05310136412,0.0622972773,-0.06249244282,0.06172497932
74.51725863,-0.05259291738,0.06229848189,-0.06249150655,0.06169359254
74.56478239,-0.05206749892,0.06229985171,-0.06249014582,0.06166505076
74.61230615,-0.05152485464,0.0623013898,-0.06248834893,0.06163958666
74.65982991,-0.05096473047,0.06230309922,-0.06248610424,0.06161743294
74.70735368,-0.0503868723,0.062304983,-0.06248340005,0.06159882229
74.75487744,-0.04979102605,0.06230704417,-0.06248022471,0.06158398741
74.8024012,-0.04917693762,0.06230928579,-0.06247656652,0.06157316097
74.84992496,-0.04854435293,0.06231171089,-0.06247241383,0.06156657569
74.89744872,-0.04789301789,0.06231432252,-0.06246775496,0.06156446424
74.94497249,-0.0472226784,0.06231712371,-0.06246257823,0.06156705933
74.99249625,-0.04653308037,0.06232011751,-0.06245687198,0.06157459364
75.04002001,-0.0458193847,0.06230019196,-0.06245097327,0.06158581455
75.08754377,-0.04507372302,0.0622167778,-0.06244549343,0.06159814769
75.13506753,-0.0442966849,0.06207028319,-0.06244043384,0.06161149973
75.1825913,-0.04348902532,0.06186193402,-0.06243578361,0.06162582842
75.23011506,-0.04265149926,0.06159295618,-0.06243153185,0.06164109151
75.27763882,-0.04178486168,0.06126457556,-0.06242766766,0.06165724672
75.32516258,-0.04088986755,0.06087801803,-0.06242418016,0.0616742518
75.37268634,-0.03996727186,0.06043450948,-0.06242105846,0.0616920645
75.42021011,-0.03901782956,0.05993527581,-0.06241829167,0.06171064256
75.46773387,-0.03804229564,0.05938154288,-0.0624158689,0.06172994371
75.51525763,-0.03704142507,0.0587745366,-0.06241377926,0.0617499257
75.56278139,-0.03601597281,0.05811548284,-0.06241201186,0.06177054627
75.61030515,-0.03496669384,0.05740560749,-0.06241055582,0.06179176317
75.65782891,-0.03389434313,0.05664613644,-0.06240940024,0.06181353414
75.70535268,-0.03279967565,0.05583829556,-0.06240853423,0.06183581691
75.75287644,-0.03168344638,0.05498331075,-0.0624079469,0.06185856923
75.8004002,-0.03054641029,0.0540824079,-0.06240762737,0.06188174884
75.84792396,-0.02938932234,0.05313681287,-0.06240756474,0.06190531348
75.89544772,-0.02821293752,0.05214775158,-0.06240774813,0.0619292209
75.94297149,-0.02701801079,0.05111644988,-0.06240816664,0.06195342884
75.99049525,-0.02580529713,0.05004413368,-0.0624088094,0.06197789503
76.03801901,-0.0245755515,0.04893202886,-0.0624096655,0.06200257722
76.08554277,-0.02332952889,0.04778136131,-0.06241072405,0.06202743316
76.13306653,-0.02206798425,0.0465933569,-0.06241197418,0.06205242058
76.1805903,-0.02079167257,0.04536924152,-0.06241340499,0.06207749723
76.22811406,-0.01950134882,0.04411024106,-0.06241500558,0.06210262084
76.27563782,-0.01819776796,0.04281758141,-0.06241676508,0.06212774916
76.32316158,-0.01688168498,0.04149248845,-0.06241867259,0.06215283994
76.37068534,-0.01555385483,0.04013618806,-0.06242071722,0.06217785091
76.4182091,-0.0142150325,0.03874990614,-0.06242288808,0.06220273981
76.46573287,-0.01286597296,0.03733486856,-0.06242517429,0.06222746439
76.51325663,-0.01150743117,0.03589230121,-0.06242756495,0.06225198239
76.56078039,-0.01014016212,0.03442342998,-0.06243004917,0.06227625155
76.60830415,-0.008764920765,0.03292948075,-0.06243261607,0.06230022961
76.65582791,-0.007382462087,0.0314116794,-0.06243525475,0.06232387432
76.70335168,-0.005993541055,0.02987125183,-0.06243795433,0.06234714341
76.75087544,-0.004598912643,0.02830942392,-0.06244070392,0.06236999464
76.7983992,-0.003199331821,0.02672742155,-0.06244349263,0.06239238573
76.84592296,-0.001795553562,0.02512647061,-0.06244630956,0.06241427443
76.89344672,-0.0003883328378,0.02350779699,-0.06244914383,0.06243561849
76.94097049,0.001021575379,0.02187262656,-0.06245198455,0.06245637564
76.98849425,0.002433416118,0.02022218522,-0.06245482083,0.06247650363
77.03601801,0.003846434405,0.01855769884,-0.06245764178,0.0624959602
77.08354177,0.005259875269,0.01688039333,-0.06246043652,0.06251470309
77.13106553,0.006672983737,0.01519149455,-0.06246319414,0.06253269005
77.17858929,0.008085004839,0.0134922284,-0.06246590377,0.06254987881
77.22611306,0.009495183601,0.01178382076,-0.06246855451,0.06256622711
77.27363682,0.01090276505,0.01006749752,-0.06247113547,0.06258169271
77.32116058,0.01230699422,0.008344484563,-0.06247363577,0.06259623333
77.36868434,0.01370711613,0.00661600777,-0.06247604451,0.06260980673
77.4162081,0.01510237581,0.004883293031,-0.06247835081,0.06262237064
77.46373187,0.0164920183,0.00314756623,-0.06248054377,0.06263388281
77.51125563,0.01787528861,0.001410053252,-0.06248261251,0.06264430098
77.55877939,0.01925143178,-0.0003280200165,-0.06248454614,0.06265358288
77.60630315,0.02061969283,-0.002065427691,-0.06248633377,0.06266168627
77.65382691,0.0219793168,-0.003800943886,-0.0624879645,0.06266856888
77.70135068,0.0233295487,-0.005533342717,-0.06248942745,0.06267418846
77.74887444,0.02466963357,-0.007261398297,-0.06249071174,0.06267850274
77.7963982,0.02599881644,-0.008983884742,-0.06249180646,0.06268146947
77.84392196,0.02731634234,-0.01069957617,-0.06249270074,0.0626830464
77.89144572,0.02862145628,-0.01240724668,-0.06249338367,0.06268319125
77.93896948,0.0299134033,-0.01410567041,-0.06249384438,0.06268186178
77.98649325,0.03119142843,-0.01579362146,-0.06249407197,0.06267901573
78.03401701,0.0324547767,-0.01746987394,-0.06249405556,0.06267461084
78.08154077,0.03370269313,-0.01913320198,-0.06249378425,0.06266860484
78.12906453,0.03493442275,-0.02078237969,-0.06249324715,0.06266095549
78.17658829,0.03614921059,-0.02241618118,-0.06249243338,0.06265162052
78.22411206,0.03734630168,-0.02403338056,-0.06249133205,0.06264055768
78.27163582,0.03852494105,-0.02563275196,-0.06248993226,0.06262772471
78.31915958,0.03968437371,-0.02721306948,-0.06248822313,0.06261307934
78.36668334,0.04082384471,-0.02877310724,-0.06248619376,0.06259657933
78.4142071,0.04194259907,-0.03031163936,-0.06248383328,0.06257818241
78.46173087,0.04303988181,-0.03182743994,-0.06248113078,0.06255784633
78.50925463,0.04411493797,-0.03331928312,-0.06247807539,0.06253552882
78.55677839,0.04516701257,-0.03478594299,-0.0624746562,0.06251118763
78.60430215,0.04619535064,-0.03622619367,-0.06247086234,0.0624847805
78.65182591,0.04719919721,-0.03763880928,-0.0624666829,0.06245626517
78.69934967,0.04817779731,-0.03902256394,-0.06246210701,0.06242559939
78.74687344,0.04913039596,-0.04037623175,-0.06245712377,0.0623927409
78.7943972,0.05005623819,-0.04169858683,-0.0624517223,0.06235764743
78.84192096,0.05095456903,-0.0429884033,-0.0624458917,0.06232027673
78.88944472,0.05182463352,-0.04424445528,-0.06243962108,0.06228058655
78.93696848,0.05266567666,-0.04546551687,-0.06243289956,0.06223853462
78.98449225,0.05347694351,-0.04665036219,-0.06242571625,0.06219407868
79.03201601,0.05425767907,-0.04779776535,-0.06241806025,0.06214717648
79.07953977,0.05500712839,-0.04890650048,-0.06240992068,0.06209778576
79.12706353,0.05572453648,-0.04997534168,-0.06240128664,0.06204586426
79.17458729,0.05640914838,-0.05100306307,-0.06239214726,0.06199136973
79.22211106,0.05706020911,-0.05198843877,-0.06238249163,0.0619342599
79.26963482,0.0576769637,-0.05293024288,-0.06237230887,0.06187449251
79.31715858,0.05825865719,-0.05382724953,-0.0623615881,0.06181202532
79.36468234,0.05880453459,-0.05467823282,-0.06235031841,0.06174681606
79.4122061,0.05931384094,-0.05548196688,-0.06233848893,0.06167882246
79.45972986,0.05978582126,-0.05623722582,-0.06232608875,0.06160800228
79.50725363,0.06021972058,-0.05694278374,-0.062313107,0.06153431326
79.55477739,0.06061478393,-0.05759741478,-0.06229953279,0.06145771314
79.60230115,0.06097025634,-0.05819989303,-0.06228535522,0.06137815965
79.64982491,0.06128538283,-0.05874899263,-0.0622705634,0.06129561055
79.69734867,0.06155940844,-0.05924348767,-0.06225514644,0.06121002357
79.74487244,0.06179157819,-0.05968215228,-0.06223909347,0.06112135646
79.7923962,0.0619811371,-0.06006376057,-0.06222239358,0.06102956695
79.83991996,0.06212733022,-0.06038708665,-0.06220503588,0.06093461279
79.88744372,0.06222940255,-0.06065090464,-0.0621870095,0.06083645172
79.93496748,0.06228659915,-0.06085398866,-0.06216830353,0.06073504149
79.98249125,0.06229816502,-0.06099511282,-0.06214890709,0.06063033983
80.03001501,0.06227289253,-0.06108509177,-0.06213036005,0.06052624111
80.07753877,0.06224542837,-0.06116750273,-0.06211808546,0.06043690652
80.12506253,0.06221898992,-0.06124647443,-0.06211202094,0.06036306459
80.17258629,0.06219356259,-0.06132206753,-0.06211156297,0.06030409114
80.22011006,0.06216913178,-0.06139434275,-0.06211610807,0.06025936199
80.26763382,0.06214568287,-0.06146336077,-0.06212505272,0.06022825298
80.31515758,0.06212320127,-0.06152918227,-0.06213779343,0.06021013991
80.36268134,0.06210167237,-0.06159186795,-0.06215372671,0.06020439862
80.4102051,0.06208108157,-0.06165147851,-0.06217224905,0.06021040492
80.45772886,0.06206141427,-0.06170807462,-0.06219275696,0.06022753465
80.50525263,0.06204265585,-0.06176171699,-0.06221464694,0.06025516361
80.55277639,0.06202479173,-0.0618124663,-0.06223731548,0.06029266764
80.60030015,0.06200780729,-0.06186038325,-0.06226015909,0.06033942256
80.64782391,0.06199168794,-0.06190552852,-0.06228257427,0.06039480418
80.69534767,0.06197641906,-0.06194796281,-0.06230395753,0.06045818834
80.74287144,0.06196198606,-0.0619877468,-0.06232370535,0.06052895086
80.7903952,0.06194837433,-0.06202494118,-0.06234121425,0.06060646755
80.83791896,0.06193556927,-0.06205960666,-0.06235588073,0.06069011424
80.88544272,0.06192355628,-0.06209180391,-0.06236710128,0.06077926676
80.93296648,0.06191232075,-0.06212159363,-0.06237427242,0.06087330092
80.98049025,0.06190184808,-0.06214903652,-0.06237679063,0.06097159256
81.02801401,0.06189212366,-0.06217419325,-0.06237405242,0.06107351748
81.07553777,0.0618831329,-0.06219712452,-0.06236545429,0.06117845152
81.12306153,0.06187486118,-0.06221789102,-0.06235039275,0.06128577049
81.17058529,0.06186729391,-0.06223655345,-0.06232826429,0.06139485023
81.21810905,0.06186041649,-0.06225317249,-0.06229846541,0.06150506655
81.26563282,0.0618542143,-0.06226780884,-0.06226039262,0.06161579527
81.31315658,0.06184867275,-0.06228052318,-0.06221344242,0.06172641222
81.36068034,0.06184377723,-0.0622913762,-0.06215701131,0.06183629323
81.4082041,0.06183951314,-0.0623004286,-0.06209049579,0.0619448141
81.45572786,0.06183586588,-0.06230774107,-0.06201329236,0.06205135068
81.50325163,0.06183282084,-0.06231337429,-0.06192479753,0.06215527877
81.55077539,0.06183036342,-0.06231738897,-0.06182440778,0.0622559742
81.59829915,0.06182847901,-0.06231984578,-0.06171151964,0.0623528128
81.64582291,0.06182715302,-0.06232080542,-0.06158552959,0.06244517039
81.69334667,0.06182637084,-0.06232032859,-0.06144583414,0.06253242278
81.74087044,0.06182611786,-0.06231847596,-0.06129182978,0.06261394581
81.7883942,0.06182637949,-0.06231530824,-0.06112291303,0.0626891153
81.83591796,0.06182714111,-0.06231088611,-0.06093848038,0.06275730706
81.88344172,0.06182838813,-0.06230527026,-0.06073792833,0.06281789692
81.93096548,0.06183010595,-0.06229852139,-0.06052065339,0.06287026071
81.97848924,0.06183227995,-0.06229070018,-0.06028605205,0.06291377424
82.02601301,0.06183489554,-0.06228186733,-0.06003352082,0.06294781335
82.07353677,0.06183793811,-0.06227208352,-0.05976245619,0.06297175384
82.12106053,0.06184139306,-0.06226140945,-0.05947225468,0.06298497155
82.16858429,0.06184524579,-0.06224990581,-0.05916231277,0.0629868423
82.21610805,0.06184948169,-0.06223763329,-0.05883202698,0.0629767419
82.26363182,0.06185408616,-0.06222465258,-0.0584807938,0.06295404619
82.31115558,0.0618590446,-0.06221102437,-0.05810800973,0.06291813099
82.35867934,0.0618643424,-0.06219680934,-0.05771307128,0.06286837211
82.4062031,0.06186996496,-0.0621820682,-0.05729537494,0.06280414538
82.45372686,0.06187589767,-0.06216686164,-0.05685431723,0.06272482663
82.50125063,0.06188212594,-0.06215125033,-0.05638929463,0.06262979168
82.54877439,0.06188863516,-0.06213529498,-0.05589970365,0.06251841634
82.59629815,0.06189541072,-0.06211905627,-0.0553849408,0.06239007645
82.64382191,0.06190243803,-0.0621025949,-0.05484440256,0.06224414782
82.69134567,0.06190970248,-0.06208597156,-0.05427748545,0.06208000627
82.73886943,0.06191718946,-0.06206924693,-0.05368358597,0.06189702764
82.7863932,0.06192488438,-0.06205248171,-0.05306210061,0.06169458774
82.83391696,0.06193277262,-0.06203573659,-0.05241242588,0.0614720624
82.88144072,0.06194083959,-0.06201907225,-0.05173395828,0.06122882743
82.92896448,0.06194907069,-0.0620025494,-0.05102609431,0.06096425867
82.97648824,0.0619574513,-0.06198622871,-0.05028823047,0.06067773193
83.02401201,0.06196596684,-0.06197017089,-0.04951976326,0.06036862304
83.07153577,0.06197460268,-0.06195443662,-0.04872008919,0.06003630781
83.11905953,0.06198334424,-0.06193908659,-0.04788860475,0.05968016208
83.16658329,0.0619921769,-0.0619241815,-0.04702470645,0.05929956166
83.21410705,0.06200108606,-0.06190978202,-0.04612779079,0.05889388238
83.26163082,0.06201005713,-0.06189594887,-0.04519725426,0.05846250006
83.30915458,0.06201907549,-0.06188274272,-0.04423249338,0.05800479052
83.35667834,0.06202812654,-0.06187022426,-0.04323290464,0.05752012959
83.4042021,0.06203719568,-0.0618584542,-0.04219788454,0.05700789309
83.45172586,0.06204626831,-0.06184749321,-0.04112682958,0.05646745684
83.49924962,0.06205532983,-0.06183740198,-0.04001913627,0.05589819666
83.54677339,0.06206436562,-0.06182824122,-0.0388742011,0.05529948838
83.59429715,0.06207336109,-0.06182007161,-0.03769142059,0.05467070782
83.64182091,0.06208230164,-0.06181295384,-0.03647019122,0.0540112308
83.68934467,0.06209117265,-0.0618069486,-0.0352099095,0.05332043314
83.73686843,0.06209995953,-0.06180211658,-0.03390997193,0.05259769067
83.7843922,0.06210864767,-0.06179851847,-0.03256977502,0.05184237922
83.83191596,0.06211722248,-0.06179621497,-0.03118871526,0.05105387459
83.87943972,0.06212566934,-0.06179526676,-0.02976618916,0.05023155262
83.92696348,0.06213397365,-0.06179573454,-0.02830159321,0.04937478913
83.97448724,0.06214212082,-0.061797679,-0.02679432392,0.04848295994
84.02201101,0.06215009623,-0.06180116082,-0.02524377778,0.04755544088
84.06953477,0.06215788528,-0.06180624069,-0.02364935131,0.04659160776
84.11705853,0.06216547338,-0.06181297932,-0.022010441,0.04559083641
84.16458229,0.06217284591,-0.06182143738,-0.02032644335,0.04455250266
84.21210605,0.06217998827,-0.06183167557,-0.01859675487,0.04347598231
84.25962981,0.06218688587,-0.06184375459,-0.01682077205,0.04236065121
84.30715358,0.06219352409,-0.06185773511,-0.01499789139,0.04120588517
84.35467734,0.06219988834,-0.06187367784,-0.01312750941,0.04001106
84.4022011,0.062205964,-0.06189164346,-0.01120902259,0.03877555155
84.44972486,0.06221173648,-0.06191169266,-0.009241827446,0.03749873562
84.49724862,0.06221719118,-0.06193388613,-0.00722532047,0.03617998805
84.54477239,0.06222231349,-0.06195828457,-0.005158898167,0.03481868465
84.59229615,0.0622270888,-0.06198494867,-0.003041957038,0.03341420124
84.63981991,0.06223150252,-0.06201393911,-0.0008738935839,0.03196591366
84.68734367,0.06223554004,-0.06204531659,0.001345895694,0.03047319771
84.73486743,0.06223918675,-0.06207914179,0.003618014294,0.02893542924
84.7823912,0.06224242806,-0.06211547542,0.005943065716,0.02735198405
84.82991496,0.06224524936,-0.06215437815,0.008321653458,0.02572223797
84.87743872,0.06224763604,-0.06219591068,0.01075438102,0.02404556682
84.92496248,0.06224957351,-0.0622401337,0.0132418519,0.02232134643
84.97248624,0.06225104716,-0.06228710791,0.01578466959,0.02054895262
85.02001001,0.06225200256,-0.06233627278,0.01837094567,0.01873546476
85.06753377,0.06225210428,-0.06238248766,0.02089661751,0.01694493509
85.11505753,0.0622512999,-0.06242466944,0.02333908898,0.01519141277
85.16258129,0.06224961453,-0.06246291131,0.02569940623,0.01347438883
85.21010505,0.06224707328,-0.06249730644,0.0279786154,0.01179335433
85.25762881,0.06224370126,-0.062527948,0.03017776264,0.01014780033
85.30515258,0.06223952356,-0.06255492918,0.03229789411,0.008537217875
85.35267634,0.0622345653,-0.06257834315,0.03434005595,0.006961098017
85.4002001,0.06222885157,-0.06259828309,0.0363052943,0.005418931809
85.44772386,0.0622224075,-0.06261484217,0.03819465533,0.003910210303
85.49524762,0.06221525817,-0.06262811358,0.04000918517,0.002434424552
85.54277139,0.06220742871,-0.06263819048,0.04174992998,0.0009910656061
85.59029515,0.06219894421,-0.06264516606,0.0434179359,-0.0004203754812
85.63781891,0.06218982978,-0.06264913349,0.04501424909,-0.001800407658
85.68534267,0.06218011053,-0.06265018596,0.04653991568,-0.003149539873
85.73286643,0.06216981156,-0.06264841662,0.04799598184,-0.004468281074
85.7803902,0.06215895798,-0.06264391868,0.04938349371,-0.005757140209
85.82791396,0.06214757489,-0.06263678529,0.05070349743,-0.007016626225
85.87543772,0.0621356874,-0.06262710964,0.05195703916,-0.008247248071
85.92296148,0.06212332062,-0.06261498491,0.05314516504,-0.009449514694
85.97048524,0.06211049965,-0.06260050426,0.05426892123,-0.01062393504
86.018009,0.0620972496,-0.06258376089,0.05532935386,-0.01177101807
86.06553277,0.06208359558,-0.06256484796,0.0563275091,-0.01289127271
86.11305653,0.06206956268,-0.06254385865,0.05726443309,-0.01398520792
86.16058029,0.06205517602,-0.06252088615,0.05814117197,-0.01505333266
86.20810405,0.0620404607,-0.06249602362,0.05895877191,-0.01609615585
86.25562781,0.06202544183,-0.06246936424,0.05971827903,-0.01711418646
86.30315158,0.06201014452,-0.0624410012,0.0604207395,-0.01810793343
86.35067534,0.06199459386,-0.06241102766,0.06106719946,-0.01907790572
86.3981991,0.06197881497,-0.0623795368,0.06165870507,-0.02002461225
86.44572286,0.06196283295,-0.06234662181,0.06219630246,-0.020948562
86.49324662,0.06194667291,-0.06231237586,0.06268103779,-0.0218502639
86.54077039,0.06193035995,-0.06227689212,0.06311395721,-0.02273022689
86.58829415,0.06191391919,-0.06224026377,0.06349610686,-0.02358895994
86.63581791,0.06189737572,-0.06220258399,0.06382853289,-0.02442697199
86.68334167,0.06188075464,-0.06216394596,0.06411228146,-0.02524477198
86.73086543,0.06186408108,-0.06212444286,0.06434839871,-0.02604286886
86.77838919,0.06184738013,-0.06208416785,0.06453793079,-0.02682177158
86.82591296,0.0618306769,-0.06204321412,0.06468192385,-0.0275819891
86.87343672,0.0618139965,-0.06200167484,0.06478142404,-0.02832403035
86.92096048,0.06179736403,-0.0619596432,0.0648374775,-0.02904840429
86.96848424,0.06178080459,-0.06191721236,0.06485113039,-0.02975561985
87.016008,0.0617643433,-0.06187447551,0.06482342885,-0.030446186
87.06353177,0.06174800525,-0.06183152582,0.06475541903,-0.03112061168
87.11105553,0.06173181557,-0.06178845647,0.06464814708,-0.03177940584
87.15857929,0.06171579934,-0.06174536064,0.06450265915,-0.03242307742
87.20610305,0.06169998168,-0.0617023315,0.06432000139,-0.03305213537
87.25362681,0.06168438769,-0.06165946223,0.06410121994,-0.03366708865
87.30115058,0.06166904249,-0.06161684601,0.06384736096,-0.03426844619
87.34867434,0.06165397116,-0.06157457601,0.06355947059,-0.03485671695
87.3961981,0.06163919883,-0.06153274541,0.06323859498,-0.03543240988
87.44372186,0.0616247506,-0.06149144739,0.06288578029,-0.03599603392
87.49124562,0.06161065156,-0.06145077512,0.06250207265,-0.03654809801
87.53876938,0.06159692684,-0.06141082179,0.06208851822,-0.03708911112
87.58629315,0.06158360153,-0.06137168057,0.06164616315,-0.03761958219
87.63381691,0.06157070074,-0.06133344463,0.06117605359,-0.03814002015
87.68134067,0.06155824958,-0.06129620715,0.06067923567,-0.03865093398
87.72886443,0.06154627315,-0.06126006132,0.06015675556,-0.0391528326
87.77638819,0.06153479656,-0.0612251003,0.05960965941,-0.03964622497
87.82391196,0.06152384492,-0.06119141727,0.05903899335,-0.04013162004
87.87143572,0.06151344332,-0.06115910542,0.05844580354,-0.04060952675
87.91895948,0.06150361688,-0.06112825791,0.05783113612,-0.04108045405
87.96648324,0.06149439071,-0.06109896793,0.05719603726,-0.0415449109
88.014007,0.0614857899,-0.06107132865,0.05654155308,-0.04200340623
88.06153077,0.06147783956,-0.06104543325,0.05586872975,-0.042456449
88.10905453,0.06147056481,-0.0610213749,0.05517861341,-0.04290454815
88.15657829,0.06146399074,-0.06099924679,0.05447225021,-0.04334821264
88.20410205,0.06145814247,-0.06097914209,0.0537506863,-0.04378795141
88.25162581,0.06145304509,-0.06096115397,0.05301496783,-0.0442242734
88.29914957,0.06144872372,-0.06094537562,0.05226614094,-0.04465768757
88.34667334,0.06144520345,-0.06093190021,0.05150525179,-0.04508870287
88.3941971,0.06144250941,-0.06092082091,0.05073334652,-0.04551782824
88.44172086,0.06144066668,-0.06091223091,0.04995147128,-0.04594557262
88.48924462,0.06143970039,-0.06090622338,0.04916067223,-0.04637244498
88.53676838,0.06143963562,-0.0609028915,0.0483619955,-0.04679895425
88.58429215,0.0614404975,-0.06090232845,0.04755648725,-0.04722560939
88.63181591,0.06144231112,-0.0609046274,0.04674519363,-0.04765291934
88.67933967,0.06144510159,-0.06090988152,0.04592916078,-0.04808139305
88.72686343,0.06144889402,-0.06091818401,0.04510943486,-0.04851153946
88.77438719,0.06145371352,-0.06092962802,0.04428706201,-0.04894386754
88.82191096,0.06145958518,-0.06094430675,0.04346308838,-0.04937888621
88.86943472,0.06146653412,-0.06096231337,0.04263856011,-0.04981710444
88.91695848,0.06147458545,-0.06098374105,0.04181452337,-0.05025903117
88.96448224,0.06148376425,-0.06100868297,0.0409920243,-0.05070517535
89.012006,0.06149409566,-0.06103723231,0.04017210904,-0.05115604592
89.05952976,0.06150560476,-0.06106948224,0.03935582374,-0.05161215183
89.10705353,0.06151831667,-0.06110552595,0.03854421456,-0.05207400204
89.15457729,0.06153225648,-0.0611454566,0.03773832763,-0.05254210549
89.20210105,0.06154744932,-0.06118936738,0.03693920912,-0.05301697113
89.24962481,0.06156392028,-0.06123735147,0.03614790517,-0.0534991079
89.29714857,0.06158169447,-0.06128950203,0.03536546192,-0.05398902475
89.34467234,0.06160079699,-0.06134591226,0.03459292553,-0.05448723064
89.3921961,0.06162125295,-0.06140667531,0.03383134215,-0.05499423451
89.43971986,0.06164308746,-0.06147188438,0.03308175791,-0.0555105453
89.48724362,0.06166632563,-0.06154163264,0.03234521898,-0.05603667197
89.53476738,0.06169099255,-0.06161601326,0.0316227715,-0.05657312346
89.58229115,0.06171711334,-0.06169511942,0.03091546162,-0.05712040873
89.62981491,0.0617447131,-0.0617790443,0.03022433549,-0.05767903671
89.67733867,0.06177381693,-0.06186788108,0.02955043925,-0.05824951636
89.72486243,0.06180444995,-0.06196172293,0.02889481906,-0.05883235663
89.77238619,0.06183663725,-0.06206066303,0.02825852106,-0.05942806646
89.81990995,0.06187040396,-0.06216479456,0.0276425914,-0.0600371548
89.86743372,0.06190577516,-0.06227421069,0.02704807624,-0.06066013061
89.91495748,0.06194277597,-0.0623890046,0.02647602171,-0.06129750281
89.96248124,0.06198143149,-0.06250926947,0.02592747397,-0.06194978038
90.010005,0.06202095085,-0.06263411508,0.02540304402,-0.0626158057
90.05752876,0.06203698425,-0.06273422275,0.02489043664,-0.06324610909
90.10505253,0.0620186521,-0.0627964131,0.02438362577,-0.06381821102
90.15257629,0.06196661548,-0.06282140032,0.02388259421,-0.0643331196
90.20010005,0.06188153553,-0.0628098986,0.02338732473,-0.06479184295
90.24762381,0.06176407333,-0.06276262214,0.0228978001,-0.06519538921
90.29514757,0.06161489001,-0.06268028514,0.02241400312,-0.06554476647
90.34267134,0.06143464668,-0.0625636018,0.02193591655,-0.06584098288
90.3901951,0.06122400443,-0.0624132863,0.02146352317,-0.06608504655
90.43771886,0.06098362439,-0.06223005285,0.02099680577,-0.06627796559
90.48524262,0.06071416766,-0.06201461564,0.02053574712,-0.06642074813
90.53276638,0.06041629534,-0.06176768887,0.02008033,-0.0665144023
90.58029015,0.06009066856,-0.06148998673,0.01963053719,-0.06655993621
90.62781391,0.05973794841,-0.06118222342,0.01918635148,-0.06655835798
90.67533767,0.05935879601,-0.06084511313,0.01874775563,-0.06651067574
90.72286143,0.05895387246,-0.06047937007,0.01831473242,-0.0664178976
90.77038519,0.05852383888,-0.06008570842,0.01788726465,-0.06628103169
90.81790895,0.05806935637,-0.05966484238,0.01746533507,-0.06610108612
90.86543272,0.05759108605,-0.05921748616,0.01704892648,-0.06587906902
90.91295648,0.05708968901,-0.05874435394,0.01663802166,-0.06561598852
90.96048024,0.05656582638,-0.05824615992,0.01623260337,-0.06531285272
91.008004,0.05602015926,-0.0577236183,0.01583265441,-0.06497066975
91.05552776,0.05545334876,-0.05717744327,0.01543815754,-0.06459044773
91.10305153,0.05486605599,-0.05660834903,0.01504909555,-0.06417319479
91.15057529,0.05425894205,-0.05601704978,0.01466545122,-0.06371991903
91.19809905,0.05363266807,-0.05540425971,0.01428720732,-0.0632316286
91.24562281,0.05298789513,-0.05477069301,0.01391434663,-0.0627093316
91.29314657,0.05232528437,-0.05411706389,0.01354685194,-0.06215403615
91.34067034,0.05164549687,-0.05344408654,0.01318470603,-0.06156675038
91.3881941,0.05094919376,-0.05275247515,0.01282789166,-0.06094848241
91.43571786,0.05023703615,-0.05204294393,0.01247639162,-0.06030024036
91.48324162,0.04950968513,-0.05131620706,0.01213018869,-0.05962303235
91.53076538,0.04876780183,-0.05057297875,0.01178926565,-0.05891786649
91.57828914,0.04801204734,-0.04981397318,0.01145360527,-0.05818575092
91.62581291,0.04724308278,-0.04903990456,0.01112319034,-0.05742769376
91.67333667,0.04646156927,-0.04825148708,0.01079800363,-0.05664470311
91.72086043,0.04566816789,-0.04744943494,0.01047802792,-0.05583778711
91.76838419,0.04486353978,-0.04663446234,0.010163246,-0.05500795388
91.81590795,0.04404834603,-0.04580728346,0.009853640635,-0.05415621153
91.86343172,0.04322324775,-0.04496861251,0.00954919461,-0.05328356819
91.91095548,0.04238890606,-0.04411916367,0.009249890703,-0.05239103197
91.95847924,0.04154598206,-0.04325965116,0.008955711693,-0.05147961101
92.006003,0.04069513686,-0.04239078916,0.008666640358,-0.05055031341
92.05352676,0.03983703158,-0.04151329187,0.008382659478,-0.04960414731
92.10105053,0.03897232731,-0.04062787348,0.00810375183,-0.04864212082
92.14857429,0.03810168517,-0.0397352482,0.007829900196,-0.04766524206
92.19609805,0.03722576627,-0.03883613021,0.007561087352,-0.04667451915
92.24362181,0.03634523172,-0.03793123372,0.007297296077,-0.04567096022
92.29114557,0.03546074263,-0.03702127292,0.007038509152,-0.04465557338
92.33866933,0.0345729601,-0.036106962,0.006784709354,-0.04362936676
92.3861931,0.03368254524,-0.03518901517,0.006535879462,-0.04259334848
92.43371686,0.03279015917,-0.03426814661,0.006292002256,-0.04154852665
92.48124062,0.03189646299,-0.03334507052,0.006053060513,-0.04049590941
92.52876438,0.03100211782,-0.03242050111,0.005819037013,-0.03943650486
92.57628814,0.03010778475,-0.03149515256,0.005589914535,-0.03837132113
92.62381191,0.02921412491,-0.03056973907,0.005365675858,-0.03730136635
92.67133567,0.02832179939,-0.02964497484,0.00514630376,-0.03622764863
92.71885943,0.02743146932,-0.02872157406,0.00493178102,-0.03515117609
92.76638319,0.02654379579,-0.02780025093,0.004722090417,-0.03407295686
92.81390695,0.02565943991,-0.02688171965,0.004517214729,-0.03299399905
92.86143072,0.02477906281,-0.02596669441,0.004317136737,-0.03191531079
92.90895448,0.02390332558,-0.02505588941,0.004121839218,-0.03083790019
92.95647824,0.02303288933,-0.02415001884,0.003931304952,-0.02976277538
93.004002,0.02216841517,-0.0232497969,0.003745516717,-0.02869094449
93.05152576,0.02131056422,-0.02235593779,0.003564457292,-0.02762341562
93.09904952,0.02045999758,-0.0214691557,0.003388109455,-0.0265611969
93.14657329,0.01961737636,-0.02059016482,0.003216455987,-0.02550529646
93.19409705,0.01878336167,-0.01971967936,0.003049479665,-0.0244567224
93.24162081,0.01795861462,-0.01885841351,0.002887163269,-0.02341648287
93.28914457,0.01714379632,-0.01800708147,0.002729489577,-0.02238558596
93.33666833,0.01633956787,-0.01716639742,0.002576441368,-0.02136503981
93.3841921,0.01554659039,-0.01633707558,0.00242800142,-0.02035585254
93.43171586,0.01476552499,-0.01551983013,0.002284152514,-0.01935903226
93.47923962,0.01399703277,-0.01471537526,0.002144877428,-0.01837558711
93.52676338,0.01324177484,-0.01392442519,0.002010158939,-0.01740652519
93.57428714,0.01250041231,-0.01314769409,0.001879979829,-0.01645285463
93.62181091,0.0117736063,-0.01238589618,0.001754322874,-0.01551558355
93.66933467,0.01106201791,-0.01163974563,0.001633170854,-0.01459572008
93.71685843,0.01036630825,-0.01090995666,0.001516506548,-0.01369427232
93.76438219,0.009687138424,-0.01019724345,0.001404312735,-0.01281224841
93.81190595,0.009025169549,-0.009502320209,0.001296572193,-0.01195065647
93.85942971,0.008381062731,-0.008825901121,0.001193267702,-0.01111050461
93.90695348,0.00775547908,-0.008168700388,0.00109438204,-0.01029280096
93.95447724,0.007149079705,-0.007531432204,0.0009998979858,-0.00949855363
94.002001,0.006562525714,-0.006914810766,0.0009097983186,-0.008728770753
94.04952476,0.005996478216,-0.00631955027,0.0008240658171,-0.007984460445
94.09704852,0.005451598322,-0.005746364912,0.0007426832601,-0.007266630826
94.14457229,0.00492854714,-0.005195968888,0.0006656334265,-0.006576290019
94.19209605,0.004427985779,-0.004669076393,0.0005928990952,-0.005914446143
94.23961981,0.003950575348,-0.004166401625,0.0005244630449,-0.005282107321
94.28714357,0.003496976956,-0.003688658779,0.0004603080546,-0.004680281671
94.33466733,0.003067851713,-0.00323656205,0.000400416903,-0.004109977317
94.3821911,0.002663860727,-0.002810825636,0.000344772369,-0.003572202378
94.42971486,0.002285665108,-0.002412163731,0.0002933572314,-0.003067964976
94.47723862,0.001933925965,-0.002041290532,0.0002461542691,-0.00259827323
94.52476238,0.001609304407,-0.001698920236,0.0002031462609,-0.002164135264
94.57228614,0.001312461542,-0.001385767037,0.0001643159857,-0.001766559196
94.6198099,0.001044058481,-0.001102545132,0.0001296462222,-0.001406553148
94.66733367,0.0008047563326,-0.0008499687178,9.911974943e-05,-0.001085125242
94.71485743,0.0005952162052,-0.0006287519891,7.271934609e-05,-0.0008032835968
94.76238119,0.0004160992083,-0.0004396091425,5.042779106e-05,-0.0005620363349
94.80990495,0.0002680664509,-0.0002832543739,3.222786319e-05,-0.0003623915768
94.85742871,0.0001517790423,-0.0001604018793,1.81023413e-05,-0.0002053574433
94.90495248,6.789809155e-05,-7.176585481e-05,8.03400425e-06,-9.194205542e-05
94.95247624,1.708470774e-05,-1.806049637e-05,2.005630869e-06,-2.315353401e-05
95,0,0,0,0
