time_ns,u_X1,u_Y1,u_X2,u_Y2
0,0,0,0,0
0.04794063699,-3.389237941e-05,3.389599279e-05,-5.007667879e-05,3.38927049e-05
0.09588127397,-0.0001343787939,0.0001343930795,-0.000198107331,0.0001343800588
0.143821911,-0.000299673158,0.0002997049228,-0.0004407928805,0.0002996759205
0.1917625479,-0.0005279893862,0.0005280451852,-0.0007748342509,0.0005279941488
0.2397031849,-0.0008175413928,0.0008176275293,-0.001196932366,0.0008175486024
0.2876438219,-0.001166543092,0.001166665618,-0.00170378815,0.00116655314
0.3355844589,-0.001573208399,0.001573373113,-0.002292102526,0.001573221621
0.3835250959,-0.002035751228,0.002035963678,-0.002958576418,0.002035767903
0.4314657329,-0.002552385493,0.002552650974,-0.00369991075,0.002552405846
0.4794063699,-0.003121325109,0.003121648665,-0.004512806445,0.003121349309
0.5273470068,-0.00374078399,0.003741170414,-0.005393964428,0.003740812149
0.5752876438,-0.00440897605,0.004409429882,-0.006340085622,0.004409008226
0.6232282808,-0.005124115205,0.005124640732,-0.007347870951,0.005124151399
0.6711689178,-0.005884415368,0.005885016628,-0.008414021339,0.005884455527
0.7191095548,-0.006688090455,0.006688771231,-0.009535237709,0.006688134468
0.7670501918,-0.007533354379,0.007534118204,-0.01070822099,0.00753340208
0.8149908287,-0.008418421054,0.008419271209,-0.01192967209,0.008418472224
0.8629314657,-0.009341504396,0.00934244391,-0.01319629195,0.009341558757
0.9108721027,-0.01030081832,0.01030184997,-0.01450478149,0.01030087554
0.9588127397,-0.01129457674,0.01129570305,-0.01585184163,0.01129463643
1.006753377,-0.01232099357,0.01232221681,-0.01723417329,0.01232105528
1.054694014,-0.01337828272,0.01337960492,-0.01864847741,0.01337834596
1.102634651,-0.01446465811,0.01446608103,-0.02009145489,0.01446472232
1.150575288,-0.01557833365,0.01557985882,-0.02155980667,0.01557839823
1.198515925,-0.01671752326,0.01671915194,-0.02305023368,0.01671758754
1.246456562,-0.01788044086,0.01788217405,-0.02455943682,0.0178805041
1.294397199,-0.01906530035,0.01906713883,-0.02608411704,0.01906536179
1.342337836,-0.02027031565,0.02027225992,-0.02762097524,0.02027037445
1.390278473,-0.02149370067,0.021495751,-0.02916671236,0.02149375595
1.43821911,-0.02273366934,0.02273582573,-0.03071802932,0.02273372014
1.486159747,-0.02398843556,0.02399069776,-0.03227162705,0.02398848089
1.534100384,-0.02525621325,0.02525858076,-0.03382420646,0.02525625205
1.582041021,-0.02653521632,0.0265376884,-0.03537246848,0.02653524748
1.629981657,-0.02782365869,0.02782623434,-0.03691311403,0.02782368105
1.677922294,-0.02911975427,0.02912243223,-0.03844284404,0.0291197666
1.725862931,-0.03042171698,0.03042449575,-0.03995835944,0.030421718
1.773803568,-0.03172776073,0.03173063855,-0.04145636114,0.0317277491
1.821744205,-0.03303609943,0.03303907429,-0.04293355006,0.03303607377
1.869684842,-0.03434494701,0.03434801665,-0.04438662715,0.03434490587
1.917625479,-0.03565251737,0.03565567928,-0.0458122933,0.03565245925
1.965566116,-0.03695702442,0.03696027584,-0.04720724946,0.03695694777
2.013506753,-0.03825668209,0.03826002,-0.04856819655,0.03825658529
2.06144739,-0.03954970429,0.03955312542,-0.04989183548,0.03954958567
2.109388027,-0.04083430493,0.04083780576,-0.05117486718,0.04083416277
2.157328664,-0.04210869793,0.04211227469,-0.05241399258,0.04210853044
2.205269301,-0.0433710972,0.04337474586,-0.0536059126,0.04337090255
2.253209938,-0.04461971665,0.04462343295,-0.05474732816,0.04461949296
2.301150575,-0.04585277021,0.0458565496,-0.05583494019,0.04585251551
2.349091212,-0.04706847178,0.04707230949,-0.05686544961,0.04706818408
2.397031849,-0.04826503527,0.04826892628,-0.05783555734,0.04826471253
2.444972486,-0.04944067461,0.04944461363,-0.05874196431,0.0494403147
2.492913123,-0.05059360371,0.05059758521,-0.05958137145,0.05059320446
2.54085376,-0.05172203648,0.05172605466,-0.06035047967,0.05172159566
2.588794397,-0.05282418684,0.05282823567,-0.0610459899,0.05282370218
2.636735034,-0.0538982687,0.05390234189,-0.06166460306,0.05389773785
2.684675671,-0.05494249597,0.05494658698,-0.06220302008,0.05494191655
2.732616308,-0.05595508257,0.0559591846,-0.06265794188,0.05595445214
2.780556945,-0.05693424242,0.05693834843,-0.06302606939,0.05693355846
2.828497582,-0.05787818943,0.05788229211,-0.06330410352,0.05787744939
2.876438219,-0.05878513751,0.05878922932,-0.06348874521,0.05878433877
2.924378856,-0.05965330058,0.05965737372,-0.06357669537,0.05965244047
2.972319493,-0.06048089255,0.06048493896,-0.06356465493,0.06047996835
3.02026013,-0.06126612734,0.06127013872,-0.06344932482,0.06126513626
3.068200767,-0.06200721886,0.06201118664,-0.06322740595,0.06200615806
3.116141404,-0.06270238102,0.06270629641,-0.06289559925,0.06270124762
3.164082041,-0.06334982775,0.06335368167,-0.06245060565,0.06334861879
3.212022678,-0.06394777295,0.0639515561,-0.06188912607,0.06394648543
3.259963315,-0.06449443053,0.06449813335,-0.06120786143,0.0644930614
3.307903952,-0.06498801443,0.06499162709,-0.06040351266,0.06498656056
3.355844589,-0.06542673853,0.06543025097,-0.05947278067,0.06542519676
3.403785226,-0.06580881678,0.06581221867,-0.0584123664,0.06580718387
3.451725863,-0.06613246307,0.06613574384,-0.05721897077,0.06613073574
3.4996665,-0.06639589132,0.06639904015,-0.0558892947,0.06639406624
3.547607137,-0.06659731544,0.06660032126,-0.05442003911,0.06659538922
3.595547774,-0.06673494936,0.06673780083,-0.05280790494,0.06673291854
3.643488411,-0.06680700698,0.06680969253,-0.05104959309,0.06680486806
3.691429048,-0.06681170222,0.06681421001,-0.0491418045,0.06680945163
3.739369685,-0.06674724899,0.06674956694,-0.0470812401,0.06674488312
3.787310322,-0.06661186121,0.06661397699,-0.04486460079,0.06660937639
3.835250959,-0.0664037528,0.06640565381,-0.04248858751,0.0664011453
3.883191596,-0.06612113766,0.06612281107,-0.03994990119,0.06611840369
3.931132233,-0.06576222971,0.06576366243,-0.03724524274,0.06575936544
3.97907287,-0.06532524287,0.06532642155,-0.03437131309,0.0653222444
4.027013507,-0.06480839105,0.0648093021,-0.03132481316,0.06480525443
4.074954144,-0.06420988816,0.06421051773,-0.02810244388,0.06420660939
4.122894781,-0.06352794812,0.06352828212,-0.02470090617,0.06352452313
4.170835418,-0.06276127628,0.06276130047,-0.02111799421,0.06275776781
4.218776055,-0.06198358252,0.06198330144,-0.01751831916,0.06199013901
4.266716692,-0.06124806688,0.06124749836,-0.01402072624,0.06128150648
4.314657329,-0.06055387925,0.06055304075,-0.01062378948,0.06063020549
4.362597966,-0.05990016953,0.05989907811,-0.007326082911,0.0600345713
4.410538603,-0.05928608761,0.05928475997,-0.004126180574,0.05949293915
4.45847924,-0.05871078338,0.05870923584,-0.001022656504,0.05900364431
4.506419877,-0.05817340674,0.05817165521,0.001985915261,0.05856502204
4.554360514,-0.05767310758,0.05767116761,0.004900960686,0.05817540758
4.602301151,-0.05720903581,0.05720692255,0.007723905733,0.0578331362
4.650241788,-0.05678034131,0.05677806954,0.01045617637,0.05753654314
4.698182425,-0.05638617398,0.05638375809,0.01309919855,0.05728396368
4.746123062,-0.05602568371,0.05602313771,0.01565439825,0.05707373306
4.794063699,-0.05569802041,0.05569535791,0.01812320142,0.05690418654
4.842004336,-0.05540233396,0.05539956821,0.02050703403,0.05677365938
4.889944972,-0.05513777426,0.05513491811,0.02280732205,0.05668048683
4.937885609,-0.0549034912,0.05490055713,0.02502549144,0.05662300415
4.985826246,-0.05469863468,0.05469563477,0.02716296815,0.05659954659
5.033766883,-0.0545223546,0.05451930056,0.02922117816,0.05660844942
5.08170752,-0.05437380085,0.054370704,0.03120154743,0.05664804788
5.129648157,-0.05425212332,0.0542489946,0.03310550191,0.05671667723
5.177588794,-0.05415647191,0.05415332187,0.03493446759,0.05681267274
5.225529431,-0.05408599651,0.05408283533,0.03668987041,0.05693436965
5.273470068,-0.05403984703,0.05403668449,0.03837313634,0.05708010323
5.321410705,-0.05401717335,0.05401401886,0.03998569134,0.05724820872
5.369351342,-0.05401712536,0.05401398795,0.04152896139,0.05743702139
5.417291979,-0.05403885298,0.05403574126,0.04300437244,0.05764487649
5.465232616,-0.05408150608,0.05407842832,0.04441335045,0.05787010928
5.513173253,-0.05414423456,0.05414119864,0.04575732139,0.05811105502
5.56111389,-0.05422618833,0.05422320172,0.04703771122,0.05836604895
5.609054527,-0.05432651727,0.05432358708,0.04825594591,0.05863342634
5.656995164,-0.05444437127,0.05444150422,0.04941345142,0.05891152244
5.704935801,-0.05457890024,0.05457610267,0.05051165371,0.05919867251
5.752876438,-0.05472925407,0.05472653193,0.05155197875,0.05949321181
5.800817075,-0.05489458266,0.05489194151,0.0525358525,0.05979347558
5.848757712,-0.05507403589,0.05507148092,0.05346470092,0.0600977991
5.896698349,-0.05526676367,0.05526429968,0.05433994998,0.06040451761
5.944638986,-0.05547191588,0.0554695473,0.05516302563,0.06071196637
5.992579623,-0.05568864243,0.05568637328,0.05593535386,0.06101848064
6.04052026,-0.05591609321,0.05591392715,0.0566583606,0.06132239566
6.088460897,-0.05615341811,0.05615135841,0.05733347184,0.06162204671
6.136401534,-0.05639976703,0.05639781657,0.05796211354,0.06191576903
6.184342171,-0.05665428986,0.05665245114,0.05854571165,0.06220189789
6.232282808,-0.0569161365,0.05691441164,0.05908569214,0.06247876853
6.280223445,-0.05718445685,0.05718284758,0.05958348098,0.06274471622
6.328164082,-0.05745840079,0.05745690847,0.06004050412,0.0629980762
6.376104719,-0.05773711823,0.05773574381,0.06045818754,0.06323718375
6.424045356,-0.05801975905,0.05801850313,0.06083795719,0.0634603741
6.471985993,-0.05830547316,0.05830433593,0.06118123904,0.06366598253
6.51992663,-0.05859341045,0.05859239173,0.06148945905,0.06385234428
6.567867267,-0.05888272081,0.05888182003,0.06176404319,0.06401779461
6.615807904,-0.05917255414,0.05917177035,0.06200641741,0.06416066878
6.663748541,-0.05946206033,0.05946139219,0.06221800769,0.06427930204
6.711689178,-0.05975038928,0.05974983508,0.06240023999,0.06437202966
6.759629815,-0.06003669088,0.06003624852,0.06255454026,0.06443718688
6.807570452,-0.06032011503,0.06031978202,0.06268233448,0.06447310896
6.855511089,-0.06059981162,0.06059958509,0.0627850486,0.06447813116
6.903451726,-0.06087493055,0.06087480725,0.06286410859,0.06445058874
6.951392363,-0.06114462172,0.06114459801,0.06292094042,0.06438881695
6.999333,-0.06140803501,0.06140810688,0.06295697004,0.06429115105
7.047273637,-0.06166432032,0.06166448337,0.06297362343,0.06415592629
7.095214274,-0.06191262756,0.06191287699,0.06297232653,0.06398147793
7.143154911,-0.0621521066,0.06215243725,0.06295450533,0.06376614123
7.191095548,-0.06238190735,0.06238231366,0.06292158577,0.06350825144
7.239036185,-0.06260117971,0.06260165575,0.06287499383,0.06320614382
7.286976822,-0.06280907356,0.06280961301,0.06281615547,0.06285815363
7.334917459,-0.06300473881,0.06300533495,0.06274649664,0.06246261611
7.382858096,-0.06318732534,0.0631879711,0.06266744333,0.06201786654
7.430798733,-0.06335598306,0.06335667096,0.06258042148,0.06152224016
7.47873937,-0.06350986185,0.06351058405,0.06248685706,0.06097407223
7.526680007,-0.06364811161,0.06364885986,0.06238817603,0.06037169801
7.574620644,-0.06376988225,0.06377064793,0.06228580437,0.05971345274
7.622561281,-0.06387432364,0.06387509775,0.06218116803,0.0589976717
7.670501918,-0.06396058569,0.06396135883,0.06207569297,0.05822269014
7.718442555,-0.0640278183,0.0640285807,0.06197080516,0.0573868433
7.766383192,-0.06407517135,0.06407591287,0.06186793057,0.05648846646
7.814323829,-0.06410179474,0.06410250483,0.06176849515,0.05552589485
7.862264466,-0.06410683837,0.06410750611,0.06167392487,0.05449746375
7.910205103,-0.06408945213,0.06409006621,0.06158564569,0.05340150841
7.95814574,-0.06404878592,0.06404933465,0.06150508358,0.05223636408
8.006086377,-0.06398398963,0.06398446094,0.0614336645,0.05100036601
8.054027014,-0.06389421316,0.06389459459,0.06137281441,0.04969184948
8.10196765,-0.0637786064,0.06377888512,0.06132395928,0.04830914972
8.149908287,-0.06363631925,0.06363648202,0.06128852507,0.046850602
8.197848924,-0.0634665016,0.06346653482,0.06126793774,0.04531454158
8.245789561,-0.06326830334,0.06326819303,0.06126362326,0.04369930371
8.293730198,-0.06304087438,0.06304060615,0.06127700759,0.04200322364
8.341670835,-0.06278404784,0.06278360742,0.06130929563,0.04022534296
8.389611472,-0.06252618395,0.06252557738,0.06135208125,0.03839493023
8.437552109,-0.06228235035,0.06228159415,0.0614001701,0.0365296157
8.485492746,-0.06205226366,0.0620513738,0.06145314608,0.03463152423
8.533433383,-0.06183564052,0.06183463243,0.06151059307,0.03270278065
8.58137402,-0.06163219753,0.06163108614,0.06157209496,0.03074550981
8.629314657,-0.06144165133,0.061440451,0.06163723565,0.02876183656
8.677255294,-0.06126371854,0.06126244312,0.06170559902,0.02675388572
8.725195931,-0.06109811578,0.06109677857,0.06177676896,0.02472378216
8.773136568,-0.06094455968,0.06094317345,0.06185032936,0.02267365071
8.821077205,-0.06080276685,0.06080134385,0.06192586411,0.02060561622
8.869017842,-0.06067245392,0.06067100586,0.06200295711,0.01852180352
8.916958479,-0.06055333752,0.06055187556,0.06208119224,0.01642433747
8.964899116,-0.06044513426,0.06044366905,0.06216015338,0.0143153429
9.012839753,-0.06034756078,0.06034610242,0.06223942444,0.01219694466
9.06078039,-0.06026033368,0.06025889176,0.0623185893,0.0100712676
9.108721027,-0.0601831696,0.06018175315,0.06239723184,0.007940436551
9.156661664,-0.06011578516,0.06011440268,0.06247493597,0.005806576361
9.204602301,-0.06005789699,0.06005655645,0.06255128556,0.003671811874
9.252542938,-0.0600092217,0.06000793055,0.06262586452,0.001538267934
9.300483575,-0.05996947591,0.05996824106,0.06269825672,-0.0005919306171
9.348424212,-0.05993837626,0.05993720407,0.06276804606,-0.002716658935
9.396364849,-0.05991563937,0.05991453568,0.06283481643,-0.004833792177
9.444305486,-0.05990098185,0.05989995197,0.06289815171,-0.006941205499
9.492246123,-0.05989412033,0.05989316903,0.0629576358,-0.009036774058
9.54018676,-0.05989477144,0.05989390296,0.06301285259,-0.01111837301
9.588127397,-0.05990265179,0.05990186984,0.06306338597,-0.01318387751
9.636068034,-0.05991747801,0.05991678576,0.06310881982,-0.01523116272
9.684008671,-0.05993896673,0.05993836681,0.06314873804,-0.01725810379
9.731949308,-0.05996683456,0.05996632908,0.06318272451,-0.01926257589
9.779889945,-0.06000079814,0.06000038866,0.06321036313,-0.02124245416
9.827830582,-0.06004057407,0.06004026164,0.06323123778,-0.02319561376
9.875771219,-0.06008587899,0.06008566411,0.06324493236,-0.02511992985
9.923711856,-0.06013642952,0.06013631215,0.06325103076,-0.02701327759
9.971652493,-0.06019194229,0.06019192187,0.06324911685,-0.02887353213
10.01959313,-0.06025213391,0.06025220935,0.06323877454,-0.03069856863
10.06753377,-0.060316721,0.06031689067,0.06321958772,-0.03248626225
10.1154744,-0.0603854202,0.06038568193,0.06319114026,-0.03423448814
10.16341504,-0.06045794812,0.06045829922,0.06315301607,-0.03594112146
10.21135568,-0.06053402139,0.06053445862,0.06310479903,-0.03760403736
10.25929631,-0.06061335663,0.06061387624,0.06304607304,-0.03922111101
10.30723695,-0.06069567047,0.06069626814,0.06297642197,-0.04079021756
10.35517759,-0.06078067952,0.06078135043,0.06289542973,-0.04230923216
10.40311823,-0.06086810041,0.0608688392,0.0628026802,-0.04377602998
10.45105886,-0.06095764976,0.06095845053,0.06269775727,-0.04518848617
10.4989995,-0.0610490442,0.06104990052,0.06258024483,-0.04654447588
10.54694014,-0.06114200035,0.06114290525,0.06244972677,-0.04784187427
10.59488077,-0.06123623483,0.06123718081,0.06230578698,-0.0490785565
10.64282141,-0.06133146427,0.0613324433,0.06214800934,-0.05025239773
10.69076205,-0.06142740529,0.0614284088,0.06197597776,-0.05136127311
10.73870268,-0.06152377451,0.0615247934,0.06178927612,-0.0524030578
10.78664332,-0.06162028855,0.06162131319,0.06158748831,-0.05337562696
10.83458396,-0.06171666404,0.06171768426,0.06137019821,-0.05427685573
10.8825246,-0.06181261761,0.06181362271,0.06113698972,-0.05510461929
10.93046523,-0.06190786586,0.06190884461,0.06088744673,-0.05585679278
10.97840587,-0.06200212544,0.06200306607,0.06062115313,-0.05653125136
11.02634651,-0.06209511295,0.06209600317,0.06033769281,-0.0571258702
11.07428714,-0.06218654503,0.06218737199,0.06003664965,-0.05763852443
11.12222778,-0.06227613829,0.06227688863,0.05971760754,-0.05806708923
11.17016842,-0.06236360937,0.06236426919,0.05938015039,-0.05840943975
11.21810905,-0.06244867488,0.06244922974,0.05902386207,-0.05866345114
11.26604969,-0.06253105144,0.06253148638,0.05864832647,-0.05882699856
11.31399033,-0.06261045568,0.06261075519,0.05825312749,-0.05889795718
11.36193097,-0.06268660423,0.06268675228,0.05783784902,-0.05887420213
11.4098716,-0.0627592137,0.06275919371,0.05740207494,-0.05875360859
11.45781224,-0.06282800072,0.0628277956,0.05694538914,-0.05853405171
11.50575288,-0.06289268191,0.06289227402,0.05646737552,-0.05821340664
11.55369351,-0.06295297389,0.06295234507,0.05596761796,-0.05778954854
11.60163415,-0.0630085933,0.06300772483,0.05544570035,-0.05726035257
11.64957479,-0.06305925674,0.0630581294,0.05490120659,-0.05662369388
11.69751542,-0.06310468085,0.06310327486,0.05433372056,-0.05587744764
11.74545606,-0.06314458225,0.0631428773,0.05374282615,-0.05501948899
11.7933967,-0.06317867755,0.06317665282,0.05312810726,-0.0540476931
11.84133734,-0.06320668339,0.0632043175,0.05248914777,-0.05295993512
11.88927797,-0.06322831638,0.06322558743,0.05182553156,-0.05175409021
11.93721861,-0.06324329316,0.06324017871,0.05113684254,-0.05042803352
11.98515925,-0.06325133034,0.06324780741,0.05042266459,-0.04897964021
12.03309988,-0.06325214454,0.06324818964,0.0496825816,-0.04740678544
12.08104052,-0.06324545239,0.06324104148,0.04891617746,-0.04570734436
12.12898116,-0.06323097052,0.06322607902,0.04812303606,-0.04387919213
12.17692179,-0.06320841554,0.06320301835,0.04730274129,-0.04192020391
12.22486243,-0.06317750407,0.06317157556,0.04645487704,-0.03982825486
12.27280307,-0.06313795275,0.06313146674,0.0455790272,-0.03760122012
12.32074371,-0.0630894782,0.06308240798,0.04467477565,-0.03523697487
12.36868434,-0.06303179703,0.06302411537,0.0437417063,-0.03273339424
12.41662498,-0.06296462587,0.06295630499,0.04277940302,-0.03008835341
12.46456562,-0.06288768135,0.06287869294,0.04178744971,-0.02729972752
12.51250625,-0.06280126196,0.06279172859,0.04076751542,-0.02437267978
12.56044689,-0.06271695738,0.06271000341,0.03976168076,-0.02145384236
12.60838753,-0.06263924191,0.06263893147,0.03878640753,-0.01860084729
12.65632816,-0.06256792732,0.06257802132,0.0378414322,-0.01581294503
12.7042688,-0.06250282533,0.06252678153,0.03692649123,-0.01308938605
12.75220944,-0.06244374771,0.06248472066,0.03604132108,-0.01042942083
12.80015008,-0.06239050619,0.06245134728,0.03518565822,-0.007832299832
12.84809071,-0.06234291251,0.06242616995,0.0343592391,-0.005297273534
12.89603135,-0.06230077842,0.06240869724,0.03356180018,-0.002823592406
12.94397199,-0.06226391567,0.0623984377,0.03279307793,-0.0004105069172
12.99191262,-0.062232136,0.0623948999,0.03205280881,0.001942732461
13.03985326,-0.06220525116,0.06239759241,0.03134072928,0.004236875257
13.0877939,-0.06218307289,0.06240602378,0.0306565758,0.006472671
13.13573453,-0.06216541293,0.06241970259,0.03000008484,0.008650869219
13.18367517,-0.06215208302,0.06243813739,0.02937099284,0.01077221944
13.23161581,-0.06214289493,0.06246083674,0.02876903629,0.0128374712
13.27955644,-0.06213766038,0.06248730922,0.02819395163,0.01484737402
13.32749708,-0.06213619112,0.06251706339,0.02764547533,0.01680267744
13.37543772,-0.0621382989,0.0625496078,0.02712334384,0.01870413097
13.42337836,-0.06214379547,0.06258445103,0.02662729364,0.02055248416
13.47131899,-0.06215249256,0.06262110163,0.02615706118,0.02234848652
13.51925963,-0.06216420192,0.06265906817,0.02571238293,0.02409288759
13.56720027,-0.0621787353,0.06269785922,0.02529299534,0.0257864369
13.6151409,-0.06219590444,0.06273698333,0.02489863488,0.02742988397
13.66308154,-0.06221552108,0.06277594907,0.024529038,0.02902397834
13.71102218,-0.06223739697,0.06281426501,0.02418394118,0.03056946953
13.75896281,-0.06226134386,0.0628514397,0.02386308087,0.03206710708
13.80690345,-0.06228717349,0.06288698171,0.02356619352,0.0335176405
13.85484409,-0.0623146976,0.0629203996,0.02329301562,0.03492181934
13.90278473,-0.06234372795,0.06295120195,0.0230432836,0.03628039312
13.95072536,-0.06237407626,0.0629788973,0.02281673395,0.03759411136
13.998666,-0.06240555429,0.06300299423,0.02261310311,0.0388637236
14.04660664,-0.06243797379,0.0630230013,0.02243212755,0.04008997937
14.09454727,-0.06247114649,0.06303842706,0.02227354374,0.0412736282
14.14248791,-0.06250488414,0.0630487801,0.02213708812,0.04241541961
14.19042855,-0.06253899849,0.06305356896,0.02202249717,0.04351610313
14.23836918,-0.06257330128,0.06305230221,0.02192950735,0.04457642829
14.28630982,-0.06260760426,0.06304448842,0.02185785511,0.04559714463
14.33425046,-0.06264171917,0.06302963615,0.02180727692,0.04657900166
14.3821911,-0.06267545775,0.06300725396,0.02177750923,0.04752274893
14.43013173,-0.06270863175,0.06297685042,0.02176828852,0.04842913595
14.47807237,-0.06274105292,0.06293793408,0.02177935124,0.04929891227
14.52601301,-0.06277253299,0.06289001352,0.02181043386,0.05013282739
14.57395364,-0.06280288372,0.0628325973,0.02186127283,0.05093163087
14.62189428,-0.06283191685,0.06276519397,0.02193160462,0.05169607221
14.66983492,-0.06285944412,0.06268731211,0.02202116568,0.05242690096
14.71777555,-0.06288527727,0.06259846028,0.02212969248,0.05312486664
14.76571619,-0.06290922806,0.06249814704,0.02225692149,0.05379071879
14.81365683,-0.06293110823,0.06238588095,0.02240258916,0.05442520692
14.86159747,-0.06295072952,0.06226117058,0.02256643195,0.05502908057
14.9095381,-0.06296790367,0.06212352449,0.02274818632,0.05560308927
14.95747874,-0.06298244243,0.06197245124,0.02294758874,0.05614798255
15.00541938,-0.06299415755,0.06180745941,0.02316437567,0.05666450993
15.05336001,-0.06300286077,0.06162805754,0.02339828357,0.05715342095
15.10130065,-0.06300836384,0.06143375421,0.0236490489,0.05761546513
15.14924129,-0.06301047849,0.06122405798,0.02391640812,0.058051392
15.19718192,-0.06300901648,0.06099847741,0.0242000977,0.0584619511
15.24512256,-0.06300378954,0.06075652107,0.02449985409,0.05884789194
15.2930632,-0.06299460943,0.06049769751,0.02481541375,0.05920996407
15.34100384,-0.06298128789,0.06022151531,0.02514651316,0.059548917
15.38894447,-0.06296363665,0.05992748303,0.02549288876,0.05986550028
15.43688511,-0.06294146748,0.05961510922,0.02585427702,0.06016046341
15.48482575,-0.06291459211,0.05928390246,0.02623041441,0.06043455595
15.53276638,-0.06288282228,0.0589333713,0.02662103738,0.06068852741
15.58070702,-0.06284596975,0.05856302432,0.02702588239,0.06092312732
15.62864766,-0.06280384625,0.05817237007,0.02744468591,0.06113910521
15.67658829,-0.06275626353,0.05776091711,0.0278771844,0.06133721062
15.72452893,-0.06270303333,0.05732817402,0.02832311431,0.06151819307
15.77246957,-0.06264396741,0.05687364935,0.02878221212,0.06168280208
15.82041021,-0.0625788775,0.05639685167,0.02925421428,0.0618317872
15.86835084,-0.06250757534,0.05589728954,0.02973885725,0.06196589794
15.91629148,-0.0624298727,0.05537447153,0.0302358775,0.06208588384
15.96423212,-0.06234558129,0.05482790619,0.03074501148,0.06219249442
16.01217275,-0.06225451289,0.0542571021,0.03126599566,0.06228647922
16.06011339,-0.06215647922,0.05366156781,0.0317985665,0.06236858776
16.10805403,-0.06205129203,0.05304081189,0.03234246046,0.06243956957
16.15599466,-0.06193876307,0.0523943429,0.032897414,0.06250017418
16.2039353,-0.06181870407,0.05172166941,0.03346316358,0.06255115113
16.25187594,-0.0616909268,0.05102229998,0.03403944567,0.06259324993
16.29981657,-0.06155524299,0.05029574317,0.03462599673,0.06262722012
16.34775721,-0.06141146438,0.04954150755,0.03522255321,0.06265381123
16.39569785,-0.06125940272,0.04875910168,0.03582885158,0.06267377278
16.44363849,-0.06109886975,0.04794803412,0.0364446283,0.06268785431
16.49157912,-0.06092967723,0.04710781344,0.03706961984,0.06269680534
16.53951976,-0.06075163688,0.04623794819,0.03770356264,0.06270137541
16.5874604,-0.06056456047,0.04533794696,0.03834619319,0.06270231404
16.63540103,-0.06036825973,0.04440731829,0.03899724792,0.06270037075
16.68334167,-0.06016110634,0.04344499602,0.03965330796,0.06269640405
16.73128231,-0.05992599257,0.0424440993,0.04027658006,0.06269224434
16.77922294,-0.05965884534,0.04140370041,0.04085688545,0.06268832358
16.82716358,-0.05936074415,0.040325013,0.04139522828,0.06268463724
16.87510422,-0.05903276853,0.03920925075,0.04189261268,0.06268118077
16.92304486,-0.058675998,0.03805762733,0.04235004279,0.06267794963
16.97098549,-0.05829151208,0.03687135639,0.04276852276,0.06267493928
17.01892613,-0.05788039028,0.03565165162,0.04314905672,0.06267214517
17.06686677,-0.05744371212,0.03439972666,0.04349264881,0.06266956276
17.1148074,-0.05698255713,0.0331167952,0.04380030317,0.06266718751
17.16274804,-0.05649800481,0.03180407089,0.04407302395,0.06266501488
17.21068868,-0.0559911347,0.03046276741,0.04431181528,0.06266304032
17.25862931,-0.0554630263,0.02909409842,0.04451768129,0.06266125928
17.30656995,-0.05491475914,0.02769927759,0.04469162614,0.06265966724
17.35451059,-0.05434741273,0.02627951859,0.04483465396,0.06265825963
17.40245123,-0.0537620666,0.02483603508,0.04494776889,0.06265703193
17.45039186,-0.05315980026,0.02337004072,0.04503197506,0.06265597959
17.4983325,-0.05254169322,0.0218827492,0.04508827663,0.06265509806
17.54627314,-0.05190882502,0.02037537416,0.04511767772,0.06265438281
17.59421377,-0.05126227516,0.01884912929,0.04512118249,0.06265382928
17.64215441,-0.05060312318,0.01730522824,0.04509979506,0.06265343294
17.69009505,-0.04993244857,0.01574488469,0.04505451957,0.06265318924
17.73803568,-0.04925133087,0.01416931229,0.04498636018,0.06265309365
17.78597632,-0.04856084959,0.01257972473,0.044896321,0.06265314161
17.83391696,-0.04786208425,0.01097733566,0.0447854062,0.06265332859
17.8818576,-0.04715611437,0.009363358748,0.0446546199,0.06265365004
17.92979823,-0.04644401946,0.007739007667,0.04450496625,0.06265410142
17.97773887,-0.04572687906,0.00610549608,0.04433744938,0.06265467819
18.02567951,-0.04500577266,0.004464037655,0.04415307343,0.0626553758
18.07362014,-0.04428177981,0.00281584606,0.04395284255,0.06265618971
18.12156078,-0.04355598,0.00116213496,0.04373776088,0.06265711538
18.16950142,-0.04282945276,-0.0004958819779,0.04350883254,0.06265814827
18.21744205,-0.04210327761,-0.002156991086,0.04326706169,0.06265928383
18.26538269,-0.04137853407,-0.003819978697,0.04301345246,0.06266051751
18.31332333,-0.04065630166,-0.005483631145,0.04274900899,0.06266184479
18.36126397,-0.03993765989,-0.007146734763,0.04247473543,0.06266326111
18.4092046,-0.03922368828,-0.008808075884,0.0421916359,0.06266476193
18.45714524,-0.03851546636,-0.01046644084,0.04190071456,0.06266634271
18.50508588,-0.03781407363,-0.01212061597,0.04160297554,0.0626679989
18.55302651,-0.03712058963,-0.0137693876,0.04129942297,0.06266972597
18.60096715,-0.03643609386,-0.01541154206,0.04099106101,0.06267151936
18.64890779,-0.03576166585,-0.01704586569,0.04067889378,0.06267337454
18.69684842,-0.03509838511,-0.01867114482,0.04036392543,0.06267528697
18.74478906,-0.03444733117,-0.02028616579,0.04004716011,0.0626772521
18.7927297,-0.03380958353,-0.02188971493,0.03972960194,0.06267926539
18.84067034,-0.03318622173,-0.02348057857,0.03941225506,0.06268132229
18.88861097,-0.03257832528,-0.02505754304,0.03909612363,0.06268341826
18.93655161,-0.03198697369,-0.02661939467,0.03878221177,0.06268554877
18.98449225,-0.0314132465,-0.02816491981,0.03847152362,0.06268770926
19.03243288,-0.0308582232,-0.02969290478,0.03816506333,0.06268989519
19.08037352,-0.03032298333,-0.03120213592,0.03786383504,0.06269210203
19.12831416,-0.0298086064,-0.03269139956,0.03756884288,0.06269432522
19.17625479,-0.02931617193,-0.03415948203,0.037281091,0.06269656023
19.22419543,-0.02884675944,-0.03560516966,0.03700158353,0.06269880252
19.27213607,-0.02840144845,-0.0370272488,0.03673132462,0.06270104753
19.32007671,-0.02798131848,-0.03842450576,0.0364713184,0.06270329073
19.36801734,-0.02758744904,-0.0397957269,0.03622256901,0.06270552758
19.41595798,-0.02722091965,-0.04113969852,0.03598608059,0.06270775352
19.46389862,-0.02688280983,-0.04245520699,0.03576285729,0.06270996403
19.51183925,-0.02657419911,-0.04374103861,0.03555390323,0.06271215455
19.55977989,-0.02629616699,-0.04499597973,0.03536022257,0.06271432054
19.60772053,-0.026049793,-0.04621881669,0.03518281944,0.06271645746
19.65566116,-0.02583615666,-0.0474083358,0.03502269798,0.06271856077
19.7036018,-0.02565633748,-0.04856332342,0.03488086233,0.06272062592
19.75154244,-0.02551141499,-0.04968256586,0.03475831664,0.06272264838
19.79948307,-0.0254024687,-0.05076484947,0.03465606502,0.06272462359
19.84742371,-0.02533057813,-0.05180896057,0.03457511164,0.06272654702
19.89536435,-0.0252968228,-0.0528136855,0.03451646063,0.06272841412
19.94330499,-0.02530228222,-0.05377781059,0.03448111613,0.06273022036
19.99124562,-0.02534803592,-0.05470012218,0.03447008227,0.06273196118
20.03918626,-0.02543516342,-0.0555794066,0.0344843632,0.06273363204
20.0871269,-0.02556474423,-0.05641445018,0.03452496305,0.06273522841
20.13506753,-0.02573785787,-0.05720403926,0.03459288598,0.06273674573
20.18300817,-0.02595558386,-0.05794696016,0.03468913611,0.06273817947
20.23094881,-0.02621900172,-0.05864199922,0.03481471758,0.06273952508
20.27888944,-0.02652919097,-0.05928794278,0.03497063454,0.06274077802
20.32683008,-0.02688723113,-0.05988357716,0.03515789113,0.06274193375
20.37477072,-0.02729420171,-0.06042768871,0.03537749148,0.06274298773
20.42271136,-0.02775118223,-0.06091906375,0.03563043973,0.0627439354
20.47065199,-0.02825925222,-0.06135648861,0.03591774003,0.06274477224
20.51859263,-0.02881949118,-0.06173874964,0.03624039651,0.06274549369
20.56653327,-0.02943297865,-0.06206463315,0.03659941331,0.06274609521
20.6144739,-0.03010079413,-0.06233292549,0.03699579458,0.06274657227
20.66241454,-0.03082401715,-0.062542413,0.03743054444,0.06274692031
20.71035518,-0.03160372723,-0.06269188199,0.03790466705,0.06274713479
20.75829581,-0.03244100387,-0.06278011881,0.03841916654,0.06274721118
20.80623645,-0.03333692661,-0.06280590979,0.03897504705,0.06274714493
20.85417709,-0.03428169857,-0.06277434873,0.03956513284,0.0627469445
20.90211773,-0.03519060528,-0.06273438939,0.0401258924,0.06274670975
20.95005836,-0.03604640243,-0.06269658555,0.04064451599,0.06274646295
20.997999,-0.03685023004,-0.06266089368,0.04112201849,0.06274620466
21.04593964,-0.03760322813,-0.06262727024,0.04155941472,0.06274593542
21.09388027,-0.03830653671,-0.06259567168,0.04195771954,0.0627456558
21.14182091,-0.03896129581,-0.06256605447,0.04231794781,0.06274536635
21.18976155,-0.03956864544,-0.06253837506,0.04264111436,0.06274506763
21.23770218,-0.04012972561,-0.06251258993,0.04292823405,0.06274476018
21.28564282,-0.04064567636,-0.06248865552,0.04318032173,0.06274444457
21.33358346,-0.04111763768,-0.06246652831,0.04339839225,0.06274412134
21.3815241,-0.04154674961,-0.06244616474,0.04358346045,0.06274379106
21.42946473,-0.04193415216,-0.06242752128,0.04373654119,0.06274345428
21.47740537,-0.04228098535,-0.0624105544,0.04385864932,0.06274311155
21.52534601,-0.04258838919,-0.06239522055,0.04395079968,0.06274276343
21.57328664,-0.0428575037,-0.06238147619,0.04401400713,0.06274241047
21.62122728,-0.0430894689,-0.06236927778,0.04404928651,0.06274205323
21.66916792,-0.04328542481,-0.06235858179,0.04405765267,0.06274169226
21.71710855,-0.04344651145,-0.06234934467,0.04404012047,0.06274132812
21.76504919,-0.04357386883,-0.06234152289,0.04399770475,0.06274096136
21.81298983,-0.04366863697,-0.0623350729,0.04393142036,0.06274059254
21.86093047,-0.04373195589,-0.06232995117,0.04384228215,0.06274022221
21.9088711,-0.04376496561,-0.06232611416,0.04373130497,0.06273985092
21.95681174,-0.04376880614,-0.06232351833,0.04359950367,0.06273947924
22.00475238,-0.0437446175,-0.06232212013,0.0434478931,0.06273910771
22.05269301,-0.04369353971,-0.06232187603,0.04327748811,0.0627387369
22.10063365,-0.04361671279,-0.06232274249,0.04308930355,0.06273836735
22.14857429,-0.04351527675,-0.06232467597,0.04288435426,0.06273799962
22.19651492,-0.04339037162,-0.06232763294,0.0426636551,0.06273763427
22.24445556,-0.04324313741,-0.06233156984,0.04242822092,0.06273727184
22.2923962,-0.04307471413,-0.06233644315,0.04217906656,0.06273691291
22.34033684,-0.04288624181,-0.06234220932,0.04191720688,0.06273655801
22.38827747,-0.04267886047,-0.06234882481,0.04164365672,0.06273620771
22.43621811,-0.04245371011,-0.06235624609,0.04135943093,0.06273586255
22.48415875,-0.04221193076,-0.06236442961,0.04106554437,0.0627355231
22.53209938,-0.04195466244,-0.06237333183,0.04076301188,0.06273518991
22.58004002,-0.04168304517,-0.06238290923,0.04045284832,0.06273486354
22.62798066,-0.04139821896,-0.06239311825,0.04013606852,0.06273454453
22.67592129,-0.04110132382,-0.06240391535,0.03981368734,0.06273423345
22.72386193,-0.04079349978,-0.06241525701,0.03948671964,0.06273393085
22.77180257,-0.04047588686,-0.06242709967,0.03915618025,0.06273363728
22.8197432,-0.04014962507,-0.0624393998,0.03882308404,0.06273335329
22.86768384,-0.03981585443,-0.06245211386,0.03848844584,0.06273307945
22.91562448,-0.03947571496,-0.06246519831,0.03815328051,0.06273281631
22.96356512,-0.03913034668,-0.06247860962,0.03781860289,0.06273256442
23.01150575,-0.0387808896,-0.06249230423,0.03748542784,0.06273232434
23.05944639,-0.03842848374,-0.06250623862,0.03715477021,0.06273209662
23.10738703,-0.03807426911,-0.06252036924,0.03682764484,0.06273188182
23.15532766,-0.03771938575,-0.06253465255,0.03650506659,0.06273168049
23.2032683,-0.03736497366,-0.06254904502,0.0361880503,0.06273149319
23.25120894,-0.03701217286,-0.0625635031,0.03587761083,0.06273132047
23.29914957,-0.03666212337,-0.06257798326,0.03557476302,0.06273116289
23.34709021,-0.03631596521,-0.06259244195,0.03528052172,0.06273102099
23.39503085,-0.03597483839,-0.06260683564,0.03499590178,0.06273089534
23.44297149,-0.03563988294,-0.06262112079,0.03472191805,0.0627307865
23.49091212,-0.03531223886,-0.06263525385,0.03445958538,0.06273069501
23.53885276,-0.03499304619,-0.06264919129,0.03420991862,0.06273062143
23.5867934,-0.03468344493,-0.06266288958,0.03397393263,0.06273056631
23.63473403,-0.0343845751,-0.06267630516,0.03375264224,0.06273053022
23.68267467,-0.03409757673,-0.0626893945,0.0335470623,0.0627305137
23.73061531,-0.03382358982,-0.06270211407,0.03335820768,0.06273051731
23.77855594,-0.0335637544,-0.06271442031,0.03318709321,0.06273054161
23.82649658,-0.03331921049,-0.0627262697,0.03303473375,0.06273058714
23.87443722,-0.03309109809,-0.06273761869,0.03290214414,0.06273065447
23.92237786,-0.03288055724,-0.06274842375,0.03279033924,0.06273074415
23.97031849,-0.03268872794,-0.06275864133,0.0327003339,0.06273085674
24.01825913,-0.03251675022,-0.06276822789,0.03263314295,0.06273099278
24.06619977,-0.03236576409,-0.0627771399,0.03258978126,0.06273115283
24.1141404,-0.03223690958,-0.06278533381,0.03257126367,0.06273133746
24.16208104,-0.03213132669,-0.0627927661,0.03257860504,0.06273154721
24.21002168,-0.03205015544,-0.06279939321,0.0326128202,0.06273178263
24.25796231,-0.03199453586,-0.0628051716,0.03267492402,0.06273204429
24.30590295,-0.03196560797,-0.06281005775,0.03276593134,0.06273233274
24.35384359,-0.03196451177,-0.06281400811,0.032886857,0.06273264853
24.40178423,-0.03199238728,-0.06281697913,0.03303871587,0.06273299221
24.44972486,-0.03205037453,-0.06281892729,0.03322252278,0.06273336435
24.4976655,-0.03213961354,-0.06281980903,0.03343929259,0.0627337655
24.54560614,-0.03226124431,-0.06281958083,0.03369004015,0.06273419621
24.59354677,-0.03241640687,-0.06281819914,0.0339757803,0.06273465703
24.64148741,-0.03260624124,-0.06281562043,0.0342975279,0.06273514853
24.68942805,-0.03283188743,-0.06281180115,0.03465629779,0.06273567125
24.73736868,-0.03309448545,-0.06280669776,0.03505310483,0.06273622576
24.78530932,-0.03339517534,-0.06280026673,0.03548896387,0.0627368126
24.83324996,-0.03373509711,-0.06279246451,0.03596488974,0.06273743233
24.8811906,-0.03411539076,-0.06278324757,0.03648189731,0.0627380855
24.92913123,-0.03453719633,-0.06277257236,0.03704100142,0.06273877268
24.97707187,-0.03500165383,-0.06276039536,0.03764321693,0.06273949441
25.02501251,-0.03550012702,-0.06274697684,0.03827732012,0.06274021098
25.07295314,-0.03597968058,-0.06273395803,0.03887693279,0.0627407037
25.12089378,-0.03643264643,-0.06272157949,0.03943279582,0.06274094575
25.16883442,-0.03685954774,-0.06270982765,0.03994593431,0.06274094444
25.21677505,-0.03726090769,-0.0626986889,0.04041737331,0.06274070702
25.26471569,-0.03763724946,-0.06268814966,0.0408481379,0.0627402408
25.31265633,-0.03798909622,-0.06267819635,0.04123925315,0.06273955305
25.36059697,-0.03831697115,-0.06266881538,0.04159174414,0.06273865106
25.4085376,-0.03862139741,-0.06265999315,0.04190663594,0.06273754211
25.45647824,-0.03890289819,-0.06265171608,0.04218495362,0.06273623349
25.50441888,-0.03916199667,-0.06264397059,0.04242772225,0.06273473248
25.55235951,-0.03939921601,-0.06263674307,0.04263596691,0.06273304637
25.60030015,-0.03961507939,-0.06263001995,0.04281071266,0.06273118243
25.64824079,-0.03981010999,-0.06262378764,0.04295298459,0.06272914796
25.69618142,-0.03998483098,-0.06261803254,0.04306380776,0.06272695023
25.74412206,-0.04013976554,-0.06261274108,0.04314420725,0.06272459654
25.7920627,-0.04027543684,-0.06260789965,0.04319520812,0.06272209416
25.84000334,-0.04039236806,-0.06260349468,0.04321783546,0.06271945038
25.88794397,-0.04049108237,-0.06259951257,0.04321311433,0.06271667248
25.93588461,-0.04057210296,-0.06259593974,0.04318206981,0.06271376775
25.98382525,-0.04063595298,-0.0625927626,0.04312572696,0.06271074347
26.03176588,-0.04068315563,-0.06258996756,0.04304511087,0.06270760693
26.07970652,-0.04071423406,-0.06258754103,0.0429412466,0.06270436541
26.12764716,-0.04072971147,-0.06258546942,0.04281515923,0.06270102619
26.17558779,-0.04073011102,-0.06258373915,0.04266787383,0.06269759656
26.22352843,-0.0407159559,-0.06258233663,0.04250041547,0.0626940838
26.27146907,-0.04068776926,-0.06258124826,0.04231380922,0.0626904952
26.3194097,-0.0406460743,-0.06258046047,0.04210908017,0.06268683804
26.36735034,-0.04059139418,-0.06257995966,0.04188725337,0.0626831196
26.41529098,-0.04052425209,-0.06257973224,0.0416493539,0.06267934718
26.46323162,-0.04044517119,-0.06257976463,0.04139640684,0.06267552804
26.51117225,-0.04035467466,-0.06258004323,0.04112943726,0.06267166948
26.55911289,-0.04025328568,-0.06258055446,0.04084947023,0.06266777878
26.60705353,-0.04014152741,-0.06258128474,0.04055753082,0.06266386323
26.65499416,-0.04001992305,-0.06258222047,0.0402546441,0.0626599301
26.7029348,-0.03988899576,-0.06258334806,0.03994183516,0.06265598669
26.75087544,-0.03974926871,-0.06258465393,0.03962012905,0.06265204028
26.79881607,-0.03960126509,-0.06258612449,0.03929055086,0.06264809814
26.84675671,-0.03944550807,-0.06258774614,0.03895412565,0.06264416757
26.89469735,-0.03928252081,-0.06258950531,0.0386118785,0.06264025585
26.94263799,-0.03911282651,-0.0625913884,0.03826483448,0.06263637027
26.99057862,-0.03893694833,-0.06259338183,0.03791401867,0.0626325181
27.03851926,-0.03875540945,-0.062595472,0.03756045613,0.06262870663
27.0864599,-0.03856873304,-0.06259764533,0.03720517194,0.06262494315
27.13440053,-0.03837744228,-0.06259988824,0.03684919117,0.06262123494
27.18234117,-0.03818206035,-0.06260218712,0.0364935389,0.06261758928
27.23028181,-0.03798311041,-0.0626045284,0.03613924019,0.06261401346
27.27822244,-0.03778111565,-0.06260689848,0.03578732012,0.06261051477
27.32616308,-0.03757659924,-0.06260928378,0.03543880376,0.06260710047
27.37410372,-0.03737008436,-0.06261167071,0.03509471618,0.06260377787
27.42204436,-0.03716209418,-0.06261404568,0.03475608247,0.06260055425
27.46998499,-0.03695315187,-0.0626163951,0.03442392768,0.06259743688
27.51792563,-0.03674378061,-0.06261870539,0.03409927689,0.06259443305
27.56586627,-0.03653450358,-0.06262096295,0.03378315518,0.06259155005
27.6138069,-0.03632584395,-0.0626231542,0.03347658762,0.06258879516
27.66174754,-0.03611832489,-0.06262526555,0.03318059927,0.06258617567
27.70968818,-0.03591246959,-0.06262728341,0.03289621522,0.06258369885
27.75762881,-0.03570880122,-0.06262919419,0.03262446053,0.062581372
27.80556945,-0.03550784294,-0.06263098431,0.03236636028,0.06257920239
27.85351009,-0.03531011795,-0.06263264017,0.03212293954,0.06257719732
27.90145073,-0.03511614941,-0.0626341482,0.03189522338,0.06257536406
27.94939136,-0.03492646049,-0.06263549479,0.03168423688,0.0625737099
27.997332,-0.03474157438,-0.06263666636,0.03149100511,0.06257224212
28.04527264,-0.03456201425,-0.06263764933,0.03131655313,0.06257096801
28.09321327,-0.03438830327,-0.0626384301,0.03116190603,0.06256989485
28.14115391,-0.03422096462,-0.06263899509,0.03102808888,0.06256902993
28.18909455,-0.03406052147,-0.06263933071,0.03091612674,0.06256838053
28.23703518,-0.033907497,-0.06263942337,0.03082704469,0.06256795393
28.28497582,-0.03376241439,-0.06263925948,0.03076186781,0.06256775742
28.33291646,-0.03362579681,-0.06263882545,0.03072162116,0.06256779828
28.3808571,-0.03349816743,-0.0626381077,0.03070732982,0.06256808379
28.42879773,-0.03338004943,-0.06263709264,0.03072001886,0.06256862125
28.47673837,-0.03327196599,-0.06263576667,0.03076071336,0.06256941793
28.52467901,-0.03317444028,-0.06263411622,0.03083043838,0.06257048112
28.57261964,-0.03308799547,-0.06263212769,0.030930219,0.0625718181
28.62056028,-0.03301315474,-0.06262978749,0.03106108029,0.06257343616
28.66850092,-0.03295044128,-0.06262708204,0.03122404733,0.06257534258
28.71644155,-0.03290037824,-0.06262399775,0.03142014518,0.06257754464
28.76438219,-0.03286348881,-0.06262052102,0.03165039892,0.06258004963
28.81232283,-0.03284029616,-0.06261663828,0.03191583362,0.06258286484
28.86026347,-0.03283132347,-0.06261233593,0.03221747436,0.06258599754
28.9082041,-0.03283709391,-0.06260760038,0.03255634621,0.06258945502
28.95614474,-0.03285813066,-0.06260241806,0.03293347423,0.06259324457
29.00408538,-0.03289495689,-0.06259677536,0.03334988351,0.06259737346
29.05202601,-0.03294809578,-0.0625906587,0.03380659911,0.06260184899
29.09996665,-0.0330180705,-0.06258405449,0.03430464611,0.06260667844
29.14790729,-0.03310540423,-0.06257694914,0.03484504957,0.06261186909
29.19584792,-0.03320540034,-0.06256557125,0.03541003136,0.06261098277
29.24378856,-0.03329765344,-0.06253522447,0.0359257127,0.06257849496
29.2917292,-0.03338023748,-0.0624849998,0.0363853959,0.06251209109
29.33966983,-0.03345337597,-0.0624155584,0.03679015527,0.06241212927
29.38761047,-0.03351729239,-0.06232756145,0.03714106511,0.06227896759
29.43555111,-0.03357221023,-0.06222167014,0.03743919972,0.06211296414
29.48349175,-0.03361835298,-0.06209854564,0.0376856334,0.06191447701
29.53143238,-0.03365594413,-0.06195884912,0.03788144044,0.06168386429
29.57937302,-0.03368520716,-0.06180324177,0.03802769515,0.06142148408
29.62731366,-0.03370636556,-0.06163238477,0.03812547183,0.06112769446
29.67525429,-0.03371964283,-0.06144693928,0.03817584477,0.06080285354
29.72319493,-0.03372526245,-0.0612475665,0.03817988828,0.06044731939
29.77113557,-0.03372344791,-0.06103492759,0.03813867665,0.06006145011
29.8190762,-0.0337144227,-0.06080968373,0.03805328418,0.0596456038
29.86701684,-0.0336984103,-0.06057249611,0.03792478518,0.05920013854
29.91495748,-0.03367563421,-0.06032402589,0.03775425395,0.05872541243
29.96289812,-0.03364631791,-0.06006493427,0.03754276478,0.05822178356
30.01083875,-0.0336106849,-0.05979588241,0.03729139197,0.05768961002
30.05877939,-0.03356895866,-0.05951753149,0.03700120982,0.05712924991
30.10672003,-0.03352136268,-0.05923054269,0.03667329263,0.0565410613
30.15466066,-0.03346812044,-0.0589355772,0.03630871471,0.0559254023
30.2026013,-0.03340945545,-0.05863329617,0.03590855035,0.055282631
30.25054194,-0.03334559118,-0.05832436081,0.03547387385,0.05461310549
30.29848257,-0.03327675112,-0.05800943227,0.0350057595,0.05391718386
30.34642321,-0.03320315877,-0.05768917175,0.03450528162,0.05319522421
30.39436385,-0.03312503761,-0.05736424041,0.0339735145,0.05244758462
30.44230449,-0.03304261113,-0.05703529943,0.03341153244,0.05167462318
30.49024512,-0.03295610281,-0.05670301,0.03282040973,0.050876698
30.53818576,-0.03286573616,-0.05636803329,0.03220122069,0.05005416715
30.5861264,-0.03277173465,-0.05603103048,0.0315550396,0.04920738873
30.63406703,-0.03267432177,-0.05569266275,0.03088294076,0.04833672084
30.68200767,-0.03257372102,-0.05535359127,0.03018599849,0.04744252157
30.72994831,-0.03247015588,-0.05501447722,0.02946528707,0.046525149
30.77788894,-0.03236384984,-0.05467598178,0.02872188081,0.04558496123
30.82582958,-0.03225502639,-0.05433876613,0.027956854,0.04462231635
30.87377022,-0.03214390902,-0.05400349144,0.02717128095,0.04363757245
30.92171086,-0.03203072121,-0.0536708189,0.02636623596,0.04263108763
30.96965149,-0.03191568646,-0.05334140967,0.02554279331,0.04160321997
31.01759213,-0.03179902825,-0.05301592495,0.02470202733,0.04055432757
31.06553277,-0.03168097007,-0.0526950259,0.02384501229,0.03948476852
31.1134734,-0.03156173541,-0.05237937371,0.02297282251,0.03839490092
31.16141404,-0.03144154776,-0.05206962954,0.02208653228,0.03728508284
31.20935468,-0.03132063061,-0.05176645459,0.0211872159,0.03615567239
31.25729531,-0.03119920745,-0.05147051002,0.02027594768,0.03500702766
31.30523595,-0.03107750176,-0.05118245702,0.01935380191,0.03383950673
31.35317659,-0.03095573703,-0.05090295676,0.01842185288,0.0326534677
31.40111723,-0.03083413676,-0.05063267042,0.01748117491,0.03144926867
31.44905786,-0.03071292442,-0.05037225918,0.01653284229,0.03022726772
31.4969985,-0.03059232352,-0.05012238422,0.01557792932,0.02898782294
31.54493914,-0.03047255753,-0.04988370671,0.01461751029,0.02773129244
31.59287977,-0.03035384995,-0.04965688783,0.01365265952,0.02645803429
31.64082041,-0.03023642427,-0.04944258876,0.01268445129,0.02516840659
31.68876105,-0.03012050396,-0.04924147068,0.01171395992,0.02386276743
31.73670168,-0.03000631253,-0.04905419476,0.01074225969,0.02254147491
31.78464232,-0.02989407347,-0.04888142218,0.009770424903,0.02120488711
31.83258296,-0.02978401025,-0.04872381413,0.008799529867,0.01985336213
31.8805236,-0.02967634636,-0.04858203177,0.007830648877,0.01848725806
31.92846423,-0.02957130531,-0.04845673629,0.006864856233,0.017106933
31.97640487,-0.02946911057,-0.04834858887,0.005903226234,0.01571274502
32.02434551,-0.02936998563,-0.04825825067,0.004946833181,0.01430505223
32.07228614,-0.02927415399,-0.04818638288,0.003996751372,0.01288421272
32.12022678,-0.02918183912,-0.04813364668,0.003054055107,0.01145058457
32.16816742,-0.02909326453,-0.04810070325,0.002119818686,0.01000452589
32.21610805,-0.02900865369,-0.04808821376,0.001195116408,0.008546394752
32.26404869,-0.0289282301,-0.04809683938,0.0002810225735,0.007076549261
32.31198933,-0.02885221725,-0.04812724131,-0.0006213885188,0.005595347506
32.35992996,-0.02878083862,-0.04818008071,-0.001511042569,0.004103147578
32.4078706,-0.0287143177,-0.04825601877,-0.002386865278,0.002600307569
32.45581124,-0.02865287798,-0.04835571665,-0.003247782345,0.00108718557
32.50375188,-0.02859674296,-0.04847983555,-0.004092719472,-0.0004358603265
32.55169251,-0.02854613611,-0.04862903663,-0.004920602358,-0.001968472029
32.59963315,-0.02850128093,-0.04880398108,-0.005730356704,-0.003510291445
32.64757379,-0.0284624009,-0.04900533007,-0.006520908211,-0.005060960484
32.69551442,-0.02842971952,-0.04923374478,-0.007291182579,-0.006620121053
32.74345506,-0.02840346027,-0.04948988638,-0.008040105508,-0.008187415062
32.7913957,-0.02838384664,-0.04977441606,-0.008766602699,-0.009762484417
32.83933633,-0.02837110212,-0.050087995,-0.009469599852,-0.01134497103
32.88727697,-0.0283654502,-0.05043128437,-0.01014802267,-0.0129345168
32.93521761,-0.02836711436,-0.05080494534,-0.01080079685,-0.01453076365
32.98315825,-0.0283763181,-0.05120963911,-0.01142684809,-0.01613335347
33.03109888,-0.02839328491,-0.05164602683,-0.01202510209,-0.01774192819
33.07903952,-0.02841823827,-0.0521147697,-0.01259448456,-0.0193561297
33.12698016,-0.02845140167,-0.05261652889,-0.0131339212,-0.02097559991
33.17492079,-0.0284929986,-0.05315196558,-0.0136423377,-0.02259998074
33.22286143,-0.02854325255,-0.05372174094,-0.01411865976,-0.02422891409
33.27080207,-0.028602387,-0.05432651616,-0.0145618131,-0.02586204187
33.3187427,-0.02867062545,-0.0549669524,-0.01497072339,-0.02749900599
33.36668334,-0.02874920279,-0.05562386647,-0.0153464488,-0.02910806665
33.41462398,-0.02884085492,-0.0562395558,-0.0156949191,-0.03059805791
33.46256462,-0.02894504855,-0.05681089692,-0.01601697153,-0.0319656937
33.51050525,-0.02906104192,-0.05733856492,-0.01631305873,-0.03321374291
33.55844589,-0.02918809327,-0.05782323491,-0.01658363334,-0.03434497443
33.60638653,-0.02932546084,-0.05826558197,-0.01682914801,-0.03536215712
33.65432716,-0.02947240286,-0.05866628119,-0.01705005538,-0.03626805986
33.7022678,-0.02962817756,-0.05902600766,-0.01724680808,-0.03706545153
33.75020844,-0.02979204318,-0.05934543649,-0.01741985877,-0.03775710102
33.79814907,-0.02996325797,-0.05962524275,-0.01756966009,-0.03834577719
33.84608971,-0.03014108014,-0.05986610154,-0.01769666467,-0.03883424894
33.89403035,-0.03032476795,-0.06006868796,-0.01780132515,-0.03922528512
33.94197099,-0.03051357962,-0.06023367709,-0.0178840942,-0.03952165463
33.98991162,-0.03070677338,-0.06036174403,-0.01794542443,-0.03972612635
34.03785226,-0.03090360749,-0.06045356387,-0.0179857685,-0.03984146914
34.0857929,-0.03110334017,-0.0605098117,-0.01800557905,-0.03987045189
34.13373353,-0.03130522965,-0.06053116262,-0.01800530872,-0.03981584348
34.18167417,-0.03150853418,-0.06051829171,-0.01798541015,-0.03968041278
34.22961481,-0.03171251198,-0.06047187406,-0.01794633599,-0.03946692867
34.27755544,-0.0319164213,-0.06039258478,-0.01788853888,-0.03917816004
34.32549608,-0.03211952037,-0.06028109895,-0.01781247145,-0.03881687576
34.37343672,-0.03232106742,-0.06013809166,-0.01771858636,-0.0383858447
34.42137736,-0.0325203207,-0.059964238,-0.01760733624,-0.03788783575
34.46931799,-0.03271653843,-0.05976021308,-0.01747917374,-0.03732561778
34.51725863,-0.03290897885,-0.05952669197,-0.0173345515,-0.03670195968
34.56519927,-0.03309690021,-0.05926434977,-0.01717392216,-0.03601963031
34.6131399,-0.03327956072,-0.05897386158,-0.01699773837,-0.03528139857
34.66108054,-0.03345621864,-0.05865590248,-0.01680645276,-0.03449003332
34.70902118,-0.03362613219,-0.05831114758,-0.01660051797,-0.03364830345
34.75696181,-0.03378855962,-0.05794027195,-0.01638038666,-0.03275897783
34.80490245,-0.03394275915,-0.05754395069,-0.01614651147,-0.03182482534
34.85284309,-0.03408798902,-0.05712285889,-0.01589934502,-0.03084861486
34.90078373,-0.03422350747,-0.05667767165,-0.01563933998,-0.02983311527
34.94872436,-0.03434857273,-0.05620906406,-0.01536694897,-0.02878109544
34.996665,-0.03446244304,-0.05571771121,-0.01508262465,-0.02769532426
35.04460564,-0.03456437664,-0.05520428819,-0.01478681965,-0.02657857061
35.09254627,-0.03465363176,-0.05466947009,-0.01447998662,-0.02543360335
35.14048691,-0.03472946663,-0.05411393201,-0.0141625782,-0.02426319138
35.18842755,-0.0347911395,-0.05353834904,-0.01383504703,-0.02307010356
35.23636818,-0.0348379086,-0.05294339626,-0.01349784575,-0.02185710877
35.28430882,-0.03486903215,-0.05232974878,-0.01315142701,-0.0206269759
35.33224946,-0.03488376841,-0.05169808168,-0.01279624345,-0.01938247382
35.3801901,-0.0348813756,-0.05104907006,-0.0124327477,-0.01812637142
35.42813073,-0.03486111197,-0.050383389,-0.01206139242,-0.01686143756
35.47607137,-0.03482223573,-0.0497017136,-0.01168263025,-0.01559044113
35.52401201,-0.03476400514,-0.04900471896,-0.01129691382,-0.014316151
35.57195264,-0.03468567843,-0.04829308016,-0.01090469579,-0.01304133606
35.61989328,-0.03458651383,-0.04756747229,-0.01050642878,-0.01176876517
35.66783392,-0.03446576958,-0.04682857046,-0.01010256545,-0.01050120723
35.71577455,-0.03432270392,-0.04607704974,-0.009693558442,-0.009241431105
35.76371519,-0.03415657507,-0.04531358523,-0.009279860388,-0.007992205676
35.81165583,-0.03396664128,-0.04453885203,-0.008861923935,-0.006756299821
35.85959646,-0.03375216078,-0.04375352522,-0.008440201727,-0.005536482419
35.9075371,-0.03351239181,-0.0429582799,-0.008015146404,-0.004335522348
35.95547774,-0.0332465926,-0.04215379116,-0.00758721061,-0.003156188486
36.00341838,-0.0329540214,-0.0413407341,-0.007156846986,-0.002001249711
36.05135901,-0.03263393642,-0.04051978379,-0.006724508176,-0.0008734749013
36.09929965,-0.03228559592,-0.03969161535,-0.00629064682,0.0002243670646
36.14724029,-0.03190825812,-0.03885690385,-0.005855715562,0.001289507309
36.19518092,-0.03150118126,-0.03801632439,-0.005420167044,0.002319176952
36.24312156,-0.03106362358,-0.03717055206,-0.004984453909,0.003310607118
36.2910622,-0.03059484331,-0.03632026195,-0.004549028797,0.004261028927
36.33900283,-0.03009409869,-0.03546612916,-0.004114344353,0.005167673501
36.38694347,-0.02956064795,-0.03460882878,-0.003680853217,0.006027771962
36.43488411,-0.02899374933,-0.0337490359,-0.003249008033,0.006838555432
36.48282475,-0.02839266107,-0.03288742561,-0.002819261442,0.007597255033
36.53076538,-0.0277566414,-0.03202467301,-0.002392066088,0.008301101885
36.57870602,-0.02708494856,-0.03116145318,-0.001967874612,0.008947327112
36.62664666,-0.02637684078,-0.03029844122,-0.001547139656,0.009533161835
36.67458729,-0.02563157629,-0.02943631222,-0.001130313864,0.01005583718
36.72252793,-0.02484841334,-0.02857574127,-0.0007178498761,0.01051258426
36.77046857,-0.02402661016,-0.02771740346,-0.0003102003362,0.0109006342
36.8184092,-0.02316542499,-0.02686197389,9.218211389e-05,0.01121721812
36.86634984,-0.02226411606,-0.02601012765,0.0004888448319,0.01145956715
36.91429048,-0.0213219416,-0.02516253983,0.0008793351754,0.0116249124
36.96223112,-0.02033815985,-0.02431988552,0.001263200502,0.01171048501
37.01017175,-0.01931202905,-0.02348283982,0.00163998817,0.01171351608
37.05811239,-0.01824280744,-0.02265207781,0.002009245536,0.01163123675
37.10605303,-0.01712975325,-0.02182827459,0.002370519959,0.01146087813
37.15399366,-0.01597212471,-0.02101210524,0.002723358796,0.01119967134
37.2019343,-0.01476918006,-0.02020424488,0.003067309404,0.01084484751
37.24987494,-0.01352017753,-0.01940536857,0.003401919142,0.01039363776
37.29781557,-0.01222437537,-0.01861615142,0.003726735367,0.009843273213
37.34575621,-0.01088103181,-0.01783726852,0.004041305437,0.009190984987
37.39369685,-0.009489405076,-0.01706939496,0.00434517671,0.008434004205
37.44163749,-0.008048753414,-0.01631320583,0.004637896542,0.007569561989
37.48957812,-0.006558335057,-0.01556937623,0.004919012293,0.006594889461
37.53751876,-0.005076891133,-0.01486646398,0.00516666566,0.005532026732
37.5854594,-0.003732323369,-0.01426430765,0.00533510601,0.004434880129
37.63340003,-0.002525630019,-0.01376226536,0.005425120274,0.003307065458
37.68134067,-0.001453196985,-0.01335751623,0.005439170009,0.002150319744
37.72928131,-0.0005114101675,-0.01304723938,0.005379716771,0.0009663800106
37.77722194,0.000303344533,-0.01282861394,0.005249222116,-0.0002430167182
37.82516258,0.0009946812155,-0.01269881904,0.0050501476,-0.001476133418
37.87310322,0.001566213979,-0.0126550338,0.00478495478,-0.002731233066
37.92104386,0.002021556922,-0.01269443734,0.004456105211,-0.004006578636
37.96898449,0.002364324145,-0.0128142088,0.004066060449,-0.005300433106
38.01692513,0.002598129746,-0.01301152729,0.003617282052,-0.00661105945
38.06486577,0.002726587824,-0.01328357195,0.003112231575,-0.007936720646
38.1128064,0.002753312478,-0.01362752189,0.002553370574,-0.009275679669
38.16074704,0.002681917808,-0.01404055624,0.001943160606,-0.01062619949
38.20868768,0.002516017913,-0.01451985414,0.001284063227,-0.0119865431
38.25662831,0.002259226891,-0.01506259469,0.0005785399921,-0.01335497346
38.30456895,0.001915158842,-0.01566595704,-0.0001709475413,-0.01472975355
38.35250959,0.001487427865,-0.0163271203,-0.0009619378175,-0.01610914635
38.40045023,0.0009796480589,-0.0170432636,-0.00179196928,-0.01749141483
38.44839086,0.0003954335228,-0.01781156606,-0.002658580373,-0.01887482196
38.4963315,-0.0002616016442,-0.01862920682,-0.00355930954,-0.02025763074
38.54427214,-0.0009878433429,-0.01949336499,-0.004491695225,-0.02163810412
38.59221277,-0.001779677474,-0.0204012197,-0.005453275872,-0.02301450509
38.64015341,-0.002633489939,-0.02134995008,-0.006441589924,-0.02438509662
38.68809405,-0.003545666639,-0.02233673525,-0.007454175826,-0.0257481417
38.73603468,-0.004512593474,-0.02335875434,-0.00848857202,-0.02710190328
38.78397532,-0.005530656345,-0.02441318647,-0.009542316952,-0.02844464436
38.83191596,-0.006596241154,-0.02549721076,-0.01061294906,-0.0297746279
38.87985659,-0.0077057338,-0.02660800636,-0.0116980068,-0.03109011688
38.92779723,-0.008855520186,-0.02774275237,-0.01279502861,-0.03238937429
38.97573787,-0.01004198621,-0.02889862792,-0.01390155292,-0.03367066309
39.02367851,-0.01126151778,-0.03007281214,-0.0150151182,-0.03493224625
39.07161914,-0.01251050079,-0.03126248416,-0.01613326287,-0.03617238677
39.11955978,-0.01378532114,-0.0324648231,-0.01725352539,-0.0373893476
39.16750042,-0.01508236473,-0.03367700809,-0.01837344419,-0.03858139173
39.21544105,-0.01639801747,-0.03489621824,-0.01949055773,-0.03974678214
39.26338169,-0.01772866526,-0.03611963269,-0.02060240444,-0.0408837818
39.31132233,-0.01907069399,-0.03734443056,-0.02170652277,-0.04199065368
39.35926296,-0.02042048956,-0.03856779098,-0.02280045116,-0.04306566077
39.4072036,-0.02177443789,-0.03978689308,-0.02388172806,-0.04410706603
39.45514424,-0.02312892487,-0.04099891597,-0.02494789191,-0.04511313245
39.50308488,-0.02448033639,-0.04220103878,-0.02599648115,-0.04608212299
39.55102551,-0.02582505837,-0.04339044064,-0.02702503423,-0.04701230065
39.59896615,-0.02715947669,-0.04456430068,-0.0280310896,-0.04790192838
39.64690679,-0.02847997728,-0.04571979801,-0.02901218568,-0.04874926917
39.69484742,-0.02978294601,-0.04685411177,-0.02996586094,-0.049552586
39.74278806,-0.0310647688,-0.04796442108,-0.03088965381,-0.05031014183
39.7907287,-0.03232183154,-0.04904790506,-0.03178110274,-0.05102019965
39.83866933,-0.03355052014,-0.05010174285,-0.03263774617,-0.05168102243
39.88660997,-0.0347472205,-0.05112311356,-0.03345712254,-0.05229087315
39.93455061,-0.03590831852,-0.05210919632,-0.0342367703,-0.05284801478
39.98249125,-0.03703020009,-0.05305717026,-0.03497422789,-0.0533507103
40.03043188,-0.03810925113,-0.0539642145,-0.03566703376,-0.05379722269
40.07837252,-0.03914185752,-0.05482750817,-0.03631272635,-0.05418581492
40.12631316,-0.04012440518,-0.05564423039,-0.03690884411,-0.05451474996
40.17425379,-0.04105328,-0.05641156029,-0.03745292547,-0.0547822908
40.22219443,-0.04192486788,-0.05712667699,-0.03794250888,-0.05498670041
40.27013507,-0.04273555473,-0.05778675962,-0.03837513278,-0.05512624176
40.3180757,-0.04348172645,-0.05838898731,-0.03874833563,-0.05519917783
40.36601634,-0.04415976893,-0.05893053918,-0.03905965585,-0.0552037716
40.41395698,-0.04476606807,-0.05940859435,-0.03930663191,-0.05513828604
40.46189762,-0.04529700979,-0.05982033195,-0.03948680223,-0.05500098414
40.50983825,-0.04574897997,-0.0601629311,-0.03959770527,-0.05479012885
40.55777889,-0.04611836453,-0.06043357094,-0.03963687947,-0.05450398317
40.60571953,-0.04640154935,-0.06062943059,-0.03960186326,-0.05414081006
40.65366016,-0.04659492035,-0.06074768916,-0.03949019511,-0.05369887251
40.7016008,-0.04669486342,-0.0607855258,-0.03929941344,-0.05317643348
40.74954144,-0.04669776446,-0.06074011961,-0.03902705671,-0.05257175596
40.79748207,-0.04660000938,-0.06060864974,-0.03867066335,-0.05188310292
40.84542271,-0.04639798407,-0.06038829529,-0.03822777181,-0.05110873734
40.89336335,-0.04608807444,-0.06007623541,-0.03769592054,-0.05024692219
40.94130399,-0.04566666639,-0.05966964921,-0.03707264797,-0.04929592045
40.98924462,-0.04513014582,-0.05916571582,-0.03635549256,-0.04825399509
41.03718526,-0.04447489862,-0.05856161436,-0.03554199275,-0.04711940909
41.0851259,-0.0436973107,-0.05785452397,-0.03462968697,-0.04589042543
41.13306653,-0.04279376797,-0.05704162376,-0.03361611368,-0.04456530708
41.18100717,-0.04176065632,-0.05612009286,-0.03249881131,-0.04314231702
41.22894781,-0.04059436164,-0.0550871104,-0.03127531832,-0.04161971822
41.27688844,-0.03929126986,-0.0539398555,-0.02994317314,-0.03999577366
41.32482908,-0.03784776686,-0.05267550728,-0.02849991422,-0.03826874632
41.37276972,-0.03626023854,-0.05129124488,-0.02694308,-0.03643689917
41.42071036,-0.03452507081,-0.04978424742,-0.02527020893,-0.03449849519
41.46865099,-0.03263864956,-0.04815169401,-0.02347883945,-0.03245179735
41.51659163,-0.03059736071,-0.0463907638,-0.02156651,-0.03029506864
41.56453227,-0.02839759014,-0.0444986359,-0.01953075903,-0.02802657202
41.6124729,-0.02603572377,-0.04247248944,-0.01736912498,-0.02564457047
41.66041354,-0.02350814748,-0.04030950355,-0.0150791463,-0.02314732696
41.70835418,-0.02094287723,-0.03811537571,-0.01277593468,-0.02065718039
41.75629481,-0.01854963002,-0.03606312548,-0.01064670071,-0.01837164497
41.80423545,-0.01632734493,-0.03415197886,-0.008689761588,-0.01628824593
41.85217609,-0.0142719982,-0.03237871907,-0.006900783819,-0.01440170676
41.90011673,-0.01237956606,-0.0307401293,-0.005275433907,-0.01270675093
41.94805736,-0.01064602476,-0.02923299279,-0.003809378358,-0.01119810195
41.995998,-0.009067350543,-0.02785409275,-0.002498283674,-0.009870483291
42.04393864,-0.007639519642,-0.02660021238,-0.00133781636,-0.008718618441
42.09187927,-0.006358508301,-0.02546813491,-0.0003236429202,-0.007737230887
42.13981991,-0.005220292759,-0.02445464354,0.000548570142,-0.006921044113
42.18776055,-0.004220849257,-0.0235565215,0.001283156322,-0.006264781607
42.23570118,-0.003356154035,-0.022770552,0.001884449117,-0.005763166853
42.28364182,-0.002622183334,-0.02209351825,0.002356782022,-0.005410923338
42.33158246,-0.002014913394,-0.02152220346,0.002704488532,-0.005202774548
42.37952309,-0.001530320455,-0.02105339086,0.002931902145,-0.005133443967
42.42746373,-0.001164380758,-0.02068386365,0.003043356357,-0.005197655083
42.47540437,-0.0009130705421,-0.02041040505,0.003043184662,-0.00539013138
42.52334501,-0.0007723660486,-0.02022979827,0.002935720558,-0.005705596345
42.57128564,-0.0007382435177,-0.02013882654,0.002725297539,-0.006138773463
42.61922628,-0.0008066791897,-0.02013427305,0.002416249103,-0.00668438622
42.66716692,-0.0009736493048,-0.02021292104,0.002012908745,-0.007337158102
42.71510755,-0.001235130103,-0.0203715537,0.001519609961,-0.008091812595
42.76304819,-0.001587097826,-0.02060695426,0.0009406862479,-0.008943073184
42.81098883,-0.002025528712,-0.02091590593,0.0002804711006,-0.009885663356
42.85892946,-0.002546399003,-0.02129519193,-0.0004567019846,-0.0109143066
42.9068701,-0.003145684939,-0.02174159547,-0.001266499512,-0.01202372639
42.95481074,-0.00381936276,-0.02225189976,-0.002144587984,-0.01320864622
43.00275138,-0.004563408706,-0.02282288802,-0.003086633907,-0.01446378958
43.05069201,-0.005373799018,-0.02345134346,-0.004088303783,-0.01578387995
43.09863265,-0.006246509937,-0.0241340493,-0.005145264117,-0.01716364082
43.14657329,-0.007177517701,-0.02486778875,-0.006253181413,-0.01859779567
43.19451392,-0.008162798553,-0.02564934503,-0.007407722175,-0.02008106798
43.24245456,-0.009198328731,-0.02647550134,-0.008604552907,-0.02160818126
43.2903952,-0.01028008448,-0.02734304092,-0.009839340112,-0.02317385897
43.33833583,-0.01140404203,-0.02824874696,-0.0111077503,-0.02477282461
43.38627647,-0.01256617763,-0.02918940269,-0.01240544996,-0.02639980166
43.43421711,-0.01376246752,-0.03016179131,-0.01372810561,-0.02804951361
43.48215775,-0.01498888794,-0.03116269605,-0.01507138375,-0.02971668394
43.53009838,-0.01624141513,-0.03218890012,-0.01643095089,-0.03139603614
43.57803902,-0.01751602533,-0.03323718672,-0.01780247352,-0.03308229369
43.62597966,-0.01880869477,-0.03430433909,-0.01918161815,-0.03477018009
43.67392029,-0.02011539971,-0.03538714042,-0.02056405129,-0.03645441881
43.72186093,-0.02143211638,-0.03648237394,-0.02194543944,-0.03812973335
43.76980157,-0.02275482101,-0.03758682286,-0.0233214491,-0.03979084718
43.8177422,-0.02407948986,-0.03869727039,-0.02468774678,-0.0414324838
43.86568284,-0.02540209916,-0.03981049975,-0.02603999899,-0.04304936668
43.91362348,-0.02671862515,-0.04092329416,-0.02737387221,-0.04463621933
43.96156412,-0.02802504408,-0.04203243682,-0.02868503297,-0.04618776521
44.00950475,-0.02931733217,-0.04313471095,-0.02996914776,-0.04769872782
44.05744539,-0.03059146568,-0.04422689977,-0.03122188309,-0.04916383064
44.10538603,-0.03184342084,-0.04530578649,-0.03243890547,-0.05057779716
44.15332666,-0.0330691739,-0.04636815433,-0.03361588138,-0.05193535087
44.2012673,-0.03426470109,-0.04741078649,-0.03474847735,-0.05323121524
44.24920794,-0.03542597865,-0.0484304662,-0.03583235987,-0.05446011378
44.29714857,-0.03654898283,-0.04942397667,-0.03686319545,-0.05561676995
44.34508921,-0.03762968986,-0.05038810111,-0.03783665059,-0.05669590725
44.39302985,-0.03866407598,-0.05131962274,-0.03874839179,-0.05769224917
44.44097049,-0.03964811744,-0.05221532477,-0.03959408557,-0.05860051918
44.48891112,-0.04057779048,-0.05307199041,-0.04036939842,-0.05941544078
44.53685176,-0.04144907133,-0.05388640289,-0.04106999685,-0.06013173745
44.5847924,-0.04225793624,-0.05465534541,-0.04169154735,-0.06074413267
44.63273303,-0.04300036145,-0.05537560119,-0.04222971645,-0.06124734994
44.68067367,-0.04367232319,-0.05604395344,-0.04268017063,-0.06163611274
44.72861431,-0.04426979771,-0.05665718539,-0.04303857641,-0.06190514455
44.77655494,-0.04478876124,-0.05721208023,-0.04330060029,-0.06204916886
44.82449558,-0.04522519004,-0.0577054212,-0.04346190876,-0.06206290915
44.87243622,-0.04557506033,-0.05813399149,-0.04351816835,-0.06194108892
44.92037686,-0.04583434836,-0.05849457433,-0.04346504554,-0.06167843164
44.96831749,-0.04599903037,-0.05878395293,-0.04329820684,-0.06126966081
45.01625813,-0.0460650826,-0.05899891051,-0.04301331877,-0.06070949991
45.06419877,-0.04602848129,-0.05913623028,-0.04260604781,-0.05999267242
45.1121394,-0.04588520268,-0.05919269545,-0.04207206049,-0.05911390183
45.16008004,-0.04563122301,-0.05916508924,-0.04140702329,-0.05806791162
45.20802068,-0.04526251852,-0.05905019486,-0.04060660272,-0.05684942529
45.25596131,-0.04477506545,-0.05884479553,-0.03966646529,-0.05545316631
45.30390195,-0.04416484004,-0.05854567446,-0.03858227751,-0.05387385818
45.35184259,-0.04342781853,-0.05814961486,-0.03734970587,-0.05210622438
45.39978322,-0.04255997716,-0.05765339996,-0.03596441688,-0.05014498839
45.44772386,-0.04155729218,-0.05705381296,-0.03442207704,-0.0479848737
45.4956645,-0.04041573982,-0.05634763708,-0.03271835286,-0.0456206038
45.54360514,-0.03913129632,-0.05553165554,-0.03084891084,-0.04304690218
45.59154577,-0.03769993792,-0.05460265154,-0.02880941749,-0.0402584923
45.63948641,-0.03611764087,-0.05355740831,-0.02659553931,-0.03725009768
45.68742705,-0.0343803814,-0.05239270906,-0.0242029428,-0.03401644178
45.73536768,-0.03248413575,-0.05110533699,-0.02162729447,-0.0305522481
45.78330832,-0.03042488017,-0.04969207533,-0.01886426082,-0.02685224012
45.83124896,-0.0281985909,-0.0481497073,-0.01590950836,-0.02291114133
45.87918959,-0.02596020086,-0.04659859146,-0.01294659748,-0.01897230915
45.92713023,-0.02389361081,-0.04518145266,-0.01019317816,-0.0153236357
45.97507087,-0.02199471514,-0.04389476954,-0.007644582507,-0.01195850104
46.02301151,-0.02025907971,-0.04273476528,-0.005295754203,-0.008869770957
46.07095214,-0.01868227038,-0.04169766302,-0.003141636921,-0.006050311248
46.11889278,-0.01725985299,-0.04077968591,-0.001177174337,-0.003492987692
46.16683342,-0.01598739339,-0.03997705713,0.0006026898747,-0.001190666076
46.21477405,-0.01486045743,-0.03928599982,0.002203012038,0.0008637878138
46.26271469,-0.01387461098,-0.03870273714,0.003628848477,0.002677508193
46.31065533,-0.01302541987,-0.03822349224,0.004885255517,0.004257629274
46.35859596,-0.01230844996,-0.03784448829,0.005977289482,0.005611285273
46.4065366,-0.01171926711,-0.03756194844,0.006910006696,0.006745610403
46.45447724,-0.01125343715,-0.03737209585,0.007688463486,0.007667738878
46.50241788,-0.01090652596,-0.03727115368,0.008317716173,0.008384804913
46.55035851,-0.01067409936,-0.03725534507,0.008802821085,0.008903942722
46.59829915,-0.01055172323,-0.03732089319,0.009148834544,0.009232286519
46.64623979,-0.0105349634,-0.0374640212,0.009360812876,0.009376970518
46.69418042,-0.01061938573,-0.03768095225,0.009443812404,0.009345128934
46.74212106,-0.01080055608,-0.0379679095,0.009402889455,0.00914389598
46.7900617,-0.01107404029,-0.03832111611,0.009243100351,0.008780405872
46.83800233,-0.01143540421,-0.03873679522,0.008969501418,0.008261792822
46.88594297,-0.0118802137,-0.03921117001,0.008587148981,0.007595191046
46.93388361,-0.01240403461,-0.03974046362,0.008101099363,0.006787734758
46.98182425,-0.01300243279,-0.04032089921,0.007516408889,0.005846558171
47.02976488,-0.01367097409,-0.04094869995,0.006838133885,0.004778795501
47.07770552,-0.01440522436,-0.04162008898,0.006071330673,0.00359158096
47.12564616,-0.01520074945,-0.04233128946,0.00522105558,0.002292048764
47.17358679,-0.01605311522,-0.04307852456,0.004292364929,0.0008873331269
47.22152743,-0.01695788751,-0.04385801742,0.003290315045,-0.0006154317376
47.26946807,-0.01791063219,-0.0446659912,0.002219962253,-0.002209111615
47.3174087,-0.01890691509,-0.04549866907,0.001086362877,-0.003886572291
47.36534934,-0.01994230208,-0.04635227417,-0.000105426758,-0.005640679552
47.41328998,-0.021012359,-0.04722302967,-0.001350350328,-0.007464299183
47.46123062,-0.0221126517,-0.04810715872,-0.002643351508,-0.00935029697
47.50917125,-0.02323874603,-0.04900088448,-0.003979373974,-0.0112915387
47.55711189,-0.02438620786,-0.0499004301,-0.005353361401,-0.01328089015
47.60505253,-0.02555060302,-0.05080201874,-0.006760257465,-0.01531121712
47.65299316,-0.02672749738,-0.05170187356,-0.008195005841,-0.01737538539
47.7009338,-0.02791245677,-0.05259621772,-0.009652550204,-0.01946626075
47.74887444,-0.02910104706,-0.05348127436,-0.01112783423,-0.02157670897
47.79681507,-0.03028883409,-0.05435326666,-0.01261580159,-0.02369959585
47.84475571,-0.03147138372,-0.05520841776,-0.01411139597,-0.02582778718
47.89269635,-0.0326442618,-0.05604295083,-0.01560956104,-0.02795414873
47.94063699,-0.03380303417,-0.05685308901,-0.01710524047,-0.0300715463
47.98857762,-0.0349432667,-0.05763505547,-0.01859337794,-0.03217284566
48.03651826,-0.03606052523,-0.05838507336,-0.02006891713,-0.03425091261
48.0844589,-0.03715037561,-0.05909936585,-0.02152680171,-0.03629861294
48.13239953,-0.03820838369,-0.05977415608,-0.02296197536,-0.03830881242
48.18034017,-0.03923011534,-0.06040566721,-0.02436938175,-0.04027437684
48.22828081,-0.04021113639,-0.0609901224,-0.02574396455,-0.04218817199
48.27622144,-0.0411470127,-0.06152374481,-0.02708066745,-0.04404306366
48.32416208,-0.04203331012,-0.0620027576,-0.02837443412,-0.04583191762
48.37210272,-0.0428655945,-0.06242338391,-0.02962020823,-0.04754759967
48.42004336,-0.0436394317,-0.06278184691,-0.03081293346,-0.0491829756
48.46798399,-0.04435038756,-0.06307436976,-0.03194755348,-0.05073091118
48.51592463,-0.04499402794,-0.06329717561,-0.03301901197,-0.05218427221
48.56386527,-0.04556591869,-0.06344648761,-0.03402225261,-0.05353592446
48.6118059,-0.04606162565,-0.06351852893,-0.03495221908,-0.05477873373
48.65974654,-0.04647671469,-0.06350952272,-0.03580385503,-0.0559055658
48.70768718,-0.04680675166,-0.06341569215,-0.03657210416,-0.05690928646
48.75562781,-0.04704730239,-0.06323326035,-0.03725191014,-0.05778276148
48.80356845,-0.04719393275,-0.0629584505,-0.03783821664,-0.05851885667
48.85150909,-0.04724220859,-0.06258748574,-0.03832596734,-0.0591104378
48.89944972,-0.04718769576,-0.06211658925,-0.03871010591,-0.05955037066
48.94739036,-0.04702596011,-0.06154198416,-0.03898557603,-0.05983152104
48.995331,-0.04675256749,-0.06085989365,-0.03914732138,-0.05994675472
49.04327164,-0.04636308375,-0.06006654086,-0.03919028562,-0.05988893748
49.09121227,-0.04585307475,-0.05915814895,-0.03910941245,-0.05965093512
49.13915291,-0.04521810633,-0.05813094108,-0.03889964552,-0.05922561341
49.18709355,-0.04445374436,-0.05698114041,-0.03855592852,-0.05860583815
49.23503418,-0.04355555467,-0.0557049701,-0.03807320512,-0.05778447512
49.28297482,-0.04251910312,-0.05429865329,-0.037446419,-0.05675439011
49.33091546,-0.04133995556,-0.05275841315,-0.03667051383,-0.0555084489
49.37885609,-0.04001367785,-0.05108047283,-0.03574043329,-0.05403951728
49.42679673,-0.03853583583,-0.0492610555,-0.03465112105,-0.05234046102
49.47473737,-0.03690199536,-0.0472963843,-0.0333975208,-0.05040414593
49.52267801,-0.03510772229,-0.0451826824,-0.03197457619,-0.04822343779
49.57061864,-0.03314858246,-0.04291617295,-0.03037723092,-0.04579120237
49.61855928,-0.03102014174,-0.04049307911,-0.02860042866,-0.04310030547
49.66649992,-0.02871796597,-0.03790962403,-0.02663911307,-0.04014361287
49.71444055,-0.02623762101,-0.03516203087,-0.02448822784,-0.03691399036
49.76238119,-0.0235746727,-0.03224652279,-0.02214271664,-0.03340430373
49.81032183,-0.02072468689,-0.02915932295,-0.01959752315,-0.02960741875
49.85826246,-0.01768322945,-0.0258966545,-0.01684759105,-0.02551620122
49.9062031,-0.01444586621,-0.0224547406,-0.013887864,-0.02112351693
49.95414374,-0.01100816304,-0.0188298044,-0.01071328568,-0.01642223164
50.00208438,-0.007366155197,-0.01501854311,-0.007319249844,-0.01140587862
50.05002501,-0.003783912669,-0.01128807735,-0.003958423161,-0.006449388093
50.09796565,-0.0004819933029,-0.007860659458,-0.0008428106027,-0.00186686122
50.14590629,0.002546640398,-0.004728491258,0.002033553713,0.002350976332
50.19384692,0.005309025931,-0.001883774568,0.004676635668,0.0062133989
50.24178756,0.007812200791,0.0006812887902,0.007092401147,0.009729680822
50.2897282,0.01006320247,0.002974496998,0.009286816031,0.01290909643
50.33766883,0.01206906848,0.005003648235,0.0112658462,0.01576092007
50.38560947,0.0138368363,0.00677654068,0.01303545755,0.01829442608
50.43355011,0.01537354343,0.008300972515,0.01460161594,0.02051888878
50.48149075,0.01668622737,0.009584741919,0.01597028727,0.02244358252
50.52943138,0.01778192562,0.01063564707,0.01714743742,0.02407778164
50.57737202,0.01866767567,0.01146148615,0.01813903228,0.02543076047
50.62531266,0.01935051502,0.01207005734,0.01895103771,0.02651179335
50.67325329,0.01983748116,0.01246915882,0.01958941961,0.02733015461
50.72119393,0.02013561159,0.01266658877,0.02006014386,0.0278951186
50.76913457,0.02025194381,0.01267014537,0.02036917635,0.02821595965
50.8170752,0.02019351532,0.01248762679,0.02052248294,0.02830195209
50.86501584,0.0199673636,0.01212683123,0.02052602954,0.02816237026
50.91295648,0.01958052616,0.01159555685,0.02038578201,0.02780648851
50.96089712,0.01904004049,0.01090160184,0.02010770625,0.02724358116
51.00883775,0.01835294409,0.01005276438,0.01969776813,0.02648292256
51.05677839,0.01752627445,0.009056842652,0.01916193354,0.02553378704
51.10471903,0.01656706908,0.00792163483,0.01850616836,0.02440544894
51.15265966,0.01548236547,0.006654939097,0.01773643847,0.02310718259
51.2006003,0.0142792011,0.005264553632,0.01685870975,0.02164826233
51.24854094,0.01296461349,0.003758276616,0.0158789481,0.02003796251
51.29648157,0.01154564013,0.002143906228,0.01480311938,0.01828555744
51.34442221,0.0100293185,0.0004292406494,0.01363718949,0.01640032148
51.39236285,0.008422686122,-0.001377921941,0.01238712431,0.01439152896
51.44030349,0.006732780475,-0.003269783363,0.01105888971,0.01226845422
51.48824412,0.004966639059,-0.005238545437,0.009658451586,0.01004037159
51.53618476,0.003131299373,-0.007276409982,0.008191775815,0.007716555411
51.5841254,0.00123379891,-0.009375578818,0.00666482828,0.005306280018
51.63206603,-0.0007188248311,-0.01152825377,0.005083574864,0.00281881975
51.68000667,-0.002719534355,-0.01372663665,0.00345398145,0.0002634489426
51.72794731,-0.004761292166,-0.01596292928,0.00178201392,-0.002350558067
51.77588794,-0.006837060766,-0.01822933348,7.363815674e-05,-0.005013926941
51.82382858,-0.008939802661,-0.02051805108,-0.001665179957,-0.007717383344
51.87176922,-0.01106248035,-0.02282128388,-0.003428474538,-0.01045165294
51.91970985,-0.01319805635,-0.02513123372,-0.005210279704,-0.01320746139
51.96765049,-0.01533949314,-0.02744010241,-0.007004629572,-0.01597553435
52.01559113,-0.01747975325,-0.02974009177,-0.008805558261,-0.0187465975
52.06353177,-0.01961179917,-0.03202340363,-0.01060709989,-0.02151137649
52.1114724,-0.0217285934,-0.03428223979,-0.01240328857,-0.02426059698
52.15941304,-0.02382309846,-0.03650880209,-0.01418815842,-0.02698498465
52.20735368,-0.02588827683,-0.03869529234,-0.01595574356,-0.02967526515
52.25529431,-0.02791709104,-0.04083391236,-0.01770007811,-0.03232216414
52.30323495,-0.02990250357,-0.04291686397,-0.01941519618,-0.0349164073
52.35117559,-0.03183747694,-0.044936349,-0.0210951319,-0.03744872027
52.39911622,-0.03371497365,-0.04688456925,-0.02273391937,-0.03990982873
52.44705686,-0.03552795619,-0.04875372656,-0.02432559272,-0.04229045834
52.4949975,-0.03726938709,-0.05053602274,-0.02586418606,-0.04458133476
52.54293814,-0.03893222883,-0.05222365962,-0.02734373351,-0.04677318366
52.59087877,-0.04050944392,-0.053808839,-0.02875826919,-0.04885673069
52.63881941,-0.04199399487,-0.05528376272,-0.03010182722,-0.05082270152
52.68676005,-0.04337884418,-0.05664063259,-0.03136844171,-0.05266182182
52.73470068,-0.04465695436,-0.05787165043,-0.03255214678,-0.05436481724
52.78264132,-0.0458212879,-0.05896901806,-0.03364697655,-0.05592241345
52.83058196,-0.04686480731,-0.05992493731,-0.03464696513,-0.05732533612
52.87852259,-0.0477804751,-0.06073160998,-0.03554614665,-0.0585643109
52.92646323,-0.04856125376,-0.06138123791,-0.03633855521,-0.05963006346
52.97440387,-0.04920010581,-0.06186602292,-0.03701822495,-0.06051331946
53.02234451,-0.04968999374,-0.06217816681,-0.03757918997,-0.06120480457
53.07028514,-0.05002388007,-0.06230987142,-0.03801548438,-0.06169524444
53.11822578,-0.05019472728,-0.06225333856,-0.03832114232,-0.06197536475
53.16616642,-0.05019549789,-0.06200077005,-0.0384901979,-0.06203589115
53.21410705,-0.05001915441,-0.06154436771,-0.03851668523,-0.06186754931
53.26204769,-0.04965865932,-0.06087633337,-0.03839463843,-0.06146106489
53.30998833,-0.04910697515,-0.05998886884,-0.03811809162,-0.06080716355
53.35792896,-0.04835706438,-0.05887417594,-0.03768107892,-0.05989657096
53.4058696,-0.04740188953,-0.05752445649,-0.03707763444,-0.05872001278
53.45381024,-0.0462344131,-0.05593191231,-0.0363017923,-0.05726821467
53.50175088,-0.04484759759,-0.05408874523,-0.03534758661,-0.0555319023
53.54969151,-0.04323440551,-0.05198715706,-0.03420905151,-0.05350180132
53.59763215,-0.04138779936,-0.04961934963,-0.0328802211,-0.05116863741
53.64557279,-0.03930074164,-0.04697752474,-0.03135512949,-0.04852313622
53.69351342,-0.03696619485,-0.04405388423,-0.02962781082,-0.04555602343
53.74145406,-0.03437712151,-0.04084062991,-0.02769229919,-0.04225802468
53.7893947,-0.03152648412,-0.0373299636,-0.02554262872,-0.03861986565
53.83733533,-0.02840724517,-0.03351408713,-0.02317283354,-0.03463227199
53.88527597,-0.02501236717,-0.02938520231,-0.02057694775,-0.03028596938
53.93321661,-0.02133481263,-0.02493551096,-0.01774900547,-0.02557168347
53.98115725,-0.01736754404,-0.02015721491,-0.01468304083,-0.02048013992
54.02909788,-0.01310352392,-0.01504251596,-0.01137308794,-0.01500206441
54.07703852,-0.008535714771,-0.009583615952,-0.007813180909,-0.009128182587
54.12497916,-0.003657079088,-0.003772716694,-0.003997353866,-0.002849220122
54.17291979,0.001533465895,0.002391009533,7.57642865e-05,0.0038365684
54.22086043,0.006613915116,0.008413305191,0.004080828187,0.01039578916
54.26880107,0.01132812633,0.0139945984,0.007819689801,0.01650412741
54.3167417,0.01568482444,0.01914546551,0.01129842821,0.02217203579
54.36468234,0.01969273439,0.02387648286,0.01452312251,0.02740996693
54.41262298,0.02336058109,0.02819822677,0.01749985176,0.03222837344
54.46056362,0.02669708945,0.0321212736,0.02023469507,0.03663770796
54.50850425,0.0297109844,0.03565619967,0.02273373151,0.04064842311
54.55644489,0.03241099087,0.03881358133,0.02500304016,0.04427097151
54.60438553,0.03480583376,0.04160399492,0.02704870012,0.04751580581
54.65232616,0.036904238,0.04403801677,0.02887679046,0.05039337861
54.7002668,0.03871492851,0.04612622323,0.03049339027,0.05291414255
54.74820744,0.0402466302,0.04787919063,0.03190457862,0.05508855026
54.79614807,0.04150806801,0.04930749531,0.03311643462,0.05692705436
54.84408871,0.04250796684,0.05042171361,0.03413503733,0.05844010747
54.89202935,0.04325505163,0.05123242186,0.03496646585,0.05963816223
54.93996998,0.04375804728,0.05175019642,0.03561679925,0.06053167126
54.98791062,0.04402567872,0.05198561361,0.03609211662,0.06113108718
55.03585126,0.04406667087,0.05194924977,0.03639849705,0.06144686263
55.0837919,0.04388974864,0.05165168124,0.03654201961,0.06148945023
55.13173253,0.04350363697,0.05110348437,0.0365287634,0.0612693026
55.17967317,0.04291706076,0.05031523548,0.03636480749,0.06079687238
55.22761381,0.04213874494,0.04929751092,0.03605623097,0.06008261218
55.27555444,0.04117741443,0.04806088703,0.03560911293,0.05913697465
55.32349508,0.04004179415,0.04661594014,0.03502953244,0.05797041239
55.37143572,0.03874060902,0.0449732466,0.03432356859,0.05659337804
55.41937635,0.03728258396,0.04314338273,0.03349730047,0.05501632422
55.46731699,0.03567644388,0.04113692489,0.03255680716,0.05324970357
55.51525763,0.03393091371,0.03896444941,0.03150816773,0.05130396871
55.56319827,0.03205471837,0.03663653263,0.03035746129,0.04918957225
55.6111389,0.03005658278,0.03416375088,0.0291107669,0.04691696684
55.65907954,0.02794523185,0.03155668051,0.02777416366,0.0444966051
55.70702018,0.02572939052,0.02882589785,0.02635373064,0.04193893965
55.75496081,0.02341778369,0.02598197924,0.02485554694,0.03925442312
55.80290145,0.02101913629,0.02303550103,0.02328569163,0.03645350814
55.85084209,0.01854217324,0.01999703954,0.0216502438,0.03354664733
55.89878272,0.01599561945,0.01687717112,0.01995528253,0.03054429332
55.94672336,0.01338819986,0.01368647211,0.01820688691,0.02745689874
55.994664,0.01072863937,0.01043551884,0.01641113602,0.02429491621
56.04260464,0.008025662909,0.007134887655,0.01457410894,0.02106879835
56.09054527,0.005287995396,0.003795154893,0.01270188476,0.01778899781
56.13848591,0.002524361752,0.0004268968918,0.01080054256,0.01446596719
56.18642655,-0.0002565131051,-0.00295931001,0.008876161428,0.01111015913
56.23436718,-0.003045904254,-0.006352889475,0.006934820444,0.007732026262
56.28230782,-0.005835086776,-0.009743265162,0.004982598692,0.004342021202
56.33024846,-0.008615335749,-0.01311986074,0.003025575258,0.0009505965787
56.37818909,-0.01137792626,-0.01647209985,0.001069829223,-0.00243179498
56.42612973,-0.01411413337,-0.01978940618,-0.0008785603269,-0.005794700848
56.47407037,-0.01681523218,-0.02306120338,-0.002813514309,-0.009127668398
56.52201101,-0.01947249777,-0.02627691511,-0.004728953639,-0.01242024501
56.56995164,-0.0220772052,-0.02942596502,-0.006618799234,-0.01566197804
56.61789228,-0.02462062957,-0.0324977768,-0.008476972009,-0.01884241488
56.66583292,-0.02709404595,-0.03548177409,-0.01029739288,-0.0219511029
56.71377355,-0.02948872943,-0.03836738055,-0.01207398277,-0.02497758947
56.76171419,-0.03179595507,-0.04114401985,-0.01380066258,-0.02791142196
56.80965483,-0.03400699797,-0.04380111565,-0.01547135324,-0.03074214775
56.85759546,-0.0361131332,-0.04632809162,-0.01707997566,-0.03345931421
56.9055361,-0.03810563584,-0.0487143714,-0.01862045076,-0.03605246871
56.95347674,-0.03997578098,-0.05094937867,-0.02008669945,-0.03851115863
57.00141738,-0.04171484369,-0.05302253708,-0.02147264266,-0.04082493135
57.04935801,-0.04331409905,-0.0549232703,-0.02277220129,-0.04298333423
57.09729865,-0.04476482214,-0.05664100199,-0.02397929626,-0.04497591465
57.14523929,-0.04605828805,-0.0581651558,-0.02508784849,-0.04679221998
57.19317992,-0.04718577185,-0.05948515541,-0.0260917789,-0.04842179759
57.24112056,-0.04813854862,-0.06059042447,-0.02698500839,-0.04985419487
57.2890612,-0.04890789345,-0.06147038664,-0.0277614579,-0.05107895918
57.33700183,-0.04948508141,-0.06211446559,-0.02841504833,-0.05208563789
57.38494247,-0.04986138758,-0.06251208498,-0.0289397006,-0.05286377839
57.43288311,-0.05002808705,-0.06265266846,-0.02932933562,-0.05340292803
57.48082375,-0.04997645488,-0.0625256397,-0.02957787432,-0.05369263421
57.52876438,-0.04969776617,-0.06212042236,-0.0296792376,-0.05372244428
57.57670502,-0.049183296,-0.06142644011,-0.02962734639,-0.05348190563
57.62464566,-0.04842431943,-0.06043311659,-0.02941612161,-0.05296056563
57.67258629,-0.04741211156,-0.05912987549,-0.02903948415,-0.05214797165
57.72052693,-0.04613794747,-0.05750614045,-0.02849135496,-0.05103367106
57.76846757,-0.04459310222,-0.05555133513,-0.02776565493,-0.04960721124
57.8164082,-0.04276885091,-0.05325488321,-0.02685630498,-0.04785813956
57.86434884,-0.04065646861,-0.05060620834,-0.02575722604,-0.0457760034
57.91228948,-0.03824723041,-0.04759473417,-0.02446233902,-0.04335035012
57.96023012,-0.03553241138,-0.04420988439,-0.02296556483,-0.04057072711
58.00817075,-0.0325032866,-0.04044108263,-0.0212608244,-0.03742668174
58.05611139,-0.02915113116,-0.03627775258,-0.01934203862,-0.03390776137
58.10405203,-0.02546722013,-0.03170931788,-0.01720312844,-0.03000351338
58.15199266,-0.02144282859,-0.0267252022,-0.01483801475,-0.02570348516
58.1999333,-0.01706923162,-0.0213148292,-0.01224061847,-0.02099722406
58.24787394,-0.01233770431,-0.01546762255,-0.009404860532,-0.01587427746
58.29581457,-0.007239521736,-0.009173005894,-0.006324661838,-0.01032419275
58.34375521,-0.001783163029,-0.002441412794,-0.003004546792,-0.004355397707
58.39169585,0.003551903395,0.004141569084,0.0002603469179,0.00150637084
58.43963648,0.008550397181,0.01031305163,0.003336852408,0.007024183393
58.48757712,0.01321988424,0.01608230114,0.006229016485,0.0122054948
58.53551776,0.01756793048,0.02145858393,0.008940885957,0.0170577599
58.5834584,0.02160210181,0.0264511663,0.01147650763,0.02158843354
58.63139903,0.02532996413,0.03106931455,0.01383992831,0.02580497056
58.67933967,0.02875908337,0.035322295,0.01603519481,0.02971482582
58.72728031,0.03189702542,0.03921937394,0.01806635393,0.03332545415
58.77522094,0.03475135621,0.04276981769,0.01993745249,0.0366443104
58.82316158,0.03732964162,0.04598289254,0.02165253728,0.03967884942
58.87110222,0.03963944759,0.04886786481,0.02321565511,0.04243652605
58.91904285,0.04168834001,0.0514340008,0.0246308528,0.04492479514
58.96698349,0.04348388479,0.05369056681,0.02590217715,0.04715111153
59.01492413,0.04503364785,0.05564682915,0.02703367496,0.04912293006
59.06286477,0.04634519509,0.05731205413,0.02802939305,0.05084770558
59.1108054,0.04742609242,0.05869550805,0.02889337822,0.05233289294
59.15874604,0.04828390576,0.05980645721,0.02962967728,0.05358594698
59.20668668,0.048926201,0.06065416792,0.03024233704,0.05461432255
59.25462731,0.04936054407,0.0612479065,0.03073540429,0.05542547449
59.30256795,0.04959450086,0.06159693923,0.03111292586,0.05602685764
59.35050859,0.04963563729,0.06171053243,0.03137894854,0.05642592685
59.39844922,0.04949151928,0.06159795241,0.03153751915,0.05663013697
59.44638986,0.04916971271,0.06126846546,0.03159268449,0.05664694284
59.4943305,0.04867778352,0.0607313379,0.03154849137,0.05648379931
59.54227114,0.0480232976,0.05999583603,0.0314089866,0.05614816122
59.59021177,0.04721382087,0.05907122615,0.03117821698,0.05564748341
59.63815241,0.04625691923,0.05796677457,0.03086022932,0.05498922074
59.68609305,0.0451601586,0.0566917476,0.03045907043,0.05418082804
59.73403368,0.04393110487,0.05525541155,0.02997878711,0.05322976016
59.78197432,0.04257732397,0.0536670327,0.02942342617,0.05214347195
59.82991496,0.04110638181,0.05193587738,0.02879703443,0.05092941825
59.87785559,0.03952584428,0.05007121189,0.02810365868,0.0495950539
59.92579623,0.0378432773,0.04808230253,0.02734734574,0.04814783376
59.97373687,0.03606624679,0.04597841561,0.0265321424,0.04659521266
60.02167751,0.03420231864,0.04376881743,0.02566209549,0.04494464545
60.06961814,0.03225905877,0.04146277431,0.0247412518,0.04320358698
60.11755878,0.03024403309,0.03906955253,0.02377365814,0.04137949209
60.16549942,0.0281648075,0.03659841842,0.02276336133,0.03947981563
60.21344005,0.02602894793,0.03405863828,0.02171440816,0.03751201243
60.26138069,0.02384402026,0.0314594784,0.02063084545,0.03548353736
60.30932133,0.02161759042,0.0288102051,0.01951671999,0.03340184524
60.35726196,0.01935722432,0.02612008469,0.01837607861,0.03127439093
60.4052026,0.01707048786,0.02339838346,0.0172129681,0.02910862927
60.45314324,0.01476494695,0.02065436772,0.01603143528,0.02691201511
60.50108388,0.0124481675,0.01789730379,0.01483552695,0.02469200329
60.54902451,0.01012771542,0.01513645795,0.01362928991,0.02245604866
60.59696515,0.007811156628,0.01238109653,0.01241677098,0.02021160605
60.64490579,0.005506057022,0.00964048582,0.01120201696,0.01796613032
60.69284642,0.003219982515,0.006923892131,0.009989074663,0.01572707632
60.74078706,0.0009604990168,0.004240581768,0.008781990892,0.01350189888
60.7887277,-0.001264827564,0.001599821036,0.007584812454,0.01129805285
60.83666833,-0.003448431318,-0.00098912376,0.006401586158,0.009122993073
60.88460897,-0.005582746336,-0.003516986314,0.00523635881,0.006984174401
60.93254961,-0.007660206708,-0.00597450032,0.004093177218,0.004889051675
60.98049025,-0.009673246525,-0.008352399474,0.002976088188,0.00284507974
61.02843088,-0.01161429988,-0.01064141747,0.001889138529,0.0008597134413
61.07637152,-0.01347580086,-0.012832288,0.0008363750466,-0.001059592376
61.12431216,-0.01525018356,-0.01491574476,-0.0001781554509,-0.002905382867
61.17225279,-0.01692988206,-0.01688252145,-0.001150406157,-0.004670203187
61.22019343,-0.01850733046,-0.01872335176,-0.002076330264,-0.006346598491
61.26813407,-0.01997496286,-0.02042896938,-0.002951880964,-0.007927113934
61.3160747,-0.02132521333,-0.02199010801,-0.003773011451,-0.00940429467
61.36401534,-0.02255051598,-0.02339750135,-0.004535674918,-0.01077068585
61.41195598,-0.02364330488,-0.02464188308,-0.005235824557,-0.01201883264
61.45989661,-0.02459601414,-0.02571398691,-0.00586941356,-0.01314128019
61.50783725,-0.02540107784,-0.02660454652,-0.006432395122,-0.01413057365
61.55577789,-0.02605093008,-0.02730429562,-0.006920722434,-0.01497925818
61.60371853,-0.02653800493,-0.02780396789,-0.007330348689,-0.01567987894
61.65165916,-0.02685473651,-0.02809429703,-0.00765722708,-0.01622498107
61.6995998,-0.02699355889,-0.02816601674,-0.0078973108,-0.01660710973
61.74754044,-0.02694690616,-0.02800986071,-0.008046553041,-0.01681881009
61.79548107,-0.02670721243,-0.02761656263,-0.008100906997,-0.01685262729
61.84342171,-0.02626691177,-0.0269768562,-0.00805632586,-0.01670110649
61.89136235,-0.02561843828,-0.02608147512,-0.007908762823,-0.01635679284
61.93930298,-0.02475422605,-0.02492115308,-0.007654171079,-0.0158122315
61.98724362,-0.02366670917,-0.02348662376,-0.00728850382,-0.01505996762
62.03518426,-0.02234832173,-0.02176862088,-0.00680771424,-0.01409254636
62.0831249,-0.02079149782,-0.01975787812,-0.00620775553,-0.01290251288
62.13106553,-0.01898867153,-0.01744512917,-0.005484580884,-0.01148241232
62.17900617,-0.01693227696,-0.01482110773,-0.004634143495,-0.009824789849
62.22694681,-0.01461474819,-0.0118765475,-0.003652396556,-0.007922190615
62.27488744,-0.01202851931,-0.008602182176,-0.002535293258,-0.005767159775
62.32282808,-0.009166024419,-0.004988745442,-0.001278786796,-0.003352242484
62.37076872,-0.006019697604,-0.001026970997,0.0001211696394,-0.0006699838957
62.41870935,-0.002581972954,0.003292407464,0.001668622854,0.002287070833
62.46664999,0.001154715438,0.007978656246,0.003367619655,0.005526376549
62.51459063,0.005171989431,0.01300831949,0.005209632949,0.009031475176
62.56253127,0.009078089368,0.01788721091,0.007005025475,0.01244160382
62.6104719,0.01274298012,0.02245169593,0.008690671528,0.01563688661
62.65841254,0.01617199056,0.02670892602,0.01026900775,0.01862217009
62.70635318,0.01937044957,0.03066605269,0.0117424708,0.0214023008
62.75429381,0.02234368602,0.0343302274,0.01311349731,0.02398212531
62.80223445,0.02509702879,0.03770860164,0.01438452393,0.02636649015
62.85017509,0.02763580674,0.04080832689,0.0155579873,0.02856024189
62.89811572,0.02996534877,0.04363655464,0.01663632407,0.03056822708
62.94605636,0.03209098373,0.04620043637,0.01762197089,0.03239529226
62.993997,0.03401804051,0.04850712356,0.0185173644,0.03404628398
63.04193764,0.03575184799,0.05056376769,0.01932494124,0.03552604881
63.08987827,0.03729773503,0.05237752025,0.02004713807,0.03683943328
63.13781891,0.03866103051,0.05395553272,0.02068639152,0.03799128395
63.18575955,0.03984706331,0.05530495659,0.02124513825,0.03898644737
63.23370018,0.04086116231,0.05643294333,0.02172581489,0.03982977009
63.28164082,0.04170865637,0.05734664442,0.0221308581,0.04052609867
63.32958146,0.04239487438,0.05805321136,0.02246270451,0.04108027965
63.37752209,0.04292514521,0.05855979563,0.02272379078,0.04149715958
63.42546273,0.04330479773,0.0588735487,0.02291655355,0.04178158502
63.47340337,0.04353916082,0.05900162206,0.02304342946,0.04193840252
63.52134401,0.04363356335,0.0589511672,0.02310685517,0.04197245862
63.56928464,0.04359333421,0.05872933559,0.02310926731,0.04188859988
63.61722528,0.04342380226,0.05834327872,0.02305310253,0.04169167285
63.66516592,0.04313029638,0.05780014808,0.02294079748,0.04138652409
63.71310655,0.04271814545,0.05710709513,0.0227747888,0.04097800013
63.76104719,0.04219267834,0.05627127138,0.02255751313,0.04047094754
63.80898783,0.04155922392,0.0552998283,0.02229140713,0.03987021286
63.85692846,0.04082311108,0.05419991737,0.02197890744,0.03918064265
63.9048691,0.03998966868,0.05297869007,0.0216224507,0.03840708345
63.95280974,0.03906422561,0.0516432979,0.02122447356,0.03755438183
64.00075038,0.03805211073,0.05020089233,0.02078741267,0.03662738432
64.04869101,0.03695865293,0.04865862484,0.02031370466,0.03563093747
64.09663165,0.03578918107,0.04702364692,0.01980578619,0.03456988785
64.14457229,0.03454902404,0.04530311005,0.0192660939,0.03344908201
64.19251292,0.0332435107,0.04350416572,0.01869706444,0.03227336648
64.24045356,0.03187796994,0.0416339654,0.01810113445,0.03104758783
64.2883942,0.03045773063,0.03969966058,0.01748074057,0.0297765926
64.33633483,0.02898812164,0.03770840275,0.01683831946,0.02846522735
64.38427547,0.02747447185,0.03566734338,0.01617630776,0.02711833862
64.43221611,0.02592211014,0.03358363396,0.0154971421,0.02574077298
64.48015675,0.02433636538,0.03146442597,0.01480325915,0.02433737696
64.52809738,0.02272256644,0.02931687089,0.01409709554,0.02291299712
64.57603802,0.0210860422,0.02714812021,0.01338108792,0.02147248001
64.62397866,0.01943212154,0.02496532541,0.01265767294,0.02002067219
64.67191929,0.01776613333,0.02277563797,0.01192928723,0.0185624202
64.71985993,0.01609340644,0.02058620938,0.01119836745,0.01710257059
64.76780057,0.01441926976,0.01840419112,0.01046735024,0.01564596992
64.8157412,0.01274905215,0.01623673467,0.009738672251,0.01419746473
64.86368184,0.0110880825,0.01409099151,0.009014770121,0.01276190158
64.91162248,0.009441689671,0.01197411313,0.008298080498,0.01134412702
64.95956311,0.007815202546,0.009893251016,0.007591040027,0.009948987603
65.00750375,0.006213949999,0.007855556639,0.006896085355,0.008581329874
65.05544439,0.004643260905,0.005868181489,0.006215653126,0.007246000386
65.10338503,0.003108464139,0.003938277048,0.005552179986,0.005947845691
65.15132566,0.001614888577,0.002072994798,0.00490810258,0.00469171234
65.1992663,0.000167863094,0.0002794862236,0.004285857554,0.003482446884
65.24720694,-0.001227283435,-0.001435097194,0.003687881553,0.002324895874
65.29514757,-0.002565222135,-0.003063603971,0.003116611223,0.00122390586
65.34308821,-0.00384062413,-0.004598882624,0.002574483208,0.0001843233948
65.39102885,-0.005048160545,-0.006033781672,0.002063934155,-0.0007890049715
65.43896948,-0.006182502506,-0.00736114963,0.001587400708,-0.001691232688
65.48691012,-0.007238321135,-0.008573835016,0.001147319514,-0.002517513202
65.53485076,-0.00821028756,-0.009664686348,0.0007461272169,-0.003262999965
65.5827914,-0.009093072903,-0.01062655214,0.000386260463,-0.003922846424
65.63073203,-0.00988134829,-0.01145228091,7.015589744e-05,-0.004492206029
65.67867267,-0.01056978485,-0.01213472118,-0.0001997498343,-0.004966232229
65.72661331,-0.0111530537,-0.01266672147,-0.0004210200868,-0.005340078472
65.77455394,-0.01162582596,-0.01304113028,-0.0005912182147,-0.005608898207
65.82249458,-0.01198277277,-0.01325079614,-0.0007079075727,-0.005767844884
65.87043522,-0.01221856525,-0.01328856757,-0.0007686515151,-0.005812071951
65.91837585,-0.01232787452,-0.01314729308,-0.0007710133968,-0.005736732857
65.96631649,-0.01230537171,-0.01281982118,-0.0007125565722,-0.005536981051
66.01425713,-0.01214572794,-0.01229900041,-0.0005908443959,-0.005207969983
66.06219777,-0.01184361433,-0.01157767926,-0.0004034402226,-0.0047448531
66.1101384,-0.01139370202,-0.01064870627,-0.0001479074068,-0.004142783853
66.15807904,-0.01079066212,-0.009504929943,0.0001781906969,-0.00339691569
66.20601968,-0.01002916576,-0.008139198802,0.000577290734,-0.002502402059
66.25396031,-0.009103884073,-0.006544361362,0.00105182935,-0.001454396411
66.30190095,-0.008009488172,-0.004713266141,0.00160424319,-0.0002480521928
66.34984159,-0.006740649186,-0.002638761656,0.002236968899,0.001121477145
66.39778222,-0.00529203824,-0.0003136964244,0.002952443123,0.002659038155
66.44572286,-0.003658326458,0.002269081037,0.003753102508,0.004369477387
66.4936635,-0.001834184966,0.005116722212,0.004641383698,0.006257641392
66.54160414,0.0001857151123,0.008236378582,0.00561972334,0.008328376722
66.58954477,0.002406702652,0.01163520163,0.006690558078,0.01058652993
66.63748541,0.004834106528,0.01532034284,0.007856324558,0.01303694756
66.68542605,0.007445802834,0.0192573962,0.009108207613,0.01565994207
66.73336668,0.009981617997,0.02305222421,0.01033957367,0.01822289105
66.78130732,0.01237811549,0.02660969617,0.01152394453,0.0206686231
66.82924796,0.01463813395,0.02993512681,0.0126619575,0.02299915878
66.87718859,0.01676451203,0.03303383089,0.01375424985,0.02521651865
66.92512923,0.01876008837,0.03591112314,0.0148014589,0.02732272326
66.97306987,0.02062770163,0.03857231831,0.01580422193,0.02931979317
67.02101051,0.02237019045,0.04102273115,0.01676317625,0.03120974894
67.06895114,0.02399039348,0.0432676764,0.01767895915,0.03299461113
67.11689178,0.02549114935,0.04531246881,0.01855220792,0.03467640029
67.16483242,0.02687529673,0.04716242313,0.01938355986,0.03625713698
67.21277305,0.02814567425,0.0488228541,0.02017365226,0.03773884176
67.26071369,0.02930512057,0.05029907646,0.02092312243,0.0391235352
67.30865433,0.03035647433,0.05159640497,0.02163260766,0.04041323783
67.35659496,0.03130257417,0.05272015436,0.02230274524,0.04160997023
67.4045356,0.03214625874,0.05367563939,0.02293417247,0.04271575295
67.45247624,0.0328903667,0.05446817479,0.02352752664,0.04373260655
67.50041688,0.03353773668,0.05510307532,0.02408344506,0.04466255159
67.54835751,0.03409120734,0.05558565571,0.02460256501,0.04550760861
67.59629815,0.03455361731,0.05592123073,0.0250855238,0.04626979819
67.64423879,0.03492780526,0.0561151151,0.02553295872,0.04695114088
67.69217942,0.03521660981,0.05617262358,0.02594550706,0.04755365724
67.74012006,0.03542286963,0.05609907091,0.02632380612,0.04807936782
67.7880607,0.03554942335,0.05589977184,0.02666849319,0.04853029319
67.83600133,0.03559910963,0.05558004111,0.02698020558,0.04890845389
67.88394197,0.03557476711,0.05514519348,0.02725958058,0.04921587049
67.93188261,0.03547923443,0.05460054367,0.02750725548,0.04945456355
67.97982324,0.03531535025,0.05395140645,0.02772386758,0.04962655362
68.02776388,0.03508595321,0.05320309655,0.02791005418,0.04973386127
68.07570452,0.03479388196,0.05236092872,0.02806645257,0.04977850704
68.12364516,0.03444197514,0.05143021771,0.02819370005,0.0497625115
68.17158579,0.0340330714,0.05041627827,0.02829243391,0.0496878952
68.21952643,0.03357000939,0.04932442513,0.02836329144,0.0495566787
68.26746707,0.03305562776,0.04815997304,0.02840690996,0.04937088257
68.3154077,0.03249276514,0.04692823676,0.02842392674,0.04913252735
68.36334834,0.0318842602,0.04563453102,0.0284149791,0.04884363361
68.41128898,0.03123295156,0.04428417057,0.02838070431,0.0485062219
68.45922961,0.03054167789,0.04288247016,0.02832173968,0.04812231278
68.50717025,0.02981327783,0.04143474453,0.02823872251,0.04769392681
68.55511089,0.02905059002,0.03994630842,0.02813229009,0.04722308454
68.60305153,0.02825645311,0.03842247659,0.02800307971,0.04671180654
68.65099216,0.02743370575,0.03686856378,0.02785172868,0.04616211336
68.6989328,0.02658518659,0.03528988473,0.02767887428,0.04557602556
68.74687344,0.02571373427,0.03369175419,0.02748515382,0.04495556369
68.79481407,0.02482218743,0.03207948691,0.02727120458,0.04430274832
68.84275471,0.02391338473,0.03045839763,0.02703766387,0.04361960001
68.89069535,0.02299016482,0.0288338011,0.02678516899,0.0429081393
68.93863598,0.02205536633,0.02721101206,0.02651435722,0.04217038676
68.98657662,0.02111182791,0.02559534525,0.02622586586,0.04140836295
69.03451726,0.02016238822,0.02399211543,0.02592033221,0.04062408842
69.0824579,0.0192098859,0.02240663734,0.02559839357,0.03981958373
69.13039853,0.01825715959,0.02084422573,0.02526068723,0.03899686944
69.17833917,0.01730704794,0.01931019533,0.02490785048,0.0381579661
69.22627981,0.01636238961,0.0178098609,0.02454052062,0.03730489428
69.27422044,0.01542602323,0.01634853719,0.02415933496,0.03643967453
69.32216108,0.01450078745,0.01493153893,0.02376493078,0.03556432742
69.37010172,0.01358952092,0.01356418087,0.02335794537,0.03468087348
69.41804235,0.01269506229,0.01225177776,0.02293901605,0.0337913333
69.46598299,0.01182025019,0.01099964435,0.02250878009,0.03289772741
69.51392363,0.01096792329,0.009813095372,0.0220678748,0.03200207639
69.56186427,0.01014092023,0.008697445583,0.02161693748,0.03110640078
69.6098049,0.009342079644,0.007658009725,0.02115660541,0.03021272116
69.65774554,0.00857424019,0.006700102543,0.0206875159,0.02932305806
69.70568618,0.007840240513,0.005829038784,0.02021030624,0.02843943206
69.75362681,0.007142919258,0.005050133193,0.01972561373,0.0275638637
69.80156745,0.006485115073,0.004368700515,0.01923407566,0.02669837355
69.84950809,0.005869666605,0.003790055497,0.01873632933,0.02584498217
69.89744872,0.005299412499,0.003319512883,0.01823301203,0.02500571011
69.94538936,0.004777191403,0.002962387419,0.01772476106,0.02418257792
69.99333,0.004305841964,0.002723993851,0.01721221372,0.02337760618
70.04127064,0.003888202828,0.002609646925,0.0166960073,0.02259281543
70.08921127,0.003527112643,0.002624661386,0.0161767791,0.02183022623
70.13715191,0.003225410053,0.00277435198,0.01565516641,0.02109185915
70.18509255,0.002985933708,0.003064033452,0.01513180653,0.02037973473
70.23303318,0.002811522252,0.003499020548,0.01460733676,0.01969587354
70.28097382,0.002705014334,0.004084628014,0.01408239439,0.01904229614
70.32891446,0.002669248599,0.004826170595,0.01355761671,0.01842102307
70.37685509,0.002707063694,0.005728963037,0.01303364103,0.01783407491
70.42479573,0.002821298267,0.006798320085,0.01251110464,0.0172834722
70.47273637,0.003014790963,0.008039556485,0.01199064483,0.0167712355
70.52067701,0.00329038043,0.009457986983,0.0114728989,0.01629938538
70.56861764,0.003650905315,0.01105892632,0.01095850415,0.01586994239
70.61655828,0.004099204263,0.01284768925,0.01044809787,0.01548492709
70.66449892,0.004638115922,0.01482959052,0.009942317357,0.01514636003
70.71243955,0.005270478939,0.01700994486,0.009441799909,0.01485626178
70.76038019,0.005999131959,0.01939406704,0.008947182821,0.01461665289
70.80832083,0.006826913631,0.02198727178,0.008459103389,0.01442955391
70.85626146,0.007741833196,0.02474881106,0.007985882184,0.01429911925
70.9042021,0.008648538931,0.02738168115,0.007577491313,0.01423974355
70.95214274,0.009529593288,0.02983523543,0.007241040302,0.01425176559
71.00008338,0.01038508204,0.03211359147,0.006974367982,0.01433278407
71.04802401,0.01121509097,0.03422086685,0.006775313181,0.01448039773
71.09596465,0.01201970584,0.03616117916,0.006641714731,0.01469220527
71.14390529,0.01279901243,0.03793864596,0.006571411461,0.01496580542
71.19184592,0.01355309652,0.03955738485,0.006562242202,0.0152987969
71.23978656,0.01428204387,0.04102151339,0.006612045782,0.01568877842
71.2877272,0.01498594028,0.04233514917,0.006718661034,0.0161333487
71.33566783,0.0156648715,0.04350240977,0.006879926786,0.01663010646
71.38360847,0.01631892332,0.04452741275,0.007093681868,0.01717665042
71.43154911,0.01694818151,0.04541427571,0.007357765111,0.01777057929
71.47948974,0.01755273184,0.04616711622,0.007670015345,0.01840949181
71.52743038,0.0181326601,0.04679005186,0.0080282714,0.01909098667
71.57537102,0.01868805204,0.0472872002,0.008430372105,0.01981266261
71.62331166,0.01921899346,0.04766267883,0.008874156291,0.02057211833
71.67125229,0.01972557012,0.04792060532,0.009357462788,0.02136695257
71.71919293,0.0202078678,0.04806509725,0.009878130426,0.02219476403
71.76713357,0.02066597227,0.04810027221,0.01043399803,0.02305315144
71.8150742,0.02109996931,0.04803024776,0.01102290444,0.02393971351
71.86301484,0.02150994469,0.04785914149,0.01164268848,0.02485204896
71.91095548,0.02189598419,0.04759107098,0.01229118899,0.02578775652
71.95889611,0.02225817359,0.0472301538,0.01296624478,0.02674443489
72.00683675,0.02259659865,0.04678050753,0.01366569469,0.0277196828
72.05477739,0.02291134515,0.04624624975,0.01438737756,0.02871109896
72.10271803,0.02320249887,0.04563149804,0.01512913221,0.0297162821
72.15065866,0.02347014558,0.04494036998,0.01588879747,0.03073283093
72.1985993,0.02371437106,0.04417698315,0.01666421216,0.03175834417
72.24653994,0.02393526107,0.04334545512,0.01745321514,0.03279042053
72.29448057,0.02413290141,0.04244990348,0.01825364521,0.03382665875
72.34242121,0.02430737784,0.04149444579,0.01906334121,0.03486465753
72.39036185,0.02445877613,0.04048319965,0.01988014198,0.03590201559
72.43830248,0.02458718206,0.03942028262,0.02070188634,0.03693633166
72.48624312,0.02469268141,0.03830981229,0.02152641312,0.03796520445
72.53418376,0.02477535994,0.03715590624,0.02235156115,0.03898623267
72.5821244,0.02483530344,0.03596268204,0.02317516926,0.03999701505
72.63006503,0.02487259769,0.03473425727,0.02399507628,0.04099515031
72.67800567,0.02488732844,0.03347474951,0.02480912105,0.04197823716
72.72594631,0.02487958149,0.03218827635,0.02561514239,0.04294387433
72.77388694,0.0248494426,0.03087895534,0.02641097913,0.04388966052
72.82182758,0.02479699754,0.02955090409,0.0271944701,0.04481319446
72.86976822,0.02472233211,0.02820824016,0.02796345414,0.04571207487
72.91770885,0.02462553206,0.02685508113,0.02871577006,0.04658390046
72.96564949,0.02450668317,0.02549554458,0.02944925671,0.04742626996
73.01359013,0.02436587122,0.0241337481,0.03016175291,0.04823678208
73.06153077,0.02420318198,0.02277380925,0.0308510975,0.04901303554
73.1094714,0.02401870124,0.02141984561,0.03151512929,0.04975262906
73.15741204,0.02381251475,0.02007597477,0.03215168713,0.05045316136
73.20535268,0.0235847083,0.01874631431,0.03275860984,0.05111223115
73.25329331,0.02333536766,0.01743498179,0.03333373625,0.05172743716
73.30123395,0.02306457861,0.01614609481,0.0338749052,0.0522963781
73.34917459,0.02277242693,0.01488377094,0.03437995551,0.05281665268
73.39711522,0.02245899837,0.01365212775,0.03484672601,0.05328585964
73.44505586,0.02212437873,0.01245528283,0.03527305553,0.05370159769
73.4929965,0.02176865378,0.01129735375,0.03565678291,0.05406146554
73.54093714,0.02139190928,0.01018245809,0.03599574697,0.05436306191
73.58887777,0.02099423102,0.009114713435,0.03628778654,0.05460398553
73.63681841,0.02057570477,0.008098237359,0.03653074045,0.0547818351
73.68475905,0.02013641631,0.00713714744,0.03672244754,0.05489420936
73.73269968,0.01967645141,0.006235561257,0.03686074663,0.05493870701
73.78064032,0.01919589584,0.005397596389,0.03694347656,0.05491292678
73.82858096,0.01869483538,0.004627370413,0.03696847614,0.05481446738
73.87652159,0.0181733558,0.003929000909,0.03693358422,0.05464092753
73.92446223,0.01763154288,0.003306605454,0.03683663963,0.05438990596
73.97240287,0.0170694824,0.002764301628,0.03667548118,0.05405900137
74.02034351,0.01648726013,0.002306207008,0.03644794772,0.05364581249
74.06828414,0.01588496184,0.001936439173,0.03615187808,0.05314793804
74.11622478,0.01526267331,0.001659115701,0.03578511107,0.05256297673
74.16416542,0.01462048031,0.001478354172,0.03534548554,0.05188852728
74.21210605,0.01395846861,0.001398272162,0.03483084032,0.05112218842
74.26004669,0.01327672401,0.001422987252,0.03423901422,0.05026155885
74.30798733,0.01257533225,0.001556617018,0.03356784609,0.0493042373
74.35592796,0.01185437914,0.001803279041,0.03281517476,0.04824782248
74.4038686,0.01111395042,0.002167090897,0.03197883905,0.04708991312
74.45180924,0.01035413189,0.002652170165,0.03105667779,0.04582810793
74.49974987,0.009575009319,0.003262634425,0.03004652981,0.04446000563
74.54769051,0.008776668476,0.004002601254,0.02894623395,0.04298320495
74.59563115,0.00795919514,0.004876188231,0.02775362903,0.04139530458
74.64357179,0.007122675085,0.005887512933,0.02646655389,0.03969390327
74.69151242,0.006267194085,0.007040692941,0.02508284735,0.03787659972
74.73945306,0.005392837916,0.008339845831,0.02360034825,0.03594099265
74.7873937,0.004499692352,0.009789089183,0.02201689541,0.03388468078
74.83533433,0.003587843169,0.01139254057,0.02033032766,0.03170526283
74.88327497,0.00265737614,0.01315431758,0.01853848384,0.02940033752
74.93121561,0.001708377041,0.01507853779,0.01663920277,0.02696750356
74.97915624,0.0007409316468,0.01716931877,0.01463032328,0.02440435968
75.02709688,-0.0002279513538,0.01937755094,0.0125471827,0.02175399298
75.07503752,-0.001119911304,0.02145841367,0.01056264468,0.01922622265
75.12297816,-0.001926585344,0.02338348617,0.008696636708,0.01684521158
75.17091879,-0.002649680663,0.0251558091,0.006946894567,0.01460819499
75.21885943,-0.003290904447,0.02677842309,0.005311154042,0.0125124081
75.26680007,-0.003851963884,0.0282543688,0.003787150919,0.01055508614
75.3147407,-0.004334566164,0.02958668686,0.002372620981,0.008733464333
75.36268134,-0.004740418473,0.03077841793,0.001065300015,0.007044777898
75.41062198,-0.005071228001,0.03183260265,-0.0001370761967,0.005486262063
75.45856261,-0.005328701934,0.03275228166,-0.001236771868,0.00405515205
75.50650325,-0.00551454746,0.03354049562,-0.002236051215,0.002748683085
75.55444389,-0.005630471769,0.03420028517,-0.003137178453,0.00156409039
75.60238453,-0.005678182047,0.03473469095,-0.003942417797,0.0004986091891
75.65032516,-0.005659385483,0.03514675361,-0.004654033462,-0.000450525293
75.6982658,-0.005575789265,0.03543951379,-0.005274289664,-0.001286077833
75.74620644,-0.00542910058,0.03561601215,-0.005805450618,-0.002010813206
75.79414707,-0.005221026617,0.03567928933,-0.00624978054,-0.00262749619
75.84208771,-0.004953274563,0.03563238597,-0.006609543645,-0.003138891559
75.89002835,-0.004627551608,0.03547834272,-0.006887004147,-0.00354776409
75.93796898,-0.004245564938,0.03522020022,-0.007084426263,-0.00385687856
75.98590962,-0.003809021741,0.03486099913,-0.007204074208,-0.004068999744
76.03385026,-0.003319629206,0.03440378008,-0.007248212197,-0.004186892418
76.0817909,-0.002779094521,0.03385158373,-0.007219104445,-0.004213321359
76.12973153,-0.002189124874,0.03320745072,-0.007119015169,-0.004151051342
76.17767217,-0.001551427451,0.03247442169,-0.006950208582,-0.004002847144
76.22561281,-0.000867709443,0.03165553729,-0.006714948901,-0.003771473541
76.27355344,-0.000139678036,0.03075383817,-0.006415500341,-0.003459695309
76.32149408,0.0006309595815,0.02977236498,-0.006054127117,-0.003070277224
76.36943472,0.001442496221,0.02871415835,-0.005633093445,-0.002605984062
76.41737535,0.002293224696,0.02758225894,-0.005154663539,-0.002069580599
76.46531599,0.003181437817,0.02637970738,-0.004621101615,-0.001463831612
76.51325663,0.004105428396,0.02510954434,-0.00403467189,-0.0007915018761
76.56119727,0.005063489246,0.02377481045,-0.003397638577,-5.535616775e-05
76.6091379,0.006053913179,0.02237854635,-0.002712265892,0.0007418407369
76.65707854,0.007074993006,0.0209237927,-0.00198081805,0.001597324062
76.70501918,0.00812502154,0.01941359014,-0.001205559268,0.002508329031
76.75295981,0.009202291592,0.01785097932,-0.0003887537599,0.003472090868
76.80090045,0.01030509598,0.01623900088,0.0004673342587,0.004485844797
76.84884109,0.0114317275,0.01458069547,0.001360440572,0.005546826042
76.89678172,0.01258047898,0.01287910373,0.002288300966,0.006652269826
76.94472236,0.01374964323,0.01113726631,0.003248651224,0.007799411374
76.992663,0.01493751305,0.009358223861,0.004239227131,0.00898548591
77.04060364,0.01614238127,0.007545017021,0.005257764471,0.01020772866
77.08854427,0.01736254069,0.005700686439,0.00630199903,0.01146337484
77.13648491,0.01859628412,0.00382827276,0.007369666593,0.01274965968
77.18442555,0.01984190438,0.001930816631,0.008458502942,0.0140638184
77.23236618,0.02109769428,1.135869766e-05,0.009566243865,0.01540308624
77.28030682,0.02236194663,-0.001927060394,0.01069062514,0.0167646984
77.32824746,0.02363295424,-0.003881399999,0.01182938257,0.01814589012
77.37618809,0.02490900993,-0.00584861947,0.01298025191,0.01954389661
77.42412873,0.02618840651,-0.007825678161,0.01414096897,0.02095595311
77.47206937,0.02746943678,-0.009809535428,0.01530926952,0.02237929483
77.52001001,0.02875039356,-0.01179715062,0.01648288936,0.02381115701
77.56795064,0.03002956967,-0.0137854831,0.01765956426,0.02524877486
77.61589128,0.03130525791,-0.01577149222,0.01883703001,0.0266893836
77.66383192,0.0325757511,-0.01775213732,0.02001302239,0.02813021847
77.71177255,0.03383934205,-0.01972437777,0.02118527719,0.02956851469
77.75971319,0.03509432356,-0.02168517293,0.0223515302,0.03100150747
77.80765383,0.03633898846,-0.02363148213,0.02350951719,0.03242643205
77.85559446,0.03757162956,-0.02556026474,0.02465697396,0.03384052365
77.9035351,0.03879053966,-0.02746848011,0.02579163629,0.03524101749
77.95147574,0.03999401158,-0.0293530876,0.02691123995,0.03662514879
77.99941637,0.04118033814,-0.03121104656,0.02801352075,0.03799015278
78.04735701,0.04234781213,-0.03303931634,0.02909621446,0.03933326469
78.09529765,0.04349472638,-0.0348348563,0.03015705686,0.04065171973
78.14323829,0.0446193737,-0.03659462579,0.03119378374,0.04194275313
78.19117892,0.0457200469,-0.03831558417,0.03220413089,0.04320360012
78.23911956,0.04679503878,-0.03999469079,0.03318583409,0.04443149592
78.2870602,0.04784264218,-0.041628905,0.03413662912,0.04562367575
78.33500083,0.04886114988,-0.04321518616,0.03505425178,0.04677737483
78.38294147,0.04984885471,-0.04475049362,0.03593643784,0.0478898284
78.43088211,0.05080404949,-0.04623178674,0.03678092308,0.04895827167
78.47882274,0.05172502701,-0.04765602487,0.0375854433,0.04997993987
78.52676338,0.05261008009,-0.04902016736,0.03834773428,0.05095206822
78.57470402,0.05345750156,-0.05032117357,0.0390655318,0.05187189195
78.62264466,0.0542655842,-0.05155600285,0.03973657165,0.05273664627
78.67058529,0.05503262085,-0.05272161456,0.04035858961,0.05354356642
78.71852593,0.05575690431,-0.05381496806,0.04092932147,0.05428988762
78.76646657,0.05643672739,-0.05483302268,0.04144650301,0.05497284509
78.8144072,0.05707038291,-0.0557727378,0.04190787002,0.05558967406
78.86234784,0.05765616367,-0.05663107275,0.04231115827,0.05613760974
78.91028848,0.0581923625,-0.05740498691,0.04265410357,0.05661388737
78.95822911,0.05867727219,-0.05809143962,0.04293444168,0.05701574217
79.00616975,0.05910918557,-0.05868739023,0.0431499084,0.05734040935
79.05411039,0.05948639544,-0.0591897981,0.0432982395,0.05758512415
79.10205103,0.05980719462,-0.05959562258,0.04337717079,0.05774712179
79.14999166,0.06006987592,-0.05990182303,0.04338443803,0.0578236375
79.1979323,0.06028360653,-0.06012545724,0.04333205566,0.0578285078
79.24587294,0.06048470889,-0.06033364811,0.04326745716,0.05781717072
79.29381357,0.06067642858,-0.06053224122,0.04319437052,0.057794735
79.34175421,0.0608589563,-0.06072143048,0.04311250195,0.05776165205
79.38969485,0.06103248275,-0.06090140981,0.04302155768,0.05771837331
79.43763548,0.06119719862,-0.06107237312,0.04292124394,0.05766535021
79.48557612,0.06135329459,-0.06123451432,0.04281126695,0.05760303417
79.53351676,0.06150096137,-0.06138802733,0.04269133294,0.05753187663
79.5814574,0.06164038966,-0.06153310606,0.04256114814,0.05745232901
79.62939803,0.06177177013,-0.06166994442,0.04242041876,0.05736484274
79.67733867,0.0618952935,-0.06179873633,0.04226885104,0.05726986925
79.72527931,0.06201115045,-0.0619196757,0.04210615121,0.05716785997
79.77321994,0.06211953167,-0.06203295645,0.04193202548,0.05705926632
79.82116058,0.06222062787,-0.06213877248,0.04174618008,0.05694453973
79.86910122,0.06231462973,-0.06223731771,0.04154832125,0.05682413165
79.91704185,0.06240172795,-0.06232878606,0.0413381552,0.05669849348
79.96498249,0.06248211323,-0.06241337144,0.04111538816,0.05656807666
80.01292313,0.06255597626,-0.06249126776,0.04087972635,0.05643333262
80.06086377,0.06262350772,-0.06256266893,0.04063087601,0.05629471279
80.1088044,0.06268489833,-0.06262776888,0.04036854336,0.0561526686
80.15674504,0.06274033876,-0.0626867615,0.04009243463,0.05600765146
80.20468568,0.06279001973,-0.06273984072,0.03980225603,0.05586011283
80.25262631,0.06283413191,-0.06278720045,0.0394977138,0.05571050411
80.30056695,0.062872866,-0.06282903461,0.03917851416,0.05555927674
80.34850759,0.06290641271,-0.0628655371,0.03884436334,0.05540688216
80.39644822,0.06293496271,-0.06289690183,0.03849496756,0.05525377178
80.44438886,0.06295870672,-0.06292332274,0.03813003305,0.05510039703
80.4923295,0.06297783541,-0.06294499371,0.03774926604,0.05494720935
80.54027014,0.06299253949,-0.06296210868,0.03735237274,0.05479466017
80.58821077,0.06300300965,-0.06297486155,0.0369390594,0.0546432009
80.63615141,0.06300943658,-0.06298344624,0.03650903223,0.05449328298
80.68409205,0.06301201098,-0.06298805666,0.03606199745,0.05434535785
80.73203268,0.06301092354,-0.06298888672,0.0355976613,0.05419987692
80.77997332,0.06300636496,-0.06298613034,0.03511573,0.05405729162
80.82791396,0.06299852593,-0.06297998143,0.03461590978,0.05391805339
80.87585459,0.06298759715,-0.06297063391,0.03409790686,0.05378261365
80.92379523,0.0629737693,-0.06295828168,0.03356142746,0.05365142383
80.97173587,0.06295723309,-0.06294311867,0.03300617782,0.05352493537
81.0196765,0.0629381792,-0.06292533878,0.03243186416,0.05340359968
81.06761714,0.06291679834,-0.06290513592,0.0318381927,0.05328786819
81.11555778,0.06289328119,-0.06288270402,0.03122486967,0.05317819235
81.16349842,0.06286781846,-0.06285823699,0.0305916013,0.05307502356
81.21143905,0.06284060082,-0.06283192873,0.02993809382,0.05297881327
81.25937969,0.06281181899,-0.06280397316,0.02926405344,0.0528900129
81.30732033,0.06278166365,-0.0627745642,0.02856918639,0.05280907388
81.35526096,0.0627503255,-0.06274389576,0.02785319891,0.05273644764
81.4032016,0.06271799523,-0.06271216176,0.02711579721,0.0526725856
81.45114224,0.06268486354,-0.0626795561,0.02635668752,0.0526179392
81.49908287,0.06265112111,-0.06264627269,0.02557557607,0.05257295986
81.54702351,0.06261695865,-0.06261250546,0.02477216909,0.05253809902
81.59496415,0.06258256685,-0.06257844832,0.02394617279,0.05251380809
81.64290479,0.0625481364,-0.06254429518,0.02309729341,0.05250053852
81.69084542,0.062513858,-0.06251023995,0.02222523717,0.05249874172
81.73878606,0.06247992234,-0.06247647655,0.02132971029,0.05250886913
81.7867267,0.06244652012,-0.06244319889,0.02041041901,0.05253137217
81.83466733,0.06241384203,-0.06241060088,0.01946706955,0.05256670228
81.88260797,0.06238207876,-0.06237887644,0.01849936813,0.05261531088
81.93054861,0.06235142101,-0.06234821948,0.01750702098,0.0526776494
81.97848924,0.06232205947,-0.06231882391,0.01648973432,0.05275416927
82.02642988,0.06229418484,-0.06229088365,0.01544721439,0.05284532191
82.07437052,0.06226798781,-0.06226459262,0.01437916741,0.05295155876
82.12231116,0.06224365907,-0.06224014472,0.0132852996,0.05307333125
82.17025179,0.06222138933,-0.06221773386,0.01216531718,0.0532110908
82.21819243,0.06220136927,-0.06219755397,0.01101892639,0.05336528884
82.26613307,0.06218378959,-0.06217979895,0.009845833457,0.0535363768
82.3140737,0.06216884098,-0.06216466272,0.008645744596,0.05372480611
82.36201434,0.06215671413,-0.0621523392,0.007418366038,0.0539310282
82.40995498,0.06214759975,-0.06214302229,0.006163404008,0.05415549449
82.45789561,0.06214168852,-0.06213690591,0.004880564731,0.05439865642
82.50583625,0.06213917115,-0.06213418397,0.003569554435,0.05466096541
82.55377689,0.06214023831,-0.06213505039,0.002230079344,0.05494287289
82.60171753,0.06214508072,-0.06213969907,0.0008618456848,0.0552448303
82.64965816,0.06215388905,-0.06214832394,-0.0005354403172,0.05556728905
82.6975988,0.06216685401,-0.06216111891,-0.001962072436,0.05591070057
82.74553944,0.0621841663,-0.06217827788,-0.003418344446,0.05627551631
82.79348007,0.0622060166,-0.06219999478,-0.004904550121,0.05666218768
82.84142071,0.0622325956,-0.06222646352,-0.006420983236,0.05707116611
82.88936135,0.06226409401,-0.06225787801,-0.007967937564,0.05750290303
82.93730198,0.06230070252,-0.06229443216,-0.00954570688,0.05795784987
82.98524262,0.06234261182,-0.06233631989,-0.01115458496,0.05843645806
83.03318326,0.06239001261,-0.0623837351,-0.01279486557,0.05893917903
83.0811239,0.06244309558,-0.06243687173,-0.0144668425,0.0594664642
83.12906453,0.06250205142,-0.06249592367,-0.0161708095,0.060018765
83.17700517,0.06256707083,-0.06256108484,-0.01790706037,0.06059653287
83.22494581,0.06263834451,-0.06263254916,-0.01967588887,0.06120021923
83.27288644,0.06271606314,-0.06271051053,-0.02147758878,0.06183027551
83.32082708,0.06280041742,-0.06279516288,-0.02331245387,0.06248715314
83.36876772,0.06288692085,-0.06288200205,-0.0251564778,0.06314495289
83.41670835,0.06296394793,-0.06295935143,-0.02694856349,0.06373752655
83.46464899,0.06303119841,-0.06302690853,-0.0286864529,0.06426250269
83.51258963,0.06308895572,-0.06308495711,-0.03037092043,0.06472079761
83.56053027,0.06313750329,-0.06313378094,-0.0320027405,0.06511332762
83.6084709,0.06317712456,-0.06317366377,-0.03358268752,0.065441009
83.65641154,0.06320810296,-0.06320488938,-0.03511153591,0.06570475806
83.70435218,0.06323072191,-0.06322774152,-0.03659006007,0.06590549109
83.75229281,0.06324526485,-0.06324250396,-0.03801903442,0.06604412439
83.80023345,0.06325201521,-0.06324946046,-0.03939923338,0.06612157426
83.84817409,0.06325125642,-0.06324889478,-0.04073143134,0.06613875699
83.89611472,0.06324327191,-0.06324109068,-0.04201640273,0.06609658888
83.94405536,0.06322834512,-0.06322633193,-0.04325492196,0.06599598622
83.991996,0.06320675947,-0.0632049023,-0.04444776344,0.06583786533
84.03993663,0.06317879839,-0.06317708553,-0.04559570158,0.06562314248
84.08787727,0.06314474533,-0.0631431654,-0.04669951079,0.06535273398
84.13581791,0.06310488369,-0.06310342567,-0.04775996549,0.06502755612
84.18375855,0.06305949693,-0.0630581501,-0.04877784009,0.06464852521
84.23169918,0.06300886847,-0.06300762245,-0.049753909,0.06421655753
84.27963982,0.06295328174,-0.06295212648,-0.05068894663,0.06373256939
84.32758046,0.06289302017,-0.06289194597,-0.0515837274,0.06319747708
84.37552109,0.06282836719,-0.06282736467,-0.05243902572,0.0626121969
84.42346173,0.06275960624,-0.06275866634,-0.053255616,0.06197764515
84.47140237,0.06268702075,-0.06268613475,-0.05403427265,0.06129473812
84.519343,0.06261089414,-0.06261005365,-0.05477577008,0.06056439211
84.56728364,0.06253150985,-0.06253070682,-0.05548088271,0.05978752342
84.61522428,0.0624491513,-0.06244837801,-0.05615038495,0.05896504835
84.66316492,0.06236410194,-0.06236335099,-0.05678505122,0.05809788318
84.71110555,0.06227664519,-0.06227590952,-0.05738565591,0.05718694422
84.75904619,0.06218706449,-0.06218633737,-0.05795297346,0.05623314777
84.80698683,0.06209564325,-0.06209491828,-0.05848777826,0.05523741012
84.85492746,0.06200266492,-0.06200193604,-0.05899084473,0.05420064756
84.9028681,0.06190841293,-0.06190767439,-0.05946294729,0.05312377641
84.95080874,0.0618131707,-0.06181241711,-0.05990486034,0.05200771294
84.99874937,0.06171722168,-0.06171644796,-0.0603173583,0.05085337347
85.04669001,0.06162084928,-0.06162005069,-0.06070121557,0.04966167428
85.09463065,0.06152433694,-0.06152350907,-0.06105720659,0.04843353168
85.14257129,0.0614279681,-0.06142710687,-0.06138610574,0.04716986195
85.19051192,0.06133202617,-0.06133112784,-0.06168868745,0.04587158141
85.23845256,0.06123679461,-0.06123585576,-0.06196572613,0.04453960633
85.2863932,0.06114255682,-0.06114157437,-0.0622179962,0.04317485303
85.33433383,0.06104959626,-0.06104856745,-0.06244627205,0.0417782378
85.38227447,0.06095819634,-0.06095711876,-0.06265132811,0.04035067693
85.43021511,0.0608686405,-0.06086751205,-0.06283393879,0.03889308673
85.47815574,0.06078121217,-0.0607800311,-0.0629948785,0.03740638348
85.52609638,0.06069619478,-0.06069495966,-0.06313492166,0.03589148349
85.57403702,0.06061387176,-0.0606125815,-0.06325484267,0.03434930305
85.62197766,0.06053452655,-0.06053318038,-0.06335541594,0.03278075846
85.66991829,0.06045844257,-0.06045704007,-0.0634374159,0.03118676602
85.71785893,0.06038590326,-0.06038444432,-0.06350161694,0.02956824203
85.76579957,0.06031719204,-0.06031567689,-0.06354879349,0.02792610277
85.8137402,0.06025259236,-0.06025102156,-0.06357971996,0.02626126455
85.86168084,0.06019238763,-0.06019076208,-0.06359517076,0.02457464367
85.90962148,0.06013686129,-0.06013518222,-0.06359592029,0.02286715641
85.95756211,0.06008629677,-0.06008456574,-0.06358274298,0.02113971909
86.00550275,0.06004097751,-0.0600391964,-0.06355641324,0.01939324799
86.05344339,0.06000118693,-0.05999935796,-0.06351770547,0.01762865941
86.10138403,0.05996720846,-0.05996533419,-0.0634673941,0.01584686966
86.14932466,0.05993932554,-0.05993740885,-0.06340625352,0.01404879502
86.1972653,0.0599178216,-0.0599158657,-0.06333505816,0.01223535179
86.24520594,0.05990298006,-0.0599009885,-0.06325458243,0.01040745627
86.29314657,0.05989508437,-0.05989306103,-0.06316560074,0.008566024759
86.34108721,0.05989441795,-0.05989236703,-0.0630688875,0.006711973552
86.38902785,0.05990126423,-0.05989919027,-0.06296521712,0.004846218946
86.43696848,0.05991590664,-0.05991381453,-0.06285536402,0.002969677238
86.48490912,0.05993862861,-0.05993652355,-0.0627401026,0.001083264725
86.53284976,0.05996971358,-0.05996760109,-0.06262020729,-0.0008121022965
86.5807904,0.06000944498,-0.06000733094,-0.06249645249,-0.002715507529
86.62873103,0.06005810624,-0.06005599684,-0.06236961262,-0.004626034677
86.67667167,0.06011598078,-0.06011388256,-0.06224046208,-0.006542767441
86.72461231,0.06018335204,-0.06018127185,-0.06210977529,-0.008464789527
86.77255294,0.06026050346,-0.0602584485,-0.06197832666,-0.01039118464
86.82049358,0.06034771846,-0.06034569625,-0.06184689061,-0.01232103647
86.86843422,0.06044528047,-0.06044329887,-0.06171624155,-0.01425342874
86.91637485,0.06055347292,-0.06055154012,-0.06158715388,-0.01618744513
86.96431549,0.06067257926,-0.06067070376,-0.06146040203,-0.01812216937
87.01225613,0.06080288289,-0.06080107357,-0.0613367604,-0.02005668514
87.06019677,0.06094466727,-0.06094293329,-0.0612170034,-0.02199007615
87.1081374,0.06109821582,-0.0610965667,-0.06110190545,-0.02392142611
87.15607804,0.06126381196,-0.06126225755,-0.06099224097,-0.02584981872
87.20401868,0.06144173914,-0.0614402896,-0.06088878435,-0.02777433768
87.25195931,0.06163228078,-0.06163094663,-0.06079231002,-0.02969406669
87.29989995,0.06183572031,-0.0618345124,-0.06070359239,-0.03160808946
87.34784059,0.06205234117,-0.06205127065,-0.06062340587,-0.03351548969
87.39578122,0.06228242679,-0.06228150517,-0.06055252486,-0.03541535109
87.44372186,0.06252626059,-0.06252549971,-0.0604917238,-0.03730675734
87.4916625,0.06278412601,-0.06278353803,-0.06044177707,-0.03918879217
87.53960313,0.06304095507,-0.06304054282,-0.06040787511,-0.04103491281
87.58754377,0.06326838681,-0.06326813527,-0.06039781782,-0.04279731537
87.63548441,0.06346658807,-0.06346648219,-0.06041023917,-0.04447655228
87.68342505,0.06363640896,-0.06363643409,-0.06044356554,-0.04607432497
87.73136568,0.06377869956,-0.06377884147,-0.06049622335,-0.04759233487
87.77930632,0.06389430997,-0.06389455483,-0.06056663897,-0.04903228343
87.82724696,0.06398409027,-0.06398442466,-0.0606532388,-0.05039587206
87.87518759,0.06404889058,-0.06404930148,-0.06075444925,-0.0516848022
87.92312823,0.06408956097,-0.06409003577,-0.06086869671,-0.05290077527
87.97106887,0.06410695155,-0.06410747803,-0.06099440757,-0.05404549272
88.0190095,0.0641019124,-0.06410247878,-0.06113000823,-0.05512065598
88.06695014,0.06407529363,-0.06407588851,-0.06127392509,-0.05612796646
88.11489078,0.06402794532,-0.06402855771,-0.06142458454,-0.05706912561
88.16283142,0.06396071757,-0.06396133689,-0.06158041297,-0.05794583486
88.21077205,0.06387446047,-0.06387507655,-0.06173983679,-0.05875979563
88.25871269,0.06377002413,-0.06377062719,-0.06190128239,-0.05951270937
88.30665333,0.06364825862,-0.06364883931,-0.06206317616,-0.06020627749
88.35459396,0.06351001405,-0.0635105634,-0.0622239445,-0.06084220144
88.4025346,0.06335614051,-0.06335664998,-0.0623820138,-0.06142218263
88.45047524,0.06318748809,-0.06318794954,-0.06253581047,-0.06194792251
88.49841587,0.06300490689,-0.06300531257,-0.0626837609,-0.06242112251
88.54635651,0.062809247,-0.06280958959,-0.06282429148,-0.06284348405
88.59429715,0.06260135852,-0.06260163108,-0.06295582861,-0.06321670857
88.64223779,0.06238209153,-0.06238228755,-0.06307679868,-0.0635424975
88.69017842,0.06215229614,-0.06215240951,-0.06318562809,-0.06382255227
88.73811906,0.06191282244,-0.06191284744,-0.06328074324,-0.0640585743
88.7860597,0.06166452052,-0.06166445185,-0.06336057053,-0.06425226505
88.83400033,0.06140824047,-0.06140807325,-0.06342353634,-0.06440532592
88.88194097,0.06114483239,-0.06114456212,-0.06346806707,-0.06451945836
88.92988161,0.06087514638,-0.06087476897,-0.06349258913,-0.0645963638
88.97782224,0.06060003253,-0.06059954431,-0.0634955289,-0.06463774366
89.02576288,0.06032034092,-0.06031973863,-0.06347531278,-0.06464529938
89.07370352,0.06003692166,-0.06003620242,-0.06343036717,-0.0646207324
89.12164416,0.05975062484,-0.0597497862,-0.06335911846,-0.06456574413
89.16958479,0.05946230056,-0.05946134046,-0.06325999305,-0.06448203602
89.21752543,0.0591727989,-0.0591717157,-0.06313141733,-0.06437130948
89.26546607,0.05888296996,-0.05888176242,-0.06297181771,-0.06423526597
89.3134067,0.05859366384,-0.05859233112,-0.06277962057,-0.0640756069
89.36134734,0.05830573063,-0.0583042723,-0.06255325231,-0.06389403371
89.40928798,0.05802002042,-0.05801843647,-0.06229113933,-0.06369224783
89.45722861,0.05773738331,-0.05773567412,-0.06199170802,-0.06347195068
89.50516925,0.05745866939,-0.05745683575,-0.06165338479,-0.06323484371
89.55310989,0.05718472875,-0.05718277186,-0.06127459601,-0.06298262834
89.60105053,0.0569164115,-0.05691433295,-0.0608537681,-0.06271700601
89.64899116,0.05665456772,-0.05665236952,-0.06038932745,-0.06243967813
89.6969318,0.0564000475,-0.05639773208,-0.05987970044,-0.06215234616
89.74487244,0.05615370095,-0.05615127112,-0.05932331349,-0.06185671151
89.79281307,0.05591637815,-0.05591383715,-0.05871859298,-0.06155447562
89.84075371,0.0556889292,-0.05568628065,-0.05806396531,-0.06124733993
89.88869435,0.0554722042,-0.05546945214,-0.05735785687,-0.06093700585
89.93663498,0.05526705323,-0.05526420211,-0.05659869407,-0.06062517482
89.98457562,0.0550743264,-0.05507138106,-0.0557849033,-0.06031354828
90.03251626,0.05489487379,-0.0548918395,-0.05491491094,-0.06000382766
90.0804569,0.05472954549,-0.05472642792,-0.05398714341,-0.05969771438
90.12839753,0.05457919162,-0.05457599683,-0.05300002709,-0.05939690987
90.17633817,0.05444466224,-0.05444139671,-0.05195198838,-0.05910311558
90.22427881,0.05432680748,-0.05432347809,-0.05084145367,-0.05881803293
90.27221944,0.0542264774,-0.05422309144,-0.04966684937,-0.05854336334
90.32016008,0.05414452212,-0.05414108728,-0.04842660187,-0.05828080826
90.36810072,0.05408179172,-0.0540783161,-0.04711913756,-0.05803206912
90.41604135,0.05403913629,-0.05403562841,-0.04574288284,-0.05779884733
90.46398199,0.05401740594,-0.0540138747,-0.0442962641,-0.05758284435
90.51192263,0.05401745075,-0.05401390548,-0.04277770775,-0.05738576159
90.55986326,0.05404012082,-0.05403657124,-0.04118564017,-0.05720930049
90.6078039,0.05408626625,-0.05408272248,-0.03951848776,-0.05705516248
90.65574454,0.05415673712,-0.05415320971,-0.03777467692,-0.05692504899
90.70368518,0.05425238353,-0.05424888343,-0.03595263405,-0.05682066146
90.75162581,0.05437405558,-0.05437059413,-0.03405078554,-0.05674370131
90.79956645,0.05452260336,-0.05451919231,-0.03206755778,-0.05669586997
90.84750709,0.05469887696,-0.05469552848,-0.03000137717,-0.05667886888
90.89544772,0.05490372648,-0.05490045314,-0.02785067011,-0.05669439946
90.94338836,0.05513800201,-0.05513481678,-0.025613863,-0.05674416316
90.991329,0.05540255365,-0.0553994699,-0.02328938222,-0.05682986139
91.03926963,0.05569823148,-0.05569526302,-0.02087565418,-0.0569531956
91.08721027,0.05602588561,-0.05602304661,-0.01837110527,-0.05711586721
91.13515091,0.05638636612,-0.0563836712,-0.01577416188,-0.05731957765
91.18309155,0.05678052312,-0.05677798727,-0.01308325042,-0.05756602836
91.23103218,0.05720920669,-0.05720684532,-0.01029679727,-0.05785692076
91.27897282,0.05767326693,-0.05767109587,-0.007413228837,-0.05819395629
91.32691346,0.05817355394,-0.05817158939,-0.004430971514,-0.05857883638
91.37485409,0.0587109178,-0.05870917641,-0.001348451696,-0.05901326246
91.42279473,0.05928620861,-0.05928470741,0.001835904221,-0.05949893596
91.47073537,0.05990027647,-0.0598990329,0.005123669841,-0.06003755832
91.518676,0.06055397146,-0.06055300338,0.008516418768,-0.06063083095
91.56661664,0.06124814369,-0.06124746934,0.01201572461,-0.0612804553
91.61455728,0.06198364325,-0.06198328129,0.01562316096,-0.0619881328
91.66249792,0.06276132023,-0.06276128972,0.01934030144,-0.06275556488
91.71043855,0.0635279752,-0.0635282809,0.02304343865,-0.06352257678
91.75837919,0.06420989911,-0.06421052562,0.02656109465,-0.06420491241
91.80631983,0.0648083866,-0.06480931866,0.02989549453,-0.06480379674
91.85426046,0.06532522374,-0.06532644638,0.03305000197,-0.06532101608
91.9022011,0.06576219661,-0.06576369511,0.03602798066,-0.06575835675
91.95014174,0.06612109128,-0.0661228512,0.03883279428,-0.06611760504
91.99808237,0.06640369382,-0.06640570099,0.04146780651,-0.06640054728
92.04602301,0.06661179031,-0.06661403084,0.04393638103,-0.06660896978
92.09396365,0.06674716681,-0.06674962708,0.04624188153,-0.06674465884
92.14190429,0.06681160941,-0.06681427606,0.04838767169,-0.06680940077
92.18984492,0.06680690417,-0.06680976413,0.05037711518,-0.0668049819
92.23778556,0.06673483717,-0.06673787763,0.0522135757,-0.06673318852
92.2857262,0.06659719447,-0.0666004029,0.05390041693,-0.06659580695
92.33366683,0.06639576215,-0.06639912629,0.05544100254,-0.0663946235
92.38160747,0.06613232629,-0.06613583415,0.05683869623,-0.06613142448
92.42954811,0.06580867296,-0.06581231282,0.05809686166,-0.06580799621
92.47748874,0.06542658822,-0.06543034864,0.05921886253,-0.06542612498
92.52542938,0.06498785816,-0.06499172797,0.06020806252,-0.06498759712
92.57337002,0.06449426884,-0.06449823713,0.06106782531,-0.06449419894
92.62131066,0.06394760634,-0.06395166249,0.06180151458,-0.06394771674
92.66925129,0.06334965673,-0.06335379039,0.06241249402,-0.06334993684
92.71719193,0.06270220608,-0.06270640716,0.0629041273,-0.06270264554
92.76513257,0.06200704047,-0.06201129916,0.06327977812,-0.06200762917
92.8130732,0.06126594596,-0.06127025273,0.06354281014,-0.06126667402
92.86101384,0.06048070864,-0.06048505421,0.06369658706,-0.06048156642
92.90895448,0.05965311457,-0.05965748995,0.06374447256,-0.05965409266
92.95689511,0.05878494982,-0.0587893463,0.06368983032,-0.05878603907
93.00483575,0.05787800047,-0.0578824096,0.06353602402,-0.05787919195
93.05277639,0.0569340526,-0.05693846619,0.06328641734,-0.05693533761
93.10071703,0.05595489227,-0.05595930242,0.06294437397,-0.05595626237
93.14865766,0.05494230555,-0.05494670463,0.06251325759,-0.05494375254
93.1965983,0.05389807852,-0.05390245918,0.06199643188,-0.05389959442
93.24453894,0.05282399726,-0.0528283524,0.06139726052,-0.05282557433
93.29247957,0.05172184783,-0.05172617064,0.0607191072,-0.05172347858
93.34042021,0.05059341631,-0.05059770024,0.0599653356,-0.05059509348
93.38836085,0.04944048877,-0.04944472755,0.0591393094,-0.04944220534
93.43630148,0.04826485128,-0.04826903892,0.05824439229,-0.04826660047
93.48424212,0.04706828992,-0.04707242069,0.05728394794,-0.04707006519
93.53218276,0.04585259075,-0.0458566592,0.05626134004,-0.04585438579
93.5801234,0.04461953985,-0.0446235408,0.05517993227,-0.0446213486
93.62806403,0.0433709233,-0.04337485183,0.05404308831,-0.04337273993
93.67600467,0.04210852717,-0.04211237864,0.05285417185,-0.04211034609
93.72394531,0.04083413752,-0.04083790758,0.05161654657,-0.04083595338
93.77188594,0.03954954043,-0.03955322498,0.05033357615,-0.03955134811
93.81982658,0.03825652198,-0.0382601172,0.04900862427,-0.03825831661
93.86776722,0.03695686824,-0.03696037058,0.04764505462,-0.03695864518
93.91570785,0.03565236527,-0.03565577146,0.04624623088,-0.03565412013
93.96364849,0.03434479916,-0.03434810619,0.04481551672,-0.03434652777
94.01158913,0.03303595597,-0.03303916112,0.04335627584,-0.03303765441
94.05952976,0.03172762178,-0.03173072258,0.04187187192,-0.03172928637
94.1074704,0.03042158266,-0.03042457693,0.04036566863,-0.03042320995
94.15541104,0.02911962468,-0.0291225105,0.03884102966,-0.02912121147
94.20335168,0.02782353392,-0.02782630965,0.0373013187,-0.02782507723
94.25129231,0.02653509644,-0.02653776072,0.03574989942,-0.02653659356
94.29923295,0.02525609833,-0.02525865005,0.03419013551,-0.02525754675
94.34717359,0.02398832565,-0.02399076399,0.03262539064,-0.02398972312
94.39511422,0.02273356447,-0.02273588888,0.03105902851,-0.02273490898
94.44305486,0.02149360088,-0.02149581108,0.0294944128,-0.02149489064
94.4909955,0.02027022093,-0.02027231691,0.02793490718,-0.02027145441
94.53893613,0.01906521071,-0.01906719273,0.02638387534,-0.01906638661
94.58687677,0.01788035629,-0.01788222489,0.02484468096,-0.01788147354
94.63481741,0.01671744373,-0.01671919972,0.02332068773,-0.01671850151
94.68275805,0.01557825912,-0.01557990358,0.02181525933,-0.01557925684
94.73069868,0.01446458852,-0.01446612281,0.02033175943,-0.01446552584
94.77863932,0.01337821801,-0.01337964375,0.01887355173,-0.01337909482
94.82657996,0.01232093366,-0.01232225274,0.0174439999,-0.01232175008
94.87452059,0.01129452155,-0.01129573614,0.01604646763,-0.01129527795
94.92246123,0.01030076773,-0.01030188029,0.01468431859,-0.01030146472
94.97040187,0.0093414583,-0.009342471531,0.01336091648,-0.009342096717
95.0183425,0.008418379317,-0.008419296209,0.01207962497,-0.008418960246
95.06628314,0.007533316858,-0.007534140671,0.01084380775,-0.007533841618
95.11422378,0.006688056995,-0.00668879126,0.009656828495,-0.006688527145
95.16216442,0.005884385801,-0.005885034321,0.008522050893,-0.005884803137
95.21010505,0.005124089348,-0.005124656201,0.007442838624,-0.005124455905
95.25804569,0.004408953709,-0.004409443243,0.006422555372,-0.00440927176
95.30598633,0.003740764957,-0.003741181793,0.005464564818,-0.003741037013
95.35392696,0.003121309165,-0.003121658195,0.004572230645,-0.003121537976
95.4018676,0.002552372405,-0.002552658795,0.003748916535,-0.002552560958
95.44980824,0.002035740749,-0.002035969937,0.002997986171,-0.002035892271
95.49774887,0.001573200271,-0.001573377967,0.002322803235,-0.001573318226
95.54568951,0.001166537043,-0.001166669229,0.00172673141,-0.001166625134
95.59363015,0.0008175371385,-0.0008176300687,0.001213134378,-0.0008175993051
95.64157079,0.0005279866291,-0.0005280468305,0.000785375822,-0.0005280270511
95.68951142,0.0002996715879,-0.0002997058596,0.0004468194235,-0.0002996946826
95.73745206,0.0001343780875,-0.0001343935009,0.0002008288654,-0.0001343885107
95.7853927,3.389220065e-05,-3.389609939e-05,5.076783009e-05,-3.389484616e-05
95.83333333,0,0,0,0
