time_ns,u_X1,u_Y1,u_X2,u_Y2
0,0,0,0,0
0.04585626146,1.320370302e-05,-1.391368154e-05,-7.789042185e-06,7.789043719e-06
0.09171252293,5.252444027e-05,-5.534336304e-05,-3.102588436e-05,3.102589046e-05
0.1375687844,0.000117526654,-0.0001238219998,-6.951509997e-05,6.951511359e-05
0.1834250459,0.0002077747865,-0.0002188825472,-0.0001230612624,0.0001230612865
0.2292813073,0.0003228332801,-0.0003400579606,-0.0001914689452,0.0001914689826
0.2751375688,0.000462266577,-0.0004868811951,-0.0002745427217,0.0002745427751
0.3209938302,0.0006256391194,-0.0006588852063,-0.0003720871654,0.0003720872376
0.3668500917,0.0008125153498,-0.0008556029493,-0.0004839068497,0.0004839069434
0.4127063532,0.00102245971,-0.00107656738,-0.0006098063481,0.0006098064658
0.4585626146,0.001255036643,-0.001321311452,-0.0007495902339,0.0007495903782
0.5044188761,0.001509810591,-0.001589368123,-0.0009030630807,0.000903063254
0.5502751376,0.001786345995,-0.001880270347,-0.001070029462,0.001070029667
0.596131399,0.002084207299,-0.002193551079,-0.001250293951,0.001250294189
0.6419876605,0.002402958945,-0.002528743276,-0.001443661121,0.001443661396
0.687843922,0.002742165374,-0.002885379891,-0.001649935546,0.001649935859
0.7337001834,0.003101391029,-0.003262993881,-0.001868921798,0.001868922152
0.7795564449,0.003480200352,-0.0036611182,-0.002100424453,0.002100424849
0.8254127064,0.003878157786,-0.004079285805,-0.002344248082,0.002344248523
0.8712689678,0.004294827774,-0.00451702965,-0.00260019726,0.002600197748
0.9171252293,0.004729774756,-0.004973882691,-0.00286807656,0.002868077096
0.9629814907,0.005182563175,-0.005449377884,-0.003147690555,0.003147691142
1.008837752,0.005652757475,-0.005943048182,-0.003438843818,0.003438844458
1.054694014,0.006139922096,-0.006454426542,-0.003741340924,0.003741341618
1.100550275,0.006643621482,-0.00698304592,-0.004054986446,0.004054987195
1.146406537,0.007163420074,-0.007528439269,-0.004379584956,0.004379585763
1.192262798,0.007698882315,-0.008090139547,-0.004714941029,0.004714941895
1.23811906,0.008249572647,-0.008667679707,-0.005060859238,0.005060860164
1.283975321,0.008815055512,-0.009260592706,-0.005417144156,0.005417145144
1.329831582,0.009394895353,-0.009868411498,-0.005783600357,0.005783601408
1.375687844,0.009988656612,-0.01049066904,-0.006160032414,0.00616003353
1.421544105,0.01059590373,-0.01112689829,-0.0065462449,0.006546246083
1.467400367,0.01121620115,-0.01177663219,-0.00694204239,0.00694204364
1.513256628,0.01184911332,-0.01243940371,-0.007347229456,0.007347230774
1.55911289,0.01249420467,-0.0131147458,-0.007761610673,0.00776161206
1.604969151,0.01315103965,-0.01380219142,-0.008184990612,0.00818499207
1.650825413,0.01381918271,-0.01450127352,-0.008617173849,0.008617175378
1.696681674,0.01449819828,-0.01521152505,-0.009057964956,0.009057966557
1.742537936,0.0151876508,-0.01593247897,-0.009507168506,0.00950717018
1.788394197,0.01588710472,-0.01666366825,-0.009964589074,0.009964590822
1.834250459,0.01659612449,-0.01740462582,-0.01043003123,0.01043003305
1.88010672,0.01731427453,-0.01815488465,-0.01090329955,0.01090330145
1.925962981,0.0180411193,-0.0189139777,-0.01138419861,0.01138420059
1.971819243,0.01877622324,-0.01968143791,-0.01187253298,0.01187253503
2.017675504,0.01951915079,-0.02045679824,-0.01236810724,0.01236810937
2.063531766,0.02026946639,-0.02123959166,-0.01287072595,0.01287072816
2.109388027,0.02102673449,-0.02202935111,-0.01338019369,0.01338019598
2.155244289,0.02179051952,-0.02282560955,-0.01389631504,0.0138963174
2.20110055,0.02256038593,-0.02362789993,-0.01441889457,0.01441889701
2.246956812,0.02333589816,-0.02443575521,-0.01494773685,0.01494773936
2.292813073,0.02411662065,-0.02524870835,-0.01548264645,0.01548264905
2.338669335,0.02490211785,-0.0260662923,-0.01602342795,0.01602343063
2.384525596,0.0256919542,-0.02688804002,-0.01656988592,0.01656988868
2.430381858,0.02648569414,-0.02771348446,-0.01712182494,0.01712182777
2.476238119,0.02728290211,-0.02854215857,-0.01767904958,0.01767905249
2.522094381,0.02808314256,-0.02937359532,-0.01824136441,0.0182413674
2.567950642,0.02888597992,-0.03020732765,-0.018808574,0.01880857707
2.613806903,0.02969097864,-0.03104288853,-0.01938048294,0.01938048608
2.659663165,0.03049770316,-0.0318798109,-0.01995689578,0.019956899
2.705519426,0.03130571793,-0.03271762773,-0.02053761711,0.02053762041
2.751375688,0.03211458739,-0.03355587197,-0.02112245151,0.02112245488
2.797231949,0.03292387597,-0.03439407657,-0.02171120353,0.02171120698
2.843088211,0.03373314812,-0.03523177449,-0.02230367776,0.02230368128
2.888944472,0.03454196829,-0.03606849868,-0.02289967877,0.02289968237
2.934800734,0.03534990091,-0.0369037821,-0.02349901113,0.0234990148
2.980656995,0.03615651043,-0.03773715771,-0.02410147942,0.02410148317
3.026513257,0.03696136128,-0.03856815846,-0.02470688821,0.02470689203
3.072369518,0.03776401792,-0.03939631731,-0.02531504207,0.02531504596
3.11822578,0.03856404479,-0.04022116721,-0.02592574558,0.02592574954
3.164082041,0.03936100632,-0.04104224111,-0.02653880331,0.02653880734
3.209938302,0.04015446696,-0.04185907198,-0.02715401983,0.02715402393
3.255794564,0.04094399115,-0.04267119276,-0.02777119972,0.02777120389
3.301650825,0.04172914334,-0.04347813641,-0.02839014755,0.02839015178
3.347507087,0.04250948796,-0.0442794359,-0.0290106679,0.02901067219
3.393363348,0.04328458945,-0.04507462416,-0.02963256533,0.02963256969
3.43921961,0.04405401227,-0.04586323417,-0.03025564442,0.03025564884
3.485075871,0.04481732085,-0.04664479887,-0.03087970975,0.03087971423
3.530932133,0.04557407964,-0.04741885122,-0.03150456588,0.03150457042
3.576788394,0.04632385307,-0.04818492417,-0.0321300174,0.03213002199
3.622644656,0.04706620559,-0.04894255068,-0.03275586887,0.03275587352
3.668500917,0.04780070165,-0.04969126371,-0.03338192487,0.03338192957
3.714357179,0.04852690568,-0.05043059621,-0.03400798997,0.03400799472
3.76021344,0.04924438212,-0.05116008113,-0.03463386874,0.03463387355
3.806069702,0.04995269542,-0.05187925144,-0.03525936577,0.03525937062
3.851925963,0.05065141003,-0.05258764008,-0.03588428561,0.03588429051
3.897782224,0.05134009037,-0.05328478001,-0.03650843285,0.0365084378
3.943638486,0.0520183009,-0.05397020419,-0.03713161206,0.03713161705
3.989494747,0.05268560606,-0.05464344557,-0.03775362781,0.03775363284
4.035351009,0.05334157029,-0.05530403711,-0.03837428468,0.03837428974
4.08120727,0.05398575803,-0.05595151177,-0.03899338723,0.03899339233
4.127063532,0.05461773373,-0.05658540249,-0.03961074005,0.03961074518
4.172919793,0.05523706182,-0.05720524223,-0.0402261477,0.04022615287
4.218776055,0.05584330675,-0.05781056396,-0.04083941477,0.04083941996
4.264632316,0.05643603296,-0.05840090061,-0.04145034581,0.04145035103
4.310488578,0.0570148049,-0.05897578516,-0.04205874541,0.04205875065
4.356344839,0.057579187,-0.05953475056,-0.04266441814,0.04266442341
4.402201101,0.05812874371,-0.06007732975,-0.04326716858,0.04326717386
4.448057362,0.05866303947,-0.0606030557,-0.04386680129,0.04386680658
4.493913623,0.05918163872,-0.06111146136,-0.04446312085,0.04446312616
4.539769885,0.05968410591,-0.06160207968,-0.04505593183,0.04505593715
4.585626146,0.06017000547,-0.06207444363,-0.04564503881,0.04564504414
4.631482408,0.06063890185,-0.06252808616,-0.04623024636,0.04623025169
4.677338669,0.0610903595,-0.06296254021,-0.04681135906,0.04681136439
4.723194931,0.06152394285,-0.06337733876,-0.04738818147,0.0473881868
4.769051192,0.06193921634,-0.06377201474,-0.04796051817,0.04796052349
4.814907454,0.06233574443,-0.06414610113,-0.04852817374,0.04852817905
4.860763715,0.06271309154,-0.06449913087,-0.04909095274,0.04909095804
4.906619977,0.06307082213,-0.06483063692,-0.04964865975,0.04964866504
4.952476238,0.06340850063,-0.06514015223,-0.05020109935,0.05020110462
4.9983325,0.06372569149,-0.06542720976,-0.05074807611,0.05074808135
5.044188761,0.06402195915,-0.06569134247,-0.05128939459,0.05128939981
5.090045023,0.06429686805,-0.0659320833,-0.05182485938,0.05182486457
5.135901284,0.06454998264,-0.06614896522,-0.05235427505,0.05235428021
5.181757545,0.06478086735,-0.06634152119,-0.05287744617,0.05287745129
5.227613807,0.06498908664,-0.06650928415,-0.05339417732,0.0533941824
5.273470068,0.06517420493,-0.06665178706,-0.05390427306,0.0539042781
5.31932633,0.06533578668,-0.06676856287,-0.05440753798,0.05440754297
5.365182591,0.06547339632,-0.06685914455,-0.05490377664,0.05490378157
5.411038853,0.0655865983,-0.06692306505,-0.05539279362,0.0553927985
5.456895114,0.06567495706,-0.06695985732,-0.05587439349,0.05587439831
5.502751376,0.06573803705,-0.06696905431,-0.05634838083,0.05634838558
5.548607637,0.0657754027,-0.06695018899,-0.0568145602,0.05681456489
5.594463899,0.06578661845,-0.06690279431,-0.05727273619,0.0572727408
5.64032016,0.06577124876,-0.06682640323,-0.05772271336,0.0577227179
5.686176422,0.06572885805,-0.06672054869,-0.0581642963,0.05816430075
5.732032683,0.06565901078,-0.06658476366,-0.05859728956,0.05859729393
5.777888944,0.06556127139,-0.06641858108,-0.05902149773,0.05902150201
5.823745206,0.06543520432,-0.06622153392,-0.05943672538,0.05943672957
5.869601467,0.065280374,-0.06599315514,-0.05984277709,0.05984278117
5.915457729,0.06509634489,-0.06573297768,-0.06023945742,0.0602394614
5.96131399,0.06488268143,-0.0654405345,-0.06062657095,0.06062657482
6.007170252,0.06463894805,-0.06511535855,-0.06100392225,0.06100392601
6.053026513,0.0643647092,-0.0647569828,-0.0613713159,0.06137131954
6.098882775,0.06405952933,-0.0643649402,-0.06172855647,0.06172855999
6.144739036,0.06372297287,-0.0639387637,-0.06207544854,0.06207545192
6.190595298,0.06335460426,-0.06347798625,-0.06241179667,0.06241179992
6.236451559,0.06295398796,-0.06298214082,-0.06273740544,0.06273740855
6.282307821,0.06252068839,-0.06245076036,-0.06305207942,0.06305208239
6.328164082,0.06205427001,-0.06188337782,-0.0633556232,0.06335562602
6.374020344,0.06155429726,-0.06127952616,-0.06364784133,0.063647844
6.419876605,0.06102033457,-0.06063873834,-0.0639285384,0.06392854091
6.465732866,0.06045194639,-0.0599605473,-0.06419751897,0.06419752132
6.511589128,0.05984869717,-0.05924448601,-0.06445458763,0.0644545898
6.557445389,0.05921015134,-0.05849008742,-0.06469954894,0.06469955094
6.603301651,0.05853587335,-0.05769688449,-0.06493220748,0.06493220929
6.649157912,0.05782542764,-0.05686441017,-0.06515236782,0.06515236944
6.695014174,0.05707837865,-0.05599219741,-0.06535983453,0.06535983597
6.740870435,0.05629429082,-0.05507977918,-0.0655544122,0.06555441343
6.786726697,0.0554727286,-0.05412668842,-0.06573590538,0.06573590641
6.832582958,0.05461325643,-0.05313245809,-0.06590411866,0.06590411948
6.87843922,0.05371543875,-0.05209662116,-0.06605885661,0.06605885721
6.924295481,0.05277884,-0.05101871056,-0.0661999238,0.06619992418
6.970151743,0.05180302463,-0.04989825927,-0.0663271248,0.06632712496
7.016008004,0.05078755707,-0.04873480022,-0.0664402642,0.06644026412
7.061864265,0.04973200178,-0.04752786639,-0.06653914656,0.06653914623
7.107720527,0.04863592319,-0.04627699072,-0.06662357645,0.06662357588
7.153576788,0.04749888574,-0.04498170617,-0.06669335845,0.06669335762
7.19943305,0.04632045388,-0.0436415457,-0.06674829713,0.06674829605
7.245289311,0.04510019204,-0.04225604226,-0.06678819707,0.06678819572
7.291145573,0.04383766468,-0.0408247288,-0.06681286284,0.06681286122
7.337001834,0.04253243624,-0.03934713828,-0.06682209902,0.06682209711
7.382858096,0.04118407114,-0.03782280366,-0.06681571017,0.06681570798
7.428714357,0.03979213385,-0.03625125789,-0.06679350086,0.06679349838
7.474570619,0.0383561888,-0.03463203393,-0.06675527569,0.06675527291
7.52042688,0.03687580043,-0.03296466473,-0.06670083921,0.06670083612
7.566283142,0.03535053318,-0.03124868324,-0.06662999599,0.06662999259
7.612139403,0.0337799515,-0.02948362243,-0.06654255063,0.06654254691
7.657995664,0.03216361983,-0.02766901525,-0.06643830768,0.06643830363
7.703851926,0.03050110262,-0.02580439465,-0.06631707171,0.06631706733
7.749708187,0.02879196429,-0.02388929359,-0.06617864732,0.0661786426
7.795564449,0.02703576931,-0.02192324503,-0.06602283906,0.06602283399
7.84142071,0.0252320821,-0.01990578191,-0.06584945151,0.06584944608
7.887276972,0.02338046711,-0.0178364372,-0.06565828925,0.06565828346
7.933133233,0.02148048879,-0.01571474385,-0.06544915684,0.06544915068
7.978989495,0.01953171157,-0.01354023482,-0.06522185886,0.06522185233
8.024845756,0.0175336999,-0.01131244305,-0.06497619989,0.06497619297
8.070702018,0.01548601822,-0.009030901512,-0.0647119845,0.06471197718
8.116558279,0.01338823097,-0.006695143155,-0.06442901726,0.06442900954
8.162414541,0.0112399026,-0.004304700934,-0.06412710274,0.06412709462
8.208270802,0.009040597538,-0.001859107806,-0.06380604552,0.06380603698
8.254127064,0.006789880239,0.0006421032751,-0.06346565017,0.06346564121
8.299983325,0.004487315142,0.003199399353,-0.06310572127,0.06310571188
8.345839586,0.0021360982,0.005808522189,-0.06272726194,0.06272718621
8.391695848,-0.000195975475,0.008381269431,-0.06235259583,0.06235116106
8.437552109,-0.002483385764,0.01088471198,-0.06199009398,0.06198557453
8.483408371,-0.004726423905,0.01331954265,-0.06163960859,0.06163031789
8.529264632,-0.006925381135,0.01568645426,-0.06130099186,0.0612852824
8.575120894,-0.009080548694,0.01798613966,-0.06097409596,0.06095035933
8.620977155,-0.01119221782,0.02021929164,-0.0606587731,0.06062543996
8.666833417,-0.01326067975,0.02238660305,-0.06035487546,0.06031041555
8.712689678,-0.01528622572,0.0244887667,-0.06006225523,0.06000517737
8.75854594,-0.01726914697,0.02652647542,-0.05978076461,0.0597096167
8.804402201,-0.01920973473,0.02850042203,-0.05951025578,0.05942362479
8.850258463,-0.02110828026,0.03041129936,-0.05925058094,0.05914709291
8.896114724,-0.02296507477,0.03225980022,-0.05900159227,0.05887991235
8.941970985,-0.02478040952,0.03404661744,-0.05876314197,0.05862197436
8.987827247,-0.02655457574,0.03577244385,-0.05853508223,0.05837317021
9.033683508,-0.02828786466,0.03743797227,-0.05831726524,0.05813339118
9.07953977,-0.02998056753,0.03904389552,-0.05810954318,0.05790252853
9.125396031,-0.03163297558,0.04059090643,-0.05791176826,0.05768047353
9.171252293,-0.03324538006,0.04207969782,-0.05772379265,0.05746711745
9.217108554,-0.03481807219,0.04351096251,-0.05754546856,0.05726235156
9.262964816,-0.03635134322,0.04488539333,-0.05737664817,0.05706606712
9.308821077,-0.03784548438,0.0462036831,-0.05721718367,0.05687815541
9.354677339,-0.03930078692,0.04746652464,-0.05706692725,0.0566985077
9.4005336,-0.04071754207,0.04867461078,-0.05692573111,0.05652701525
9.446389862,-0.04209604107,0.04982863434,-0.05679344743,0.05636356933
9.492246123,-0.04343657515,0.05092928815,-0.05666992841,0.05620806121
9.538102385,-0.04473943556,0.05197726503,-0.05655502624,0.05606038216
9.583958646,-0.04600491353,0.0529732578,-0.0564485931,0.05592042346
9.629814907,-0.0472333003,0.05391795928,-0.05635048119,0.05578807636
9.675671169,-0.04842488712,0.05481206231,-0.0562605427,0.05566323213
9.72152743,-0.0495799652,0.0556562597,-0.05617862981,0.05554578206
9.767383692,-0.05069882581,0.05645124427,-0.05610459473,0.05543561739
9.813239953,-0.05178176016,0.05719770886,-0.05603828964,0.05533262942
9.859096215,-0.0528290595,0.05789634628,-0.05597956672,0.05523670939
9.904952476,-0.05384101508,0.05854784936,-0.05592827819,0.05514774858
9.950808738,-0.05481791812,0.05915291092,-0.05588427621,0.05506563827
9.996664999,-0.05576005986,0.05971222379,-0.05584741299,0.05499026971
10.04252126,-0.05666773155,0.06022648078,-0.05581754071,0.05492153418
10.08837752,-0.05754122441,0.06069637473,-0.05579451156,0.05485932294
10.13423378,-0.0583808297,0.06112259845,-0.05577817774,0.05480352727
10.18009005,-0.05918683864,0.06150584477,-0.05576839144,0.05475403844
10.22594631,-0.05995954247,0.06184680652,-0.05576500485,0.05471074771
10.27180257,-0.06069923244,0.06214617651,-0.05576787015,0.05467354635
10.31765883,-0.06140619977,0.06240464757,-0.05577683954,0.05464232563
10.36351509,-0.06208073571,0.06262291253,-0.05579176521,0.05461697682
10.40937135,-0.0627231315,0.06280166421,-0.05581249935,0.05459739119
10.45522761,-0.06333367838,0.06294159542,-0.05583889415,0.05458346
10.50108388,-0.06391266757,0.06304339901,-0.0558708018,0.05457507453
10.54694014,-0.06446039032,0.06310776778,-0.0559080745,0.05457212605
10.5927964,-0.06497713788,0.06313539456,-0.05595056442,0.05457450582
10.63865266,-0.06546320146,0.06312697218,-0.05599812377,0.05458210511
10.68450892,-0.06591887232,0.06308319346,-0.05605060474,0.05459481519
10.73036518,-0.0663444417,0.06300475122,-0.05610785951,0.05461252734
10.77622144,-0.06674020082,0.06289233829,-0.05616974027,0.05463513281
10.82207771,-0.06710644092,0.06274664749,-0.05623609922,0.05466252288
10.86793397,-0.06744345326,0.06256837164,-0.05630678855,0.05469458882
10.91379023,-0.06775152906,0.06235820357,-0.05638166045,0.05473122189
10.95964649,-0.06803095955,0.0621168361,-0.0564605671,0.05477231337
11.00550275,-0.06828203599,0.06184496206,-0.05654336071,0.05481775452
11.05135901,-0.0685050496,0.06154327427,-0.05662989345,0.05486743661
11.09721527,-0.06870029163,0.06121246555,-0.05672001753,0.05492125091
11.14307154,-0.06886805331,0.06085322872,-0.05681358513,0.05497908869
11.1889278,-0.06900862589,0.06046625661,-0.05691044843,0.05504084122
11.23478406,-0.06912230059,0.06005224205,-0.05701045965,0.05510639977
11.28064032,-0.06920936866,0.05961187785,-0.05711347095,0.05517565561
11.32649658,-0.06927012133,0.05914585685,-0.05721933454,0.0552485
11.37235284,-0.06930484984,0.05865487185,-0.05732790261,0.05532482421
11.4182091,-0.06931384544,0.0581396157,-0.05743902734,0.05540451952
11.46406537,-0.06929739936,0.05760078121,-0.05755256092,0.05548747719
11.50992163,-0.06925580283,0.0570390612,-0.05766835556,0.05557358849
11.55577789,-0.06918934709,0.0564551485,-0.05778626343,0.05566274468
11.60163415,-0.06909832339,0.05584973593,-0.05790613673,0.05575483705
11.64749041,-0.06898302296,0.05522351632,-0.05802782765,0.05584975685
11.69334667,-0.06884373703,0.05457718249,-0.05815118838,0.05594739536
11.73920293,-0.06868075686,0.05391142726,-0.05827607111,0.05604764384
11.7850592,-0.06849437366,0.05322694345,-0.05840232803,0.05615039357
11.83091546,-0.06828487869,0.0525244239,-0.05852981134,0.05625553581
11.87677172,-0.06805256318,0.05180456142,-0.05865837322,0.05636296183
11.92262798,-0.06779771837,0.05106804884,-0.05878786586,0.0564725629
11.96848424,-0.06752063549,0.05031557898,-0.05891814145,0.05658423029
12.0143405,-0.06722160579,0.04954784467,-0.05904905219,0.05669785527
12.06019677,-0.0669009205,0.04876553872,-0.05918045027,0.0568133291
12.10605303,-0.06655887085,0.04796935396,-0.05931218787,0.05693054306
12.15190929,-0.0661957481,0.04715998322,-0.0594441172,0.05704938842
12.19776555,-0.06581184347,0.04633811932,-0.05957609042,0.05716975643
12.24362181,-0.06540744821,0.04550445509,-0.05970795975,0.05729153838
12.28947807,-0.06498285354,0.04465968334,-0.05983957737,0.05741462553
12.33533433,-0.06453835072,0.0438044969,-0.05997079547,0.05753890915
12.3811906,-0.06407423098,0.04293958859,-0.06010146623,0.05766428051
12.42704686,-0.06359078554,0.04206565124,-0.06023144186,0.05779063087
12.47290312,-0.06308830567,0.04118337767,-0.06036057455,0.05791785151
12.51875938,-0.06256708258,0.04029346071,-0.06048871647,0.0580458337
12.56461564,-0.06202740752,0.03939659318,-0.06061571983,0.0581744687
12.6104719,-0.06146957174,0.03849346789,-0.06074143681,0.05830364778
12.65632816,-0.06089386645,0.03758477769,-0.06086571961,0.05843326221
12.70218443,-0.06030058291,0.03667121538,-0.06098842042,0.05856320327
12.74804069,-0.05969001235,0.03575347379,-0.06110939142,0.05869336221
12.79389695,-0.05906244601,0.03483224575,-0.0612284848,0.05882363031
12.83975321,-0.05841817512,0.03390822408,-0.06134555277,0.05895389884
12.88560947,-0.05775749094,0.03298210161,-0.06146044751,0.05908405906
12.93146573,-0.05708068468,0.03205457115,-0.0615730212,0.05921400225
12.97732199,-0.05638804759,0.03112632553,-0.06168312605,0.05934361967
13.02317826,-0.05567987092,0.03019805758,-0.06179061423,0.0594728026
13.06903452,-0.05495644589,0.02927046012,-0.06189533795,0.05960144229
13.11489078,-0.05421806374,0.02834422597,-0.06199714939,0.05972943003
13.16074704,-0.05346501572,0.02742004795,-0.06209590074,0.05985665707
13.2066033,-0.05269759305,0.02649861889,-0.0621914442,0.05998301469
13.25245956,-0.05191608699,0.02558063162,-0.06228363195,0.06010839416
13.29831582,-0.05112078876,0.02466677895,-0.06237231619,0.06023268675
13.34417209,-0.05031198961,0.02375775371,-0.0624573491,0.06035578371
13.39002835,-0.04948998077,0.02285424872,-0.06253858288,0.06047757633
13.43588461,-0.04865505348,0.02195695682,-0.06261586972,0.06059795588
13.48174087,-0.04780749898,0.02106657081,-0.06268906181,0.06071681361
13.52759713,-0.0469476085,0.02018378353,-0.06275801133,0.0608340408
13.57345339,-0.04607567329,0.01930928779,-0.06282257049,0.06094952872
13.61930965,-0.04519198458,0.01844377643,-0.06288259146,0.06106316864
13.66516592,-0.04429683361,0.01758794226,-0.06293792645,0.06117485182
13.71102218,-0.04339051162,0.01674247812,-0.06298842763,0.06128446954
13.75687844,-0.04247330984,0.01590807681,-0.06303394721,0.06139191306
13.8027347,-0.04154551952,0.01508543117,-0.06307433738,0.06149707366
13.84859096,-0.04060743189,0.01427523402,-0.06310945031,0.0615998426
13.89444722,-0.03965933818,0.01347817819,-0.06313913822,0.06170011114
13.94030349,-0.03870152965,0.01269495649,-0.06316325327,0.06179777057
13.98615975,-0.03773429752,0.01192626175,-0.06318164768,0.06189271214
14.03201601,-0.03675793304,0.0111727868,-0.06319417362,0.06198482713
14.07787227,-0.03577272744,0.01043522445,-0.06320068328,0.06207400681
14.12372853,-0.03477897195,0.009714267537,-0.06320102887,0.06216014244
14.16958479,-0.03377695783,0.009010608878,-0.06319506256,0.06224312529
14.21544105,-0.0327669763,0.008324941299,-0.06318263656,0.06232284664
14.26129732,-0.0317493186,0.007657957621,-0.06316360304,0.06239919775
14.30715358,-0.03072427598,0.007010350671,-0.06313781421,0.06247206988
14.35300984,-0.02969213966,0.006382813269,-0.06310512225,0.06254135432
14.3988661,-0.02865320089,0.005776038242,-0.06306537935,0.06260694232
14.44472236,-0.02760775091,0.005190718411,-0.0630184377,0.06266872516
14.49057862,-0.02655608094,0.004627546601,-0.0629641495,0.06272659411
14.53643488,-0.02549848224,0.004087215635,-0.06290236693,0.06278044043
14.58229115,-0.02443524604,0.003570418337,-0.06283294219,0.06283015539
14.62814741,-0.02336666358,0.003077847531,-0.06275572747,0.06287563026
14.67400367,-0.02229302609,0.00261019604,-0.06267057495,0.06291675631
14.71985993,-0.02121462481,0.002168156688,-0.06257733683,0.06295342482
14.76571619,-0.02013175099,0.001752422298,-0.0624758653,0.06298552704
14.81157245,-0.01904469585,0.001363685694,-0.06236601254,0.06301295425
14.85742871,-0.01795375064,0.0010026397,-0.06224763076,0.06303559771
14.90328498,-0.01685920659,0.0006699771389,-0.06212057214,0.0630533487
14.94914124,-0.01576135495,0.000366390835,-0.06198468886,0.06306609848
14.9949975,-0.01466048695,9.257361175e-05,-0.06183983313,0.06307373833
15.04085376,-0.01355689382,-0.0001507817073,-0.06168585714,0.06307615951
15.08671002,-0.01245086681,-0.0003629822986,-0.06152261306,0.06307325328
15.13256628,-0.01134269716,-0.0005433353384,-0.0613499531,0.06306491093
15.17842254,-0.0102326761,-0.0006911480032,-0.06116772945,0.06305102371
15.22427881,-0.009121094867,-0.0008057274692,-0.06097579429,0.0630314829
15.27013507,-0.008008244704,-0.0008863809129,-0.06077399982,0.06300617977
15.31599133,-0.006894416846,-0.0009324155106,-0.06056219822,0.06297500558
15.36184759,-0.005779902533,-0.0009431384388,-0.06034024169,0.0629378516
15.40770385,-0.004664993002,-0.0009178568737,-0.06010798242,0.06289460911
15.45356011,-0.003549979491,-0.0008558779918,-0.0598652726,0.06284516936
15.49941637,-0.002435153238,-0.0007565089694,-0.05961196442,0.06278942364
15.54527264,-0.00132080548,-0.0006190569829,-0.05934791007,0.0627272632
15.5911289,-0.0002072274564,-0.0004428292087,-0.05907296174,0.06265857932
15.63698516,0.0009052895956,-0.0002271328232,-0.05878697163,0.06258326327
15.68284142,0.002016454438,2.872499737e-05,-0.05848979191,0.06250120631
15.72869768,0.003125975832,0.0003254370765,-0.05818127479,0.06241229972
15.77455394,0.004233562541,0.0006636962379,-0.05786127245,0.06231643476
15.82041021,0.005338923327,0.001044195305,-0.05752963709,0.0622135027
15.86626647,0.006441766951,0.001467627102,-0.0571862209,0.06210339481
15.91212273,0.007541802176,0.001934684452,-0.05683087606,0.06198600237
15.95797899,0.008638737763,0.002446060178,-0.05646345477,0.06186121663
16.00383525,0.009732282475,0.003002447105,-0.05608380921,0.06172892886
16.04969151,0.01082214507,0.003604538056,-0.05569179159,0.06158903034
16.09554777,0.01190803432,0.004253025855,-0.05528725408,0.06144141234
16.14140404,0.01298965898,0.004948603325,-0.05487004888,0.06128596612
16.1872603,0.01406672781,0.00569196329,-0.05444002819,0.06112258295
16.23311656,0.01513894958,0.006483798573,-0.05399704418,0.06095115411
16.27897282,0.01620603304,0.007324801998,-0.05354094906,0.06077157085
16.32482908,0.01726768696,0.008215666389,-0.05307159501,0.06058372445
16.37068534,0.01832362011,0.00915708457,-0.05258883422,0.06038750618
16.4165416,0.01937354123,0.01014974936,-0.05209251889,0.06018280731
16.46239787,0.0204171591,0.01119435359,-0.05158250121,0.0599695191
16.50825413,0.02145418248,0.01229159008,-0.05105863336,0.05974753283
16.55411039,0.02248432013,0.01344215166,-0.05052076753,0.05951673976
16.59996665,0.02350728081,0.01464673114,-0.04996875592,0.05927703116
16.64582291,0.02452277328,0.01590602135,-0.04940245072,0.0590282983
16.69167917,0.0255278809,0.01720805188,-0.04882283929,0.05877314445
16.73753543,0.02650930767,0.01848965688,-0.04823558369,0.05852509695
16.7833917,0.02746541276,0.01974227273,-0.04764157302,0.05828593226
16.82924796,0.02839639543,0.0209661132,-0.04704091692,0.05805554357
16.87510422,0.02930245495,0.02216139211,-0.04643372507,0.05783382407
16.92096048,0.03018379057,0.02332832322,-0.04582010711,0.05762066695
16.96681674,0.03104060155,0.02446712034,-0.04520017269,0.0574159654
17.012673,0.03187308716,0.02557799726,-0.04457403148,0.05721961261
17.05852926,0.03268144666,0.02666116776,-0.04394179312,0.05703150177
17.10438553,0.0334658793,0.02771684563,-0.04330356727,0.05685152607
17.15024179,0.03422658435,0.02874524467,-0.04265946358,0.05667957871
17.19609805,0.03496376106,0.02974657866,-0.04200959171,0.05651555288
17.24195431,0.0356776087,0.0307210614,-0.04135406132,0.05635934176
17.28781057,0.03636832653,0.03166890668,-0.04069298205,0.05621083854
17.33366683,0.03703611381,0.03259032827,-0.04002646356,0.05606993642
17.37952309,0.0376811698,0.03348553999,-0.03935461551,0.05593652859
17.42537936,0.03830369376,0.03435475561,-0.03867754756,0.05581050823
17.47123562,0.03890388495,0.03519818892,-0.03799536934,0.05569176854
17.51709188,0.03948194263,0.03601605372,-0.03730819053,0.05558020272
17.56294814,0.04003806607,0.0368085638,-0.03661612077,0.05547570394
17.6088044,0.04057245452,0.03757593294,-0.03591926971,0.0553781654
17.65466066,0.04108530724,0.03831837493,-0.03521774702,0.05528748029
17.70051693,0.04157682349,0.03903610358,-0.03451166235,0.05520354181
17.74637319,0.04204720254,0.03972933266,-0.03380112535,0.05512624313
17.79222945,0.04249664364,0.04039827596,-0.03308624568,0.05505547746
17.83808571,0.04292534607,0.04104314729,-0.03236713298,0.05499113798
17.88394197,0.04333350906,0.04166416042,-0.03164389692,0.05493311789
17.92979823,0.0437213319,0.04226152914,-0.03091664715,0.05488131037
17.97565449,0.04408901383,0.04283546725,-0.03018549333,0.05483560862
18.02151076,0.04443675412,0.04338618854,-0.0294505451,0.05479590583
18.06736702,0.04476475203,0.0439139068,-0.02871191212,0.05476209518
18.11322328,0.04507320682,0.04441883581,-0.02796970405,0.05473406987
18.15907954,0.04536231775,0.04490118938,-0.02722403055,0.05471172308
18.2049358,0.04563228408,0.04536118128,-0.02647500125,0.05469494802
18.25079206,0.04588330507,0.0457990253,-0.02572272583,0.05468363787
18.29664832,0.04611557999,0.04621493525,-0.02496731394,0.05467768581
18.34250459,0.04632930808,0.0466091249,-0.02420887522,0.05467698505
18.38836085,0.04652468862,0.04698180805,-0.02344751934,0.05468142877
18.43421711,0.04670192087,0.04733319849,-0.02268335594,0.05469091016
18.48007337,0.04686120408,0.04766351,-0.02191649469,0.05470532241
18.52592963,0.04700273751,0.04797295639,-0.02114704523,0.05472455872
18.57178589,0.04712672043,0.04826175143,-0.02037511723,0.05474851227
18.61764215,0.0472333521,0.04853010892,-0.01960082033,0.05477707626
18.66349842,0.04732283177,0.04877824265,-0.01882426419,0.05481014387
18.70935468,0.04739535872,0.04900636641,-0.01804555846,0.0548476083
18.75521094,0.04745113219,0.04921469399,-0.01726481281,0.05488936274
18.8010672,0.04749035145,0.04940343918,-0.01648213687,0.05493530037
18.84692346,0.04751321576,0.04957281577,-0.01569764032,0.0549853144
18.89277972,0.04751992437,0.04972303754,-0.0149114328,0.055039298
18.93863598,0.04751067657,0.0498543183,-0.01412362396,0.05509714437
18.98449225,0.04748567159,0.04996687182,-0.01333432347,0.0551587467
19.03034851,0.0474451087,0.05006091191,-0.01254364097,0.05522399818
19.07620477,0.04738918717,0.05013665234,-0.01175168612,0.05529279201
19.12206103,0.04731810625,0.05019430692,-0.01095856858,0.05536502136
19.16791729,0.0472320652,0.05023408942,-0.01016439799,0.05544057944
19.21377355,0.04713126329,0.05025621365,-0.009369284017,0.05551935944
19.25962981,0.04701589977,0.05026089339,-0.008573336312,0.05560125453
19.30548608,0.04688617391,0.05024834242,-0.00777666453,0.05568615793
19.35134234,0.04674228497,0.05021877455,-0.006979378324,0.0557739628
19.3971986,0.0465844322,0.05017240356,-0.006181587348,0.05586456236
19.44305486,0.04641281487,0.05010944323,-0.005383401259,0.05595784978
19.48891112,0.04622763224,0.05003010737,-0.004584929709,0.05605371826
19.53476738,0.04602908357,0.04993460976,-0.003786282353,0.05615206099
19.58062365,0.04581736812,0.0498231642,-0.002987568846,0.05625277116
19.62647991,0.04559268515,0.04969598446,-0.002188898842,0.05635574195
19.67233617,0.04535523392,0.04955328434,-0.001390381996,0.05646086657
19.71819243,0.04510521369,0.04939527764,-0.0005921279617,0.0565680382
19.76404869,0.04484282372,0.04922217814,0.0002057536063,0.05667715003
19.80990495,0.04456826327,0.04903419963,0.001003153054,0.05678809525
19.85576121,0.04428173161,0.0488315559,0.001799960726,0.05690076706
19.90161748,0.043983428,0.04861446074,0.002596066968,0.05701505864
19.94747374,0.04367355168,0.04838312795,0.003391362126,0.05713086318
19.99333,0.04335230194,0.04813777131,0.004185736546,0.05724807388
20.03918626,0.04301987801,0.04787860461,0.004979080573,0.05736658393
20.08504252,0.04267647918,0.04760584164,0.005771284552,0.05748628651
20.13089878,0.04232230469,0.0473196962,0.00656223883,0.05760707482
20.17675504,0.04195755381,0.04702038207,0.007351833751,0.05772884205
20.22261131,0.0415824258,0.04670811304,0.008139959662,0.05785148138
20.26846757,0.04119711991,0.04638310291,0.008926506907,0.05797488602
20.31432383,0.04080183542,0.04604556546,0.009711365833,0.05809894914
20.36018009,0.04039677158,0.04569571448,0.01049442679,0.05822356394
20.40603635,0.03998212764,0.04533376376,0.01127558011,0.05834862362
20.45189261,0.03955810288,0.0449599271,0.01205471615,0.05847402136
20.49774887,0.03912489655,0.04457441829,0.01283172525,0.05859965035
20.54360514,0.03868270792,0.0441774511,0.01360649777,0.05872540378
20.5894614,0.03823173623,0.04376923935,0.01437892403,0.05885117485
20.63531766,0.03777218077,0.0433499968,0.0151488944,0.05897685674
20.68117392,0.03730424077,0.04291993726,0.01591629921,0.05910234265
20.72703018,0.03682811551,0.04247927451,0.01668102881,0.05922752576
20.77288644,0.03634400425,0.04202822235,0.01744297355,0.05935229927
20.8187427,0.03585210624,0.04156699456,0.01820202377,0.05947655636
20.86459897,0.03535262075,0.04109580494,0.01895806981,0.05960019024
20.91045523,0.03484574704,0.04061486727,0.01971100203,0.05972309408
20.95631149,0.03433168436,0.04012439535,0.02046071077,0.05984516108
21.00216775,0.03381063199,0.03962460296,0.02120708637,0.05996628444
21.04802401,0.03328278917,0.0391157039,0.02195001919,0.06008635733
21.09388027,0.03274835518,0.03859791196,0.02268939955,0.06020527295
21.13973653,0.03220752926,0.03807144091,0.02342511782,0.0603229245
21.1855928,0.03166051069,0.03753650457,0.02415706434,0.06043920516
21.23144906,0.03110749872,0.03699331671,0.02488512944,0.06055400812
21.27730532,0.03054869261,0.03644209113,0.02560920349,0.06066722657
21.32316158,0.02998429162,0.03588304161,0.02632917681,0.06077875371
21.36901784,0.02941449502,0.03531638195,0.02704493977,0.06088848273
21.4148741,0.02883950206,0.03474232593,0.0277563827,0.06099630681
21.46073037,0.02825951201,0.03416108735,0.02846339595,0.06110211915
21.50658663,0.02767472412,0.03357288,0.02916586986,0.06120581293
21.55244289,0.02708533766,0.03297791766,0.02986369479,0.06130728135
21.59829915,0.02649155189,0.03237641413,0.03055676107,0.0614064176
21.64415541,0.02589356607,0.0317685832,0.03124495906,0.06150311487
21.69001167,0.02529157945,0.03115463866,0.03192817909,0.06159726636
21.73586793,0.0246857913,0.03053479429,0.03260631152,0.06168876524
21.7817242,0.02407640088,0.02990926389,0.03327924668,0.06177750471
21.82758046,0.02346360745,0.02927826124,0.03394687493,0.06186337796
21.87343672,0.02284761027,0.02864200015,0.03460908661,0.06194627819
21.91929298,0.02222860861,0.02800069439,0.03526577206,0.06202609858
21.96514924,0.02160680171,0.02735455776,0.03591682164,0.06210273232
22.0110055,0.02098238885,0.02670380405,0.03656212568,0.06217607261
22.05686176,0.02035556928,0.02604864704,0.03720157454,0.06224601264
22.10271803,0.01972654227,0.02538930053,0.03783505855,0.06231244559
22.14857429,0.01909550707,0.02472597832,0.03846246807,0.06237526465
22.19443055,0.01846266294,0.02405889418,0.03908369343,0.06243436303
22.24028681,0.01782820915,0.02338826191,0.03969862499,0.0624896339
22.28614307,0.01719234496,0.02271429529,0.04030715309,0.06254097046
22.33199933,0.01655526962,0.02203720813,0.04090916807,0.0625882659
22.37785559,0.01591718241,0.0213572142,0.04150456029,0.06263141341
22.42371186,0.01527828256,0.02067452731,0.04209322008,0.06267030618
22.46956812,0.01463876936,0.01998936123,0.0426750378,0.0627048374
22.51542438,0.01399884206,0.01930192976,0.04324990378,0.06273490027
22.56128064,0.01335869992,0.01861244669,0.04381770838,0.06276038796
22.6071369,0.0127185422,0.01792112582,0.04437834194,0.06278119368
22.65299316,0.01207856816,0.01722818092,0.0449316948,0.06279721062
22.69884942,0.01143897706,0.01653382579,0.04547765731,0.06280833196
22.74470569,0.01079996816,0.01583827422,0.04601611982,0.06281445089
22.79056195,0.01016174073,0.01514174,0.04654697267,0.06281546061
22.83641821,0.009524494023,0.01444443692,0.0470701062,0.06281125431
22.88227447,0.008888427299,0.01374657877,0.04758541077,0.06280172517
22.92813073,0.00825373982,0.01304837934,0.04809277672,0.06278676639
22.97398699,0.007620630847,0.01235005242,0.04859209439,0.06276627116
23.01984325,0.00698929964,0.01165181181,0.04908325413,0.06274013267
23.06569952,0.00635994546,0.01095387128,0.04956614628,0.06270824411
23.11155578,0.005732767568,0.01025644464,0.0500406612,0.06267049867
23.15741204,0.005107965223,0.00955974566,0.05050668922,0.06262678955
23.2032683,0.004485737688,0.008863988147,0.05096412069,0.06257700992
23.24912456,0.003866284222,0.008169385885,0.05141284596,0.06252105299
23.29498082,0.003249804086,0.007476152664,0.05185275537,0.06245881194
23.34083709,0.00263649654,0.006784502275,0.05228373928,0.06239017996
23.38669335,0.002026560846,0.006094648507,0.05270568801,0.06231505025
23.43254961,0.001420196264,0.005406805151,0.05311849192,0.062233316
23.47840587,0.0008176020543,0.004721185997,0.05352204136,0.06214487039
23.52426213,0.0002189774778,0.004038004835,0.05391622667,0.06204960662
23.57011839,-0.0003754782049,0.003357475456,0.0543009382,0.06194741787
23.61597465,-0.0009655657332,0.002679811648,0.05467606629,0.06183819734
23.66183092,-0.001551085846,0.002005227203,0.05504150128,0.06172183823
23.70768718,-0.002131839284,0.001333935911,0.05539713353,0.06159823371
23.75354344,-0.002707626785,0.0006661515606,0.05574285338,0.06146727698
23.7993997,-0.00327824909,2.087943519e-06,0.05607855117,0.06132886123
23.84525596,-0.003843506937,-0.0006580411507,0.05640411725,0.06118287965
23.89111222,-0.004403201066,-0.001314021932,0.05671944196,0.06102922544
23.93696848,-0.004957132216,-0.00196564061,0.05702441566,0.06086779178
23.98282475,-0.005505101126,-0.002612683395,0.05731892868,0.06069847186
24.02868101,-0.006046908537,-0.003254936496,0.05760287138,0.06052115888
24.07453727,-0.006582355187,-0.003892186124,0.05787613409,0.06033574602
24.12039353,-0.007111241816,-0.004524218488,0.05813860716,0.06014212647
24.16624979,-0.007633369163,-0.005150819798,0.05839018095,0.05994019344
24.21210605,-0.008148537967,-0.005771776265,0.05863074579,0.05972984009
24.25796231,-0.008656548969,-0.006386874097,0.05886019202,0.05951095964
24.30381858,-0.009157202906,-0.006995899505,0.05907841001,0.05928344527
24.34967484,-0.009650300519,-0.007598638699,0.05928529008,0.05904719016
24.3955311,-0.01013564255,-0.008194877889,0.05948072259,0.05880208751
24.44138736,-0.01061302973,-0.008784403284,0.05966459788,0.05854803052
24.48724362,-0.01108226281,-0.009367001094,0.0598368063,0.05828491236
24.53309988,-0.01154314252,-0.00994245753,0.0599972382,0.05801262624
24.57895614,-0.0119954696,-0.0105105588,0.06014578391,0.05773106533
24.62481241,-0.01243904479,-0.01107109112,0.06028233378,0.05744012284
24.67066867,-0.01287366884,-0.01162384069,0.06040677817,0.05713969196
24.71652493,-0.01329914247,-0.01216859372,0.06051900741,0.05682966587
24.76238119,-0.01371526644,-0.01270513643,0.06061891186,0.05650993776
24.80823745,-0.01412184147,-0.01323325503,0.06070638185,0.05618040083
24.85409371,-0.01451866832,-0.01375273571,0.06078130773,0.05584094826
24.89994997,-0.01490554771,-0.01426336471,0.06084357985,0.05549147326
24.94580624,-0.01528228039,-0.01476492821,0.06089308855,0.05513186899
24.9916625,-0.0156486671,-0.01525721244,0.06092972418,0.05476202867
25.03751876,-0.01599707023,-0.01573123482,0.06095812659,0.05438998243
25.08337502,-0.01631321642,-0.01617015089,0.0609874267,0.05403135585
25.12923128,-0.01659715896,-0.01657397382,0.06101781216,0.05368637316
25.17508754,-0.01684932191,-0.01694315345,0.06104923643,0.05335485637
25.22094381,-0.01707012931,-0.01727813964,0.06108165295,0.05303662747
25.26680007,-0.01726000523,-0.01757938222,0.06111501518,0.05273150849
25.31265633,-0.01741937372,-0.01784733103,0.06114927657,0.05243932143
25.35851259,-0.01754865883,-0.01808243594,0.06118439057,0.05215988829
25.40436885,-0.01764828462,-0.01828514677,0.06122031063,0.05189303107
25.45022511,-0.01771867513,-0.01845591338,0.0612569902,0.05163857179
25.49608137,-0.01776025442,-0.01859518561,0.06129438274,0.05139633246
25.54193764,-0.01777344655,-0.0187034133,0.0613324417,0.05116613508
25.5877939,-0.01775867557,-0.01878104631,0.06137112052,0.05094780165
25.63365016,-0.01771636553,-0.01882853447,0.06141037267,0.05074115418
25.67950642,-0.01764694048,-0.01884632763,0.06145015158,0.05054601468
25.72536268,-0.01755082449,-0.01883487564,0.06149041072,0.05036220516
25.77121894,-0.0174284416,-0.01879462834,0.06153110353,0.05018954763
25.8170752,-0.01728021587,-0.01872603558,0.06157218347,0.05002786408
25.86293147,-0.01710657134,-0.0186295472,0.06161360398,0.04987697653
25.90878773,-0.01690793209,-0.01850561305,0.06165531852,0.04973670698
25.95464399,-0.01668472215,-0.01835468297,0.06169728055,0.04960687744
26.00050025,-0.01643736558,-0.01817720681,0.0617394435,0.04948730992
26.04635651,-0.01616628644,-0.01797363442,0.06178176084,0.04937782642
26.09221277,-0.01587190877,-0.01774441563,0.06182418601,0.04927824895
26.13806903,-0.01555465664,-0.0174900003,0.06186667247,0.04918839951
26.1839253,-0.0152149541,-0.01721083826,0.06190917367,0.04910810012
26.22978156,-0.01485322519,-0.01690737937,0.06195164306,0.04903717278
26.27563782,-0.01446989398,-0.01658007347,0.06199403409,0.0489754395
26.32149408,-0.01406538451,-0.0162293704,0.06203630021,0.04892272228
26.36735034,-0.01364012085,-0.01585572001,0.06207839487,0.04887884312
26.4132066,-0.01319452704,-0.01545957215,0.06212027153,0.04884362405
26.45906286,-0.01272902714,-0.01504137666,0.06216188364,0.04881688706
26.50491913,-0.0122440452,-0.01460158338,0.06220318465,0.04879845415
26.55077539,-0.01174000528,-0.01414064217,0.06224412801,0.04878814735
26.59663165,-0.01121733142,-0.01365900286,0.06228466717,0.04878578864
26.64248791,-0.01067644769,-0.0131571153,0.06232475558,0.04879120005
26.68834417,-0.01011777813,-0.01263542934,0.0623643467,0.04880420357
26.73420043,-0.009541746807,-0.01209439482,0.06240339397,0.04882462122
26.7800567,-0.008948777764,-0.01153446158,0.06244185085,0.048852275
26.82591296,-0.008339295058,-0.01095607948,0.0624796708,0.04888698691
26.87176922,-0.007713722743,-0.01035969836,0.06251680725,0.04892857897
26.91762548,-0.007072484873,-0.009745768059,0.06255321367,0.04897687317
26.96348174,-0.006416005501,-0.009114738426,0.0625888435,0.04903169153
27.009338,-0.00574470868,-0.008467059305,0.06262365019,0.04909285606
27.05519426,-0.005059018465,-0.007803180543,0.0626575872,0.04916018876
27.10105053,-0.004359358909,-0.007123551985,0.06269060799,0.04923351163
27.14690679,-0.003646154065,-0.006428623475,0.06272266599,0.04931264668
27.19276305,-0.002919827988,-0.005718844859,0.06275371466,0.04939741593
27.23861931,-0.00218080473,-0.004994665982,0.06278370746,0.04948764137
27.28447557,-0.001429508346,-0.00425653669,0.06281259783,0.04958314502
27.33033183,-0.0006663628898,-0.003504906827,0.06284033923,0.04968374887
27.37618809,0.0001082075861,-0.002740226239,0.06286688511,0.04978927495
27.42204436,0.0008937790275,-0.001962944772,0.06289218892,0.04989954524
27.46790062,0.001689927381,-0.001173512269,0.06291620411,0.05001438177
27.51375688,0.002496228592,-0.000372378577,0.06293888413,0.05013360653
27.55961314,0.003312258608,0.0004400064594,0.06296018243,0.05025704154
27.6054694,0.004137593376,0.001263192995,0.06298005248,0.05038450879
27.65132566,0.00497180884,0.002096731184,0.06299844771,0.05051583031
27.69718192,0.005814480948,0.002940171182,0.06301532157,0.05065082808
27.74303819,0.006665185647,0.003793063143,0.06303062753,0.05078932413
27.78889445,0.007523498881,0.004654957222,0.06304431903,0.05093114045
27.83475071,0.008388996599,0.005525403574,0.06305634952,0.05107609906
27.88060697,0.009261254746,0.006403952354,0.06306667246,0.05122402196
27.92646323,0.01013984927,0.007290153717,0.0630752413,0.05137473115
27.97231949,0.01102435611,0.008183557816,0.06308200948,0.05152804865
28.01817575,0.01191435122,0.009083714808,0.06308693046,0.05168379646
28.06403202,0.01280941055,0.009990174846,0.0630899577,0.05184179658
28.10988828,0.01370911004,0.01090248809,0.06309104464,0.05200187103
28.15574454,0.01461302563,0.01182020468,0.06309014473,0.05216384181
28.2016008,0.01552073328,0.01274287479,0.06308721142,0.05232753092
28.24745706,0.01643180893,0.01367004856,0.06308219818,0.05249276038
28.29331332,0.01734582853,0.01460127616,0.06307505844,0.05265935219
28.33916958,0.01826236802,0.01553610773,0.06306574567,0.05282712836
28.38502585,0.01918100334,0.01647409343,0.0630542133,0.05299591089
28.43088211,0.02010131046,0.01741478341,0.0630404148,0.05316552179
28.47673837,0.0210228653,0.01835772784,0.06302430362,0.05333578307
28.52259463,0.02194524382,0.01930247685,0.0630058332,0.05350651673
28.56845089,0.02286802197,0.02024858062,0.062984957,0.05367754478
28.61430715,0.02379077569,0.0211955893,0.06296162847,0.05384868923
28.66016342,0.02471308093,0.02214305303,0.06293580106,0.05401977208
28.70601968,0.02563451363,0.02309052197,0.06290742822,0.05419061534
28.75187594,0.02655464974,0.02403754628,0.06287646341,0.05436104103
28.7977322,0.0274730652,0.02498367612,0.06284286007,0.05453087113
28.84358846,0.02838933597,0.02592846164,0.06280657166,0.05469992766
28.88944472,0.02930303799,0.02687145298,0.06276755163,0.05486803264
28.93530098,0.0302137472,0.02781220032,0.06272575343,0.05503500805
28.98115725,0.03112103956,0.02875025379,0.06268113052,0.05520067592
29.02701351,0.032024491,0.02968516357,0.06263363633,0.05536485824
29.07286977,0.03292367748,0.03061647979,0.06258322434,0.05552737703
29.11872603,0.03381817494,0.03154375263,0.06252984797,0.05568805429
29.16458229,0.03470755933,0.03246653222,0.0624734607,0.05584671202
29.21043855,0.03559140659,0.03338436873,0.06241401597,0.05600317224
29.25629481,0.03646929267,0.03429681231,0.06235146722,0.05615725695
29.30215108,0.03734079351,0.03520341312,0.06228576792,0.05630878816
29.34800734,0.03820548507,0.03610372131,0.06221687152,0.05645758787
29.3938636,0.03906294329,0.03699728703,0.06214473146,0.05660347809
29.43971986,0.03991274411,0.03788366044,0.0620693012,0.05674628083
29.48557612,0.04075446349,0.0387623917,0.06199053418,0.05688581809
29.53143238,0.04158767736,0.03963303095,0.06190838387,0.05702191189
29.57728864,0.04241196168,0.04049512837,0.06182280371,0.05715438422
29.62314491,0.04322689239,0.04134823409,0.06173374715,0.05728305709
29.66900117,0.04403204544,0.04219189827,0.06164116765,0.05740775252
29.71485743,0.04482699677,0.04302567107,0.06154501866,0.0575282925
29.76071369,0.04561132233,0.04384910265,0.06144525362,0.05764449905
29.80656995,0.04638459807,0.04466174315,0.06134182599,0.05775619417
29.85242621,0.04714639992,0.04546314274,0.06123468923,0.05786319987
29.89828247,0.04789630385,0.04625285157,0.06112379678,0.05796533815
29.94413874,0.0486338858,0.04703041979,0.06100910209,0.05806243102
29.989995,0.0493587217,0.04779539755,0.06089055862,0.05815430049
30.03585126,0.05007038752,0.04854733502,0.06076811981,0.05824076856
30.08170752,0.05076845919,0.04928578234,0.06064173913,0.05832165724
30.12756378,0.05145251266,0.05001028968,0.06051137001,0.05839678854
30.17342004,0.05212212387,0.05072040718,0.06037696592,0.05846598447
30.2192763,0.05277686878,0.051415685,0.0602384803,0.05852906702
30.26513257,0.05341632333,0.0520956733,0.06009586661,0.05858585822
30.31098883,0.05404006347,0.05275992223,0.05994907829,0.05863618006
30.35684509,0.05464766514,0.05340798195,0.0597980688,0.05867985455
30.40270135,0.05523870429,0.05403940261,0.05964279159,0.05871670369
30.44855761,0.05581275686,0.05465373436,0.05948320011,0.0587465495
30.49441387,0.05636939881,0.05525052736,0.05931924782,0.05876921399
30.54027014,0.05690820607,0.05582933176,0.05915088816,0.05878451915
30.5861264,0.0574287546,0.05638969773,0.05897807458,0.05879228699
30.63198266,0.05793062034,0.05693117541,0.05880076055,0.05879233953
30.67783892,0.05841337924,0.05745331496,0.0586188995,0.05878449876
30.72369518,0.05887660724,0.05795566653,0.05843244489,0.0587685867
30.76955144,0.05931988029,0.05843778028,0.05824135018,0.05874442535
30.8154077,0.05974277434,0.05889920636,0.05804556881,0.05871183671
30.86126397,0.06014486533,0.05933949494,0.05784505423,0.0586706428
30.90712023,0.0605257292,0.05975819615,0.0576397599,0.05862066563
30.95297649,0.06088494192,0.06015486016,0.05742963927,0.05856172719
30.99883275,0.06122207941,0.06052903713,0.05721464579,0.05849364949
31.04468901,0.06153671764,0.0608802772,0.05699473291,0.05841625455
31.09054527,0.06182843254,0.06120813053,0.05676985408,0.05832936436
31.13640153,0.06209680006,0.06151214728,0.05653996276,0.05823280094
31.1822578,0.06234139614,0.06179187761,0.0563050124,0.05812638629
31.22811406,0.06256179674,0.06204687165,0.05606495644,0.05800994241
31.27397032,0.0627575778,0.06227667958,0.05581974834,0.05788329132
31.31982658,0.06292831527,0.06248085155,0.05556934155,0.05774625503
31.36568284,0.06307358509,0.0626589377,0.05531368952,0.05759865553
31.4115391,0.06319296321,0.06281048821,0.05505274571,0.05744031483
31.45739536,0.06328602557,0.06293505321,0.05478646357,0.05727105495
31.50325163,0.06335234813,0.06303218286,0.05451479654,0.05709069789
31.54910789,0.06339150682,0.06310142733,0.05423769807,0.05689906565
31.59496415,0.0634030776,0.06314233676,0.05395512163,0.05669598024
31.64082041,0.06338663641,0.06315446131,0.05366702066,0.05648126367
31.68667667,0.0633417592,0.06313735113,0.05337334861,0.05625473794
31.73253293,0.06326802191,0.06309055638,0.05307405894,0.05601622507
31.77838919,0.06316500049,0.06301362722,0.05276910509,0.05576554705
31.82424546,0.06303227088,0.06290611379,0.05245844052,0.0555025259
31.87010172,0.06286940904,0.06276756626,0.05214201868,0.05522698362
31.91595798,0.06267599091,0.06259753478,0.05181979302,0.05493874221
31.96181424,0.06245159243,0.06239556949,0.051491717,0.0546376237
32.0076705,0.06219578956,0.06216122057,0.05115774405,0.05432345007
32.05352676,0.06190815823,0.06189403816,0.05081782765,0.05399604334
32.09938302,0.0615882744,0.06159357241,0.05047192122,0.05365522552
32.14523929,0.06123571401,0.06125937349,0.05011997824,0.05330081861
32.19109555,0.060850053,0.06089099154,0.04976195215,0.05293264461
32.23695181,0.06043086733,0.06048797672,0.0493977964,0.05255052555
32.28280807,0.05997773294,0.06004987919,0.04902746444,0.05215428341
32.32866433,0.05949022578,0.0595762491,0.04865090973,0.05174374021
32.37452059,0.05896792179,0.05906663661,0.04826808571,0.05131871796
32.42037686,0.05841039692,0.05852059187,0.04787894584,0.05087903865
32.46623312,0.05781722711,0.05793766503,0.04748344357,0.05042452431
32.51208938,0.05718798831,0.05731740625,0.04708153235,0.04995499693
32.55794564,0.05652225648,0.05665936569,0.04667316563,0.04947027852
32.6038019,0.05581960754,0.05596309349,0.04625829687,0.0489701911
32.64965816,0.05507961746,0.05522813982,0.04583687951,0.04845455665
32.69551442,0.05430186218,0.05445405483,0.04540886701,0.0479231972
32.74137069,0.05348591764,0.05364038868,0.04497421281,0.04737593475
32.78722695,0.05263135978,0.05278669151,0.04453287038,0.0468125913
32.83308321,0.05173776457,0.05189251348,0.04408479316,0.04623298886
32.87893947,0.05080470794,0.05095740476,0.0436299346,0.04563694944
32.92479573,0.04983176583,0.04998091548,0.04316824816,0.04502429505
32.97065199,0.04881851421,0.04896259582,0.04269968728,0.04439484769
33.01650825,0.047764529,0.04790199591,0.04222420542,0.04374842937
33.06236452,0.04666938616,0.04679866593,0.04174175603,0.04308486209
33.10822078,0.04553266164,0.04565215601,0.04125229256,0.04240396786
33.15407704,0.04435393138,0.04446201633,0.04075576846,0.04170556869
33.1999333,0.04313277132,0.04322779702,0.04025213719,0.04098948659
33.24578956,0.04186875742,0.04194904825,0.03974135219,0.04025554356
33.29164582,0.04056146562,0.04062532017,0.03922336692,0.03950356161
33.33750208,0.03921081837,0.03925651621,0.03869827153,0.038733574
33.38335835,0.03786525716,0.03789201079,0.03818523407,0.0379751415
33.42921461,0.03655904281,0.03656673963,0.03769761441,0.0372490002
33.47507087,0.03529179069,0.03528032111,0.03723505978,0.03655472648
33.52092713,0.03406311621,0.03403237357,0.03679721744,0.03589189675
33.56678339,0.03287263475,0.03282251537,0.03638373462,0.0352600874
33.61263965,0.0317199617,0.03165036486,0.03599425858,0.03465887481
33.65849591,0.03060471245,0.03051554041,0.03562843654,0.03408783538
33.70435218,0.02952650238,0.02941766036,0.03528591576,0.0335465455
33.75020844,0.02848494689,0.02835634307,0.03496634348,0.03303458156
33.7960647,0.02747966136,0.02733120691,0.03466936695,0.03255151996
33.84192096,0.02651026119,0.02634187021,0.0343946334,0.03209693709
33.88777722,0.02557636176,0.02538795135,0.03414179008,0.03167040934
33.93363348,0.02467757846,0.02446906867,0.03391048424,0.0312715131
33.97948974,0.02381352668,0.02358484053,0.03370036311,0.03089982477
34.02534601,0.0229838218,0.02273488529,0.03351107394,0.03055492073
34.07120227,0.02218807923,0.02191882131,0.03334226397,0.03023637739
34.11705853,0.02142591434,0.02113626693,0.03319358045,0.02994377112
34.16291479,0.02069694252,0.02038684051,0.03306467063,0.02967667833
34.20877105,0.02000077917,0.01967016042,0.03295518173,0.02943467541
34.25462731,0.01933703968,0.018985845,0.03286476101,0.02921733874
34.30048358,0.01870533942,0.01833351261,0.03279305572,0.02902424473
34.34633984,0.01810529379,0.01771278161,0.03273971309,0.02885496975
34.3921961,0.01753651819,0.01712327036,0.03270438036,0.02870909022
34.43805236,0.01699862799,0.0165645972,0.03268670479,0.02858618251
34.48390862,0.01649123858,0.0160363805,0.03268633361,0.02848582302
34.52976488,0.01601396536,0.01553823861,0.03270291406,0.02840758814
34.57562114,0.01556642372,0.01506978988,0.0327360934,0.02835105426
34.62147741,0.01514822904,0.01463065268,0.03278551886,0.02831579779
34.66733367,0.01475899671,0.01422044535,0.0328508377,0.0283013951
34.71318993,0.01439834212,0.01383878626,0.03293169714,0.02830742259
34.75904619,0.01406588067,0.01348529376,0.03302774443,0.02833345666
34.80490245,0.01376122772,0.0131595862,0.03313862683,0.02837907369
34.85075871,0.01348399869,0.01286128194,0.03326399157,0.02844385008
34.89661497,0.01323380895,0.01258999934,0.03340348589,0.02852736221
34.94247124,0.0130102739,0.01234535675,0.03355675704,0.0286291865
34.9883275,0.01281300892,0.01212697253,0.03372345226,0.02874889931
35.03418376,0.0126416294,0.01193446504,0.0339032188,0.02888607705
35.08004002,0.01249575074,0.01176745262,0.03409570389,0.02904029612
35.12589628,0.01237498831,0.01162555364,0.03430055479,0.02921113289
35.17175254,0.01227895751,0.01150838645,0.03451741873,0.02939816377
35.2176088,0.01220727374,0.0114155694,0.03474594296,0.02960096514
35.26346507,0.01215955236,0.01134672086,0.03498577473,0.0298191134
35.30932133,0.01213540878,0.01130145918,0.03523656127,0.03005218494
35.35517759,0.01213445839,0.01127940272,0.03549794983,0.03029975615
35.40103385,0.01215631657,0.01128016982,0.03576958765,0.03056140343
35.44689011,0.01220059871,0.01130337885,0.03605112197,0.03083670317
35.49274637,0.0122669202,0.01134864816,0.03634220005,0.03112523175
35.53860263,0.01235489643,0.0114155961,0.03664246912,0.03142656558
35.5844589,0.01246414278,0.01150384104,0.03695157642,0.03174028104
35.63031516,0.01259427466,0.01161300133,0.03726916921,0.03206595453
35.67617142,0.01274490744,0.01174269533,0.03759489472,0.03240316243
35.72202768,0.01291565651,0.01189254138,0.03792840019,0.03275148115
35.76788394,0.01310613727,0.01206215785,0.03826933287,0.03311048707
35.8137402,0.0133159651,0.01225116309,0.03861734001,0.03347975658
35.85959646,0.01354475539,0.01245917546,0.03897206884,0.03385886608
35.90545273,0.01379212353,0.01268581332,0.03933316662,0.03424739196
35.95130899,0.01405768491,0.01293069501,0.03970028057,0.03464491061
35.99716525,0.01434105492,0.0131934389,0.04007305796,0.03505099843
36.04302151,0.01464184894,0.01347366334,0.04045114601,0.03546523181
36.08887777,0.01495968237,0.01377098668,0.04083419198,0.03588718713
36.13473403,0.01529417059,0.01408502729,0.0412218431,0.03631644079
36.1805903,0.01564492899,0.01441540351,0.04161374663,0.03675256919
36.22644656,0.01601157297,0.01476173371,0.0420095498,0.03719514871
36.27230282,0.0163937179,0.01512363624,0.04240889985,0.03764375575
36.31815908,0.01679097919,0.01550072946,0.04281144404,0.0380979667
36.36401534,0.01720297221,0.01589263171,0.0432168296,0.03855735795
36.4098716,0.01762931236,0.01629896136,0.04362470378,0.0390215059
36.45572786,0.01806961502,0.01671933677,0.04403471382,0.03948998693
36.50158413,0.01852349559,0.01715337628,0.04444650697,0.03996237744
36.54744039,0.01899056945,0.01760069826,0.04485973046,0.04043825383
36.59329665,0.01947045199,0.01806092106,0.04527403154,0.04091719247
36.63915291,0.01996275861,0.01853366303,0.04568905746,0.04139876978
36.68500917,0.02046710468,0.01901854254,0.04610445545,0.04188256213
36.73086543,0.0209831056,0.01951517793,0.04651987277,0.04236814592
36.77672169,0.02151037676,0.02002318756,0.04693495665,0.04285509754
36.82257796,0.02204853354,0.0205421898,0.04734935434,0.04334299339
36.86843422,0.02259719134,0.02107180298,0.04776271309,0.04383140986
36.91429048,0.02315596554,0.02161164548,0.04817468012,0.04431992333
36.96014674,0.02372447154,0.02216133565,0.0485849027,0.04480811021
37.006003,0.02430232471,0.02272049183,0.04899302806,0.04529554688
37.05185926,0.02488914046,0.0232887324,0.04939870344,0.04578180974
37.09771552,0.02548453416,0.0238656757,0.04980157609,0.04626647517
37.14357179,0.02608812122,0.02445094008,0.05020129325,0.04674911958
37.18942805,0.02669951701,0.02504414391,0.05059750217,0.04722931935
37.23528431,0.02731833692,0.02564490555,0.05098985009,0.04770665087
37.28114057,0.02794419635,0.02625284334,0.05137798425,0.04818069054
37.32699683,0.02857671068,0.02686757564,0.0517615519,0.04865101475
37.37285309,0.0292154953,0.02748872081,0.05214020027,0.0491171999
37.41870935,0.0298601656,0.0281158972,0.05251357662,0.04957882236
37.46456562,0.03051033697,0.02874872317,0.05288132819,0.05003545855
37.51042188,0.0311656248,0.02938681708,0.05324310221,0.05048668484
37.55627814,0.03182564448,0.03002979728,0.05359854594,0.05093207763
37.6021344,0.03249001139,0.03067728212,0.05394730661,0.05137121332
37.64799066,0.03315834093,0.03132888997,0.05428903147,0.05180366829
37.69384692,0.03383024848,0.03198423918,0.05462336777,0.05222901894
37.73970318,0.03450534943,0.0326429481,0.05494996274,0.05264684166
37.78555945,0.03518325917,0.03330463509,0.05526846363,0.05305671284
37.83141571,0.0358635931,0.03396891851,0.05557851769,0.05345820888
37.87727197,0.03654596659,0.0346354167,0.05587977215,0.05385090616
37.92312823,0.03722999504,0.03530374804,0.05617187426,0.05423438108
37.96898449,0.03791529383,0.03597353087,0.05645447127,0.05460821003
38.01484075,0.03860147836,0.03664438354,0.05672721041,0.05497196941
38.06069702,0.03928816401,0.03731592442,0.05698973893,0.0553252356
38.10655328,0.03997496618,0.03798777186,0.05724170408,0.055667585
38.15240954,0.04066150025,0.03865954422,0.05748275309,0.055998594
38.1982658,0.0413473816,0.03933085985,0.05771253322,0.056317839
38.24412206,0.04203222564,0.04000133711,0.0579306917,0.05662489637
38.28997832,0.04271564775,0.04067059435,0.05813687577,0.05691934253
38.33583458,0.04339726331,0.04133824993,0.05833073269,0.05720075385
38.38169085,0.04407668771,0.0420039222,0.05851190969,0.05746870674
38.42754711,0.04475353635,0.04266722952,0.05868005402,0.05772277758
38.47340337,0.04542742462,0.04332779025,0.05883481292,0.05796254276
38.51925963,0.04609796789,0.04398522275,0.05897583364,0.05818757869
38.56511589,0.04676478157,0.04463914536,0.05910276341,0.05839746174
38.61097215,0.04742748103,0.04528917644,0.05921524948,0.05859176832
38.65682841,0.04808568168,0.04593493436,0.0593129391,0.05877007481
38.70268468,0.04873899889,0.04657603746,0.05939547951,0.05893195761
38.74854094,0.04938704806,0.0472121041,0.05946251795,0.05907699311
38.7943972,0.05002944457,0.04784275263,0.05951370166,0.0592047577
38.84025346,0.05066580381,0.04846760142,0.05954867789,0.05931482778
38.88610972,0.05129574118,0.04908626882,0.05956709388,0.05940677973
38.93196598,0.05191887206,0.04969837318,0.05956859688,0.05948018995
38.97782224,0.05253481184,0.05030353286,0.05955283413,0.05953463483
39.02367851,0.05314317591,0.05090136622,0.05951945287,0.05956969077
39.06953477,0.05374357965,0.05149149161,0.05946810035,0.05958493415
39.11539103,0.05433563846,0.05207352738,0.0593984238,0.05957994136
39.16124729,0.05491896773,0.0526470919,0.05931007048,0.05955428881
39.20710355,0.05549318284,0.05321180352,0.05920268762,0.05950755288
39.25295981,0.05605789918,0.05376728059,0.05907592247,0.05943930997
39.29881607,0.05661273215,0.05431314147,0.05892942227,0.05934913646
39.34467234,0.05715729712,0.05484900452,0.05876283427,0.05923660875
39.3905286,0.0576912095,0.05537448809,0.05857580571,0.05910130323
39.43638486,0.05821408466,0.05588921054,0.05836798383,0.05894279629
39.48224112,0.058725538,0.05639279022,0.05813901588,0.05876066433
39.52809738,0.05922518491,0.05688484549,0.0578885491,0.05855448374
39.57395364,0.05971264077,0.0573649947,0.05761623073,0.05832383091
39.6198099,0.06018752097,0.05783285622,0.05732170801,0.05806828223
39.66566617,0.0606494409,0.05828804839,0.0570046282,0.05778741409
39.71152243,0.06109801596,0.05873018957,0.05666463853,0.0574808029
39.75737869,0.06153286153,0.05915889812,0.05630138625,0.05714802503
39.80323495,0.06195359299,0.05957379239,0.05591451859,0.05678865688
39.84909121,0.06235982574,0.05997449075,0.05550368281,0.05640227485
39.89494747,0.06275117517,0.06036061154,0.05506852615,0.05598845532
39.94080374,0.06312725666,0.06073177312,0.05460869585,0.05554677469
39.98666,0.06348768561,0.06108759384,0.05412383915,0.05507680936
40.03251626,0.0638320774,0.06142769207,0.0536136033,0.0545781357
40.07837252,0.06416004742,0.06175168616,0.05307763553,0.05405033012
40.12422878,0.06447121106,0.06205919446,0.05251558311,0.05349296901
40.17008504,0.06476518371,0.06234983533,0.05192709326,0.05290562875
40.2159413,0.06504158076,0.06262322713,0.05131181323,0.05228788575
40.26179757,0.06530001759,0.06287898821,0.05066939026,0.0516393164
40.30765383,0.0655401096,0.06311673692,0.0499994716,0.05095949708
40.35351009,0.06576147218,0.06333609163,0.0493017045,0.05024800418
40.39936635,0.0659637207,0.06353667068,0.04857573619,0.04950441411
40.44522261,0.06614647057,0.06371809244,0.04782121391,0.04872830325
40.49107887,0.06630933717,0.06387997526,0.04703778492,0.047919248
40.53693513,0.06645193589,0.0640219375,0.04622509645,0.04707682474
40.5827914,0.06657388212,0.06414359751,0.04538279575,0.04620060988
40.62864766,0.06667479124,0.06424457364,0.04451053006,0.0452901798
40.67450392,0.06675427866,0.06432448426,0.04360794663,0.04434511089
40.72036018,0.06681195974,0.06438294772,0.04267469269,0.04336497954
40.76621644,0.06684744989,0.06441958237,0.0417104155,0.04234936216
40.8120727,0.06686036449,0.06443400658,0.04071476229,0.04129783513
40.85792896,0.06685031893,0.06442583868,0.03968738031,0.04020997484
40.90378523,0.06681692861,0.06439469706,0.0386279168,0.03908535769
40.94964149,0.0667598089,0.06434020004,0.037536019,0.03792356006
40.99549775,0.0666785752,0.06426196601,0.03641133417,0.03672415836
41.04135401,0.06657284289,0.0641596133,0.03525350954,0.03548672896
41.08721027,0.06644222737,0.06403276028,0.03406219235,0.03421084827
41.13306653,0.06628634403,0.06388102529,0.03283702985,0.03289609268
41.17892279,0.06610480824,0.06370402671,0.03157766929,0.03154203858
41.22477906,0.06589723541,0.06350138287,0.0302837579,0.03014826236
41.27063532,0.06566324092,0.06327271215,0.02895494293,0.02871434041
41.31649158,0.06540244016,0.06301763289,0.02759087162,0.02723984913
41.36234784,0.06511444852,0.06273576344,0.02619119122,0.02572436491
41.4082041,0.06479888138,0.06242672218,0.02475554897,0.02416746414
41.45406036,0.06445535414,0.06209012744,0.02328359211,0.02256872321
41.49991662,0.06408348218,0.0617255976,0.02177496789,0.02092771852
41.54577289,0.0636828809,0.06133275099,0.02022932355,0.01924402645
41.59162915,0.06325316568,0.06091120598,0.01864630633,0.0175172234
41.63748541,0.06279395191,0.06046058093,0.01702556347,0.01574688577
41.68334167,0.06230782143,0.05998343813,0.01537136762,0.01393804877
41.72919793,0.06182727196,0.05951202753,0.01373455112,0.01215069118
41.77505419,0.06136120234,0.05905517673,0.01212897678,0.0104011491
41.82091046,0.06090944103,0.0586127115,0.01055434576,0.008689044005
41.86676672,0.06047181649,0.05818445759,0.009010359234,0.007013997355
41.91262298,0.06004815718,0.05777024079,0.007496718382,0.005375630617
41.95847924,0.05963829158,0.05736988687,0.006013124374,0.003773565258
42.0043355,0.05924204814,0.05698322158,0.004559278385,0.002207422743
42.05019176,0.05885925532,0.05661007071,0.003134881589,0.0006768245378
42.09604802,0.05848974161,0.05625026002,0.001739635157,-0.0008186078912
42.14190429,0.05813333545,0.05590361528,0.0003732402651,-0.002279253079
42.18776055,0.05778986531,0.05556996227,-0.0009646019143,-0.003705489558
42.23361681,0.05745915966,0.05524912674,-0.002274190207,-0.005097695865
42.27947307,0.05714104696,0.05494093448,-0.003555823441,-0.006456250533
42.32532933,0.05683535567,0.05464521124,-0.004809800441,-0.007781532095
42.37118559,0.05654191426,0.05436178281,-0.006036420034,-0.009073919087
42.41704185,0.0562605512,0.05409047495,-0.007235981047,-0.01033379004
42.46289812,0.05599109494,0.05383111343,-0.008408782305,-0.0115615235
42.50875438,0.05573337396,0.05358352402,-0.009555122637,-0.01275749798
42.55461064,0.05548721671,0.05334753249,-0.01067530087,-0.01392209203
42.6004669,0.05525245166,0.05312296461,-0.01176961582,-0.01505568418
42.64632316,0.05502890728,0.05290964615,-0.01283836633,-0.01615865297
42.69217942,0.05481641203,0.05270740288,-0.01388185121,-0.01723137692
42.73803568,0.05461479437,0.05251606056,-0.0149003693,-0.01827423458
42.78389195,0.05442388276,0.05233544498,-0.01589421943,-0.01928760447
42.82974821,0.05424350568,0.05216538189,-0.01686370041,-0.02027186514
42.87560447,0.05407349159,0.05200569708,-0.01780911107,-0.02122739511
42.92146073,0.05391366895,0.0518562163,-0.01873075024,-0.02215457292
42.96731699,0.05376386622,0.05171676533,-0.01962891675,-0.0230537771
43.01317325,0.05362391187,0.05158716993,-0.02050390943,-0.0239253862
43.05902951,0.05349363437,0.05146725589,-0.02135602709,-0.02476977873
43.10488578,0.05337286217,0.05135684896,-0.02218556857,-0.02558733324
43.15074204,0.05326142374,0.05125577492,-0.02299283269,-0.02637842826
43.1965983,0.05315914755,0.05116385953,-0.02377811828,-0.02714344233
43.24245456,0.05306586207,0.05108092858,-0.02454172417,-0.02788275398
43.28831082,0.05298139574,0.05100680781,-0.02528394918,-0.02859674173
43.33416708,0.05290557705,0.05094132302,-0.02600509214,-0.02928578414
43.38002335,0.05283823445,0.05088429996,-0.02670545187,-0.02995025973
43.42587961,0.0527791964,0.0508355644,-0.02738532721,-0.03059054703
43.47173587,0.05272829138,0.05079494213,-0.02804501697,-0.03120702458
43.51759213,0.05268534785,0.05076225889,-0.02868481998,-0.03180007092
43.56344839,0.05265019427,0.05073734047,-0.02930503508,-0.03237006457
43.60930465,0.0526226591,0.05072001264,-0.02990596109,-0.03291738408
43.65516091,0.05260257081,0.05071010116,-0.03048789682,-0.03344240798
43.70101718,0.05258975786,0.05070743181,-0.03105114112,-0.03394551479
43.74687344,0.05258404873,0.05071183035,-0.03159599281,-0.03442708306
43.7927297,0.05258527186,0.05072312255,-0.03212275071,-0.03488749132
43.83858596,0.05259325573,0.05074113419,-0.03263171364,-0.03532711811
43.88444222,0.0526078288,0.05076569103,-0.03312318045,-0.03574634195
43.93029848,0.05262881954,0.05079661884,-0.03359744994,-0.03614554138
43.97615474,0.05265605641,0.0508337434,-0.03405482096,-0.03652509494
44.02201101,0.05268936787,0.05087689047,-0.03449559232,-0.03688538116
44.06786727,0.05272858238,0.05092588582,-0.03492006285,-0.03722677857
44.11372353,0.05277352842,0.05098055523,-0.03532853138,-0.03754966572
44.15957979,0.05282403445,0.05104072445,-0.03572129673,-0.03785442112
44.20543605,0.05287992893,0.05110621927,-0.03609865774,-0.03814142332
44.25129231,0.05294104032,0.05117686545,-0.03646091322,-0.03841105086
44.29714857,0.05300719709,0.05125248876,-0.03680836201,-0.03866368226
44.34300484,0.05307822771,0.05133291498,-0.03714130292,-0.03889969605
44.3888611,0.05315396063,0.05141796986,-0.0374600348,-0.03911947079
44.43471736,0.05323422433,0.05150747919,-0.03776485645,-0.03932338499
44.48057362,0.05331884726,0.05160126872,-0.03805606672,-0.03951181719
44.52642988,0.05340765789,0.05169916424,-0.03833396442,-0.03968514593
44.57228614,0.05350048469,0.0518009915,-0.03859884839,-0.03984374974
44.6181424,0.05359715612,0.05190657629,-0.03885101744,-0.03998800715
44.66399867,0.05369750064,0.05201574436,-0.03909077042,-0.04011829671
44.70985493,0.05380134672,0.0521283215,-0.03931840613,-0.04023499693
44.75571119,0.05390852282,0.05224413346,-0.03953422341,-0.04033848637
44.80156745,0.05401885741,0.05236300603,-0.03973852108,-0.04042914354
44.84742371,0.05413217895,0.05248476496,-0.03993159798,-0.04050734699
44.89327997,0.0542483159,0.05260923603,-0.04011375293,-0.04057347525
44.93913623,0.05436709674,0.05273624501,-0.04028528475,-0.04062790686
44.9849925,0.05448834991,0.05286561766,-0.04044649226,-0.04067102034
45.03084876,0.0546119039,0.05299717977,-0.04059767431,-0.04070319424
45.07670502,0.05473758716,0.05313075709,-0.04073912971,-0.04072480708
45.12256128,0.05486522815,0.0532661754,-0.04087115729,-0.04073623741
45.16841754,0.05499465535,0.05340326047,-0.04099405588,-0.04073786375
45.2142738,0.05512569721,0.05354183806,-0.0411081243,-0.04073006463
45.26013007,0.0552581822,0.05368173395,-0.04121366138,-0.04071321861
45.30598633,0.05539193878,0.05382277391,-0.04131096594,-0.04068770419
45.35184259,0.05552679542,0.0539647837,-0.04140033682,-0.04065389994
45.39769885,0.05566258059,0.0541075891,-0.04148207284,-0.04061218436
45.44355511,0.05579912274,0.05425101588,-0.04155647282,-0.04056293601
45.48941137,0.05593625034,0.0543948898,-0.04162383559,-0.04050653341
45.53526763,0.05607379186,0.05453903663,-0.04168445998,-0.0404433551
45.5811239,0.05621157576,0.05468328216,-0.04173864482,-0.04037377962
45.62698016,0.0563494305,0.05482745213,-0.04178668892,-0.04029818549
45.67283642,0.05648718455,0.05497137233,-0.04182889113,-0.04021695125
45.71869268,0.05662466637,0.05511486853,-0.04186555025,-0.04013045544
45.76454894,0.05676170443,0.05525776649,-0.04189696513,-0.04003907658
45.8104052,0.05689812719,0.05539989199,-0.04192343459,-0.03994319323
45.85626146,0.05703376311,0.05554107078,-0.04194525744,-0.03984318389
45.90211773,0.05716844067,0.05568112866,-0.04196273253,-0.03973942713
45.94797399,0.05730198832,0.05581989137,-0.04197615868,-0.03963230145
45.99383025,0.05743423452,0.0559571847,-0.0419858347,-0.03952218541
46.03968651,0.05756500775,0.05609283441,-0.04199205944,-0.03940945753
46.08554277,0.05769413647,0.05622666627,-0.04199513171,-0.03929449636
46.13139903,0.05782144913,0.05635850606,-0.04199535034,-0.03917768041
46.17725529,0.05794677421,0.05648817954,-0.04199301416,-0.03905938823
46.22311156,0.05806994018,0.05661551248,-0.041988422,-0.03893999836
46.26896782,0.05819077548,0.05674033065,-0.04198187267,-0.03881988932
46.31482408,0.0583091086,0.05686245983,-0.04197366502,-0.03869943965
46.36068034,0.05842476798,0.05698172577,-0.04196409786,-0.03857902788
46.4065366,0.05853758211,0.05709795426,-0.04195347001,-0.03845903255
46.45239286,0.05864737943,0.05721097106,-0.04194208032,-0.0383398322
46.49824912,0.05875398842,0.05732060194,-0.0419302276,-0.03822180535
46.54410539,0.05885723754,0.05742667267,-0.04191821068,-0.03810533054
46.58996165,0.05895695525,0.05752900902,-0.04190632839,-0.03799078631
46.63581791,0.05905297002,0.05762743676,-0.04189487954,-0.03787855118
46.68167417,0.05914511032,0.05772178165,-0.04188416298,-0.03776900371
46.72753043,0.0592332046,0.05781186948,-0.04187447753,-0.0376625224
46.77338669,0.05931708133,0.05789752601,-0.041866122,-0.03755948581
46.81924295,0.05939656898,0.05797857701,-0.04185939524,-0.03746027247
46.86509922,0.05947149601,0.05805484825,-0.04185459606,-0.03736526091
46.91095548,0.05954169088,0.05812616549,-0.04185202329,-0.03727482966
46.95681174,0.05960698206,0.05819235451,-0.04185197576,-0.03718935726
47.002668,0.05966719801,0.05825324109,-0.04185475229,-0.03710922224
47.04852426,0.0597221672,0.05830865098,-0.04186065172,-0.03703480314
47.09438052,0.05977171809,0.05835840995,-0.04186997286,-0.03696647849
47.14023679,0.05981567915,0.05840234379,-0.04188301454,-0.03690462682
47.18609305,0.05985387883,0.05844027825,-0.0419000756,-0.03684962668
47.23194931,0.05988614561,0.05847203911,-0.04192145485,-0.03680185659
47.27780557,0.05991230795,0.05849745214,-0.04194745113,-0.03676169509
47.32366183,0.05993219431,0.0585163431,-0.04197836325,-0.03672952071
47.36951809,0.05994563316,0.05852853777,-0.04201449005,-0.03670571198
47.41537435,0.05995245296,0.05853386192,-0.04205613036,-0.03669064745
47.46123062,0.05995248217,0.05853214131,-0.04210358299,-0.03668470564
47.50708688,0.05994554927,0.05852320172,-0.04215714678,-0.03668826509
47.55294314,0.05993148271,0.05850686891,-0.04221712054,-0.03670170433
47.5987994,0.05991011095,0.05848296866,-0.04228380312,-0.0367254019
47.64465566,0.05988126247,0.05845132674,-0.04235749334,-0.03675973634
47.69051192,0.05984476573,0.0584117689,-0.04243849001,-0.03680508617
47.73636818,0.05980044919,0.05836412094,-0.04252709197,-0.03686182992
47.78222445,0.05974814131,0.05830820861,-0.04262359805,-0.03693034615
47.82808071,0.05968767056,0.05824385768,-0.04272830706,-0.03701101337
47.87393697,0.05961886541,0.05817089393,-0.04284151784,-0.03710421012
47.91979323,0.05954155432,0.05808914312,-0.04296352922,-0.03721031494
47.96564949,0.05945556574,0.05799843102,-0.04309464002,-0.03732970636
48.01150575,0.05936072816,0.05789858341,-0.04323514906,-0.03746276292
48.05736201,0.05925687003,0.05778942605,-0.04338535517,-0.03760986314
48.10321828,0.05914381981,0.05767078471,-0.04354555719,-0.03777138557
48.14907454,0.05902140597,0.05754248517,-0.04371605393,-0.03794770874
48.1949308,0.05888945698,0.05740435318,-0.04389714422,-0.03813921118
48.24078706,0.05874780129,0.05725621454,-0.04408912689,-0.03834627142
48.28664332,0.05859626738,0.05709789499,-0.04429230076,-0.03856926801
48.33249958,0.05843468371,0.05692922031,-0.04450696467,-0.03880857947
48.37835584,0.05826287873,0.05675001628,-0.04473341744,-0.03906458434
48.42421211,0.05808068093,0.05656010866,-0.04497195788,-0.03933766115
48.47006837,0.05788791875,0.05635932321,-0.04522288484,-0.03962818843
48.51592463,0.05768442066,0.05614748572,-0.04548649714,-0.03993654473
48.56178089,0.05747001514,0.05592442195,-0.0457630936,-0.04026310858
48.60763715,0.05724453064,0.05568995767,-0.04605297305,-0.0406082585
48.65349341,0.05700779562,0.05544391865,-0.04635643432,-0.04097237304
48.69934967,0.05675963856,0.05518613066,-0.04667377623,-0.04135583073
48.74520594,0.05649988791,0.05491641948,-0.04700529761,-0.0417590101
48.7910622,0.05622837214,0.05463461085,-0.04735129728,-0.04218228968
48.83691846,0.05594491972,0.05434053057,-0.04771207408,-0.04262604802
48.88277472,0.0556493591,0.0540340044,-0.04808792683,-0.04309066364
48.92863098,0.05534151876,0.05371485811,-0.04847915435,-0.04357651508
48.97448724,0.05502122715,0.05338291747,-0.04888605548,-0.04408398087
49.02034351,0.05468831275,0.05303800824,-0.04930892903,-0.04461343955
49.06619977,0.05434260401,0.0526799562,-0.04974807383,-0.04516526965
49.11205603,0.0539839294,0.05230858712,-0.05020378872,-0.04573984971
49.15791229,0.05361211739,0.05192372677,-0.05067637252,-0.04633755826
49.20376855,0.05322699644,0.05152520092,-0.05116612405,-0.04695877383
49.24962481,0.052828395,0.05111283533,-0.05167334213,-0.04760387496
49.29548107,0.05241614156,0.05068645578,-0.05219832561,-0.04827324018
49.34133734,0.05199006456,0.05024588804,-0.0527413733,-0.04896724803
49.3871936,0.05154999249,0.04979095787,-0.05330278403,-0.04968627704
49.43304986,0.05109575379,0.04932149105,-0.05388285663,-0.05043070574
49.47890612,0.05062717694,0.04883731335,-0.05448188991,-0.05120091268
49.52476238,0.05014409039,0.04833825053,-0.05510018272,-0.05199727638
49.57061864,0.04964632262,0.04782412837,-0.05573803387,-0.05282017537
49.6164749,0.04913370209,0.04729477263,-0.0563957422,-0.0536699882
49.66233117,0.04860605725,0.04675000909,-0.05707360652,-0.05454709339
49.70818743,0.04806321659,0.04618966351,-0.05777192567,-0.05545186949
49.75404369,0.04750500855,0.04561356167,-0.05849099847,-0.05638469502
49.79989995,0.04693126161,0.04502152934,-0.05923112375,-0.05734594851
49.84575621,0.04634180422,0.04441339228,-0.05999260033,-0.05833600851
49.89161247,0.04573646486,0.04378897626,-0.06077572704,-0.05935525355
49.93746873,0.04511507199,0.04314810705,-0.06158080271,-0.06040406216
49.983325,0.04447745407,0.04249061043,-0.06240812616,-0.06148281287
50.02918126,0.04383198826,0.04182512859,-0.06324342009,-0.06257372208
50.07503752,0.04320931969,0.04118326766,-0.06403444698,-0.06361169781
50.12089378,0.04261192938,0.04056758602,-0.06477700089,-0.06459148518
50.16675004,0.04203950383,0.0399777599,-0.06547164112,-0.06551376653
50.2126063,0.04149172955,0.03941346556,-0.06611892702,-0.06637922418
50.25846256,0.04096829301,0.03887437923,-0.06671941791,-0.06718854047
50.30431883,0.04046888073,0.03836017716,-0.06727367311,-0.06794239772
50.35017509,0.03999317919,0.0378705356,-0.06778225195,-0.06864147826
50.39603135,0.03954087489,0.03740513078,-0.06824571376,-0.06928646442
50.44188761,0.03911165433,0.03696363896,-0.06866461787,-0.06987803854
50.48774387,0.038705204,0.03654573638,-0.06903952361,-0.07041688292
50.53360013,0.03832121039,0.03615109928,-0.0693709903,-0.07090367992
50.57945639,0.03795936001,0.0357794039,-0.06965957727,-0.07133911185
50.62531266,0.03761933935,0.0354303265,-0.06990584385,-0.07172386104
50.67116892,0.0373008349,0.03510354331,-0.07011034936,-0.07205860982
50.71702518,0.03700353316,0.03479873057,-0.07027365314,-0.07234404053
50.76288144,0.03672712063,0.03451556455,-0.07039631451,-0.07258083548
50.8087377,0.0364712838,0.03425372146,-0.0704788928,-0.07276967701
50.85459396,0.03623570917,0.03401287757,-0.07052194733,-0.07291124745
50.90045023,0.03602008322,0.03379270912,-0.07052603744,-0.07300622912
50.94630649,0.03582409247,0.03359289234,-0.07049172245,-0.07305530436
50.99216275,0.0356474234,0.03341310349,-0.07041956168,-0.07305915548
51.03801901,0.03548976251,0.03325301881,-0.07031011447,-0.07301846483
51.08387527,0.03535079629,0.03311231454,-0.07016394015,-0.07293391473
51.12973153,0.03523021125,0.03299066693,-0.06998159804,-0.0728061875
51.17558779,0.03512769387,0.03288775222,-0.06976364746,-0.07263596548
51.22144406,0.03504293065,0.03280324665,-0.06951064775,-0.072423931
51.26730032,0.03497560809,0.03273682647,-0.06922315824,-0.07217076638
51.31315658,0.03492541269,0.03268816793,-0.06890173825,-0.07187715395
51.35901284,0.03489203093,0.03265694726,-0.0685469471,-0.07154377604
51.4048691,0.03487514931,0.03264284072,-0.06815934414,-0.07117131499
51.45072536,0.03487445434,0.03264552454,-0.06773948867,-0.07076045311
51.49658162,0.0348896325,0.03266467498,-0.06728794004,-0.07031187273
51.54243789,0.0349203703,0.03269996827,-0.06680525757,-0.0698262562
51.58829415,0.03496635422,0.03275108065,-0.06629200058,-0.06930428582
51.63415041,0.03502727076,0.03281768838,-0.06574872841,-0.06874664394
51.68000667,0.03510280642,0.0328994677,-0.06517600038,-0.06815401288
51.72586293,0.03519264769,0.03299609485,-0.06457437582,-0.06752707497
51.77171919,0.03529648108,0.03310724608,-0.06394441405,-0.06686651254
51.81757545,0.03541399307,0.03323259763,-0.06328667441,-0.06617300791
51.86343172,0.03554487016,0.03337182574,-0.06260171623,-0.06544724343
51.90928798,0.03568879884,0.03352460666,-0.06189009882,-0.0646899014
51.95514424,0.03584546562,0.03369061663,-0.06115238152,-0.06390166417
52.0010005,0.03601455698,0.0338695319,-0.06038912365,-0.06308321406
52.04685676,0.03619575943,0.03406102871,-0.05960088455,-0.0622352334
52.09271302,0.03638875946,0.0342647833,-0.05878822353,-0.06135840451
52.13856928,0.03659324356,0.03448047193,-0.05795169993,-0.06045340974
52.18442555,0.03680889823,0.03470777083,-0.05709187308,-0.0595209314
52.23028181,0.03703540997,0.03494635625,-0.0562093023,-0.05856165182
52.27613807,0.03727246527,0.03519590443,-0.05530454692,-0.05757625334
52.32199433,0.03751975062,0.03545609162,-0.05437816626,-0.05656541828
52.36785059,0.03777695253,0.03572659406,-0.05343071966,-0.05552982897
52.41370685,0.03804375748,0.03600708799,-0.05246276645,-0.05447016774
52.45956311,0.03831985198,0.03629724966,-0.05147486594,-0.05338711692
52.50541938,0.03860492252,0.03659675532,-0.05046757747,-0.05228135883
52.55127564,0.0388986556,0.03690528121,-0.04944146037,-0.0511535758
52.5971319,0.0392007377,0.03722250356,-0.04839707396,-0.05000445017
52.64298816,0.03951085533,0.03754809864,-0.04733497757,-0.04883466427
52.68884442,0.03982869499,0.03788174267,-0.04625573052,-0.04764490041
52.73470068,0.04015394316,0.03822311191,-0.04515989216,-0.04643584093
52.78055695,0.04048628634,0.0385718826,-0.04404802179,-0.04520816816
52.82641321,0.04082541103,0.03892773098,-0.04292067876,-0.04396256443
52.87226947,0.04117100373,0.03929033329,-0.04177842238,-0.04269971206
52.91812573,0.04152275093,0.03965936579,-0.04062181199,-0.04142029338
52.96398199,0.04188033912,0.04003450472,-0.03945140691,-0.04012499073
53.00983825,0.0422434548,0.04041542632,-0.03826776647,-0.03881448642
53.05569451,0.04261178447,0.04080180683,-0.03707145,-0.0374894628
53.10155078,0.04298501463,0.0411933225,-0.03586301683,-0.03615060218
53.14740704,0.04336283176,0.04158964957,-0.03464302628,-0.03479858691
53.1932633,0.04374492237,0.04199046429,-0.03341203768,-0.03343409929
53.23911956,0.04413097294,0.0423954429,-0.03217061035,-0.03205782167
53.28497582,0.04452066998,0.04280426164,-0.03091930364,-0.03067043637
53.33083208,0.04491369998,0.04321659677,-0.02965867686,-0.02927262573
53.37668834,0.04530974944,0.04363212452,-0.02838928933,-0.02786507206
53.42254461,0.04570850485,0.04405052114,-0.0271117004,-0.0264484577
53.46840087,0.0461096527,0.04447146287,-0.02582646938,-0.02502346498
53.51425713,0.0465128795,0.04489462595,-0.02453415561,-0.02359077622
53.56011339,0.04691787174,0.04531968664,-0.02323531841,-0.02215107376
53.60596965,0.04732431592,0.04574632117,-0.0219305171,-0.02070503992
53.65182591,0.04773189852,0.0461742058,-0.02062031102,-0.01925335703
53.69768217,0.04814030605,0.04660301675,-0.0193052595,-0.01779670742
53.74353844,0.048549225,0.04703243028,-0.01798592186,-0.01633577342
53.7893947,0.04895834187,0.04746212264,-0.01666285742,-0.01487123736
53.83525096,0.04936734315,0.04789177006,-0.01533662553,-0.01340378156
53.88110722,0.04977591534,0.04832104879,-0.01400778549,-0.01193408836
53.92696348,0.05018374493,0.04874963508,-0.01267689665,-0.01046284008
53.97281974,0.05059051842,0.04917720517,-0.01134451833,-0.008990719051
54.018676,0.05099592231,0.0496034353,-0.01001120985,-0.007518407602
54.06453227,0.05139964309,0.05002800171,-0.008677530545,-0.006046588063
54.11038853,0.05180136725,0.05045058066,-0.007344039744,-0.00457594276
54.15624479,0.0522007813,0.05087084839,-0.006011296772,-0.003107154024
54.20210105,0.05259757172,0.05128848113,-0.004679860957,-0.001640904182
54.24795731,0.05299142502,0.05170315514,-0.003350291626,-0.0001778755633
54.29381357,0.05338202768,0.05211454666,-0.002023148106,0.001281249504
54.33966983,0.05376906621,0.05252233193,-0.0006989897264,0.00273578869
54.3855261,0.0541522271,0.05292618719,0.0006216241866,0.004185059668
54.43138236,0.05453119685,0.0533257887,0.001938134305,0.005628380108
54.47723862,0.05490566195,0.05372081269,0.003249981302,0.007065067681
54.52309488,0.05527530889,0.05411093542,0.004556605849,0.00849444006
54.56895114,0.05563982418,0.05449583312,0.005857448619,0.009915814915
54.6148074,0.05599889431,0.05487518203,0.007151950284,0.01132850992
54.66066367,0.05635220577,0.05524865841,0.008439551517,0.01273184274
54.70651993,0.05669944506,0.05561593849,0.009719692991,0.01412513106
54.75237619,0.05704029867,0.05597669853,0.01099181538,0.01550769253
54.79823245,0.05737445311,0.05633061476,0.01225535935,0.01687884484
54.84408871,0.05770159486,0.05667736343,0.01350976558,0.01823790565
54.88994497,0.05802141042,0.05701662078,0.01475447474,0.01958419264
54.93580123,0.0583335863,0.05734806306,0.0159889275,0.02091702348
54.9816575,0.05863780897,0.05767136651,0.01721256454,0.02223571584
55.02751376,0.05893376494,0.05798620738,0.01842482652,0.02353958739
55.07337002,0.05922114071,0.05829226191,0.01962515412,0.0248279558
55.11922628,0.05949962277,0.05858920635,0.02081298802,0.02610013874
55.16508254,0.05976889762,0.05887671693,0.02198776888,0.02735545389
55.2109388,0.06002865174,0.05915446991,0.02314893738,0.02859321891
55.25679506,0.06027857165,0.05942214152,0.02429593419,0.02981275148
55.30265133,0.06051834382,0.05967940802,0.02542819998,0.03101336927
55.34850759,0.06074765477,0.05992594564,0.02654517542,0.03219438995
55.39436385,0.06096619097,0.06016143063,0.0276463012,0.03335513119
55.44022011,0.06117363894,0.06038553923,0.02873101797,0.03449491067
55.48607637,0.06136968516,0.0605979477,0.02979876641,0.03561304605
55.53193263,0.06155401614,0.06079833226,0.0308489872,0.036708855
55.57778889,0.06172631836,0.06098636918,0.03188112101,0.0377816552
55.62364516,0.06188627832,0.06116173468,0.0328946085,0.03883076432
55.66950142,0.06203358252,0.06132410502,0.03388889036,0.03985550004
55.71535768,0.06216791746,0.06147315644,0.03486340725,0.04085518001
55.76121394,0.06228896962,0.06160856518,0.03581759984,0.04182912191
55.8070702,0.06239642551,0.0617300075,0.03675090882,0.04277664342
55.85292646,0.06248997161,0.06183715962,0.03766277485,0.04369706221
55.89878272,0.06256929444,0.0619296978,0.0385526386,0.04458969594
55.94463899,0.06263408047,0.06200729828,0.03941994075,0.04545386229
55.99049525,0.06268401621,0.06206963731,0.04026412197,0.04628887893
56.03635151,0.06271878816,0.06211639112,0.04108462293,0.04709406353
56.08220777,0.0627380828,0.06214723597,0.0418808843,0.04786873376
56.12806403,0.06274158664,0.0621618481,0.04265234676,0.0486122073
56.17392029,0.06272898617,0.06215990375,0.04339845098,0.04932380181
56.21977655,0.06269996788,0.06214107916,0.04411863763,0.05000283497
56.26563282,0.06265421827,0.06210505059,0.04481234738,0.05064862444
56.31148908,0.06259142384,0.06205149427,0.04547902091,0.05126048791
56.35734534,0.06251127108,0.06198008645,0.04611809889,0.05183774304
56.4032016,0.06241344649,0.06189050337,0.04672902199,0.0523797075
56.44905786,0.06229763657,0.06178242128,0.04731123089,0.05288569896
56.49491412,0.0621635278,0.06165551642,0.04786416624,0.0533550351
56.54077039,0.06201080668,0.06150946503,0.04838726874,0.05378703358
56.58662665,0.06183915972,0.06134394337,0.04887997905,0.05418101209
56.63248291,0.0616482734,0.06115862767,0.04934173784,0.05453628828
56.67833917,0.06143783423,0.06095319418,0.04977198579,0.05485217983
56.72419543,0.06120752869,0.06072731914,0.05017016357,0.05512800441
56.77005169,0.06095704329,0.0604806788,0.05053571184,0.0553630797
56.81590795,0.06068606451,0.0602129494,0.05086807129,0.05555672336
56.86176422,0.06039427886,0.05992380718,0.05116668259,0.05570825307
56.90762048,0.06008137282,0.0596129284,0.0514309864,0.0558169865
56.95347674,0.0597470329,0.05927998928,0.05166042341,0.05588224131
56.999333,0.0593909456,0.05892466609,0.05185443428,0.05590333519
57.04518926,0.0590127974,0.05854663506,0.05201245968,0.0558795858
57.09104552,0.0586122748,0.05814557243,0.05213394029,0.05581031081
57.13690178,0.0581890643,0.05772115446,0.05221831678,0.05569482789
57.18275805,0.05774285239,0.05727305738,0.05226502983,0.05553245472
57.22861431,0.05727332558,0.05680095744,0.05227352009,0.05532250897
57.27447057,0.05678017034,0.05630453088,0.05224322826,0.05506430831
57.32032683,0.05626307319,0.05578345395,0.052173595,0.0547571704
57.36618309,0.05572172061,0.0552374029,0.05206406098,0.05440041293
57.41203935,0.05515579911,0.05466605396,0.05191406687,0.05399335356
57.45789561,0.05456499517,0.05406908338,0.05172305336,0.05353530997
57.50375188,0.0539489953,0.0534461674,0.0514904611,0.05302559982
57.54960814,0.05330748598,0.05279698227,0.05121573077,0.05246354079
57.5954644,0.05264015372,0.05212120424,0.05089830305,0.05184845054
57.64132066,0.051946685,0.05141850954,0.05053761861,0.05117964676
57.68717692,0.05122676634,0.05068857442,0.05013311812,0.05045644711
57.73303318,0.05048008421,0.04993107513,0.04968424225,0.04967816926
57.77888944,0.04970632512,0.04914568791,0.04919043167,0.04884413088
57.82474571,0.04890517556,0.04833208901,0.04865112707,0.04795364965
57.87060197,0.04807632204,0.04748995466,0.0480657691,0.04700604324
57.91645823,0.04721945103,0.04661896112,0.04743379844,0.04600062931
57.96231449,0.04633424904,0.04571878462,0.04675465577,0.04493672554
58.00817075,0.04542040257,0.04478910141,0.04602778175,0.04381364961
58.05402701,0.04447759811,0.04382958774,0.04525261707,0.04263071918
58.09988327,0.04350552215,0.04283991985,0.04442860238,0.04138725192
58.14573954,0.0425038612,0.04181977398,0.04355517837,0.0400825655
58.1915958,0.04147230174,0.04076882638,0.04263178571,0.03871597761
58.23745206,0.04041053028,0.03968675329,0.04165786507,0.0372868059
58.28330832,0.03931823331,0.03857323096,0.04063285712,0.03579436805
58.32916458,0.03819509731,0.03742793563,0.03955620253,0.03423798173
58.37502084,0.03705534348,0.03626590052,0.0384613592,0.0326644489
58.42087711,0.03591936952,0.03510867139,0.03739589675,0.0311401329
58.46673337,0.03478736452,0.03395643342,0.03635986674,0.02966497884
58.51258963,0.03365937273,0.0328092187,0.03535298093,0.02823845721
58.55844589,0.03253543839,0.03166705934,0.0343749511,0.0268600385
58.60430215,0.03141560574,0.03052998744,0.033425489,0.02552919318
58.65015841,0.03029991902,0.0293980351,0.03250430641,0.02424539174
58.69601467,0.02918842249,0.02827123442,0.03161111507,0.02300810467
58.74187094,0.02808116038,0.0271496175,0.03074562677,0.02181680244
58.7877272,0.02697817694,0.02603321644,0.02990755326,0.02067095555
58.83358346,0.02587951641,0.02492206334,0.02909660631,0.01957003447
58.87943972,0.02478522303,0.0238161903,0.02831249767,0.01851350969
58.92529598,0.02369534105,0.02271562942,0.02755493913,0.01750085169
58.97115224,0.02260991471,0.02162041281,0.02682364244,0.01653153096
59.0170085,0.02152898825,0.02053057257,0.02611831936,0.01560501798
59.06286477,0.02045260592,0.01944614078,0.02543868166,0.01472078323
59.10872103,0.01938081196,0.01836714957,0.0247844411,0.0138782972
59.15457729,0.01831365061,0.01729363102,0.02415530946,0.01307703037
59.20043355,0.01725116611,0.01622561723,0.02355099849,0.01231645323
59.24628981,0.01619340272,0.01516314031,0.02297121995,0.01159603625
59.29214607,0.01514040467,0.01410623237,0.02241568562,0.01091524993
59.33800233,0.01409221621,0.01305492549,0.02188410725,0.01027356475
59.3838586,0.01304888157,0.01200925178,0.02137619662,0.009670451181
59.42971486,0.01201044501,0.01096924334,0.02089166548,0.00910537972
59.47557112,0.01097695077,0.009934932268,0.0204302256,0.008577820847
59.52142738,0.00994844308,0.008906350671,0.01999158874,0.008087245045
59.56728364,0.008924966197,0.007883530645,0.01957546667,0.007633122799
59.6131399,0.00790656436,0.006866504293,0.01918157116,0.007214924591
59.65899616,0.006893281812,0.005855303714,0.01880961396,0.006832120906
59.70485243,0.005885162797,0.004849961009,0.01845930685,0.006484182228
59.75070869,0.004882251558,0.003850508279,0.01813036158,0.00617057904
59.79656495,0.003884592338,0.002856977625,0.01782248992,0.005890781825
59.84242121,0.00289222938,0.001869401146,0.01753540364,0.005644261069
59.88827747,0.001905206929,0.000887810945,0.0172688145,0.005430487254
59.93413373,0.000923569226,-8.776087876e-05,0.01702243426,0.005248930864
59.97998999,-5.263948433e-05,-0.001057282224,0.01679597469,0.005099062383
60.02584626,-0.001023374959,-0.002020720991,0.01658914756,0.004980352294
60.07170252,-0.001988592955,-0.002978045078,0.01640166462,0.004892271083
60.11755878,-0.002948249228,-0.003929222385,0.01623323764,0.004834289231
60.16341504,-0.003902299536,-0.004874220811,0.01608357839,0.004805877223
60.2092713,-0.004850699635,-0.005813008256,0.01595239863,0.004806505543
60.25512756,-0.005793405282,-0.006745552618,0.01583941013,0.004835644675
60.30098383,-0.006730372234,-0.007671821798,0.01574432465,0.004892765102
60.34684009,-0.007661556247,-0.008591783693,0.01566685395,0.004977337307
60.39269635,-0.008586913078,-0.009505406205,0.0156067098,0.005088831776
60.43855261,-0.009506398483,-0.01041265723,0.01556360396,0.005226718991
60.48440887,-0.01041996822,-0.01131350467,0.0155372482,0.005390469436
60.53026513,-0.01132757805,-0.01220791643,0.01552735428,0.005579553595
60.57612139,-0.01222918372,-0.0130958604,0.01553363396,0.005793441952
60.62197766,-0.01312474099,-0.01397730448,0.01555579902,0.00603160499
60.66783392,-0.01401420562,-0.01485221657,0.01559356122,0.006293513194
60.71369018,-0.01489753336,-0.01572056457,0.01564663231,0.006578637046
60.75954644,-0.01577467998,-0.01658231639,0.01571472407,0.006886447031
60.8054027,-0.01664560122,-0.01743743991,0.01579754825,0.007216413633
60.85125896,-0.01751025285,-0.01828590304,0.01589481663,0.007568007335
60.89711522,-0.01836859062,-0.01912767368,0.01600624097,0.007940698621
60.94297149,-0.01922057029,-0.01996271973,0.01613153303,0.008333957974
60.98882775,-0.02006614762,-0.02079100909,0.01627040457,0.008747255879
61.03468401,-0.02090527836,-0.02161250965,0.01642256737,0.009180062819
61.08054027,-0.02173791826,-0.02242718932,0.01658773318,0.009631849279
61.12639653,-0.02256402309,-0.02323501599,0.01676561377,0.01010208574
61.17225279,-0.02338354861,-0.02403595757,0.0169559209,0.01059024269
61.21810905,-0.02419645056,-0.02482998195,0.01715836635,0.01109579061
61.26396532,-0.02500268471,-0.02561705703,0.01737266186,0.01161819998
61.30982158,-0.0258022068,-0.02639715072,0.01759851922,0.01215694129
61.35567784,-0.02659497261,-0.02717023091,0.01783565017,0.01271148502
61.4015341,-0.02738093789,-0.02793626549,0.01808376649,0.01328130166
61.44739036,-0.02816005838,-0.02869522238,0.01834257995,0.01386586169
61.49324662,-0.02893228986,-0.02944706947,0.01861180229,0.01446463558
61.53910288,-0.02969758807,-0.03019177466,0.0188911453,0.01507709384
61.58495915,-0.03045590877,-0.03092930585,0.01918032073,0.01570270694
61.63081541,-0.03120720772,-0.03165963093,0.01947904035,0.01634094536
61.67667167,-0.03195144068,-0.03238271781,0.01978701592,0.01699127958
61.72252793,-0.0326885634,-0.03309853439,0.02010395921,0.0176531801
61.76838419,-0.03341853164,-0.03380704856,0.02042958199,0.0183261174
61.81424045,-0.03414130116,-0.03450822823,0.020763596,0.01900956195
61.86009672,-0.03485682771,-0.0352020413,0.02110571303,0.01970298424
61.90595298,-0.03556506704,-0.03588845565,0.02145564484,0.02040585477
61.95180924,-0.03626597493,-0.0365674392,0.02181310318,0.021117644
61.9976655,-0.03695950711,-0.03723895984,0.02217779983,0.02183782243
62.04352176,-0.03764561936,-0.03790298548,0.02254944654,0.02256586053
62.08937802,-0.03832426742,-0.038559484,0.02292775509,0.0233012288
62.13523428,-0.03899540706,-0.03920842331,0.02331243724,0.02404339771
62.18109055,-0.03965899402,-0.03984977132,0.02370320475,0.02479183775
62.22694681,-0.04031498407,-0.04048349591,0.02409976938,0.0255460194
62.27280307,-0.04096333297,-0.04110956499,0.02450184291,0.02630541315
62.31865933,-0.04160399646,-0.04172794646,0.02490913709,0.02706948948
62.36451559,-0.04223693031,-0.04233860822,0.02532136369,0.02783771887
62.41037185,-0.04286209027,-0.04294151816,0.02573823447,0.02860957181
62.45622811,-0.04347943211,-0.04353664419,0.0261594612,0.02938451879
62.50208438,-0.04408891157,-0.0441239542,0.02658475565,0.03016203027
62.54794064,-0.04469048441,-0.0447034161,0.02701382957,0.03094157676
62.5937969,-0.04528410639,-0.04527499778,0.02744639474,0.03172262873
62.63965316,-0.04586973327,-0.04583866714,0.02788216291,0.03250465667
62.68550942,-0.04644732081,-0.04639439209,0.02832084585,0.03328713105
62.73136568,-0.04701682475,-0.04694214052,0.02876215532,0.03406952237
62.77722194,-0.04757820086,-0.04748188033,0.0292058031,0.03485130111
62.82307821,-0.04813140489,-0.04801357942,0.02965150094,0.03563193775
62.86893447,-0.0486763926,-0.04853720568,0.03009896061,0.03641090278
62.91479073,-0.04921311975,-0.04905272703,0.03054789387,0.03718766667
62.96064699,-0.0497415421,-0.04956011136,0.03099801248,0.03796169992
63.00650325,-0.05026161539,-0.05005932656,0.03144902822,0.038732473
63.05235951,-0.05077329539,-0.05055034054,0.03190065285,0.0394994564
63.09821577,-0.05127653786,-0.0510331212,0.03235259813,0.04026212061
63.14407204,-0.05177129854,-0.05150763643,0.03280457582,0.04101993611
63.1899283,-0.05225753321,-0.05197385414,0.03325629769,0.04177237337
63.23578456,-0.0527351976,-0.05243174222,0.0337074755,0.0425189029
63.28164082,-0.05320424749,-0.05288126857,0.03415782103,0.04325899516
63.32749708,-0.05366463862,-0.0533224011,0.03460704602,0.04399212064
63.37335334,-0.05411632676,-0.0537551077,0.03505486226,0.04471774983
63.4192096,-0.05455926766,-0.05417935627,0.03550098149,0.04543535321
63.46506587,-0.05499341708,-0.05459511472,0.03594511549,0.04614440127
63.51092213,-0.05541873077,-0.05500235093,0.03638697602,0.04684436448
63.55677839,-0.05583516449,-0.05540103281,0.03682627485,0.04753471333
63.60263465,-0.056242674,-0.05579112826,0.03726272374,0.04821491831
63.64849091,-0.05664121505,-0.05617260518,0.03769603445,0.0488844499
63.69434717,-0.05703074341,-0.05654543147,0.03812591875,0.04954277858
63.74020344,-0.05741121482,-0.05690957502,0.0385520884,0.05018937484
63.7860597,-0.05778258504,-0.05726500374,0.03897425516,0.05082370916
63.83191596,-0.05814480984,-0.05761168553,0.03939213081,0.05144525202
63.87777222,-0.05849784496,-0.05794958828,0.03980542711,0.05205347391
63.92362848,-0.05884164617,-0.05827867989,0.04021385582,0.05264784531
63.96948474,-0.05917616922,-0.05859892827,0.0406171287,0.05322783671
64.015341,-0.05950136987,-0.05891030131,0.04101495752,0.05379291858
64.06119727,-0.05981720387,-0.05921276692,0.04140705404,0.05434256142
64.10705353,-0.06012362699,-0.05950629298,0.04179313004,0.05487623571
64.15290979,-0.06042059497,-0.05979084741,0.04217289726,0.05539341192
64.19876605,-0.06070806358,-0.06006639809,0.04254606749,0.05589356055
64.24462231,-0.06098598857,-0.06033291294,0.04291235247,0.05637615208
64.29047857,-0.06125432569,-0.06059035984,0.04327146398,0.05684065699
64.33633483,-0.06151303071,-0.06083870671,0.04362311378,0.05728654576
64.3821911,-0.06176205939,-0.06107792143,0.04396701364,0.05771328888
64.42804736,-0.06200136747,-0.0613079719,0.04430287531,0.05812035684
64.47390362,-0.06223091071,-0.06152882604,0.04463041057,0.05850722011
64.51975988,-0.06245064488,-0.06174045172,0.04494933118,0.05887334919
64.56561614,-0.06266052573,-0.06194281687,0.0452593489,0.05921821454
64.6114724,-0.06286050901,-0.06213588937,0.0455601755,0.05954128667
64.65732866,-0.06305055048,-0.06231963712,0.04585152274,0.05984203604
64.70318493,-0.0632306059,-0.06249402802,0.04613310238,0.06011993315
64.74904119,-0.06340063103,-0.06265902998,0.0464046262,0.06037444848
64.79489745,-0.06356058162,-0.06281461088,0.04666580595,0.06060505252
64.84075371,-0.06371041342,-0.06296073864,0.04691635339,0.06081121574
64.88660997,-0.06385008221,-0.06309738115,0.04715598031,0.06099240863
64.93246623,-0.06397954372,-0.06322450631,0.04738439845,0.06114810167
64.97832249,-0.06409875372,-0.06334208201,0.04760131958,0.06127776535
65.02417876,-0.06420766797,-0.06345007617,0.04780645547,0.06138087016
65.07003502,-0.06430624222,-0.06354845667,0.04799951789,0.06145688656
65.11589128,-0.06439443223,-0.06363719142,0.04818021859,0.06150528506
65.16174754,-0.06447219376,-0.06371624832,0.04834826933,0.06152553613
65.2076038,-0.06453948256,-0.06378559526,0.0485033819,0.06151711026
65.25346006,-0.06459625438,-0.06384520014,0.04864526804,0.06147947793
65.29931632,-0.064642465,-0.06389503087,0.04877363953,0.06141210962
65.34517259,-0.06467807015,-0.06393505534,0.04888820812,0.06131447582
65.39102885,-0.0647030256,-0.06396524146,0.04898868559,0.06118604701
65.43688511,-0.06471728711,-0.06398555712,0.0490747837,0.06102629367
65.48274137,-0.06472081044,-0.06399597022,0.0491462142,0.0608346863
65.52859763,-0.06471355133,-0.06399644866,0.04920268888,0.06061069537
65.57445389,-0.06469546554,-0.06398696034,0.04924391948,0.06035379136
65.62031016,-0.06466650884,-0.06396747316,0.04926961777,0.06006344477
65.66616642,-0.06462663698,-0.06393795502,0.04927949553,0.05973912606
65.71202268,-0.06457580572,-0.06389837381,0.04927326451,0.05938030574
65.75787894,-0.06451397081,-0.06384869745,0.04925063648,0.05898645428
65.8037352,-0.064441088,-0.06378889382,0.0492113232,0.05855704216
65.84959146,-0.06435711307,-0.06371893082,0.04915503644,0.05809153988
65.89544772,-0.06426200175,-0.06363877636,0.04908148796,0.0575894179
65.94130399,-0.06415570982,-0.06354839834,0.04899038952,0.05705014672
65.98716025,-0.06403819302,-0.06344776465,0.0488814529,0.05647319683
66.03301651,-0.06390940712,-0.0633368432,0.04875438985,0.05585803869
66.07887277,-0.06376930786,-0.06321560187,0.04860891214,0.05520414281
66.12472903,-0.06361785101,-0.06308400858,0.04844473153,0.05451097965
66.17058529,-0.06345499233,-0.06294203122,0.0482615598,0.05377801971
66.21644155,-0.06328068756,-0.06278963769,0.04805910869,0.05300473347
66.26229782,-0.06309489247,-0.0626267959,0.04783708998,0.05219059142
66.30815408,-0.06289756282,-0.06245347373,0.04759521543,0.05133506403
66.35401034,-0.06268865435,-0.06226963909,0.04733319681,0.05043762179
66.3998666,-0.06246812283,-0.06207525987,0.04705074588,0.04949773518
66.44572286,-0.06223592402,-0.06187030399,0.0467475744,0.04851487469
66.49157912,-0.06199201366,-0.06165473933,0.04642339415,0.04748851081
66.53743538,-0.06173634752,-0.0614285338,0.04607791687,0.046418114
66.58329165,-0.06146888136,-0.06119165529,0.04571085435,0.04530315477
66.62914791,-0.06118957092,-0.06094407171,0.04532191833,0.04414310359
66.67500417,-0.0608985863,-0.06068589542,0.04491124375,0.04293843596
66.72086043,-0.06060429902,-0.06042277701,0.04449522446,0.04172816516
66.76671669,-0.06031101781,-0.06015765571,0.044082421,0.0405324798
66.81257295,-0.06001871284,-0.05989055089,0.04367286022,0.03935126304
66.85842921,-0.05972735431,-0.05962148189,0.04326656898,0.03818439803
66.90428548,-0.05943691239,-0.05935046807,0.04286357412,0.03703176792
66.95014174,-0.05914735727,-0.05907752878,0.04246390248,0.03589325586
66.995998,-0.05885865914,-0.05880268338,0.04206758093,0.03476874502
67.04185426,-0.05857078816,-0.05852595121,0.0416746363,0.03365811854
67.08771052,-0.05828371453,-0.05824735162,0.04128509545,0.03256125958
67.13356678,-0.05799740843,-0.05796690397,0.04089898523,0.03147805129
67.17942304,-0.05771184004,-0.05768462762,0.04051633248,0.03040837682
67.22527931,-0.05742697954,-0.05740054191,0.04013716405,0.02935211933
67.27113557,-0.05714279712,-0.0571146662,0.0397615068,0.02830916198
67.31699183,-0.05685926295,-0.05682701983,0.03938938757,0.02727938791
67.36284809,-0.05657634723,-0.05653762217,0.03902083321,0.02626268028
67.40870435,-0.05629402013,-0.05624649256,0.03865587058,0.02525892224
67.45456061,-0.05601225184,-0.05595365036,0.03829452651,0.02426799694
67.50041688,-0.05573101253,-0.05565911492,0.03793682786,0.02328978755
67.54627314,-0.0554502724,-0.05536290559,0.03758280148,0.02232417721
67.5921294,-0.05517000162,-0.05506504172,0.03723247422,0.02137104908
67.63798566,-0.05489017037,-0.05476554266,0.03688587292,0.02043028631
67.68384192,-0.05461074884,-0.05446442778,0.03654302444,0.01950177206
67.72969818,-0.05433170722,-0.05416171641,0.03620395562,0.01858538947
67.77555444,-0.05405301568,-0.05385742792,0.03586869332,0.0176810217
67.82141071,-0.0537746444,-0.05355158165,0.03553726438,0.01678855191
67.86726697,-0.05349656357,-0.05324419697,0.03520969565,0.01590786325
67.91312323,-0.05321874338,-0.05293529321,0.03488601398,0.01503883887
67.95897949,-0.05294115399,-0.05262488973,0.03456624622,0.01418136193
68.00483575,-0.05266376561,-0.05231300589,0.03425041921,0.01333531558
68.05069201,-0.0523865484,-0.05199966103,0.03393855982,0.01250058297
68.09654827,-0.05210947255,-0.05168487452,0.03363069489,0.01167704725
68.14240454,-0.05183250825,-0.0513686657,0.03332685125,0.01086459159
68.1882608,-0.05155562568,-0.05105105392,0.03302705578,0.01006309914
68.23411706,-0.05127879501,-0.05073205854,0.03273133531,0.009272453036
68.27997332,-0.05100198643,-0.0504116989,0.03243971669,0.008492536448
68.32582958,-0.05072517013,-0.05008999437,0.03215222678,0.007723232526
68.37168584,-0.05044831629,-0.04976696429,0.03186889241,0.006964424422
68.4175421,-0.05017139508,-0.04944262802,0.03158974045,0.00621599529
68.46339837,-0.0498943767,-0.04911700491,0.03131479774,0.005477828285
68.50925463,-0.04961723132,-0.04879011431,0.03104409112,0.004749806559
68.55511089,-0.04933992913,-0.04846197557,0.03077764746,0.004031813266
68.60096715,-0.0490624403,-0.04813260805,0.03051549359,0.00332373156
68.64682341,-0.04878473503,-0.0478020311,0.03025765637,0.002625444595
68.69267967,-0.04850678349,-0.04747026406,0.03000416264,0.001936835524
68.73853593,-0.04822855587,-0.0471373263,0.02975503926,0.0012577875
68.7843922,-0.04795002235,-0.04680323717,0.02951031307,0.0005881836784
68.83024846,-0.04767115311,-0.04646801601,0.02927001092,-7.209278871e-05
68.87610472,-0.04739191833,-0.04613168218,0.02903415966,-0.0007231587472
68.92196098,-0.04711228821,-0.04579425504,0.02880278615,-0.001365131044
68.96781724,-0.04683223291,-0.04545575392,0.02857591722,-0.001998126524
69.0136735,-0.04655172262,-0.0451161982,0.02835357973,-0.002622262035
69.05952976,-0.04627072753,-0.04477560722,0.02813580054,-0.003237654423
69.10538603,-0.04598921781,-0.04443400033,0.02792260647,-0.003844420534
69.15124229,-0.04570716366,-0.04409139688,0.0277140244,-0.004442677215
69.19709855,-0.04542453525,-0.04374781623,0.02751008116,-0.005032541312
69.24295481,-0.04514130276,-0.04340327773,0.0273108036,-0.005614129672
69.28881107,-0.04485743638,-0.04305780073,0.02711621858,-0.00618755914
69.33466733,-0.04457290628,-0.04271140458,0.02692635294,-0.006752946564
69.3805236,-0.04428768267,-0.04236410864,0.02674123353,-0.007310408789
69.42637986,-0.0440017357,-0.04201593226,0.0265608872,-0.007860062662
69.47223612,-0.04371503558,-0.04166689479,0.0263853408,-0.00840202503
69.51809238,-0.04342755247,-0.04131701559,0.02621462119,-0.008936412738
69.56394864,-0.04313925656,-0.040966314,0.02604875519,-0.009463342633
69.6098049,-0.04285011805,-0.04061480937,0.02588776968,-0.009982931562
69.65566116,-0.04256010709,-0.04026252107,0.02573169149,-0.01049529637
69.70151743,-0.04226919389,-0.03990946844,0.02558054748,-0.01100055391
69.74737369,-0.04197734862,-0.03955567084,0.02543436449,-0.01149882101
69.79322995,-0.04168454147,-0.03920114761,0.02529316938,-0.01199021454
69.83908621,-0.04139074261,-0.03884591812,0.02515698898,-0.01247485133
69.88494247,-0.04109592224,-0.03849000171,0.02502585016,-0.01295284824
69.93079873,-0.04080005052,-0.03813341773,0.02489977976,-0.0134243221
69.97665499,-0.04050309766,-0.03777618554,0.02477880463,-0.01388938977
70.02251126,-0.04020503382,-0.03741832448,0.02466295162,-0.01434816808
70.06836752,-0.03990582919,-0.03705985392,0.02455224758,-0.0148007739
70.11422378,-0.03960545395,-0.03670079321,0.02444671935,-0.01524732406
70.16008004,-0.03930387829,-0.03634116169,0.02434639379,-0.01568793541
70.2059363,-0.03900107239,-0.03598097872,0.02425129774,-0.01612272479
70.25179256,-0.03869700642,-0.03562026366,0.02416145806,-0.01655180906
70.29764882,-0.03839165059,-0.03525903584,0.02407690159,-0.01697530506
70.34350509,-0.03808497505,-0.03489731463,0.02399765519,-0.01739332963
70.38936135,-0.03777695001,-0.03453511939,0.0239237457,-0.01780599963
70.43521761,-0.03746754563,-0.03417246945,0.02385519996,-0.01821343189
70.48107387,-0.03715673211,-0.03380938417,0.02379204484,-0.01861574327
70.52693013,-0.03684447962,-0.03344588292,0.02373430718,-0.01901305061
70.57278639,-0.03653075836,-0.03308198503,0.02368201382,-0.01940547075
70.61864265,-0.03621553849,-0.03271770986,0.02363519162,-0.01979312055
70.66449892,-0.0358987902,-0.03235307676,0.02359386743,-0.02017611685
70.71035518,-0.03558048369,-0.03198810509,0.02355806809,-0.0205545765
70.75621144,-0.03526058912,-0.0316228142,0.02352782046,-0.02092861634
70.8020677,-0.03493907668,-0.03125722343,0.02350315138,-0.02129835322
70.84792396,-0.03461591655,-0.03089135215,0.0234840877,-0.02166390399
70.89378022,-0.03429107893,-0.03052521971,0.02347065628,-0.02202538549
70.93963648,-0.03396453397,-0.03015884545,0.02346288395,-0.02238291456
70.98549275,-0.03363625189,-0.02979224873,0.02346079758,-0.02273660807
71.03134901,-0.03330620284,-0.0294254489,0.023464424,-0.02308658284
71.07720527,-0.03297435702,-0.02905846532,0.02347379007,-0.02343295573
71.12306153,-0.03264068461,-0.02869131733,0.02348892264,-0.02377584358
71.16891779,-0.03230515579,-0.0283240243,0.02350984856,-0.02411536325
71.21477405,-0.03196774074,-0.02795660556,0.02353659467,-0.02445163157
71.26063032,-0.03162840966,-0.02758908048,0.02356918782,-0.0247847654
71.30648658,-0.03128713271,-0.02722146841,0.02360765487,-0.02511488157
71.35234284,-0.03094388008,-0.02685378869,0.02365202266,-0.02544209694
71.3981991,-0.03059862195,-0.02648606069,0.02370231804,-0.02576652836
71.44405536,-0.03025132851,-0.02611830375,0.02375856787,-0.02608829266
71.48991162,-0.02990196994,-0.02575053722,0.02382079898,-0.0264075067
71.53576788,-0.02955051642,-0.02538278046,0.02388903823,-0.02672428731
71.58162415,-0.02919693814,-0.02501505283,0.02396331247,-0.02703875136
71.62748041,-0.02884120527,-0.02464737366,0.02404364855,-0.02735101568
71.67333667,-0.028483288,-0.02427976233,0.02413007331,-0.02766119712
71.71919293,-0.02812315652,-0.02391223817,0.02422261361,-0.02796941253
71.76504919,-0.027760781,-0.02354482054,0.02432129629,-0.02827577875
71.81090545,-0.02739613162,-0.02317752879,0.02442614821,-0.02858041264
71.85676171,-0.02702917857,-0.02281038228,0.02453719621,-0.02888343102
71.90261798,-0.02665989204,-0.02244340035,0.02465446714,-0.02918495077
71.94847424,-0.0262882422,-0.02207660236,0.02477798785,-0.02948508871
71.9943305,-0.02591419924,-0.02171000767,0.02490778519,-0.02978396169
72.04018676,-0.02553773333,-0.02134363562,0.02504388601,-0.03008168657
72.08604302,-0.02515881467,-0.02097750557,0.02518631716,-0.03037838018
72.13189928,-0.02477741343,-0.02061163687,0.02533510548,-0.03067415938
72.17775554,-0.0243934998,-0.02024604886,0.02549027783,-0.03096914101
72.22361181,-0.02400704396,-0.01988076092,0.02565186106,-0.03126344192
72.26946807,-0.02361801609,-0.01951579238,0.02581988201,-0.03155717895
72.31532433,-0.02322638638,-0.01915116259,0.02599436754,-0.03185046895
72.36118059,-0.022832125,-0.01878689092,0.02617534448,-0.03214342877
72.40703685,-0.02243520214,-0.01842299671,0.0263628397,-0.03243617525
72.45289311,-0.02203558799,-0.01805949932,0.02655688004,-0.03272882524
72.49874937,-0.02163325272,-0.0176964181,0.02675749235,-0.03302149558
72.54460564,-0.02122816652,-0.0173337724,0.02696470348,-0.03331430313
72.5904619,-0.02082029956,-0.01697158157,0.02717854027,-0.03360736473
72.63631816,-0.02040962204,-0.01660986496,0.02739902959,-0.03390079722
72.68217442,-0.01999610414,-0.01624864194,0.02762619827,-0.03419471745
72.72803068,-0.01957971603,-0.01588793184,0.02786007316,-0.03448924227
72.77388694,-0.0191604279,-0.01552775403,0.02810068112,-0.03478448852
72.8197432,-0.01873820993,-0.01516812785,0.02834804899,-0.03508057305
72.86559947,-0.01831303231,-0.01480907265,0.02860220363,-0.03537761271
72.91145573,-0.01788486522,-0.0144506078,0.02886317188,-0.03567572434
72.95731199,-0.01745367884,-0.01409275264,0.02913098058,-0.03597502479
73.00316825,-0.01701944335,-0.01373552653,0.0294056566,-0.03627563091
73.04902451,-0.01658212893,-0.01337894881,0.02968722678,-0.03657765954
73.09488077,-0.01614170578,-0.01302303884,0.02997571796,-0.03688122753
73.14073704,-0.01569814406,-0.01266781597,0.030271157,-0.03718645172
73.1865933,-0.01525141397,-0.01231329956,0.03057357075,-0.03749344896
73.23244956,-0.01480148568,-0.01195950895,0.03088298606,-0.0378023361
73.27830582,-0.01434832938,-0.0116064635,0.03119942976,-0.03811322999
73.32416208,-0.01389191525,-0.01125418257,0.03152292872,-0.03842624747
73.37001834,-0.01343221347,-0.01090268549,0.03185350979,-0.03874150538
73.4158746,-0.01296919423,-0.01055199164,0.0321911998,-0.03905912057
73.46173087,-0.0125028277,-0.01020212035,0.03253602562,-0.0393792099
73.50758713,-0.01203308408,-0.009853090977,0.03288801409,-0.0397018902
73.55344339,-0.01155993354,-0.009504922881,0.03324719205,-0.04002727833
73.59929965,-0.01108334626,-0.009157635411,0.03361358636,-0.04035549112
73.64515591,-0.01060329244,-0.008811247919,0.03398722388,-0.04068664542
73.69101217,-0.01011974224,-0.008465779756,0.03436813143,-0.04102085809
73.73686843,-0.009632665861,-0.008121250277,0.03475633588,-0.04135824597
73.7827247,-0.009142033474,-0.007777678832,0.03515186408,-0.0416989259
73.82858096,-0.008647815266,-0.007435084775,0.03555474287,-0.04204301473
73.87443722,-0.008149981419,-0.007093487457,0.0359649991,-0.04239062931
73.92029348,-0.007648502115,-0.006752906232,0.03638265963,-0.04274188648
73.96614974,-0.007143347537,-0.006413360451,0.03680775129,-0.04309690309
74.012006,-0.006634487868,-0.006074869467,0.03724030095,-0.04345579599
74.05786226,-0.006121893289,-0.005737452632,0.03768033544,-0.04381868202
74.10371853,-0.005605533984,-0.005401129299,0.03812788162,-0.04418567803
74.14957479,-0.005085380135,-0.00506591882,0.03858296634,-0.04455690087
74.19543105,-0.004561401925,-0.004731840548,0.03904561645,-0.04493246737
74.24128731,-0.004033569536,-0.004398913834,0.03951585879,-0.0453124944
74.28714357,-0.003501853151,-0.004067158031,0.03999372021,-0.04569709878
74.33299983,-0.002966222952,-0.003736592492,0.04047922757,-0.04608639738
74.37885609,-0.002426649121,-0.003407236569,0.04097240771,-0.04648050704
74.42471236,-0.001883101842,-0.003079109615,0.04147328748,-0.0468795446
74.47056862,-0.001335551297,-0.00275223098,0.04198189374,-0.04728362691
74.51642488,-0.000783967668,-0.00242662002,0.04249825332,-0.04769287082
74.56228114,-0.000228321138,-0.002102296084,0.04302239308,-0.04810739317
74.6081374,0.0003314181106,-0.001779278526,0.04355433987,-0.0485273108
74.65399366,0.0008952798951,-0.001457586699,0.04409412054,-0.04895274058
74.69984992,0.001463294033,-0.001137239954,0.04464176194,-0.04938379933
74.74570619,0.002035490342,-0.0008182576447,0.04519729091,-0.04982060392
74.79156245,0.00261189864,-0.0005006591223,0.0457607343,-0.05026327117
74.83741871,0.003192548743,-0.0001844637398,0.04633211897,-0.05071191795
74.88327497,0.00377747047,0.0001303091507,0.04691147176,-0.0511666611
74.92913123,0.004366693637,0.0004436401965,0.04749881952,-0.05162761746
74.97498749,0.004960248063,0.0007555100455,0.0480941891,-0.05209490388
75.02084376,0.005553268328,0.001068026813,0.04869523706,-0.05256664695
75.06670002,0.006110541659,0.001396448533,0.04928487299,-0.05302856046
75.11255628,0.006625584894,0.001743481202,0.04985982822,-0.0534779125
75.15841254,0.007098991983,0.002108749615,0.05042025342,-0.05391483803
75.2042688,0.007531356878,0.00249187857,0.05096629927,-0.05433947202
75.25012506,0.00792327353,0.002892492862,0.05149811646,-0.05475194944
75.29598132,0.00827533589,0.003310217289,0.05201585565,-0.05515240524
75.34183759,0.008588137909,0.003744676646,0.05251966755,-0.05554097439
75.38769385,0.008862273538,0.00419549573,0.05300970281,-0.05591779186
75.43355011,0.009098336729,0.004662299337,0.05348611213,-0.0562829926
75.47940637,0.009296921433,0.005144712264,0.05394904618,-0.05663671159
75.52526263,0.0094586216,0.005642359307,0.05439865565,-0.05697908378
75.57111889,0.009584031183,0.006154865263,0.05483509121,-0.05731024413
75.61697515,0.009673744132,0.006681854929,0.05525850355,-0.05763032762
75.66283142,0.009728354398,0.007222953099,0.05566904334,-0.0579394692
75.70868768,0.009748455932,0.007777784572,0.05606686127,-0.05823780385
75.75454394,0.009734642687,0.008345974143,0.05645210801,-0.05852546651
75.8004002,0.009687508612,0.008927146609,0.05682493425,-0.05880259216
75.84625646,0.009607647659,0.009520926766,0.05718549066,-0.05906931576
75.89211272,0.009495653779,0.01012693941,0.05753392793,-0.05932577227
75.93796898,0.009352120924,0.01074480934,0.05787039673,-0.05957209666
75.98382525,0.009177643044,0.01137416135,0.05819504775,-0.05980842389
76.02968151,0.008972814091,0.01201462024,0.05850803167,-0.06003488893
76.07553777,0.008738228016,0.0126658108,0.05880949917,-0.06025162673
76.12139403,0.00847447877,0.01332735783,0.05909960092,-0.06045877226
76.16725029,0.008182160304,0.01399888612,0.05937848761,-0.06065646049
76.21310655,0.007861866569,0.01468002048,0.05964630991,-0.06084482637
76.25896281,0.007514191517,0.0153703857,0.05990321852,-0.06102400488
76.30481908,0.007139729098,0.01606960657,0.0601493641,-0.06119413097
76.35067534,0.006739073264,0.0167773079,0.06038489734,-0.06135533961
76.3965316,0.006312817966,0.01749311447,0.06060996891,-0.06150776577
76.44238786,0.005861557156,0.01821665109,0.06082472951,-0.0616515444
76.48824412,0.005385884783,0.01894754255,0.06102932981,-0.06178681047
76.53410038,0.004886394801,0.01968541365,0.06122392048,-0.06191369894
76.57995664,0.004363681158,0.02042988918,0.06140865221,-0.06203234478
76.62581291,0.003818337808,0.02118059394,0.06158367568,-0.06214288295
76.67166917,0.003250958701,0.02193715273,0.06174914157,-0.06224544842
76.71752543,0.002662137787,0.02269919034,0.06190520056,-0.06234017614
76.76338169,0.002052469019,0.02346633158,0.06205200333,-0.06242720109
76.80923795,0.001422546348,0.02423820123,0.06218970056,-0.06250665822
76.85509421,0.0007729637242,0.02501442409,0.06231844294,-0.06257868249
76.90095048,0.0001043150992,0.02579462496,0.06243838113,-0.06264340888
76.94680674,-0.0005828055758,0.02657842864,0.06254966582,-0.06270097235
76.992663,-0.00128780435,0.02736545991,0.06265244769,-0.06275150785
77.03851926,-0.002010087271,0.02815534359,0.06274687742,-0.06279515036
77.08437552,-0.002749060389,0.02894770446,0.0628331057,-0.06283203483
77.13023178,-0.003504129753,0.02974216733,0.0629112832,-0.06286229624
77.17608804,-0.004274701411,0.03053835698,0.06298156059,-0.06288606954
77.22194431,-0.005060181411,0.03133589821,0.06304408857,-0.06290348969
77.26780057,-0.005859975804,0.03213441583,0.06309901781,-0.06291469167
77.31365683,-0.006673490637,0.03293353462,0.063146499,-0.06291981043
77.35951309,-0.00750013196,0.03373287939,0.06318668281,-0.06291898093
77.40536935,-0.008339305822,0.03453207493,0.06321971991,-0.06291233815
77.45122561,-0.00919041827,0.03533074603,0.06324576101,-0.06290001705
77.49708187,-0.01005287535,0.03612851749,0.06326495676,-0.06288215258
77.54293814,-0.01092608312,0.03692501412,0.06327745786,-0.06285887972
77.5887944,-0.01180944763,0.0377198607,0.06328341498,-0.06283033342
77.63465066,-0.01270237491,0.03851268203,0.06328297881,-0.06279664865
77.68050692,-0.01360427103,0.03930310291,0.06327630002,-0.06275796038
77.72636318,-0.01451454203,0.04009074814,0.06326352929,-0.06271440356
77.77221944,-0.01543259395,0.04087524251,0.06324481731,-0.06266611316
77.8180757,-0.01635783286,0.04165621081,0.06322031475,-0.06261322414
77.86393197,-0.01728966479,0.04243327785,0.0631901723,-0.06255587148
77.90978823,-0.0182274958,0.04320606842,0.06315454063,-0.06249419012
77.95564449,-0.01917073193,0.04397420732,0.06311357043,-0.06242831504
78.00150075,-0.02011877923,0.04473731934,0.06306741237,-0.0623583812
78.04735701,-0.02107104376,0.04549502928,0.06301621714,-0.06228452355
78.09321327,-0.02202693155,0.04624696193,0.06296013542,-0.06220687708
78.13906953,-0.02298584867,0.0469927421,0.06289931788,-0.06212557673
78.1849258,-0.02394720116,0.04773199458,0.0628339152,-0.06204075748
78.23078206,-0.02491039506,0.04846434417,0.06276407808,-0.06195255428
78.27663832,-0.02587483643,0.04918941565,0.06268995718,-0.0618611021
78.32249458,-0.02683993131,0.04990683384,0.06261170318,-0.06176653591
78.36835084,-0.02780508576,0.05061622352,0.06252946678,-0.06166899066
78.4142071,-0.02876970582,0.05131720949,0.06244339864,-0.06156860132
78.46006337,-0.02973319755,0.05200941655,0.06235364944,-0.06146550286
78.50591963,-0.03069496698,0.05269246949,0.06226036988,-0.06135983023
78.55177589,-0.03165442017,0.05336599312,0.06216371062,-0.06125171841
78.59763215,-0.03261096317,0.05402961222,0.06206382235,-0.06114130235
78.64348841,-0.03356400203,0.05468295159,0.06196085575,-0.06102871702
78.68934467,-0.03451294279,0.05532563604,0.0618549615,-0.06091409738
78.73520093,-0.03545719151,0.05595729035,0.06174629028,-0.0607975784
78.7810572,-0.03639615423,0.05657753932,0.06163499276,-0.06067929503
78.82691346,-0.037329237,0.05718600776,0.06152121964,-0.06055938225
78.87276972,-0.03825584588,0.05778232044,0.06140512158,-0.06043797502
78.91862598,-0.0391753869,0.05836610219,0.06128684928,-0.06031520829
78.96448224,-0.04008726613,0.05893697777,0.0611665534,-0.06019121704
79.0103385,-0.0409908896,0.05949457201,0.06104438463,-0.06006613623
79.05619476,-0.04188566336,0.06003850969,0.06092049365,-0.05994010082
79.10205103,-0.04277099348,0.0605684156,0.06079503115,-0.05981324577
79.14790729,-0.04364628598,0.06108391455,0.06066814779,-0.05968570605
79.19376355,-0.04451094693,0.06158463133,0.06053999427,-0.05955761662
79.23961981,-0.04536438237,0.06207019073,0.06041072125,-0.05942911245
79.28547607,-0.04620599836,0.06254021756,0.06028047943,-0.05930032849
79.33133233,-0.04703520093,0.06299433661,0.06014941947,-0.05917139972
79.37718859,-0.04785139614,0.06343217268,0.06001769207,-0.05904246109
79.42304486,-0.04865399003,0.06385335056,0.0598854479,-0.05891364758
79.46890112,-0.04944238867,0.06425749504,0.05975283765,-0.05878509413
79.51475738,-0.05021599809,0.06464423094,0.05962001198,-0.05865693572
79.56061364,-0.05097422434,0.06501318303,0.05948712159,-0.05852930732
79.6064699,-0.05171647347,0.06536397613,0.05935431715,-0.05840234388
79.65232616,-0.05244215154,0.06569623502,0.05922174934,-0.05827618036
79.69818242,-0.05315066458,0.0660095845,0.05908956885,-0.05815095174
79.74403869,-0.05384141866,0.06630364937,0.05895792635,-0.05802679297
79.78989495,-0.05451381981,0.06657805442,0.05882697252,-0.05790383902
79.83575121,-0.05516727409,0.06683242446,0.05869685804,-0.05778222485
79.88160747,-0.05580118754,0.06706638427,0.0585677336,-0.05766208542
79.92746373,-0.05641496622,0.06727955865,0.05843974988,-0.05754355571
79.97331999,-0.05700801617,0.06747157241,0.05831305754,-0.05742677066
80.01917625,-0.05757974344,0.06764205033,0.05818780729,-0.05731186526
80.06503252,-0.05812955409,0.06779061721,0.05806414978,-0.05719897445
80.11088878,-0.05865685415,0.06791689786,0.05794223571,-0.05708823321
80.15674504,-0.05916104969,0.06802051706,0.05782221576,-0.05697977649
80.2026013,-0.05964154674,0.06810109961,0.0577042406,-0.05687373927
80.24845756,-0.06009775135,0.06815827031,0.05758846092,-0.0567702565
80.29431382,-0.06052906958,0.06819165395,0.05747502739,-0.05666946314
80.34017009,-0.06093490748,0.06820087534,0.0573640907,-0.05657149417
80.38602635,-0.06131467108,0.06818555926,0.05725580152,-0.05647648454
80.43188261,-0.06166776645,0.06814533052,0.05715031054,-0.05638456923
80.47773887,-0.06199359963,0.06807981391,0.05704776844,-0.05629588318
80.52359513,-0.06229157667,0.06798863423,0.0569483259,-0.05621056137
80.56945139,-0.06256110362,0.06787141627,0.05685213359,-0.05612873876
80.61530765,-0.06280158652,0.06772778483,0.05675934219,-0.05605055031
80.66116392,-0.06301243143,0.06755736471,0.0566701024,-0.05597613099
80.70702018,-0.0631930444,0.0673597807,0.05658456488,-0.05590561575
80.75287644,-0.06334283146,0.0671346576,0.05650288032,-0.05583913957
80.7987327,-0.06346119868,0.0668816202,0.0564251994,-0.05577683741
80.84458896,-0.0635475521,0.06660029331,0.0563516728,-0.05571884423
80.89044522,-0.06360129777,0.06629030172,0.05628245119,-0.055665295
80.93630148,-0.06362184174,0.06595127022,0.05621768526,-0.05561632467
80.98215775,-0.06360859006,0.06558282361,0.05615752569,-0.05557206821
81.02801401,-0.06356094877,0.06518458669,0.05610212316,-0.05553266059
81.07387027,-0.06347832393,0.06475618426,0.05605162835,-0.05549823677
81.11972653,-0.06336012158,0.0642972411,0.05600619194,-0.05546893171
81.16558279,-0.06320574777,0.06380738202,0.05596596461,-0.05544488037
81.21143905,-0.06301460856,0.06328623182,0.05593109704,-0.05542621773
81.25729531,-0.06278610999,0.06273341529,0.05590173991,-0.05541307874
81.30315158,-0.0625196581,0.06214855722,0.05587804389,-0.05540559836
81.34900784,-0.06221465896,0.06153128242,0.05586015968,-0.05540391157
81.3948641,-0.0618705186,0.06088121567,0.05584823795,-0.05540815332
81.44072036,-0.06148664308,0.06019798178,0.05584242938,-0.05541845858
81.48657662,-0.06106243844,0.05948120555,0.05584288465,-0.0554349623
81.53243288,-0.06059731074,0.05873051176,0.05584975444,-0.05545779947
81.57828914,-0.06009066601,0.05794552522,0.05586318944,-0.05548710503
81.62414541,-0.05954191032,0.05712587072,0.05588334031,-0.05552301395
81.67000167,-0.05895044971,0.05627117305,0.05591035775,-0.0555656612
81.71585793,-0.05831569023,0.05538105703,0.05594439243,-0.05561518174
81.76171419,-0.05763703793,0.05445514743,0.05598559503,-0.05567171053
81.80757045,-0.05691389885,0.05349306906,0.05603411623,-0.05573538253
81.85342671,-0.05614567905,0.05249444671,0.05609010672,-0.05580633272
81.89928297,-0.05533178457,0.05145890518,0.05615371717,-0.05588469605
81.94513924,-0.05447162147,0.05038606927,0.05622509826,-0.05597060749
81.9909955,-0.05356459578,0.04927556378,0.05630440067,-0.05606420199
82.03685176,-0.05261011357,0.04812701349,0.05639177509,-0.05616561453
82.08270802,-0.05160758088,0.04694004321,0.05648737219,-0.05627498007
82.12856428,-0.05055640375,0.04571427773,0.05659134266,-0.05639243357
82.17442054,-0.04945598825,0.04444934185,0.05670383717,-0.05651811
82.22027681,-0.04830574041,0.04314486036,0.0568250064,-0.05665214431
82.26613307,-0.04710506628,0.04180045807,0.05695500104,-0.05679467148
82.31198933,-0.04585337192,0.04041575976,0.05709397176,-0.05694582646
82.35784559,-0.04455006337,0.03899039024,0.05724206925,-0.05710574422
82.40370185,-0.04319454668,0.0375239743,0.05739944418,-0.05727455972
82.44955811,-0.0417862279,0.03601613674,0.05756624724,-0.05745240793
82.49541437,-0.04032451308,0.03446650235,0.05774262911,-0.05763942381
82.54127064,-0.03880880827,0.03287469593,0.05792874045,-0.05783574233
82.5871269,-0.03723851952,0.03124034227,0.05812473197,-0.05804149844
82.63298316,-0.03561305287,0.02956306618,0.05833075433,-0.05825682711
82.67883942,-0.03393181438,0.02784249245,0.05854695822,-0.05848186331
82.72469568,-0.03219421009,0.02607824588,0.05877349431,-0.05871674199
82.77055194,-0.03039964605,0.02426995126,0.05901051329,-0.05896159813
82.8164082,-0.02854752831,0.02241723338,0.05925816584,-0.05921656668
82.86226447,-0.02663726292,0.02051971705,0.05951660264,-0.05948178261
82.90812073,-0.02466825593,0.01857702707,0.05978597436,-0.05975738088
82.95397699,-0.02263991339,0.01658878822,0.06006643169,-0.06004349646
82.99983325,-0.02055164135,0.0145546253,0.0603581253,-0.06034026431
83.04568951,-0.01840284585,0.01247416312,0.06066120589,-0.06064781939
83.09154577,-0.01619293294,0.01034702646,0.06097582412,-0.06096629667
83.13740203,-0.01392130867,0.008172840132,0.06130213069,-0.06129583111
83.1832583,-0.0115873791,0.00595122892,0.06164027626,-0.06163655767
83.22911456,-0.009190550271,0.003681817625,0.06199041151,-0.06198861132
83.27497082,-0.006730228228,0.001364231042,0.06235268714,-0.06235212702
83.32082708,-0.004205819024,-0.001001906031,0.06272725382,-0.06272723974
83.36668334,-0.00164870269,-0.003389934021,0.06310570868,-0.06310572073
83.4125396,0.0008572171655,-0.005728871672,0.06346563795,-0.06346564964
83.45839586,0.003307906547,-0.008015356467,0.06380603366,-0.06380604499
83.50425213,0.00570382615,-0.01024982846,0.06412709124,-0.06412710221
83.55010839,0.008045436669,-0.01243272771,0.06442900611,-0.06442901674
83.59596465,0.0103331988,-0.01456449426,0.06471197369,-0.06471198398
83.64182091,0.01256757324,-0.01664556818,0.06497618943,-0.06497619938
83.68767717,0.01474902067,-0.01867638951,0.06522184873,-0.06522185836
83.73353343,0.01687800181,-0.02065739831,0.06544914704,-0.06544915634
83.77938969,0.01895497733,-0.02258903464,0.06565827977,-0.06565828875
83.82524596,0.02098040794,-0.02447173854,0.06584944235,-0.06584945102
83.87110222,0.02295475433,-0.02630595007,0.06602283021,-0.06602283857
83.91695848,0.02487847719,-0.02809210929,0.06617863878,-0.06617864684
83.96281474,0.02675203723,-0.02983065625,0.06631706347,-0.06631707124
84.008671,0.02857589513,-0.031522031,0.06643829973,-0.0664383072
84.05452726,0.03035051159,-0.0331666736,0.06654254297,-0.06654255016
84.10038353,0.03207634731,-0.0347650241,0.06662998862,-0.06662999553
84.14623979,0.03375386297,-0.03631752256,0.06670083211,-0.06670083875
84.19209605,0.03538351928,-0.03782460903,0.06675526887,-0.06675527523
84.23795231,0.03696577693,-0.03928672357,0.06679349432,-0.06679350042
84.28380857,0.03850109662,-0.04070430622,0.06681570388,-0.06681570972
84.32966483,0.03998993903,-0.04207779704,0.06682209299,-0.06682209858
84.37552109,0.04143276487,-0.04340763609,0.06681285707,-0.06681286241
84.42137736,0.04283003483,-0.04469426342,0.06678819155,-0.06678819665
84.46723362,0.0441822096,-0.04593811909,0.06674829186,-0.06674829671
84.51308988,0.04548974988,-0.04713964314,0.06669335341,-0.06669335803
84.55894614,0.04675311637,-0.04829927564,0.06662357165,-0.06662357603
84.6048024,0.04797276975,-0.04941745663,0.06653914198,-0.06653914615
84.65065866,0.04914917073,-0.05049462618,0.06644025985,-0.06644026379
84.69651492,0.05028278,-0.05153122432,0.06632712068,-0.0663271244
84.74237119,0.05137405825,-0.05252769113,0.06619991989,-0.0661999234
84.78822745,0.05242346618,-0.05348446665,0.06605885291,-0.06605885622
84.83408371,0.05343146448,-0.05440199094,0.06590411517,-0.06590411827
84.87993997,0.05439851385,-0.05528070405,0.06573590209,-0.065735905
84.92579623,0.05532507499,-0.05612104604,0.0655544091,-0.06555441182
84.97165249,0.05621160858,-0.05692345695,0.06535983163,-0.06535983416
85.01750875,0.05705857533,-0.05768837685,0.06515236511,-0.06515236745
85.06336502,0.05786643592,-0.05841624579,0.06493220495,-0.06493220711
85.10922128,0.05863565106,-0.05910750382,0.06469954659,-0.06469954858
85.15507754,0.05936668143,-0.05976259099,0.06445458546,-0.06445458727
85.2009338,0.06005998774,-0.06038194736,0.06419751697,-0.06419751862
85.24679006,0.06071603067,-0.06096601299,0.06392853657,-0.06392853805
85.29264632,0.06133527093,-0.06151522793,0.06364783966,-0.06364784099
85.33850258,0.0619181692,-0.06203003222,0.06335562169,-0.06335562286
85.38435885,0.06246518619,-0.06251086594,0.06305207807,-0.06305207909
85.43021511,0.06297678258,-0.06295816912,0.06273740424,-0.06273740511
85.47607137,0.06345341908,-0.06337238183,0.06241179561,-0.06241179634
85.52192763,0.06389555637,-0.06375394411,0.06207544762,-0.06207544822
85.56778389,0.06430365516,-0.06410329603,0.0617285557,-0.06172855616
85.61364015,0.06467817613,-0.06442087764,0.06137131526,-0.06137131559
85.65949641,0.06501957998,-0.06470712898,0.06100392175,-0.06100392194
85.70535268,0.06532832741,-0.06496249012,0.06062657057,-0.06062657065
85.75120894,0.06560487911,-0.06518740111,0.06023945716,-0.06023945712
85.7970652,0.06584969578,-0.06538230201,0.05984277695,-0.05984277679
85.84292146,0.06606323811,-0.06554763285,0.05943672537,-0.05943672509
85.88877772,0.0662459668,-0.06568383371,0.05902149783,-0.05902149745
85.93463398,0.06639834253,-0.06579134464,0.05859728976,-0.05859728928
85.98049025,0.06652082601,-0.06587060568,0.05816429661,-0.05816429602
86.02634651,0.06661387794,-0.0659220569,0.05772271377,-0.05772271309
86.07220277,0.066677959,-0.06594613834,0.0572727367,-0.05727273592
86.11805903,0.06671352989,-0.06594329007,0.05681456081,-0.05681455993
86.16391529,0.0667210513,-0.06591395213,0.05634838152,-0.05634838056
86.20977155,0.06670098394,-0.06585856458,0.05587439428,-0.05587439323
86.25562781,0.06665378849,-0.06577756748,0.05539279449,-0.05539279336
86.30148408,0.06657992565,-0.06567140087,0.05490377759,-0.05490377639
86.34734034,0.06647985612,-0.06554050481,0.05440753901,-0.05440753773
86.3931966,0.06635404059,-0.06538531936,0.05390427417,-0.05390427282
86.43905286,0.06620293975,-0.06520628457,0.0533941785,-0.05339417708
86.48490912,0.0660270143,-0.06500384049,0.05287744743,-0.05287744594
86.53076538,0.06582672494,-0.06477842718,0.05235427637,-0.05235427482
86.57662164,0.06560253235,-0.0645304847,0.05182486077,-0.05182485916
86.62247791,0.06535489724,-0.06426045309,0.05128939604,-0.05128939437
86.66833417,0.0650842803,-0.06396877241,0.05074807761,-0.05074807589
86.71419043,0.06479114223,-0.06365588271,0.05020110091,-0.05020109913
86.76004669,0.06447594371,-0.06332222405,0.04964866136,-0.04964865954
86.80590295,0.06413914545,-0.06296823649,0.0490909544,-0.04909095253
86.85175921,0.06378120814,-0.06259436007,0.04852817544,-0.04852817353
86.89761547,0.06340259247,-0.06220103485,0.04796051992,-0.04796051797
86.94347174,0.06300375914,-0.06178870089,0.04738818326,-0.04738818127
86.989328,0.06258516885,-0.06135779823,0.04681136089,-0.04681135886
87.03518426,0.06214728228,-0.06090876694,0.04623024823,-0.04623024617
87.08104052,0.06169056014,-0.06044204707,0.04564504072,-0.04564503862
87.12689678,0.06121546312,-0.05995807867,0.04505593377,-0.04505593165
87.17275304,0.0607224519,-0.05945730179,0.04446312281,-0.04446312067
87.2186093,0.0602119872,-0.05894015649,0.04386680328,-0.04386680111
87.26446557,0.0596845297,-0.05840708282,0.04326717059,-0.0432671684
87.31032183,0.0591405401,-0.05785852084,0.04266442018,-0.04266441797
87.35617809,0.05858047909,-0.05729491061,0.04205874747,-0.04205874525
87.40203435,0.05800480737,-0.05671669216,0.04145034789,-0.04145034565
87.44789061,0.05741398564,-0.05612430557,0.04083941686,-0.04083941461
87.49374687,0.05680847458,-0.05551819088,0.04022614981,-0.04022614755
87.53960313,0.05618873489,-0.05489878815,0.03961074217,-0.0396107399
87.5854594,0.05555522727,-0.05426653743,0.03899338936,-0.03899338708
87.63131566,0.05490841241,-0.05362187878,0.03837428681,-0.03837428453
87.67717192,0.05424875102,-0.05296525225,0.03775362995,-0.03775362767
87.72302818,0.05357670377,-0.05229709789,0.0371316142,-0.03713161192
87.76888444,0.05289273137,-0.05161785575,0.036508435,-0.03650843271
87.8147407,0.05219729451,-0.05092796591,0.03588428776,-0.03588428548
87.86059697,0.05149085389,-0.05022786839,0.03525936791,-0.03525936563
87.90645323,0.0507738702,-0.04951800327,0.03463387088,-0.03463386861
87.95230949,0.05004680414,-0.04879881059,0.0340079921,-0.03400798984
87.99816575,0.0493101164,-0.04807073041,0.033381927,-0.03338192474
88.04402201,0.04856426768,-0.04733420278,0.03275587099,-0.03275586875
88.08987827,0.04780971866,-0.04658966776,0.03213001951,-0.03213001728
88.13573453,0.04704693006,-0.0458375654,0.03150456798,-0.03150456577
88.1815908,0.04627636255,-0.04507833576,0.03087971183,-0.03087970964
88.22744706,0.04549847685,-0.04431241888,0.03025564649,-0.03025564431
88.27330332,0.04471373363,-0.04354025483,0.02963256738,-0.02963256522
88.31915958,0.0439225936,-0.04276228365,0.02901066993,-0.02901066779
88.36501584,0.04312551745,-0.04197894541,0.02839014957,-0.02839014745
88.4108721,0.04232296587,-0.04119068015,0.02777120172,-0.02777119962
88.45672836,0.04151539957,-0.04039792793,0.02715402181,-0.02715401974
88.50258463,0.04070327923,-0.0396011288,0.02653880526,-0.02653880322
88.54844089,0.03988706555,-0.03880072282,0.02592574751,-0.02592574549
88.59429715,0.03906721923,-0.03799715004,0.02531504398,-0.02531504198
88.64015341,0.03824420096,-0.03719085051,0.02470689009,-0.02470688812
88.68600967,0.03741847143,-0.0363822643,0.02410148127,-0.02410147934
88.73186593,0.03659049135,-0.03557183145,0.02349901296,-0.02349901105
88.77772219,0.03576072139,-0.03475999202,0.02289968057,-0.02289967869
88.82357846,0.03492962227,-0.03394718606,0.02230367953,-0.02230367768
88.86943472,0.03409765468,-0.03313385362,0.02171120527,-0.02171120345
88.91529098,0.0332652793,-0.03232043477,0.02112245321,-0.02112245143
88.96114724,0.03243295684,-0.03150736955,0.02053761879,-0.02053761704
89.0070035,0.03160114798,-0.03069509802,0.01995689742,-0.01995689571
89.05285976,0.03077031344,-0.02988406023,0.01938048455,-0.01938048287
89.09871602,0.02994091389,-0.02907469623,0.01880857558,-0.01880857394
89.14457229,0.02911341003,-0.02826744609,0.01824136595,-0.01824136435
89.19042855,0.02828826257,-0.02746274985,0.01767905109,-0.01767904952
89.23628481,0.02746593219,-0.02666104757,0.01712182641,-0.01712182489
89.28214107,0.02664687958,-0.0258627793,0.01656988736,-0.01656988587
89.32799733,0.02583156545,-0.0250683851,0.01602342935,-0.0160234279
89.37385359,0.02502045049,-0.02427830502,0.01548264781,-0.0154826464
89.41970985,0.0242139954,-0.02349297911,0.01494773817,-0.0149477368
89.46556612,0.02341266086,-0.02271284743,0.01441889586,-0.01441889452
89.51142238,0.02261690758,-0.02193835004,0.01389631629,-0.013896315
89.55727864,0.02182719624,-0.02116992698,0.01338019491,-0.01338019365
89.6031349,0.02104398755,-0.02040801832,0.01287072713,-0.01287072591
89.64899116,0.02026774219,-0.0196530641,0.01236810838,-0.0123681072
89.69484742,0.01949892087,-0.01890550437,0.01187253408,-0.01187253295
89.74070369,0.01873798428,-0.01816577921,0.01138419967,-0.01138419858
89.78655995,0.01798539311,-0.01743432865,0.01090330058,-0.01090329952
89.83241621,0.01724160806,-0.01671159275,0.01043003222,-0.0104300312
89.87827247,0.01650708982,-0.01599801156,0.009964590021,-0.009964589042
89.92412873,0.01578229908,-0.01529402515,0.009507169416,-0.009507168476
89.96998499,0.01506769655,-0.01460007356,0.009057965828,-0.009057964927
90.01584125,0.01436374292,-0.01391659685,0.008617174684,-0.008617173822
90.06169752,0.01367089888,-0.01324403507,0.00818499141,-0.008184990587
90.10755378,0.01298962513,-0.01258282827,0.007761611434,-0.007761610649
90.15341004,0.01232038236,-0.01193341652,0.007347230181,-0.007347229434
90.1992663,0.01166363126,-0.01129623986,0.006942043079,-0.006942042369
90.24512256,0.01101983254,-0.01067173834,0.006546245554,-0.00654624488
90.29097882,0.01038944688,-0.01006035203,0.006160033032,-0.006160032395
90.33683508,0.00977293499,-0.00946252098,0.00578360094,-0.005783600339
90.38269135,0.009170757553,-0.008878685237,0.005417144705,-0.005417144139
90.42854761,0.008583375268,-0.008309284858,0.005060859754,-0.005060859222
90.47440387,0.008011248829,-0.007754759898,0.004714941512,-0.004714941015
90.52026013,0.007454838931,-0.007215550411,0.004379585407,-0.004379584943
90.56611639,0.006914606269,-0.00669209645,0.004054986866,-0.004054986433
90.61197265,0.006391011539,-0.00618483807,0.003741341314,-0.003741340913
90.65782891,0.005884515434,-0.005694215324,0.003438844178,-0.003438843808
90.70368518,0.005395578651,-0.005220668268,0.003147690886,-0.003147690545
90.74954144,0.004924661883,-0.004764636955,0.002868076863,-0.002868076551
90.7953977,0.004472225826,-0.004326561439,0.002600197536,-0.002600197252
90.84125396,0.004038731175,-0.003906881774,0.002344248332,-0.002344248075
90.88711022,0.003624638624,-0.003506038014,0.002100424678,-0.002100424447
90.93296648,0.003230408869,-0.003124470213,0.001868922,-0.001868921793
90.97882274,0.002856502603,-0.002762618426,0.001649935724,-0.001649935541
91.02467901,0.002503380524,-0.002420922707,0.001443661278,-0.001443661117
91.07053527,0.002171503324,-0.002099823109,0.001250294087,-0.001250293947
91.11639153,0.001861331699,-0.001799759686,0.001070029579,-0.001070029459
91.16224779,0.001573326344,-0.001521172494,0.0009030631801,-0.0009030630781
91.20810405,0.001307947954,-0.001264501585,0.0007495903168,-0.0007495902318
91.25396031,0.001065657224,-0.001030187014,0.0006098064158,-0.0006098063463
91.29981657,0.0008469148488,-0.0008186688345,0.0004839069037,-0.0004839068483
91.34567284,0.0006521815228,-0.0006303871014,0.0003720872071,-0.0003720871644
91.3915291,0.0004819179413,-0.0004657818683,0.0002745427526,-0.000274542721
91.43738536,0.0003365847991,-0.0003252931894,0.0001914689668,-0.0001914689447
91.48324162,0.0002166427911,-0.0002093611188,0.0001230612764,-0.0001230612621
91.52909788,0.0001225526124,-0.0001184257104,6.951510788e-05,-6.951509978e-05
91.57495414,5.477495766e-05,-5.292701846e-05,3.102588791e-05,-3.102588428e-05
91.62081041,1.37705219e-05,-1.330509696e-05,7.789043077e-06,-7.789042163e-06
91.66666667,-5.551115123e-17,0,0,0
