time_ns,u_X1,u_Y1,u_X2,u_Y2
0,0,0,0,0
0.06232282808,4.636565303e-05,1.390193119e-05,-3.996156533e-05,-1.104257067e-05
0.1246456562,0.0001832551866,5.513637991e-05,-0.0001579761491,-4.394518796e-05
0.1869684842,0.0004073574626,0.0001229963289,-0.0003512385829,-9.837020975e-05
0.2492913123,0.0007153613428,0.0002167747607,-0.0006169436983,-0.000173979994
0.3116141404,0.001103955689,0.0003357646583,-0.000952286327,-0.0002704368985
0.3739369685,0.001569829363,0.0004792590042,-0.001354461301,-0.0003874032812
0.4362597966,0.002109671226,0.0006465507811,-0.001820663451,-0.0005245415
0.4985826246,0.002720170141,0.0008369329719,-0.002348087609,-0.0006815139129
0.5609054527,0.003398014968,0.001049698559,-0.002933928607,-0.0008579828776
0.6232282808,0.004139894571,0.001284140526,-0.003575381276,-0.001053610752
0.6855511089,0.00494249781,0.001539551854,-0.004269640449,-0.001268059894
0.747873937,0.005802513548,0.001815225527,-0.005013900956,-0.001500992662
0.810196765,0.006716630646,0.002110454527,-0.005805357629,-0.001752071414
0.8725195931,0.007681537966,0.002424531838,-0.0066412053,-0.002020958507
0.9348424212,0.008693924369,0.002756750441,-0.007518638801,-0.002307316299
0.9971652493,0.009750478719,0.003106403319,-0.008434852962,-0.002610807148
1.059488077,0.01084788988,0.003472783456,-0.009387042617,-0.002931093412
1.121810905,0.0119828467,0.003855183833,-0.0103724026,-0.00326783745
1.184133734,0.01315203806,0.004252897435,-0.01138812773,-0.003620701618
1.246456562,0.01435215281,0.004665217242,-0.01243141285,-0.003989348275
1.30877939,0.01557987981,0.005091436239,-0.01349945279,-0.004373439779
1.371102218,0.01683190793,0.005530847407,-0.01458944239,-0.004772638487
1.433425046,0.01810492603,0.005982743729,-0.01569857646,-0.005186606758
1.495747874,0.01939562297,0.006446418189,-0.01682404985,-0.00561500695
1.558070702,0.02070068761,0.006921163769,-0.01796305738,-0.006057501419
1.62039353,0.02201680881,0.007406273451,-0.0191127939,-0.006513752525
1.682716358,0.02334067544,0.007901040218,-0.02027045422,-0.006983422625
1.745039186,0.02466897636,0.008404757054,-0.02143323318,-0.007466174077
1.807362014,0.02599840042,0.00891671694,-0.02259832561,-0.007961669239
1.869684842,0.0273256365,0.009436212859,-0.02376292635,-0.008469570469
1.932007671,0.02864737344,0.009962537795,-0.02492423022,-0.008989540124
1.994330499,0.02996030012,0.01049498473,-0.02607943206,-0.009521240563
2.056653327,0.0312611054,0.01103284664,-0.0272257267,-0.01006433414
2.118976155,0.03254647814,0.01157541652,-0.02836030897,-0.01061848322
2.181298983,0.03381310719,0.01212198735,-0.0294803737,-0.01118335016
2.243621811,0.03505768143,0.01267185211,-0.03058311572,-0.01175859731
2.305944639,0.03627688971,0.01322430378,-0.03166572987,-0.01234388704
2.368267467,0.03746742089,0.01377863534,-0.03272541097,-0.01293888169
2.430590295,0.03862596384,0.01433413978,-0.03375935387,-0.01354324364
2.492913123,0.03974920742,0.01489011009,-0.03476475338,-0.01415663523
2.555235951,0.04083384049,0.01544583923,-0.03573880435,-0.01477871883
2.617558779,0.04187655191,0.0160006202,-0.0366787016,-0.01540915679
2.679881607,0.04287403055,0.01655374598,-0.03758163996,-0.01604761147
2.742204436,0.04382296526,0.01710450955,-0.03844481427,-0.01669374523
2.804527264,0.0447200449,0.0176522039,-0.03926541936,-0.01734722042
2.866850092,0.04556195835,0.018196122,-0.04004065005,-0.01800769941
2.92917292,0.04634539446,0.01873555684,-0.04076770119,-0.01867484455
2.991495748,0.04706704209,0.01926980141,-0.04144376761,-0.0193483182
3.053818576,0.04772359011,0.01979814868,-0.04206604412,-0.02002778272
3.116141404,0.04831172737,0.02031989163,-0.04263172557,-0.02071290047
3.178464232,0.04882814274,0.02083432326,-0.0431380068,-0.02140333379
3.24078706,0.04926952508,0.02134073654,-0.04358208262,-0.02209874506
3.303109888,0.04963256325,0.02183842445,-0.04396114787,-0.02279879663
3.365432716,0.04991394611,0.02232667999,-0.04427239738,-0.02350315086
3.427755544,0.05011036253,0.02280479612,-0.04451302599,-0.0242114701
3.490078373,0.05021850137,0.02327206584,-0.04468022852,-0.02492341672
3.552401201,0.05023505148,0.02372778213,-0.04477119981,-0.02563865306
3.614724029,0.05015670174,0.02417123796,-0.04478313469,-0.0263568415
3.677046857,0.049980141,0.02460172633,-0.04471322799,-0.02707764438
3.739369685,0.04970205812,0.02501854021,-0.04455867455,-0.02780072407
3.801692513,0.04931914197,0.02542097259,-0.04431666918,-0.02852574292
3.864015341,0.04882808141,0.02580831645,-0.04398440674,-0.02925236329
3.926338169,0.04822556529,0.02617986477,-0.04355908204,-0.02998024754
3.988660997,0.04750828249,0.02653491054,-0.04303788992,-0.03070905802
4.050983825,0.04667292186,0.02687274673,-0.04241802521,-0.0314384571
4.113306653,0.04571617227,0.02719266634,-0.04169668274,-0.03216810713
4.175629481,0.04463472257,0.02749396234,-0.04087105734,-0.03289767048
4.237952309,0.04342526163,0.02777592771,-0.03993834385,-0.03362680949
4.300275138,0.04208447831,0.02803785545,-0.0388957371,-0.03435518652
4.362597966,0.04060906147,0.02827903852,-0.03774043192,-0.03508246394
4.424920794,0.03899569998,0.02849876993,-0.03646962313,-0.0358083041
4.487243622,0.03724108269,0.02869634264,-0.03508050558,-0.03653236936
4.54956645,0.03534189847,0.02887104963,-0.03357027409,-0.03725432208
4.611889278,0.03329483618,0.0290221839,-0.0319361235,-0.03797382462
4.674212106,0.03109658468,0.02914903843,-0.03017524863,-0.03869053932
4.736534934,0.02874383283,0.0292509062,-0.02828484433,-0.03940412856
4.798857762,0.02623326949,0.02932708018,-0.02626210541,-0.04011425469
4.86118059,0.02356158354,0.02937685337,-0.02410422671,-0.04082058006
4.923503418,0.02072546382,0.02939951875,-0.02180840307,-0.04152276704
4.985826246,0.0177215992,0.02939436929,-0.01937182931,-0.04222047798
5.048149075,0.01454667854,0.02936069798,-0.01679170027,-0.04291337525
5.110471903,0.01119739071,0.02929779781,-0.01406521077,-0.04360112119
5.172794731,0.007670424559,0.02920496176,-0.01118955566,-0.04428337816
5.235117559,0.003962468957,0.02908148281,-0.008161929752,-0.04495980854
5.297440387,7.021276403e-05,0.02892665394,-0.004979527891,-0.04563007466
5.359763215,-0.004009655158,0.02873976813,-0.001639544904,-0.04629383889
5.422086043,-0.00827897588,0.02851982862,0.001859642105,-0.04695069255
5.484408871,-0.01251582717,0.02822254021,0.00533951592,-0.04758944723
5.546731699,-0.01656168428,0.02781881961,0.008671926757,-0.04820209769
5.609054527,-0.02042013617,0.02731210444,0.0118589718,-0.04878849887
5.671377355,-0.02409477182,0.0267058323,0.01490274825,-0.04934850571
5.733700183,-0.0275891802,0.0260034408,0.01780535328,-0.04988197314
5.796023012,-0.03090695026,0.02520836755,0.02056888408,-0.05038875611
5.85834584,-0.03405167097,0.02432405015,0.02319543784,-0.05086870955
5.920668668,-0.03702693131,0.0233539262,0.02568711175,-0.05132168842
5.982991496,-0.03983632024,0.02230143333,0.02804600299,-0.05174754764
6.045314324,-0.04248342672,0.02117000913,0.03027420876,-0.05214614215
6.107637152,-0.04497183973,0.01996309121,0.03237382623,-0.05251732691
6.16995998,-0.04730514822,0.01868411718,0.0343469526,-0.05286095684
6.232282808,-0.04948694118,0.01733652465,0.03619568506,-0.0531768869
6.294605636,-0.05152080755,0.01592375121,0.03792212079,-0.05346497201
6.356928464,-0.05341033631,0.01444923449,0.03952835698,-0.05372506711
6.419251292,-0.05515911644,0.01291641209,0.04101649082,-0.05395702716
6.48157412,-0.05677073688,0.01132872161,0.04238861949,-0.05416070709
6.543896948,-0.05824878661,0.009689600658,0.04364684019,-0.05433596183
6.606219777,-0.05959685461,0.008002486847,0.04479325009,-0.05448264634
6.668542605,-0.06081852982,0.006270817782,0.04582994639,-0.05460061554
6.730865433,-0.06191740123,0.00449803107,0.04675902628,-0.05468972438
6.793188261,-0.06289705779,0.002687564318,0.04758258694,-0.0547498278
6.855511089,-0.06376108848,0.0008428551326,0.04830272556,-0.05478078075
6.917833917,-0.06451308226,-0.001032658879,0.04892153933,-0.05478243815
6.980156745,-0.0651566281,-0.002935540108,0.04944112543,-0.05475465495
7.042479573,-0.06569531496,-0.00486235095,0.04986358105,-0.05469728609
7.104802401,-0.06613273181,-0.006809653796,0.05019100339,-0.05461018652
7.167125229,-0.06647246763,-0.008774011039,0.05042548962,-0.05449321116
7.229448057,-0.06671811136,-0.01075198507,0.05056913694,-0.05434621497
7.291770885,-0.06687325199,-0.01274013829,0.05062404253,-0.05416905287
7.354093714,-0.06694147848,-0.01473503308,0.05059230358,-0.05396157982
7.416416542,-0.0669263798,-0.01673323184,0.05047601728,-0.05372365075
7.47873937,-0.06683154491,-0.01873129697,0.05027728081,-0.0534551206
7.541062198,-0.06666056277,-0.02072579084,0.04999819137,-0.05315584431
7.603385026,-0.06641702237,-0.02271327587,0.04964084613,-0.05282567682
7.665707854,-0.06610451265,-0.02469031443,0.0492073423,-0.05246447308
7.728030682,-0.0657266226,-0.02665346893,0.04869977705,-0.05207208802
7.79035351,-0.06528694117,-0.02859930176,0.04812024757,-0.05164837658
7.852676338,-0.06478905734,-0.0305243753,0.04747085105,-0.0511931937
7.914999166,-0.06423656006,-0.03242525196,0.04675368468,-0.05070639433
7.977321994,-0.06363303832,-0.03429849412,0.04597084564,-0.05018783339
8.039644822,-0.06298208107,-0.03614066417,0.04512443113,-0.04963736585
8.10196765,-0.06228727728,-0.03794832452,0.04421653833,-0.04905484662
8.164290479,-0.06155221591,-0.03971803755,0.04324926443,-0.04844013066
8.226613307,-0.06078048594,-0.04144636566,0.04222470661,-0.0477930729
8.288936135,-0.05997567634,-0.04312987124,0.04114496206,-0.04711352829
8.351258963,-0.05914137606,-0.04476511667,0.04001212798,-0.04640135176
8.413581791,-0.05828117407,-0.04634866437,0.03882830154,-0.04565639825
8.475904619,-0.05739865935,-0.04787707671,0.03759557994,-0.04487852271
8.538227447,-0.05649742086,-0.04934691609,0.03631606036,-0.04406758007
8.600550275,-0.05558104756,-0.0507547449,0.03499183999,-0.04322342528
8.662873103,-0.05465312842,-0.05209712554,0.03362501602,-0.04234591327
8.725195931,-0.05371725241,-0.0533706204,0.03221768563,-0.04143489899
8.787518759,-0.0527770085,-0.05457179187,0.03077194602,-0.04049023737
8.849841587,-0.05183598566,-0.05569720235,0.02928989437,-0.03951178336
8.912164416,-0.05089777284,-0.05674341422,0.02777362787,-0.03849939189
8.974487244,-0.04996595901,-0.05770698989,0.0262252437,-0.03745291791
9.036810072,-0.04904413315,-0.05858449174,0.02464683905,-0.03637221636
9.0991329,-0.04813588423,-0.05937248216,0.02304051112,-0.03525714217
9.161455728,-0.04724480119,-0.06006752356,0.02140835708,-0.03410755029
9.223778556,-0.04637447302,-0.06066617831,0.01975247413,-0.03292329565
9.286101384,-0.04552848869,-0.06116500882,0.01807495945,-0.0317042332
9.348424212,-0.04471043714,-0.06156057748,0.01637791023,-0.03045021788
9.41074704,-0.04392390737,-0.06184944668,0.01466342366,-0.02916110462
9.473069868,-0.04317248832,-0.06202817881,0.01293359693,-0.02783674837
9.535392696,-0.04245976897,-0.06209333627,0.01119052722,-0.02647700407
9.597715524,-0.04178933829,-0.06204148145,0.00943631172,-0.02508172665
9.660038353,-0.04116478524,-0.06186917674,0.007673047619,-0.02365077107
9.722361181,-0.04058969878,-0.06157298453,0.005902832103,-0.02218399225
9.784684009,-0.04006766789,-0.06114946723,0.00412776236,-0.02068124514
9.847006837,-0.03960228154,-0.06059518721,0.002349935578,-0.01914238467
9.909329665,-0.03919712868,-0.05990670688,0.0005714489439,-0.0175672658
9.971652493,-0.03885579829,-0.05908058862,-0.001205600354,-0.01595574345
10.03397532,-0.03858187933,-0.05811339484,-0.002979115129,-0.01430767257
10.09629815,-0.03837896077,-0.05700168791,-0.004746998193,-0.01262290811
10.15862098,-0.03825063157,-0.05574203024,-0.006507152359,-0.01090130499
10.22094381,-0.03820048071,-0.05433098422,-0.008257480439,-0.009142718155
10.28326663,-0.03823209715,-0.05276511224,-0.009995885245,-0.007347002553
10.34558946,-0.03834906985,-0.05104097669,-0.01172026959,-0.005514013121
10.40791229,-0.03855498779,-0.04915513997,-0.01342853629,-0.003643604799
10.47023512,-0.03885343992,-0.04710416447,-0.01511858815,-0.001735632527
10.53255795,-0.03924801523,-0.04488461259,-0.01678832799,0.0002100487558
10.59488077,-0.03974230267,-0.0424930467,-0.01843565862,0.002193584108
10.6572036,-0.0403398912,-0.03992602922,-0.02005848284,0.00421511859
10.71952643,-0.04104436981,-0.03718012252,-0.02165470349,0.006274797261
10.78184926,-0.04185932745,-0.03425188901,-0.02322222336,0.008372765182
10.84417209,-0.04278616055,-0.03114381661,-0.02475810515,0.01050490877
10.90649491,-0.04373438424,-0.02810449331,-0.0262254308,0.01249160208
10.96881774,-0.04465520916,-0.02526348314,-0.02760676113,0.01424264379
11.03114057,-0.04554894178,-0.02261656644,-0.02890407568,0.01576465467
11.0934634,-0.04641588857,-0.02015952358,-0.03011935398,0.01706425546
11.15578623,-0.04725635598,-0.01788813492,-0.03125457554,0.01814806694
11.21810905,-0.04807065048,-0.01579818082,-0.0323117199,0.01902270985
11.28043188,-0.04885907854,-0.01388544163,-0.03329276659,0.01969480497
11.34275471,-0.04962194662,-0.01214569772,-0.03419969512,0.02017097304
11.40507754,-0.05035956117,-0.01057472944,-0.03503448502,0.02045783482
11.46740037,-0.05107222868,-0.00916831716,-0.03579911583,0.02056201109
11.52972319,-0.05176025559,-0.007922241232,-0.03649556706,0.02049012259
11.59204602,-0.05242394838,-0.006832282018,-0.03712581824,0.02024879008
11.65436885,-0.0530636135,-0.005894219877,-0.03769184891,0.01984463432
11.71669168,-0.05367955742,-0.005103835169,-0.03819563858,0.01928427608
11.77901451,-0.05427208661,-0.004456908254,-0.03863916677,0.01857433611
11.84133734,-0.05484150753,-0.003949219491,-0.03902441303,0.01772143517
11.90366016,-0.05538812663,-0.00357654924,-0.03935335687,0.01673219402
11.96598299,-0.0559122504,-0.00333467786,-0.03962797781,0.01561323342
12.02830582,-0.05641418528,-0.00321938571,-0.0398502554,0.01437117413
12.09062865,-0.05689423774,-0.003226453151,-0.04002216914,0.0130126369
12.15295148,-0.05735271426,-0.003351660541,-0.04014569857,0.0115442425
12.2152743,-0.05778992128,-0.003590788241,-0.04022282321,0.009972611687
12.27759713,-0.05820616528,-0.003939616609,-0.04025552259,0.008304365217
12.33991996,-0.05860175271,-0.004393926006,-0.04024577624,0.006546123852
12.40224279,-0.05897699005,-0.004949496791,-0.04019556368,0.004704508349
12.46456562,-0.05933218375,-0.005602109323,-0.04010686444,0.002786139469
12.52688844,-0.05966764028,-0.006347543962,-0.03998165804,0.0007976379699
12.58921127,-0.0599836661,-0.007181581067,-0.03982192401,-0.001254375389
12.6515341,-0.06028056768,-0.008100000999,-0.03962964187,-0.003363279848
12.71385693,-0.06055865148,-0.009098584117,-0.03940679116,-0.005522454649
12.77617976,-0.06081822396,-0.01017311078,-0.0391553514,-0.007725279031
12.83850258,-0.06105959159,-0.01131936135,-0.03887730211,-0.009965132237
12.90082541,-0.06128306084,-0.01253311618,-0.03857462282,-0.01223539351
12.96314824,-0.06148893815,-0.01381015563,-0.03824929305,-0.01452944208
13.02547107,-0.06167753001,-0.01514626007,-0.03790329234,-0.0168406572
13.0877939,-0.06184914287,-0.01653720985,-0.0375386002,-0.01916241811
13.15011673,-0.06200408319,-0.01797878534,-0.03715719618,-0.02148810404
13.21243955,-0.06214265745,-0.01946676688,-0.03676105978,-0.02381109424
13.27476238,-0.0622651721,-0.02099693485,-0.03635217053,-0.02612476796
13.33708521,-0.0623719336,-0.0225650696,-0.03593250797,-0.02842250442
13.39940804,-0.06246324843,-0.02416695148,-0.03550405162,-0.03069768287
13.46173087,-0.06253942304,-0.02579836087,-0.03506878101,-0.03294368255
13.52405369,-0.0626007639,-0.02745507812,-0.03462867565,-0.03515388271
13.58637652,-0.06264757748,-0.02913288359,-0.03418571508,-0.03732166258
13.64869935,-0.06268017023,-0.03082755763,-0.03374187883,-0.0394404014
13.71102218,-0.06269884862,-0.03253488062,-0.03329914641,-0.04150347842
13.77334501,-0.06270391911,-0.0342506329,-0.03285949736,-0.04350427287
13.83566783,-0.06269568817,-0.03597059484,-0.0324249112,-0.045436164
13.89799066,-0.06267446226,-0.0376905468,-0.03199736745,-0.04729253105
13.96031349,-0.06264054785,-0.03940626913,-0.03157884565,-0.04906675326
14.02263632,-0.06259425139,-0.0411135422,-0.03117132532,-0.05075220987
14.08495915,-0.06253587936,-0.04280814636,-0.03077678599,-0.05234228011
14.14728197,-0.06246573821,-0.04448586198,-0.03039720717,-0.05383034324
14.2096048,-0.06238413441,-0.04614246941,-0.03003456841,-0.05520977849
14.27192763,-0.06229137442,-0.04777374902,-0.02969084922,-0.0564739651
14.33425046,-0.06218776472,-0.04937548116,-0.02936802912,-0.05761628232
14.39657329,-0.06207361175,-0.05094344619,-0.02906808766,-0.05863010938
14.45889611,-0.06194922199,-0.05247342448,-0.02879300434,-0.05950882553
14.52121894,-0.06181490189,-0.05396119638,-0.02854475871,-0.06024581
14.58354177,-0.06167095793,-0.05540254225,-0.02832533028,-0.06083444204
14.6458646,-0.06151769656,-0.05679324245,-0.02813669857,-0.06126810089
14.70818743,-0.06135542426,-0.05812907734,-0.02798084313,-0.06154016578
14.77051026,-0.06118444747,-0.05940582729,-0.02785974347,-0.06164401597
14.83283308,-0.06100507267,-0.06061927264,-0.02777537911,-0.06157303069
14.89515591,-0.06081760633,-0.06176519376,-0.02772972959,-0.06132058917
14.95747874,-0.06062235489,-0.06283937101,-0.02772477443,-0.06088007067
15.01980157,-0.06041962484,-0.06383758475,-0.02776249316,-0.06024485443
15.0821244,-0.06020972263,-0.06475561534,-0.0278448653,-0.05940831967
15.14444722,-0.05999295472,-0.06558924314,-0.02797387038,-0.05836384565
15.20677005,-0.05976962758,-0.0663342485,-0.02815148792,-0.05710481161
15.26909288,-0.05954004768,-0.06698641179,-0.02837969745,-0.05562459678
15.33141571,-0.05930452147,-0.06754151337,-0.02866047851,-0.05391658042
15.39373854,-0.05906335542,-0.06799533359,-0.0289958106,-0.05197414175
15.45606136,-0.058816856,-0.06834365281,-0.02938767327,-0.04979066001
15.51838419,-0.05856532966,-0.06858225141,-0.02983804602,-0.04735951446
15.58070702,-0.05830908288,-0.06870690972,-0.0303489084,-0.04467408433
15.64302985,-0.05804842211,-0.06871340812,-0.03092223993,-0.04172774886
15.70535268,-0.05778365382,-0.06859752697,-0.03156002013,-0.03851388729
15.7676755,-0.05751508447,-0.06835504661,-0.03226422854,-0.03502587887
15.82999833,-0.05724302053,-0.06798174742,-0.03303684466,-0.03125710283
15.89232116,-0.05696776846,-0.06747340975,-0.03387984804,-0.02720093842
15.95464399,-0.05668963472,-0.06682581396,-0.0347952182,-0.02285076487
16.01696682,-0.05640892578,-0.06603474042,-0.03578493466,-0.01819996143
16.07928964,-0.0561259481,-0.06509596947,-0.03685097695,-0.01324190733
16.14161247,-0.05584100815,-0.06400528149,-0.03799532459,-0.00796998183
16.2039353,-0.05555441238,-0.06275845682,-0.03921995712,-0.002377564154
16.26625813,-0.05526751683,-0.06135663888,-0.0405223419,0.00351716515
16.32858096,-0.05500170283,-0.05990623677,-0.04181225657,0.009216320564
16.39090379,-0.05476468925,-0.05845099403,-0.04305432819,0.01452905564
16.45322661,-0.05455566784,-0.05699209266,-0.04424929319,0.01946378677
16.51554944,-0.05437383033,-0.05553071472,-0.04539788805,0.02402893033
16.57787227,-0.05421836847,-0.05406804223,-0.04650084921,0.02823290272
16.6401951,-0.05408847399,-0.05260525722,-0.04755891312,0.03208412032
16.70251793,-0.05398333863,-0.05114354173,-0.04857281625,0.03559099952
16.76484075,-0.05390215414,-0.04968407778,-0.04954329504,0.03876195671
16.82716358,-0.05384411225,-0.04822804742,-0.05047108595,0.04160540827
16.88948641,-0.0538084047,-0.04677663267,-0.05135692543,0.04412977059
16.95180924,-0.05379422323,-0.04533101557,-0.05220154993,0.04634346006
17.01413207,-0.05380075959,-0.04389237815,-0.05300569592,0.04825489306
17.07645489,-0.0538272055,-0.04246190244,-0.05377009984,0.04987248599
17.13877772,-0.05387275271,-0.04104077048,-0.05449549814,0.05120465523
17.20110055,-0.05393659296,-0.03963016429,-0.05518262729,0.05225981716
17.26342338,-0.05401791799,-0.03823126591,-0.05583222373,0.05304638817
17.32574621,-0.05411591953,-0.03684525738,-0.05644502392,0.05357278466
17.38806903,-0.05422978933,-0.03547332071,-0.05702176432,0.05384742301
17.45039186,-0.05435871913,-0.03411663796,-0.05756318136,0.0538787196
17.51271469,-0.05450190066,-0.03277639115,-0.05807001152,0.05367509082
17.57503752,-0.05465852567,-0.03145376231,-0.05854299125,0.05324495306
17.63736035,-0.05482778589,-0.03014993347,-0.05898285699,0.05259672271
17.69968317,-0.05500887307,-0.02886608667,-0.0593903452,0.05173881615
17.762006,-0.05520097894,-0.02760340395,-0.05976619234,0.05067964978
17.82432883,-0.05540329524,-0.02636306732,-0.06011113486,0.04942763997
17.88665166,-0.05561501371,-0.02514625884,-0.06042590922,0.04799120312
17.94897449,-0.05583532609,-0.02395416052,-0.06071125185,0.04637875561
18.01129732,-0.05606342413,-0.0227879544,-0.06096789923,0.04459871383
18.07362014,-0.05629849955,-0.02164882251,-0.06119658781,0.04265949417
18.13594297,-0.0565397441,-0.02053794689,-0.06139805403,0.04056951301
18.1982658,-0.05678634952,-0.01945650957,-0.06157303436,0.03833718675
18.26058863,-0.05703750755,-0.01840569258,-0.06172226524,0.03597093176
18.32291146,-0.05729240993,-0.01738667796,-0.06184648314,0.03347916444
18.38523428,-0.05755024839,-0.01640064773,-0.06194642449,0.03087030117
18.44755711,-0.05781021468,-0.01544878393,-0.06202282577,0.02815275834
18.50987994,-0.05807150054,-0.01453226859,-0.06207642341,0.02533495234
18.57220277,-0.0583332977,-0.01365228374,-0.06210795389,0.02242529956
18.6345256,-0.0585947979,-0.01281001143,-0.06211815364,0.01943221637
18.69684842,-0.05885519289,-0.01200663367,-0.06210775912,0.01636411918
18.75917125,-0.0591136744,-0.0112433325,-0.06207750679,0.01322942436
18.82149408,-0.05936943417,-0.01052128996,-0.06202813311,0.0100365483
18.88381691,-0.05962166394,-0.009841688077,-0.06196037451,0.006793907397
18.94613974,-0.05986955546,-0.009205708882,-0.06187496747,0.00350991803
19.00846256,-0.06011230046,-0.00861453441,-0.06177264843,0.0001929965879
19.07078539,-0.06034909067,-0.008069346692,-0.06165415384,-0.003148440542
19.13310822,-0.06057911785,-0.007571327763,-0.06152022017,-0.006505976973
19.19543105,-0.06080157372,-0.007121659653,-0.06137158385,-0.009871196318
19.25775388,-0.06101565003,-0.006721524396,-0.06120898136,-0.01323568219
19.32007671,-0.06122053852,-0.006372104025,-0.06103314914,-0.0165910182
19.38239953,-0.06141543093,-0.006074580571,-0.06084482364,-0.01992878796
19.44472236,-0.06159951899,-0.005830136068,-0.06064474132,-0.02324057509
19.50704519,-0.06177199445,-0.005639952548,-0.06043363864,-0.02651796319
19.56936802,-0.06193204904,-0.005505212044,-0.06021225204,-0.02975253589
19.63169085,-0.0620788745,-0.005427096588,-0.05998131799,-0.03293587678
19.69401367,-0.06221166258,-0.005406788213,-0.05974157292,-0.0360595695
19.7563365,-0.06232960502,-0.005445468951,-0.05949375331,-0.03911519764
19.81865933,-0.06243189354,-0.005544320836,-0.0592385956,-0.04209434483
19.88098216,-0.0625177199,-0.005704525899,-0.05897683624,-0.04498859467
19.94330499,-0.06258627583,-0.005927266174,-0.0587092117,-0.04778953077
20.00562781,-0.06263675307,-0.006213723692,-0.05843645842,-0.05048873676
20.06795064,-0.06266834336,-0.006565080487,-0.05815931285,-0.05307779624
20.13027347,-0.06268023844,-0.006982518591,-0.05787851146,-0.05554829282
20.1925963,-0.06267163004,-0.007467220037,-0.0575947907,-0.05789181013
20.25491913,-0.06264170992,-0.008020366856,-0.05730888701,-0.06009993176
20.31724195,-0.0625896698,-0.008643141083,-0.05702153685,-0.06216424134
20.37956478,-0.06251470143,-0.009336724749,-0.05673347669,-0.06407632248
20.44188761,-0.06241599655,-0.01010229989,-0.05644544296,-0.06582775879
20.50421044,-0.06229274689,-0.01094104853,-0.05615817213,-0.06741013388
20.56653327,-0.0621441442,-0.01185415271,-0.05587240064,-0.06881503136
20.62885609,-0.06196938021,-0.01284279446,-0.05558886496,-0.07003403485
20.69117892,-0.06176764666,-0.01390815581,-0.05530830154,-0.07105872797
20.75350175,-0.0615381353,-0.0150514188,-0.05503144682,-0.07188069432
20.81582458,-0.06128003786,-0.01627376545,-0.05475903727,-0.07249151751
20.87814741,-0.06099254608,-0.01757637781,-0.05449180933,-0.07288278117
20.94047024,-0.0606748517,-0.0189604379,-0.05423049947,-0.07304606889
21.00279306,-0.06032614647,-0.02042712775,-0.05397584413,-0.0729729643
21.06511589,-0.05994562211,-0.0219776294,-0.05372857978,-0.07265505101
21.12743872,-0.05953247037,-0.02361312488,-0.05348944285,-0.07208391264
21.18976155,-0.059085883,-0.02533479623,-0.05325916981,-0.07125113278
21.25208438,-0.05860505172,-0.02714382547,-0.05303849711,-0.07014829506
21.3144072,-0.05808916827,-0.02904139464,-0.05282816121,-0.06876698309
21.37673003,-0.05753742441,-0.03102868577,-0.05262889855,-0.06709878048
21.43905286,-0.05694901186,-0.03310688089,-0.0524414456,-0.06513527085
21.50137569,-0.05632312237,-0.03527716204,-0.0522665388,-0.06286803781
21.56369852,-0.05565894767,-0.03754071125,-0.05210491461,-0.06028866496
21.62602134,-0.0549556795,-0.03989871055,-0.05195730949,-0.05738873593
21.68834417,-0.05421785042,-0.04233643403,-0.05182541142,-0.0541891393
21.750667,-0.05350877097,-0.04466462704,-0.05172085579,-0.05103536919
21.81298983,-0.05284624264,-0.04683071553,-0.05164608437,-0.04802753631
21.87531266,-0.05222927796,-0.04883821738,-0.05160006856,-0.04516314584
21.93763548,-0.05165688945,-0.05069065048,-0.05158177975,-0.04243970296
21.99995831,-0.05112808963,-0.05239153271,-0.05159018934,-0.03985471285
22.06228114,-0.05064189101,-0.05394438197,-0.05162426873,-0.03740568071
22.12460397,-0.05019730613,-0.05535271613,-0.05168298932,-0.03509011169
22.1869268,-0.0497933475,-0.0566200531,-0.0517653225,-0.03290551099
22.24924962,-0.04942902764,-0.05774991076,-0.05187023967,-0.03084938379
22.31157245,-0.04910335908,-0.05874580699,-0.05199671223,-0.02891923527
22.37389528,-0.04881535434,-0.05961125968,-0.05214371158,-0.02711257061
22.43621811,-0.04856402593,-0.06034978672,-0.05231020911,-0.02542689498
22.49854094,-0.04834838638,-0.06096490601,-0.05249517622,-0.02385971357
22.56086377,-0.04816744822,-0.06146013542,-0.05269758431,-0.02240853157
22.62318659,-0.04802022395,-0.06183899284,-0.05291640477,-0.02107085414
22.68550942,-0.04790572611,-0.06210499617,-0.05315060901,-0.01984418648
22.74783225,-0.04782296722,-0.06226166329,-0.05339916842,-0.01872603376
22.81015508,-0.04777095979,-0.06231251209,-0.0536610544,-0.01771390116
22.87247791,-0.04774871635,-0.06226106045,-0.05393523834,-0.01680529387
22.93480073,-0.04775524942,-0.06211082627,-0.05422069164,-0.01599771706
22.99712356,-0.04778957152,-0.06186532743,-0.0545163857,-0.01528867592
23.05944639,-0.04785069517,-0.06152808182,-0.05482129192,-0.01467567562
23.12176922,-0.04793763289,-0.06110260734,-0.05513438169,-0.01415622135
23.18409205,-0.04804939721,-0.06059242185,-0.05545462642,-0.01372781829
23.24641487,-0.04818500065,-0.06000104326,-0.05578099749,-0.01338797161
23.3087377,-0.04834345572,-0.05933198946,-0.05611246631,-0.01313418651
23.37106053,-0.04852377495,-0.05858877832,-0.05644800428,-0.01296396815
23.43338336,-0.04872497087,-0.05777492774,-0.05678658278,-0.01287482172
23.49570619,-0.04894605598,-0.05689395561,-0.05712717322,-0.01286425241
23.55802901,-0.04918604282,-0.05594937981,-0.057468747,-0.01292976539
23.62035184,-0.0494439439,-0.05494471823,-0.05781027552,-0.01306886584
23.68267467,-0.04971877175,-0.05388348876,-0.05815073016,-0.01327905894
23.7449975,-0.05000953888,-0.05276920929,-0.05848908233,-0.01355784988
23.80732033,-0.05031525783,-0.05160539771,-0.05882430343,-0.01390274383
23.86964315,-0.0506349411,-0.0503955719,-0.05915536485,-0.01431124598
23.93196598,-0.05096760123,-0.04914324975,-0.05948123798,-0.0147808615
23.99428881,-0.05131225073,-0.04785194915,-0.05980089424,-0.01530909558
24.05661164,-0.05166790212,-0.04652518798,-0.06011330501,-0.0158934534
24.11893447,-0.05203356793,-0.04516648415,-0.06041744169,-0.01653144013
24.1812573,-0.05240826067,-0.04377935552,-0.06071227569,-0.01722056097
24.24358012,-0.05279099288,-0.04236732,-0.06099677839,-0.01795832108
24.30590295,-0.05318077706,-0.04093389546,-0.06126992119,-0.01874222566
24.36822578,-0.05357662575,-0.0394825998,-0.06153067549,-0.01956977987
24.43054861,-0.05397755145,-0.03801695091,-0.0617780127,-0.02043848891
24.49287144,-0.05438256671,-0.03654046667,-0.0620109042,-0.02134585795
24.55519426,-0.05479068402,-0.03505666497,-0.06222832139,-0.02228939217
24.61751709,-0.05520091593,-0.0335690637,-0.06242923567,-0.02326659676
24.67983992,-0.05561227494,-0.03208118075,-0.06261261844,-0.02427497689
24.74216275,-0.05602377358,-0.030596534,-0.0627774411,-0.02531203775
24.80448558,-0.05643442438,-0.02911864134,-0.06292267504,-0.02637528452
24.8668084,-0.05684323984,-0.02765102066,-0.06304729166,-0.02746222237
24.92913123,-0.0572492325,-0.02619718985,-0.06315026236,-0.02857035649
24.99145406,-0.05765141488,-0.0247606668,-0.06323055854,-0.02969719205
25.05377689,-0.05804879949,-0.02334496939,-0.06328715158,-0.03084023425
25.11609972,-0.05844039886,-0.02195361551,-0.0633190129,-0.03199698825
25.17842254,-0.05882522551,-0.02059012306,-0.06332511388,-0.03316495925
25.24074537,-0.05920229196,-0.01925800991,-0.06330442593,-0.03434165242
25.3030682,-0.05957061073,-0.01796079395,-0.06325592044,-0.03552457294
25.36539103,-0.05992919434,-0.01670199308,-0.06317856881,-0.03671122599
25.42771386,-0.06027705532,-0.01548512519,-0.06307134243,-0.03789911675
25.49003669,-0.06061320619,-0.01431370815,-0.06293321271,-0.03908575041
25.55235951,-0.06093665946,-0.01319125986,-0.06276315104,-0.04026863215
25.61468234,-0.06124642767,-0.0121212982,-0.06256012882,-0.04144526714
25.67700517,-0.06154152332,-0.01110734107,-0.06232311744,-0.04261316056
25.739328,-0.06182095895,-0.01015290635,-0.06205108831,-0.0437698176
25.80165083,-0.06208374706,-0.009261511927,-0.06174301282,-0.04491274344
25.86397365,-0.0623289002,-0.008436675692,-0.06139786237,-0.04603944326
25.92629648,-0.06255543087,-0.007681915533,-0.06101460835,-0.04714742224
25.98861931,-0.0627623516,-0.007000749336,-0.06059222217,-0.04823418556
26.05094214,-0.0629486749,-0.006396694991,-0.06012967521,-0.04929723839
26.11326497,-0.06311341331,-0.005873270384,-0.05962593888,-0.05033408593
26.17558779,-0.06325557934,-0.005433993404,-0.05907998458,-0.05134223335
26.23791062,-0.06337418551,-0.005082381939,-0.0584907837,-0.05231918584
26.30023345,-0.06346824434,-0.004821953877,-0.05785730764,-0.05326244856
26.36255628,-0.06353676836,-0.004656227104,-0.0571785278,-0.05416952671
26.42487911,-0.06357877009,-0.004588719511,-0.05645341557,-0.05503792547
26.48720193,-0.06359326205,-0.004622948984,-0.05568094235,-0.05586515001
26.54952476,-0.06357925676,-0.004762433411,-0.05486007954,-0.05664870552
26.61184759,-0.06353576674,-0.00501069068,-0.05398979854,-0.05738609717
26.67417042,-0.06346180451,-0.00537123868,-0.05306907074,-0.05807483015
26.73649325,-0.06335638259,-0.005847595297,-0.05209686754,-0.05871240964
26.79881607,-0.06321851352,-0.006443278421,-0.05107216034,-0.05929634082
26.8611389,-0.06304720979,-0.007161805939,-0.04999392054,-0.05982412887
26.92346173,-0.06284148395,-0.008006695738,-0.04886111953,-0.06029327897
26.98578456,-0.06260034851,-0.008981465708,-0.04767272871,-0.0607012963
27.04810739,-0.06232281598,-0.01008963373,-0.04642771947,-0.06104568604
27.11043022,-0.06200959601,-0.01132358793,-0.04513966595,-0.06131636645
27.17275304,-0.06167361582,-0.01259723722,-0.04392217728,-0.0614532657
27.23507587,-0.06131820342,-0.01389033707,-0.04279730929,-0.06144736909
27.2973987,-0.06094390015,-0.01520117373,-0.04176234951,-0.06130283825
27.35972153,-0.0605512473,-0.01652803343,-0.04081458551,-0.06102383484
27.42204436,-0.0601407862,-0.01786920242,-0.03995130483,-0.06061452048
27.48436718,-0.05971305816,-0.01922296692,-0.03916979503,-0.06007905681
27.54669001,-0.05926860449,-0.02058761317,-0.03846734366,-0.05942160547
27.60901284,-0.0588079665,-0.02196142743,-0.03784123826,-0.0586463281
27.67133567,-0.05833168552,-0.02334269591,-0.0372887664,-0.05775738634
27.7336585,-0.05784030286,-0.02472970487,-0.03680721562,-0.05675894181
27.79598132,-0.05733435982,-0.02612074053,-0.03639387348,-0.05565515617
27.85830415,-0.05681439773,-0.02751408915,-0.03604602753,-0.05445019104
27.92062698,-0.05628095789,-0.02890803695,-0.03576096531,-0.05314820806
27.98294981,-0.05573458163,-0.03030087017,-0.03553597439,-0.05175336887
28.04527264,-0.05517581025,-0.03169087505,-0.0353683423,-0.05026983512
28.10759546,-0.05460518507,-0.03307633784,-0.03525535662,-0.04870176842
28.16991829,-0.05402324741,-0.03445554476,-0.03519430488,-0.04705333043
28.23224112,-0.05343053857,-0.03582678206,-0.03518247463,-0.04532868278
28.29456395,-0.05282759988,-0.03718833597,-0.03521715344,-0.04353198711
28.35688678,-0.05221497264,-0.03853849273,-0.03529562885,-0.04166740505
28.4192096,-0.05159319818,-0.03987553859,-0.03541518841,-0.03973909824
28.48153243,-0.0509628178,-0.04119775977,-0.03557311968,-0.03775122833
28.54385526,-0.05032437282,-0.04250344253,-0.03576671021,-0.03570795693
28.60617809,-0.04967840455,-0.04379087308,-0.03599324754,-0.0336134457
28.66850092,-0.04902545431,-0.04505833768,-0.03625001924,-0.03147185628
28.73082375,-0.04836606341,-0.04630412256,-0.03653431285,-0.02928735029
28.79314657,-0.04770077316,-0.04752651396,-0.03684341592,-0.02706408937
28.8554694,-0.04703012489,-0.04872379812,-0.03717461601,-0.02480623517
28.91779223,-0.0463546599,-0.04989426128,-0.03752520067,-0.02251794932
28.98011506,-0.04567491951,-0.05103618966,-0.03789245745,-0.02020339346
29.04243789,-0.04499144503,-0.05214786952,-0.0382736739,-0.01786672922
29.10476071,-0.04430477777,-0.0532275871,-0.03866613758,-0.01551211824
29.16708354,-0.04361545906,-0.05427362861,-0.03906713603,-0.01314372216
29.22940637,-0.0429240302,-0.05528428032,-0.03947395681,-0.01076570262
29.2917292,-0.04223103251,-0.05625782845,-0.03988388746,-0.008382221251
29.35405203,-0.04153700731,-0.05719255924,-0.04029421555,-0.005997439694
29.41637485,-0.0408424959,-0.05808675894,-0.04070222863,-0.003615519585
29.47869768,-0.0401480396,-0.05893871377,-0.04110521423,-0.001240622561
29.54102051,-0.03945417972,-0.05974670998,-0.04150045993,0.00112308974
29.60334334,-0.03876145759,-0.0605090338,-0.04188525326,0.00347145568
29.66566617,-0.03807041451,-0.06122397148,-0.04225688178,0.005800313623
29.72798899,-0.03738159179,-0.06188980925,-0.04261263305,0.008105501931
29.79031182,-0.03669553076,-0.06250483335,-0.0429497946,0.01038285897
29.85263465,-0.03601277273,-0.06306733002,-0.04326565401,0.01262822309
29.91495748,-0.035333859,-0.0635755855,-0.04355749881,0.01483743267
29.97728031,-0.0346593309,-0.06402788602,-0.04382261656,0.01700632607
30.03960313,-0.03398972973,-0.06442251782,-0.04405829482,0.01913074165
30.10192596,-0.03332559682,-0.06475776714,-0.04426182112,0.02120651776
30.16424879,-0.03266747348,-0.06503192022,-0.04443048303,0.02322949278
30.22657162,-0.03201590102,-0.0652432633,-0.0445615681,0.02519550507
30.28889445,-0.03137142075,-0.06539008261,-0.04465236388,0.02710039299
30.35121728,-0.03073457399,-0.06547066439,-0.04470015791,0.0289399949
30.4135401,-0.03010590205,-0.06548329489,-0.04470223776,0.03071014917
30.47586293,-0.02948594625,-0.06542626034,-0.04465589098,0.03240669415
30.53818576,-0.0288752479,-0.06529784697,-0.04455840511,0.03402546821
30.60050859,-0.02827434832,-0.06509634103,-0.0444070677,0.03556230972
30.66283142,-0.02768378882,-0.06482002875,-0.04419916632,0.03701305703
30.72515424,-0.02710411071,-0.06446719638,-0.04393198851,0.03837354851
30.78747707,-0.02653585531,-0.06403613014,-0.04360282182,0.03963962253
30.8497999,-0.02597956393,-0.06352511628,-0.04320895381,0.04080711743
30.91212273,-0.02543577789,-0.06293244104,-0.04274767202,0.0418718716
30.97444556,-0.02490503849,-0.06225639066,-0.04221626401,0.04282972338
31.03676838,-0.02438788707,-0.06149525136,-0.04161201734,0.04367651115
31.09909121,-0.02388486492,-0.0606473094,-0.04093221954,0.04440807326
31.16141404,-0.02339651336,-0.05971085101,-0.04017415818,0.04502024807
31.22373687,-0.02292337371,-0.05868416242,-0.03933512081,0.04550887396
31.2860597,-0.02246598728,-0.05756552988,-0.03841239497,0.04586978928
31.34838252,-0.02202489539,-0.05635323962,-0.03740326822,0.0460988324
31.41070535,-0.02160063934,-0.05504557789,-0.03630502812,0.04619184168
31.47302818,-0.02119376046,-0.05364083091,-0.0351149622,0.04614465547
31.53535101,-0.02080480006,-0.05213728493,-0.03383035804,0.04595311215
31.59767384,-0.02043429945,-0.05053322619,-0.03244850317,0.04561305008
31.65999666,-0.02008279994,-0.04882694092,-0.03096668515,0.04512030762
31.72231949,-0.01975084285,-0.04701671536,-0.02938219153,0.04447072313
31.78464232,-0.0194389695,-0.04510083576,-0.02769230986,0.04366013497
31.84696515,-0.0191477212,-0.04307758834,-0.0258943277,0.04268438151
31.90928798,-0.01887763926,-0.04094525935,-0.02398553259,0.04153930111
31.97161081,-0.01862926499,-0.03870213502,-0.02196321209,0.04022073214
32.03393363,-0.01840313972,-0.0363465016,-0.01982465375,0.03872451295
32.09625646,-0.01819980475,-0.03387664532,-0.01756714512,0.0370464819
32.15857929,-0.0180198014,-0.03129085241,-0.01518797376,0.03518247737
32.22090212,-0.01786367098,-0.02858740913,-0.01268442721,0.03312833772
32.28322495,-0.01773195481,-0.0257646017,-0.01005379303,0.0308799013
32.34554777,-0.0176251942,-0.02282071636,-0.007293358768,0.02843300647
32.4078706,-0.01754393047,-0.01975403936,-0.004400411976,0.02578349161
32.47019343,-0.01748870493,-0.01656285692,-0.001372240207,0.02292719508
32.53251626,-0.01746583139,-0.01330107738,0.001757808816,0.01990806409
32.59483909,-0.01750656782,-0.01027114077,0.004793647972,0.01698759061
32.65716191,-0.01761363386,-0.00751270329,0.007707145327,0.01420383406
32.71948474,-0.01778479272,-0.005018470348,0.01050044795,0.01155450028
32.78180757,-0.01801780762,-0.002781147374,0.01317570291,0.009037295089
32.8441304,-0.0183104418,-0.0007934397916,0.01573505728,0.006649924327
32.90645323,-0.01866045846,0.0009519469742,0.01818065813,0.004390093815
32.96877605,-0.01906562083,0.002462307499,0.02051465254,0.002255509383
33.03109888,-0.01952369212,0.003744936358,0.02273918756,0.0002438768563
33.09342171,-0.02003243557,0.004807128127,0.02485641028,-0.001647097936
33.15574454,-0.02058961439,0.005656177381,0.02686846777,-0.003419709166
33.21806737,-0.02119299181,0.006299378696,0.02877750709,-0.005076251006
33.2803902,-0.02184033103,0.006744026647,0.03058567531,-0.006619017629
33.34271302,-0.02252939529,0.00699741581,0.03229511952,-0.008050303206
33.40503585,-0.02325794781,0.00706684076,0.03390798677,-0.009372401911
33.46735868,-0.0240237518,0.006959596072,0.03542642414,-0.01058760792
33.52968151,-0.02482457049,0.006682976322,0.03685257869,-0.01169821539
33.59200434,-0.02565816709,0.006244276086,0.03818859751,-0.01270651851
33.65432716,-0.02652230484,0.005650789939,0.03943662766,-0.01361481144
33.71664999,-0.02741474694,0.004909812456,0.04059881622,-0.01442538837
33.77897282,-0.02833325663,0.004028638213,0.04167731024,-0.01514054345
33.84129565,-0.02927559711,0.003014561785,0.04267425681,-0.01576257087
33.90361848,-0.03023953162,0.001874877748,0.04359180299,-0.01629376479
33.9659413,-0.03122282338,0.0006168806774,0.04443209586,-0.01673641939
34.02826413,-0.0322232356,-0.0007521348518,0.04519728249,-0.01709282884
34.09058696,-0.0332385315,-0.002224874264,0.04588950994,-0.01736528731
34.15290979,-0.03426647431,-0.003794042984,0.0465109253,-0.01755608897
34.21523262,-0.03530482725,-0.005452346435,0.04706367562,-0.01766752801
34.27755544,-0.03635135353,-0.007192490043,0.04754990798,-0.01770189857
34.33987827,-0.03740381639,-0.009007179232,0.04797176945,-0.01766149485
34.4022011,-0.03845997903,-0.01088911943,0.0483314071,-0.01754861102
34.46452393,-0.03951760469,-0.01283101605,0.04863096801,-0.01736554124
34.52684676,-0.04057445658,-0.01482557453,0.04887259924,-0.01711457968
34.58916958,-0.04162829792,-0.01686550029,0.04905844786,-0.01679802053
34.65149241,-0.04267689194,-0.01894349875,0.04919066095,-0.01641815795
34.71381524,-0.04371800185,-0.02105227534,0.04927138558,-0.01597728611
34.77613807,-0.04474939088,-0.02318453549,0.04930276881,-0.01547769919
34.8384609,-0.04576882224,-0.02533298461,0.04928695772,-0.01492169136
34.90078373,-0.04677405917,-0.02749032813,0.04922609938,-0.01431155678
34.96310655,-0.04776286487,-0.02964927148,0.04912234086,-0.01364958965
35.02542938,-0.04873300257,-0.03180252008,0.04897782923,-0.01293808411
35.08775221,-0.04968223549,-0.03394277936,0.04879471156,-0.01217933436
35.15007504,-0.05060832685,-0.03606275474,0.04857513492,-0.01137563456
35.21239787,-0.05150903988,-0.03815515164,0.04832124639,-0.01052927887
35.27472069,-0.05238213779,-0.04021267549,0.04803519303,-0.009642561487
35.33704352,-0.0532253838,-0.04222803172,0.04771912191,-0.008717776567
35.39936635,-0.05403654114,-0.04419392574,0.04737518011,-0.007757218285
35.46168918,-0.05481337303,-0.04610306298,0.0470055147,-0.006763180815
35.52401201,-0.05555364268,-0.04794814888,0.04661227275,-0.005737958329
35.58633483,-0.05625511333,-0.04972188884,0.04619760132,-0.004683844998
35.64865766,-0.05691554818,-0.05141698831,0.04576364749,-0.003603134996
35.71098049,-0.05753271046,-0.05302615269,0.04531255833,-0.002498122493
35.77330332,-0.05810436339,-0.05454208742,0.04484648092,-0.001371101664
35.83562615,-0.0586282702,-0.05595749792,0.04436756231,-0.0002243666792
35.89794897,-0.0591021941,-0.05726508961,0.04387794959,0.0009397882883
35.9602718,-0.05952389831,-0.05845756792,0.04337978982,0.002119069066
36.02259463,-0.05989114606,-0.05952763828,0.04287523008,0.003311181483
36.08491746,-0.06020170056,-0.0604680061,0.04236641743,0.004513831366
36.14724029,-0.06045332504,-0.06127137682,0.04185549894,0.005724724542
36.20956311,-0.06064378272,-0.06193045586,0.0413446217,0.00694156684
36.27188594,-0.06077083681,-0.06243794863,0.04083593276,0.008162064088
36.33420877,-0.06083225055,-0.06278656058,0.0403315792,0.009383922113
36.3965316,-0.06082578715,-0.06296899711,0.03983370809,0.01060484674
36.45885443,-0.06074920982,-0.06297796366,0.0393444665,0.0118225438
36.52117726,-0.06060028181,-0.06280616565,0.0388660015,0.01303471913
36.58350008,-0.06037676631,-0.06244630851,0.03840046017,0.01423907854
36.64582291,-0.06007642656,-0.06189109765,0.03794998957,0.01543332786
36.70814574,-0.05969702577,-0.06113323851,0.03751673677,0.01661517293
36.77046857,-0.05923632718,-0.06016543651,0.03710284885,0.01778231958
36.8327914,-0.05869209398,-0.05898039707,0.03671047287,0.01893247362
36.89511422,-0.05806208942,-0.05757082562,0.03634175591,0.02006334088
36.95743705,-0.05734407671,-0.05592942758,0.03599884503,0.0211726272
37.01975988,-0.05653581906,-0.05404890837,0.03568388732,0.02225803841
37.08208271,-0.05563507971,-0.05192197343,0.03539902983,0.02331728032
37.14440554,-0.05463962187,-0.04954132817,0.03514641965,0.02434805878
37.20672836,-0.05354720876,-0.04689967802,0.03492820383,0.02534807959
37.26905119,-0.05235560361,-0.04398972841,0.03474652946,0.0263150486
37.33137402,-0.05106256963,-0.04080418476,0.0346035436,0.02724667164
37.39369685,-0.04966587005,-0.03733575249,0.03450139333,0.02814065452
37.45601968,-0.04816326808,-0.03357713703,0.0344422257,0.02899470308
37.5183425,-0.04655252695,-0.0295210438,0.03442818781,0.02980652314
37.58066533,-0.04483140988,-0.02516017823,0.03446142671,0.03057382053
37.64298816,-0.04299768009,-0.02048724574,0.03454408947,0.03129430109
37.70531099,-0.0410491008,-0.01549495176,0.03467832318,0.03196567063
37.76763382,-0.03898343524,-0.0101760017,0.03486627489,0.03258563498
37.82995664,-0.03679844661,-0.004523101008,0.03511009169,0.03315189998
37.89227947,-0.03449189815,0.001471044908,0.03541192063,0.03366217145
37.9546023,-0.03211485465,0.007666198866,0.03576633384,0.0341037427
38.01692513,-0.02987692878,0.01348302455,0.03614397098,0.03443539205
38.07924796,-0.02779668916,0.01887064375,0.03654085845,0.03465631331
38.14157079,-0.02587064467,0.02383922129,0.03695607477,0.03477015506
38.20389361,-0.02409530423,0.02839892195,0.03738869849,0.0347805659
38.26621644,-0.02246717673,0.03255991054,0.03783780815,0.03469119443
38.32853927,-0.02098277108,0.03633235187,0.03830248228,0.03450568923
38.3908621,-0.01963859618,0.03972641073,0.03878179943,0.0342276989
38.45318493,-0.01843116093,0.04275225194,0.03927483814,0.03386087202
38.51550775,-0.01735697422,0.04542004029,0.03978067695,0.0334088572
38.57783058,-0.01641254497,0.04773994058,0.04029839439,0.03287530303
38.64015341,-0.01559438208,0.04972211762,0.04082706901,0.03226385809
38.70247624,-0.01489899444,0.05137673622,0.04136577935,0.03157817098
38.76479907,-0.01432289095,0.05271396116,0.04191360394,0.0308218903
38.82712189,-0.01386258053,0.05374395727,0.04246962133,0.02999866463
38.88944472,-0.01351457207,0.05447688933,0.04303291005,0.02911214256
38.95176755,-0.01327537447,0.05492292216,0.04360254865,0.0281659727
39.01409038,-0.01314149663,0.05509222054,0.04417761566,0.02716380363
39.07641321,-0.01310944747,0.0549949493,0.04475718963,0.02610928394
39.13873603,-0.01317573586,0.05464127323,0.04534034909,0.02500606224
39.20105886,-0.01333687073,0.05404135713,0.04592617259,0.0238577871
39.26338169,-0.01358936097,0.0532053658,0.04651373867,0.02266810712
39.32570452,-0.01392971548,0.05214346405,0.04710212585,0.02144067091
39.38802735,-0.01435444316,0.05086581669,0.04769041269,0.02017912703
39.45035018,-0.01486005293,0.0493825885,0.04827767773,0.0188871241
39.512673,-0.01544305366,0.04770394431,0.0488629995,0.0175683107
39.57499583,-0.01609995428,0.0458400489,0.04944545654,0.01622633543
39.63731866,-0.01682726368,0.04380106709,0.0500241274,0.01486484688
39.69964149,-0.01762149076,0.04159716367,0.05059809061,0.01348749363
39.76196432,-0.01847914442,0.03923850344,0.05116642471,0.01209792429
39.82428714,-0.01939673357,0.03673525122,0.05172820824,0.01069978744
39.88660997,-0.02037076711,0.0340975718,0.05228251975,0.009296731686
39.9489328,-0.02139775394,0.03133562998,0.05282843777,0.007892405609
40.01125563,-0.02247420295,0.02845959057,0.05336504084,0.006490457805
40.07357846,-0.02359662306,0.02547961838,0.0538914075,0.005094536866
40.13590128,-0.02476152316,0.02240587819,0.0544066163,0.003708291385
40.19822411,-0.02596541216,0.01924853483,0.05490974576,0.002335369955
40.26054694,-0.02720479896,0.01601775308,0.05539987444,0.0009794211688
40.32286977,-0.02847619245,0.01272369775,0.05587608087,-0.0003559063821
40.3851926,-0.02977610155,0.009376533652,0.05633744359,-0.001666964105
40.44751542,-0.03110103514,0.005986425578,0.05678304114,-0.002950103406
40.50983825,-0.03244750215,0.002563538333,0.05721195206,-0.004201675695
40.57216108,-0.03381201145,-0.0008819632787,0.05762325489,-0.005418032377
40.63448391,-0.03519107197,-0.004339914455,0.05801602817,-0.006595524861
40.69680674,-0.03658119259,-0.007800150394,0.05838935044,-0.007730504554
40.75912956,-0.03797888222,-0.01125250629,0.05874230024,-0.008819322864
40.82145239,-0.03938064976,-0.01468681735,0.05907395611,-0.009858331198
40.88377522,-0.04078300412,-0.01809291875,0.05938339658,-0.01084388096
40.94609805,-0.0421824542,-0.02146064571,0.05966970021,-0.01177232357
41.00842088,-0.04357550889,-0.02477983342,0.05993194553,-0.01264001042
41.07074371,-0.0449586771,-0.02804031707,0.06016921107,-0.01344329292
41.13306653,-0.04632846772,-0.03123193187,0.06038057538,-0.01417852249
41.19538936,-0.04768138968,-0.03434451301,0.06056511701,-0.01484205052
41.25771219,-0.04901395185,-0.03736789568,0.06072191448,-0.01543022843
41.32003502,-0.05032266315,-0.04029191509,0.06085004633,-0.01593940763
41.38235785,-0.05160403248,-0.04310640643,0.06094859112,-0.01636593951
41.44468067,-0.05285456873,-0.0458012049,0.06101662737,-0.0167061755
41.5070035,-0.05407078082,-0.04836614569,0.06105323363,-0.01695646699
41.56932633,-0.05524917763,-0.05079106401,0.06105748844,-0.01711316539
41.63164916,-0.05638626809,-0.05306579506,0.06102847033,-0.01717262212
41.69397199,-0.05747856107,-0.05518017402,0.06096525785,-0.01713118857
41.75629481,-0.05852256549,-0.05712403609,0.06086692953,-0.01698521616
41.81861764,-0.05951479025,-0.05888721648,0.06073256393,-0.01673105629
41.88094047,-0.06045174425,-0.06045955038,0.06056123956,-0.01636506038
41.9432633,-0.0613299364,-0.06183087298,0.06035203499,-0.01588357982
42.00558613,-0.06214587558,-0.0629910195,0.06010402874,-0.01528296603
42.06790895,-0.06289607071,-0.06392982511,0.05981629935,-0.01455957041
42.13023178,-0.06357703069,-0.06463712502,0.05948792537,-0.01370974437
42.19255461,-0.06418526442,-0.06510275443,0.05911798534,-0.01272983933
42.25487744,-0.06471728079,-0.06531654853,0.05870555779,-0.01161620667
42.31720027,-0.06516958872,-0.06526834253,0.05824972126,-0.01036519782
42.37952309,-0.0655386971,-0.06494797161,0.0577495543,-0.008973164184
42.44184592,-0.06582111484,-0.06434527098,0.05720413544,-0.007436457163
42.50416875,-0.06601335083,-0.06345007583,0.05661254323,-0.005751428168
42.56649158,-0.06611191398,-0.06225222136,0.0559738562,-0.003914428606
42.62881441,-0.06611331319,-0.06074154277,0.05528715289,-0.001921809885
42.69113724,-0.06601405736,-0.05890787526,0.05455151185,0.0002300765889
42.75346006,-0.06581065539,-0.05674105402,0.05376601161,0.002544879407
42.81578289,-0.06549961619,-0.05423091424,0.05292973072,0.005026247162
42.87810572,-0.06507744866,-0.05136729113,0.0520417477,0.007677828446
42.94042855,-0.06454066169,-0.04814001989,0.05110114111,0.01050327185
43.00275138,-0.06388576419,-0.04453893571,0.05010698948,0.01350622597
43.0650742,-0.06310926507,-0.04055387379,0.04905837135,0.0166903394
43.12739703,-0.06220767321,-0.03617466932,0.04795436527,0.02005926073
43.18971986,-0.06117749754,-0.03139115751,0.04679404977,0.02361663855
43.25204269,-0.06001524693,-0.02619317354,0.04557650338,0.02736612145
43.31436552,-0.05871743031,-0.02057055263,0.04430080466,0.03131135804
43.37668834,-0.05733725717,-0.01469234266,0.04299666982,0.03533338308
43.43901117,-0.05603860928,-0.009077745473,0.04175310679,0.03907692609
43.501334,-0.05483006745,-0.003755478831,0.04057467114,0.0425257373
43.56365683,-0.05370937875,0.001279970108,0.03946004813,0.045687092
43.62597966,-0.05267429025,0.006034114189,0.03840792302,0.04856826548
43.68830248,-0.05172254903,0.01051246625,0.03741698106,0.051176533
43.75062531,-0.05085190217,0.01472053915,0.03648590751,0.05351916986
43.81294814,-0.05006009672,0.01866384571,0.03561338762,0.05560345134
43.87527097,-0.04934487978,0.02234789879,0.03479810666,0.05743665271
43.9375938,-0.04870399841,0.02577821123,0.03403874988,0.05902604927
43.99991662,-0.04813519968,0.02896029588,0.03333400254,0.06037891628
44.06223945,-0.04763623067,0.03189966557,0.03268254989,0.06150252904
44.12456228,-0.04720483846,0.03460183315,0.03208307718,0.06240416282
44.18688511,-0.04683877011,0.03707231146,0.03153426969,0.06309109291
44.24920794,-0.0465357727,0.03931661336,0.03103481266,0.06357059458
44.31153077,-0.0462935933,0.04134025167,0.03058339135,0.06384994313
44.37385359,-0.04610997899,0.04314873926,0.03017869102,0.06393641382
44.43617642,-0.04598267684,0.04474758895,0.02981939692,0.06383728195
44.49849925,-0.04590943392,0.04614231359,0.02950419432,0.0635598228
44.56082208,-0.04588799732,0.04733842603,0.02923176846,0.06311131164
44.62314491,-0.04591611409,0.04834143911,0.02900080461,0.06249902376
44.68546773,-0.04599153131,0.04915686568,0.02880998802,0.06173023444
44.74779056,-0.04611199607,0.04979021857,0.02865800395,0.06081221896
44.81011339,-0.04627525542,0.05024701063,0.02854353765,0.05975225261
44.87243622,-0.04647905645,0.05053275471,0.02846527438,0.05855761066
44.93475905,-0.04672114623,0.05065296365,0.02842189941,0.05723556839
44.99708187,-0.04699927183,0.0506131503,0.02841209798,0.0557934011
45.0594047,-0.04731118033,0.05041882748,0.02843455535,0.05423838406
45.12172753,-0.04765461879,0.05007550806,0.02848795678,0.05257779255
45.18405036,-0.0480273343,0.04958870488,0.02857098753,0.05081890185
45.24637319,-0.04842707392,0.04896393077,0.02868233285,0.04896898725
45.30869601,-0.04885158473,0.04820669858,0.028820678,0.04703532402
45.37101884,-0.04929861381,0.04732252116,0.02898470823,0.04502518746
45.43334167,-0.04976590822,0.04631691134,0.02917310881,0.04294585283
45.4956645,-0.05025121504,0.04519538198,0.02938456499,0.04080459543
45.55798733,-0.05075228134,0.04396344592,0.02961776203,0.03860869053
45.62031016,-0.05126685421,0.042626616,0.02987138518,0.03636541342
45.68263298,-0.0517926807,0.04119040506,0.0301441197,0.03408203938
45.74495581,-0.0523275079,0.03966032594,0.03043465085,0.03176584368
45.80727864,-0.05286908287,0.0380418915,0.03074166389,0.02942410162
45.86960147,-0.0534151527,0.03634061458,0.03106384406,0.02706408847
45.9319243,-0.05396346445,0.03456200801,0.03139987663,0.02469307951
45.99424712,-0.0545117652,0.03271158464,0.03174844686,0.02231835003
46.05656995,-0.05505780202,0.03079485733,0.03210824,0.01994717531
46.11889278,-0.05559932199,0.0288173389,0.0324779413,0.01758683063
46.18121561,-0.05613407217,0.0267845422,0.03285623603,0.01524459127
46.24353844,-0.05665979965,0.02470198008,0.03324180945,0.01292773251
46.30586126,-0.05717425149,0.02257516539,0.0336333468,0.01064352964
46.36818409,-0.05767517477,0.02040961096,0.03402953335,0.008399257931
46.43050692,-0.05816031657,0.01821082963,0.03442905435,0.006202192674
46.49282975,-0.05862742395,0.01598433426,0.03483059506,0.004059609147
46.55515258,-0.05907424399,0.01373563769,0.03523284073,0.001978782632
46.6174754,-0.05949852377,0.01147025275,0.03563447663,-3.301159e-05
46.67979823,-0.05989801035,0.009193692303,0.036034188,-0.001968498236
46.74212106,-0.06027045081,0.006911469179,0.03643066012,-0.003820402025
46.80444389,-0.06061359223,0.004629096227,0.03682257822,-0.005581447676
46.86676672,-0.06092518168,0.002352086288,0.03720862758,-0.007244359906
46.92908954,-0.06120296622,8.595220865e-05,0.03758749344,-0.008801863433
46.99141237,-0.06144469294,-0.002163793169,0.03795786107,-0.01024668298
47.0537352,-0.06164810891,-0.004391637001,0.03831841572,-0.01157154326
47.11605803,-0.0618109612,-0.006592066443,0.03866784264,-0.01276916899
47.17838086,-0.06193099689,-0.008759568651,0.0390048271,-0.01383228489
47.24070369,-0.06200596304,-0.01088863078,0.03932805435,-0.01475361568
47.30302651,-0.06203360674,-0.01297373999,0.03963620964,-0.01552588608
47.36534934,-0.06201167505,-0.01500938344,0.03992797824,-0.0161418208
47.42767217,-0.06193791505,-0.01699004828,0.04020204541,-0.01659414457
47.489995,-0.06181007381,-0.01891022166,0.04045709639,-0.0168755821
47.55231783,-0.06162589842,-0.02076439075,0.04069181644,-0.01697885811
47.61464065,-0.06138313593,-0.02254704271,0.04090489083,-0.01689669732
47.67696348,-0.06107953342,-0.02425266467,0.0410950048,-0.01662182444
47.73928631,-0.06071283797,-0.02587574381,0.04126084362,-0.0161469642
47.80160914,-0.06028079665,-0.02741076728,0.04140109255,-0.01546484132
47.86393197,-0.05978115654,-0.02885222224,0.04151443683,-0.01456818051
47.92625479,-0.0592116647,-0.03019459584,0.04159956172,-0.01344970648
47.98857762,-0.05857006821,-0.03143237523,0.04165515249,-0.01210214397
48.05090045,-0.05785411415,-0.03256004758,0.04167989439,-0.01051821768
48.11322328,-0.05706154959,-0.03357210004,0.04167247268,-0.008690652338
48.17554611,-0.0561901216,-0.03446301977,0.0416315726,-0.006612172658
48.23786893,-0.05523757725,-0.03522729392,0.04155587943,-0.00427550336
48.30019176,-0.05420166362,-0.03585940966,0.04144407841,-0.001673369161
48.36251459,-0.05308012779,-0.03635385412,0.04129485481,0.001201505219
48.42483742,-0.05187071682,-0.03670511448,0.04110689388,0.004356395063
48.48716025,-0.05057117779,-0.03690767789,0.04087888087,0.007798575653
48.54948307,-0.04917925777,-0.0369560315,0.04060950105,0.01153532227
48.6118059,-0.04769270384,-0.03684466247,0.04029743967,0.01557391019
48.67412873,-0.04610926306,-0.03656805796,0.03994138199,0.01992161471
48.73645156,-0.04442668253,-0.03612070513,0.03954001326,0.0245857111
48.79877439,-0.0426789857,-0.03552836766,0.03909163905,0.02936517382
48.86109722,-0.04094465981,-0.03485807742,0.03859590311,0.03381202142
48.92342004,-0.03922679408,-0.03411442124,0.03805481337,0.03791850945
48.98574287,-0.03752569879,-0.03329963367,0.03747043364,0.0416929744
49.0480657,-0.03584168426,-0.03241594925,0.03684482777,0.04514375276
49.11038853,-0.03417506078,-0.03146560253,0.03618005958,0.04827918104
49.17271136,-0.03252613865,-0.03045082805,0.03547819291,0.05110759572
49.23503418,-0.03089522816,-0.02937386036,0.03474129159,0.05363733331
49.29735701,-0.02928263963,-0.02823693401,0.03397141945,0.05587673029
49.35967984,-0.02768868334,-0.02704228353,0.03317064031,0.05783412317
49.42200267,-0.02611366959,-0.02579214347,0.03234101802,0.05951784844
49.4843255,-0.02455790869,-0.02448874838,0.0314846164,0.0609362426
49.54664832,-0.02302171093,-0.0231343328,0.03060349928,0.06209764214
49.60897115,-0.02150538662,-0.02173113128,0.0296997305,0.06301038355
49.67129398,-0.02000924604,-0.02028137836,0.02877537389,0.06368280334
49.73361681,-0.01853359951,-0.01878730858,0.02783249327,0.064123238
49.79593964,-0.01707875731,-0.0172511565,0.02687315248,0.06434002403
49.85826246,-0.01564502976,-0.01567515666,0.02589941535,0.06434149792
49.92058529,-0.01423272714,-0.0140615436,0.02491334572,0.06413599616
49.98290812,-0.01284215976,-0.01241255187,0.0239170074,0.06373185526
50.04523095,-0.01147363791,-0.010730416,0.02291246424,0.0631374117
50.10755378,-0.01012747189,-0.009017370557,0.02190178007,0.06236100199
50.1698766,-0.008803972014,-0.007275650073,0.02088701871,0.06141096262
50.23219943,-0.007503448566,-0.005507489096,0.019870244,0.06029563009
50.29452226,-0.006226211849,-0.003715122171,0.01885351977,0.05902334089
50.35684509,-0.004972572163,-0.001900783842,0.01783890985,0.05760243151
50.41916792,-0.003742839806,-6.670865433e-05,0.01682847807,0.05604123846
50.48149075,-0.002537325077,0.001784868846,0.01582428826,0.05434809823
50.54381357,-0.001356338275,0.003651714116,0.01482840426,0.05253134731
50.6061364,-0.0002001896998,0.005531592609,0.01384288989,0.05059932221
50.66845923,0.0009308103502,0.00742226978,0.01286980899,0.04856035941
50.73078206,0.002036351576,0.009321511085,0.01191122539,0.04642279541
50.79310489,0.003116123678,0.01122708198,0.01096920292,0.04419496672
50.85542771,0.004169816359,0.01313674792,0.01004580541,0.04188520981
50.91775054,0.005197119317,0.01504827435,0.009143096692,0.0395018612
50.98007337,0.006197722256,0.01695942674,0.008263140596,0.03705325737
51.0423962,0.007171314875,0.01886797054,0.007408000954,0.03454773482
51.10471903,0.008117586876,0.02077167121,0.006579741598,0.03199363005
51.16704185,0.00903622796,0.02266829419,0.00578042636,0.02939927956
51.22936468,0.009926927827,0.02455560494,0.005012119069,0.02677301983
51.29168751,0.01078937618,0.02643136893,0.004276883558,0.02412318737
51.35401034,0.01162326272,0.0282933516,0.003576783659,0.02145811866
51.41633317,0.01242827714,0.03013931841,0.002913883201,0.01878615022
51.47865599,0.01320410915,0.03196703481,0.002290246017,0.01611561852
51.54097882,0.01395044845,0.03377426626,0.001707935937,0.01345486008
51.60330165,0.01466698475,0.03555877822,0.001169016793,0.01081221138
51.66562448,0.01535340773,0.03731833613,0.0006755524171,0.008196008914
51.72794731,0.0160094071,0.03905070546,0.0002296066393,0.005614589187
51.79027014,0.01663467256,0.04075365166,-0.0001667567086,0.003076288691
51.85259296,0.01722889382,0.04242494019,-0.0005114737954,0.0005894439218
51.91491579,0.01779176058,0.04406233649,-0.0008024807898,-0.001837608625
51.97723862,0.01832296253,0.04566360603,-0.001037713861,-0.004196532452
52.03956145,0.01882218937,0.04722651425,-0.001215109176,-0.006478991066
52.10188428,0.01928913082,0.04874882663,-0.001332602906,-0.008676647969
52.1642071,0.01972347656,0.0502283086,-0.001388131218,-0.01078116667
52.22652993,0.0201249163,0.05166272563,-0.001379630281,-0.01278421066
52.28885276,0.02049313974,0.05304984316,-0.001305036264,-0.01467744346
52.35117559,0.02082783659,0.05438742666,-0.001162285336,-0.01645252856
52.41349842,0.02112869654,0.05567324158,-0.0009493136656,-0.01810112948
52.47582124,0.02139540929,0.05690505338,-0.000664057421,-0.01961490971
52.53814407,0.02162766454,0.05808062751,-0.0003044527712,-0.02098553276
52.6004669,0.021825152,0.05919772942,0.000131564115,-0.02220466213
52.66278973,0.02198756137,0.06025412457,0.000646057069,-0.02326396133
52.72511256,0.02211458235,0.06124757842,0.001241089922,-0.02415509387
52.78743538,0.02220590463,0.06217585641,0.001918726505,-0.02486972323
52.84975821,0.02226121792,0.06303672401,0.00268103065,-0.02539951294
52.91208104,0.02228021193,0.06382794668,0.003530066188,-0.0257361265
52.97440387,0.02226257634,0.06454728985,0.00446789695,-0.0258712274
53.0367267,0.02220800087,0.065192519,0.005496586767,-0.02579647915
53.09904952,0.02211617522,0.06576139957,0.006618199471,-0.02550354526
53.16137235,0.02198678907,0.06625169703,0.007834798892,-0.02498408924
53.22369518,0.02181953214,0.06666117682,0.009148448864,-0.02422977457
53.28601801,0.02161409413,0.0669876044,0.01056121322,-0.02323226478
53.34834084,0.02137016474,0.06722874522,0.01207515578,-0.02198322336
53.41066367,0.02108743367,0.06738236475,0.01369234038,-0.02047431382
53.47298649,0.02076559061,0.06744622843,0.01541483087,-0.01869719966
53.53530932,0.02040432528,0.06741810172,0.01724469105,-0.01664354439
53.59763215,0.02000332736,0.06729575008,0.01918398478,-0.01430501151
53.65995498,0.01956228657,0.06707693896,0.02123477587,-0.01167326452
53.72227781,0.01908089261,0.06675943381,0.02339912816,-0.008739966935
53.78460063,0.01855883516,0.0663410001,0.02567910548,-0.005496782251
53.84692346,0.01799580395,0.06581940327,0.02807677166,-0.001935373973
53.90924629,0.01739148866,0.06519240878,0.03059419054,0.001952594393
53.97156912,0.016745579,0.06445778209,0.03323342594,0.006175459343
54.03389195,0.01605776466,0.06361328865,0.0359965417,0.01074155737
54.09621477,0.01532773536,0.06265669392,0.03888560164,0.01565922498
54.1585376,0.01455518078,0.06158576335,0.04190266961,0.02093679866
54.22086043,0.0137930739,0.06046751499,0.04490630786,0.0262911187
54.28318326,0.01312624645,0.05941256325,0.04766795862,0.03125819474
54.34550609,0.01255334454,0.05842106469,0.05019023928,0.0358408757
54.40782891,0.01207180901,0.05749162005,0.05247900676,0.04004857219
54.47015174,0.01167908073,0.05662283007,0.05454011799,0.04389069486
54.53247457,0.01137260056,0.05581329551,0.05637942992,0.04737665432
54.5947974,0.01114980935,0.0550616171,0.05800279946,0.0505158612
54.65712023,0.01100814795,0.0543663956,0.05941608356,0.05331772612
54.71944305,0.01094505722,0.05372623175,0.06062513914,0.05579165972
54.78176588,0.01095797803,0.0531397263,0.06163582314,0.05794707261
54.84408871,0.01104435121,0.05260547998,0.06245399248,0.05979337543
54.90641154,0.01120161764,0.05212209355,0.0630855041,0.0613399788
54.96873437,0.01142721816,0.05168816776,0.06353621493,0.06259629335
55.0310572,0.01171859364,0.05130230334,0.0638119819,0.0635717297
55.09338002,0.01207318492,0.05096310104,0.06391866195,0.06427569847
55.15570285,0.01248843287,0.05066916161,0.063862112,0.06471761031
55.21802568,0.01296177834,0.0504190858,0.06364818898,0.06490687582
55.28034851,0.01349066219,0.05021147434,0.06328274983,0.06485290564
55.34267134,0.01407252527,0.05004492799,0.06277165149,0.0645651104
55.40499416,0.01470480844,0.04991804749,0.06212075087,0.06405290071
55.46731699,0.01538495255,0.04982943359,0.06133590491,0.06332568721
55.52963982,0.01611039847,0.04977768703,0.06042297055,0.06239288052
55.59196265,0.01687858704,0.04976140856,0.05938780471,0.06126389127
55.65428548,0.01768695912,0.04977919892,0.05823626433,0.05994813008
55.7166083,0.01853295558,0.04982965886,0.05697420634,0.05845500758
55.77893113,0.01941401726,0.04991138912,0.05560748766,0.0567939344
55.84125396,0.02032758502,0.05002299046,0.05414196524,0.05497432117
55.90357679,0.02127109972,0.05016306361,0.052583496,0.0530055785
55.96589962,0.02224200221,0.05033020932,0.05093793688,0.05089711702
56.02822244,0.02323773336,0.05052302834,0.0492111448,0.04865834737
56.09054527,0.02425573401,0.05074012141,0.0474089767,0.04629868016
56.1528681,0.02529344502,0.05098008928,0.04553728951,0.04382752603
56.21519093,0.02634830725,0.05124153269,0.04360194016,0.04125429559
56.27751376,0.02741776156,0.05152305239,0.04160878558,0.03858839948
56.33983658,0.02849924879,0.05182324913,0.03956368271,0.03583924832
56.40215941,0.02959020981,0.05214072364,0.03747248847,0.03301625274
56.46448224,0.03068808548,0.05247407668,0.03534105979,0.03012882337
56.52680507,0.03179031664,0.052821909,0.03317525362,0.02718637082
56.5891279,0.03289434416,0.05318282133,0.03098092687,0.02419830573
56.65145073,0.03399760889,0.05355541442,0.02876393649,0.02117403872
56.71377355,0.03509755168,0.05393828902,0.0265301394,0.01812298042
56.77609638,0.0361916134,0.05433004588,0.02428539254,0.01505454145
56.83841921,0.0372772349,0.05472928573,0.02203555283,0.01197813245
56.90074204,0.03835185703,0.05513460933,0.0197864772,0.008903164029
56.96306487,0.03941292065,0.05554461742,0.0175440226,0.005839046823
57.02538769,0.04045786663,0.05595791075,0.01531404595,0.002795191456
57.08771052,0.0414841358,0.05637309006,0.01310240418,-0.0002189914458
57.15003335,0.04248916903,0.05678875609,0.01091495422,-0.003194091257
57.21235618,0.04347040719,0.0572035096,0.008757553015,-0.00612069735
57.27467901,0.04442529111,0.05761595133,0.006636057481,-0.0089893991
57.33700183,0.04535126166,0.05802468202,0.004556324557,-0.01179078588
57.39932466,0.04624575969,0.05842830242,0.002524211172,-0.01451544706
57.46164749,0.04710622607,0.05882541328,0.0005455742587,-0.01715397203
57.52397032,0.04793010164,0.05921461534,-0.001373729251,-0.01969695014
57.58629315,0.04871482726,0.05959450934,-0.003227842427,-0.02213497078
57.64861597,0.04945784379,0.05996369604,-0.005010908336,-0.02445862332
57.7109388,0.05015659209,0.06032077617,-0.006717070047,-0.02665849714
57.77326163,0.050808513,0.06066435049,-0.008340470629,-0.0287251816
57.83558446,0.05141104739,0.06099301974,-0.00987525315,-0.03064926608
57.89790729,0.05196163612,0.06130538466,-0.01131556068,-0.03242133996
57.96023012,0.05245772003,0.061600046,-0.01265553628,-0.03403199261
58.02255294,0.05289673999,0.06187560451,-0.01388932303,-0.0354718134
58.08487577,0.05327613685,0.06213066092,-0.01501106399,-0.0367313917
58.1471986,0.05359335147,0.062363816,-0.01601490224,-0.0378013169
58.20952143,0.0538458247,0.06257367048,-0.01689498083,-0.03867217836
58.27184426,0.0540309974,0.0627588251,-0.01764544284,-0.03933456546
58.33416708,0.05414631042,0.06291788062,-0.01826043134,-0.03977906757
58.39648991,0.05418920463,0.06304943778,-0.01873408939,-0.03999627407
58.45881274,0.05415712087,0.06315209732,-0.01906056007,-0.03997677433
58.52113557,0.05404750001,0.06322446,-0.01923398644,-0.03971115773
58.5834584,0.0538577829,0.06326512654,-0.01924851157,-0.03919001363
58.64578122,0.05358541039,0.06327269772,-0.01909827853,-0.03840393141
58.70810405,0.05322782335,0.06324577425,-0.01877743039,-0.03734350044
58.77042688,0.05278246262,0.0631829569,-0.01828011021,-0.03599931011
58.83274971,0.05224676907,0.06308284641,-0.01760046106,-0.03436194978
58.89507254,0.05161818354,0.06294404353,-0.01673262602,-0.03242200883
58.95739536,0.05089414691,0.06276514899,-0.01567074815,-0.03017007663
59.01971819,0.05007210001,0.06254476355,-0.01440897052,-0.02759674255
59.08204102,0.04914948372,0.06228148794,-0.0129414362,-0.02469259597
59.14436385,0.04812373888,0.06197392293,-0.01126228826,-0.02144822627
59.20668668,0.04699230635,0.06162066925,-0.009365669757,-0.01785422281
59.2690095,0.04575262698,0.06122032764,-0.00724572377,-0.01390117497
59.33133233,0.04440214164,0.06077149886,-0.004896593366,-0.009579672122
59.39365516,0.04293829118,0.06027278364,-0.002312421612,-0.004880303645
59.45597799,0.04135851645,0.05972278274,0.0005126484236,0.0002063410905
59.51830082,0.03966025832,0.0591200969,0.003584473671,0.00568967271
59.58062365,0.03784095763,0.05846332687,0.006908911064,0.01157910184
59.64294647,0.03601385551,0.05780153803,0.01031393581,0.01750338774
59.7052693,0.03431333521,0.0571930364,0.01359229822,0.0230210043
59.76759213,0.03273683907,0.0566364658,0.01674554656,0.02814012198
59.82991496,0.03128157011,0.05613036578,0.01977559536,0.03286969756
59.89223779,0.02994473134,0.05567327588,0.02268435918,0.03721868782
59.95456061,0.02872352578,0.05526373567,0.02547375255,0.04119604954
60.01688344,0.02761515645,0.05490028467,0.02814569001,0.0448107395
60.07920627,0.02661682636,0.05458146243,0.0307020861,0.04807171449
60.1415291,0.02572573854,0.05430580851,0.03314485536,0.05098793128
60.20385193,0.02493909599,0.05407186245,0.03547591234,0.05356834665
60.26617475,0.02425410174,0.05387816379,0.03769717157,0.05582191739
60.32849758,0.0236679588,0.05372325208,0.0398105476,0.05775760028
60.39082041,0.02317787019,0.05360566688,0.04181795496,0.0593843521
60.45314324,0.02278103892,0.05352394771,0.04372130821,0.06071112962
60.51546607,0.02247466801,0.05347663414,0.04552252187,0.06174688963
60.57778889,0.02225596049,0.0534622657,0.04722351049,0.06250058892
60.64011172,0.02212211936,0.05347938195,0.04882618861,0.06298118426
60.70243455,0.02207034764,0.05352652242,0.05033247077,0.06319763242
60.76475738,0.02209784835,0.05360222667,0.05174427151,0.06315889021
60.82708021,0.02220182451,0.05370503425,0.05306350537,0.06287391438
60.88940303,0.02237947913,0.05383348469,0.0542920869,0.06235166174
60.95172586,0.02262801523,0.05398611755,0.05543193064,0.06160108905
61.01404869,0.02294463583,0.05416147237,0.05648495112,0.06063115309
61.07637152,0.02332654394,0.05435808869,0.05745306288,0.05945081066
61.13869435,0.02377094258,0.05457450607,0.05833818047,0.05806901852
61.20101718,0.02427503477,0.05480926405,0.05914221843,0.05649473347
61.26334,0.02483602352,0.05506090218,0.0598670913,0.05473691227
61.32566283,0.02545111185,0.05532796,0.06051471362,0.05280451172
61.38798566,0.02611750277,0.05560897706,0.06108699993,0.05070648859
61.45030849,0.02683239931,0.05590249291,0.06158586477,0.04845179967
61.51263132,0.02759300449,0.05620704709,0.06201322268,0.04604940173
61.57495414,0.0283965213,0.05652117914,0.06237098821,0.04350825155
61.63727697,0.02924015279,0.05684342863,0.06266107589,0.04083730593
61.6995998,0.03012110195,0.05717233508,0.06288540026,0.03804552163
61.76192263,0.03103657181,0.05750643805,0.06304587587,0.03514185544
61.82424546,0.03198376539,0.05784427708,0.06314441726,0.03213526414
61.88656828,0.0329598857,0.05818439173,0.06318293896,0.02903470451
61.94889111,0.03396213575,0.05852532153,0.06316335553,0.02584913333
62.01121394,0.03498771858,0.05886560604,0.06308758149,0.02258750738
62.07353677,0.03603383718,0.05920378479,0.06295753139,0.01925878345
62.1358596,0.03709769458,0.05953839734,0.06277511978,0.01587191832
62.19818242,0.03817649379,0.05986798323,0.06254226118,0.01243586876
62.26050525,0.03926743784,0.06019108201,0.06226087015,0.008959591551
62.32282808,0.04036772974,0.06050623323,0.06193286122,0.005452043484
62.38515091,0.0414745725,0.06081197643,0.06156014894,0.001922181335
62.44747374,0.04258516915,0.06110685115,0.06114464784,-0.001621038115
62.50979656,0.04369672269,0.06138939695,0.06068827247,-0.005168658084
62.57211939,0.04480643615,0.06165815337,0.06019293737,-0.008711721792
62.63444222,0.04591151254,0.06191165996,0.05966055708,-0.01224127246
62.69676505,0.04700915489,0.06214845625,0.05909304613,-0.0157483533
62.75908788,0.04809656619,0.06236708181,0.05849231907,-0.01922400754
62.82141071,0.04917094949,0.06256607618,0.05786029045,-0.02265927839
62.88373353,0.05022950778,0.06274397889,0.05719887479,-0.02604520908
62.94605636,0.05126944409,0.06289932951,0.05650998665,-0.02937284282
63.00837919,0.05228796143,0.06303066757,0.05579554056,-0.03263322283
63.07070202,0.05328226282,0.06313653262,0.05505745107,-0.03581739233
63.13302485,0.05424955128,0.06321546421,0.05429763271,-0.03891639455
63.19534767,0.05518702982,0.06326600188,0.05351800003,-0.04192127269
63.2576705,0.05609190146,0.06328668518,0.05272046756,-0.04482306998
63.31999333,0.05696136922,0.06327605366,0.05190694985,-0.04761282964
63.38231616,0.05779263612,0.06323264686,0.05107936144,-0.05028159488
63.44463899,0.05858290516,0.06315500433,0.05023961687,-0.05282040893
63.50696181,0.05932937938,0.06304166562,0.04938963068,-0.05522031501
63.56928464,0.06002926178,0.06289117027,0.04853131742,-0.05747235632
63.63160747,0.06067975537,0.06270205783,0.04766659161,-0.0595675761
63.6939303,0.06127806319,0.06247286784,0.04679736781,-0.06149701756
63.75625313,0.06182138824,0.06220213985,0.04592556055,-0.06325172393
63.81857595,0.06230693355,0.06188841341,0.04505308437,-0.06482273841
63.88089878,0.06273190212,0.06153022807,0.04418185382,-0.06620110423
63.94322161,0.06309349697,0.06112612336,0.04331378344,-0.06737786461
64.00554444,0.06338892113,0.06067463885,0.04245078777,-0.06834406276
64.06786727,0.06361537761,0.06017431406,0.04159478134,-0.06909074191
64.1301901,0.06377006942,0.05962368856,0.0407476787,-0.06960894528
64.19251292,0.06385019959,0.05902130188,0.0399113944,-0.06988971607
64.25483575,0.06385297112,0.05836569357,0.03908784296,-0.06992409753
64.31715858,0.06377558705,0.05765540318,0.03827893894,-0.06970313285
64.37948141,0.06361525037,0.05688897025,0.03748659686,-0.06921786527
64.44180424,0.06336916411,0.05606493434,0.03671273129,-0.06845933799
64.50412706,0.06303453129,0.05518183498,0.03595925674,-0.06741859424
64.56644989,0.06260855492,0.05423821173,0.03522808777,-0.06608667725
64.62877272,0.06208843802,0.05323260413,0.03452113892,-0.06445463022
64.69109555,0.06147138361,0.05216355172,0.03384032473,-0.06251349637
64.75341838,0.0607545947,0.05102959406,0.03318755973,-0.06025431893
64.8157412,0.05993527431,0.04982927069,0.03256475847,-0.05766814112
64.87806403,0.05901062546,0.04856112115,0.03197383549,-0.05474600615
64.94038686,0.05797785117,0.04722368499,0.03141670533,-0.05147895724
65.00270969,0.05683432131,0.04581558831,0.03089531315,-0.04785860648
65.06503252,0.0556731496,0.04438530216,0.03042843744,-0.04420261369
65.12735534,0.0545736819,0.04297484842,0.03002964105,-0.04078040602
65.18967817,0.05353474789,0.04158464837,0.02969709872,-0.03758662548
65.252001,0.05255517723,0.04021512329,0.02942898516,-0.03461591408
65.31432383,0.05163379961,0.03886669445,0.02922347508,-0.03186291383
65.37664666,0.0507694447,0.03753978312,0.02907874322,-0.02932226676
65.43896948,0.04996094217,0.03623481057,0.02899296429,-0.02698861486
65.50129231,0.0492071217,0.03495219809,0.02896431301,-0.02485660015
65.56361514,0.04850681296,0.03369236694,0.0289909641,-0.02292086465
65.62593797,0.04785884563,0.03245573839,0.02907109228,-0.02117605036
65.6882608,0.04726204938,0.03124273373,0.02920287228,-0.0196167993
65.75058363,0.04671525389,0.03005377422,0.02938447882,-0.01823775348
65.81290645,0.04621728883,0.02888928114,0.0296140866,-0.01703355491
65.87522928,0.04576698388,0.02774967577,0.02988987036,-0.0159988456
65.93755211,0.04536316872,0.02663537936,0.03021000482,-0.01512826757
65.99987494,0.04500467301,0.02554681321,0.03057266469,-0.01441646283
66.06219777,0.04469032644,0.02448439858,0.0309760247,-0.01385807338
66.12452059,0.04441895867,0.02344855675,0.03141825956,-0.01344774125
66.18684342,0.04418939939,0.02243970899,0.03189754401,-0.01318010844
66.24916625,0.04400047826,0.02145827658,0.03241205274,-0.01304981697
66.31148908,0.04385102497,0.02050468078,0.0329599605,-0.01305150885
66.37381191,0.04373986919,0.01957934287,0.03353944199,-0.01317982608
66.43613473,0.04366584059,0.01868268413,0.03414867195,-0.01342941069
66.49845756,0.04362776884,0.01781512583,0.03478582508,-0.01379490468
66.56078039,0.04362448363,0.01697708924,0.03544907611,-0.01427095007
66.62310322,0.04365481463,0.01616899564,0.03613659976,-0.01485218887
66.68542605,0.04371759151,0.0153912663,0.03684657076,-0.01553326309
66.74774887,0.04381164395,0.0146443225,0.03757716381,-0.01630881473
66.8100717,0.04393580162,0.0139285855,0.03832655364,-0.01717348583
66.87239453,0.0440888942,0.01324447658,0.03909291498,-0.01812191838
66.93471736,0.04426975136,0.01259241702,0.03987442254,-0.0191487544
66.99704019,0.04447720278,0.01197282809,0.04066925104,-0.0202486359
67.05936301,0.04471007814,0.01138613107,0.04147557521,-0.02141620489
67.12168584,0.0449672071,0.01083274721,0.04229156975,-0.02264610338
67.18400867,0.04524741934,0.01031309781,0.04311540941,-0.0239329734
67.2463315,0.04554954454,0.009827604137,0.04394526888,-0.02527145694
67.30865433,0.04587241238,0.009376687458,0.0447793229,-0.02665619602
67.37097716,0.04621485252,0.008960769051,0.04561574619,-0.02808183266
67.43329998,0.04657569464,0.008580270189,0.04645271347,-0.02954300886
67.49562281,0.04695376842,0.008235612146,0.04728839944,-0.03103436664
67.55794564,0.04734790354,0.007927216196,0.04812097885,-0.03255054801
67.62026847,0.04775692966,0.007655503612,0.0489486264,-0.03408619498
67.6825913,0.04817967646,0.007420895669,0.04976951683,-0.03563594956
67.74491412,0.04861497362,0.00722381364,0.05058182484,-0.03719445377
67.80723695,0.04906165082,0.007064678798,0.05138372515,-0.03875634961
67.86955978,0.04951853772,0.006943912418,0.0521733925,-0.0403162791
67.93188261,0.049984464,0.006861935773,0.0529490016,-0.04186888426
67.99420544,0.05045825935,0.006819170137,0.05370872716,-0.04340880709
68.05652826,0.05093875342,0.006816036783,0.05445074392,-0.04493068961
68.11885109,0.0514247759,0.006852956986,0.05517322659,-0.04642917382
68.18117392,0.05191515647,0.006930352018,0.05587434989,-0.04789890174
68.24349675,0.05240872479,0.007048643155,0.05655228854,-0.04933451539
68.30581958,0.05290431054,0.007208251669,0.05720521726,-0.05073065676
68.3681424,0.0534007434,0.007409598834,0.05783131077,-0.05208196789
68.43046523,0.05389685305,0.007653105924,0.0584287438,-0.05338309077
68.49278806,0.05439146915,0.007939194213,0.05899569106,-0.05462866742
68.55511089,0.05488342138,0.008268284974,0.05953032728,-0.05581333986
68.61743372,0.05537153942,0.008640799482,0.06003082717,-0.05693175009
68.67975654,0.05585465294,0.009057159009,0.06049536546,-0.05797854012
68.74207937,0.05633159162,0.00951778483,0.06092211686,-0.05894835197
68.8044022,0.05680118514,0.01002309822,0.06130925609,-0.05983582766
68.86672503,0.05726226315,0.01057352045,0.06165495788,-0.06063560918
68.92904786,0.05771365536,0.01116947279,0.06195739695,-0.06134233856
68.99137069,0.05815419141,0.01181137652,0.06221474802,-0.06195065781
69.05369351,0.05858270101,0.01249965292,0.0624251858,-0.06245520894
69.11601634,0.0589980138,0.01323472325,0.06258688503,-0.06285063395
69.17833917,0.05939895948,0.01401700879,0.06269802041,-0.06313157487
69.240662,0.05978436772,0.01484693081,0.06275676667,-0.06329267371
69.30298483,0.06015306819,0.01572491059,0.06276129852,-0.06332857247
69.36530765,0.06050389057,0.0166513694,0.0627097907,-0.06323391317
69.42763048,0.06083566452,0.01762672852,0.06260041792,-0.06300333782
69.48995331,0.06114721974,0.01865140922,0.0624313549,-0.06263148843
69.55227614,0.06143738589,0.01972583276,0.06220077636,-0.06211300702
69.61459897,0.06170499264,0.02085042043,0.06190685702,-0.0614425356
69.67692179,0.06194886968,0.02202559351,0.06154777161,-0.06061471617
69.73924462,0.06216784667,0.02325177325,0.06112169484,-0.05962419076
69.80156745,0.0623607533,0.02452938094,0.06062680143,-0.05846560137
69.86389028,0.06252641923,0.02585883785,0.0600612661,-0.05713359002
69.92621311,0.06266367414,0.02724056526,0.05942326358,-0.05562279871
69.98853593,0.06277134771,0.02867498444,0.05871096858,-0.05392786946
70.05085876,0.06284826961,0.03016251665,0.05792255582,-0.05204344429
70.11318159,0.06289326952,0.03170358319,0.05705620004,-0.0499641652
70.17550442,0.06290517711,0.03329860531,0.05611007593,-0.0476846742
70.23782725,0.06288282206,0.03494800429,0.05508235824,-0.04519961331
70.30015008,0.06282503404,0.03665220141,0.05397122167,-0.04250362454
70.3624729,0.06273064273,0.03841161794,0.05277484094,-0.03959134991
70.42479573,0.06259781704,0.04022546245,0.05149276231,-0.03646125978
70.48711856,0.06237881449,0.04200697189,0.05022216175,-0.03338409804
70.54944139,0.06204751056,0.04370375848,0.04902257734,-0.03052479642
70.61176422,0.06160778373,0.04531748963,0.04789264914,-0.02787815722
70.67408704,0.06106351249,0.04684983274,0.04683101724,-0.02543898279
70.73640987,0.0604185753,0.0483024552,0.04583632171,-0.02320207545
70.7987327,0.05967685065,0.04967702441,0.04490720262,-0.02116223751
70.86105553,0.05884221701,0.05097520779,0.04404230007,-0.0193142713
70.92337836,0.05791855286,0.05219867272,0.04324025411,-0.01765297915
70.98570118,0.05690973668,0.05334908661,0.04249970483,-0.01617316338
71.04802401,0.05581964694,0.05442811685,0.0418192923,-0.01486962632
71.11034684,0.05465216212,0.05543743086,0.0411976566,-0.01373717029
71.17266967,0.05341116069,0.05637869602,0.04063343781,-0.01277059762
71.2349925,0.05210052114,0.05725357974,0.040125276,-0.01196471062
71.29731532,0.05072412194,0.05806374942,0.03967181125,-0.01131431163
71.35963815,0.04928584156,0.05881087246,0.03927168364,-0.01081420297
71.42196098,0.04778955849,0.05949661626,0.03892353324,-0.01045918696
71.48428381,0.04623915119,0.06012264822,0.03862600012,-0.01024406593
71.54660664,0.04463849816,0.06069063574,0.03837772437,-0.0101636422
71.60892946,0.04299147785,0.06120224622,0.03817734606,-0.0102127181
71.67125229,0.04130196876,0.06165914706,0.03802350527,-0.01038609595
71.73357512,0.03957384935,0.06206300566,0.03791484207,-0.01067857808
71.79589795,0.03781099811,0.06241548942,0.03784999654,-0.0110849668
71.85822078,0.03601729351,0.06271826575,0.03782760875,-0.01160006445
71.92054361,0.03419661403,0.06297300204,0.03784631879,-0.01221867335
71.98286643,0.03235283814,0.06318136569,0.03790476673,-0.01293559582
72.04518926,0.03048984433,0.0633450241,0.03800159264,-0.01374563419
72.10751209,0.02861151106,0.06346564467,0.0381354366,-0.01464359079
72.16983492,0.02672171682,0.06354489481,0.03830493869,-0.01562426793
72.23215775,0.02482434007,0.06358444191,0.03850873899,-0.01668246794
72.29448057,0.02292325931,0.06358595338,0.03874547757,-0.01781299314
72.3568034,0.021022353,0.06355109661,0.0390137945,-0.01901064587
72.41912623,0.01912549963,0.063481539,0.03931232987,-0.02027022845
72.48144906,0.01723657766,0.06337894796,0.03963972374,-0.02158654319
72.54377189,0.01535946558,0.06324499088,0.03999461621,-0.02295439243
72.60609471,0.01349804186,0.06308133517,0.04037564733,-0.02436857848
72.66841754,0.01165618499,0.06288964823,0.04078145719,-0.02582390368
72.73074037,0.009837773423,0.06267159745,0.04121068587,-0.02731517034
72.7930632,0.008046685654,0.06242885024,0.04166197344,-0.0288371808
72.85538603,0.006286800155,0.06216307399,0.04213395998,-0.03038473737
72.91770885,0.004561995402,0.06187593611,0.04262528556,-0.03195264239
72.98003168,0.002876149873,0.061569104,0.04313459026,-0.03353569817
73.04235451,0.001233142044,0.06124424506,0.04366051416,-0.03512870704
73.10467734,-0.0003631496081,0.06090302668,0.04420169734,-0.03672647132
73.16700017,-0.001908846606,0.06054711627,0.04475677986,-0.03832379334
73.22932299,-0.003400070473,0.06017818123,0.04532440181,-0.03991547543
73.29164582,-0.004832942733,0.05979788896,0.04590320326,-0.0414963199
73.35396865,-0.006203584908,0.05940790686,0.04649182428,-0.04306112909
73.41629148,-0.007508118523,0.05900990233,0.04708890497,-0.04460470531
73.47861431,-0.008742665099,0.05860554276,0.04769308538,-0.04612185089
73.54093714,-0.009903346161,0.05819649557,0.04830300561,-0.04760736816
73.60325996,-0.01098628323,0.05778442815,0.04891730571,-0.04905605944
73.66558279,-0.01198759783,0.0573710079,0.04953462578,-0.05046272705
73.72790562,-0.01290341149,0.05695790222,0.05015360589,-0.05182217332
73.79022845,-0.01372984572,0.05654677851,0.0507728861,-0.05312920058
73.85255128,-0.01446302206,0.05613930417,0.05139110651,-0.05437861114
73.9148741,-0.01509906202,0.0557371466,0.05200690718,-0.05556520734
73.97719693,-0.01563408713,0.05534197321,0.0526189282,-0.05668379149
74.03951976,-0.01606421891,0.05495545139,0.05322580963,-0.05772916593
74.10184259,-0.01638557888,0.05457924854,0.05382619156,-0.05869613297
74.16416542,-0.01659428857,0.05421503206,0.05441871406,-0.05957949494
74.22648824,-0.0166864695,0.05386446936,0.05500201721,-0.06037405417
74.28881107,-0.01665824319,0.05352922783,0.05557474108,-0.06107461297
74.3511339,-0.01650573117,0.05321097488,0.05613552575,-0.06167597368
74.41345673,-0.01622505496,0.0529113779,0.0566830113,-0.06217293862
74.47577956,-0.01581233609,0.05263210429,0.0572158378,-0.06256031011
74.53810238,-0.01526369607,0.05237482146,0.05773264534,-0.06283289048
74.60042521,-0.01457525643,0.0521411968,0.05823207397,-0.06298548205
74.66274804,-0.01374313869,0.05193289772,0.05871276379,-0.06301288715
74.72507087,-0.01276346438,0.05175159162,0.05917335487,-0.0629099081
74.7873937,-0.01163235502,0.05159894589,0.05961248728,-0.06267134722
74.84971652,-0.01034593213,0.05147662794,0.06002880111,-0.06229200684
74.91203935,-0.008900317231,0.05138630516,0.06042093642,-0.06176668929
74.97436218,-0.007291631855,0.05132964497,0.0607875333,-0.06109019688
75.03668501,-0.00551599752,0.05130831475,0.06112723181,-0.06025733195
75.09900784,-0.003569535751,0.0513239819,0.06143867205,-0.05926289682
75.16133067,-0.00144836807,0.05137831384,0.06172049407,-0.0581016938
75.22365349,0.0008513839992,0.05147297795,0.06197133797,-0.05676852524
75.28597632,0.003333598934,0.05160964164,0.06218984381,-0.05525819345
75.34829915,0.006002155211,0.05178997231,0.06237465167,-0.05356550075
75.41062198,0.008860931307,0.05201563736,0.06252440163,-0.05168524947
75.47294481,0.0119138057,0.05228830419,0.06263773377,-0.04961224194
75.53526763,0.01516465686,0.0526096402,0.06271328816,-0.04734128047
75.59759046,0.01861736328,0.05298131279,0.06274970487,-0.0448671674
75.65991329,0.02227580342,0.05340498936,0.06274562399,-0.04218470505
75.72223612,0.02614385576,0.05388233731,0.06269968559,-0.03928869574
75.78455895,0.03022539878,0.05441502405,0.06261052975,-0.03617394179
75.84688177,0.03451120485,0.0550026457,0.06247790545,-0.03284630621
75.9092046,0.03863443132,0.05558786352,0.06233225631,-0.02961416725
75.97152743,0.04243262133,0.05614453756,0.06218788361,-0.02661529322
76.03385026,0.04591357339,0.05667326182,0.06204486374,-0.02384406292
76.09617309,0.04908508601,0.05717463035,0.0619032731,-0.02129485516
76.15849591,0.05195495773,0.05764923715,0.06176318808,-0.01896204874
76.22081874,0.05453098705,0.05809767626,0.06162468507,-0.01684002249
76.28314157,0.05682097249,0.05852054169,0.06148784047,-0.0149231552
76.3454644,0.05883271257,0.05891842749,0.06135273067,-0.01320582568
76.40778723,0.0605740058,0.05929192766,0.06121943207,-0.01168241273
76.47011006,0.06205265071,0.05964163623,0.06108802105,-0.01034729518
76.53243288,0.06327644581,0.05996814723,0.06095857401,-0.009194851815
76.59475571,0.06425318962,0.06027205469,0.06083116734,-0.008219461453
76.65707854,0.06499068065,0.06055395262,0.06070587744,-0.0074155029
76.71940137,0.06549671743,0.06081443506,0.0605827807,-0.006777354962
76.7817242,0.06577909847,0.06105409602,0.06046195352,-0.006299396448
76.84404702,0.06584562229,0.06127352953,0.06034347228,-0.005976006166
76.90636985,0.0657040874,0.06147332962,0.06022741338,-0.005801562922
76.96869268,0.06536229233,0.0616540903,0.06011385321,-0.005770445524
77.03101551,0.06482803559,0.06181640562,0.06000286818,-0.00587703278
77.09333834,0.0641091157,0.06196086958,0.05989453466,-0.006115703497
77.15566116,0.06321333117,0.06208807621,0.05978892906,-0.006480836484
77.21798399,0.06214848053,0.06219861955,0.05968612776,-0.006966810546
77.28030682,0.06092236228,0.06229309361,0.05958620717,-0.007568004492
77.34262965,0.05954277496,0.06237209241,0.05948924367,-0.00827879713
77.40495248,0.05801751707,0.06243620999,0.05939531366,-0.009093567267
77.4672753,0.05635438713,0.06248604036,0.05930449352,-0.01000669371
77.52959813,0.05456118367,0.06252217756,0.05921685967,-0.01101255527
77.59192096,0.05264570519,0.0625452156,0.05913248848,-0.01210553075
77.65424379,0.05061575022,0.06255574852,0.05905145635,-0.01327999895
77.71656662,0.04847911727,0.06255437032,0.05897383967,-0.0145303387
77.77888944,0.04624360486,0.06254167505,0.05889971485,-0.01585092879
77.84121227,0.04391701151,0.06251825673,0.05882915826,-0.01723614803
77.9035351,0.04150713573,0.06248470937,0.05876224631,-0.01868037522
77.96585793,0.03902177605,0.062441627,0.05869905539,-0.02017798919
78.02818076,0.03646873098,0.06238960366,0.05863966189,-0.02172336873
78.09050359,0.03385579904,0.06232923335,0.0585841422,-0.02331089265
78.15282641,0.03119077874,0.06226111012,0.05853257272,-0.02493493976
78.21514924,0.0284814686,0.06218582797,0.05848502984,-0.02658988887
78.27747207,0.02573566714,0.06210398094,0.05844158996,-0.02827011878
78.3397949,0.02296117288,0.06201616306,0.05840232947,-0.02997000831
78.40211773,0.02016578434,0.06192296834,0.05836732476,-0.03168393625
78.46444055,0.01735730003,0.06182499081,0.05833665222,-0.03340628142
78.52676338,0.01454351846,0.06172282449,0.05831038825,-0.03513142263
78.58908621,0.01173223817,0.06161706342,0.05828860924,-0.03685373868
78.65140904,0.008931257661,0.06150830161,0.05827139159,-0.03856760837
78.71373187,0.006148375453,0.06139713308,0.05825881169,-0.04026741053
78.77605469,0.003391390066,0.06128415187,0.05825094593,-0.04194752395
78.83837752,0.0006681000152,0.061169952,0.0582478707,-0.04360232744
78.90070035,-0.002013696181,0.06105512749,0.05824966241,-0.04522619981
78.96302318,-0.004646200004,0.06094027237,0.05825639743,-0.04681351986
79.02534601,-0.007221612938,0.06082598066,0.05826815217,-0.04835866642
79.08766883,-0.009732136466,0.06071284639,0.05828500302,-0.04985601827
79.14999166,-0.01216997207,0.06060146357,0.05830702638,-0.05129995424
79.21231449,-0.01452732123,0.06049242624,0.05833429862,-0.05268485312
79.27463732,-0.01679638543,0.06038632843,0.05836689616,-0.05400509372
79.33696015,-0.01896936615,0.06028376414,0.05840489538,-0.05525505486
79.39928297,-0.02103846488,0.06018532742,0.05844837267,-0.05642911534
79.4616058,-0.0229958831,0.06009161228,0.05849740444,-0.05752165397
79.52392863,-0.02483382229,0.06000321275,0.05855206707,-0.05852704955
79.58625146,-0.02654448393,0.05992072285,0.05861243695,-0.05943968089
79.64857429,-0.02812006951,0.05984473661,0.05867859048,-0.06025392681
79.71089712,-0.02955278051,0.05977584805,0.05875060406,-0.0609641661
79.77321994,-0.03083481841,0.05971465119,0.05882855407,-0.06156477758
79.83554277,-0.03195838469,0.05966174007,0.05891251691,-0.06205014005
79.8978656,-0.03291568084,0.05961770871,0.05900256897,-0.06241463231
79.96018843,-0.03369890833,0.05958315112,0.05909878665,-0.06265263319
80.02251126,-0.03430026866,0.05955866134,0.05920124634,-0.06275852148
80.08483408,-0.0347119633,0.05954483339,0.05931002443,-0.062726676
80.14715691,-0.03492619373,0.05954226129,0.05942519732,-0.06255147555
80.20947974,-0.03493516145,0.05955153908,0.0595468414,-0.06222729893
80.27180257,-0.03473106793,0.05957326076,0.05967503306,-0.06174852496
80.3341254,-0.03430611465,0.05960802038,0.0598098487,-0.06110953244
80.39644822,-0.03365250309,0.05965641194,0.05995136471,-0.06030470018
80.45877105,-0.03276243475,0.05971902949,0.06009965748,-0.05932840699
80.52109388,-0.0316281111,0.05979646703,0.06025480341,-0.05817503168
80.58341671,-0.03024173362,0.05988931861,0.06041687889,-0.05683895305
80.64573954,-0.0285955038,0.05999817823,0.06058596031,-0.05531454991
80.70806236,-0.02668162311,0.06012363993,0.06076212407,-0.05359620106
80.77038519,-0.02449229305,0.06026629773,0.06094544656,-0.05167828533
80.83270802,-0.02201971509,0.06042674565,0.06113600417,-0.0495551815
80.89503085,-0.01925609072,0.06060557772,0.0613338733,-0.0472212684
80.95735368,-0.01619362142,0.06080338797,0.06153913034,-0.04467092482
81.0196765,-0.01282450867,0.06102077042,0.06175185169,-0.04189852958
81.08199933,-0.009140953955,0.06125831908,0.06197211373,-0.03889846149
81.14432216,-0.005135158756,0.061516628,0.06219999286,-0.03566509934
81.20664499,-0.0007993245573,0.06179629119,0.06243556548,-0.03219282196
81.26896782,0.003848965689,0.06209538797,0.06267725305,-0.02849588798
81.33129065,0.008426170287,0.06237594535,0.06289989706,-0.02487490631
81.39361347,0.01280328597,0.06262566993,0.06309556572,-0.02143048346
81.4559363,0.01698354652,0.06284542837,0.06326502935,-0.01815957144
81.51825913,0.02097018575,0.06303608729,0.06340905825,-0.01505912224
81.58058196,0.02476643744,0.06319851334,0.0635284227,-0.01212608788
81.64290479,0.02837553539,0.06333357316,0.06362389302,-0.009357420358
81.70522761,0.0318007134,0.06344213339,0.0636962395,-0.006750071689
81.76755044,0.03504520526,0.06352506066,0.06374623245,-0.004300993876
81.82987327,0.03811224477,0.06358322163,0.06377464216,-0.002007138926
81.8921961,0.04100506572,0.06361748293,0.06378223893,0.0001345411546
81.95451893,0.04372690191,0.06362871121,0.06376979307,0.002127094359
82.01684175,0.04628098713,0.06361777309,0.06373807488,0.00397356868
82.07916458,0.04867055518,0.06358553523,0.06368785465,0.005677012111
82.14148741,0.05089883985,0.06353286426,0.06361990268,0.007240472646
82.20381024,0.05296907494,0.06346062683,0.06353498928,0.008666998278
82.26613307,0.05488449424,0.06336968957,0.06343388475,0.009959637001
82.32845589,0.05664833155,0.06326091912,0.06331735939,0.01112143681
82.39077872,0.05826382067,0.06313518213,0.06318618349,0.01215544569
82.45310155,0.05973419538,0.06299334524,0.06304112735,0.01306471164
82.51542438,0.06106268949,0.06283627508,0.06288296129,0.01385228266
82.57774721,0.06225253679,0.06266483831,0.06271245559,0.01452120673
82.64007004,0.06330697108,0.06247990154,0.06253038056,0.01507453185
82.70239286,0.06422922614,0.06228233144,0.06233750649,0.01551530602
82.76471569,0.06502253578,0.06207299464,0.0621346037,0.01584657722
82.82703852,0.06569013379,0.06185275777,0.06192244247,0.01607139346
82.88936135,0.06623525396,0.06162248749,0.06170179312,0.01619280271
82.95168418,0.06666113009,0.06138305043,0.06147342593,0.01621385298
83.014007,0.06697099598,0.06113531322,0.06123811121,0.01613759227
83.07632983,0.06716808543,0.06088014252,0.06099661926,0.01596706855
83.13865266,0.06725563221,0.06061840496,0.06074972038,0.01570532984
83.20097549,0.06723687014,0.06035096719,0.06049818486,0.01535542411
83.26329832,0.06711503301,0.06007869584,0.06024278302,0.01492039936
83.32562114,0.06689335461,0.05980245755,0.05998428515,0.01440330359
83.38794397,0.06657506873,0.05952311896,0.05972346155,0.0138071848
83.4502668,0.06616340918,0.05924154672,0.05946108253,0.01313509096
83.51258963,0.06566160974,0.05895860747,0.05919791837,0.01239007008
83.57491246,0.06507290422,0.05867516784,0.05893473938,0.01157517015
83.63723528,0.06440052641,0.05839209448,0.05867231587,0.01069343916
83.69955811,0.0636477101,0.05811025403,0.05841141813,0.009747925113
83.76188094,0.06281768908,0.05783051312,0.05815281646,0.008741675992
83.82420377,0.06191369716,0.0575537384,0.05789728116,0.007677739794
83.8865266,0.06093896813,0.05728079651,0.05764558253,0.006559164512
83.94884942,0.05989673579,0.05701255409,0.05739849088,0.005388998139
84.01117225,0.05879023392,0.05674987778,0.0571567765,0.004170288669
84.07349508,0.05762269632,0.05649363422,0.0569212097,0.002906084095
84.13581791,0.0563973568,0.05624469005,0.05669256077,0.001599432411
84.19814074,0.05511744914,0.05600391192,0.05647160001,0.0002533816087
84.26046357,0.05378620714,0.05577216645,0.05625909773,-0.001129020317
84.32278639,0.0524068646,0.0555503203,0.05605582422,-0.002544725374
84.38510922,0.05098265531,0.0553392401,0.05586254979,-0.003990685568
84.44743205,0.04951681306,0.05513979249,0.05568004473,-0.005463852906
84.50975488,0.04801257165,0.05495284412,0.05550907934,-0.006961179395
84.57207771,0.04647316488,0.05477926162,0.05535042394,-0.008479617042
84.63440053,0.04490182654,0.05461991164,0.05520484881,-0.01001611785
84.69672336,0.04330179043,0.05447566082,0.05507312425,-0.01156763383
84.75904619,0.04167629033,0.05434737579,0.05495602057,-0.01313111699
84.82136902,0.04002856006,0.05423592319,0.05485430807,-0.01470351934
84.88369185,0.0383618334,0.05414216968,0.05476875704,-0.01628179287
84.94601467,0.03667934414,0.05406698188,0.05470013779,-0.0178628896
85.0083375,0.03498432609,0.05401122644,0.05464922062,-0.01944376154
85.07066033,0.03328001303,0.05397577,0.05461677583,-0.02102136069
85.13298316,0.03156963877,0.0539614792,0.05460357371,-0.02259263905
85.19530599,0.02985643709,0.05396922068,0.05461038458,-0.02415454864
85.25762881,0.0281436418,0.05399986109,0.05463797872,-0.02570404147
85.31995164,0.02643448669,0.05405426705,0.05468712644,-0.02723806952
85.38227447,0.02473220555,0.05413330521,0.05475859804,-0.02875358483
85.4445973,0.02304003218,0.05423784222,0.05485316381,-0.03024753938
85.50692013,0.02136120037,0.05436874471,0.05497159407,-0.0317168852
85.56924295,0.01969894392,0.05452687932,0.05511465911,-0.03315857427
85.63156578,0.01805649663,0.0547131127,0.05528312923,-0.03456955862
85.69388861,0.01643709229,0.05492831148,0.05547777472,-0.03594679025
85.75621144,0.01484396469,0.05517334231,0.0556993659,-0.03728722116
85.81853427,0.01328034763,0.05544907182,0.05594867306,-0.03858780336
85.8808571,0.01174947491,0.05575636666,0.0562264665,-0.03984548886
85.94317992,0.01025458031,0.05609609347,0.05653351652,-0.04105722967
86.00550275,0.008798897647,0.05646911888,0.05687059342,-0.04221997779
86.06782558,0.007385660701,0.05687630954,0.05723846751,-0.04333068522
86.13014841,0.006018103271,0.05731853209,0.05763790907,-0.04438630398
86.19247124,0.004699459152,0.05779665317,0.05806968842,-0.04538378608
86.25479406,0.00343296214,0.05831153942,0.05853457585,-0.04632008351
86.31711689,0.002221846029,0.05886405747,0.05903334167,-0.04719214828
86.37943972,0.001069344615,0.05945507398,0.05956675616,-0.04799693241
86.44176255,-2.130830615e-05,0.06008545558,0.06013558964,-0.04873138789
86.50408538,-0.00104687894,0.06075606891,0.06074061241,-0.04939246674
86.5664082,-0.002004133492,0.06146778062,0.06138259476,-0.04997712097
86.62873103,-0.002889838166,0.06222145733,0.06206230699,-0.05048230257
86.69105386,-0.00369715673,0.06300701448,0.06277142578,-0.05090202932
86.75337669,-0.004390396802,0.06372034895,0.06342343765,-0.05120718122
86.81569952,-0.004964226724,0.0643376361,0.06399826213,-0.05139406591
86.87802234,-0.005422467492,0.06486166953,0.064497899,-0.05146651602
86.94034517,-0.005768940103,0.06529524287,0.06492434804,-0.05142836419
87.002668,-0.006007465551,0.06564114971,0.06527960905,-0.05128344307
87.06499083,-0.006141864834,0.06590218366,0.06556568179,-0.05103558528
87.12731366,-0.006175958948,0.06608113834,0.06578456605,-0.05068862348
87.18963648,-0.006113568887,0.06618080734,0.06593826162,-0.05024639031
87.25195931,-0.005958515649,0.06620398429,0.06602876827,-0.0497127184
87.31428214,-0.00571462023,0.06615346278,0.06605808578,-0.0490914404
87.37660497,-0.005385703625,0.06603203642,0.06602821394,-0.04838638894
87.4389278,-0.004975586831,0.06584249883,0.06594115253,-0.04760139668
87.50125063,-0.004488090843,0.06558764361,0.06579890133,-0.04674029624
87.56357345,-0.003927036658,0.06527026437,0.06560346012,-0.04580692027
87.62589628,-0.003296245272,0.06489315471,0.06535682868,-0.04480510142
87.68821911,-0.002599537681,0.06445910825,0.0650610068,-0.04373867231
87.75054194,-0.001840734881,0.0639709186,0.06471799426,-0.0426114656
87.81286477,-0.001023657868,0.06343137936,0.06432979083,-0.04142731392
87.87518759,-0.0001521276379,0.06284328414,0.0638983963,-0.04019004992
87.93751042,0.000770034813,0.06220942655,0.06342581045,-0.03890350623
87.99983325,0.001739008489,0.06153260019,0.06291403306,-0.03757151549
88.06215608,0.002750972393,0.06081559869,0.06236506392,-0.03619791035
88.12447891,0.00380210553,0.06006121563,0.0617809028,-0.03478652345
88.18680173,0.004888586904,0.05927224464,0.06116354949,-0.03334118743
88.24912456,0.006006595518,0.05845147932,0.06051500377,-0.03186573492
88.31144739,0.007152310377,0.05760171328,0.05983726541,-0.03036399858
88.37377022,0.008321910484,0.05672574012,0.05913233421,-0.02883981103
88.43609305,0.009511574844,0.05582635346,0.05840220995,-0.02729700493
88.49841587,0.01071748246,0.0549063469,0.05764889239,-0.02573941291
88.5607387,0.01193581234,0.05396851406,0.05687438134,-0.02417086761
88.62306153,0.01316274348,0.05301564853,0.05608067656,-0.02259520168
88.68538436,0.01439445488,0.05205054393,0.05526977784,-0.02101624775
88.74770719,0.01562712557,0.05107599387,0.05444368496,-0.01943783847
88.81003002,0.01685693452,0.05009479195,0.0536043977,-0.01786380647
88.87235284,0.01808006076,0.04910973179,0.05275391585,-0.0162979844
88.93467567,0.01929268328,0.04812360699,0.05189423918,-0.01474420489
88.9969985,0.02049098109,0.04713921115,0.05102736748,-0.0132063006
89.05932133,0.02167113319,0.0461593379,0.05015530053,-0.01168810416
89.12164416,0.02282931858,0.04518678083,0.04928003811,-0.0101934482
89.18396698,0.02396171628,0.04422433356,0.04840358,-0.008726165377
89.24628981,0.02506450528,0.04327478968,0.04752792599,-0.007290088325
89.30861264,0.02613386458,0.04234094282,0.04665507585,-0.005889049686
89.37093547,0.0271659732,0.04142558658,0.04578702937,-0.004526882101
89.4332583,0.02815701013,0.04053151456,0.04492578632,-0.00320741821
89.49558112,0.02910315438,0.03966152038,0.04407334649,-0.001934490654
89.55790395,0.03000058496,0.03881839765,0.04323170967,-0.0007119320737
89.62022678,0.03084548086,0.03800493996,0.04240287563,0.0004564248895
89.68254961,0.0316340211,0.03722394094,0.04158884415,0.001566747595
89.74487244,0.03236238467,0.03647819419,0.04079161502,0.002615203402
89.80719526,0.03302675057,0.03577049331,0.04001318801,0.00359795967
89.86951809,0.03362329782,0.03510363192,0.03925556292,0.004511183758
89.93184092,0.03414820542,0.03448040362,0.03852073951,0.005351043025
89.99416375,0.03459765237,0.03390360202,0.03781071758,0.006113704831
90.05648658,0.03496781767,0.03337602073,0.0371274969,0.006795336534
90.1188094,0.03525488034,0.03290045336,0.03647307725,0.007392105493
90.18113223,0.03545501936,0.03247969352,0.03584945843,0.007900179069
90.24345506,0.03556441375,0.03211653481,0.0352586402,0.008315724619
90.30577789,0.03557924251,0.03181377084,0.03470262235,0.008634909504
90.36810072,0.03549568465,0.03157419523,0.03418340466,0.008853901083
90.43042355,0.03530991916,0.03140060158,0.03370298691,0.008968866713
90.49274637,0.03501812506,0.03129578349,0.03326336889,0.008975973756
90.5550692,0.03461648134,0.03126253458,0.03286655038,0.00887138957
90.61739203,0.03410116702,0.03130364845,0.03251453115,0.008651281514
90.67971486,0.03346836108,0.03142191872,0.03220931099,0.008311816947
90.74203769,0.03271424255,0.03162013898,0.03195288969,0.007849163229
90.80436051,0.03183499042,0.03190110286,0.03174726701,0.007259487719
90.86668334,0.03082678369,0.03226760395,0.03159444275,0.006538957775
90.92900617,0.02968580137,0.03272243587,0.03149641669,0.005683740758
90.991329,0.02840822247,0.03326839222,0.0314551886,0.004690004026
91.05365183,0.02699022599,0.03390826661,0.03147275827,0.003553914938
91.11597465,0.02542799092,0.03464485266,0.03155112548,0.002271640854
91.17829748,0.02371769628,0.03548094396,0.03169229001,0.0008393491334
91.24062031,0.02185552108,0.03641933413,0.03189825164,-0.0007467928656
91.30294314,0.0198376443,0.03746281678,0.03217101016,-0.002490617783
91.36526597,0.01766024496,0.0386141855,0.03251256535,-0.004395958261
91.42758879,0.01531950207,0.03987623392,0.03292491698,-0.006466646938
91.48991162,0.01281159462,0.04125175564,0.03341006485,-0.008706516457
91.55223445,0.01013270162,0.04274354427,0.03397000872,-0.01111939946
91.61455728,0.007279002067,0.04435439342,0.03460674839,-0.01370912858
91.67688011,0.004246674976,0.04608709668,0.03532228363,-0.01647953647
91.73920293,0.001031899346,0.04794444769,0.03611861423,-0.01943445576
91.80152576,-0.002369145819,0.04992924003,0.03699773996,-0.0225777191
91.86384859,-0.005960281515,0.05204426732,0.03796166061,-0.02591315912
91.92617142,-0.009745328738,0.05429232317,0.03901237597,-0.02944460847
91.98849425,-0.01372810848,0.05667620119,0.0401518858,-0.03317589979
92.05081708,-0.01791244175,0.05919869498,0.0413821899,-0.03711086572
92.1131399,-0.02224636143,0.06181364382,0.04269120982,-0.04119092852
92.17546273,-0.02636868896,0.06420444143,0.04398768427,-0.04501221226
92.23778556,-0.03021847795,0.06631937783,0.04525424736,-0.04850771354
92.30010839,-0.03380125167,0.06816518125,0.04649016332,-0.05168486586
92.36243122,-0.0371225334,0.06974857991,0.04769469639,-0.0545511027
92.42475404,-0.04018784644,0.07107630204,0.0488671108,-0.05711385755
92.48707687,-0.04300271405,0.07215507588,0.05000667079,-0.05938056389
92.5493997,-0.04557265952,0.07299162964,0.05111264059,-0.06135865521
92.61172253,-0.04790320613,0.07359269157,0.05218428445,-0.06305556499
92.67404536,-0.04999987716,0.07396498988,0.05322086661,-0.06447872671
92.73636818,-0.05186819589,0.07411525281,0.05422165129,-0.06563557387
92.79869101,-0.05351368561,0.07405020858,0.05518590273,-0.06653353994
92.86101384,-0.05494186959,0.07377658542,0.05611288518,-0.06718005842
92.92333667,-0.05615827112,0.07330111156,0.05700186287,-0.06758256279
92.9856595,-0.05716841348,0.07263051523,0.05785210004,-0.06774848653
93.04798232,-0.05797781995,0.07177152466,0.05866286092,-0.06768526313
93.11030515,-0.0585920138,0.07073086807,0.05943340975,-0.06740032607
93.17262798,-0.05901651833,0.0695152737,0.06016301076,-0.06690110884
93.23495081,-0.05925685681,0.06813146977,0.06085092821,-0.06619504492
93.29727364,-0.05931855252,0.0665861845,0.06149642631,-0.06528956781
93.35959646,-0.05920712875,0.06488614614,0.06209876931,-0.06419211098
93.42191929,-0.05892810877,0.0630380829,0.06265722145,-0.06291010792
93.48424212,-0.05848701587,0.06104872302,0.06317104696,-0.06145099211
93.54656495,-0.05788937333,0.05892479472,0.06363951009,-0.05982219705
93.60888778,-0.05714070443,0.05667302623,0.06406187505,-0.05803115621
93.67121061,-0.05624653245,0.05430014578,0.06443740611,-0.05608530308
93.73353343,-0.05521238067,0.05181288161,0.06476536748,-0.05399207115
93.79585626,-0.05404377238,0.04921796192,0.06504502341,-0.0517588939
93.85817909,-0.05274623085,0.04652211496,0.06527563814,-0.04939320481
93.92050192,-0.05132527936,0.04373206896,0.0654564759,-0.04690243738
93.98282475,-0.0497864412,0.04085455214,0.06558680093,-0.04429402509
94.04514757,-0.04813523965,0.03789629272,0.06566587746,-0.04157540141
94.1074704,-0.04637719799,0.03486401895,0.06569296974,-0.03875399985
94.16979323,-0.0445178395,0.03176445904,0.065667342,-0.03583725388
94.23211606,-0.04256268747,0.02860434122,0.06558825848,-0.03283259698
94.29443889,-0.04051726516,0.02539039373,0.06545498341,-0.02974746265
94.35676171,-0.03838709587,0.02212934479,0.06526678103,-0.02658928437
94.41908454,-0.03617770287,0.01882792263,0.06502291558,-0.02336549563
94.48140737,-0.03389460945,0.01549285548,0.0647226513,-0.0200835299
94.5437302,-0.03154333889,0.01213087156,0.06436525241,-0.01675082067
94.60605303,-0.02912941447,0.008748699112,0.06394998317,-0.01337480144
94.66837585,-0.02665835947,0.005353066353,0.06347610781,-0.009962905679
94.73069868,-0.02413569717,0.001950701516,0.06294289055,-0.00652256688
94.79302151,-0.02156695085,-0.001451667171,0.06234959565,-0.003061218526
94.85534434,-0.01895764379,-0.004847311481,0.06169548734,0.0004137058981
94.91766717,-0.01631329929,-0.008229503185,0.06097982985,0.003894772906
94.97998999,-0.0136394406,-0.01159151405,0.06020188742,0.007374549013
95.04231282,-0.01094159103,-0.01492661586,0.05936092429,0.01084560073
95.10463565,-0.008225273839,-0.01822808037,0.0584562047,0.01430049458
95.16695848,-0.005496012321,-0.02148917937,0.05748699288,0.01773179707
95.22928131,-0.002759329755,-0.02470318462,0.05645255307,0.02113207472
95.29160414,-2.074942116e-05,-0.02786336789,0.05535214951,0.02449389405
95.35392696,0.002714205399,-0.03096300096,0.05418504643,0.02780982156
95.41624979,0.005440011425,-0.03399535559,0.05295050807,0.03107242377
95.47857262,0.008151145375,-0.03695370356,0.05164779867,0.0342742672
95.54089545,0.01084208397,-0.03983131665,0.05027618247,0.03740791836
95.60321828,0.01350730392,-0.04262146661,0.04883492369,0.04046594377
95.6655411,0.01614128196,-0.04531742523,0.04732328659,0.04344090994
95.72786393,0.01873849479,-0.04791246428,0.04574053539,0.04632538338
95.79018676,0.02129341914,-0.05039985552,0.04408593434,0.04911193062
95.85250959,0.02380053173,-0.05277287074,0.04235874767,0.05179311816
95.91483242,0.02625430928,-0.05502478169,0.04055823961,0.05436151252
95.97715524,0.0286492285,-0.05714886016,0.03868367441,0.05680968022
96.03947807,0.03097976611,-0.05913837791,0.0367343163,0.05913018777
96.1018009,0.03324039883,-0.06098660671,0.03470942951,0.06131560168
96.16412373,0.03542560339,-0.06268681834,0.0326082783,0.06335848847
96.22644656,0.0375298565,-0.06423228458,0.03043012688,0.06525141465
96.28876938,0.03954763487,-0.06561627718,0.02817423951,0.06698694675
96.35109221,0.04147341523,-0.06683206792,0.02583988041,0.06855765126
96.41341504,0.0433016743,-0.06787292858,0.02342631382,0.06995609472
96.47573787,0.04502688879,-0.06873213093,0.02093280399,0.07117484363
96.5380607,0.04664353542,-0.06940294673,0.01835861514,0.07220646451
96.60038353,0.04814609092,-0.06987864777,0.01570301152,0.07304352387
96.66270635,0.049529032,-0.0701525058,0.01296525736,0.07367858822
96.72502918,0.05078683538,-0.07021779261,0.01014461689,0.07410422409
96.78735201,0.05191397777,-0.07006777996,0.007240354368,0.07431299799
96.84967484,0.05290493591,-0.06969573962,0.004251734015,0.07429747642
96.91199767,0.0537541865,-0.06909494338,0.001178020071,0.07405022592
96.97432049,0.05445620626,-0.06825866299,-0.001981523226,0.07356381298
97.03664332,0.05500547192,-0.06718017023,-0.005227631639,0.07283080414
97.09896615,0.0553964602,-0.06585273688,-0.00856104093,0.07184376589
97.16128898,0.0556236478,-0.0642696347,-0.01198248686,0.07059526475
97.22361181,0.05568151146,-0.06242413547,-0.0154927052,0.06907786725
97.28593463,0.05556452788,-0.06030951096,-0.01909243171,0.06728413989
97.34825746,0.05526717379,-0.05791903293,-0.02278240215,0.0652066492
97.41058029,0.05478392591,-0.05524597317,-0.02656335228,0.06283796167
97.47290312,0.05410926095,-0.05228360344,-0.03043601787,0.06017064384
97.53522595,0.0532733761,-0.04910259271,-0.03434236136,0.05724801296
97.59754877,0.05243940887,-0.04605878564,-0.03801073895,0.05430310713
97.6598716,0.05162746676,-0.04319417654,-0.04141188128,0.05136690679
97.72219443,0.05083666709,-0.04050505773,-0.04455145132,0.04844063509
97.78451726,0.05006612722,-0.03798772152,-0.04743511206,0.04552551516
97.84684009,0.04931496446,-0.03563846021,-0.05006852647,0.04262277015
97.90916291,0.04858229616,-0.03345356613,-0.05245735753,0.0397336232
97.97148574,0.04786723965,-0.03142933159,-0.05460726823,0.03685929746
98.03380857,0.04716891227,-0.0295620489,-0.05652392154,0.03400101607
98.0961314,0.04648643134,-0.02784801037,-0.05821298045,0.03116000217
98.15845423,0.04581891421,-0.02628350832,-0.05968010792,0.02833747891
98.22077706,0.04516547822,-0.02486483506,-0.06093096695,0.02553466942
98.28309988,0.04452524069,-0.02358828291,-0.06197122051,0.02275279686
98.34542271,0.04389731896,-0.02245014417,-0.06280653158,0.01999308436
98.40774554,0.04328083036,-0.02144671116,-0.06344256314,0.01725675507
98.47006837,0.04267489224,-0.0205742762,-0.06388497817,0.01454503213
98.5323912,0.04207862192,-0.01982913159,-0.06413943965,0.01185913869
98.59471402,0.04149113674,-0.01920756965,-0.06421161056,0.009200297884
98.65703685,0.04091155404,-0.0187058827,-0.06410715388,0.00656973286
98.71935968,0.04033899115,-0.01832036304,-0.06383173259,0.003968666762
98.78168251,0.0397725654,-0.018047303,-0.06339100967,0.001398322731
98.84400534,0.03921139413,-0.01788299488,-0.06279064809,-0.001140076089
98.90632816,0.03865459468,-0.017823731,-0.06203631085,-0.003645306555
98.96865099,0.03810128438,-0.01786580366,-0.06113366091,-0.006116145522
99.03097382,0.03755058057,-0.0180055052,-0.06008836126,-0.008551369849
99.09329665,0.03700160057,-0.0182391279,-0.05890607487,-0.01094975639
99.15561948,0.03645346173,-0.0185629641,-0.05759246473,-0.01331008201
99.2179423,0.03590528138,-0.01897330611,-0.05615319382,-0.01563112355
99.28026513,0.03535617686,-0.01946644623,-0.05459392511,-0.01791165788
99.34258796,0.0348052655,-0.02003867678,-0.05292032159,-0.02015046186
99.40491079,0.03425166463,-0.02068629007,-0.05113804623,-0.02234631233
99.46723362,0.03369449159,-0.02140557842,-0.04925276201,-0.02449798616
99.52955644,0.03313286372,-0.02219283414,-0.04727013192,-0.02660426021
99.59187927,0.03256589835,-0.02304434955,-0.04519581894,-0.02866391132
99.6542021,0.03199271281,-0.02395641695,-0.04303548603,-0.03067571636
99.71652493,0.03141242444,-0.02492532867,-0.04079479619,-0.03263845218
99.77884776,0.03082415058,-0.025947377,-0.03847941239,-0.03455089565
99.84117059,0.03022700856,-0.02701885428,-0.03609499762,-0.03641182361
99.90349341,0.02962011571,-0.0281360528,-0.03364721484,-0.03822001292
99.96581624,0.02900258937,-0.02929526489,-0.03114172705,-0.03997424045
100.0281391,0.02837354688,-0.03049278286,-0.02858419722,-0.04167328304
100.0904619,0.02773210557,-0.03172489901,-0.02598028833,-0.04331591756
100.1527847,0.02707738277,-0.03298790567,-0.02333566336,-0.04490092086
100.2151076,0.02640849582,-0.03427809515,-0.02065598529,-0.04642706979
100.2774304,0.02572456206,-0.03559175976,-0.0179469171,-0.04789314123
100.3397532,0.02502469882,-0.03692519181,-0.01521412176,-0.04929791201
100.402076,0.02430802343,-0.03827468362,-0.01246326227,-0.050640159
100.4643989,0.02357365324,-0.0396365275,-0.009700001595,-0.05191865905
100.5267217,0.02282070556,-0.04100701576,-0.006930002717,-0.05313218903
100.5890445,0.02204829775,-0.04238244072,-0.004158928618,-0.05427952578
100.6513674,0.02125554713,-0.04375909469,-0.001392442275,-0.05535944617
100.7136902,0.02044157104,-0.04513326998,0.00136379333,-0.05637072705
100.776013,0.01960548682,-0.04650125891,0.004104115219,-0.05731214528
100.8383358,0.01874641179,-0.0478593538,0.006822860412,-0.05818247771
100.9006587,0.01786346331,-0.04920384694,0.009514365929,-0.05898050121
100.9629815,0.01695575869,-0.05053103066,0.01217296879,-0.05970499262
101.0253043,0.01602241527,-0.05183719728,0.01479300602,-0.06035472881
101.0876271,0.01506255039,-0.05311863909,0.01736881463,-0.06092848664
101.14995,0.01407528139,-0.05437164842,0.01989473165,-0.06142504295
101.2122728,0.0130597256,-0.05559251759,0.02236509409,-0.06184317461
101.2745956,0.01201500036,-0.0567775389,0.02477423898,-0.06218165847
101.3369185,0.01094022299,-0.05792300466,0.02711650334,-0.06243927139
101.3992413,0.009834510835,-0.05902520719,0.02938622418,-0.06261479022
101.4615641,0.008696981231,-0.06008043881,0.03157773854,-0.06270699183
101.5238869,0.007526751512,-0.06108499183,0.03368538342,-0.06271465307
101.5862098,0.006322939013,-0.06203515855,0.03570349584,-0.0626365508
101.6485326,0.005084661067,-0.0629272313,0.03762641284,-0.06247146186
101.7108554,0.003811035011,-0.06375750239,0.03944847143,-0.06221816313
101.7731783,0.00250117818,-0.06452226413,0.04116400862,-0.06187543146
101.8355011,0.001154207907,-0.06521780883,0.04276736145,-0.0614420437
101.8978239,-0.0002307584707,-0.0658404288,0.04425286692,-0.06091677671
101.9601467,-0.001654603619,-0.06638641637,0.04561486207,-0.06029840734
102.0224696,-0.003118210204,-0.06685206384,0.04684768391,-0.05958571246
102.0847924,-0.004622460889,-0.06723366353,0.04794566946,-0.05877746892
102.1471152,-0.00616823834,-0.06752750775,0.04890315574,-0.05787245358
102.2094381,-0.007756425222,-0.06772988881,0.04971447977,-0.05686944329
102.2717609,-0.0093879042,-0.06783709903,0.05037397857,-0.05576721491
102.3340837,-0.01106355794,-0.06784543072,0.05087598917,-0.0545645453
102.3964065,-0.0127842691,-0.06775117619,0.05121484858,-0.05326021132
102.4587294,-0.01455092036,-0.06755062776,0.05138489383,-0.05185298981
102.5210522,-0.01636439437,-0.06724007774,0.05138046192,-0.05034165764
102.583375,-0.0182255738,-0.06681581844,0.0511958899,-0.04872499167
102.6456978,-0.02013534132,-0.06627414218,0.05082551477,-0.04700176875
102.7080207,-0.02209457959,-0.06561134127,0.05026367355,-0.04517076574
102.7703435,-0.02410417128,-0.06482370802,0.04950470327,-0.04323075949
102.8326663,-0.02616499904,-0.06390753475,0.04854294094,-0.04118052687
102.8949892,-0.02827794556,-0.06285911378,0.04737272359,-0.03901884472
102.957312,-0.03039606906,-0.06168683031,0.04604587572,-0.03680012188
103.0196348,-0.03235831763,-0.0604315378,0.04475548108,-0.03471240225
103.0819576,-0.03415524136,-0.05909992544,0.04351711191,-0.03276841168
103.1442805,-0.03579106105,-0.05769538584,0.04233008891,-0.03096501324
103.2066033,-0.03726999748,-0.05622131162,0.04119373281,-0.02929906998
103.2689261,-0.03859627146,-0.05468109536,0.04010736433,-0.02776744496
103.331249,-0.03977410378,-0.05307812969,0.03907030419,-0.02636700123
103.3935718,-0.04080771522,-0.05141580721,0.03808187309,-0.02509460187
103.4558946,-0.04170132659,-0.04969752052,0.03714139176,-0.02394710992
103.5182174,-0.04245915867,-0.04792666224,0.03624818093,-0.02292138845
103.5805403,-0.04308543226,-0.04610662496,0.03540156129,-0.02201430051
103.6428631,-0.04358436815,-0.04424080131,0.03460085359,-0.02122270916
103.7051859,-0.04396018714,-0.04233258387,0.03384537852,-0.02054347747
103.7675088,-0.04421711001,-0.04038536527,0.03313445682,-0.01997346849
103.8298316,-0.04435935757,-0.0384025381,0.0324674092,-0.01950954528
103.8921544,-0.0443911506,-0.03638749498,0.03184355637,-0.01914857089
103.9544772,-0.0443167099,-0.03434362852,0.03126221906,-0.0188874084
104.0168001,-0.04414025626,-0.03227433131,0.03072271798,-0.01872292084
104.0791229,-0.04386601048,-0.03018299596,0.03022437385,-0.0186519713
104.1414457,-0.04349819335,-0.02807301509,0.02976650739,-0.01867142282
104.2037686,-0.04304102566,-0.0259477813,0.02934843932,-0.01877813846
104.2660914,-0.0424987282,-0.02381068719,0.02896949036,-0.01896898128
104.3284142,-0.04187552177,-0.02166512538,0.02862898122,-0.01924081434
104.390737,-0.04117562717,-0.01951448847,0.02832623262,-0.0195905007
104.4530599,-0.04040326518,-0.01736216907,0.02806056529,-0.02001490342
104.5153827,-0.03956265659,-0.01521155978,0.02783129993,-0.02051088556
104.5777055,-0.03865802221,-0.01306605321,0.02763775727,-0.02107531017
104.6400283,-0.03769358283,-0.01092904197,0.02747925802,-0.02170504032
104.7023512,-0.03667355923,-0.008803918666,0.02735512291,-0.02239693906
104.764674,-0.03560217221,-0.006694075904,0.02726467264,-0.02314786945
104.8269968,-0.03448364257,-0.004602906292,0.02720722795,-0.02395469455
104.8893197,-0.0333221911,-0.002533802436,0.02718210955,-0.02481427742
104.9516425,-0.03212203858,-0.0004901569437,0.02718863815,-0.02572348112
105.0139653,-0.03088740583,0.001524637578,0.02722613447,-0.02667916871
105.0762881,-0.02962251362,0.003507188523,0.02729391924,-0.02767820325
105.138611,-0.02833158275,0.005454103284,0.02739131316,-0.02871744779
105.2009338,-0.02701883402,0.007361989253,0.02751763697,-0.02979376539
105.2632566,-0.02568848821,0.009227453824,0.02767221137,-0.03090401911
105.3255795,-0.02434476613,0.01104710439,0.02785435708,-0.03204507202
105.3879023,-0.02299188856,0.01281754834,0.02806339483,-0.03321378717
105.4502251,-0.0216340763,0.01453539308,0.02829864533,-0.03440702762
105.5125479,-0.02027555014,0.01619724599,0.02855942929,-0.03562165642
105.5748708,-0.01892053088,0.01779971446,0.02884506745,-0.03685453664
105.6371936,-0.0175732393,0.0193394059,0.02915488051,-0.03810253134
105.6995164,-0.0162378962,0.02081292768,0.02948818919,-0.03936250357
105.7618393,-0.01491872238,0.02221688722,0.02984431422,-0.0406313164
105.8241621,-0.01361993863,0.02354789189,0.0302225763,-0.04190583288
105.8864849,-0.01234576574,0.0248025491,0.03062229616,-0.04318291606
105.9488077,-0.0111004245,0.02597746623,0.03104279452,-0.04445942902
106.0111306,-0.009888135709,0.02706925067,0.03148339209,-0.04573223481
106.0734534,-0.00871312016,0.02807450983,0.0319434096,-0.04699819648
106.1357762,-0.007579598646,0.02898985109,0.03242216775,-0.0482541771
106.198099,-0.006491791959,0.02981188185,0.03291898728,-0.04949703973
106.2604219,-0.005453920893,0.0305372095,0.03343318889,-0.05072364742
106.3227447,-0.004470206242,0.03116244144,0.0339640933,-0.05193086323
106.3850675,-0.003544868798,0.03168418505,0.03451102124,-0.05311555023
106.4473904,-0.002682129355,0.03209904773,0.03507329342,-0.05427457146
106.5097132,-0.001886208706,0.03240363687,0.03565023056,-0.05540478999
106.572036,-0.001161327645,0.03259455986,0.03624115338,-0.05650306888
106.6343588,-0.0005117069646,0.03266842411,0.03684538259,-0.05756627119
106.6966817,5.843254156e-05,0.03262183699,0.03746223892,-0.05859125998
106.7590045,0.0005448700802,0.03245140591,0.03809104307,-0.0595748983
106.8213273,0.0009433848581,0.03215373826,0.03873111578,-0.06051404921
106.8836502,0.001249756082,0.03172544143,0.03938177776,-0.06140557577
106.945973,0.001459762958,0.03116312281,0.04004234972,-0.06224634105
107.0082958,0.001569184694,0.03046338979,0.04071215239,-0.06303320809
107.0706186,0.001573800496,0.02962284978,0.04139050648,-0.06376303997
107.1329415,0.00146938957,0.02863811016,0.04207673271,-0.06443269973
107.1952643,0.001251731124,0.02750577832,0.0427701518,-0.06503905044
107.2575871,0.0009166043632,0.02622246167,0.04347008447,-0.06557895515
107.31991,0.0004597884957,0.02478476758,0.04417585143,-0.06604927693
107.3822328,-0.0001229372724,0.02318930346,0.0448867734,-0.06644687883
107.4445556,-0.0008357937344,0.0214326767,0.04560217111,-0.06676862391
107.5068784,-0.001683001684,0.01951149468,0.04632136527,-0.06701137523
107.5692013,-0.002668781913,0.01742236481,0.04704367659,-0.06717199585
107.6315241,-0.003797355217,0.01516189448,0.0477684258,-0.06724734883
107.6938469,-0.005072942387,0.01272669108,0.04849493362,-0.06723429723
107.7561698,-0.006499764218,0.010113362,0.04922252076,-0.0671297041
107.8184926,-0.008082041503,0.00731851463,0.04995050793,-0.06693043251
107.8808154,-0.009823995035,0.004338756374,0.05067821587,-0.06663334551
107.9431382,-0.01172984561,0.001170694619,0.05140496528,-0.06623530616
108.0054611,-0.01380381401,-0.002189063241,0.05213007689,-0.06573317753
108.0677839,-0.01605012105,-0.005743909814,0.05285287141,-0.06512382266
108.1301067,-0.0184729875,-0.009497237705,0.05357266957,-0.06440410463
108.1924295,-0.02107663417,-0.01345243952,0.05428879207,-0.06357088648
108.2547524,-0.02386528184,-0.01761290787,0.05500055964,-0.06262103127
108.3170752,-0.02684315131,-0.02198203537,0.05570729299,-0.06155140207
108.379398,-0.0299088674,-0.0264133591,0.05639834669,-0.06040325294
108.4417209,-0.03279866358,-0.0305321264,0.05704858145,-0.05928742394
108.5040437,-0.03550329146,-0.03432686372,0.05765767989,-0.05820902745
108.5663665,-0.03802665281,-0.03780480826,0.05822658448,-0.0571676774
108.6286893,-0.04037264942,-0.04097319721,0.05875623768,-0.0561629877
108.6910122,-0.04254518308,-0.04383926776,0.05924758197,-0.05519457226
108.753335,-0.04454815558,-0.0464102571,0.0597015598,-0.05426204499
108.8156578,-0.04638546872,-0.04869340242,0.06011911365,-0.0533650198
108.8779807,-0.04806102427,-0.05069594093,0.06050118597,-0.05250311062
108.9403035,-0.04957872403,-0.0524251098,0.06084871924,-0.05167593134
109.0026263,-0.05094246979,-0.05388814624,0.06116265593,-0.05088309589
109.0649491,-0.05215616333,-0.05509228743,0.0614439385,-0.05012421818
109.127272,-0.05322370644,-0.05604477056,0.06169350941,-0.04939891212
109.1895948,-0.05414900092,-0.05675283283,0.06191231114,-0.04870679163
109.2519176,-0.05493594855,-0.05722371143,0.06210128615,-0.04804747062
109.3142405,-0.05558845112,-0.05746464356,0.06226137691,-0.04742056299
109.3765633,-0.05611041042,-0.05748286639,0.06239352588,-0.04682568267
109.4388861,-0.05650572823,-0.05728561714,0.06249867553,-0.04626244357
109.5012089,-0.05677830636,-0.05688013298,0.06257776833,-0.0457304596
109.5635318,-0.05693204657,-0.05627365111,0.06263174674,-0.04522934467
109.6258546,-0.05697085068,-0.05547340872,0.06266155323,-0.0447587127
109.6881774,-0.05689862045,-0.05448664301,0.06266813027,-0.0443181776
109.7505003,-0.05671925769,-0.05332059116,0.06265242032,-0.04390735329
109.8128231,-0.05643666418,-0.05198249037,0.06261536585,-0.04352585367
109.8751459,-0.0560547417,-0.05047957783,0.06255790934,-0.04317329266
109.9374687,-0.05557739206,-0.04881909074,0.06248099323,-0.04284928417
109.9997916,-0.05500851703,-0.04700826628,0.06238556,-0.04255344212
110.0621144,-0.05435201841,-0.04505434164,0.06227255213,-0.04228538042
110.1244372,-0.05361179798,-0.04296455403,0.06214291206,-0.04204471298
110.18676,-0.05279175754,-0.04074614062,0.06199758228,-0.04183105372
110.2490829,-0.05189579886,-0.03840633862,0.06183750524,-0.04164401655
110.3114057,-0.05092782375,-0.03595238521,0.06166362342,-0.04148321538
110.3737285,-0.04989173399,-0.03339151759,0.06147687928,-0.04134826412
110.4360514,-0.04879143137,-0.03073097295,0.06127821528,-0.04123877669
110.4983742,-0.04763081768,-0.02797798848,0.0610685739,-0.04115436701
110.560697,-0.0464137947,-0.02513980137,0.0608488976,-0.04109464897
110.6230198,-0.04514426422,-0.02222364882,0.06062012884,-0.04105923651
110.6853427,-0.04382612804,-0.01923676801,0.0603832101,-0.04104774353
110.7476655,-0.04246328795,-0.01618639615,0.06013908384,-0.04105978394
110.8099883,-0.04105964572,-0.01307977041,0.05988869253,-0.04109497166
110.8723112,-0.03961910316,-0.009924128,0.05963297863,-0.0411529206
110.934634,-0.03814556204,-0.006726706104,0.05937288461,-0.04123324467
110.9969568,-0.03664292416,-0.003494741916,0.05910935294,-0.04133555779
111.0592796,-0.03511509131,-0.0002354726273,0.05884332608,-0.04145947388
111.1216025,-0.03356596528,0.00304386457,0.05857574651,-0.04160460683
111.1839253,-0.03199944784,0.006336032483,0.05830755668,-0.04177057057
111.2462481,-0.0304194408,0.00963379392,0.05803969906,-0.04195697901
111.308571,-0.02882984595,0.01292991169,0.05777311612,-0.04216344607
111.3708938,-0.02723456506,0.0162171486,0.05750875033,-0.04238958565
111.4332166,-0.02563749994,0.01948826746,0.05724754416,-0.04263501167
111.4955394,-0.02404255236,0.02273603107,0.05699044006,-0.04289933804
111.5578623,-0.02245362412,0.02595320225,0.05673838051,-0.04318217867
111.6201851,-0.020874617,0.0291325438,0.05649230798,-0.04348314749
111.6825079,-0.0193094328,0.03226681853,0.05625316493,-0.0438018584
111.7448307,-0.0177619733,0.03534878924,0.05602189382,-0.04413792531
111.8071536,-0.0162361403,0.03837121875,0.05579943712,-0.04449096214
111.8694764,-0.01473583557,0.04132686987,0.05558673731,-0.04486058281
111.9317992,-0.01326496092,0.0442085054,0.05538473685,-0.04524640121
111.9941221,-0.01182741813,0.04700888814,0.05519437819,-0.04564803128
112.0564449,-0.01042710898,0.04972078092,0.05501660382,-0.04606508691
112.1187677,-0.009067935267,0.05233694653,0.0548523562,-0.04649718203
112.1810905,-0.007753798781,0.05485014778,0.05470257778,-0.04694393055
112.2434134,-0.006488601309,0.05725314748,0.05456821105,-0.04740494638
112.3057362,-0.005276244639,0.05953870844,0.05445019847,-0.04787984343
112.368059,-0.004120630561,0.06169959347,0.0543494825,-0.04836823562
112.4303819,-0.003025660864,0.06372856538,0.05426700561,-0.04886973686
112.4927047,-0.001995237336,0.06561838696,0.05420371026,-0.04938396106
112.5550275,-0.001033261765,0.06736182104,0.05416053893,-0.04991052214
112.6173503,-0.0001436359415,0.06895163042,0.05413843408,-0.05044903401
112.6796732,0.0006697383465,0.0703805779,0.05413833818,-0.05099911058
112.741996,0.00140295931,0.0716414263,0.05416119369,-0.05156036577
112.8043188,0.002052125161,0.07272693842,0.05420794308,-0.05213241349
112.8666417,0.002613334109,0.07362987707,0.05427952882,-0.05271486764
112.9289645,0.003082684367,0.07434300506,0.05437689337,-0.05330734216
112.9912873,0.003456274145,0.0748590852,0.0545009792,-0.05390945094
113.0536101,0.003730201655,0.07517088029,0.05465272878,-0.05452080791
113.115933,0.003900565108,0.07527115314,0.05483308457,-0.05514102696
113.1782558,0.003963462715,0.07515266656,0.05504298905,-0.05576972203
113.2405786,0.003914992686,0.07480818336,0.05528338467,-0.05640650702
113.3029015,0.003751253235,0.07423046635,0.0555552139,-0.05705099584
113.3652243,0.003468342571,0.07341227833,0.05585941921,-0.05770280242
113.4275471,0.003062358905,0.07234638211,0.05619694307,-0.05836154065
113.4898699,0.00252940045,0.0710255405,0.05656872795,-0.05902682445
113.5521928,0.001865565416,0.06944251631,0.0569757163,-0.05969826775
113.6145156,0.001066952014,0.06759007234,0.0574188506,-0.06037548444
113.6768384,0.0001296584562,0.06546097141,0.05789907332,-0.06105808845
113.7391612,-0.0009502170471,0.06304797632,0.05841732691,-0.06174569368
113.8014841,-0.002142051555,0.06050855754,0.05894766348,-0.06237562468
113.8638069,-0.003381039351,0.05814740514,0.05944031633,-0.06283305108
113.9261297,-0.004663144493,0.05596676323,0.05989506749,-0.06312030428
113.9884526,-0.005985828754,0.05396158686,0.06031289098,-0.06324250418
114.0507754,-0.007346553912,0.05212683111,0.0606947608,-0.0632047707
114.1130982,-0.00874278174,0.05045745105,0.06104165098,-0.06301222375
114.175421,-0.01017197401,0.04894840175,0.06135453552,-0.06266998323
114.2377439,-0.01163159251,0.04759463828,0.06163438845,-0.06218316905
114.3000667,-0.013119099,0.04639111571,0.06188218377,-0.06155690112
114.3623895,-0.01463195526,0.04533278911,0.06209889549,-0.06079629936
114.4247124,-0.01616762307,0.04441461355,0.06228549764,-0.05990648366
114.4870352,-0.0177235642,0.04363154411,0.06244296422,-0.05889257393
114.549358,-0.01929724043,0.04297853585,0.06257226925,-0.05775969009
114.6116808,-0.02088611353,0.04245054385,0.06267438674,-0.05651295205
114.6740037,-0.02248764527,0.04204252317,0.06275029071,-0.05515747971
114.7363265,-0.02409929744,0.04174942889,0.06280095517,-0.05369839297
114.7986493,-0.02571853181,0.04156621608,0.06282735413,-0.05214081176
114.8609722,-0.02734281015,0.0414878398,0.06283046161,-0.05048985597
114.923295,-0.02896959423,0.04150925514,0.06281125162,-0.04875064552
114.9856178,-0.03059634584,0.04162541715,0.06277069817,-0.04692830032
115.0479406,-0.03222052675,0.04183128091,0.06270977528,-0.04502794026
115.1102635,-0.03383959873,0.0421218015,0.06262945696,-0.04305468527
115.1725863,-0.03545102356,0.04249193397,0.06253071723,-0.04101365525
115.2349091,-0.03705226302,0.04293663341,0.06241453009,-0.03890997011
115.2972319,-0.03864077887,0.04345085488,0.06228186957,-0.03674874976
115.3595548,-0.04021403289,0.04402955346,0.06213370967,-0.0345351141
115.4218776,-0.04176948687,0.04466768421,0.06197102441,-0.03227418304
115.4842004,-0.04330460257,0.04536020221,0.06179478781,-0.0299710765
115.5465233,-0.04481684177,0.04610206252,0.06160597387,-0.02763091438
115.6088461,-0.04630366624,0.04688822022,0.06140555662,-0.02525881659
115.6711689,-0.04776253776,0.04771363038,0.06119451006,-0.02285990303
115.7334917,-0.04919091811,0.04857324807,0.0609738082,-0.02043929363
115.7958146,-0.05058626906,0.04946202835,0.06074442507,-0.01800210828
115.8581374,-0.05194605238,0.05037492631,0.06050733467,-0.01555346689
115.9204602,-0.05326772986,0.05130689701,0.06026351103,-0.01309848937
115.9827831,-0.05454876326,0.05225289552,0.06001392814,-0.01064229564
116.0451059,-0.05578661436,0.05320787691,0.05975956003,-0.008190005594
116.1074287,-0.05697874493,0.05416679626,0.05950138071,-0.005746739147
116.1697515,-0.05812261676,0.05512460863,0.0592403642,-0.003317616207
116.2320744,-0.05921569161,0.05607626909,0.0589774845,-0.0009077566814
116.2943972,-0.06025543127,0.05701673272,0.05871371563,0.001477719521
116.35672,-0.0612392975,0.05794095459,0.05845003161,0.003833692491
116.4190429,-0.06216475208,0.05884388977,0.05818740644,0.00615504232
116.4813657,-0.06302925679,0.05972049332,0.05792681415,0.008436649101
116.5436885,-0.0638302734,0.06056572032,0.05766922874,0.01067339292
116.6060113,-0.06456526369,0.06137452584,0.05741562423,0.01286015388
116.6683342,-0.06523168943,0.06214186495,0.05716697464,0.01499181206
116.730657,-0.0658270124,0.06286269272,0.05692425397,0.01706324756
116.7929798,-0.06634869437,0.06353196423,0.05668843624,0.01906934047
116.8553027,-0.06679419712,0.06414463453,0.05646049546,0.02100497088
116.9176255,-0.06716098242,0.06469565871,0.05624140565,0.02286501888
116.9799483,-0.06744651205,0.06517999183,0.05603214083,0.02464436456
117.0422711,-0.06764824778,0.06559258897,0.05583367499,0.02633788801
117.104594,-0.0677636514,0.0659284052,0.05564698217,0.02794046934
117.1669168,-0.06779018466,0.06618239558,0.05547303637,0.02944698861
117.2292396,-0.06772530936,0.06634951518,0.0553128116,0.03085232594
117.2915624,-0.06756648725,0.06642471909,0.05516728188,0.03215136141
117.3538853,-0.06731118013,0.06640296236,0.05503742123,0.03333897511
117.4162081,-0.06695684976,0.06627920008,0.05492420365,0.03441004713
117.4785309,-0.06650095793,0.0660483873,0.05482860316,0.03535945757
117.5408538,-0.06594096639,0.06570547911,0.05475159378,0.03618208651
117.6031766,-0.06527433694,0.06524543056,0.05469414952,0.03687281406
117.6654994,-0.06449853134,0.06466319674,0.05465724438,0.03742652029
117.7278222,-0.06361101137,0.06395373272,0.05464185239,0.0378380853
117.7901451,-0.0626092388,0.06311199355,0.05464894756,0.03810238918
117.8524679,-0.06149067542,0.06213293432,0.0546795039,0.03821431203
117.9147907,-0.06025278299,0.0610115101,0.05473449543,0.03816873393
117.9771136,-0.0588930233,0.05974267595,0.05481489616,0.03796053498
118.0394364,-0.05740885811,0.05832138695,0.0549216801,0.03758459526
118.1017592,-0.05579774919,0.05674259817,0.05505582126,0.03703579488
118.164082,-0.05405715834,0.05500126468,0.05521829367,0.03630901391
118.2264049,-0.05218454732,0.05309234155,0.05541007133,0.03539913246
118.2887277,-0.0501773779,0.05101078384,0.05563212826,0.03430103062
118.3510505,-0.04803311187,0.04875154664,0.05588543847,0.03300958847
118.4133734,-0.04574921099,0.04630958501,0.05617097598,0.0315196861
118.4756962,-0.04332313705,0.04367985402,0.05648971479,0.02982620361
118.538019,-0.04075235181,0.04085730875,0.05684262893,0.0279240211
118.6003418,-0.03803431705,0.03783690426,0.0572306924,0.02580801864
118.6626647,-0.03516649455,0.03461359562,0.05765487922,0.02347307634
118.7249875,-0.03214634609,0.03118233791,0.05811616341,0.02091407428
118.7873103,-0.02897133343,0.0275380862,0.05861551897,0.01812589256
118.8496331,-0.02563891836,0.02367579555,0.05915391993,0.01510341126
118.911956,-0.02214656264,0.01959042104,0.05973234029,0.01184151049
118.9742788,-0.01849172806,0.01527691774,0.06035175406,0.008335070321
119.0366016,-0.01467187638,0.01073024072,0.06101313527,0.004578970856
119.0989245,-0.01068446939,0.005945345048,0.06171745792,0.0005680921847
119.1612473,-0.006526968859,0.0009171857985,0.06246569604,-0.003702685602
119.2235701,-0.002348445579,-0.00415639545,0.06320461709,-0.008041386857
119.2858929,0.001643344984,-0.00899785065,0.06386032503,-0.01217823092
119.3482158,0.005450296661,-0.01360944114,0.0644340853,-0.01611502185
119.4105386,0.009075679341,-0.01799526732,0.064927656,-0.01985534948
119.4728614,0.01252276291,-0.02215942956,0.06534279521,-0.02340280366
119.5351843,0.01579481727,-0.02610602827,0.06568126103,-0.02676097422
119.5975071,0.01889511231,-0.02983916384,0.06594481155,-0.029933451
119.6598299,0.02182691791,-0.03336293665,0.06613520486,-0.03292382385
119.7221527,0.02459350396,-0.03668144709,0.06625419906,-0.0357356826
119.7844756,0.02719814036,-0.03979879556,0.06630355224,-0.0383726171
119.8467984,0.029644097,-0.04271908245,0.0662850225,-0.04083821718
119.9091212,0.03193464377,-0.04544640814,0.06620036792,-0.04313607269
119.9714441,0.03407305055,-0.04798487303,0.0660513466,-0.04526977346
120.0337669,0.03606258724,-0.0503385775,0.06583971663,-0.04724290934
120.0960897,0.03790652373,-0.05251162196,0.06556723611,-0.04905907016
120.1584125,0.03960812991,-0.05450810678,0.06523566312,-0.05072184576
120.2207354,0.04117067567,-0.05633213236,0.06484675577,-0.05223482599
120.2830582,0.0425974309,-0.0579877991,0.06440227214,-0.05360160069
120.345381,0.04389166549,-0.05947920737,0.06390397032,-0.05482575969
120.4077039,0.04505664933,-0.06081045757,0.06335360842,-0.05591089284
120.4700267,0.04609565231,-0.0619856501,0.06275294452,-0.05686058997
120.5323495,0.04701194432,-0.06300888533,0.06210373671,-0.05767844093
120.5946723,0.04780879526,-0.06388426367,0.0614077431,-0.05836803556
120.6569952,0.048489475,-0.0646158855,0.06066672176,-0.05893296369
120.719318,0.04905725345,-0.06520785122,0.0598824308,-0.05937681516
120.7816408,0.0495154005,-0.0656642612,0.05905662831,-0.05970317983
120.8439636,0.04986718603,-0.06598921586,0.05819107238,-0.05991564752
120.9062865,0.05011587993,-0.06618681556,0.05728752111,-0.06001780807
120.9686093,0.0502647521,-0.06626116072,0.05634773258,-0.06001325133
121.0309321,0.05031707242,-0.0662163517,0.05537346489,-0.05990556714
121.093255,0.05027611079,-0.06605648892,0.05436647613,-0.05969834534
121.1555778,0.05014513709,-0.06578567275,0.0533285244,-0.05939517576
121.2179006,0.04992742122,-0.06540800359,0.05226136779,-0.05899964825
121.2802234,0.04962623307,-0.06492758183,0.05116676439,-0.05851535265
121.3425463,0.04924484253,-0.06434850785,0.0500464723,-0.05794587879
121.4048691,0.04878651948,-0.06367488206,0.0489022496,-0.05729481652
121.4671919,0.04825453382,-0.06291080483,0.04773585439,-0.05656575568
121.5295148,0.04765215544,-0.06206037656,0.04654904477,-0.05576228611
121.5918376,0.04698265423,-0.06112769765,0.04534357883,-0.05488799764
121.6541604,0.04624930008,-0.06011686847,0.04412121465,-0.05394648012
121.7164832,0.04545536288,-0.05903198943,0.04288371034,-0.05294132339
121.7788061,0.04460411252,-0.05787716091,0.04163282398,-0.05187611729
121.8411289,0.0436988189,-0.0566564833,0.04037031367,-0.05075445165
121.9034517,0.04274275189,-0.05537405699,0.03909793751,-0.04957991633
121.9657746,0.04173918139,-0.05403398238,0.03781745357,-0.04835610115
122.0280974,0.0406913773,-0.05264035986,0.03653061997,-0.04708659596
122.0904202,0.0396026095,-0.0511972898,0.03523919479,-0.0457749906
122.152743,0.03847614789,-0.04970887261,0.03394493612,-0.0444248749
122.2150659,0.03731526234,-0.04817920868,0.03264960206,-0.04303983872
122.2773887,0.03612322277,-0.0466123984,0.03135495069,-0.04162347189
122.3397115,0.03490329904,-0.04501254215,0.03006274012,-0.04017936424
122.4020344,0.03365876106,-0.04338374032,0.02877472844,-0.03871110562
122.4643572,0.03239287872,-0.04173009332,0.02749267373,-0.03722228587
122.52668,0.0311089219,-0.04005570152,0.0262183341,-0.03571649484
122.5890028,0.0298101605,-0.03836466533,0.02495346763,-0.03419732235
122.6513257,0.02849986441,-0.03666108512,0.02369983242,-0.03266835825
122.7136485,0.02718130351,-0.03494906129,0.02245918655,-0.03113319238
122.7759713,0.02585774771,-0.03323269423,0.02123328814,-0.02959541458
122.8382941,0.02453246688,-0.03151608433,0.02002389526,-0.02805861469
122.900617,0.02320873091,-0.02980333199,0.018832766,-0.02652638255
122.9629398,0.02188980971,-0.02809853758,0.01766165848,-0.025002308
123.0252626,0.02057897316,-0.02640580151,0.01651233076,-0.02348998088
123.0875855,0.01927949115,-0.02472922416,0.01538654096,-0.02199299103
123.1499083,0.01799463356,-0.02307290593,0.01428604715,-0.02051492829
123.2122311,0.0167276703,-0.0214409472,0.01321260745,-0.0190593825
123.2745539,0.01548187125,-0.01983744836,0.01216797992,-0.0176299435
123.3368768,0.0142605063,-0.01826650981,0.01115392268,-0.01623020113
123.3991996,0.01306684535,-0.01673223193,0.01017219382,-0.01486374523
123.4615224,0.01190415827,-0.01523871512,0.009224551417,-0.01353416565
123.5238453,0.01077571497,-0.01379005976,0.008312753577,-0.01224505221
123.5861681,0.009684785337,-0.01239036626,0.007438558388,-0.01099999477
123.6484909,0.008634639255,-0.01104373499,0.006603723946,-0.009802583157
123.7108137,0.007628546616,-0.009754266346,0.005810008342,-0.008656407216
123.7731366,0.006669777313,-0.008526060723,0.005059169669,-0.007565056786
123.8354594,0.005761601235,-0.007363218509,0.004352966021,-0.006532121708
123.8977822,0.004907288273,-0.006269840095,0.00369315549,-0.005561191822
123.9601051,0.004110108317,-0.005250025871,0.00308149617,-0.004655856968
124.0224279,0.003373331258,-0.004307876227,0.002519746153,-0.003819706985
124.0847507,0.002700226986,-0.003447491555,0.002009663532,-0.003056331715
124.1470735,0.002094065391,-0.002672972244,0.001553006401,-0.002369320997
124.2093964,0.001558116365,-0.001988418686,0.001151532853,-0.001762264671
124.2717192,0.001095649797,-0.00139793127,0.0008070009797,-0.001238752578
124.334042,0.0007099355779,-0.0009056103876,0.000521168875,-0.0008023745566
124.3963648,0.0004042435982,-0.0005155564288,0.0002957946317,-0.0004567204483
124.4586877,0.0001818437484,-0.0002318697843,0.0001326363427,-0.0002053800926
124.5210105,4.600591884e-05,-5.865084448e-05,3.345210118e-05,-5.194332984e-05
124.5833333,0,0,0,0
