time_ns,u_X1,u_Y1,u_X2,u_Y2
0,0,0,0,0
0.03751875938,-1.190727256e-06,2.108248811e-07,7.904163944e-07,-3.946968354e-07
0.07503751876,-4.756600661e-06,8.428826398e-07,3.157764279e-06,-1.575995391e-06
0.1125562781,-1.068815767e-05,1.895547949e-06,7.096191706e-06,-3.539707741e-06
0.1500750375,-1.897593574e-05,3.368195482e-06,1.259984673e-05,-6.28164596e-06
0.1875937969,-2.961047234e-05,5.260199912e-06,1.96628774e-05,-9.797622121e-06
0.2251125563,-4.25823049e-05,7.570935912e-06,2.827943176e-05,-1.40834483e-05
0.2626313157,-5.78819709e-05,1.029977815e-05,3.844365788e-05,-1.913493657e-05
0.300150075,-7.550000778e-05,1.344610131e-05,5.014970381e-05,-2.4947899e-05
0.3376688344,-9.542695301e-05,1.700928006e-05,6.339171759e-05,-3.151814767e-05
0.3751875938,-0.000117653344,2.098868907e-05,7.816384727e-05,-3.884149466e-05
0.4127063532,-0.0001421697183,2.538370302e-05,9.446024092e-05,-4.691375203e-05
0.4502251126,-0.0001689666133,3.019369657e-05,0.0001122750466,-5.573073187e-05
0.4877438719,-0.0001980345665,3.541804441e-05,0.0001316024123,-6.528824624e-05
0.5252626313,-0.0002293641153,4.10561212e-05,0.0001524364861,-7.558210722e-05
0.5627813907,-0.0002629457972,4.710730162e-05,0.0001747714162,-8.660812689e-05
0.6003001501,-0.0002987701496,5.357096034e-05,0.0001986013504,-9.836211731e-05
0.6378189095,-0.00033682771,6.044647203e-05,0.0002239204369,-0.0001108398906
0.6753376688,-0.0003771090158,6.773321137e-05,0.0002507228237,-0.0001240372587
0.7128564282,-0.0004196046046,7.543055303e-05,0.0002790026589,-0.0001379500339
0.7503751876,-0.0004643050137,8.353787169e-05,0.0003087540906,-0.0001525740281
0.787893947,-0.0005112007807,9.205454201e-05,0.0003399712667,-0.0001679050534
0.8254127064,-0.0005602824429,0.0001009799387,0.0003726483353,-0.0001839389219
0.8629314657,-0.0006115405379,0.0001103134363,0.0004067794446,-0.0002006714457
0.9004502251,-0.000664965603,0.0001200544097,0.0004423587425,-0.0002180984369
0.9379689845,-0.0007205481758,0.0001302022334,0.000479380377,-0.0002362157075
0.9754877439,-0.0007782787937,0.0001407562822,0.0005178384964,-0.0002550190695
1.013006503,-0.0008381479941,0.0001517159306,0.0005577272485,-0.0002745043352
1.050525263,-0.0009001463146,0.0001630805534,0.0005990407814,-0.0002946673165
1.088044022,-0.0009642642925,0.0001748495253,0.0006417732433,-0.0003155038255
1.125562781,-0.001030492465,0.0001870222209,0.0006859187821,-0.0003370096743
1.163081541,-0.001098821371,0.0001995980149,0.0007314715459,-0.000359180675
1.2006003,-0.001169241546,0.000212576282,0.0007784256828,-0.0003820126396
1.23811906,-0.001241743528,0.0002259563968,0.0008267753408,-0.0004055013803
1.275637819,-0.001316317855,0.0002397377341,0.0008765146679,-0.000429642709
1.313156578,-0.001392955065,0.0002539196684,0.0009276378123,-0.0004544324379
1.350675338,-0.001471645694,0.0002685015745,0.0009801389219,-0.0004798663791
1.388194097,-0.00155238028,0.000283482827,0.001034012145,-0.0005059403446
1.425712856,-0.00163514936,0.0002988628006,0.001089251629,-0.0005326501464
1.463231616,-0.001719943473,0.00031464087,0.001145851523,-0.0005599915967
1.500750375,-0.001806753155,0.0003308164099,0.001203805974,-0.0005879605076
1.538269135,-0.001895568945,0.0003473887949,0.001263109131,-0.000616552691
1.575787894,-0.001986381378,0.0003643573997,0.001323755141,-0.0006457639592
1.613306653,-0.002079180994,0.000381721599,0.001385738153,-0.0006755901241
1.650825413,-0.002173958328,0.0003994807674,0.001449052315,-0.0007060269979
1.688344172,-0.00227070392,0.0004176342796,0.001513691774,-0.0007370703925
1.725862931,-0.002369408306,0.0004361815104,0.001579650679,-0.0007687161201
1.763381691,-0.002470062023,0.0004551218343,0.001646923178,-0.0008009599928
1.80090045,-0.00257265561,0.000474454626,0.001715503419,-0.0008337978226
1.83841921,-0.002677179603,0.0004941792602,0.00178538555,-0.0008672254217
1.875937969,-0.00278362454,0.0005142951117,0.001856563719,-0.000901238602
1.913456728,-0.002891980959,0.000534801555,0.001929032074,-0.0009358331756
1.950975488,-0.003002239397,0.0005556979648,0.002002784763,-0.0009710049547
1.988494247,-0.003114390391,0.0005769837158,0.002077815934,-0.001006749751
2.026013007,-0.003228424479,0.0005986581828,0.002154119735,-0.001043063377
2.063531766,-0.003344332198,0.0006207207402,0.002231690315,-0.001079941645
2.101050525,-0.003462104086,0.0006431707629,0.002310521821,-0.001117380367
2.138569285,-0.003581730681,0.0006660076255,0.002390608401,-0.001155375354
2.176088044,-0.003703202519,0.0006892307027,0.002471944203,-0.001193922419
2.213606803,-0.003826510138,0.0007128393691,0.002554523377,-0.001233017374
2.251125563,-0.003951644076,0.0007368329994,0.002638340068,-0.001272656032
2.288644322,-0.00407859487,0.0007612109683,0.002723388426,-0.001312834203
2.326163082,-0.004207353057,0.0007859726504,0.002809662599,-0.0013535477
2.363681841,-0.004337909176,0.0008111174206,0.002897156735,-0.001394792336
2.4012006,-0.004470253763,0.0008366446533,0.002985864981,-0.001436563922
2.43871936,-0.004604377356,0.0008625537233,0.003075781486,-0.00147885827
2.476238119,-0.004740270492,0.0008888440052,0.003166900398,-0.001521671193
2.513756878,-0.004877923709,0.0009155148738,0.003259215865,-0.001564998502
2.551275638,-0.005017327544,0.0009425657037,0.003352722034,-0.00160883601
2.588794397,-0.005158472535,0.0009699958696,0.003447413055,-0.001653179529
2.626313157,-0.005301349219,0.0009978047461,0.003543283075,-0.001698024871
2.663831916,-0.005445948134,0.001025991708,0.003640326242,-0.001743367847
2.701350675,-0.005592259817,0.00105455613,0.003738536704,-0.00178920427
2.738869435,-0.005740274805,0.001083497386,0.003837908609,-0.001835529952
2.776388194,-0.005889983637,0.001112814852,0.003938436105,-0.001882340705
2.813906953,-0.006041376849,0.001142507902,0.004040113341,-0.001929632342
2.851425713,-0.006194444978,0.00117257591,0.004142934464,-0.001977400673
2.888944472,-0.006349178564,0.001203018252,0.004246893622,-0.002025641512
2.926463232,-0.006505568142,0.001233834302,0.004351984964,-0.00207435067
2.963981991,-0.00666360425,0.001265023435,0.004458202638,-0.00212352396
3.00150075,-0.006823277426,0.001296585025,0.004565540791,-0.002173157193
3.03901951,-0.006984578207,0.001328518447,0.004673993571,-0.002223246182
3.076538269,-0.007147497131,0.001360823076,0.004783555128,-0.002273786738
3.114057029,-0.007312024735,0.001393498286,0.004894219608,-0.002324774674
3.151575788,-0.007478151557,0.001426543452,0.005005981159,-0.002376205802
3.189094547,-0.007645868133,0.001459957949,0.005118833931,-0.002428075934
3.226613307,-0.007815165003,0.001493741152,0.005232772071,-0.002480380882
3.264132066,-0.007986032702,0.001527892434,0.005347789726,-0.002533116457
3.301650825,-0.008158461768,0.001562411171,0.005463881045,-0.002586278473
3.339169585,-0.008332442739,0.001597296738,0.005581040177,-0.002639862741
3.376688344,-0.008507966153,0.001632548509,0.005699261268,-0.002693865073
3.414207104,-0.008685022546,0.001668165858,0.005818538468,-0.002748281282
3.451725863,-0.008863602457,0.001704148161,0.005938865924,-0.002803107179
3.489244622,-0.009043696422,0.001740494793,0.006060237784,-0.002858338576
3.526763382,-0.00922529498,0.001777205127,0.006182648196,-0.002913971286
3.564282141,-0.009408388667,0.001814278538,0.006306091309,-0.002970001121
3.6018009,-0.009592968021,0.001851714402,0.00643056127,-0.003026423892
3.63931966,-0.009779023579,0.001889512092,0.006556052228,-0.003083235412
3.676838419,-0.00996654588,0.001927670984,0.00668255833,-0.003140431493
3.714357179,-0.01015552546,0.001966190452,0.006810073724,-0.003198007946
3.751875938,-0.01034595286,0.002005069871,0.006938592559,-0.003255960585
3.789394697,-0.01053781861,0.002044308615,0.007068108983,-0.003314285221
3.826913457,-0.01073111325,0.00208390606,0.007198617144,-0.003372977666
3.864432216,-0.01092582732,0.00212386158,0.007330111189,-0.003432033732
3.901950975,-0.01112195136,0.002164174549,0.007462585267,-0.003491449231
3.939469735,-0.0113194759,0.002204844342,0.007596033526,-0.003551219976
3.976988494,-0.01151839149,0.002245870334,0.007730450114,-0.003611341778
4.014507254,-0.01171868865,0.0022872519,0.007865829179,-0.00367181045
4.052026013,-0.01192035793,0.002328988413,0.008002164869,-0.003732621803
4.089544772,-0.01212338987,0.00237107925,0.008139451332,-0.00379377165
4.127063532,-0.01232777499,0.002413523785,0.008277682717,-0.003855255803
4.164582291,-0.01253350385,0.002456321391,0.00841685317,-0.003917070073
4.202101051,-0.01274056697,0.002499471445,0.00855695684,-0.003979210274
4.23961981,-0.01294895489,0.00254297332,0.008697987876,-0.004041672216
4.277138569,-0.01315865816,0.002586826391,0.008839940426,-0.004104451712
4.314657329,-0.0133696673,0.002631030034,0.008982808636,-0.004167544575
4.352176088,-0.01358197286,0.002675583621,0.009126586656,-0.004230946615
4.389694847,-0.01379556538,0.00272048653,0.009271268634,-0.004294653646
4.427213607,-0.01401043538,0.002765738133,0.009416848717,-0.004358661479
4.464732366,-0.01422657342,0.002811337806,0.009563321054,-0.004422965927
4.502251126,-0.01444397002,0.002857284923,0.009710679792,-0.004487562801
4.539769885,-0.01466261572,0.002903578859,0.00985891908,-0.004552447913
4.577288644,-0.01488250107,0.002950218988,0.01000803307,-0.004617617076
4.614807404,-0.01510361659,0.002997204687,0.0101580159,-0.004683066102
4.652326163,-0.01532595283,0.003044535328,0.01030886172,-0.004748790803
4.689844922,-0.01554950032,0.003092210286,0.01046056469,-0.00481478699
4.727363682,-0.0157742496,0.003140228937,0.01061311895,-0.004881050477
4.764882441,-0.01600019121,0.003188590655,0.01076651864,-0.004947577074
4.802401201,-0.01622731569,0.003237294815,0.01092075792,-0.005014362594
4.83991996,-0.01645561357,0.003286340791,0.01107583094,-0.00508140285
4.877438719,-0.01668507539,0.003335727958,0.01123173184,-0.005148693653
4.914957479,-0.01691569169,0.003385455691,0.01138845477,-0.005216230815
4.952476238,-0.017147453,0.003435523364,0.01154599387,-0.005284010148
4.989994997,-0.01738034987,0.003485930353,0.0117043433,-0.005352027465
5.027513757,-0.01761437282,0.003536676031,0.01186349721,-0.005420278577
5.065032516,-0.01784951241,0.003587759773,0.01202344974,-0.005488759297
5.102551276,-0.01808575916,0.003639180954,0.01218419504,-0.005557465437
5.140070035,-0.01832310361,0.00369093895,0.01234572726,-0.005626392808
5.177588794,-0.01856153631,0.003743033133,0.01250804054,-0.005695537223
5.215107554,-0.01880104778,0.00379546288,0.01267112904,-0.005764894494
5.252626313,-0.01904162856,0.003848227565,0.01283498691,-0.005834460433
5.290145073,-0.0192832692,0.003901326561,0.01299960828,-0.005904230852
5.327663832,-0.01952596023,0.003954759246,0.01316498731,-0.005974201563
5.365182591,-0.01976969218,0.004008524991,0.01333111815,-0.006044368378
5.402701351,-0.02001445561,0.004062623174,0.01349799494,-0.006114727109
5.44022011,-0.02026024103,0.004117053167,0.01366561184,-0.006185273569
5.477738869,-0.02050703899,0.004171814346,0.01383396299,-0.006256003569
5.515257629,-0.02075484003,0.004226906086,0.01400304253,-0.006326912922
5.552776388,-0.02100363469,0.004282327761,0.01417284463,-0.006397997439
5.590295148,-0.0212534135,0.004338078745,0.01434336342,-0.006469252933
5.627813907,-0.02150416699,0.004394158415,0.01451459305,-0.006540675215
5.665332666,-0.02175588572,0.004450566143,0.01468652767,-0.006612260099
5.702851426,-0.02200856021,0.004507301305,0.01485916144,-0.006684003395
5.740370185,-0.022262181,0.004564363276,0.01503248849,-0.006755900916
5.777888944,-0.02251673863,0.00462175143,0.01520650297,-0.006827948474
5.815407704,-0.02277222364,0.004679465141,0.01538119904,-0.006900141881
5.852926463,-0.02302862656,0.004737503786,0.01555657084,-0.006972476949
5.890445223,-0.02328593793,0.004795866737,0.01573261252,-0.00704494949
5.927963982,-0.02354414829,0.00485455337,0.01590931823,-0.007117555317
5.965482741,-0.02380324818,0.00491356306,0.01608668211,-0.007190290241
6.003001501,-0.02406322814,0.004972895181,0.01626469832,-0.007263150074
6.04052026,-0.02432407869,0.005032549108,0.016443361,-0.007336130629
6.07803902,-0.02458579039,0.005092524216,0.0166226643,-0.007409227718
6.115557779,-0.02484835376,0.005152819879,0.01680260236,-0.007482437152
6.153076538,-0.02511175935,0.005213435472,0.01698316935,-0.007555754744
6.190595298,-0.02537599768,0.005274370369,0.01716435939,-0.007629176306
6.228114057,-0.02564105931,0.005335623945,0.01734616665,-0.007702697649
6.265632816,-0.02590693476,0.005397195576,0.01752858527,-0.007776314587
6.303151576,-0.02617361458,0.005459084635,0.0177116094,-0.007850022931
6.340670335,-0.0264410893,0.005521290498,0.01789523318,-0.007923818492
6.378189095,-0.02670934945,0.005583812538,0.01807945077,-0.007997697084
6.415707854,-0.02697838559,0.005646650131,0.01826425631,-0.008071654518
6.453226613,-0.02724818823,0.005709802651,0.01844964395,-0.008145686607
6.490745373,-0.02751874793,0.005773269474,0.01863560784,-0.008219789162
6.528264132,-0.02779005522,0.005837049973,0.01882214212,-0.008293957995
6.565782891,-0.02806210063,0.005901143523,0.01900924095,-0.008368188919
6.603301651,-0.02833487471,0.005965549499,0.01919689847,-0.008442477745
6.64082041,-0.02860836799,0.006030267276,0.01938510884,-0.008516820286
6.67833917,-0.028882571,0.006095296228,0.01957386619,-0.008591212354
6.715857929,-0.02915747429,0.006160635731,0.01976316468,-0.008665649761
6.753376688,-0.0294330684,0.006226285158,0.01995299845,-0.008740128319
6.790895448,-0.02970934385,0.006292243884,0.02014336165,-0.008814643839
6.828414207,-0.0299862912,0.006358511285,0.02033424844,-0.008889192135
6.865932966,-0.03026390097,0.006425086734,0.02052565296,-0.008963769018
6.903451726,-0.0305421637,0.006491969606,0.02071756935,-0.0090383703
6.940970485,-0.03082106994,0.006559159277,0.02090999177,-0.009112991793
6.978489245,-0.03110061021,0.00662665512,0.02110291436,-0.00918762931
7.016008004,-0.03138077505,0.006694456511,0.02129633127,-0.009262278662
7.053526763,-0.03166155502,0.006762562823,0.02149023665,-0.009336935662
7.091045523,-0.03194294063,0.006830973433,0.02168462465,-0.009411596121
7.128564282,-0.03222492243,0.006899687714,0.02187948941,-0.009486255852
7.166083042,-0.03250749095,0.006968705041,0.02207482509,-0.009560910667
7.203601801,-0.03279063674,0.007038024788,0.02227062583,-0.009635556377
7.24112056,-0.03307435032,0.007107646332,0.02246688578,-0.009710188796
7.27863932,-0.03335862225,0.007177569045,0.02266359908,-0.009784803734
7.316158079,-0.03364344305,0.007247792303,0.02286075989,-0.009859397004
7.353676838,-0.03392880326,0.00731831548,0.02305836236,-0.009933964419
7.391195598,-0.03421469343,0.007389137952,0.02325640062,-0.01000850179
7.428714357,-0.03450110408,0.007460259093,0.02345486884,-0.01008300493
7.466233117,-0.03478802575,0.007531678277,0.02365376115,-0.01015746965
7.503751876,-0.03507544899,0.007603394879,0.02385307171,-0.01023189176
7.541270635,-0.03536336433,0.007675408274,0.02405279467,-0.01030626707
7.578789395,-0.03565176231,0.007747717836,0.02425292416,-0.01038059141
7.616308154,-0.03594063346,0.007820322941,0.02445345435,-0.01045486057
7.653826913,-0.03622996832,0.007893222962,0.02465437937,-0.01052907037
7.691345673,-0.03651975743,0.007966417275,0.02485569338,-0.01060321662
7.728864432,-0.03680999133,0.008039905254,0.02505739053,-0.01067729514
7.766383192,-0.03710066056,0.008113686274,0.02525946495,-0.01075130174
7.803901951,-0.03739175565,0.00818775971,0.02546191081,-0.01082523223
7.84142071,-0.03768326713,0.008262124935,0.02566472224,-0.01089908241
7.87893947,-0.03797518556,0.008336781326,0.0258678934,-0.01097284811
7.916458229,-0.03826750145,0.008411728256,0.02607141844,-0.01104652514
7.953976988,-0.03856020536,0.0084869651,0.0262752915,-0.0111201093
7.991495748,-0.03885328782,0.008562491234,0.02647950672,-0.01119359641
8.029014507,-0.03914673937,0.008638306031,0.02668405827,-0.01126698228
8.066533267,-0.03944055054,0.008714408866,0.02688894028,-0.01134026273
8.104052026,-0.03973471187,0.008790799114,0.02709414691,-0.01141343356
8.141570785,-0.04002921391,0.008867476149,0.0272996723,-0.01148649059
8.179089545,-0.04032404717,0.008944439347,0.0275055106,-0.01155942963
8.216608304,-0.04061920222,0.009021688082,0.02771165596,-0.01163224649
8.254127064,-0.04091466957,0.009099221729,0.02791810253,-0.01170493699
8.291645823,-0.04121043978,0.009177039661,0.02812484445,-0.01177749693
8.329164582,-0.04150650337,0.009255141255,0.02833187588,-0.01184992213
8.366683342,-0.04180285088,0.009333525884,0.02853919095,-0.0119222084
8.404202101,-0.04209947286,0.009412192924,0.02874678383,-0.01199435155
8.44172086,-0.04239635983,0.009491141749,0.02895464865,-0.01206634739
8.47923962,-0.04269350234,0.009570371733,0.02916277957,-0.01213819175
8.516758379,-0.04299089093,0.009649882251,0.02937117073,-0.01220988042
8.554277139,-0.04328851612,0.009729672679,0.02957981628,-0.01228140922
8.591795898,-0.04358636847,0.00980974239,0.02978871037,-0.01235277396
8.629314657,-0.0438844385,0.00989009076,0.02999784715,-0.01242397046
8.666833417,-0.04418271675,0.009970717162,0.03020722077,-0.01249499452
8.704352176,-0.04448119377,0.01005162097,0.03041682536,-0.01256584197
8.741870935,-0.04477986008,0.01013280157,0.03062665509,-0.0126365086
8.779389695,-0.04507870623,0.01021425831,0.0308367041,-0.01270699024
8.816908454,-0.04537772276,0.0102959906,0.03104696654,-0.01277728269
8.854427214,-0.04567690019,0.01037799778,0.03125743655,-0.01284738177
8.891945973,-0.04597622907,0.01046027925,0.03146810829,-0.01291728329
8.929464732,-0.04627569994,0.01054283438,0.0316789759,-0.01298698306
8.966983492,-0.04657530333,0.01062566253,0.03189003352,-0.01305647689
9.004502251,-0.04687502979,0.01070876309,0.03210127532,-0.0131257606
9.042021011,-0.04717486984,0.01079213543,0.03231269543,-0.01319482999
9.07953977,-0.04747481403,0.01087577893,0.03252428801,-0.01326368089
9.117058529,-0.04777485289,0.01095969295,0.03273604719,-0.01333230909
9.154577289,-0.04807497696,0.01104387688,0.03294796714,-0.01340071043
9.192096048,-0.04837517677,0.01112833008,0.033160042,-0.01346888069
9.229614807,-0.04867544288,0.01121305194,0.03337226591,-0.01353681571
9.267133567,-0.04897576581,0.01129804183,0.03358463303,-0.01360451128
9.304652326,-0.04927613609,0.01138329912,0.03379713749,-0.01367196322
9.342171086,-0.04957654428,0.01146882318,0.03400977346,-0.01373916735
9.379689845,-0.0498769809,0.0115546134,0.03422253508,-0.01380611948
9.417208604,-0.05017743649,0.01164066914,0.0344354165,-0.01387281541
9.454727364,-0.0504779016,0.01172698979,0.03464841185,-0.01393925097
9.492246123,-0.05077836675,0.01181357471,0.03486151531,-0.01400542196
9.529764882,-0.05107882248,0.01190042328,0.035074721,-0.01407132419
9.567283642,-0.05137925934,0.01198753488,0.03528802308,-0.01413695347
9.604802401,-0.05167966786,0.01207490888,0.0355014157,-0.01420230563
9.642321161,-0.05198003858,0.01216254465,0.035714893,-0.01426737647
9.67983992,-0.05228036203,0.01225044157,0.03592844913,-0.0143321618
9.717358679,-0.05258062876,0.01233859901,0.03614207825,-0.01439665743
9.754877439,-0.05288082929,0.01242701635,0.03635577449,-0.01446085918
9.792396198,-0.05318095417,0.01251569297,0.03656953202,-0.01452476286
9.829914957,-0.05348099394,0.01260462823,0.03678334496,-0.01458836428
9.867433717,-0.05378093913,0.01269382152,0.03699720748,-0.01465165926
9.904952476,-0.05408078027,0.01278327221,0.03721111372,-0.0147146436
9.942471236,-0.05438050792,0.01287297966,0.03742505783,-0.01477731311
9.979989995,-0.0546801126,0.01296294326,0.03763903396,-0.01483966362
10.01750875,-0.05497958485,0.01305316239,0.03785303626,-0.01490169093
10.05502751,-0.05527891521,0.01314363641,0.03806705886,-0.01496339085
10.09254627,-0.05557809422,0.0132343647,0.03828109593,-0.01502475919
10.13006503,-0.05587711241,0.01332534663,0.03849514161,-0.01508579178
10.16758379,-0.05617596033,0.01341658159,0.03870919004,-0.01514648441
10.20510255,-0.0564746285,0.01350806894,0.03892323538,-0.0152068329
10.24262131,-0.05677310747,0.01359980805,0.03913727178,-0.01526683307
10.28014007,-0.05707138778,0.01369179832,0.03935129337,-0.01532648073
10.31765883,-0.05736945996,0.0137840391,0.03956529432,-0.01538577168
10.35517759,-0.05766731454,0.01387652977,0.03977926876,-0.01544470174
10.39269635,-0.05796494208,0.01396926972,0.03999321085,-0.01550326673
10.43021511,-0.05826233309,0.0140622583,0.04020711473,-0.01556146245
10.46773387,-0.05855947813,0.01415549491,0.04042097456,-0.01561928471
10.50525263,-0.05885636773,0.0142489789,0.04063478447,-0.01567672933
10.54277139,-0.05915299242,0.01434270966,0.04084853863,-0.01573379213
10.58029015,-0.05944934275,0.01443668657,0.04106223117,-0.0157904689
10.6178089,-0.05974540925,0.01453090898,0.04127585624,-0.01584675548
10.65532766,-0.06004118246,0.01462537629,0.041489408,-0.01590264765
10.69284642,-0.06033665291,0.01472008787,0.04170288058,-0.01595814125
10.73036518,-0.06063181115,0.01481504308,0.04191626815,-0.01601323208
10.76788394,-0.06092664771,0.01491024131,0.04212956484,-0.01606791595
10.8054027,-0.06122115313,0.01500568193,0.0423427648,-0.01612218867
10.84292146,-0.06151531794,0.01510136432,0.04255586219,-0.01617604606
10.88044022,-0.06180913269,0.01519728784,0.04276885115,-0.01622948393
10.91795898,-0.06210258791,0.01529345187,0.04298172582,-0.0162824981
10.95547774,-0.06239567414,0.0153898558,0.04319448037,-0.01633508436
10.9929965,-0.06268838191,0.01548649898,0.04340710892,-0.01638723854
11.03051526,-0.06298070177,0.01558338081,0.04361960565,-0.01643895645
11.06803402,-0.06327262425,0.01568050064,0.04383196468,-0.0164902339
11.10555278,-0.06356413988,0.01577785786,0.04404418017,-0.0165410667
11.14307154,-0.06385523921,0.01587545185,0.04425624626,-0.01659145066
11.1805903,-0.06414591278,0.01597328197,0.04446815712,-0.0166413816
11.21810905,-0.06443615111,0.0160713476,0.04467990687,-0.01669085532
11.25562781,-0.06472594476,0.01616964811,0.04489148968,-0.01673986765
11.29314657,-0.06501528425,0.01626818289,0.04510289968,-0.01678841439
11.33066533,-0.06530416012,0.0163669513,0.04531413104,-0.01683649135
11.36818409,-0.06559256291,0.01646595272,0.04552517788,-0.01688409434
11.40570285,-0.06588048316,0.01656518653,0.04573603437,-0.01693121919
11.44322161,-0.06616791141,0.01666465209,0.04594669466,-0.0169778617
11.48074037,-0.06645483819,0.01676434879,0.04615715288,-0.01702401767
11.51825913,-0.06674125404,0.01686427599,0.04636740319,-0.01706968294
11.55577789,-0.0670271495,0.01696443308,0.04657743973,-0.01711485329
11.59329665,-0.0673125151,0.01706481943,0.04678725666,-0.01715952456
11.63081541,-0.06759734138,0.0171654344,0.04699684812,-0.01720369255
11.66833417,-0.06788161889,0.01726627739,0.04720620826,-0.01724735307
11.70585293,-0.06816533815,0.01736734776,0.04741533123,-0.01729050194
11.74337169,-0.06844848971,0.01746864488,0.04762421117,-0.01733313496
11.78089045,-0.0687310641,0.01757016813,0.04783284223,-0.01737524795
11.8184092,-0.06901305186,0.01767191689,0.04804121857,-0.01741683672
11.85592796,-0.06929444353,0.01777389053,0.04824933433,-0.01745789708
11.89344672,-0.06957522964,0.01787608842,0.04845718366,-0.01749842485
11.93096548,-0.06985540074,0.01797850995,0.0486647607,-0.01753841584
11.96848424,-0.07013494735,0.01808115447,0.0488720596,-0.01757786586
12.006003,-0.07041386003,0.01818402138,0.04907907452,-0.01761677071
12.04352176,-0.07069212929,0.01828711004,0.0492857996,-0.01765512623
12.08104052,-0.07096974569,0.01839041983,0.04949222899,-0.0176929282
12.11855928,-0.07124669976,0.01849395012,0.04969835683,-0.01773017246
12.15607804,-0.07152298204,0.01859770029,0.04990417728,-0.0177668548
12.1935968,-0.07179858306,0.01870166971,0.05010968448,-0.01780297104
12.23111556,-0.07207349336,0.01880585776,0.05031487258,-0.017838517
12.26863432,-0.07234770348,0.01891026381,0.05051973573,-0.01787348849
12.30615308,-0.07262120396,0.01901488724,0.05072426807,-0.01790788131
12.34367184,-0.07289398533,0.01911972741,0.05092846376,-0.01794169128
12.3811906,-0.07316603814,0.01922478372,0.05113231694,-0.01797491422
12.41870935,-0.07343735291,0.01933005552,0.05133582176,-0.01800754592
12.45622811,-0.07370792019,0.0194355422,0.05153897238,-0.01803958222
12.49374687,-0.07397773052,0.01954124313,0.05174176292,-0.01807101891
12.53126563,-0.07424677443,0.01964715768,0.05194418756,-0.01810185182
12.56878439,-0.07451504245,0.01975328523,0.05214624042,-0.01813207674
12.60630315,-0.07478252514,0.01985962516,0.05234791567,-0.0181616895
12.64382191,-0.07504921301,0.01996617683,0.05254920744,-0.01819068591
12.68134067,-0.07531509662,0.02007293962,0.0527501099,-0.01821906177
12.71885943,-0.0755801665,0.02017991292,0.05295061718,-0.01824681291
12.75637819,-0.07584441318,0.02028709609,0.05315072343,-0.01827393513
12.79389695,-0.07610782721,0.0203944885,0.0533504228,-0.01830042424
12.83141571,-0.07637039912,0.02050208953,0.05354970944,-0.01832627606
12.86893447,-0.07663211945,0.02060989857,0.0537485775,-0.0183514864
12.90645323,-0.07689297873,0.02071791497,0.05394702112,-0.01837605107
12.94397199,-0.07715296751,0.02082613812,0.05414503446,-0.01839996589
12.98149075,-0.07741207632,0.02093456739,0.05434261166,-0.01842322666
13.0190095,-0.07767029569,0.02104320215,0.05453974687,-0.01844582919
13.05652826,-0.07792761618,0.02115204178,0.05473643423,-0.01846776931
13.09404702,-0.0781840283,0.02126108566,0.05493266791,-0.01848904281
13.13156578,-0.07843952261,0.02137033316,0.05512844203,-0.01850964553
13.16908454,-0.07869408964,0.02147978365,0.05532375076,-0.01852957325
13.2066033,-0.07894771992,0.02158943651,0.05551858823,-0.01854882181
13.24412206,-0.07920040399,0.02169929111,0.05571294861,-0.018567387
13.28164082,-0.0794521324,0.02180934683,0.05590682603,-0.01858526464
13.31915958,-0.07970289567,0.02191960305,0.05610021464,-0.01860245055
13.35667834,-0.07995268435,0.02203005913,0.0562931086,-0.01861894054
13.3941971,-0.08020148898,0.02214071445,0.05648550205,-0.01863473041
13.43171586,-0.08044930008,0.02225156839,0.05667738913,-0.01864981599
13.46923462,-0.0806961082,0.02236262032,0.056868764,-0.01866419307
13.50675338,-0.08094190388,0.02247386961,0.05705962081,-0.01867785748
13.54427214,-0.08118667765,0.02258531565,0.05724995369,-0.01869080503
13.5817909,-0.08143042005,0.0226969578,0.05743975681,-0.01870303152
13.61930965,-0.08167312162,0.02280879544,0.05762902431,-0.01871453278
13.65682841,-0.08191477289,0.02292082795,0.05781775033,-0.0187253046
13.69434717,-0.08215536441,0.02303305469,0.05800592902,-0.01873534282
13.73186593,-0.08239488671,0.02314547505,0.05819355454,-0.01874464323
13.76938469,-0.08263333032,0.0232580884,0.05838062103,-0.01875320164
13.80690345,-0.08287068579,0.02337089411,0.05856712264,-0.01876101388
13.84442221,-0.08310694366,0.02348389156,0.05875305352,-0.01876807575
13.88194097,-0.08334209445,0.02359708012,0.05893840781,-0.01877438307
13.91945973,-0.08357612871,0.02371045916,0.05912317966,-0.01877993164
13.95697849,-0.08380903697,0.02382402807,0.05930736322,-0.01878471729
13.99449725,-0.08404080978,0.02393778622,0.05949095264,-0.01878873581
14.03201601,-0.08427143767,0.02405173298,0.05967394207,-0.01879198303
14.06953477,-0.08450091117,0.02416586772,0.05985632566,-0.01879445475
14.10705353,-0.08472922083,0.02428018983,0.06003809754,-0.01879614679
14.14457229,-0.08495635719,0.02439469867,0.06021925188,-0.01879705496
14.18209105,-0.08518231077,0.02450939362,0.06039978282,-0.01879717507
14.2196098,-0.08540707212,0.02462427405,0.0605796845,-0.01879650294
14.25712856,-0.08563063177,0.02473933935,0.06075895108,-0.01879503437
14.29464732,-0.08585298027,0.02485458887,0.0609375767,-0.01879276518
14.33216608,-0.08607410814,0.02497002201,0.06111555552,-0.01878969117
14.36968484,-0.08629400593,0.02508563813,0.06129288167,-0.01878580817
14.4072036,-0.08651266418,0.02520143661,0.06146954931,-0.01878111199
14.44472236,-0.08673007342,0.02531741682,0.06164555259,-0.01877559843
14.48224112,-0.08694622419,0.02543357813,0.06182088565,-0.01876926331
14.51975988,-0.08716110702,0.02554991993,0.06199554264,-0.01876210244
14.55727864,-0.08737471246,0.02566644159,0.06216951771,-0.01875411163
14.5947974,-0.08758703104,0.02578314248,0.06234280501,-0.01874528669
14.63231616,-0.0877980533,0.02590002197,0.06251539868,-0.01873562345
14.66983492,-0.08800776978,0.02601707945,0.06268729288,-0.0187251177
14.70735368,-0.08821617101,0.02613431428,0.06285848175,-0.01871376526
14.74487244,-0.08842324753,0.02625172584,0.06302895944,-0.01870156194
14.7823912,-0.08862898988,0.0263693135,0.0631987201,-0.01868850356
14.81990995,-0.0888333886,0.02648707665,0.06336775787,-0.01867458593
14.85742871,-0.08903643423,0.02660501464,0.06353606691,-0.01865980485
14.89494747,-0.08923811729,0.02672312687,0.06370364136,-0.01864415615
14.93246623,-0.08943842833,0.0268414127,0.06387047537,-0.01862763562
14.96998499,-0.08963735789,0.02695987151,0.06403656309,-0.0186102391
15.00750375,-0.0898348965,0.02707850267,0.06420189867,-0.01859196238
15.04502251,-0.09003103471,0.02719730556,0.06436647625,-0.01857280128
15.08254127,-0.09022576304,0.02731627955,0.06453028998,-0.01855275161
15.12006003,-0.09041907204,0.02743542402,0.06469333401,-0.01853180919
15.15757879,-0.09061095224,0.02755473834,0.06485560249,-0.01850996982
15.19509755,-0.09080139418,0.02767422188,0.06501708957,-0.01848722932
15.23261631,-0.0909903884,0.02779387403,0.06517778939,-0.01846358349
15.27013507,-0.09117792544,0.02791369415,0.0653376961,-0.01843902816
15.30765383,-0.09136399583,0.02803368162,0.06549680386,-0.01841355914
15.34517259,-0.09154859011,0.02815383582,0.0656551068,-0.01838717223
15.38269135,-0.09173169882,0.02827415611,0.06581259908,-0.01835986324
15.42021011,-0.0919133125,0.02839464188,0.06596927485,-0.018331628
15.45772886,-0.09209342168,0.0285152925,0.06612512825,-0.01830246231
15.49524762,-0.0922720169,0.02863610734,0.06628015342,-0.01827236198
15.53276638,-0.0924490887,0.02875708578,0.06643434453,-0.01824132283
15.57028514,-0.09262462761,0.0288782272,0.06658769572,-0.01820934067
15.6078039,-0.09279862418,0.02899953096,0.06674020113,-0.01817641131
15.64532266,-0.09297106894,0.02912099644,0.06689185491,-0.01814253056
15.68284142,-0.09314195242,0.02924262302,0.06704265122,-0.01810769424
15.72036018,-0.09331126517,0.02936441007,0.06719258419,-0.01807189815
15.75787894,-0.09347899773,0.02948635697,0.06734164798,-0.01803513811
15.7953977,-0.09364514062,0.02960846309,0.06748983674,-0.01799740993
15.83291646,-0.09380968439,0.02973072781,0.06763714461,-0.01795870943
15.87043522,-0.09397261958,0.02985315049,0.06778356574,-0.01791903241
15.90795398,-0.09413393672,0.02997573052,0.06792909428,-0.01787837468
15.94547274,-0.09429362635,0.03009846727,0.06807372438,-0.01783673207
15.9829915,-0.09445167901,0.03022136011,0.06821745018,-0.01779410037
16.02051026,-0.09460808523,0.03034440842,0.06836026584,-0.01775047541
16.05802901,-0.09476283556,0.03046761158,0.0685021655,-0.017705853
16.09554777,-0.09491592052,0.03059096895,0.06864314331,-0.01766022894
16.13306653,-0.09506733067,0.03071447992,0.06878319342,-0.01761359905
16.17058529,-0.09521705652,0.03083814386,0.06892230997,-0.01756595915
16.20810405,-0.09536508863,0.03096196013,0.06906048712,-0.01751730504
16.24562281,-0.09551141753,0.03108592813,0.06919771901,-0.01746763253
16.28314157,-0.09565603376,0.03121004721,0.06933399979,-0.01741693744
16.32066033,-0.09579892785,0.03133431677,0.0694693236,-0.01736521558
16.35817909,-0.09594009035,0.03145873616,0.06960368461,-0.01731246276
16.39569785,-0.09607951178,0.03158330477,0.06973707695,-0.0172586748
16.43321661,-0.09621718269,0.03170802197,0.06986949477,-0.0172038475
16.47073537,-0.09635309362,0.03183288713,0.07000093222,-0.01714797668
16.50825413,-0.0964872351,0.03195789964,0.07013138344,-0.01709105815
16.54577289,-0.09661959766,0.03208305885,0.0702608426,-0.01703308773
16.58329165,-0.09675017186,0.03220836416,0.07038930383,-0.01697406121
16.62081041,-0.09687894822,0.03233381493,0.07051676128,-0.01691397443
16.65832916,-0.09700591728,0.03245941054,0.0706432091,-0.01685282318
16.69584792,-0.09713106958,0.03258515036,0.07076864144,-0.01679060328
16.73336668,-0.09725439565,0.03271103377,0.07089305245,-0.01672731055
16.77088544,-0.09737588604,0.03283706015,0.07101643628,-0.01666294079
16.8084042,-0.09749553129,0.03296322886,0.07113878706,-0.01659748981
16.84592296,-0.09761332192,0.03308953928,0.07126009896,-0.01653095344
16.88344172,-0.09772924848,0.03321599078,0.07138036611,-0.01646332748
16.92096048,-0.0978433015,0.03334258275,0.07149958267,-0.01639460774
16.95847924,-0.09795547152,0.03346931456,0.07161774279,-0.01632479003
16.995998,-0.09806574908,0.03359618557,0.07173484061,-0.01625387017
17.03351676,-0.09817412472,0.03372319517,0.07185087028,-0.01618184397
17.07103552,-0.09828058898,0.03385034273,0.07196582595,-0.01610870725
17.10855428,-0.09838513238,0.03397762763,0.07207970177,-0.0160344558
17.14607304,-0.09848774547,0.03410504923,0.07219249188,-0.01595908545
17.1835918,-0.09858841879,0.03423260692,0.07230419044,-0.01588259201
17.22111056,-0.09868714288,0.03436030006,0.07241479159,-0.01580497129
17.25862931,-0.09878390826,0.03448812804,0.07252428947,-0.0157262191
17.29614807,-0.09887870548,0.03461609023,0.07263267825,-0.01564633125
17.33366683,-0.09897152508,0.034744186,0.07273995206,-0.01556530356
17.37118559,-0.09906235759,0.03487241473,0.07284610505,-0.01548313184
17.40870435,-0.09915119356,0.03500077579,0.07295113137,-0.0153998119
17.44622311,-0.09923802351,0.03512926855,0.07305502518,-0.01531533955
17.48374187,-0.09932283799,0.0352578924,0.07315778061,-0.0152297106
17.52126063,-0.09940562753,0.0353866467,0.07325939182,-0.01514292087
17.55877939,-0.09948638267,0.03551553083,0.07335985295,-0.01505496617
17.59629815,-0.09956509395,0.03564454417,0.07345915815,-0.01496584231
17.63381691,-0.09964175191,0.03577368609,0.07355730158,-0.0148755451
17.67133567,-0.09971634708,0.03590295596,0.07365427737,-0.01478407035
17.70885443,-0.09978886999,0.03603235316,0.07375007968,-0.01469141388
17.74637319,-0.0998593112,0.03616187706,0.07384470265,-0.01459757151
17.78389195,-0.09992766124,0.03629152705,0.07393814043,-0.01450253903
17.82141071,-0.09999391063,0.03642130249,0.07403038718,-0.01440631226
17.85892946,-0.1000580499,0.03655120275,0.07412143703,-0.01430888702
17.89644822,-0.1001200697,0.03668122722,0.07421128414,-0.01421025912
17.93396698,-0.1001799604,0.03681137526,0.07429992265,-0.01411042436
17.97148574,-0.1002377126,0.03694164626,0.07438734672,-0.01400937857
18.0090045,-0.1002933169,0.03707203958,0.07447355048,-0.01390711754
18.04652326,-0.1003467637,0.03720255461,0.0745585281,-0.01380363711
18.08404202,-0.1003980437,0.03733319071,0.07464227371,-0.01369893307
18.12156078,-0.1004471474,0.03746394726,0.07472478146,-0.01359300124
18.15907954,-0.1004940652,0.03759482364,0.07480604551,-0.01348583743
18.1965983,-0.1005387878,0.03772581921,0.07488606,-0.01337743746
18.23411706,-0.1005813057,0.03785693336,0.07496481908,-0.01326779713
18.27163582,-0.1006216093,0.03798816547,0.07504231689,-0.01315691226
18.30915458,-0.1006596894,0.03811951489,0.07511854759,-0.01304477866
18.34667334,-0.1006955363,0.03825098101,0.07519350532,-0.01293139214
18.3841921,-0.1007291406,0.03838256321,0.07526718424,-0.01281674851
18.42171086,-0.1007604929,0.03851426085,0.07533957848,-0.01270084359
18.45922961,-0.1007895837,0.03864607332,0.0754106822,-0.01258367319
18.49674837,-0.1008164035,0.03877799999,0.07548048954,-0.01246523312
18.53426713,-0.1008409429,0.03891004022,0.07554899466,-0.01234551919
18.57178589,-0.1008631925,0.03904219341,0.0756161917,-0.01222452722
18.60930465,-0.1008831426,0.03917445891,0.07568207481,-0.01210225301
18.64682341,-0.100900784,0.03930683611,0.07574663813,-0.01197869238
18.68434217,-0.1009161071,0.03943932438,0.07580987582,-0.01185384114
18.72186093,-0.1009291024,0.0395719231,0.07587178203,-0.0117276951
18.75937969,-0.1009397606,0.03970463164,0.07593235089,-0.01160025008
18.79689845,-0.1009480721,0.03983744937,0.07599157657,-0.01147150188
18.83441721,-0.1009540274,0.03997037567,0.0760494532,-0.01134144633
18.87193597,-0.1009576172,0.04010340992,0.07610597494,-0.01121007922
18.90945473,-0.1009588319,0.04023655148,0.07616113593,-0.01107739638
18.94697349,-0.1009576621,0.04036979974,0.07621493033,-0.01094339361
18.98449225,-0.1009540983,0.04050315406,0.07626735227,-0.01080806673
19.02201101,-0.1009481311,0.04063661383,0.07631839591,-0.01067141155
19.05952976,-0.100939751,0.04077017842,0.0763680554,-0.01053342388
19.09704852,-0.1009289485,0.0409038472,0.07641632488,-0.01039409953
19.13456728,-0.1009157142,0.04103761954,0.0764631985,-0.01025343432
19.17208604,-0.1009000386,0.04117149483,0.07650867042,-0.01011142405
19.2096048,-0.1008819123,0.04130547243,0.07655273477,-0.009968064548
19.24712356,-0.1008613257,0.04143955172,0.07659538571,-0.009823351615
19.28464232,-0.1008382695,0.04157373208,0.07663661738,-0.009677281065
19.32216108,-0.1008127341,0.04170801288,0.07667642393,-0.009529848711
19.35967984,-0.1007847102,0.0418423935,0.07671479952,-0.009381050365
19.3971986,-0.1007541881,0.0419768733,0.07675173828,-0.009230881839
19.43471736,-0.1007211586,0.04211145167,0.07678723437,-0.009079338945
19.47223612,-0.100685612,0.04224612797,0.07682128194,-0.008926417494
19.50975488,-0.100647539,0.04238090159,0.07685387512,-0.0087721133
19.54727364,-0.1006069301,0.0425157719,0.07688500808,-0.008616422174
19.5847924,-0.1005637758,0.04265073827,0.07691467496,-0.008459339929
19.62231116,-0.1005180667,0.04278580008,0.0769428699,-0.008300862375
19.65982991,-0.1004697933,0.0429209567,0.07696958705,-0.008140985327
19.69734867,-0.1004189461,0.04305620751,0.07699482057,-0.007979704594
19.73486743,-0.1003655156,0.04319155188,0.07701856461,-0.00781701599
19.77238619,-0.1003094925,0.04332698919,0.0770408133,-0.007652915327
19.80990495,-0.1002508673,0.0434625188,0.07706156079,-0.007487398417
19.84742371,-0.1001896304,0.0435981401,0.07708080124,-0.007320461071
19.88494247,-0.1001257724,0.04373385247,0.0770985288,-0.007152099102
19.92246123,-0.1000592839,0.04386965526,0.0771147376,-0.006982308322
19.95997999,-0.09999015543,0.04400554787,0.07712942181,-0.006811084543
19.99749875,-0.09991837747,0.04414152966,0.07714257556,-0.006638423577
20.03501751,-0.09984394058,0.04427760001,0.07715419301,-0.006464321237
20.07253627,-0.0997668353,0.0444137583,0.0771642683,-0.006288773333
20.11005503,-0.09968705217,0.04455000389,0.07717279558,-0.006111775679
20.14757379,-0.09960458173,0.04468633616,0.077179769,-0.005933324086
20.18509255,-0.09951941451,0.0448227545,0.07718518271,-0.005753414367
20.22261131,-0.09943154104,0.04495925826,0.07718903086,-0.005572042333
20.26013007,-0.09934095188,0.04509584683,0.07719130759,-0.005389203797
20.29764882,-0.09924763755,0.04523251959,0.07719200705,-0.005204894571
20.33516758,-0.09915158859,0.0453692759,0.07719112339,-0.005019110466
20.37268634,-0.09905279555,0.04550611514,0.07718865075,-0.004831847295
20.4102051,-0.09895124895,0.04564303669,0.0771845833,-0.00464310087
20.44772386,-0.09884693933,0.04578003991,0.07717891516,-0.004452867003
20.48524262,-0.09873985724,0.04591712419,0.0771716405,-0.004261141506
20.52276138,-0.09862999321,0.04605428891,0.07716275346,-0.004067920191
20.56028014,-0.09851733777,0.04619153342,0.07715224819,-0.00387319887
20.5977989,-0.09840188147,0.04632885712,0.07714011883,-0.003676973356
20.63531766,-0.09828361485,0.04646625937,0.07712635954,-0.00347923946
20.67283642,-0.09816252843,0.04660373955,0.07711096446,-0.003279992994
20.71035518,-0.09803861276,0.04674129703,0.07709392774,-0.003079229771
20.74787394,-0.09791185837,0.04687893118,0.07707524352,-0.002876945602
20.7853927,-0.0977822558,0.0470166414,0.07705490597,-0.0026731363
20.82291146,-0.0976497956,0.04715442703,0.07703290922,-0.002467797677
20.86043022,-0.09751446829,0.04729228747,0.07700924742,-0.002260925544
20.89794897,-0.09737626442,0.04743022209,0.07698391472,-0.002052515715
20.93546773,-0.09723517452,0.04756823026,0.07695690527,-0.001842564
20.97298649,-0.09709118912,0.04770631135,0.07692821321,-0.001631066212
21.01050525,-0.09694429878,0.04784446474,0.07689783271,-0.001418018164
21.04802401,-0.09679449402,0.04798268981,0.07686575789,-0.001203415666
21.08554277,-0.09664176538,0.04812098593,0.07683198291,-0.0009872545321
21.12306153,-0.0964861034,0.04825935247,0.07679650193,-0.0007695305732
21.16058029,-0.09632749861,0.04839778881,0.07675930908,-0.0005502396017
21.19809905,-0.09616594156,0.04853629433,0.07672039851,-0.0003293774296
21.23561781,-0.09600142279,0.0486748684,0.07667976438,-0.000106939869
21.27313657,-0.09583393282,0.04881351038,0.07663740083,0.0001170772679
21.31065533,-0.09566346219,0.04895221967,0.076593302,0.0003426781692
21.34817409,-0.09549000146,0.04909099563,0.07654746206,0.0005698670227
21.38569285,-0.09531354114,0.04922983763,0.07649987514,0.0007986480164
21.42321161,-0.09513407178,0.04936874506,0.07645053539,0.001029025338
21.46073037,-0.09495158392,0.04950771728,0.07639943697,0.001261003176
21.49824912,-0.09476606809,0.04964675368,0.07634657401,0.001494585718
21.53576788,-0.09457751483,0.04978585362,0.07629194067,0.001729777151
21.57328664,-0.09438591468,0.04992501648,0.0762355311,0.001966581665
21.6108054,-0.09419125818,0.05006424164,0.07617733944,0.002205003446
21.64832416,-0.09399353586,0.05020352846,0.07611735984,0.002445046683
21.68584292,-0.09379273826,0.05034287633,0.07605558645,0.002686715563
21.72336168,-0.09358885592,0.05048228462,0.07599201342,0.002930014275
21.76088044,-0.09338187938,0.05062175271,0.07592663489,0.003174947007
21.7983992,-0.09317179917,0.05076127996,0.07585944502,0.003421517945
21.83591796,-0.09295860583,0.05090086576,0.07579043795,0.003669731279
21.87343672,-0.0927422899,0.05104050947,0.07571960783,0.003919591197
21.91095548,-0.09252284191,0.05118021048,0.07564694881,0.004171101885
21.94847424,-0.09230025241,0.05131996815,0.07557245503,0.004424267532
21.985993,-0.09207451193,0.05145978187,0.07549612065,0.004679092327
22.02351176,-0.091845611,0.051599651,0.07541793981,0.004935580456
22.06103052,-0.09161354018,0.05173957492,0.07533790666,0.005193736108
22.09854927,-0.09137828998,0.05187955301,0.07525601535,0.005453563471
22.13606803,-0.09113985096,0.05201958464,0.07517226002,0.005715066733
22.17358679,-0.09089821364,0.05215966919,0.07508663483,0.005978250081
22.21110555,-0.09065336857,0.05229980602,0.07499913392,0.006243117704
22.24862431,-0.09040530628,0.05243999452,0.07490975144,0.006509673789
22.28614307,-0.09015401731,0.05258023406,0.07481848154,0.006777922525
22.32366183,-0.0898994922,0.05272052402,0.07472531837,0.007047868099
22.36118059,-0.08964172149,0.05286086376,0.07463025607,0.007319514699
22.39869935,-0.0893806957,0.05300125267,0.07453328879,0.007592866514
22.43621811,-0.08911640539,0.05314169011,0.07443441068,0.00786792773
22.47373687,-0.08884884109,0.05328217547,0.07433361589,0.008144702537
22.51125563,-0.08857799333,0.05342270811,0.07423089857,0.008423195121
22.54877439,-0.08830385265,0.05356328742,0.07412625287,0.008703409672
22.58629315,-0.08802640959,0.05370391276,0.07401967292,0.008985350376
22.62381191,-0.08774565469,0.05384458351,0.07391115289,0.009269021422
22.66133067,-0.08746157849,0.05398529905,0.07380068692,0.009554426997
22.69884942,-0.08717417152,0.05412605875,0.07368826915,0.00984157129
22.73636818,-0.08688342431,0.05426686199,0.07357389374,0.01013045849
22.77388694,-0.08658932742,0.05440770814,0.07345755483,0.01042109278
22.8114057,-0.08629187137,0.05454859657,0.07333924657,0.01071347835
22.84892446,-0.0859910467,0.05468952666,0.07321896311,0.0110076194
22.88644322,-0.08568684395,0.05483049778,0.0730966986,0.0113035201
22.92396198,-0.08537925366,0.05497150932,0.07297244719,0.01160118464
22.96148074,-0.08506826636,0.05511256063,0.07284620301,0.01190061722
22.9989995,-0.0847538726,0.05525365111,0.07271796023,0.01220182202
23.03651826,-0.0844360629,0.05539478012,0.07258771299,0.01250480323
23.07403702,-0.08411482781,0.05553594703,0.07245545544,0.01280956503
23.11155578,-0.08379015787,0.05567715123,0.07232118172,0.01311611162
23.14907454,-0.0834620436,0.05581839209,0.07218488598,0.01342444718
23.1865933,-0.08313047556,0.05595966897,0.07204656238,0.01373457591
23.22411206,-0.08279544427,0.05610098126,0.07190620505,0.01404650198
23.26163082,-0.08245694028,0.05624232834,0.07176380816,0.01436022959
23.29914957,-0.08211495412,0.05638370956,0.07161936584,0.01467576292
23.33666833,-0.08176947633,0.05652512432,0.07147287224,0.01499310616
23.37418709,-0.08142049744,0.05666657199,0.07132432152,0.01531226351
23.41170585,-0.081068008,0.05680805193,0.07117370781,0.01563323914
23.44922461,-0.08071199854,0.05694956353,0.07102102528,0.01595603725
23.48674337,-0.0803524596,0.05709110615,0.07086626806,0.01628066202
23.52426213,-0.07998938171,0.05723267918,0.0707094303,0.01660711765
23.56178089,-0.07962275542,0.05737428199,0.07055050616,0.01693540831
23.59929965,-0.07925257126,0.05751591395,0.07038948977,0.01726553821
23.63681841,-0.07887881977,0.05765757444,0.0702263753,0.01759751152
23.67433717,-0.07850149149,0.05779926283,0.07006115688,0.01793133243
23.71185593,-0.07812057694,0.0579409785,0.06989382866,0.01826700513
23.74937469,-0.07773606668,0.05808272082,0.0697243848,0.01860453382
23.78689345,-0.07734795124,0.05822448916,0.06955281944,0.01894392267
23.82441221,-0.07695622116,0.05836628291,0.06937912672,0.01928517587
23.86193097,-0.07656086697,0.05850810143,0.06920330081,0.01962829762
23.89944972,-0.0761618792,0.05864994411,0.06902533584,0.0199732921
23.93696848,-0.07575924841,0.0587918103,0.06884522596,0.0203201635
23.97448724,-0.07535296512,0.0589336994,0.06866296532,0.02066891601
24.012006,-0.07494301988,0.05907561077,0.06847854807,0.02101955381
24.04952476,-0.07452940322,0.05921754379,0.06829196836,0.02137208109
24.08704352,-0.07411210567,0.05935949784,0.06810322033,0.02172650205
24.12456228,-0.07369111779,0.05950147228,0.06791229813,0.02208282086
24.16208104,-0.07326643009,0.05964346649,0.06771919592,0.02244104173
24.1995998,-0.07283803312,0.05978547986,0.06752390783,0.02280116882
24.23711856,-0.07240591743,0.05992751174,0.06732642802,0.02316320634
24.27463732,-0.07197007354,0.06006956152,0.06712675064,0.02352715847
24.31215608,-0.07153049199,0.06021162858,0.06692486983,0.0238930294
24.34967484,-0.07108716332,0.06035371228,0.06672077974,0.02426082331
24.3871936,-0.07064007807,0.060495812,0.06651447453,0.0246305444
24.42471236,-0.07018922677,0.06063792712,0.06630594832,0.02500219685
24.46223112,-0.06973459997,0.06078005701,0.06609519529,0.02537578485
24.49974987,-0.0692761882,0.06092220104,0.06588220956,0.02575131258
24.53726863,-0.06881398199,0.06106435859,0.0656669853,0.02612878425
24.57478739,-0.06834797189,0.06120652904,0.06544951665,0.02650820402
24.61230615,-0.06787814844,0.06134871175,0.06522979776,0.0268895761
24.64982491,-0.06740450216,0.06149090611,0.06500782277,0.02727290467
24.68734367,-0.0669270236,0.06163311149,0.06478358584,0.02765819392
24.72486243,-0.0664457033,0.06177532726,0.0645570811,0.02804544803
24.76238119,-0.06596053179,0.0619175528,0.06432830272,0.0284346712
24.79989995,-0.0654714996,0.06205978748,0.06409724483,0.02882586761
24.83741871,-0.06497859729,0.06220203068,0.0638639016,0.02921904144
24.87493747,-0.06448181538,0.06234428177,0.06362826715,0.0296141969
24.91245623,-0.06398114441,0.06248654013,0.06339033565,0.03001133816
24.94997499,-0.06347657493,0.06262880512,0.06315010124,0.03041046941
24.98749375,-0.06296809746,0.06277107614,0.06290755806,0.03081159484
25.02501251,-0.06245662842,0.06291276739,0.06266329107,0.03121330478
25.06253127,-0.06194517428,0.06305198024,0.06241921806,0.0316110124
25.10005003,-0.06143397146,0.0631885756,0.06217548835,0.03200437709
25.13756878,-0.06092302518,0.06332256085,0.06193210371,0.03239341183
25.17508754,-0.06041234067,0.06345394336,0.06168906592,0.03277812963
25.2126063,-0.05990192317,0.06358273049,0.06144637675,0.03315854347
25.25012506,-0.0593917779,0.06370892963,0.06120403797,0.03353466636
25.28764382,-0.05888191008,0.06383254812,0.06096205134,0.0339065113
25.32516258,-0.05837232495,0.06395359336,0.06072041865,0.03427409127
25.36268134,-0.05786302772,0.06407207269,0.06047914166,0.03463741927
25.4002001,-0.05735402364,0.0641879935,0.06023822214,0.03499650831
25.43771886,-0.05684531793,0.06430136315,0.05999766187,0.03535137138
25.47523762,-0.05633691581,0.06441218902,0.05975746262,0.03570202147
25.51275638,-0.05582882251,0.06452047846,0.05951762615,0.03604847158
25.55027514,-0.05532104327,0.06462623885,0.05927815424,0.0363907347
25.5877939,-0.0548135833,0.06472947756,0.05903904866,0.03672882385
25.62531266,-0.05430644784,0.06483020196,0.05880031119,0.037062752
25.66283142,-0.05379964211,0.06492841942,0.05856194359,0.03739253216
25.70035018,-0.05329317135,0.0650241373,0.05832394763,0.03771817732
25.73786893,-0.05278704077,0.06511736298,0.05808632509,0.03803970048
25.77538769,-0.05228125561,0.06520810382,0.05784907773,0.03835711464
25.81290645,-0.05177582109,0.0652963672,0.05761220733,0.0386704328
25.85042521,-0.05127074245,0.06538216048,0.05737571567,0.03897966794
25.88794397,-0.0507660249,0.06546549103,0.0571396045,0.03928483306
25.92546273,-0.05026167368,0.06554636622,0.05690387561,0.03958594117
25.96298149,-0.04975769402,0.06562479342,0.05666853076,0.03988300526
26.00050025,-0.04925409114,0.06570078,0.05643357173,0.04017603833
26.03801901,-0.04875087027,0.06577433333,0.05619900028,0.04046505336
26.07553777,-0.04824803664,0.06584546077,0.05596481819,0.04075006336
26.11305653,-0.04774559548,0.06591416971,0.05573102723,0.04103108133
26.15057529,-0.04724355201,0.0659804675,0.05549762917,0.04130812026
26.18809405,-0.04674191146,0.06604436151,0.05526462578,0.04158119315
26.22561281,-0.04624067906,0.06610585912,0.05503201883,0.04185031299
26.26313157,-0.04573986003,0.06616496769,0.0547998101,0.04211549278
26.30065033,-0.04523945962,0.06622169459,0.05456800136,0.04237674552
26.33816908,-0.04473948303,0.0662760472,0.05433659437,0.0426340842
26.37568784,-0.0442399355,0.06632803287,0.05410559091,0.04288752182
26.4132066,-0.04374082226,0.06637765899,0.05387499275,0.04313707138
26.45072536,-0.04324214854,0.06642493291,0.05364480166,0.04338274588
26.48824412,-0.04274391955,0.06646986201,0.05341501941,0.0436245583
26.52576288,-0.04224614054,0.06651245366,0.05318564778,0.04386252165
26.56328164,-0.04174881673,0.06655271523,0.05295668853,0.04409664892
26.6008004,-0.04125195334,0.06659065408,0.05272814344,0.0443269531
26.63831916,-0.04075555561,0.06662627758,0.05250001427,0.04455344721
26.67583792,-0.04025962876,0.06665959311,0.05227230281,0.04477614423
26.71335668,-0.03976417802,0.06669060804,0.05204501081,0.04499505715
26.75087544,-0.03926920861,0.06671932972,0.05181814006,0.04521019898
26.7883942,-0.03877472577,0.06674576554,0.05159169232,0.04542158271
26.82591296,-0.03828073472,0.06676992285,0.05136566936,0.04562922134
26.86343172,-0.03778724069,0.06679180904,0.05114007296,0.04583312787
26.90095048,-0.03729424891,0.06681143146,0.05091490489,0.04603331528
26.93846923,-0.0368017646,0.06682879749,0.05069016691,0.04622979658
26.97598799,-0.036309793,0.0668439145,0.05046586081,0.04642258477
27.01350675,-0.03581833933,0.06685678985,0.05024198834,0.04661169283
27.05102551,-0.03532740881,0.06686743092,0.05001855129,0.04679713378
27.08854427,-0.03483700668,0.06687584508,0.04979555142,0.04697892059
27.12606303,-0.03434713817,0.06688203969,0.04957299051,0.04715706628
27.16358179,-0.0338578085,0.06688602212,0.04935087032,0.04733158383
27.20110055,-0.03336902289,0.06688779974,0.04912919263,0.04750248625
27.23861931,-0.03288078658,0.06688737992,0.04890795921,0.04766978652
27.27613807,-0.0323931048,0.06688477003,0.04868717183,0.04783349765
27.31365683,-0.03190598277,0.06687997744,0.04846683226,0.04799363263
27.35117559,-0.03141942572,0.06687300952,0.04824694227,0.04815020446
27.38869435,-0.03093343888,0.06686387364,0.04802750364,0.04830322614
27.42621311,-0.03044802747,0.06685257716,0.04780851813,0.04845271066
27.46373187,-0.02996319672,0.06683912746,0.04758998752,0.04859867101
27.50125063,-0.02947895187,0.06682353191,0.04737191358,0.0487411202
27.53876938,-0.02899529814,0.06680579787,0.04715429808,0.04888007122
27.57628814,-0.02851224075,0.06678593271,0.04693714279,0.04901553707
27.6138069,-0.02802978493,0.0667639438,0.04672044948,0.04914753075
27.65132566,-0.02754793592,0.06673983852,0.04650421992,0.04927606524
27.68884442,-0.02706669893,0.06671362422,0.04628845589,0.04940115355
27.72636318,-0.0265860792,0.06668530829,0.04607315916,0.04952280867
27.76388194,-0.02610608196,0.06665489808,0.04585833149,0.04964104361
27.8014007,-0.02562671243,0.06662240097,0.04564397466,0.04975587135
27.83891946,-0.02514797584,0.06658782433,0.04543009044,0.04986730489
27.87643822,-0.02466987741,0.06655117553,0.04521668061,0.04997535723
27.91395698,-0.02419242238,0.06651246193,0.04500374692,0.05008004137
27.95147574,-0.02371561598,0.0664716909,0.04479129116,0.0501813703
27.9889945,-0.02323946343,0.06642886982,0.0445793151,0.05027935702
28.02651326,-0.02276396995,0.06638400606,0.0443678205,0.05037401453
28.06403202,-0.02228914078,0.06633710697,0.04415680914,0.05046535582
28.10155078,-0.02181498114,0.06628817993,0.04394628279,0.05055339388
28.13906953,-0.02134149627,0.06623723232,0.04373624322,0.05063814172
28.17658829,-0.02086869138,0.06618427149,0.04352669221,0.05071961234
28.21410705,-0.02039657172,0.06612930483,0.04331763151,0.05079781872
28.25162581,-0.01992514249,0.06607233969,0.04310906291,0.05087277386
28.28914457,-0.01945440894,0.06601338344,0.04290098818,0.05094449076
28.32666333,-0.01898437629,0.06595244347,0.04269340908,0.05101298243
28.36418209,-0.01851504977,0.06588952712,0.0424863274,0.05107826184
28.40170085,-0.0180464346,0.06582464179,0.04227974489,0.05114034201
28.43921961,-0.01757853601,0.06575779482,0.04207366333,0.05119923592
28.47673837,-0.01711135924,0.0656889936,0.0418680845,0.05125495658
28.51425713,-0.0166449095,0.06561824549,0.04166301016,0.05130751697
28.55177589,-0.01617919203,0.06554555786,0.04145844209,0.0513569301
28.58929465,-0.01571421206,0.06547093808,0.04125438205,0.05140320897
28.62681341,-0.0152499748,0.06539439352,0.04105083182,0.05144636656
28.66433217,-0.0147864855,0.06531593155,0.04084779317,0.05148641588
28.70185093,-0.01432374937,0.06523555953,0.04064526788,0.05152336992
28.73936968,-0.01386177165,0.06515328484,0.0404432577,0.05155724168
28.77688844,-0.01340055756,0.06506911485,0.04024176442,0.05158804415
28.8144072,-0.01294011233,0.06498305692,0.0400407898,0.05161579034
28.85192596,-0.01248044118,0.06489511843,0.03984033561,0.05164049323
28.88944472,-0.01202154936,0.06480530674,0.03964040364,0.05166216583
28.92696348,-0.01156344207,0.06471362922,0.03944099564,0.05168082113
28.96448224,-0.01110612456,0.06462009324,0.03924211339,0.05169647213
29.002001,-0.01064960204,0.06452470617,0.03904375867,0.05170913182
29.03951976,-0.01019387975,0.06442747538,0.03884593323,0.0517188132
29.07703852,-0.00973896292,0.06432840824,0.03864863887,0.05172552927
29.11455728,-0.009284856767,0.06422751212,0.03845187733,0.05172929302
29.15207604,-0.008831566523,0.06412479439,0.0382556504,0.05173011745
29.1895948,-0.008379097416,0.06402026241,0.03805995985,0.05172801556
29.22711356,-0.007927454674,0.06391392356,0.03786480745,0.05172300034
29.26463232,-0.007476643525,0.0638057852,0.03767019497,0.05171508479
29.30215108,-0.007026669196,0.0636958547,0.03747612419,0.05170428191
29.33966983,-0.006577536914,0.06358413944,0.03728259686,0.05169060469
29.37718859,-0.006129251908,0.06347064678,0.03708961477,0.05167406613
29.41470735,-0.005681819405,0.06335538409,0.03689717969,0.05165467922
29.45222611,-0.005235244633,0.06323835874,0.03670529338,0.05163245696
29.48974487,-0.00478953282,0.0631195781,0.03651395762,0.05160741235
29.52726363,-0.004344689193,0.06299904954,0.03632317418,0.05157955839
29.56478239,-0.00390071898,0.06287678042,0.03613294484,0.05154890807
29.60230115,-0.003457627409,0.06275277813,0.03594327135,0.05151547439
29.63981991,-0.003015419707,0.06262705001,0.0357541555,0.05147927034
29.67733867,-0.002574101102,0.06249960346,0.03556559905,0.05144030892
29.71485743,-0.002133676822,0.06237044583,0.03537760378,0.05139860313
29.75237619,-0.001694152094,0.06223958449,0.03519017146,0.05135416596
29.78989495,-0.001255532147,0.06210702681,0.03500330386,0.05130701041
29.82741371,-0.0008178222072,0.06197278016,0.03481700275,0.05125714948
29.86493247,-0.0003810275032,0.06183685192,0.0346312699,0.05120459616
29.90245123,5.484673753e-05,0.06169924944,0.03444610708,0.05114936345
29.93996998,0.0004897952873,0.06155998011,0.03426151607,0.05109146435
29.97748874,0.0009238129184,0.06141905128,0.03407749863,0.05103091185
30.0150075,0.001356894403,0.06127647033,0.03389405654,0.05096771895
30.05252626,0.001789034514,0.06113224462,0.03371119157,0.05090189864
30.09004502,0.002220228023,0.06098638153,0.03352890549,0.05083346393
30.12756378,0.002650469702,0.06083888843,0.03334720007,0.0507624278
30.16508254,0.003079754325,0.06068977268,0.03316607708,0.05068880326
30.2026013,0.003508076662,0.06053904165,0.0329855383,0.0506126033
30.24012006,0.003935431487,0.06038670271,0.03280558549,0.05053384092
30.27763882,0.004361813572,0.06023276324,0.03262622042,0.05045252911
30.31515758,0.004787217689,0.0600772306,0.03244744488,0.05036868088
30.35267634,0.00521163861,0.05992011215,0.03226926062,0.05028230921
30.3901951,0.005635071108,0.05976141527,0.03209166943,0.05019342711
30.42771386,0.006057509955,0.05960114734,0.03191467306,0.05010204756
30.46523262,0.006478949924,0.0594393157,0.0317382733,0.05000818357
30.50275138,0.006899385785,0.05927592775,0.03156247192,0.04991184814
30.54027014,0.007318812313,0.05911099084,0.03138727067,0.04981305426
30.57778889,0.007737224279,0.05894451234,0.03121267135,0.04971181492
30.61530765,0.008154616456,0.05877649963,0.03103867572,0.04960814312
30.65282641,0.008570983615,0.05860696007,0.03086528554,0.04950205187
30.69034517,0.008986320529,0.05843590103,0.03069250259,0.04939355415
30.72786393,0.009400621971,0.05826332988,0.03052032865,0.04928266296
30.76538269,0.009813882713,0.058089254,0.03034876548,0.0491693913
30.80290145,0.01022609753,0.05791368074,0.03017781486,0.04905375217
30.84042021,0.01063726118,0.05773661748,0.03000747855,0.04893575855
30.87793897,0.01104736846,0.05755807159,0.02983775833,0.04881542346
30.91545773,0.01145641412,0.05737805043,0.02966865597,0.04869275988
30.95297649,0.01186439295,0.05719656138,0.02950017324,0.04856778081
30.99049525,0.01227129971,0.05701361181,0.02933231191,0.04844049925
31.02801401,0.01267712917,0.05682920907,0.02916507375,0.04831092819
31.06553277,0.01308187611,0.05664336056,0.02899846054,0.04817908064
31.10305153,0.0134855353,0.05645607362,0.02883247405,0.04804496958
31.14057029,0.01388810152,0.05626735564,0.02866711604,0.04790860801
31.17808904,0.01428956953,0.05607721397,0.02850238828,0.04777000894
31.2156078,0.01468993411,0.055885656,0.02833829256,0.04762918535
31.25312656,0.01508919003,0.05569268908,0.02817483064,0.04748615024
31.29064532,0.01548733206,0.05549832059,0.02801200429,0.04734091661
31.32816408,0.01588435497,0.0553025579,0.02784981529,0.04719349746
31.36568284,0.01628025354,0.05510540838,0.0276882654,0.04704390578
31.4032016,0.01667502254,0.05490687939,0.02752735639,0.04689215457
31.44072036,0.01706865674,0.05470697831,0.02736709005,0.04673825683
31.47823912,0.01746115091,0.0545057125,0.02720746813,0.04658222555
31.51575788,0.01785249983,0.05430308933,0.02704849241,0.04642407372
31.55327664,0.01824269827,0.05409911617,0.02689016467,0.04626381435
31.5907954,0.018631741,0.0538938004,0.02673248667,0.04610146044
31.62831416,0.01901962279,0.05368714937,0.02657546018,0.04593702497
31.66583292,0.01940633842,0.05347917047,0.02641908697,0.04577052094
31.70335168,0.01979188265,0.05326987105,0.02626336883,0.04560196136
31.74087044,0.02017625026,0.05305925849,0.02610830751,0.04543135921
31.77838919,0.02055943603,0.05284734016,0.02595390479,0.0452587275
31.81590795,0.02094143472,0.05263412343,0.02580016244,0.04508407921
31.85342671,0.0213222411,0.05241961565,0.02564708224,0.04490742736
31.89094547,0.02170184996,0.05220382422,0.02549466594,0.04472878492
31.92846423,0.02208025606,0.05198675648,0.02534291534,0.04454816491
31.96598299,0.02245745416,0.05176841982,0.02519183218,0.04436558031
32.00350175,0.02283343906,0.0515488216,0.02504141826,0.04418104413
32.04102051,0.02320820551,0.0513279692,0.02489167533,0.04399456935
32.07853927,0.0235817483,0.05110586997,0.02474260518,0.04380616898
32.11605803,0.02395406218,0.05088253129,0.02459420957,0.04361585601
32.15357679,0.02432514194,0.05065796053,0.02444649026,0.04342364344
32.19109555,0.02469498235,0.05043216505,0.02429944905,0.04322954427
32.22861431,0.02506357818,0.05020515223,0.02415308769,0.04303357148
32.26613307,0.0254309242,0.04997692944,0.02400740795,0.04283573809
32.30365183,0.02579701518,0.04974750404,0.02386241161,0.04263605708
32.34117059,0.0261618459,0.04951688341,0.02371810045,0.04243454145
32.37868934,0.02652541113,0.04928507491,0.02357447622,0.0422312042
32.4162081,0.02688770564,0.04905208591,0.02343154071,0.04202605832
32.45372686,0.02724872421,0.04881792379,0.02328929567,0.04181911681
32.49124562,0.0276084616,0.0485825959,0.0231477429,0.04161039267
32.52876438,0.02796691258,0.04834610962,0.02300688415,0.04139989889
32.56628314,0.02832407194,0.04810847233,0.02286672119,0.04118764848
32.6038019,0.02867993444,0.04786969138,0.02272725581,0.04097365442
32.64132066,0.02903449486,0.04762977414,0.02258848976,0.04075792971
32.67883942,0.02938774796,0.047388728,0.02245042483,0.04054048735
32.71635818,0.02973968852,0.0471465603,0.02231306278,0.04032134034
32.75387694,0.03009031131,0.04690327844,0.02217640538,0.04010050167
32.7913957,0.03043961111,0.04665888976,0.02204045441,0.03987798434
32.82891446,0.03078758269,0.04641340165,0.02190521164,0.03965380134
32.86643322,0.03113422081,0.04616682147,0.02177067883,0.03942796567
32.90395198,0.03147952025,0.04591915659,0.02163685776,0.03920049034
32.94147074,0.03182347579,0.04567041439,0.02150375021,0.03897138833
32.97898949,0.0321660822,0.04542060222,0.02137135793,0.03874067264
33.01650825,0.03250733424,0.04516972746,0.02123968271,0.03850835626
33.05402701,0.03284722669,0.04491779748,0.02110872631,0.03827445221
33.09154577,0.03318575432,0.04466481964,0.02097849051,0.03803897346
33.12906453,0.03352291191,0.04441080132,0.02084897708,0.03780193302
33.16658329,0.03385869423,0.04415574988,0.02072018778,0.03756334388
33.20410205,0.03419309604,0.0438996727,0.0205921244,0.03732321905
33.24162081,0.03452611213,0.04364257714,0.0204647887,0.03708157151
33.27913957,0.03485773726,0.04338447058,0.02033818244,0.03683841426
33.31665833,0.03518796621,0.04312536038,0.02021230742,0.0365937603
33.35417709,0.03551679374,0.0428652539,0.02008716538,0.03634762263
33.39169585,0.03584421464,0.04260415853,0.01996275812,0.03610001424
33.42921461,0.03617022367,0.04234208162,0.01983908739,0.03585094813
33.46673337,0.03649481561,0.04207903056,0.01971615497,0.0356004373
33.50425213,0.03681798522,0.0418150127,0.01959396263,0.03534849474
33.54177089,0.03713972729,0.04155003542,0.01947251215,0.03509513344
33.57928964,0.03746003657,0.04128410608,0.01935180528,0.03484036641
33.6168084,0.03777890786,0.04101723206,0.01923184382,0.03458420665
33.65432716,0.03809633591,0.04074942072,0.01911262951,0.03432666714
33.69184592,0.03841231549,0.04048067943,0.01899416415,0.03406776088
33.72936468,0.03872684139,0.04021101557,0.01887644949,0.03380750088
33.76688344,0.03903990838,0.0399404365,0.01875948731,0.03354590012
33.8044022,0.03935151122,0.03966894958,0.01864327939,0.03328297161
33.84192096,0.03966164469,0.0393965622,0.01852782748,0.03301872834
33.87943972,0.03997030356,0.03912328172,0.01841313337,0.0327531833
33.91695848,0.0402774826,0.0388491155,0.01829919883,0.0324863495
33.95447724,0.04058317659,0.03857407092,0.01818602562,0.03221823993
33.991996,0.0408873803,0.03829815535,0.01807361552,0.03194886758
34.02951476,0.04119008849,0.03802137615,0.0179619703,0.03167824546
34.06703352,0.04149129595,0.0377437407,0.01785109173,0.03140638655
34.10455228,0.04179099745,0.03746525636,0.01774098158,0.03113330387
34.14207104,0.04208918775,0.0371859305,0.01763164162,0.03085901039
34.17958979,0.04238586163,0.03690577049,0.01752307363,0.03058351912
34.21710855,0.04268101386,0.03662478371,0.01741527937,0.03030684306
34.25462731,0.04297463922,0.03634297751,0.01730826062,0.0300289952
34.29214607,0.04326673247,0.03606035928,0.01720201915,0.02974998854
34.32966483,0.04355728839,0.03577693637,0.01709655673,0.02946983607
34.36718359,0.04384630175,0.03549271616,0.01699187513,0.0291885508
34.40470235,0.04413376733,0.03520770602,0.01688797612,0.02890614571
34.44222111,0.04441967989,0.03492191331,0.01678486148,0.0286226338
34.47973987,0.0447040342,0.03463534541,0.01668253297,0.02833802808
34.51725863,0.04498682505,0.03434800968,0.01658099237,0.02805234153
34.55477739,0.0452680472,0.03405991349,0.01648024144,0.02776558716
34.59229615,0.04554769543,0.03377106422,0.01638028197,0.02747777795
34.62981491,0.0458257645,0.03348146923,0.01628111571,0.02718892692
34.66733367,0.04610224919,0.03319113588,0.01618274445,0.02689904704
34.70485243,0.04637714428,0.03290007156,0.01608516995,0.02660815133
34.74237119,0.04665044453,0.03260828363,0.01598839398,0.02631625277
34.77988994,0.04692214471,0.03231577946,0.01589241832,0.02602336437
34.8174087,0.0471922396,0.03202256641,0.01579724474,0.02572949911
34.85492746,0.04746072398,0.03172865186,0.015702875,0.02543467
34.89244622,0.0477275926,0.03143404317,0.01560931089,0.02513889003
34.92996498,0.04799284025,0.03113874772,0.01551655416,0.0248421722
34.96748374,0.0482564617,0.03084277287,0.0154246066,0.0245445295
35.0050025,0.04851845172,0.030546126,0.01533346997,0.02424597493
35.04252126,0.04877880508,0.03024881446,0.01524314605,0.0239465215
35.08004002,0.04903751656,0.02995084564,0.0151536366,0.02364618218
35.11755878,0.04929458092,0.0296522269,0.0150649434,0.02334496999
35.15507754,0.04954999295,0.02935296561,0.01497706822,0.02304289792
35.1925963,0.0498037474,0.02905306914,0.01489001283,0.02273997896
35.23011506,0.05005583906,0.02875254485,0.014803779,0.02243622611
35.26763382,0.05030626269,0.02845140012,0.0147183685,0.02213165236
35.30515258,0.05055501308,0.02814964232,0.01463378311,0.02182627072
35.34267134,0.05080208498,0.02784727881,0.01455002459,0.02152009418
35.3801901,0.05104747318,0.02754431697,0.01446709472,0.02121313574
35.41770885,0.05129117244,0.02724076416,0.01438499527,0.02090540838
35.45522761,0.05153317754,0.02693662775,0.01430372801,0.02059692512
35.49274637,0.05177348325,0.02663191511,0.0142232947,0.02028769894
35.53026513,0.05201208434,0.02632663362,0.01414369714,0.01997774285
35.56778389,0.05224897559,0.02602079063,0.01406493707,0.01966706983
35.60530265,0.05248415176,0.02571439353,0.01398701628,0.01935569289
35.64282141,0.05271760764,0.02540744967,0.01390993653,0.01904362502
35.68034017,0.05294933798,0.02509996643,0.01383369961,0.01873087922
35.71785893,0.05317933757,0.02479195117,0.01375830727,0.01841746848
35.75537769,0.05340760117,0.02448341127,0.01368376129,0.01810340581
35.79289645,0.05363412357,0.0241743541,0.01361006344,0.01778870419
35.83041521,0.05385889952,0.02386478702,0.0135372155,0.01747337662
35.86793397,0.05408192381,0.0235547174,0.01346521923,0.01715743611
35.90545273,0.0543031912,0.02324415262,0.01339407641,0.01684089564
35.94297149,0.05452269647,0.02293310003,0.0133237888,0.01652376822
35.98049025,0.05474043439,0.02262156702,0.01325435818,0.01620606683
36.018009,0.05495639973,0.02230956095,0.01318578632,0.01588780449
36.05552776,0.05517058727,0.02199708918,0.01311807499,0.01556899417
36.09304652,0.05538299177,0.0216841591,0.01305122596,0.01524964889
36.13056528,0.05559360801,0.02137077806,0.01298524101,0.01492978163
36.16808404,0.05580243077,0.02105695343,0.0129201219,0.01460940539
36.2056028,0.05600945481,0.0207426926,0.01285587041,0.01428853317
36.24312156,0.0562146749,0.02042800291,0.0127924883,0.01396717797
36.28064032,0.05641808582,0.02011289175,0.01272997735,0.01364535278
36.31815908,0.05661968234,0.01979736649,0.01266833934,0.0133230706
36.35567784,0.05681945924,0.01948143448,0.01260757602,0.01300034442
36.3931966,0.05701741128,0.01916510311,0.01254768918,0.01267718724
36.43071536,0.05721353324,0.01884837973,0.01248868058,0.01235361206
36.46823412,0.05740781989,0.01853127173,0.012430552,0.01202963188
36.50575288,0.057600266,0.01821378646,0.0123733052,0.01170525968
36.54327164,0.05779086635,0.0178959313,0.01231694196,0.01138050848
36.5807904,0.0579796157,0.01757771362,0.01226146405,0.01105539125
36.61830915,0.05816650883,0.01725914078,0.01220687325,0.01072992101
36.65582791,0.05835154051,0.01694022016,0.01215317131,0.01040411074
36.69334667,0.05853470552,0.01662095913,0.01210036002,0.01007797345
36.73086543,0.05871599862,0.01630136504,0.01204844114,0.009751522128
36.76838419,0.05889541459,0.01598144528,0.01199741645,0.00942476977
36.80590295,0.05907294821,0.01566120721,0.01194728771,0.009097729376
36.84342171,0.05924859423,0.0153406582,0.0118980567,0.00877041394
36.88094047,0.05942234744,0.01501980562,0.0118497252,0.00844283646
36.91845923,0.05959420261,0.01469865684,0.01180229496,0.008115009932
36.95597799,0.0597641545,0.01437721923,0.01175576777,0.007786947352
36.99349675,0.0599321979,0.01405550015,0.01171014539,0.007458661717
37.03101551,0.06009832758,0.01373350699,0.0116654296,0.007130166024
37.06853427,0.0602625383,0.01341124709,0.01162162216,0.006801473269
37.10605303,0.06042482484,0.01308872784,0.01157872485,0.006472596448
37.14357179,0.06058518197,0.01276595661,0.01153673944,0.006143548558
37.18109055,0.06074360446,0.01244294076,0.0114956677,0.005814342596
37.2186093,0.0609000871,0.01211968766,0.0114555114,0.005484991558
37.25612806,0.06105462463,0.01179620468,0.01141627232,0.00515550844
37.29364682,0.06120721185,0.01147249919,0.01137795222,0.004825906238
37.33116558,0.06135784353,0.01114857856,0.01134055288,0.00449619795
37.36868434,0.06150651442,0.01082445016,0.01130407606,0.004166396572
37.4062031,0.06165321932,0.01050012136,0.01126852354,0.003836515101
37.44372186,0.06179795298,0.01017559953,0.0112338971,0.003506566532
37.48124062,0.06194071019,0.009850892029,0.01120019849,0.003176563862
37.51875938,0.06208148571,0.009526006236,0.01116742949,0.002846520088
37.55627814,0.06222027432,0.009200949516,0.01113559188,0.002516448207
37.5937969,0.06235707079,0.008875729241,0.01110468743,0.002186361214
37.63131566,0.06249186989,0.008550352777,0.0110747179,0.001856272106
37.66883442,0.06262466639,0.008224827496,0.01104568507,0.00152619388
37.70635318,0.06275545507,0.007899160766,0.01101759071,0.001196139533
37.74387194,0.06288423069,0.007573359955,0.01099043659,0.0008661220597
37.7813907,0.06301098804,0.007247432434,0.01096422448,0.0005361544579
37.81890945,0.06313572188,0.006921385571,0.01093895615,0.0002062497236
37.85642821,0.06325842699,0.006595226736,0.01091463338,-0.0001235791465
37.89394697,0.06337909813,0.006268963297,0.01089125793,-0.000453319156
37.93146573,0.06349773008,0.005942602624,0.01086883158,-0.0007829573084
37.96898449,0.06361431762,0.005616152086,0.0108473561,-0.001112480607
38.00650325,0.0637288555,0.005289619052,0.01082683326,-0.001441876056
38.04402201,0.06384133852,0.004963010892,0.01080726483,-0.001771130658
38.08154077,0.06395176143,0.004636334973,0.01078865259,-0.002100231417
38.11905953,0.06406011902,0.004309598666,0.01077099829,-0.002429165337
38.15657829,0.06416640605,0.00398280934,0.01075430373,-0.002757919421
38.19409705,0.06427061729,0.003655974363,0.01073857065,-0.003086480672
38.23161581,0.06437274753,0.003329101105,0.01072380085,-0.003414836094
38.26913457,0.06447279152,0.003002196935,0.01070999608,-0.003742972691
38.30665333,0.06457074405,0.002675269223,0.01069715813,-0.004070877466
38.34417209,0.06466659988,0.002348325336,0.01068528876,-0.004398537422
38.38169085,0.06476035379,0.002021372646,0.01067438974,-0.004725939564
38.4192096,0.06485200055,0.001694418519,0.01066446284,-0.005053070894
38.45672836,0.06494153493,0.001367470327,0.01065550984,-0.005379918416
38.49424712,0.0650289517,0.001040535437,0.01064753251,-0.005706469134
38.53176588,0.06511424564,0.0007136212193,0.01064053261,-0.006032710051
38.56928464,0.06519741152,0.0003867350427,0.01063451193,-0.006358628171
38.6068034,0.06527844412,5.98842764e-05,0.01062947223,-0.006684210497
38.64432216,0.06535733819,-0.0002669237105,0.01062541527,-0.007009444032
38.68184092,0.06543408852,-0.0005936815488,0.01062234285,-0.007334315781
38.71935968,0.06550868988,-0.0009203818694,0.01062025671,-0.007658812747
38.75687844,0.06558113704,-0.001247017303,0.01061915865,-0.007982921933
38.7943972,0.06565142477,-0.001573580481,0.01061905042,-0.008306630343
38.83191596,0.06571954785,-0.001900064034,0.0106199338,-0.00862992498
38.86943472,0.06578550105,-0.002226460592,0.01062181056,-0.008952792847
38.90695348,0.06584927913,-0.002552762787,0.01062468247,-0.00927522095
38.94447224,0.06591087688,-0.002878963249,0.01062855131,-0.00959719629
38.981991,0.06597028906,-0.00320505461,0.01063341884,-0.009918705871
39.01950975,0.06602751045,-0.0035310295,0.01063928683,-0.0102397367
39.05702851,0.06608253581,-0.00385688055,0.01064615706,-0.01056027577
39.09454727,0.06613535993,-0.004182600391,0.0106540313,-0.0108803101
39.13206603,0.06618597757,-0.004508181654,0.01066291132,-0.01119982668
39.16958479,0.06623438351,-0.004833616969,0.01067279889,-0.01151881252
39.20710355,0.06628057251,-0.005158898968,0.01068369579,-0.01183725462
39.24462231,0.06632453936,-0.005484020281,0.01069560377,-0.01215513999
39.28214107,0.06636627881,-0.005808973539,0.01070852462,-0.01247245563
39.31965983,0.06640578566,-0.006133751373,0.01072246011,-0.01278918854
39.35717859,0.06644305466,-0.006458346414,0.01073741201,-0.01310532573
39.39469735,0.06647808059,-0.006782751293,0.01075338208,-0.0134208542
39.43221611,0.06651085822,-0.007106958641,0.0107703721,-0.01373576095
39.46973487,0.06654138232,-0.007430961088,0.01078838385,-0.01405003299
39.50725363,0.06656964768,-0.007754751266,0.01080741909,-0.01436365732
39.54477239,0.06659564905,-0.008078321804,0.01082747959,-0.01467662094
39.58229115,0.06661938121,-0.008401665335,0.01084856713,-0.01498891087
39.6198099,0.06664083894,-0.008724774489,0.01087068347,-0.01530051409
39.65732866,0.066660017,-0.009047641896,0.0108938304,-0.01561141762
39.69484742,0.06667691017,-0.009370260189,0.01091800967,-0.01592160845
39.73236618,0.06669151322,-0.009692621996,0.01094322306,-0.0162310736
39.76988494,0.06670382092,-0.01001471995,0.01096947235,-0.01653980006
39.8074037,0.06671382805,-0.01033654668,0.0109967593,-0.01684777484
39.84492246,0.06672152937,-0.01065809482,0.01102508568,-0.01715498494
39.88244122,0.06672691967,-0.010979357,0.01105445327,-0.01746141737
39.91995998,0.0667299937,-0.01130032585,0.01108486384,-0.01776705913
39.95747874,0.06673074625,-0.011620994,0.01111631916,-0.01807189722
39.9949975,0.06672917209,-0.01194135408,0.01114882099,-0.01837591865
40.03251626,0.06672526598,-0.01226139872,0.01118237112,-0.01867911042
40.07003502,0.06671902271,-0.01258112056,0.01121697131,-0.01898145953
40.10755378,0.06671043704,-0.01290051222,0.01125262334,-0.01928295298
40.14507254,0.06669950375,-0.01321956633,0.01128932897,-0.01958357779
40.1825913,0.0666862176,-0.01353827553,0.01132708997,-0.01988332095
40.22011006,0.06667057337,-0.01385663245,0.01136590813,-0.02018216947
40.25762881,0.06665256584,-0.01417462971,0.0114057852,-0.02048011035
40.29514757,0.06663218977,-0.01449225996,0.01144672297,-0.02077713059
40.33266633,0.06660943994,-0.01480951581,0.0114887232,-0.02107321721
40.37018509,0.06658431112,-0.0151263899,0.01153178766,-0.02136835719
40.40770385,0.06655679808,-0.01544287487,0.01157591812,-0.02166253755
40.44522261,0.06652689559,-0.01575896333,0.01162111636,-0.02195574529
40.48274137,0.06649459843,-0.01607464793,0.01166738415,-0.0222479674
40.52026013,0.06645990137,-0.0163899213,0.01171472326,-0.02253919091
40.55777889,0.06642279918,-0.01670477605,0.01176313546,-0.0228294028
40.59529765,0.06638328664,-0.01701920483,0.01181262251,-0.02311859009
40.63281641,0.06634135851,-0.01733320027,0.01186318621,-0.02340673977
40.67033517,0.06629700956,-0.017646755,0.0119148283,-0.02369383885
40.70785393,0.06625023458,-0.01795986164,0.01196755057,-0.02397987434
40.74537269,0.06620102833,-0.01827251283,0.01202135479,-0.02426483323
40.78289145,0.06614938558,-0.0185847012,0.01207624273,-0.02454870253
40.82041021,0.06609530112,-0.01889641938,0.01213221615,-0.02483146925
40.85792896,0.0660387697,-0.01920766001,0.01218927684,-0.02511312038
40.89544772,0.0659797861,-0.0195184157,0.01224742655,-0.02539364293
40.93296648,0.0659183451,-0.0198286791,0.01230666707,-0.02567302391
40.97048524,0.06585444146,-0.02013844283,0.01236700017,-0.02595125031
41.008004,0.06578806996,-0.02044769953,0.01242842761,-0.02622830915
41.04552276,0.06571922538,-0.02075644182,0.01249095117,-0.02650418742
41.08304152,0.06564790247,-0.02106466234,0.01255457261,-0.02677887213
41.12056028,0.06557409603,-0.02137235372,0.01261929372,-0.02705235028
41.15807904,0.06549780081,-0.02167950858,0.01268511626,-0.02732460888
41.1955978,0.06541901159,-0.02198611957,0.012752042,-0.02759563492
41.23311656,0.06533772314,-0.0222921793,0.01282007271,-0.02786541542
41.27063532,0.06525393024,-0.02259768041,0.01288921017,-0.02813393737
41.30815408,0.06516762765,-0.02290261554,0.01295945615,-0.02840118779
41.34567284,0.06507881015,-0.02320697731,0.01303081242,-0.02866715366
41.3831916,0.06498747252,-0.02351075835,0.01310328074,-0.02893182201
41.42071036,0.06489360952,-0.0238139513,0.01317686289,-0.02919517982
41.45822911,0.06479721593,-0.02411654878,0.01325156065,-0.0294572141
41.49574787,0.06469828651,-0.02441854342,0.01332737578,-0.02971791186
41.53326663,0.06459681605,-0.02471992787,0.01340431005,-0.02997726011
41.57078539,0.0644927993,-0.02502069474,0.01348236524,-0.03023524583
41.60830415,0.06438623106,-0.02532083667,0.01356154312,-0.03049185605
41.64582291,0.06427710608,-0.02562034629,0.01364184545,-0.03074707775
41.68334167,0.06416541914,-0.02591921623,0.01372327402,-0.03100089795
41.72086043,0.06405116502,-0.02621743912,0.01380583058,-0.03125330365
41.75837919,0.06393433848,-0.02651500759,0.01388951692,-0.03150428185
41.79589795,0.06381493429,-0.02681191428,0.0139743348,-0.03175381956
41.83341671,0.06369294724,-0.02710815181,0.014060286,-0.03200190377
41.87093547,0.06356837209,-0.02740371281,0.01414737229,-0.03224852149
41.90845423,0.06344120361,-0.02769858992,0.01423559543,-0.03249365973
41.94597299,0.06331143658,-0.02799277577,0.0143249572,-0.03273730549
41.98349175,0.06317906576,-0.02828626298,0.01441545937,-0.03297944578
42.02101051,0.06304408594,-0.02857904419,0.01450710371,-0.03322006759
42.05852926,0.06290649188,-0.02887111203,0.014599892,-0.03345915792
42.09604802,0.06276627836,-0.02916245913,0.014693826,-0.0336967038
42.13356678,0.06262344014,-0.02945307812,0.01478890749,-0.0339326922
42.17108554,0.062477972,-0.02974296163,0.01488513823,-0.03416711015
42.2086043,0.06232986872,-0.03003210229,0.01498252,-0.03439994465
42.24612306,0.06217912506,-0.03032049274,0.01508105457,-0.03463118269
42.28364182,0.0620257358,-0.0306081256,0.01518074372,-0.03486081128
42.32116058,0.0618696957,-0.0308949935,0.0152815892,-0.03508881742
42.35867934,0.06171099955,-0.03118108908,0.0153835928,-0.03531518812
42.3961981,0.06154964212,-0.03146640497,0.01548675628,-0.03553991039
42.43371686,0.06138561816,-0.03175093379,0.01559108142,-0.03576297122
42.47123562,0.06121892247,-0.03203466819,0.01569656999,-0.03598435761
42.50875438,0.06104954981,-0.03231760078,0.01580322376,-0.03620405658
42.54627314,0.06087749495,-0.0325997242,0.0159110445,-0.03642205513
42.5837919,0.06070275267,-0.03288103109,0.01602003398,-0.03663834025
42.62131066,0.06052531773,-0.03316151406,0.01613019397,-0.03685289896
42.65882941,0.06034518492,-0.03344116576,0.01624152624,-0.03706571825
42.69634817,0.06016234899,-0.03371997881,0.01635403258,-0.03727678513
42.73386693,0.05997680473,-0.03399794584,0.01646771473,-0.0374860866
42.77138569,0.05978854691,-0.03427505949,0.01658257449,-0.03769360967
42.80890445,0.0595975703,-0.03455131239,0.01669861362,-0.03789934134
42.84642321,0.05940386967,-0.03482669716,0.01681583389,-0.03810326862
42.88394197,0.05920743979,-0.03510120645,0.01693423707,-0.0383053785
42.92146073,0.05900827544,-0.03537483287,0.01705382493,-0.03850565799
42.95897949,0.05880637139,-0.03564756905,0.01717459925,-0.0387040941
42.99649825,0.05860172241,-0.03591940764,0.01729656179,-0.03890067382
43.03401701,0.05839432327,-0.03619034127,0.01741971434,-0.03909538417
43.07153577,0.05818416875,-0.03646036255,0.01754405865,-0.03928821213
43.10905453,0.05797125361,-0.03672946412,0.0176695965,-0.03947914473
43.14657329,0.05775557264,-0.03699763862,0.01779632966,-0.03966816896
43.18409205,0.05753712059,-0.03726487868,0.01792425991,-0.03985527183
43.22161081,0.05731589226,-0.03753117692,0.01805338901,-0.04004044033
43.25912956,0.05709188239,-0.03779652597,0.01818371874,-0.04022366147
43.29664832,0.05686508578,-0.03806091848,0.01831525086,-0.04040492226
43.33416708,0.05663549719,-0.03832434706,0.01844798715,-0.0405842097
43.37168584,0.05640311139,-0.03858680435,0.01858192938,-0.0407615108
43.4092046,0.05616792316,-0.03884828298,0.01871707932,-0.04093681255
43.44672336,0.05592992727,-0.03910877558,0.01885343875,-0.04111010195
43.48424212,0.05568911849,-0.03936827478,0.01899100943,-0.04128136603
43.52176088,0.05544549159,-0.03962677321,0.01912979313,-0.04145059177
43.55927964,0.05519904135,-0.03988426351,0.01926979163,-0.04161776618
43.5967984,0.05494976253,-0.0401407383,0.01941100669,-0.04178287626
43.63431716,0.05469764991,-0.04039619022,0.0195534401,-0.04194590902
43.67183592,0.05444269827,-0.04065061189,0.01969709361,-0.04210685146
43.70935468,0.05418490237,-0.04090399595,0.01984196901,-0.04226569059
43.74687344,0.05392425699,-0.04115633503,0.01998806806,-0.0424224134
43.7843922,0.0536607569,-0.04140762176,0.02013539253,-0.04257700691
43.82191096,0.05339439686,-0.04165784876,0.0202839442,-0.04272945811
43.85942971,0.05312517167,-0.04190700867,0.02043372484,-0.042879754
43.89694847,0.05285307607,-0.04215509413,0.02058473621,-0.0430278816
43.93446723,0.05257810486,-0.04240209776,0.02073698009,-0.04317382791
43.97198599,0.0523002528,-0.04264801219,0.02089045826,-0.04331757993
44.00950475,0.05201951466,-0.04289283005,0.02104517247,-0.04345912465
44.04702351,0.05173588521,-0.04313654398,0.02120112451,-0.0435984491
44.08454227,0.05144935924,-0.0433791466,0.02135831615,-0.04373554026
44.12206103,0.0511599315,-0.04362063055,0.02151674915,-0.04387038515
44.15957979,0.05086759678,-0.04386098846,0.02167642528,-0.04400297076
44.19709855,0.05057234984,-0.04410021295,0.02183734633,-0.0441332841
44.23461731,0.05027418545,-0.04433829667,0.02199951406,-0.04426131218
44.27213607,0.0499730984,-0.04457523223,0.02216293024,-0.04438704199
44.30965483,0.04966908344,-0.04481101227,0.02232759664,-0.04451046055
44.34717359,0.04936213537,-0.04504562943,0.02249351503,-0.04463155485
44.38469235,0.04905224893,-0.04527907632,0.02266068719,-0.04475031189
44.42221111,0.04873941892,-0.04551134559,0.02282911489,-0.04486671869
44.45972986,0.04842364009,-0.04574242986,0.02299879989,-0.04498076224
44.49724862,0.04810490723,-0.04597232177,0.02316974398,-0.04509242955
44.53476738,0.0477832151,-0.04620101395,0.02334194891,-0.04520170763
44.57228614,0.04745855849,-0.04642849902,0.02351541647,-0.04530858346
44.6098049,0.04713093215,-0.04665476961,0.02369014842,-0.04541304407
44.64732366,0.04680033086,-0.04687981837,0.02386614654,-0.04551507645
44.68484242,0.0464667494,-0.04710363791,0.02404341259,-0.0456146676
44.72236118,0.04613018253,-0.04732622088,0.02422194834,-0.04571180454
44.75987994,0.04579062504,-0.04754755989,0.02440175558,-0.04580647425
44.7973987,0.04544807168,-0.04776764759,0.02458283607,-0.04589866376
44.83491746,0.04510251724,-0.0479864766,0.02476519158,-0.04598836005
44.87243622,0.04475395648,-0.04820403955,0.02494882388,-0.04607555014
44.90995498,0.04440238419,-0.04842032908,0.02513373474,-0.04616022102
44.94747374,0.04404779512,-0.04863533781,0.02531992594,-0.0462423597
44.9849925,0.04369018406,-0.04884905838,0.02550739925,-0.04632195319
45.02251126,0.04332954577,-0.04906148341,0.02569615643,-0.04639898849
45.06003002,0.04296587503,-0.04927260555,0.02588619927,-0.04647345259
45.09754877,0.04259916661,-0.04948241741,0.02607752952,-0.04654533251
45.13506753,0.04222941528,-0.04969091163,0.02627014897,-0.04661461525
45.17258629,0.04185661581,-0.04989808084,0.02646405938,-0.04668128781
45.21010505,0.04148076298,-0.05010391767,0.02665926252,-0.0467453372
45.24762381,0.04110185157,-0.05030841475,0.02685576017,-0.04680675041
45.28514257,0.04071987633,-0.05051156472,0.0270535541,-0.04686551446
45.32266133,0.04033483204,-0.0507133602,0.02725264608,-0.04692161634
45.36018009,0.03994671348,-0.05091379382,0.02745303787,-0.04697504306
45.39769885,0.03955551542,-0.05111285822,0.02765473126,-0.04702578162
45.43521761,0.03916123264,-0.05131054603,0.02785772801,-0.04707381903
45.47273637,0.03876385989,-0.05150684987,0.02806202989,-0.04711914229
45.51025513,0.03836339196,-0.05170176238,0.02826763868,-0.0471617384
45.54777389,0.03795982361,-0.05189527619,0.02847455615,-0.04720159437
45.58529265,0.03755314963,-0.05208738393,0.02868278406,-0.0472386972
45.62281141,0.03714336478,-0.05227807823,0.02889232419,-0.0472730339
45.66033017,0.03673046383,-0.05246735172,0.02910317832,-0.04730459146
45.69784892,0.03631444156,-0.05265519704,0.0293153482,-0.04733335689
45.73536768,0.03589529273,-0.0528416068,0.02952883562,-0.04735931719
45.77288644,0.03547301213,-0.05302657365,0.02974364234,-0.04738245937
45.8104052,0.03504759453,-0.05321009022,0.02995977014,-0.04740277044
45.84792396,0.03461903468,-0.05339214913,0.03017722078,-0.04742023739
45.88544272,0.03418732738,-0.05357274302,0.03039599605,-0.04743484723
45.92296148,0.03375246739,-0.05375186451,0.0306160977,-0.04744658695
45.96048024,0.03331444948,-0.05392950625,0.03083752751,-0.04745544358
45.997999,0.03287326842,-0.05410566085,0.03106028726,-0.0474614041
46.03551776,0.03242891899,-0.05428032095,0.03128437871,-0.04746445553
46.07303652,0.03198139597,-0.05445347918,0.03150980364,-0.04746458486
46.11055528,0.03153069411,-0.05462512818,0.03173656381,-0.0474617791
46.14807404,0.0310768082,-0.05479526057,0.031964661,-0.04745602526
46.1855928,0.030619733,-0.05496386898,0.03219409698,-0.04744731033
46.22311156,0.0301594633,-0.05513094604,0.03242487352,-0.04743562132
46.26063032,0.02969599385,-0.05529648439,0.03265699239,-0.04742094523
46.29814907,0.02922931944,-0.05546047666,0.03289045536,-0.04740326907
46.33566783,0.02875943483,-0.05562291547,0.03312526421,-0.04738257985
46.37318659,0.02828633481,-0.05578379346,0.03336142071,-0.04735886455
46.41070535,0.02781001413,-0.05594310326,0.03359892662,-0.0473321102
46.44822411,0.02733046757,-0.0561008375,0.03383778372,-0.04730230378
46.48574287,0.02684768991,-0.05625698881,0.03407799378,-0.04726943231
46.52326163,0.02636167592,-0.05641154982,0.03431955857,-0.04723348279
46.56078039,0.02587242037,-0.05656451317,0.03456247986,-0.04719444222
46.59829915,0.02537991803,-0.05671587147,0.03480675943,-0.0471522976
46.63581791,0.02488416367,-0.05686561737,0.03505239904,-0.04710703594
46.67333667,0.02438515207,-0.05701374349,0.03529940047,-0.04705864425
46.71085543,0.023882878,-0.05716024247,0.03554776548,-0.04700710952
46.74837419,0.02337733623,-0.05730510694,0.03579749586,-0.04695241876
46.78589295,0.02286852153,-0.05744832952,0.03604859336,-0.04689455897
46.82341171,0.02235642868,-0.05758990285,0.03630105977,-0.04683351716
46.86093047,0.02184105245,-0.05772981956,0.03655489685,-0.04676928033
46.89844922,0.02132238761,-0.05786807228,0.03681010637,-0.04670183548
46.93596798,0.02080042893,-0.05800465364,0.03706669011,-0.04663116962
46.97348674,0.02027517119,-0.05813955627,0.03732464984,-0.04655726975
47.0110055,0.01974660915,-0.05827277281,0.03758398732,-0.04648012287
47.04852426,0.01921473759,-0.05840429588,0.03784470434,-0.04639971599
47.08604302,0.01867955128,-0.05853411811,0.03810680265,-0.04631603611
47.12356178,0.018141045,-0.05866223213,0.03837028404,-0.04622907024
47.16108054,0.01759921352,-0.05878863059,0.03863515027,-0.04613880537
47.1985993,0.0170540516,-0.05891330609,0.03890140311,-0.04604522852
47.23611806,0.01650555403,-0.05903625129,0.03916904435,-0.04594832667
47.27363682,0.01595371556,-0.0591574588,0.03943807574,-0.04584808685
47.31115558,0.01539853099,-0.05927692127,0.03970849905,-0.04574449605
47.34867434,0.01483999507,-0.05939463131,0.03998031607,-0.04563754128
47.3861931,0.01427810258,-0.05951058157,0.04025352856,-0.04552720953
47.42371186,0.0137128483,-0.05962476466,0.0405281383,-0.04541348782
47.46123062,0.01314422699,-0.05973717323,0.04080414704,-0.04529636314
47.49874937,0.01257223342,-0.05984779991,0.04108155658,-0.04517582251
47.53626813,0.01199686238,-0.05995663731,0.04136036867,-0.04505185291
47.57378689,0.01141810863,-0.06006367809,0.04164058508,-0.04492444136
47.61130565,0.01083596694,-0.06016891485,0.0419222076,-0.04479357487
47.64882441,0.01025043209,-0.06027234025,0.04220523799,-0.04465924042
47.68634317,0.009661498849,-0.0603739469,0.04248967802,-0.04452142503
47.72386193,0.009069161988,-0.06047372745,0.04277552946,-0.04438011571
47.76138069,0.00847341628,-0.06057167451,0.04306279409,-0.04423529945
47.79889945,0.007874256498,-0.06066778072,0.04335147368,-0.04408696325
47.83641821,0.007271677414,-0.06076203871,0.04364156999,-0.04393509413
47.87393697,0.0066656738,-0.06085444112,0.0439330848,-0.04377967908
47.91145573,0.006056240429,-0.06094498057,0.04422601988,-0.04362070511
47.94897449,0.005443372072,-0.06103364969,0.04452037701,-0.04345815922
47.98649325,0.004827063503,-0.06112044112,0.04481615794,-0.04329202842
48.02401201,0.004207309493,-0.06120534748,0.04511336446,-0.0431222997
48.06153077,0.003584104815,-0.06128836141,0.04541199834,-0.04294896008
48.09904952,0.002957444241,-0.06136947553,0.04571206134,-0.04277199655
48.13656828,0.002327322544,-0.06144868249,0.04601355524,-0.04259139613
48.17408704,0.001693734495,-0.0615259749,0.04631648181,-0.0424071458
48.2116058,0.001056674867,-0.0616013454,0.04662084282,-0.04221923258
48.24912456,0.0004161384327,-0.06167478663,0.04692664004,-0.04202764348
48.28664332,-0.0002278800362,-0.0617462912,0.04723387524,-0.04183236548
48.32416208,-0.0008753857671,-0.06181585176,0.0475425502,-0.0416333856
48.36168084,-0.001526383988,-0.06188346093,0.04785266669,-0.04143069085
48.3991996,-0.002180879926,-0.06194911135,0.04816422647,-0.04122426821
48.43671836,-0.002838878809,-0.06201279564,0.04847723133,-0.04101410471
48.47423712,-0.003500385866,-0.06207450644,0.04879168302,-0.04080018733
48.51175588,-0.004165406323,-0.06213423637,0.04910758332,-0.04058250309
48.54927464,-0.004833945408,-0.06219197807,0.04942493401,-0.04036103899
48.5867934,-0.005506008349,-0.06224772417,0.04974373685,-0.04013578203
48.62431216,-0.006181600373,-0.0623014673,0.05006399362,-0.03990671921
48.66183092,-0.006860726709,-0.06235320009,0.05038570608,-0.03967383754
48.69934967,-0.007543392584,-0.06240291517,0.05070887601,-0.03943712403
48.73686843,-0.008229603226,-0.06245060517,0.05103350518,-0.03919656567
48.77438719,-0.008919363863,-0.06249626272,0.05135959536,-0.03895214947
48.81190595,-0.009612679721,-0.06253988046,0.05168714832,-0.03870386243
48.84942471,-0.01030955603,-0.06258145101,0.05201616584,-0.03845169156
48.88694347,-0.01100999801,-0.06262096701,0.05234664968,-0.03819562385
48.92446223,-0.01171401091,-0.06265842109,0.05267860161,-0.03793564633
48.96198099,-0.01242159993,-0.06269380587,0.05301202342,-0.03767174597
48.99949975,-0.01313277031,-0.06272711399,0.05334691686,-0.0374039098
49.03701851,-0.01384752729,-0.06275833807,0.05368328371,-0.03713212481
49.07453727,-0.01456587608,-0.06278747076,0.05402112574,-0.03685637801
49.11205603,-0.01528782191,-0.06281450468,0.05436044473,-0.0365766564
49.14957479,-0.01601337001,-0.06283943246,0.05470124244,-0.03629294698
49.18709355,-0.01674252562,-0.06286224673,0.05504352065,-0.03600523676
49.22461231,-0.01747529395,-0.06288294013,0.05538728112,-0.03571351275
49.26213107,-0.01821168023,-0.06290150527,0.05573252563,-0.03541776193
49.29964982,-0.0189516897,-0.06291793481,0.05607925595,-0.03511797133
49.33716858,-0.01969532757,-0.06293222136,0.05642747385,-0.03481412794
49.37468734,-0.02044259909,-0.06294435755,0.0567771811,-0.03450621876
49.4122061,-0.02119350947,-0.06295433603,0.05712837947,-0.0341942308
49.44972486,-0.02194806394,-0.06296214941,0.05748107074,-0.03387815107
49.48724362,-0.02270626773,-0.06296779033,0.05783525668,-0.03355796656
49.52476238,-0.02346812607,-0.06297125142,0.05819093905,-0.03323366428
49.56228114,-0.02423364419,-0.06297252531,0.05854811963,-0.03290523123
49.5997999,-0.02500282731,-0.06297160463,0.05890680019,-0.03257265442
49.63731866,-0.02577568066,-0.06296848202,0.0592669825,-0.03223592084
49.67483742,-0.02655220947,-0.0629631501,0.05962866833,-0.03189501752
49.71235618,-0.02733241897,-0.0629556015,0.05999185946,-0.03154993144
49.74987494,-0.02811631439,-0.06294582886,0.06035655765,-0.03120064961
49.7873937,-0.02890390094,-0.0629338248,0.06072276468,-0.03084715903
49.82491246,-0.02969518387,-0.06291958196,0.06109048232,-0.03048944671
49.86243122,-0.03049016839,-0.06290309297,0.06145971234,-0.03012749965
49.89994997,-0.03128885974,-0.06288435046,0.06183045651,-0.02976130486
49.93746873,-0.03209126314,-0.06286334706,0.06220271659,-0.02939084934
49.97498749,-0.03289738382,-0.06284007539,0.06257649438,-0.02901612008
50.01250625,-0.03370672466,-0.06281461634,0.06295153476,-0.02863744784
50.05002501,-0.03451276246,-0.06278811245,0.06332450212,-0.02825929083
50.08754377,-0.0353134996,-0.06276091817,0.0636943762,-0.02788301936
50.12506253,-0.0361089484,-0.06273303569,0.06406116463,-0.02750862946
50.16258129,-0.03689912116,-0.06270446722,0.06442487504,-0.02713611718
50.20010005,-0.03768403019,-0.06267521495,0.06478551504,-0.02676547854
50.23761881,-0.0384636878,-0.06264528107,0.06514309226,-0.02639670957
50.27513757,-0.0392381063,-0.06261466779,0.06549761433,-0.02602980632
50.31265633,-0.040007298,-0.06258337731,0.06584908886,-0.02566476483
50.35017509,-0.0407712752,-0.06255141181,0.06619752348,-0.02530158111
50.38769385,-0.04153005021,-0.06251877351,0.06654292582,-0.02494025122
50.42521261,-0.04228363535,-0.06248546459,0.06688530349,-0.02458077118
50.46273137,-0.04303204291,-0.06245148725,0.06722466412,-0.02422313703
50.50025013,-0.04377528522,-0.0624168437,0.06756101534,-0.02386734481
50.53776888,-0.04451337457,-0.06238153613,0.06789436476,-0.02351339055
50.57528764,-0.04524632328,-0.06234556674,0.06822472001,-0.02316127029
50.6128064,-0.04597414365,-0.06230893772,0.06855208871,-0.02281098006
50.65032516,-0.04669684799,-0.06227165128,0.06887647849,-0.02246251589
50.68784392,-0.04741444862,-0.06223370961,0.06919789697,-0.02211587383
50.72536268,-0.04812695783,-0.0621951149,0.06951635178,-0.0217710499
50.76288144,-0.04883438794,-0.06215586937,0.06983185053,-0.02142804014
50.8004002,-0.04953675126,-0.0621159752,0.07014440084,-0.02108684059
50.83791896,-0.05023406009,-0.06207543459,0.07045401036,-0.02074744729
50.87543772,-0.05092632675,-0.06203424975,0.07076068668,-0.02040985626
50.91295648,-0.05161356353,-0.06199242286,0.07106443745,-0.02007406355
50.95047524,-0.05229578276,-0.06194995613,0.07136527028,-0.01974006518
50.987994,-0.05297299673,-0.06190685175,0.07166319279,-0.0194078572
51.02551276,-0.05364521776,-0.06186311192,0.07195821262,-0.01907743563
51.06303152,-0.05431245816,-0.06181873885,0.07225033738,-0.01874879652
51.10055028,-0.05497473023,-0.06177373472,0.07253957469,-0.0184219359
51.13806903,-0.05563204629,-0.06172810173,0.07282593218,-0.0180968498
51.17558779,-0.05628441863,-0.06168184209,0.07310941748,-0.01777353426
51.21310655,-0.05693185957,-0.06163495799,0.0733900382,-0.01745198531
51.25062531,-0.05757438142,-0.06158745163,0.07366780197,-0.017132199
51.28814407,-0.05821199649,-0.0615393252,0.07394271641,-0.01681417134
51.32566283,-0.05884471708,-0.06149058091,0.07421478915,-0.01649789839
51.36318159,-0.0594725555,-0.06144122095,0.07448402781,-0.01618337618
51.40070035,-0.06009552406,-0.06139124752,0.07475044001,-0.01587060073
51.43821911,-0.06071363508,-0.06134066282,0.07501403337,-0.01555956809
51.47573787,-0.06132690085,-0.06128946905,0.07527481553,-0.01525027429
51.51325663,-0.06193533368,-0.06123766839,0.07553279409,-0.01494271537
51.55077539,-0.0625389459,-0.06118526306,0.0757879767,-0.01463688736
51.58829415,-0.06313774979,-0.06113225525,0.07604037096,-0.01433278629
51.62581291,-0.06373175768,-0.06107864715,0.0762899845,-0.0140304082
51.66333167,-0.06432098187,-0.06102444097,0.07653682495,-0.01372974914
51.70085043,-0.06490543467,-0.0609696389,0.07678089993,-0.01343080512
51.73836918,-0.06548512838,-0.06091424314,0.07702221706,-0.01313357219
51.77588794,-0.06606007532,-0.06085825588,0.07726078396,-0.01283804638
51.8134067,-0.06663028779,-0.06080167934,0.07749660826,-0.01254422373
51.85092546,-0.06719577811,-0.06074451569,0.07772969759,-0.01225210027
51.88844422,-0.06775655858,-0.06068676715,0.07796005956,-0.01196167205
51.92596298,-0.0683126415,-0.06062843591,0.0781877018,-0.01167293508
51.96348174,-0.0688640392,-0.06056952416,0.07841263193,-0.01138588541
52.0010005,-0.06941076397,-0.06051003411,0.07863485758,-0.01110051907
52.03851926,-0.06995282812,-0.06044996795,0.07885438636,-0.01081683211
52.07603802,-0.07049024397,-0.06038932788,0.07907122591,-0.01053482054
52.11355678,-0.07102302382,-0.06032811609,0.07928538384,-0.01025448042
52.15107554,-0.07155117998,-0.0602663348,0.07949686778,-0.009975807769
52.1885943,-0.07207472476,-0.06020398619,0.07970568535,-0.009698798627
52.22611306,-0.07259367046,-0.06014107245,0.07991184418,-0.009423449031
52.26363182,-0.0731080294,-0.0600775958,0.08011535188,-0.009149755013
52.30115058,-0.07361781388,-0.06001355843,0.08031621609,-0.008877712611
52.33866933,-0.07412303622,-0.05994896253,0.08051444442,-0.008607317858
52.37618809,-0.07462370872,-0.0598838103,0.0807100445,-0.008338566791
52.41370685,-0.07511984368,-0.05981810394,0.08090302395,-0.008071455444
52.45122561,-0.07561145342,-0.05975184565,0.08109339039,-0.007805979853
52.48874437,-0.07609855025,-0.05968503763,0.08128115146,-0.007542136052
52.52626313,-0.07658114648,-0.05961768207,0.08146631476,-0.007279920077
52.56378189,-0.0770592544,-0.05954978117,0.08164888793,-0.007019327964
52.60130065,-0.07753288634,-0.05948133713,0.08182887859,-0.006760355746
52.63881941,-0.0780020546,-0.05941235215,0.08200629436,-0.006502999461
52.67633817,-0.07846677148,-0.05934282843,0.08218114286,-0.006247255141
52.71385693,-0.0789270493,-0.05927276815,0.08235343173,-0.005993118824
52.75137569,-0.07938290037,-0.05920217353,0.08252316857,-0.005740586544
52.78889445,-0.07983433699,-0.05913104675,0.08269036102,-0.005489654335
52.82641321,-0.08028137147,-0.05905939003,0.08285501669,-0.005240318235
52.86393197,-0.08072401612,-0.05898720554,0.08301714322,-0.004992574277
52.90145073,-0.08116228325,-0.0589144955,0.08317674822,-0.004746418496
52.93896948,-0.08159618517,-0.0588412621,0.08333383932,-0.004501846929
52.97648824,-0.08202573418,-0.05876750753,0.08348842413,-0.00425885561
53.014007,-0.0824509426,-0.058693234,0.0836405103,-0.004017440574
53.05152576,-0.08287182273,-0.0586184437,0.08379010543,-0.003777597856
53.08904452,-0.08328838688,-0.05854313883,0.08393721715,-0.003539323493
53.12656328,-0.08370064736,-0.05846732159,0.08408185309,-0.003302613518
53.16408204,-0.08410861648,-0.05839099418,0.08422402086,-0.003067463967
53.2016008,-0.08451230654,-0.05831415879,0.0843637281,-0.002833870876
53.23911956,-0.08491172986,-0.05823681763,0.08450098241,-0.002601830279
53.27663832,-0.08530689874,-0.05815897288,0.08463579144,-0.002371338212
53.31415708,-0.08569782549,-0.05808062675,0.0847681628,-0.00214239071
53.35167584,-0.08608452243,-0.05800178144,0.08489810411,-0.001914983807
53.3891946,-0.08646700185,-0.05792243914,0.085025623,-0.00168911354
53.42671336,-0.08684527607,-0.05784260205,0.08515072708,-0.001464775943
53.46423212,-0.08721935739,-0.05776227237,0.085273424,-0.001241967052
53.50175088,-0.08758925813,-0.05768145229,0.08539372136,-0.001020682902
53.53926963,-0.08795499059,-0.05760014402,0.08551162679,-0.0008009195274
53.57678839,-0.08831656708,-0.05751834976,0.08562714791,-0.0005826729642
53.61430715,-0.08867399991,-0.05743607169,0.08574029235,-0.0003659392472
53.65182591,-0.08902730139,-0.05735331202,0.08585106773,-0.0001507144118
53.68934467,-0.08937648382,-0.05727007294,0.08595948168,6.300550684e-05
53.72686343,-0.08972155952,-0.05718635666,0.08606554181,0.0002752244736
53.76438219,-0.09006254079,-0.05710216537,0.08616925576,0.0004859464533
53.80190095,-0.09039943994,-0.05701750127,0.08627063113,0.0006951754107
53.83941971,-0.09073226928,-0.05693236656,0.08636967557,0.0009029153107
53.87693847,-0.09106104112,-0.05684676343,0.08646639668,0.001109170118
53.91445723,-0.09138576776,-0.05676069408,0.0865608021,0.001313943797
53.95197599,-0.09170646152,-0.05667416071,0.08665289944,0.001517240314
53.98949475,-0.09202313471,-0.05658716552,0.08674269633,0.001719063632
54.02701351,-0.09233579962,-0.05649971071,0.0868302004,0.001919417717
54.06453227,-0.09264446858,-0.05641179847,0.08691541927,0.002118306533
54.10205103,-0.09294915388,-0.056323431,0.08699836055,0.002315734046
54.13956978,-0.09324986785,-0.0562346105,0.08707903188,0.002511704219
54.17708854,-0.09354662277,-0.05614533917,0.08715744087,0.002706221019
54.2146073,-0.09383943098,-0.0560556192,0.08723359516,0.002899288409
54.25212606,-0.09412830476,-0.0559654528,0.08730750236,0.003090910354
54.28964482,-0.09441325643,-0.05587484215,0.08737917009,0.00328109082
54.32716358,-0.09469429831,-0.05578378946,0.08744860598,0.003469833771
54.36468234,-0.09497144269,-0.05569229693,0.08751581766,0.003657143172
54.4022011,-0.09524470189,-0.05560036676,0.08758081274,0.003843022988
54.43971986,-0.09551408821,-0.05550800113,0.08764359886,0.004027477183
54.47723862,-0.09577961397,-0.05541520225,0.08770418362,0.004210509722
54.51475738,-0.09604129147,-0.05532197232,0.08776257467,0.004392124571
54.55227614,-0.09629913302,-0.05522831354,0.08781877961,0.004572325694
54.5897949,-0.09655315092,-0.0551342281,0.08787280607,0.004751117055
54.62731366,-0.0968033575,-0.0550397182,0.08792466169,0.00492850262
54.66483242,-0.09704976505,-0.05494478603,0.08797435407,0.005104486354
54.70235118,-0.09729238588,-0.05484943381,0.08802189084,0.00527907222
54.73986993,-0.0975312323,-0.05475366371,0.08806727963,0.005452264185
54.77738869,-0.09776631663,-0.05465747795,0.08811052806,0.005624066213
54.81490745,-0.09799765116,-0.05456087872,0.08815164375,0.005794482268
54.85242621,-0.09822524821,-0.05446386822,0.08819063433,0.005963516316
54.88994497,-0.09844912009,-0.05436644864,0.08822750742,0.006131172321
54.92746373,-0.0986692791,-0.05426862218,0.08826227064,0.006297454248
54.96498249,-0.09888573756,-0.05417039105,0.08829493162,0.006462366062
55.00250125,-0.09909850777,-0.05407175743,0.08832549797,0.006625911728
55.04002001,-0.09930760203,-0.05397272353,0.08835397733,0.006788095211
55.07753877,-0.09951303267,-0.05387329154,0.08838037732,0.006948920474
55.11505753,-0.09971481198,-0.05377346367,0.08840470555,0.007108391484
55.15257629,-0.09991295227,-0.0536732421,0.08842696966,0.007266512205
55.19009505,-0.1001074659,-0.05357262905,0.08844717726,0.007423286602
55.22761381,-0.1002983651,-0.05347162669,0.08846533598,0.007578718639
55.26513257,-0.1004856622,-0.05337023725,0.08848145344,0.007732812282
55.30265133,-0.1006693695,-0.0532684629,0.08849553727,0.007885571495
55.34017009,-0.1008494993,-0.05316630585,0.08850759509,0.008037000243
55.37768884,-0.101026064,-0.0530637683,0.08851763452,0.008187102491
55.4152076,-0.1011990758,-0.05296085244,0.08852566318,0.008335882204
55.45272636,-0.1013685471,-0.05285756047,0.08853168871,0.008483343346
55.49024512,-0.1015344902,-0.05275389459,0.08853571872,0.008629489883
55.52776388,-0.1016969173,-0.05264985701,0.08853776083,0.008774325778
55.56528264,-0.1018558408,-0.0525454499,0.08853782267,0.008917854998
55.6028014,-0.1020112729,-0.05244067548,0.08853591186,0.009060081506
55.64032016,-0.1021632261,-0.05233553594,0.08853203603,0.009201009268
55.67783892,-0.1023117126,-0.05223003348,0.0885262028,0.009340642248
55.71535768,-0.1024567447,-0.0521241703,0.08851841979,0.009478984411
55.75287644,-0.1025983347,-0.05201794859,0.08850869462,0.009616039723
55.7903952,-0.1027364949,-0.05191137056,0.08849703493,0.009751812147
55.82791396,-0.1028712377,-0.05180443839,0.08848344832,0.009886305649
55.86543272,-0.1030025753,-0.05169715429,0.08846794243,0.01001952419
55.90295148,-0.10313052,-0.05158952046,0.08845052488,0.01015147174
55.94047024,-0.1032550843,-0.05148153909,0.08843120329,0.01028215227
55.97798899,-0.1033762803,-0.05137321238,0.08840998529,0.01041156973
56.01550775,-0.1034941204,-0.05126454253,0.08838687849,0.01053972809
56.05302651,-0.1036086168,-0.05115553174,0.08836189053,0.01066663132
56.09054527,-0.103719782,-0.05104618221,0.08833502902,0.01079228338
56.12806403,-0.1038276282,-0.05093649612,0.08830630159,0.01091668823
56.16558279,-0.1039321676,-0.05082647569,0.08827571586,0.01103984985
56.20310155,-0.1040334127,-0.0507161231,0.08824327945,0.01116177219
56.24062031,-0.1041313758,-0.05060544056,0.088209,0.01128245923
56.27813907,-0.104226069,-0.05049443026,0.08817288511,0.01140191492
56.31565783,-0.1043175049,-0.05038309441,0.08813494242,0.01152014323
56.35317659,-0.1044056955,-0.05027143519,0.08809517955,0.01163714812
56.39069535,-0.1044906534,-0.05015945482,0.08805360412,0.01175293356
56.42821411,-0.1045723907,-0.05004715547,0.08801022376,0.01186750352
56.46573287,-0.1046509198,-0.04993453936,0.08796504608,0.01198086196
56.50325163,-0.1047262529,-0.04982160868,0.08791807871,0.01209301284
56.54077039,-0.1047984025,-0.04970836563,0.08786932928,0.01220396013
56.57828914,-0.1048673808,-0.0495948124,0.08781880541,0.0123137078
56.6158079,-0.1049332001,-0.0494809512,0.08776651472,0.0124222598
56.65332666,-0.1049958727,-0.04936678422,0.08771246483,0.01252962011
56.69084542,-0.105055411,-0.04925231366,0.08765666337,0.01263579268
56.72836418,-0.1051118271,-0.04913754171,0.08759911796,0.01274078149
56.76588294,-0.1051651336,-0.04902247059,0.08753983623,0.0128445905
56.8034017,-0.1052153426,-0.04890710247,0.08747882579,0.01294722367
56.84092046,-0.1052624664,-0.04879143957,0.08741609428,0.01304868496
56.87843922,-0.1053065175,-0.04867548407,0.08735164931,0.01314897835
56.91595798,-0.105347508,-0.04855923818,0.0872854985,0.0132481078
56.95347674,-0.1053854503,-0.04844270409,0.08721764949,0.01334607727
56.9909955,-0.1054203567,-0.04832588401,0.08714810989,0.01344289072
57.02851426,-0.1054522395,-0.04820878012,0.08707688733,0.01353855213
57.06603302,-0.105481111,-0.04809139464,0.08700398943,0.01363306545
57.10355178,-0.1055069835,-0.04797372975,0.08692942382,0.01372643466
57.14107054,-0.1055298694,-0.04785578765,0.08685319811,0.01381866371
57.17858929,-0.1055497809,-0.04773757054,0.08677531993,0.01390975657
57.21610805,-0.1055667304,-0.04761908062,0.08669579691,0.01399971721
57.25362681,-0.1055807301,-0.04750032009,0.08661463666,0.01408854959
57.29114557,-0.1055917924,-0.04738129114,0.08653184682,0.01417625767
57.32866433,-0.1055999296,-0.04726199597,0.08644743499,0.01426284542
57.36618309,-0.1056051539,-0.04714243679,0.08636140882,0.01434831681
57.40370185,-0.1056074778,-0.04702261578,0.08627377592,0.0144326758
57.44122061,-0.1056069134,-0.04690253514,0.08618454391,0.01451592635
57.47873937,-0.1056034732,-0.04678219709,0.08609372042,0.01459807243
57.51625813,-0.1055971693,-0.0466616038,0.08600131306,0.01467911801
57.55377689,-0.1055880142,-0.04654075748,0.08590732948,0.01475906704
57.59129565,-0.1055760201,-0.04641966032,0.08581177727,0.0148379235
57.62881441,-0.1055611994,-0.04629831453,0.08571466408,0.01491569135
57.66633317,-0.1055435643,-0.04617672231,0.08561599753,0.01499237455
57.70385193,-0.1055231272,-0.04605488584,0.08551578523,0.01506797707
57.74137069,-0.1054999003,-0.04593280733,0.08541403481,0.01514250287
57.77888944,-0.105473896,-0.04581048898,0.08531075389,0.01521595592
57.8164082,-0.1054451266,-0.04568793298,0.0852059501,0.01528834019
57.85392696,-0.1054136044,-0.04556514153,0.08509963106,0.01535965963
57.89144572,-0.1053793417,-0.04544211683,0.0849918044,0.01542991821
57.92896448,-0.1053423508,-0.04531886108,0.08488247773,0.0154991199
57.96648324,-0.1053026441,-0.04519537647,0.08477165868,0.01556726866
58.004002,-0.1052602337,-0.04507166521,0.08465935487,0.01563436846
58.04152076,-0.1052151321,-0.04494772949,0.08454557393,0.01570042326
58.07903952,-0.1051673515,-0.0448235715,0.08443032349,0.01576543703
58.11655828,-0.1051169043,-0.04469919345,0.08431361115,0.01582941373
58.15407704,-0.1050638027,-0.04457459753,0.08419544455,0.01589235732
58.1915958,-0.1050080592,-0.04444978595,0.08407583131,0.01595427178
58.22911456,-0.1049496858,-0.04432476089,0.08395477906,0.01601516106
58.26663332,-0.1048886951,-0.04419952456,0.08383229541,0.01607502913
58.30415208,-0.1048250993,-0.04407407916,0.08370838799,0.01613387995
58.34167084,-0.1047589106,-0.04394842687,0.08358306442,0.0161917175
58.37918959,-0.1046901415,-0.04382256991,0.08345633233,0.01624854573
58.41670835,-0.1046188042,-0.04369651047,0.08332819934,0.01630436861
58.45422711,-0.104544911,-0.04357025074,0.08319867308,0.01635919011
58.49174587,-0.1044684743,-0.04344379293,0.08306776115,0.01641301418
58.52926463,-0.1043895063,-0.04331713923,0.0829354712,0.0164658448
58.56678339,-0.1043080193,-0.04319029184,0.08280181084,0.01651768593
58.60430215,-0.1042240258,-0.04306325295,0.0826667877,0.01656854153
58.64182091,-0.1041375379,-0.04293602477,0.0825304094,0.01661841557
58.67933967,-0.1040485679,-0.0428086095,0.08239268356,0.01666731201
58.71685843,-0.1039571283,-0.04268100932,0.08225361781,0.01671523483
58.75437719,-0.1038632312,-0.04255322644,0.08211321976,0.01676218797
58.79189595,-0.1037668891,-0.04242526306,0.08197149705,0.01680817541
58.82941471,-0.1036681141,-0.04229712138,0.0818284573,0.01685320112
58.86693347,-0.1035669187,-0.04216880358,0.08168410812,0.01689726905
58.90445223,-0.1034633151,-0.04204031187,0.08153845715,0.01694038318
58.94197099,-0.1033573157,-0.04191164846,0.081391512,0.01698254746
58.97948974,-0.1032489327,-0.04178281552,0.0812432803,0.01702376586
59.0170085,-0.1031381784,-0.04165381527,0.08109376967,0.01706404235
59.05452726,-0.1030250652,-0.04152464991,0.08094298774,0.0171033809
59.09204602,-0.1029096054,-0.04139532162,0.08079094213,0.01714178545
59.12956478,-0.1027918113,-0.0412658326,0.08063764046,0.01717925999
59.16708354,-0.1026716951,-0.04113618506,0.08048309036,0.01721580848
59.2046023,-0.1025492693,-0.04100638119,0.08032729945,0.01725143488
59.24212106,-0.102424546,-0.0408764232,0.08017027535,0.01728614315
59.27963982,-0.1022975377,-0.04074631327,0.08001202568,0.01731993726
59.31715858,-0.1021682566,-0.0406160536,0.07985255807,0.01735282118
59.35467734,-0.102036715,-0.0404856464,0.07969188015,0.01738479887
59.3921961,-0.1019029253,-0.04035509386,0.07952999953,0.01741587429
59.42971486,-0.1017668997,-0.04022439818,0.07936692384,0.01744605141
59.46723362,-0.1016286505,-0.04009356156,0.0792026607,0.0174753342
59.50475238,-0.1014881902,-0.03996258618,0.07903721774,0.01750372661
59.54227114,-0.1013455308,-0.03983147427,0.07887060258,0.01753123262
59.57978989,-0.1012006849,-0.039700228,0.07870282283,0.01755785619
59.61730865,-0.1010536647,-0.03956884958,0.07853388614,0.01758360129
59.65482741,-0.1009044824,-0.0394373412,0.07836380011,0.01760847187
59.69234617,-0.1007531505,-0.03930570507,0.07819257237,0.0176324719
59.72986493,-0.1005996812,-0.03917394338,0.07802021055,0.01765560536
59.76738369,-0.1004440868,-0.03904205833,0.07784672227,0.01767787619
59.80490245,-0.1002863796,-0.03891005212,0.07767211515,0.01769928838
59.84242121,-0.100126572,-0.03877792694,0.07749639682,0.01771984587
59.87993997,-0.09996467625,-0.03864568499,0.07731957489,0.01773955265
59.91745873,-0.09980070463,-0.03851332848,0.077141657,0.01775841266
59.95497749,-0.09963466948,-0.03838085959,0.07696265076,0.01777642988
59.99249625,-0.0994665831,-0.03824828053,0.07678256379,0.01779360828
60.03001501,-0.0992964578,-0.03811559349,0.07660140373,0.01780995181
60.06753377,-0.09912430589,-0.03798280067,0.0764191782,0.01782546444
60.10505253,-0.09895013969,-0.03784990427,0.07623589481,0.01784015014
60.14257129,-0.09877397149,-0.03771690649,0.0760515612,0.01785401287
60.18009005,-0.0985958136,-0.03758380953,0.07586618498,0.0178670566
60.2176088,-0.09841567834,-0.03745061557,0.07567977378,0.01787928529
60.25512756,-0.09823357801,-0.03731732683,0.07549233522,0.0178907029
60.29264632,-0.09804952493,-0.03718394549,0.07530387692,0.0179013134
60.33016508,-0.09786353139,-0.03705047376,0.07511440651,0.01791112076
60.36768384,-0.09767560971,-0.03691691384,0.07492393162,0.01792012894
60.4052026,-0.0974857722,-0.03678326792,0.07473245986,0.0179283419
60.44272136,-0.09729403116,-0.03664953819,0.07453999885,0.01793576361
60.48024012,-0.09710039891,-0.03651572687,0.07434655623,0.01794239804
60.51775888,-0.09690488774,-0.03638183613,0.07415213961,0.01794824915
60.55527764,-0.09670750998,-0.0362478682,0.07395675662,0.0179533209
60.5927964,-0.09650827793,-0.03611382525,0.07376041489,0.01795761726
60.63031516,-0.09630720389,-0.03597970949,0.07356312202,0.01796114219
60.66783392,-0.09610430018,-0.03584552311,0.07336488566,0.01796389966
60.70535268,-0.0958995791,-0.03571126832,0.07316571341,0.01796589363
60.74287144,-0.09569305297,-0.03557694732,0.07296561291,0.01796712808
60.7803902,-0.09548473408,-0.03544256229,0.07276459178,0.01796760695
60.81790895,-0.09527463476,-0.03530811544,0.07256265763,0.01796733423
60.85542771,-0.0950627673,-0.03517360896,0.07235981811,0.01796631386
60.89294647,-0.09484914402,-0.03503904506,0.07215608082,0.01796454982
60.93046523,-0.09463377722,-0.03490442593,0.07195145339,0.01796204608
60.96798399,-0.09441667922,-0.03476975377,0.07174594344,0.01795880659
61.00550275,-0.09419786231,-0.03463503077,0.07153955861,0.01795483533
61.04302151,-0.09397733882,-0.03450025914,0.0713323065,0.01795013625
61.08054027,-0.09375512105,-0.03436544107,0.07112419475,0.01794471332
61.11805903,-0.0935312213,-0.03423057876,0.07091523097,0.01793857051
61.15557779,-0.09330565189,-0.03409567441,0.0707054228,0.01793171178
61.19309655,-0.09307842512,-0.03396073021,0.07049477785,0.01792414109
61.23061531,-0.0928495533,-0.03382574836,0.07028330374,0.01791586242
61.26813407,-0.09261904875,-0.03369073107,0.07007100811,0.01790687972
61.30565283,-0.09238692376,-0.03355568053,0.06985789857,0.01789719696
61.34317159,-0.09215319065,-0.03342059893,0.06964398275,0.01788681811
61.38069035,-0.09191786173,-0.03328548848,0.06942926827,0.01787574712
61.4182091,-0.0916809493,-0.03315035137,0.06921376275,0.01786398798
61.45572786,-0.09144246567,-0.0330151898,0.06899747382,0.01785154463
61.49324662,-0.09120242315,-0.03288000596,0.0687804091,0.01783842104
61.53076538,-0.09096083406,-0.03274480207,0.06856257622,0.01782462119
61.56828414,-0.09071771069,-0.0326095803,0.06834398279,0.01781014903
61.6058029,-0.09047306536,-0.03247434287,0.06812463644,0.01779500852
61.64332166,-0.09022691037,-0.03233909197,0.0679045448,0.01777920365
61.68084042,-0.08997925804,-0.03220382979,0.06768371548,0.01776273835
61.71835918,-0.08973012066,-0.03206855854,0.06746215611,0.01774561662
61.75587794,-0.08947951056,-0.03193328041,0.06723987432,0.0177278424
61.7933967,-0.08922744004,-0.0317979976,0.06701687772,0.01770941966
61.83091546,-0.0889739214,-0.03166271231,0.06679317394,0.01769035237
61.86843422,-0.08871896696,-0.03152742673,0.06656877061,0.0176706445
61.90595298,-0.08846258903,-0.03139214307,0.06634367534,0.0176503
61.94347174,-0.0882047999,-0.03125686352,0.06611789576,0.01762932284
61.9809905,-0.0879456119,-0.03112159028,0.0658914395,0.01760771699
62.01850925,-0.08768503732,-0.03098632554,0.06566431417,0.01758548641
62.05602801,-0.08742308849,-0.03085107151,0.06543652741,0.01756263507
62.09354677,-0.0871597777,-0.03071583039,0.06520808682,0.01753916693
62.13106553,-0.08689511726,-0.03058060436,0.06497900005,0.01751508596
62.16858429,-0.08662911949,-0.03044539563,0.0647492747,0.01749039612
62.20610305,-0.08636179669,-0.0303102064,0.0645189184,0.01746510137
62.24362181,-0.08609316117,-0.03017503886,0.06428793879,0.01743920568
62.28114057,-0.08582322523,-0.03003989521,0.06405634347,0.01741271302
62.31865933,-0.0855520012,-0.02990477766,0.06382414007,0.01738562735
62.35617809,-0.08527950137,-0.02976968839,0.06359133623,0.01735795264
62.39369685,-0.08500573805,-0.0296346296,0.06335793955,0.01732969284
62.43121561,-0.08473072355,-0.0294996035,0.06312395766,0.01730085193
62.46873437,-0.08445447019,-0.02936461228,0.06288939819,0.01727143387
62.50625313,-0.08417699026,-0.02922965813,0.06265426876,0.01724144262
62.54377189,-0.08389829609,-0.02909474327,0.06241857699,0.01721088215
62.58129065,-0.08361839996,-0.02895986987,0.06218233051,0.01717975643
62.6188094,-0.08333731421,-0.02882504015,0.06194553694,0.01714806941
62.65632816,-0.08305505112,-0.0286902563,0.0617082039,0.01711582507
62.69384692,-0.08277162302,-0.02855552052,0.06147033902,0.01708302737
62.73136568,-0.0824870422,-0.028420835,0.06123194992,0.01704968027
62.76888444,-0.08220132098,-0.02828620194,0.06099304422,0.01701578773
62.8064032,-0.08191447167,-0.02815162355,0.06075362954,0.01698135373
62.84392196,-0.08162650658,-0.02801710201,0.06051371351,0.01694638223
62.88144072,-0.08133743801,-0.02788263953,0.06027330376,0.01691087719
62.91895948,-0.08104727827,-0.0277482383,0.0600324079,0.01687484258
62.95647824,-0.08075603967,-0.02761390053,0.05979103357,0.01683828236
62.993997,-0.08046373452,-0.0274796284,0.05954918837,0.0168012005
63.03151576,-0.08017037512,-0.02734542413,0.05930687994,0.01676360096
63.06903452,-0.07987597379,-0.0272112899,0.0590641159,0.0167254877
63.10655328,-0.07958054284,-0.02707722791,0.05882090387,0.0166868647
63.14407204,-0.07928409457,-0.02694324036,0.05857725148,0.01664773591
63.1815908,-0.07898664129,-0.02680932945,0.05833316635,0.0166081053
63.21910955,-0.0786881953,-0.02667549738,0.0580886561,0.01656797684
63.25662831,-0.07838876893,-0.02654174634,0.05784372835,0.01652735449
63.29414707,-0.07808837447,-0.02640807854,0.05759839073,0.01648624222
63.33166583,-0.07778702424,-0.02627449616,0.05735265087,0.01644464398
63.36918459,-0.07748473054,-0.02614100142,0.05710651638,0.01640256375
63.40670335,-0.07718150568,-0.0260075965,0.05685999489,0.01636000549
63.44422211,-0.07687736197,-0.0258742836,0.05661309402,0.01631697317
63.48174087,-0.07657231172,-0.02574106492,0.0563658214,0.01627347074
63.51925963,-0.07626636723,-0.02560794266,0.05611818465,0.01622950218
63.55677839,-0.07595954083,-0.02547491902,0.05587019138,0.01618507145
63.59429715,-0.0756518448,-0.0253419962,0.05562184924,0.01614018251
63.63181591,-0.07534329147,-0.02520917638,0.05537316583,0.01609483933
63.66933467,-0.07503389314,-0.02507646178,0.05512414878,0.01604904587
63.70685343,-0.07472366211,-0.02494385458,0.05487480572,0.01600280611
63.74437219,-0.07441261071,-0.02481135699,0.05462514427,0.01595612399
63.78189095,-0.07410075123,-0.0246789712,0.05437517205,0.0159090035
63.8194097,-0.07378809598,-0.02454669942,0.05412489668,0.01586144858
63.85692846,-0.07347465728,-0.02441454383,0.0538743258,0.01581346321
63.89444722,-0.07316044743,-0.02428250664,0.05362346701,0.01576505136
63.93196598,-0.07284547874,-0.02415059005,0.05337232795,0.01571621698
63.96948474,-0.07252976351,-0.02401879625,0.05312091624,0.01566696405
64.0070035,-0.07221331406,-0.02388712744,0.0528692395,0.01561729652
64.04452226,-0.0718961427,-0.02375558581,0.05261730535,0.01556721836
64.08204102,-0.07157826173,-0.02362417358,0.05236512142,0.01551673354
64.11955978,-0.07125968347,-0.02349289292,0.05211269534,0.01546584603
64.15707854,-0.07094042021,-0.02336174605,0.05186003472,0.01541455977
64.1945973,-0.07062048427,-0.02323073516,0.05160714719,0.01536287875
64.23211606,-0.07029988796,-0.02309986245,0.05135404036,0.01531080693
64.26963482,-0.06997864358,-0.0229691301,0.05110072188,0.01525834826
64.30715358,-0.06965676345,-0.02283854034,0.05084719935,0.01520550672
64.34467234,-0.06933425987,-0.02270809534,0.0505934804,0.01515228627
64.3821911,-0.06901114515,-0.02257779731,0.05033957266,0.01509869088
64.41970985,-0.06868743161,-0.02244764845,0.05008548374,0.0150447245
64.45722861,-0.06836313153,-0.02231765095,0.04983122128,0.01499039111
64.49474737,-0.06803825725,-0.02218780702,0.04957679289,0.01493569467
64.53226613,-0.06771282106,-0.02205811884,0.0493222062,0.01488063914
64.56978489,-0.06738683527,-0.02192858862,0.04906746883,0.01482522849
64.60730365,-0.0670603122,-0.02179921856,0.0488125884,0.01476946669
64.64482241,-0.06673326414,-0.02167001084,0.04855757255,0.01471335769
64.68234117,-0.06640570341,-0.02154096768,0.04830242888,0.01465690547
64.71985993,-0.06607764232,-0.02141209127,0.04804716503,0.01460011399
64.75737869,-0.06574909318,-0.02128338381,0.04779178861,0.01454298721
64.79489745,-0.06542006829,-0.02115484749,0.04753630726,0.01448552909
64.83241621,-0.06509057996,-0.02102648451,0.04728072859,0.01442774361
64.86993497,-0.0647606405,-0.02089829707,0.04702506023,0.01436963473
64.90745373,-0.06443026222,-0.02077028736,0.0467693098,0.01431120641
64.94497249,-0.06409945743,-0.0206424576,0.04651348492,0.01425246262
64.98249125,-0.06376823843,-0.02051480997,0.04625759322,0.01419340732
65.02001001,-0.06343661754,-0.02038734666,0.04600164232,0.01413404447
65.05752876,-0.06310460706,-0.02026006989,0.04574563985,0.01407437805
65.09504752,-0.0627722193,-0.02013298184,0.04548959342,0.01401441201
65.13256628,-0.06243946657,-0.02000608472,0.04523351066,0.01395415033
65.17008504,-0.06210636118,-0.01987938072,0.0449773992,0.01389359696
65.2076038,-0.06177291544,-0.01975287204,0.04472126665,0.01383275587
65.24512256,-0.06143914165,-0.01962656088,0.04446512065,0.01377163103
65.28264132,-0.06110505212,-0.01950044943,0.04420896881,0.0137102264
65.32016008,-0.06077065917,-0.01937453989,0.04395281875,0.01364854594
65.35767884,-0.0604359751,-0.01924883447,0.04369667811,0.01358659362
65.3951976,-0.06010101221,-0.01912333536,0.0434405545,0.01352437341
65.43271636,-0.05976578283,-0.01899804475,0.04318445555,0.01346188927
65.47023512,-0.05943029924,-0.01887296485,0.04292838888,0.01339914516
65.50775388,-0.05909457378,-0.01874809785,0.04267236211,0.01333614505
65.54527264,-0.05875861873,-0.01862344595,0.04241638287,0.01327289291
65.5827914,-0.05842244642,-0.01849901135,0.04216045877,0.0132093927
65.62031016,-0.05808606914,-0.01837479624,0.04190459746,0.01314564837
65.65782891,-0.05774949922,-0.01825080283,0.04164880654,0.01308166391
65.69534767,-0.05741274894,-0.01812703331,0.04139309363,0.01301744327
65.73286643,-0.05707583064,-0.01800348988,0.04113746638,0.01295299042
65.77038519,-0.05673875661,-0.01788017473,0.04088193239,0.01288830932
65.80790395,-0.05640153915,-0.01775709007,0.04062649929,0.01282340394
65.84542271,-0.05606419059,-0.01763423809,0.0403711747,0.01275827825
65.88294147,-0.05572672323,-0.017511621,0.04011596625,0.0126929362
65.92046023,-0.05538914937,-0.01738924098,0.03986088156,0.01262738176
65.95797899,-0.05505148133,-0.01726710023,0.03960592825,0.0125616189
65.99549775,-0.05471373142,-0.01714520096,0.03935111395,0.01249565158
66.03301651,-0.05437591193,-0.01702354537,0.03909644628,0.01242948377
66.07053527,-0.05403803519,-0.01690213564,0.03884193286,0.01236311943
66.10805403,-0.05370011349,-0.01678097398,0.03858758132,0.01229656252
66.14557279,-0.05336215915,-0.01666006258,0.03833339928,0.01222981702
66.18309155,-0.05302418448,-0.01653940365,0.03807939436,0.01216288688
66.22061031,-0.05268620178,-0.01641899937,0.03782557419,0.01209577608
66.25812906,-0.05234822337,-0.01629885196,0.03757194639,0.01202848857
66.29564782,-0.05201026155,-0.0161789636,0.03731851858,0.01196102832
66.33316658,-0.05167232862,-0.0160593365,0.03706529839,0.01189339929
66.37068534,-0.05133443691,-0.01593997284,0.03681229344,0.01182560546
66.4082041,-0.05099659871,-0.01582087484,0.03655951135,0.01175765078
66.44572286,-0.05065882633,-0.01570204469,0.03630695974,0.01168953922
66.48324162,-0.05032113209,-0.01558348457,0.03605464625,0.01162127474
66.52076038,-0.04998352829,-0.01546519671,0.03580257849,0.01155286131
66.55827914,-0.04964602725,-0.01534718328,0.03555076408,0.0114843029
66.5957979,-0.04930864126,-0.01522944649,0.03529921066,0.01141560347
66.63331666,-0.04897138263,-0.01511198854,0.03504792583,0.01134676698
66.67083542,-0.04863426369,-0.01499481162,0.03479691724,0.0112777974
66.70835418,-0.04829729672,-0.01487791794,0.03454619249,0.01120869869
66.74587294,-0.04796049405,-0.01476130968,0.03429575921,0.01113947482
66.7833917,-0.04762386799,-0.01464498905,0.03404562504,0.01107012975
66.82091046,-0.04728743083,-0.01452895825,0.03379579758,0.01100066746
66.85842921,-0.04695119488,-0.01441321947,0.03354628446,0.01093109189
66.89594797,-0.04661517247,-0.01429777491,0.03329709331,0.01086140702
66.93346673,-0.04627937589,-0.01418262677,0.03304823174,0.01079161681
66.97098549,-0.04594381745,-0.01406777724,0.03279970739,0.01072172523
67.00850425,-0.04560850946,-0.01395322853,0.03255152788,0.01065173625
67.04602301,-0.04527346424,-0.01383898284,0.03230370082,0.01058165382
67.08354177,-0.04493869408,-0.01372504235,0.03205623385,0.01051148191
67.12106053,-0.0446042113,-0.01361140927,0.03180913458,0.01044122448
67.15857929,-0.0442700282,-0.0134980858,0.03156241065,0.01037088551
67.19609805,-0.0439361571,-0.01338507413,0.03131606966,0.01030046895
67.23361681,-0.0436026103,-0.01327237646,0.03107011925,0.01022997878
67.27113557,-0.04326940011,-0.01315999499,0.03082456704,0.01015941895
67.30865433,-0.04293653884,-0.01304793191,0.03057942065,0.01008879343
67.34617309,-0.0426040388,-0.01293618943,0.0303346877,0.01001810619
67.38369185,-0.04227191229,-0.01282476974,0.03009037583,0.009947361181
67.42121061,-0.04194017163,-0.01271367505,0.02984649264,0.009876562382
67.45872936,-0.04160882912,-0.01260290754,0.02960304578,0.009805713752
67.49624812,-0.04127789708,-0.01249246942,0.02936004285,0.009734819257
67.53376688,-0.0409473878,-0.01238236288,0.02911749148,0.00966388286
67.57128564,-0.0406173136,-0.01227259012,0.0288753993,0.009592908528
67.6088044,-0.04028768679,-0.01216315334,0.02863377392,0.009521900225
67.64632316,-0.03995851967,-0.01205405474,0.02839262298,0.009450861915
67.68384192,-0.03962982455,-0.01194529651,0.02815195409,0.009379797564
67.72136068,-0.03930161375,-0.01183688085,0.02791177489,0.009308711136
67.75887944,-0.03897389957,-0.01172880997,0.02767209298,0.009237606597
67.7963982,-0.03864669431,-0.01162108605,0.027432916,0.00916648791
67.83391696,-0.0383200103,-0.0115137113,0.02719425157,0.009095359041
67.87143572,-0.03799385983,-0.01140668792,0.0269561073,0.009024223955
67.90895448,-0.03766825521,-0.01130001809,0.02671849084,0.008953086615
67.94647324,-0.03734320876,-0.01119370402,0.02648140979,0.008881950989
67.983992,-0.03701873277,-0.01108774792,0.02624487178,0.008810821039
68.02151076,-0.03669483957,-0.01098215196,0.02600888444,0.008739700731
68.05902951,-0.03637154145,-0.01087691836,0.02577345539,0.008668594029
68.09654827,-0.03604885073,-0.01077204931,0.02553859225,0.008597504899
68.13406703,-0.03572677972,-0.01066754701,0.02530430264,0.008526437306
68.17158579,-0.03540534072,-0.01056341365,0.02507059419,0.008455395213
68.20910455,-0.03508454604,-0.01045965144,0.02483747452,0.008384382586
68.24662331,-0.03476440799,-0.01035626257,0.02460495126,0.00831340339
68.28414207,-0.03444493888,-0.01025324924,0.02437303202,0.008242461589
68.32166083,-0.03412615101,-0.01015061364,0.02414172444,0.008171561149
68.35917959,-0.0338080567,-0.01004835799,0.02391103613,0.008100706034
68.39669835,-0.03349066826,-0.00994648446,0.02368097472,0.008029900209
68.43421711,-0.03317399798,-0.009844995265,0.02345154783,0.007959147638
68.47173587,-0.03285805819,-0.009743892599,0.02322276308,0.007888452287
68.50925463,-0.03254286119,-0.009643178659,0.02299462811,0.007817818121
68.54677339,-0.03222841928,-0.009542855643,0.02276715052,0.007747249103
68.58429215,-0.03191474478,-0.009442925749,0.02254033795,0.0076767492
68.62181091,-0.03160185,-0.009343391175,0.02231419801,0.007606322375
68.65932966,-0.03128974724,-0.009244254119,0.02208873834,0.007535972595
68.69684842,-0.0309784488,-0.009145516777,0.02186396655,0.007465703822
68.73436718,-0.03066796701,-0.009047181349,0.02163989027,0.007395520023
68.77188594,-0.03035831417,-0.008949250032,0.02141651712,0.007325425162
68.8094047,-0.03004950258,-0.008851725023,0.02119385472,0.007255423204
68.84692346,-0.02974154456,-0.008754608521,0.0209719107,0.007185518113
68.88444222,-0.02943445241,-0.008657902724,0.02075069268,0.007115713855
68.92196098,-0.02912823845,-0.008561609828,0.02053020829,0.007046014394
68.95947974,-0.02882291497,-0.008465732032,0.02031046514,0.006976423696
68.9969985,-0.0285184943,-0.008370271534,0.02009147086,0.006906945724
69.03451726,-0.02821498873,-0.008275230532,0.01987323308,0.006837584444
69.07203602,-0.02791241057,-0.008180611223,0.01965575942,0.006768343821
69.10955478,-0.02761077214,-0.008086415805,0.01943905749,0.006699227819
69.14707354,-0.02731008575,-0.007992646476,0.01922313493,0.006630240403
69.1845923,-0.02701036369,-0.007899305434,0.01900799936,0.006561385539
69.22211106,-0.02671161828,-0.007806394876,0.0187936584,0.00649266719
69.25962981,-0.02641386183,-0.007713917,0.01858011967,0.006424089321
69.29714857,-0.02611710665,-0.007621874005,0.0183673908,0.006355655899
69.33466733,-0.02582136504,-0.007530268087,0.01815547941,0.006287370886
69.37218609,-0.02552664932,-0.007439101446,0.01794439312,0.006219238249
69.40970485,-0.02523297179,-0.007348376277,0.01773413956,0.006151261951
69.44722361,-0.02494034475,-0.00725809478,0.01752472635,0.006083445958
69.48474237,-0.02464878053,-0.007168259153,0.01731616111,0.006015794235
69.52226113,-0.02435829142,-0.007078871592,0.01710845147,0.005948310746
69.55977989,-0.02406888974,-0.006989934296,0.01690160505,0.005880999456
69.59729865,-0.02378058779,-0.006901449462,0.01669562948,0.00581386433
69.63481741,-0.02349339789,-0.006813419289,0.01649053237,0.005746909333
69.67233617,-0.02320733233,-0.006725845973,0.01628632135,0.005680138429
69.70985493,-0.02292240344,-0.006638731714,0.01608300404,0.005613555584
69.74737369,-0.02263862351,-0.006552078708,0.01588058807,0.005547164762
69.78489245,-0.02235600486,-0.006465889154,0.01567908106,0.005480969928
69.82241121,-0.02207455979,-0.00638016525,0.01547849064,0.005414975047
69.85992996,-0.02179430061,-0.006294909192,0.01527882442,0.005349184084
69.89744872,-0.02151523964,-0.006210123179,0.01508009003,0.005283601002
69.93496748,-0.02123738918,-0.006125809409,0.0148822951,0.005218229769
69.97248624,-0.02096076153,-0.006041970079,0.01468544724,0.005153074347
70.010005,-0.02068536901,-0.005958607388,0.01448955408,0.005088138702
70.04752376,-0.02041122393,-0.005875723533,0.01429462324,0.005023426799
70.08504252,-0.02013833859,-0.005793320712,0.01410066235,0.004958942603
70.12256128,-0.0198667253,-0.005711401122,0.01390767903,0.004894690077
70.16008004,-0.01959639637,-0.005629966962,0.01371568091,0.004830673188
70.1975988,-0.01932736411,-0.005549020429,0.0135246756,0.0047668959
70.23511756,-0.01905964083,-0.005468563722,0.01333467073,0.004703362178
70.27263632,-0.01879323884,-0.005388599037,0.01314567392,0.004640075986
70.31015508,-0.01852817044,-0.005309128573,0.0129576928,0.00457704129
70.34767384,-0.01826444794,-0.005230154528,0.01277073498,0.004514262053
70.3851926,-0.01800208365,-0.005151679098,0.01258480811,0.004451742242
70.42271136,-0.01774108988,-0.005073704483,0.01239991978,0.004389485821
70.46023012,-0.01748147894,-0.00499623288,0.01221607764,0.004327496754
70.49774887,-0.01722326313,-0.004919266487,0.0120332893,0.004265779007
70.53526763,-0.01696645478,-0.004842807501,0.01185156238,0.004204336544
70.57278639,-0.01671106617,-0.00476685812,0.01167090452,0.00414317333
70.61030515,-0.01645710962,-0.004691420542,0.01149132333,0.004082293331
70.64782391,-0.01620459745,-0.004616496965,0.01131282643,0.004021700509
70.68534267,-0.01595354195,-0.004542089587,0.01113542145,0.003961398832
70.72286143,-0.01570395545,-0.004468200606,0.01095911602,0.003901392262
70.76038019,-0.01545585023,-0.004394832219,0.01078391775,0.003841684766
70.79789895,-0.01520923862,-0.004321986624,0.01060983427,0.003782280308
70.83541771,-0.01496413293,-0.004249666018,0.0104368732,0.003723182852
70.87293647,-0.01472054545,-0.004177872601,0.01026504217,0.003664396365
70.91045523,-0.0144784885,-0.004106608569,0.0100943488,0.003605924809
70.94797399,-0.01423797439,-0.00403587612,0.009924800707,0.003547772151
70.98549275,-0.01399901543,-0.003965677452,0.009756405523,0.003489942355
71.02301151,-0.01376162392,-0.003896014764,0.009589170867,0.003432439385
71.06053027,-0.01352581217,-0.003826890251,0.009423104364,0.003375267208
71.09804902,-0.0132915925,-0.003758306114,0.009258213637,0.003318429786
71.13556778,-0.0130589772,-0.003690264549,0.009094506308,0.003261931087
71.17308654,-0.0128279786,-0.003622767753,0.008931990002,0.003205775073
71.2106053,-0.01259860899,-0.003555817926,0.008770672341,0.00314996571
71.24812406,-0.01237088068,-0.003489417264,0.008610560949,0.003094506962
71.28564282,-0.01214480599,-0.003423567966,0.008451663449,0.003039402796
71.32316158,-0.01192039722,-0.003358272229,0.008293987464,0.002984657174
71.36068034,-0.01169766668,-0.003293532252,0.008137540618,0.002930274063
71.3981991,-0.01147662668,-0.003229350231,0.007982330534,0.002876257427
71.43571786,-0.01125728953,-0.003165728365,0.007828364836,0.002822611231
71.47323662,-0.01103966753,-0.003102668851,0.007675651146,0.002769339439
71.51075538,-0.010823773,-0.003040173887,0.007524197088,0.002716446016
71.54827414,-0.01060961824,-0.002978245672,0.007374010285,0.002663934928
71.5857929,-0.01039721556,-0.002916886403,0.00722509836,0.002611810139
71.62331166,-0.01018657727,-0.002856098277,0.007077468938,0.002560075614
71.66083042,-0.00997771568,-0.002795883493,0.00693112964,0.002508735317
71.69834917,-0.009770643095,-0.002736244248,0.006786088091,0.002457793214
71.73586793,-0.009565371825,-0.00267718274,0.006642351914,0.002407253269
71.77338669,-0.009361914178,-0.002618701167,0.006499928731,0.002357119447
71.81090545,-0.009160282463,-0.002560801726,0.006358826167,0.002307395713
71.84842421,-0.008960488987,-0.002503486616,0.006219051845,0.002258086032
71.88594297,-0.008762546061,-0.002446758035,0.006080613388,0.002209194368
71.92346173,-0.008566465991,-0.002390618179,0.005943518418,0.002160724687
71.96098049,-0.008372261087,-0.002335069248,0.005807774561,0.002112680953
71.99849925,-0.008179943657,-0.002280113438,0.005673389438,0.002065067131
72.03601801,-0.007989526009,-0.002225752947,0.005540370673,0.002017887186
72.07353677,-0.007801020452,-0.002171989974,0.005408725889,0.001971145082
72.11105553,-0.007614439295,-0.002118826716,0.005278462711,0.001924844785
72.14857429,-0.007429794844,-0.002066265371,0.00514958876,0.001878990259
72.18609305,-0.00724709941,-0.002014308136,0.005022111661,0.001833585468
72.22361181,-0.007066365301,-0.00196295721,0.004896039036,0.001788634379
72.26113057,-0.006887604824,-0.00191221479,0.004771378509,0.001744140956
72.29864932,-0.006710830289,-0.001862083074,0.004648137704,0.001700109163
72.33616808,-0.006536054004,-0.001812564261,0.004526324243,0.001656542965
72.37368684,-0.006363288277,-0.001763660546,0.00440594575,0.001613446327
72.4112056,-0.006192545416,-0.00171537413,0.004287009848,0.001570823215
72.44872436,-0.006023837731,-0.001667707208,0.00416952416,0.001528677592
72.48624312,-0.00585717753,-0.00162066198,0.00405349631,0.001487013423
72.52376188,-0.00569257712,-0.001574240642,0.003938933922,0.001445834674
72.56128064,-0.005530048811,-0.001528445393,0.003825844617,0.001405145309
72.5987994,-0.005369604911,-0.001483278431,0.00371423602,0.001364949293
72.63631816,-0.005211257729,-0.001438741953,0.003604115755,0.001325250591
72.67383692,-0.005055019572,-0.001394838157,0.003495491443,0.001286053168
72.71135568,-0.004900902749,-0.001351569241,0.003388370709,0.001247360988
72.74887444,-0.004748919569,-0.001308937402,0.003282761176,0.001209178016
72.7863932,-0.00459908234,-0.001266944839,0.003178670467,0.001171508217
72.82391196,-0.004451403371,-0.00122559375,0.003076106205,0.001134355556
72.86143072,-0.004305894969,-0.001184886331,0.002975076014,0.001097723998
72.89894947,-0.004162569444,-0.001144824781,0.002875587517,0.001061617507
72.93646823,-0.004021439104,-0.001105411298,0.002777648338,0.001026040049
72.97398699,-0.003882516257,-0.001066648079,0.002681266099,0.0009909955872
73.01150575,-0.003745813212,-0.001028537323,0.002586448424,0.0009564880878
73.04902451,-0.003611342277,-0.0009910812263,0.002493202937,0.0009225215151
73.08654327,-0.003479115761,-0.0009542819878,0.00240153726,0.0008890998339
73.12406203,-0.003349145972,-0.0009181418049,0.002311459017,0.0008562270092
73.16158079,-0.003221445218,-0.0008826628755,0.002222975831,0.0008239070056
73.19909955,-0.003096025809,-0.0008478473974,0.002136095325,0.0007921437879
73.23661831,-0.002972900051,-0.0008136975683,0.002050825124,0.0007609413211
73.27413707,-0.002852080255,-0.0007802155861,0.001967172849,0.0007303035699
73.31165583,-0.002733578727,-0.0007474036486,0.001885146125,0.0007002344992
73.34917459,-0.002617407778,-0.0007152639535,0.001804752574,0.0006707380736
73.38669335,-0.002503579714,-0.0006837986987,0.001725999821,0.0006418182582
73.42421211,-0.002392106845,-0.0006530100819,0.001648895487,0.0006134790176
73.46173087,-0.002283001479,-0.000622900301,0.001573447197,0.0005857243167
73.49924962,-0.002176275925,-0.0005934715537,0.001499662575,0.0005585581202
73.53676838,-0.00207194249,-0.0005647260379,0.001427549242,0.0005319843931
73.57428714,-0.001970013484,-0.0005366659514,0.001357114823,0.0005060071001
73.6118059,-0.001870501214,-0.0005092934919,0.00128836694,0.000480630206
73.64932466,-0.00177341799,-0.0004826108572,0.001221313218,0.0004558576757
73.68684342,-0.001678776119,-0.0004566202453,0.001155961279,0.000431693474
73.72436218,-0.00158658791,-0.0004313238537,0.001092318747,0.0004081415656
73.76188094,-0.001496865672,-0.0004067238805,0.001030393244,0.0003852059154
73.7993997,-0.001409621713,-0.0003828225232,0.0009701923953,0.0003628904881
73.83691846,-0.001324868341,-0.0003596219799,0.0009117238229,0.0003411992487
73.87443722,-0.001242617865,-0.0003371244482,0.0008549951503,0.000320136162
73.91195598,-0.001162882594,-0.0003153321259,0.000800014001,0.0002997051926
73.94947474,-0.001085674835,-0.0002942472109,0.0007467879982,0.0002799103055
73.9869935,-0.001011006897,-0.0002738719009,0.0006953247651,0.0002607554655
74.02451226,-0.0009388910885,-0.0002542083938,0.0006456319252,0.0002422446373
74.06203102,-0.0008693397182,-0.0002352588873,0.0005977171017,0.0002243817859
74.09954977,-0.0008023650944,-0.0002170255793,0.0005515879178,0.0002071708759
74.13706853,-0.0007379795255,-0.0001995106675,0.000507251997,0.0001906158722
74.17458729,-0.0006761953199,-0.0001827163498,0.0004647169625,0.0001747207397
74.21210605,-0.0006170247861,-0.0001666448239,0.0004239904376,0.0001594894431
74.24962481,-0.0005604802325,-0.0001512982877,0.0003850800455,0.0001449259472
74.28714357,-0.0005065739675,-0.0001366789389,0.0003479934097,0.000131034217
74.32466233,-0.0004553182997,-0.0001227889754,0.0003127381534,0.0001178182171
74.36218109,-0.0004067255373,-0.0001096305949,0.0002793219,0.0001052819123
74.39969985,-0.000360807989,-9.720599524e-05,0.0002477522726,9.342926764e-05
74.43721861,-0.000317577963,-8.551737424e-05,0.0002180368946,8.226424774e-05
74.47473737,-0.0002770477679,-7.456692967e-05,0.0001901833894,7.179081748e-05
74.51225613,-0.000239229712,-6.435685935e-05,0.0001641993802,6.201294165e-05
74.54977489,-0.0002041361039,-5.488936107e-05,0.0001400924903,5.293458508e-05
74.58729365,-0.0001717792519,-4.616663264e-05,0.000117870343,4.455971258e-05
74.62481241,-0.0001421714645,-3.819087184e-05,9.754056162e-05,3.689228896e-05
74.66233117,-0.0001153250502,-3.096427648e-05,7.911076948e-05,2.993627903e-05
74.69984992,-9.125231732e-05,-2.448904437e-05,6.258858987e-05,2.369564761e-05
74.73736868,-6.996557436e-05,-1.876737329e-05,4.798164608e-05,1.817435951e-05
74.77488744,-5.147712976e-05,-1.380146105e-05,3.529756142e-05,1.337637953e-05
74.8124062,-3.579929193e-05,-9.593505448e-06,2.454395919e-05,9.305672508e-06
74.84992496,-2.294436934e-05,-6.145704286e-06,1.572846268e-05,5.96620324e-06
74.88744372,-1.292467041e-05,-3.46025536e-06,8.858695211e-06,3.361936542e-06
74.92496248,-5.752503587e-06,-1.539356471e-06,3.942280073e-06,1.496837227e-06
74.96248124,-1.440177303e-06,-3.852054176e-07,9.868405684e-07,3.748701089e-07
75,0,0,0,0
