time_ns,u_X1,u_Y1,u_X2,u_Y2
0,-0.04101982859,1.715724546e-08,-0.03033704456,6.41152816e-09
0.06503251626,-0.04101804918,1.768214655e-08,-0.03033739905,8.505609266e-09
0.1300650325,-0.04101276831,1.816912388e-08,-0.03033845244,1.049766768e-08
0.1950975488,-0.04100406846,1.861892322e-08,-0.03034018827,1.238952491e-08
0.260130065,-0.0409920321,1.903229035e-08,-0.03034259007,1.418300246e-08
0.3251625813,-0.04097674171,1.940997107e-08,-0.03034564139,1.587992183e-08
0.3901950975,-0.04095827974,1.975271115e-08,-0.03034932576,1.748210454e-08
0.4552276138,-0.04093672868,2.006125638e-08,-0.03035362672,1.899137208e-08
0.5202601301,-0.040912171,2.033635253e-08,-0.03035852782,2.040954597e-08
0.5852926463,-0.04088468916,2.05787454e-08,-0.03036401258,2.173844771e-08
0.6503251626,-0.04085436565,2.078918077e-08,-0.03037006455,2.29798988e-08
0.7153576788,-0.04082128292,2.096840441e-08,-0.03037666726,2.413572076e-08
0.7803901951,-0.04078552346,2.111716212e-08,-0.03038380426,2.520773508e-08
0.8454227114,-0.04074716974,2.123619967e-08,-0.03039145909,2.619776327e-08
0.9104552276,-0.04070630422,2.132626285e-08,-0.03039961527,2.710762684e-08
0.9754877439,-0.04066300939,2.138809744e-08,-0.03040825636,2.79391473e-08
1.04052026,-0.0406173677,2.142244922e-08,-0.03041736588,2.869414614e-08
1.105552776,-0.04056946164,2.143006398e-08,-0.03042692738,2.937444489e-08
1.170585293,-0.04051937367,2.141168751e-08,-0.0304369244,2.998186503e-08
1.235617809,-0.04046718627,2.136806557e-08,-0.03044734048,3.051822808e-08
1.300650325,-0.04041298191,2.129994396e-08,-0.03045815915,3.098535555e-08
1.365682841,-0.04035684306,2.120806847e-08,-0.03046936395,3.138506893e-08
1.430715358,-0.04029885219,2.109318486e-08,-0.03048093842,3.171918974e-08
1.495747874,-0.04023909177,2.095603893e-08,-0.0304928661,3.198953948e-08
1.56078039,-0.04017764429,2.079737646e-08,-0.03050513052,3.219793966e-08
1.625812906,-0.0401145922,2.061794323e-08,-0.03051771524,3.234621178e-08
1.690845423,-0.04005001798,2.041848503e-08,-0.03053060378,3.243617735e-08
1.755877939,-0.0399840041,2.019974763e-08,-0.03054377968,3.246965787e-08
1.820910455,-0.03991663303,1.996247683e-08,-0.03055722649,3.244847486e-08
1.885942971,-0.03984798726,1.97074184e-08,-0.03057092774,3.237444981e-08
1.950975488,-0.03977814923,1.943531813e-08,-0.03058486696,3.224940423e-08
2.016008004,-0.03970720144,1.91469218e-08,-0.03059902771,3.207515963e-08
2.08104052,-0.03963522635,1.884297519e-08,-0.03061339351,3.185353751e-08
2.146073037,-0.03956230643,1.852422409e-08,-0.03062794791,3.158635938e-08
2.211105553,-0.03948852416,1.819141428e-08,-0.03064267444,3.127544675e-08
2.276138069,-0.039413962,1.784529154e-08,-0.03065755664,3.092262111e-08
2.341170585,-0.03933870244,1.748660165e-08,-0.03067257806,3.052970399e-08
2.406203102,-0.03926282793,1.711609041e-08,-0.03068772222,3.009851687e-08
2.471235618,-0.03918642095,1.673450359e-08,-0.03070297268,2.963088128e-08
2.536268134,-0.03910956398,1.634258697e-08,-0.03071831296,2.912861871e-08
2.60130065,-0.03903233949,1.594108634e-08,-0.0307337266,2.859355067e-08
2.666333167,-0.03895482994,1.553074748e-08,-0.03074919716,2.802749866e-08
2.731365683,-0.03887711781,1.511231618e-08,-0.03076470815,2.74322842e-08
2.796398199,-0.03879928558,1.468653821e-08,-0.03078024312,2.680972879e-08
2.861430715,-0.03872141571,1.425415937e-08,-0.03079578562,2.616165392e-08
2.926463232,-0.03864359067,1.381592543e-08,-0.03081131917,2.548988112e-08
2.991495748,-0.03856589294,1.337258217e-08,-0.03082682733,2.479623188e-08
3.056528264,-0.03848840499,1.292487539e-08,-0.03084229361,2.408252772e-08
3.12156078,-0.03841120929,1.247355085e-08,-0.03085770157,2.335059013e-08
3.186593297,-0.03833438832,1.201935436e-08,-0.03087303475,2.260224062e-08
3.251625813,-0.03825802453,1.156303168e-08,-0.03088827668,2.18393007e-08
3.316658329,-0.03818220042,1.110532861e-08,-0.03090341089,2.106359188e-08
3.381690845,-0.03810699844,1.064699091e-08,-0.03091842094,2.027693565e-08
3.446723362,-0.03803250108,1.018876439e-08,-0.03093329035,1.948115354e-08
3.511755878,-0.03795879079,9.731394822e-09,-0.03094800267,1.867806703e-08
3.576788394,-0.03788595006,9.275627986e-09,-0.03096254144,1.786949764e-08
3.64182091,-0.03781406136,8.822209667e-09,-0.03097689018,1.705726687e-08
3.706853427,-0.03774320715,8.371885649e-09,-0.03099103245,1.624319624e-08
3.771885943,-0.03767346991,7.925401715e-09,-0.03100495178,1.542910724e-08
3.836918459,-0.03760493212,7.483503647e-09,-0.03101863171,1.461682137e-08
3.901950975,-0.03753767624,7.046937229e-09,-0.03103205578,1.380816016e-08
3.966983492,-0.03747178474,6.616448244e-09,-0.03104520753,1.30049451e-08
4.032016008,-0.0374073401,6.192782475e-09,-0.03105807048,1.22089977e-08
4.097048524,-0.03734442479,5.776685704e-09,-0.0310706282,1.142213946e-08
4.162081041,-0.03728312128,5.368903716e-09,-0.0310828642,1.064619189e-08
4.227113557,-0.03722351204,4.970182294e-09,-0.03109476204,9.882976494e-09
4.292146073,-0.03716567955,4.581267219e-09,-0.03110630524,9.134314782e-09
4.357178589,-0.03710970627,4.202904276e-09,-0.03111747735,8.402028258e-09
4.422211106,-0.03705567468,3.835839247e-09,-0.03112826191,7.687938428e-09
4.487243622,-0.03700366726,3.480817916e-09,-0.03113864246,6.993866796e-09
4.552276138,-0.03695376646,3.138586065e-09,-0.03114860253,6.321634869e-09
4.617308654,-0.03690605477,2.809889479e-09,-0.03115812566,5.673064154e-09
4.682341171,-0.03686061465,2.495473938e-09,-0.03116719539,5.049976155e-09
4.747373687,-0.03681752858,2.196085228e-09,-0.03117579526,4.454192378e-09
4.812406203,-0.03677687903,1.912469131e-09,-0.03118390881,3.88753433e-09
4.877438719,-0.03673874847,1.645371429e-09,-0.03119151958,3.351823515e-09
4.942471236,-0.03670321938,1.395537907e-09,-0.0311986111,2.848881441e-09
5.007503752,-0.03667037422,1.163714347e-09,-0.03120516692,2.380529613e-09
5.072536268,-0.03664029547,9.506465322e-10,-0.03121117057,1.948589536e-09
5.137568784,-0.03661306559,7.570802456e-10,-0.03121660559,1.554882716e-09
5.202601301,-0.03658876707,5.837612705e-10,-0.03122145552,1.20123066e-09
5.267633817,-0.03656748237,4.314353899e-10,-0.0312257039,8.894548734e-10
5.332666333,-0.03654929396,3.008483868e-10,-0.03122933426,6.213768613e-10
5.397698849,-0.03653428432,1.927460443e-10,-0.03123233015,3.988181301e-10
5.462731366,-0.03652253591,1.078741456e-10,-0.03123467511,2.236001854e-10
5.527763882,-0.03651413122,4.697847375e-11,-0.03123635267,9.754453319e-11
5.592796398,-0.03650915271,1.080481174e-11,-0.03123734637,2.247267923e-11
5.657828914,-0.03650770405,0,-0.03123737608,0
5.722861431,-0.03651305751,0,-0.03119634031,0
5.787893947,-0.03652737878,0,-0.03108656392,0
5.852926463,-0.03655045618,0,-0.03090966931,0
5.917958979,-0.03658207808,0,-0.0306672789,0
5.982991496,-0.0366220328,0,-0.03036101508,0
6.048024012,-0.0366701087,0,-0.02999250027,0
6.113056528,-0.03672609411,0,-0.02956335686,0
6.178089045,-0.03678977738,0,-0.02907520727,0
6.243121561,-0.03686094685,0,-0.02852967389,0
6.308154077,-0.03693939087,0,-0.02792837915,0
6.373186593,-0.03702489778,0,-0.02727294543,0
6.43821911,-0.03711725593,0,-0.02656499514,0
6.503251626,-0.03721625365,0,-0.0258061507,0
6.568284142,-0.03732167929,0,-0.02499803451,0
6.633316658,-0.03743332119,0,-0.02414226897,0
6.698349175,-0.0375509677,0,-0.02324047648,0
6.763381691,-0.03767440716,0,-0.02229427946,0
6.828414207,-0.03780342791,0,-0.02130530031,0
6.893446723,-0.0379378183,0,-0.02027516144,0
6.95847924,-0.03807736667,0,-0.01920548525,0
7.023511756,-0.03822186136,0,-0.01809789414,0
7.088544272,-0.03837109072,0,-0.01695401052,0
7.153576788,-0.03852484309,0,-0.01577545681,0
7.218609305,-0.03868290681,0,-0.01456385539,0
7.283641821,-0.03884507023,0,-0.01332082869,0
7.348674337,-0.03901112169,0,-0.01204799909,0
7.413706853,-0.03918084953,0,-0.01074698902,0
7.47873937,-0.0393540421,0,-0.009419420878,0
7.543771886,-0.03953048774,0,-0.008066917063,0
7.608804402,-0.03970997479,0,-0.006691099986,0
7.673836918,-0.0398922916,0,-0.005293592051,0
7.738869435,-0.04007722652,0,-0.003876015663,0
7.803901951,-0.04026456787,0,-0.00243999323,0
7.868934467,-0.04045410401,0,-0.0009871471558,0
7.933966983,-0.04064562329,0,0.0004809001535,0
7.9989995,-0.04083891403,0,0.001962526292,0
8.064032016,-0.0410337646,0,0.003456108855,0
8.129064532,-0.04122996332,0,0.004960025436,0
8.194097049,-0.04142729855,0,0.00647265363,0
8.259129565,-0.04162555863,0,0.007992371031,0
8.324162081,-0.0418245319,0,0.009517555233,0
8.389194597,-0.0420240067,0,0.01104658383,0
8.454227114,-0.04222377138,0,0.01257783442,0
8.51925963,-0.04242361428,0,0.01410968459,0
8.584292146,-0.04262332374,0,0.01564051195,0
8.649324662,-0.04282268812,0,0.01716869407,0
8.714357179,-0.04302149574,0,0.01869260857,0
8.779389695,-0.04321953496,0,0.02021063302,0
8.844422211,-0.04341659411,0,0.02172114503,0
8.909454727,-0.04361246155,0,0.0232225222,0
8.974487244,-0.04380692561,0,0.02471314211,0
9.03951976,-0.04399977464,0,0.02619138236,0
9.104552276,-0.04419079698,0,0.02765562054,0
9.169584792,-0.04437978097,0,0.02910423425,0
9.234617309,-0.04456651497,0,0.03053560108,0
9.299649825,-0.0447507873,0,0.03194809864,0
9.364682341,-0.04493238632,0,0.0333401045,0
9.429714857,-0.04511110037,0,0.03470999627,0
9.494747374,-0.04528671778,0,0.03605615154,0
9.55977989,-0.04545902692,0,0.03737694791,0
9.624812406,-0.04562781611,0,0.03867076296,0
9.689844922,-0.0457928737,0,0.0399359743,0
9.754877439,-0.04595398804,0,0.04117095952,0
9.819909955,-0.04611094747,0,0.04237409621,0
9.884942471,-0.04626354033,0,0.04354376196,0
9.949974987,-0.04641155496,0,0.04467833438,0
10.0150075,-0.04655477971,0,0.04577619106,0
10.08004002,-0.04669300293,0,0.04683570958,0
10.14507254,-0.04682601295,0,0.04785526755,0
10.21010505,-0.04695359812,0,0.04883324256,0
10.27513757,-0.04707554678,0,0.0497680122,0
10.34017009,-0.04719164727,0,0.05065795406,0
10.4052026,-0.04730168794,0,0.05150144576,0
10.47023512,-0.04740545714,0,0.05229686486,0
10.53526763,-0.0475027432,0,0.05304258898,0
10.60030015,-0.04759333447,0,0.0537369957,0
10.66533267,-0.0476770193,0,0.05437846263,0
10.73036518,-0.04775358601,0,0.05496536734,0
10.7953977,-0.04782282297,0,0.05549608745,0
10.86043022,-0.04788451851,0,0.05596900054,0
10.92546273,-0.04793846098,0,0.0563824842,0
10.99049525,-0.04798443871,0,0.05673491604,0
11.05552776,-0.04802224006,0,0.05702467364,0
11.12056028,-0.04805165336,0,0.0572501346,0
11.1855928,-0.04807246696,0,0.05740967652,0
11.25062531,-0.04808446921,0,0.05750167699,0
11.31565783,-0.04808656404,0,0.05752501715,0
11.38069035,-0.04804130447,0,0.05750007701,0
11.44572286,-0.04793009454,0,0.05743879512,0
11.51075538,-0.047754494,0,0.05734203098,0
11.57578789,-0.04751606261,0,0.0572106441,0
11.64082041,-0.04721636011,0,0.05704549397,0
11.70585293,-0.04685694627,0,0.05684744008,0
11.77088544,-0.04643938082,0,0.05661734193,0
11.83591796,-0.04596522352,0,0.05635605902,0
11.90095048,-0.04543603412,0,0.05606445084,0
11.96598299,-0.04485337238,0,0.05574337689,0
12.03101551,-0.04421879804,0,0.05539369666,0
12.09604802,-0.04353387086,0,0.05501626966,0
12.16108054,-0.04280015059,0,0.05461195537,0
12.22611306,-0.04201919697,0,0.05418161329,0
12.29114557,-0.04119256977,0,0.05372610293,0
12.35617809,-0.04032182873,0,0.05324628377,0
12.42121061,-0.0394085336,0,0.05274301531,0
12.48624312,-0.03845424413,0,0.05221715706,0
12.55127564,-0.03746052008,0,0.05166956849,0
12.61630815,-0.0364289212,0,0.05110110912,0
12.68134067,-0.03536100724,0,0.05051263843,0
12.74637319,-0.03425833794,0,0.04990501593,0
12.8114057,-0.03312247307,0,0.0492791011,0
12.87643822,-0.03195497237,0,0.04863575345,0
12.94147074,-0.0307573956,0,0.04797583247,0
13.00650325,-0.0295313025,0,0.04730019766,0
13.07153577,-0.02827825283,0,0.04660970852,0
13.13656828,-0.02699980633,0,0.04590522453,0
13.2016008,-0.02569752277,0,0.0451876052,0
13.26663332,-0.02437296189,0,0.04445771002,0
13.33166583,-0.02302768344,0,0.04371639849,0
13.39669835,-0.02166324717,0,0.04296453011,0
13.46173087,-0.02028121284,0,0.04220296436,0
13.52676338,-0.0188831402,0,0.04143256075,0
13.5917959,-0.01747058899,0,0.04065417878,0
13.65682841,-0.01604511898,0,0.03986867794,0
13.72186093,-0.0146082899,0,0.03907691772,0
13.78689345,-0.01316166152,0,0.03827975762,0
13.85192596,-0.01170679358,0,0.03747805714,0
13.91695848,-0.01024524584,0,0.03667267578,0
13.981991,-0.008778578039,0,0.03586447302,0
14.04702351,-0.007308349939,0,0.03505430838,0
14.11205603,-0.005836121289,0,0.03424304133,0
14.17708854,-0.00436345184,0,0.03343153139,0
14.24212106,-0.002891901342,0,0.03262063803,0
14.30715358,-0.001423029548,0,0.03181122077,0
14.37218609,4.160379054e-05,0,0.0310041391,0
14.43721861,0.001500438923,0,0.03020025251,0
14.50225113,0.002951916098,0,0.0294004205,0
14.56728364,0.004394475565,0,0.02860550257,0
14.63231616,0.00582655757,0,0.02781635821,0
14.69734867,0.007246602364,0,0.02703384692,0
14.76238119,0.008653050195,0,0.02625882819,0
14.82741371,0.01004434131,0,0.02549216152,0
14.89244622,0.01141891596,0,0.02473470641,0
14.95747874,0.01277521439,0,0.02398732236,0
15.02251126,0.01411167686,0,0.02325086885,0
15.08754377,0.0154267436,0,0.02252620539,0
15.15257629,0.01671885487,0,0.02181419147,0
15.2176088,0.01798645092,0,0.02111568658,0
15.28264132,0.019227972,0,0.02043155023,0
15.34767384,0.02044185835,0,0.01976264192,0
15.41270635,0.02162655022,0,0.01910982112,0
15.47773887,0.02278048786,0,0.01847394735,0
15.54277139,0.02390211152,0,0.0178558801,0
15.6078039,0.02498986146,0,0.01725647887,0
15.67283642,0.02604217791,0,0.01667660314,0
15.73786893,0.02705750112,0,0.01611711242,0
15.80290145,0.02803427135,0,0.01557886621,0
15.86793397,0.02897092884,0,0.01506272399,0
15.93296648,0.02986591385,0,0.01456954527,0
15.997999,0.03071766661,0,0.01410018955,0
16.06303152,0.03152462739,0,0.01365551631,0
16.12806403,0.03228523642,0,0.01323638505,0
16.19309655,0.03299793396,0,0.01284365528,0
16.25812906,0.03366116025,0,0.01247818648,0
16.32316158,0.03427335554,0,0.01214083816,0
16.3881941,0.03483296009,0,0.0118324698,0
16.45322661,0.03533841414,0,0.01155394091,0
16.51825913,0.03578815794,0,0.01130611098,0
16.58329165,0.03618063173,0,0.01108983951,0
16.64832416,0.03651427577,0,0.01090598599,0
16.71335668,0.03678753031,0,0.01075540993,0
16.77838919,0.03699883559,0,0.01063897081,0
16.84342171,0.03714663186,0,0.01055752813,0
16.90845423,0.03722935938,0,0.01051194139,0
16.97348674,0.03724615789,0,0.01050301582,0
17.03851926,0.03721041311,0,0.01053005943,0
17.10355178,0.03712859111,0,0.01059196392,0
17.16858429,0.03700178387,0,0.01068790313,0
17.23361681,0.03683108338,0,0.01081705088,0
17.29864932,0.03661758163,0,0.01097858099,0
17.36368184,0.03636237062,0,0.0111716673,0
17.42871436,0.03606654233,0,0.01139548363,0
17.49374687,0.03573118875,0,0.01164920381,0
17.55877939,0.03535740188,0,0.01193200166,0
17.62381191,0.0349462737,0,0.01224305102,0
17.68884442,0.0344988962,0,0.01258152572,0
17.75387694,0.03401636138,0,0.01294659957,0
17.81890945,0.03349976122,0,0.01333744641,0
17.88394197,0.03295018771,0,0.01375324006,0
17.94897449,0.03236873284,0,0.01419315436,0
18.014007,0.0317564886,0,0.01465636313,0
18.07903952,0.03111454699,0,0.01514204019,0
18.14407204,0.03044399999,0,0.01564935939,0
18.20910455,0.02974593959,0,0.01617749453,0
18.27413707,0.02902145779,0,0.01672561945,0
18.33916958,0.02827164656,0,0.01729290799,0
18.4042021,0.02749759791,0,0.01787853395,0
18.46923462,0.02670040382,0,0.01848167119,0
18.53426713,0.02588115628,0,0.01910149351,0
18.59929965,0.02504094728,0,0.01973717475,0
18.66433217,0.02418086881,0,0.02038788873,0
18.72936468,0.02330201287,0,0.02105280929,0
18.7943972,0.02240547143,0,0.02173111026,0
18.85942971,0.0214923365,0,0.02242196545,0
18.92446223,0.02056370006,0,0.02312454869,0
18.98949475,0.0196206541,0,0.02383803382,0
19.05452726,0.01866429061,0,0.02456159466,0
19.11955978,0.01769570158,0,0.02529440504,0
19.1845923,0.016715979,0,0.02603563879,0
19.24962481,0.01572621486,0,0.02678446973,0
19.31465733,0.01472750116,0,0.0275400717,0
19.37968984,0.01372092987,0,0.02830161851,0
19.44472236,0.01270759299,0,0.029068284,0
19.50975488,0.01168858252,0,0.02983924199,0
19.57478739,0.01066499043,0,0.03061366632,0
19.63981991,0.009637908725,0,0.0313907308,0
19.70485243,0.008608429388,0,0.03216960928,0
19.76988494,0.007577644412,0,0.03294947556,0
19.83491746,0.006546645786,0,0.03372950349,0
19.89994997,0.005516525499,0,0.03450886689,0
19.96498249,0.004488375542,0,0.03528673959,0
20.03001501,0.003463287905,0,0.03606229542,0
20.09504752,0.002442354577,0,0.03683470819,0
20.16008004,0.001426667548,0,0.03760315175,0
20.22511256,0.0004173188086,0,0.03836679991,0
20.29014507,-0.0005845996516,0,0.03912482651,0
20.35517759,-0.001577995843,0,0.03987640537,0
20.42021011,-0.002561777775,0,0.04062071033,0
20.48524262,-0.003534853458,0,0.0413569152,0
20.55027514,-0.004496130903,0,0.04208419382,0
20.61530765,-0.005444518119,0,0.04280172001,0
20.68034017,-0.006378923116,0,0.0435086676,0
20.74537269,-0.007298253904,0,0.04420421042,0
20.8104052,-0.008201418495,0,0.04488752229,0
20.87543772,-0.009087324896,0,0.04555777705,0
20.94047024,-0.00995488112,0,0.04621414853,0
21.00550275,-0.01080299518,0,0.04685581054,0
21.07053527,-0.01163057507,0,0.04748193691,0
21.13556778,-0.01243652882,0,0.04809170148,0
21.2006003,-0.01321976443,0,0.04868427808,0
21.26563282,-0.01397918992,0,0.04925884052,0
21.33066533,-0.01471371328,0,0.04981456264,0
21.39569785,-0.01542224254,0,0.05035061826,0
21.46073037,-0.0161036857,0,0.05086618121,0
21.52576288,-0.01675695078,0,0.05136042533,0
21.5907954,-0.01738094577,0,0.05183252443,0
21.65582791,-0.0179745787,0,0.05228165235,0
21.72086043,-0.01853675757,0,0.05270698291,0
21.78589295,-0.0190663904,0,0.05310768993,0
21.85092546,-0.01956238518,0,0.05348294726,0
21.91595798,-0.02002364994,0,0.05383192871,0
21.9809905,-0.02044909269,0,0.05415380811,0
22.04602301,-0.02083762142,0,0.0544477593,0
22.11105553,-0.02118814416,0,0.05471295609,0
22.17608804,-0.02149956892,0,0.05494857232,0
22.24112056,-0.02177080369,0,0.05515378181,0
22.30615308,-0.02200075651,0,0.05532775839,0
22.37118559,-0.02218833536,0,0.05546967588,0
22.43621811,-0.02233244827,0,0.05557870813,0
22.50125063,-0.02243200324,0,0.05565402894,0
22.56628314,-0.02248590829,0,0.05569481216,0
22.63131566,-0.02249422755,0,0.05569894896,0
22.69634817,-0.0224702902,0,0.05565085116,0
22.76138069,-0.02241869365,0,0.05554717714,0
22.82641321,-0.02234009475,0,0.05538924675,0
22.89144572,-0.02223515035,0,0.0551783798,0
22.95647824,-0.02210451731,0,0.05491589613,0
23.02151076,-0.02194885247,0,0.05460311556,0
23.08654327,-0.02176881269,0,0.05424135793,0
23.15157579,-0.02156505483,0,0.05383194305,0
23.2166083,-0.02133823573,0,0.05337619075,0
23.28164082,-0.02108901225,0,0.05287542087,0
23.34667334,-0.02081804124,0,0.05233095322,0
23.41170585,-0.02052597955,0,0.05174410765,0
23.47673837,-0.02021348403,0,0.05111620396,0
23.54177089,-0.01988121155,0,0.050448562,0
23.6068034,-0.01952981894,0,0.04974250159,0
23.67183592,-0.01915996307,0,0.04899934255,0
23.73686843,-0.01877230078,0,0.04822040472,0
23.80190095,-0.01836748893,0,0.04740700792,0
23.86693347,-0.01794618437,0,0.04656047197,0
23.93196598,-0.01750904395,0,0.04568211671,0
23.9969985,-0.01705672453,0,0.04477326196,0
24.06203102,-0.01658988295,0,0.04383522756,0
24.12706353,-0.01610917608,0,0.04286933331,0
24.19209605,-0.01561526076,0,0.04187689907,0
24.25712856,-0.01510879384,0,0.04085924464,0
24.32216108,-0.01459043218,0,0.03981768987,0
24.3871936,-0.01406083263,0,0.03875355457,0
24.45222611,-0.01352065204,0,0.03766815857,0
24.51725863,-0.01297054727,0,0.03656282171,0
24.58229115,-0.01241117517,0,0.0354388638,0
24.64732366,-0.01184319259,0,0.03429760468,0
24.71235618,-0.01126725638,0,0.03314036417,0
24.77738869,-0.01068402339,0,0.0319684621,0
24.84242121,-0.01009415049,0,0.0307832183,0
24.90745373,-0.009498294509,0,0.0295859526,0
24.97248624,-0.008897112315,0,0.02837798481,0
25.03751876,-0.008291260757,0,0.02716063478,0
25.10255128,-0.007681396687,0,0.02593522232,0
25.16758379,-0.007068176957,0,0.02470306727,0
25.23261631,-0.00645225842,0,0.02346548944,0
25.29764882,-0.005834297928,0,0.02222380868,0
25.36268134,-0.005214952335,0,0.0209793448,0
25.42771386,-0.004594878492,0,0.01973341764,0
25.49274637,-0.003974733252,0,0.01848734701,0
25.55777889,-0.003355173467,0,0.01724245275,0
25.62281141,-0.002736855991,0,0.01600005469,0
25.68784392,-0.002120437675,0,0.01476147265,0
25.75287644,-0.001506575372,0,0.01352802646,0
25.81790895,-0.0008959259343,0,0.01230103595,0
25.88294147,-0.0002891462149,0,0.01108182094,0
25.94797399,0.0003131069339,0,0.009871701267,0
26.0130065,0.0009101766595,0,0.00867199675,0
26.07803902,0.00150140611,0,0.007484027219,0
26.14307154,0.002086138432,0,0.006309112501,0
26.20810405,0.002663716773,0,0.005148572424,0
26.27313657,0.003233484281,0,0.004003726816,0
26.33816908,0.003794784103,0,0.002875895503,0
26.4032016,0.004346959388,0,0.001766398313,0
26.46823412,0.004889353281,0,0.0006765550727,0
26.53326663,0.005421308932,0,-0.0003923143899,0
26.59829915,0.005942169486,0,-0.001438890248,0
26.66333167,0.006451278093,0,-0.002461852674,0
26.72836418,0.006947977899,0,-0.00345988184,0
26.7933967,0.007431612051,0,-0.00443165792,0
26.85842921,0.007901523698,0,-0.005375861086,0
26.92346173,0.008357055986,0,-0.006291171511,0
26.98849425,0.008797552064,0,-0.007176269367,0
27.05352676,0.009222355078,0,-0.008029834828,0
27.11855928,0.009630808177,0,-0.008850548065,0
27.1835918,0.01002225451,0,-0.009637089251,0
27.24862431,0.01039603722,0,-0.01038813856,0
27.31365683,0.01075149945,0,-0.01110237616,0
27.37868934,0.01108798436,0,-0.01177848224,0
27.44372186,0.01140483509,0,-0.01241513695,0
27.50875438,0.01170139479,0,-0.01301102047,0
27.57378689,0.01197700661,0,-0.01356481298,0
27.63881941,0.01223101369,0,-0.01407519465,0
27.70385193,0.01246275919,0,-0.01454084565,0
27.76888444,0.01267158624,0,-0.01496044615,0
27.83391696,0.012856838,0,-0.01533267633,0
27.89894947,0.01301785761,0,-0.01565621636,0
27.96398199,0.01315398822,0,-0.01592974641,0
28.02901451,0.01326457299,0,-0.01615194666,0
28.09404702,0.01334895504,0,-0.01632149727,0
28.15907954,0.01340647755,0,-0.01643707843,0
28.22411206,0.01343648364,0,-0.01649737029,0
28.28914457,0.01343832756,0,-0.0165062667,0
28.35417709,0.01341189119,0,-0.0165040553,0
28.4192096,0.01335778176,0,-0.01649952906,0
28.48424212,0.01327665782,0,-0.01649274307,0
28.54927464,0.01316917791,0,-0.01648375241,0
28.61430715,0.01303600057,0,-0.01647261216,0
28.67933967,0.01287778434,0,-0.01645937742,0
28.74437219,0.01269518776,0,-0.01644410326,0
28.8094047,0.01248886938,0,-0.01642684479,0
28.87443722,0.01225948773,0,-0.01640765708,0
28.93946973,0.01200770136,0,-0.01638659522,0
29.00450225,0.0117341688,0,-0.0163637143,0
29.06953477,0.01143954861,0,-0.0163390694,0
29.13456728,0.01112449931,0,-0.01631271561,0
29.1995998,0.01078967946,0,-0.01628470803,0
29.26463232,0.01043574759,0,-0.01625510173,0
29.32966483,0.01006336224,0,-0.0162239518,0
29.39469735,0.009673181961,0,-0.01619131333,0
29.45972986,0.00926586529,0,-0.0161572414,0
29.52476238,0.008842070767,0,-0.01612179111,0
29.5897949,0.008402456935,0,-0.01608501753,0
29.65482741,0.007947682334,0,-0.01604697577,0
29.71985993,0.007478405507,0,-0.01600772089,0
29.78489245,0.006995284994,0,-0.015967308,0
29.84992496,0.006498979337,0,-0.01592579217,0
29.91495748,0.005990147078,0,-0.01588322849,0
29.97998999,0.005469446757,0,-0.01583967206,0
30.04502251,0.004937536916,0,-0.01579517795,0
30.11005503,0.004395076097,0,-0.01574980125,0
30.17508754,0.003842722841,0,-0.01570359706,0
30.24012006,0.003281135689,0,-0.01565662045,0
30.30515258,0.002710973183,0,-0.01560892652,0
30.37018509,0.002132893864,0,-0.01556057034,0
30.43521761,0.001547556273,0,-0.01551160702,0
30.50025013,0.0009556189529,0,-0.01546209163,0
30.56528264,0.0003577404437,0,-0.01541207926,0
30.63031516,-0.0002454207129,0,-0.015361625,0
30.69534767,-0.0008532059753,0,-0.01531078393,0
30.76038019,-0.001464956802,0,-0.01525961115,0
30.82541271,-0.002080014652,0,-0.01520816173,0
30.89044522,-0.002697720984,0,-0.01515649077,0
30.95547774,-0.003317417256,0,-0.01510465335,0
31.02051026,-0.003938444927,0,-0.01505270456,0
31.08554277,-0.004560145455,0,-0.01500069948,0
31.15057529,-0.0051818603,0,-0.01494869321,0
31.2156078,-0.005802930919,0,-0.01489674083,0
31.28064032,-0.006422698772,0,-0.01484489742,0
31.34567284,-0.007040505316,0,-0.01479321808,0
31.41070535,-0.007655692011,0,-0.01474175788,0
31.47573787,-0.008267600316,0,-0.01469057193,0
31.54077039,-0.008875571687,0,-0.01463971529,0
31.6058029,-0.009478947586,0,-0.01458924307,0
31.67083542,-0.01007706947,0,-0.01453921034,0
31.73586793,-0.0106692788,0,-0.01448967219,0
31.80090045,-0.01125491702,0,-0.01444068372,0
31.86593297,-0.01183332561,0,-0.01439230001,0
31.93096548,-0.01240384602,0,-0.01434457613,0
31.995998,-0.01296581971,0,-0.01429756719,0
32.06103052,-0.01351858813,0,-0.01425132827,0
32.12606303,-0.01406149275,0,-0.01420591445,0
32.19109555,-0.01459387503,0,-0.01416138082,0
32.25612806,-0.01511507641,0,-0.01411778247,0
32.32116058,-0.01562443837,0,-0.01407517449,0
32.3861931,-0.01612130235,0,-0.01403361195,0
32.45122561,-0.01660500983,0,-0.01399314996,0
32.51625813,-0.01707490225,0,-0.01395384359,0
32.58129065,-0.01753032107,0,-0.01391574793,0
32.64632316,-0.01797060776,0,-0.01387891808,0
32.71135568,-0.01839510377,0,-0.0138434091,0
32.77638819,-0.01880315057,0,-0.0138092761,0
32.84142071,-0.0191940896,0,-0.01377657416,0
32.90645323,-0.01956726233,0,-0.01374535837,0
32.97148574,-0.01992201022,0,-0.01371568381,0
33.03651826,-0.02025767473,0,-0.01368760557,0
33.10155078,-0.0205735973,0,-0.01366117873,0
33.16658329,-0.02086911942,0,-0.01363645839,0
33.23161581,-0.02114358252,0,-0.01361349963,0
33.29664832,-0.02139632807,0,-0.01359235753,0
33.36168084,-0.02162669753,0,-0.01357308719,0
33.42671336,-0.02183403236,0,-0.01355574369,0
33.49174587,-0.02201767402,0,-0.01354038212,0
33.55677839,-0.02217696396,0,-0.01352705756,0
33.62181091,-0.02231124364,0,-0.0135158251,0
33.68684342,-0.02241985452,0,-0.01350673983,0
33.75187594,-0.02250213807,0,-0.01349985684,0
33.81690845,-0.02255743573,0,-0.0134952312,0
33.88194097,-0.02258508897,0,-0.01349291802,0
33.94697349,-0.02258744639,0,-0.01349371156,0
34.012006,-0.02258072294,0,-0.01350164648,0
34.07703852,-0.02256756789,0,-0.01351717191,0
34.14207104,-0.0225481346,0,-0.01354010683,0
34.20710355,-0.02252257645,0,-0.01357027023,0
34.27213607,-0.0224910468,0,-0.01360748112,0
34.33716858,-0.02245369903,0,-0.01365155848,0
34.4022011,-0.02241068651,0,-0.0137023213,0
34.46723362,-0.02236216262,0,-0.01375958858,0
34.53226613,-0.02230828072,0,-0.01382317931,0
34.59729865,-0.02224919418,0,-0.01389291249,0
34.66233117,-0.02218505638,0,-0.0139686071,0
34.72736368,-0.02211602069,0,-0.01405008213,0
34.7923962,-0.02204224048,0,-0.0141371566,0
34.85742871,-0.02196386912,0,-0.01422964947,0
34.92246123,-0.02188105998,0,-0.01432737975,0
34.98749375,-0.02179396644,0,-0.01443016643,0
35.05252626,-0.02170274187,0,-0.0145378285,0
35.11755878,-0.02160753964,0,-0.01465018496,0
35.1825913,-0.02150851312,0,-0.0147670548,0
35.24762381,-0.02140581568,0,-0.014888257,0
35.31265633,-0.02129960069,0,-0.01501361057,0
35.37768884,-0.02119002153,0,-0.01514293449,0
35.44272136,-0.02107723156,0,-0.01527604777,0
35.50775388,-0.02096138417,0,-0.01541276938,0
35.57278639,-0.02084263271,0,-0.01555291833,0
35.63781891,-0.02072113057,0,-0.0156963136,0
35.70285143,-0.02059703111,0,-0.01584277419,0
35.76788394,-0.02047048771,0,-0.0159921191,0
35.83291646,-0.02034165373,0,-0.01614416731,0
35.89794897,-0.02021068255,0,-0.01629873782,0
35.96298149,-0.02007772755,0,-0.01645564961,0
36.02801401,-0.01994294208,0,-0.01661472169,0
36.09304652,-0.01980647953,0,-0.01677577305,0
36.15807904,-0.01966849327,0,-0.01693862267,0
36.22311156,-0.01952913666,0,-0.01710308955,0
36.28814407,-0.01938856309,0,-0.01726899269,0
36.35317659,-0.01924692591,0,-0.01743615107,0
36.4182091,-0.0191043785,0,-0.0176043837,0
36.48324162,-0.01896107424,0,-0.01777350955,0
36.54827414,-0.0188171665,0,-0.01794334763,0
36.61330665,-0.01867280864,0,-0.01811371693,0
36.67833917,-0.01852815404,0,-0.01828443643,0
36.74337169,-0.01838335608,0,-0.01845532514,0
36.8084042,-0.01823856811,0,-0.01862620204,0
36.87343672,-0.01809394352,0,-0.01879688613,0
36.93846923,-0.01794963568,0,-0.0189671964,0
37.00350175,-0.01780579795,0,-0.01913695185,0
37.06853427,-0.01766258371,0,-0.01930597146,0
37.13356678,-0.01752014633,0,-0.01947407423,0
37.1985993,-0.01737863919,0,-0.01964107915,0
37.26363182,-0.01723821565,0,-0.01980680522,0
37.32866433,-0.01709902908,0,-0.01997107142,0
37.39369685,-0.01696123287,0,-0.02013369675,0
37.45872936,-0.01682498037,0,-0.0202945002,0
37.52376188,-0.01669042496,0,-0.02045330077,0
37.5887944,-0.01655772002,0,-0.02060991745,0
37.65382691,-0.01642701891,0,-0.02076416922,0
37.71885943,-0.01629847501,0,-0.02091587509,0
37.78389195,-0.01617224168,0,-0.02106485405,0
37.84892446,-0.01604847231,0,-0.02121092508,0
37.91395698,-0.01592732025,0,-0.02135390719,0
37.97898949,-0.01580893889,0,-0.02149361936,0
38.04402201,-0.01569348159,0,-0.02162988058,0
38.10905453,-0.01558110173,0,-0.02176250986,0
38.17408704,-0.01547195268,0,-0.02189132617,0
38.23911956,-0.0153661878,0,-0.02201614852,0
38.30415208,-0.01526396048,0,-0.0221367959,0
38.36918459,-0.01516542408,0,-0.0222530873,0
38.43421711,-0.01507073197,0,-0.02236484171,0
38.49924962,-0.01498003753,0,-0.02247187813,0
38.56428214,-0.01489349413,0,-0.02257401555,0
38.62931466,-0.01481125514,0,-0.02267107295,0
38.69434717,-0.01473347393,0,-0.02276286934,0
38.75937969,-0.01466030387,0,-0.02284922371,0
38.82441221,-0.01459189833,0,-0.02292995504,0
38.88944472,-0.0145284107,0,-0.02300488234,0
38.95447724,-0.01446999433,0,-0.02307382459,0
39.01950975,-0.0144168026,0,-0.02313660079,0
39.08454227,-0.01436898888,0,-0.02319302993,0
39.14957479,-0.01432670654,0,-0.023242931,0
39.2146073,-0.01429010896,0,-0.023286123,0
39.27963982,-0.01425934951,0,-0.02332242491,0
39.34467234,-0.01423458155,0,-0.02335165573,0
39.40970485,-0.01421595847,0,-0.02337363446,0
39.47473737,-0.01420363362,0,-0.02338818009,0
39.53976988,-0.01419776039,0,-0.0233951116,0
39.6048024,-0.01418915396,0,-0.0233905275,0
39.66983492,-0.01414112761,0,-0.02335977886,0
39.73486743,-0.01405081091,0,-0.02330195402,0
39.79989995,-0.01391921441,0,-0.0232177,0
39.86493247,-0.01374734871,0,-0.02310766381,0
39.92996498,-0.01353622436,0,-0.02297249246,0
39.9949975,-0.01328685196,0,-0.02281283298,0
40.06003002,-0.01300024207,0,-0.02262933237,0
40.12506253,-0.01267740526,0,-0.02242263766,0
40.19009505,-0.01231935212,0,-0.02219339585,0
40.25512756,-0.01192709321,0,-0.02194225397,0
40.32016008,-0.01150163912,0,-0.02166985903,0
40.3851926,-0.01104400041,0,-0.02137685805,0
40.45022511,-0.01055518767,0,-0.02106389804,0
40.51525763,-0.01003621146,0,-0.02073162602,0
40.58029015,-0.009488082362,0,-0.020380689,0
40.64532266,-0.008911810952,0,-0.020011734,0
40.71035518,-0.008308407804,0,-0.01962540803,0
40.77538769,-0.007678883492,0,-0.01922235812,0
40.84042021,-0.007024248591,0,-0.01880323127,0
40.90545273,-0.006345513676,0,-0.0183686745,0
40.97048524,-0.005643689322,0,-0.01791933483,0
41.03551776,-0.004919786104,0,-0.01745585928,0
41.10055028,-0.004174814597,0,-0.01697889485,0
41.16558279,-0.003409785375,0,-0.01648908857,0
41.23061531,-0.002625709013,0,-0.01598708745,0
41.29564782,-0.001823596087,0,-0.0154735385,0
41.36068034,-0.001004457171,0,-0.01494908875,0
41.42571286,-0.00016930284,0,-0.0144143852,0
41.49074537,0.0006808563309,0,-0.01387007488,0
41.55577789,0.001545009767,0,-0.01331680479,0
41.62081041,0.002422146893,0,-0.01275522196,0
41.68584292,0.003311257135,0,-0.0121859734,0
41.75087544,0.004211329918,0,-0.01160970613,0
41.81590795,0.005121354666,0,-0.01102706716,0
41.88094047,0.006040320805,0,-0.01043870351,0
41.94597299,0.006967217759,0,-0.009845262186,0
42.0110055,0.007901034955,0,-0.009247390215,0
42.07603802,0.008840761817,0,-0.008645734608,0
42.14107054,0.00978538777,0,-0.008040942382,0
42.20610305,0.01073390224,0,-0.007433660551,0
42.27113557,0.01168529465,0,-0.006824536133,0
42.33616808,0.01263855443,0,-0.006214216142,0
42.4012006,0.013592671,0,-0.005603347594,0
42.46623312,0.01454663378,0,-0.004992577505,0
42.53126563,0.01549943221,0,-0.004382552891,0
42.59629815,0.01645005571,0,-0.003773920767,0
42.66133067,0.01739749369,0,-0.003167328149,0
42.72636318,0.0183407356,0,-0.002563422053,0
42.7913957,0.01927877085,0,-0.001962849495,0
42.85642821,0.02021058886,0,-0.001366257489,0
42.92146073,0.02113517907,0,-0.0007742930524,0
42.98649325,0.0220515309,0,-0.0001876032003,0
43.05152576,0.02295863376,0,0.0003931650514,0
43.11655828,0.0238554771,0,0.0009673646872,0
43.1815908,0.02474105033,0,0.001534348691,0
43.24662331,0.02561434288,0,0.002093470048,0
43.31165583,0.02647434417,0,0.002644081741,0
43.37668834,0.02732004363,0,0.003185536756,0
43.44172086,0.02815043068,0,0.003717188076,0
43.50675338,0.02896449476,0,0.004238388686,0
43.57178589,0.02976122527,0,0.00474849157,0
43.63681841,0.03053961166,0,0.005246849712,0
43.70185093,0.03129864334,0,0.005732816097,0
43.76688344,0.03203730974,0,0.006205743708,0
43.83191596,0.03275460028,0,0.006664985531,0
43.89694847,0.03344950439,0,0.00710989455,0
43.96198099,0.0341210115,0,0.007539823748,0
44.02701351,0.03476811103,0,0.00795412611,0
44.09204602,0.0353897924,0,0.008352154621,0
44.15707854,0.03598504504,0,0.008733262264,0
44.22211106,0.03655285838,0,0.009096802024,0
44.28714357,0.03709222184,0,0.009442126886,0
44.35217609,0.03760212484,0,0.009768589833,0
44.4172086,0.03808155681,0,0.01007554385,0
44.48224112,0.03852950718,0,0.01036234192,0
44.54727364,0.03894496537,0,0.01062833703,0
44.61230615,0.03932692081,0,0.01087288216,0
44.67733867,0.03967436292,0,0.0110953303,0
44.74237119,0.03998628112,0,0.01129503443,0
44.8074037,0.04026166484,0,0.01147134754,0
44.87243622,0.04049950351,0,0.0116236226,0
44.93746873,0.04069878656,0,0.01175121261,0
45.00250125,0.04085850339,0,0.01185347055,0
45.06753377,0.04097764345,0,0.0119297494,0
45.13256628,0.04105519616,0,0.01197940215,0
45.1975988,0.04109015094,0,0.01200178178,0
45.26263132,0.04108942539,0,0.01200254041,0
45.32766383,0.04107593941,0,0.01199989415,0
45.39269635,0.04105145421,0,0.0119950896,0
45.45772886,0.04101623319,0,0.01198817844,0
45.52276138,0.04097053972,0,0.01197921235,0
45.5877939,0.0409146372,0,0.01196824301,0
45.65282641,0.04084878901,0,0.01195532211,0
45.71785893,0.04077325853,0,0.01194050132,0
45.78289145,0.04068830915,0,0.01192383233,0
45.84792396,0.04059420426,0,0.01190536682,0
45.91295648,0.04049120724,0,0.01188515648,0
45.97798899,0.04037958148,0,0.01186325298,0
46.04302151,0.04025959037,0,0.01183970801,0
46.10805403,0.04013149728,0,0.01181457324,0
46.17308654,0.0399955656,0,0.01178790037,0
46.23811906,0.03985205873,0,0.01175974108,0
46.30315158,0.03970124004,0,0.01173014704,0
46.36818409,0.03954337293,0,0.01169916994,0
46.43321661,0.03937872077,0,0.01166686147,0
46.49824912,0.03920754695,0,0.01163327329,0
46.56328164,0.03903011486,0,0.0115984571,0
46.62831416,0.03884668789,0,0.01156246458,0
46.69334667,0.03865752941,0,0.01152534741,0
46.75837919,0.03846290282,0,0.01148715727,0
46.82341171,0.03826307151,0,0.01144794585,0
46.88844422,0.03805829884,0,0.01140776482,0
46.95347674,0.03784884822,0,0.01136666587,0
47.01850925,0.03763498303,0,0.01132470068,0
47.08354177,0.03741696665,0,0.01128192094,0
47.14857429,0.03719506247,0,0.01123837832,0
47.2136068,0.03696953388,0,0.0111941245,0
47.27863932,0.03674064425,0,0.01114921118,0
47.34367184,0.03650865698,0,0.01110369003,0
47.40870435,0.03627383546,0,0.01105761274,0
47.47373687,0.03603644306,0,0.01101103098,0
47.53876938,0.03579674317,0,0.01096399644,0
47.6038019,0.03555499918,0,0.0109165608,0
47.66883442,0.03531147448,0,0.01086877575,0
47.73386693,0.03506643244,0,0.01082069296,0
47.79889945,0.03482013646,0,0.01077236411,0
47.86393197,0.03457284992,0,0.0107238409,0
47.92896448,0.03432483621,0,0.010675175,0
47.993997,0.03407635871,0,0.0106264181,0
48.05902951,0.03382768081,0,0.01057762187,0
48.12406203,0.03357906589,0,0.010528838,0
48.18909455,0.03333077734,0,0.01048011817,0
48.25412706,0.03308307855,0,0.01043151406,0
48.31915958,0.03283623289,0,0.01038307736,0
48.3841921,0.03259050376,0,0.01033485975,0
48.44922461,0.03234615455,0,0.0102869129,0
48.51425713,0.03210344863,0,0.01023928851,0
48.57928964,0.03186264939,0,0.01019203826,0
48.64432216,0.03162402023,0,0.01014521382,0
48.70935468,0.03138782451,0,0.01009886687,0
48.77438719,0.03115432564,0,0.01005304911,0
48.83941971,0.03092378699,0,0.01000781222,0
48.90445223,0.03069647195,0,0.009963207864,0
48.96948474,0.03047264391,0,0.00991928774,0
49.03451726,0.03025256626,0,0.009876103526,0
49.09954977,0.03003650237,0,0.009833706903,0
49.16458229,0.02982471563,0,0.009792149555,0
49.22961481,0.02961746943,0,0.009751483164,0
49.29464732,0.02941502716,0,0.009711759411,0
49.35967984,0.0292176522,0,0.009673029979,0
49.42471236,0.02902560794,0,0.009635346551,0
49.48974487,0.02883915775,0,0.009598760807,0
49.55477739,0.02865856504,0,0.009563324432,0
49.6198099,0.02848409317,0,0.009529089106,0
49.68484242,0.02831600555,0,0.009496106512,0
49.74987494,0.02815456555,0,0.009464428332,0
49.81490745,0.02800003656,0,0.009434106249,0
49.87993997,0.02785268197,0,0.009405191945,0
49.94497249,0.02771276515,0,0.009377737101,0
50.010005,0.02758054951,0,0.009351793401,0
50.07503752,0.02745629841,0,0.009327412526,0
50.14007004,0.02734027526,0,0.009304646159,0
50.20510255,0.02723274343,0,0.009283545981,0
50.27013507,0.02713396631,0,0.009264163675,0
50.33516758,0.02704420728,0,0.009246550924,0
50.4002001,0.02696372973,0,0.009230759409,0
50.46523262,0.02689279705,0,0.009216840813,0
50.53026513,0.02683167262,0,0.009204846817,0
50.59529765,0.02678061983,0,0.009194829105,0
50.66033017,0.02673990207,0,0.009186839358,0
50.72536268,0.02670978271,0,0.009180929259,0
50.7903952,0.02669052514,0,0.009177150489,0
50.85542771,0.02668239276,0,0.009175554731,0
50.92046023,0.02667050693,0,0.009180166901,0
50.98549275,0.02662232177,0,0.009199519042,0
51.05052526,0.02653754219,0,0.009233568249,0
51.11555778,0.02641704631,0,0.009281961853,0
51.1805903,0.02626171223,0,0.009344347185,0
51.24562281,0.02607241807,0,0.009420371578,0
51.31065533,0.02585004194,0,0.009509682364,0
51.37568784,0.02559546196,0,0.009611926874,0
51.44072036,0.02530955624,0,0.009726752439,0
51.50575288,0.02499320289,0,0.009853806392,0
51.57078539,0.02464728003,0,0.009992736064,0
51.63581791,0.02427266576,0,0.01014318879,0
51.70085043,0.02387023821,0,0.01030481189,0
51.76588294,0.02344087549,0,0.01047725272,0
51.83091546,0.02298545571,0,0.01066015858,0
51.89594797,0.02250485698,0,0.01085317683,0
51.96098049,0.02199995742,0,0.01105595479,0
52.02601301,0.02147163513,0,0.01126813978,0
52.09104552,0.02092076824,0,0.01148937915,0
52.15607804,0.02034823486,0,0.01171932023,0
52.22111056,0.0197549131,0,0.01195761034,0
52.28614307,0.01914168107,0,0.01220389683,0
52.35117559,0.01850941689,0,0.01245782701,0
52.4162081,0.01785899867,0,0.01271904823,0
52.48124062,0.01719130452,0,0.01298720781,0
52.54627314,0.01650721256,0,0.01326195308,0
52.61130565,0.0158076009,0,0.01354293138,0
52.67633817,0.01509334765,0,0.01382979005,0
52.74137069,0.01436533093,0,0.0141221764,0
52.8064032,0.01362442885,0,0.01441973778,0
52.87143572,0.01287151953,0,0.01472212151,0
52.93646823,0.01210748107,0,0.01502897493,0
53.00150075,0.01133319159,0,0.01533994536,0
53.06653327,0.01054952921,0,0.01565468015,0
53.13156578,0.009757372036,0,0.01597282662,0
53.1965983,0.008957598182,0,0.0162940321,0
53.26163082,0.008151085762,0,0.01661794393,0
53.32666333,0.00733871289,0,0.01694420943,0
53.39169585,0.006521357679,0,0.01727247594,0
53.45672836,0.005699898242,0,0.0176023908,0
53.52176088,0.004875212693,0,0.01793360133,0
53.5867934,0.004048179145,0,0.01826575486,0
53.65182591,0.003219675712,0,0.01859849872,0
53.71685843,0.002390580507,0,0.01893148026,0
53.78189095,0.001561771643,0,0.01926434679,0
53.84692346,0.0007341272333,0,0.01959674565,0
53.91195598,-9.14746079e-05,0,0.01992832418,0
53.97698849,-0.0009141557676,0,0.02025872971,0
54.04202101,-0.001733038133,0,0.02058760955,0
54.10705353,-0.002547243589,0,0.02091461106,0
54.17208604,-0.003355894024,0,0.02123938156,0
54.23711856,-0.004158111324,0,0.02156156838,0
54.30215108,-0.004953017376,0,0.02188081885,0
54.36718359,-0.005739734066,0,0.02219678031,0
54.43221611,-0.006517383281,0,0.02250910009,0
54.49724862,-0.007285086907,0,0.02281742551,0
54.56228114,-0.008041966832,0,0.02312140392,0
54.62731366,-0.008787144941,0,0.02342068263,0
54.69234617,-0.009519743121,0,0.023714909,0
54.75737869,-0.01023888326,0,0.02400373033,0
54.82241121,-0.01094368724,0,0.02428679398,0
54.88744372,-0.01163327696,0,0.02456374727,0
54.95247624,-0.01230677429,0,0.02483423752,0
55.01750875,-0.01296330113,0,0.02509791208,0
55.08254127,-0.01360197935,0,0.02535441828,0
55.14757379,-0.01422193086,0,0.02560340344,0
55.2126063,-0.01482227753,0,0.0258445149,0
55.27763882,-0.01540214125,0,0.02607739999,0
55.34267134,-0.01596064391,0,0.02630170604,0
55.40770385,-0.01649690739,0,0.02651708038,0
55.47273637,-0.01701005358,0,0.02672317035,0
55.53776888,-0.01749920437,0,0.02691962328,0
55.6028014,-0.01796348165,0,0.0271060865,0
55.66783392,-0.01840200729,0,0.02728220734,0
55.73286643,-0.01881390319,0,0.02744763313,0
55.79789895,-0.01919829124,0,0.0276020112,0
55.86293147,-0.01955429332,0,0.02774498889,0
55.92796398,-0.01988103131,0,0.02787621353,0
55.9929965,-0.02017762711,0,0.02799533245,0
56.05802901,-0.02044320259,0,0.02810199298,0
56.12306153,-0.02067687966,0,0.02819584245,0
56.18809405,-0.02087778019,0,0.0282765282,0
56.25312656,-0.02104502607,0,0.02834369755,0
56.31815908,-0.02117773918,0,0.02839699784,0
56.3831916,-0.02127504142,0,0.0284360764,0
56.44822411,-0.02133605467,0,0.02846058057,0
56.51325663,-0.02135990081,0,0.02847015767,0
56.57828914,-0.02136220993,1.985021415e-18,0.02844789129,-8.5934742e-18
56.64332166,-0.02136932913,9.075758062e-18,0.02836755901,-3.938407922e-17
56.70835418,-0.02138150607,2.114569345e-17,0.02823015557,-9.198445275e-17
56.77338669,-0.02139861915,3.802316133e-17,0.02803705331,-1.65812228e-16
56.83841921,-0.02142054675,5.953649547e-17,0.02778962456,-2.602850381e-16
56.90345173,-0.02144716724,8.551402963e-17,0.02748924166,-3.748205164e-16
56.96848424,-0.02147835901,1.157840976e-16,0.02713727693,-5.088362959e-16
57.03351676,-0.02151400043,1.50175033e-16,0.02673510272,-6.617500099e-16
57.09854927,-0.0215539699,1.885151698e-16,0.02628409135,-8.329792916e-16
57.16358179,-0.02159814579,2.306328416e-16,0.02578561516,-1.021941774e-15
57.22861431,-0.02164640647,2.763563822e-16,0.02524104647,-1.228055091e-15
57.29364682,-0.02169863035,3.255141253e-16,0.02465175763,-1.450736875e-15
57.35867934,-0.02175469578,3.779344048e-16,0.02401912097,-1.689404759e-15
57.42371186,-0.02181448116,4.334455544e-16,0.02334450882,-1.943476377e-15
57.48874437,-0.02187786487,4.918759078e-16,0.02262929351,-2.212369362e-15
57.55377689,-0.02194472529,5.530537988e-16,0.02187484737,-2.495501347e-15
57.6188094,-0.0220149408,6.168075612e-16,0.02108254274,-2.792289965e-15
57.68384192,-0.02208838978,6.829655287e-16,0.02025375196,-3.10215285e-15
57.74887444,-0.02216495061,7.51356035e-16,0.01938984735,-3.424507634e-15
57.81390695,-0.02224450168,8.21807414e-16,0.01849220124,-3.758771951e-15
57.87893947,-0.02232692136,8.941479994e-16,0.01756218598,-4.104363435e-15
57.94397199,-0.02241208803,9.682061249e-16,0.01660117389,-4.460699717e-15
58.0090045,-0.02249988009,1.043810124e-15,0.01561053731,-4.827198432e-15
58.07403702,-0.0225901759,1.120788331e-15,0.01459164856,-5.203277212e-15
58.13906953,-0.02268285385,1.19896908e-15,0.01354587999,-5.588353692e-15
58.20410205,-0.02277779233,1.278180704e-15,0.01247460393,-5.981845503e-15
58.26913457,-0.02287486971,1.358251536e-15,0.0113791927,-6.38317028e-15
58.33416708,-0.02297396437,1.439009912e-15,0.01026101865,-6.791745654e-15
58.3991996,-0.0230749547,1.520284163e-15,0.009121454095,-7.206989261e-15
58.46423212,-0.02317771907,1.601902626e-15,0.007961871383,-7.628318732e-15
58.52926463,-0.02328213587,1.683693631e-15,0.006783642841,-8.055151702e-15
58.59429715,-0.02338808348,1.765485515e-15,0.005588140803,-8.486905802e-15
58.65932966,-0.02349544028,1.84710661e-15,0.004376737602,-8.922998667e-15
58.72436218,-0.02360408466,1.928385251e-15,0.003150805571,-9.362847929e-15
58.7893947,-0.02371389499,2.00914977e-15,0.001911717043,-9.805871223e-15
58.85442721,-0.02382474965,2.089228503e-15,0.000660844351,-1.025148618e-14
58.91945973,-0.02393652703,2.168449781e-15,-0.0006004401722,-1.069911043e-14
58.98449225,-0.0240491055,2.24664194e-15,-0.001870764193,-1.114816162e-14
59.04952476,-0.02416236345,2.323633314e-15,-0.00314875538,-1.159805737e-14
59.11455728,-0.02427617927,2.399252234e-15,-0.004433041398,-1.204821531e-14
59.17958979,-0.02439043132,2.473327037e-15,-0.005722249915,-1.249805309e-14
59.24462231,-0.02450499799,2.545686055e-15,-0.007015008598,-1.294698833e-14
59.30965483,-0.02461975767,2.616157622e-15,-0.008309945113,-1.339443866e-14
59.37468734,-0.02473458874,2.684570071e-15,-0.009605687129,-1.383982172e-14
59.43971986,-0.02484936957,2.750751737e-15,-0.01090086231,-1.428255515e-14
59.50475238,-0.02496397855,2.814530954e-15,-0.01219409833,-1.472205657e-14
59.56978489,-0.02507829405,2.875736055e-15,-0.01348402284,-1.515774363e-14
59.63481741,-0.02519219447,2.934195373e-15,-0.01476926353,-1.558903394e-14
59.69984992,-0.02530555818,2.989737244e-15,-0.01604844805,-1.601534515e-14
59.76488244,-0.02541826356,3.042189999e-15,-0.01732020407,-1.643609489e-14
59.82991496,-0.025530189,3.091381974e-15,-0.01858315926,-1.685070079e-14
59.89494747,-0.02564121287,3.137141502e-15,-0.01983594128,-1.725858048e-14
59.95997999,-0.02575121355,3.179296916e-15,-0.02107717781,-1.765915161e-14
60.02501251,-0.02586006944,3.217676551e-15,-0.02230549651,-1.805183179e-14
60.09004502,-0.0259676589,3.25210874e-15,-0.02351952504,-1.843603867e-14
60.15507754,-0.02607386033,3.282421816e-15,-0.02471789108,-1.881118988e-14
60.22011006,-0.02617855209,3.308444115e-15,-0.02589922229,-1.917670305e-14
60.28514257,-0.02628161258,3.330003969e-15,-0.02706214633,-1.953199581e-14
60.35017509,-0.02638292017,3.346929712e-15,-0.02820529088,-1.98764858e-14
60.4152076,-0.02648235325,3.359049678e-15,-0.0293272836,-2.020959065e-14
60.48024012,-0.0265797902,3.366192201e-15,-0.03042675216,-2.0530728e-14
60.54527264,-0.02667510939,3.368185615e-15,-0.03150232423,-2.083931547e-14
60.61030515,-0.02676818922,3.364858252e-15,-0.03255262746,-2.11347707e-14
60.67533767,-0.02685890805,3.356038448e-15,-0.03357628954,-2.141651133e-14
60.74037019,-0.02694714428,3.341554535e-15,-0.03457193812,-2.168395498e-14
60.8054027,-0.02703277628,3.321234848e-15,-0.03553820088,-2.19365193e-14
60.87043522,-0.02711568244,3.29490772e-15,-0.03647370547,-2.21736219e-14
60.93546773,-0.02719574113,3.262401486e-15,-0.03737707957,-2.239468043e-14
61.00050025,-0.02727283073,3.223544478e-15,-0.03824695085,-2.259911252e-14
61.06553277,-0.02734682964,3.17816503e-15,-0.03908194697,-2.278633581e-14
61.13056528,-0.02741761623,3.126091477e-15,-0.03988069559,-2.295576792e-14
61.1955978,-0.02748506888,3.067152152e-15,-0.04064182439,-2.310682649e-14
61.26063032,-0.02754906597,3.001175389e-15,-0.04136396104,-2.323892915e-14
61.32566283,-0.02760948588,2.927989521e-15,-0.04204573319,-2.335149353e-14
61.39069535,-0.027666207,2.847422883e-15,-0.04268576852,-2.344393728e-14
61.45572786,-0.02771910771,2.759303808e-15,-0.04328269469,-2.351567802e-14
61.52076038,-0.02776806638,2.663460629e-15,-0.04383513937,-2.356613338e-14
61.5857929,-0.0278129614,2.559721682e-15,-0.04434173023,-2.3594721e-14
61.65082541,-0.02785367116,2.447915298e-15,-0.04480109493,-2.360085851e-14
61.71585793,-0.02789007402,2.327869813e-15,-0.04521186114,-2.358396354e-14
61.78089045,-0.02792204838,2.19941356e-15,-0.04557265653,-2.354345374e-14
61.84592296,-0.02794947261,2.062374872e-15,-0.04588210876,-2.347874672e-14
61.91095548,-0.0279722251,1.916582084e-15,-0.04613884551,-2.338926013e-14
61.97598799,-0.02799018422,1.761863529e-15,-0.04634149443,-2.32744116e-14
62.04102051,-0.02800322837,1.598047541e-15,-0.0464886832,-2.313361875e-14
62.10605303,-0.02801123591,1.424962453e-15,-0.04657903949,-2.296629924e-14
62.17108554,-0.02801408523,1.2424366e-15,-0.04661119095,-2.277187067e-14
62.23611806,-0.02800422075,1.058209478e-15,-0.04661619561,-2.255868872e-14
62.30115058,-0.02797311656,8.815041067e-16,-0.04663179047,-2.233728347e-14
62.36618309,-0.02792125723,7.122102725e-16,-0.04665779143,-2.210792289e-14
62.43121561,-0.02784914289,5.502014291e-16,-0.04669394776,-2.18708567e-14
62.49624812,-0.02775727366,3.953510304e-16,-0.04674000869,-2.162633467e-14
62.56128064,-0.02764614966,2.475325304e-16,-0.04679572348,-2.137460653e-14
62.62631316,-0.02751627102,1.066193832e-16,-0.04686084137,-2.111592202e-14
62.69134567,-0.02736813785,-2.751495725e-17,-0.04693511163,-2.085053091e-14
62.75637819,-0.02720225029,-1.549970369e-16,-0.04701828349,-2.057868292e-14
62.82141071,-0.02701910846,-2.759534019e-16,-0.04711010622,-2.030062781e-14
62.88644322,-0.02681921248,-3.905105981e-16,-0.04721032905,-2.001661533e-14
62.95147574,-0.02660306248,-4.987951715e-16,-0.04731870124,-1.972689521e-14
63.01650825,-0.02637115857,-6.009336682e-16,-0.04743497205,-1.94317172e-14
63.08154077,-0.02612400089,-6.970526341e-16,-0.04755889072,-1.913133105e-14
63.14657329,-0.02586208956,-7.872786153e-16,-0.04769020649,-1.88259865e-14
63.2116058,-0.0255859247,-8.717381577e-16,-0.04782866863,-1.85159333e-14
63.27663832,-0.02529600643,-9.505578074e-16,-0.04797402639,-1.82014212e-14
63.34167084,-0.02499283488,-1.02386411e-15,-0.048126029,-1.788269994e-14
63.40670335,-0.02467691017,-1.091783612e-15,-0.04828442573,-1.756001926e-14
63.47173587,-0.02434873243,-1.15444286e-15,-0.04844896583,-1.723362891e-14
63.53676838,-0.02400880178,-1.211968398e-15,-0.04861939853,-1.690377864e-14
63.6018009,-0.02365761835,-1.264486774e-15,-0.04879547311,-1.657071819e-14
63.66683342,-0.02329568225,-1.312124533e-15,-0.04897693879,-1.62346973e-14
63.73186593,-0.02292349361,-1.355008222e-15,-0.04916354485,-1.589596573e-14
63.79689845,-0.02254155256,-1.393264385e-15,-0.04935504052,-1.555477322e-14
63.86193097,-0.02215035922,-1.42701957e-15,-0.04955117506,-1.521136951e-14
63.92696348,-0.02175041371,-1.456400322e-15,-0.04975169771,-1.486600435e-14
63.991996,-0.02134221615,-1.481533187e-15,-0.04995635773,-1.451892749e-14
64.05702851,-0.02092626668,-1.502544712e-15,-0.05016490437,-1.417038866e-14
64.12206103,-0.02050306541,-1.519561441e-15,-0.05037708688,-1.382063762e-14
64.18709355,-0.02007311248,-1.532709922e-15,-0.05059265451,-1.346992411e-14
64.25212606,-0.01963690799,-1.5421167e-15,-0.0508113565,-1.311849788e-14
64.31715858,-0.01919495208,-1.547908322e-15,-0.05103294212,-1.276660867e-14
64.3821911,-0.01874774487,-1.550211332e-15,-0.05125716061,-1.241450622e-14
64.44722361,-0.01829578648,-1.549152278e-15,-0.05148376121,-1.206244029e-14
64.51225613,-0.01783957704,-1.544857705e-15,-0.05171249319,-1.171066062e-14
64.57728864,-0.01737961667,-1.53745416e-15,-0.05194310579,-1.135941694e-14
64.64232116,-0.0169164055,-1.527068187e-15,-0.05217534826,-1.100895902e-14
64.70735368,-0.01645044364,-1.513826334e-15,-0.05240896986,-1.06595366e-14
64.77238619,-0.01598223123,-1.497855146e-15,-0.05264371983,-1.031139941e-14
64.83741871,-0.01551226839,-1.479281169e-15,-0.05287934742,-9.964797207e-15
64.90245123,-0.01504105523,-1.458230949e-15,-0.05311560188,-9.619979736e-15
64.96748374,-0.01456909189,-1.434831033e-15,-0.05335223247,-9.277196741e-15
65.03251626,-0.01409687849,-1.409207965e-15,-0.05358898844,-8.936697968e-15
65.09754877,-0.01362491515,-1.381488293e-15,-0.05382561903,-8.598733162e-15
65.16258129,-0.01315370199,-1.351798563e-15,-0.05406187349,-8.263552069e-15
65.22761381,-0.01268373915,-1.320265319e-15,-0.05429750108,-7.931404434e-15
65.29264632,-0.01221552674,-1.287015109e-15,-0.05453225105,-7.602540002e-15
65.35767884,-0.01174956488,-1.252174478e-15,-0.05476587264,-7.27720852e-15
65.42271136,-0.01128635371,-1.215869972e-15,-0.05499811512,-6.955659732e-15
65.48774387,-0.01082639334,-1.178228137e-15,-0.05522872772,-6.638143384e-15
65.55277639,-0.0103701839,-1.139375519e-15,-0.0554574597,-6.324909221e-15
65.6178089,-0.009918225512,-1.099438665e-15,-0.0556840603,-6.016206989e-15
65.68284142,-0.009471018301,-1.05854412e-15,-0.05590827879,-5.712286433e-15
65.74787394,-0.009029062391,-1.01681843e-15,-0.05612986441,-5.4133973e-15
65.81290645,-0.008592857904,-9.743881412e-16,-0.0563485664,-5.119789333e-15
65.87793897,-0.008162904965,-9.313797997e-16,-0.05656413403,-4.831712279e-15
65.94297149,-0.007739703697,-8.879199514e-16,-0.05677631654,-4.549415883e-15
66.008004,-0.007323754225,-8.441351423e-16,-0.05698486318,-4.273149891e-15
66.07303652,-0.006915556673,-8.001519184e-16,-0.0571895232,-4.003164048e-15
66.13806903,-0.006515611163,-7.560968256e-16,-0.05739004585,-3.7397081e-15
66.20310155,-0.006124417821,-7.120964101e-16,-0.05758618039,-3.483031791e-15
66.26813407,-0.005742476769,-6.682772178e-16,-0.05777767606,-3.233384868e-15
66.33316658,-0.005370288132,-6.247657946e-16,-0.05796428211,-2.991017076e-15
66.3981991,-0.005008352033,-5.816886867e-16,-0.0581457478,-2.75617816e-15
66.46323162,-0.004657168596,-5.3917244e-16,-0.05832182238,-2.529117866e-15
66.52826413,-0.004317237946,-4.973436004e-16,-0.05849225508,-2.310085939e-15
66.59329665,-0.003989060205,-4.56328714e-16,-0.05865679518,-2.099332125e-15
66.65832916,-0.003673135498,-4.162543269e-16,-0.05881519191,-1.897106169e-15
66.72336168,-0.003369963949,-3.772469849e-16,-0.05896719452,-1.703657817e-15
66.7883942,-0.003080045681,-3.394332341e-16,-0.05911255227,-1.519236814e-15
66.85342671,-0.002803880819,-3.029396205e-16,-0.05925101442,-1.344092905e-15
66.91845923,-0.002541969485,-2.6789269e-16,-0.05938233019,-1.178475837e-15
66.98349175,-0.002294811804,-2.344189888e-16,-0.05950624886,-1.022635354e-15
67.04852426,-0.0020629079,-2.026450627e-16,-0.05962251966,-8.768212019e-16
67.11355678,-0.001846757896,-1.726974579e-16,-0.05973089186,-7.412831263e-16
67.17858929,-0.001646861917,-1.447027202e-16,-0.05983111469,-6.162708725e-16
67.24362181,-0.001463720086,-1.187873957e-16,-0.05992293742,-5.020341861e-16
67.30865433,-0.001297832527,-9.507803033e-17,-0.06000610928,-3.988228124e-16
67.37368684,-0.001149699363,-7.370117017e-17,-0.06008037954,-3.06886497e-16
67.43871936,-0.00101982072,-5.47833612e-17,-0.06014549743,-2.264749853e-16
67.50375188,-0.0009086967194,-3.84511494e-17,-0.06020121222,-1.578380228e-16
67.56878439,-0.0008168274864,-2.483108078e-17,-0.06024727315,-1.012253549e-16
67.63381691,-0.0007447131446,-1.404970134e-17,-0.06028342947,-5.688672703e-17
67.69884942,-0.0006928538176,-6.233557063e-18,-0.06030943044,-2.507188472e-17
67.76388194,-0.0006617496295,-1.509193965e-18,-0.0603250253,-6.030573406e-18
67.82891446,-0.0006518594919,0,-0.06032988925,0
67.89394697,-0.0006400695951,0,-0.06028175365,0
67.95897949,-0.0006069360716,0,-0.06014647663,0
68.02401201,-0.0005529621538,0,-0.05992611279,0
68.08904452,-0.0004786510743,0,-0.05962271671,0
68.15407704,-0.0003845060659,0,-0.05923834298,0
68.21910955,-0.0002710303612,0,-0.0587750462,0
68.28414207,-0.0001387271926,0,-0.05823488096,0
68.34917459,1.190020709e-05,0,-0.05761990184,0
68.4142071,0.0001803486053,0,-0.05693216343,0
68.47923962,0.0003661147694,0,-0.05617372032,0
68.54427214,0.0005686954669,0,-0.05534662712,0
68.60930465,0.000787587465,0,-0.05445293839,0
68.67433717,0.001022287531,0,-0.05349470874,0
68.73936968,0.001272292433,0,-0.05247399275,0
68.8044022,0.001537098937,0,-0.05139284502,0
68.86943472,0.001816203812,0,-0.05025332013,0
68.93446723,0.002109103824,0,-0.04905747268,0
68.99949975,0.002415295741,0,-0.04780735725,0
69.06453227,0.002734276331,0,-0.04650502843,0
69.12956478,0.00306554236,0,-0.04515254082,0
69.1945973,0.003408590597,0,-0.04375194901,0
69.25962981,0.003762917808,0,-0.04230530758,0
69.32466233,0.004128020761,0,-0.04081467112,0
69.38969485,0.004503396223,0,-0.03928209423,0
69.45472736,0.004888540962,0,-0.03770963149,0
69.51975988,0.005282951745,0,-0.0360993375,0
69.5847924,0.005686125339,0,-0.03445326684,0
69.64982491,0.006097558512,0,-0.0327734741,0
69.71485743,0.006516748031,0,-0.03106201388,0
69.77988994,0.006943190664,0,-0.02932094077,0
69.84492246,0.007376383178,0,-0.02755230935,0
69.90995498,0.00781582234,0,-0.02575817421,0
69.97498749,0.008261004918,0,-0.02394058995,0
70.04002001,0.008711427679,0,-0.02210161116,0
70.10505253,0.009166587391,0,-0.02024329242,0
70.17008504,0.00962598082,0,-0.01836768832,0
70.23511756,0.01008910474,0,-0.01647685346,0
70.30015008,0.0105554559,0,-0.01457284242,0
70.36518259,0.01102453109,0,-0.0126577098,0
70.43021511,0.01149582706,0,-0.01073351018,0
70.49524762,0.01196884059,0,-0.00880229816,0
70.56028014,0.01244306845,0,-0.006866128323,0
70.62531266,0.01291800739,0,-0.004927055261,0
70.69034517,0.01339315419,0,-0.002987133564,0
70.75537769,0.01386800561,0,-0.001048417822,0
70.82041021,0.01434205842,0,0.0008870373753,0
70.88544272,0.0148148094,0,0.002817177437,0
70.95047524,0.0152857553,0,0.004739947774,0
71.01550775,0.01575439289,0,0.006653293796,0
71.08054027,0.01622021895,0,0.008555160913,0
71.14557279,0.01668273023,0,0.01044349453,0
71.2106053,0.01714142351,0,0.01231624007,0
71.27563782,0.01759579555,0,0.01417134293,0
71.34067034,0.01804534313,0,0.01600674853,0
71.40570285,0.018489563,0,0.01782040227,0
71.47073537,0.01892795194,0,0.01961024956,0
71.53576788,0.01936000671,0,0.02137423582,0
71.6008004,0.01978522408,0,0.02311030646,0
71.66583292,0.02020310082,0,0.02481640688,0
71.73086543,0.02061313369,0,0.02649048249,0
71.79589795,0.02101481947,0,0.02813047871,0
71.86093047,0.02140765491,0,0.02973434094,0
71.92596298,0.02179113679,0,0.0313000146,0
71.9909955,0.02216476188,0,0.03282544509,0
72.05602801,0.02252802694,0,0.03430857783,0
72.12106053,0.02288042874,0,0.03574735822,0
72.18609305,0.02322146405,0,0.03713973168,0
72.25112556,0.02355062963,0,0.03848364361,0
72.31615808,0.02386742225,0,0.03977703942,0
72.3811906,0.02417133868,0,0.04101786453,0
72.44622311,0.02446187569,0,0.04220406435,0
72.51125563,0.02473853004,0,0.04333358427,0
72.57628814,0.0250007985,0,0.04440436973,0
72.64132066,0.02524817784,0,0.04541436611,0
72.70635318,0.02548016483,0,0.04636151884,0
72.77138569,0.02569625622,0,0.04724377333,0
72.83641821,0.0258959488,0,0.04805907498,0
72.90145073,0.02607873933,0,0.0488053692,0
72.96648324,0.02624412458,0,0.04948060141,0
73.03151576,0.0263916013,0,0.05008271701,0
73.09654827,0.02652066628,0,0.05060966142,0
73.16158079,0.02663081627,0,0.05105938004,0
73.22661331,0.02672154805,0,0.05142981828,0
73.29164582,0.02679235838,0,0.05171892156,0
73.35667834,0.02684274403,0,0.05192463528,0
73.42171086,0.02687220177,0,0.05204490486,0
73.48674337,0.02688045074,0,0.05207843284,0
73.55177589,0.02688311006,0,0.05207820266,0
73.6168084,0.02688991424,0,0.05207761371,0
73.68184092,0.02690076537,0,0.05207667446,0
73.74687344,0.02691556551,0,0.0520753934,0
73.81190595,0.02693421674,0,0.05207377899,0
73.87693847,0.02695662113,0,0.05207183972,0
73.94197099,0.02698268075,0,0.05206958407,0
74.0070035,0.02701229767,0,0.0520670205,0
74.07203602,0.02704537398,0,0.0520641575,0
74.13706853,0.02708181174,0,0.05206100353,0
74.20210105,0.02712151302,0,0.05205756709,0
74.26713357,0.0271643799,0,0.05205385664,0
74.33216608,0.02721031445,0,0.05204988066,0
74.3971986,0.02725921875,0,0.05204564762,0
74.46223112,0.02731099486,0,0.05204116601,0
74.52726363,0.02736554486,0,0.0520364443,0
74.59229615,0.02742277082,0,0.05203149096,0
74.65732866,0.02748257482,0,0.05202631447,0
74.72236118,0.02754485893,0,0.05202092332,0
74.7873937,0.02760952522,0,0.05201532596,0
74.85242621,0.02767647577,0,0.05200953089,0
74.91745873,0.02774561264,0,0.05200354657,0
74.98249125,0.02781683791,0,0.05199738149,0
75.04752376,0.02789005365,0,0.05199104412,0
75.11255628,0.02796516195,0,0.05198454293,0
75.17758879,0.02804206486,0,0.0519778864,0
75.24262131,0.02812066446,0,0.05197108302,0
75.30765383,0.02820086283,0,0.05196414124,0
75.37268634,0.02828256204,0,0.05195706956,0
75.43771886,0.02836566416,0,0.05194987645,0
75.50275138,0.02845007126,0,0.05194257038,0
75.56778389,0.02853568542,0,0.05193515983,0
75.63281641,0.02862240871,0,0.05192765328,0
75.69784892,0.0287101432,0,0.0519200592,0
75.76288144,0.02879879097,0,0.05191238606,0
75.82791396,0.02888825409,0,0.05190464236,0
75.89294647,0.02897843463,0,0.05189683655,0
75.95797899,0.02906923466,0,0.05188897713,0
76.02301151,0.02916055626,0,0.05188107256,0
76.08804402,0.02925230151,0,0.05187313131,0
76.15307654,0.02934437246,0,0.05186516188,0
76.21810905,0.02943667121,0,0.05185717273,0
76.28314157,0.02952909981,0,0.05184917234,0
76.34817409,0.02962156035,0,0.05184116918,0
76.4132066,0.02971395489,0,0.05183317174,0
76.47823912,0.02980618551,0,0.05182518849,0
76.54327164,0.02989815429,0,0.0518172279,0
76.60830415,0.02998976328,0,0.05180929845,0
76.67333667,0.03008091458,0,0.05180140862,0
76.73836918,0.03017151024,0,0.05179356688,0
76.8034017,0.03026145235,0,0.05178578172,0
76.86843422,0.03035064298,0,0.0517780616,0
76.93346673,0.03043898419,0,0.051770415,0
76.99849925,0.03052637807,0,0.0517628504,0
77.06353177,0.03061272668,0,0.05175537628,0
77.12856428,0.0306979321,0,0.05174800111,0
77.1935968,0.0307818964,0,0.05174073337,0
77.25862931,0.03086452166,0,0.05173358153,0
77.32366183,0.03094570994,0,0.05172655407,0
77.38869435,0.03102536333,0,0.05171965947,0
77.45372686,0.03110338388,0,0.05171290621,0
77.51875938,0.03117967369,0,0.05170630275,0
77.5837919,0.03125413481,0,0.05169985758,0
77.64882441,0.03132666932,0,0.05169357917,0
77.71385693,0.0313971793,0,0.051687476,0
77.77888944,0.03146556682,0,0.05168155655,0
77.84392196,0.03153173395,0,0.05167582929,0
77.90895448,0.03159558276,0,0.05167030269,0
77.97398699,0.03165701533,0,0.05166498524,0
78.03901951,0.03171593372,0,0.05165988541,0
78.10405203,0.03177224003,0,0.05165501168,0
78.16908454,0.0318258363,0,0.05165037252,0
78.23411706,0.03187662463,0,0.0516459764,0
78.29914957,0.03192450708,0,0.05164183182,0
78.36418209,0.03196938572,0,0.05163794723,0
78.42921461,0.03201116263,0,0.05163433113,0
78.49424712,0.03204973988,0,0.05163099198,0
78.55927964,0.03208501954,0,0.05162793826,0
78.62431216,0.03211690369,0,0.05162517844,0
78.68934467,0.0321452944,0,0.05162272101,0
78.75437719,0.03217009375,0,0.05162057444,0
78.8194097,0.0321912038,0,0.05161874721,0
78.88444222,0.03220852662,0,0.05161724779,0
78.94947474,0.0322219643,0,0.05161608466,0
79.01450725,0.0322314189,0,0.05161526629,0
79.07953977,0.0322367925,0,0.05161480116,0
79.14457229,0.03223753544,0,0.05161420134,0
79.2096048,0.03222089616,0,0.05159951224,0
79.27463732,0.03218149416,0,0.05156472831,0
79.33966983,0.03211986835,0,0.05151032529,0
79.40470235,0.03203655764,0,0.05143677892,0
79.46973487,0.03193210092,0,0.05134456494,0
79.53476738,0.0318070371,0,0.0512341591,0
79.5997999,0.03166190507,0,0.05110603711,0
79.66483242,0.03149724374,0,0.05096067474,0
79.72986493,0.03131359201,0,0.05079854772,0
79.79489745,0.03111148878,0,0.05062013178,0
79.85992996,0.03089147294,0,0.05042590267,0
79.92496248,0.03065408341,0,0.05021633613,0
79.989995,0.03039985908,0,0.0499919079,0
80.05502751,0.03012933886,0,0.04975309371,0
80.12006003,0.02984306164,0,0.04950036931,0
80.18509255,0.02954156632,0,0.04923421043,0
80.25012506,0.02922539181,0,0.04895509282,0
80.31515758,0.028895077,0,0.04866349221,0
80.3801901,0.02855116081,0,0.04835988435,0
80.44522261,0.02819418212,0,0.04804474497,0
80.51025513,0.02782467984,0,0.04771854982,0
80.57528764,0.02744319287,0,0.04738177463,0
80.64032016,0.02705026012,0,0.04703489515,0
80.70535268,0.02664642048,0,0.0466783871,0
80.77038519,0.02623221285,0,0.04631272624,0
80.83541771,0.02580817613,0,0.04593838831,0
80.90045023,0.02537484924,0,0.04555584903,0
80.96548274,0.02493277106,0,0.04516558416,0
81.03051526,0.02448248049,0,0.04476806942,0
81.09554777,0.02402451645,0,0.04436378057,0
81.16058029,0.02355941782,0,0.04395319334,0
81.22561281,0.02308772352,0,0.04353678347,0
81.29064532,0.02260997243,0,0.0431150267,0
81.35567784,0.02212670347,0,0.04268839877,0
81.42071036,0.02163845554,0,0.04225737541,0
81.48574287,0.02114576753,0,0.04182243238,0
81.55077539,0.02064917834,0,0.04138404541,0
81.6158079,0.02014922688,0,0.04094269023,0
81.68084042,0.01964645205,0,0.04049884259,0
81.74587294,0.01914139274,0,0.04005297823,0
81.81090545,0.01863458787,0,0.03960557289,0
81.87593797,0.01812657632,0,0.0391571023,0
81.94097049,0.01761789701,0,0.03870804221,0
82.006003,0.01710908883,0,0.03825886836,0
82.07103552,0.01660069068,0,0.03781005648,0
82.13606803,0.01609324147,0,0.03736208231,0
82.20110055,0.01558728009,0,0.03691542161,0
82.26613307,0.01508334545,0,0.03647055009,0
82.33116558,0.01458197645,0,0.03602794351,0
82.3961981,0.01408371198,0,0.03558807761,0
82.46123062,0.01358909095,0,0.03515142812,0
82.52626313,0.01309865227,0,0.03471847078,0
82.59129565,0.01261293482,0,0.03428968134,0
82.65632816,0.01213247752,0,0.03386553553,0
82.72136068,0.01165781926,0,0.03344650909,0
82.7863932,0.01118949894,0,0.03303307776,0
82.85142571,0.01072805547,0,0.03262571729,0
82.91645823,0.01027402775,0,0.0322249034,0
82.98149075,0.00982795467,0,0.03183111185,0
83.04652326,0.009390375141,0,0.03144481837,0
83.11155578,0.00896182806,0,0.03106649869,0
83.17658829,0.00854285233,0,0.03069662857,0
83.24162081,0.00813398685,0,0.03033568374,0
83.30665333,0.007735770523,0,0.02998413994,0
83.37168584,0.007348742248,0,0.0296424729,0
83.43671836,0.006973440927,0,0.02931115838,0
83.50175088,0.006610405461,0,0.0289906721,0
83.56678339,0.006260174751,0,0.02868148981,0
83.63181591,0.005923287698,0,0.02838408725,0
83.69684842,0.005600283202,0,0.02809894016,0
83.76188094,0.005291700166,0,0.02782652427,0
83.82691346,0.004998077489,0,0.02756731533,0
83.89194597,0.004719954073,0,0.02732178907,0
83.95697849,0.004457868818,0,0.02709042125,0
84.02201101,0.004212360626,0,0.02687368758,0
84.08704352,0.003983968398,0,0.02667206383,0
84.15207604,0.003773231035,0,0.02648602571,0
84.21710855,0.003580687437,0,0.02631604898,0
84.28214107,0.003406876506,0,0.02616260938,0
84.34717359,0.003252337142,0,0.02602618264,0
84.4122061,0.003117608248,0,0.0259072445,0
84.47723862,0.003003228722,0,0.02580627071,0
84.54227114,0.002909737467,0,0.025723737,0
84.60730365,0.002837673384,0,0.02566011911,0
84.67233617,0.002787575373,0,0.02561589278,0
84.73736868,0.002759982335,0,0.02559153376,0
84.8024012,0.00275232534,0,0.02558768497,0
84.86743372,0.002717516689,0,0.02560709745,0
84.93246623,0.002640288191,0,0.02565016711,0
84.99749875,0.002521646195,0,0.02571633272,0
85.06253127,0.002362597052,0,0.02580503305,0
85.12756378,0.002164147111,0,0.02591570685,0
85.1925963,0.001927302724,0,0.02604779291,0
85.25762881,0.00165307024,0,0.02620072998,0
85.32266133,0.001342456009,0,0.02637395684,0
85.38769385,0.0009964663822,0,0.02656691224,0
85.45272636,0.0006161077088,0,0.02677903497,0
85.51775888,0.0002023863394,0,0.02700976378,0
85.5827914,-0.0002436913759,0,0.02725853744,0
85.64782391,-0.000721119087,0,0.02752479473,0
85.71285643,-0.001228890444,0,0.0278079744,0
85.77788894,-0.001765999096,0,0.02810751522,0
85.84292146,-0.002331438693,0,0.02842285597,0
85.90795398,-0.002924202885,0,0.02875343541,0
85.97298649,-0.003543285322,0,0.0290986923,0
86.03801901,-0.004187679654,0,0.02945806542,0
86.10305153,-0.00485637953,0,0.02983099352,0
86.16808404,-0.0055483786,0,0.03021691539,0
86.23311656,-0.006262670515,0,0.03061526978,0
86.29814907,-0.006998248923,0,0.03102549546,0
86.36318159,-0.007754107476,0,0.0314470312,0
86.42821411,-0.008529239822,0,0.03187931577,0
86.49324662,-0.009322639611,0,0.03232178794,0
86.55827914,-0.01013330049,0,0.03277388646,0
86.62331166,-0.01096021612,0,0.03323505012,0
86.68834417,-0.01180238014,0,0.03370471767,0
86.75337669,-0.0126587862,0,0.03418232789,0
86.8184092,-0.01352842795,0,0.03466731953,0
86.88344172,-0.01441029905,0,0.03515913137,0
86.94847424,-0.01530339314,0,0.03565720218,0
87.01350675,-0.01620670387,0,0.03616097072,0
87.07853927,-0.01711922489,0,0.03666987576,0
87.14357179,-0.01803994985,0,0.03718335607,0
87.2086043,-0.01896787241,0,0.03770085041,0
87.27363682,-0.01990198621,0,0.03822179755,0
87.33866933,-0.02084128489,0,0.03874563627,0
87.40370185,-0.02178476212,0,0.03927180531,0
87.46873437,-0.02273141154,0,0.03979974346,0
87.53376688,-0.0236802268,0,0.04032888949,0
87.5987994,-0.02463020155,0,0.04085868214,0
87.66383192,-0.02558032944,0,0.04138856021,0
87.72886443,-0.02652960412,0,0.04191796244,0
87.79389695,-0.02747701925,0,0.04244632762,0
87.85892946,-0.02842156846,0,0.0429730945,0
87.92396198,-0.02936224541,0,0.04349770186,0
87.9889945,-0.03029804375,0,0.04401958846,0
88.05402701,-0.03122795712,0,0.04453819306,0
88.11905953,-0.03215097919,0,0.04505295445,0
88.18409205,-0.0330661036,0,0.04556331137,0
88.24912456,-0.03397232399,0,0.04606870261,0
88.31415708,-0.03486863403,0,0.04656856692,0
88.37918959,-0.03575402735,0,0.04706234308,0
88.44422211,-0.03662749761,0,0.04754946985,0
88.50925463,-0.03748803846,0,0.04802938599,0
88.57428714,-0.03833464354,0,0.04850153029,0
88.63931966,-0.03916630651,0,0.0489653415,0
88.70435218,-0.03998202103,0,0.04942025839,0
88.76938469,-0.04078078072,0,0.04986571973,0
88.83441721,-0.04156157926,0,0.05030116428,0
88.89944972,-0.04232341028,0,0.05072603082,0
88.96448224,-0.04306526744,0,0.05113975811,0
89.02951476,-0.04378614438,0,0.05154178491,0
89.09454727,-0.04448503477,0,0.05193155,0
89.15957979,-0.04516093223,0,0.05230849214,0
89.22461231,-0.04581283044,0,0.0526720501,0
89.28964482,-0.04643972303,0,0.05302166265,0
89.35467734,-0.04704060365,0,0.05335676855,0
89.41970985,-0.04761446596,0,0.05367680657,0
89.48474237,-0.04816030361,0,0.05398121548,0
89.54977489,-0.04867711024,0,0.05426943405,0
89.6148074,-0.0491638795,0,0.05454090103,0
89.67983992,-0.04961960506,0,0.05479505521,0
89.74487244,-0.05004328054,0,0.05503133535,0
89.80990495,-0.05043389961,0,0.0552491802,0
89.87493747,-0.05079045591,0,0.05544802856,0
89.93996998,-0.0511119431,0,0.05562731917,0
90.0050025,-0.05139735482,0,0.0557864908,0
90.07003502,-0.05164568473,0,0.05592498223,0
90.13506753,-0.05185592647,0,0.05604223222,0
90.20010005,-0.05202707369,0,0.05613767954,0
90.26513257,-0.05215812005,0,0.05621076295,0
90.33016508,-0.05224805919,0,0.05626092123,0
90.3951976,-0.05229588476,0,0.05628759313,0
90.46023012,-0.05229733623,0,0.05629045685,0
90.52526263,-0.05222099831,0,0.05627159958,0
90.59029515,-0.0520608049,0,0.056232028,0
90.65532766,-0.05181874948,0,0.05617223456,0
90.72036018,-0.05149682549,0,0.0560927117,0
90.7853927,-0.0510970264,0,0.05599395183,0
90.85042521,-0.05062134568,0,0.0558764474,0
90.91545773,-0.05007177679,0,0.05574069084,0
90.98049025,-0.0494503132,0,0.05558717458,0
91.04552276,-0.04875894837,0,0.05541639105,0
91.11055528,-0.04799967576,0,0.05522883269,0
91.17558779,-0.04717448883,0,0.05502499193,0
91.24062031,-0.04628538106,0,0.0548053612,0
91.30565283,-0.0453343459,0,0.05457043294,0
91.37068534,-0.04432337682,0,0.05432069957,0
91.43571786,-0.04325446728,0,0.05405665354,0
91.50075038,-0.04212961074,0,0.05377878727,0
91.56578289,-0.04095080068,0,0.0534875932,0
91.63081541,-0.03972003054,0,0.05318356375,0
91.69584792,-0.03843929381,0,0.05286719137,0
91.76088044,-0.03711058393,0,0.05253896849,0
91.82591296,-0.03573589438,0,0.05219938754,0
91.89094547,-0.03431721862,0,0.05184894094,0
91.95597799,-0.03285655011,0,0.05148812114,0
92.02101051,-0.03135588231,0,0.05111742057,0
92.08604302,-0.0298172087,0,0.05073733166,0
92.15107554,-0.02824252273,0,0.05034834684,0
92.21610805,-0.02663381786,0,0.04995095854,0
92.28114057,-0.02499308757,0,0.04954565921,0
92.34617309,-0.02332232531,0,0.04913294126,0
92.4112056,-0.02162352455,0,0.04871329715,0
92.47623812,-0.01989867875,0,0.04828721928,0
92.54127064,-0.01814978137,0,0.04785520011,0
92.60630315,-0.01637882589,0,0.04741773206,0
92.67133567,-0.01458780576,0,0.04697530757,0
92.73636818,-0.01277871445,0,0.04652841907,0
92.8014007,-0.01095354542,0,0.04607755899,0
92.86643322,-0.009114292133,0,0.04562321976,0
92.93146573,-0.007262948056,0,0.04516589382,0
92.99649825,-0.005401506651,0,0.0447060736,0
93.06153077,-0.003531961383,0,0.04424425154,0
93.12656328,-0.001656305715,0,0.04378092006,0
93.1915958,0.0002234668893,0,0.04331657159,0
93.25662831,0.002105362966,0,0.04285169859,0
93.32166083,0.003987389051,0,0.04238679346,0
93.38669335,0.005867551681,0,0.04192234866,0
93.45172586,0.007743857391,0,0.0414588566,0
93.51675838,0.009614312719,0,0.04099680973,0
93.5817909,0.0114769242,0,0.04053670047,0
93.64682341,0.01332969837,0,0.04007902127,0
93.71185593,0.01517064177,0,0.03962426454,0
93.77688844,0.01699776093,0,0.03917292273,0
93.84192096,0.01880906238,0,0.03872548827,0
93.90695348,0.02060255267,0,0.03828245359,0
93.97198599,0.02237623834,0,0.03784431112,0
94.03701851,0.0241281259,0,0.0374115533,0
94.10205103,0.02585622192,0,0.03698467256,0
94.16708354,0.02755853291,0,0.03656416133,0
94.23211606,0.02923306541,0,0.03615051205,0
94.29714857,0.03087782597,0,0.03574421714,0
94.36218109,0.03249082112,0,0.03534576905,0
94.42721361,0.03407005739,0,0.03495566019,0
94.49224612,0.03561354132,0,0.03457438302,0
94.55727864,0.03711927944,0,0.03420242995,0
94.62231116,0.0385852783,0,0.03384029343,0
94.68734367,0.04000954443,0,0.03348846589,0
94.75237619,0.04139008437,0,0.03314743975,0
94.8174087,0.04272490464,0,0.03281770745,0
94.88244122,0.04401201179,0,0.03249976142,0
94.94747374,0.04524941236,0,0.03219409411,0
95.01250625,0.04643511288,0,0.03190119793,0
95.07753877,0.04756711988,0,0.03162156533,0
95.14257129,0.0486434399,0,0.03135568873,0
95.2076038,0.04966207949,0,0.03110406057,0
95.27263632,0.05062104517,0,0.03086717328,0
95.33766883,0.05151834348,0,0.03064551929,0
95.40270135,0.05235198095,0,0.03043959104,0
95.46773387,0.05311996413,0,0.03024988097,0
95.53276638,0.05382029956,0,0.03007688149,0
95.5977989,0.05445099375,0,0.02992108505,0
95.66283142,0.05501005326,0,0.02978298408,0
95.72786393,0.05549548462,0,0.02966307101,0
95.79289645,0.05590529436,0,0.02956183827,0
95.85792896,0.05623748902,0,0.02947977831,0
95.92296148,0.05649007514,0,0.02941738354,0
95.987994,0.05666105925,0,0.0293751464,0
96.05302651,0.05674844789,0,0.02935355933,0
96.11805903,0.05675857407,0,0.02934936283,0
96.18309155,0.05674485869,0,0.02933837616,0
96.24812406,0.05671743229,0,0.02931640631,0
96.31315658,0.05667662151,0,0.02928371493,0
96.37818909,0.05662275296,0,0.02924056365,0
96.44322161,0.05655615327,0,0.02918721413,0
96.50825413,0.05647714905,0,0.02912392799,0
96.57328664,0.05638606693,0,0.02905096687,0
96.63831916,0.05628323353,0,0.02896859242,0
96.70335168,0.05616897547,0,0.02887706627,0
96.76838419,0.05604361938,0,0.02877665007,0
96.83341671,0.05590749187,0,0.02866760545,0
96.89844922,0.05576091957,0,0.02855019406,0
96.96348174,0.05560422909,0,0.02842467752,0
97.02851426,0.05543774707,0,0.02829131749,0
97.09354677,0.05526180011,0,0.0281503756,0
97.15857929,0.05507671486,0,0.0280021135,0
97.22361181,0.05488281791,0,0.02784679281,0
97.28864432,0.0546804359,0,0.02768467518,0
97.35367684,0.05446989545,0,0.02751602225,0
97.41870935,0.05425152318,0,0.02734109567,0
97.48374187,0.05402564572,0,0.02716015706,0
97.54877439,0.05379258967,0,0.02697346807,0
97.6138069,0.05355268167,0,0.02678129033,0
97.67883942,0.05330624834,0,0.0265838855,0
97.74387194,0.0530536163,0,0.0263815152,0
97.80890445,0.05279511216,0,0.02617444108,0
97.87393697,0.05253106256,0,0.02596292477,0
97.93896948,0.05226179412,0,0.02574722792,0
98.004002,0.05198763344,0,0.02552761216,0
98.06903452,0.05170890717,0,0.02530433914,0
98.13406703,0.05142594191,0,0.02507767049,0
98.19909955,0.05113906429,0,0.02484786786,0
98.26413207,0.05084860094,0,0.02461519288,0
98.32916458,0.05055487847,0,0.02437990719,0
98.3941971,0.0502582235,0,0.02414227243,0
98.45922961,0.04995896266,0,0.02390255025,0
98.52426213,0.04965742257,0,0.02366100227,0
98.58929465,0.04935392985,0,0.02341789015,0
98.65432716,0.04904881112,0,0.02317347552,0
98.71935968,0.04874239301,0,0.02292802002,0
98.7843922,0.04843500213,0,0.02268178528,0
98.84942471,0.04812696511,0,0.02243503296,0
98.91445723,0.04781860857,0,0.02218802468,0
98.97948974,0.04751025912,0,0.02194102209,0
99.04452226,0.0472022434,0,0.02169428683,0
99.10955478,0.04689488803,0,0.02144808053,0
99.17458729,0.04658851962,0,0.02120266485,0
99.23961981,0.04628346479,0,0.0209583014,0
99.30465233,0.04598005018,0,0.02071525185,0
99.36968484,0.0456786024,0,0.02047377781,0
99.43471736,0.04537944806,0,0.02023414095,0
99.49974987,0.04508291381,0,0.01999660288,0
99.56478239,0.04478932624,0,0.01976142526,0
99.62981491,0.044499012,0,0.01952886973,0
99.69484742,0.04421229769,0,0.01929919791,0
99.75987994,0.04392950995,0,0.01907267146,0
99.82491246,0.04365097538,0,0.01884955201,0
99.88994497,0.04337702062,0,0.0186301012,0
99.95497749,0.04310797229,0,0.01841458067,0
100.02001,0.04284415701,0,0.01820325206,0
100.0850425,0.04258590139,0,0.01799637701,0
100.150075,0.04233353206,0,0.01779421716,0
100.2151076,0.04208737565,0,0.01759703415,0
100.2801401,0.04184775877,0,0.01740508962,0
100.3451726,0.04161500805,0,0.0172186452,0
100.4102051,0.0413894501,0,0.01703796255,0
100.4752376,0.04117141155,0,0.01686330329,0
100.5402701,0.04096121903,0,0.01669492906,0
100.6053027,0.04075919914,0,0.01653310151,0
100.6703352,0.04056567852,0,0.01637808228,0
100.7353677,0.04038098379,0,0.016230133,0
100.8004002,0.04020544156,0,0.01608951532,0
100.8654327,0.04003937847,0,0.01595649087,0
100.9304652,0.03988312112,0,0.01583132129,0
100.9954977,0.03973699615,0,0.01571426823,0
101.0605303,0.03960133017,0,0.01560559332,0
101.1255628,0.0394764498,0,0.0155055582,0
101.1905953,0.03936268168,0,0.01541442451,0
101.2556278,0.03926035241,0,0.0153324539,0
101.3206603,0.03916978863,0,0.01525990799,0
101.3856928,0.03909131695,0,0.01519704844,0
101.4507254,0.03902526399,0,0.01514413687,0
101.5157579,0.03897195638,0,0.01510143494,0
101.5807904,0.03893172073,0,0.01506920427,0
101.6458229,0.03890488368,0,0.01504770651,0
101.7108554,0.03889177183,0,0.0150372033,0
101.7758879,0.03888286378,0,0.01503021886,0
101.8409205,0.03883282312,0,0.01499113413,0
101.905953,0.03873689381,0,0.01491620763,0
101.9709855,0.03859617127,0,0.01480629496,0
102.036018,0.03841175092,0,0.01466225171,0
102.1010505,0.03818472818,0,0.01448493346,0
102.166083,0.03791619848,0,0.0142751958,0
102.2311156,0.03760725723,0,0.01403389433,0
102.2961481,0.03725899987,0,0.01376188463,0
102.3611806,0.0368725218,0,0.01346002229,0
102.4262131,0.03644891846,0,0.0131291629,0
102.4912456,0.03598928526,0,0.01277016206,0
102.5562781,0.03549471763,0,0.01238387535,0
102.6213107,0.03496631099,0,0.01197115836,0
102.6863432,0.03440516076,0,0.01153286668,0
102.7513757,0.03381236236,0,0.0110698559,0
102.8164082,0.03318901121,0,0.01058298161,0
102.8814407,0.03253620275,0,0.0100730994,0
102.9464732,0.03185503238,0,0.009541064854,0
103.0115058,0.03114659553,0,0.00898773357,0
103.0765383,0.03041198762,0,0.008413961136,0
103.1415708,0.02965230407,0,0.007820603139,0
103.2066033,0.02886864032,0,0.007208515169,0
103.2716358,0.02806209177,0,0.006578552817,0
103.3366683,0.02723375384,0,0.005931571671,0
103.4017009,0.02638472198,0,0.005268427322,0
103.4667334,0.02551609158,0,0.004589975358,0
103.5317659,0.02462895808,0,0.003897071371,0
103.5967984,0.02372441689,0,0.003190570948,0
103.6618309,0.02280356345,0,0.00247132968,0
103.7268634,0.02186749317,0,0.001740203157,0
103.7918959,0.02091730147,0,0.000998046967,0
103.8569285,0.01995408377,0,0.000245716701,0
103.921961,0.0189789355,0,-0.0005159320518,0
103.9869935,0.01799295208,0,-0.001286043702,0
104.052026,0.01699722893,0,-0.002063762659,0
104.1170585,0.01599286147,0,-0.002848233335,0
104.182091,0.01498094513,0,-0.003638600139,0
104.2471236,0.01396257532,0,-0.004434007482,0
104.3121561,0.01293884747,0,-0.005233599774,0
104.3771886,0.011910857,0,-0.006036521425,0
104.4422211,0.01087969933,0,-0.006841916846,0
104.5072536,0.009846469891,0,-0.007648930448,0
104.5722861,0.008812264093,0,-0.008456706641,0
104.6373187,0.007778177363,0,-0.009264389834,0
104.7023512,0.006745305122,0,-0.01007112444,0
104.7673837,0.005714742793,0,-0.01087605487,0
104.8324162,0.004687585797,0,-0.01167832553,0
104.8974487,0.003664929556,0,-0.01247708083,0
104.9624812,0.002647869492,0,-0.01327146518,0
105.0275138,0.001637501027,0,-0.014060623,0
105.0925463,0.0006349195834,0,-0.01484369869,0
105.1575788,-0.0003587794177,0,-0.01561983667,0
105.2226113,-0.001342500554,0,-0.01638818134,0
105.2876438,-0.002315148404,0,-0.01714787712,0
105.3526763,-0.003275627545,0,-0.01789806841,0
105.4177089,-0.004222842556,0,-0.01863789963,0
105.4827414,-0.005155698014,0,-0.01936651518,0
105.5477739,-0.006073098499,0,-0.02008305948,0
105.6128064,-0.006973948587,0,-0.02078667694,0
105.6778389,-0.007857152857,0,-0.02147651197,0
105.7428714,-0.008721615887,0,-0.02215170897,0
105.807904,-0.009566242256,0,-0.02281141236,0
105.8729365,-0.01038993654,0,-0.02345476655,0
105.937969,-0.01119160332,0,-0.02408091595,0
106.0030015,-0.01197014717,0,-0.02468900497,0
106.068034,-0.01272447267,0,-0.02527817801,0
106.1330665,-0.0134534844,0,-0.0258475795,0
106.198099,-0.01415608694,0,-0.02639635384,0
106.2631316,-0.01483118486,0,-0.02692364544,0
106.3281641,-0.01547768275,0,-0.02742859871,0
106.3931966,-0.01609448518,0,-0.02791035806,0
106.4582291,-0.01668049672,0,-0.02836806791,0
106.5232616,-0.01723462196,0,-0.02880087266,0
106.5882941,-0.01775576548,0,-0.02920791672,0
106.6533267,-0.01824283185,0,-0.0295883445,0
106.7183592,-0.01869472566,0,-0.02994130042,0
106.7833917,-0.01911035147,0,-0.03026592888,0
106.8484242,-0.01948861387,0,-0.03056137429,0
106.9134567,-0.01982841744,0,-0.03082678107,0
106.9784892,-0.02012866675,0,-0.03106129363,0
107.0435218,-0.02038826638,0,-0.03126405637,0
107.1085543,-0.02060612091,0,-0.03143421371,0
107.1735868,-0.02078113492,0,-0.03157091005,0
107.2386193,-0.02091221299,0,-0.03167328981,0
107.3036518,-0.02099825969,0,-0.0317404974,0
107.3686843,-0.02103817961,0,-0.03177167723,0
107.4337169,-0.02103780001,0,-0.0317619207,0
107.4987494,-0.02102034495,0,-0.03169750294,0
107.5637819,-0.02098810792,0,-0.03157853246,0
107.6288144,-0.02094144254,0,-0.03140631422,0
107.6938469,-0.02088070239,0,-0.03118215318,0
107.7588794,-0.02080624107,0,-0.03090735429,0
107.823912,-0.02071841219,0,-0.0305832225,0
107.8889445,-0.02061756934,0,-0.03021106277,0
107.953977,-0.02050406612,0,-0.02979218004,0
108.0190095,-0.02037825613,0,-0.02932787928,0
108.084042,-0.02024049297,0,-0.02881946543,0
108.1490745,-0.02009113024,0,-0.02826824344,0
108.2141071,-0.01993052153,0,-0.02767551828,0
108.2791396,-0.01975902044,0,-0.02704259489,0
108.3441721,-0.01957698058,0,-0.02637077822,0
108.4092046,-0.01938475554,0,-0.02566137324,0
108.4742371,-0.01918269892,0,-0.02491568488,0
108.5392696,-0.01897116431,0,-0.02413501812,0
108.6043022,-0.01875050533,0,-0.02332067789,0
108.6693347,-0.01852107556,0,-0.02247396915,0
108.7343672,-0.0182832286,0,-0.02159619685,0
108.7993997,-0.01803731806,0,-0.02068866596,0
108.8644322,-0.01778369753,0,-0.01975268141,0
108.9294647,-0.01752272061,0,-0.01878954817,0
108.9944972,-0.0172547409,0,-0.01780057118,0
109.0595298,-0.016980112,0,-0.0167870554,0
109.1245623,-0.01669918751,0,-0.01575030579,0
109.1895948,-0.01641232102,0,-0.01469162729,0
109.2546273,-0.01611986613,0,-0.01361232486,0
109.3196598,-0.01582217645,0,-0.01251370345,0
109.3846923,-0.01551960556,0,-0.01139706801,0
109.4497249,-0.01521250708,0,-0.01026372351,0
109.5147574,-0.0149012346,0,-0.009114974879,0
109.5797899,-0.01458614171,0,-0.007952127086,0
109.6448224,-0.01426758202,0,-0.00677648508,0
109.7098549,-0.01394590912,0,-0.005589353813,0
109.7748874,-0.01362147662,0,-0.004392038239,0
109.83992,-0.0132946381,0,-0.003185843311,0
109.9049525,-0.01296574718,0,-0.001972073981,0
109.969985,-0.01263515745,0,-0.0007520352033,0
110.0350175,-0.0123032225,0,0.0004729680697,0
110.10005,-0.01197029595,0,0.001701630885,0
110.1650825,-0.01163673137,0,0.002932648289,0
110.2301151,-0.01130288238,0,0.00416471533,0
110.2951476,-0.01096910257,0,0.005396527053,0
110.3601801,-0.01063574555,0,0.006626778507,0
110.4252126,-0.0103031649,0,0.007854164737,0
110.4902451,-0.009971714232,0,0.009077380792,0
110.5552776,-0.00964174714,0,0.01029512172,0
110.6203102,-0.009313617224,0,0.01150608256,0
110.6853427,-0.008987678083,0,0.01270895837,0
110.7503752,-0.008664283314,0,0.01390244419,0
110.8154077,-0.008343786516,0,0.01508523507,0
110.8804402,-0.008026541289,0,0.01625602606,0
110.9454727,-0.007712901231,0,0.01741351219,0
111.0105053,-0.007403219941,0,0.01855638853,0
111.0755378,-0.007097851017,0,0.01968335012,0
111.1405703,-0.006797148057,0,0.020793092,0
111.2056028,-0.006501464661,0,0.02188430921,0
111.2706353,-0.006211154428,0,0.02295569682,0
111.3356678,-0.005926570955,0,0.02400594986,0
111.4007004,-0.005648067841,0,0.02503376339,0
111.4657329,-0.005375998686,0,0.02603783244,0
111.5307654,-0.005110717088,0,0.02701685207,0
111.5957979,-0.004852576645,0,0.02796951732,0
111.6608304,-0.004601930956,0,0.02889452324,0
111.7258629,-0.00435913362,0,0.02979056487,0
111.7908954,-0.004124538235,0,0.03065633727,0
111.855928,-0.0038984984,0,0.03149053548,0
111.9209605,-0.003681367715,0,0.03229185455,0
111.985993,-0.003473499776,0,0.03305898953,0
112.0510255,-0.003275248184,0,0.03379063545,0
112.116058,-0.003086966536,0,0.03448548737,0
112.1810905,-0.002909008432,0,0.03514224034,0
112.2461231,-0.002741727469,0,0.0357595894,0
112.3111556,-0.002585477248,0,0.0363362296,0
112.3761881,-0.002440611365,0,0.03687085598,0
112.4412206,-0.002307483421,0,0.0373621636,0
112.5062531,-0.002186447013,0,0.0378088475,0
112.5712856,-0.002077855741,0,0.03820960273,0
112.6363182,-0.001982063203,0,0.03856312433,0
112.7013507,-0.001899422997,0,0.03886810735,0
112.7663832,-0.001830288722,0,0.03912324684,0
112.8314157,-0.001775013978,0,0.03932723785,0
112.8964482,-0.001733952362,0,0.03947877541,0
112.9614807,-0.001707457473,0,0.03957655459,0
113.0265133,-0.00169588291,0,0.03961927042,0
113.0915458,-0.00170569266,1.333773305e-17,0.03962608734,1.266268266e-18
113.1565783,-0.001752118805,7.317201908e-17,0.03964806649,6.764181845e-18
113.2216108,-0.001835061116,1.79850069e-16,0.03968733317,1.616842089e-17
113.2866433,-0.00195364427,3.320425686e-16,0.03974347301,2.899038798e-17
113.3516758,-0.002106992946,5.28420204e-16,0.0398160716,4.474148566e-17
113.4167084,-0.002294231821,7.676536609e-16,0.03990471454,6.293311652e-17
113.4817409,-0.002514485572,1.048413625e-15,0.04000898744,8.307668312e-17
113.5467734,-0.002766878877,1.369370783e-15,0.0401284759,1.04683588e-16
113.6118059,-0.003050536414,1.72919582e-15,0.04026276553,1.272652338e-16
113.6768384,-0.003364582861,2.126559422e-15,0.04041144192,1.50333023e-16
113.7418709,-0.003708142895,2.560132275e-15,0.04057409069,1.733983582e-16
113.8069035,-0.004080341193,3.028585065e-15,0.04075029743,1.959726421e-16
113.871936,-0.004480302434,3.530588478e-15,0.04093964775,2.17567277e-16
113.9369685,-0.004907151295,4.0648132e-15,0.04114172725,2.376936657e-16
114.002001,-0.005360012453,4.629929917e-15,0.04135612154,2.558632106e-16
114.0670335,-0.005838010587,5.224609313e-15,0.04158241622,2.715873144e-16
114.132066,-0.006340270373,5.847522077e-15,0.04182019689,2.843773796e-16
114.1970985,-0.006865916489,6.497338892e-15,0.04206904915,2.937448088e-16
114.2621311,-0.007414073614,7.172730446e-15,0.04232855862,2.992010045e-16
114.3271636,-0.007983866425,7.872367424e-15,0.04259831089,3.002573693e-16
114.3921961,-0.008574419598,8.594920512e-15,0.04287789156,2.964253059e-16
114.4572286,-0.009184857813,9.339060396e-15,0.04316688624,2.872162167e-16
114.5222611,-0.009814305746,1.010345776e-14,0.04346488054,2.721415043e-16
114.5872936,-0.01046188808,1.08867833e-14,0.04377146005,2.507125713e-16
114.6523262,-0.01112672948,1.168770768e-14,0.04408621038,2.224408202e-16
114.7173587,-0.01180795463,1.250490161e-14,0.04440871713,1.868376537e-16
114.7823912,-0.01250468822,1.333703576e-14,0.04473856591,1.434144742e-16
114.8474237,-0.01321605491,1.418278083e-14,0.04507534232,9.168268445e-17
114.9124562,-0.01394117938,1.504080749e-14,0.04541863197,3.115368689e-17
114.9774887,-0.01467918632,1.590978643e-14,0.04576802045,-3.866111588e-17
115.0425213,-0.0154292004,1.678838834e-14,0.04612309337,-1.182503213e-16
115.1075538,-0.01619034629,1.767528391e-14,0.04648343633,-2.081025268e-16
115.1725863,-0.01696174868,1.856914382e-14,0.04684863494,-3.087063298e-16
115.2376188,-0.01774253224,1.946863875e-14,0.04721827481,-4.205503277e-16
115.3026513,-0.01853182165,2.03724394e-14,0.04759194152,-5.44123118e-16
115.3676838,-0.01932874159,2.127921645e-14,0.04796922069,-6.799132981e-16
115.4327164,-0.02013241673,2.218764058e-14,0.04834969793,-8.284094654e-16
115.4977489,-0.02094197176,2.309638248e-14,0.04873295882,-9.901002174e-16
115.5627814,-0.02175653134,2.400411283e-14,0.04911858899,-1.165474151e-15
115.6278139,-0.02257522017,2.490950233e-14,0.04950617402,-1.355019865e-15
115.6928464,-0.02339716291,2.581122166e-14,0.04989529953,-1.559225956e-15
115.7578789,-0.02422148424,2.67079415e-14,0.05028555112,-1.778581021e-15
115.8229115,-0.02504730885,2.759833254e-14,0.05067651439,-2.013573657e-15
115.887944,-0.0258737614,2.848106547e-14,0.05106777494,-2.264692464e-15
115.9529765,-0.02669996658,2.935481097e-14,0.05145891838,-2.532426036e-15
116.018009,-0.02752504907,3.021823972e-14,0.05184953031,-2.817262973e-15
116.0830415,-0.02834813353,3.107002242e-14,0.05223919634,-3.119691872e-15
116.148074,-0.02916834466,3.190882975e-14,0.05262750207,-3.440201329e-15
116.2131066,-0.02998480712,3.273333239e-14,0.05301403309,-3.779279943e-15
116.2781391,-0.0307966456,3.354220104e-14,0.05339837502,-4.137416311e-15
116.3431716,-0.03160298476,3.433410637e-14,0.05378011346,-4.51509903e-15
116.4082041,-0.0324029493,3.510771907e-14,0.05415883402,-4.912816698e-15
116.4732366,-0.03319566389,3.586170983e-14,0.05453412228,-5.331057911e-15
116.5382691,-0.0339802532,3.659474934e-14,0.05490556387,-5.770311269e-15
116.6033017,-0.03475584191,3.730550828e-14,0.05527274438,-6.231065367e-15
116.6683342,-0.0355215547,3.799265733e-14,0.05563524941,-6.713808804e-15
116.7333667,-0.03627651625,3.865486719e-14,0.05599266457,-7.219030177e-15
116.7983992,-0.03701985124,3.929080853e-14,0.05634457547,-7.747218083e-15
116.8634317,-0.03775068434,3.989915205e-14,0.0566905677,-8.29886112e-15
116.9284642,-0.03846814023,4.047856843e-14,0.05703022687,-8.874447885e-15
116.9934967,-0.03917134358,4.102772836e-14,0.05736313858,-9.474466976e-15
117.0585293,-0.03985941909,4.154530251e-14,0.05768888844,-1.009940699e-14
117.1235618,-0.04053149142,4.202996159e-14,0.05800706204,-1.074975652e-14
117.1885943,-0.04118668524,4.248037627e-14,0.058317245,-1.142600418e-14
117.2536268,-0.04182412525,4.289521723e-14,0.05861902292,-1.212863854e-14
117.3186593,-0.04244293611,4.327315518e-14,0.0589119814,-1.285814822e-14
117.3836918,-0.04304224251,4.361286078e-14,0.05919570603,-1.361502181e-14
117.4487244,-0.04362116912,4.391300473e-14,0.05946978244,-1.439974791e-14
117.5137569,-0.04417884062,4.417225772e-14,0.05973379621,-1.521281512e-14
117.5787894,-0.04471438169,4.438929042e-14,0.05998733296,-1.605471202e-14
117.6438219,-0.04522691699,4.456277353e-14,0.06022997829,-1.692592723e-14
117.7088544,-0.04571557123,4.469137773e-14,0.06046131779,-1.782694933e-14
117.7738869,-0.04617946906,4.47737737e-14,0.06068093708,-1.875826693e-14
117.8389195,-0.04661773517,4.480863214e-14,0.06088842176,-1.972036862e-14
117.903952,-0.04702949423,4.479462373e-14,0.06108335742,-2.0713743e-14
117.9689845,-0.04741387093,4.473041915e-14,0.06126532968,-2.173887866e-14
118.034017,-0.04776998994,4.461468909e-14,0.06143392414,-2.279626422e-14
118.0990495,-0.04809697593,4.444610424e-14,0.0615887264,-2.388638825e-14
118.164082,-0.04839395359,4.422333528e-14,0.06172932206,-2.500973936e-14
118.2291146,-0.04866004759,4.39450529e-14,0.06185529673,-2.616680615e-14
118.2941471,-0.04889438262,4.360992778e-14,0.06196623601,-2.735807721e-14
118.3591796,-0.04909608334,4.321663061e-14,0.0620617255,-2.858404115e-14
118.4242121,-0.04926427444,4.276383208e-14,0.06214135081,-2.984518655e-14
118.4892446,-0.04939808059,4.225020287e-14,0.06220469755,-3.114200203e-14
118.5542771,-0.04949662648,4.167441366e-14,0.0622513513,-3.247497616e-14
118.6193097,-0.04955903677,4.103513515e-14,0.06228089769,-3.384459756e-14
118.6843422,-0.04958443615,4.033103802e-14,0.06229292231,-3.525135481e-14
118.7493747,-0.04955640719,3.957064073e-14,0.06229082362,-3.667098979e-14
118.8144072,-0.04944632094,3.877282552e-14,0.06228169963,-3.805685504e-14
118.8794397,-0.04925541571,3.793962561e-14,0.06226587733,-3.940753113e-14
118.9444722,-0.04898563283,3.707265256e-14,0.06224351763,-4.072269131e-14
119.0095048,-0.04863891364,3.617351796e-14,0.06221478141,-4.200200882e-14
119.0745373,-0.04821719951,3.524383338e-14,0.06217982959,-4.324515693e-14
119.1395698,-0.04772243175,3.428521039e-14,0.06213882306,-4.445180889e-14
119.2046023,-0.04715655173,3.329926057e-14,0.06209192272,-4.562163794e-14
119.2696348,-0.04652150078,3.228759548e-14,0.06203928946,-4.675431735e-14
119.3346673,-0.04581922025,3.125182672e-14,0.0619810842,-4.784952036e-14
119.3996998,-0.04505165149,3.019356584e-14,0.06191746782,-4.890692024e-14
119.4647324,-0.04422073582,2.911442443e-14,0.06184860122,-4.992619022e-14
119.5297649,-0.04332841461,2.801601405e-14,0.06177464531,-5.090700357e-14
119.5947974,-0.04237662919,2.689994629e-14,0.06169576099,-5.184903354e-14
119.6598299,-0.04136732091,2.576783271e-14,0.06161210915,-5.275195338e-14
119.7248624,-0.04030243111,2.462128489e-14,0.0615238507,-5.361543634e-14
119.7898949,-0.03918390113,2.346191441e-14,0.06143114652,-5.443915568e-14
119.8549275,-0.03801367233,2.229133283e-14,0.06133415753,-5.522278466e-14
119.91996,-0.03679368603,2.111115174e-14,0.06123304462,-5.596599651e-14
119.9849925,-0.0355258836,1.992298271e-14,0.06112796869,-5.666846451e-14
120.050025,-0.03421220636,1.87284373e-14,0.06101909064,-5.73298619e-14
120.1150575,-0.03285459567,1.752912711e-14,0.06090657137,-5.794986192e-14
120.18009,-0.03145499287,1.632666369e-14,0.06079057178,-5.852813785e-14
120.2451226,-0.03001533929,1.512265862e-14,0.06067125277,-5.906436293e-14
120.3101551,-0.0285375763,1.391872349e-14,0.06054877523,-5.955821041e-14
120.3751876,-0.02702364522,1.271646986e-14,0.06042330007,-6.000935354e-14
120.4402201,-0.02547548741,1.15175093e-14,0.06029498818,-6.041746559e-14
120.5052526,-0.0238950442,1.032345339e-14,0.06016400047,-6.078221979e-14
120.5702851,-0.02228425695,9.135913713e-15,0.06003049783,-6.110328942e-14
120.6353177,-0.02064506699,7.956501832e-15,0.05989464117,-6.138034771e-14
120.7003502,-0.01897941567,6.786829324e-15,0.05975659138,-6.161306793e-14
120.7653827,-0.01728924434,5.628507764e-15,0.05961650936,-6.180112332e-14
120.8304152,-0.01557649433,4.483148726e-15,0.05947455602,-6.194418713e-14
120.8954477,-0.01384310699,3.352363784e-15,0.05933089224,-6.204193263e-14
120.9604802,-0.01209102367,2.237764512e-15,0.05918567893,-6.209403307e-14
121.0255128,-0.0103221857,1.140962484e-15,0.059039077,-6.210016169e-14
121.0905453,-0.008538534438,6.356927575e-17,0.05889124733,-6.205999176e-14
121.1555778,-0.006742011221,-9.928035401e-16,0.05874235083,-6.197319651e-14
121.2206103,-0.004934557394,-2.026544389e-15,0.05859254839,-6.183944922e-14
121.2856428,-0.003118114301,-3.036041696e-15,0.05844200093,-6.165842313e-14
121.3506753,-0.001294623285,-4.019683888e-15,0.05829086932,-6.142979149e-14
121.4157079,0.0005339743084,-4.97585939e-15,0.05813931449,-6.115322755e-14
121.4807404,0.002365737137,-5.902956628e-15,0.05798749731,-6.082840458e-14
121.5457729,0.004198723856,-6.799364028e-15,0.0578355787,-6.045499582e-14
121.6108054,0.006030993122,-7.663470016e-15,0.05768371956,-6.003267453e-14
121.6758379,0.007860603591,-8.493663017e-15,0.05753208077,-5.956111395e-14
121.7408704,0.009685613919,-9.288331458e-15,0.05738082325,-5.903998735e-14
121.805903,0.01150408276,-1.004586376e-14,0.05723010789,-5.846896797e-14
121.8709355,0.01331406878,-1.076464836e-14,0.05708009559,-5.784772908e-14
121.935968,0.01511363062,-1.144307367e-14,0.05693094724,-5.717594391e-14
122.0010005,0.01690082694,-1.207952813e-14,0.05678282376,-5.645328573e-14
122.066033,0.01867371641,-1.267240015e-14,0.05663588603,-5.567942779e-14
122.1310655,0.02043035767,-1.322007817e-14,0.05649029496,-5.485404334e-14
122.196098,0.02216880939,-1.372095061e-14,0.05634621145,-5.397680564e-14
122.2611306,0.02388713021,-1.417340589e-14,0.05620379639,-5.304738793e-14
122.3261631,0.02558337879,-1.457583244e-14,0.05606321069,-5.206546348e-14
122.3911956,0.0272556138,-1.492661869e-14,0.05592461524,-5.103070553e-14
122.4562281,0.02890189388,-1.522415307e-14,0.05578817094,-4.994278733e-14
122.5212606,0.0305202777,-1.546682399e-14,0.0556540387,-4.880138215e-14
122.5862931,0.03210882391,-1.565301989e-14,0.05552237941,-4.760616323e-14
122.6513257,0.03366559116,-1.578112919e-14,0.05539335397,-4.635680383e-14
122.7163582,0.03518863811,-1.584954031e-14,0.05526712328,-4.505297719e-14
122.7813907,0.03667602342,-1.585664169e-14,0.05514384825,-4.369435658e-14
122.8464232,0.03812580574,-1.580082174e-14,0.05502368976,-4.228061525e-14
122.9114557,0.03953604373,-1.56804689e-14,0.05490680872,-4.081142645e-14
122.9764882,0.04090479605,-1.549397158e-14,0.05479336602,-3.928646343e-14
123.0415208,0.04223012135,-1.523971822e-14,0.05468352258,-3.770539944e-14
123.1065533,0.04351007829,-1.491609725e-14,0.05457743928,-3.606790775e-14
123.1715858,0.04474272552,-1.452149708e-14,0.05447527703,-3.437366159e-14
123.2366183,0.0459261217,-1.405430614e-14,0.05437719672,-3.262233423e-14
123.3016508,0.04705832549,-1.351291286e-14,0.05428335925,-3.081359892e-14
123.3666833,0.04813739554,-1.289570566e-14,0.05419392553,-2.894712892e-14
123.4317159,0.04916139051,-1.220107297e-14,0.05410905646,-2.702259746e-14
123.4967484,0.05012836905,-1.142740322e-14,0.05402891292,-2.503967782e-14
123.5617809,0.05103638983,-1.057308483e-14,0.05395365583,-2.299804323e-14
123.6268134,0.05188351149,-9.636506232e-15,0.05388344608,-2.089736696e-14
123.6918459,0.0526677927,-8.616055843e-15,0.05381844456,-1.873732226e-14
123.7568784,0.05338729211,-7.510122093e-15,0.05375881219,-1.651758238e-14
123.821911,0.05404006837,-6.317093407e-15,0.05370470985,-1.423782057e-14
123.8869435,0.05462418014,-5.035358212e-15,0.05365629846,-1.189771009e-14
123.951976,0.05513768608,-3.663304933e-15,0.0536137389,-9.496924184e-15
124.0170085,0.05557864485,-2.199321996e-15,0.05357719207,-7.035136116e-15
124.082041,0.05594511509,-6.417978262e-16,0.05354681888,-4.512019134e-15
124.1470735,0.05623515547,1.01087915e-15,0.05352278023,-1.927246491e-15
124.2121061,0.05644682465,2.760320506e-15,0.05350523701,7.195085589e-16
124.2771386,0.05657818127,4.608137817e-15,0.05349435013,3.428572763e-15
124.3421711,0.056627284,6.555942658e-15,0.05349028048,6.200272868e-15
124.4072036,0.05660749041,-6.61173883e-12,0.05348869597,1.491854843e-12
124.4722361,0.0565399912,-2.886080965e-11,0.05348346684,6.549749498e-12
124.5372686,0.05642603944,-6.648649767e-11,0.05347463905,1.523951465e-11
124.6023012,0.05626675329,-1.191741991e-10,0.05346229924,2.760738935e-11
124.6673337,0.05606325092,-1.866093102e-10,0.05344653402,4.369961269e-11
124.7323662,0.0558166505,-2.684772271e-10,0.05342743001,6.356242371e-11
124.7973987,0.0555280702,-3.644633461e-10,0.05340507385,8.72420615e-11
124.8624312,0.05519862818,-4.742530633e-10,0.05337955216,1.147847651e-10
124.9274637,0.0548294426,-5.975317751e-10,0.05335095155,1.462367736e-10
124.9924962,0.05442163164,-7.339848775e-10,0.05331935866,1.816443261e-10
125.0575288,0.05397631346,-8.832977669e-10,0.05328486011,2.210536616e-10
125.1225613,0.05349460623,-1.045155839e-09,0.05324754252,2.645110192e-10
125.1875938,0.05297762811,-1.219244491e-09,0.05320749252,3.120626379e-10
125.2526263,0.05242649727,-1.405249119e-09,0.05316479673,3.637547569e-10
125.3176588,0.05184233188,-1.602855118e-09,0.05311954177,4.196336152e-10
125.3826913,0.05122625011,-1.811747885e-09,0.05307181427,4.797454518e-10
125.4477239,0.05057937012,-2.031612816e-09,0.05302170086,5.441365059e-10
125.5127564,0.04990281007,-2.262135308e-09,0.05296928815,6.128530164e-10
125.5777889,0.04919768814,-2.503000756e-09,0.05291466278,6.859412225e-10
125.6428214,0.04846512249,-2.753894558e-09,0.05285791136,7.634473633e-10
125.7078539,0.04770623128,-3.014502108e-09,0.05279912053,8.454176777e-10
125.7728864,0.04692213269,-3.284508803e-09,0.0527383769,9.318984049e-10
125.837919,0.04611394488,-3.563600041e-09,0.05267576709,1.022935784e-09
125.9029515,0.04528278602,-3.851461215e-09,0.05261137774,1.118576054e-09
125.967984,0.04442977428,-4.147777724e-09,0.05254529547,1.218865454e-09
126.0330165,0.04355602781,-4.452234963e-09,0.0524776069,1.323850223e-09
126.098049,0.04266266479,-4.764518328e-09,0.05240839865,1.4335766e-09
126.1630815,0.04175080338,-5.084313215e-09,0.05233775735,1.548090824e-09
126.2281141,0.04082156176,-5.411305022e-09,0.05226576963,1.667439134e-09
126.2931466,0.03987605808,-5.745179143e-09,0.0521925221,1.79166777e-09
126.3581791,0.03891541052,-6.085620976e-09,0.0521181014,1.92082297e-09
126.4232116,0.03794073723,-6.432315916e-09,0.05204259414,2.054950974e-09
126.4882441,0.0369531564,-6.78494936e-09,0.05196608695,2.194098019e-09
126.5532766,0.03595378617,-7.143206703e-09,0.05188866646,2.338310347e-09
126.6183092,0.03494374473,-7.506773343e-09,0.05181041929,2.487634195e-09
126.6833417,0.03392415024,-7.875334674e-09,0.05173143206,2.642115803e-09
126.7483742,0.03289612085,-8.248576095e-09,0.05165179139,2.80180141e-09
126.8134067,0.03186077475,-8.626183e-09,0.05157158392,2.966737254e-09
126.8784392,0.0308192301,-9.007840786e-09,0.05149089627,3.136969576e-09
126.9434717,0.02977260506,-9.393234849e-09,0.05140981505,3.312544613e-09
127.0085043,0.0287220178,-9.782050585e-09,0.0513284269,3.493508605e-09
127.0735368,0.02766858648,-1.017397339e-08,0.05124681843,3.679907792e-09
127.1385693,0.02661342928,-1.056868866e-08,0.05116507628,3.871788411e-09
127.2036018,0.02555766436,-1.09658818e-08,0.05108328706,4.069196703e-09
127.2686343,0.02450240988,-1.136523819e-08,0.05100153741,4.272178906e-09
127.3336668,0.02344878402,-1.176644323e-08,0.05091991393,4.48078126e-09
127.3986993,0.02239790494,-1.216918233e-08,0.05083850327,4.695050003e-09
127.4637319,0.02135089081,-1.257314087e-08,0.05075739204,4.915031374e-09
127.5287644,0.02030885979,-1.297800426e-08,0.05067666687,5.140771613e-09
127.5937969,0.01927293004,-1.338345789e-08,0.05059641438,5.372316959e-09
127.6588294,0.01824421975,-1.378918715e-08,0.0505167212,5.60971365e-09
127.7238619,0.01722384707,-1.419487744e-08,0.05043767394,5.853007926e-09
127.7888944,0.01621293016,-1.460021416e-08,0.05035935924,6.102246026e-09
127.853927,0.01521258721,-1.500488271e-08,0.05028186372,6.357474189e-09
127.9189595,0.01422393637,-1.540856847e-08,0.050205274,6.618738654e-09
127.983992,0.0132480958,-1.581095686e-08,0.0501296767,6.88608566e-09
128.0490245,0.01228618368,-1.621173325e-08,0.05005515846,7.159561446e-09
128.114057,0.01133931818,-1.661058305e-08,0.04998180589,7.439212251e-09
128.1790895,0.01040861746,-1.700719166e-08,0.04990970562,7.725084314e-09
128.2441221,0.009495199677,-1.740124447e-08,0.04983894428,8.017223875e-09
128.3091546,0.008600183011,-1.779242688e-08,0.04976960848,8.315677172e-09
128.3741871,0.007724685624,-1.818042428e-08,0.04970178485,8.620490444e-09
128.4392196,0.006869825684,-1.856492208e-08,0.04963556002,8.931709931e-09
128.5042521,0.006036721356,-1.894560565e-08,0.04957102061,9.249381871e-09
128.5692846,0.005226490807,-1.932216041e-08,0.04950825324,9.573552505e-09
128.6343172,0.004440252205,-1.969427175e-08,0.04944734454,9.904268069e-09
128.6993497,0.003679123715,-2.006162507e-08,0.04938838113,1.02415748e-08
128.7643822,0.002944223504,-2.042390575e-08,0.04933144964,1.058551895e-08
128.8294147,0.002236669739,-2.078079921e-08,0.04927663669,1.093614674e-08
128.8944472,0.001557580587,-2.113199082e-08,0.04922402891,1.129350443e-08
128.9594797,0.0009080742134,-2.1477166e-08,0.04917371291,1.165763824e-08
129.0245123,0.0002892687858,-2.181601013e-08,0.04912577533,1.202859441e-08
129.0895448,-0.0002977175294,-2.214820861e-08,0.04908030278,1.240641919e-08
129.1545773,-0.0008517665657,-2.247344685e-08,0.0490373819,1.279115882e-08
129.2196098,-0.001371760156,-2.279141022e-08,0.0489970993,1.318285953e-08
129.2846423,-0.001856580135,-2.310178414e-08,0.04895954162,1.358156756e-08
129.3496748,-0.002305108334,-2.3404254e-08,0.04892479546,1.398732915e-08
129.4147074,-0.002716226588,-2.369850518e-08,0.04889294747,1.440019054e-08
129.4797399,-0.00308881673,-2.39842231e-08,0.04886408426,1.482019797e-08
129.5447724,-0.003421760593,-2.426109315e-08,0.04883829245,1.524739768e-08
129.6098049,-0.00371394001,-2.452880071e-08,0.04881565868,1.568183591e-08
129.6748374,-0.003964236816,-2.478703119e-08,0.04879626956,1.61235589e-08
129.7398699,-0.004171532842,-2.503546999e-08,0.04878021172,1.657261288e-08
129.8049025,-0.004334709924,-2.52738025e-08,0.04876757178,1.702904409e-08
129.869935,-0.004452649893,-2.550171411e-08,0.04875843637,1.749289878e-08
129.9349675,-0.004524234584,-2.571889023e-08,0.04875289211,1.796422319e-08
130,-0.00454834583,-2.592501625e-08,0.04875102563,1.844306354e-08
