
******************************************************************************
This program contains Ipopt, a library for large-scale nonlinear optimization.
 Ipopt is released as open source code under the Eclipse Public License (EPL).
         For more information visit https://github.com/coin-or/Ipopt
******************************************************************************

This is Ipopt version 3.14.19, running with linear solver MUMPS 5.8.2.

Number of nonzeros in equality constraint Jacobian...:   741669
Number of nonzeros in inequality constraint Jacobian.:     5112
Number of nonzeros in Lagrangian Hessian.............:        0

Total number of variables............................:     2399
                     variables with only lower bounds:        0
                variables with lower and upper bounds:      528
                     variables with only upper bounds:        0
Total number of equality constraints.................:     2268
Total number of inequality constraints...............:      421
        inequality constraints with only lower bounds:        0
   inequality constraints with lower and upper bounds:        0
        inequality constraints with only upper bounds:      421

iter    objective    inf_pr   inf_du lg(mu)  ||d||  lg(rg) alpha_du alpha_pr  ls
   0  5.8676592e-02 5.43e+00 3.89e-03   0.0 0.00e+00    -  0.00e+00 0.00e+00   0
   1  5.8684525e-02 5.37e+00 6.00e+02   0.1 8.90e+00    -  1.00e+00 1.09e-02h  1
   2  5.8642558e-02 5.35e+00 4.22e+03   1.1 4.65e+01    -  6.16e-02 3.40e-03h  1
   3  8.3772255e-02 5.19e+00 2.70e+04   1.7 8.82e+01    -  1.05e-01 2.42e-02f  1
   4  1.6850600e-01 5.04e+00 4.45e+04   2.0 8.12e+01    -  5.90e-02 2.20e-02f  1
   5  3.7328933e-01 4.84e+00 7.24e+04   1.7 7.35e+01    -  8.75e-02 3.31e-02h  1
   6  7.6719307e-01 4.70e+00 1.30e+05   1.9 8.72e+01    -  1.44e-01 3.83e-02h  1
   7  1.4279429e+00 4.62e+00 2.15e+05   3.0 2.06e+02    -  1.31e-01 2.55e-02f  1
   8  1.9998413e+00 4.71e+00 3.09e+05   2.7 1.09e+02    -  1.14e-01 3.68e-02h  1
   9  2.9138191e+00 4.89e+00 3.91e+05   2.9 1.24e+02    -  9.30e-02 4.90e-02h  1
iter    objective    inf_pr   inf_du lg(mu)  ||d||  lg(rg) alpha_du alpha_pr  ls
  10  3.7245298e+00 4.92e+00 5.10e+05   2.7 1.24e+02    -  9.50e-02 4.02e-02h  1
  11  5.0203191e+00 5.03e+00 5.03e+05   2.9 1.58e+02    -  4.54e-02 4.25e-02h  1
  12  5.5315587e+00 4.96e+00 5.88e+05  -3.5 1.70e+02    -  3.19e-02 1.75e-02h  1
  13  7.2673345e+00 4.86e+00 5.39e+05   3.1 1.63e+02    -  3.96e-02 4.34e-02h  1
  14  8.1127094e+00 4.75e+00 5.65e+05   3.1 2.13e+02    -  3.32e-02 2.56e-02h  1
  15  9.0343720e+00 4.57e+00 6.39e+05   3.1 2.00e+02    -  4.23e-02 2.91e-02h  1
  16  1.0539023e+01 4.31e+00 7.23e+05   3.1 1.79e+02    -  5.10e-02 3.98e-02h  1
  17  1.1778337e+01 4.39e+00 8.85e+05  -3.4 2.12e+02    -  3.69e-02 3.16e-02h  1
  18  1.2751981e+01 4.36e+00 1.06e+06   3.1 2.01e+02    -  1.15e-02 2.62e-02h  1
  19  1.4045477e+01 4.21e+00 1.29e+06   3.0 1.91e+02    -  7.26e-02 3.47e-02h  1
iter    objective    inf_pr   inf_du lg(mu)  ||d||  lg(rg) alpha_du alpha_pr  ls
  20  1.4438448e+01 4.13e+00 1.39e+06   3.0 1.71e+02    -  4.30e-02 1.37e-02h  1
  21  1.5352442e+01 3.97e+00 1.59e+06   3.1 1.85e+02    -  2.27e-02 2.39e-02h  1
  22  1.5793537e+01 3.91e+00 1.68e+06   3.1 2.01e+02    -  1.69e-02 1.16e-02h  1
  23  1.6278720e+01 3.89e+00 1.81e+06   3.1 2.00e+02    -  1.03e-02 1.12e-02h  1
  24  1.7473851e+01 3.93e+00 2.16e+06   3.1 2.26e+02    -  3.33e-02 2.60e-02h  1
  25  1.7624639e+01 3.89e+00 2.24e+06  -3.3 1.89e+02    -  2.58e-02 7.42e-03h  1
  26  1.7792436e+01 3.75e+00 2.39e+06   3.1 3.00e+02    -  1.64e-02 1.41e-02h  1
  27  1.8131960e+01 3.58e+00 2.60e+06   3.1 2.97e+02    -  6.56e-03 1.68e-02h  1
  28  1.8147138e+01 3.57e+00 3.01e+06  -3.3 2.23e+02    -  2.06e-02 4.19e-03h  1
  29  1.8116180e+01 3.48e+00 2.95e+06   2.4 3.40e+02    -  1.15e-02 1.45e-02h  1
iter    objective    inf_pr   inf_du lg(mu)  ||d||  lg(rg) alpha_du alpha_pr  ls
  30  1.8141857e+01 3.45e+00 4.14e+06   2.8 2.85e+02    -  2.04e-02 1.05e-02h  1
  31  1.8182306e+01 3.43e+00 4.72e+06   3.1 2.58e+02    -  1.30e-02 6.48e-03h  1
  32  1.8544245e+01 3.34e+00 4.03e+06   3.1 2.34e+02    -  9.70e-03 1.97e-02h  1
  33  1.8836232e+01 3.31e+00 4.46e+06   3.1 2.16e+02    -  6.10e-03 1.18e-02h  1
  34  1.8891420e+01 3.31e+00 4.53e+06   3.1 1.90e+02    -  1.48e-03 1.44e-03h  1
  35  1.9041236e+01 3.29e+00 5.12e+06   3.1 2.50e+02    -  1.41e-02 4.82e-03h  1
  36  1.9138303e+01 3.28e+00 5.60e+06   2.5 2.44e+02    -  8.07e-03 3.35e-03h  1
  37  1.9394192e+01 3.26e+00 5.51e+06   3.1 2.07e+02    -  5.16e-04 7.99e-03h  1
  38  1.9473758e+01 3.26e+00 6.21e+06   3.1 3.48e+02    -  6.95e-03 1.56e-03h  1
  39  1.9777163e+01 3.24e+00 6.03e+06  -3.3 3.88e+02    -  5.31e-03 5.99e-03h  1
iter    objective    inf_pr   inf_du lg(mu)  ||d||  lg(rg) alpha_du alpha_pr  ls
  40  1.9904411e+01 3.22e+00 6.07e+06   3.1 3.70e+02    -  3.38e-03 3.10e-03h  1
  41  2.0133474e+01 3.18e+00 6.21e+06   2.7 3.88e+02    -  6.38e-03 5.76e-03h  1
  42  2.0548343e+01 3.13e+00 6.32e+06   2.7 2.98e+02    -  1.01e-02 1.54e-02h  1
  43  2.0577851e+01 3.12e+00 6.28e+06   2.5 1.74e+02    -  5.82e-03 3.79e-03h  1
  44  2.0642867e+01 3.11e+00 6.36e+06   2.1 1.69e+02    -  9.39e-03 5.23e-03h  1
  45  2.0682658e+01 3.10e+00 6.50e+06  -3.3 1.53e+02    -  2.71e-03 2.70e-03h  1
  46  2.0966388e+01 3.06e+00 7.14e+06   3.1 1.58e+02    -  1.04e-02 1.28e-02f  1
  47  2.1093372e+01 3.05e+00 7.39e+06   2.7 2.08e+02    -  1.20e-02 4.76e-03h  1
  48  2.1517055e+01 3.03e+00 8.06e+06   3.1 2.11e+02    -  3.47e-03 7.89e-03f  1
  49  2.2513135e+01 2.99e+00 9.30e+06   3.1 2.02e+02    -  1.09e-02 1.65e-02h  1
iter    objective    inf_pr   inf_du lg(mu)  ||d||  lg(rg) alpha_du alpha_pr  ls
  50  2.2567273e+01 2.98e+00 9.50e+06  -3.3 1.86e+02    -  7.84e-03 1.93e-03h  1
  51  2.2792972e+01 2.96e+00 1.00e+07   3.1 1.80e+02    -  7.28e-03 6.44e-03f  1
  52  2.2902345e+01 2.94e+00 1.03e+07  -3.3 2.45e+02    -  7.86e-03 3.70e-03h  1
  53  2.3299813e+01 2.88e+00 1.18e+07   3.1 2.26e+02    -  7.62e-03 1.53e-02f  1
  54  2.3741151e+01 2.81e+00 1.35e+07   3.1 1.89e+02    -  6.01e-03 2.24e-02f  1
  55  2.3779130e+01 2.80e+00 1.40e+07   3.1 1.76e+02    -  1.06e-02 6.70e-03h  1
  56  2.3787483e+01 2.79e+00 1.42e+07  -3.3 2.12e+02    -  4.10e-03 1.70e-03h  1
  57  2.3843088e+01 2.77e+00 1.47e+07   3.1 2.38e+02    -  9.57e-03 5.02e-03f  1
  58  2.3851752e+01 2.76e+00 1.50e+07   3.1 2.63e+02    -  3.32e-03 4.83e-03h  1
  59  2.3892449e+01 2.74e+00 1.53e+07   3.1 2.44e+02    -  3.59e-03 4.24e-03f  1
iter    objective    inf_pr   inf_du lg(mu)  ||d||  lg(rg) alpha_du alpha_pr  ls
  60  2.4028642e+01 2.70e+00 1.56e+07   2.0 2.60e+02    -  6.02e-03 6.80e-03h  1
  61  2.4255545e+01 2.65e+00 1.60e+07   3.1 3.19e+02    -  1.04e-02 8.49e-03f  1
  62  2.4335536e+01 2.64e+00 1.62e+07   2.3 2.84e+02    -  6.54e-03 3.89e-03h  1
  63  2.4269935e+01 2.63e+00 1.66e+07   3.1 2.06e+02    -  9.37e-03 4.12e-03f  1
  64  2.4208730e+01 2.50e+00 1.84e+07   3.1 2.21e+02    -  3.75e-03 2.12e-02f  1
  65  2.4195335e+01 2.50e+00 1.86e+07  -3.2 1.94e+02    -  1.95e-02 2.77e-03h  1
  66  2.4196378e+01 2.48e+00 1.91e+07   3.1 1.75e+02    -  1.08e-03 6.82e-03f  1
  67  2.4211557e+01 2.47e+00 1.93e+07   3.1 2.27e+02    -  6.19e-03 3.03e-03h  1
  68  2.4294774e+01 2.45e+00 1.94e+07   3.1 1.70e+02    -  2.35e-03 8.21e-03f  1
  69  2.4510853e+01 2.42e+00 1.96e+07   3.1 1.84e+02    -  4.02e-03 9.80e-03h  1
iter    objective    inf_pr   inf_du lg(mu)  ||d||  lg(rg) alpha_du alpha_pr  ls
  70  2.4547770e+01 2.41e+00 1.96e+07   1.6 1.80e+02    -  1.31e-02 1.83e-03h  1
  71  2.4404888e+01 2.39e+00 1.99e+07   3.1 2.01e+02    -  6.47e-03 6.92e-03f  1
  72  2.4004184e+01 2.32e+00 2.03e+07   3.1 2.75e+02    -  6.20e-03 1.46e-02h  1
  73  2.3985981e+01 2.32e+00 2.03e+07  -3.2 1.90e+02    -  6.02e-03 9.78e-04h  1
  74  2.3980826e+01 2.30e+00 2.03e+07   3.1 2.12e+02    -  3.58e-03 6.06e-03f  1
  75  2.3981814e+01 2.29e+00 2.04e+07   3.1 1.92e+02    -  8.91e-03 5.36e-03f  1
  76  2.4197358e+01 2.28e+00 2.13e+07   3.1 2.59e+02    -  3.68e-03 9.30e-03f  1
  77  2.4458196e+01 2.26e+00 2.21e+07   3.1 3.08e+02    -  1.05e-02 8.61e-03f  1
  78  2.4506936e+01 2.26e+00 2.23e+07   3.1 2.85e+02    -  8.03e-03 2.86e-03f  1
  79  2.4398838e+01 2.24e+00 2.29e+07   3.1 2.48e+02    -  2.58e-03 4.27e-03h  1
iter    objective    inf_pr   inf_du lg(mu)  ||d||  lg(rg) alpha_du alpha_pr  ls
  80  2.4432818e+01 2.23e+00 2.33e+07   3.1 2.94e+02    -  3.01e-03 3.95e-03f  1
  81  2.4434667e+01 2.23e+00 2.34e+07  -3.2 3.20e+02    -  4.06e-03 8.04e-04h  1
  82  2.4537111e+01 2.21e+00 2.43e+07   3.1 2.31e+02    -  2.97e-03 1.53e-02f  1
  83  2.4555613e+01 2.21e+00 2.45e+07   3.1 2.32e+02    -  9.58e-03 1.86e-03h  1
  84  2.4948818e+01 2.21e+00 2.67e+07   3.1 1.72e+02    -  4.17e-03 1.94e-02f  1
  85  2.4963962e+01 2.20e+00 2.72e+07  -3.2 1.15e+02    -  5.21e-03 3.82e-03h  1
  86  2.4928968e+01 2.17e+00 2.83e+07   1.7 1.22e+02    -  6.33e-03 8.37e-03h  1
  87  2.4959416e+01 2.15e+00 2.95e+07   3.0 1.27e+02    -  1.96e-02 8.59e-03f  1
  88  2.5094088e+01 2.14e+00 2.99e+07   3.1 3.14e+02    -  2.75e-03 4.58e-03f  1
  89  2.5546654e+01 2.08e+00 3.21e+07   3.1 2.17e+02    -  1.13e-02 1.90e-02f  1
iter    objective    inf_pr   inf_du lg(mu)  ||d||  lg(rg) alpha_du alpha_pr  ls
  90  2.5590074e+01 2.07e+00 3.24e+07  -3.2 2.90e+02    -  1.54e-02 3.21e-03h  1
  91  2.5602069e+01 2.05e+00 3.31e+07   3.1 2.35e+02    -  1.99e-03 7.16e-03f  1
  92  2.5568930e+01 2.03e+00 3.41e+07   3.1 2.40e+02    -  1.13e-02 1.02e-02h  1
  93  2.5499839e+01 2.02e+00 3.45e+07  -3.2 2.31e+02    -  1.32e-02 5.02e-03h  1
  94  2.5494883e+01 2.02e+00 3.46e+07  -3.2 2.50e+02    -  3.62e-03 8.37e-04h  1
  95  2.5430271e+01 2.03e+00 3.50e+07   2.6 2.74e+02    -  5.27e-03 6.72e-03f  1
  96  2.5289886e+01 2.08e+00 3.52e+07   3.1 2.25e+02    -  2.15e-03 7.52e-03f  1
  97  2.5145065e+01 2.15e+00 3.53e+07   3.1 2.66e+02    -  5.58e-03 7.07e-03h  1
  98  2.4965842e+01 2.21e+00 3.54e+07  -3.2 4.10e+02    -  6.33e-03 6.78e-03h  1
  99  2.4717956e+01 2.28e+00 3.55e+07   2.5 5.66e+02    -  5.66e-03 5.81e-03h  1
iter    objective    inf_pr   inf_du lg(mu)  ||d||  lg(rg) alpha_du alpha_pr  ls
 100  2.4338603e+01 2.50e+00 3.59e+07   3.1 5.83e+02    -  3.31e-03 9.79e-03h  1
 101  2.4168123e+01 2.59e+00 3.62e+07   3.1 3.50e+02    -  6.92e-03 8.06e-03h  1
 102  2.4163112e+01 2.59e+00 3.62e+07   2.1 3.07e+02    -  4.76e-03 5.19e-04h  1
 103  2.3905947e+01 2.63e+00 3.63e+07   3.1 3.48e+02    -  7.30e-03 9.35e-03f  1
 104  2.3761341e+01 2.62e+00 3.66e+07   3.1 3.13e+02    -  5.01e-03 8.06e-03f  1
 105  2.3561459e+01 2.65e+00 3.75e+07   3.1 2.86e+02    -  8.47e-03 1.17e-02f  1
 106  2.3483726e+01 2.64e+00 3.81e+07   3.1 2.85e+02    -  1.00e-02 8.25e-03f  1
 107  2.3417620e+01 2.63e+00 3.86e+07  -3.2 2.99e+02    -  1.34e-02 5.01e-03h  1
 108  2.3267824e+01 2.62e+00 3.97e+07   3.1 2.44e+02    -  1.88e-02 1.09e-02f  1
 109  2.3230762e+01 2.52e+00 4.17e+07   3.1 2.12e+02    -  5.66e-03 1.82e-02h  1
iter    objective    inf_pr   inf_du lg(mu)  ||d||  lg(rg) alpha_du alpha_pr  ls
 110  2.3468637e+01 2.43e+00 4.28e+07   3.1 1.53e+02    -  7.64e-03 1.42e-02f  1
 111  2.4391674e+01 2.29e+00 4.64e+07   3.1 1.47e+02    -  1.63e-02 4.49e-02f  1
 112  2.4480646e+01 2.24e+00 4.71e+07   3.1 1.43e+02    -  4.20e-02 1.97e-02f  1
 113  2.4731801e+01 2.19e+00 4.79e+07   3.1 1.94e+02    -  2.40e-02 2.24e-02f  1
 114  2.4735296e+01 2.18e+00 4.80e+07   3.1 2.66e+02    -  9.71e-03 4.56e-03h  1
 115  2.4884042e+01 2.00e+00 4.77e+07   3.1 3.47e+02    -  5.33e-03 2.38e-02f  1
 116  2.4869080e+01 1.99e+00 4.76e+07   3.1 2.33e+02    -  8.23e-03 3.17e-02f  1
 117  2.4891967e+01 1.99e+00 4.72e+07   3.1 2.16e+02    -  2.59e-02 1.58e-02h  1
 118  2.4929060e+01 1.98e+00 4.70e+07   3.1 1.21e+02    -  6.52e-03 9.71e-03f  1
 119  2.5062710e+01 1.98e+00 4.64e+07   3.1 1.51e+02    -  1.17e-02 1.68e-02f  1
iter    objective    inf_pr   inf_du lg(mu)  ||d||  lg(rg) alpha_du alpha_pr  ls
 120  2.5078844e+01 1.98e+00 4.63e+07  -3.2 2.08e+02    -  6.19e-03 9.51e-04h  1
 121  2.5450523e+01 1.99e+00 4.59e+07   3.1 1.72e+02    -  6.35e-03 2.27e-02f  1
 122  2.5233727e+01 1.94e+00 4.58e+07   3.1 1.07e+02    -  2.40e-02 2.15e-02f  1
 123  2.5148725e+01 1.91e+00 4.56e+07   3.1 1.09e+02    -  2.10e-02 2.08e-02f  1
 124  2.5581516e+01 2.33e+00 4.46e+07   3.1 1.47e+02    -  3.80e-02 6.30e-02f  1
 125  2.5666448e+01 2.54e+00 4.35e+07   3.1 1.30e+02    -  7.08e-02 5.86e-02f  1
 126  2.5799177e+01 2.53e+00 4.30e+07   3.1 1.46e+02    -  2.12e-02 1.73e-02h  1
 127  2.5954563e+01 2.55e+00 4.24e+07   3.1 1.28e+02    -  1.18e-02 2.21e-02f  1
 128  2.5953973e+01 2.56e+00 4.13e+07   3.1 1.09e+02    -  3.18e-02 3.10e-02f  1
 129  2.5936142e+01 2.56e+00 4.07e+07   3.1 1.16e+02    -  4.37e-02 2.19e-02f  1
iter    objective    inf_pr   inf_du lg(mu)  ||d||  lg(rg) alpha_du alpha_pr  ls
 130  2.5819158e+01 2.54e+00 4.09e+07   3.1 1.64e+02    -  2.89e-02 8.61e-03h  1
 131  2.5335354e+01 2.35e+00 4.10e+07   3.1 1.33e+02    -  3.85e-03 2.57e-02f  1
 132  2.5080485e+01 2.31e+00 4.10e+07   3.1 9.10e+01    -  2.45e-02 1.20e-02f  1
 133  2.4681210e+01 2.24e+00 4.11e+07   3.1 7.13e+01    -  1.57e-02 2.90e-02f  1
 134  2.4405705e+01 2.21e+00 4.07e+07   0.8 1.06e+02    -  3.35e-02 1.48e-02h  1
 135  2.4139451e+01 2.14e+00 3.98e+07   3.1 1.01e+02    -  2.63e-02 3.64e-02f  1
 136  2.4008979e+01 2.11e+00 3.96e+07  -3.1 9.29e+01    -  3.07e-02 1.30e-02h  1
 137  2.3868603e+01 2.05e+00 3.90e+07   3.1 7.67e+01    -  1.02e-02 3.22e-02f  1
 138  2.3514701e+01 1.86e+00 3.55e+07   3.1 1.07e+02    -  2.75e-02 9.62e-02f  1
 139  2.3638262e+01 1.71e+00 3.39e+07   3.1 7.74e+01    -  3.56e-02 6.40e-02f  1
iter    objective    inf_pr   inf_du lg(mu)  ||d||  lg(rg) alpha_du alpha_pr  ls
 140  2.3567968e+01 1.67e+00 3.19e+07   3.1 5.95e+01    -  2.89e-02 6.79e-02f  1
 141  2.3595724e+01 1.64e+00 2.97e+07   3.1 6.27e+01    -  5.52e-02 9.28e-02f  1
 142  2.3518817e+01 1.60e+00 2.92e+07  -3.1 5.73e+01    -  6.53e-02 2.81e-02h  1
 143  2.3876330e+01 1.66e+00 2.32e+07   3.1 5.15e+01    -  1.27e-01 2.40e-01f  1
 144  2.3474619e+01 1.51e+00 2.14e+07   2.8 5.77e+01    -  1.10e-01 8.39e-02f  2
 145  2.3252350e+01 1.88e+00 1.87e+07   3.1 4.55e+01    -  1.48e-01 1.41e-01f  1
 146  2.1976142e+01 2.99e+00 1.40e+07   3.1 4.17e+01    -  2.98e-02 2.44e-01f  1
 147  2.1306747e+01 2.75e+00 1.22e+07  -3.0 3.18e+01    -  1.37e-01 1.30e-01h  1
 148  2.1111272e+01 2.01e+00 8.74e+06   3.1 2.27e+01    -  1.59e-01 2.57e-01f  1
 149  2.0860336e+01 1.50e+00 5.95e+06   3.1 2.78e+01    -  3.20e-01 3.01e-01f  1
iter    objective    inf_pr   inf_du lg(mu)  ||d||  lg(rg) alpha_du alpha_pr  ls
 150  2.0442381e+01 1.31e+00 4.95e+06   2.3 2.92e+01    -  1.96e-01 3.31e-01h  1
 151  1.9909282e+01 9.08e-01 3.15e+06   3.1 1.39e+01    -  3.44e-01 4.19e-01f  1
 152  1.9846326e+01 1.09e+00 1.31e+06   3.1 1.58e+01    -  5.48e-01 4.72e-01f  1
 153  2.0156616e+01 1.31e+00 5.53e+05   3.0 1.81e+01    -  7.07e-01 5.10e-01f  1
 154  2.1669927e+01 2.22e+00 2.98e+05   2.9 1.94e+01    -  7.98e-01 7.62e-01f  1
 155  2.1105373e+01 3.47e-01 1.62e+05   2.2 7.89e+00    -  8.64e-01 9.48e-01f  1
 156  2.1195700e+01 1.75e-01 7.28e+04   1.7 3.94e+00    -  1.00e+00 1.00e+00h  1
 157  2.1198318e+01 6.40e-02 1.12e+04   0.7 2.63e+00    -  1.00e+00 1.00e+00h  1
 158  2.1122115e+01 3.10e-02 2.78e+03  -0.2 1.12e+00    -  1.00e+00 1.00e+00h  1
 159  2.1115531e+01 7.19e-03 3.29e+02  -1.0 6.64e-01    -  1.00e+00 1.00e+00h  1
iter    objective    inf_pr   inf_du lg(mu)  ||d||  lg(rg) alpha_du alpha_pr  ls
 160  2.0923727e+01 1.39e-02 5.03e+01  -1.8 6.94e-01    -  1.00e+00 1.00e+00h  1
 161  1.8501541e+01 7.25e-01 2.07e+02  -1.4 9.20e+00    -  1.00e+00 6.91e-01f  1
 162  1.7054599e+01 2.02e+00 1.83e+03  -0.9 2.77e+01    -  8.00e-01 3.46e-01f  1
 163  1.5297239e+01 5.88e-01 3.15e+02  -1.1 6.68e+00    -  1.00e+00 1.00e+00h  1
 164  1.5885637e+01 1.43e+00 1.65e+03  -0.8 2.21e+01    -  1.00e+00 5.00e-01h  2
 165  1.4549125e+01 8.06e-01 7.27e+01  -0.9 9.29e+00    -  1.00e+00 1.00e+00h  1
 166  1.3825211e+01 5.20e-01 5.80e+01  -1.1 5.13e+00    -  1.00e+00 1.00e+00h  1
 167  1.2562827e+01 2.63e-01 2.67e+01  -1.6 5.42e+00    -  1.00e+00 1.00e+00h  1
 168  1.0079472e+01 1.24e+00 7.77e+01  -1.6 1.31e+01    -  1.00e+00 7.56e-01h  1
 169  1.0279309e+01 2.62e+00 1.81e+02  -1.3 1.34e+01    -  1.00e+00 8.75e-01h  1
iter    objective    inf_pr   inf_du lg(mu)  ||d||  lg(rg) alpha_du alpha_pr  ls
 170  9.3901259e+00 5.49e-01 3.79e+01  -1.4 5.32e+00    -  1.00e+00 1.00e+00h  1
 171  7.8504015e+00 6.54e-01 1.41e+02  -1.8 6.82e+00    -  1.00e+00 9.33e-01h  1
 172  7.1802352e+00 1.63e+00 6.15e+01  -1.5 8.15e+00    -  1.00e+00 1.00e+00h  1
 173  6.4345701e+00 5.80e-01 7.29e+01  -1.7 5.45e+00    -  8.59e-01 7.29e-01h  1
 174  6.2935607e+00 1.24e+00 4.12e+01  -1.4 7.23e+00    -  1.00e+00 1.00e+00h  1
 175  5.4692916e+00 5.20e-01 2.94e+01  -1.7 5.48e+00    -  9.99e-01 1.00e+00h  1
 176  4.7668721e+00 6.16e-01 1.70e+02  -2.0 5.80e+00    -  1.00e+00 6.34e-01h  1
 177  3.8479216e+00 1.93e+00 6.32e+01  -2.0 1.10e+01    -  1.00e+00 1.00e+00h  1
 178  4.1137976e+00 1.36e+00 1.09e+03  -1.4 1.42e+01    -  1.00e+00 2.62e-01h  1
 179  6.1055016e+00 3.67e+00 1.94e+02  -1.1 1.15e+01    -  8.89e-01 1.00e+00f  1
iter    objective    inf_pr   inf_du lg(mu)  ||d||  lg(rg) alpha_du alpha_pr  ls
 180  5.1927947e+00 9.26e-01 3.06e+01  -1.3 4.45e+00    -  1.00e+00 1.00e+00h  1
 181  4.8852595e+00 3.60e-01 3.46e+01  -1.3 4.80e+00    -  1.00e+00 1.00e+00h  1
 182  4.2810780e+00 1.59e-01 1.66e+01  -1.7 3.20e+00    -  9.99e-01 1.00e+00h  1
 183  3.5356217e+00 5.02e-01 3.27e+01  -2.1 4.45e+00    -  1.00e+00 1.00e+00h  1
 184  3.4626470e+00 9.59e-01 2.79e+02  -1.6 4.73e+00    -  1.00e+00 6.34e-01h  1
 185  2.5319396e+00 6.22e-01 3.00e+01  -1.9 7.48e+00    -  1.00e+00 9.49e-01h  1
 186  2.6318015e+00 1.29e-01 1.54e+01  -1.9 2.52e+00    -  1.00e+00 1.00e+00h  1
 187  2.9720848e+00 2.65e-01 2.59e+01  -1.6 3.17e+00    -  1.00e+00 1.00e+00h  1
 188  2.8152118e+00 9.58e-02 1.13e+01  -1.7 2.13e+00    -  1.00e+00 1.00e+00h  1
 189  2.6405235e+00 7.65e-02 1.56e+02  -2.3 2.17e+00    -  1.00e+00 7.46e-01h  1
iter    objective    inf_pr   inf_du lg(mu)  ||d||  lg(rg) alpha_du alpha_pr  ls
 190  2.5946168e+00 6.46e-02 4.10e+01  -2.0 3.02e+00    -  1.00e+00 8.99e-01H  1
 191  2.2080562e+00 1.23e-01 2.49e+01  -2.6 2.43e+00    -  1.00e+00 1.00e+00h  1
 192  2.3647322e+00 2.61e-01 2.02e+02  -1.8 3.04e+00    -  1.00e+00 6.60e-01h  1
 193  2.3348478e+00 1.19e-01 2.76e+01  -1.9 2.15e+00    -  1.00e+00 1.00e+00h  1
 194  2.3453825e+00 4.70e-02 1.02e+01  -1.9 1.23e+00    -  1.00e+00 1.00e+00h  1
 195  2.2205462e+00 7.02e-02 9.72e+00  -2.6 1.52e+00    -  1.00e+00 1.00e+00h  1
 196  2.0606108e+00 3.60e-01 3.86e+01  -2.3 2.16e+00    -  1.00e+00 1.00e+00h  1
 197  1.8407433e+00 9.10e-02 3.45e+01  -2.4 1.62e+00    -  1.00e+00 1.00e+00h  1
 198  1.7916928e+00 5.07e-02 3.38e+01  -2.8 1.56e+00    -  1.00e+00 6.63e-01h  1
 199  1.8191054e+00 2.87e-02 1.02e+01  -2.8 8.48e-01    -  1.00e+00 1.00e+00h  1
iter    objective    inf_pr   inf_du lg(mu)  ||d||  lg(rg) alpha_du alpha_pr  ls
 200  2.0261635e+00 1.02e-01 2.49e+02  -2.0 4.18e+00    -  1.00e+00 4.35e-01f  1
 201  2.1838107e+00 6.14e-02 2.06e+01  -2.1 1.33e+00    -  9.37e-01 1.00e+00h  1
 202  2.1514209e+00 3.09e-02 1.12e+01  -2.1 1.05e+00    -  1.00e+00 1.00e+00h  1
 203  2.1341523e+00 1.21e-02 1.48e+01  -2.1 6.88e-01    -  1.00e+00 1.00e+00h  1
 204  2.0066380e+00 3.95e-02 2.28e+01  -2.5 1.05e+00    -  1.00e+00 1.00e+00h  1
 205  1.8171402e+00 2.04e-01 7.92e+01  -2.6 3.02e+00    -  8.79e-01 1.00e+00h  1
 206  1.7795818e+00 4.86e-02 3.50e+01  -2.6 8.82e-01    -  1.00e+00 1.00e+00h  1
 207  1.7502751e+00 2.82e-02 3.26e+01  -3.1 7.71e-01    -  1.00e+00 6.15e-01h  1
 208  1.7858702e+00 1.40e-02 6.96e+00  -2.7 6.70e-01    -  1.00e+00 7.47e-01h  1
 209  1.8108753e+00 1.09e-02 9.83e+00  -2.7 5.57e-01    -  1.00e+00 1.00e+00h  1
iter    objective    inf_pr   inf_du lg(mu)  ||d||  lg(rg) alpha_du alpha_pr  ls
 210  1.7423849e+00 1.81e-02 2.18e+01  -3.2 1.02e+00    -  1.00e+00 1.00e+00h  1
 211  1.6822621e+00 2.84e-02 3.48e+01  -2.9 1.75e+00    -  1.00e+00 4.86e-01h  1
 212  1.6733618e+00 7.37e-03 1.75e+01  -3.1 3.78e-01    -  1.00e+00 9.48e-01h  1
 213  1.6474690e+00 6.55e-03 1.16e+01  -3.6 6.29e-01    -  1.00e+00 7.29e-01h  1
 214  1.6151648e+00 1.69e-02 2.04e+01  -3.8 1.62e+00    -  1.00e+00 4.15e-01h  1
 215  1.5688710e+00 5.11e-02 4.90e+01  -3.3 3.73e+00    -  8.56e-01 3.64e-01h  1
 216  1.5528708e+00 4.63e-02 5.50e+01  -3.4 2.81e+00    -  8.65e-01 1.45e-01h  1
 217  1.5336622e+00 4.32e-02 5.58e+01  -4.0 2.79e+00    -  3.41e-01 1.42e-01h  1
 218  1.5228930e+00 4.13e-02 5.48e+01  -4.0 3.34e+00    -  6.11e-01 8.81e-02h  1
 219  1.5046602e+00 7.80e-02 5.73e+01  -3.2 3.54e+00    -  9.02e-01 3.98e-01h  1
iter    objective    inf_pr   inf_du lg(mu)  ||d||  lg(rg) alpha_du alpha_pr  ls
 220  1.4844722e+00 7.82e-02 5.90e+01  -4.0 3.82e+00    -  2.78e-01 1.60e-01h  1
 221  1.4344893e+00 1.28e-01 5.15e+01  -3.5 2.91e+00    -  4.92e-01 4.44e-01h  1
 222  1.4759494e+00 1.11e-01 9.36e+01  -2.3 3.64e+00    -  1.00e+00 2.35e-01f  1
 223  1.5514675e+00 3.92e-01 1.19e+01  -2.3 1.52e+00    -  8.12e-01 1.00e+00h  1
 224  1.5573721e+00 9.64e-02 1.40e+01  -2.4 1.26e+00    -  9.58e-01 1.00e+00h  1
 225  1.6051770e+00 1.08e-01 8.87e+00  -2.4 7.76e-01    -  1.00e+00 1.00e+00h  1
 226  1.6550545e+00 6.02e-02 1.62e+01  -2.4 9.31e-01    -  1.00e+00 8.25e-01h  1
 227  1.6762471e+00 9.05e-03 2.05e+01  -2.4 5.04e-01    -  6.62e-01 1.00e+00h  1
 228  1.6373704e+00 2.57e-02 3.77e+01  -3.0 8.16e-01    -  1.00e+00 7.15e-01h  1
 229  1.5378907e+00 8.34e-02 2.47e+01  -2.7 1.49e+00    -  1.00e+00 1.00e+00h  1
iter    objective    inf_pr   inf_du lg(mu)  ||d||  lg(rg) alpha_du alpha_pr  ls
 230  1.5103793e+00 1.95e-02 1.36e+01  -2.8 5.99e-01    -  1.00e+00 1.00e+00h  1
 231  1.5045225e+00 6.67e-03 9.17e+00  -3.1 4.56e-01    -  1.00e+00 6.50e-01h  1
 232  1.4950383e+00 2.64e-03 7.55e+00  -3.4 6.16e-01    -  9.76e-01 7.73e-01H  1
 233  1.4883886e+00 2.77e-02 1.46e+01  -3.1 4.72e-01    -  1.00e+00 1.00e+00h  1
 234  1.4423455e+00 2.15e-02 1.54e+01  -3.6 6.04e-01    -  1.00e+00 1.00e+00h  1
 235  1.4777417e+00 1.22e-02 9.36e+00  -3.0 7.58e-01    -  1.00e+00 7.49e-01h  1
 236  1.4548067e+00 1.16e-02 1.76e+01  -3.3 4.63e-01    -  6.89e-01 1.00e+00h  1
 237  1.4258938e+00 9.28e-03 8.01e+00  -4.0 5.32e-01    -  8.08e-01 8.65e-01h  1
 238  1.4635449e+00 1.27e-02 1.08e+01  -3.0 8.86e-01    -  1.00e+00 6.62e-01h  1
 239  1.4509634e+00 7.43e-03 1.92e+01  -3.1 3.79e-01    -  2.40e-01 9.89e-01h  1
iter    objective    inf_pr   inf_du lg(mu)  ||d||  lg(rg) alpha_du alpha_pr  ls
 240  1.4827568e+00 6.12e-03 3.54e+01  -2.7 7.83e-01    -  1.00e+00 4.53e-01f  1
 241  1.4940523e+00 6.48e-03 7.82e+00  -2.8 7.30e-01    -  8.25e-01 5.00e-01h  2
 242  1.5129511e+00 3.55e-03 5.03e+00  -2.8 2.26e-01    -  1.00e+00 1.00e+00h  1
 243  1.4919582e+00 6.41e-04 1.56e+01  -3.2 4.89e-01    -  9.68e-01 9.14e-01H  1
 244  1.4920002e+00 3.57e-03 2.03e+01  -3.0 6.65e-01    -  1.00e+00 4.48e-01h  1
 245  1.4889351e+00 9.90e-04 4.11e+00  -3.1 1.85e-01    -  1.00e+00 1.00e+00h  1
 246  1.4766113e+00 2.80e-04 4.54e+00  -3.4 2.79e-01    -  8.86e-01 1.00e+00H  1
 247  1.4570694e+00 3.27e-03 1.31e+01  -3.5 5.61e-01    -  9.90e-01 5.13e-01h  1
 248  1.4423209e+00 3.37e-03 1.17e+01  -3.5 2.28e-01    -  1.00e+00 1.00e+00h  1
 249  1.4226963e+00 5.48e-03 1.01e+01  -4.0 4.64e-01    -  1.00e+00 8.42e-01h  1
iter    objective    inf_pr   inf_du lg(mu)  ||d||  lg(rg) alpha_du alpha_pr  ls
 250  1.4189588e+00 4.31e-03 1.55e+01  -4.0 3.90e-01    -  1.00e+00 2.48e-01h  1
 251  1.4039617e+00 5.62e-03 1.11e+01  -4.0 6.39e-01    -  3.60e-01 4.48e-01h  1
 252  1.4112515e+00 4.98e-03 1.02e+01  -3.7 3.81e-01    -  1.00e+00 8.61e-01h  1
 253  1.3994445e+00 2.40e-03 5.01e+00  -4.0 2.00e-01    -  1.00e+00 1.00e+00h  1
 254  1.4352542e+00 1.94e-03 7.59e+00  -3.5 3.19e-01    -  1.00e+00 1.00e+00H  1
 255  1.4164324e+00 3.37e-03 7.84e+00  -4.0 5.16e-01    -  1.00e+00 7.01e-01h  1
 256  1.4104422e+00 3.10e-03 6.18e+00  -4.0 8.65e-01    -  6.74e-01 1.72e-01h  1
 257  1.4044327e+00 1.00e-02 2.28e+01  -4.0 5.95e-01    -  4.69e-01 5.42e-01h  1
 258  1.3940322e+00 5.88e-03 1.65e+01  -4.0 2.75e-01    -  8.29e-01 8.13e-01h  1
 259  1.3913412e+00 4.88e-03 6.61e+00  -3.8 3.59e-01    -  8.63e-01 7.54e-01f  1
iter    objective    inf_pr   inf_du lg(mu)  ||d||  lg(rg) alpha_du alpha_pr  ls
 260  1.3935604e+00 2.59e-03 6.64e+00  -4.0 2.73e-01    -  1.00e+00 8.51e-01h  1
 261  1.3976354e+00 7.36e-03 1.49e+01  -3.5 6.32e-01    -  1.00e+00 6.64e-01h  1
 262  1.3954588e+00 3.09e-03 1.44e+01  -3.6 2.63e-01    -  5.81e-01 1.00e+00h  1
 263  1.3881818e+00 4.02e-03 5.88e+00  -3.6 2.61e-01    -  6.33e-01 8.66e-01h  1
 264  1.3902599e+00 1.75e-03 4.61e+00  -4.0 1.12e-01    -  1.00e+00 5.76e-01h  1
 265  1.4068689e+00 4.28e-03 1.08e+01  -3.3 3.58e-01    -  1.00e+00 1.00e+00h  1
 266  1.4043733e+00 2.16e-03 1.47e+01  -3.4 2.27e-01    -  6.36e-01 1.00e+00h  1
 267  1.3895909e+00 9.02e-03 1.38e+01  -3.4 5.88e-01    -  1.00e+00 7.05e-01h  1
 268  1.3891273e+00 2.37e-03 8.04e+00  -3.4 2.54e-01    -  1.00e+00 1.00e+00h  1
 269  1.4060244e+00 2.27e-03 6.22e+00  -3.2 2.36e-01    -  8.03e-01 1.00e+00h  1
iter    objective    inf_pr   inf_du lg(mu)  ||d||  lg(rg) alpha_du alpha_pr  ls
 270  1.4042359e+00 1.71e-03 2.27e+01  -3.3 2.79e-01    -  1.00e+00 3.10e-01h  1
 271  1.4109208e+00 9.43e-04 1.20e+01  -3.3 3.25e-01    -  1.00e+00 8.86e-01H  1
 272  1.4196632e+00 2.02e-02 2.78e+01  -3.1 5.52e-01    -  1.00e+00 1.00e+00f  1
 273  1.4083180e+00 1.03e-02 2.24e+01  -3.2 6.22e-01    -  4.79e-01 5.32e-01h  1
 274  1.4105561e+00 1.30e-03 7.00e+00  -3.2 1.58e-01    -  1.00e+00 1.00e+00h  1
 275  1.4031670e+00 1.02e-03 2.37e+00  -3.6 1.73e-01    -  1.00e+00 8.10e-01h  1
 276  1.3720769e+00 5.91e-03 1.58e+01  -3.9 4.26e-01    -  1.00e+00 8.08e-01h  1
 277  1.3661162e+00 2.57e-03 9.09e+00  -3.6 2.87e-01    -  1.00e+00 7.84e-01h  1
 278  1.3801342e+00 5.89e-03 1.11e+01  -3.1 7.04e-01    -  8.39e-01 4.78e-01h  1
 279  1.3780095e+00 6.34e-03 1.29e+01  -3.3 6.83e-01    -  6.96e-01 7.64e-01h  1
iter    objective    inf_pr   inf_du lg(mu)  ||d||  lg(rg) alpha_du alpha_pr  ls
 280  1.3705953e+00 2.27e-03 9.32e+00  -3.3 2.83e-01    -  8.74e-01 1.00e+00h  1
 281  1.3683569e+00 5.46e-04 4.83e+00  -3.7 1.59e-01    -  7.51e-01 7.62e-01H  1
 282  1.3829286e+00 5.95e-03 8.13e+00  -3.3 2.48e-01    -  1.00e+00 1.00e+00h  1
 283  1.3716441e+00 6.49e-03 1.38e+01  -3.4 4.04e-01    -  1.00e+00 1.00e+00h  1
 284  1.3524781e+00 9.27e-03 2.57e+01  -3.4 5.44e-01    -  6.63e-01 9.83e-01h  1
 285  1.3468255e+00 7.57e-03 2.66e+01  -3.6 7.09e-01    -  1.00e+00 2.14e-01h  1
 286  1.3272585e+00 2.14e-02 1.45e+01  -3.7 7.08e-01    -  1.00e+00 9.35e-01h  1
 287  1.3418797e+00 1.62e-02 1.61e+01  -3.3 4.97e-01    -  1.00e+00 1.00e+00h  1
 288  1.3521689e+00 1.07e-02 2.31e+01  -3.0 4.36e-01    -  1.00e+00 3.52e-01h  1
 289  1.3463211e+00 6.95e-03 1.22e+01  -3.4 5.18e-01    -  1.00e+00 4.39e-01h  1
iter    objective    inf_pr   inf_du lg(mu)  ||d||  lg(rg) alpha_du alpha_pr  ls
 290  1.3537882e+00 5.30e-03 1.92e+01  -3.0 5.13e-01    -  1.00e+00 4.71e-01h  1
 291  1.3821085e+00 2.45e-03 1.03e+01  -3.0 2.86e-01    -  7.97e-01 1.00e+00H  1
 292  1.3730717e+00 1.70e-03 2.80e+01  -3.1 3.31e-01    -  1.00e+00 4.03e-01h  1
 293  1.3550613e+00 4.00e-03 1.54e+01  -3.1 6.08e-01    -  1.00e+00 5.03e-01h  1
 294  1.3244040e+00 5.90e-03 1.26e+01  -3.7 6.07e-01    -  1.00e+00 7.53e-01h  1
 295  1.3042742e+00 1.35e-02 1.72e+01  -3.5 6.08e-01    -  9.68e-01 1.00e+00h  1
 296  1.3348948e+00 1.47e-02 1.17e+01  -3.1 4.96e-01    -  1.00e+00 1.00e+00h  1
 297  1.3304358e+00 5.41e-03 9.09e+00  -3.2 3.62e-01    -  1.00e+00 6.23e-01h  1
 298  1.3355291e+00 3.07e-03 5.55e+00  -3.2 1.58e-01    -  8.80e-01 1.00e+00h  1
 299  1.3237763e+00 2.81e-03 7.90e+00  -3.2 2.80e-01    -  1.00e+00 1.00e+00h  1
iter    objective    inf_pr   inf_du lg(mu)  ||d||  lg(rg) alpha_du alpha_pr  ls
 300  1.3556324e+00 7.01e-03 7.11e+00  -3.0 4.39e-01    -  1.00e+00 9.11e-01h  1
 301  1.3467695e+00 4.92e-03 1.36e+01  -3.1 5.40e-01    -  8.84e-01 6.13e-01h  1
 302  1.3403351e+00 2.68e-03 1.37e+01  -3.1 3.04e-01    -  1.00e+00 6.28e-01h  1
 303  1.3434059e+00 1.40e-03 6.83e+00  -3.1 2.41e-01    -  1.00e+00 8.60e-01h  1
 304  1.3227977e+00 2.93e-03 5.52e+00  -3.4 2.42e-01    -  1.00e+00 1.00e+00h  1
 305  1.2835223e+00 1.61e-02 2.41e+01  -4.0 9.65e-01    -  1.00e+00 7.77e-01h  1
 306  1.2830753e+00 2.19e-02 3.90e+01  -3.2 1.84e+00    -  1.00e+00 3.34e-01h  1
 307  1.2694529e+00 2.37e-02 4.37e+01  -3.0 1.79e+00    -  7.20e-01 4.49e-01h  1
 308  1.3008888e+00 6.60e-03 1.71e+01  -3.0 5.16e-01    -  1.00e+00 7.86e-01h  1
 309  1.2893022e+00 4.42e-03 7.30e+00  -3.5 4.62e-01    -  7.64e-01 6.13e-01h  1
iter    objective    inf_pr   inf_du lg(mu)  ||d||  lg(rg) alpha_du alpha_pr  ls
 310  1.2770136e+00 4.29e-03 8.17e+00  -3.7 6.31e-01    -  1.00e+00 3.44e-01h  1
 311  1.3357653e+00 6.05e-03 1.17e+01  -3.1 4.55e-01    -  1.00e+00 1.00e+00H  1
 312  1.2985190e+00 4.92e-03 3.71e+00  -3.2 3.77e-01    -  1.00e+00 1.00e+00h  1
 313  1.2748272e+00 5.23e-03 9.38e+00  -3.5 4.50e-01    -  1.00e+00 9.38e-01h  1
 314  1.3134580e+00 8.39e-03 6.13e+00  -3.1 4.91e-01    -  1.00e+00 1.00e+00h  1
 315  1.3031767e+00 5.23e-03 3.34e+00  -3.2 3.73e-01    -  4.67e-01 3.82e-01h  1
 316  1.3028454e+00 9.25e-04 9.46e+00  -3.2 1.60e-01    -  6.17e-01 1.00e+00h  1
 317  1.2830161e+00 4.54e-03 4.86e+00  -3.7 3.55e-01    -  1.00e+00 8.32e-01h  1
 318  1.2812827e+00 1.68e-03 1.15e+01  -3.4 2.53e-01    -  1.00e+00 8.86e-01h  1
 319  1.3039137e+00 7.08e-03 3.81e+01  -2.9 8.85e-01    -  1.00e+00 3.47e-01h  1
iter    objective    inf_pr   inf_du lg(mu)  ||d||  lg(rg) alpha_du alpha_pr  ls
 320  1.2886244e+00 2.38e-02 3.14e+01  -3.0 1.06e+00    -  4.58e-01 7.41e-01h  1
 321  1.3026192e+00 8.92e-03 7.86e+00  -3.0 4.55e-01    -  9.55e-01 9.66e-01h  1
 322  1.3128238e+00 5.50e-03 3.14e+00  -3.0 3.58e-01    -  1.00e+00 1.00e+00h  1
 323  1.3276580e+00 2.50e-03 1.06e+01  -3.0 2.51e-01    -  1.00e+00 1.00e+00h  1
 324  1.3265943e+00 1.21e-03 4.56e+00  -3.0 1.40e-01    -  1.00e+00 1.00e+00h  1
 325  1.3086277e+00 3.65e-04 5.78e+00  -3.3 3.47e-01    -  9.81e-01 9.18e-01H  1
 326  1.2692819e+00 1.44e-02 1.71e+01  -3.6 7.15e-01    -  1.00e+00 8.36e-01h  1
 327  1.2755409e+00 4.87e-03 9.95e+00  -3.4 2.83e-01    -  1.00e+00 1.00e+00h  1
 328  1.2717266e+00 3.07e-03 6.13e+00  -3.7 1.70e-01    -  1.00e+00 4.22e-01h  1
 329  1.2803304e+00 4.58e-04 3.06e+00  -3.4 1.36e-01    -  1.00e+00 9.20e-01h  1
iter    objective    inf_pr   inf_du lg(mu)  ||d||  lg(rg) alpha_du alpha_pr  ls
 330  1.2702224e+00 2.00e-03 4.35e+00  -3.9 2.24e-01    -  1.00e+00 7.12e-01h  1
 331  1.2628336e+00 2.03e-03 7.40e+00  -4.0 3.48e-01    -  1.00e+00 5.20e-01h  1
 332  1.2613096e+00 2.95e-03 1.14e+01  -3.7 2.71e-01    -  1.00e+00 6.15e-01h  1
 333  1.2523875e+00 2.17e-03 9.02e+00  -4.0 1.53e-01    -  1.00e+00 9.33e-01h  1
 334  1.2570781e+00 9.48e-04 3.28e+00  -3.7 1.87e-01    -  1.00e+00 6.32e-01h  1
 335  1.2590443e+00 4.37e-04 3.52e+00  -3.8 9.94e-02    -  1.00e+00 1.00e+00h  1
 336  1.2553291e+00 1.22e-03 4.87e+00  -4.0 1.50e-01    -  1.00e+00 1.00e+00h  1
 337  1.2508297e+00 3.93e-03 1.34e+01  -4.0 9.06e-01    -  1.00e+00 3.41e-01h  1
 338  1.2472762e+00 6.84e-04 1.03e+01  -4.0 1.75e-01    -  1.00e+00 1.00e+00h  1
 339  1.2462297e+00 6.22e-04 5.24e+00  -4.0 1.21e-01    -  9.34e-01 1.00e+00h  1
iter    objective    inf_pr   inf_du lg(mu)  ||d||  lg(rg) alpha_du alpha_pr  ls
 340  1.2463413e+00 3.49e-04 3.02e+00  -4.0 9.45e-02    -  1.00e+00 7.74e-01h  1
 341  1.2484155e+00 1.43e-04 7.43e+00  -4.0 7.46e-02    -  1.00e+00 6.86e-01h  1
 342  1.2504650e+00 9.15e-05 1.81e+00  -4.0 5.71e-02    -  1.00e+00 1.00e+00h  1
 343  1.2489167e+00 1.92e-03 7.73e+00  -4.0 2.39e-01    -  1.00e+00 1.00e+00h  1
 344  1.2445255e+00 7.55e-03 2.17e+01  -4.1 1.02e+00    -  1.00e+00 4.27e-01h  1
 345  1.2586483e+00 5.01e-02 6.07e+01  -3.3 1.89e+00    -  7.00e-01 5.18e-01f  1
 346  1.2325539e+00 2.65e-02 8.94e+01  -3.5 1.18e+00    -  9.23e-01 1.00e+00h  1
 347  1.2590810e+00 5.00e-02 2.27e+01  -3.0 7.76e-01    -  1.00e+00 1.00e+00h  1
 348  1.2573309e+00 2.56e-02 1.55e+01  -3.1 5.90e-01    -  9.34e-01 5.64e-01h  1
 349  1.2613696e+00 5.15e-03 9.96e+00  -3.1 3.84e-01    -  5.96e-01 9.73e-01h  1
iter    objective    inf_pr   inf_du lg(mu)  ||d||  lg(rg) alpha_du alpha_pr  ls
 350  1.2830183e+00 6.62e-03 1.91e+01  -3.1 5.22e-01    -  1.00e+00 1.00e+00h  1
 351  1.2868267e+00 2.25e-03 1.49e+01  -3.1 2.72e-01    -  1.00e+00 1.00e+00h  1
 352  1.2851027e+00 1.48e-03 9.13e+00  -3.1 2.23e-01    -  1.00e+00 7.03e-01h  1
 353  1.2874140e+00 9.18e-04 5.69e+00  -3.1 2.21e-01    -  1.00e+00 5.00e-01f  2
 354  1.2995521e+00 1.22e-03 9.50e+00  -3.1 2.00e-01    -  1.00e+00 1.00e+00H  1
 355  1.2923022e+00 7.94e-04 5.70e+00  -3.1 1.21e-01    -  1.00e+00 1.00e+00h  1
 356  1.2935552e+00 5.36e-04 5.45e+00  -3.1 1.19e-01    -  1.00e+00 1.00e+00h  1
 357  1.2958075e+00 1.94e-04 3.29e+00  -3.1 6.63e-02    -  1.00e+00 1.00e+00h  1
 358  1.2979976e+00 2.60e-04 2.32e+00  -3.1 6.96e-02    -  1.00e+00 1.00e+00h  1
 359  1.2975646e+00 2.52e-04 2.84e+00  -3.1 6.64e-02    -  1.00e+00 1.00e+00h  1
iter    objective    inf_pr   inf_du lg(mu)  ||d||  lg(rg) alpha_du alpha_pr  ls
 360  1.2985399e+00 4.41e-05 1.06e+01  -3.1 2.31e-01    -  1.00e+00 1.00e+00H  1
 361  1.2662481e+00 1.57e-02 2.17e+01  -3.5 4.79e-01    -  1.00e+00 1.00e+00h  1
 362  1.2514029e+00 7.16e-03 1.30e+01  -3.6 3.48e-01    -  9.47e-01 5.89e-01h  1
 363  1.2406164e+00 3.89e-03 1.14e+01  -3.6 2.44e-01    -  6.34e-01 1.00e+00h  1
 364  1.2362348e+00 2.78e-03 7.09e+00  -3.7 3.87e-01    -  1.00e+00 4.71e-01h  1
 365  1.2259858e+00 7.12e-03 1.80e+01  -4.0 1.00e+00    -  1.00e+00 4.85e-01h  1
 366  1.2237165e+00 3.05e-02 5.01e+01  -3.6 1.67e+00    -  1.00e+00 6.72e-01h  1
 367  1.2268002e+00 2.98e-02 5.11e+01  -3.4 1.26e+00    -  1.00e+00 1.00e+00h  1
 368  1.1914728e+00 1.33e-02 1.75e+01  -3.5 7.62e-01    -  8.52e-01 9.48e-01h  1
 369  1.1963245e+00 6.99e-03 8.98e+00  -3.5 6.00e-01    -  1.00e+00 5.25e-01h  1
iter    objective    inf_pr   inf_du lg(mu)  ||d||  lg(rg) alpha_du alpha_pr  ls
 370  1.2137217e+00 1.01e-03 1.26e+01  -3.7 5.61e-01    -  8.54e-01 8.58e-01H  1
 371  1.2121455e+00 2.06e-03 1.37e+01  -3.7 8.15e-01    -  4.02e-01 3.18e-01h  1
 372  1.2074962e+00 2.61e-03 1.37e+01  -4.0 5.56e-01    -  1.00e+00 3.47e-01h  1
 373  1.2062538e+00 2.51e-03 1.38e+01  -4.0 6.94e-01    -  1.00e+00 1.51e-01h  1
 374  1.2003258e+00 1.42e-02 1.92e+01  -4.0 8.69e-01    -  1.00e+00 8.59e-01h  1
 375  1.1936319e+00 7.69e-03 1.79e+01  -4.1 2.87e-01    -  6.81e-01 5.04e-01h  1
 376  1.1941395e+00 6.54e-03 1.87e+01  -3.4 6.06e-01    -  1.00e+00 1.59e-01f  1
 377  1.1976007e+00 1.97e-03 5.13e+00  -4.0 2.73e-01    -  1.00e+00 1.00e+00h  1
 378  1.1975541e+00 2.24e-03 6.69e+00  -4.0 2.00e-01    -  1.00e+00 1.00e+00h  1
 379  1.2004994e+00 1.18e-03 1.02e+00  -3.7 1.52e-01    -  1.00e+00 1.00e+00h  1
iter    objective    inf_pr   inf_du lg(mu)  ||d||  lg(rg) alpha_du alpha_pr  ls
 380  1.2026047e+00 5.48e-04 3.03e+00  -4.0 1.22e-01    -  1.00e+00 1.00e+00h  1
 381  1.1995055e+00 3.38e-03 1.00e+01  -4.0 3.39e-01    -  1.00e+00 1.00e+00h  1
 382  1.1975924e+00 2.95e-03 1.39e+01  -4.1 4.64e-01    -  1.00e+00 4.58e-01h  1
 383  1.1878721e+00 1.41e-02 2.75e+01  -4.1 1.01e+00    -  4.64e-01 6.11e-01h  1
 384  1.1824251e+00 4.01e-03 1.30e+01  -3.7 3.97e-01    -  7.50e-01 1.00e+00f  1
 385  1.2110057e+00 1.13e-02 1.91e+02  -2.3 5.27e+00    -  6.06e-01 1.06e-01f  1
 386  1.2304021e+00 1.62e-02 9.52e+01  -2.6 1.38e+00    -  5.14e-01 3.62e-01h  1
 387  1.2894527e+00 1.41e-02 1.63e+01  -2.6 6.42e-01    -  6.99e-01 1.00e+00h  1
 388  1.3376659e+00 1.22e-02 2.16e+01  -2.6 7.51e-01    -  7.34e-01 8.10e-01h  1
 389  1.3792745e+00 1.62e-02 2.92e+01  -2.6 9.12e-01    -  1.00e+00 1.00e+00h  1
iter    objective    inf_pr   inf_du lg(mu)  ||d||  lg(rg) alpha_du alpha_pr  ls
 390  1.3627003e+00 2.37e-02 1.45e+01  -2.6 6.96e-01    -  1.00e+00 1.00e+00h  1
 391  1.3794175e+00 1.47e-02 7.47e+00  -2.6 4.86e-01    -  1.00e+00 1.00e+00h  1
 392  1.3979612e+00 9.53e-03 1.45e+01  -2.6 4.04e-01    -  1.00e+00 1.00e+00h  1
 393  1.3925797e+00 5.96e-03 3.85e+00  -2.6 3.09e-01    -  1.00e+00 1.00e+00h  1
 394  1.4020351e+00 3.64e-03 9.05e+00  -2.6 1.53e-01    -  1.00e+00 1.00e+00h  1
 395  1.4129767e+00 1.01e-03 1.01e+01  -2.6 1.00e-01    -  1.00e+00 1.00e+00h  1
 396  1.4204534e+00 6.26e-04 5.76e+00  -2.6 9.53e-02    -  1.00e+00 1.00e+00h  1
 397  1.4221577e+00 5.86e-04 6.53e+00  -2.6 8.70e-02    -  1.00e+00 1.00e+00h  1
 398  1.4239259e+00 1.29e-04 3.90e+00  -2.6 5.34e-02    -  1.00e+00 1.00e+00h  1
 399  1.4287518e+00 2.47e-04 3.51e+00  -2.6 6.03e-02    -  1.00e+00 1.00e+00h  1
iter    objective    inf_pr   inf_du lg(mu)  ||d||  lg(rg) alpha_du alpha_pr  ls
 400  1.4347352e+00 3.44e-04 3.71e+00  -2.6 1.05e-01    -  1.00e+00 1.00e+00h  1
 401  1.4471194e+00 4.80e-04 1.82e+01  -2.6 3.65e-01    -  1.00e+00 1.00e+00H  1
 402  1.4452190e+00 5.74e-04 2.15e+01  -2.6 4.38e-01    -  1.00e+00 2.50e-01h  3
 403  1.4382947e+00 7.96e-04 1.88e+01  -2.6 3.65e-01    -  1.00e+00 5.00e-01h  2
 404  1.4429252e+00 5.73e-04 8.04e+00  -2.6 1.05e-01    -  1.00e+00 1.00e+00h  1
 405  1.4545464e+00 2.01e-04 5.29e+00  -2.6 1.65e-01    -  1.00e+00 1.00e+00H  1
 406  1.4542601e+00 1.13e-03 6.82e+00  -2.6 1.54e-01    -  1.00e+00 1.00e+00h  1
 407  1.4455194e+00 1.32e-03 8.76e+00  -2.6 2.05e-01    -  1.00e+00 1.00e+00h  1
 408  1.4487033e+00 7.50e-04 4.94e+00  -2.6 1.14e-01    -  1.00e+00 1.00e+00h  1
 409  1.4527465e+00 7.96e-04 1.88e+00  -2.6 9.12e-02    -  1.00e+00 1.00e+00h  1
iter    objective    inf_pr   inf_du lg(mu)  ||d||  lg(rg) alpha_du alpha_pr  ls
 410  1.4559964e+00 1.67e-04 1.85e+00  -2.6 7.27e-02    -  1.00e+00 1.00e+00h  1
 411  1.4646321e+00 4.92e-05 2.06e+01  -2.6 4.18e-01    -  1.00e+00 1.00e+00H  1
 412  1.4642471e+00 1.34e-04 2.32e+01  -2.6 1.58e+00    -  1.00e+00 3.12e-02h  6
 413  1.3344730e+00 3.16e-01 5.06e+01  -2.6 5.07e+00    -  7.19e-01 4.59e-01H  1
 414  1.3680430e+00 6.28e-02 7.12e+01  -2.6 2.00e+00    -  7.30e-01 7.78e-01h  1
 415  1.3414376e+00 9.87e-02 8.98e+00  -2.6 1.82e+00    -  7.81e-01 9.82e-01h  1
 416  1.3366485e+00 8.02e-02 6.97e+00  -2.6 1.92e+00    -  1.00e+00 1.90e-01h  1
 417  1.3687725e+00 4.91e-02 1.38e+01  -2.6 1.17e+00    -  1.00e+00 9.36e-01h  1
 418  1.4287629e+00 2.09e-02 9.35e+00  -2.6 7.02e-01    -  1.00e+00 1.00e+00h  1
 419  1.4042996e+00 2.01e-02 9.33e+00  -2.6 7.98e-01    -  1.00e+00 1.00e+00h  1
iter    objective    inf_pr   inf_du lg(mu)  ||d||  lg(rg) alpha_du alpha_pr  ls
 420  1.4043698e+00 1.47e-02 6.96e+00  -2.6 5.75e-01    -  1.00e+00 1.00e+00h  1
 421  1.4308009e+00 1.20e-02 1.05e+01  -2.6 3.52e-01    -  1.00e+00 1.00e+00h  1
 422  1.4452924e+00 9.17e-03 8.58e+00  -2.6 3.12e-01    -  1.00e+00 1.00e+00h  1
 423  1.4551500e+00 2.11e-03 7.81e+00  -2.6 1.69e-01    -  1.00e+00 1.00e+00h  1
 424  1.4611302e+00 1.43e-03 7.65e+00  -2.6 1.34e-01    -  1.00e+00 1.00e+00h  1
 425  1.4699403e+00 3.92e-04 3.70e+00  -2.6 9.63e-02    -  1.00e+00 1.00e+00h  1
 426  1.4719898e+00 5.09e-04 4.62e+00  -2.6 8.96e-02    -  1.00e+00 1.00e+00h  1
 427  1.4735346e+00 6.59e-04 3.86e+00  -2.6 8.82e-02    -  1.00e+00 1.00e+00h  1
 428  1.4747875e+00 3.87e-04 4.20e+00  -2.6 7.33e-02    -  1.00e+00 1.00e+00h  1
 429  1.4752685e+00 1.67e-04 1.86e+00  -2.6 6.40e-02    -  1.00e+00 1.00e+00h  1
iter    objective    inf_pr   inf_du lg(mu)  ||d||  lg(rg) alpha_du alpha_pr  ls
 430  1.4767412e+00 7.57e-05 1.26e+00  -2.6 2.62e-02    -  1.00e+00 1.00e+00h  1
 431  1.4769876e+00 4.80e-05 4.55e+00  -2.6 6.95e-02    -  1.00e+00 1.00e+00H  1
 432  1.4770124e+00 1.19e-04 1.59e+01  -2.6 1.91e-01    -  1.00e+00 1.00e+00H  1
 433  1.4792709e+00 3.10e-05 1.64e+01  -2.6 1.80e-01    -  1.00e+00 1.00e+00H  1
 434  1.4394297e+00 5.17e-03 5.17e+00  -3.3 2.41e-01    -  1.00e+00 1.00e+00h  1
 435  1.3956827e+00 5.25e-03 1.80e+01  -3.4 9.55e-01    -  7.35e-01 3.12e-01h  1
 436  1.3791340e+00 5.19e-03 2.06e+01  -3.4 1.31e+00    -  7.32e-01 1.11e-01h  1
 437  1.3591232e+00 6.42e-03 1.62e+01  -3.4 5.55e-01    -  1.00e+00 4.29e-01h  1
 438  1.3232973e+00 1.07e-02 1.68e+01  -3.4 9.67e-01    -  5.95e-01 4.95e-01h  1
 439  1.2912761e+00 1.16e-02 2.61e+01  -3.4 9.67e-01    -  1.00e+00 5.54e-01h  1
iter    objective    inf_pr   inf_du lg(mu)  ||d||  lg(rg) alpha_du alpha_pr  ls
 440  1.2789805e+00 9.48e-03 2.51e+01  -3.4 7.22e-01    -  2.49e-01 1.86e-01h  1
 441  1.2790139e+00 5.77e-03 1.53e+01  -3.4 2.63e-01    -  1.00e+00 5.30e-01h  1
 442  1.2822310e+00 2.44e-03 7.99e+00  -3.4 2.07e-01    -  5.23e-01 8.00e-01h  1
 443  1.2906032e+00 8.39e-04 4.98e+00  -3.4 1.36e-01    -  1.00e+00 9.74e-01h  1
 444  1.2895108e+00 4.09e-04 9.97e+00  -3.4 1.06e-01    -  1.00e+00 6.40e-01f  1
 445  1.2870013e+00 9.17e-04 1.44e+01  -3.4 2.06e-01    -  1.00e+00 4.46e-01f  2
 446  1.2850642e+00 1.37e-03 1.13e+01  -3.4 4.22e-01    -  1.00e+00 2.50e-01h  3
 447  1.2794576e+00 4.65e-03 1.18e+01  -3.4 7.15e-01    -  1.00e+00 4.02e-01h  2
 448  1.2728098e+00 1.04e-02 2.30e+01  -3.4 1.57e+00    -  1.00e+00 2.85e-01h  2
 449  1.2518816e+00 6.03e-02 5.63e+01  -3.4 2.22e+00    -  4.19e-01 5.96e-01h  1
iter    objective    inf_pr   inf_du lg(mu)  ||d||  lg(rg) alpha_du alpha_pr  ls
 450  1.2298735e+00 2.54e-02 4.77e+01  -3.4 7.33e-01    -  1.00e+00 7.08e-01h  1
 451  1.2309020e+00 1.49e-02 3.11e+01  -3.4 3.76e-01    -  4.76e-01 4.32e-01h  1
 452  1.2365161e+00 5.50e-03 1.19e+01  -3.4 2.85e-01    -  1.00e+00 6.49e-01h  1
 453  1.2483750e+00 1.57e-03 8.03e+00  -3.4 1.46e-01    -  5.14e-01 1.00e+00h  1
 454  1.2562017e+00 2.86e-04 3.84e+00  -3.4 7.99e-02    -  9.41e-01 1.00e+00h  1
 455  1.2566714e+00 5.01e-04 3.33e+00  -3.4 8.09e-02    -  1.00e+00 1.00e+00h  1
 456  1.2548969e+00 7.76e-04 6.81e+00  -3.4 1.24e-01    -  1.00e+00 1.00e+00h  1
 457  1.2543262e+00 4.17e-04 1.61e+00  -3.4 7.69e-02    -  1.00e+00 1.00e+00h  1
 458  1.2576357e+00 1.26e-04 2.04e+00  -3.4 5.15e-02    -  1.00e+00 1.00e+00h  1
 459  1.2482291e+00 2.36e-04 1.78e+00  -4.0 8.34e-02    -  1.00e+00 1.00e+00h  1
iter    objective    inf_pr   inf_du lg(mu)  ||d||  lg(rg) alpha_du alpha_pr  ls
 460  1.2315307e+00 3.07e-03 8.83e+00  -4.1 3.38e-01    -  8.15e-01 7.02e-01h  1
 461  1.2277400e+00 3.65e-03 1.37e+01  -4.1 5.03e-01    -  7.67e-01 2.81e-01h  1
 462  1.2172155e+00 1.29e-02 2.58e+01  -4.1 9.06e-01    -  4.79e-01 4.05e-01h  1
 463  1.2094429e+00 1.14e-02 2.86e+01  -4.1 6.04e-01    -  8.60e-01 3.10e-01h  1
 464  1.2090022e+00 7.54e-03 1.85e+01  -4.1 2.24e-01    -  1.00e+00 3.51e-01h  1
 465  1.2123786e+00 1.39e-03 7.04e+00  -4.1 1.39e-01    -  5.82e-01 1.00e+00h  1
 466  1.2127889e+00 7.60e-04 2.43e+00  -4.1 9.59e-02    -  1.00e+00 6.41e-01h  1
 467  1.2132093e+00 5.36e-04 3.37e+00  -4.1 8.32e-02    -  1.00e+00 4.01e-01f  2
 468  1.2137401e+00 2.32e-03 6.93e+00  -4.0 1.91e-01    -  1.00e+00 1.00e+00h  1
 469  1.2113043e+00 3.35e-03 1.13e+01  -4.1 4.14e-01    -  1.00e+00 3.73e-01h  1
iter    objective    inf_pr   inf_du lg(mu)  ||d||  lg(rg) alpha_du alpha_pr  ls
 470  1.2095271e+00 4.37e-03 1.64e+01  -4.1 2.54e-01    -  6.44e-01 9.20e-01h  1
 471  1.2027250e+00 2.83e-02 3.76e+01  -4.1 8.95e-01    -  3.24e-01 7.50e-01f  1
 472  1.1925430e+00 1.98e-02 4.75e+01  -4.1 8.59e-01    -  7.61e-01 5.37e-01h  1
 473  1.1866733e+00 1.58e-02 2.49e+01  -4.1 5.18e-01    -  1.09e-01 4.96e-01h  1
 474  1.1884214e+00 7.07e-03 1.09e+01  -4.1 2.60e-01    -  7.13e-01 6.02e-01h  1
 475  1.1920924e+00 4.38e-03 7.06e+00  -4.1 1.21e-01    -  5.79e-01 4.30e-01h  1
 476  1.2038458e+00 2.53e-03 4.90e+00  -3.8 1.52e-01    -  1.00e+00 1.00e+00h  1
 477  1.2031843e+00 1.06e-03 5.46e+00  -3.9 9.47e-02    -  1.00e+00 6.17e-01h  1
 478  1.2034872e+00 9.72e-04 5.43e+00  -3.9 1.14e-01    -  1.00e+00 5.00e-01h  2
 479  1.2039635e+00 3.60e-04 3.25e+00  -4.0 7.47e-02    -  1.00e+00 1.00e+00h  1
iter    objective    inf_pr   inf_du lg(mu)  ||d||  lg(rg) alpha_du alpha_pr  ls
 480  1.2040088e+00 5.34e-05 1.11e+00  -4.0 3.54e-02    -  1.00e+00 1.00e+00h  1
 481  1.2045494e+00 1.61e-05 3.43e-01  -4.0 9.16e-03    -  1.00e+00 1.00e+00h  1
 482  1.2040681e+00 1.04e-04 2.25e+00  -4.0 4.45e-02    -  1.00e+00 1.00e+00h  1
 483  1.2007554e+00 2.84e-03 1.43e+01  -4.1 3.04e-01    -  1.00e+00 1.00e+00h  1
 484  1.1973743e+00 4.84e-02 6.56e+01  -4.1 1.45e+00    -  9.52e-01 9.66e-01h  1
 485  1.1685755e+00 3.01e-02 2.35e+01  -4.1 9.11e-01    -  2.51e-01 6.74e-01h  1
 486  1.1794315e+00 1.56e-02 1.09e+01  -3.8 5.59e-01    -  1.00e+00 6.57e-01h  1
 487  1.1954343e+00 9.01e-03 6.33e+00  -3.5 3.96e-01    -  1.00e+00 6.12e-01h  1
 488  1.2029647e+00 9.58e-04 9.24e+00  -3.6 1.72e-01    -  4.77e-01 1.00e+00h  1
 489  1.2098118e+00 3.29e-04 3.39e+00  -3.6 8.80e-02    -  1.00e+00 9.65e-01h  1
iter    objective    inf_pr   inf_du lg(mu)  ||d||  lg(rg) alpha_du alpha_pr  ls
 490  1.2119847e+00 1.78e-04 2.70e+00  -3.6 8.03e-02    -  9.46e-01 5.00e-01f  2
 491  1.2122261e+00 3.23e-04 4.83e+00  -3.6 2.68e-01    -  1.00e+00 3.08e-01h  2
 492  1.2139590e+00 5.85e-04 7.54e+00  -3.6 1.70e-01    -  1.00e+00 1.00e+00h  1
 493  1.2125688e+00 3.25e-04 4.76e+00  -3.6 9.26e-02    -  1.00e+00 1.00e+00h  1
 494  1.2120949e+00 3.18e-04 2.52e+00  -3.6 9.08e-02    -  1.00e+00 1.00e+00h  1
 495  1.2146417e+00 1.27e-05 1.66e+00  -3.6 5.79e-02    -  1.00e+00 1.00e+00H  1
 496  1.2146454e+00 9.48e-05 2.12e+00  -3.6 4.85e-02    -  1.00e+00 1.00e+00h  1
 497  1.2154578e+00 3.26e-05 4.50e+00  -3.6 1.22e-01    -  1.00e+00 1.00e+00H  1
 498  1.2165393e+00 3.88e-06 8.98e+00  -3.6 1.66e-01    -  1.00e+00 1.00e+00H  1
 499  1.2005319e+00 8.26e-04 5.46e+00  -4.0 1.31e-01    -  1.00e+00 1.00e+00h  1
iter    objective    inf_pr   inf_du lg(mu)  ||d||  lg(rg) alpha_du alpha_pr  ls
 500  1.1989022e+00 6.10e-04 3.52e+00  -4.1 1.99e-01    -  8.48e-01 2.90e-01h  1
 501  1.1957596e+00 6.64e-04 4.99e+00  -4.0 2.71e-01    -  5.70e-01 5.53e-01f  1
 502  1.1981599e+00 3.04e-04 1.30e+00  -4.0 9.39e-02    -  1.00e+00 1.00e+00h  1
 503  1.1998114e+00 1.61e-04 2.15e+00  -4.0 8.08e-02    -  1.00e+00 1.00e+00h  1
 504  1.1989052e+00 7.69e-04 3.96e+00  -4.0 1.57e-01    -  1.00e+00 1.00e+00h  1
 505  1.1943481e+00 1.89e-03 1.00e+01  -4.1 2.44e-01    -  1.00e+00 1.00e+00h  1
 506  1.1917182e+00 2.58e-03 1.49e+01  -4.0 2.47e-01    -  1.00e+00 1.00e+00h  1
 507  1.1905719e+00 1.20e-03 6.70e+00  -4.0 1.79e-01    -  1.00e+00 5.75e-01h  1
 508  1.2322230e+00 3.30e-02 2.23e+01  -3.0 1.93e+00    -  4.39e-01 5.85e-01f  1
 509  1.2296549e+00 2.92e-02 2.13e+01  -3.4 8.91e-01    -  3.82e-01 1.16e-01h  1
iter    objective    inf_pr   inf_du lg(mu)  ||d||  lg(rg) alpha_du alpha_pr  ls
 510  1.2231010e+00 1.84e-02 2.19e+01  -3.4 5.82e-01    -  1.00e+00 4.34e-01h  1
 511  1.2177371e+00 1.31e-02 1.29e+01  -3.4 6.35e-01    -  4.25e-01 3.55e-01h  1
 512  1.2116492e+00 8.05e-03 1.67e+01  -3.4 4.78e-01    -  1.00e+00 8.35e-01f  1
 513  1.2107479e+00 2.32e-03 2.97e+00  -3.4 1.90e-01    -  1.00e+00 1.00e+00h  1
 514  1.2202893e+00 8.59e-04 4.22e+00  -3.4 1.74e-01    -  1.00e+00 1.00e+00h  1
 515  1.2218922e+00 8.31e-04 5.38e+00  -3.4 1.35e-01    -  9.79e-01 1.00e+00h  1
 516  1.2221150e+00 5.40e-04 5.43e+00  -3.4 9.60e-02    -  1.00e+00 1.00e+00h  1
 517  1.2220748e+00 1.87e-04 1.61e+00  -3.4 7.09e-02    -  1.00e+00 1.00e+00h  1
 518  1.2248826e+00 7.12e-05 1.29e+00  -3.4 2.99e-02    -  1.00e+00 1.00e+00h  1
 519  1.2256824e+00 5.74e-05 4.88e-01  -3.4 1.12e-02    -  1.00e+00 1.00e+00h  1
iter    objective    inf_pr   inf_du lg(mu)  ||d||  lg(rg) alpha_du alpha_pr  ls
 520  1.2260196e+00 1.26e-05 2.08e+00  -3.4 6.13e-02    -  1.00e+00 1.00e+00H  1
 521  1.2265030e+00 6.76e-06 3.37e+00  -3.4 7.24e-02    -  1.00e+00 1.00e+00H  1
 522  1.2288506e+00 7.68e-07 5.63e+00  -3.4 1.69e-01    -  1.00e+00 1.00e+00H  1
 523  1.2074720e+00 2.26e-03 4.08e+00  -4.0 2.07e-01    -  1.00e+00 1.00e+00f  1
 524  1.2021193e+00 2.03e-03 5.07e+00  -4.1 5.11e-01    -  8.34e-01 1.80e-01h  1
 525  1.1983136e+00 9.91e-04 3.75e+00  -4.1 1.17e-01    -  1.00e+00 1.00e+00h  1
 526  1.1947864e+00 2.10e-03 5.05e+00  -4.1 3.26e-01    -  1.00e+00 8.06e-01h  1
 527  1.1958933e+00 4.49e-03 1.27e+01  -3.8 5.81e-01    -  1.00e+00 6.36e-01f  1
 528  1.1947568e+00 1.59e-03 9.05e+00  -3.9 1.97e-01    -  1.00e+00 1.00e+00h  1
 529  1.1881083e+00 1.52e-03 3.16e+00  -4.0 1.58e-01    -  1.00e+00 1.00e+00h  1
iter    objective    inf_pr   inf_du lg(mu)  ||d||  lg(rg) alpha_du alpha_pr  ls
 530  1.1896023e+00 8.57e-04 2.75e+00  -4.0 1.19e-01    -  9.73e-01 4.19e-01h  1
 531  1.1948349e+00 2.40e-04 1.79e+00  -4.0 9.18e-02    -  1.00e+00 1.00e+00h  1
 532  1.1953102e+00 7.62e-05 5.42e+00  -4.0 1.27e-01    -  1.00e+00 1.00e+00H  1
 533  1.1940249e+00 1.69e-03 8.03e+00  -4.0 2.07e-01    -  1.00e+00 1.00e+00h  1
 534  1.1911315e+00 6.25e-04 6.04e+00  -4.1 1.18e-01    -  1.00e+00 1.00e+00h  1
 535  1.1917074e+00 4.25e-04 2.61e+00  -4.0 1.01e-01    -  1.00e+00 1.00e+00h  1
 536  1.1941402e+00 5.20e-05 1.95e+00  -4.0 1.05e-01    -  1.00e+00 9.12e-01H  1
 537  1.1935367e+00 2.05e-03 7.18e+00  -4.0 2.24e-01    -  1.00e+00 1.00e+00h  1
 538  1.1891998e+00 1.20e-02 2.23e+01  -4.1 5.23e-01    -  1.00e+00 1.00e+00h  1
 539  1.1824531e+00 3.00e-02 3.53e+01  -4.1 1.15e+00    -  9.39e-01 5.91e-01h  1
iter    objective    inf_pr   inf_du lg(mu)  ||d||  lg(rg) alpha_du alpha_pr  ls
 540  1.1726926e+00 6.29e-03 1.38e+01  -4.1 3.74e-01    -  5.97e-01 1.00e+00h  1
 541  1.1820702e+00 2.00e-03 3.27e+00  -4.0 1.89e-01    -  6.52e-01 7.68e-01h  1
 542  1.1867331e+00 1.33e-03 7.16e+00  -4.0 3.92e-01    -  1.00e+00 6.24e-01H  1
 543  1.1949679e+00 4.63e-02 3.72e+01  -3.7 1.35e+00    -  1.00e+00 1.00e+00h  1
 544  1.1646890e+00 1.36e-02 3.51e+01  -3.8 3.85e-01    -  1.00e+00 1.00e+00h  1
 545  1.1832864e+00 6.91e-03 2.00e+01  -3.3 2.56e-01    -  1.00e+00 6.43e-01h  1
 546  1.1956486e+00 1.83e-03 3.71e+00  -3.4 1.90e-01    -  9.93e-01 7.73e-01h  1
 547  1.1994919e+00 1.45e-03 7.37e+00  -3.4 1.91e-01    -  7.71e-01 2.50e-01f  3
 548  1.2024102e+00 1.00e-03 1.22e+01  -3.4 4.83e-01    -  9.92e-01 2.50e-01h  3
 549  1.2185803e+00 2.34e-04 9.37e+00  -3.4 3.14e-01    -  1.00e+00 1.00e+00H  1
iter    objective    inf_pr   inf_du lg(mu)  ||d||  lg(rg) alpha_du alpha_pr  ls
 550  1.2090707e+00 1.10e-03 1.10e+01  -3.4 1.95e-01    -  1.00e+00 1.00e+00h  1
 551  1.2104566e+00 6.69e-04 7.57e+00  -3.4 1.42e-01    -  1.00e+00 4.59e-01h  2
 552  1.2150773e+00 3.78e-04 3.95e+00  -3.4 1.32e-01    -  1.00e+00 1.00e+00h  1
 553  1.2228290e+00 2.35e-04 1.52e+01  -3.4 5.02e-01    -  1.00e+00 1.00e+00H  1
 554  1.2083161e+00 3.89e-03 1.67e+01  -3.4 2.49e-01    -  1.00e+00 1.00e+00h  1
 555  1.2035446e+00 9.04e-04 7.93e+00  -3.4 1.86e-01    -  7.05e-01 9.53e-01h  1
 556  1.2055950e+00 5.29e-04 1.97e+00  -3.4 1.14e-01    -  3.59e-01 5.00e-01f  2
 557  1.2158455e+00 1.14e-04 3.62e+00  -3.4 2.82e-01    -  1.00e+00 1.00e+00H  1
 558  1.2153133e+00 5.54e-04 9.46e+00  -3.4 6.37e-01    -  1.00e+00 2.50e-01h  3
 559  1.2148780e+00 6.54e-04 8.81e+00  -3.4 1.05e+00    -  1.00e+00 6.25e-02h  5
iter    objective    inf_pr   inf_du lg(mu)  ||d||  lg(rg) alpha_du alpha_pr  ls
 560  1.2145873e+00 7.10e-04 9.97e+00  -3.4 1.70e+00    -  1.00e+00 2.86e-02h  6
 561  1.2143709e+00 7.55e-04 1.11e+01  -3.4 3.38e+00    -  1.00e+00 1.15e-02h  7
 562  1.2142981e+00 7.58e-04 1.15e+01  -3.4 4.29e+00    -  1.00e+00 3.18e-03h  9
 563  1.2102923e+00 5.15e-02 5.17e+01  -3.4 4.90e+00    -  1.00e+00 2.50e-01h  3
 564  1.2079180e+00 7.22e-02 8.53e+01  -3.4 8.96e+00    -  6.29e-01 1.02e-01h  3
 565  1.1957650e+00 5.02e-02 1.08e+02  -3.4 1.23e+00    -  1.00e+00 1.00e+00h  1
 566  1.1704829e+00 1.46e-01 1.42e+01  -3.4 2.15e+00    -  9.90e-01 1.00e+00h  1
 567  1.1644509e+00 6.20e-02 1.65e+01  -3.4 1.22e+00    -  6.83e-01 6.08e-01h  1
 568  1.1835293e+00 4.05e-02 1.22e+01  -3.0 1.20e+00    -  1.00e+00 6.17e-01h  1
 569  1.1863033e+00 2.62e-02 1.55e+01  -3.1 1.08e+00    -  9.56e-01 7.18e-01h  1
iter    objective    inf_pr   inf_du lg(mu)  ||d||  lg(rg) alpha_du alpha_pr  ls
 570  1.1922966e+00 5.38e-03 7.01e+00  -3.1 5.77e-01    -  9.27e-01 1.00e+00h  1
 571  1.1991946e+00 4.04e-03 5.07e+00  -3.1 6.23e-01    -  1.00e+00 5.60e-01h  1
 572  1.2115925e+00 8.25e-03 1.43e+01  -3.1 4.56e-01    -  4.31e-01 1.00e+00h  1
 573  1.2001872e+00 4.88e-03 9.87e-01  -3.1 3.48e-01    -  1.00e+00 1.00e+00h  1
 574  1.2213467e+00 1.55e-03 7.44e+00  -3.1 2.19e-01    -  1.00e+00 1.00e+00h  1
 575  1.2310634e+00 1.45e-03 5.70e+00  -3.1 1.23e-01    -  1.00e+00 1.00e+00h  1
 576  1.2322987e+00 2.98e-04 5.59e+00  -3.1 8.91e-02    -  1.00e+00 1.00e+00h  1
 577  1.2318477e+00 2.62e-04 4.38e+00  -3.1 7.73e-02    -  1.00e+00 1.00e+00h  1
 578  1.2347798e+00 1.43e-04 1.98e+00  -3.1 4.55e-02    -  1.00e+00 1.00e+00h  1
 579  1.2358856e+00 9.39e-05 9.16e-01  -3.1 2.99e-02    -  1.00e+00 1.00e+00h  1
iter    objective    inf_pr   inf_du lg(mu)  ||d||  lg(rg) alpha_du alpha_pr  ls
 580  1.2370322e+00 5.86e-06 4.33e+00  -3.1 9.62e-02    -  1.00e+00 1.00e+00H  1
 581  1.2356497e+00 1.46e-04 3.37e+00  -3.1 5.59e-02    -  1.00e+00 1.00e+00h  1
 582  1.2366849e+00 9.60e-05 7.98e-01  -3.1 3.50e-02    -  1.00e+00 1.00e+00h  1
 583  1.2371278e+00 1.03e-04 8.36e-01  -3.1 2.63e-02    -  1.00e+00 1.00e+00h  1
 584  1.2381212e+00 4.37e-06 3.47e+00  -3.1 1.20e-01    -  1.00e+00 1.00e+00H  1
 585  1.2388501e+00 1.10e-03 7.27e+00  -3.1 3.33e-01    -  1.00e+00 5.00e-01h  2
 586  1.2384019e+00 8.69e-04 9.56e+00  -3.1 2.34e-01    -  1.00e+00 5.00e-01h  2
 587  1.2350634e+00 1.08e-03 5.71e+00  -3.1 1.68e-01    -  1.00e+00 1.00e+00h  1
 588  1.2366429e+00 5.35e-04 3.65e+00  -3.1 1.56e-01    -  1.00e+00 1.00e+00h  1
 589  1.2367039e+00 5.17e-04 3.72e+00  -3.1 8.11e-02    -  1.00e+00 1.00e+00h  1
iter    objective    inf_pr   inf_du lg(mu)  ||d||  lg(rg) alpha_du alpha_pr  ls
 590  1.2369667e+00 2.37e-04 1.40e+00  -3.1 6.30e-02    -  1.00e+00 1.00e+00h  1
 591  1.2384927e+00 7.72e-05 9.65e-01  -3.1 1.92e-02    -  1.00e+00 1.00e+00h  1
 592  1.2388870e+00 7.94e-06 3.85e-01  -3.1 7.81e-03    -  1.00e+00 1.00e+00H  1
 593  1.2390427e+00 1.00e-04 2.63e-01  -3.1 7.04e-03    -  1.00e+00 1.00e+00h  1
 594  1.2392798e+00 2.74e-06 4.15e-01  -3.1 1.27e-02    -  1.00e+00 1.00e+00H  1
 595  1.2395941e+00 6.74e-05 6.80e-01  -3.1 2.16e-02    -  1.00e+00 1.00e+00h  1
 596  1.2411162e+00 4.26e-07 4.95e+00  -3.1 1.60e-01    -  1.00e+00 1.00e+00H  1
 597  1.2039723e+00 4.75e-03 7.31e+00  -3.6 2.73e-01    -  1.00e+00 1.00e+00f  1
 598  1.1796094e+00 1.74e-02 1.94e+01  -3.7 6.16e-01    -  1.00e+00 8.63e-01h  1
 599  1.1645292e+00 1.39e-02 2.67e+01  -3.7 9.37e-01    -  5.35e-01 7.32e-01h  1
iter    objective    inf_pr   inf_du lg(mu)  ||d||  lg(rg) alpha_du alpha_pr  ls
 600  1.1839324e+00 1.37e-02 4.72e+00  -3.5 5.58e-01    -  9.52e-01 1.00e+00f  1
 601  1.2170543e+00 1.08e-02 2.36e+01  -3.6 9.24e-01    -  2.76e-01 4.69e-01H  1
 602  1.1816934e+00 9.82e-03 2.20e+01  -3.6 4.02e-01    -  3.72e-01 9.56e-01h  1
 603  1.1782430e+00 9.40e-03 2.69e+01  -3.6 5.17e-01    -  5.11e-01 2.22e-01f  1
 604  1.1943503e+00 5.82e-03 8.20e+00  -3.3 4.91e-01    -  1.00e+00 1.00e+00f  1
 605  1.1916143e+00 2.90e-03 7.06e+00  -3.4 3.86e-01    -  1.00e+00 5.91e-01h  1
 606  1.1910478e+00 1.42e-03 4.26e+00  -3.4 1.96e-01    -  1.00e+00 1.00e+00h  1
 607  1.2001571e+00 9.34e-04 3.26e+00  -3.4 1.37e-01    -  1.00e+00 1.00e+00h  1
 608  1.2021608e+00 2.08e-04 3.26e+00  -3.4 8.64e-02    -  1.00e+00 1.00e+00h  1
 609  1.2031691e+00 1.16e-04 2.93e+00  -3.4 9.66e-02    -  1.00e+00 1.00e+00h  1
iter    objective    inf_pr   inf_du lg(mu)  ||d||  lg(rg) alpha_du alpha_pr  ls
 610  1.2048779e+00 9.22e-05 7.21e-01  -3.4 3.80e-02    -  1.00e+00 1.00e+00h  1
 611  1.2056454e+00 2.28e-05 9.17e-01  -3.4 2.47e-02    -  1.00e+00 1.00e+00h  1
 612  1.2054743e+00 8.74e-05 6.88e-01  -3.4 1.72e-02    -  1.00e+00 1.00e+00h  1
 613  1.2054540e+00 2.60e-04 7.12e-01  -3.4 2.25e-02    -  1.00e+00 1.00e+00h  1
 614  1.2055083e+00 2.49e-04 1.60e+00  -3.4 3.68e-02    -  1.00e+00 1.00e+00h  1
 615  1.2052909e+00 3.47e-05 1.20e+00  -3.4 2.25e-02    -  1.00e+00 1.00e+00h  1
 616  1.2053113e+00 8.62e-07 5.40e-01  -3.4 1.68e-02    -  1.00e+00 1.00e+00H  1
 617  1.1891149e+00 2.17e-03 4.68e+00  -4.0 1.74e-01    -  1.00e+00 1.00e+00f  1
 618  1.1756204e+00 1.59e-02 1.77e+01  -4.1 8.82e-01    -  1.00e+00 5.03e-01h  1
 619  1.1680114e+00 2.83e-03 2.31e+01  -4.1 2.92e-01    -  8.11e-01 1.00e+00h  1
iter    objective    inf_pr   inf_du lg(mu)  ||d||  lg(rg) alpha_du alpha_pr  ls
 620  1.1692098e+00 1.22e-03 5.17e+00  -4.0 1.91e-01    -  1.00e+00 1.00e+00h  1
 621  1.1699631e+00 1.46e-03 4.99e+00  -4.0 1.95e-01    -  9.53e-01 1.00e+00h  1
 622  1.1716302e+00 7.73e-04 1.56e+00  -4.0 1.63e-01    -  1.00e+00 9.14e-01h  1
 623  1.1750322e+00 9.34e-05 1.80e+00  -4.0 7.19e-02    -  1.00e+00 1.00e+00h  1
 624  1.1750293e+00 1.60e-04 1.16e+00  -4.0 3.81e-02    -  1.00e+00 1.00e+00h  1
 625  1.1747113e+00 3.39e-04 1.82e+00  -4.0 5.37e-02    -  1.00e+00 1.00e+00h  1
 626  1.1746605e+00 5.73e-05 1.78e+00  -4.0 2.95e-02    -  1.00e+00 1.00e+00h  1
 627  1.1747885e+00 5.19e-05 1.24e+00  -4.0 2.65e-02    -  1.00e+00 1.00e+00h  1
 628  1.1748669e+00 2.50e-06 7.31e-01  -4.0 2.93e-02    -  1.00e+00 1.00e+00H  1
 629  1.1744025e+00 7.70e-04 2.61e+00  -4.0 1.01e-01    -  1.00e+00 1.00e+00h  1
iter    objective    inf_pr   inf_du lg(mu)  ||d||  lg(rg) alpha_du alpha_pr  ls
 630  1.1739859e+00 5.12e-04 4.78e+00  -4.0 8.81e-02    -  1.00e+00 1.00e+00h  1
 631  1.1733155e+00 1.85e-04 3.77e+00  -4.0 6.33e-02    -  1.00e+00 1.00e+00h  1
 632  1.1733091e+00 2.36e-04 1.32e+00  -4.0 4.79e-02    -  1.00e+00 1.00e+00h  1
 633  1.1738353e+00 9.44e-05 1.00e+00  -4.0 3.24e-02    -  1.00e+00 1.00e+00h  1
 634  1.1740736e+00 1.98e-05 8.18e-01  -4.0 2.03e-02    -  1.00e+00 1.00e+00h  1
 635  1.1740618e+00 3.80e-05 5.86e-01  -4.0 1.32e-02    -  1.00e+00 1.00e+00h  1
 636  1.1741005e+00 1.30e-05 3.20e-01  -4.0 7.62e-03    -  1.00e+00 1.00e+00h  1
 637  1.1741004e+00 1.22e-05 4.27e-01  -4.0 1.19e-02    -  1.00e+00 1.00e+00h  1
 638  1.1738399e+00 7.61e-04 5.98e+00  -4.0 1.20e-01    -  1.00e+00 1.00e+00h  1
 639  1.1716901e+00 6.19e-04 1.19e+01  -4.1 1.69e-01    -  1.00e+00 1.00e+00h  1
iter    objective    inf_pr   inf_du lg(mu)  ||d||  lg(rg) alpha_du alpha_pr  ls
 640  1.1700697e+00 3.54e-04 5.82e+00  -4.1 8.18e-02    -  1.00e+00 1.00e+00h  1
 641  1.1725515e+00 1.66e-04 2.74e+00  -4.0 1.02e-01    -  1.00e+00 1.00e+00h  1
 642  1.1726990e+00 8.13e-05 1.25e+00  -4.0 5.36e-02    -  1.00e+00 1.00e+00h  1
 643  1.1731588e+00 6.48e-05 2.34e+00  -4.0 3.90e-02    -  1.00e+00 1.00e+00h  1
 644  1.1730857e+00 4.47e-05 5.36e-01  -4.0 3.22e-02    -  1.00e+00 1.00e+00h  1
 645  1.1734328e+00 4.42e-06 1.87e-01  -4.0 3.67e-03    -  1.00e+00 1.00e+00h  1
 646  1.1739914e+00 2.87e-07 1.05e+00  -4.0 2.38e-02    -  1.00e+00 1.00e+00H  1
 647  1.1739603e+00 1.78e-04 3.64e+00  -4.0 5.75e-02    -  1.00e+00 1.00e+00h  1
 648  1.1720013e+00 6.56e-04 8.80e+00  -4.1 1.36e-01    -  1.00e+00 1.00e+00h  1
 649  1.1709377e+00 3.52e-04 5.48e+00  -4.1 1.09e-01    -  1.00e+00 1.00e+00h  1
iter    objective    inf_pr   inf_du lg(mu)  ||d||  lg(rg) alpha_du alpha_pr  ls
 650  1.1739807e+00 6.43e-05 1.78e+00  -4.0 7.28e-02    -  1.00e+00 1.00e+00H  1
 651  1.1717975e+00 7.92e-05 1.23e+00  -4.1 4.79e-02    -  1.00e+00 1.00e+00h  1
 652  1.1731716e+00 1.98e-05 8.75e-01  -4.0 3.11e-02    -  1.00e+00 1.00e+00h  1
 653  1.1735569e+00 6.38e-06 4.39e-01  -4.0 9.71e-03    -  1.00e+00 1.00e+00h  1
 654  1.1719862e+00 7.71e-05 9.36e-01  -4.1 2.97e-02    -  1.00e+00 1.00e+00h  1
 655  1.1734826e+00 2.18e-04 1.80e+00  -4.0 3.32e-02    -  1.00e+00 1.00e+00h  1
 656  1.1714280e+00 3.51e-05 8.42e-01  -4.1 2.84e-02    -  1.00e+00 1.00e+00h  1
 657  1.1730656e+00 3.00e-05 1.82e+00  -4.0 2.30e-02    -  1.00e+00 1.00e+00h  1
 658  1.1731167e+00 8.72e-06 3.38e-01  -4.0 1.40e-02    -  1.00e+00 1.00e+00h  1
 659  1.1732344e+00 7.81e-06 1.69e-01  -4.0 5.36e-03    -  1.00e+00 1.00e+00h  1
iter    objective    inf_pr   inf_du lg(mu)  ||d||  lg(rg) alpha_du alpha_pr  ls
 660  1.1732962e+00 3.67e-04 4.36e+00  -4.0 8.55e-02    -  1.00e+00 1.00e+00h  1
 661  1.1714784e+00 1.77e-03 1.48e+01  -4.1 2.33e-01    -  1.00e+00 1.00e+00h  1
 662  1.1696559e+00 7.10e-04 1.09e+01  -4.1 1.08e-01    -  1.00e+00 1.00e+00h  1
 663  1.1731819e+00 5.30e-05 2.53e+00  -4.0 5.92e-02    -  1.00e+00 1.00e+00H  1
 664  1.1711964e+00 7.04e-04 4.09e+00  -4.1 6.18e-02    -  1.00e+00 1.00e+00h  1
 665  1.1711679e+00 2.88e-04 3.52e+00  -4.1 9.08e-02    -  1.00e+00 1.00e+00h  1
 666  1.1707825e+00 1.83e-04 6.99e+00  -4.1 6.57e-02    -  1.00e+00 1.00e+00h  1
 667  1.1704274e+00 3.94e-04 1.27e+00  -4.1 1.09e-01    -  1.00e+00 1.00e+00h  1
 668  1.1707115e+00 4.41e-04 4.17e+00  -4.1 7.94e-02    -  1.00e+00 1.00e+00h  1
 669  1.1704422e+00 2.05e-04 8.42e-01  -4.1 6.53e-02    -  1.00e+00 1.00e+00h  1
iter    objective    inf_pr   inf_du lg(mu)  ||d||  lg(rg) alpha_du alpha_pr  ls
 670  1.1737725e+00 1.69e-04 3.87e+00  -4.0 9.07e-02    -  1.00e+00 1.00e+00H  1
 671  1.1700924e+00 6.79e-04 7.16e-01  -4.1 8.09e-02    -  1.00e+00 1.00e+00h  1
 672  1.1709561e+00 6.86e-05 1.06e+00  -4.1 3.39e-02    -  1.00e+00 1.00e+00h  1
 673  1.1723779e+00 1.18e-04 5.04e-01  -4.0 2.97e-02    -  1.00e+00 1.00e+00h  1
 674  1.1712263e+00 5.14e-05 1.77e+00  -4.1 2.25e-02    -  1.00e+00 1.00e+00h  1
 675  1.1725696e+00 1.19e-04 2.26e-01  -4.0 1.89e-02    -  1.00e+00 1.00e+00h  1
 676  1.1714006e+00 8.00e-05 1.99e-01  -4.1 1.53e-02    -  1.00e+00 1.00e+00h  1
 677  1.1711822e+00 4.86e-05 5.76e-01  -4.1 1.07e-02    -  1.00e+00 1.00e+00h  1
 678  1.1728603e+00 6.80e-05 3.84e-01  -4.0 2.04e-02    -  1.00e+00 1.00e+00h  1
 679  1.1711870e+00 1.31e-04 1.73e+00  -4.1 4.16e-02    -  1.00e+00 1.00e+00h  1
iter    objective    inf_pr   inf_du lg(mu)  ||d||  lg(rg) alpha_du alpha_pr  ls
 680  1.1709619e+00 6.31e-05 2.30e-01  -4.1 2.53e-02    -  1.00e+00 1.00e+00h  1
 681  1.1728926e+00 5.33e-06 2.68e-01  -4.0 2.06e-02    -  1.00e+00 1.00e+00H  1
 682  1.1730266e+00 5.58e-05 7.23e-01  -4.0 1.35e-02    -  1.00e+00 1.00e+00h  1
 683  1.1712267e+00 5.49e-05 2.97e-01  -4.1 1.98e-02    -  1.00e+00 1.00e+00h  1
 684  1.1711569e+00 1.75e-05 7.92e-01  -4.1 1.53e-02    -  1.00e+00 1.00e+00h  1
 685  1.1729445e+00 6.17e-05 3.90e-01  -4.0 2.65e-02    -  1.00e+00 1.00e+00h  1
 686  1.1711819e+00 6.17e-05 7.92e-01  -4.1 3.18e-02    -  1.00e+00 1.00e+00h  1
 687  1.1710868e+00 5.53e-05 6.90e-01  -4.1 1.37e-02    -  1.00e+00 1.00e+00h  1
 688  1.1711594e+00 4.74e-05 4.16e-01  -4.1 9.26e-03    -  1.00e+00 1.00e+00h  1
 689  1.1711825e+00 9.07e-06 6.73e-02  -4.1 4.04e-03    -  1.00e+00 1.00e+00h  1
iter    objective    inf_pr   inf_du lg(mu)  ||d||  lg(rg) alpha_du alpha_pr  ls
 690  1.1729430e+00 6.53e-05 2.67e-01  -4.0 2.24e-02    -  1.00e+00 1.00e+00h  1
 691  1.1711800e+00 4.50e-05 6.93e-01  -4.1 3.22e-02    -  1.00e+00 1.00e+00h  1
 692  1.1710457e+00 3.85e-05 6.83e-01  -4.1 1.82e-02    -  1.00e+00 1.00e+00h  1
 693  1.1729681e+00 6.39e-05 3.28e-01  -4.0 2.63e-02    -  1.00e+00 1.00e+00h  1
 694  1.1710928e+00 6.11e-05 1.35e+00  -4.1 5.38e-02    -  1.00e+00 1.00e+00h  1
 695  1.1708578e+00 6.41e-05 3.24e-01  -4.1 3.79e-02    -  1.00e+00 1.00e+00h  1
 696  1.1730466e+00 5.32e-06 3.99e-01  -4.0 2.66e-02    -  1.00e+00 1.00e+00H  1
 697  1.1711277e+00 1.02e-04 1.88e+00  -4.1 6.02e-02    -  1.00e+00 1.00e+00h  1
 698  1.1708851e+00 3.99e-05 7.28e-01  -4.1 2.81e-02    -  1.00e+00 1.00e+00h  1
 699  1.1711462e+00 1.56e-05 8.38e-02  -4.1 3.63e-03    -  1.00e+00 1.00e+00h  1
iter    objective    inf_pr   inf_du lg(mu)  ||d||  lg(rg) alpha_du alpha_pr  ls
 700  1.1730623e+00 7.65e-05 8.53e-01  -4.0 3.37e-02    -  1.00e+00 1.00e+00h  1
 701  1.1711555e+00 1.44e-04 2.20e+00  -4.1 8.30e-02    -  1.00e+00 1.00e+00h  1
 702  1.1708790e+00 5.96e-04 5.67e+00  -4.1 1.39e-01    -  1.00e+00 1.00e+00h  1
 703  1.1705375e+00 3.42e-04 1.71e+00  -4.1 1.03e-01    -  1.00e+00 1.00e+00h  1
 704  1.1708972e+00 8.55e-05 1.77e+00  -4.1 6.36e-02    -  1.00e+00 1.00e+00h  1
 705  1.1707696e+00 5.97e-05 7.84e-01  -4.1 5.94e-02    -  1.00e+00 1.00e+00h  1
 706  1.1728091e+00 1.16e-04 2.11e+00  -4.0 4.58e-02    -  1.00e+00 1.00e+00h  1
 707  1.1708672e+00 9.40e-05 1.56e+00  -4.1 4.44e-02    -  1.00e+00 1.00e+00h  1
 708  1.1712153e+00 2.15e-05 1.88e+00  -4.1 5.64e-02    -  1.00e+00 1.00e+00H  1
 709  1.1709292e+00 8.73e-05 7.16e-01  -4.1 3.82e-02    -  1.00e+00 1.00e+00h  1
iter    objective    inf_pr   inf_du lg(mu)  ||d||  lg(rg) alpha_du alpha_pr  ls
 710  1.1711378e+00 2.43e-05 8.83e-01  -4.1 1.46e-02    -  1.00e+00 1.00e+00h  1
 711  1.1711738e+00 1.81e-05 9.08e-02  -4.1 8.53e-03    -  1.00e+00 1.00e+00h  1
 712  1.1712088e+00 1.89e-05 2.79e-02  -4.1 1.08e-03    -  1.00e+00 1.00e+00h  1
 713  1.1729811e+00 7.98e-05 8.99e-01  -4.0 2.89e-02    -  1.00e+00 1.00e+00h  1
 714  1.1712316e+00 9.56e-05 1.27e+00  -4.1 3.28e-02    -  1.00e+00 1.00e+00h  1
 715  1.1710571e+00 5.85e-05 8.51e-01  -4.1 2.21e-02    -  1.00e+00 1.00e+00h  1
 716  1.1710752e+00 6.16e-05 7.90e-01  -4.1 1.45e-02    -  1.00e+00 1.00e+00h  1
 717  1.1712061e+00 6.88e-05 2.25e-01  -4.1 1.22e-02    -  1.00e+00 1.00e+00h  1
 718  1.1711915e+00 3.37e-06 2.01e-01  -4.1 3.95e-03    -  1.00e+00 1.00e+00h  1
 719  1.1730337e+00 7.29e-05 5.69e-01  -4.0 2.90e-02    -  1.00e+00 1.00e+00h  1
iter    objective    inf_pr   inf_du lg(mu)  ||d||  lg(rg) alpha_du alpha_pr  ls
 720  1.1711716e+00 4.97e-04 3.48e+00  -4.1 8.29e-02    -  1.00e+00 1.00e+00h  1
 721  1.1704570e+00 2.09e-04 6.94e-01  -4.1 6.46e-02    -  1.00e+00 1.00e+00h  1
 722  1.1730492e+00 9.92e-05 6.34e-01  -4.0 4.18e-02    -  1.00e+00 1.00e+00h  1
 723  1.1711213e+00 1.19e-04 8.15e-01  -4.1 3.96e-02    -  1.00e+00 1.00e+00h  1
 724  1.1710281e+00 1.55e-04 2.45e+00  -4.1 6.61e-02    -  1.00e+00 1.00e+00h  1
 725  1.1706316e+00 7.21e-05 7.94e-01  -4.1 4.00e-02    -  1.00e+00 1.00e+00h  1
 726  1.1731146e+00 6.78e-06 1.20e+00  -4.0 3.33e-02    -  1.00e+00 1.00e+00H  1
 727  1.1710468e+00 1.08e-04 8.03e-01  -4.1 3.74e-02    -  1.00e+00 1.00e+00h  1
 728  1.1709011e+00 1.16e-04 1.40e+00  -4.1 3.94e-02    -  1.00e+00 1.00e+00h  1
 729  1.1709875e+00 4.56e-05 4.12e-01  -4.1 1.85e-02    -  1.00e+00 1.00e+00h  1
iter    objective    inf_pr   inf_du lg(mu)  ||d||  lg(rg) alpha_du alpha_pr  ls
 730  1.1710380e+00 2.58e-05 9.85e-01  -4.1 1.68e-02    -  1.00e+00 1.00e+00h  1
 731  1.1726876e+00 5.44e-05 5.01e-01  -4.0 2.55e-02    -  1.00e+00 1.00e+00h  1
 732  1.1710730e+00 5.07e-05 7.00e-01  -4.1 3.20e-02    -  1.00e+00 1.00e+00h  1
 733  1.1709848e+00 5.37e-05 4.07e-01  -4.1 2.09e-02    -  1.00e+00 1.00e+00h  1
 734  1.1728439e+00 7.14e-05 4.79e-01  -4.0 2.73e-02    -  1.00e+00 1.00e+00h  1
 735  1.1710750e+00 6.51e-05 1.07e+00  -4.1 3.63e-02    -  1.00e+00 1.00e+00h  1
 736  1.1709573e+00 9.06e-05 5.19e-01  -4.1 2.29e-02    -  1.00e+00 1.00e+00h  1
 737  1.1711197e+00 3.96e-06 2.67e-01  -4.1 7.41e-03    -  1.00e+00 1.00e+00h  1
 738  1.1729666e+00 9.04e-05 4.87e-01  -4.0 2.87e-02    -  1.00e+00 1.00e+00h  1
 739  1.1710931e+00 9.98e-05 1.17e+00  -4.1 4.30e-02    -  1.00e+00 1.00e+00h  1
iter    objective    inf_pr   inf_du lg(mu)  ||d||  lg(rg) alpha_du alpha_pr  ls
 740  1.1708080e+00 4.95e-05 3.36e-01  -4.1 2.43e-02    -  1.00e+00 1.00e+00h  1
 741  1.1730329e+00 7.39e-07 6.17e-01  -4.0 3.15e-02    -  1.00e+00 1.00e+00H  1
 742  1.1730720e+00 3.55e-05 1.21e+00  -4.0 2.20e-02    -  1.00e+00 1.00e+00h  1
 743  1.1710289e+00 1.26e-04 3.76e-01  -4.1 3.54e-02    -  1.00e+00 1.00e+00h  1
 744  1.1708602e+00 1.85e-04 4.39e+00  -4.1 9.92e-02    -  1.00e+00 1.00e+00h  1
 745  1.1691436e+00 1.28e-04 6.46e-01  -4.1 9.02e-02    -  1.00e+00 1.00e+00h  1
 746  1.1728507e+00 1.72e-04 2.02e+00  -4.0 4.54e-02    -  1.00e+00 1.00e+00h  1
 747  1.1709579e+00 1.16e-04 7.77e-01  -4.1 2.84e-02    -  1.00e+00 1.00e+00h  1
 748  1.1709239e+00 4.09e-05 7.39e-01  -4.1 1.73e-02    -  1.00e+00 1.00e+00h  1
 749  1.1729416e+00 1.17e-04 7.05e-01  -4.0 3.10e-02    -  1.00e+00 1.00e+00h  1
iter    objective    inf_pr   inf_du lg(mu)  ||d||  lg(rg) alpha_du alpha_pr  ls
 750  1.1710409e+00 1.11e-04 2.00e+00  -4.1 6.89e-02    -  1.00e+00 1.00e+00h  1
 751  1.1706618e+00 6.27e-05 5.02e-01  -4.1 5.37e-02    -  1.00e+00 1.00e+00h  1
 752  1.1730073e+00 1.81e-06 5.70e-01  -4.0 3.07e-02    -  1.00e+00 1.00e+00H  1
 753  1.1730725e+00 1.85e-05 1.48e+00  -4.0 2.68e-02    -  1.00e+00 1.00e+00h  1
 754  1.1709049e+00 1.02e-04 2.95e-01  -4.1 3.50e-02    -  1.00e+00 1.00e+00h  1
 755  1.1711205e+00 5.41e-06 1.99e-01  -4.1 5.47e-03    -  1.00e+00 1.00e+00h  1
 756  1.1711023e+00 1.79e-06 1.26e-01  -4.1 3.06e-03    -  1.00e+00 1.00e+00h  1
 757  1.1729522e+00 9.66e-05 4.04e-01  -4.0 2.77e-02    -  1.00e+00 1.00e+00h  1
 758  1.1710995e+00 1.04e-04 1.32e+00  -4.1 5.00e-02    -  1.00e+00 1.00e+00h  1
 759  1.1709034e+00 2.85e-05 1.83e-01  -4.1 3.03e-02    -  1.00e+00 1.00e+00h  1
iter    objective    inf_pr   inf_du lg(mu)  ||d||  lg(rg) alpha_du alpha_pr  ls
 760  1.1711073e+00 1.03e-05 3.02e-01  -4.1 3.99e-03    -  1.00e+00 1.00e+00h  1
 761  1.1710880e+00 2.94e-06 6.89e-02  -4.1 1.99e-03    -  1.00e+00 1.00e+00h  1
 762  1.1730162e+00 1.04e-04 3.03e-01  -4.0 3.02e-02    -  1.00e+00 1.00e+00h  1
 763  1.1711096e+00 1.13e-04 1.47e+00  -4.1 5.49e-02    -  1.00e+00 1.00e+00h  1
 764  1.1709221e+00 9.10e-05 3.72e+00  -4.1 4.89e-02    -  1.00e+00 1.00e+00h  1
 765  1.1708552e+00 1.26e-04 1.38e+00  -4.1 4.49e-02    -  1.00e+00 1.00e+00h  1
 766  1.1708141e+00 3.71e-05 9.97e-01  -4.1 4.20e-02    -  1.00e+00 1.00e+00h  1
 767  1.1729410e+00 1.21e-04 7.61e-01  -4.0 4.61e-02    -  1.00e+00 1.00e+00h  1
 768  1.1709945e+00 3.59e-04 3.92e+00  -4.1 9.93e-02    -  1.00e+00 1.00e+00h  1
 769  1.1705855e+00 1.13e-04 1.44e+00  -4.1 4.98e-02    -  1.00e+00 1.00e+00h  1
iter    objective    inf_pr   inf_du lg(mu)  ||d||  lg(rg) alpha_du alpha_pr  ls
 770  1.1730744e+00 7.69e-06 1.48e+00  -4.0 6.11e-02    -  1.00e+00 1.00e+00H  1
 771  1.1709312e+00 1.36e-04 1.54e+00  -4.1 5.86e-02    -  1.00e+00 1.00e+00h  1
 772  1.1705976e+00 6.22e-05 1.39e+00  -4.1 4.36e-02    -  1.00e+00 1.00e+00h  1
 773  1.1726957e+00 1.39e-04 5.02e-01  -4.0 5.96e-02    -  1.00e+00 1.00e+00h  1
 774  1.1710527e+00 9.53e-05 1.03e+00  -4.1 3.56e-02    -  1.00e+00 1.00e+00h  1
 775  1.1708521e+00 4.72e-05 1.03e+00  -4.1 2.18e-02    -  1.00e+00 1.00e+00h  1
 776  1.1710545e+00 1.18e-05 2.24e-01  -4.1 4.76e-03    -  1.00e+00 1.00e+00h  1
 777  1.1727098e+00 7.94e-05 6.69e-01  -4.0 3.95e-02    -  1.00e+00 1.00e+00h  1
 778  1.1710433e+00 1.17e-04 1.25e+00  -4.1 4.57e-02    -  1.00e+00 1.00e+00h  1
 779  1.1708740e+00 6.53e-05 4.38e-01  -4.1 3.49e-02    -  1.00e+00 1.00e+00h  1
iter    objective    inf_pr   inf_du lg(mu)  ||d||  lg(rg) alpha_du alpha_pr  ls
 780  1.1709814e+00 9.56e-06 5.63e-01  -4.1 1.13e-02    -  1.00e+00 1.00e+00h  1
 781  1.1728211e+00 9.92e-05 3.30e-01  -4.0 4.32e-02    -  1.00e+00 1.00e+00h  1
 782  1.1710295e+00 1.01e-04 8.65e-01  -4.1 4.77e-02    -  1.00e+00 1.00e+00h  1
 783  1.1708625e+00 4.49e-05 1.32e+00  -4.1 2.15e-02    -  1.00e+00 1.00e+00h  1
 784  1.1709326e+00 2.24e-05 3.40e-01  -4.1 1.82e-02    -  1.00e+00 1.00e+00h  1
 785  1.1709831e+00 9.79e-06 2.46e-01  -4.1 7.42e-03    -  1.00e+00 1.00e+00h  1
 786  1.1710006e+00 7.22e-06 1.00e-01  -4.1 2.81e-03    -  1.00e+00 1.00e+00h  1
 787  1.1729046e+00 1.25e-04 8.41e-01  -4.0 4.52e-02    -  1.00e+00 1.00e+00h  1
 788  1.1710289e+00 3.41e-04 2.34e+00  -4.1 7.78e-02    -  1.00e+00 1.00e+00h  1
 789  1.1704198e+00 8.98e-05 5.71e-01  -4.1 5.32e-02    -  1.00e+00 1.00e+00h  1
iter    objective    inf_pr   inf_du lg(mu)  ||d||  lg(rg) alpha_du alpha_pr  ls
 790  1.1730230e+00 3.06e-06 1.51e+00  -4.0 5.12e-02    -  1.00e+00 1.00e+00H  1
 791  1.1709332e+00 1.52e-04 7.89e-01  -4.1 5.09e-02    -  1.00e+00 1.00e+00h  1
 792  1.1707223e+00 9.96e-05 3.05e+00  -4.1 7.14e-02    -  1.00e+00 1.00e+00h  1
 793  1.1702852e+00 6.69e-05 3.58e-01  -4.1 6.44e-02    -  1.00e+00 1.00e+00h  1
 794  1.1729222e+00 3.96e-06 1.24e+00  -4.0 4.92e-02    -  1.00e+00 1.00e+00H  1
 795  1.1709712e+00 1.89e-04 1.38e+00  -4.1 6.30e-02    -  1.00e+00 1.00e+00h  1
 796  1.1708767e+00 3.48e-05 1.87e+00  -4.1 2.87e-02    -  1.00e+00 1.00e+00h  1
 797  1.1708949e+00 3.69e-05 7.18e-01  -4.1 1.49e-02    -  1.00e+00 1.00e+00h  1
 798  1.1728576e+00 1.24e-04 9.06e-01  -4.0 3.96e-02    -  1.00e+00 1.00e+00h  1
 799  1.1709300e+00 1.60e-04 2.54e+00  -4.1 5.31e-02    -  1.00e+00 1.00e+00h  1
iter    objective    inf_pr   inf_du lg(mu)  ||d||  lg(rg) alpha_du alpha_pr  ls
 800  1.1705491e+00 8.14e-05 7.60e-01  -4.1 3.18e-02    -  1.00e+00 1.00e+00h  1
 801  1.1728320e+00 8.35e-07 8.33e-01  -4.0 4.52e-02    -  1.00e+00 1.00e+00H  1
 802  1.1709434e+00 1.06e-04 2.45e+00  -4.1 6.41e-02    -  1.00e+00 1.00e+00h  1
 803  1.1705863e+00 7.29e-05 2.49e-01  -4.1 5.72e-02    -  1.00e+00 1.00e+00h  1
 804  1.1729193e+00 4.21e-07 6.42e-01  -4.0 4.50e-02    -  1.00e+00 1.00e+00H  1
 805  1.1729749e+00 2.92e-05 1.31e+00  -4.0 1.76e-02    -  1.00e+00 1.00e+00h  1
 806  1.1709605e+00 1.59e-04 9.89e-01  -4.1 5.04e-02    -  1.00e+00 1.00e+00h  1
 807  1.1709492e+00 1.46e-04 1.80e+00  -4.1 7.52e-02    -  1.00e+00 1.00e+00h  1
 808  1.1705639e+00 1.08e-04 2.33e-01  -4.1 6.70e-02    -  1.00e+00 1.00e+00h  1
 809  1.1710422e+00 1.55e-05 3.42e-01  -4.1 7.13e-03    -  1.00e+00 1.00e+00h  1
iter    objective    inf_pr   inf_du lg(mu)  ||d||  lg(rg) alpha_du alpha_pr  ls
 810  1.1710445e+00 4.68e-06 7.34e-02  -4.1 4.43e-03    -  1.00e+00 1.00e+00h  1
 811  1.1728076e+00 1.04e-04 5.99e-01  -4.0 3.99e-02    -  1.00e+00 1.00e+00h  1
 812  1.1710373e+00 1.37e-04 1.72e+00  -4.1 5.00e-02    -  1.00e+00 1.00e+00h  1
 813  1.1706604e+00 2.73e-05 3.34e-01  -4.1 2.80e-02    -  1.00e+00 1.00e+00h  1
 814  1.1710565e+00 9.52e-06 4.16e-01  -4.1 6.50e-03    -  1.00e+00 1.00e+00h  1
 815  1.1710442e+00 3.57e-06 1.25e-01  -4.1 2.62e-03    -  1.00e+00 1.00e+00h  1
 816  1.1710512e+00 3.71e-06 3.94e-02  -4.1 7.62e-04    -  1.00e+00 1.00e+00h  1
 817  1.1729514e+00 1.29e-04 6.65e-01  -4.0 4.39e-02    -  1.00e+00 1.00e+00h  1
 818  1.1710290e+00 2.67e-04 2.26e+00  -4.1 7.59e-02    -  1.00e+00 1.00e+00h  1
 819  1.1709490e+00 1.27e-04 5.36e+00  -4.1 5.37e-02    -  1.00e+00 1.00e+00h  1
iter    objective    inf_pr   inf_du lg(mu)  ||d||  lg(rg) alpha_du alpha_pr  ls
 820  1.1710247e+00 1.01e-04 1.85e+00  -4.1 5.10e-02    -  1.00e+00 1.00e+00h  1
 821  1.1708507e+00 7.54e-05 2.35e+00  -4.1 4.54e-02    -  1.00e+00 1.00e+00h  1
 822  1.1707293e+00 1.45e-04 9.35e-01  -4.1 6.23e-02    -  1.00e+00 1.00e+00h  1
 823  1.1709913e+00 6.90e-05 2.96e+00  -4.1 4.74e-02    -  1.00e+00 1.00e+00h  1
 824  1.1704874e+00 5.12e-05 2.16e-01  -4.1 3.61e-02    -  1.00e+00 1.00e+00h  1
 825  1.1719748e+00 1.20e-05 3.93e-01  -4.0 9.92e-03    -  1.00e+00 1.00e+00h  1
 826  1.1711744e+00 7.76e-06 3.41e-01  -4.1 8.95e-03    -  1.00e+00 1.00e+00h  1
 827  1.1711134e+00 1.14e-05 3.67e-01  -4.1 7.95e-03    -  1.00e+00 1.00e+00h  1
 828  1.1711599e+00 5.19e-06 6.09e-02  -4.1 3.53e-03    -  1.00e+00 1.00e+00h  1
 829  1.1711470e+00 2.62e-06 6.89e-02  -4.1 1.46e-03    -  1.00e+00 1.00e+00h  1
iter    objective    inf_pr   inf_du lg(mu)  ||d||  lg(rg) alpha_du alpha_pr  ls
 830  1.1726044e+00 1.99e-05 2.74e-01  -4.0 1.43e-02    -  1.00e+00 1.00e+00h  1
 831  1.1711469e+00 2.24e-05 1.70e-01  -4.1 1.65e-02    -  1.00e+00 1.00e+00h  1
 832  1.1710840e+00 8.85e-06 1.15e+00  -4.1 1.49e-02    -  1.00e+00 1.00e+00h  1
 833  1.1710856e+00 1.14e-05 1.20e-01  -4.1 1.41e-02    -  1.00e+00 1.00e+00h  1
 834  1.1711743e+00 2.71e-06 1.50e-01  -4.1 2.75e-03    -  1.00e+00 1.00e+00h  1
 835  1.1711751e+00 1.26e-06 3.02e-02  -4.1 1.28e-03    -  1.00e+00 1.00e+00h  1
 836  1.1727809e+00 2.95e-05 1.34e-01  -4.0 1.87e-02    -  1.00e+00 1.00e+00h  1
 837  1.1711270e+00 4.79e-05 5.26e-01  -4.1 2.60e-02    -  1.00e+00 1.00e+00h  1
 838  1.1714497e+00 8.70e-06 2.38e+00  -4.1 3.69e-02    -  1.00e+00 1.00e+00H  1
 839  1.1710928e+00 6.93e-05 2.87e-01  -4.1 3.84e-02    -  1.00e+00 1.00e+00h  1
iter    objective    inf_pr   inf_du lg(mu)  ||d||  lg(rg) alpha_du alpha_pr  ls
 840  1.1712219e+00 1.12e-05 1.86e-01  -4.1 1.04e-02    -  1.00e+00 1.00e+00h  1
 841  1.1712111e+00 9.09e-06 1.02e-01  -4.1 5.71e-03    -  1.00e+00 1.00e+00h  1
 842  1.1712210e+00 3.36e-06 7.69e-02  -4.1 1.66e-03    -  1.00e+00 1.00e+00h  1
 843  1.1712260e+00 1.11e-06 5.60e-02  -4.1 9.36e-04    -  1.00e+00 1.00e+00H  1
 844  1.1726395e+00 1.26e-05 5.60e-01  -4.0 1.40e-02    -  1.00e+00 1.00e+00h  1
 845  1.1712814e+00 1.64e-05 6.03e-01  -4.1 1.58e-02    -  1.00e+00 1.00e+00h  1
 846  1.1712275e+00 1.17e-05 3.42e-01  -4.1 1.24e-02    -  1.00e+00 1.00e+00h  1
 847  1.1712758e+00 7.33e-07 9.76e-02  -4.1 3.31e-03    -  1.00e+00 1.00e+00h  1
 848  1.1712842e+00 1.39e-06 3.29e-02  -4.1 9.08e-04    -  1.00e+00 1.00e+00h  1
 849  1.1713211e+00 1.46e-06 2.14e-01  -4.1 6.14e-03    -  1.00e+00 1.00e+00H  1
iter    objective    inf_pr   inf_du lg(mu)  ||d||  lg(rg) alpha_du alpha_pr  ls
 850  1.1714314e+00 1.75e-07 6.97e-01  -4.1 1.17e-02    -  1.00e+00 1.00e+00H  1
 851  1.1732723e+00 5.80e-05 1.24e+00  -4.0 2.52e-02    -  1.00e+00 1.00e+00h  1
 852  1.1713088e+00 4.23e-05 8.17e-01  -4.1 2.03e-02    -  1.00e+00 1.00e+00h  1
 853  1.1712613e+00 3.65e-05 1.29e+00  -4.1 3.87e-02    -  1.00e+00 1.00e+00h  1
 854  1.1712240e+00 3.65e-05 1.87e-01  -4.1 2.75e-02    -  1.00e+00 1.00e+00h  1
 855  1.1714600e+00 1.45e-05 2.20e-01  -4.1 4.35e-03    -  1.00e+00 1.00e+00h  1
 856  1.1714690e+00 1.29e-05 1.72e-01  -4.1 2.70e-03    -  1.00e+00 1.00e+00h  1
 857  1.1714778e+00 1.00e-06 7.63e-02  -4.1 1.98e-03    -  1.00e+00 1.00e+00H  1
 858  1.1714782e+00 6.24e-07 1.12e-01  -4.1 2.77e-03    -  1.00e+00 1.00e+00H  1
 859  1.1714917e+00 3.80e-07 1.76e-01  -4.1 2.57e-03    -  1.00e+00 1.00e+00H  1
iter    objective    inf_pr   inf_du lg(mu)  ||d||  lg(rg) alpha_du alpha_pr  ls
 860  1.1715116e+00 4.64e-07 2.06e-01  -4.1 3.45e-03    -  1.00e+00 1.00e+00H  1
 861  1.1715373e+00 2.46e-07 3.05e-01  -4.1 5.07e-03    -  1.00e+00 1.00e+00H  1
 862  1.1714210e+00 1.59e-06 1.31e+00  -4.1 2.49e-02    -  1.00e+00 1.00e+00H  1
 863  1.1713337e+00 3.19e-06 2.07e+00  -4.1 2.27e-02    -  1.00e+00 1.00e+00H  1
 864  1.1714087e+00 1.28e-07 4.78e-01  -4.1 2.44e-02    -  1.00e+00 1.00e+00H  1
 865  1.1727663e+00 2.37e-05 1.15e+00  -4.0 2.19e-02    -  1.00e+00 1.00e+00h  1
 866  1.1715436e+00 7.17e-05 4.52e-01  -4.1 2.98e-02    -  1.00e+00 1.00e+00h  1
 867  1.1712953e+00 6.56e-05 5.59e-01  -4.1 1.09e-02    -  1.00e+00 1.00e+00h  1
 868  1.1711988e+00 1.07e-05 1.95e-01  -4.1 6.51e-03    -  1.00e+00 1.00e+00h  1
 869  1.1712182e+00 2.19e-06 1.96e-01  -4.1 2.88e-03    -  1.00e+00 1.00e+00h  1
iter    objective    inf_pr   inf_du lg(mu)  ||d||  lg(rg) alpha_du alpha_pr  ls
 870  1.1711964e+00 4.46e-07 6.85e-02  -4.1 2.25e-03    -  1.00e+00 1.00e+00H  1
 871  1.1727108e+00 8.07e-05 4.16e-01  -4.0 1.99e-02    -  1.00e+00 1.00e+00h  1
 872  1.1711851e+00 4.64e-06 3.27e-01  -4.1 2.30e-02    -  1.00e+00 1.00e+00H  1
 873  1.1709699e+00 5.67e-05 1.69e+00  -4.1 3.20e-02    -  1.00e+00 1.00e+00h  1
 874  1.1708543e+00 5.69e-05 2.14e-01  -4.1 2.73e-02    -  1.00e+00 1.00e+00h  1
 875  1.1711011e+00 5.19e-06 2.65e-01  -4.1 6.50e-03    -  1.00e+00 1.00e+00h  1
 876  1.1711038e+00 1.65e-06 4.53e-02  -4.1 3.64e-03    -  1.00e+00 1.00e+00h  1
 877  1.1711170e+00 1.38e-06 2.62e-02  -4.1 3.92e-04    -  1.00e+00 1.00e+00h  1
 878  1.1728194e+00 6.93e-05 5.86e-01  -4.0 2.76e-02    -  1.00e+00 1.00e+00h  1
 879  1.1711128e+00 5.04e-06 7.00e-01  -4.1 3.69e-02    -  1.00e+00 1.00e+00H  1
iter    objective    inf_pr   inf_du lg(mu)  ||d||  lg(rg) alpha_du alpha_pr  ls
 880  1.1709210e+00 7.92e-05 2.58e+00  -4.1 3.82e-02    -  1.00e+00 1.00e+00h  1
 881  1.1709679e+00 4.89e-05 6.52e-01  -4.1 2.74e-02    -  1.00e+00 1.00e+00h  1
 882  1.1709710e+00 4.90e-05 1.13e+00  -4.1 3.65e-02    -  1.00e+00 1.00e+00h  1
 883  1.1708521e+00 3.35e-05 1.94e-01  -4.1 3.10e-02    -  1.00e+00 1.00e+00h  1
 884  1.1728504e+00 7.17e-05 7.12e-01  -4.0 3.54e-02    -  1.00e+00 1.00e+00h  1
 885  1.1711109e+00 7.64e-06 1.41e+00  -4.1 4.79e-02    -  1.00e+00 1.00e+00H  1
 886  1.1708326e+00 2.63e-05 1.63e+00  -4.1 2.07e-02    -  1.00e+00 1.00e+00h  1
 887  1.1728209e+00 2.00e-04 4.83e-01  -4.0 4.38e-02    -  1.00e+00 1.00e+00h  1
 888  1.1720862e+00 5.84e-05 1.95e+00  -4.1 6.50e-02    -  1.00e+00 1.00e+00H  1
 889  1.1703241e+00 7.40e-05 6.86e-01  -4.1 5.95e-02    -  1.00e+00 1.00e+00h  1
iter    objective    inf_pr   inf_du lg(mu)  ||d||  lg(rg) alpha_du alpha_pr  ls
 890  1.1731046e+00 8.79e-06 9.61e-01  -4.0 4.02e-02    -  1.00e+00 1.00e+00H  1
 891  1.1712339e+00 1.56e-04 9.14e-01  -4.1 4.66e-02    -  1.00e+00 1.00e+00h  1
 892  1.1707764e+00 2.59e-05 1.32e+00  -4.1 2.62e-02    -  1.00e+00 1.00e+00h  1
 893  1.1727811e+00 1.58e-04 6.71e-01  -4.0 4.54e-02    -  1.00e+00 1.00e+00h  1
 894  1.1714658e+00 1.67e-05 2.06e+00  -4.1 5.24e-02    -  1.00e+00 1.00e+00H  1
 895  1.1705281e+00 4.16e-05 1.01e+00  -4.1 3.48e-02    -  1.00e+00 1.00e+00h  1
 896  1.1730803e+00 1.51e-05 1.02e+00  -4.0 4.17e-02    -  1.00e+00 1.00e+00H  1
 897  1.1712148e+00 1.33e-04 1.03e+00  -4.1 4.03e-02    -  1.00e+00 1.00e+00h  1
 898  1.1707765e+00 3.39e-05 7.71e-01  -4.1 3.13e-02    -  1.00e+00 1.00e+00h  1
 899  1.1710275e+00 1.54e-05 2.41e-01  -4.1 7.17e-03    -  1.00e+00 1.00e+00h  1
iter    objective    inf_pr   inf_du lg(mu)  ||d||  lg(rg) alpha_du alpha_pr  ls
 900  1.1710081e+00 9.92e-06 2.57e-01  -4.1 4.56e-03    -  1.00e+00 1.00e+00h  1
 901  1.1710128e+00 2.18e-07 3.90e-02  -4.1 2.67e-03    -  1.00e+00 1.00e+00H  1
 902  1.1727442e+00 1.12e-04 6.74e-01  -4.0 3.47e-02    -  1.00e+00 1.00e+00h  1
 903  1.1711685e+00 1.20e-04 9.15e-01  -4.1 4.55e-02    -  1.00e+00 1.00e+00h  1
 904  1.1709238e+00 2.61e-04 3.82e+00  -4.1 6.07e-02    -  1.00e+00 1.00e+00h  1
 905  1.1704659e+00 3.27e-04 8.00e-01  -4.1 5.95e-02    -  1.00e+00 1.00e+00h  1
 906  1.1709480e+00 2.06e-05 9.74e-01  -4.1 2.02e-02    -  1.00e+00 1.00e+00h  1
 907  1.1709353e+00 1.91e-05 1.27e-01  -4.1 1.79e-02    -  1.00e+00 1.00e+00h  1
 908  1.1728839e+00 9.99e-05 7.30e-01  -4.0 4.18e-02    -  1.00e+00 1.00e+00h  1
 909  1.1711289e+00 3.81e-04 3.78e+00  -4.1 1.07e-01    -  1.00e+00 1.00e+00h  1
iter    objective    inf_pr   inf_du lg(mu)  ||d||  lg(rg) alpha_du alpha_pr  ls
 910  1.1702277e+00 2.27e-04 4.90e-01  -4.1 7.79e-02    -  1.00e+00 1.00e+00h  1
 911  1.1708588e+00 1.07e-04 2.14e+00  -4.1 3.72e-02    -  1.00e+00 1.00e+00h  1
 912  1.1706575e+00 6.56e-05 2.18e-01  -4.1 3.06e-02    -  1.00e+00 1.00e+00h  1
 913  1.1710126e+00 1.29e-05 3.30e-01  -4.1 3.40e-03    -  1.00e+00 1.00e+00h  1
 914  1.1710102e+00 1.39e-05 6.63e-02  -4.1 1.98e-03    -  1.00e+00 1.00e+00h  1
 915  1.1710128e+00 2.47e-07 2.17e-01  -4.1 3.84e-03    -  1.00e+00 1.00e+00H  1
 916  1.1710212e+00 3.28e-07 2.50e-01  -4.1 2.68e-03    -  1.00e+00 1.00e+00H  1
 917  1.1710291e+00 4.56e-07 2.87e-01  -4.1 5.26e-03    -  1.00e+00 1.00e+00H  1
 918  1.1710258e+00 1.27e-07 2.14e-01  -4.1 2.95e-03    -  1.00e+00 1.00e+00H  1
 919  1.1725358e+00 4.81e-05 4.75e-01  -4.0 1.65e-02    -  1.00e+00 1.00e+00h  1
iter    objective    inf_pr   inf_du lg(mu)  ||d||  lg(rg) alpha_du alpha_pr  ls
 920  1.1710794e+00 5.09e-05 4.07e-01  -4.1 1.82e-02    -  1.00e+00 1.00e+00h  1
 921  1.1709919e+00 3.13e-05 9.08e-01  -4.1 1.34e-02    -  1.00e+00 1.00e+00h  1
 922  1.1709989e+00 1.06e-05 1.38e-01  -4.1 1.11e-02    -  1.00e+00 1.00e+00h  1
 923  1.1710487e+00 4.26e-06 6.68e-02  -4.1 1.57e-03    -  1.00e+00 1.00e+00h  1
 924  1.1710508e+00 2.80e-06 9.04e-01  -4.1 2.04e-02    -  1.00e+00 1.00e+00H  1
 925  1.1711037e+00 8.36e-08 3.04e+00  -4.1 4.92e-02    -  1.00e+00 1.00e+00H  1
 926  1.1709922e+00 1.61e-05 2.93e+00  -4.1 1.74e-02    -  1.00e+00 1.00e+00h  1
 927  1.1709746e+00 5.90e-05 2.57e-01  -4.1 3.20e-02    -  1.00e+00 1.00e+00h  1
 928  1.1710586e+00 3.95e-08 2.05e+00  -4.1 4.66e-02    -  1.00e+00 1.00e+00H  1
 929  1.1710547e+00 1.21e-05 2.40e+00  -4.1 5.73e-02    -  1.00e+00 1.25e-01h  4
iter    objective    inf_pr   inf_du lg(mu)  ||d||  lg(rg) alpha_du alpha_pr  ls
 930  1.1710156e+00 6.88e-04 8.10e+00  -4.1 2.34e-01    -  1.00e+00 5.00e-01h  2
 931  1.1706754e+00 1.16e-04 4.54e+00  -4.1 5.44e-02    -  1.00e+00 1.00e+00h  1
 932  1.1708574e+00 9.76e-05 2.51e+00  -4.1 3.82e-02    -  1.00e+00 5.00e-01h  2
 933  1.1709262e+00 7.02e-05 2.15e+00  -4.1 4.59e-02    -  1.00e+00 2.50e-01h  3
 934  1.1709690e+00 5.49e-05 2.19e+00  -4.1 6.45e-02    -  1.00e+00 1.25e-01h  4
 935  1.1709859e+00 5.78e-05 2.30e+00  -4.1 9.36e-02    -  1.00e+00 6.25e-02h  5
 936  1.1709904e+00 5.73e-05 2.27e+00  -4.1 2.33e-02    -  1.00e+00 1.56e-02h  7
 937  1.1713763e+00 4.34e-06 2.59e+00  -4.1 6.35e-02    -  1.00e+00 1.00e+00H  1
 938  1.1712754e+00 1.99e-05 1.53e+00  -4.1 2.74e-02    -  1.00e+00 1.00e+00h  1
 939  1.1711948e+00 3.30e-05 4.24e-01  -4.1 2.33e-02    -  1.00e+00 1.00e+00h  1
iter    objective    inf_pr   inf_du lg(mu)  ||d||  lg(rg) alpha_du alpha_pr  ls
 940  1.1712895e+00 1.07e-05 2.89e-01  -4.1 8.17e-03    -  1.00e+00 1.00e+00h  1
 941  1.1713176e+00 7.25e-06 4.68e-01  -4.1 7.68e-03    -  1.00e+00 1.00e+00h  1
 942  1.1713517e+00 4.06e-07 5.56e-01  -4.1 8.89e-03    -  1.00e+00 1.00e+00H  1
 943  1.1714968e+00 1.23e-06 2.30e+00  -4.1 3.47e-02    -  1.00e+00 1.00e+00H  1
 944  1.1713910e+00 7.93e-07 1.25e+00  -4.1 1.65e-02    -  1.00e+00 1.00e+00H  1
 945  1.1713832e+00 1.05e-06 2.41e-01  -4.1 7.48e-03    -  1.00e+00 1.00e+00H  1
 946  1.1713891e+00 2.23e-08 4.34e-01  -4.1 7.12e-03    -  1.00e+00 1.00e+00H  1
 947  1.1713891e+00 7.73e-08 6.02e-01  -4.1 2.24e-02    -  1.00e+00 1.95e-03h 10
 948  1.1713892e+00 4.68e-07 4.38e-01  -4.1 1.99e-02    -  1.00e+00 3.91e-03h  9
 949  1.1713946e+00 6.22e-04 6.15e+00  -4.1 2.42e-01    -  1.00e+00 5.00e-01h  2
iter    objective    inf_pr   inf_du lg(mu)  ||d||  lg(rg) alpha_du alpha_pr  ls
 950  1.1713260e+00 9.58e-05 7.18e+00  -4.1 6.04e-02    -  1.00e+00 1.00e+00h  1
 951  1.1715122e+00 1.52e-07 1.50e+00  -4.1 8.10e-02    -  1.00e+00 1.00e+00H  1
 952  1.1720949e+00 1.07e-07 2.39e+00  -4.1 5.30e-02    -  1.00e+00 1.00e+00H  1
 953  1.1709746e+00 7.15e-05 2.23e+00  -4.1 3.91e-02    -  1.00e+00 1.00e+00h  1
 954  1.1712356e+00 7.99e-05 2.41e+00  -4.1 3.28e-02    -  1.00e+00 5.00e-01h  2
 955  1.1715121e+00 6.32e-08 2.86e+00  -4.1 5.33e-02    -  1.00e+00 1.00e+00H  1
 956  1.1709698e+00 3.49e-05 2.69e+00  -4.1 2.14e-02    -  1.00e+00 1.00e+00h  1
 957  1.1712997e+00 2.10e-05 8.46e-01  -4.1 2.03e-02    -  1.00e+00 1.00e+00h  1
 958  1.1712751e+00 9.40e-06 8.40e-01  -4.1 1.07e-02    -  1.00e+00 1.00e+00h  1
 959  1.1710769e+00 3.22e-06 1.85e+00  -4.1 3.12e-02    -  1.00e+00 1.00e+00H  1
iter    objective    inf_pr   inf_du lg(mu)  ||d||  lg(rg) alpha_du alpha_pr  ls
 960  1.1710707e+00 1.80e-05 2.69e+00  -4.1 6.68e-02    -  1.00e+00 2.50e-01h  3
 961  1.1710626e+00 2.35e-05 3.20e+00  -4.1 3.20e-01    -  1.00e+00 3.12e-02h  6
 962  1.1710605e+00 2.47e-05 3.43e+00  -4.1 3.51e-01    -  1.00e+00 1.56e-02h  7
 963  1.1710606e+00 2.47e-05 3.43e+00  -4.1 2.82e-01    -  1.00e+00 2.44e-04h 13
 964  1.1710599e+00 2.55e-05 3.61e+00  -4.1 8.77e-01    -  1.00e+00 3.91e-03h  9
 965  1.1710591e+00 2.60e-05 3.70e+00  -4.1 1.03e+00    -  1.00e+00 1.95e-03h 10
 966  1.1710591e+00 2.61e-05 3.70e+00  -4.1 5.60e-01    -  1.00e+00 1.22e-04h 14
 967  1.1710591e+00 2.61e-05 3.70e+00  -4.1 1.98e+00    -  1.00e+00 7.23e-06h 18
 968  1.1710591e+00 2.61e-05 3.70e+00  -4.1 7.11e-01    -  1.00e+00 4.77e-07h 22
 969  1.1723378e+00 1.13e-05 2.94e+01  -4.1 7.13e-01    -  1.00e+00 1.00e+00H  1
iter    objective    inf_pr   inf_du lg(mu)  ||d||  lg(rg) alpha_du alpha_pr  ls
 970  1.1723016e+00 4.87e-05 3.02e+01  -4.1 1.00e+00    -  1.00e+00 1.56e-02h  7
 971  1.1722953e+00 5.14e-05 3.03e+01  -4.1 3.64e-01    -  1.00e+00 7.81e-03h  8
 972  1.1722689e+00 5.40e-05 3.03e+01  -4.1 5.59e-01    -  1.00e+00 7.81e-03h  8
 973  1.1722687e+00 5.41e-05 3.03e+01  -4.1 5.45e-01    -  1.00e+00 1.22e-04h 14
 974  1.1722682e+00 5.42e-05 3.03e+01  -4.1 1.69e+00    -  8.90e-01 8.34e-05h 14
 975  1.1713500e+00 1.16e-02 3.09e+01  -4.1 8.91e-01    -  1.00e+00 4.33e-01h  2
 976  1.1702407e+00 1.95e-02 1.53e+01  -4.1 4.52e-01    -  9.33e-01 1.00e+00h  1
 977  1.1683497e+00 1.63e-02 1.97e+01  -4.1 2.09e+00    -  7.10e-01 1.79e-01h  1
 978  1.1651742e+00 1.75e-02 2.22e+01  -4.1 2.69e+00    -  1.86e-01 1.10e-01h  1
 979  1.1659249e+00 1.67e-02 2.22e+01  -4.1 5.91e-01    -  6.92e-01 4.42e-01h  1
iter    objective    inf_pr   inf_du lg(mu)  ||d||  lg(rg) alpha_du alpha_pr  ls
 980  1.1597471e+00 5.31e-02 2.55e+01  -4.1 1.04e+00    -  3.22e-01 9.74e-01h  1
 981  1.1499934e+00 4.50e-02 4.85e+00  -3.8 6.30e-01    -  1.00e+00 1.00e+00f  1
 982  1.1583690e+00 4.58e-02 9.09e+00  -3.5 1.35e+00    -  8.96e-01 3.32e-01h  1
 983  1.2007888e+00 1.99e-02 1.69e+01  -3.3 7.62e-01    -  1.00e+00 1.00e+00h  1
 984  1.1651375e+00 4.00e-03 8.92e+00  -3.4 3.95e-01    -  1.00e+00 1.00e+00h  1
 985  1.1694089e+00 2.92e-03 8.60e+00  -3.4 2.97e-01    -  1.00e+00 4.93e-01h  1
 986  1.1808569e+00 1.08e-03 6.66e+00  -3.4 2.63e-01    -  8.73e-01 6.01e-01h  1
 987  1.1850433e+00 9.19e-04 1.44e+01  -3.4 2.69e-01    -  7.13e-01 2.50e-01f  3
 988  1.1914706e+00 7.09e-04 8.44e+00  -3.4 2.96e-01    -  5.37e-01 3.34e-01h  1
 989  1.1933718e+00 5.94e-04 9.73e+00  -3.4 1.32e-01    -  1.00e+00 2.50e-01f  3
iter    objective    inf_pr   inf_du lg(mu)  ||d||  lg(rg) alpha_du alpha_pr  ls
 990  1.2042496e+00 3.33e-04 4.67e+00  -3.4 1.84e-01    -  1.00e+00 1.00e+00H  1
 991  1.2010308e+00 3.63e-04 3.97e+00  -3.4 1.05e-01    -  1.00e+00 1.00e+00h  1
 992  1.2017572e+00 1.58e-04 2.43e+00  -3.4 6.39e-02    -  1.00e+00 1.00e+00h  1
 993  1.2036526e+00 2.63e-05 1.31e+00  -3.4 2.57e-02    -  1.00e+00 1.00e+00h  1
 994  1.2043102e+00 8.14e-05 1.39e+00  -3.4 3.68e-02    -  1.00e+00 1.00e+00h  1
 995  1.2055322e+00 2.13e-05 3.69e+00  -3.4 1.06e-01    -  1.00e+00 1.00e+00H  1
 996  1.2075140e+00 7.88e-06 9.11e+00  -3.4 1.58e-01    -  1.00e+00 1.00e+00H  1
 997  1.2029884e+00 7.08e-04 1.08e+01  -3.4 1.13e-01    -  1.00e+00 1.00e+00h  1
 998  1.2038719e+00 3.15e-04 2.59e+00  -3.4 9.21e-02    -  1.00e+00 1.00e+00h  1
 999  1.2045907e+00 8.93e-05 2.31e+00  -3.4 4.95e-02    -  1.00e+00 1.00e+00h  1
iter    objective    inf_pr   inf_du lg(mu)  ||d||  lg(rg) alpha_du alpha_pr  ls
1000  1.2054442e+00 5.69e-06 1.02e+00  -3.4 4.00e-02    -  1.00e+00 1.00e+00H  1
1001  1.2057362e+00 1.28e-04 7.37e-01  -3.4 1.54e-02    -  1.00e+00 1.00e+00h  1
1002  1.2059146e+00 5.81e-05 1.25e+00  -3.4 3.29e-02    -  1.00e+00 1.00e+00h  1
1003  1.2065660e+00 2.39e-06 5.95e+00  -3.4 1.26e-01    -  1.00e+00 1.00e+00H  1
1004  1.2056172e+00 3.04e-04 4.54e+00  -3.4 8.81e-02    -  1.00e+00 1.00e+00h  1
1005  1.2053340e+00 1.23e-04 1.48e+00  -3.4 6.17e-02    -  1.00e+00 1.00e+00h  1
1006  1.2056544e+00 7.80e-05 1.44e+00  -3.4 5.17e-02    -  1.00e+00 5.00e-01h  2
1007  1.2065233e+00 4.95e-06 6.10e+00  -3.4 1.88e-01    -  1.00e+00 1.00e+00H  1
1008  1.2064344e+00 5.41e-05 7.90e+00  -3.4 1.51e-01    -  1.00e+00 1.00e+00H  1
1009  1.2048468e+00 6.07e-04 4.79e+00  -3.4 1.15e-01    -  1.00e+00 1.00e+00h  1
iter    objective    inf_pr   inf_du lg(mu)  ||d||  lg(rg) alpha_du alpha_pr  ls
1010  1.2036993e+00 4.61e-04 1.24e+00  -3.4 1.04e-01    -  1.00e+00 1.00e+00h  1
1011  1.2044397e+00 2.32e-04 2.46e+00  -3.4 6.40e-02    -  1.00e+00 5.00e-01h  2
1012  1.2063192e+00 3.78e-05 2.52e+00  -3.4 7.32e-02    -  1.00e+00 1.00e+00H  1
1013  1.2056071e+00 6.54e-05 1.63e+00  -3.4 3.50e-02    -  1.00e+00 1.00e+00h  1
1014  1.2057902e+00 7.82e-06 6.55e-01  -3.4 1.01e-02    -  1.00e+00 1.00e+00h  1
1015  1.2058724e+00 3.38e-06 3.46e-01  -3.4 6.59e-03    -  1.00e+00 1.00e+00H  1
1016  1.2059476e+00 2.51e-06 5.31e-01  -3.4 2.57e-02    -  1.00e+00 1.00e+00H  1
1017  1.2058458e+00 2.07e-05 4.69e+00  -3.4 2.26e-01    -  1.00e+00 1.00e+00H  1
1018  1.2058162e+00 2.99e-05 5.22e+00  -3.4 8.94e-01    -  1.00e+00 3.12e-02h  6
1019  1.2058141e+00 2.99e-05 5.26e+00  -3.4 1.02e+00    -  1.00e+00 1.95e-03h 10
iter    objective    inf_pr   inf_du lg(mu)  ||d||  lg(rg) alpha_du alpha_pr  ls
1020  1.2058122e+00 2.99e-05 5.30e+00  -3.4 1.77e+00    -  1.00e+00 9.77e-04h 11
1021  1.2061697e+00 5.03e-03 1.14e+01  -3.4 9.59e-01    -  1.00e+00 5.00e-01h  2
1022  1.2021127e+00 1.53e-03 1.23e+01  -3.4 1.84e-01    -  1.00e+00 1.00e+00h  1
1023  1.2020701e+00 1.02e-03 4.27e+00  -3.4 4.04e-01    -  1.00e+00 5.00e-01h  2
1024  1.2011136e+00 2.46e-03 4.11e+00  -3.4 3.96e-01    -  8.68e-01 5.00e-01h  2
1025  1.2031745e+00 3.79e-04 7.47e+00  -3.4 1.56e-01    -  1.00e+00 1.00e+00h  1
1026  1.2100575e+00 2.57e-05 7.07e+00  -3.4 1.45e-01    -  1.00e+00 1.00e+00H  1
1027  1.2019806e+00 9.25e-04 2.12e+00  -3.4 2.33e-01    -  1.00e+00 1.00e+00h  1
1028  1.2012055e+00 5.92e-04 4.35e+00  -3.4 2.40e-01    -  1.00e+00 5.00e-01h  2
1029  1.2029243e+00 2.22e-04 9.47e-01  -3.4 9.38e-02    -  1.00e+00 1.00e+00h  1
iter    objective    inf_pr   inf_du lg(mu)  ||d||  lg(rg) alpha_du alpha_pr  ls
1030  1.2045635e+00 5.43e-05 8.85e-01  -3.4 3.10e-02    -  1.00e+00 1.00e+00h  1
1031  1.2049409e+00 2.81e-05 7.47e-01  -3.4 1.34e-02    -  1.00e+00 1.00e+00h  1
1032  1.2050665e+00 3.89e-06 2.81e-01  -3.4 9.15e-03    -  1.00e+00 1.00e+00h  1
1033  1.2051888e+00 1.27e-05 4.83e-01  -3.4 8.64e-03    -  1.00e+00 1.00e+00h  1
1034  1.2052737e+00 7.06e-06 2.22e-01  -3.4 4.65e-03    -  1.00e+00 1.00e+00h  1
1035  1.2053796e+00 1.28e-05 1.70e-01  -3.4 9.05e-03    -  1.00e+00 1.00e+00h  1
1036  1.2057779e+00 3.60e-06 1.75e+00  -3.4 9.36e-02    -  1.00e+00 1.00e+00H  1
1037  1.2052756e+00 2.38e-04 3.44e+00  -3.4 8.64e-02    -  1.00e+00 1.00e+00h  1
1038  1.2047416e+00 7.39e-05 1.88e+00  -3.4 5.59e-02    -  1.00e+00 1.00e+00h  1
1039  1.2050766e+00 3.76e-05 8.38e-01  -3.4 3.38e-02    -  1.00e+00 1.00e+00h  1
iter    objective    inf_pr   inf_du lg(mu)  ||d||  lg(rg) alpha_du alpha_pr  ls
1040  1.2052000e+00 3.74e-05 8.78e-01  -3.4 3.52e-02    -  1.00e+00 1.00e+00h  1
1041  1.2051701e+00 2.53e-05 6.99e-01  -3.4 1.80e-02    -  1.00e+00 1.00e+00h  1
1042  1.2051373e+00 1.15e-05 7.22e-01  -3.4 1.61e-02    -  1.00e+00 1.00e+00h  1
1043  1.2051537e+00 4.44e-06 3.89e-01  -3.4 9.87e-03    -  1.00e+00 1.00e+00h  1
1044  1.2051130e+00 1.05e-05 6.57e-01  -3.4 1.29e-02    -  1.00e+00 1.00e+00h  1
1045  1.2051012e+00 6.74e-06 3.45e-01  -3.4 1.01e-02    -  1.00e+00 1.00e+00h  1
1046  1.2050550e+00 2.08e-05 5.17e-01  -3.4 3.21e-02    -  1.00e+00 1.00e+00h  1
1047  1.2052096e+00 2.88e-06 8.19e+00  -3.4 2.80e-01    -  1.00e+00 1.00e+00H  1
1048  1.2060453e+00 8.14e-07 2.20e+01  -3.4 4.19e-01    -  1.00e+00 1.00e+00H  1
1049  1.2060285e+00 3.72e-06 2.20e+01  -3.4 4.06e-01    -  1.00e+00 3.91e-03h  9
iter    objective    inf_pr   inf_du lg(mu)  ||d||  lg(rg) alpha_du alpha_pr  ls
1050  1.2052799e+00 1.59e-06 2.78e+00  -3.4 2.37e-01    -  1.00e+00 1.00e+00H  1
1051  1.2041881e+00 1.78e-04 2.83e+00  -3.4 1.81e-01    -  1.00e+00 2.50e-01h  3
1052  1.2047578e+00 1.54e-05 1.49e+00  -3.4 1.34e-01    -  1.00e+00 1.00e+00H  1
1053  1.2047287e+00 1.40e-04 3.02e+00  -3.4 1.88e-01    -  1.00e+00 2.50e-01h  3
1054  1.2046335e+00 1.07e-04 8.85e-01  -3.4 2.80e-02    -  1.00e+00 1.00e+00h  1
1055  1.2045213e+00 1.12e-04 1.47e+00  -3.4 3.10e-02    -  1.00e+00 1.00e+00h  1
1056  1.2046036e+00 2.32e-05 3.42e-01  -3.4 2.70e-02    -  1.00e+00 1.00e+00h  1
1057  1.2047459e+00 1.76e-05 6.02e-01  -3.4 2.26e-02    -  1.00e+00 1.00e+00h  1
1058  1.2046637e+00 6.75e-07 1.33e+00  -3.4 3.46e-02    -  1.00e+00 1.00e+00H  1
1059  1.2045355e+00 7.91e-05 2.52e+00  -3.4 2.07e-01    -  1.00e+00 2.50e-01h  3
iter    objective    inf_pr   inf_du lg(mu)  ||d||  lg(rg) alpha_du alpha_pr  ls
1060  1.2044110e+00 9.80e-05 1.30e+00  -3.4 2.96e-02    -  1.00e+00 1.00e+00h  1
1061  1.2045091e+00 5.43e-05 1.08e+00  -3.4 3.10e-02    -  1.00e+00 5.00e-01h  2
1062  1.2045100e+00 5.11e-05 1.33e+00  -3.4 1.35e-01    -  1.00e+00 6.25e-02h  5
1063  1.2044205e+00 1.42e-07 1.03e+01  -3.4 2.95e-01    -  1.00e+00 1.00e+00H  1
1064  1.2042592e+00 1.15e-04 1.21e+01  -3.4 2.35e-01    -  1.00e+00 2.50e-01h  3
1065  1.2040659e+00 1.36e-04 1.24e+01  -3.4 2.83e-01    -  1.00e+00 1.25e-01h  4
1066  1.2038609e+00 1.97e-04 7.58e+00  -3.4 6.54e-02    -  1.00e+00 5.00e-01h  2
1067  1.2039591e+00 1.95e-05 6.98e-01  -3.4 2.09e-02    -  1.00e+00 1.00e+00h  1
1068  1.2041869e+00 7.22e-06 1.19e+00  -3.4 4.20e-02    -  1.00e+00 1.00e+00H  1
1069  1.2045518e+00 6.33e-08 3.56e+00  -3.4 6.98e-02    -  1.00e+00 1.00e+00H  1
iter    objective    inf_pr   inf_du lg(mu)  ||d||  lg(rg) alpha_du alpha_pr  ls
1070  1.2036915e+00 1.17e-04 1.22e+00  -3.4 6.49e-02    -  1.00e+00 1.00e+00h  1
1071  1.2038912e+00 5.20e-05 9.95e-01  -3.4 3.29e-02    -  1.00e+00 5.00e-01h  2
1072  1.2041469e+00 9.28e-07 1.91e+00  -3.4 5.38e-02    -  1.00e+00 1.00e+00H  1
1073  1.2041440e+00 1.53e-05 1.95e+00  -3.4 8.26e-02    -  1.00e+00 1.56e-02h  7
1074  1.2041832e+00 5.03e-07 3.35e+00  -3.4 6.03e-02    -  1.00e+00 1.00e+00H  1
1075  1.2041827e+00 7.38e-07 3.35e+00  -3.4 1.06e-01    -  1.00e+00 9.77e-04h 11
1076  1.2039007e+00 1.52e-04 2.07e+00  -3.4 5.03e-02    -  1.00e+00 1.00e+00h  1
1077  1.2037157e+00 6.37e-05 2.15e+00  -3.4 5.32e-02    -  1.00e+00 1.00e+00h  1
1078  1.2038105e+00 1.39e-04 2.47e+00  -3.4 3.25e-02    -  1.00e+00 1.00e+00h  1
1079  1.2037510e+00 4.48e-05 1.13e+00  -3.4 3.27e-02    -  1.00e+00 1.00e+00h  1
iter    objective    inf_pr   inf_du lg(mu)  ||d||  lg(rg) alpha_du alpha_pr  ls
1080  1.2037752e+00 1.11e-04 3.94e-01  -3.4 1.62e-02    -  1.00e+00 1.00e+00h  1
1081  1.2038209e+00 5.03e-05 3.88e-01  -3.4 9.56e-03    -  1.00e+00 1.00e+00h  1
1082  1.2037648e+00 7.46e-05 6.38e-01  -3.4 1.17e-02    -  1.00e+00 1.00e+00h  1
1083  1.2038480e+00 2.51e-06 1.63e+00  -3.4 2.44e-02    -  1.00e+00 1.00e+00H  1
1084  1.2037050e+00 4.25e-05 1.00e+00  -3.4 2.02e-02    -  1.00e+00 1.00e+00h  1
1085  1.2036547e+00 2.50e-05 5.24e-01  -3.4 1.45e-02    -  1.00e+00 1.00e+00h  1
1086  1.2035759e+00 3.17e-05 5.94e-01  -3.4 1.47e-02    -  1.00e+00 1.00e+00h  1
1087  1.2036343e+00 2.46e-06 1.13e+00  -3.4 2.27e-02    -  1.00e+00 1.00e+00H  1
1088  1.2035854e+00 9.26e-07 3.85e+00  -3.4 5.81e-02    -  1.00e+00 1.00e+00H  1
1089  1.2031740e+00 3.75e-03 1.53e+01  -3.4 2.47e-01    -  1.00e+00 1.00e+00h  1
iter    objective    inf_pr   inf_du lg(mu)  ||d||  lg(rg) alpha_du alpha_pr  ls
1090  1.2005955e+00 2.53e-03 3.17e+00  -3.4 1.94e-01    -  1.00e+00 1.00e+00h  1
1091  1.2019306e+00 7.14e-04 6.12e+00  -3.4 1.51e-01    -  1.00e+00 1.00e+00h  1
1092  1.1995807e+00 5.40e-04 4.40e-01  -3.4 1.15e-01    -  1.00e+00 1.00e+00h  1
1093  1.2019128e+00 3.56e-05 1.40e+00  -3.4 3.68e-02    -  1.00e+00 1.00e+00h  1
1094  1.2027496e+00 3.52e-07 1.82e+00  -3.4 2.86e-02    -  1.00e+00 1.00e+00H  1
1095  1.2031092e+00 3.40e-07 8.14e-01  -3.4 1.19e-02    -  1.00e+00 1.00e+00H  1
1096  1.2031152e+00 1.91e-07 3.23e-01  -3.4 6.71e-03    -  1.00e+00 1.00e+00H  1
1097  1.2031705e+00 6.40e-07 1.76e-01  -3.4 3.63e-03    -  1.00e+00 1.00e+00H  1
1098  1.2032347e+00 1.14e-06 1.09e-01  -3.4 2.40e-03    -  1.00e+00 1.00e+00H  1
1099  1.2033184e+00 1.31e-05 3.19e-01  -3.4 5.70e-03    -  1.00e+00 1.00e+00h  1
iter    objective    inf_pr   inf_du lg(mu)  ||d||  lg(rg) alpha_du alpha_pr  ls
1100  1.2033292e+00 6.44e-05 1.21e+00  -3.4 2.05e-02    -  1.00e+00 1.00e+00h  1
1101  1.2032418e+00 5.47e-05 1.61e+00  -3.4 1.69e-02    -  1.00e+00 1.00e+00h  1
1102  1.2033366e+00 3.61e-05 7.73e-01  -3.4 1.69e-02    -  1.00e+00 1.00e+00h  1
1103  1.2032742e+00 2.09e-05 2.61e-01  -3.4 1.11e-02    -  1.00e+00 1.00e+00h  1
1104  1.2032803e+00 1.57e-05 1.67e-01  -3.4 7.39e-03    -  1.00e+00 1.00e+00h  1
1105  1.2032189e+00 1.67e-07 3.58e+00  -3.4 6.50e-02    -  1.00e+00 1.00e+00H  1
1106  1.2038241e+00 1.84e-07 8.55e+00  -3.4 1.42e-01    -  1.00e+00 1.00e+00H  1
1107  1.2033231e+00 5.23e-07 5.95e+00  -3.4 3.84e-02    -  1.00e+00 1.00e+00H  1
1108  1.2028612e+00 1.92e-04 3.49e+00  -3.4 9.86e-02    -  1.00e+00 1.00e+00h  1
1109  1.2027545e+00 5.92e-05 9.02e-01  -3.4 4.27e-02    -  1.00e+00 1.00e+00h  1
iter    objective    inf_pr   inf_du lg(mu)  ||d||  lg(rg) alpha_du alpha_pr  ls
1110  1.2027738e+00 4.61e-05 1.88e+00  -3.4 8.85e-02    -  1.00e+00 5.00e-01h  2
1111  1.2027966e+00 4.56e-05 1.35e+00  -3.4 3.26e-02    -  1.00e+00 2.50e-01h  3
1112  1.2028017e+00 4.42e-05 1.34e+00  -3.4 2.21e-02    -  1.00e+00 1.56e-02h  7
1113  1.2028019e+00 4.42e-05 1.33e+00  -3.4 1.53e-02    -  1.00e+00 4.88e-04h 12
1114  1.2028019e+00 4.42e-05 1.33e+00  -3.4 3.02e-02    -  1.00e+00 1.22e-04h 14
1115  1.2031139e+00 3.93e-08 8.95e-01  -3.4 5.18e-02    -  1.00e+00 1.00e+00H  1
1116  1.2031138e+00 2.70e-07 8.94e-01  -3.4 2.29e-02    -  1.00e+00 2.44e-04h 13
1117  1.2031137e+00 3.75e-07 8.93e-01  -3.4 5.58e-02    -  1.00e+00 9.77e-04h 11
1118  1.2031136e+00 3.98e-07 1.42e+00  -3.4 3.64e-02    -  1.00e+00 1.22e-04h 14
1119  1.2024554e+00 8.10e-04 2.59e+00  -3.4 1.28e-01    -  1.00e+00 1.00e+00h  1
iter    objective    inf_pr   inf_du lg(mu)  ||d||  lg(rg) alpha_du alpha_pr  ls
1120  1.2024404e+00 4.63e-04 1.81e+00  -3.4 7.13e-02    -  1.00e+00 1.00e+00h  1
1121  1.2023284e+00 1.94e-04 3.01e+00  -3.4 9.12e-02    -  1.00e+00 1.00e+00h  1
1122  1.2022865e+00 1.09e-04 8.16e-01  -3.4 5.25e-02    -  1.00e+00 1.00e+00h  1
1123  1.2024867e+00 5.56e-05 2.46e+00  -3.4 3.10e-02    -  1.00e+00 5.00e-01h  2
1124  1.2026801e+00 2.80e-05 7.27e-01  -3.4 6.63e-03    -  1.00e+00 5.00e-01h  2
1125  1.2027097e+00 2.45e-05 1.44e+00  -3.4 5.41e-03    -  1.00e+00 1.25e-01h  4
1126  1.2027255e+00 2.29e-05 7.21e-01  -3.4 3.77e-03    -  1.00e+00 6.25e-02h  5
1127  1.2027266e+00 2.28e-05 5.14e-01  -3.4 4.46e-03    -  1.00e+00 3.91e-03h  9
1128  1.2030139e+00 4.13e-05 1.15e-01  -3.4 5.92e-03    -  1.00e+00 1.00e+00h  1
1129  1.2030529e+00 1.66e-05 1.72e-01  -3.4 3.39e-03    -  1.00e+00 1.00e+00h  1
iter    objective    inf_pr   inf_du lg(mu)  ||d||  lg(rg) alpha_du alpha_pr  ls
1130  1.2030384e+00 4.83e-06 6.80e-02  -3.4 2.29e-03    -  1.00e+00 1.00e+00h  1
1131  1.2030487e+00 6.21e-06 3.51e-02  -3.4 5.20e-04    -  1.00e+00 1.00e+00h  1
1132  1.2030805e+00 1.11e-06 1.54e-01  -3.4 4.52e-03    -  1.00e+00 1.00e+00H  1
1133  1.2031857e+00 3.71e-08 1.58e+00  -3.4 4.87e-02    -  1.00e+00 1.00e+00H  1
1134  1.2031848e+00 9.59e-07 1.57e+00  -3.4 1.28e-02    -  1.00e+00 7.81e-03h  8
1135  1.2029821e+00 2.81e-08 4.28e-01  -3.4 3.20e-02    -  1.00e+00 1.00e+00H  1
1136  1.2029828e+00 4.08e-07 9.78e-01  -3.4 2.63e-02    -  1.00e+00 1.56e-02h  7
1137  1.2029832e+00 3.44e-07 4.25e-01  -3.4 1.12e-02    -  1.00e+00 7.81e-03h  8
1138  1.2030303e+00 7.00e-09 3.23e-01  -3.4 1.49e-02    -  1.00e+00 1.00e+00H  1
1139  1.1887209e+00 5.23e-04 2.66e+00  -4.0 9.77e-02    -  1.00e+00 1.00e+00f  1
iter    objective    inf_pr   inf_du lg(mu)  ||d||  lg(rg) alpha_du alpha_pr  ls
1140  1.1714136e+00 4.35e-03 8.04e+00  -4.1 3.36e-01    -  1.00e+00 6.04e-01h  1
1141  1.1659470e+00 6.46e-03 1.54e+01  -4.1 4.38e-01    -  1.00e+00 4.93e-01h  1
1142  1.1679032e+00 6.48e-03 1.12e+01  -3.8 3.89e-01    -  1.00e+00 9.58e-01f  1
1143  1.1604357e+00 1.44e-03 2.25e+00  -4.0 1.92e-01    -  1.00e+00 1.00e+00h  1
1144  1.1646889e+00 1.09e-03 7.22e+00  -4.0 1.71e-01    -  1.00e+00 9.55e-01h  1
1145  1.1727856e+00 1.29e-03 1.38e+00  -3.7 1.46e-01    -  1.00e+00 1.00e+00h  1
1146  1.1718678e+00 4.08e-04 3.96e+00  -3.8 8.04e-02    -  1.00e+00 1.00e+00h  1
1147  1.1712182e+00 8.02e-05 2.11e+00  -3.8 5.98e-02    -  1.00e+00 1.00e+00h  1
1148  1.1728578e+00 1.86e-05 4.26e-01  -3.8 1.49e-02    -  1.00e+00 1.00e+00h  1
1149  1.1727438e+00 2.07e-05 6.36e-01  -3.8 1.53e-02    -  1.00e+00 1.00e+00h  1
iter    objective    inf_pr   inf_du lg(mu)  ||d||  lg(rg) alpha_du alpha_pr  ls
1150  1.1721400e+00 8.46e-06 2.83e+00  -3.8 5.36e-02    -  1.00e+00 1.00e+00H  1
1151  1.1720347e+00 1.46e-05 4.01e+00  -3.8 6.10e-02    -  1.00e+00 1.00e+00H  1
1152  1.1732500e+00 2.35e-06 5.16e+00  -3.8 1.78e-01    -  1.00e+00 1.00e+00H  1
1153  1.1702262e+00 7.96e-04 2.02e+00  -3.8 8.65e-02    -  1.00e+00 1.00e+00h  1
1154  1.1703948e+00 5.99e-04 1.67e+00  -3.8 4.38e-02    -  1.00e+00 2.50e-01h  3
1155  1.1704169e+00 5.81e-04 1.63e+00  -3.8 3.29e-02    -  1.00e+00 3.12e-02h  6
1156  1.1706068e+00 2.24e-05 1.96e+00  -3.8 7.77e-02    -  1.00e+00 1.00e+00H  1
1157  1.1658123e+00 1.18e-03 8.06e+00  -4.0 2.53e-01    -  1.00e+00 1.00e+00h  1
1158  1.1625126e+00 3.00e-04 5.72e+00  -4.1 1.15e-01    -  1.00e+00 1.00e+00h  1
1159  1.1651946e+00 1.87e-04 2.72e+00  -4.0 9.47e-02    -  1.00e+00 1.00e+00h  1
iter    objective    inf_pr   inf_du lg(mu)  ||d||  lg(rg) alpha_du alpha_pr  ls
1160  1.1657191e+00 9.85e-05 1.29e+00  -4.0 4.97e-02    -  1.00e+00 1.00e+00h  1
1161  1.1656513e+00 3.82e-05 1.82e+00  -4.0 3.90e-02    -  1.00e+00 1.00e+00h  1
1162  1.1658506e+00 4.65e-05 1.15e+00  -4.0 2.14e-02    -  1.00e+00 1.00e+00h  1
1163  1.1660044e+00 4.70e-05 2.66e-01  -4.0 1.50e-02    -  1.00e+00 1.00e+00h  1
1164  1.1659469e+00 1.67e-05 2.13e-01  -4.0 1.05e-02    -  1.00e+00 1.00e+00h  1
1165  1.1656316e+00 8.92e-04 5.50e+00  -4.0 1.89e-01    -  1.00e+00 1.00e+00h  1
1166  1.1633727e+00 1.34e-04 6.44e+00  -4.1 5.78e-02    -  1.00e+00 1.00e+00h  1
1167  1.1644295e+00 5.15e-04 1.59e+00  -4.0 1.16e-01    -  1.00e+00 1.00e+00h  1
1168  1.1638266e+00 2.09e-04 1.53e+00  -4.1 5.45e-02    -  1.00e+00 1.00e+00h  1
1169  1.1652099e+00 1.46e-04 8.69e-01  -4.0 3.69e-02    -  1.00e+00 1.00e+00h  1
iter    objective    inf_pr   inf_du lg(mu)  ||d||  lg(rg) alpha_du alpha_pr  ls
1170  1.1656473e+00 9.73e-06 9.34e-01  -4.0 1.78e-02    -  1.00e+00 1.00e+00h  1
1171  1.1656335e+00 6.93e-06 2.71e-01  -4.0 8.33e-03    -  1.00e+00 1.00e+00h  1
1172  1.1656928e+00 1.27e-05 1.89e-01  -4.0 5.60e-03    -  1.00e+00 1.00e+00h  1
1173  1.1643808e+00 2.37e-05 4.44e-01  -4.1 1.50e-02    -  1.00e+00 1.00e+00h  1
1174  1.1660080e+00 3.89e-05 4.25e-01  -4.0 1.54e-02    -  1.00e+00 1.00e+00h  1
1175  1.1641293e+00 5.18e-05 1.04e+00  -4.1 2.62e-02    -  1.00e+00 1.00e+00h  1
1176  1.1659195e+00 7.88e-05 1.09e+00  -4.0 2.83e-02    -  1.00e+00 1.00e+00h  1
1177  1.1635658e+00 9.57e-05 5.13e-01  -4.1 3.13e-02    -  1.00e+00 1.00e+00h  1
1178  1.1659739e+00 8.92e-05 5.66e-01  -4.0 2.63e-02    -  1.00e+00 1.00e+00h  1
1179  1.1639588e+00 7.63e-05 1.23e+00  -4.1 3.63e-02    -  1.00e+00 1.00e+00h  1
iter    objective    inf_pr   inf_du lg(mu)  ||d||  lg(rg) alpha_du alpha_pr  ls
1180  1.1637536e+00 3.42e-05 2.65e+00  -4.1 3.62e-02    -  1.00e+00 1.00e+00h  1
1181  1.1657771e+00 1.24e-04 7.19e-01  -4.0 3.03e-02    -  1.00e+00 1.00e+00h  1
1182  1.1636985e+00 9.34e-05 7.35e-01  -4.1 2.83e-02    -  1.00e+00 1.00e+00h  1
1183  1.1637522e+00 1.94e-05 5.48e-01  -4.1 1.80e-02    -  1.00e+00 1.00e+00h  1
1184  1.1658129e+00 8.98e-05 3.48e-01  -4.0 2.58e-02    -  1.00e+00 1.00e+00h  1
1185  1.1637322e+00 8.96e-05 2.50e+00  -4.1 4.83e-02    -  1.00e+00 1.00e+00h  1
1186  1.1634232e+00 4.02e-05 1.68e+00  -4.1 2.21e-02    -  1.00e+00 1.00e+00h  1
1187  1.1658206e+00 4.32e-06 5.55e-01  -4.0 2.65e-02    -  1.00e+00 1.00e+00H  1
1188  1.1637942e+00 1.04e-04 8.14e-01  -4.1 3.24e-02    -  1.00e+00 1.00e+00h  1
1189  1.1636206e+00 5.23e-05 1.96e+00  -4.1 3.27e-02    -  1.00e+00 1.00e+00h  1
iter    objective    inf_pr   inf_du lg(mu)  ||d||  lg(rg) alpha_du alpha_pr  ls
1190  1.1636183e+00 3.84e-05 1.34e+00  -4.1 1.83e-02    -  1.00e+00 1.00e+00h  1
1191  1.1636727e+00 2.05e-05 7.36e-01  -4.1 1.46e-02    -  1.00e+00 1.00e+00h  1
1192  1.1655504e+00 6.48e-05 2.79e-01  -4.0 2.48e-02    -  1.00e+00 1.00e+00h  1
1193  1.1638217e+00 8.58e-07 8.52e-01  -4.1 2.89e-02    -  1.00e+00 1.00e+00H  1
1194  1.1657036e+00 8.27e-05 7.30e-01  -4.0 3.41e-02    -  1.00e+00 1.00e+00h  1
1195  1.1635553e+00 3.15e-04 3.62e+00  -4.1 7.26e-02    -  1.00e+00 1.00e+00h  1
1196  1.1627068e+00 2.73e-04 6.20e-01  -4.1 6.35e-02    -  1.00e+00 1.00e+00h  1
1197  1.1659061e+00 7.60e-06 8.42e-01  -4.0 3.52e-02    -  1.00e+00 1.00e+00H  1
1198  1.1638447e+00 1.37e-04 8.40e-01  -4.1 3.54e-02    -  1.00e+00 1.00e+00h  1
1199  1.1636540e+00 2.54e-05 9.25e-01  -4.1 2.22e-02    -  1.00e+00 1.00e+00h  1
iter    objective    inf_pr   inf_du lg(mu)  ||d||  lg(rg) alpha_du alpha_pr  ls
1200  1.1656748e+00 1.21e-04 3.43e-01  -4.0 3.59e-02    -  1.00e+00 1.00e+00h  1
1201  1.1637712e+00 2.20e-04 1.61e+00  -4.1 4.11e-02    -  1.00e+00 1.00e+00h  1
1202  1.1633765e+00 7.47e-05 6.26e-01  -4.1 3.01e-02    -  1.00e+00 1.00e+00h  1
1203  1.1659004e+00 4.87e-06 7.67e-01  -4.0 3.31e-02    -  1.00e+00 1.00e+00H  1
1204  1.1637959e+00 1.20e-04 9.99e-01  -4.1 3.92e-02    -  1.00e+00 1.00e+00h  1
1205  1.1635852e+00 2.92e-05 1.34e+00  -4.1 2.23e-02    -  1.00e+00 1.00e+00h  1
1206  1.1657257e+00 1.02e-04 4.66e-01  -4.0 3.54e-02    -  1.00e+00 1.00e+00h  1
1207  1.1637399e+00 1.03e-04 1.67e+00  -4.1 3.85e-02    -  1.00e+00 1.00e+00h  1
1208  1.1635568e+00 2.98e-05 6.76e-01  -4.1 2.53e-02    -  1.00e+00 1.00e+00h  1
1209  1.1658014e+00 9.71e-05 5.10e-01  -4.0 3.39e-02    -  1.00e+00 1.00e+00h  1
iter    objective    inf_pr   inf_du lg(mu)  ||d||  lg(rg) alpha_du alpha_pr  ls
1210  1.1637264e+00 1.51e-04 1.73e+00  -4.1 4.62e-02    -  1.00e+00 1.00e+00h  1
1211  1.1636712e+00 4.05e-05 7.48e-01  -4.1 2.08e-02    -  1.00e+00 1.00e+00h  1
1212  1.1637803e+00 1.51e-05 3.72e-01  -4.1 1.45e-02    -  1.00e+00 1.00e+00h  1
1213  1.1658233e+00 1.01e-04 5.29e-01  -4.0 3.28e-02    -  1.00e+00 1.00e+00h  1
1214  1.1637599e+00 4.15e-04 3.59e+00  -4.1 5.91e-02    -  1.00e+00 1.00e+00h  1
1215  1.1627314e+00 2.60e-04 3.23e-01  -4.1 6.05e-02    -  1.00e+00 1.00e+00h  1
1216  1.1636762e+00 1.96e-05 5.09e-01  -4.1 1.08e-02    -  1.00e+00 1.00e+00h  1
1217  1.1657565e+00 9.25e-05 6.69e-01  -4.0 3.33e-02    -  1.00e+00 1.00e+00h  1
1218  1.1637920e+00 1.34e-04 1.99e+00  -4.1 4.73e-02    -  1.00e+00 1.00e+00h  1
1219  1.1636049e+00 8.24e-05 6.60e-01  -4.1 3.37e-02    -  1.00e+00 1.00e+00h  1
iter    objective    inf_pr   inf_du lg(mu)  ||d||  lg(rg) alpha_du alpha_pr  ls
1220  1.1637811e+00 1.66e-05 5.65e-01  -4.1 9.06e-03    -  1.00e+00 1.00e+00h  1
1221  1.1657939e+00 8.90e-05 5.81e-01  -4.0 3.32e-02    -  1.00e+00 1.00e+00h  1
1222  1.1638133e+00 1.22e-04 1.22e+00  -4.1 4.51e-02    -  1.00e+00 1.00e+00h  1
1223  1.1636726e+00 1.54e-05 1.21e+00  -4.1 1.57e-02    -  1.00e+00 1.00e+00h  1
1224  1.1638223e+00 1.12e-06 2.45e-01  -4.1 1.49e-02    -  1.00e+00 1.00e+00H  1
1225  1.1638028e+00 8.54e-06 1.42e-01  -4.1 4.56e-03    -  1.00e+00 1.00e+00h  1
1226  1.1658093e+00 9.85e-05 3.93e-01  -4.0 3.51e-02    -  1.00e+00 1.00e+00h  1
1227  1.1638541e+00 1.57e-04 1.72e+00  -4.1 4.53e-02    -  1.00e+00 1.00e+00h  1
1228  1.1635827e+00 3.90e-05 8.11e-01  -4.1 2.66e-02    -  1.00e+00 1.00e+00h  1
1229  1.1637249e+00 2.31e-05 4.21e-01  -4.1 7.31e-03    -  1.00e+00 1.00e+00h  1
iter    objective    inf_pr   inf_du lg(mu)  ||d||  lg(rg) alpha_du alpha_pr  ls
1230  1.1658130e+00 1.07e-04 6.27e-01  -4.0 3.74e-02    -  1.00e+00 1.00e+00h  1
1231  1.1638559e+00 2.45e-04 4.04e+00  -4.1 5.96e-02    -  1.00e+00 1.00e+00h  1
1232  1.1627216e+00 1.07e-04 3.85e-01  -4.1 6.44e-02    -  1.00e+00 1.00e+00h  1
1233  1.1659495e+00 6.78e-06 8.25e-01  -4.0 4.27e-02    -  1.00e+00 1.00e+00H  1
1234  1.1638424e+00 1.55e-04 6.83e-01  -4.1 4.52e-02    -  1.00e+00 1.00e+00h  1
1235  1.1635008e+00 4.41e-05 1.18e+00  -4.1 2.06e-02    -  1.00e+00 1.00e+00h  1
1236  1.1637377e+00 3.13e-05 3.64e-01  -4.1 1.21e-02    -  1.00e+00 1.00e+00h  1
1237  1.1637620e+00 3.37e-06 1.41e-01  -4.1 4.01e-03    -  1.00e+00 1.00e+00h  1
1238  1.1657278e+00 9.21e-05 8.83e-01  -4.0 3.51e-02    -  1.00e+00 1.00e+00h  1
1239  1.1639042e+00 1.48e-04 1.69e+00  -4.1 4.62e-02    -  1.00e+00 1.00e+00h  1
iter    objective    inf_pr   inf_du lg(mu)  ||d||  lg(rg) alpha_du alpha_pr  ls
1240  1.1634565e+00 8.50e-05 2.88e-01  -4.1 4.88e-02    -  1.00e+00 1.00e+00h  1
1241  1.1637335e+00 1.71e-05 3.89e-01  -4.1 7.07e-03    -  1.00e+00 1.00e+00h  1
1242  1.1657823e+00 1.09e-04 4.00e-01  -4.0 3.77e-02    -  1.00e+00 1.00e+00h  1
1243  1.1638529e+00 9.92e-05 1.16e+00  -4.1 5.26e-02    -  1.00e+00 1.00e+00h  1
1244  1.1635457e+00 2.86e-05 8.09e-01  -4.1 1.92e-02    -  1.00e+00 1.00e+00h  1
1245  1.1637372e+00 2.27e-05 3.18e-01  -4.1 7.11e-03    -  1.00e+00 1.00e+00h  1
1246  1.1637438e+00 1.39e-05 1.21e-01  -4.1 3.18e-03    -  1.00e+00 1.00e+00h  1
1247  1.1657853e+00 1.09e-04 3.40e-01  -4.0 3.78e-02    -  1.00e+00 1.00e+00h  1
1248  1.1638787e+00 1.57e-04 1.48e+00  -4.1 6.85e-02    -  1.00e+00 1.00e+00h  1
1249  1.1634289e+00 2.71e-05 6.15e-01  -4.1 3.19e-02    -  1.00e+00 1.00e+00h  1
iter    objective    inf_pr   inf_du lg(mu)  ||d||  lg(rg) alpha_du alpha_pr  ls
1250  1.1637018e+00 4.77e-05 3.67e-01  -4.1 1.03e-02    -  1.00e+00 1.00e+00h  1
1251  1.1637168e+00 3.19e-05 1.55e-01  -4.1 7.11e-03    -  1.00e+00 1.00e+00h  1
1252  1.1657836e+00 1.18e-04 2.28e-01  -4.0 3.84e-02    -  1.00e+00 1.00e+00h  1
1253  1.1638390e+00 2.00e-04 3.26e+00  -4.1 8.73e-02    -  1.00e+00 1.00e+00h  1
1254  1.1630579e+00 2.08e-04 4.27e-01  -4.1 8.12e-02    -  1.00e+00 1.00e+00h  1
1255  1.1636743e+00 9.25e-06 7.56e-01  -4.1 8.95e-03    -  1.00e+00 1.00e+00h  1
1256  1.1657494e+00 1.10e-04 4.29e-01  -4.0 3.90e-02    -  1.00e+00 1.00e+00h  1
1257  1.1637810e+00 1.42e-04 4.13e+00  -4.1 7.37e-02    -  1.00e+00 1.00e+00h  1
1258  1.1623621e+00 9.92e-05 3.50e-01  -4.1 6.49e-02    -  1.00e+00 1.00e+00h  1
1259  1.1659013e+00 1.17e-05 1.13e+00  -4.0 4.14e-02    -  1.00e+00 1.00e+00H  1
iter    objective    inf_pr   inf_du lg(mu)  ||d||  lg(rg) alpha_du alpha_pr  ls
1260  1.1637887e+00 1.11e-04 8.52e-01  -4.1 4.31e-02    -  1.00e+00 1.00e+00h  1
1261  1.1634173e+00 6.54e-05 1.33e+00  -4.1 3.74e-02    -  1.00e+00 1.00e+00h  1
1262  1.1636089e+00 1.37e-05 7.16e-01  -4.1 2.22e-02    -  1.00e+00 1.00e+00h  1
1263  1.1654463e+00 6.19e-05 5.29e-01  -4.0 2.85e-02    -  1.00e+00 1.00e+00h  1
1264  1.1638075e+00 1.60e-04 1.09e+00  -4.1 4.34e-02    -  1.00e+00 1.00e+00h  1
1265  1.1633022e+00 4.25e-05 3.35e-01  -4.1 3.46e-02    -  1.00e+00 1.00e+00h  1
1266  1.1658937e+00 2.12e-05 8.03e-01  -4.0 3.87e-02    -  1.00e+00 1.00e+00H  1
1267  1.1638393e+00 1.07e-04 5.49e-01  -4.1 3.79e-02    -  1.00e+00 1.00e+00h  1
1268  1.1635915e+00 1.19e-04 2.31e+00  -4.1 4.02e-02    -  1.00e+00 1.00e+00h  1
1269  1.1632890e+00 8.08e-05 2.16e-01  -4.1 3.87e-02    -  1.00e+00 1.00e+00h  1
iter    objective    inf_pr   inf_du lg(mu)  ||d||  lg(rg) alpha_du alpha_pr  ls
1270  1.1658812e+00 3.61e-05 5.10e-01  -4.0 3.87e-02    -  1.00e+00 1.00e+00H  1
1271  1.1638395e+00 1.07e-04 1.34e+00  -4.1 4.03e-02    -  1.00e+00 1.00e+00h  1
1272  1.1634718e+00 5.49e-05 4.71e-01  -4.1 2.76e-02    -  1.00e+00 1.00e+00h  1
1273  1.1636751e+00 5.53e-06 2.48e-01  -4.1 5.20e-03    -  1.00e+00 1.00e+00h  1
1274  1.1657268e+00 9.21e-05 6.25e-01  -4.0 3.65e-02    -  1.00e+00 1.00e+00h  1
1275  1.1638449e+00 1.09e-04 8.72e-01  -4.1 3.87e-02    -  1.00e+00 1.00e+00h  1
1276  1.1636287e+00 1.82e-05 5.08e-01  -4.1 2.05e-02    -  1.00e+00 1.00e+00h  1
1277  1.1636807e+00 1.61e-05 3.23e-01  -4.1 7.73e-03    -  1.00e+00 1.00e+00h  1
1278  1.1636776e+00 2.90e-06 6.67e-02  -4.1 3.70e-03    -  1.00e+00 1.00e+00h  1
1279  1.1657133e+00 9.92e-05 2.67e-01  -4.0 3.76e-02    -  1.00e+00 1.00e+00h  1
iter    objective    inf_pr   inf_du lg(mu)  ||d||  lg(rg) alpha_du alpha_pr  ls
1280  1.1638456e+00 1.01e-04 8.98e-01  -4.1 4.37e-02    -  1.00e+00 1.00e+00h  1
1281  1.1633340e+00 3.60e-05 1.98e-01  -4.1 2.48e-02    -  1.00e+00 1.00e+00h  1
1282  1.1636544e+00 1.89e-05 3.93e-01  -4.1 8.15e-03    -  1.00e+00 1.00e+00h  1
1283  1.1657209e+00 1.08e-04 1.54e-01  -4.0 3.81e-02    -  1.00e+00 1.00e+00h  1
1284  1.1638217e+00 1.32e-04 9.94e-01  -4.1 3.69e-02    -  1.00e+00 1.00e+00h  1
1285  1.1636169e+00 2.20e-05 5.14e-01  -4.1 2.43e-02    -  1.00e+00 1.00e+00h  1
1286  1.1636829e+00 5.60e-06 2.91e-01  -4.1 5.07e-03    -  1.00e+00 1.00e+00h  1
1287  1.1636713e+00 1.60e-06 3.41e-02  -4.1 2.14e-03    -  1.00e+00 1.00e+00h  1
1288  1.1657009e+00 1.02e-04 5.64e-01  -4.0 3.75e-02    -  1.00e+00 1.00e+00h  1
1289  1.1638555e+00 1.26e-04 7.36e-01  -4.1 3.87e-02    -  1.00e+00 1.00e+00h  1
iter    objective    inf_pr   inf_du lg(mu)  ||d||  lg(rg) alpha_du alpha_pr  ls
1290  1.1636282e+00 1.80e-05 3.16e-01  -4.1 1.91e-02    -  1.00e+00 1.00e+00h  1
1291  1.1636461e+00 4.89e-06 2.74e-01  -4.1 3.07e-03    -  1.00e+00 1.00e+00h  1
1292  1.1657357e+00 1.18e-04 6.64e-01  -4.0 3.96e-02    -  1.00e+00 1.00e+00h  1
1293  1.1637961e+00 7.53e-05 1.61e+00  -4.1 5.08e-02    -  1.00e+00 1.00e+00h  1
1294  1.1633085e+00 6.19e-05 2.50e-01  -4.1 4.13e-02    -  1.00e+00 1.00e+00h  1
1295  1.1636557e+00 7.86e-06 4.75e-01  -4.1 7.55e-03    -  1.00e+00 1.00e+00h  1
1296  1.1636457e+00 5.23e-06 8.16e-02  -4.1 5.14e-03    -  1.00e+00 1.00e+00h  1
1297  1.1636739e+00 1.71e-06 5.99e-02  -4.1 1.05e-03    -  1.00e+00 1.00e+00h  1
1298  1.1657529e+00 1.09e-04 3.52e-01  -4.0 3.97e-02    -  1.00e+00 1.00e+00h  1
1299  1.1638367e+00 1.67e-04 6.29e-01  -4.1 4.09e-02    -  1.00e+00 1.00e+00h  1
iter    objective    inf_pr   inf_du lg(mu)  ||d||  lg(rg) alpha_du alpha_pr  ls
1300  1.1636463e+00 1.56e-05 4.02e-01  -4.1 1.79e-02    -  1.00e+00 1.00e+00h  1
1301  1.1636557e+00 3.95e-06 7.02e-01  -4.1 9.93e-03    -  1.00e+00 1.00e+00h  1
1302  1.1636738e+00 4.65e-06 9.30e-02  -4.1 4.92e-03    -  1.00e+00 1.00e+00h  1
1303  1.1636866e+00 9.26e-07 5.16e-02  -4.1 1.35e-03    -  1.00e+00 1.00e+00h  1
1304  1.1657660e+00 1.17e-04 5.71e-01  -4.0 4.05e-02    -  1.00e+00 1.00e+00h  1
1305  1.1638221e+00 1.57e-04 1.09e+00  -4.1 4.68e-02    -  1.00e+00 1.00e+00h  1
1306  1.1635188e+00 2.08e-05 4.94e-01  -4.1 2.58e-02    -  1.00e+00 1.00e+00h  1
1307  1.1657120e+00 1.25e-04 4.28e-01  -4.0 4.25e-02    -  1.00e+00 1.00e+00h  1
1308  1.1637561e+00 1.24e-04 1.90e+00  -4.1 5.46e-02    -  1.00e+00 1.00e+00h  1
1309  1.1629745e+00 8.51e-05 2.79e-01  -4.1 5.95e-02    -  1.00e+00 1.00e+00h  1
iter    objective    inf_pr   inf_du lg(mu)  ||d||  lg(rg) alpha_du alpha_pr  ls
1310  1.1636037e+00 8.34e-06 5.09e-01  -4.1 1.02e-02    -  1.00e+00 1.00e+00h  1
1311  1.1656557e+00 1.08e-04 9.38e-01  -4.0 4.10e-02    -  1.00e+00 1.00e+00h  1
1312  1.1637398e+00 1.14e-04 3.07e+00  -4.1 5.86e-02    -  1.00e+00 1.00e+00h  1
1313  1.1627406e+00 1.09e-04 3.21e-01  -4.1 5.33e-02    -  1.00e+00 1.00e+00h  1
1314  1.1636031e+00 7.36e-06 3.09e-01  -4.1 8.58e-03    -  1.00e+00 1.00e+00h  1
1315  1.1636717e+00 2.08e-06 2.16e-01  -4.1 4.08e-03    -  1.00e+00 1.00e+00h  1
1316  1.1636822e+00 1.12e-06 3.75e-02  -4.1 1.93e-03    -  1.00e+00 1.00e+00h  1
1317  1.1657412e+00 1.11e-04 6.78e-01  -4.0 4.09e-02    -  1.00e+00 1.00e+00h  1
1318  1.1638220e+00 1.80e-04 1.40e+00  -4.1 5.53e-02    -  1.00e+00 1.00e+00h  1
1319  1.1635970e+00 3.85e-05 2.88e-01  -4.1 2.66e-02    -  1.00e+00 1.00e+00h  1
iter    objective    inf_pr   inf_du lg(mu)  ||d||  lg(rg) alpha_du alpha_pr  ls
1320  1.1636547e+00 1.77e-05 7.84e-01  -4.1 1.71e-02    -  1.00e+00 1.00e+00h  1
1321  1.1636209e+00 1.05e-05 5.61e-02  -4.1 1.16e-02    -  1.00e+00 1.00e+00h  1
1322  1.1636745e+00 1.08e-06 5.67e-02  -4.1 1.19e-03    -  1.00e+00 1.00e+00h  1
1323  1.1657579e+00 1.13e-04 3.44e-01  -4.0 4.14e-02    -  1.00e+00 1.00e+00h  1
1324  1.1638414e+00 2.07e-04 8.59e-01  -4.1 4.52e-02    -  1.00e+00 1.00e+00h  1
1325  1.1634922e+00 2.19e-05 4.46e-01  -4.1 2.61e-02    -  1.00e+00 1.00e+00h  1
1326  1.1656857e+00 1.41e-04 7.74e-01  -4.0 4.19e-02    -  1.00e+00 1.00e+00h  1
1327  1.1638106e+00 1.01e-04 1.17e+00  -4.1 4.38e-02    -  1.00e+00 1.00e+00h  1
1328  1.1634185e+00 4.48e-05 6.62e-01  -4.1 2.69e-02    -  1.00e+00 1.00e+00h  1
1329  1.1636584e+00 4.26e-06 2.26e-01  -4.1 3.62e-03    -  1.00e+00 1.00e+00h  1
iter    objective    inf_pr   inf_du lg(mu)  ||d||  lg(rg) alpha_du alpha_pr  ls
1330  1.1636639e+00 5.17e-06 3.62e-02  -4.1 1.48e-03    -  1.00e+00 1.00e+00h  1
1331  1.1656489e+00 1.07e-04 7.75e-01  -4.0 3.84e-02    -  1.00e+00 1.00e+00h  1
1332  1.1638595e+00 6.52e-05 1.01e+00  -4.1 3.57e-02    -  1.00e+00 1.00e+00h  1
1333  1.1635909e+00 3.61e-05 1.43e-01  -4.1 2.94e-02    -  1.00e+00 1.00e+00h  1
1334  1.1636450e+00 1.70e-06 1.93e-01  -4.1 4.57e-03    -  1.00e+00 1.00e+00h  1
1335  1.1657189e+00 1.19e-04 6.31e-01  -4.0 4.14e-02    -  1.00e+00 1.00e+00h  1
1336  1.1638289e+00 2.18e-04 2.13e+00  -4.1 5.19e-02    -  1.00e+00 1.00e+00h  1
1337  1.1631559e+00 6.83e-05 1.61e-01  -4.1 5.55e-02    -  1.00e+00 1.00e+00h  1
1338  1.1659118e+00 1.41e-05 4.11e-01  -4.0 4.43e-02    -  1.00e+00 1.00e+00H  1
1339  1.1638103e+00 1.61e-04 1.53e+00  -4.1 4.61e-02    -  1.00e+00 1.00e+00h  1
iter    objective    inf_pr   inf_du lg(mu)  ||d||  lg(rg) alpha_du alpha_pr  ls
1340  1.1633131e+00 4.13e-05 4.94e-01  -4.1 3.80e-02    -  1.00e+00 1.00e+00h  1
1341  1.1636507e+00 3.39e-06 1.06e-01  -4.1 3.55e-03    -  1.00e+00 1.00e+00h  1
1342  1.1636633e+00 6.24e-06 1.10e-01  -4.1 2.68e-03    -  1.00e+00 1.00e+00h  1
1343  1.1636846e+00 4.18e-06 2.80e-02  -4.1 2.01e-03    -  1.00e+00 1.00e+00h  1
1344  1.1636739e+00 7.87e-07 1.37e-02  -4.1 3.16e-04    -  1.00e+00 1.00e+00h  1
1345  1.1655909e+00 7.99e-05 1.07e+00  -4.0 3.39e-02    -  1.00e+00 1.00e+00h  1
1346  1.1638361e+00 7.42e-05 2.76e-01  -4.1 3.33e-02    -  1.00e+00 1.00e+00h  1
1347  1.1635684e+00 6.71e-05 3.05e+00  -4.1 5.83e-02    -  1.00e+00 1.00e+00h  1
1348  1.1628467e+00 8.13e-05 3.61e-01  -4.1 4.69e-02    -  1.00e+00 1.00e+00h  1
1349  1.1658791e+00 1.17e-05 8.28e-01  -4.0 4.16e-02    -  1.00e+00 1.00e+00H  1
iter    objective    inf_pr   inf_du lg(mu)  ||d||  lg(rg) alpha_du alpha_pr  ls
1350  1.1637890e+00 1.29e-04 5.62e-01  -4.1 3.85e-02    -  1.00e+00 1.00e+00h  1
1351  1.1634267e+00 5.91e-04 5.02e+00  -4.1 1.29e-01    -  1.00e+00 1.00e+00h  1
1352  1.1619029e+00 3.60e-04 4.15e-01  -4.1 1.18e-01    -  1.00e+00 1.00e+00h  1
1353  1.1658774e+00 4.22e-05 5.63e-01  -4.0 4.78e-02    -  1.00e+00 1.00e+00H  1
1354  1.1636550e+00 1.33e-04 1.19e+00  -4.1 4.02e-02    -  1.00e+00 1.00e+00h  1
1355  1.1634869e+00 2.25e-05 8.74e-01  -4.1 2.18e-02    -  1.00e+00 1.00e+00h  1
1356  1.1656463e+00 9.11e-05 6.56e-01  -4.0 3.63e-02    -  1.00e+00 1.00e+00h  1
1357  1.1637566e+00 1.21e-04 2.48e+00  -4.1 5.00e-02    -  1.00e+00 1.00e+00h  1
1358  1.1634231e+00 4.07e-05 6.74e-01  -4.1 5.16e-02    -  1.00e+00 1.00e+00h  1
1359  1.1636775e+00 9.86e-06 1.08e-01  -4.1 2.95e-03    -  1.00e+00 1.00e+00h  1
iter    objective    inf_pr   inf_du lg(mu)  ||d||  lg(rg) alpha_du alpha_pr  ls
1360  1.1636979e+00 1.82e-06 7.48e-02  -4.1 1.79e-03    -  1.00e+00 1.00e+00h  1
1361  1.1636976e+00 1.20e-06 3.92e-02  -4.1 6.88e-04    -  1.00e+00 1.00e+00h  1
1362  1.1636971e+00 7.59e-07 1.02e-02  -4.1 4.65e-04    -  1.00e+00 1.00e+00h  1
1363  1.1652690e+00 3.14e-05 5.88e-01  -4.0 2.25e-02    -  1.00e+00 1.00e+00h  1
1364  1.1638638e+00 3.66e-05 8.26e-02  -4.1 2.04e-02    -  1.00e+00 1.00e+00h  1
1365  1.1636680e+00 1.31e-05 7.14e-01  -4.1 1.30e-02    -  1.00e+00 1.00e+00h  1
1366  1.1636250e+00 8.65e-06 1.06e-01  -4.1 1.10e-02    -  1.00e+00 1.00e+00h  1
1367  1.1636935e+00 3.94e-06 7.96e-02  -4.1 1.27e-03    -  1.00e+00 1.00e+00h  1
1368  1.1636936e+00 1.60e-06 2.19e-02  -4.1 6.67e-04    -  1.00e+00 1.00e+00h  1
1369  1.1636890e+00 9.28e-07 1.20e-02  -4.1 1.73e-04    -  1.00e+00 1.00e+00h  1
iter    objective    inf_pr   inf_du lg(mu)  ||d||  lg(rg) alpha_du alpha_pr  ls
1370  1.1656707e+00 5.71e-05 6.83e-01  -4.0 3.03e-02    -  1.00e+00 1.00e+00h  1
1371  1.1638329e+00 6.09e-05 2.07e-01  -4.1 3.06e-02    -  1.00e+00 1.00e+00h  1
1372  1.1635643e+00 1.79e-04 3.15e+00  -4.1 8.10e-02    -  1.00e+00 1.00e+00h  1
1373  1.1623762e+00 1.94e-04 5.53e-01  -4.1 6.25e-02    -  1.00e+00 1.00e+00h  1
1374  1.1635478e+00 6.77e-06 6.99e-01  -4.1 1.91e-02    -  1.00e+00 1.00e+00h  1
1375  1.1657032e+00 6.93e-05 3.84e-01  -4.0 3.48e-02    -  1.00e+00 1.00e+00h  1
1376  1.1637575e+00 1.52e-04 3.62e+00  -4.1 6.13e-02    -  1.00e+00 1.00e+00h  1
1377  1.1629231e+00 1.53e-04 2.81e-01  -4.1 6.20e-02    -  1.00e+00 1.00e+00h  1
1378  1.1635956e+00 4.76e-06 5.26e-01  -4.1 9.27e-03    -  1.00e+00 1.00e+00h  1
1379  1.1656778e+00 6.65e-05 6.20e-01  -4.0 3.48e-02    -  1.00e+00 1.00e+00h  1
iter    objective    inf_pr   inf_du lg(mu)  ||d||  lg(rg) alpha_du alpha_pr  ls
1380  1.1638045e+00 1.88e-04 1.97e+00  -4.1 5.01e-02    -  1.00e+00 1.00e+00h  1
1381  1.1632201e+00 2.43e-04 3.01e-01  -4.1 4.65e-02    -  1.00e+00 1.00e+00h  1
1382  1.1635992e+00 1.18e-05 2.08e-01  -4.1 5.71e-03    -  1.00e+00 1.00e+00h  1
1383  1.1636509e+00 2.84e-06 6.07e-02  -4.1 2.61e-03    -  1.00e+00 1.00e+00h  1
1384  1.1636582e+00 2.66e-06 2.97e-02  -4.1 5.83e-04    -  1.00e+00 1.00e+00h  1
1385  1.1657191e+00 7.30e-05 6.67e-01  -4.0 3.51e-02    -  1.00e+00 1.00e+00h  1
1386  1.1638341e+00 1.34e-04 8.91e-01  -4.1 4.05e-02    -  1.00e+00 1.00e+00h  1
1387  1.1634592e+00 2.96e-05 1.28e-01  -4.1 2.41e-02    -  1.00e+00 1.00e+00h  1
1388  1.1636520e+00 1.85e-06 1.22e-01  -4.1 1.93e-03    -  1.00e+00 1.00e+00h  1
1389  1.1657274e+00 7.50e-05 1.73e-01  -4.0 3.58e-02    -  1.00e+00 1.00e+00h  1
iter    objective    inf_pr   inf_du lg(mu)  ||d||  lg(rg) alpha_du alpha_pr  ls
1390  1.1638401e+00 1.73e-04 2.29e+00  -4.1 8.59e-02    -  1.00e+00 1.00e+00h  1
1391  1.1628948e+00 1.71e-04 2.90e-01  -4.1 9.98e-02    -  1.00e+00 1.00e+00h  1
1392  1.1635690e+00 1.11e-05 4.60e-01  -4.1 1.21e-02    -  1.00e+00 1.00e+00h  1
1393  1.1636215e+00 6.67e-06 2.05e-01  -4.1 5.91e-03    -  1.00e+00 1.00e+00h  1
1394  1.1636428e+00 8.04e-07 3.62e-02  -4.1 6.34e-04    -  1.00e+00 1.00e+00h  1
1395  1.1657222e+00 7.41e-05 4.15e-02  -4.0 3.59e-02    -  1.00e+00 1.00e+00h  1
1396  1.1637911e+00 1.99e-04 2.04e+00  -4.1 6.71e-02    -  1.00e+00 1.00e+00h  1
1397  1.1632283e+00 8.40e-05 2.74e-01  -4.1 5.37e-02    -  1.00e+00 1.00e+00h  1
1398  1.1636327e+00 4.19e-06 4.12e-01  -4.1 6.69e-03    -  1.00e+00 1.00e+00h  1
1399  1.1657110e+00 7.49e-05 8.98e-02  -4.0 3.66e-02    -  1.00e+00 1.00e+00h  1
iter    objective    inf_pr   inf_du lg(mu)  ||d||  lg(rg) alpha_du alpha_pr  ls
1400  1.1638047e+00 1.53e-04 1.92e+00  -4.1 8.49e-02    -  1.00e+00 1.00e+00h  1
1401  1.1630312e+00 1.18e-04 1.45e-01  -4.1 8.98e-02    -  1.00e+00 1.00e+00h  1
1402  1.1635898e+00 4.28e-06 4.42e-01  -4.1 6.88e-03    -  1.00e+00 1.00e+00h  1
1403  1.1657060e+00 7.83e-05 4.52e-01  -4.0 3.66e-02    -  1.00e+00 1.00e+00h  1
1404  1.1638092e+00 8.47e-05 1.28e+00  -4.1 3.65e-02    -  1.00e+00 1.00e+00h  1
1405  1.1636046e+00 1.28e-05 5.39e-01  -4.1 2.13e-02    -  1.00e+00 1.00e+00h  1
1406  1.1636424e+00 5.63e-06 8.18e-02  -4.1 1.78e-03    -  1.00e+00 1.00e+00h  1
1407  1.1636552e+00 1.27e-06 4.70e-02  -4.1 1.35e-03    -  1.00e+00 1.00e+00h  1
1408  1.1636573e+00 1.27e-06 1.48e-02  -4.1 4.56e-04    -  1.00e+00 1.00e+00h  1
1409  1.1657220e+00 7.73e-05 4.56e-01  -4.0 3.62e-02    -  1.00e+00 1.00e+00h  1
iter    objective    inf_pr   inf_du lg(mu)  ||d||  lg(rg) alpha_du alpha_pr  ls
1410  1.1638448e+00 8.50e-05 4.64e-01  -4.1 3.69e-02    -  1.00e+00 1.00e+00h  1
1411  1.1635326e+00 3.02e-05 1.66e+00  -4.1 2.43e-02    -  1.00e+00 1.00e+00h  1
1412  1.1632992e+00 3.33e-05 2.85e-01  -4.1 3.05e-02    -  1.00e+00 1.00e+00h  1
1413  1.1659158e+00 9.12e-06 4.31e-01  -4.0 3.87e-02    -  1.00e+00 1.00e+00H  1
1414  1.1637977e+00 1.13e-04 7.88e-01  -4.1 4.65e-02    -  1.00e+00 1.00e+00h  1
1415  1.1635501e+00 2.54e-05 1.16e+00  -4.1 2.00e-02    -  1.00e+00 1.00e+00h  1
1416  1.1636294e+00 9.22e-06 3.33e-01  -4.1 1.16e-02    -  1.00e+00 1.00e+00h  1
1417  1.1636491e+00 4.06e-06 2.92e-01  -4.1 5.20e-03    -  1.00e+00 1.00e+00h  1
1418  1.1636437e+00 1.62e-06 3.25e-02  -4.1 3.06e-03    -  1.00e+00 1.00e+00h  1
1419  1.1636522e+00 6.34e-07 1.56e-02  -4.1 3.72e-04    -  1.00e+00 1.00e+00h  1
iter    objective    inf_pr   inf_du lg(mu)  ||d||  lg(rg) alpha_du alpha_pr  ls
1420  1.1656589e+00 7.95e-05 9.92e-01  -4.0 3.55e-02    -  1.00e+00 1.00e+00h  1
1421  1.1638111e+00 8.06e-05 8.03e-01  -4.1 3.76e-02    -  1.00e+00 1.00e+00h  1
1422  1.1635210e+00 3.05e-05 8.40e-01  -4.1 3.78e-02    -  1.00e+00 1.00e+00h  1
1423  1.1635824e+00 3.05e-05 4.55e-01  -4.1 2.09e-02    -  1.00e+00 1.00e+00h  1
1424  1.1636644e+00 4.73e-06 1.22e-01  -4.1 4.07e-03    -  1.00e+00 1.00e+00h  1
1425  1.1636653e+00 2.02e-06 7.15e-02  -4.1 2.04e-03    -  1.00e+00 1.00e+00h  1
1426  1.1636648e+00 9.86e-07 2.76e-02  -4.1 7.50e-04    -  1.00e+00 1.00e+00h  1
1427  1.1636650e+00 5.83e-07 1.37e-02  -4.1 4.09e-04    -  1.00e+00 1.00e+00h  1
1428  1.1647350e+00 1.23e-05 2.87e-01  -4.0 7.45e-03    -  1.00e+00 1.00e+00h  1
1429  1.1637612e+00 7.61e-06 6.15e-02  -4.1 7.23e-03    -  1.00e+00 1.00e+00h  1
iter    objective    inf_pr   inf_du lg(mu)  ||d||  lg(rg) alpha_du alpha_pr  ls
1430  1.1636628e+00 4.07e-06 2.58e-01  -4.1 5.53e-03    -  1.00e+00 1.00e+00h  1
1431  1.1636608e+00 2.46e-06 1.34e-02  -4.1 4.31e-03    -  1.00e+00 1.00e+00h  1
1432  1.1636660e+00 7.73e-07 7.77e-03  -4.1 1.62e-04    -  1.00e+00 1.00e+00h  1
1433  1.1653404e+00 1.94e-05 2.22e-01  -4.0 1.39e-02    -  1.00e+00 1.00e+00h  1
1434  1.1637322e+00 1.88e-05 4.44e-02  -4.1 1.36e-02    -  1.00e+00 1.00e+00h  1
1435  1.1636560e+00 1.20e-05 2.27e-01  -4.1 7.26e-03    -  1.00e+00 1.00e+00h  1
1436  1.1636682e+00 1.37e-05 2.97e-02  -4.1 6.32e-03    -  1.00e+00 1.00e+00h  1
1437  1.1636625e+00 4.50e-07 2.78e-02  -4.1 6.37e-04    -  1.00e+00 1.00e+00h  1
1438  1.1655070e+00 2.91e-05 2.20e-01  -4.0 1.70e-02    -  1.00e+00 1.00e+00h  1
1439  1.1637525e+00 3.42e-05 1.77e-01  -4.1 1.68e-02    -  1.00e+00 1.00e+00h  1
iter    objective    inf_pr   inf_du lg(mu)  ||d||  lg(rg) alpha_du alpha_pr  ls
1440  1.1635364e+00 4.91e-05 1.60e+00  -4.1 2.79e-02    -  1.00e+00 1.00e+00h  1
1441  1.1634578e+00 4.17e-05 1.27e-01  -4.1 2.48e-02    -  1.00e+00 1.00e+00h  1
1442  1.1636460e+00 2.34e-06 1.60e-01  -4.1 2.80e-03    -  1.00e+00 1.00e+00h  1
1443  1.1636538e+00 1.36e-06 2.08e-02  -4.1 7.63e-04    -  1.00e+00 1.00e+00h  1
1444  1.1636558e+00 4.44e-07 8.83e-03  -4.1 2.14e-04    -  1.00e+00 1.00e+00h  1
1445  1.1655844e+00 4.40e-05 3.44e-01  -4.0 1.98e-02    -  1.00e+00 1.00e+00h  1
1446  1.1637647e+00 5.51e-05 1.75e-01  -4.1 1.92e-02    -  1.00e+00 1.00e+00h  1
1447  1.1636022e+00 3.23e-05 7.15e-01  -4.1 2.65e-02    -  1.00e+00 1.00e+00h  1
1448  1.1635212e+00 1.94e-05 1.54e-01  -4.1 2.27e-02    -  1.00e+00 1.00e+00h  1
1449  1.1636436e+00 4.52e-06 1.49e-01  -4.1 2.31e-03    -  1.00e+00 1.00e+00h  1
iter    objective    inf_pr   inf_du lg(mu)  ||d||  lg(rg) alpha_du alpha_pr  ls
1450  1.1636472e+00 9.09e-07 3.63e-02  -4.1 1.75e-03    -  1.00e+00 1.00e+00h  1
1451  1.1636513e+00 7.14e-07 6.56e-03  -4.1 1.50e-04    -  1.00e+00 1.00e+00h  1
1452  1.1655965e+00 5.35e-05 2.45e-01  -4.0 2.06e-02    -  1.00e+00 1.00e+00h  1
1453  1.1637568e+00 6.96e-05 2.96e-01  -4.1 2.26e-02    -  1.00e+00 1.00e+00h  1
1454  1.1635486e+00 5.39e-05 8.55e-01  -4.1 3.75e-02    -  1.00e+00 1.00e+00h  1
1455  1.1635433e+00 4.98e-05 1.90e-01  -4.1 3.61e-02    -  1.00e+00 1.00e+00h  1
1456  1.1636378e+00 4.91e-06 1.37e-01  -4.1 3.36e-03    -  1.00e+00 1.00e+00h  1
1457  1.1656281e+00 6.46e-05 2.98e-01  -4.0 2.44e-02    -  1.00e+00 1.00e+00h  1
1458  1.1637509e+00 9.20e-05 1.48e+00  -4.1 3.14e-02    -  1.00e+00 1.00e+00h  1
1459  1.1634597e+00 3.55e-05 2.03e-01  -4.1 2.56e-02    -  1.00e+00 1.00e+00h  1
iter    objective    inf_pr   inf_du lg(mu)  ||d||  lg(rg) alpha_du alpha_pr  ls
1460  1.1656472e+00 7.70e-05 3.41e-01  -4.0 2.57e-02    -  1.00e+00 1.00e+00h  1
1461  1.1637379e+00 6.69e-05 6.78e-01  -4.1 2.78e-02    -  1.00e+00 1.00e+00h  1
1462  1.1635492e+00 1.44e-05 3.56e-01  -4.1 1.44e-02    -  1.00e+00 1.00e+00h  1
1463  1.1635986e+00 1.26e-05 2.43e-01  -4.1 5.45e-03    -  1.00e+00 1.00e+00h  1
1464  1.1636435e+00 1.63e-06 7.70e-02  -4.1 1.55e-03    -  1.00e+00 1.00e+00h  1
1465  1.1636415e+00 1.19e-06 3.06e-02  -4.1 1.03e-03    -  1.00e+00 1.00e+00h  1
1466  1.1656593e+00 7.23e-05 3.48e-01  -4.0 2.53e-02    -  1.00e+00 1.00e+00h  1
1467  1.1637614e+00 7.81e-05 6.09e-01  -4.1 2.52e-02    -  1.00e+00 1.00e+00h  1
1468  1.1636413e+00 1.51e-05 4.92e-01  -4.1 1.57e-02    -  1.00e+00 1.00e+00h  1
1469  1.1636344e+00 1.32e-05 4.95e-01  -4.1 1.29e-02    -  1.00e+00 1.00e+00h  1
iter    objective    inf_pr   inf_du lg(mu)  ||d||  lg(rg) alpha_du alpha_pr  ls
1470  1.1636074e+00 6.33e-06 9.42e-02  -4.1 4.29e-03    -  1.00e+00 1.00e+00h  1
1471  1.1636360e+00 1.44e-06 4.39e-02  -4.1 1.08e-03    -  1.00e+00 1.00e+00h  1
1472  1.1656690e+00 7.68e-05 1.42e-01  -4.0 2.49e-02    -  1.00e+00 1.00e+00h  1
1473  1.1637633e+00 7.84e-05 8.12e-01  -4.1 3.44e-02    -  1.00e+00 1.00e+00h  1
1474  1.1634983e+00 1.80e-05 2.07e-01  -4.1 2.06e-02    -  1.00e+00 1.00e+00h  1
1475  1.1656622e+00 8.37e-05 2.37e-01  -4.0 2.70e-02    -  1.00e+00 1.00e+00h  1
1476  1.1637523e+00 7.75e-05 5.08e-01  -4.1 2.54e-02    -  1.00e+00 1.00e+00h  1
1477  1.1635971e+00 1.42e-05 4.76e-01  -4.1 1.42e-02    -  1.00e+00 1.00e+00h  1
1478  1.1636268e+00 7.69e-06 1.74e-01  -4.1 5.03e-03    -  1.00e+00 1.00e+00h  1
1479  1.1636497e+00 2.18e-06 5.41e-02  -4.1 2.52e-03    -  1.00e+00 1.00e+00h  1
iter    objective    inf_pr   inf_du lg(mu)  ||d||  lg(rg) alpha_du alpha_pr  ls
1480  1.1636560e+00 4.35e-07 2.39e-02  -4.1 7.27e-04    -  1.00e+00 1.00e+00h  1
1481  1.1636563e+00 6.77e-07 9.63e-03  -4.1 3.54e-04    -  1.00e+00 1.00e+00h  1
1482  1.1636536e+00 2.08e-06 1.68e-02  -4.1 7.46e-04    -  1.00e+00 1.00e+00h  1
1483  1.1636530e+00 2.26e-06 2.65e-02  -4.1 9.75e-04    -  1.00e+00 1.00e+00h  1
1484  1.1636497e+00 1.49e-06 4.06e-02  -4.1 1.16e-03    -  1.00e+00 1.00e+00h  1
1485  1.1636448e+00 9.32e-07 1.39e-02  -4.1 5.09e-04    -  1.00e+00 1.00e+00h  1
1486  1.1647106e+00 1.54e-05 2.15e-01  -4.0 6.89e-03    -  1.00e+00 1.00e+00h  1
1487  1.1637331e+00 1.95e-05 9.09e-02  -4.1 6.40e-03    -  1.00e+00 1.00e+00h  1
1488  1.1636110e+00 2.12e-05 6.04e-01  -4.1 9.74e-03    -  1.00e+00 1.00e+00h  1
1489  1.1635808e+00 2.16e-05 4.45e-02  -4.1 8.14e-03    -  1.00e+00 1.00e+00h  1
iter    objective    inf_pr   inf_du lg(mu)  ||d||  lg(rg) alpha_du alpha_pr  ls
1490  1.1652682e+00 2.75e-05 1.76e-01  -4.0 1.21e-02    -  1.00e+00 1.00e+00h  1
1491  1.1636899e+00 3.11e-05 2.19e-01  -4.1 1.23e-02    -  1.00e+00 1.00e+00h  1
1492  1.1635749e+00 1.41e-05 8.54e-01  -4.1 1.75e-02    -  1.00e+00 1.00e+00h  1
1493  1.1636513e+00 9.36e-06 1.46e-01  -4.1 1.26e-02    -  1.00e+00 1.00e+00h  1
1494  1.1636558e+00 1.01e-06 1.21e-01  -4.1 1.71e-03    -  1.00e+00 1.00e+00h  1
1495  1.1636550e+00 1.85e-07 1.02e-02  -4.1 7.56e-04    -  1.00e+00 1.00e+00h  1
1496  1.1653982e+00 2.98e-05 1.06e-01  -4.0 1.43e-02    -  1.00e+00 1.00e+00h  1
1497  1.1637009e+00 3.12e-05 1.36e-01  -4.1 1.36e-02    -  1.00e+00 1.00e+00h  1
1498  1.1636045e+00 2.30e-05 1.23e+00  -4.1 2.64e-02    -  1.00e+00 1.00e+00h  1
1499  1.1635234e+00 2.64e-05 8.00e-02  -4.1 2.52e-02    -  1.00e+00 1.00e+00h  1
iter    objective    inf_pr   inf_du lg(mu)  ||d||  lg(rg) alpha_du alpha_pr  ls
1500  1.1636545e+00 4.70e-06 8.39e-02  -4.1 1.78e-03    -  1.00e+00 1.00e+00h  1
1501  1.1636571e+00 4.83e-06 3.30e-02  -4.1 4.97e-04    -  1.00e+00 1.00e+00h  1
1502  1.1636560e+00 4.41e-07 7.89e-03  -4.1 1.59e-04    -  1.00e+00 1.00e+00h  1
1503  1.1636526e+00 6.98e-07 8.13e-03  -4.1 3.15e-04    -  1.00e+00 1.00e+00h  1
1504  1.1655609e+00 6.49e-05 6.14e-01  -4.0 2.02e-02    -  1.00e+00 1.00e+00h  1
1505  1.1637402e+00 6.82e-05 6.59e-02  -4.1 2.02e-02    -  1.00e+00 1.00e+00h  1
1506  1.1636445e+00 2.76e-06 2.06e-01  -4.1 3.64e-03    -  1.00e+00 1.00e+00h  1
1507  1.1636463e+00 1.75e-06 2.61e-02  -4.1 3.04e-03    -  1.00e+00 1.00e+00h  1
1508  1.1636465e+00 5.17e-07 2.51e-02  -4.1 3.94e-04    -  1.00e+00 1.00e+00h  1
1509  1.1655313e+00 7.49e-05 4.02e-01  -4.0 2.22e-02    -  1.00e+00 1.00e+00h  1
iter    objective    inf_pr   inf_du lg(mu)  ||d||  lg(rg) alpha_du alpha_pr  ls
1510  1.1637897e+00 7.59e-05 1.70e-01  -4.1 2.20e-02    -  1.00e+00 1.00e+00h  1
1511  1.1635268e+00 1.27e-04 2.69e+00  -4.1 4.54e-02    -  1.00e+00 1.00e+00h  1
1512  1.1631872e+00 1.37e-04 1.68e-01  -4.1 4.60e-02    -  1.00e+00 1.00e+00h  1
1513  1.1635954e+00 2.86e-06 1.60e-01  -4.1 5.13e-03    -  1.00e+00 1.00e+00h  1
1514  1.1656084e+00 8.78e-05 3.02e-01  -4.0 2.49e-02    -  1.00e+00 1.00e+00h  1
1515  1.1637811e+00 9.12e-05 4.79e-01  -4.1 2.32e-02    -  1.00e+00 1.00e+00h  1
1516  1.1635531e+00 4.20e-05 4.84e-01  -4.1 1.27e-02    -  1.00e+00 1.00e+00h  1
1517  1.1636136e+00 5.83e-06 3.40e-01  -4.1 9.34e-03    -  1.00e+00 1.00e+00h  1
1518  1.1636302e+00 4.55e-06 1.03e-01  -4.1 2.50e-03    -  1.00e+00 1.00e+00h  1
1519  1.1656557e+00 9.25e-05 1.16e-01  -4.0 2.54e-02    -  1.00e+00 1.00e+00h  1
iter    objective    inf_pr   inf_du lg(mu)  ||d||  lg(rg) alpha_du alpha_pr  ls
1520  1.1637738e+00 9.22e-05 1.14e+00  -4.1 3.17e-02    -  1.00e+00 1.00e+00h  1
1521  1.1634234e+00 4.12e-05 2.50e-01  -4.1 2.28e-02    -  1.00e+00 1.00e+00h  1
1522  1.1636159e+00 5.94e-06 9.28e-02  -4.1 2.36e-03    -  1.00e+00 1.00e+00h  1
1523  1.1636388e+00 1.61e-06 7.37e-02  -4.1 1.62e-03    -  1.00e+00 1.00e+00h  1
1524  1.1636385e+00 1.89e-06 2.65e-02  -4.1 8.77e-04    -  1.00e+00 1.00e+00h  1
1525  1.1636370e+00 7.91e-07 1.81e-02  -4.1 2.68e-04    -  1.00e+00 1.00e+00h  1
1526  1.1651812e+00 3.48e-05 4.17e-01  -4.0 1.70e-02    -  1.00e+00 1.00e+00h  1
1527  1.1637964e+00 2.98e-05 1.02e-01  -4.1 1.51e-02    -  1.00e+00 1.00e+00h  1
1528  1.1636189e+00 1.23e-05 7.71e-01  -4.1 1.82e-02    -  1.00e+00 1.00e+00h  1
1529  1.1636162e+00 1.79e-05 8.89e-02  -4.1 1.57e-02    -  1.00e+00 1.00e+00h  1
iter    objective    inf_pr   inf_du lg(mu)  ||d||  lg(rg) alpha_du alpha_pr  ls
1530  1.1636453e+00 2.22e-06 5.03e-02  -4.1 2.15e-03    -  1.00e+00 1.00e+00h  1
1531  1.1636460e+00 9.61e-07 9.16e-03  -4.1 1.21e-03    -  1.00e+00 1.00e+00h  1
1532  1.1636420e+00 8.75e-07 5.60e-03  -4.1 8.35e-05    -  1.00e+00 1.00e+00h  1
1533  1.1656443e+00 7.77e-05 5.59e-01  -4.0 2.36e-02    -  1.00e+00 1.00e+00h  1
1534  1.1637440e+00 7.71e-05 1.05e-01  -4.1 2.31e-02    -  1.00e+00 1.00e+00h  1
1535  1.1636000e+00 1.88e-04 1.97e+00  -4.1 6.55e-02    -  1.00e+00 1.00e+00h  1
1536  1.1630647e+00 2.11e-04 2.50e-01  -4.1 6.41e-02    -  1.00e+00 1.00e+00h  1
1537  1.1635901e+00 4.03e-06 4.55e-01  -4.1 8.00e-03    -  1.00e+00 1.00e+00h  1
1538  1.1656387e+00 8.96e-05 3.21e-01  -4.0 2.56e-02    -  1.00e+00 1.00e+00h  1
1539  1.1636953e+00 3.50e-04 3.89e+00  -4.1 7.68e-02    -  1.00e+00 1.00e+00h  1
iter    objective    inf_pr   inf_du lg(mu)  ||d||  lg(rg) alpha_du alpha_pr  ls
1540  1.1624848e+00 2.27e-04 4.09e-01  -4.1 9.22e-02    -  1.00e+00 1.00e+00h  1
1541  1.1657470e+00 1.12e-05 7.33e-01  -4.0 2.76e-02    -  1.00e+00 1.00e+00H  1
1542  1.1637204e+00 1.06e-04 5.27e-01  -4.1 2.72e-02    -  1.00e+00 1.00e+00h  1
1543  1.1635176e+00 3.39e-05 1.43e+00  -4.1 2.60e-02    -  1.00e+00 1.00e+00h  1
1544  1.1634925e+00 3.09e-05 2.06e-01  -4.1 2.59e-02    -  1.00e+00 1.00e+00h  1
1545  1.1636321e+00 2.79e-06 7.66e-02  -4.1 1.41e-03    -  1.00e+00 1.00e+00h  1
1546  1.1656765e+00 9.18e-05 7.44e-01  -4.0 2.56e-02    -  1.00e+00 1.00e+00h  1
1547  1.1637514e+00 1.20e-04 1.07e+00  -4.1 3.15e-02    -  1.00e+00 1.00e+00h  1
1548  1.1634799e+00 1.49e-05 1.93e-01  -4.1 2.22e-02    -  1.00e+00 1.00e+00h  1
1549  1.1635962e+00 7.67e-06 2.33e-01  -4.1 4.62e-03    -  1.00e+00 1.00e+00h  1
iter    objective    inf_pr   inf_du lg(mu)  ||d||  lg(rg) alpha_du alpha_pr  ls
1550  1.1636331e+00 1.22e-06 1.20e-01  -4.1 3.45e-03    -  1.00e+00 1.00e+00h  1
1551  1.1656649e+00 9.49e-05 1.96e-01  -4.0 2.59e-02    -  1.00e+00 1.00e+00h  1
1552  1.1637469e+00 7.89e-05 1.62e+00  -4.1 2.94e-02    -  1.00e+00 1.00e+00h  1
1553  1.1635222e+00 2.66e-05 1.78e-01  -4.1 1.80e-02    -  1.00e+00 1.00e+00h  1
1554  1.1636035e+00 8.37e-06 1.32e-01  -4.1 4.56e-03    -  1.00e+00 1.00e+00h  1
1555  1.1636343e+00 1.19e-06 2.80e-02  -4.1 1.40e-03    -  1.00e+00 1.00e+00h  1
1556  1.1656713e+00 9.54e-05 1.65e-01  -4.0 2.64e-02    -  1.00e+00 1.00e+00h  1
1557  1.1637615e+00 1.29e-04 6.66e-01  -4.1 3.78e-02    -  1.00e+00 1.00e+00h  1
1558  1.1635416e+00 1.42e-05 3.05e-01  -4.1 1.43e-02    -  1.00e+00 1.00e+00h  1
1559  1.1656628e+00 1.20e-04 3.72e-01  -4.0 2.98e-02    -  1.00e+00 1.00e+00h  1
iter    objective    inf_pr   inf_du lg(mu)  ||d||  lg(rg) alpha_du alpha_pr  ls
1560  1.1637297e+00 9.07e-05 1.23e+00  -4.1 3.52e-02    -  1.00e+00 1.00e+00h  1
1561  1.1635262e+00 5.32e-05 1.87e-01  -4.1 2.39e-02    -  1.00e+00 1.00e+00h  1
1562  1.1636116e+00 3.52e-06 2.77e-01  -4.1 4.80e-03    -  1.00e+00 1.00e+00h  1
1563  1.1636163e+00 2.67e-06 4.45e-02  -4.1 2.83e-03    -  1.00e+00 1.00e+00h  1
1564  1.1656323e+00 9.98e-05 4.48e-01  -4.0 2.75e-02    -  1.00e+00 1.00e+00h  1
1565  1.1637785e+00 9.24e-05 6.47e-01  -4.1 2.83e-02    -  1.00e+00 1.00e+00h  1
1566  1.1635813e+00 2.09e-05 4.58e-01  -4.1 2.93e-02    -  1.00e+00 1.00e+00h  1
1567  1.1636006e+00 8.01e-06 4.10e-01  -4.1 8.57e-03    -  1.00e+00 1.00e+00h  1
1568  1.1636135e+00 3.86e-06 1.34e-01  -4.1 3.99e-03    -  1.00e+00 1.00e+00h  1
1569  1.1656796e+00 1.02e-04 3.03e-01  -4.0 2.82e-02    -  1.00e+00 1.00e+00h  1
iter    objective    inf_pr   inf_du lg(mu)  ||d||  lg(rg) alpha_du alpha_pr  ls
1570  1.1637409e+00 1.50e-04 1.37e+00  -4.1 3.61e-02    -  1.00e+00 1.00e+00h  1
1571  1.1633802e+00 3.19e-05 1.20e-01  -4.1 3.21e-02    -  1.00e+00 1.00e+00h  1
1572  1.1636063e+00 3.16e-06 3.48e-01  -4.1 6.03e-03    -  1.00e+00 1.00e+00h  1
1573  1.1636014e+00 4.20e-06 4.64e-02  -4.1 3.04e-03    -  1.00e+00 1.00e+00h  1
1574  1.1636193e+00 7.37e-07 2.22e-02  -4.1 4.35e-04    -  1.00e+00 1.00e+00h  1
1575  1.1656828e+00 9.78e-05 1.00e-01  -4.0 2.82e-02    -  1.00e+00 1.00e+00h  1
1576  1.1637711e+00 1.02e-04 6.10e-01  -4.1 2.71e-02    -  1.00e+00 1.00e+00h  1
1577  1.1636243e+00 2.90e-05 3.34e-01  -4.1 1.23e-02    -  1.00e+00 1.00e+00h  1
1578  1.1635844e+00 1.87e-06 2.71e-01  -4.1 5.46e-03    -  1.00e+00 1.00e+00h  1
1579  1.1656709e+00 1.01e-04 2.73e-01  -4.0 2.90e-02    -  1.00e+00 1.00e+00h  1
iter    objective    inf_pr   inf_du lg(mu)  ||d||  lg(rg) alpha_du alpha_pr  ls
1580  1.1637535e+00 1.39e-04 6.76e-01  -4.1 3.57e-02    -  1.00e+00 1.00e+00h  1
1581  1.1634984e+00 3.14e-05 2.91e-01  -4.1 2.58e-02    -  1.00e+00 1.00e+00h  1
1582  1.1635947e+00 6.80e-06 2.54e-01  -4.1 5.38e-03    -  1.00e+00 1.00e+00h  1
1583  1.1636088e+00 2.85e-06 4.70e-02  -4.1 3.29e-03    -  1.00e+00 1.00e+00h  1
1584  1.1656792e+00 1.02e-04 3.45e-01  -4.0 2.87e-02    -  1.00e+00 1.00e+00h  1
1585  1.1637500e+00 8.39e-05 6.54e-01  -4.1 2.74e-02    -  1.00e+00 1.00e+00h  1
1586  1.1635669e+00 2.93e-05 2.64e-01  -4.1 1.31e-02    -  1.00e+00 1.00e+00h  1
1587  1.1636075e+00 1.33e-05 3.74e-01  -4.1 8.74e-03    -  1.00e+00 1.00e+00h  1
1588  1.1636060e+00 1.92e-06 1.18e-01  -4.1 4.23e-03    -  1.00e+00 1.00e+00h  1
1589  1.1656908e+00 1.02e-04 1.83e-01  -4.0 2.91e-02    -  1.00e+00 1.00e+00h  1
iter    objective    inf_pr   inf_du lg(mu)  ||d||  lg(rg) alpha_du alpha_pr  ls
1590  1.1637392e+00 1.34e-04 7.60e-01  -4.1 3.97e-02    -  1.00e+00 1.00e+00h  1
1591  1.1635455e+00 2.31e-05 1.47e-01  -4.1 1.92e-02    -  1.00e+00 1.00e+00h  1
1592  1.1636007e+00 9.39e-06 2.77e-01  -4.1 5.74e-03    -  1.00e+00 1.00e+00h  1
1593  1.1636212e+00 3.53e-06 2.36e-02  -4.1 3.14e-03    -  1.00e+00 1.00e+00h  1
1594  1.1636177e+00 1.15e-06 1.22e-02  -4.1 4.07e-04    -  1.00e+00 1.00e+00h  1
1595  1.1656885e+00 1.02e-04 9.02e-02  -4.0 2.92e-02    -  1.00e+00 1.00e+00h  1
1596  1.1637570e+00 7.01e-05 1.84e+00  -4.1 5.98e-02    -  1.00e+00 1.00e+00h  1
1597  1.1634282e+00 1.11e-04 8.19e-02  -4.1 4.70e-02    -  1.00e+00 1.00e+00h  1
1598  1.1636121e+00 6.96e-06 9.43e-02  -4.1 3.12e-03    -  1.00e+00 1.00e+00h  1
1599  1.1636307e+00 3.69e-06 3.93e-02  -4.1 1.42e-03    -  1.00e+00 1.00e+00h  1
iter    objective    inf_pr   inf_du lg(mu)  ||d||  lg(rg) alpha_du alpha_pr  ls
1600  1.1636283e+00 1.85e-06 3.54e-02  -4.1 7.35e-04    -  1.00e+00 1.00e+00h  1
1601  1.1636293e+00 7.54e-07 1.11e-02  -4.1 3.60e-04    -  1.00e+00 1.00e+00H  1
1602  1.1649346e+00 3.27e-05 5.29e-01  -4.0 1.44e-02    -  1.00e+00 1.00e+00h  1
1603  1.1637828e+00 3.49e-05 1.07e-01  -4.1 1.30e-02    -  1.00e+00 1.00e+00h  1
1604  1.1635972e+00 6.32e-05 1.15e+00  -4.1 2.51e-02    -  1.00e+00 1.00e+00h  1
1605  1.1634621e+00 2.54e-05 6.43e-02  -4.1 2.48e-02    -  1.00e+00 1.00e+00h  1
1606  1.1636320e+00 1.91e-06 5.05e-02  -4.1 1.98e-03    -  1.00e+00 1.00e+00h  1
1607  1.1636378e+00 7.93e-07 3.51e-02  -4.1 6.79e-04    -  1.00e+00 1.00e+00h  1
1608  1.1636357e+00 5.53e-07 5.78e-03  -4.1 1.81e-04    -  1.00e+00 1.00e+00h  1
1609  1.1636349e+00 1.35e-06 7.36e-03  -4.1 2.09e-04    -  1.00e+00 1.00e+00H  1
iter    objective    inf_pr   inf_du lg(mu)  ||d||  lg(rg) alpha_du alpha_pr  ls
1610  1.1636346e+00 2.09e-07 9.05e-03  -4.1 1.27e-04    -  1.00e+00 1.00e+00h  1
1611  1.1649648e+00 2.63e-05 3.31e-01  -4.0 1.18e-02    -  1.00e+00 1.00e+00h  1
1612  1.1637498e+00 2.26e-05 3.22e-02  -4.1 1.08e-02    -  1.00e+00 1.00e+00h  1
1613  1.1636343e+00 3.45e-06 2.04e-01  -4.1 3.00e-03    -  1.00e+00 1.00e+00h  1
1614  1.1636453e+00 3.12e-06 1.76e-02  -4.1 2.57e-03    -  1.00e+00 1.00e+00h  1
1615  1.1636368e+00 4.85e-07 1.53e-02  -4.1 3.30e-04    -  1.00e+00 1.00e+00h  1
1616  1.1636338e+00 4.66e-07 6.17e-03  -4.1 1.25e-04    -  1.00e+00 1.00e+00h  1
1617  1.1636319e+00 1.92e-07 4.74e-03  -4.1 1.26e-04    -  1.00e+00 1.00e+00h  1
1618  1.1655361e+00 6.20e-05 4.85e-01  -4.0 2.25e-02    -  1.00e+00 1.00e+00h  1
1619  1.1637721e+00 6.53e-05 9.42e-02  -4.1 2.31e-02    -  1.00e+00 1.00e+00h  1
iter    objective    inf_pr   inf_du lg(mu)  ||d||  lg(rg) alpha_du alpha_pr  ls
1620  1.1636009e+00 1.36e-04 2.14e+00  -4.1 3.83e-02    -  1.00e+00 1.00e+00h  1
1621  1.1631095e+00 1.03e-04 1.66e-01  -4.1 3.75e-02    -  1.00e+00 1.00e+00h  1
1622  1.1635913e+00 6.04e-06 1.98e-01  -4.1 4.13e-03    -  1.00e+00 1.00e+00h  1
1623  1.1636193e+00 2.06e-06 7.05e-02  -4.1 1.41e-03    -  1.00e+00 1.00e+00h  1
1624  1.1636274e+00 7.67e-07 1.86e-02  -4.1 4.31e-04    -  1.00e+00 1.00e+00h  1
1625  1.1636290e+00 2.62e-07 8.58e-03  -4.1 4.09e-04    -  1.00e+00 1.00e+00h  1
1626  1.1651065e+00 1.87e-05 3.24e-01  -4.0 1.34e-02    -  1.00e+00 1.00e+00h  1
1627  1.1637182e+00 1.80e-05 7.09e-02  -4.1 1.38e-02    -  1.00e+00 1.00e+00h  1
1628  1.1636306e+00 5.00e-06 3.78e-01  -4.1 6.80e-03    -  1.00e+00 1.00e+00h  1
1629  1.1636226e+00 3.57e-06 1.36e-02  -4.1 5.84e-03    -  1.00e+00 1.00e+00h  1
iter    objective    inf_pr   inf_du lg(mu)  ||d||  lg(rg) alpha_du alpha_pr  ls
1630  1.1636382e+00 1.30e-06 1.19e-02  -4.1 2.39e-04    -  1.00e+00 1.00e+00h  1
1631  1.1636351e+00 7.75e-07 5.16e-03  -4.1 1.28e-04    -  1.00e+00 1.00e+00h  1
1632  1.1636320e+00 4.80e-07 1.77e-02  -4.1 5.28e-04    -  1.00e+00 1.00e+00h  1
1633  1.1636307e+00 3.07e-06 7.84e-03  -4.1 2.35e-04    -  1.00e+00 1.00e+00h  1
1634  1.1636303e+00 2.98e-06 4.32e-03  -4.1 1.10e-04    -  1.00e+00 1.00e+00h  1
1635  1.1636300e+00 1.10e-06 1.49e-03  -4.1 4.26e-05    -  1.00e+00 1.00e+00h  1
1636  1.1636289e+00 1.01e-06 9.80e-03  -4.1 2.12e-04    -  1.00e+00 1.00e+00h  1
1637  1.1636273e+00 1.23e-06 2.44e-02  -4.1 4.85e-04    -  1.00e+00 1.00e+00h  1
1638  1.1636263e+00 1.56e-06 1.17e-02  -4.1 2.15e-04    -  1.00e+00 1.00e+00h  1
1639  1.1636270e+00 2.24e-06 4.25e-03  -4.1 9.21e-05    -  1.00e+00 1.00e+00h  1
iter    objective    inf_pr   inf_du lg(mu)  ||d||  lg(rg) alpha_du alpha_pr  ls
1640  1.1636268e+00 2.10e-06 1.11e-03  -4.1 4.59e-05    -  1.00e+00 1.00e+00h  1
1641  1.1636267e+00 2.14e-07 4.39e-04  -4.1 2.46e-05    -  1.00e+00 1.00e+00h  1
1642  1.1653459e+00 5.53e-05 5.91e-01  -4.0 2.32e-02    -  1.00e+00 1.00e+00h  1
1643  1.1637906e+00 5.12e-05 6.76e-02  -4.1 2.13e-02    -  1.00e+00 1.00e+00h  1
1644  1.1636148e+00 1.47e-05 8.41e-01  -4.1 1.06e-02    -  1.00e+00 1.00e+00h  1
1645  1.1635979e+00 1.35e-05 4.78e-02  -4.1 9.96e-03    -  1.00e+00 1.00e+00h  1
1646  1.1636294e+00 1.26e-06 6.62e-02  -4.1 9.73e-04    -  1.00e+00 1.00e+00h  1
1647  1.1636306e+00 3.83e-07 1.45e-02  -4.1 5.76e-04    -  1.00e+00 1.00e+00h  1
1648  1.1636290e+00 4.23e-07 2.34e-03  -4.1 5.72e-05    -  1.00e+00 1.00e+00h  1
1649  1.1636273e+00 3.93e-07 1.61e-02  -4.1 3.47e-04    -  1.00e+00 1.00e+00h  1
iter    objective    inf_pr   inf_du lg(mu)  ||d||  lg(rg) alpha_du alpha_pr  ls
1650  1.1636272e+00 2.04e-07 5.15e-03  -4.1 2.80e-04    -  1.00e+00 1.00e+00h  1
1651  1.1636270e+00 3.42e-07 5.27e-03  -4.1 6.73e-05    -  1.00e+00 1.00e+00h  1
1652  1.1636269e+00 1.05e-07 9.60e-04  -4.1 2.92e-05    -  1.00e+00 1.00e+00H  1
1653  1.1649332e+00 3.93e-05 3.34e-01  -4.0 1.41e-02    -  1.00e+00 1.00e+00h  1
1654  1.1638004e+00 3.50e-05 5.85e-02  -4.1 1.32e-02    -  1.00e+00 1.00e+00h  1
1655  1.1636361e+00 1.39e-05 1.01e+00  -4.1 1.27e-02    -  1.00e+00 1.00e+00h  1
1656  1.1636033e+00 1.51e-05 4.38e-02  -4.1 1.07e-02    -  1.00e+00 1.00e+00h  1
1657  1.1636315e+00 2.79e-07 1.83e-02  -4.1 4.34e-04    -  1.00e+00 1.00e+00h  1
1658  1.1636315e+00 2.74e-07 1.84e-02  -4.1 3.56e-04    -  1.00e+00 1.00e+00h  1
1659  1.1636306e+00 2.28e-07 2.83e-03  -4.1 1.25e-04    -  1.00e+00 1.00e+00h  1
iter    objective    inf_pr   inf_du lg(mu)  ||d||  lg(rg) alpha_du alpha_pr  ls
1660  1.1636308e+00 5.13e-08 1.87e-03  -4.1 3.74e-05    -  1.00e+00 1.00e+00h  1
1661  1.1636305e+00 1.01e-07 1.77e-03  -4.1 4.18e-05    -  1.00e+00 1.00e+00H  1
1662  1.1636286e+00 1.93e-06 9.17e-03  -4.1 2.09e-04    -  1.00e+00 1.00e+00H  1
1663  1.1636273e+00 9.78e-08 1.46e-02  -4.1 1.77e-04    -  1.00e+00 1.00e+00H  1
1664  1.1636267e+00 2.07e-07 6.83e-03  -4.1 2.33e-04    -  1.00e+00 1.00e+00H  1
1665  1.1636266e+00 1.06e-06 7.79e-04  -4.1 1.45e-04    -  1.00e+00 1.00e+00h  1
1666  1.1648225e+00 1.88e-05 3.13e-01  -4.0 1.35e-02    -  1.00e+00 1.00e+00h  1
1667  1.1637892e+00 1.85e-05 4.19e-02  -4.1 1.28e-02    -  1.00e+00 1.00e+00h  1
1668  1.1636316e+00 2.65e-06 1.21e-01  -4.1 2.78e-03    -  1.00e+00 1.00e+00h  1
1669  1.1636381e+00 3.37e-06 2.90e-02  -4.1 2.07e-03    -  1.00e+00 1.00e+00h  1
iter    objective    inf_pr   inf_du lg(mu)  ||d||  lg(rg) alpha_du alpha_pr  ls
1670  1.1636299e+00 3.62e-07 4.15e-02  -4.1 7.08e-04    -  1.00e+00 1.00e+00h  1
1671  1.1636294e+00 2.70e-07 5.52e-03  -4.1 4.25e-04    -  1.00e+00 1.00e+00h  1
1672  1.1636281e+00 2.19e-06 2.29e-03  -4.1 6.82e-05    -  1.00e+00 1.00e+00h  1
1673  1.1636263e+00 1.08e-07 4.16e-03  -4.1 1.57e-04    -  1.00e+00 1.00e+00H  1
1674  1.1653735e+00 3.67e-05 4.92e-01  -4.0 1.83e-02    -  1.00e+00 1.00e+00h  1
1675  1.1637284e+00 3.85e-05 7.15e-02  -4.1 1.74e-02    -  1.00e+00 1.00e+00h  1
1676  1.1636259e+00 1.30e-05 7.65e-01  -4.1 9.42e-03    -  1.00e+00 1.00e+00h  1
1677  1.1636187e+00 1.32e-05 3.26e-02  -4.1 8.41e-03    -  1.00e+00 1.00e+00h  1
1678  1.1636305e+00 1.01e-06 2.28e-02  -4.1 2.79e-04    -  1.00e+00 1.00e+00h  1
1679  1.1636293e+00 4.25e-07 2.82e-03  -4.1 6.69e-05    -  1.00e+00 1.00e+00h  1
iter    objective    inf_pr   inf_du lg(mu)  ||d||  lg(rg) alpha_du alpha_pr  ls
1680  1.1636284e+00 1.80e-07 2.78e-03  -4.1 9.31e-05    -  1.00e+00 1.00e+00h  1
1681  1.1636267e+00 3.09e-07 7.16e-03  -4.1 2.19e-04    -  1.00e+00 1.00e+00H  1
1682  1.1636253e+00 5.40e-08 8.26e-03  -4.1 2.12e-04    -  1.00e+00 1.00e+00H  1
1683  1.1650803e+00 4.87e-05 5.75e-01  -4.0 1.42e-02    -  1.00e+00 1.00e+00h  1
1684  1.1637583e+00 4.18e-05 3.84e-02  -4.1 1.36e-02    -  1.00e+00 1.00e+00h  1
1685  1.1636306e+00 4.16e-06 3.77e-01  -4.1 5.63e-03    -  1.00e+00 1.00e+00h  1
1686  1.1636336e+00 3.15e-06 2.56e-02  -4.1 4.65e-03    -  1.00e+00 1.00e+00h  1
1687  1.1636296e+00 2.01e-07 1.08e-02  -4.1 1.75e-04    -  1.00e+00 1.00e+00h  1
1688  1.1636284e+00 3.89e-07 3.45e-03  -4.1 9.57e-05    -  1.00e+00 1.00e+00h  1
1689  1.1636270e+00 2.30e-07 3.62e-03  -4.1 1.05e-04    -  1.00e+00 1.00e+00h  1
iter    objective    inf_pr   inf_du lg(mu)  ||d||  lg(rg) alpha_du alpha_pr  ls
1690  1.1636270e+00 1.81e-07 5.73e-03  -4.1 1.36e-04    -  1.00e+00 1.00e+00H  1
1691  1.1636269e+00 2.39e-07 1.57e-03  -4.1 7.34e-05    -  1.00e+00 1.00e+00h  1
1692  1.1636265e+00 7.23e-08 9.62e-04  -4.1 3.03e-05    -  1.00e+00 1.00e+00H  1
1693  1.1636264e+00 5.00e-08 5.26e-04  -4.1 1.57e-05    -  1.00e+00 1.00e+00h  1
1694  1.1569405e+00 1.25e-03 3.02e+00  -6.1 1.00e-01    -  7.68e-01 8.93e-01f  1
1695  1.1656775e+00 3.60e-03 1.36e+00  -4.0 1.41e-01    -  1.00e+00 1.00e+00f  1
1696  1.1626309e+00 1.10e-03 1.44e+01  -4.1 2.72e-01    -  9.16e-01 6.98e-01h  1
1697  1.1583194e+00 5.11e-04 2.92e+00  -4.1 1.33e-01    -  1.00e+00 1.00e+00h  1
1698  1.1602913e+00 3.21e-04 1.15e+01  -4.0 8.08e-02    -  1.00e+00 3.79e-01h  1
1699  1.1648896e+00 1.13e-04 2.19e+00  -4.0 5.14e-02    -  1.00e+00 1.00e+00h  1
iter    objective    inf_pr   inf_du lg(mu)  ||d||  lg(rg) alpha_du alpha_pr  ls
1700  1.1637312e+00 1.48e-04 9.16e-01  -4.1 3.15e-02    -  1.00e+00 1.00e+00h  1
1701  1.1634471e+00 5.12e-05 2.02e+00  -4.1 4.09e-02    -  1.00e+00 1.00e+00h  1
1702  1.1636378e+00 2.71e-05 2.18e-01  -4.1 2.84e-02    -  1.00e+00 1.00e+00h  1
1703  1.1638303e+00 2.37e-06 1.00e-01  -4.1 3.01e-03    -  1.00e+00 1.00e+00h  1
1704  1.1637858e+00 1.87e-05 2.39e-01  -4.1 1.14e-02    -  1.00e+00 1.00e+00h  1
1705  1.1637719e+00 6.62e-06 3.14e-01  -4.1 3.99e-03    -  1.00e+00 5.00e-01h  2
1706  1.1637320e+00 4.96e-06 4.19e-02  -4.1 2.95e-03    -  1.00e+00 1.00e+00h  1
1707  1.1637106e+00 2.09e-06 3.82e-02  -4.1 1.27e-03    -  1.00e+00 1.00e+00h  1
1708  1.1637022e+00 3.18e-06 8.08e-02  -4.1 2.37e-03    -  1.00e+00 1.00e+00h  1
1709  1.1636806e+00 1.95e-06 9.80e-02  -4.1 1.81e-03    -  1.00e+00 1.00e+00h  1
iter    objective    inf_pr   inf_du lg(mu)  ||d||  lg(rg) alpha_du alpha_pr  ls
1710  1.1636676e+00 1.12e-06 3.67e-02  -4.1 9.79e-04    -  1.00e+00 1.00e+00h  1
1711  1.1636658e+00 7.70e-07 1.40e-02  -4.1 5.88e-04    -  1.00e+00 1.00e+00h  1
1712  1.1636631e+00 1.23e-06 1.34e-02  -4.1 5.06e-04    -  1.00e+00 1.00e+00h  1
1713  1.1636616e+00 2.25e-06 3.08e-02  -4.1 1.19e-03    -  1.00e+00 1.00e+00h  1
1714  1.1636518e+00 4.36e-06 1.26e-01  -4.1 2.69e-03    -  1.00e+00 1.00e+00h  1
1715  1.1636245e+00 4.47e-06 1.63e-01  -4.1 2.46e-03    -  1.00e+00 1.00e+00h  1
1716  1.1636176e+00 1.16e-06 3.27e-02  -4.1 2.32e-03    -  1.00e+00 1.00e+00h  1
1717  1.1636252e+00 1.52e-06 3.88e-02  -4.1 1.25e-03    -  1.00e+00 1.00e+00h  1
1718  1.1636175e+00 1.01e-06 1.87e-02  -4.1 7.26e-04    -  1.00e+00 1.00e+00h  1
1719  1.1650056e+00 2.47e-05 3.16e-01  -4.0 1.01e-02    -  1.00e+00 1.00e+00h  1
iter    objective    inf_pr   inf_du lg(mu)  ||d||  lg(rg) alpha_du alpha_pr  ls
1720  1.1637439e+00 2.28e-05 5.79e-02  -4.1 9.23e-03    -  1.00e+00 1.00e+00h  1
1721  1.1636416e+00 1.29e-05 3.16e-01  -4.1 1.19e-02    -  1.00e+00 1.00e+00h  1
1722  1.1636016e+00 7.71e-06 2.89e-02  -4.1 8.97e-03    -  1.00e+00 1.00e+00h  1
1723  1.1636365e+00 7.38e-07 6.15e-02  -4.1 7.16e-04    -  1.00e+00 1.00e+00h  1
1724  1.1636371e+00 2.20e-07 8.02e-03  -4.1 3.44e-04    -  1.00e+00 1.00e+00h  1
1725  1.1636366e+00 5.60e-07 2.86e-03  -4.1 4.59e-05    -  1.00e+00 1.00e+00H  1
1726  1.1636354e+00 1.12e-07 4.30e-03  -4.1 1.35e-04    -  1.00e+00 1.00e+00H  1
1727  1.1636332e+00 7.96e-08 7.36e-03  -4.1 3.64e-04    -  1.00e+00 1.00e+00H  1
1728  1.1636297e+00 1.52e-06 2.85e-02  -4.1 1.00e-03    -  1.00e+00 1.00e+00H  1
1729  1.1636285e+00 1.69e-06 3.03e-02  -4.1 3.86e-04    -  1.00e+00 1.00e+00h  1
iter    objective    inf_pr   inf_du lg(mu)  ||d||  lg(rg) alpha_du alpha_pr  ls
1730  1.1636274e+00 1.06e-07 1.00e-02  -4.1 2.93e-04    -  1.00e+00 1.00e+00h  1
1731  1.1636265e+00 8.86e-07 4.40e-03  -4.1 2.39e-04    -  1.00e+00 1.00e+00H  1
1732  1.1636269e+00 5.57e-07 1.19e-02  -4.1 5.06e-04    -  1.00e+00 1.00e+00h  1
1733  1.1636246e+00 7.32e-07 3.14e-02  -4.1 9.42e-04    -  1.00e+00 1.00e+00h  1
1734  1.1636223e+00 7.22e-07 2.30e-02  -4.1 4.37e-04    -  1.00e+00 1.00e+00h  1
1735  1.1636242e+00 5.06e-07 2.09e-02  -4.1 3.65e-04    -  1.00e+00 1.00e+00H  1
1736  1.1648980e+00 2.39e-05 2.97e-01  -4.0 1.02e-02    -  1.00e+00 1.00e+00h  1
1737  1.1637425e+00 2.02e-05 5.58e-02  -4.1 9.09e-03    -  1.00e+00 1.00e+00h  1
1738  1.1636317e+00 7.75e-06 2.05e-01  -4.1 5.31e-03    -  1.00e+00 1.00e+00h  1
1739  1.1636223e+00 4.96e-06 3.96e-02  -4.1 4.62e-03    -  1.00e+00 1.00e+00h  1
iter    objective    inf_pr   inf_du lg(mu)  ||d||  lg(rg) alpha_du alpha_pr  ls
1740  1.1636322e+00 1.77e-06 1.15e-01  -4.1 1.56e-03    -  1.00e+00 1.00e+00h  1
1741  1.1636288e+00 1.31e-06 1.17e-02  -4.1 1.16e-03    -  1.00e+00 1.00e+00h  1
1742  1.1636286e+00 6.39e-07 4.79e-03  -4.1 6.42e-05    -  1.00e+00 1.00e+00h  1
1743  1.1636283e+00 4.03e-07 1.58e-03  -4.1 4.95e-05    -  1.00e+00 1.00e+00H  1
1744  1.1636264e+00 1.91e-06 3.57e-03  -4.1 1.65e-04    -  1.00e+00 1.00e+00h  1
1745  1.1636258e+00 1.13e-06 8.63e-03  -4.1 2.02e-04    -  1.00e+00 1.00e+00h  1
1746  1.1636250e+00 6.11e-07 2.80e-03  -4.1 1.25e-04    -  1.00e+00 1.00e+00h  1
1747  1.1636252e+00 2.22e-07 3.58e-03  -4.1 5.07e-05    -  1.00e+00 1.00e+00h  1
1748  1.1647015e+00 3.27e-05 2.50e-01  -4.0 1.45e-02    -  1.00e+00 1.00e+00h  1
1749  1.1637939e+00 2.15e-05 5.44e-02  -4.1 1.30e-02    -  1.00e+00 1.00e+00h  1
iter    objective    inf_pr   inf_du lg(mu)  ||d||  lg(rg) alpha_du alpha_pr  ls
1750  1.1636203e+00 1.08e-05 5.82e-01  -4.1 8.50e-03    -  1.00e+00 1.00e+00h  1
1751  1.1636094e+00 7.76e-06 2.35e-02  -4.1 8.01e-03    -  1.00e+00 1.00e+00h  1
1752  1.1636309e+00 2.06e-06 1.37e-02  -4.1 2.89e-04    -  1.00e+00 1.00e+00h  1
1753  1.1636288e+00 5.66e-07 1.81e-02  -4.1 3.68e-04    -  1.00e+00 1.00e+00h  1
1754  1.1636291e+00 7.34e-07 5.10e-03  -4.1 1.81e-04    -  1.00e+00 1.00e+00h  1
1755  1.1636278e+00 1.05e-07 2.83e-03  -4.1 5.04e-05    -  1.00e+00 1.00e+00h  1
1756  1.1636270e+00 5.00e-08 1.20e-03  -4.1 3.54e-05    -  1.00e+00 1.00e+00h  1
1757  1.1636264e+00 1.60e-07 4.35e-03  -4.1 1.73e-04    -  1.00e+00 1.00e+00h  1
1758  1.1636257e+00 4.90e-07 4.02e-03  -4.1 6.10e-05    -  1.00e+00 1.00e+00h  1
1759  1.1636262e+00 2.50e-08 1.82e-03  -4.1 3.77e-05    -  1.00e+00 1.00e+00H  1
iter    objective    inf_pr   inf_du lg(mu)  ||d||  lg(rg) alpha_du alpha_pr  ls
1760  1.1648323e+00 1.67e-05 2.52e-01  -4.0 1.17e-02    -  1.00e+00 1.00e+00h  1
1761  1.1637374e+00 1.72e-05 3.55e-02  -4.1 1.06e-02    -  1.00e+00 1.00e+00h  1
1762  1.1636234e+00 4.14e-06 2.25e-01  -4.1 4.69e-03    -  1.00e+00 1.00e+00h  1
1763  1.1636185e+00 4.60e-06 3.37e-02  -4.1 4.06e-03    -  1.00e+00 1.00e+00h  1
1764  1.1636311e+00 1.32e-06 3.94e-02  -4.1 5.21e-04    -  1.00e+00 1.00e+00h  1
1765  1.1636295e+00 1.02e-06 3.62e-03  -4.1 2.00e-04    -  1.00e+00 1.00e+00h  1
1766  1.1636296e+00 1.23e-06 1.78e-03  -4.1 4.27e-05    -  1.00e+00 1.00e+00H  1
1767  1.1636282e+00 4.67e-07 6.51e-03  -4.1 2.58e-04    -  1.00e+00 1.00e+00h  1
1768  1.1636267e+00 1.93e-07 6.58e-03  -4.1 1.24e-04    -  1.00e+00 1.00e+00h  1
1769  1.1636270e+00 3.29e-07 2.36e-03  -4.1 1.24e-04    -  1.00e+00 1.00e+00H  1
iter    objective    inf_pr   inf_du lg(mu)  ||d||  lg(rg) alpha_du alpha_pr  ls
1770  1.1636266e+00 6.39e-07 1.14e-03  -4.1 3.56e-05    -  1.00e+00 1.00e+00h  1
1771  1.1636261e+00 2.21e-07 1.16e-03  -4.1 3.72e-05    -  1.00e+00 1.00e+00h  1
1772  1.1636253e+00 1.63e-07 4.74e-03  -4.1 1.28e-04    -  1.00e+00 1.00e+00h  1
1773  1.1636249e+00 1.13e-07 4.55e-03  -4.1 7.04e-05    -  1.00e+00 1.00e+00h  1
1774  1.1649323e+00 3.53e-05 2.68e-01  -4.0 1.73e-02    -  1.00e+00 1.00e+00h  1
1775  1.1638074e+00 3.28e-05 6.16e-02  -4.1 1.57e-02    -  1.00e+00 1.00e+00h  1
1776  1.1636355e+00 1.04e-05 3.53e-01  -4.1 5.12e-03    -  1.00e+00 1.00e+00h  1
1777  1.1636206e+00 7.05e-06 4.19e-02  -4.1 4.56e-03    -  1.00e+00 1.00e+00h  1
1778  1.1636295e+00 1.68e-06 3.54e-02  -4.1 5.05e-04    -  1.00e+00 1.00e+00h  1
1779  1.1636287e+00 3.46e-07 4.79e-03  -4.1 1.69e-04    -  1.00e+00 1.00e+00h  1
iter    objective    inf_pr   inf_du lg(mu)  ||d||  lg(rg) alpha_du alpha_pr  ls
1780  1.1636272e+00 1.42e-06 3.18e-03  -4.1 1.30e-04    -  1.00e+00 1.00e+00h  1
1781  1.1636263e+00 5.69e-07 3.63e-03  -4.1 1.30e-04    -  1.00e+00 1.00e+00h  1
1782  1.1636263e+00 1.30e-06 5.98e-03  -4.1 1.03e-04    -  1.00e+00 1.00e+00h  1
1783  1.1636256e+00 8.24e-07 2.84e-03  -4.1 6.91e-05    -  1.00e+00 1.00e+00h  1
1784  1.1636253e+00 1.81e-07 1.00e-03  -4.1 3.11e-05    -  1.00e+00 1.00e+00h  1
1785  1.1636254e+00 1.61e-07 1.34e-03  -4.1 3.50e-05    -  1.00e+00 1.00e+00H  1
1786  1.1636256e+00 5.67e-07 4.60e-03  -4.1 1.30e-04    -  1.00e+00 1.00e+00H  1
1787  1.1636256e+00 6.92e-08 6.95e-03  -4.1 3.11e-04    -  1.00e+00 2.50e-01h  3
1788  1.1636255e+00 6.35e-07 5.95e-03  -4.1 9.98e-05    -  1.00e+00 1.00e+00H  1
1789  1.1636258e+00 1.56e-07 3.90e-03  -4.1 9.53e-05    -  1.00e+00 1.00e+00h  1
iter    objective    inf_pr   inf_du lg(mu)  ||d||  lg(rg) alpha_du alpha_pr  ls
1790  1.1636251e+00 2.67e-07 9.70e-04  -4.1 7.70e-05    -  1.00e+00 1.00e+00h  1
1791  1.1636255e+00 1.28e-07 2.68e-03  -4.1 3.64e-05    -  1.00e+00 1.00e+00h  1
1792  1.1636254e+00 5.11e-08 1.34e-03  -4.1 3.37e-05    -  1.00e+00 5.00e-01h  2
1793  1.1636253e+00 6.03e-08 1.02e-03  -4.1 5.24e-05    -  1.00e+00 1.00e+00h  1
1794  1.1653543e+00 4.61e-05 5.07e-01  -4.0 1.67e-02    -  1.00e+00 1.00e+00h  1
1795  1.1637334e+00 4.07e-05 3.36e-02  -4.1 1.57e-02    -  1.00e+00 1.00e+00h  1
1796  1.1636274e+00 3.08e-06 1.77e-01  -4.1 2.83e-03    -  1.00e+00 1.00e+00h  1
1797  1.1636203e+00 1.96e-06 2.12e-02  -4.1 2.58e-03    -  1.00e+00 1.00e+00h  1
1798  1.1636282e+00 2.68e-06 1.75e-02  -4.1 2.72e-04    -  1.00e+00 1.00e+00h  1
1799  1.1636275e+00 6.81e-07 5.38e-03  -4.1 1.97e-04    -  1.00e+00 1.00e+00h  1
iter    objective    inf_pr   inf_du lg(mu)  ||d||  lg(rg) alpha_du alpha_pr  ls
1800  1.1636258e+00 1.37e-06 7.59e-03  -4.1 1.32e-04    -  1.00e+00 1.00e+00H  1
1801  1.1636253e+00 2.50e-06 4.14e-03  -4.1 8.00e-05    -  1.00e+00 1.00e+00H  1
1802  1.1636258e+00 2.77e-07 3.83e-03  -4.1 9.64e-05    -  1.00e+00 1.00e+00h  1
1803  1.1636248e+00 1.17e-06 1.58e-03  -4.1 6.21e-05    -  1.00e+00 1.00e+00h  1
1804  1.1636239e+00 1.58e-06 3.52e-03  -4.1 1.06e-04    -  1.00e+00 1.00e+00h  1
1805  1.1636235e+00 2.72e-07 8.30e-03  -4.1 1.26e-04    -  1.00e+00 1.00e+00h  1
1806  1.1654627e+00 1.14e-04 6.75e-01  -4.0 2.97e-02    -  1.00e+00 1.00e+00h  1
1807  1.1637852e+00 9.85e-05 5.03e-02  -4.1 2.82e-02    -  1.00e+00 1.00e+00h  1
1808  1.1636231e+00 1.50e-05 8.12e-01  -4.1 1.56e-02    -  1.00e+00 1.00e+00h  1
1809  1.1635504e+00 2.49e-05 6.00e-02  -4.1 1.57e-02    -  1.00e+00 1.00e+00h  1
iter    objective    inf_pr   inf_du lg(mu)  ||d||  lg(rg) alpha_du alpha_pr  ls
1810  1.1636186e+00 4.22e-07 7.60e-02  -4.1 1.12e-03    -  1.00e+00 1.00e+00h  1
1811  1.1636197e+00 2.51e-07 1.43e-02  -4.1 4.00e-04    -  1.00e+00 1.00e+00h  1
1812  1.1655458e+00 1.22e-04 3.09e-01  -4.0 3.17e-02    -  1.00e+00 1.00e+00h  1
1813  1.1637861e+00 9.91e-05 3.43e-01  -4.1 2.94e-02    -  1.00e+00 1.00e+00h  1
1814  1.1634697e+00 5.80e-05 2.22e+00  -4.1 5.47e-02    -  1.00e+00 1.00e+00h  1
1815  1.1630937e+00 7.14e-05 2.79e-01  -4.1 5.00e-02    -  1.00e+00 1.00e+00h  1
1816  1.1657661e+00 4.84e-06 4.72e-01  -4.0 3.48e-02    -  1.00e+00 1.00e+00H  1
1817  1.1637441e+00 1.80e-04 1.26e+00  -4.1 3.68e-02    -  1.00e+00 1.00e+00h  1
1818  1.1633979e+00 2.58e-05 3.36e-01  -4.1 1.91e-02    -  1.00e+00 1.00e+00h  1
1819  1.1656227e+00 1.40e-04 3.49e-01  -4.0 3.38e-02    -  1.00e+00 1.00e+00h  1
iter    objective    inf_pr   inf_du lg(mu)  ||d||  lg(rg) alpha_du alpha_pr  ls
1820  1.1636458e+00 2.01e-04 2.20e+00  -4.1 5.19e-02    -  1.00e+00 1.00e+00h  1
1821  1.1629831e+00 1.40e-04 1.66e-01  -4.1 4.75e-02    -  1.00e+00 1.00e+00h  1
1822  1.1635878e+00 1.02e-05 2.70e-01  -4.1 7.60e-03    -  1.00e+00 1.00e+00h  1
1823  1.1636197e+00 5.77e-06 1.62e-01  -4.1 3.50e-03    -  1.00e+00 1.00e+00h  1
1824  1.1636253e+00 1.12e-06 2.79e-02  -4.1 1.48e-03    -  1.00e+00 1.00e+00h  1
1825  1.1636253e+00 8.99e-07 1.57e-02  -4.1 5.90e-04    -  1.00e+00 1.00e+00h  1
1826  1.1636245e+00 7.50e-07 7.08e-02  -4.1 1.23e-03    -  1.00e+00 1.00e+00H  1
1827  1.1636240e+00 3.87e-07 2.16e-02  -4.1 5.09e-04    -  1.00e+00 1.00e+00h  1
1828  1.1636265e+00 1.18e-06 3.92e-03  -4.1 1.42e-04    -  1.00e+00 1.00e+00h  1
1829  1.1636260e+00 6.75e-07 3.63e-03  -4.1 2.42e-04    -  1.00e+00 1.00e+00h  1
iter    objective    inf_pr   inf_du lg(mu)  ||d||  lg(rg) alpha_du alpha_pr  ls
1830  1.1636261e+00 3.78e-07 1.85e-02  -4.1 1.09e-03    -  1.00e+00 1.00e+00H  1
1831  1.1636261e+00 5.16e-07 1.87e-02  -4.1 6.57e-04    -  1.00e+00 3.12e-02h  6
1832  1.1636260e+00 2.62e-07 2.13e-02  -4.1 1.14e-03    -  1.00e+00 1.56e-02h  7
1833  1.1636197e+00 3.74e-07 2.73e-02  -4.1 1.79e-03    -  1.00e+00 1.00e+00H  1
1834  1.1652487e+00 3.28e-05 5.83e-01  -4.0 1.63e-02    -  1.00e+00 1.00e+00h  1
1835  1.1636964e+00 3.96e-05 3.56e-02  -4.1 1.59e-02    -  1.00e+00 1.00e+00h  1
1836  1.1636298e+00 5.24e-06 6.61e-02  -4.1 1.99e-03    -  1.00e+00 1.00e+00h  1
1837  1.1636239e+00 3.59e-06 1.10e-02  -4.1 1.37e-03    -  1.00e+00 1.00e+00h  1
1838  1.1636329e+00 3.48e-07 1.24e-02  -4.1 2.41e-04    -  1.00e+00 1.00e+00h  1
1839  1.1636325e+00 3.82e-07 4.08e-03  -4.1 1.11e-04    -  1.00e+00 1.00e+00h  1
iter    objective    inf_pr   inf_du lg(mu)  ||d||  lg(rg) alpha_du alpha_pr  ls
1840  1.1636306e+00 5.76e-07 4.41e-03  -4.1 1.34e-04    -  1.00e+00 1.00e+00H  1
1841  1.1636280e+00 4.19e-07 8.06e-03  -4.1 2.12e-04    -  1.00e+00 1.00e+00H  1
1842  1.1636277e+00 1.23e-06 1.19e-02  -4.1 1.40e-04    -  1.00e+00 1.00e+00h  1
1843  1.1636274e+00 1.32e-06 5.29e-03  -4.1 1.16e-04    -  1.00e+00 1.00e+00h  1
1844  1.1636266e+00 4.27e-07 1.84e-03  -4.1 6.56e-05    -  1.00e+00 1.00e+00h  1
1845  1.1636259e+00 2.06e-07 2.54e-03  -4.1 4.94e-05    -  1.00e+00 1.00e+00h  1
1846  1.1636254e+00 4.17e-08 2.07e-03  -4.1 5.65e-05    -  1.00e+00 1.00e+00h  1
1847  1.1636252e+00 1.92e-07 4.13e-03  -4.1 1.22e-04    -  1.00e+00 1.00e+00h  1
1848  1.1636245e+00 1.47e-06 1.39e-02  -4.1 2.87e-04    -  1.00e+00 1.00e+00h  1
1849  1.1636234e+00 1.57e-06 2.39e-02  -4.1 3.18e-04    -  1.00e+00 1.00e+00h  1
iter    objective    inf_pr   inf_du lg(mu)  ||d||  lg(rg) alpha_du alpha_pr  ls
1850  1.1636222e+00 3.22e-07 6.67e-03  -4.1 2.58e-04    -  1.00e+00 1.00e+00h  1
1851  1.1636249e+00 3.50e-07 1.47e-02  -4.1 1.90e-04    -  1.00e+00 1.00e+00H  1
1852  1.1636235e+00 5.66e-08 3.25e-03  -4.1 1.31e-04    -  1.00e+00 1.00e+00H  1
1853  1.1648710e+00 2.29e-05 6.43e-01  -4.0 1.65e-02    -  1.00e+00 1.00e+00h  1
1854  1.1637231e+00 2.55e-05 4.89e-02  -4.1 1.51e-02    -  1.00e+00 1.00e+00h  1
1855  1.1636195e+00 6.53e-06 3.74e-01  -4.1 9.30e-03    -  1.00e+00 1.00e+00h  1
1856  1.1636334e+00 9.28e-07 2.49e-02  -4.1 8.05e-03    -  1.00e+00 1.00e+00H  1
1857  1.1636341e+00 1.59e-06 3.17e-02  -4.1 4.65e-04    -  1.00e+00 1.00e+00h  1
1858  1.1636294e+00 1.82e-06 5.27e-03  -4.1 2.27e-04    -  1.00e+00 1.00e+00h  1
1859  1.1636294e+00 7.06e-07 2.27e-03  -4.1 5.75e-05    -  1.00e+00 1.00e+00h  1
iter    objective    inf_pr   inf_du lg(mu)  ||d||  lg(rg) alpha_du alpha_pr  ls
1860  1.1636273e+00 1.13e-06 5.22e-03  -4.1 2.01e-04    -  1.00e+00 1.00e+00H  1
1861  1.1636264e+00 7.36e-07 4.73e-03  -4.1 1.72e-04    -  1.00e+00 1.00e+00H  1
1862  1.1636255e+00 5.91e-08 3.94e-03  -4.1 9.62e-05    -  1.00e+00 1.00e+00H  1
1863  1.1636257e+00 3.14e-08 1.79e-03  -4.1 4.87e-05    -  1.00e+00 1.00e+00h  1
1864  1.1636253e+00 4.38e-07 1.27e-03  -4.1 3.28e-05    -  1.00e+00 1.00e+00h  1
1865  1.1636250e+00 4.11e-07 1.95e-03  -4.1 6.58e-05    -  1.00e+00 1.00e+00h  1
1866  1.1636245e+00 1.04e-07 2.54e-03  -4.1 4.86e-05    -  1.00e+00 1.00e+00h  1
1867  1.1636246e+00 2.73e-07 1.09e-03  -4.1 3.29e-05    -  1.00e+00 1.00e+00h  1
1868  1.1636246e+00 5.28e-08 4.94e-04  -4.1 1.99e-05    -  1.00e+00 1.00e+00H  1
1869  1.1650738e+00 4.86e-05 3.98e-01  -4.0 1.99e-02    -  1.00e+00 1.00e+00h  1
iter    objective    inf_pr   inf_du lg(mu)  ||d||  lg(rg) alpha_du alpha_pr  ls
1870  1.1637533e+00 3.96e-05 4.55e-02  -4.1 1.80e-02    -  1.00e+00 1.00e+00h  1
1871  1.1636252e+00 5.01e-06 4.75e-01  -4.1 1.28e-02    -  1.00e+00 1.00e+00h  1
1872  1.1636218e+00 3.26e-06 4.16e-02  -4.1 1.23e-02    -  1.00e+00 1.00e+00h  1
1873  1.1636286e+00 1.74e-06 4.90e-02  -4.1 8.64e-04    -  1.00e+00 1.00e+00h  1
1874  1.1636324e+00 8.74e-07 4.39e-03  -4.1 4.50e-04    -  1.00e+00 1.00e+00h  1
1875  1.1636297e+00 3.50e-08 3.32e-03  -4.1 5.89e-05    -  1.00e+00 1.00e+00h  1
1876  1.1636280e+00 5.71e-07 5.14e-03  -4.1 2.64e-04    -  1.00e+00 1.00e+00h  1
1877  1.1636271e+00 6.68e-07 5.39e-03  -4.1 1.49e-04    -  1.00e+00 1.00e+00h  1
1878  1.1636265e+00 1.04e-07 2.24e-03  -4.1 7.33e-05    -  1.00e+00 1.00e+00h  1
1879  1.1636263e+00 2.07e-07 8.94e-04  -4.1 3.11e-05    -  1.00e+00 1.00e+00H  1
iter    objective    inf_pr   inf_du lg(mu)  ||d||  lg(rg) alpha_du alpha_pr  ls
1880  1.1636259e+00 2.91e-07 1.30e-03  -4.1 4.79e-05    -  1.00e+00 1.00e+00H  1
1881  1.1636257e+00 8.78e-07 7.28e-03  -4.1 3.72e-04    -  1.00e+00 1.00e+00h  1
1882  1.1636251e+00 9.38e-07 2.99e-03  -4.1 2.32e-04    -  1.00e+00 1.00e+00h  1
1883  1.1636250e+00 4.40e-07 5.11e-03  -4.1 1.34e-04    -  1.00e+00 1.00e+00h  1
1884  1.1636253e+00 1.82e-07 8.66e-04  -4.1 1.08e-04    -  1.00e+00 1.00e+00h  1
1885  1.1636250e+00 1.04e-06 8.35e-04  -4.1 2.30e-05    -  1.00e+00 1.00e+00h  1
1886  1.1636250e+00 9.86e-07 9.73e-04  -4.1 2.50e-05    -  1.00e+00 5.00e-01h  2
1887  1.1636247e+00 9.39e-08 3.48e-03  -4.1 1.16e-04    -  1.00e+00 1.00e+00H  1
1888  1.1636246e+00 3.55e-07 4.78e-03  -4.1 7.17e-05    -  1.00e+00 1.00e+00h  1
1889  1.1636243e+00 1.98e-07 2.32e-03  -4.1 8.15e-05    -  1.00e+00 1.00e+00h  1
iter    objective    inf_pr   inf_du lg(mu)  ||d||  lg(rg) alpha_du alpha_pr  ls
1890  1.1636246e+00 1.16e-07 1.52e-03  -4.1 5.49e-05    -  1.00e+00 1.00e+00H  1
1891  1.1636246e+00 3.34e-08 1.49e-03  -4.1 2.85e-05    -  1.00e+00 1.56e-02h  7
1892  1.1649120e+00 2.26e-05 3.66e-01  -4.0 9.09e-03    -  1.00e+00 1.00e+00h  1
1893  1.1637307e+00 2.30e-05 2.27e-02  -4.1 8.43e-03    -  1.00e+00 1.00e+00h  1
1894  1.1636269e+00 1.46e-06 3.87e-02  -4.1 1.46e-03    -  1.00e+00 1.00e+00h  1
1895  1.1636303e+00 2.78e-06 1.51e-02  -4.1 9.47e-04    -  1.00e+00 1.00e+00h  1
1896  1.1636292e+00 3.17e-06 9.52e-03  -4.1 1.64e-04    -  1.00e+00 1.00e+00h  1
1897  1.1636284e+00 1.70e-07 1.94e-03  -4.1 6.82e-05    -  1.00e+00 1.00e+00h  1
1898  1.1636282e+00 1.45e-07 5.90e-03  -4.1 4.49e-05    -  1.00e+00 2.50e-01h  3
1899  1.1636268e+00 1.84e-06 5.37e-03  -4.1 1.70e-04    -  1.00e+00 1.00e+00h  1
iter    objective    inf_pr   inf_du lg(mu)  ||d||  lg(rg) alpha_du alpha_pr  ls
1900  1.1636268e+00 6.33e-07 4.19e-03  -4.1 9.49e-05    -  1.00e+00 1.25e-01h  4
1901  1.1636268e+00 3.05e-08 8.40e-04  -4.1 5.55e-05    -  1.00e+00 1.00e+00H  1
1902  1.1636266e+00 7.31e-08 5.15e-04  -4.1 1.27e-05    -  1.00e+00 1.00e+00H  1
1903  1.1582725e+00 8.07e-04 1.41e+00  -6.1 6.73e-02    -  8.51e-01 8.96e-01f  1
1904  1.1565877e+00 4.42e-04 2.66e+00  -4.9 9.59e-02    -  1.00e+00 6.81e-01h  1
1905  1.1647613e+00 3.80e-03 1.93e+00  -4.0 1.49e-01    -  8.70e-01 1.00e+00h  1
1906  1.1627967e+00 4.48e-04 5.02e+00  -4.1 1.01e-01    -  1.00e+00 1.00e+00h  1
1907  1.1600400e+00 2.99e-04 6.18e-01  -4.1 8.41e-02    -  9.70e-01 1.00e+00h  1
1908  1.1653649e+00 3.85e-04 1.31e+00  -4.0 4.87e-02    -  1.00e+00 1.00e+00h  1
1909  1.1636297e+00 2.08e-04 1.78e+00  -4.1 3.92e-02    -  1.00e+00 1.00e+00h  1
iter    objective    inf_pr   inf_du lg(mu)  ||d||  lg(rg) alpha_du alpha_pr  ls
1910  1.1632968e+00 2.03e-05 1.08e+00  -4.1 2.28e-02    -  1.00e+00 1.00e+00h  1
1911  1.1655576e+00 1.83e-04 5.11e-01  -4.0 3.25e-02    -  1.00e+00 1.00e+00h  1
1912  1.1637254e+00 1.70e-04 1.08e+00  -4.1 3.27e-02    -  1.00e+00 1.00e+00h  1
1913  1.1634354e+00 3.05e-05 4.77e-01  -4.1 2.65e-02    -  1.00e+00 1.00e+00h  1
1914  1.1636754e+00 1.28e-05 3.92e-01  -4.1 6.02e-03    -  1.00e+00 1.00e+00h  1
1915  1.1636886e+00 1.39e-06 6.41e-02  -4.1 1.79e-03    -  1.00e+00 1.00e+00h  1
1916  1.1636816e+00 7.94e-07 2.40e-02  -4.1 7.26e-04    -  1.00e+00 1.00e+00h  1
1917  1.1636671e+00 1.49e-06 6.39e-02  -4.1 1.59e-03    -  1.00e+00 1.00e+00h  1
1918  1.1636586e+00 2.34e-06 5.62e-02  -4.1 1.74e-03    -  1.00e+00 1.00e+00h  1
1919  1.1636499e+00 3.18e-06 8.81e-02  -4.1 2.28e-03    -  1.00e+00 1.00e+00h  1
iter    objective    inf_pr   inf_du lg(mu)  ||d||  lg(rg) alpha_du alpha_pr  ls
1920  1.1636393e+00 7.69e-06 1.44e-01  -4.1 3.09e-03    -  1.00e+00 1.00e+00h  1
1921  1.1636108e+00 5.71e-06 4.09e-02  -4.1 2.41e-03    -  1.00e+00 1.00e+00h  1
1922  1.1636264e+00 7.50e-07 3.72e-02  -4.1 1.02e-03    -  1.00e+00 1.00e+00h  1
1923  1.1636234e+00 1.06e-06 1.60e-02  -4.1 5.09e-04    -  1.00e+00 1.00e+00h  1
1924  1.1636206e+00 1.22e-06 1.77e-02  -4.1 6.01e-04    -  1.00e+00 1.00e+00h  1
1925  1.1636197e+00 1.84e-06 3.59e-02  -4.1 7.18e-04    -  1.00e+00 1.00e+00h  1
1926  1.1636154e+00 1.65e-06 5.50e-02  -4.1 1.05e-03    -  1.00e+00 1.00e+00h  1
1927  1.1649000e+00 1.30e-05 2.95e-01  -4.0 1.10e-02    -  1.00e+00 1.00e+00h  1
1928  1.1637218e+00 9.85e-06 5.97e-02  -4.1 1.02e-02    -  1.00e+00 1.00e+00h  1
1929  1.1636179e+00 2.46e-06 3.68e-01  -4.1 4.81e-03    -  1.00e+00 1.00e+00h  1
iter    objective    inf_pr   inf_du lg(mu)  ||d||  lg(rg) alpha_du alpha_pr  ls
1930  1.1636287e+00 2.20e-06 2.18e-02  -4.1 4.08e-03    -  1.00e+00 1.00e+00h  1
1931  1.1636271e+00 3.05e-06 1.03e-02  -4.1 2.17e-04    -  1.00e+00 1.00e+00h  1
1932  1.1636245e+00 3.19e-06 5.62e-03  -4.1 2.18e-04    -  1.00e+00 1.00e+00h  1
1933  1.1636214e+00 9.70e-07 9.87e-03  -4.1 6.40e-04    -  1.00e+00 1.00e+00h  1
1934  1.1636206e+00 3.23e-07 1.27e-02  -4.1 3.23e-04    -  1.00e+00 1.00e+00h  1
1935  1.1636196e+00 3.80e-07 6.11e-03  -4.1 2.36e-04    -  1.00e+00 1.00e+00h  1
1936  1.1636190e+00 1.40e-08 1.94e-03  -4.1 1.50e-04    -  1.00e+00 1.00e+00H  1
1937  1.1652488e+00 4.09e-05 5.55e-01  -4.0 3.00e-02    -  1.00e+00 1.00e+00h  1
1938  1.1637818e+00 3.57e-05 3.77e-02  -4.1 2.89e-02    -  1.00e+00 1.00e+00h  1
1939  1.1636300e+00 8.32e-06 4.05e-01  -4.1 8.47e-03    -  1.00e+00 1.00e+00h  1
iter    objective    inf_pr   inf_du lg(mu)  ||d||  lg(rg) alpha_du alpha_pr  ls
1940  1.1636019e+00 3.67e-06 4.24e-02  -4.1 8.12e-03    -  1.00e+00 1.00e+00h  1
1941  1.1636225e+00 2.04e-06 5.06e-02  -4.1 6.62e-04    -  1.00e+00 1.00e+00h  1
1942  1.1636218e+00 2.14e-06 5.35e-03  -4.1 2.47e-04    -  1.00e+00 1.00e+00h  1
1943  1.1636223e+00 6.01e-07 1.56e-03  -4.1 5.23e-05    -  1.00e+00 1.00e+00h  1
1944  1.1636219e+00 4.49e-07 5.86e-03  -4.1 2.42e-04    -  1.00e+00 1.00e+00h  1
1945  1.1636200e+00 3.88e-07 9.63e-03  -4.1 2.42e-04    -  1.00e+00 1.00e+00h  1
1946  1.1636195e+00 1.08e-07 6.71e-03  -4.1 1.72e-04    -  1.00e+00 1.00e+00h  1
1947  1.1636201e+00 1.44e-07 2.01e-03  -4.1 4.55e-05    -  1.00e+00 1.00e+00h  1
1948  1.1636200e+00 9.02e-08 8.89e-04  -4.1 4.42e-05    -  1.00e+00 1.00e+00H  1
1949  1.1636192e+00 2.26e-08 1.27e-02  -4.1 5.94e-04    -  1.00e+00 1.00e+00H  1
iter    objective    inf_pr   inf_du lg(mu)  ||d||  lg(rg) alpha_du alpha_pr  ls
1950  1.1636187e+00 8.04e-07 3.38e-02  -4.1 1.03e-03    -  1.00e+00 1.00e+00h  1
1951  1.1636208e+00 2.61e-08 6.65e-02  -4.1 1.70e-03    -  1.00e+00 1.00e+00H  1
1952  1.1636153e+00 4.25e-07 2.51e-02  -4.1 1.48e-03    -  1.00e+00 1.00e+00H  1
1953  1.1652260e+00 5.22e-05 5.19e-01  -4.0 2.06e-02    -  1.00e+00 1.00e+00h  1
1954  1.1637118e+00 3.73e-05 9.70e-02  -4.1 1.80e-02    -  1.00e+00 1.00e+00h  1
1955  1.1636093e+00 6.40e-06 2.41e-01  -4.1 7.14e-03    -  1.00e+00 1.00e+00h  1
1956  1.1636117e+00 4.53e-06 4.32e-02  -4.1 5.34e-03    -  1.00e+00 1.00e+00h  1
1957  1.1636254e+00 1.50e-06 1.31e-01  -4.1 1.99e-03    -  1.00e+00 1.00e+00h  1
1958  1.1636277e+00 1.20e-06 1.02e-02  -4.1 1.44e-03    -  1.00e+00 1.00e+00h  1
1959  1.1636257e+00 6.92e-07 3.68e-03  -4.1 8.35e-05    -  1.00e+00 1.00e+00h  1
iter    objective    inf_pr   inf_du lg(mu)  ||d||  lg(rg) alpha_du alpha_pr  ls
1960  1.1636248e+00 6.46e-07 8.44e-03  -4.1 3.05e-04    -  1.00e+00 1.00e+00h  1
1961  1.1636231e+00 1.13e-06 6.67e-03  -4.1 2.09e-04    -  1.00e+00 1.00e+00h  1
1962  1.1636228e+00 1.52e-06 7.14e-03  -4.1 1.50e-04    -  1.00e+00 1.00e+00h  1
1963  1.1636219e+00 2.00e-07 2.18e-03  -4.1 1.10e-04    -  1.00e+00 1.00e+00h  1
1964  1.1636215e+00 2.50e-07 7.91e-04  -4.1 5.73e-05    -  1.00e+00 1.00e+00H  1
1965  1.1572642e+00 1.45e-03 3.38e+00  -6.1 1.60e-01    -  7.49e-01 8.07e-01f  1
1966  1.1551178e+00 7.10e-04 4.00e+00  -6.1 8.26e-02    -  7.76e-01 7.33e-01h  1
1967  1.1553511e+00 3.68e-04 3.31e+00  -4.9 9.61e-02    -  1.00e+00 1.00e+00h  1
1968  1.1647971e+00 4.99e-03 7.19e+00  -4.0 2.18e-01    -  2.59e-01 1.00e+00h  1
1969  1.1626741e+00 4.11e-03 5.37e+00  -4.5 2.20e-01    -  1.00e+00 2.30e-01h  1
iter    objective    inf_pr   inf_du lg(mu)  ||d||  lg(rg) alpha_du alpha_pr  ls
1970  1.1584872e+00 1.82e-03 2.01e+00  -4.5 1.14e-01    -  1.00e+00 8.33e-01f  1
1971  1.1577342e+00 1.76e-03 4.31e+00  -4.5 1.32e-01    -  1.00e+00 7.26e-01h  1
1972  1.1574647e+00 4.20e-04 6.48e+00  -4.5 5.64e-02    -  5.10e-01 1.00e+00f  1
1973  1.1653243e+00 2.11e-03 1.54e+00  -4.0 1.26e-01    -  1.00e+00 1.00e+00h  1
1974  1.1632289e+00 3.00e-04 4.32e+00  -4.1 8.13e-02    -  1.00e+00 1.00e+00h  1
1975  1.1622580e+00 8.75e-04 7.02e-01  -4.1 7.38e-02    -  1.00e+00 1.00e+00h  1
1976  1.1635832e+00 2.16e-05 1.22e+00  -4.1 2.08e-02    -  1.00e+00 1.00e+00h  1
1977  1.1636472e+00 1.75e-05 4.63e-01  -4.1 1.16e-02    -  1.00e+00 1.00e+00h  1
1978  1.1636931e+00 4.77e-06 2.00e-01  -4.1 2.54e-03    -  1.00e+00 1.00e+00h  1
1979  1.1636840e+00 2.53e-06 1.69e-01  -4.1 4.49e-03    -  1.00e+00 1.00e+00H  1
iter    objective    inf_pr   inf_du lg(mu)  ||d||  lg(rg) alpha_du alpha_pr  ls
1980  1.1636530e+00 7.12e-07 8.08e-01  -4.1 1.89e-02    -  1.00e+00 1.00e+00H  1
1981  1.1636792e+00 5.50e-06 1.22e+00  -4.1 8.90e-03    -  1.00e+00 1.00e+00H  1
1982  1.1636815e+00 1.47e-05 3.85e-01  -4.1 8.01e-03    -  1.00e+00 1.00e+00h  1
1983  1.1636422e+00 7.18e-06 7.74e-02  -4.1 4.27e-03    -  1.00e+00 1.00e+00h  1
1984  1.1636619e+00 2.42e-06 9.38e-02  -4.1 3.69e-03    -  1.00e+00 1.00e+00h  1
1985  1.1636333e+00 1.41e-06 3.77e-01  -4.1 5.66e-03    -  1.00e+00 1.00e+00H  1
1986  1.1636332e+00 4.59e-06 2.65e-01  -4.1 2.55e-03    -  1.00e+00 1.00e+00h  1
1987  1.1636348e+00 1.84e-06 4.54e-02  -4.1 1.66e-03    -  1.00e+00 1.00e+00h  1
1988  1.1636372e+00 5.24e-07 2.38e-02  -4.1 1.03e-03    -  1.00e+00 5.00e-01h  2
1989  1.1636378e+00 2.61e-07 5.57e-02  -4.1 1.49e-03    -  1.00e+00 1.00e+00H  1
iter    objective    inf_pr   inf_du lg(mu)  ||d||  lg(rg) alpha_du alpha_pr  ls
1990  1.1636412e+00 8.01e-07 4.62e-01  -4.1 1.32e-02    -  1.00e+00 1.00e+00H  1
1991  1.1636260e+00 1.28e-05 3.23e-01  -4.1 4.76e-03    -  1.00e+00 1.00e+00h  1
1992  1.1636264e+00 1.30e-05 3.13e-01  -4.1 3.27e-03    -  1.00e+00 3.12e-02h  6
1993  1.1636479e+00 1.18e-07 7.78e-02  -4.1 2.93e-03    -  1.00e+00 1.00e+00H  1
1994  1.1636486e+00 8.53e-08 1.17e-01  -4.1 1.28e-03    -  1.00e+00 6.25e-02h  5
1995  1.1636487e+00 8.52e-08 1.42e-01  -4.1 9.59e-04    -  1.00e+00 1.95e-03h 10
1996  1.1636516e+00 9.55e-08 1.58e-02  -4.1 1.05e-03    -  1.00e+00 1.00e+00H  1
1997  1.1636549e+00 5.98e-08 2.84e-02  -4.1 5.55e-04    -  1.00e+00 1.00e+00H  1
1998  1.1636549e+00 8.56e-08 2.83e-02  -4.1 3.41e-04    -  1.00e+00 3.91e-03h  9
1999  1.1636549e+00 5.31e-08 2.82e-02  -4.1 3.42e-04    -  1.00e+00 3.91e-03h  9
iter    objective    inf_pr   inf_du lg(mu)  ||d||  lg(rg) alpha_du alpha_pr  ls
2000  1.1636549e+00 8.21e-08 2.79e-02  -4.1 3.40e-04    -  1.00e+00 7.81e-03h  8

Number of Iterations....: 2000

                                   (scaled)                 (unscaled)
Objective...............:   1.1636549406048826e+00    1.1636549406048826e+00
Dual infeasibility......:   2.7920167213671767e-02    2.7920167213671767e-02
Constraint violation....:   8.2067650342132481e-08    8.2067650342132481e-08
Variable bound violation:   0.0000000000000000e+00    0.0000000000000000e+00
Complementarity.........:   8.1065332799400285e-05    8.1065332799400285e-05
Overall NLP error.......:   2.7920167213671767e-02    2.7920167213671767e-02


Number of objective function evaluations             = 3082
Number of objective gradient evaluations             = 2001
Number of equality constraint evaluations            = 3082
Number of inequality constraint evaluations          = 3082
Number of equality constraint Jacobian evaluations   = 2001
Number of inequality constraint Jacobian evaluations = 2001
Number of Lagrangian Hessian evaluations             = 0
Total seconds in IPOPT                               = 3545.180

EXIT: Maximum Number of Iterations Exceeded.
