time_ns,u_X1,u_Y1,u_X2,u_Y2
0,0,0,0,0
0.1246456562,5.076678646e-05,-6.372883715e-06,-4.762308646e-05,1.53193404e-06
0.2492913123,0.0002008010805,-2.526891134e-05,-0.0001881414773,5.717160762e-06
0.3739369685,0.0004467037842,-5.635414758e-05,-0.0004180288698,1.193981708e-05
0.4985826246,0.0007850757994,-9.929465716e-05,-0.0007337589613,1.958403988e-05
0.6232282808,0.001212518028,-0.0001537565048,-0.001131805449,2.80339661e-05
0.747873937,0.001725631373,-0.0002194057552,-0.00160864203,3.667373262e-05
0.8725195931,0.002321016735,-0.0002959084731,-0.002160742401,4.488747635e-05
0.9971652493,0.002995275016,-0.0003829307231,-0.002784580261,5.205933421e-05
1.121810905,0.00374500712,-0.0004801385701,-0.003476629305,5.757344309e-05
1.246456562,0.004566813947,-0.0005871980787,-0.004233363232,6.081393991e-05
1.371102218,0.005457296399,-0.0007037753136,-0.005051255739,6.116496157e-05
1.495747874,0.00641305538,-0.0008295363396,-0.005926780522,5.801064498e-05
1.62039353,0.007430691789,-0.0009641472214,-0.006856411279,5.073512704e-05
1.745039186,0.008506806531,-0.001107274024,-0.007836621708,3.872254466e-05
1.869684842,0.009638000506,-0.001258582811,-0.008863885505,2.135703475e-05
1.994330499,0.01082087462,-0.001417739648,-0.009934676368,-1.977265787e-06
2.118976155,0.01205202977,-0.0015844106,-0.01104546799,-3.189622005e-05
2.243621811,0.01332806685,-0.001758261732,-0.01219273408,-6.901569112e-05
2.368267467,0.01464558678,-0.001938959107,-0.01337294832,-0.0001139515421
2.492913123,0.01600119046,-0.002126168791,-0.01458258442,-0.0001673196361
2.617558779,0.01739147878,-0.002319556849,-0.01581811607,-0.0002297358362
2.742204436,0.01881305264,-0.002518789345,-0.01707601697,-0.0003018160054
2.866850092,0.02026251296,-0.002723532343,-0.01835276082,-0.000384176007
2.991495748,0.02173646063,-0.00293345191,-0.01964482131,-0.0004774317039
3.116141404,0.02323149655,-0.003148214108,-0.02094867214,-0.0005821989593
3.24078706,0.02474422163,-0.003367485004,-0.02226078701,-0.0006990936363
3.365432716,0.02627123676,-0.003590930662,-0.02357763962,-0.0008287315979
3.490078373,0.02780914286,-0.003818217146,-0.02489570365,-0.0009717287073
3.614724029,0.02935454081,-0.004049010521,-0.02621145282,-0.001128700827
3.739369685,0.03090403153,-0.004282976852,-0.02752136082,-0.001300263822
3.864015341,0.03245421592,-0.004519782204,-0.02882190134,-0.001487033553
3.988660997,0.03400169487,-0.004759092641,-0.03010954808,-0.001689625884
4.113306653,0.0355430693,-0.005000574228,-0.03138077474,-0.001908656679
4.237952309,0.03707494009,-0.00524389303,-0.03263205501,-0.002144741799
4.362597966,0.03859390816,-0.005488715112,-0.0338598626,-0.00239849711
4.487243622,0.04009657441,-0.005734706537,-0.0350606712,-0.002670538472
4.611889278,0.04157953973,-0.005981533372,-0.03623095451,-0.002961481751
4.736534934,0.04303940503,-0.00622886168,-0.03736718622,-0.003271942808
4.86118059,0.04447277122,-0.006476357527,-0.03846584004,-0.003602537507
4.985826246,0.04587623918,-0.006723686976,-0.03952338966,-0.00395388171
5.110471903,0.04724640984,-0.006970516094,-0.04053630877,-0.004326591282
5.235117559,0.04857988408,-0.007216510943,-0.04150107107,-0.004721282085
5.359763215,0.04987326281,-0.007461337591,-0.04241415027,-0.005138569982
5.484408871,0.05112314693,-0.0077046621,-0.04327202006,-0.005579070836
5.609054527,0.05232613735,-0.007946150535,-0.04407115413,-0.00604340051
5.733700183,0.05347883496,-0.008185468962,-0.04480802618,-0.006532174868
5.85834584,0.05457784067,-0.008422283445,-0.04547910992,-0.007046009772
5.982991496,0.05561975538,-0.008656260049,-0.04608087903,-0.007585521086
6.107637152,0.05660118,-0.008887064838,-0.04660980722,-0.008151324673
6.232282808,0.05751871541,-0.009114363878,-0.04706236818,-0.008744036396
6.356928464,0.05836896253,-0.009337823232,-0.04743503561,-0.009364272117
6.48157412,0.05914852226,-0.009557108967,-0.0477242832,-0.0100126477
6.606219777,0.0598539955,-0.009771887145,-0.04792658466,-0.01068977901
6.730865433,0.06048198315,-0.009981823833,-0.04803841368,-0.01139628191
6.855511089,0.06102908612,-0.01018658509,-0.04805624396,-0.01213277225
6.980156745,0.0614919053,-0.01038583699,-0.0479765492,-0.01289986592
7.104802401,0.0618670416,-0.0105792456,-0.04779580308,-0.01369817876
7.229448057,0.06215109592,-0.01076647697,-0.04751047932,-0.01452832664
7.354093714,0.06234066916,-0.01094719717,-0.04711705161,-0.01539092542
7.47873937,0.06243236222,-0.01112107227,-0.04661199363,-0.01628659097
7.603385026,0.06242277601,-0.01128776834,-0.0459917791,-0.01721593915
7.728030682,0.06230851143,-0.01144695142,-0.04525288171,-0.01817958583
7.852676338,0.06208616938,-0.01159828761,-0.04439177516,-0.01917814686
7.977321994,0.06175235076,-0.01174144294,-0.04340493314,-0.0202122381
8.10196765,0.06130365647,-0.0118760835,-0.04228882935,-0.02128247544
8.226613307,0.06073668742,-0.01200187535,-0.04103993749,-0.02238947471
8.351258963,0.06004804451,-0.01211848454,-0.03965473125,-0.0235338518
8.475904619,0.05923432864,-0.01222557715,-0.03812968433,-0.02471622255
8.600550275,0.0582921407,-0.01232281924,-0.03646127044,-0.02593720284
8.725195931,0.05721808162,-0.01240987687,-0.03464596326,-0.02719740853
8.849841587,0.05600875228,-0.01248641612,-0.0326802365,-0.02849745548
8.974487244,0.05466075358,-0.01255210303,-0.03056056384,-0.02983795955
9.0991329,0.05317068644,-0.01260660369,-0.028283419,-0.03121953661
9.223778556,0.05153515175,-0.01264958415,-0.02584527566,-0.03264280252
9.348424212,0.04975075041,-0.01268071047,-0.02324260753,-0.03410837315
9.473069868,0.04781408333,-0.01269964873,-0.02047188829,-0.03561686435
9.597715524,0.04572175141,-0.01270606499,-0.01752959166,-0.03716889199
9.722361181,0.04347035554,-0.01269962531,-0.01441219131,-0.03876507193
9.847006837,0.04105649664,-0.01267999576,-0.01111616096,-0.04040602003
9.971652493,0.0384767756,-0.0126468424,-0.007637974302,-0.04209235217
10.09629815,0.03572779333,-0.01259983129,-0.003974105028,-0.0438246842
10.22094381,0.03280615073,-0.01253862851,-0.0001210268378,-0.04560363198
10.34558946,0.0297084487,-0.01246290011,0.003924786572,-0.04742981138
10.47023512,0.02643128813,-0.01237231216,0.008166861503,-0.04930383826
10.59488077,0.02297126995,-0.01226653073,0.01260872426,-0.05122632848
10.71952643,0.01932499503,-0.01214522187,0.01725390114,-0.05319789792
10.84417209,0.015490478,-0.012008233,0.02210377708,-0.05521812301
10.96881774,0.01168100673,-0.01188293751,0.02683463953,-0.05712935941
11.0934634,0.008049206153,-0.01178863431,0.03121798255,-0.05882212535
11.21810905,0.004591867124,-0.01172457218,0.03526204128,-0.06030225887
11.34275471,0.001305780502,-0.01168999995,0.03897505084,-0.061575598
11.46740037,-0.001812262857,-0.0116841664,0.04236524639,-0.06264798077
11.59204602,-0.004765472095,-0.01170632033,0.04544086307,-0.06352524522
11.71669168,-0.007557056354,-0.01175571055,0.048210136,-0.06421322939
11.84133734,-0.01019022478,-0.01183158586,0.05068130033,-0.06471777129
11.96598299,-0.01266818651,-0.01193319506,0.05286259121,-0.06504470898
12.09062865,-0.01499415069,-0.01205978694,0.05476224376,-0.06519988047
12.2152743,-0.01717132646,-0.0122106103,0.05638849313,-0.0651891238
12.33991996,-0.01920292297,-0.01238491396,0.05774957446,-0.06501827701
12.46456562,-0.02109214936,-0.0125819467,0.05885372289,-0.06469317812
12.58921127,-0.02284221477,-0.01280095734,0.05970917355,-0.06421966518
12.71385693,-0.02445632834,-0.01304119466,0.06032416159,-0.06360357621
12.83850258,-0.02593769921,-0.01330190747,0.06070692214,-0.06285074924
12.96314824,-0.02728953654,-0.01358234457,0.06086569035,-0.06196702231
13.0877939,-0.02851504946,-0.01388175476,0.06080870135,-0.06095823346
13.21243955,-0.02961744711,-0.01419938684,0.06054419029,-0.05983022071
13.33708521,-0.03059993864,-0.01453448961,0.06008039229,-0.0585888221
13.46173087,-0.03146573319,-0.01488631187,0.05942554251,-0.05723987566
13.58637652,-0.0322180399,-0.01525410242,0.05858787608,-0.05578921942
13.71102218,-0.03286006791,-0.01563711006,0.05757562814,-0.05424269142
13.83566783,-0.03339502638,-0.0160345836,0.05639703383,-0.05260612969
13.96031349,-0.03382612443,-0.01644577182,0.05506032829,-0.05088537226
14.08495915,-0.03415657122,-0.01686992354,0.05357374666,-0.04908625717
14.2096048,-0.03438957588,-0.01730628756,0.05194552407,-0.04721462244
14.33425046,-0.03452834757,-0.01775411266,0.05018389567,-0.04527630611
14.45889611,-0.03457609541,-0.01821264766,0.0482970966,-0.04327714622
14.58354177,-0.03453602856,-0.01868114136,0.04629336199,-0.0412229808
14.70818743,-0.03441135616,-0.01915884255,0.04418092699,-0.03911964787
14.83283308,-0.03420528734,-0.01964500003,0.04196802673,-0.03697298548
14.95747874,-0.03392103126,-0.02013886261,0.03966289636,-0.03478883165
15.0821244,-0.03356179705,-0.02063967908,0.037273771,-0.03257302442
15.20677005,-0.03313079386,-0.02114669825,0.03480888581,-0.03033140182
15.33141571,-0.03263123083,-0.02165916891,0.03227647593,-0.02806980188
15.45606136,-0.03206631711,-0.02217633988,0.02968477648,-0.02579406264
15.58070702,-0.03143926183,-0.02269745994,0.02704202261,-0.02351002213
15.70535268,-0.03075327414,-0.02322177789,0.02435644946,-0.02122351838
15.82999833,-0.03001156318,-0.02374854254,0.02163629217,-0.01894038943
15.95464399,-0.02921733809,-0.02427700269,0.01888978588,-0.01666647331
16.07928964,-0.02837380802,-0.02480640714,0.01612516572,-0.01440760804
16.2039353,-0.02748418211,-0.02533600469,0.01335066684,-0.01216963168
16.32858096,-0.0265516695,-0.02586504414,0.01057452438,-0.009958382233
16.45322661,-0.02557947934,-0.02639277428,0.007804973469,-0.007779697751
16.57787227,-0.02457082077,-0.02691844393,0.005050249255,-0.005639416261
16.70251793,-0.02352890292,-0.02744130188,0.002318586875,-0.003543375796
16.82716358,-0.02245693495,-0.02796059692,-0.0003817785322,-0.00149741439
16.95180924,-0.021358126,-0.02847557787,-0.003042611827,0.0004926299244
17.07645489,-0.0202356852,-0.02898549352,-0.00565567787,0.002420919115
17.20110055,-0.0190928217,-0.02948959266,-0.008212741522,0.004281615149
17.32574621,-0.01793274465,-0.02998712412,-0.01070556764,0.006068879993
17.45039186,-0.01675866319,-0.03047733667,-0.0131259211,0.007776875614
17.57503752,-0.01557378645,-0.03095947912,-0.01546556674,0.009399763979
17.69968317,-0.01438132359,-0.03143280028,-0.01771626943,0.01093170706
17.82432883,-0.01318448374,-0.03189654894,-0.01986979404,0.01236686681
17.94897449,-0.01198647605,-0.03234997391,-0.02191790542,0.01369940521
18.07362014,-0.01079050966,-0.03279232398,-0.02385236844,0.01492348423
18.1982658,-0.009599793711,-0.03322284795,-0.02566494795,0.01603326582
18.32291146,-0.008417537349,-0.03364079462,-0.02734740881,0.01702291196
18.44755711,-0.007246949715,-0.03404541281,-0.02889151589,0.01788658462
18.57220277,-0.006091239953,-0.03443595129,-0.03028903405,0.01861844576
18.69684842,-0.004953617204,-0.03481165889,-0.03153172814,0.01921265734
18.82149408,-0.003837290612,-0.03517178439,-0.03261136303,0.01966338134
18.94613974,-0.002745469319,-0.03551557659,-0.03351970358,0.01996477973
19.07078539,-0.001681362469,-0.0358422843,-0.03424851465,0.02011101446
19.19543105,-0.0006481792026,-0.03615115632,-0.0347895611,0.02009624751
19.32007671,0.000350871336,-0.03644144145,-0.03513460779,0.01991464084
19.44472236,0.001312580004,-0.03671238848,-0.03527541958,0.01956035643
19.56936802,0.00223373766,-0.03696324622,-0.03520376134,0.01902755623
19.69401367,0.00311113516,-0.03719326347,-0.03491139792,0.01831040222
19.81865933,0.003941563361,-0.03740168903,-0.03439009418,0.01740305637
19.94330499,0.004721813122,-0.0375877717,-0.03363161498,0.01629968063
20.06795064,0.005448675299,-0.03775076028,-0.03262772519,0.01499443698
20.1925963,0.006118940749,-0.03788990356,-0.03137018966,0.01348148738
20.31724195,0.006729400331,-0.03800445036,-0.02985077327,0.0117549938
20.44188761,0.0072768449,-0.03809364947,-0.02806124085,0.009809118214
20.56653327,0.007758065315,-0.03815674969,-0.02599335729,0.007638022581
20.69117892,0.008169852432,-0.03819299982,-0.02363888743,0.00523586887
20.81582458,0.008508997109,-0.03820164866,-0.02098959615,0.002596819049
20.94047024,0.008772290204,-0.03818194501,-0.01803724829,-0.0002849649149
21.06511589,0.008956522573,-0.03813313768,-0.01477360872,-0.003415321056
21.18976155,0.009058485074,-0.03805447546,-0.01119044231,-0.006800087405
21.3144072,0.009074968564,-0.03794520715,-0.007279513901,-0.010445102
21.43905286,0.0090027639,-0.03780458155,-0.003032588369,-0.01435620286
21.56369852,0.00883866194,-0.03763184747,0.00155856943,-0.01853922804
21.68834417,0.008579743507,-0.03742618207,0.006491614448,-0.02299068026
21.81298983,0.008236490272,-0.03718428122,0.01132429163,-0.02731952014
21.93763548,0.007817441419,-0.03690569127,0.01582546094,-0.03132271689
22.06228114,0.007325261877,-0.03659182042,0.02000261315,-0.03500809281
22.1869268,0.006762616574,-0.03624407687,0.02386323902,-0.03838347026
22.31157245,0.006132170438,-0.0358638688,0.02741482934,-0.04145667154
22.43621811,0.005436588399,-0.03545260442,0.03066487487,-0.04423551899
22.56086377,0.004678535385,-0.03501169192,0.03362086638,-0.04672783494
22.68550942,0.003860676324,-0.03454253948,0.03629029465,-0.0489414417
22.81015508,0.002985676146,-0.03404655531,0.03868065045,-0.05088416161
22.93480073,0.002056199779,-0.0335251476,0.04079942455,-0.05256381699
23.05944639,0.001074912152,-0.03297972454,0.04265410772,-0.05398823016
23.18409205,4.447819246e-05,-0.03241169433,0.04425219074,-0.05516522346
23.3087377,-0.00103243717,-0.03182246516,0.04560116438,-0.05610261921
23.43338336,-0.002153169006,-0.03121344522,0.0467085194,-0.05680823973
23.55802901,-0.003315052388,-0.03058604272,0.04758174659,-0.05728990736
23.68267467,-0.004515422387,-0.02994166583,0.04822833671,-0.05755544441
23.80732033,-0.005751614075,-0.02928172276,0.04865578054,-0.05761267321
23.93196598,-0.007020962522,-0.0286076217,0.04887156884,-0.0574694161
24.05661164,-0.008320802801,-0.02792077085,0.0488831924,-0.05713349539
24.1812573,-0.009648469982,-0.02722257839,0.04869814197,-0.05661273342
24.30590295,-0.01100129914,-0.02651445253,0.04832390835,-0.0559149525
24.43054861,-0.01237662534,-0.02579780145,0.04776798228,-0.05504797497
24.55519426,-0.01377178365,-0.02507403335,0.04703785456,-0.05401962314
24.67983992,-0.01518410916,-0.02434455643,0.04614101595,-0.05283771936
24.80448558,-0.01661093692,-0.02361077888,0.04508495722,-0.05151008593
24.92913123,-0.01804960201,-0.02287410888,0.04387716914,-0.0500445452
25.05377689,-0.01949743951,-0.02213595465,0.0425251425,-0.04844891948
25.17842254,-0.02095178448,-0.02139772436,0.04103636805,-0.0467310311
25.3030682,-0.02240997199,-0.02066082622,0.03941833657,-0.04489870238
25.42771386,-0.02386933712,-0.01992666842,0.03767853883,-0.04295975566
25.55235951,-0.02532721494,-0.01919665915,0.03582446562,-0.04092201326
25.67700517,-0.02678094051,-0.0184722066,0.03386360768,-0.03879329751
25.80165083,-0.02822784892,-0.01775471898,0.03180345581,-0.03658143072
25.92629648,-0.02966527523,-0.01704560447,0.02965150077,-0.03429423524
26.05094214,-0.0310905545,-0.01634627126,0.02741523334,-0.03193953338
26.17558779,-0.03250102183,-0.01565812756,0.02510214428,-0.02952514746
26.30023345,-0.03389401227,-0.01498258156,0.02271972437,-0.02705889983
26.42487911,-0.03526686089,-0.01432104144,0.02027546437,-0.02454861279
26.54952476,-0.03661690277,-0.01367491541,0.01777685507,-0.02200210869
26.67417042,-0.03794147299,-0.01304561166,0.01523138724,-0.01942720983
26.79881607,-0.0392379066,-0.01243453838,0.01264655164,-0.01683173856
26.92346173,-0.04050353869,-0.01184310376,0.01002983905,-0.0142235172
27.04810739,-0.04173570431,-0.01127271601,0.007388740243,-0.01161036806
27.17275304,-0.04293173856,-0.0107247833,0.004730745987,-0.009000113488
27.2973987,-0.04408897649,-0.01020071385,0.002063347056,-0.006400575798
27.42204436,-0.04520475318,-0.009701915838,-0.0006059657782,-0.003819577319
27.54669001,-0.04627640369,-0.009229797462,-0.003269701743,-0.001264940377
27.67133567,-0.04730126311,-0.008785766916,-0.005920370067,0.001255512702
27.79598132,-0.04827666649,-0.008371232393,-0.008550479977,0.003733959592
27.92062698,-0.04919994893,-0.007987602088,-0.0111525407,0.006162577967
28.04527264,-0.05006844547,-0.007636284195,-0.01371906147,0.0085335455
28.16991829,-0.0508794912,-0.007318686907,-0.01624255151,0.01083903987
28.29456395,-0.05163042119,-0.007036218419,-0.01871552004,0.01307123874
28.4192096,-0.0523185705,-0.006790286924,-0.0211304763,0.01522231979
28.54385526,-0.05294127422,-0.006582300617,-0.02347992952,0.0172844607
28.66850092,-0.0534958674,-0.006413667692,-0.02575638891,0.01924983913
28.79314657,-0.05397968513,-0.006285796342,-0.02795236372,0.02111063277
28.91779223,-0.05439006247,-0.006200094762,-0.03006036317,0.02285901928
29.04243789,-0.0547243345,-0.006157971145,-0.03207289648,0.02448717635
29.16708354,-0.05497983628,-0.006160833686,-0.03398247288,0.02598728163
29.2917292,-0.05515390289,-0.006210090578,-0.0357816016,0.02735151282
29.41637485,-0.0552438694,-0.006307150016,-0.03746279188,0.02857204757
29.54102051,-0.05524707088,-0.006453420193,-0.03901855293,0.02964106357
29.66566617,-0.0551608424,-0.006650309303,-0.04044139398,0.03055073849
29.79031182,-0.05498251904,-0.006899225541,-0.04172382427,0.03129325
29.91495748,-0.05470943586,-0.0072015771,-0.04285835302,0.03186077579
30.03960313,-0.05433892793,-0.007558772175,-0.04383748946,0.03224549351
30.16424879,-0.05386833033,-0.007972218958,-0.04465374281,0.03243958084
30.28889445,-0.05329497813,-0.008443325645,-0.04529962231,0.03243521547
30.4135401,-0.0526162064,-0.00897350043,-0.04576763718,0.03222457505
30.53818576,-0.05182935022,-0.009564151505,-0.04605029665,0.03179983728
30.66283142,-0.05093174464,-0.01021668707,-0.04614010995,0.03115317981
30.78747707,-0.04992072475,-0.01093251531,-0.04602958631,0.03027678033
30.91212273,-0.04879362561,-0.01171304442,-0.04571123495,0.02916281651
31.03676838,-0.0475477823,-0.0125596826,-0.0451775651,0.02780346602
31.16141404,-0.04618052988,-0.01347383804,-0.04442108599,0.02619090653
31.2860597,-0.04468920344,-0.01445691894,-0.04343430685,0.02431731573
31.41070535,-0.04307113804,-0.01551033348,-0.0422097369,0.02217487127
31.53535101,-0.04132366875,-0.01663548987,-0.04073988538,0.01975575085
31.65999666,-0.03944413064,-0.0178337963,-0.03901726151,0.01705213213
31.78464232,-0.03742985878,-0.01910666095,-0.03703437451,0.01405619278
31.90928798,-0.03527818826,-0.02045549203,-0.03478373363,0.01076011048
32.03393363,-0.03298645413,-0.02188169773,-0.03225784808,0.007156062909
32.15857929,-0.03055199146,-0.02338668625,-0.02944922709,0.003236227732
32.28322495,-0.02797213534,-0.02497186577,-0.02635037989,-0.001007217375
32.4078706,-0.02524422083,-0.02663864449,-0.02295381571,-0.005582094736
32.53251626,-0.02237662364,-0.02838024146,-0.0192711791,-0.01047221058
32.65716191,-0.01959122592,-0.03003195433,-0.01568514598,-0.01519658905
32.78180757,-0.01697312788,-0.03153161044,-0.01234372741,-0.01957093024
32.90645323,-0.01451871112,-0.03288299412,-0.009241509405,-0.02360379763
33.03109888,-0.01222435723,-0.03408988972,-0.006373077995,-0.02730375472
33.15574454,-0.01008644781,-0.03515608156,-0.00373301921,-0.03067936501
33.2803902,-0.008101364455,-0.03608535399,-0.001315919077,-0.03373919198
33.40503585,-0.006265488756,-0.03688149134,0.0008836363768,-0.03649179913
33.52968151,-0.004575202311,-0.03754827796,0.002871061123,-0.03894574996
33.65432716,-0.003026886715,-0.03808949817,0.004651769133,-0.04110960797
33.77897282,-0.001616923561,-0.03850893632,0.006231174379,-0.04299193665
33.90361848,-0.000341694446,-0.03881037674,0.007614690835,-0.04460129948
34.02826413,0.000802419036,-0.03899760377,0.008807732471,-0.04594625998
34.15290979,0.00181903529,-0.03907440175,0.00981571326,-0.04703538163
34.27755544,0.002711772721,-0.03904455502,0.01064404717,-0.04787722792
34.4022011,0.003484249733,-0.03891184791,0.01129814818,-0.04848036236
34.52684676,0.004140084732,-0.03868006476,0.01178343026,-0.04885334844
34.65149241,0.004682896124,-0.03835298991,0.01210530739,-0.04900474965
34.77613807,0.005116302312,-0.03793440769,0.01226919352,-0.04894312949
34.90078373,0.005443921702,-0.03742810245,0.01228050264,-0.04867705145
35.02542938,0.005669372699,-0.03683785852,0.01214464872,-0.04821507902
35.15007504,0.005796273708,-0.03616746024,0.01186704573,-0.04756577571
35.27472069,0.005828243135,-0.03542069194,0.01145310764,-0.04673770501
35.39936635,0.005768899383,-0.03460133796,0.01090824842,-0.04573943041
35.52401201,0.005621860858,-0.03371318265,0.01023788205,-0.0445795154
35.64865766,0.005390745965,-0.03276001033,0.009447422504,-0.04326652349
35.77330332,0.005079173109,-0.03174560535,0.008542283743,-0.04180901817
35.89794897,0.004690760696,-0.03067375204,0.007527879745,-0.04021556292
36.02259463,0.004229127129,-0.02954823475,0.006409624482,-0.03849472126
36.14724029,0.003697890815,-0.0283728378,0.005192931926,-0.03665505666
36.27188594,0.003100670158,-0.02715134553,0.003883216048,-0.03470513263
36.3965316,0.002441083563,-0.02588754229,0.002485890822,-0.03265351267
36.52117726,0.001722749435,-0.02458521241,0.001006370219,-0.03050876026
36.64582291,0.0009492861799,-0.02324814023,-0.0005499317888,-0.0282794389
36.77046857,0.0001243122017,-0.02188011008,-0.002177601229,-0.02597411209
36.89511422,-0.0007485540943,-0.0204849063,-0.00387122413,-0.02360134332
37.01975988,-0.001665694303,-0.01906631324,-0.005625386519,-0.02116969608
37.14440554,-0.002623490019,-0.01762811522,-0.007434674424,-0.01868773388
37.26905119,-0.003618322838,-0.01617409659,-0.009293673874,-0.0161640202
37.39369685,-0.004646574355,-0.01470804168,-0.01119697089,-0.01360711855
37.5183425,-0.005704626164,-0.01323373483,-0.01313915152,-0.01102559241
37.64298816,-0.006788859861,-0.01175496038,-0.01511480176,-0.008428005279
37.76763382,-0.007895657041,-0.01027550266,-0.01711850767,-0.005822920656
37.89227947,-0.009021399298,-0.008799146017,-0.01914485526,-0.003218902033
38.01692513,-0.01016246823,-0.007329674783,-0.02118843056,-0.0006245129067
38.14157079,-0.01131524542,-0.005870873296,-0.02324381959,0.00195168323
38.26621644,-0.01247611248,-0.004426525894,-0.0253056084,0.00450112288
38.3908621,-0.013641451,-0.003000416914,-0.027368383,0.00701524255
38.51550775,-0.01480764257,-0.001596330694,-0.02942672942,0.009485478745
38.64015341,-0.01597106879,-0.0002180515717,-0.0314752337,0.01190326797
38.76479907,-0.01712811125,0.001130636116,-0.03350848185,0.01426004673
38.88944472,-0.01827515154,0.002445948031,-0.03552105991,0.01654725153
39.01409038,-0.01940857127,0.003724099837,-0.0375075539,0.01875631887
39.13873603,-0.02052475203,0.004961307196,-0.03946254986,0.02087868527
39.26338169,-0.02162007541,0.006153785769,-0.0413806338,0.02290578722
39.38802735,-0.022690923,0.007297751221,-0.04325639177,0.02482906122
39.512673,-0.02373367641,0.008389419213,-0.04508440978,0.0266399438
39.63731866,-0.02474471723,0.009425005408,-0.04685927386,0.02832987144
39.76196432,-0.02572042705,0.01040072547,-0.04857557004,0.02989028066
39.88660997,-0.02665718746,0.01131279506,-0.05022788436,0.03131260796
40.01125563,-0.02755138007,0.01215742984,-0.05181080283,0.03258828985
40.13590128,-0.02839938646,0.01293084547,-0.05331891149,0.03370876283
40.26054694,-0.02919758824,0.01362925761,-0.05474679636,0.0346654634
40.3851926,-0.02994236699,0.01424888194,-0.05608904347,0.03544982807
40.50983825,-0.03063010432,0.01478593411,-0.05734023885,0.03605329335
40.63448391,-0.03125718181,0.01523662977,-0.05849496852,0.03646729574
40.75912956,-0.03181998107,0.01559718461,-0.05954781853,0.03668327174
40.88377522,-0.03231488368,0.01586381427,-0.06049337488,0.03669265787
41.00842088,-0.03273827124,0.01603273443,-0.06132622361,0.03648689062
41.13306653,-0.03308652535,0.01610016073,-0.06204095076,0.03605740651
41.25771219,-0.03335602761,0.01606230886,-0.06263214233,0.03539564202
41.38235785,-0.0335431596,0.01591539446,-0.06309438438,0.03449303369
41.5070035,-0.03364430292,0.0156556332,-0.06342226291,0.03334101799
41.63164916,-0.03365583917,0.01527924074,-0.06361036397,0.03193103145
41.75629481,-0.03357414994,0.01478243275,-0.06365327357,0.03025451057
41.88094047,-0.03339561683,0.01416142489,-0.06354557775,0.02830289184
42.00558613,-0.03311662143,0.01341243282,-0.06328186253,0.02606761179
42.13023178,-0.03273354533,0.01253167221,-0.06285671394,0.0235401069
42.25487744,-0.03224277014,0.01151535871,-0.06226471801,0.02071181369
42.37952309,-0.03164067745,0.01035970799,-0.06150046077,0.01757416867
42.50416875,-0.03092364884,0.009060935706,-0.06055852824,0.01411860833
42.62881441,-0.03008806593,0.007615257529,-0.05943350646,0.01033656918
42.75346006,-0.02913031029,0.006018889118,-0.05811998144,0.00621948773
42.87810572,-0.02804676354,0.004268046135,-0.05661253923,0.001758800482
43.00275138,-0.02683380725,0.002358944244,-0.05490576584,-0.003054056059
43.12739703,-0.02548782303,0.0002877991068,-0.05299424731,-0.008227645387
43.25204269,-0.02400519247,-0.001949173614,-0.05087256966,-0.013770531
43.37668834,-0.02239533926,-0.00433835182,-0.04855529174,-0.01964090161
43.501334,-0.02081206298,-0.006673955132,-0.0462780676,-0.02524265843
43.62597966,-0.01929977267,-0.008897298364,-0.04410902051,-0.03040917543
43.75062531,-0.01785719229,-0.01101079355,-0.0420463101,-0.0351510711
43.87527097,-0.01648304585,-0.01301685274,-0.04008809598,-0.03947896392
43.99991662,-0.01517605733,-0.01491788797,-0.03823253778,-0.04340347238
44.12456228,-0.0139349507,-0.01671631126,-0.03647779514,-0.04693521496
44.24920794,-0.01275844996,-0.01841453468,-0.03482202766,-0.05008481015
44.37385359,-0.01164527909,-0.02001497024,-0.03326339499,-0.05286287644
44.49849925,-0.01059416208,-0.02152002999,-0.03180005674,-0.0552800323
44.62314491,-0.009603822913,-0.02293212597,-0.03043017253,-0.05734689623
44.74779056,-0.008672985574,-0.02425367022,-0.02915190201,-0.05907408671
44.87243622,-0.007800374051,-0.02548707478,-0.02796340477,-0.06047222222
44.99708187,-0.006984712327,-0.02663475168,-0.02686284047,-0.06155192125
45.12172753,-0.00622472439,-0.02769911296,-0.02584836871,-0.06232380229
45.24637319,-0.005519134224,-0.02868257067,-0.02491814912,-0.06279848382
45.37101884,-0.004866665815,-0.02958753683,-0.02407034133,-0.06298658433
45.4956645,-0.004266043149,-0.0304164235,-0.02330310497,-0.06289872229
45.62031016,-0.003715990212,-0.0311716427,-0.02261459965,-0.06254551621
45.74495581,-0.003215230988,-0.03185560647,-0.02200298501,-0.06193758455
45.86960147,-0.002762489465,-0.03247072687,-0.02146642066,-0.06108554581
45.99424712,-0.002356489626,-0.03301941591,-0.02100306624,-0.06000001847
46.11889278,-0.001995955459,-0.03350408565,-0.02061108137,-0.05869162102
46.24353844,-0.001679610949,-0.03392714812,-0.02028862567,-0.05717097194
46.36818409,-0.001406180081,-0.03429101536,-0.02003385877,-0.05544868972
46.49282975,-0.001174386841,-0.0345980994,-0.01984494029,-0.05353539285
46.6174754,-0.0009829552142,-0.03485081229,-0.01972002986,-0.0514416998
46.74212106,-0.000830609187,-0.03505156607,-0.01965728711,-0.04917822906
46.86676672,-0.0007160727448,-0.03520277277,-0.01965487165,-0.04675559913
46.99141237,-0.0006380698731,-0.03530684443,-0.01971094311,-0.04418442848
47.11605803,-0.0005953245577,-0.03536619309,-0.01982366113,-0.04147533559
47.24070369,-0.0005865607841,-0.03538323079,-0.01999118531,-0.03863893897
47.36534934,-0.000610502538,-0.03536036957,-0.0202116753,-0.03568585708
47.489995,-0.0006658738051,-0.03530002147,-0.02048329071,-0.03262670841
47.61464065,-0.000751398571,-0.03520459852,-0.02080419116,-0.02947211146
47.73928631,-0.0008658008214,-0.03507651276,-0.02117253629,-0.0262326847
47.86393197,-0.001007804542,-0.03491817624,-0.02158648572,-0.02291904663
47.98857762,-0.001176133718,-0.03473200098,-0.02204419907,-0.01954181572
48.11322328,-0.001369512336,-0.03452039904,-0.02254383597,-0.01611161046
48.23786893,-0.00158666438,-0.03428578244,-0.02308355604,-0.01263904933
48.36251459,-0.001826313838,-0.03403056323,-0.02366151891,-0.009134750833
48.48716025,-0.002087184693,-0.03375715345,-0.02427588421,-0.005609333439
48.6118059,-0.002368000933,-0.03346796513,-0.02492481155,-0.002073415638
48.73645156,-0.002667486542,-0.03316541031,-0.02560646056,0.001462384086
48.86109722,-0.002984365506,-0.03285190104,-0.02631899088,0.004987447248
48.98574287,-0.003317361812,-0.03252984934,-0.02706056211,0.008491155361
49.11038853,-0.003665199444,-0.03220166726,-0.0278293339,0.01196288994
49.23503418,-0.004026602388,-0.03186976684,-0.02862346586,0.0153920325
49.35967984,-0.00440029463,-0.03153656011,-0.02944111761,0.01876796456
49.4843255,-0.004785000155,-0.03120445911,-0.03028044879,0.02208006763
49.60897115,-0.00517944295,-0.03087587589,-0.03113961902,0.02531772322
49.73361681,-0.005582346999,-0.03055322248,-0.03201678792,0.02847031286
49.85826246,-0.005992436289,-0.03023891092,-0.03291011512,0.03152721805
49.98290812,-0.006408434805,-0.02993535325,-0.03381776024,0.03447782031
50.10755378,-0.006829066533,-0.0296449615,-0.03473788291,0.03731150115
50.23219943,-0.007253055458,-0.02937014772,-0.03566864275,0.0400176421
50.35684509,-0.007679125566,-0.02911332395,-0.03660819939,0.04258562466
50.48149075,-0.008106000843,-0.02887690221,-0.03755471246,0.04500483034
50.6061364,-0.008532405273,-0.02866329456,-0.03850634157,0.04726464067
50.73078206,-0.008957062844,-0.02847491303,-0.03946124635,0.04935443716
50.85542771,-0.009378697541,-0.02831416966,-0.04041758643,0.05126360133
50.98007337,-0.009796033349,-0.02818347648,-0.04137352144,0.05298151468
51.10471903,-0.01020779425,-0.02808524554,-0.042327211,0.05449755873
51.22936468,-0.01061270424,-0.02802188887,-0.04327681472,0.055801115
51.35401034,-0.0110094873,-0.02799581851,-0.04422049225,0.056881565
51.47865599,-0.01139686741,-0.02800944651,-0.0451564032,0.05772829025
51.60330165,-0.01177356855,-0.0280651849,-0.04608270719,0.05833067227
51.72794731,-0.01213831473,-0.02816544571,-0.04699756386,0.05867809255
51.85259296,-0.01248982991,-0.02831264099,-0.04789913283,0.05875993263
51.97723862,-0.01282683809,-0.02850918278,-0.04878557372,0.05856557402
52.10188428,-0.01314806326,-0.02875748311,-0.04965504616,0.05808439823
52.22652993,-0.01345222939,-0.02905995403,-0.05050570977,0.05730578677
52.35117559,-0.01373806047,-0.02941900757,-0.05133572418,0.05621912116
52.47582124,-0.01400428049,-0.02983705576,-0.05214324901,0.05481378292
52.6004669,-0.01424961344,-0.03031651066,-0.05292644389,0.05307915355
52.72511256,-0.0144727833,-0.03085978429,-0.05368346844,0.05100461458
52.84975821,-0.01467251405,-0.0314692887,-0.05441248229,0.04857954752
52.97440387,-0.01484752969,-0.03214743592,-0.05511164507,0.04579333389
53.09904952,-0.01499655419,-0.032896638,-0.05577911639,0.04263535519
53.22369518,-0.01511831155,-0.03371930696,-0.05641305588,0.03909499295
53.34834084,-0.01521152574,-0.03461785486,-0.05701162318,0.03516162867
53.47298649,-0.01527492076,-0.03559469373,-0.05757297789,0.03082464388
53.59763215,-0.01530722059,-0.0366522356,-0.05809527966,0.02607342009
53.72227781,-0.01530714921,-0.03779289252,-0.05857668809,0.0208973388
53.84692346,-0.01527343061,-0.03901907652,-0.05901536283,0.01528578155
53.97156912,-0.01520478879,-0.04033319965,-0.05940946348,0.009228129837
54.09621477,-0.01509994771,-0.04173767394,-0.05975714969,0.002713765181
54.22086043,-0.01495912074,-0.04321509431,-0.0600503297,-0.004178595229
54.34550609,-0.01479361405,-0.04461166942,-0.06023969598,-0.01075472686
54.47015174,-0.01460696177,-0.04589674439,-0.06031796516,-0.01687431356
54.5947974,-0.01440030998,-0.04707317914,-0.06028870676,-0.02254801883
54.71944305,-0.01417480476,-0.04814383358,-0.06015549026,-0.02778650619
54.84408871,-0.01393159217,-0.04911156762,-0.05992188518,-0.03260043918
54.96873437,-0.01367181829,-0.04997924118,-0.05959146101,-0.0370004813
55.09338002,-0.01339662919,-0.05074971417,-0.05916778726,-0.04099729607
55.21802568,-0.01310717095,-0.0514258465,-0.05865443342,-0.04460154702
55.34267134,-0.01280458963,-0.05201049808,-0.058054969,-0.04782389767
55.46731699,-0.01249003131,-0.05250652882,-0.0573729635,-0.05067501154
55.59196265,-0.01216464207,-0.05291679864,-0.05661198642,-0.05316555214
55.7166083,-0.01182956797,-0.05324416746,-0.05577560727,-0.05530618299
55.84125396,-0.01148595509,-0.05349149517,-0.05486739553,-0.05710756762
55.96589962,-0.01113494951,-0.05366164169,-0.05389092073,-0.05858036954
56.09054527,-0.01077769728,-0.05375746694,-0.05284975235,-0.05973525228
56.21519093,-0.0104153445,-0.05378183083,-0.05174745989,-0.06058287935
56.33983658,-0.01004903722,-0.05373759327,-0.05058761287,-0.06113391428
56.46448224,-0.009679921525,-0.05362761416,-0.04937378078,-0.06139902058
56.5891279,-0.009309143486,-0.05345475344,-0.04810953313,-0.06138886177
56.71377355,-0.008937849176,-0.053221871,-0.0467984394,-0.06111410138
56.83841921,-0.008567184666,-0.05293182675,-0.04544406911,-0.06058540292
56.96306487,-0.00819829603,-0.05258748062,-0.04404999176,-0.05981342991
57.08771052,-0.007832329341,-0.05219169251,-0.04261977685,-0.05880884588
57.21235618,-0.007470430672,-0.05174732233,-0.04115699388,-0.05758231433
57.33700183,-0.007113746094,-0.05125723001,-0.03966521235,-0.0561444988
57.46164749,-0.006763421682,-0.05072427544,-0.03814800177,-0.05450606281
57.58629315,-0.006420603507,-0.05015131854,-0.03660893162,-0.05267766986
57.7109388,-0.006086437643,-0.04954121922,-0.03505157143,-0.05066998349
57.83558446,-0.005762070162,-0.0488968374,-0.03347949068,-0.0484936672
57.96023012,-0.005448647138,-0.04822103299,-0.03189625888,-0.04615938453
58.08487577,-0.005147314642,-0.0475166659,-0.03030544553,-0.04367779899
58.20952143,-0.004859218749,-0.04678659604,-0.02871062014,-0.0410595741
58.33416708,-0.00458550553,-0.04603368332,-0.02711535219,-0.03831537338
58.45881274,-0.004327321059,-0.04526078766,-0.0255232112,-0.03545586034
58.5834584,-0.004085811408,-0.04447076897,-0.02393776667,-0.03249169852
58.70810405,-0.00386212265,-0.04366648716,-0.0223625881,-0.02943355143
58.83274971,-0.003657400857,-0.04285080214,-0.02080124498,-0.02629208259
58.95739536,-0.003472792104,-0.04202657383,-0.01925730683,-0.02307795552
59.08204102,-0.003309442462,-0.04119666213,-0.01773434314,-0.01980183373
59.20668668,-0.003168498004,-0.04036392696,-0.01623592341,-0.01647438076
59.33133233,-0.003051104803,-0.03953122824,-0.01476561715,-0.01310626011
59.45597799,-0.002958408933,-0.03870142587,-0.01332699385,-0.009708135314
59.58062365,-0.002891556464,-0.03787737976,-0.01192362303,-0.006290669884
59.7052693,-0.002851693472,-0.03706194983,-0.01055907417,-0.002864527341
59.82991496,-0.002839966028,-0.03625799599,-0.009236916781,0.0005596287936
59.95456061,-0.002857520204,-0.03546837816,-0.007960720367,0.003971135001
60.07920627,-0.002905502075,-0.03469595624,-0.006734054427,0.007359327761
60.20385193,-0.002985057712,-0.03394359014,-0.005560488463,0.01071354355
60.32849758,-0.003097333189,-0.03321413978,-0.004443591976,0.01402311886
60.45314324,-0.003243474579,-0.03251046508,-0.003386934467,0.01727739016
60.57778889,-0.003424627953,-0.03183542593,-0.002394085438,0.02046569394
60.70243455,-0.003641939386,-0.03119188227,-0.001468614391,0.02357736666
60.82708021,-0.003896554949,-0.03058269399,-0.0006140908269,0.02660174483
60.95172586,-0.004189620715,-0.030010721,0.0001659157528,0.0295281649
61.07637152,-0.004522282758,-0.02947882324,0.0008678358467,0.03234596337
61.20101718,-0.00489568715,-0.02898986059,0.001488099953,0.03504447672
61.32566283,-0.005310979965,-0.02854669298,0.002023138571,0.03761304142
61.45030849,-0.005769307273,-0.02815218032,0.002469382198,0.04004099396
61.57495414,-0.00627181515,-0.02780918252,0.002823261333,0.04231767081
61.6995998,-0.006819649667,-0.02752055949,0.003081206476,0.04443240846
61.82424546,-0.007413956897,-0.02728917114,0.003239648123,0.04637454338
61.94889111,-0.008055882913,-0.02711787739,0.003295016774,0.04813341206
62.07353677,-0.008746573787,-0.02700953815,0.003243742928,0.04969835098
62.19818242,-0.009487175594,-0.02696701334,0.003082257082,0.05105869661
62.32282808,-0.0102788344,-0.02699316285,0.002806989736,0.05220378545
62.44747374,-0.01112269629,-0.02709084661,0.002414371387,0.05312295395
62.57211939,-0.01201990733,-0.02726292453,0.001900832535,0.05380553862
62.69676505,-0.01297161359,-0.02751225652,0.001262803678,0.05424087592
62.82141071,-0.01397896115,-0.02784170249,0.0004967153139,0.05441830234
62.94605636,-0.01504309607,-0.02825412235,-0.000401002058,0.05432715436
63.07070202,-0.01616516444,-0.02875237602,-0.001433917939,0.05395676846
63.19534767,-0.01734631232,-0.02933932341,-0.002605601832,0.05329648112
63.31999333,-0.01858768579,-0.03001782443,-0.003919623236,0.05233562881
63.44463899,-0.01989043091,-0.03079073899,-0.005379551655,0.05106354802
63.56928464,-0.02125569377,-0.031660927,-0.006988956589,0.04946957524
63.6939303,-0.02268462043,-0.03263124839,-0.00875140754,0.04754304693
63.81857595,-0.02417835698,-0.03370456305,-0.01067047401,0.04527329958
63.94322161,-0.02573804947,-0.0348837309,-0.0127497255,0.04264966967
64.06786727,-0.02736484399,-0.03617161186,-0.01499273151,0.03966149369
64.19251292,-0.0290598866,-0.03757106583,-0.01740306154,0.0362981081
64.31715858,-0.03082432338,-0.03908495273,-0.0199842851,0.03254884939
64.44180424,-0.03265930041,-0.04071613247,-0.02273997168,0.02840305405
64.56644989,-0.03456596375,-0.04246746496,-0.02567369079,0.02385005854
64.69109555,-0.03654545947,-0.04434181011,-0.02878901193,0.01887919936
64.8157412,-0.03859893366,-0.04634202785,-0.0320895046,0.01347981298
64.94038686,-0.04072753238,-0.04847097807,-0.0355787383,0.007641235878
65.06503252,-0.04289075253,-0.05068677172,-0.03919321678,0.001464579783
65.18967817,-0.04486226109,-0.05274658523,-0.04256857312,-0.00444411463
65.31432383,-0.04661289429,-0.05461753752,-0.04565548977,-0.009998687298
65.43896948,-0.04814867102,-0.05630442283,-0.04846114041,-0.01520678542
65.56361514,-0.04947561013,-0.05781203542,-0.05099269874,-0.02007605619
65.6882608,-0.05059973051,-0.05914516951,-0.05325733844,-0.02461414682
65.81290645,-0.05152705102,-0.06030861936,-0.05526223322,-0.0288287045
65.93755211,-0.05226359055,-0.0613071792,-0.05701455676,-0.03272737643
66.06219777,-0.05281536795,-0.06214564327,-0.05852148276,-0.03631780981
66.18684342,-0.05318840212,-0.06282880581,-0.05979018492,-0.03960765185
66.31148908,-0.05338871191,-0.06336146107,-0.06082783692,-0.04260454973
66.43613473,-0.0534223162,-0.06374840329,-0.06164161245,-0.04531615067
66.56078039,-0.05329523388,-0.06399442671,-0.06223868522,-0.04775010185
66.68542605,-0.0530134838,-0.06410432557,-0.06262622892,-0.04991405049
66.8100717,-0.05258308484,-0.06408289411,-0.06281141723,-0.05181564377
66.93471736,-0.05201005587,-0.06393492657,-0.06280142386,-0.05346252891
67.05936301,-0.05130041578,-0.06366521719,-0.06260342249,-0.05486235309
67.18400867,-0.05046018342,-0.06327856022,-0.06222458681,-0.05602276352
67.30865433,-0.04949537769,-0.06277974989,-0.06167209053,-0.05695140739
67.43329998,-0.04841201743,-0.06217358045,-0.06095310734,-0.05765593192
67.55794564,-0.04721612154,-0.06146484614,-0.06007481092,-0.05814398429
67.6825913,-0.04591370888,-0.0606583412,-0.05904437497,-0.0584232117
67.80723695,-0.04451079833,-0.05975885987,-0.05786897319,-0.05850126137
67.93188261,-0.04301340876,-0.05877119639,-0.05655577926,-0.05838578048
68.05652826,-0.04142755904,-0.05770014501,-0.05511196689,-0.05808441623
68.18117392,-0.03975926805,-0.05655049996,-0.05354470976,-0.05760481583
68.30581958,-0.03801455466,-0.05532705548,-0.05186118157,-0.05695462647
68.43046523,-0.03619943774,-0.05403460582,-0.050068556,-0.05614149535
68.55511089,-0.03431993616,-0.05267794522,-0.04817400677,-0.05517306968
68.67975654,-0.0323820688,-0.05126186792,-0.04618470754,-0.05405699666
68.8044022,-0.03039185454,-0.04979116817,-0.04410783203,-0.05280092347
68.92904786,-0.02835531224,-0.04827064019,-0.04195055392,-0.05141249733
69.05369351,-0.02627846078,-0.04670507823,-0.03972004691,-0.04989936543
69.17833917,-0.02416731902,-0.04509927654,-0.03742348469,-0.04826917497
69.30298483,-0.02202790586,-0.04345802936,-0.03506804095,-0.04652957315
69.42763048,-0.01986624015,-0.04178613092,-0.03266088939,-0.04468820717
69.55227614,-0.01768834077,-0.04008837547,-0.0302092037,-0.04275272423
69.67692179,-0.01550022659,-0.03836955725,-0.02772015757,-0.04073077154
69.80156745,-0.01330791649,-0.0366344705,-0.0252009247,-0.03862999628
69.92621311,-0.01111742934,-0.03488790947,-0.02265867878,-0.03645804566
70.05085876,-0.008934784014,-0.03313466838,-0.0201005935,-0.03422256688
70.17550442,-0.006765999383,-0.03137954149,-0.01753384255,-0.03193120713
70.30015008,-0.00461709432,-0.02962732304,-0.01496559964,-0.02959161363
70.42479573,-0.0024940877,-0.02788280726,-0.01240303844,-0.02721143356
70.54944139,-0.0004029983957,-0.0261507884,-0.009853332666,-0.02479831413
70.67408704,0.001650154721,-0.0244360607,-0.007323655997,-0.02235990254
70.7987327,0.003659352775,-0.0227434184,-0.004821182131,-0.01990384598
70.92337836,0.005618576896,-0.02107765574,-0.002353084761,-0.01743779166
71.04802401,0.007521808208,-0.01944356697,7.346242129e-05,-0.01496938677
71.17266967,0.00936302784,-0.01784594632,0.002451285721,-0.01250627852
71.29731532,0.01113621692,-0.01628958803,0.004773211446,-0.0100561141
71.42196098,0.01283535657,-0.01477928635,0.007032065903,-0.007626540714
71.54660664,0.01445442792,-0.01331983552,0.009220675398,-0.005225205563
71.67125229,0.0159874121,-0.01191602978,0.01133186624,-0.002859755846
71.79589795,0.01742829023,-0.01057266337,0.01335846473,-0.0005378387623
71.92054361,0.01877104344,-0.009294530529,0.01529329718,0.001732898489
72.04518926,0.02000965286,-0.008086425503,0.0171291899,0.003944808709
72.16983492,0.02113809961,-0.00695314253,0.01885896918,0.006090244697
72.29448057,0.02215036482,-0.005899475853,0.02047546135,0.008161559254
72.41912623,0.02304042962,-0.004930219713,0.0219714927,0.01015110518
72.54377189,0.02380227514,-0.00405016835,0.02333988955,0.01205123528
72.66841754,0.0244298825,-0.003264116006,0.02457347819,0.01385430234
72.7930632,0.02491723283,-0.002576856923,0.02566508494,0.01555265918
72.91770885,0.02525830725,-0.001993185341,0.02660753611,0.01713865858
73.04235451,0.0254470869,-0.001517895503,0.02739365799,0.01860465336
73.16700017,0.02547755289,-0.001155781648,0.0280162769,0.01994299631
73.29164582,0.02534368636,-0.0009116380181,0.02846821914,0.02114604023
73.41629148,0.02503946844,-0.000790258855,0.02874231102,0.02220613793
73.54093714,0.02455888024,-0.0007964383997,0.02883137885,0.0231156422
73.66558279,0.0238959029,-0.0009349708933,0.02872824893,0.02386690584
73.79022845,0.02304451754,-0.001210650577,0.02842574757,0.02445228165
73.9148741,0.0219987053,-0.001628271693,0.02791670108,0.02486412244
74.03951976,0.02075244729,-0.002192628481,0.02719393576,0.025094781
74.16416542,0.01929972465,-0.002908515183,0.02625027792,0.02513661014
74.28881107,0.0176345185,-0.00378072604,0.02507855387,0.02498196265
74.41345673,0.01575080996,-0.004814055293,0.02367158991,0.02462319134
74.53810238,0.01364258018,-0.006013297185,0.02202221235,0.024052649
74.66274804,0.01130381026,-0.007383245955,0.0201232475,0.02326268845
74.7873937,0.008728481343,-0.008928695845,0.01796752167,0.02224566246
74.91203935,0.005910574551,-0.0106544411,0.01554786115,0.02099392386
75.03668501,0.002844071012,-0.01256527595,0.01285709226,0.01949982543
75.16133067,-0.0004770481475,-0.01466599465,0.009888041309,0.01775571998
75.28597632,-0.004058801801,-0.01696139143,0.006633534597,0.01575396031
75.41062198,-0.007907208821,-0.01945626054,0.003086398432,0.01348689922
75.53526763,-0.01202828808,-0.02215539622,-0.0007605408779,0.01094688951
75.65991329,-0.01642805845,-0.0250635927,-0.004914457027,0.008126283979
75.78455895,-0.02111253881,-0.02818564424,-0.009382523707,0.005017435427
75.9092046,-0.02596536678,-0.03144614722,-0.01405113829,0.001699680948
76.03385026,-0.03050593025,-0.03453019277,-0.01844625846,-0.00148604582
76.15849591,-0.03469197857,-0.0374091175,-0.02252523712,-0.004506982192
76.28314157,-0.03853189741,-0.04008739277,-0.02629534227,-0.007366196216
76.40778723,-0.04203407244,-0.04256948995,-0.02976384188,-0.01006675594
76.53243288,-0.04520688933,-0.04485988039,-0.03293800394,-0.01261172941
76.65707854,-0.04805873376,-0.04696303546,-0.03582509643,-0.01500418467
76.7817242,-0.0505979914,-0.04888342652,-0.03843238733,-0.01724718978
76.90636985,-0.05283304791,-0.05062552492,-0.04076714463,-0.01934381277
77.03101551,-0.05477228898,-0.05219380204,-0.04283663631,-0.0212971217
77.15566116,-0.05642410026,-0.05359272923,-0.04464813034,-0.02311018461
77.28030682,-0.05779686744,-0.05482677785,-0.04620889473,-0.02478606956
77.40495248,-0.05889897618,-0.05590041927,-0.04752619744,-0.02632784458
77.52959813,-0.05973881216,-0.05681812485,-0.04860730646,-0.02773857772
77.65424379,-0.06032476104,-0.05758436595,-0.04945948977,-0.02902133704
77.77888944,-0.0606652085,-0.05820361392,-0.05009001537,-0.03017919058
77.9035351,-0.06076854022,-0.05868034014,-0.05050615122,-0.03121520639
78.02818076,-0.06064314185,-0.05901901596,-0.05071516531,-0.03213245251
78.15282641,-0.06029739908,-0.05922411275,-0.05072432563,-0.03293399699
78.27747207,-0.05973969758,-0.05930010186,-0.05054090016,-0.03362290788
78.40211773,-0.05897842301,-0.05925145466,-0.05017215687,-0.03420225323
78.52676338,-0.05802196105,-0.05908264251,-0.04962536377,-0.03467510109
78.65140904,-0.05687869737,-0.05879813677,-0.04890778882,-0.03504451949
78.77605469,-0.05555701763,-0.0584024088,-0.04802670001,-0.03531357649
78.90070035,-0.05406530753,-0.05789992997,-0.04698936532,-0.03548534014
79.02534601,-0.05241195271,-0.05729517163,-0.04580305274,-0.03556287848
79.14999166,-0.05060533886,-0.05659260515,-0.04447503025,-0.03554925956
79.27463732,-0.04865385165,-0.05579670188,-0.04301256583,-0.03544755143
79.39928297,-0.04656587675,-0.0549119332,-0.04142292746,-0.03526082213
79.52392863,-0.04434979983,-0.05394277046,-0.03971338314,-0.03499213972
79.64857429,-0.04201400656,-0.05289368502,-0.03789120083,-0.03464457224
79.77321994,-0.03956688261,-0.05176914824,-0.03596364853,-0.03422118773
79.8978656,-0.03701681366,-0.05057363149,-0.03393799421,-0.03372505425
80.02251126,-0.03437218538,-0.04931160613,-0.03182150586,-0.03315923984
80.14715691,-0.03164138343,-0.04798754351,-0.02962145147,-0.03252681255
80.27180257,-0.02883279349,-0.04660591501,-0.02734509901,-0.03183084043
80.39644822,-0.02595480124,-0.04517119197,-0.02499971647,-0.03107439152
80.52109388,-0.02301579234,-0.04368784578,-0.02259257183,-0.03026053387
80.64573954,-0.02002415246,-0.04216034777,-0.02013093308,-0.02939233553
80.77038519,-0.01698826727,-0.04059316932,-0.01762206819,-0.02847286454
80.89503085,-0.01391652246,-0.03899078179,-0.01507324516,-0.02750518896
81.0196765,-0.01081730368,-0.03735765654,-0.01249173195,-0.02649237683
81.14432216,-0.007698996613,-0.03569826493,-0.009884796566,-0.02543749619
81.26896782,-0.004569986928,-0.03401707832,-0.007259706978,-0.02434361511
81.39361347,-0.001438660296,-0.03231856807,-0.004623731172,-0.02321380161
81.51825913,0.00168659761,-0.03060720555,-0.001984137131,-0.02205112375
81.64290479,0.00479740112,-0.02888746212,0.0006518071622,-0.02085864958
81.76755044,0.007885364562,-0.02716380914,0.003276833724,-0.01963944715
81.8921961,0.01094210226,-0.02544071796,0.005883674573,-0.01839658449
82.01684175,0.01395922856,-0.02372265996,0.008465061724,-0.01713312967
82.14148741,0.01692835776,-0.02201410648,0.0110137272,-0.01585215072
82.26613307,0.01984110422,-0.02031952891,0.01352240301,-0.0145567157
82.39077872,0.02268908225,-0.01864339858,0.01598382117,-0.01324989265
82.51542438,0.02546390618,-0.01699018688,0.0183907137,-0.01193474961
82.64007004,0.02815719034,-0.01536436515,0.02073581263,-0.01061435464
82.76471569,0.03076054906,-0.01377040477,0.02301184996,-0.009291775786
82.88936135,0.03326559667,-0.01221277708,0.02521155771,-0.007970081091
83.014007,0.0356639475,-0.01069595346,0.0273276679,-0.006652338603
83.13865266,0.03794721587,-0.009224405264,0.02935291255,-0.00534161637
83.26329832,0.04010701612,-0.007802603854,0.03128002367,-0.00404098244
83.38794397,0.04213496257,-0.006435020591,0.03310173328,-0.002753504859
83.51258963,0.04402266954,-0.005126126837,0.0348107734,-0.001482251675
83.63723528,0.04576175138,-0.003880393954,0.03639987605,-0.0002302909359
83.76188094,0.0473438224,-0.002702293302,0.03786177323,0.0009993093119
83.8865266,0.04876049694,-0.001596296245,0.03918919698,0.002203481021
84.01117225,0.05000338933,-0.0005668741424,0.0403748793,0.003379156143
84.13581791,0.05106411388,0.0003815016435,0.04141155222,0.004523266632
84.26046357,0.05193428494,0.001244359751,0.04229194774,0.00563274444
84.38510922,0.05260551683,0.002017228819,0.04300879789,0.006704521519
84.50975488,0.05306942388,0.002695637487,0.04355483469,0.007735529823
84.63440053,0.05331762041,0.003275114391,0.04392279015,0.008722701304
84.75904619,0.05334172075,0.003751188171,0.04410539629,0.009662967915
84.88369185,0.05313333924,0.004119387466,0.04409538512,0.01055326161
85.0083375,0.05268409021,0.004375240914,0.04388548866,0.01139051434
85.13298316,0.05198558797,0.004514277153,0.04346843894,0.01217165805
85.25762881,0.05102944686,0.004532024822,0.04283696796,0.01289362471
85.38227447,0.04980728121,0.00442401256,0.04198380774,0.01355334626
85.50692013,0.04831070535,0.004185769004,0.04090169031,0.01414775465
85.63156578,0.0465313336,0.003812822794,0.03958334767,0.01467378185
85.75621144,0.04446078029,0.003300702568,0.03802151185,0.01512835979
85.8808571,0.04209065975,0.002644936964,0.03620891485,0.01550842044
86.00550275,0.03941258631,0.001841054622,0.03413828871,0.01581089574
86.13014841,0.0364181743,0.0008845841782,0.03180236544,0.01603271766
86.25479406,0.03309903805,-0.0002289457272,0.02919387704,0.01617081813
86.37943972,0.02944679188,-0.001504006456,0.02630555555,0.01622212912
86.50408538,0.02545305013,-0.00294506937,0.02313013297,0.01618358258
86.62873103,0.02110942712,-0.004556605831,0.01966034133,0.01605211046
86.75337669,0.01653050246,-0.006275345275,0.01602480313,0.01583948976
86.87802234,0.01207305163,-0.007905238329,0.01261672226,0.01558854903
87.002668,0.007759355241,-0.009435192701,0.00945640822,0.0153036459
87.12731366,0.003588269381,-0.0108670416,0.006538184764,0.01498636846
87.25195931,-0.0004413498628,-0.01220261824,0.003856375658,0.0146383048
87.37660497,-0.004330646405,-0.01344375583,0.001405304666,0.014261043
87.50125063,-0.008080764158,-0.01459228758,-0.0008207044478,0.01385617115
87.62589628,-0.01169284704,-0.01565004669,-0.00282732792,0.01342527732
87.75054194,-0.01516803895,-0.01661886639,-0.004620241986,0.01296994961
87.87518759,-0.01850748381,-0.01750057987,-0.006205122883,0.01249177611
87.99983325,-0.02171232554,-0.01829702035,-0.007587646846,0.01199234489
88.12447891,-0.02478370805,-0.01901002104,-0.008773490111,0.01147324404
88.24912456,-0.02772277524,-0.01964141514,-0.009768328914,0.01093606165
88.37377022,-0.03053067104,-0.02019303588,-0.01057783949,0.01038238581
88.49841587,-0.03320853935,-0.02066671645,-0.01120769808,0.009813804588
88.62306153,-0.0357575241,-0.02106429007,-0.01166358091,0.009231906083
88.74770719,-0.03817876918,-0.02138758995,-0.01195116423,0.008638278377
88.87235284,-0.04047341852,-0.0216384493,-0.01207612427,0.008034509555
88.9969985,-0.04264261603,-0.02181870132,-0.01204413726,0.007422187702
89.12164416,-0.04468750562,-0.02193017923,-0.01186087944,0.006802900903
89.24628981,-0.04660923121,-0.02197471624,-0.01153202704,0.006178237245
89.37093547,-0.0484089367,-0.02195414556,-0.01106325631,0.005549784812
89.49558112,-0.05008776602,-0.02187030039,-0.01046024348,0.004919131689
89.62022678,-0.05164686307,-0.02172501395,-0.009728664785,0.004287865962
89.74487244,-0.05308737177,-0.02152011945,-0.008874196459,0.003657575715
89.86951809,-0.05441043603,-0.0212574501,-0.007902514739,0.003029849035
89.99416375,-0.05561719976,-0.0209388391,-0.006819295862,0.002406274007
90.1188094,-0.05670880688,-0.02056611967,-0.005630216064,0.001788438716
90.24345506,-0.0576864013,-0.02014112502,-0.00434095158,0.001177931246
90.36810072,-0.05855112693,-0.01966568835,-0.002957178648,0.0005763396843
90.49274637,-0.05930412769,-0.01914164288,-0.001484573502,-1.474788496e-05
90.61739203,-0.05994654749,-0.01857082182,7.118762063e-05,-0.0005937433762
90.74203769,-0.06047953024,-0.01795505837,0.001704428484,-0.001159058704
90.86668334,-0.06090421986,-0.01729618575,0.003409472853,-0.001709105784
90.991329,-0.06122176026,-0.01659603717,0.005180644491,-0.002242296529
91.11597465,-0.06143329534,-0.01585644584,0.007012267162,-0.002757042856
91.24062031,-0.06153996904,-0.01507924496,0.00889866463,-0.003251756678
91.36526597,-0.06154292525,-0.01426626774,0.01083416066,-0.00372484991
91.48991162,-0.0614433079,-0.01341934741,0.01281307901,-0.004174734467
91.61455728,-0.06124226088,-0.01254031716,0.01482974345,-0.004599822264
91.73920293,-0.06094092813,-0.0116310102,0.01687847775,-0.004998525216
91.86384859,-0.06054045355,-0.01069325975,0.01895360566,-0.005369255236
91.98849425,-0.06004198105,-0.00972889902,0.02104945095,-0.005710424241
92.1131399,-0.05944665455,-0.008739761213,0.02316033739,-0.006020444144
92.23778556,-0.05875561796,-0.007727679543,0.02528058874,-0.00629772686
92.36243122,-0.05797001519,-0.006694487218,0.02740452876,-0.006540684304
92.48707687,-0.05709099016,-0.005642017449,0.02952648121,-0.006747728391
92.61172253,-0.05611968678,-0.004572103446,0.03164076987,-0.006917271036
92.73636818,-0.05505724897,-0.003486578418,0.03374171849,-0.007047724152
92.86101384,-0.05390482063,-0.002387275576,0.03582365084,-0.007137499656
92.9856595,-0.05266354568,-0.001276028129,0.03788089068,-0.007185009461
93.11030515,-0.05133456803,-0.0001546692876,0.03990776178,-0.007188665482
93.23495081,-0.04991903159,0.0009749677385,0.0418985879,-0.007146879635
93.35959646,-0.04841808029,0.002111049739,0.0438476928,-0.007058063833
93.48424212,-0.04683285803,0.003251743505,0.04574940025,-0.006920629991
93.60888778,-0.04516450872,0.004395215825,0.04759803401,-0.006732990025
93.73353343,-0.04341417628,0.005539633491,0.04938791785,-0.006493555848
93.85817909,-0.04158300462,0.006683163291,0.05111337553,-0.006200739377
93.98282475,-0.03967213766,0.007823972017,0.05276873082,-0.005852952524
94.1074704,-0.03768271931,0.008960226458,0.05434830747,-0.005448607205
94.23211606,-0.03561589347,0.0100900934,0.05584642925,-0.004986115335
94.35676171,-0.03347280407,0.01121173965,0.05725741994,-0.004463888829
94.48140737,-0.03125459502,0.01232333197,0.05857560328,-0.003880339601
94.60605303,-0.02896241022,0.01342303717,0.05979530304,-0.003233879565
94.73069868,-0.0265973936,0.01450902204,0.06091084299,-0.002522920637
94.85534434,-0.02416068907,0.01557945337,0.0619165469,-0.001745874731
94.97998999,-0.02165344054,0.01663249793,0.06280673852,-0.0009011537629
95.10463565,-0.01907679192,0.01766632254,0.06357574162,1.283035403e-05
95.22928131,-0.01643188712,0.01867909397,0.06421787997,0.0009976657045
95.35392696,-0.01371987007,0.01966897902,0.06472747732,0.002054940374
95.47857262,-0.01094188466,0.02063414447,0.06509885744,0.003186242447
95.60321828,-0.008099074826,0.02157275712,0.06532634411,0.00439316001
95.72786393,-0.005192584467,0.02248298375,0.06540426107,0.005677281148
95.85250959,-0.0022235575,0.02336299116,0.06532693209,0.007040193945
95.97715524,0.0008068621631,0.02421094614,0.06508868094,0.008483486488
96.1018009,0.003897530608,0.02502501547,0.06468383139,0.01000874686
96.22644656,0.007047303921,0.02580336595,0.06410670718,0.01161756315
96.35109221,0.01025503819,0.02654416437,0.0633516321,0.01331152344
96.47573787,0.0135195895,0.02724557751,0.06241292991,0.01509221582
96.60038353,0.01683981394,0.02790577217,0.06128492436,0.01696122837
96.72502918,0.0202145676,0.02852291513,0.05996193922,0.01892014917
96.84967484,0.02364270656,0.0290951732,0.05843829826,0.02097056632
96.97432049,0.02712308691,0.02962071314,0.05670832523,0.0231140679
97.09896615,0.03065456474,0.03009770177,0.05476634391,0.02535224198
97.22361181,0.03423599613,0.03052430586,0.05260667806,0.02768667667
97.34825746,0.03786623717,0.03089869221,0.05022365144,0.03011896004
97.47290312,0.04154414395,0.03121902761,0.04761158781,0.03265068018
97.59754877,0.04515222822,0.03150132504,0.04488375346,0.03517846873
97.72219443,0.04843973896,0.03178374149,0.04229621556,0.03747666279
97.84684009,0.05140589504,0.03206757772,0.03985521965,0.03954328944
97.97148574,0.0540589667,0.03235277143,0.03755785544,0.04138451028
98.0961314,0.05640722414,0.03263926029,0.03540121259,0.04300648693
98.22077706,0.0584589376,0.032926982,0.03338238078,0.04441538099
98.34542271,0.06022237729,0.03321587424,0.03149844971,0.04561735405
98.47006837,0.06170581343,0.03350587469,0.02974650905,0.04661856772
98.59471402,0.06291751625,0.03379692104,0.02812364849,0.04742518361
98.71935968,0.06386575596,0.03408895099,0.02662695769,0.04804336332
98.84400534,0.0645588028,0.0343819022,0.02525352636,0.04847926845
98.96865099,0.06500492697,0.03467571238,0.02400044416,0.04873906061
99.09329665,0.0652123987,0.03497031921,0.02286480078,0.04882890139
99.2179423,0.06518948822,0.03526566037,0.02184368591,0.04875495241
99.34258796,0.06494446573,0.03556167354,0.02093418922,0.04852337527
99.46723362,0.06448560148,0.03585829643,0.02013340039,0.04814033157
99.59187927,0.06382116567,0.0361554667,0.01943840911,0.04761198291
99.71652493,0.06295942852,0.03645312205,0.01884630506,0.0469444909
99.84117059,0.06190866027,0.03675120017,0.01835417792,0.04614401715
99.96581624,0.06067713112,0.03704963874,0.01795911737,0.04521672324
100.0904619,0.0592731113,0.03734837545,0.0176582131,0.0441687708
100.2151076,0.05770487104,0.03764734797,0.01744855478,0.04300632142
100.3397532,0.05598068055,0.03794649401,0.01732723209,0.0417355367
100.4643989,0.05410881006,0.03824575124,0.01729133473,0.04036257826
100.5890445,0.05209752978,0.03854505736,0.01733795237,0.03889360768
100.7136902,0.04995510994,0.03884435004,0.01746417468,0.03733478659
100.8383358,0.04768982076,0.03914356698,0.01766709136,0.03569227657
100.9629815,0.04530993245,0.03944264585,0.01794379209,0.03397223924
101.0876271,0.04282371525,0.03974152436,0.01829136654,0.03218083619
101.2122728,0.04023943937,0.04004014017,0.01870690441,0.03032422904
101.3369185,0.03756537504,0.04033843099,0.01918749536,0.02840857938
101.4615641,0.03480979247,0.04063633449,0.01973022908,0.02644004882
101.5862098,0.03198096189,0.04093378836,0.02033219526,0.02442479896
101.7108554,0.02908715351,0.04123073029,0.02099048357,0.02236899141
101.8355011,0.02613663756,0.04152709796,0.0217021837,0.02027878776
101.9601467,0.02313768427,0.04182282907,0.02246438533,0.01816034963
102.0847924,0.02009856384,0.04211786129,0.02327417814,0.01601983862
102.2094381,0.01702754651,0.04241213231,0.02412865181,0.01386341632
102.3340837,0.01393290249,0.04270557982,0.02502489602,0.01169724435
102.4587294,0.01082290201,0.04299814151,0.02596000046,0.009527484305
102.583375,0.007705815286,0.04328975506,0.02693105481,0.00736029779
102.7080207,0.004589912539,0.04358035815,0.02793514874,0.00520184641
102.8326663,0.001483463991,0.04386988848,0.02896937195,0.003058291768
102.957312,-0.001605260137,0.04415828373,0.03003081411,0.0009357954675
103.0819576,-0.004667989623,0.04444548159,0.0311165649,-0.001159480888
103.2066033,-0.007696454246,0.04473141974,0.03222371401,-0.003221375695
103.331249,-0.01068238378,0.04501603586,0.03334935111,-0.00524372735
103.4558946,-0.01361750802,0.04529926766,0.03449056589,-0.007220374249
103.5805403,-0.01649355672,0.0455810528,0.03564444804,-0.009145154788
103.7051859,-0.01930225968,0.04586132898,0.03680808722,-0.01101190736
103.8298316,-0.02203534667,0.04614003388,0.03797857313,-0.01281447037
103.9544772,-0.02468454746,0.0464171052,0.03915299544,-0.01454668221
104.0791229,-0.02724159185,0.04669248061,0.04032844384,-0.01620238128
104.2037686,-0.0296982096,0.0469660978,0.04150200801,-0.01777540597
104.3284142,-0.03204613049,0.04723789446,0.04267077763,-0.01925959468
104.4530599,-0.03427708432,0.04750780828,0.04383184239,-0.0206487858
104.5777055,-0.03638280084,0.04777577693,0.04498229195,-0.02193681773
104.7023512,-0.03835500984,0.04804173812,0.04611921601,-0.02311752888
104.8269968,-0.04018544111,0.04830562952,0.04723970425,-0.02418475762
104.9516425,-0.04186582441,0.04856738881,0.04834084635,-0.02513234237
105.0762881,-0.04338788953,0.0488269537,0.04941973199,-0.02595412152
105.2009338,-0.04474336625,0.04908426185,0.05047345085,-0.02664393346
105.3255795,-0.04592398434,0.04933925096,0.05149909261,-0.02719561658
105.4502251,-0.04692147359,0.04959185872,0.05249374696,-0.0276030093
105.5748708,-0.04772756376,0.04984202281,0.05345450358,-0.02785995
105.6995164,-0.04833398465,0.05008968092,0.05437845215,-0.02796027708
105.8241621,-0.04873246603,0.05033477073,0.05526268234,-0.02789782893
105.9488077,-0.04891473768,0.05057722993,0.05610428385,-0.02766644396
106.0734534,-0.04887252937,0.0508169962,0.05690034635,-0.02725996055
106.198099,-0.0485975709,0.05105400724,0.05764795953,-0.02667221711
106.3227447,-0.04808159202,0.05128820072,0.05834421306,-0.02589705204
106.4473904,-0.04731632253,0.05151951434,0.05898619664,-0.02492830372
106.572036,-0.0462934922,0.05174788578,0.05957099993,-0.02375981055
106.6966817,-0.04500483081,0.05197325273,0.06009571263,-0.02238541093
106.8213273,-0.04344206814,0.05219555287,0.06055742441,-0.02079894327
106.945973,-0.04159693397,0.05241472388,0.06095322496,-0.01899424594
107.0706186,-0.03946115808,0.05263070347,0.06128020395,-0.01696515735
107.1952643,-0.03702647024,0.05284342931,0.06153545107,-0.0147055159
107.31991,-0.03428460024,0.05305283908,0.061716056,-0.01220915999
107.4445556,-0.03122727785,0.05325887048,0.06181910843,-0.009469928001
107.5692013,-0.02784623285,0.05346146119,0.06184169803,-0.006481658339
107.6938469,-0.02413319502,0.05366054889,0.06178091448,-0.003238189398
107.8184926,-0.02007989414,0.05385607128,0.06163384747,0.0002666404238
107.9431382,-0.01567805999,0.05404796604,0.06139758669,0.004038992731
108.0677839,-0.01091942235,0.05423617085,0.0610692218,0.008085029128
108.1924295,-0.005795710986,0.05442062341,0.06064584249,0.01241091122
108.3170752,-0.0002986556908,0.05460126139,0.06012453845,0.0170228006
108.4417209,0.005313417998,0.05477187942,0.05953123019,0.02169121639
108.5663665,0.01061544682,0.05492283524,0.0589121941,0.02604081328
108.6910122,0.01560836429,0.05505459104,0.05826929159,0.03007385971
108.8156578,0.02029909848,0.05516774912,0.0576037471,0.03379793011
108.9403035,0.0246945775,0.05526291179,0.05691678508,0.03722059889
109.0649491,0.02880172945,0.05534068133,0.05620962996,0.04034944046
109.1895948,0.03262748242,0.05540166006,0.05548350618,0.04319202924
109.3142405,0.0361787645,0.05544645027,0.05473963818,0.04575593966
109.4388861,0.03946250379,0.05547565426,0.0539792504,0.04804874611
109.5635318,0.04248562839,0.05548987433,0.05320356729,0.05007802303
109.6881774,0.0452550664,0.05548971279,0.05241381327,0.05185134483
109.8128231,0.0477777459,0.05547577193,0.0516112128,0.05337628591
109.9374687,0.05006059501,0.05544865405,0.0507969903,0.05466042071
110.0621144,0.0521105418,0.05540896145,0.04997237023,0.05571132363
110.18676,0.05393451438,0.05535729643,0.04913857701,0.05653656909
110.3114057,0.05553944085,0.0552942613,0.0482968351,0.05714373151
110.4360514,0.0569322493,0.05522045835,0.04744836892,0.05754038531
110.560697,0.05811986782,0.05513648989,0.04659440292,0.05773410489
110.6853427,0.05910922452,0.0550429582,0.04573616154,0.05773246468
110.8099883,0.05990724749,0.0549404656,0.04487486922,0.05754303909
110.934634,0.06052086482,0.05482961438,0.0440117504,0.05717340253
111.0592796,0.06095700461,0.05471100685,0.04314802951,0.05663112943
111.1839253,0.06122259496,0.0545852453,0.04228493101,0.05592379421
111.308571,0.06132456396,0.05445293203,0.04142367932,0.05505897126
111.4332166,0.06126983971,0.05431466935,0.04056549889,0.05404423502
111.5578623,0.06106535031,0.05417105954,0.03971161415,0.0528871599
111.6825079,0.06071802385,0.05402270493,0.03886324956,0.05159532031
111.8071536,0.06023478842,0.05387020779,0.03802162953,0.05017629068
111.9317992,0.05962257213,0.05371417044,0.03718797853,0.04863764541
112.0564449,0.05888830307,0.05355519518,0.03636352098,0.04698695892
112.1810905,0.05803890933,0.05339388429,0.03554948133,0.04523180564
112.3057362,0.05708131902,0.05323084009,0.03474708401,0.04337975996
112.4303819,0.05602246022,0.05306666488,0.03395755347,0.04143839632
112.5550275,0.05486926103,0.05290196095,0.03318211415,0.03941528913
112.6796732,0.05362864956,0.0527373306,0.03242199048,0.0373180128
112.8043188,0.05230755389,0.05257337614,0.0316784069,0.03515414175
112.9289645,0.05091290213,0.05241069986,0.03095258786,0.0329312504
113.0536101,0.04945162236,0.05224990407,0.03024575779,0.03065691315
113.1782558,0.04793064268,0.05209159106,0.02955914114,0.02833870444
113.3029015,0.0463568912,0.05193636313,0.02889396234,0.02598419867
113.4275471,0.044737296,0.05178482259,0.02825144583,0.02360097026
113.5521928,0.04307878519,0.05163757174,0.02763281606,0.02119659363
113.6768384,0.04138828685,0.05149521287,0.02703929746,0.01877864319
113.8014841,0.03967272909,0.05135834828,0.02647211448,0.01635469336
113.9261297,0.03793904,0.05122758028,0.02593249154,0.01393231855
114.0507754,0.03619414767,0.05110351116,0.0254216531,0.01151909318
114.175421,0.03444498021,0.05098674323,0.02494082359,0.009122591674
114.3000667,0.03269846571,0.05087787879,0.02449122746,0.006750388439
114.4247124,0.03096153226,0.05077752013,0.02407408913,0.004410057893
114.549358,0.02924110796,0.05068626955,0.02369063306,0.002109174452
114.6740037,0.02754412091,0.05060472936,0.02334208368,-0.000144687467
114.7986493,0.0258774992,0.05053350186,0.02302966543,-0.002343953448
114.923295,0.02424817093,0.05047318934,0.02275460274,-0.004481049076
115.0479406,0.0226630642,0.05042439411,0.02251812008,-0.006548399933
115.1725863,0.02112910709,0.05038771846,0.02232144186,-0.008538431605
115.2972319,0.01965322772,0.0503637647,0.02216579253,-0.01044356967
115.4218776,0.01824235417,0.05035313513,0.02205239653,-0.01225623972
115.5465233,0.01690341453,0.05035643204,0.0219824783,-0.01396886734
115.6711689,0.01564333692,0.05037425773,0.02195726228,-0.01557387811
115.7958146,0.01446904941,0.05040721452,0.02197797291,-0.01706369761
115.9204602,0.01338748011,0.05045590469,0.02204583462,-0.01843075142
116.0451059,0.01240555712,0.05052093054,0.02216207187,-0.01966746514
116.1697515,0.01153020853,0.05060289438,0.02232790909,-0.02076626434
116.2943972,0.01076836243,0.05070239851,0.02254457071,-0.02171957461
116.4190429,0.01012694692,0.05082004523,0.02281328118,-0.02251982154
116.5436885,0.009612890102,0.05095643683,0.02313526494,-0.0231594307
116.6683342,0.009233120068,0.05111217562,0.02351174643,-0.02363082768
116.7929798,0.008994564913,0.05128786389,0.02394395008,-0.02392643806
116.9176255,0.008904152735,0.05148410396,0.02443310034,-0.02403868744
117.0422711,0.008968811629,0.0517014981,0.02498042165,-0.02396000138
117.1669168,0.009195469692,0.05194064864,0.02558713845,-0.02368280548
117.2915624,0.009591055019,0.05220215786,0.02625447517,-0.02319952532
117.4162081,0.01016249571,0.05248662807,0.02698365625,-0.02250258649
117.5408538,0.01091671985,0.05279466157,0.02777590615,-0.02158441456
117.6654994,0.01186065555,0.05312686066,0.02863244929,-0.02043743512
117.7901451,0.01300123089,0.05348382763,0.02955451011,-0.01905407376
117.9147907,0.01434537398,0.05386616479,0.03054331306,-0.01742675606
118.0394364,0.01590001291,0.05427447444,0.03160008257,-0.0155479076
118.164082,0.01767207578,0.05470935887,0.03272604309,-0.01340995397
118.2887277,0.01966849068,0.0551714204,0.03392241906,-0.01100532074
118.4133734,0.02189618571,0.05566126131,0.0351904349,-0.008326433518
118.538019,0.02436208897,0.05617948391,0.03653131508,-0.00536571787
118.6626647,0.02707312854,0.05672669049,0.03794628401,-0.002115599384
118.7873103,0.03003623254,0.05730348337,0.03943656615,0.001431496356
118.911956,0.03325832904,0.05791046483,0.04100338593,0.005283143765
119.0366016,0.03674634616,0.05854823718,0.0426479678,0.009446917261
119.1612473,0.04050721198,0.05921740272,0.04437153619,0.01393039126
119.2858929,0.04425627209,0.0598467678,0.04605578151,0.01844416391
119.4105386,0.04765651991,0.06035388894,0.04756267659,0.02264410089
119.5351843,0.05071626369,0.06074227923,0.04889674458,0.02653696997
119.6598299,0.05344441476,0.06101560103,0.05006275671,0.03013015247
119.7844756,0.05584988443,0.06117751673,0.05106548423,0.03343102968
119.9091212,0.05794158402,0.06123168872,0.05190969838,0.03644698291
120.0337669,0.05972842486,0.06118177936,0.0526001704,0.03918539347
120.1584125,0.06121931825,0.06103145104,0.05314167153,0.04165364267
120.2830582,0.06242317553,0.06078436614,0.05353897301,0.0438591118
120.4077039,0.06334890801,0.06044418703,0.05379684607,0.04580918218
120.5323495,0.06400542701,0.06001457611,0.05392006196,0.0475112351
120.6569952,0.06440164385,0.05949919574,0.05391339193,0.04897265188
120.7816408,0.06454646985,0.05890170831,0.0537816072,0.05020081382
120.9062865,0.06444881633,0.0582257762,0.05352947902,0.05120310222
121.0309321,0.0641175946,0.05747506178,0.05316177863,0.05198689839
121.1555778,0.063561716,0.05665322744,0.05268327726,0.05255958364
121.2802234,0.06279009184,0.05576393555,0.05209874617,0.05292853927
121.4048691,0.06181163343,0.0548108485,0.05141295659,0.05310114658
121.5295148,0.0606352521,0.05379762867,0.05063067975,0.05308478688
121.6541604,0.05926985917,0.05272793843,0.04975668691,0.05288684148
121.7788061,0.05772436596,0.05160544017,0.04879574929,0.05251469169
121.9034517,0.05600768378,0.05043379626,0.04775263815,0.0519757188
122.0280974,0.05412872396,0.04921666908,0.04663212471,0.05127730412
122.152743,0.05209639781,0.04795772102,0.04543898022,0.05042682896
122.2773887,0.04991961666,0.04666061445,0.04417797593,0.04943167462
122.4020344,0.04760729183,0.04532901175,0.04285388306,0.04829922241
122.52668,0.04516833463,0.04396657531,0.04147147286,0.04703685364
122.6513257,0.04261165638,0.0425769675,0.04003551658,0.0456519496
122.7759713,0.03994616841,0.0411638507,0.03855078544,0.04415189161
122.900617,0.03718078204,0.03973088729,0.03702205069,0.04254406097
123.0252626,0.03432440857,0.03828173966,0.03545408357,0.04083583898
123.1499083,0.03138595934,0.03682007017,0.03385165533,0.03903460695
123.2745539,0.02837434566,0.03534954122,0.03221953719,0.03714774619
123.3991996,0.02529847886,0.03387381518,0.03056250041,0.03518263799
123.5238453,0.02216727025,0.03239655443,0.02888531621,0.03314666368
123.6484909,0.01898963115,0.03092142134,0.02719275585,0.03104720454
123.7731366,0.01577447288,0.02945207831,0.02548959055,0.0288916419
123.8977822,0.01253070676,0.02799218771,0.02378059157,0.02668735704
124.0224279,0.009267244108,0.02654541191,0.02207053014,0.02444173128
124.1470735,0.00599299625,0.02511541331,0.02036417749,0.02216214593
124.2717192,0.002716874501,0.02370585427,0.01866630488,0.01985598228
124.3963648,-0.0005522098173,0.02232039718,0.01698168354,0.01753062164
124.5210105,-0.003805345387,0.02096270442,0.01531508472,0.01519344533
124.6456562,-0.007033620887,0.01963643837,0.01367127964,0.01285183463
124.7703018,-0.010228125,0.0183452614,0.01205503955,0.01051317087
124.8949475,-0.0133799464,0.0170928359,0.0104711357,0.008184835339
125.0195931,-0.01648017378,0.01588282425,0.008924339316,0.00587420935
125.1442388,-0.01951989581,0.01471888882,0.007419421644,0.003588674205
125.2688844,-0.02249020117,0.013604692,0.005961153925,0.001335611211
125.3935301,-0.02538217855,0.01254389616,0.004554307396,-0.0008775983281
125.5181758,-0.02818691662,0.01154016369,0.0032036533,-0.003043573106
125.6428214,-0.03089550406,0.01059715697,0.001913962875,-0.005154931817
125.7674671,-0.03349902956,0.009718538366,0.0006900073623,-0.007204293157
125.8921127,-0.03598858179,0.008907970269,-0.0004634419985,-0.009184275821
126.0167584,-0.03835524943,0.008169115057,-0.001541613967,-0.0110874985
126.141404,-0.04059012118,0.007505635108,-0.002539737304,-0.0129065799
126.2660497,-0.0426842857,0.006921192802,-0.003453040768,-0.0146341387
126.3906953,-0.04462883167,0.006419450519,-0.00427675312,-0.0162627936
126.515341,-0.04641484778,0.00600407064,-0.00500610312,-0.0177851633
126.6399867,-0.04803342271,0.005678715542,-0.005636319528,-0.01919386649
126.7646323,-0.04947564514,0.005447047607,-0.006162631102,-0.02048152186
126.889278,-0.05073260374,0.005312729213,-0.006580266605,-0.02164074812
127.0139236,-0.0517953872,0.005279422741,-0.006884454794,-0.02266416395
127.1385693,-0.0526550842,0.005350790571,-0.007070424431,-0.02354438806
127.2632149,-0.05330278342,0.005530495081,-0.007133404275,-0.02427403912
127.3878606,-0.05372957353,0.005822198651,-0.007068623086,-0.02484573585
127.5125063,-0.05392654323,0.006229563662,-0.006871309624,-0.02525209693
127.6371519,-0.05388478119,0.006756252493,-0.006536692649,-0.02548574106
127.7617976,-0.05359537608,0.007405927523,-0.006060000921,-0.02553928694
127.8864432,-0.0530494166,0.008182251133,-0.0054364632,-0.02540535325
128.0110889,-0.05223799142,0.009088885701,-0.004661308245,-0.02507655869
128.1357345,-0.05115218922,0.01012949361,-0.003729764818,-0.02454552196
128.2603802,-0.04978309868,0.01130773723,-0.002637061676,-0.02380486176
128.3850258,-0.04812180848,0.01262727896,-0.001378427581,-0.02284719677
128.5096715,-0.0461594073,0.01409178116,5.090870704e-05,-0.02166514569
128.6343172,-0.04388698383,0.01570490622,0.001655718429,-0.02025132722
128.7589628,-0.04129562674,0.01747031651,0.003440772825,-0.01859836005
128.8836085,-0.03837642471,0.01939167443,0.005410843135,-0.01669886288
129.0082541,-0.03512046643,0.02147264233,0.007570700598,-0.0145454544
129.1328998,-0.03151884057,0.02371688262,0.009925116456,-0.0121307533
129.2575454,-0.02756263582,0.02612805766,0.01247886195,-0.009447378281
129.3821911,-0.02324294085,0.02870982984,0.01523670831,-0.006487948038
129.5068368,-0.01855084434,0.03146586153,0.01820342679,-0.003245081264
129.6314824,-0.01347743498,0.03439981512,0.02138378863,0.0002886033469
129.7561281,-0.008013801452,0.03751535298,0.02478256506,0.004120487099
129.8807737,-0.002151032425,0.04081613749,0.02840452732,0.008257951297
130.0054194,0.004118956359,0.04430534363,0.03225391927,0.01270777618
130.130065,0.01033147914,0.04770811795,0.03603389602,0.01713285685
130.2547107,0.01609658205,0.0507958116,0.03949667217,0.02124931066
130.3793563,0.02142486382,0.05357632875,0.04265020465,0.02506410934
130.504002,0.02632692319,0.05605757354,0.04550245041,0.02858422464
130.6286477,0.03081335888,0.05824745013,0.04806136639,0.03181662828
130.7532933,0.03489476963,0.06015386267,0.05033490952,0.034768292
130.877939,0.03858175417,0.06178471532,0.05233103675,0.03744618754
131.0025846,0.04188491123,0.06314791221,0.05405770502,0.03985728663
131.1272303,0.04481483954,0.06425135752,0.05552287126,0.042008561
131.2518759,0.04738213784,0.06510295539,0.05673449242,0.0439069824
131.3765216,0.04959740485,0.06571060996,0.05770052544,0.04555952255
131.5011673,0.05147123931,0.06608222541,0.05842892726,0.04697315319
131.6258129,0.05301423995,0.06622570587,0.05892765481,0.04815484607
131.7504586,0.0542370055,0.0661489555,0.05920466504,0.0491115729
131.8751042,0.05515013469,0.06585987845,0.0592679149,0.04985030543
131.9997499,0.05576422626,0.06536637888,0.05912536131,0.05037801539
132.1243955,0.05608987893,0.06467636094,0.05878496122,0.05070167452
132.2490412,0.05613769144,0.06379772877,0.05825467157,0.05082825455
132.3736868,0.05591826252,0.06273838654,0.0575424493,0.05076472722
132.4983325,0.0554421909,0.06150623839,0.05665625135,0.05051806426
132.6229782,0.05472007532,0.06010918848,0.05560403466,0.05009523741
132.7476238,0.0537625145,0.05855514096,0.05439375618,0.0495032184
132.8722695,0.05258010717,0.05685199999,0.05303337283,0.04874897897
132.9969151,0.05118345207,0.05500766971,0.05153084157,0.04783949086
133.1215608,0.04958314794,0.05303005427,0.04989411933,0.04678172579
133.2462064,0.04778979349,0.05092705784,0.04813116305,0.0455826555
133.3708521,0.04581398747,0.04870658455,0.04624992967,0.04424925174
133.4954977,0.0436663286,0.04637653858,0.04425837614,0.04278848623
133.6201434,0.04135741562,0.04394482405,0.04216445938,0.04120733071
133.7447891,0.03889784726,0.04141934514,0.03997613636,0.03951275691
133.8694347,0.03629822225,0.038808006,0.03770136399,0.03771173657
133.9940804,0.03356913932,0.03611871076,0.03534809923,0.03581124143
134.118726,0.0307211972,0.0333593636,0.03292429902,0.03381824321
134.2433717,0.02776499463,0.03053786865,0.03043792029,0.03173971366
134.3680173,0.02471113034,0.02766213008,0.02789691998,0.02958262452
134.492663,0.02157020305,0.02474005203,0.02530925504,0.0273539475
134.6173087,0.0183528115,0.02177953866,0.02268288241,0.02506065436
134.7419543,0.01506955443,0.01878849411,0.02002575902,0.02270971682
134.8666,0.01173103056,0.01577482255,0.01734584182,0.02030810662
134.9912456,0.008347838626,0.01274642813,0.01465108774,0.0178627955
135.1158913,0.004930577359,0.009711214992,0.01194945373,0.01538075519
135.2405369,0.00148984549,0.006677087294,0.009248896727,0.01286895743
135.3651826,-0.001963758248,0.003651949188,0.006557373672,0.01033437394
135.4898282,-0.005419635124,0.0006437048267,0.003882841504,0.007783976475
135.6144739,-0.008867186406,-0.002339741637,0.001233257165,0.00522473676
135.7391196,-0.01229581336,-0.005290486052,-0.001383422406,0.002663626531
135.8637652,-0.01569491726,-0.008200624264,-0.003959240269,0.0001076175235
135.9884109,-0.01905389937,-0.01106225212,-0.006486239483,-0.002436318527
136.1130565,-0.02236216096,-0.01386746547,-0.008956463107,-0.004961209885
136.2377022,-0.0256091033,-0.01660836016,-0.0113619542,-0.007460084815
136.3623478,-0.02878412765,-0.01927703204,-0.01369475583,-0.009925971584
136.4869935,-0.03187663529,-0.02186557695,-0.01594691104,-0.01235189845
136.6116392,-0.03487602747,-0.02436609075,-0.01811046291,-0.01473089369
136.7362848,-0.03777170548,-0.02677066928,-0.02017745448,-0.01705598556
136.8609305,-0.04055307058,-0.02907140838,-0.02213992883,-0.01932020233
136.9855761,-0.04320952404,-0.03126040391,-0.023989929,-0.02151657226
137.1102218,-0.04573046712,-0.03332975172,-0.02571949806,-0.02363812361
137.2348674,-0.0481053011,-0.03527154764,-0.02732067907,-0.02567788466
137.3595131,-0.05032342723,-0.03707788753,-0.02878551508,-0.02762888366
137.4841587,-0.0523742468,-0.03874086724,-0.03010604917,-0.02948414889
137.6088044,-0.05424716107,-0.04025258261,-0.03127432438,-0.0312367086
137.7334501,-0.0559315713,-0.04160512949,-0.03228238378,-0.03287959106
137.8580957,-0.05741687877,-0.04279060373,-0.03312227042,-0.03440582454
137.9827414,-0.05869248474,-0.04380110117,-0.03378602737,-0.0358084373
138.107387,-0.05974779049,-0.04462871767,-0.03426569769,-0.0370804576
138.2320327,-0.06057219727,-0.04526554907,-0.03455332443,-0.03821491372
138.3566783,-0.06115510636,-0.04570369121,-0.03464095066,-0.0392048339
138.481324,-0.06148591903,-0.04593523996,-0.03452061943,-0.04004324643
138.6059697,-0.06155403655,-0.04595229114,-0.03418437381,-0.04072317957
138.7306153,-0.06134886017,-0.04574694062,-0.03362425685,-0.04123766157
138.855261,-0.06085979118,-0.04531128423,-0.03283231162,-0.04157972071
138.9799066,-0.06007623084,-0.04463741783,-0.03180058117,-0.04174238525
139.1045523,-0.05898758042,-0.04371743726,-0.03052110856,-0.04171868345
139.2291979,-0.05758324119,-0.04254343837,-0.02898593686,-0.04150164358
139.3538436,-0.0558526144,-0.04110751701,-0.02718710912,-0.04108429391
139.4784892,-0.05378510135,-0.03940176903,-0.0251166684,-0.04045966269
139.6031349,-0.05137010328,-0.03741829027,-0.02276665777,-0.0396207782
139.7277806,-0.04859702147,-0.03514917658,-0.02012912028,-0.03856066869
139.8524262,-0.04545525719,-0.0325865238,-0.01719609899,-0.03727236244
139.9770719,-0.04193421171,-0.0297224278,-0.01395963696,-0.03574888771
140.1017175,-0.03802328629,-0.0265489844,-0.01041177725,-0.03398327276
140.2263632,-0.03371188221,-0.02305828947,-0.006544562924,-0.03196854586
140.3510088,-0.02898940072,-0.01924243885,-0.002350037038,-0.02969773527
140.4756545,-0.02384524311,-0.01509352838,0.002179757348,-0.02716386926
140.6003002,-0.01826881063,-0.01060365391,0.007052777174,-0.02435997609
140.7249458,-0.01224950456,-0.005764911299,0.01227697938,-0.02127908403
140.8495915,-0.005784245118,-0.0005750968077,0.01785370651,-0.01791813798
140.9742371,0.0005950421712,0.004562292479,0.02331427792,-0.01455348407
141.0988828,0.006563449713,0.00940042471,0.02837404652,-0.01135585398
141.2235284,0.01213005369,0.01394562075,0.03304253561,-0.0083224301
141.3481741,0.01730393027,0.01820420147,0.0373292685,-0.005450394826
141.4728197,0.02209415564,0.02218248774,0.04124376852,-0.00273693055
141.5974654,0.02650980598,0.02588680042,0.04479555898,-0.0001792196672
141.7221111,0.03055995746,0.02932346037,0.04799416318,0.00222555543
141.8467567,0.03425368627,0.03249878847,0.05084910444,0.004480212347
141.9714024,0.03760006857,0.03541910558,0.05336990607,0.00658756869
142.096048,0.04060818055,0.03809073256,0.05556609138,0.008550442067
142.2206937,0.04328709839,0.04051999029,0.05744718369,0.01037165008
142.3453393,0.04564589827,0.04271319963,0.05902270631,0.01205401034
142.469985,0.04769365635,0.04467668145,0.06030218256,0.01360034046
142.5946306,0.04943944883,0.0464167566,0.06129513573,0.01501345803
142.7192763,0.05089235188,0.04793974597,0.06201108916,0.01629618066
142.843922,0.05206144167,0.04925197042,0.06245956614,0.01745132597
142.9685676,0.05295579439,0.05035975081,0.06265009,0.01848171155
143.0932133,0.05358448622,0.051269408,0.06259218404,0.01939015501
143.2178589,0.05395659332,0.05198726288,0.06229537158,0.02017947397
143.3425046,0.05408119189,0.05251963629,0.06176917593,0.02085248602
143.4671502,0.05396735809,0.05287284912,0.06102312041,0.02141200877
143.5917959,0.05362416811,0.05305322221,0.06006672832,0.02186085983
143.7164416,0.05306069812,0.05306707646,0.05890952297,0.02220185681
143.8410872,0.0522860243,0.05292073271,0.05756102769,0.02243781731
143.9657329,0.05130922284,0.05262051183,0.05603076578,0.02257155893
144.0903785,0.0501393699,0.0521727347,0.05432826056,0.02260589929
144.2150242,0.04878554167,0.05158372217,0.05246303533,0.02254365599
144.3396698,0.04725681433,0.05085979512,0.05044461342,0.02238764663
144.4643155,0.04556226405,0.05000727441,0.04828251813,0.02214068883
144.5889611,0.04371096701,0.04903248091,0.04598627278,0.02180560018
144.7136068,0.04171199939,0.04794173548,0.04356540067,0.0213851983
144.8382525,0.03957443736,0.04674135899,0.04102942513,0.02088230079
144.9628981,0.03730735711,0.04543767231,0.03838786946,0.02029972526
145.0875438,0.03491983482,0.0440369963,0.03565025697,0.01964028932
145.2121894,0.03242094665,0.04254565183,0.03282611099,0.01890681056
145.3368351,0.0298197688,0.04096995977,0.02992495482,0.0181021066
145.4614807,0.02712537743,0.03931624099,0.02695631177,0.01722899504
145.5861264,0.02434684873,0.03759081634,0.02392970516,0.0162902935
145.7107721,0.02149325887,0.0358000067,0.0208546583,0.01528881956
145.8354177,0.01857368404,0.03395013293,0.0177406945,0.01422739085
145.9600634,0.01559720041,0.0320475159,0.01459733708,0.01310882497
146.084709,0.01257288415,0.03009847647,0.01143410934,0.01193593952
146.2093547,0.009509811454,0.02810933552,0.008260534605,0.01071155212
146.3340003,0.00641705849,0.02608641391,0.005086136182,0.009438480356
146.458646,0.003303701439,0.0240360325,0.001920437383,0.00811954185
146.5832916,0.0001788164791,0.02196451217,-0.001227038477,0.006757554203
146.7079373,-0.002948520212,0.01987817377,-0.004346768087,0.005355335022
146.832583,-0.006069232455,0.01778333818,-0.007429228134,0.003915701913
146.9572286,-0.009174244073,0.01568632626,-0.01046489531,0.002441472483
147.0818743,-0.01225447889,0.01359345888,-0.01344424629,0.0009354643377
147.2065199,-0.01530086072,0.0115110569,-0.01635775777,-0.0005995049165
147.3311656,-0.01830431339,0.009445441191,-0.01919590644,-0.002160617673
147.4558112,-0.02125576073,0.007402932622,-0.02194916898,-0.003745056326
147.5804569,-0.02414612655,0.005389852056,-0.02460802209,-0.005350003269
147.7051026,-0.02696633467,0.003412520361,-0.02716294244,-0.006972640896
147.8297482,-0.02970730893,0.001477258404,-0.02960440673,-0.0086101516
147.9543939,-0.03235997313,-0.0004096129502,-0.03192289164,-0.01025971777
148.0790395,-0.0349152511,-0.002241772834,-0.03410887386,-0.01191852181
148.2036852,-0.03736406667,-0.004012900381,-0.03615283009,-0.01358374611
148.3283308,-0.03969734366,-0.005716674725,-0.03804523699,-0.01525257306
148.4529765,-0.04190600588,-0.007346774999,-0.03977657128,-0.01692218506
148.5776221,-0.04398097715,-0.008896880337,-0.04133730962,-0.0185897645
148.7022678,-0.04591318131,-0.01036066987,-0.04271792871,-0.02025249376
148.8269135,-0.04769354218,-0.01173182274,-0.04390890523,-0.02190755526
148.9515591,-0.04931298356,-0.01300401807,-0.04490071588,-0.02355213138
149.0762048,-0.0507624293,-0.014170935,-0.04568383734,-0.02518340451
149.2008504,-0.0520328032,-0.01522625266,-0.04624874629,-0.02679855705
149.3254961,-0.05311502909,-0.01616365018,-0.04658591943,-0.02839477139
149.4501417,-0.0540000308,-0.0169768067,-0.04668583345,-0.02996922992
149.5747874,-0.05467873214,-0.01765940135,-0.04653896502,-0.03151911505
149.699433,-0.05514205693,-0.01820511327,-0.04613579084,-0.03304160916
149.8240787,-0.055380929,-0.01860762159,-0.04546678759,-0.03453389464
149.9487244,-0.05538627218,-0.01886060544,-0.04452243197,-0.0359931539
150.07337,-0.05514901027,-0.01895774395,-0.04329320065,-0.03741656931
150.1980157,-0.05466006711,-0.01889271627,-0.04176957034,-0.03880132329
150.3226613,-0.05391036651,-0.01865920151,-0.0399420177,-0.04014459822
150.447307,-0.0528908323,-0.01825087882,-0.03780101944,-0.04144357649
150.5719526,-0.0515923883,-0.01766142733,-0.03533705224,-0.0426954405
150.6965983,-0.05000595833,-0.01688452618,-0.03254059278,-0.04389737265
150.821244,-0.04812246621,-0.01591385449,-0.02940211776,-0.04504655531
150.9458896,-0.04593283576,-0.0147430914,-0.02591210386,-0.0461401709
151.0705353,-0.04342799082,-0.01336591604,-0.02206102777,-0.04717540181
151.1951809,-0.04059885519,-0.01177600755,-0.01783936617,-0.04814943042
151.3198266,-0.0374363527,-0.009967045064,-0.01323759575,-0.04905943913
151.4444722,-0.03393140717,-0.007932707709,-0.008246193212,-0.04990261033
151.5691179,-0.03007494243,-0.00566667462,-0.002855635228,-0.05067612643
151.6937635,-0.02587034928,-0.003170780898,0.00292563278,-0.05137558252
151.8184092,-0.02166383939,-0.0006711355604,0.008597012093,-0.05195485147
151.9430549,-0.0176141766,0.001728785187,0.01393322889,-0.0523967457
152.0677005,-0.01371926522,0.004030740831,0.01894166557,-0.05270535386
152.1923462,-0.009977009579,0.006236490859,0.02362970451,-0.0528847646
152.3169918,-0.006385313977,0.008347794758,0.02800472811,-0.05293906654
152.4416375,-0.002942082731,0.01036641202,0.03207411876,-0.05287234833
152.5662831,0.0003547798448,0.01229410212,0.03584525885,-0.0526886986
152.6909288,0.003507369438,0.01413262456,0.03932553077,-0.05239220601
152.8155745,0.006517781735,0.01588373882,0.04252231691,-0.05198695919
152.9402201,0.009388112423,0.01754920438,0.04544299966,-0.05147704678
153.0648658,0.01212045719,0.01913078075,0.04809496141,-0.05086655742
153.1895114,0.01471691172,0.02063022739,0.05048558455,-0.05015957975
153.3141571,0.01717957169,0.02204930381,0.05262225148,-0.04936020241
153.4388027,0.01951053281,0.02338976949,0.05451234458,-0.04847251404
153.5634484,0.02171189075,0.02465338391,0.05616324624,-0.04750060328
153.688094,0.0237857412,0.02584190656,0.05758233885,-0.04644855877
153.8127397,0.02573417984,0.02695709693,0.05877700481,-0.04532046916
153.9373854,0.02755930237,0.02800071452,0.0597546265,-0.04412042308
154.062031,0.02926320447,0.02897451879,0.06052258632,-0.04285250917
154.1866767,0.03084798183,0.02988026925,0.06108826665,-0.04152081607
154.3113223,0.03231573013,0.03071972538,0.06145904989,-0.04012943243
154.435968,0.03366854506,0.03149464666,0.06164231843,-0.03868244688
154.5606136,0.03490852231,0.0322067926,0.06164545465,-0.03718394806
154.6852593,0.03603775755,0.03285792266,0.06147584095,-0.03563802461
154.809905,0.03705834649,0.03344979634,0.06114085972,-0.03404876519
154.9345506,0.03797238481,0.03398417313,0.06064789335,-0.03242025841
155.0591963,0.03878196819,0.03446281251,0.06000432422,-0.03075659293
155.1838419,0.03948919231,0.03488747398,0.05921753474,-0.02906185738
155.3084876,0.04009615288,0.03525991701,0.05829490729,-0.02734014041
155.4331332,0.04060494557,0.0355819011,0.05724382425,-0.02559553066
155.5577789,0.04101766606,0.03585518574,0.05607166803,-0.02383211676
155.6824245,0.04133641006,0.0360815304,0.05478582101,-0.02205398735
155.8070702,0.04156327323,0.03626269459,0.05339366558,-0.02026523108
155.9317159,0.04170035128,0.03640043778,0.05190258414,-0.01846993659
156.0563615,0.04174973988,0.03649651946,0.05031995907,-0.01667219252
156.1810072,0.04171353472,0.03655269913,0.04865317276,-0.0148760875
156.3056528,0.04159383149,0.03657073626,0.0469096076,-0.01308571018
156.4302985,0.04139272588,0.03655239035,0.04509664599,-0.01130514919
156.5549441,0.04111231357,0.03649942088,0.04322167032,-0.009538493187
156.6795898,0.04075469026,0.03641358735,0.04129206297,-0.007789830799
156.8042355,0.04032195161,0.03629664923,0.03931520634,-0.006063250669
156.9288811,0.03981619333,0.03615036601,0.03729848281,-0.004362841437
157.0535268,0.0392395111,0.03597649719,0.03524927478,-0.002692691744
157.1781724,0.0385940006,0.03577680225,0.03317496464,-0.00105689023
157.3028181,0.03788175753,0.03555304068,0.03108293478,0.000540474465
157.4274637,0.03710487756,0.03530697196,0.02898056758,0.0020953137
157.5521094,0.03626545639,0.03504035559,0.02687524545,0.003603538836
157.676755,0.0353655897,0.03475495104,0.02477435076,0.005061061232
157.8014007,0.03440737318,0.03445251781,0.02268526592,0.006463792247
157.9260464,0.03339290252,0.03413481539,0.0206153733,0.007807643242
158.050692,0.0323242734,0.03380360326,0.01857205531,0.009088525576
158.1753377,0.03120358151,0.0334606409,0.01656269433,0.01030235061
158.2999833,0.03003292253,0.03310768782,0.01459467275,0.0114450297
158.424629,0.02881439215,0.03274650349,0.01267537296,0.01251247421
158.5492746,0.02755008606,0.0323788474,0.01081217736,0.0135005955
158.6739203,0.02624209995,0.03200647903,0.009012468331,0.01440530492
158.7985659,0.0248925295,0.03163115789,0.007283628266,0.01522251385
158.9232116,0.0235034704,0.03125464345,0.005633039556,0.01594813363
159.0478573,0.02207701833,0.0308786952,0.00406808459,0.01657807563
159.1725029,0.02061526899,0.03050507263,0.002596145761,0.0171082512
159.2971486,0.01912031805,0.03013553522,0.001224605457,0.01753457171
159.4217942,0.01759426121,0.02977184247,-3.915392922e-05,0.01785294852
159.5464399,0.01603919415,0.02941575386,-0.001187750009,0.01805929299
159.6710855,0.01445721255,0.02906902888,-0.00221380039,0.01814951647
159.7957312,0.01285041211,0.02873342701,-0.003109922683,0.01811953032
159.9203769,0.01122088852,0.02841070775,-0.003868734498,0.01796524591
160.0450225,0.009570737449,0.02810263058,-0.004482853443,0.0176825746
160.1696682,0.007902054595,0.02781095498,-0.004944897129,0.01726742774
160.2943138,0.006216935642,0.02753744045,-0.005247483164,0.01671571669
160.4189595,0.004517476277,0.02728384648,-0.005383229159,0.01602335282
160.5436051,0.002805772186,0.02705193254,-0.005344752722,0.01518624749
160.6682508,0.001083919056,0.02684345813,-0.005124671463,0.01420031204
160.7928964,-0.0006459874254,0.02666018273,-0.004715602992,0.01306145785
160.9175421,-0.002381851573,0.02650386584,-0.004110164919,0.01176559628
161.0421878,-0.004121577699,0.02637626694,-0.003300974852,0.01030863867
161.1668334,-0.005863070118,0.02627914551,-0.002280650401,0.008686496403
161.2914791,-0.007604233143,0.02621426105,-0.001041809176,0.006895080825
161.4161247,-0.009342971087,0.02618337304,0.0004229312139,0.004930303299
161.5407704,-0.01107718826,0.02618824097,0.002120953159,0.002788075184
161.665416,-0.01280478899,0.02623062433,0.00405963905,0.0004643078417
161.7900617,-0.01452367757,0.0263122826,0.006246371277,-0.00204508737
161.9147074,-0.01623175832,0.02643497528,0.008688532231,-0.00474419909
162.039353,-0.01792693556,0.02660046184,0.0113935043,-0.007637115959
162.1639987,-0.0196071136,0.02681050178,0.01436866988,-0.01072792662
162.2886443,-0.02127019675,0.02706685458,0.01762141136,-0.01402071971
162.41329,-0.02291408933,0.02737127973,0.02115911113,-0.01751958387
162.5379356,-0.02452962442,0.02772220268,0.02496407814,-0.02120625608
162.6625813,-0.02600784422,0.02806982655,0.02865780898,-0.02474193716
162.7872269,-0.02731555841,0.02839745157,0.03211483029,-0.02801587817
162.9118726,-0.02845703337,0.02870570535,0.0353405014,-0.03103427626
163.0365183,-0.02943653549,0.0289952155,0.03834018169,-0.03380332856
163.1611639,-0.03025833113,0.02926660962,0.04111923051,-0.03632923221
163.2858096,-0.0309266867,0.02952051533,0.04368300721,-0.03861818435
163.4104552,-0.03144586858,0.02975756025,0.04603687115,-0.04067638212
163.5351009,-0.03182014314,0.02997837197,0.0481861817,-0.04251002266
163.6597465,-0.03205377677,0.0301835781,0.05013629819,-0.04412530311
163.7843922,-0.03215103586,0.03037380627,0.05189258,-0.0455284206
163.9090379,-0.03211618679,0.03054968408,0.05346038648,-0.04672557228
164.0336835,-0.03195349594,0.03071183913,0.05484507698,-0.04772295528
164.1583292,-0.0316672297,0.03086089905,0.05605201086,-0.04852676675
164.2829748,-0.03126165445,0.03099749143,0.05708654749,-0.04914320382
164.4076205,-0.03074103657,0.03112224389,0.05795404621,-0.04957846364
164.5322661,-0.03010964245,0.03123578404,0.05865986638,-0.04983874333
164.6569118,-0.02937173848,0.03133873949,0.05920936736,-0.04993024004
164.7815574,-0.02853159103,0.03143173785,0.0596079085,-0.04985915092
164.9062031,-0.02759346649,0.03151540673,0.05986084917,-0.04963167309
165.0308488,-0.02656163124,0.03159037374,0.05997354871,-0.0492540037
165.1554944,-0.02544035167,0.03165726649,0.0599513665,-0.04873233988
165.2801401,-0.02423389416,0.03171671259,0.05979966187,-0.04807287878
165.4047857,-0.0229465251,0.03176933965,0.0595237942,-0.04728181754
165.5294314,-0.02158251087,0.03181577527,0.05912912283,-0.04636535329
165.654077,-0.02014611785,0.03185664708,0.05862100712,-0.04532968317
165.7787227,-0.01864161242,0.03189258268,0.05800480643,-0.04418100432
165.9033684,-0.01707326098,0.03192420968,0.05728588012,-0.04292551389
166.028014,-0.0154453299,0.03195215568,0.05646958754,-0.041569409
166.1526597,-0.01376208557,0.03197704831,0.05556128806,-0.0401188868
166.2773053,-0.01202779437,0.03199951517,0.05456634101,-0.03858014443
166.401951,-0.01024672268,0.03202018387,0.05349010578,-0.03695937903
166.5265966,-0.008423136897,0.03203968201,0.0523379417,-0.03526278773
166.6512423,-0.006561303395,0.03205863722,0.05111520814,-0.03349656768
166.7758879,-0.00466548856,0.0320776771,0.04982726445,-0.03166691601
166.9005336,-0.002739958775,0.03209742926,0.04847946999,-0.02978002987
167.0251793,-0.0007889804253,0.03211852131,0.04707718412,-0.02784210639
167.1498249,0.001183180106,0.03214158087,0.04562576619,-0.02585934271
167.2744706,0.003172256435,0.03216723553,0.04413057557,-0.02383793597
167.3991162,0.005173982178,0.03219611291,0.0425969716,-0.02178408331
167.5237619,0.007184090952,0.03222884063,0.04103031364,-0.01970398186
167.6484075,0.009198316372,0.03226604628,0.03943596106,-0.01760382878
167.7730532,0.01121239205,0.03230835749,0.0378192732,-0.01548982119
167.8976988,0.01322205162,0.03235640186,0.03618560943,-0.01336815624
168.0223445,0.01522302867,0.032410807,0.0345403291,-0.01124503106
168.1469902,0.01721105684,0.03247220052,0.03288879156,-0.009126642797
168.2716358,0.01918186973,0.03254121003,0.03123635618,-0.007019188587
168.3962815,0.02113120097,0.03261846314,0.02958838231,-0.004928865568
168.5209271,0.02305478417,0.03270458747,0.02795022931,-0.00286187088
168.6455728,0.02494835294,0.03280021062,0.02632725653,-0.0008244016622
168.7702184,0.02680764091,0.03290596019,0.02472482334,0.001177344946
168.8948641,0.02862838168,0.03302246382,0.02314828908,0.003137171807
169.0195098,0.03040630888,0.03315034909,0.02160301312,0.00504888178
169.1441554,0.03213715612,0.03329024362,0.02009435481,0.006906277727
169.2688011,0.03381665702,0.03344277503,0.01862767351,0.008703162508
169.3934467,0.03544054518,0.03360857092,0.01720832857,0.01043333899
169.5180924,0.03700455424,0.0337882589,0.01584167935,0.01209061002
169.642738,0.03850441781,0.03398246659,0.01453308521,0.01366877847
169.7673837,0.03993586949,0.03419182158,0.01328790551,0.0151616472
169.8920293,0.04129464292,0.0344169515,0.0121114996,0.01656301907
170.016675,0.04257647169,0.03465848395,0.01100922684,0.01786669694
170.1413207,0.04377708944,0.03491704655,0.009986446586,0.01906648367
170.2659663,0.04489222977,0.03519326689,0.009048518192,0.02015618212
170.390612,0.04591762631,0.0354877726,0.008200801017,0.02112959515
170.5152576,0.04684901267,0.03580119129,0.007448654418,0.02198052563
170.6399033,0.04768212246,0.03613415055,0.006797437752,0.02270277642
170.7645489,0.0484126893,0.03648727801,0.006252510374,0.02329015037
170.8891946,0.04903644681,0.03686120127,0.005819231643,0.02373645034
171.0138403,0.0495491286,0.03725654795,0.005502960914,0.02403547921
171.1384859,0.04994646829,0.03767394565,0.005309057545,0.02418103982
171.2631316,0.0502241995,0.03811402198,0.005242880891,0.02416693504
171.3877772,0.05037805584,0.03857740455,0.005309790311,0.02398696774
171.5124229,0.05040377093,0.03906472098,0.00551514516,0.02363494076
171.6370685,0.05029707838,0.03957659887,0.005864304795,0.02310465698
171.7617142,0.05005371181,0.04011366584,0.006362628574,0.02238991925
171.8863598,0.04966940484,0.04067654949,0.007015475852,0.02148453043
172.0110055,0.04913989109,0.04126587743,0.007828205987,0.0203822934
172.1356512,0.04846090416,0.04188227728,0.008806178336,0.01907701099
172.2602968,0.04762817768,0.04252637664,0.009954752254,0.01756248609
172.3849425,0.04663744526,0.04319880313,0.0112792871,0.01583252154
172.5095881,0.04548444052,0.04390018435,0.01278514223,0.01388092021
172.6342338,0.04416489707,0.04463114791,0.014477677,0.01170148496
172.7588794,0.04267454853,0.04539232143,0.01636225076,0.00928801865
172.8835251,0.04100912852,0.04618433251,0.01844422288,0.006634324143
173.0081708,0.03916437065,0.04700780877,0.02072895271,0.003734204299
173.1328164,0.03713600854,0.04786337781,0.02322179961,0.0005814619793
173.2574621,0.0349197758,0.04875166725,0.02592812293,-0.002830099956
173.3821077,0.03253375399,0.04966554177,0.02882092082,-0.006468375564
173.5067534,0.03019008068,0.05053096849,0.03159324835,-0.009969837788
173.631399,0.02794125855,0.05133034132,0.03417134943,-0.01324681664
173.7560447,0.02578589097,0.05206487478,0.03655972084,-0.01630424825
173.8806903,0.02372258136,0.05273578338,0.03876285935,-0.01914706876
174.005336,0.02174993312,0.05334428163,0.04078526176,-0.02178021432
174.1299817,0.01986654964,0.05389158405,0.04263142483,-0.02420862107
174.2546273,0.01807103432,0.05437890513,0.04430584535,-0.02643722513
174.379273,0.01636199057,0.0548074594,0.04581302011,-0.02847096266
174.5039186,0.01473802179,0.05517846136,0.04715744587,-0.0303147698
174.6285643,0.01319773137,0.05549312552,0.04834361943,-0.03197358267
174.7532099,0.01173972272,0.0557526664,0.04937603756,-0.03345233743
174.8778556,0.01036259924,0.05595829851,0.05025919704,-0.03475597021
175.0025013,0.009064964325,0.05611123635,0.05099759466,-0.03588941716
175.1271469,0.007845421379,0.05621269443,0.05159572718,-0.0368576144
175.2517926,0.006702573801,0.05626388728,0.05205809141,-0.03766549809
175.3764382,0.005635024993,0.0562660294,0.05238918411,-0.03831800436
175.5010839,0.004641378355,0.05622033529,0.05259350207,-0.03882006935
175.6257295,0.003720237286,0.05612801948,0.05267554206,-0.03917662921
175.7503752,0.002870205188,0.05599029646,0.05263980087,-0.03939262007
175.8750208,0.002089885461,0.05580838076,0.05249077528,-0.03947297806
175.9996665,0.001377881505,0.05558348688,0.05223296206,-0.03942263934
176.1243122,0.0007327967204,0.05531682934,0.05187085801,-0.03924654004
176.2489578,0.000153234508,0.05500962264,0.05140895989,-0.0389496163
176.3736035,-0.0003622017318,0.05466308129,0.0508517645,-0.03853680427
176.4982491,-0.0008149085987,0.05427841981,0.0502037686,-0.03801304007
176.6228948,-0.001206282692,0.05385685271,0.04946946899,-0.03738325986
176.7475404,-0.001537720612,0.0533995945,0.04865336244,-0.03665239976
176.8721861,-0.001810618958,0.05290785968,0.04775994573,-0.03582539593
176.9968317,-0.002026374329,0.05238286277,0.04679371565,-0.03490718449
177.1214774,-0.002186383325,0.05182581828,0.04575916897,-0.0339027016
177.2461231,-0.002292042546,0.05123794073,0.04466080247,-0.03281688338
177.3707687,-0.00234474859,0.05062044461,0.04350311294,-0.03165466599
177.4954144,-0.002345898059,0.04997454445,0.04229059716,-0.03042098555
177.62006,-0.002296887551,0.04930145475,0.0410277519,-0.02912077822
177.7447057,-0.002199113665,0.04860239002,0.03971907395,-0.02775898012
177.8693513,-0.002053973003,0.04787856478,0.03836906008,-0.0263405274
177.993997,-0.001862862162,0.04713119353,0.03698220709,-0.02487035621
178.1186427,-0.001627177743,0.04636149079,0.03556301174,-0.02335340267
178.2432883,-0.001348316345,0.04557067107,0.03411597082,-0.02179460293
178.367934,-0.001027674568,0.04475994887,0.03264558111,-0.02019889313
178.4925796,-0.0006666490108,0.04393053872,0.03115633939,-0.01857120941
178.6172253,-0.000266636274,0.04308365511,0.02965274245,-0.0169164879
178.7418709,0.0001709670432,0.04222051256,0.02813928705,-0.01523966476
178.8665166,0.0006447643414,0.04134232559,0.02662046999,-0.01354567611
178.9911622,0.001153359021,0.04045030869,0.02510078804,-0.0118394581
179.1158079,0.001695354482,0.03954567639,0.02358473799,-0.01012594687
179.2404536,0.002269354125,0.03862964319,0.02207681661,-0.008410078557
179.3650992,0.002873961351,0.03770342361,0.02058152068,-0.006696789301
179.4897449,0.00350777956,0.03676823215,0.01910334699,-0.004991015242
179.6143905,0.004169412152,0.03582528332,0.01764679232,-0.003297692521
179.7390362,0.004857462528,0.03487579164,0.01621635344,-0.001621757277
179.8636818,0.005570534088,0.03392097162,0.01481652714,3.185434961e-05
179.9883275,0.006307230233,0.03296203777,0.01345181019,0.00165820622
180.1129732,0.007066154363,0.0320002046,0.01212669939,0.003252362193
180.2376188,0.007845909879,0.03103668661,0.0108456915,0.00480938613
180.3622645,0.00864510018,0.03007269833,0.009613283318,0.00632434189
180.4869101,0.009462328668,0.02910945426,0.008433971612,0.007792293334
180.6115558,0.01029619874,0.02814816891,0.007312253168,0.009208304321
180.7362014,0.0111453138,0.02719005679,0.006252624765,0.01056743871
180.8608471,0.01200827725,0.02623633242,0.005259583184,0.01186476037
180.9854927,0.01288369249,0.0252882103,0.004337625205,0.01309533315
181.1101384,0.01377016292,0.02434690494,0.003491247611,0.01425422091
181.2347841,0.01466629193,0.02341363086,0.00272494718,0.01533648752
181.3594297,0.01557068293,0.02248960257,0.002043220693,0.01633719684
181.4840754,0.01648193933,0.02157603458,0.001450564932,0.01725141271
181.608721,0.01739866451,0.02067414139,0.0009514766764,0.01807419902
181.7333667,0.01831946189,0.01978513753,0.0005504527072,0.0188006196
181.8580123,0.01924293485,0.01891023749,0.000251989805,0.01942573834
181.982658,0.02016768681,0.01805065579,6.058475041e-05,0.01994461908
182.1073037,0.02109232116,0.01720760695,-1.926567605e-05,0.02035232568
182.2319493,0.0220154413,0.01638230547,1.693530629e-05,0.02064392201
182.356595,0.02293565063,0.01557596586,0.000173684478,0.02081447193
182.4812406,0.02385155255,0.01478980263,0.0004554786197,0.02085903929
182.6058863,0.02476175047,0.0140250303,0.000866814512,0.02077268796
182.7305319,0.02566484779,0.01328286337,0.001412188936,0.02055048179
182.8551776,0.0265594479,0.01256451636,0.002096098671,0.02018748465
182.9798232,0.0274441542,0.01187120378,0.002923040499,0.0196787604
183.1044689,0.0283175701,0.01120414014,0.003897511199,0.01901937289
183.2291146,0.02917829899,0.01056453994,0.005024007554,0.01820438599
183.3537602,0.03002494428,0.009953617705,0.006307026343,0.01722886356
183.4784059,0.03085610936,0.009372587938,0.007751064346,0.01608786945
183.6030515,0.03167039765,0.008822665153,0.009360618345,0.01477646754
183.7276972,0.03246641252,0.008305063859,0.01114018512,0.01328972166
183.8523428,0.0332427574,0.007820998568,0.01309426145,0.0116226957
183.9769885,0.03399803568,0.00737168379,0.01522734412,0.009770453504
184.1016342,0.03473085075,0.006958334036,0.01754392991,0.007728058936
184.2262798,0.03543720898,0.006585136933,0.02000908566,0.005526374217
184.3509255,0.03609951342,0.006271570991,0.02236852821,0.003396099448
184.4755711,0.03671542586,0.006019188672,0.02457886692,0.001377585097
184.6002168,0.03728580095,0.005825852092,0.02664359026,-0.0005312938405
184.7248624,0.0378114933,0.005689423367,0.02856618674,-0.002332662369
184.8495081,0.03829335755,0.005607764611,0.03035014483,-0.004028645492
184.9741537,0.03873224833,0.005578737941,0.03199895303,-0.005621368214
185.0987994,0.03912902027,0.005600205472,0.03351609982,-0.00711295554
185.2234451,0.039484528,0.005670029318,0.03490507369,-0.008505532473
185.3480907,0.03979962616,0.005786071597,0.03616936313,-0.009801224017
185.4727364,0.04007516937,0.005946194422,0.03731245663,-0.01100215518
185.597382,0.04031201227,0.006148259909,0.03833784267,-0.01211045096
185.7220277,0.04051100947,0.006390130174,0.03924900974,-0.01312823636
185.8466733,0.04067301563,0.006669667333,0.04004944634,-0.01405763639
185.971319,0.04079888536,0.0069847335,0.04074264094,-0.01490077606
186.0959646,0.0408894733,0.007333190791,0.04133208204,-0.01565978036
186.2206103,0.04094563407,0.007712901322,0.04182125812,-0.0163367743
186.345256,0.04096822232,0.008121727208,0.04221365768,-0.01693388289
186.4699016,0.04095809266,0.008557530563,0.04251276919,-0.01745323112
186.5945473,0.04091609973,0.009018173505,0.04272208116,-0.01789694401
186.7191929,0.04084309817,0.009501518148,0.04284508206,-0.01826714656
186.8438386,0.04073994259,0.01000542661,0.04288526038,-0.01856596376
186.9684842,0.04060748764,0.010527761,0.04284610462,-0.01879552064
187.0931299,0.04044658794,0.01106638344,0.04273110325,-0.01895794218
187.2177756,0.04025809812,0.01161915604,0.04254374477,-0.01905535339
187.3424212,0.04004287282,0.01218394092,0.04228751767,-0.01908987929
187.4670669,0.03980176667,0.01275860019,0.04196591044,-0.01906364486
187.5917125,0.03953563429,0.01334099597,0.04158241155,-0.01897877513
187.7163582,0.03924533031,0.01392899038,0.0411405095,-0.01883739508
187.8410038,0.03893170938,0.01452044553,0.04064369278,-0.01864162973
187.9656495,0.03859562611,0.01511322353,0.04009544988,-0.01839360407
188.0902951,0.03823793514,0.0157051865,0.03949926928,-0.01809544312
188.2149408,0.0378594911,0.01629419656,0.03885863947,-0.01774927188
188.3395865,0.03746114862,0.01687811582,0.03817704894,-0.01735721535
188.4642321,0.03704376233,0.0174548064,0.03745798618,-0.01692139853
188.5888778,0.03660818687,0.01802213041,0.03670493967,-0.01644394643
188.7135234,0.03615527686,0.01857794997,0.03592139791,-0.01592698406
188.8381691,0.03568588693,0.01912012719,0.03511084937,-0.01537263642
188.9628147,0.03520087171,0.01964652419,0.03427678256,-0.0147830285
189.0874604,0.03470108584,0.02015500309,0.03342268595,-0.01416028532
189.2121061,0.03418738394,0.02064342599,0.03255204804,-0.01350653189
189.3367517,0.03366062066,0.02110965502,0.03166835731,-0.0128238932
189.4613974,0.0331216506,0.02155155229,0.03077510225,-0.01211449425
189.586043,0.03257132842,0.02196697992,0.02987577134,-0.01138046006
189.7106887,0.03201050873,0.02235380001,0.02897385309,-0.01062391563
189.8353343,0.03144004618,0.0227098747,0.02807283597,-0.009846985954
189.95998,0.03086079538,0.02303306608,0.02717620847,-0.009051796047
190.0846256,0.03027361098,0.02332123628,0.02628745908,-0.008240470909
190.2092713,0.02967934759,0.02357224742,0.02541007629,-0.007415135544
190.333917,0.02907885986,0.0237839616,0.02454754859,-0.006577914957
190.4585626,0.02847300241,0.02395424095,0.02370336446,-0.005730934152
190.5832083,0.02786262988,0.02408094758,0.02288101239,-0.004876318134
190.7078539,0.02724859689,0.0241619436,0.02208398087,-0.004016191905
190.8324996,0.02663175807,0.02419509113,0.02131575839,-0.003152680471
190.9571452,0.02601296806,0.02417825229,0.02057983344,-0.002287908835
191.0817909,0.02539308149,0.02410928918,0.01987969449,-0.001424002002
191.2064366,0.02477295299,0.02398606394,0.01921883006,-0.0005630849761
191.3310822,0.02415343718,0.02380643866,0.01860072861,0.0002927172391
191.4557279,0.0235353887,0.02356827548,0.01802887863,0.001141279639
191.5803735,0.02291966219,0.02326943649,0.01750676863,0.00198047722
191.7050192,0.02230711226,0.02290778383,0.01703788707,0.002808184977
191.8296648,0.02169859355,0.02248117959,0.01662572246,0.003622277907
191.9543105,0.0210949607,0.02198748591,0.01627376328,0.004420631004
192.0789561,0.02049706833,0.02142456489,0.01598549801,0.005201119266
192.2036018,0.01990577107,0.02079027865,0.01576441515,0.005961617688
192.3282475,0.01932192356,0.0200824893,0.01561400319,0.006700001266
192.4528931,0.01874638042,0.01929905897,0.0155377506,0.007414144995
192.5775388,0.01817999628,0.01843784976,0.01553914588,0.008101923872
192.7021844,0.01762362579,0.01749672379,0.01562167752,0.008761212892
192.8268301,0.01707812356,0.01647354318,0.01578883401,0.009389887051
192.9514757,0.01654434422,0.01536617004,0.01604410382,0.009985821345
193.0761214,0.01602314242,0.01417246649,0.01639097546,0.01054689077
193.2007671,0.01551537278,0.01289029464,0.01683293741,0.01107097032
193.3254127,0.01502188992,0.01151751661,0.01737347815,0.011555935
193.4500584,0.01454354849,0.01005199451,0.01801608618,0.01199965979
193.574704,0.01408120311,0.008491590464,0.01876424998,0.01240001969
193.6993497,0.01363570841,0.006834166582,0.01962145804,0.01275488971
193.8239953,0.01320791902,0.005077584979,0.02059119885,0.01306214483
193.948641,0.01279868958,0.003219707772,0.02167696089,0.01331966006
194.0732866,0.01240887471,0.001258397076,0.02288223266,0.01352531038
194.1979323,0.01203932905,-0.0008084849931,0.02421050264,0.0136769708
194.322578,0.01169090723,-0.002983076321,0.02566525932,0.0137725163
194.4472236,0.01136446387,-0.005267514792,0.02724999119,0.01380982189
194.5718693,0.0110608536,-0.00766393829,0.02896818673,0.01378676256
194.6965149,0.01078093107,-0.0101744847,0.03082333444,0.01370121331
194.8211606,0.0105255509,-0.01280129191,0.0328189228,0.01355104913
194.9458062,0.01029556771,-0.01554649779,0.0349584403,0.01333414502
195.0704519,0.01008983567,-0.01836228868,0.03719535059,0.01305637686
195.1950975,0.009899231134,-0.02101859564,0.03929976162,0.0127541717
195.3197432,0.009721910027,-0.0234903691,0.04124595836,0.01243298215
195.4443889,0.009557162689,-0.02578219367,0.04303783917,0.01209361906
195.5690345,0.009404279463,-0.027898654,0.04467930243,0.01173689331
195.6936802,0.009262550692,-0.02984433471,0.04617424651,0.01136361574
195.8183258,0.00913126672,-0.03162382045,0.04752656978,0.01097459723
195.9429715,0.009009717889,-0.03324169585,0.04874017063,0.01057064862
196.0676171,0.008897194544,-0.03470254553,0.04981894741,0.01015258079
196.1922628,0.008792987028,-0.03601095414,0.0507667985,0.009721204578
196.3169085,0.008696385683,-0.03717150631,0.05158762228,0.009277330858
196.4415541,0.008606680853,-0.03818878667,0.05228531711,0.008821770486
196.5661998,0.008523162882,-0.03906737985,0.05286378138,0.008355334323
196.6908454,0.008445122114,-0.03981187049,0.05332691345,0.007878833227
196.8154911,0.00837184889,-0.04042684323,0.05367861169,0.00739307806
196.9401367,0.008302633555,-0.0409168827,0.05392277448,0.006898879679
197.0647824,0.008236766452,-0.04128657352,0.05406330019,0.006397048946
197.189428,0.008173537924,-0.04154050034,0.05410408719,0.005888396721
197.3140737,0.008112238315,-0.04168324779,0.05404903386,0.005373733862
197.4387194,0.008052157968,-0.04171940051,0.05390203857,0.00485387123
197.563365,0.007992587226,-0.04165354311,0.05366699969,0.004329619684
197.6880107,0.007932816433,-0.04149026026,0.05334781559,0.003801790085
197.8126563,0.007872135932,-0.04123413656,0.05294838464,0.003271193292
197.937302,0.007809836066,-0.04088975666,0.05247260523,0.002738640165
198.0619476,0.007745207179,-0.0404617052,0.05192437572,0.002204941564
198.1865933,0.007677539614,-0.0399545668,0.05130759448,0.001670908349
198.311239,0.007606123715,-0.0393729261,0.05062615989,0.001137351379
198.4358846,0.007530249824,-0.03872136774,0.04988397031,0.0006050815137
198.5605303,0.007449208285,-0.03800447634,0.04908492413,7.490961392e-05
198.6851759,0.007362289442,-0.03722683655,0.04823291971,-0.000452353461
198.8098216,0.007268783637,-0.03639303299,0.04733185543,-0.0009758968513
198.9344672,0.007167981214,-0.0355076503,0.04638562966,-0.001494909697
199.0591129,0.007059172517,-0.03457527312,0.04539814078,-0.002008581139
199.1837585,0.006941647889,-0.03360048607,0.04437328714,-0.002516100316
199.3084042,0.006814697673,-0.03258787379,0.04331496714,-0.00301665637
199.4330499,0.006677612212,-0.03154202092,0.04222707913,-0.00350943844
199.5576955,0.00652968185,-0.03046751209,0.0411135215,-0.003993635666
199.6823412,0.00637019693,-0.02936893193,0.03997819261,-0.004468437189
199.8069868,0.006198447796,-0.02825086507,0.03882499084,-0.004933032149
199.9316325,0.00601372479,-0.02711789616,0.03765781456,-0.005386609686
200.0562781,0.005815318257,-0.02597460982,0.03648056214,-0.00582835894
200.1809238,0.005602518539,-0.02482559069,0.03529713196,-0.006257469052
200.3055695,0.00537461598,-0.02367542341,0.03411142239,-0.006673129162
200.4302151,0.005130900923,-0.0225286926,0.0329273318,-0.007074528409
200.5548608,0.004870663712,-0.02138998289,0.03174875856,-0.007460855934
200.6795064,0.004593194689,-0.02026387894,0.03057960105,-0.007831300878
200.8041521,0.004297784199,-0.01915496536,0.02942375764,-0.008185052379
200.9287977,0.003983722584,-0.01806782679,0.02828512669,-0.00852129958
201.0534434,0.003650300188,-0.01700704787,0.0271676066,-0.008839231619
201.178089,0.003296807355,-0.01597721323,0.02607509572,-0.009138037637
201.3027347,0.002922534427,-0.0149829075,0.02501149243,-0.009416906775
201.4273804,0.002526771748,-0.01402871532,0.0239806951,-0.009675028172
201.552026,0.002108809661,-0.01311922132,0.0229866021,-0.009911590968
201.6766717,0.00166793851,-0.01225901013,0.02203311182,-0.0101257843
201.8013173,0.001203448637,-0.0114526664,0.02112412261,-0.01031679732
201.925963,0.0007146303872,-0.01070477474,0.02026353285,-0.01048381916
202.0506086,0.0002007741028,-0.01001991981,0.01945524092,-0.01062603895
202.1752543,-0.0003388298726,-0.009402686222,0.01870314519,-0.01074264585
202.2998999,-0.0009048911957,-0.008857658621,0.01801114403,-0.01083282899
202.4245456,-0.001498119523,-0.008389421638,0.01738313581,-0.01089577751
202.5491913,-0.002119224512,-0.008002559908,0.01682301891,-0.01093068055
202.6738369,-0.002768915818,-0.007701658063,0.01633469169,-0.01093672725
202.7984826,-0.003447903098,-0.007491300739,0.01592205254,-0.01091310675
202.9231282,-0.00415689601,-0.007376072569,0.01558899982,-0.01085900819
203.0477739,-0.004896604209,-0.007360558187,0.0153394319,-0.01077362072
203.1724195,-0.005667737352,-0.007449342226,0.01517724716,-0.01065613347
203.2970652,-0.006471005097,-0.007647009322,0.01510634398,-0.01050573558
203.4217109,-0.007307117099,-0.007958144106,0.01513062072,-0.01032161619
203.5463565,-0.008176783015,-0.008387331214,0.01525397575,-0.01010296445
203.6710022,-0.009080712502,-0.00893915528,0.01548030746,-0.009848969487
203.7956478,-0.01001961522,-0.009618200936,0.0158135142,-0.009558820448
203.9202935,-0.01099420082,-0.01042905282,0.01625749436,-0.009231706472
204.0449391,-0.01200517896,-0.01137629556,0.01681614631,-0.0088668167
204.1695848,-0.01305325929,-0.01246451379,0.01749336842,-0.008463340272
204.2942304,-0.01413915149,-0.01369829215,0.01829305905,-0.008020466327
204.4188761,-0.01526356519,-0.01508221527,0.0192191166,-0.007537384007
204.5435218,-0.01642721006,-0.01662086779,0.02027543942,-0.00701328245
204.6681674,-0.01763079575,-0.01831883433,0.02146592589,-0.006447350798
204.7928131,-0.01887503193,-0.02018069954,0.02279447438,-0.005838778191
204.9174587,-0.02016062824,-0.02221104804,0.02426498327,-0.005186753768
205.0421044,-0.02148829435,-0.02441446447,0.02588135093,-0.00449046667
205.16675,-0.02285873991,-0.02679553347,0.02764747573,-0.003749106037
205.2913957,-0.02427267457,-0.02935883966,0.02956725604,-0.00296186101
205.4160414,-0.025730808,-0.03210896769,0.03164459023,-0.002127920728
205.540687,-0.02723384985,-0.03505050218,0.03388337669,-0.001246474332
205.6653327,-0.02878250978,-0.03818802777,0.03628751377,-0.0003167109614
205.7899783,-0.03037749744,-0.0415261291,0.03886089986,0.0006621802428
205.914624,-0.03198376108,-0.04495797303,0.04152438888,0.001668418522
206.0392696,-0.03348086504,-0.04810884359,0.04399863114,0.002625567496
206.1639153,-0.03486167128,-0.05095486499,0.04626515129,0.003527938508
206.2885609,-0.03612926174,-0.0535039201,0.04832912122,0.004376267452
206.4132066,-0.03728671835,-0.05576389178,0.05019571279,0.005171290217
206.5378523,-0.03833712304,-0.05774266291,0.0518700979,0.005913742698
206.6624979,-0.03928355773,-0.05944811637,0.05335744842,0.006604360785
206.7871436,-0.04012910437,-0.06088813502,0.05466293622,0.007243880372
206.9117892,-0.04087684488,-0.06207060174,0.05579173318,0.00783303735
207.0364349,-0.04152986119,-0.0630033994,0.05674901118,0.008372567611
207.1610805,-0.04209123524,-0.06369441087,0.05753994209,0.008863207048
207.2857262,-0.04256404895,-0.06415151903,0.0581696978,0.009305691553
207.4103719,-0.04295138426,-0.06438260674,0.05864345017,0.009700757017
207.5350175,-0.0432563231,-0.06439555688,0.05896637109,0.01004913933
207.6596632,-0.04348194741,-0.06419825232,0.05914363244,0.01035157439
207.7843088,-0.0436313391,-0.06379857594,0.05918040608,0.01060879809
207.9089545,-0.04370758012,-0.0632044106,0.0590818639,0.01082154632
208.0336001,-0.04371375239,-0.06242363918,0.05885317778,0.01099055496
208.1582458,-0.04365293785,-0.06146414455,0.05849951959,0.01111655992
208.2828914,-0.04352821842,-0.06033380958,0.05802606121,0.01120029708
208.4075371,-0.04334267605,-0.05904051715,0.05743797451,0.01124250234
208.5321828,-0.04309939265,-0.05759215012,0.05674043137,0.01124391159
208.6568284,-0.04280145017,-0.05599659138,0.05593860368,0.01120526072
208.7814741,-0.04245193053,-0.05426172378,0.0550376633,0.01112728563
208.9061197,-0.04205391566,-0.05239543021,0.05404278212,0.0110107222
209.0307654,-0.0416104875,-0.05040559353,0.05295913201,0.01085630632
209.155411,-0.04112472798,-0.04830009663,0.05179188485,0.0106647739
209.2800567,-0.04059971903,-0.04608682236,0.05054621251,0.01043686082
209.4047024,-0.04003854257,-0.0437736536,0.04922728687,0.01017330297
209.529348,-0.03944428055,-0.04136847323,0.04784027981,0.00987483625
209.6539937,-0.03882001489,-0.03887916412,0.04639036322,0.009542196548
209.7786393,-0.03816882752,-0.03631360914,0.04488270895,0.009176119756
209.903285,-0.03749380038,-0.03367969116,0.04332248889,0.008777341766
210.0279306,-0.0367980154,-0.03098529305,0.04171487493,0.008346598472
210.1525763,-0.0360845545,-0.02823829769,0.04006503892,0.007884625764
210.2772219,-0.03535649963,-0.02544658794,0.03837815276,0.007392159536
210.4018676,-0.0346169327,-0.02261804669,0.03665938832,0.006869935679
210.5265133,-0.03386893566,-0.0197605568,0.03491391748,0.006318690085
210.6511589,-0.03311559043,-0.01688200115,0.0331469121,0.005739158646
210.7758046,-0.03235997894,-0.0139902626,0.03136354408,0.005132077256
210.9004502,-0.03160518314,-0.01109322404,0.02956898529,0.004498181805
211.0250959,-0.03085428494,-0.008198768321,0.0277684076,0.003838208186
211.1497415,-0.03011036627,-0.005314778331,0.02596698289,0.003152892291
211.2743872,-0.02937650908,-0.002449136936,0.02416988304,0.002442970013
211.3990328,-0.0286557953,0.0003902729892,0.02238227992,0.001709177242
211.5236785,-0.02795130684,0.003195568574,0.02060934542,0.0009522498727
211.6483242,-0.02726612565,0.005958866945,0.01885625141,0.0001729237957
211.7729698,-0.02660333366,0.008672285231,0.01712816976,-0.0006280650965
211.8976155,-0.02596601279,0.01132794056,0.01543027236,-0.001449980912
212.0222611,-0.02535724498,0.01391795006,0.01376773108,-0.002292087758
212.1469068,-0.02478011216,0.01643443085,0.0121457178,-0.003153649743
212.2715524,-0.02423769627,0.01886950007,0.01056940439,-0.004033930975
212.3961981,-0.02373307922,0.02121527485,0.009043962738,-0.004932195561
212.5208438,-0.02326934297,0.0234638723,0.007574564712,-0.005847707609
212.6454894,-0.02284956942,0.02560740957,0.006166382193,-0.006779731228
212.7701351,-0.02247684053,0.02763800377,0.004824587058,-0.007727530524
212.8947807,-0.02215423821,0.02954777203,0.003554351183,-0.008690369607
213.0194264,-0.0218848444,0.03132883149,0.002360846446,-0.009667512583
213.144072,-0.02167174104,0.03297329927,0.001249244723,-0.01065822356
213.2687177,-0.02151801004,0.03447329249,0.0002247178925,-0.01166176665
213.3933633,-0.02142673335,0.03582092829,-0.0007075621693,-0.01267740595
213.518009,-0.0214009929,0.0370083238,-0.001542423585,-0.01370440558
213.6426547,-0.02144387061,0.03802759613,-0.002274694478,-0.01474202965
213.7673003,-0.02155844842,0.03887086242,-0.002899202971,-0.01578954225
213.891946,-0.02174780826,0.0395302398,-0.003410777186,-0.0168462075
214.0165916,-0.02201503206,0.03999784539,-0.003804245247,-0.01791128951
214.1412373,-0.02236320175,0.04026579633,-0.004074435277,-0.01898405239
214.2658829,-0.02279539927,0.04032620973,-0.004216175399,-0.02006376023
214.3905286,-0.02331470654,0.04017120273,-0.004224293735,-0.02114967716
214.5151743,-0.0239242055,0.03979289245,-0.004093618408,-0.02224106728
214.6398199,-0.02462697808,0.03918339603,-0.003818977542,-0.02333719469
214.7644656,-0.0254261062,0.03833483059,-0.003395199259,-0.0244373235
214.8891112,-0.02632467181,0.03723931326,-0.002817111682,-0.02554071783
215.0137569,-0.02732575682,0.03588896116,-0.002079542935,-0.02664664177
215.1384025,-0.02843244318,0.03427589143,-0.001177321139,-0.02775435944
215.2630482,-0.02964781282,0.03239222119,-0.0001052744187,-0.02886313495
215.3876938,-0.03097494766,0.03023006756,0.001141769104,-0.0299722324
215.5123395,-0.03241692964,0.02778154769,0.002568981306,-0.03108091591
215.6369852,-0.03397684069,0.02503877869,0.004181534064,-0.03218844957
215.7616308,-0.03565776273,0.02199387769,0.005984599256,-0.03329409749
215.8862765,-0.03746277771,0.01863896182,0.007983348757,-0.0343971238
216.0109221,-0.03939496755,0.01496614821,0.01018295445,-0.03549679258
216.1355678,-0.04145741419,0.01096755398,0.0125885882,-0.03659236796
216.2602134,-0.04365319955,0.006635296273,0.0152054219,-0.03768311403
216.3848591,-0.04598540557,0.001961492203,0.01803862741,-0.03876829491
216.5095048,-0.04845711418,-0.003061741098,0.02109337662,-0.0398471747
216.6341504,-0.05107140731,-0.008442286502,0.0243748414,-0.04091901751
216.7587961,-0.05372318329,-0.01398902359,0.02776526633,-0.04193693995
216.8834417,-0.05614266094,-0.01920493848,0.03095778742,-0.04278605814
217.0080874,-0.0583224397,-0.02407281421,0.03394177082,-0.04346557034
217.132733,-0.06026862951,-0.02860021958,0.03672188975,-0.04398048849
217.2573787,-0.06198734033,-0.0327947234,0.03930281745,-0.04433582452
217.3820243,-0.06348468209,-0.03666389449,0.04168922714,-0.04453659034
217.50667,-0.06476676473,-0.04021530166,0.04388579205,-0.04458779789
217.6313157,-0.06583969822,-0.04345651372,0.04589718541,-0.04449445909
217.7559613,-0.06670959248,-0.04639509947,0.04772808045,-0.04426158588
217.880607,-0.06738255746,-0.04903862774,0.0493831504,-0.04389419018
218.0052526,-0.06786470311,-0.05139466733,0.05086706849,-0.04339728392
218.1298983,-0.06816213937,-0.05347078705,0.05218450794,-0.04277587903
218.2545439,-0.0682809762,-0.05527455571,0.05334014199,-0.04203498744
218.3791896,-0.06822732352,-0.05681354213,0.05433864386,-0.04117962107
218.5038353,-0.06800729129,-0.05809531511,0.05518468678,-0.04021479185
218.6284809,-0.06762698946,-0.05912744347,0.05588294399,-0.03914551172
218.7531266,-0.06709252796,-0.05991749601,0.0564380887,-0.03797679259
218.8777722,-0.06641001674,-0.06047304155,0.05685479415,-0.0367136464
219.0024179,-0.06558556575,-0.0608016489,0.05713773357,-0.03536108507
219.1270635,-0.06462528493,-0.06091088687,0.05729158019,-0.03392412054
219.2517092,-0.06353528422,-0.06080832427,0.05732100723,-0.03240776473
219.3763548,-0.06232167358,-0.06050152991,0.05723068793,-0.03081702957
219.5010005,-0.06099056294,-0.0599980726,0.05702529551,-0.02915692698
219.6256462,-0.05954806226,-0.05930552116,0.0567095032,-0.0274324689
219.7502918,-0.05800028147,-0.05843144439,0.05628798423,-0.02564866725
219.8749375,-0.05635333051,-0.0573834111,0.05576541183,-0.02381053396
219.9995831,-0.05461331935,-0.05616899011,0.05514645923,-0.02192308097
220.1242288,-0.05278635791,-0.05479575022,0.05443579966,-0.01999132019
220.2488744,-0.05087855615,-0.05327126025,0.05363810634,-0.01802026355
220.3735201,-0.048896024,-0.05160308901,0.05275805251,-0.01601492299
220.4981657,-0.04684487142,-0.04979880531,0.05180031139,-0.01398031044
220.6228114,-0.04473120835,-0.04786597796,0.05076955621,-0.01192143781
220.7474571,-0.04256114473,-0.04581217577,0.0496704602,-0.009843317037
220.8721027,-0.04034079051,-0.04364496755,0.0485076966,-0.007750960053
220.9967484,-0.03807625564,-0.04137192211,0.04728593862,-0.005649378782
221.121394,-0.03577365005,-0.03900060827,0.0460098595,-0.003543585154
221.2460397,-0.03343908369,-0.03653859483,0.04468413247,-0.001438591096
221.3706853,-0.03107866651,-0.03399345061,0.04331343075,0.0006605914636
221.495331,-0.02869850846,-0.03137274441,0.04190242758,0.002748950597
221.6199767,-0.02630471947,-0.02868404505,0.04045579618,0.004821474376
221.7446223,-0.02390340949,-0.02593492134,0.03897820978,0.006873150872
221.869268,-0.02150068847,-0.02313294208,0.03747434161,0.008898968158
221.9939136,-0.01910266635,-0.0202856761,0.03594886491,0.0108939143
222.1185593,-0.01671545308,-0.0174006922,0.03440645289,0.01285297738
222.2432049,-0.0143451586,-0.01448555918,0.03285177878,0.01477114547
222.3678506,-0.01199789285,-0.01154784588,0.03128951583,0.01664340663
222.4924962,-0.009679765784,-0.008595121078,0.02972433725,0.01846474894
222.6171419,-0.007396887343,-0.005634953606,0.02816091627,0.02023016048
222.7417876,-0.005155367473,-0.002674912268,0.02660392612,0.0219346293
222.8664332,-0.002961316117,0.0002774341232,0.02505804004,0.02357314349
222.9910789,-0.0008208432216,0.003214516758,0.02352793124,0.02514069112
223.1157245,0.00125994127,0.006128766825,0.02201827297,0.02663226025
223.2403702,0.003274927412,0.009012615514,0.02053373844,0.02804283897
223.3650158,0.00521800526,0.01185849401,0.01907900089,0.02936741533
223.4896615,0.007083064869,0.01465883351,0.01765873354,0.03060097743
223.6143072,0.008863996294,0.0174060652,0.01627760963,0.03173851332
223.7389528,0.01055468959,0.02009262026,0.01494030238,0.03277501107
223.8635985,0.01214903481,0.0227109299,0.01365148502,0.03370545877
223.9882441,0.01364092202,0.02525342529,0.01241583079,0.03452484448
224.1128898,0.01502424126,0.02771253762,0.0112380129,0.03522815627
224.2375354,0.0162928826,0.03008069809,0.01012270459,0.03581038222
224.3621811,0.01744073608,0.03235033788,0.009074579094,0.03626651039
224.4868267,0.01846169177,0.03451388818,0.008098309629,0.03659152887
224.6114724,0.01934963971,0.03656378019,0.007198569429,0.03678042572
224.7361181,0.02009846997,0.03849244509,0.006380031723,0.03682818901
224.8607637,0.02070207259,0.04029231406,0.005647369739,0.03672980681
224.9854094,0.02115433764,0.04195581831,0.005005256707,0.03648026721
225.110055,0.02144915517,0.04347538901,0.004458365855,0.03607455826
225.2347007,0.02158041523,0.04484345736,0.004011370412,0.03550766805
225.3593463,0.02154200788,0.04605245455,0.003668943606,0.03477458463
225.483992,0.02132782318,0.04709481176,0.003435758668,0.0338702961
225.6086377,0.02093175118,0.04796296019,0.003316488824,0.03278979051
225.7332833,0.02034768193,0.04864933102,0.003315807305,0.03152805593
225.857929,0.01956950549,0.04914635544,0.003438387339,0.03008008045
225.9825746,0.01859111191,0.04944646465,0.003688902156,0.02844085213
226.1072203,0.01740639126,0.04954208982,0.004072024982,0.02660535905
226.2318659,0.01600923358,0.04942566216,0.004592429049,0.02456858927
226.3565116,0.01439352894,0.04908961285,0.005254787584,0.02232553088
226.4811572,0.01255316738,0.04852637307,0.006063773816,0.01987117193
226.6058029,0.01048203896,0.04772837402,0.007024060974,0.0172005005
226.7304486,0.008174033734,0.04668804689,0.008140322287,0.01430850467
226.8550942,0.005623041763,0.04539782286,0.009417230984,0.01119017251
226.9797399,0.0028229531,0.04385013313,0.01085946029,0.007840492079
227.1043855,-0.0002323422013,0.04203740888,0.01247168344,0.004254451462
227.2290312,-0.003548954085,0.03995208131,0.01425857367,0.0004270387263
227.3536768,-0.007132992496,0.03758658159,0.01622480419,-0.003646758055
227.4783225,-0.01099056738,0.03493334093,0.01837504823,-0.007971950811
227.6029682,-0.01496651616,0.03211477153,0.02061535061,-0.0123642646
227.7276138,-0.01876097112,0.02937195935,0.022762652,-0.01647233284
227.8522595,-0.02236976348,0.02670928201,0.02481425158,-0.0202940263
227.9769051,-0.0257958564,0.02412538755,0.02677180467,-0.02383561152
228.1015508,-0.02904221305,0.02161892398,0.02863696656,-0.02710335505
228.2261964,-0.03211179658,0.01918853935,0.03041139259,-0.03010352341
228.3508421,-0.03500757016,0.01683288168,0.03209673805,-0.03284238315
228.4754877,-0.03773249695,0.01455059901,0.03369465826,-0.0353262008
228.6001334,-0.0402895401,0.01234033936,0.03520680852,-0.03756124292
228.7247791,-0.04268166279,0.01020075076,0.03663484416,-0.03955377603
228.8494247,-0.04491182818,0.008130481253,0.03798042047,-0.04131006669
228.9740704,-0.04698299942,0.006128178858,0.03924519277,-0.04283638141
229.098716,-0.04889813968,0.00419249161,0.04043081637,-0.04413898676
229.2233617,-0.05066021213,0.002322067538,0.04153894659,-0.04522414926
229.3480073,-0.05227217991,0.0005155546727,0.04257123872,-0.04609813545
229.472653,-0.0537370062,-0.001228398955,0.04352934809,-0.04676721189
229.5972986,-0.05505765416,-0.002911145314,0.04441493,-0.04723764509
229.7219443,-0.05623708694,-0.004534036375,0.04522963977,-0.04751570161
229.84659,-0.05727826772,-0.006098424107,0.0459751327,-0.04760764799
229.9712356,-0.05818415965,-0.00760566048,0.04665306411,-0.04751975076
230.0958813,-0.05895772589,-0.009057097463,0.04726508931,-0.04725827646
230.2205269,-0.05960192961,-0.01045408703,0.0478128636,-0.04682949163
230.3451726,-0.06011973397,-0.01179798114,0.0482980423,-0.04623966282
230.4698182,-0.06051410213,-0.01309013177,0.04872228072,-0.04549505656
230.5944639,-0.06078799725,-0.01433189089,0.04908723417,-0.04460193939
230.7191096,-0.06094438249,-0.01552461046,0.04939455796,-0.04356657785
230.8437552,-0.06098622103,-0.01666964247,0.0496459074,-0.04239523849
230.9684009,-0.06091647601,-0.01776833887,0.0498429378,-0.04109418783
231.0930465,-0.0607381106,-0.01882205164,0.04998730448,-0.03966969243
231.2176922,-0.06045408796,-0.01983213274,0.05008066274,-0.03812801881
231.3423378,-0.06006737126,-0.02079993415,0.05012466789,-0.03647543352
231.4669835,-0.05958092366,-0.02172680783,0.05012097525,-0.0347182031
231.5916291,-0.05899770831,-0.02261410576,0.05007124013,-0.03286259409
231.7162748,-0.05832068839,-0.0234631799,0.04997711783,-0.03091487303
231.8409205,-0.05755282705,-0.02427538223,0.04984026367,-0.02888130646
231.9655661,-0.05669708745,-0.02505206471,0.04966233296,-0.02676816091
232.0902118,-0.05575643275,-0.02579457931,0.049444981,-0.02458170293
232.2148574,-0.05473382613,-0.02650427801,0.04918986312,-0.02232819905
232.3395031,-0.05363223074,-0.02718251276,0.04889863462,-0.02001391583
232.4641487,-0.05245460974,-0.02783063555,0.0485729508,-0.01764511978
232.5887944,-0.05120392629,-0.02844999834,0.04821446699,-0.01522807747
232.7134401,-0.04988314356,-0.0290419531,0.0478248385,-0.01276905542
232.8380857,-0.04849522471,-0.0296078518,0.04740572062,-0.01027432017
232.9627314,-0.0470431329,-0.0301490464,0.04695876868,-0.007750138264
233.087377,-0.04552983129,-0.03066688889,0.04648563799,-0.005202776243
233.2120227,-0.04395828304,-0.03116273123,0.04598798385,-0.002638500646
233.3366683,-0.04233145132,-0.03163792538,0.04546746158,-6.357801217e-05
233.461314,-0.04065229929,-0.03209382332,0.04492572648,0.00251572512
233.5859596,-0.03892379011,-0.03253177702,0.04436443388,0.005093142209
233.7106053,-0.03714888695,-0.03295313845,0.04378523907,0.007662406718
233.835251,-0.03533055295,-0.03335925957,0.04318979737,0.0102172521
233.9598966,-0.03347175129,-0.03375149235,0.0425797641,0.01275141183
234.0845423,-0.03157544514,-0.03413118878,0.04195679455,0.01525861936
234.2091879,-0.02964459764,-0.0344997008,0.04132254405,0.01773260814
234.3338336,-0.02768217196,-0.03485838041,0.0406786679,0.02016711165
234.4584792,-0.02569113127,-0.03520857955,0.04002682141,0.02255586334
234.5831249,-0.02367443872,-0.03555165021,0.03936865989,0.02489259666
234.7077706,-0.02163505748,-0.03588894435,0.03870583867,0.02717104509
234.8324162,-0.01957595071,-0.03622181395,0.03804001303,0.02938494209
234.9570619,-0.01750008158,-0.03655161096,0.03737283831,0.0315280211
235.0817075,-0.01541041323,-0.03687968737,0.0367059698,0.0335940156
235.2063532,-0.01330990885,-0.03720739514,0.03604106282,0.03557665904
235.3309988,-0.01120153158,-0.03753608624,0.03537977268,0.03746968488
235.4556445,-0.00908824459,-0.03786711264,0.03472375469,0.03926682659
235.5802901,-0.006973011044,-0.03820182631,0.03407466415,0.04096181762
235.7049358,-0.004858794101,-0.03854157922,0.03343415639,0.04254839144
235.8295815,-0.002748556925,-0.03888772333,0.03280388672,0.0440202815
235.9542271,-0.0006452626762,-0.03924161063,0.03218551043,0.04537122127
236.0788728,0.001448125483,-0.03960459307,0.03158068285,0.04659494421
236.2035184,0.003528644389,-0.03997802263,0.03099105928,0.04768518377
236.3281641,0.005593330882,-0.04036325128,0.03041829504,0.04863567342
236.4528097,0.007639221799,-0.04076163098,0.02986404543,0.04944014661
236.5774554,0.009663353978,-0.04117451371,0.02932996577,0.05009233681
236.7021011,0.01166276426,-0.04160325144,0.02881771137,0.05058597748
236.8267467,0.01363448948,-0.04204919613,0.02832893753,0.05091480208
236.9513924,0.01557556647,-0.04251369976,0.02786529957,0.05107254407
237.076038,0.01748303208,-0.04299811428,0.02742845281,0.05105293691
237.2006837,0.01935392314,-0.04350379169,0.02702005254,0.05084971406
237.3253293,0.02118527649,-0.04403208393,0.02664175409,0.05045660897
237.449975,0.02297412897,-0.04458434299,0.02629521275,0.04986735512
237.5746206,0.02471751741,-0.04516192083,0.02598208385,0.04907568596
237.6992663,0.02641247866,-0.04576616943,0.0257040227,0.04807533495
237.823912,0.02805604955,-0.04639844074,0.02546268459,0.04686003555
237.9485576,0.02964526692,-0.04706008674,0.02525972485,0.04542352123
238.0732033,0.03117716761,-0.04775245941,0.02509679879,0.04375952543
238.1978489,0.03264878846,-0.0484769107,0.02497556172,0.04186178163
238.3224946,0.0340571663,-0.0492347926,0.02489766894,0.03972402328
238.4471402,0.03539003829,-0.04998168174,0.0248385525,0.03747420036
238.5717859,0.03663436667,-0.05065540334,0.02476265955,0.03529576805
238.6964315,0.03779177405,-0.05125706115,0.0246701677,0.03318884767
238.8210772,0.03886397329,-0.05178817435,0.02456149084,0.03115234964
238.9457229,0.03985267724,-0.05225026209,0.02443704284,0.02918518442
239.0703685,0.04075959878,-0.05264484355,0.0242972376,0.02728626246
239.1950142,0.04158645075,-0.05297343788,0.02414248901,0.02545449419
239.3196598,0.04233494602,-0.05323756426,0.02397321094,0.02368879006
239.4443055,0.04300679744,-0.05343874185,0.0237898173,0.02198806052
239.5689511,0.04360371787,-0.05357848981,0.02359272196,0.02035121601
239.6935968,0.04412742018,-0.05365832731,0.02338233882,0.01877716698
239.8182425,0.04457961721,-0.05367977352,0.02315908176,0.01726482387
239.9428881,0.04496202184,-0.0536443476,0.02292336467,0.01581309712
240.0675338,0.04527634691,-0.05355356872,0.02267560143,0.01442089719
240.1921794,0.0455243053,-0.05340895603,0.02241620594,0.01308713451
240.3168251,0.04570760984,-0.05321202872,0.02214559208,0.01181071953
240.4414707,0.04582797341,-0.05296430594,0.02186417374,0.01059056269
240.5661164,0.04588710887,-0.05266730685,0.02157236481,0.009425574447
240.690762,0.04588672907,-0.05232255063,0.02127057917,0.008314665237
240.8154077,0.04582854686,-0.05193155644,0.02095923071,0.007256745505
240.9400534,0.04571427512,-0.05149584344,0.02063873332,0.006250725697
241.064699,0.0455456267,-0.0510169308,0.02030950088,0.005295516258
241.1893447,0.04532431445,-0.05049633769,0.01997194729,0.004390027633
241.3139903,0.04505205125,-0.04993558326,0.01962648643,0.003533170265
241.438636,0.04473054993,-0.0493361867,0.01927353219,0.002723854601
241.5632816,0.04436152337,-0.04869966715,0.01891349845,0.001960991084
241.6879273,0.04394668443,-0.04802754379,0.01854679911,0.00124349016
241.812573,0.04348774595,-0.04732133579,0.01817384804,0.0005702622732
241.9372186,0.04298642081,-0.0465825623,0.01779505915,-5.978213171e-05
242.0618643,0.04244442185,-0.04581274249,0.01741084631,-0.0006477326098
242.1865099,0.04186346195,-0.04501339553,0.01702162341,-0.001194678716
242.3111556,0.04124525395,-0.04418604059,0.01662780434,-0.001701710006
242.4358012,0.04059151071,-0.04333219682,0.01622980299,-0.002169916036
242.5604469,0.03990394511,-0.0424533834,0.01582803325,-0.002600386359
242.6850925,0.03918426998,-0.04155111949,0.015422909,-0.002994210531
242.8097382,0.0384341982,-0.04062692426,0.01501484412,-0.003352478109
242.9343839,0.03765544262,-0.03968231686,0.01460425252,-0.003676278646
243.0590295,0.03684971609,-0.03871881648,0.01419154807,-0.003966701698
243.1836752,0.03601873149,-0.03773794226,0.01377714466,-0.00422483682
243.3083208,0.03516420167,-0.03674121338,0.01336145618,-0.004451773568
243.4329665,0.03428783948,-0.03573014901,0.01294489652,-0.004648601497
243.5576121,0.03339135778,-0.0347062683,0.01252787956,-0.004816410162
243.6822578,0.03247646944,-0.03367109042,0.01211081919,-0.004956289118
243.8069035,0.03154488732,-0.03262613455,0.01169412931,-0.005069327921
243.9315491,0.03059832426,-0.03157291984,0.01127822379,-0.005156616125
244.0561948,0.02963849314,-0.03051296545,0.01086351652,-0.005219243286
244.1808404,0.0286671068,-0.02944779057,0.0104504214,-0.00525829896
244.3054861,0.02768587812,-0.02837891434,0.0100393523,-0.005274872701
244.4301317,0.02669651994,-0.02730785594,0.009630723123,-0.005270054064
244.5547774,0.02570074512,-0.02623613453,0.009224947748,-0.005244932606
244.679423,0.02470026653,-0.02516526928,0.008822440063,-0.005200597881
244.8040687,0.02369679703,-0.02409677935,0.008423613957,-0.005138139444
244.9287144,0.02269204946,-0.02303218391,0.008028883317,-0.00505864685
245.05336,0.0216877367,-0.02197300212,0.007638662031,-0.004963209656
245.1780057,0.0206855716,-0.02092075314,0.007253363985,-0.004852917415
245.3026513,0.01968726702,-0.01987695616,0.006873403068,-0.004728859684
245.427297,0.01869453581,-0.01884313032,0.006499193166,-0.004592126017
245.5519426,0.01770909084,-0.01782079479,0.006131148168,-0.004443805971
245.6765883,0.01673264497,-0.01681146875,0.00576968196,-0.004284989099
245.801234,0.01576691105,-0.01581667135,0.005415208429,-0.004116764957
245.9258796,0.01481360194,-0.01483792176,0.005068141464,-0.003940223101
246.0505253,0.01387443051,-0.01387673915,0.004728894952,-0.003756453086
246.1751709,0.0129511096,-0.01293464268,0.00439788278,-0.003566544466
246.2998166,0.01204535209,-0.01201315152,0.004075518836,-0.003371586798
246.4244622,0.01115887082,-0.01111378483,0.003762217007,-0.003172669637
246.5491079,0.01029337866,-0.01023806178,0.00345839118,-0.002970882536
246.6737535,0.009450588465,-0.009387501529,0.003164455243,-0.002767315053
246.7983992,0.008632213096,-0.008563623249,0.002880823083,-0.002563056742
246.9230449,0.00783996541,-0.007767946103,0.002607908588,-0.002359197159
247.0476905,0.007075558266,-0.007001989257,0.002346125645,-0.002156825857
247.1723362,0.006340704524,-0.006267271876,0.002095888142,-0.001957032394
247.2969818,0.005637117041,-0.005565313125,0.001857609965,-0.001760906324
247.4216275,0.004966508677,-0.004897632171,0.001631705003,-0.001569537202
247.5462731,0.004330592291,-0.004265748177,0.001418587143,-0.001384014584
247.6709188,0.003731080742,-0.00367118031,0.001218670272,-0.001205428024
247.7955644,0.003169686887,-0.003115447735,0.001032368278,-0.001034867079
247.9202101,0.002648123587,-0.002600069618,0.0008600950474,-0.0008734213025
248.0448558,0.002168103699,-0.002126565124,0.0007022644685,-0.0007221802507
248.1695014,0.001731340084,-0.001696453418,0.0005592904286,-0.0005822334786
248.2941471,0.001339545599,-0.001311253666,0.000431586815,-0.0004546705415
248.4187927,0.000994433103,-0.0009724850325,0.0003195675151,-0.0003405809945
248.5434384,0.0006977154555,-0.000681666684,0.0002236464164,-0.000241054393
248.668084,0.0004511055151,-0.0004403177856,0.0001442374063,-0.0001571802922
248.7927297,0.0002563161405,-0.0002499575025,8.175437217e-05,-9.004824719e-05
248.9173754,0.0001150601905,-0.0001121050003,3.661120147e-05,-4.074781335e-05
249.042021,2.90505241e-05,-2.82794443e-05,9.221781604e-06,-1.036854588e-05
249.1666667,0,0,0,0
