time_ns,g_eff,u_X1,u_Y1,u_X2,u_Y2
0,2.107773855e-06,0,0,0,0
0.05,2.282867539e-06,0,0,0,0
0.1,2.471517527e-06,0,0,0,0
0.15,2.67468695e-06,0,0,0,0
0.2,2.893400186e-06,0,0,0,0
0.25,3.128746188e-06,0,0,0,0
0.3,3.381881953e-06,0,0,0,0
0.35,3.654036129e-06,0,0,0,0
0.4,3.946512768e-06,0,0,0,0
0.45,4.260695225e-06,0,0,0,0
0.5,4.598050206e-06,0,0,0,0
0.55,4.960131961e-06,0,0,0,0
0.6,5.348586634e-06,0,0,0,0
0.65,5.765156762e-06,0,0,0,0
0.7,6.21168593e-06,0,0,0,0
0.75,6.690123574e-06,0,0,0,0
0.8,7.202529944e-06,0,0,0,0
0.85,7.751081216e-06,0,0,0,0
0.9,8.338074758e-06,0,0,0,0
0.95,8.965934545e-06,0,0,0,0
1,9.637216724e-06,0,0,0,0
1.05,1.035461532e-05,0,0,0,0
1.1,1.112096811e-05,0,0,0,0
1.15,1.193926258e-05,0,0,0,0
1.2,1.281264207e-05,0,0,0,0
1.25,1.374441205e-05,0,0,0,0
1.3,1.473804647e-05,0,0,0,0
1.35,1.579719425e-05,0,0,0,0
1.4,1.692568593e-05,0,0,0,0
1.45,1.81275403e-05,0,0,0,0
1.5,1.940697127e-05,0,0,0,0
1.55,2.07683947e-05,0,0,0,0
1.6,2.221643534e-05,0,0,0,0
1.65,2.375593385e-05,0,0,0,0
1.7,2.539195383e-05,0,0,0,0
1.75,2.712978889e-05,0,0,0,0
1.8,2.897496975e-05,0,0,0,0
1.85,3.093327129e-05,0,0,0,0
1.9,3.301071961e-05,0,0,0,0
1.95,3.521359908e-05,0,0,0,0
2,3.754845925e-05,0,0,0,0
2.05,4.002212177e-05,0,0,0,0
2.1,4.264168711e-05,0,0,0,0
2.15,4.541454124e-05,0,0,0,0
2.2,4.83483621e-05,0,0,0,0
2.25,5.14511259e-05,0,0,0,0
2.3,5.473111323e-05,0,0,0,0
2.35,5.819691494e-05,0,0,0,0
2.4,6.18574377e-05,0,0,0,0
2.45,6.572190934e-05,0,0,0,0
2.5,6.979988383e-05,0,0,0,0
2.55,7.410124586e-05,0,0,0,0
2.6,7.863621511e-05,0,0,0,0
2.65,8.341535002e-05,0,0,0,0
2.7,8.84495511e-05,0,0,0,0
2.75,9.37500638e-05,0,0,0,0
2.8,9.932848078e-05,0,0,0,0
2.85,0.0001051967436,0,0,0,0
2.9,0.0001113671438,0,0,0,0
2.95,0.0001178523236,0,0,0,0
3,0.000124665275,0,0,0,0
3.05,0.0001318193396,0,0,0,0
3.1,0.0001393282062,0,0,0,0
3.15,0.0001472059086,0,0,0,0
3.2,0.000155466822,0,0,0,0
3.25,0.0001641256586,0,0,0,0
3.3,0.0001731974625,0,0,0,0
3.35,0.0001826976034,0,0,0,0
3.4,0.0001926417691,0,0,0,0
3.45,0.0002030459576,0,0,0,0
3.5,0.0002139264673,0,0,0,0
3.55,0.0002252998869,0,0,0,0
3.6,0.0002371830831,0,0,0,0
3.65,0.0002495931882,0,0,0,0
3.7,0.0002625475859,0,0,0,0
3.75,0.0002760638958,0,0,0,0
3.8,0.0002901599566,0,0,0,0
3.85,0.0003048538085,0,0,0,0
3.9,0.0003201636737,0,0,0,0
3.95,0.0003361079356,0,0,0,0
4,0.0003527051171,0,0,0,0
4.05,0.0003699738566,0,0,0,0
4.1,0.000387932884,0,0,0,0
4.15,0.0004066009938,0,0,0,0
4.2,0.0004259970176,0,0,0,0
4.25,0.0004461397953,0,0,0,0
4.3,0.0004670481444,0,0,0,0
4.35,0.0004887408282,0,0,0,0
4.4,0.0005112365226,0,0,0,0
4.45,0.0005345537814,0,0,0,0
4.5,0.0005587110003,0,0,0,0
4.55,0.0005837263799,0,0,0,0
4.6,0.0006096178865,0,0,0,0
4.65,0.0006364032131,0,0,0,0
4.7,0.0006640997376,0,0,0,0
4.75,0.0006927244807,0,0,0,0
4.8,0.000722294063,0,0,0,0
4.85,0.00075282466,0,0,0,0
4.9,0.0007843319571,0,0,0,0
4.95,0.0008168311031,0,0,0,0
5,0.0008503366632,0,0,0,0
5.05,0.0008848625705,0,0,0,0
5.1,0.0009204220781,0,0,0,0
5.15,0.0009570277093,0,0,0,0
5.2,0.0009946912081,0,0,0,0
5.25,0.001033423489,0,0,0,0
5.3,0.001073234586,0,0,0,0
5.35,0.001114133604,0,0,0,0
5.4,0.001156128666,0,0,0,0
5.45,0.001199226861,0,0,0,0
5.5,0.001243434198,0,0,0,0
5.55,0.001288755555,0,0,0,0
5.6,0.001335194623,0,0,0,0
5.65,0.001382753867,0,0,0,0
5.7,0.001431434469,0,0,0,0
5.75,0.001481236284,0,0,0,0
5.8,0.001532157797,0,0,0,0
5.85,0.001584196069,0,0,0,0
5.9,0.001637346701,0,0,0,0
5.95,0.001691603789,0,0,0,0
6,0.001746959881,0,0,0,0
6.05,0.001803405941,0,0,0,0
6.1,0.001860931309,0,0,0,0
6.15,0.001919523669,0,0,0,0
6.2,0.001979169013,0,0,0,0
6.25,0.002039851613,0,0,0,0
6.3,0.00210155399,0,0,0,0
6.35,0.002164256894,0,0,0,0
6.4,0.002227939275,0,0,0,0
6.45,0.00229257827,0,0,0,0
6.5,0.002358149182,0,0,0,0
6.55,0.002424625468,0,0,0,0
6.6,0.002491978732,0,0,0,0
6.65,0.002560178715,0,0,0,0
6.7,0.002629193293,0,0,0,0
6.75,0.002698988482,0,0,0,0
6.8,0.002769528437,0,0,0,0
6.85,0.002840775466,0,0,0,0
6.9,0.00291269004,0,0,0,0
6.95,0.002985230808,0,0,0,0
7,0.003058354623,0,0,0,0
7.05,0.003132016563,0,0,0,0
7.1,0.003206169962,0,0,0,0
7.15,0.003280766442,0,0,0,0
7.2,0.003355755953,0,0,0,0
7.25,0.003431086814,0,0,0,0
7.3,0.003506705758,0,0,0,0
7.35,0.003582557986,0,0,0,0
7.4,0.003658587216,0,0,0,0
7.45,0.00373473575,0,0,0,0
7.5,0.003810944529,0,0,0,0
7.55,0.003887153207,0,0,0,0
7.6,0.003963300217,0,0,0,0
7.65,0.004039322849,0,0,0,0
7.7,0.004115157329,0,0,0,0
7.75,0.004190738898,0,0,0,0
7.8,0.004266001904,0,0,0,0
7.85,0.004340879887,0,0,0,0
7.9,0.004415305671,0,0,0,0
7.95,0.004489211467,0,0,0,0
8,0.004562528961,0,0,0,0
8.05,0.004635189424,0,0,0,0
8.1,0.004707123815,0,0,0,0
8.15,0.004778262881,0,0,0,0
8.2,0.004848537274,0,0,0,0
8.25,0.004917877655,0,0,0,0
8.3,0.004986214808,0,0,0,0
8.35,0.005053479755,0,0,0,0
8.4,0.005119603867,0,0,0,0
8.45,0.005184518983,0,0,0,0
8.5,0.00524815752,0,0,0,0
8.55,0.005310452597,0,0,0,0
8.6,0.005371338145,0,0,0,0
8.65,0.005430749025,0,0,0,0
8.7,0.005488621145,0,0,0,0
8.75,0.005544891572,0,0,0,0
8.8,0.005599498647,0,0,0,0
8.85,0.005652382097,0,0,0,0
8.9,0.005703483146,0,0,0,0
8.95,0.005752744622,0,0,0,0
9,0.005800111064,0,0,0,0
9.05,0.00584552883,0,0,0,0
9.1,0.005888946189,0,0,0,0
9.15,0.005930313429,0,0,0,0
9.2,0.005969582944,0,0,0,0
9.25,0.006006709332,0,0,0,0
9.3,0.006041649474,0,0,0,0
9.35,0.006074362627,0,0,0,0
9.4,0.006104810497,0,0,0,0
9.45,0.006132957313,0,0,0,0
9.5,0.006158769902,0,0,0,0
9.55,0.006182217751,0,0,0,0
9.6,0.006203273065,0,0,0,0
9.65,0.006221910827,0,0,0,0
9.7,0.006238108843,0,0,0,0
9.75,0.00625184779,0,0,0,0
9.8,0.00626311125,0,0,0,0
9.85,0.006271885746,0,0,0,0
9.9,0.006278160769,0,0,0,0
9.95,0.006281928796,0,0,0,0
10,0.006283185307,0,0,0,0
10.05,0.006283185307,0,0,0,0
10.1,0.006283185307,0,0,0,0
10.15,0.006283185307,0,0,0,0
10.2,0.006283185307,0,0,0,0
10.25,0.006283185307,0,0,0,0
10.3,0.006283185307,0,0,0,0
10.35,0.006283185307,0,0,0,0
10.4,0.006283185307,0,0,0,0
10.45,0.006283185307,0,0,0,0
10.5,0.006283185307,0,0,0,0
10.55,0.006283185307,0,0,0,0
10.6,0.006283185307,0,0,0,0
10.65,0.006283185307,0,0,0,0
10.7,0.006283185307,0,0,0,0
10.75,0.006283185307,0,0,0,0
10.8,0.006283185307,0,0,0,0
10.85,0.006283185307,0,0,0,0
10.9,0.006283185307,0,0,0,0
10.95,0.006283185307,0,0,0,0
11,0.006283185307,0,0,0,0
11.05,0.006283185307,0,0,0,0
11.1,0.006283185307,0,0,0,0
11.15,0.006283185307,0,0,0,0
11.2,0.006283185307,0,0,0,0
11.25,0.006283185307,0,0,0,0
11.3,0.006283185307,0,0,0,0
11.35,0.006283185307,0,0,0,0
11.4,0.006283185307,0,0,0,0
11.45,0.006283185307,0,0,0,0
11.5,0.006283185307,0,0,0,0
11.55,0.006283185307,0,0,0,0
11.6,0.006283185307,0,0,0,0
11.65,0.006283185307,0,0,0,0
11.7,0.006283185307,0,0,0,0
11.75,0.006283185307,0,0,0,0
11.8,0.006283185307,0,0,0,0
11.85,0.006283185307,0,0,0,0
11.9,0.006283185307,0,0,0,0
11.95,0.006283185307,0,0,0,0
12,0.006283185307,0,0,0,0
12.05,0.006283185307,0,0,0,0
12.1,0.006283185307,0,0,0,0
12.15,0.006283185307,0,0,0,0
12.2,0.006283185307,0,0,0,0
12.25,0.006283185307,0,0,0,0
12.3,0.006283185307,0,0,0,0
12.35,0.006283185307,0,0,0,0
12.4,0.006283185307,0,0,0,0
12.45,0.006283185307,0,0,0,0
12.5,0.006283185307,0,0,0,0
12.55,0.006283185307,0,0,0,0
12.6,0.006283185307,0,0,0,0
12.65,0.006283185307,0,0,0,0
12.7,0.006283185307,0,0,0,0
12.75,0.006283185307,0,0,0,0
12.8,0.006283185307,0,0,0,0
12.85,0.006283185307,0,0,0,0
12.9,0.006283185307,0,0,0,0
12.95,0.006283185307,0,0,0,0
13,0.006283185307,0,0,0,0
13.05,0.006283185307,0,0,0,0
13.1,0.006283185307,0,0,0,0
13.15,0.006283185307,0,0,0,0
13.2,0.006283185307,0,0,0,0
13.25,0.006283185307,0,0,0,0
13.3,0.006283185307,0,0,0,0
13.35,0.006283185307,0,0,0,0
13.4,0.006283185307,0,0,0,0
13.45,0.006283185307,0,0,0,0
13.5,0.006283185307,0,0,0,0
13.55,0.006283185307,0,0,0,0
13.6,0.006283185307,0,0,0,0
13.65,0.006283185307,0,0,0,0
13.7,0.006283185307,0,0,0,0
13.75,0.006283185307,0,0,0,0
13.8,0.006283185307,0,0,0,0
13.85,0.006283185307,0,0,0,0
13.9,0.006283185307,0,0,0,0
13.95,0.006283185307,0,0,0,0
14,0.006283185307,0,0,0,0
14.05,0.006283185307,0,0,0,0
14.1,0.006283185307,0,0,0,0
14.15,0.006283185307,0,0,0,0
14.2,0.006283185307,0,0,0,0
14.25,0.006283185307,0,0,0,0
14.3,0.006283185307,0,0,0,0
14.35,0.006283185307,0,0,0,0
14.4,0.006283185307,0,0,0,0
14.45,0.006283185307,0,0,0,0
14.5,0.006283185307,0,0,0,0
14.55,0.006283185307,0,0,0,0
14.6,0.006283185307,0,0,0,0
14.65,0.006283185307,0,0,0,0
14.7,0.006283185307,0,0,0,0
14.75,0.006283185307,0,0,0,0
14.8,0.006283185307,0,0,0,0
14.85,0.006283185307,0,0,0,0
14.9,0.006283185307,0,0,0,0
14.95,0.006283185307,0,0,0,0
15,0.006283185307,0,0,0,0
15.05,0.006283185307,0,0,0,0
15.1,0.006283185307,0,0,0,0
15.15,0.006283185307,0,0,0,0
15.2,0.006283185307,0,0,0,0
15.25,0.006283185307,0,0,0,0
15.3,0.006283185307,0,0,0,0
15.35,0.006283185307,0,0,0,0
15.4,0.006283185307,0,0,0,0
15.45,0.006283185307,0,0,0,0
15.5,0.006283185307,0,0,0,0
15.55,0.006283185307,0,0,0,0
15.6,0.006283185307,0,0,0,0
15.65,0.006283185307,0,0,0,0
15.7,0.006283185307,0,0,0,0
15.75,0.006283185307,0,0,0,0
15.8,0.006283185307,0,0,0,0
15.85,0.006283185307,0,0,0,0
15.9,0.006283185307,0,0,0,0
15.95,0.006283185307,0,0,0,0
16,0.006283185307,0,0,0,0
16.05,0.006283185307,0,0,0,0
16.1,0.006283185307,0,0,0,0
16.15,0.006283185307,0,0,0,0
16.2,0.006283185307,0,0,0,0
16.25,0.006283185307,0,0,0,0
16.3,0.006283185307,0,0,0,0
16.35,0.006283185307,0,0,0,0
16.4,0.006283185307,0,0,0,0
16.45,0.006283185307,0,0,0,0
16.5,0.006283185307,0,0,0,0
16.55,0.006283185307,0,0,0,0
16.6,0.006283185307,0,0,0,0
16.65,0.006283185307,0,0,0,0
16.7,0.006283185307,0,0,0,0
16.75,0.006283185307,0,0,0,0
16.8,0.006283185307,0,0,0,0
16.85,0.006283185307,0,0,0,0
16.9,0.006283185307,0,0,0,0
16.95,0.006283185307,0,0,0,0
17,0.006283185307,0,0,0,0
17.05,0.006283185307,0,0,0,0
17.1,0.006283185307,0,0,0,0
17.15,0.006283185307,0,0,0,0
17.2,0.006283185307,0,0,0,0
17.25,0.006283185307,0,0,0,0
17.3,0.006283185307,0,0,0,0
17.35,0.006283185307,0,0,0,0
17.4,0.006283185307,0,0,0,0
17.45,0.006283185307,0,0,0,0
17.5,0.006283185307,0,0,0,0
17.55,0.006283185307,0,0,0,0
17.6,0.006283185307,0,0,0,0
17.65,0.006283185307,0,0,0,0
17.7,0.006283185307,0,0,0,0
17.75,0.006283185307,0,0,0,0
17.8,0.006283185307,0,0,0,0
17.85,0.006283185307,0,0,0,0
17.9,0.006283185307,0,0,0,0
17.95,0.006283185307,0,0,0,0
18,0.006283185307,0,0,0,0
18.05,0.006283185307,0,0,0,0
18.1,0.006283185307,0,0,0,0
18.15,0.006283185307,0,0,0,0
18.2,0.006283185307,0,0,0,0
18.25,0.006283185307,0,0,0,0
18.3,0.006283185307,0,0,0,0
18.35,0.006283185307,0,0,0,0
18.4,0.006283185307,0,0,0,0
18.45,0.006283185307,0,0,0,0
18.5,0.006283185307,0,0,0,0
18.55,0.006283185307,0,0,0,0
18.6,0.006283185307,0,0,0,0
18.65,0.006283185307,0,0,0,0
18.7,0.006283185307,0,0,0,0
18.75,0.006283185307,0,0,0,0
18.8,0.006283185307,0,0,0,0
18.85,0.006283185307,0,0,0,0
18.9,0.006283185307,0,0,0,0
18.95,0.006283185307,0,0,0,0
19,0.006283185307,0,0,0,0
19.05,0.006283185307,0,0,0,0
19.1,0.006283185307,0,0,0,0
19.15,0.006283185307,0,0,0,0
19.2,0.006283185307,0,0,0,0
19.25,0.006283185307,0,0,0,0
19.3,0.006283185307,0,0,0,0
19.35,0.006283185307,0,0,0,0
19.4,0.006283185307,0,0,0,0
19.45,0.006283185307,0,0,0,0
19.5,0.006283185307,0,0,0,0
19.55,0.006283185307,0,0,0,0
19.6,0.006283185307,0,0,0,0
19.65,0.006283185307,0,0,0,0
19.7,0.006283185307,0,0,0,0
19.75,0.006283185307,0,0,0,0
19.8,0.006283185307,0,0,0,0
19.85,0.006283185307,0,0,0,0
19.9,0.006283185307,0,0,0,0
19.95,0.006283185307,0,0,0,0
20,0.006283185307,0,0,0,0
20.05,0.006283185307,8.223525537e-06,-1.030830243e-06,-7.719712636e-06,2.563961589e-07
20.1,0.006283185307,3.274783358e-05,-4.108951208e-06,-3.072710816e-05,9.990830724e-07
20.15,0.006283185307,7.33535213e-05,-9.21280825e-06,-6.879457299e-05,2.188308396e-06
20.2,0.006283185307,0.0001298211858,-1.632084672e-05,-0.0001216944936,3.784319786e-06
20.25,0.006283185307,0.0002019314243,-2.541151199e-05,-0.0001891992563,5.747364896e-06
20.3,0.006283185307,0.000289464834,-3.646324939e-05,-0.0002710812476,8.037691383e-06
20.35,0.006283185307,0.0003922020119,-4.945450428e-05,-0.0003671128538,1.06155469e-05
20.4,0.006283185307,0.0005099235553,-6.436372203e-05,-0.0004770664616,1.344117911e-05
20.45,0.006283185307,0.0006424100613,-8.116934799e-05,-0.0006007144571,1.647483566e-05
20.5,0.006283185307,0.000789442127,-9.98498275e-05,-0.0007378292269,1.967676421e-05
20.55,0.006283185307,0.0009508003496,-0.0001203836059,-0.0008881831574,2.300721241e-05
20.6,0.006283185307,0.001126265326,-0.0001427491286,-0.001051548635,2.642642792e-05
20.65,0.006283185307,0.001315617654,-0.000166924841,-0.001227698046,2.98946584e-05
20.7,0.006283185307,0.001518637931,-0.0001928891883,-0.001416403777,3.337215149e-05
20.75,0.006283185307,0.001735106752,-0.0002206206159,-0.001617438215,3.681915487e-05
20.8,0.006283185307,0.001964804717,-0.0002500975692,-0.001830573745,4.019591617e-05
20.85,0.006283185307,0.002207512421,-0.0002812984936,-0.002055582755,4.346268306e-05
20.9,0.006283185307,0.002463010463,-0.0003142018344,-0.00229223763,4.657970319e-05
20.95,0.006283185307,0.002731079438,-0.0003487860369,-0.002540310757,4.950722422e-05
21,0.006283185307,0.003011499945,-0.0003850295465,-0.002799574523,5.220549381e-05
21.05,0.006283185307,0.00330405258,-0.0004229108086,-0.003069801313,5.46347596e-05
21.1,0.006283185307,0.003608517941,-0.0004624082685,-0.003350763515,5.675526925e-05
21.15,0.006283185307,0.003924676625,-0.0005035003716,-0.003642233515,5.852727043e-05
21.2,0.006283185307,0.004252309228,-0.0005461655632,-0.003943983699,5.991101078e-05
21.25,0.006283185307,0.004591196349,-0.0005903822887,-0.004255786453,6.086673796e-05
21.3,0.006283185307,0.004941118584,-0.0006361289934,-0.004577414165,6.135469963e-05
21.35,0.006283185307,0.00530185653,-0.0006833841227,-0.004908639219,6.133514344e-05
21.4,0.006283185307,0.005673190785,-0.0007321261219,-0.005249234004,6.076831704e-05
21.45,0.006283185307,0.006054901946,-0.0007823334365,-0.005598970905,5.96144681e-05
21.5,0.006283185307,0.006446770609,-0.0008339845117,-0.005957622309,5.783384427e-05
21.55,0.006283185307,0.006848577373,-0.0008870577929,-0.006324960602,5.53866932e-05
21.6,0.006283185307,0.007260102833,-0.0009415317255,-0.00670075817,5.223326254e-05
21.65,0.006283185307,0.007681127588,-0.0009973847548,-0.007084787401,4.833379997e-05
21.7,0.006283185307,0.008111432235,-0.001054595326,-0.00747682068,4.364855312e-05
21.75,0.006283185307,0.00855079737,-0.001113141885,-0.007876630393,3.813776966e-05
21.8,0.006283185307,0.008999003591,-0.001173002877,-0.008283988928,3.176169723e-05
21.85,0.006283185307,0.009455831494,-0.001234156746,-0.008698668671,2.448058351e-05
21.9,0.006283185307,0.009921061678,-0.00129658194,-0.009120442008,1.625467613e-05
21.95,0.006283185307,0.01039447474,-0.001360256902,-0.009549081325,7.044222766e-06
22,0.006283185307,0.01087585128,-0.001425160078,-0.009984359009,-3.190528939e-06
22.05,0.006283185307,0.01136497188,-0.001491269914,-0.01042604745,-1.448933133e-05
22.1,0.006283185307,0.01186161716,-0.001558564854,-0.01087391902,-2.689193674e-05
22.15,0.006283185307,0.0123655677,-0.001627023345,-0.01132774613,-4.043809752e-05
22.2,0.006283185307,0.0128766041,-0.001696623832,-0.01178730114,-5.516756602e-05
22.25,0.006283185307,0.01339450697,-0.00176734476,-0.01225235646,-7.112009458e-05
22.3,0.006283185307,0.01391905689,-0.001839164574,-0.01272268446,-8.833543555e-05
22.35,0.006283185307,0.01445003447,-0.001912061719,-0.01319805753,-0.0001068533413
22.4,0.006283185307,0.0149872203,-0.001986014642,-0.01367824806,-0.0001267135641
22.45,0.006283185307,0.01553039498,-0.002061001787,-0.01416302844,-0.0001479558563
22.5,0.006283185307,0.0160793391,-0.0021370016,-0.01465217104,-0.0001706199703
22.55,0.006283185307,0.01663383326,-0.002213992526,-0.01514544827,-0.0001947456585
22.6,0.006283185307,0.01719365807,-0.00229195301,-0.0156426325,-0.0002203726731
22.65,0.006283185307,0.01775859412,-0.002370861498,-0.01614349612,-0.0002475407666
22.7,0.006283185307,0.01832842199,-0.002450696436,-0.01664781151,-0.0002762896912
22.75,0.006283185307,0.01890292231,-0.002531436267,-0.01715535107,-0.0003066591993
22.8,0.006283185307,0.01948187564,-0.002613059439,-0.01766588718,-0.0003386890432
22.85,0.006283185307,0.02006506261,-0.002695544396,-0.01817919222,-0.0003724189754
22.9,0.006283185307,0.0206522638,-0.002778869584,-0.01869503859,-0.0004078887481
22.95,0.006283185307,0.02124325981,-0.002863013447,-0.01921319867,-0.0004451381137
23,0.006283185307,0.02183783123,-0.002947954432,-0.01973344484,-0.0004842068245
23.05,0.006283185307,0.02243575868,-0.003033670984,-0.02025554949,-0.0005251346329
23.1,0.006283185307,0.02303682273,-0.003120141547,-0.02077928501,-0.0005679612911
23.15,0.006283185307,0.02364080399,-0.003207344568,-0.02130442379,-0.0006127265517
23.2,0.006283185307,0.02424748306,-0.003295258491,-0.02183073821,-0.0006594701669
23.25,0.006283185307,0.02485664053,-0.003383861763,-0.02235800065,-0.000708231889
23.3,0.006283185307,0.025468057,-0.003473132828,-0.02288598351,-0.0007590514704
23.35,0.006283185307,0.02608151307,-0.003563050132,-0.02341445917,-0.0008119686634
23.4,0.006283185307,0.02669678934,-0.00365359212,-0.02394320001,-0.0008670232205
23.45,0.006283185307,0.02731366639,-0.003744737237,-0.02447197843,-0.0009242548938
23.5,0.006283185307,0.02793192484,-0.00383646393,-0.02500056681,-0.0009837034359
23.55,0.006283185307,0.02855134527,-0.003928750642,-0.02552873753,-0.001045408599
23.6,0.006283185307,0.02917170828,-0.00402157582,-0.02605626299,-0.001109410135
23.65,0.006283185307,0.02979279448,-0.004114917909,-0.02658291557,-0.001175747797
23.7,0.006283185307,0.03041438445,-0.004208755354,-0.02710846765,-0.001244461338
23.75,0.006283185307,0.0310362588,-0.004303066601,-0.02763269162,-0.001315590508
23.8,0.006283185307,0.03165819812,-0.004397830095,-0.02815535987,-0.001389175062
23.85,0.006283185307,0.03227998301,-0.004493024281,-0.02867624479,-0.00146525475
23.9,0.006283185307,0.03290139407,-0.004588627605,-0.02919511875,-0.001543869326
23.95,0.006283185307,0.03352221189,-0.004684618512,-0.02971175416,-0.001625058541
24,0.006283185307,0.03414221707,-0.004780975447,-0.03022592339,-0.001708862149
24.05,0.006283185307,0.0347611902,-0.004877676856,-0.03073739882,-0.001795319901
24.1,0.006283185307,0.0353789119,-0.004974701184,-0.03124595286,-0.00188447155
24.15,0.006283185307,0.03599516274,-0.005072026877,-0.03175135788,-0.001976356848
24.2,0.006283185307,0.03660972333,-0.005169632379,-0.03225338626,-0.002071015548
24.25,0.006283185307,0.03722237427,-0.005267496136,-0.03275181041,-0.002168487401
24.3,0.006283185307,0.03783289616,-0.005365596595,-0.03324640269,-0.002268812161
24.35,0.006283185307,0.03844106958,-0.005463912198,-0.03373693551,-0.002372029579
24.4,0.006283185307,0.03904667515,-0.005562421394,-0.03422318124,-0.002478179408
24.45,0.006283185307,0.03964949344,-0.005661102625,-0.03470491227,-0.002587301401
24.5,0.006283185307,0.04024930507,-0.005759934339,-0.03518190099,-0.002699435309
24.55,0.006283185307,0.04084589063,-0.00585889498,-0.03565391978,-0.002814620884
24.6,0.006283185307,0.04143903072,-0.005957962994,-0.03612074103,-0.00293289788
24.65,0.006283185307,0.04202850593,-0.006057116825,-0.03658213714,-0.003054306049
24.7,0.006283185307,0.04261409686,-0.00615633492,-0.03703788047,-0.003178885142
24.75,0.006283185307,0.0431955841,-0.006255595724,-0.03748774343,-0.003306674913
24.8,0.006283185307,0.04377274827,-0.006354877682,-0.03793149839,-0.003437715114
24.85,0.006283185307,0.04434536994,-0.006454159239,-0.03836891774,-0.003572045496
24.9,0.006283185307,0.04491322973,-0.006553418841,-0.03879977388,-0.003709705813
24.95,0.006283185307,0.04547610822,-0.006652634933,-0.03922383918,-0.003850735816
25,0.006283185307,0.04603378601,-0.00675178596,-0.03964088603,-0.003995175259
25.05,0.006283185307,0.04658604371,-0.006850850369,-0.04005068682,-0.004143063893
25.1,0.006283185307,0.0471326619,-0.006949806603,-0.04045301394,-0.00429444147
25.15,0.006283185307,0.04767342119,-0.00704863311,-0.04084763977,-0.004449347744
25.2,0.006283185307,0.04820810217,-0.007147308333,-0.04123433669,-0.004607822466
25.25,0.006283185307,0.04873648545,-0.007245810718,-0.0416128771,-0.004769905388
25.3,0.006283185307,0.0492583516,-0.007344118711,-0.04198303339,-0.004935636264
25.35,0.006283185307,0.04977348124,-0.007442210757,-0.04234457792,-0.005105054845
25.4,0.006283185307,0.05028165497,-0.007540065301,-0.04269728311,-0.005278200884
25.45,0.006283185307,0.05078265337,-0.007637660789,-0.04304092132,-0.005455114133
25.5,0.006283185307,0.05127625704,-0.007734975666,-0.04337526495,-0.005635834345
25.55,0.006283185307,0.05176224659,-0.007831988377,-0.04370008638,-0.005820401271
25.6,0.006283185307,0.05224040261,-0.007928677368,-0.044015158,-0.006008854664
25.65,0.006283185307,0.0527105057,-0.008025021085,-0.0443202522,-0.006201234277
25.7,0.006283185307,0.05317233644,-0.008120997971,-0.04461514136,-0.006397579862
25.75,0.006283185307,0.05362567545,-0.008216586474,-0.04489959786,-0.006597931171
25.8,0.006283185307,0.05407030332,-0.008311765037,-0.04517339411,-0.006802327956
25.85,0.006283185307,0.05450600065,-0.008406512107,-0.04543630247,-0.007010809971
25.9,0.006283185307,0.05493254802,-0.008500806129,-0.04568809534,-0.007223416966
25.95,0.006283185307,0.05534972605,-0.008594625548,-0.04592854511,-0.007440188695
26,0.006283185307,0.05575731532,-0.00868794881,-0.04615742415,-0.00766116491
26.05,0.006283185307,0.05615509644,-0.00878075436,-0.04637450487,-0.007886385363
26.1,0.006283185307,0.05654284999,-0.008873020643,-0.04657955964,-0.008115889807
26.15,0.006283185307,0.05692035659,-0.008964726105,-0.04677236084,-0.008349717994
26.2,0.006283185307,0.05728739682,-0.00905584919,-0.04695268088,-0.008587909676
26.25,0.006283185307,0.05764375129,-0.009146368345,-0.04712029212,-0.008830504606
26.3,0.006283185307,0.05798920058,-0.009236262015,-0.04727496697,-0.009077542535
26.35,0.006283185307,0.0583235253,-0.009325508645,-0.0474164778,-0.009329063217
26.4,0.006283185307,0.05864650605,-0.00941408668,-0.04754459701,-0.009585106404
26.45,0.006283185307,0.05895792341,-0.009501974566,-0.04765909697,-0.009845711847
26.5,0.006283185307,0.059257558,-0.009589150748,-0.04775975008,-0.0101109193
26.55,0.006283185307,0.0595451904,-0.009675593672,-0.04784632871,-0.01038076851
26.6,0.006283185307,0.05982060121,-0.009761281782,-0.04791860527,-0.01065529924
26.65,0.006283185307,0.06008357103,-0.009846193525,-0.04797635213,-0.01093455124
26.7,0.006283185307,0.06033388046,-0.009930307345,-0.04801934168,-0.01121856425
26.75,0.006283185307,0.0605713101,-0.01001360169,-0.04804734631,-0.01150737804
26.8,0.006283185307,0.06079564053,-0.010096055,-0.0480601384,-0.01180103235
26.85,0.006283185307,0.06100665236,-0.01017764572,-0.04805749034,-0.01209956693
26.9,0.006283185307,0.06120412619,-0.01025835231,-0.04803917452,-0.01240302154
26.95,0.006283185307,0.06138784262,-0.0103381532,-0.04800496332,-0.01271143593
27,0.006283185307,0.06155758223,-0.01041702683,-0.04795462913,-0.01302484986
27.05,0.006283185307,0.06171312563,-0.01049495167,-0.04788794434,-0.01334330307
27.1,0.006283185307,0.06185425341,-0.01057190614,-0.04780468132,-0.01366683532
27.15,0.006283185307,0.06198074618,-0.0106478687,-0.04770461248,-0.01399548636
27.2,0.006283185307,0.06209238452,-0.01072281779,-0.04758751019,-0.01432929594
27.25,0.006283185307,0.06218894904,-0.01079673186,-0.04745314684,-0.01466830381
27.3,0.006283185307,0.06227022033,-0.01086958934,-0.04730129482,-0.01501254973
27.35,0.006283185307,0.06233597899,-0.0109413687,-0.04713172652,-0.01536207345
27.4,0.006283185307,0.06238600562,-0.01101204837,-0.04694421431,-0.01571691472
27.45,0.006283185307,0.06242008082,-0.01108160679,-0.04673853059,-0.0160771133
27.5,0.006283185307,0.06243798517,-0.01115002242,-0.04651444775,-0.01644270893
27.55,0.006283185307,0.06243949929,-0.0112172737,-0.04627173816,-0.01681374137
27.6,0.006283185307,0.06242440376,-0.01128333907,-0.04601017422,-0.01719025037
27.65,0.006283185307,0.06239247918,-0.01134819698,-0.04572952831,-0.01757227569
27.7,0.006283185307,0.06234350615,-0.01141182588,-0.04542957283,-0.01795985707
27.75,0.006283185307,0.06227726527,-0.01147420421,-0.04511008015,-0.01835303427
27.8,0.006283185307,0.06219353714,-0.01153531041,-0.04477082265,-0.01875184704
27.85,0.006283185307,0.06209210234,-0.01159512293,-0.04441157274,-0.01915633513
27.9,0.006283185307,0.06197274149,-0.01165362022,-0.0440321028,-0.0195665383
27.95,0.006283185307,0.06183523517,-0.01171078071,-0.0436321852,-0.01998249629
28,0.006283185307,0.06167936398,-0.01176658287,-0.04321159234,-0.02040424886
28.05,0.006283185307,0.06150490853,-0.01182100513,-0.04277009661,-0.02083183577
28.1,0.006283185307,0.0613116494,-0.01187402593,-0.04230747038,-0.02126529676
28.15,0.006283185307,0.0610993672,-0.01192562373,-0.04182348606,-0.02170467158
28.2,0.006283185307,0.06086784251,-0.01197577697,-0.04131791601,-0.02215
28.25,0.006283185307,0.06061685595,-0.01202446409,-0.04079053264,-0.02260132176
28.3,0.006283185307,0.0603461881,-0.01207166354,-0.04024110832,-0.02305867661
28.35,0.006283185307,0.06005561957,-0.01211735376,-0.03966941545,-0.0235221043
28.4,0.006283185307,0.05974493095,-0.0121615132,-0.0390752264,-0.0239916446
28.45,0.006283185307,0.05941390283,-0.01220412031,-0.03845831357,-0.02446733725
28.5,0.006283185307,0.05906231582,-0.01224515353,-0.03781844934,-0.024949222
28.55,0.006283185307,0.05868995051,-0.0122845913,-0.0371554061,-0.0254373386
28.6,0.006283185307,0.0582965875,-0.01232241208,-0.03646895623,-0.02593172681
28.65,0.006283185307,0.05788200738,-0.0123585943,-0.03575887213,-0.02643242639
28.7,0.006283185307,0.05744599076,-0.01239311641,-0.03502492617,-0.02693947707
28.75,0.006283185307,0.05698831823,-0.01242595686,-0.03426689075,-0.02745291862
28.8,0.006283185307,0.05650877039,-0.0124570941,-0.03348453824,-0.02797279079
28.85,0.006283185307,0.05600712783,-0.01248650656,-0.03267764105,-0.02849913332
28.9,0.006283185307,0.05548317115,-0.01251417269,-0.03184597154,-0.02903198598
28.95,0.006283185307,0.05493668095,-0.01254007094,-0.03098930212,-0.02957138852
29,0.006283185307,0.05436743783,-0.01256417976,-0.03010740516,-0.03011738068
29.05,0.006283185307,0.05377522238,-0.01258647758,-0.02920005306,-0.03067000221
29.1,0.006283185307,0.0531598152,-0.01260694286,-0.02826701819,-0.03122929288
29.15,0.006283185307,0.05252099689,-0.01262555404,-0.02730807295,-0.03179529244
29.2,0.006283185307,0.05185854805,-0.01264228957,-0.02632298972,-0.03236804063
29.25,0.006283185307,0.05117224926,-0.01265712788,-0.02531154089,-0.0329475772
29.3,0.006283185307,0.05046188114,-0.01267004743,-0.02427349884,-0.03353394192
29.35,0.006283185307,0.04972722427,-0.01268102667,-0.02320863597,-0.03412717453
29.4,0.006283185307,0.04896805925,-0.01269004403,-0.02211672465,-0.03472731479
29.45,0.006283185307,0.04818416669,-0.01269707796,-0.02099753728,-0.03533440244
29.5,0.006283185307,0.04737532717,-0.01270210691,-0.01985084623,-0.03594847725
29.55,0.006283185307,0.0465413213,-0.01270510932,-0.0186764239,-0.03656957895
29.6,0.006283185307,0.04568192967,-0.01270606364,-0.01747404268,-0.03719774732
29.65,0.006283185307,0.04479693288,-0.01270494831,-0.01624347495,-0.03783302208
29.7,0.006283185307,0.04388611153,-0.01270174178,-0.01498449309,-0.03847544301
29.75,0.006283185307,0.04294924621,-0.0126964225,-0.01369686949,-0.03912504985
29.8,0.006283185307,0.04198611752,-0.01268896891,-0.01238037654,-0.03978188235
29.85,0.006283185307,0.04099650606,-0.01267935945,-0.01103478663,-0.04044598027
29.9,0.006283185307,0.03998019242,-0.01266757257,-0.009659872142,-0.04111738336
29.95,0.006283185307,0.0389369572,-0.01265358671,-0.008255405459,-0.04179613137
30,0.006283185307,0.03786658101,-0.01263738033,-0.006821158971,-0.04248226406
30.05,0.006283185307,0.03676884443,-0.01261893187,-0.005356905064,-0.04317582116
30.1,0.006283185307,0.03564352806,-0.01259821976,-0.003862416125,-0.04387684245
30.15,0.006283185307,0.03449041251,-0.01257522246,-0.002337464539,-0.04458536767
30.2,0.006283185307,0.03330927836,-0.01254991842,-0.000781822693,-0.04530143657
30.25,0.006283185307,0.03209990622,-0.01252228607,0.0008047370261,-0.04602508891
30.3,0.006283185307,0.03086207668,-0.01249230387,0.002422442232,-0.04675636443
30.35,0.006283185307,0.02959557034,-0.01245995025,0.004071520539,-0.04749530289
30.4,0.006283185307,0.02830016779,-0.01242520367,0.005752199559,-0.04824194405
30.45,0.006283185307,0.02697564964,-0.01238804257,0.007464706908,-0.04899632765
30.5,0.006283185307,0.02562179648,-0.01234844539,0.009209270198,-0.04975849344
30.55,0.006283185307,0.02423838891,-0.01230639058,0.01098611704,-0.05052848119
30.6,0.006283185307,0.02282520753,-0.01226185659,0.01279547506,-0.05130633064
30.65,0.006283185307,0.02138203292,-0.01221482185,0.01463757185,-0.05209208154
30.7,0.006283185307,0.0199086457,-0.01216526483,0.01651263504,-0.05288577365
30.75,0.006283185307,0.01840482645,-0.01211316395,0.01842089224,-0.05368744671
30.8,0.006283185307,0.01687035578,-0.01205849767,0.02036257106,-0.05449714049
30.85,0.006283185307,0.01530835699,-0.01200167314,0.0223328365,-0.05531243779
30.9,0.006283185307,0.01376206965,-0.01194823402,0.02426619208,-0.05610153804
30.95,0.006283185307,0.01224465658,-0.01189984862,0.02614289636,-0.05685496534
31,0.006283185307,0.01075591064,-0.01185646848,0.02796348089,-0.05757309652
31.05,0.006283185307,0.009295624679,-0.01181804509,0.02972847722,-0.05825630841
31.1,0.006283185307,0.007863591562,-0.01178452998,0.03143841691,-0.05890497784
31.15,0.006283185307,0.006459604146,-0.01175587465,0.03309383153,-0.05951948164
31.2,0.006283185307,0.005083455288,-0.01173203062,0.03469525261,-0.06010019664
31.25,0.006283185307,0.003734937849,-0.01171294939,0.03624321174,-0.06064749967
31.3,0.006283185307,0.002413844684,-0.01169858249,0.03773824044,-0.06116176756
31.35,0.006283185307,0.001119968654,-0.01168888142,0.0391808703,-0.06164337713
31.4,0.006283185307,-0.0001468973836,-0.01168379769,0.04057163286,-0.06209270523
31.45,0.006283185307,-0.001386960571,-0.01168328282,0.04191105967,-0.06251012867
31.5,0.006283185307,-0.00260042805,-0.01168728831,0.0431996823,-0.06289602429
31.55,0.006283185307,-0.003787506961,-0.01169576569,0.0444380323,-0.06325076892
31.6,0.006283185307,-0.004948404447,-0.01170866646,0.04562664123,-0.06357473938
31.65,0.006283185307,-0.00608332765,-0.01172594213,0.04676604065,-0.06386831252
31.7,0.006283185307,-0.007192483711,-0.01174754422,0.0478567621,-0.06413186514
31.75,0.006283185307,-0.008276079772,-0.01177342424,0.04889933716,-0.0643657741
31.8,0.006283185307,-0.009334322974,-0.0118035337,0.04989429737,-0.06457041621
31.85,0.006283185307,-0.01036742046,-0.01183782411,0.05084217429,-0.0647461683
31.9,0.006283185307,-0.01137557937,-0.01187624698,0.05174349947,-0.06489340721
31.95,0.006283185307,-0.01235900685,-0.01191875383,0.05259880449,-0.06501250977
32,0.006283185307,-0.01331791003,-0.01196529617,0.05340862088,-0.0651038528
32.05,0.006283185307,-0.01425249607,-0.01201582552,0.05417348021,-0.06516781313
32.1,0.006283185307,-0.0151629721,-0.01207029337,0.05489391404,-0.0652047676
32.15,0.006283185307,-0.01604954526,-0.01212865125,0.05557045392,-0.06521509303
32.2,0.006283185307,-0.0169124227,-0.01219085066,0.0562036314,-0.06519916625
32.25,0.006283185307,-0.01775181155,-0.01225684313,0.05679397805,-0.0651573641
32.3,0.006283185307,-0.01856791897,-0.01232658015,0.05734202542,-0.0650900634
32.35,0.006283185307,-0.01936095208,-0.01240001325,0.05784830506,-0.06499764098
32.4,0.006283185307,-0.02013111804,-0.01247709393,0.05831334854,-0.06488047368
32.45,0.006283185307,-0.02087862398,-0.01255777371,0.05873768742,-0.06473893831
32.5,0.006283185307,-0.02160367704,-0.0126420041,0.05912185323,-0.06457341172
32.55,0.006283185307,-0.02230648438,-0.01272973661,0.05946637756,-0.06438427073
32.6,0.006283185307,-0.02298725312,-0.01282092275,0.05977179194,-0.06417189217
32.65,0.006283185307,-0.02364619042,-0.01291551404,0.06003862794,-0.06393665287
32.7,0.006283185307,-0.0242835034,-0.01301346198,0.06026741711,-0.06367892965
32.75,0.006283185307,-0.02489939922,-0.0131147181,0.06045869101,-0.06339909936
32.8,0.006283185307,-0.02549408502,-0.01321923389,0.0606129812,-0.06309753882
32.85,0.006283185307,-0.02606776794,-0.01332696088,0.06073081924,-0.06277462486
32.9,0.006283185307,-0.02662065511,-0.01343785057,0.06081273667,-0.0624307343
32.95,0.006283185307,-0.02715295369,-0.01355185448,0.06085926506,-0.06206624399
33,0.006283185307,-0.02766487081,-0.01366892412,0.06087093596,-0.06168153074
33.05,0.006283185307,-0.02815661361,-0.01378901101,0.06084828093,-0.06127697139
33.1,0.006283185307,-0.02862838925,-0.01391206664,0.06079183153,-0.06085294277
33.15,0.006283185307,-0.02908040485,-0.01403804254,0.06070211932,-0.06040982171
33.2,0.006283185307,-0.02951286756,-0.01416689022,0.06057967584,-0.05994798503
33.25,0.006283185307,-0.02992598452,-0.01429856119,0.06042503266,-0.05946780957
33.3,0.006283185307,-0.03031996287,-0.01443300695,0.06023872133,-0.05896967215
33.35,0.006283185307,-0.03069500976,-0.01457017904,0.06002127341,-0.05845394961
33.4,0.006283185307,-0.03105133233,-0.01471002894,0.05977322045,-0.05792101878
33.45,0.006283185307,-0.03138913772,-0.01485250819,0.05949509402,-0.05737125648
33.5,0.006283185307,-0.03170863306,-0.01499756829,0.05918742567,-0.05680503955
33.55,0.006283185307,-0.03201002551,-0.01514516074,0.05885074696,-0.05622274481
33.6,0.006283185307,-0.0322935222,-0.01529523707,0.05848558943,-0.05562474909
33.65,0.006283185307,-0.03255933028,-0.01544774879,0.05809248466,-0.05501142923
33.7,0.006283185307,-0.03280765689,-0.0156026474,0.05767196419,-0.05438316206
33.75,0.006283185307,-0.03303870916,-0.01575988443,0.05722455958,-0.05374032439
33.8,0.006283185307,-0.03325269425,-0.01591941137,0.0567508024,-0.05308329307
33.85,0.006283185307,-0.03344981929,-0.01608117975,0.05625122419,-0.05241244493
33.9,0.006283185307,-0.03363029142,-0.01624514108,0.05572635651,-0.05172815678
33.95,0.006283185307,-0.03379431779,-0.01641124686,0.05517673091,-0.05103080547
34,0.006283185307,-0.03394210553,-0.01657944862,0.05460287897,-0.05032076782
34.05,0.006283185307,-0.0340738618,-0.01674969786,0.05400533222,-0.04959842066
34.1,0.006283185307,-0.03418979373,-0.01692194609,0.05338462224,-0.04886414082
34.15,0.006283185307,-0.03429010846,-0.01709614482,0.05274128057,-0.04811830513
34.2,0.006283185307,-0.03437501313,-0.01727224558,0.05207583877,-0.04736129043
34.25,0.006283185307,-0.03444471489,-0.01745019986,0.0513888284,-0.04659347353
34.3,0.006283185307,-0.03449942088,-0.01762995919,0.05068078102,-0.04581523127
34.35,0.006283185307,-0.03453933824,-0.01781147507,0.04995222817,-0.04502694049
34.4,0.006283185307,-0.03456467411,-0.01799469902,0.04920370143,-0.044228978
34.45,0.006283185307,-0.03457563563,-0.01817958255,0.04843573234,-0.04342172064
34.5,0.006283185307,-0.03457242995,-0.01836607716,0.04764885246,-0.04260554524
34.55,0.006283185307,-0.03455526421,-0.01855413438,0.04684359335,-0.04178082863
34.6,0.006283185307,-0.03452434554,-0.01874370571,0.04602048656,-0.04094794763
34.65,0.006283185307,-0.0344798811,-0.01893474267,0.04518006365,-0.04010727909
34.7,0.006283185307,-0.03442207801,-0.01912719677,0.04432285618,-0.03925919982
34.75,0.006283185307,-0.03435114343,-0.01932101952,0.04344939571,-0.03840408666
34.8,0.006283185307,-0.0342672845,-0.01951616244,0.04256021379,-0.03754231643
34.85,0.006283185307,-0.03417070835,-0.01971257702,0.04165584197,-0.03667426597
34.9,0.006283185307,-0.03406162213,-0.0199102148,0.04073681182,-0.03580031211
34.95,0.006283185307,-0.03394023298,-0.02010902727,0.03980365489,-0.03492083167
35,0.006283185307,-0.03380674805,-0.02030896595,0.03885690274,-0.03403620149
35.05,0.006283185307,-0.03366137447,-0.02050998236,0.03789708692,-0.03314679839
35.1,0.006283185307,-0.03350431938,-0.020712028,0.03692473899,-0.03225299921
35.15,0.006283185307,-0.03333578993,-0.02091505438,0.03594039051,-0.03135518078
35.2,0.006283185307,-0.03315599326,-0.02111901303,0.03494457304,-0.03045371991
35.25,0.006283185307,-0.03296513652,-0.02132385545,0.03393781812,-0.02954899345
35.3,0.006283185307,-0.03276342683,-0.02152953315,0.03292065732,-0.02864137823
35.35,0.006283185307,-0.03255107135,-0.02173599764,0.0318936222,-0.02773125107
35.4,0.006283185307,-0.03232827722,-0.02194320045,0.0308572443,-0.0268189888
35.45,0.006283185307,-0.03209525157,-0.02215109307,0.02981205519,-0.02590496825
35.5,0.006283185307,-0.03185220155,-0.02235962702,0.02875858643,-0.02498956626
35.55,0.006283185307,-0.03159933431,-0.02256875382,0.02769736956,-0.02407315965
35.6,0.006283185307,-0.03133685697,-0.02277842497,0.02662893615,-0.02315612525
35.65,0.006283185307,-0.0310649767,-0.02298859199,0.02555381776,-0.02223883989
35.7,0.006283185307,-0.03078390062,-0.02319920638,0.02447254593,-0.0213216804
35.75,0.006283185307,-0.03049383587,-0.02341021967,0.02338565223,-0.02040502361
35.8,0.006283185307,-0.03019498961,-0.02362158337,0.02229366822,-0.01948924635
35.85,0.006283185307,-0.02988756897,-0.02383324897,0.02119712544,-0.01857472546
35.9,0.006283185307,-0.02957178109,-0.02404516801,0.02009655546,-0.01766183775
35.95,0.006283185307,-0.02924783312,-0.02425729198,0.01899248984,-0.01675096006
36,0.006283185307,-0.0289159322,-0.02446957241,0.01788546012,-0.01584246922
36.05,0.006283185307,-0.02857628546,-0.0246819608,0.01677599787,-0.01493674206
36.1,0.006283185307,-0.02822910005,-0.02489440867,0.01566463464,-0.01403415541
36.15,0.006283185307,-0.02787458312,-0.02510686752,0.01455190199,-0.0131350861
36.2,0.006283185307,-0.0275129418,-0.02531928887,0.01343833148,-0.01223991095
36.25,0.006283185307,-0.02714438324,-0.02553162424,0.01232445465,-0.01134900681
36.3,0.006283185307,-0.02676911457,-0.02574382512,0.01121080308,-0.01046275049
36.35,0.006283185307,-0.02638734294,-0.02595584305,0.01009790832,-0.009581518823
36.4,0.006283185307,-0.02599927549,-0.02616762952,0.008986301914,-0.008705688646
36.45,0.006283185307,-0.02560511937,-0.02637913605,0.00787651543,-0.007835636786
36.5,0.006283185307,-0.02520508171,-0.02659031415,0.006769080421,-0.006971740071
36.55,0.006283185307,-0.02479936965,-0.02680111534,0.005664528444,-0.006114375332
36.6,0.006283185307,-0.02438819035,-0.02701149112,0.004563391056,-0.005263919398
36.65,0.006283185307,-0.02397175093,-0.02722139302,0.003466199813,-0.0044207491
36.7,0.006283185307,-0.02355025855,-0.02743077253,0.002373486272,-0.003585241266
36.75,0.006283185307,-0.02312392033,-0.02763958117,0.00128578199,-0.002757772726
36.8,0.006283185307,-0.02269294343,-0.02784777046,0.0002036185235,-0.001938720311
36.85,0.006283185307,-0.02225753499,-0.0280552919,-0.0008724725717,-0.001128460849
36.9,0.006283185307,-0.02181790215,-0.02826209701,-0.001941959738,-0.0003273711703
36.95,0.006283185307,-0.02137425204,-0.02846813731,-0.00300431142,0.0004641718949
37,0.006283185307,-0.02092679182,-0.02867336429,-0.00405899606,0.001245791517
37.05,0.006283185307,-0.02047572862,-0.02887772948,-0.005105482102,0.002017110867
37.1,0.006283185307,-0.02002126959,-0.02908118438,-0.006143237989,0.002777753115
37.15,0.006283185307,-0.01956362186,-0.02928368052,-0.007171732165,0.003527341431
37.2,0.006283185307,-0.01910299258,-0.02948516939,-0.008190433073,0.004265498986
37.25,0.006283185307,-0.01863958889,-0.02968560252,-0.009198809156,0.004991848949
37.3,0.006283185307,-0.01817361794,-0.02988493141,-0.01019632886,0.005706014491
37.35,0.006283185307,-0.01770528685,-0.03008310757,-0.01118246062,0.006407618783
37.4,0.006283185307,-0.01723480279,-0.03028008253,-0.01215667289,0.007096284995
37.45,0.006283185307,-0.01676237288,-0.03047580778,-0.01311843411,0.007771636296
37.5,0.006283185307,-0.01628820427,-0.03067023485,-0.01406721272,0.008433295858
37.55,0.006283185307,-0.01581250409,-0.03086331525,-0.01500247717,0.009080886851
37.6,0.006283185307,-0.01533547951,-0.03105500048,-0.01592369589,0.009714032445
37.65,0.006283185307,-0.01485733764,-0.03124524205,-0.01683033734,0.01033235581
37.7,0.006283185307,-0.01437828564,-0.03143399149,-0.01772186995,0.01093548012
37.75,0.006283185307,-0.01389853065,-0.03162120031,-0.01859776218,0.01152302854
37.8,0.006283185307,-0.01341827981,-0.03180682,-0.01945748245,0.01209462424
37.85,0.006283185307,-0.01293774026,-0.0319908021,-0.02030049923,0.01264989039
37.9,0.006283185307,-0.01245711914,-0.0321730981,-0.02112628094,0.01318845017
37.95,0.006283185307,-0.0119766236,-0.03235365952,-0.02193429603,0.01370992674
38,0.006283185307,-0.01149646077,-0.03253243788,-0.02272401295,0.01421394327
38.05,0.006283185307,-0.0110168378,-0.03270938468,-0.02349490014,0.01470012294
38.1,0.006283185307,-0.01053796183,-0.03288445144,-0.02424642605,0.01516808891
38.15,0.006283185307,-0.01006004,-0.03305758967,-0.02497805911,0.01561746435
38.2,0.006283185307,-0.009583279456,-0.03322875088,-0.02568926777,0.01604787244
38.25,0.006283185307,-0.009107887335,-0.03339788658,-0.02637952047,0.01645893635
38.3,0.006283185307,-0.008634070781,-0.03356494829,-0.02704828566,0.01685027924
38.35,0.006283185307,-0.008162036935,-0.03372988751,-0.02769503178,0.01722152429
38.4,0.006283185307,-0.00769199294,-0.03389265576,-0.02831922727,0.01757229466
38.45,0.006283185307,-0.007224145936,-0.03405320456,-0.02892034059,0.01790221353
38.5,0.006283185307,-0.006758703065,-0.03421148541,-0.02949784016,0.01821090407
38.55,0.006283185307,-0.00629587147,-0.03436744982,-0.03005119443,0.01849798944
38.6,0.006283185307,-0.005835858291,-0.03452104931,-0.03057987185,0.01876309282
38.65,0.006283185307,-0.005378870672,-0.03467223539,-0.03108334086,0.01900583738
38.7,0.006283185307,-0.004925115752,-0.03482095958,-0.03156106991,0.01922584628
38.75,0.006283185307,-0.004474800675,-0.03496717337,-0.03201252743,0.01942274271
38.8,0.006283185307,-0.004028132582,-0.03511082829,-0.03243718187,0.01959614982
38.85,0.006283185307,-0.003585318614,-0.03525187585,-0.03283450168,0.01974569079
38.9,0.006283185307,-0.003146565914,-0.03539026756,-0.0332039553,0.01987098879
38.95,0.006283185307,-0.002712081623,-0.03552595493,-0.03354501116,0.019971667
39,0.006283185307,-0.002282072882,-0.03565888947,-0.03385713772,0.02004734857
39.05,0.006283185307,-0.001856746834,-0.0357890227,-0.03413980342,0.02009765668
39.1,0.006283185307,-0.00143631062,-0.03591630613,-0.0343924767,0.0201222145
39.15,0.006283185307,-0.001020971383,-0.03604069127,-0.034614626,0.0201206452
39.2,0.006283185307,-0.0006109362625,-0.03616212963,-0.03480571977,0.02009257195
39.25,0.006283185307,-0.0002064124019,-0.03628057272,-0.03496522645,0.02003761793
39.3,0.006283185307,0.0001923930575,-0.03639597206,-0.03509261449,0.0199554063
39.35,0.006283185307,0.000585272974,-0.03650827915,-0.03518735232,0.01984556022
39.4,0.006283185307,0.0009720202059,-0.03661744552,-0.0352489084,0.01970770289
39.45,0.006283185307,0.001352427611,-0.03672342267,-0.03527675116,0.01954145745
39.5,0.006283185307,0.001726288049,-0.03682616211,-0.03527034905,0.01934644709
39.55,0.006283185307,0.002093394376,-0.03692561536,-0.03522917051,0.01912229497
39.6,0.006283185307,0.002453539453,-0.03702173393,-0.03515268398,0.01886862426
39.65,0.006283185307,0.002806516135,-0.03711446932,-0.03504035792,0.01858505814
39.7,0.006283185307,0.003152117283,-0.03720377306,-0.03489166075,0.01827121977
39.75,0.006283185307,0.003490135754,-0.03728959666,-0.03470606093,0.01792673233
39.8,0.006283185307,0.003820364407,-0.03737189162,-0.0344830269,0.01755121898
39.85,0.006283185307,0.004142596099,-0.03745060945,-0.0342220271,0.0171443029
39.9,0.006283185307,0.004456623689,-0.03752570168,-0.03392252998,0.01670560725
39.95,0.006283185307,0.004762240036,-0.03759711981,-0.03358400397,0.01623475521
40,0.006283185307,0.005059237997,-0.03766481536,-0.03320591753,0.01573136994
40.05,0.006283185307,0.005347410431,-0.03772873983,-0.03278773909,0.01519507463
40.1,0.006283185307,0.005626550197,-0.03778884474,-0.0323289371,0.01462549242
40.15,0.006283185307,0.005896450151,-0.0378450816,-0.03182898,0.01402224651
40.2,0.006283185307,0.006156903154,-0.03789740193,-0.03128733624,0.01338496005
40.25,0.006283185307,0.006407702062,-0.03794575722,-0.03070347426,0.01271325622
40.3,0.006283185307,0.006648639735,-0.03799009901,-0.0300768625,0.01200675819
40.35,0.006283185307,0.00687950903,-0.03803037879,-0.02940696941,0.01126508913
40.4,0.006283185307,0.007100102806,-0.03806654809,-0.02869326342,0.01048787221
40.45,0.006283185307,0.007310213921,-0.0380985584,-0.02793521299,0.009674730591
40.5,0.006283185307,0.007509635233,-0.03812636125,-0.02713228655,0.008825287456
40.55,0.006283185307,0.0076981596,-0.03814990815,-0.02628395256,0.00793916597
40.6,0.006283185307,0.007875579882,-0.03816915061,-0.02538967945,0.007015989305
40.65,0.006283185307,0.008041688936,-0.03818404014,-0.02444893566,0.006055380629
40.7,0.006283185307,0.00819627962,-0.03819452825,-0.02346118964,0.005056963115
40.75,0.006283185307,0.008339144792,-0.03820056646,-0.02242590984,0.004020359931
40.8,0.006283185307,0.008470077312,-0.03820210627,-0.02134256469,0.002945194249
40.85,0.006283185307,0.008588870037,-0.0381990992,-0.02021062264,0.001831089238
40.9,0.006283185307,0.008695315825,-0.03819149676,-0.01902955213,0.0006776680694
40.95,0.006283185307,0.008789207535,-0.03817925047,-0.01779882162,-0.0005154460872
41,0.006283185307,0.008870338025,-0.03816231183,-0.01651789953,-0.001748630061
41.05,0.006283185307,0.008938500153,-0.03814063236,-0.01518625431,-0.003022260682
41.1,0.006283185307,0.008993486778,-0.03811416357,-0.01380335441,-0.00433671478
41.15,0.006283185307,0.009035090757,-0.03808285697,-0.01236866828,-0.005692369185
41.2,0.006283185307,0.00906310495,-0.03804666407,-0.01088166434,-0.007089600725
41.25,0.006283185307,0.009077322214,-0.03800553639,-0.009341811053,-0.008528786232
41.3,0.006283185307,0.009077535407,-0.03795942543,-0.007748576856,-0.01001030253
41.35,0.006283185307,0.009063537389,-0.03790828272,-0.006101430193,-0.01153452646
41.4,0.006283185307,0.009035121016,-0.03785205975,-0.004399839506,-0.01310183484
41.45,0.006283185307,0.008992079148,-0.03779070805,-0.00264327324,-0.01471260451
41.5,0.006283185307,0.008934204643,-0.03772417913,-0.0008311998386,-0.01636721229
41.55,0.006283185307,0.008861290358,-0.03765242449,0.001036912256,-0.01806603502
41.6,0.006283185307,0.008773129153,-0.03757539565,0.0029615946,-0.01980944951
41.65,0.006283185307,0.008669513886,-0.03749304413,0.004943378749,-0.02159783262
41.7,0.006283185307,0.008550929584,-0.03740515446,0.006957778604,-0.0234094901
41.75,0.006283185307,0.008419594197,-0.03731120002,0.008923996088,-0.02517312716
41.8,0.006283185307,0.008275845758,-0.0372112274,0.01083626119,-0.02688372857
41.85,0.006283185307,0.008119856282,-0.03710532749,0.01269505741,-0.02854179925
41.9,0.006283185307,0.007951797784,-0.03699359118,0.01450086827,-0.03014784411
41.95,0.006283185307,0.007771842278,-0.03687610937,0.01625417727,-0.03170236806
42,0.006283185307,0.007580161777,-0.03675297295,0.01795546793,-0.033205876
42.05,0.006283185307,0.007376928295,-0.03662427282,0.01960522375,-0.03465887285
42.1,0.006283185307,0.007162313848,-0.03649009987,0.02120392824,-0.03606186351
42.15,0.006283185307,0.006936490449,-0.036350545,0.02275206492,-0.03741535291
42.2,0.006283185307,0.006699630112,-0.03620569911,0.02425011728,-0.03871984595
42.25,0.006283185307,0.006451904851,-0.03605565308,0.02569856885,-0.03997584754
42.3,0.006283185307,0.006193486681,-0.03590049782,0.02709790313,-0.04118386258
42.35,0.006283185307,0.005924547615,-0.03574032422,0.02844860364,-0.042344396
42.4,0.006283185307,0.005645259668,-0.03557522317,0.02975115387,-0.04345795271
42.45,0.006283185307,0.005355794854,-0.03540528557,0.03100603734,-0.0445250376
42.5,0.006283185307,0.005056325187,-0.03523060232,0.03221373757,-0.0455461556
42.55,0.006283185307,0.004747022682,-0.03505126431,0.03337473805,-0.04652181161
42.6,0.006283185307,0.004428059351,-0.03486736243,0.03448952231,-0.04745251055
42.65,0.006283185307,0.00409960721,-0.03467898759,0.03555857384,-0.04833875732
42.7,0.006283185307,0.003761838273,-0.03448623067,0.03658237616,-0.04918105684
42.75,0.006283185307,0.003414924554,-0.03428918257,0.03756141278,-0.04997991401
42.8,0.006283185307,0.003059038066,-0.03408793419,0.03849616721,-0.05073583375
42.85,0.006283185307,0.002694350824,-0.03388257642,0.03938712296,-0.05144932097
42.9,0.006283185307,0.002321034843,-0.03367320016,0.04023476353,-0.05212088058
42.95,0.006283185307,0.001939262136,-0.0334598963,0.04103957244,-0.05275101748
43,0.006283185307,0.001549204718,-0.03324275573,0.0418020332,-0.0533402366
43.05,0.006283185307,0.001151034602,-0.03302186936,0.04252262931,-0.05388904283
43.1,0.006283185307,0.0007449238025,-0.03279732808,0.04320184429,-0.0543979411
43.15,0.006283185307,0.0003310443342,-0.03256922278,0.04384016165,-0.0548674363
43.2,0.006283185307,-9.043178903e-05,-0.03233764436,0.04443806489,-0.05529803336
43.25,0.006283185307,-0.0005193325531,-0.03210268372,0.04499603753,-0.05569023718
43.3,0.006283185307,-0.0009554859437,-0.03186443174,0.04551456307,-0.05604455268
43.35,0.006283185307,-0.001398719947,-0.03162297932,0.04599412503,-0.05636148475
43.4,0.006283185307,-0.001848862549,-0.03137841737,0.04643520691,-0.05664153832
43.45,0.006283185307,-0.002305741734,-0.03113083677,0.04683829222,-0.0568852183
43.5,0.006283185307,-0.00276918549,-0.03088032842,0.04720386448,-0.05709302959
43.55,0.006283185307,-0.003239021802,-0.03062698321,0.04753240719,-0.05726547711
43.6,0.006283185307,-0.003715078656,-0.03037089204,0.04782440386,-0.05740306576
43.65,0.006283185307,-0.004197184037,-0.03011214581,0.04808033801,-0.05750630046
43.7,0.006283185307,-0.004685165932,-0.02985083541,0.04830069313,-0.05757568612
43.75,0.006283185307,-0.005178852327,-0.02958705174,0.04848595275,-0.05761172765
43.8,0.006283185307,-0.005678071206,-0.02932088568,0.04863660037,-0.05761492995
43.85,0.006283185307,-0.006182650557,-0.02905242815,0.0487531195,-0.05758579795
43.9,0.006283185307,-0.006692418364,-0.02878177002,0.04883599366,-0.05752483654
43.95,0.006283185307,-0.007207202615,-0.0285090022,0.04888570634,-0.05743255065
44,0.006283185307,-0.007726831294,-0.02823421558,0.04890274106,-0.05730944517
44.05,0.006283185307,-0.008251132387,-0.02795750106,0.04888758133,-0.05715602503
44.1,0.006283185307,-0.008779933881,-0.02767894954,0.04884071066,-0.05697279513
44.15,0.006283185307,-0.009313063762,-0.0273986519,0.04876261257,-0.05676026039
44.2,0.006283185307,-0.009850350014,-0.02711669904,0.04865377054,-0.0565189257
44.25,0.006283185307,-0.01039162062,-0.02683318186,0.04851466811,-0.056249296
44.3,0.006283185307,-0.01093670358,-0.02654819125,0.04834578878,-0.05595187617
44.35,0.006283185307,-0.01148542686,-0.02626181811,0.04814761605,-0.05562717115
44.4,0.006283185307,-0.01203761846,-0.02597415334,0.04792063344,-0.05527568582
44.45,0.006283185307,-0.01259310636,-0.02568528782,0.04766532446,-0.05489792512
44.5,0.006283185307,-0.01315171855,-0.02539531246,0.04738217261,-0.05449439394
44.55,0.006283185307,-0.01371328301,-0.02510431815,0.04707166141,-0.0540655972
44.6,0.006283185307,-0.01427762773,-0.02481239578,0.04673427437,-0.05361203981
44.65,0.006283185307,-0.0148445807,-0.02451963625,0.04637049499,-0.05313422668
44.7,0.006283185307,-0.01541396989,-0.02422613046,0.04598080678,-0.05263266271
44.75,0.006283185307,-0.0159856233,-0.0239319693,0.04556569326,-0.05210785283
44.8,0.006283185307,-0.01655936892,-0.02363724366,0.04512563794,-0.05156030194
44.85,0.006283185307,-0.01713503472,-0.02334204444,0.04466112432,-0.05099051495
44.9,0.006283185307,-0.0177124487,-0.02304646254,0.04417263591,-0.05039899677
44.95,0.006283185307,-0.01829143883,-0.02275058885,0.04366065623,-0.04978625232
45,0.006283185307,-0.01887183312,-0.02245451427,0.04312566878,-0.04915278649
45.05,0.006283185307,-0.01945345953,-0.02215832969,0.04256815707,-0.04849910422
45.1,0.006283185307,-0.02003614606,-0.021862126,0.04198860462,-0.04782571039
45.15,0.006283185307,-0.0206197207,-0.02156599411,0.04138749493,-0.04713310993
45.2,0.006283185307,-0.02120401142,-0.0212700249,0.04076531151,-0.04642180775
45.25,0.006283185307,-0.02178884622,-0.02097430928,0.04012253787,-0.04569230875
45.3,0.006283185307,-0.02237405308,-0.02067893813,0.03945965752,-0.04494511785
45.35,0.006283185307,-0.02295945999,-0.02038400236,0.03877715397,-0.04418073996
45.4,0.006283185307,-0.02354489493,-0.02008959285,0.03807551074,-0.04339967998
45.45,0.006283185307,-0.02413018589,-0.01979580051,0.03735521132,-0.04260244284
45.5,0.006283185307,-0.02471516085,-0.01950271622,0.03661673923,-0.04178953343
45.55,0.006283185307,-0.0252996478,-0.01921043089,0.03586057799,-0.04096145667
45.6,0.006283185307,-0.02588347473,-0.01891903541,0.03508721109,-0.04011871748
45.65,0.006283185307,-0.02646646963,-0.01862862068,0.03429712205,-0.03926182075
45.7,0.006283185307,-0.02704846046,-0.01833927758,0.03349079438,-0.03839127141
45.75,0.006283185307,-0.02762927524,-0.01805109702,0.03266871158,-0.03750757435
45.8,0.006283185307,-0.02820874193,-0.01776416988,0.03183135718,-0.0366112345
45.85,0.006283185307,-0.02878668853,-0.01747858708,0.03097921467,-0.03570275677
45.9,0.006283185307,-0.02936294302,-0.01719443949,0.03011276757,-0.03478264605
45.95,0.006283185307,-0.02993733338,-0.01691181802,0.02923249938,-0.03385140728
46,0.006283185307,-0.03050968761,-0.01663081355,0.02833889362,-0.03290954534
46.05,0.006283185307,-0.03107983369,-0.016351517,0.0274324338,-0.03195756517
46.1,0.006283185307,-0.0316475996,-0.01607401924,0.02651360342,-0.03099597166
46.15,0.006283185307,-0.03221281333,-0.01579841119,0.025582886,-0.03002526972
46.2,0.006283185307,-0.03277530287,-0.01552478372,0.02464076504,-0.02904596428
46.25,0.006283185307,-0.03333489621,-0.01525322774,0.02368772406,-0.02805856023
46.3,0.006283185307,-0.03389142132,-0.01498383414,0.02272424656,-0.02706356249
46.35,0.006283185307,-0.03444470619,-0.01471669382,0.02175081606,-0.02606147597
46.4,0.006283185307,-0.03499457881,-0.01445189767,0.02076791606,-0.02505280558
46.45,0.006283185307,-0.03554086717,-0.01418953659,0.01977603007,-0.02403805623
46.5,0.006283185307,-0.03608339925,-0.01392970148,0.01877564161,-0.02301773284
46.55,0.006283185307,-0.03662200304,-0.01367248322,0.01776723418,-0.0219923403
46.6,0.006283185307,-0.03715650652,-0.01341797271,0.01675129129,-0.02096238354
46.65,0.006283185307,-0.03768673768,-0.01316626085,0.01572829645,-0.01992836745
46.7,0.006283185307,-0.03821252451,-0.01291743854,0.01469873317,-0.01889079697
46.75,0.006283185307,-0.03873369499,-0.01267159667,0.01366308497,-0.01785017698
46.8,0.006283185307,-0.0392500771,-0.01242882613,0.01262183534,-0.01680701242
46.85,0.006283185307,-0.03976149884,-0.01218921782,0.01157546781,-0.01576180817
46.9,0.006283185307,-0.04026778818,-0.01195286263,0.01052446587,-0.01471506916
46.95,0.006283185307,-0.04076877312,-0.01171985146,0.00946931305,-0.0136673003
47,0.006283185307,-0.04126428164,-0.01149027521,0.008410492846,-0.0126190065
47.05,0.006283185307,-0.04175414172,-0.01126422477,0.00734848877,-0.01157069266
47.1,0.006283185307,-0.04223818136,-0.01104179104,0.006283784334,-0.01052286371
47.15,0.006283185307,-0.04271622853,-0.0108230649,0.005216863046,-0.009476024537
47.2,0.006283185307,-0.04318811123,-0.01060813727,0.004148208416,-0.008430680068
47.25,0.006283185307,-0.04365365744,-0.01039709902,0.003078303953,-0.007387335209
47.3,0.006283185307,-0.04411269514,-0.01019004106,0.002007633168,-0.00634649487
47.35,0.006283185307,-0.04456505232,-0.00998705428,0.0009366795705,-0.005308663963
47.4,0.006283185307,-0.04501055697,-0.009788229578,-0.0001340733306,-0.004274347398
47.45,0.006283185307,-0.04544903707,-0.009593657848,-0.001204142025,-0.003244050085
47.5,0.006283185307,-0.04588032062,-0.009403429986,-0.002273043004,-0.002218276935
47.55,0.006283185307,-0.04630423558,-0.009217636886,-0.003340292757,-0.001197532859
47.6,0.006283185307,-0.04672060996,-0.009036369444,-0.004405407775,-0.000182322767
47.65,0.006283185307,-0.04712927173,-0.008859718555,-0.005467904547,0.0008268484299
47.7,0.006283185307,-0.04753004889,-0.008687775114,-0.006527299565,0.001829475821
47.75,0.006283185307,-0.04792276941,-0.008520630017,-0.007583109319,0.002825054497
47.8,0.006283185307,-0.04830726129,-0.008358374159,-0.008634850299,0.003813079546
47.85,0.006283185307,-0.04868335251,-0.008201098434,-0.009682038995,0.004793046057
47.9,0.006283185307,-0.04905087105,-0.008048893738,-0.0107241919,0.005764449121
47.95,0.006283185307,-0.0494096449,-0.007901850967,-0.0117608255,0.006726783826
48,0.006283185307,-0.04975950205,-0.007760061016,-0.01279145628,0.007679545262
48.05,0.006283185307,-0.05010027049,-0.007623614779,-0.01381560075,0.008622228518
48.1,0.006283185307,-0.05043177819,-0.007492603152,-0.01483277538,0.009554328685
48.15,0.006283185307,-0.05075385315,-0.00736711703,-0.01584249667,0.01047534085
48.2,0.006283185307,-0.05106632335,-0.007247247309,-0.01684428111,0.0113847601
48.25,0.006283185307,-0.05136901677,-0.007133084883,-0.01783764519,0.01228208154
48.3,0.006283185307,-0.05166176141,-0.007024720649,-0.0188221054,0.01316680023
48.35,0.006283185307,-0.05194438524,-0.0069222455,-0.01979717823,0.01403841129
48.4,0.006283185307,-0.05221671626,-0.006825750333,-0.02076238017,0.01489640979
48.45,0.006283185307,-0.05247858245,-0.006735326042,-0.02171722771,0.01574029083
48.5,0.006283185307,-0.0527298118,-0.006651063524,-0.02266123734,0.01656954949
48.55,0.006283185307,-0.05297023229,-0.006573053672,-0.02359392555,0.01738368087
48.6,0.006283185307,-0.0531996719,-0.006501387382,-0.02451480883,0.01818218005
48.65,0.006283185307,-0.05341795863,-0.00643615555,-0.02542340367,0.01896454213
48.7,0.006283185307,-0.05362492046,-0.00637744907,-0.02631922657,0.01973026218
48.75,0.006283185307,-0.05382038537,-0.006325358839,-0.02720179401,0.02047883531
48.8,0.006283185307,-0.05400418135,-0.00627997575,-0.02807062248,0.0212097566
48.85,0.006283185307,-0.0541761364,-0.0062413907,-0.02892522848,0.02192252114
48.9,0.006283185307,-0.05433607848,-0.006209694583,-0.02976512849,0.02261662402
48.95,0.006283185307,-0.05448383559,-0.006184978295,-0.030589839,0.02329156033
49,0.006283185307,-0.05461923572,-0.006167332731,-0.0313988765,0.02394682516
49.05,0.006283185307,-0.05474210684,-0.006156848786,-0.0321917575,0.0245819136
49.1,0.006283185307,-0.05485227696,-0.006153617356,-0.03296799846,0.02519632074
49.15,0.006283185307,-0.05494957404,-0.006157729335,-0.03372711589,0.02578954166
49.2,0.006283185307,-0.05503382608,-0.00616927562,-0.03446862628,0.02636107146
49.25,0.006283185307,-0.05510486107,-0.006188347104,-0.03519204611,0.02691040522
49.3,0.006283185307,-0.05516250699,-0.006215034684,-0.03589689188,0.02743703805
49.35,0.006283185307,-0.05520659182,-0.006249429254,-0.03658268008,0.02794046501
49.4,0.006283185307,-0.05523694355,-0.00629162171,-0.03724892719,0.02842018121
49.45,0.006283185307,-0.05525339017,-0.006341702946,-0.03789514971,0.02887568174
49.5,0.006283185307,-0.05525575966,-0.00639976386,-0.03852086413,0.02930646167
49.55,0.006283185307,-0.05524388001,-0.006465895344,-0.03912558693,0.02971201611
49.6,0.006283185307,-0.05521757921,-0.006540188295,-0.03970883462,0.03009184014
49.65,0.006283185307,-0.05517668524,-0.006622733608,-0.04027012367,0.03044542885
49.7,0.006283185307,-0.05512102608,-0.006713622178,-0.04080897058,0.03077227734
49.75,0.006283185307,-0.05505042973,-0.006812944901,-0.04132489184,0.03107188068
49.8,0.006283185307,-0.05496472416,-0.006920792671,-0.04181740395,0.03134373397
49.85,0.006283185307,-0.05486373737,-0.007037256383,-0.04228602338,0.0315873323
49.9,0.006283185307,-0.05474729733,-0.007162426934,-0.04273026663,0.03180217076
49.95,0.006283185307,-0.05461523205,-0.007296395218,-0.04314965019,0.03198774444
50,0.006283185307,-0.05446736949,-0.00743925213,-0.04354369055,0.03214354842
50.05,0.006283185307,-0.05430353765,-0.007591088566,-0.04391190421,0.03226907781
50.1,0.006283185307,-0.05412356452,-0.007751995421,-0.04425380764,0.03236382767
50.15,0.006283185307,-0.05392727807,-0.007922063589,-0.04456891735,0.03242729311
50.2,0.006283185307,-0.0537145063,-0.008101383967,-0.04485674982,0.03245896922
50.25,0.006283185307,-0.05348507719,-0.00829004745,-0.04511682155,0.03245835108
50.3,0.006283185307,-0.05323881873,-0.008488144932,-0.04534864901,0.03242493378
50.35,0.006283185307,-0.0529755589,-0.00869576731,-0.04555174871,0.03235821242
50.4,0.006283185307,-0.05269512569,-0.008913005477,-0.04572563714,0.03225768208
50.45,0.006283185307,-0.05239734708,-0.00913995033,-0.04586983077,0.03212283785
50.5,0.006283185307,-0.05208205106,-0.009376692764,-0.04598384612,0.03195317482
50.55,0.006283185307,-0.05174906562,-0.009623323673,-0.04606719965,0.03174818809
50.6,0.006283185307,-0.05139821874,-0.009879933953,-0.04611940788,0.03150737273
50.65,0.006283185307,-0.05102933841,-0.0101466145,-0.04613998728,0.03123022384
50.7,0.006283185307,-0.05064225261,-0.01042345621,-0.04612845434,0.03091623651
50.75,0.006283185307,-0.05023678933,-0.01071054997,-0.04608432556,0.03056490583
50.8,0.006283185307,-0.04981277656,-0.01100798669,-0.04600711743,0.03017572688
50.85,0.006283185307,-0.04937004228,-0.01131585725,-0.04589634643,0.02974819477
50.9,0.006283185307,-0.04890841447,-0.01163425256,-0.04575152906,0.02928180457
50.95,0.006283185307,-0.04842772113,-0.0119632635,-0.04557218181,0.02877605137
51,0.006283185307,-0.04792779024,-0.01230298098,-0.04535782116,0.02823043027
51.05,0.006283185307,-0.04740844978,-0.01265349589,-0.04510796362,0.02764443635
51.1,0.006283185307,-0.04686952774,-0.01301489912,-0.04482212566,0.02701756471
51.15,0.006283185307,-0.04631085211,-0.01338728156,-0.04449982378,0.02634931043
51.2,0.006283185307,-0.04573225086,-0.01377073412,-0.04414057448,0.02563916861
51.25,0.006283185307,-0.045133552,-0.01416534769,-0.04374389423,0.02488663432
51.3,0.006283185307,-0.0445145835,-0.01457121317,-0.04330929953,0.02409120267
51.35,0.006283185307,-0.04387517335,-0.01498842144,-0.04283630687,0.02325236874
51.4,0.006283185307,-0.04321514954,-0.01541706341,-0.04232443274,0.02236962762
51.45,0.006283185307,-0.04253434005,-0.01585722996,-0.04177319363,0.0214424744
51.5,0.006283185307,-0.04183257287,-0.01630901201,-0.04118210604,0.02047040417
51.55,0.006283185307,-0.04110967597,-0.01677250043,-0.04055068644,0.01945291201
51.6,0.006283185307,-0.04036547736,-0.01724778613,-0.03987845134,0.01838949303
51.65,0.006283185307,-0.03959980501,-0.01773496,-0.03916491722,0.0172796423
51.7,0.006283185307,-0.03881248692,-0.01823411293,-0.03840960057,0.01612285492
51.75,0.006283185307,-0.03800335106,-0.01874533583,-0.03761201789,0.01491862597
51.8,0.006283185307,-0.03717222542,-0.01926871958,-0.03677168566,0.01366645056
51.85,0.006283185307,-0.03631893799,-0.01980435508,-0.03588812037,0.01236582375
51.9,0.006283185307,-0.03544331675,-0.02035233323,-0.03496083852,0.01101624065
51.95,0.006283185307,-0.0345451897,-0.02091274493,-0.03398935659,0.009617196344
52,0.006283185307,-0.03362438481,-0.02148568106,-0.03297319108,0.00816818592
52.05,0.006283185307,-0.03268073007,-0.02207123252,-0.03191185847,0.006668704469
52.1,0.006283185307,-0.03171405347,-0.02266949021,-0.03080487526,0.005118247081
52.15,0.006283185307,-0.03072418299,-0.02328054502,-0.02965175793,0.003516308843
52.2,0.006283185307,-0.02971094663,-0.02390448785,-0.02845202298,0.001862384846
52.25,0.006283185307,-0.02867417235,-0.0245414096,-0.02720518689,0.00015597018
52.3,0.006283185307,-0.02761368816,-0.02519140115,-0.02591076617,-0.001603440067
52.35,0.006283185307,-0.02652932204,-0.02585455341,-0.02456827728,-0.003416350805
52.4,0.006283185307,-0.02542090197,-0.02653095727,-0.02317723674,-0.005283266944
52.45,0.006283185307,-0.02428825593,-0.02722070362,-0.02173716103,-0.007204693396
52.5,0.006283185307,-0.02313121192,-0.02792388336,-0.02024756663,-0.009181135071
52.55,0.006283185307,-0.02197569991,-0.0286212331,-0.01875322328,-0.01115631365
52.6,0.006283185307,-0.02084760882,-0.02929359171,-0.01729899006,-0.0130739827
52.65,0.006283185307,-0.0197467051,-0.02994120346,-0.01588451753,-0.01493469498
52.7,0.006283185307,-0.0186727552,-0.03056431262,-0.01450945622,-0.01673900323
52.75,0.006283185307,-0.01762552555,-0.03116316345,-0.01317345668,-0.01848746021
52.8,0.006283185307,-0.0166047826,-0.03173800023,-0.01187616945,-0.02018061868
52.85,0.006283185307,-0.01561029278,-0.03228906722,-0.01061724507,-0.02181903137
52.9,0.006283185307,-0.01464182254,-0.0328166087,-0.009396334083,-0.02340325104
52.95,0.006283185307,-0.01369913832,-0.03332086892,-0.008213087031,-0.02493383045
53,0.006283185307,-0.01278200656,-0.03380209217,-0.007067154457,-0.02641132234
53.05,0.006283185307,-0.01189019371,-0.0342605227,-0.005958186904,-0.02783627946
53.1,0.006283185307,-0.0110234662,-0.0346964048,-0.004885834913,-0.02920925457
53.15,0.006283185307,-0.01018159047,-0.03510998272,-0.003849749027,-0.03053080042
53.2,0.006283185307,-0.009364332975,-0.03550150074,-0.002849579789,-0.03180146976
53.25,0.006283185307,-0.008571460146,-0.03587120313,-0.00188497774,-0.03302181533
53.3,0.006283185307,-0.007802738427,-0.03621933415,-0.0009555934235,-0.0341923899
53.35,0.006283185307,-0.00705793426,-0.03654613808,-6.107738103e-05,-0.0353137462
53.4,0.006283185307,-0.006336814086,-0.03685185917,0.0007989198448,-0.036386437
53.45,0.006283185307,-0.005639144346,-0.03713674172,0.001624747712,-0.03741101505
53.5,0.006283185307,-0.004964691482,-0.03740102997,0.002416755677,-0.03838803308
53.55,0.006283185307,-0.004313221936,-0.0376449682,0.003175293199,-0.03931804387
53.6,0.006283185307,-0.003684502148,-0.03786880068,0.003900709735,-0.04020160015
53.65,0.006283185307,-0.003078298561,-0.03807277168,0.004593354743,-0.04103925467
53.7,0.006283185307,-0.002494377616,-0.03825712547,0.00525357768,-0.0418315602
53.75,0.006283185307,-0.001932505753,-0.03842210631,0.005881728004,-0.04257906948
53.8,0.006283185307,-0.001392449416,-0.03856795848,0.006478155173,-0.04328233525
53.85,0.006283185307,-0.0008739750449,-0.03869492625,0.007043208645,-0.04394191028
53.9,0.006283185307,-0.0003768490815,-0.03880325388,0.007577237876,-0.04455834732
53.95,0.006283185307,9.916203289e-05,-0.03889318564,0.008080592326,-0.04513219911
54,0.006283185307,0.0005542918566,-0.0389649658,0.00855362145,-0.0456640184
54.05,0.006283185307,0.0009887739483,-0.03901883863,0.008996674708,-0.04615435795
54.1,0.006283185307,0.001402841867,-0.0390550484,0.009410101557,-0.04660377051
54.15,0.006283185307,0.00179672917,-0.03907383938,0.009794251454,-0.04701280883
54.2,0.006283185307,0.002170669416,-0.03907545584,0.01014947386,-0.04738202565
54.25,0.006283185307,0.002524896165,-0.03906014205,0.01047611823,-0.04771197374
54.3,0.006283185307,0.002859642975,-0.03902814227,0.01077453401,-0.04800320584
54.35,0.006283185307,0.003175143403,-0.03897970078,0.01104507068,-0.04825627471
54.4,0.006283185307,0.00347163101,-0.03891506184,0.01128807769,-0.04847173309
54.45,0.006283185307,0.003749339352,-0.03883446972,0.01150390449,-0.04865013373
54.5,0.006283185307,0.00400850199,-0.0387381687,0.01169290054,-0.04879202939
54.55,0.006283185307,0.00424935248,-0.03862640303,0.0118554153,-0.04889797282
54.6,0.006283185307,0.004472124383,-0.038499417,0.01199179823,-0.04896851676
54.65,0.006283185307,0.004677051256,-0.03835745487,0.01210239878,-0.04900421398
54.7,0.006283185307,0.004864366657,-0.0382007609,0.01218756642,-0.04900561722
54.75,0.006283185307,0.005034304147,-0.03802957937,0.0122476506,-0.04897327923
54.8,0.006283185307,0.005187097282,-0.03784415455,0.01228300077,-0.04890775276
54.85,0.006283185307,0.005322979622,-0.0376447307,0.01229396641,-0.04880959057
54.9,0.006283185307,0.005442184725,-0.0374315521,0.01228089695,-0.0486793454
54.95,0.006283185307,0.005544946149,-0.03720486301,0.01224414187,-0.04851757001
55,0.006283185307,0.005631497454,-0.03696490771,0.01218405062,-0.04832481715
55.05,0.006283185307,0.005702072197,-0.03671193045,0.01210097265,-0.04810163956
55.1,0.006283185307,0.005756903937,-0.03644617552,0.01199525742,-0.04784859001
55.15,0.006283185307,0.005796226234,-0.03616788717,0.0118672544,-0.04756622123
55.2,0.006283185307,0.005820272644,-0.03587730969,0.01171731304,-0.04725508599
55.25,0.006283185307,0.005829276728,-0.03557468733,0.0115457828,-0.04691573703
55.3,0.006283185307,0.005823472042,-0.03526026437,0.01135301313,-0.04654872711
55.35,0.006283185307,0.005803092147,-0.03493428507,0.01113935349,-0.04615460897
55.4,0.006283185307,0.0057683706,-0.03459699371,0.01090515335,-0.04573393536
55.45,0.006283185307,0.00571954096,-0.03424863455,0.01065076215,-0.04528725905
55.5,0.006283185307,0.005656836786,-0.03388945187,0.01037652936,-0.04481513277
55.55,0.006283185307,0.005580491635,-0.03351968993,0.01008280443,-0.04431810928
55.6,0.006283185307,0.005490739068,-0.03313959299,0.009769936822,-0.04379674134
55.65,0.006283185307,0.005387812641,-0.03274940534,0.009438275993,-0.04325158168
55.7,0.006283185307,0.005271945914,-0.03234937124,0.0090881714,-0.04268318307
55.75,0.006283185307,0.005143372445,-0.03193973496,0.008719972502,-0.04209209825
55.8,0.006283185307,0.005002325793,-0.03152074076,0.008334028756,-0.04147887998
55.85,0.006283185307,0.004849039516,-0.03109263292,0.007930689619,-0.040844081
55.9,0.006283185307,0.004683747173,-0.0306556557,0.007510304549,-0.04018825407
55.95,0.006283185307,0.004506682322,-0.03021005338,0.007073223004,-0.03951195194
56,0.006283185307,0.004318078523,-0.02975607022,0.006619794441,-0.03881572736
56.05,0.006283185307,0.004118169332,-0.0292939505,0.006150368318,-0.03810013308
56.1,0.006283185307,0.00390718831,-0.02882393847,0.005665294094,-0.03736572185
56.15,0.006283185307,0.003685369014,-0.02834627842,0.005164921225,-0.03661304642
56.2,0.006283185307,0.003452945003,-0.0278612146,0.004649599169,-0.03584265955
56.25,0.006283185307,0.003210149836,-0.0273689913,0.004119677384,-0.03505511398
56.3,0.006283185307,0.00295721707,-0.02686985277,0.003575505327,-0.03425096247
56.35,0.006283185307,0.002694380266,-0.02636404328,0.003017432457,-0.03343075776
56.4,0.006283185307,0.00242187298,-0.02585180712,0.002445808231,-0.03259505262
56.45,0.006283185307,0.002139928773,-0.02533338854,0.001860982106,-0.03174439978
56.5,0.006283185307,0.001848781201,-0.02480903181,0.00126330354,-0.030879352
56.55,0.006283185307,0.001548663824,-0.0242789812,0.0006531219914,-0.03000046204
56.6,0.006283185307,0.001239810201,-0.02374348099,3.078691733e-05,-0.02910828264
56.65,0.006283185307,0.0009224538896,-0.02320277543,-0.0006033522245,-0.02820336655
56.7,0.006283185307,0.0005968284484,-0.02265710881,-0.001248945976,-0.02728626653
56.75,0.006283185307,0.0002631674363,-0.02210672539,-0.001905644881,-0.02635753532
56.8,0.006283185307,-7.829558845e-05,-0.02155186943,-0.00257309948,-0.02541772568
56.85,0.006283185307,-0.0004273270672,-0.02099278521,-0.003250960316,-0.02446739036
56.9,0.006283185307,-0.0007836934413,-0.020429717,-0.003938877931,-0.0235070821
56.95,0.006283185307,-0.001147161152,-0.01986290906,-0.004636502868,-0.02253735367
57,0.006283185307,-0.001517496642,-0.01929260567,-0.005343485669,-0.02155875781
57.05,0.006283185307,-0.001894466351,-0.01871905108,-0.006059476877,-0.02057184727
57.1,0.006283185307,-0.002277836722,-0.01814248959,-0.006784127033,-0.0195771748
57.15,0.006283185307,-0.002667374195,-0.01756316544,-0.00751708668,-0.01857529316
57.2,0.006283185307,-0.003062845213,-0.01698132291,-0.00825800636,-0.0175667551
57.25,0.006283185307,-0.003464016216,-0.01639720627,-0.009006536616,-0.01655211336
57.3,0.006283185307,-0.003870653647,-0.01581105979,-0.00976232799,-0.0155319207
57.35,0.006283185307,-0.004282523946,-0.01522312774,-0.01052503102,-0.01450672987
57.4,0.006283185307,-0.004699393555,-0.01463365438,-0.01129429626,-0.01347709362
57.45,0.006283185307,-0.005121028916,-0.01404288399,-0.01206977424,-0.0124435647
57.5,0.006283185307,-0.00554719647,-0.01345106084,-0.01285111551,-0.01140669587
57.55,0.006283185307,-0.005977662658,-0.01285842918,-0.01363797061,-0.01036703986
57.6,0.006283185307,-0.006412193922,-0.0122652333,-0.01442999008,-0.009325149446
57.65,0.006283185307,-0.006850556704,-0.01167171747,-0.01522682447,-0.008281577363
57.7,0.006283185307,-0.007292517444,-0.01107812594,-0.01602812431,-0.007236876368
57.75,0.006283185307,-0.007737842585,-0.01048470299,-0.01683354015,-0.00619159921
57.8,0.006283185307,-0.008186298567,-0.009891692891,-0.01764272253,-0.005146298641
57.85,0.006283185307,-0.008637651833,-0.009299339909,-0.01845532199,-0.004101527412
57.9,0.006283185307,-0.009091668824,-0.008707888315,-0.01927098908,-0.003057838275
57.95,0.006283185307,-0.009548115981,-0.008117582376,-0.02008937434,-0.002015783979
58,0.006283185307,-0.01000675974,-0.007528666362,-0.02091012831,-0.0009759172776
58.05,0.006283185307,-0.01046736656,-0.006941384542,-0.02173290153,6.120907976e-05
58.1,0.006283185307,-0.01092970286,-0.006355981185,-0.02255734455,0.001095042342
58.15,0.006283185307,-0.0113935351,-0.00577270056,-0.02338310791,0.002125029757
58.2,0.006283185307,-0.01185862971,-0.005191786936,-0.02420984214,0.003150618574
58.25,0.006283185307,-0.01232475313,-0.004613484582,-0.0250371978,0.004171256042
58.3,0.006283185307,-0.01279167181,-0.004038037768,-0.02586482542,0.005186389411
58.35,0.006283185307,-0.01325915219,-0.003465690761,-0.02669237555,0.006195465928
58.4,0.006283185307,-0.01372696071,-0.002896687832,-0.02751949872,0.007197932843
58.45,0.006283185307,-0.01419486381,-0.002331273249,-0.02834584549,0.008193237405
58.5,0.006283185307,-0.01466262793,-0.001769691282,-0.02917106639,0.009180826863
58.55,0.006283185307,-0.01513001952,-0.001212186198,-0.02999481197,0.01016014846
58.6,0.006283185307,-0.01559680501,-0.0006590022685,-0.03081673277,0.01113064946
58.65,0.006283185307,-0.01606275084,-0.000110383761,-0.03163647933,0.0120917771
58.7,0.006283185307,-0.01652762347,0.000433425055,-0.03245370219,0.01304297863
58.75,0.006283185307,-0.01699118932,0.0009721799104,-0.03326805189,0.0139837013
58.8,0.006283185307,-0.01745321485,0.001505636536,-0.03407917899,0.01491339235
58.85,0.006283185307,-0.01791346649,0.002033550664,-0.03488673401,0.01583149905
58.9,0.006283185307,-0.01837171068,0.002555678023,-0.0356903675,0.01673746863
58.95,0.006283185307,-0.01882771387,0.003071774346,-0.03648973001,0.01763074835
59,0.006283185307,-0.01928124249,0.003581595364,-0.03728447208,0.01851078546
59.05,0.006283185307,-0.01973206299,0.004084896806,-0.03807424425,0.01937702719
59.1,0.006283185307,-0.02017994182,0.004581434405,-0.03885869706,0.02022892081
59.15,0.006283185307,-0.0206246454,0.005070963891,-0.03963748105,0.02106591356
59.2,0.006283185307,-0.02106594019,0.005553240995,-0.04041024677,0.0218874527
59.25,0.006283185307,-0.02150359262,0.006028021448,-0.04117664476,0.02269298546
59.3,0.006283185307,-0.02193736914,0.006495060981,-0.04193632555,0.02348195909
59.35,0.006283185307,-0.02236703618,0.006954115325,-0.0426889397,0.02425382086
59.4,0.006283185307,-0.02279236019,0.007404940211,-0.04343413775,0.025008018
59.45,0.006283185307,-0.02321310762,0.00784729137,-0.04417157024,0.02574399777
59.5,0.006283185307,-0.02362904489,0.008280924533,-0.0449008877,0.02646120741
59.55,0.006283185307,-0.02403993846,0.008705595431,-0.04562174069,0.02715909417
59.6,0.006283185307,-0.02444555476,0.009121059795,-0.04633377974,0.0278371053
59.65,0.006283185307,-0.02484566024,0.009527073355,-0.0470366554,0.02849468806
59.7,0.006283185307,-0.02524002133,0.009923391843,-0.04773001821,0.02913128968
59.75,0.006283185307,-0.02562840448,0.01030977099,-0.04841351871,0.02974635742
59.8,0.006283185307,-0.02601057614,0.01068596653,-0.04908680745,0.03033933853
59.85,0.006283185307,-0.02638630273,0.01105173418,-0.04974953496,0.03090968026
59.9,0.006283185307,-0.02675535071,0.01140682969,-0.05040135179,0.03145682985
59.95,0.006283185307,-0.02711748652,0.01175100878,-0.05104190848,0.03198023455
60,0.006283185307,-0.02747247659,0.01208402719,-0.05167085558,0.03247934162
60.05,0.006283185307,-0.02782008737,0.01240564064,-0.05228784362,0.03295359829
60.1,0.006283185307,-0.02816008529,0.01271560486,-0.05289252315,0.03340245183
60.15,0.006283185307,-0.02849223681,0.01301367559,-0.05348454471,0.03382534948
60.2,0.006283185307,-0.02881630836,0.01329960856,-0.05406355884,0.03422173849
60.25,0.006283185307,-0.02913206638,0.0135731595,-0.05462921609,0.0345910661
60.3,0.006283185307,-0.02943927732,0.01383408413,-0.05518116699,0.03493277957
60.35,0.006283185307,-0.02973770761,0.0140821382,-0.0557190621,0.03524632614
60.4,0.006283185307,-0.03002712371,0.01431707742,-0.05624255194,0.03553115307
60.45,0.006283185307,-0.03030729204,0.01453865754,-0.05675128708,0.0357867076
60.5,0.006283185307,-0.03057797905,0.01474663428,-0.05724491803,0.03601243699
60.55,0.006283185307,-0.03083895118,0.01494076338,-0.05772309536,0.03620778847
60.6,0.006283185307,-0.03108997488,0.01512080056,-0.0581854696,0.0363722093
60.65,0.006283185307,-0.03133081659,0.01528650156,-0.05863169129,0.03650514674
60.7,0.006283185307,-0.03156124274,0.0154376221,-0.05906141098,0.03660604802
60.75,0.006283185307,-0.03178101977,0.01557391792,-0.05947427921,0.03667436039
60.8,0.006283185307,-0.03198991414,0.01569514475,-0.05986994651,0.03670953111
60.85,0.006283185307,-0.03218769228,0.01580105832,-0.06024806344,0.03671100743
60.9,0.006283185307,-0.03237412063,0.01589141437,-0.06060828054,0.03667823658
60.95,0.006283185307,-0.03254896564,0.01596596861,-0.06095024834,0.03661066583
61,0.006283185307,-0.03271199374,0.01602447678,-0.06127361739,0.03650774242
61.05,0.006283185307,-0.03286297138,0.01606669462,-0.06157803824,0.0363689136
61.1,0.006283185307,-0.03300166499,0.01609237786,-0.06186316142,0.03619362662
61.15,0.006283185307,-0.03312784103,0.01610128222,-0.06212863748,0.03598132873
61.2,0.006283185307,-0.03324126593,0.01609316343,-0.06237411695,0.03573146717
61.25,0.006283185307,-0.03334170612,0.01606777723,-0.06259925039,0.0354434892
61.3,0.006283185307,-0.03342892807,0.01602487936,-0.06280368833,0.03511684206
61.35,0.006283185307,-0.0335026982,0.01596422553,-0.06298708132,0.034750973
61.4,0.006283185307,-0.03356278296,0.01588557148,-0.0631490799,0.03434532928
61.45,0.006283185307,-0.03360894878,0.01578867294,-0.0632893346,0.03389935814
61.5,0.006283185307,-0.03364096212,0.01567328565,-0.06340749599,0.03341250683
61.55,0.006283185307,-0.0336585894,0.01553916532,-0.06350321458,0.03288422259
61.6,0.006283185307,-0.03366159708,0.01538606771,-0.06357614094,0.03231395269
61.65,0.006283185307,-0.0336497516,0.01521374852,-0.06362592559,0.03170114436
61.7,0.006283185307,-0.03362281939,0.01502196351,-0.06365221909,0.03104524485
61.75,0.006283185307,-0.0335805669,0.01481046839,-0.06365467197,0.03034570142
61.8,0.006283185307,-0.03352276056,0.0145790189,-0.06363293478,0.02960196132
61.85,0.006283185307,-0.03344916683,0.01432737076,-0.06358665805,0.02881347178
61.9,0.006283185307,-0.03335955214,0.01405527972,-0.06351549234,0.02797968007
61.95,0.006283185307,-0.03325368293,0.0137625015,-0.06341908819,0.02710003343
62,0.006283185307,-0.03313132565,0.01344879183,-0.06329709613,0.0261739791
62.05,0.006283185307,-0.03299224673,0.01311390644,-0.06314916671,0.02520096434
62.1,0.006283185307,-0.03283621262,0.01275760107,-0.06297495047,0.0241804364
62.15,0.006283185307,-0.03266298976,0.01237963144,-0.06277409795,0.02311184253
62.2,0.006283185307,-0.03247234459,0.01197975329,-0.0625462597,0.02199462997
62.25,0.006283185307,-0.03226404355,0.01155772234,-0.06229108626,0.02082824597
62.3,0.006283185307,-0.03203785309,0.01111329433,-0.06200822817,0.01961213779
62.35,0.006283185307,-0.03179353964,0.01064622499,-0.06169733597,0.01834575266
62.4,0.006283185307,-0.03153086965,0.01015627005,-0.06135806021,0.01702853785
62.45,0.006283185307,-0.03124960955,0.009643185243,-0.06099005142,0.01565994059
62.5,0.006283185307,-0.0309495258,0.009106726294,-0.06059296015,0.01423940815
62.55,0.006283185307,-0.03063038482,0.008546648938,-0.06016643695,0.01276638776
62.6,0.006283185307,-0.03029195307,0.007962708905,-0.05971013235,0.01124032667
62.65,0.006283185307,-0.02993399698,0.007354661927,-0.05922369689,0.009660672142
62.7,0.006283185307,-0.029556283,0.006722263734,-0.05870678113,0.008026871416
62.75,0.006283185307,-0.02915857756,0.006065270057,-0.0581590356,0.006338371742
62.8,0.006283185307,-0.02874064711,0.005383436627,-0.05758011084,0.004594620369
62.85,0.006283185307,-0.02830225809,0.004676519175,-0.05696965739,0.002795064547
62.9,0.006283185307,-0.02784317694,0.003944273433,-0.05632732581,0.0009391515231
62.95,0.006283185307,-0.02736317011,0.003186455131,-0.05565276662,-0.0009736714524
63,0.006283185307,-0.02686200402,0.002402819999,-0.05494563038,-0.002943957131
63.05,0.006283185307,-0.02633944514,0.00159312377,-0.05420556762,-0.004972258264
63.1,0.006283185307,-0.02579525989,0.0007571221737,-0.05343222889,-0.007059127602
63.15,0.006283185307,-0.02522921472,-0.0001054290587,-0.05262526473,-0.009205117897
63.2,0.006283185307,-0.02464107606,-0.0009947741963,-0.05178432569,-0.0114107819
63.25,0.006283185307,-0.02403061037,-0.001911157508,-0.05090906229,-0.01367667236
63.3,0.006283185307,-0.02339758409,-0.002854823263,-0.0499991251,-0.01600334203
63.35,0.006283185307,-0.02274368952,-0.003823444263,-0.04905711397,-0.01838389791
63.4,0.006283185307,-0.02209377435,-0.004783809463,-0.04812108904,-0.02072213728
63.45,0.006283185307,-0.02145544852,-0.005725795246,-0.04720271174,-0.0229889527
63.5,0.006283185307,-0.02082862968,-0.006649557304,-0.04630186327,-0.02518502957
63.55,0.006283185307,-0.02021323545,-0.007555251327,-0.04541842485,-0.02731105328
63.6,0.006283185307,-0.01960918348,-0.008443033007,-0.04455227769,-0.02936770923
63.65,0.006283185307,-0.0190163914,-0.009313058033,-0.04370330299,-0.03135568281
63.7,0.006283185307,-0.01843477684,-0.0101654821,-0.04287138196,-0.03327565942
63.75,0.006283185307,-0.01786425746,-0.01100046089,-0.0420563958,-0.03512832446
63.8,0.006283185307,-0.01730475087,-0.0118181501,-0.04125822574,-0.03691436331
63.85,0.006283185307,-0.01675617472,-0.01261870542,-0.04047675298,-0.03863446138
63.9,0.006283185307,-0.01621844665,-0.01340228254,-0.03971185872,-0.04028930406
63.95,0.006283185307,-0.01569148429,-0.01416903716,-0.03896342417,-0.04187957675
64,0.006283185307,-0.01517520528,-0.01491912495,-0.03823133055,-0.04340596483
64.05,0.006283185307,-0.01466952725,-0.01565270162,-0.03751545906,-0.04486915372
64.1,0.006283185307,-0.01417436784,-0.01636992285,-0.03681569091,-0.04626982879
64.15,0.006283185307,-0.01368964469,-0.01707094434,-0.03613190731,-0.04760867545
64.2,0.006283185307,-0.01321527544,-0.01775592177,-0.03546398947,-0.04888637909
64.25,0.006283185307,-0.01275117771,-0.01842501084,-0.0348118186,-0.05010362511
64.3,0.006283185307,-0.01229726916,-0.01907836723,-0.0341752759,-0.0512610989
64.35,0.006283185307,-0.0118534674,-0.01971614664,-0.03355424258,-0.05235948586
64.4,0.006283185307,-0.01141969009,-0.02033850476,-0.03294859985,-0.05339947139
64.45,0.006283185307,-0.01099585486,-0.02094559728,-0.03235822893,-0.05438174087
64.5,0.006283185307,-0.01058187934,-0.02153757989,-0.03178301102,-0.05530697971
64.55,0.006283185307,-0.01017768117,-0.02211460828,-0.03122282732,-0.05617587329
64.6,0.006283185307,-0.009783177995,-0.02267683814,-0.03067755905,-0.05698910702
64.65,0.006283185307,-0.009398287439,-0.02322442516,-0.03014708741,-0.05774736629
64.7,0.006283185307,-0.009022927144,-0.02375752503,-0.02963129362,-0.0584513365
64.75,0.006283185307,-0.008657014746,-0.02427629345,-0.02913005889,-0.05910170303
64.8,0.006283185307,-0.008300467882,-0.0247808861,-0.02864326441,-0.05969915129
64.85,0.006283185307,-0.00795320419,-0.02527145868,-0.0281707914,-0.06024436667
64.9,0.006283185307,-0.007615141304,-0.02574816687,-0.02771252108,-0.06073803457
64.95,0.006283185307,-0.007286196862,-0.02621116637,-0.02726833463,-0.06118084038
65,0.006283185307,-0.006966288501,-0.02666061286,-0.02683811329,-0.0615734695
65.05,0.006283185307,-0.006655333857,-0.02709666205,-0.02642173825,-0.06191660732
65.1,0.006283185307,-0.006353250567,-0.02751946961,-0.02601909072,-0.06221093924
65.15,0.006283185307,-0.006059956267,-0.02792919124,-0.02563005191,-0.06245715065
65.2,0.006283185307,-0.005775368595,-0.02832598263,-0.02525450304,-0.06265592695
65.25,0.006283185307,-0.005499405186,-0.02870999948,-0.0248923253,-0.06280795354
65.3,0.006283185307,-0.005231983677,-0.02908139746,-0.02454339991,-0.0629139158
65.35,0.006283185307,-0.004973021705,-0.02944033228,-0.02420760808,-0.06297449914
65.4,0.006283185307,-0.004722436907,-0.02978695962,-0.02388483101,-0.06299038895
65.45,0.006283185307,-0.004480146919,-0.03012143518,-0.02357494992,-0.06296227062
65.5,0.006283185307,-0.004246069378,-0.03044391463,-0.023277846,-0.06289082955
65.55,0.006283185307,-0.00402012192,-0.03075455369,-0.02299340048,-0.06277675114
65.6,0.006283185307,-0.003802222183,-0.03105350803,-0.02272149456,-0.06262072078
65.65,0.006283185307,-0.003592287802,-0.03134093335,-0.02246200944,-0.06242342386
65.7,0.006283185307,-0.003390236414,-0.03161698533,-0.02221482634,-0.06218554579
65.75,0.006283185307,-0.003195985657,-0.03188181968,-0.02197982647,-0.06190777196
65.8,0.006283185307,-0.003009453166,-0.03213559207,-0.02175689103,-0.06159078775
65.85,0.006283185307,-0.002830556578,-0.03237845821,-0.02154590124,-0.06123527858
65.9,0.006283185307,-0.00265921353,-0.03261057377,-0.02134673829,-0.06084192983
65.95,0.006283185307,-0.002495341658,-0.03283209446,-0.0211592834,-0.06041142689
66,0.006283185307,-0.0023388586,-0.03304317595,-0.02098341779,-0.05994445517
66.05,0.006283185307,-0.002189681991,-0.03324397395,-0.02081902265,-0.05944170006
66.1,0.006283185307,-0.002047729468,-0.03343464415,-0.02066597919,-0.05890384695
66.15,0.006283185307,-0.001912918669,-0.03361534223,-0.02052416863,-0.05833158124
66.2,0.006283185307,-0.001785167229,-0.03378622388,-0.02039347217,-0.05772558833
66.25,0.006283185307,-0.001664392785,-0.0339474448,-0.02027377102,-0.05708655361
66.3,0.006283185307,-0.001550512975,-0.03409916068,-0.0201649464,-0.05641516247
66.35,0.006283185307,-0.001443445433,-0.03424152721,-0.0200668795,-0.05571210032
66.4,0.006283185307,-0.001343107798,-0.03437470007,-0.01997945154,-0.05497805254
66.45,0.006283185307,-0.001249417705,-0.03449883496,-0.01990254373,-0.05421370453
66.5,0.006283185307,-0.001162292792,-0.03461408757,-0.01983603727,-0.05341974169
66.55,0.006283185307,-0.001081650695,-0.0347206136,-0.01977981337,-0.05259684941
66.6,0.006283185307,-0.00100740905,-0.03481856872,-0.01973375325,-0.05174571309
66.65,0.006283185307,-0.0009394854947,-0.03490810864,-0.0196977381,-0.05086701812
66.7,0.006283185307,-0.0008777976651,-0.03498938903,-0.01967164915,-0.0499614499
66.75,0.006283185307,-0.0008222631979,-0.03506256561,-0.01965536759,-0.04902969382
66.8,0.006283185307,-0.0007727997299,-0.03512779404,-0.01964877464,-0.04807243528
66.85,0.006283185307,-0.0007293248976,-0.03518523004,-0.0196517515,-0.04709035968
66.9,0.006283185307,-0.0006917563377,-0.03523502927,-0.01966417939,-0.0460841524
66.95,0.006283185307,-0.0006600116867,-0.03527734745,-0.01968593951,-0.04505449885
67,0.006283185307,-0.0006340085813,-0.03531234025,-0.01971691307,-0.04400208442
67.05,0.006283185307,-0.0006136646582,-0.03534016337,-0.01975698129,-0.04292759451
67.1,0.006283185307,-0.0005988975539,-0.0353609725,-0.01980602535,-0.0418317145
67.15,0.006283185307,-0.0005896249051,-0.03537492333,-0.01986392649,-0.04071512981
67.2,0.006283185307,-0.0005857643484,-0.03538217154,-0.0199305659,-0.03957852581
67.25,0.006283185307,-0.0005872335204,-0.03538287284,-0.0200058248,-0.03842258791
67.3,0.006283185307,-0.0005939500578,-0.03537718291,-0.02008958439,-0.0372480015
67.35,0.006283185307,-0.0006058315972,-0.03536525745,-0.02018172587,-0.03605545198
67.4,0.006283185307,-0.0006227957752,-0.03534725214,-0.02028213047,-0.03484562475
67.45,0.006283185307,-0.0006447602285,-0.03532332267,-0.02039067939,-0.03361920519
67.5,0.006283185307,-0.0006716425936,-0.03529362473,-0.02050725384,-0.0323768787
67.55,0.006283185307,-0.0007033605072,-0.03525831403,-0.02063173502,-0.03111933068
67.6,0.006283185307,-0.0007398316059,-0.03521754623,-0.02076400414,-0.02984724653
67.65,0.006283185307,-0.0007809735263,-0.03517147705,-0.02090394242,-0.02856131163
67.7,0.006283185307,-0.0008267039052,-0.03512026216,-0.02105143106,-0.0272622114
67.75,0.006283185307,-0.000876940379,-0.03506405726,-0.02120635127,-0.02595063121
67.8,0.006283185307,-0.0009316005844,-0.03500301805,-0.02136858426,-0.02462725646
67.85,0.006283185307,-0.0009906021581,-0.0349373002,-0.02153801124,-0.02329277256
67.9,0.006283185307,-0.001053862737,-0.03486705941,-0.02171451341,-0.02194786489
67.95,0.006283185307,-0.001121299957,-0.03479245137,-0.02189797199,-0.02059321885
68,0.006283185307,-0.001192831455,-0.03471363178,-0.02208826819,-0.01922951984
68.05,0.006283185307,-0.001268374868,-0.03463075632,-0.0222852832,-0.01785745325
68.1,0.006283185307,-0.001347847832,-0.03454398068,-0.02248889824,-0.01647770448
68.15,0.006283185307,-0.001431167985,-0.03445346056,-0.02269899453,-0.01509095893
68.2,0.006283185307,-0.001518252962,-0.03435935164,-0.02291545326,-0.01369790197
68.25,0.006283185307,-0.0016090204,-0.03426180962,-0.02313815565,-0.01229921903
68.3,0.006283185307,-0.001703387936,-0.03416099019,-0.0233669829,-0.01089559548
68.35,0.006283185307,-0.001801273206,-0.03405704903,-0.02360181623,-0.009487716723
68.4,0.006283185307,-0.001902593848,-0.03395014185,-0.02384253684,-0.008076268158
68.45,0.006283185307,-0.002007267498,-0.03384042432,-0.02408902594,-0.006661935176
68.5,0.006283185307,-0.002115211792,-0.03372805214,-0.02434116475,-0.005245403174
68.55,0.006283185307,-0.002226344366,-0.033613181,-0.02459883446,-0.003827357548
68.6,0.006283185307,-0.002340582859,-0.0334959666,-0.02486191628,-0.002408483692
68.65,0.006283185307,-0.002457844906,-0.03337656461,-0.02513029144,-0.0009894670013
68.7,0.006283185307,-0.002578048144,-0.03325513074,-0.02540384112,0.000429007128
68.75,0.006283185307,-0.002701110209,-0.03313182068,-0.02568244655,0.001846253301
68.8,0.006283185307,-0.002826948738,-0.0330067901,-0.02596598893,0.003261586122
68.85,0.006283185307,-0.002955481368,-0.03288019472,-0.02625434948,0.004674320196
68.9,0.006283185307,-0.003086625736,-0.0327521902,-0.02654740939,0.006083770128
68.95,0.006283185307,-0.003220299477,-0.03262293226,-0.02684504988,0.007489250522
69,0.006283185307,-0.00335642023,-0.03249257657,-0.02714715215,0.008890075983
69.05,0.006283185307,-0.003494905629,-0.03236127883,-0.02745359742,0.01028556112
69.1,0.006283185307,-0.003635673312,-0.03222919473,-0.02776426689,0.01167502052
69.15,0.006283185307,-0.003778640916,-0.03209647996,-0.02807904177,0.01305776881
69.2,0.006283185307,-0.003923726077,-0.03196329021,-0.02839780328,0.01443312059
69.25,0.006283185307,-0.004070846432,-0.03182978117,-0.02872043261,0.01580039046
69.3,0.006283185307,-0.004219919618,-0.03169610854,-0.02904681099,0.01715889302
69.35,0.006283185307,-0.00437086327,-0.03156242799,-0.0293768196,0.01850794288
69.4,0.006283185307,-0.004523595026,-0.03142889523,-0.02971033968,0.01984685464
69.45,0.006283185307,-0.004678032522,-0.03129566595,-0.03004725241,0.02117494292
69.5,0.006283185307,-0.004834093395,-0.03116289583,-0.03038743902,0.02249152231
69.55,0.006283185307,-0.004991695282,-0.03103074056,-0.03073078071,0.02379590741
69.6,0.006283185307,-0.005150755819,-0.03089935584,-0.03107715869,0.02508741284
69.65,0.006283185307,-0.005311192642,-0.03076889736,-0.03142645417,0.0263653532
69.7,0.006283185307,-0.005472923389,-0.03063952081,-0.03177854836,0.02762904309
69.75,0.006283185307,-0.005635865696,-0.03051138187,-0.03213332246,0.02887779712
69.8,0.006283185307,-0.0057999372,-0.03038463625,-0.03249065768,0.03011092988
69.85,0.006283185307,-0.005965055537,-0.03025943962,-0.03285043524,0.031327756
69.9,0.006283185307,-0.006131138344,-0.03013594769,-0.03321253634,0.03252759007
69.95,0.006283185307,-0.006298103258,-0.03001431614,-0.03357684219,0.03370974669
70,0.006283185307,-0.006465867914,-0.02989470066,-0.033943234,0.03487354047
70.05,0.006283185307,-0.006634349951,-0.02977725694,-0.03431159297,0.03601828602
70.1,0.006283185307,-0.006803467004,-0.02966214068,-0.03468180032,0.03714329794
70.15,0.006283185307,-0.00697313671,-0.02954950756,-0.03505373726,0.03824789083
70.2,0.006283185307,-0.007143276705,-0.02943951328,-0.03542728499,0.0393313793
70.25,0.006283185307,-0.007313804627,-0.02933231352,-0.03580232472,0.04039307796
70.3,0.006283185307,-0.007484638112,-0.02922806398,-0.03617873766,0.0414323014
70.35,0.006283185307,-0.007655694796,-0.02912692035,-0.03655640502,0.04244836424
70.4,0.006283185307,-0.007826892317,-0.02902903832,-0.03693520801,0.04344058107
70.45,0.006283185307,-0.00799814831,-0.02893457358,-0.03731502783,0.04440826651
70.5,0.006283185307,-0.008169380413,-0.02884368182,-0.0376957457,0.04535073515
70.55,0.006283185307,-0.008340506262,-0.02875651872,-0.03807724282,0.04626730161
70.6,0.006283185307,-0.008511443494,-0.02867323999,-0.03845940041,0.04715728049
70.65,0.006283185307,-0.008682109744,-0.02859400132,-0.03884209966,0.04801998638
70.7,0.006283185307,-0.008852422651,-0.02851895838,-0.0392252218,0.0488547339
70.75,0.006283185307,-0.009022299851,-0.02844826688,-0.03960864802,0.04966083765
70.8,0.006283185307,-0.009191658979,-0.0283820825,-0.03999225954,0.05043761224
70.85,0.006283185307,-0.009360417674,-0.02832056094,-0.04037593757,0.05118437227
70.9,0.006283185307,-0.00952849357,-0.02826385789,-0.04075956331,0.05190043234
70.95,0.006283185307,-0.009695804306,-0.02821212903,-0.04114301797,0.05258510706
71,0.006283185307,-0.009862267518,-0.02816553006,-0.04152618276,0.05323771104
71.05,0.006283185307,-0.01002780084,-0.02812421667,-0.04190893889,0.05385755887
71.1,0.006283185307,-0.01019232191,-0.02808834454,-0.04229116757,0.05444396517
71.15,0.006283185307,-0.01035574837,-0.02805806938,-0.04267275001,0.05499624453
71.2,0.006283185307,-0.01051799785,-0.02803354687,-0.04305356742,0.05551371157
71.25,0.006283185307,-0.01067898799,-0.0280149327,-0.043433501,0.05599568089
71.3,0.006283185307,-0.01083863643,-0.02800238256,-0.04381243196,0.05644146708
71.35,0.006283185307,-0.0109968608,-0.02799605214,-0.04419024151,0.05685038477
71.4,0.006283185307,-0.01115357873,-0.02799609714,-0.04456681086,0.05722174854
71.45,0.006283185307,-0.01130870787,-0.02800267324,-0.04494202123,0.05755487302
71.5,0.006283185307,-0.01146216585,-0.02801593614,-0.04531575381,0.05784907279
71.55,0.006283185307,-0.01161387032,-0.02803604152,-0.04568788981,0.05810366247
71.6,0.006283185307,-0.01176373889,-0.02806314508,-0.04605831045,0.05831795666
71.65,0.006283185307,-0.01191168922,-0.02809740251,-0.04642689694,0.05849126996
71.7,0.006283185307,-0.01205763894,-0.02813896949,-0.04679353047,0.05862291698
71.75,0.006283185307,-0.01220150568,-0.02818800173,-0.04715809227,0.05871221233
71.8,0.006283185307,-0.01234320708,-0.0282446549,-0.04752046354,0.05875847061
71.85,0.006283185307,-0.01248266079,-0.02830908471,-0.04788052548,0.05876100642
71.9,0.006283185307,-0.01261978442,-0.02838144683,-0.04823815931,0.05871913436
71.95,0.006283185307,-0.01275449563,-0.02846189697,-0.04859324624,0.05863216905
72,0.006283185307,-0.01288671205,-0.02855059081,-0.04894566747,0.05849942509
72.05,0.006283185307,-0.01301635131,-0.02864768404,-0.04929530421,0.05832021708
72.1,0.006283185307,-0.01314333105,-0.02875333236,-0.04964203767,0.05809385963
72.15,0.006283185307,-0.01326756892,-0.02886769145,-0.04998574907,0.05781966734
72.2,0.006283185307,-0.01338898253,-0.02899091701,-0.0503263196,0.05749695482
72.25,0.006283185307,-0.01350748954,-0.02912316473,-0.05066363048,0.05712503666
72.3,0.006283185307,-0.01362300757,-0.02926459029,-0.05099756291,0.05670322748
72.35,0.006283185307,-0.01373545427,-0.02941534939,-0.05132799811,0.05623084189
72.4,0.006283185307,-0.01384474728,-0.02957559772,-0.05165481728,0.05570719447
72.45,0.006283185307,-0.01395080422,-0.02974549096,-0.05197790163,0.05513159985
72.5,0.006283185307,-0.01405354273,-0.02992518482,-0.05229713237,0.05450337262
72.55,0.006283185307,-0.01415288045,-0.03011483498,-0.05261239072,0.05382182739
72.6,0.006283185307,-0.01424873503,-0.03031459713,-0.05292355786,0.05308627877
72.65,0.006283185307,-0.01434102408,-0.03052462697,-0.05323051503,0.05229604135
72.7,0.006283185307,-0.01442966526,-0.03074508017,-0.05353314342,0.05145042975
72.75,0.006283185307,-0.0145145762,-0.03097611244,-0.05383132424,0.05054875856
72.8,0.006283185307,-0.01459567453,-0.03121787947,-0.05412493871,0.0495903424
72.85,0.006283185307,-0.01467287789,-0.03147053694,-0.05441386802,0.04857449586
72.9,0.006283185307,-0.01474610391,-0.03173424055,-0.05469799339,0.04750053355
72.95,0.006283185307,-0.01481527025,-0.03200914598,-0.05497719604,0.04636777009
73,0.006283185307,-0.01488029452,-0.03229540893,-0.05525135715,0.04517552006
73.05,0.006283185307,-0.01494109437,-0.03259318509,-0.05552035796,0.04392309808
73.1,0.006283185307,-0.01499758743,-0.03290263015,-0.05578407965,0.04260981874
73.15,0.006283185307,-0.01504969135,-0.0332238998,-0.05604240345,0.04123499667
73.2,0.006283185307,-0.01509732375,-0.03355714973,-0.05629521056,0.03979794645
73.25,0.006283185307,-0.01514040227,-0.03390253564,-0.05654238219,0.0382979827
73.3,0.006283185307,-0.01517884456,-0.0342602132,-0.05678379955,0.03673442002
73.35,0.006283185307,-0.01521256824,-0.03463033812,-0.05701934384,0.03510657301
73.4,0.006283185307,-0.01524149096,-0.03501306608,-0.05724889628,0.03341375628
73.45,0.006283185307,-0.01526553035,-0.03540855277,-0.05747233808,0.03165528443
73.5,0.006283185307,-0.01528460404,-0.0358169539,-0.05768955043,0.02983047207
73.55,0.006283185307,-0.01529862968,-0.03623842513,-0.05790041456,0.02793863381
73.6,0.006283185307,-0.0153075249,-0.03667312218,-0.05810481167,0.02597908424
73.65,0.006283185307,-0.01531120734,-0.03712120072,-0.05830262297,0.02395113797
73.7,0.006283185307,-0.01530959463,-0.03758281645,-0.05849372966,0.02185410961
73.75,0.006283185307,-0.0153026044,-0.03805812506,-0.05867801296,0.01968731376
73.8,0.006283185307,-0.01529015431,-0.03854728223,-0.05885535407,0.01745006503
73.85,0.006283185307,-0.01527216198,-0.03905044367,-0.05902563421,0.01514167801
73.9,0.006283185307,-0.01524854505,-0.03956776506,-0.05918873458,0.01276146733
73.95,0.006283185307,-0.01521922115,-0.0400994021,-0.05934453639,0.01030874757
74,0.006283185307,-0.01518410793,-0.04064551046,-0.05949292085,0.007782833345
74.05,0.006283185307,-0.01514312302,-0.04120624585,-0.05963376916,0.005183039262
74.1,0.006283185307,-0.01509618406,-0.04178176395,-0.05976696254,0.002508679923
74.15,0.006283185307,-0.01504320868,-0.04237222046,-0.0598923822,-0.0002409300682
74.2,0.006283185307,-0.01498467314,-0.04297027297,-0.06000753353,-0.003032678577
74.25,0.006283185307,-0.01492238301,-0.04355172173,-0.06010473804,-0.00575741038
74.3,0.006283185307,-0.01485654902,-0.04411487629,-0.06018362572,-0.008407364342
74.35,0.006283185307,-0.01478724514,-0.04465992124,-0.06024442695,-0.01098322876
74.4,0.006283185307,-0.01471454536,-0.04518704118,-0.06028737215,-0.01348569195
74.45,0.006283185307,-0.01463852365,-0.04569642072,-0.06031269171,-0.01591544221
74.5,0.006283185307,-0.01455925397,-0.04618824446,-0.06032061605,-0.01827316783
74.55,0.006283185307,-0.01447681032,-0.04666269698,-0.06031137555,-0.02055955712
74.6,0.006283185307,-0.01439126667,-0.04711996291,-0.06028520063,-0.02277529838
74.65,0.006283185307,-0.01430269699,-0.04756022682,-0.06024232168,-0.02492107992
74.7,0.006283185307,-0.01421117525,-0.04798367333,-0.06018296911,-0.02699759004
74.75,0.006283185307,-0.01411677544,-0.04839048703,-0.06010737332,-0.02900551703
74.8,0.006283185307,-0.01401957153,-0.04878085253,-0.06001576471,-0.03094554921
74.85,0.006283185307,-0.0139196375,-0.04915495442,-0.05990837368,-0.03281837487
74.9,0.006283185307,-0.01381704732,-0.0495129773,-0.05978543063,-0.03462468231
74.95,0.006283185307,-0.01371187497,-0.04985510577,-0.05964716597,-0.03636515985
75,0.006283185307,-0.01360419442,-0.05018152443,-0.0594938101,-0.03804049577
75.05,0.006283185307,-0.01349407965,-0.05049241789,-0.05932559342,-0.03965137838
75.1,0.006283185307,-0.01338160463,-0.05078797074,-0.05914274633,-0.04119849599
75.15,0.006283185307,-0.01326684335,-0.05106836758,-0.05894549923,-0.0426825369
75.2,0.006283185307,-0.01314986978,-0.05133379302,-0.05873408253,-0.0441041894
75.25,0.006283185307,-0.01303075789,-0.05158443164,-0.05850872663,-0.04546414181
75.3,0.006283185307,-0.01290958166,-0.05182046806,-0.05826966193,-0.04676308242
75.35,0.006283185307,-0.01278641507,-0.05204208686,-0.05801711883,-0.04800169953
75.4,0.006283185307,-0.01266133209,-0.05224947266,-0.05775132773,-0.04918068145
75.45,0.006283185307,-0.01253440669,-0.05244281005,-0.05747251904,-0.05030071648
75.5,0.006283185307,-0.01240571286,-0.05262228363,-0.05718092315,-0.05136249293
75.55,0.006283185307,-0.01227532457,-0.05278807799,-0.05687677048,-0.05236669908
75.6,0.006283185307,-0.0121433158,-0.05294037775,-0.05656029142,-0.05331402326
75.65,0.006283185307,-0.01200976052,-0.0530793675,-0.05623171637,-0.05420515375
75.7,0.006283185307,-0.01187473271,-0.05320523184,-0.05589127573,-0.05504077886
75.75,0.006283185307,-0.01173830634,-0.05331815537,-0.05553919991,-0.05582158689
75.8,0.006283185307,-0.01160055539,-0.05341832269,-0.05517571932,-0.05654826615
75.85,0.006283185307,-0.01146155383,-0.05350591839,-0.05480106434,-0.05722150494
75.9,0.006283185307,-0.01132137565,-0.05358112709,-0.05441546538,-0.05784199156
75.95,0.006283185307,-0.01118009482,-0.05364413337,-0.05401915286,-0.0584104143
76,0.006283185307,-0.01103778531,-0.05369512184,-0.05361235715,-0.05892746148
76.05,0.006283185307,-0.0108945211,-0.05373427711,-0.05319530868,-0.0593938214
76.1,0.006283185307,-0.01075037616,-0.05376178376,-0.05276823784,-0.05981018236
76.15,0.006283185307,-0.01060542448,-0.05377782639,-0.05233137503,-0.06017723265
76.2,0.006283185307,-0.01045974002,-0.05378258962,-0.05188495065,-0.06049566059
76.25,0.006283185307,-0.01031339677,-0.05377625803,-0.05142919511,-0.06076615447
76.3,0.006283185307,-0.0101664687,-0.05375901623,-0.05096433881,-0.0609894026
76.35,0.006283185307,-0.01001902978,-0.05373104882,-0.05049061216,-0.06116609328
76.4,0.006283185307,-0.009871153999,-0.0536925404,-0.05000824554,-0.06129691481
76.45,0.006283185307,-0.009722915322,-0.05364367556,-0.04951746937,-0.06138255549
76.5,0.006283185307,-0.009574387729,-0.05358463891,-0.04901851404,-0.06142370362
76.55,0.006283185307,-0.009425645196,-0.05351561504,-0.04851160996,-0.06142104752
76.6,0.006283185307,-0.009276761699,-0.05343678857,-0.04799698753,-0.06137527547
76.65,0.006283185307,-0.009127811213,-0.05334834408,-0.04747487716,-0.06128707579
76.7,0.006283185307,-0.008978867715,-0.05325046617,-0.04694550924,-0.06115713677
76.75,0.006283185307,-0.008830005181,-0.05314333945,-0.04640911417,-0.06098614672
76.8,0.006283185307,-0.008681297586,-0.05302714852,-0.04586592236,-0.06077479394
76.85,0.006283185307,-0.008532818907,-0.05290207797,-0.04531616422,-0.06052376672
76.9,0.006283185307,-0.00838464312,-0.0527683124,-0.04476007013,-0.06023375338
76.95,0.006283185307,-0.0082368442,-0.05262603643,-0.04419787051,-0.05990544222
77,0.006283185307,-0.008089496124,-0.05247543463,-0.04362979575,-0.05953952153
77.05,0.006283185307,-0.007942672867,-0.05231669162,-0.04305607627,-0.05913667962
77.1,0.006283185307,-0.007796448406,-0.052149992,-0.04247694245,-0.0586976048
77.15,0.006283185307,-0.007650896716,-0.05197552036,-0.0418926247,-0.05822298535
77.2,0.006283185307,-0.007506091774,-0.05179346131,-0.04130335343,-0.0577135096
77.25,0.006283185307,-0.007362107556,-0.05160399943,-0.04070935903,-0.05716986583
77.3,0.006283185307,-0.007219018037,-0.05140731935,-0.04011087191,-0.05659274235
77.35,0.006283185307,-0.007076897194,-0.05120360564,-0.03950812247,-0.05598282747
77.4,0.006283185307,-0.006935819002,-0.05099304292,-0.03890134111,-0.05534080948
77.45,0.006283185307,-0.006795857438,-0.05077581579,-0.03829075823,-0.05466737668
77.5,0.006283185307,-0.006657086477,-0.05055210883,-0.03767660424,-0.05396321739
77.55,0.006283185307,-0.006519580095,-0.05032210666,-0.03705910953,-0.0532290199
77.6,0.006283185307,-0.006383412269,-0.05008599387,-0.03643850452,-0.05246547251
77.65,0.006283185307,-0.006248656975,-0.04984395507,-0.03581501959,-0.05167326352
77.7,0.006283185307,-0.006115388188,-0.04959617484,-0.03518888516,-0.05085308125
77.75,0.006283185307,-0.005983679884,-0.0493428378,-0.03456033163,-0.05000561398
77.8,0.006283185307,-0.00585360604,-0.04908412854,-0.03392958939,-0.04913155003
77.85,0.006283185307,-0.005725240631,-0.04882023166,-0.03329688884,-0.04823157769
77.9,0.006283185307,-0.005598657633,-0.04855133177,-0.0326624604,-0.04730638526
77.95,0.006283185307,-0.005473931023,-0.04827761345,-0.03202653447,-0.04635666106
78,0.006283185307,-0.005351134777,-0.04799926132,-0.03138934143,-0.04538309338
78.05,0.006283185307,-0.005230342869,-0.04771645997,-0.03075111171,-0.04438637052
78.1,0.006283185307,-0.005111629277,-0.047429394,-0.03011207569,-0.04336718078
78.15,0.006283185307,-0.004995067977,-0.04713824801,-0.02947246378,-0.04232621248
78.2,0.006283185307,-0.004880732943,-0.0468432066,-0.02883250638,-0.0412641539
78.25,0.006283185307,-0.004768698153,-0.04654445437,-0.0281924339,-0.04018169335
78.3,0.006283185307,-0.004659037582,-0.04624217592,-0.02755247674,-0.03907951914
78.35,0.006283185307,-0.004551825207,-0.04593655585,-0.02691286529,-0.03795831957
78.4,0.006283185307,-0.004447135003,-0.04562777876,-0.02627382997,-0.03681878293
78.45,0.006283185307,-0.004345040946,-0.04531602925,-0.02563560116,-0.03566159753
78.5,0.006283185307,-0.004245617012,-0.04500149192,-0.02499840928,-0.03448745168
78.55,0.006283185307,-0.004148937177,-0.04468435137,-0.02436248473,-0.03329703367
78.6,0.006283185307,-0.004055075418,-0.04436479219,-0.0237280579,-0.03209103181
78.65,0.006283185307,-0.00396410571,-0.044042999,-0.0230953592,-0.0308701344
78.7,0.006283185307,-0.003876102029,-0.04371915638,-0.02246461904,-0.02963502974
78.75,0.006283185307,-0.003791138352,-0.04339344895,-0.02183606781,-0.02838640613
78.8,0.006283185307,-0.003709288653,-0.04306606129,-0.02120993591,-0.02712495188
78.85,0.006283185307,-0.00363062691,-0.04273717801,-0.02058645375,-0.02585135529
78.9,0.006283185307,-0.003555227098,-0.04240698371,-0.01996585173,-0.02456630466
78.95,0.006283185307,-0.003483163193,-0.04207566298,-0.01934836026,-0.02327048829
79,0.006283185307,-0.003414509171,-0.04174340043,-0.01873420972,-0.02196459449
79.05,0.006283185307,-0.003349339008,-0.04141038066,-0.01812363053,-0.02064931155
79.1,0.006283185307,-0.00328772668,-0.04107678827,-0.01751685309,-0.01932532778
79.15,0.006283185307,-0.003229746164,-0.04074280786,-0.0169141078,-0.01799333148
79.2,0.006283185307,-0.003175471434,-0.04040862402,-0.01631562506,-0.01665401096
79.25,0.006283185307,-0.003124976468,-0.04007442136,-0.01572163527,-0.01530805451
79.3,0.006283185307,-0.003078335241,-0.03974038447,-0.01513236884,-0.01395615043
79.35,0.006283185307,-0.003035621728,-0.03940669796,-0.01454805616,-0.01259898704
79.4,0.006283185307,-0.002996909907,-0.03907354643,-0.01396892765,-0.01123725263
79.45,0.006283185307,-0.002962273753,-0.03874111447,-0.01339521369,-0.009871635509
79.5,0.006283185307,-0.002931787241,-0.03840958669,-0.0128271447,-0.008502823971
79.55,0.006283185307,-0.002905524349,-0.03807914768,-0.01226495107,-0.007131506321
79.6,0.006283185307,-0.002883559052,-0.03774998205,-0.01170886321,-0.005758370862
79.65,0.006283185307,-0.002865965326,-0.0374222744,-0.01115911152,-0.004384105896
79.7,0.006283185307,-0.002852817146,-0.03709620932,-0.01061592639,-0.003009399725
79.75,0.006283185307,-0.00284418849,-0.03677197141,-0.01007953824,-0.001634940651
79.8,0.006283185307,-0.002840153333,-0.03644974528,-0.009550177469,-0.0002614169775
79.85,0.006283185307,-0.00284078565,-0.03612971552,-0.00902807447,0.001110482995
79.9,0.006283185307,-0.002846159419,-0.03581206674,-0.00851345965,0.002480070963
79.95,0.006283185307,-0.002856348614,-0.03549698353,-0.00800656341,0.003846658625
80,0.006283185307,-0.002871427212,-0.0351846505,-0.007507616152,0.005209557679
80.05,0.006283185307,-0.002891469189,-0.03487525224,-0.007016848278,0.006568079822
80.1,0.006283185307,-0.002916548521,-0.03456897335,-0.006534490191,0.007921536753
80.15,0.006283185307,-0.002946739184,-0.03426599843,-0.006060772291,0.009269240168
80.2,0.006283185307,-0.002982115154,-0.03396651209,-0.005595924982,0.01061050177
80.25,0.006283185307,-0.003022750406,-0.03367069892,-0.005140178664,0.01194463325
80.3,0.006283185307,-0.003068718918,-0.03337874353,-0.00469376374,0.0132709463
80.35,0.006283185307,-0.003120094664,-0.03309083051,-0.004256910613,0.01458875264
80.4,0.006283185307,-0.003176951621,-0.03280714446,-0.003829849683,0.01589736395
80.45,0.006283185307,-0.003239363765,-0.03252786998,-0.003412811352,0.01719609193
80.5,0.006283185307,-0.003307405071,-0.03225319167,-0.003006026024,0.01848424828
80.55,0.006283185307,-0.003381149517,-0.03198329414,-0.002609724099,0.0197611447
80.6,0.006283185307,-0.003460671077,-0.03171836197,-0.002224135979,0.02102609288
80.65,0.006283185307,-0.003546043728,-0.03145857978,-0.001849492067,0.02227840453
80.7,0.006283185307,-0.003637341445,-0.03120413216,-0.001486022764,0.02351739134
80.75,0.006283185307,-0.003734638205,-0.03095520371,-0.001133958473,0.024742365
80.8,0.006283185307,-0.003838007984,-0.03071197904,-0.0007935295951,0.02595263723
80.85,0.006283185307,-0.003947524758,-0.03047464273,-0.0004649665324,0.02714751971
80.9,0.006283185307,-0.004063262502,-0.03024337939,-0.0001484996869,0.02832632414
80.95,0.006283185307,-0.004185295193,-0.03001837363,0.0001556405395,0.02948836222
81,0.006283185307,-0.004313696807,-0.02979981003,0.0004472237449,0.03063294565
81.05,0.006283185307,-0.004448541319,-0.0295878732,0.0007260195272,0.03175938612
81.1,0.006283185307,-0.004589902706,-0.02938274775,0.0009917974845,0.03286699534
81.15,0.006283185307,-0.004737854944,-0.02918461826,0.001244327215,0.033955085
81.2,0.006283185307,-0.004892472008,-0.02899366934,0.001483378317,0.0350229668
81.25,0.006283185307,-0.005053827875,-0.0288100856,0.001708720388,0.03606995244
81.3,0.006283185307,-0.00522199652,-0.02863405162,0.001920123026,0.03709535361
81.35,0.006283185307,-0.00539705192,-0.02846575201,0.002117355829,0.03809848202
81.4,0.006283185307,-0.005579068051,-0.02830537137,0.002300188396,0.03907864935
81.45,0.006283185307,-0.005768118888,-0.02815309429,0.002468390324,0.04003516731
81.5,0.006283185307,-0.005964278408,-0.02800910539,0.002621731212,0.0409673476
81.55,0.006283185307,-0.006167620586,-0.02787358925,0.002759980658,0.04187450192
81.6,0.006283185307,-0.006378219399,-0.02774673048,0.002882908259,0.04275594195
81.65,0.006283185307,-0.006596148822,-0.02762871368,0.002990283613,0.04361097941
81.7,0.006283185307,-0.006821482831,-0.02751972345,0.00308187632,0.04443892598
81.75,0.006283185307,-0.007054295404,-0.02741994438,0.003157455976,0.04523909337
81.8,0.006283185307,-0.007294660514,-0.02732956109,0.00321679218,0.04601079327
81.85,0.006283185307,-0.007542652139,-0.02724875816,0.00325965453,0.04675333738
81.9,0.006283185307,-0.007798344255,-0.02717772019,0.003285812625,0.0474660374
81.95,0.006283185307,-0.008061810837,-0.02711663179,0.003295036061,0.04814820503
82,0.006283185307,-0.008333125861,-0.02706567756,0.003287094437,0.04879915196
82.05,0.006283185307,-0.008612363304,-0.0270250421,0.003261757351,0.04941818989
82.1,0.006283185307,-0.008899597142,-0.02699491,0.003218794402,0.05000463053
82.15,0.006283185307,-0.009194901349,-0.02697546586,0.003157975187,0.05055778556
82.2,0.006283185307,-0.009498349903,-0.0269668943,0.003079069304,0.05107696669
82.25,0.006283185307,-0.00981001678,-0.0269693799,0.002981846352,0.05156148561
82.3,0.006283185307,-0.01012997595,-0.02698310726,0.002866075928,0.05201065402
82.35,0.006283185307,-0.0104583014,-0.02700826099,0.00273152763,0.05242378362
82.4,0.006283185307,-0.0107950671,-0.02704502568,0.002577971057,0.05280018611
82.45,0.006283185307,-0.01114034703,-0.02709358594,0.002405175807,0.05313917318
82.5,0.006283185307,-0.01149421516,-0.02715412636,0.002212911477,0.05344005654
82.55,0.006283185307,-0.01185674546,-0.02722683155,0.002000947667,0.05370214787
82.6,0.006283185307,-0.01222801192,-0.0273118861,0.001769053973,0.05392475889
82.65,0.006283185307,-0.01260808851,-0.02740947462,0.001516999994,0.05410720128
82.7,0.006283185307,-0.01299704921,-0.0275197817,0.001244555327,0.05424878674
82.75,0.006283185307,-0.01339496799,-0.02764299194,0.0009514895721,0.05434882697
82.8,0.006283185307,-0.01380191883,-0.02777928995,0.0006375723259,0.05440663368
82.85,0.006283185307,-0.0142179757,-0.02792886032,0.0003025731868,0.05442151855
82.9,0.006283185307,-0.01464321258,-0.02809188766,-5.373824718e-05,0.05439279329
82.95,0.006283185307,-0.01507770345,-0.02826855655,-0.0004315923779,0.05431976959
83,0.006283185307,-0.01552152228,-0.02845905161,-0.0008312196074,0.05420175915
83.05,0.006283185307,-0.01597474305,-0.02866355743,-0.001252850338,0.05403807367
83.1,0.006283185307,-0.01643743973,-0.02888225862,-0.00169671497,0.05382802484
83.15,0.006283185307,-0.01690968631,-0.02911533977,-0.002163043908,0.05357092437
83.2,0.006283185307,-0.01739155675,-0.02936298547,-0.002652067551,0.05326608395
83.25,0.006283185307,-0.01788312503,-0.02962538035,-0.003164016304,0.05291281529
83.3,0.006283185307,-0.01838446513,-0.02990270898,-0.003699120566,0.05251043006
83.35,0.006283185307,-0.01889565102,-0.03019515597,-0.004257610741,0.05205823999
83.4,0.006283185307,-0.01941675668,-0.03050290593,-0.00483971723,0.05155555676
83.45,0.006283185307,-0.01994785609,-0.03082614344,-0.005445670436,0.05100169206
83.5,0.006283185307,-0.02048902322,-0.03116505312,-0.006075700759,0.05039595761
83.55,0.006283185307,-0.02104033205,-0.03151981956,-0.006730038603,0.0497376651
83.6,0.006283185307,-0.02160185656,-0.03189062736,-0.007408914368,0.04902612622
83.65,0.006283185307,-0.02217367071,-0.03227766112,-0.008112558458,0.04826065267
83.7,0.006283185307,-0.02275584849,-0.03268110544,-0.008841201274,0.04744055615
83.75,0.006283185307,-0.02334846387,-0.03310114492,-0.009595073217,0.04656514836
83.8,0.006283185307,-0.02395159083,-0.03353796416,-0.01037440469,0.04563374099
83.85,0.006283185307,-0.02456530335,-0.03399174775,-0.01117942609,0.04464564575
83.9,0.006283185307,-0.02518967539,-0.03446268031,-0.01201036783,0.04360017433
83.95,0.006283185307,-0.02582478094,-0.03495094643,-0.01286746031,0.04249663843
84,0.006283185307,-0.02647069397,-0.03545673071,-0.01375093392,0.04133434975
84.05,0.006283185307,-0.02712748846,-0.03598021774,-0.01466101907,0.04011261998
84.1,0.006283185307,-0.02779523839,-0.03652159214,-0.01559794616,0.03883076082
84.15,0.006283185307,-0.02847401772,-0.03708103849,-0.0165619456,0.03748808398
84.2,0.006283185307,-0.02916390044,-0.0376587414,-0.01755324778,0.03608390114
84.25,0.006283185307,-0.02986496052,-0.03825488547,-0.01857208311,0.03461752401
84.3,0.006283185307,-0.03057727194,-0.0388696553,-0.01961868199,0.03308826428
84.35,0.006283185307,-0.03130090867,-0.03950323548,-0.02069327482,0.03149543365
84.4,0.006283185307,-0.0320359447,-0.04015581063,-0.021796092,0.02983834383
84.45,0.006283185307,-0.03278245399,-0.04082756533,-0.02292736394,0.0281163065
84.5,0.006283185307,-0.03354051052,-0.04151868418,-0.02408732103,0.02632863337
84.55,0.006283185307,-0.03431018827,-0.0422293518,-0.02527619368,0.02447463613
84.6,0.006283185307,-0.03509156121,-0.04295975277,-0.0264942123,0.02255362648
84.65,0.006283185307,-0.03588470332,-0.0437100717,-0.02774160727,0.02056491612
84.7,0.006283185307,-0.03668968858,-0.04448049318,-0.02901860901,0.01850781674
84.75,0.006283185307,-0.03750659096,-0.04527120183,-0.03032544792,0.01638164005
84.8,0.006283185307,-0.03833548444,-0.04608238222,-0.0316623544,0.01418569774
84.85,0.006283185307,-0.03917644299,-0.04691421898,-0.03302955885,0.01191930152
84.9,0.006283185307,-0.04002954059,-0.04776689668,-0.03442729167,0.009581763065
84.95,0.006283185307,-0.04089485121,-0.04864059995,-0.03585578326,0.007172394091
85,0.006283185307,-0.04177244884,-0.04953551337,-0.03731526403,0.004690506289
85.05,0.006283185307,-0.04263777184,-0.05042536308,-0.03876630851,0.002201474678
85.1,0.006283185307,-0.04346646826,-0.05128395847,-0.04016964634,-0.0002291959311
85.15,0.006283185307,-0.0442589266,-0.05211160898,-0.04152574055,-0.002601999144
85.2,0.006283185307,-0.04501553537,-0.05290862407,-0.04283505418,-0.004917428566
85.25,0.006283185307,-0.04573668307,-0.05367531321,-0.04409805029,-0.007175977806
85.3,0.006283185307,-0.0464227582,-0.05441198583,-0.04531519191,-0.00937814047
85.35,0.006283185307,-0.04707414926,-0.0551189514,-0.04648694209,-0.01152441016
85.4,0.006283185307,-0.04769124476,-0.05579651938,-0.04761376386,-0.01361528049
85.45,0.006283185307,-0.04827443319,-0.05644499922,-0.04869612028,-0.01565124507
85.5,0.006283185307,-0.04882410307,-0.05706470037,-0.04973447439,-0.01763279749
85.55,0.006283185307,-0.04934064289,-0.0576559323,-0.05072928922,-0.01956043137
85.6,0.006283185307,-0.04982444115,-0.05821900445,-0.05168102783,-0.02143464032
85.65,0.006283185307,-0.05027588637,-0.05875422629,-0.05259015325,-0.02325591793
85.7,0.006283185307,-0.05069536703,-0.05926190727,-0.05345712853,-0.02502475783
85.75,0.006283185307,-0.05108327165,-0.05974235684,-0.05428241671,-0.0267416536
85.8,0.006283185307,-0.05143998872,-0.06019588446,-0.05506648084,-0.02840709887
85.85,0.006283185307,-0.05176590675,-0.06062279958,-0.05580978395,-0.03002158723
85.9,0.006283185307,-0.05206141424,-0.06102341167,-0.05651278909,-0.03158561229
85.95,0.006283185307,-0.05232689969,-0.06139803017,-0.05717595931,-0.03309966767
86,0.006283185307,-0.05256275161,-0.06174696455,-0.05779975764,-0.03456424696
86.05,0.006283185307,-0.0527693585,-0.06207052426,-0.05838464713,-0.03597984377
86.1,0.006283185307,-0.05294710886,-0.06236901875,-0.05893109083,-0.03734695172
86.15,0.006283185307,-0.05309639119,-0.06264275747,-0.05943955177,-0.0386660644
86.2,0.006283185307,-0.05321759399,-0.0628920499,-0.059910493,-0.03993767543
86.25,0.006283185307,-0.05331110577,-0.06311720548,-0.06034437756,-0.0411622784
86.3,0.006283185307,-0.05337731503,-0.06331853366,-0.06074166849,-0.04234036693
86.35,0.006283185307,-0.05341661027,-0.0634963439,-0.06110282885,-0.04347243463
86.4,0.006283185307,-0.05342938,-0.06365094567,-0.06142832166,-0.04455897509
86.45,0.006283185307,-0.05341601272,-0.06378264841,-0.06171860998,-0.04560048193
86.5,0.006283185307,-0.05337689692,-0.06389176157,-0.06197415684,-0.04659744875
86.55,0.006283185307,-0.05331242112,-0.06397859463,-0.0621954253,-0.04755036917
86.6,0.006283185307,-0.05322297381,-0.06404345702,-0.06238287838,-0.04845973677
86.65,0.006283185307,-0.0531089435,-0.06408665821,-0.06253697915,-0.04932604519
86.7,0.006283185307,-0.05297071869,-0.06410850765,-0.06265819063,-0.05014978801
86.75,0.006283185307,-0.05280868788,-0.0641093148,-0.06274697587,-0.05093145885
86.8,0.006283185307,-0.05262323957,-0.06408938911,-0.06280379792,-0.05167155131
86.85,0.006283185307,-0.05241476228,-0.06404904005,-0.06282911982,-0.052370559
86.9,0.006283185307,-0.05218364449,-0.06398857705,-0.06282340461,-0.05302897552
86.95,0.006283185307,-0.05193027471,-0.06390830959,-0.06278711533,-0.05364729449
87,0.006283185307,-0.05165504144,-0.06380854712,-0.06272071503,-0.05422600951
87.05,0.006283185307,-0.0513583332,-0.06368959908,-0.06262466676,-0.05476561419
87.1,0.006283185307,-0.05104053847,-0.06355177495,-0.06249943354,-0.05526660213
87.15,0.006283185307,-0.05070204576,-0.06339538417,-0.06234547843,-0.05572946693
87.2,0.006283185307,-0.05034324358,-0.06322073619,-0.06216326447,-0.05615470221
87.25,0.006283185307,-0.04996452042,-0.06302814048,-0.06195325471,-0.05654280158
87.3,0.006283185307,-0.0495662648,-0.0628179065,-0.06171591218,-0.05689425864
87.35,0.006283185307,-0.0491488652,-0.06259034368,-0.06145169993,-0.05720956699
87.4,0.006283185307,-0.04871271014,-0.0623457615,-0.061161081,-0.05748922024
87.45,0.006283185307,-0.04825818811,-0.06208446941,-0.06084451843,-0.057733712
87.5,0.006283185307,-0.04778568762,-0.06180677686,-0.06050247527,-0.05794353588
87.55,0.006283185307,-0.04729559717,-0.06151299331,-0.06013541457,-0.05811918548
87.6,0.006283185307,-0.04678830527,-0.06120342821,-0.05974379936,-0.05826115441
87.65,0.006283185307,-0.04626420041,-0.06087839102,-0.05932809268,-0.05836993628
87.7,0.006283185307,-0.0457236711,-0.0605381912,-0.05888875759,-0.05844602468
87.75,0.006283185307,-0.04516710584,-0.0601831382,-0.05842625711,-0.05848991324
87.8,0.006283185307,-0.04459489314,-0.05981354148,-0.05794105431,-0.05850209556
87.85,0.006283185307,-0.04400742149,-0.05942971049,-0.05743361221,-0.05848306523
87.9,0.006283185307,-0.0434050794,-0.05903195469,-0.05690439387,-0.05843331587
87.95,0.006283185307,-0.04278825537,-0.05862058353,-0.05635386232,-0.05835334109
88,0.006283185307,-0.0421573379,-0.05819590647,-0.05578248061,-0.0582436345
88.05,0.006283185307,-0.04151271549,-0.05775823297,-0.05519071178,-0.05810468969
88.1,0.006283185307,-0.04085477666,-0.05730787248,-0.05457901888,-0.05793700027
88.15,0.006283185307,-0.0401839099,-0.05684513446,-0.05394786494,-0.05774105986
88.2,0.006283185307,-0.0395005037,-0.05637032835,-0.05329771301,-0.05751736206
88.25,0.006283185307,-0.03880494659,-0.05588376363,-0.05262902614,-0.05726640047
88.3,0.006283185307,-0.03809762705,-0.05538574974,-0.05194226737,-0.05698866871
88.35,0.006283185307,-0.03737893359,-0.05487659614,-0.05123789973,-0.05668466037
88.4,0.006283185307,-0.03664925471,-0.05435661229,-0.05051638628,-0.05635486907
88.45,0.006283185307,-0.03590897892,-0.05382610763,-0.04977819005,-0.05599978841
88.5,0.006283185307,-0.03515849472,-0.05328539163,-0.04902377409,-0.055619912
88.55,0.006283185307,-0.03439819061,-0.05273477375,-0.04825360144,-0.05521573345
88.6,0.006283185307,-0.03362845508,-0.05217456343,-0.04746813515,-0.05478774635
88.65,0.006283185307,-0.03284967666,-0.05160507014,-0.04666783826,-0.05433644433
88.7,0.006283185307,-0.03206224383,-0.05102660332,-0.04585317381,-0.05386232098
88.75,0.006283185307,-0.0312665451,-0.05043947244,-0.04502460484,-0.05336586991
88.8,0.006283185307,-0.03046296897,-0.04984398695,-0.0441825944,-0.05284758474
88.85,0.006283185307,-0.02965190395,-0.04924045631,-0.04332760553,-0.05230795905
88.9,0.006283185307,-0.02883373853,-0.04862918997,-0.04246010127,-0.05174748647
88.95,0.006283185307,-0.02800886123,-0.04801049739,-0.04158054467,-0.0511666606
89,0.006283185307,-0.02717766053,-0.04738468802,-0.04068939877,-0.05056597504
89.05,0.006283185307,-0.02634052495,-0.04675207132,-0.03978712661,-0.0499459234
89.1,0.006283185307,-0.02549784299,-0.04611295674,-0.03887419124,-0.04930699929
89.15,0.006283185307,-0.02465000314,-0.04546765374,-0.03795105569,-0.04864969632
89.2,0.006283185307,-0.02379739392,-0.04481647179,-0.03701818302,-0.04797450809
89.25,0.006283185307,-0.02294040382,-0.04415972032,-0.03607603626,-0.04728192821
89.3,0.006283185307,-0.02207942135,-0.0434977088,-0.03512507846,-0.04657245028
89.35,0.006283185307,-0.02121483501,-0.04283074668,-0.03416577266,-0.04584656791
89.4,0.006283185307,-0.0203470333,-0.04215914342,-0.0331985819,-0.04510477471
89.45,0.006283185307,-0.01947640472,-0.04148320847,-0.03222396923,-0.04434756429
89.5,0.006283185307,-0.01860333778,-0.0408032513,-0.03124239769,-0.04357543025
89.55,0.006283185307,-0.01772822098,-0.04011958135,-0.03025433033,-0.04278886619
89.6,0.006283185307,-0.01685144282,-0.03943250808,-0.02926023018,-0.04198836573
89.65,0.006283185307,-0.0159733918,-0.03874234095,-0.02826056028,-0.04117442247
89.7,0.006283185307,-0.01509445643,-0.03804938941,-0.02725578369,-0.04034753002
89.75,0.006283185307,-0.01421502521,-0.03735396293,-0.02624636345,-0.03950818199
89.8,0.006283185307,-0.01333548664,-0.03665637094,-0.02523276259,-0.03865687198
89.85,0.006283185307,-0.01245622922,-0.03595692291,-0.02421544417,-0.03779409359
89.9,0.006283185307,-0.01157764146,-0.03525592831,-0.02319487122,-0.03692034044
89.95,0.006283185307,-0.01070011185,-0.03455369657,-0.02217150679,-0.03603610613
90,0.006283185307,-0.009824028909,-0.03385053715,-0.02114581391,-0.03514188427
90.05,0.006283185307,-0.008949781129,-0.03314675952,-0.02011825564,-0.03423816846
90.1,0.006283185307,-0.008077757016,-0.03244267313,-0.01908929502,-0.03332545231
90.15,0.006283185307,-0.00720834507,-0.03173858744,-0.01805939509,-0.03240422943
90.2,0.006283185307,-0.006341933795,-0.03103481189,-0.01702901889,-0.03147499343
90.25,0.006283185307,-0.005478911693,-0.03033165594,-0.01599862946,-0.03053823791
90.3,0.006283185307,-0.004619667266,-0.02962942906,-0.01496868986,-0.02959445647
90.35,0.006283185307,-0.003764589018,-0.0289284407,-0.01393966311,-0.02864414273
90.4,0.006283185307,-0.00291406545,-0.0282290003,-0.01291201227,-0.02768779029
90.45,0.006283185307,-0.002068485064,-0.02753141734,-0.01188620038,-0.02672589276
90.5,0.006283185307,-0.001228236364,-0.02683600126,-0.01086269048,-0.02575894374
90.55,0.006283185307,-0.0003937078515,-0.02614306151,-0.009841945615,-0.02478743684
90.6,0.006283185307,0.0004347119707,-0.02545290757,-0.008824428825,-0.02381186567
90.65,0.006283185307,0.0012566346,-0.02476584887,-0.007810603155,-0.02283272384
90.7,0.006283185307,0.002071671535,-0.02408219488,-0.006800931649,-0.02185050494
90.75,0.006283185307,0.002879434272,-0.02340225505,-0.005795877349,-0.02086570259
90.8,0.006283185307,0.003679534309,-0.02272633884,-0.004795903297,-0.0198788104
90.85,0.006283185307,0.004471583144,-0.0220547557,-0.003801472539,-0.01889032197
90.9,0.006283185307,0.005255192274,-0.02138781509,-0.002813048115,-0.01790073091
90.95,0.006283185307,0.006029973197,-0.02072582647,-0.00183109307,-0.01691053081
91,0.006283185307,0.00679553741,-0.02006909928,-0.0008560704463,-0.0159202153
91.05,0.006283185307,0.007551496411,-0.019417943,0.000111556713,-0.01493027798
91.1,0.006283185307,0.008297461697,-0.01877266706,0.001071325365,-0.01394121245
91.15,0.006283185307,0.009033044766,-0.01813358093,0.002022772466,-0.01295351233
91.2,0.006283185307,0.009757857116,-0.01750099406,0.002965434973,-0.01196767121
91.25,0.006283185307,0.01047151024,-0.01687521592,0.003898849844,-0.0109841827
91.3,0.006283185307,0.01117361565,-0.01625655594,0.004822554035,-0.01000354041
91.35,0.006283185307,0.01186378482,-0.0156453236,0.005736084504,-0.009026237953
91.4,0.006283185307,0.01254162927,-0.01504182834,0.006638978206,-0.008052768928
91.45,0.006283185307,0.01320676049,-0.01444637963,0.0075307721,-0.007083626944
91.5,0.006283185307,0.01385878997,-0.01385928691,0.008411003142,-0.006119305606
91.55,0.006283185307,0.01449732921,-0.01328085964,0.009279208288,-0.005160298522
91.6,0.006283185307,0.01512198972,-0.01271140728,0.0101349245,-0.004207099299
91.65,0.006283185307,0.01573238298,-0.01215123929,0.01097768872,-0.003260201543
91.7,0.006283185307,0.0163281205,-0.01160066512,0.01180703793,-0.00232009886
91.75,0.006283185307,0.01690881378,-0.01105999422,0.01262250906,-0.001387284858
91.8,0.006283185307,0.0174740743,-0.01052953605,0.01342363909,-0.0004622531425
91.85,0.006283185307,0.01802351358,-0.01000960007,0.01420996496,0.0004545026793
91.9,0.006283185307,0.0185567431,-0.009500495733,0.01498102364,0.001362489001
91.95,0.006283185307,0.01907337436,-0.009002532493,0.01573635208,0.002261212215
92,0.006283185307,0.01957301886,-0.008516019807,0.01647548723,0.003150178717
92.05,0.006283185307,0.02005528811,-0.00804126713,0.01719796606,0.004028894897
92.1,0.006283185307,0.02051979359,-0.007578583919,0.01790332552,0.004896867152
92.15,0.006283185307,0.0209661468,-0.007128279628,0.01859110257,0.005753601872
92.2,0.006283185307,0.02139395925,-0.006690663714,0.01926083417,0.006598605453
92.25,0.006283185307,0.02180284243,-0.006266045632,0.01991205726,0.007431384287
92.3,0.006283185307,0.02219240783,-0.005854734838,0.02054430882,0.008251444767
92.35,0.006283185307,0.02256226695,-0.005457040788,0.02115712579,0.009058293288
92.4,0.006283185307,0.0229120313,-0.005073272936,0.02175004514,0.009851436242
92.45,0.006283185307,0.02324131237,-0.00470374074,0.02232260381,0.01063038002
92.5,0.006283185307,0.02354972165,-0.004348753654,0.02287433877,0.01139463102
92.55,0.006283185307,0.02383687065,-0.004008621135,0.02340478698,0.01214369564
92.6,0.006283185307,0.02410237086,-0.003683652637,0.02391348539,0.01287708026
92.65,0.006283185307,0.02434583379,-0.003374157617,0.02439997095,0.01359429128
92.7,0.006283185307,0.02456687091,-0.00308044553,0.02486378064,0.01429483509
92.75,0.006283185307,0.02476509375,-0.002802825832,0.02530445139,0.01497821809
92.8,0.006283185307,0.02494011378,-0.002541607979,0.02572152017,0.01564394668
92.85,0.006283185307,0.02509154252,-0.002297101426,0.02611452394,0.01629152723
92.9,0.006283185307,0.02521899145,-0.002069615629,0.02648299964,0.01692046615
92.95,0.006283185307,0.02532207207,-0.001859460044,0.02682648425,0.01753026984
93,0.006283185307,0.02540039589,-0.001666944126,0.02714451472,0.01812044467
93.05,0.006283185307,0.0254535744,-0.001492377331,0.027436628,0.01869049705
93.1,0.006283185307,0.0254812191,-0.001336069115,0.02770236105,0.01923993338
93.15,0.006283185307,0.02548294148,-0.001198328933,0.02794125083,0.01976826003
93.2,0.006283185307,0.02545835305,-0.001079466241,0.02815283429,0.02027498342
93.25,0.006283185307,0.02540706529,-0.0009797904944,0.02833664839,0.02075960992
93.3,0.006283185307,0.02532868972,-0.0008996111495,0.02849223009,0.02122164594
93.35,0.006283185307,0.02522283781,-0.0008392376616,0.02861911635,0.02166059787
93.4,0.006283185307,0.02508912108,-0.0007989794864,0.02871684411,0.02207597209
93.45,0.006283185307,0.02492715103,-0.0007791460797,0.02878495035,0.02246727501
93.5,0.006283185307,0.02473653914,-0.000780046897,0.02882297202,0.02283401302
93.55,0.006283185307,0.02451689691,-0.0008019913941,0.02883044606,0.02317569251
93.6,0.006283185307,0.02426783585,-0.0008452890266,0.02880690945,0.02349181987
93.65,0.006283185307,0.02398896745,-0.0009102492502,0.02875189913,0.0237819015
93.7,0.006283185307,0.02367990321,-0.0009971815205,0.02866495207,0.02404544379
93.75,0.006283185307,0.02334025462,-0.001106395293,0.02854560522,0.02428195313
93.8,0.006283185307,0.02296963319,-0.001238200024,0.02839339553,0.02449093593
93.85,0.006283185307,0.0225676504,-0.001392905169,0.02820785997,0.02467189856
93.9,0.006283185307,0.02213391777,-0.001570820183,0.0279885355,0.02482434742
93.95,0.006283185307,0.02166804678,-0.001772254522,0.02773495906,0.02494778892
94,0.006283185307,0.02116964894,-0.001997517643,0.02744666761,0.02504172943
94.05,0.006283185307,0.02063833573,-0.002246918999,0.02712319812,0.02510567536
94.1,0.006283185307,0.02007371867,-0.002520768048,0.02676408754,0.0251391331
94.15,0.006283185307,0.01947540924,-0.002819374245,0.02636887283,0.02514160903
94.2,0.006283185307,0.01884301895,-0.003143047045,0.02593709093,0.02511260957
94.25,0.006283185307,0.01817615928,-0.003492095904,0.02546827882,0.02505164109
94.3,0.006283185307,0.01747444175,-0.003866830279,0.02496197345,0.02495820999
94.35,0.006283185307,0.01673747784,-0.004267559624,0.02441771177,0.02483182266
94.4,0.006283185307,0.01596487906,-0.004694593395,0.02383503074,0.0246719855
94.45,0.006283185307,0.01515625689,-0.005148241048,0.02321346732,0.02447820491
94.5,0.006283185307,0.01431122285,-0.005628812038,0.02255255846,0.02424998726
94.55,0.006283185307,0.01342938842,-0.006136615822,0.02185184113,0.02398683897
94.6,0.006283185307,0.01251036511,-0.006671961855,0.02111085228,0.02368826642
94.65,0.006283185307,0.01155376441,-0.007235159592,0.02032912886,0.023353776
94.7,0.006283185307,0.01055919782,-0.007826518489,0.01950620783,0.02298287411
94.75,0.006283185307,0.009526276836,-0.008446348003,0.01864162615,0.02257506714
94.8,0.006283185307,0.008454612956,-0.009094957588,0.01773492079,0.02212986148
94.85,0.006283185307,0.007343817679,-0.0097726567,0.01678562868,0.02164676353
94.9,0.006283185307,0.0061935025,-0.0104797548,0.01579328679,0.02112527969
94.95,0.006283185307,0.005003278919,-0.01121656133,0.01475743209,0.02056491634
95,0.006283185307,0.003772758433,-0.01198338576,0.01367760151,0.01996517987
95.05,0.006283185307,0.002501552539,-0.01278053754,0.01255333203,0.01932557669
95.1,0.006283185307,0.001189272734,-0.01360832612,0.0113841606,0.01864561318
95.15,0.006283185307,-0.0001644694826,-0.01446706097,0.01016962417,0.01792479574
95.2,0.006283185307,-0.001560062615,-0.01535705153,0.008909259708,0.01716263077
95.25,0.006283185307,-0.002997895164,-0.01627860726,0.007602604162,0.01635862464
95.3,0.006283185307,-0.004478355634,-0.01723203763,0.006249194493,0.01551228377
95.35,0.006283185307,-0.006001832526,-0.01821765208,0.004848567657,0.01462311454
95.4,0.006283185307,-0.007568714343,-0.01923576006,0.003400260611,0.01369062334
95.45,0.006283185307,-0.009179389588,-0.02028667105,0.001903810312,0.01271431657
95.5,0.006283185307,-0.01083424676,-0.02137069448,0.0003587537166,0.01169370062
95.55,0.006283185307,-0.01253367437,-0.02248813982,-0.001235372217,0.01062828189
95.6,0.006283185307,-0.01427806091,-0.02363931652,-0.002879030533,0.009517566762
95.65,0.006283185307,-0.01606779489,-0.02482453404,-0.004572684274,0.008361061639
95.7,0.006283185307,-0.0179032648,-0.02604410184,-0.006316796484,0.007158272911
95.75,0.006283185307,-0.01978485916,-0.02729832936,-0.008111830204,0.005908706971
95.8,0.006283185307,-0.02171296647,-0.02858752607,-0.009958248479,0.004611870213
95.85,0.006283185307,-0.02368206636,-0.02990813193,-0.01185068615,0.00327145998
95.9,0.006283185307,-0.02561577737,-0.03121014679,-0.01371384144,0.0019415526
95.95,0.006283185307,-0.027490994,-0.03247838283,-0.01552487023,0.0006386919443
96,0.006283185307,-0.02930825753,-0.03371312866,-0.01728424165,-0.0006373200205
96.05,0.006283185307,-0.03106810924,-0.03491467291,-0.01899242482,-0.001886681329
96.1,0.006283185307,-0.03277109038,-0.03608330419,-0.02064988887,-0.003109590016
96.15,0.006283185307,-0.03441774224,-0.0372193111,-0.02225710294,-0.004306244115
96.2,0.006283185307,-0.0360086061,-0.03832298228,-0.02381453615,-0.00547684166
96.25,0.006283185307,-0.03754422321,-0.03939460632,-0.02532265762,-0.006621580688
96.3,0.006283185307,-0.03902513487,-0.04043447185,-0.0267819365,-0.007740659231
96.35,0.006283185307,-0.04045188233,-0.04144286748,-0.02819284191,-0.008834275323
96.4,0.006283185307,-0.04182500687,-0.04242008182,-0.02955584298,-0.009902627001
96.45,0.006283185307,-0.04314504977,-0.04336640349,-0.03087140884,-0.0109459123
96.5,0.006283185307,-0.0444125523,-0.0442821211,-0.03214000861,-0.01196432925
96.55,0.006283185307,-0.04562805572,-0.04516752328,-0.03336211143,-0.01295807588
96.6,0.006283185307,-0.04679210133,-0.04602289862,-0.03453818643,-0.01392735024
96.65,0.006283185307,-0.04790523038,-0.04684853576,-0.03566870273,-0.01487235036
96.7,0.006283185307,-0.04896798415,-0.04764472329,-0.03675412946,-0.01579327426
96.75,0.006283185307,-0.04998090391,-0.04841174984,-0.03779493576,-0.01669032
96.8,0.006283185307,-0.05094453094,-0.04914990403,-0.03879159075,-0.01756368559
96.85,0.006283185307,-0.05185940651,-0.04985947446,-0.03974456356,-0.01841356907
96.9,0.006283185307,-0.05272607189,-0.05054074975,-0.04065432333,-0.01924016849
96.95,0.006283185307,-0.05354506836,-0.05119401851,-0.04152133917,-0.02004368186
97,0.006283185307,-0.05431693719,-0.05181956937,-0.04234608022,-0.02082430724
97.05,0.006283185307,-0.05504221965,-0.05241769093,-0.04312901561,-0.02158224264
97.1,0.006283185307,-0.05572145701,-0.05298867181,-0.04387061447,-0.02231768611
97.15,0.006283185307,-0.05635519056,-0.05353280062,-0.04457134593,-0.02303083568
97.2,0.006283185307,-0.05694396155,-0.05405036599,-0.04523167911,-0.02372188939
97.25,0.006283185307,-0.05748831127,-0.05454165651,-0.04585208314,-0.02439104526
97.3,0.006283185307,-0.05798878098,-0.05500696081,-0.04643302717,-0.02503850134
97.35,0.006283185307,-0.05844591197,-0.05544656751,-0.0469749803,-0.02566445566
97.4,0.006283185307,-0.0588602455,-0.05586076521,-0.04747841168,-0.02626910625
97.45,0.006283185307,-0.05923232284,-0.05624984254,-0.04794379043,-0.02685265114
97.5,0.006283185307,-0.05956268528,-0.0566140881,-0.04837158568,-0.02741528838
97.55,0.006283185307,-0.05985187408,-0.05695379051,-0.04876226656,-0.02795721599
97.6,0.006283185307,-0.06010043051,-0.05726923839,-0.0491163022,-0.02847863202
97.65,0.006283185307,-0.06030889585,-0.05756072034,-0.04943416173,-0.02897973448
97.7,0.006283185307,-0.06047781138,-0.057828525,-0.04971631428,-0.02946072143
97.75,0.006283185307,-0.06060771836,-0.05807294096,-0.04996322898,-0.02992179089
97.8,0.006283185307,-0.06069915806,-0.05829425684,-0.05017537495,-0.03036314089
97.85,0.006283185307,-0.06075267177,-0.05849276127,-0.05035322133,-0.03078496948
97.9,0.006283185307,-0.06076880075,-0.05866874285,-0.05049723724,-0.03118747468
97.95,0.006283185307,-0.06074808628,-0.05882249019,-0.05060789182,-0.03157085454
98,0.006283185307,-0.06069106963,-0.05895429192,-0.05068565419,-0.03193530708
98.05,0.006283185307,-0.06059829207,-0.05906443665,-0.05073099348,-0.03228103034
98.1,0.006283185307,-0.06047029488,-0.05915321299,-0.05074437883,-0.03260822235
98.15,0.006283185307,-0.06030761933,-0.05922090955,-0.05072627935,-0.03291708115
98.2,0.006283185307,-0.06011080669,-0.05926781496,-0.05067716419,-0.03320780477
98.25,0.006283185307,-0.05988039824,-0.05929421782,-0.05059750246,-0.03348059126
98.3,0.006283185307,-0.05961693524,-0.05930040675,-0.05048776331,-0.03373563863
98.35,0.006283185307,-0.05932095898,-0.05928667037,-0.05034841585,-0.03397314493
98.4,0.006283185307,-0.05899301072,-0.05925329729,-0.05017992922,-0.03419330818
98.45,0.006283185307,-0.05863363174,-0.05920057612,-0.04998277254,-0.03439632644
98.5,0.006283185307,-0.05824336331,-0.05912879548,-0.04975741495,-0.03458239772
98.55,0.006283185307,-0.0578227467,-0.05903824399,-0.04950432558,-0.03475172006
98.6,0.006283185307,-0.05737232319,-0.05892921025,-0.04922397355,-0.03490449151
98.65,0.006283185307,-0.05689263405,-0.05880198289,-0.04891682799,-0.03504091008
98.7,0.006283185307,-0.05638422055,-0.05865685051,-0.04858335803,-0.03516117382
98.75,0.006283185307,-0.05584762397,-0.05849410174,-0.04822403281,-0.03526548077
98.8,0.006283185307,-0.05528338558,-0.05831402518,-0.04783932144,-0.03535402894
98.85,0.006283185307,-0.05469204665,-0.05811690945,-0.04742969307,-0.03542701639
98.9,0.006283185307,-0.05407414846,-0.05790304317,-0.04699561681,-0.03548464114
98.95,0.006283185307,-0.05343023228,-0.05767271496,-0.0465375618,-0.03552710123
99,0.006283185307,-0.05276083937,-0.05742621341,-0.04605599717,-0.0355545947
99.05,0.006283185307,-0.05206651102,-0.05716382716,-0.04555139205,-0.03556731957
99.1,0.006283185307,-0.0513477885,-0.05688584481,-0.04502421556,-0.03556547388
99.15,0.006283185307,-0.05060521308,-0.05659255498,-0.04447493684,-0.03554925567
99.2,0.006283185307,-0.04983932603,-0.05628424629,-0.04390402501,-0.03551886297
99.25,0.006283185307,-0.04905066863,-0.05596120734,-0.04331194921,-0.03547449381
99.3,0.006283185307,-0.04823978215,-0.05562372676,-0.04269917855,-0.03541634624
99.35,0.006283185307,-0.04740720787,-0.05527209315,-0.04206618218,-0.03534461827
99.4,0.006283185307,-0.04655348705,-0.05490659514,-0.04141342922,-0.03525950796
99.45,0.006283185307,-0.04567916096,-0.05452752133,-0.0407413888,-0.03516121332
99.5,0.006283185307,-0.04478477089,-0.05413516035,-0.04005053005,-0.03504993241
99.55,0.006283185307,-0.04387085811,-0.0537298008,-0.0393413221,-0.03492586324
99.6,0.006283185307,-0.04293796388,-0.0533117313,-0.03861423408,-0.03478920387
99.65,0.006283185307,-0.04198662949,-0.05288124047,-0.03786973511,-0.03464015231
99.7,0.006283185307,-0.0410173962,-0.05243861692,-0.03710829433,-0.0344789066
99.75,0.006283185307,-0.04003080528,-0.05198414927,-0.03633038087,-0.03430566479
99.8,0.006283185307,-0.03902739802,-0.05151812612,-0.03553646385,-0.0341206249
99.85,0.006283185307,-0.03800771568,-0.0510408361,-0.0347270124,-0.03392398496
99.9,0.006283185307,-0.03697229954,-0.05055256782,-0.03390249566,-0.03371594302
99.95,0.006283185307,-0.03592169086,-0.05005360989,-0.03306338275,-0.0334966971
100,0.006283185307,-0.03485643093,-0.04954425093,-0.0322101428,-0.03326644525
100.05,0.006283185307,-0.03377706102,-0.04902477955,-0.03134324494,-0.03302538549
100.1,0.006283185307,-0.03268412239,-0.04849548437,-0.0304631583,-0.03277371586
100.15,0.006283185307,-0.03157815633,-0.047956654,-0.02957035201,-0.03251163439
100.2,0.006283185307,-0.0304597041,-0.04740857706,-0.0286652952,-0.03223933912
100.25,0.006283185307,-0.02932930698,-0.04685154216,-0.02774845699,-0.03195702809
100.3,0.006283185307,-0.02818750624,-0.04628583791,-0.02682030653,-0.03166489932
100.35,0.006283185307,-0.02703484316,-0.04571175294,-0.02588131292,-0.03136315085
100.4,0.006283185307,-0.025871859,-0.04512957585,-0.02493194532,-0.03105198072
100.45,0.006283185307,-0.02469909504,-0.04453959526,-0.02397267284,-0.03073158696
100.5,0.006283185307,-0.02351709256,-0.04394209979,-0.02300396461,-0.0304021676
100.55,0.006283185307,-0.02232639282,-0.04333737804,-0.02202628976,-0.03006392069
100.6,0.006283185307,-0.0211275371,-0.04272571864,-0.02104011743,-0.02971704425
100.65,0.006283185307,-0.01992106668,-0.0421074102,-0.02004591673,-0.02936173631
100.7,0.006283185307,-0.01870752282,-0.04148274133,-0.01904415681,-0.02899819492
100.75,0.006283185307,-0.0174874468,-0.04085200064,-0.01803530679,-0.0286266181
100.8,0.006283185307,-0.01626137989,-0.04021547676,-0.01701983579,-0.0282472039
100.85,0.006283185307,-0.01502986336,-0.0395734583,-0.01599821296,-0.02786015034
100.9,0.006283185307,-0.0137934385,-0.03892623387,-0.01497090741,-0.02746565546
100.95,0.006283185307,-0.01255264656,-0.03827409208,-0.01393838827,-0.02706391729
101,0.006283185307,-0.01130802883,-0.03761732156,-0.01290112468,-0.02665513388
101.05,0.006283185307,-0.01006012658,-0.03695621091,-0.01185958577,-0.02623950324
101.1,0.006283185307,-0.008809481073,-0.03629104875,-0.01081424066,-0.02581722343
101.15,0.006283185307,-0.007556633592,-0.0356221237,-0.009765558487,-0.02538849246
101.2,0.006283185307,-0.006302125408,-0.03494972436,-0.008714008373,-0.02495350838
101.25,0.006283185307,-0.005046497793,-0.03427413936,-0.007660059451,-0.02451246923
101.3,0.006283185307,-0.003790292021,-0.03359565731,-0.006604180849,-0.02406557303
101.35,0.006283185307,-0.002534049364,-0.03291456682,-0.005546841698,-0.02361301781
101.4,0.006283185307,-0.001278311096,-0.03223115651,-0.004488511125,-0.02315500162
101.45,0.006283185307,-2.361848924e-05,-0.031545715,-0.003429658261,-0.02269172249
101.5,0.006283185307,0.001229487183,-0.03085853089,-0.002370752235,-0.02222337846
101.55,0.006283185307,0.002480464647,-0.0301698928,-0.001312262175,-0.02175016754
101.6,0.006283185307,0.00372877263,-0.02948008935,-0.0002546572109,-0.02127228779
101.65,0.006283185307,0.004973869859,-0.02878940914,0.0008015935278,-0.02078993724
101.7,0.006283185307,0.006215215062,-0.02809814081,0.001856020912,-0.02030331392
101.75,0.006283185307,0.007452266964,-0.02740657295,0.002908155813,-0.01981261586
101.8,0.006283185307,0.008684484293,-0.02671499419,0.003957529101,-0.0193180411
101.85,0.006283185307,0.009911325776,-0.02602369314,0.005003671647,-0.01881978767
101.9,0.006283185307,0.01113225014,-0.02533295842,0.006046114322,-0.01831805361
101.95,0.006283185307,0.01234671611,-0.02464307863,0.007084387996,-0.01781303696
102,0.006283185307,0.01355418242,-0.0239543424,0.008118023541,-0.01730493574
102.05,0.006283185307,0.01475410779,-0.02326703833,0.009146551828,-0.01679394799
102.1,0.006283185307,0.01594595094,-0.02258145505,0.01016950373,-0.01628027174
102.15,0.006283185307,0.01712917061,-0.02189788117,0.01118641011,-0.01576410504
102.2,0.006283185307,0.01830322553,-0.0212166053,0.01219680184,-0.01524564591
102.25,0.006283185307,0.01946757441,-0.02053791605,0.0132002098,-0.01472509239
102.3,0.006283185307,0.02062167599,-0.01986210205,0.01419616485,-0.01420264251
102.35,0.006283185307,0.02176498899,-0.0191894519,0.01518419788,-0.01367849431
102.4,0.006283185307,0.02289697215,-0.01852025422,0.01616383973,-0.01315284582
102.45,0.006283185307,0.02401708418,-0.01785479763,0.0171346213,-0.01262589507
102.5,0.006283185307,0.02512478381,-0.01719337074,0.01809607344,-0.01209784011
102.55,0.006283185307,0.02621952978,-0.01653626216,0.01904772703,-0.01156887896
102.6,0.006283185307,0.0273007808,-0.01588376051,0.01998911294,-0.01103920967
102.65,0.006283185307,0.02836799561,-0.01523615441,0.02091976205,-0.01050903025
102.7,0.006283185307,0.02942063292,-0.01459373246,0.02183920521,-0.009978538753
102.75,0.006283185307,0.03045815148,-0.01395678329,0.02274697331,-0.009447933209
102.8,0.006283185307,0.03148001001,-0.0133255955,0.02364259721,-0.008917411651
102.85,0.006283185307,0.03248566722,-0.01270045772,0.02452560778,-0.008387172115
102.9,0.006283185307,0.03347458186,-0.01208165856,0.0253955359,-0.007857412634
102.95,0.006283185307,0.03444621264,-0.01146948662,0.02625191244,-0.007328331244
103,0.006283185307,0.03540001829,-0.01086423054,0.02709426826,-0.006800125977
103.05,0.006283185307,0.03633545755,-0.01026617891,0.02792213424,-0.00627299487
103.1,0.006283185307,0.03725198913,-0.009675620358,0.02873504124,-0.005747135956
103.15,0.006283185307,0.03814907177,-0.009092843497,0.02953252015,-0.005222747269
103.2,0.006283185307,0.03902616419,-0.008518136942,0.03031410182,-0.004700026845
103.25,0.006283185307,0.03988272511,-0.007951789306,0.03107931714,-0.004179172717
103.3,0.006283185307,0.04071821328,-0.007394089204,0.03182769696,-0.003660382919
103.35,0.006283185307,0.0415320874,-0.00684532525,0.03255877217,-0.003143855487
103.4,0.006283185307,0.04232380621,-0.006305786061,0.03327207363,-0.002629788454
103.45,0.006283185307,0.04309282844,-0.005775760249,0.03396713222,-0.002118379856
103.5,0.006283185307,0.04383861281,-0.00525553643,0.03464347879,-0.001609827726
103.55,0.006283185307,0.04456061805,-0.004745403218,0.03530064424,-0.001104330098
103.6,0.006283185307,0.04525830288,-0.004245649228,0.03593815942,-0.0006020850081
103.65,0.006283185307,0.04593112604,-0.003756563075,0.0365555552,-0.0001032904894
103.7,0.006283185307,0.04657854625,-0.003278433373,0.03715236247,0.0003918554234
103.75,0.006283185307,0.04720002224,-0.002811548737,0.03772811208,0.0008831546958
103.8,0.006283185307,0.04779501273,-0.002356197782,0.03828233491,0.001370409293
103.85,0.006283185307,0.04836297646,-0.001912669121,0.03881456183,0.001853421182
103.9,0.006283185307,0.04890337214,-0.001481251371,0.03932432371,0.002331992327
103.95,0.006283185307,0.0494156585,-0.001062233145,0.03981115143,0.002805924694
104,0.006283185307,0.04989929428,-0.0006559030576,0.04027457584,0.003275020249
104.05,0.006283185307,0.0503537382,-0.0002625497242,0.04071412783,0.003739080957
104.1,0.006283185307,0.05077844898,0.0001175382409,0.04112933827,0.004197908784
104.15,0.006283185307,0.05117288536,0.0004840722231,0.04151973801,0.004651305695
104.2,0.006283185307,0.05153650606,0.0008367636076,0.04188485795,0.005099073657
104.25,0.006283185307,0.0518687698,0.00117532378,0.04222422894,0.005541014634
104.3,0.006283185307,0.05216913532,0.001499464125,0.04253738185,0.005976930593
104.35,0.006283185307,0.05243706133,0.001808896029,0.04282384757,0.006406623498
104.4,0.006283185307,0.05267200658,0.002103330877,0.04308315695,0.006829895316
104.45,0.006283185307,0.05287342978,0.002382480054,0.04331484087,0.007246548013
104.5,0.006283185307,0.05304078966,0.002646054945,0.04351843021,0.007656383553
104.55,0.006283185307,0.05317354494,0.002893766937,0.04369345582,0.008059203902
104.6,0.006283185307,0.05327115437,0.003125327414,0.04383944858,0.008454811026
104.65,0.006283185307,0.05333307666,0.003340447761,0.04395593937,0.008843006891
104.7,0.006283185307,0.05335877053,0.003538839365,0.04404245906,0.009223593462
104.75,0.006283185307,0.05334769472,0.00372021361,0.0440985385,0.009596372705
104.8,0.006283185307,0.05329930796,0.003884281881,0.04412370858,0.009961146585
104.85,0.006283185307,0.05321306896,0.004030755565,0.04411750017,0.01031771707
104.9,0.006283185307,0.05308843646,0.004159346046,0.04407944413,0.01066588612
104.95,0.006283185307,0.05292486919,0.004269764711,0.04400907134,0.01100545571
105,0.006283185307,0.05272182586,0.004361722943,0.04390591267,0.01133622779
105.05,0.006283185307,0.05247876522,0.004434932129,0.04376949899,0.01165800434
105.1,0.006283185307,0.05219514597,0.004489103654,0.04359936117,0.01197058733
105.15,0.006283185307,0.05187042686,0.004523948903,0.04339503008,0.0122737787
105.2,0.006283185307,0.05150406661,0.004539179262,0.04315603659,0.01256738045
105.25,0.006283185307,0.05109552395,0.004534506116,0.04288191157,0.01285119451
105.3,0.006283185307,0.05064425759,0.00450964085,0.0425721859,0.01312502288
105.35,0.006283185307,0.05014972628,0.00446429485,0.04222639044,0.0133886675
105.4,0.006283185307,0.04961138873,0.004398179502,0.04184405606,0.01364193034
105.45,0.006283185307,0.04902870367,0.004311006189,0.04142471364,0.01388461338
105.5,0.006283185307,0.04840112984,0.004202486299,0.04096789405,0.01411651857
105.55,0.006283185307,0.04772812595,0.004072331216,0.04047312815,0.01433744789
105.6,0.006283185307,0.04700915074,0.003920252325,0.03993994682,0.01454720329
105.65,0.006283185307,0.04624366292,0.003745961012,0.03936788093,0.01474558674
105.7,0.006283185307,0.04543112124,0.003549168663,0.03875646135,0.01493240021
105.75,0.006283185307,0.04457098441,0.003329586662,0.03810521895,0.01510744567
105.8,0.006283185307,0.04366271116,0.003086926396,0.0374136846,0.01527052507
105.85,0.006283185307,0.04270576022,0.002820899248,0.03668138917,0.01542144039
105.9,0.006283185307,0.04169959031,0.002531216606,0.03590786354,0.01555999359
105.95,0.006283185307,0.04064366017,0.002217589854,0.03509263856,0.01568598664
106,0.006283185307,0.03953742852,0.001879730377,0.03423524513,0.0157992215
106.05,0.006283185307,0.03838035408,0.001517349561,0.03333521409,0.01589950014
106.1,0.006283185307,0.03717189559,0.001130158791,0.03239207634,0.01598662452
106.15,0.006283185307,0.03591151177,0.0007178694527,0.03140536273,0.01606039661
106.2,0.006283185307,0.03459866134,0.0002801929314,0.03037460413,0.01612061837
106.25,0.006283185307,0.03323280304,-0.0001831593875,0.02929933143,0.01616709177
106.3,0.006283185307,0.03181339559,-0.0006724761188,0.02817907548,0.01619961878
106.35,0.006283185307,0.03033989772,-0.001188045877,0.02701336717,0.01621800136
106.4,0.006283185307,0.02881176815,-0.001730157277,0.02580173735,0.01622204148
106.45,0.006283185307,0.02722846561,-0.002299098933,0.02454371691,0.0162115411
106.5,0.006283185307,0.02558944884,-0.00289515946,0.0232388367,0.01618630218
106.55,0.006283185307,0.02389417655,-0.003518627472,0.02188662761,0.0161461267
106.6,0.006283185307,0.02214210747,-0.004169791585,0.02048662051,0.01609081662
106.65,0.006283185307,0.02033270033,-0.004848940412,0.01903834626,0.01602017391
106.7,0.006283185307,0.01848354884,-0.005546365058,0.01756140965,0.01593617058
106.75,0.006283185307,0.01665326682,-0.006229783393,0.01612062938,0.0158458004
106.8,0.006283185307,0.01484630553,-0.00689681752,0.01472065561,0.01574970284
106.85,0.006283185307,0.01306259112,-0.007547585769,0.01336112198,0.01564798041
106.9,0.006283185307,0.01130204977,-0.008182206468,0.0120416621,0.0155407356
106.95,0.006283185307,0.009564607627,-0.008800797947,0.01076190957,0.01542807092
107,0.006283185307,0.007850190865,-0.009403478535,0.009521498019,0.01531008889
107.05,0.006283185307,0.006158725645,-0.009990366559,0.008320061053,0.015186892
107.1,0.006283185307,0.00449013813,-0.01056158035,0.007157232287,0.01505858277
107.15,0.006283185307,0.002844354483,-0.01111723824,0.006032645336,0.0149252637
107.2,0.006283185307,0.001221300867,-0.01165745855,0.004945933812,0.0147870373
107.25,0.006283185307,-0.0003790965526,-0.01218235961,0.003896731332,0.01464400607
107.3,0.006283185307,-0.001956911614,-0.01269205975,0.002884671507,0.01449627253
107.35,0.006283185307,-0.003512218154,-0.01318667731,0.001909387952,0.01434393917
107.4,0.006283185307,-0.005045090008,-0.0136663306,0.0009705142813,0.01418710851
107.45,0.006283185307,-0.006555601013,-0.01413113796,6.768410815e-05,0.01402588305
107.5,0.006283185307,-0.008043825006,-0.01458121772,-0.0007994689534,0.0138603653
107.55,0.006283185307,-0.009509835823,-0.01501668821,-0.001631311289,0.01369065776
107.6,0.006283185307,-0.0109537073,-0.01543766775,-0.002428209286,0.01351686294
107.65,0.006283185307,-0.01237551328,-0.01584427468,-0.003190529329,0.01333908336
107.7,0.006283185307,-0.01377532759,-0.01623662731,-0.003918637805,0.01315742151
107.75,0.006283185307,-0.01515322407,-0.01661484399,-0.004612901101,0.0129719799
107.8,0.006283185307,-0.01650927656,-0.01697904304,-0.005273685601,0.01278286104
107.85,0.006283185307,-0.01784355889,-0.01732934279,-0.005901357692,0.01259016744
107.9,0.006283185307,-0.0191561449,-0.01766586157,-0.006496283761,0.01239400159
107.95,0.006283185307,-0.02044710843,-0.0179887177,-0.007058830194,0.01219446602
108,0.006283185307,-0.02171652331,-0.01829802952,-0.007589363376,0.01199166322
108.05,0.006283185307,-0.02296446338,-0.01859391536,-0.008088249693,0.01178569571
108.1,0.006283185307,-0.02419100248,-0.01887649354,-0.008555855533,0.01157666599
108.15,0.006283185307,-0.02539621445,-0.01914588239,-0.00899254728,0.01136467656
108.2,0.006283185307,-0.02658017311,-0.01940220025,-0.009398691322,0.01114982993
108.25,0.006283185307,-0.02774295231,-0.01964556543,-0.009774654043,0.01093222861
108.3,0.006283185307,-0.02888462588,-0.01987609627,-0.01012080183,0.01071197511
108.35,0.006283185307,-0.03000526767,-0.02009391111,-0.01043750107,0.01048917194
108.4,0.006283185307,-0.0311049515,-0.02029912825,-0.01072511815,0.01026392159
108.45,0.006283185307,-0.03218375121,-0.02049186605,-0.01098401945,0.01003632658
108.5,0.006283185307,-0.03324174064,-0.02067224282,-0.01121457137,0.009806489408
108.55,0.006283185307,-0.03427899363,-0.02084037689,-0.01141714028,0.00957451259
108.6,0.006283185307,-0.03529558401,-0.0209963866,-0.01159209257,0.009340498628
108.65,0.006283185307,-0.03629158562,-0.02114039027,-0.01173979464,0.00910455003
108.7,0.006283185307,-0.03726707229,-0.02127250623,-0.01186061286,0.008866769301
108.75,0.006283185307,-0.03822211787,-0.0213928528,-0.01195491362,0.00862725895
108.8,0.006283185307,-0.03915679619,-0.02150154833,-0.01202306331,0.008386121482
108.85,0.006283185307,-0.04007118108,-0.02159871113,-0.01206542831,0.008143459404
108.9,0.006283185307,-0.04096534638,-0.02168445954,-0.01208237501,0.007899375223
108.95,0.006283185307,-0.04183936594,-0.02175891189,-0.0120742698,0.007653971446
109,0.006283185307,-0.04269331358,-0.02182218649,-0.01204147905,0.00740735058
109.05,0.006283185307,-0.04352726314,-0.02187440169,-0.01198436917,0.00715961513
109.1,0.006283185307,-0.04434128846,-0.02191567582,-0.01190330653,0.006910867605
109.15,0.006283185307,-0.04513546337,-0.02194612719,-0.01179865753,0.00666121051
109.2,0.006283185307,-0.04590986172,-0.02196587414,-0.01167078853,0.006410746353
109.25,0.006283185307,-0.04666455733,-0.021975035,-0.01152006595,0.00615957764
109.3,0.006283185307,-0.04739962405,-0.0219737281,-0.01134685615,0.005907806877
109.35,0.006283185307,-0.04811513571,-0.02196207176,-0.01115152552,0.005655536572
109.4,0.006283185307,-0.04881116615,-0.02194018432,-0.01093444046,0.005402869232
109.45,0.006283185307,-0.04948778921,-0.0219081841,-0.01069596734,0.005149907363
109.5,0.006283185307,-0.05014507871,-0.02186618943,-0.01043647256,0.004896753471
109.55,0.006283185307,-0.0507831085,-0.02181431865,-0.01015632249,0.004643510064
109.6,0.006283185307,-0.05140195242,-0.02175269007,-0.009855883532,0.004390279648
109.65,0.006283185307,-0.0520016843,-0.02168142204,-0.009535522064,0.00413716473
109.7,0.006283185307,-0.05258237798,-0.02160063287,-0.009195604475,0.003884267817
109.75,0.006283185307,-0.05314410729,-0.0215104409,-0.008836497149,0.003631691416
109.8,0.006283185307,-0.05368694607,-0.02141096446,-0.008458566473,0.003379538032
109.85,0.006283185307,-0.05421096816,-0.02130232187,-0.008062178833,0.003127910174
109.9,0.006283185307,-0.05471624739,-0.02118463146,-0.007647700616,0.002876910347
109.95,0.006283185307,-0.0552028576,-0.02105801157,-0.007215498207,0.002626641058
110,0.006283185307,-0.05567087263,-0.02092258052,-0.006765937992,0.002377204815
110.05,0.006283185307,-0.05612036632,-0.02077845664,-0.006299386358,0.002128704124
110.1,0.006283185307,-0.05655141249,-0.02062575826,-0.00581620969,0.001881241491
110.15,0.006283185307,-0.05696408499,-0.0204646037,-0.005316774376,0.001634919423
110.2,0.006283185307,-0.05735845766,-0.0202951113,-0.0048014468,0.001389840428
110.25,0.006283185307,-0.05773460432,-0.02011739939,-0.004270593349,0.001146107011
110.3,0.006283185307,-0.05809259882,-0.0199315863,-0.00372458041,0.0009038216796
110.35,0.006283185307,-0.058432515,-0.01973779034,-0.003163774368,0.0006630869406
110.4,0.006283185307,-0.05875442668,-0.01953612986,-0.002588541609,0.0004240053006
110.45,0.006283185307,-0.05905840771,-0.01932672319,-0.00199924852,0.0001866792663
110.5,0.006283185307,-0.05934453193,-0.01910968864,-0.001396261486,-4.878865555e-05
110.55,0.006283185307,-0.05961287316,-0.01888514455,-0.0007799468947,-0.0002822959582
110.6,0.006283185307,-0.05986350525,-0.01865320925,-0.0001506711309,-0.000513740135
110.65,0.006283185307,-0.06009650204,-0.01841400106,0.0004911994188,-0.0007430186791
110.7,0.006283185307,-0.06031193735,-0.01816763832,0.001145298368,-0.0009700290839
110.75,0.006283185307,-0.06050988503,-0.01791423936,0.001811259332,-0.001194668843
110.8,0.006283185307,-0.06069041891,-0.0176539225,0.002488715923,-0.001416835448
110.85,0.006283185307,-0.06085361283,-0.01738680607,0.003177301755,-0.001636426395
110.9,0.006283185307,-0.06099954062,-0.0171130084,0.003876650443,-0.001853339174
110.95,0.006283185307,-0.06112827613,-0.01683264783,0.0045863956,-0.002067471281
111,0.006283185307,-0.06123989319,-0.01654584267,0.00530617084,-0.002278720209
111.05,0.006283185307,-0.06133446563,-0.01625271126,0.006035609777,-0.002486983449
111.1,0.006283185307,-0.06141206729,-0.01595337193,0.006774346025,-0.002692158497
111.15,0.006283185307,-0.06147277202,-0.015647943,0.007522013197,-0.002894142844
111.2,0.006283185307,-0.06151665363,-0.01533654281,0.008278244909,-0.003092833985
111.25,0.006283185307,-0.06154378598,-0.01501928968,0.009042674772,-0.003288129412
111.3,0.006283185307,-0.0615542429,-0.01469630195,0.009814936403,-0.003479926619
111.35,0.006283185307,-0.06154809823,-0.01436769793,0.01059466341,-0.003668123099
111.4,0.006283185307,-0.06152542579,-0.01403359597,0.01138148942,-0.003852616346
111.45,0.006283185307,-0.06148629944,-0.01369411438,0.01217504803,-0.004033303852
111.5,0.006283185307,-0.06143079299,-0.01334937151,0.01297497286,-0.004210083111
111.55,0.006283185307,-0.0613589803,-0.01299948567,0.01378089753,-0.004382851616
111.6,0.006283185307,-0.0612709352,-0.01264457519,0.01459245565,-0.004551506861
111.65,0.006283185307,-0.06116673152,-0.01228475841,0.01540928084,-0.004715946339
111.7,0.006283185307,-0.06104644311,-0.01192015366,0.0162310067,-0.004876067542
111.75,0.006283185307,-0.06091014379,-0.01155087925,0.01705726685,-0.005031767965
111.8,0.006283185307,-0.0607579074,-0.01117705353,0.01788769491,-0.0051829451
111.85,0.006283185307,-0.06058980779,-0.01079879482,0.01872192448,-0.005329496441
111.9,0.006283185307,-0.06040591878,-0.01041622144,0.01955958919,-0.005471319481
111.95,0.006283185307,-0.06020631422,-0.01002945174,0.02040032265,-0.005608311713
112,0.006283185307,-0.05999106794,-0.009638604027,0.02124375847,-0.005740370631
112.05,0.006283185307,-0.05976025377,-0.009243796644,0.02208953026,-0.005867393728
112.1,0.006283185307,-0.05951394556,-0.008845147915,0.02293727164,-0.005989278497
112.15,0.006283185307,-0.05925221714,-0.00844277617,0.02378661622,-0.006105922431
112.2,0.006283185307,-0.05897514235,-0.008036799737,0.02463719762,-0.006217223024
112.25,0.006283185307,-0.05868279502,-0.007627336945,0.02548864945,-0.006323077768
112.3,0.006283185307,-0.05837524899,-0.007214506124,0.02634060532,-0.006423384158
112.35,0.006283185307,-0.0580525781,-0.006798425601,0.02719269885,-0.006518039687
112.4,0.006283185307,-0.05771485618,-0.006379213706,0.02804456365,-0.006606941847
112.45,0.006283185307,-0.05736215707,-0.005956988768,0.02889583334,-0.006689988132
112.5,0.006283185307,-0.05699455461,-0.005531869116,0.02974614152,-0.006767076035
112.55,0.006283185307,-0.05661212263,-0.005103973078,0.03059512182,-0.00683810305
112.6,0.006283185307,-0.05621493497,-0.004673418984,0.03144240785,-0.00690296667
112.65,0.006283185307,-0.05580306547,-0.004240325162,0.03228763322,-0.006961564388
112.7,0.006283185307,-0.05537658796,-0.003804809941,0.03313043154,-0.007013793697
112.75,0.006283185307,-0.05493557628,-0.003366991651,0.03397043644,-0.00705955209
112.8,0.006283185307,-0.05448010426,-0.002926988619,0.03480728151,-0.007098737062
112.85,0.006283185307,-0.05401024575,-0.002484919175,0.03564060038,-0.007131246104
112.9,0.006283185307,-0.05352607458,-0.002040901648,0.03647002666,-0.007156976711
112.95,0.006283185307,-0.05302766458,-0.001595054366,0.03729519397,-0.007175826376
113,0.006283185307,-0.0525150896,-0.001147495659,0.03811573591,-0.007187692592
113.05,0.006283185307,-0.05198842346,-0.0006983438554,0.03893128611,-0.007192472852
113.1,0.006283185307,-0.05144774001,-0.0002477172839,0.03974147817,-0.007190064649
113.15,0.006283185307,-0.05089311308,0.0002042657264,0.04054594572,-0.007180365477
113.2,0.006283185307,-0.05032461651,0.0006574868467,0.04134432235,-0.007163272829
113.25,0.006283185307,-0.04974232414,0.001111827748,0.0421362417,-0.007138684198
113.3,0.006283185307,-0.0491463098,0.001567170102,0.04292133736,-0.007106497078
113.35,0.006283185307,-0.04853664732,0.002023395579,0.04369924296,-0.007066608961
113.4,0.006283185307,-0.04791341056,0.00248038585,0.04446959211,-0.007018917342
113.45,0.006283185307,-0.04727667333,0.002938022587,0.04523201843,-0.006963319713
113.5,0.006283185307,-0.04662650948,0.00339618746,0.04598615552,-0.006899713568
113.55,0.006283185307,-0.04596299285,0.003854762142,0.046731637,-0.006827996399
113.6,0.006283185307,-0.04528619727,0.004313628302,0.04746809649,-0.006748065701
113.65,0.006283185307,-0.04459619657,0.004772667612,0.04819516759,-0.006659818966
113.7,0.006283185307,-0.04389306461,0.005231761743,0.04891248393,-0.006563153687
113.75,0.006283185307,-0.0431768752,0.005690792367,0.04961967911,-0.006457967359
113.8,0.006283185307,-0.04244770219,0.006149641154,0.05031638676,-0.006344157474
113.85,0.006283185307,-0.04170561941,0.006608189775,0.05100224047,-0.006221621525
113.9,0.006283185307,-0.04095070071,0.007066319902,0.05167687388,-0.006090257006
113.95,0.006283185307,-0.04018301991,0.007523913206,0.05233992059,-0.00594996141
114,0.006283185307,-0.03940265086,0.007980851358,0.05299101421,-0.00580063223
114.05,0.006283185307,-0.03860966739,0.008437016028,0.05362978837,-0.00564216696
114.1,0.006283185307,-0.03780414333,0.008892288889,0.05425587666,-0.005474463093
114.15,0.006283185307,-0.03698615253,0.00934655161,0.05486891272,-0.005297418122
114.2,0.006283185307,-0.03615576882,0.009799685864,0.05546853014,-0.00511092954
114.25,0.006283185307,-0.03531306604,0.01025157332,0.05605436255,-0.004914894841
114.3,0.006283185307,-0.03445811802,0.01070209565,0.05662604356,-0.004709211517
114.35,0.006283185307,-0.0335909986,0.01115113453,0.05718320679,-0.004493777063
114.4,0.006283185307,-0.03271178162,0.01159857163,0.05772548584,-0.004268488971
114.45,0.006283185307,-0.03182054091,0.01204428861,0.05825251433,-0.004033244735
114.5,0.006283185307,-0.03091735031,0.01248816715,0.05876392587,-0.003787941848
114.55,0.006283185307,-0.03000228366,0.01293008892,0.05925935409,-0.003532477803
114.6,0.006283185307,-0.02907541479,0.01336993559,0.05973843258,-0.003266750093
114.65,0.006283185307,-0.02813681755,0.01380758884,0.06020079498,-0.002990656212
114.7,0.006283185307,-0.02718656575,0.01424293033,0.06064607488,-0.002704093654
114.75,0.006283185307,-0.02622473325,0.01467584173,0.0610739059,-0.00240695991
114.8,0.006283185307,-0.02525139389,0.01510620472,0.06148392167,-0.002099152475
114.85,0.006283185307,-0.02426662148,0.01553390096,0.06187575579,-0.001780568842
114.9,0.006283185307,-0.02327048988,0.01595881213,0.06224904187,-0.001451106504
114.95,0.006283185307,-0.02226307292,0.01638081991,0.06260341353,-0.001110662955
115,0.006283185307,-0.02124444444,0.01679980595,0.06293850438,-0.0007591356866
115.05,0.006283185307,-0.02021467826,0.01721565193,0.06325394804,-0.0003964221935
115.1,0.006283185307,-0.01917384824,0.01762823953,0.06354937813,-2.241996853e-05
115.15,0.006283185307,-0.0181220282,0.01803745041,0.06382442825,0.000362973495
115.2,0.006283185307,-0.01705929199,0.01844316624,0.06407873201,0.0007598607038
115.25,0.006283185307,-0.01598571343,0.0188452687,0.06431192304,0.001168344165
115.3,0.006283185307,-0.01490136637,0.01924363946,0.06452363495,0.001588526384
115.35,0.006283185307,-0.01380632464,0.01963816018,0.06471350134,0.002020509869
115.4,0.006283185307,-0.01270066208,0.02002871255,0.06488115585,0.002464397127
115.45,0.006283185307,-0.01158445252,0.02041517822,0.06502623207,0.002920290663
115.5,0.006283185307,-0.01045776981,0.02079743887,0.06514836362,0.003388292985
115.55,0.006283185307,-0.009320687774,0.02117537618,0.06524718411,0.0038685066
115.6,0.006283185307,-0.008173280254,0.02154887181,0.06532232717,0.004361034013
115.65,0.006283185307,-0.007015621086,0.02191780744,0.0653734264,0.004865977733
115.7,0.006283185307,-0.005847784106,0.02228206473,0.06540011542,0.005383440265
115.75,0.006283185307,-0.00466984315,0.02264152536,0.06540202784,0.005913524117
115.8,0.006283185307,-0.003481872056,0.02299607099,0.06537879728,0.006456331794
115.85,0.006283185307,-0.00228394466,0.02334558331,0.06533005734,0.007011965805
115.9,0.006283185307,-0.001076134799,0.02368994397,0.06525544165,0.007580528655
115.95,0.006283185307,0.0001414836918,0.02402903466,0.06515458382,0.008162122851
116,0.006283185307,0.001368836975,0.02436273704,0.06502711745,0.0087568509
116.05,0.006283185307,0.002605851213,0.02469093278,0.06487267618,0.009364815309
116.1,0.006283185307,0.003852452571,0.02501350356,0.0646908936,0.009986118585
116.15,0.006283185307,0.005108567211,0.02533033104,0.06448140333,0.01062086323
116.2,0.006283185307,0.006374121297,0.0256412969,0.06424383899,0.01126915176
116.25,0.006283185307,0.007649040992,0.02594628281,0.06397783419,0.01193108668
116.3,0.006283185307,0.00893325246,0.02624517044,0.06368302254,0.01260677049
116.35,0.006283185307,0.01022668186,0.02653784146,0.06335903766,0.0132963057
116.4,0.006283185307,0.01152925537,0.02682417754,0.06300551317,0.01399979481
116.45,0.006283185307,0.01284089914,0.02710406035,0.06262208267,0.01471734034
116.5,0.006283185307,0.01416153933,0.02737737156,0.06220837977,0.01544904479
116.55,0.006283185307,0.01549110211,0.02764399285,0.06176403811,0.01619501067
116.6,0.006283185307,0.01682951365,0.02790380589,0.06128869128,0.01695534048
116.65,0.006283185307,0.0181767001,0.02815669234,0.0607819729,0.01773013673
116.7,0.006283185307,0.01953258763,0.02840253388,0.06024351659,0.01851950193
116.75,0.006283185307,0.02089710241,0.02864121218,0.05967295595,0.01932353858
116.8,0.006283185307,0.02227017059,0.02887260891,0.05906992461,0.02014234919
116.85,0.006283185307,0.02365171835,0.02909660574,0.05843405618,0.02097603628
116.9,0.006283185307,0.02504167184,0.02931308435,0.05776498426,0.02182470233
116.95,0.006283185307,0.02643995722,0.0295219264,0.05706234248,0.02268844987
117,0.006283185307,0.02784650067,0.02972301356,0.05632576445,0.02356738139
117.05,0.006283185307,0.02926122833,0.02991622751,0.05555488379,0.02446159941
117.1,0.006283185307,0.03068406639,0.03010144991,0.0547493341,0.02537120643
117.15,0.006283185307,0.032114941,0.03027856245,0.05390874899,0.02629630495
117.2,0.006283185307,0.03355377832,0.03044744678,0.0530327621,0.0272369975
117.25,0.006283185307,0.03500050452,0.03060798458,0.05212100702,0.02819338656
117.3,0.006283185307,0.03645504576,0.03076005753,0.05117311737,0.02916557465
117.35,0.006283185307,0.0379173282,0.03090354728,0.05018872677,0.03015366428
117.4,0.006283185307,0.03938727801,0.03103833552,0.04916746882,0.03115775794
117.45,0.006283185307,0.04086482136,0.03116430392,0.04810897715,0.03217795816
117.5,0.006283185307,0.0423498844,0.03128133414,0.04701288537,0.03321436743
117.55,0.006283185307,0.04381173077,0.03139397833,0.04591004761,0.03423946711
117.6,0.006283185307,0.04522002923,0.03150686483,0.04483143701,0.03522593537
117.65,0.006283185307,0.04657531359,0.03161998962,0.04377686572,0.0361741699
117.7,0.006283185307,0.04787811768,0.03173334867,0.04274614589,0.03708456845
117.75,0.006283185307,0.04912897532,0.03184693797,0.04173908966,0.03795752871
117.8,0.006283185307,0.05032842032,0.03196075349,0.04075550919,0.0387934484
117.85,0.006283185307,0.05147698652,0.03207479121,0.03979521661,0.03959272524
117.9,0.006283185307,0.05257520772,0.03218904711,0.03885802408,0.04035575695
117.95,0.006283185307,0.05362361776,0.03230351716,0.03794374374,0.04108294123
118,0.006283185307,0.05462275044,0.03241819735,0.03705218774,0.04177467581
118.05,0.006283185307,0.0555731396,0.03253308365,0.03618316822,0.0424313584
118.1,0.006283185307,0.05647531906,0.03264817203,0.03533649734,0.04305338671
118.15,0.006283185307,0.05732982263,0.03276345849,0.03451198723,0.04364115846
118.2,0.006283185307,0.05813718414,0.03287893899,0.03370945005,0.04419507137
118.25,0.006283185307,0.0588979374,0.03299460951,0.03292869794,0.04471552315
118.3,0.006283185307,0.05961261625,0.03311046603,0.03216954304,0.04520291151
118.35,0.006283185307,0.06028175449,0.03322650453,0.03143179751,0.04565763418
118.4,0.006283185307,0.06090588595,0.03334272099,0.0307152735,0.04608008887
118.45,0.006283185307,0.06148554446,0.03345911138,0.03001978314,0.04647067328
118.5,0.006283185307,0.06202126383,0.03357567168,0.02934513858,0.04682978515
118.55,0.006283185307,0.06251357788,0.03369239787,0.02869115197,0.04715782217
118.6,0.006283185307,0.06296302044,0.03380928593,0.02805763546,0.04745518208
118.65,0.006283185307,0.06337012532,0.03392633183,0.0274444012,0.04772226258
118.7,0.006283185307,0.06373542635,0.03404353155,0.02685126132,0.04795946138
118.75,0.006283185307,0.06405945735,0.03416088108,0.02627802799,0.04816717621
118.8,0.006283185307,0.06434275214,0.03427837638,0.02572451333,0.04834580478
118.85,0.006283185307,0.06458584453,0.03439601344,0.02519052951,0.04849574481
118.9,0.006283185307,0.06478926836,0.03451378824,0.02467588866,0.048617394
118.95,0.006283185307,0.06495355745,0.03463169674,0.02418040294,0.04871115008
119,0.006283185307,0.0650792456,0.03474973494,0.02370388449,0.04877741077
119.05,0.006283185307,0.06516686665,0.0348678988,0.02324614545,0.04881657376
119.1,0.006283185307,0.06521695441,0.03498618431,0.02280699798,0.04882903679
119.15,0.006283185307,0.06523004272,0.03510458744,0.02238625422,0.04881519757
119.2,0.006283185307,0.06520666538,0.03522310417,0.02198372631,0.04877545381
119.25,0.006283185307,0.06514735621,0.03534173048,0.02159922641,0.04871020322
119.3,0.006283185307,0.06505264905,0.03546046235,0.02123256665,0.04861984353
119.35,0.006283185307,0.06492307771,0.03557929575,0.0208835592,0.04850477244
119.4,0.006283185307,0.06475917601,0.03569822667,0.02055201618,0.04836538768
119.45,0.006283185307,0.06456147777,0.03581725107,0.02023774976,0.04820208696
119.5,0.006283185307,0.06433051682,0.03593636494,0.01994057207,0.04801526799
119.55,0.006283185307,0.06406682697,0.03605556426,0.01966029526,0.04780532849
119.6,0.006283185307,0.06377094205,0.036174845,0.01939673148,0.04757266618
119.65,0.006283185307,0.06344339587,0.03629420314,0.01914969288,0.04731767876
119.7,0.006283185307,0.06308472227,0.03641363466,0.01891899161,0.04704076397
119.75,0.006283185307,0.06269545505,0.03653313554,0.0187044398,0.0467423195
119.8,0.006283185307,0.06227612804,0.03665270175,0.0185058496,0.04642274307
119.85,0.006283185307,0.06182727506,0.03677232927,0.01832303317,0.04608243241
119.9,0.006283185307,0.06134942994,0.03689201409,0.01815580265,0.04572178523
119.95,0.006283185307,0.06084312649,0.03701175217,0.01800397018,0.04534119923
120,0.006283185307,0.06030889853,0.0371315395,0.01786734792,0.04494107215
120.05,0.006283185307,0.05974727989,0.03725137205,0.017745748,0.04452180168
120.1,0.006283185307,0.05915880439,0.0373712458,0.01763898258,0.04408378556
120.15,0.006283185307,0.05854400584,0.03749115673,0.0175468638,0.04362742149
120.2,0.006283185307,0.05790341808,0.03761110082,0.01746920381,0.04315310718
120.25,0.006283185307,0.05723757491,0.03773107405,0.01740581475,0.04266124036
120.3,0.006283185307,0.05654701016,0.03785107238,0.01735650878,0.04215221874
120.35,0.006283185307,0.05583225766,0.03797109181,0.01732109803,0.04162644003
120.4,0.006283185307,0.05509385121,0.03809112831,0.01729939466,0.04108430196
120.45,0.006283185307,0.05433232465,0.03821117785,0.01729121081,0.04052620222
120.5,0.006283185307,0.0535482118,0.03833123641,0.01729635863,0.03995253855
120.55,0.006283185307,0.05274204647,0.03845129998,0.01731465026,0.03936370866
120.6,0.006283185307,0.05191436249,0.03857136453,0.01734589786,0.03876011025
120.65,0.006283185307,0.05106569368,0.03869142603,0.01738991356,0.03814214106
120.7,0.006283185307,0.05019657386,0.03881148047,0.01744650952,0.03751019878
120.75,0.006283185307,0.04930753685,0.03893152382,0.01751549788,0.03686468114
120.8,0.006283185307,0.04839911647,0.03905155206,0.01759669078,0.03620598585
120.85,0.006283185307,0.04747184654,0.03917156118,0.01768990038,0.03553451063
120.9,0.006283185307,0.04652626088,0.03929154713,0.01779493882,0.0348506532
120.95,0.006283185307,0.04556289332,0.03941150592,0.01791161825,0.03415481126
121,0.006283185307,0.04458227768,0.0395314335,0.01803975081,0.03344738253
121.05,0.006283185307,0.04358494777,0.03965132586,0.01817914865,0.03272876474
121.1,0.006283185307,0.04257143742,0.03977117898,0.01832962392,0.03199935559
121.15,0.006283185307,0.04154228045,0.03989098884,0.01849098877,0.0312595528
121.2,0.006283185307,0.04049801067,0.04001075141,0.01866305533,0.03050975408
121.25,0.006283185307,0.03943916192,0.04013046267,0.01884563576,0.02975035715
121.3,0.006283185307,0.03836626801,0.0402501186,0.01903854221,0.02898175973
121.35,0.006283185307,0.03727986277,0.04036971518,0.01924158681,0.02820435953
121.4,0.006283185307,0.03618048,0.04048924838,0.01945458173,0.02741855427
121.45,0.006283185307,0.03506865355,0.04060871418,0.01967733909,0.02662474166
121.5,0.006283185307,0.03394491721,0.04072810857,0.01990967106,0.02582331941
121.55,0.006283185307,0.03280980483,0.04084742751,0.02015138977,0.02501468525
121.6,0.006283185307,0.03166385021,0.04096666699,0.02040230738,0.02419923688
121.65,0.006283185307,0.03050758719,0.04108582298,0.02066223602,0.02337737203
121.7,0.006283185307,0.02934154957,0.04120489146,0.02093098785,0.0225494884
121.75,0.006283185307,0.02816627118,0.04132386841,0.02120837502,0.02171598372
121.8,0.006283185307,0.02698228585,0.04144274981,0.02149420966,0.0208772557
121.85,0.006283185307,0.02579012739,0.04156153163,0.02178830393,0.02003370205
121.9,0.006283185307,0.02459032963,0.04168020986,0.02209046998,0.01918572049
121.95,0.006283185307,0.02338342638,0.04179878046,0.02240051994,0.01833370874
122,0.006283185307,0.02216995147,0.04191723942,0.02271826597,0.01747806451
122.05,0.006283185307,0.02095043871,0.04203558272,0.02304352021,0.01661918551
122.1,0.006283185307,0.01972542194,0.04215380634,0.02337609481,0.01575746946
122.15,0.006283185307,0.01849543496,0.04227190624,0.02371580192,0.01489331408
122.2,0.006283185307,0.0172610116,0.04238987842,0.02406245368,0.01402711708
122.25,0.006283185307,0.01602268569,0.04250771884,0.02441586223,0.01315927618
122.3,0.006283185307,0.01478099104,0.04262542349,0.02477583974,0.01229018909
122.35,0.006283185307,0.01353646147,0.04274298834,0.02514219833,0.01142025352
122.4,0.006283185307,0.01228963081,0.04286040937,0.02551475017,0.0105498672
122.45,0.006283185307,0.01104103288,0.04297768256,0.02589330739,0.009679427836
122.5,0.006283185307,0.009791201489,0.04309480388,0.02627768214,0.008809333146
122.55,0.006283185307,0.008540670469,0.04321176932,0.02666768657,0.007939980845
122.6,0.006283185307,0.007289973638,0.04332857485,0.02706313283,0.007071768648
122.65,0.006283185307,0.006039644818,0.04344521646,0.02746383305,0.00620509427
122.7,0.006283185307,0.004790217829,0.0435616901,0.0278695994,0.005340355426
122.75,0.006283185307,0.003542226493,0.04367799178,0.02828024401,0.004477949833
122.8,0.006283185307,0.00229620463,0.04379411746,0.02869557903,0.003618275205
122.85,0.006283185307,0.001052686062,0.04391006311,0.02911541662,0.002761729257
122.9,0.006283185307,-0.0001877953904,0.04402582473,0.0295395689,0.001908709705
122.95,0.006283185307,-0.001424705906,0.04414139828,0.02996784804,0.001059614265
123,0.006283185307,-0.002657511664,0.04425677975,0.03040006617,0.0002148406509
123.05,0.006283185307,-0.003885678844,0.04437196511,0.03083603545,-0.0006252134212
123.1,0.006283185307,-0.005108673623,0.04448695034,0.03127556802,-0.001460150236
123.15,0.006283185307,-0.006325962182,0.04460173142,0.03171847603,-0.002289572078
123.2,0.006283185307,-0.007537010699,0.04471630432,0.03216457163,-0.003113081233
123.25,0.006283185307,-0.008741285352,0.04483066503,0.03261366695,-0.003930279984
123.3,0.006283185307,-0.009938252322,0.04494480952,0.03306557415,-0.004740770617
123.35,0.006283185307,-0.01112737779,0.04505873377,0.03352010538,-0.005544155416
123.4,0.006283185307,-0.01230812792,0.04517243375,0.03397707278,-0.006340036666
123.45,0.006283185307,-0.01347996892,0.04528590545,0.03443628849,-0.007128016651
123.5,0.006283185307,-0.01464236694,0.04539914484,0.03489756467,-0.007907697657
123.55,0.006283185307,-0.01579478817,0.0455121479,0.03536071346,-0.008678681967
123.6,0.006283185307,-0.0169366988,0.04562491061,0.035825547,-0.009440571867
123.65,0.006283185307,-0.01806756499,0.04573742895,0.03629187745,-0.01019296964
123.7,0.006283185307,-0.01918685293,0.04584969889,0.03675951695,-0.01093547757
123.75,0.006283185307,-0.02029402879,0.04596171641,0.03722827765,-0.01166769795
123.8,0.006283185307,-0.02138855876,0.04607347749,0.03769797169,-0.01238923306
123.85,0.006283185307,-0.02246990902,0.0461849781,0.03816841122,-0.01309968517
123.9,0.006283185307,-0.02353754574,0.04629621424,0.03863940839,-0.01379865659
123.95,0.006283185307,-0.0245909351,0.04640718186,0.03911077534,-0.01448574959
124,0.006283185307,-0.02562954328,0.04651787696,0.03958232422,-0.01516056645
124.05,0.006283185307,-0.02665283646,0.0466282955,0.04005386718,-0.01582270947
124.1,0.006283185307,-0.02766028082,0.04673843347,0.04052521636,-0.01647178092
124.15,0.006283185307,-0.02865134254,0.04684828685,0.04099618391,-0.0171073831
124.2,0.006283185307,-0.0296254878,0.0469578516,0.04146658198,-0.01772911828
124.25,0.006283185307,-0.03058218277,0.04706712372,0.04193622271,-0.01833658875
124.3,0.006283185307,-0.03152089364,0.04717609917,0.04240491825,-0.01892939679
124.35,0.006283185307,-0.03244108658,0.04728477394,0.04287248074,-0.0195071447
124.4,0.006283185307,-0.03334222777,0.047393144,0.04333872234,-0.02006943475
124.45,0.006283185307,-0.0342237834,0.04750120533,0.04380345519,-0.02061586922
124.5,0.006283185307,-0.03508521963,0.04760895392,0.04426649143,-0.02114605042
124.55,0.006283185307,-0.03592600266,0.04771638572,0.04472764322,-0.02165958061
124.6,0.006283185307,-0.03674559865,0.04782349673,0.04518672269,-0.02215606208
124.65,0.006283185307,-0.03754347379,0.04793028293,0.04564354201,-0.02263509712
124.7,0.006283185307,-0.03831909426,0.04803674028,0.0460979133,-0.02309628802
124.75,0.006283185307,-0.03907192624,0.04814286477,0.04654964872,-0.02353923705
124.8,0.006283185307,-0.03980143589,0.04824865238,0.04699856042,-0.0239635465
124.85,0.006283185307,-0.04050708941,0.04835409908,0.04744446054,-0.02436881866
124.9,0.006283185307,-0.04118835298,0.04845920085,0.04788716123,-0.02475465581
124.95,0.006283185307,-0.04184469276,0.04856395367,0.04832647463,-0.02512066024
125,0.006283185307,-0.04247557495,0.04866835352,0.0487622129,-0.02546643422
125.05,0.006283185307,-0.04308046571,0.04877239637,0.04919418818,-0.02579158006
125.1,0.006283185307,-0.04365883123,0.04887607821,0.04962221261,-0.02609570002
125.15,0.006283185307,-0.04421013769,0.048979395,0.05004609834,-0.02637839639
125.2,0.006283185307,-0.04473385126,0.04908234274,0.05046565752,-0.02663927147
125.25,0.006283185307,-0.04522943813,0.04918491738,0.05088070229,-0.02687792753
125.3,0.006283185307,-0.04569636447,0.04928711493,0.05129104481,-0.02709396686
125.35,0.006283185307,-0.04613409647,0.04938893134,0.05169649722,-0.02728699174
125.4,0.006283185307,-0.0465421003,0.0494903626,0.05209687165,-0.02745660446
125.45,0.006283185307,-0.04691984213,0.04959140469,0.05249198028,-0.0276024073
125.5,0.006283185307,-0.04726678816,0.04969205359,0.05288163522,-0.02772400255
125.55,0.006283185307,-0.04758240456,0.04979230526,0.05326564865,-0.02782099249
125.6,0.006283185307,-0.0478661575,0.0498921557,0.05364383269,-0.02789297941
125.65,0.006283185307,-0.04811751317,0.04999160088,0.05401599951,-0.02793956559
125.7,0.006283185307,-0.04833593774,0.05009063677,0.05438196123,-0.02796035332
125.75,0.006283185307,-0.0485208974,0.05018925936,0.05474153002,-0.02795494487
125.8,0.006283185307,-0.04867185833,0.05028746461,0.05509451801,-0.02792294254
125.85,0.006283185307,-0.04878828669,0.05038524852,0.05544073736,-0.02786394861
125.9,0.006283185307,-0.04886964868,0.05048260706,0.05578000021,-0.02777756537
125.95,0.006283185307,-0.04891541046,0.0505795362,0.05611211871,-0.0276633951
126,0.006283185307,-0.04892503823,0.05067603192,0.056436905,-0.02752104008
126.05,0.006283185307,-0.04889799815,0.0507720902,0.05675417123,-0.02735010259
126.1,0.006283185307,-0.04883375641,0.05086770703,0.05706372955,-0.02715018494
126.15,0.006283185307,-0.04873177918,0.05096287837,0.05736539211,-0.02692088939
126.2,0.006283185307,-0.04859153265,0.0510576002,0.05765897104,-0.02666181823
126.25,0.006283185307,-0.048412483,0.0511518685,0.0579442785,-0.02637257375
126.3,0.006283185307,-0.0481940964,0.05124567926,0.05822112663,-0.02605275823
126.35,0.006283185307,-0.04793583902,0.05133902844,0.05848932759,-0.02570197396
126.4,0.006283185307,-0.04763717706,0.05143191203,0.05874869351,-0.02531982322
126.45,0.006283185307,-0.04729757669,0.051524326,0.05899903654,-0.0249059083
126.5,0.006283185307,-0.04691650409,0.05161626633,0.05924016883,-0.02445983148
126.55,0.006283185307,-0.04649342543,0.051707729,0.05947190253,-0.02398119504
126.6,0.006283185307,-0.0460278069,0.05179870999,0.05969404979,-0.02346960127
126.65,0.006283185307,-0.04551911468,0.05188920527,0.05990642274,-0.02292465246
126.7,0.006283185307,-0.04496681494,0.05197921083,0.06010883354,-0.02234595089
126.75,0.006283185307,-0.04437037386,0.05206872263,0.06030109433,-0.02173309884
126.8,0.006283185307,-0.04372925763,0.05215773667,0.06048301726,-0.0210856986
126.85,0.006283185307,-0.04304293241,0.0522462489,0.06065441448,-0.02040335246
126.9,0.006283185307,-0.0423108644,0.05233425533,0.06081509813,-0.01968566269
126.95,0.006283185307,-0.04153251977,0.05242175191,0.06096488036,-0.01893223159
127,0.006283185307,-0.04070736469,0.05250873463,0.06110357332,-0.01814266143
127.05,0.006283185307,-0.03983486535,0.05259519947,0.06123098915,-0.01731655451
127.1,0.006283185307,-0.03891448793,0.05268114241,0.06134693999,-0.0164535131
127.15,0.006283185307,-0.0379456986,0.05276655941,0.06145123801,-0.01555313949
127.2,0.006283185307,-0.03692796354,0.05285144647,0.06154369533,-0.01461503597
127.25,0.006283185307,-0.03586074894,0.05293579956,0.06162412412,-0.01363880483
127.3,0.006283185307,-0.03474352097,0.05301961465,0.06169233651,-0.01262404833
127.35,0.006283185307,-0.03357574581,0.05310288772,0.06174814465,-0.01157036878
127.4,0.006283185307,-0.03235688964,0.05318561476,0.06179136069,-0.01047736845
127.45,0.006283185307,-0.03108641863,0.05326779174,0.06182179677,-0.009344649636
127.5,0.006283185307,-0.02976379898,0.05334941463,0.06183926505,-0.008171814613
127.55,0.006283185307,-0.02838849685,0.05343047942,0.06184357767,-0.006958465669
127.6,0.006283185307,-0.02695997842,0.05351098208,0.06183454677,-0.005704205089
127.65,0.006283185307,-0.02547770988,0.05359091859,0.0618119845,-0.004408635157
127.7,0.006283185307,-0.02394115741,0.05367028493,0.06177570301,-0.003071358158
127.75,0.006283185307,-0.02234978717,0.05374907708,0.06172551445,-0.001691976377
127.8,0.006283185307,-0.02070306536,0.05382729101,0.06166123096,-0.0002700920989
127.85,0.006283185307,-0.01900045815,0.05390492271,0.06158266468,0.001194692393
127.9,0.006283185307,-0.01724143171,0.05398196814,0.06148962777,0.002702774812
127.95,0.006283185307,-0.01542545224,0.05405842329,0.06138193238,0.004254552875
128,0.006283185307,-0.0135519859,0.05413428414,0.06125939064,0.005850424297
128.05,0.006283185307,-0.01162049887,0.05420954666,0.0611218147,0.007490786793
128.1,0.006283185307,-0.009630457344,0.05428420683,0.06096901672,0.009176038079
128.15,0.006283185307,-0.007581327489,0.05435826062,0.06080080883,0.01090657587
128.2,0.006283185307,-0.005472575486,0.05443170403,0.06061700319,0.01268279788
128.25,0.006283185307,-0.003303667515,0.05450453302,0.06041741193,0.01450510183
128.3,0.006283185307,-0.001074069754,0.05457674357,0.06020184722,0.01637388542
128.35,0.006283185307,0.001210450909,0.05464818495,0.05997079383,0.01828397153
128.4,0.006283185307,0.00346849343,0.05471695863,0.05973288728,0.0201633117
128.45,0.006283185307,0.005675308583,0.05478251345,0.05949087738,0.02199008867
128.5,0.006283185307,0.007831343561,0.0548448883,0.05924484318,0.02376479135
128.55,0.006283185307,0.009937045553,0.05490412205,0.0589948637,0.02548790863
128.6,0.006283185307,0.01199286175,0.05496025358,0.05874101799,0.02715992943
128.65,0.006283185307,0.01399923934,0.05501332177,0.05848338507,0.02878134265
128.7,0.006283185307,0.01595662552,0.0550633655,0.05822204398,0.03035263721
128.75,0.006283185307,0.01786546747,0.05511042363,0.05795707375,0.03187430202
128.8,0.006283185307,0.01972621239,0.05515453506,0.05768855342,0.03334682597
128.85,0.006283185307,0.02153930747,0.05519573864,0.05741656203,0.03477069799
128.9,0.006283185307,0.02330519989,0.05523407327,0.0571411786,0.03614640698
128.95,0.006283185307,0.02502433685,0.05526957782,0.05686248217,0.03747444185
129,0.006283185307,0.02669716554,0.05530229117,0.05658055178,0.0387552915
129.05,0.006283185307,0.02832413315,0.05533225218,0.05629546646,0.03998944485
129.1,0.006283185307,0.02990568686,0.05535949975,0.05600730524,0.04117739081
129.15,0.006283185307,0.03144227388,0.05538407274,0.05571614716,0.04231961828
129.2,0.006283185307,0.03293434138,0.05540601003,0.05542207126,0.04341661617
129.25,0.006283185307,0.03438233657,0.05542535051,0.05512515656,0.04446887339
129.3,0.006283185307,0.03578670662,0.05544213304,0.05482548211,0.04547687885
129.35,0.006283185307,0.03714789874,0.05545639651,0.05452312693,0.04644112146
129.4,0.006283185307,0.0384663601,0.05546817978,0.05421817006,0.04736209012
129.45,0.006283185307,0.03974253791,0.05547752175,0.05391069053,0.04824027375
129.5,0.006283185307,0.04097687935,0.05548446127,0.05360076739,0.04907616126
129.55,0.006283185307,0.04216983161,0.05548903724,0.05328847966,0.04987024154
129.6,0.006283185307,0.04332184189,0.05549128853,0.05297390638,0.05062300352
129.65,0.006283185307,0.04443335736,0.05549125401,0.05265712658,0.0513349361
129.7,0.006283185307,0.04550482523,0.05548897257,0.05233821929,0.05200652819
129.75,0.006283185307,0.04653669269,0.05548448307,0.05201726356,0.05263826869
129.8,0.006283185307,0.04752940692,0.0554778244,0.05169433841,0.05323064652
129.85,0.006283185307,0.04848341511,0.05546903543,0.05136952289,0.05378415058
129.9,0.006283185307,0.04939916446,0.05545815504,0.05104289602,0.05429926979
129.95,0.006283185307,0.05027710216,0.05544522211,0.05071453683,0.05477649305
130,0.006283185307,0.05111767539,0.05543027551,0.05038452437,0.05521630927
130.05,0.006283185307,0.05192133134,0.05541335412,0.05005293767,0.05561920736
130.1,0.006283185307,0.05268851722,0.05539449682,0.04971985576,0.05598567622
130.15,0.006283185307,0.0534196802,0.05537374248,0.04938535767,0.05631620478
130.2,0.006283185307,0.05411526747,0.05535112998,0.04904952245,0.05661128192
130.25,0.006283185307,0.05477572624,0.0553266982,0.04871242912,0.05687139658
130.3,0.006283185307,0.05540150368,0.05530048602,0.04837415672,0.05709703764
130.35,0.006283185307,0.055993047,0.0552725323,0.04803478428,0.05728869403
130.4,0.006283185307,0.05655080337,0.05524287594,0.04769439085,0.05744685464
130.45,0.006283185307,0.05707521999,0.0552115558,0.04735305544,0.05757200839
130.5,0.006283185307,0.05756674405,0.05517861076,0.0470108571,0.05766464419
130.55,0.006283185307,0.05802582274,0.0551440797,0.04666787486,0.05772525095
130.6,0.006283185307,0.05845290325,0.0551080015,0.04632418776,0.05775431757
130.65,0.006283185307,0.05884843277,0.05507041503,0.04597987483,0.05775233297
130.7,0.006283185307,0.0592128585,0.05503135917,0.0456350151,0.05771978604
130.75,0.006283185307,0.05954662762,0.05499087279,0.04528968761,0.05765716571
130.8,0.006283185307,0.05985018731,0.05494899478,0.0449439714,0.05756496087
130.85,0.006283185307,0.06012398478,0.05490576401,0.04459794549,0.05744366045
130.9,0.006283185307,0.06036846722,0.05486121936,0.04425168892,0.05729375333
130.95,0.006283185307,0.06058408181,0.0548153997,0.04390528073,0.05711572845
131,0.006283185307,0.06077127574,0.05476834391,0.04355879995,0.0569100747
131.05,0.006283185307,0.0609304962,0.05472009087,0.04321232561,0.05667728099
131.1,0.006283185307,0.06106219039,0.05467067946,0.04286593675,0.05641783623
131.15,0.006283185307,0.0611668055,0.05462014854,0.04251971241,0.05613222933
131.2,0.006283185307,0.06124478871,0.05456853701,0.04217373162,0.0558209492
131.25,0.006283185307,0.06129658721,0.05451588373,0.0418280734,0.05548448474
131.3,0.006283185307,0.0613226482,0.05446222758,0.04148281681,0.05512332488
131.35,0.006283185307,0.06132341887,0.05440760744,0.04113804086,0.0547379585
131.4,0.006283185307,0.06129934641,0.05435206219,0.0407938246,0.05432887453
131.45,0.006283185307,0.061250878,0.0542956307,0.04045024706,0.05389656187
131.5,0.006283185307,0.06117846084,0.05423835185,0.04010738728,0.05344150943
131.55,0.006283185307,0.06108254212,0.05418026452,0.03976532428,0.05296420612
131.6,0.006283185307,0.06096356903,0.05412140758,0.03942413711,0.05246514085
131.65,0.006283185307,0.06082198876,0.05406181991,0.03908390479,0.05194480252
131.7,0.006283185307,0.06065824849,0.05400154039,0.03874470636,0.05140368005
131.75,0.006283185307,0.06047279543,0.0539406079,0.03840662087,0.05084226234
131.8,0.006283185307,0.06026607676,0.0538790613,0.03806972733,0.05026103831
131.85,0.006283185307,0.06003853966,0.05381693949,0.03773410478,0.04966049685
131.9,0.006283185307,0.05979063134,0.05375428132,0.03739983227,0.04904112689
131.95,0.006283185307,0.05952279898,0.05369112569,0.03706698882,0.04840341732
132,0.006283185307,0.05923548977,0.05362751147,0.03673565346,0.04774785706
132.05,0.006283185307,0.05892915091,0.05356347754,0.03640590524,0.04707493502
132.1,0.006283185307,0.05860422957,0.05349906276,0.03607782319,0.0463851401
132.15,0.006283185307,0.05826117296,0.05343430603,0.03575148633,0.04567896121
132.2,0.006283185307,0.05790042826,0.05336924621,0.03542697372,0.04495688726
132.25,0.006283185307,0.05752244267,0.05330392219,0.03510436437,0.04421940717
132.3,0.006283185307,0.05712766337,0.05323837284,0.03478373732,0.04346700983
132.35,0.006283185307,0.05671653755,0.05317263703,0.03446517162,0.04270018416
132.4,0.006283185307,0.05628951241,0.05310675365,0.03414874628,0.04191941907
132.45,0.006283185307,0.05584703514,0.05304076156,0.03383454036,0.04112520346
132.5,0.006283185307,0.05538955292,0.05297469966,0.03352263287,0.04031802624
132.55,0.006283185307,0.05491751294,0.05290860681,0.03321310287,0.03949837633
132.6,0.006283185307,0.05443136241,0.05284252189,0.03290602937,0.03866674263
132.65,0.006283185307,0.0539315485,0.05277648378,0.03260149141,0.03782361405
132.7,0.006283185307,0.05341851841,0.05271053135,0.03229956804,0.03696947949
132.75,0.006283185307,0.05289271932,0.05264470349,0.03200033828,0.03610482787
132.8,0.006283185307,0.05235459843,0.05257903907,0.03170388117,0.0352301481
132.85,0.006283185307,0.05180460294,0.05251357696,0.03141027573,0.03434592908
132.9,0.006283185307,0.05124318002,0.05244835604,0.03111960102,0.03345265973
132.95,0.006283185307,0.05067077687,0.0523834152,0.03083193606,0.03255082894
133,0.006283185307,0.05008784068,0.0523187933,0.03054735988,0.03164092564
133.05,0.006283185307,0.04949481864,0.05225452922,0.03026595152,0.03072343872
133.1,0.006283185307,0.04889215794,0.05219066184,0.02998779002,0.02979885711
133.15,0.006283185307,0.04828030577,0.05212723005,0.0297129544,0.02886766969
133.2,0.006283185307,0.04765970932,0.0520642727,0.02944152371,0.0279303654
133.25,0.006283185307,0.04703081579,0.05200182869,0.02917357697,0.02698743312
133.3,0.006283185307,0.04639407236,0.05193993688,0.02890919323,0.02603936178
133.35,0.006283185307,0.04574992621,0.05187863616,0.02864845151,0.02508664028
133.4,0.006283185307,0.04509882456,0.0518179654,0.02839143085,0.02412975753
133.45,0.006283185307,0.04444121457,0.05175796348,0.02813821028,0.02316920243
133.5,0.006283185307,0.04377754345,0.05169866928,0.02788886885,0.02220546391
133.55,0.006283185307,0.04310825839,0.05164012166,0.02764348558,0.02123903085
133.6,0.006283185307,0.04243380656,0.05158235952,0.0274021395,0.02027039218
133.65,0.006283185307,0.04175463518,0.05152542172,0.02716490966,0.01930003681
133.7,0.006283185307,0.04107119141,0.05146934715,0.02693187509,0.01832845364
133.75,0.006283185307,0.04038392247,0.05141417467,0.02670311481,0.01735613157
133.8,0.006283185307,0.03969327553,0.05135994317,0.02647870787,0.01638355953
133.85,0.006283185307,0.03899969778,0.05130669153,0.0262587333,0.01541122641
133.9,0.006283185307,0.03830363643,0.05125445861,0.02604327014,0.01443962112
133.95,0.006283185307,0.03760553865,0.05120328331,0.02583239741,0.01346923259
134,0.006283185307,0.03690585164,0.05115320448,0.02562619415,0.0125005497
134.05,0.006283185307,0.03620502258,0.05110426102,0.0254247394,0.01153406138
134.1,0.006283185307,0.03550349868,0.0510564918,0.0252281122,0.01057025653
134.15,0.006283185307,0.03480172711,0.05100993569,0.02503639157,0.009609624055
134.2,0.006283185307,0.03410015508,0.05096463157,0.02484965655,0.008652652869
134.25,0.006283185307,0.03339922976,0.05092061832,0.02466798617,0.007699831881
134.3,0.006283185307,0.03269939835,0.05087793482,0.02449145947,0.006751649998
134.35,0.006283185307,0.03200110805,0.05083661994,0.02432015549,0.005808596128
134.4,0.006283185307,0.03130480603,0.05079671256,0.02415415325,0.004871159181
134.45,0.006283185307,0.0306109395,0.05075825156,0.0239935318,0.003939828066
134.5,0.006283185307,0.02991995563,0.05072127581,0.02383837016,0.00301509169
134.55,0.006283185307,0.02923230163,0.05068582419,0.02368874737,0.002097438962
134.6,0.006283185307,0.02854842468,0.05065193557,0.02354474247,0.001187358792
134.65,0.006283185307,0.02786877198,0.05061964884,0.02340643449,0.0002853400874
134.7,0.006283185307,0.02719379071,0.05058900287,0.02327390246,-0.0006081282425
134.75,0.006283185307,0.02652392806,0.05056003654,0.02314722542,-0.001492557289
134.8,0.006283185307,0.02585963122,0.05053278872,0.0230264824,-0.002367458144
134.85,0.006283185307,0.02520134739,0.05050729829,0.02291175244,-0.003232341899
134.9,0.006283185307,0.02454952376,0.05048360414,0.02280311457,-0.004086719645
134.95,0.006283185307,0.02390460751,0.05046174512,0.02270064783,-0.004930102472
135,0.006283185307,0.02326704583,0.05044176013,0.02260443124,-0.005762001474
135.05,0.006283185307,0.02263728593,0.05042368804,0.02251454385,-0.00658192774
135.1,0.006283185307,0.02201577497,0.05040756772,0.02243106469,-0.007389392362
135.15,0.006283185307,0.02140296017,0.05039343806,0.02235407279,-0.008183906432
135.2,0.006283185307,0.0207992887,0.05038133793,0.02228364719,-0.008964981041
135.25,0.006283185307,0.02020520776,0.0503713062,0.02221986692,-0.009732127281
135.3,0.006283185307,0.01962116454,0.05036338176,0.02216281102,-0.01048485624
135.35,0.006283185307,0.01904760623,0.05035760347,0.02211255852,-0.01122267902
135.4,0.006283185307,0.01848498001,0.05035401023,0.02206918846,-0.01194510669
135.45,0.006283185307,0.01793373309,0.05035264089,0.02203277986,-0.01265165037
135.5,0.006283185307,0.01739431264,0.05035353435,0.02200341177,-0.01334182113
135.55,0.006283185307,0.01686716587,0.05035672948,0.02198116321,-0.01401513007
135.6,0.006283185307,0.01635273995,0.05036226515,0.02196611323,-0.01467108828
135.65,0.006283185307,0.01585148209,0.05037018024,0.02195834085,-0.01530920685
135.7,0.006283185307,0.01536383946,0.05038051363,0.02195792512,-0.01592899687
135.75,0.006283185307,0.01489025927,0.0503933042,0.02196494506,-0.01652996943
135.8,0.006283185307,0.0144311887,0.05040859081,0.02197947971,-0.01711163563
135.85,0.006283185307,0.01398707495,0.05042641236,0.02200160811,-0.01767350656
135.9,0.006283185307,0.01355836519,0.05044680772,0.02203140928,-0.01821509331
135.95,0.006283185307,0.01314550663,0.05046981575,0.02206896227,-0.01873590696
136,0.006283185307,0.01274894645,0.05049547535,0.0221143461,-0.01923545861
136.05,0.006283185307,0.01236913185,0.05052382538,0.02216763982,-0.01971325936
136.1,0.006283185307,0.01200651001,0.05055490473,0.02222892245,-0.02016882029
136.15,0.006283185307,0.01166152813,0.05058875226,0.02229827304,-0.02060165249
136.2,0.006283185307,0.01133463339,0.05062540687,0.02237577061,-0.02101126706
136.25,0.006283185307,0.01102627298,0.05066490742,0.02246149419,-0.02139717509
136.3,0.006283185307,0.01073689411,0.05070729279,0.02255552283,-0.02175888766
136.35,0.006283185307,0.01046694395,0.05075260185,0.02265793556,-0.02209591588
136.4,0.006283185307,0.01021686969,0.05080087349,0.02276881142,-0.02240777082
136.45,0.006283185307,0.009987118534,0.05085214659,0.02288822942,-0.02269396359
136.5,0.006283185307,0.009778137665,0.05090646001,0.02301626862,-0.02295400527
136.55,0.006283185307,0.009590374273,0.05096385264,0.02315300805,-0.02318740696
136.6,0.006283185307,0.00942427555,0.05102436335,0.02329852674,-0.02339367974
136.65,0.006283185307,0.009280288686,0.05108803102,0.02345290371,-0.02357233472
136.7,0.006283185307,0.009158860871,0.05115489453,0.02361621802,-0.02372288297
136.75,0.006283185307,0.009060439295,0.05122499275,0.02378854869,-0.02384483559
136.8,0.006283185307,0.00898547115,0.05129836455,0.02396997476,-0.02393770367
136.85,0.006283185307,0.008934403625,0.05137504883,0.02416057526,-0.02400099831
136.9,0.006283185307,0.00890768391,0.05145508445,0.02436042923,-0.02403423059
136.95,0.006283185307,0.008905759197,0.05153851029,0.0245696157,-0.0240369116
137,0.006283185307,0.008929076676,0.05162536523,0.0247882137,-0.02400855245
137.05,0.006283185307,0.008978083536,0.05171568814,0.02501630227,-0.02394866421
137.1,0.006283185307,0.009053226969,0.0518095179,0.02525396044,-0.02385675798
137.15,0.006283185307,0.009154954164,0.0519068934,0.02550126726,-0.02373234485
137.2,0.006283185307,0.009283712313,0.05200785349,0.02575830174,-0.02357493592
137.25,0.006283185307,0.009439948605,0.05211243707,0.02602514293,-0.02338404227
137.3,0.006283185307,0.009624110231,0.05222068301,0.02630186986,-0.02315917499
137.35,0.006283185307,0.009836644382,0.05233263018,0.02658856157,-0.02289984518
137.4,0.006283185307,0.01007799825,0.05244831747,0.02688529709,-0.02260556393
137.45,0.006283185307,0.01034861902,0.05256778375,0.02719215545,-0.02227584233
137.5,0.006283185307,0.01064895388,0.05269106789,0.02750921569,-0.02191019147
137.55,0.006283185307,0.01097945004,0.05281820877,0.02783655685,-0.02150812244
137.6,0.006283185307,0.01134055466,0.05294924528,0.02817425795,-0.02106914634
137.65,0.006283185307,0.01173271496,0.05308421628,0.02852239803,-0.02059277425
137.7,0.006283185307,0.01215637811,0.05322316066,0.02888105613,-0.02007851726
137.75,0.006283185307,0.01261199131,0.05336611729,0.02925031128,-0.01952588647
137.8,0.006283185307,0.01310000175,0.05351312504,0.02963024251,-0.01893439298
137.85,0.006283185307,0.01362085661,0.0536642228,0.03002092886,-0.01830354786
137.9,0.006283185307,0.0141750031,0.05381944944,0.03042244937,-0.01763286221
137.95,0.006283185307,0.01476288839,0.05397884384,0.03083488307,-0.01692184712
138,0.006283185307,0.01538495969,0.05414244488,0.03125830898,-0.01617001369
138.05,0.006283185307,0.01604166417,0.05431029142,0.03169280615,-0.01537687301
138.1,0.006283185307,0.01673344903,0.05448242236,0.03213845362,-0.01454193616
138.15,0.006283185307,0.01746076147,0.05465887656,0.03259533041,-0.01366471424
138.2,0.006283185307,0.01822404866,0.05483969291,0.03306351556,-0.01274471834
138.25,0.006283185307,0.01902375781,0.05502491027,0.0335430881,-0.01178145955
138.3,0.006283185307,0.0198603361,0.05521456753,0.03403412707,-0.01077444896
138.35,0.006283185307,0.02073423072,0.05540870357,0.03453671151,-0.009723197661
138.4,0.006283185307,0.02164588887,0.05560735725,0.03505092044,-0.008627216751
138.45,0.006283185307,0.02259575772,0.05581056747,0.0355768329,-0.007486017316
138.5,0.006283185307,0.02358428448,0.05601837308,0.03611452793,-0.006299110449
138.55,0.006283185307,0.02461191634,0.05623081298,0.03666408456,-0.005066007241
138.6,0.006283185307,0.02567910048,0.05644792604,0.03722558183,-0.003786218783
138.65,0.006283185307,0.02678628409,0.05666975113,0.03779909876,-0.002459256166
138.7,0.006283185307,0.02793391437,0.05689632713,0.0383847144,-0.001084630482
138.75,0.006283185307,0.0291224385,0.05712769292,0.03898250777,0.0003381471778
138.8,0.006283185307,0.03035230368,0.05736388737,0.03959255792,0.001809565722
138.85,0.006283185307,0.0316239571,0.05760494937,0.04021494387,0.00333011406
138.9,0.006283185307,0.03293784594,0.05785091779,0.04084974466,0.004900281099
138.95,0.006283185307,0.0342944174,0.05810183151,0.04149703933,0.006520555749
139,0.006283185307,0.03569411867,0.05835772939,0.04215690691,0.008191426918
139.05,0.006283185307,0.03713739694,0.05861865033,0.04282942644,0.009913383515
139.1,0.006283185307,0.03862469939,0.05888463319,0.04351467694,0.01168691445
139.15,0.006283185307,0.04015647322,0.05915571686,0.04421273745,0.01351250863
139.2,0.006283185307,0.04171035773,0.05942630313,0.04491431448,0.01536744333
139.25,0.006283185307,0.04321273369,0.05967820181,0.0455891323,0.01717676392
139.3,0.006283185307,0.04465847196,0.05991023638,0.04623515153,0.01893514415
139.35,0.006283185307,0.04604814775,0.06012264322,0.04685268012,0.02064306048
139.4,0.006283185307,0.04738233626,0.06031565874,0.04744202604,0.02230098934
139.45,0.006283185307,0.04866161269,0.06048951934,0.04800349728,0.02390940718
139.5,0.006283185307,0.04988655225,0.0606444614,0.0485374018,0.02546879045
139.55,0.006283185307,0.05105773013,0.06078072133,0.04904404757,0.02697961558
139.6,0.006283185307,0.05217572154,0.06089853553,0.04952374256,0.02844235902
139.65,0.006283185307,0.05324110168,0.06099814039,0.04997679475,0.02985749722
139.7,0.006283185307,0.05425444575,0.06107977231,0.0504035121,0.03122550661
139.75,0.006283185307,0.05521632895,0.06114366768,0.05080420258,0.03254686365
139.8,0.006283185307,0.0561273265,0.06119006291,0.05117917417,0.03382204478
139.85,0.006283185307,0.05698801358,0.06121919439,0.05152873484,0.03505152643
139.9,0.006283185307,0.0577989654,0.06123129851,0.05185319256,0.03623578506
139.95,0.006283185307,0.05856075717,0.06122661167,0.0521528553,0.03737529711
140,0.006283185307,0.05927396408,0.06120537028,0.05242803103,0.03847053902
140.05,0.006283185307,0.05993916135,0.06116781072,0.05267902772,0.03952198724
140.1,0.006283185307,0.06055692416,0.0611141694,0.05290615334,0.04053011821
140.15,0.006283185307,0.06112782772,0.06104468271,0.05310971587,0.04149540837
140.2,0.006283185307,0.06165244724,0.06095958705,0.05329002327,0.04241833416
140.25,0.006283185307,0.06213135792,0.06085911882,0.05344738352,0.04329937204
140.3,0.006283185307,0.06256513496,0.0607435144,0.05358210458,0.04413899845
140.35,0.006283185307,0.06295435356,0.06061301021,0.05369449443,0.04493768982
140.4,0.006283185307,0.06329958892,0.06046784263,0.05378486104,0.04569592261
140.45,0.006283185307,0.06360141626,0.06030824807,0.05385351238,0.04641417325
140.5,0.006283185307,0.06386041075,0.06013446291,0.05390075642,0.04709291819
140.55,0.006283185307,0.06407714762,0.05994672357,0.05392690113,0.04773263388
140.6,0.006283185307,0.06425220207,0.05974526643,0.05393225449,0.04833379676
140.65,0.006283185307,0.06438614929,0.05953032788,0.05391712446,0.04889688327
140.7,0.006283185307,0.06447956448,0.05930214434,0.05388181901,0.04942236985
140.75,0.006283185307,0.06453302286,0.0590609522,0.05382664612,0.04991073295
140.8,0.006283185307,0.06454709962,0.05880698784,0.05375191376,0.05036244902
140.85,0.006283185307,0.06452236997,0.05854048768,0.05365792989,0.0507779945
140.9,0.006283185307,0.0644594091,0.0582616881,0.05354500249,0.05115784583
140.95,0.006283185307,0.06435879222,0.0579708255,0.05341343954,0.05150247945
141,0.006283185307,0.06422109453,0.05766813629,0.05326354899,0.05181237181
141.05,0.006283185307,0.06404689123,0.05735385685,0.05309563882,0.05208799936
141.1,0.006283185307,0.06383675754,0.05702822358,0.05291001701,0.05232983853
141.15,0.006283185307,0.06359126864,0.05669147289,0.05270699152,0.05253836577
141.2,0.006283185307,0.06331099974,0.05634384117,0.05248687033,0.05271405753
141.25,0.006283185307,0.06299652604,0.05598556481,0.0522499614,0.05285739025
141.3,0.006283185307,0.06264842275,0.05561688021,0.05199657271,0.05296884037
141.35,0.006283185307,0.06226726506,0.05523802377,0.05172701223,0.05304888434
141.4,0.006283185307,0.06185362819,0.05484923189,0.05144158793,0.05309799859
141.45,0.006283185307,0.06140808732,0.05445074096,0.05114060777,0.05311665958
141.5,0.006283185307,0.06093121767,0.05404278738,0.05082437974,0.05310534375
141.55,0.006283185307,0.06042359444,0.05362560755,0.0504932118,0.05306452754
141.6,0.006283185307,0.05988579283,0.05319943786,0.05014741192,0.05299468739
141.65,0.006283185307,0.05931838804,0.05276451472,0.04978728808,0.05289629976
141.7,0.006283185307,0.05872195527,0.05232107451,0.04941314824,0.05276984108
141.75,0.006283185307,0.05809706972,0.05186935364,0.04902530037,0.05261578779
141.8,0.006283185307,0.05744430661,0.0514095885,0.04862405246,0.05243461635
141.85,0.006283185307,0.05676424112,0.05094201548,0.04820971246,0.05222680319
141.9,0.006283185307,0.05605744846,0.050466871,0.04778258835,0.05199282476
141.95,0.006283185307,0.05532450385,0.04998439144,0.0473429881,0.05173315751
142,0.006283185307,0.05456598246,0.04949481319,0.04689121969,0.05144827787
142.05,0.006283185307,0.05378245952,0.04899837267,0.04642759107,0.05113866229
142.1,0.006283185307,0.05297451022,0.04849530625,0.04595241023,0.05080478721
142.15,0.006283185307,0.05214270976,0.04798585035,0.04546598513,0.05044712908
142.2,0.006283185307,0.05128763335,0.04747024136,0.04496862374,0.05006616435
142.25,0.006283185307,0.05040985618,0.04694871567,0.04446063405,0.04966236945
142.3,0.006283185307,0.04950995347,0.04642150969,0.04394232401,0.04923622083
142.35,0.006283185307,0.04858850041,0.0458888598,0.04341400159,0.04878819493
142.4,0.006283185307,0.0476460722,0.04535100241,0.04287597478,0.0483187682
142.45,0.006283185307,0.04668324405,0.04480817391,0.04232855154,0.04782841709
142.5,0.006283185307,0.04570059116,0.0442606107,0.04177203984,0.04731761802
142.55,0.006283185307,0.04469868873,0.04370854918,0.04120674765,0.04678684746
142.6,0.006283185307,0.04367811197,0.04315222574,0.04063298294,0.04623658184
142.65,0.006283185307,0.04263943607,0.04259187678,0.04005105369,0.04566729761
142.7,0.006283185307,0.04158323624,0.0420277387,0.03946126786,0.0450794712
142.75,0.006283185307,0.04051008768,0.0414600479,0.03886393343,0.04447357908
142.8,0.006283185307,0.0394205656,0.04088904076,0.03825935837,0.04385009767
142.85,0.006283185307,0.03831524519,0.0403149537,0.03764785064,0.04320950342
142.9,0.006283185307,0.03719470166,0.0397380231,0.03702971822,0.04255227278
142.95,0.006283185307,0.03605951021,0.03915848536,0.03640526909,0.04187888219
143,0.006283185307,0.03491024604,0.03857657689,0.0357748112,0.04118980809
143.05,0.006283185307,0.03374748435,0.03799253407,0.03513865254,0.04048552693
143.1,0.006283185307,0.03257180035,0.0374065933,0.03449710107,0.03976651515
143.15,0.006283185307,0.03138376924,0.03681899099,0.03385046477,0.0390332492
143.2,0.006283185307,0.03018396622,0.03622996352,0.0331990516,0.03828620551
143.25,0.006283185307,0.0289729665,0.0356397473,0.03254316954,0.03752586054
143.3,0.006283185307,0.02775134527,0.03504857872,0.03188312655,0.03675269073
143.35,0.006283185307,0.02651967774,0.03445669417,0.03121923061,0.03596717252
143.4,0.006283185307,0.02527853911,0.03386433007,0.03055178969,0.03516978235
143.45,0.006283185307,0.02402850458,0.03327172279,0.02988111177,0.03436099667
143.5,0.006283185307,0.02277014936,0.03267910875,0.0292075048,0.03354129192
143.55,0.006283185307,0.02150404864,0.03208672433,0.02853127676,0.03271114455
143.6,0.006283185307,0.02023077764,0.03149480593,0.02785273563,0.031871031
143.65,0.006283185307,0.01895091154,0.03090358996,0.02717218938,0.03102142772
143.7,0.006283185307,0.01766502556,0.0303133128,0.02648994597,0.03016281114
143.75,0.006283185307,0.0163736949,0.02972421086,0.02580631337,0.02929565771
143.8,0.006283185307,0.01507749475,0.02913652053,0.02512159956,0.02842044388
143.85,0.006283185307,0.01377700033,0.02855047821,0.02443611252,0.02753764609
143.9,0.006283185307,0.01247278682,0.02796632029,0.0237501602,0.02664774078
143.95,0.006283185307,0.01116542945,0.02738428318,0.02306405058,0.0257512044
144,0.006283185307,0.009855503398,0.02680460326,0.02237809163,0.02484851339
144.05,0.006283185307,0.008543583879,0.02622751694,0.02169259133,0.0239401442
144.1,0.006283185307,0.007230246092,0.02565326062,0.02100785763,0.02302657326
144.15,0.006283185307,0.005916065239,0.02508207068,0.02032419853,0.02210827703
144.2,0.006283185307,0.004601616523,0.02451418353,0.01964192198,0.02118573194
144.25,0.006283185307,0.003287475145,0.02394983557,0.01896133595,0.02025941444
144.3,0.006283185307,0.001974216309,0.02338926319,0.01828274842,0.01932980098
144.35,0.006283185307,0.0006624152164,0.02283270279,0.01760646737,0.018397368
144.4,0.006283185307,-0.0006473529305,0.02228039076,0.01693280075,0.01746259194
144.45,0.006283185307,-0.001954512929,0.0217325635,0.01626205654,0.01652594924
144.5,0.006283185307,-0.003258489578,0.02118945741,0.01559454271,0.01558791635
144.55,0.006283185307,-0.004558707674,0.02065130889,0.01493056724,0.01464896972
144.6,0.006283185307,-0.005854592016,0.02011835434,0.01427043809,0.01370958579
144.65,0.006283185307,-0.0071455674,0.01959083014,0.01361446323,0.01277024099
144.7,0.006283185307,-0.008431058625,0.0190689727,0.01296295064,0.01183141178
144.75,0.006283185307,-0.009710490488,0.01855301842,0.01231620829,0.01089357461
144.8,0.006283185307,-0.01098328779,0.01804320368,0.01167454414,0.009957205898
144.85,0.006283185307,-0.01224887532,0.0175397649,0.01103826617,0.009022782109
144.9,0.006283185307,-0.01350667789,0.01704293845,0.01040768235,0.008090779679
144.95,0.006283185307,-0.01475612028,0.01655296076,0.009783100656,0.007161675055
145,0.006283185307,-0.0159966273,0.0160700682,0.009164829051,0.006235944678
145.05,0.006283185307,-0.01722762375,0.01559449717,0.008553175508,0.005314064994
145.1,0.006283185307,-0.01844853442,0.01512648408,0.007948447998,0.004396512446
145.15,0.006283185307,-0.01965878411,0.01466626532,0.007350954494,0.003483763478
145.2,0.006283185307,-0.02085779761,0.01421407729,0.006761002965,0.002576294534
145.25,0.006283185307,-0.02204499973,0.01377015638,0.006178901383,0.001674582057
145.3,0.006283185307,-0.02321981527,0.01333473899,0.005604957719,0.0007791024925
145.35,0.006283185307,-0.02438166902,0.01290806152,0.005039479943,-0.0001096677171
145.4,0.006283185307,-0.02552998577,0.01249036037,0.004482776028,-0.0009912521274
145.45,0.006283185307,-0.02666419034,0.01208187193,0.003935153943,-0.001865174295
145.5,0.006283185307,-0.0277837075,0.01168283259,0.003396921659,-0.002730957775
145.55,0.006283185307,-0.02888796207,0.01129347876,0.002868387149,-0.003588126124
145.6,0.006283185307,-0.02997637884,0.01091404684,0.002349858382,-0.004436202899
145.65,0.006283185307,-0.03104838261,0.01054477321,0.001841643331,-0.005274711654
145.7,0.006283185307,-0.03210339817,0.01018589429,0.001344049965,-0.006103175948
145.75,0.006283185307,-0.03314085032,0.009837646451,0.0008573862556,-0.006921119335
145.8,0.006283185307,-0.03416016387,0.009500266108,0.0003819601744,-0.007728065372
145.85,0.006283185307,-0.0351607636,0.009173989653,-8.192030793e-05,-0.008523537615
145.9,0.006283185307,-0.03614207432,0.008859053483,-0.0005339472204,-0.00930705962
145.95,0.006283185307,-0.03710352083,0.008555693994,-0.000973812592,-0.01007815494
146,0.006283185307,-0.03804452791,0.008264147585,-0.001401208452,-0.01083634714
146.05,0.006283185307,-0.03896452038,0.007984650651,-0.001815826828,-0.01158115977
146.1,0.006283185307,-0.03986292302,0.00771743959,-0.002217359751,-0.01231211638
146.15,0.006283185307,-0.04073916064,0.007462750799,-0.002605499249,-0.01302874054
146.2,0.006283185307,-0.04159265803,0.007220820675,-0.002979937351,-0.0137305558
146.25,0.006283185307,-0.04242283999,0.006991885614,-0.003340366086,-0.01441708571
146.3,0.006283185307,-0.04322913132,0.006776182014,-0.003686477483,-0.01508785383
146.35,0.006283185307,-0.04401095681,0.006573946272,-0.004017963571,-0.01574238372
146.4,0.006283185307,-0.04476774127,0.006385414785,-0.00433451638,-0.01638019894
146.45,0.006283185307,-0.04549890949,0.00621082395,-0.004635827937,-0.01700082303
146.5,0.006283185307,-0.04620388627,0.006050410163,-0.004921590272,-0.01760377956
146.55,0.006283185307,-0.0468820964,0.005904409822,-0.005191495414,-0.01818859208
146.6,0.006283185307,-0.04753296469,0.005773059323,-0.005445235392,-0.01875478415
146.65,0.006283185307,-0.04815591593,0.005656595065,-0.005682502235,-0.01930187932
146.7,0.006283185307,-0.04875037492,0.005555253443,-0.005902987972,-0.01982940115
146.75,0.006283185307,-0.04931576646,0.005469270854,-0.006106384632,-0.0203368732
146.8,0.006283185307,-0.04985151535,0.005398883697,-0.006292384244,-0.02082381902
146.85,0.006283185307,-0.05035704637,0.005344328366,-0.006460678837,-0.02128976217
146.9,0.006283185307,-0.05083178434,0.005305841261,-0.006610960439,-0.02173422621
146.95,0.006283185307,-0.05127515405,0.005283658777,-0.006742921081,-0.02215673469
147,0.006283185307,-0.05168658029,0.005278017312,-0.00685625279,-0.02255681116
147.05,0.006283185307,-0.05206548787,0.005289153262,-0.006950647597,-0.02293397919
147.1,0.006283185307,-0.05241130158,0.005317303025,-0.007025797529,-0.02328776232
147.15,0.006283185307,-0.05272344621,0.005362702997,-0.007081394616,-0.02361768413
147.2,0.006283185307,-0.05300134658,0.005425589576,-0.007117130887,-0.02392326815
147.25,0.006283185307,-0.05324442747,0.005506199158,-0.007132698371,-0.02420403795
147.3,0.006283185307,-0.05345211368,0.005604768141,-0.007127789096,-0.02445951708
147.35,0.006283185307,-0.05362383002,0.005721532922,-0.007102095093,-0.02468922911
147.4,0.006283185307,-0.05375900127,0.005856729896,-0.007055308389,-0.02489269758
147.45,0.006283185307,-0.05385705224,0.006010595463,-0.006987121014,-0.02506944605
147.5,0.006283185307,-0.05391740772,0.006183366017,-0.006897224997,-0.02521899809
147.55,0.006283185307,-0.05393949251,0.006375277958,-0.006785312366,-0.02534087723
147.6,0.006283185307,-0.05392273141,0.00658656768,-0.006651075152,-0.02543460705
147.65,0.006283185307,-0.05386654922,0.006817471582,-0.006494205382,-0.02549971109
147.7,0.006283185307,-0.05377037073,0.00706822606,-0.006314395086,-0.02553571292
147.75,0.006283185307,-0.05363362075,0.007339067512,-0.006111336292,-0.02554213609
147.8,0.006283185307,-0.05345572406,0.007630232334,-0.005884721031,-0.02551850415
147.85,0.006283185307,-0.05323610548,0.007941956924,-0.005634241329,-0.02546434066
147.9,0.006283185307,-0.05297418979,0.008274477677,-0.005359589218,-0.02537916918
147.95,0.006283185307,-0.05266940179,0.008628030992,-0.005060456725,-0.02526251327
148,0.006283185307,-0.05232116628,0.009002853266,-0.004736535881,-0.02511389647
148.05,0.006283185307,-0.05192890806,0.009399180894,-0.004387518712,-0.02493284235
148.1,0.006283185307,-0.05149205193,0.009817250275,-0.00401309725,-0.02471887446
148.15,0.006283185307,-0.05101002268,0.01025729781,-0.003612963522,-0.02447151636
148.2,0.006283185307,-0.05048224512,0.01071955988,-0.003186809557,-0.02419029161
148.25,0.006283185307,-0.04990814403,0.0112042729,-0.002734327385,-0.02387472376
148.3,0.006283185307,-0.04928714422,0.01171167326,-0.002255209035,-0.02352433636
148.35,0.006283185307,-0.04861867048,0.01224199736,-0.001749146536,-0.02313865297
148.4,0.006283185307,-0.04790214762,0.01279548159,-0.001215831916,-0.02271719716
148.45,0.006283185307,-0.04713700043,0.01337236235,-0.0006549572044,-0.02225949246
148.5,0.006283185307,-0.04632265371,0.01397287604,-6.621443065e-05,-0.02176506245
148.55,0.006283185307,-0.04545853225,0.01459725906,0.0005507043766,-0.02123343068
148.6,0.006283185307,-0.04454406086,0.0152457478,0.001196107188,-0.0206641207
148.65,0.006283185307,-0.04357866433,0.01591857865,0.001870301975,-0.02005665607
148.7,0.006283185307,-0.04256176746,0.01661598803,0.002573596709,-0.01941056035
148.75,0.006283185307,-0.04149279504,0.01733821231,0.00330629936,-0.01872535709
148.8,0.006283185307,-0.04037117188,0.01808548791,0.0040687179,-0.01800056984
148.85,0.006283185307,-0.03919632277,0.01885805121,0.004861160299,-0.01723572217
148.9,0.006283185307,-0.03796767251,0.01965613862,0.005683934529,-0.01643033763
148.95,0.006283185307,-0.0366846459,0.02047998653,0.00653734856,-0.01558393978
149,0.006283185307,-0.03534666774,0.02132983133,0.007421710363,-0.01469605217
149.05,0.006283185307,-0.03395316281,0.02220590944,0.008337327911,-0.01376619836
149.1,0.006283185307,-0.03250355593,0.02310845723,0.009284509172,-0.0127939019
149.15,0.006283185307,-0.03099727189,0.02403771111,0.01026356212,-0.01177868635
149.2,0.006283185307,-0.02943373549,0.02499390748,0.01127479472,-0.01072007527
149.25,0.006283185307,-0.02781237151,0.02597728273,0.01231851496,-0.009617592219
149.3,0.006283185307,-0.02613260477,0.02698807326,0.01339503079,-0.008470760743
149.35,0.006283185307,-0.02439386006,0.02802651547,0.01450465019,-0.007279104402
149.4,0.006283185307,-0.02259556218,0.02909284575,0.01564768113,-0.006042146753
149.45,0.006283185307,-0.02073713592,0.0301873005,0.01682443158,-0.004759411351
149.5,0.006283185307,-0.01881800609,0.03131011613,0.01803520951,-0.003430421754
149.55,0.006283185307,-0.01683759748,0.03246152901,0.0192803229,-0.002054701516
149.6,0.006283185307,-0.01479533488,0.03364177556,0.02056007971,-0.0006317741949
149.65,0.006283185307,-0.0126906431,0.03485109217,0.02187478792,0.0008388366541
149.7,0.006283185307,-0.01052294694,0.03608971523,0.0232247555,0.002357607475
149.75,0.006283185307,-0.008291671182,0.03735788114,0.02461029041,0.00392501471
149.8,0.006283185307,-0.005996240638,0.03865582631,0.02603170063,0.005541534806
149.85,0.006283185307,-0.0036360801,0.03998378712,0.02748929413,0.007207644204
149.9,0.006283185307,-0.001210614367,0.04134199997,0.02898337889,0.008923819349
149.95,0.006283185307,0.001280731764,0.04273070127,0.03051426286,0.01069053669
150,0.006283185307,0.003838533494,0.0441501274,0.03208225403,0.01250827266
150.05,0.006283185307,0.00639298159,0.04555906623,0.0336427985,0.01432633573
150.1,0.006283185307,0.008874339428,0.04691648815,0.03515147948,0.01609401675
150.15,0.006283185307,0.01128329113,0.04822290335,0.03660881058,0.01781176573
150.2,0.006283185307,0.01362052081,0.04947882202,0.03801530537,0.01948003268
150.25,0.006283185307,0.0158867126,0.05068475435,0.03937147748,0.02109926759
150.3,0.006283185307,0.01808255061,0.05184121054,0.04067784049,0.02266992048
150.35,0.006283185307,0.02020871897,0.05294870078,0.04193490801,0.02419244136
150.4,0.006283185307,0.02226590179,0.05400773526,0.04314319364,0.02566728023
150.45,0.006283185307,0.0242547832,0.05501882418,0.04430321097,0.0270948871
150.5,0.006283185307,0.02617604731,0.05598247771,0.04541547361,0.02847571197
150.55,0.006283185307,0.02803037824,0.05689920607,0.04648049515,0.02981020486
150.6,0.006283185307,0.02981846012,0.05776951944,0.0474987892,0.03109881577
150.65,0.006283185307,0.03154097707,0.058593928,0.04847086935,0.03234199471
150.7,0.006283185307,0.0331986132,0.05937294197,0.0493972492,0.03354019168
150.75,0.006283185307,0.03479205264,0.06010707152,0.05027844236,0.03469385669
150.8,0.006283185307,0.03632197951,0.06079682684,0.05111496242,0.03580343976
150.85,0.006283185307,0.03778907792,0.06144271814,0.05190732299,0.03686939088
150.9,0.006283185307,0.039194032,0.06204525561,0.05265603765,0.03789216006
150.95,0.006283185307,0.04053752587,0.06260494943,0.05336162002,0.03887219732
151,0.006283185307,0.04182024364,0.06312230979,0.05402458369,0.03980995265
151.05,0.006283185307,0.04304286944,0.0635978469,0.05464544226,0.04070587607
151.1,0.006283185307,0.0442060874,0.06403207094,0.05522470933,0.04156041759
151.15,0.006283185307,0.04531058162,0.06442549211,0.05576289849,0.0423740272
151.2,0.006283185307,0.04635703622,0.06477862059,0.05626052336,0.04314715492
151.25,0.006283185307,0.04734613534,0.06509196658,0.05671809753,0.04388025075
151.3,0.006283185307,0.04827856309,0.06536604028,0.0571361346,0.04457376471
151.35,0.006283185307,0.04915500359,0.06560135187,0.05751514816,0.04522814679
151.4,0.006283185307,0.04997614096,0.06579841154,0.05785565183,0.04584384701
151.45,0.006283185307,0.05074265931,0.06595772949,0.05815815919,0.04642131538
151.5,0.006283185307,0.05145524278,0.06607981592,0.05842318385,0.04696100189
151.55,0.006283185307,0.05211457548,0.06616518101,0.0586512394,0.04746335656
151.6,0.006283185307,0.05272134153,0.06621433495,0.05884283945,0.04792882939
151.65,0.006283185307,0.05327622506,0.06622778794,0.0589984976,0.0483578704
151.7,0.006283185307,0.05377991017,0.06620605017,0.05911872744,0.04875092959
151.75,0.006283185307,0.054233081,0.06614963184,0.05920404258,0.04910845696
151.8,0.006283185307,0.05463642165,0.06605904312,0.05925495661,0.04943090252
151.85,0.006283185307,0.05499061627,0.06593479423,0.05927198314,0.04971871629
151.9,0.006283185307,0.05529634895,0.06577739534,0.05925563576,0.04997234826
151.95,0.006283185307,0.05555430383,0.06558735666,0.05920642807,0.05019224845
152,0.006283185307,0.05576516502,0.06536518837,0.05912487368,0.05037886686
152.05,0.006283185307,0.05592961664,0.06511140066,0.05901148618,0.0505326535
152.1,0.006283185307,0.05604834282,0.06482650373,0.05886677917,0.05065405838
152.15,0.006283185307,0.05612202767,0.06451100778,0.05869126625,0.0507435315
152.2,0.006283185307,0.05615135532,0.06416542298,0.05848546103,0.05080152287
152.25,0.006283185307,0.05613700988,0.06379025954,0.05824987709,0.0508284825
152.3,0.006283185307,0.05607967548,0.06338602765,0.05798502805,0.05082486039
152.35,0.006283185307,0.05598003623,0.0629532375,0.0576914275,0.05079110656
152.4,0.006283185307,0.05583877626,0.06249239928,0.05736958903,0.050727671
152.45,0.006283185307,0.05565657969,0.06200402319,0.05702002626,0.05063500373
152.5,0.006283185307,0.05543413063,0.06148861941,0.05664325277,0.05051355476
152.55,0.006283185307,0.0551721132,0.06094669814,0.05623978218,0.05036377409
152.6,0.006283185307,0.05487121154,0.06037876957,0.05581012807,0.05018611172
152.65,0.006283185307,0.05453210975,0.05978534389,0.05535480405,0.04998101767
152.7,0.006283185307,0.05415549196,0.0591669313,0.05487432371,0.04974894195
152.75,0.006283185307,0.05374204229,0.05852404199,0.05436920067,0.04949033455
152.8,0.006283185307,0.05329244485,0.05785718615,0.0538399485,0.04920564549
152.85,0.006283185307,0.05280738377,0.05716687397,0.05328708083,0.04889532478
152.9,0.006283185307,0.05228754318,0.05645361564,0.05271111124,0.04855982241
152.95,0.006283185307,0.05173360718,0.05571792136,0.05211255334,0.04819958841
153,0.006283185307,0.0511462599,0.05496030132,0.05149192072,0.04781507277
153.05,0.006283185307,0.05052618545,0.05418126571,0.05084972699,0.0474067255
153.1,0.006283185307,0.04987406797,0.05338132473,0.05018648573,0.04697499662
153.15,0.006283185307,0.04919059157,0.05256098856,0.04950271057,0.04652033612
153.2,0.006283185307,0.04847644037,0.0517207674,0.04879891508,0.04604319401
153.25,0.006283185307,0.04773229849,0.05086117144,0.04807561288,0.04554402031
153.3,0.006283185307,0.04695885005,0.04998271087,0.04733331757,0.04502326502
153.35,0.006283185307,0.04615677917,0.04908589589,0.04657254273,0.04448137814
153.4,0.006283185307,0.04532676998,0.04817123669,0.04579380197,0.04391880968
153.45,0.006283185307,0.04446950658,0.04723924345,0.0449976089,0.04333600966
153.5,0.006283185307,0.04358567311,0.04629042638,0.04418447711,0.04273342807
153.55,0.006283185307,0.04267595368,0.04532529566,0.04335492019,0.04211151493
153.6,0.006283185307,0.04174103241,0.04434436149,0.04250945176,0.04147072024
153.65,0.006283185307,0.04078159342,0.04334813406,0.04164858541,0.04081149401
153.7,0.006283185307,0.03979832084,0.04233712356,0.04077283473,0.04013428625
153.75,0.006283185307,0.03879189878,0.04131184018,0.03988271334,0.03943954696
153.8,0.006283185307,0.03776301137,0.04027279411,0.03897873482,0.03872772615
153.85,0.006283185307,0.03671234271,0.03922049556,0.03806141278,0.03799927383
153.9,0.006283185307,0.03564057695,0.0381554547,0.03713126082,0.03725464
153.95,0.006283185307,0.03454839818,0.03707818174,0.03618879254,0.03649427468
154,0.006283185307,0.03343649055,0.03598918686,0.03523452153,0.03571862786
154.05,0.006283185307,0.03230553815,0.03488898026,0.0342689614,0.03492814956
154.1,0.006283185307,0.03115622513,0.03377807213,0.03329262574,0.03412328979
154.15,0.006283185307,0.02998923559,0.03265697266,0.03230602816,0.03330449854
154.2,0.006283185307,0.02880525365,0.03152619204,0.03130968225,0.03247222584
154.25,0.006283185307,0.02760496344,0.03038624047,0.03030410162,0.03162692168
154.3,0.006283185307,0.02638904908,0.02923762814,0.02928979986,0.03076903607
154.35,0.006283185307,0.02515819468,0.02808086524,0.02826729058,0.02989901903
154.4,0.006283185307,0.02391308437,0.02691646196,0.02723708737,0.02901732055
154.45,0.006283185307,0.02265440227,0.0257449285,0.02619970383,0.02812439064
154.5,0.006283185307,0.0213828325,0.02456677504,0.02515565357,0.02722067932
154.55,0.006283185307,0.02009905917,0.02338251179,0.02410545018,0.02630663658
154.6,0.006283185307,0.01880376641,0.02219264892,0.02304960726,0.02538271244
154.65,0.006283185307,0.01749763834,0.02099769664,0.02198863841,0.0244493569
154.7,0.006283185307,0.01618135908,0.01979816514,0.02092305723,0.02350701997
154.75,0.006283185307,0.01485561275,0.0185945646,0.01985337732,0.02255615166
154.8,0.006283185307,0.01352108347,0.01738740523,0.01878011228,0.02159720198
154.85,0.006283185307,0.01217845536,0.01617719721,0.01770377571,0.02063062092
154.9,0.006283185307,0.01082841254,0.01496445074,0.01662488121,0.01965685851
154.95,0.006283185307,0.009471639124,0.013749676,0.01554394238,0.01867636474
155,0.006283185307,0.008108819242,0.01253338319,0.01446147282,0.01768958962
155.05,0.006283185307,0.006740637011,0.01131608251,0.01337798613,0.01669698317
155.1,0.006283185307,0.005367776551,0.01009828414,0.0122939959,0.01569899538
155.15,0.006283185307,0.003990921983,0.008880498278,0.01121001574,0.01469607627
155.2,0.006283185307,0.002610757426,0.007663235116,0.01012655925,0.01368867584
155.25,0.006283185307,0.001227967001,0.006447004844,0.009044140023,0.0126772441
155.3,0.006283185307,-0.0001567651713,0.005232317657,0.007963271663,0.01166223105
155.35,0.006283185307,-0.001542754971,0.004019683746,0.006884467768,0.01064408671
155.4,0.006283185307,-0.002929318279,0.002809613303,0.005808241939,0.009623261076
155.45,0.006283185307,-0.004315770973,0.001602616521,0.004735107774,0.008600204163
155.5,0.006283185307,-0.005701428934,0.0003992035921,0.003665578874,0.007575365974
155.55,0.006283185307,-0.007085608041,-0.0008001152918,0.002600168838,0.006549196518
155.6,0.006283185307,-0.008467624175,-0.001994829938,0.001539391265,0.005522145801
155.65,0.006283185307,-0.009846793214,-0.003184430155,0.0004837597549,0.004494663831
155.7,0.006283185307,-0.01122243104,-0.004368405749,-0.0005662120923,0.003467200615
155.75,0.006283185307,-0.01259385353,-0.005546246529,-0.001610010677,0.00244020616
155.8,0.006283185307,-0.01396037656,-0.006717442303,-0.0026471224,0.001414130472
155.85,0.006283185307,-0.01532131602,-0.007881482878,-0.003677033662,0.0003894235607
155.9,0.006283185307,-0.01667598779,-0.009037858061,-0.004699230862,-0.0006334645685
155.95,0.006283185307,-0.01802370774,-0.01018605766,-0.005713200402,-0.001654083908
156,0.006283185307,-0.01936379175,-0.01132557149,-0.006718428682,-0.00267198445
156.05,0.006283185307,-0.0206955557,-0.01245588934,-0.007714402102,-0.003686716189
156.1,0.006283185307,-0.02201831548,-0.01357650104,-0.008700607062,-0.004697829116
156.15,0.006283185307,-0.02333138696,-0.01468689638,-0.009676529964,-0.005704873224
156.2,0.006283185307,-0.02463408603,-0.01578656518,-0.01064165721,-0.006707398507
156.25,0.006283185307,-0.02592572855,-0.01687499724,-0.01159547519,-0.007704954957
156.3,0.006283185307,-0.02720563042,-0.01795168238,-0.01253747032,-0.008697092567
156.35,0.006283185307,-0.02847310751,-0.01901611039,-0.01346712899,-0.00968336133
156.4,0.006283185307,-0.02972747571,-0.02006777108,-0.0143839376,-0.01066331124
156.45,0.006283185307,-0.03096805088,-0.02110615427,-0.01528738256,-0.01163649229
156.5,0.006283185307,-0.03219414891,-0.02213074977,-0.01617695026,-0.01260245446
156.55,0.006283185307,-0.03340508569,-0.02314104737,-0.0170521271,-0.01356074777
156.6,0.006283185307,-0.03460017709,-0.02413653689,-0.01791239949,-0.01451092218
156.65,0.006283185307,-0.03577873898,-0.02511670813,-0.01875725383,-0.01545252771
156.7,0.006283185307,-0.03694008726,-0.0260810509,-0.01958617651,-0.01638511434
156.75,0.006283185307,-0.03808353779,-0.02702905502,-0.02039865393,-0.01730823207
156.8,0.006283185307,-0.03920840647,-0.02796021028,-0.0211941725,-0.01822143088
156.85,0.006283185307,-0.04031400916,-0.0288740065,-0.02197221862,-0.01912426078
156.9,0.006283185307,-0.04139966175,-0.02976993349,-0.02273227869,-0.02001627175
156.95,0.006283185307,-0.04246468012,-0.03064748104,-0.0234738391,-0.02089701378
157,0.006283185307,-0.04350838015,-0.03150613897,-0.02419638626,-0.02176603688
157.05,0.006283185307,-0.04453007772,-0.03234539709,-0.02489940657,-0.02262289103
157.1,0.006283185307,-0.0455290887,-0.0331647452,-0.02558238643,-0.02346712622
157.15,0.006283185307,-0.04650472898,-0.03396367312,-0.02624481224,-0.02429829245
157.2,0.006283185307,-0.04745631444,-0.03474167064,-0.0268861704,-0.02511593971
157.25,0.006283185307,-0.04838316096,-0.03549822759,-0.0275059473,-0.02591961799
157.3,0.006283185307,-0.04928458441,-0.03623283375,-0.02810362936,-0.02670887729
157.35,0.006283185307,-0.05015990068,-0.03694497895,-0.02867870297,-0.0274832676
157.4,0.006283185307,-0.05100842564,-0.037634153,-0.02923065453,-0.02824233891
157.45,0.006283185307,-0.05182947518,-0.03829984568,-0.02975897044,-0.02898564122
157.5,0.006283185307,-0.05262236517,-0.03894154683,-0.03026313711,-0.02971272451
157.55,0.006283185307,-0.0533864115,-0.03955874624,-0.03074264092,-0.03042313878
157.6,0.006283185307,-0.05412093005,-0.04015093372,-0.03119696829,-0.03111643403
157.65,0.006283185307,-0.05482523668,-0.04071759908,-0.03162560562,-0.03179216024
157.7,0.006283185307,-0.0554986473,-0.04125823213,-0.03202803929,-0.03244986741
157.75,0.006283185307,-0.05614047776,-0.04177232267,-0.03240375572,-0.03308910554
157.8,0.006283185307,-0.05675004396,-0.04225936051,-0.03275224131,-0.0337094246
157.85,0.006283185307,-0.05732666178,-0.04271883546,-0.03307298245,-0.03431037461
157.9,0.006283185307,-0.05786964708,-0.04315023734,-0.03336546554,-0.03489150554
157.95,0.006283185307,-0.05837831576,-0.04355305593,-0.033629177,-0.0354523674
158,0.006283185307,-0.0588519837,-0.04392678106,-0.0338636032,-0.03599251017
158.05,0.006283185307,-0.05928996676,-0.04427090253,-0.03406823057,-0.03651148385
158.1,0.006283185307,-0.05969158084,-0.04458491015,-0.03424254549,-0.03700883843
158.15,0.006283185307,-0.0600561418,-0.04486829373,-0.03438603437,-0.03748412391
158.2,0.006283185307,-0.06038296554,-0.04512054307,-0.0344981836,-0.03793689027
158.25,0.006283185307,-0.06067136793,-0.04534114798,-0.0345784796,-0.03836668752
158.3,0.006283185307,-0.06092066485,-0.04552959828,-0.03462640875,-0.03877306563
158.35,0.006283185307,-0.06113017218,-0.04568538376,-0.03464145746,-0.03915557461
158.4,0.006283185307,-0.0612992058,-0.04580799423,-0.03462311214,-0.03951376445
158.45,0.006283185307,-0.0614270816,-0.04589691951,-0.03457085917,-0.03984718514
158.5,0.006283185307,-0.06151311544,-0.0459516494,-0.03448418496,-0.04015538668
158.55,0.006283185307,-0.06155662321,-0.0459716737,-0.03436257591,-0.04043791905
158.6,0.006283185307,-0.06155692079,-0.04595648224,-0.03420551843,-0.04069433225
158.65,0.006283185307,-0.06151332405,-0.0459055648,-0.0340124989,-0.04092417627
158.7,0.006283185307,-0.06142514889,-0.04581841121,-0.03378300374,-0.04112700111
158.75,0.006283185307,-0.06129171118,-0.04569451127,-0.03351651934,-0.04130235675
158.8,0.006283185307,-0.06111232679,-0.04553335478,-0.0332125321,-0.0414497932
158.85,0.006283185307,-0.06088631161,-0.04533443156,-0.03287052843,-0.04156886043
158.9,0.006283185307,-0.06061298152,-0.04509723141,-0.03248999472,-0.04165910846
158.95,0.006283185307,-0.06029165239,-0.04482124414,-0.03207041737,-0.04172008726
159,0.006283185307,-0.05992164011,-0.04450595956,-0.03161128279,-0.04175134684
159.05,0.006283185307,-0.05950226056,-0.04415086747,-0.03111207737,-0.04175243718
159.1,0.006283185307,-0.05903282961,-0.04375545769,-0.03057228752,-0.04172290828
159.15,0.006283185307,-0.05851266315,-0.04331922001,-0.02999139963,-0.04166231013
159.2,0.006283185307,-0.05794107706,-0.04284164426,-0.02936890011,-0.04157019272
159.25,0.006283185307,-0.05731738721,-0.04232222023,-0.02870427535,-0.04144610605
159.3,0.006283185307,-0.05664090949,-0.04176043774,-0.02799701177,-0.04128960011
159.35,0.006283185307,-0.05591095977,-0.04115578659,-0.02724659575,-0.04110022488
159.4,0.006283185307,-0.05512685393,-0.04050775659,-0.02645251369,-0.04087753038
159.45,0.006283185307,-0.05428790786,-0.03981583754,-0.02561425201,-0.04062106658
159.5,0.006283185307,-0.05339343744,-0.03907951927,-0.02473129709,-0.04033038348
159.55,0.006283185307,-0.05244275853,-0.03829829156,-0.02380313535,-0.04000503107
159.6,0.006283185307,-0.05143518703,-0.03747164423,-0.02282925317,-0.03964455935
159.65,0.006283185307,-0.05037003882,-0.0365990671,-0.02180913696,-0.03924851831
159.7,0.006283185307,-0.04924662976,-0.03568004995,-0.02074227312,-0.03881645794
159.75,0.006283185307,-0.04806427575,-0.03471408262,-0.01962814806,-0.03834792823
159.8,0.006283185307,-0.04682229267,-0.03370065489,-0.01846624816,-0.03784247918
159.85,0.006283185307,-0.04551999638,-0.03263925658,-0.01725605983,-0.03729966078
159.9,0.006283185307,-0.04415670277,-0.0315293775,-0.01599706948,-0.03671902302
159.95,0.006283185307,-0.04273172773,-0.03037050745,-0.0146887635,-0.0361001159
160,0.006283185307,-0.04124438713,-0.02916213625,-0.01333062829,-0.0354424894
160.05,0.006283185307,-0.03969399685,-0.0279037537,-0.01192215026,-0.03474569353
160.1,0.006283185307,-0.03807987276,-0.0265948496,-0.0104628158,-0.03400927827
160.15,0.006283185307,-0.03640133076,-0.02523491377,-0.008952111307,-0.03323279361
160.2,0.006283185307,-0.03465768672,-0.02382343601,-0.007389523193,-0.03241578956
160.25,0.006283185307,-0.03284825652,-0.02235990613,-0.005774537854,-0.0315578161
160.3,0.006283185307,-0.03097235604,-0.02084381395,-0.00410664169,-0.03065842322
160.35,0.006283185307,-0.02902930116,-0.01927464925,-0.002385321101,-0.02971716092
160.4,0.006283185307,-0.02701840775,-0.01765190187,-0.0006100624887,-0.0287335792
160.45,0.006283185307,-0.02493899171,-0.01597506159,0.001219647748,-0.02770722803
160.5,0.006283185307,-0.0227903689,-0.01424361823,0.003104323208,-0.02663765743
160.55,0.006283185307,-0.02057185521,-0.0124570616,0.00504447749,-0.02552441737
160.6,0.006283185307,-0.01828276652,-0.01061488151,0.007040624195,-0.02436705785
160.65,0.006283185307,-0.01592241871,-0.008716567758,0.009093276922,-0.02316512887
160.7,0.006283185307,-0.01349012765,-0.006761610157,0.01120294927,-0.02191818041
160.75,0.006283185307,-0.01098520923,-0.004749498513,0.01337015484,-0.02062576248
160.8,0.006283185307,-0.008406979325,-0.002679722636,0.01559540723,-0.01928742506
160.85,0.006283185307,-0.005762655408,-0.0005577628561,0.01787226907,-0.01790683413
160.9,0.006283185307,-0.003154303148,0.001538983935,0.02011092132,-0.01653712698
160.95,0.006283185307,-0.0006129357822,0.003586971208,0.02228416731,-0.01519456583
161,0.006283185307,0.001862032533,0.005586606959,0.02439262175,-0.0138789688
161.05,0.006283185307,0.004271187641,0.007538299183,0.02643689934,-0.01259015404
161.1,0.006283185307,0.006615115385,0.009442455875,0.02841761479,-0.01132793966
161.15,0.006283185307,0.008894401608,0.01129948503,0.0303353828,-0.0100921438
161.2,0.006283185307,0.01110963216,0.01310979465,0.03219081807,-0.008882584598
161.25,0.006283185307,0.01326139287,0.01487379272,0.03398453532,-0.007699080176
161.3,0.006283185307,0.01535026959,0.01659188724,0.03571714925,-0.006541448667
161.35,0.006283185307,0.01737684817,0.0182644862,0.03738927455,-0.005409508202
161.4,0.006283185307,0.01934171444,0.01989199761,0.03900152594,-0.004303076912
161.45,0.006283185307,0.02124545425,0.02147482945,0.04055451813,-0.003221972929
161.5,0.006283185307,0.02308865345,0.02301338972,0.04204886581,-0.002166014382
161.55,0.006283185307,0.02487189788,0.02450808642,0.04348518369,-0.001135019404
161.6,0.006283185307,0.02659577337,0.02595932754,0.04486408647,-0.0001288061241
161.65,0.006283185307,0.02826086578,0.02736752107,0.04618618887,0.0008528073259
161.7,0.006283185307,0.02986776095,0.02873307502,0.04745210558,0.001810002815
161.75,0.006283185307,0.03141704472,0.03005639738,0.04866245131,0.002742962213
161.8,0.006283185307,0.03290930293,0.03133789614,0.04981784076,0.003651867388
161.85,0.006283185307,0.03434512143,0.03257797929,0.05091888865,0.00453690021
161.9,0.006283185307,0.03572508606,0.03377705485,0.05196620966,0.005398242548
161.95,0.006283185307,0.03704978267,0.03493553079,0.05296041852,0.00623607627
162,0.006283185307,0.03831979709,0.03605381511,0.05390212992,0.007050583246
162.05,0.006283185307,0.03953571518,0.03713231582,0.05479195857,0.007841945345
162.1,0.006283185307,0.04069812277,0.0381714409,0.05563051918,0.008610344436
162.15,0.006283185307,0.04180760571,0.03917159835,0.05641842644,0.009355962388
162.2,0.006283185307,0.04286474984,0.04013319616,0.05715629506,0.01007898107
162.25,0.006283185307,0.04387014101,0.04105664234,0.05784473975,0.01077958235
162.3,0.006283185307,0.04482436505,0.04194234487,0.05848437522,0.0114579481
162.35,0.006283185307,0.04572800782,0.04279071175,0.05907581616,0.01211426019
162.4,0.006283185307,0.04658165516,0.04360215098,0.05961967729,0.01274870048
162.45,0.006283185307,0.0473858929,0.04437707056,0.0601165733,0.01336145085
162.5,0.006283185307,0.0481413069,0.04511587847,0.0605671189,0.01395269317
162.55,0.006283185307,0.04884848299,0.04581898271,0.0609719288,0.01452260929
162.6,0.006283185307,0.04950800702,0.04648679128,0.0613316177,0.0150713811
162.65,0.006283185307,0.05012046484,0.04711971218,0.06164680031,0.01559919047
162.7,0.006283185307,0.05068644228,0.04771815339,0.06191809133,0.01610621925
162.75,0.006283185307,0.05120652519,0.04828252292,0.06214610547,0.01659264932
162.8,0.006283185307,0.05168129942,0.04881322876,0.06233145742,0.01705866256
162.85,0.006283185307,0.0521113508,0.0493106789,0.06247476191,0.01750444082
162.9,0.006283185307,0.05249726519,0.04977528134,0.06257663362,0.01793016597
162.95,0.006283185307,0.05283962841,0.05020744408,0.06263768726,0.0183360199
163,0.006283185307,0.05313902633,0.05060757511,0.06265853755,0.01872218446
163.05,0.006283185307,0.05339604477,0.05097608243,0.06263979918,0.01908884152
163.1,0.006283185307,0.05361126959,0.05131337402,0.06258208687,0.01943617296
163.15,0.006283185307,0.05378528663,0.0516198579,0.0624860153,0.01976436064
163.2,0.006283185307,0.05391868173,0.05189594204,0.0623521992,0.02007358644
163.25,0.006283185307,0.05401204073,0.05214203446,0.06218125326,0.02036403221
163.3,0.006283185307,0.05406594948,0.05235854313,0.06197379218,0.02063587983
163.35,0.006283185307,0.05408099382,0.05254587607,0.06173043068,0.02088931118
163.4,0.006283185307,0.0540577596,0.05270444125,0.06145178346,0.02112450811
163.45,0.006283185307,0.05399683265,0.05283464669,0.06113846523,0.0213416525
163.5,0.006283185307,0.05389879883,0.05293690037,0.06079109068,0.02154092621
163.55,0.006283185307,0.05376424397,0.05301161029,0.06041027452,0.02172251112
163.6,0.006283185307,0.05359375392,0.05305918444,0.05999663146,0.0218865891
163.65,0.006283185307,0.05338791452,0.05308003083,0.05955077621,0.02203334201
163.7,0.006283185307,0.05314731162,0.05307455744,0.05907332346,0.02216295172
163.75,0.006283185307,0.05287253106,0.05304317227,0.05856488792,0.0222756001
163.8,0.006283185307,0.05256415868,0.05298628331,0.0580260843,0.02237146902
163.85,0.006283185307,0.05222278032,0.05290429857,0.0574575273,0.02245074036
163.9,0.006283185307,0.05184898184,0.05279762604,0.05685983163,0.02251359597
163.95,0.006283185307,0.05144334906,0.0526666737,0.05623361199,0.02256021773
164,0.006283185307,0.05100646785,0.05251184957,0.05557948309,0.02259078751
164.05,0.006283185307,0.05053892403,0.05233356162,0.05489805962,0.02260548717
164.1,0.006283185307,0.05004130346,0.05213221787,0.0541899563,0.02260449859
164.15,0.006283185307,0.04951419197,0.0519082263,0.05345578784,0.02258800363
164.2,0.006283185307,0.04895817542,0.0516619949,0.05269616893,0.02255618417
164.25,0.006283185307,0.04837383963,0.05139393168,0.05191171427,0.02250922207
164.3,0.006283185307,0.04776177047,0.05110444463,0.05110303859,0.0224472992
164.35,0.006283185307,0.04712255376,0.05079394175,0.05027075657,0.02237059743
164.4,0.006283185307,0.04645677536,0.05046283102,0.04941548293,0.02227929864
164.45,0.006283185307,0.0457650211,0.05011152045,0.04853783236,0.02217358468
164.5,0.006283185307,0.04504787684,0.04974041803,0.04763841958,0.02205363743
164.55,0.006283185307,0.04430592841,0.04934993176,0.04671785929,0.02191963875
164.6,0.006283185307,0.04353976166,0.04894046962,0.0457767662,0.02177177053
164.65,0.006283185307,0.04274996243,0.04851243963,0.044815755,0.02161021461
164.7,0.006283185307,0.04193711656,0.04806624976,0.0438354404,0.02143515289
164.75,0.006283185307,0.04110180991,0.04760230803,0.04283643712,0.02124676721
164.8,0.006283185307,0.0402446283,0.04712102241,0.04181935984,0.02104523946
164.85,0.006283185307,0.03936615759,0.04662280092,0.04078482329,0.0208307515
164.9,0.006283185307,0.03846698361,0.04610805153,0.03973344215,0.0206034852
164.95,0.006283185307,0.03754769222,0.04557718226,0.03866583115,0.02036362243
165,0.006283185307,0.03660886926,0.04503060109,0.03758260497,0.02011134506
165.05,0.006283185307,0.03565110056,0.04446871602,0.03648437834,0.01984683495
165.1,0.006283185307,0.03467497197,0.04389193504,0.03537176594,0.01957027399
165.15,0.006283185307,0.03368106935,0.04330066615,0.03424538249,0.01928184403
165.2,0.006283185307,0.03266997851,0.04269531735,0.0331058427,0.01898172694
165.25,0.006283185307,0.03164228533,0.04207629663,0.03195376126,0.0186701046
165.3,0.006283185307,0.03059857562,0.04144401198,0.03078975288,0.01834715887
165.35,0.006283185307,0.02953943525,0.04079887141,0.02961443226,0.01801307163
165.4,0.006283185307,0.02846545005,0.0401412829,0.02842841412,0.01766802474
165.45,0.006283185307,0.02737720587,0.03947165445,0.02723231315,0.01731220006
165.5,0.006283185307,0.02627528855,0.03879039406,0.02602674406,0.01694577948
165.55,0.006283185307,0.02516028393,0.03809790972,0.02481232156,0.01656894485
165.6,0.006283185307,0.02403277785,0.03739460943,0.02358966035,0.01618187806
165.65,0.006283185307,0.02289335617,0.03668090119,0.02235937513,0.01578476096
165.7,0.006283185307,0.02174260472,0.03595719298,0.02112208061,0.01537777542
165.75,0.006283185307,0.02058110935,0.03522389281,0.0198783915,0.01496110333
165.8,0.006283185307,0.01940945589,0.03448140866,0.01862892249,0.01453492653
165.85,0.006283185307,0.01822823021,0.03373014854,0.0173742883,0.01409942691
165.9,0.006283185307,0.01703801812,0.03297052044,0.01611510363,0.01365478633
165.95,0.006283185307,0.01583940549,0.03220293236,0.01485198318,0.01320118666
166,0.006283185307,0.01463297816,0.03142779228,0.01358554166,0.01273880978
166.05,0.006283185307,0.01341932196,0.03064550821,0.01231639377,0.01226783754
166.1,0.006283185307,0.01219902274,0.02985648814,0.01104515422,0.01178845182
166.15,0.006283185307,0.01097266635,0.02906114007,0.009772437718,0.01130083449
166.2,0.006283185307,0.009740838628,0.02825987199,0.008498858959,0.01080516742
166.25,0.006283185307,0.008504125415,0.0274530919,0.007225032652,0.01030163247
166.3,0.006283185307,0.007263112557,0.02664120778,0.005951573502,0.009790411517
166.35,0.006283185307,0.006018385898,0.02582462765,0.004679096215,0.009271686428
166.4,0.006283185307,0.004770531281,0.02500375949,0.003408215494,0.008745639072
166.45,0.006283185307,0.003520134549,0.0241790113,0.002139546044,0.008212451319
166.5,0.006283185307,0.002267781546,0.02335079107,0.0008737025714,0.007672305037
166.55,0.006283185307,0.001014058115,0.0225195068,-0.0003887002204,0.007125382095
166.6,0.006283185307,-0.0002404499003,0.02168556648,-0.001647047626,0.006571864363
166.65,0.006283185307,-0.001495156656,0.02084937812,-0.002900724941,0.00601193371
166.7,0.006283185307,-0.00274947631,0.0200113497,-0.004149117461,0.005445772004
166.75,0.006283185307,-0.004002823017,0.01917188922,-0.00539161048,0.004873561115
166.8,0.006283185307,-0.005254610935,0.01833140467,-0.006627589294,0.004295482912
166.85,0.006283185307,-0.00650425422,0.01749030406,-0.007856439197,0.003711719263
166.9,0.006283185307,-0.007751167028,0.01664899537,-0.009077545486,0.003122452039
166.95,0.006283185307,-0.008994763517,0.0158078866,-0.01029029346,0.002527863108
167,0.006283185307,-0.01023445784,0.01496738575,-0.0114940684,0.001928134339
167.05,0.006283185307,-0.01146966416,0.01412790082,-0.01268825562,0.001323447602
167.1,0.006283185307,-0.01269979663,0.01328983979,-0.0138722404,0.0007139847642
167.15,0.006283185307,-0.0139242694,0.01245361066,-0.01504540804,9.992769639e-05
167.2,0.006283185307,-0.01514249664,0.01161962143,-0.01620714384,-0.0005185417329
167.25,0.006283185307,-0.0163538925,0.0107882801,-0.01735683309,-0.001141241655
167.3,0.006283185307,-0.01755787113,0.009959994652,-0.01849386109,-0.0017679902
167.35,0.006283185307,-0.0187538467,0.00913517309,-0.01961761313,-0.002398605499
167.4,0.006283185307,-0.01994123335,0.008314223408,-0.0207274745,-0.003032905683
167.45,0.006283185307,-0.02111944525,0.0074975536,-0.02182283051,-0.003670708884
167.5,0.006283185307,-0.02228789656,0.006685571663,-0.02290306645,-0.004311833231
167.55,0.006283185307,-0.02344600142,0.005878685591,-0.02396756761,-0.004956096856
167.6,0.006283185307,-0.02459317399,0.00507730338,-0.02501571928,-0.005603317891
167.65,0.006283185307,-0.02572882844,0.004281833025,-0.02604690677,-0.006253314464
167.7,0.006283185307,-0.02685237892,0.003492682522,-0.02706051537,-0.006905904709
167.75,0.006283185307,-0.02796323958,0.002710259865,-0.02805593037,-0.007560906755
167.8,0.006283185307,-0.02906082458,0.00193497305,-0.02903253707,-0.008218138734
167.85,0.006283185307,-0.03014454809,0.001167230073,-0.02998972077,-0.008877418775
167.9,0.006283185307,-0.03121382424,0.0004074389291,-0.03092686675,-0.009538565012
167.95,0.006283185307,-0.03226806721,-0.0003439923872,-0.03184336032,-0.01020139557
168,0.006283185307,-0.03330669114,-0.00108665588,-0.03273858676,-0.01086572859
168.05,0.006283185307,-0.0343291102,-0.001820143554,-0.03361193139,-0.0115313822
168.1,0.006283185307,-0.03533473854,-0.002544047414,-0.03446277948,-0.01219817452
168.15,0.006283185307,-0.03632299032,-0.003257959465,-0.03529051633,-0.01286592369
168.2,0.006283185307,-0.03729327969,-0.00396147171,-0.03609452725,-0.01353444784
168.25,0.006283185307,-0.03824502081,-0.004654176156,-0.03687419752,-0.0142035651
168.3,0.006283185307,-0.03917762784,-0.005335664807,-0.03762891245,-0.01487309361
168.35,0.006283185307,-0.04009051493,-0.006005529666,-0.03835805731,-0.01554285148
168.4,0.006283185307,-0.04098309624,-0.00666336274,-0.03906101742,-0.01621265686
168.45,0.006283185307,-0.04185478593,-0.007308756032,-0.03973717807,-0.01688232788
168.5,0.006283185307,-0.04270499815,-0.007941301548,-0.04038592455,-0.01755168266
168.55,0.006283185307,-0.04353314706,-0.008560591292,-0.04100664215,-0.01822053933
168.6,0.006283185307,-0.04433864682,-0.009166217268,-0.04159871617,-0.01888871603
168.65,0.006283185307,-0.04512091158,-0.009757771482,-0.04216153192,-0.01955603089
168.7,0.006283185307,-0.0458793555,-0.01033484594,-0.04269447467,-0.02022230204
168.75,0.006283185307,-0.04661339274,-0.01089703264,-0.04319692973,-0.02088734761
168.8,0.006283185307,-0.04732243745,-0.01144392359,-0.0436682824,-0.02155098573
168.85,0.006283185307,-0.04800590379,-0.0119751108,-0.04410791796,-0.02221303454
168.9,0.006283185307,-0.04866320591,-0.01249018627,-0.04451522171,-0.02287331215
168.95,0.006283185307,-0.04929375797,-0.01298874201,-0.04488957896,-0.02353163671
169,0.006283185307,-0.04989697414,-0.01347037002,-0.04523037498,-0.02418782634
169.05,0.006283185307,-0.05047226856,-0.0139346623,-0.04553699509,-0.02484169918
169.1,0.006283185307,-0.05101905539,-0.01438121086,-0.04580882457,-0.02549307336
169.15,0.006283185307,-0.05153674879,-0.0148096077,-0.04604524871,-0.026141767
169.2,0.006283185307,-0.05202476291,-0.01521944483,-0.04624565283,-0.02678759824
169.25,0.006283185307,-0.05248251192,-0.01561031426,-0.0464094222,-0.02743038521
169.3,0.006283185307,-0.05290940996,-0.01598180798,-0.04653594212,-0.02806994603
169.35,0.006283185307,-0.0533048712,-0.01633351801,-0.0466245979,-0.02870609885
169.4,0.006283185307,-0.05366830979,-0.01666503634,-0.04667477482,-0.0293386618
169.45,0.006283185307,-0.05399913988,-0.01697595499,-0.04668585818,-0.02996745299
169.5,0.006283185307,-0.05429677564,-0.01726586596,-0.04665723327,-0.03059229057
169.55,0.006283185307,-0.05456063122,-0.01753436124,-0.0465882854,-0.03121299266
169.6,0.006283185307,-0.05479012078,-0.01778103285,-0.04647839985,-0.0318293774
169.65,0.006283185307,-0.05498465848,-0.01800547279,-0.04632696192,-0.03244126291
169.7,0.006283185307,-0.05514365846,-0.01820727307,-0.04613335691,-0.03304846733
169.75,0.006283185307,-0.05526653489,-0.01838602569,-0.04589697011,-0.03365080879
169.8,0.006283185307,-0.05535270192,-0.01854132265,-0.04561718682,-0.03424810542
169.85,0.006283185307,-0.05540157372,-0.01867275596,-0.04529339232,-0.03484017535
169.9,0.006283185307,-0.05541256443,-0.01877991763,-0.04492497193,-0.03542683671
169.95,0.006283185307,-0.05538508821,-0.01886239965,-0.04451131092,-0.03600790763
170,0.006283185307,-0.05531855922,-0.01891979404,-0.04405179461,-0.03658320625
170.05,0.006283185307,-0.05521239162,-0.0189516928,-0.04354580827,-0.03715255069
170.1,0.006283185307,-0.05506599956,-0.01895768793,-0.04299273722,-0.03771575908
170.15,0.006283185307,-0.0548787972,-0.01893737144,-0.04239196673,-0.03827264956
170.2,0.006283185307,-0.0546501987,-0.01889033532,-0.04174288212,-0.03882304025
170.25,0.006283185307,-0.05437961821,-0.0188161716,-0.04104486866,-0.0393667493
170.3,0.006283185307,-0.05406646989,-0.01871447227,-0.04029731167,-0.03990359482
170.35,0.006283185307,-0.05371016789,-0.01858482933,-0.03949959643,-0.04043339495
170.4,0.006283185307,-0.05331012638,-0.0184268348,-0.03865110824,-0.04095596782
170.45,0.006283185307,-0.0528657595,-0.01824008067,-0.03775123239,-0.04147113156
170.5,0.006283185307,-0.05237648142,-0.01802415895,-0.03679935418,-0.0419787043
170.55,0.006283185307,-0.05184170629,-0.01777866165,-0.03579485891,-0.04247850418
170.6,0.006283185307,-0.05126084827,-0.01750318076,-0.03473713186,-0.04297034932
170.65,0.006283185307,-0.05063332152,-0.0171973083,-0.03362555834,-0.04345405785
170.7,0.006283185307,-0.04995854018,-0.01686063627,-0.03245952364,-0.04392944791
170.75,0.006283185307,-0.04923591843,-0.01649275667,-0.03123841306,-0.04439633763
170.8,0.006283185307,-0.0484648704,-0.01609326151,-0.02996161188,-0.04485454513
170.85,0.006283185307,-0.04764481027,-0.0156617428,-0.02862850541,-0.04530388855
170.9,0.006283185307,-0.04677515219,-0.01519779253,-0.02723847894,-0.04574418602
170.95,0.006283185307,-0.04585531031,-0.01470100271,-0.02579091777,-0.04617525568
171,0.006283185307,-0.04488469879,-0.01417096535,-0.02428520719,-0.04659691564
171.05,0.006283185307,-0.04386273179,-0.01360727245,-0.02272073249,-0.04700898404
171.1,0.006283185307,-0.04278882346,-0.01300951602,-0.02109687898,-0.04741127902
171.15,0.006283185307,-0.04166238797,-0.01237728806,-0.01941303194,-0.0478036187
171.2,0.006283185307,-0.04048283946,-0.01171018058,-0.01766857668,-0.04818582122
171.25,0.006283185307,-0.03924959209,-0.01100778557,-0.01586289848,-0.0485577047
171.3,0.006283185307,-0.03796206002,-0.01026969505,-0.01399538264,-0.04891908728
171.35,0.006283185307,-0.03661965741,-0.009495501025,-0.01206541446,-0.04926978709
171.4,0.006283185307,-0.03522179841,-0.00868479549,-0.01007237924,-0.04960962225
171.45,0.006283185307,-0.03376789718,-0.007837170455,-0.008015662258,-0.04993841091
171.5,0.006283185307,-0.03225736788,-0.006952217922,-0.005894648823,-0.05025597118
171.55,0.006283185307,-0.03068962466,-0.006029529899,-0.003708724226,-0.05056212121
171.6,0.006283185307,-0.02906408168,-0.005068698388,-0.001457273762,-0.05085667912
171.65,0.006283185307,-0.0273801531,-0.004069315395,0.0008603172729,-0.05113946304
171.7,0.006283185307,-0.02565612325,-0.003043317893,0.003217470613,-0.05140789321
171.75,0.006283185307,-0.02395294296,-0.002030555339,0.005526359832,-0.05165420103
171.8,0.006283185307,-0.02227518618,-0.001033994953,0.00778066576,-0.05187804266
171.85,0.006283185307,-0.02062271762,-5.352316423e-05,0.009980864911,-0.05207968203
171.9,0.006283185307,-0.01899540202,0.0009109735969,0.0121274338,-0.05225938303
171.95,0.006283185307,-0.0173931041,0.001859608901,0.01422084893,-0.05241740959
172,0.006283185307,-0.0158156886,0.002792496318,0.01626158684,-0.05255402562
172.05,0.006283185307,-0.01426302024,0.003709749419,0.01825012402,-0.05266949502
172.1,0.006283185307,-0.01273496376,0.004611481774,0.02018693699,-0.0527640817
172.15,0.006283185307,-0.01123138387,0.005497806953,0.02207250227,-0.05283804958
172.2,0.006283185307,-0.009752145318,0.006368838526,0.02390729636,-0.05289166257
172.25,0.006283185307,-0.008297112823,0.007224690064,0.0256917958,-0.05292518458
172.3,0.006283185307,-0.006866151115,0.008065475137,0.02742647708,-0.05293887952
172.35,0.006283185307,-0.005459124924,0.008891307315,0.02911181672,-0.0529330113
172.4,0.006283185307,-0.004075898979,0.009702300169,0.03074829124,-0.05290784383
172.45,0.006283185307,-0.002716338008,0.01049856727,0.03233637714,-0.05286364102
172.5,0.006283185307,-0.001380306742,0.01128022218,0.03387655095,-0.05280066679
172.55,0.006283185307,-6.76699075e-05,0.01204737849,0.03536928918,-0.05271918504
172.6,0.006283185307,0.001221707765,0.01280014975,0.03681506834,-0.05261945969
172.65,0.006283185307,0.002487961547,0.01353864953,0.03821436494,-0.05250175464
172.7,0.006283185307,0.00373122671,0.01426299141,0.03956765551,-0.05236633382
172.75,0.006283185307,0.004951638524,0.01497328897,0.04087541654,-0.05221346112
172.8,0.006283185307,0.006149332261,0.01566965575,0.04213812457,-0.05204340046
172.85,0.006283185307,0.007324443192,0.01635220535,0.04335625609,-0.05185641575
172.9,0.006283185307,0.008477106587,0.01702105133,0.04453028763,-0.0516527709
172.95,0.006283185307,0.009607457719,0.01767630725,0.0456606957,-0.05143272983
173,0.006283185307,0.01071563186,0.01831808669,0.04674795681,-0.05119655644
173.05,0.006283185307,0.01180176427,0.01894650323,0.04779254747,-0.05094451464
173.1,0.006283185307,0.01286599024,0.01956167042,0.04879494421,-0.05067686835
173.15,0.006283185307,0.01390844503,0.02016370184,0.04975562353,-0.05039388148
173.2,0.006283185307,0.0149292639,0.02075271106,0.05067506195,-0.05009581794
173.25,0.006283185307,0.01592858214,0.02132881165,0.05155373598,-0.04978294163
173.3,0.006283185307,0.01690653501,0.02189211719,0.05239212214,-0.04945551647
173.35,0.006283185307,0.01786325779,0.02244274123,0.05319069693,-0.04911380637
173.4,0.006283185307,0.01879888574,0.02298079736,0.05394993688,-0.04875807525
173.45,0.006283185307,0.01971355414,0.02350639914,0.0546703185,-0.048388587
173.5,0.006283185307,0.02060739826,0.02401966013,0.0553523183,-0.04800560556
173.55,0.006283185307,0.02148055337,0.02452069393,0.0559964128,-0.04760939481
173.6,0.006283185307,0.02233315473,0.02500961408,0.05660307851,-0.04720021868
173.65,0.006283185307,0.02316533763,0.02548653417,0.05717279193,-0.04677834108
173.7,0.006283185307,0.02397723733,0.02595156776,0.0577060296,-0.04634402591
173.75,0.006283185307,0.0247689891,0.02640482842,0.05820326802,-0.0458975371
173.8,0.006283185307,0.02554072821,0.02684642973,0.0586649837,-0.04543913854
173.85,0.006283185307,0.02629258994,0.02727648525,0.05909165316,-0.04496909415
173.9,0.006283185307,0.02702470956,0.02769510855,0.05948375292,-0.04448766784
173.95,0.006283185307,0.02773722233,0.02810241321,0.05984175948,-0.04399512353
174,0.006283185307,0.02843026353,0.0284985128,0.06016614936,-0.04349172512
174.05,0.006283185307,0.02910396843,0.02888352088,0.06045739908,-0.04297773653
174.1,0.006283185307,0.0297584723,0.02925755102,0.06071598514,-0.04245342165
174.15,0.006283185307,0.03039391042,0.0296207168,0.06094238407,-0.04191904442
174.2,0.006283185307,0.03101041804,0.02997313179,0.06113707237,-0.04137486873
174.25,0.006283185307,0.03160813045,0.03031490955,0.06130052657,-0.04082115851
174.3,0.006283185307,0.03218718292,0.03064616366,0.06143322317,-0.04025817765
174.35,0.006283185307,0.03274771071,0.03096700769,0.06153563868,-0.03968619007
174.4,0.006283185307,0.03328984909,0.0312775552,0.06160824963,-0.03910545968
174.45,0.006283185307,0.03381373335,0.03157791977,0.06165153253,-0.0385162504
174.5,0.006283185307,0.03431949874,0.03186821497,0.06166596388,-0.03791882612
174.55,0.006283185307,0.03480728054,0.03214855437,0.06165202021,-0.03731345078
174.6,0.006283185307,0.03527721403,0.03241905153,0.06161017802,-0.03670038826
174.65,0.006283185307,0.03572943446,0.03267982003,0.06154091384,-0.0360799025
174.7,0.006283185307,0.03616407712,0.03293097345,0.06144470417,-0.03545225739
174.75,0.006283185307,0.03658127727,0.03317262534,0.06132202554,-0.03481771685
174.8,0.006283185307,0.03698117019,0.03340488928,0.06117335444,-0.03417654478
174.85,0.006283185307,0.03736389115,0.03362787884,0.06099916741,-0.03352900511
174.9,0.006283185307,0.03772957541,0.03384170759,0.06079994094,-0.03287536174
174.95,0.006283185307,0.03807835825,0.0340464891,0.06057615156,-0.03221587858
175,0.006283185307,0.03841037494,0.03424233694,0.06032827578,-0.03155081955
175.05,0.006283185307,0.03872576076,0.03442936468,0.06005679011,-0.03088044855
175.1,0.006283185307,0.03902465096,0.0346076859,0.05976217107,-0.03020502949
175.15,0.006283185307,0.03930718082,0.03477741415,0.05944489516,-0.02952482629
175.2,0.006283185307,0.03957348562,0.03493866302,0.05910543892,-0.02884010286
175.25,0.006283185307,0.03982370063,0.03509154607,0.05874427884,-0.0281511231
175.3,0.006283185307,0.04005796111,0.03523617687,0.05836189144,-0.02745815094
175.35,0.006283185307,0.04027640234,0.03537266899,0.05795875324,-0.02676145027
175.4,0.006283185307,0.04047915958,0.03550113601,0.05753534075,-0.02606128502
175.45,0.006283185307,0.04066636812,0.03562169149,0.05709213049,-0.02535791908
175.5,0.006283185307,0.04083816321,0.035734449,0.05662959896,-0.02465161638
175.55,0.006283185307,0.04099468014,0.03583952212,0.05614822269,-0.02394264083
175.6,0.006283185307,0.04113605417,0.03593702441,0.05564847818,-0.02323125632
175.65,0.006283185307,0.04126242057,0.03602706944,0.05513084195,-0.02251772679
175.7,0.006283185307,0.04137391462,0.03610977079,0.05459579051,-0.02180231613
175.75,0.006283185307,0.04147067158,0.03618524203,0.05404380038,-0.02108528826
175.8,0.006283185307,0.04155282673,0.03625359672,0.05347534807,-0.02036690709
175.85,0.006283185307,0.04162051534,0.03631494843,0.0528909101,-0.01964743653
175.9,0.006283185307,0.04167387267,0.03636941075,0.05229096298,-0.01892714049
175.95,0.006283185307,0.04171303401,0.03641709722,0.05167598322,-0.01820628288
176,0.006283185307,0.04173813461,0.03645812144,0.05104644734,-0.01748512761
176.05,0.006283185307,0.04174930976,0.03649259696,0.05040283185,-0.0167639386
176.1,0.006283185307,0.04174669472,0.03652063736,0.04974561326,-0.01604297975
176.15,0.006283185307,0.04173042477,0.0365423562,0.0490752681,-0.01532251498
176.2,0.006283185307,0.04170063517,0.03655786706,0.04839227286,-0.01460280819
176.25,0.006283185307,0.0416574612,0.03656728351,0.04769710408,-0.01388412331
176.3,0.006283185307,0.04160103812,0.03657071912,0.04699023825,-0.01316672423
176.35,0.006283185307,0.04153150121,0.03656828746,0.0462721519,-0.01245087487
176.4,0.006283185307,0.04144898574,0.03656010209,0.04554332153,-0.01173683914
176.45,0.006283185307,0.04135362698,0.0365462766,0.04480422367,-0.01102488096
176.5,0.006283185307,0.04124556021,0.03652692454,0.04405533483,-0.01031526422
176.55,0.006283185307,0.04112492068,0.03650215949,0.04329713151,-0.009608252851
176.6,0.006283185307,0.04099184368,0.03647209503,0.04253009024,-0.008904110756
176.65,0.006283185307,0.04084646448,0.03643684471,0.04175468753,-0.008203101846
176.7,0.006283185307,0.04068891834,0.03639652211,0.04097139989,-0.007505490033
176.75,0.006283185307,0.04051934054,0.03635124081,0.04018070383,-0.006811539228
176.8,0.006283185307,0.04033786634,0.03630111436,0.03938307588,-0.006121513341
176.85,0.006283185307,0.04014463103,0.03624625635,0.03857899253,-0.005435676283
176.9,0.006283185307,0.03993976986,0.03618678034,0.03776893032,-0.004754291967
176.95,0.006283185307,0.03972341812,0.0361227999,0.03695336575,-0.004077624301
177,0.006283185307,0.03949571106,0.0360544286,0.03613277533,-0.003405937199
177.05,0.006283185307,0.03925678397,0.03598178001,0.03530763558,-0.00273949457
177.1,0.006283185307,0.03900677212,0.03590496771,0.03447842301,-0.002078560325
177.15,0.006283185307,0.03874581077,0.03582410526,0.03364561415,-0.001423398376
177.2,0.006283185307,0.0384740352,0.03573930623,0.03280968549,-0.0007742726335
177.25,0.006283185307,0.03819158067,0.0356506842,0.03197111356,-0.0001314470084
177.3,0.006283185307,0.03789858246,0.03555835273,0.03113037486,0.0005048145882
177.35,0.006283185307,0.03759517585,0.0354624254,0.03028794592,0.001134248245
177.4,0.006283185307,0.03728149609,0.03536301577,0.02944430325,0.001756590052
177.45,0.006283185307,0.03695767847,0.03526023741,0.02859992335,0.002371576098
177.5,0.006283185307,0.03662385824,0.0351542039,0.02775528276,0.00297894247
177.55,0.006283185307,0.0362801707,0.0350450288,0.02691085796,0.00357842526
177.6,0.006283185307,0.03592675109,0.03493282569,0.0260671255,0.004169760555
177.65,0.006283185307,0.03556373471,0.03481770814,0.02522456186,0.004752684445
177.7,0.006283185307,0.03519125681,0.03469978971,0.02438364358,0.005326933018
177.75,0.006283185307,0.03480945266,0.03457918398,0.02354484716,0.005892242364
177.8,0.006283185307,0.03441845755,0.03445600452,0.02270864912,0.006448348572
177.85,0.006283185307,0.03401840674,0.03433036489,0.02187552597,0.006994987731
177.9,0.006283185307,0.0336094355,0.03420237867,0.02104595423,0.007531895929
177.95,0.006283185307,0.0331916791,0.03407215943,0.02022041041,0.008058809256
178,0.006283185307,0.03276527282,0.03393982073,0.01939937102,0.0085754638
178.05,0.006283185307,0.03233035192,0.03380547616,0.01858331258,0.009081595652
178.1,0.006283185307,0.03188705167,0.03366923927,0.0177727116,0.009576940899
178.15,0.006283185307,0.03143550735,0.03353122364,0.01696804459,0.01006123563
178.2,0.006283185307,0.03097585423,0.03339154284,0.01616978807,0.01053421594
178.25,0.006283185307,0.03050822758,0.03325031044,0.01537841856,0.0109956179
178.3,0.006283185307,0.03003276267,0.03310764001,0.01459441257,0.01144517763
178.35,0.006283185307,0.02954959477,0.03296364512,0.0138182466,0.01188263119
178.4,0.006283185307,0.02905885915,0.03281843934,0.01305039718,0.01230771468
178.45,0.006283185307,0.02856069108,0.03267213624,0.01229134082,0.01272016419
178.5,0.006283185307,0.02805522584,0.03252484939,0.01154155403,0.0131197158
178.55,0.006283185307,0.0275425987,0.03237669236,0.01080151333,0.01350610562
178.6,0.006283185307,0.02702294492,0.03222777872,0.01007169522,0.01387906972
178.65,0.006283185307,0.02649639977,0.03207822205,0.009352576236,0.0142383442
178.7,0.006283185307,0.02596309854,0.03192813591,0.008644632877,0.01458366513
178.75,0.006283185307,0.02542317649,0.03177763387,0.00794834166,0.01491476863
178.8,0.006283185307,0.02487676888,0.0316268295,0.007264179099,0.01523139076
178.85,0.006283185307,0.024324011,0.03147583637,0.006592621708,0.01553326763
178.9,0.006283185307,0.02376503811,0.03132476806,0.005934146001,0.01582013531
178.95,0.006283185307,0.02319998548,0.03117373813,0.005289228491,0.01609172991
179,0.006283185307,0.02262898839,0.03102286016,0.004658345694,0.0163477875
179.05,0.006283185307,0.02205218211,0.0308722477,0.004041974122,0.01658804418
179.1,0.006283185307,0.0214697019,0.03072201435,0.00344059029,0.01681223603
179.15,0.006283185307,0.02088168304,0.03057227366,0.002854670711,0.01702009915
179.2,0.006283185307,0.02028826079,0.0304231392,0.0022846919,0.01721136963
179.25,0.006283185307,0.01968957044,0.03027472455,0.001731130369,0.01738578354
179.3,0.006283185307,0.01908574725,0.03012714327,0.001194462635,0.01754307699
179.35,0.006283185307,0.0184769265,0.02998050894,0.0006751652087,0.01768298606
179.4,0.006283185307,0.01786324344,0.02983493512,0.000173714606,0.01780524684
179.45,0.006283185307,0.01724483336,0.02969053539,-0.0003094126599,0.01790959542
179.5,0.006283185307,0.01662183153,0.02954742332,-0.0007737400749,0.01799576789
179.55,0.006283185307,0.01599437321,0.02940571248,-0.001218791125,0.01806350034
179.6,0.006283185307,0.01536259368,0.02926551643,-0.001644089297,0.01811252885
179.65,0.006283185307,0.0147266282,0.02912694875,-0.002049158076,0.01814258952
179.7,0.006283185307,0.01408661206,0.02899012301,-0.002433520948,0.01815341843
179.75,0.006283185307,0.01344268052,0.02885515277,-0.0027967014,0.01814475167
179.8,0.006283185307,0.01279496885,0.02872215161,-0.003138222918,0.01811632534
179.85,0.006283185307,0.01214361232,0.02859123311,-0.003457608988,0.01806787551
179.9,0.006283185307,0.01148874621,0.02846251082,-0.003754383095,0.01799913829
179.95,0.006283185307,0.01083050578,0.02833609832,-0.004028068726,0.01790984976
180,0.006283185307,0.01016902631,0.02821210918,-0.004278189368,0.017799746
180.05,0.006283185307,0.009504443067,0.02809065697,-0.004504268505,0.01766856312
180.1,0.006283185307,0.00883689132,0.02797185526,-0.004705829625,0.01751603718
180.15,0.006283185307,0.008166506343,0.02785581762,-0.004882396213,0.0173419043
180.2,0.006283185307,0.007493423407,0.02774265762,-0.005033491756,0.01714590055
180.25,0.006283185307,0.006817777781,0.02763248883,-0.005158639739,0.01692776202
180.3,0.006283185307,0.006139704739,0.02752542482,-0.005257363649,0.0166872248
180.35,0.006283185307,0.00545933955,0.02742157917,-0.005329186971,0.01642402499
180.4,0.006283185307,0.004776817485,0.02732106543,-0.005373633192,0.01613789867
180.45,0.006283185307,0.004092273816,0.02722399719,-0.005390225798,0.01582858192
180.5,0.006283185307,0.003405843814,0.02713048801,-0.005378488275,0.01549581084
180.55,0.006283185307,0.00271766275,0.02704065146,-0.005337944109,0.01513932153
180.6,0.006283185307,0.002027865894,0.02695460112,-0.005268116786,0.01475885005
180.65,0.006283185307,0.001336588519,0.02687245055,-0.005168529793,0.01435413252
180.7,0.006283185307,0.0006439658943,0.02679431332,-0.005038706614,0.013924905
180.75,0.006283185307,-4.986670804e-05,0.02672030301,-0.004878170737,0.01347090361
180.8,0.006283185307,-0.0007447740173,0.02665053318,-0.004686445648,0.01299186441
180.85,0.006283185307,-0.001440620762,0.0265851174,-0.004463054832,0.0124875235
180.9,0.006283185307,-0.002137271672,0.02652416925,-0.004207521776,0.01195761698
180.95,0.006283185307,-0.002834591475,0.0264678023,-0.003919369965,0.01140188093
181,0.006283185307,-0.003532444901,0.02641613011,-0.003598122887,0.01082005143
181.05,0.006283185307,-0.004230696679,0.02636926625,-0.003243304026,0.01021186458
181.1,0.006283185307,-0.004929211537,0.02632732431,-0.002854436869,0.009577056469
181.15,0.006283185307,-0.005627854204,0.02629041783,-0.002431044903,0.008915363183
181.2,0.006283185307,-0.00632648941,0.02625866041,-0.001972651613,0.008226520811
181.25,0.006283185307,-0.007024981883,0.0262321656,-0.001478780485,0.007510265443
181.3,0.006283185307,-0.007723196352,0.02621104698,-0.0009489550051,0.006766333168
181.35,0.006283185307,-0.008420997547,0.02619541811,-0.00038269866,0.005994460074
181.4,0.006283185307,-0.009118250195,0.02618539257,0.0002204650645,0.005194382251
181.45,0.006283185307,-0.009814819026,0.02618108394,0.0008610126824,0.004365835787
181.5,0.006283185307,-0.01051056877,0.02618260576,0.001539420707,0.003508556773
181.55,0.006283185307,-0.01120536415,0.02619007163,0.002256165654,0.002622281296
181.6,0.006283185307,-0.01189906991,0.02620359511,0.003011724035,0.001706745445
181.65,0.006283185307,-0.01259155076,0.02622328976,0.003806572365,0.0007616853109
181.7,0.006283185307,-0.01328267144,0.02624926917,0.004641187159,-0.0002131630189
181.75,0.006283185307,-0.01397229668,0.02628164689,0.005516044929,-0.001218063455
181.8,0.006283185307,-0.0146602912,0.0263205365,0.006431622189,-0.002253279908
181.85,0.006283185307,-0.01534651974,0.02636605158,0.007388395455,-0.003319076289
181.9,0.006283185307,-0.01603084702,0.02641830568,0.008386841238,-0.00441571651
181.95,0.006283185307,-0.01671313777,0.02647741239,0.009427436055,-0.005543464481
182,0.006283185307,-0.01739325673,0.02654348526,0.01051065642,-0.006702584113
182.05,0.006283185307,-0.01807106861,0.02661663788,0.01163697884,-0.007893339317
182.1,0.006283185307,-0.01874643815,0.02669698381,0.01280687984,-0.009115994004
182.15,0.006283185307,-0.01941923009,0.02678463662,0.01402083592,-0.01037081209
182.2,0.006283185307,-0.02008930913,0.02687970988,0.01527932361,-0.01165805747
182.25,0.006283185307,-0.02075654003,0.02698231717,0.01658281941,-0.01297799407
182.3,0.006283185307,-0.0214207875,0.02709257205,0.01793179985,-0.0143308858
182.35,0.006283185307,-0.02208191627,0.02721058809,0.01932674142,-0.01571699657
182.4,0.006283185307,-0.02273979108,0.02733647886,0.02076812066,-0.01713659029
182.45,0.006283185307,-0.02339427665,0.02747035794,0.02225641406,-0.01858993086
182.5,0.006283185307,-0.0240452377,0.0276123389,0.02379209815,-0.02007728221
182.55,0.006283185307,-0.02468027148,0.02775674051,0.02533208707,-0.02156008482
182.6,0.006283185307,-0.02528724896,0.02789783288,0.02683320792,-0.0229998699
182.65,0.006283185307,-0.02586644554,0.02803565651,0.02829580662,-0.02439703746
182.7,0.006283185307,-0.0264181366,0.02817025191,0.02972022911,-0.02575198752
182.75,0.006283185307,-0.02694259752,0.02830165959,0.03110682131,-0.02706512008
182.8,0.006283185307,-0.02744010369,0.02842992007,0.03245592917,-0.02833683516
182.85,0.006283185307,-0.02791093049,0.02855507385,0.03376789861,-0.02956753275
182.9,0.006283185307,-0.0283553533,0.02867716144,0.03504307557,-0.03075761288
182.95,0.006283185307,-0.02877364751,0.02879622335,0.03628180598,-0.03190747554
183,0.006283185307,-0.0291660885,0.0289123001,0.03748443577,-0.03301752075
183.05,0.006283185307,-0.02953295166,0.0290254322,0.03865131088,-0.03408814852
183.1,0.006283185307,-0.02987451237,0.02913566015,0.03978277723,-0.03511975886
183.15,0.006283185307,-0.03019104601,0.02924302447,0.04087918076,-0.03611275177
183.2,0.006283185307,-0.03048282797,0.02934756567,0.0419408674,-0.03706752726
183.25,0.006283185307,-0.03075013363,0.02944932425,0.04296818308,-0.03798448535
183.3,0.006283185307,-0.03099323837,0.02954834073,0.04396147374,-0.03886402604
183.35,0.006283185307,-0.03121241758,0.02964465563,0.04492108531,-0.03970654934
183.4,0.006283185307,-0.03140794665,0.02973830944,0.04584736372,-0.04051245526
183.45,0.006283185307,-0.03158010095,0.02982934268,0.0467406549,-0.04128214381
183.5,0.006283185307,-0.03172915587,0.02991779586,0.04760130479,-0.042016015
183.55,0.006283185307,-0.0318553868,0.03000370949,0.04842965932,-0.04271446884
183.6,0.006283185307,-0.03195906912,0.03008712409,0.04922606441,-0.04337790533
183.65,0.006283185307,-0.03204047821,0.03016808015,0.04999086601,-0.04400672449
183.7,0.006283185307,-0.03209988945,0.0302466182,0.05072441005,-0.04460132632
183.75,0.006283185307,-0.03213757823,0.03032277875,0.05142704245,-0.04516211084
183.8,0.006283185307,-0.03215381994,0.03039660229,0.05209910915,-0.04568947805
183.85,0.006283185307,-0.03214888995,0.03046812936,0.05274095608,-0.04618382796
183.9,0.006283185307,-0.03212306366,0.03053740045,0.05335292918,-0.04664556058
183.95,0.006283185307,-0.03207661644,0.03060445607,0.05393537438,-0.04707507592
184,0.006283185307,-0.03200982368,0.03066933674,0.0544886376,-0.04747277399
184.05,0.006283185307,-0.03192296077,0.03073208297,0.05501306479,-0.0478390548
184.1,0.006283185307,-0.03181630308,0.03079273526,0.05550900187,-0.04817431836
184.15,0.006283185307,-0.031690126,0.03085133414,0.05597679478,-0.04847896467
184.2,0.006283185307,-0.03154470492,0.0309079201,0.05641678945,-0.04875339375
184.25,0.006283185307,-0.03138031521,0.03096253366,0.05682933181,-0.0489980056
184.3,0.006283185307,-0.03119723227,0.03101521533,0.05721476779,-0.04921320023
184.35,0.006283185307,-0.03099573147,0.03106600562,0.05757344333,-0.04939937766
184.4,0.006283185307,-0.0307760882,0.03111494505,0.05790570436,-0.04955693789
184.45,0.006283185307,-0.03053857785,0.03116207411,0.05821189681,-0.04968628093
184.5,0.006283185307,-0.03028347579,0.03120743333,0.05849236661,-0.04978780678
184.55,0.006283185307,-0.03001105742,0.03125106321,0.0587474597,-0.04986191547
184.6,0.006283185307,-0.02972159811,0.03129300426,0.058977522,-0.04990900699
184.65,0.006283185307,-0.02941537325,0.031333297,0.05918289946,-0.04992948136
184.7,0.006283185307,-0.02909265823,0.03137198193,0.059363938,-0.04992373859
184.75,0.006283185307,-0.02875372842,0.03140909957,0.05952098356,-0.04989217867
184.8,0.006283185307,-0.02839885921,0.03144469043,0.05965438206,-0.04983520164
184.85,0.006283185307,-0.02802832599,0.03147879501,0.05976447944,-0.04975320748
184.9,0.006283185307,-0.02764240414,0.03151145382,0.05985162164,-0.04964659622
184.95,0.006283185307,-0.02724136904,0.03154270739,0.05991615458,-0.04951576786
185,0.006283185307,-0.02682549607,0.03157259621,0.0599584242,-0.04936112241
185.05,0.006283185307,-0.02639506063,0.0316011608,0.05997877643,-0.04918305987
185.1,0.006283185307,-0.02595033809,0.03162844167,0.0599775572,-0.04898198027
185.15,0.006283185307,-0.02549160384,0.03165447933,0.05995511245,-0.0487582836
185.2,0.006283185307,-0.02501913326,0.03167931429,0.0599117881,-0.04851236988
185.25,0.006283185307,-0.02453320173,0.03170298707,0.05984793009,-0.04824463911
185.3,0.006283185307,-0.02403408465,0.03172553816,0.05976388436,-0.04795549131
185.35,0.006283185307,-0.02352205739,0.03174700809,0.05965999682,-0.04764532647
185.4,0.006283185307,-0.02299739533,0.03176743735,0.05953661343,-0.04731454463
185.45,0.006283185307,-0.02246037387,0.03178686648,0.0593940801,-0.04696354577
185.5,0.006283185307,-0.02191126838,0.03180533596,0.05923274278,-0.04659272991
185.55,0.006283185307,-0.02135035426,0.03182288632,0.05905294739,-0.04620249706
185.6,0.006283185307,-0.02077790687,0.03183955807,0.05885503986,-0.04579324723
185.65,0.006283185307,-0.02019420161,0.03185539171,0.05863936614,-0.04536538043
185.7,0.006283185307,-0.01959951386,0.03187042776,0.05840627214,-0.04491929667
185.75,0.006283185307,-0.01899411901,0.03188470672,0.05815610381,-0.04445539595
185.8,0.006283185307,-0.01837829244,0.03189826911,0.05788920707,-0.04397407828
185.85,0.006283185307,-0.01775230952,0.03191115544,0.05760592786,-0.04347574368
185.9,0.006283185307,-0.01711644565,0.03192340622,0.05730661212,-0.04296079215
185.95,0.006283185307,-0.01647097622,0.03193506196,0.05699160576,-0.0424296237
186,0.006283185307,-0.01581617659,0.03194616317,0.05666125473,-0.04188263834
186.05,0.006283185307,-0.01515232217,0.03195675036,0.05631590496,-0.04132023608
186.1,0.006283185307,-0.01447968832,0.03196686403,0.05595590238,-0.04074281693
186.15,0.006283185307,-0.01379855044,0.03197654472,0.05558159292,-0.0401507809
186.2,0.006283185307,-0.01310918391,0.03198583291,0.05519332252,-0.039544528
186.25,0.006283185307,-0.01241186412,0.03199476912,0.0547914371,-0.03892445823
186.3,0.006283185307,-0.01170686644,0.03200339387,0.0543762826,-0.0382909716
186.35,0.006283185307,-0.01099446626,0.03201174766,0.05394820496,-0.03764446813
186.4,0.006283185307,-0.01027493896,0.03201987101,0.0535075501,-0.03698534783
186.45,0.006283185307,-0.009548559938,0.03202780442,0.05305466396,-0.03631401069
186.5,0.006283185307,-0.008815604565,0.03203558841,0.05258989246,-0.03563085674
186.55,0.006283185307,-0.008076348228,0.03204326348,0.05211358155,-0.03493628597
186.6,0.006283185307,-0.007331066311,0.03205087015,0.05162607715,-0.03423069841
186.65,0.006283185307,-0.006580034198,0.03205844893,0.0511277252,-0.03351449405
186.7,0.006283185307,-0.005823527273,0.03206604032,0.05061887163,-0.03278807291
186.75,0.006283185307,-0.005061820919,0.03207368485,0.05009986237,-0.032051835
186.8,0.006283185307,-0.004295190522,0.03208142301,0.04957104335,-0.03130618032
186.85,0.006283185307,-0.003523911463,0.03208929532,0.04903276051,-0.03055150889
186.9,0.006283185307,-0.002748259128,0.0320973423,0.04848535978,-0.02978822071
186.95,0.006283185307,-0.001968508901,0.03210560444,0.04792918708,-0.02901671579
187,0.006283185307,-0.001184936164,0.03211412227,0.04736458836,-0.02823739414
187.05,0.006283185307,-0.0003978163022,0.03212293628,0.04679190955,-0.02745065578
187.1,0.006283185307,0.0003925753008,0.032132087,0.04621149658,-0.0266569007
187.15,0.006283185307,0.001185963261,0.03214161493,0.04562369537,-0.02585652892
187.2,0.006283185307,0.001982072195,0.03215156059,0.04502885187,-0.02504994045
187.25,0.006283185307,0.002780626718,0.03216196448,0.044427312,-0.0242375353
187.3,0.006283185307,0.003581351448,0.03217286712,0.0438194217,-0.02341971347
187.35,0.006283185307,0.004383970999,0.03218430901,0.04320552691,-0.02259687498
187.4,0.006283185307,0.005188209988,0.03219633067,0.04258597354,-0.02176941983
187.45,0.006283185307,0.005993793031,0.0322089726,0.04196110754,-0.02093774804
187.5,0.006283185307,0.006800444745,0.03222227532,0.04133127483,-0.0201022596
187.55,0.006283185307,0.007607889744,0.03223627934,0.04069682136,-0.01926335454
187.6,0.006283185307,0.008415852647,0.03225102517,0.04005809305,-0.01842143286
187.65,0.006283185307,0.009224058068,0.03226655331,0.03941543583,-0.01757689457
187.7,0.006283185307,0.01003223062,0.03228290429,0.03876919564,-0.01673013967
187.75,0.006283185307,0.01084009493,0.0323001186,0.0381197184,-0.01588156818
187.8,0.006283185307,0.01164737561,0.03231823677,0.03746735006,-0.01503158011
187.85,0.006283185307,0.01245379726,0.0323372993,0.03681243655,-0.01418057546
187.9,0.006283185307,0.01325908452,0.0323573467,0.03615532379,-0.01332895425
187.95,0.006283185307,0.01406296199,0.03237841948,0.03549635772,-0.01247711648
188,0.006283185307,0.0148651543,0.03240055815,0.03483588427,-0.01162546216
188.05,0.006283185307,0.01566538605,0.03242380323,0.03417424937,-0.01077439131
188.1,0.006283185307,0.01646338186,0.03244819523,0.03351179896,-0.009924303923
188.15,0.006283185307,0.01725886636,0.03247377464,0.03284887897,-0.009075600018
188.2,0.006283185307,0.01805156415,0.032500582,0.03218583532,-0.008228679601
188.25,0.006283185307,0.01884119985,0.0325286578,0.03152301397,-0.007383942681
188.3,0.006283185307,0.01962749809,0.03255804255,0.03086076082,-0.006541789269
188.35,0.006283185307,0.02041018346,0.03258877677,0.03019942183,-0.005702619372
188.4,0.006283185307,0.0211889806,0.03262090097,0.02953934292,-0.004866832999
188.45,0.006283185307,0.02196361412,0.03265445566,0.02888087001,-0.004034830161
188.5,0.006283185307,0.02273380862,0.03268948135,0.02822434906,-0.003207010865
188.55,0.006283185307,0.02349928874,0.03272601855,0.02757012598,-0.002383775121
188.6,0.006283185307,0.02425977908,0.03276410776,0.02691854671,-0.001565522938
188.65,0.006283185307,0.02501500427,0.03280378951,0.02626995718,-0.0007526543252
188.7,0.006283185307,0.02576468891,0.0328451043,0.02562470333,5.443070888e-05
188.75,0.006283185307,0.02650855762,0.03288809264,0.02498313109,0.0008553321549
188.8,0.006283185307,0.02724633503,0.03293279504,0.02434558638,0.001649650004
188.85,0.006283185307,0.02797774574,0.03297925202,0.02371241515,0.002436984247
188.9,0.006283185307,0.02870251437,0.03302750408,0.02308396332,0.003216934874
188.95,0.006283185307,0.02942036554,0.03307759173,0.02246057683,0.003989101878
189,0.006283185307,0.03013102386,0.03312955549,0.0218426016,0.004753085248
189.05,0.006283185307,0.03083421396,0.03318343586,0.02123038358,0.005508484976
189.1,0.006283185307,0.03152966044,0.03323927336,0.02062426869,0.006254901053
189.15,0.006283185307,0.03221708793,0.03329710849,0.02002460287,0.006991933469
189.2,0.006283185307,0.03289622103,0.03335698178,0.01943173205,0.007719182216
189.25,0.006283185307,0.03356678437,0.03341893372,0.01884600216,0.008436247284
189.3,0.006283185307,0.03422850256,0.03348300482,0.01826775913,0.009142728665
189.35,0.006283185307,0.03488110022,0.03354923561,0.0176973489,0.009838226349
189.4,0.006283185307,0.03552430196,0.03361766659,0.0171351174,0.01052234033
189.45,0.006283185307,0.0361578324,0.03368833826,0.01658141055,0.01119467059
189.5,0.006283185307,0.03678141615,0.03376129115,0.0160365743,0.01185481713
189.55,0.006283185307,0.03739477784,0.03383656576,0.01550095458,0.01250237994
189.6,0.006283185307,0.03799764208,0.03391420259,0.01497489731,0.01313695901
189.65,0.006283185307,0.03858973347,0.03399424218,0.01445874843,0.01375815432
189.7,0.006283185307,0.03917077665,0.03407672501,0.01395285388,0.01436556588
189.75,0.006283185307,0.03974049623,0.03416169161,0.01345755958,0.01495879366
189.8,0.006283185307,0.04029861682,0.03424918248,0.01297321147,0.01553743767
189.85,0.006283185307,0.04084486304,0.03433923813,0.01250015548,0.01610109789
189.9,0.006283185307,0.0413789595,0.03443189909,0.01203873754,0.01664937432
189.95,0.006283185307,0.04190063082,0.03452720584,0.01158930358,0.01718186694
190,0.006283185307,0.04240960162,0.03462519891,0.01115219955,0.01769817574
190.05,0.006283185307,0.04290559652,0.03472591881,0.01072777136,0.01819790073
190.1,0.006283185307,0.04338834012,0.03482940605,0.01031636495,0.01868064188
190.15,0.006283185307,0.04385755705,0.03493570114,0.00991832626,0.01914599919
190.2,0.006283185307,0.04431297192,0.03504484458,0.009534001215,0.01959357265
190.25,0.006283185307,0.04475430934,0.03515687689,0.009163735748,0.02002296225
190.3,0.006283185307,0.04518129394,0.03527183859,0.008807875793,0.02043376798
190.35,0.006283185307,0.04559365034,0.03538977017,0.008466767282,0.02082558983
190.4,0.006283185307,0.04599110313,0.03551071215,0.008140756147,0.0211980278
190.45,0.006283185307,0.04637337695,0.03563470505,0.007830188321,0.02155068187
190.5,0.006283185307,0.04674019641,0.03576178937,0.007535409735,0.02188315204
190.55,0.006283185307,0.04709128612,0.03589200562,0.007256766323,0.02219503829
190.6,0.006283185307,0.04742637071,0.03602539431,0.006994604017,0.02248594062
190.65,0.006283185307,0.04774517477,0.03616199596,0.006749268749,0.02275545902
190.7,0.006283185307,0.04804742295,0.03630185107,0.006521106452,0.02300319348
190.75,0.006283185307,0.04833283984,0.03644500016,0.006310463057,0.02322874399
190.8,0.006283185307,0.04860115007,0.03659148373,0.006117684498,0.02343171054
190.85,0.006283185307,0.04885207824,0.0367413423,0.005943116707,0.02361169312
190.9,0.006283185307,0.04908534899,0.03689461638,0.005787105615,0.02376829173
190.95,0.006283185307,0.04930068692,0.03705134647,0.005649997157,0.02390110635
191,0.006283185307,0.04949781665,0.03721157309,0.005532137263,0.02400973697
191.05,0.006283185307,0.04967646279,0.03737533675,0.005433871867,0.02409378359
191.1,0.006283185307,0.04983634997,0.03754267796,0.0053555469,0.0241528462
191.15,0.006283185307,0.0499772028,0.03771363723,0.005297508296,0.02418652479
191.2,0.006283185307,0.05009874589,0.03788825506,0.005260101986,0.02419441934
191.25,0.006283185307,0.05020070386,0.03806657198,0.005243673903,0.02417612986
191.3,0.006283185307,0.05028280132,0.03824862849,0.005248569979,0.02413125632
191.35,0.006283185307,0.0503447629,0.03843446511,0.005275136147,0.02405939873
191.4,0.006283185307,0.05038631321,0.03862412233,0.005323718339,0.02396015707
191.45,0.006283185307,0.05040717686,0.03881764068,0.005394662488,0.02383313133
191.5,0.006283185307,0.05040707848,0.03901506066,0.005488314526,0.02367792151
191.55,0.006283185307,0.05038574267,0.03921642279,0.005605020385,0.02349412759
191.6,0.006283185307,0.05034289405,0.03942176757,0.005745125998,0.02328134957
191.65,0.006283185307,0.05027825725,0.03963113552,0.005908977296,0.02303918743
191.7,0.006283185307,0.05019155687,0.03984456714,0.006096920214,0.02276724118
191.75,0.006283185307,0.05008251753,0.04006210295,0.006309300682,0.02246511079
191.8,0.006283185307,0.04995086385,0.04028378346,0.006546464633,0.02213239627
191.85,0.006283185307,0.04979632044,0.04050964917,0.006808758,0.0217686976
191.9,0.006283185307,0.04961861192,0.0407397406,0.007096526716,0.02137361476
191.95,0.006283185307,0.04941746291,0.04097409827,0.007410116711,0.02094674777
192,0.006283185307,0.04919259803,0.04121276267,0.00774987392,0.02048769659
192.05,0.006283185307,0.04894374188,0.04145577432,0.008116144274,0.01999606123
192.1,0.006283185307,0.04867061908,0.04170317373,0.008509273705,0.01947144168
192.15,0.006283185307,0.04837295426,0.04195500141,0.008929608147,0.01891343792
192.2,0.006283185307,0.04805047202,0.04221129788,0.009377493531,0.01832164995
192.25,0.006283185307,0.04770289699,0.04247210364,0.00985327579,0.01769567776
192.3,0.006283185307,0.04732995377,0.0427374592,0.01035730086,0.01703512134
192.35,0.006283185307,0.04693136699,0.04300740507,0.01088991466,0.01633958069
192.4,0.006283185307,0.04650686127,0.04328198177,0.01145146314,0.01560865578
192.45,0.006283185307,0.04605616121,0.0435612298,0.01204229222,0.01484194662
192.5,0.006283185307,0.04557899143,0.04384518968,0.01266274784,0.01403905318
192.55,0.006283185307,0.04507507656,0.04413390192,0.01331317593,0.01319957548
192.6,0.006283185307,0.0445441412,0.04442740702,0.01399392242,0.01232311349
192.65,0.006283185307,0.04398590997,0.0447257455,0.01470533324,0.01140926721
192.7,0.006283185307,0.04340010749,0.04502895786,0.01544775433,0.01045763662
192.75,0.006283185307,0.04278645837,0.04533708463,0.01622153162,0.009467821722
192.8,0.006283185307,0.04214468724,0.0456501663,0.01702701104,0.008439422503
192.85,0.006283185307,0.0414745187,0.04596824339,0.01786453853,0.007372038956
192.9,0.006283185307,0.04077567738,0.04629135642,0.01873446001,0.006265271069
192.95,0.006283185307,0.04004788788,0.04661954588,0.01963712142,0.005118718835
193,0.006283185307,0.03929087483,0.04695285229,0.02057286869,0.003931982244
193.05,0.006283185307,0.03850436284,0.04729131617,0.02154204775,0.002704661288
193.1,0.006283185307,0.03768807653,0.04763497802,0.02254500454,0.001436355956
193.15,0.006283185307,0.03684174051,0.04798387835,0.02358208498,0.0001266662409
193.2,0.006283185307,0.0359650794,0.04833805768,0.02465363502,-0.001224807867
193.25,0.006283185307,0.03505781782,0.0486975565,0.02576000058,-0.002618466377
193.3,0.006283185307,0.03411968038,0.04906241535,0.02690152759,-0.004054709299
193.35,0.006283185307,0.03315299895,0.04943176783,0.02807478399,-0.005529465136
193.4,0.006283185307,0.03219144743,0.04979387611,0.02923098514,-0.006984980237
193.45,0.006283185307,0.03124535096,0.05014518822,0.03035531341,-0.008403693231
193.5,0.006283185307,0.03031461941,0.05048578255,0.03144805904,-0.009785922733
193.55,0.006283185307,0.02939916264,0.0508157375,0.0325095123,-0.01113198736
193.6,0.006283185307,0.02849889048,0.05113513145,0.03353996344,-0.01244220572
193.65,0.006283185307,0.02761371281,0.05144404281,0.03453970271,-0.01371689643
193.7,0.006283185307,0.02674353946,0.05174254997,0.03550902038,-0.01495637812
193.75,0.006283185307,0.0258882803,0.05203073131,0.03644820669,-0.01616096938
193.8,0.006283185307,0.02504784517,0.05230866524,0.0373575519,-0.01733098884
193.85,0.006283185307,0.02422214394,0.05257643015,0.03823734627,-0.01846675511
193.9,0.006283185307,0.02341108644,0.05283410443,0.03908788005,-0.01956858681
193.95,0.006283185307,0.02261458255,0.05308176647,0.0399094435,-0.02063680256
194,0.006283185307,0.0218325421,0.05331949466,0.04070232688,-0.02167172095
194.05,0.006283185307,0.02106487495,0.05354736741,0.04146682043,-0.02267366062
194.1,0.006283185307,0.02031149096,0.0537654631,0.04220321441,-0.02364294018
194.15,0.006283185307,0.01957229998,0.05397386013,0.04291179909,-0.02457987823
194.2,0.006283185307,0.01884721186,0.05417263689,0.04359286471,-0.02548479341
194.25,0.006283185307,0.01813613646,0.05436187178,0.04424670152,-0.02635800431
194.3,0.006283185307,0.01743898362,0.05454164318,0.0448735998,-0.02719982956
194.35,0.006283185307,0.01675566321,0.0547120295,0.04547384978,-0.02801058777
194.4,0.006283185307,0.01608608506,0.05487310912,0.04604774173,-0.02879059755
194.45,0.006283185307,0.01543015905,0.05502496043,0.04659556591,-0.02954017753
194.5,0.006283185307,0.01478779502,0.05516766184,0.04711761255,-0.03025964631
194.55,0.006283185307,0.01415890282,0.05530129174,0.04761417194,-0.03094932251
194.6,0.006283185307,0.01354339231,0.05542592852,0.0480855343,-0.03160952474
194.65,0.006283185307,0.01294117334,0.05554165056,0.04853198992,-0.03224057163
194.7,0.006283185307,0.01235215576,0.05564853628,0.04895382902,-0.03284278178
194.75,0.006283185307,0.01177624943,0.05574666405,0.04935134189,-0.0334164738
194.8,0.006283185307,0.0112133642,0.05583611227,0.04972481876,-0.03396196633
194.85,0.006283185307,0.01066340993,0.05591695935,0.0500745499,-0.03447957796
194.9,0.006283185307,0.01012629645,0.05598928366,0.05040082555,-0.03496962731
194.95,0.006283185307,0.009601933643,0.0560531636,0.05070393598,-0.03543243301
195,0.006283185307,0.009090231344,0.05610867757,0.05098417145,-0.03586831366
195.05,0.006283185307,0.00859109941,0.05615590397,0.05124182219,-0.03627758787
195.1,0.006283185307,0.008104447695,0.05619492117,0.05147717848,-0.03666057427
195.15,0.006283185307,0.007630186053,0.05622580759,0.05169053057,-0.03701759147
195.2,0.006283185307,0.007168224335,0.0562486416,0.05188216871,-0.03734895808
195.25,0.006283185307,0.006718472396,0.05626350161,0.05205238315,-0.03765499272
195.3,0.006283185307,0.006280840088,0.056270466,0.05220146416,-0.037936014
195.35,0.006283185307,0.005855237265,0.05626961318,0.05232970198,-0.03819234054
195.4,0.006283185307,0.00544157378,0.05626102153,0.05243738688,-0.03842429095
195.45,0.006283185307,0.005039759486,0.05624476945,0.05252480911,-0.03863218385
195.5,0.006283185307,0.004649704236,0.05622093533,0.05259225892,-0.03881633786
195.55,0.006283185307,0.004271317884,0.05618959757,0.05264002658,-0.03897707157
195.6,0.006283185307,0.003904510281,0.05615083455,0.05266840232,-0.03911470362
195.65,0.006283185307,0.003549191283,0.05610472468,0.05267767642,-0.03922955262
195.7,0.006283185307,0.003205270742,0.05605134634,0.05266813912,-0.03932193718
195.75,0.006283185307,0.00287265851,0.05599077793,0.05264008069,-0.03939217592
195.8,0.006283185307,0.002551264442,0.05592309785,0.05259379137,-0.03944058744
195.85,0.006283185307,0.00224099839,0.05584838448,0.05252956142,-0.03946749038
195.9,0.006283185307,0.001941770207,0.05576671622,0.0524476811,-0.03947320333
195.95,0.006283185307,0.001653489748,0.05567817146,0.05234844066,-0.03945804492
196,0.006283185307,0.001376066864,0.0555828286,0.05223213036,-0.03942233376
196.05,0.006283185307,0.001109411409,0.05548076603,0.05209904046,-0.03936638847
196.1,0.006283185307,0.0008534332362,0.05537206214,0.0519494612,-0.03929052766
196.15,0.006283185307,0.0006080421988,0.05525679533,0.05178368284,-0.03919506994
196.2,0.006283185307,0.00037314815,0.05513504399,0.05160199565,-0.03908033393
196.25,0.006283185307,0.0001486609429,0.05500688651,0.05140468987,-0.03894663825
196.3,0.006283185307,-6.550956941e-05,0.05487240129,0.05119205576,-0.03879430151
196.35,0.006283185307,-0.0002694535337,0.05473166672,0.05096438358,-0.03862364232
196.4,0.006283185307,-0.0004632610968,0.0545847612,0.05072196357,-0.03843497931
196.45,0.006283185307,-0.0006470224055,0.05443176311,0.05046508601,-0.03822863107
196.5,0.006283185307,-0.0008208276067,0.05427275086,0.05019404113,-0.03800491624
196.55,0.006283185307,-0.0009847668472,0.05410780282,0.04990911921,-0.03776415342
196.6,0.006283185307,-0.001138930274,0.05393699741,0.04961061048,-0.03750666123
196.65,0.006283185307,-0.001283408034,0.05376041301,0.04929880521,-0.03723275829
196.7,0.006283185307,-0.001418290273,0.05357812801,0.04897399366,-0.0369427632
196.75,0.006283185307,-0.001543667139,0.05339022082,0.04863646607,-0.03663699459
196.8,0.006283185307,-0.001659628779,0.05319676981,0.04828651271,-0.03631577106
196.85,0.006283185307,-0.001766265339,0.05299785339,0.04792442383,-0.03597941124
196.9,0.006283185307,-0.001863666966,0.05279354995,0.04755048968,-0.03562823374
196.95,0.006283185307,-0.001951923807,0.05258393788,0.04716500052,-0.03526255717
197,0.006283185307,-0.002031126009,0.05236909558,0.04676824661,-0.03488270014
197.05,0.006283185307,-0.002101363718,0.05214910144,0.0463605182,-0.03448898128
197.1,0.006283185307,-0.002162727082,0.05192403385,0.04594210554,-0.0340817192
197.15,0.006283185307,-0.002215306247,0.0516939712,0.0455132989,-0.03366123251
197.2,0.006283185307,-0.002259191361,0.0514589919,0.04507438852,-0.03322783983
197.25,0.006283185307,-0.002294472569,0.05121917433,0.04462566467,-0.03278185977
197.3,0.006283185307,-0.00232124002,0.05097459689,0.04416741759,-0.03232361095
197.35,0.006283185307,-0.002339583859,0.05072533797,0.04369993754,-0.03185341198
197.4,0.006283185307,-0.002349594233,0.05047147596,0.04322351479,-0.03137158148
197.45,0.006283185307,-0.00235136129,0.05021308926,0.04273843958,-0.03087843806
197.5,0.006283185307,-0.002344975176,0.04995025626,0.04224500216,-0.03037430033
197.55,0.006283185307,-0.002330526037,0.04968305535,0.04174349281,-0.02985948692
197.6,0.006283185307,-0.002308104022,0.04941156493,0.04123420176,-0.02933431643
197.65,0.006283185307,-0.002277799276,0.04913586339,0.04071741927,-0.02879910748
197.7,0.006283185307,-0.002239701947,0.04885602913,0.04019343561,-0.02825417869
197.75,0.006283185307,-0.002193902181,0.04857214054,0.03966254103,-0.02769984867
197.8,0.006283185307,-0.002140490126,0.048284276,0.03912502577,-0.02713643604
197.85,0.006283185307,-0.002079555927,0.04799251393,0.0385811801,-0.02656425941
197.9,0.006283185307,-0.002011189732,0.0476969327,0.03803129428,-0.02598363739
197.95,0.006283185307,-0.001935481688,0.04739761071,0.03747565855,-0.0253948886
198,0.006283185307,-0.001852521941,0.04709462636,0.03691456317,-0.02479833166
198.05,0.006283185307,-0.001762400638,0.04678805804,0.0363482984,-0.02419428518
198.1,0.006283185307,-0.001665207927,0.04647798414,0.0357771545,-0.02358306777
198.15,0.006283185307,-0.001561033954,0.04616448306,0.03520142171,-0.02296499805
198.2,0.006283185307,-0.001449968865,0.04584763318,0.0346213903,-0.02234039464
198.25,0.006283185307,-0.001332102808,0.04552751291,0.03403735052,-0.02170957615
198.3,0.006283185307,-0.00120752593,0.04520420064,0.03344959263,-0.02107286119
198.35,0.006283185307,-0.001076328377,0.04487777475,0.03285840687,-0.02043056838
198.4,0.006283185307,-0.0009386002958,0.04454831365,0.03226408351,-0.01978301633
198.45,0.006283185307,-0.0007944318338,0.04421589573,0.0316669128,-0.01913052367
198.5,0.006283185307,-0.0006439131377,0.04388059938,0.031067185,-0.01847340899
198.55,0.006283185307,-0.0004871343542,0.04354250299,0.03046519036,-0.01781199093
198.6,0.006283185307,-0.0003241856303,0.04320168495,0.02986121914,-0.01714658809
198.65,0.006283185307,-0.0001551571126,0.04285822367,0.02925556159,-0.01647751908
198.7,0.006283185307,1.986105192e-05,0.04251219754,0.02864850797,-0.01580510253
198.75,0.006283185307,0.0002007787164,0.04216368494,0.02804034853,-0.01512965705
198.8,0.006283185307,0.0003875057342,0.04181276427,0.02743137353,-0.01445150125
198.85,0.006283185307,0.0005799519582,0.04145951393,0.02682187323,-0.01377095375
198.9,0.006283185307,0.0007780272418,0.0411040123,0.02621213787,-0.01308833316
198.95,0.006283185307,0.000981641438,0.04074633779,0.02560245772,-0.0124039581
199,0.006283185307,0.0011907044,0.04038656878,0.02499312303,-0.01171814718
199.05,0.006283185307,0.001405125981,0.04002478367,0.02438442406,-0.01103121902
199.1,0.006283185307,0.001624816035,0.03966106086,0.02377665105,-0.01034349223
199.15,0.006283185307,0.001849684413,0.03929547873,0.02317009428,-0.009655285429
199.2,0.006283185307,0.00207964097,0.03892811567,0.02256504398,-0.008966917228
199.25,0.006283185307,0.002314595559,0.0385590501,0.02196179042,-0.008278706244
199.3,0.006283185307,0.002554458033,0.03818836038,0.02136062386,-0.007590971091
199.35,0.006283185307,0.002799138245,0.03781612493,0.02076183454,-0.006904030384
199.4,0.006283185307,0.003048546047,0.03744242213,0.02016571273,-0.006218202739
199.45,0.006283185307,0.003302591295,0.03706733037,0.01957254867,-0.00553380677
199.5,0.006283185307,0.003561183839,0.03669092806,0.01898263263,-0.004851161091
199.55,0.006283185307,0.003824233535,0.03631329358,0.01839625486,-0.004170584319
199.6,0.006283185307,0.004091650234,0.03593450533,0.01781370561,-0.003492395067
199.65,0.006283185307,0.00436334379,0.03555464169,0.01723527515,-0.00281691195
199.7,0.006283185307,0.004639224057,0.03517378107,0.01666125372,-0.002144453584
199.75,0.006283185307,0.004919200887,0.03479200186,0.01609193157,-0.001475338583
199.8,0.006283185307,0.005203184133,0.03440938245,0.01552759898,-0.0008098855621
199.85,0.006283185307,0.005491083649,0.03402600124,0.01496854619,-0.000148413136
199.9,0.006283185307,0.005782809288,0.03364193661,0.01441506345,0.0005087600802
199.95,0.006283185307,0.006078270903,0.03325726696,0.01386744103,0.001161315472
200,0.006283185307,0.006377378347,0.03287207069,0.01332596918,0.001808934424
200.05,0.006283185307,0.006680041473,0.03248642619,0.01279093814,0.002451298322
200.1,0.006283185307,0.006986170135,0.03210041184,0.01226263819,0.00308808855
200.15,0.006283185307,0.007295674185,0.03171410606,0.01174135957,0.003718986495
200.2,0.006283185307,0.007608463478,0.03132758722,0.01122739254,0.004343673541
200.25,0.006283185307,0.007924447865,0.03094093372,0.01072102736,0.004961831073
200.3,0.006283185307,0.008243537201,0.03055422396,0.01022255427,0.005573140476
200.35,0.006283185307,0.008565641338,0.03016753633,0.00973226354,0.006177283135
200.4,0.006283185307,0.008890670129,0.02978094922,0.00925044542,0.006773940437
200.45,0.006283185307,0.009218533428,0.02939454103,0.008777390167,0.007362793765
200.5,0.006283185307,0.009549141088,0.02900839015,0.008313388036,0.007943524505
200.55,0.006283185307,0.009882402962,0.02862257497,0.007858729281,0.008515814042
200.6,0.006283185307,0.0102182289,0.02823717389,0.007413704159,0.009079343762
200.65,0.006283185307,0.01055652877,0.0278522653,0.006978602924,0.009633795048
200.7,0.006283185307,0.0108972124,0.02746792759,0.006553715832,0.01017884929
200.75,0.006283185307,0.01124018966,0.02708423916,0.006139333139,0.01071418786
200.8,0.006283185307,0.0115853704,0.02670127839,0.005735745099,0.01123949216
200.85,0.006283185307,0.01193266448,0.0263191237,0.005343241968,0.01175444357
200.9,0.006283185307,0.01228198174,0.02593785346,0.004962114003,0.01225872347
200.95,0.006283185307,0.01263323204,0.02555754607,0.004592651456,0.01275201325
201,0.006283185307,0.01298632523,0.02517827992,0.004235144586,0.01323399429
201.05,0.006283185307,0.01334117117,0.02480013342,0.003889883645,0.01370434798
201.1,0.006283185307,0.01369767971,0.02442318494,0.003557158891,0.01416275571
201.15,0.006283185307,0.0140557607,0.02404751289,0.003237260578,0.01460889885
201.2,0.006283185307,0.01441532399,0.02367319566,0.002930478962,0.0150424588
201.25,0.006283185307,0.01477627944,0.02330031164,0.002637104298,0.01546311693
201.3,0.006283185307,0.01513853691,0.02292893922,0.002357426842,0.01587055464
201.35,0.006283185307,0.01550200624,0.02255915681,0.002091736848,0.01626445331
201.4,0.006283185307,0.01586659728,0.02219104279,0.001840324573,0.01664449433
201.45,0.006283185307,0.0162322199,0.02182467555,0.001603480271,0.01701035907
201.5,0.006283185307,0.01659878394,0.02146013349,0.001381494198,0.01736172893
201.55,0.006283185307,0.01696619926,0.021097495,0.00117465661,0.01769828529
201.6,0.006283185307,0.01733437571,0.02073683848,0.0009832577609,0.01801970953
201.65,0.006283185307,0.01770322314,0.02037824232,0.0008075879073,0.01832568305
201.7,0.006283185307,0.01807265141,0.02002178492,0.0006479373041,0.01861588722
201.75,0.006283185307,0.01844257038,0.01966754466,0.0005045962068,0.01889000342
201.8,0.006283185307,0.01881288988,0.01931559994,0.0003778548707,0.01914771306
201.85,0.006283185307,0.01918351978,0.01896602915,0.0002680035513,0.01938869751
201.9,0.006283185307,0.01955436993,0.01861891069,0.0001753325038,0.01961263815
201.95,0.006283185307,0.01992535018,0.01827432295,0.0001001319836,0.01981921637
202,0.006283185307,0.02029637039,0.01793234433,4.269224614e-05,0.02000811356
202.05,0.006283185307,0.0206673404,0.01759305321,3.303546765e-06,0.0201790111
202.1,0.006283185307,0.02103817008,0.01725652799,-1.774385915e-05,0.02033159038
202.15,0.006283185307,0.02140876928,0.01692284707,-2.015971623e-05,0.02046553277
202.2,0.006283185307,0.02177904784,0.01659208884,-3.653769099e-06,0.02058051968
202.25,0.006283185307,0.02214891562,0.01626433169,3.20642376e-05,0.02067623248
202.3,0.006283185307,0.02251828248,0.01593965401,8.728455926e-05,0.02075235255
202.35,0.006283185307,0.02288705827,0.0156181342,0.0001622974512,0.02080856129
202.4,0.006283185307,0.02325515284,0.01529985065,0.0002573931689,0.02084454007
202.45,0.006283185307,0.02362247604,0.01498488176,0.0003728619677,0.02085997029
202.5,0.006283185307,0.02398893773,0.01467330592,0.0005089941029,0.02085453332
202.55,0.006283185307,0.02435444776,0.01436520152,0.0006660798299,0.02082791056
202.6,0.006283185307,0.02471891599,0.01406064695,0.000844409404,0.02077978338
202.65,0.006283185307,0.02508225226,0.01375972062,0.001044273081,0.02070983318
202.7,0.006283185307,0.02544436643,0.01346250091,0.001265961115,0.02061774133
202.75,0.006283185307,0.02580516836,0.01316906621,0.001509763763,0.02050318923
202.8,0.006283185307,0.02616456789,0.01287949492,0.00177597128,0.02036585826
202.85,0.006283185307,0.02652247488,0.01259386544,0.002064873921,0.0202054298
202.9,0.006283185307,0.02687879919,0.01231225615,0.002376761941,0.02002158524
202.95,0.006283185307,0.02723345066,0.01203474546,0.002711925596,0.01981400596
203,0.006283185307,0.02758633915,0.01176141174,0.003070655141,0.01958237335
203.05,0.006283185307,0.02793737451,0.01149233341,0.003453240832,0.0193263688
203.1,0.006283185307,0.0282864666,0.01122758884,0.003859972923,0.01904567369
203.15,0.006283185307,0.02863352526,0.01096725644,0.004291141671,0.0187399694
203.2,0.006283185307,0.02897846036,0.0107114146,0.004747037331,0.01840893732
203.25,0.006283185307,0.02932118174,0.01046014171,0.005227950157,0.01805225883
203.3,0.006283185307,0.02966159926,0.01021351616,0.005734170406,0.01766961532
203.35,0.006283185307,0.02999962278,0.009971616349,0.006265988333,0.01726068818
203.4,0.006283185307,0.03033516213,0.009734520671,0.006823694193,0.01682515879
203.45,0.006283185307,0.03066812719,0.009502307518,0.007407578242,0.01636270854
203.5,0.006283185307,0.03099842779,0.009275055283,0.008017930734,0.0158730188
203.55,0.006283185307,0.0313259738,0.00905284236,0.008655041926,0.01535577097
203.6,0.006283185307,0.03165067507,0.008835747143,0.009319202072,0.01481064644
203.65,0.006283185307,0.03197244145,0.008623848024,0.01001070143,0.01423732657
203.7,0.006283185307,0.03229118279,0.008417223398,0.01072983025,0.01363549277
203.75,0.006283185307,0.03260680895,0.008215951658,0.01147687879,0.01300482642
203.8,0.006283185307,0.03291922977,0.008020111197,0.01225213731,0.01234500889
203.85,0.006283185307,0.03322835512,0.007829780409,0.01305589606,0.01165572158
203.9,0.006283185307,0.03353409485,0.007645037687,0.0138884453,0.01093664588
203.95,0.006283185307,0.0338363588,0.007465961425,0.01475007528,0.01018746316
204,0.006283185307,0.03413505684,0.007292630016,0.01564107625,0.00940785481
204.05,0.006283185307,0.03443009882,0.007125121855,0.01656173848,0.00859750222
204.1,0.006283185307,0.03472139458,0.006963515333,0.01751235222,0.007756086771
204.15,0.006283185307,0.03500885398,0.006807888845,0.01849320772,0.00688328985
204.2,0.006283185307,0.03529156923,0.006659258786,0.01949226958,0.005989978522
204.25,0.006283185307,0.03556686009,0.006520651875,0.02046973952,0.005112271644
204.3,0.006283185307,0.03583457462,0.006392168626,0.02142276249,0.00425282511
204.35,0.006283185307,0.03609476798,0.006273671044,0.02235156368,0.003411501758
204.4,0.006283185307,0.03634749534,0.006165021133,0.02325636825,0.002588164425
204.45,0.006283185307,0.03659281186,0.006066080899,0.02413740137,0.001782675947
204.5,0.006283185307,0.0368307727,0.005976712347,0.02499488823,0.0009948991604
204.55,0.006283185307,0.03706143303,0.005896777483,0.02582905399,0.000224696902
204.6,0.006283185307,0.03728484802,0.005826138311,0.02664012382,-0.0005280679917
204.65,0.006283185307,0.03750107283,0.005764656837,0.02742832291,-0.001263532684
204.7,0.006283185307,0.03771016262,0.005712195065,0.02819387641,-0.001981834339
204.75,0.006283185307,0.03791217256,0.005668615001,0.02893700951,-0.002683110119
204.8,0.006283185307,0.0381071578,0.00563377865,0.02965794737,-0.003367497188
204.85,0.006283185307,0.03829517353,0.005607548018,0.03035691517,-0.00403513271
204.9,0.006283185307,0.03847627489,0.005589785109,0.03103413808,-0.004686153847
204.95,0.006283185307,0.03865051705,0.005580351929,0.03168984128,-0.005320697764
205,0.006283185307,0.03881795518,0.005579110482,0.03232424993,-0.005938901624
205.05,0.006283185307,0.03897864444,0.005585922774,0.03293758922,-0.00654090259
205.1,0.006283185307,0.03913264,0.005600650811,0.03353008431,-0.007126837825
205.15,0.006283185307,0.03927999702,0.005623156596,0.03410196037,-0.007696844494
205.2,0.006283185307,0.03942077067,0.005653302137,0.03465344258,-0.008251059759
205.25,0.006283185307,0.0395550161,0.005690949436,0.03518475611,-0.008789620784
205.3,0.006283185307,0.03968278848,0.005735960501,0.03569612613,-0.009312664732
205.35,0.006283185307,0.03980414298,0.005788197335,0.03618777782,-0.009820328768
205.4,0.006283185307,0.03991913476,0.005847521945,0.03665993635,-0.01031275005
205.45,0.006283185307,0.04002781899,0.005913796335,0.03711282689,-0.01079006575
205.5,0.006283185307,0.04013025082,0.00598688251,0.03754667462,-0.01125241303
205.55,0.006283185307,0.04022648543,0.006066642476,0.0379617047,-0.01169992905
205.6,0.006283185307,0.04031657798,0.006152938237,0.03835814231,-0.01213275097
205.65,0.006283185307,0.04040058362,0.0062456318,0.03873621263,-0.01255101595
205.7,0.006283185307,0.04047855754,0.006344585168,0.03909614082,-0.01295486117
205.75,0.006283185307,0.04055055488,0.006449660348,0.03943815206,-0.01334442379
205.8,0.006283185307,0.04061663082,0.006560719345,0.03976247152,-0.01371984096
205.85,0.006283185307,0.04067684051,0.006677624163,0.04006932437,-0.01408124985
205.9,0.006283185307,0.04073123913,0.006800236807,0.04035893579,-0.01442878763
205.95,0.006283185307,0.04077988184,0.006928419284,0.04063153095,-0.01476259145
206,0.006283185307,0.04082282379,0.007062033598,0.04088733501,-0.01508279849
206.05,0.006283185307,0.04086012016,0.007200941754,0.04112657317,-0.0153895459
206.1,0.006283185307,0.04089182611,0.007345005758,0.04134947058,-0.01568297085
206.15,0.006283185307,0.0409179968,0.007494087614,0.04155625242,-0.0159632105
206.2,0.006283185307,0.04093868741,0.007648049328,0.04174714386,-0.01623040202
206.25,0.006283185307,0.04095395308,0.007806752905,0.04192237008,-0.01648468256
206.3,0.006283185307,0.04096384899,0.00797006035,0.04208215625,-0.0167261893
206.35,0.006283185307,0.04096843029,0.008137833668,0.04222672754,-0.01695505939
206.4,0.006283185307,0.04096775217,0.008309934865,0.04235630912,-0.01717143
206.45,0.006283185307,0.04096186977,0.008486225945,0.04247112617,-0.0173754383
206.5,0.006283185307,0.04095083826,0.008666568914,0.04257140385,-0.01756722144
206.55,0.006283185307,0.04093471281,0.008850825777,0.04265736735,-0.01774691659
206.6,0.006283185307,0.04091354858,0.00903885854,0.04272924183,-0.01791466091
206.65,0.006283185307,0.04088740073,0.009230529206,0.04278725247,-0.01807059157
206.7,0.006283185307,0.04085632444,0.009425699782,0.04283162444,-0.01821484572
206.75,0.006283185307,0.04082037486,0.009624232273,0.04286258291,-0.01834756054
206.8,0.006283185307,0.04077960715,0.009825988683,0.04288035306,-0.01846887319
206.85,0.006283185307,0.04073407649,0.01003083102,0.04288516006,-0.01857892083
206.9,0.006283185307,0.04068383803,0.01023862128,0.04287722907,-0.01867784062
206.95,0.006283185307,0.04062894694,0.01044922149,0.04285678528,-0.01876576972
207,0.006283185307,0.04056945839,0.01066249363,0.04282405386,-0.01884284531
207.05,0.006283185307,0.04050542754,0.01087829971,0.04277925998,-0.01890920454
207.1,0.006283185307,0.04043690954,0.01109650175,0.0427226288,-0.01896498458
207.15,0.006283185307,0.04036395958,0.01131696174,0.04265438552,-0.01901032259
207.2,0.006283185307,0.0402866328,0.0115395417,0.04257475528,-0.01904535573
207.25,0.006283185307,0.04020498438,0.01176410362,0.04248396328,-0.01907022117
207.3,0.006283185307,0.04011906948,0.01199050951,0.04238223468,-0.01908505607
207.35,0.006283185307,0.04002894327,0.01221862138,0.04226979466,-0.01908999759
207.4,0.006283185307,0.0399346609,0.01244830123,0.04214686839,-0.0190851829
207.45,0.006283185307,0.03983627754,0.01267941107,0.04201368103,-0.01907074917
207.5,0.006283185307,0.03973384836,0.0129118129,0.04187045777,-0.01904683354
207.55,0.006283185307,0.03962742852,0.01314536873,0.04171742378,-0.0190135732
207.6,0.006283185307,0.03951707318,0.01337994056,0.04155480422,-0.01897110529
207.65,0.006283185307,0.03940283751,0.0136153904,0.04138282428,-0.018919567
207.7,0.006283185307,0.03928477667,0.01385158025,0.04120170912,-0.01885909547
207.75,0.006283185307,0.03916294583,0.01408837212,0.04101168392,-0.01878982787
207.8,0.006283185307,0.03903740015,0.01432562801,0.04081297385,-0.01871190136
207.85,0.006283185307,0.0389081948,0.01456320993,0.04060580408,-0.01862545312
207.9,0.006283185307,0.03877538493,0.01480097988,0.04039039978,-0.0185306203
207.95,0.006283185307,0.03863902572,0.01503879987,0.04016698614,-0.01842754006
208,0.006283185307,0.03849917233,0.01527653191,0.03993578831,-0.01831634957
208.05,0.006283185307,0.03835587992,0.01551403799,0.03969703148,-0.01819718599
208.1,0.006283185307,0.03820920365,0.01575118013,0.03945094082,-0.01807018649
208.15,0.006283185307,0.03805919869,0.01598782033,0.03919774149,-0.01793548823
208.2,0.006283185307,0.03790592021,0.01622382059,0.03893765868,-0.01779322837
208.25,0.006283185307,0.03774942337,0.01645904293,0.03867091755,-0.01764354408
208.3,0.006283185307,0.03758976333,0.01669334933,0.03839774328,-0.01748657252
208.35,0.006283185307,0.03742699525,0.01692660182,0.03811836104,-0.01732245085
208.4,0.006283185307,0.03726117431,0.01715866239,0.037832996,-0.01715131623
208.45,0.006283185307,0.03709235566,0.01738939306,0.03754187334,-0.01697330584
208.5,0.006283185307,0.03692059447,0.01761865581,0.03724521822,-0.01678855683
208.55,0.006283185307,0.03674594591,0.01784631267,0.03694325583,-0.01659720636
208.6,0.006283185307,0.03656846513,0.01807222564,0.03663621132,-0.01639939161
208.65,0.006283185307,0.0363882073,0.01829625671,0.03632430989,-0.01619524973
208.7,0.006283185307,0.03620522759,0.0185182679,0.03600777669,-0.01598491788
208.75,0.006283185307,0.03601958116,0.01873812122,0.03568683691,-0.01576853324
208.8,0.006283185307,0.03583132318,0.01895567866,0.03536171571,-0.01554623296
208.85,0.006283185307,0.0356405088,0.01917080223,0.03503263827,-0.01531815421
208.9,0.006283185307,0.03544719319,0.01938335394,0.03469982976,-0.01508443414
208.95,0.006283185307,0.03525143153,0.01959319579,0.03436351535,-0.01484520994
209,0.006283185307,0.03505327896,0.01980018978,0.03402392022,-0.01460061875
209.05,0.006283185307,0.03485279066,0.02000419793,0.03368126953,-0.01435079774
209.1,0.006283185307,0.03465002178,0.02020508224,0.03333578847,-0.01409588407
209.15,0.006283185307,0.0344450275,0.02040270471,0.0329877022,-0.01383601491
209.2,0.006283185307,0.03423786298,0.02059692735,0.03263723589,-0.01357132743
209.25,0.006283185307,0.03402858338,0.02078761216,0.03228461473,-0.01330195878
209.3,0.006283185307,0.03381724387,0.02097462115,0.03193006388,-0.01302804612
209.35,0.006283185307,0.0336038996,0.02115781632,0.03157380851,-0.01274972663
209.4,0.006283185307,0.03338860575,0.02133705968,0.0312160738,-0.01246713747
209.45,0.006283185307,0.03317141748,0.02151221324,0.03085708492,-0.01218041579
209.5,0.006283185307,0.03295238995,0.02168313899,0.03049706704,-0.01188969876
209.55,0.006283185307,0.03273157833,0.02184969895,0.03013624534,-0.01159512355
209.6,0.006283185307,0.03250903778,0.02201175511,0.02977484498,-0.01129682732
209.65,0.006283185307,0.03228482347,0.02216916949,0.02941309115,-0.01099494723
209.7,0.006283185307,0.03205899055,0.02232180409,0.02905120901,-0.01068962045
209.75,0.006283185307,0.0318315942,0.02246952092,0.02868942374,-0.01038098413
209.8,0.006283185307,0.03160268957,0.02261218197,0.0283279605,-0.01006917545
209.85,0.006283185307,0.03137233184,0.02274964926,0.02796704448,-0.009754331565
209.9,0.006283185307,0.03114057616,0.02288178479,0.02760690084,-0.009436589638
209.95,0.006283185307,0.0309074777,0.02300845057,0.02724775476,-0.009116086834
210,0.006283185307,0.03067309163,0.02312950859,0.02688983141,-0.008792960316
210.05,0.006283185307,0.0304374731,0.02324482088,0.02653335597,-0.008467347248
210.1,0.006283185307,0.03020067729,0.02335424942,0.02617855359,-0.008139384793
210.15,0.006283185307,0.02996275936,0.02345765623,0.02582564947,-0.007809210115
210.2,0.006283185307,0.02972377446,0.02355490331,0.02547486877,-0.007476960376
210.25,0.006283185307,0.02948377777,0.02364585266,0.02512643666,-0.007142772741
210.3,0.006283185307,0.02924282446,0.0237303663,0.02478057832,-0.006806784373
210.35,0.006283185307,0.02900096967,0.02380830622,0.02443751892,-0.006469132435
210.4,0.006283185307,0.02875826858,0.02387953444,0.02409748362,-0.006129954091
210.45,0.006283185307,0.02851477635,0.02394391295,0.02376069762,-0.005789386503
210.5,0.006283185307,0.02827054815,0.02400130377,0.02342738607,-0.005447566837
210.55,0.006283185307,0.02802563914,0.02405156889,0.02309777415,-0.005104632255
210.6,0.006283185307,0.02778010449,0.02409457033,0.02277208704,-0.00476071992
210.65,0.006283185307,0.02753399935,0.02413017008,0.02245054989,-0.004415966996
210.7,0.006283185307,0.02728737889,0.02415823016,0.0221333879,-0.004070510646
210.75,0.006283185307,0.02704029829,0.02417861256,0.02182082623,-0.003724488034
210.8,0.006283185307,0.02679281269,0.0241911793,0.02151309006,-0.003378036323
210.85,0.006283185307,0.02654497727,0.02419579237,0.02121040454,-0.003031292677
210.9,0.006283185307,0.02629684719,0.02419231379,0.02091299487,-0.002684394259
210.95,0.006283185307,0.02604847761,0.02418060556,0.02062108621,-0.002337478233
211,0.006283185307,0.0257999237,0.02416052968,0.02033490374,-0.001990681761
211.05,0.006283185307,0.02555124062,0.02413194816,0.02005467262,-0.001644142008
211.1,0.006283185307,0.02530248353,0.02409472301,0.01978061804,-0.001297996136
211.15,0.006283185307,0.02505370761,0.02404871622,0.01951296515,-0.0009523813103
211.2,0.006283185307,0.02480496801,0.02399378981,0.01925193914,-0.0006074346929
211.25,0.006283185307,0.0245563199,0.02392980578,0.01899776518,-0.0002632934476
211.3,0.006283185307,0.02430781844,0.02385662613,0.01875066844,7.990526217e-05
211.35,0.006283185307,0.0240595188,0.02377411287,0.0185108741,0.0004220242729
211.4,0.006283185307,0.02381147614,0.02368212801,0.01827860732,0.0007629264213
211.45,0.006283185307,0.02356374563,0.02358053355,0.01805409328,0.001102474544
211.5,0.006283185307,0.02331638242,0.0234691915,0.01783755715,0.001440531477
211.55,0.006283185307,0.02306944169,0.02334796385,0.01762922411,0.001776960057
211.6,0.006283185307,0.0228229786,0.02321671262,0.01742931933,0.002111623122
211.65,0.006283185307,0.02257704831,0.02307529981,0.01723806797,0.002444383506
211.7,0.006283185307,0.02233170598,0.02292358743,0.01705569522,0.002775104048
211.75,0.006283185307,0.02208700678,0.02276143748,0.01688242624,0.003103647583
211.8,0.006283185307,0.02184300588,0.02258871197,0.01671848622,0.003429876948
211.85,0.006283185307,0.02159975844,0.0224052729,0.01656410031,0.00375365498
211.9,0.006283185307,0.02135731962,0.02221098227,0.0164194937,0.004074844516
211.95,0.006283185307,0.02111574459,0.0220057021,0.01628489155,0.004393308391
212,0.006283185307,0.02087508851,0.02178929438,0.01616051904,0.004708909442
212.05,0.006283185307,0.02063540654,0.02156162113,0.01604660135,0.005021510506
212.1,0.006283185307,0.02039675385,0.02132254434,0.01594336364,0.00533097442
212.15,0.006283185307,0.02015918561,0.02107192603,0.01585103109,0.00563716402
212.2,0.006283185307,0.01992275697,0.02080962819,0.01576982886,0.005939942142
212.25,0.006283185307,0.01968752311,0.02053551284,0.01569998214,0.006239171624
212.3,0.006283185307,0.01945353918,0.02024944198,0.0156417161,0.006534715301
212.35,0.006283185307,0.01922086035,0.01995127761,0.0155952559,0.006826436011
212.4,0.006283185307,0.01898954179,0.01964088174,0.01556082673,0.007114196589
212.45,0.006283185307,0.01875963865,0.01931811637,0.01553865375,0.007397859873
212.5,0.006283185307,0.01853120611,0.01898284351,0.01552896214,0.007677288699
212.55,0.006283185307,0.01830429933,0.01863492516,0.01553197706,0.007952345903
212.6,0.006283185307,0.01807897346,0.01827422334,0.0155479237,0.008222894323
212.65,0.006283185307,0.01785528369,0.01790060004,0.01557702722,0.008488796795
212.7,0.006283185307,0.01763328516,0.01751391726,0.0156195128,0.008749916154
212.75,0.006283185307,0.01741303304,0.01711403703,0.01567560561,0.009006115239
212.8,0.006283185307,0.0171945825,0.01670082133,0.01574553083,0.009257256885
212.85,0.006283185307,0.01697798871,0.01627413218,0.01582951361,0.009503203928
212.9,0.006283185307,0.01676330682,0.01583383157,0.01592777915,0.009743819207
212.95,0.006283185307,0.016550592,0.01537978153,0.01604055261,0.009978965556
213,0.006283185307,0.01633989941,0.01491184404,0.01616805916,0.01020850581
213.05,0.006283185307,0.01613128423,0.01442988112,0.01631052398,0.01043230281
213.1,0.006283185307,0.0159248016,0.01393375477,0.01646817224,0.0106502194
213.15,0.006283185307,0.01572050671,0.013423327,0.01664122911,0.0108621184
213.2,0.006283185307,0.0155184547,0.01289845981,0.01682991977,0.01106786265
213.25,0.006283185307,0.01531870075,0.0123590152,0.01703446938,0.01126731499
213.3,0.006283185307,0.01512130002,0.01180485519,0.01725510312,0.01146033826
213.35,0.006283185307,0.01492630767,0.01123584177,0.01749204617,0.0116467953
213.4,0.006283185307,0.01473377887,0.01065183695,0.01774552369,0.01182654893
213.45,0.006283185307,0.01454376879,0.01005270274,0.01801576086,0.01199946201
213.5,0.006283185307,0.01435633258,0.009438301148,0.01830298285,0.01216539735
213.55,0.006283185307,0.0141715254,0.00880849417,0.01860741484,0.0123242178
213.6,0.006283185307,0.01398940244,0.008163143814,0.01892928199,0.01247578621
213.65,0.006283185307,0.01381001884,0.007502112085,0.01926880948,0.01261996539
213.7,0.006283185307,0.01363342978,0.00682526099,0.01962622249,0.01275661819
213.75,0.006283185307,0.01345969041,0.006132452532,0.02000174618,0.01288560745
213.8,0.006283185307,0.0132888559,0.005423548718,0.02039560572,0.01300679601
213.85,0.006283185307,0.01312098142,0.004698411552,0.0208080263,0.01312004669
213.9,0.006283185307,0.01295612213,0.00395690304,0.02123923308,0.01322522234
213.95,0.006283185307,0.01279433319,0.003198885187,0.02168945124,0.01332218579
214,0.006283185307,0.01263566977,0.002424219997,0.02215890594,0.01341079987
214.05,0.006283185307,0.01248018703,0.001632769477,0.02264782237,0.01349092744
214.1,0.006283185307,0.01232794014,0.000824395631,0.02315642569,0.01356243132
214.15,0.006283185307,0.01217898426,-1.039535608e-06,0.02368494107,0.01362517434
214.2,0.006283185307,0.01203337455,-0.0008436740177,0.0242335937,0.01367901935
214.25,0.006283185307,0.01189116618,-0.00170364581,0.02480260874,0.01372382918
214.3,0.006283185307,0.01175241431,-0.002581092907,0.02539221136,0.01375946667
214.35,0.006283185307,0.01161717411,-0.003476153305,0.02600262674,0.01378579466
214.4,0.006283185307,0.01148550075,-0.004388964997,0.02663408005,0.01380267598
214.45,0.006283185307,0.01135744937,-0.005319665978,0.02728679646,0.01380997346
214.5,0.006283185307,0.01123307516,-0.006268394244,0.02796100115,0.01380754995
214.55,0.006283185307,0.01111243327,-0.007235287789,0.02865691929,0.01379526828
214.6,0.006283185307,0.01099557887,-0.008220484608,0.02937477605,0.01377299129
214.65,0.006283185307,0.01088256712,-0.009224122697,0.0301147966,0.01374058181
214.7,0.006283185307,0.01077345319,-0.01024634005,0.03087720612,0.01369790269
214.75,0.006283185307,0.01066829224,-0.01128727466,0.03166222978,0.01364481675
214.8,0.006283185307,0.01056713943,-0.01234706452,0.03247009276,0.01358118683
214.85,0.006283185307,0.01047004993,-0.01342584763,0.03330102021,0.01350687578
214.9,0.006283185307,0.0103770789,-0.01452376199,0.03415523733,0.01342174642
214.95,0.006283185307,0.01028828151,-0.01564094558,0.03503296927,0.0133256616
215,0.006283185307,0.01020371292,-0.01677753641,0.03593444122,0.01321848415
215.05,0.006283185307,0.01012242758,-0.01790850209,0.03683468003,0.01310409387
215.1,0.006283185307,0.01004341262,-0.01900891554,0.03770873021,0.01298649691
215.15,0.006283185307,0.009966622222,-0.02007907268,0.03855684338,0.01286574561
215.2,0.006283185307,0.009892010592,-0.02111926944,0.03937927117,0.01274189231
215.25,0.006283185307,0.00981953192,-0.02212980174,0.04017626522,0.01261498934
215.3,0.006283185307,0.009749140399,-0.02311096551,0.04094807714,0.01248508904
215.35,0.006283185307,0.009680790224,-0.02406305669,0.04169495858,0.01235224375
215.4,0.006283185307,0.009614435586,-0.02498637118,0.04241716116,0.01221650582
215.45,0.006283185307,0.009550030681,-0.02588120492,0.04311493652,0.01207792758
215.5,0.006283185307,0.009487529701,-0.02674785384,0.04378853627,0.01193656137
215.55,0.006283185307,0.00942688684,-0.02758661386,0.04443821205,0.01179245952
215.6,0.006283185307,0.009368056292,-0.0283977809,0.0450642155,0.01164567438
215.65,0.006283185307,0.009310992249,-0.0291816509,0.04566679823,0.01149625829
215.7,0.006283185307,0.009255648906,-0.02993851978,0.04624621189,0.01134426358
215.75,0.006283185307,0.009201980457,-0.03066868346,0.0468027081,0.01118974259
215.8,0.006283185307,0.009149941094,-0.03137243788,0.04733653848,0.01103274767
215.85,0.006283185307,0.009099485011,-0.03205007895,0.04784795468,0.01087333115
215.9,0.006283185307,0.009050566402,-0.0327019026,0.04833720831,0.01071154537
215.95,0.006283185307,0.00900313946,-0.03332820477,0.04880455101,0.01054744267
216,0.006283185307,0.008957158379,-0.03392928137,0.04925023441,0.01038107538
216.05,0.006283185307,0.008912577352,-0.03450542833,0.04967451014,0.01021249585
216.1,0.006283185307,0.008869350573,-0.03505694158,0.05007762982,0.01004175642
216.15,0.006283185307,0.008827432235,-0.03558411705,0.0504598451,0.009868909421
216.2,0.006283185307,0.008786776533,-0.03608725065,0.05082140759,0.009694007196
216.25,0.006283185307,0.008747337658,-0.03656663832,0.05116256892,0.009517102084
216.3,0.006283185307,0.008709069806,-0.03702257598,0.05148358074,0.009338246422
216.35,0.006283185307,0.008671927168,-0.03745535956,0.05178469466,0.00915749255
216.4,0.006283185307,0.00863586394,-0.03786528499,0.05206616231,0.008974892807
216.45,0.006283185307,0.008600834315,-0.03825264818,0.05232823534,0.008790499532
216.5,0.006283185307,0.008566792485,-0.03861774508,0.05257116535,0.008604365063
216.55,0.006283185307,0.008533692645,-0.03896087159,0.05279520399,0.008416541739
216.6,0.006283185307,0.008501488988,-0.03928232365,0.05300060289,0.0082270819
216.65,0.006283185307,0.008470135708,-0.03958239719,0.05318761367,0.008036037884
216.7,0.006283185307,0.008439586998,-0.03986138813,0.05335648797,0.007843462029
216.75,0.006283185307,0.008409797051,-0.04011959239,0.05350747741,0.007649406676
216.8,0.006283185307,0.008380720062,-0.04035730591,0.05364083362,0.007453924162
216.85,0.006283185307,0.008352310223,-0.0405748246,0.05375680824,0.007257066827
216.9,0.006283185307,0.008324521729,-0.0407724444,0.05385565289,0.00705888701
216.95,0.006283185307,0.008297308772,-0.04095046124,0.0539376192,0.006859437048
217,0.006283185307,0.008270625547,-0.04110917103,0.05400295881,0.006658769282
217.05,0.006283185307,0.008244426246,-0.0412488697,0.05405192333,0.00645693605
217.1,0.006283185307,0.008218665064,-0.04136985318,0.05408476441,0.006253989691
217.15,0.006283185307,0.008193296194,-0.0414724174,0.05410173368,0.006049982544
217.2,0.006283185307,0.008168273829,-0.04155685827,0.05410308275,0.005844966948
217.25,0.006283185307,0.008143552163,-0.04162347174,0.05408906326,0.005638995241
217.3,0.006283185307,0.00811908539,-0.04167255372,0.05405992685,0.005432119762
217.35,0.006283185307,0.008094827702,-0.04170440014,0.05401592513,0.005224392851
217.4,0.006283185307,0.008070733294,-0.04171930692,0.05395730974,0.005015866846
217.45,0.006283185307,0.00804675636,-0.04171757,0.05388433232,0.004806594086
217.5,0.006283185307,0.008022851091,-0.04169948529,0.05379724448,0.00459662691
217.55,0.006283185307,0.007998971683,-0.04166534873,0.05369629787,0.004386017656
217.6,0.006283185307,0.007975072328,-0.04161545624,0.0535817441,0.004174818665
217.65,0.006283185307,0.007951107221,-0.04155010374,0.05345383481,0.003963082273
217.7,0.006283185307,0.007927030554,-0.04146958717,0.05331282163,0.003750860822
217.75,0.006283185307,0.007902796522,-0.04137420244,0.05315895619,0.003538206648
217.8,0.006283185307,0.007878359317,-0.04126424549,0.05299249011,0.003325172092
217.85,0.006283185307,0.007853673133,-0.04114001224,0.05281367504,0.003111809491
217.9,0.006283185307,0.007828692165,-0.04100179861,0.05262276259,0.002898171186
217.95,0.006283185307,0.007803370604,-0.04084990054,0.0524200044,0.002684309514
218,0.006283185307,0.007777662646,-0.04068461395,0.05220565209,0.002470276815
218.05,0.006283185307,0.007751522482,-0.04050623476,0.0519799573,0.002256125427
218.1,0.006283185307,0.007724904308,-0.0403150589,0.05174317166,0.002041907689
218.15,0.006283185307,0.007697762316,-0.04011138229,0.05149554679,0.001827675941
218.2,0.006283185307,0.0076700507,-0.03989550088,0.05123733433,0.001613482521
218.25,0.006283185307,0.007641723654,-0.03966771056,0.0509687859,0.001399379768
218.3,0.006283185307,0.00761273537,-0.03942830729,0.05069015314,0.001185420021
218.35,0.006283185307,0.007583040044,-0.03917758697,0.05040168767,0.0009716556181
218.4,0.006283185307,0.007552591867,-0.03891584555,0.05010364113,0.000758138899
218.45,0.006283185307,0.007521345034,-0.03864337893,0.04979626514,0.0005449222024
218.5,0.006283185307,0.007489253737,-0.03836048306,0.04947981134,0.0003320578671
218.55,0.006283185307,0.007456272172,-0.03806745385,0.04915453135,0.000119598232
218.6,0.006283185307,0.007422354531,-0.03776458723,0.0488206768,-9.240436406e-05
218.65,0.006283185307,0.007387455007,-0.03745217913,0.04847849932,-0.0003038975822
218.7,0.006283185307,0.007351527795,-0.03713052547,0.04812825055,-0.0005148290836
218.75,0.006283185307,0.007314527087,-0.03679992218,0.04777018211,-0.0007251465293
218.8,0.006283185307,0.007276407078,-0.03646066519,0.04740454563,-0.0009347975804
218.85,0.006283185307,0.00723712196,-0.03611305042,0.04703159275,-0.001143729898
218.9,0.006283185307,0.007196625928,-0.0357573738,0.04665157508,-0.001351891144
218.95,0.006283185307,0.007154873175,-0.03539393125,0.04626474427,-0.001559228978
219,0.006283185307,0.007111817894,-0.0350230187,0.04587135194,-0.001765691062
219.05,0.006283185307,0.007067414279,-0.03464493208,0.04547164971,-0.001971225058
219.1,0.006283185307,0.007021616523,-0.03425996731,0.04506588923,-0.002175778626
219.15,0.006283185307,0.006974378821,-0.03386842032,0.04465432212,-0.002379299427
219.2,0.006283185307,0.006925655364,-0.03347058703,0.04423720001,-0.002581735122
219.25,0.006283185307,0.006875400348,-0.03306676337,0.04381477453,-0.002783033374
219.3,0.006283185307,0.006823567966,-0.03265724527,0.0433872973,-0.002983141842
219.35,0.006283185307,0.00677011241,-0.03224232865,0.04295501997,-0.003182008188
219.4,0.006283185307,0.006714987876,-0.03182230944,0.04251819415,-0.003379580073
219.45,0.006283185307,0.006658148555,-0.03139748356,0.04207707148,-0.003575805158
219.5,0.006283185307,0.006599548642,-0.03096814695,0.0416319036,-0.003770631104
219.55,0.006283185307,0.00653914233,-0.03053459552,0.04118294211,-0.003964005573
219.6,0.006283185307,0.006476883813,-0.0300971252,0.04073043867,-0.004155876225
219.65,0.006283185307,0.006412727284,-0.02965603193,0.04027464489,-0.004346190722
219.7,0.006283185307,0.006346626937,-0.02921161161,0.03981581241,-0.004534896725
219.75,0.006283185307,0.006278536965,-0.02876416019,0.03935419286,-0.004721941895
219.8,0.006283185307,0.006208411562,-0.02831397359,0.03889003786,-0.004907273893
219.85,0.006283185307,0.006136204922,-0.02786134773,0.03842359905,-0.00509084038
219.9,0.006283185307,0.006061871237,-0.02740657854,0.03795512805,-0.005272589017
219.95,0.006283185307,0.005985364702,-0.02694996194,0.0374848765,-0.005452467466
220,0.006283185307,0.005906639509,-0.02649179387,0.03701309602,-0.005630423388
220.05,0.006283185307,0.005825649853,-0.02603237024,0.03654003825,-0.005806404443
220.1,0.006283185307,0.005742349928,-0.02557198698,0.03606595482,-0.005980358293
220.15,0.006283185307,0.005656693925,-0.02511094003,0.03559109734,-0.006152232599
220.2,0.006283185307,0.00556863604,-0.0246495253,0.03511571747,-0.006321975022
220.25,0.006283185307,0.005478130465,-0.02418803873,0.03464006681,-0.006489533223
220.3,0.006283185307,0.005385131394,-0.02372677623,0.03416439701,-0.006654854864
220.35,0.006283185307,0.005289593021,-0.02326603373,0.03368895969,-0.006817887605
220.4,0.006283185307,0.005191469539,-0.02280610717,0.03321400648,-0.006978579108
220.45,0.006283185307,0.005090715142,-0.02234729246,0.03273978902,-0.007136877034
220.5,0.006283185307,0.004987284023,-0.02188988553,0.03226655893,-0.007292729043
220.55,0.006283185307,0.004881130376,-0.02143418231,0.03179456784,-0.007446082798
220.6,0.006283185307,0.004772208394,-0.02098047873,0.03132406738,-0.007596885958
220.65,0.006283185307,0.004660472271,-0.0205290707,0.03085530919,-0.007745086186
220.7,0.006283185307,0.0045458762,-0.02008025416,0.03038854488,-0.007890631143
220.75,0.006283185307,0.004428374375,-0.01963432504,0.0299240261,-0.008033468488
220.8,0.006283185307,0.004307920989,-0.01919157925,0.02946200446,-0.008173545885
220.85,0.006283185307,0.004184470236,-0.01875231273,0.02900273161,-0.008310810993
220.9,0.006283185307,0.00405797631,-0.0183168214,0.02854645917,-0.008445211475
220.95,0.006283185307,0.003928393404,-0.01788540118,0.02809343876,-0.00857669499
221,0.006283185307,0.003795675711,-0.01745834801,0.02764392203,-0.0087052092
221.05,0.006283185307,0.003659777425,-0.01703595781,0.02719816059,-0.008830701767
221.1,0.006283185307,0.00352065274,-0.0166185265,0.02675640608,-0.008953120351
221.15,0.006283185307,0.003378255848,-0.01620635001,0.02631891013,-0.009072412614
221.2,0.006283185307,0.003232540945,-0.01579972427,0.02588592437,-0.009188526217
221.25,0.006283185307,0.003083462222,-0.0153989452,0.02545770043,-0.00930140882
221.3,0.006283185307,0.002930973874,-0.01500430874,0.02503448994,-0.009411008086
221.35,0.006283185307,0.002775030094,-0.01461611079,0.02461654452,-0.009517271674
221.4,0.006283185307,0.002615585076,-0.0142346473,0.02420411581,-0.009620147247
221.45,0.006283185307,0.002452593014,-0.01386021419,0.02379745543,-0.009719582465
221.5,0.006283185307,0.0022860081,-0.01349310738,0.02339681502,-0.009815524989
221.55,0.006283185307,0.002115784528,-0.0131336228,0.02300244621,-0.009907922481
221.6,0.006283185307,0.001941876492,-0.01278205637,0.02261460062,-0.009996722602
221.65,0.006283185307,0.001764238185,-0.01243870403,0.02223352989,-0.01008187301
221.7,0.006283185307,0.001582823801,-0.0121038617,0.02185948565,-0.01016332137
221.75,0.006283185307,0.001397587534,-0.01177782529,0.02149271952,-0.01024101535
221.8,0.006283185307,0.001208483577,-0.01146089075,0.02113348313,-0.0103149026
221.85,0.006283185307,0.001015466123,-0.011153354,0.02078202812,-0.01038493078
221.9,0.006283185307,0.0008184893656,-0.01085551095,0.02043860611,-0.01045104755
221.95,0.006283185307,0.0006175074991,-0.01056765755,0.02010346874,-0.01051320059
222,0.006283185307,0.0004124747166,-0.01029008971,0.01977686763,-0.01057133754
222.05,0.006283185307,0.0002033452116,-0.01002310336,0.01945905441,-0.01062540607
222.1,0.006283185307,-9.926822226e-06,-0.009766994423,0.01915028071,-0.01067535384
222.15,0.006283185307,-0.0002273871915,-0.009522058831,0.01885079817,-0.01072112851
222.2,0.006283185307,-0.0004490817026,-0.009288592507,0.01856085841,-0.01076267775
222.25,0.006283185307,-0.000675056162,-0.009066891379,0.01828071307,-0.0107999492
222.3,0.006283185307,-0.0009053563763,-0.008857251371,0.01801061376,-0.01083289055
222.35,0.006283185307,-0.001140028152,-0.00865996841,0.01775081212,-0.01086144943
222.4,0.006283185307,-0.001379117295,-0.008475338421,0.01750155979,-0.01088557353
222.45,0.006283185307,-0.001622669613,-0.008303657331,0.01726310839,-0.01090521049
222.5,0.006283185307,-0.001870730911,-0.008145221067,0.01703570955,-0.01092030798
222.55,0.006283185307,-0.002123346996,-0.008000325553,0.0168196149,-0.01093081366
222.6,0.006283185307,-0.002380563675,-0.007869266717,0.01661507606,-0.0109366752
222.65,0.006283185307,-0.002642426754,-0.007752340483,0.01642234468,-0.01093784024
222.7,0.006283185307,-0.00290898204,-0.007649842779,0.01624167238,-0.01093425646
222.75,0.006283185307,-0.003180275339,-0.00756206953,0.01607331079,-0.01092587151
222.8,0.006283185307,-0.003456352457,-0.007489316663,0.01591751153,-0.01091263306
222.85,0.006283185307,-0.003737259202,-0.007431880103,0.01577452625,-0.01089448877
222.9,0.006283185307,-0.004023041378,-0.007390055777,0.01564460656,-0.0108713863
222.95,0.006283185307,-0.004313744794,-0.00736413961,0.0155280041,-0.0108432733
223,0.006283185307,-0.004609415255,-0.007354427529,0.0154249705,-0.01081009744
223.05,0.006283185307,-0.004910098568,-0.007361215459,0.01533575738,-0.01077180639
223.1,0.006283185307,-0.00521584054,-0.007384799328,0.01526061638,-0.0107283478
223.15,0.006283185307,-0.005526686976,-0.00742547506,0.01519979913,-0.01067966933
223.2,0.006283185307,-0.005842683684,-0.007483538582,0.01515355726,-0.01062571865
223.25,0.006283185307,-0.006163876469,-0.00755928582,0.01512214239,-0.01056644341
223.3,0.006283185307,-0.006490311139,-0.007653012701,0.01510580616,-0.01050179128
223.35,0.006283185307,-0.006822033499,-0.007765015149,0.01510480019,-0.01043170992
223.4,0.006283185307,-0.007159089357,-0.007895589092,0.01511937612,-0.01035614699
223.45,0.006283185307,-0.007501524518,-0.008045030455,0.01514978557,-0.01027505015
223.5,0.006283185307,-0.00784938479,-0.008213635164,0.01519628018,-0.01018836706
223.55,0.006283185307,-0.008202715978,-0.008401699146,0.01525911158,-0.01009604538
223.6,0.006283185307,-0.008561563889,-0.008609518327,0.01533853138,-0.00999803278
223.65,0.006283185307,-0.008925974329,-0.008837388632,0.01543479123,-0.009894276912
223.7,0.006283185307,-0.009295993106,-0.009085605988,0.01554814276,-0.00978472544
223.75,0.006283185307,-0.009671666026,-0.00935446632,0.01567883759,-0.009669326026
223.8,0.006283185307,-0.01005303889,-0.009644265555,0.01582712735,-0.00954802633
223.85,0.006283185307,-0.01044015752,-0.009955299619,0.01599326367,-0.009420774014
223.9,0.006283185307,-0.0108330677,-0.01028786444,0.01617749819,-0.009287516739
223.95,0.006283185307,-0.01123181526,-0.01064225594,0.01638008253,-0.009148202165
224,0.006283185307,-0.01163644599,-0.01101877005,0.01660126832,-0.009002777955
224.05,0.006283185307,-0.0120470057,-0.01141770269,0.01684130719,-0.008851191768
224.1,0.006283185307,-0.01246354019,-0.01183934979,0.01710045077,-0.008693391267
224.15,0.006283185307,-0.01288609529,-0.01228400727,0.0173789507,-0.008529324112
224.2,0.006283185307,-0.01331471678,-0.01275197107,0.01767705859,-0.008358937965
224.25,0.006283185307,-0.01374945048,-0.0132435371,0.01799502608,-0.008182180486
224.3,0.006283185307,-0.0141903422,-0.0137590013,0.01833310481,-0.007998999337
224.35,0.006283185307,-0.01463743773,-0.01429865959,0.0186915464,-0.007809342179
224.4,0.006283185307,-0.01509078289,-0.01486280789,0.01907060247,-0.007613156673
224.45,0.006283185307,-0.01555042348,-0.01545174213,0.01947052466,-0.00741039048
224.5,0.006283185307,-0.01601640532,-0.01606575824,0.01989156461,-0.007200991261
224.55,0.006283185307,-0.0164887742,-0.01670515215,0.02033397393,-0.006984906678
224.6,0.006283185307,-0.01696757593,-0.01737021978,0.02079800426,-0.006762084391
224.65,0.006283185307,-0.01745285632,-0.01806125705,0.02128390723,-0.006532472062
224.7,0.006283185307,-0.01794466118,-0.01877855989,0.02179193446,-0.006296017352
224.75,0.006283185307,-0.01844303631,-0.01952242423,0.02232233759,-0.006052667922
224.8,0.006283185307,-0.01894802752,-0.020293146,0.02287536825,-0.005802371433
224.85,0.006283185307,-0.01945968061,-0.02109102112,0.02345127807,-0.005545075546
224.9,0.006283185307,-0.01997804139,-0.02191634551,0.02405031868,-0.005280727922
224.95,0.006283185307,-0.02050315567,-0.02276941511,0.0246727417,-0.005009276223
225,0.006283185307,-0.02103506926,-0.02365052583,0.02531879876,-0.004730668109
225.05,0.006283185307,-0.02157382795,-0.02455997361,0.0259887415,-0.004444851242
225.1,0.006283185307,-0.02211947757,-0.02549805437,0.02668282155,-0.004151773283
225.15,0.006283185307,-0.02267206391,-0.02646506404,0.02740129053,-0.003851381892
225.2,0.006283185307,-0.02323163277,-0.02746129853,0.02814440008,-0.003543624732
225.25,0.006283185307,-0.02379822998,-0.02848705379,0.02891240182,-0.003228449464
225.3,0.006283185307,-0.02437190133,-0.02954262574,0.02970554739,-0.002905803747
225.35,0.006283185307,-0.02495269262,-0.03062831029,0.03052408841,-0.002575635244
225.4,0.006283185307,-0.02554064968,-0.03174440338,0.03136827652,-0.002237891616
225.45,0.006283185307,-0.02613581829,-0.03289120093,0.03223836333,-0.001892520523
225.5,0.006283185307,-0.02673824428,-0.03406899888,0.03313460049,-0.001539469627
225.55,0.006283185307,-0.02734797344,-0.03527809314,0.03405723963,-0.001178686589
225.6,0.006283185307,-0.02796505158,-0.03651877964,0.03500653236,-0.0008101190707
225.65,0.006283185307,-0.02858952451,-0.0377913543,0.03598273033,-0.0004337147324
225.7,0.006283185307,-0.02922143804,-0.03909611307,0.03698608516,-4.942123539e-05
225.75,0.006283185307,-0.02986083797,-0.04043335185,0.03801684849,0.0003428137591
225.8,0.006283185307,-0.0305077701,-0.04180336657,0.03907527193,0.0007430425898
225.85,0.006283185307,-0.03116077334,-0.04320176457,0.04015811434,0.001150368061
225.9,0.006283185307,-0.03180034896,-0.04456795307,0.04122024552,0.00155249713
225.95,0.006283185307,-0.03242065691,-0.04588367074,0.04224802209,0.001945679517
226,0.006283185307,-0.0330218961,-0.04714942637,0.04324177786,0.002329962722
226.05,0.006283185307,-0.03360426547,-0.04836572881,0.04420184667,0.002705394245
226.1,0.006283185307,-0.03416796396,-0.04953308685,0.04512856236,0.003072021585
226.15,0.006283185307,-0.03471319049,-0.05065200934,0.04602225876,0.003429892243
226.2,0.006283185307,-0.03524014399,-0.05172300507,0.04688326968,0.003779053719
226.25,0.006283185307,-0.03574902339,-0.05274658287,0.04771192898,0.004119553512
226.3,0.006283185307,-0.03624002762,-0.05372325157,0.04850857047,0.004451439122
226.35,0.006283185307,-0.03671335562,-0.05465351997,0.04927352799,0.004774758049
226.4,0.006283185307,-0.03716920632,-0.05553789689,0.05000713537,0.005089557794
226.45,0.006283185307,-0.03760777864,-0.05637689117,0.05070972644,0.005395885855
226.5,0.006283185307,-0.03802927151,-0.0571710116,0.05138163503,0.005693789734
226.55,0.006283185307,-0.03843388387,-0.05792076702,0.05202319498,0.005983316929
226.6,0.006283185307,-0.03882181465,-0.05862666625,0.05263474011,0.006264514941
226.65,0.006283185307,-0.03919326278,-0.05928921809,0.05321660425,0.006537431269
226.7,0.006283185307,-0.03954842718,-0.05990893137,0.05376912124,0.006802113415
226.75,0.006283185307,-0.03988750679,-0.0604863149,0.05429262491,0.007058608876
226.8,0.006283185307,-0.04021070055,-0.06102187752,0.05478744909,0.007306965154
226.85,0.006283185307,-0.04051820737,-0.06151612803,0.0552539276,0.007547229748
226.9,0.006283185307,-0.04081022619,-0.06196957525,0.05569239429,0.007779450158
226.95,0.006283185307,-0.04108695594,-0.062382728,0.05610318297,0.008003673885
227,0.006283185307,-0.04134859555,-0.06275609511,0.05648662749,0.008219948427
227.05,0.006283185307,-0.04159534396,-0.06309018538,0.05684306168,0.008428321285
227.1,0.006283185307,-0.04182740009,-0.06338550765,0.05717281935,0.008628839959
227.15,0.006283185307,-0.04204496287,-0.06364257072,0.05747623436,0.008821551949
227.2,0.006283185307,-0.04224823123,-0.06386188341,0.05775364052,0.009006504754
227.25,0.006283185307,-0.04243740411,-0.06404395456,0.05800537167,0.009183745875
227.3,0.006283185307,-0.04261268044,-0.06418929296,0.05823176163,0.009353322811
227.35,0.006283185307,-0.04277425914,-0.06429840744,0.05843314425,0.009515283062
227.4,0.006283185307,-0.04292233914,-0.06437180683,0.05860985335,0.009669674129
227.45,0.006283185307,-0.04305711938,-0.06440999994,0.05876222276,0.00981654351
227.5,0.006283185307,-0.04317879879,-0.06441349558,0.05889058631,0.009955938707
227.55,0.006283185307,-0.0432875763,-0.06438280258,0.05899527784,0.01008790722
227.6,0.006283185307,-0.04338365084,-0.06431842975,0.05907663117,0.01021249654
227.65,0.006283185307,-0.04346722133,-0.06422088592,0.05913498014,0.01032975419
227.7,0.006283185307,-0.04353848671,-0.0640906799,0.05917065858,0.01043972764
227.75,0.006283185307,-0.04359764592,-0.06392832052,0.05918400032,0.01054246441
227.8,0.006283185307,-0.04364489787,-0.06373431658,0.05917533918,0.010638012
227.85,0.006283185307,-0.04368044151,-0.06350917691,0.05914500901,0.0107264179
227.9,0.006283185307,-0.04370447576,-0.06325341033,0.05909334363,0.01080772961
227.95,0.006283185307,-0.04371719955,-0.06296752566,0.05902067687,0.01088199464
228,0.006283185307,-0.04371881181,-0.06265203171,0.05892734257,0.01094926048
228.05,0.006283185307,-0.04370951147,-0.0623074373,0.05881367455,0.01100957463
228.1,0.006283185307,-0.04368949747,-0.06193425125,0.05868000665,0.0110629846
228.15,0.006283185307,-0.04365896874,-0.06153298239,0.05852667269,0.01110953788
228.2,0.006283185307,-0.0436181242,-0.06110413953,0.05835400651,0.01114928198
228.25,0.006283185307,-0.04356716278,-0.06064823148,0.05816234195,0.01118226439
228.3,0.006283185307,-0.04350628342,-0.06016576707,0.05795201282,0.01120853262
228.35,0.006283185307,-0.04343568505,-0.05965725512,0.05772335296,0.01122813415
228.4,0.006283185307,-0.0433555666,-0.05912320444,0.05747669621,0.0112411165
228.45,0.006283185307,-0.04326612699,-0.05856412385,0.05721237639,0.01124752717
228.5,0.006283185307,-0.04316756517,-0.05798052218,0.05693072734,0.01124741364
228.55,0.006283185307,-0.04306008005,-0.05737290824,0.05663208288,0.01124082343
228.6,0.006283185307,-0.04294387057,-0.05674179084,0.05631677685,0.01122780403
228.65,0.006283185307,-0.04281913566,-0.05608767881,0.05598514307,0.01120840295
228.7,0.006283185307,-0.04268607426,-0.05541108097,0.05563751539,0.01118266768
228.75,0.006283185307,-0.04254488528,-0.05471250614,0.05527422763,0.01115064572
228.8,0.006283185307,-0.04239576767,-0.05399246313,0.05489561361,0.01111238457
228.85,0.006283185307,-0.04223892035,-0.05325146076,0.05450200718,0.01106793174
228.9,0.006283185307,-0.04207454225,-0.05249000785,0.05409374216,0.01101733471
228.95,0.006283185307,-0.0419028323,-0.05170861322,0.05367115239,0.010960641
229,0.006283185307,-0.04172398944,-0.05090778569,0.0532345717,0.01089789811
229.05,0.006283185307,-0.0415382126,-0.05008803408,0.05278433391,0.01082915352
229.1,0.006283185307,-0.0413457007,-0.04924986721,0.05232077285,0.01075445475
229.15,0.006283185307,-0.04114665268,-0.04839379389,0.05184422237,0.01067384929
229.2,0.006283185307,-0.04094126746,-0.04752032294,0.05135501628,0.01058738464
229.25,0.006283185307,-0.04072974398,-0.04662996318,0.05085348843,0.0104951083
229.3,0.006283185307,-0.04051228117,-0.04572322344,0.05033997264,0.01039706777
229.35,0.006283185307,-0.04028907796,-0.04480061252,0.04981480274,0.01029331055
229.4,0.006283185307,-0.04006033327,-0.04386263926,0.04927831257,0.01018388415
229.45,0.006283185307,-0.03982624605,-0.04290981246,0.04873083595,0.01006883606
229.5,0.006283185307,-0.03958701521,-0.04194264094,0.04817270672,0.009948213775
229.55,0.006283185307,-0.0393428397,-0.04096163353,0.0476042587,0.009822064804
229.6,0.006283185307,-0.03909391844,-0.03996729904,0.04702582574,0.009690436644
229.65,0.006283185307,-0.03884045035,-0.0389601463,0.04643774165,0.009553376795
229.7,0.006283185307,-0.03858263439,-0.03794068411,0.04584034028,0.009410932757
229.75,0.006283185307,-0.03832066946,-0.03690942131,0.04523395544,0.00926315203
229.8,0.006283185307,-0.03805475451,-0.0358668667,0.04461892098,0.009110082113
229.85,0.006283185307,-0.03778508846,-0.0348135291,0.04399557072,0.008951770507
229.9,0.006283185307,-0.03751187024,-0.03374991735,0.0433642385,0.008788264711
229.95,0.006283185307,-0.0372352988,-0.03267654024,0.04272525814,0.008619612225
230,0.006283185307,-0.03695557304,-0.03159390661,0.04207896349,0.00844586055
230.05,0.006283185307,-0.03667289192,-0.03050252527,0.04142568835,0.008267057185
230.1,0.006283185307,-0.03638745435,-0.02940290504,0.04076576658,0.00808324963
230.15,0.006283185307,-0.03609945927,-0.02829555474,0.040099532,0.007894485384
230.2,0.006283185307,-0.0358091056,-0.02718098319,0.03942731844,0.007700811949
230.25,0.006283185307,-0.03551659229,-0.0260596992,0.03874945973,0.007502276823
230.3,0.006283185307,-0.03522211825,-0.02493221159,0.03806628971,0.007298927507
230.35,0.006283185307,-0.03492588243,-0.02379902919,0.0373781422,0.007090811501
230.4,0.006283185307,-0.03462808374,-0.02266066082,0.03668535104,0.006877976304
230.45,0.006283185307,-0.03432892113,-0.02151761528,0.03598825005,0.006660469416
230.5,0.006283185307,-0.03402859351,-0.0203704014,0.03528717307,0.006438338337
230.55,0.006283185307,-0.03372729983,-0.019219528,0.03458245393,0.006211630568
230.6,0.006283185307,-0.03342523901,-0.0180655039,0.03387442646,0.005980393608
230.65,0.006283185307,-0.03312260999,-0.01690883791,0.03316342449,0.005744674957
230.7,0.006283185307,-0.03281961169,-0.01575003885,0.03244978185,0.005504522114
230.75,0.006283185307,-0.03251644304,-0.01458961555,0.03173383238,0.00525998258
230.8,0.006283185307,-0.03221330298,-0.01342807682,0.0310159099,0.005011103856
230.85,0.006283185307,-0.03191039043,-0.01226593148,0.03029634825,0.004757933439
230.9,0.006283185307,-0.03160790433,-0.01110368835,0.02957548125,0.004500518831
230.95,0.006283185307,-0.03130604361,-0.00994185625,0.02885364274,0.004238907532
231,0.006283185307,-0.03100500719,-0.008780943994,0.02813116655,0.003973147041
231.05,0.006283185307,-0.03070499401,-0.007621460403,0.02740838651,0.003703284858
231.1,0.006283185307,-0.030406203,-0.006463914295,0.02668563645,0.003429368483
231.15,0.006283185307,-0.03010883309,-0.005308814489,0.0259632502,0.003151445416
231.2,0.006283185307,-0.02981308321,-0.004156669805,0.02524156159,0.002869563157
231.25,0.006283185307,-0.02951915228,-0.003007989061,0.02452090446,0.002583769206
231.3,0.006283185307,-0.02922723925,-0.001863281074,0.02380161263,0.002294111063
231.35,0.006283185307,-0.02893754304,-0.0007230546654,0.02308401994,0.002000636227
231.4,0.006283185307,-0.02865026259,0.0004121813477,0.02236846022,0.001703392199
231.45,0.006283185307,-0.02836559681,0.001541918146,0.02165526729,0.001402426478
231.5,0.006283185307,-0.02808374465,0.002665646912,0.020944775,0.001097786564
231.55,0.006283185307,-0.02780490503,0.003782858825,0.02023731716,0.0007895199581
231.6,0.006283185307,-0.02752927688,0.004893045068,0.01953322762,0.0004776741591
231.65,0.006283185307,-0.02725705914,0.005995696821,0.0188328402,0.0001622966671
231.7,0.006283185307,-0.02698845074,0.007090305267,0.01813648873,-0.000156565018
231.75,0.006283185307,-0.0267236506,0.008176361586,0.01744450705,-0.0004788633961
231.8,0.006283185307,-0.02646285766,0.009253356959,0.01675722898,-0.0008045509676
231.85,0.006283185307,-0.02620627084,0.01032078257,0.01607498836,-0.001133580232
231.9,0.006283185307,-0.02595408908,0.0113781296,0.01539811902,-0.00146590369
231.95,0.006283185307,-0.02570651131,0.01242488922,0.01472695479,-0.001801473842
232,0.006283185307,-0.02546373646,0.01346055263,0.0140618295,-0.002140243187
232.05,0.006283185307,-0.02522596346,0.01448461099,0.01340307697,-0.002482164226
232.1,0.006283185307,-0.02499339124,0.0154965555,0.01275103106,-0.002827189459
232.15,0.006283185307,-0.02476621872,0.01649587733,0.01210602557,-0.003175271386
232.2,0.006283185307,-0.02454464485,0.01748206767,0.01146839435,-0.003526362507
232.25,0.006283185307,-0.02432886855,0.01845461769,0.01083847122,-0.003880415322
232.3,0.006283185307,-0.02411908876,0.01941301859,0.01021659002,-0.004237382331
232.35,0.006283185307,-0.02391550439,0.02035676153,0.009603084584,-0.004597216034
232.4,0.006283185307,-0.02371831439,0.0212853377,0.008998288731,-0.004959868931
232.45,0.006283185307,-0.02352771768,0.02219823828,0.008402536299,-0.005325293524
232.5,0.006283185307,-0.0233439132,0.02309495446,0.007816161117,-0.00569344231
232.55,0.006283185307,-0.02316709987,0.02397497741,0.007239497017,-0.006064267792
232.6,0.006283185307,-0.02299747663,0.02483779831,0.006672877831,-0.006437722468
232.65,0.006283185307,-0.0228352424,0.02568290835,0.006116637388,-0.006813758839
232.7,0.006283185307,-0.02268059612,0.02650979871,0.005571109521,-0.007192329405
232.75,0.006283185307,-0.02253373672,0.02731796057,0.00503662806,-0.007573386666
232.8,0.006283185307,-0.02239486313,0.02810688512,0.004513526837,-0.007956883122
232.85,0.006283185307,-0.02226417427,0.02887606352,0.004002139682,-0.008342771274
232.9,0.006283185307,-0.02214186909,0.02962498696,0.003502800426,-0.00873100362
232.95,0.006283185307,-0.0220281465,0.03035314664,0.003015842902,-0.009121532663
233,0.006283185307,-0.02192320544,0.03106003371,0.002541600938,-0.0095143109
233.05,0.006283185307,-0.02182724484,0.03174513938,0.002080408368,-0.009909290834
233.1,0.006283185307,-0.02174046364,0.03240795481,0.001632599021,-0.01030642496
233.15,0.006283185307,-0.02166306076,0.03304797119,0.00119850673,-0.01070566579
233.2,0.006283185307,-0.02159523512,0.03366467971,0.0007784653241,-0.01110696581
233.25,0.006283185307,-0.02153718568,0.03425757153,0.0003728086356,-0.01151027753
233.3,0.006283185307,-0.02148911134,0.03482613785,-1.812950488e-05,-0.01191555344
233.35,0.006283185307,-0.02145121105,0.03536986985,-0.0003940152661,-0.01232274605
233.4,0.006283185307,-0.02142368374,0.0358882587,-0.000754514817,-0.01273180785
233.45,0.006283185307,-0.02140672833,0.03638079559,-0.001099294327,-0.01314269135
233.5,0.006283185307,-0.02140054375,0.0368469717,-0.001428019964,-0.01355534905
233.55,0.006283185307,-0.02140532894,0.03728627821,-0.001740357897,-0.01396973345
233.6,0.006283185307,-0.02142128283,0.0376982063,-0.002035974296,-0.01438579704
233.65,0.006283185307,-0.02144860435,0.03808224716,-0.002314535329,-0.01480349233
233.7,0.006283185307,-0.02148749243,0.03843789195,-0.002575707166,-0.01522277181
233.75,0.006283185307,-0.02153814599,0.03876463188,-0.002819155975,-0.015643588
233.8,0.006283185307,-0.02160076397,0.03906195811,-0.003044547924,-0.01606589337
233.85,0.006283185307,-0.02167554531,0.03932936183,-0.003251549184,-0.01648964045
233.9,0.006283185307,-0.02176268892,0.03956633422,-0.003439825923,-0.01691478172
233.95,0.006283185307,-0.02186239374,0.03977236646,-0.003609044309,-0.0173412697
234,0.006283185307,-0.02197485871,0.03994694973,-0.003758870513,-0.01776905686
234.05,0.006283185307,-0.02210028275,0.04008957522,-0.003888970702,-0.01819809573
234.1,0.006283185307,-0.02223886479,0.0401997341,-0.003999011046,-0.01862833879
234.15,0.006283185307,-0.02239080376,0.04027691755,-0.004088657713,-0.01905973855
234.2,0.006283185307,-0.0225562986,0.04032061677,-0.004157576873,-0.01949224751
234.25,0.006283185307,-0.02273554823,0.04033032292,-0.004205434694,-0.01992581817
234.3,0.006283185307,-0.02292875159,0.04030552719,-0.004231897345,-0.02036040303
234.35,0.006283185307,-0.02313610761,0.04024572077,-0.004236630996,-0.02079595458
234.4,0.006283185307,-0.0233578152,0.04015039482,-0.004219301815,-0.02123242533
234.45,0.006283185307,-0.02359407332,0.04001904054,-0.004179575971,-0.02166976778
234.5,0.006283185307,-0.02384508088,0.03985114911,-0.004117119633,-0.02210793443
234.55,0.006283185307,-0.02411103683,0.0396462117,-0.00403159897,-0.02254687778
234.6,0.006283185307,-0.02439214008,0.0394037195,-0.003922680151,-0.02298655032
234.65,0.006283185307,-0.02468858956,0.03912316369,-0.003790029344,-0.02342690456
234.7,0.006283185307,-0.02500058422,0.03880403545,-0.003633312719,-0.02386789301
234.75,0.006283185307,-0.02532832298,0.03844582596,-0.003452196445,-0.02430946815
234.8,0.006283185307,-0.02567200477,0.03804802641,-0.003246346691,-0.02475158249
234.85,0.006283185307,-0.02603182852,0.03761012797,-0.003015429625,-0.02519418853
234.9,0.006283185307,-0.02640799317,0.03713162182,-0.002759111416,-0.02563723877
234.95,0.006283185307,-0.02680069763,0.03661199916,-0.002477058234,-0.02608068571
235,0.006283185307,-0.02721014085,0.03605075115,-0.002168936247,-0.02652448184
235.05,0.006283185307,-0.02763652175,0.03544736898,-0.001834411624,-0.02696857968
235.1,0.006283185307,-0.02808003927,0.03480134383,-0.001473150535,-0.02741293172
235.15,0.006283185307,-0.02854089233,0.03411216688,-0.001084819147,-0.02785749045
235.2,0.006283185307,-0.02901927987,0.03337932932,-0.0006690836302,-0.02830220839
235.25,0.006283185307,-0.02951540081,0.03260232232,-0.0002256101534,-0.02874703803
235.3,0.006283185307,-0.03002945409,0.03178063707,0.0002459351147,-0.02919193186
235.35,0.006283185307,-0.03056163863,0.03091376474,0.000745886005,-0.0296368424
235.4,0.006283185307,-0.03111215338,0.03000119653,0.001274576349,-0.03008172213
235.45,0.006283185307,-0.03168119725,0.0290424236,0.001832339977,-0.03052652357
235.5,0.006283185307,-0.03226896918,0.02803693715,0.00241951072,-0.03097119921
235.55,0.006283185307,-0.0328756681,0.02698422835,0.003036422411,-0.03141570154
235.6,0.006283185307,-0.03350149294,0.02588378838,0.003683408878,-0.03185998308
235.65,0.006283185307,-0.03414664263,0.02473510843,0.004360803955,-0.03230399632
235.7,0.006283185307,-0.0348113161,0.02353767967,0.005068941471,-0.03274769376
235.75,0.006283185307,-0.03549571228,0.02229099329,0.005808155259,-0.0331910279
235.8,0.006283185307,-0.03620003011,0.02099454048,0.006578779148,-0.03363395124
235.85,0.006283185307,-0.03692446851,0.0196478124,0.00738114697,-0.03407641628
235.9,0.006283185307,-0.03766922641,0.01825030024,0.008215592557,-0.03451837552
235.95,0.006283185307,-0.03843450274,0.01680149519,0.009082449738,-0.03495978146
236,0.006283185307,-0.03922049644,0.01530088842,0.009982052346,-0.03540058661
236.05,0.006283185307,-0.04002740644,0.01374797112,0.01091473421,-0.03584074345
236.1,0.006283185307,-0.04085543166,0.01214223447,0.01188082917,-0.0362802045
236.15,0.006283185307,-0.04170477103,0.01048316964,0.01288067104,-0.03671892225
236.2,0.006283185307,-0.0425756235,0.008770267822,0.01391459366,-0.0371568492
236.25,0.006283185307,-0.04346818798,0.007003020197,0.01498293087,-0.03759393785
236.3,0.006283185307,-0.04438266341,0.005180917943,0.01608601649,-0.03803014071
236.35,0.006283185307,-0.04531924872,0.003303452244,0.01722418435,-0.03846541027
236.4,0.006283185307,-0.04627814283,0.001370114279,0.01839776828,-0.03889969902
236.45,0.006283185307,-0.04725954469,-0.0006196047694,0.01960710213,-0.03933295948
236.5,0.006283185307,-0.04826365321,-0.00266621372,0.02085251971,-0.03976514415
236.55,0.006283185307,-0.04929066734,-0.004770221392,0.02213435485,-0.04019620551
236.6,0.006283185307,-0.050340786,-0.006932136604,0.0234529414,-0.04062609608
236.65,0.006283185307,-0.05141420812,-0.009152468174,0.02480861318,-0.04105476835
236.7,0.006283185307,-0.05249695368,-0.01140567587,0.02618561484,-0.0414761015
236.75,0.006283185307,-0.05354323049,-0.01360759974,0.02753197552,-0.04187048149
236.8,0.006283185307,-0.05454988458,-0.01575221642,0.02884397514,-0.04223670663
236.85,0.006283185307,-0.05551731033,-0.01784001447,0.03012191536,-0.04257510042
236.9,0.006283185307,-0.05644590211,-0.01987148244,0.03136609783,-0.04288598637
236.95,0.006283185307,-0.05733605432,-0.02184710887,0.03257682418,-0.04316968799
237,0.006283185307,-0.05818816132,-0.02376738231,0.03375439606,-0.04342652878
237.05,0.006283185307,-0.05900261751,-0.02563279131,0.03489911513,-0.04365683225
237.1,0.006283185307,-0.05977981725,-0.02744382441,0.03601128301,-0.04386092191
237.15,0.006283185307,-0.06052015494,-0.02920097015,0.03709120135,-0.04403912127
237.2,0.006283185307,-0.06122402495,-0.0309047171,0.03813917181,-0.04419175382
237.25,0.006283185307,-0.06189182167,-0.03255555379,0.03915549602,-0.04431914309
237.3,0.006283185307,-0.06252393947,-0.03415396877,0.04014047564,-0.04442161257
237.35,0.006283185307,-0.06312077274,-0.03570045058,0.04109441229,-0.04449948577
237.4,0.006283185307,-0.06368271586,-0.03719548779,0.04201760764,-0.04455308619
237.45,0.006283185307,-0.0642101632,-0.03863956892,0.04291036332,-0.04458273736
237.5,0.006283185307,-0.06470350916,-0.04003318253,0.04377298098,-0.04458876276
237.55,0.006283185307,-0.0651631481,-0.04137681716,0.04460576226,-0.04457148591
237.6,0.006283185307,-0.06558947441,-0.04267096137,0.0454090088,-0.04453123032
237.65,0.006283185307,-0.06598288248,-0.04391610369,0.04618302226,-0.04446831949
237.7,0.006283185307,-0.06634376667,-0.04511273268,0.04692810428,-0.04438307693
237.75,0.006283185307,-0.06667252138,-0.04626133688,0.0476445565,-0.04427582615
237.8,0.006283185307,-0.06696954099,-0.04736240485,0.04833268056,-0.04414689065
237.85,0.006283185307,-0.06723521987,-0.04841642511,0.04899277812,-0.04399659393
237.9,0.006283185307,-0.06746995241,-0.04942388623,0.04962515081,-0.04382525952
237.95,0.006283185307,-0.06767413298,-0.05038527675,0.05023010028,-0.0436332109
238,0.006283185307,-0.06784815597,-0.05130108522,0.05080792817,-0.0434207716
238.05,0.006283185307,-0.06799241576,-0.05217180018,0.05135893614,-0.04318826511
238.1,0.006283185307,-0.06810730672,-0.05299791017,0.05188342582,-0.04293601494
238.15,0.006283185307,-0.06819322325,-0.05377990376,0.05238169885,-0.04266434461
238.2,0.006283185307,-0.06825055972,-0.05451826948,0.05285405689,-0.04237357761
238.25,0.006283185307,-0.06827971052,-0.05521349588,0.05330080158,-0.04206403746
238.3,0.006283185307,-0.06828107001,-0.05586607151,0.05372223456,-0.04173604765
238.35,0.006283185307,-0.06825503259,-0.05647648491,0.05411865748,-0.04138993171
238.4,0.006283185307,-0.06820199263,-0.05704522463,0.05449037198,-0.04102601312
238.45,0.006283185307,-0.06812234452,-0.05757277923,0.05483767971,-0.04064461541
238.5,0.006283185307,-0.06801648264,-0.05805963723,0.0551608823,-0.04024606208
238.55,0.006283185307,-0.06788480136,-0.0585062872,0.05546028142,-0.03983067663
238.6,0.006283185307,-0.06772769507,-0.05891321768,0.05573617869,-0.03939878257
238.65,0.006283185307,-0.06754555815,-0.05928091721,0.05598887577,-0.03895070341
238.7,0.006283185307,-0.06733878498,-0.05960987435,0.05621867429,-0.03848676265
238.75,0.006283185307,-0.06710776994,-0.05990057763,0.05642587592,-0.03800728381
238.8,0.006283185307,-0.06685290742,-0.06015351561,0.05661078228,-0.03751259038
238.85,0.006283185307,-0.06657459178,-0.06036917684,0.05677369502,-0.03700300588
238.9,0.006283185307,-0.06627321742,-0.06054804985,0.05691491579,-0.03647885381
238.95,0.006283185307,-0.06594917872,-0.0606906232,0.05703474624,-0.03594045768
239,0.006283185307,-0.06560287005,-0.06079738543,0.057133488,-0.03538814099
239.05,0.006283185307,-0.06523468579,-0.0608688251,0.05721144273,-0.03482222726
239.1,0.006283185307,-0.06484502034,-0.06090543074,0.05726891206,-0.03424303999
239.15,0.006283185307,-0.06443426806,-0.0609076909,0.05730619764,-0.03365090268
239.2,0.006283185307,-0.06400282334,-0.06087609414,0.05732360112,-0.03304613884
239.25,0.006283185307,-0.06355108056,-0.06081112899,0.05732142414,-0.03242907199
239.3,0.006283185307,-0.0630794341,-0.06071328401,0.05729996835,-0.03180002562
239.35,0.006283185307,-0.06258827834,-0.06058304774,0.05725953538,-0.03115932324
239.4,0.006283185307,-0.06207800766,-0.06042090873,0.05720042689,-0.03050728836
239.45,0.006283185307,-0.06154901645,-0.06022735553,0.05712294452,-0.02984424449
239.5,0.006283185307,-0.06100169908,-0.06000287667,0.05702738991,-0.02917051513
239.55,0.006283185307,-0.06043644994,-0.05974796072,0.05691406472,-0.02848642379
239.6,0.006283185307,-0.0598536634,-0.05946309621,0.05678327057,-0.02779229398
239.65,0.006283185307,-0.05925373385,-0.05914877169,0.05663530912,-0.02708844921
239.7,0.006283185307,-0.05863705566,-0.05880547572,0.05647048202,-0.02637521297
239.75,0.006283185307,-0.05800402323,-0.05843369682,0.0562890909,-0.02565290878
239.8,0.006283185307,-0.05735503093,-0.05803392357,0.05609143741,-0.02492186015
239.85,0.006283185307,-0.05669047313,-0.05760664449,0.05587782321,-0.02418239057
239.9,0.006283185307,-0.05601074423,-0.05715234814,0.05564854992,-0.02343482356
239.95,0.006283185307,-0.0553162386,-0.05667152306,0.05540391919,-0.02267948263
240,0.006283185307,-0.05460735062,-0.05616465781,0.05514423268,-0.02191669128
240.05,0.006283185307,-0.05388447467,-0.05563224092,0.05486979202,-0.02114677302
240.1,0.006283185307,-0.05314800514,-0.05507476095,0.05458089887,-0.02037005135
240.15,0.006283185307,-0.05239833641,-0.05449270643,0.05427785485,-0.01958684978
240.2,0.006283185307,-0.05163586285,-0.05388656593,0.05396096163,-0.01879749182
240.25,0.006283185307,-0.05086097885,-0.05325682798,0.05363052084,-0.01800230098
240.3,0.006283185307,-0.05007407879,-0.05260398113,0.05328683412,-0.01720160076
240.35,0.006283185307,-0.04927555705,-0.05192851393,0.05293020313,-0.01639571467
240.4,0.006283185307,-0.048465808,-0.05123091493,0.05256092951,-0.01558496621
240.45,0.006283185307,-0.04764522604,-0.05051167267,0.0521793149,-0.0147696789
240.5,0.006283185307,-0.04681420554,-0.0497712757,0.05178566095,-0.01395017623
240.55,0.006283185307,-0.04597314089,-0.04901021256,0.05138026929,-0.01312678172
240.6,0.006283185307,-0.04512242645,-0.04822897181,0.05096344159,-0.01229981887
240.65,0.006283185307,-0.04426245662,-0.04742804198,0.05053547947,-0.0114696112
240.7,0.006283185307,-0.04339362578,-0.04660791164,0.05009668459,-0.0106364822
240.75,0.006283185307,-0.0425163283,-0.04576906931,0.04964735859,-0.009800755377
240.8,0.006283185307,-0.04163095857,-0.04491200356,0.04918780312,-0.008962754249
240.85,0.006283185307,-0.04073791097,-0.04403720293,0.04871831981,-0.008122802317
240.9,0.006283185307,-0.03983757988,-0.04314515596,0.04823921032,-0.007281223089
240.95,0.006283185307,-0.03893035967,-0.04223635119,0.04775077628,-0.006438340071
241,0.006283185307,-0.03801664474,-0.04131127719,0.04725331935,-0.00559447677
241.05,0.006283185307,-0.03709682946,-0.04037042249,0.04674714117,-0.004749956693
241.1,0.006283185307,-0.03617130821,-0.03941427565,0.04623254338,-0.003905103346
241.15,0.006283185307,-0.03524047537,-0.0384433252,0.04570982762,-0.003060240236
241.2,0.006283185307,-0.03430472533,-0.0374580597,0.04517929555,-0.002215690871
241.25,0.006283185307,-0.03336445246,-0.03645896769,0.04464124881,-0.001371778757
241.3,0.006283185307,-0.03242005115,-0.03544653771,0.04409598903,-0.0005288274004
241.35,0.006283185307,-0.03147191578,-0.03442125833,0.04354381787,0.0003128396917
241.4,0.006283185307,-0.03052044072,-0.03338361807,0.04298503697,0.001152899012
241.45,0.006283185307,-0.02956602037,-0.0323341055,0.04241994798,0.001991027055
241.5,0.006283185307,-0.02860904909,-0.03127320915,0.04184885254,0.002826900313
241.55,0.006283185307,-0.02764992127,-0.03020141758,0.04127205229,0.003660195279
241.6,0.006283185307,-0.02668903129,-0.02911921932,0.04068984888,0.004490588447
241.65,0.006283185307,-0.02572677354,-0.02802710294,0.04010254395,0.005317756309
241.7,0.006283185307,-0.02476354239,-0.02692555696,0.03951043915,0.006141375359
241.75,0.006283185307,-0.02379973222,-0.02581506995,0.03891383612,0.006961122091
241.8,0.006283185307,-0.02283573742,-0.02469613044,0.03831303651,0.007776672997
241.85,0.006283185307,-0.02187195236,-0.02356922699,0.03770834197,0.00858770457
241.9,0.006283185307,-0.02090877143,-0.02243484814,0.03710005413,0.009393893305
241.95,0.006283185307,-0.019946589,-0.02129348244,0.03648847464,0.01019491569
242,0.006283185307,-0.01898579947,-0.02014561843,0.03587390514,0.01099044823
242.05,0.006283185307,-0.0180267972,-0.01899174467,0.03525664729,0.0117801674
242.1,0.006283185307,-0.01706997659,-0.01783234969,0.03463700273,0.01256374971
242.15,0.006283185307,-0.016115732,-0.01666792205,0.03401527309,0.01334087165
242.2,0.006283185307,-0.01516445783,-0.01549895029,0.03339176003,0.01411120971
242.25,0.006283185307,-0.01421654845,-0.01432592296,0.03276676518,0.01487444038
242.3,0.006283185307,-0.01327239824,-0.01314932861,0.0321405902,0.01563024015
242.35,0.006283185307,-0.01233240159,-0.01196965578,0.03151353673,0.01637828553
242.4,0.006283185307,-0.01139695287,-0.01078739302,0.03088590642,0.017118253
242.45,0.006283185307,-0.01046644647,-0.009603028872,0.0302580009,0.01784981905
242.5,0.006283185307,-0.00954127677,-0.008417051891,0.02963012182,0.01857266019
242.55,0.006283185307,-0.008621838145,-0.00722995062,0.02900257083,0.0192864529
242.6,0.006283185307,-0.007708524978,-0.006042213607,0.02837564957,0.01999087367
242.65,0.006283185307,-0.006801731651,-0.004854329398,0.02774965969,0.020685599
242.7,0.006283185307,-0.005901852545,-0.003666786539,0.02712490283,0.02137030538
242.75,0.006283185307,-0.00500928204,-0.002480073578,0.02650168063,0.02204466931
242.8,0.006283185307,-0.004124414518,-0.001294679062,0.02588029474,0.02270836728
242.85,0.006283185307,-0.003247644359,-0.0001110915376,0.02526104681,0.02336107578
242.9,0.006283185307,-0.002379365944,0.001070200449,0.02464423848,0.02400247131
242.95,0.006283185307,-0.001519973654,0.00224870835,0.0240301714,0.02463223035
243,0.006283185307,-0.0006698618704,0.003423943619,0.0234191472,0.0252500294
243.05,0.006283185307,0.0001705750267,0.004595417709,0.02281146754,0.02585554496
243.1,0.006283185307,0.001000942656,0.005762642074,0.02220743405,0.02644845352
243.15,0.006283185307,0.001820846637,0.006925128166,0.02160734839,0.02702843157
243.2,0.006283185307,0.002629892588,0.008082387438,0.02101151219,0.0275951556
243.25,0.006283185307,0.003427686129,0.009233931344,0.02042022711,0.02814830211
243.3,0.006283185307,0.004213832879,0.01037927134,0.01983379478,0.02868754759
243.35,0.006283185307,0.004987938456,0.01151791887,0.01925251685,0.02921256854
243.4,0.006283185307,0.005749608481,0.0126493854,0.01867669497,0.02972304144
243.45,0.006283185307,0.006498448571,0.01377318237,0.01810663078,0.03021864279
243.5,0.006283185307,0.007234064347,0.01488882124,0.01754262593,0.03069904909
243.55,0.006283185307,0.007956061428,0.01599581346,0.01698498206,0.03116393682
243.6,0.006283185307,0.008664045431,0.01709367049,0.01643400081,0.03161298248
243.65,0.006283185307,0.009357621978,0.01818190378,0.01588998383,0.03204586257
243.7,0.006283185307,0.01003639669,0.01926002478,0.01535323276,0.03246225357
243.75,0.006283185307,0.01069997517,0.02032754495,0.01482404925,0.03286183198
243.8,0.006283185307,0.01134796306,0.02138397573,0.01430273495,0.03324427429
243.85,0.006283185307,0.01197996597,0.02242882859,0.01378959149,0.033609257
243.9,0.006283185307,0.01259558952,0.02346161497,0.01328492053,0.0339564566
243.95,0.006283185307,0.01319443932,0.02448184633,0.0127890237,0.03428554959
244,0.006283185307,0.013776121,0.02548903412,0.01230220265,0.03459621244
244.05,0.006283185307,0.01434024018,0.02648268979,0.01182475903,0.03488812167
244.1,0.006283185307,0.01488640247,0.0274623248,0.01135699448,0.03516095376
244.15,0.006283185307,0.01541421349,0.0284274506,0.01089921065,0.0354143852
244.2,0.006283185307,0.01592327887,0.02937757864,0.01045170918,0.0356480925
244.25,0.006283185307,0.01641320421,0.03031222038,0.01001479171,0.03586175213
244.3,0.006283185307,0.01688359515,0.03123088727,0.009588759892,0.0360550406
244.35,0.006283185307,0.0173340573,0.03213309077,0.009173915368,0.0362276344
244.4,0.006283185307,0.01776419628,0.03301834231,0.008770559782,0.03637921002
244.45,0.006283185307,0.01817361771,0.03388615337,0.008378994781,0.03650944395
244.5,0.006283185307,0.01856192721,0.03473603539,0.007999522007,0.03661801269
244.55,0.006283185307,0.01892873039,0.03556749983,0.007632443106,0.03670459274
244.6,0.006283185307,0.01927363288,0.03638005813,0.007278059723,0.03676886057
244.65,0.006283185307,0.01959624029,0.03717322176,0.006936673501,0.0368104927
244.7,0.006283185307,0.01989615825,0.03794650216,0.006608586086,0.0368291656
244.75,0.006283185307,0.02017299237,0.03869941079,0.006294099123,0.03682455578
244.8,0.006283185307,0.02042634827,0.0394314591,0.005993514255,0.03679633972
244.85,0.006283185307,0.02065583157,0.04014215854,0.005707133128,0.03674419393
244.9,0.006283185307,0.0208610479,0.04083102057,0.005435257387,0.03666779489
244.95,0.006283185307,0.02104160286,0.04149755664,0.005178188675,0.03656681909
245,0.006283185307,0.02119710208,0.04214127821,0.004936228638,0.03644094304
245.05,0.006283185307,0.02132715118,0.04276169672,0.004709678919,0.03628984322
245.1,0.006283185307,0.02143135578,0.04335832364,0.004498841165,0.03611319612
245.15,0.006283185307,0.02150932149,0.0439306704,0.004304017019,0.03591067825
245.2,0.006283185307,0.02156065394,0.04447824847,0.004125508127,0.03568196609
245.25,0.006283185307,0.02158495875,0.04500056931,0.003963616132,0.03542673613
245.3,0.006283185307,0.02158184152,0.04549714435,0.003818642679,0.03514466487
245.35,0.006283185307,0.02155090789,0.04596748506,0.003690889414,0.03483542881
245.4,0.006283185307,0.02149176347,0.04641110289,0.00358065798,0.03449870443
245.45,0.006283185307,0.02140401389,0.04682750929,0.003488250022,0.03413416823
245.5,0.006283185307,0.02128726475,0.04721621572,0.003413967186,0.0337414967
245.55,0.006283185307,0.02114112168,0.04757673362,0.003358111115,0.03332036634
245.6,0.006283185307,0.0209651903,0.04790857446,0.003320983454,0.03287045363
245.65,0.006283185307,0.02075907622,0.04821124968,0.003302885848,0.03239143508
245.7,0.006283185307,0.02052238508,0.04848427073,0.003304119941,0.03188298717
245.75,0.006283185307,0.02025472247,0.04872714908,0.003324987379,0.0313447864
245.8,0.006283185307,0.01995569404,0.04893939618,0.003365789806,0.03077650926
245.85,0.006283185307,0.01962490538,0.04912052347,0.003426828866,0.03017783225
245.9,0.006283185307,0.01926196213,0.04927004241,0.003508406204,0.02954843185
245.95,0.006283185307,0.01886646991,0.04938746445,0.003610823465,0.02888798456
246,0.006283185307,0.01843803432,0.04947230105,0.003734382293,0.02819616688
246.05,0.006283185307,0.01797626099,0.04952406366,0.003879384333,0.0274726553
246.1,0.006283185307,0.01748075554,0.04954226373,0.00404613123,0.0267171263
246.15,0.006283185307,0.01695112359,0.04952641272,0.004234924628,0.02592925639
246.2,0.006283185307,0.01638697076,0.04947602208,0.004446066172,0.02510872206
246.25,0.006283185307,0.01578790267,0.04939060326,0.004679857507,0.0242551998
246.3,0.006283185307,0.01515352493,0.04926966772,0.004936600277,0.0233683661
246.35,0.006283185307,0.01448344316,0.0491127269,0.005216596127,0.02244789745
246.4,0.006283185307,0.01377726299,0.04891929227,0.005520146701,0.02149347036
246.45,0.006283185307,0.01303459004,0.04868887527,0.005847553645,0.02050476131
246.5,0.006283185307,0.01225502991,0.04842098736,0.006199118602,0.0194814468
246.55,0.006283185307,0.01143818824,0.04811513999,0.006575143217,0.01842320331
246.6,0.006283185307,0.01058367064,0.04777084462,0.006975929136,0.01732970735
246.65,0.006283185307,0.009691082722,0.04738761269,0.007401778003,0.0162006354
246.7,0.006283185307,0.008760030118,0.04696495566,0.007852991461,0.01503566397
246.75,0.006283185307,0.007790118441,0.04650238499,0.008329871157,0.01383446953
246.8,0.006283185307,0.006780953312,0.04599941212,0.008832718735,0.01259672859
246.85,0.006283185307,0.005732140348,0.04545554852,0.009361835839,0.01132211764
246.9,0.006283185307,0.00464328517,0.04487030562,0.009917524113,0.01001031317
246.95,0.006283185307,0.003513993396,0.0442431949,0.0105000852,0.00866099168
247,0.006283185307,0.002343870646,0.04357372779,0.01110982075,0.007273829655
247.05,0.006283185307,0.001132522538,0.04286141576,0.01174703241,0.005848503591
247.1,0.006283185307,-0.0001204453081,0.04210577025,0.01241202181,0.004384689983
247.15,0.006283185307,-0.001415427273,0.04130630272,0.01310509061,0.002882065322
247.2,0.006283185307,-0.002752817739,0.04046252462,0.01382654045,0.001340306102
247.25,0.006283185307,-0.004133011085,0.03957394741,0.01457667297,-0.000240911183
247.3,0.006283185307,-0.005556401693,0.03864008253,0.01535578982,-0.001861910041
247.35,0.006283185307,-0.007023383944,0.03766044145,0.01616419264,-0.003523013977
247.4,0.006283185307,-0.008534352218,0.03663453561,0.01700218308,-0.0052245465
247.45,0.006283185307,-0.0100897009,0.03556187647,0.01787006278,-0.006966831115
247.5,0.006283185307,-0.01168982436,0.03444197548,0.01876813339,-0.00875019133
247.55,0.006283185307,-0.01329712564,0.03330492209,0.01967347488,-0.0105303035
247.6,0.006283185307,-0.01487387233,0.03218107327,0.02056303734,-0.01226289796
247.65,0.006283185307,-0.01642025572,0.03107034176,0.02143692763,-0.01394837921
247.7,0.006283185307,-0.01793646705,0.02997264028,0.0222952526,-0.01558715173
247.75,0.006283185307,-0.0194226976,0.02888788158,0.02313811908,-0.01717962
247.8,0.006283185307,-0.02087913864,0.02781597838,0.02396563393,-0.01872618853
247.85,0.006283185307,-0.02230598141,0.02675684342,0.02477790399,-0.0202272618
247.9,0.006283185307,-0.0237034172,0.02571038943,0.02557503611,-0.02168324429
247.95,0.006283185307,-0.02507163726,0.02467652915,0.02635713713,-0.0230945405
248,0.006283185307,-0.02641083285,0.02365517531,0.02712431389,-0.02446155491
248.05,0.006283185307,-0.02772119525,0.02264624065,0.02787667326,-0.02578469202
248.1,0.006283185307,-0.02900291572,0.0216496379,0.02861432206,-0.02706435631
248.15,0.006283185307,-0.03025618551,0.02066527979,0.02933736715,-0.02830095226
248.2,0.006283185307,-0.0314811959,0.01969307905,0.03004591537,-0.02949488438
248.25,0.006283185307,-0.03267813815,0.01873294843,0.03074007357,-0.03064655714
248.3,0.006283185307,-0.03384720352,0.01778480065,0.03141994859,-0.03175637504
248.35,0.006283185307,-0.03498858328,0.01684854846,0.03208564729,-0.03282474256
248.4,0.006283185307,-0.0361024687,0.01592410457,0.0327372765,-0.0338520642
248.45,0.006283185307,-0.03718905103,0.01501138173,0.03337494307,-0.03483874444
248.5,0.006283185307,-0.03824852154,0.01411029267,0.03399875385,-0.03578518777
248.55,0.006283185307,-0.03928107149,0.01322075013,0.03460881569,-0.03669179867
248.6,0.006283185307,-0.04028689216,0.01234266684,0.03520523543,-0.03755898165
248.65,0.006283185307,-0.04126617479,0.01147595552,0.03578811991,-0.03838714118
248.7,0.006283185307,-0.04221911067,0.01062052893,0.03635757598,-0.03917668176
248.75,0.006283185307,-0.04314589105,0.00977629978,0.03691371049,-0.03992800788
248.8,0.006283185307,-0.04404670719,0.008943180818,0.03745663029,-0.04064152401
248.85,0.006283185307,-0.04492175037,0.008121084774,0.03798644222,-0.04131763466
248.9,0.006283185307,-0.04577121184,0.007309924382,0.03850325312,-0.04195674431
248.95,0.006283185307,-0.04659528287,0.006509612375,0.03900716984,-0.04255925744
249,0.006283185307,-0.04739415473,0.005720061489,0.03949829923,-0.04312557855
249.05,0.006283185307,-0.04816801867,0.004941184456,0.03997674814,-0.04365611213
249.1,0.006283185307,-0.04891706597,0.00417289401,0.0404426234,-0.04415126267
249.15,0.006283185307,-0.04964148788,0.003415102887,0.04089603187,-0.04461143464
249.2,0.006283185307,-0.05034147567,0.002667723818,0.0413370804,-0.04503703255
249.25,0.006283185307,-0.05101722061,0.001930669539,0.04176587582,-0.04542846088
249.3,0.006283185307,-0.05166891396,0.001203852784,0.04218252498,-0.04578612412
249.35,0.006283185307,-0.05229674699,0.0004871862852,0.04258713473,-0.04611042676
249.4,0.006283185307,-0.05290091095,-0.0002194172221,0.04297981192,-0.04640177328
249.45,0.006283185307,-0.05348159711,-0.0009160450044,0.04336066339,-0.04666056818
249.5,0.006283185307,-0.05403899675,-0.001602784328,0.04372979599,-0.04688721594
249.55,0.006283185307,-0.05457330111,-0.002279722458,0.04408731656,-0.04708212106
249.6,0.006283185307,-0.05508470147,-0.002946946662,0.04443333195,-0.04724568802
249.65,0.006283185307,-0.05557338909,-0.003604544205,0.04476794901,-0.0473783213
249.7,0.006283185307,-0.05603955523,-0.004252602353,0.04509127457,-0.04748042541
249.75,0.006283185307,-0.05648339117,-0.004891208372,0.0454034155,-0.04755240482
249.8,0.006283185307,-0.05690508815,-0.00552044953,0.04570447862,-0.04759466403
249.85,0.006283185307,-0.05730483746,-0.00614041309,0.0459945708,-0.04760760752
249.9,0.006283185307,-0.05768283034,-0.006751186321,0.04627379887,-0.04759163979
249.95,0.006283185307,-0.05803925807,-0.007352856487,0.04654226968,-0.04754716532
250,0.006283185307,-0.05837431192,-0.007945510855,0.04680009008,-0.0474745886
250.05,0.006283185307,-0.05868818313,-0.008529236691,0.04704736692,-0.04737431412
250.1,0.006283185307,-0.05898106299,-0.009104121261,0.04728420703,-0.04724674636
250.15,0.006283185307,-0.05925314275,-0.009670251831,0.04751071726,-0.04709228983
250.2,0.006283185307,-0.05950461367,-0.01022771567,0.04772700447,-0.046911349
250.25,0.006283185307,-0.05973566703,-0.01077660004,0.0479331755,-0.04670432836
250.3,0.006283185307,-0.05994649409,-0.0113169922,0.04812933718,-0.0464716324
250.35,0.006283185307,-0.0601372861,-0.01184897943,0.04831559638,-0.04621366562
250.4,0.006283185307,-0.06030823434,-0.012372649,0.04849205993,-0.0459308325
250.45,0.006283185307,-0.06045953007,-0.01288808815,0.04865883468,-0.04562353752
250.5,0.006283185307,-0.06059136456,-0.01339538417,0.04881602748,-0.04529218519
250.55,0.006283185307,-0.06070392906,-0.01389462432,0.04896374517,-0.04493717998
250.6,0.006283185307,-0.06079741484,-0.01438589587,0.0491020946,-0.04455892638
250.65,0.006283185307,-0.06087201317,-0.01486928607,0.04923118261,-0.04415782889
250.7,0.006283185307,-0.06092791531,-0.01534488221,0.04935111606,-0.04373429198
250.75,0.006283185307,-0.06096531253,-0.01581277153,0.04946200178,-0.04328872016
250.8,0.006283185307,-0.06098439608,-0.01627304132,0.04956394662,-0.04282151791
250.85,0.006283185307,-0.06098535724,-0.01672577883,0.04965705743,-0.04233308972
250.9,0.006283185307,-0.06096838727,-0.01717107133,0.04974144106,-0.04182384007
250.95,0.006283185307,-0.06093367743,-0.01760900609,0.04981720434,-0.04129417346
251,0.006283185307,-0.06088141899,-0.01803967037,0.04988445414,-0.04074449437
251.05,0.006283185307,-0.06081180321,-0.01846315144,0.04994329728,-0.0401752073
251.1,0.006283185307,-0.06072502135,-0.01887953657,0.04999384062,-0.03958671673
251.15,0.006283185307,-0.06062126468,-0.01928891302,0.05003619101,-0.03897942714
251.2,0.006283185307,-0.06050072447,-0.01969136805,0.05007045529,-0.03835374304
251.25,0.006283185307,-0.06036359198,-0.02008698894,0.0500967403,-0.0377100689
251.3,0.006283185307,-0.06021005846,-0.02047586295,0.05011515289,-0.03704880922
251.35,0.006283185307,-0.0600403152,-0.02085807735,0.05012579992,-0.03637036848
251.4,0.006283185307,-0.05985455345,-0.0212337194,0.05012878821,-0.03567515118
251.45,0.006283185307,-0.05965296447,-0.02160287637,0.05012422463,-0.0349635618
251.5,0.006283185307,-0.05943573953,-0.02196563552,0.05011221601,-0.03423600483
251.55,0.006283185307,-0.0592030699,-0.02232208412,0.05009286921,-0.03349288475
251.6,0.006283185307,-0.05895514683,-0.02267230944,0.05006629106,-0.03273460607
251.65,0.006283185307,-0.0586921616,-0.02301639874,0.05003258841,-0.03196157326
251.7,0.006283185307,-0.05841430547,-0.02335443929,0.04999186812,-0.03117419082
251.75,0.006283185307,-0.05812176969,-0.02368651835,0.04994423702,-0.03037286323
251.8,0.006283185307,-0.05781474555,-0.02401272319,0.04988980196,-0.02955799499
251.85,0.006283185307,-0.05749342429,-0.02433314108,0.04982866979,-0.02872999058
251.9,0.006283185307,-0.05715799719,-0.02464785929,0.04976094736,-0.02788925448
251.95,0.006283185307,-0.05680865551,-0.02495696507,0.0496867415,-0.0270361912
252,0.006283185307,-0.05644559051,-0.0252605457,0.04960615907,-0.02617120521
252.05,0.006283185307,-0.05606899345,-0.02555868844,0.04951930691,-0.02529470101
252.1,0.006283185307,-0.05567905561,-0.02585148056,0.04942629187,-0.02440708308
252.15,0.006283185307,-0.05527596825,-0.02613900932,0.04932722079,-0.02350875591
252.2,0.006283185307,-0.05485992262,-0.02642136199,0.04922220052,-0.022600124
252.25,0.006283185307,-0.05443111,-0.02669862583,0.04911133791,-0.02168159183
252.3,0.006283185307,-0.05398972165,-0.02697088812,0.04899473979,-0.02075356389
252.35,0.006283185307,-0.05353594884,-0.02723823611,0.04887251303,-0.01981644466
252.4,0.006283185307,-0.05306998282,-0.02750075708,0.04874476445,-0.01887063865
252.45,0.006283185307,-0.05259201486,-0.02775853829,0.04861160092,-0.01791655032
252.5,0.006283185307,-0.05210223623,-0.028011667,0.04847312927,-0.01695458419
252.55,0.006283185307,-0.05160083819,-0.02826023049,0.04832945635,-0.01598514472
252.6,0.006283185307,-0.05108801201,-0.02850431601,0.04818068901,-0.01500863642
252.65,0.006283185307,-0.05056394894,-0.02874401084,0.0480269341,-0.01402546376
252.7,0.006283185307,-0.05002884026,-0.02897940224,0.04786829845,-0.01303603125
252.75,0.006283185307,-0.04948287723,-0.02921057747,0.04770488891,-0.01204074336
252.8,0.006283185307,-0.04892625111,-0.02943762381,0.04753681234,-0.01104000458
252.85,0.006283185307,-0.04835915316,-0.02966062851,0.04736417557,-0.01003421942
252.9,0.006283185307,-0.04778177466,-0.02987967885,0.04718708546,-0.009023792342
252.95,0.006283185307,-0.04719430686,-0.03009486209,0.04700564885,-0.008009127849
253,0.006283185307,-0.04659694103,-0.0303062655,0.04681997258,-0.006990630427
253.05,0.006283185307,-0.04598986844,-0.03051397634,0.0466301635,-0.005968704564
253.1,0.006283185307,-0.04537328034,-0.03071808188,0.04643632845,-0.004943754749
253.15,0.006283185307,-0.04474736801,-0.03091866938,0.04623857429,-0.00391618547
253.2,0.006283185307,-0.0441123227,-0.03111582612,0.04603700786,-0.002886401217
253.25,0.006283185307,-0.04346833568,-0.03130963935,0.04583173601,-0.001854806478
253.3,0.006283185307,-0.04281559822,-0.03150019635,0.04562286557,-0.0008218057416
253.35,0.006283185307,-0.04215430158,-0.03168758437,0.0454105034,0.0002121965037
253.4,0.006283185307,-0.04148463703,-0.03187189069,0.04519475634,0.001246795769
253.45,0.006283185307,-0.04080679582,-0.03205320257,0.04497573124,0.002281587566
253.5,0.006283185307,-0.04012096922,-0.03223160728,0.04475353495,0.003316167405
253.55,0.006283185307,-0.0394273485,-0.03240719208,0.0445282743,0.004350130799
253.6,0.006283185307,-0.03872612493,-0.03258004425,0.04430005615,0.005383073258
253.65,0.006283185307,-0.03801748976,-0.03275025103,0.04406898734,0.006414590293
253.7,0.006283185307,-0.03730163426,-0.03291789971,0.04383517473,0.007444277417
253.75,0.006283185307,-0.03657874969,-0.03308307755,0.04359872514,0.00847173014
253.8,0.006283185307,-0.03584902732,-0.03324587181,0.04335974544,0.009496543974
253.85,0.006283185307,-0.03511265842,-0.03340636976,0.04311834246,0.01051831443
253.9,0.006283185307,-0.03436983424,-0.03356465867,0.04287462305,0.01153663702
253.95,0.006283185307,-0.03362074606,-0.0337208258,0.04262869406,0.01255110725
254,0.006283185307,-0.03286558513,-0.03387495842,0.04238066234,0.01356132064
254.05,0.006283185307,-0.03210454272,-0.03402714379,0.04213063472,0.0145668727
254.1,0.006283185307,-0.03133781009,-0.03417746919,0.04187871806,0.01556735894
254.15,0.006283185307,-0.03056557852,-0.03432602187,0.04162501921,0.01656237486
254.2,0.006283185307,-0.02978803926,-0.0344728891,0.041369645,0.01755151599
254.25,0.006283185307,-0.02900538357,-0.03461815815,0.04111270228,0.01853437783
254.3,0.006283185307,-0.02821780273,-0.03476191629,0.04085429791,0.0195105559
254.35,0.006283185307,-0.02742548799,-0.03490425078,0.04059453871,0.0204796457
254.4,0.006283185307,-0.02662863063,-0.03504524888,0.04033353156,0.02144124274
254.45,0.006283185307,-0.0258274219,-0.03518499787,0.04007138327,0.02239494255
254.5,0.006283185307,-0.02502205307,-0.035323585,0.03980820072,0.02334034062
254.55,0.006283185307,-0.0242127154,-0.03546109755,0.03954409073,0.02427703248
254.6,0.006283185307,-0.02339960016,-0.03559762279,0.03927916015,0.02520461362
254.65,0.006283185307,-0.02258289861,-0.03573324797,0.03901351584,0.02612267957
254.7,0.006283185307,-0.02176280202,-0.03586806036,0.03874726464,0.02703082584
254.75,0.006283185307,-0.02093950165,-0.03600214724,0.03848051339,0.02792864793
254.8,0.006283185307,-0.02011318876,-0.03613559585,0.03821336894,0.02881574136
254.85,0.006283185307,-0.01928405463,-0.03626849349,0.03794593813,0.02969170164
254.9,0.006283185307,-0.01845229051,-0.03640092739,0.03767832781,0.03055612427
254.95,0.006283185307,-0.01761808766,-0.03653298485,0.03741064484,0.03140860478
255,0.006283185307,-0.01678163736,-0.03666475311,0.03714299604,0.03224873867
255.05,0.006283185307,-0.01594313087,-0.03679631945,0.03687548827,0.03307612146
255.1,0.006283185307,-0.01510275944,-0.03692777113,0.03660822838,0.03389034865
255.15,0.006283185307,-0.01426071435,-0.03705919542,0.03634132321,0.03469101576
255.2,0.006283185307,-0.01341718687,-0.03719067958,0.03607487961,0.0354777183
255.25,0.006283185307,-0.01257236824,-0.03732231088,0.03580900442,0.03625005177
255.3,0.006283185307,-0.01172644974,-0.03745417659,0.03554380449,0.0370076117
255.35,0.006283185307,-0.01087962264,-0.03758636397,0.03527938666,0.03774999359
255.4,0.006283185307,-0.01003207819,-0.0377189603,0.03501585779,0.03847679295
255.45,0.006283185307,-0.009184007669,-0.03785205282,0.03475332471,0.03918760529
255.5,0.006283185307,-0.008335602329,-0.03798572882,0.03449189427,0.03988202614
255.55,0.006283185307,-0.007487053439,-0.03812007555,0.03423167332,0.04055965099
255.6,0.006283185307,-0.006638552264,-0.03825518029,0.03397276871,0.04122007536
255.65,0.006283185307,-0.005790290067,-0.03839113029,0.03371528728,0.04186289475
255.7,0.006283185307,-0.004942458113,-0.03852801283,0.03345933587,0.04248770469
255.75,0.006283185307,-0.004095247666,-0.03866591517,0.03320502134,0.04309410069
255.8,0.006283185307,-0.003248849991,-0.03880492458,0.03295245052,0.04368167824
255.85,0.006283185307,-0.002403456352,-0.03894512833,0.03270173027,0.04425003288
255.9,0.006283185307,-0.001559258013,-0.03908661367,0.03245296743,0.0447987601
255.95,0.006283185307,-0.0007164462382,-0.03922946787,0.03220626885,0.04532745541
256,0.006283185307,0.0001247877076,-0.03937377821,0.03196174137,0.04583571434
256.05,0.006283185307,0.0009642525601,-0.03951963195,0.03171949184,0.04632313239
256.1,0.006283185307,0.001801757055,-0.03966711635,0.0314796271,0.04678930507
256.15,0.006283185307,0.002637109929,-0.03981631868,0.031242254,0.04723382789
256.2,0.006283185307,0.003470119916,-0.03996732621,0.03100747939,0.04765629637
256.25,0.006283185307,0.004300595752,-0.04012022619,0.0307754101,0.04805630601
256.3,0.006283185307,0.005128346174,-0.04027510591,0.030546153,0.04843345234
256.35,0.006283185307,0.005953179917,-0.04043205262,0.03031981492,0.04878733085
256.4,0.006283185307,0.006774905717,-0.04059115359,0.03009650272,0.04911753706
256.45,0.006283185307,0.007593332309,-0.04075249609,0.02987632322,0.04942366648
256.5,0.006283185307,0.008408268428,-0.04091616737,0.02965938329,0.04970531462
256.55,0.006283185307,0.009219522812,-0.04108225472,0.02944578977,0.049962077
256.6,0.006283185307,0.01002690419,-0.04125084539,0.0292356495,0.05019354913
256.65,0.006283185307,0.01083022131,-0.04142202666,0.02902906933,0.05039932651
256.7,0.006283185307,0.0116292829,-0.04159588578,0.02882615611,0.05057900466
256.75,0.006283185307,0.0124238977,-0.04177251002,0.02862701668,0.05073217908
256.8,0.006283185307,0.01321387443,-0.04195198665,0.02843175789,0.0508584453
256.85,0.006283185307,0.01399902185,-0.04213440294,0.02824048658,0.05095739883
256.9,0.006283185307,0.01477914867,-0.04231984614,0.0280533096,0.05102863516
256.95,0.006283185307,0.01555406365,-0.04250840354,0.02787033379,0.05107174982
257,0.006283185307,0.01632357551,-0.04270016238,0.02769166601,0.05108633832
257.05,0.006283185307,0.017087493,-0.04289520995,0.02751741309,0.05107199616
257.1,0.006283185307,0.01784562483,-0.0430936335,0.02734768189,0.05102831886
257.15,0.006283185307,0.01859777976,-0.04329552031,0.02718257925,0.05095490193
257.2,0.006283185307,0.01934376652,-0.04350095763,0.02702221201,0.05085134089
257.25,0.006283185307,0.02008339384,-0.04371003273,0.02686668702,0.05071723123
257.3,0.006283185307,0.02081647046,-0.04392283289,0.02671611113,0.05055216848
257.35,0.006283185307,0.02154280512,-0.04413944536,0.02657059119,0.05035574815
257.4,0.006283185307,0.02226220654,-0.04435995741,0.02643023403,0.05012756574
257.45,0.006283185307,0.02297448347,-0.04458445631,0.02629514651,0.04986721677
257.5,0.006283185307,0.02367944464,-0.04481302932,0.02616543547,0.04957429675
257.55,0.006283185307,0.02437689879,-0.04504576372,0.02604120776,0.04924840119
257.6,0.006283185307,0.02506665465,-0.04528274676,0.02592257022,0.04888912561
257.65,0.006283185307,0.02574852096,-0.04552406571,0.0258096297,0.0484960655
257.7,0.006283185307,0.02642230646,-0.04576980784,0.02570249304,0.0480688164
257.75,0.006283185307,0.02708781987,-0.04602006042,0.0256012671,0.04760697379
257.8,0.006283185307,0.02774486994,-0.0462749107,0.02550605871,0.04711013321
257.85,0.006283185307,0.0283932654,-0.04653444596,0.02541697472,0.04657789015
257.9,0.006283185307,0.02903281499,-0.04679875347,0.02533412199,0.04600984014
257.95,0.006283185307,0.02966332744,-0.04706792048,0.02525760735,0.04540557867
258,0.006283185307,0.03028461149,-0.04734203427,0.02518753764,0.04476470127
258.05,0.006283185307,0.03089647588,-0.0476211821,0.02512401973,0.04408680344
258.1,0.006283185307,0.03149872933,-0.04790545124,0.02506716045,0.0433714807
258.15,0.006283185307,0.03209118059,-0.04819492895,0.02501706665,0.04261832856
258.2,0.006283185307,0.03267363839,-0.0484897025,0.02497384517,0.04182694252
258.25,0.006283185307,0.03324591146,-0.04878985915,0.02493760286,0.0409969181
258.3,0.006283185307,0.03380780855,-0.04909548618,0.02490844657,0.04012785081
258.35,0.006283185307,0.03435892808,-0.04940568872,0.02488592362,0.03922220265
258.4,0.006283185307,0.03489643424,-0.04970778972,0.02486284337,0.03831693233
258.45,0.006283185307,0.03541957399,-0.04999795797,0.02483700038,0.0374234107
258.5,0.006283185307,0.03592845791,-0.05027629152,0.02480842138,0.03654156741
258.55,0.006283185307,0.03642319655,-0.05054288843,0.02477713307,0.03567133215
258.6,0.006283185307,0.03690390047,-0.05079784676,0.02474316218,0.03481263459
258.65,0.006283185307,0.03737068023,-0.05104126457,0.02470653541,0.0339654044
258.7,0.006283185307,0.0378236464,-0.05127323991,0.02466727949,0.03312957125
258.75,0.006283185307,0.03826290954,-0.05149387085,0.02462542113,0.03230506481
258.8,0.006283185307,0.03868858019,-0.05170325544,0.02458098705,0.03149181476
258.85,0.006283185307,0.03910076894,-0.05190149174,0.02453400395,0.03068975076
258.9,0.006283185307,0.03949958632,-0.05208867781,0.02448449856,0.02989880249
258.95,0.006283185307,0.03988514292,-0.0522649117,0.02443249759,0.02911889963
259,0.006283185307,0.04025754928,-0.05243029148,0.02437802776,0.02834997184
259.05,0.006283185307,0.04061691597,-0.05258491521,0.02432111578,0.02759194879
259.1,0.006283185307,0.04096335355,-0.05272888093,0.02426178836,0.02684476016
259.15,0.006283185307,0.04129697257,-0.05286228671,0.02420007223,0.02610833562
259.2,0.006283185307,0.04161788361,-0.05298523061,0.02413599409,0.02538260484
259.25,0.006283185307,0.04192619721,-0.05309781068,0.02406958067,0.0246674975
259.3,0.006283185307,0.04222202395,-0.05320012499,0.02400085868,0.02396294326
259.35,0.006283185307,0.04250547438,-0.05329227159,0.02392985483,0.0232688718
259.4,0.006283185307,0.04277665905,-0.05337434854,0.02385659583,0.02258521279
259.45,0.006283185307,0.04303568854,-0.05344645389,0.02378110842,0.0219118959
259.5,0.006283185307,0.0432826734,-0.05350868572,0.02370341929,0.02124885081
259.55,0.006283185307,0.0435177242,-0.05356114206,0.02362355517,0.02059600718
259.6,0.006283185307,0.04374095148,-0.05360392099,0.02354154276,0.01995329469
259.65,0.006283185307,0.04395246582,-0.05363712056,0.0234574088,0.01932064301
259.7,0.006283185307,0.04415237778,-0.05366083883,0.02337117998,0.01869798181
259.75,0.006283185307,0.04434079791,-0.05367517385,0.02328288303,0.01808524077
259.8,0.006283185307,0.04451783678,-0.05368022369,0.02319254466,0.01748234955
259.85,0.006283185307,0.04468360494,-0.0536760864,0.02310019159,0.01688923784
259.9,0.006283185307,0.04483821296,-0.05366286004,0.02300585053,0.01630583529
259.95,0.006283185307,0.04498177139,-0.05364064268,0.0229095482,0.01573207159
260,0.006283185307,0.04511439081,-0.05360953236,0.02281131131,0.0151678764
260.05,0.006283185307,0.04523618176,-0.05356962714,0.02271116658,0.01461317939
260.1,0.006283185307,0.04534725481,-0.05352102509,0.02260914073,0.01406791025
260.15,0.006283185307,0.04544772052,-0.05346382426,0.02250526046,0.01353199864
260.2,0.006283185307,0.04553768945,-0.05339812271,0.0223995525,0.01300537423
260.25,0.006283185307,0.04561727216,-0.05332401849,0.02229204356,0.0124879667
260.3,0.006283185307,0.04568657921,-0.05324160968,0.02218276035,0.01197970571
260.35,0.006283185307,0.04574572116,-0.05315099432,0.02207172959,0.01148052094
260.4,0.006283185307,0.04579480857,-0.05305227047,0.021958978,0.01099034207
260.45,0.006283185307,0.04583395201,-0.05294553619,0.02184453229,0.01050909876
260.5,0.006283185307,0.04586326203,-0.05283088954,0.02172841918,0.01003672068
260.55,0.006283185307,0.04588284919,-0.05270842857,0.02161066538,0.00957313751
260.6,0.006283185307,0.04589282406,-0.05257825135,0.0214912976,0.009118278921
260.65,0.006283185307,0.04589329719,-0.05244045594,0.02137034257,0.008672074584
260.7,0.006283185307,0.04588437915,-0.05229514038,0.021247827,0.00823445417
260.75,0.006283185307,0.04586618049,-0.05214240275,0.0211237776,0.007805347353
260.8,0.006283185307,0.04583881178,-0.05198234109,0.02099822108,0.007384683803
260.85,0.006283185307,0.04580238358,-0.05181505347,0.02087118417,0.006972393194
260.9,0.006283185307,0.04575700644,-0.05164063794,0.02074269359,0.006568405196
260.95,0.006283185307,0.04570279093,-0.05145919256,0.02061277603,0.006172649483
261,0.006283185307,0.04563984761,-0.05127081539,0.02048145823,0.005785055727
261.05,0.006283185307,0.04556828704,-0.05107560449,0.02034876689,0.005405553598
261.1,0.006283185307,0.04548821978,-0.05087365792,0.02021472873,0.00503407277
261.15,0.006283185307,0.04539975639,-0.05066507373,0.02007937047,0.004670542915
261.2,0.006283185307,0.04530300743,-0.05044994999,0.01994271882,0.004314893704
261.25,0.006283185307,0.04519808346,-0.05022838474,0.01980480049,0.00396705481
261.3,0.006283185307,0.04508509504,-0.05000047606,0.01966564221,0.003626955904
261.35,0.006283185307,0.04496415273,-0.04976632199,0.01952527068,0.00329452666
261.4,0.006283185307,0.0448353671,-0.04952602059,0.01938371263,0.002969696748
261.45,0.006283185307,0.0446988487,-0.04927966993,0.01924099477,0.002652395841
261.5,0.006283185307,0.04455470809,-0.04902736806,0.01909714381,0.002342553611
261.55,0.006283185307,0.04440305584,-0.04876921304,0.01895218646,0.002040099731
261.6,0.006283185307,0.0442440025,-0.04850530293,0.01880614946,0.001744963871
261.65,0.006283185307,0.04407765864,-0.04823573579,0.0186590595,0.001457075705
261.7,0.006283185307,0.04390413481,-0.04796060966,0.0185109433,0.001176364904
261.75,0.006283185307,0.04372354158,-0.04768002262,0.01836182759,0.0009027611401
261.8,0.006283185307,0.04353598951,-0.04739407272,0.01821173907,0.0006361940859
261.85,0.006283185307,0.04334158915,-0.04710285802,0.01806070446,0.0003765934133
261.9,0.006283185307,0.04314045107,-0.04680647657,0.01790875048,0.0001238887942
261.95,0.006283185307,0.04293268584,-0.04650502644,0.01775590384,-0.0001219900991
262,0.006283185307,0.042718404,-0.04619860568,0.01760219126,-0.0003611135947
262.05,0.006283185307,0.04249771612,-0.04588731236,0.01744763945,-0.0005935520205
262.1,0.006283185307,0.04227073276,-0.04557124452,0.01729227513,-0.0008193757044
262.15,0.006283185307,0.04203756448,-0.04525050023,0.01713612501,-0.001038654974
262.2,0.006283185307,0.04179832184,-0.04492517754,0.01697921581,-0.001251460158
262.25,0.006283185307,0.0415531154,-0.04459537452,0.01682157424,-0.001457861584
262.3,0.006283185307,0.04130205573,-0.04426118922,0.01666322702,-0.00165792958
262.35,0.006283185307,0.04104525338,-0.04392271969,0.01650420086,-0.001851734473
262.4,0.006283185307,0.04078281891,-0.04358006401,0.01634452249,-0.002039346592
262.45,0.006283185307,0.04051486289,-0.04323332022,0.01618421861,-0.002220836265
262.5,0.006283185307,0.04024149587,-0.04288258639,0.01602331594,-0.002396273819
262.55,0.006283185307,0.03996282842,-0.04252796057,0.01586184119,-0.002565729583
262.6,0.006283185307,0.03967897109,-0.04216954082,0.01569982109,-0.002729273884
262.65,0.006283185307,0.03939003445,-0.04180742519,0.01553728234,-0.00288697705
262.7,0.006283185307,0.03909612905,-0.04144171176,0.01537425167,-0.003038909409
262.75,0.006283185307,0.03879736546,-0.04107249857,0.01521075578,-0.00318514129
262.8,0.006283185307,0.03849385424,-0.04069988368,0.01504682139,-0.00332574302
262.85,0.006283185307,0.03818570595,-0.04032396515,0.01488247522,-0.003460784927
262.9,0.006283185307,0.03787303115,-0.03994484104,0.01471774399,-0.003590337339
262.95,0.006283185307,0.03755594039,-0.03956260941,0.0145526544,-0.003714470583
263,0.006283185307,0.03723454425,-0.03917736832,0.01438723318,-0.003833254989
263.05,0.006283185307,0.03690895327,-0.03878921581,0.01422150704,-0.003946760883
263.1,0.006283185307,0.03657927803,-0.03839824996,0.01405550269,-0.004055058594
263.15,0.006283185307,0.03624562908,-0.03800456882,0.01388924685,-0.00415821845
263.2,0.006283185307,0.03590811698,-0.03760827045,0.01372276623,-0.004256310778
263.25,0.006283185307,0.03556685229,-0.03720945291,0.01355608756,-0.004349405906
263.3,0.006283185307,0.03522194558,-0.03680821424,0.01338923754,-0.004437574163
263.35,0.006283185307,0.0348735074,-0.03640465252,0.01322224289,-0.004520885876
263.4,0.006283185307,0.03452164831,-0.0359988658,0.01305513033,-0.004599411373
263.45,0.006283185307,0.03416647888,-0.03559095214,0.01288792657,-0.004673220983
263.5,0.006283185307,0.03380810966,-0.0351810096,0.01272065833,-0.004742385033
263.55,0.006283185307,0.03344665122,-0.03476913623,0.01255335233,-0.00480697385
263.6,0.006283185307,0.03308221412,-0.0343554301,0.01238603526,-0.004867057764
263.65,0.006283185307,0.03271490891,-0.03393998925,0.01221873387,-0.004922707101
263.7,0.006283185307,0.03234484616,-0.03352291176,0.01205147485,-0.00497399219
263.75,0.006283185307,0.03197213643,-0.03310429567,0.01188428492,-0.005020983359
263.8,0.006283185307,0.03159689028,-0.03268423905,0.01171719081,-0.005063750936
263.85,0.006283185307,0.03121921826,-0.03226283995,0.01155021922,-0.005102365248
263.9,0.006283185307,0.03083923095,-0.03184019643,0.01138339687,-0.005136896624
263.95,0.006283185307,0.03045703889,-0.03141640656,0.01121675047,-0.005167415391
264,0.006283185307,0.03007275266,-0.03099156838,0.01105030675,-0.005193991877
264.05,0.006283185307,0.02968648281,-0.03056577996,0.01088409241,-0.005216696411
264.1,0.006283185307,0.02929833989,-0.03013913935,0.01071813417,-0.00523559932
264.15,0.006283185307,0.02890843448,-0.02971174461,0.01055245875,-0.005250770932
264.2,0.006283185307,0.02851687714,-0.02928369381,0.01038709286,-0.005262281575
264.25,0.006283185307,0.02812377841,-0.02885508499,0.01022206322,-0.005270201577
264.3,0.006283185307,0.02772924887,-0.02842601623,0.01005739654,-0.005274601266
264.35,0.006283185307,0.02733339908,-0.02799658556,0.00989311954,-0.00527555097
264.4,0.006283185307,0.02693633959,-0.02756689106,0.009729258934,-0.005273121017
264.45,0.006283185307,0.02653818096,-0.02713703078,0.009565841435,-0.005267381735
264.5,0.006283185307,0.02613903377,-0.02670710278,0.009402893761,-0.005258403451
264.55,0.006283185307,0.02573900855,-0.02627720512,0.009240442627,-0.005246256493
264.6,0.006283185307,0.02533821589,-0.02584743586,0.009078514747,-0.00523101119
264.65,0.006283185307,0.02493676633,-0.02541789305,0.008917136838,-0.00521273787
264.7,0.006283185307,0.02453477044,-0.02498867475,0.008756335614,-0.00519150686
264.75,0.006283185307,0.02413233878,-0.02455987902,0.008596137791,-0.005167388488
264.8,0.006283185307,0.02372958191,-0.02413160392,0.008436570084,-0.005140453082
264.85,0.006283185307,0.02332661039,-0.0237039475,0.008277659209,-0.005110770971
264.9,0.006283185307,0.02292353477,-0.02327700783,0.00811943188,-0.005078412482
264.95,0.006283185307,0.02252046563,-0.02285088296,0.007961914814,-0.005043447942
265,0.006283185307,0.02211751352,-0.02242567096,0.007805134725,-0.005005947681
265.05,0.006283185307,0.021714789,-0.02200146987,0.00764911833,-0.004965982025
265.1,0.006283185307,0.02131240264,-0.02157837776,0.007493892342,-0.004923621303
265.15,0.006283185307,0.02091046499,-0.02115649268,0.007339483479,-0.004878935843
265.2,0.006283185307,0.02050908661,-0.0207359127,0.007185918454,-0.004831995972
265.25,0.006283185307,0.02010837806,-0.02031673587,0.007033223984,-0.004782872019
265.3,0.006283185307,0.01970844991,-0.01989906025,0.006881426783,-0.004731634312
265.35,0.006283185307,0.01930941272,-0.0194829839,0.006730553567,-0.004678353177
265.4,0.006283185307,0.01891137704,-0.01906860487,0.006580631052,-0.004623098945
265.45,0.006283185307,0.01851445343,-0.01865602123,0.006431685952,-0.004565941941
265.5,0.006283185307,0.01811875247,-0.01824533103,0.006283744983,-0.004506952495
265.55,0.006283185307,0.0177243847,-0.01783663233,0.006136834861,-0.004446200933
265.6,0.006283185307,0.01733146068,-0.01743002319,0.005990982301,-0.004383757585
265.65,0.006283185307,0.01694009099,-0.01702560166,0.005846214017,-0.004319692778
265.7,0.006283185307,0.01655038618,-0.01662346581,0.005702556726,-0.00425407684
265.75,0.006283185307,0.0161624568,-0.0162237137,0.005560037143,-0.004186980098
265.8,0.006283185307,0.01577641343,-0.01582644337,0.005418681983,-0.004118472881
265.85,0.006283185307,0.01539236661,-0.01543175289,0.005278517962,-0.004048625517
265.9,0.006283185307,0.01501042692,-0.01503974032,0.005139571794,-0.003977508334
265.95,0.006283185307,0.0146307049,-0.01465050372,0.005001870195,-0.003905191659
266,0.006283185307,0.01425331113,-0.01426414114,0.004865439881,-0.00383174582
266.05,0.006283185307,0.01387835616,-0.01388075064,0.004730307567,-0.003757241146
266.1,0.006283185307,0.01350595056,-0.01350043028,0.004596499968,-0.003681747964
266.15,0.006283185307,0.01313620488,-0.01312327812,0.004464043799,-0.003605336603
266.2,0.006283185307,0.01276922968,-0.01274939222,0.004332965777,-0.00352807739
266.25,0.006283185307,0.01240513553,-0.01237887063,0.004203292615,-0.003450040652
266.3,0.006283185307,0.01204403298,-0.01201181141,0.00407505103,-0.003371296719
266.35,0.006283185307,0.0116860326,-0.01164831262,0.003948267737,-0.003291915918
266.4,0.006283185307,0.01133124495,-0.01128847232,0.003822969452,-0.003211968577
266.45,0.006283185307,0.01097978058,-0.01093238857,0.003699182889,-0.003131525023
266.5,0.006283185307,0.01063175006,-0.01058015942,0.003576934764,-0.003050655585
266.55,0.006283185307,0.01028726395,-0.01023188294,0.003456251792,-0.002969430591
266.6,0.006283185307,0.009946432802,-0.009887657178,0.003337160689,-0.002887920369
266.65,0.006283185307,0.009609367187,-0.009547580195,0.00321968817,-0.002806195246
266.7,0.006283185307,0.009276177662,-0.009211750049,0.00310386095,-0.00272432555
266.75,0.006283185307,0.008946974787,-0.008880264799,0.002989705745,-0.00264238161
266.8,0.006283185307,0.008621869122,-0.008553222503,0.00287724927,-0.002560433753
266.85,0.006283185307,0.008300971229,-0.008230721218,0.00276651824,-0.002478552308
266.9,0.006283185307,0.007984391667,-0.007912859004,0.002657539371,-0.002396807601
266.95,0.006283185307,0.007672240998,-0.007599733918,0.002550339378,-0.002315269962
267,0.006283185307,0.007364629781,-0.007291444018,0.002444944977,-0.002234009717
267.05,0.006283185307,0.007061668578,-0.006988087363,0.002341382882,-0.002153097196
267.1,0.006283185307,0.006763467948,-0.00668976201,0.00223967981,-0.002072602725
267.15,0.006283185307,0.006470138453,-0.006396566018,0.002139862474,-0.001992596634
267.2,0.006283185307,0.006181790653,-0.006108597444,0.002041957592,-0.001913149249
267.25,0.006283185307,0.005898535108,-0.005825954348,0.001945991878,-0.001834330898
267.3,0.006283185307,0.005620482379,-0.005548734787,0.001851992047,-0.001756211911
267.35,0.006283185307,0.005347743027,-0.005277036819,0.001759984815,-0.001678862613
267.4,0.006283185307,0.005080427612,-0.005010958503,0.001669996898,-0.001602353335
267.45,0.006283185307,0.004818646695,-0.004750597896,0.001582055009,-0.001526754402
267.5,0.006283185307,0.004562510835,-0.004496053057,0.001496185866,-0.001452136144
267.55,0.006283185307,0.004312130595,-0.004247422043,0.001412416183,-0.001378568888
267.6,0.006283185307,0.004067616534,-0.004004802914,0.001330772675,-0.001306122962
267.65,0.006283185307,0.003829079212,-0.003768293727,0.001251282059,-0.001234868695
267.7,0.006283185307,0.003596629191,-0.003537992539,0.001173971048,-0.001164876413
267.75,0.006283185307,0.00337037703,-0.003313997411,0.00109886636,-0.001096216445
267.8,0.006283185307,0.003150433291,-0.003096406398,0.001025994708,-0.001028959119
267.85,0.006283185307,0.002936908534,-0.002885317561,0.0009553828083,-0.0009631747634
267.9,0.006283185307,0.002729913319,-0.002680828956,0.0008870573763,-0.000898933705
267.95,0.006283185307,0.002529558207,-0.002483038642,0.0008210451274,-0.0008363062723
268,0.006283185307,0.002335953759,-0.002292044677,0.0007573727768,-0.0007753627931
268.05,0.006283185307,0.002149210535,-0.002107945119,0.0006960670398,-0.0007161735954
268.1,0.006283185307,0.001969439095,-0.001930838026,0.0006371546319,-0.0006588090072
268.15,0.006283185307,0.001796750001,-0.001760821457,0.0005806622683,-0.0006033393563
268.2,0.006283185307,0.001631253812,-0.00159799347,0.0005266166644,-0.0005498349707
268.25,0.006283185307,0.00147306109,-0.001442452122,0.0004750445356,-0.0004983661783
268.3,0.006283185307,0.001322282394,-0.001294295472,0.0004259725972,-0.0004490033071
268.35,0.006283185307,0.001179028285,-0.001153621579,0.0003794275645,-0.0004018166849
268.4,0.006283185307,0.001043409325,-0.001020528499,0.0003354361529,-0.0003568766397
268.45,0.006283185307,0.0009155360722,-0.0008951142912,0.0002940250778,-0.0003142534995
268.5,0.006283185307,0.0007955190887,-0.0007774770141,0.0002552210544,-0.000274017592
268.55,0.006283185307,0.0006834689346,-0.0006677147255,0.0002190507982,-0.0002362392454
268.6,0.006283185307,0.0005794961705,-0.0005659254836,0.0001855410244,-0.0002009887874
268.65,0.006283185307,0.0004837113568,-0.0004722073465,0.0001547184484,-0.0001683365461
268.7,0.006283185307,0.0003962250542,-0.0003866583724,0.0001266097856,-0.0001383528494
268.75,0.006283185307,0.0003171478232,-0.0003093766193,0.0001012417513,-0.0001111080251
268.8,0.006283185307,0.0002465902243,-0.0002404601454,7.864106087e-05,-8.667240125e-05
268.85,0.006283185307,0.000184662818,-0.0001800070089,5.883442963e-05,-6.511630574e-05
268.9,0.006283185307,0.0001314761649,-0.0001281152679,4.184857292e-05,-4.65100665e-05
268.95,0.006283185307,8.714082552e-05,-8.488298045e-05,2.77102061e-05,-3.092401145e-05
269,0.006283185307,5.176736039e-05,-5.040820479e-05,1.644604452e-05,-1.842846853e-05
269.05,0.006283185307,2.546633004e-05,-2.478899903e-05,8.082803518e-06,-9.093765663e-06
269.1,0.006283185307,8.348295017e-06,-8.123421291e-06,2.647198439e-06,-2.990230774e-06
269.15,0.006283185307,5.238158559e-07,-5.095297221e-07,1.659446311e-07,-1.881917924e-07
269.2,0.006283185307,0,0,0,0
269.25,0.006283185307,0,0,0,0
269.3,0.006283185307,0,0,0,0
269.35,0.006283185307,0,0,0,0
269.4,0.006283185307,0,0,0,0
269.45,0.006283185307,0,0,0,0
269.5,0.006283185307,0,0,0,0
269.55,0.006283185307,0,0,0,0
269.6,0.006283185307,0,0,0,0
269.65,0.006283185307,0,0,0,0
269.7,0.006283185307,0,0,0,0
269.75,0.006283185307,0,0,0,0
269.8,0.006283185307,0,0,0,0
269.85,0.006283185307,0,0,0,0
269.9,0.006283185307,0,0,0,0
269.95,0.006283185307,0,0,0,0
270,0.006283185307,0,0,0,0
270.05,0.006283185307,0,0,0,0
270.1,0.006283185307,0,0,0,0
270.15,0.006283185307,0,0,0,0
270.2,0.006283185307,0,0,0,0
270.25,0.006283185307,0,0,0,0
270.3,0.006283185307,0,0,0,0
270.35,0.006283185307,0,0,0,0
270.4,0.006283185307,0,0,0,0
270.45,0.006283185307,0,0,0,0
270.5,0.006283185307,0,0,0,0
270.55,0.006283185307,0,0,0,0
270.6,0.006283185307,0,0,0,0
270.65,0.006283185307,0,0,0,0
270.7,0.006283185307,0,0,0,0
270.75,0.006283185307,0,0,0,0
270.8,0.006283185307,0,0,0,0
270.85,0.006283185307,0,0,0,0
270.9,0.006283185307,0,0,0,0
270.95,0.006283185307,0,0,0,0
271,0.006283185307,0,0,0,0
271.05,0.006283185307,0,0,0,0
271.1,0.006283185307,0,0,0,0
271.15,0.006283185307,0,0,0,0
271.2,0.006283185307,0,0,0,0
271.25,0.006283185307,0,0,0,0
271.3,0.006283185307,0,0,0,0
271.35,0.006283185307,0,0,0,0
271.4,0.006283185307,0,0,0,0
271.45,0.006283185307,0,0,0,0
271.5,0.006283185307,0,0,0,0
271.55,0.006283185307,0,0,0,0
271.6,0.006283185307,0,0,0,0
271.65,0.006283185307,0,0,0,0
271.7,0.006283185307,0,0,0,0
271.75,0.006283185307,0,0,0,0
271.8,0.006283185307,0,0,0,0
271.85,0.006283185307,0,0,0,0
271.9,0.006283185307,0,0,0,0
271.95,0.006283185307,0,0,0,0
272,0.006283185307,0,0,0,0
272.05,0.006283185307,0,0,0,0
272.1,0.006283185307,0,0,0,0
272.15,0.006283185307,0,0,0,0
272.2,0.006283185307,0,0,0,0
272.25,0.006283185307,0,0,0,0
272.3,0.006283185307,0,0,0,0
272.35,0.006283185307,0,0,0,0
272.4,0.006283185307,0,0,0,0
272.45,0.006283185307,0,0,0,0
272.5,0.006283185307,0,0,0,0
272.55,0.006283185307,0,0,0,0
272.6,0.006283185307,0,0,0,0
272.65,0.006283185307,0,0,0,0
272.7,0.006283185307,0,0,0,0
272.75,0.006283185307,0,0,0,0
272.8,0.006283185307,0,0,0,0
272.85,0.006283185307,0,0,0,0
272.9,0.006283185307,0,0,0,0
272.95,0.006283185307,0,0,0,0
273,0.006283185307,0,0,0,0
273.05,0.006283185307,0,0,0,0
273.1,0.006283185307,0,0,0,0
273.15,0.006283185307,0,0,0,0
273.2,0.006283185307,0,0,0,0
273.25,0.006283185307,0,0,0,0
273.3,0.006283185307,0,0,0,0
273.35,0.006283185307,0,0,0,0
273.4,0.006283185307,0,0,0,0
273.45,0.006283185307,0,0,0,0
273.5,0.006283185307,0,0,0,0
273.55,0.006283185307,0,0,0,0
273.6,0.006283185307,0,0,0,0
273.65,0.006283185307,0,0,0,0
273.7,0.006283185307,0,0,0,0
273.75,0.006283185307,0,0,0,0
273.8,0.006283185307,0,0,0,0
273.85,0.006283185307,0,0,0,0
273.9,0.006283185307,0,0,0,0
273.95,0.006283185307,0,0,0,0
274,0.006283185307,0,0,0,0
274.05,0.006283185307,0,0,0,0
274.1,0.006283185307,0,0,0,0
274.15,0.006283185307,0,0,0,0
274.2,0.006283185307,0,0,0,0
274.25,0.006283185307,0,0,0,0
274.3,0.006283185307,0,0,0,0
274.35,0.006283185307,0,0,0,0
274.4,0.006283185307,0,0,0,0
274.45,0.006283185307,0,0,0,0
274.5,0.006283185307,0,0,0,0
274.55,0.006283185307,0,0,0,0
274.6,0.006283185307,0,0,0,0
274.65,0.006283185307,0,0,0,0
274.7,0.006283185307,0,0,0,0
274.75,0.006283185307,0,0,0,0
274.8,0.006283185307,0,0,0,0
274.85,0.006283185307,0,0,0,0
274.9,0.006283185307,0,0,0,0
274.95,0.006283185307,0,0,0,0
275,0.006283185307,0,0,0,0
275.05,0.006283185307,0,0,0,0
275.1,0.006283185307,0,0,0,0
275.15,0.006283185307,0,0,0,0
275.2,0.006283185307,0,0,0,0
275.25,0.006283185307,0,0,0,0
275.3,0.006283185307,0,0,0,0
275.35,0.006283185307,0,0,0,0
275.4,0.006283185307,0,0,0,0
275.45,0.006283185307,0,0,0,0
275.5,0.006283185307,0,0,0,0
275.55,0.006283185307,0,0,0,0
275.6,0.006283185307,0,0,0,0
275.65,0.006283185307,0,0,0,0
275.7,0.006283185307,0,0,0,0
275.75,0.006283185307,0,0,0,0
275.8,0.006283185307,0,0,0,0
275.85,0.006283185307,0,0,0,0
275.9,0.006283185307,0,0,0,0
275.95,0.006283185307,0,0,0,0
276,0.006283185307,0,0,0,0
276.05,0.006283185307,0,0,0,0
276.1,0.006283185307,0,0,0,0
276.15,0.006283185307,0,0,0,0
276.2,0.006283185307,0,0,0,0
276.25,0.006283185307,0,0,0,0
276.3,0.006283185307,0,0,0,0
276.35,0.006283185307,0,0,0,0
276.4,0.006283185307,0,0,0,0
276.45,0.006283185307,0,0,0,0
276.5,0.006283185307,0,0,0,0
276.55,0.006283185307,0,0,0,0
276.6,0.006283185307,0,0,0,0
276.65,0.006283185307,0,0,0,0
276.7,0.006283185307,0,0,0,0
276.75,0.006283185307,0,0,0,0
276.8,0.006283185307,0,0,0,0
276.85,0.006283185307,0,0,0,0
276.9,0.006283185307,0,0,0,0
276.95,0.006283185307,0,0,0,0
277,0.006283185307,0,0,0,0
277.05,0.006283185307,0,0,0,0
277.1,0.006283185307,0,0,0,0
277.15,0.006283185307,0,0,0,0
277.2,0.006283185307,0,0,0,0
277.25,0.006283185307,0,0,0,0
277.3,0.006283185307,0,0,0,0
277.35,0.006283185307,0,0,0,0
277.4,0.006283185307,0,0,0,0
277.45,0.006283185307,0,0,0,0
277.5,0.006283185307,0,0,0,0
277.55,0.006283185307,0,0,0,0
277.6,0.006283185307,0,0,0,0
277.65,0.006283185307,0,0,0,0
277.7,0.006283185307,0,0,0,0
277.75,0.006283185307,0,0,0,0
277.8,0.006283185307,0,0,0,0
277.85,0.006283185307,0,0,0,0
277.9,0.006283185307,0,0,0,0
277.95,0.006283185307,0,0,0,0
278,0.006283185307,0,0,0,0
278.05,0.006283185307,0,0,0,0
278.1,0.006283185307,0,0,0,0
278.15,0.006283185307,0,0,0,0
278.2,0.006283185307,0,0,0,0
278.25,0.006283185307,0,0,0,0
278.3,0.006283185307,0,0,0,0
278.35,0.006283185307,0,0,0,0
278.4,0.006283185307,0,0,0,0
278.45,0.006283185307,0,0,0,0
278.5,0.006283185307,0,0,0,0
278.55,0.006283185307,0,0,0,0
278.6,0.006283185307,0,0,0,0
278.65,0.006283185307,0,0,0,0
278.7,0.006283185307,0,0,0,0
278.75,0.006283185307,0,0,0,0
278.8,0.006283185307,0,0,0,0
278.85,0.006283185307,0,0,0,0
278.9,0.006283185307,0,0,0,0
278.95,0.006283185307,0,0,0,0
279,0.006283185307,0,0,0,0
279.05,0.006283185307,0,0,0,0
279.1,0.006283185307,0,0,0,0
279.15,0.006283185307,0,0,0,0
279.2,0.006282626827,0,0,0,0
279.25,0.006279695618,0,0,0,0
279.3,0.006274255573,0,0,0,0
279.35,0.006266313214,0,0,0,0
279.4,0.006255878057,0,0,0,0
279.45,0.006242962593,0,0,0,0
279.5,0.006227582262,0,0,0,0
279.55,0.006209755423,0,0,0,0
279.6,0.006189503319,0,0,0,0
279.65,0.00616685003,0,0,0,0
279.7,0.00614182243,0,0,0,0
279.75,0.006114450134,0,0,0,0
279.8,0.006084765434,0,0,0,0
279.85,0.006052803244,0,0,0,0
279.9,0.006018601023,0,0,0,0
279.95,0.005982198709,0,0,0,0
280,0.005943638636,0,0,0,0
280.05,0.005902965455,0,0,0,0
280.1,0.005860226048,0,0,0,0
280.15,0.005815469434,0,0,0,0
280.2,0.005768746682,0,0,0,0
280.25,0.00572011081,0,0,0,0
280.3,0.005669616682,0,0,0,0
280.35,0.005617320912,0,0,0,0
280.4,0.005563281753,0,0,0,0
280.45,0.005507558992,0,0,0,0
280.5,0.005450213838,0,0,0,0
280.55,0.005391308811,0,0,0,0
280.6,0.005330907631,0,0,0,0
280.65,0.005269075099,0,0,0,0
280.7,0.005205876989,0,0,0,0
280.75,0.005141379923,0,0,0,0
280.8,0.005075651262,0,0,0,0
280.85,0.005008758988,0,0,0,0
280.9,0.004940771588,0,0,0,0
280.95,0.004871757935,0,0,0,0
281,0.004801787179,0,0,0,0
281.05,0.00473092863,0,0,0,0
281.1,0.004659251646,0,0,0,0
281.15,0.004586825523,0,0,0,0
281.2,0.004513719384,0,0,0,0
281.25,0.004440002077,0,0,0,0
281.3,0.004365742062,0,0,0,0
281.35,0.004291007315,0,0,0,0
281.4,0.004215865229,0,0,0,0
281.45,0.004140382511,0,0,0,0
281.5,0.004064625094,0,0,0,0
281.55,0.003988658043,0,0,0,0
281.6,0.00391254547,0,0,0,0
281.65,0.003836350449,0,0,0,0
281.7,0.003760134937,0,0,0,0
281.75,0.003683959694,0,0,0,0
281.8,0.003607884216,0,0,0,0
281.85,0.003531966663,0,0,0,0
281.9,0.003456263795,0,0,0,0
281.95,0.003380830911,0,0,0,0
282,0.003305721795,0,0,0,0
282.05,0.003230988661,0,0,0,0
282.1,0.00315668211,0,0,0,0
282.15,0.00308285108,0,0,0,0
282.2,0.003009542812,0,0,0,0
282.25,0.002936802812,0,0,0,0
282.3,0.002864674824,0,0,0,0
282.35,0.002793200798,0,0,0,0
282.4,0.002722420872,0,0,0,0
282.45,0.002652373353,0,0,0,0
282.5,0.002583094703,0,0,0,0
282.55,0.002514619528,0,0,0,0
282.6,0.00244698057,0,0,0,0
282.65,0.002380208711,0,0,0,0
282.7,0.002314332967,0,0,0,0
282.75,0.002249380498,0,0,0,0
282.8,0.002185376615,0,0,0,0
282.85,0.002122344791,0,0,0,0
282.9,0.002060306677,0,0,0,0
282.95,0.001999282123,0,0,0,0
283,0.001939289194,0,0,0,0
283.05,0.001880344198,0,0,0,0
283.1,0.001822461714,0,0,0,0
283.15,0.001765654619,0,0,0,0
283.2,0.001709934121,0,0,0,0
283.25,0.001655309793,0,0,0,0
283.3,0.001601789611,0,0,0,0
283.35,0.00154937999,0,0,0,0
283.4,0.001498085827,0,0,0,0
283.45,0.001447910541,0,0,0,0
283.5,0.001398856118,0,0,0,0
283.55,0.001350923155,0,0,0,0
283.6,0.001304110906,0,0,0,0
283.65,0.00125841733,0,0,0,0
283.7,0.001213839137,0,0,0,0
283.75,0.001170371841,0,0,0,0
283.8,0.001128009804,0,0,0,0
283.85,0.001086746291,0,0,0,0
283.9,0.001046573517,0,0,0,0
283.95,0.001007482701,0,0,0,0
284,0.0009694641115,0,0,0,0
284.05,0.0009325071228,0,0,0,0
284.1,0.0008966002613,0,0,0,0
284.15,0.0008617312581,0,0,0,0
284.2,0.0008278870979,0,0,0,0
284.25,0.0007950540686,0,0,0,0
284.3,0.0007632178105,0,0,0,0
284.35,0.0007323633641,0,0,0,0
284.4,0.0007024752176,0,0,0,0
284.45,0.0006735373538,0,0,0,0
284.5,0.0006455332955,0,0,0,0
284.55,0.0006184461504,0,0,0,0
284.6,0.0005922586549,0,0,0,0
284.65,0.0005669532166,0,0,0,0
284.7,0.0005425119556,0,0,0,0
284.75,0.0005189167452,0,0,0,0
284.8,0.0004961492506,0,0,0,0
284.85,0.0004741909664,0,0,0,0
284.9,0.0004530232535,0,0,0,0
284.95,0.0004326273742,0,0,0,0
285,0.0004129845253,0,0,0,0
285.05,0.0003940758709,0,0,0,0
285.1,0.0003758825734,0,0,0,0
285.15,0.0003583858227,0,0,0,0
285.2,0.0003415668646,0,0,0,0
285.25,0.0003254070271,0,0,0,0
285.3,0.0003098877463,0,0,0,0
285.35,0.0002949905897,0,0,0,0
285.4,0.000280697279,0,0,0,0
285.45,0.0002669897113,0,0,0,0
285.5,0.0002538499785,0,0,0,0
285.55,0.0002412603859,0,0,0,0
285.6,0.0002292034697,0,0,0,0
285.65,0.0002176620121,0,0,0,0
285.7,0.0002066190562,0,0,0,0
285.75,0.0001960579195,0,0,0,0
285.8,0.0001859622054,0,0,0,0
285.85,0.0001763158149,0,0,0,0
285.9,0.0001671029556,0,0,0,0
285.95,0.000158308151,0,0,0,0
286,0.0001499162478,0,0,0,0
286.05,0.0001419124223,0,0,0,0
286.1,0.0001342821867,0,0,0,0
286.15,0.0001270113928,0,0,0,0
286.2,0.0001200862366,0,0,0,0
286.25,0.0001134932605,0,0,0,0
286.3,0.0001072193558,0,0,0,0
286.35,0.0001012517635,0,0,0,0
286.4,9.557807536e-05,0,0,0,0
286.45,9.018623317e-05,0,0,0,0
286.5,8.506452815e-05,0,0,0,0
286.55,8.020159933e-05,0,0,0,0
286.6,7.558643152e-05,0,0,0,0
286.65,7.120835259e-05,0,0,0,0
286.7,6.705703034e-05,0,0,0,0
286.75,6.312246888e-05,0,0,0,0
286.8,5.939500448e-05,0,0,0,0
286.85,5.586530114e-05,0,0,0,0
286.9,5.252434571e-05,0,0,0,0
286.95,4.936344266e-05,0,0,0,0
287,4.637420864e-05,0,0,0,0
287.05,4.354856664e-05,0,0,0,0
287.1,4.087873999e-05,0,0,0,0
287.15,3.83572461e-05,0,0,0,0
287.2,3.597689007e-05,0,0,0,0
287.25,3.373075806e-05,0,0,0,0
287.3,3.161221057e-05,0,0,0,0
287.35,2.961487562e-05,0,0,0,0
287.4,2.773264178e-05,0,0,0,0
287.45,2.595965122e-05,0,0,0,0
287.5,2.429029262e-05,0,0,0,0
287.55,2.271919412e-05,0,0,0,0
287.6,2.124121624e-05,0,0,0,0
287.65,1.985144479e-05,0,0,0,0
287.7,1.854518382e-05,0,0,0,0
287.75,1.731794863e-05,0,0,0,0
287.8,1.616545875e-05,0,0,0,0
287.85,1.508363111e-05,0,0,0,0
287.9,1.406857317e-05,0,0,0,0
287.95,1.311657621e-05,0,0,0,0
288,1.222410868e-05,0,0,0,0
288.05,1.138780967e-05,0,0,0,0
288.1,1.060448251e-05,0,0,0,0
288.15,9.871088422e-06,0,0,0,0
288.2,9.184740416e-06,0,0,0,0
288.25,8.542697204e-06,0,0,0,0
288.3,7.942357322e-06,0,0,0,0
288.35,7.381253362e-06,0,0,0,0
288.4,6.857046364e-06,0,0,0,0
288.45,6.367520346e-06,0,0,0,0
288.5,5.910576992e-06,0,0,0,0
288.55,5.484230487e-06,0,0,0,0
288.6,5.086602504e-06,0,0,0,0
288.65,4.715917347e-06,0,0,0,0
288.7,4.37049725e-06,0,0,0,0
288.75,4.048757821e-06,0,0,0,0
288.8,3.749203647e-06,0,0,0,0
288.85,3.470424046e-06,0,0,0,0
288.9,3.211088972e-06,0,0,0,0
288.95,2.969945066e-06,0,0,0,0
289,2.745811857e-06,0,0,0,0
289.05,2.537578102e-06,0,0,0,0
289.1,2.344198275e-06,0,0,0,0
289.15,2.16468919e-06,0,0,0,0
289.2,1.998126763e-06,0,0,0,0
289.25,1.84364291e-06,0,0,0,0
289.3,1.700422568e-06,0,0,0,0
289.35,1.567700856e-06,0,0,0,0
289.4,1.444760345e-06,0,0,0,0
289.45,1.330928461e-06,0,0,0,0
289.5,1.225575002e-06,0,0,0,0
289.55,1.128109764e-06,0,0,0,0
289.6,1.037980283e-06,0,0,0,0
289.65,9.54669686e-07,0,0,0,0
289.7,8.776946337e-07,0,0,0,0
289.75,8.066033767e-07,0,0,0,0
289.8,7.409739001e-07,0,0,0,0
289.85,6.804121622e-07,0,0,0,0
289.9,6.245504237e-07,0,0,0,0
289.95,5.730456616e-07,0,0,0,0
290,5.255780663e-07,0,0,0,0
290.05,4.818496177e-07,0,0,0,0
290.1,4.41582737e-07,0,0,0,0
290.15,4.045190115e-07,0,0,0,0
290.2,3.704179893e-07,0,0,0,0
290.25,3.390560396e-07,0,0,0,0
290.3,3.102252776e-07,0,0,0,0
290.35,2.837325499e-07,0,0,0,0
290.4,2.593984774e-07,0,0,0,0
290.45,2.370565536e-07,0,0,0,0
290.5,2.165522957e-07,0,0,0,0
290.55,1.977424452e-07,0,0,0,0
290.6,1.804942165e-07,0,0,0,0
290.65,1.6468459e-07,0,0,0,0
290.7,1.50199649e-07,0,0,0,0
290.75,1.369339558e-07,0,0,0,0
290.8,1.247899681e-07,0,0,0,0
290.85,1.136774898e-07,0,0,0,0
290.9,1.03513158e-07,0,0,0,0
290.95,9.421996189e-08,0,0,0,0
291,8.5726792e-08,0,0,0,0
291.05,7.796801944e-08,0,0,0,0
291.1,7.088310196e-08,0,0,0,0
291.15,6.441621597e-08,0,0,0,0
291.2,5.851591307e-08,0,0,0,0
291.25,5.313479936e-08,0,0,0,0
291.3,4.822923643e-08,0,0,0,0
291.35,4.375906256e-08,0,0,0,0
291.4,3.9687333e-08,0,0,0,0
291.45,3.598007821e-08,0,0,0,0
291.5,3.260607874e-08,0,0,0,0
291.55,2.953665602e-08,0,0,0,0
291.6,2.674547773e-08,0,0,0,0
291.65,2.420837713e-08,0,0,0,0
291.7,2.190318519e-08,0,0,0,0
291.75,1.980957491e-08,0,0,0,0
291.8,1.790891683e-08,0,0,0,0
291.85,1.618414515e-08,0,0,0,0
291.9,1.461963374e-08,0,0,0,0
291.95,1.32010812e-08,0,0,0,0
292,1.191540462e-08,0,0,0,0
292.05,1.075064123e-08,0,0,0,0
292.1,9.69585753e-09,0,0,0,0
292.15,8.741065289e-09,0,0,0,0
292.2,7.877144004e-09,0,0,0,0
292.25,7.095769316e-09,0,0,0,0
292.3,6.389346978e-09,0,0,0,0
292.35,5.750951976e-09,0,0,0,0
292.4,5.174272427e-09,0,0,0,0
292.45,4.653557909e-09,0,0,0,0
292.5,4.183571896e-09,0,0,0,0
292.55,3.759547993e-09,0,0,0,0
292.6,3.377149697e-09,0,0,0,0
292.65,3.032433408e-09,0,0,0,0
292.7,2.721814451e-09,0,0,0,0
292.75,2.442035881e-09,0,0,0,0
292.8,2.190139854e-09,0,0,0,0
292.85,1.963441372e-09,0,0,0,0
292.9,1.759504207e-09,0,0,0,0
292.95,1.576118852e-09,0,0,0,0
293,1.411282317e-09,0,0,0,0
293.05,1.263179644e-09,0,0,0,0
293.1,1.130166992e-09,0,0,0,0
293.15,1.010756172e-09,0,0,0,0
293.2,9.036005089e-10,0,0,0,0
293.25,8.074819332e-10,0,0,0,0
293.3,7.212991885e-10,0,0,0,0
293.35,6.440570749e-10,0,0,0,0
293.4,5.748566361e-10,0,0,0,0
293.45,5.128862135e-10,0,0,0,0
293.5,4.574132951e-10,0,0,0,0
293.55,4.077770917e-10,0,0,0,0
293.6,3.63381779e-10,0,0,0,0
293.65,3.236903496e-10,0,0,0,0
293.7,2.882190211e-10,0,0,0,0
293.75,2.565321543e-10,0,0,0,0
293.8,2.282376357e-10,0,0,0,0
293.85,2.029826853e-10,0,0,0,0
293.9,1.804500511e-10,0,0,0,0
293.95,1.603545575e-10,0,0,0,0
294,1.424399747e-10,0,0,0,0
294.05,1.264761831e-10,0,0,0,0
294.1,1.122566029e-10,0,0,0,0
294.15,9.959586833e-11,0,0,0,0
294.2,8.832772233e-11,0,0,0,0
294.25,7.830311208e-11,0,0,0,0
294.3,6.938846762e-11,0,0,0,0
294.35,6.146414609e-11,0,0,0,0
294.4,5.442302662e-11,0,0,0,0
294.45,4.816924183e-11,0,0,0,0
294.5,4.261703323e-11,0,0,0,0
294.55,3.768971885e-11,0,0,0,0
294.6,3.331876265e-11,0,0,0,0
294.65,2.944293592e-11,0,0,0,0
294.7,2.600756215e-11,0,0,0,0
294.75,2.296383716e-11,0,0,0,0
294.8,2.026821741e-11,0,0,0,0
294.85,1.788186995e-11,0,0,0,0
294.9,1.577017789e-11,0,0,0,0
294.95,1.390229611e-11,0,0,0,0
295,1.225075231e-11,0,0,0,0
295.05,1.079108879e-11,0,0,0,0
295.1,9.501541176e-12,0,0,0,0
295.15,8.362750229e-12,0,0,0,0
295.2,7.357503532e-12,0,0,0,0
295.25,6.470504071e-12,0,0,0,0
295.3,5.688162994e-12,0,0,0,0
295.35,4.998414095e-12,0,0,0,0
295.4,4.390547851e-12,0,0,0,0
295.45,3.855062994e-12,0,0,0,0
295.5,3.38353385e-12,0,0,0,0
295.55,2.968491806e-12,0,0,0,0
295.6,2.603319464e-12,0,0,0,0
295.65,2.282156162e-12,0,0,0,0
295.7,1.999813676e-12,0,0,0,0
295.75,1.751701056e-12,0,0,0,0
295.8,1.533757614e-12,0,0,0,0
295.85,1.342393231e-12,0,0,0,0
295.9,1.174435196e-12,0,0,0,0
295.95,1.02708088e-12,0,0,0,0
296,8.978556358e-13,0,0,0,0
296.05,7.845753585e-13,0,0,0,0
296.1,6.853132e-13,0,0,0,0
296.15,5.98370001e-13,0,0,0,0
296.2,5.222480292e-13,0,0,0,0
296.25,4.556276688e-13,0,0,0,0
296.3,3.973467374e-13,0,0,0,0
296.35,3.463821436e-13,0,0,0,0
296.4,3.018336266e-13,0,0,0,0
296.45,2.629093493e-13,0,0,0,0
296.5,2.289131392e-13,0,0,0,0
296.55,1.992331925e-13,0,0,0,0
296.6,1.733320802e-13,0,0,0,0
296.65,1.50737909e-13,0,0,0,0
296.7,1.310365065e-13,0,0,0,0
296.75,1.138645169e-13,0,0,0,0
296.8,9.890330214e-14,0,0,0,0
296.85,8.587355813e-14,0,0,0,0
296.9,7.453056379e-14,0,0,0,0
296.95,6.465999059e-14,0,0,0,0
297,5.607420821e-14,0,0,0,0
297.05,4.86090289e-14,0,0,0,0
297.1,4.212083986e-14,0,0,0,0
297.15,3.648407851e-14,0,0,0,0
297.2,3.158901057e-14,0,0,0,0
297.25,2.733977569e-14,0,0,0,0
297.3,2.365266894e-14,0,0,0,0
297.35,2.045463063e-14,0,0,0,0
297.4,1.768191961e-14,0,0,0,0
297.45,1.527894841e-14,0,0,0,0
297.5,1.319726081e-14,0,0,0,0
297.55,1.139463496e-14,0,0,0,0
297.6,9.834296904e-15,0,0,0,0
297.65,8.484231249e-15,0,0,0,0
297.7,7.316577228e-15,0,0,0,0
297.75,6.307099856e-15,0,0,0,0
297.8,5.434727022e-15,0,0,0,0
297.85,4.681144479e-15,0,0,0,0
297.9,4.030441648e-15,0,0,0,0
297.95,3.468802014e-15,0,0,0,0
298,2.984232595e-15,0,0,0,0
298.05,2.566327684e-15,0,0,0,0
298.1,2.206062591e-15,0,0,0,0
298.15,1.895613678e-15,0,0,0,0
298.2,1.628201384e-15,0,0,0,0
298.25,1.397953377e-15,0,0,0,0
298.3,1.199785303e-15,0,0,0,0
298.35,1.029296913e-15,0,0,0,0
298.4,8.826816227e-16,0,0,0,0
298.45,7.566478138e-16,0,0,0,0
298.5,6.483503664e-16,0,0,0,0
298.55,5.553311333e-16,0,0,0,0
298.6,4.754672029e-16,0,0,0,0
298.65,4.069259546e-16,0,0,0,0
298.7,3.481260311e-16,0,0,0,0
298.75,2.977034646e-16,0,0,0,0
298.8,2.544822882e-16,0,0,0,0
298.85,2.174490505e-16,0,0,0,0
298.9,1.857307243e-16,0,0,0,0
298.95,1.585755664e-16,0,0,0,0
299,1.35336541e-16,0,0,0,0
299.05,1.154569699e-16,0,0,0,0
299.1,9.845811596e-17,0,0,0,0
299.15,8.392844348e-17,0,0,0,0
299.2,7.151433405e-17,0,0,0,0
299.25,6.091206332e-17,0,0,0,0
299.3,5.186087086e-17,0,0,0,0
299.35,4.413697673e-17,0,0,0,0
299.4,3.754841771e-17,0,0,0,0
299.45,3.193059281e-17,0,0,0,0
299.5,2.714242239e-17,0,0,0,0
299.55,2.306303776e-17,0,0,0,0
299.6,1.958892925e-17,0,0,0,0
299.65,1.663149032e-17,0,0,0,0
299.7,1.41149037e-17,0,0,0,0
299.75,1.197432258e-17,0,0,0,0
299.8,1.015430655e-17,0,0,0,0
299.85,8.607476957e-18,0,0,0,0
299.9,7.293361657e-18,0,0,0,0
299.95,6.177402686e-18,0,0,0,0
300,5.230104397e-18,0,0,0,0
