time_ns,u_X1,u_Y1,u_X2,u_Y2
0,0,0,0,0
0.03751875938,6.4115731e-07,6.411688295e-07,4.394179419e-07,-4.394257856e-07
0.07503751876,2.560489503e-06,2.560535506e-06,1.755880754e-06,-1.755912082e-06
0.1125562781,5.751786971e-06,5.751890313e-06,3.946701917e-06,-3.946772298e-06
0.1500750375,1.020884011e-05,1.020902353e-05,7.00919491e-06,-7.009319844e-06
0.1875937969,1.592543931e-05,1.592572545e-05,1.094067321e-05,-1.094086813e-05
0.2251125563,2.289537497e-05,2.289578634e-05,1.573845031e-05,-1.573873056e-05
0.2626313157,3.111243747e-05,3.111299649e-05,2.139983967e-05,-2.140022055e-05
0.300150075,4.057041722e-05,4.057114618e-05,2.792215478e-05,-2.79226515e-05
0.3376688344,5.126310461e-05,5.12640257e-05,3.530270912e-05,-3.530333683e-05
0.3751875938,6.318429003e-05,6.318542533e-05,4.353881618e-05,-4.353958994e-05
0.4127063532,7.632776387e-05,7.632913534e-05,5.262778942e-05,-5.262872425e-05
0.4502251126,9.068731653e-05,9.068894603e-05,6.256694233e-05,-6.256805315e-05
0.4877438719,0.0001062567384,0.0001062586477,7.335358839e-05,-7.335489007e-05
0.5252626313,0.0001230298199,0.0001230320306,8.498504108e-05,-8.498654841e-05
0.5627813907,0.0001410003513,0.000141002885,9.745861388e-05,-9.746034159e-05
0.6003001501,0.0001601621232,0.0001601650012,0.0001107716203,-0.000110773583
0.6378189095,0.0001805089258,0.0001805121695,0.0001249213737,-0.0001249235861
0.6753376688,0.0002020345497,0.0002020381801,0.0001399051877,-0.0001399076642
0.7128564282,0.0002247327851,0.0002247368234,0.0001557203758,-0.0001557231308
0.7503751876,0.0002485974224,0.0002486018897,0.0001723642513,-0.0001723672992
0.787893947,0.0002736222521,0.0002736271691,0.0001898341279,-0.000189837483
0.8254127064,0.0002998010646,0.0002998064521,0.0002081273189,-0.0002081309954
0.8629314657,0.0003271276502,0.0003271335288,0.0002272411378,-0.0002272451499
0.9004502251,0.0003555957994,0.0003556021896,0.0002471728982,-0.00024717726
0.9379689845,0.0003851993025,0.0003852062248,0.0002679199135,-0.000267924639
0.9754877439,0.0004159319499,0.0004159394245,0.0002894794971,-0.0002894846003
1.013006503,0.000447787532,0.0004477955792,0.0003118489627,-0.0003118544573
1.050525263,0.0004807598393,0.0004807684791,0.0003350256236,-0.0003350315235
1.088044022,0.000514842662,0.0005148519145,0.0003590067933,-0.0003590131123
1.125562781,0.0005500297907,0.0005500396756,0.0003837897853,-0.000383796537
1.163081541,0.0005863150156,0.0005863255527,0.0004093719132,-0.0004093791111
1.2006003,0.0006236921273,0.0006237033362,0.0004357504902,-0.000435758148
1.23811906,0.000662154916,0.0006621668163,0.0004629228301,-0.0004629309611
1.275637819,0.0007016971722,0.0007017097833,0.0004908862461,-0.0004908948638
1.313156578,0.0007423126862,0.0007423260274,0.0005196380519,-0.0005196471695
1.350675338,0.0007839952485,0.000784009339,0.0005491755609,-0.0005491851916
1.388194097,0.0008267386495,0.0008267535083,0.0005794960865,-0.0005795062435
1.425712856,0.0008705366795,0.0008705523257,0.0006105969422,-0.0006106076387
1.463231616,0.000915383129,0.0009153995814,0.0006424754416,-0.0006424866906
1.500750375,0.0009612717883,0.0009612890656,0.0006751288981,-0.0006751407125
1.538269135,0.001008196448,0.001008214569,0.0007085546252,-0.0007085670178
1.575787894,0.001056150898,0.001056169881,0.0007427499364,-0.0007427629201
1.613306653,0.001105128929,0.001105148793,0.0007777121451,-0.0007777257326
1.650825413,0.001155124332,0.001155145094,0.0008134385648,-0.0008134527689
1.688344172,0.001206130896,0.001206152575,0.0008499265091,-0.0008499413422
1.725862931,0.001258142413,0.001258165027,0.0008871732913,-0.0008871887661
1.763381691,0.001311152672,0.001311176239,0.000925176225,-0.0009251923538
1.80090045,0.001365155464,0.001365180002,0.0009639326236,-0.000963949419
1.83841921,0.001420144579,0.001420170107,0.001003439801,-0.001003457275
1.875937969,0.001476113809,0.001476140342,0.00104369507,-0.001043713235
1.913456728,0.001533056942,0.0015330845,0.001084695744,-0.001084714612
1.950975488,0.00159096777,0.001590996369,0.001126439137,-0.001126458721
1.988494247,0.001649840083,0.00164986974,0.001168922563,-0.001168942874
2.026013007,0.001709667671,0.001709698404,0.001212143334,-0.001212164385
2.063531766,0.001770444325,0.001770476151,0.001256098765,-0.001256120566
2.101050525,0.001832163836,0.001832196771,0.001300786168,-0.001300808733
2.138569285,0.001894819992,0.001894854055,0.001346202858,-0.001346226197
2.176088044,0.001958406586,0.001958441792,0.001392346148,-0.001392370273
2.213606803,0.002022917407,0.002022953773,0.00143921335,-0.001439238274
2.251125563,0.002088346245,0.002088383788,0.00148680178,-0.001486827513
2.288644322,0.002154686892,0.002154725628,0.001535108749,-0.001535135304
2.326163082,0.002221933137,0.002221973082,0.001584131573,-0.00158415896
2.363681841,0.002290078771,0.002290119942,0.001633867563,-0.001633895794
2.4012006,0.002359117585,0.002359159997,0.001684314034,-0.00168434312
2.43871936,0.002429043368,0.002429087038,0.001735468299,-0.001735498251
2.476238119,0.002499849911,0.002499894854,0.001787327672,-0.001787358501
2.513756878,0.002571531004,0.002571577237,0.001839889466,-0.001839921184
2.551275638,0.002644080439,0.002644127976,0.001893150994,-0.001893183611
2.588794397,0.002717492005,0.002717540863,0.001947109571,-0.001947143098
2.626313157,0.002791759492,0.002791809686,0.002001762508,-0.002001796957
2.663831916,0.002866876691,0.002866928236,0.002057107121,-0.002057142502
2.701350675,0.002942837393,0.002942890304,0.002113140723,-0.002113177045
2.738869435,0.003019635387,0.00301968968,0.002169860626,-0.002169897902
2.776388194,0.003097264465,0.003097320155,0.002227264145,-0.002227302384
2.813906953,0.003175718417,0.003175775517,0.002285348592,-0.002285387806
2.851425713,0.003254991032,0.003255049559,0.002344111282,-0.002344151481
2.888944472,0.003335076102,0.003335136069,0.002403549528,-0.002403590721
2.926463232,0.003415967416,0.003416028839,0.002463660643,-0.002463702842
2.963981991,0.003497658766,0.003497721658,0.002524441941,-0.002524485155
3.00150075,0.003580143942,0.003580208318,0.002585890736,-0.002585934975
3.03901951,0.003663416733,0.003663482607,0.00264800434,-0.002648049615
3.076538269,0.00374747093,0.003747538317,0.002710780067,-0.002710826387
3.114057029,0.003832300325,0.003832369238,0.002774215231,-0.002774262607
3.151575788,0.003917898706,0.003917969159,0.002838307145,-0.002838355587
3.189094547,0.004004259866,0.004004331872,0.002903053123,-0.00290310264
3.226613307,0.004091377593,0.004091451167,0.002968450479,-0.00296850108
3.264132066,0.004179245678,0.004179320833,0.003034496525,-0.00303454822
3.301650825,0.004267857912,0.004267934662,0.003101188575,-0.003101241374
3.339169585,0.004357208085,0.004357286443,0.003168523942,-0.003168577855
3.376688344,0.004447289988,0.004447369966,0.003236499941,-0.003236554977
3.414207104,0.004538097411,0.004538179023,0.003305113884,-0.003305170052
3.451725863,0.004629624143,0.004629707403,0.003374363086,-0.003374420395
3.489244622,0.004721863977,0.004721948896,0.003444244859,-0.003444303318
3.526763382,0.004814810702,0.004814897294,0.003514756517,-0.003514816136
3.564282141,0.004908458108,0.004908546385,0.003585895373,-0.003585956162
3.6018009,0.005002799986,0.005002889961,0.003657658742,-0.003657720708
3.63931966,0.005097830126,0.005097921812,0.003730043935,-0.003730107089
3.676838419,0.005193542319,0.005193635727,0.003803048268,-0.003803112617
3.714357179,0.005289930355,0.005290025498,0.003876669054,-0.003876734607
3.751875938,0.005386988025,0.005387084914,0.003950903605,-0.003950970371
3.789394697,0.005484709118,0.005484807766,0.004025749235,-0.004025817223
3.826913457,0.005583087425,0.005583187845,0.004101203259,-0.004101272477
3.864432216,0.005682116738,0.005682218939,0.004177262988,-0.004177333445
3.901950975,0.005781790845,0.005781894841,0.004253925738,-0.004253997442
3.939469735,0.005882103537,0.005882209339,0.004331188821,-0.004331261781
3.976988494,0.005983048606,0.005983156224,0.004409049551,-0.004409123774
4.014507254,0.00608461984,0.006084729287,0.004487505241,-0.004487580736
4.052026013,0.006186811031,0.006186922318,0.004566553204,-0.00456662998
4.089544772,0.006289615969,0.006289729107,0.004646190755,-0.004646268819
4.127063532,0.006393028445,0.006393143444,0.004726415207,-0.004726494567
4.164582291,0.006497042248,0.00649715912,0.004807223872,-0.004807304537
4.202101051,0.00660165117,0.006601769925,0.004888614066,-0.004888696043
4.23961981,0.006706849,0.006706969649,0.0049705831,-0.004970666397
4.277138569,0.006812629529,0.006812752083,0.00505312829,-0.005053212914
4.314657329,0.006918986547,0.006919111016,0.005136246947,-0.005136332907
4.352176088,0.007025913845,0.007026040239,0.005219936386,-0.005220023688
4.389694847,0.007133405213,0.007133533543,0.00530419392,-0.005304282572
4.427213607,0.007241454442,0.007241584717,0.005389016862,-0.005389106873
4.464732366,0.007350055322,0.007350187552,0.005474402527,-0.005474493902
4.502251126,0.007459201642,0.007459335839,0.005560348227,-0.005560440975
4.539769885,0.007568887195,0.007569023367,0.005646851276,-0.005646945403
4.577288644,0.00767910577,0.007679243926,0.005733908987,-0.005734004502
4.614807404,0.007789851157,0.007789991308,0.005821518674,-0.005821615583
4.652326163,0.007901117147,0.007901259302,0.005909677651,-0.00590977596
4.689844922,0.008012897531,0.008013041698,0.005998383231,-0.005998482948
4.727363682,0.008125186098,0.008125332288,0.006087632727,-0.006087733859
4.764882441,0.008237976639,0.008238124861,0.006177423453,-0.006177526006
4.802401201,0.008351262944,0.008351413207,0.006267752722,-0.006267856704
4.83991996,0.008465038805,0.008465191116,0.006358617848,-0.006358723265
4.877438719,0.008579298011,0.00857945238,0.006450016145,-0.006450123003
4.914957479,0.008694034352,0.008694190788,0.006541944925,-0.006542053231
4.952476238,0.008809241619,0.008809400131,0.006634401502,-0.006634511263
4.989994997,0.008924913603,0.008925074199,0.00672738319,-0.006727494411
5.027513757,0.009041044094,0.009041206781,0.006820887303,-0.006820999991
5.065032516,0.009157626882,0.009157791669,0.006914911153,-0.006915025314
5.102551276,0.009274655757,0.009274822653,0.007009452054,-0.007009567695
5.140070035,0.009392124511,0.009392293523,0.00710450732,-0.007104624447
5.177588794,0.009510026932,0.009510198069,0.007200074264,-0.007200192882
5.215107554,0.009628356813,0.009628530082,0.0072961502,-0.007296270316
5.252626313,0.009747107943,0.009747283351,0.007392732441,-0.00739285406
5.290145073,0.009866274112,0.009866451668,0.0074898183,-0.007489941428
5.327663832,0.009985849112,0.009986028822,0.007587405091,-0.007587529735
5.365182591,0.01010582673,0.0101060086,0.007685490128,-0.007685616292
5.402701351,0.01022620076,0.0102263848,0.007784070724,-0.007784198415
5.44022011,0.01034696499,0.01034715121,0.007883144193,-0.007883273415
5.477738869,0.01046811322,0.01046830162,0.007982707847,-0.007982838607
5.515257629,0.01058963922,0.01058982981,0.008082759001,-0.008082891303
5.552776388,0.0107115368,0.01071172959,0.008183294968,-0.008183428818
5.590295148,0.01083379974,0.01083399473,0.008284313061,-0.008284448464
5.627813907,0.01095642183,0.01095661903,0.008385810594,-0.008385947556
5.665332666,0.01107939687,0.01107959629,0.008487784881,-0.008487923406
5.702851426,0.01120271864,0.01120292028,0.008590233234,-0.008590373328
5.740370185,0.01132638094,0.01132658481,0.008693152968,-0.008693294635
5.777888944,0.01145037755,0.01145058365,0.008796541396,-0.008796684641
5.815407704,0.01157470226,0.01157491061,0.00890039583,-0.008900540659
5.852926463,0.01169934887,0.01169955946,0.009004713586,-0.009004860002
5.890445223,0.01182431117,0.01182452401,0.009109491976,-0.009109639985
5.927963982,0.01194958294,0.01194979804,0.009214728314,-0.009214877919
5.965482741,0.01207515798,0.01207537535,0.009320419912,-0.00932057112
6.003001501,0.01220103007,0.01220124971,0.009426564086,-0.0094267169
6.04052026,0.01232719302,0.01232741493,0.009533158148,-0.009533312572
6.07803902,0.0124536406,0.01245386479,0.009640199411,-0.00964035545
6.115557779,0.01258036661,0.01258059309,0.00974768519,-0.009747842848
6.153076538,0.01270736484,0.0127075936,0.009855612797,-0.009855772078
6.190595298,0.01283462907,0.01283486014,0.009963979546,-0.009964140455
6.228114057,0.01296215311,0.01296238647,0.01007278275,-0.01007294529
6.265632816,0.01308993074,0.0130901664,0.01018201972,-0.0101821839
6.303151576,0.01321795574,0.01321819372,0.01029168778,-0.0102918536
6.340670335,0.01334622192,0.01334646221,0.01040178423,-0.01040195169
6.378189095,0.01347472306,0.01347496567,0.0105123064,-0.0105124755
6.415707854,0.01360345295,0.01360369788,0.01062325158,-0.01062342234
6.453226613,0.01373240538,0.01373265264,0.0107346171,-0.01073478951
6.490745373,0.01386157414,0.01386182373,0.01084640027,-0.01084657434
6.528264132,0.01399095303,0.01399120495,0.01095859841,-0.01095877414
6.565782891,0.01412053583,0.01412079009,0.01107120882,-0.01107138621
6.603301651,0.01425031633,0.01425057293,0.01118422882,-0.01118440788
6.64082041,0.01438028833,0.01438054727,0.01129765573,-0.01129783646
6.67833917,0.01451044561,0.0145107069,0.01141148685,-0.01141166926
6.715857929,0.01464078196,0.01464104561,0.0115257195,-0.01152590359
6.753376688,0.01477129118,0.01477155718,0.011640351,-0.01164053677
6.790895448,0.01490196706,0.01490223541,0.01175537866,-0.01175556611
6.828414207,0.01503280338,0.0150330741,0.01187079979,-0.01187098892
6.865932966,0.01516379394,0.01516406702,0.0119866117,-0.01198680252
6.903451726,0.01529493252,0.01529520797,0.01210281171,-0.01210300422
6.940970485,0.01542621292,0.01542649074,0.01221939713,-0.01221959134
6.978489245,0.01555762893,0.01555790912,0.01233636528,-0.01233656119
7.016008004,0.01568917433,0.0156894569,0.01245371346,-0.01245391107
7.053526763,0.01582084293,0.01582112787,0.012571439,-0.01257163831
7.091045523,0.0159526285,0.01595291582,0.0126895392,-0.01268974022
7.128564282,0.01608452484,0.01608481454,0.01280801139,-0.01280821411
7.166083042,0.01621652574,0.01621681782,0.01292685286,-0.01292705729
7.203601801,0.01634862499,0.01634891946,0.01304606094,-0.01304626709
7.24112056,0.01648081638,0.01648111323,0.01316563294,-0.0131658408
7.27863932,0.0166130937,0.01661339294,0.01328556618,-0.01328577575
7.316158079,0.01674545074,0.01674575237,0.01340585796,-0.01340606925
7.353676838,0.01687788129,0.01687818531,0.0135265056,-0.01352671861
7.391195598,0.01701037914,0.01701068556,0.01364750641,-0.01364772114
7.428714357,0.01714293809,0.0171432469,0.01376885771,-0.01376907417
7.466233117,0.01727555192,0.01727586312,0.01389055681,-0.013890775
7.503751876,0.01740821442,0.01740852802,0.01401260103,-0.01401282094
7.541270635,0.01754091938,0.01754123538,0.01413498767,-0.01413520931
7.578789395,0.0176736606,0.017673979,0.01425771405,-0.01425793742
7.616308154,0.01780643186,0.01780675266,0.01438077749,-0.01438100259
7.653826913,0.01793922696,0.01793955015,0.0145041753,-0.01450440213
7.691345673,0.01807203968,0.01807236527,0.01462790478,-0.01462813335
7.728864432,0.01820486381,0.01820519181,0.01475196326,-0.01475219356
7.766383192,0.01833769316,0.01833802355,0.01487634805,-0.01487658009
7.803901951,0.01847052149,0.01847085428,0.01500105647,-0.01500129024
7.84142071,0.01860334262,0.01860367781,0.01512608581,-0.01512632132
7.87893947,0.01873615032,0.01873648791,0.01525143341,-0.01525167066
7.916458229,0.01886893838,0.01886927838,0.01537709656,-0.01537733555
7.953976988,0.01900170061,0.019002043,0.0155030726,-0.01550331333
7.991495748,0.01913443078,0.01913477557,0.01562935882,-0.01562960129
8.029014507,0.01926712269,0.01926746988,0.01575595254,-0.01575619676
8.066533267,0.01939977013,0.01940011972,0.01588285109,-0.01588309704
8.104052026,0.01953236689,0.01953271888,0.01601005176,-0.01601029946
8.141570785,0.01966490676,0.01966526114,0.01613755187,-0.01613780131
8.179089545,0.01979738353,0.0197977403,0.01626534874,-0.01626559993
8.216608304,0.01992979099,0.01993015016,0.01639343968,-0.01639369261
8.254127064,0.02006212293,0.02006248449,0.016521822,-0.01652207668
8.291645823,0.02019437314,0.02019473709,0.01665049302,-0.01665074945
8.329164582,0.02032653541,0.02032690175,0.01677945005,-0.01677970822
8.366683342,0.02045860353,0.02045897226,0.01690869041,-0.01690895032
8.404202101,0.0205905713,0.02059094242,0.0170382114,-0.01703847306
8.44172086,0.0207224325,0.020722806,0.01716801035,-0.01716827375
8.47923962,0.02085418092,0.0208545568,0.01729808455,-0.0172983497
8.516758379,0.02098581035,0.02098618862,0.01742843134,-0.01742869823
8.554277139,0.02111731459,0.02111769524,0.01755904801,-0.01755931665
8.591795898,0.02124868743,0.02124907045,0.0176899319,-0.01769020227
8.629314657,0.02137992264,0.02138030804,0.0178210803,-0.01782135242
8.666833417,0.02151101404,0.0215114018,0.01795249053,-0.01795276439
8.704352176,0.02164195539,0.02164234553,0.0180841599,-0.01808443551
8.741870935,0.02177274051,0.02177313301,0.01821608574,-0.01821636309
8.779389695,0.02190336317,0.02190375804,0.01834826535,-0.01834854443
8.816908454,0.02203381716,0.02203421439,0.01848069604,-0.01848097687
8.854427214,0.02216409629,0.02216449587,0.01861337513,-0.0186136577
8.891945973,0.02229419433,0.02229459627,0.01874629994,-0.01874658424
8.929464732,0.02242410508,0.02242450937,0.01887946777,-0.01887975381
8.966983492,0.02255382232,0.02255422897,0.01901287594,-0.01901316372
9.004502251,0.02268333986,0.02268374885,0.01914652177,-0.01914681127
9.042021011,0.02281265147,0.0228130628,0.01928040256,-0.0192806938
9.07953977,0.02294175096,0.02294216462,0.01941451563,-0.0194148086
9.117058529,0.0230706321,0.0230710481,0.01954885829,-0.01954915299
9.154577289,0.02319928869,0.02319970702,0.01968342786,-0.01968372429
9.192096048,0.02332771453,0.02332813518,0.01981822166,-0.01981851981
9.229614807,0.02345590339,0.02345632637,0.01995323698,-0.01995353686
9.267133567,0.02358384908,0.02358427437,0.02008847115,-0.02008877276
9.304652326,0.02371154537,0.02371197298,0.02022392149,-0.02022422482
9.342171086,0.02383898607,0.02383941599,0.0203595853,-0.02035989035
9.379689845,0.02396616497,0.02396659719,0.02049545989,-0.02049576666
9.417208604,0.02409307584,0.02409351036,0.02063154259,-0.02063185108
9.454727364,0.02421971249,0.02422014931,0.0207678307,-0.0207681409
9.492246123,0.0243460687,0.02434650781,0.02090432155,-0.02090463346
9.529764882,0.02447213827,0.02447257966,0.02104101243,-0.02104132605
9.567283642,0.02459791498,0.02459835865,0.02117790067,-0.02117821599
9.604802401,0.02472339262,0.02472383857,0.02131498357,-0.02131530061
9.642321161,0.02484856499,0.02484901321,0.02145225846,-0.0214525772
9.67983992,0.02497342588,0.02497387636,0.02158972265,-0.02159004308
9.717358679,0.02509796907,0.02509842181,0.02172737344,-0.02172769558
9.754877439,0.02522218836,0.02522264335,0.02186520816,-0.02186553199
9.792396198,0.02534607753,0.02534653478,0.02200322411,-0.02200354963
9.829914957,0.02546963039,0.02547008987,0.02214141861,-0.02214174583
9.867433717,0.02559284071,0.02559330242,0.02227978898,-0.02228011788
9.904952476,0.02571570228,0.02571616623,0.02241833252,-0.02241866311
9.942471236,0.02583820891,0.02583867508,0.02255704655,-0.02255737882
9.979989995,0.02596035438,0.02596082276,0.02269592839,-0.02269626233
10.01750875,0.02608213247,0.02608260307,0.02283497534,-0.02283531096
10.05502751,0.02620353698,0.02620400978,0.02297418473,-0.02297452202
10.09254627,0.02632456171,0.02632503671,0.02311355385,-0.02311389281
10.13006503,0.02644520043,0.02644567762,0.02325308004,-0.02325342066
10.16758379,0.02656544695,0.02656592632,0.0233927606,-0.02339310288
10.20510255,0.02668529504,0.02668577659,0.02353259284,-0.02353293678
10.24262131,0.02680473851,0.02680522223,0.02367257407,-0.02367291967
10.28014007,0.02692377114,0.02692425702,0.02381270162,-0.02381304888
10.31765883,0.02704238672,0.02704287475,0.0239529728,-0.0239533217
10.35517759,0.02716057904,0.02716106923,0.02409338491,-0.02409373546
10.39269635,0.0272783419,0.02727883422,0.02423393528,-0.02423428746
10.43021511,0.02739566908,0.02739616354,0.02437462121,-0.02437497503
10.46773387,0.02751255438,0.02751305096,0.02451544002,-0.02451579547
10.50525263,0.02762899158,0.02762949027,0.02465638902,-0.0246567461
10.54277139,0.02774497447,0.02774547527,0.02479746552,-0.02479782423
10.58029015,0.02786049685,0.02786099975,0.02493866685,-0.02493902718
10.6178089,0.0279755525,0.0279760575,0.02507999031,-0.02508035225
10.65532766,0.02809013522,0.0280906423,0.02522143322,-0.02522179677
10.69284642,0.0282042388,0.02820474796,0.02536299288,-0.02536335804
10.73036518,0.02831785702,0.02831836825,0.02550466662,-0.02550503338
10.76788394,0.02843098368,0.02843149696,0.02564645174,-0.0256468201
10.8054027,0.02854361257,0.0285441279,0.02578834557,-0.02578871552
10.84292146,0.02865573748,0.02865625485,0.02593034541,-0.02593071695
10.88044022,0.02876735219,0.02876787159,0.02607244857,-0.0260728217
10.91795898,0.0288784505,0.02887897193,0.02621465238,-0.02621502708
10.95547774,0.0289890262,0.02898954964,0.02635695414,-0.02635733042
10.9929965,0.02909907308,0.02909959852,0.02649935117,-0.02649972902
11.03051526,0.02920858493,0.02920911237,0.02664184077,-0.02664222019
11.06803402,0.02931755554,0.02931808496,0.02678442028,-0.02678480125
11.10555278,0.0294259787,0.0294265101,0.02692708699,-0.02692746952
11.14307154,0.02953384821,0.02953438157,0.02706983822,-0.0270702223
11.1805903,0.02964115784,0.02964169316,0.02721267129,-0.02721305691
11.21810905,0.02974790139,0.02974843866,0.0273555835,-0.02735597067
11.25562781,0.02985407266,0.02985461186,0.02749857218,-0.02749896088
11.29314657,0.02995966543,0.02996020656,0.02764163464,-0.02764202486
11.33066533,0.03006467349,0.03006521653,0.02778476818,-0.02778515992
11.36818409,0.03016909064,0.03016963558,0.02792797012,-0.02792836338
11.40570285,0.03027291066,0.0302734575,0.02807123778,-0.02807163255
11.44322161,0.03037612734,0.03037667607,0.02821456847,-0.02821496475
11.48074037,0.03047873448,0.03047928508,0.0283579595,-0.02835835728
11.51825913,0.03058072586,0.03058127832,0.02850140819,-0.02850180746
11.55577789,0.03068209528,0.03068264959,0.02864491185,-0.0286453126
11.59329665,0.03078283653,0.03078339267,0.02878846779,-0.02878887003
11.63081541,0.03088294339,0.03088350136,0.02893207333,-0.02893247704
11.66833417,0.03098240965,0.03098296945,0.02907572578,-0.02907613096
11.70585293,0.03108122912,0.03108179072,0.02921942245,-0.02921982909
11.74337169,0.03117939557,0.03117995896,0.02936316066,-0.02936356876
11.78089045,0.03127690279,0.03127746797,0.02950693772,-0.02950734726
11.8184092,0.03137374459,0.03137431154,0.02965075094,-0.02965116193
11.85592796,0.03146991475,0.03147048345,0.02979459764,-0.02979501007
11.89344672,0.03156540705,0.0315659775,0.02993847514,-0.02993888899
11.93096548,0.03166021529,0.03166078748,0.03008238073,-0.03008279601
11.96848424,0.03175433326,0.03175490718,0.03022631175,-0.03022672844
12.006003,0.03184775476,0.03184833038,0.03037026549,-0.0303706836
12.04352176,0.03194047356,0.03194105088,0.03051423929,-0.03051465879
12.08104052,0.03203248346,0.03203306247,0.03065823043,-0.03065865134
12.11855928,0.03212377826,0.03212435894,0.03080223626,-0.03080265855
12.15607804,0.03221435173,0.03221493408,0.03094625406,-0.03094667773
12.1935968,0.03230419768,0.03230478167,0.03109028117,-0.03109070621
12.23111556,0.03239330989,0.03239389552,0.03123431489,-0.0312347413
12.26863432,0.03248168216,0.0324822694,0.03137835253,-0.0313787803
12.30615308,0.03256930826,0.03256989712,0.03152239142,-0.03152282054
12.34367184,0.032656182,0.03265677245,0.03166642885,-0.03166685932
12.3811906,0.03274229717,0.0327428892,0.03181046215,-0.03181089396
12.41870935,0.03282764755,0.03282824114,0.03195448864,-0.03195492177
12.45622811,0.03291222693,0.03291282208,0.03209850561,-0.03209894007
12.49374687,0.03299602911,0.0329966258,0.03224251039,-0.03224294616
12.53126563,0.03307904787,0.03307964609,0.0323865003,-0.03238693737
12.56878439,0.03316127701,0.03316187674,0.03253047263,-0.03253091101
12.60630315,0.03324271032,0.03324331155,0.03267442472,-0.03267486438
12.64382191,0.03332334158,0.03332394429,0.03281835386,-0.03281879481
12.68134067,0.03340316459,0.03340376877,0.03296225738,-0.0329626996
12.71885943,0.03348217314,0.03348277878,0.03310613258,-0.03310657607
12.75637819,0.03356036101,0.03356096809,0.03324997679,-0.03325042153
12.79389695,0.03363772201,0.03363833051,0.03339378731,-0.0333942333
12.83141571,0.03371424991,0.03371485983,0.03353756146,-0.03353800869
12.86893447,0.03378993851,0.03379054982,0.03368129655,-0.03368174502
12.90645323,0.0338647816,0.0338653943,0.0338249899,-0.03382543959
12.94397199,0.03393877297,0.03393938703,0.03396863881,-0.03396908972
12.98149075,0.03401190641,0.03401252183,0.03411224061,-0.03411269272
13.0190095,0.03408417571,0.03408479246,0.0342557926,-0.03425624591
13.05652826,0.03415557467,0.03415619274,0.0343992921,-0.0343997466
13.09404702,0.03422609706,0.03422671644,0.03454273642,-0.0345431921
13.13156578,0.03429573669,0.03429635735,0.03468612288,-0.03468657973
13.16908454,0.03436448733,0.03436510927,0.03482944879,-0.0348299068
13.2066033,0.0344323428,0.03443296599,0.03497271146,-0.03497317063
13.24412206,0.03449929686,0.0344999213,0.03511590821,-0.03511636852
13.28164082,0.03456534332,0.03456596898,0.03525903635,-0.03525949779
13.31915958,0.03463047596,0.03463110283,0.03540209319,-0.03540255575
13.35667834,0.03469468857,0.03469531664,0.03554507604,-0.03554553973
13.3941971,0.03475797495,0.0347586042,0.03568798223,-0.03568844702
13.43171586,0.03482032889,0.03482095929,0.03583080906,-0.03583127495
13.46923462,0.03488174416,0.03488237571,0.03597355385,-0.03597402082
13.50675338,0.03494221458,0.03494284726,0.03611621391,-0.03611668196
13.54427214,0.03500173392,0.03500236771,0.03625878655,-0.03625925567
13.5817909,0.03506029598,0.03506093086,0.0364012691,-0.03640173927
13.61930965,0.03511789455,0.0351185305,0.03654365885,-0.03654413007
13.65682841,0.03517452341,0.03517516042,0.03668595312,-0.03668642538
13.69434717,0.03523017636,0.03523081441,0.03682814924,-0.03682862253
13.73186593,0.03528484719,0.03528548627,0.0369702445,-0.03697071881
13.76938469,0.03533852968,0.03533916977,0.03711223624,-0.03711271155
13.80690345,0.03539121764,0.03539185871,0.03725412175,-0.03725459806
13.84442221,0.03544290484,0.03544354689,0.03739589835,-0.03739637564
13.88194097,0.03549358509,0.03549422809,0.03753756336,-0.03753804163
13.91945973,0.03554325216,0.0355438961,0.03767911408,-0.03767959332
13.95697849,0.03559189986,0.03559254471,0.03782054784,-0.03782102804
13.99449725,0.03563952196,0.03564016772,0.03796186194,-0.03796234308
14.03201601,0.03568611227,0.0356867589,0.03810305371,-0.03810353578
14.06953477,0.03573166457,0.03573231207,0.03824412045,-0.03824460344
14.10705353,0.03577617265,0.03577682099,0.03838505947,-0.03838554338
14.14457229,0.0358196303,0.03582027947,0.03852586809,-0.0385263529
14.18209105,0.03586203132,0.03586268129,0.03866654363,-0.03866702933
14.2196098,0.03590336949,0.03590402025,0.03880708339,-0.03880756998
14.25712856,0.0359436386,0.03594429013,0.0389474847,-0.03894797215
14.29464732,0.03598283245,0.03598348473,0.03908774485,-0.03908823316
14.33216608,0.03602094482,0.03602159783,0.03922786118,-0.03922835033
14.36968484,0.03605796951,0.03605862323,0.03936783098,-0.03936832097
14.4072036,0.0360939003,0.03609455471,0.03950765158,-0.0395081424
14.44472236,0.03612873099,0.03612938607,0.03964732029,-0.03964781192
14.48224112,0.03616245536,0.0361631111,0.03978683442,-0.03978732684
14.51975988,0.03619506721,0.03619572358,0.03992619128,-0.0399266845
14.55727864,0.03622656033,0.03622721731,0.04006538819,-0.04006588219
14.5947974,0.0362569285,0.03625758607,0.04020442246,-0.04020491722
14.63231616,0.03628616552,0.03628682367,0.04034329141,-0.04034378693
14.66983492,0.03631426518,0.03631492388,0.04048199235,-0.0404824886
14.70735368,0.03634122127,0.0363418805,0.04062052259,-0.04062101957
14.74487244,0.03636702757,0.03636768732,0.04075887944,-0.04075937714
14.7823912,0.03639167789,0.03639233812,0.04089706022,-0.04089755863
14.81990995,0.036415166,0.03641582671,0.04103506225,-0.04103556135
14.85742871,0.03643748571,0.03643814686,0.04117288283,-0.04117338261
14.89494747,0.03645863079,0.03645929238,0.04131051928,-0.04131101973
14.93246623,0.03647859505,0.03647925704,0.04144796891,-0.04144847002
14.96998499,0.03649737226,0.03649803465,0.04158522904,-0.0415857308
15.00750375,0.03651495623,0.03651561898,0.04172229698,-0.04172279937
15.04502251,0.03653134074,0.03653200384,0.04185917005,-0.04185967305
15.08254127,0.03654651958,0.036547183,0.04199584555,-0.04199634916
15.12006003,0.03656048655,0.03656115027,0.0421323208,-0.042132825
15.15757879,0.03657323543,0.03657389943,0.04226859311,-0.0422690979
15.19509755,0.03658476001,0.03658542427,0.0424046598,-0.04240516516
15.23261631,0.03659505408,0.03659571858,0.04254051818,-0.0425410241
15.27013507,0.03660411144,0.03660477615,0.04267616557,-0.04267667203
15.30765383,0.03661192588,0.03661259078,0.04281159927,-0.04281210626
15.34517259,0.03661849117,0.03661915625,0.04294681661,-0.04294732411
15.38269135,0.03662380113,0.03662446635,0.04308181489,-0.04308232289
15.42021011,0.03662784953,0.03662851488,0.04321659143,-0.04321709992
15.45772886,0.03663063017,0.03663129562,0.04335114354,-0.04335165251
15.49524762,0.03663213683,0.03663280236,0.04348546853,-0.04348597797
15.53276638,0.03663236331,0.0366330289,0.04361956373,-0.04362007361
15.57028514,0.0366313034,0.03663196902,0.04375342643,-0.04375393675
15.6078039,0.03662895088,0.03662961652,0.04388705396,-0.0438875647
15.64532266,0.03662529956,0.03662596518,0.04402044363,-0.04402095478
15.68284142,0.03662034321,0.0366210088,0.04415359276,-0.0441541043
15.72036018,0.03661407563,0.03661474116,0.04428649864,-0.04428701057
15.75787894,0.03660649061,0.03660715606,0.04441915861,-0.0444196709
15.7953977,0.03659758194,0.03659824729,0.04455156997,-0.04455208262
15.83291646,0.03658734341,0.03658800863,0.04468373004,-0.04468424302
15.87043522,0.03657576881,0.03657643388,0.04481563613,-0.04481614944
15.90795398,0.03656285193,0.03656351682,0.04494728555,-0.04494779917
15.94547274,0.03654858657,0.03654925126,0.04507867562,-0.04507918953
15.9829915,0.0365329665,0.03653363097,0.04520980365,-0.04521031784
16.02051026,0.03651598553,0.03651664975,0.04534066695,-0.04534118141
16.05802901,0.03649763744,0.03649830139,0.04547126284,-0.04547177755
16.09554777,0.03647791602,0.03647857967,0.04560158863,-0.04560210358
16.13306653,0.03645681507,0.0364574784,0.04573164163,-0.04573215681
16.17058529,0.03643432836,0.03643499135,0.04586141916,-0.04586193455
16.20810405,0.03641044971,0.03641111232,0.04599091854,-0.04599143412
16.24562281,0.03638517289,0.03638583511,0.04612013706,-0.04612065283
16.28314157,0.03635849169,0.03635915349,0.04624907206,-0.04624958799
16.32066033,0.03633039991,0.03633106126,0.04637772084,-0.04637823691
16.35817909,0.03630089133,0.03630155221,0.04650608071,-0.04650659692
16.39569785,0.03626995975,0.03627062014,0.04663414899,-0.04663466532
16.43321661,0.03623759896,0.03623825882,0.046761923,-0.04676243943
16.47073537,0.03620380274,0.03620446206,0.04688940004,-0.04688991656
16.50825413,0.03616856489,0.03616922364,0.04701657742,-0.04701709402
16.54577289,0.0361318792,0.03613253735,0.04714345247,-0.04714396913
16.58329165,0.03609373945,0.03609439698,0.0472700225,-0.0472705392
16.62081041,0.03605413945,0.03605479632,0.04739628482,-0.04739680154
16.65832916,0.03601307297,0.03601372917,0.04752223674,-0.04752275347
16.69584792,0.03597053381,0.03597118931,0.04764787557,-0.0476483923
16.73336668,0.03592651576,0.03592717053,0.04777319864,-0.04777371535
16.77088544,0.03588101262,0.03588166663,0.04789820325,-0.04789871992
16.8084042,0.03583401816,0.03583467139,0.04802288672,-0.04802340334
16.84592296,0.03578552618,0.03578617861,0.04814724635,-0.04814776291
16.88344172,0.03573553048,0.03573618206,0.04827127947,-0.04827179594
16.92096048,0.03568402483,0.03568467556,0.04839498339,-0.04839549976
16.95847924,0.03563100304,0.03563165288,0.04851835542,-0.04851887168
16.995998,0.03557645889,0.03557710781,0.04864139287,-0.048641909
17.03351676,0.03552038617,0.03552103415,0.04876409306,-0.04876460904
17.07103552,0.03546277868,0.03546342569,0.0488864533,-0.04888696911
17.10855428,0.0354036302,0.03540427621,0.04900847091,-0.04900898654
17.14607304,0.03534293452,0.03534357951,0.0491301432,-0.04913065863
17.1835918,0.03528068544,0.03528132937,0.04925146747,-0.04925198269
17.22111056,0.03521687674,0.0352175196,0.04937244106,-0.04937295604
17.25862931,0.03515150222,0.03515214396,0.04949306126,-0.04949357599
17.29614807,0.03508455566,0.03508519627,0.04961332539,-0.04961383986
17.33366683,0.03501603086,0.03501667031,0.04973323077,-0.04973374496
17.37118559,0.0349459216,0.03494655986,0.04985277471,-0.0498532886
17.40870435,0.03487422169,0.03487485872,0.04997195452,-0.04997246809
17.44622311,0.03480092489,0.03480156068,0.05009076751,-0.05009128075
17.48374187,0.03472602502,0.03472665953,0.05020921101,-0.0502097239
17.52126063,0.03464951585,0.03465014906,0.05032728232,-0.05032779484
17.55877939,0.03457139119,0.03457202305,0.05044497875,-0.05044549089
17.59629815,0.03449164481,0.03449227531,0.05056229763,-0.05056280936
17.63381691,0.03441027051,0.03441089962,0.05067923626,-0.05067974757
17.67133567,0.03432726208,0.03432788977,0.05079579195,-0.05079630283
17.70885443,0.03424261331,0.03424323954,0.05091196203,-0.05091247245
17.74637319,0.03415631799,0.03415694274,0.0510277438,-0.05102825375
17.78389195,0.03406836991,0.03406899315,0.05114313457,-0.05114364404
17.82141071,0.03397876286,0.03397938456,0.05125813167,-0.05125864063
17.85892946,0.03388749063,0.03388811077,0.05137273241,-0.05137324083
17.89644822,0.03379454701,0.03379516555,0.05148693409,-0.05148744197
17.93396698,0.0336999258,0.03370054271,0.05160073403,-0.05160124135
17.97148574,0.03360362078,0.03360423603,0.05171412954,-0.05171463629
18.0090045,0.03350562574,0.03350623931,0.05182711795,-0.05182762409
18.04652326,0.03340593448,0.03340654632,0.05193969656,-0.05194020208
18.08404202,0.03330454078,0.03330515087,0.05205186268,-0.05205236757
18.12156078,0.03320143843,0.03320204675,0.05216361363,-0.05216411787
18.15907954,0.03309662123,0.03309722774,0.05227494672,-0.05227545029
18.1965983,0.03299008296,0.03299068763,0.05238585927,-0.05238636215
18.23411706,0.03288181742,0.03288242021,0.05249634859,-0.05249685076
18.27163582,0.03277181839,0.03277241929,0.05260641199,-0.05260691343
18.30915458,0.03266007967,0.03266067863,0.05271604678,-0.05271654748
18.34667334,0.03254659505,0.03254719205,0.05282525029,-0.05282575022
18.3841921,0.03243135831,0.03243195331,0.05293401982,-0.05293451897
18.42171086,0.03231436325,0.03231495623,0.05304235268,-0.05304285103
18.45922961,0.03219560366,0.03219619458,0.0531502462,-0.05315074372
18.49674837,0.03207507332,0.03207566216,0.05325769768,-0.05325819436
18.53426713,0.03195276604,0.03195335275,0.05336470443,-0.05336520026
18.57178589,0.03182867559,0.03182926015,0.05347126378,-0.05347175872
18.60930465,0.03170279578,0.03170337815,0.05357737303,-0.05357786708
18.64682341,0.03157512038,0.03157570054,0.0536830295,-0.05368352263
18.68434217,0.03144564319,0.0314462211,0.0537882305,-0.05378872269
18.72186093,0.031314358,0.03131493363,0.05389297334,-0.05389346457
18.75937969,0.03118125861,0.03118183192,0.05399725534,-0.0539977456
18.79689845,0.03104633879,0.03104690976,0.05410107381,-0.05410156308
18.83441721,0.03090959235,0.03091016094,0.05420442607,-0.05420491432
18.87193597,0.03077101307,0.03077157925,0.05430730943,-0.05430779664
18.90945473,0.03063059474,0.03063115848,0.05440972119,-0.05441020735
18.94697349,0.03048833115,0.03048889242,0.05451165869,-0.05451214377
18.98449225,0.0303442161,0.03034477485,0.05461311922,-0.0546136032
19.02201101,0.03019824337,0.03019879958,0.0547141001,-0.05471458297
19.05952976,0.03005040676,0.03005096039,0.05481459865,-0.05481508038
19.09704852,0.02990070005,0.02990125107,0.05491461218,-0.05491509276
19.13456728,0.02974911703,0.02974966542,0.055014138,-0.0550146174
19.17208604,0.0295956515,0.02959619721,0.05511317343,-0.05511365163
19.2096048,0.02944029724,0.02944084024,0.05521171577,-0.05521219276
19.24712356,0.02928304805,0.02928358831,0.05530976235,-0.0553102381
19.28464232,0.02912389772,0.0291244352,0.05540731048,-0.05540778497
19.32216108,0.02896284003,0.02896337471,0.05550435747,-0.05550483068
19.35967984,0.02879986878,0.02880040061,0.05560090063,-0.05560137254
19.3971986,0.02863497776,0.02863550671,0.05569693727,-0.05569740787
19.43471736,0.02846816076,0.0284686868,0.05579246472,-0.05579293397
19.47223612,0.02829941156,0.02829993465,0.05588748028,-0.05588794817
19.50975488,0.02812872397,0.02812924407,0.05598198127,-0.05598244778
19.54727364,0.02795609176,0.02795660885,0.056075965,-0.05607643011
19.5847924,0.02778150873,0.02778202277,0.05616942879,-0.05616989247
19.62231116,0.02760496867,0.02760547963,0.05626236994,-0.05626283217
19.65982991,0.02742646537,0.02742697321,0.05635478577,-0.05635524654
19.69734867,0.02724599263,0.0272464973,0.0564466736,-0.05644713288
19.73486743,0.02706354422,0.02706404571,0.05653803074,-0.0565384885
19.77238619,0.02687911395,0.02687961221,0.0566288545,-0.05662931073
19.80990495,0.02669269559,0.02669319059,0.05671914219,-0.05671959687
19.84742371,0.02650428295,0.02650477465,0.05680889113,-0.05680934424
19.88494247,0.02631386981,0.02631435818,0.05689809864,-0.05689855015
19.92246123,0.02612144997,0.02612193497,0.05698676202,-0.05698721191
19.95997999,0.02592701721,0.0259274988,0.05707487859,-0.05707532684
19.99749875,0.02573056532,0.02573104347,0.05716244566,-0.05716289225
20.03501751,0.0255320881,0.02553256277,0.05724946055,-0.05724990545
20.07253627,0.02533157933,0.02533205049,0.05733592057,-0.05733636377
20.11005503,0.0251290328,0.02512950042,0.05742182303,-0.0574222645
20.14757379,0.02492444231,0.02492490635,0.05750716525,-0.05750760497
20.18509255,0.02471780165,0.02471826206,0.05759194454,-0.05759238248
20.22261131,0.0245091046,0.02450956136,0.05767615821,-0.05767659436
20.26013007,0.02429834496,0.02429879802,0.05775980358,-0.05776023791
20.29764882,0.02408551652,0.02408596585,0.05784287796,-0.05784331045
20.33516758,0.02387061307,0.02387105862,0.05792537867,-0.05792580929
20.37268634,0.02365362839,0.02365407014,0.05800730301,-0.05800773175
20.4102051,0.02343455628,0.02343499418,0.0580886483,-0.05808907513
20.44772386,0.02321339053,0.02321382455,0.05816941186,-0.05816983676
20.48524262,0.02299012492,0.02299055503,0.05824959099,-0.05825001394
20.52276138,0.02276475326,0.02276517941,0.05832918302,-0.05832960399
20.56028014,0.02253726933,0.02253769149,0.05840818525,-0.05840860422
20.5977989,0.02230766692,0.02230808504,0.058486595,-0.05848701195
20.63531766,0.02207593981,0.02207635387,0.05856440958,-0.05856482448
20.67283642,0.02184208181,0.02184249176,0.0586416263,-0.05864203914
20.71035518,0.0216060867,0.02160649251,0.05871824249,-0.05871865323
20.74787394,0.02136794827,0.0213683499,0.05879425545,-0.05879466407
20.7853927,0.02112766031,0.02112805772,0.05886966249,-0.05887006898
20.82291146,0.02088521662,0.02088560977,0.05894446093,-0.05894486526
20.86043022,0.02064061098,0.02064099983,0.05901864809,-0.05901905023
20.89794897,0.02039383718,0.02039422169,0.05909222127,-0.0590926212
20.93546773,0.02014488902,0.02014526915,0.05916517779,-0.05916557549
20.97298649,0.01989376028,0.019894136,0.05923751497,-0.05923791041
21.01050525,0.01964044475,0.01964081602,0.05930923011,-0.05930962327
21.04802401,0.01938493623,0.01938530301,0.05938032053,-0.05938071138
21.08554277,0.0191272285,0.01912759075,0.05945078354,-0.05945117207
21.12306153,0.01886731536,0.01886767304,0.05952061647,-0.05952100264
21.16058029,0.0186051906,0.01860554367,0.05958981661,-0.0595902004
21.19809905,0.018340848,0.01834119642,0.05965838129,-0.05965876268
21.23561781,0.01807428136,0.01807462509,0.05972630781,-0.05972668678
21.27313657,0.01780548447,0.01780582347,0.0597935935,-0.05979397001
21.31065533,0.01753445111,0.01753478534,0.05986023566,-0.0598606097
21.34817409,0.01726117508,0.01726150451,0.0599262316,-0.05992660315
21.38569285,0.01698565017,0.01698597475,0.05999157865,-0.05999194768
21.42321161,0.01670787017,0.01670818986,0.06005627412,-0.06005664059
21.46073037,0.01642782887,0.01642814363,0.06012031531,-0.06012067921
21.49824912,0.01614552006,0.01614582985,0.06018369954,-0.06018406085
21.53576788,0.01586093752,0.01586124231,0.06024642413,-0.06024678282
21.57328664,0.01557407506,0.01557437479,0.06030848639,-0.06030884243
21.6108054,0.01528492646,0.0152852211,0.06036988363,-0.060370237
21.64832416,0.01499348551,0.01499377502,0.06043061317,-0.06043096384
21.68584292,0.014699746,0.01470003034,0.06049067232,-0.06049102026
21.72336168,0.01440370172,0.01440398085,0.06055005839,-0.06055040358
21.76088044,0.01410534647,0.01410562034,0.06060876869,-0.06060911112
21.7983992,0.01380467403,0.0138049426,0.06066680055,-0.06066714018
21.83591796,0.01350167819,0.01350194143,0.06072415127,-0.06072448807
21.87343672,0.01319635274,0.0131966106,0.06078081816,-0.06078115212
21.91095548,0.01288869148,0.01288894392,0.06083679855,-0.06083712963
21.94847424,0.0125786882,0.01257893517,0.06089208973,-0.06089241792
21.985993,0.01226633667,0.01226657814,0.06094668904,-0.0609470143
22.02351176,0.01195163071,0.01195186663,0.06100059378,-0.06100091608
22.06103052,0.01163456409,0.01163479442,0.06105380126,-0.06105412059
22.09854927,0.0113151306,0.0113153553,0.0611063088,-0.06110662512
22.13606803,0.01099332404,0.01099354307,0.0611581137,-0.061158427
22.17358679,0.0106691382,0.01066935151,0.0612092133,-0.06120952354
22.21110555,0.01034256686,0.01034277442,0.06125960489,-0.06125991205
22.24862431,0.01001360382,0.01001380558,0.06130928579,-0.06130958985
22.28614307,0.009682242871,0.009682438789,0.06135825332,-0.06135855424
22.32366183,0.009348477799,0.009348667831,0.06140650479,-0.06140680255
22.36118059,0.009012302395,0.009012486499,0.06145403751,-0.06145433208
22.39869935,0.00867371045,0.008673888583,0.06150084879,-0.06150114016
22.43621811,0.008332695754,0.008332867873,0.06154693595,-0.06154722408
22.47373687,0.007989252099,0.007989418159,0.06159229631,-0.06159258117
22.51125563,0.007643373273,0.007643533232,0.06163692717,-0.06163720874
22.54877439,0.007295053068,0.007295206883,0.06168082585,-0.0616811041
22.58629315,0.006944285274,0.0069444329,0.06172398967,-0.06172426457
22.62381191,0.006591063682,0.006591205076,0.06176641593,-0.06176668746
22.66133067,0.006235382081,0.006235517199,0.06180810194,-0.06180837008
22.69884942,0.005877234262,0.005877363061,0.06184904504,-0.06184930974
22.73636818,0.005516614016,0.005516736451,0.06188924252,-0.06188950377
22.77388694,0.005153515133,0.005153631159,0.0619286917,-0.06192894947
22.8114057,0.004787931403,0.004788040977,0.06196738989,-0.06196764415
22.84892446,0.004419856617,0.004419959694,0.06200533441,-0.06200558514
22.88644322,0.004049284564,0.004049381101,0.06204252257,-0.06204276974
22.92396198,0.003676209037,0.003676298988,0.06207895169,-0.06207919526
22.96148074,0.003300623824,0.003300707145,0.06211461907,-0.06211485903
22.9989995,0.002922522717,0.002922599363,0.06214952203,-0.06214975835
23.03651826,0.002541899505,0.002541969431,0.06218365789,-0.06218389053
23.07403702,0.00215874798,0.00215881114,0.06221702396,-0.0622172529
23.11155578,0.001773061931,0.001773118281,0.06224961755,-0.06224984276
23.14907454,0.001384835148,0.001384884643,0.06228143597,-0.06228165743
23.1865933,0.0009940614234,0.000994104017,0.06231247654,-0.06231269421
23.22411206,0.0006007345461,0.0006007701933,0.06234273658,-0.06234295044
23.26163082,0.0002048483069,0.0002048769621,0.06237221339,-0.06237242341
23.29914957,-0.0001936035039,-0.0001935818865,0.06240090428,-0.06240111044
23.33666833,-0.0005946270959,-0.0005946125619,0.06242880659,-0.06242900884
23.37418709,-0.0009982286786,-0.0009982212741,0.0624559176,-0.06245611593
23.41170585,-0.001404414462,-0.001404414233,0.06248223465,-0.06248242902
23.44922461,-0.001813190655,-0.001813197647,0.06250775504,-0.06250794543
23.48674337,-0.002224563467,-0.002224577728,0.06253247608,-0.06253266247
23.52426213,-0.002638539109,-0.002638560684,0.0625563951,-0.06255657744
23.56178089,-0.00305512379,-0.003055152726,0.06257950939,-0.06257968767
23.59929965,-0.003474323719,-0.003474360062,0.06260181629,-0.06260199047
23.63681841,-0.003896145106,-0.003896188903,0.06262331309,-0.06262348315
23.67433717,-0.004320594161,-0.004320645459,0.06264399712,-0.06264416303
23.71185593,-0.004747677093,-0.004747735938,0.06266386569,-0.06266402741
23.74937469,-0.005177400111,-0.005177466552,0.06268291611,-0.06268307362
23.78689345,-0.005609769427,-0.005609843509,0.06270114569,-0.06270129896
23.82441221,-0.006044791248,-0.006044873019,0.06271855175,-0.06271870075
23.86193097,-0.006482471785,-0.006482561293,0.0627351316,-0.0627352763
23.89944972,-0.006922817247,-0.006922914539,0.06275088255,-0.06275102292
23.93696848,-0.007365833844,-0.007365938968,0.06276580192,-0.06276593794
23.97448724,-0.007811527785,-0.007811640789,0.06277988703,-0.06278001866
24.012006,-0.008259905281,-0.008260026211,0.06279313518,-0.06279326239
24.04952476,-0.00871097254,-0.008711101446,0.06280554368,-0.06280566645
24.08704352,-0.009164735773,-0.009164872701,0.06281710986,-0.06281722815
24.12456228,-0.009621201188,-0.009621346188,0.06282783103,-0.06282794481
24.16208104,-0.010080375,-0.01008052812,0.06283770449,-0.06283781374
24.1995998,-0.01054226341,-0.01054242469,0.06284672757,-0.06284683225
24.23711856,-0.01100687263,-0.01100704213,0.06285489757,-0.06285499766
24.27463732,-0.01147420887,-0.01147438664,0.06286221181,-0.06286230728
24.31215608,-0.01194427835,-0.01194446443,0.06286866761,-0.06286875842
24.34967484,-0.01241708726,-0.0124172817,0.06287426227,-0.0628743484
24.3871936,-0.01289264182,-0.01289284468,0.06287899311,-0.06287907452
24.42471236,-0.01337094825,-0.01337115957,0.06288285745,-0.06288293411
24.46223112,-0.01385201274,-0.01385223257,0.06288585259,-0.06288592448
24.49974987,-0.01433584152,-0.0143360699,0.06288797585,-0.06288804293
24.53726863,-0.01482244078,-0.01482267777,0.06288922454,-0.06288928679
24.57478739,-0.01531181674,-0.01531206239,0.06288959599,-0.06288965336
24.61230615,-0.0158039756,-0.01580422996,0.06288908749,-0.06288913997
24.64982491,-0.01629892359,-0.0162991867,0.06288769637,-0.06288774392
24.68734367,-0.0167966669,-0.01679693882,0.06288541993,-0.06288546252
24.72486243,-0.01729721175,-0.01729749253,0.0628822555,-0.0628822931
24.76238119,-0.01780056434,-0.01780085403,0.06287820038,-0.06287823296
24.79989995,-0.01830673089,-0.01830702953,0.06287325189,-0.06287327942
24.83741871,-0.01881571761,-0.01881602526,0.06286740734,-0.06286742979
24.87493747,-0.0193275307,-0.01932784741,0.06286066405,-0.06286068138
24.91245623,-0.01984217637,-0.01984250219,0.06285301932,-0.06285303151
24.94997499,-0.02035966084,-0.02035999582,0.06284447048,-0.06284447749
24.98749375,-0.02087999032,-0.0208803345,0.06283501483,-0.06283501663
25.02501251,-0.02140170057,-0.02140205397,0.06282489864,-0.06282489522
25.06253127,-0.02192002016,-0.02192038269,0.06281492882,-0.06281492026
25.10005003,-0.02243459041,-0.02243496194,0.06280516602,-0.06280515239
25.13756878,-0.02294542029,-0.02294580072,0.06279560867,-0.06279559006
25.17508754,-0.02345251878,-0.02345290799,0.06278625521,-0.06278623169
25.2126063,-0.02395589485,-0.02395629272,0.06277710407,-0.06277707571
25.25012506,-0.02445555747,-0.0244559639,0.06276815369,-0.06276812057
25.28764382,-0.02495151561,-0.0249519305,0.06275940249,-0.06275936469
25.32516258,-0.02544377826,-0.02544420148,0.06275084892,-0.06275080651
25.36268134,-0.02593235439,-0.02593278584,0.06274249141,-0.06274244446
25.4002001,-0.02641725296,-0.02641769253,0.06273432838,-0.06273427698
25.43771886,-0.02689848296,-0.02689893054,0.06272635828,-0.0627263025
25.47523762,-0.02737605336,-0.02737650883,0.06271857953,-0.06271851944
25.51275638,-0.02784997313,-0.02785043639,0.06271099058,-0.06271092625
25.55027514,-0.02832025125,-0.02832072219,0.06270358985,-0.06270352137
25.5877939,-0.02878689669,-0.0287873752,0.06269637578,-0.06269630321
25.62531266,-0.02924991842,-0.0292504044,0.0626893468,-0.06268927022
25.66283142,-0.02970932543,-0.02970981876,0.06268250134,-0.06268242083
25.70035018,-0.03016512667,-0.03016562725,0.06267583785,-0.06267575347
25.73786893,-0.03061733113,-0.03061783886,0.06266935474,-0.06266926657
25.77538769,-0.03106594779,-0.03106646255,0.06266305047,-0.06266295858
25.81290645,-0.03151098561,-0.0315115073,0.06265692346,-0.06265682791
25.85042521,-0.03195245356,-0.03195298208,0.06265097214,-0.06265087302
25.88794397,-0.03239036064,-0.03239089588,0.06264519494,-0.06264509232
25.92546273,-0.0328247158,-0.03282525765,0.06263959031,-0.06263948426
25.96298149,-0.03325552802,-0.03325607639,0.06263415668,-0.06263404726
26.00050025,-0.03368280628,-0.03368336105,0.06262889247,-0.06262877977
26.03801901,-0.03410655954,-0.03410712062,0.06262379613,-0.0626236802
26.07553777,-0.0345267968,-0.03452736408,0.06261886608,-0.06261874701
26.11305653,-0.03494352701,-0.03494410038,0.06261410076,-0.06261397861
26.15057529,-0.03535675915,-0.03535733852,0.06260949861,-0.06260937345
26.18809405,-0.0357665022,-0.03576708747,0.06260505806,-0.06260492995
26.22561281,-0.03617276513,-0.03617335619,0.06260077753,-0.06260064656
26.26313157,-0.03657555692,-0.03657615366,0.06259665547,-0.0625965217
26.30065033,-0.03697488653,-0.03697548886,0.06259269031,-0.0625925538
26.33816908,-0.03737076295,-0.03737137077,0.06258888048,-0.06258874131
26.37568784,-0.03776319515,-0.03776380835,0.06258522442,-0.06258508265
26.4132066,-0.03815219209,-0.03815281058,0.06258172056,-0.06258157626
26.45072536,-0.03853776276,-0.03853838644,0.06257836733,-0.06257822057
26.48824412,-0.03891991614,-0.0389205449,0.06257516317,-0.06257501402
26.52576288,-0.03929866118,-0.03929929493,0.06257210651,-0.06257195503
26.56328164,-0.03967400687,-0.03967464552,0.06256919578,-0.06256904205
26.6008004,-0.04004596219,-0.04004660562,0.06256642943,-0.06256627349
26.63831916,-0.0404145361,-0.04041518423,0.06256380587,-0.06256364781
26.67583792,-0.04077973758,-0.04078039031,0.06256132355,-0.06256116343
26.71335668,-0.04114157561,-0.04114223283,0.0625589809,-0.06255881879
26.75087544,-0.04150005915,-0.04150072078,0.06255677635,-0.06255661231
26.7883942,-0.04185519719,-0.04185586312,0.06255470834,-0.06255454244
26.82591296,-0.04220699869,-0.04220766884,0.0625527753,-0.0625526076
26.86343172,-0.04255547263,-0.04255614689,0.06255097567,-0.06255080623
26.90095048,-0.04290062799,-0.04290130627,0.06254930787,-0.06254913676
26.93846923,-0.04324247374,-0.04324315595,0.06254777034,-0.06254759763
26.97598799,-0.04358101885,-0.04358170489,0.06254636152,-0.06254618727
27.01350675,-0.0439162723,-0.04391696207,0.06254507984,-0.06254490411
27.05102551,-0.04424824306,-0.04424893647,0.06254392373,-0.06254374658
27.08854427,-0.0445769401,-0.04457763707,0.06254289163,-0.06254271313
27.12606303,-0.04490237241,-0.04490307283,0.06254198197,-0.06254180218
27.16358179,-0.04522454895,-0.04522525273,0.06254119318,-0.06254101216
27.20110055,-0.04554347869,-0.04554418574,0.0625405237,-0.06254034152
27.23861931,-0.04585917062,-0.04585988085,0.06253997196,-0.06253978867
27.27613807,-0.0461716337,-0.04617234702,0.0625395364,-0.06253935207
27.31365683,-0.04648087692,-0.04648159323,0.06253921544,-0.06253903014
27.35117559,-0.04678690924,-0.04678762846,0.06253900753,-0.0625388213
27.38869435,-0.04708973963,-0.04709046167,0.06253891109,-0.06253872401
27.42621311,-0.04738937708,-0.04739010184,0.06253892456,-0.06253873669
27.46373187,-0.04768583056,-0.04768655795,0.06253904638,-0.06253885777
27.50125063,-0.04797910904,-0.04797983898,0.06253927497,-0.06253908568
27.53876938,-0.04826922149,-0.04826995389,0.06253960878,-0.06253941887
27.57628814,-0.04855617689,-0.04855691166,0.06254004623,-0.06253985577
27.6138069,-0.04883998422,-0.04884072126,0.06254058576,-0.0625403948
27.65132566,-0.04912065244,-0.04912139167,0.0625412258,-0.0625410344
27.68884442,-0.04939819053,-0.04939893187,0.06254196478,-0.062541773
27.72636318,-0.04967260747,-0.04967335082,0.06254280115,-0.06254260905
27.76388194,-0.04994391223,-0.04994465751,0.06254373332,-0.06254354096
27.8014007,-0.05021211378,-0.05021286091,0.06254475975,-0.06254456718
27.83891946,-0.0504772211,-0.05047796999,0.06254587886,-0.06254568614
27.87643822,-0.05073924316,-0.05073999372,0.06254708908,-0.06254689627
27.91395698,-0.05099818894,-0.05099894108,0.06254838884,-0.06254819601
27.95147574,-0.05125406741,-0.05125482105,0.06254977659,-0.06254958378
27.9889945,-0.05150688754,-0.0515076426,0.06255125076,-0.06255105802
28.02651326,-0.05175665831,-0.05175741471,0.06255280977,-0.06255261718
28.06403202,-0.0520033887,-0.05200414634,0.06255445207,-0.06255425967
28.10155078,-0.05224708767,-0.05224784648,0.06255617608,-0.06255598393
28.13906953,-0.0524877642,-0.05248852409,0.06255798025,-0.0625577884
28.17658829,-0.05272542726,-0.05272618815,0.062559863,-0.0625596715
28.21410705,-0.05296008584,-0.05296084765,0.06256182276,-0.06256163168
28.25162581,-0.0531917489,-0.05319251154,0.06256385798,-0.06256366737
28.28914457,-0.05342042541,-0.05342118881,0.06256596708,-0.06256577699
28.32666333,-0.05364612436,-0.05364688843,0.0625681485,-0.06256795899
28.36418209,-0.05386885471,-0.05386961937,0.06257040067,-0.0625702118
28.40170085,-0.05408862545,-0.05408939061,0.06257272203,-0.06257253384
28.43921961,-0.05430544553,-0.05430621113,0.06257511101,-0.06257492356
28.47673837,-0.05451932395,-0.0545200899,0.06257756604,-0.06257737938
28.51425713,-0.05473026966,-0.05473103588,0.06258008556,-0.06257989975
28.55177589,-0.05493829166,-0.05493905807,0.062582668,-0.06258248309
28.58929465,-0.0551433989,-0.05514416542,0.0625853118,-0.06258512783
28.62681341,-0.05534560037,-0.05534636692,0.06258801538,-0.06258783242
28.66433217,-0.05554490503,-0.05554567155,0.06259077719,-0.06259059528
28.70185093,-0.05574132187,-0.05574208826,0.06259359565,-0.06259341484
28.73936968,-0.05593485986,-0.05593562605,0.0625964692,-0.06259628955
28.77688844,-0.05612552796,-0.05612629388,0.06259939628,-0.06259921783
28.8144072,-0.05631333516,-0.05631410073,0.06260237531,-0.06260219812
28.85192596,-0.05649829043,-0.05649905557,0.06260540473,-0.06260522885
28.88944472,-0.05668040275,-0.05668116738,0.06260848298,-0.06260830845
28.92696348,-0.05685968108,-0.05686044513,0.06261160848,-0.06261143537
28.96448224,-0.0570361344,-0.0570368978,0.06261477968,-0.06261460802
29.002001,-0.05720977169,-0.05721053436,0.062617995,-0.06261782485
29.03951976,-0.05738060191,-0.05738136378,0.06262125288,-0.06262108429
29.07703852,-0.05754863405,-0.05754939505,0.06262455176,-0.06262438476
29.11455728,-0.05771387708,-0.05771463713,0.06262789006,-0.06262772472
29.15207604,-0.05787633997,-0.05787709899,0.06263126622,-0.06263110258
29.1895948,-0.0580360317,-0.05803678962,0.06263467867,-0.06263451678
29.22711356,-0.05819296124,-0.05819371799,0.06263812585,-0.06263796576
29.26463232,-0.05834713756,-0.05834789307,0.0626416062,-0.06264144795
29.30215108,-0.05849856964,-0.05849932384,0.06264511814,-0.06264496178
29.33966983,-0.05864726645,-0.05864801927,0.0626486601,-0.06264850569
29.37718859,-0.05879323697,-0.05879398833,0.06265223054,-0.0626520781
29.41470735,-0.05893649018,-0.05893724001,0.06265582786,-0.06265567746
29.45222611,-0.05907703503,-0.05907778327,0.06265945052,-0.06265930219
29.48974487,-0.05921488052,-0.05921562708,0.06266309694,-0.06266295073
29.52726363,-0.0593500356,-0.05935078044,0.06266676555,-0.06266662152
29.56478239,-0.05948250927,-0.0594832523,0.0626704548,-0.06267031298
29.60230115,-0.05961231049,-0.05961305164,0.06267416312,-0.06267402355
29.63981991,-0.05973944823,-0.05974018744,0.06267788893,-0.06267775167
29.67733867,-0.05986393147,-0.05986466867,0.06268163067,-0.06268149576
29.71485743,-0.05998576919,-0.05998650431,0.06268538678,-0.06268525426
29.75237619,-0.06010497035,-0.06010570333,0.06268915569,-0.06268902561
29.78989495,-0.06022154394,-0.0602222747,0.06269293583,-0.06269280823
29.82741371,-0.06033549892,-0.06033622741,0.06269672564,-0.06269660056
29.86493247,-0.06044684428,-0.06044757041,0.06270052355,-0.06270040104
29.90245123,-0.06055558897,-0.0605563127,0.06270432799,-0.06270420809
29.93996998,-0.06066174199,-0.06066246324,0.06270813741,-0.06270802015
29.97748874,-0.0607653123,-0.060766031,0.06271195022,-0.06271183566
30.0150075,-0.06086630887,-0.06086702497,0.06271576487,-0.06271565305
30.05252626,-0.06096474069,-0.06096545412,0.06271957979,-0.06271947074
30.09004502,-0.06106061672,-0.06106132741,0.06272339341,-0.06272328718
30.12756378,-0.06115394594,-0.06115465384,0.06272720417,-0.0627271008
30.16508254,-0.06124473733,-0.06124544236,0.0627310105,-0.06273091003
30.2026013,-0.06133299985,-0.06133370195,0.06273481083,-0.0627347133
30.24012006,-0.06141874248,-0.0614194416,0.0627386036,-0.06273850906
30.27763882,-0.0615019742,-0.06150267027,0.06274238724,-0.06274229572
30.31515758,-0.06158270398,-0.06158339693,0.06274616019,-0.06274607173
30.35267634,-0.06166094079,-0.06166163057,0.06274992087,-0.06274983552
30.3901951,-0.06173669361,-0.06173738016,0.06275366773,-0.06275358552
30.42771386,-0.06180997141,-0.06181065467,0.0627573992,-0.06275732016
30.46523262,-0.06188078317,-0.06188146307,0.0627611137,-0.06276103789
30.50275138,-0.06194913786,-0.06194981434,0.06276480968,-0.06276473712
30.54027014,-0.06201504445,-0.06201571746,0.06276848556,-0.0627684163
30.57778889,-0.06207851192,-0.0620791814,0.06277213979,-0.06277207386
30.61530765,-0.06213954925,-0.06214021513,0.06277577079,-0.06277570824
30.65282641,-0.0621981654,-0.06219882763,0.062779377,-0.06277931785
30.69034517,-0.06225436935,-0.06225502787,0.06278295685,-0.06278290115
30.72786393,-0.06230817008,-0.06230882483,0.06278650878,-0.06278645656
30.76538269,-0.06235957656,-0.06236022748,0.06279003122,-0.06278998252
30.80290145,-0.06240859776,-0.0624092448,0.0627935226,-0.06279347746
30.84042021,-0.06245524265,-0.06245588576,0.06279698136,-0.06279693981
30.87793897,-0.06249952022,-0.06250015933,0.06280040592,-0.062800368
30.91545773,-0.06254143944,-0.0625420745,0.06280379474,-0.06280376048
30.95297649,-0.06258100927,-0.06258164022,0.06280714623,-0.06280711567
30.99049525,-0.0626182387,-0.06261886549,0.06281045883,-0.062810432
31.02801401,-0.0626531367,-0.06265375927,0.06281373098,-0.06281370792
31.06553277,-0.06268571223,-0.06268633054,0.06281696111,-0.06281694185
31.10305153,-0.06271597429,-0.06271658826,0.06282014765,-0.06282013223
31.14057029,-0.06274393183,-0.06274454143,0.06282328903,-0.06282327749
31.17808904,-0.06276959384,-0.06277019901,0.0628263837,-0.06282637606
31.2156078,-0.06279296929,-0.06279356997,0.06282943008,-0.06282942638
31.25312656,-0.06281406715,-0.06281466329,0.06283242661,-0.06283242688
31.29064532,-0.0628328964,-0.06283348795,0.06283537172,-0.06283537599
31.32816408,-0.06284946601,-0.06285005292,0.06283826385,-0.06283827216
31.36568284,-0.06286378495,-0.06286436717,0.06284110142,-0.0628411138
31.4032016,-0.06287586221,-0.06287643967,0.06284388288,-0.06284389936
31.44072036,-0.06288570674,-0.06288627941,0.06284660665,-0.06284662726
31.47823912,-0.06289332754,-0.06289389536,0.06284927118,-0.06284929595
31.51575788,-0.06289873356,-0.06289929649,0.06285187488,-0.06285190385
31.55327664,-0.0629019338,-0.06290249178,0.06285441621,-0.0628544494
31.5907954,-0.06290293721,-0.06290349019,0.06285689358,-0.06285693104
31.62831416,-0.06290175277,-0.06290230071,0.06285930544,-0.06285934719
31.66583292,-0.06289838946,-0.06289893231,0.06286165022,-0.06286169628
31.70335168,-0.06289285626,-0.06289339396,0.06286392636,-0.06286397676
31.74087044,-0.06288516213,-0.06288569465,0.06286613227,-0.06286618706
31.77838919,-0.06287531605,-0.06287584333,0.06286826641,-0.0628683256
31.81590795,-0.062863327,-0.06286384899,0.0628703272,-0.06287039082
31.85342671,-0.06284920395,-0.06284972061,0.06287231308,-0.06287238117
31.89094547,-0.06283295586,-0.06283346715,0.06287422247,-0.06287429506
31.92846423,-0.06281459173,-0.06281509759,0.06287605383,-0.06287613093
31.96598299,-0.06279412051,-0.06279462091,0.06287780557,-0.06287788722
32.00350175,-0.0627715512,-0.06277204607,0.06287947613,-0.06287956236
32.04102051,-0.06274689275,-0.06274738206,0.06288106395,-0.06288115478
32.07853927,-0.06272015414,-0.06272063785,0.06288256745,-0.06288266292
32.11605803,-0.06269134435,-0.06269182242,0.06288398508,-0.06288408521
32.15357679,-0.06266047235,-0.06266094473,0.06288531527,-0.06288542008
32.19109555,-0.06262754712,-0.06262801376,0.06288655645,-0.06288666597
32.22861431,-0.06259257763,-0.06259303849,0.06288770705,-0.06288782131
32.26613307,-0.06255557285,-0.06255602789,0.06288876551,-0.06288888453
32.30365183,-0.06251654176,-0.06251699094,0.06288973026,-0.06288985407
32.34117059,-0.06247549334,-0.06247593661,0.06289059973,-0.06289072836
32.37868934,-0.06243243655,-0.06243287387,0.06289137237,-0.06289150583
32.4162081,-0.06238738036,-0.0623878117,0.0628920466,-0.06289218493
32.45372686,-0.06234033377,-0.06234075907,0.06289262085,-0.06289276407
32.49124562,-0.06229130573,-0.06229172497,0.06289309356,-0.06289324169
32.52876438,-0.06224030523,-0.06224071835,0.06289346317,-0.06289361624
32.56628314,-0.06218734123,-0.0621877482,0.06289372811,-0.06289388613
32.6038019,-0.06213242271,-0.0621328235,0.0628938868,-0.06289404981
32.64132066,-0.06207555865,-0.06207595321,0.06289393769,-0.06289410571
32.67883942,-0.06201675802,-0.06201714631,0.06289387921,-0.06289405226
32.71635818,-0.06195602979,-0.06195641177,0.06289370979,-0.06289388789
32.75387694,-0.06189338294,-0.06189375858,0.06289342787,-0.06289361105
32.7913957,-0.06182882644,-0.0618291957,0.06289303188,-0.06289322015
32.82891446,-0.06176236927,-0.06176273211,0.06289252025,-0.06289271364
32.86643322,-0.06169402039,-0.06169437678,0.06289189142,-0.06289208995
32.90395198,-0.06162378879,-0.06162413868,0.06289114381,-0.06289134751
32.94147074,-0.06155168344,-0.06155202681,0.06289027588,-0.06289048475
32.97898949,-0.06147771331,-0.06147805011,0.06288928604,-0.06288950012
33.01650825,-0.06140188738,-0.06140221758,0.06288817273,-0.06288839203
33.05402701,-0.06132421461,-0.06132453818,0.06288693439,-0.06288715894
33.09154577,-0.061244704,-0.0612450209,0.06288556945,-0.06288579926
33.12906453,-0.0611633645,-0.06116367469,0.06288407634,-0.06288431143
33.16658329,-0.06108020509,-0.06108050855,0.0628824535,-0.06288269389
33.20410205,-0.06099523475,-0.06099553144,0.06288069935,-0.06288094507
33.24162081,-0.06090846245,-0.06090875234,0.06287881235,-0.0628790634
33.27913957,-0.06081989717,-0.06082018022,0.06287679091,-0.06287704732
33.31665833,-0.06072954788,-0.06072982406,0.06287463347,-0.06287489526
33.35417709,-0.06063742354,-0.06063769282,0.06287233846,-0.06287260565
33.39169585,-0.06054353315,-0.0605437955,0.06286990433,-0.06287017693
33.42921461,-0.06044788567,-0.06044814105,0.0628673295,-0.06286760753
33.46673337,-0.06035049007,-0.06035073846,0.0628646124,-0.06286489588
33.50425213,-0.06025135534,-0.0602515967,0.06286175148,-0.06286204042
33.54177089,-0.06015049044,-0.06015072474,0.06285874516,-0.06285903958
33.57928964,-0.06004790434,-0.06004813156,0.06285559187,-0.0628558918
33.6168084,-0.05994360603,-0.05994382614,0.06285229006,-0.0628525955
33.65432716,-0.05983760448,-0.05983781744,0.06284883815,-0.06284914912
33.69184592,-0.05972990865,-0.05973011444,0.06284523458,-0.0628455511
33.72936468,-0.05962052753,-0.05962072612,0.06284147779,-0.06284179986
33.76688344,-0.05950947009,-0.05950966145,0.06283756619,-0.06283789384
33.8044022,-0.0593967453,-0.0593969294,0.06283349824,-0.06283383148
33.84192096,-0.05928236214,-0.05928253896,0.06282927236,-0.06282961121
33.87943972,-0.05916632958,-0.05916649908,0.06282488699,-0.06282523146
33.91695848,-0.0590486566,-0.05904881876,0.06282034056,-0.06282069066
33.95447724,-0.05892935216,-0.05892950696,0.06281563151,-0.06281598725
33.991996,-0.05880842525,-0.05880857266,0.06281075826,-0.06281111966
34.02951476,-0.05868588484,-0.05868602483,0.06280571926,-0.06280608633
34.06703352,-0.05856173989,-0.05856187244,0.06280051293,-0.06280088569
34.10455228,-0.0584359994,-0.05843612448,0.06279513771,-0.06279551617
34.14207104,-0.05830867232,-0.05830878992,0.06278959203,-0.0627899762
34.17958979,-0.05817976764,-0.05817987772,0.06278387433,-0.06278426422
34.21710855,-0.05804929432,-0.05804939687,0.06277798304,-0.06277837867
34.25462731,-0.05791726135,-0.05791735633,0.06277191659,-0.06277231797
34.29214607,-0.05778367769,-0.05778376509,0.06276567342,-0.06276608056
34.32966483,-0.05764855233,-0.05764863212,0.06275925197,-0.06275966487
34.36718359,-0.05751189423,-0.05751196639,0.06275265066,-0.06275306934
34.40470235,-0.05737371237,-0.05737377688,0.06274586792,-0.0627462924
34.44222111,-0.05723401572,-0.05723407256,0.0627389022,-0.06273933248
34.47973987,-0.05709281325,-0.0570928624,0.06273175193,-0.06273218802
34.51725863,-0.05695011395,-0.05695015539,0.06272441554,-0.06272485744
34.55477739,-0.05680592679,-0.05680596049,0.06271689146,-0.06271733919
34.59229615,-0.05666026073,-0.05666028668,0.06270917813,-0.0627096317
34.62981491,-0.05651312476,-0.05651314293,0.06270127398,-0.0627017334
34.66733367,-0.05636452784,-0.05636453822,0.06269317744,-0.06269364272
34.70485243,-0.05621447896,-0.05621448153,0.06268488695,-0.06268535809
34.74237119,-0.05606298708,-0.05606298182,0.06267640095,-0.06267687796
34.77988994,-0.05591006118,-0.05591004807,0.06266771786,-0.06266820075
34.8174087,-0.05575571024,-0.05575568926,0.06265883612,-0.0626593249
34.85492746,-0.05559994322,-0.05559991437,0.06264975416,-0.06265024884
34.89244622,-0.05544276911,-0.05544273235,0.06264047043,-0.062640971
34.92996498,-0.05528419688,-0.0552841522,0.06263098334,-0.06263148982
34.96748374,-0.05512423549,-0.05512418288,0.06262129134,-0.06262180374
35.0050025,-0.05496289393,-0.05496283337,0.06261139285,-0.06261191117
35.04252126,-0.05480018116,-0.05480011264,0.06260128632,-0.06260181057
35.08004002,-0.05463610618,-0.05463602967,0.06259097017,-0.06259150035
35.11755878,-0.05447067793,-0.05447059343,0.06258044284,-0.06258097896
35.15507754,-0.05430390541,-0.0543038129,0.06256970277,-0.06257024483
35.1925963,-0.05413579758,-0.05413569705,0.06255874838,-0.06255929639
35.23011506,-0.05396636343,-0.05396625486,0.06254757811,-0.06254813207
35.26763382,-0.05379561191,-0.05379549529,0.0625361904,-0.06253675032
35.30515258,-0.05362355202,-0.05362342734,0.06252458368,-0.06252514955
35.34267134,-0.05345019272,-0.05345005996,0.06251275637,-0.06251332821
35.3801901,-0.05327554298,-0.05327540213,0.06250070692,-0.06250128473
35.41770885,-0.05309961178,-0.05309946283,0.06248843376,-0.06248901754
35.45522761,-0.0529224081,-0.05292225103,0.06247593533,-0.06247652508
35.49274637,-0.0527439409,-0.05274377572,0.06246321005,-0.06246380577
35.53026513,-0.05256421917,-0.05256404585,0.06245025636,-0.06245085806
35.56778389,-0.05238325187,-0.05238307041,0.06243707269,-0.06243768038
35.60530265,-0.05220104798,-0.05220085837,0.06242365748,-0.06242427115
35.64282141,-0.05201761648,-0.0520174187,0.06241000916,-0.06241062882
35.68034017,-0.05183296634,-0.05183276039,0.06239612617,-0.06239675181
35.71785893,-0.05164710653,-0.05164689239,0.06238200694,-0.06238263856
35.75537769,-0.05146004603,-0.0514598237,0.0623676499,-0.06236828751
35.79289645,-0.0512717938,-0.05127156328,0.06235305348,-0.06235369708
35.83041521,-0.05108235884,-0.05108212011,0.06233821613,-0.06233886571
35.86793397,-0.0508917501,-0.05089150316,0.06232313626,-0.06232379184
35.90545273,-0.05069997657,-0.0506997214,0.06230781233,-0.06230847389
35.94297149,-0.05050704721,-0.05050678382,0.06229224276,-0.0622929103
35.98049025,-0.05031297101,-0.05031269938,0.06227642598,-0.06227709951
36.018009,-0.05011775693,-0.05011747706,0.06226036042,-0.06226103994
36.05552776,-0.04992141395,-0.04992112584,0.06224404454,-0.06224473004
36.09304652,-0.04972395105,-0.04972365468,0.06222747674,-0.06222816823
36.13056528,-0.04952537719,-0.04952507257,0.06221065548,-0.06221135294
36.16808404,-0.04932570136,-0.04932538848,0.06219357918,-0.06219428262
36.2056028,-0.04912493253,-0.04912461137,0.06217624627,-0.06217695569
36.24312156,-0.04892307966,-0.04892275024,0.0621586552,-0.06215937059
36.28064032,-0.04872015174,-0.04871981405,0.06214080439,-0.06214152575
36.31815908,-0.04851615774,-0.04851581177,0.06212269228,-0.0621234196
36.35567784,-0.04831110663,-0.04831075238,0.0621043173,-0.06210505059
36.3931966,-0.04810500738,-0.04810464486,0.06208567789,-0.06208641713
36.43071536,-0.04789786898,-0.04789749818,0.06206677247,-0.06206751767
36.46823412,-0.0476897004,-0.04768932131,0.06204759949,-0.06204835064
36.50575288,-0.0474805106,-0.04748012322,0.06202815737,-0.06202891447
36.54327164,-0.04727030857,-0.04726991291,0.06200844456,-0.06200920759
36.5807904,-0.04705910327,-0.04705869932,0.06198845947,-0.06198922844
36.61830915,-0.04684690369,-0.04684649145,0.06196820056,-0.06196897546
36.65582791,-0.04663371879,-0.04663329827,0.06194766625,-0.06194844707
36.69334667,-0.04641955756,-0.04641912875,0.06192685497,-0.06192764171
36.73086543,-0.04620442895,-0.04620399186,0.06190576516,-0.06190655781
36.76838419,-0.04598834196,-0.04598789658,0.06188439525,-0.06188519381
36.80590295,-0.04577130555,-0.04577085189,0.06186274368,-0.06186354814
36.84342171,-0.04555332869,-0.04555286675,0.06184080888,-0.06184161923
36.88094047,-0.04533442037,-0.04533395015,0.06181858928,-0.06181940551
36.91845923,-0.04511458955,-0.04511411105,0.06179608332,-0.06179690543
36.95597799,-0.0448938452,-0.04489335844,0.06177328943,-0.06177411741
36.99349675,-0.04467219632,-0.04467170128,0.06175020605,-0.06175103988
37.03101551,-0.04444965186,-0.04444914856,0.0617268316,-0.06172767129
37.06853427,-0.0442262208,-0.04422570924,0.06170316453,-0.06170401006
37.10605303,-0.04400191211,-0.0440013923,0.06167920326,-0.06168005462
37.14357179,-0.04377673478,-0.04377620671,0.06165494623,-0.06165580342
37.18109055,-0.04355069776,-0.04355016146,0.06163039187,-0.06163125488
37.2186093,-0.04332381005,-0.04332326551,0.06160553862,-0.06160640744
37.25612806,-0.04309608061,-0.04309552783,0.06158038491,-0.06158125952
37.29364682,-0.04286751841,-0.04286695741,0.06155492918,-0.06155580957
37.33116558,-0.04263813244,-0.04263756321,0.06152916985,-0.06153005602
37.36868434,-0.04240793165,-0.04240735422,0.06150310537,-0.0615039973
37.4062031,-0.04217692504,-0.0421763394,0.06147673416,-0.06147763184
37.44372186,-0.04194512157,-0.04194452773,0.06145005466,-0.06145095809
37.48124062,-0.04171253022,-0.04171192819,0.0614230653,-0.06142397446
37.51875938,-0.04147915995,-0.04147854975,0.06139576452,-0.06139667939
37.55627814,-0.04124501975,-0.04124440138,0.06136815075,-0.06136907133
37.5937969,-0.04101011859,-0.04100949206,0.06134022242,-0.0613411487
37.63131566,-0.04077446545,-0.04077383076,0.06131197797,-0.06131290993
37.66883442,-0.04053806929,-0.04053742646,0.06128341584,-0.06128435346
37.70635318,-0.04030093909,-0.04030028813,0.06125453444,-0.06125547772
37.74387194,-0.04006308383,-0.04006242474,0.06122533223,-0.06122628114
37.7813907,-0.03982451247,-0.03982384528,0.06119580763,-0.06119676217
37.81890945,-0.039585234,-0.03958455871,0.06116595907,-0.06116691923
37.85642821,-0.03934525739,-0.03934457402,0.061135785,-0.06113675075
37.89394697,-0.03910459161,-0.03910390016,0.06110528383,-0.06110625517
37.93146573,-0.03886324564,-0.03886254613,0.06107445402,-0.06107543092
37.96898449,-0.03862122844,-0.03862052089,0.06104329398,-0.06104427644
38.00650325,-0.038378549,-0.03837783341,0.06101180217,-0.06101279016
38.04402201,-0.03813521629,-0.03813449268,0.06097997699,-0.06098097051
38.08154077,-0.03789123928,-0.03789050767,0.06094781691,-0.06094881593
38.11905953,-0.03764662695,-0.03764588734,0.06091532033,-0.06091632485
38.15657829,-0.03740138827,-0.03740064069,0.06088248571,-0.0608834957
38.19409705,-0.03715553221,-0.03715477667,0.06084931147,-0.06085032692
38.23161581,-0.03690906775,-0.03690830427,0.06081579605,-0.06081681693
38.26913457,-0.03666200387,-0.03666123245,0.06078193787,-0.06078296418
38.30665333,-0.03641434953,-0.0364135702,0.06074773538,-0.0607487671
38.34417209,-0.03616611371,-0.03616532649,0.06071318701,-0.06071422411
38.38169085,-0.03591730539,-0.03591651029,0.06067829119,-0.06067933366
38.4192096,-0.03566793354,-0.03566713058,0.06064304636,-0.06064409418
38.45672836,-0.03541800713,-0.03541719632,0.06060745095,-0.0606085041
38.49424712,-0.03516753514,-0.03516671651,0.06057150339,-0.06057256185
38.53176588,-0.03491652654,-0.0349157001,0.06053520211,-0.06053626587
38.56928464,-0.03466499031,-0.03466415608,0.06049854556,-0.06049961459
38.6068034,-0.03441293542,-0.03441209342,0.06046153216,-0.06046260644
38.64432216,-0.03416037084,-0.0341595211,0.06042416034,-0.06042523986
38.68184092,-0.03390730555,-0.03390644808,0.06038642855,-0.06038751329
38.71935968,-0.03365374853,-0.03365288334,0.06034833521,-0.06034942514
38.75687844,-0.03339970874,-0.03339883587,0.06030987877,-0.06031097387
38.7943972,-0.03314519516,-0.03314431462,0.06027105764,-0.0602721579
38.83191596,-0.03289021676,-0.03288932858,0.06023187027,-0.06023297566
38.86943472,-0.03263478253,-0.03263388672,0.06019231509,-0.06019342559
38.90695348,-0.03237890142,-0.03237799802,0.06015239054,-0.06015350612
38.94447224,-0.03212258243,-0.03212167145,0.06011209504,-0.06011321568
38.981991,-0.03186583451,-0.03186491598,0.06007142703,-0.06007255272
39.01950975,-0.03160866666,-0.03160774059,0.06003038495,-0.06003151565
39.05702851,-0.03135108783,-0.03135015425,0.05998896722,-0.05999010293
39.09454727,-0.031093107,-0.03109216594,0.05994717229,-0.05994831297
39.13206603,-0.03083473315,-0.03083378464,0.05990499859,-0.05990614421
39.16958479,-0.03057597526,-0.03057501931,0.05986244454,-0.05986359509
39.20710355,-0.03031684229,-0.03031587893,0.05981950858,-0.05982066404
39.24462231,-0.03005734322,-0.03005637248,0.05977618916,-0.05977734949
39.28214107,-0.02979748702,-0.02979650892,0.05973248469,-0.05973364987
39.31965983,-0.02953728268,-0.02953629725,0.05968839362,-0.05968956363
39.35717859,-0.02927673915,-0.02927574642,0.05964391438,-0.05964508919
39.39469735,-0.02901586543,-0.02901486541,0.05959904539,-0.05960022498
39.43221611,-0.02875467047,-0.02875366321,0.05955378511,-0.05955496945
39.46973487,-0.02849316326,-0.02849214877,0.05950813195,-0.05950932102
39.50725363,-0.02823135277,-0.02823033108,0.05946208436,-0.05946327812
39.54477239,-0.02796924797,-0.02796821912,0.05941564076,-0.0594168392
39.58229115,-0.02770685783,-0.02770582185,0.05936879959,-0.05937000268
39.6198099,-0.02744419134,-0.02744314825,0.05932155929,-0.05932276699
39.65732866,-0.02718125747,-0.0271802073,0.05927391828,-0.05927513058
39.69484742,-0.02691806518,-0.02691700796,0.05922587501,-0.05922709187
39.73236618,-0.02665462346,-0.02665355922,0.0591774279,-0.0591786493
39.76988494,-0.02639094128,-0.02638987005,0.05912857539,-0.05912980129
39.8074037,-0.0261270276,-0.02612594942,0.05907931591,-0.05908054629
39.84492246,-0.02586289142,-0.02586180631,0.0590296479,-0.05903088273
39.88244122,-0.02559854169,-0.0255974497,0.05897956979,-0.05898080904
39.91995998,-0.0253339874,-0.02533288854,0.05892908001,-0.05893032366
39.95747874,-0.02506923752,-0.02506813183,0.058878177,-0.05887942501
39.9949975,-0.02480430101,-0.02480318854,0.05882685919,-0.05882811154
40.03251626,-0.02453918687,-0.02453806763,0.05877512501,-0.05877638166
40.07003502,-0.02427390406,-0.02427277809,0.05872297291,-0.05872423383
40.10755378,-0.02400846155,-0.02400732889,0.0586704013,-0.05867166647
40.14507254,-0.02374286832,-0.023741729,0.05861740863,-0.05861867801
40.1825913,-0.02347713334,-0.0234759874,0.05856399333,-0.0585652669
40.22011006,-0.02321126559,-0.02321011306,0.05851015384,-0.05851143155
40.25762881,-0.02294527405,-0.02294411496,0.05845588858,-0.05845717041
40.29514757,-0.02267916768,-0.02267800207,0.05840119599,-0.05840248191
40.33266633,-0.02241295545,-0.02241178336,0.05834607451,-0.05834736448
40.37018509,-0.02214664635,-0.02214546782,0.05829052256,-0.05829181655
40.40770385,-0.02188024935,-0.02187906441,0.05823453859,-0.05823583657
40.44522261,-0.02161377343,-0.02161258211,0.05817812102,-0.05817942296
40.48274137,-0.02134722754,-0.02134602989,0.05812126829,-0.05812257415
40.52026013,-0.02108062068,-0.02107941674,0.05806397883,-0.05806528858
40.55777889,-0.02081396181,-0.02081275161,0.05800625108,-0.05800756469
40.59529765,-0.02054725991,-0.02054604349,0.05794808347,-0.0579494009
40.63281641,-0.02028052396,-0.02027930136,0.05788947444,-0.05789079565
40.67033517,-0.02001376292,-0.02001253418,0.05783042241,-0.05783174738
40.70785393,-0.01974698577,-0.01974575093,0.05777092582,-0.05777225451
40.74537269,-0.01948020148,-0.01947896059,0.05771098311,-0.05771231548
40.78289145,-0.01921341904,-0.01921217212,0.05765059271,-0.05765192872
40.82041021,-0.0189466474,-0.01894539451,0.05758975305,-0.05759109268
40.85792896,-0.01867989556,-0.01867863673,0.05752846257,-0.05752980577
40.89544772,-0.01841317248,-0.01841190775,0.05746671969,-0.05746806643
40.93296648,-0.01814648713,-0.01814521655,0.05740452286,-0.05740587311
40.97048524,-0.01787984849,-0.0178785721,0.05734187051,-0.05734322422
41.008004,-0.01761326554,-0.01761198338,0.05727876107,-0.05728011821
41.04552276,-0.01734674724,-0.01734545936,0.05721519297,-0.0572165535
41.08304152,-0.01708030257,-0.01707900902,0.05715116466,-0.05715252854
41.12056028,-0.01681394052,-0.01681264132,0.05708667455,-0.05708804175
41.15807904,-0.01654767004,-0.01654636525,0.05702172109,-0.05702309157
41.1955978,-0.01628150011,-0.01628018978,0.05695630271,-0.05695767643
41.23311656,-0.01601543972,-0.01601412388,0.05689041784,-0.05689179476
41.27063532,-0.01574949783,-0.01574817653,0.05682406492,-0.056825445
41.30815408,-0.01548368341,-0.01548235671,0.05675724238,-0.05675862559
41.34567284,-0.01521800545,-0.01521667338,0.05668994866,-0.05669133494
41.3831916,-0.01495247291,-0.01495113552,0.05662218218,-0.05662357151
41.42071036,-0.01468709476,-0.0146857521,0.05655394139,-0.05655533372
41.45822911,-0.01442188,-0.01442053211,0.05648522471,-0.05648662
41.49574787,-0.01415683758,-0.01415548451,0.05641603058,-0.0564174288
41.53326663,-0.01389197648,-0.01389061829,0.05634635743,-0.05634775853
41.57078539,-0.01362730567,-0.0136259424,0.0562762037,-0.05627760764
41.60830415,-0.01336283414,-0.01336146584,0.05620556782,-0.05620697456
41.64582291,-0.01309857085,-0.01309719756,0.05613444822,-0.05613585773
41.68334167,-0.01283452478,-0.01283314656,0.05606284334,-0.05606425556
41.72086043,-0.0125707049,-0.0125693218,0.05599075162,-0.05599216651
41.75837919,-0.01230712019,-0.01230573225,0.05591817148,-0.055919589
41.79589795,-0.01204377961,-0.01204238689,0.05584510135,-0.05584652147
41.83341671,-0.01178069215,-0.0117792947,0.05577153968,-0.05577296234
41.87093547,-0.01151786678,-0.01151646465,0.0556974849,-0.05569891006
41.90845423,-0.01125531247,-0.01125390571,0.05562293543,-0.05562436306
41.94597299,-0.0109930382,-0.01099162687,0.05554788972,-0.05554931976
41.98349175,-0.01073105294,-0.01072963708,0.0554723462,-0.05547377861
42.02101051,-0.01046936567,-0.01046794533,0.0553963033,-0.05539773804
42.05852926,-0.01020798535,-0.0102065606,0.05531975945,-0.05532119647
42.09604802,-0.009946920969,-0.009945491852,0.05524271309,-0.05524415235
42.13356678,-0.009686181494,-0.009684748065,0.05516516266,-0.05516660411
42.17108554,-0.0094257759,-0.009424338214,0.05508710658,-0.05508855018
42.2086043,-0.009165713162,-0.009164271274,0.05500854329,-0.05500998899
42.24612306,-0.008906002253,-0.008904556218,0.05492947122,-0.05493091898
42.28364182,-0.008646652148,-0.008645202021,0.05484988881,-0.05485133858
42.32116058,-0.008387671822,-0.008386217657,0.05476979449,-0.05477124622
42.35867934,-0.008129070247,-0.008127612102,0.05468918669,-0.05469064034
42.3961981,-0.007870856398,-0.00786939433,0.05460806386,-0.05460951937
42.43371686,-0.00761303925,-0.007611573314,0.05452642441,-0.05452788175
42.47123562,-0.007355627776,-0.00735415803,0.05444426679,-0.05444572591
42.50875438,-0.007098630951,-0.007097157453,0.05436158943,-0.05436305027
42.54627314,-0.006842057749,-0.006840580556,0.05427839077,-0.05427985328
42.5837919,-0.006585917143,-0.006584436314,0.05419466922,-0.05419613337
42.62131066,-0.006330218108,-0.006328733701,0.05411042324,-0.05411188898
42.65882941,-0.006074969618,-0.006073481693,0.05402565126,-0.05402711852
42.69634817,-0.005820180648,-0.005818689263,0.0539403517,-0.05394182045
42.73386693,-0.00556586017,-0.005564365386,0.053854523,-0.05385599319
42.77138569,-0.00531201716,-0.005310519036,0.0537681636,-0.05376963517
42.80890445,-0.005058660592,-0.005057159189,0.05368127193,-0.05368274483
42.84642321,-0.004805799439,-0.004804294818,0.05359384642,-0.05359532061
42.88394197,-0.004553442676,-0.004551934898,0.05350588551,-0.05350736093
42.92146073,-0.004301599277,-0.004300088403,0.05341738762,-0.05341886423
42.95897949,-0.004050278216,-0.004048764308,0.0533283512,-0.05332982894
42.99649825,-0.003799488467,-0.003797971588,0.05323877468,-0.0532402535
43.03401701,-0.003549239004,-0.003547719217,0.05314865649,-0.05315013633
43.07153577,-0.003299538801,-0.003298016169,0.05305799506,-0.05305947589
43.10905453,-0.003050396833,-0.003048871419,0.05296678883,-0.05296827058
43.14657329,-0.002801822074,-0.002800293941,0.05287503624,-0.05287651886
43.18409205,-0.002553823497,-0.00255229271,0.05278273571,-0.05278421915
43.22161081,-0.002306410077,-0.0023048767,0.05268988568,-0.05269136989
43.25912956,-0.002059590788,-0.002058054887,0.05259648458,-0.05259796951
43.29664832,-0.001813374605,-0.001811836243,0.05250253085,-0.05250401644
43.33416708,-0.0015677705,-0.001566229745,0.05240802292,-0.05240950911
43.37168584,-0.001322787448,-0.001321244365,0.05231295923,-0.05231444597
43.4092046,-0.001078434425,-0.00107688908,0.0522173382,-0.05221882545
43.44672336,-0.0008347204021,-0.0008331728623,0.05212115828,-0.05212264597
43.48424212,-0.0005916543553,-0.0005901046877,0.05202441789,-0.05202590597
43.52176088,-0.0003492452583,-0.0003476935303,0.05192711547,-0.05192860388
43.55927964,-0.0001075020852,-0.0001059483647,0.05182924946,-0.05183073814
43.5967984,0.0001335661898,0.0001351218347,0.05173081828,-0.05173230719
43.63431716,0.0003739505927,0.0003755080935,0.05163182037,-0.05163330944
43.67183592,0.0006136421494,0.0006152014371,0.05153225416,-0.05153374335
43.70935468,0.0008526318857,0.000854192891,0.0514321181,-0.05143360734
43.74687344,0.001090910827,0.001092473481,0.0513314106,-0.05133289984
43.7843922,0.001328470001,0.001330034232,0.05123013011,-0.05123161929
43.82191096,0.001565300431,0.00156686617,0.05112827506,-0.05112976412
43.85942971,0.001801393145,0.00180296032,0.05102584388,-0.05102733277
43.89694847,0.002036739167,0.002038307709,0.05092283501,-0.05092432367
43.93446723,0.002271329525,0.00227289936,0.05081924688,-0.05082073524
43.97198599,0.002505155243,0.002506726301,0.05071507792,-0.05071656594
44.00950475,0.002738207348,0.002739779556,0.05061032657,-0.05061181418
44.04702351,0.002970476865,0.002972050151,0.05050499126,-0.0505064784
44.08454227,0.003201954821,0.003203529112,0.05039907042,-0.05040055705
44.12206103,0.003432632242,0.003434207463,0.0502925625,-0.05029404853
44.15957979,0.003662500152,0.003664076231,0.05018546591,-0.05018695131
44.19709855,0.003891549579,0.003893126441,0.0500777791,-0.0500792638
44.23461731,0.004119771547,0.004121349119,0.04996950051,-0.04997098443
44.27213607,0.004347157083,0.00434873529,0.04986062855,-0.04986211165
44.30965483,0.004573697213,0.004575275979,0.04975116167,-0.04975264389
44.34717359,0.004799382963,0.004800962212,0.04964109831,-0.04964257958
44.38469235,0.005024205358,0.005025785015,0.04953043688,-0.04953191715
44.42221111,0.005248155424,0.005249735413,0.04941917584,-0.04942065503
44.45972986,0.005471224188,0.005472804431,0.04930731361,-0.04930879167
44.49724862,0.005693402675,0.005694983096,0.04919484862,-0.04919632549
44.53476738,0.00591468191,0.005916262432,0.04908177931,-0.04908325493
44.57228614,0.006135052921,0.006136633465,0.04896810412,-0.04896957842
44.6098049,0.006354506732,0.006356087221,0.04885382147,-0.04885529439
44.64732366,0.00657303437,0.006574614726,0.04873892981,-0.04874040128
44.68484242,0.006790626861,0.006792207004,0.04862342755,-0.04862489752
44.72236118,0.00700727523,0.007008855081,0.04850731315,-0.04850878154
44.75987994,0.007222970503,0.007224549982,0.04839058502,-0.04839205178
44.7973987,0.007437703706,0.007439282734,0.04827324162,-0.04827470667
44.83491746,0.007651465866,0.007653044362,0.04815528136,-0.04815674465
44.87243622,0.007864248007,0.007865825891,0.04803670268,-0.04803816414
44.90995498,0.008076041156,0.008077618347,0.04791750402,-0.04791896359
44.94747374,0.008286836339,0.008288412755,0.04779768381,-0.04779914142
44.9849925,0.008496624581,0.008498200141,0.04767724049,-0.04767869607
45.02251126,0.008705396909,0.00870697153,0.04755617248,-0.04755762597
45.06003002,0.008913144348,0.008914717948,0.04743447822,-0.04743592956
45.09754877,0.009119857925,0.00912143042,0.04731215615,-0.04731360526
45.13506753,0.009325528664,0.009327099973,0.04718920469,-0.04719065152
45.17258629,0.009530147593,0.00953171763,0.04706562229,-0.04706706676
45.21010505,0.009733705736,0.009735274419,0.04694140738,-0.04694284942
45.24762381,0.00993619412,0.009937761363,0.04681655838,-0.04681799793
45.28514257,0.01013760377,0.01013916949,0.04669107374,-0.04669251073
45.32266133,0.01033792571,0.01033948982,0.04656495188,-0.04656638625
45.36018009,0.01053715097,0.01053871339,0.04643819125,-0.04643962292
45.39769885,0.01073527058,0.01073683122,0.04631079027,-0.04631221917
45.43521761,0.01093227556,0.01093383433,0.04618274738,-0.04618417345
45.47273637,0.01112815693,0.01112971374,0.04605406101,-0.04605548417
45.51025513,0.01132290572,0.0113244605,0.0459247296,-0.04592614979
45.54777389,0.01151651296,0.01151806561,0.04579475157,-0.04579616872
45.58529265,0.01170896968,0.01171052011,0.04566412537,-0.04566553941
45.62281141,0.01190026689,0.01190181503,0.04553284943,-0.04553426028
45.66033017,0.01209039563,0.01209194137,0.04540092217,-0.04540232978
45.69784892,0.01227934692,0.01228089019,0.04526834204,-0.04526974633
45.73536768,0.01246711179,0.01246865249,0.04513510747,-0.04513650836
45.77288644,0.01265368126,0.0126552193,0.04500121689,-0.04500261431
45.8104052,0.01283904637,0.01284058165,0.04486666874,-0.04486806262
45.84792396,0.01302319812,0.01302473057,0.04473146144,-0.04473285172
45.88544272,0.01320612756,0.01320765707,0.04459559344,-0.04459698003
45.92296148,0.0133878257,0.0133893522,0.04445906316,-0.044460446
45.96048024,0.01356828357,0.01356980696,0.04432186905,-0.04432324806
45.997999,0.01374749221,0.01374901239,0.04418400952,-0.04418538464
46.03551776,0.01392544263,0.01392695951,0.04404548303,-0.04404685417
46.07303652,0.01410212585,0.01410363935,0.043906288,-0.04390765509
46.11055528,0.01427753292,0.01427904294,0.04376642286,-0.04376778584
46.14807404,0.01445165484,0.01445316129,0.04362588605,-0.04362724483
46.1855928,0.01462448266,0.01462598543,0.043484676,-0.04348603052
46.22311156,0.01479600738,0.0147975064,0.04334279115,-0.04334414133
46.26063032,0.01496622005,0.01496771521,0.04320022993,-0.04320157569
46.29814907,0.01513511168,0.01513660289,0.04305699077,-0.04305833204
46.33566783,0.0153026733,0.01530416047,0.04291307211,-0.04291440881
46.37318659,0.01546889594,0.01547037897,0.04276847238,-0.04276980444
46.41070535,0.01563377063,0.01563524942,0.04262319001,-0.04262451735
46.44822411,0.01579728838,0.01579876284,0.04247722344,-0.04247854599
46.48574287,0.01595944023,0.01596091026,0.04233057111,-0.04233188878
46.52326163,0.01612021719,0.0161216827,0.04218323144,-0.04218454417
46.56078039,0.01627961031,0.01628107119,0.04203520287,-0.04203651057
46.59829915,0.0164376106,0.01643906676,0.04188648383,-0.04188778643
46.63581791,0.01659420908,0.01659566043,0.04173707276,-0.04173837018
46.67333667,0.01674939679,0.01675084322,0.04158696809,-0.04158826026
46.71085543,0.01690316475,0.01690460616,0.04143616826,-0.04143745509
46.74837419,0.01705550398,0.01705694028,0.04128467169,-0.0412859531
46.78589295,0.01720640552,0.01720783661,0.04113247682,-0.04113375275
46.82341171,0.01735586039,0.01735728616,0.04097958209,-0.04098085245
46.86093047,0.0175038596,0.01750527996,0.04082598593,-0.04082725063
46.89844922,0.0176503942,0.01765180905,0.04067168677,-0.04067294575
46.93596798,0.0177954552,0.01779686444,0.04051668305,-0.04051793622
46.97348674,0.01793903364,0.01794043715,0.0403609732,-0.04036222047
47.0110055,0.01808112053,0.01808251823,0.04020455565,-0.04020579696
47.04852426,0.0182217069,0.01822309868,0.04004742884,-0.0400486641
47.08604302,0.01836078379,0.01836216954,0.0398895912,-0.03989082033
47.12356178,0.01849834221,0.01849972184,0.03973104117,-0.03973226408
47.16108054,0.01863437318,0.01863574659,0.03957177717,-0.0395729938
47.1985993,0.01876886775,0.01877023482,0.03941179765,-0.0394130079
47.23611806,0.01890181693,0.01890317757,0.03925110103,-0.03925230483
47.27363682,0.01903321174,0.01903456584,0.03908968575,-0.03909088301
47.31115558,0.01916304322,0.01916439068,0.03892755025,-0.03892874089
47.34867434,0.01929130239,0.0192926431,0.03876469295,-0.03876587689
47.3861931,0.01941798028,0.01941931413,0.0386011123,-0.03860228945
47.42371186,0.01954306791,0.0195443948,0.03843680672,-0.038437977
47.46123062,0.0196665563,0.01966787613,0.03827177464,-0.03827293797
47.49874937,0.01978843649,0.01978974915,0.03810601451,-0.03810717081
47.53626813,0.0199086995,0.01991000488,0.03793952476,-0.03794067393
47.57378689,0.02002733635,0.02002863435,0.03777230381,-0.03777344578
47.61130565,0.02014433808,0.02014562858,0.03760435011,-0.03760548479
47.64882441,0.0202596957,0.0202609786,0.03743566209,-0.03743678939
47.68634317,0.02037340025,0.02037467544,0.03726623817,-0.03726735802
47.72386193,0.02048544274,0.02048671011,0.0370960768,-0.03709718911
47.76138069,0.02059581421,0.02059707366,0.03692517641,-0.03692628108
47.79889945,0.02070450568,0.02070575709,0.03675353543,-0.03675463239
47.83641821,0.02081150818,0.02081275144,0.0365811523,-0.03658224145
47.87393697,0.02091681272,0.02091804773,0.03640802544,-0.03640910671
47.91145573,0.02102041035,0.02102163699,0.0362341533,-0.03623522659
47.94897449,0.02112229208,0.02112351024,0.0360595343,-0.03606059953
47.98649325,0.02122244894,0.02122365852,0.03588416688,-0.03588522397
48.02401201,0.02132087196,0.02132207283,0.03570804948,-0.03570909833
48.06153077,0.02141755216,0.02141874422,0.03553118052,-0.03553222105
48.09904952,0.02151248056,0.0215136637,0.03535355845,-0.03535459056
48.13656828,0.0216056482,0.02160682231,0.03517518169,-0.03517620531
48.17408704,0.0216970461,0.02169821106,0.03499604868,-0.03499706371
48.2116058,0.02178666528,0.02178782098,0.03481615786,-0.0348171642
48.24912456,0.02187449678,0.0218756431,0.03463550764,-0.03463650522
48.28664332,0.02196053161,0.02196166844,0.03445409648,-0.03445508521
48.32416208,0.02204476081,0.02204588803,0.03427192281,-0.03427290258
48.36168084,0.02212717539,0.02212829289,0.03408898504,-0.03408995579
48.3991996,0.02220776639,0.02220887406,0.03390528163,-0.03390624325
48.43671836,0.02228652483,0.02228762254,0.03372081101,-0.03372176341
48.47423712,0.02236344174,0.02236452938,0.0335355716,-0.0335365147
48.51175588,0.02243850813,0.0224395856,0.03334956185,-0.03335049555
48.54927464,0.02251171505,0.02251278222,0.03316278018,-0.03316370439
48.5867934,0.02258305351,0.02258411026,0.03297522503,-0.03297613966
48.62431216,0.02265251454,0.02265356076,0.03278689484,-0.03278779979
48.66183092,0.02272008917,0.02272112473,0.03259778803,-0.03259868322
48.69934967,0.02278576842,0.02278679321,0.03240790304,-0.03240878837
48.73686843,0.02284954331,0.02285055722,0.0322172383,-0.03221811369
48.77438719,0.02291140488,0.02291240778,0.03202579226,-0.0320266576
48.81190595,0.02297134415,0.02297233592,0.03183356333,-0.03183441854
48.84942471,0.02302935214,0.02303033267,0.03164054996,-0.03164139495
48.88694347,0.02308541989,0.02308638905,0.03144675058,-0.03144758524
48.92446223,0.02313953841,0.02314049608,0.03125216363,-0.03125298787
48.96198099,0.02319169873,0.0231926448,0.03105678753,-0.03105760126
48.99949975,0.02324189189,0.02324282623,0.03086062072,-0.03086142384
49.03701851,0.0232901089,0.02329103139,0.03066366163,-0.03066445406
49.07453727,0.02333634079,0.0233372513,0.0304659087,-0.03046669034
49.11205603,0.02338057858,0.02338147701,0.03026736037,-0.03026813111
49.14957479,0.02342281331,0.02342369952,0.03006801505,-0.03006877481
49.18709355,0.023463036,0.02346390986,0.0298678712,-0.02986861988
49.22461231,0.02350123767,0.02350209907,0.02966692724,-0.02966766474
49.26213107,0.02353740935,0.02353825817,0.02946518161,-0.02946590783
49.29964982,0.02357154206,0.02357237817,0.02926263273,-0.02926334758
49.33716858,0.02360362684,0.02360445012,0.02905927905,-0.02905998244
49.37468734,0.0236336547,0.02363446502,0.028855119,-0.02885581082
49.4122061,0.02366161668,0.02366241392,0.028650151,-0.02865083116
49.44972486,0.0236875038,0.02368828782,0.0284443735,-0.02844504191
49.48724362,0.02371130708,0.02371207777,0.02823778494,-0.02823844148
49.52476238,0.02373301756,0.02373377478,0.02803038373,-0.02803102831
49.56228114,0.02375262625,0.02375336989,0.02782216832,-0.02782280085
49.5997999,0.02377012418,0.02377085411,0.02761313713,-0.02761375751
49.63731866,0.02378550239,0.02378621847,0.02740328862,-0.02740389674
49.67483742,0.02379875188,0.02379945399,0.02719262119,-0.02719321697
49.71235618,0.0238098637,0.02381055171,0.0269811333,-0.02698171663
49.74987494,0.02381882887,0.02381950265,0.02676882337,-0.02676939415
49.7873937,0.0238256384,0.02382629783,0.02655568985,-0.02655624797
49.82491246,0.02383028334,0.02383092828,0.02634173115,-0.02634227652
49.86243122,0.0238327547,0.02383338503,0.02612694572,-0.02612747823
49.89994997,0.02383304351,0.02383365909,0.02591133198,-0.02591185155
49.93746873,0.02383114079,0.0238317415,0.02569488839,-0.02569539489
49.97498749,0.02382703758,0.02382762329,0.02547761335,-0.02547810671
50.01250625,0.02382083238,0.02382140296,0.02525960542,-0.02526008553
50.05002501,0.02381391643,0.02381447193,0.02504216423,-0.02504263112
50.08754377,0.02380671983,0.02380726032,0.02482568828,-0.02482614203
50.12506253,0.02379924345,0.02379976902,0.02461017566,-0.02461061634
50.16258129,0.02379148817,0.02379199889,0.02439562444,-0.02439605212
50.20010005,0.02378345485,0.02378395082,0.0241820327,-0.02418244746
50.23761881,0.02377514438,0.02377562568,0.02396939852,-0.02396980043
50.27513757,0.02376655764,0.02376702434,0.02375771997,-0.02375810911
50.31265633,0.0237576955,0.02375814769,0.02354699515,-0.02354737157
50.35017509,0.02374855883,0.02374899659,0.02333722211,-0.0233375859
50.38769385,0.02373914851,0.02373957192,0.02312839895,-0.02312875018
50.42521261,0.02372946542,0.02372987456,0.02292052374,-0.02292086247
50.46273137,0.02371951043,0.02371990539,0.02271359455,-0.02271392087
50.50025013,0.02370928442,0.02370966528,0.02250760947,-0.02250792344
50.53776888,0.02369878827,0.0236991551,0.02230256658,-0.02230286827
50.57528764,0.02368802285,0.02368837573,0.02209846395,-0.02209875343
50.6128064,0.02367698903,0.02367732806,0.02189529966,-0.02189557701
50.65032516,0.0236656877,0.02366601294,0.02169307179,-0.02169333707
50.68784392,0.02365411973,0.02365443127,0.02149177842,-0.0214920317
50.72536268,0.02364228599,0.02364258391,0.02129141762,-0.02129165898
50.76288144,0.02363018736,0.02363047174,0.02109198748,-0.02109221698
50.8004002,0.02361782472,0.02361809563,0.02089348607,-0.02089370379
50.83791896,0.02360519895,0.02360545647,0.02069591147,-0.02069611747
50.87543772,0.02359231091,0.02359255513,0.02049926176,-0.02049945611
50.91295648,0.02357916149,0.02357939248,0.02030353502,-0.02030371779
50.95047524,0.02356575156,0.0235659694,0.02010872932,-0.02010890059
50.987994,0.02355208199,0.02355228677,0.01991484274,-0.01991500257
51.02551276,0.02353815367,0.02353834546,0.01972187337,-0.01972202183
51.06303152,0.02352396747,0.02352414635,0.01952981927,-0.01952995643
51.10055028,0.02350952426,0.02350969031,0.01933867854,-0.01933880446
51.13806903,0.02349482493,0.02349497822,0.01914844924,-0.019148564
51.17558779,0.02347987034,0.02348001095,0.01895912945,-0.01895923312
51.21310655,0.02346466138,0.02346478938,0.01877071726,-0.0187708099
51.25062531,0.02344919891,0.02344931439,0.01858321073,-0.01858329241
51.28814407,0.02343348382,0.02343358686,0.01839660796,-0.01839667875
51.32566283,0.02341751698,0.02341760765,0.01821090701,-0.01821096698
51.36318159,0.02340129927,0.02340137764,0.01802610597,-0.01802615518
51.40070035,0.02338483156,0.02338489772,0.01784220292,-0.01784224143
51.43821911,0.02336811472,0.02336816875,0.01765919592,-0.01765922382
51.47573787,0.02335114965,0.02335119161,0.01747708307,-0.01747710041
51.51325663,0.0233339372,0.02333396718,0.01729586243,-0.01729586928
51.55077539,0.02331647827,0.02331649633,0.01711553209,-0.01711552852
51.58829415,0.02329877371,0.02329877994,0.01693609012,-0.0169360762
51.62581291,0.02328082441,0.02328081888,0.01675753461,-0.0167575104
51.66333167,0.02326263125,0.02326261403,0.01657986363,-0.01657982919
51.70085043,0.0232441951,0.02324416628,0.01640307526,-0.01640303067
51.73836918,0.02322551684,0.02322547648,0.01622716757,-0.01622711289
51.77588794,0.02320659734,0.02320654552,0.01605213865,-0.01605207395
51.8134067,0.02318743748,0.02318737427,0.01587798658,-0.01587791192
51.85092546,0.02316803813,0.02316796362,0.01570470943,-0.01570462487
51.88844422,0.02314840018,0.02314831442,0.01553230528,-0.01553221089
51.92596298,0.02312852449,0.02312842757,0.0153607722,-0.01536066805
51.96348174,0.02310841195,0.02310830394,0.01519010829,-0.01518999444
52.0010005,0.02308806342,0.0230879444,0.01502031161,-0.01502018812
52.03851926,0.02306747979,0.02306734983,0.01485138024,-0.01485124719
52.07603802,0.02304666193,0.0230465211,0.01468331226,-0.01468316971
52.11355678,0.02302561071,0.02302545909,0.01451610576,-0.01451595376
52.15107554,0.02300432702,0.02300416468,0.0143497588,-0.01434959743
52.1885943,0.02298281173,0.02298263874,0.01418426946,-0.01418409878
52.22611306,0.02296106572,0.02296088215,0.01401963584,-0.01401945591
52.26363182,0.02293908985,0.02293889578,0.01385585599,-0.01385566688
52.30115058,0.02291688501,0.02291668051,0.01369292801,-0.01369272977
52.33866933,0.02289445207,0.02289423721,0.01353084996,-0.01353064267
52.37618809,0.02287179192,0.02287156677,0.01336961994,-0.01336940365
52.41370685,0.02284890541,0.02284867005,0.013209236,-0.01320901078
52.45122561,0.02282579344,0.02282554793,0.01304969624,-0.01304946216
52.48874437,0.02280245688,0.02280220129,0.01289099874,-0.01289075584
52.52626313,0.0227788966,0.02277863101,0.01273314156,-0.01273288992
52.56378189,0.02275511347,0.02275483796,0.01257612279,-0.01257586248
52.60130065,0.02273110839,0.02273082301,0.01241994051,-0.01241967157
52.63881941,0.02270688221,0.02270658704,0.0122645928,-0.0122643153
52.67633817,0.02268243582,0.02268213093,0.01211007772,-0.01210979173
52.71385693,0.02265777009,0.02265745556,0.01195639337,-0.01195609895
52.75137569,0.0226328859,0.02263256179,0.01180353782,-0.01180323502
52.78889445,0.02260778413,0.02260745051,0.01165150914,-0.01165119804
52.82641321,0.02258246564,0.02258212259,0.01150030542,-0.01149998607
52.86393197,0.02255693133,0.0225565789,0.01134992474,-0.0113495972
52.90145073,0.02253118205,0.02253082033,0.01120036516,-0.0112000295
52.93896948,0.0225052187,0.02250484774,0.01105162478,-0.01105128105
52.97648824,0.02247904214,0.02247866202,0.01090370167,-0.01090334993
53.014007,0.02245265325,0.02245226404,0.0107565939,-0.01075623422
53.05152576,0.02242605291,0.02242565467,0.01061029956,-0.01060993199
53.08904452,0.02239924199,0.02239883479,0.01046481672,-0.01046444133
53.12656328,0.02237222137,0.02237180529,0.01032014347,-0.01031976031
53.16408204,0.02234499192,0.02234456702,0.01017627787,-0.01017588701
53.2016008,0.02231755452,0.02231712087,0.01003321801,-0.01003281951
53.23911956,0.02228991005,0.02228946772,0.009890961968,-0.009890555879
53.27663832,0.02226205939,0.02226160844,0.009749507821,-0.009749094205
53.31415708,0.0222340034,0.0222335439,0.009608853646,-0.009608432563
53.35167584,0.02220574297,0.02220527499,0.009468997521,-0.009468569031
53.3891946,0.02217727897,0.02217680257,0.009329937526,-0.009329501688
53.42671336,0.02214861227,0.02214812753,0.009191671739,-0.00919122861
53.46423212,0.02211974376,0.02211925073,0.009054198237,-0.009053747876
53.50175088,0.0220906743,0.02209017306,0.008917515098,-0.008917057565
53.53926963,0.02206140478,0.0220608954,0.008781620402,-0.008781155753
53.57678839,0.02203193608,0.0220314186,0.008646512226,-0.00864604052
53.61430715,0.02200226905,0.02200174357,0.008512188648,-0.008511709944
53.65182591,0.02197240459,0.02197187116,0.008378647747,-0.008378162101
53.68934467,0.02194234357,0.02194180225,0.008245887601,-0.008245395072
53.72686343,0.02191208687,0.02191153772,0.008113906288,-0.008113406932
53.76438219,0.02188163535,0.02188107845,0.007982701887,-0.007982195762
53.80190095,0.0218509899,0.02185042532,0.007852272474,-0.007851759638
53.83941971,0.0218201514,0.02181957918,0.00772261613,-0.007722096638
53.87693847,0.02178912071,0.02178854094,0.007593730931,-0.007593204842
53.91445723,0.02175789872,0.02175731145,0.007465614957,-0.007465082326
53.95197599,0.02172648629,0.02172589159,0.007338266285,-0.007337727169
53.98949475,0.02169488432,0.02169428225,0.007211682994,-0.007211137449
54.02701351,0.02166309367,0.02166248429,0.007085863161,-0.007085311244
54.06453227,0.02163111521,0.0216304986,0.006960804865,-0.006960246632
54.10205103,0.02159894983,0.02159832604,0.006836506185,-0.006835941691
54.13956978,0.0215665984,0.0215659675,0.006712965198,-0.006712394499
54.17708854,0.0215340618,0.02153342385,0.006590179983,-0.006589603134
54.2146073,0.0215013409,0.02150069596,0.006468148618,-0.006467565675
54.25212606,0.02146843658,0.02146778472,0.006346869181,-0.006346280199
54.28964482,0.02143534971,0.02143469099,0.00622633975,-0.006225744784
54.32716358,0.02140208117,0.02140141565,0.006106558403,-0.006105957509
54.36468234,0.02136863184,0.02136795959,0.00598752322,-0.005986916451
54.4022011,0.0213350026,0.02133432367,0.005869232277,-0.005868619689
54.43971986,0.02130119431,0.02130050876,0.005751683654,-0.0057510653
54.47723862,0.02126720785,0.02126651576,0.005634875428,-0.005634251363
54.51475738,0.02123304411,0.02123234553,0.005518805678,-0.005518175956
54.55227614,0.02119870395,0.02119799894,0.005403472481,-0.005402837156
54.5897949,0.02116418826,0.02116347688,0.005288873917,-0.005288233042
54.62731366,0.0211294979,0.02112878022,0.005175008062,-0.005174361692
54.66483242,0.02109463376,0.02109390983,0.005061872997,-0.005061221184
54.70235118,0.02105959671,0.02105886659,0.004949466798,-0.004948809596
54.73986993,0.02102438762,0.02102365139,0.004837787544,-0.004837125006
54.77738869,0.02098900738,0.02098826508,0.004726833313,-0.004726165492
54.81490745,0.02095345685,0.02095270855,0.004616602183,-0.004615929133
54.85242621,0.02091773692,0.02091698268,0.004507092233,-0.004506414005
54.88994497,0.02088184847,0.02088108834,0.004398301541,-0.004397618188
54.92746373,0.02084579235,0.0208450264,0.004290228185,-0.004289539759
54.96498249,0.02080956946,0.02080879775,0.004182870243,-0.004182176797
55.00250125,0.02077318067,0.02077240325,0.004076225793,-0.004075527378
55.04002001,0.02073662685,0.02073584378,0.003970292914,-0.003969589583
55.07753877,0.02069990889,0.02069912023,0.003865069684,-0.003864361488
55.11505753,0.02066302765,0.02066223346,0.003760554181,-0.003759841171
55.15257629,0.02062598401,0.02062518435,0.003656744483,-0.003656026712
55.19009505,0.02058877885,0.02058797378,0.003553638669,-0.003552916187
55.22761381,0.02055141304,0.02055060262,0.003451234817,-0.003450507674
55.26513257,0.02051388747,0.02051307175,0.003349531004,-0.003348799253
55.30265133,0.020476203,0.02047538204,0.00324852531,-0.003247789
55.34017009,0.02043836051,0.02043753437,0.003148215812,-0.003147474995
55.37768884,0.02040036088,0.02039952962,0.003048600589,-0.003047855314
55.4152076,0.02036220499,0.02036136866,0.002949677718,-0.002948928037
55.45272636,0.02032389371,0.02032305237,0.002851445279,-0.00285069124
55.49024512,0.02028542791,0.02028458162,0.002753901348,-0.002753143003
55.52776388,0.02024680848,0.02024595729,0.002657044006,-0.002656281403
55.56528264,0.02020803628,0.02020718026,0.002560871328,-0.002560104518
55.6028014,0.0201691122,0.02016825139,0.002465381395,-0.002464610427
55.64032016,0.02013003711,0.02012917157,0.002370572284,-0.002369797207
55.67783892,0.02009081188,0.02008994168,0.002276442073,-0.002275662936
55.71535768,0.0200514374,0.02005056258,0.002182988841,-0.002182205693
55.75287644,0.02001191453,0.02001103515,0.002090210666,-0.002089423556
55.7903952,0.01997224416,0.01997136028,0.001998105625,-0.001997314602
55.82791396,0.01993242716,0.01993153883,0.001906671798,-0.00190587691
55.86543272,0.01989246441,0.01989157168,0.001815907262,-0.001815108557
55.90295148,0.01985235678,0.01985145971,0.001725810096,-0.001725007622
55.94047024,0.01981210514,0.01981120379,0.001636378377,-0.001635572184
55.97798899,0.01977171038,0.01977080481,0.001547610185,-0.001546800319
56.01550775,0.01973117338,0.01973026362,0.001459503597,-0.001458690106
56.05302651,0.01969049499,0.01968958112,0.001372056691,-0.001371239623
56.09054527,0.01964967611,0.01964875817,0.001285267546,-0.001284446948
56.12806403,0.01960871761,0.01960779565,0.00119913424,-0.001198310159
56.16558279,0.01956762036,0.01956669445,0.001113654851,-0.001112827335
56.20310155,0.01952638525,0.01952545542,0.001028827458,-0.001027996553
56.24062031,0.01948501313,0.01948407946,0.0009446501379,-0.0009438158906
56.27813907,0.01944350491,0.01944256743,0.0008611209697,-0.000860283427
56.31565783,0.01940186143,0.01940092021,0.0007782380316,-0.0007773972398
56.35317659,0.0193600836,0.01935913868,0.0006959994016,-0.0006951554071
56.39069535,0.01931817227,0.01931722371,0.0006144031582,-0.0006135560069
56.42821411,0.01927612833,0.01927517618,0.0005334473793,-0.0005325971173
56.46573287,0.01923395265,0.01923299696,0.0004531301433,-0.0004522768164
56.50325163,0.01919164611,0.01919068693,0.0003734495285,-0.0003725931821
56.54077039,0.01914920959,0.01914824697,0.0002944036129,-0.0002935442926
56.57828914,0.01910664395,0.01910567795,0.0002159904748,-0.0002151282259
56.6158079,0.01906395008,0.01906298075,0.0001382081925,-0.00013734306
56.65332666,0.01902112886,0.01902015625,6.105484408e-05,-6.018687313e-05
56.69084542,0.01897818115,0.01897720531,-1.547149214e-05,1.63422568e-05
56.72836418,0.01893510783,0.01893412881,-9.137273798e-05,9.22462517e-05
56.76588294,0.01889190979,0.01889092764,-0.0001666508152,0.0001675270335
56.8034017,0.01884858789,0.01884760266,-0.0002413076456,0.0002421865242
56.84092046,0.01880514301,0.01880415476,-0.000315345151,0.0003162266456
56.87843922,0.01876157603,0.01876058481,-0.0003887652532,0.0003896493198
56.91595798,0.01871788783,0.01871689367,-0.0004615698739,0.0004624564687
56.95347674,0.01867407927,0.01867308224,-0.0005337609349,0.0005346500142
56.9909955,0.01863015125,0.01862915139,-0.000605340358,0.0006062318782
57.02851426,0.01858610462,0.01858510198,-0.000676310065,0.0006772039828
57.06603302,0.01854194027,0.0185409349,-0.0007466719777,0.0007475682498
57.10355178,0.01849765908,0.01849665103,-0.0008164280178,0.0008173266012
57.14107054,0.01845326191,0.01845225124,-0.0008855801072,0.000886480959
57.17858929,0.01840874966,0.0184077364,-0.0009541301676,0.0009550332451
57.21610805,0.01836412318,0.01836310739,-0.001022080121,0.001022985381
57.25362681,0.01831938336,0.01831836508,-0.001089431889,0.00109033929
57.29114557,0.01827453108,0.01827351036,-0.001156187393,0.001157096892
57.32866433,0.01822956721,0.0182285441,-0.001222348555,0.001223260111
57.36618309,0.01818449262,0.01818346717,-0.001287917297,0.001288830868
57.40370185,0.01813930819,0.01813828045,-0.001352895541,0.001353811084
57.44122061,0.0180940148,0.01809298481,-0.001417285209,0.001418202683
57.47873937,0.01804861333,0.01804758114,-0.001481088222,0.001482007585
57.51625813,0.01800310465,0.0180020703,-0.001544306502,0.001545227713
57.55377689,0.01795748963,0.01795645318,-0.00160694197,0.001607864989
57.59129565,0.01791176915,0.01791073065,-0.00166899655,0.001669921334
57.62881441,0.0178659441,0.01786490358,-0.001730472161,0.001731398671
57.66633317,0.01782001533,0.01781897285,-0.001791370727,0.001792298922
57.70385193,0.01777398374,0.01777293933,-0.001851694169,0.001852624008
57.74137069,0.01772785019,0.01772680391,-0.001911444409,0.001912375852
57.77888944,0.01768161557,0.01768056746,-0.001970623369,0.001971556375
57.8164082,0.01763528074,0.01763423085,-0.002029232969,0.002030167499
57.85392696,0.01758884658,0.01758779495,-0.002087275133,0.002088211146
57.89144572,0.01754231398,0.01754126066,-0.002144751782,0.002145689239
57.92896448,0.0174956838,0.01749462883,-0.002201664837,0.002202603699
57.96648324,0.01744895693,0.01744790035,-0.002258016221,0.002258956448
58.004002,0.01740213423,0.0174010761,-0.002313807856,0.002314749408
58.04152076,0.01735521658,0.01735415694,-0.002369041662,0.002369984501
58.07903952,0.01730820487,0.01730714376,-0.002423719562,0.002424663649
58.11655828,0.01726109996,0.01726003743,-0.002477843478,0.002478788774
58.15407704,0.01721390274,0.01721283882,-0.002531415331,0.002532361798
58.1915958,0.01716661407,0.01716554881,-0.002584437043,0.002585384642
58.22911456,0.01711923483,0.01711816828,-0.002636910536,0.002637859229
58.26663332,0.01707176591,0.01707069811,-0.002688837732,0.002689787481
58.30415208,0.01702420817,0.01702313916,-0.002740220553,0.002741171319
58.34167084,0.01697656249,0.01697549232,-0.00279106092,0.002792012666
58.37918959,0.01692882975,0.01692775846,-0.002841360755,0.002842313443
58.41670835,0.01688101083,0.01687993846,-0.002891121979,0.002892075573
58.45422711,0.01683310659,0.01683203319,-0.002940346516,0.002941300977
58.49174587,0.01678511792,0.01678404352,-0.002989036286,0.002989991578
58.52926463,0.01673704569,0.01673597035,-0.003037193211,0.003038149296
58.56678339,0.01668889078,0.01668781453,-0.003084819213,0.003085776055
58.60430215,0.01664065407,0.01663957694,-0.003131916215,0.003132873776
58.64182091,0.01659233642,0.01659125847,-0.003178486136,0.003179444382
58.67933967,0.01654393872,0.01654285999,-0.0032245309,0.003225489793
58.71685843,0.01649546184,0.01649438236,-0.003270052428,0.003271011932
58.75437719,0.01644690666,0.01644582648,-0.003315052642,0.003316012721
58.79189595,0.01639827405,0.01639719321,-0.003359533464,0.003360494082
58.82941471,0.0163495649,0.01634848343,-0.003403496816,0.003404457936
58.86693347,0.01630078007,0.01629969802,-0.003446944618,0.003447906207
58.90445223,0.01625192044,0.01625083785,-0.003489878794,0.003490840815
58.94197099,0.01620298688,0.0162019038,-0.003532301265,0.003533263683
58.97948974,0.01615398029,0.01615289674,-0.003574213952,0.003575176732
59.0170085,0.01610490152,0.01610381755,-0.003615618777,0.003616581885
59.05452726,0.01605575145,0.01605466711,-0.003656517663,0.003657481063
59.09204602,0.01600653097,0.01600544629,-0.003696912531,0.003697876189
59.12956478,0.01595724095,0.01595615596,-0.003736805303,0.003737769184
59.16708354,0.01590788226,0.01590679701,-0.0037761979,0.00377716197
59.2046023,0.01585845578,0.01585737031,-0.003815092245,0.00381605647
59.24212106,0.01580896239,0.01580787673,-0.003853490258,0.003854454604
59.27963982,0.01575940295,0.01575831715,-0.003891393863,0.003892358296
59.31715858,0.01570977836,0.01570869245,-0.00392880498,0.003929769467
59.35467734,0.01566008948,0.01565900349,-0.003965725532,0.003966690039
59.3921961,0.01561033719,0.01560925117,-0.00400215744,0.004003121934
59.42971486,0.01556052236,0.01555943635,-0.004038102626,0.004039067074
59.46723362,0.01551064588,0.01550955991,-0.004073563012,0.00407452738
59.50475238,0.01546070861,0.01545962272,-0.004108540519,0.004109504776
59.54227114,0.01541071144,0.01540962567,-0.00414303707,0.004144001182
59.57978989,0.01536065523,0.01535956962,-0.004177054586,0.004178018521
59.61730865,0.01531054088,0.01530945546,-0.00421059499,0.004211558714
59.65482741,0.01526036924,0.01525928405,-0.004243660201,0.004244623684
59.69234617,0.0152101412,0.01520905628,-0.004276252144,0.004277215352
59.72986493,0.01515985764,0.01515877301,-0.004308372738,0.004309335641
59.76738369,0.01510951942,0.01510843513,-0.004340023907,0.004340986473
59.80490245,0.01505912744,0.01505804352,-0.004371207572,0.004372169768
59.84242121,0.01500868255,0.01500759904,-0.004401925654,0.00440288745
59.87993997,0.01495818564,0.01495710258,-0.004432180076,0.00443314144
59.91745873,0.01490763758,0.014906555,-0.004461972759,0.004462933661
59.95497749,0.01485703925,0.01485595719,-0.004491305625,0.004492266033
59.99249625,0.01480639153,0.01480531002,-0.004520180596,0.004521140479
60.03001501,0.01475569529,0.01475461436,-0.004548599593,0.004549558922
60.06753377,0.01470495141,0.0147038711,-0.004576564539,0.004577523282
60.10505253,0.01465416076,0.01465308111,-0.004604077355,0.004605035482
60.14257129,0.01460332422,0.01460224526,-0.004631139963,0.004632097444
60.18009005,0.01455244267,0.01455136443,-0.004657754285,0.00465871109
60.2176088,0.01450151698,0.01450043949,-0.004683922242,0.004684878342
60.25512756,0.01445054803,0.01444947133,-0.004709645756,0.004710601121
60.29264632,0.01439953668,0.01439846081,-0.00473492675,0.00473588135
60.33016508,0.01434848383,0.01434740882,-0.004759767144,0.00476072095
60.36768384,0.01429739035,0.01429631622,-0.004784168861,0.004785121844
60.4052026,0.0142462571,0.0142451839,-0.004808133823,0.004809085953
60.44272136,0.01419508498,0.01419401274,-0.00483166395,0.0048326152
60.48024012,0.01414387484,0.01414280359,-0.004854761166,0.004855711506
60.51775888,0.01409262758,0.01409155735,-0.004877427392,0.004878376793
60.55527764,0.01404134406,0.01404027489,-0.004899664549,0.004900612983
60.5927964,0.01399002517,0.01398895708,-0.004921474559,0.004922421999
60.63031516,0.01393867177,0.0139376048,-0.004942859344,0.004943805761
60.66783392,0.01388728474,0.01388621892,-0.004963820827,0.004964766193
60.70535268,0.01383586496,0.01383480033,-0.004984360928,0.004985305215
60.74287144,0.01378441331,0.01378334989,-0.005004481569,0.005005424751
60.7803902,0.01373293066,0.01373186849,-0.005024184673,0.005025126721
60.81790895,0.01368141789,0.01368035699,-0.005043472161,0.005044413048
60.85542771,0.01362987587,0.01362881628,-0.005062345955,0.005063285654
60.89294647,0.01357830548,0.01357724723,-0.005080807976,0.005081746461
60.93046523,0.0135267076,0.01352565071,-0.005098860147,0.00509979739
60.96798399,0.0134750831,0.01347402761,-0.005116504389,0.005117440364
61.00550275,0.01342343285,0.01342237879,-0.005133742624,0.005134677304
61.04302151,0.01337175774,0.01337070514,-0.005150576773,0.005151510133
61.08054027,0.01332005864,0.01331900752,-0.005167008759,0.005167940772
61.11805903,0.01326833642,0.01326728683,-0.005183040504,0.005183971144
61.15557779,0.01321659197,0.01321554392,-0.005198673928,0.00519960317
61.19309655,0.01316482615,0.01316377968,-0.005213910955,0.005214838772
61.23061531,0.01311303985,0.01311199498,-0.005228753505,0.005229679872
61.26813407,0.01306123393,0.0130601907,-0.005243203501,0.005244128393
61.30565283,0.01300940928,0.01300836771,-0.005257262863,0.005258186255
61.34317159,0.01295756677,0.01295652689,-0.005270933515,0.005271855382
61.38069035,0.01290570728,0.01290466912,-0.005284217378,0.005285137694
61.4182091,0.01285383169,0.01285279527,-0.005297116373,0.005298035115
61.45572786,0.01280194086,0.01280090622,-0.005309632423,0.005310549565
61.49324662,0.01275003568,0.01274900284,-0.005321767448,0.005322682967
61.53076538,0.01269811701,0.01269708601,-0.005333523372,0.005334437242
61.56828414,0.01264618575,0.01264515661,-0.005344902116,0.005345814314
61.6058029,0.01259424276,0.0125932155,-0.0053559056,0.005356816103
61.64332166,0.01254228892,0.01254126358,-0.005366535749,0.005367444531
61.68084042,0.0124903251,0.0124893017,-0.005376794482,0.005377701522
61.71835918,0.01243835219,0.01243733075,-0.005386683722,0.005387588995
61.75587794,0.01238637105,0.01238535161,-0.005396205391,0.005397108874
61.7933967,0.01233438256,0.01233336514,-0.00540536141,0.00540626308
61.83091546,0.01228238761,0.01228137223,-0.005414153702,0.005415053536
61.86843422,0.01223038706,0.01222937376,-0.005422584187,0.005423482163
61.90595298,0.01217838179,0.01217737059,-0.005430654788,0.005431550882
61.94347174,0.01212637268,0.0121253636,-0.005438367427,0.005439261617
61.9809905,0.0120743606,0.01207335367,-0.005445724025,0.00544661629
62.01850925,0.01202234643,0.01202134167,-0.005452726504,0.005453616821
62.05602801,0.01197033105,0.01196932849,-0.005459376786,0.005460265133
62.09354677,0.01191831533,0.01191731499,-0.005465676793,0.005466563148
62.13106553,0.01186630014,0.01186530205,-0.005471628447,0.005472512787
62.16858429,0.01181428637,0.01181329056,-0.005477233668,0.005478115974
62.20610305,0.01176227489,0.01176128137,-0.00548249438,0.005483374629
62.24362181,0.01171026657,0.01170927538,-0.005487412503,0.005488290675
62.28114057,0.01165826229,0.01165727345,-0.00549198996,0.005492866033
62.31865933,0.01160626293,0.01160527646,-0.005496228673,0.005497102626
62.35617809,0.01155426937,0.01155328528,-0.005500130562,0.005501002376
62.39369685,0.01150228247,0.0115013008,-0.005503697551,0.005504567204
62.43121561,0.01145030312,0.01144932389,-0.00550693156,0.005507799032
62.46873437,0.01139833219,0.01139735542,-0.005509834512,0.005510699783
62.50625313,0.01134637056,0.01134539628,-0.005512408329,0.005513271378
62.54377189,0.0112944191,0.01129344733,-0.005514654931,0.005515515739
62.58129065,0.01124247868,0.01124150945,-0.005516576241,0.005517434788
62.6188094,0.0111905502,0.01118958351,-0.005518174181,0.005519030447
62.65632816,0.01113863451,0.01113767041,-0.005519450672,0.005520304639
62.69384692,0.01108673251,0.011085771,-0.005520407637,0.005521259284
62.73136568,0.01103484505,0.01103388616,-0.005521046996,0.005521896305
62.76888444,0.01098297303,0.01098201678,-0.005521370673,0.005522217624
62.8064032,0.01093111731,0.01093016372,-0.005521380588,0.005522225163
62.84392196,0.01087927877,0.01087832786,-0.005521078663,0.005521920844
62.88144072,0.01082745829,0.01082651009,-0.005520466821,0.005521306589
62.91895948,0.01077565674,0.01077471126,-0.005519546982,0.005520384319
62.95647824,0.010723875,0.01072293227,-0.005518321069,0.005519155956
62.993997,0.01067211394,0.01067117398,-0.005516791004,0.005517623423
63.03151576,0.01062037445,0.01061943728,-0.005514958708,0.005515788642
63.06903452,0.01056865739,0.01056772303,-0.005512826103,0.005513653534
63.10655328,0.01051696365,0.01051603211,-0.005510395111,0.005511220021
63.14407204,0.01046529409,0.01046436541,-0.005507667653,0.005508490026
63.1815908,0.01041364961,0.01041272378,-0.005504645652,0.00550546547
63.21910955,0.01036203106,0.01036110812,-0.005501331029,0.005502148275
63.25662831,0.01031043933,0.0103095193,-0.005497725706,0.005498540363
63.29414707,0.01025887529,0.01025795818,-0.005493831605,0.005494643657
63.33166583,0.01020733982,0.01020642566,-0.005489650648,0.005490460077
63.36918459,0.01015583379,0.0101549226,-0.005485184756,0.005485991546
63.40670335,0.01010435809,0.01010344987,-0.005480435851,0.005481239987
63.44422211,0.01005291358,0.01005200837,-0.005475405854,0.00547620732
63.48174087,0.01000150115,0.01000059895,-0.005470096689,0.005470895468
63.51925963,0.009950121667,0.009949222504,-0.005464510276,0.005465306352
63.55677839,0.009898776008,0.009897879898,-0.005458648537,0.005459441895
63.59429715,0.00984746505,0.009846572011,-0.005452513395,0.005453304019
63.63181591,0.009796189668,0.009795299719,-0.00544610677,0.005446894646
63.66933467,0.00974495074,0.009744063896,-0.005439430585,0.005440215697
63.70685343,0.009693749141,0.00969286542,-0.005432486761,0.005433269094
63.74437219,0.009642585747,0.009641705165,-0.00542527722,0.00542605676
63.78189095,0.009591461433,0.009590584008,-0.005417803884,0.005418580616
63.8194097,0.009540377077,0.009539502825,-0.005410068676,0.005410842585
63.85692846,0.009489333553,0.009488462491,-0.005402073515,0.005402844587
63.89444722,0.009438331739,0.009437463882,-0.005393820325,0.005394588546
63.93196598,0.009387372509,0.009386507874,-0.005385311027,0.005386076383
63.96948474,0.00933645674,0.009335595343,-0.005376547543,0.00537731002
64.0070035,0.009285585308,0.009284727164,-0.005367531795,0.005368291379
64.04452226,0.009234759089,0.009233904214,-0.005358265704,0.005359022382
64.08204102,0.009183978959,0.009183127368,-0.005348751192,0.005349504951
64.11955978,0.009133245794,0.009132397502,-0.005338990181,0.005339741008
64.15707854,0.00908256047,0.009081715491,-0.005328984593,0.005329732474
64.1945973,0.009031923862,0.009031082212,-0.00531873635,0.005319481272
64.23211606,0.008981336848,0.008980498541,-0.005308247373,0.005308989324
64.26963482,0.008930800302,0.008929965353,-0.005297519584,0.005298258552
64.30715358,0.008880315101,0.008879483524,-0.005286554905,0.005287290877
64.34467234,0.008829882121,0.00882905393,-0.005275355258,0.005276088221
64.3821911,0.008779502238,0.008778677446,-0.005263922564,0.005264652507
64.41970985,0.008729176328,0.008728354949,-0.005252258746,0.005252985656
64.45722861,0.008678905267,0.008678087314,-0.005240365725,0.005241089591
64.49474737,0.00862868993,0.008627875418,-0.005228245422,0.005228966233
64.53226613,0.008578531194,0.008577720135,-0.005215899761,0.005216617504
64.56978489,0.008528429935,0.008527622342,-0.005203330661,0.005204045326
64.60730365,0.008478387029,0.008477582915,-0.005190540046,0.005191251621
64.64482241,0.008428403352,0.008427602729,-0.005177529837,0.005178238312
64.68234117,0.008378479779,0.00837768266,-0.005164301955,0.005165007319
64.71985993,0.008328617188,0.008327823584,-0.005150858324,0.005151560566
64.75737869,0.008278816453,0.008278026377,-0.005137200863,0.005137899973
64.79489745,0.00822907845,0.008228291914,-0.005123331496,0.005124027463
64.83241621,0.008179404057,0.008178621072,-0.005109252143,0.005109944958
64.86993497,0.008129794148,0.008129014726,-0.005094964728,0.005095654379
64.90745373,0.0080802496,0.008079473752,-0.00508047117,0.005081157649
64.94497249,0.008030771289,0.008029999026,-0.005065773393,0.00506645669
64.98249125,0.007981360091,0.007980591424,-0.005050873318,0.005051553423
65.02001001,0.007932016881,0.007931251821,-0.005035772867,0.005036449771
65.05752876,0.007882742536,0.007881981094,-0.005020473962,0.005021147655
65.09504752,0.007833537932,0.007832780117,-0.005004978523,0.005005648997
65.13256628,0.007784403945,0.007783649768,-0.004989288474,0.00498995572
65.17008504,0.00773534145,0.007734590921,-0.004973405736,0.004974069745
65.2076038,0.007686351324,0.007685604453,-0.004957332231,0.004957992994
65.24512256,0.007637434443,0.007636691239,-0.004941069881,0.00494172739
65.28264132,0.007588591682,0.007587852155,-0.004924620606,0.004925274853
65.32016008,0.007539823918,0.007539088077,-0.00490798633,0.004908637307
65.35767884,0.007491132027,0.007490399881,-0.004891168973,0.004891816672
65.3951976,0.007442516884,0.007441788443,-0.004874170459,0.004874814871
65.43271636,0.007393979366,0.007393254638,-0.004856992707,0.004857633827
65.47023512,0.007345520349,0.007344799342,-0.004839637641,0.00484027546
65.50775388,0.007297140708,0.007296423431,-0.004822107182,0.004822741692
65.54527264,0.00724884132,0.007248127782,-0.004804403252,0.004805034447
65.5827914,0.007200623061,0.007199913268,-0.004786527772,0.004787155645
65.62031016,0.007152486806,0.007151780768,-0.004768482665,0.004769107208
65.65782891,0.007104433432,0.007103731155,-0.004750269852,0.00475089106
65.69534767,0.007056463815,0.007055765307,-0.004731891255,0.00473250912
65.73286643,0.00700857883,0.007007884099,-0.004713348795,0.004713963312
65.77038519,0.006960779354,0.006960088406,-0.004694644395,0.004695255557
65.80790395,0.006913066262,0.006912379105,-0.004675779976,0.004676387778
65.84542271,0.006865440431,0.006864757071,-0.004656757461,0.004657361896
65.88294147,0.006817902737,0.00681722318,-0.00463757877,0.004638179833
65.92046023,0.006770454055,0.006769778309,-0.004618245826,0.004618843511
65.95797899,0.006723095262,0.006722423332,-0.00459876055,0.004599354852
65.99549775,0.006675827233,0.006675159126,-0.004579124865,0.004579715779
66.03301651,0.006628650845,0.006627986566,-0.004559340691,0.004559928212
66.07053527,0.006581566974,0.006580906528,-0.004539409951,0.004539994074
66.10805403,0.006534576495,0.006533919888,-0.004519334567,0.004519915287
66.14557279,0.006487680284,0.006487027523,-0.00449911646,0.004499693773
66.18309155,0.006440879218,0.006440230306,-0.004478757553,0.004479331453
66.22061031,0.006394174173,0.006393529116,-0.004458259766,0.00445883025
66.25812906,0.006347566024,0.006346924826,-0.004437625022,0.004438192086
66.29564782,0.006301055648,0.006300418314,-0.004416855242,0.004417418882
66.33316658,0.00625464392,0.006254010455,-0.004395952349,0.004396512561
66.37068534,0.006208331717,0.006207702124,-0.004374918263,0.004375475044
66.4082041,0.006162119914,0.006161494198,-0.004353754908,0.004354308253
66.44572286,0.006116009388,0.006115387552,-0.004332464204,0.004333014111
66.48324162,0.006070001014,0.006069383063,-0.004311048073,0.00431159454
66.52076038,0.006024095669,0.006023481605,-0.004289508438,0.00429005146
66.55827914,0.005978294228,0.005977684055,-0.00426784722,0.004268386794
66.5957979,0.005932597568,0.005931991289,-0.00424606634,0.004246602465
66.63331666,0.005887006564,0.005886404182,-0.004224167721,0.004224700394
66.67083542,0.005841522093,0.00584092361,-0.004202153284,0.004202682503
66.70835418,0.00579614503,0.00579555045,-0.004180024952,0.004180550713
66.74587294,0.005750876252,0.005750285576,-0.004157784645,0.004158306948
66.7833917,0.005705716634,0.005705129865,-0.004135434286,0.004135953128
66.82091046,0.005660667052,0.005660084192,-0.004112975796,0.004113491176
66.85842921,0.005615728383,0.005615149434,-0.004090411098,0.004090923014
66.89594797,0.005570901502,0.005570326465,-0.004067742112,0.004068250563
66.93346673,0.005526187286,0.005525616163,-0.004044970762,0.004045475746
66.97098549,0.00548158661,0.005481019402,-0.004022098967,0.004022600485
67.00850425,0.00543710035,0.005436537059,-0.003999128652,0.003999626701
67.04602301,0.005392729383,0.005392170009,-0.003976061736,0.003976556316
67.08354177,0.005348474585,0.005347919128,-0.003952900143,0.003953391253
67.12106053,0.00530433683,0.005303785293,-0.003929645793,0.003930133433
67.15857929,0.005260316996,0.005259769378,-0.003906300608,0.003906784779
67.19609805,0.005216415959,0.005215872259,-0.003882866511,0.003883347211
67.23361681,0.005172634594,0.005172094813,-0.003859345423,0.003859822653
67.27113557,0.005128973777,0.005128437916,-0.003835739266,0.003836213026
67.30865433,0.005085434384,0.005084902442,-0.003812049962,0.003812520252
67.34617309,0.005042017292,0.005041489268,-0.003788279432,0.003788746253
67.38369185,0.004998723376,0.00499819927,-0.003764429598,0.00376489295
67.42121061,0.004955553513,0.004955033323,-0.003740502382,0.003740962267
67.45872936,0.004912508578,0.004911992303,-0.003716499706,0.003716956124
67.49624812,0.004869589447,0.004869077087,-0.003692423491,0.003692876445
67.53376688,0.004826796996,0.004826288549,-0.00366827566,0.003668725149
67.57128564,0.004784132102,0.004783627567,-0.003644058134,0.003644504161
67.6088044,0.00474159564,0.004741095014,-0.003619772835,0.003620215401
67.64632316,0.004699188487,0.004698691768,-0.003595421684,0.003595860792
67.68384192,0.004656911517,0.004656418705,-0.003571006604,0.003571442255
67.72136068,0.004614765608,0.004614276699,-0.003546529516,0.003546961712
67.75887944,0.004572751636,0.004572266627,-0.003521992343,0.003522421086
67.7963982,0.004530870475,0.004530389364,-0.003497397005,0.003497822298
67.83391696,0.004489123003,0.004488645787,-0.003472745424,0.00347316727
67.87143572,0.004447510095,0.004447036771,-0.003448039523,0.003448457925
67.90895448,0.004406032627,0.004405563192,-0.003423281224,0.003423696183
67.94647324,0.004364691476,0.004364225926,-0.003398472447,0.003398883968
67.983992,0.004323487517,0.004323025849,-0.003373615115,0.003374023201
68.02151076,0.004282421626,0.004281963836,-0.003348711149,0.003349115803
68.05902951,0.004241494679,0.004241040763,-0.003323762472,0.003324163698
68.09654827,0.004200707553,0.004200257506,-0.003298771005,0.003299168806
68.13406703,0.004160061122,0.004159614941,-0.00327373867,0.003274133051
68.17158579,0.004119556264,0.004119113944,-0.003248667388,0.003249058353
68.20910455,0.004079193854,0.004078755391,-0.003223559082,0.003223946634
68.24662331,0.004038974769,0.004038540157,-0.003198415674,0.003198799817
68.28414207,0.003998899883,0.003998469118,-0.003173239084,0.003173619824
68.32166083,0.003958970074,0.00395854315,-0.003148031235,0.003148408576
68.35917959,0.003919186217,0.003918763128,-0.003122794048,0.003123167996
68.39669835,0.003879549188,0.003879129929,-0.003097529446,0.003097900005
68.43421711,0.003840059863,0.003839644429,-0.00307223935,0.003072606526
68.47173587,0.003800719118,0.003800307503,-0.003046925682,0.003047289479
68.50925463,0.00376152783,0.003761120027,-0.003021590364,0.003021950788
68.54677339,0.003722486873,0.003722082876,-0.002996235317,0.002996592375
68.58429215,0.003683597125,0.003683196928,-0.002970862464,0.00297121616
68.62181091,0.003644859461,0.003644463056,-0.002945473725,0.002945824066
68.65932966,0.003606274757,0.003605882138,-0.002920071024,0.002920418015
68.69684842,0.003567843889,0.003567455049,-0.002894656281,0.002894999929
68.73436718,0.003529567734,0.003529182665,-0.002869231418,0.002869571731
68.77188594,0.003491447166,0.003491065862,-0.002843798358,0.00284413534
68.8094047,0.003453483062,0.003453105515,-0.002818359021,0.002818692681
68.84692346,0.003415676299,0.003415302501,-0.002792915331,0.002793245675
68.88444222,0.003378027752,0.003377657694,-0.002767469208,0.002767796243
68.92196098,0.003340538296,0.003340171972,-0.002742022574,0.002742346307
68.95947974,0.003303208809,0.003302846209,-0.002716577352,0.00271689779
68.9969985,0.003266040166,0.003265681282,-0.002691135462,0.002691452614
69.03451726,0.003229033243,0.003228678067,-0.002665698827,0.0026660127
69.07203602,0.003192188916,0.003191837438,-0.002640269369,0.002640579971
69.10955478,0.003155508061,0.003155160273,-0.002614849008,0.002615156347
69.14707354,0.003118991554,0.003118647446,-0.002589439668,0.002589743752
69.1845923,0.003082640271,0.003082299834,-0.00256404327,0.002564344108
69.22211106,0.003046455089,0.003046118312,-0.002538661735,0.002538959335
69.25962981,0.003010436882,0.003010103757,-0.002513296986,0.002513591357
69.29714857,0.002974586527,0.002974257044,-0.002487950944,0.002488242094
69.33466733,0.0029389049,0.002938579048,-0.002462625531,0.00246291347
69.37218609,0.002903392878,0.002903070647,-0.002437322668,0.002437607405
69.40970485,0.002868051335,0.002867732714,-0.002412044278,0.002412325822
69.44722361,0.002832881148,0.002832566127,-0.002386792283,0.002387070643
69.48474237,0.002797883193,0.002797571762,-0.002361568603,0.00236184379
69.52226113,0.002763058346,0.002762750493,-0.002336375161,0.002336647185
69.55977989,0.002728407484,0.002728103197,-0.002311213879,0.002311482749
69.59729865,0.002693931481,0.002693630749,-0.002286086679,0.002286352405
69.63481741,0.002659631214,0.002659334026,-0.002260995482,0.002261258074
69.67233617,0.002625507559,0.002625213903,-0.002235942209,0.002236201679
69.70985493,0.002591561392,0.002591271256,-0.002210928784,0.002211185141
69.74737369,0.002557793589,0.002557506961,-0.002185957127,0.002186210383
69.78489245,0.002524205026,0.002523921894,-0.00216102916,0.002161279325
69.82241121,0.002490796579,0.00249051693,-0.002136146806,0.002136393891
69.85992996,0.002457569123,0.002457292945,-0.002111311986,0.002111556003
69.89744872,0.002424523536,0.002424250815,-0.002086526621,0.002086767581
69.93496748,0.002391660692,0.002391391416,-0.002061792634,0.002062030549
69.97248624,0.002358981469,0.002358715624,-0.002037111946,0.002037346827
70.010005,0.002326486741,0.002326224315,-0.002012486479,0.002012718338
70.04752376,0.002294177386,0.002293918363,-0.001987918155,0.001988147005
70.08504252,0.002262054278,0.002261798646,-0.001963408895,0.001963634748
70.12256128,0.002230118294,0.002229866039,-0.001938960622,0.00193918349
70.16008004,0.00219837031,0.002198121417,-0.001914575258,0.001914795153
70.1975988,0.002166811201,0.002166565657,-0.001890254723,0.001890471658
70.23511756,0.002135441845,0.002135199635,-0.00186600094,0.001866214928
70.27263632,0.002104263117,0.002104024225,-0.00184181583,0.001842026885
70.31015508,0.002073275892,0.002073040305,-0.001817701316,0.00181790945
70.34767384,0.002042481047,0.002042248749,-0.001793659319,0.001793864545
70.3851926,0.002011879458,0.002011650434,-0.001769691761,0.001769894093
70.42271136,0.001981472001,0.001981246236,-0.001745800564,0.001746000015
70.46023012,0.001951259552,0.001951037029,-0.001721987649,0.001722184234
70.49774887,0.001921242986,0.001921023691,-0.001698254938,0.001698448671
70.53526763,0.00189142318,0.001891207097,-0.001674604353,0.001674795248
70.57278639,0.00186180101,0.001861588122,-0.001651037817,0.001651225887
70.61030515,0.001832377352,0.001832167643,-0.001627557249,0.00162774251
70.64782391,0.001803153082,0.001802946535,-0.001604164574,0.001604347039
70.68534267,0.001774129075,0.001773925674,-0.001580861711,0.001581041396
70.72286143,0.001745306209,0.001745105937,-0.001557650583,0.001557827503
70.76038019,0.001716685358,0.001716488197,-0.001534533112,0.001534707282
70.79789895,0.001688267398,0.001688073333,-0.00151151122,0.001511682654
70.83541771,0.001660053207,0.001659862219,-0.001488586828,0.001488755543
70.87293647,0.001632043659,0.001631855731,-0.001465761858,0.001465927869
70.91045523,0.001604239631,0.001604054745,-0.001443038232,0.001443201554
70.94797399,0.001576641999,0.001576460137,-0.001420417871,0.001420578521
70.98549275,0.001549251639,0.001549072782,-0.001397902698,0.001398060692
71.02301151,0.001522069426,0.001521893557,-0.001375494635,0.001375649988
71.06053027,0.001495096237,0.001494923337,-0.001353195602,0.001353348331
71.09804902,0.001468332947,0.001468162998,-0.001331007522,0.001331157644
71.13556778,0.001441780434,0.001441613416,-0.001308932316,0.001309079848
71.17308654,0.001415439572,0.001415275467,-0.001286971907,0.001287116865
71.2106053,0.001389311238,0.001389150026,-0.001265128216,0.001265270617
71.24812406,0.001363396307,0.00136323797,-0.001243403166,0.001243543027
71.28564282,0.001337695656,0.001337540173,-0.001221798676,0.001221936015
71.32316158,0.001312210161,0.001312057513,-0.001200316671,0.001200451505
71.36068034,0.001286940698,0.001286790864,-0.00117895907,0.001179091417
71.3981991,0.001261888142,0.001261741103,-0.001157727797,0.001157857674
71.43571786,0.00123705337,0.001236909105,-0.001136624772,0.001136752198
71.47323662,0.001212437257,0.001212295746,-0.001115651918,0.001115776911
71.51075538,0.00118804068,0.001187901903,-0.001094811157,0.001094933735
71.54827414,0.001163864515,0.00116372845,-0.00107410441,0.001074224591
71.5857929,0.001139909637,0.001139776264,-0.001053533598,0.001053651402
71.62331166,0.001116176923,0.00111604622,-0.001033100645,0.001033216089
71.66083042,0.001092667249,0.001092539194,-0.001012807471,0.001012920575
71.69834917,0.00106938149,0.001069256063,-0.0009926559982,0.0009927667807
71.73586793,0.001046320523,0.001046197701,-0.0009726481487,0.0009727566293
71.77338669,0.001023485224,0.001023364985,-0.0009527858441,0.0009528920421
71.81090545,0.001000876468,0.001000758791,-0.0009330710062,0.0009331749412
71.84842421,0.0009784951313,0.0009783799935,-0.0009135055568,0.0009136072484
71.88594297,0.0009563420905,0.0009562294694,-0.0008940914176,0.0008941908858
71.92346173,0.0009344182213,0.0009343080942,-0.0008748305104,0.0008749277753
71.96098049,0.0009127243997,0.0009126167438,-0.0008557247571,0.0008558198388
71.99849925,0.0008912615016,0.0008911562939,-0.0008367760794,0.0008368689983
72.03601801,0.0008700304031,0.0008699276203,-0.0008179863991,0.0008180771757
72.07353677,0.0008490319801,0.000848931599,-0.000799357638,0.0007994462929
72.11105553,0.0008282671087,0.0008281691056,-0.0007808917178,0.0007809782719
72.14857429,0.0008077366648,0.000807641016,-0.0007625905603,0.0007626750347
72.18609305,0.0007874415245,0.000787348206,-0.0007444560874,0.0007445385032
72.22361181,0.0007673825637,0.0007672915515,-0.0007264902208,0.0007265705992
72.26113057,0.0007475606584,0.0007474719281,-0.0007086948823,0.0007087732449
72.29864932,0.0007279766846,0.0007278902119,-0.0006910719937,0.0006911483621
72.33616808,0.0007086315183,0.0007085472784,-0.0006736234767,0.0006736978727
72.37368684,0.0006895260355,0.0006894440037,-0.0006563512532,0.0006564236987
72.4112056,0.0006706611122,0.0006705812634,-0.0006392572449,0.0006393277621
72.44872436,0.0006520376244,0.0006519599334,-0.0006223433736,0.0006224119847
72.48624312,0.0006336564481,0.0006335808895,-0.0006056115611,0.0006056782886
72.52376188,0.0006155184592,0.0006154450076,-0.0005890637292,0.0005891285956
72.56128064,0.0005976245338,0.0005975531633,-0.0005727017996,0.0005727648278
72.5987994,0.0005799755479,0.0005799062327,-0.0005565276942,0.000556588907
72.63631816,0.0005625723774,0.0005625050913,-0.0005405433347,0.0005406027553
72.67383692,0.0005454158984,0.0005453506151,-0.000524750643,0.0005248082945
72.71135568,0.0005285069869,0.0005284436799,-0.0005091515407,0.0005092074466
72.74887444,0.0005118465187,0.0005117851615,-0.0004937479498,0.0004938021335
72.7863932,0.00049543537,0.0004953759357,-0.0004785417918,0.0004785942772
72.82391196,0.0004792744167,0.0004792168784,-0.0004635349888,0.0004635857996
72.86143072,0.0004633645349,0.0004633088652,-0.0004487294624,0.0004487786227
72.89894947,0.0004477066004,0.0004476527721,-0.0004341271344,0.0004341746684
72.93646823,0.0004323014894,0.0004322494748,-0.0004197299266,0.0004197758586
72.97398699,0.0004171500777,0.0004170998492,-0.0004055397607,0.0004055841153
73.01150575,0.0004022532415,0.0004022047711,-0.0003915585587,0.0003916013605
73.04902451,0.0003876118566,0.0003875651162,-0.0003777882422,0.0003778295161
73.08654327,0.0003732267991,0.0003731817605,-0.000364230733,0.000364270504
73.12406203,0.000359098945,0.0003590555796,-0.000350887953,0.0003509262461
73.16158079,0.0003452291702,0.0003451874495,-0.0003377618238,0.0003377986645
73.19909955,0.0003316183508,0.0003315782459,-0.0003248542674,0.000324889681
73.23661831,0.0003182673628,0.0003182288447,-0.0003121672054,0.0003122012177
73.27413707,0.0003051770821,0.0003051401217,-0.0002997025597,0.0002997351963
73.31165583,0.0002923483847,0.0002923129526,-0.000287462252,0.000287493539
73.34917459,0.0002797821467,0.0002797482133,-0.0002754482041,0.0002754781676
73.38669335,0.0002674792441,0.0002674467795,-0.0002636623379,0.0002636910041
73.42421211,0.0002554405527,0.0002554095272,-0.000252106575,0.0002521339704
73.46173087,0.0002436669486,0.0002436373322,-0.0002407828373,0.0002408089884
73.49924962,0.0002321593079,0.0002321310701,-0.0002296930466,0.0002297179802
73.53676838,0.0002209185065,0.0002208916169,-0.0002188391246,0.0002188628676
73.57428714,0.0002099454203,0.0002099198484,-0.0002082229931,0.0002082455726
73.6118059,0.0001992409255,0.0001992166403,-0.000197846574,0.0001978680171
73.64932466,0.0001888058979,0.0001887828685,-0.0001877117889,0.0001877321231
73.68684342,0.0001786412137,0.0001786194088,-0.0001778205597,0.0001778398126
73.72436218,0.0001687477486,0.0001687271371,-0.0001681748082,0.0001681930074
73.76188094,0.0001591263789,0.000159106929,-0.0001587764561,0.0001587936295
73.7993997,0.0001497779804,0.0001497596605,-0.0001496274252,0.0001496436008
73.83691846,0.0001407034292,0.0001406862073,-0.0001407296374,0.0001407448434
73.87443722,0.0001319036012,0.0001318874452,-0.0001320850143,0.0001320992791
73.91195598,0.0001233793725,0.0001233642502,-0.0001236954779,0.0001237088299
73.94947474,0.000115131619,0.0001151174979,-0.0001155629498,0.0001155754177
73.9869935,0.0001071612167,0.0001071480642,-0.0001076893518,0.0001077009645
74.02451226,9.946904161e-05,9.945682489e-05,-0.0001000766058,0.0001000873922
74.06203102,9.205596977e-05,9.204465581e-05,-9.272663344e-05,9.273662271e-05
74.09954977,8.492287713e-05,8.491243277e-05,-8.564135662e-05,8.565057807e-05
74.13706853,7.807063969e-05,7.806103156e-05,-7.882269708e-05,7.883118017e-05
74.17458729,7.150013346e-05,7.149132801e-05,-7.227257661e-05,7.228035095e-05
74.21210605,6.521223441e-05,6.520419792e-05,-6.599291698e-05,6.600001237e-05
74.24962481,5.920781854e-05,5.920051711e-05,-5.998563999e-05,5.999208637e-05
74.28714357,5.348776185e-05,5.34811614e-05,-5.425266741e-05,5.425849488e-05
74.32466233,4.805294033e-05,4.804700658e-05,-4.879592104e-05,4.880115986e-05
74.36218109,4.290422998e-05,4.289892848e-05,-4.361732265e-05,4.362200324e-05
74.39969985,3.804250679e-05,3.80378029e-05,-3.871879402e-05,3.872294697e-05
74.43721861,3.346864674e-05,3.346450566e-05,-3.410225695e-05,3.410591299e-05
74.47473737,2.918352584e-05,2.917991257e-05,-2.976963321e-05,2.977282324e-05
74.51225613,2.518802009e-05,2.518489945e-05,-2.572284459e-05,2.572559968e-05
74.54977489,2.148300546e-05,2.14803421e-05,-2.196381288e-05,2.196616424e-05
74.58729365,1.806935796e-05,1.806711634e-05,-1.849445985e-05,1.849643887e-05
74.62481241,1.494795358e-05,1.494609798e-05,-1.531670729e-05,1.531834551e-05
74.66233117,1.211966831e-05,1.211816283e-05,-1.243247699e-05,1.24338061e-05
74.69984992,9.585378157e-06,9.584186698e-06,-9.843690719e-06,9.844742586e-06
74.73736868,7.345959099e-06,7.345045407e-06,-7.552270274e-06,7.553076914e-06
74.77488744,5.402287137e-06,5.401614764e-06,-5.560137435e-06,5.560731027e-06
74.8124062,3.755238263e-06,3.754770581e-06,-3.869213984e-06,3.869626866e-06
74.84992496,2.405688472e-06,2.405388671e-06,-2.481421707e-06,2.481686377e-06
74.88744372,1.354513756e-06,1.354344846e-06,-1.398682386e-06,1.398831502e-06
74.92496248,6.025901095e-07,6.025149174e-07,-6.22917805e-07,6.229841856e-07
74.96248124,1.507935263e-07,1.50774698e-07,-1.560497485e-07,1.560663703e-07
75,0,0,0,0
