time_ns,u_X1,u_Y1,u_X2,u_Y2
0,0,0,0,0
0.04689844922,1.446203306e-05,2.483140838e-05,1.446164121e-05,1.44614378e-05
0.09379689845,5.751775102e-05,9.857606322e-05,5.751620677e-05,5.751539942e-05
0.1406953477,0.0001286715821,0.0002201096091,0.0001286681595,0.0001286663572
0.1875937969,0.0002274279544,0.0003883076906,0.0002274219624,0.0002274187834
0.2344922461,0.0003532912962,0.0006020459522,0.0003532820783,0.0003532771504
0.2813906953,0.0005057660356,0.0008602000386,0.00050575297,0.0005057459306
0.3282891446,0.0006843566009,0.001161645594,0.0006843391005,0.0006843295962
0.3751875938,0.0008885674202,0.001505258264,0.0008885449325,0.0008885326195
0.422086043,0.001117902922,0.001889913692,0.001117874929,0.001117859473
0.4689844922,0.001371867534,0.002314487523,0.001371833553,0.001371814629
0.5158829415,0.001649965684,0.002777855402,0.001649925267,0.001649902559
0.5627813907,0.001951701801,0.003278892972,0.001951654535,0.001951627737
0.6096798399,0.002276580314,0.00381647588,0.002276525818,0.002276494634
0.6565782891,0.002624105649,0.004389479769,0.00262404358,0.002624007723
0.7034767384,0.002993782236,0.004996780283,0.002993712284,0.002993671476
0.7503751876,0.003385114502,0.005637253068,0.003385036393,0.003384990365
0.7972736368,0.003797606876,0.006309773769,0.003797520369,0.003797468863
0.844172086,0.004230763786,0.007013218028,0.004230668676,0.004230611442
0.8910705353,0.004684089659,0.007746461492,0.004683985775,0.004683922574
0.9379689845,0.005157088926,0.008508379805,0.005156976132,0.005156906732
0.9848674337,0.005649266012,0.00929784861,0.005649144207,0.005649068388
1.031765883,0.006160125347,0.01011374355,0.006159994464,0.006159912015
1.078664332,0.006689171359,0.01095494028,0.006689031365,0.006688942084
1.125562781,0.007235908477,0.01182031443,0.007235759375,0.007235663067
1.172461231,0.007799841127,0.01270874166,0.007799682955,0.007799579439
1.21935968,0.008380473738,0.0136190976,0.008380306568,0.00838019567
1.266258129,0.00897731074,0.0145502579,0.008977134678,0.008977016232
1.313156578,0.009589856558,0.01550109821,0.009589671747,0.009589545599
1.360055028,0.01021761562,0.01647049416,0.01021742224,0.01021728824
1.406953477,0.01086009236,0.01745732141,0.01085989061,0.01085974864
1.453851926,0.0115167912,0.0184604556,0.01151658134,0.01151643125
1.500750375,0.01218721658,0.01947877238,0.01218699887,0.01218684056
1.547648824,0.01287087291,0.02051114738,0.01287064768,0.01287048103
1.594547274,0.01356726462,0.02155645625,0.01356703223,0.01356685714
1.641445723,0.01427589616,0.02261357464,0.01427565697,0.01427547336
1.688344172,0.01499627193,0.0236813782,0.01499602638,0.01499583417
1.735242621,0.01572789638,0.02475874256,0.01572764491,0.01572744403
1.782141071,0.01647027393,0.02584454337,0.01647001703,0.01646980742
1.82903952,0.017222909,0.02693765627,0.0172226472,0.0172224288
1.875937969,0.01798530603,0.02803695692,0.01798503988,0.01798481266
1.922836418,0.01875696945,0.02914132095,0.01875669954,0.01875646347
1.969734867,0.01953740367,0.03024962401,0.01953713064,0.01953688569
2.016633317,0.02032611314,0.03136074174,0.02032583764,0.0203255838
2.063531766,0.02112260228,0.0324735498,0.02112232501,0.02112206227
2.110430215,0.02192637551,0.03358692381,0.02192609721,0.02192582558
2.157328664,0.02273693727,0.03469973943,0.02273665869,0.02273637819
2.204227114,0.02355379198,0.03581087231,0.02355351393,0.02355322458
2.251125563,0.02437644407,0.03691919808,0.02437616739,0.02437586922
2.298024012,0.02520439798,0.03802359239,0.02520412353,0.02520381658
2.344922461,0.02603715812,0.03912293089,0.02603688681,0.02603657114
2.39182091,0.02687422892,0.04021608922,0.02687396169,0.02687363737
2.43871936,0.02771511482,0.04130194302,0.02771485265,0.02771451974
2.485617809,0.02855932025,0.04237936795,0.02855906413,0.02855872272
2.532516258,0.02940634962,0.04344723963,0.02940610061,0.02940575078
2.579414707,0.03025570737,0.04450443373,0.03025546655,0.0302551084
2.626313157,0.03110689793,0.04554982588,0.0311066664,0.03110630006
2.673211606,0.03195942573,0.04658229173,0.03195920464,0.03195883021
2.720110055,0.03281279519,0.04760070692,0.03281258572,0.03281220334
2.767008504,0.03366651074,0.04860394709,0.03366631412,0.03366592391
2.813906953,0.03452007681,0.0495908879,0.03451989428,0.0345194964
2.860805403,0.03537299782,0.05056040498,0.03537283068,0.03537242528
2.907703852,0.03622477822,0.05151137399,0.03622462777,0.03622421503
2.954602301,0.03707492241,0.05244267056,0.03707479003,0.03707437011
3.00150075,0.03792293484,0.05335317033,0.0379228219,0.037922395
3.0483992,0.03876831994,0.05424174897,0.03876822787,0.03876779417
3.095297649,0.03961058212,0.0551072821,0.03961051238,0.03961007209
3.142196098,0.04044922581,0.05594864538,0.0404491799,0.04044873324
3.189094547,0.04128375545,0.05676471444,0.0412837349,0.04128328209
3.235992996,0.04211367547,0.05755436494,0.04211368183,0.0421132231
3.282891446,0.04293849029,0.05831647251,0.04293852517,0.04293806076
3.329789895,0.04375770433,0.0590499128,0.04375776937,0.04375729953
3.376688344,0.04457082204,0.05975356147,0.04457091889,0.04457044389
3.423586793,0.04537734783,0.06042629414,0.0453774782,0.0453769983
3.470485243,0.04617678613,0.06106698647,0.04617695177,0.04617646725
3.517383692,0.04696864138,0.06167451409,0.04696884405,0.0469683552
3.564282141,0.047752418,0.06224775267,0.0477526595,0.04775216663
3.61118059,0.04852762042,0.06278557783,0.0485279026,0.048527406
3.65807904,0.04929375306,0.06328686522,0.0492940778,0.0492935778
3.704977489,0.05005032036,0.0637504905,0.05005068956,0.05005018649
3.751875938,0.05079682674,0.06417532929,0.05079724236,0.05079673654
3.798774387,0.05153277664,0.06456025726,0.05153324064,0.05153273243
3.845672836,0.05225767447,0.06490415003,0.05225818888,0.05225767863
3.892571286,0.05297102468,0.06520588327,0.05297159154,0.05297107962
3.939469735,0.05367233167,0.0654643326,0.05367295308,0.05367243986
3.986368184,0.0543610999,0.06567837368,0.05436177796,0.05436126382
4.033266633,0.05503683377,0.06584688215,0.05503757065,0.05503705598
4.080165083,0.05569903773,0.06596873365,0.05569983561,0.05569932082
4.127063532,0.05634721619,0.06604280384,0.0563480773,0.0563475628
4.173961981,0.0569808736,0.06606796834,0.05698180018,0.05698128639
4.22086043,0.05759951437,0.06604310282,0.05760050872,0.05759999608
4.267758879,0.05820264293,0.06596708291,0.05820370739,0.05820319632
4.314657329,0.05878976371,0.06583878426,0.05879090063,0.0587903916
4.361555778,0.05936038114,0.0656570825,0.05936159292,0.05936108638
4.408454227,0.05991399965,0.0654208533,0.05991528873,0.05991478514
4.455352676,0.06045012367,0.06512897229,0.0604514925,0.06045099236
4.502251126,0.06096825762,0.06478031511,0.06096970871,0.06096921249
4.549149575,0.06146790594,0.06437375742,0.06146944181,0.06146895002
4.596048024,0.06194857304,0.06390817484,0.06195019628,0.06194970941
4.642946473,0.06240976337,0.06338244304,0.06241147657,0.06241099515
4.689844922,0.06285098134,0.06279543766,0.06285278715,0.06285231169
4.736743372,0.06327173138,0.06214603433,0.06327363247,0.06327316352
4.783641821,0.06367151793,0.0614331087,0.06367351701,0.06367305511
4.83054027,0.06404984541,0.06065553643,0.06405194523,0.06405149093
4.877438719,0.06440621826,0.05981219314,0.06440842158,0.06440797544
4.924337169,0.06474014089,0.05890195449,0.06474245053,0.06474201313
4.971235618,0.06505111773,0.05792369613,0.06505353655,0.06505310847
5.018134067,0.06533865322,0.05687629369,0.06534118409,0.06534076592
5.065032516,0.06560225179,0.05575862282,0.06560489762,0.06560448996
5.111930965,0.06584141785,0.05456955917,0.06584418161,0.06584378507
5.158829415,0.06605565584,0.05330797837,0.06605854051,0.06605815571
5.205727864,0.06624447019,0.05197275608,0.06624747879,0.06624710636
5.252626313,0.06640736533,0.05056276794,0.06641050091,0.06641014149
5.299524762,0.06654384568,0.0490768896,0.06654711133,0.06654676557
5.346423212,0.06665341567,0.04751399669,0.06665681452,0.06665648307
5.393321661,0.06673557973,0.04587296487,0.06673911494,0.06673879847
5.44022011,0.06678984229,0.04415266977,0.06679351705,0.06679321624
5.487118559,0.06681570778,0.04235198704,0.06681952532,0.06681924085
5.534017009,0.06681268062,0.04046979233,0.0668166442,0.06681637678
5.580915458,0.06678026524,0.03850496128,0.06678437817,0.06678412849
5.627813907,0.06671796607,0.03645636954,0.06672223168,0.06672200046
5.674712356,0.06662528755,0.03432289275,0.0666297092,0.06662949716
5.721610805,0.06650173409,0.03210340655,0.06650631519,0.06650612306
5.768509255,0.06634681012,0.02979678659,0.06635155411,0.06635138264
5.815407704,0.06616002008,0.02740190852,0.06616493043,0.06616478036
5.862306153,0.06594086839,0.02491764797,0.0659459486,0.06594582071
5.909204602,0.06568885949,0.0223428806,0.0656941131,0.06569400814
5.956103052,0.06540349779,0.01967648204,0.06540892838,0.06540884714
6.003001501,0.06508428772,0.01691732795,0.0650898989,0.06508984218
6.04989995,0.06473073372,0.01406429396,0.06473652914,0.06473649773
6.096798399,0.06434234022,0.01111625573,0.06434832355,0.06434831826
6.143696848,0.06391861163,0.008072088886,0.0639247866,0.06392480824
6.190595298,0.06345905239,0.004930669087,0.06346542274,0.06346547215
6.237493747,0.06296316693,0.001690871973,0.06296973645,0.06296981446
6.284392196,0.06243324983,-0.00159525231,0.06245211745,0.06245222427
6.331290645,0.06187653769,-0.004791325816,0.06195070507,0.06195083926
6.378189095,0.06129391957,-0.007891536815,0.06146722853,0.0614673886
6.425087544,0.06068592774,-0.01089710606,0.06100145182,0.06100163632
6.471985993,0.06005309449,-0.0138092543,0.06055313894,0.06055334644
6.518884442,0.05939595209,-0.01662920228,0.06012205389,0.06012228299
6.565782891,0.05871503282,-0.01935817077,0.05970796068,0.05970821
6.612681341,0.05801086898,-0.0219973805,0.05931062329,0.05931089149
6.65957979,0.05728399283,-0.02454805223,0.05892980572,0.0589300915
6.706478239,0.05653493666,-0.02701140672,0.05856527199,0.05856557405
6.753376688,0.05576423275,-0.02938866471,0.05821678607,0.05821710317
6.800275138,0.05497241338,-0.03168104696,0.05788411198,0.05788444289
6.847173587,0.05416001083,-0.03388977421,0.05756701371,0.05756735723
6.894072036,0.05332755738,-0.03601606722,0.05726525526,0.05726561023
6.940970485,0.05247558532,-0.03806114674,0.05697860062,0.0569789659
6.987868934,0.05160462691,-0.04002623351,0.0567068138,0.05670718829
7.034767384,0.05071521446,-0.0419125483,0.0564496588,0.05645004141
7.081665833,0.04980788023,-0.04372131186,0.05620689961,0.05620728929
7.128564282,0.0488831565,-0.04545374493,0.05597830023,0.05597869597
7.175462731,0.04794157557,-0.04711106826,0.05576362466,0.05576402547
7.222361181,0.0469836697,-0.04869450261,0.05556263689,0.05556304181
7.26925963,0.04600997118,-0.05020526873,0.05537510094,0.05537550903
7.316158079,0.04502101229,-0.05164458736,0.05520078079,0.05520119115
7.363056528,0.04401732531,-0.05301367927,0.05503944044,0.0550398522
7.409954977,0.04299944252,-0.0543137652,0.0548908439,0.05489125621
7.456853427,0.0419678962,-0.05554606591,0.05475475515,0.0547551672
7.503751876,0.04092321864,-0.05671180214,0.05463093821,0.05463134921
7.550650325,0.03986594211,-0.05781219464,0.05451915706,0.05451956626
7.597548774,0.0387965989,-0.05884846418,0.05441917571,0.05441958238
7.644447224,0.03771572128,-0.05982183149,0.05433075815,0.0543311616
7.691345673,0.03662384154,-0.06073351733,0.05425366839,0.05425406794
7.738244122,0.03552149195,-0.06158474245,0.05418767042,0.05418806544
7.785142571,0.03440920481,-0.06237672761,0.05413252823,0.05413291811
7.832041021,0.03328751238,-0.06311069355,0.05408800584,0.05408838999
7.87893947,0.03215694696,-0.06378786103,0.05405386723,0.05405424511
7.925837919,0.03101804081,-0.06440945079,0.05402987641,0.05403024749
7.972736368,0.02987132623,-0.06497668359,0.05401579737,0.05401616117
8.019634817,0.02871733549,-0.06549078019,0.05401139412,0.05401175016
8.066533267,0.02755660087,-0.06595296132,0.05401643064,0.0540167785
8.113431716,0.02638965466,-0.06636444774,0.05403067095,0.05403101021
8.160330165,0.02521702913,-0.06672646021,0.05405387903,0.05405420932
8.207228614,0.02403925657,-0.06704021947,0.05408581889,0.05408613987
8.254127064,0.02285686925,-0.06730694628,0.05412625452,0.05412656587
8.301025513,0.02167039947,-0.06752786139,0.05417494992,0.05417525136
8.347923962,0.02048037949,-0.06770418555,0.0542316691,0.05423196036
8.394822411,0.0192873416,-0.0678371395,0.05429617605,0.05429645691
8.44172086,0.01809181808,-0.06792794401,0.05436823476,0.05436850502
8.48861931,0.01689434121,-0.06797781982,0.05444760925,0.05444786873
8.535517759,0.01569544328,-0.06798798769,0.05453406349,0.05453431206
8.582416208,0.01449565656,-0.06795966836,0.05462736151,0.05462759905
8.629314657,0.01329551333,-0.06789408259,0.05472726728,0.05472749371
8.676213107,0.01209554588,-0.06779245112,0.05483354482,0.05483376009
8.723111556,0.01089628648,-0.06765599472,0.05494595811,0.05494616219
8.770010005,0.009698267418,-0.06748593412,0.05506427116,0.05506446407
8.816908454,0.008502020974,-0.06728349009,0.05518824797,0.05518842973
8.863806903,0.007308079428,-0.06704988337,0.05531765253,0.05531782321
8.910705353,0.006116975061,-0.06678633472,0.05545224885,0.05545240854
8.957603802,0.004929240153,-0.06649406489,0.05559180092,0.05559194974
9.004502251,0.003745406987,-0.06617429462,0.05573607274,0.05573621084
9.0514007,0.002566007842,-0.06582824467,0.0558848283,0.05588495587
9.09829915,0.001391575,-0.06545713579,0.05603783162,0.05603794887
9.145197599,0.0002226407404,-0.06506218873,0.05619484668,0.05619495384
9.192096048,-0.0009402626547,-0.06464462424,0.05635563748,0.05635573483
9.238994497,-0.002096602905,-0.06420566308,0.05651996803,0.05652005586
9.285892946,-0.003245847729,-0.063746526,0.05668760231,0.05668768096
9.332791396,-0.004387464847,-0.06326843374,0.05685830434,0.05685837415
9.379689845,-0.005520921977,-0.06277260706,0.0570318381,0.05703189947
9.426588294,-0.006645686838,-0.06226026671,0.0572079676,0.05720802094
9.473486743,-0.00776122715,-0.06173263344,0.05738645684,0.05738650259
9.520385193,-0.008867010632,-0.061190928,0.05756706981,0.05756710845
9.567283642,-0.009962505003,-0.06063637114,0.05774957051,0.05774960254
9.614182091,-0.01104717798,-0.06007018363,0.05793372294,0.05793374889
9.66108054,-0.01212049729,-0.05949358619,0.0581192911,0.05811931154
9.707978989,-0.01318193064,-0.0589077996,0.05830603899,0.0583060545
9.754877439,-0.01423094576,-0.05831404459,0.0584937306,0.05849374181
9.801775888,-0.01526701036,-0.05771354193,0.05868212993,0.05868213749
9.848674337,-0.01628959217,-0.05710751235,0.05887100099,0.05887100558
9.895572786,-0.0172981589,-0.05649717662,0.05906010777,0.05906011009
9.942471236,-0.01829217827,-0.05588375548,0.05924921427,0.05924921506
9.989369685,-0.01927111801,-0.05526846969,0.05943808449,0.05943808452
10.03626813,-0.02023444582,-0.05465253999,0.05962648242,0.05962648249
10.08316658,-0.02118162943,-0.05403718715,0.05981417207,0.059814173
10.13006503,-0.02211213657,-0.0534236319,0.06000091744,0.06000092007
10.17696348,-0.02302543493,-0.05281309501,0.06018648251,0.06018648775
10.22386193,-0.02392099226,-0.05220679721,0.06037063129,0.06037064004
10.27076038,-0.02479827626,-0.05160595927,0.06055312779,0.06055314099
10.31765883,-0.02565675466,-0.05101180194,0.06073373599,0.06073375462
10.36455728,-0.02649589518,-0.05042554596,0.0609122199,0.06091224495
10.41145573,-0.02731516552,-0.04984841208,0.06108834351,0.06108837602
10.45835418,-0.02811403342,-0.04928162107,0.06126187082,0.06126191185
10.50525263,-0.02889196659,-0.04872639367,0.06143256583,0.06143261647
10.55215108,-0.02964843275,-0.04818395063,0.06160019255,0.06160025391
10.59904952,-0.03038289962,-0.0476555127,0.06176451496,0.0617645882
10.64594797,-0.03109483492,-0.04714230064,0.06192529707,0.06192538335
10.69284642,-0.03178370637,-0.04664553519,0.06208230287,0.06208240341
10.73974487,-0.03244898169,-0.04616643711,0.06223529637,0.0622354124
10.78664332,-0.03309012859,-0.04570622715,0.06238404156,0.06238417435
10.83354177,-0.0337066148,-0.04526612605,0.06252830244,0.06252845328
10.88044022,-0.03429790804,-0.04484735458,0.06266784301,0.06266801322
10.92733867,-0.03486347602,-0.04445113348,0.06280242727,0.0628026182
10.97423712,-0.03540278646,-0.0440786835,0.06293181921,0.06293203225
11.02113557,-0.03591530708,-0.0437312254,0.06305578283,0.06305601939
11.06803402,-0.03640050561,-0.04340997993,0.06317408214,0.06317434366
11.11493247,-0.03685784975,-0.04311616783,0.06328648113,0.06328676908
11.16183092,-0.03728680724,-0.04285100986,0.06339274381,0.06339305968
11.20872936,-0.03768684578,-0.04261572677,0.06349263415,0.06349297948
11.25562781,-0.0380574331,-0.04241153931,0.06358591618,0.06358629252
11.30252626,-0.03839803692,-0.04223966824,0.06367235388,0.06367276282
11.34942471,-0.03870812496,-0.0421013343,0.06375171125,0.06375215441
11.39632316,-0.03898716493,-0.04199775824,0.0638237523,0.06382423132
11.44322161,-0.03923462456,-0.04193016083,0.06388824102,0.06388875757
11.49012006,-0.03944997156,-0.0418997628,0.0639449414,0.0639454972
11.53701851,-0.03963267365,-0.04190778491,0.06399361746,0.06399421423
11.58391696,-0.03978219856,-0.04195544791,0.06403403318,0.06403467268
11.63081541,-0.03989801399,-0.04204397255,0.06406595256,0.06406663659
11.67771386,-0.03997958768,-0.04217457959,0.06408913961,0.06408986999
11.72461231,-0.04002638734,-0.04234848977,0.06410335831,0.0641041369
11.77151076,-0.04003788068,-0.04256692385,0.06410837268,0.06410920134
11.8184092,-0.04001353543,-0.04283110257,0.06410394671,0.06410482736
11.86530765,-0.03995281931,-0.0431422467,0.06408984439,0.06409077897
11.9122061,-0.03985520004,-0.04350157697,0.06406582973,0.0640668202
11.95910455,-0.03972014533,-0.04391031415,0.06403166672,0.06403271508
12.006003,-0.0395471229,-0.04436967898,0.06398711937,0.06398822765
12.05290145,-0.03933560048,-0.04488089221,0.06393195166,0.06393312191
12.0997999,-0.03908504578,-0.0454451746,0.06386592761,0.06386716192
12.14669835,-0.03879492653,-0.0460637469,0.0637888112,0.06379011168
12.1935968,-0.03846471043,-0.04673782985,0.06370036644,0.06370173523
12.24049525,-0.03809386521,-0.04746864422,0.06360035732,0.0636017966
12.2873937,-0.0376818586,-0.04825741074,0.06348854784,0.06349005982
12.33429215,-0.0372281583,-0.04910535018,0.06336470201,0.0633662889
12.3811906,-0.03673223204,-0.05001368328,0.06322858382,0.06323024789
12.42808904,-0.03619354753,-0.05098363079,0.06307995726,0.06308170081
12.47498749,-0.0356115725,-0.05201641347,0.06291858635,0.06292041168
12.52188594,-0.03499324308,-0.05309600296,0.06274702119,0.06274870391
12.56878439,-0.034389465,-0.05410508937,0.06258415511,0.06258394509
12.61568284,-0.03380965628,-0.05502263229,0.06243330502,0.06242924571
12.66258129,-0.03325348999,-0.05585013415,0.06229414453,0.06228437358
12.70947974,-0.03272063922,-0.05658909733,0.06216634725,0.06214909653
12.75637819,-0.03221077705,-0.05724102426,0.0620495868,0.06202318235
12.80327664,-0.03172357657,-0.05780741733,0.06194353678,0.06190639888
12.85017509,-0.03125871086,-0.05828977895,0.06184787081,0.06179851391
12.89707354,-0.03081585301,-0.05868961154,0.06176226249,0.06169929527
12.94397199,-0.0303946761,-0.05900841749,0.06168638544,0.06160851077
12.99087044,-0.02999485321,-0.05924769921,0.06161991327,0.06152592822
13.03776888,-0.02961605743,-0.05940895911,0.06156251958,0.06145131543
13.08466733,-0.02925796184,-0.0594936996,0.061513878,0.06138444023
13.13156578,-0.02892023953,-0.05950342308,0.06147366213,0.06132507042
13.17846423,-0.02860256357,-0.05943963196,0.06144154557,0.06127297382
13.22536268,-0.02830460705,-0.05930382865,0.06141720195,0.06122791825
13.27226113,-0.02802604307,-0.05909751554,0.06140030487,0.06118967151
13.31915958,-0.02776654469,-0.05882219506,0.06139052795,0.06115800142
13.36605803,-0.027525785,-0.0584793696,0.06138754479,0.0611326758
13.41295648,-0.0273034371,-0.05807054157,0.061391029,0.06111346246
13.45985493,-0.02709917406,-0.05759721338,0.0614006542,0.06110012921
13.50675338,-0.02691266896,-0.05706088744,0.061416094,0.06109244387
13.55365183,-0.02674359489,-0.05646306614,0.061437022,0.06109017425
13.60055028,-0.02659162493,-0.05580525191,0.06146311182,0.06109308817
13.64744872,-0.02645643218,-0.05508894714,0.06149403707,0.06110095343
13.69434717,-0.0263376897,-0.05431565424,0.06152947136,0.06111353786
13.74124562,-0.02623507059,-0.05348687561,0.0615690883,0.06113060927
13.78814407,-0.02614824792,-0.05260411367,0.06161256151,0.06115193547
13.83504252,-0.02607689479,-0.05166887083,0.06165956458,0.06117728427
13.88194097,-0.02602068428,-0.05068264948,0.06170977114,0.0612064235
13.92883942,-0.02597928947,-0.04964695203,0.06176285479,0.06123912096
13.97573787,-0.02595238344,-0.04856328089,0.06181848915,0.06127514446
14.02263632,-0.02593963928,-0.04743313847,0.06187634782,0.06131426183
14.06953477,-0.02594073007,-0.04625802717,0.06193610442,0.06135624088
14.11643322,-0.0259553289,-0.04503944941,0.06199743255,0.06140084941
14.16333167,-0.02598310884,-0.04377890758,0.06206000584,0.06144785525
14.21023012,-0.02602374299,-0.04247790409,0.06212349788,0.06149702621
14.25712856,-0.02607690443,-0.04113794135,0.06218758229,0.0615481301
14.30402701,-0.02614226624,-0.03976052177,0.06225193268,0.06160093474
14.35092546,-0.02621950151,-0.03834714775,0.06231622267,0.06165520794
14.39782391,-0.02630828331,-0.0368993217,0.06238012585,0.06171071751
14.44472236,-0.02640828473,-0.03541854603,0.06244331585,0.06176723127
14.49162081,-0.02651917887,-0.03390632314,0.06250546627,0.06182451703
14.53851926,-0.02664063879,-0.03236415543,0.06256625073,0.06188234261
14.58541771,-0.02677233759,-0.03079354533,0.06262534283,0.06194047582
14.63231616,-0.02691394835,-0.02919599522,0.06268241619,0.06199868448
14.67921461,-0.02706514414,-0.02757300753,0.06273714441,0.06205673639
14.72611306,-0.02722559807,-0.02592608464,0.06278920111,0.06211439938
14.77301151,-0.0273949832,-0.02425672898,0.0628382599,0.06217144125
14.81990995,-0.02757297263,-0.02256644295,0.06288399439,0.06222762983
14.8668084,-0.02775923944,-0.02085672896,0.06292607819,0.06228273292
14.91370685,-0.02795345671,-0.0191290894,0.06296418491,0.06233651834
14.9606053,-0.02815529752,-0.01738502669,0.06299798817,0.0623887539
15.00750375,-0.02836443496,-0.01562604324,0.06302716156,0.06243920742
15.0544022,-0.02858054212,-0.01385364145,0.06305137871,0.06248764672
15.10130065,-0.02880329207,-0.01206932372,0.06307031322,0.06253383959
15.1481991,-0.0290323579,-0.01027459247,0.06308363871,0.06257755387
15.19509755,-0.0292674127,-0.008470950102,0.06309102878,0.06261855736
15.241996,-0.02950812954,-0.006659899019,0.06309215705,0.06265661788
15.28889445,-0.02975418152,-0.00484294163,0.06308669713,0.06269150324
15.3357929,-0.03000524172,-0.003021580341,0.06307432262,0.06272298125
15.38269135,-0.03026098321,-0.001197317559,0.06305470714,0.06275081974
15.42958979,-0.03052107909,0.0006283443092,0.06302752431,0.06277478651
15.47648824,-0.03078520244,0.002453902858,0.06299244772,0.06279464938
15.52338669,-0.03105302633,0.00427785568,0.062949151,0.06281017615
15.57028514,-0.03132422387,0.006098700369,0.06289730774,0.06282113466
15.61718359,-0.03159846812,0.007914934519,0.06283659157,0.0628272927
15.66408204,-0.03187543218,0.009725055722,0.0627666761,0.0628284181
15.71098049,-0.03215478912,0.01152756157,0.06268723493,0.06282427867
15.75787894,-0.03243621203,0.01332094966,0.06259794167,0.06281464222
15.80477739,-0.032719374,0.01510371759,0.06249846994,0.06279927657
15.85167584,-0.03300394811,0.01687436294,0.06238849335,0.06277794952
15.89857429,-0.03328960744,0.01863138332,0.06226768551,0.0627504289
15.94547274,-0.03357602508,0.02037327631,0.06213572002,0.06271648252
15.99237119,-0.0338628741,0.0220985395,0.0619922705,0.06267587819
16.03926963,-0.03414982761,0.0238056705,0.06183701057,0.06262838373
16.08616808,-0.03443655866,0.0254931669,0.06166961382,0.06257376695
16.13306653,-0.03472274037,0.02715952628,0.06148975388,0.06251179566
16.17996498,-0.03500804579,0.02880324624,0.06129710435,0.06244223768
16.22686343,-0.03529214803,0.03042282438,0.06109133884,0.06236486083
16.27376188,-0.03557472016,0.03201675829,0.06087213097,0.06227943291
16.32066033,-0.03585543526,0.03358354556,0.06063915434,0.06218572174
16.36755878,-0.03613396643,0.03512168378,0.06039208257,0.06208349514
16.41445723,-0.03640998674,0.03662967056,0.06013058927,0.06197252092
16.46135568,-0.03668316929,0.03810600347,0.05985434804,0.06185256689
16.50825413,-0.03695318714,0.03954918013,0.0595630325,0.06172340087
16.55515258,-0.03721971339,0.04095769811,0.05925631626,0.06158479066
16.60205103,-0.03748242112,0.04233005501,0.05893387293,0.0614365041
16.64894947,-0.03774098342,0.04366474843,0.05859537612,0.06127830898
16.69584792,-0.03799507336,0.04496027596,0.05824049945,0.06110997313
16.74274637,-0.03824436404,0.0462151352,0.05786891651,0.06093126435
16.78964482,-0.03848852853,0.04742782373,0.05748030093,0.06074195047
16.83654327,-0.03872723992,0.04859683915,0.05707432631,0.06054179929
16.88344172,-0.0389601713,0.04972067905,0.05665066627,0.06033057863
16.93034017,-0.03918699574,0.05079784104,0.05620899441,0.0601080563
16.97723862,-0.03940738633,0.05182682269,0.05574898435,0.05987400012
17.02413707,-0.03962101616,0.0528061216,0.0552703097,0.05962817791
17.07103552,-0.03982755831,0.05373423537,0.05477264406,0.05937035747
17.11793397,-0.04002668586,0.0546096616,0.05425566106,0.05910030662
17.16483242,-0.0402180719,0.05543089787,0.05371903429,0.05881779317
17.21173087,-0.04040138951,0.05619644177,0.05316243737,0.05852258494
17.25862931,-0.04057631177,0.05690479091,0.05258554392,0.05821444974
17.30552776,-0.04074251177,0.05755444287,0.05198802754,0.05789315539
17.35242621,-0.04089966259,0.05814389525,0.05136956184,0.0575584697
17.39932466,-0.04104743732,0.05867164564,0.05072982043,0.05721016049
17.44622311,-0.04118550904,0.05913619163,0.05006847693,0.05684799556
17.49312156,-0.04131355083,0.05953603083,0.04938520494,0.05647174273
17.54002001,-0.04143123578,0.05986966081,0.04867967808,0.05608116982
17.58691846,-0.04153823698,0.06013557918,0.04795156996,0.05567604465
17.63381691,-0.04163422749,0.06033228353,0.04720055419,0.05525613501
17.68071536,-0.04171888042,0.06045827145,0.04642630437,0.05482120874
17.72761381,-0.04179186884,0.06051204054,0.04562849412,0.05437103363
17.77451226,-0.04185286584,0.06049208839,0.04480679706,0.05390537752
17.82141071,-0.04190154449,0.06039691259,0.04396088678,0.0534240082
17.86830915,-0.0419375779,0.06022501073,0.0430904369,0.0529266935
17.9152076,-0.04196063913,0.05997488041,0.04219512104,0.05241320123
17.96210605,-0.04197040127,0.05964501923,0.04127461281,0.0518832992
18.0090045,-0.04196653741,0.05923392477,0.0403285858,0.05133675523
18.05590295,-0.04194872063,0.05874009464,0.03935671364,0.05077333713
18.1028014,-0.04191662401,0.05816202641,0.03835866994,0.05019281272
18.14969985,-0.04186992064,0.05749821769,0.0373341283,0.0495949498
18.1965983,-0.0418082836,0.05674716608,0.03628276234,0.0489795162
18.24349675,-0.04173138598,0.05590736915,0.03520424567,0.04834627972
18.2903952,-0.04163890086,0.05497732452,0.0340982519,0.04769500819
18.33729365,-0.04153050132,0.05395552976,0.03296445464,0.04702546941
18.3841921,-0.04140586045,0.05284048248,0.0318025275,0.0463374312
18.43109055,-0.04126465133,0.05163068026,0.03061214409,0.04563066137
18.47798899,-0.04110654704,0.05032462071,0.02939297802,0.04490492774
18.52488744,-0.04093122067,0.04892080141,0.02814470291,0.04415999813
18.57178589,-0.04073834531,0.04741771995,0.02686699236,0.04339564034
18.61868434,-0.04052759403,0.04581387394,0.02555951999,0.04261162219
18.66558279,-0.04029863992,0.04410776096,0.0242219594,0.04180771149
18.71248124,-0.04005115606,0.04229787862,0.0228539842,0.04098367606
18.75937969,-0.03978582481,0.04038650914,0.0214564957,0.04013996788
18.80627814,-0.03953554294,0.03849710058,0.0200696861,0.0392989664
18.85317659,-0.03931582709,0.03668891739,0.01871289047,0.03847151296
18.90007504,-0.03912600935,0.034960695,0.01738580309,0.03765751739
18.94697349,-0.03896542183,0.03331116886,0.01608811829,0.0368568895
18.99387194,-0.03883339664,0.03173907442,0.01481953034,0.03606953909
19.04077039,-0.03872926588,0.03024314711,0.01357973355,0.03529537598
19.08766883,-0.03865236166,0.02882212238,0.01236842222,0.03453430997
19.13456728,-0.03860201607,0.02747473568,0.01118529065,0.03378625088
19.18146573,-0.03857756123,0.02619972244,0.01003003314,0.03305110852
19.22836418,-0.03857832923,0.02499581812,0.00890234399,0.03232879271
19.27526263,-0.03860365219,0.02386175815,0.007801917493,0.03161921324
19.32216108,-0.03865286221,0.02279627798,0.00672844795,0.03092227993
19.36905953,-0.03872529138,0.02179811305,0.005681629662,0.0302379026
19.41595798,-0.03882027183,0.02086599881,0.004661156928,0.02956599106
19.46285643,-0.03893713564,0.0199986707,0.003666724046,0.02890645511
19.50975488,-0.03907521494,0.01919486416,0.002698025315,0.02825920457
19.55665333,-0.03923384181,0.01845331463,0.001754755035,0.02762414924
19.60355178,-0.03941234836,0.01777275757,0.0008366075044,0.02700119895
19.65045023,-0.03961006671,0.01715192841,-5.67229774e-05,0.02639026349
19.69734867,-0.03982632895,0.0165895626,-0.0009255421114,0.02579125269
19.74424712,-0.04006046719,0.01608439558,-0.001770155599,0.02520407634
19.79114557,-0.04031181353,0.01563516279,-0.00259086914,0.02462864427
19.83804402,-0.04057970009,0.01524059969,-0.003387988436,0.02406486629
19.88494247,-0.04086345895,0.0148994417,-0.004161819189,0.0235126522
19.93184092,-0.04116242223,0.01461042428,-0.004912667098,0.02297191182
19.97873937,-0.04147592203,0.01437228287,-0.005640837865,0.02244255495
20.02563782,-0.04180329046,0.01418375291,-0.00634663719,0.02192449142
20.07253627,-0.04214385962,0.01404356985,-0.007030370776,0.02141763102
20.11943472,-0.04249696161,0.01395046913,-0.007692344322,0.02092188357
20.16633317,-0.04286192854,0.01390318619,-0.008332863529,0.02043715889
20.21323162,-0.04323809252,0.01390045648,-0.008952234099,0.01996336678
20.26013007,-0.04362478565,0.01394101544,-0.009550761733,0.01950041705
20.30702851,-0.04402134003,0.01402359852,-0.01012875213,0.01904821951
20.35392696,-0.04442708777,0.01414694115,-0.01068651099,0.01860668399
20.40082541,-0.04484136097,0.01430977879,-0.01122434402,0.01817572028
20.44772386,-0.04526349174,0.01451084687,-0.01174255692,0.0177552382
20.49462231,-0.04569281218,0.01474888084,-0.01224145538,0.01734514755
20.54152076,-0.0461286544,0.01502261614,-0.01272134512,0.01694535816
20.58841921,-0.0465703505,0.01533078822,-0.01318253182,0.01655577983
20.63531766,-0.04701723259,0.01567213252,-0.01362532119,0.01617632237
20.68221611,-0.04746863276,0.01604538448,-0.01405001894,0.0158068956
20.72911456,-0.04792388313,0.01644927955,-0.01445693076,0.01544740932
20.77601301,-0.0483823158,0.01688255317,-0.01484636235,0.01509777334
20.82291146,-0.04884326287,0.01734394079,-0.01521861941,0.01475789749
20.8698099,-0.04930605645,0.01783217784,-0.01557400766,0.01442769156
20.91670835,-0.04977002865,0.01834599978,-0.01591283277,0.01410706537
20.9636068,-0.05023451156,0.01888414204,-0.01623540047,0.01379592873
21.01050525,-0.0506988373,0.01944534007,-0.01654201644,0.01349419144
21.0574037,-0.05116233796,0.02002832931,-0.0168329864,0.01320176334
21.10430215,-0.05162434565,0.0206318452,-0.01710861603,0.01291855421
21.1512006,-0.05208419248,0.0212546232,-0.01736921104,0.01264447388
21.19809905,-0.05254121055,0.02189539874,-0.01761507714,0.01237943216
21.2449975,-0.05299473196,0.02255290727,-0.01784652002,0.01212333885
21.29189595,-0.05344408883,0.02322588423,-0.01806384538,0.01187610376
21.3387944,-0.05388861325,0.02391306506,-0.01826735893,0.01163763672
21.38569285,-0.05432763732,0.02461318521,-0.01845736636,0.01140784753
21.4325913,-0.05476049317,0.02532498012,-0.01863417338,0.01118664599
21.47948974,-0.05518651288,0.02604718524,-0.01879808569,0.01097394193
21.52638819,-0.05560502856,0.02677853601,-0.01894940898,0.01076964515
21.57328664,-0.05601537232,0.02751776786,-0.01908844897,0.01057366547
21.62018509,-0.05641687626,0.02826361626,-0.01921551134,0.01038591269
21.66708354,-0.05680887248,0.02901481663,-0.01933090181,0.01020629662
21.71398199,-0.0571906931,0.02977010443,-0.01943492607,0.01003472708
21.76088044,-0.05756167022,0.03052821509,-0.01952788982,0.009871113883
21.80777889,-0.05792113593,0.03128788407,-0.01961009877,0.009715366833
21.85467734,-0.05826842235,0.0320478468,-0.01968185861,0.009567395742
21.90157579,-0.05860286158,0.03280683872,-0.01974347505,0.009427110423
21.94847424,-0.05892378572,0.03356359529,-0.01979525378,0.009294420686
21.99537269,-0.05923052688,0.03431685194,-0.01983750051,0.009169236342
22.04227114,-0.05952241716,0.03506534412,-0.01987052094,0.009051467203
22.08916958,-0.05979878867,0.03580780728,-0.01989462077,0.008941023079
22.13606803,-0.06005897351,0.03654297684,-0.0199101057,0.008837813782
22.18296648,-0.06030230379,0.03726958827,-0.01991728143,0.008741749122
22.22986493,-0.06052811161,0.037986377,-0.01991645367,0.008652738911
22.27676338,-0.06073572908,0.03869207848,-0.0199079281,0.00857069296
22.32366183,-0.06092448829,0.03938542815,-0.01989201045,0.00849552108
22.37056028,-0.06109372136,0.04006516145,-0.01986900639,0.008427133081
22.41745873,-0.0612427604,0.04073001383,-0.01983922165,0.008365438776
22.46435718,-0.06137093749,0.04137872073,-0.0198029619,0.008310347974
22.51125563,-0.06147758476,0.0420100176,-0.01976053287,0.008261770487
22.55815408,-0.06156203429,0.04262263987,-0.01971224025,0.008219616127
22.60505253,-0.06162361821,0.043215323,-0.01965838974,0.008183794704
22.65195098,-0.06166166861,0.04378680242,-0.01959928703,0.008154216029
22.69884942,-0.06167551759,0.04433581358,-0.01953523784,0.008130789913
22.74574787,-0.06166449727,0.04486109192,-0.01946654786,0.008113426168
22.79264632,-0.06162793974,0.04536137289,-0.0193935228,0.008102034604
22.83954477,-0.06156517711,0.04583539193,-0.01931646835,0.008096525033
22.88644322,-0.06147554149,0.04628188449,-0.01923569021,0.008096807265
22.93334167,-0.06135836498,0.046699586,-0.0191514941,0.008102791112
22.98024012,-0.06121297968,0.04708723191,-0.01906418569,0.008114386385
23.02713857,-0.0610387177,0.04744355767,-0.01897407071,0.008131502894
23.07403702,-0.06083491115,0.04776729872,-0.01888145485,0.008154050452
23.12093547,-0.06060089212,0.04805719049,-0.0187866438,0.008181938868
23.16783392,-0.06033599273,0.04831196844,-0.01868994328,0.008215077954
23.21473237,-0.06003954507,0.04853036802,-0.01859165898,0.008253377521
23.26163082,-0.05971088126,0.04871112465,-0.0184920966,0.008296747381
23.30852926,-0.05934933339,0.04885297379,-0.01839156185,0.008345097343
23.35542771,-0.05895423357,0.04895465088,-0.01829036042,0.00839833722
23.40232616,-0.05852491391,0.04901489137,-0.01818879801,0.008456376822
23.44922461,-0.05806070651,0.04903243069,-0.01808718033,0.008519125961
23.49612306,-0.05756094348,0.04900600429,-0.01798581308,0.008586494447
23.54302151,-0.05702495691,0.04893434762,-0.01788500196,0.008658392091
23.58991996,-0.05645207892,0.04881619611,-0.01778505267,0.008734728705
23.63681841,-0.05584164161,0.04865028522,-0.01768627091,0.0088154141
23.68371686,-0.05519297707,0.04843535038,-0.01758896237,0.008900358086
23.73061531,-0.05450541743,0.04817012704,-0.01749343278,0.008989470475
23.77751376,-0.05377829478,0.04785335064,-0.01739998781,0.009082661078
23.82441221,-0.05301094123,0.04748375663,-0.01730893318,0.009179839706
23.87131066,-0.05220268887,0.04706008045,-0.01722057458,0.00928091617
23.9182091,-0.05135286983,0.04658105754,-0.01713521772,0.009385800281
23.96510755,-0.05046081619,0.04604542335,-0.01705316829,0.00949440185
24.012006,-0.04952586007,0.04545191332,-0.01697473201,0.009606630688
24.05890445,-0.04854733357,0.0447992629,-0.01690021456,0.009722396606
24.1058029,-0.04752456879,0.04408620752,-0.01682992165,0.009841609416
24.15270135,-0.04645689785,0.04331148263,-0.01676415898,0.009964178928
24.1995998,-0.04534365283,0.04247382368,-0.01670323226,0.01009001495
24.24649825,-0.04418416586,0.04157196611,-0.01664744717,0.0102190273
24.2933967,-0.04297776902,0.04060464536,-0.01659710943,0.01035112579
24.34029515,-0.04172379444,0.03957059687,-0.01655252473,0.01048622022
24.3871936,-0.0404215742,0.0384685561,-0.01651399878,0.01062422041
24.43409205,-0.03907044042,0.03729725848,-0.01648183727,0.01076503617
24.4809905,-0.03766972521,0.03605543945,-0.01645634592,0.01090857731
24.52788894,-0.03621876065,0.03474183447,-0.0164378304,0.01105475364
24.57478739,-0.03471687887,0.03335517897,-0.01642659644,0.01120347497
24.62168584,-0.03316341197,0.0318942084,-0.01642294973,0.01135465111
24.66858429,-0.03155769204,0.0303576582,-0.01642719597,0.01150819188
24.71548274,-0.02989905119,0.02874426381,-0.01643964086,0.01166400708
24.76238119,-0.02818682154,0.02705276068,-0.0164605901,0.01182200653
24.80927964,-0.02642033518,0.02528188426,-0.0164903494,0.01198210004
24.85617809,-0.02459892421,0.02343036998,-0.01652922445,0.01214419741
24.90307654,-0.02272192075,0.02149695329,-0.01657752095,0.01230820847
24.94997499,-0.02078865689,0.01948036963,-0.01663554461,0.01247404301
24.99687344,-0.01879846475,0.01737935445,-0.01670360113,0.01264161086
25.04377189,-0.01681561579,0.01526959986,-0.01678554596,0.01281355516
25.09067034,-0.01492289029,0.01324918756,-0.01688586897,0.01299327163
25.13756878,-0.01311934751,0.01131726056,-0.01700425573,0.01318061611
25.18446723,-0.01140371494,0.009472569296,-0.01714037326,0.01337543046
25.23136568,-0.009774720079,0.007713864158,-0.01729388853,0.01357755654
25.27826413,-0.008231090416,0.006039895557,-0.01746446854,0.01378683619
25.32516258,-0.006771553448,0.0044494139,-0.01765178028,0.01400311127
25.37206103,-0.005394836668,0.002941169596,-0.01785549075,0.01422622363
25.41895948,-0.00409966757,0.001513913052,-0.01807526694,0.01445601513
25.46585793,-0.002884773649,0.0001663946746,-0.01831077584,0.01469232761
25.51275638,-0.001748882398,-0.001102635128,-0.01856168443,0.01493500294
25.55965483,-0.0006907213109,-0.002294425949,-0.01882765973,0.01518388296
25.60655328,0.0002909821178,-0.003410227381,-0.01910836872,0.01543880952
25.65345173,0.001197500394,-0.004451289016,-0.01940347838,0.01569962449
25.70035018,0.002030106025,-0.005418860447,-0.01971265572,0.0159661697
25.74724862,0.002790071515,-0.006314191267,-0.02003556773,0.01623828703
25.79414707,0.003478669371,-0.007138531068,-0.02037188139,0.01651581831
25.84104552,0.004097172099,-0.007893129442,-0.02072126371,0.01679860541
25.88794397,0.004646852205,-0.008579235983,-0.02108338168,0.01708649017
25.93484242,0.005128982195,-0.009198100283,-0.02145790228,0.01737931445
25.98174087,0.005544834574,-0.009750971935,-0.02184449251,0.01767692009
26.02863932,0.00589568185,-0.01023910053,-0.02224281936,0.01797914897
26.07553777,0.006182796528,-0.01066373566,-0.02265254983,0.01828584292
26.12243622,0.006407451113,-0.01102612692,-0.02307335091,0.0185968438
26.16933467,0.006570918113,-0.01132752391,-0.02350488959,0.01891199346
26.21623312,0.006674470032,-0.01156917621,-0.02394683287,0.01923113376
26.26313157,0.006719379378,-0.01175233341,-0.02439884773,0.01955410655
26.31003002,0.006706918656,-0.01187824512,-0.02486060117,0.01988075368
26.35692846,0.006638360372,-0.01194816092,-0.02533176018,0.020210917
26.40382691,0.006514977031,-0.0119633304,-0.02581199176,0.02054443838
26.45072536,0.006338041141,-0.01192500316,-0.0263009629,0.02088115965
26.49762381,0.006108825208,-0.01183442879,-0.02679834058,0.02122092268
26.54452226,0.005828601736,-0.01169285688,-0.02730379181,0.02156356932
26.59142071,0.005498643232,-0.01150153703,-0.02781698357,0.02190894141
26.63831916,0.005120222203,-0.01126171883,-0.02833758287,0.02225688082
26.68521761,0.004694611153,-0.01097465186,-0.02886525668,0.0226072294
26.73211606,0.00422308259,-0.01064158574,-0.02939967201,0.022959829
26.77901451,0.00370690902,-0.01026377003,-0.02994049584,0.02331452146
26.82591296,0.003147362947,-0.009842454347,-0.03048739517,0.02367114866
26.87281141,0.002545716879,-0.009378888272,-0.031040037,0.02402955243
26.91970985,0.001903243321,-0.008874321402,-0.03159808831,0.02438957463
26.9666083,0.001221214779,-0.008330003327,-0.0321612161,0.02475105712
27.01350675,0.0005009037598,-0.007747183642,-0.03272908735,0.02511384174
27.0604052,-0.0002564172313,-0.007127111938,-0.03330136908,0.02547777036
27.10730365,-0.001049475688,-0.006471037808,-0.03387772825,0.02584268482
27.1542021,-0.001876999104,-0.005780210844,-0.03445783188,0.02620842697
27.20110055,-0.002737714974,-0.00505588064,-0.03504134694,0.02657483868
27.247999,-0.003630350792,-0.004299296788,-0.03562794044,0.02694176178
27.29489745,-0.004553634051,-0.00351170888,-0.03621727937,0.02730903815
27.3417959,-0.005506292246,-0.002694366509,-0.03680903071,0.02767650962
27.38869435,-0.00648705287,-0.001848519267,-0.03740286147,0.02804401805
27.4355928,-0.007494643418,-0.0009754167484,-0.03799843863,0.0284114053
27.48249125,-0.008527791383,-7.630854422e-05,-0.03859542919,0.02877851321
27.52938969,-0.00958522426,0.0008475557525,-0.03919350013,0.02914518365
27.57628814,-0.01066566954,0.001794926549,-0.03979231847,0.02951125846
27.62318659,-0.01176785472,0.002764554253,-0.04039155117,0.0298765795
27.67008504,-0.0128905073,0.003755189272,-0.04099086525,0.03024098861
27.71698349,-0.01403235476,0.004765582013,-0.04158992768,0.03060432766
27.76388194,-0.01519212461,0.005794482883,-0.04218840547,0.03096643849
27.81078039,-0.01636854432,0.006840642291,-0.04278596561,0.03132716297
27.85767884,-0.01756034141,0.007902810642,-0.04338227508,0.03168634293
27.90457729,-0.01876624337,0.008979738346,-0.04397700089,0.03204382024
27.95147574,-0.01998497767,0.01007017581,-0.04456981002,0.03239943675
27.99837419,-0.02121527184,0.01117287344,-0.04516036947,0.03275303431
28.04527264,-0.02245585334,0.01228658164,-0.04574834623,0.03310445477
28.09217109,-0.02370544969,0.01341005082,-0.04633340729,0.03345353999
28.13906953,-0.02496278837,0.0145420314,-0.04691521964,0.03380013182
28.18596798,-0.02622659687,0.01568127377,-0.04749345029,0.03414407211
28.23286643,-0.0274956027,0.01682652834,-0.04806776621,0.03448520272
28.27976488,-0.02876853334,0.01797654552,-0.04863783441,0.0348233655
28.32666333,-0.03004411629,0.01913007573,-0.04920332187,0.03515840229
28.37356178,-0.03132107905,0.02028586935,-0.0497638956,0.03549015497
28.42046023,-0.0325981491,0.02144267681,-0.05031922257,0.03581846537
28.46735868,-0.03387405394,0.02259924851,-0.05086896979,0.03614317535
28.51425713,-0.03514752107,0.02375433486,-0.05141280425,0.03646412677
28.56115558,-0.03641727798,0.02490668627,-0.05195039293,0.03678116147
28.60805403,-0.03768205216,0.02605505314,-0.05248140284,0.03709412132
28.65495248,-0.0389405711,0.02719818587,-0.05300550096,0.03740284816
28.70185093,-0.04019156231,0.02833483489,-0.05352235429,0.03770718384
28.74874937,-0.04143375327,0.02946375059,-0.05403162983,0.03800697022
28.79564782,-0.04266587149,0.03058368338,-0.05453299455,0.03830204916
28.84254627,-0.04388664444,0.03169338367,-0.05502611546,0.0385922625
28.88944472,-0.04509479964,0.03279160187,-0.05551065955,0.0388774521
28.93634317,-0.04628906456,0.03387708838,-0.05598629382,0.0391574598
28.98324162,-0.04746816671,0.03494859362,-0.05645268524,0.03943212748
29.03014007,-0.04863083357,0.03600486798,-0.05690950082,0.03970129697
29.07703852,-0.04977579265,0.03704466188,-0.05735640756,0.03996481013
29.12393697,-0.05090177144,0.03806672573,-0.05779307243,0.04022250882
29.17083542,-0.05200749743,0.03906980992,-0.05821916244,0.04047423488
29.21773387,-0.05309169811,0.04005266488,-0.05863434458,0.04071983017
29.26463232,-0.05415310098,0.041014041,-0.05903828584,0.04095913654
29.31153077,-0.05519043354,0.0419526887,-0.05943065321,0.04119199585
29.35842921,-0.05620242327,0.04286735837,-0.05981111369,0.04141824995
29.40532766,-0.05718779767,0.04375680044,-0.06017933426,0.04163774068
29.45222611,-0.05814528424,0.0446197653,-0.06053498193,0.04185030992
29.49912456,-0.05907361046,0.04545500336,-0.06087772368,0.0420557995
29.54602301,-0.05997150384,0.04626126504,-0.06120722651,0.04225405128
29.59292146,-0.06083769187,0.04703730073,-0.06152315741,0.04244490711
29.63981991,-0.06167090203,0.04778186085,-0.06182518337,0.04262820885
29.68671836,-0.06246986183,0.0484936958,-0.06211297138,0.04280379835
29.73361681,-0.06323329876,0.04917155599,-0.06238618844,0.04297151746
29.78051526,-0.06395994031,0.04981419183,-0.06264450155,0.04313120804
29.82741371,-0.06464851398,0.05042035372,-0.06288757768,0.04328271194
29.87431216,-0.06529774726,0.05098879208,-0.06311508384,0.04342587101
29.92121061,-0.06590636764,0.0515182573,-0.06332668702,0.0435605271
29.96810905,-0.06647310263,0.05200749981,-0.06352205422,0.04368652207
30.0150075,-0.0669966797,0.05245527,-0.06370085241,0.04380369777
30.06190595,-0.06747582636,0.05286031828,-0.0638627486,0.04391189606
30.1088044,-0.0679092701,0.05322139506,-0.06400740978,0.04401095878
30.15570285,-0.06829573842,0.05353725074,-0.06413450295,0.04410072779
30.2026013,-0.0686339588,0.05380663574,-0.06424369509,0.04418104495
30.24949975,-0.06892265875,0.05402830046,-0.06433465319,0.0442517521
30.2963982,-0.06916056576,0.05420099532,-0.06440704426,0.0443126911
30.34329665,-0.06934640731,0.0543234707,-0.06446053528,0.0443637038
30.3901951,-0.06947891091,0.05439447703,-0.06449479324,0.04440463206
30.43709355,-0.06955680405,0.05441276472,-0.06450948515,0.04443531772
30.483992,-0.06957881421,0.05437708416,-0.06450427798,0.04445560265
30.53089045,-0.06954366891,0.05428618576,-0.06447883874,0.04446532868
30.57778889,-0.06945009563,0.05413881994,-0.06443283441,0.04446433769
30.62468734,-0.06929682186,0.05393373711,-0.064365932,0.04445247152
30.67158579,-0.0690825751,0.05366968766,-0.06427779848,0.04442957202
30.71848424,-0.06880608284,0.053345422,-0.06416810086,0.04439548104
30.76538269,-0.06846607257,0.05295969055,-0.06403650613,0.04435004044
30.81228114,-0.0680612718,0.05251124371,-0.06388268128,0.04429309208
30.85917959,-0.06759040801,0.05199883188,-0.0637062933,0.0442244778
30.90607804,-0.0670522087,0.05142120548,-0.06350700919,0.04414403946
30.95297649,-0.06644540137,0.05077711492,-0.06328449593,0.04405161891
30.99987494,-0.06576871349,0.05006531059,-0.06303842053,0.043947058
31.04677339,-0.06502087258,0.04928454291,-0.06276844996,0.0438301986
31.09367184,-0.06420060613,0.04843356229,-0.06247425124,0.04370088254
31.14057029,-0.06330664162,0.04751111913,-0.06215549135,0.04355895168
31.18746873,-0.06233770655,0.04651596384,-0.06181183727,0.04340424788
31.23436718,-0.06129252842,0.04544684682,-0.06144295601,0.04323661299
31.28126563,-0.06019484219,0.04432740675,-0.06105602786,0.0430592107
31.32816408,-0.05912499255,0.04323761502,-0.06067520324,0.04288271516
31.37506253,-0.05808868574,0.04218315252,-0.06030216571,0.04270787574
31.42196098,-0.05708538987,0.04116349144,-0.0599367231,0.04253461284
31.46885943,-0.05611457304,0.04017810394,-0.05957868326,0.04236284681
31.51575788,-0.05517570337,0.03922646223,-0.059227854,0.04219249803
31.56265633,-0.05426824895,0.03830803848,-0.05888404319,0.04202348687
31.60955478,-0.05339167789,0.03742230487,-0.05854705864,0.04185573372
31.65645323,-0.05254545829,0.0365687336,-0.0582167082,0.04168915893
31.70335168,-0.05172905827,0.03574679683,-0.05789279971,0.04152368289
31.75025013,-0.05094194591,0.03495596677,-0.05757514099,0.04135922597
31.79714857,-0.05018358934,0.03419571558,-0.05726353989,0.04119570854
31.84404702,-0.04945345665,0.03346551546,-0.05695780425,0.04103305097
31.89094547,-0.04875101595,0.03276483858,-0.0566577419,0.04087117364
31.93784392,-0.04807573534,0.03209315714,-0.05636316068,0.04070999693
31.98474237,-0.04742708293,0.03144994331,-0.05607386842,0.0405494412
32.03164082,-0.04680452683,0.03083466928,-0.05578967296,0.04038942683
32.07853927,-0.04620753513,0.03024680723,-0.05551038215,0.04022987419
32.12543772,-0.04563557594,0.02968582935,-0.0552358038,0.04007070366
32.17233617,-0.04508811737,0.02915120782,-0.05496574577,0.03991183561
32.21923462,-0.04456462752,0.02864241482,-0.05470001589,0.03975319041
32.26613307,-0.0440645745,0.02815892253,-0.05443842199,0.03959468843
32.31303152,-0.04358742641,0.02770020315,-0.05418077192,0.03943625006
32.35992996,-0.04313265136,0.02726572885,-0.05392687351,0.03927779566
32.40682841,-0.04269971745,0.02685497182,-0.05367653459,0.03911924561
32.45372686,-0.04228809278,0.02646740423,-0.053429563,0.03896052027
32.50062531,-0.04189724547,0.02610249829,-0.05318576659,0.03880154003
32.54752376,-0.04152664361,0.02575972616,-0.05294495318,0.03864222526
32.59442221,-0.04117575531,0.02543856003,-0.05270693061,0.03848249633
32.64132066,-0.04084404867,0.02513847209,-0.05247150672,0.03832227361
32.68821911,-0.04053099181,0.02485893451,-0.05223848936,0.03816147748
32.73511756,-0.04023605282,0.02459941949,-0.05200768634,0.03800002831
32.78201601,-0.03995869981,0.02435939921,-0.05177890551,0.03783784647
32.82891446,-0.03969840088,0.02413834584,-0.05155195472,0.03767485235
32.87581291,-0.03945462414,0.02393573158,-0.05132664178,0.0375109663
32.92271136,-0.0392268377,0.02375102861,-0.05110277455,0.03734610871
32.9696098,-0.03901450965,0.0235837091,-0.05088016085,0.03718019994
33.01650825,-0.03881710811,0.02343324526,-0.05065860853,0.03701316038
33.0634067,-0.03863410118,0.02329910924,-0.05043792542,0.03684491039
33.11030515,-0.03846495696,0.02318077325,-0.05021791936,0.03667537036
33.1572036,-0.03830914355,0.02307770947,-0.04999839818,0.03650446064
33.20410205,-0.03816612907,0.02298939007,-0.04977916972,0.03633210162
33.2510005,-0.03803538162,0.02291528725,-0.04956004183,0.03615821367
33.29789895,-0.0379163693,0.02285487318,-0.04934082232,0.03598271716
33.3447974,-0.03780856021,0.02280762005,-0.04912131905,0.03580553246
33.39169585,-0.03771142247,0.02277300005,-0.04890133985,0.03562657996
33.4385943,-0.03762442417,0.02275048535,-0.04868069256,0.03544578002
33.48549275,-0.03754703343,0.02273954814,-0.048459185,0.03526305301
33.5323912,-0.03747871834,0.02273966061,-0.04823662503,0.03507831931
33.57928964,-0.03741894701,0.02275029493,-0.04801282047,0.0348914993
33.62618809,-0.03736718755,0.02277092329,-0.04778757916,0.03470251334
33.67308654,-0.03732290805,0.02280101788,-0.04756070894,0.03451128182
33.71998499,-0.03728557663,0.02284005088,-0.04733201765,0.0343177251
33.76688344,-0.0372546614,0.02288749447,-0.04710131313,0.03412176355
33.81378189,-0.03722963044,0.02294282084,-0.0468684032,0.03392331755
33.86068034,-0.03720995188,0.02300550216,-0.04663309571,0.03372230748
33.90757879,-0.03719509381,0.02307501063,-0.04639519849,0.03351865371
33.95447724,-0.03718452434,0.02315081842,-0.04615451938,0.0333122766
34.00137569,-0.03717771157,0.02323239773,-0.04591086622,0.03310309655
34.04827414,-0.03717412361,0.02331922073,-0.04566404685,0.0328910339
34.09517259,-0.03717322857,0.0234107596,-0.04541386909,0.03267600905
34.14207104,-0.03717449454,0.02350648654,-0.04516014079,0.03245794237
34.18896948,-0.03717738963,0.02360587372,-0.04490266979,0.03223675422
34.23586793,-0.03718138196,0.02370839333,-0.04464126392,0.03201236498
34.28276638,-0.03718593961,0.02381351755,-0.04437573101,0.03178469503
34.32966483,-0.03719053071,0.02392071857,-0.04410587891,0.03155366474
34.37656328,-0.03719462334,0.02402946856,-0.04383151545,0.03131919448
34.42346173,-0.03719768563,0.02413923972,-0.04355244847,0.03108120462
34.47036018,-0.03719918566,0.02424950423,-0.04326848581,0.03083961555
34.51725863,-0.03719859155,0.02435973426,-0.04297943529,0.03059434762
34.56415708,-0.0371953714,0.02446940201,-0.04268510477,0.03034532122
34.61105553,-0.03718899332,0.02457797965,-0.04238530207,0.03009245672
34.65795398,-0.03717892541,0.02468493938,-0.04207983503,0.0298356745
34.70485243,-0.03716463577,0.02478975337,-0.04176851149,0.02957489492
34.75175088,-0.03714559251,0.02489189381,-0.04145113929,0.02931003835
34.79864932,-0.03712126374,0.02499083288,-0.04112752626,0.02904102519
34.84554777,-0.03709111756,0.02508604276,-0.04079748024,0.02876777578
34.89244622,-0.03705462208,0.02517699565,-0.04046080906,0.02849021052
34.93934467,-0.03701124539,0.02526316371,-0.04011732057,0.02820824977
34.98624312,-0.03696045561,0.02534401914,-0.0397668226,0.02792181391
35.03314157,-0.03690172084,0.02541903413,-0.03940912298,0.02763082331
35.08004002,-0.03683450918,0.02548768084,-0.03904402956,0.02733519834
35.12693847,-0.03675828873,0.02554943147,-0.03867135017,0.02703485938
35.17383692,-0.03667252762,0.0256037582,-0.03829089264,0.0267297268
35.22073537,-0.03657669393,0.02565013322,-0.03790246482,0.02641972098
35.26763382,-0.03647025577,0.0256880287,-0.03750587454,0.02610476228
35.31453227,-0.03635268125,0.02571691684,-0.03710092964,0.02578477108
35.36143072,-0.03622343848,0.02573626981,-0.03668743795,0.02545966776
35.40832916,-0.03608199555,0.0257455598,-0.03626520731,0.02512937269
35.45522761,-0.03592782057,0.02574425899,-0.03583404556,0.02479380623
35.50212606,-0.03576038165,0.02573183956,-0.03539376053,0.02445288878
35.54902451,-0.03557914689,0.02570777371,-0.03494416007,0.02410654069
35.59592296,-0.0353835844,0.02567153361,-0.034485052,0.02375468234
35.64282141,-0.03517316228,0.02562259144,-0.03401624417,0.02339723411
35.68971986,-0.03494734864,0.0255604194,-0.03353754441,0.02303411636
35.73661831,-0.03470561158,0.02548448966,-0.03304876055,0.02266524948
35.78351676,-0.0344474192,0.02539427441,-0.03254970045,0.02229055383
35.83041521,-0.03417223961,0.02528924582,-0.03204017192,0.0219099498
35.87731366,-0.03387954092,0.0251688761,-0.03151998282,0.02152335774
35.92421211,-0.03356879123,0.02503263741,-0.03098894097,0.02113069804
35.97111056,-0.03323945864,0.02488000194,-0.03044685421,0.02073189108
36.018009,-0.03289101126,0.02471044188,-0.02989353038,0.02032685721
36.06490745,-0.0325229172,0.0245234294,-0.02932877732,0.01991551682
36.1118059,-0.03213464455,0.0243184367,-0.02875240286,0.01949779028
36.15870435,-0.03172566143,0.02409493596,-0.02816421484,0.01907359796
36.2056028,-0.03129543594,0.02385239936,-0.02756402109,0.01864286024
36.25250125,-0.03084343618,0.02359029907,-0.02695162946,0.01820549749
36.2993997,-0.03036913026,0.0233081073,-0.02632684778,0.01776143009
36.34629815,-0.02987198628,0.02300529622,-0.02568948389,0.0173105784
36.3931966,-0.02935147235,0.02268133801,-0.02503934562,0.0168528628
36.44009505,-0.02880705658,0.02233570486,-0.02437624081,0.01638820367
36.4869935,-0.02823820706,0.02196786895,-0.0236999773,0.01591652137
36.53389195,-0.0276443919,0.02157730247,-0.02301036292,0.01543773628
36.5807904,-0.02702507921,0.02116347759,-0.02230720551,0.01495176878
36.62768884,-0.02637973709,0.02072586651,-0.02159031291,0.01445853924
36.67458729,-0.02570783365,0.02026394141,-0.02085949296,0.01395796803
36.72148574,-0.02500883699,0.01977717446,-0.02011455348,0.01344997552
36.76838419,-0.02428221521,0.01926503786,-0.01935530233,0.01293448209
36.81528264,-0.02352743643,0.01872700378,-0.01858154732,0.01241140811
36.86218109,-0.02274396874,0.01816254442,-0.01779309631,0.01188067396
36.90907954,-0.02193128025,0.01757113195,-0.01698975713,0.01134220001
36.95597799,-0.02108883907,0.01695223855,-0.01617133762,0.01079590663
37.00287644,-0.0202161133,0.01630533642,-0.0153376456,0.01024171419
37.04977489,-0.01931257104,0.01562989773,-0.01448848892,0.009679543073
37.09667334,-0.0183776804,0.01492539467,-0.01362367542,0.009109313649
37.14357179,-0.01741090949,0.01419129943,-0.01274301294,0.00853094629
37.19047024,-0.0164117264,0.01342708418,-0.0118463093,0.007944361371
37.23736868,-0.01537959925,0.01263222111,-0.01093337234,0.007349479264
37.28426713,-0.01431399614,0.0118061824,-0.01000400991,0.006746220344
37.33116558,-0.01321438517,0.01094844024,-0.009058029842,0.006134504983
37.37806403,-0.01208023445,0.0100584668,-0.008095239967,0.005514253556
37.42496248,-0.01091101208,0.009135734287,-0.007115448125,0.004885386435
37.47186093,-0.009706186173,0.008179714867,-0.006118462153,0.004247823995
37.51875938,-0.008469780305,0.007194118528,-0.005106423758,0.003602603463
37.56565783,-0.007243504777,0.00621772026,-0.004100761992,0.002959997067
37.61255628,-0.006037376829,0.005259824115,-0.003106630618,0.002322498381
37.65945473,-0.004851182975,0.004320218041,-0.002123938238,0.001690091901
37.70635318,-0.003684709731,0.003398689987,-0.001152593456,0.001062762126
37.75325163,-0.002537743613,0.0024950279,-0.0001925048731,0.0004404935507
37.80015008,-0.001410071137,0.001609019729,0.0007564189085,-0.0001767293262
37.84704852,-0.0003014788183,0.0007404534205,0.001694269286,-0.000788922008
37.89394697,0.0007882468273,-0.0001108830762,0.002621137658,-0.001396099998
37.94084542,0.001859319284,-0.0009452018135,0.003537115422,-0.001998278798
37.98774387,0.002911952036,-0.001762714843,0.004442293975,-0.002595473912
38.03464232,0.003946358568,-0.002563634218,0.005336764716,-0.003187700842
38.08154077,0.004962752365,-0.003348171988,0.006220619041,-0.003774975092
38.12843922,0.005961346909,-0.004116540208,0.007093948349,-0.004357312164
38.17533767,0.006942355687,-0.004868950927,0.007956844038,-0.00493472756
38.22223612,0.007905992181,-0.0056056162,0.008809397506,-0.005507236785
38.26913457,0.008852469877,-0.006326748076,0.009651700149,-0.006074855341
38.31603302,0.009782002258,-0.007032558609,0.01048384337,-0.006637598731
38.36293147,0.01069480281,-0.007723259851,0.01130591855,-0.007195482457
38.40982991,0.01159108501,-0.008399063852,0.01211801711,-0.007748522023
38.45672836,0.01247106236,-0.009060182667,0.01292023044,-0.008296732932
38.50362681,0.01333494833,-0.009706828345,0.01371264993,-0.008840130685
38.55052526,0.0141829564,-0.01033921294,0.01449536698,-0.009378730787
38.59742371,0.01501530006,-0.0109575485,0.01526847299,-0.00991254874
38.64432216,0.01583219281,-0.01156204709,0.01603205936,-0.01044160005
38.69122061,0.01663384811,-0.01215292074,0.01678621749,-0.01096590021
38.73811906,0.01742047945,-0.01273038152,0.01753103877,-0.01148546473
38.78501751,0.01819230033,-0.01329464148,0.0182666146,-0.01200030912
38.83191596,0.01894952421,-0.01384591266,0.01899303638,-0.01251044887
38.87881441,0.0196923646,-0.01438440713,0.01971039551,-0.01301589949
38.92571286,0.02042103496,-0.01491033692,0.02041878339,-0.01351667648
38.97261131,0.0211357488,-0.01542391411,0.0211182914,-0.01401279535
39.01950975,0.02183671958,-0.01592535072,0.02180901096,-0.01450427159
39.0664082,0.02252416079,-0.01641485883,0.02249103345,-0.01499112072
39.11330665,0.02319828593,-0.01689265047,0.02316445028,-0.01547335822
39.1602051,0.02385930847,-0.01735893771,0.02382935284,-0.01595099961
39.20710355,0.02450744189,-0.01781393259,0.02448583253,-0.01642406039
39.254002,0.02514289969,-0.01825784717,0.02513398075,-0.01689255607
39.30090045,0.02576589534,-0.0186908935,0.0257738889,-0.01735650213
39.3477989,0.02637664234,-0.01911328362,0.02640564838,-0.0178159141
39.39469735,0.02697535416,-0.0195252296,0.02702935057,-0.01827080746
39.4415958,0.02756224428,-0.01992694348,0.02764508689,-0.01872119773
39.48849425,0.0281375262,-0.02031863732,0.02825294872,-0.0191671004
39.5353927,0.0287014134,-0.02070052316,0.02885302747,-0.01960853098
39.58229115,0.02925411936,-0.02107281307,0.02944541453,-0.02004550497
39.62918959,0.02979585757,-0.02143571909,0.0300302013,-0.02047803788
39.67608804,0.0303268415,-0.02178945327,0.03060747918,-0.02090614521
39.72298649,0.03084728465,-0.02213422767,0.03117733957,-0.02132984245
39.76988494,0.0313574005,-0.02247025433,0.03173987387,-0.02174914512
39.81678339,0.03185740254,-0.02279774532,0.03229517346,-0.02216406872
39.86368184,0.03234750424,-0.02311691267,0.03284332975,-0.02257462874
39.91058029,0.03282791909,-0.02342796845,0.03338443414,-0.0229808407
39.95747874,0.03329886058,-0.02373112471,0.03391857803,-0.02338272009
40.00437719,0.03376054219,-0.0240265935,0.03444585281,-0.02378028242
40.05127564,0.0342131774,-0.02431458686,0.03496634988,-0.02417354319
40.09817409,0.0346569797,-0.02459531686,0.03548016064,-0.0245625179
40.14507254,0.03509216258,-0.02486899553,0.03598737649,-0.02494722206
40.19197099,0.03551893951,-0.02513583495,0.03648808881,-0.02532767117
40.23886943,0.03593752399,-0.02539604715,0.03698238903,-0.02570388073
40.28576788,0.03634812949,-0.0256498442,0.03747036852,-0.02607586625
40.33266633,0.03675096951,-0.02589743813,0.03795211868,-0.02644364322
40.37956478,0.03714625751,-0.02613904101,0.03842773093,-0.02680722716
40.42646323,0.037534207,-0.02637486488,0.03889729664,-0.02716663356
40.47336168,0.03791503145,-0.0266051218,0.03936090723,-0.02752187792
40.52026013,0.03828894435,-0.02683002382,0.03981865408,-0.02787297576
40.56715858,0.03865615918,-0.027049783,0.0402706286,-0.02821994256
40.61405703,0.03901688943,-0.02726461137,0.04071692219,-0.02856279385
40.66095548,0.03937134858,-0.027474721,0.04115762623,-0.02890154511
40.70785393,0.03971975011,-0.02768032394,0.04159283214,-0.02923621185
40.75475238,0.04006230751,-0.02788163224,0.0420226313,-0.02956680958
40.80165083,0.04039923427,-0.02807885795,0.04244711512,-0.02989335379
40.84854927,0.04073074386,-0.02827221313,0.04286637499,-0.03021585999
40.89544772,0.04105704978,-0.02846190981,0.04328050231,-0.03053434369
40.94234617,0.0413783655,-0.02864816007,0.04368958848,-0.03084882038
40.98924462,0.04169490452,-0.02883117595,0.04409372489,-0.03115930557
41.03614307,0.04200688031,-0.02901116949,0.04449300295,-0.03146581476
41.08304152,0.04231450635,-0.02918835276,0.04488751405,-0.03176836345
41.12993997,0.04261799615,-0.02936293781,0.04527734959,-0.03206696715
41.17683842,0.04291756317,-0.02953513668,0.04566260096,-0.03236164136
41.22373687,0.0432134209,-0.02970516144,0.04604335957,-0.03265240159
41.27063532,0.04350578283,-0.02987322412,0.04641971681,-0.03293926333
41.31753377,0.04379486244,-0.03003953679,0.04679176409,-0.03322224209
41.36443222,0.04408087321,-0.03020431149,0.04715959279,-0.03350135337
41.41133067,0.04436402864,-0.03036776028,0.04752329431,-0.03377661267
41.45822911,0.0446445422,-0.03053009521,0.04788296006,-0.0340480355
41.50512756,0.04492262738,-0.03069152833,0.04823868143,-0.03431563736
41.55202601,0.04519849765,-0.03085227169,0.04859054982,-0.03457943376
41.59892446,0.04547236652,-0.03101253735,0.04893865663,-0.03483944019
41.64582291,0.04574444746,-0.03117253736,0.04928309325,-0.03509567216
41.69272136,0.04601495395,-0.03133248376,0.04962395108,-0.03534814517
41.73961981,0.04628409948,-0.03149258862,0.04996132152,-0.03559687473
41.78651826,0.04655209754,-0.03165306398,0.05029529597,-0.03584187633
41.83341671,0.04681916161,-0.0318141219,0.05062596583,-0.03608316548
41.88031516,0.04708550516,-0.03197597442,0.05095342249,-0.03632075769
41.92721361,0.0473513417,-0.0321388336,0.05127775735,-0.03655466845
41.97411206,0.04761688469,-0.03230291149,0.05159906181,-0.03678491328
42.02101051,0.04788234763,-0.03246842014,0.05191742726,-0.03701150766
42.06790895,0.04814794401,-0.03263557161,0.05223294511,-0.03723446711
42.1148074,0.04841388729,-0.03280457795,0.05254570675,-0.03745380713
42.16170585,0.04868039097,-0.03297565121,0.05285580359,-0.03766954321
42.2086043,0.04894766854,-0.03314900343,0.053163327,-0.03788169087
42.25550275,0.04921593347,-0.03332484668,0.05346836841,-0.03809026561
42.3024012,0.04948539926,-0.03350339301,0.05377101919,-0.03829528293
42.34929965,0.04975627938,-0.03368485446,0.05407137076,-0.03849675833
42.3961981,0.05002878732,-0.03386944309,0.05436951451,-0.03869470731
42.44309655,0.05030313656,-0.03405737095,0.05466554183,-0.03888914538
42.489995,0.0505795406,-0.0342488501,0.05495954413,-0.03908008804
42.53689345,0.0508582129,-0.03444409258,0.0552516128,-0.0392675508
42.5837919,0.05113936696,-0.03464331044,0.05554183923,-0.03945154915
42.63069035,0.05142321627,-0.03484671575,0.05583031484,-0.0396320986
42.67758879,0.0517099743,-0.03505452054,0.05611713101,-0.03980921466
42.72448724,0.05199985454,-0.03526693688,0.05640237914,-0.03998291282
42.77138569,0.05229307047,-0.03548417681,0.05668615063,-0.04015320859
42.81828414,0.05258983559,-0.03570645239,0.05696853689,-0.04032011746
42.86518259,0.05289036336,-0.03593397567,0.05724962929,-0.04048365496
42.91208104,0.05319486729,-0.0361669587,0.05752951926,-0.04064383657
42.95897949,0.05350356084,-0.03640561353,0.05780829817,-0.0408006778
43.00587794,0.05381665751,-0.03665015222,0.05808605743,-0.04095419415
43.05277639,0.05413437078,-0.03690078681,0.05836288844,-0.04110440112
43.09967484,0.05445691414,-0.03715772937,0.0586388826,-0.04125131423
43.14657329,0.05478450106,-0.03742119193,0.05891413129,-0.04139494897
43.19347174,0.05511734504,-0.03769138655,0.05918872593,-0.04153532084
43.24037019,0.05545565955,-0.03796852529,0.05946275791,-0.04167244535
43.28726863,0.05579965809,-0.0382528202,0.05973631862,-0.04180633799
43.33416708,0.05614955413,-0.03854448333,0.06000949946,-0.04193701428
43.38106553,0.05650556117,-0.03884372672,0.06028239184,-0.04206448972
43.42796398,0.05686789267,-0.03915076244,0.06055508714,-0.04218877981
43.47486243,0.05723676214,-0.03946580253,0.06082767678,-0.04230990004
43.52176088,0.05761238305,-0.03978905905,0.06110025213,-0.04242786593
43.56865933,0.05799496888,-0.04012074405,0.06137290461,-0.04254269298
43.61555778,0.05838473313,-0.04046106958,0.06164572561,-0.04265439669
43.66245623,0.05878188928,-0.04081024769,0.06191880653,-0.04276299256
43.70935468,0.0591866508,-0.04116849043,0.06219223876,-0.0428684961
43.75625313,0.05959894816,-0.04153575038,0.06246589009,-0.04297084529
43.80315158,0.05999941472,-0.04189428005,0.0627244367,-0.04306472695
43.85005003,0.06037638574,-0.042233367,0.06295880859,-0.04314704211
43.89694847,0.06073016581,-0.04255326733,0.06316942449,-0.04321798982
43.94384692,0.06106105953,-0.04285423714,0.0633567031,-0.04327776915
43.99074537,0.06136937148,-0.04313653254,0.06352106314,-0.04332657915
44.03764382,0.06165540624,-0.04340040962,0.06366292331,-0.04336461888
44.08454227,0.0619194684,-0.04364612449,0.06378270232,-0.04339208739
44.13144072,0.06216186255,-0.04387393324,0.06388081888,-0.04340918374
44.17833917,0.06238289326,-0.04408409199,0.0639576917,-0.04341610698
44.22523762,0.06258286514,-0.04427685682,0.06401373948,-0.04341305617
44.27213607,0.06276208276,-0.04445248384,0.06404938095,-0.04340023037
44.31903452,0.06292085072,-0.04461122916,0.0640650348,-0.04337782864
44.36593297,0.06305947358,-0.04475334887,0.06406111975,-0.04334605003
44.41283142,0.06317825595,-0.04487909907,0.0640380545,-0.04330509359
44.45972986,0.06327750241,-0.04498873586,0.06399625777,-0.04325515839
44.50662831,0.06335751755,-0.04508251535,0.06393614827,-0.04319644348
44.55352676,0.06341860594,-0.04516069364,0.06385814469,-0.04312914792
44.60042521,0.06346107218,-0.04522352683,0.06376266576,-0.04305347076
44.64732366,0.06348522086,-0.04527127101,0.06365013018,-0.04296961106
44.69422211,0.06349135655,-0.0453041823,0.06352095666,-0.04287776787
44.74112056,0.06347978385,-0.04532251678,0.06337556391,-0.04277814026
44.78801901,0.06345080734,-0.04532653057,0.06321437063,-0.04267092727
44.83491746,0.06340473161,-0.04531647976,0.06303779555,-0.04255632797
44.88181591,0.06334186124,-0.04529262045,0.06284625736,-0.04243454142
44.92871436,0.06326250082,-0.04525520875,0.06264017478,-0.04230576666
44.97561281,0.06316695493,-0.04520450075,0.06241996652,-0.04217020275
45.02251126,0.06305552817,-0.04514075256,0.06218605128,-0.04202804876
45.0694097,0.06292852511,-0.04506422028,0.06193884777,-0.04187950373
45.11630815,0.06278625035,-0.04497516001,0.06167877471,-0.04172476673
45.1632066,0.06262900847,-0.04487382785,0.0614062508,-0.04156403681
45.21010505,0.06245710405,-0.0447604799,0.06112169475,-0.04139751303
45.2570035,0.06227084169,-0.04463537226,0.06082552528,-0.04122539443
45.30390195,0.06207052596,-0.04449876103,0.06051816108,-0.04104788009
45.3508004,0.06185646146,-0.04435090232,0.06020002087,-0.04086516906
45.39769885,0.06162895276,-0.04419205223,0.05987152336,-0.04067746038
45.4445973,0.06138830446,-0.04402246685,0.05953308726,-0.04048495313
45.49149575,0.06113482115,-0.04384240228,0.05918513128,-0.04028784635
45.5383942,0.0608688074,-0.04365211464,0.05882807412,-0.0400863391
45.58529265,0.06059056781,-0.04345186001,0.05846233449,-0.03988063044
45.6321911,0.06030040696,-0.04324189451,0.05808833111,-0.03967091943
45.67908954,0.05999862943,-0.04302247423,0.05770648269,-0.03945740511
45.72598799,0.05968553982,-0.04279385526,0.05731720793,-0.03924028656
45.77288644,0.0593614427,-0.04255629373,0.05692092553,-0.03901976281
45.81978489,0.05902664267,-0.04231004571,0.05651805422,-0.03879603294
45.86668334,0.05868144431,-0.04205536733,0.05610901271,-0.038569296
45.91358179,0.05832615221,-0.04179251467,0.05569421969,-0.03833975103
45.96048024,0.05796107095,-0.04152174383,0.05527409387,-0.03810759711
46.00737869,0.05758650512,-0.04124331093,0.05484905398,-0.03787303328
46.05427714,0.0572027593,-0.04095747205,0.05441951871,-0.03763625861
46.10117559,0.05681013809,-0.04066448331,0.05398590678,-0.03739747215
46.14807404,0.05640894606,-0.0403646008,0.0535486369,-0.03715687295
46.19497249,0.05599948781,-0.04005808062,0.05310812777,-0.03691466007
46.24187094,0.05558206791,-0.03974517887,0.0526647981,-0.03667103257
46.28876938,0.05515699096,-0.03942615166,0.05221906661,-0.0364261895
46.33566783,0.05472456154,-0.03910125508,0.051771352,-0.03618032993
46.38256628,0.05428508424,-0.03877074524,0.05132207298,-0.0359336529
46.42946473,0.05383886364,-0.03843487824,0.05087164826,-0.03568635748
46.47636318,0.05338620433,-0.03809391018,0.05042049656,-0.03543864272
46.52326163,0.0529274109,-0.03774809716,0.04996903657,-0.03519070767
46.57016008,0.05246278793,-0.03739769528,0.049517687,-0.0349427514
46.61705853,0.05199264001,-0.03704296064,0.04906686658,-0.03469497296
46.66395698,0.05151727172,-0.03668414934,0.048616994,-0.0344475714
46.71085543,0.05103698765,-0.03632151749,0.04816848798,-0.03420074579
46.75775388,0.05055209239,-0.03595532119,0.04772176723,-0.03395469518
46.80465233,0.05006289052,-0.03558581653,0.04727725044,-0.03370961862
46.85155078,0.04956968662,-0.03521325961,0.04683535635,-0.03346571517
46.89844922,0.04907278529,-0.03483790655,0.04639650364,-0.03322318389
46.94534767,0.04857249112,-0.03446001343,0.04596111103,-0.03298222384
46.99224612,0.04806910867,-0.03407983637,0.04552959724,-0.03274303406
47.03914457,0.04756294256,-0.03369763145,0.04510238097,-0.03250581363
47.08604302,0.04705429734,-0.03331365479,0.04467988092,-0.03227076158
47.13294147,0.04654347763,-0.03292816248,0.04426251582,-0.03203807699
47.17983992,0.04603078799,-0.03254141063,0.04385070436,-0.03180795891
47.22673837,0.04551653302,-0.03215365533,0.04344486526,-0.03158060639
47.27363682,0.04500101731,-0.03176515269,0.04304541722,-0.03135621849
47.32053527,0.04448454543,-0.03137615881,0.04265277897,-0.03113499426
47.36743372,0.04396742198,-0.03098692978,0.04226736919,-0.03091713277
47.41433217,0.04344995154,-0.03059772171,0.04188960661,-0.03070283306
47.46123062,0.04293243869,-0.03020879071,0.04151990993,-0.0304922942
47.50812906,0.04241518803,-0.02982039286,0.04115869786,-0.03028571525
47.55502751,0.04189850414,-0.02943278428,0.04080638912,-0.03008329525
47.60192596,0.0413826916,-0.02904622107,0.04046340241,-0.02988523327
47.64882441,0.04086805501,-0.02866095931,0.04013015643,-0.02969172835
47.69572286,0.04035489894,-0.02827725513,0.0398070699,-0.02950297957
47.74262131,0.03984352798,-0.02789536461,0.03949456154,-0.02931918597
47.78951976,0.03933424673,-0.02751554385,0.03919305004,-0.02914054661
47.83641821,0.03882735976,-0.02713804897,0.03890295411,-0.02896726054
47.88331666,0.03832317166,-0.02676313606,0.03862469247,-0.02879952683
47.93021511,0.03782198702,-0.02639106121,0.03835868383,-0.02863754453
47.97711356,0.03732411042,-0.02602208054,0.03810534689,-0.0284815127
48.02401201,0.03682984646,-0.02565645015,0.03786510036,-0.02833163039
48.07091046,0.03633949971,-0.02529442612,0.03763836296,-0.02818809666
48.1178089,0.03585337476,-0.02493626457,0.03742555338,-0.02805111056
48.16470735,0.0353717762,-0.0245822216,0.03722709035,-0.02792087115
48.2116058,0.03489500861,-0.02423255331,0.03704339257,-0.0277975775
48.25850425,0.03442337659,-0.02388751579,0.03687487875,-0.02768142864
48.3054027,0.03395718471,-0.02354736515,0.03672196759,-0.02757262365
48.35230115,0.03349673756,-0.02321235749,0.03658507782,-0.02747136158
48.3991996,0.03304233973,-0.02288274892,0.03646462813,-0.02737784148
48.44609805,0.03259429581,-0.02255879552,0.03636103723,-0.02729226241
48.4929965,0.03215291037,-0.02224075341,0.03627472384,-0.02721482343
48.53989495,0.03171848802,-0.02192887869,0.03620610667,-0.02714572359
48.5867934,0.03129133332,-0.02162342745,0.03615560441,-0.02708516195
48.63369185,0.03087175088,-0.02132465579,0.0361236358,-0.02703333757
48.6805903,0.03046004527,-0.02103281982,0.03611061952,-0.0269904495
48.72748874,0.03005652108,-0.02074817565,0.03611697429,-0.0269566968
48.77438719,0.02966148289,-0.02047097936,0.03614311883,-0.02693227853
48.82128564,0.0292752353,-0.02020148706,0.03618947183,-0.02691739373
48.86818409,0.02889808289,-0.01993995485,0.03625645201,-0.02691224148
48.91508254,0.02853033025,-0.01968663884,0.03634447808,-0.02691702082
48.96198099,0.02817228195,-0.01944179512,0.03645396875,-0.02693193081
49.00887944,0.0278242426,-0.01920567979,0.03658534272,-0.02695717051
49.05577789,0.02748651676,-0.01897854896,0.03673901871,-0.02699293897
49.10267634,0.02715940904,-0.01876065873,0.03691541543,-0.02703943525
49.14957479,0.02684322401,-0.01855226519,0.03711495157,-0.02709685841
49.19647324,0.02653826627,-0.01835362445,0.03733804586,-0.02716540751
49.24337169,0.02624484039,-0.01816499262,0.03758511701,-0.02724528159
49.29027014,0.02596325096,-0.01798662578,0.03785658371,-0.02733667972
49.33716858,0.02569380258,-0.01781878005,0.03815286468,-0.02743980095
49.38406703,0.02543679982,-0.01766171152,0.03847437864,-0.02755484435
49.43096548,0.02519254727,-0.01751567629,0.03882154428,-0.02768200895
49.47786393,0.02496134952,-0.01738093047,0.03919478032,-0.02782149383
49.52476238,0.02474351116,-0.01725773015,0.03959450547,-0.02797349804
49.57166083,0.02453933676,-0.01714633144,0.04002113844,-0.02813822063
49.61855928,0.02434913092,-0.01704699044,0.04047509793,-0.02831586067
49.66545773,0.02417319822,-0.01695996325,0.04095680265,-0.0285066172
49.71235618,0.02401184326,-0.01688550597,0.04146667132,-0.02871068928
49.75925463,0.0238653706,-0.0168238747,0.04200512265,-0.02892827598
49.80615308,0.02373408485,-0.01677532554,0.04257257533,-0.02915957634
49.85305153,0.02361829058,-0.01674011459,0.04316944809,-0.02940478943
49.89994997,0.02351829239,-0.01671849796,0.04379615963,-0.02966411429
49.94684842,0.02343439485,-0.01671073175,0.04445312865,-0.02993775
49.99374687,0.02336690256,-0.01671707205,0.04514077388,-0.03022589559
50.04064532,0.02331479598,-0.01673440543,0.04583775157,-0.03052052507
50.08754377,0.02327584522,-0.01675722413,0.04650876876,-0.03080826728
50.13444222,0.02324969838,-0.01678529072,0.04715365722,-0.03108897399
50.18134067,0.02323603301,-0.01681844628,0.0477727636,-0.03136269119
50.22823912,0.02323452668,-0.0168565319,0.04836643455,-0.03162946485
50.27513757,0.02324485695,-0.01689938867,0.04893501671,-0.03188934098
50.32203602,0.02326670137,-0.01694685769,0.04947885674,-0.03214236557
50.36893447,0.02329973752,-0.01699878004,0.04999830127,-0.03238858459
50.41583292,0.02334364296,-0.0170549968,0.05049369695,-0.03262804403
50.46273137,0.02339809524,-0.01711534908,0.05096539043,-0.0328607899
50.50962981,0.02346277194,-0.01717967795,0.05141372835,-0.03308686817
50.55652826,0.0235373506,-0.01724782452,0.05183905737,-0.03330632483
50.60342671,0.0236215088,-0.01731962985,0.05224172412,-0.03351920588
50.65032516,0.02371492409,-0.01739493506,0.05262207526,-0.03372555729
50.69722361,0.02381727404,-0.01747358121,0.05298045742,-0.03392542506
50.74412206,0.02392823621,-0.01755540942,0.05331721727,-0.03411885519
50.79102051,0.02404748816,-0.01764026075,0.05363270143,-0.03430589364
50.83791896,0.02417470746,-0.01772797631,0.05392725657,-0.03448658642
50.88481741,0.02430957166,-0.01781839718,0.05420122931,-0.03466097952
50.93171586,0.02445175833,-0.01791136445,0.05445496633,-0.03482911891
50.97861431,0.02460094503,-0.0180067192,0.05468881424,-0.03499105059
51.02551276,0.02475680932,-0.01810430254,0.05490311971,-0.03514682056
51.07241121,0.02491902877,-0.01820395555,0.05509822939,-0.03529647478
51.11930965,0.02508728093,-0.01830551931,0.05527448991,-0.03544005927
51.1662081,0.02526124337,-0.01840883492,0.05543224792,-0.03557761999
51.21310655,0.02544059365,-0.01851374346,0.05557185007,-0.03570920295
51.260005,0.02562500934,-0.01862008603,0.055693643,-0.03583485413
51.30690345,0.02581416799,-0.01872770371,0.05579797337,-0.03595461952
51.3538019,0.02600774717,-0.01883643759,0.05588518781,-0.03606854511
51.40070035,0.02620542443,-0.01894612877,0.05595563298,-0.03617667688
51.4475988,0.02640687735,-0.01905661833,0.05600965552,-0.03627906082
51.49449725,0.02661178348,-0.01916774735,0.05604760208,-0.03637574293
51.5413957,0.02681982038,-0.01927935694,0.0560698193,-0.03646676919
51.58829415,0.02703066563,-0.01939128818,0.05607665383,-0.03655218559
51.6351926,0.02724399677,-0.01950338215,0.05606845231,-0.03663203812
51.68209105,0.02745949137,-0.01961547995,0.0560455614,-0.03670637276
51.72898949,0.027676827,-0.01972742267,0.05600832773,-0.03677523551
51.77588794,0.02789568122,-0.01983905139,0.05595709796,-0.03683867235
51.82278639,0.02811573158,-0.0199502072,0.05589221873,-0.03689672928
51.86968484,0.02833665565,-0.0200607312,0.05581403669,-0.03694945228
51.91658329,0.02855813099,-0.02017046447,0.05572289848,-0.03699688733
51.96348174,0.02877983517,-0.02027924811,0.05561915075,-0.03703908043
52.01038019,0.02900144575,-0.02038692319,0.05550314014,-0.03707607757
52.05727864,0.02922264028,-0.02049333081,0.05537521331,-0.03710792474
52.10417709,0.02944309633,-0.02059831207,0.0552357169,-0.03713466791
52.15107554,0.02966249147,-0.02070170804,0.05508499755,-0.03715635309
52.19797399,0.02988050325,-0.02080335982,0.05492340191,-0.03717302626
52.24487244,0.03009680924,-0.02090310849,0.05475127663,-0.0371847334
52.29177089,0.03031108699,-0.02100079515,0.05456896835,-0.03719152052
52.33866933,0.03052301408,-0.02109626089,0.05437682372,-0.03719343359
52.38556778,0.03073226806,-0.02118934679,0.05417518939,-0.0371905186
52.43246623,0.03093852649,-0.02127989394,0.053964412,-0.03718282154
52.47936468,0.03114146695,-0.02136774344,0.0537448382,-0.03717038841
52.52626313,0.03134076698,-0.02145273637,0.05351681463,-0.03715326518
52.57316158,0.03153610415,-0.02153471381,0.05328068795,-0.03713149786
52.62006003,0.03172715603,-0.02161351687,0.05303680479,-0.03710513241
52.66695848,0.03191360017,-0.02168898663,0.05278551181,-0.03707421485
52.71385693,0.03209511414,-0.02176096417,0.05252715565,-0.03703879114
52.76075538,0.0322713755,-0.02182929059,0.05226208295,-0.03699890729
52.80765383,0.03244206182,-0.02189380698,0.05199064037,-0.03695460928
52.85455228,0.03260685064,-0.02195435443,0.05171317454,-0.0369059431
52.90145073,0.03276541954,-0.02201077401,0.05143003212,-0.03685295473
52.94834917,0.03291744608,-0.02206290684,0.05114155975,-0.03679569017
52.99524762,0.03306260783,-0.02211059398,0.05084810408,-0.03673419541
53.04214607,0.03320058233,-0.02215367654,0.05055001176,-0.03666851642
53.08904452,0.03333104716,-0.0221919956,0.05024762942,-0.03659869921
53.13594297,0.03345367987,-0.02222539225,0.04994130372,-0.03652478976
53.18284142,0.03356815803,-0.02225370758,0.04963138131,-0.03644683405
53.22973987,0.03367415921,-0.02227678267,0.04931820882,-0.03636487808
53.27663832,0.03377136095,-0.02229445863,0.04900213291,-0.03627896784
53.32353677,0.03385944084,-0.02230657653,0.04868350022,-0.03618914931
53.37043522,0.03393807642,-0.02231297747,0.0483626574,-0.03609546848
53.41733367,0.03400694525,-0.02231350253,0.04803995109,-0.03599797134
53.46423212,0.03406572491,-0.02230799281,0.04771572795,-0.03589670388
53.51113057,0.03411409296,-0.02229628939,0.04739033461,-0.03579171209
53.55802901,0.03415172694,-0.02227823337,0.04706411772,-0.03568304196
53.60492746,0.03417830444,-0.02225366583,0.04673742393,-0.03557073946
53.65182591,0.034193503,-0.02222242785,0.04641059989,-0.03545485061
53.69872436,0.0341970002,-0.02218436054,0.04608399224,-0.03533542137
53.74562281,0.03418847359,-0.02213930498,0.04575794763,-0.03521249774
53.79252126,0.03416760074,-0.02208710225,0.04543281271,-0.03508612571
53.83941971,0.03413405921,-0.02202759346,0.04510893411,-0.03495635127
53.88631816,0.03408752655,-0.02196061968,0.04478665849,-0.0348232204
53.93321661,0.03402768034,-0.021886022,0.0444663325,-0.03468677909
53.98011506,0.03395419813,-0.02180364153,0.04414830278,-0.03454707334
54.02701351,0.03386675749,-0.02171331933,0.04383291597,-0.03440414913
54.07391196,0.03376503597,-0.02161489651,0.04352051872,-0.03425805244
54.12081041,0.03364871115,-0.02150821415,0.04321145768,-0.03410882928
54.16770885,0.03351746058,-0.02139311334,0.0429060795,-0.03395652562
54.2146073,0.03337096183,-0.02126943518,0.04260473082,-0.03380118745
54.26150575,0.03320889245,-0.02113702074,0.04230775829,-0.03364286077
54.3084042,0.03303093001,-0.02099571113,0.04201550855,-0.03348159156
54.35530265,0.03283675207,-0.02084534742,0.04172832825,-0.03331742581
54.4022011,0.0326260362,-0.02068577071,0.04144656403,-0.03315040951
54.44909955,0.03239845995,-0.02051682208,0.04117056255,-0.03298058864
54.495998,0.03215370089,-0.02033834263,0.04090067045,-0.0328080092
54.54289645,0.03189143657,-0.02015017345,0.04063723437,-0.03263271717
54.5897949,0.03161134457,-0.01995215562,0.04038060097,-0.03245475855
54.63669335,0.03131310244,-0.01974413023,0.04013111688,-0.03227417932
54.6835918,0.03099638775,-0.01952593838,0.03988912875,-0.03209102546
54.73049025,0.03066087806,-0.01929742115,0.03965498324,-0.03190534297
54.77738869,0.03030625093,-0.01905841962,0.03942902698,-0.03171717784
54.82428714,0.02993218391,-0.0188087749,0.03921160663,-0.03152657606
54.87118559,0.02953835459,-0.01854832807,0.03900306882,-0.03133358361
54.91808404,0.0291244405,-0.01827692021,0.03880376022,-0.03113824647
54.96498249,0.02869011923,-0.01799439242,0.03861402745,-0.03094061065
55.01188094,0.02823506833,-0.01770058579,0.03843421717,-0.03074072213
55.05877939,0.02775896536,-0.01739534141,0.03826467602,-0.03053862689
55.10567784,0.02726148788,-0.01707850035,0.03810575066,-0.03033437093
55.15257629,0.02674231347,-0.01674990373,0.03795778772,-0.03012800024
55.19947474,0.02620111967,-0.01640939261,0.03782113386,-0.02991956079
55.24637319,0.02563758405,-0.0160568081,0.03769613571,-0.02970909859
55.29327164,0.02505138417,-0.01569199128,0.03758313993,-0.02949665962
55.34017009,0.0244421976,-0.01531478324,0.03748249316,-0.02928228986
55.38706853,0.0238097019,-0.01492502507,0.03739454205,-0.02906603531
55.43396698,0.02315357462,-0.01452255785,0.03731963325,-0.02884794196
55.48086543,0.02247349334,-0.01410722269,0.0372581134,-0.02862805579
55.52776388,0.02176913561,-0.01367886066,0.03721032914,-0.02840642279
55.57466233,0.021040179,-0.01323731286,0.03717662713,-0.02818308895
55.62156078,0.02028630106,-0.01278242037,0.037157354,-0.02795810026
55.66845923,0.01950717937,-0.01231402429,0.03715285641,-0.02773150271
55.71535768,0.01870249147,-0.0118319657,0.03716348101,-0.02750334228
55.76225613,0.01787191494,-0.0113360857,0.03718957443,-0.02727366497
55.80915458,0.01701512734,-0.01082622536,0.03723148333,-0.02704251676
55.85605303,0.01613180622,-0.01030222579,0.03728955435,-0.02680994364
55.90295148,0.01522162916,-0.009763928068,0.03736413414,-0.0265759916
55.94984992,0.0142842737,-0.009211173285,0.03745556934,-0.02634070663
55.99674837,0.01331941743,-0.008643802531,0.0375642066,-0.02610413471
56.04364682,0.01232673788,-0.008061656894,0.03769039256,-0.02586632184
56.09054527,0.01130591264,-0.007464577464,0.03783447388,-0.02562731401
56.13744372,0.01025661926,-0.00685240533,0.0379967972,-0.02538715719
56.18434217,0.009178535297,-0.006224981581,0.03817770916,-0.02514589739
56.23124062,0.008071338322,-0.005582147306,0.03837755642,-0.02490358058
56.27813907,0.006942197602,-0.004927057985,0.03859388874,-0.02466443634
56.32503752,0.005821709385,-0.004273271355,0.03881536207,-0.02444553133
56.37193597,0.004713153358,-0.003622308756,0.03904064096,-0.02424836378
56.41883442,0.003616487026,-0.002974224141,0.03926962097,-0.02407256144
56.46573287,0.002531667893,-0.002329071466,0.03950219768,-0.02391775201
56.51263132,0.001458653464,-0.001686904683,0.03973826665,-0.02378356323
56.55952976,0.0003974012444,-0.001047777747,0.03997772345,-0.02366962282
56.60642821,-0.0006521312623,-0.0004117446109,0.04022046367,-0.0235755585
56.65332666,-0.001689986551,0.0002211407703,0.04046638285,-0.02350099799
56.70022511,-0.002716207117,0.0008508244432,0.04071537659,-0.02344556903
56.74712356,-0.003730835457,0.001477252454,0.04096734044,-0.02340889933
56.79402201,-0.004733914064,0.002100370848,0.04122216997,-0.02339061661
56.84092046,-0.005725485435,0.002720125672,0.04147976076,-0.02339034861
56.88781891,-0.006705592065,0.003336462973,0.04174000838,-0.02340772305
56.93471736,-0.00767427645,0.003949328795,0.04200280839,-0.02344236764
56.98161581,-0.008631581084,0.004558669185,0.04226805637,-0.02349391012
57.02851426,-0.009577548464,0.00516443019,0.04253564788,-0.02356197821
57.07541271,-0.01051222108,0.005766557855,0.0428054785,-0.02364619963
57.12231116,-0.01143564144,0.006364998226,0.0430774438,-0.0237462021
57.1692096,-0.01234785203,0.00695969735,0.04335143934,-0.02386161336
57.21610805,-0.01324889534,0.007550601272,0.0436273607,-0.02399206112
57.2630065,-0.01413881388,0.008137656039,0.04390510344,-0.0241371731
57.30990495,-0.01501765013,0.008720807697,0.04418456315,-0.02429657704
57.3568034,-0.0158854466,0.009300002291,0.04446563537,-0.02446990065
57.40370185,-0.01674224578,0.009875185868,0.0447482157,-0.02465677167
57.4506003,-0.01758809015,0.01044630447,0.04503219969,-0.0248568178
57.49749875,-0.01842302223,0.01101330416,0.04531748292,-0.02506966678
57.5443972,-0.01924708451,0.01157613096,0.04560396095,-0.02529494634
57.59129565,-0.02006031947,0.01213473093,0.04589152937,-0.02553228419
57.6381941,-0.02086276962,0.01268905011,0.04618008372,-0.02578130806
57.68509255,-0.02165447744,0.01323903455,0.0464695196,-0.02604164567
57.731991,-0.02243548545,0.0137846303,0.04675973256,-0.02631292475
57.77888944,-0.02320583613,0.0143257834,0.04705061818,-0.02659477302
57.82578789,-0.02396557197,0.0148624399,0.04734207203,-0.02688681821
57.87268634,-0.02471473547,0.01539454584,0.04763398968,-0.02718868803
57.91958479,-0.02545336914,0.01592204727,0.04792626669,-0.02750001022
57.96648324,-0.02618151545,0.01644489023,0.04821879864,-0.02782041249
58.01338169,-0.02689921692,0.01696302078,0.0485114811,-0.02814952258
58.06028014,-0.02760651602,0.01747638496,0.04880420963,-0.0284869682
58.10717859,-0.02830345527,0.01798492881,0.04909687982,-0.02883237708
58.15407704,-0.02899007715,0.01848859838,0.04938938722,-0.02918537694
58.20097549,-0.02966642416,0.01898733971,0.04968162741,-0.02954559551
58.24787394,-0.0303325388,0.01948109886,0.04997349595,-0.02991266051
58.29477239,-0.03098846356,0.01996982187,0.05026488843,-0.03028619967
58.34167084,-0.03163424093,0.02045345478,0.0505557004,-0.0306658407
58.38856928,-0.03226991342,0.02093194364,0.05084582744,-0.03105121133
58.43546773,-0.03289552351,0.0214052345,0.05113516512,-0.0314419393
58.48236618,-0.0335111137,0.0218732734,0.05142360901,-0.03183765231
58.52926463,-0.0341167265,0.02233600639,0.05171105468,-0.0322379781
58.57616308,-0.03471240438,0.02279337952,0.05199739769,-0.03264254438
58.62306153,-0.03529818986,0.02324533883,0.05228253363,-0.03305097889
58.66995998,-0.03587412541,0.02369183036,0.05256635805,-0.03346290934
58.71685843,-0.03644025355,0.02413280017,0.05284876653,-0.03387796347
58.76375688,-0.03699661676,0.02456819429,0.05312965464,-0.03429576899
58.81065533,-0.03754325754,0.02499795878,0.05340891795,-0.03471595362
58.85755378,-0.03808021839,0.02542203969,0.05368645203,-0.0351381451
58.90445223,-0.0386075418,0.02584038305,0.05396215245,-0.03556197115
58.95135068,-0.03912527026,0.02625293491,0.05423591477,-0.03598705948
58.99824912,-0.03963344628,0.02665964132,0.05450763458,-0.03641303783
59.04514757,-0.04013211234,0.02706044833,0.05477720743,-0.03683953392
59.09204602,-0.04062131094,0.02745530198,0.0550445289,-0.03726617547
59.13894447,-0.04110108458,0.02784414832,0.05530949457,-0.0376925902
59.18584292,-0.04157147576,0.0282269334,0.05557199999,-0.03811840585
59.23274137,-0.04203252696,0.02860360325,0.05583194074,-0.03854325013
59.27963982,-0.04248428069,0.02897410393,0.0560892124,-0.03896675076
59.32653827,-0.04292677944,0.02933838148,0.05634371052,-0.03938853548
59.37343672,-0.0433600657,0.02969638195,0.05659533068,-0.039808232
59.42033517,-0.04378418197,0.03004805138,0.05684396845,-0.04022546806
59.46723362,-0.04419917075,0.03039333583,0.0570895194,-0.04063987136
59.51413207,-0.04460507453,0.03073218133,0.0573318791,-0.04105106965
59.56103052,-0.0450019358,0.03106453393,0.05757094312,-0.04145869063
59.60792896,-0.04538979707,0.03139033968,0.05780660704,-0.04186236204
59.65482741,-0.04576870082,0.03170954463,0.05803876641,-0.04226171161
59.70172586,-0.04613868955,0.03202209482,0.05826731681,-0.04265636704
59.74862431,-0.04649980577,0.03232793629,0.05849215381,-0.04304595607
59.79552276,-0.04685209195,0.0326270151,0.05871317299,-0.04343010642
59.84242121,-0.04719559061,0.03291927729,0.0589302699,-0.04380844582
59.88931966,-0.04753034423,0.0332046689,0.05914334012,-0.04418060199
59.93621811,-0.04785639531,0.03348313599,0.05935227923,-0.04454620265
59.98311656,-0.04817378634,0.03375462459,0.05955698279,-0.04490487553
60.03001501,-0.04848255982,0.03401908075,0.05975734636,-0.04525624834
60.07691346,-0.04878275825,0.03427645053,0.05995326553,-0.04559994883
60.12381191,-0.04907442412,0.03452667995,0.06014463586,-0.0459356047
60.17071036,-0.04935759992,0.03476971509,0.06033135292,-0.04626284369
60.2176088,-0.04963232816,0.03500550197,0.06051331228,-0.04658129351
60.26450725,-0.04989865133,0.03523398664,0.06069040951,-0.04689058189
60.3114057,-0.05015661191,0.03545511515,0.06086254019,-0.04719033656
60.35830415,-0.05040625242,0.03566883355,0.06102959987,-0.04748018523
60.4052026,-0.05064761534,0.03587508788,0.06119148414,-0.04775975564
60.45210105,-0.05088074316,0.03607382419,0.06134808855,-0.04802867551
60.4989995,-0.05110567839,0.03626498852,0.06149930869,-0.04828657256
60.54589795,-0.05132246352,0.03644852693,0.06164504013,-0.04853307451
60.5927964,-0.05153114105,0.03662438545,0.06178517842,-0.04876780909
60.63969485,-0.05173175346,0.03679251013,0.06191961914,-0.04899040402
60.6865933,-0.05192434326,0.03695284702,0.06204825787,-0.04920048703
60.73349175,-0.05210895294,0.03710534217,0.06217099017,-0.04939768584
60.7803902,-0.052285625,0.03724994162,0.06228771161,-0.04958162817
60.82728864,-0.05245440193,0.03738659141,0.06239831776,-0.04975194175
60.87418709,-0.05261532623,0.0375152376,0.0625027042,-0.04990825431
60.92108554,-0.05276844039,0.03763582622,0.06260076649,-0.05005019356
60.96798399,-0.0529137869,0.03774830333,0.0626924002,-0.05017738723
61.01488244,-0.05305140827,0.03785261498,0.0627775009,-0.05028946304
61.06178089,-0.05318134699,0.03794870719,0.06285596416,-0.05038604872
61.10867934,-0.05330364555,0.03803652604,0.06292768556,-0.050466772
61.15557779,-0.05341834646,0.03811601755,0.06299256066,-0.05053126059
61.20247624,-0.05352549219,0.03818712778,0.06305048504,-0.05057914222
61.24937469,-0.05362512526,0.03824980277,0.06310135425,-0.05061004461
61.29627314,-0.05371728816,0.03830398856,0.06314506388,-0.0506235955
61.34317159,-0.05380202337,0.03834963121,0.06318150949,-0.05061942259
61.39007004,-0.0538793734,0.03838667676,0.06321058666,-0.05059715362
61.43696848,-0.05394938074,0.03841507126,0.06323219094,-0.05055641631
61.48386693,-0.05401208789,0.03843476075,0.06324621793,-0.05049683838
61.53076538,-0.05406753734,0.03844569128,0.06325256317,-0.05041804757
61.57766383,-0.05411577159,0.03844780889,0.06325112225,-0.05031967158
61.62456228,-0.05415683314,0.03844105963,0.06324179073,-0.05020133815
61.67146073,-0.05419076447,0.03842538954,0.06322446418,-0.05006267499
61.71835918,-0.05421760809,0.03840074468,0.06319903818,-0.04990330985
61.76525763,-0.05423740648,0.03836707109,0.06316540829,-0.04972287042
61.81215608,-0.05425020215,0.03832431481,0.06312347009,-0.04952098445
61.85905453,-0.05425603759,0.0382724219,0.06307311914,-0.04929727966
61.90595298,-0.0542549553,0.03821133839,0.06301425101,-0.04905138377
61.95285143,-0.05424699777,0.03814101033,0.06294676128,-0.04878292449
61.99974987,-0.05423220749,0.03806138377,0.06287054551,-0.04849152957
62.04664832,-0.05421062697,0.03797240476,0.06278549928,-0.04817682672
62.09354677,-0.05418229869,0.03787401934,0.06269151815,-0.04783844366
62.14044522,-0.05414726516,0.03776617355,0.06258849769,-0.04747600812
62.18734367,-0.05410556886,0.03764881345,0.06247633348,-0.04708914782
62.23424212,-0.0540572523,0.03752188508,0.06235492108,-0.04667749049
62.28114057,-0.05400235796,0.03738533448,0.06222415607,-0.04624066386
62.32803902,-0.05394092835,0.0372391077,0.06208393401,-0.04577829563
62.37493747,-0.05387300596,0.0370831508,0.06193415048,-0.04529001355
62.42183592,-0.05379863329,0.0369174098,0.06177470104,-0.04477544533
62.46873437,-0.05371785282,0.03674183077,0.06160548127,-0.04423421869
62.51563282,-0.05363105389,0.03655741053,0.0614272962,-0.04366869014
62.56253127,-0.05354279116,0.03637773147,0.06125187156,-0.04311398544
62.60942971,-0.05345450517,0.03620686773,0.0610827626,-0.04258072252
62.65632816,-0.05336625003,0.03604468431,0.06091988845,-0.04206861022
62.70322661,-0.05327807984,0.03589104618,0.06076316823,-0.0415773574
62.75012506,-0.0531900487,0.03574581833,0.06061252105,-0.04110667291
62.79702351,-0.05310221071,0.03560886574,0.06046786602,-0.04065626559
62.84392196,-0.05301461997,0.03548005338,0.06032912226,-0.0402258443
62.89082041,-0.05292733059,0.03535924624,0.0601962089,-0.03981511788
62.93771886,-0.05284039665,0.0352463093,0.06006904505,-0.03942379519
62.98461731,-0.05275387228,0.03514110753,0.05994754982,-0.03905158507
63.03151576,-0.05266781156,0.03504350593,0.05983164233,-0.03869819638
63.07841421,-0.05258226859,0.03495336946,0.05972124169,-0.03836333796
63.12531266,-0.05249729749,0.03487056311,0.05961626704,-0.03804671867
63.17221111,-0.05241295234,0.03479495187,0.05951663747,-0.03774804735
63.21910955,-0.05232928726,0.03472640071,0.05942227211,-0.03746703286
63.266008,-0.05224635634,0.03466477461,0.05933309008,-0.03720338403
63.31290645,-0.05216421368,0.03460993855,0.05924901049,-0.03695680974
63.3598049,-0.05208291338,0.03456175752,0.05916995246,-0.03672701881
63.40670335,-0.05200250955,0.0345200965,0.0590958351,-0.03651372011
63.4536018,-0.05192305629,0.03448482045,0.05902657754,-0.03631662248
63.50050025,-0.05184460769,0.03445579438,0.05896209888,-0.03613543477
63.5473987,-0.05176721787,0.03443288325,0.05890231826,-0.03596986584
63.59429715,-0.05169094091,0.03441595205,0.05884715477,-0.03581962453
63.6411956,-0.05161583092,0.03440486576,0.05879652754,-0.03568441969
63.68809405,-0.05154194201,0.03439948935,0.0587503557,-0.03556396017
63.7349925,-0.05146932827,0.03439968782,0.05870855834,-0.03545795482
63.78189095,-0.0513980438,0.03440532613,0.05867105459,-0.0353661125
63.82878939,-0.05132814271,0.03441626928,0.05863776357,-0.03528814205
63.87568784,-0.0512596791,0.03443238224,0.0586086044,-0.03522375231
63.92258629,-0.05119270706,0.03445352999,0.05858349618,-0.03517265215
63.96948474,-0.0511272807,0.03447957751,0.05856235805,-0.03513455041
64.01638319,-0.05106345412,0.03451038979,0.0585451091,-0.03510915594
64.06328164,-0.05100128143,0.0345458318,0.05853166847,-0.03509617759
64.11018009,-0.05094081671,0.03458576853,0.05852195526,-0.03509532421
64.15707854,-0.05088211408,0.03463006495,0.0585158886,-0.03510630465
64.20397699,-0.05082522764,0.03467858605,0.05851338761,-0.03512882776
64.25087544,-0.05077021148,0.0347311968,0.05851437139,-0.03516260238
64.29777389,-0.0507171197,0.0347877622,0.05851875906,-0.03520733738
64.34467234,-0.05066600641,0.03484814721,0.05852646975,-0.0352627416
64.39157079,-0.05061692572,0.03491221682,0.05853742256,-0.03532852388
64.43846923,-0.05056993171,0.03497983601,0.05855153662,-0.03540439309
64.48536768,-0.0505250785,0.03505086976,0.05856873104,-0.03549005806
64.53226613,-0.05048242017,0.03512518305,0.05858892495,-0.03558522765
64.57916458,-0.05044201084,0.03520264087,0.05861203744,-0.03568961071
64.62606303,-0.05040390461,0.03528310818,0.05863798765,-0.03580291608
64.67296148,-0.05036815557,0.03536644998,0.05866669469,-0.03592485262
64.71985993,-0.05033481783,0.03545253125,0.05869807768,-0.03605512918
64.76675838,-0.05030394548,0.03554121696,0.05873205573,-0.03619345461
64.81365683,-0.05027559264,0.03563237209,0.05876854796,-0.03633953776
64.86055528,-0.05024981339,0.03572586163,0.05880747348,-0.03649308747
64.90745373,-0.05022666185,0.03582155056,0.05884875142,-0.0366538126
64.95435218,-0.05020619211,0.03591930385,0.05889230089,-0.03682142199
65.00125063,-0.05018845827,0.03601898649,0.05893804101,-0.0369956245
65.04814907,-0.05017351444,0.03612046346,0.05898589089,-0.03717612898
65.09504752,-0.05016141472,0.03622359974,0.05903576965,-0.03736264427
65.14194597,-0.0501522132,0.03632826032,0.05908759641,-0.03755487922
65.18884442,-0.05014596399,0.03643431016,0.05914129029,-0.0377525427
65.23574287,-0.05014272119,0.03654161425,0.05919677039,-0.03795534353
65.28264132,-0.0501425389,0.03665003757,0.05925395584,-0.03816299059
65.32953977,-0.05014547122,0.03675944511,0.05931276576,-0.0383751927
65.37643822,-0.05015157225,0.03686970184,0.05937311926,-0.03859165873
65.42333667,-0.0501608961,0.03698067275,0.05943493546,-0.03881209753
65.47023512,-0.05017349687,0.03709222281,0.05949813347,-0.03903621794
65.51713357,-0.05018942865,0.03720421701,0.05956263242,-0.03926372881
65.56403202,-0.05020874554,0.03731652032,0.05962835142,-0.039494339
65.61093047,-0.05023150166,0.03742899773,0.05969520958,-0.03972775735
65.65782891,-0.05025775109,0.03754151421,0.05976312602,-0.03996369271
65.70472736,-0.05028754795,0.03765393476,0.05983201986,-0.04020185394
65.75162581,-0.05032094633,0.03776612434,0.05990181022,-0.04044194988
65.79852426,-0.05035800033,0.03787794795,0.05997241621,-0.04068368938
65.84542271,-0.05039876405,0.03798927055,0.06004375695,-0.0409267813
65.89232116,-0.0504432916,0.03809995714,0.06011575156,-0.04117093447
65.93921961,-0.05049163708,0.03820987268,0.06018831915,-0.04141585776
65.98611806,-0.05054385458,0.03831888217,0.06026137884,-0.04166126001
66.03301651,-0.05059999821,0.03842685059,0.06033484975,-0.04190685007
66.07991496,-0.05066012208,0.0385336429,0.06040865099,-0.0421523368
66.12681341,-0.05072428027,0.0386391241,0.06048270169,-0.04239742903
66.17371186,-0.05079252689,0.03874315917,0.06055692095,-0.04264183563
66.22061031,-0.05086491605,0.03884561308,0.06063122789,-0.04288526543
66.26750875,-0.05094150185,0.03894635082,0.06070554164,-0.0431274273
66.3144072,-0.05102233837,0.03904523737,0.0607797813,-0.04336803008
66.36130565,-0.05110747974,0.0391421377,0.060853866,-0.04360678261
66.4082041,-0.05119698004,0.03923691681,0.06092771485,-0.04384339376
66.45510255,-0.05129089338,0.03932943966,0.06100124697,-0.04407757237
66.502001,-0.05138927386,0.03941957124,0.06107438148,-0.04430902728
66.54889945,-0.05149217559,0.03950717653,0.06114703748,-0.04453746736
66.5957979,-0.05159965265,0.03959212052,0.06121913411,-0.04476260144
66.64269635,-0.05171175916,0.03967426817,0.06129059047,-0.04498413839
66.6895948,-0.05182854921,0.03975348448,0.06136132568,-0.04520178704
66.73649325,-0.05195007691,0.03982963442,0.06143125886,-0.04541525625
66.7833917,-0.05207639635,0.03990258298,0.06150030913,-0.04562425487
66.83029015,-0.05220756165,0.03997219513,0.0615683956,-0.04582849175
66.87718859,-0.05234362689,0.04003833586,0.06163543739,-0.04602767573
66.92408704,-0.05248464618,0.04010087014,0.06170135362,-0.04622151567
66.97098549,-0.05263067362,0.04015966296,0.0617660634,-0.04640972042
67.01788394,-0.05278176332,0.0402145793,0.06182948585,-0.04659199883
67.06478239,-0.05293796937,0.04026548413,0.06189154008,-0.04676805974
67.11168084,-0.05309934587,0.04031224245,0.06195214522,-0.04693761202
67.15857929,-0.05326594693,0.04035471922,0.06201122039,-0.04710036449
67.20547774,-0.05343782664,0.04039277944,0.06206868469,-0.04725602603
67.25237619,-0.05361503912,0.04042628807,0.06212445724,-0.04740430547
67.29927464,-0.05379763845,0.04045511011,0.06217845716,-0.04754491166
67.34617309,-0.05398567875,0.04047911053,0.06223060357,-0.04767755347
67.39307154,-0.0541792141,0.04049815431,0.06228081559,-0.04780193972
67.43996998,-0.05437829862,0.04051210644,0.06232901233,-0.04791777929
67.48686843,-0.0545829864,0.04052083189,0.0623751129,-0.04802478101
67.53376688,-0.05479333155,0.04052419564,0.06241903643,-0.04812265373
67.58066533,-0.05500938816,0.04052206268,0.06246070204,-0.04821110631
67.62756378,-0.05523121034,0.04051429799,0.06250002883,-0.04828984759
67.67446223,-0.05545885219,0.04050076655,0.06253693593,-0.04835858643
67.72136068,-0.0556923678,0.04048133333,0.06257134245,-0.04841703167
67.76825913,-0.05593181129,0.04045586332,0.0626031675,-0.04846489216
67.81515758,-0.05617723675,0.0404242215,0.06263233022,-0.04850187676
67.86205603,-0.05642869828,0.04038627285,0.0626587497,-0.04852769432
67.90895448,-0.05668624999,0.04034188235,0.06268234508,-0.04854205367
67.95585293,-0.05694994597,0.04029091499,0.06270303546,-0.04854466368
68.00275138,-0.05721984033,0.04023323573,0.06272073997,-0.04853523319
68.04964982,-0.05749598716,0.04016870957,0.06273537772,-0.04851347106
68.09654827,-0.05777844057,0.04009720148,0.06274686782,-0.04847908612
68.14344672,-0.05806725467,0.04001857644,0.06275512939,-0.04843178724
68.19034517,-0.05836248354,0.03993269944,0.06276008156,-0.04837128327
68.23724362,-0.05866418129,0.03983943546,0.06276164343,-0.04829728304
68.28414207,-0.05897240203,0.03973864947,0.06275973413,-0.04820949541
68.33104052,-0.05928719985,0.03963020645,0.06275427277,-0.04810762924
68.37793897,-0.05960862886,0.0395139714,0.06274517847,-0.04799139337
68.42483742,-0.05993674315,0.03938980928,0.06273237034,-0.04786049665
68.47173587,-0.06027159683,0.03925758508,0.0627157675,-0.04771464793
68.51863432,-0.060613244,0.03911716378,0.06269528907,-0.04755355606
68.56553277,-0.06096173876,0.03896841036,0.06267085417,-0.04737692989
68.61243122,-0.06131713521,0.03881118981,0.0626423819,-0.04718447827
68.65932966,-0.06167948746,0.03864536709,0.0626097914,-0.04697591005
68.70622811,-0.06204884959,0.0384708072,0.06257300177,-0.04675093408
68.75312656,-0.06242519795,0.03828742674,0.06253195446,-0.04650929983
68.80002501,-0.06278899075,0.0381081238,0.06249217772,-0.04626105893
68.84692346,-0.06312540405,0.03794274704,0.06245778836,-0.04601418644
68.89382191,-0.06343491987,0.03779100164,0.0624284968,-0.04576874947
68.94072036,-0.06371802026,0.03765259277,0.06240401345,-0.04552481514
68.98761881,-0.06397518723,0.03752722563,0.06238404874,-0.04528245053
69.03451726,-0.06420690283,0.03741460539,0.06236831309,-0.04504172276
69.08141571,-0.06441364908,0.03731443724,0.06235651691,-0.04480269894
69.12831416,-0.06459590801,0.03722642637,0.06234837064,-0.04456544616
69.17521261,-0.06475416166,0.03715027794,0.06234358469,-0.04433003154
69.22211106,-0.06488889206,0.03708569716,0.06234186948,-0.04409652218
69.2690095,-0.06500058125,0.0370323892,0.06234293543,-0.04386498518
69.31590795,-0.06508971124,0.03699005924,0.06234649297,-0.04363548766
69.3628064,-0.06515676408,0.03695841246,0.06235225251,-0.04340809671
69.40970485,-0.06520222179,0.03693715406,0.06235992448,-0.04318287944
69.4566033,-0.06522656642,0.03692598921,0.06236921929,-0.04295990297
69.50350175,-0.06523027998,0.0369246231,0.06237984737,-0.04273923438
69.5504002,-0.06521384451,0.0369327609,0.06239151914,-0.04252094079
69.59729865,-0.06517774205,0.03695010781,0.06240394502,-0.04230508931
69.6441971,-0.06512245462,0.036976369,0.06241683543,-0.04209174704
69.69109555,-0.06504846426,0.03701124966,0.06242990079,-0.04188098108
69.737994,-0.064956253,0.03705445497,0.06244285152,-0.04167285854
69.78489245,-0.06484630286,0.03710569011,0.06245539804,-0.04146744653
69.8317909,-0.06471909589,0.03716466027,0.06246725078,-0.04126481215
69.87868934,-0.06457511412,0.03723107064,0.06247812015,-0.04106502251
69.92558779,-0.06441483957,0.03730462638,0.06248771658,-0.04086814471
69.97248624,-0.06423875427,0.03738503269,0.06249575049,-0.04067424586
70.01938469,-0.06404734027,0.03747199475,0.06250193229,-0.04048339306
70.06628314,-0.06384107958,0.03756521774,0.06250597241,-0.04029565343
70.11318159,-0.06362045425,0.03766440685,0.06250758127,-0.04011109406
70.16008004,-0.0633859463,0.03776926726,0.06250646929,-0.03992978205
70.20697849,-0.06313803777,0.03787950415,0.06250234689,-0.03975178453
70.25387694,-0.06287721069,0.0379948227,0.06249492449,-0.03957716858
70.30077539,-0.06260394709,0.0381149281,0.06248391252,-0.03940600133
70.34767384,-0.062318729,0.03823952553,0.06246902139,-0.03923834986
70.39457229,-0.06202203845,0.03836832017,0.06244996152,-0.0390742813
70.44147074,-0.06171435748,0.03850101721,0.06242644334,-0.03891386273
70.48836918,-0.06139616811,0.03863732183,0.06239817726,-0.03875716128
70.53526763,-0.06106795238,0.03877693921,0.06236487372,-0.03860424404
70.58216608,-0.06073019233,0.03891957454,0.06232624312,-0.03845517812
70.62906453,-0.06038336997,0.03906493299,0.06228199589,-0.03831003063
70.67596298,-0.06002796735,0.03921271976,0.06223184245,-0.03816886867
70.72286143,-0.0596644665,0.03936264002,0.06217549322,-0.03803175935
70.76975988,-0.05929334944,0.03951439896,0.06211265862,-0.03789876976
70.81665833,-0.05891509821,0.03966770176,0.06204304908,-0.03776996703
70.86355678,-0.05853019484,0.03982225361,0.06196637501,-0.03764541825
70.91045523,-0.05813912137,0.03997775968,0.06188234683,-0.03752519053
70.95735368,-0.05774235982,0.04013392516,0.06179067497,-0.03740935097
71.00425213,-0.05734039222,0.04029045523,0.06169106985,-0.03729796668
71.05115058,-0.05693370062,0.04044705508,0.06158324188,-0.03719110477
71.09804902,-0.05652276703,0.04060342989,0.06146690149,-0.03708883234
71.14494747,-0.0561080735,0.04075928484,0.0613417591,-0.0369912165
71.19184592,-0.05569010205,0.04091432512,0.06120752513,-0.03689832435
71.23874437,-0.05526933471,0.0410682559,0.06106391,-0.03681022299
71.28564282,-0.05484625352,0.04122078238,0.06091062414,-0.03672697954
71.33254127,-0.05442134051,0.04137160972,0.06074737795,-0.0366486611
71.37943972,-0.05399507771,0.04152044313,0.06057388187,-0.03657533477
71.42633817,-0.05356794716,0.04166698778,0.06038984632,-0.03650706766
71.47323662,-0.05314043087,0.04181094884,0.06019498171,-0.03644392688
71.52013507,-0.0527130109,0.04195203152,0.05998899846,-0.03638597953
71.56703352,-0.05228616926,0.04208994098,0.059771607,-0.03633329271
71.61393197,-0.05186038799,0.04222438242,0.05954251776,-0.03628593354
71.66083042,-0.05143614912,0.04235506101,0.05930144114,-0.03624396911
71.70772886,-0.05101393468,0.04248168194,0.05904808757,-0.03620746654
71.75462731,-0.05059422671,0.04260395039,0.05878216747,-0.03617649292
71.80152576,-0.05017750724,0.04272157155,0.05850339126,-0.03615111537
71.84842421,-0.04976425829,0.04283425059,0.05821146937,-0.03613140099
71.89532266,-0.0493549619,0.0429416927,0.0579061122,-0.03611741688
71.94222111,-0.04895010011,0.04304360307,0.0575870302,-0.03610923016
71.98911956,-0.04855015494,0.04313968687,0.05725393377,-0.03610690792
72.03601801,-0.04815560842,0.0432296493,0.05690653333,-0.03611051727
72.08291646,-0.04776694259,0.04331319552,0.05654453931,-0.03612012532
72.12981491,-0.04738463948,0.04339003073,0.05616766214,-0.03613579917
72.17671336,-0.04700918112,0.04345986011,0.05577561221,-0.03615760593
72.22361181,-0.04664104955,0.04352238884,0.05536809997,-0.0361856127
72.27051026,-0.04628072678,0.04357732211,0.05494483583,-0.03621988659
72.3174087,-0.04592869487,0.04362436509,0.05450553022,-0.03626049471
72.36430715,-0.04558543583,0.04366322297,0.05404989354,-0.03630750416
72.4112056,-0.0452514317,0.04369360094,0.05357763623,-0.03636098204
72.45810405,-0.04492716451,0.04371520417,0.0530884687,-0.03642099547
72.5050025,-0.04461311629,0.04372773786,0.05258210138,-0.03648761154
72.55190095,-0.04430976908,0.04373090717,0.05205824468,-0.03656089736
72.5987994,-0.04401760491,0.04372441731,0.05151660904,-0.03664092004
72.64569785,-0.0437371058,0.04370797344,0.05095690485,-0.03672774669
72.6925963,-0.0434687538,0.04368128075,0.05037884256,-0.03682144441
72.73949475,-0.04321303093,0.04364404443,0.04978213258,-0.03692208029
72.7863932,-0.04297041922,0.04359596966,0.04916648533,-0.03702972146
72.83329165,-0.0427414007,0.04353676161,0.04853161123,-0.03714443502
72.8801901,-0.04252645741,0.04346612548,0.0478772207,-0.03726628806
72.92708854,-0.04232607139,0.04338376645,0.04720302417,-0.03739534771
72.97398699,-0.04214072465,0.0432893897,0.04650873205,-0.03753168105
73.02088544,-0.04197089923,0.04318270041,0.04579405477,-0.03767535521
73.06778389,-0.04181707717,0.04306340377,0.04505870274,-0.03782643727
73.11468234,-0.0416797405,0.04293120495,0.04430238639,-0.03798499436
73.16158079,-0.04155937124,0.04278580915,0.04352481614,-0.03815109356
73.20847924,-0.04145645144,0.04262692155,0.04272570241,-0.038324802
73.25537769,-0.04137146311,0.04245424732,0.04190475561,-0.03850618678
73.30227614,-0.0413048883,0.04226749165,0.04106168618,-0.03869531499
73.34917459,-0.04125720903,0.04206635973,0.04019620453,-0.03889225375
73.39607304,-0.04122890734,0.04185055673,0.03930802108,-0.03909707017
73.44297149,-0.04122046526,0.04161978785,0.03839684626,-0.03930983134
73.48986993,-0.04123236482,0.04137375826,0.03746239047,-0.03953060437
73.53676838,-0.04126508805,0.04111217314,0.03650436416,-0.03975945637
73.58366683,-0.04131911698,0.04083473769,0.03552247773,-0.03999645445
73.63056528,-0.04139493365,0.04054115708,0.03451644161,-0.04024166571
73.67746373,-0.04149302009,0.04023113649,0.03348596621,-0.04049515725
73.72436218,-0.04161385832,0.03990438111,0.03243076197,-0.04075699618
73.77126063,-0.04175793039,0.03956059612,0.03135053929,-0.04102724961
73.81815908,-0.04192571832,0.03919948671,0.03024500861,-0.04130598464
73.86505753,-0.04211770414,0.03882075805,0.02911388033,-0.04159326837
73.91195598,-0.04233436989,0.03842411534,0.02795686489,-0.04188916792
73.95885443,-0.0425761976,0.03800926375,0.02677367271,-0.04219375039
74.00575288,-0.0428436693,0.03757590846,0.02556401419,-0.04250708288
74.05265133,-0.04313726702,0.03712375467,0.02432759978,-0.0428292325
74.09954977,-0.04345747279,0.03665250755,0.02306413987,-0.04316026636
74.14644822,-0.04380476865,0.03616187228,0.02177334491,-0.04350025155
74.19334667,-0.04417963663,0.03565155405,0.0204549253,-0.04384925519
74.24024512,-0.04458255875,0.03512125805,0.01910859147,-0.04420734439
74.28714357,-0.04501401705,0.03457068945,0.01773405385,-0.04457458624
74.33404202,-0.04547449357,0.03399955344,0.01633102284,-0.04495104785
74.38094047,-0.04596447033,0.03340755519,0.01489920887,-0.04533679633
74.42783892,-0.04648442937,0.03279439991,0.01343832237,-0.04573189879
74.47473737,-0.04703485271,0.03215979276,0.01194807375,-0.04613642232
74.52163582,-0.04761622239,0.03150343893,0.01042817343,-0.04655043404
74.56853427,-0.04822902044,0.0308250436,0.008878331843,-0.04697400105
74.61543272,-0.0488737289,0.03012431196,0.007298259398,-0.04740719045
74.66233117,-0.04955082979,0.02940094918,0.005687666521,-0.04785006935
74.70922961,-0.05026080515,0.02865466046,0.004046263631,-0.04830270487
74.75612806,-0.051004137,0.02788515098,0.00237376115,-0.04876516409
74.80302651,-0.05178130739,0.02709212591,0.000669869499,-0.04923751413
74.84992496,-0.05259279833,0.02627529045,-0.001065700902,-0.0497198221
74.89682341,-0.05343909187,0.02543434976,-0.002833239631,-0.05021215509
74.94372186,-0.05432067004,0.02456900905,-0.004633036267,-0.05071458022
74.99062031,-0.05523801486,0.02367897349,-0.00646538039,-0.05122716459
75.03751876,-0.05616311275,0.0227889318,-0.008307438936,-0.05174212003
75.08441721,-0.05703775699,0.02194983538,-0.01011187171,-0.05224337113
75.13131566,-0.05786080221,0.02116243151,-0.01187763474,-0.05273060251
75.17821411,-0.05863288502,0.0204259025,-0.01360512998,-0.05320399047
75.22511256,-0.05935464205,0.01973943067,-0.01529475937,-0.05366371134
75.27201101,-0.06002670992,0.01910219833,-0.01694692486,-0.05410994141
75.31890945,-0.06064972526,0.0185133878,-0.0185620284,-0.05454285699
75.3658079,-0.06122432469,0.0179721814,-0.02014047193,-0.0549626344
75.41270635,-0.06175114484,0.01747776144,-0.02168265741,-0.05536944994
75.4596048,-0.06223082233,0.01702931024,-0.02318898677,-0.05576347992
75.50650325,-0.06266399379,0.01662601012,-0.02465986197,-0.05614490064
75.5534017,-0.06305129583,0.01626704339,-0.02609568494,-0.05651388842
75.60030015,-0.06339336509,0.01595159237,-0.02749685765,-0.05687061957
75.6471986,-0.06369083818,0.01567883937,-0.02886378203,-0.05721527039
75.69409705,-0.06394435173,0.01544796672,-0.03019686004,-0.05754801719
75.7409955,-0.06415454237,0.01525815673,-0.03149649361,-0.05786903628
75.78789395,-0.06432204672,0.01510859171,-0.0327630847,-0.05817850398
75.8347924,-0.0644475014,0.01499845398,-0.03399703525,-0.05847659657
75.88169085,-0.06453154303,0.01492692586,-0.03519874721,-0.05876349039
75.92858929,-0.06457480825,0.01489318967,-0.03636862253,-0.05903936172
75.97548774,-0.06457793367,0.01489642772,-0.03750706315,-0.05930438689
76.02238619,-0.06454155593,0.01493582232,-0.03861447102,-0.0595587422
76.06928464,-0.06446631163,0.0150105558,-0.03969124809,-0.05980260396
76.11618309,-0.06435283742,0.01511981047,-0.0407377963,-0.06003614847
76.16308154,-0.0642017699,0.01526276864,-0.0417545176,-0.06025955206
76.20997999,-0.06401374571,0.01543861264,-0.04274181394,-0.06047299101
76.25687844,-0.06378940148,0.01564652478,-0.04370008727,-0.06067664165
76.30377689,-0.06352937381,0.01588568738,-0.04462973953,-0.06087068028
76.35067534,-0.06323429935,0.01615528275,-0.04553117266,-0.06105528321
76.39757379,-0.0629048147,0.01645449321,-0.04640478862,-0.06123062675
76.44447224,-0.0625415565,0.01678250107,-0.04725098936,-0.0613968872
76.49137069,-0.06214516138,0.01713848866,-0.04807017681,-0.06155424088
76.53826913,-0.06171626594,0.01752163828,-0.04886275293,-0.06170286409
76.58516758,-0.06125550683,0.01793113226,-0.04962911966,-0.06184293315
76.63206603,-0.06076352066,0.01836615291,-0.05036967895,-0.06197462435
76.67896448,-0.06024094406,0.01882588256,-0.05108483275,-0.06209811401
76.72586293,-0.05968841364,0.0193095035,-0.051774983,-0.06221357844
76.77276138,-0.05910656604,0.01981619807,-0.05244053165,-0.06232119395
76.81965983,-0.05849603788,0.02034514857,-0.05308188065,-0.06242113684
76.86655828,-0.05785746579,0.02089553733,-0.05369943195,-0.06251358342
76.91345673,-0.05719148638,0.02146654666,-0.05429358748,-0.06259871
76.96035518,-0.05649873628,0.02205735887,-0.0548647492,-0.06267669289
77.00725363,-0.05577985212,0.02266715629,-0.05541331906,-0.0627477084
77.05415208,-0.05503547052,0.02329512123,-0.055939699,-0.06281193284
77.10105053,-0.0542662281,0.02394043601,-0.05644429097,-0.06286954251
77.14794897,-0.05347276149,0.02460228294,-0.05692749691,-0.06292071372
77.19484742,-0.05265570731,0.02527984433,-0.05738971877,-0.06296562278
77.24174587,-0.05181570219,0.02597230252,-0.05783135851,-0.063004446
77.28864432,-0.05095338274,0.02667883981,-0.05825281806,-0.06303735969
77.33554277,-0.05006938561,0.02739863851,-0.05865449937,-0.06306454016
77.38244122,-0.0491643474,0.02813088095,-0.0590368044,-0.06308616371
77.42933967,-0.04823890474,0.02887474945,-0.05940013508,-0.06310240666
77.47623812,-0.04729369426,0.02962942631,-0.05974489336,-0.06311344531
77.52313657,-0.04632935258,0.03039409385,-0.06007148119,-0.06311945597
77.57003502,-0.04534651632,0.0311679344,-0.06038030052,-0.06312061494
77.61693347,-0.04434582211,0.03195013027,-0.0606717533,-0.06311709854
77.66383192,-0.04332790658,0.03273986376,-0.06094624147,-0.06310908308
77.71073037,-0.04229340634,0.03353631721,-0.06120416697,-0.06309674487
77.75762881,-0.04124295803,0.03433867293,-0.06144593176,-0.0630802602
77.80452726,-0.04017719825,0.03514611323,-0.06167193778,-0.0630598054
77.85142571,-0.03909676365,0.03595782043,-0.06188258698,-0.06303555676
77.89832416,-0.03800229085,0.03677297685,-0.06207828131,-0.06300769061
77.94522261,-0.03689441645,0.0375907648,-0.06225942271,-0.06297638324
77.99212106,-0.03577377711,0.0384103666,-0.06242641312,-0.06294181096
78.03901951,-0.03464100942,0.03923096457,-0.06257965451,-0.06290415008
78.08591796,-0.03349675003,0.04005174102,-0.0627195488,-0.06286357692
78.13281641,-0.03234163555,0.04087187827,-0.06284649796,-0.06282026778
78.17971486,-0.03117630261,0.04169055863,-0.06296090392,-0.06277439897
78.22661331,-0.03000138783,0.04250696442,-0.06306316864,-0.06272614679
78.27351176,-0.02881752783,0.04332027797,-0.06315369406,-0.06267568755
78.32041021,-0.02762535925,0.04412968158,-0.06323288212,-0.06262319758
78.36730865,-0.0264255187,0.04493435757,-0.06330113478,-0.06256885316
78.4142071,-0.02521864281,0.04573348826,-0.06335885398,-0.06251283061
78.46110555,-0.0240053682,0.04652625596,-0.06340644167,-0.06245530624
78.508004,-0.0227863315,0.04731184299,-0.06344429979,-0.06239645636
78.55490245,-0.02156216933,0.04808943167,-0.0634728303,-0.06233645727
78.6018009,-0.02033351832,0.04885820432,-0.06349243513,-0.06227548529
78.64869935,-0.01910101508,0.04961734324,-0.06350351624,-0.06221371672
78.6955978,-0.01786529625,0.05036603076,-0.06350647557,-0.06215132787
78.74249625,-0.01662699844,0.0511034492,-0.06350171508,-0.06208849506
78.7893947,-0.01538675828,0.05182878086,-0.06348963669,-0.06202539457
78.83629315,-0.0141452124,0.05254120807,-0.06347064237,-0.06196220274
78.8831916,-0.01290299742,0.05323991314,-0.06344513407,-0.06189909586
78.93009005,-0.01166074997,0.0539240784,-0.06341351371,-0.06183625024
78.97698849,-0.01041910666,0.05459288614,-0.06337618326,-0.06177384219
79.02388694,-0.00917870412,0.0552455187,-0.06333354467,-0.06171204803
79.07078539,-0.007940178979,0.05588115839,-0.06328599987,-0.06165104405
79.11768384,-0.006704167857,0.05649898752,-0.06323395081,-0.06159100657
79.16458229,-0.00547130738,0.05709818842,-0.06317779945,-0.06153211189
79.21148074,-0.00424223417,0.05767794339,-0.06311794772,-0.06147453633
79.25837919,-0.003017584853,0.05823743476,-0.06305479758,-0.06141845618
79.30527764,-0.001797996052,0.05877584484,-0.06298875097,-0.06136404777
79.35217609,-0.000584104392,0.05929235594,-0.06292020984,-0.0613114874
79.39907454,0.0006234535038,0.05978615039,-0.06284957613,-0.06126095138
79.44597299,0.001824041011,0.0602564105,-0.0627772518,-0.06121261601
79.49287144,0.003017021505,0.06070231859,-0.06270363879,-0.0611666576
79.53976988,0.004201758363,0.06112305697,-0.06262913904,-0.06112325247
79.58666833,0.00537761496,0.06151780796,-0.06255415451,-0.06108257692
79.63356678,0.006543954671,0.06188575387,-0.06247908714,-0.06104480726
79.68046523,0.007700140874,0.06222607703,-0.06240433887,-0.06101011979
79.72736368,0.008845536943,0.06253795975,-0.06233031166,-0.06097869083
79.77426213,0.009979506255,0.06282058434,-0.06225740745,-0.06095069669
79.82116058,0.01110141219,0.06307313313,-0.06218602818,-0.06092631367
79.86805903,0.01221061811,0.06329478842,-0.06211657581,-0.06090571808
79.91495748,0.01330648741,0.06348473254,-0.06204945229,-0.06088908623
79.96185593,0.01438838345,0.0636421478,-0.06198505955,-0.06087659443
80.00875438,0.01545566961,0.06376621652,-0.06192379954,-0.06086841898
80.05565283,0.01650770927,0.06385612102,-0.06186607422,-0.0608647362
80.10255128,0.01754386581,0.0639110436,-0.06181228553,-0.0608657224
80.14944972,0.0185635026,0.06393016659,-0.06176283541,-0.06087155387
80.19634817,0.01956598301,0.06391267231,-0.06171812581,-0.06088240694
80.24324662,0.02055067042,0.06385774307,-0.06167855869,-0.06089845791
80.29014507,0.02151692821,0.06376456118,-0.06164453598,-0.06091988308
80.33704352,0.02246411976,0.06363230897,-0.06161645963,-0.06094685877
80.38394197,0.02339160843,0.06346016874,-0.0615947316,-0.06097956128
80.43084042,0.02429875761,0.06324732283,-0.06157975382,-0.06101816693
80.47773887,0.02518493067,0.06299295353,-0.06157192824,-0.06106285201
80.52463732,0.02604949099,0.06269624318,-0.06157165682,-0.06111379285
80.57153577,0.02689180194,0.06235637408,-0.0615793415,-0.06117116574
80.61843422,0.0277112269,0.06197252855,-0.06159538421,-0.061235147
80.66533267,0.02850712924,0.06154388892,-0.06162018692,-0.06130591294
80.71223112,0.02927887234,0.06106963748,-0.06165415157,-0.06138363985
80.75912956,0.03002581959,0.06054895657,-0.06169768011,-0.06146850406
80.80602801,0.03074733434,0.0599810285,-0.06175117447,-0.06156068187
80.85292646,0.03144277998,0.05936503558,-0.06181503662,-0.06166034959
80.89982491,0.03211151989,0.05870016013,-0.06188966849,-0.06176768352
80.94672336,0.03275291744,0.05798558447,-0.06197547203,-0.06188285998
80.99362181,0.033366336,0.05722049092,-0.06207284919,-0.06200605528
81.04052026,0.03395113895,0.05640406178,-0.06218220192,-0.06213744571
81.08741871,0.03450668968,0.05553547939,-0.06230393217,-0.0622772076
81.13431716,0.03503235154,0.05461392604,-0.06243844187,-0.06242551724
81.18121561,0.03552748793,0.05363858407,-0.06258613298,-0.06258255096
81.22811406,0.03599146221,0.05260863578,-0.06274740744,-0.06274848504
81.27501251,0.03642274164,0.05154034845,-0.06291878334,-0.06292033104
81.32191096,0.03681640512,0.0505227106,-0.0630801466,-0.06308162411
81.3688094,0.03717219771,0.04956759967,-0.06322876566,-0.06323017503
81.41570785,0.03749059082,0.04867379794,-0.06336487651,-0.06336621977
81.4626063,0.03777205584,0.04784008767,-0.06348871516,-0.06348999432
81.50950475,0.03801706414,0.04706525111,-0.06360051761,-0.06360173463
81.5564032,0.03822608713,0.04634807054,-0.06370051986,-0.06370167668
81.60330165,0.03839959619,0.04568732822,-0.0637889579,-0.06379005646
81.6502001,0.03853806271,0.04508180642,-0.06386606774,-0.06386710992
81.69709855,0.03864195809,0.04453028739,-0.06393208538,-0.06393307305
81.743997,0.03871175371,0.0440315534,-0.06398724682,-0.06398818182
81.79089545,0.03874792096,0.04358438672,-0.06403178805,-0.0640326722
81.8377939,0.03875093124,0.04318756961,-0.06406594509,-0.06406678017
81.88469235,0.03872125592,0.04283988433,-0.06408995392,-0.06409074169
81.9315908,0.03865936641,0.04254011315,-0.06410405055,-0.06410479275
81.97848924,0.03856573409,0.04228703833,-0.06410847097,-0.06410916931
82.02538769,0.03844083036,0.04207944213,-0.0641034512,-0.06410410735
82.07228614,0.0382851266,0.04191610683,-0.06408922722,-0.06408984285
82.11918459,0.0380990942,0.04179581468,-0.06406603504,-0.06406661177
82.16608304,0.03788320455,0.04171734795,-0.06403411066,-0.06403465009
82.21298149,0.03763792904,0.0416794889,-0.06399369007,-0.06399419378
82.25987994,0.03736373907,0.04168101979,-0.06394500929,-0.06394547882
82.30677839,0.03706110602,0.0417207229,-0.0638883043,-0.06388874118
82.35367684,0.03673050128,0.04179738048,-0.06382381111,-0.06382421684
82.40057529,0.03637239625,0.04190977479,-0.06375176571,-0.06375214176
82.44747374,0.0359872623,0.04205668811,-0.06367240412,-0.06367275192
82.49437219,0.03557557084,0.0422369027,-0.06358596232,-0.0635862833
82.54127064,0.03513779325,0.04244920082,-0.06349267632,-0.06349297186
82.58816908,0.03467440093,0.04269236473,-0.06339278212,-0.06339305359
82.63506753,0.03418586525,0.0429651767,-0.06328651572,-0.06328676445
82.68196598,0.03367265762,0.04326641899,-0.06317411311,-0.06317434042
82.72886443,0.03313524942,0.04359487386,-0.06305581031,-0.06305601747
82.77576288,0.03257411204,0.04394932359,-0.0629318433,-0.06293203158
82.82266133,0.03198971688,0.04432855044,-0.06280244809,-0.06280261871
82.86955978,0.03138253531,0.04473133666,-0.06266786067,-0.06266801485
82.91645823,0.03075303874,0.04515646452,-0.06252831706,-0.06252845597
82.96335668,0.03010169855,0.04560271629,-0.06238405324,-0.06238417803
83.01025513,0.02942898613,0.04606887423,-0.06223530522,-0.06223541702
83.05715358,0.02873537288,0.04655372061,-0.062082309,-0.0620824089
83.10405203,0.02802133017,0.04705603768,-0.06192530058,-0.06192538965
83.15095048,0.02728732941,0.04757460772,-0.06176451595,-0.06176459525
83.19784892,0.02653384198,0.04810821299,-0.06160019113,-0.06160026166
83.24474737,0.02576133928,0.04865563574,-0.0614325621,-0.06143262486
83.29164582,0.02497029268,0.04921565825,-0.06126186487,-0.06126192083
83.33854427,0.02416117359,0.04978706278,-0.06108833544,-0.06108838553
83.38544272,0.02333445338,0.0503686316,-0.0609122098,-0.06091225495
83.43234117,0.02249060346,0.05095914696,-0.06073372396,-0.06073376505
83.47923962,0.02163009522,0.05155739113,-0.06055311393,-0.06055315181
83.52613807,0.02075340003,0.05216214638,-0.06037061569,-0.0603706512
83.57303652,0.01986098929,0.05277219496,-0.06018646525,-0.06018649919
83.61993497,0.0189533344,0.05338631915,-0.0600008986,-0.06000093176
83.66683342,0.01803090674,0.05400330121,-0.05981415176,-0.05981418489
83.71373187,0.0170941777,0.0546219234,-0.05962646071,-0.05962649454
83.76063032,0.01614361867,0.05524096798,-0.05943806146,-0.05943809669
83.80752876,0.01517970105,0.05585921723,-0.05924919001,-0.05924922731
83.85442721,0.01420289621,0.0564754534,-0.05906008236,-0.05906012237
83.90132566,0.01321367556,0.05708845875,-0.05887097451,-0.05887101786
83.94822411,0.01221251048,0.05769701556,-0.05868210245,-0.05868214974
83.99512256,0.01119987236,0.05829990608,-0.05849370219,-0.05849375399
84.04202101,0.01017623259,0.05889591259,-0.05830600973,-0.05830606657
84.08891946,0.009142062562,0.05948381733,-0.05811926107,-0.05811932347
84.13581791,0.008097833667,0.06006240259,-0.05793369221,-0.05793376066
84.18271636,0.007044017293,0.06063045061,-0.05774953915,-0.05774961411
84.22961481,0.00598108483,0.06118674368,-0.05756703788,-0.05756711979
84.27651326,0.004909507669,0.06173006404,-0.05738642441,-0.05738651368
84.32341171,0.003829757199,0.06225919397,-0.05720793474,-0.05720803175
84.37031016,0.002742304811,0.06277291572,-0.05703180487,-0.05703190997
84.4172086,0.001647621894,0.06327001157,-0.0568582708,-0.05685838432
84.46410705,0.000546179838,0.06374926377,-0.05668756853,-0.05668769078
84.5110055,-0.0005615499665,0.0642094546,-0.05651993405,-0.05652006531
84.55790395,-0.00167509613,0.06464936631,-0.05635560338,-0.05635574388
84.6048024,-0.002793987262,0.06506778116,-0.0561948125,-0.05619496248
84.65170085,-0.003917751972,0.06546348143,-0.05603779742,-0.05603795708
84.6985993,-0.005045918872,0.06583524938,-0.05588479414,-0.05588496364
84.74549775,-0.00617801657,0.06618186727,-0.05573603865,-0.05573621815
84.7923962,-0.007313573677,0.06650211736,-0.05559176697,-0.05559195657
84.83929465,-0.008452118804,0.06679478192,-0.05545221508,-0.05545241488
84.8861931,-0.009593180559,0.06705864321,-0.05531761899,-0.05531782906
84.93309155,-0.01073628755,0.0672924835,-0.0551882147,-0.05518843507
84.97998999,-0.0118809684,0.06749508505,-0.05506423821,-0.05506446889
85.02688844,-0.0130267517,0.06766523013,-0.05494592552,-0.0549461665
85.07378689,-0.01417316607,0.067801701,-0.05483351263,-0.05483376386
85.12068534,-0.01531974012,0.06790327991,-0.05472723553,-0.05472749695
85.16758379,-0.01646600246,0.06796874915,-0.05462733024,-0.05462760175
85.21448224,-0.01761148169,0.06799689096,-0.05453403274,-0.05453431422
85.26138069,-0.01875570644,0.06798648763,-0.05444757904,-0.05444787035
85.30827914,-0.01989820531,0.0679363214,-0.05436820514,-0.0543685061
85.35517759,-0.0210385069,0.06784517454,-0.05429614704,-0.05429645745
85.40207604,-0.02217613984,0.06771182932,-0.05423164073,-0.05423196037
85.44897449,-0.02331063272,0.067535068,-0.05417492223,-0.05417525084
85.49587294,-0.02444151416,0.06731367285,-0.05412622752,-0.05412656482
85.54277139,-0.02556831278,0.06704642613,-0.05408579262,-0.0540861383
85.58966983,-0.02669055717,0.0667321101,-0.05405385351,-0.05405420724
85.63656828,-0.02780777595,0.06636950703,-0.0540306462,-0.05403100762
85.68346673,-0.02891949773,0.06595739918,-0.05401640669,-0.05401677541
85.73036518,-0.03002525112,0.06549456882,-0.05401137097,-0.05401174659
85.77726363,-0.03112456472,0.0649797982,-0.05401577506,-0.05401615713
85.82416208,-0.03221696716,0.0644118696,-0.05402985494,-0.054030243
85.87106053,-0.03330198704,0.06378956528,-0.05405384663,-0.05405424018
85.91795898,-0.03437915297,0.0631116675,-0.05408798611,-0.05408838464
85.96485743,-0.03544799355,0.06237695852,-0.05413250939,-0.05413291236
86.01175588,-0.03650803741,0.06158422062,-0.05418765247,-0.0541880593
86.05865433,-0.03755881314,0.06073223605,-0.05425365135,-0.05425406144
86.10555278,-0.03859984937,0.05981978707,-0.05433074203,-0.05433115475
86.15245123,-0.03963067469,0.05884565596,-0.0544191605,-0.05441957521
86.19934967,-0.04065081773,0.05780862498,-0.05451914278,-0.0545195588
86.24624812,-0.04165980708,0.05670747638,-0.05463092485,-0.05463134148
86.29314657,-0.04265717136,0.05554099244,-0.05475474273,-0.05475515922
86.34004502,-0.04364243918,0.05430795542,-0.0548908324,-0.05489124801
86.38694347,-0.04461513916,0.05300714758,-0.05503942987,-0.05503984382
86.43384192,-0.04557479989,0.05163735119,-0.05520077114,-0.05520118261
86.48074037,-0.04652094999,0.05019734851,-0.05537509221,-0.05537550036
86.52763882,-0.04745311807,0.0486859218,-0.05556262907,-0.05556303305
86.57453727,-0.04837083274,0.04710185333,-0.05576361774,-0.05576401665
86.62143572,-0.04927362261,0.04544392537,-0.0559782942,-0.05597868714
86.66833417,-0.05016101629,0.04371092017,-0.05620689447,-0.05620728048
86.71523262,-0.05103254239,0.04190162,-0.05644965453,-0.05645003264
86.76213107,-0.05188772952,0.04001480712,-0.05670681039,-0.05670717962
86.80902951,-0.05272610629,0.03804926381,-0.05697859805,-0.05697895736
86.85592796,-0.05354720131,0.03600377232,-0.05726525351,-0.05726560186
86.90282641,-0.05435054319,0.03387711491,-0.05756701277,-0.05756734909
86.94972486,-0.05513566054,0.03166807386,-0.05788411183,-0.05788443501
86.99662331,-0.05590208197,0.02937543142,-0.05821678669,-0.0582170956
87.04352176,-0.05664933609,0.02699796986,-0.05856527334,-0.05856556683
87.09042021,-0.05737695151,0.02453447144,-0.0589298078,-0.05893008468
87.13731866,-0.05808445684,0.02198371843,-0.05931062605,-0.05931088513
87.18421711,-0.05877138069,0.01934449309,-0.05970796411,-0.05970820414
87.23111556,-0.05943725167,0.01661557769,-0.06012205796,-0.06012227768
87.27801401,-0.06008159839,0.01379575449,-0.06055314361,-0.06055334174
87.32491246,-0.06070394946,0.01088380574,-0.06100145706,-0.06100163229
87.37181091,-0.06130383349,0.007878513732,-0.06146723431,-0.06146738529
87.41870935,-0.06188077909,0.00477866071,-0.06195071136,-0.06195083672
87.4656078,-0.06243431487,0.001583028944,-0.0624521242,-0.06245222257
87.51250625,-0.06296352,-0.001702570438,-0.06296974363,-0.06296981364
87.5594047,-0.06345938931,-0.004941828002,-0.06346543033,-0.06346547222
87.60630315,-0.06391893278,-0.008082720572,-0.06392479458,-0.06392480917
87.6532016,-0.06434264595,-0.01112637238,-0.06434833191,-0.06434832003
87.70010005,-0.06473102441,-0.01407390765,-0.06473653786,-0.06473650031
87.7469985,-0.06508456372,-0.01692645061,-0.06508990798,-0.06508984554
87.79389695,-0.06540375944,-0.0196851255,-0.06540893779,-0.06540885126
87.8407954,-0.06568910715,-0.02235105655,-0.06569412283,-0.06569401299
87.88769385,-0.06594110241,-0.02492536798,-0.06594595864,-0.06594582627
87.9345923,-0.0661602408,-0.02740918402,-0.06616494076,-0.0661647866
87.98149075,-0.06634701787,-0.02980362891,-0.06635156473,-0.06635138954
88.02838919,-0.0665019292,-0.03210982688,-0.06650632607,-0.0665061306
88.07528764,-0.06662547036,-0.03432890215,-0.06662972034,-0.06662950531
88.12218609,-0.06671813691,-0.03646197895,-0.06672224307,-0.0667220092
88.16908454,-0.06678042442,-0.03851018152,-0.06678438978,-0.06678413779
88.21598299,-0.06681282846,-0.04047463409,-0.06681665604,-0.06681638663
88.26288144,-0.0668158446,-0.04235646088,-0.06681953735,-0.06681925122
88.30977989,-0.0667899684,-0.04415678612,-0.06679352928,-0.06679322711
88.35667834,-0.06673569544,-0.04587673405,-0.06673912735,-0.06673880982
88.40357679,-0.06665352128,-0.04751742889,-0.0666568271,-0.06665649488
88.45047524,-0.06654394149,-0.04907999488,-0.06654712407,-0.06654677781
88.49737369,-0.06640745164,-0.05056555625,-0.06641051379,-0.06641015414
88.54427214,-0.0662445473,-0.05197523721,-0.06624749181,-0.06624711941
88.59117059,-0.06605572403,-0.05331016202,-0.06605855365,-0.06605816913
88.63806903,-0.06584147741,-0.05457145489,-0.06584419487,-0.06584379885
88.68496748,-0.06560230299,-0.05576024005,-0.06560491098,-0.06560450407
88.73186593,-0.06533869635,-0.05687764174,-0.06534119754,-0.06534078034
88.77876438,-0.06505115306,-0.05792478418,-0.06505355008,-0.06505312319
88.82566283,-0.06474016869,-0.05890279161,-0.06474246414,-0.06474202813
88.87256128,-0.06440623879,-0.05981278825,-0.06440843525,-0.0644079907
88.91945973,-0.06404985895,-0.06065589833,-0.06405195895,-0.06405150642
88.96635818,-0.06367152473,-0.0614332461,-0.06367353078,-0.06367307083
89.01325663,-0.06327173169,-0.06214595576,-0.06327364627,-0.06327317945
89.06015508,-0.06285097541,-0.06279515156,-0.06285280097,-0.06285232781
89.10705353,-0.06240975145,-0.06338195773,-0.06241149041,-0.06241101143
89.15395198,-0.06194855539,-0.06390749849,-0.06195021012,-0.06194972585
89.20085043,-0.06146788278,-0.06437289807,-0.06146945565,-0.0614689666
89.24774887,-0.0609682292,-0.06477928071,-0.06096972254,-0.06096922919
89.29464732,-0.06045009022,-0.06512777063,-0.06045150631,-0.06045100917
89.34154577,-0.0599139614,-0.06541949207,-0.05991530251,-0.05991480205
89.38844422,-0.05936033831,-0.06565556925,-0.05936160667,-0.05936110336
89.43534267,-0.05878971652,-0.06583712641,-0.05879091434,-0.05879040864
89.48224112,-0.0582025916,-0.06596528777,-0.05820372104,-0.05820321341
89.52913957,-0.05759945912,-0.06604117757,-0.05760052232,-0.0576000132
89.57603802,-0.05698081464,-0.06606592003,-0.05698181371,-0.05698130354
89.62293647,-0.05634715373,-0.06604063938,-0.05634809075,-0.05634757995
89.66983492,-0.05569897196,-0.06596645986,-0.05569984898,-0.05569933796
89.71673337,-0.05503676491,-0.0658445057,-0.05503758394,-0.0550370731
89.76363182,-0.05436102812,-0.06567590111,-0.05436179116,-0.05436128091
89.81053027,-0.05367225718,-0.06546177035,-0.05367296618,-0.0536724569
89.85742871,-0.05297094766,-0.06520323762,-0.05297160453,-0.0529710966
89.90432716,-0.05225759511,-0.06490142717,-0.05225820176,-0.05225769555
89.95122561,-0.05153269512,-0.06455746323,-0.0515332534,-0.05153274927
89.99812406,-0.05079674324,-0.06417247002,-0.05079725499,-0.05079675328
90.04502251,-0.05005023504,-0.06374757177,-0.05005070207,-0.05005020313
90.09192096,-0.0492936661,-0.06328389272,-0.04929409017,-0.04929359433
90.13881941,-0.04852753198,-0.0627825571,-0.04852791483,-0.04852742241
90.18571786,-0.04775232824,-0.06224468912,-0.04775267159,-0.0477521829
90.23261631,-0.04696855047,-0.06167141303,-0.04696885598,-0.04696837133
90.27951476,-0.04617669422,-0.06106385306,-0.04617696355,-0.04617648323
90.32641321,-0.04537725506,-0.06042313343,-0.04537748983,-0.04537701412
90.37331166,-0.04457072857,-0.05975037837,-0.04457093035,-0.04457045953
90.42021011,-0.0437576103,-0.05904671212,-0.04375778066,-0.04375731499
90.46710855,-0.04293839583,-0.05831325891,-0.04293853629,-0.04293807604
90.514007,-0.04211358073,-0.05755114295,-0.04211369278,-0.04211323819
90.56090545,-0.04128366056,-0.05676148849,-0.04128374567,-0.04128329697
90.6078039,-0.04044913089,-0.05594541976,-0.04044919049,-0.04044874792
90.65470235,-0.0396104873,-0.05510406098,-0.03961052278,-0.03961008655
90.7016008,-0.03876822534,-0.05423853638,-0.03876823808,-0.03876780841
90.74849925,-0.03792284058,-0.0533499702,-0.03792283193,-0.03792240901
90.7953977,-0.0370748286,-0.05243948666,-0.03707479986,-0.03707438388
90.84229615,-0.03622468497,-0.05150821,-0.03622463741,-0.03622422856
90.8891946,-0.03537290524,-0.05055726444,-0.03537284011,-0.03537243857
90.93609305,-0.03451998499,-0.04958777421,-0.03451990352,-0.03451950943
90.9829915,-0.03366641979,-0.04860086355,-0.03366632315,-0.03366593669
91.02988994,-0.0328127052,-0.04759765668,-0.03281259455,-0.03281221585
91.07678839,-0.0319593368,-0.04657927784,-0.03195921326,-0.03195884246
91.12368684,-0.03110681014,-0.04554685125,-0.03110667482,-0.03110631204
91.17058529,-0.0302556208,-0.04450150114,-0.03025547476,-0.03025512012
91.21748374,-0.02940626436,-0.04344435175,-0.02940610861,-0.02940576222
91.26438219,-0.02855923636,-0.0423765273,-0.02855907192,-0.02855873388
91.31128064,-0.02771503239,-0.04129915203,-0.02771486023,-0.02771453062
91.35817909,-0.02687414801,-0.04021335015,-0.02687396906,-0.02687364796
91.40507754,-0.02603707879,-0.03912024592,-0.02603689396,-0.02603658145
91.45197599,-0.02520432029,-0.03802096355,-0.02520413047,-0.0252038266
91.49887444,-0.02437636809,-0.03691662727,-0.02437617412,-0.02437587895
91.54577289,-0.02355371776,-0.03580836131,-0.02355352045,-0.02355323402
91.59267134,-0.02273686485,-0.03469728991,-0.022736665,-0.02273638734
91.63956978,-0.02192630495,-0.03358453729,-0.0219261033,-0.02192583443
91.68646823,-0.02112253361,-0.03247122769,-0.0211223309,-0.02112207084
91.73336668,-0.02032604641,-0.03135848533,-0.02032584332,-0.02032559207
91.78026513,-0.01953733891,-0.03024743445,-0.01953713611,-0.01953689367
91.82716358,-0.01875690668,-0.02913919926,-0.0187567048,-0.01875647116
91.87406203,-0.01798524529,-0.02803490402,-0.01798504493,-0.01798482006
91.92096048,-0.01722285032,-0.02693567293,-0.01722265204,-0.01722243592
91.96785893,-0.01647021731,-0.02584263024,-0.01647002167,-0.01646981424
92.01475738,-0.01572784185,-0.02475690017,-0.01572764935,-0.01572745057
92.06165583,-0.01499621951,-0.02367960696,-0.01499603062,-0.01499584042
92.10855428,-0.01427584584,-0.02261187483,-0.01427566102,-0.01427547934
92.15545273,-0.01356721642,-0.02155482801,-0.01356703608,-0.01356686284
92.20235118,-0.01287082682,-0.02050959074,-0.01287065135,-0.01287048645
92.24924962,-0.0121871726,-0.01947728724,-0.01218700235,-0.0121868457
92.29614807,-0.01151674934,-0.01845904175,-0.01151658463,-0.01151643613
92.34304652,-0.01086005259,-0.01745597849,-0.01085989372,-0.01085975325
92.38994497,-0.01021757794,-0.01646922169,-0.01021742517,-0.0102172926
92.43684342,-0.009589820939,-0.01549989558,-0.009589674501,-0.009589549698
92.48374187,-0.008977277165,-0.0145491244,-0.008977137261,-0.00897702008
92.53064032,-0.008380442184,-0.01361803238,-0.008380308983,-0.008380199271
92.57753877,-0.007799811563,-0.01270774373,-0.007799685206,-0.0077995828
92.62443722,-0.007235880872,-0.0118193827,-0.007235761466,-0.007235666194
92.67133567,-0.006689145678,-0.01095407352,-0.006689033302,-0.006688944982
92.71823412,-0.006160101549,-0.0101129404,-0.00615999625,-0.006159914691
92.76513257,-0.005649244054,-0.009297107594,-0.005649145847,-0.005649070849
92.81203102,-0.005157068759,-0.008507699318,-0.005156977631,-0.005156908984
92.85892946,-0.004684071235,-0.007745839805,-0.00468398714,-0.004683924625
92.90582791,-0.004230747047,-0.007012653286,-0.00423066991,-0.004230613299
92.95272636,-0.003797591766,-0.00630926399,-0.003797521478,-0.003797470534
92.99962481,-0.003385100958,-0.005636796147,-0.003385037383,-0.003384991858
93.04652326,-0.002993770192,-0.004996373988,-0.002993713161,-0.002993672799
93.09342171,-0.002624095035,-0.004389121743,-0.00262404435,-0.002624008885
93.14032016,-0.002276571057,-0.00381616364,-0.002276526487,-0.002276495645
93.18721861,-0.001951693824,-0.003278623912,-0.001951655109,-0.001951628606
93.23411706,-0.001649958906,-0.002777626786,-0.001649925753,-0.001649903295
93.28101551,-0.001371861869,-0.002314296494,-0.001371833958,-0.001371815242
93.32791396,-0.001117898283,-0.001889757265,-0.001117875259,-0.001117859974
93.37481241,-0.0008885637153,-0.001505133329,-0.0008885451952,-0.0008885330184
93.42171086,-0.0006843537339,-0.001161548917,-0.000684339303,-0.000684329904
93.4686093,-0.0005057639068,-0.0008601282574,-0.0005057531199,-0.0005057461585
93.51550775,-0.0003532898023,-0.0006019955814,-0.0003532821831,-0.00035327731
93.5624062,-0.0002274269883,-0.0003882751187,-0.00022742203,-0.0002274188863
93.60930465,-0.000128671033,-0.0002200910993,-0.0001286681978,-0.0001286664155
93.6562031,-5.751750452e-05,-9.8567753e-05,-5.75162239e-05,-5.751542555e-05
93.70310155,-1.446197081e-05,-2.482930991e-05,-1.446164552e-05,-1.446144438e-05
93.75,0,0,0,0
