time_ns,u_X1,u_Y1,u_X2,u_Y2
0,0,0,0,0
0.04585626146,-7.778148576e-06,-7.83519596e-06,-7.678477e-06,-5.750966282e-06
0.09171252293,-3.098232891e-05,-3.120766897e-05,-3.058589797e-05,-2.29185319e-05
0.1375687844,-6.941714289e-05,-6.991774674e-05,-6.853024788e-05,-5.137469703e-05
0.1834250459,-0.0001228871924,-0.0001237657569,-0.0001213195117,-9.099146183e-05
0.2292813073,-0.0001911970795,-0.0001925520273,-0.0001887616744,-0.0001416408265
0.2751375688,-0.0002741514058,-0.0002760768855,-0.0002706647208,-0.0002031947911
0.3209938302,-0.0003715547735,-0.0003741406592,-0.0003668366361,-0.0002755253559
0.3668500917,-0.0004832117843,-0.0004865436762,-0.0004770854051,-0.000358504521
0.4127063532,-0.0006089270402,-0.0006130862641,-0.0006012190128,-0.0004520042866
0.4585626146,-0.0007485051431,-0.0007535687506,-0.0007390454442,-0.0005558966528
0.5044188761,-0.0009017506949,-0.0009077914635,-0.0008903726842,-0.0006700536199
0.5502751376,-0.001068468297,-0.00107555473,-0.001055008718,-0.000794347188
0.596131399,-0.001248462553,-0.001256658879,-0.00123276153,-0.0009286493572
0.6419876605,-0.001441538063,-0.001450904237,-0.001423439106,-0.001072832128
0.687843922,-0.001647499429,-0.001658091132,-0.00162684943,-0.0012267675
0.7337001834,-0.001866151254,-0.001878019892,-0.001842800487,-0.001390327473
0.7795564449,-0.002097298139,-0.002110490844,-0.002071100263,-0.001563384049
0.8254127064,-0.002340744686,-0.002355304317,-0.002311556742,-0.001745809226
0.8712689678,-0.002596295497,-0.002612260638,-0.00256397791,-0.001937475006
0.9171252293,-0.002863755175,-0.002881160134,-0.002828171751,-0.002138253387
0.9629814907,-0.00314292832,-0.003161803133,-0.00310394625,-0.002348016372
1.008837752,-0.003433619535,-0.003453989964,-0.003391109392,-0.002566635959
1.054694014,-0.003735633422,-0.003757520953,-0.003689469163,-0.002793984148
1.100550275,-0.004048774583,-0.004072196428,-0.003998833547,-0.003029932941
1.146406537,-0.004372847619,-0.004397816718,-0.004319010528,-0.003274354337
1.192262798,-0.004707657132,-0.004734182149,-0.004649808093,-0.003527120336
1.23811906,-0.005053007725,-0.00508109305,-0.004991034226,-0.003788102938
1.283975321,-0.005408703999,-0.005438349748,-0.005342496911,-0.004057174144
1.329831582,-0.005774550556,-0.005805752571,-0.005704004135,-0.004334205954
1.375687844,-0.006150351999,-0.006183101847,-0.006075363882,-0.004619070368
1.421544105,-0.006535912928,-0.006570197903,-0.006456384136,-0.004911639386
1.467400367,-0.006931037946,-0.006966841066,-0.006846872883,-0.005211785008
1.513256628,-0.007335531655,-0.007372831666,-0.007246638108,-0.005519379234
1.55911289,-0.007749198657,-0.007787970028,-0.007655487796,-0.005834294066
1.604969151,-0.008171843553,-0.008212056482,-0.008073229931,-0.006156401502
1.650825413,-0.008603270945,-0.008644891355,-0.008499672499,-0.006485573542
1.696681674,-0.009043285436,-0.009086274974,-0.008934623485,-0.006821682188
1.742537936,-0.009491691628,-0.009536007667,-0.009377890873,-0.00716459944
1.788394197,-0.009948294121,-0.009993889762,-0.009829282649,-0.007514197296
1.834250459,-0.01041289752,-0.01045972159,-0.0102886068,-0.007870347758
1.88010672,-0.01088530642,-0.01093330347,-0.0107556713,-0.008232922826
1.925962981,-0.01136532543,-0.01141443574,-0.01123028415,-0.0086017945
1.971819243,-0.01185275915,-0.01190291871,-0.01171225333,-0.00897683478
2.017675504,-0.01234741219,-0.01239855273,-0.01220138681,-0.009357915666
2.063531766,-0.01284908913,-0.01290113812,-0.0126974926,-0.009744909159
2.109388027,-0.0133575946,-0.01341047521,-0.01320037867,-0.01013768726
2.155244289,-0.01387273318,-0.01392636431,-0.013709853,-0.01053612196
2.20110055,-0.01439430947,-0.01444860577,-0.01422572359,-0.01094008528
2.246956812,-0.01492212809,-0.01497699991,-0.01474779841,-0.0113494492
2.292813073,-0.01545599364,-0.01551134705,-0.01527588546,-0.01176408572
2.338669335,-0.01599571071,-0.01605144753,-0.01580979271,-0.01218386686
2.384525596,-0.0165410839,-0.01659710167,-0.01634932816,-0.0126086646
2.430381858,-0.01709191782,-0.0171481098,-0.01689429978,-0.01303835095
2.476238119,-0.01764801708,-0.01770427224,-0.01744451556,-0.01347279791
2.522094381,-0.01820918627,-0.01826538933,-0.0179997835,-0.01391187747
2.567950642,-0.01877522999,-0.0188312614,-0.01855991156,-0.01435546165
2.613806903,-0.01934595285,-0.01940168876,-0.01912470774,-0.01480342243
2.659663165,-0.01992115944,-0.01997647175,-0.01969398002,-0.01525563182
2.705519426,-0.02050065438,-0.0205554107,-0.02026753639,-0.01571196182
2.751375688,-0.02108424226,-0.02113830593,-0.02084518483,-0.01617228443
2.797231949,-0.02167172768,-0.02172495778,-0.02142673333,-0.01663647164
2.843088211,-0.02226291525,-0.02231516656,-0.02201198986,-0.01710439547
2.888944472,-0.02285760957,-0.02290873261,-0.02260076243,-0.0175759279
2.934800734,-0.02345561524,-0.02350545625,-0.02319285901,-0.01805094095
2.980656995,-0.02405673685,-0.02410513782,-0.02378808758,-0.0185293066
3.026513257,-0.02466077903,-0.02470757763,-0.02438625613,-0.01901089687
3.072369518,-0.02526754635,-0.02531257602,-0.02498717266,-0.01949558374
3.11822578,-0.02587684344,-0.02591993332,-0.02559064513,-0.01998323923
3.164082041,-0.02648847488,-0.02652944985,-0.02619648154,-0.02047373532
3.209938302,-0.02710224529,-0.02714092594,-0.02680448987,-0.02096694403
3.255794564,-0.02771795926,-0.02775416192,-0.0274144781,-0.02146273735
3.301650825,-0.02833542139,-0.02836895811,-0.02802625423,-0.02196098727
3.347507087,-0.02895443629,-0.02898511485,-0.02863962624,-0.02246156581
3.393363348,-0.02957480856,-0.02960243246,-0.0292544021,-0.02296434496
3.43921961,-0.0301963428,-0.03022071126,-0.02987038981,-0.02346919672
3.485075871,-0.03081884361,-0.0308397516,-0.03048739736,-0.02397599309
3.530932133,-0.0314421156,-0.03145935379,-0.03110523271,-0.02448460608
3.576788394,-0.03206596336,-0.03207931816,-0.03172370387,-0.02499490767
3.622644656,-0.0326901915,-0.03269944504,-0.03234261882,-0.02550676988
3.668500917,-0.03331460463,-0.03331953476,-0.03296178554,-0.0260200647
3.714357179,-0.03393900733,-0.03393938764,-0.03358101201,-0.02653466413
3.76021344,-0.03456320422,-0.03455880401,-0.03420010622,-0.02705044018
3.806069702,-0.03518699989,-0.03517758421,-0.03481887616,-0.02756726484
3.851925963,-0.03581019896,-0.03579552856,-0.03543712981,-0.02808501011
3.897782224,-0.03643260601,-0.03641243738,-0.03605467516,-0.02860354799
3.943638486,-0.03705402565,-0.037028111,-0.03667132018,-0.02912275049
3.989494747,-0.03767426249,-0.03764234976,-0.03728687288,-0.02964248959
4.035351009,-0.03829312112,-0.03825495397,-0.03790114122,-0.03016263732
4.08120727,-0.03891040615,-0.03886572397,-0.0385139332,-0.03068306565
4.127063532,-0.03952592218,-0.03947446009,-0.0391250568,-0.0312036466
4.172919793,-0.04013947381,-0.04008096264,-0.03973432,-0.03172425217
4.218776055,-0.04075086564,-0.04068503197,-0.04034153079,-0.03224475435
4.264632316,-0.04135990228,-0.0412864684,-0.04094649717,-0.03276502514
4.310488578,-0.04196638833,-0.04188507225,-0.0415490271,-0.03328493655
4.356344839,-0.04257012838,-0.04248064385,-0.04214892857,-0.03380436057
4.402201101,-0.04317092704,-0.04307298353,-0.04274600958,-0.0343231692
4.448057362,-0.04376858892,-0.04366189162,-0.0433400781,-0.03484123446
4.493913623,-0.04436291861,-0.04424716845,-0.04393094212,-0.03535842832
4.539769885,-0.04495372072,-0.04482861434,-0.04451840963,-0.0358746228
4.585626146,-0.04554079985,-0.04540602963,-0.04510228861,-0.0363896899
4.631482408,-0.04612396059,-0.04597921463,-0.04568238704,-0.03690350161
4.677338669,-0.04670300756,-0.04654796968,-0.04625851291,-0.03741592994
4.723194931,-0.04727774536,-0.0471120951,-0.04683047421,-0.03792684689
4.769051192,-0.04784797858,-0.04767139122,-0.04739807892,-0.03843612445
4.814907454,-0.04841351182,-0.04822565838,-0.04796113502,-0.03894363462
4.860763715,-0.0489741497,-0.04877469689,-0.0485194505,-0.03944924942
4.906619977,-0.04952969681,-0.04931830709,-0.04907283335,-0.03995284083
4.952476238,-0.05007995775,-0.0498562893,-0.04962109155,-0.04045428085
4.9983325,-0.05062473712,-0.05038844385,-0.05016403308,-0.0409534415
5.044188761,-0.05116383954,-0.05091457107,-0.05070146593,-0.04145019476
5.090045023,-0.05169706959,-0.05143447129,-0.05123319809,-0.04194441263
5.135901284,-0.05222423189,-0.05194794483,-0.05175903754,-0.04243596713
5.181757545,-0.05274513102,-0.05245479202,-0.05227879226,-0.04292473024
5.227613807,-0.05325957161,-0.05295481319,-0.05279227024,-0.04341057397
5.273470068,-0.05376735824,-0.05344780867,-0.05329927946,-0.04389337032
5.31932633,-0.05426829551,-0.05393357878,-0.05379962792,-0.04437299129
5.365182591,-0.05476218804,-0.05441192385,-0.05429312359,-0.04484930887
5.411038853,-0.05524884042,-0.05488264421,-0.05477957446,-0.04532219507
5.456895114,-0.05572805726,-0.0553455402,-0.05525878851,-0.04579152189
5.502751376,-0.05619964315,-0.05580041212,-0.05573057373,-0.04625716133
5.548607637,-0.0566634027,-0.05624706032,-0.05619473811,-0.04671898539
5.594463899,-0.05711914051,-0.05668528512,-0.05665108963,-0.04717686607
5.64032016,-0.05756666119,-0.05711488685,-0.05709943627,-0.04763067537
5.686176422,-0.05800576932,-0.05753566584,-0.05753958602,-0.04808028528
5.732032683,-0.05843626953,-0.0579474224,-0.05797134686,-0.04852556782
5.777888944,-0.0588579664,-0.05834995688,-0.05839452679,-0.04896639498
5.823745206,-0.05927066454,-0.0587430696,-0.05880893378,-0.04940263875
5.869601467,-0.05967416855,-0.05912656089,-0.05921437581,-0.04983417115
5.915457729,-0.06006828303,-0.05950023107,-0.05961066088,-0.05026086416
5.96131399,-0.0604528126,-0.05986388047,-0.05999759697,-0.0506825898
6.007170252,-0.06082756183,-0.06021730943,-0.06037499207,-0.05109922006
6.053026513,-0.06119233535,-0.06056031826,-0.06074265415,-0.05151062693
6.098882775,-0.06154693775,-0.06089270729,-0.06110039121,-0.05191668243
6.144739036,-0.06189117363,-0.06121427686,-0.06144801122,-0.05231725855
6.190595298,-0.0622248476,-0.06152482729,-0.06178532218,-0.05271222729
6.236451559,-0.06254776425,-0.06182415891,-0.06211213207,-0.05310146065
6.282307821,-0.06285972819,-0.06211207204,-0.06242824887,-0.05348483064
6.328164082,-0.06316054402,-0.06238836702,-0.06273348057,-0.05386220924
6.374020344,-0.06345001635,-0.06265284417,-0.06302763515,-0.05423346847
6.419876605,-0.06372794977,-0.06290530382,-0.06331052061,-0.05459848032
6.465732866,-0.06399414889,-0.0631455463,-0.06358194491,-0.05495711679
6.511589128,-0.0642484183,-0.06337337193,-0.06384171606,-0.05530924988
6.557445389,-0.06449056261,-0.06358858104,-0.06408964203,-0.0556547516
6.603301651,-0.06472038643,-0.06379097396,-0.0643255308,-0.05599349393
6.649157912,-0.06493769435,-0.06398035103,-0.06454919037,-0.05632534889
6.695014174,-0.06514229098,-0.06415651255,-0.06476042872,-0.05665018848
6.740870435,-0.06533398091,-0.06431925887,-0.06495905384,-0.05696788469
6.786726697,-0.06551256875,-0.06446839031,-0.0651448737,-0.05727830952
6.832582958,-0.06567785911,-0.0646037072,-0.06531769629,-0.05758133497
6.87843922,-0.06582965658,-0.06472500987,-0.0654773296,-0.05787683305
6.924295481,-0.06596776576,-0.06483209863,-0.06562358162,-0.05816467575
6.970151743,-0.06609199126,-0.06492477383,-0.06575626032,-0.05844473507
7.016008004,-0.06620213768,-0.06500283579,-0.0658751737,-0.05871688302
7.061864265,-0.06629800963,-0.06506608484,-0.06598012973,-0.0589809916
7.107720527,-0.06637941169,-0.0651143213,-0.06607093641,-0.0592369328
7.153576788,-0.06644614848,-0.06514734551,-0.06614740171,-0.05948457862
7.19943305,-0.0664980246,-0.06516495778,-0.06620933363,-0.05972380107
7.245289311,-0.06653484464,-0.06516695845,-0.06625654015,-0.05995447214
7.291145573,-0.06655641322,-0.06515314785,-0.06628882925,-0.06017646384
7.337001834,-0.06656253493,-0.0651233263,-0.06630600892,-0.06038964816
7.382858096,-0.06655301437,-0.06507729413,-0.06630788714,-0.06059389711
7.428714357,-0.06652765615,-0.06501485167,-0.06629427189,-0.06078908268
7.474570619,-0.06648626487,-0.06493579925,-0.06626497117,-0.06097507688
7.52042688,-0.06642864512,-0.06483993719,-0.06621979296,-0.06115175171
7.566283142,-0.06635460152,-0.06472706582,-0.06615854524,-0.06131897916
7.612139403,-0.06626393867,-0.06459698547,-0.066081036,-0.06147663124
7.657995664,-0.06615646116,-0.06444949647,-0.06598707322,-0.06162457994
7.703851926,-0.06603197359,-0.06428439914,-0.06587646489,-0.06176269727
7.749708187,-0.06589028058,-0.06410149382,-0.06574901899,-0.06189085523
7.795564449,-0.06573118672,-0.06390058083,-0.06560454351,-0.06200892581
7.84142071,-0.06555449661,-0.06368146049,-0.06544284643,-0.06211678103
7.887276972,-0.06536001486,-0.06344393314,-0.06526373574,-0.06221429286
7.933133233,-0.06514754606,-0.0631877991,-0.06506701942,-0.06230133333
7.978989495,-0.06491689482,-0.0629128587,-0.06485250546,-0.06237777442
8.024845756,-0.06466786575,-0.06261891228,-0.06462000184,-0.06244348815
8.070702018,-0.06440026344,-0.06230576015,-0.06436931655,-0.0624983465
8.116558279,-0.06411389249,-0.06197320264,-0.06410025757,-0.06254222147
8.162414541,-0.06380855751,-0.06162104008,-0.06381263288,-0.06257498508
8.208270802,-0.06348406309,-0.06124907281,-0.06350625048,-0.06259650931
8.254127064,-0.06314021385,-0.06085710114,-0.06318091835,-0.06260666618
8.299983325,-0.06277681438,-0.0604449254,-0.06283644447,-0.06260532767
8.345839586,-0.0623949756,-0.06001374872,-0.06247371052,-0.06259281081
8.391695848,-0.06201902498,-0.05958970317,-0.06211271406,-0.0625773784
8.437552109,-0.06165803346,-0.0591825327,-0.06176099239,-0.0625621828
8.483408371,-0.06131178042,-0.05879200279,-0.06141845673,-0.06254722293
8.529264632,-0.06098004525,-0.05841787894,-0.0610850183,-0.06253249773
8.575120894,-0.06066260733,-0.05805992665,-0.06076058832,-0.06251800612
8.620977155,-0.06035924602,-0.05771791141,-0.060445078,-0.06250374705
8.666833417,-0.06006974072,-0.05739159873,-0.06013839856,-0.06248971945
8.712689678,-0.05979387081,-0.05708075408,-0.05984046123,-0.06247592225
8.75854594,-0.05953141566,-0.05678514298,-0.05955117721,-0.06246235439
8.804402201,-0.05928215465,-0.05650453092,-0.05927045773,-0.06244901479
8.850258463,-0.05904586717,-0.0562386834,-0.058998214,-0.0624359024
8.896114724,-0.05882233259,-0.0559873659,-0.05873435725,-0.06242301614
8.941970985,-0.0586113303,-0.05575034393,-0.05847879868,-0.06241035495
8.987827247,-0.05841263966,-0.05552738299,-0.05823144952,-0.06239791776
9.033683508,-0.05822604008,-0.05531824856,-0.05799222098,-0.06238570351
9.07953977,-0.05805131091,-0.05512270615,-0.05776102429,-0.06237371113
9.125396031,-0.05788823155,-0.05494052126,-0.05753777065,-0.06236193955
9.171252293,-0.05773658137,-0.05477145937,-0.05732237129,-0.06235038771
9.217108554,-0.05759613976,-0.05461528599,-0.05711473743,-0.06233905453
9.262964816,-0.05746668609,-0.0544717666,-0.05691478027,-0.06232793897
9.308821077,-0.05734799974,-0.05434066672,-0.05672241105,-0.06231703993
9.354677339,-0.0572398601,-0.05422175183,-0.05653754098,-0.06230635637
9.4005336,-0.05714204654,-0.05411478743,-0.05636008127,-0.06229588722
9.446389862,-0.05705433844,-0.05401953901,-0.05618994315,-0.0622856314
9.492246123,-0.05697651518,-0.05393577208,-0.05602703783,-0.06227558785
9.538102385,-0.05690835615,-0.05386325213,-0.05587127652,-0.06226575551
9.583958646,-0.05684964072,-0.05380174465,-0.05572257046,-0.0622561333
9.629814907,-0.05680014828,-0.05375101514,-0.05558083084,-0.06224672017
9.675671169,-0.05675965819,-0.0537108291,-0.0554459689,-0.06223751504
9.72152743,-0.05672794985,-0.05368095203,-0.05531789585,-0.06222851685
9.767383692,-0.05670480264,-0.05366114941,-0.0551965229,-0.06221972454
9.813239953,-0.05668999592,-0.05365118675,-0.05508176128,-0.06221113703
9.859096215,-0.05668330909,-0.05365082954,-0.05497352221,-0.06220275326
9.904952476,-0.05668452152,-0.05365984328,-0.05487171689,-0.06219457216
9.950808738,-0.05669341259,-0.05367799347,-0.05477625655,-0.06218659267
9.996664999,-0.05670976169,-0.0537050456,-0.05468705241,-0.06217881372
10.04252126,-0.05673334818,-0.05374076517,-0.05460401568,-0.06217123424
10.08837752,-0.05676395146,-0.05378491767,-0.05452705758,-0.06216385317
10.13423378,-0.05680135091,-0.0538372686,-0.05445608933,-0.06215666944
10.18009005,-0.05684532589,-0.05389758345,-0.05439102215,-0.06214968198
10.22594631,-0.0568956558,-0.05396562773,-0.05433176725,-0.06214288973
10.27180257,-0.05695212,-0.05404116693,-0.05427823585,-0.06213629163
10.31765883,-0.05701449789,-0.05412396655,-0.05423033918,-0.06212988659
10.36351509,-0.05708256885,-0.05421379207,-0.05418798844,-0.06212367357
10.40937135,-0.05715611224,-0.05431040901,-0.05415109485,-0.06211765149
10.45522761,-0.05723490746,-0.05441358284,-0.05411956964,-0.06211181928
10.50108388,-0.05731873387,-0.05452307908,-0.05409332402,-0.06210617588
10.54694014,-0.05740737087,-0.05463866321,-0.05407226921,-0.06210072022
10.5927964,-0.05750059784,-0.05476010074,-0.05405631642,-0.06209545124
10.63865266,-0.05759819414,-0.05488715716,-0.05404537687,-0.06209036787
10.68450892,-0.05769993916,-0.05501959796,-0.05403936179,-0.06208546904
10.73036518,-0.05780561229,-0.05515718864,-0.05403818239,-0.06208075369
10.77622144,-0.0579149929,-0.05529969471,-0.05404174988,-0.06207622075
10.82207771,-0.05802786037,-0.05544688164,-0.05404997549,-0.06207186915
10.86793397,-0.05814399408,-0.05559851495,-0.05406277043,-0.06206769783
10.91379023,-0.05826317341,-0.05575436012,-0.05408004592,-0.06206370572
10.95964649,-0.05838517774,-0.05591418266,-0.05410171317,-0.06205989175
11.00550275,-0.05850978645,-0.05607774805,-0.05412768341,-0.06205625486
11.05135901,-0.05863677893,-0.0562448218,-0.05415786786,-0.06205279399
11.09721527,-0.05876593454,-0.05641516941,-0.05419217772,-0.06204950805
11.14307154,-0.05889703268,-0.05658855636,-0.05423052422,-0.062046396
11.1889278,-0.05902985272,-0.05676474815,-0.05427281858,-0.06204345675
11.23478406,-0.05916417404,-0.05694351029,-0.05431897201,-0.06204068925
11.28064032,-0.05929977602,-0.05712460826,-0.05436889574,-0.06203809243
11.32649658,-0.05943643804,-0.05730780757,-0.05442250097,-0.06203566523
11.37235284,-0.05957393948,-0.0574928737,-0.05447969893,-0.06203340656
11.4182091,-0.05971205972,-0.05767957216,-0.05454040083,-0.06203131538
11.46406537,-0.05985057814,-0.05786766845,-0.0546045179,-0.06202939061
11.50992163,-0.05998927412,-0.05805692805,-0.05467196134,-0.06202763119
11.55577789,-0.06012792705,-0.05824711647,-0.05474264239,-0.06202603604
11.60163415,-0.06026631629,-0.05843799919,-0.05481647224,-0.06202460411
11.64749041,-0.06040422123,-0.05862934173,-0.05489336213,-0.06202333433
11.69334667,-0.06054142126,-0.05882090956,-0.05497322328,-0.06202222563
11.73920293,-0.06067769574,-0.0590124682,-0.05505596689,-0.06202127694
11.7850592,-0.06081282406,-0.05920378313,-0.05514150418,-0.06202048719
11.83091546,-0.06094658561,-0.05939461986,-0.05522974638,-0.06201985533
11.87677172,-0.06107875975,-0.05958474387,-0.0553206047,-0.06201938029
11.92262798,-0.06120912588,-0.05977392067,-0.05541399036,-0.06201906099
11.96848424,-0.06133746336,-0.05996191575,-0.05550981458,-0.06201889637
12.0143405,-0.06146355159,-0.0601484946,-0.05560798857,-0.06201888537
12.06019677,-0.06158716993,-0.06033342273,-0.05570842355,-0.06201902692
12.10605303,-0.06170809777,-0.06051646563,-0.05581103074,-0.06201931995
12.15190929,-0.0618261145,-0.0606973888,-0.05591572136,-0.06201976339
12.19776555,-0.06194099948,-0.06087595772,-0.05602240663,-0.06202035618
12.24362181,-0.0620525321,-0.06105193791,-0.05613099775,-0.06202109726
12.28947807,-0.06216049175,-0.06122509485,-0.05624140596,-0.06202198555
12.33533433,-0.06226465779,-0.06139519404,-0.05635354247,-0.06202302
12.3811906,-0.06236480961,-0.06156200098,-0.05646731849,-0.06202419952
12.42704686,-0.06246072659,-0.06172528116,-0.05658264525,-0.06202552306
12.47290312,-0.06255218811,-0.06188480009,-0.05669943396,-0.06202698956
12.51875938,-0.06263897355,-0.06204032325,-0.05681759584,-0.06202859793
12.56461564,-0.06272086229,-0.06219161614,-0.0569370421,-0.06203034713
12.6104719,-0.06279763371,-0.06233844426,-0.05705768397,-0.06203223607
12.65632816,-0.06286906718,-0.0624805731,-0.05717943266,-0.0620342637
12.70218443,-0.0629349421,-0.06261776817,-0.05730219939,-0.06203642895
12.74804069,-0.06299503783,-0.06274979495,-0.05742589538,-0.06203873075
12.79389695,-0.06304913377,-0.06287641895,-0.05755043184,-0.06204116803
12.83975321,-0.06309700928,-0.06299740566,-0.05767572,-0.06204373974
12.88560947,-0.06313844375,-0.06311252057,-0.05780167106,-0.06204644479
12.93146573,-0.06317321656,-0.06322152918,-0.05792819626,-0.06204928213
12.97732199,-0.06320110709,-0.063324197,-0.0580552068,-0.06205225069
13.02317826,-0.06322189471,-0.06342028951,-0.05818261391,-0.0620553494
13.06903452,-0.06323535882,-0.06350957221,-0.05831032879,-0.0620585772
13.11489078,-0.06324127878,-0.0635918106,-0.05843826268,-0.06206193302
13.16074704,-0.06323943398,-0.06366677017,-0.05856632678,-0.06206541579
13.2066033,-0.06322960381,-0.06373421643,-0.05869443232,-0.06206902444
13.25245956,-0.06321156762,-0.06379391485,-0.05882249051,-0.06207275792
13.29831582,-0.06318510482,-0.06384563096,-0.05895041257,-0.06207661515
13.34417209,-0.06314999478,-0.06388913023,-0.05907810972,-0.06208059507
13.39002835,-0.06310601687,-0.06392417816,-0.05920549317,-0.06208469661
13.43588461,-0.06305295048,-0.06395054026,-0.05933247414,-0.06208891871
13.48174087,-0.06299057499,-0.06396798202,-0.05945896386,-0.06209326029
13.52759713,-0.06291866978,-0.06397626893,-0.05958487353,-0.06209772029
13.57345339,-0.06283701423,-0.06397516649,-0.05971011438,-0.06210229765
13.61930965,-0.06274538771,-0.06396444019,-0.05983459763,-0.0621069913
13.66516592,-0.06264356961,-0.06394385554,-0.05995823449,-0.06211180016
13.71102218,-0.06253133931,-0.06391317803,-0.06008093617,-0.06211672319
13.75687844,-0.06240847619,-0.06387217315,-0.0602026139,-0.0621217593
13.8027347,-0.06227475962,-0.06382060641,-0.0603231789,-0.06212690744
13.84859096,-0.06212996899,-0.06375824329,-0.06044254238,-0.06213216653
13.89444722,-0.06197388368,-0.0636848493,-0.06056061556,-0.06213753551
13.94030349,-0.06180628307,-0.06360018993,-0.06067730965,-0.06214301331
13.98615975,-0.06162694653,-0.06350403067,-0.06079253589,-0.06214859887
14.03201601,-0.06143565346,-0.06339613703,-0.06090620547,-0.06215429112
14.07787227,-0.06123218321,-0.0632762745,-0.06101822963,-0.062160089
14.12372853,-0.06101631519,-0.06314420857,-0.06112851957,-0.06216599143
14.16958479,-0.06078782876,-0.06299970474,-0.06123698652,-0.06217199735
14.21544105,-0.06054650331,-0.06284252852,-0.0613435417,-0.0621781057
14.26129732,-0.06029211822,-0.06267244538,-0.06144809631,-0.0621843154
14.30715358,-0.06002445287,-0.06248922084,-0.06155056159,-0.0621906254
14.35300984,-0.05974328663,-0.06229262038,-0.06165084874,-0.06219703462
14.3988661,-0.05944839888,-0.06208240951,-0.06174886899,-0.062203542
14.44472236,-0.05913956902,-0.06185835372,-0.06184453355,-0.06221014647
14.49057862,-0.05881657641,-0.0616202185,-0.06193775364,-0.06221684697
14.53643488,-0.05847920044,-0.06136776935,-0.06202844048,-0.06222364242
14.58229115,-0.05812722048,-0.06110077177,-0.06211650528,-0.06223053177
14.62814741,-0.05776041593,-0.06081899126,-0.06220185926,-0.06223751394
14.67400367,-0.05737856614,-0.06052219331,-0.06228441365,-0.06224458788
14.71985993,-0.05698145052,-0.06021014341,-0.06236407966,-0.0622517525
14.76571619,-0.05656884843,-0.05988260707,-0.0624407685,-0.06225900676
14.81157245,-0.05614053926,-0.05953934978,-0.06251439139,-0.06226634957
14.85742871,-0.05569630238,-0.05918013703,-0.06258485956,-0.06227377987
14.90328498,-0.05523591718,-0.05880473433,-0.06265208422,-0.06228129661
14.94914124,-0.05475916304,-0.05841290716,-0.06271597658,-0.0622888987
14.9949975,-0.05426581933,-0.05800442103,-0.06277644787,-0.06229658509
15.04085376,-0.05375566544,-0.05757904143,-0.0628334093,-0.06230435471
15.08671002,-0.05322848074,-0.05713653385,-0.06288677209,-0.06231220648
15.13256628,-0.05268404462,-0.0566766638,-0.06293644746,-0.06232013936
15.17842254,-0.05212213646,-0.05619919677,-0.06298234662,-0.06232815226
15.22427881,-0.05154253563,-0.05570389825,-0.0630243808,-0.06233624412
15.27013507,-0.05094502152,-0.05519053375,-0.06306246121,-0.06234441387
15.31599133,-0.0503293735,-0.05465886876,-0.06309649907,-0.06235266046
15.36184759,-0.04969537096,-0.05410866877,-0.06312640559,-0.06236098281
15.40770385,-0.04904279327,-0.05353969928,-0.063152092,-0.06236937985
15.45356011,-0.04837141982,-0.05295172579,-0.06317346951,-0.06237785053
15.49941637,-0.04768102999,-0.05234451379,-0.06319044933,-0.06238639376
15.54527264,-0.04697140315,-0.05171782878,-0.0632029427,-0.0623950085
15.5911289,-0.04624231869,-0.05107143626,-0.06321086082,-0.06240369366
15.63698516,-0.04549355598,-0.05040510172,-0.06321411491,-0.06241244819
15.68284142,-0.04472489441,-0.04971859066,-0.0632126162,-0.06242127101
15.72869768,-0.04393611335,-0.04901166857,-0.06320627589,-0.06243016106
15.77455394,-0.04312699218,-0.04828410096,-0.0631950052,-0.06243911728
15.82041021,-0.0422973103,-0.04753565331,-0.06317871536,-0.0624481386
15.86626647,-0.04144684706,-0.04676609113,-0.06315731758,-0.06245722394
15.91212273,-0.04057538187,-0.0459751799,-0.06313072308,-0.06246637226
15.95797899,-0.03968269408,-0.04516268513,-0.06309884308,-0.06247558246
16.00383525,-0.0387685631,-0.04432837232,-0.06306158879,-0.06248485351
16.04969151,-0.03783276828,-0.04347200695,-0.06301887143,-0.06249418431
16.09554777,-0.03687508902,-0.04259335453,-0.06297060222,-0.06250357382
16.14140404,-0.0358953047,-0.04169218055,-0.06291669238,-0.06251302096
16.1872603,-0.03489319469,-0.04076825051,-0.06285705312,-0.06252252466
16.23311656,-0.03386853838,-0.0398213299,-0.06279159567,-0.06253208386
16.27897282,-0.03282111514,-0.03885118422,-0.06272023123,-0.0625416975
16.32482908,-0.03175070435,-0.03785757897,-0.06264287103,-0.0625513645
16.37068534,-0.0306570854,-0.03684027964,-0.06255942629,-0.0625610838
16.4165416,-0.02954003766,-0.03579905173,-0.06246980823,-0.06257085434
16.46239787,-0.02839934052,-0.03473366073,-0.06237392805,-0.06258067504
16.50825413,-0.02723477335,-0.03364387215,-0.06227169698,-0.06259054484
16.55411039,-0.02604611554,-0.03252945147,-0.06216302624,-0.06260046268
16.59996665,-0.02483314646,-0.0313901642,-0.06204782704,-0.06261042748
16.64582291,-0.02359564549,-0.03022577582,-0.06192601061,-0.06262043819
16.69167917,-0.02233871259,-0.02904123092,-0.06179679159,-0.06262956669
16.73753543,-0.02108895252,-0.02786241545,-0.06165665684,-0.06263315657
16.7833917,-0.01985002081,-0.02669288865,-0.06150522253,-0.06263057655
16.82924796,-0.01862188462,-0.02553262023,-0.06134259529,-0.06262183961
16.87510422,-0.01740451109,-0.02438157987,-0.06116888175,-0.06260695871
16.92096048,-0.01619786738,-0.02323973727,-0.06098418853,-0.06258594684
16.96681674,-0.01500192064,-0.02210706213,-0.06078862227,-0.06255881696
17.012673,-0.01381663802,-0.02098352412,-0.06058228959,-0.06252558206
17.05852926,-0.01264198669,-0.01986909296,-0.06036529712,-0.06248625511
17.10438553,-0.01147793378,-0.01876373833,-0.06013775149,-0.06244084909
17.15024179,-0.01032444645,-0.01766742993,-0.05989975933,-0.06238937696
17.19609805,-0.009181491866,-0.01658013744,-0.05965142727,-0.06233185172
17.24195431,-0.008049037167,-0.01550183057,-0.05939286192,-0.06226828632
17.28781057,-0.006927049509,-0.01443247901,-0.05912416993,-0.06219869376
17.33366683,-0.005815496045,-0.01337205245,-0.05884545792,-0.06212308699
17.37952309,-0.004714343928,-0.01232052058,-0.05855683252,-0.062041479
17.42537936,-0.003623560312,-0.01127785311,-0.05825840036,-0.06195388277
17.47123562,-0.002543112347,-0.01024401972,-0.05795026805,-0.06186031127
17.51709188,-0.001472967189,-0.009218990099,-0.05763254225,-0.06176077747
17.56294814,-0.0004130919886,-0.008202733952,-0.05730532956,-0.06165529435
17.6088044,0.0006365461004,-0.00719522097,-0.05696873662,-0.06154387488
17.65466066,0.001675979925,-0.006196420845,-0.05662287006,-0.06142653205
17.70051693,0.002705242334,-0.005206303272,-0.05626783651,-0.06130327882
17.74637319,0.003724366172,-0.004224837944,-0.05590374259,-0.06117412818
17.79222945,0.004733384288,-0.003251994556,-0.05553069493,-0.06103909309
17.83808571,0.005732329529,-0.0022877428,-0.05514880017,-0.06089818653
17.88394197,0.006721234742,-0.00133205237,-0.05475816492,-0.06075142149
17.92979823,0.007700132774,-0.0003848929607,-0.05435889582,-0.06059881092
17.97565449,0.008669056472,0.0005537657347,-0.05395109949,-0.06044036782
18.02151076,0.009628038683,0.001483954022,-0.05353488257,-0.06027610515
18.06736702,0.01057711226,0.002405702208,-0.05311035168,-0.06010603589
18.11322328,0.01151631004,0.003319040599,-0.05267761345,-0.05993017301
18.15907954,0.01244566487,0.004223999502,-0.0522367745,-0.0597485295
18.2049358,0.01336520961,0.005120609221,-0.05178794148,-0.05956111832
18.25079206,0.01427497709,0.006008900064,-0.051331221,-0.05936795245
18.29664832,0.01517500018,0.006888902337,-0.05086671969,-0.05916904487
18.34250459,0.0160653117,0.007760646345,-0.05039454418,-0.05896440856
18.38836085,0.01694594452,0.008624162397,-0.0499148011,-0.05875405648
18.43421711,0.01781693148,0.009479480796,-0.04942759707,-0.05853800161
18.48007337,0.01867830542,0.01032663185,-0.04893303874,-0.05831625694
18.52592963,0.01953009919,0.01116564587,-0.04843123271,-0.05808883542
18.57178589,0.02037234564,0.01199655315,-0.04792228563,-0.05785575005
18.61764215,0.02120507762,0.01281938401,-0.04740630412,-0.05761701379
18.66349842,0.02202832798,0.01363416874,-0.04688339481,-0.05737263963
18.70935468,0.02284212955,0.01444093767,-0.04635366432,-0.05712264052
18.75521094,0.02364651519,0.01523972108,-0.04581721929,-0.05686702946
18.8010672,0.02444151775,0.01603054929,-0.04527416634,-0.05660581942
18.84692346,0.02522717007,0.01681345261,-0.0447246121,-0.05633902337
18.89277972,0.026003505,0.01758846134,-0.0441686632,-0.05606665429
18.93863598,0.02677055539,0.01835560579,-0.04360642627,-0.05578872515
18.98449225,0.02752835408,0.01911491626,-0.04303800794,-0.05550524893
19.03034851,0.02827693393,0.01986642306,-0.04246351483,-0.0552162386
19.07620477,0.02901632777,0.0206101565,-0.04188305357,-0.05492170715
19.12206103,0.02974656846,0.02134614688,-0.04129673079,-0.05462166754
19.16791729,0.03046768884,0.02207442451,-0.04070465312,-0.05431613274
19.21377355,0.03117972176,0.02279501969,-0.04010692719,-0.05400511575
19.25962981,0.03188270006,0.02350796274,-0.03950365963,-0.05368862953
19.30548608,0.03257665661,0.02421328395,-0.03889495705,-0.05336668705
19.35134234,0.03326162423,0.02491101363,-0.0382809261,-0.05303930129
19.3971986,0.03393763578,0.0256011821,-0.0376616734,-0.05270648524
19.44305486,0.03460472411,0.02628381965,-0.03703730557,-0.05236825185
19.48891112,0.03526292206,0.02695895659,-0.03640792926,-0.05202461412
19.53476738,0.03591226249,0.02762662324,-0.03577365107,-0.05167558501
19.58062365,0.03655277823,0.02828684989,-0.03513457765,-0.0513211775
19.62647991,0.03718450213,0.02893966685,-0.03449081562,-0.05096140456
19.67233617,0.03780746705,0.02958510442,-0.03384247161,-0.05059627917
19.71819243,0.03842170582,0.03022319292,-0.03318965225,-0.05022581431
19.76404869,0.0390272513,0.03085396265,-0.03253246416,-0.04985002295
19.80990495,0.03962413634,0.03147744392,-0.03187101397,-0.04946891807
19.85576121,0.04021239378,0.03209366703,-0.03120540832,-0.04908251264
19.90161748,0.04079205646,0.03270266229,-0.03053575383,-0.04869081964
19.94747374,0.04136315724,0.03330446,-0.02986215712,-0.04829385204
19.99333,0.04192572896,0.03389909048,-0.02918472484,-0.04789162281
20.03918626,0.04247980447,0.03448658402,-0.02850356359,-0.04748414495
20.08504252,0.04302541661,0.03506697094,-0.02781878002,-0.04707143141
20.13089878,0.04356259824,0.03564028153,-0.02713048075,-0.04665349518
20.17675504,0.04409138221,0.03620654612,-0.02643877242,-0.04623034922
20.22261131,0.04461180134,0.03676579499,-0.02574376163,-0.04580200652
20.26846757,0.04512388851,0.03731805847,-0.02504555504,-0.04536848006
20.31432383,0.04562767654,0.03786336685,-0.02434425926,-0.0449297828
20.36018009,0.0461231983,0.03840175044,-0.02363998092,-0.04448592772
20.40603635,0.04661048662,0.03893323955,-0.02293282665,-0.0440369278
20.45189261,0.04708957436,0.03945786448,-0.02222290308,-0.04358279601
20.49774887,0.04756049436,0.03997565554,-0.02151031683,-0.04312354533
20.54360514,0.04802327946,0.04048664304,-0.02079517455,-0.04265918874
20.5894614,0.04847796253,0.04099085728,-0.02007758284,-0.0421897392
20.63531766,0.04892457639,0.04148832857,-0.01935764835,-0.0417152097
20.68117392,0.0493631539,0.04197908722,-0.01863547769,-0.04123561321
20.72703018,0.04979372792,0.04246316353,-0.01791117751,-0.0407509627
20.77288644,0.05021633127,0.0429405878,-0.01718485442,-0.04026127116
20.8187427,0.05063099682,0.04341139035,-0.01645661505,-0.03976655155
20.86459897,0.0510377574,0.04387560148,-0.01572656604,-0.03926681685
20.91045523,0.05143664587,0.04433325149,-0.01499481401,-0.03876208005
20.95631149,0.05182769508,0.0447843707,-0.01426146559,-0.0382523541
21.00216775,0.05221093786,0.04522898941,-0.0135266274,-0.03773765199
21.04802401,0.05258640707,0.04566713792,-0.01279040608,-0.0372179867
21.09388027,0.05295413556,0.04609884655,-0.01205290826,-0.03669337119
21.13973653,0.05331415617,0.04652414559,-0.01131424055,-0.03616381845
21.1855928,0.05366650174,0.04694306535,-0.0105745096,-0.03562934145
21.23144906,0.05401120513,0.04735563615,-0.009833822024,-0.03508995316
21.27730532,0.05434829919,0.04776188828,-0.009092284455,-0.03454566657
21.32316158,0.05467781675,0.04816185206,-0.008350003521,-0.03399649464
21.36901784,0.05499979068,0.04855555778,-0.00760708585,-0.03344245036
21.4148741,0.0553142538,0.04894303576,-0.00686363807,-0.03288354669
21.46073037,0.05562123898,0.0493243163,-0.006119766809,-0.03231979661
21.50658663,0.05592077906,0.04969942971,-0.005375578696,-0.0317512131
21.55244289,0.05621290689,0.0500684063,-0.004631180359,-0.03117780914
21.59829915,0.0564976553,0.05043127636,-0.003886678426,-0.03059959769
21.64415541,0.05677505716,0.05078807021,-0.003142179525,-0.03001659174
21.69001167,0.05704514531,0.05113881815,-0.002397790285,-0.02942880426
21.73586793,0.05730795259,0.0514835505,-0.001653617333,-0.02883624822
21.7817242,0.05756351185,0.05182229754,-0.0009097672981,-0.02823893661
21.82758046,0.05781185595,0.0521550896,-0.0001663468085,-0.02763688239
21.87343672,0.05805301772,0.05248195698,0.0005765375078,-0.02703009854
21.91929298,0.05828703001,0.05280292998,0.001318779023,-0.02641859804
21.96514924,0.05851392567,0.05311803891,0.002060271108,-0.02580239386
22.0110055,0.05873373755,0.05342731408,0.002800907135,-0.02518149898
22.05686176,0.0589464985,0.05373078579,0.003540580475,-0.02455592637
22.10271803,0.05915224136,0.05402848435,0.004279184502,-0.02392568901
22.14857429,0.05935099898,0.05432044007,0.005016612586,-0.02329079988
22.19443055,0.05954280421,0.05460668325,0.005752758098,-0.02265127195
22.24028681,0.05972768988,0.05488724419,0.006487514412,-0.02200711819
22.28614307,0.05990568887,0.05516215321,0.007220774899,-0.02135835158
22.33199933,0.06007683399,0.05543144061,0.00795243293,-0.0207049851
22.37785559,0.06024115812,0.0556951367,0.008682381878,-0.02004703172
22.42371186,0.06039869409,0.05595327178,0.009410515113,-0.01938450441
22.46956812,0.06054947474,0.05620587615,0.01013672601,-0.01871741616
22.51542438,0.06069353294,0.05645298014,0.01086090794,-0.01804577994
22.56128064,0.06083090151,0.05669461403,0.01158295427,-0.01736960872
22.6071369,0.06096161332,0.05693080815,0.01230275837,-0.01668891548
22.65299316,0.06108570121,0.05716159279,0.01302021362,-0.01600371319
22.69884942,0.06120319802,0.05738699826,0.0137352134,-0.01531401483
22.74470569,0.06131413661,0.05760705486,0.01444765106,-0.01461983338
22.79056195,0.06141854982,0.05782179291,0.01515741998,-0.01392118181
22.83641821,0.06151647049,0.05803124271,0.01586441354,-0.01321807309
22.88227447,0.06160793148,0.05823543456,0.01656852511,-0.01251052021
22.92813073,0.06169296563,0.05843439878,0.01726964805,-0.01179853613
22.97398699,0.06177160579,0.05862816566,0.01796767574,-0.01108213384
23.01984325,0.0618438848,0.05881676552,0.01866250155,-0.0103613263
23.06569952,0.06190983552,0.05900022865,0.01935401886,-0.009636126494
23.11155578,0.06196949079,0.05917858538,0.02004212103,-0.008906547398
23.15741204,0.06202288345,0.059351866,0.02072670144,-0.008172601986
23.2032683,0.06207004636,0.05952010081,0.02140765346,-0.007434303234
23.24912456,0.06211101236,0.05968332014,0.02208487045,-0.006691664116
23.29498082,0.0621458143,0.05984155427,0.0227582458,-0.005944697609
23.34083709,0.06217448503,0.05999483352,0.02342767287,-0.005193416688
23.38669335,0.06219705739,0.0601431882,0.02409304504,-0.004437834328
23.43254961,0.06221356423,0.06028664861,0.02475425568,-0.003677963505
23.47840587,0.0622240384,0.06042524505,0.02541119815,-0.002913817193
23.52426213,0.06222851274,0.06055900784,0.02606376584,-0.00214540837
23.57011839,0.06222702011,0.06068796728,0.02671185211,-0.001372750009
23.61597465,0.06221959335,0.06081215367,0.02735535033,-0.0005958550873
23.66183092,0.0622062653,0.06093159732,0.02799415388,0.0001852634208
23.70768718,0.06218706881,0.06104632855,0.02862815613,0.0009705925396
23.75354344,0.06216203674,0.06115637764,0.02925725044,0.001760119294
23.7993997,0.06213120192,0.06126177492,0.0298813302,0.002553830707
23.84525596,0.06209459721,0.06136255069,0.03050028877,0.003351713805
23.89111222,0.06205225545,0.06145873524,0.03111401953,0.004153755612
23.93696848,0.06200420949,0.0615503589,0.03172241585,0.004959943152
23.98282475,0.06195049218,0.06163745196,0.03232537109,0.005770263451
24.02868101,0.06189113636,0.06172004474,0.03292277863,0.006584703531
24.07453727,0.06182617489,0.06179816753,0.03351453185,0.007403250419
24.12039353,0.0617556406,0.06187185065,0.03410052411,0.008225891139
24.16624979,0.06167956634,0.0619411244,0.03468064879,0.009052612714
24.21210605,0.06159798497,0.06200601908,0.03525479925,0.009883402171
24.25796231,0.06151092933,0.06206656501,0.03582286887,0.01071824653
24.30381858,0.06141843227,0.06212279249,0.03638475103,0.01155713282
24.34967484,0.06132052663,0.06217473182,0.03694033909,0.01240004807
24.3955311,0.06121724526,0.06222241332,0.03748952642,0.0132469793
24.44138736,0.06110862101,0.06226586728,0.0380322064,0.01409791352
24.48724362,0.06099468672,0.06230512402,0.0385682724,0.01495283778
24.53309988,0.06087547525,0.06234021384,0.03909761779,0.01581173909
24.57895614,0.06075101944,0.06237116705,0.03962013594,0.01667460448
24.62481241,0.06062135213,0.06239801395,0.04013572022,0.01754142096
24.67066867,0.06048650618,0.06242078485,0.04064426401,0.01841217558
24.71652493,0.06034651444,0.06243951005,0.04114566068,0.01928685535
24.76238119,0.06020140974,0.06245421987,0.0416398036,0.02016544729
24.80823745,0.06005122493,0.06246494461,0.04212658613,0.02104793843
24.85409371,0.05989599287,0.06247171457,0.04260590166,0.02193431579
24.89994997,0.0597357464,0.06247456006,0.04307764356,0.02282456641
24.94580624,0.05957051837,0.06247351138,0.04354170519,0.0237186773
24.9916625,0.05940034162,0.06246859886,0.04399797993,0.02461663548
25.03751876,0.05922986512,0.06246113835,0.04444666183,0.02551258834
25.08337502,0.0590679445,0.06245363583,0.04488831454,0.02639526532
25.12923128,0.05891461586,0.062446156,0.04532300411,0.02726447566
25.17508754,0.05876968609,0.0624386999,0.04575078266,0.02812031761
25.22094381,0.0586329621,0.06243126857,0.04617170229,0.02896288939
25.26680007,0.05850425077,0.06242386305,0.04658581509,0.02979228923
25.31265633,0.058383359,0.0624164844,0.04699317317,0.03060861538
25.35851259,0.05827009368,0.06240913364,0.04739382862,0.03141196605
25.40436885,0.05816426171,0.06240181183,0.04778783355,0.03220243949
25.45022511,0.05806566999,0.06239452002,0.04817524006,0.03298013393
25.49608137,0.0579741254,0.06238725923,0.04855610025,0.0337451476
25.54193764,0.05788943485,0.06238003053,0.04893046621,0.03449757873
25.5877939,0.05781140522,0.06237283495,0.04929839006,0.03523752555
25.63365016,0.05773984342,0.06236567353,0.04965992388,0.03596508631
25.67950642,0.05767455634,0.06235854732,0.05001511978,0.03668035923
25.72536268,0.05761535087,0.06235145737,0.05036402987,0.03738344254
25.77121894,0.05756203391,0.06234440472,0.05070670623,0.03807443447
25.8170752,0.05751441235,0.06233739041,0.05104320098,0.03875343327
25.86293147,0.05747229309,0.06233041548,0.05137356621,0.03942053716
25.90878773,0.05743548302,0.06232348098,0.05169785402,0.04007584438
25.95464399,0.05740378904,0.06231658796,0.05201611652,0.04071945316
26.00050025,0.05737701804,0.06230973745,0.0523284058,0.04135146172
26.04635651,0.05735497692,0.06230293051,0.05263477396,0.04197196831
26.09221277,0.05733747257,0.06229616817,0.05293527311,0.04258107116
26.13806903,0.05732431188,0.06228945148,0.05322995535,0.0431788685
26.1839253,0.05731530176,0.06228278148,0.05351887277,0.04376545856
26.22978156,0.05731024909,0.06227615922,0.05380207747,0.04434093958
26.27563782,0.05730896078,0.06226958574,0.05407962157,0.04490540978
26.32149408,0.05731124371,0.06226306208,0.05435155715,0.04545896741
26.36735034,0.05731690478,0.06225658929,0.05461793632,0.04600171069
26.4132066,0.05732575089,0.06225016842,0.05487881118,0.04653373786
26.45906286,0.05733758893,0.0622438005,0.05513423383,0.04705514715
26.50491913,0.0573522258,0.06223748658,0.05538425636,0.04756603679
26.55077539,0.05736946838,0.0622312277,0.05562893089,0.04806650501
26.59663165,0.05738912359,0.06222502491,0.05586830951,0.04855665006
26.64248791,0.0574109983,0.06221887926,0.05610244432,0.04903657015
26.68834417,0.05743489941,0.06221279177,0.05633138742,0.04950636354
26.73420043,0.05746063383,0.06220676351,0.05655519092,0.04996612843
26.7800567,0.05748800844,0.06220079552,0.0567739069,0.05041596308
26.82591296,0.05751683014,0.06219488882,0.05698758748,0.05085596571
26.87176922,0.05754690583,0.06218904448,0.05719628476,0.05128623456
26.91762548,0.05757804239,0.06218326354,0.05740005083,0.05170686785
26.96348174,0.05761004673,0.06217754703,0.05759893779,0.05211796382
27.009338,0.05764272574,0.06217189601,0.05779299775,0.05251962071
27.05519426,0.05767588632,0.06216631152,0.05798228281,0.05291193675
27.10105053,0.05770933535,0.06216079459,0.05816684506,0.05329501017
27.14690679,0.05774287973,0.06215534628,0.05834673661,0.0536689392
27.19276305,0.05777632637,0.06214996763,0.05852200956,0.05403382207
27.23861931,0.05780948214,0.06214465967,0.058692716,0.05438975702
27.28447557,0.05784215396,0.06213942347,0.05885890805,0.05473684229
27.33033183,0.05787414871,0.06213426005,0.05902063779,0.05507517609
27.37618809,0.05790527329,0.06212917047,0.05917795734,0.05540485668
27.42204436,0.05793533459,0.06212415577,0.05933091878,0.05572598227
27.46790062,0.0579641395,0.06211921699,0.05947957422,0.05603865111
27.51375688,0.05799149493,0.06211435517,0.05962397577,0.05634296142
27.55961314,0.05801720777,0.06210957137,0.05976417552,0.05663901145
27.6054694,0.05804108491,0.06210486661,0.05990022557,0.05692689941
27.65132566,0.05806293325,0.06210024196,0.06003217802,0.05720672354
27.69718192,0.05808255968,0.06209569844,0.06016008498,0.05747858209
27.74303819,0.0580997711,0.06209123711,0.06028399854,0.05774257327
27.78889445,0.0581143744,0.06208685901,0.06040397081,0.05799879533
27.83475071,0.05812617647,0.06208256518,0.06052005388,0.05824734649
27.88060697,0.05813498422,0.06207835667,0.06063229986,0.05848832499
27.92646323,0.05814060453,0.06207423452,0.06074076084,0.05872182906
27.97231949,0.05814284431,0.06207019977,0.06084548893,0.05894795693
28.01817575,0.05814151044,0.06206625347,0.06094653623,0.05916680684
28.06403202,0.05813640982,0.06206239667,0.06104395483,0.05937847702
28.10988828,0.05812734935,0.0620586304,0.06113779685,0.0595830657
28.15574454,0.05811413591,0.0620549557,0.06122811437,0.05978067112
28.2016008,0.05809657642,0.06205137364,0.0613149595,0.05997139151
28.24745706,0.05807447775,0.06204788524,0.06139838434,0.0601553251
28.29331332,0.05804764681,0.06204449155,0.061478441,0.06033257012
28.33916958,0.05801589049,0.06204119362,0.06155518156,0.06050322481
28.38502585,0.05797901569,0.06203799249,0.06162865813,0.0606673874
28.43088211,0.05793682929,0.0620348892,0.06169892282,0.06082515612
28.47673837,0.0578891382,0.06203188479,0.06176602772,0.0609766292
28.52259463,0.05783574931,0.06202898032,0.06183002493,0.06112190489
28.56845089,0.05777646952,0.06202617683,0.06189096656,0.0612610814
28.61430715,0.05771110571,0.06202347535,0.0619489047,0.06139425698
28.66016342,0.05763946479,0.06202087693,0.06200389146,0.06152152985
28.70601968,0.05756135364,0.06201838262,0.06205597893,0.06164299826
28.75187594,0.05747657918,0.06201599347,0.06210521921,0.06175876043
28.7977322,0.05738494827,0.0620137105,0.06215166442,0.06186891459
28.84358846,0.05728626784,0.06201153478,0.06219536663,0.06197355898
28.88944472,0.05718034476,0.06200946733,0.06223637797,0.06207279183
28.93530098,0.05706698594,0.06200750921,0.06227475053,0.06216671138
28.98115725,0.05694599826,0.06200566147,0.0623105364,0.06225541585
29.02701351,0.05681718863,0.06200392513,0.06234378769,0.06233900348
29.07286977,0.05668036393,0.06200230126,0.0623745565,0.0624175725
29.11872603,0.05653533107,0.06200079088,0.06240289494,0.06249122115
29.16458229,0.05638189693,0.06199939505,0.06242885509,0.06256004766
29.21043855,0.05621986842,0.06199811481,0.06245248906,0.06262415026
29.25629481,0.05604905243,0.06199695121,0.06247384896,0.06268362718
29.30215108,0.05586925585,0.06199590528,0.06249298688,0.06273857666
29.34800734,0.05568028557,0.06199497807,0.06250995492,0.06278909692
29.3938636,0.0554819485,0.06199417062,0.06252480518,0.06283528621
29.43971986,0.05527405152,0.06199348399,0.06253758977,0.06287724276
29.48557612,0.05505640154,0.0619929192,0.06254836078,0.06291506479
29.53143238,0.05482880544,0.06199247732,0.06255717031,0.06294885054
29.57728864,0.05459107012,0.06199215937,0.06256407048,0.06297869825
29.62314491,0.05434300248,0.06199196641,0.06256911336,0.06300470615
29.66900117,0.05408440942,0.06199189948,0.06257235108,0.06302697246
29.71485743,0.05381509781,0.06199195962,0.06257383572,0.06304559542
29.76071369,0.05353487457,0.06199214787,0.06257361939,0.06306067327
29.80656995,0.05324354659,0.06199246529,0.06257175419,0.06307230424
29.85242621,0.05294092075,0.0619929129,0.06256829221,0.06308058656
29.89828247,0.05262680396,0.06199349177,0.06256328556,0.06308561846
29.94413874,0.05230100311,0.06199420293,0.06255678635,0.06308749818
29.989995,0.0519633251,0.06199504742,0.06254884666,0.06308632395
30.03585126,0.05161357682,0.06199602629,0.06253951861,0.063082194
30.08170752,0.05125156516,0.06199714059,0.06252885428,0.06307520657
30.12756378,0.05087709702,0.06199839135,0.06251690579,0.06306545988
30.17342004,0.0504899793,0.06199977962,0.06250372523,0.06305305218
30.2192763,0.05009001888,0.06200130645,0.0624893647,0.06303808168
30.26513257,0.04967702267,0.06200297287,0.06247387631,0.06302064664
30.31098883,0.04925079756,0.06200477994,0.06245731215,0.06300084527
30.35684509,0.04881115045,0.0620067287,0.06243972433,0.06297877582
30.40270135,0.04835788822,0.06200882018,0.06242116494,0.06295453651
30.44855761,0.04789081778,0.06201105544,0.06240168608,0.06292822557
30.49441387,0.04740974601,0.06201343552,0.06238133986,0.06289994125
30.54027014,0.04691447982,0.06201596146,0.06236017838,0.06286978178
30.5861264,0.0464048261,0.06201863431,0.06233825373,0.06283784537
30.63198266,0.04588059174,0.0620214551,0.06231561803,0.06280423028
30.67783892,0.04534158364,0.06202442489,0.06229232336,0.06276903473
30.72369518,0.04478760869,0.06202754472,0.06226842183,0.06273235696
30.76955144,0.04421847379,0.06203081563,0.06224396553,0.06269429519
30.8154077,0.04363398584,0.06203423866,0.06221900658,0.06265494766
30.86126397,0.04303395172,0.06203781486,0.06219359707,0.06261441261
30.90712023,0.04241817833,0.06204154528,0.0621677891,0.06257278826
30.95297649,0.04178647257,0.06204543095,0.06214163477,0.06253017285
30.99883275,0.04113864133,0.06204947292,0.06211518618,0.06248666462
31.04468901,0.04047449151,0.06205367224,0.06208849544,0.06244236179
31.09054527,0.03979383001,0.06205802995,0.06206161464,0.06239736259
31.13640153,0.03909646371,0.06206254709,0.06203459588,0.06235176527
31.1822578,0.03838219951,0.0620672247,0.06200749126,0.06230566805
31.22811406,0.0376508443,0.06207206384,0.06198035289,0.06225916917
31.27397032,0.03690220499,0.06207706554,0.06195323287,0.06221236685
31.31982658,0.03613608847,0.06208223085,0.06192618329,0.06216535934
31.36568284,0.03535230163,0.06208756081,0.06189925625,0.06211824486
31.4115391,0.03455065136,0.06209305646,0.06187250387,0.06207112165
31.45739536,0.03373094456,0.06209871886,0.06184597823,0.06202408794
31.50325163,0.03289298813,0.06210454904,0.06181973143,0.06197724197
31.54910789,0.03203658896,0.06211054804,0.06179381559,0.06193068196
31.59496415,0.03116155395,0.06211671692,0.0617682828,0.06188450615
31.64082041,0.03026768998,0.06212305671,0.06174318515,0.06183881277
31.68667667,0.02935480396,0.06212956847,0.06171857475,0.06179370005
31.73253293,0.02842270278,0.06213625322,0.06169450371,0.06174926623
31.77838919,0.02747119334,0.06214311202,0.06167102411,0.06170560955
31.82424546,0.02650008253,0.06215014592,0.06164818807,0.06166282822
31.87010172,0.02550917724,0.06215735595,0.06162604768,0.0616210205
31.91595798,0.02449828437,0.06216474315,0.06160465504,0.0615802846
31.96181424,0.02346721081,0.06217230858,0.06158406226,0.06154071876
32.0076705,0.02241576347,0.06218005328,0.06156432142,0.06150242122
32.05352676,0.02134374922,0.06218797828,0.06154548465,0.06146549021
32.09938302,0.02025097498,0.06219608464,0.06152760402,0.06143002395
32.14523929,0.01913724763,0.0622043734,0.06151073166,0.06139612069
32.19109555,0.01800237407,0.0622128456,0.06149491964,0.06136387866
32.23695181,0.0168461612,0.06222150228,0.06148022009,0.06133339608
32.28280807,0.0156684159,0.0622303445,0.06146668509,0.0613047712
32.32866433,0.01446894507,0.06223937328,0.06145436675,0.06127810224
32.37452059,0.01324755562,0.06224858969,0.06144331716,0.06125348744
32.42037686,0.01200405442,0.06225799476,0.06143358844,0.06123102503
32.46623312,0.01073824839,0.06226758953,0.06142523267,0.06121081324
32.51208938,0.009449944403,0.06227737505,0.06141830196,0.0611929503
32.55794564,0.008138949368,0.06228735236,0.06141284841,0.06117753446
32.6038019,0.006805070175,0.06229752252,0.06140892413,0.06116466394
32.64965816,0.005448113719,0.06230788655,0.0614065812,0.06115443697
32.69551442,0.004067886896,0.0623184455,0.06140587174,0.06114695179
32.74137069,0.0026641966,0.06232920043,0.06140684783,0.06114230663
32.78722695,0.001236849725,0.06234015237,0.06140956159,0.06114059972
32.83308321,-0.0002143468321,0.06235130236,0.06141406512,0.0611419293
32.87893947,-0.001689586178,0.06236265145,0.0614204105,0.0611463936
32.92479573,-0.003189061417,0.06237420069,0.06142864986,0.06115409085
32.97065199,-0.004712965655,0.06238595112,0.06143883527,0.06116511929
33.01650825,-0.006261491996,0.06239790377,0.06145101885,0.06117957714
33.06236452,-0.007834833547,0.06241005971,0.0614652527,0.06119756264
33.10822078,-0.009433183411,0.06242241996,0.06148158891,0.06121917402
33.15407704,-0.01105673469,0.06243498558,0.06150007959,0.06124450952
33.1999333,-0.0127056805,0.0624477576,0.06152077684,0.06127366737
33.24578956,-0.01438021394,0.06246073708,0.06154373276,0.0613067458
33.29164582,-0.01608052811,0.06247392505,0.06156899944,0.06134384305
33.33750208,-0.01780654531,0.06248728029,0.0615966165,0.06138503622
33.38335835,-0.01952029263,0.06249485747,0.06162486471,0.0614274267
33.42921461,-0.02119496311,0.06249248806,0.06165250589,0.06146892186
33.47507087,-0.02283084408,0.06248023925,0.06167954501,0.06150952918
33.52092713,-0.0244282229,0.06245817822,0.06170598701,0.06154925617
33.56678339,-0.02598738691,0.06242637213,0.06173183685,0.06158811033
33.61263965,-0.02750862347,0.06238488819,0.06175709947,0.06162609915
33.65849591,-0.02899221993,0.06233379355,0.06178177984,0.06166323013
33.70435218,-0.03043846362,0.06227315541,0.0618058829,0.06169951077
33.75020844,-0.0318476419,0.06220304095,0.06182941361,0.06173494857
33.7960647,-0.03322004213,0.06212351734,0.06185237691,0.06176955102
33.84192096,-0.03455595164,0.06203465176,0.06187477777,0.06180332563
33.88777722,-0.03585565779,0.0619365114,0.06189662114,0.0618362799
33.93363348,-0.03711944792,0.06182916343,0.06191791197,0.06186842132
33.97948974,-0.03834760939,0.06171267504,0.06193865521,0.06189975738
34.02534601,-0.03954042954,0.0615871134,0.06195885581,0.0619302956
34.07120227,-0.04069819572,0.0614525457,0.06197851873,0.06196004347
34.11705853,-0.04182119528,0.06130903911,0.06199764892,0.06198900849
34.16291479,-0.04290971557,0.06115666082,0.06201625133,0.06201719814
34.20877105,-0.04396404394,0.060995478,0.06203433092,0.06204461995
34.25462731,-0.04498446774,0.06082555783,0.06205189264,0.06207128139
34.30048358,-0.04597127431,0.0606469675,0.06206894144,0.06209718998
34.34633984,-0.04692475101,0.06045977419,0.06208548227,0.0621223532
34.3921961,-0.04784518518,0.06026404507,0.06210152009,0.06214677857
34.43805236,-0.04873286417,0.06005984732,0.06211705986,0.06217047357
34.48390862,-0.04958807533,0.05984724813,0.06213210651,0.0621934457
34.52976488,-0.05041110601,0.05962631468,0.06214666502,0.06221570247
34.57562114,-0.05120224356,0.05939711414,0.06216074032,0.06223725137
34.62147741,-0.05196177533,0.05915971369,0.06217433737,0.0622580999
34.66733367,-0.05268998866,0.05891418052,0.06218746113,0.06227825556
34.71318993,-0.0533871709,0.0586605818,0.06220011655,0.06229772585
34.75904619,-0.05405360941,0.05839898472,0.06221230857,0.06231651826
34.80490245,-0.05468959153,0.05812945646,0.06222404217,0.0623346403
34.85075871,-0.05529540461,0.05785206419,0.06223532227,0.06235209946
34.89661497,-0.055871336,0.05756687509,0.06224615385,0.06236890324
34.94247124,-0.05641767305,0.05727395635,0.06225654185,0.06238505914
34.9883275,-0.0569347031,0.05697337515,0.06226649122,0.06240057466
35.03418376,-0.05742271351,0.05666519866,0.06227600692,0.0624154573
35.08004002,-0.05788199163,0.05634949406,0.06228509391,0.06242971455
35.12589628,-0.05831282479,0.05602632854,0.06229375712,0.06244335391
35.17175254,-0.05871550036,0.05569576928,0.06230200152,0.06245638289
35.2176088,-0.05909030568,0.05535788345,0.06230983207,0.06246880898
35.26346507,-0.0594375281,0.05501273824,0.0623172537,0.06248063968
35.30932133,-0.05975745496,0.05466040082,0.06232427138,0.06249188249
35.35517759,-0.06005037363,0.05430093838,0.06233089006,0.06250254491
35.40103385,-0.06031657144,0.05393441809,0.06233711469,0.06251263443
35.44689011,-0.06055633574,0.05356090714,0.06234295022,0.06252215855
35.49274637,-0.06076995388,0.05318047271,0.06234840161,0.06253112477
35.53860263,-0.06095771322,0.05279318197,0.06235347381,0.0625395406
35.5844589,-0.0611199011,0.0523991021,0.06235817177,0.06254741353
35.63031516,-0.06125680487,0.05199830029,0.06236250045,0.06255475105
35.67617142,-0.06136871187,0.05159084372,0.06236646479,0.06256156067
35.72202768,-0.06145590946,0.05117679956,0.06237006976,0.06256784988
35.76788394,-0.06151868499,0.050756235,0.0623733203,0.06257362619
35.8137402,-0.0615573258,0.05032921721,0.06237622137,0.06257889709
35.85959646,-0.06157211925,0.04989581338,0.06237877792,0.06258367008
35.90545273,-0.06156335267,0.04945609069,0.0623809949,0.06258795266
35.95130899,-0.06153131343,0.04901011631,0.06238287726,0.06259175232
35.99716525,-0.06147628887,0.04855795743,0.06238442997,0.06259507657
36.04302151,-0.06139856633,0.04809968122,0.06238565796,0.06259793291
36.08887777,-0.06129843317,0.04763535487,0.0623865662,0.06260032883
36.13473403,-0.06117617674,0.04716504556,0.06238715964,0.06260227183
36.1805903,-0.06103208438,0.04668882046,0.06238744322,0.06260376941
36.22644656,-0.06086644344,0.04620674676,0.06238742191,0.06260482907
36.27230282,-0.06067954128,0.04571889163,0.06238710066,0.0626054583
36.31815908,-0.06047166523,0.04522532226,0.06238648441,0.06260566461
36.36401534,-0.06024310266,0.04472610582,0.06238557813,0.0626054555
36.4098716,-0.0599941409,0.04422130951,0.06238438676,0.06260483845
36.45572786,-0.05972506731,0.04371100048,0.06238291525,0.06260382098
36.50158413,-0.05943616923,0.04319524594,0.06238116857,0.06260241058
36.54744039,-0.05912773402,0.04267411305,0.06237915166,0.06260061475
36.59329665,-0.05880004902,0.04214766899,0.06237686947,0.06259844098
36.63915291,-0.05845340159,0.04161598096,0.06237432697,0.06259589677
36.68500917,-0.05808807906,0.04107911612,0.0623715291,0.06259298963
36.73086543,-0.0577043688,0.04053714165,0.06236848081,0.06258972706
36.77672169,-0.05730255814,0.03999012474,0.06236518705,0.06258611654
36.82257796,-0.05688293444,0.03943813257,0.06236165279,0.06258216558
36.86843422,-0.05644578504,0.03888123232,0.06235788297,0.06257788168
36.91429048,-0.0559913973,0.03831949116,0.06235388255,0.06257327234
36.96014674,-0.05552005856,0.03775297628,0.06234965648,0.06256834505
37.006003,-0.05503205617,0.03718175485,0.06234520971,0.06256310731
37.05185926,-0.05452767748,0.03660589406,0.06234054719,0.06255756663
37.09771552,-0.05400720985,0.03602546109,0.06233567388,0.06255173049
37.14357179,-0.05347094061,0.03544052311,0.06233059473,0.06254560641
37.18942805,-0.05291915711,0.03485114731,0.06232531469,0.06253920187
37.23528431,-0.05235214671,0.03425740087,0.06231983873,0.06253252438
37.28114057,-0.05177019676,0.03365935097,0.06231417177,0.06252558143
37.32699683,-0.0511735946,0.03305706478,0.0623083188,0.06251838052
37.37285309,-0.05056262758,0.03245060949,0.06230228474,0.06251092916
37.41870935,-0.04993758305,0.03184005227,0.06229607457,0.06250323483
37.46456562,-0.04929874836,0.03122546031,0.06228969322,0.06249530504
37.51042188,-0.04864641086,0.03060690079,0.06228314566,0.06248714729
37.55627814,-0.0479808579,0.02998444088,0.06227643683,0.06247876908
37.6021344,-0.04730237682,0.02935814778,0.0622695717,0.0624701779
37.64799066,-0.04661125498,0.02872808865,0.0622625552,0.06246138125
37.69384692,-0.04590777971,0.02809433067,0.0622553923,0.06245238663
37.73970318,-0.04519223838,0.02745694104,0.06224808795,0.06244320154
37.78555945,-0.04446491833,0.02681598692,0.0622406471,0.06243383348
37.83141571,-0.04372610691,0.02617153549,0.06223307471,0.06242428995
37.87727197,-0.04297609147,0.02552365395,0.06222537571,0.06241457844
37.92312823,-0.04221515936,0.02487240946,0.06221755508,0.06240470646
37.96898449,-0.04144359792,0.02421786921,0.06220961777,0.06239468149
38.01484075,-0.0406616945,0.02356010037,0.06220156871,0.06238451105
38.06069702,-0.03986973646,0.02289917014,0.06219341288,0.06237420262
38.10655328,-0.03906801114,0.02223514568,0.06218515521,0.06236376372
38.15240954,-0.03825680589,0.02156809418,0.06217680067,0.06235320183
38.1982658,-0.03743640805,0.02089808281,0.06216835421,0.06234252445
38.24412206,-0.03660710499,0.02022517876,0.06215982077,0.06233173909
38.28997832,-0.03576918404,0.01954944921,0.06215120532,0.06232085323
38.33583458,-0.03492293256,0.01887096134,0.0621425128,0.06230987439
38.38169085,-0.0340686379,0.01818978232,0.06213374817,0.06229881006
38.42754711,-0.03320658739,0.01750597935,0.06212491639,0.06228766773
38.47340337,-0.0323370684,0.01681961959,0.06211602239,0.06227645491
38.51925963,-0.03146036827,0.01613077022,0.06210707115,0.0622651791
38.56511589,-0.03057677434,0.01543949844,0.0620980676,0.06225384778
38.61097215,-0.02968657398,0.01474587141,0.06208901671,0.06224246847
38.65682841,-0.02879005452,0.01404995632,0.06207992342,0.06223104866
38.70268468,-0.02788750332,0.01335182035,0.06207079269,0.06221959584
38.74854094,-0.02697920772,0.01265153067,0.06206162947,0.06220811752
38.7943972,-0.02606545508,0.01194915448,0.06205243871,0.0621966212
38.84025346,-0.02514653273,0.01124475894,0.06204322537,0.06218511437
38.88610972,-0.02422272804,0.01053841124,0.06203399441,0.06217360453
38.93196598,-0.02329432834,0.009830178554,0.06202475076,0.06216209919
38.97782224,-0.022361621,0.009120128068,0.06201549939,0.06215060583
39.02367851,-0.02142489335,0.00840832696,0.06200624525,0.06213913196
39.06953477,-0.02048443275,0.00769484241,0.06199699329,0.06212768508
39.11539103,-0.01954052654,0.006979741598,0.06198774846,0.06211627268
39.16124729,-0.01859346207,0.006263091704,0.06197851573,0.06210490226
39.20710355,-0.01764352669,0.005544959908,0.06196930003,0.06209358133
39.25295981,-0.01669100776,0.004825413391,0.06196010632,0.06208231738
39.29881607,-0.01573619261,0.004104519331,0.06195093956,0.0620711179
39.34467234,-0.01477936861,0.003382344909,0.0619418047,0.06205999041
39.3905286,-0.01382082309,0.002658957305,0.06193270669,0.06204894239
39.43638486,-0.0128608434,0.0019344237,0.06192365049,0.06203798134
39.48224112,-0.0118997169,0.001208811272,0.06191464104,0.06202711477
39.52809738,-0.01093773093,0.0004821872031,0.0619056833,0.06201635016
39.57395364,-0.009975172846,-0.0002453813278,0.06189678223,0.06200569503
39.6198099,-0.00901232999,-0.0009738271404,0.06188794277,0.06199515687
39.66566617,-0.008049489714,-0.001703083055,0.06187916988,0.06198474317
39.71152243,-0.007086939365,-0.002433081891,0.06187046851,0.06197446144
39.75737869,-0.006124966293,-0.003163756468,0.06186184362,0.06196431917
39.80323495,-0.005163857847,-0.003895039608,0.06185330015,0.06195432387
39.84909121,-0.004203901375,-0.004626864129,0.06184484307,0.06194448302
39.89494747,-0.003245384226,-0.005359162851,0.06183647732,0.06193480414
39.94080374,-0.002288593748,-0.006091868595,0.06182820785,0.06192529471
39.98666,-0.001333817291,-0.00682491418,0.06182003962,0.06191596224
40.03251626,-0.0003813422035,-0.007558232427,0.06181197759,0.06190681423
40.07837252,0.0005685441664,-0.008291756155,0.0618040267,0.06189785817
40.12422878,0.001515554469,-0.009025418185,0.06179619191,0.06188910156
40.17008504,0.002459401357,-0.009759151336,0.06178847816,0.0618805519
40.2159413,0.003399797481,-0.01049288843,0.06178089043,0.06187221669
40.26179757,0.004336455491,-0.01122656228,0.06177343364,0.06186410343
40.30765383,0.00526908804,-0.01196010572,0.06176611277,0.06185621961
40.35351009,0.006197407778,-0.01269345155,0.06175893276,0.06184857274
40.39936635,0.007121127357,-0.01342653261,0.06175189856,0.06184117031
40.44522261,0.008039959428,-0.01415928171,0.06174501514,0.06183401983
40.49107887,0.008953616643,-0.01489163167,0.06173828743,0.06182712878
40.53693513,0.009861811651,-0.01562351531,0.06173172039,0.06182050467
40.5827914,0.01076425711,-0.01635486545,0.06172531899,0.061814155
40.62864766,0.01166066566,-0.01708561492,0.06171908816,0.06180808727
40.67450392,0.01255074996,-0.01781569652,0.06171303286,0.06180230897
40.72036018,0.01343422266,-0.01854504308,0.06170715805,0.0617968276
40.76621644,0.01431079641,-0.01927358743,0.06170146868,0.06179165067
40.8120727,0.01518018386,-0.02000126238,0.0616959697,0.06178678566
40.85792896,0.01604209767,-0.02072800075,0.06169066606,0.06178224008
40.90378523,0.01689625048,-0.02145373535,0.06168556272,0.06177802143
40.94964149,0.01774235494,-0.02217839902,0.06168066462,0.06177413721
40.99549775,0.01858012372,-0.02290192457,0.06167597673,0.06177059491
41.04135401,0.01940926945,-0.02362424483,0.061671504,0.06176740203
41.08721027,0.02022950479,-0.0243452926,0.06166725137,0.06176456607
41.13306653,0.02104054239,-0.02506500071,0.06166322381,0.06176209453
41.17892279,0.0218420949,-0.02578330198,0.06165942625,0.06175999491
41.22477906,0.02263387498,-0.02650012924,0.06165586367,0.0617582747
41.27063532,0.02341559527,-0.02721541529,0.061652541,0.06175694141
41.31649158,0.02418696843,-0.02792909297,0.06164946321,0.06175600254
41.36234784,0.0249477071,-0.02864109508,0.06164663525,0.06175546557
41.4082041,0.02569752394,-0.02935135446,0.06164406206,0.06175533802
41.45406036,0.02643613161,-0.03005980392,0.0616417486,0.06175562737
41.49991662,0.02716324274,-0.03076637628,0.06163969982,0.06175634114
41.54577289,0.02787856999,-0.03147100435,0.06163792069,0.06175748681
41.59162915,0.02858182602,-0.03217362097,0.06163641614,0.06175907188
41.63748541,0.02927272348,-0.03287415895,0.06163519114,0.06176110386
41.68334167,0.02995121392,-0.03357199652,0.06163434491,0.06176369671
41.72919793,0.03061976109,-0.03426097586,0.06163489358,0.06176799736
41.77505419,0.0312791344,-0.03493946512,0.06163703529,0.06177422382
41.82091046,0.03192939513,-0.03560754056,0.0616406725,0.06178225962
41.86676672,0.03257060453,-0.03626527843,0.06164570769,0.06179198831
41.91262298,0.03320282387,-0.036912755,0.06165204335,0.06180329346
41.95847924,0.03382611442,-0.03755004651,0.06165958194,0.0618160586
42.0043355,0.03444053744,-0.03817722924,0.06166822595,0.06183016729
42.05019176,0.03504615421,-0.03879437942,0.06167787786,0.06184550308
42.09604802,0.03564302598,-0.03940157333,0.06168844014,0.06186194952
42.14190429,0.03623121402,-0.03999888722,0.06169981527,0.06187939016
42.18776055,0.0368107796,-0.04058639734,0.06171190573,0.06189770855
42.23361681,0.03738178398,-0.04116417996,0.06172461399,0.06191678824
42.27947307,0.03794428843,-0.04173231132,0.06173784254,0.06193651278
42.32532933,0.03849835421,-0.0422908677,0.06175149385,0.06195676573
42.37118559,0.03904404259,-0.04283992533,0.06176547041,0.06197743063
42.41704185,0.03958141484,-0.04337956049,0.06177967468,0.06199839103
42.46289812,0.04011053222,-0.04390984943,0.06179400915,0.06201953049
42.50875438,0.040631456,-0.0444308684,0.06180837629,0.06204073255
42.55461064,0.04114424744,-0.04494269367,0.06182267858,0.06206188077
42.6004669,0.04164896781,-0.04544540148,0.06183681851,0.0620828587
42.64632316,0.04214567838,-0.0459390681,0.06185069854,0.06210354988
42.69217942,0.0426344404,-0.04642376979,0.06186422116,0.06212383787
42.73803568,0.04311531515,-0.04689958279,0.06187728884,0.06214360622
42.78389195,0.0435883639,-0.04736658338,0.06188980407,0.06216273847
42.82974821,0.0440536479,-0.0478248478,0.06190166931,0.06218111819
42.87560447,0.04451122842,-0.04827445231,0.06191278706,0.06219862891
42.92146073,0.04496116674,-0.04871547318,0.06192305977,0.0622151542
42.96731699,0.04540352411,-0.04914798665,0.06193238995,0.06223057759
43.01317325,0.0458383618,-0.04957206898,0.06194068005,0.06224478265
43.05902951,0.04626574108,-0.04998779644,0.06194783256,0.06225765292
43.10488578,0.04668572321,-0.05039524527,0.06195374996,0.06226907195
43.15074204,0.04709836945,-0.05079449174,0.06195833473,0.0622789233
43.1965983,0.04750374109,-0.0511856121,0.06196148934,0.06228709051
43.24245456,0.04790189937,-0.05156868261,0.06196311627,0.06229345713
43.28831082,0.04829290557,-0.05194377953,0.061963118,0.06229790672
43.33416708,0.04867682094,-0.05231097911,0.061961397,0.06230032283
43.38002335,0.04905370677,-0.05267035761,0.06195785576,0.062300589
43.42587961,0.04942362431,-0.0530219913,0.06195239676,0.06229858879
43.47173587,0.04978663483,-0.05336595641,0.06194492246,0.06229420575
43.51759213,0.05014279959,-0.05370232922,0.06193533536,0.06228732342
43.56344839,0.05049217986,-0.05403118598,0.06192353792,0.06227782536
43.60930465,0.05083483691,-0.05435260295,0.06190943262,0.06226559513
43.65516091,0.051170832,-0.05466665638,0.06189292195,0.06225051626
43.70101718,0.05150022639,-0.05497342253,0.06187390838,0.06223247231
43.74687344,0.05182308136,-0.05527297765,0.06185229439,0.06221134683
43.7927297,0.05213945817,-0.05556539802,0.06182798245,0.06218702338
43.83858596,0.05244941809,-0.05585075988,0.06180087505,0.0621593855
43.88444222,0.05275302237,-0.05612913948,0.06177087466,0.06212831674
43.93029848,0.05305033229,-0.05640061309,0.06173788376,0.06209370065
43.97615474,0.05334140912,-0.05666525697,0.06170180483,0.06205542079
44.02201101,0.05362631411,-0.05692314737,0.06166254034,0.0620133607
44.06786727,0.05390510853,-0.05717436054,0.06161999278,0.06196740394
44.11372353,0.05417785366,-0.05741897275,0.06157406462,0.06191743405
44.15957979,0.05444461075,-0.05765706026,0.06152465834,0.06186333459
44.20543605,0.05470544107,-0.05788869931,0.06147167642,0.06180498911
44.25129231,0.05496040589,-0.05811396617,0.06141502133,0.06174228115
44.29714857,0.05520956647,-0.05833293709,0.06135459556,0.06167509428
44.34300484,0.05545298408,-0.05854568834,0.06129030158,0.06160331203
44.3888611,0.05569071998,-0.05875229616,0.06122204186,0.06152681796
44.43471736,0.05592283544,-0.05895283682,0.0611497189,0.06144549562
44.48057362,0.05614939173,-0.05914738657,0.06107323516,0.06135922856
44.52642988,0.05637045011,-0.05933602166,0.06099249312,0.06126790033
44.57228614,0.05658607185,-0.05951881837,0.06090739527,0.06117139449
44.6181424,0.05679631821,-0.05969585294,0.06081784407,0.06106959458
44.66399867,0.05700125046,-0.05986720163,0.06072374201,0.06096238415
44.70985493,0.05720092986,-0.0600329407,0.06062499157,0.06084964675
44.75571119,0.05739541768,-0.0601931464,0.06052149522,0.06073126594
44.80156745,0.05758477519,-0.060347895,0.06041315544,0.06060712526
44.84742371,0.05776906365,-0.06049726274,0.06029987471,0.06047710827
44.89327997,0.05794834433,-0.06064132589,0.06018155551,0.06034109851
44.93913623,0.0581226785,-0.06078016071,0.06005810031,0.06019897954
44.9849925,0.05829212741,-0.06091384344,0.05992941159,0.06005063491
45.03084876,0.05845675234,-0.06104245036,0.05979539183,0.05989594816
45.07670502,0.05861661454,-0.06116605771,0.05965594352,0.05973480285
45.12256128,0.0587717753,-0.06128474175,0.05951096911,0.05956708254
45.16841754,0.05892229586,-0.06139857874,0.05936037111,0.05939267076
45.2142738,0.05906823751,-0.06150764493,0.05920405197,0.05921145107
45.26013007,0.0592096615,-0.06161201659,0.05904191419,0.05902330702
45.30598633,0.0593466291,-0.06171176997,0.05887386023,0.05882812216
45.35184259,0.05947920157,-0.06180698133,0.05869979258,0.05862578005
45.39769885,0.05960744018,-0.06189772693,0.05851961371,0.05841616423
45.44355511,0.0597314062,-0.06198408301,0.05833322611,0.05819915825
45.48941137,0.0598511609,-0.06206612585,0.05814053224,0.05797464566
45.53526763,0.05996676553,-0.06214393169,0.0579414346,0.05774251002
45.5811239,0.06007828137,-0.06221757679,0.05773583565,0.05750263487
45.62698016,0.06018576968,-0.06228713742,0.05752363787,0.05725490377
45.67283642,0.06028929172,-0.06235268982,0.05730474374,0.05699920027
45.71869268,0.06038890876,-0.06241431026,0.05707905575,0.05673540791
45.76454894,0.06048468208,-0.06247207499,0.05684647636,0.05646341025
45.8104052,0.06057667292,-0.06252606027,0.05660690805,0.05618309083
45.85626146,0.06066494256,-0.06257634235,0.05636025331,0.05589433322
45.90211773,0.06074955227,-0.0626229975,0.05610641461,0.05559702095
45.94797399,0.06083056331,-0.06266610197,0.05584529443,0.05529103759
45.99383025,0.06090803695,-0.06270573202,0.05557679525,0.05497626667
46.03968651,0.06098203444,-0.0627419639,0.05530081954,0.05465259175
46.08554277,0.06105261707,-0.06277487388,0.05501726979,0.05431989639
46.13139903,0.06111984609,-0.0628045382,0.05472604846,0.05397806413
46.17725529,0.06118378277,-0.06283103313,0.05442705805,0.05362697852
46.22311156,0.06124448837,-0.06285443492,0.05412020102,0.05326652311
46.26896782,0.06130202416,-0.06287481984,0.05380537985,0.05289658146
46.31482408,0.06135645141,-0.06289226413,0.05348249703,0.05251703711
46.36068034,0.06140783139,-0.06290684405,0.05315145503,0.05212777361
46.4065366,0.06145622535,-0.06291863587,0.05281215633,0.05172867453
46.45239286,0.06150169456,-0.06292771584,0.0524645034,0.05131962339
46.49824912,0.0615443003,-0.06293416021,0.05210839873,0.05090050377
46.54410539,0.06158410382,-0.06293804525,0.05174374479,0.0504711992
46.58996165,0.06162116639,-0.0629394472,0.05137044406,0.05003159324
46.63581791,0.06165554928,-0.06293844234,0.05098839902,0.04958156944
46.68167417,0.06168731375,-0.06293510691,0.05059751214,0.04912101134
46.72753043,0.06171652107,-0.06292951717,0.05019768591,0.04864980251
46.77338669,0.06174323251,-0.06292174938,0.0497888228,0.04816782649
46.81924295,0.06176750932,-0.06291187979,0.04937082529,0.04767496683
46.86509922,0.06178941278,-0.06289998467,0.04894359586,0.04717110708
46.91095548,0.06180900415,-0.06288614027,0.04850703699,0.04665613079
46.95681174,0.0618263447,-0.06287042285,0.04806105114,0.04612992151
47.002668,0.0618414957,-0.06285290866,0.04760554081,0.0455923628
47.04852426,0.0618545184,-0.06283367396,0.04714040847,0.0450433382
47.09438052,0.06186547408,-0.06281279502,0.0466655566,0.04448273127
47.14023679,0.06187442399,-0.06279034807,0.04618088767,0.04391042555
47.18609305,0.06188142942,-0.06276640939,0.04568630416,0.04332630459
47.23194931,0.06188655162,-0.06274105524,0.04518170856,0.04273025195
47.27780557,0.06188985185,-0.06271436186,0.04466700333,0.04212215118
47.32366183,0.06189139139,-0.06268640551,0.04414209097,0.04150188583
47.36951809,0.06189123149,-0.06265726246,0.04360687393,0.04086933944
47.41537435,0.06188943344,-0.06262700895,0.04306125471,0.04022439558
47.46123062,0.06188605848,-0.06259572125,0.04250513578,0.03956693778
47.50708688,0.06188116789,-0.06256347561,0.04193841962,0.0388968496
47.55294314,0.06187482293,-0.0625303483,0.04136100871,0.03821401459
47.5987994,0.06186708487,-0.06249641556,0.04077280552,0.03751831631
47.64465566,0.06185801498,-0.06246175365,0.04017371253,0.03680963829
47.69051192,0.06184767452,-0.06242643884,0.03956363223,0.0360878641
47.73636818,0.06183612475,-0.06239054738,0.03894246708,0.03535287728
47.78222445,0.06182342694,-0.06235415552,0.03831011957,0.03460456138
47.82808071,0.06180964236,-0.06231733952,0.03766649217,0.03384279996
47.87393697,0.06179483227,-0.06228017565,0.03701148737,0.03306747656
47.91979323,0.06177905794,-0.06224274015,0.03634500764,0.03227847474
47.96564949,0.06176238064,-0.06220510929,0.03566695545,0.03147567804
48.01150575,0.06174486162,-0.06216735932,0.03497723329,0.03065897002
48.05736201,0.06172656217,-0.06212956649,0.03427574363,0.02982823422
48.10321828,0.06170754353,-0.06209180708,0.03356238896,0.02898335421
48.14907454,0.06168786698,-0.06205415732,0.03283707174,0.02812421352
48.1949308,0.06166759379,-0.06201669349,0.03209969447,0.02725069571
48.24078706,0.06164678521,-0.06197949183,0.03135015961,0.02636268433
48.28664332,0.06162550252,-0.06194262861,0.03058836964,0.02546006293
48.33249958,0.06160380698,-0.06190618008,0.02981422704,0.02454271505
48.37835584,0.06158175986,-0.0618702225,0.0290276343,0.02361052426
48.42421211,0.06155942241,-0.06183483212,0.02822849388,0.02266337411
48.47006837,0.06153685592,-0.06180008521,0.02741670827,0.02170114813
48.51592463,0.06151412164,-0.06176605801,0.02659217994,0.02072372989
48.56178089,0.06149128084,-0.0617328268,0.02575481137,0.01973100293
48.60763715,0.06146839479,-0.06170046781,0.02490450504,0.0187228508
48.65349341,0.06144552474,-0.06166905732,0.02404116343,0.01769915706
48.69934967,0.06142273198,-0.06163867158,0.02316468901,0.01665980526
48.74520594,0.06140007775,-0.06160938684,0.02227498426,0.01560467894
48.7910622,0.06137762334,-0.06158127937,0.02137195167,0.01453366165
48.83691846,0.06135543,-0.06155442542,0.0204554937,0.01344663696
48.88277472,0.06133355899,-0.06152890124,0.01952551285,0.0123434884
48.92863098,0.0613120716,-0.0615047831,0.01858191157,0.01122409953
48.97448724,0.06129102908,-0.06148214725,0.01762459236,0.01008835389
49.02034351,0.06127049269,-0.06146106995,0.01665345769,0.00893613505
49.06619977,0.06125052371,-0.06144162745,0.01566841004,0.007767326548
49.11205603,0.06123118339,-0.06142389601,0.01466935188,0.006581811935
49.15791229,0.06121253301,-0.0614079519,0.0136561857,0.005379474764
49.20376855,0.06119463383,-0.06139387136,0.01262881397,0.004160198585
49.24962481,0.06117754712,-0.06138173066,0.01158713917,0.002923866947
49.29548107,0.06116133414,-0.06137160605,0.01053106378,0.001670363403
49.34133734,0.06114605615,-0.06136357379,0.009460490279,0.0003995715025
49.3871936,0.06113177443,-0.06135771013,0.008375321138,-0.0008886252041
49.43304986,0.06111855024,-0.06135409133,0.00727545884,-0.002194343166
49.47890612,0.06110644485,-0.06135279366,0.006160805861,-0.003517698833
49.52476238,0.06109551951,-0.06135389336,0.005031264679,-0.004858808653
49.57061864,0.06108583551,-0.0613574667,0.003886737774,-0.006217789078
49.6164749,0.06107745409,-0.06136358993,0.002727127622,-0.007594756555
49.66233117,0.06107043653,-0.0613723393,0.001552336702,-0.008989827534
49.70818743,0.0610648441,-0.06138379108,0.0003622674909,-0.01040311847
49.75404369,0.06106073805,-0.06139802153,-0.0008431775324,-0.0118347458
49.79989995,0.06105817967,-0.06141510689,-0.00206409589,-0.01328482598
49.84575621,0.0610572302,-0.06143512343,-0.003300585105,-0.01475347546
49.89161247,0.06105795092,-0.06145814741,-0.004552742699,-0.0162408107
49.93746873,0.06106040309,-0.06148425507,-0.005820666193,-0.01774694813
49.983325,0.06106464798,-0.06151352269,-0.00710445311,-0.01927200421
50.02918126,0.06107046277,-0.06154524412,-0.008397013196,-0.02080612712
50.07503752,0.06107685097,-0.06157663708,-0.009672498839,-0.02231344887
50.12089378,0.06108371189,-0.06160745143,-0.0109287019,-0.02379088216
50.16675004,0.06109103604,-0.06163769091,-0.0121657622,-0.02523859579
50.2126063,0.06109881393,-0.06166735927,-0.01338381955,-0.02665675857
50.25846256,0.06110703607,-0.06169646024,-0.01458301379,-0.0280455393
50.30431883,0.06111569297,-0.06172499757,-0.01576348473,-0.02940510679
50.35017509,0.06112477516,-0.06175297499,-0.01692537219,-0.03073562984
50.39603135,0.06113427313,-0.06178039624,-0.01806881599,-0.03203727725
50.44188761,0.0611441774,-0.06180726506,-0.01919395596,-0.03331021783
50.48774387,0.06115447849,-0.0618335852,-0.02030093192,-0.03455462037
50.53360013,0.06116516691,-0.06185936039,-0.02138988368,-0.03577065369
50.57945639,0.06117623316,-0.06188459437,-0.02246095107,-0.03695848658
50.62531266,0.06118766776,-0.06190929088,-0.0235142739,-0.03811828786
50.67116892,0.06119946123,-0.06193345367,-0.02454999201,-0.03925022632
50.71702518,0.06121160406,-0.06195708647,-0.0255682452,-0.04035447076
50.76288144,0.06122408679,-0.06198019302,-0.02656917331,-0.04143119
50.8087377,0.06123689991,-0.06200277707,-0.02755291615,-0.04248055283
50.85459396,0.06125003394,-0.06202484235,-0.02851961355,-0.04350272805
50.90045023,0.06126347939,-0.0620463926,-0.02946940532,-0.04449788448
50.94630649,0.06127722678,-0.06206743156,-0.03040243128,-0.04546619091
50.99216275,0.06129126661,-0.06208796298,-0.03131883126,-0.04640781616
51.03801901,0.0613055894,-0.06210799059,-0.03221874508,-0.04732292901
51.08387527,0.06132018567,-0.06212751813,-0.03310231256,-0.04821169827
51.12973153,0.06133504591,-0.06214654934,-0.03396967352,-0.04907429276
51.17558779,0.06135016065,-0.06216508797,-0.03482096778,-0.04991088127
51.22144406,0.06136552039,-0.06218313774,-0.03565633516,-0.0507216326
51.26730032,0.06138111566,-0.06220070241,-0.03647591549,-0.05150671557
51.31315658,0.06139693695,-0.06221778572,-0.03727984858,-0.05226629896
51.35901284,0.06141297478,-0.06223439139,-0.03806827425,-0.05300055159
51.4048691,0.06142921967,-0.06225052318,-0.03884133233,-0.05370964227
51.45072536,0.06144566213,-0.06226618482,-0.03959916264,-0.05439373978
51.49658162,0.06146229267,-0.06228138005,-0.040341905,-0.05505301294
51.54243789,0.06147910179,-0.06229611262,-0.04106969922,-0.05568763055
51.58829415,0.06149608002,-0.06231038625,-0.04178268514,-0.05629776142
51.63415041,0.06151321787,-0.0623242047,-0.04248100257,-0.05688357434
51.68000667,0.06153050584,-0.0623375717,-0.04316479133,-0.05744523813
51.72586293,0.06154793444,-0.062350491,-0.04383419124,-0.05798292158
51.77171919,0.0615654942,-0.06236296632,-0.04448934213,-0.05849679349
51.81757545,0.06158317563,-0.06237500142,-0.04513038381,-0.05898702268
51.86343172,0.06160096923,-0.06238660003,-0.04575745611,-0.05945377794
51.90928798,0.06161886551,-0.06239776589,-0.04637069885,-0.05989722808
51.95514424,0.06163685499,-0.06240850274,-0.04697025185,-0.06031754191
52.0010005,0.06165492819,-0.06241881432,-0.04755625493,-0.06071488822
52.04685676,0.06167307561,-0.06242870438,-0.0481288479,-0.06108943581
52.09271302,0.06169128776,-0.06243817665,-0.0486881706,-0.0614413535
52.13856928,0.06170955516,-0.06244723487,-0.04923436285,-0.06177081009
52.18442555,0.06172786832,-0.06245588278,-0.04976756445,-0.06207797437
52.23028181,0.06174621775,-0.06246412413,-0.05028791524,-0.06236301516
52.27613807,0.06176459396,-0.06247196264,-0.05079555504,-0.06262610126
52.32199433,0.06178298747,-0.06247940207,-0.05129062367,-0.06286740146
52.36785059,0.06180138879,-0.06248644615,-0.05177326094,-0.06308708458
52.41370685,0.06181978843,-0.06249309862,-0.05224360668,-0.06328531942
52.45956311,0.06183817689,-0.06249936322,-0.05270180071,-0.06346227478
52.50541938,0.06185654471,-0.06250524369,-0.05314798286,-0.06361811946
52.55127564,0.06187488237,-0.06251074378,-0.05358229293,-0.06375302227
52.5971319,0.06189318041,-0.06251586722,-0.05400487076,-0.063867152
52.64298816,0.06191142932,-0.06252061775,-0.05441585616,-0.06396067748
52.68884442,0.06192961963,-0.06252499911,-0.05481538896,-0.06403376749
52.73470068,0.06194774184,-0.06252901504,-0.05520360898,-0.06408659085
52.78055695,0.06196578646,-0.06253266928,-0.05558065603,-0.06411931635
52.82641321,0.06198374402,-0.06253596557,-0.05594666994,-0.06413211279
52.87226947,0.06200160501,-0.06253890766,-0.05630179053,-0.064125149
52.91812573,0.06201935996,-0.06254149928,-0.05664615762,-0.06409859375
52.96398199,0.06203699936,-0.06254374417,-0.05697991104,-0.06405261587
53.00983825,0.06205451375,-0.06254564607,-0.05730319059,-0.06398738415
53.05569451,0.06207189362,-0.06254720872,-0.05761613611,-0.06390306739
53.10155078,0.0620891295,-0.06254843586,-0.05791888742,-0.06379983441
53.14740704,0.06210621188,-0.06254933123,-0.05821158433,-0.063677854
53.1932633,0.06212313129,-0.06254989858,-0.05849436666,-0.06353729496
53.23911956,0.06213987824,-0.06255014163,-0.05876737425,-0.06337832611
53.28497582,0.06215644323,-0.06255006414,-0.0590307469,-0.06320111624
53.33083208,0.06217281679,-0.06254966984,-0.05928462445,-0.06300583416
53.37668834,0.06218898941,-0.06254896246,-0.0595291467,-0.06279264866
53.42254461,0.06220495163,-0.06254794576,-0.05976445349,-0.06256172857
53.46840087,0.06222069393,-0.06254662348,-0.05999068463,-0.06231324267
53.51425713,0.06223620685,-0.06254499934,-0.06020797994,-0.06204735977
53.56011339,0.06225148089,-0.06254307709,-0.06041647925,-0.06176424868
53.60596965,0.06226650656,-0.06254086047,-0.06061632238,-0.06146407819
53.65182591,0.06228127437,-0.06253835323,-0.06080764914,-0.06114701712
53.69768217,0.06229577484,-0.06253555909,-0.06099059937,-0.06081323427
53.74353844,0.06230999848,-0.06253248181,-0.06116531287,-0.06046289843
53.7893947,0.0623239358,-0.06252912512,-0.06133192947,-0.06009617842
53.83525096,0.06233757732,-0.06252549275,-0.06149058899,-0.05971324303
53.88110722,0.06235091353,-0.06252158846,-0.06164143126,-0.05931426107
53.92696348,0.06236393497,-0.06251741598,-0.06178459609,-0.05889940134
53.97281974,0.06237663213,-0.06251297905,-0.0619202233,-0.05846883266
54.018676,0.06238899554,-0.06250828141,-0.06204845272,-0.05802272381
54.06453227,0.0624010157,-0.0625033268,-0.06216942417,-0.0575612436
54.11038853,0.06241268312,-0.06249811896,-0.06228327746,-0.05708456085
54.15624479,0.06242398832,-0.06249266164,-0.06239015242,-0.05659284434
54.20210105,0.06243492181,-0.06248695856,-0.06249018887,-0.05608626289
54.24795731,0.0624454741,-0.06248101347,-0.06258352664,-0.05556498529
54.29381357,0.0624556357,-0.06247483012,-0.06267030553,-0.05502918036
54.33966983,0.06246539713,-0.06246841223,-0.06275066538,-0.05447901689
54.3855261,0.0624747489,-0.06246176355,-0.062824746,-0.05391466369
54.43138236,0.06248368152,-0.06245488783,-0.06289268722,-0.05333628957
54.47723862,0.06249218549,-0.06244778879,-0.06295462885,-0.05274406331
54.52309488,0.06250025134,-0.06244047019,-0.06301071072,-0.05213815374
54.56895114,0.06250786958,-0.06243293576,-0.06306107265,-0.05151872965
54.6148074,0.06251503072,-0.06242518923,-0.06310585446,-0.05088595985
54.66066367,0.06252172526,-0.06241723436,-0.06314519597,-0.05024001313
54.70651993,0.06252794372,-0.06240907488,-0.063179237,-0.04958105831
54.75237619,0.06253367662,-0.06240071452,-0.06320811737,-0.04890926418
54.79823245,0.06253891447,-0.06239215704,-0.0632319769,-0.04822479956
54.84408871,0.06254364777,-0.06238340617,-0.06325095542,-0.04752783324
54.88994497,0.06254786704,-0.06237446564,-0.06326519275,-0.04681853402
54.93580123,0.0625515628,-0.06236533921,-0.0632748287,-0.04609707072
54.9816575,0.06255472554,-0.06235603061,-0.0632800031,-0.04536361213
55.02751376,0.0625573458,-0.06234654358,-0.06328085576,-0.04461832705
55.07337002,0.06255941407,-0.06233688185,-0.06327752652,-0.0438613843
55.11922628,0.06256092087,-0.06232704918,-0.06327015519,-0.04309295268
55.16508254,0.06256185672,-0.0623170493,-0.06325888159,-0.04231320098
55.2109388,0.06256221211,-0.06230688594,-0.06324384554,-0.04152229801
55.25679506,0.06256197758,-0.06229656286,-0.06322518687,-0.04072041258
55.30265133,0.06256114362,-0.06228608379,-0.06320304539,-0.03990771349
55.34850759,0.06255970075,-0.06227545246,-0.06317756092,-0.03908436954
55.39436385,0.06255763949,-0.06226467263,-0.0631488733,-0.03825054953
55.44022011,0.06255495034,-0.06225374803,-0.06311712233,-0.03740642228
55.48607637,0.06255162382,-0.06224268239,-0.06308244784,-0.03655215657
55.53193263,0.06254765043,-0.06223147947,-0.06304498965,-0.03568792123
55.57778889,0.06254302069,-0.06222014299,-0.06300488758,-0.03481388504
55.62364516,0.06253772512,-0.06220867671,-0.06296228145,-0.03393021682
55.66950142,0.06253175422,-0.06219708435,-0.06291731109,-0.03303708536
55.71535768,0.06252509851,-0.06218536967,-0.06287011631,-0.03213465948
55.76121394,0.0625177485,-0.06217353639,-0.06282083694,-0.03122310796
55.8070702,0.0625096947,-0.06216158826,-0.06276961279,-0.03030259963
55.85292646,0.06250092762,-0.06214952902,-0.06271658369,-0.02937330328
55.89878272,0.06249143777,-0.06213736242,-0.06266188946,-0.02843538771
55.94463899,0.06248121568,-0.06212509218,-0.06260566992,-0.02748902173
55.99049525,0.06247025184,-0.06211272205,-0.06254806489,-0.02653437414
56.03635151,0.06245853677,-0.06210025577,-0.06248921419,-0.02557161374
56.08220777,0.06244606098,-0.06208769708,-0.06242925764,-0.02460090935
56.12806403,0.06243281499,-0.06207504972,-0.06236833506,-0.02362242975
56.17392029,0.06241878931,-0.06206231742,-0.06230658628,-0.02263634377
56.21977655,0.06240397445,-0.06204950394,-0.06224415112,-0.02164282019
56.26563282,0.06238836092,-0.06203661301,-0.06218116939,-0.02064202782
56.31148908,0.06237193923,-0.06202364836,-0.06211778092,-0.01963413547
56.35734534,0.06235469989,-0.06201061375,-0.06205412553,-0.01861931194
56.4032016,0.06233663342,-0.0619975129,-0.06199034304,-0.01759772603
56.44905786,0.06231773034,-0.06198434957,-0.06192657327,-0.01656954655
56.49491412,0.06229798114,-0.06197112748,-0.06186295605,-0.0155349423
56.54077039,0.06227737635,-0.06195785038,-0.06179963118,-0.01449408208
56.58662665,0.06225590647,-0.06194452201,-0.0617367385,-0.0134471347
56.63248291,0.06223356202,-0.06193114611,-0.06167441782,-0.01239426897
56.67833917,0.06221033351,-0.06191772642,-0.06161280897,-0.01133565367
56.72419543,0.06218621145,-0.06190426667,-0.06155205177,-0.01027145763
56.77005169,0.06216118636,-0.06189077062,-0.06149228604,-0.00920184963
56.81590795,0.06213524874,-0.061877242,-0.06143365159,-0.008126998489
56.86176422,0.0621083891,-0.06186368454,-0.06137628826,-0.007047073007
56.90762048,0.06208059797,-0.06185010199,-0.06132033585,-0.005962241987
56.95347674,0.06205186585,-0.06183649809,-0.0612659342,-0.004872674232
56.999333,0.06202218325,-0.06182287658,-0.06121322312,-0.003778538546
57.04518926,0.06199154069,-0.0618092412,-0.06116234244,-0.002680003732
57.09104552,0.06195992868,-0.06179559569,-0.06111343197,-0.001577238595
57.13690178,0.06192733773,-0.06178194379,-0.06106663154,-0.0004704119367
57.18275805,0.06189375835,-0.06176828923,-0.06102208097,0.0006403074384
57.22861431,0.06185918105,-0.06175463577,-0.06097992007,0.001754750727
57.27447057,0.06182359635,-0.06174098713,-0.06094028868,0.002872749126
57.32032683,0.06178699476,-0.06172734706,-0.0609033266,0.003994133831
57.36618309,0.06174936679,-0.0617137193,-0.06086917367,0.005118736039
57.41203935,0.06171070295,-0.06170010759,-0.0608379697,0.006246386946
57.45789561,0.06167099375,-0.06168651566,-0.06080985451,0.00737691775
57.50375188,0.06163022971,-0.06167294727,-0.06078496793,0.008510159646
57.54960814,0.06158840134,-0.06165940614,-0.06076344977,0.00964594383
57.5954644,0.06154549915,-0.06164589602,-0.06074543986,0.0107841015
57.64132066,0.06150151365,-0.06163242065,-0.06073107802,0.01192446385
57.68717692,0.06145643536,-0.06161898377,-0.06072050407,0.01306686208
57.73303318,0.06141025478,-0.06160558912,-0.06071385783,0.01421112739
57.77888944,0.06136296243,-0.06159224043,-0.06071127912,0.01535709096
57.82474571,0.06131454882,-0.06157894145,-0.06071290776,0.01650458401
57.87060197,0.06126500447,-0.06156569593,-0.06071888358,0.01765343772
57.91645823,0.06121431988,-0.06155250758,-0.06072934638,0.01880348329
57.96231449,0.06116248556,-0.06153938017,-0.06074443601,0.01995455191
58.00817075,0.06110949204,-0.06152631743,-0.06076429227,0.02110647479
58.05402701,0.06105532981,-0.06151332309,-0.06078905499,0.02225908312
58.09988327,0.0609999894,-0.0615004009,-0.06081886398,0.0234122081
58.14573954,0.06094346132,-0.0614875546,-0.06085385908,0.02456568092
58.1915958,0.06088573607,-0.06147478793,-0.06089418009,0.02571933278
58.23745206,0.06082680417,-0.06146210463,-0.06093996685,0.02687299487
58.28330832,0.06076665613,-0.06144950843,-0.06099135917,0.0280264984
58.32916458,0.06070528246,-0.06143700308,-0.06104849688,0.02917967456
58.37502084,0.06064583009,-0.06142572917,-0.06110843399,0.03032265731
58.42087711,0.06059265171,-0.06141722094,-0.0611668838,0.03144184085
58.46673337,0.06054562417,-0.06141137437,-0.06122383105,0.03253734753
58.51258963,0.06050459257,-0.06140807391,-0.06127929117,0.03360939723
58.55844589,0.06046940198,-0.06140720401,-0.06133327959,0.03465820983
58.60430215,0.0604398975,-0.06140864914,-0.06138581173,0.03568400518
58.65015841,0.0604159242,-0.06141229374,-0.06143690302,0.03668700317
58.69601467,0.06039732717,-0.06141802226,-0.0614865689,0.03766742365
58.74187094,0.0603839515,-0.06142571916,-0.06153482478,0.03862548651
58.7877272,0.06037564227,-0.06143526889,-0.06158168611,0.03956141161
58.83358346,0.06037224456,-0.06144655589,-0.0616271683,0.04047541882
58.87943972,0.06037360346,-0.06145946464,-0.06167128679,0.04136772802
58.92529598,0.06037956406,-0.06147387956,-0.06171405701,0.04223855907
58.97115224,0.06038997145,-0.06148968513,-0.06175549438,0.04308813184
59.0170085,0.06040467069,-0.06150676579,-0.06179561433,0.04391666621
59.06286477,0.06042350689,-0.06152500599,-0.06183443229,0.04472438205
59.10872103,0.06044632513,-0.06154429019,-0.06187196369,0.04551149922
59.15457729,0.06047297049,-0.06156450283,-0.06190822395,0.0462782376
59.20043355,0.06050328805,-0.06158552838,-0.06194322851,0.04702481705
59.24628981,0.0605371229,-0.06160725128,-0.0619769928,0.04775145745
59.29214607,0.06057432013,-0.06162955599,-0.06200953224,0.04845837867
59.33800233,0.06061472482,-0.06165232695,-0.06204086226,0.04914580058
59.3838586,0.06065818206,-0.06167544863,-0.06207099828,0.04981394305
59.42971486,0.06070453693,-0.06169880547,-0.06209995575,0.05046302595
59.47557112,0.06075363451,-0.06172228193,-0.06212775009,0.05109326914
59.52142738,0.0608053199,-0.06174576245,-0.06215439671,0.05170489251
59.56728364,0.06085943817,-0.0617691315,-0.06217991107,0.05229811592
59.6131399,0.06091583441,-0.06179227351,-0.06220430857,0.05287315924
59.65899616,0.06097435371,-0.06181507296,-0.06222760466,0.05343024234
59.70485243,0.06103484115,-0.06183741428,-0.06224981475,0.0539695851
59.75070869,0.06109714182,-0.06185918193,-0.06227095428,0.05449140738
59.79656495,0.0611611008,-0.06188026037,-0.06229103868,0.05499592905
59.84242121,0.06122656317,-0.06190053404,-0.06231008337,0.05548336998
59.88827747,0.06129337403,-0.0619198874,-0.06232810379,0.05595395006
59.93413373,0.06136137845,-0.0619382049,-0.06234511536,0.05640788913
59.97998999,0.06143042152,-0.06195537099,-0.06236113351,0.05684540708
60.02584626,0.06150034833,-0.06197127013,-0.06237617366,0.05726672378
60.07170252,0.06157100396,-0.06198578677,-0.06239025125,0.0576720591
60.11755878,0.0616422335,-0.06199880536,-0.06240338171,0.0580616329
60.16341504,0.06171388203,-0.06201021035,-0.06241558047,0.05843566506
60.2092713,0.06178579464,-0.06201988619,-0.06242686294,0.05879437545
60.25512756,0.0618578164,-0.06202771735,-0.06243724457,0.05913798393
60.30098383,0.06192979242,-0.06203358826,-0.06244674078,0.05946671039
60.34684009,0.06200156776,-0.06203738339,-0.06245536699,0.05978077468
60.39269635,0.06207298753,-0.06203898718,-0.06246313864,0.06008039669
60.43855261,0.06214389679,-0.06203828409,-0.06247007116,0.06036579628
60.48440887,0.06221414064,-0.06203515857,-0.06247617997,0.06063719332
60.53026513,0.06228356416,-0.06202949508,-0.0624814805,0.06089480768
60.57612139,0.06235201244,-0.06202117806,-0.06248598818,0.06113885923
60.62197766,0.06241933056,-0.06201009196,-0.06248971844,0.06136956785
60.66783392,0.06248536361,-0.06199612125,-0.06249268671,0.06158715339
60.71369018,0.06254995667,-0.06197915037,-0.06249490842,0.06179183575
60.75954644,0.06261295482,-0.06195906377,-0.06249639899,0.06198383477
60.8054027,0.06267420316,-0.06193574591,-0.06249717385,0.06216337035
60.85125896,0.06273354676,-0.06190908124,-0.06249724844,0.06233066234
60.89711522,0.06279083072,-0.06187895422,-0.06249663817,0.06248593061
60.94297149,0.06284590011,-0.06184524929,-0.06249535848,0.06262939504
60.98882775,0.06289860002,-0.06180785091,-0.0624934248,0.0627612755
61.03468401,0.06294877554,-0.06176664352,-0.06249085256,0.06288179185
61.08054027,0.06299627176,-0.06172151159,-0.06248765718,0.06299116398
61.12639653,0.06304093375,-0.06167233957,-0.06248385409,0.06308961174
61.17225279,0.0630826066,-0.0616190119,-0.06247945873,0.06317735501
61.21810905,0.0631211354,-0.06156141304,-0.06247448651,0.06325461366
61.26396532,0.06315636523,-0.06149942744,-0.06246895287,0.06332160756
61.30982158,0.06318814117,-0.06143293956,-0.06246287324,0.06337855658
61.35567784,0.06321630832,-0.06136183385,-0.06245626304,0.06342568059
61.4015341,0.06324071176,-0.06128599475,-0.06244913771,0.06346319947
61.44739036,0.06326119657,-0.06120530673,-0.06244151267,0.06349133307
61.49324662,0.06327760783,-0.06111965423,-0.06243340334,0.06351030128
61.53910288,0.06328979064,-0.06102892171,-0.06242482517,0.06352032396
61.58495915,0.06329759007,-0.06093299362,-0.06241579358,0.06352162099
61.63081541,0.06330085122,-0.06083175441,-0.06240632399,0.06351441223
61.67667167,0.06329941916,-0.06072508854,-0.06239643184,0.06349891755
61.72252793,0.06329313898,-0.06061288045,-0.06238613254,0.06347535683
61.76838419,0.06328185578,-0.0604950146,-0.06237544155,0.06344394994
61.81424045,0.06326541462,-0.06037137545,-0.06236437427,0.06340491674
61.86009672,0.0632436606,-0.06024184744,-0.06235294614,0.06335847711
61.90595298,0.06321643881,-0.06010631502,-0.06234117258,0.06330485092
61.95180924,0.06318359432,-0.05996466266,-0.06232906903,0.06324425803
61.9976655,0.06314497222,-0.05981677479,-0.06231665092,0.06317691832
62.04352176,0.0631004176,-0.05966253588,-0.06230393367,0.06310305167
62.08937802,0.06304977554,-0.05950183038,-0.06229093271,0.06302287793
62.13523428,0.06299289113,-0.05933454274,-0.06227766347,0.06293661698
62.18109055,0.06292960945,-0.05916055741,-0.06226414137,0.06284448869
62.22694681,0.06285977559,-0.05897975884,-0.06225038186,0.06274671293
62.27280307,0.06278323463,-0.05879203149,-0.06223640034,0.06264350957
62.31865933,0.06269983166,-0.05859725981,-0.06222221227,0.06253509849
62.36451559,0.06260941176,-0.05839532825,-0.06220783305,0.06242169955
62.41037185,0.06251182002,-0.05818612127,-0.06219327812,0.06230353262
62.45622811,0.06240690152,-0.05796952331,-0.06217856292,0.06218081757
62.50208438,0.06229450135,-0.05774541883,-0.06216370286,0.06205377428
62.54794064,0.06217446459,-0.05751369228,-0.06214871338,0.06192262261
62.5937969,0.06204663632,-0.05727422812,-0.0621336099,0.06178758244
62.63965316,0.06191086164,-0.05702691079,-0.06211840785,0.06164887363
62.68550942,0.06176698563,-0.05677162475,-0.06210312267,0.06150671606
62.73136568,0.06161485337,-0.05650825446,-0.06208776977,0.0613613296
62.77722194,0.06145430995,-0.05623668435,-0.0620723646,0.06121293411
62.82307821,0.06128520045,-0.0559567989,-0.06205692257,0.06106174947
62.86893447,0.06110736996,-0.05566848254,-0.06204145912,0.06090799555
62.91479073,0.06092066356,-0.05537161973,-0.06202598967,0.06075189222
62.96064699,0.06072492633,-0.05506609493,-0.06201052965,0.06059365934
63.00650325,0.06052000337,-0.05475179258,-0.06199509449,0.0604335168
63.05235951,0.06030573976,-0.05442859715,-0.06197969963,0.06027168446
63.09821577,0.06008198058,-0.05409639307,-0.06196436048,0.06010838218
63.14407204,0.05984857092,-0.05375506481,-0.06194909248,0.05994382985
63.1899283,0.05960535586,-0.05340449681,-0.06193391105,0.05977824733
63.23578456,0.05935218049,-0.05304457353,-0.06191883163,0.05961185449
63.28164082,0.05908888989,-0.05267517943,-0.06190386964,0.05944487121
63.32749708,0.05881532914,-0.05229619894,-0.06188904051,0.05927751735
63.37335334,0.05853134335,-0.05190751654,-0.06187435966,0.05911001278
63.4192096,0.05823677757,-0.05150901666,-0.06185984254,0.05894257738
63.46506587,0.05793147692,-0.05110058376,-0.06184550456,0.05877543101
63.51092213,0.05761528645,-0.05068210229,-0.06183136116,0.05860879354
63.55677839,0.05728805128,-0.05025345672,-0.06181742776,0.05844288486
63.60263465,0.05694961647,-0.04981453148,-0.06180371979,0.05827792481
63.64849091,0.05659982711,-0.04936521103,-0.06179025268,0.05811413329
63.69434717,0.05623852829,-0.04890537982,-0.06177704185,0.05795173015
63.74020344,0.05586556509,-0.04843492231,-0.06176410275,0.05779093527
63.7860597,0.0554807826,-0.04795372295,-0.06175145079,0.05763196852
63.83191596,0.05508402591,-0.04746166619,-0.06173910141,0.05747504977
63.87777222,0.05467514009,-0.04695863648,-0.06172707002,0.05732039889
63.92362848,0.05425397023,-0.04644451828,-0.06171537207,0.05716823574
63.96948474,0.05382036143,-0.04591919604,-0.06170402298,0.05701878021
64.015341,0.05337415875,-0.0453825542,-0.06169303818,0.05687225216
64.06119727,0.05291520729,-0.04483447723,-0.06168243309,0.05672887146
64.10705353,0.05244335214,-0.04427484958,-0.06167222314,0.05658885798
64.15290979,0.05195843838,-0.04370355569,-0.06166242378,0.0564524316
64.19876605,0.05146031108,-0.04312048003,-0.06165305041,0.05631981218
64.24462231,0.05094881535,-0.04252550704,-0.06164411847,0.05619121959
64.29047857,0.05042379626,-0.04191852117,-0.06163564339,0.0560668737
64.33633483,0.04988509889,-0.04129940688,-0.0616276406,0.05594699439
64.3821911,0.04933256834,-0.04066804862,-0.06162012553,0.05583180153
64.42804736,0.04876604969,-0.04002433085,-0.0616131136,0.05572151498
64.47390362,0.04818538802,-0.039368138,-0.06160662024,0.05561635462
64.51975988,0.04759042842,-0.03869935455,-0.06160066088,0.05551654031
64.56561614,0.04698101597,-0.03801786494,-0.06159525096,0.05542229193
64.6114724,0.04635699576,-0.03732355362,-0.06159040589,0.05533382935
64.65732866,0.04571821288,-0.03661630505,-0.06158614111,0.05525137244
64.70318493,0.0450645124,-0.03589600367,-0.06158247204,0.05517514106
64.74904119,0.04439573941,-0.03516253394,-0.06157941412,0.0551053551
64.79489745,0.04371173901,-0.03441578032,-0.06157698277,0.05504223441
64.84075371,0.04301235626,-0.03365562725,-0.06157519342,0.05498599888
64.88660997,0.04229743627,-0.03288195919,-0.0615740615,0.05493686836
64.93246623,0.04156682411,-0.03209466059,-0.06157360244,0.05489506274
64.97832249,0.04082036486,-0.0312936159,-0.06157383167,0.05486080188
65.02417876,0.04005790362,-0.03047870958,-0.06157476461,0.05483430565
65.07003502,0.03927928547,-0.02964982608,-0.06157641669,0.05481579392
65.11589128,0.03848435549,-0.02880684984,-0.06157880335,0.05480548657
65.16174754,0.03767295877,-0.02794966533,-0.06158194,0.05480360346
65.2076038,0.03684494039,-0.02707815699,-0.06158584209,0.05481036446
65.25346006,0.03600014544,-0.02619220928,-0.06159052503,0.05482598945
65.29931632,0.03513841901,-0.02529170665,-0.06159600426,0.0548506983
65.34517259,0.03425960617,-0.02437653355,-0.0616022952,0.05488471087
65.39102885,0.03336355202,-0.02344657444,-0.06160941328,0.05492824703
65.43688511,0.03245010163,-0.02250171376,-0.06161737394,0.05498152667
65.48274137,0.0315191001,-0.02154183597,-0.0616261926,0.05504476964
65.52859763,0.03057039251,-0.02056682553,-0.06163588468,0.05511819582
65.57445389,0.02960382394,-0.01957656688,-0.06164646562,0.05520202508
65.62031016,0.02861923948,-0.01857094448,-0.06165795085,0.05529647729
65.66616642,0.02761648421,-0.01754984278,-0.06167035579,0.05540177231
65.71202268,0.02659540323,-0.01651314623,-0.06168369587,0.05551813003
65.75787894,0.0255558416,-0.01546073928,-0.06169798653,0.05564577031
65.8037352,0.02449764442,-0.01439250639,-0.06171324318,0.05578491301
65.84959146,0.02342065678,-0.01330833201,-0.06172948126,0.05593577802
65.89544772,0.02232472376,-0.01220810059,-0.0617467162,0.05609858521
65.94130399,0.02120969044,-0.01109169659,-0.06176496342,0.05627355443
65.98716025,0.02007540191,-0.009959004456,-0.06178423836,0.05646090557
66.03301651,0.01892170325,-0.00880990864,-0.06180455643,0.05666085849
66.07887277,0.01774843955,-0.007644293596,-0.06182593308,0.05687363306
66.12472903,0.01655545589,-0.006462043776,-0.06184838373,0.05709944916
66.17058529,0.01534259737,-0.005263043633,-0.0618719238,0.05733852666
66.21644155,0.01410970905,-0.00404717762,-0.06189656873,0.05759108542
66.26229782,0.01285663604,-0.002814330188,-0.06192233394,0.05785734532
66.30815408,0.01158322341,-0.00156438579,-0.06194923487,0.05813752622
66.35401034,0.01028931625,-0.0002972288796,-0.06197728694,0.058431848
66.3998666,0.008974759641,0.000987256092,-0.06200650558,0.05874053053
66.44572286,0.007639398672,0.002289184672,-0.06203690621,0.05906379368
66.49157912,0.006283078427,0.003608672407,-0.06206850428,0.05940185731
66.53743538,0.004905643991,0.004945834847,-0.0621013152,0.05975494131
66.58329165,0.003506940449,0.006300787536,-0.0621353544,0.06012326553
66.62914791,0.002086812886,0.007673646025,-0.06217063731,0.06050704986
66.67500417,0.0006458147614,0.00906368582,-0.06220689503,0.06090589668
66.72086043,-0.0007884033259,0.01043809837,-0.06223301267,0.06129577924
66.76671669,-0.002201644806,0.01178016944,-0.06224336149,0.06166437248
66.81257295,-0.00359405683,0.01309021833,-0.06223808477,0.06201185003
66.85842921,-0.00496578655,0.01436856433,-0.0622173258,0.06233838554
66.90428548,-0.006316981115,0.01561552673,-0.06218122786,0.06264415264
66.95014174,-0.007647787678,0.01683142484,-0.06212993422,0.06292932497
66.995998,-0.00895835339,0.01801657793,-0.06206358817,0.06319407617
67.04185426,-0.0102488254,0.01917130532,-0.061982333,0.06343857986
67.08771052,-0.01151935086,0.02029592629,-0.06188631198,0.0636630097
67.13356678,-0.01277007693,0.02139076013,-0.0617756684,0.06386753931
67.17942304,-0.01400115074,0.02245612614,-0.06165054553,0.06405234234
67.22527931,-0.01521271947,0.02349234362,-0.06151108666,0.06421759241
67.27113557,-0.01640493024,0.02449973185,-0.06135743508,0.06436346318
67.31699183,-0.01757793023,0.02547861013,-0.06118973405,0.06449012827
67.36284809,-0.01873186657,0.02642929776,-0.06100812687,0.06459776132
67.40870435,-0.01986688642,0.02735211403,-0.06081275682,0.06468653597
67.45456061,-0.02098313693,0.02824737823,-0.06060376717,0.06475662586
67.50041688,-0.02208076525,0.02911540966,-0.06038130122,0.06480820462
67.54627314,-0.02315991853,0.02995652761,-0.06014550223,0.06484144589
67.5921294,-0.02422074392,0.03077105137,-0.0598965135,0.06485652332
67.63798566,-0.02526338858,0.03155930025,-0.0596344783,0.06485361052
67.68384192,-0.02628799966,0.03232159353,-0.05935953992,0.06483288115
67.72969818,-0.0272947243,0.0330582505,-0.05907184163,0.06479450884
67.77555444,-0.02828370966,0.03376959047,-0.05877152673,0.06473866722
67.82141071,-0.02925510289,0.03445593272,-0.05845873848,0.06466552994
67.86726697,-0.03020905114,0.03511759654,-0.05813362018,0.06457527063
67.91312323,-0.03114570156,0.03575490125,-0.05779631511,0.06446806293
67.95897949,-0.0320652013,0.03636816612,-0.05744696654,0.06434408047
68.00483575,-0.03296769752,0.03695771045,-0.05708571776,0.0642034969
68.05069201,-0.03385333736,0.03752385353,-0.05671271205,0.06404648584
68.09654827,-0.03472226798,0.03806691467,-0.05632809269,0.06387322094
68.14240454,-0.03557463652,0.03858721314,-0.05593200296,0.06368387583
68.1882608,-0.03641059014,0.03908506826,-0.05552458615,0.06347862416
68.23411706,-0.03723027599,0.0395607993,-0.05510598553,0.06325763955
68.27997332,-0.03803384123,0.04001472557,-0.0546763444,0.06302109565
68.32582958,-0.03882143299,0.04044716636,-0.05423580602,0.06276916609
68.37168584,-0.03959319843,0.04085844096,-0.05378451369,0.06250202451
68.4175421,-0.04034928471,0.04124886866,-0.05332261068,0.06221984455
68.46339837,-0.04108983897,0.04161876877,-0.05285024027,0.06192279984
68.50925463,-0.04181500837,0.04196846057,-0.05236754575,0.06161106402
68.55511089,-0.04252494006,0.04229826337,-0.0518746704,0.06128481073
68.60096715,-0.04321978119,0.04260849644,-0.0513717575,0.06094421361
68.64682341,-0.0438996789,0.04289947909,-0.05085895034,0.06058944629
68.69267967,-0.04456478035,0.04317153061,-0.05033639218,0.0602206824
68.73853593,-0.0452152327,0.04342497029,-0.04980422632,0.0598380956
68.7843922,-0.04585118309,0.04366011744,-0.04926259604,0.0594418595
68.83024846,-0.04647277867,0.04387729133,-0.04871164462,0.05903214776
68.87610472,-0.0470801666,0.04407681128,-0.04815151534,0.05860913401
68.92196098,-0.04767349402,0.04425899656,-0.04758235148,0.05817299188
68.96781724,-0.04825290809,0.04442416648,-0.04700429633,0.05772389501
69.0136735,-0.04881855596,0.04457264032,-0.04641749316,0.05726201705
69.05952976,-0.04937058478,0.04470473739,-0.04582208525,0.05678753162
69.10538603,-0.0499091417,0.04482077697,-0.0452182159,0.05630061236
69.15124229,-0.05043437387,0.04492107837,-0.04460602838,0.05580143291
69.19709855,-0.05094642845,0.04500596087,-0.04398566597,0.05529016692
69.24295481,-0.05144545258,0.04507574377,-0.04335727196,0.054766988
69.28881107,-0.05193159341,0.04513074635,-0.04272098962,0.05423206981
69.33466733,-0.0524049981,0.04517128793,-0.04207696224,0.05368558598
69.3805236,-0.0528658138,0.04519768778,-0.0414253331,0.05312771015
69.42637986,-0.05331418765,0.04521026521,-0.04076624548,0.05255861595
69.47223612,-0.05375026682,0.04520933951,-0.04009984266,0.05197847702
69.51809238,-0.05417419845,0.04519522997,-0.03942626793,0.051387467
69.56394864,-0.05458612968,0.04516825589,-0.03874566456,0.05078575952
69.6098049,-0.05498620769,0.04512873655,-0.03805817584,0.05017352823
69.65566116,-0.0553745796,0.04507699126,-0.03736394505,0.04955094676
69.70151743,-0.05575139258,0.04501333931,-0.03666311547,0.04891818874
69.74737369,-0.05611679378,0.04493809999,-0.03595583039,0.04827542781
69.79322995,-0.05647093035,0.0448515926,-0.03524223308,0.04762283762
69.83908621,-0.05681394943,0.04475413642,-0.03452246683,0.0469605918
69.88494247,-0.05714599819,0.04464605076,-0.03379667491,0.04628886398
69.93079873,-0.05746722376,0.04452765491,-0.03306500062,0.0456078278
69.97665499,-0.05777777331,0.04439926816,-0.03232758722,0.0449176569
70.02251126,-0.05807779398,0.0442612098,-0.03158457802,0.04421852492
70.06836752,-0.05836743293,0.04411379914,-0.03083611627,0.04351060549
70.11422378,-0.0586468373,0.04395735545,-0.03008234527,0.04279407226
70.16008004,-0.05891615425,0.04379219805,-0.0293234083,0.04206909885
70.2059363,-0.05917553092,0.04361864622,-0.02855944864,0.04133585891
70.25179256,-0.05942511448,0.04343701925,-0.02779060958,0.04059452606
70.29764882,-0.05966505206,0.04324763644,-0.02701703438,0.03984527396
70.34350509,-0.05989549083,0.04305081709,-0.02623886635,0.03908827624
70.38936135,-0.06011657792,0.04284688048,-0.02545624875,0.03832370653
70.43521761,-0.06032846051,0.04263614592,-0.02466932486,0.03755173847
70.48107387,-0.06053128572,0.04241893269,-0.02387823798,0.0367725457
70.52693013,-0.06072520073,0.04219556009,-0.02308313138,0.03598630185
70.57278639,-0.06091035267,0.04196634741,-0.02228414835,0.03519318056
70.61864265,-0.06108688869,0.04173161396,-0.02148143216,0.03439335548
70.66449892,-0.06125495596,0.04149167901,-0.02067512609,0.03358700023
70.71035518,-0.06141470162,0.04124686187,-0.01986537344,0.03277428846
70.75621144,-0.06156627281,0.04099748182,-0.01905231748,0.03195539379
70.8020677,-0.06170981671,0.04074385818,-0.01823610149,0.03113048988
70.84792396,-0.06184548044,0.04048631021,-0.01741686875,0.03029975035
70.89378022,-0.06197341117,0.04022515723,-0.01659476255,0.02946334884
70.93963648,-0.06209375605,0.03996071853,-0.01576992617,0.02862145899
70.98549275,-0.06220666222,0.03969331339,-0.01494250288,0.02777425444
71.03134901,-0.06231227684,0.03942326112,-0.01411263598,0.02692190882
71.07720527,-0.06241074706,0.039150881,-0.01328046874,0.02606459577
71.12306153,-0.06250222003,0.03887649234,-0.01244614444,0.02520248893
71.16891779,-0.0625868429,0.03860041442,-0.01160980637,0.02433576194
71.21477405,-0.06266476283,0.03832296654,-0.01077159781,0.02346458843
71.26063032,-0.06273612696,0.03804446799,-0.009931662041,0.02258914204
71.30648658,-0.06280108244,0.03776523807,-0.00909014234,0.0217095964
71.35234284,-0.06285977643,0.03748559607,-0.008247181992,0.02082612516
71.3981991,-0.06291235608,0.03720586129,-0.007402924279,0.01993890195
71.44405536,-0.06295896854,0.03692635302,-0.006557512482,0.01904810041
71.48991162,-0.06299976095,0.03664739054,-0.005711089884,0.01815389417
71.53576788,-0.06303488048,0.03636929317,-0.004863799765,0.01725645687
71.58162415,-0.06306447427,0.03609238018,-0.004015785408,0.01635596216
71.62748041,-0.06308868947,0.03581697088,-0.003167190093,0.01545258366
71.67333667,-0.06310767324,0.03554338456,-0.002318157104,0.01454649502
71.71919293,-0.06312157272,0.03527194052,-0.001468829722,0.01363786986
71.76504919,-0.06313053506,0.03500295804,-0.0006193512276,0.01272688183
71.81090545,-0.06313470743,0.03473675642,0.0002301350965,0.01181370457
71.85676171,-0.06313423696,0.03447365495,0.001079485969,0.01089851172
71.90261798,-0.06312927081,0.03421397293,0.001928558108,0.009981476897
71.94847424,-0.06311995614,0.03395802966,0.002777208231,0.009062773754
71.9943305,-0.06310644008,0.03370614442,0.003625293058,0.008142575926
72.04018676,-0.0630888698,0.03345863652,0.004472669306,0.007221057048
72.08604302,-0.06306739245,0.03321582523,0.005319193694,0.006298390759
72.13189928,-0.06304215517,0.03297802987,0.00616472294,0.005374750694
72.17775554,-0.06301330511,0.03274556972,0.007009113762,0.004450310492
72.22361181,-0.06298098944,0.03251876408,0.007852222879,0.00352524379
72.26946807,-0.06294535529,0.03229793223,0.008693907008,0.002599724224
72.31532433,-0.06290654982,0.03208339348,0.009534022869,0.001673925432
72.36118059,-0.06286472018,0.03187546712,0.01037242718,0.0007480210512
72.40703685,-0.06282001353,0.03167447244,0.01120897666,-0.0001778152817
72.45289311,-0.06277257701,0.03148072874,0.01204352802,-0.001103409929
72.49874937,-0.06272255777,0.03129455531,0.01287593799,-0.002028589255
72.54460564,-0.06267010297,0.03111627144,0.01370606328,-0.002953179621
72.5904619,-0.06261535976,0.03094619643,0.01453376061,-0.00387700739
72.63631816,-0.06255847528,0.03078464958,0.0153588867,-0.004799898925
72.68217442,-0.06249959669,0.03063195017,0.01618129827,-0.00572168059
72.72803068,-0.06243887115,0.0304884175,0.01700085203,-0.006642178746
72.77388694,-0.06237644579,0.03035437086,0.01781740471,-0.007561219757
72.8197432,-0.06231246778,0.03023012955,0.01863081302,-0.008478629986
72.86559947,-0.06224708426,0.03011601287,0.01944093368,-0.009394235795
72.91145573,-0.06218044238,0.0300123401,0.02024762341,-0.01030786355
72.95731199,-0.06211268931,0.02991943054,0.02105073893,-0.01121933961
73.00316825,-0.06204397217,0.02983760349,0.02185013695,-0.01212849033
73.04902451,-0.06197443814,0.02976717823,0.0226456742,-0.01303514209
73.09488077,-0.06190423435,0.02970847406,0.02343720738,-0.01393912125
73.14073704,-0.06183350797,0.02966181029,0.02422459323,-0.01484025416
73.1865933,-0.06176240614,0.02962750619,0.02500768846,-0.01573836719
73.23244956,-0.06169107601,0.02960588106,0.02578634978,-0.01663328671
73.27830582,-0.06161966473,0.02959725421,0.02656043392,-0.01752483907
73.32416208,-0.06154831946,0.02960194491,0.0273297976,-0.01841285064
73.37001834,-0.06147718734,0.02962027247,0.02809429752,-0.01929714779
73.4158746,-0.06140641554,0.02965255618,0.02885379042,-0.02017755686
73.46173087,-0.06133615119,0.02969911534,0.029608133,-0.02105390424
73.50758713,-0.06126654145,0.02976026923,0.03035718199,-0.02192601628
73.55344339,-0.06119773347,0.02983633715,0.0311007941,-0.02279371934
73.59929965,-0.0611298744,0.0299276384,0.03183882606,-0.02365683978
73.64515591,-0.06106311139,0.03003449227,0.03257113458,-0.02451520398
73.69101217,-0.0609975916,0.03015721806,0.03329757638,-0.02536863828
73.73686843,-0.06093346218,0.03029613505,0.03401800818,-0.02621696906
73.7827247,-0.06087087027,0.03045156254,0.03473228669,-0.02706002268
73.82858096,-0.06080996302,0.03062381983,0.03544026864,-0.0278976255
73.87443722,-0.0607508876,0.03081322621,0.03614181074,-0.02872960388
73.92029348,-0.06069379114,0.03102010097,0.03683676972,-0.02955578419
73.96614974,-0.06063882081,0.03124476341,0.03752500228,-0.03037599279
74.012006,-0.06058612375,0.03148753282,0.03820636515,-0.03119005604
74.05786226,-0.06053584711,0.0317487285,0.03888071505,-0.03199780031
74.10371853,-0.06048813805,0.03202866973,0.03954790869,-0.03279905195
74.14957479,-0.06044314371,0.03232767582,0.04020780279,-0.03359363733
74.19543105,-0.06040101124,0.03264606606,0.04086025408,-0.03438138282
74.24128731,-0.06036188781,0.03298415974,0.04150511926,-0.03516211477
74.28714357,-0.06032592055,0.03334227615,0.04214225506,-0.03593565955
74.33299983,-0.06029325662,0.0337207346,0.0427715182,-0.03670184352
74.37885609,-0.06026404318,0.03411985436,0.04339276539,-0.03746049305
74.42471236,-0.06023842737,0.03453995475,0.04400585336,-0.0382114345
74.47056862,-0.06021655634,0.03498135504,0.04461063881,-0.03895449422
74.51642488,-0.06019857724,0.03544437454,0.04520697848,-0.03968949859
74.56228114,-0.06018463723,0.03592933254,0.04579472907,-0.04041627397
74.6081374,-0.06017488346,0.03643654833,0.0463737473,-0.04113464671
74.65399366,-0.06016946307,0.03696634121,0.04694388991,-0.04184444319
74.69984992,-0.06016852322,0.03751903047,0.04750501359,-0.04254548976
74.74570619,-0.06017221106,0.03809493541,0.04805697507,-0.04323761279
74.79156245,-0.06018067375,0.03869437532,0.04859963108,-0.04392063864
74.83741871,-0.06019405843,0.03931766948,0.04913283832,-0.04459439367
74.88327497,-0.06021251225,0.03996513721,0.04965645351,-0.04525870425
74.92913123,-0.06023618236,0.04063709779,0.05017033338,-0.04591339674
74.97498749,-0.06026521592,0.04133387051,0.05067433464,-0.0465582975
75.02084376,-0.06029919981,0.04205154824,0.0511680515,-0.04719269635
75.06670002,-0.06033416713,0.04275978978,0.05164953683,-0.04781265028
75.11255628,-0.06036930276,0.04345266358,0.0521185302,-0.04841752343
75.15841254,-0.06040459026,0.04413031557,0.0525751628,-0.04900746877
75.2042688,-0.06044001317,0.04479289167,0.05301956581,-0.04958263925
75.25012506,-0.06047555506,0.04544053779,0.05345187043,-0.05014318783
75.29598132,-0.06051119946,0.04607339985,0.05387220785,-0.05068926748
75.34183759,-0.06054692994,0.04669162378,0.05428070925,-0.05122103116
75.38769385,-0.06058273005,0.04729535549,0.05467750583,-0.05173863183
75.43355011,-0.06061858334,0.04788474091,0.05506272878,-0.05224222244
75.47940637,-0.06065447336,0.04845992594,0.05543650929,-0.05273195596
75.52526263,-0.06069038366,0.04902105652,0.05579897855,-0.05320798536
75.57111889,-0.0607262978,0.04956827856,0.05615026775,-0.05367046358
75.61697515,-0.06076219933,0.05010173798,0.05649050807,-0.0541195436
75.66283142,-0.0607980718,0.0506215807,0.05681983072,-0.05455537837
75.70868768,-0.06083389877,0.05112795263,0.05713836688,-0.05497812085
75.75454394,-0.06086966378,0.05162099971,0.05744624773,-0.055387924
75.8004002,-0.0609053504,0.05210086785,0.05774360448,-0.05578494079
75.84625646,-0.06094094217,0.05256770296,0.05803056831,-0.05616932417
75.89211272,-0.06097642264,0.05302165097,0.05830727041,-0.05654122712
75.93796898,-0.06101177537,0.0534628578,0.05857384197,-0.05690080257
75.98382525,-0.06104698391,0.05389146936,0.05883041418,-0.05724820351
76.02968151,-0.06108203182,0.05430763158,0.05907711824,-0.05758358288
76.07553777,-0.06111690264,0.05471149038,0.05931408533,-0.05790709366
76.12139403,-0.06115157992,0.05510319166,0.05954144664,-0.05821888879
76.16725029,-0.06118604723,0.05548288137,0.05975933336,-0.05851912125
76.21310655,-0.06122028812,0.05585070541,0.05996787669,-0.05880794398
76.25896281,-0.06125428612,0.0562068097,0.06016720781,-0.05908550996
76.30481908,-0.06128802481,0.05655134016,0.06035745791,-0.05935197214
76.35067534,-0.06132148773,0.05688444272,0.06053875819,-0.05960748349
76.3965316,-0.06135465843,0.05720626328,0.06071123984,-0.05985219696
76.44238786,-0.06138752047,0.05751694778,0.06087503404,-0.06008626552
76.48824412,-0.06142005739,0.05781664213,0.06103027198,-0.06030984212
76.53410038,-0.06145225276,0.05810549225,0.06117708486,-0.06052307973
76.57995664,-0.06148409012,0.05838364406,0.06131560387,-0.06072613131
76.62581291,-0.06151555303,0.05865124348,0.06144596019,-0.06091914981
76.67166917,-0.06154662504,0.05890843642,0.06156828502,-0.06110228821
76.71752543,-0.06157728969,0.05915536882,0.06168270955,-0.06127569945
76.76338169,-0.06160753056,0.05939218658,0.06178936496,-0.06143953651
76.80923795,-0.06163733118,0.05961903563,0.06188838245,-0.06159395234
76.85509421,-0.0616666751,0.05983606189,0.06197989321,-0.0617390999
76.90095048,-0.06169554589,0.06004341127,0.06206402843,-0.06187513216
76.94680674,-0.0617239271,0.0602412297,0.0621409193,-0.06200220207
76.992663,-0.06175180227,0.06042966309,0.062210697,-0.06212046259
77.03851926,-0.06177915496,0.06060885737,0.06227349273,-0.06223006669
77.08437552,-0.06180596873,0.06077895845,0.06232943769,-0.06233116733
77.13023178,-0.06183222712,0.06094011225,0.06237866305,-0.06242391746
77.17608804,-0.06185791368,0.0610924647,0.06242130001,-0.06250847005
77.22194431,-0.06188301198,0.06123616171,0.06245747977,-0.06258497806
77.26780057,-0.06190750556,0.0613713492,0.0624873335,-0.06265359445
77.31365683,-0.06193137797,0.06149817309,0.0625109924,-0.06271447218
77.35951309,-0.06195461277,0.06161677931,0.06252858767,-0.06276776422
77.40536935,-0.06197719352,0.06172731376,0.06254025049,-0.06281362351
77.45122561,-0.06199910375,0.06182992238,0.06254611205,-0.06285220303
77.49708187,-0.06202032703,0.06192475107,0.06254630354,-0.06288365573
77.54293814,-0.06204084691,0.06201194576,0.06254095615,-0.06290813457
77.5887944,-0.06206064694,0.06209165237,0.06253020108,-0.06292579252
77.63465066,-0.06207971067,0.06216401682,0.06251416951,-0.06293678254
77.68050692,-0.06209802166,0.06222918503,0.06249299264,-0.06294125758
77.72636318,-0.06211556345,0.06228730291,0.06246680164,-0.06293937061
77.77221944,-0.06213231961,0.06233851639,0.06243572773,-0.06293127459
77.8180757,-0.06214827368,0.06238297138,0.06239990207,-0.06291712247
77.86393197,-0.06216340922,0.06242081381,0.06235945587,-0.06289706723
77.90978823,-0.06217770977,0.0624521896,0.06231452032,-0.06287126182
77.95564449,-0.0621911589,0.06247724466,0.0622652266,-0.0628398592
78.00150075,-0.06220374015,0.06249612491,0.06221170591,-0.06280301233
78.04735701,-0.06221543707,0.06250897628,0.06215408943,-0.06276087417
78.09321327,-0.06222623323,0.06251594467,0.06209250836,-0.06271359769
78.13906953,-0.06223611216,0.06251717602,0.06202709389,-0.06266133584
78.1849258,-0.06224505743,0.06251281625,0.0619579772,-0.06260424159
78.23078206,-0.06225305259,0.06250301126,0.06188528949,-0.06254246789
78.27663832,-0.06226008119,0.06248790698,0.06180916195,-0.06247616771
78.32249458,-0.06226612677,0.06246764934,0.06172972576,-0.06240549401
78.36835084,-0.06227117291,0.06244238424,0.06164711213,-0.06233059975
78.4142071,-0.06227520313,0.06241225761,0.06156145223,-0.06225163788
78.46006337,-0.06227820101,0.06237741537,0.06147287726,-0.06216876138
78.50591963,-0.06228015009,0.06233800344,0.06138151841,-0.06208212319
78.55177589,-0.06228103393,0.06229416774,0.06128750687,-0.06199187629
78.59763215,-0.06228083607,0.06224605418,0.06119097383,-0.06189817363
78.64348841,-0.06227954007,0.06219380869,0.06109205048,-0.06180116817
78.68934467,-0.06227712949,0.06213757719,0.06099086801,-0.06170101288
78.73520093,-0.06227358787,0.06207750559,0.06088755761,-0.06159786071
78.7810572,-0.06226889877,0.06201373981,0.06078225047,-0.06149186463
78.82691346,-0.06226304573,0.06194642578,0.06067507778,-0.06138317759
78.87276972,-0.06225601232,0.06187570942,0.06056617074,-0.06127195256
78.91862598,-0.06224778209,0.06180173664,0.06045566052,-0.0611583425
78.96448224,-0.06223833858,0.06172465336,0.06034367833,-0.06104250037
79.0103385,-0.06222766535,0.0616446055,0.06023035535,-0.06092457912
79.05619476,-0.06221574596,0.06156173898,0.06011582278,-0.06080473173
79.10205103,-0.06220256395,0.06147619973,0.0600002118,-0.06068311115
79.14790729,-0.06218810288,0.06138813366,0.0598836536,-0.06055987033
79.19376355,-0.0621723463,0.06129768668,0.05976627937,-0.06043516226
79.23961981,-0.06215527777,0.06120500473,0.05964822031,-0.06030913987
79.28547607,-0.06213688083,0.06111023372,0.0595296076,-0.06018195614
79.33133233,-0.06211713904,0.06101351956,0.05941057244,-0.06005376402
79.37718859,-0.06209603595,0.06091500819,0.05929124601,-0.05992471648
79.42304486,-0.06207355511,0.06081484551,0.05917175951,-0.05979496648
79.46890112,-0.06204968008,0.06071317744,0.05905224412,-0.05966466697
79.51475738,-0.06202439441,0.06061014992,0.05893283104,-0.05953397092
79.56061364,-0.06199768164,0.06050590885,0.05881365146,-0.05940303129
79.6064699,-0.06196952535,0.06040060016,0.05869483656,-0.05927200103
79.65232616,-0.06193990907,0.06029436976,0.05857651754,-0.05914103312
79.69818242,-0.06190881636,0.06018736357,0.05845882559,-0.05901028051
79.74403869,-0.06187623077,0.06007972753,0.05834189189,-0.05887989617
79.78989495,-0.06184213585,0.05997160753,0.05822584765,-0.05875003304
79.83575121,-0.06180651516,0.05986314951,0.05811082404,-0.0586208441
79.88160747,-0.06176935225,0.05975449938,0.05799695226,-0.0584924823
79.92746373,-0.06173063067,0.05964580306,0.05788436349,-0.05836510061
79.97331999,-0.06169033398,0.05953720647,0.05777318894,-0.05823885198
80.01917625,-0.06164844572,0.05942885554,0.05766355979,-0.05811388938
80.06503252,-0.06160494946,0.05932089617,0.05755560722,-0.05799036576
80.11088878,-0.06155982873,0.0592134743,0.05744946244,-0.0578684341
80.15674504,-0.0615130671,0.05910673583,0.05734525663,-0.05774824734
80.2026013,-0.06146464812,0.05900082669,0.05724312097,-0.05762995845
80.24845756,-0.06141455534,0.05889589281,0.05714318667,-0.0575137204
80.29431382,-0.06136277231,0.05879208009,0.05704558491,-0.05739968613
80.34017009,-0.06130928258,0.05868953445,0.05695044688,-0.05728800862
80.38602635,-0.06125406972,0.05858840183,0.05685790377,-0.05717884082
80.43188261,-0.06119711726,0.05848882813,0.05676808678,-0.05707233569
80.47773887,-0.06113840877,0.05839095927,0.05668112709,-0.0569686462
80.52359513,-0.06107792779,0.05829494118,0.05659715589,-0.0568679253
80.56945139,-0.06101565788,0.05820091978,0.05651630437,-0.05677032596
80.61530765,-0.06095158259,0.05810904098,0.05643870373,-0.05667600114
80.66116392,-0.06088568547,0.05801945071,0.05636448515,-0.05658510379
80.70702018,-0.06081795008,0.05793229488,0.05629377982,-0.05649778688
80.75287644,-0.06074835997,0.05784771941,0.05622671894,-0.05641420337
80.7987327,-0.06067689868,0.05776587022,0.0561634337,-0.05633450622
80.84458896,-0.06060354978,0.05768689323,0.05610405528,-0.05625884839
80.89044522,-0.06052829682,0.05761093437,0.05604871487,-0.05618738284
80.93630148,-0.06045112335,0.05753813955,0.05599754367,-0.05612026253
80.98215775,-0.06037201291,0.05746865468,0.05595067287,-0.05605764043
81.02801401,-0.06029094908,0.0574026257,0.05590823365,-0.05599966949
81.07387027,-0.06020791538,0.05734019852,0.05587035721,-0.05594650268
81.11972653,-0.06012289539,0.05728151905,0.05583717474,-0.05589829295
81.16558279,-0.06003587265,0.05722673322,0.05580881742,-0.05585519326
81.21143905,-0.05994683071,0.05717598695,0.05578541645,-0.05581735659
81.25729531,-0.05985575312,0.05712942616,0.05576710302,-0.05578493588
81.30315158,-0.05976262345,0.05708719677,0.05575400832,-0.0557580841
81.34900784,-0.05966742524,0.05704944469,0.05574626354,-0.05573695421
81.3948641,-0.05957014204,0.05701631584,0.05574399986,-0.05572169916
81.44072036,-0.05947075741,0.05698795615,0.05574734848,-0.05571247193
81.48657662,-0.0593692549,0.05696451154,0.0557564406,-0.05570942548
81.53243288,-0.05926561806,0.05694612792,0.05577140739,-0.05571271275
81.57828914,-0.05915983045,0.05693295121,0.05579238005,-0.05572248671
81.62414541,-0.05905187561,0.05692512734,0.05581948978,-0.05573890033
81.67000167,-0.05894173711,0.05692280221,0.05585286775,-0.05576210657
81.71585793,-0.05882939848,0.05692612177,0.05589264516,-0.05579225838
81.76171419,-0.05871484329,0.05693523191,0.05593895321,-0.05582950873
81.80757045,-0.05859805509,0.05695027856,0.05599192308,-0.05587401057
81.85342671,-0.05847901743,0.05697140764,0.05605168596,-0.05592591687
81.89928297,-0.05835771386,0.05699876508,0.05611837304,-0.05598538059
81.94513924,-0.05823412793,0.05703249678,0.05619211551,-0.05605255469
81.9909955,-0.05810824321,0.05707274867,0.05627304457,-0.05612759213
82.03685176,-0.05798004323,0.05711966667,0.0563612914,-0.05621064587
82.08270802,-0.05784951156,0.0571733967,0.0564569872,-0.05630186887
82.12856428,-0.05771663174,0.05723408467,0.05656026314,-0.0564014141
82.17442054,-0.05758138733,0.05730187652,0.05667125044,-0.0565094345
82.22027681,-0.05744376188,0.05737691814,0.05679008026,-0.05662608306
82.26613307,-0.05730373895,0.05745935548,0.05691688381,-0.05675151271
82.31198933,-0.05716130208,0.05754933444,0.05705179228,-0.05688587643
82.35784559,-0.05701643483,0.05764700094,0.05719493685,-0.05702932718
82.40370185,-0.05686912075,0.05775250091,0.05734644872,-0.05718201792
82.44955811,-0.05671934339,0.05786598026,0.05750645907,-0.0573441016
82.49541437,-0.05656708631,0.05798758492,0.0576750991,-0.0575157312
82.54127064,-0.05641233306,0.05811746079,0.0578525,-0.05769705966
82.5871269,-0.05625506719,0.05825575381,0.05803879295,-0.05788823995
82.63298316,-0.05609527225,0.0584026099,0.05823410915,-0.05808942503
82.67883942,-0.0559329318,0.05855817496,0.05843857979,-0.05830076787
82.72469568,-0.05576802939,0.05872259492,0.05865233605,-0.05852242142
82.77055194,-0.05560054857,0.05889601571,0.05887550914,-0.05875453864
82.8164082,-0.05543047289,0.05907858323,0.05910823023,-0.05899727249
82.86226447,-0.05525778591,0.05927044341,0.05935063052,-0.05925077594
82.90812073,-0.05508247119,0.05947174217,0.0596028412,-0.05951520195
82.95397699,-0.05490451226,0.05968262543,0.05986499346,-0.05979070347
82.99983325,-0.05472389268,0.05990323911,0.06013721849,-0.06007743347
83.04568951,-0.05454059602,0.06013372912,0.06041964748,-0.06037554491
83.09154577,-0.05435460581,0.0603742414,0.06071241162,-0.06068519075
83.13740203,-0.05416590562,0.06062492184,0.0610156421,-0.06100652394
83.1832583,-0.05397447899,0.06088591638,0.06132947011,-0.06133969746
83.22911456,-0.05378030948,0.06115737094,0.06165402685,-0.06168486426
83.27497082,-0.05358338063,0.06143943143,0.06198944349,-0.0620421773
83.32082708,-0.05338367601,0.06173224378,0.06233585124,-0.06241178954
83.36668334,-0.05318053704,0.06202833996,0.06268536796,-0.06278534126
83.4125396,-0.05297229461,0.06230777643,0.06301699359,-0.06314052691
83.45839586,-0.0527589273,0.06256966043,0.06332978987,-0.0634763428
83.50425213,-0.05254050508,0.06281417025,0.06362394612,-0.06379298281
83.55010839,-0.0523170979,0.06304148423,0.06389965166,-0.06409064085
83.59596465,-0.05208877572,0.06325178069,0.06415709584,-0.0643695108
83.64182091,-0.05185560849,0.06344523795,0.06439646796,-0.06462978657
83.68767717,-0.05161766617,0.06362203432,0.06461795737,-0.06487166204
83.73353343,-0.05137501871,0.06378234815,0.06482175339,-0.06509533111
83.77938969,-0.05112773608,0.06392635774,0.06500804534,-0.06530098767
83.82524596,-0.05087588823,0.06405424141,0.06517702256,-0.06548882562
83.87110222,-0.05061954511,0.0641661775,0.06532887437,-0.06565903885
83.91695848,-0.05035877668,0.06426234432,0.0654637901,-0.06581182127
83.96281474,-0.0500936529,0.06434292019,0.06558195907,-0.06594736675
84.008671,-0.04982424373,0.06440808344,0.06568357062,-0.0660658692
84.05452726,-0.04955061911,0.06445801239,0.06576881407,-0.06616752251
84.10038353,-0.04927284901,0.06449288536,0.06583787874,-0.06625252057
84.14623979,-0.04899100339,0.06451288067,0.06589095398,-0.06632105728
84.19209605,-0.0487051522,0.06451817664,0.06592822909,-0.06637332654
84.23795231,-0.04841536539,0.0645089516,0.06594989342,-0.06640952224
84.28380857,-0.04812171292,0.06448538387,0.06595613628,-0.06642983827
84.32966483,-0.04782426476,0.06444765177,0.06594714701,-0.06643446852
84.37552109,-0.04752309085,0.06439593362,0.06592311494,-0.0664236069
84.42137736,-0.04721826115,0.06433040775,0.06588422938,-0.06639744729
84.46723362,-0.04690984561,0.06425125248,0.06583067967,-0.06635618359
84.51308988,-0.04659791421,0.06415864612,0.06576265514,-0.0663000097
84.55894614,-0.04628253688,0.064052767,0.06568034511,-0.06622911951
84.6048024,-0.04596378359,0.06393379345,0.06558393891,-0.06614370691
84.65065866,-0.0456417243,0.06380190378,0.06547362587,-0.0660439658
84.69651492,-0.04531642896,0.06365727632,0.06534959531,-0.06593009007
84.74237119,-0.04498796752,0.06350008939,0.06521203657,-0.06580227361
84.78822745,-0.04465640994,0.06333052131,0.06506113897,-0.06566071033
84.83408371,-0.04432182619,0.06314875041,0.06489709183,-0.06550559412
84.87993997,-0.04398428621,0.062954955,0.06472008449,-0.06533711886
84.92579623,-0.04364385996,0.0627493134,0.06453030627,-0.06515547846
84.97165249,-0.0433006174,0.06253200395,0.0643279465,-0.06496086681
85.01750875,-0.04295462849,0.06230320496,0.06411319451,-0.0647534778
85.06336502,-0.04260596318,0.06206309475,0.06388623963,-0.06453350533
85.10922128,-0.04225469142,0.06181185164,0.06364727117,-0.06430114329
85.15507754,-0.04190088318,0.06154965397,0.06339647848,-0.06405658557
85.2009338,-0.04154460841,0.06127668004,0.06313405087,-0.06380002608
85.24679006,-0.04118593706,0.06099310819,0.06286017768,-0.06353165871
85.29264632,-0.0408249391,0.06069911673,0.06257504823,-0.06325167734
85.33850258,-0.04046168448,0.06039488399,0.06227885185,-0.06296027588
85.38435885,-0.04009624316,0.06008058828,0.06197177786,-0.06265764821
85.43021511,-0.03972868509,0.05975640794,0.0616540156,-0.06234398824
85.47607137,-0.03935908022,0.05942252127,0.0613257544,-0.06201948986
85.52192763,-0.03898749852,0.05907910662,0.06098718357,-0.06168434696
85.56778389,-0.03861400995,0.05872634228,0.06063849245,-0.06133875343
85.61364015,-0.03823868445,0.0583644066,0.06027987036,-0.06098290318
85.65949641,-0.03786159199,0.05799347789,0.05991150663,-0.06061699009
85.70535268,-0.03748280251,0.05761373446,0.0595335906,-0.06024120806
85.75120894,-0.03710238599,0.05722535466,0.05914631158,-0.05985575099
85.7970652,-0.03672041236,0.05682851679,0.0587498589,-0.05946081276
85.84292146,-0.0363369516,0.05642339918,0.0583444219,-0.05905658728
85.88877772,-0.03595207365,0.05601018015,0.05793018989,-0.05864326843
85.93463398,-0.03556584848,0.05558903802,0.05750735221,-0.05822105012
85.98049025,-0.03517834604,0.05516015112,0.05707609818,-0.05779012623
86.02634651,-0.03478963628,0.05472369776,0.05663661714,-0.05735069066
86.07220277,-0.03439978916,0.05427985628,0.0561890984,-0.05690293731
86.11805903,-0.03400887464,0.05382880498,0.0557337313,-0.05644706006
86.16391529,-0.03361696268,0.0533707222,0.05527070517,-0.05598325282
86.20977155,-0.03322412323,0.05290578625,0.05480020932,-0.05551170948
86.25562781,-0.03283042624,0.05243417546,0.0543224331,-0.05503262393
86.30148408,-0.03243594168,0.05195606815,0.05383756582,-0.05454619007
86.34734034,-0.0320407395,0.05147164264,0.05334579681,-0.05405260179
86.3931966,-0.03164488966,0.05098107726,0.0528473154,-0.05355205298
86.43905286,-0.03124846211,0.05048455032,0.05234231092,-0.05304473755
86.48490912,-0.0308515268,0.04998224015,0.0518309727,-0.05253084938
86.53076538,-0.03045415371,0.04947432507,0.05131349006,-0.05201058237
86.57662164,-0.03005641278,0.0489609834,0.05079005233,-0.05148413041
86.62247791,-0.02965837396,0.04844239346,0.05026084884,-0.0509516874
86.66833417,-0.02926010722,0.04791873358,0.04972606892,-0.05041344723
86.71419043,-0.02886168251,0.04739018207,0.04918590189,-0.0498696038
86.76004669,-0.02846316979,0.04685691727,0.04864053707,-0.04932035101
86.80590295,-0.02806463902,0.04631911749,0.04809016381,-0.04876588273
86.85175921,-0.02766616014,0.04577696105,0.04753497142,-0.04820639288
86.89761547,-0.02726780312,0.04523062628,0.04697514923,-0.04764207534
86.94347174,-0.02686963792,0.0446802915,0.04641088658,-0.04707312401
86.989328,-0.02647173448,0.04412613503,0.04584237278,-0.04649973279
87.03518426,-0.02607416277,0.04356833519,0.04526979717,-0.04592209556
87.08104052,-0.02567699275,0.0430070703,0.04469334907,-0.04534040622
87.12689678,-0.02528029436,0.0424425187,0.04411321781,-0.04475485867
87.17275304,-0.02488413757,0.04187485869,0.04352959271,-0.0441656468
87.2186093,-0.02448859233,0.0413042686,0.04294266311,-0.04357296451
87.26446557,-0.0240937286,0.04073092675,0.04235261834,-0.04297700569
87.31032183,-0.02369961633,0.04015501147,0.04175964771,-0.04237796423
87.35617809,-0.02330632548,0.03957670107,0.04116394056,-0.04177603403
87.40203435,-0.02291392601,0.03899617389,0.04056568622,-0.04117140898
87.44789061,-0.02252248788,0.03841360823,0.03996507401,-0.04056428298
87.49374687,-0.02213208103,0.03782918243,0.03936229325,-0.03995484993
87.53960313,-0.02174277544,0.0372430748,0.03875753329,-0.0393433037
87.5854594,-0.02135464104,0.03665546367,0.03815098344,-0.03872983821
87.63131566,-0.0209677478,0.03606652736,0.03754283303,-0.03811464735
87.67717192,-0.02058216568,0.03547644419,0.03693327139,-0.037497925
87.72302818,-0.02019796463,0.03488539248,0.03632248784,-0.03687986507
87.76888444,-0.01981521461,0.03429355056,0.03571067172,-0.03626066145
87.8147407,-0.01943398558,0.03370109675,0.03509801236,-0.03564050803
87.86059697,-0.01905434748,0.03310820937,0.03448469907,-0.03501959871
87.90645323,-0.01867637029,0.03251506673,0.03387092119,-0.03439812738
87.95230949,-0.01830012395,0.03192184718,0.03325686804,-0.03377628793
87.99816575,-0.01792567842,0.03132872901,0.03264272895,-0.03315427427
88.04402201,-0.01755310365,0.03073589057,0.03202869326,-0.03253228028
88.08987827,-0.01718246961,0.03014351016,0.03141495027,-0.03191049986
88.13573453,-0.01681384625,0.02955176612,0.03080168934,-0.0312891269
88.1815908,-0.01644730352,0.02896083676,0.03018909977,-0.0306683553
88.22744706,-0.01608291139,0.02837090041,0.0295773709,-0.03004837896
88.27330332,-0.0157207398,0.02778213538,0.02896669206,-0.02942939176
88.31915958,-0.01536085872,0.02719472,0.02835725258,-0.0288115876
88.36501584,-0.01500333811,0.0266088326,0.02774924177,-0.02819516038
88.4108721,-0.01464824791,0.02602465149,0.02714284897,-0.02758030399
88.45672836,-0.01429565808,0.025442355,0.02653826351,-0.02696721233
88.50258463,-0.01394563859,0.02486212145,0.02593567471,-0.02635607928
88.54844089,-0.01359825938,0.02428412915,0.0253352719,-0.02574709875
88.59429715,-0.01325359042,0.02370855644,0.02473724441,-0.02514046463
88.64015341,-0.01291170165,0.02313558164,0.02414178157,-0.0245363708
88.68600967,-0.01257266305,0.02256538306,0.0235490727,-0.02393501118
88.73186593,-0.01223654455,0.02199813902,0.02295930713,-0.02333657964
88.77772219,-0.01190341613,0.02143402786,0.02237267419,-0.0227412701
88.82357846,-0.01157334773,0.0208732279,0.0217893632,-0.02214927643
88.86943472,-0.01124640931,0.02031591744,0.0212095635,-0.02156079253
88.91529098,-0.01092267083,0.01976227483,0.02063346441,-0.02097601231
88.96114724,-0.01060220224,0.01921247837,0.02006125525,-0.02039512965
89.0070035,-0.01028507351,0.0186667064,0.01949312536,-0.01981833845
89.05285976,-0.009971354583,0.01812513723,0.01892926407,-0.01924583259
89.09871602,-0.009661115421,0.01758794918,0.01836986069,-0.01867780599
89.14457229,-0.009354425979,0.01705532058,0.01781510456,-0.01811445253
89.19042855,-0.009051356213,0.01652742975,0.01726518501,-0.0175559661
89.23628481,-0.008751976081,0.01600445501,0.01672029136,-0.0170025406
89.28214107,-0.008456355538,0.01548657468,0.01618061294,-0.01645436993
89.32799733,-0.008164564541,0.01497396709,0.01564633907,-0.01591164797
89.37385359,-0.007876673047,0.01446681056,0.01511765909,-0.01537456863
89.41970985,-0.007592751011,0.01396528341,0.01459476233,-0.0148433258
89.46556612,-0.00731286839,0.01346956396,0.0140778381,-0.01431811336
89.51142238,-0.007037095141,0.01297983053,0.01356707574,-0.01379912523
89.55727864,-0.006765501219,0.01249626145,0.01306266458,-0.01328655528
89.6031349,-0.006498156582,0.01201903504,0.01256479393,-0.01278059742
89.64899116,-0.006235131185,0.01154832961,0.01207365314,-0.01228144554
89.69484742,-0.005976494985,0.0110843235,0.01158943152,-0.01178929354
89.74070369,-0.005722317939,0.01062719503,0.01111231841,-0.0113043353
89.78655995,-0.005472670002,0.0101771225,0.01064250313,-0.01082676473
89.83241621,-0.005227621132,0.009734284262,0.01018017501,-0.01035677571
89.87827247,-0.004987241284,0.009298858619,0.00972552338,-0.009894562143
89.92412873,-0.004751600416,0.008871023899,0.009278737561,-0.009440317924
89.96998499,-0.004520768482,0.008450958424,0.008840006884,-0.008994236946
90.01584125,-0.004294815441,0.008038840515,0.008409520675,-0.008556513102
90.06169752,-0.004073811247,0.007634848494,0.007987468264,-0.008127340289
90.10755378,-0.003857825859,0.007239160684,0.007574038976,-0.007706912398
90.15341004,-0.003646929231,0.006851955407,0.007169422141,-0.007295423327
90.1992663,-0.00344119132,0.006473410985,0.006773807084,-0.006893066968
90.24512256,-0.003240682083,0.006103705739,0.006387383133,-0.006500037216
90.29097882,-0.003045471477,0.005743017992,0.006010339616,-0.006116527965
90.33683508,-0.002855629457,0.005391526066,0.005642865861,-0.005742733111
90.38269135,-0.002671225979,0.005049408284,0.005285151194,-0.005378846547
90.42854761,-0.002492331001,0.004716842966,0.004937384944,-0.005025062168
90.47440387,-0.002319014479,0.004394008435,0.004599756437,-0.004681573868
90.52026013,-0.002151346369,0.004081083014,0.004272455001,-0.004348575542
90.56611639,-0.001989396628,0.003778245024,0.003955669964,-0.004026261084
90.61197265,-0.001833235211,0.003485672787,0.003649590653,-0.003714824388
90.65782891,-0.001682932075,0.003203544625,0.003354406395,-0.003414459349
90.70368518,-0.001538557178,0.002932038861,0.003070306519,-0.003125359862
90.74954144,-0.001400180474,0.002671333817,0.00279748035,-0.00284771982
90.7953977,-0.001267871921,0.002421607814,0.002536117217,-0.002581733118
90.84125396,-0.001141701474,0.002183039174,0.002286406448,-0.002327593651
90.88711022,-0.001021739091,0.001955806221,0.002048537369,-0.002085495314
90.93296648,-0.0009080547278,0.001740087275,0.001822699308,-0.001855631999
90.97882274,-0.0008007183404,0.001536060659,0.001609081593,-0.001638197602
91.02467901,-0.0006997998854,0.001343904695,0.001407873551,-0.001433386018
91.07053527,-0.0006053693192,0.001163797704,0.00121926451,-0.00124139114
91.11639153,-0.0005174965982,0.0009959180101,0.001043443796,-0.001062406864
91.16224779,-0.0004362516788,0.000840443934,0.0008806007377,-0.0008966270827
91.20810405,-0.0003617045174,0.000697553798,0.0007309246621,-0.0007442456916
91.25396031,-0.0002939250704,0.0005674259243,0.0005946048969,-0.0006054565848
91.29981657,-0.0002329832942,0.0004502386348,0.0004718307693,-0.0004804536569
91.34567284,-0.0001789491452,0.0003461702516,0.0003627916069,-0.0003694308021
91.3915291,-0.0001318925797,0.0002553990968,0.0002676767371,-0.000272581915
91.43738536,-9.188355421e-05,0.0001781034925,0.0001866754874,-0.00019010089
91.48324162,-5.899202508e-05,0.0001144617607,0.0001199771851,-0.0001221816214
91.52909788,-3.328794869e-05,6.465222349e-05,6.777115779e-05,-6.901800365e-05
91.57495414,-1.484128146e-05,2.885320293e-05,3.024673287e-05,-3.080393123e-05
91.62081041,-3.721979764e-06,7.243021075e-06,7.593237793e-06,-7.733298545e-06
91.66666667,0,0,0,0
