time_ns,u_X1,u_Y1,u_X2,u_Y2
0.0,0.0,0.0,0.0,0.0
0.04794063698515925,-3.13852110153095e-5,2.9694759334902912e-5,-2.1310072274496383e-5,-8.967586102319902e-6
0.0958812739703185,-0.0001244212100472998,0.0001176513580128295,-8.432749332002918e-5,-3.55438664323937e-5
0.14382191095547775,-0.00027742854607506367,0.00026217827704360654,-0.00018768306946966384,-7.923912402489255e-5
0.191762547940637,-0.0004887277680776939,0.00046158399743706084,-0.0003300076070564659,-0.00013956364191448762
0.23970318492579626,-0.0007566394250342833,0.0007141770002030192,-0.0005099319124135009,-0.00021602770313585006
0.2876438219109555,-0.001079484065923924,0.0010182657663513083,-0.000726086791873834,-0.00030814159072365093
0.33558445889611477,-0.0014555822397257095,0.0013721587768917552,-0.0009771030517705312,-0.00041541558771256154
0.383525095881274,-0.0018832544954187319,0.001774164512834186,-0.0012616114984366571,-0.0005373599771372528
0.43146573286643325,-0.0023608213819820848,0.0022225914551884285,-0.001578242938205278,-0.0006734850420323963
0.4794063698515925,-0.00288660344839486,0.002715748084964309,-0.0019256281774094597,-0.0008233010654326627
0.5273470068367517,-0.0034589212436361497,0.0032519428831716533,-0.002302398022382266,-0.000986318330372723
0.575287643821911,-0.00407609531668505,0.00382948433082029,-0.002707183279456764,-0.001162047119887249
0.6232282808070703,-0.0047364462165206496,0.004446680908920046,-0.0031386147549660186,-0.001349997717010912
0.6711689177922295,-0.0054382944921220425,0.005101841098480745,-0.003595323255243095,-0.0015496804047783821
0.7191095547773888,-0.006179960692468323,0.005793273380512218,-0.00407593958662106,-0.0017606054662243314
0.767050191762548,-0.00695976536653858,0.006519286236024287,-0.004579094555432976,-0.00198228318438343
0.8149908287477073,-0.007776029063311912,0.007278188146026784,-0.005103418968011914,-0.002214223842290351
0.8629314657328665,-0.008627072331767405,0.00806828759152953,-0.005647543630690931,-0.002455937722979763
0.9108721027180258,-0.009511215720884156,0.008887893053542357,-0.006210099349803102,-0.0027069351094863386
0.958812739703185,-0.01042677977964126,0.009735313013075092,-0.006789716931681486,-0.0029667262848447496
1.0067533766883443,-0.011372085057017802,0.010608855951137556,-0.00738502718265915,-0.0032348215320896654
1.0546940136735035,-0.01234545210199288,0.011506830348739578,-0.007994660909069157,-0.0035107311342557576
1.1026346506586628,-0.013345201463545592,0.012427544686890992,-0.008617248917244582,-0.0037939653743777
1.150575287643822,-0.014369653690655019,0.013369307446601615,-0.009251422013518478,-0.0040840345354901594
1.1985159246289812,-0.015417129332300262,0.014330427108881279,-0.009895811004223919,-0.00438044890062781
1.2464565616141405,-0.016485948937460415,0.015309212154739814,-0.010549046695693969,-0.0046827187528253236
1.2943971985992997,-0.01757443305511456,0.016303971065187033,-0.011209759894261687,-0.004990354375117367
1.342337835584459,-0.018680902234241802,0.01731301232123278,-0.01187658140626015,-0.005302866050538616
1.3902784725696182,-0.01980367702382122,0.018334644403886866,-0.012548142038022412,-0.005619764062123738
1.4382191095547776,-0.02094107797283193,0.019367175794159135,-0.013223072595881548,-0.00594055869290741
1.4861597465399368,-0.022091425630252997,0.020408914973059397,-0.013900003886170617,-0.006264760225924295
1.534100383525096,-0.02325304054506353,0.021458170421597485,-0.014577566715222685,-0.00659187894420907
1.5820410205102555,-0.024424243266242627,0.02251325062078324,-0.015254391889370824,-0.006921425130796407
1.6299816574954147,-0.025603354342769367,0.023572464051626465,-0.01592911021494809,-0.007252909068720973
1.6779222944805738,-0.02678869432362284,0.024634119195136993,-0.01660035249828755,-0.007585841041017437
1.725862931465733,-0.027978583757782147,0.025696524532324655,-0.017266749545722274,-0.007919731330720476
1.7738035684508922,-0.029171343194226384,0.026757988544199283,-0.01792693216358533,-0.00825409022086476
1.8217442054360515,-0.030365293181934646,0.027816819711770704,-0.01857953115820978,-0.00858842799448496
1.869684842421211,-0.03155875426988602,0.02887132651604874,-0.019223177335928685,-0.008922254934615747
1.91762547940637,-0.03275004700705959,0.029919817438043218,-0.01985650150307512,-0.00925508132429179
1.9655661163915292,-0.03393749194243446,0.03096060095876395,-0.020478134465982137,-0.00958641744654776
2.0135067533766886,-0.03511940962498972,0.03199198555922079,-0.021086707030982813,-0.009915773584418334
2.061447390361848,-0.03629412060370447,0.03301227972042355,-0.021680850004410213,-0.010242660020938177
2.109388027347007,-0.03745994542755777,0.03401979192338205,-0.022259194192597385,-0.01056658703914196
2.1573286643321663,-0.03861520464552876,0.03501283064910614,-0.022820370401877423,-0.010887064922064359
2.2052693013173257,-0.03975821880659652,0.03598970437860563,-0.02336300943858338,-0.011203603952740044
2.253209938302485,-0.04088730845974012,0.03694872159289034,-0.023885742109048317,-0.011515714414203682
2.301150575287644,-0.04200079415393867,0.03788819077297009,-0.024387199219605287,-0.011822906589489944
2.3490912122728034,-0.04309699643817126,0.038806420399854755,-0.02486601157658739,-0.012124690761633508
2.3970318492579623,-0.04417423586141697,0.039701718954554106,-0.02532080998632766,-0.012420577213669038
2.4449724862431217,-0.045230832972654914,0.040572394918078014,-0.02575022525515918,-0.012710076228631212
2.492913123228281,-0.04626510832086418,0.04141675677143627,-0.02615288818941501,-0.012992698089554696
2.5408537602134404,-0.04727538245502386,0.04223311299563873,-0.026527429595428215,-0.01326795307947416
2.5887943971985994,-0.04825997592411302,0.04301977207169518,-0.026872480279531857,-0.013535351481424278
2.6367350341837588,-0.04921720927711079,0.04377504248061549,-0.02718667104805901,-0.013794403578439725
2.684675671168918,-0.05014540306299625,0.044497232703409474,-0.027468632707342733,-0.014044619653555164
2.732616308154077,-0.05104287783074848,0.04518465122108694,-0.02771699606371609,-0.014285509989805269
2.7805569451392365,-0.051907954129346595,0.04583560651465775,-0.02793039192351216,-0.014516584870224716
2.828497582124396,-0.05273895250776967,0.04644840706513169,-0.02810745109306399,-0.01473735457784817
2.876438219109555,-0.05353419351499682,0.047021361353518636,-0.02824680437870466,-0.014947329395710309
2.924378856094714,-0.0542919977000071,0.04755277786082835,-0.02834708258676722,-0.015146019606845794
2.9723194930798735,-0.055010685611779644,0.04804096506807072,-0.02840691652358475,-0.015332935494289303
3.0202601300650325,-0.05568857779929351,0.048484231456255536,-0.02842493699549031,-0.015507587341075506
3.068200767050192,-0.0563239948115278,0.048880885506392635,-0.028399774808816964,-0.015669485430239077
3.1161414040353512,-0.05691525719746163,0.049229235699491856,-0.028330060769897778,-0.015818140044814685
3.164082041020511,-0.05746068550607408,0.04952759051656301,-0.028214425685065818,-0.015953061467836996
3.21202267800567,-0.05795860028634421,0.049774258438615916,-0.02805150036065416,-0.016073759982340684
3.2599633149908294,-0.05840732208725117,0.04996754794666043,-0.027839915602995847,-0.01617974587136043
3.3079039519759883,-0.05880517145777401,0.05010576752170636,-0.02757830221842397,-0.01627052941793089
3.3558445889611477,-0.059150468946891833,0.05018722564476352,-0.02726529101327157,-0.01634562090508674
3.4037852259463066,-0.05944153510358374,0.050210230796841775,-0.026899512793871726,-0.016404530615862657
3.451725862931466,-0.059676690476828824,0.050173091458950915,-0.026479598366557503,-0.01644676883329331
3.499666499916625,-0.05985425561560616,0.050074116112100775,-0.026004178537661966,-0.016471845840413366
3.5476071369017843,-0.05997255106889486,0.04991161323730119,-0.025471884113518174,-0.0164792719202575
3.595547773886944,-0.06002989738567401,0.04968389131556199,-0.0248813459004592,-0.01646855735586038
3.643488410872103,-0.0600246151149227,0.049389258827892996,-0.02423119470481811,-0.01643921243025668
3.6914290478572624,-0.05995502480562003,0.04902602425530403,-0.02352006133292797,-0.01639074742648107
3.739369684842422,-0.05981944700674509,0.04859249607880493,-0.02274657659112183,-0.01632267262756822
3.7873103218275808,-0.059616202267276985,0.048086982779405506,-0.021909371285732785,-0.016234498316552805
3.83525095881274,-0.059343611136194775,0.0475077928381156,-0.02100707622309387,-0.016125734776469492
3.883191595797899,-0.058999994162477566,0.046853234735945035,-0.02003832220953817,-0.01599589229035295
3.9311322327830585,-0.05858367189510447,0.046121616953903634,-0.019001740051398743,-0.015844481141237862
3.9790728697682183,-0.05809296488305455,0.04531124797300122,-0.01789596055500864,-0.015671011612158885
4.027013506753377,-0.057526193675306925,0.04442043627424764,-0.01671961452670096,-0.015474993986150695
4.074954143738537,-0.05688167882084067,0.043447490338652694,-0.015471332772808743,-0.015255938546247967
4.122894780723696,-0.05615774086863489,0.042390718647226225,-0.014149746099665064,-0.015013355575485368
4.1708354177088545,-0.05535317775547338,0.041248989117123276,-0.012753980321585751,-0.014746922814412255
4.218776054694014,-0.05453962944154674,0.0401064404406459,-0.011358594424407058,-0.014481832261713802
4.266716691679173,-0.053768746949267185,0.03902348144266739,-0.010017092096402664,-0.014236138825370372
4.314657328664333,-0.053039662001167664,0.03799891128956326,-0.008728450522006652,-0.01400944852400553
4.362597965649492,-0.05235150631978113,0.03703152914770902,-0.007491646885653109,-0.01380136737624284
4.410538602634651,-0.05170341162764055,0.036120134183480195,-0.0063056583717761225,-0.013611501400705868
4.458479239619811,-0.05109450964727886,0.035263525563252296,-0.005169462164809774,-0.013439456616018178
4.50641987660497,-0.05052393210122902,0.03446050245340084,-0.004082035449188152,-0.013284839040803336
4.554360513590129,-0.04999081071202399,0.033709864020301364,-0.0030423554093453615,-0.013147254693684907
4.602301150575288,-0.04949427720219672,0.033010409430329346,-0.002049399229715447,-0.013026309593286458
4.650241787560447,-0.049033463294280155,0.03236093784986032,-0.001102144094732515,-0.012921609758231546
4.698182424545607,-0.04860750071080726,0.031760248445269805,-0.00019956718883064892,-0.012832761207143745
4.746123061530765,-0.048215521174310993,0.031207140382933322,0.0006593543035560453,-0.012759369958646618
4.794063698515925,-0.0478566564073243,0.030700412829226368,0.0014756431979935179,-0.012701042031363729
4.842004335501085,-0.04753003813238012,0.030238864950524462,0.0022503223100476767,-0.012657383443918641
4.889944972486243,-0.04723479807201144,0.029821295913203143,0.0029844144552844043,-0.012628000214934924
4.937885609471403,-0.046970067948751186,0.029446504883637904,0.003678942449269645,-0.012612498363036137
4.985826246456562,-0.046734979485132326,0.02911329102820427,0.004334929107569306,-0.01261048390684585
5.0337668834417215,-0.0465286644036878,0.028820453513277756,0.004953397245749301,-0.012621562864987626
5.081707520426881,-0.046350254426950586,0.028566791505233877,0.005535369679375542,-0.012645341256085034
5.129648157412039,-0.04619888127745363,0.02835110417044815,0.006081869224013933,-0.01268142509876163
5.177588794397199,-0.04607367667772986,0.02817219067529609,0.006593918695230417,-0.012729420411640987
5.225529431382358,-0.04597377235031226,0.028028850186153215,0.007072540908590885,-0.012788933213346669
5.2734700683675175,-0.04589830001773377,0.027919881869395036,0.007518758679661267,-0.01285956952250224
5.321410705352677,-0.045846391402527345,0.027844084891397072,0.007933594824007462,-0.012940935357731264
5.369351342337836,-0.045817178227225946,0.02780025841853484,0.008318072157195397,-0.013032636737657307
5.417291979322996,-0.04580979221436252,0.027787201617183857,0.008673213494790975,-0.013134279680903933
5.465232616308154,-0.04582336508647002,0.02780371365371963,0.009000041652360114,-0.01324547020609471
5.5131732532933135,-0.04585702856608141,0.027848593694517698,0.009299579445468737,-0.0133658143318532
5.561113890278473,-0.04590991437572964,0.027920640905953545,0.00957284968968275,-0.013494918076802968
5.609054527263632,-0.04598115423794766,0.02801865445440271,0.009820875200568065,-0.013632387459567585
5.656995164248792,-0.04606987987526841,0.0281414335062407,0.010044678793690615,-0.013777828498770607
5.704935801233951,-0.04617522301022487,0.02828777722784304,0.010245283284616286,-0.013930847213035606
5.75287643821911,-0.04629631536534998,0.028456484785585226,0.010423711488911018,-0.014091049620986146
5.80081707520427,-0.046432288663176696,0.028646355345842797,0.01058098622214071,-0.014258041741245786
5.848757712189428,-0.04658227462623797,0.028856188074991247,0.010718130299871283,-0.014431429592438096
5.896698349174588,-0.046745404977066765,0.029084782139406115,0.010836166537668654,-0.014610819193186643
5.944638986159747,-0.04692081143819602,0.029330936705462905,0.01093611775109872,-0.014795816562114992
5.992579623144906,-0.0471076257321587,0.029593450939537136,0.01101900675572742,-0.014986027717846705
6.040520260130065,-0.04730497958148776,0.02987112400800431,0.011085856367120644,-0.015181058679005344
6.088460897115225,-0.047512004708716145,0.03016275507723997,0.01113768940084433,-0.015380515464214484
6.136401534100384,-0.04772783283637681,0.03046714331361959,0.01117552867246438,-0.015584004092097679
6.184342171085544,-0.04795159568700273,0.030783087883518752,0.011200396997546706,-0.01579113058127851
6.2322828080707025,-0.04818242498312682,0.031109387953312903,0.011213317191657232,-0.016001500950380516
6.280223445055862,-0.04841945244728206,0.0314448426893776,0.01121531207036186,-0.016214721218027285
6.328164082041022,-0.04866180980200141,0.03178825125808835,0.011207404449226521,-0.01643039740284238
6.376104719026181,-0.048908628769817795,0.03213841282582065,0.011190617143817118,-0.016648135523449348
6.42404535601134,-0.0491590410732642,0.03249412655895005,0.011165972969699567,-0.01686754159847178
6.4719859929964985,-0.04941217843487356,0.03285419162385203,0.011134494742439771,-0.017088221646533217
6.519926629981659,-0.049667172577178835,0.03321740718690214,0.011097205277603675,-0.017309781686257242
6.567867266966817,-0.049923155222712984,0.033582572414475875,0.011055127390757168,-0.017531827736267408
6.615807903951977,-0.05017925809400895,0.03394848647294875,0.01100928389746618,-0.01775396581518729
6.663748540937135,-0.050434612913599686,0.0343139485286963,0.010960697613296586,-0.01797580194164044
6.711689177922295,-0.05068835140401817,0.03467775774809402,0.010910391353814351,-0.01819694213425044
6.759629814907455,-0.050939605287797333,0.03503871329751744,0.010859387934585372,-0.018416992411640846
6.807570451892613,-0.05118750628747012,0.035395614343342055,0.010808710171175566,-0.018635558792435218
6.8555110888777735,-0.05143118612556952,0.03574726005194342,0.010759380879150827,-0.018852247295257134
6.903451725862932,-0.051669776524628445,0.036092449589697,0.010712422874077088,-0.01906666393873014
6.951392362848091,-0.05190240920717988,0.036429982122978356,0.01066885897152027,-0.01927841474147782
6.99933299983325,-0.05212821589575675,0.03675865681816296,0.010629711987046278,-0.019487105722123726
7.04727363681841,-0.05234632831289206,0.037077272841626395,0.010596004736221014,-0.019692342899291438
7.095214273803569,-0.05255587818111871,0.037384629359744105,0.010568760034610422,-0.019893732291604505
7.143154910788728,-0.052755997222969676,0.03767952553889164,0.010549000697780392,-0.020090879917686502
7.191095547773888,-0.05294581716097792,0.037960760545444526,0.01053774954129684,-0.020283391796160993
7.239036184759047,-0.053124469717676384,0.03822713354577827,0.010536029380725676,-0.02047087394565154
7.286976821744206,-0.05329108661559802,0.03847744370626837,0.01054486303163285,-0.020652932384781702
7.334917458729365,-0.05344479957727579,0.03871049019329036,0.010565273309584233,-0.020829173132175055
7.382858095714525,-0.053584740325242644,0.03892507217321974,0.010598283030145775,-0.020999202206455164
7.430798732699683,-0.05371004058203153,0.03911998881243204,0.010644915008883357,-0.021162625626245588
7.478739369684844,-0.05381983207017542,0.03929403927730279,0.010706192061362918,-0.021319049410169898
7.526680006670002,-0.053913246512207254,0.03944602273420749,0.010783137003150353,-0.02146807957685165
7.5746206436551615,-0.05398941563065999,0.03957473834952165,0.0108767726498116,-0.02160932214491442
7.622561280640322,-0.054047471148066566,0.03967898528962078,0.010988121816912555,-0.02174238313298177
7.67050191762548,-0.05408654478695996,0.039757562720880414,0.011118207320019127,-0.021866868559677257
7.71844255461064,-0.054105768269873115,0.039809269809676064,0.011268051974697255,-0.021982384443624447
7.766383191595798,-0.05410427331933899,0.03983290572238323,0.011438678596512833,-0.022088536803446916
7.814323828580958,-0.05408119165789053,0.03982726962537745,0.011631110001031786,-0.022184931657768223
7.862264465566117,-0.05403565500806069,0.03979116068503422,0.011846369003820037,-0.02227117502521193
7.910205102551276,-0.05396679509238243,0.03972337806772908,0.012085478420443468,-0.022346872924401608
7.958145739536437,-0.053873743633388704,0.03962272093983755,0.012349461066468032,-0.022411631373960822
8.006086376521594,-0.053755632353612456,0.039487988467735095,0.012639339757459608,-0.022465056392513127
8.054027013506754,-0.05361159297558667,0.0393179798177973,0.012956137308984123,-0.022506753998682107
8.101967650491913,-0.05344075722184424,0.03911149415639962,0.013300876536607525,-0.0225363302110913
8.149908287477073,-0.053242256814918176,0.03886733064991759,0.013674580255895685,-0.022553391048364294
8.197848924462232,-0.05301522347734142,0.03858428846472676,0.01407827128241454,-0.02255754252912465
8.245789561447392,-0.0527587889316469,0.038261166767202585,0.014512972431729984,-0.022548390671995926
8.29373019843255,-0.0524720849003676,0.037896764723720645,0.014979706519407943,-0.022525541495601688
8.341670835417709,-0.05215497232056889,0.037490886559580966,0.0154787522465443,-0.022488940804543736
8.38961147240287,-0.05183774485827173,0.03708528569763093,0.01597928690458148,-0.02245270826143083
8.437552109388028,-0.051536468512852054,0.03670211876167421,0.016464872224219336,-0.0224243150422986
8.485492746373188,-0.05125081815683679,0.03634095310444154,0.01693577277901159,-0.022403591406420394
8.533433383358346,-0.05098046866275292,0.03600135607866367,0.017392253142511905,-0.022390367613069565
8.581374020343507,-0.05072509490312736,0.035682895037071345,0.01783457788827401,-0.02238447392151947
8.629314657328665,-0.05048437175048708,0.035385137332395324,0.01826301158985157,-0.02238574059104345
8.677255294313825,-0.050257974077359026,0.03510765031736633,0.018677818820798303,-0.022393997880914875
8.725195931298984,-0.05004557675627014,0.03485000134471513,0.019079264154667885,-0.022409076050407085
8.773136568284142,-0.04984685465974738,0.03461175776717247,0.019467612165014015,-0.02243080535879343
8.821077205269303,-0.049661482660317675,0.034392486937469074,0.01984312742539041,-0.022459016065347278
8.869017842254461,-0.04948913563050799,0.03419175620833572,0.02020607450935073,-0.02249353842934197
8.916958479239621,-0.04932948844284527,0.03400913293250313,0.0205567179904487,-0.022534202710050858
8.96489911622478,-0.04918221596985647,0.033844184462702064,0.020895322442237987,-0.0225808391667473
9.01283975320994,-0.04904699308406852,0.03369647815166326,0.021222152438272315,-0.02263327805870464
9.060780390195099,-0.048923494658008396,0.03356558135211748,0.02153747255210535,-0.022691349645196243
9.108721027180257,-0.048811395564203025,0.033451061416795456,0.021841547357290804,-0.022754884185495452
9.156661664165416,-0.04871037067517936,0.03335248569842794,0.02213464142738237,-0.022823711938875627
9.204602301150576,-0.04862009486346435,0.03326942154974567,0.022417019335933746,-0.022897663164610112
9.252542938135736,-0.048540243001584944,0.03320143632347942,0.02268894565649862,-0.02297656812197227
9.300483575120895,-0.0484704899620681,0.0331480973723599,0.022950684962630686,-0.023060257070235443
9.348424212106055,-0.048410510617440755,0.033108972049117884,0.023202501827883644,-0.023148560268672996
9.396364849091214,-0.04835997984022986,0.03308362770648411,0.023444660825811186,-0.023241307976558264
9.444305486076372,-0.04831857250296238,0.033071631697189324,0.023677426529967,-0.023338330453164614
9.49224612306153,-0.04828596347816523,0.03307255137396427,0.023901063513904787,-0.023439457957765395
9.54018676004669,-0.048261827638365375,0.033085954089539696,0.024115836351178255,-0.02354452074963396
9.58812739703185,-0.048245839856089774,0.033111407196646354,0.024322009615341075,-0.02365334908804366
9.63606803401701,-0.04823767500386537,0.03314847804801499,0.02451984787994696,-0.023765773232267855
9.68400867100217,-0.048237007954219105,0.03319673399637635,0.0247096157185496,-0.023881623441579885
9.731949307987328,-0.04824351357967793,0.03325574239446117,0.024891577704702676,-0.02400072997525311
9.779889944972487,-0.0482568667527688,0.033325070595000214,0.0250659984119599,-0.024122923092560877
9.827830581957647,-0.048276742346018656,0.033404285950724213,0.02523314241387497,-0.02424803305277655
9.875771218942806,-0.048302815231954455,0.03349295581436393,0.025393274284001552,-0.02437589011517347
9.923711855927964,-0.048334760283103136,0.0335906475386501,0.02554665859589337,-0.024506324539024994
9.971652492913124,-0.04837225237199165,0.033696928476313476,0.025693559923104112,-0.024639166583604478
10.019593129898283,-0.04841496637114695,0.03381136598008479,0.025834242839187466,-0.024774246508185268
10.067533766883443,-0.04846257715309598,0.03393352740269481,0.025968971917697134,-0.024911394572040724
10.115474403868603,-0.0485147595903657,0.03406298009687428,0.026098011732186812,-0.025050441034444197
10.163415040853762,-0.048571188555483036,0.034199291415353925,0.026221626856210177,-0.025191216154669033
10.21135567783892,-0.048631538920974965,0.03434202871086452,0.026340081863320944,-0.025333550191988588
10.259296314824079,-0.04869548555936841,0.03449075933613678,0.026453641327072803,-0.025477273405676217
10.307236951809239,-0.04876270334319033,0.034645050643901484,0.02656256982101944,-0.025622216055005274
10.355177588794398,-0.04883286714496767,0.034804469986889366,0.02666713191871456,-0.025768208399249107
10.403118225779558,-0.04890565183722739,0.03496858471783117,0.026767592193711852,-0.025915080697681076
10.451058862764716,-0.048980732292496436,0.03513696218945765,0.026864215219565016,-0.026062663209574524
10.498999499749877,-0.049057783383301745,0.03530916975449954,0.02695726556982774,-0.026210786194202813
10.546940136735035,-0.04913647998217027,0.03548477476568759,0.027047007818053727,-0.026359279910839282
10.594880773720194,-0.04921649696162897,0.035663344575752556,0.027133706537796655,-0.026507974618757296
10.642821410705354,-0.04929750919420478,0.03584444653742519,0.027217626302610244,-0.02665670057723021
10.690762047690512,-0.049379191552424664,0.03602764800343622,0.02729903168604817,-0.02680528804553136
10.738702684675673,-0.04946121890881555,0.036212516326516404,0.027378187261664133,-0.026953567282934122
10.786643321660831,-0.0495432661359044,0.03639861885939648,0.02745535760301183,-0.027101368548711827
10.834583958645991,-0.049625008106218164,0.0365855229548072,0.027530807283644952,-0.02724852210213784
10.88252459563115,-0.04970611969228378,0.036772795965479325,0.027604800877117194,-0.02739485820248551
10.930465232616308,-0.04978627576662821,0.03696000524414357,0.02767760295698225,-0.027540207109028186
10.978405869601469,-0.049865151201778396,0.03714671814353072,0.02774947809679382,-0.02768439908103923
11.026346506586627,-0.049942420870261295,0.03733250201637149,0.02782069087010559,-0.027827264377791986
11.074287143571787,-0.05001775964460384,0.03751692421539664,0.027891505850471274,-0.027968633258559812
11.122227780556946,-0.050090842397332976,0.03769955209333692,0.027962187611444537,-0.028108335982616056
11.170168417542106,-0.050161344000975674,0.03787995300292307,0.02803300072657911,-0.028246202809234074
11.218109054527265,-0.05022893932805887,0.03805769429688584,0.028104209769428644,-0.02838206399768722
11.266049691512425,-0.05029330325110952,0.03823234332795597,0.028176079313546872,-0.028515749807248844
11.313990328497583,-0.05035411064265455,0.03840346744886422,0.02824887393248747,-0.028647090497192294
11.361930965482742,-0.050411036375220944,0.03857063401234133,0.028322858199804134,-0.02877591632679093
11.409871602467902,-0.050463755321335624,0.038733410371118035,0.028398296689050563,-0.02890205755531811
11.45781223945306,-0.050511942353525546,0.038891363877925106,0.028475453973780457,-0.029025344442047168
11.50575287643822,-0.05055527234431766,0.039044061885493274,0.028554594627547492,-0.029145607246251475
11.55369351342338,-0.05059342016623891,0.039191071746553285,0.028635983223905384,-0.029262676227204375
11.60163415040854,-0.05062606069181625,0.03933196081383589,0.028719884336407816,-0.02937638164417922
11.649574787393698,-0.05065286879357663,0.03946629644007184,0.028806562538608485,-0.029486553756449367
11.697515424378857,-0.050673519344047,0.03959364597799187,0.02889628240406109,-0.029593022823288163
11.745456061364017,-0.0506876872157543,0.039713576780326734,0.028989308506319318,-0.029695619103968965
11.793396698349175,-0.05069504728122548,0.03982565619980718,0.02908590541893687,-0.029794172857765124
11.841337335334336,-0.0506952744129875,0.03992945158916396,0.02918633771546743,-0.029888514343949995
11.889277972319494,-0.05068804348356729,0.04002453030112781,0.02929086996946471,-0.029978473821796928
11.937218609304654,-0.05067302936549181,0.04011045968842948,0.029399766754482397,-0.030063881550579274
11.985159246289813,-0.05064990693128801,0.040186807103799724,0.02951329264407418,-0.030144567789570392
12.033099883274971,-0.05061835105348284,0.040253139899969266,0.02963171221179375,-0.03022036279804363
12.08104052026013,-0.05057803660460325,0.04030902542966888,0.02975529003119482,-0.030291096835272337
12.128981157245288,-0.05052863845717617,0.040354031045629304,0.029884290675831076,-0.03035660016052987
12.17692179423045,-0.050469831483728564,0.04038772410058128,0.030018978719256215,-0.03041670303308959
12.224862431215609,-0.05040129055678738,0.04040967194725555,0.030159618735023916,-0.030471235712224834
12.272803068200767,-0.05032269054887958,0.04041944193838288,0.030306475296687892,-0.030520028457208963
12.32074370518593,-0.05023370633253208,0.04041660142669401,0.03045981297780184,-0.030562911527315335
12.368684342171088,-0.05013401278027185,0.040400717764919665,0.030619896351919435,-0.030599715181817293
12.416624979156246,-0.05002328476462585,0.040371358305790625,0.03078698999259438,-0.030630269679988192
12.464565616141405,-0.049901197158121,0.040328090402037615,0.030961358473380385,-0.03065440528110138
12.512506253126565,-0.0497680257300345,0.04027116938662382,0.03114284898688002,-0.030672274135866952
12.560446890111724,-0.049635734763871,0.040214257839300806,0.03132317721928804,-0.03069028661467118
12.608387527096882,-0.04950900990690262,0.04016274514835368,0.031499083702684144,-0.030710946391415722
12.656328164082044,-0.04938773166413313,0.04011652770979344,0.03167064224062525,-0.03073418201673401
12.704268801067203,-0.049271780540566336,0.04007550191963107,0.03183792663666824,-0.03075992204125947
12.752209438052361,-0.049161037041206,0.04003956417387757,0.03200101069437004,-0.03078809501562553
12.80015007503752,-0.04905538167105593,0.04000861086854395,0.03215996821728756,-0.03081862949046562
12.84809071202268,-0.048954694935119884,0.039982538399641186,0.03231487300897771,-0.030851454016413166
12.896031349007838,-0.048858857338401666,0.03996124316318028,0.0324657988729974,-0.030886497144101594
12.943971985992997,-0.04876774938590506,0.03994462155517222,0.03261281961290354,-0.030923687424164337
12.991912622978159,-0.04868125158263384,0.039932569971628015,0.03275600903225304,-0.030962953407234827
13.039853259963317,-0.0485992444335918,0.03992498480855864,0.03289544093460282,-0.031004223643946477
13.087793896948476,-0.04852160844378272,0.03992176246197511,0.03303118912350976,-0.031047426684932725
13.135734533933634,-0.04844822411821039,0.039922799327888406,0.03316332740253081,-0.031092491080826998
13.183675170918795,-0.04837897196187859,0.03992799180230953,0.033291929575222846,-0.031139345382262724
13.231615807903953,-0.04831373247979111,0.03993723628124946,0.0334170694451428,-0.03118791813987333
13.279556444889112,-0.04825238617695172,0.039950429160719225,0.03353882081584757,-0.031238137904292244
13.32749708187427,-0.04819481355836422,0.03996746683672978,0.03365725749089407,-0.031289933226152894
13.375437718859432,-0.048140895129032385,0.03998824570529216,0.033772453273839216,-0.03134323265608871
13.42337835584459,-0.04809051139396002,0.04001266216241732,0.03388448196823992,-0.03139796474473312
13.47131899282975,-0.048043542858150885,0.040040612604116274,0.033993417377653073,-0.03145405804271954
13.51925962981491,-0.04799987002660877,0.04007199342640002,0.0340993333056356,-0.03151144110068142
13.567200266800068,-0.04795937340433747,0.04010670102527955,0.03420230355574441,-0.03157004246925217
13.615140903785226,-0.04792193349634077,0.040144631796765855,0.03430240193153642,-0.03162979069906523
13.663081540770385,-0.04788743080762244,0.04018568213686993,0.03439970223656852,-0.031690614340754014
13.711022177755547,-0.047855745843186276,0.04022974844160278,0.03449427827439765,-0.03175244194495197
13.758962814740705,-0.04782675910803606,0.04027672710697538,0.03458620384858068,-0.031815202062292505
13.806903451725864,-0.04780035110717558,0.04032651452899874,0.03467555276267456,-0.03187882324340906
13.854844088711024,-0.047776402345608614,0.040379007103683855,0.03476239882023617,-0.03194323403893506
13.902784725696183,-0.04775479332833896,0.04043410122704171,0.03484681582482244,-0.03200836299950392
13.950725362681341,-0.04773540456037038,0.0404916932950833,0.034928877579990275,-0.03207413867574909
13.9986659996665,-0.04771811654670668,0.04055167970381964,0.03500865788929658,-0.03214048961830399
14.046606636651662,-0.047702809792351634,0.040613956849261695,0.035086230556298274,-0.03220734437780205
14.09454727363682,-0.04768936480230902,0.04067842112742048,0.03516166938455226,-0.03227463150487669
14.142487910621979,-0.047677662081582646,0.040744968934306985,0.03523504817761544,-0.032342279550161335
14.190428547607137,-0.04766758213517628,0.0408134966659322,0.035306440739044744,-0.032410217064289426
14.238369184592298,-0.04765900546809371,0.04088390071830713,0.03537592087239706,-0.032478372597894385
14.286309821577456,-0.04765181258533872,0.04095607748744276,0.03544356238122933,-0.03254667470160964
14.334250458562614,-0.047645883991915085,0.04102992336935008,0.03550943906909843,-0.03261505192606862
14.382191095547777,-0.047641100192826615,0.04110533476004011,0.03557362473956129,-0.03268343282190475
14.430131732532935,-0.047637341693077075,0.041182208055523806,0.035636193196174816,-0.03275174593975146
14.478072369518094,-0.04763448899767025,0.04126043965181219,0.035697218242495915,-0.03281991983024218
14.526013006503252,-0.04763242261160993,0.041339925944916256,0.0357567736820815,-0.03288788304401033
14.573953643488412,-0.04763102303989991,0.04142056333084699,0.03581493331848848,-0.032955564131689354
14.62189428047357,-0.04763017078754395,0.04150224820561539,0.03587177095527377,-0.03302289164391266
14.66983491745873,-0.04762974635954586,0.04158487696523244,0.035927360395994264,-0.03308979413131369
14.717775554443891,-0.0476296302609094,0.041668346005709164,0.03598177544420689,-0.03315620014452587
14.76571619142905,-0.047629702996638386,0.04175255172305653,0.036035089903468556,-0.03322203823418262
14.813656828414208,-0.04762984507173657,0.04183739051328554,0.03608737757733616,-0.03328723695091738
14.861597465399367,-0.04762993699120776,0.041922758772407184,0.03613871226936662,-0.03335172484536357
14.909538102384529,-0.047629859260055724,0.042008552896432474,0.03618916778311686,-0.03341543046815462
14.957478739369687,-0.047629492383284254,0.042094669281372385,0.03623881792214377,-0.03347828236992396
15.005419376354846,-0.04762871686589715,0.04218100432323792,0.03628773649000427,-0.03354020910130501
15.053360013340004,-0.04762741321289817,0.04226745441804007,0.03633599729025525,-0.0336011392129312
15.101300650325165,-0.04762546192929112,0.04235391596178984,0.03638367412645366,-0.033661001255435974
15.149241287310323,-0.047622743520079766,0.04244028535049821,0.03643084080215637,-0.03371972377945274
15.197181924295482,-0.04761913849026791,0.042526458980176186,0.036477571120920316,-0.033777235335614934
15.245122561280644,-0.047614527344859325,0.04261233324683476,0.0365239388863024,-0.03383346447455599
15.293063198265802,-0.0476087905888578,0.042697804546484926,0.03657001790185953,-0.03388833974690933
15.34100383525096,-0.047601808727267124,0.042782769275137675,0.03661588197114861,-0.03394178970330837
15.388944472236119,-0.04759346226509108,0.042867123828804005,0.03666160489772657,-0.03399374289438656
15.43688510922128,-0.04758363170733344,0.04295076460349491,0.0367072604851503,-0.03404412787077731
15.484825746206438,-0.04757219755899802,0.04303358799522139,0.03675292253697673,-0.03409287318311406
15.532766383191596,-0.047559040325088564,0.04311549039999443,0.036798664856762746,-0.03413990738203023
15.580707020176758,-0.047544040510608884,0.04319636821382503,0.03684456124806528,-0.03418515901815926
15.628647657161917,-0.04752707862056276,0.0432761178327242,0.036890685514441225,-0.03422855664213456
15.676588294147075,-0.047508035159953964,0.043354635652702894,0.0369371114594475,-0.034270028804589577
15.724528931132234,-0.04748679063378631,0.04343181806977214,0.036983912886641025,-0.03430950405615772
15.772469568117394,-0.047463225547063545,0.04350756147994293,0.03703116359957869,-0.03434691094747243
15.820410205102553,-0.04743722040478948,0.043581762279226256,0.03707893740181742,-0.03438217802916713
15.868350842087711,-0.047408655711967895,0.04365431686363311,0.03712730809691411,-0.034415233851875254
15.916291479072873,-0.04737741197360257,0.04372512162917448,0.037176349488425686,-0.03444600696623022
15.964232116058032,-0.04734336969469729,0.043794072971861366,0.037226135379909056,-0.03447442592286547
16.01217275304319,-0.04730640938025585,0.043861067287704766,0.037276739574921114,-0.034500419272414415
16.06011339002835,-0.047266411535282014,0.04392600097271568,0.0373282358770188,-0.034523915565510495
16.10805402701351,-0.047223256664779584,0.04398877042290509,0.037380698089759,-0.03454484335278713
16.15599466399867,-0.04717682527375234,0.044049272034284,0.03743420001669863,-0.03456313118487776
16.203935300983826,-0.047126997867204076,0.04410740220286338,0.03748881546139459,-0.0345787076124158
16.251875937968986,-0.04707365495013855,0.04416305732465427,0.03754461822740381,-0.034591501186034684
16.299816574954146,-0.04701667702755957,0.044216133795667634,0.0376016821182832,-0.03460144045636785
16.347757211939303,-0.04695594460447092,0.04426652801191447,0.03766008093758965,-0.0346084539740487
16.395697848924463,-0.046891338185876374,0.04431413636940578,0.03771988848888008,-0.034612470289710685
16.443638485909624,-0.04682273827677973,0.04435885526415255,0.03778117857571141,-0.03461341795398722
16.491579122894784,-0.04675002538218476,0.04440058109216578,0.037844025001640545,-0.034611225517511744
16.53951975987994,-0.046673080007095254,0.04443921024945646,0.03790850157022438,-0.03460582153091768
16.5874603968651,-0.046591782656515,0.0444746391320356,0.03797468208501984,-0.03459713454483845
16.63540103385026,-0.04650601383544777,0.04450676413591417,0.038042640349583844,-0.03458509310990748
16.683341670835418,-0.04641599956415282,0.04453571348387112,0.03811222218442689,-0.034569899637625454
16.731282307820578,-0.046325793842251634,0.044564197961475226,0.038180749146859067,-0.03455478395150246
16.77922294480574,-0.04623655912038974,0.04459301749996869,0.038247453990083856,-0.0345406701168105
16.8271635817909,-0.04614824827762888,0.04462216376837037,0.03831236795284803,-0.034527521903342476
16.875104218776055,-0.046060814193030805,0.044651628435699066,0.038375522273898316,-0.03451530308089132
16.923044855761216,-0.04597420974565723,0.044681403170973626,0.03843694819198147,-0.034503977419249945
16.970985492746376,-0.04588838781456991,0.04471147964321289,0.03849667694584423,-0.034493508688211265
17.018926129731533,-0.04580330127883058,0.044741849521435686,0.03855473977423334,-0.034483860657568206
17.066866766716693,-0.04571890301750096,0.04477250447466084,0.038611167915895556,-0.034474997097113685
17.11480740370185,-0.04563514590964281,0.0448034361719072,0.03866599260957761,-0.03446688177664062
17.162748040687013,-0.045551982834317835,0.0448346362821936,0.03871924509402625,-0.034459478465941926
17.21068867767217,-0.04546936667058781,0.044866096474538854,0.038770956607988225,-0.03445275093481052
17.25862931465733,-0.04538725029751446,0.04489780841796181,0.038821158390210275,-0.03444666295303932
17.30656995164249,-0.0453055865941595,0.044929763781481294,0.038869881679439146,-0.034441178290421245
17.35451058862765,-0.045224328439584696,0.04496195423411615,0.038917157714421585,-0.03443626071674922
17.402451225612808,-0.04514342871285177,0.044994371444885196,0.038963017733904336,-0.03443187400181616
17.450391862597968,-0.04506284029302247,0.04502700708280728,0.039007492976634146,-0.03442798191541498
17.498332499583128,-0.04498251605915852,0.045059852816901225,0.03905061468135776,-0.0344245482273386
17.546273136568285,-0.04490240889032166,0.04509290031618587,0.03909241408682191,-0.03442153670737995
17.594213773553445,-0.04482247166557363,0.04512614124968004,0.03913292243177336,-0.03441891112533192
17.642154410538605,-0.04474265726397616,0.045159567286402594,0.03917217095495885,-0.034416635250987454
17.690095047523766,-0.044662918564591,0.04519317009537233,0.039210190895125105,-0.03441467285413946
17.738035684508922,-0.04458320844647989,0.045226941345608104,0.0392470134910189,-0.03441298770458086
17.785976321494083,-0.04450347978870454,0.04526087270612874,0.03928266998138696,-0.03441154357210457
17.833916958479243,-0.04442368547032671,0.045294955845953076,0.039317191604976036,-0.0344103042265035
17.8818575954644,-0.044343778370408135,0.04532918243409994,0.039350609600532875,-0.03440923343757058
17.92979823244956,-0.04426371136801055,0.04536354413958817,0.03938295520680422,-0.03440829497509874
17.977738869434717,-0.044183437342195694,0.0453980326314366,0.03941425966253681,-0.03440745260888087
18.02567950641988,-0.04410290917202528,0.045432639578664065,0.0394445542064774,-0.034406670108709896
18.073620143405037,-0.04402207973656109,0.045467356650289385,0.03947387007737273,-0.03440591124437875
18.121560780390197,-0.04394090191486482,0.045502175515331415,0.03950223851396954,-0.03440513978568034
18.169501417375358,-0.04385932858599823,0.04553708784280897,0.039529690755014585,-0.03440431950240758
18.217442054360514,-0.043777312629023055,0.04557208530174089,0.039556258039254596,-0.034403414164353406
18.265382691345675,-0.04369480692300102,0.045607159561146006,0.03958197160543633,-0.03440238754131072
18.31332332833083,-0.043611764346993875,0.04564230229004315,0.03960686269230653,-0.03440120340307245
18.361263965315995,-0.04352813778006334,0.04567750515745118,0.03963096253861194,-0.0343998255194315
18.409204602301152,-0.04344388010127118,0.045712759832388886,0.039654302383099305,-0.03439821766018081
18.457145239286312,-0.04335894418967911,0.04574805798387513,0.039676913464515365,-0.034396343595113274
18.505085876271473,-0.043273282924348865,0.04578339128092873,0.039698827021606875,-0.03439416709402183
18.55302651325663,-0.0431868491843422,0.04581875139256854,0.039720074293120564,-0.034391651926699386
18.60096715024179,-0.043099595848720834,0.04585412998781337,0.03974068651780319,-0.03438876186293886
18.648907787226946,-0.043011475796546524,0.045889518735682075,0.03976069493440149,-0.034385460672533175
18.69684842421211,-0.04292244190688098,0.04592490930519348,0.03978013078166222,-0.03438171212527525
18.744789061197267,-0.042832447058785965,0.04596029336536641,0.03979902529833212,-0.034377479990958006
18.792729698182427,-0.0427414441313232,0.045995662585219706,0.03981740972315793,-0.03437272803937435
18.840670335167587,-0.04264938600355442,0.0460310086337722,0.039835315294886396,-0.034367420040317204
18.888610972152744,-0.04255622555454138,0.046066323180042716,0.03985277325226426,-0.03436151976357949
18.936551609137904,-0.0424619156633458,0.046101597893050114,0.03986981483403828,-0.03435499097895412
18.98449224612306,-0.04236640920902943,0.0461368244418132,0.039886471278955185,-0.03434779745623402
19.032432883108225,-0.04226965907065399,0.04617199449535082,0.03990277382576173,-0.03433990296521212
19.08037352009338,-0.042171618127281235,0.0462070997226818,0.03991875371320466,-0.03433127127568131
19.12831415707854,-0.04207223925797289,0.04624213179282497,0.03993444218003071,-0.034321866157434516
19.1762547940637,-0.04197147534179071,0.04627708237479918,0.03994987046498664,-0.03431165138026468
19.22419543104886,-0.0418692792577964,0.04631194313762326,0.03996506980681917,-0.03430059071396469
19.27213606803402,-0.04176560388505172,0.04634670575031603,0.03998007144427508,-0.03428864792832748
19.320076705019176,-0.041660402102618406,0.04638136188189634,0.03999490661610109,-0.03427578679314597
19.36801734200434,-0.04155362678955818,0.04641590320138301,0.04000960656104395,-0.03426197107821306
19.415957978989496,-0.04144523082493281,0.04645032137779487,0.04002420251785041,-0.0342471645533217
19.463898615974657,-0.04133516708780399,0.04648460808015077,0.040038725725267205,-0.03423133098826478
19.511839252959813,-0.0412233884572335,0.04651875497746953,0.04005320742204109,-0.03421443415283523
19.559779889944974,-0.041109847812283044,0.046552753738769985,0.0400676788469188,-0.03419643781682597
19.607720526930134,-0.04099449803201438,0.04658659603307097,0.040082171238647095,-0.03417730575002991
19.655661163915294,-0.040877291995489236,0.04662027352939133,0.0400967158359727,-0.034157001722239975
19.703601800900454,-0.04075818258176934,0.046653777896749876,0.04011134387764237,-0.03413548950324908
19.75154243788561,-0.04063712266991646,0.04668710080416546,0.040126086602402855,-0.034112732862850145
19.79948307487077,-0.04051406513899229,0.046720233920656905,0.04014097524900089,-0.03408869557083609
19.847423711855928,-0.04038896286805861,0.046753168915243046,0.04015604105618323,-0.034063341396999826
19.895364348841092,-0.04026176873617712,0.04678589745694272,0.040171315262696614,-0.03403663411113428
19.94330498582625,-0.04013243562240958,0.04681841121477476,0.04018682910728778,-0.03400853748303237
19.99124562281141,-0.040000916405817724,0.04685070185775799,0.04020261382870349,-0.033979015282487014
20.039186259796566,-0.03986716396546329,0.04688276105491125,0.04021870066569048,-0.03394803127929112
20.087126896781726,-0.039731131180408004,0.04691458047525338,0.04023512085699549,-0.03391554924323762
20.135067533766886,-0.0395927709297136,0.04694615178780321,0.040251905641365264,-0.03388153294411942
20.183008170752043,-0.03945203609244184,0.046977466661579564,0.040269086257546556,-0.03384594615172945
20.230948807737207,-0.039308879547654434,0.04700851676560129,0.040286693944286106,-0.03380875263586061
20.278889444722363,-0.03916325417441314,0.04703929376888721,0.040304759940330656,-0.03376991616630585
20.326830081707524,-0.03901511285177968,0.04706978934045615,0.04032331548442696,-0.033729400512858054
20.37477071869268,-0.0388644084588158,0.04709999514932696,0.04034239181532175,-0.033687169445310174
20.42271135567784,-0.038711093874583234,0.04712990286451847,0.040362020171761784,-0.033643186733455094
20.470651992663,-0.03855512197814372,0.04715950415504951,0.040382231792493804,-0.03359741614708575
20.518592629648158,-0.03839644564855899,0.04718879068993892,0.04040305791626454,-0.03354982145599506
20.56653326663332,-0.03823501776489077,0.04721775413820552,0.040424529781820755,-0.03350036642997594
20.614473903618478,-0.038070791206200834,0.04724638616886814,0.0404466786279092,-0.03344901483882131
20.66241454060364,-0.03790371885155089,0.04727467845094565,0.04046953569327658,-0.033395730452324086
20.710355177588795,-0.037733753580002694,0.04730262265345683,0.04049313221666968,-0.03334047704027719
20.758295814573955,-0.03756084827061795,0.04733021044542056,0.04051749943683524,-0.033283218372473534
20.806236451559116,-0.03738495580245843,0.04735743349585564,0.040542668592519995,-0.033223918218706044
20.854177088544272,-0.03720597320828142,0.047384272927083776,0.04056848700792145,-0.03316265657286202
20.902117725529433,-0.03702341566393494,0.04741064167725096,0.0405935321653277,-0.03310033485478377
20.950058362514593,-0.036837149737101615,0.047436525960710164,0.04061751711843085,-0.03303717021261987
20.997998999499753,-0.03664713682950893,0.047461930511374366,0.04064046532205536,-0.03297318657918661
21.04593963648491,-0.036453338342884334,0.04748686006315651,0.040662400231025714,-0.03290840788730027
21.09388027347007,-0.03625571567895529,0.047511319349969564,0.04068334530016638,-0.03284285806977712
21.14182091045523,-0.036054230239449245,0.0475353131057265,0.04070332398430183,-0.03277656105943343
21.189761547440387,-0.03584884342609369,0.047558846064340264,0.040722359738256525,-0.03270954078908549
21.237702184425547,-0.03563951664061605,0.047581922959723834,0.04074047601685494,-0.032641821191549555
21.285642821410708,-0.035426211284743804,0.04760454852579016,0.04075769627492155,-0.032573426199641924
21.333583458395868,-0.03520888876020441,0.04762672749645222,0.040774043967280814,-0.03250437974617886
21.381524095381025,-0.03498751046872535,0.04764846460562296,0.04078954254875721,-0.032434705763976654
21.429464732366185,-0.03476203781203405,0.04766976458721536,0.04080421547417521,-0.032364428185851564
21.477405369351345,-0.034532432191857976,0.04769063217514237,0.04081808619835928,-0.03229357094461987
21.525346006336502,-0.03429865500992462,0.04771107210331696,0.040831178176133874,-0.032222157973097854
21.573286643321662,-0.03406066766796141,0.04773108910565209,0.04084351486232349,-0.03215021320410179
21.621227280306822,-0.03381843156769581,0.04775068791606072,0.04085511971175259,-0.03207776057044794
21.669167917291983,-0.033571908110855295,0.04776987326845581,0.04086601617924563,-0.0320048240049526
21.71710855427714,-0.03332105869916733,0.04778864989675034,0.040876227719627095,-0.03193142744043204
21.7650491912623,-0.033065844734359355,0.04780702253485725,0.04088577778772144,-0.03185759480970253
21.81298982824746,-0.03280622761815883,0.047824995916689525,0.040894689838353156,-0.03178335004558036
21.860930465232617,-0.03254216875229326,0.04784257477616011,0.0409029873263467,-0.03170871708088179
21.908871102217777,-0.03227362953849004,0.04785976384718198,0.040910693706526544,-0.03163371984842311
21.956811739202937,-0.03200057137847667,0.04787656786366809,0.040917832433717154,-0.03155838228102058
22.004752376188097,-0.031722955673980605,0.047892991559531396,0.040924426962743,-0.03148272831149048
22.052693013173254,-0.03144074382672932,0.04790903966868488,0.04093050074842856,-0.0314067818726491
22.100633650158414,-0.03115389723845024,0.047924716925041494,0.0409360772455983,-0.03133056689731271
22.148574287143575,-0.03086237731087084,0.0479400280625142,0.04094117990907668,-0.03125410731829757
22.196514924128735,-0.030566145445718593,0.04795497781501596,0.04094583219368819,-0.03117742706841997
22.24445556111389,-0.03026516304472097,0.047969570916459744,0.04095005755425729,-0.031100550080496198
22.292396198099052,-0.0299593915096054,0.0479838121007585,0.04095387944560844,-0.031023500287342506
22.340336835084212,-0.02964879224209935,0.04799770610182521,0.04095732132256612,-0.030946301621775182
22.38827747206937,-0.029333326643930322,0.04801125765357282,0.0409604066399548,-0.030868978016610503
22.43621810905453,-0.029012956116825712,0.04802447148991431,0.04096315885259895,-0.030791553404664742
22.48415874603969,-0.02868764206251302,0.04803735234476263,0.040965601415323044,-0.030714051718754173
22.53209938302485,-0.02835734588271969,0.04804990495203074,0.04096775778295154,-0.030636496891695075
22.580040020010006,-0.028022028979173226,0.04806213404563161,0.04096965141030891,-0.030558912856303726
22.627980656995167,-0.027681652753601023,0.04807404435947821,0.04097130575221963,-0.030481323545396396
22.675921293980327,-0.02733617860773058,0.04808564062748349,0.04097274426350818,-0.030403752891789367
22.723861930965484,-0.026985567943289372,0.04809692758356041,0.040973990398999016,-0.030326224828298918
22.771802567950644,-0.026629782162004817,0.048107909961621946,0.0409750676135166,-0.030248763287741315
22.819743204935804,-0.026268782665604395,0.04811859249558106,0.040975999361885417,-0.030171392202932835
22.867683841920964,-0.025902530855815568,0.0481289799193507,0.04097680909892993,-0.03009413550668976
22.91562447890612,-0.02553098813436582,0.04813907696684384,0.04097752027947462,-0.030017017131828368
22.96356511589128,-0.025154115902982575,0.048148888371973446,0.04097815635834394,-0.029940061011164927
23.01150575287644,-0.024771875563393303,0.048158418868652464,0.04097874079036237,-0.029863291077515713
23.0594463898616,-0.0243842285173255,0.04816767319079388,0.04097929703035438,-0.02978673126369702
23.10738702684676,-0.02399113616650656,0.04817665607231064,0.04097984853314444,-0.029710405502525097
23.15532766383192,-0.023592559912663992,0.04818537224711572,0.04098041875355701,-0.029634337726816232
23.20326830081708,-0.023188461157525236,0.04819382644912207,0.040981031146416574,-0.029558551869386704
23.251208937802236,-0.0227788013028178,0.04820202341224266,0.0409817091665476,-0.029483071863052792
23.299149574787396,-0.02236354175026907,0.04820996787039045,0.04098247626877455,-0.02940792164063076
23.347090211772557,-0.021942643901606548,0.0482176645574784,0.04098335590792189,-0.029333125134936893
23.395030848757713,-0.02151606915855772,0.048225118207419475,0.0409843715388141,-0.02925870627878747
23.442971485742873,-0.021083778922849985,0.04823233355412664,0.04098554661627565,-0.029184689004998758
23.490912122728034,-0.020645734596210833,0.04823931533151286,0.04098690459513102,-0.029111097246387035
23.538852759713194,-0.02020189758036773,0.048246068273491094,0.040988468930204656,-0.02903795493576858
23.58679339669835,-0.019752229277048165,0.0482525971139743,0.04099026307632103,-0.028965286005959667
23.63473403368351,-0.019296691087979538,0.048258906586875455,0.04099231048830464,-0.028893114389776573
23.68267467066867,-0.01883524441488934,0.04826500142610752,0.04099463462097993,-0.028821464020035572
23.730615307653828,-0.01836785065950506,0.04827088636558343,0.040997258929171373,-0.02875035882955295
23.77855594463899,-0.0178944712235541,0.04827656613921619,0.04100020686770345,-0.02867982275114497
23.826496581624145,-0.017415067508763985,0.048282045480918724,0.04100350189140062,-0.028609879717627913
23.87443721860931,-0.016929600916862072,0.04828732912460402,0.041007167455087354,-0.02854055366181805
23.922377855594466,-0.016438032849575956,0.048292421804185026,0.041011227013588135,-0.02847186851653167
23.970318492579626,-0.01594032470863301,0.048297328253574724,0.04101570402172742,-0.028403848214585033
24.018259129564782,-0.015436437895760739,0.048302053206686055,0.04102062193432968,-0.028336516688794434
24.066199766549943,-0.014926333812686555,0.048306601397431995,0.04102600420621939,-0.02826989787197613
24.114140403535107,-0.014409973861137902,0.04831097755972551,0.041031874292221014,-0.028204015696946395
24.16208104052026,-0.0138873194428424,0.04831518642747955,0.04103825564715902,-0.02813889409652154
24.210021677505424,-0.013358331959527282,0.04831923273460707,0.041045171725857886,-0.028074557003517794
24.257962314490577,-0.012822972812920237,0.04832312121502106,0.04105264598314209,-0.02801102835075147
24.30590295147574,-0.01228120340474849,0.04832685660263447,0.04106070187383608,-0.027948332071038817
24.3538435884609,-0.011732985136739664,0.04833044363136026,0.041069362852764336,-0.027886492097196125
24.401784225446058,-0.011178279410621215,0.0483338870351114,0.04107865237475133,-0.027825532362039673
24.449724862431218,-0.010617047628120527,0.04833719154780085,0.04108859389462153,-0.027765476798385726
24.497665499416378,-0.010049251190965095,0.04834036190334156,0.04109921086719941,-0.02770634933905057
24.545606136401535,-0.009474851500882436,0.04834340283564651,0.04111052674730944,-0.027648173916850483
24.593546773386695,-0.008893809959599904,0.04834631907862865,0.04112256498977608,-0.027590974464601726
24.64148741037186,-0.00830608796884498,0.048349115366200957,0.04113534904942381,-0.027534774915120585
24.689428047357012,-0.007711646930345288,0.04835179643227638,0.04114890238107709,-0.02747959920122334
24.737368684342176,-0.007110448245828028,0.04835436701076789,0.041163248439560395,-0.027425471255726256
24.785309321327336,-0.006502453317020835,0.04835683183558845,0.041178410679698206,-0.027372415011445616
24.833249958312493,-0.005887623545651179,0.04835919564065101,0.04119441255631498,-0.0273204544011977
24.881190595297653,-0.005265920333446417,0.048361463159868556,0.04121127752423519,-0.02726961335779878
24.92913123228281,-0.004637305082134113,0.04836363912715403,0.0412290290382833,-0.027219915814065125
24.97707186926797,-0.0040017391934416315,0.04836572827642041,0.04124769055328379,-0.02717138570281302
25.02501250625313,-0.003360627899809592,0.04836770353765176,0.0412670125237865,-0.027123317803219613
25.072953143238287,-0.0027219132164140684,0.04836939187267291,0.04128551273876941,-0.02707175723454603
25.120893780223447,-0.0020868433297415623,0.048370764737608346,0.0413029796033334,-0.027016206441778212
25.168834417208608,-0.0014554561230636358,0.04837182005297532,0.04131943069457113,-0.026956784176194123
25.216775054193764,-0.0008277894796518522,0.048372555739291084,0.04133488358957523,-0.026893609189071715
25.264715691178925,-0.00020388128277763374,0.048372969717072896,0.041349355865438364,-0.026826800231688933
25.31265632816409,0.0004162305842875028,0.04837305990683801,0.04136286509925319,-0.02675647605532373
25.36059696514924,0.001032508238271858,0.04837282422910368,0.04137542886811234,-0.02668275541125408
25.408537602134405,0.0016449137959041902,0.048372260604387166,0.04138706474910848,-0.0266057570507579
25.45647823911956,0.002253409373912713,0.0483713669532057,0.04139779031933425,-0.026525599725113178
25.504418876104722,0.002857957089026178,0.04837014119607655,0.041407623155882325,-0.026442402185597833
25.552359513089883,0.0034585190579728914,0.04836858125351697,0.041416580835845325,-0.02635628318348984
25.60030015007504,0.004055057397481339,0.04836668504604421,0.04142468093631592,-0.026267361470067155
25.6482407870602,0.00464753422428009,0.04836445049417553,0.04143194103438676,-0.026175755796607716
25.69618142404536,0.005235911655097588,0.048361875518428174,0.04143837870715049,-0.026081584914389482
25.744122061030517,0.005820151806662271,0.04835895803931939,0.04144401153169976,-0.02598496757469041
25.792062698015677,0.006400216795702712,0.04835569597736645,0.04144885708512723,-0.025886022528788445
25.840003335000837,0.006976068738947351,0.0483520872530866,0.041452932944525546,-0.025784868527961545
25.887943971985994,0.00754766975312463,0.04834812978699709,0.04145625668698736,-0.025681624323487664
25.935884608971154,0.008114981954963118,0.04834382149961517,0.04145884588960533,-0.025576408666644748
25.983825245956318,0.008677967461191295,0.0483391603114581,0.041460718129472086,-0.025469340308710745
26.03176588294147,0.009236588388537484,0.04833414414304313,0.0414618909836803,-0.025360538000963637
26.079706519926635,0.009790806853730415,0.04832877091488752,0.04146238202932262,-0.025250120494681335
26.127647156911788,0.010340584973498327,0.048323038547508516,0.041462208843491694,-0.02513820654114184
26.175587793896952,0.010885884864569947,0.04831694496142337,0.04146138900328016,-0.02502491489162305
26.223528430882112,0.0114266686436736,0.04831048807714935,0.04145994008578069,-0.02491036429740295
26.27146906786727,0.011962898427537767,0.048303665815203685,0.04145787966808594,-0.0247946735097595
26.31940970485243,0.01249453633289101,0.048296476096103644,0.04145522532728853,-0.024677961279970635
26.36735034183759,0.01302154447646178,0.048288916840366486,0.04145199464048113,-0.02456034635931431
26.415290978822746,0.013543884974978517,0.04828098596850945,0.04144820518475639,-0.02444194749906849
26.463231615807906,0.014061519945169786,0.0482726814010498,0.04144387453720698,-0.024322883450511115
26.511172252793067,0.01457441150376403,0.04826400105850478,0.04143902027492551,-0.024203272964920135
26.559112889778223,0.015082521767489702,0.04825494286139165,0.041433659975004665,-0.024083234793573525
26.607053526763384,0.01558581285307535,0.048245504730227665,0.041427811214537084,-0.02396288768774921
26.65499416374854,0.016084246877249388,0.04823568458553008,0.04142149157061542,-0.023842350398725162
26.7029348007337,0.016577785956740382,0.04822548034781613,0.04141471862033233,-0.023721741677779323
26.750875437718864,0.017066392208276805,0.048214889937603096,0.04140750994078044,-0.023601180276189637
26.798816074704018,0.017550027748586997,0.048203911275408205,0.04139988310905244,-0.023480784945234097
26.84675671168918,0.018028654694399664,0.04819254228174873,0.04139185570224095,-0.0233606744361906
26.89469734867434,0.018502235162443148,0.04818078087714192,0.041383445297438634,-0.023240967500337138
26.9426379856595,0.018970731269445932,0.04816862498210502,0.041374669471738144,-0.02312178288895166
26.99057862264466,0.019434105132136562,0.0481560725171553,0.041365545802232125,-0.023003239353312104
27.03851925962982,0.019892318867243495,0.048143121402809984,0.04135609186601324,-0.022885455644696427
27.086459896614976,0.020345334591495186,0.04812976955958636,0.04134632524017412,-0.022768550514382594
27.134400533600136,0.020793114421620174,0.04811601490800166,0.04133626350180743,-0.022652642713648544
27.182341170585293,0.021235620474346885,0.04810185536857314,0.04132592422800582,-0.02253785099377224
27.230281807570453,0.021672814866403864,0.04808728886181806,0.04131532499586195,-0.02242429410603162
27.278222444555617,0.02210465971451961,0.048072313308253664,0.04130448338246845,-0.022312090801704636
27.32616308154077,0.022531117135422454,0.048056926628397216,0.041293416964917985,-0.02220135983206928
27.374103718525934,0.02295214924584109,0.04804112674276596,0.0412821433203032,-0.022092219948403446
27.422044355511094,0.02336771816250386,0.04802491157187716,0.04127068002571676,-0.021984789901985127
27.46998499249625,0.023777786002139263,0.04800827903624806,0.0412590446582513,-0.02187918844409227
27.51792562948141,0.024182314881475847,0.04799122705639591,0.04124725479499948,-0.021775534326002814
27.56586626646657,0.024581266917242054,0.04797375355283798,0.04123532801305395,-0.021673946298994724
27.613806903451728,0.02497460422616634,0.04795585644609151,0.04122328188950736,-0.021574543114345954
27.661747540436888,0.025362288924977258,0.047937533656673754,0.041211134001452356,-0.021477443523334448
27.70968817742205,0.02574428313040325,0.04791878310510197,0.04119890192598159,-0.021382766277238157
27.757628814407205,0.026120548959172776,0.047899602711893405,0.041186603240187726,-0.02129063012733505
27.805569451392365,0.02649104852801438,0.04787999039756532,0.041174255521163404,-0.02120115382490306
27.853510088377522,0.026855743953656495,0.04785994408263496,0.041161876346001276,-0.021114456121220156
27.901450725362682,0.02721459735282765,0.04783946168761959,0.041149483291794,-0.02103065576756428
27.949391362347846,0.027567570842256327,0.047818541133036456,0.041137093935634216,-0.020949871515213377
27.997331999333,0.02791462653867092,0.04779718033940281,0.04112472585461458,-0.02087222211544543
28.045272636318163,0.02825572655880005,0.047775377227235905,0.041112396625827746,-0.020797826319538356
28.093213273303324,0.02859083301937211,0.047753129717053,0.04110012382636636,-0.02072680287877013
28.14115391028848,0.028919908037115583,0.04773043572937135,0.04108792503332308,-0.020659270544418705
28.18909454727364,0.029242913728759,0.0477072931847082,0.04107581782379056,-0.02059534806776202
28.2370351842588,0.02955981221103083,0.047683700003580805,0.04106381977486143,-0.02053515420007804
28.284975821243957,0.029870565600659517,0.04765965410650642,0.04105194846362837,-0.020478807692644714
28.332916458229118,0.0301751360143736,0.047635153414002304,0.041040221467184015,-0.020426427296739994
28.380857095214274,0.03047348556890153,0.047610195846585705,0.04102865636262102,-0.02037813176364183
28.428797732199435,0.030765576380971812,0.04758477932477387,0.041017270727032026,-0.02033403984462818
28.476738369184595,0.031051370567312928,0.04755890176908407,0.04100608213750969,-0.020294270290976992
28.52467900616975,0.031330830244653336,0.04753256110003353,0.040995108171146676,-0.020258941853966227
28.572619643154912,0.031603917529721554,0.04750575523813953,0.040984366405035624,-0.020228173284873825
28.620560280140076,0.031870594539246073,0.04747848210391931,0.04097387441626918,-0.020202083334977743
28.66850091712523,0.032130823389955286,0.04745073961789014,0.040963649781940004,-0.020180790755555945
28.716441554110393,0.03238456619857781,0.047422525700569255,0.04095371007914075,-0.02016441429788637
28.764382191095553,0.03263178508184206,0.04739383827247391,0.04094407288496406,-0.020153072713246976
28.81232282808071,0.032872442156476486,0.047364675254121365,0.04093475577650258,-0.020146884752915716
28.86026346506587,0.03310649953920964,0.04733503456602887,0.04092577633084898,-0.020145969168170543
28.90820410205103,0.03333391934676997,0.04730491412871368,0.040917152125095904,-0.020150444710289407
28.956144739036187,0.033554663695885965,0.047274311862693055,0.04090890073633599,-0.020160430130550265
29.004085376021347,0.03376869470328612,0.047243225688484235,0.040901039741661906,-0.020176044180231067
29.052026013006504,0.03397597448569889,0.047211653526604475,0.04089358671816629,-0.020197405610609766
29.099966649991664,0.03417646515985281,0.047179593297571036,0.04088655924294181,-0.020224633172964315
29.147907286976825,0.034370128842476325,0.047147042921901174,0.0408799748930811,-0.020257845618572665
29.19584792396198,0.034557891663499804,0.04711423922726193,0.040873639113597,-0.02029505375594605
29.24378856094714,0.03474357551604044,0.04708212336365738,0.04086671439948269,-0.020327982300896323
29.291729197932305,0.03492758265963002,0.047050772231887174,0.040859108518149875,-0.020355891226177716
29.33966983491746,0.035109918053934576,0.04702016348345234,0.04085081632395848,-0.02037891196787149
29.387610471902622,0.035290586658620296,0.046990274769853874,0.04084183267126841,-0.020397175962058933
29.435551108887783,0.035469593433353215,0.0469610837425928,0.0408321524144396,-0.0204108146448213
29.48349174587294,0.035646943337799435,0.04693256805317014,0.04082177040783193,-0.02041995945223987
29.5314323828581,0.03582264133162506,0.04690470535308692,0.04081068150580534,-0.020424741820395914
29.579373019843256,0.03599669237449618,0.046877473293844146,0.04079888056271974,-0.020425293185370702
29.627313656828417,0.0361691014260789,0.04685084952694283,0.04078636243293505,-0.020421744983245504
29.675254293813577,0.03633987344603931,0.04682481170388401,0.04077312197081118,-0.02041422865010159
29.723194930798734,0.036509013394043506,0.046799337476168684,0.04075915403070804,-0.020402875622020235
29.771135567783894,0.036676526229757575,0.04677440449529788,0.04074445346698554,-0.02038781733508271
29.819076204769058,0.03684241691284764,0.046749990412772606,0.04072901513400362,-0.020369185225370276
29.86701684175421,0.03700669040297973,0.046726072880093894,0.04071283388612217,-0.02034711072896422
29.914957478739375,0.03716935165982003,0.04670262954876275,0.04069590457770113,-0.0203217252819458
29.962898115724535,0.03733040564303457,0.0466796380702802,0.04067822206310038,-0.02029316032039629
30.01083875270969,0.03748985731228945,0.04665707609614726,0.040659781196679866,-0.020261547280396967
30.058779389694852,0.03764771162725079,0.04663492127786494,0.04064057683279949,-0.0202270175980291
30.10672002668001,0.03780397354758467,0.046613151266934265,0.04062060382581916,-0.02018970270937395
30.15466066366517,0.037958648032957204,0.04659174371485626,0.04059985703009881,-0.020149734050512798
30.20260130065033,0.03811174004303446,0.046570676273131925,0.04057833129999834,-0.020107243057526914
30.250541937635486,0.03826325453748255,0.046549926593262285,0.04055602148987767,-0.020062361166497573
30.298482574620646,0.03841319647596756,0.04652947232674836,0.04053292245409671,-0.02001521981350603
30.346423211605806,0.0385615708181556,0.04650929112509117,0.04050902904701538,-0.019965950434633572
30.394363848590963,0.03870838252371274,0.04648936063979173,0.0404843361229936,-0.01991468446596147
30.442304485576123,0.0388536365523051,0.04646965852235105,0.04045883853639127,-0.019861553343570978
30.490245122561287,0.03899733786359877,0.04645016242427016,0.04043253114156832,-0.019806688503543383
30.53818575954644,0.039139491417259815,0.04643084999705008,0.04040540879288466,-0.01975022138195996
30.586126396531604,0.03928010217295439,0.0464116988921918,0.0403774663447002,-0.019692283414901958
30.634067033516764,0.039419175090348535,0.04639268676119637,0.04034869865137486,-0.019633006038450668
30.68200767050192,0.039556715129108355,0.0463737912555648,0.040319100567268555,-0.019572520688687357
30.72994830748708,0.03969272724889997,0.0463549900267981,0.0402886669467412,-0.01951095880169329
30.777888944472238,0.03982721640938945,0.046336260726397294,0.040257392644152706,-0.019448451813549747
30.8258295814574,0.03996018757024291,0.04631758100586339,0.04022527251386299,-0.01938513116033799
30.87377021844256,0.04009164569112643,0.04629892851669742,0.040192301410231966,-0.019321128278139286
30.921710855427715,0.040221595731706104,0.04628028091040038,0.04015847418761955,-0.019256574603034926
30.969651492412876,0.040350042651648044,0.04626161583847331,0.04012378570038567,-0.01919160157110616
31.017592129398036,0.040476991410618335,0.04624291095241723,0.04008823080289021,-0.019126340618434275
31.065532766383193,0.04060244696828306,0.04622414390373313,0.04005180434949312,-0.01906092318110053
31.113473403368353,0.04072641428430833,0.04620529234392205,0.04001450119455428,-0.0189954806951862
31.161414040353517,0.04084889831836025,0.046186333924485005,0.039976316192433636,-0.018930144596772547
31.20935467733867,0.04096990403010487,0.046167246296923016,0.0399372441974911,-0.01886504632194087
31.257295314323834,0.041089436379208345,0.04614800711273709,0.039897280064086556,-0.01880031730677241
31.305235951308987,0.04120750032533671,0.04612859402342825,0.039856418646579954,-0.01873608898734846
31.35317658829415,0.04132410082815612,0.04610898468049751,0.03981465479933118,-0.018672492799750265
31.40111722527931,0.04143924284733263,0.04608915673544589,0.03977198337670018,-0.01860966018005912
31.449057862264468,0.041552931342532344,0.04606908783977442,0.03972839923304685,-0.01854772256435629
31.496998499249628,0.04166517127342136,0.0460487556449841,0.0396838972227311,-0.01848681138872304
31.544939136234788,0.04177596759966577,0.04602813780257595,0.039638472200112865,-0.018427058089240642
31.592879773219945,0.04188532528093167,0.046007211964051,0.039592119019552036,-0.018368594101990376
31.640820410205105,0.041993249276885164,0.04598595578091025,0.03954483253540855,-0.018311550863053503
31.688761047190265,0.042099744547192335,0.04596434690465473,0.0394966076020423,-0.018256059808511294
31.736701684175422,0.04220481605151927,0.04594236298678545,0.03944743907381322,-0.01820225237444503
31.784642321160582,0.042308468749532084,0.04591998167880344,0.03939732180508122,-0.018150259996935973
31.832582958145746,0.04241070760089687,0.04589718063220971,0.03934625065020621,-0.018100214112065388
31.8805235951309,0.042511537565279714,0.04587393749850528,0.039294220463548114,-0.018052246155914567
31.928464232116063,0.042610963602346716,0.04585022992919117,0.03924122609946683,-0.01800648756456476
31.97640486910122,0.04270899067176396,0.04582603557576838,0.03918726241232229,-0.01796306977409725
32.02434550608638,0.04280562373319756,0.04580133208973795,0.0391323242564744,-0.017922124220593305
32.072286143071544,0.04290086774631361,0.04577609712260088,0.03907640648628306,-0.017883782340134192
32.1202267800567,0.042994727670778166,0.04575030832585821,0.03901950395610824,-0.017848175568801194
32.16816741704186,0.043087208466257375,0.04572394335101094,0.03896161152030979,-0.017815435342675563
32.21610805402702,0.043178315092417305,0.04569697984956009,0.03890272403324766,-0.017785693097838583
32.26404869101218,0.04326805250892406,0.04566939547300667,0.038842836349281755,-0.017759080270371524
32.31198932799734,0.04335642567544373,0.04564116787285172,0.03878194332277199,-0.017735728296355655
32.3599299649825,0.04344343955164241,0.04561227470059624,0.03872003980807829,-0.017715768611872247
32.40787060196765,0.04352909909718619,0.045582693607741254,0.03865712065956056,-0.017699332653002574
32.45581123895281,0.043613409271741184,0.045552402245787785,0.03859318073157872,-0.0176865518558279
32.50375187593797,0.04369637503497347,0.04552137826623684,0.03852821487849267,-0.017677557656429504
32.55169251292313,0.04377800134654915,0.045489599320589436,0.03846221795466235,-0.017672481490888653
32.59963314990829,0.043858293166134314,0.04545704306034659,0.038395184814447654,-0.017671454795286614
32.647573786893446,0.043937255453395045,0.04542368713700934,0.038327110312208514,-0.017674609005704663
32.695514423878606,0.04401489316799747,0.04538950920207868,0.03825798930230483,-0.017682075558224077
32.743455060863774,0.04409121126960768,0.04535448690705563,0.03818781663909651,-0.017693985888926116
32.79139569784893,0.044166214717891734,0.04531859790344123,0.03811658717694351,-0.017710471433892053
32.83933633483409,0.04423990847251576,0.04528181984273647,0.0380442957702057,-0.017731663629203163
32.88727697181925,0.044312297493145844,0.045244130376442385,0.037970937273243,-0.017757693910940717
32.93521760880441,0.044383386739448076,0.04520550715605999,0.037896506540415355,-0.01778869371518598
32.98315824578957,0.044453181171088554,0.04516592783309029,0.03782099842608265,-0.017824794478020236
33.03109888277472,0.04452168574773337,0.04512537005903433,0.03774440778460483,-0.017866127635524736
33.07903951975988,0.04458890542904863,0.045083811485393095,0.037666729470341775,-0.017912824623780764
33.12698015674504,0.04465484517470042,0.045041229763667624,0.03758795833765342,-0.017965016878869595
33.1749207937302,0.04471950994435484,0.04499760254535892,0.03750808924089968,-0.018022835836872496
33.22286143071536,0.04478290469767798,0.04495290748196802,0.03742711703444045,-0.01808641293387073
33.27080206770052,0.044845034394335945,0.044907122224995925,0.03734503657263568,-0.01815587960594558
33.318742704685675,0.044905903993994814,0.044860224425943666,0.03726184270984527,-0.018231367289178298
33.366683341670836,0.04496565246725614,0.044812853609022825,0.037177818195329435,-0.01831085892528641
33.414623978656,0.04502468043771493,0.04476693191746127,0.03709379000519638,-0.018388130387558405
33.462564615641156,0.045083021563163655,0.04472255887177788,0.03700977790861941,-0.01846282797798685
33.51050525262632,0.045140683898650495,0.04467970723037871,0.036925746096508144,-0.018535008075079892
33.55844588961148,0.045197675499223634,0.04463834975166981,0.03684165875977232,-0.018604727057345637
33.60638652659664,0.04525400441993124,0.044598459194057256,0.03675748008932161,-0.018672041303292194
33.6543271635818,0.04530967871582148,0.04456000831594711,0.0366731742760657,-0.01873700719142768
33.70226780056695,0.04536470644194252,0.04452296987574545,0.0365887055109143,-0.01879968110026019
33.75020843755211,0.04541909565334255,0.04448731663185832,0.03650403798477709,-0.018860119408297873
33.79814907453727,0.04547285440506975,0.044453021342691794,0.03641913588856374,-0.018918378494048815
33.84608971152243,0.04552599075217228,0.04442005676665194,0.03633396341318396,-0.018974514736021145
33.89403034850759,0.045578512749698305,0.044388395662144815,0.03624848474954744,-0.019028584512722966
33.94197098549275,0.04563042845269602,0.04435801078757649,0.036162664088563876,-0.019080644202662398
33.989911622477905,0.04568174591621357,0.04432887490135304,0.03607646562114295,-0.019130750184347543
34.037852259463065,0.04573247319529916,0.0443009607618805,0.035989853538194345,-0.01917895883628653
34.08579289644823,0.045782618345000956,0.044274241127564964,0.035902792030627746,-0.019225326536987473
34.133733533433386,0.04583218942036711,0.04424868875681249,0.03581524528935288,-0.01926990966495846
34.181674170418546,0.04588119447644582,0.04422427640802913,0.03572717750527939,-0.01931276459870764
34.2296148074037,0.04592964156828524,0.04420097683962097,0.03563855286931701,-0.0193539477167431
34.27755544438887,0.04597753875093357,0.04417876280999405,0.03554933557237537,-0.019393515397572968
34.32549608137403,0.04602489407943896,0.04415760707755446,0.03545948980536423,-0.019431524019705354
34.37343671835918,0.04607171560884958,0.04413748240070824,0.03536897975919325,-0.01946802996164836
34.42137735534434,0.04611801139421362,0.04411836153786148,0.03527776962477211,-0.019503089601910117
34.4693179923295,0.046163789490579255,0.04410021724742023,0.0351858235930105,-0.019536759318998728
34.51725862931466,0.04620905795299465,0.04408302228779054,0.03509310585481813,-0.019569095491422314
34.56519926629982,0.04625382483650798,0.04406674941737851,0.03499958060110467,-0.019600154497688982
34.61313990328498,0.04629809819616742,0.04405137139459018,0.034905212022779825,-0.01962999271630685
34.661080540270135,0.04634188608702113,0.044036860977831625,0.03480996431075329,-0.019658666525784022
34.7090211772553,0.04638519656411731,0.0440231909255089,0.03471380165593472,-0.019686232304628626
34.75696181424046,0.04642803768250412,0.044010333996028085,0.03461668824923384,-0.019712746431348765
34.804902451225615,0.046470417497229716,0.043998262947795234,0.03451858828156034,-0.019738265284452553
34.852843088210776,0.04651234406334231,0.04398695053921642,0.0344194659438239,-0.01976284524244811
34.900783725195936,0.04655382543589004,0.043976369528697684,0.03431928542693419,-0.01978654268384355
34.948724362181096,0.046594869669921095,0.04396649267464513,0.034218010921800934,-0.019809413987146977
34.996664999166256,0.04663548482048365,0.04395729273546478,0.03411560661933379,-0.01983151553086651
35.04460563615141,0.046675678942625864,0.04394874246956274,0.034012036710442506,-0.01985290369351026
35.09254627313657,0.04671546009139593,0.04394081463534505,0.033907265386036695,-0.01987363485358635
35.14048691012173,0.04675483632184202,0.04393348199121777,0.033801256837026096,-0.01989376538960288
35.18842754710689,0.046793815689012294,0.04392671729558699,0.03369397525432038,-0.019913351680067973
35.23636818409205,0.04683240624795494,0.04392049330685875,0.03358538482882925,-0.019932450103489742
35.28430882107721,0.04687061605371812,0.04391478278343913,0.03347544975146238,-0.019951117038376296
35.332249458062364,0.046908453161350006,0.04390955848373419,0.033364134213129504,-0.019969408863235748
35.38019009504753,0.046945925625898784,0.043904793166149994,0.033251402404740234,-0.019987381956576216
35.428130732032685,0.046983041502412615,0.043900459589092604,0.033137218517204345,-0.020005092696905813
35.476071369017845,0.04701980884593968,0.04389653051096809,0.033021546741431464,-0.020022597462732647
35.524012006003005,0.04705623571152816,0.043892978690182514,0.03290435126833131,-0.02003995263256484
35.571952642988165,0.04709233015422621,0.04388977688514195,0.03278559628881356,-0.0200572145849105
35.619893279973326,0.04712810022908201,0.04388689785425245,0.03266524599378791,-0.020074439698277744
35.667833916958486,0.04716355399114375,0.04388431435592008,0.03254326457416405,-0.02009168435117468
35.71577455394364,0.04719869949545957,0.04388199914855091,0.032419616220851696,-0.020109004922109423
35.7637151909288,0.047233544797077684,0.04387992499055101,0.03229426512476049,-0.02012645778959009
35.81165582791396,0.04726809795104624,0.04387806464032643,0.032167175476800154,-0.020144099332124795
35.85959646489912,0.04730236701241341,0.04387639085628325,0.03203831146788036,-0.02016198592822165
35.90753710188428,0.047336360036227376,0.04387487639682752,0.031907637288910815,-0.020180173956388766
35.95547773886943,0.0473700850775363,0.04387349402036532,0.031775117130801216,-0.02019871979513426
36.003418375854594,0.04740355019138839,0.043872216485302706,0.031640715184461224,-0.02021767982296624
36.05135901283976,0.047436763432831784,0.04387101655004575,0.031504395640800514,-0.02023711041839283
36.099299649824914,0.04746973285691466,0.0438698669730005,0.03136612269072886,-0.02025706795992213
36.147240286810074,0.0475024665186852,0.04386874051257304,0.03122586052515587,-0.020277608826062263
36.195180923795235,0.04753497247319158,0.043867609927169426,0.031083573334991267,-0.020298789395321343
36.243121560780395,0.047567258775481965,0.043866447975195726,0.03093922531114473,-0.02032066604620748
36.291062197765555,0.04759933348060453,0.043865227415058,0.030792780644525963,-0.02034329515722879
36.339002834750715,0.047631204643607455,0.043863921005162315,0.030644203526044647,-0.02036673310689338
36.38694347173587,0.04766288031953891,0.04386250150391474,0.030493458146610492,-0.02039103627370937
36.43488410872103,0.04769436856344707,0.043860941669721334,0.030340508697133145,-0.02041626103618487
36.48282474570619,0.0477256774303801,0.04385921426098817,0.03018531936852233,-0.020442463772827997
36.53076538269135,0.04775681497538618,0.043857292036121306,0.030027854351687724,-0.02046970086214686
36.57870601967651,0.0477877892535135,0.0438551477535268,0.029868077837539017,-0.02049802868264958
36.62664665666166,0.0478186083198102,0.04385275417161073,0.029705954016985926,-0.020527503612844264
36.67458729364682,0.04784928022932448,0.04385008404877915,0.029541447080938102,-0.020558182031239026
36.72252793063199,0.0478798130371045,0.043847110143438145,0.029374521220305226,-0.020590120316341987
36.770468567617144,0.04791021479819844,0.04384380521399376,0.02920514062599706,-0.020623374846661248
36.818409204602304,0.047940493567654466,0.04384014201885206,0.029033269488923222,-0.020658002000704927
36.866349841587464,0.04797065740052076,0.04383609331641912,0.02885887199999343,-0.020694058156981148
36.914290478572624,0.0480007143518455,0.043831631865101,0.028681912350117373,-0.02073159969399801
36.962231115557785,0.04803067247667685,0.04382673042330376,0.028502354730204734,-0.020770682990263637
37.010171752542945,0.048060539830062976,0.04382136174943348,0.028320163331165216,-0.020811364424286136
37.0581123895281,0.04809032446705207,0.0438154986018962,0.028135302343908524,-0.020853700374573618
37.10605302651326,0.04812003444269229,0.043809113739098016,0.0279477359593443,-0.020897747219634204
37.15399366349842,0.048149677812031826,0.04380217991944497,0.027757428368382263,-0.020943561337976008
37.20193430048358,0.04817926263011883,0.043794669901343126,0.027564343761932102,-0.020991199108107136
37.24987493746874,0.0482087969520015,0.043786556443198565,0.0273684463309035,-0.021040716908535713
37.29781557445389,0.04823828883272798,0.04377781230341733,0.027169700266206187,-0.021092171117769835
37.34575621143906,0.04826774632734648,0.043768410240405516,0.026968069758749758,-0.021145618114317637
37.39369684842422,0.04829717749090515,0.04375832301256916,0.026763518999443993,-0.021201114276687215
37.44163748540937,0.048326590378452154,0.04374752337831435,0.02655601217919858,-0.021258715983386682
37.48957812239453,0.04835599304503569,0.04373598409604713,0.02634551348892316,-0.021318479612924164
37.537518759379694,0.048385186932118546,0.04372419595724714,0.02613263457886396,-0.021379410380107697
37.585459396364854,0.048413730767002554,0.04371327179867151,0.025918776279139483,-0.021439250046209838
37.633400033350014,0.04844162190547221,0.04370323649173996,0.025703989871903424,-0.02149794693310978
37.681340670335175,0.04846887368734369,0.04369407503257478,0.025488276975826955,-0.02155553025705343
37.72928130732033,0.048495499452433234,0.043685772417298256,0.025271639209581285,-0.021612029234286696
37.77722194430549,0.04852151254055704,0.04367831364203265,0.025054078191837525,-0.0216674730810555
37.82516258129065,0.04854692629153133,0.043671683702900255,0.024835595541266887,-0.021721891013605752
37.87310321827581,0.0485717540451723,0.043665867596023346,0.024616192876540544,-0.021775312248183357
37.92104385526097,0.048596009141296165,0.04366085031752421,0.024395871816329684,-0.021827766001034237
37.96898449224612,0.048619704919719134,0.04365661686352513,0.024174633979305502,-0.02187928148840429
38.01692512923129,0.04864285472025743,0.043653152230148366,0.023952480984139084,-0.021929887926539455
38.06486576621645,0.048665471882727254,0.04365044141351624,0.023729414449501707,-0.02197961453168561
38.1128064032016,0.048687569746944805,0.04364846940975099,0.023505435994064544,-0.022028490520088685
38.16074704018676,0.04870916165272632,0.04364722121497493,0.023280547236498708,-0.022076545107994592
38.20868767717192,0.048730260939887984,0.04364668182531032,0.02305474979547541,-0.022123807511649243
38.25662831415708,0.04875088094824603,0.04364683623687945,0.02282804528966583,-0.022170306947298546
38.304568951142244,0.04877103501761664,0.043647669445804595,0.02260043533774114,-0.022216072631188417
38.3525095881274,0.04879073648781605,0.04364916644820805,0.02237192155837255,-0.02226113377956476
38.40045022511256,0.04880999869866046,0.043651312240212084,0.022142505570231175,-0.022305519608673496
38.44839086209772,0.04882883498996609,0.04365409181793898,0.02191218899198822,-0.022349259334760535
38.49633149908288,0.048847258701549136,0.04365749017751101,0.021680973442314865,-0.02239238217407179
38.54427213606804,0.04886528317322582,0.043661492315050475,0.02144886053988229,-0.02243491734285317
38.5922127730532,0.04888292174481235,0.04366608322667965,0.021215851903361668,-0.02247689405735059
38.64015341003835,0.048900187756124924,0.04367124790852081,0.020981949151424206,-0.022518341533809955
38.68809404702352,0.048917094546979775,0.04367697135669624,0.020747153902740987,-0.02255928898847719
38.73603468400868,0.04893365545719309,0.04368323856732821,0.02051146777598329,-0.022599765637598197
38.78397532099383,0.048949883826581095,0.04369003453653902,0.020274892389822288,-0.02263980069741888
38.83191595797899,0.04896579299496,0.04369734426045093,0.02003742936292909,-0.022679423384185174
38.87985659496415,0.04898139630214601,0.04370515273518624,0.019799080313974905,-0.022718662914142977
38.92779723194931,0.048996707087955345,0.04371344495686723,0.019559846861630918,-0.022757548503538196
38.97573786893447,0.049011738692204196,0.043722205921616165,0.0193197306245683,-0.022796109368616754
39.02367850591963,0.04902650445470879,0.043731420625555344,0.019078733221458262,-0.02283437472562455
39.07161914290479,0.049041017715285344,0.04374107406480704,0.018836856270971918,-0.022872373790807515
39.11955977988995,0.04905529181375005,0.04375115123549353,0.018594101391780474,-0.02291013578041155
39.16750041687511,0.049069340089919124,0.0437616371337371,0.01835047020255511,-0.022947689910682568
39.21544105386027,0.04908317588360878,0.043772516755660025,0.018105964321966997,-0.022985065397866475
39.26338169084543,0.04909681253463523,0.0437837750973846,0.017860585368687322,-0.023022291458209193
39.31132232783059,0.049110263382814684,0.0437953971550331,0.017614334961387253,-0.023059397307956628
39.35926296481575,0.049123541767963345,0.043807367924727794,0.01736721471873797,-0.023096412163354695
39.40720360180091,0.04913666102989744,0.04381967240259098,0.017119226259410657,-0.023133365240649306
39.45514423878606,0.049149634508433154,0.043832295584744926,0.016870371202076517,-0.023170285756086362
39.50308487577122,0.049162475543386715,0.04384522246731192,0.016620651165406657,-0.02320720292591179
39.55102551275638,0.04917519747457434,0.04385843804641425,0.016370067768072295,-0.0232441459663715
39.59896614974154,0.049187813641812225,0.04387192731817418,0.016118622628744608,-0.023281144093711403
39.6469067867267,0.049200337384916595,0.04388567527871401,0.015866317366094763,-0.023318226524177407
39.694847423711856,0.049212782043703635,0.043899666924156,0.01561315359879399,-0.023355422474015418
39.742788060697016,0.04922516095798959,0.04391388725062245,0.015359132945513373,-0.023392761159471365
39.790728697682184,0.04923748746759064,0.04392832125423563,0.015104257024924106,-0.023430271796791153
39.83866933466734,0.04924977491232301,0.04394295393111783,0.014848527455697471,-0.02346798360222068
39.8866099716525,0.04926203663200291,0.04395777027739132,0.014591945856504532,-0.02350592579200588
39.93455060863766,0.04927428596644655,0.043972755289178385,0.014334513846016507,-0.023544127582392653
39.98249124562282,0.04928653625547014,0.04398789396260132,0.01407623304290457,-0.023582618189626915
40.03043188260798,0.049298800838889885,0.04400317129378239,0.013817105065839896,-0.02362142682995457
40.07837251959313,0.049311093056522,0.04401857227884387,0.013557131533493704,-0.02366058271962154
40.12631315657829,0.04932342624818271,0.044034081913908056,0.013296314064537096,-0.02370011507487373
40.17425379356345,0.0493358137536882,0.04404968519509722,0.013034654277641283,-0.02374005311195706
40.22219443054861,0.049348268912854695,0.044065367118533656,0.012772153791477444,-0.023780426047117435
40.27013506753377,0.049360805065498406,0.044081112680339644,0.012508814224716756,-0.02382126309660077
40.31807570451893,0.049373435551435536,0.04409690687663745,0.012244637196030398,-0.02386259347665298
40.366016341504086,0.0493861737104823,0.04411273470354935,0.011979624324089581,-0.023904446403519963
40.413956978489246,0.04939903288245491,0.04412858115719765,0.01171377722756541,-0.023946851093447644
40.46189761547441,0.04941202640716958,0.04414443123370462,0.011447097525129058,-0.023989836762681946
40.509838252459566,0.04942516762444251,0.04416026992919253,0.011179586835451822,-0.02403343262746875
40.55777888944473,0.04943846987408992,0.044176082239783684,0.01091124677720476,-0.024077667904053995
40.60571952642989,0.04945194649592802,0.04419185316160035,0.01064207896905909,-0.024122571808683584
40.65366016341505,0.04946561082977301,0.0442075676907648,0.010372085029685984,-0.024168173557603423
40.70160080040021,0.04947947621544111,0.044223210823399334,0.010101266577756625,-0.024214502367059434
40.74954143738536,0.049493555992748524,0.04423876755562621,0.009829625231942227,-0.024261587453297515
40.79748207437052,0.04950786350151147,0.04425422288356773,0.009557162610913888,-0.024309458032563597
40.84542271135568,0.049522412081546154,0.04426956180334617,0.009283880333342825,-0.024358143321103583
40.89336334834084,0.0495372150726688,0.04428476931108381,0.009009780017900215,-0.024407672535163384
40.941303985326,0.04955228581469559,0.04429983040290293,0.008734863283257234,-0.02445807489098891
40.98924462231116,0.04956763764744276,0.04431473007492581,0.00845913174808506,-0.02450937960482608
41.037185259296315,0.04958328391072651,0.044329453323274724,0.008182587031054912,-0.02456161589292079
41.085125896281475,0.04959923794436305,0.04434398514407197,0.007905230750837884,-0.024614812971518976
41.13306653326664,0.0496155130881686,0.04435831053343982,0.007627064526105155,-0.02466900005686654
41.181007170251796,0.04963212268195935,0.04437241448750055,0.007348089975528022,-0.024724206365209382
41.228947807236956,0.049649080065551535,0.04438628200237646,0.0070683087177775385,-0.024780461112793428
41.27688844422211,0.04966639857876135,0.0443998980741898,0.00678772237152497,-0.024837793515864577
41.32482908120728,0.04968409156140501,0.04441324769906288,0.006506332555441361,-0.02489623279066877
41.37276971819244,0.049702172353298726,0.04442631587311797,0.006224140888198018,-0.02495580815345189
41.42071035517759,0.04972065429425871,0.04443908759247734,0.005941148988466117,-0.025016548820459845
41.46865099216275,0.04973955072410116,0.04445154785326329,0.0056573584749167564,-0.02507848400793857
41.51659162914791,0.049758874982642316,0.04446368165159809,0.005372770966221146,-0.02514164293213397
41.56453226613307,0.04977864040969836,0.04447547398360403,0.0050873880810504675,-0.02520605480929195
41.61247290311823,0.0497988603450855,0.044486909845403384,0.004801211438075902,-0.025271748855658433
41.66041354010339,0.04981954812861998,0.04449797423311843,0.004514242655968618,-0.02533875428747932
41.708354177088545,0.04984030907355673,0.044508841170971265,0.004227260107405447,-0.025405632218148802
41.756294814073705,0.049860492510960294,0.044519808855836604,0.0039415420621443055,-0.025470043366431883
41.804235451058865,0.04988009920113013,0.04453087766780746,0.003657135633025849,-0.025532007023663376
41.852176088044025,0.04989913907529816,0.044542043765496295,0.003374070535595343,-0.02559157557920053
41.900116725029186,0.0499176220646963,0.04455330330751558,0.0030923764853980516,-0.025648801422400582
41.948057362014346,0.04993555810055647,0.04456465245247775,0.002812083197979241,-0.025703736942620774
41.995997998999506,0.0499529571141106,0.04457608735899529,0.002533220388884174,-0.02575643452921835
42.04393863598467,0.0499698290365906,0.04458760418568064,0.0022558177736581165,-0.025806946571550558
42.09187927296982,0.04998618379922838,0.04459919909114626,0.001979905067846374,-0.02585532545897462
42.13981990995498,0.050002031333255884,0.044610868234004626,0.0017055119869941288,-0.025901623580847806
42.18776054694014,0.05001738156990502,0.044622607772868174,0.0014326682466466866,-0.025945893326527344
42.2357011839253,0.05003224444040771,0.04463441386634938,0.0011614035623493128,-0.02598818708537048
42.28364182091046,0.05004662987599586,0.044646282673060686,0.0008917476496472718,-0.02602855724673446
42.33158245789562,0.05006054780790141,0.04465821035161457,0.0006237302240858281,-0.02606705619997652
42.379523094880774,0.050074008167356264,0.04467019306062346,0.0003573810012102853,-0.026103736334453898
42.42746373186594,0.05008702088559235,0.04468222695869985,9.272969656579175e-5,-0.02613865003952385
42.475404368851095,0.05009959589384159,0.044694308204456176,-0.0001701939743022332,-0.026171849704543605
42.523345005836255,0.05011174312333589,0.04470643295650491,-0.00043136029584864006,-0.02620338771887042
42.571285642821415,0.05012347250530719,0.04471859737345849,-0.0006907395525281269,-0.02623331647186153
42.619226279806576,0.05013479397098739,0.0447307976139294,-0.0009483020287954281,-0.026261688352874173
42.667166916791736,0.050145717451608424,0.044743029836530085,-0.001204018009105278,-0.0262885557512656
42.715107553776896,0.050156252878402204,0.044755290199872996,-0.001457857777912414,-0.026313971056393045
42.76304819076205,0.05016641018260066,0.04476757486257061,-0.0017097916196715322,-0.026337986657613756
42.81098882774721,0.050176199295435694,0.04477987998323537,-0.001959789818837444,-0.026360654944284977
42.85892946473237,0.05018563014813924,0.04479220172047974,-0.002207822659864847,-0.02638202830576395
42.90687010171753,0.05019471267194321,0.044804536232916185,-0.0024538604272084756,-0.026402159131407917
42.95481073870269,0.050203456798079533,0.04481687967915716,-0.002697873405323066,-0.026421099810574118
43.00275137568784,0.05021187245778012,0.044829228217815105,-0.002939831878663318,-0.026438902732619795
43.050692012673004,0.0502199695822769,0.044841578007502506,-0.0031797061316840365,-0.02645562028690219
43.09863264965817,0.05022775810280177,0.04485392520683181,-0.0034174664488399588,-0.026471304862778555
43.146573286643324,0.05023524795058668,0.044866265974415474,-0.003653083114585714,-0.026486008849606123
43.194513923628485,0.050242449056863536,0.04487859646886595,-0.0038865264133761406,-0.02649978463674214
43.242454560613645,0.05024937135286425,0.04489091284879572,-0.004117766629665941,-0.02651268461354385
43.290395197598805,0.05025602476982075,0.04490321127281722,-0.004346774047909849,-0.026524761169368485
43.338335834583965,0.05026241923896496,0.04491548789954291,-0.004573518952562604,-0.026536066693573303
43.386276471569126,0.0502685646915288,0.04492773888758525,-0.004797971628078936,-0.02654665357551554
43.43421710855428,0.05027447105874417,0.04493996039555671,-0.00502010235891355,-0.026556574204552437
43.48215774553944,0.05028014827184302,0.044952148582069744,-0.005239881429521247,-0.02656588097004124
43.5300983825246,0.05028560626205724,0.0449642996057368,-0.005457279124356729,-0.026574626261339187
43.57803901950976,0.050290854960618775,0.04497640962517035,-0.005672265727874732,-0.026582862467803524
43.62597965649492,0.050295904298759526,0.044988474798982846,-0.005884811524529989,-0.02659064197879149
43.67392029348007,0.05030076420771143,0.04500049128578673,-0.006094886798777208,-0.026598017183660328
43.72186093046523,0.05030544461870639,0.0450124552441945,-0.006302461835071185,-0.02660504047176729
43.7698015674504,0.05030995546297634,0.045024362832818576,-0.006507506917866652,-0.02661176423246961
43.817742204435554,0.050314306671753184,0.04503621021027144,-0.006709992331618254,-0.026618240855124525
43.865682841420714,0.05031850817626885,0.045047993535165545,-0.006909888360780822,-0.02662452272908929
43.913623478405874,0.050322569907755264,0.04505970896611334,-0.007107165289809054,-0.02663066224372114
43.961564115391035,0.050326501797444335,0.0450713526617273,-0.007301793403157692,-0.02663671178837732
44.009504752376195,0.05033031377656799,0.045082920780619866,-0.007493742985281467,-0.02664272375241507
44.057445389361355,0.05033401577635815,0.04509440948140351,-0.0076829843206351126,-0.02664875052519164
44.10538602634651,0.05033761772804673,0.04510581492269067,-0.007869487693673344,-0.02665484449606426
44.15332666333167,0.05034112956286565,0.045117133263093835,-0.008053223388850943,-0.026661058054390185
44.20126730031683,0.05034456121204683,0.04512836066122544,-0.008234161690622625,-0.02666744358952665
44.24920793730199,0.050347922606822186,0.04513949327569796,-0.008412272883443121,-0.0266740534908309
44.29714857428715,0.05035122367842365,0.04515052726512384,-0.008587527251767167,-0.026680940147660176
44.3450892112723,0.05035447435808312,0.04516145878811554,-0.00875989508004947,-0.026688155949371725
44.39302984825747,0.050357684577032547,0.04517228400328553,-0.008929346652744845,-0.026695753285322785
44.44097048524263,0.050360864266503824,0.04518299906924625,-0.009095852254307953,-0.0267037845448706
44.48891112222778,0.05036402335772889,0.04519360014461018,-0.009259382169193526,-0.026712302117372414
44.536851759212944,0.05036717178193965,0.04520408338798976,-0.009419906681856351,-0.026721358392185465
44.584792396198104,0.05037031947036802,0.04521444495799746,-0.009577396076751133,-0.026731005758667006
44.632733033183264,0.05037347635424594,0.045224681013245734,-0.009731820638332618,-0.02674129660617426
44.680673670168424,0.050376652364805305,0.04523478771234704,-0.009883150651055534,-0.026752283324064492
44.72861430715358,0.05037985743327805,0.04524476121391383,-0.010031356399374592,-0.02676401830169493
44.77655494413874,0.0503831014908961,0.04525459767655858,-0.01017640816774458,-0.026776553928422826
44.8244955811239,0.050386394468891364,0.04526429325889374,-0.010318276240620202,-0.026789942593605412
44.87243621810906,0.05038974629849577,0.04527384411953176,-0.0104569309024562,-0.02680423668659994
44.92037685509422,0.05039316691094123,0.04528324641708511,-0.010592342437707307,-0.026819488596763644
44.96831749207938,0.05039666623745966,0.045292496310166235,-0.010724481130828255,-0.026835750713453777
45.01625812906453,0.050400254209283,0.0453015899573876,-0.010853317266273768,-0.02685307542602757
45.0641987660497,0.050403940757643144,0.04531052351736169,-0.010978821128498628,-0.02687151512384228
45.11213940303486,0.050407735813772024,0.045319293148700916,-0.011100963001957523,-0.026891122196255137
45.16008004002001,0.05041164930890157,0.045327895010017764,-0.011219713171105188,-0.026911949032623384
45.20802067700517,0.050415691174263685,0.0453363252599247,-0.011335041920396385,-0.026934048022304268
45.25596131399033,0.05041987134109029,0.04534458005703416,-0.011446919534285843,-0.026957471554655034
45.303901950975494,0.05042419974061332,0.04535265555995861,-0.011555316297228288,-0.02698227201903292
45.351842587960654,0.05042868630406468,0.04536054792731053,-0.011660202493678464,-0.02700850180479517
45.39978322494581,0.05043334096267629,0.045368253317702334,-0.011761548408091085,-0.02703621330129902
45.44772386193097,0.05043817364768008,0.045375767889746524,-0.011859324324920918,-0.027065458897901726
45.49566449891613,0.05044319429030796,0.045383087802055536,-0.011953500528622683,-0.02709629098396052
45.54360513590129,0.050448412821791855,0.04539020921324184,-0.012044047303651115,-0.027128761948832653
45.59154577288645,0.050453839173363685,0.04539712828191788,-0.012130934934460953,-0.02716292418187536
45.63948640987161,0.050459483276255365,0.04540384116669613,-0.01221413370550693,-0.027198830072445886
45.68742704685676,0.050465355061698816,0.04541034402618903,-0.012293613901243762,-0.02723653200990147
45.73536768384193,0.050471464460925965,0.04541663301900906,-0.01236934580612623,-0.02727608238359937
45.78330832082709,0.050477821405168724,0.045422704303768664,-0.012441299704609034,-0.027317533582896812
45.83124895781224,0.050484435825659014,0.04542855403908031,-0.012509445881146903,-0.027360937997151034
45.8791895947974,0.05049113418454667,0.04543423662332679,-0.012576360413790856,-0.027404069593495686
45.92713023178256,0.05049770082404382,0.045439819245359996,-0.012645046597741157,-0.02744428337059209
45.97507086876772,0.05050413216110556,0.0454453014450104,-0.012715398704275216,-0.027481627006549443
46.02301150575288,0.05051042498761568,0.045450682642806065,-0.012787305595146356,-0.02751615288695965
46.07095214273804,0.050516576095457955,0.045455962259275055,-0.012860656132107892,-0.027547913397414654
46.1188927797232,0.05052258227651616,0.04546113971494544,-0.012935339176913172,-0.027576960923506377
46.16683341670836,0.05052844032267408,0.04546621443034528,-0.013011243591315507,-0.02760334785082675
46.21477405369352,0.0505341470258155,0.04547118582600264,-0.013088258237068223,-0.0276271265649677
46.26271469067868,0.05053969917782418,0.0454760533224456,-0.01316627197592464,-0.02764834945152115
46.31065532766384,0.05054509357058391,0.0454808163402022,-0.013245173669638089,-0.02766706889607903
46.35859596464899,0.05055032699597847,0.04548547429980053,-0.013324852179961877,-0.02768333728423327
46.40653660163416,0.05055539624589164,0.04549002662176864,-0.013405196368649367,-0.027697207001575797
46.45447723861932,0.0505602981122072,0.0454944727266346,-0.013486095097453847,-0.02770873043369854
46.50241787560447,0.05056502938680892,0.04549881203492647,-0.013567437228128641,-0.027717959966193417
46.55035851258963,0.050569586861580584,0.04550304396717233,-0.013649111622427098,-0.027724947984652366
46.59829914957479,0.050573967328405973,0.04550716794390024,-0.01373100714210253,-0.02772974687466731
46.64623978655995,0.05057816757916887,0.04551118338563825,-0.013813012648908258,-0.027732409021830183
46.69418042354511,0.050582184405753045,0.04551508971291444,-0.01389501700459761,-0.0277329868117329
46.742121060530266,0.05058601460004228,0.04551888634625687,-0.0139769090709239,-0.0277315326299674
46.790061697515426,0.05058965495392035,0.04552257270619361,-0.014058577709640472,-0.027728098862125607
46.838002334500594,0.05059310225927104,0.04552614821325273,-0.014139911782500653,-0.02772273789379945
46.88594297148575,0.05059635330797813,0.045529612287962276,-0.01422080015125773,-0.02771550211058085
46.93388360847091,0.050599404891925395,0.04553296435085034,-0.014301131677665065,-0.027706443898061744
46.98182424545607,0.05060225380299662,0.045536203822444964,-0.014380795223475969,-0.02769561564183405
47.02976488244123,0.05060489683307558,0.04553933012327423,-0.014459679650443766,-0.027683069727489705
47.07770551942639,0.05060733077404604,0.045542342673866185,-0.014537673820321782,-0.02766885854062063
47.12564615641154,0.0506095524177918,0.04554524089474891,-0.014614666594863329,-0.027653034466818757
47.1735867933967,0.05061155855619664,0.04554802420645047,-0.014690546835821753,-0.027635649891676006
47.22152743038186,0.05061334598114432,0.04555069202949892,-0.014765203404950368,-0.027616757200784315
47.26946806736702,0.05061491148451863,0.04555324378442234,-0.014838525164002499,-0.027596408779735605
47.31740870435218,0.05061625185820336,0.04555567889174878,-0.01491040097473147,-0.027574657014121807
47.36534934133734,0.05061736389408226,0.04555799677200631,-0.014980719698890603,-0.02755155428953484
47.413289978322496,0.050618244384039134,0.04556019684572301,-0.015049370198233216,-0.027527152991566647
47.461230615307656,0.05061889011995775,0.045562278533426925,-0.015116241334512651,-0.027501505505809144
47.50917125229282,0.05061929789372189,0.04556424125564613,-0.015181221969482232,-0.02747466421785426
47.55711188927798,0.05061946449721534,0.04556608443290869,-0.015244200964895255,-0.027446681513293922
47.60505252626314,0.050619386722321864,0.04556780748574267,-0.015305067182505074,-0.027417609777720064
47.65299316324829,0.050619061360925255,0.04556940983467613,-0.015363709484064994,-0.02738750139672461
47.70093380023346,0.05061848520490928,0.04557089090023714,-0.015420016731328366,-0.02735640875589948
47.74887443721862,0.05061765504615773,0.04557225010295377,-0.015473877786048487,-0.02732438424083661
47.79681507420377,0.05061656767655437,0.04557348686335408,-0.015525181509978685,-0.027291480237127935
47.84475571118893,0.050615219887982996,0.04557460060196614,-0.015573816764872296,-0.027257749130365366
47.89269634817409,0.05061360847232737,0.04557559073931801,-0.01561967241248264,-0.027223243306140843
47.94063698515925,0.050611730221471286,0.04557645669593775,-0.01566263731456304,-0.02718801515004628
47.98857762214441,0.05060958192729851,0.04557719789235344,-0.015702600332866818,-0.027152117047673622
48.036518259129565,0.05060716038169283,0.045577813749093136,-0.0157394503291473,-0.027115601384614788
48.08445889611473,0.05060446237653802,0.04557830368668491,-0.015773076165157815,-0.027078520546461697
48.132399533099886,0.050601484703717864,0.045578667125656815,-0.015803366702651676,-0.027040926918806298
48.180340170085046,0.05059822415511613,0.04557890348653693,-0.01583021080338222,-0.027002872887240494
48.22828080707021,0.050594677522616614,0.04557901218985331,-0.01585349732910277,-0.02696441083735622
48.276221444055366,0.05059084159810308,0.04557899265613403,-0.01587311514156664,-0.026925593154745426
48.32416208104052,0.05058671317345931,0.04557884430590715,-0.01588895310252716,-0.026886472225000017
48.37210271802569,0.050582289040569085,0.04557856655970073,-0.01590090007373766,-0.026847100433711912
48.42004335501085,0.050577565991316194,0.04557815883804285,-0.015908844916951458,-0.026807530166473057
48.467983991996,0.0505725408175844,0.04557762056146156,-0.015912676493921876,-0.026767813808875385
48.51592462898115,0.05056721031125749,0.04557695115048493,-0.015912283666402245,-0.02672800374651081
48.56386526596632,0.05056157126421924,0.045576150025641034,-0.015907555296145886,-0.02668815236497125
48.61180590295148,0.050555620468353435,0.045575216607457926,-0.015898380244906123,-0.026648312049848653
48.659746539936634,0.050549354715543844,0.04557415031646368,-0.015884647374436282,-0.026608535186734943
48.7076871769218,0.050542770797674254,0.045572950573186354,-0.01586624554648968,-0.026568874161222035
48.755627813906955,0.05053586550662844,0.04557161679815401,-0.01584306362281966,-0.02652938135890187
48.803568450892115,0.05052863563429018,0.04557014841189474,-0.015814990465179528,-0.026490109165366368
48.85150908787728,0.05052107797254326,0.04556854483493657,-0.015781914935322605,-0.026451109966207455
48.899449724862436,0.05051318931327145,0.045566805487807595,-0.01574372589500224,-0.026412436147017077
48.94739036184759,0.050504966448358536,0.045564929791035866,-0.01570031220597174,-0.02637414009338714
48.995330998832756,0.05049640616968829,0.04556291716514946,-0.015651562729984417,-0.026336274190909566
49.043271635817916,0.0504875052691445,0.04556076703067643,-0.015597366328793619,-0.026298890825176308
49.09121227280307,0.05047826053861094,0.04555847880814484,-0.015537611864152668,-0.026262042381779285
49.13915290978824,0.050468668769971387,0.04555605191808278,-0.015472188197814865,-0.026225781246310406
49.18709354677339,0.05045872675510962,0.04555348578101828,-0.015400984191533568,-0.026190159804361623
49.23503418375855,0.05044843128590942,0.04555077981747944,-0.015323888707062075,-0.026155230441524856
49.28297482074372,0.05043777915425457,0.04554793344799429,-0.015240790606153708,-0.02612104554339202
49.33091545772887,0.05042676715202884,0.04554494609309093,-0.015151578750561825,-0.026087657495555062
49.378856094714024,0.05041539207111602,0.045541817173297396,-0.01505614200203973,-0.026055118683605907
49.42679673169919,0.05040365070339988,0.04553854610914177,-0.014954369222340717,-0.02602348149313646
49.47473736868435,0.0503915398407642,0.04553513232115212,-0.014846149273218152,-0.025992798309738673
49.522678005669505,0.050379056275092766,0.0455315752298565,-0.014731371016425365,-0.025963121519004467
49.57061864265467,0.05036619679826935,0.04552787425578298,-0.014609923313715625,-0.02593450350652576
49.618559279639825,0.05035295820217773,0.045524028819459626,-0.014481695026842328,-0.025906996657894497
49.666499916624986,0.05033933727870169,0.04552003834141451,-0.014346575017558746,-0.025880653358702592
49.71444055361014,0.05032533081972501,0.045515902242175686,-0.01420445214761824,-0.025855525994541977
49.762381190595306,0.05031093561713146,0.045511619942271216,-0.014055215278774074,-0.025831666951004573
49.81032182758046,0.05029614846280482,0.04550719086222919,-0.013898753272779656,-0.025809128613682324
49.85826246456562,0.05028096614862888,0.04550261442257764,-0.013734954991388243,-0.025787963368167147
49.90620310155078,0.050265385466487414,0.04549789004384466,-0.013563709296353185,-0.02576822360005096
49.95414373853594,0.050249403208264196,0.045493017146558304,-0.013384905049427806,-0.025749961694925706
50.00208437552109,0.05023301704437841,0.045487995145127726,-0.013198443810198048,-0.025733225706511337
50.05002501250626,0.0502167247743657,0.04548282093275233,-0.013011479999109005,-0.02571558993321444
50.097965649491414,0.050200937224987814,0.045477495539561,-0.012830000129331859,-0.025695029167537433
50.145906286476574,0.05018563800097907,0.04547202377970009,-0.012653836308717473,-0.025671618252533657
50.19384692346174,0.05017081070707378,0.045466410467315976,-0.012482820645116795,-0.025645432031256462
50.241787560446895,0.05015643894800626,0.04546066041655501,-0.012316785246380848,-0.025616545346759216
50.28972819743205,0.050142506328510826,0.045454778441563586,-0.012155562220360521,-0.02558503304209527
50.337668834417215,0.05012899645332178,0.04544876935648804,-0.011998983674906717,-0.02555096996031795
50.385609471402375,0.05011589292717345,0.04544263797547475,-0.011846881717870447,-0.02551443094448064
50.43355010838753,0.05010317935480015,0.04543638911267008,-0.01169908845710266,-0.025475490837636686
50.481490745372696,0.050090839340936194,0.045430027582220395,-0.011555436000454233,-0.025434224482839423
50.52943138235785,0.0500788564903159,0.04542355819827207,-0.011415756455776194,-0.025390706723142236
50.57737201934301,0.05006721440767357,0.045416985774971455,-0.011279881930919432,-0.02534501240159845
50.62531265632818,0.05005589669774352,0.04541031512646493,-0.011147644533734888,-0.025297216361261417
50.67325329331333,0.05004488696526008,0.04540355106689884,-0.011018876372073567,-0.025247393445184518
50.72119393029848,0.05003416881495755,0.04539669841041958,-0.010893409553786372,-0.025195618496421088
50.76913456728365,0.05002372585157024,0.04538976197117349,-0.010771076186724219,-0.025141966358024462
50.81707520426881,0.05001354167983249,0.04538274656330696,-0.0106517083787381,-0.02508651187304802
50.865015841253964,0.05000359990447859,0.04537565700096633,-0.010535138237678964,-0.025029329884545114
50.91295647823912,0.04999388413024288,0.04536849809829799,-0.010421197871397737,-0.02497049523556909
50.960897115224284,0.04998437796185964,0.04536127466944828,-0.010309719387745333,-0.02491008276917328
51.008837752209445,0.04997506500406321,0.04535399152856359,-0.010200534894572743,-0.024848167328411067
51.0567783891946,0.04996592886158789,0.04534665348979027,-0.010093476499730913,-0.0247848237563358
51.104719026179765,0.04995695313916801,0.04533926536727469,-0.009988376311070742,-0.024720126896000807
51.15265966316492,0.04994812144153787,0.045331831975163224,-0.009885066436443239,-0.02465415159045948
51.20060030015008,0.04993941737343179,0.04532435812760222,-0.0097833789836993,-0.024586972682765138
51.24854093713524,0.04993082453958409,0.04531684863873807,-0.009683146060689887,-0.02451866501597115
51.2964815741204,0.049922326544729084,0.04530930832271711,-0.009584199775265943,-0.02444930343313086
51.34442221110555,0.04991390699360108,0.04530174199368573,-0.009486372235278427,-0.02437896277729764
51.39236284809072,0.049905549490934384,0.04529415446579027,-0.009389495548578247,-0.02430771789152481
51.44030348507587,0.04989723764146333,0.04528655055317713,-0.009293401823016398,-0.02423564361886576
51.48824412206103,0.049888955049922225,0.04527893506999264,-0.009197923166443786,-0.02416281480237381
51.5361847590462,0.04988068532104538,0.045271312830383194,-0.009102891686711356,-0.02408930628510232
51.584125396031354,0.04987241205956711,0.04526368864849514,-0.009008139491670095,-0.024015192910104677
51.632066033016514,0.04986411887022174,0.04525606733847486,-0.008913498689170907,-0.023940549520434194
51.680006670001674,0.049855789357743575,0.0452484537144687,-0.00881880138706475,-0.02386545095914424
51.727947306986835,0.04984740712686694,0.04524085259062304,-0.008723879693202569,-0.023789972069288158
51.77588794397199,0.049838955782326125,0.045233268781084246,-0.008628565715435322,-0.023714187693919326
51.823828580957155,0.04983041892885546,0.04522570709999867,-0.008532691561613914,-0.02363817267609105
51.87176921794231,0.049821780171189274,0.045218172361512696,-0.008436089339589347,-0.023562001858856742
51.91970985492747,0.049813023114061855,0.045210669379772674,-0.00833859115721252,-0.023485750085269704
51.967650491912636,0.049804131362207536,0.04520320296892498,-0.008240029122334382,-0.023409492198383303
52.01559112889779,0.049795088520360624,0.045195777943115974,-0.008140235342805918,-0.023333303041250922
52.06353176588294,0.04978587819325544,0.04518839911649203,-0.008039041926478049,-0.023257257456925893
52.1114724028681,0.049776483985626285,0.045181071303199496,-0.007936280981201702,-0.02318143028846155
52.15941303985327,0.04976688950220749,0.04517379931738476,-0.007831784614827818,-0.02310589637891125
52.20735367683842,0.04975707834773336,0.045166587973194165,-0.007725384935207398,-0.023030730571328383
52.255294313823576,0.04974703412693821,0.045159442084774105,-0.0076169140501913465,-0.022956007708766272
52.30323495080874,0.04973674044455636,0.04515236646627092,-0.007506204067630582,-0.022881802634278258
52.351175587793904,0.049726180905322125,0.04514536593183099,-0.007393087095376094,-0.022808190190917718
52.39911622477906,0.0497153391139698,0.045138445295600675,-0.007277395241278833,-0.02273524522173801
52.447056861764224,0.04970419867523373,0.04513160937172633,-0.007158960613189691,-0.02266304256979245
52.49499749874938,0.049692743193848206,0.04512486297435435,-0.007037615318959677,-0.02259165707813444
52.54293813573454,0.04968095627454756,0.045118210917631074,-0.006913191466439693,-0.022521163589817293
52.590878772719705,0.04966882152206609,0.04511165801570288,-0.006785521163480675,-0.022451636947894368
52.63881940970486,0.049656322541138116,0.045105209082716126,-0.0066544365179336306,-0.02238315199541905
52.68676004669001,0.049643442936497965,0.04509886893281719,-0.0065197696376494635,-0.022315783575444663
52.73470068367518,0.049630166312879934,0.045092642380152426,-0.006381352630479082,-0.02224960653102455
52.78264132066034,0.04961647627501835,0.04508653423886821,-0.006239017604273486,-0.022184695705212084
52.83058195764549,0.04960235642764752,0.04508054932311089,-0.006092596666883626,-0.022121125941060627
52.87852259463066,0.049587790375501754,0.04507469244702686,-0.005941921926160381,-0.0220589720816235
52.92646323161581,0.04957276172331539,0.045068968424762455,-0.005786825489954783,-0.02199830896995409
52.97440386860097,0.04955725407582272,0.045063382070464064,-0.0056271394661177145,-0.02193921144910572
53.02234450558613,0.04954125103775806,0.04505793819827804,-0.005462695962500139,-0.021881754362131762
53.070285142571294,0.04952473621385573,0.04505264162235075,-0.005293327086953,-0.021826012552085564
53.11822577955645,0.049507693208850054,0.04504749715682857,-0.005118864947327272,-0.021772060862020482
53.166166416541614,0.04949010562747533,0.04504250961585785,-0.004939141651473822,-0.021719974134989852
53.21410705352677,0.04947195707446588,0.04503768381358497,-0.004753989307243699,-0.021669827214047054
53.26204769051193,0.04945323115455602,0.04503302456415628,-0.004563240022487768,-0.021621694942245417
53.30998832749708,0.04943391147248006,0.04502853668171817,-0.004366725905057032,-0.021575652162638313
53.35792896448225,0.04941398163297232,0.04502422498041698,-0.0041642790628023466,-0.021531773718279076
53.4058696014674,0.04939342524076711,0.04502009427439909,-0.003955731603574774,-0.021490134452221074
53.45381023845256,0.04937222590059875,0.04501614937781086,-0.003740915635225173,-0.021450809207517654
53.50175087543773,0.04935036721720154,0.045012395104798666,-0.003519663265604482,-0.02141387282722216
53.54969151242288,0.04932783279530981,0.045008836269508856,-0.0032918066025637484,-0.021379400154387964
53.597632149408035,0.049304606239657885,0.045005477686087814,-0.003057177753953851,-0.02134746603206841
53.6455727863932,0.04928067115498005,0.04500232416868189,-0.002815608827625665,-0.021318145303316837
53.69351342337836,0.049256011146010636,0.04499938053143746,-0.0025669319314302365,-0.02129151281118662
53.741454060363516,0.04923060981748396,0.04499665158850089,-0.002310979173218517,-0.021267643398731106
53.78939469734868,0.04920445077413433,0.04499414215401854,-0.002047582660841339,-0.021246611909003635
53.83733533433384,0.04917751762069606,0.04499185704213678,-0.001776574502149797,-0.021228493185057574
53.885275971319,0.04914979396190348,0.044989801067001976,-0.0014977868049947224,-0.02121336206994627
53.933216608304164,0.04912126340249087,0.044987979042760494,-0.0012110516772270543,-0.021201293406723075
53.98115724528932,0.04909190954719258,0.04498639578355869,-0.000916201226697869,-0.02119236203844135
54.02909788227447,0.049061716000742925,0.04498505610354294,-0.0006130675612580267,-0.021186642808154434
54.07703851925964,0.04903066636787618,0.04498396481685961,-0.0003014827887583803,-0.02118421055891569
54.1249791562448,0.048998744253326704,0.04498312673765506,1.8720982949989914e-5,-0.02118514013377847
54.17291979322995,0.04896594624858936,0.04498254038530912,0.000347584148053054,-0.021189441319961075
54.22086043021512,0.04893319260487432,0.04498175963053911,0.000676070407679236,-0.02119250432951213
54.26880106720027,0.04890104475947119,0.044980521745304654,0.0009986393396521909,-0.021191539790467187
54.31674170418543,0.04886948705305743,0.044978845531795326,0.0013154110794487688,-0.021186653617015598
54.364682341170585,0.04883850382631047,0.044976749792200725,0.001626505762545581,-0.02117795172334673
54.41262297815575,0.04880807941990775,0.04497425332871042,0.0019320435244194701,-0.021165540023649933
54.460563615140906,0.048778198174526756,0.044971374943514,0.0022321445005469604,-0.021149524432114573
54.508504252126066,0.04874884443084488,0.04496813343880104,0.0025269288264048915,-0.021130010862930003
54.55644488911123,0.048720002529539605,0.04496454761676111,0.0028165166374699664,-0.021107105230285587
54.60438552609639,0.04869165681128838,0.044960636279583806,0.0031010280692187636,-0.021080913448370677
54.65232616308154,0.04866379161676863,0.04495641822945871,0.0033805832571280735,-0.021051541431374644
54.70026680006671,0.0486363912866578,0.04495191226857539,0.0036553023366746834,-0.021019095093486827
54.74820743705187,0.04860944016163336,0.04494713719912344,0.0039253054433351755,-0.0209836803488966
54.79614807403702,0.04858292258237275,0.04494211182329243,0.0041907127125862574,-0.020945403111793326
54.84408871102219,0.048556822889553396,0.04493685494327194,0.004451644279904749,-0.02090436929636634
54.89202934800734,0.04853112542385277,0.044931385361251554,0.004708220280767204,-0.020860684816805027
54.9399699849925,0.04850581452594831,0.04492572187942086,0.004960560850650441,-0.020814455587298733
54.98791062197766,0.048480874536517456,0.04491988329996943,0.005208786125031128,-0.020765787522036814
55.03585125896282,0.04845628979623765,0.04491388842508684,0.005453016239385969,-0.020714786535208637
55.083791895947975,0.04843204464578637,0.044907756056962685,0.005693371329191636,-0.02066155854100356
55.13173253293314,0.04840812342584102,0.044901504997786536,0.005929971529924938,-0.020606209453610927
55.179673169918296,0.048384510477079076,0.04489515404974797,0.006162936977062443,-0.02054884518722012
55.227613806903456,0.04836119014017797,0.04488872201503658,0.006392387806080958,-0.020489571656020483
55.27555444388862,0.04833814675581515,0.04488222769584193,0.006618444152457188,-0.020428494774201368
55.323495080873776,0.04831536466466808,0.044875689894353615,0.006841226151667738,-0.020365720455952155
55.37143571785893,0.048292828207414186,0.044869127412761216,0.0070608539391893805,-0.020301354615462196
55.4193763548441,0.04827052172473092,0.04486255905325429,0.007277447650498886,-0.020235503166920826
55.46731699182926,0.048248429557295726,0.04485600361802245,0.0074911274210728625,-0.02016827202451743
55.51525762881441,0.04822653604578606,0.04484947990925526,0.007702013386388018,-0.020099767102441372
55.563198265799564,0.04820482553087937,0.0448430067291423,0.007910225681921085,-0.020030094314881994
55.61113890278473,0.04818328235325308,0.04483660287987316,0.008115884443148834,-0.01995935957602864
55.65907953976989,0.04816189085358467,0.0448302871636374,0.008319109805547877,-0.019887668800070698
55.707020176755044,0.04814063537255155,0.044824078382624616,0.008520021904594917,-0.019815127901197528
55.75496081374021,0.04811950025083119,0.04481799533902439,0.008718740875766753,-0.01974184279359845
55.802901450725365,0.048098469829101036,0.0448120568350263,0.008915386854539973,-0.019667919391462875
55.850842087710525,0.04807752844803853,0.04480628167281993,0.009110079976391365,-0.019593463608980122
55.89878272469569,0.04805666044832112,0.04480068865459484,0.009302940376797639,-0.019518581360339553
55.946723361680846,0.048035850170626254,0.044795296582540646,0.00949408819123541,-0.01944337855973056
55.994663998666,0.048015081955631374,0.044790124258846896,0.009683643555181445,-0.01936796112134248
56.042604635651166,0.04799434014401392,0.04478519048570319,0.009871726604112502,-0.019292434959364647
56.09054527263633,0.04797360907645135,0.0447805140652991,0.010058457473505204,-0.019216905987986456
56.13848590962148,0.04795287309362111,0.044776113799824206,0.010243956298836256,-0.019141480121397263
56.18642654660665,0.04793211653620064,0.0447720084914681,0.010428343215582447,-0.019066263273786396
56.2343671835918,0.047911323744867396,0.044768216942420336,0.01061173835922037,-0.01899136135934326
56.28230782057696,0.04789047906029882,0.04476475795487053,0.010794261865226815,-0.01891688029225717
56.33024845756212,0.04786956682317236,0.04476165033100824,0.010976033869078458,-0.018842925986717506
56.37818909454728,0.04784857137416545,0.04475891287302305,0.011157174506252008,-0.018769604356913622
56.426129731532434,0.047827477053955555,0.04475656438310455,0.011337803912224137,-0.01869702131703489
56.4740703685176,0.047806268203220106,0.044754623663442294,0.011518042222471638,-0.018625282781270635
56.522011005502755,0.04778492916263657,0.044753109516225895,0.011698009572471106,-0.01855449466381026
56.569951642487915,0.047763444272882365,0.044752040743644916,0.011877826097699327,-0.01848476287884309
56.61789227947308,0.04774179787463496,0.04475143614788894,0.012057611933633004,-0.01841619334055848
56.665832916458236,0.04771997430857179,0.04475131453114756,0.012237487215748766,-0.018348891963145833
56.713773553443396,0.04769795791537031,0.04475169469561033,0.012417572079523397,-0.018282964660794463
56.76171419042855,0.04767573303570796,0.04475259544346685,0.012597986660433543,-0.018218517347693756
56.809654827413716,0.04765328401026219,0.0447540355769067,0.012778851093956,-0.018155655938033036
56.85759546439887,0.04763059517971045,0.04475603389811945,0.012960285515567358,-0.018094486346001706
56.90553610138403,0.04760765088473018,0.0447586092092947,0.01314241006074441,-0.018035114485789094
56.95347673836919,0.047584435465998824,0.044761780312622,0.013325344864963829,-0.01797764627158457
57.00141737535435,0.04756093326419384,0.04476556601029096,0.013509210063702322,-0.01792218761757749
57.0493580123395,0.047537128619992666,0.04476998510449115,0.013694125792436566,-0.017868844437957214
57.09729864932467,0.04751300587407274,0.044775056397412145,0.013880212186643351,-0.017817722646913094
57.145239286309824,0.047488549367111534,0.04478079869124354,0.014067589381799268,-0.017768928158634505
57.193179923294984,0.047463743439786474,0.04478723078817489,0.014256377513381109,-0.01772256688731079
57.24112056028015,0.047438572432775,0.0447943714903958,0.01444669671686558,-0.0176787447471313
57.289061197265305,0.047413020686754584,0.04480223960009585,0.0146386671277293,-0.017637567652285427
57.33700183425046,0.04738707254240266,0.04481085391946459,0.014832408881449032,-0.017599141516962506
57.384942471235625,0.04736071234039667,0.04482023325069164,0.015028042113501536,-0.01756357225535189
57.432883108220786,0.047333924421414056,0.04483039639596656,0.015225686959363435,-0.017530965781642947
57.48082374520594,0.04730669312613228,0.044841362157478935,0.015425463554511428,-0.017501428010025046
57.528764382191106,0.04727900279522878,0.044853149337418345,0.015627492034422315,-0.017475064854687524
57.57670501917626,0.04725083776938101,0.044865776737974365,0.01583189253457268,-0.01745198222981976
57.62464565616142,0.0472221823892664,0.044879263161336586,0.01603878519043932,-0.017432286049611098
57.67258629314659,0.047193020995562406,0.044893627409694575,0.01624829013749894,-0.017416082228250904
57.72052693013174,0.04716333792894648,0.04490888828523793,0.016460527511228153,-0.017403476679928535
57.76846756711689,0.04713311753009607,0.044925064590156216,0.01667561744710372,-0.01739457531883335
57.81640820410206,0.04710234413968861,0.04494217512663902,0.016893680080602415,-0.017389484059154706
57.86434884108722,0.047071002098401545,0.04496023869687593,0.01711483554720085,-0.017388308815081962
57.912289478072374,0.04703907574691235,0.04497927410305651,0.01733920398237573,-0.01739115550080448
57.96023011505753,0.047006549425898436,0.04499930014737035,0.01756690552160379,-0.017398130030511615
58.008170752042695,0.04697340747603726,0.04502033563200704,0.017798060300361802,-0.01740933831839273
58.056111389027855,0.04693963423800628,0.04504239935915614,0.01803278845412637,-0.017424886278637176
58.10405202601301,0.04690521405248294,0.04506551013100724,0.018271210118374195,-0.017444879825434318
58.151992662998175,0.04687013126014467,0.045089686749749926,0.018513445428582104,-0.017469424872973517
58.19993329998333,0.04683437020166894,0.04511494801757377,0.01875961452022664,-0.01749862733544412
58.24787393696849,0.04679791521773318,0.04514131273666837,0.01900983752878463,-0.0175325931270355
58.29581457395365,0.046760750649014846,0.04516879970922327,0.019264234589732733,-0.01757142816193701
58.34375521093881,0.046722873544271654,0.04519737680160622,0.019522700686926256,-0.017615102088981
58.39169584792396,0.04668463180492855,0.045225620318362206,0.01977895935450069,-0.01765983051129583
58.43963648490913,0.046646185954140953,0.04525289635747514,0.02003017168017616,-0.017703859462948862
58.48757712189428,0.04660753312409322,0.04527923198917719,0.02027641204622668,-0.017747190304235987
58.53551775887944,0.04656867044696967,0.04530465428370053,0.020517754834926523,-0.01778982439545313
58.58345839586461,0.046529595054954624,0.04532919031127734,0.020754274428549855,-0.01783176309689622
58.631399032849764,0.04649030408023244,0.0453528671421398,0.020986045209370734,-0.017873007768861148
58.67933966983492,0.04645079465498744,0.045375711846520075,0.0212131415596634,-0.01791355977164384
58.727280306820084,0.046411063911403955,0.04539775149465036,0.021435637861702078,-0.017953420465540222
58.775220943805245,0.04637110898166632,0.045419013156762826,0.021653608497760837,-0.017992591210846193
58.8231615807904,0.04633092699795888,0.04543952390308964,0.021867127850113847,-0.018031073367857673
58.871102217775565,0.04629051509246594,0.04545931080386299,0.022076270301035362,-0.018068868296870585
58.91904285476072,0.04624987039737187,0.045478400929315044,0.022281110232799425,-0.01810597735818083
58.96698349174588,0.04620899004486098,0.045496821349677995,0.02248172202768029,-0.018142401912084338
59.014924128731046,0.0461678711671176,0.04551459913518402,0.02267818006795213,-0.01817814331887702
59.0628647657162,0.04612651089632609,0.04553176135606527,0.022870558735889012,-0.01821320293885478
59.11080540270135,0.04608490636467077,0.04554833508255394,0.02305893241376517,-0.01824758213231354
59.15874603968651,0.04604305470433595,0.045564347384882214,0.023243375483854786,-0.01828128225954923
59.20668667667168,0.04600095304750599,0.04557982533328226,0.02342396232843203,-0.01831430468085775
59.25462731365683,0.04595859852636523,0.045594795997986264,0.02360076732977099,-0.018346650756535007
59.302567950641986,0.045915988273097987,0.045609286449226384,0.02377386487014588,-0.018378321846876933
59.350508587627154,0.045873119419888586,0.04562332375723481,0.023943329331830916,-0.018409319312179446
59.398449224612314,0.04582998909892138,0.04563693499224373,0.024109235097100192,-0.018439644512738444
59.44638986159747,0.0457865944423807,0.0456501472244853,0.02427165654822787,-0.018469298808849847
59.494330498582634,0.04574293258245087,0.04566298752419171,0.02443066806748818,-0.018498283560809587
59.54227113556779,0.04569900065131624,0.04567548296159514,0.024586344037155206,-0.018526600128913554
59.59021177255295,0.04565479578116113,0.045687660606927756,0.02473875883950318,-0.018554249873457683
59.638152409538115,0.045610315104169866,0.04569954753042174,0.02488798685680626,-0.018581234154737884
59.68609304652327,0.045565555752526805,0.04571117080230928,0.025034102471338547,-0.018607554333050065
59.73403368350842,0.04552051485841627,0.04572255749282253,0.02517718006537425,-0.01863321176869014
59.78197432049359,0.04547518955402257,0.04573373467219369,0.025317294021187584,-0.018658207821954043
59.82991495747875,0.04542957697153008,0.045744729410654925,0.025454518721052644,-0.018682543853137674
59.8778555944639,0.04538367424312311,0.04575556877843841,0.025588928547243595,-0.018706221222536942
59.92579623144907,0.04533747850098599,0.04576627984577634,0.025720597882034665,-0.018729241290447785
59.97373686843422,0.045290986877303076,0.04577688968290086,0.02584960110769994,-0.018751605417166098
60.02167750541938,0.045244196504258684,0.04578742536004418,0.02597601260651364,-0.018773314962987803
60.06961814240454,0.04519710451403715,0.04579791394743847,0.026099906760749917,-0.018794371288208815
60.117558779389704,0.045149708038822796,0.045808382515315896,0.026221357952682933,-0.01881477575312505
60.16549941637486,0.04510200421079999,0.04581885813390863,0.026340440564586835,-0.01883452971803242
60.21344005336002,0.04505399016215303,0.04582936787344887,0.026457228978735824,-0.01885363454322685
60.26138069034518,0.04500566302506627,0.04583993880416878,0.02657179757740405,-0.018872091589004242
60.30932132733034,0.044957019931724025,0.04585059799630054,0.026684220742865673,-0.018889902215660517
60.35726196431549,0.04490805801431066,0.045861372520076334,0.026794572857394845,-0.018907067783491594
60.40520260130066,0.044858774405010474,0.045872289445728326,0.026902928303265784,-0.018923589652793383
60.45314323828581,0.04480916623600782,0.0458833758434887,0.027009361462752582,-0.0189394691838618
60.50108387527097,0.04475923063948703,0.045894658783589636,0.027113946718129455,-0.018954707736992767
60.54902451225614,0.04470896474763242,0.045906165336263315,0.02721675845167057,-0.01896930667248219
60.59696514924129,0.04465836569262836,0.0459179225717419,0.027317871045650047,-0.018983267350625988
60.644905786226445,0.044607430606659164,0.04592995756025757,0.027417358882342084,-0.018996591131720076
60.69284642321161,0.04455615662190914,0.045942297372042515,0.027515296344020865,-0.019009279376060374
60.74078706019677,0.04450454087056266,0.045954969077328905,0.027611757812960526,-0.019021333443942787
60.788727697181926,0.04445258048480404,0.04596799974634892,0.02770681767143522,-0.019032754695663238
60.83666833416709,0.04440027259681762,0.04598141644933473,0.027800550301719157,-0.01904354449151764
60.88460897115225,0.044347614338787734,0.04599524625651852,0.027893030086086453,-0.01905370419180191
60.93254960813741,0.044294602842898705,0.046009516238132465,0.027984331406811305,-0.019063235156811957
60.980490245122574,0.04424123524133487,0.04602425346440874,0.028074528646167884,-0.019072138746843707
61.02843088210773,0.04418750866628058,0.04603948500557952,0.028163696186430318,-0.019080416322193067
61.07637151909288,0.044133420249920154,0.04605523793187699,0.02825190840987279,-0.019088069243155953
61.12431215607805,0.0440789671244379,0.046071539313533326,0.0283392396987695,-0.019095098870028283
61.17225279306321,0.044024146422018205,0.0460884162207807,0.028425764435394574,-0.019101506563105972
61.22019343004836,0.04396895527484537,0.046105895723851285,0.02851155700202216,-0.019107293682684934
61.26813406703353,0.043913390815103724,0.04612400489297728,0.02859669178092649,-0.019112461589061082
61.31607470401868,0.04385745017497762,0.04614277079839083,0.028681243154381655,-0.019117011642530334
61.36401534100384,0.04380113048665139,0.04616222051032414,0.02876528550466187,-0.01912094520338861
61.411955977988995,0.04374442888230936,0.04618238109900937,0.028848893214041268,-0.019124263631931815
61.45989661497416,0.04368734249413584,0.04620327963467872,0.02893214066479406,-0.019126968288455868
61.507837251959316,0.043629868454315206,0.04622494318756434,0.029015102239194353,-0.019129060533256692
61.555777888944476,0.043572003895031776,0.04624739882789841,0.02909785231951635,-0.019130541726630194
61.603718525929644,0.04351374594846986,0.046270673625913125,0.029180465288034224,-0.019131413228872286
61.6516591629148,0.043455091746813834,0.04629479465184065,0.029263015527022103,-0.019131676400278894
61.69959979989995,0.043396038422248005,0.04631978897591317,0.02934557741875416,-0.019131332601145926
61.74754043688512,0.043336583106956705,0.04634568366836285,0.029428225345504606,-0.019130383191769303
61.79548107387028,0.04327672293312427,0.046372505799421884,0.029511033689547564,-0.01912882953244493
61.84342171085543,0.04321645503293505,0.04640028243932243,0.029594076833157193,-0.01912667298346873
61.8913623478406,0.043155776538573346,0.046429040658296686,0.029677429158607695,-0.01912391490513662
61.93930298482575,0.043094684582223534,0.0464588075265768,0.029761165048173187,-0.01912055665774451
61.98724362181091,0.043033176296069925,0.04648961011439499,0.029845358884127877,-0.019116599601588315
62.03518425879607,0.04297124881229684,0.0465214754919834,0.02993008504874591,-0.01911204509696396
62.08312489578123,0.04290889926308863,0.04655443072957421,0.03001541792430145,-0.019106894504167346
62.131065532766385,0.04284612478062963,0.04658850289739961,0.03010143189306867,-0.019101149183494395
62.17900616975155,0.04278292249710415,0.04662371906569178,0.030188201337321745,-0.019094810495241026
62.226946806736706,0.042719289544696566,0.046660106304682876,0.0302758006393348,-0.019087879799703146
62.274887443721866,0.04265522305559117,0.0466976916846051,0.03036430418138205,-0.019080358457176677
62.32282808070703,0.04259072016197231,0.04673650227569063,0.030453786345737643,-0.019072247827957533
62.37076871769219,0.04252577799602433,0.046776565148171606,0.030544321514675718,-0.019063549272341627
62.41870935467734,0.04246039368993157,0.04681790737228023,0.030635984070470457,-0.01905426415062488
62.46664999166251,0.04239456437587832,0.046860556018248706,0.03072884839539606,-0.019044393823103196
62.51459062864767,0.042328229967007455,0.04690443216914769,0.03082285775047298,-0.0190342512998955
62.56253126563282,0.04226051188861438,0.04694793068074939,0.03091605104604665,-0.019028583823326242
62.610471902617974,0.04219111999801403,0.04699051363427447,0.031007751202145203,-0.019028880418164005
62.65841253960314,0.04212006411624335,0.04703219585191782,0.031097960353281984,-0.01903498956749637
62.7063531765883,0.0420473540643393,0.0470729921558743,0.03118668063397029,-0.019046759754410912
62.754293813573454,0.04197299966333884,0.04711291736833879,0.03127391417872345,-0.019064039461995207
62.80223445055862,0.041897010734278865,0.047151986311506196,0.03135966312205483,-0.01908667717333684
62.850175087543775,0.04181939709819639,0.047190213807571366,0.0314439295984777,-0.01911452137152339
62.898115724528935,0.0417401685761283,0.0472276146787292,0.03152671574250545,-0.019147420539642433
62.9460563615141,0.04165933498911155,0.047264203747174584,0.03160802368865138,-0.019185223160781556
62.993996998499256,0.04157690615818313,0.047299995835102374,0.0316878555714288,-0.01922777771802832
63.04193763548441,0.04149289190437994,0.04733500576470747,0.03176621352535108,-0.019274932694470316
63.089878272469576,0.04140730204873892,0.04736924835818477,0.03184309968493153,-0.019326536573195132
63.13781890945474,0.04132014641229705,0.047402738437729124,0.03191851618468348,-0.019382437837290337
63.18575954643989,0.04123143481609127,0.047435490825535415,0.03199246515912024,-0.019442484969843497
63.23370018342506,0.041141177081158484,0.04746752034379854,0.032064948742755194,-0.019506526453942227
63.28164082041021,0.041049383028535696,0.047498841814713366,0.0321359690701016,-0.01957441077267406
63.32958145739537,0.04095606247925981,0.04752947006047478,0.032205528275672836,-0.019645986409126615
63.37752209438053,0.04086122525436777,0.047559419903277673,0.03227362849398223,-0.019721101846387454
63.42546273136569,0.040764881174896545,0.047588706165316914,0.03234027185954309,-0.019799605567544155
63.473403368350844,0.040667040061883084,0.04761734366878738,0.032405460506868745,-0.019881346055684288
63.52134400533601,0.04056771173636428,0.04764534723588397,0.032469196570472564,-0.01996617179389547
63.569284642321165,0.04046690601937716,0.04767273168880154,0.032531482184867816,-0.020053931265265227
63.617225279306325,0.0403646327319586,0.047699511849734984,0.032592319484567873,-0.020144472952881177
63.66516591629149,0.040260901695145554,0.04772570254087919,0.03265171060408606,-0.0202376453398309
63.713106553276646,0.040155722729975016,0.04775131858442903,0.03270965767793569,-0.02033329690920194
63.7610471902618,0.040049105657483895,0.04777637480257938,0.032766162840630095,-0.02043127614408189
63.80898782724696,0.03994106029870913,0.04780088601752513,0.03282122822668262,-0.020531431527558357
63.856928464232126,0.039831596474687654,0.04782486705146116,0.0328748559706066,-0.02063361154271891
63.90486910121728,0.039720724006456466,0.04784833272658234,0.03292704820691532,-0.020737664672651097
63.95280973820244,0.039608452715052464,0.04787129786508357,0.03297780707012215,-0.020843439400442528
64.00075037518761,0.03949479242151259,0.04789377728915972,0.033027134694740425,-0.020950784209180787
64.04869101217275,0.03937975294687386,0.04791578582100567,0.03307503321528343,-0.021059547581953393
64.09663164915791,0.03926334411217313,0.0479373382828163,0.03312150476626453,-0.021169578001848002
64.14457228614309,0.03914557573844735,0.0479584494967865,0.033166551482197056,-0.0212807239519522
64.19251292312823,0.03902645764673356,0.047979134285111136,0.033210175497594314,-0.021392833915353453
64.2404535601134,0.03890599965806861,0.0479994074699851,0.033252378946969655,-0.02150575637513945
64.28839419709855,0.03878421159348948,0.048019283873603276,0.0332931639648364,-0.02161933981439774
64.33633483408371,0.03866110327403311,0.04803877831816053,0.03333253268570788,-0.021733432716215896
64.38427547106888,0.03853668452073644,0.04805790562585175,0.03337048724409741,-0.0218478835636815
64.43221610805404,0.038410965154636434,0.048076680618871825,0.03340702977451834,-0.021962540839882125
64.4801567450392,0.03828395499677002,0.04809511811941562,0.033442162411484004,-0.02207725302790536
64.52809738202436,0.03815566386817414,0.048113232949678036,0.033475887289507705,-0.022191868610838775
64.57603801900952,0.038026101589885765,0.04813103993185394,0.033508206543102784,-0.02230623607176995
64.62397865599468,0.037895277982941816,0.04814855388813822,0.033539122306782576,-0.02242020389378647
64.67191929297982,0.037763202868379274,0.048165789640725744,0.033568636715060406,-0.02253362055997588
64.719859929965,0.03762988606723499,0.04818276201181141,0.03359675190244961,-0.022646334553425854
64.76780056695014,0.03749533740054605,0.04819948582359008,0.033623470003463496,-0.022758194357223843
64.8157412039353,0.037359566689349276,0.04821597589825665,0.033648793152615424,-0.022869048454457523
64.86368184092046,0.03722258375468167,0.048232247058005995,0.0336727234844187,-0.022978745328214437
64.91162247790562,0.03708439841758016,0.048248314125033005,0.033695263133386666,-0.02308713346158217
64.95956311489078,0.0369450204990817,0.04826419192153255,0.03371641423403264,-0.023194061337648297
65.00750375187594,0.03680445982022324,0.04827989526969951,0.03373617892086997,-0.0232993774395004
65.0554443888611,0.036662726202041716,0.04829543899172877,0.03375455932841197,-0.023402930250226057
65.10338502584626,0.036519829465574076,0.04831083790981521,0.033771557591171966,-0.023504568252912847
65.15132566283141,0.03637577943185731,0.04832610684615371,0.033787175843663295,-0.02360413993064832
65.19926629981659,0.03623058592192823,0.04834126062293917,0.03380141622039929,-0.023701493766520143
65.24720693680175,0.03608425875682391,0.048356314062366436,0.033814280855893275,-0.023796478243615807
65.29514757378689,0.035936807757581304,0.048371281986630404,0.03382577188465858,-0.023888941845022892
65.34308821077207,0.035788242745237224,0.04838617921792596,0.033835891441208535,-0.02397873305382906
65.39102884775721,0.03563857354082878,0.04840102057844799,0.03384464166005646,-0.02406570035312178
65.43896948474237,0.035487809965392796,0.048415820890391356,0.03385202467571571,-0.024149692225988714
65.48691012172755,0.03533596183996621,0.04843059497595096,0.033858042622699584,-0.02423055715551744
65.5348507587127,0.0351830389855861,0.048445357657321664,0.033862697635521424,-0.024308143624795463
65.58279139569785,0.03502905122328929,0.048460123756698364,0.03386599184869456,-0.024382300116910432
65.63073203268301,0.03487400837411276,0.04847490809627593,0.033867927396732334,-0.024452875114949906
65.67867266966817,0.03471792025909345,0.048489725498249245,0.03386850641414805,-0.02451971710200146
65.72661330665333,0.034560796699268315,0.048504590784813194,0.033867731035455054,-0.024582674561152672
65.7745539436385,0.034402647515674296,0.04851951877816266,0.03386560339516667,-0.024641595975491128
65.82249458062365,0.034243482529348335,0.04853452430049252,0.03386212562779623,-0.024696329828104404
65.87043521760882,0.034083311561327385,0.04854962217399765,0.033857299867857064,-0.024746724602080078
65.91837585459398,0.03392214443264839,0.048564827220872936,0.03385112824986249,-0.02479262878050573
65.96631649157914,0.033759990964348285,0.04858015426331326,0.03384361290832587,-0.024833890846468937
66.01425712856428,0.03359686097746408,0.0485956181235135,0.03383475597776049,-0.02487035928305727
66.06219776554944,0.0334327642930326,0.04861123362366854,0.0338245595926797,-0.024901882573358333
66.1101384025346,0.033267710732090866,0.04862701558597326,0.03381302588759684,-0.024928309200459683
66.15807903951976,0.0331017101156758,0.04864297883262254,0.033800156997025224,-0.024949487647448906
66.20601967650492,0.03293477226482436,0.04865913818581125,0.033785955055478184,-0.024965266397413588
66.25396031349008,0.03276690700057349,0.048675508467734295,0.03377042219746905,-0.024975493933441298
66.30190095047524,0.032598124143960135,0.04869210450058653,0.03375356055751115,-0.024980018738619617
66.3498415874604,0.03242843351602123,0.04870894110656286,0.03373537227011782,-0.024978689296036125
66.39778222444556,0.03225784493779374,0.04872603310785815,0.03371585946980238,-0.024971354088778402
66.44572286143072,0.03208636823031459,0.04874339532666729,0.033695024291078166,-0.02495786159993403
66.49366349841588,0.03191401321462073,0.04876104258518515,0.03367286886845851,-0.024938060312590576
66.54160413540104,0.031740789711749116,0.04877898970560662,0.03364939533645673,-0.024911798709835637
66.5895447723862,0.03156670754273669,0.04879725151012657,0.033624605829586166,-0.02487892527475678
66.63748540937135,0.031391776528620435,0.04881584282093989,0.033598502482360154,-0.024839288490441598
66.68542604635653,0.031215798259838168,0.0488347476346536,0.033571277180159044,-0.02479383861973743
66.73336668334167,0.031036770915954724,0.04885367735307504,0.033544748632714796,-0.024753044302637618
66.78130732032683,0.030854189146668053,0.048872554174813496,0.033519340324089805,-0.02471941081978028
66.829247957312,0.030668050724280606,0.04889137370191191,0.033495014100210205,-0.02469277680885911
66.87718859429715,0.030478353421095013,0.04891013153641326,0.03347173180700217,-0.02467298090756785
66.92512923128231,0.030285095009413565,0.048928823280360495,0.03344945529039181,-0.024659861753600174
66.97306986826747,0.03008827326153878,0.0489474445357966,0.03342814639630527,-0.02465325798464979
67.02101050525263,0.029887885949773107,0.04896599090476452,0.03340776697066871,-0.024653008238410407
67.0689511422378,0.029683930846419015,0.04898445798930724,0.033388278859408246,-0.02465895115257572
67.11689177922295,0.029476405723778958,0.049002841391467704,0.03336964390845005,-0.024670925364839436
67.16483241620811,0.029265308354155396,0.04902113671328889,0.03335182396372024,-0.024688769512895264
67.21277305319327,0.02905063650985079,0.049039339556813756,0.033334780871144956,-0.024712322234436902
67.26071369017842,0.02883238796316766,0.049057445524085266,0.03331847647665036,-0.024741422167158047
67.3086543271636,0.028610560486408275,0.0490754502171464,0.033302872626162563,-0.024775907948752424
67.35659496414874,0.028385151851875352,0.049093349238040096,0.03328793116560774,-0.0248156182169137
67.4045356011339,0.028156159831871155,0.04911113818880934,0.03327361394091202,-0.024860391609335612
67.45247623811908,0.027923582198698137,0.049128812671497095,0.03325988279800153,-0.024910066763711863
67.50041687510422,0.027687416724658968,0.04914636828814631,0.033246699582802436,-0.024964482317736115
67.54835751208938,0.02744766118205589,0.049163800640799955,0.03323402614124085,-0.025023476909102116
67.59629814907454,0.02720431334319144,0.04918110533150101,0.03322182431924295,-0.02508688917550355
67.6442387860597,0.026957370980368083,0.04919827796229242,0.03321005596273485,-0.02515455775463413
67.69217942304486,0.026706831865888264,0.04921531413521716,0.03319868291764269,-0.025226321284187548
67.74012006003002,0.02645269377205445,0.04923220945231819,0.033187667029892634,-0.02530201840185751
67.78806069701518,0.026194954471169096,0.049248959515638485,0.03317697014541081,-0.025381487745337727
67.83600133400034,0.025933611735534667,0.049265559927220995,0.033166554110123356,-0.025464567952321892
67.8839419709855,0.025668663337453615,0.04928200628910869,0.03315638076995642,-0.025551097660503716
67.93188260797066,0.025400107049228404,0.049298294203344535,0.03314641197083614,-0.025640915507576897
67.97982324495581,0.02512794064316157,0.0493144192719715,0.03313660955868866,-0.025733860131235114
68.02776388194098,0.024852161891555334,0.04933037709703254,0.03312693537944012,-0.02582977016917215
68.07570451892613,0.024572768566712477,0.04934616328057063,0.03311735127901667,-0.025928484259081598
68.12364515591129,0.024289758440935214,0.049361773424628726,0.033107819103344434,-0.026029841038657246
68.17158579289647,0.024003129286526,0.0493772031312498,0.03309830069834956,-0.0261336791455928
68.21952642988161,0.023712878875787546,0.0493924480024768,0.03308875790995821,-0.026239837217581875
68.26746706686677,0.023419004981022062,0.04940750364035271,0.033079152584096494,-0.026348153892318257
68.31540770385193,0.02312150537453209,0.049422365646920485,0.03306944656669057,-0.026458467807495625
68.36334834083709,0.022820377828620085,0.04943702962422309,0.03305960170366658,-0.02657061760080768
68.41128897782225,0.022515620115588515,0.049451491174303495,0.033049579840950666,-0.026684441909948127
68.4592296148074,0.022207230007739918,0.049465745899204654,0.033039342824468965,-0.026799779372610636
68.50717025179257,0.02189520527737649,0.049479789400969545,0.03302885250014761,-0.02691646862648901
68.55511088877773,0.021579543696800957,0.049493617281641124,0.033018070713912766,-0.02703434830927685
68.60305152576288,0.021260243038315786,0.04950722514326235,0.03300695931169055,-0.02715325705866786
68.65099216274805,0.020937301074223147,0.04952060858787621,0.032995480139407125,-0.027273033512355847
68.6989327997332,0.020610715576825884,0.04953376321752563,0.032983595042988624,-0.02739351630803437
68.74687343671836,0.020280484318426165,0.049546684634253615,0.032971265868361174,-0.027514544083397242
68.79481407370353,0.01994660507132645,0.04955936844010311,0.03295845446145094,-0.027635955476138174
68.84275471068868,0.019609075607829495,0.049571810237117084,0.03294512266818405,-0.02775758912395075
68.89069534767384,0.019267893700237456,0.049584005627338494,0.03293123233448665,-0.027879283664528787
68.938635984659,0.0189230571208529,0.04959595021281031,0.03291674530628488,-0.02800087773556595
68.98657662164416,0.018574563641978282,0.0496076395955755,0.03290162342950488,-0.028122209974755938
69.03451725862932,0.018222411035916056,0.04961906937767702,0.0328858285500728,-0.028243119019792463
69.08245789561448,0.017866597074968682,0.04963023516115785,0.03286932251391476,-0.028363443508369227
69.13039853259964,0.017507119531438624,0.049641132548060934,0.032852067166956926,-0.02848302207817993
69.1783391695848,0.01714397617762834,0.049651757140429256,0.032834024355125425,-0.028601693366918274
69.22627980656996,0.016777164785840293,0.04966210454030576,0.03281515592434641,-0.028719296012277965
69.27422044355512,0.016406683128376932,0.04967217034973343,0.032795423720546016,-0.028835668651952702
69.32216108054027,0.016032528977540834,0.04968195017075521,0.03277478958965039,-0.028950649923636156
69.37010171752544,0.01565470010563412,0.04969143960541409,0.03275321537758565,-0.02906407846502214
69.4180423545106,0.015273194284959588,0.049700634255753016,0.032730662930277966,-0.029175792913804247
69.46598299149575,0.014888009287819696,0.04970952972381496,0.03270709409365348,-0.029285631907676184
69.51392362848092,0.014499142886516558,0.049718121611642886,0.0326824707136383,-0.029393434084331746
69.56186426546607,0.014106592853353101,0.04972640552127975,0.032656754636158615,-0.029499038081464517
69.60980490245123,0.013710356960631429,0.04973437705476853,0.03262990770714053,-0.02960228253676829
69.65774553943639,0.01331043298065412,0.04974203181415218,0.032601891772510196,-0.02970300608793674
69.70568617642155,0.012906818685723635,0.04974936540147368,0.032572668678193764,-0.029801047372663564
69.75362681340671,0.012499511848142433,0.049756373418775965,0.03254220027011736,-0.029896245028642476
69.80156745039187,0.012088510240212968,0.04976305146810203,0.03251044839420714,-0.02998843769356717
69.84950808737703,0.0116738116342377,0.04976939515149482,0.032477374896389244,-0.030077464005131352
69.89744872436219,0.011255413802519095,0.04977540007099732,0.032442941622589795,-0.03016316260102872
69.94538936134734,0.010833314517359728,0.04978106182865246,0.03240711041873497,-0.03024537211895296
69.99332999833251,0.010407511551061689,0.049786376026503244,0.032369843130750864,-0.030323931196597848
70.04127063531766,0.009978002675927935,0.04979133826659261,0.03233110160456367,-0.030398678471656993
70.08921127230282,0.009544785664260551,0.049795944150963535,0.032290847686099494,-0.030469452581824163
70.137151909288,0.009107858288361987,0.049800189281658976,0.03224904322128447,-0.03053609216479306
70.18509254627314,0.008667218320535096,0.0498040692607219,0.03220565005604478,-0.030598435858257327
70.2330331832583,0.008222863533081947,0.04980757969019528,0.03216063003630653,-0.030656322299910728
70.28097382024346,0.007774791698305129,0.049810716172122065,0.03211394500799588,-0.030709590127446944
70.32891445722862,0.007323000588507099,0.049813474308545234,0.032065556817038966,-0.03075807797855968
70.37685509421378,0.006867487975990313,0.04981584970150774,0.03201542730936192,-0.03080162449094264
70.42479573119894,0.006408251633057235,0.049817837953052564,0.0319635183308909,-0.030840068302289532
70.4727363681841,0.005945289332010327,0.049819434665222644,0.03190979172755203,-0.030873248050294046
70.52067700516926,0.005478598845152043,0.04982063544006097,0.03185420934527147,-0.030901002372649897
70.56861764215442,0.00500817794478484,0.04982143587961049,0.03179673302997535,-0.030923169907050782
70.61655827913958,0.004534024403211179,0.04982183158591418,0.03173732462758982,-0.03093958929119041
70.66449891612473,0.004056135992733665,0.049821818161015004,0.031675945984041026,-0.030950099162762472
70.71243955310989,0.0035745104856544693,0.04982139120695591,0.03161255894525508,-0.03095453815946069
70.76038019009506,0.0030891456542760497,0.049820546325779876,0.03154712535715813,-0.030952744918978755
70.80832082708021,0.0026000392709012964,0.04981927911952987,0.031479607065676374,-0.03094455807901037
70.85626146406537,0.002108300965823274,0.049817662635460246,0.031410412026121874,-0.03093091509760202
70.90420210105053,0.001621184518105717,0.049816199593698436,0.031342427263363684,-0.030918893132148198
70.95214273803569,0.0011399301778541458,0.04981497661950454,0.031276149470886506,-0.030909735907374395
71.00008337502085,0.0006644511558354789,0.049813988117616614,0.03121154462240943,-0.030903384089885598
71.04802401200601,0.00019466066281663563,0.049813228492772685,0.031148578691651566,-0.030899778346286808
71.09596464899117,-0.00026952809043546375,0.04981269214971081,0.031087217652332,-0.030898859343183017
71.14390528597633,-0.000728201893153901,0.04981237349316902,0.031027427478169837,-0.030900567747179218
71.19184592296149,-0.0011814475345717564,0.04981226692788537,0.03096917414288417,-0.030904844224880403
71.23978655994665,-0.0016293518039221108,0.049812366858597884,0.0309124236201941,-0.030911629442891567
71.2877271969318,-0.0020720014904379138,0.049812667690044624,0.03085714188381874,-0.030920864067817702
71.33566783391697,-0.0025094833833526385,0.04981316382696362,0.030803294907477144,-0.030932488766263807
71.38360847090213,-0.0029418842718989735,0.049813849674092935,0.03075084866488845,-0.03094644420483487
71.43154910788728,-0.003369290945310004,0.049814719636170596,0.03069976912977176,-0.030962671050135886
71.47948974487245,-0.003791790192819189,0.04981576811793464,0.03065002227584613,-0.030981109968771854
71.5274303818576,-0.004209468803659106,0.049816989524123126,0.03060157407683071,-0.031001701627347753
71.57537101884276,-0.004622413567063213,0.049818378259474085,0.030554390506444557,-0.031024386692468594
71.62331165582792,-0.005030711272264463,0.04981992872872556,0.030508437538406787,-0.031049105830739363
71.67125229281308,-0.005434448708495939,0.049821635336615606,0.03046368114643649,-0.03107579970876505
71.71919292979824,-0.005833712664990721,0.049823492487882245,0.030420087304252774,-0.03110440899315066
71.7671335667834,-0.006228589930981887,0.04982549458726354,0.03037762198557473,-0.031134874350501177
71.81507420376856,-0.006619167295702522,0.04982763603949754,0.030336251164121458,-0.031167136447421594
71.86301484075372,-0.007005531548385705,0.04982991124932226,0.030295940813612053,-0.031201135950516906
71.91095547773887,-0.007387769478264401,0.04983231462147577,0.030256656907765626,-0.031236813526392102
71.95889611472404,-0.007765967874572033,0.04983484056069609,0.030218365420301246,-0.0312741098416522
72.00683675170919,-0.008140213526541233,0.04983748347172129,0.03018103232493805,-0.031312965562902154
72.05477738869435,-0.008510593223405414,0.04984023775928938,0.030144623595395104,-0.03135332135674699
72.10271802567952,-0.008877193754397654,0.04984309782813843,0.0301091052053915,-0.031395117889791706
72.15065866266467,-0.009240101908750709,0.04984605808300647,0.03007444312864638,-0.03143829582864126
72.19859929964983,-0.009599404475697985,0.04984911292863154,0.030040603338878806,-0.03148279583990067
72.24653993663499,-0.009955188244472455,0.0498522567697517,0.030007551809807884,-0.03152855859017493
72.29448057362015,-0.010307540004307196,0.04985548401110498,0.029975254515152712,-0.03157552474606903
72.34242121060531,-0.010656546544435293,0.04985878905742942,0.02994367742863239,-0.03162363497418796
72.39036184759047,-0.011002294654089827,0.049862166313463074,0.02991278652396601,-0.03167282994113672
72.43830248457563,-0.011344871122503873,0.04986561018394398,0.02988254777487268,-0.031723050313520296
72.48624312156079,-0.01168436273891052,0.04986911507361018,0.029852927155071488,-0.031774236757943684
72.53418375854595,-0.012020856292542839,0.049872675387199715,0.029823890638281537,-0.03182632994101189
72.58212439553111,-0.012354438572633918,0.04987628552945063,0.029795404198221926,-0.03187927052932989
72.63006503251626,-0.01268519636841674,0.04987993990510097,0.02976743380861176,-0.03193299918950267
72.67800566950143,-0.013013216469124676,0.049883632918888775,0.029739945443170112,-0.03198745658813527
72.72594630648659,-0.013338585663990515,0.04988735897555209,0.0297129050756161,-0.032042583391832635
72.77388694347174,-0.013661390742247335,0.049891112479828956,0.029686278679668828,-0.03209832026719976
72.82182758045691,-0.013981718493128507,0.04989488783645742,0.02966003222904737,-0.03215460788084169
72.86976821744206,-0.014299655705866738,0.04989867945017552,0.029634131697470853,-0.03221138689936335
72.91770885442722,-0.014615289169695381,0.04990248172572131,0.029608543058658354,-0.032268597989369784
72.96564949141238,-0.014928705673847426,0.049906289067832815,0.029583232286328972,-0.032326181817465965
73.01359012839754,-0.01523999200755596,0.04991009588124809,0.029558165354201808,-0.03238407905025689
73.0615307653827,-0.015549234960054054,0.04991389657070518,0.029533308235995967,-0.03244223035434756
73.10947140236786,-0.015856521320574794,0.049917685540942114,0.02950862690543054,-0.03250057639634296
73.15741203935302,-0.01616193787835126,0.04992145719669695,0.029484087336224624,-0.03255905784284808
73.20535267633818,-0.016465571422616537,0.049925205942707725,0.02945965550209732,-0.03261761536046792
73.25329331332333,-0.016767508742603607,0.04992892618371248,0.02943529737676773,-0.032676189615807455
73.3012339503085,-0.017067836627545827,0.04993261232444927,0.02941097893395494,-0.03273472127547174
73.34917458729365,-0.017366641866675914,0.049936258769656114,0.029386666147378063,-0.032793151006065675
73.3971152242788,-0.017664011249227222,0.04993985992407108,0.029362324990756184,-0.03285141947419433
73.44505586126398,-0.017960031564432828,0.049943410192432196,0.029337921437808393,-0.03290946734646268
73.49299649824913,-0.01825478960152555,0.04994690397947751,0.02931342146225382,-0.03296723528947569
73.54093713523429,-0.01854837214973873,0.049950335689945065,0.02928879103781154,-0.03302466396983838
73.58887777221945,-0.01884086599830536,0.0499536997285729,0.02926399613820065,-0.033081694054155744
73.63681840920461,-0.019132357936458524,0.049956990500099066,0.029239002737140255,-0.03313826620903277
73.68475904618977,-0.019422934753431306,0.049960202409261606,0.029213776808349447,-0.03319432110107445
73.73269968317493,-0.019712683238456777,0.04996332986079855,0.029188284325547327,-0.03324979939688578
73.78064032016009,-0.02000169018076802,0.049966367259447954,0.029162491262452996,-0.033304641763071755
73.82858095714525,-0.020290042369598124,0.04996930900994786,0.02913636359278555,-0.03335878886623736
73.87652159413041,-0.020577826594180164,0.049972149517036296,0.02910986729026408,-0.03341218137298759
73.92446223111557,-0.02086512964374722,0.049974883185451326,0.029082968328607697,-0.03346475994992745
73.97240286810072,-0.021152038307532282,0.04997750441993098,0.029055632681535496,-0.03351646526366192
74.02034350508589,-0.021438639374768705,0.049980007625213305,0.029027826322766556,-0.03356723798079602
74.06828414207105,-0.021725019634689292,0.049982387206036344,0.028999515226019998,-0.033617018767934714
74.1162247790562,-0.022011265876527134,0.04998463756713814,0.02897066536501492,-0.03366574829168299
74.16416541604137,-0.02229746488951557,0.04998675311325673,0.028941242713470393,-0.033713367218645894
74.21210605302652,-0.02258370346288733,0.04998872824913017,0.028911213245105552,-0.03375981621542835
74.26004669001168,-0.022870068385875762,0.049990557379496495,0.028880542933639466,-0.0338050359486354
74.30798732699684,-0.023156646447713865,0.04999223490909375,0.028849197752791243,-0.03384896708487202
74.355927963982,-0.0234435244376347,0.04999375524265997,0.028817143676279987,-0.03389155029074321
74.40386860096716,-0.02373078914487136,0.04999511278493321,0.028784346677824785,-0.03393272623285395
74.45180923795232,-0.024018527358656925,0.04999630194065151,0.028750772731144743,-0.033972435577809254
74.49974987493748,-0.024306825868224476,0.0499973171145529,0.028716387809958954,-0.0340106189922141
74.54769051192264,-0.024595771462807094,0.04999815271137544,0.028681157887986516,-0.03404721714267349
74.59563114890778,-0.02488545093163777,0.04999880313585717,0.02864504893894654,-0.034082170695792405
74.64357178589296,-0.025175951063949847,0.04999926279273612,0.028608026936558093,-0.03411542031817587
74.69151242287812,-0.025467358648976143,0.04999952608675035,0.028570057854540306,-0.03414690667642884
74.73945305986327,-0.025759760475949738,0.049999587422637895,0.028531107666612272,-0.03417657043715633
74.78739369684844,-0.026053243334103984,0.0499994412051368,0.028491142346493054,-0.034204352266963334
74.83533433383359,-0.026347894012671604,0.049999081838985104,0.028450127867901805,-0.03423019283245483
74.88327497081875,-0.026643799300885937,0.049998503728920854,0.02840803020455758,-0.034254032800235826
74.9312156078039,-0.02694104598797998,0.04999770127968209,0.028364815330179493,-0.03427581283691132
74.97915624478907,-0.027239720863186816,0.04999666889600686,0.02832044921848664,-0.03429547360908629
75.02709688177423,-0.027538268374043526,0.04999533068500802,0.028275149875813407,-0.034313118308677094
75.07503751875939,-0.02782914175791611,0.049993364133709466,0.028230071626044035,-0.03432948018552337
75.12297815574455,-0.02811153652763247,0.04999074879756191,0.028185357328038885,-0.03434467627234275
75.17091879272971,-0.02838562261534014,0.049987506698346174,0.02814100161177701,-0.03435873004191993
75.21885942971487,-0.028651569953186653,0.04998365985784309,0.028096999107237466,-0.0343716649670396
75.26680006670003,-0.02890954847331955,0.04997923029783346,0.02805334444439932,-0.034383504520486455
75.31474070368517,-0.02915972810788628,0.049974240040098115,0.02801003225324164,-0.03439427217504519
75.36268134067035,-0.029402278789034605,0.04996871110641786,0.027967057163743446,-0.0344039914035005
75.41062197765551,-0.029637370448911838,0.04996266551857352,0.027924413805883837,-0.03441268567863707
75.45856261464066,-0.029865173019665514,0.049956125298345914,0.02788209680964187,-0.0344203784732396
75.50650325162582,-0.03008585643344331,0.04994911246751586,0.02784010080499658,-0.03442709326009278
75.55444388861098,-0.030299590622392684,0.04994164904786417,0.02779842042192704,-0.03443285351198131
75.60238452559614,-0.030506545518661173,0.04993375706117167,0.0277570502904123,-0.03443768270168989
75.6503251625813,-0.030706891054396307,0.04992545852921917,0.02771598504043143,-0.034441604302003194
75.69826579956646,-0.030900797161745628,0.049916775473787485,0.027675219301963486,-0.03444464178570593
75.74620643655162,-0.03108843377285666,0.04990772991665744,0.027634747704987524,-0.034446818625582784
75.79414707353678,-0.031269970819876945,0.04989834387960986,0.027594564879482607,-0.03444815829441846
75.84208771052194,-0.031445578234954,0.049888639384425545,0.02755466545542779,-0.03444868426499765
75.8900283475071,-0.031615425950235386,0.04987863845288532,0.027515044062802137,-0.03444842001010503
75.93796898449224,-0.03177968389786857,0.049868363106770015,0.027475695331584712,-0.034447389002525315
75.98590962147742,-0.03193852201000123,0.049857835367860426,0.027436613891754544,-0.03444561471504319
76.03385025846258,-0.03209211021878076,0.04984707725793738,0.027397794373290728,-0.03444312062044334
76.08179089544772,-0.0322406184563547,0.04983611079878171,0.027359231406172316,-0.03443993019151048
76.1297315324329,-0.03238421665487071,0.04982495801217421,0.027320919620378338,-0.03443606690102929
76.17767216941805,-0.03252307474647615,0.04981364091989571,0.027282853645887895,-0.034431554221784455
76.2256128064032,-0.032657362663318694,0.04980218154372702,0.02724502811268002,-0.034426415626560694
76.27355344338838,-0.03278725033754585,0.04979060190544897,0.027207437650733763,-0.03442067458814267
76.32149408037353,-0.03291290770130505,0.04977892402684237,0.02717007689002822,-0.034414354579315104
76.36943471735869,-0.033034504686743946,0.04976716992968804,0.027132940460542414,-0.03440747907286267
76.41737535434385,-0.03315221122601003,0.04975536163576679,0.02709602299225542,-0.03440007154157008
76.465315991329,-0.03326619725125082,0.049743521166859456,0.027059319115146294,-0.03439215545822201
76.51325662831417,-0.03337663269461388,0.04973167054474684,0.027022823459194097,-0.03438375429560316
76.56119726529931,-0.033483687488246684,0.04971983179120976,0.026986530654377897,-0.03437489152649823
76.60913790228449,-0.033587531564296884,0.04970802692802904,0.026950435330676724,-0.034365590623691905
76.65707853926965,-0.0336883348549119,0.04969627797698549,0.02691453211806966,-0.034355875059968885
76.7050191762548,-0.033786267292239276,0.04968460695985994,0.026878815646535773,-0.03434576830811386
76.75295981323997,-0.03388149880842663,0.04967303589843319,0.026843280546054085,-0.034335293840911524
76.80090045022511,-0.03397419933562139,0.04966158681448608,0.0268079214466037,-0.034324475131146566
76.84884108721027,-0.034064538805971156,0.04965028172979941,0.026772732978163644,-0.034313335651603695
76.89678172419544,-0.03415268715162345,0.049639142666154004,0.02673770977071299,-0.03430189887506759
76.9447223611806,-0.0342388143047258,0.04962819164533069,0.02670284645423079,-0.034290188274322946
76.99266299816576,-0.03432309019742574,0.04961745068911026,0.026668137658696113,-0.034278227322154464
77.04060363515092,-0.03440568476187081,0.04960694181927355,0.026633578014088007,-0.034266039491346836
77.08854427213608,-0.03448676793020853,0.04959668705760138,0.02659916215038554,-0.03425364825468475
77.13648490912124,-0.03456650963458644,0.049586708425874565,0.026564884697567764,-0.0342410770849529
77.1844255461064,-0.034645079807152084,0.04957702794587392,0.02653074028561374,-0.034228349454936
77.23236618309156,-0.034722648380052984,0.04956766763938026,0.026496723544502533,-0.034215488837418706
77.2803068200767,-0.03479938528543664,0.0495586495281744,0.026462829104213208,-0.034202518705185744
77.32824745706188,-0.034875460455450674,0.04954999563403717,0.026429051594724785,-0.034189462531021786
77.37618809404704,-0.03495104382224255,0.04954172797874938,0.026395385646016366,-0.03417634378771155
77.42412873103218,-0.0350263053179598,0.04953386858409185,0.026361825888067007,-0.03416318594803971
77.47206936801736,-0.03510141487475001,0.049526439471845395,0.02632836695085573,-0.03415001248479096
77.5200100050025,-0.03517654242476065,0.049519462663790835,0.02629500346436164,-0.034136846870750005
77.56795064198766,-0.03525185790013929,0.04951296018170898,0.02626173005856377,-0.034123712578701525
77.61589127897284,-0.03532753123303349,0.04950695404738067,0.026228541363441167,-0.034110633081430225
77.66383191595799,-0.0354037323555907,0.0495014662825867,0.026195432008972928,-0.0340976318517208
77.71177255294315,-0.035480631199958534,0.04949651890910789,0.026162396625138085,-0.034084732362357935
77.7597131899283,-0.03555839769828449,0.049492133948725064,0.026129429841915696,-0.03407195808612632
77.80765382691347,-0.035637201782716114,0.049488333423219046,0.026096526289284834,-0.03405933249581067
77.85559446389863,-0.03571721338540093,0.04948513935437064,0.026063680597224546,-0.03404687906419566
77.90353510088377,-0.035798602438486454,0.04948257376396068,0.026030887395713905,-0.034034621264065985
77.95147573786895,-0.03588153887412028,0.049480658673769974,0.025998141314731944,-0.03402258256820634
77.9994163748541,-0.03596619262444989,0.04947941610557933,0.025965436984257746,-0.03401078644940143
78.04735701183925,-0.0360527336216228,0.04947886808116958,0.025932769034270373,-0.03399925638043593
78.09529764882443,-0.03614133179778663,0.04947903662232154,0.025900132094748854,-0.03398801583409455
78.14323828580957,-0.036232157085088805,0.04947994375081602,0.02586752079567229,-0.033977088283161976
78.19117892279473,-0.03632537941567693,0.04948161148843384,0.025834929767019704,-0.0339664972004229
78.2391195597799,-0.036421168721698524,0.04948406185695582,0.02580235363877017,-0.03395626605866202
78.28706019676505,-0.03651969493530112,0.04948731687816279,0.025769787040902745,-0.03394641833066403
78.33500083375021,-0.03662112798863225,0.04949139857383554,0.025737224603396485,-0.033936977489213614
78.38294147073537,-0.03672563781383944,0.04949632896575491,0.025704660956230457,-0.03392796700709548
78.43088210772054,-0.03683339434307023,0.04950213007570172,0.025672090729383715,-0.033919410357094316
78.4788227447057,-0.03694456750847216,0.049508823925456774,0.025639508552835314,-0.03391133101199481
78.52676338169086,-0.03705932724219275,0.049516432536800895,0.025606909056564323,-0.033903752444581665
78.57470401867602,-0.037177843476379535,0.049524977931514905,0.025574286870549794,-0.03389669812763957
78.62264465566118,-0.03730028614318007,0.049534482131379606,0.025541636624770783,-0.03389019153395322
78.67058529264634,-0.037426825174741864,0.049544967158175836,0.025508952949206357,-0.03388425613630731
78.7185259296315,-0.03755763050321245,0.0495564550336844,0.02547623047383557,-0.03387891540748652
78.76646656661664,-0.037692872060739346,0.04956896777968612,0.02544346382863749,-0.03387419282027557
78.81440720360182,-0.037832719779470184,0.04958252741796181,0.025410647643591154,-0.033870111847459125
78.86234784058696,-0.03797734359155234,0.049597155970292295,0.02537777654867565,-0.033866695961821895
78.91028847757212,-0.03812691342913348,0.04961287545845839,0.025344845173870013,-0.03386396863614858
78.95822911455728,-0.03828159922436109,0.049629707904240906,0.025311848149153313,-0.03386195334322386
79.00616975154244,-0.038441570909382695,0.04964767532942067,0.025278780104504607,-0.03386067355583243
79.0541103885276,-0.03860699841634584,0.04966679975577849,0.025245635669902948,-0.033860152746759
79.10205102551276,-0.03877805167739806,0.0496871032050952,0.025212409475327408,-0.033860414388788236
79.14999166249792,-0.03895490062468689,0.04970860769915161,0.025179096150757037,-0.033861481954704856
79.19793229948309,-0.039134489104886615,0.04973033055085022,0.02514546527379782,-0.03386248462833713
79.24587293646823,-0.03930598252016059,0.049748895642733146,0.025110753995503866,-0.0338604115514643
79.2938135734534,-0.03946867949451684,0.04976411617109113,0.02507491812987102,-0.03385507952649856
79.34175421043857,-0.03962279724754935,0.04977609269978281,0.025037978024355267,-0.03384656071309129
79.38969484742371,-0.03976855299885228,0.049784925792666836,0.02499995402641258,-0.03383492727089382
79.43763548440889,-0.039906163968019874,0.04979071601360187,0.024960866483498885,-0.033820251359557504
79.48557612139403,-0.04003584737464612,0.04979356392644655,0.02492073574307019,-0.03380260513873369
79.53351675837919,-0.040157820438325276,0.04979357009505954,0.024879582152582434,-0.03378206076807374
79.58145739536437,-0.04027230037865147,0.04979083508329948,0.024837426059491567,-0.03375869040722899
79.62939803234951,-0.04037950441521874,0.04978545945502502,0.024794287811253594,-0.03373256621585081
79.67733866933467,-0.04047964976762131,0.049777543774094817,0.02475018775532445,-0.03370376035359054
79.72527930631983,-0.040572953655453305,0.04976718860436751,0.024705146239160095,-0.03367234498009952
79.773219943305,-0.04065963329830885,0.049754494509701756,0.024659183610216507,-0.03363839225502911
79.82116058029015,-0.04073990591578209,0.04973956205395621,0.024612320215949647,-0.03360197433803067
79.86910121727531,-0.04081398872746715,0.04972249180098951,0.024564576403815475,-0.03356316338875554
79.91704185426048,-0.04088209895295818,0.049703384314660315,0.024515972521269958,-0.03352203156685507
79.96498249124564,-0.040944453811849316,0.049682340158827276,0.024466528915769056,-0.03347865103198062
80.0129231282308,-0.041001270523734694,0.04965945989734904,0.024416265934768734,-0.03343309394378353
80.06086376521596,-0.04105276630820845,0.04963484409408425,0.02436520392572496,-0.03338543246191516
80.1088044022011,-0.0410991583848647,0.04960859331289158,0.024313363236093708,-0.03333573874602686
80.15674503918626,-0.041140663973297624,0.04958080811762965,0.024260764213330913,-0.033284084955769976
80.20468567617142,-0.04117750029310134,0.04955158907215712,0.024207427204892554,-0.03323054325079586
80.25262631315658,-0.04120988456386998,0.04952103674033265,0.024153372558234597,-0.03317518579075586
80.30056695014174,-0.04123803400519768,0.04948925168601488,0.024098620620813003,-0.03311808473530132
80.3485075871269,-0.041262165836678605,0.04945633447306247,0.024043191740083736,-0.03305931224408361
80.39644822411206,-0.04128249727790685,0.04942238566533406,0.02398710626350276,-0.03299894047675407
80.44438886109722,-0.04129924554847658,0.0493875058266883,0.023930384538526042,-0.03293704159296405
80.49232949808238,-0.04131262786798192,0.04935179552098384,0.02387304691260954,-0.032873687752364905
80.54027013506754,-0.041322861456017025,0.04931535531207935,0.023815113733209218,-0.032808951114607986
80.58821077205269,-0.04133016353217601,0.04927828576383347,0.023756605347781068,-0.03274290383934466
80.63615140903786,-0.04133475131605303,0.04924068744010481,0.023697542103780986,-0.03267561808622622
80.68409204602303,-0.04133684202724221,0.04920266090475208,0.023637944348665,-0.03260716601490407
80.73203268300817,-0.041336652885337694,0.04916430672163391,0.02357783242988907,-0.032537619785029566
80.77997331999335,-0.04133440110993362,0.04912572545460892,0.0235172266949091,-0.032467051556254005
80.82791395697849,-0.04133030392062412,0.049087017667535815,0.023456147491181138,-0.03239553348822881
80.87585459396365,-0.041324578537003345,0.0490482839242732,0.023394615166161082,-0.03232313774060527
80.92379523094883,-0.04131744217866541,0.04900962478867971,0.0233326500673049,-0.03224993647303475
80.97173586793397,-0.04130911206520447,0.04897114082461407,0.02327027254206862,-0.032176001845168646
81.01967650491913,-0.04129980541621466,0.04893293259593487,0.023207502937908134,-0.03210140601665826
81.0676171419043,-0.04128973945129011,0.048895100666500775,0.023144361602279437,-0.03202622114715495
81.11555777888945,-0.041279131390024974,0.048857745600170435,0.023080868882638488,-0.031950519396310065
81.16349841587461,-0.04126819845201337,0.0488209679608025,0.023017045126441246,-0.031874372923774964
81.21143905285977,-0.04125715785684944,0.04878486831225562,0.022952910681143687,-0.031797853889201005
81.25937968984493,-0.04124622682412734,0.04874954721838845,0.02288848589420176,-0.03172103445223953
81.3073203268301,-0.04123562257344118,0.04871510524305963,0.02282379111307144,-0.0316439867725419
81.35526096381524,-0.041225562324385116,0.04868164295012783,0.02275884668520871,-0.03156678300975947
81.40320160080041,-0.04121626329655327,0.04864926090345166,0.022693672958069466,-0.03148949532354353
81.45114223778556,-0.041207942709539806,0.048618059666889826,0.02262829027910976,-0.03141219587354553
81.49908287477072,-0.04120081778293883,0.04858813980430093,0.02256271899578549,-0.03133495681941675
81.5470235117559,-0.0411951057363445,0.04855960187954363,0.022496979455552624,-0.03125785032080852
81.59496414874104,-0.041191023789350946,0.048532546456476616,0.022431092005867185,-0.03118094853737229
81.6429047857262,-0.04118878916155231,0.048507074098958484,0.022365076994185072,-0.031104323628759326
81.69084542271136,-0.041188619072542725,0.048483285370847916,0.022298954767962273,-0.031028047754621004
81.73878605969652,-0.04119073074191632,0.048461280836003554,0.022232745674654757,-0.030952193074608676
81.78672669668168,-0.04119534138926726,0.048441161058284055,0.022166470061718475,-0.030876831748373693
81.83466733366684,-0.04120266823418965,0.048423026601548055,0.022100148276609402,-0.030802035935567403
81.882607970652,-0.041212928496277654,0.04840697802965422,0.0220338006667835,-0.030727877795841158
81.93054860763716,-0.04122633939512539,0.048393115906461184,0.021967447579696726,-0.03065442948884631
81.97848924462232,-0.041243118150327,0.04838154079582761,0.02190110936280505,-0.030581763174234205
82.02642988160748,-0.04126348198147664,0.04837235326161215,0.021834806363564434,-0.0305099510116562
82.07437051859263,-0.041287648108168415,0.04836565386767344,0.02176855892943086,-0.030439065160763668
82.1223111555778,-0.04131583374999649,0.048361543177870135,0.021702387407860235,-0.030369177781207894
82.17025179256295,-0.04134825612655499,0.04836012175606089,0.021636312146308602,-0.03030036103264031
82.21819242954811,-0.04138513245743805,0.04836149016610436,0.021570353492231863,-0.030232687074712203
82.26613306653329,-0.04142667996223983,0.048365748971859183,0.021504531793085986,-0.030166228067074932
82.31407370351843,-0.041473115860554424,0.04837299873718401,0.02143886739632699,-0.030101056169379903
82.36201434050359,-0.04152465737197601,0.0483833400259375,0.02137338064941078,-0.030037243541278402
82.40995497748875,-0.041581521716098704,0.04839687340197829,0.021308091899793342,-0.029974862342421808
82.45789561447391,-0.041643926112516653,0.04841369942916504,0.021243021494930635,-0.02991398473246147
82.50583625145907,-0.04171208778082399,0.04843391867135641,0.02117818978227863,-0.02985468287104874
82.55377688844422,-0.04178622394061484,0.048457631692411025,0.0211136171092933,-0.02979702891783498
82.6017175254294,-0.041866551811483396,0.04848493905618756,0.02104932382343056,-0.029741095032471496
82.64965816241455,-0.04195328861302373,0.04851594132654465,0.020985330272146434,-0.029686953374609686
82.6975987993997,-0.04204665156482998,0.04855073906734094,0.020921656802896874,-0.0296346761039009
82.74553943638487,-0.04214685788649635,0.04858943284243511,0.020858323763137798,-0.029584335379996444
82.79348007337002,-0.042254124797616886,0.04863212321568577,0.020795351500325236,-0.02953600336254772
82.84142071035518,-0.0423686695177858,0.04867891075095159,0.020732760361915098,-0.029489752211206047
82.88936134734035,-0.042490709266597246,0.048729896012091246,0.020670570695363356,-0.029445654085622778
82.9373019843255,-0.04262046126364524,0.04878517956296333,0.020608802848126016,-0.029403781145449295
82.98524262131066,-0.04275814272852404,0.04884486196742653,0.020547477167658996,-0.029364205550336912
83.03318325829582,-0.04290397088082774,0.048909043789339496,0.02048661400141828,-0.02932699945993699
83.08112389528098,-0.04305816294015048,0.04897782559256087,0.020426233696859822,-0.02929223503390089
83.12906453226614,-0.04322093612608639,0.04905130794094929,0.02036635660143959,-0.02925998443187995
83.1770051692513,-0.04339250765822962,0.04912959139836344,0.020307003062613554,-0.029230319813525526
83.22494580623646,-0.0435730947561743,0.04921277652866195,0.02024819342783767,-0.02920331333848897
83.27288644322162,-0.04376291463951457,0.04930096389570346,0.020189948044567904,-0.029179037166421635
83.32082708020678,-0.043962184527844575,0.04939425406334664,0.020132287260260225,-0.02915756345697487
83.36876771719194,-0.04416410721199076,0.049488354883951625,0.020074289125322275,-0.029136007945653915
83.41670835417709,-0.044351212585339375,0.049572328208450735,0.020013611901896305,-0.029107024883904275
83.46464899116226,-0.04452304727389613,0.049645928758760144,0.019950213263046773,-0.029070476166163234
83.51258962814741,-0.04468003400423184,0.049709460755680036,0.019884168888994157,-0.029026593773879818
83.56053026513257,-0.044822595502917686,0.04976322842001078,0.019815554459958813,-0.028975609688503
83.60847090211773,-0.04495115449652463,0.049807535972552636,0.019744445656161177,-0.028917755891481784
83.65641153910289,-0.0450661337116237,0.04984268763410588,0.01967091815782165,-0.028853264364265174
83.70435217608805,-0.04516795587478591,0.049868987625470824,0.01959504764516065,-0.02878236708830216
83.75229281307321,-0.04525704371258231,0.04988674016744774,0.019516909798398593,-0.028705296045041746
83.80023345005837,-0.045333819951583885,0.04989624948083693,0.01943658029775588,-0.02862228321593293
83.84817408704353,-0.04539870731836169,0.04989781978643867,0.01935413482345293,-0.028533560582424705
83.89611472402869,-0.04545212853948672,0.04989175530505325,0.019269649055710145,-0.02843936012596607
83.94405536101385,-0.045494506341530024,0.04987836025748097,0.019183198674747944,-0.028339913828006026
83.99199599799901,-0.0455262634510626,0.04985793886452211,0.019094859360786733,-0.028235453669993568
84.03993663498416,-0.045547822594655486,0.049830795346976965,0.019004706794046953,-0.028126211633377727
84.08787727196933,-0.04555960649887971,0.049797233925645806,0.018912816654748938,-0.028012419699607403
84.13581790895448,-0.04556203789030629,0.04975755882132896,0.018819264623113202,-0.027894309850131728
84.18375854593964,-0.04555553949550623,0.04971207425482667,0.018724126379360075,-0.027772114066399598
84.23169918292481,-0.04554053404105058,0.04966108444693924,0.018627477603709967,-0.027646064329860005
84.27963981990996,-0.04551744425351035,0.04960489361846699,0.018529393976383375,-0.027516392621962062
84.32758045689512,-0.04548669285945657,0.04954380599021017,0.018429951177600625,-0.027383330924154653
84.37552109388028,-0.04544870258546024,0.04947812578296907,0.018329224887582162,-0.027247111217886814
84.42346173086544,-0.04540389615809241,0.049408157217544,0.018227290786548386,-0.027107965484607543
84.4714023678506,-0.04535269630392409,0.04933420451473524,0.018124224554719716,-0.026966125705765835
84.51934300483576,-0.04529552574952631,0.04925657189534307,0.018020101872316556,-0.026821823862810693
84.56728364182092,-0.04523280722147008,0.049175563580167794,0.017914998419559326,-0.026675291937191106
84.61522427880608,-0.04516496344632644,0.04909148379000969,0.017808989876668433,-0.026526761910356085
84.66316491579124,-0.045092417150666385,0.04900463674566905,0.01770215192386429,-0.026376465763754617
84.7111055527764,-0.04501559106106097,0.048915326667946166,0.017594560241367307,-0.026224635478835703
84.75904618976155,-0.04493490790408123,0.04882385777764135,0.01748629050939792,-0.026071503037048385
84.80698682674671,-0.04485079040629812,0.048730534295554837,0.017377418408176488,-0.025917300419841575
84.85492746373188,-0.04476366129428269,0.04863566044248692,0.017268019617923416,-0.025762259608664267
84.90286810071703,-0.044673943294606035,0.04853954043923796,0.01715816981885921,-0.025606612584965594
84.95080873770219,-0.044582059133839086,0.048442478506608176,0.017047944691204193,-0.025450591330194422
84.99874937468735,-0.0444884315385529,0.04834477886539787,0.016937419915178796,-0.02529442782579979
85.04669001167251,-0.04439348323531849,0.04824674573640734,0.01682667117100344,-0.025138354053230696
85.09463064865767,-0.044297636950706896,0.04814868334043687,0.016715774138898527,-0.024982601993936142
85.14257128564283,-0.04420131541128914,0.04805089589828676,0.016604804499084476,-0.02482740362936512
85.19051192262799,-0.044104941343636225,0.04795368763075728,0.016493837931781694,-0.02467299094096663
85.23845255961315,-0.04400893747431918,0.047857362758648735,0.0163829501172106,-0.024519595910189672
85.28639319659831,-0.04391372652990905,0.04776222550276141,0.016272216735591594,-0.024367450518483245
85.33433383358347,-0.043819731236976835,0.04766858008389559,0.01616171346714509,-0.02421678674729634
85.38227447056862,-0.04372737432209359,0.04757673072285159,0.016051515992091536,-0.024067836578078004
85.43021510755379,-0.043637078511830255,0.047486981640429624,0.015941699990651245,-0.023920831992277104
85.47815574453894,-0.043549266532757966,0.04739963705743008,0.015832341143044753,-0.023776004971342808
85.5260963815241,-0.04346436111144766,0.04731500119465317,0.015723515129492376,-0.023633587496723986
85.57403701850927,-0.04338278497447037,0.047233378272899196,0.015615297630214532,-0.02349381154986964
85.62197765549442,-0.04330496084839718,0.04715507251296851,0.01550776432543172,-0.023356909112228888
85.66991829247958,-0.04323131145979905,0.047080388135661316,0.015400990895364257,-0.023223112165250605
85.71785892946474,-0.04316225953524702,0.047009629361777945,0.015295053020232586,-0.023092652690383835
85.7657995664499,-0.04309822780131212,0.046943100412118674,0.01519002638025712,-0.022965762669077565
85.81374020343506,-0.04303963898456537,0.0468811055074838,0.01508598665565827,-0.022842674082780807
85.86168084042022,-0.042986915811577785,0.04682394886867361,0.014983009526656446,-0.022723618912942545
85.90962147740538,-0.042940481008920395,0.04677193471648839,0.014881170673472057,-0.02260882914101179
85.95756211439054,-0.04290075730316423,0.046725367271728435,0.014780545776325517,-0.022498536748437527
86.00550275137569,-0.0428681674208803,0.04668455075519404,0.014681210515437268,-0.022392973716668794
86.05344338836086,-0.04284313408863963,0.04664978938768545,0.014583240571027629,-0.02229237202715449
86.10138402534601,-0.04282608003301325,0.046621387390003016,0.014486711623317133,-0.022196963661343737
86.14932466233117,-0.04281742798057217,0.04659964898294699,0.0143916993525261,-0.022106980600685448
86.19726529931634,-0.04281760065788743,0.04658487838731766,0.01429827943887494,-0.022022654826628615
86.24520593630149,-0.04282702079153003,0.04657737982391533,0.014206527562584151,-0.021944218320622315
86.29314657328665,-0.04284611110807101,0.04657745751354028,0.014116519403874062,-0.02187190306411548
86.34108721027181,-0.04287529433408139,0.0465854156769928,0.01402833064296511,-0.02180594103855712
86.38902784725697,-0.0429149931961322,0.04660155853507318,0.013942036960077706,-0.021746564225396243
86.43696848424213,-0.04296563042079444,0.046626190308581714,0.013857714035432267,-0.02169400460608184
86.48490912122729,-0.04302762873463916,0.04665961521831868,0.013775437549249193,-0.021648494162062916
86.53284975821245,-0.04310141086423736,0.046702137485084366,0.013695283181748901,-0.021610264874788458
86.58079039519761,-0.043187399536160076,0.04675406132967907,0.013617326613151803,-0.02157954872570747
86.62873103218277,-0.04328601747697833,0.04681569097290307,0.01354164352367831,-0.021556577696268953
86.67667166916793,-0.04339768741326314,0.046887330635556675,0.013468309593548835,-0.0215415837679219
86.72461230615308,-0.04352283207158549,0.046969284538440126,0.013397400502983799,-0.021534798922115312
86.77255294313825,-0.04366187417851653,0.0470618569023538,0.013328991932203566,-0.021536455140298182
86.82049358012341,-0.04381523646062715,0.04716535194809791,0.0132631595614286,-0.021546784403919512
86.86843421710856,-0.04398334164448837,0.04728007389647273,0.013199979070879312,-0.021566018694428292
86.91637485409373,-0.04416661245667136,0.04740632696827866,0.013139526140776058,-0.02159438999327354
86.96431549107888,-0.04436547162374694,0.04754441538431582,0.013081876451339325,-0.02163213028190422
87.01225612806404,-0.044580341872286294,0.047694643365384655,0.013027105682789463,-0.02167947154176936
87.0601967650492,-0.044811645928860375,0.047857315132285375,0.012975289515346905,-0.02173664575431795
87.10813740203436,-0.04505980652004023,0.048032734905818296,0.012926503629232063,-0.021803884900998986
87.15607803901952,-0.04532524637239687,0.04822120690678369,0.012880823704665348,-0.021881420963261466
87.20401867600468,-0.04560838821250132,0.04842303535598185,0.012838325421867169,-0.021969485922554387
87.25195931298984,-0.045909654766924594,0.048638524474213074,0.01279908446105794,-0.022068311760326746
87.299899949975,-0.04622946876223773,0.04886797848227764,0.012763176502458073,-0.022178130458027544
87.34784058696015,-0.04656825292501163,0.04911170160097577,0.012730677226287984,-0.022299173997105744
87.39578122394532,-0.04692642998181765,0.04936999805110796,0.012701662312768059,-0.022431674359010445
87.44372186093047,-0.04730442265922635,0.04964317205347422,0.012676207442118741,-0.022575863525190497
87.49166249791563,-0.04770265368380913,0.049931527828875055,0.01265438829456042,-0.02273197347709502
87.5396031349008,-0.04810204879285607,0.050219507240773606,0.012631094273166416,-0.022888049117318312
87.58754377188595,-0.04846655847288366,0.050477800864979584,0.012596797284986876,-0.02302158361201019
87.63548440887111,-0.04879629163886836,0.05070656401334123,0.012551664959124858,-0.023132718531412005
87.68342504585627,-0.049092224126474675,0.05090665784598245,0.012496096417840151,-0.023222137871892323
87.73136568284143,-0.04935533177136723,0.05107894352302729,0.01243049078339254,-0.023290525629819762
87.77930631982659,-0.04958659040921064,0.05122428220459977,0.01235524717804181,-0.023338565801562936
87.82724695681175,-0.049786975875669534,0.051343535050823896,0.012270764724047744,-0.023366942383490456
87.87518759379691,-0.04995746400640854,0.05143756322182368,0.012177442543670126,-0.023376339371970943
87.92312823078207,-0.050099030637092264,0.05150722787772316,0.01207567975916874,-0.023367440763373007
87.97106886776723,-0.05021265160338533,0.05155339017864635,0.011965875492803372,-0.023340930554065262
88.01900950475239,-0.05029930274095237,0.05157691128471725,0.011848428866833802,-0.023297492740416325
88.06695014173754,-0.05035995988545799,0.051578652356059906,0.011723739003519855,-0.023237811318794828
88.11489077872271,-0.050395598872566845,0.051559474552798315,0.0115922050251212,-0.023162570285569326
88.16283141570787,-0.05040719553794352,0.05152023903505651,0.011454226053897733,-0.023072453637108494
88.21077205269302,-0.050395725717252655,0.051461806962958524,0.01131020121210925,-0.02296814536978096
88.25871268967818,-0.050362165246158865,0.051385039496628336,0.011160529622015442,-0.022850329479955276
88.30665332666334,-0.05030748996032677,0.05129079779618998,0.011005610405876137,-0.022719689964000082
88.3545939636485,-0.050232675695421,0.05117994302176748,0.01084584268595112,-0.022576910818283995
88.40253460063366,-0.05013869828710617,0.05105333633348486,0.010681625584500176,-0.02242267603917563
88.45047523761882,-0.050026533571046895,0.05091183889146612,0.010513358223783086,-0.0222576696230436
88.49841587460398,-0.049897157382907814,0.0507563118558353,0.010341439726059637,-0.02208257556625652
88.54635651158914,-0.04975154555835353,0.0505876163867164,0.01016626921358961,-0.021898077865183004
88.5942971485743,-0.049590673933048675,0.05040661364423344,0.00998824580863279,-0.02170486051619167
88.64223778555946,-0.049415518342657866,0.05021416478851046,0.009807768633448965,-0.021503607515651127
88.6901784225446,-0.049227054622845795,0.05001113097967151,0.009625236810297966,-0.02129500285993005
88.73811905952978,-0.04902625860927689,0.049798373377840446,0.00944104946143942,-0.02107973054539688
88.78605969651494,-0.048814106137615956,0.049576753143141465,0.00925560570913327,-0.0208584745684204
88.83400033350009,-0.048591573043527625,0.04934713143569859,0.009069304675639303,-0.02063191892536924
88.88194097048526,-0.048359635162676315,0.04911036941563563,0.008882545483217139,-0.02040074761261181
88.9298816074704,-0.048119268330726925,0.048867328243076893,0.008695727254126777,-0.020165644626516994
88.97782224445557,-0.04787144838334387,0.04861886907814618,0.00850924911062784,-0.019927293963453205
89.02576288144073,-0.04761715115619182,0.04836585308096758,0.008323510174980168,-0.019686379619789127
89.07370351842589,-0.047357352484935424,0.048109141411665106,0.00813890956944354,-0.01944358559189337
89.12164415541105,-0.04709302820523928,0.047849595230362786,0.007955846416277747,-0.019199595876134547
89.16958479239621,-0.046825154152768035,0.04758807569718463,0.0077747198377425665,-0.01895509446888128
89.21752542938137,-0.046554706163186285,0.04732544397225467,0.007595928956097785,-0.018710765366502173
89.26546606636653,-0.04628266007215867,0.0470625612156969,0.0074198728936031855,-0.018467292565365848
89.31340670335169,-0.0460099917153498,0.046800288587635366,0.007246950772518554,-0.018225360061840917
89.36134734033685,-0.04573767692842431,0.046539487248194074,0.007077561715103672,-0.01798565185229599
89.409287977322,-0.04546669154704689,0.046281018357497115,0.006912104843618374,-0.017748851933099764
89.45722861430716,-0.045198011406882,0.046025743075668354,0.006750979280322344,-0.0175156443006207
89.50516925129233,-0.04493261234359426,0.04577452256283183,0.006594584147475373,-0.01728671295122742
89.55310988827748,-0.04467147019284854,0.04552821797911176,0.006443318567337377,-0.01706274188128874
89.60105052526264,-0.04441556079030923,0.045287690484631944,0.006297581662168007,-0.016844415087173076
89.6489911622478,-0.044165859971641006,0.045053801239516494,0.006157772554227092,-0.0166324165652491
89.69693179923296,-0.0439233435725085,0.04482741140388941,0.006024290365774414,-0.016427430311885437
89.74487243621812,-0.04368898742857636,0.04460938213787472,0.00589753421906976,-0.0162301403234507
89.79281307320328,-0.04346376737550918,0.04440057460159644,0.00577790323637291,-0.016041230596313495
89.84075371018844,-0.043248659248971574,0.04420184995517858,0.005665796539943652,-0.015861385126842445
89.8886943471736,-0.04304463888462817,0.04401406935874517,0.005561613252041768,-0.015691287911406164
89.93663498415876,-0.042852682118143616,0.043838093972420215,0.005465752494927041,-0.015531622946373263
89.98457562114392,-0.042673764785182505,0.04367478495632776,0.005378613390859258,-0.015383074228112349
90.03251625812906,-0.04250886272140951,0.04352500347059185,0.005300595062098222,-0.015246325752992097
90.08045689511424,-0.042358951762489105,0.043389610675336365,0.005232096630903652,-0.015122061517380977
90.1283975320994,-0.042225007744086086,0.04326946773068546,0.0051735172195353975,-0.015010965517647742
90.17633816908454,-0.04210800650186504,0.043165435796763144,0.005125255950253235,-0.01491372175016099
90.22427880606972,-0.04200892387149047,0.04307837603369334,0.005087711945316908,-0.014831014211289243
90.27221944305487,-0.04192873568862714,0.043009149601600176,0.005061284326986246,-0.014763526897401232
90.32016008004003,-0.041868417788939585,0.042958617660607615,0.005046372217521006,-0.014711943804865488
90.36810071702519,-0.04182894600809245,0.04292764137083967,0.005043374739180977,-0.01467694893005065
90.41604135401035,-0.04181129618175036,0.042917081892420376,0.005052691014225946,-0.01465922626932534
90.4639819909955,-0.04181644414557795,0.042927800385473766,0.005074720164915697,-0.014659459819058172
90.51192262798067,-0.041845365735239816,0.04296065801012383,0.005109861313510014,-0.014678333575617757
90.55986326496583,-0.0418990367864006,0.043016515926494595,0.005158513582268681,-0.014716531535372706
90.60780390195099,-0.04197843313472489,0.0430962352947101,0.00522107609345148,-0.014774737694691634
90.65574453893613,-0.04208453061587733,0.04320067727489429,0.005297947969318172,-0.01485363604994313
90.70368517592131,-0.0422183050655226,0.04333070302717132,0.005389528332128616,-0.0149539105974959
90.75162581290645,-0.04238073231932518,0.04348717371166505,0.005496216304142485,-0.015076245333718416
90.79956644989161,-0.04257278821294981,0.043670950488499616,0.0056184110076196525,-0.015221324254979414
90.84750708687679,-0.04279544858206117,0.04388289451779906,0.005756511564819919,-0.015389831357647519
90.89544772386193,-0.04304968926232363,0.0441238669596872,0.005910917098002935,-0.015582450638091175
90.9433883608471,-0.043336486089402056,0.04439472897428827,0.006082026729428615,-0.015799866092679173
90.99132899783226,-0.04365681489896097,0.044696341721726214,0.006270239581356699,-0.01604276171778007
91.03926963481742,-0.04401165152666503,0.045029566362125045,0.006475954776046973,-0.016311821509762476
91.08721027180258,-0.04440197180817882,0.045395264055608786,0.00669957143575922,-0.016607729464995006
91.13515090878774,-0.044828751579166985,0.04579429596230145,0.006941488682753223,-0.016931169579846278
91.1830915457729,-0.045292966675294144,0.046227523242327054,0.007202105639288768,-0.017282825850684903
91.23103218275806,-0.045795592932224904,0.04669580705580962,0.007481821427625638,-0.017663382273879497
91.27897281974322,-0.046337606185623895,0.047200008562873194,0.007781035170023615,-0.018073522845798672
91.32691345672838,-0.04691998227115576,0.047740988923641745,0.008100145988742487,-0.01851393156281105
91.37485409371352,-0.04754369702448488,0.04831960929823914,0.008439553006041932,-0.018985292421285094
91.4227947306987,-0.04820972628127651,0.04893673084678994,0.008799655344182044,-0.019488289417589844
91.47073536768386,-0.048919045877194645,0.049593214729417606,0.009180852125422297,-0.020023606548093494
91.518676004669,-0.0496726316479039,0.05028992210624614,0.009583542472022456,-0.02059192780916463
91.56661664165418,-0.05047145942906959,0.051027714137400204,0.010008125506242674,-0.02119393719717237
91.61455727863932,-0.05131650505635535,0.05180745198300292,0.010455000350342228,-0.021830318708484647
91.66249791562448,-0.05220874436542658,0.05262999680317898,0.010924566126581292,-0.022501756339470592
91.71043855260966,-0.053094162418517006,0.053444357568202865,0.011394709011781782,-0.02317329664229622
91.7583791895948,-0.05389773026016719,0.054179792886044034,0.011834647470694718,-0.023796256495994945
91.80631982657997,-0.054620634969322325,0.0548374683651191,0.01224476120207566,-0.02437127458359941
91.85426046356513,-0.05526456330338367,0.055419020906109756,0.012625634336886475,-0.024899313180964555
91.90220110055029,-0.055831202019752724,0.055926087409697935,0.012977851006089171,-0.025381334563945528
91.95014173753545,-0.056322237875830974,0.056360304776565555,0.013301995340645753,-0.025818301008397455
91.99808237452059,-0.056739357629019826,0.05672330990739445,0.013598651471518144,-0.026211174790175373
92.04602301150577,-0.05708424803672113,0.05701673970286684,0.013868403529668595,-0.02656091818513475
92.09396364849093,-0.057358595856336035,0.057242231063664356,0.014111835646058866,-0.026868493469130384
92.14190428547607,-0.057564087845266114,0.057401420890468985,0.014329531951650985,-0.027134862918017463
92.18984492246125,-0.057702410760913016,0.05749594608396278,0.014522076577407136,-0.027360988807651337
92.2377855594464,-0.057775251360678084,0.057527443544827535,0.0146900536542891,-0.027547833413886873
92.28572619643155,-0.05778429640196293,0.05749755017374524,0.014834047313259038,-0.027696359012579407
92.33366683341671,-0.057731232642169006,0.0574079028713978,0.014954641685278906,-0.027807527879583994
92.38160747040187,-0.05761774683869783,0.05726013853846715,0.015052420901310707,-0.027882302290755785
92.42954810738703,-0.05744552574895088,0.05705589407563521,0.015127969092316453,-0.027921644521949916
92.4774887443722,-0.05721625613032969,0.05679680638358393,0.015181870389258138,-0.027926516849021532
92.52542938135736,-0.056931624740235755,0.0564845123629952,0.015214708923097774,-0.027897881547825756
92.57337001834252,-0.05659331833607057,0.05612064891455096,0.015227068824797366,-0.027836700894217737
92.62131065532768,-0.056203023675235636,0.055706852938933155,0.015219534225318918,-0.027743937164052615
92.66925129231284,-0.05576242751513247,0.05524476133682368,0.015192689255624437,-0.027620552633185518
92.71719192929798,-0.055273216613162715,0.05473601100890464,0.01514711804667594,-0.027467509577471634
92.76513256628316,-0.05473707772672743,0.05418223885585749,0.015083404729435394,-0.027285770272765963
92.81307320326832,-0.054155697613228575,0.053585081778364616,0.015002133434864843,-0.027076296994923785
92.86101384025346,-0.05353076303006768,0.052946176677108006,0.014903888293926314,-0.026840052019800272
92.90895447723864,-0.05286396073464569,0.052267160452768996,0.014789253437581711,-0.02657799762325033
92.95689511422378,-0.05215697748436489,0.05154967000603029,0.014658812996793183,-0.026291096081129395
93.00483575120894,-0.051411500036626166,0.050795342237573204,0.01451315110252262,-0.025980309669292382
93.0527763881941,-0.05062921514883124,0.050005814048079904,0.014352851885732066,-0.0256466006635945
93.10071702517926,-0.049811809578381584,0.049182722338232274,0.014178499477383527,-0.025290931339890903
93.14865766216442,-0.048960970082678745,0.04832770400871226,0.01399067800843901,-0.024914263974036704
93.19659829914958,-0.0480783834191242,0.04744239596020179,0.013789971609860521,-0.024517560841887064
93.24453893613475,-0.04716573634511946,0.046528435093382794,0.013576964412610058,-0.024101784219297102
93.2924795731199,-0.04622471561806603,0.0455874583089372,0.013352240547649632,-0.023667896382121967
93.34042021010505,-0.045257007995365695,0.04462110250754721,0.013116384145941313,-0.023216859606216923
93.38836084709023,-0.04426430023441909,0.04363100458989388,0.012869979338446906,-0.022749636167436717
93.43630148407539,-0.043248279092628614,0.042618801456660034,0.012613610256128623,-0.022267188341636882
93.48424212106053,-0.04221063132739574,0.04158613000852759,0.012347861029948472,-0.021770478404672586
93.5321827580457,-0.0411530436961211,0.04053462714617756,0.01207331579086823,-0.021260468632398492
93.58012339503085,-0.040077202956207404,0.03946592977029311,0.011790558669850213,-0.02073812130067035
93.62806403201601,-0.03898479586505521,0.03838167478155523,0.011500173797856193,-0.020204398685342854
93.67600466900119,-0.03787750918006605,0.03728349908064584,0.011202745305848166,-0.019660263062271123
93.72394530598633,-0.03675702965864237,0.036173039568247835,0.010898857324788395,-0.019106676707310796
93.7718859429715,-0.035625044058184716,0.03505193314504215,0.010589093985638627,-0.018544601896316487
93.81982657995665,-0.0344832391360949,0.03392181671171109,0.010274039419360954,-0.01797500090514354
93.86776721694181,-0.033333301649774424,0.03278432716893654,0.009954277756917384,-0.01739883600964707
93.91570785392697,-0.03217691835662481,0.03164110141740041,0.009630393129269922,-0.016817069485682214
93.96364849091214,-0.03101577601404755,0.030493776357784663,0.009302969667380569,-0.016230663609104107
94.0115891278973,-0.029851561379444155,0.029343988890771222,0.00897259150221133,-0.015640580655767913
94.05952976488246,-0.028685961210216132,0.028193375917041977,0.008639842764724213,-0.015047782901528736
94.1074704018676,-0.02752066226376529,0.027043574337279275,0.008305307585881324,-0.014453232622241921
94.15541103885278,-0.026357351297492157,0.02589622105216395,0.007969570096644372,-0.01385789209376205
94.20335167583792,-0.025197715068799587,0.02475295296237931,0.007633214427975758,-0.01326272359194499
94.25129231282308,-0.024043440335088012,0.023615406968606242,0.007296824710837178,-0.012668689392645323
94.29923294980824,-0.022896213853759367,0.02248521997152704,0.0069609850761907545,-0.012076751771718387
94.3471735867934,-0.02175772238221506,0.021364028871823607,0.006626279654998478,-0.011487873005019314
94.39511422377856,-0.020629652677856672,0.020253470570177914,0.006293292578222372,-0.01090301536840324
94.44305486076372,-0.019513691498085656,0.01915518196727184,0.005962607976824429,-0.010323141137725297
94.49099549774888,-0.01841152560030354,0.018070799963787326,0.005634809981766652,-0.00974921258884063
94.53893613473404,-0.01732484174191186,0.017001961460406348,0.005310482724011051,-0.00918219199760438
94.5868767717192,-0.01625532668031203,0.015950303357810752,0.004990210334519636,-0.008623041639871674
94.63481740870436,-0.015204667172905625,0.014917462556682526,0.004674576944254397,-0.00807272379149767
94.68275804568951,-0.014174549977094414,0.013905075957703836,0.00436416668417746,-0.007532200728337622
94.73069868267469,-0.013166661850279024,0.01291478046155578,0.004059563685250518,-0.0070024347262462525
94.77863931965985,-0.012182689549861875,0.011948212968921137,0.0037613520784358853,-0.006484388061079142
94.82657995664499,-0.0112243198332444,0.011007010380481838,0.003470115994695537,-0.005979023008691409
94.87452059363017,-0.0102932394578273,0.010092809596918953,0.0031864395649912405,-0.005487301844937759
94.92246123061531,-0.009391135181013158,0.00920724751891551,0.002910906920285318,-0.0050101868456739335
94.97040186760047,-0.008519693760202673,0.008351961047152634,0.0026441021915395366,-0.004548640286754599
95.01834250458565,-0.007680601952797364,0.007528587082312285,0.00238660950971592,-0.00410362444403492
95.06628314157079,-0.006875546516199524,0.006738762525077102,0.00213901300577668,-0.003676101593370451
95.11422377855595,-0.006106214207809851,0.00598412427612828,0.0019018968106836037,-0.003267034010615913
95.16216441554111,-0.0053742917850301275,0.005266309236148015,0.001675845055398771,-0.002877383971626568
95.21010505252627,-0.004681466005261828,0.004586954305818194,0.001461441870884199,-0.002508113752257596
95.25804568951143,-0.004029423625906484,0.0039476963858207925,0.0012592713881018763,-0.002160185628364078
95.30598632649658,-0.0034198514043658063,0.003350172376837865,0.0010699177380138827,-0.001834561875801305
95.35392696348175,-0.0028544360980407163,0.002796019179550857,0.0008939650515820338,-0.001532204770424081
95.40186760046691,-0.002334864464333272,0.002286873694642186,0.00073199745976852,-0.001254076588087863
95.44980823745206,-0.0018628232606448941,0.0018243728227937545,0.0005845990935353165,-0.0010011396046477467
95.49774887443724,-0.0014399992443767246,0.0014101534646871056,0.0004523540838443224,-0.0007743560959586615
95.54568951142238,-0.0010680791729307804,0.0010458525210046143,0.00033584656165767945,-0.0005746883378759948
95.59363014840754,-0.0007487498037082041,0.0007331068924278927,0.0002356606579373005,-0.0004030986062547315
95.6415707853927,-0.00048369789411059627,0.00047355347963899674,0.00015238050364522332,-0.00026054917695005064
95.68951142237786,-0.00027461020153946025,0.0002688291833198436,8.659022974345093e-5,-0.00014800232581711759
95.73745205936302,-0.0001231734833962994,0.00012057090415232286,3.8873967193972514e-5,-6.642032871102821e-5
95.78539269634818,-3.1074497082672625e-5,3.0415542818379437e-5,9.815846958832752e-6,-1.676546148693392e-5
95.83333333333334,0.0,0.0,0.0,0.0
