This is Ipopt version 3.14.19, running with linear solver MUMPS 5.8.1.

Number of nonzeros in equality constraint Jacobian...:     9816
Number of nonzeros in inequality constraint Jacobian.:        8
Number of nonzeros in Lagrangian Hessian.............:        0

Total number of variables............................:     1388
                     variables with only lower bounds:        0
                variables with lower and upper bounds:      396
                     variables with only upper bounds:        0
Total number of equality constraints.................:     1188
Total number of inequality constraints...............:        1
        inequality constraints with only lower bounds:        0
   inequality constraints with lower and upper bounds:        0
        inequality constraints with only upper bounds:        1

iter    objective    inf_pr   inf_du lg(mu)  ||d||  lg(rg) alpha_du alpha_pr  ls
   0  1.7771843e+01 1.46e+00 3.65e-01   0.0 0.00e+00    -  0.00e+00 0.00e+00   0
   1  7.8067798e-01 6.00e-01 6.90e+00  -0.3 1.22e+00    -  7.11e-01 1.00e+00f  1
   2  4.2556422e-01 3.17e-01 2.54e+00  -0.7 8.13e-01    -  9.39e-01 1.00e+00h  1
   3  3.5766148e-01 2.53e-01 3.99e+00  -1.1 7.06e-01    -  9.17e-01 1.00e+00h  1
   4  3.2212481e-01 2.30e-01 3.65e+00  -1.1 6.82e-01    -  9.14e-01 1.00e+00h  1
   5  2.7572591e-01 2.48e-01 2.37e+00  -1.4 6.45e-01    -  9.91e-01 1.00e+00h  1
   6  3.1586793e-01 1.93e-01 2.46e+00  -1.6 5.63e-01    -  9.97e-01 1.00e+00h  1
   7  1.6304355e+00 1.61e-01 3.19e-01  -1.9 5.48e-01    -  9.97e-01 1.00e+00h  1
   8  2.4218125e-01 2.98e-02 3.16e-01  -2.3 2.67e-01    -  9.93e-01 1.00e+00h  1
   9  1.8085393e-01 3.50e-03 1.55e-01  -3.3 7.70e-02    -  1.00e+00 1.00e+00h  1
iter    objective    inf_pr   inf_du lg(mu)  ||d||  lg(rg) alpha_du alpha_pr  ls
  10  1.6108050e-01 2.08e-03 3.76e-02  -4.0 4.76e-02    -  1.00e+00 1.00e+00h  1
  11  1.2588179e-01 1.09e-02 7.62e-02  -3.4 1.54e-01    -  9.82e-01 1.00e+00h  1
  12  1.1819484e-01 6.42e-03 1.48e-01  -3.4 5.17e-01    -  9.30e-01 5.37e-02H  1
  13  1.0198575e-01 4.08e-02 1.28e-01  -3.4 9.79e-01    -  9.07e-01 2.50e-01h  3
  14  6.1801262e-02 1.60e-02 6.81e-02  -4.0 1.75e-01    -  1.00e+00 1.00e+00h  1
  15  5.4101746e-02 2.13e-03 3.78e-02  -4.0 5.11e-02    -  1.00e+00 1.00e+00h  1
  16  4.3805237e-02 6.35e-03 3.68e-02  -4.0 1.05e-01    -  1.00e+00 1.00e+00h  1
  17  4.2431662e-02 5.18e-03 1.46e+00  -4.0 4.30e-01    -  1.00e+00 4.64e-02H  1
  18  4.2250435e-02 3.87e-02 4.63e-02  -4.0 2.31e-01    -  9.97e-01 1.00e+00h  1
  19  4.2130869e-02 3.62e-02 1.07e+00  -4.0 5.91e-01    -  5.93e-01 2.79e-02H  1
iter    objective    inf_pr   inf_du lg(mu)  ||d||  lg(rg) alpha_du alpha_pr  ls
  20  7.1182243e-02 3.71e-02 1.77e-01  -4.0 2.77e-01    -  1.00e+00 1.00e+00H  1
  21  3.4968768e-02 1.24e-02 7.65e-02  -4.1 1.49e-01    -  1.00e+00 1.00e+00h  1
  22  4.6374546e-02 7.06e-03 3.04e-02  -3.2 1.06e-01    -  8.33e-01 1.00e+00h  1
  23  3.4684694e-02 4.75e-03 4.56e-02  -3.4 6.23e-02    -  1.00e+00 3.43e-01h  1
  24  2.5912154e-02 1.94e-03 2.19e-02  -4.0 4.79e-02    -  1.00e+00 1.00e+00h  1
  25  2.5587962e-02 5.44e-04 1.32e-02  -4.0 2.64e-02    -  1.00e+00 1.00e+00h  1
  26  2.2883518e-02 1.84e-03 1.59e-02  -4.0 5.79e-02    -  1.00e+00 1.00e+00h  1
  27  2.1388670e-02 7.40e-03 4.37e-02  -4.0 5.51e-01    -  1.00e+00 2.50e-01h  3
  28  2.0311252e-02 7.85e-03 5.58e-02  -4.0 8.27e-01    -  1.00e+00 6.25e-02h  5
  29  2.1591695e-02 9.15e-03 8.18e-02  -4.0 1.77e-01    -  1.00e+00 1.00e+00H  1
iter    objective    inf_pr   inf_du lg(mu)  ||d||  lg(rg) alpha_du alpha_pr  ls
  30  1.6525736e-02 6.81e-03 4.10e-02  -4.0 8.81e-02    -  1.00e+00 1.00e+00h  1
  31  3.3399912e-02 1.01e-02 2.57e-02  -4.0 1.43e-01    -  1.00e+00 1.00e+00H  1
  32  1.4448023e-02 5.11e-03 2.32e-02  -4.1 9.07e-02    -  1.00e+00 1.00e+00h  1
  33  1.4112054e-02 1.77e-03 6.56e-03  -4.0 4.76e-02    -  1.00e+00 1.00e+00h  1
  34  1.3342738e-02 3.19e-03 9.67e-03  -4.0 7.09e-02    -  1.00e+00 1.00e+00h  1
  35  1.3322132e-02 3.10e-03 2.50e-02  -4.0 4.21e-01    -  1.00e+00 6.25e-02h  5
  36  1.1762149e-02 1.54e-02 6.12e-02  -4.0 1.29e-01    -  1.00e+00 1.00e+00h  1
  37  1.0522005e-02 5.64e-03 2.44e-02  -4.0 9.15e-02    -  1.00e+00 1.00e+00h  1
  38  1.3667357e-02 2.52e-03 1.55e-02  -4.0 1.02e-01    -  1.00e+00 1.00e+00H  1
  39  1.2125158e-02 1.21e-03 3.16e-02  -4.0 9.10e-02    -  1.00e+00 5.32e-01H  1
iter    objective    inf_pr   inf_du lg(mu)  ||d||  lg(rg) alpha_du alpha_pr  ls
  40  1.0257685e-02 4.13e-03 1.11e-02  -4.0 7.76e-02    -  1.00e+00 1.00e+00h  1
  41  9.2138407e-03 3.55e-03 1.22e-02  -4.0 8.78e-02    -  1.00e+00 1.00e+00h  1
  42  9.9082496e-03 1.24e-03 7.64e-02  -3.6 2.02e-01    -  1.00e+00 4.38e-01H  1
  43  8.6862124e-03 1.76e-03 2.41e-02  -4.0 4.66e-02    -  1.00e+00 1.00e+00h  1
  44  8.7154556e-03 5.03e-03 4.01e-02  -3.4 1.46e-01    -  9.19e-01 5.00e-01h  2
  45  7.7952289e-03 1.25e-02 5.16e-02  -3.5 1.14e-01    -  1.00e+00 1.00e+00h  1
  46  7.9031441e-03 2.71e-03 8.02e-03  -4.0 5.02e-02    -  1.00e+00 1.00e+00h  1
  47  7.7158881e-03 1.67e-03 1.46e-02  -4.0 9.70e-02    -  1.00e+00 5.00e-01h  2
  48  7.5405509e-03 1.34e-03 2.28e-02  -4.0 1.39e-01    -  1.00e+00 2.50e-01h  3
  49  7.3091571e-03 1.36e-03 2.82e-02  -4.0 3.51e-01    -  1.00e+00 1.25e-01h  4
iter    objective    inf_pr   inf_du lg(mu)  ||d||  lg(rg) alpha_du alpha_pr  ls
  50  7.2259240e-03 1.28e-03 2.84e-02  -4.0 2.83e-01    -  1.00e+00 6.25e-02h  5
  51  7.4892176e-03 1.00e-03 3.25e-02  -4.0 7.54e-02    -  1.00e+00 4.30e-01H  1
  52  6.7934715e-03 1.07e-03 1.19e-02  -4.0 2.59e-02    -  1.00e+00 1.00e+00h  1
  53  7.3822470e-03 2.31e-03 3.78e-02  -4.0 5.52e-02    -  1.00e+00 1.00e+00H  1
  54  7.1250871e-03 2.04e-03 4.50e-02  -4.0 1.74e-01    -  1.00e+00 1.25e-01h  4
  55  7.8376722e-03 9.16e-04 1.18e-02  -4.0 9.86e-02    -  1.00e+00 1.00e+00H  1
  56  7.2011558e-03 6.02e-04 1.04e-01  -4.0 1.56e-01    -  1.00e+00 2.84e-01H  1
  57  6.8883040e-03 8.99e-04 1.91e-02  -4.0 1.19e-01    -  1.00e+00 2.50e-01h  3
  58  6.4326713e-03 2.63e-03 4.29e-02  -4.1 1.56e-01    -  1.00e+00 2.50e-01h  3
  59  6.4468871e-03 2.09e-03 4.06e-01  -4.0 1.06e-01    -  1.00e+00 3.28e-02H  1
iter    objective    inf_pr   inf_du lg(mu)  ||d||  lg(rg) alpha_du alpha_pr  ls
  60  8.0464153e-03 1.45e-03 3.50e-02  -4.0 6.94e-02    -  1.00e+00 1.00e+00H  1
  61  6.9371883e-03 2.68e-02 3.24e-01  -4.1 7.56e-02    -  1.00e+00 1.00e+00H  1
  62  6.6845106e-03 8.46e-03 1.04e-01  -4.1 7.94e-02    -  1.00e+00 1.00e+00h  1
  63  9.5481863e-03 1.64e-03 1.66e-02  -4.1 4.79e-02    -  9.37e-01 1.00e+00h  1
  64  6.0191645e-03 4.24e-03 3.83e-02  -4.1 5.42e-02    -  1.00e+00 1.00e+00h  1
  65  6.0425476e-03 9.59e-04 1.48e-02  -4.0 3.55e-02    -  1.00e+00 1.00e+00h  1
  66  7.2771477e-03 2.43e-03 2.36e-02  -4.0 8.73e-02    -  1.00e+00 5.00e-01h  2
  67  5.9102314e-03 9.38e-04 3.72e-03  -4.0 2.93e-02    -  1.00e+00 1.00e+00h  1
  68  5.9894525e-03 2.65e-04 7.78e-03  -4.0 2.17e-02    -  1.00e+00 1.00e+00h  1
  69  5.8976940e-03 1.01e-04 1.23e-02  -4.0 9.71e-03    -  1.00e+00 1.00e+00h  1
iter    objective    inf_pr   inf_du lg(mu)  ||d||  lg(rg) alpha_du alpha_pr  ls
  70  5.8638430e-03 9.88e-05 1.23e-02  -4.0 8.52e-03    -  1.00e+00 1.00e+00h  1
  71  5.8688413e-03 4.09e-05 4.97e-03  -4.0 7.40e-03    -  1.00e+00 1.00e+00h  1
  72  5.8468377e-03 2.32e-06 1.53e-02  -4.0 4.19e-03    -  1.00e+00 1.00e+00H  1
  73  5.7999209e-03 5.21e-05 2.57e-02  -4.0 7.49e-03    -  1.00e+00 1.00e+00h  1
  74  5.8071748e-03 1.59e-05 4.59e-02  -4.0 1.01e-02    -  1.00e+00 1.00e+00H  1
  75  5.7340797e-03 6.23e-05 7.32e-02  -4.0 9.57e-03    -  1.00e+00 1.00e+00h  1
  76  5.6308431e-03 3.73e-05 2.80e-02  -4.0 7.38e-03    -  1.00e+00 1.00e+00h  1
  77  5.6479359e-03 7.53e-05 1.87e-01  -4.0 1.87e-02    -  1.00e+00 5.00e-01h  2
  78  5.5192500e-03 5.24e-05 2.89e-02  -4.1 1.45e-02    -  1.00e+00 1.00e+00h  1
  79  6.3868407e-03 1.38e-04 1.29e-01  -4.0 5.93e-02    -  1.00e+00 1.00e+00H  1
iter    objective    inf_pr   inf_du lg(mu)  ||d||  lg(rg) alpha_du alpha_pr  ls
  80  5.2752712e-03 1.96e-04 7.23e-02  -4.1 1.73e-02    -  1.00e+00 1.00e+00h  1
  81  5.1754228e-03 1.15e-04 1.38e-02  -4.0 1.02e-02    -  1.00e+00 1.00e+00h  1
  82  5.1028264e-03 5.46e-05 1.07e-02  -4.0 9.71e-03    -  1.00e+00 1.00e+00h  1
  83  5.0756780e-03 1.16e-04 5.01e-02  -4.0 7.38e-02    -  1.00e+00 2.50e-01h  3
  84  5.0227928e-03 2.16e-04 1.54e-01  -4.0 3.36e-01    -  1.00e+00 6.25e-02h  5
  85  4.8740223e-03 2.14e-03 1.66e-01  -4.0 3.40e-01    -  1.00e+00 2.50e-01h  3
  86  4.6558571e-03 1.94e-03 1.86e-01  -4.0 2.98e-01    -  1.00e+00 1.25e-01h  4
  87  4.5924018e-03 1.64e-03 1.97e-01  -4.0 1.58e-01    -  1.00e+00 2.50e-01h  3
  88  4.6426381e-03 4.84e-04 9.69e-02  -4.0 5.45e-02    -  1.00e+00 1.00e+00h  1
  89  5.0320511e-03 4.16e-04 3.04e-02  -4.0 5.05e-02    -  1.00e+00 1.00e+00h  1
iter    objective    inf_pr   inf_du lg(mu)  ||d||  lg(rg) alpha_du alpha_pr  ls
  90  4.4488738e-03 3.89e-04 1.39e-02  -4.0 2.56e-02    -  1.00e+00 1.00e+00h  1
  91  4.7911144e-03 3.50e-04 2.40e-02  -4.0 1.78e-02    -  1.00e+00 1.00e+00h  1
  92  4.3333182e-03 1.68e-04 8.45e-03  -4.0 1.90e-02    -  1.00e+00 1.00e+00h  1
  93  4.3228018e-03 1.42e-04 1.54e-02  -4.0 1.56e-02    -  1.00e+00 1.00e+00h  1
  94  4.2849300e-03 6.14e-05 8.87e-03  -4.0 9.68e-03    -  1.00e+00 1.00e+00h  1
  95  4.3091807e-03 2.30e-05 2.46e-02  -4.0 6.99e-03    -  1.00e+00 1.00e+00H  1
  96  4.2486743e-03 2.12e-05 9.38e-03  -4.0 5.60e-03    -  1.00e+00 1.00e+00h  1
  97  4.2167227e-03 1.47e-05 9.99e-03  -4.0 5.03e-03    -  1.00e+00 1.00e+00h  1
  98  4.1829100e-03 1.10e-05 2.48e-02  -4.0 4.96e-03    -  1.00e+00 1.00e+00h  1
  99  4.2265719e-03 1.88e-03 7.34e-02  -3.7 6.54e-02    -  1.00e+00 1.00e+00h  1
iter    objective    inf_pr   inf_du lg(mu)  ||d||  lg(rg) alpha_du alpha_pr  ls
 100  1.2607279e-02 1.68e-03 1.24e-01  -3.8 1.22e-01    -  1.00e+00 5.00e-01h  2
 101  3.9034957e-03 1.05e-03 2.40e-02  -3.8 6.56e-02    -  1.00e+00 1.00e+00h  1
 102  4.0269347e-03 1.09e-04 6.66e-03  -4.0 1.49e-02    -  1.00e+00 1.00e+00h  1
 103  3.9448174e-03 1.37e-04 2.90e-01  -4.0 2.99e-02    -  1.00e+00 4.95e-01H  1
 104  4.0183196e-03 2.27e-03 1.07e-01  -4.0 9.48e-02    -  1.00e+00 1.00e+00H  1
 105  4.7124421e-03 1.24e-03 2.07e-01  -4.1 2.71e-01    -  1.00e+00 2.50e-01h  3
 106  4.2278680e-03 1.62e-03 1.50e-01  -4.1 8.21e-02    -  1.00e+00 5.00e-01h  2
 107  4.6980535e-03 8.24e-04 1.22e-01  -4.1 8.14e-02    -  1.00e+00 1.00e+00H  1
 108  9.9989906e-03 7.36e-04 4.47e-02  -4.1 4.68e-02    -  1.00e+00 1.00e+00H  1
 109  3.6669145e-03 1.23e-04 2.25e-02  -4.1 2.25e-02    -  1.00e+00 1.00e+00h  1
iter    objective    inf_pr   inf_du lg(mu)  ||d||  lg(rg) alpha_du alpha_pr  ls
 110  3.6233517e-03 5.73e-05 1.32e-02  -4.0 8.88e-03    -  1.00e+00 1.00e+00h  1
 111  3.6704746e-03 5.81e-05 1.77e-01  -4.0 1.16e-02    -  1.00e+00 6.66e-01H  1
 112  3.6086053e-03 3.92e-05 1.88e-02  -4.0 6.33e-03    -  1.00e+00 1.00e+00h  1
 113  3.6259468e-03 7.21e-05 1.12e-02  -4.0 9.29e-03    -  1.00e+00 1.00e+00h  1
 114  3.5879224e-03 2.16e-05 1.27e-02  -4.1 5.59e-03    -  1.00e+00 1.00e+00h  1
 115  3.5854613e-03 2.56e-05 9.73e-03  -4.0 5.53e-03    -  1.00e+00 1.00e+00h  1
 116  3.5758407e-03 3.74e-06 5.72e-03  -4.0 2.21e-03    -  1.00e+00 1.00e+00h  1
 117  3.5656295e-03 1.70e-06 9.42e-03  -4.0 1.78e-03    -  1.00e+00 1.00e+00h  1
 118  3.5436915e-03 1.91e-05 2.50e-02  -4.0 6.18e-03    -  1.00e+00 1.00e+00h  1
 119  3.5300059e-03 3.30e-05 5.36e-01  -4.0 9.70e-02    -  1.00e+00 6.25e-02h  5
iter    objective    inf_pr   inf_du lg(mu)  ||d||  lg(rg) alpha_du alpha_pr  ls
 120  3.4818510e-03 7.08e-05 6.21e-02  -4.0 1.37e-02    -  1.00e+00 1.00e+00h  1
 121  3.4620885e-03 1.00e-04 3.77e-01  -4.0 1.58e-01    -  1.00e+00 6.25e-02h  5
 122  3.4394878e-03 1.58e-04 3.72e-01  -4.0 1.18e-01    -  1.00e+00 1.25e-01h  4
 123  3.4331968e-03 9.09e-04 1.22e-01  -4.0 5.52e-02    -  1.00e+00 1.00e+00h  1
 124  3.4095079e-03 1.30e-03 1.77e-01  -4.0 3.45e-01    -  1.00e+00 1.25e-01h  4
 125  5.3923130e-03 2.09e-03 1.17e-01  -4.0 5.02e-02    -  1.00e+00 1.00e+00h  1
 126  3.3841102e-03 6.56e-04 5.73e-02  -4.1 4.02e-02    -  1.00e+00 1.00e+00h  1
 127  3.2750479e-03 6.35e-04 1.04e-01  -4.0 1.17e-01    -  1.00e+00 2.50e-01h  3
 128  3.3580111e-03 1.54e-03 7.83e-02  -4.0 1.30e-01    -  1.00e+00 5.00e-01h  2
 129  3.3463469e-03 1.43e-03 7.46e-02  -4.1 2.87e-01    -  1.00e+00 9.08e-02H  1
iter    objective    inf_pr   inf_du lg(mu)  ||d||  lg(rg) alpha_du alpha_pr  ls
 130  3.3611970e-03 2.04e-03 2.00e-02  -4.1 4.22e-02    -  1.00e+00 1.00e+00h  1
 131  3.3294149e-03 1.63e-03 3.42e-01  -4.1 1.15e-01    -  1.00e+00 1.87e-01H  1
 132  3.0488905e-03 1.93e-03 1.53e-02  -4.1 4.46e-02    -  1.00e+00 1.00e+00f  1
 133  3.0259219e-03 7.12e-04 6.32e-03  -4.0 3.46e-02    -  1.00e+00 1.00e+00h  1
 134  2.9795220e-03 1.08e-04 1.42e-02  -4.0 2.44e-02    -  1.00e+00 1.00e+00H  1
 135  2.9924550e-03 1.43e-04 1.43e-01  -4.0 1.26e-01    -  1.00e+00 1.25e-01h  4
 136  3.3902102e-03 8.73e-05 2.88e-02  -4.1 1.37e-01    -  1.00e+00 2.50e-01h  3
 137  2.9413823e-03 1.76e-04 5.53e-03  -4.1 2.17e-02    -  1.00e+00 1.00e+00h  1
 138  2.9299812e-03 7.28e-04 1.47e-02  -4.0 4.88e-02    -  1.00e+00 1.00e+00h  1
 139  2.9153552e-03 2.89e-04 9.83e-03  -4.0 2.62e-02    -  1.00e+00 1.00e+00h  1
iter    objective    inf_pr   inf_du lg(mu)  ||d||  lg(rg) alpha_du alpha_pr  ls
 140  2.9243884e-03 3.86e-04 1.87e+00  -4.0 2.31e-01    -  1.00e+00 5.52e-02H  1
 141  2.7779795e-03 1.75e-04 2.03e-02  -4.1 2.41e-02    -  1.00e+00 1.00e+00h  1
 142  2.9194996e-03 1.04e-03 3.02e-02  -4.0 1.35e-01    -  1.00e+00 5.00e-01h  2
 143  3.5086149e-03 1.04e-03 6.38e-02  -4.1 1.00e-01    -  1.00e+00 5.48e-01H  1
 144  2.9344241e-03 8.26e-04 2.59e-02  -4.1 2.45e-01    -  1.00e+00 2.50e-01f  3
 145  2.8096837e-03 9.15e-04 4.17e-02  -4.1 2.14e-01    -  1.00e+00 2.50e-01h  3
 146  2.6189435e-03 9.24e-04 4.73e-02  -4.1 4.85e-02    -  1.00e+00 5.00e-01h  2
 147  2.7245767e-03 8.60e-04 8.83e-03  -4.0 3.35e-02    -  1.00e+00 1.00e+00h  1
 148  2.7792217e-03 4.34e-04 6.81e-02  -4.0 3.98e-02    -  1.00e+00 4.75e-01H  1
 149  2.6706091e-03 4.00e-04 6.70e-03  -4.0 2.88e-02    -  1.00e+00 1.00e+00h  1
iter    objective    inf_pr   inf_du lg(mu)  ||d||  lg(rg) alpha_du alpha_pr  ls
 150  2.6670295e-03 4.32e-04 2.05e-02  -4.0 6.89e-02    -  1.00e+00 5.00e-01h  2
 151  2.6242030e-03 3.76e-04 8.59e-03  -4.0 2.26e-02    -  1.00e+00 1.00e+00h  1
 152  2.6307499e-03 1.09e-04 1.49e-02  -4.0 1.23e-02    -  1.00e+00 1.00e+00H  1
 153  2.6993199e-03 4.43e-04 2.08e-02  -4.0 2.44e-02    -  1.00e+00 1.00e+00h  1
 154  2.6247483e-03 1.81e-04 7.73e-03  -4.1 1.57e-02    -  1.00e+00 1.00e+00h  1
 155  2.6264863e-03 1.44e-04 8.93e-03  -4.0 2.08e-02    -  1.00e+00 1.00e+00h  1
 156  2.6029427e-03 1.02e-04 8.69e-03  -4.0 1.09e-02    -  1.00e+00 1.00e+00h  1
 157  2.6103229e-03 5.91e-05 1.19e-02  -4.0 9.63e-03    -  1.00e+00 1.00e+00h  1
 158  2.6086247e-03 2.76e-05 5.81e-03  -4.0 7.59e-03    -  1.00e+00 1.00e+00h  1
 159  2.6060057e-03 1.55e-05 8.64e-03  -4.0 3.40e-03    -  1.00e+00 1.00e+00h  1
iter    objective    inf_pr   inf_du lg(mu)  ||d||  lg(rg) alpha_du alpha_pr  ls
 160  2.6039044e-03 7.91e-06 3.06e-03  -4.0 3.07e-03    -  1.00e+00 1.00e+00h  1
 161  2.6024999e-03 8.40e-07 1.48e-03  -4.0 1.01e-03    -  1.00e+00 1.00e+00h  1
 162  2.6001818e-03 3.84e-07 2.56e-03  -4.0 8.37e-04    -  1.00e+00 1.00e+00h  1
 163  2.5944809e-03 8.46e-06 4.64e-02  -4.0 1.94e-02    -  1.00e+00 2.50e-01h  3
 164  2.5517952e-03 1.40e-04 8.12e-02  -4.0 1.96e-02    -  1.00e+00 1.00e+00h  1
 165  2.5136898e-03 1.41e-04 1.64e-01  -4.0 4.31e-02    -  1.00e+00 2.50e-01h  3
 166  2.8598157e-03 1.17e-04 2.56e-01  -4.0 2.82e-02    -  1.00e+00 5.00e-01h  2
 167  2.5835044e-03 6.92e-05 5.60e-02  -4.1 8.54e-03    -  1.00e+00 1.00e+00h  1
 168  2.4775583e-03 5.99e-05 1.78e-02  -4.0 9.66e-03    -  1.00e+00 1.00e+00h  1
 169  2.4456996e-03 5.65e-05 3.23e-02  -4.0 1.25e-02    -  1.00e+00 1.00e+00h  1
iter    objective    inf_pr   inf_du lg(mu)  ||d||  lg(rg) alpha_du alpha_pr  ls
 170  2.4395486e-03 6.39e-05 1.57e-01  -4.0 5.64e-02    -  1.00e+00 1.25e-01h  4
 171  2.4048518e-03 2.32e-04 2.80e-01  -4.0 9.72e-02    -  1.00e+00 2.50e-01h  3
 172  2.4089656e-03 3.79e-04 3.17e-01  -4.0 1.99e-01    -  1.00e+00 1.25e-01h  4
 173  2.5634293e-03 3.63e-04 3.14e+00  -4.1 2.24e-01    -  8.64e-01 2.33e-02H  1
 174  2.4094529e-03 3.01e-04 3.35e-01  -4.1 7.89e-02    -  1.00e+00 2.50e-01h  3
 175  2.4082615e-03 5.10e-04 2.14e-01  -4.1 1.22e-01    -  1.00e+00 2.50e-01h  3
 176  2.3828367e-03 7.28e-04 1.18e-01  -4.1 6.31e-02    -  7.07e-01 5.00e-01h  2
 177  2.3244479e-03 6.13e-04 1.04e-01  -4.0 5.50e-02    -  1.00e+00 1.17e-01H  1
 178  2.6179405e-03 8.62e-04 1.22e-01  -4.0 4.63e-02    -  1.00e+00 1.00e+00h  1
 179  2.1958611e-03 2.24e-04 3.39e-02  -4.1 1.90e-02    -  1.00e+00 1.00e+00h  1
iter    objective    inf_pr   inf_du lg(mu)  ||d||  lg(rg) alpha_du alpha_pr  ls
 180  2.1962098e-03 2.32e-04 1.92e-02  -4.0 1.49e-02    -  1.00e+00 1.00e+00h  1
 181  2.2269011e-03 2.00e-04 2.17e-02  -4.0 1.61e-02    -  1.00e+00 1.00e+00h  1
 182  2.1759051e-03 1.02e-04 1.05e-02  -4.0 1.11e-02    -  1.00e+00 1.00e+00h  1
 183  2.1654655e-03 1.93e-05 1.02e-02  -4.0 6.41e-03    -  1.00e+00 1.00e+00h  1
 184  2.1412020e-03 5.02e-05 1.50e-02  -4.0 9.14e-03    -  1.00e+00 1.00e+00h  1
 185  2.1363003e-03 1.60e-05 7.69e-03  -4.0 5.04e-03    -  1.00e+00 1.00e+00h  1
 186  2.1264081e-03 6.67e-07 1.02e-02  -4.0 3.84e-03    -  1.00e+00 1.00e+00H  1
 187  2.1300369e-03 2.22e-05 2.77e-02  -4.0 6.80e-03    -  1.00e+00 1.00e+00h  1
 188  2.0734937e-03 3.98e-05 3.93e-02  -4.1 8.38e-03    -  1.00e+00 1.00e+00h  1
 189  2.3026877e-03 1.90e-04 9.09e+00  -4.0 4.91e-02    -  1.00e+00 6.77e-02H  1
iter    objective    inf_pr   inf_du lg(mu)  ||d||  lg(rg) alpha_du alpha_pr  ls
 190  2.0667237e-03 4.04e-05 3.25e-02  -4.1 1.35e-02    -  1.00e+00 1.00e+00h  1
 191  2.0556961e-03 3.59e-05 1.04e-02  -4.0 6.40e-03    -  1.00e+00 1.00e+00h  1
 192  2.0441984e-03 3.14e-05 2.01e-02  -4.0 5.66e-03    -  1.00e+00 1.00e+00h  1
 193  2.0324042e-03 1.32e-05 5.75e-03  -4.0 4.63e-03    -  1.00e+00 1.00e+00h  1
 194  2.0276397e-03 1.48e-08 6.25e-03  -4.0 1.84e-03    -  1.00e+00 1.00e+00H  1
 195  2.0332136e-03 2.44e-04 2.99e-01  -4.0 9.19e-02    -  1.00e+00 2.50e-01h  3
 196  1.9689861e-03 4.62e-04 1.61e-01  -4.1 1.08e-01    -  1.00e+00 2.50e-01h  3
 197  1.9750098e-03 5.55e-04 3.14e-01  -4.0 5.27e-02    -  1.00e+00 5.00e-01h  2
 198  1.9882469e-03 5.50e-04 4.19e-01  -4.1 1.45e-01    -  1.00e+00 6.25e-02h  5
 199  2.6481156e-03 6.74e-04 1.18e-01  -4.1 6.11e-02    -  1.00e+00 1.00e+00h  1
iter    objective    inf_pr   inf_du lg(mu)  ||d||  lg(rg) alpha_du alpha_pr  ls
 200  1.9167891e-03 1.25e-03 4.27e-02  -4.1 9.68e-02    -  1.00e+00 1.00e+00h  1
 201  1.9168413e-03 4.84e-04 3.73e-02  -4.0 3.09e-02    -  1.00e+00 1.00e+00h  1
 202  2.0083032e-03 1.44e-04 2.94e-02  -4.0 2.49e-02    -  1.00e+00 1.00e+00H  1
 203  1.9212664e-03 1.05e-04 1.29e-01  -4.0 1.82e-01    -  1.00e+00 1.25e-01h  4
 204  1.8828292e-03 1.12e-04 1.09e-02  -4.0 1.45e-02    -  1.00e+00 1.00e+00h  1
 205  1.8880201e-03 3.41e-04 2.30e-02  -4.0 1.84e-02    -  1.00e+00 1.00e+00h  1
 206  1.8715040e-03 1.58e-04 3.39e-03  -4.1 1.13e-02    -  1.00e+00 1.00e+00h  1
 207  2.5105678e-03 1.06e-04 1.43e-01  -4.0 1.70e-02    -  1.00e+00 6.08e-01H  1
 208  1.8675068e-03 6.39e-05 1.10e-02  -4.1 8.90e-03    -  1.00e+00 1.00e+00h  1
 209  1.8696334e-03 8.79e-05 9.73e-03  -4.0 9.56e-03    -  1.00e+00 1.00e+00h  1
iter    objective    inf_pr   inf_du lg(mu)  ||d||  lg(rg) alpha_du alpha_pr  ls
 210  1.8676104e-03 2.59e-05 8.46e-03  -4.0 6.57e-03    -  1.00e+00 1.00e+00h  1
 211  1.8616946e-03 5.19e-05 2.24e-02  -4.0 7.59e-03    -  1.00e+00 1.00e+00h  1
 212  1.8635938e-03 2.83e-05 8.37e-04  -4.0 4.92e-03    -  1.00e+00 1.00e+00h  1
 213  1.8634920e-03 1.04e-06 1.87e-03  -4.0 1.37e-03    -  1.00e+00 1.00e+00h  1
 214  1.8627379e-03 9.33e-08 1.60e-03  -4.0 3.72e-04    -  1.00e+00 1.00e+00h  1
 215  1.8566539e-03 7.13e-06 1.05e-02  -4.0 3.13e-03    -  1.00e+00 1.00e+00h  1
 216  1.8975818e-03 2.87e-06 1.40e-01  -4.0 2.39e-02    -  1.00e+00 1.00e+00H  1
 217  2.2141607e-03 1.61e-06 8.99e-02  -4.1 1.07e-02    -  1.00e+00 1.00e+00H  1
 218  1.8290319e-03 3.37e-05 4.03e-02  -4.1 9.85e-03    -  1.00e+00 1.00e+00h  1
 219  1.8277910e-03 6.75e-06 1.49e-02  -4.0 2.81e-03    -  1.00e+00 1.00e+00h  1
iter    objective    inf_pr   inf_du lg(mu)  ||d||  lg(rg) alpha_du alpha_pr  ls
 220  1.8236849e-03 2.43e-07 7.47e-03  -4.0 2.51e-03    -  1.00e+00 1.00e+00H  1
 221  1.8642782e-03 3.46e-08 3.25e-02  -4.0 9.75e-03    -  1.00e+00 1.00e+00H  1
 222  1.8463725e-03 3.37e-05 1.08e-01  -4.0 1.59e-02    -  1.00e+00 5.00e-01h  2
 223  1.8333370e-03 3.81e-05 1.11e-01  -4.1 4.59e-02    -  1.00e+00 1.25e-01h  4
 224  1.8060267e-03 7.84e-05 1.97e-02  -4.1 1.11e-02    -  1.00e+00 1.00e+00h  1
 225  1.8188236e-03 6.71e-05 2.80e-01  -4.0 1.70e-02    -  1.00e+00 2.50e-01h  3
 226  1.8464975e-03 4.43e-05 3.90e-02  -4.0 7.83e-03    -  1.00e+00 1.00e+00h  1
 227  1.8080064e-03 2.71e-05 7.59e-03  -4.1 5.17e-03    -  1.00e+00 1.00e+00h  1
 228  1.8083843e-03 2.14e-05 1.88e-02  -4.0 5.14e-03    -  1.00e+00 1.00e+00h  1
 229  1.8036987e-03 6.77e-06 5.52e-03  -4.1 3.30e-03    -  1.00e+00 1.00e+00h  1
iter    objective    inf_pr   inf_du lg(mu)  ||d||  lg(rg) alpha_du alpha_pr  ls
 230  1.8028427e-03 1.77e-07 4.69e-03  -4.0 1.83e-03    -  1.00e+00 1.00e+00H  1
 231  1.8027492e-03 6.93e-07 3.85e-03  -4.0 9.27e-04    -  1.00e+00 1.00e+00h  1
 232  1.7998164e-03 2.68e-06 6.31e-03  -4.0 1.81e-03    -  1.00e+00 1.00e+00h  1
 233  1.7985679e-03 9.85e-07 3.80e-03  -4.0 1.13e-03    -  1.00e+00 1.00e+00h  1
 234  1.7966198e-03 1.04e-06 3.45e-03  -4.0 1.50e-03    -  1.00e+00 1.00e+00h  1
 235  1.8331186e-03 6.02e-08 1.12e-01  -4.0 2.02e-02    -  1.00e+00 1.00e+00H  1
 236  1.8300749e-03 9.83e-06 2.24e-01  -4.1 7.80e-03    -  1.00e+00 5.00e-01h  2
 237  1.7747285e-03 3.27e-05 3.37e-02  -4.1 8.88e-03    -  1.00e+00 1.00e+00h  1
 238  1.8716486e-03 1.04e-04 3.53e-02  -4.0 1.03e-02    -  1.00e+00 1.00e+00h  1
 239  1.7764416e-03 3.48e-05 1.55e-02  -4.1 6.50e-03    -  1.00e+00 1.00e+00h  1
iter    objective    inf_pr   inf_du lg(mu)  ||d||  lg(rg) alpha_du alpha_pr  ls
 240  1.7709203e-03 2.83e-05 1.75e-02  -4.0 5.77e-03    -  1.00e+00 1.00e+00h  1
 241  1.7672784e-03 5.51e-06 4.99e-03  -4.0 2.63e-03    -  1.00e+00 1.00e+00h  1
 242  1.7659199e-03 6.07e-07 3.73e-03  -4.0 7.85e-04    -  1.00e+00 1.00e+00h  1
 243  1.7643358e-03 7.78e-07 4.75e-03  -4.0 1.36e-03    -  1.00e+00 1.00e+00h  1
 244  1.7540655e-03 1.36e-05 2.96e-02  -4.0 7.16e-03    -  1.00e+00 1.00e+00h  1
 245  1.7544391e-03 2.51e-04 6.99e-01  -3.7 4.68e-01    -  1.00e+00 6.25e-02h  5
 246  1.7581211e-03 2.78e-04 1.89e-01  -3.8 3.91e-01    -  1.00e+00 3.12e-02h  6
 247  1.7306458e-03 5.31e-04 3.62e-01  -3.8 1.51e-01    -  1.00e+00 2.50e-01h  3
 248  1.9900510e-03 4.32e-04 3.05e-01  -4.0 6.87e-02    -  1.00e+00 2.50e-01h  3
 249  1.7151850e-03 7.55e-05 1.27e-01  -4.1 1.67e-02    -  1.00e+00 1.00e+00h  1
iter    objective    inf_pr   inf_du lg(mu)  ||d||  lg(rg) alpha_du alpha_pr  ls
 250  1.6873775e-03 2.03e-04 4.59e-02  -4.0 2.28e-02    -  1.00e+00 1.00e+00h  1
 251  1.7207898e-03 2.07e-04 5.54e-01  -3.6 2.16e-01    -  1.00e+00 1.25e-01h  4
 252  1.7237402e-03 1.65e-04 1.97e+00  -3.7 1.77e-01    -  1.00e+00 7.66e-03H  1
 253  1.7025137e-03 1.73e-04 6.89e-02  -3.7 3.03e-01    -  1.00e+00 3.12e-02h  6
 254  1.6956892e-03 1.77e-04 8.44e-02  -3.7 8.75e-02    -  1.00e+00 1.25e-01h  4
 255  1.6557973e-03 1.79e-04 5.28e-01  -3.7 2.21e-01    -  7.68e-01 6.25e-02h  5
 256  1.6547501e-03 1.40e-04 8.75e-02  -4.0 1.26e+00    -  2.99e-01 1.93e-04H  1
 257  2.3380045e-03 1.47e-03 3.92e-01  -3.4 2.79e-01    -  9.98e-01 2.50e-01f  3
 258  2.4456081e-03 1.47e-03 1.74e+00  -3.5 4.96e-01    -  3.36e-01 1.35e-03H  1
 259  1.7106746e-03 3.70e-04 6.06e-02  -3.5 3.58e-02    -  1.00e+00 1.00e+00f  1
iter    objective    inf_pr   inf_du lg(mu)  ||d||  lg(rg) alpha_du alpha_pr  ls
 260  2.1158317e-03 4.15e-04 3.80e-01  -3.5 1.80e-01    -  1.00e+00 2.50e-01h  3
 261  1.6358864e-03 2.82e-04 7.66e-03  -3.5 3.18e-02    -  1.00e+00 1.00e+00h  1
 262  3.3956041e-03 7.19e-04 8.30e-01  -4.0 1.09e-01    -  1.00e+00 1.77e-01H  1
 263  1.6273383e-03 2.02e-04 1.52e-02  -4.1 3.11e-02    -  1.00e+00 1.00e+00h  1
 264  1.6127030e-03 1.49e-04 9.06e-03  -4.0 1.32e-02    -  1.00e+00 1.00e+00h  1
 265  1.6089266e-03 1.27e-04 4.26e-02  -4.0 2.07e-02    -  1.00e+00 2.50e-01h  3
 266  1.7612011e-03 7.17e-05 1.62e-02  -4.0 1.19e-02    -  1.00e+00 1.00e+00h  1
 267  1.6038763e-03 1.45e-05 1.11e-02  -4.1 4.89e-03    -  1.00e+00 1.00e+00h  1
 268  1.6007291e-03 9.03e-06 1.23e-02  -4.0 3.48e-03    -  1.00e+00 1.00e+00h  1
 269  1.6020040e-03 5.04e-06 9.03e-04  -4.0 2.60e-03    -  1.00e+00 1.00e+00h  1
iter    objective    inf_pr   inf_du lg(mu)  ||d||  lg(rg) alpha_du alpha_pr  ls
 270  1.6014952e-03 1.47e-07 1.58e-03  -4.0 3.92e-04    -  1.00e+00 1.00e+00h  1
 271  1.6005574e-03 4.19e-07 3.64e-03  -4.0 1.04e-03    -  1.00e+00 1.00e+00h  1
 272  1.5975368e-03 8.07e-06 1.75e-02  -4.0 4.47e-03    -  1.00e+00 1.00e+00h  1
 273  1.5880835e-03 2.11e-04 1.26e-01  -4.0 9.68e-02    -  1.00e+00 2.50e-01h  3
 274  1.5808960e-03 3.64e-04 5.39e-01  -4.0 1.41e+00    -  1.00e+00 1.56e-02h  7
 275  1.5776496e-03 4.35e-04 2.49e-01  -4.0 5.01e-01    -  1.00e+00 3.12e-02h  6
 276  1.5884694e-03 5.75e-04 3.14e-01  -4.0 7.00e-02    -  1.00e+00 5.00e-01h  2
 277  1.6746336e-03 4.67e-04 1.52e-01  -4.1 3.75e-02    -  1.00e+00 1.00e+00h  1
 278  1.5484611e-03 1.45e-04 6.51e-02  -4.1 1.64e-02    -  1.00e+00 1.00e+00h  1
 279  1.5301548e-03 2.08e-04 6.52e-02  -4.0 4.95e-02    -  1.00e+00 5.00e-01h  2
iter    objective    inf_pr   inf_du lg(mu)  ||d||  lg(rg) alpha_du alpha_pr  ls
 280  1.7153722e-03 2.78e-04 5.97e-02  -4.0 1.21e-01    -  1.00e+00 5.00e-01h  2
 281  1.7693609e-03 8.77e-05 3.17e-02  -4.1 3.99e-02    -  1.00e+00 1.00e+00H  1
 282  1.7616611e-03 1.46e-04 3.49e-02  -4.1 5.45e-01    -  1.00e+00 1.25e-01h  4
 283  1.8042164e-03 1.92e-04 5.50e-02  -4.1 3.93e-02    -  1.00e+00 1.00e+00H  1
 284  1.6585622e-03 3.84e-04 1.98e-01  -4.1 2.89e-01    -  1.00e+00 1.25e-01h  4
 285  1.6367841e-03 3.60e-04 2.91e-01  -4.1 2.48e-01    -  1.00e+00 6.25e-02h  5
 286  1.5493165e-03 2.23e-04 1.46e-02  -4.1 1.61e-02    -  1.00e+00 1.00e+00h  1
 287  1.5512096e-03 8.32e-04 1.32e-01  -4.1 6.85e-02    -  1.00e+00 5.00e-01h  2
 288  1.5564755e-03 7.86e-04 1.55e-02  -4.1 8.84e-02    -  1.00e+00 6.25e-02h  5
 289  1.5568952e-03 6.01e-04 2.80e-02  -4.1 4.12e-02    -  1.00e+00 2.50e-01h  3
iter    objective    inf_pr   inf_du lg(mu)  ||d||  lg(rg) alpha_du alpha_pr  ls
 290  1.6081073e-03 2.02e-04 5.59e-02  -4.1 3.66e-02    -  1.00e+00 1.00e+00H  1
 291  1.5867781e-03 1.93e-04 1.07e-01  -4.1 2.38e-01    -  1.00e+00 1.25e-01h  4
 292  1.5609961e-03 1.03e-03 2.82e-02  -4.0 4.00e-02    -  1.00e+00 1.00e+00h  1
 293  1.8741267e-03 9.07e-04 3.11e-01  -4.1 4.66e-01    -  1.00e+00 2.50e-01h  3
 294  1.9677384e-03 3.20e-04 2.64e-02  -4.1 1.11e-01    -  1.00e+00 1.00e+00h  1
 295  3.8687672e-03 6.22e-04 5.65e-02  -4.1 2.37e-02    -  7.80e-01 1.00e+00h  1
 296  1.6042055e-03 8.07e-04 2.43e-02  -4.1 4.34e-02    -  1.00e+00 1.00e+00h  1
 297  1.5997847e-03 1.82e-04 1.38e-02  -4.1 1.87e-02    -  1.00e+00 1.00e+00h  1
 298  1.5222429e-03 7.04e-05 8.43e-03  -4.1 9.74e-03    -  1.00e+00 1.00e+00h  1
 299  1.5035058e-03 1.63e-05 9.06e-03  -4.0 6.65e-03    -  1.00e+00 1.00e+00h  1
iter    objective    inf_pr   inf_du lg(mu)  ||d||  lg(rg) alpha_du alpha_pr  ls
 300  1.5017234e-03 1.19e-05 1.05e-02  -4.0 4.13e-03    -  1.00e+00 1.00e+00h  1
 301  1.5017961e-03 2.70e-06 5.99e-03  -4.0 1.49e-03    -  1.00e+00 1.00e+00h  1
 302  1.5009827e-03 6.54e-06 1.01e-02  -4.0 3.14e-03    -  1.00e+00 1.00e+00h  1
 303  1.5019534e-03 3.74e-06 1.15e-02  -4.0 3.48e-03    -  1.00e+00 1.00e+00h  1
 304  1.5001480e-03 6.51e-07 3.13e-03  -4.1 1.71e-03    -  1.00e+00 1.00e+00h  1
 305  1.4989627e-03 2.98e-07 1.54e-03  -4.0 9.95e-04    -  1.00e+00 1.00e+00h  1
 306  1.4985226e-03 1.65e-07 1.69e-03  -4.0 6.22e-04    -  1.00e+00 1.00e+00h  1
 307  1.4972149e-03 3.03e-06 6.61e-03  -4.0 1.99e-03    -  1.00e+00 1.00e+00h  1
 308  1.4954791e-03 3.77e-06 1.07e-02  -4.0 2.70e-03    -  1.00e+00 1.00e+00h  1
 309  1.4970468e-03 3.65e-05 6.04e-02  -4.0 1.59e-02    -  1.00e+00 5.00e-01h  2
iter    objective    inf_pr   inf_du lg(mu)  ||d||  lg(rg) alpha_du alpha_pr  ls
 310  1.5014117e-03 7.69e-06 2.20e-02  -4.1 3.21e-03    -  1.00e+00 1.00e+00h  1
 311  1.4923522e-03 1.27e-05 7.34e-03  -4.1 3.82e-03    -  1.00e+00 1.00e+00h  1
 312  1.5679487e-03 1.41e-05 3.43e-02  -4.0 1.09e-02    -  1.00e+00 1.00e+00H  1
 313  1.5010199e-03 9.63e-06 1.85e-02  -4.1 7.77e-03    -  1.00e+00 1.00e+00h  1
 314  1.5174120e-03 2.53e-05 1.21e-02  -4.1 5.81e-03    -  1.00e+00 1.00e+00h  1
 315  1.4910057e-03 6.75e-06 4.53e-03  -4.1 3.00e-03    -  1.00e+00 1.00e+00h  1
 316  1.4901936e-03 3.36e-07 1.65e-03  -4.0 6.69e-04    -  1.00e+00 1.00e+00h  1
 317  1.4899086e-03 1.38e-06 5.55e-03  -4.0 1.01e-03    -  1.00e+00 1.00e+00h  1
 318  1.4888194e-03 1.15e-06 6.79e-03  -4.0 1.10e-03    -  1.00e+00 1.00e+00h  1
 319  1.4896003e-03 5.16e-07 4.16e-03  -4.0 2.04e-03    -  1.00e+00 1.00e+00h  1
iter    objective    inf_pr   inf_du lg(mu)  ||d||  lg(rg) alpha_du alpha_pr  ls
 320  1.4894986e-03 2.15e-07 5.39e-03  -4.0 7.79e-04    -  1.00e+00 1.00e+00h  1
 321  1.4880511e-03 1.05e-06 8.94e-04  -4.0 1.17e-03    -  1.00e+00 1.00e+00h  1
 322  1.4875246e-03 1.26e-07 2.16e-03  -4.0 6.14e-04    -  1.00e+00 1.00e+00h  1
 323  1.4851504e-03 4.12e-05 4.18e-02  -4.0 2.13e-02    -  1.00e+00 5.00e-01h  2
 324  1.4858699e-03 5.65e-05 3.33e-01  -4.0 6.02e-02    -  1.00e+00 1.25e-01h  4
 325  1.4854502e-03 1.26e-04 2.89e-01  -4.1 1.21e-01    -  1.00e+00 1.25e-01h  4
 326  1.4804503e-03 1.34e-04 3.28e-01  -4.1 4.23e-02    -  1.00e+00 2.50e-01h  3
 327  1.4766301e-03 1.18e-04 6.16e-01  -4.0 7.43e-02    -  1.00e+00 1.25e-01h  4
 328  1.9854233e-03 3.79e-04 1.04e-01  -4.0 2.52e-02    -  1.00e+00 7.93e-01H  1
 329  1.5389371e-03 5.88e-04 2.71e-02  -4.1 3.01e-02    -  1.00e+00 1.00e+00h  1
iter    objective    inf_pr   inf_du lg(mu)  ||d||  lg(rg) alpha_du alpha_pr  ls
 330  1.5264571e-03 4.95e-04 3.22e-01  -4.1 4.10e-02    -  1.00e+00 2.50e-01h  3
 331  1.6206067e-03 5.34e-04 4.60e-02  -4.1 3.43e-02    -  1.00e+00 1.00e+00h  1
 332  1.6326144e-03 9.59e-05 7.03e-02  -4.1 5.78e-02    -  1.00e+00 8.81e-01H  1
 333  1.5026345e-03 2.68e-04 1.82e-02  -4.1 2.59e-02    -  1.00e+00 1.00e+00f  1
 334  1.4760367e-03 2.66e-04 3.03e-01  -4.1 1.35e-01    -  8.45e-01 3.12e-02h  6
 335  1.4812096e-03 6.43e-04 8.29e-02  -4.1 3.19e-02    -  1.00e+00 1.00e+00h  1
 336  1.4673780e-03 1.77e-04 1.56e-02  -4.0 1.64e-02    -  1.00e+00 1.00e+00h  1
 337  1.5212397e-03 7.36e-05 1.09e-02  -4.0 1.08e-02    -  1.00e+00 1.00e+00h  1
 338  1.4709959e-03 1.69e-07 7.36e-03  -4.1 5.96e-03    -  1.00e+00 1.00e+00H  1
 339  1.4690224e-03 4.71e-05 2.01e-02  -4.0 8.53e-03    -  1.00e+00 1.00e+00h  1
iter    objective    inf_pr   inf_du lg(mu)  ||d||  lg(rg) alpha_du alpha_pr  ls
 340  1.4634110e-03 2.34e-05 6.39e-03  -4.0 4.88e-03    -  1.00e+00 1.00e+00h  1
 341  1.4645555e-03 3.07e-06 7.81e-03  -4.0 1.81e-03    -  1.00e+00 1.00e+00h  1
 342  1.4640235e-03 6.14e-07 6.16e-04  -4.0 7.44e-04    -  1.00e+00 1.00e+00h  1
 343  1.4640421e-03 1.38e-08 2.25e-04  -4.0 1.19e-04    -  1.00e+00 1.00e+00h  1
 344  1.4639867e-03 5.76e-08 6.64e-04  -4.0 2.58e-04    -  1.00e+00 1.00e+00h  1
 345  1.4632991e-03 4.90e-07 2.37e-03  -4.0 7.40e-04    -  1.00e+00 1.00e+00h  1
 346  1.4634181e-03 2.05e-05 1.96e-02  -4.0 1.80e-02    -  1.00e+00 2.50e-01h  3
 347  1.4772410e-03 3.35e-05 2.79e-02  -4.1 5.41e-03    -  1.00e+00 1.00e+00h  1
 348  1.4672325e-03 8.00e-06 8.66e-03  -4.1 3.83e-03    -  1.00e+00 1.00e+00h  1
 349  1.4793713e-03 2.31e-05 1.29e-01  -4.1 9.72e-03    -  1.00e+00 5.00e-01h  2
iter    objective    inf_pr   inf_du lg(mu)  ||d||  lg(rg) alpha_du alpha_pr  ls
 350  1.4569083e-03 6.58e-06 3.85e-03  -4.1 3.51e-03    -  1.00e+00 1.00e+00h  1
 351  1.4542031e-03 3.77e-06 1.04e-02  -4.0 2.36e-03    -  1.00e+00 1.00e+00h  1
 352  1.4530051e-03 1.37e-05 1.79e-02  -4.0 5.69e-03    -  1.00e+00 1.00e+00h  1
 353  1.4722234e-03 1.10e-05 1.65e-02  -4.0 3.88e-03    -  1.00e+00 1.00e+00h  1
 354  1.4499454e-03 4.15e-06 2.64e-03  -4.1 2.06e-03    -  1.00e+00 1.00e+00h  1
 355  1.4489192e-03 1.66e-06 4.34e-03  -4.0 1.41e-03    -  1.00e+00 1.00e+00h  1
 356  1.4482453e-03 1.87e-06 1.12e-02  -4.0 2.81e-03    -  1.00e+00 1.00e+00h  1
 357  1.4464604e-03 1.35e-05 6.73e-02  -4.0 5.78e-02    -  1.00e+00 1.25e-01h  4
 358  1.4467389e-03 1.80e-05 3.28e-01  -4.0 7.87e-02    -  1.00e+00 6.25e-02h  5
 359  1.4473086e-03 6.89e-05 4.71e-02  -4.1 9.99e-03    -  1.00e+00 1.00e+00h  1
iter    objective    inf_pr   inf_du lg(mu)  ||d||  lg(rg) alpha_du alpha_pr  ls
 360  1.4477934e-03 6.06e-05 2.52e-01  -4.1 1.36e-02    -  1.00e+00 1.25e-01h  4
 361  1.4359039e-03 4.36e-05 6.14e-03  -4.1 7.98e-03    -  1.00e+00 1.00e+00h  1
 362  1.4408085e-03 5.10e-05 4.59e-02  -4.0 3.60e-02    -  1.00e+00 1.25e-01h  4
 363  1.4385541e-03 4.23e-05 1.46e-01  -4.0 5.59e-02    -  1.00e+00 1.25e-01h  4
 364  1.4365481e-03 4.10e-05 2.23e-01  -4.1 3.80e-01    -  1.00e+00 1.56e-02h  7
 365  1.4352643e-03 1.38e-04 2.62e-01  -4.1 3.21e-01    -  1.00e+00 6.25e-02h  5
 366  1.4295129e-03 1.74e-04 1.70e-01  -4.1 2.37e-01    -  1.00e+00 6.25e-02h  5
 367  1.4256414e-03 1.74e-04 2.75e-01  -4.0 1.06e-01    -  1.00e+00 6.25e-02h  5
 368  1.5046990e-03 1.65e-04 3.79e-02  -4.0 1.56e-02    -  1.00e+00 1.00e+00h  1
 369  1.4516454e-03 2.46e-04 8.80e-02  -4.1 1.44e-01    -  1.00e+00 2.50e-01h  3
iter    objective    inf_pr   inf_du lg(mu)  ||d||  lg(rg) alpha_du alpha_pr  ls
 370  1.4383748e-03 2.35e-04 3.24e-01  -4.1 2.59e-01    -  1.00e+00 3.12e-02h  6
 371  1.4095233e-03 3.19e-04 1.02e-01  -4.1 2.95e-02    -  1.00e+00 5.00e-01h  2
 372  1.4138380e-03 3.73e-04 1.57e-01  -4.0 3.69e-02    -  1.00e+00 5.00e-01h  2
 373  1.4032679e-03 3.27e-04 2.60e-01  -4.1 9.57e-02    -  1.00e+00 1.25e-01h  4
 374  1.5076344e-03 2.21e-04 2.02e-02  -4.0 4.15e-02    -  1.00e+00 4.85e-01H  1
 375  1.5186165e-03 1.17e-03 2.75e-02  -4.1 5.38e-02    -  1.00e+00 1.00e+00h  1
 376  1.5671904e-03 1.10e-03 1.53e-01  -4.1 3.98e-01    -  1.00e+00 3.12e-02h  6
 377  1.4870510e-03 6.70e-04 2.09e-02  -4.1 3.56e-02    -  1.00e+00 1.00e+00h  1
 378  1.4744118e-03 6.96e-04 2.42e-02  -4.1 2.09e-01    -  1.00e+00 1.25e-01h  4
 379  1.4909511e-03 6.69e-04 1.33e-02  -4.1 2.91e-02    -  1.00e+00 1.00e+00h  1
iter    objective    inf_pr   inf_du lg(mu)  ||d||  lg(rg) alpha_du alpha_pr  ls
 380  1.4446573e-03 5.21e-04 4.96e-02  -4.1 2.53e-01    -  1.00e+00 1.25e-01h  4
 381  1.4918259e-03 7.14e-04 3.26e-02  -4.1 9.95e-02    -  6.28e-01 5.00e-01h  2
 382  1.5073792e-03 8.35e-04 5.58e-03  -4.1 6.08e-02    -  1.00e+00 5.00e-01h  2
 383  1.3709775e-03 1.96e-03 3.33e-02  -4.1 3.68e-01    -  9.88e-01 1.25e-01h  4
 384  1.3203623e-03 2.91e-04 4.41e-03  -4.0 4.62e-02    -  1.00e+00 8.35e-01H  1
 385  1.6956475e-03 2.60e-03 1.17e-02  -4.0 1.38e-01    -  1.00e+00 5.00e-01h  2
 386  1.6920416e-03 1.72e-03 2.39e-01  -4.1 4.05e-01    -  1.00e+00 2.15e-02H  1
 387  1.8592366e-03 8.68e-04 5.04e-02  -4.1 8.71e-02    -  1.00e+00 5.00e-01h  2
 388  1.9382010e-03 9.82e-04 2.04e-02  -4.1 3.17e-01    -  1.00e+00 1.25e-01h  4
 389  1.6266818e-03 1.52e-03 1.77e-02  -4.1 8.29e-02    -  1.00e+00 5.00e-01h  2
iter    objective    inf_pr   inf_du lg(mu)  ||d||  lg(rg) alpha_du alpha_pr  ls
 390  1.5671642e-03 1.37e-03 4.45e-02  -4.1 1.90e-01    -  1.00e+00 1.25e-01h  4
 391  1.4788977e-03 6.28e-04 1.79e-02  -4.1 1.22e-01    -  1.00e+00 1.75e-01H  1
 392  1.6519404e-03 1.00e-03 1.34e-02  -4.1 1.10e-01    -  1.00e+00 1.00e+00F  1
 393  1.5923589e-03 7.89e-04 1.22e-02  -4.1 1.77e-01    -  1.00e+00 1.25e-01h  4
 394  2.0236369e-03 8.23e-04 1.72e-02  -4.1 6.49e-02    -  7.60e-01 5.00e-01h  2
 395  1.6226505e-03 1.31e-03 6.86e-03  -4.1 5.91e-02    -  1.00e+00 5.86e-01h  1
 396  1.4315186e-03 1.53e-03 4.01e-03  -4.1 3.87e-02    -  1.00e+00 1.00e+00f  1
 397  1.4665387e-03 1.22e-03 8.47e-03  -4.1 1.15e-01    -  1.00e+00 2.50e-01h  3
 398  1.4471135e-03 5.82e-04 6.32e-03  -4.1 3.14e-02    -  1.00e+00 1.00e+00H  1
 399  1.4287389e-03 5.18e-04 8.23e-03  -4.1 4.85e-01    -  1.00e+00 6.25e-02h  5
iter    objective    inf_pr   inf_du lg(mu)  ||d||  lg(rg) alpha_du alpha_pr  ls
 400  1.3994618e-03 5.79e-04 8.18e-03  -4.1 8.77e-02    -  1.00e+00 2.50e-01h  3
 401  1.3708813e-03 4.71e-04 1.53e-02  -4.1 6.88e-02    -  1.00e+00 2.50e-01h  3
 402  1.3705489e-03 4.58e-04 4.07e-02  -4.1 1.25e-01    -  7.18e-01 6.25e-02h  5
 403  1.4528593e-03 5.18e-04 3.00e-02  -4.1 1.11e-01    -  1.00e+00 1.25e-01h  4
 404  1.3788915e-03 7.69e-05 1.99e-02  -4.1 4.74e-02    -  1.00e+00 9.32e-01H  1
 405  2.0088100e-03 3.87e-03 3.40e-02  -4.0 1.33e-01    -  1.00e+00 5.00e-01f  2
 406  5.4556305e-03 4.02e-03 3.65e-02  -4.1 1.65e-01    -  1.00e+00 1.00e+00H  1
 407  3.3534408e-03 3.38e-03 3.67e-02  -4.1 1.56e-01    -  1.00e+00 2.50e-01h  3
 408  1.6986762e-03 6.02e-03 1.54e-02  -4.1 8.02e-02    -  1.00e+00 1.00e+00h  1
 409  1.9673525e-03 6.64e-03 1.67e-02  -4.1 9.31e-02    -  6.27e-01 1.00e+00h  1
iter    objective    inf_pr   inf_du lg(mu)  ||d||  lg(rg) alpha_du alpha_pr  ls
 410  1.6601734e-03 1.64e-03 2.39e-02  -4.1 1.52e-01    -  1.00e+00 2.50e-01H  1
 411  1.9209170e-03 1.56e-03 2.61e-02  -4.1 8.23e-02    -  2.59e-01 5.00e-01f  2
 412  1.3792836e-03 2.91e-03 1.42e-02  -4.1 6.81e-02    -  1.00e+00 1.00e+00h  1
 413  1.3582757e-03 2.13e-03 1.38e-03  -4.1 5.53e-02    -  1.00e+00 1.00e+00h  1
 414  2.1824007e-03 1.78e-04 2.86e-03  -4.0 1.68e-02    -  1.00e+00 9.95e-01h  1
 415  1.6046174e-03 6.95e-03 6.64e-01  -4.1 9.73e-02    -  1.00e+00 1.00e+00h  1
 416  1.8699335e-03 4.65e-03 2.53e-01  -4.1 7.48e-02    -  1.00e+00 1.00e+00h  1
 417  1.4667056e-03 1.33e-03 1.50e-02  -4.1 3.54e-02    -  1.00e+00 1.00e+00h  1
 418  1.8849383e-03 4.56e-04 8.65e-03  -4.1 2.33e-02    -  1.00e+00 1.00e+00h  1
 419  1.4893315e-03 2.78e-04 1.46e-02  -4.1 1.89e-02    -  1.00e+00 1.00e+00h  1
iter    objective    inf_pr   inf_du lg(mu)  ||d||  lg(rg) alpha_du alpha_pr  ls
 420  1.3283600e-03 2.60e-04 7.05e-03  -4.1 1.54e-02    -  1.00e+00 1.00e+00h  1
 421  1.3038719e-03 4.83e-05 8.10e-03  -4.0 8.53e-03    -  1.00e+00 1.00e+00h  1
 422  1.3012859e-03 8.28e-05 1.52e-02  -4.0 9.70e-03    -  1.00e+00 1.00e+00h  1
 423  1.2762851e-03 4.40e-05 1.31e-02  -4.0 8.05e-03    -  1.00e+00 1.00e+00h  1
 424  1.2821520e-03 2.35e-05 8.49e-03  -4.0 4.87e-03    -  1.00e+00 1.00e+00h  1
 425  1.2763181e-03 3.55e-06 2.57e-03  -4.0 1.80e-03    -  1.00e+00 1.00e+00h  1
 426  1.2742435e-03 6.49e-07 3.70e-03  -4.0 1.00e-03    -  1.00e+00 1.00e+00h  1
 427  1.2693667e-03 6.71e-06 7.34e-03  -4.0 2.58e-03    -  1.00e+00 1.00e+00h  1
 428  1.3444597e-03 6.51e-06 3.57e-02  -4.0 9.63e-03    -  1.00e+00 1.00e+00H  1
 429  1.2687614e-03 1.20e-05 3.14e-02  -4.1 3.06e-03    -  1.00e+00 1.00e+00h  1
iter    objective    inf_pr   inf_du lg(mu)  ||d||  lg(rg) alpha_du alpha_pr  ls
 430  1.2615301e-03 1.76e-05 7.21e-03  -4.0 4.15e-03    -  1.00e+00 1.00e+00h  1
 431  1.2689713e-03 3.03e-06 9.05e-03  -4.0 2.37e-03    -  1.00e+00 1.00e+00h  1
 432  1.2602084e-03 1.08e-06 1.91e-03  -4.0 1.22e-03    -  1.00e+00 1.00e+00h  1
 433  1.2603421e-03 8.63e-08 1.39e-03  -4.0 3.00e-04    -  1.00e+00 1.00e+00h  1
 434  1.2594337e-03 4.68e-07 3.26e-03  -4.0 5.98e-04    -  1.00e+00 1.00e+00h  1
 435  1.2565385e-03 1.59e-05 1.78e-02  -4.0 4.07e-03    -  1.00e+00 1.00e+00h  1
 436  1.2559758e-03 1.57e-05 2.24e-02  -4.0 1.84e-02    -  1.00e+00 6.25e-02h  5
 437  1.2585438e-03 1.57e-05 2.43e-02  -4.0 3.90e-03    -  1.00e+00 1.00e+00h  1
 438  1.2552652e-03 1.16e-05 6.54e-03  -4.1 3.43e-03    -  1.00e+00 1.00e+00h  1
 439  1.2571762e-03 1.36e-05 6.47e-02  -4.0 8.59e-03    -  1.00e+00 2.50e-01h  3
iter    objective    inf_pr   inf_du lg(mu)  ||d||  lg(rg) alpha_du alpha_pr  ls
 440  1.2526660e-03 1.24e-05 4.45e-03  -4.1 3.51e-03    -  1.00e+00 1.00e+00h  1
 441  1.2859435e-03 7.63e-06 1.70e-02  -4.0 3.33e-03    -  1.00e+00 1.00e+00h  1
 442  1.2501820e-03 1.41e-05 5.86e-03  -4.1 3.63e-03    -  1.00e+00 1.00e+00h  1
 443  1.2628700e-03 5.23e-06 2.67e-02  -4.0 4.15e-03    -  1.00e+00 1.00e+00H  1
 444  1.2513925e-03 1.58e-05 6.82e-03  -4.1 3.90e-03    -  1.00e+00 1.00e+00h  1
 445  1.2681283e-03 9.37e-06 1.42e-02  -4.1 7.28e-03    -  1.00e+00 5.00e-01h  2
 446  1.2485955e-03 5.50e-06 1.92e-03  -4.1 3.06e-03    -  1.00e+00 1.00e+00h  1
 447  1.2491788e-03 6.35e-07 3.95e-03  -4.0 7.98e-04    -  1.00e+00 1.00e+00h  1
 448  1.2481841e-03 2.53e-07 1.32e-03  -4.0 5.84e-04    -  1.00e+00 1.00e+00h  1
 449  1.2478763e-03 1.68e-08 7.47e-04  -4.0 1.88e-04    -  1.00e+00 1.00e+00h  1
iter    objective    inf_pr   inf_du lg(mu)  ||d||  lg(rg) alpha_du alpha_pr  ls
 450  1.2491995e-03 4.08e-09 1.84e-02  -4.0 4.95e-03    -  1.00e+00 1.00e+00H  1
 451  1.2456025e-03 5.87e-06 2.80e-02  -4.0 3.51e-03    -  1.00e+00 1.00e+00h  1
 452  1.2755875e-03 1.60e-05 1.53e+00  -4.0 9.66e-03    -  1.00e+00 3.89e-01H  1
 453  1.2403819e-03 4.56e-06 2.40e-02  -4.1 3.02e-03    -  1.00e+00 1.00e+00h  1
 454  1.2493517e-03 3.60e-05 9.02e-03  -4.0 7.17e-03    -  1.00e+00 1.00e+00h  1
 455  1.2542029e-03 2.41e-06 8.99e-03  -4.1 2.06e-03    -  1.00e+00 1.00e+00h  1
 456  1.2411167e-03 1.05e-05 6.05e-03  -4.1 4.24e-03    -  1.00e+00 1.00e+00h  1
 457  1.2408055e-03 2.90e-06 9.20e-03  -4.1 2.01e-03    -  1.00e+00 1.00e+00h  1
 458  1.2405275e-03 3.17e-06 2.36e-03  -4.0 2.17e-03    -  1.00e+00 1.00e+00h  1
 459  1.2395302e-03 7.42e-08 9.23e-04  -4.0 3.71e-04    -  1.00e+00 1.00e+00h  1
iter    objective    inf_pr   inf_du lg(mu)  ||d||  lg(rg) alpha_du alpha_pr  ls
 460  1.2383395e-03 3.31e-07 2.16e-03  -4.0 7.12e-04    -  1.00e+00 1.00e+00h  1
 461  1.2391395e-03 1.29e-05 1.27e-01  -4.0 3.33e-02    -  1.00e+00 1.25e-01h  4
 462  1.2354745e-03 6.61e-05 3.45e-02  -4.1 1.18e-02    -  1.00e+00 1.00e+00h  1
 463  1.2597802e-03 5.13e-05 1.15e-01  -4.0 6.40e-02    -  1.00e+00 1.25e-01h  4
 464  1.2443793e-03 8.40e-05 5.40e-02  -4.1 1.18e-02    -  1.00e+00 1.00e+00h  1
 465  1.3271142e-03 3.45e-05 1.37e-02  -4.1 7.23e-03    -  1.00e+00 1.00e+00h  1
 466  1.3846134e-03 2.96e-05 3.06e-02  -4.1 1.16e-02    -  1.00e+00 1.00e+00H  1
 467  1.4355784e-03 5.63e-05 4.27e-02  -4.1 6.28e-03    -  1.00e+00 1.00e+00H  1
 468  1.2233951e-03 2.93e-05 1.05e-02  -4.1 6.07e-03    -  1.00e+00 1.00e+00h  1
 469  1.2135228e-03 7.53e-05 2.56e-02  -4.0 1.04e-02    -  1.00e+00 1.00e+00h  1
iter    objective    inf_pr   inf_du lg(mu)  ||d||  lg(rg) alpha_du alpha_pr  ls
 470  1.2147620e-03 3.48e-05 3.38e-03  -4.0 6.98e-03    -  1.00e+00 1.00e+00h  1
 471  1.2145202e-03 8.28e-07 2.89e-03  -4.0 1.02e-03    -  1.00e+00 1.00e+00h  1
 472  1.2141319e-03 1.90e-07 3.12e-03  -4.0 8.05e-04    -  1.00e+00 1.00e+00h  1
 473  1.2134844e-03 2.30e-07 1.61e-03  -4.0 6.09e-04    -  1.00e+00 1.00e+00h  1
 474  1.2259305e-03 1.02e-07 4.27e-02  -4.0 1.32e-02    -  1.00e+00 1.00e+00H  1
 475  1.2139025e-03 4.54e-05 6.83e-02  -4.0 3.49e-02    -  1.00e+00 2.50e-01h  3
 476  1.2103610e-03 4.56e-05 6.63e-01  -4.1 7.70e-02    -  1.00e+00 3.12e-02h  6
 477  1.3678825e-03 7.14e-05 4.48e-02  -4.1 1.03e-02    -  1.00e+00 1.00e+00h  1
 478  1.1966858e-03 2.64e-05 1.55e-02  -4.1 8.98e-03    -  1.00e+00 1.00e+00h  1
 479  1.2043472e-03 2.80e-05 1.46e-02  -4.0 4.57e-03    -  1.00e+00 1.00e+00h  1
iter    objective    inf_pr   inf_du lg(mu)  ||d||  lg(rg) alpha_du alpha_pr  ls
 480  1.1984841e-03 5.03e-06 3.16e-02  -4.0 1.38e-02    -  1.00e+00 1.00e+00H  1
 481  1.1851508e-03 2.56e-04 5.37e-02  -4.0 3.50e-02    -  1.00e+00 1.00e+00h  1
 482  1.1740494e-03 1.51e-04 1.09e-01  -4.0 2.59e-01    -  1.00e+00 6.25e-02h  5
 483  1.2179562e-03 1.86e-04 1.68e-01  -4.0 4.10e-02    -  1.00e+00 2.50e-01h  3
 484  1.2033510e-03 3.20e-04 8.12e-03  -4.1 2.05e-02    -  1.00e+00 1.00e+00h  1
 485  1.1952930e-03 3.14e-04 3.15e-01  -4.1 1.19e-01    -  9.62e-01 6.25e-02h  5
 486  1.1646459e-03 1.37e-03 6.77e-02  -4.1 8.21e-02    -  1.00e+00 1.00e+00h  1
 487  1.1453722e-03 1.59e-03 1.12e-01  -4.0 2.71e+00    -  1.00e+00 1.56e-02h  7
 488  1.1413525e-03 1.76e-03 2.01e-01  -4.0 3.65e-01    -  1.00e+00 6.25e-02h  5
 489  1.2916669e-03 2.26e-03 8.30e-02  -4.0 5.24e-02    -  1.00e+00 1.00e+00h  1
iter    objective    inf_pr   inf_du lg(mu)  ||d||  lg(rg) alpha_du alpha_pr  ls
 490  1.2176569e-03 2.02e-03 9.68e-02  -4.1 2.87e-01    -  1.00e+00 1.25e-01h  4
 491  1.2381187e-03 2.03e-03 1.16e-01  -4.1 9.51e-01    -  1.00e+00 3.12e-02h  6
 492  1.3170747e-03 1.33e-03 1.08e-01  -4.1 1.16e-01    -  1.00e+00 2.50e-01h  3
 493  1.1695362e-03 1.07e-03 1.01e-01  -4.1 1.24e-01    -  1.00e+00 1.25e-01h  4
 494  1.1747655e-03 1.76e-03 1.47e-01  -3.5 1.38e-01    -  1.00e+00 2.50e-01h  3
 495  1.1955965e-03 2.44e-03 9.49e-02  -3.6 1.17e+00    -  1.00e+00 6.25e-02h  5
 496  1.1830777e-03 3.60e-03 1.04e-01  -3.6 8.06e-01    -  1.00e+00 6.25e-02h  5
 497  1.1547953e-03 3.69e-03 1.23e-01  -3.6 1.02e+00    -  8.09e-01 1.56e-02h  7
 498  1.2619290e-03 4.64e-03 8.78e-02  -3.6 3.42e-01    -  1.00e+00 2.50e-01h  3
 499  1.1586298e-03 5.95e-03 1.19e-01  -3.6 4.57e+00    -  5.14e-01 1.47e-02h  6
iter    objective    inf_pr   inf_du lg(mu)  ||d||  lg(rg) alpha_du alpha_pr  ls
 500  1.0544702e-03 5.75e-03 1.14e-01  -3.6 4.76e+00    -  2.90e-01 6.20e-03h  7
 501  1.0696570e-03 5.57e-03 1.05e-01  -4.0 3.46e-01    -  1.00e+00 6.25e-02h  5
 502  1.0563326e-03 5.93e-03 1.05e-01  -3.6 1.10e+00    -  1.00e+00 3.12e-02h  6
 503  1.0232481e-03 5.92e-03 8.92e-02  -3.7 1.19e+00    -  8.23e-01 1.54e-02h  7
 504  1.7640949e-03 6.95e-03 5.01e-02  -4.0 1.78e-01    -  1.00e+00 5.00e-01h  2
 505  1.6997494e-03 7.68e-03 4.48e-02  -4.1 4.82e+00    -  2.38e-01 7.98e-03h  6
 506  1.6213125e-03 1.49e-02 5.86e-02  -4.1 1.75e+00    -  4.22e-01 6.25e-02h  5
 507  1.5834126e-03 1.45e-02 4.10e-02  -4.1 1.15e+00    -  1.00e+00 6.25e-02h  5
 508  1.5831795e-03 1.73e-02 5.15e-02  -4.1 1.67e+00    -  1.86e-01 3.59e-02h  5
 509  1.3150638e-03 1.93e-02 4.17e-02  -4.1 1.43e+00    -  9.29e-01 4.28e-02h  2
iter    objective    inf_pr   inf_du lg(mu)  ||d||  lg(rg) alpha_du alpha_pr  ls
 510  1.2578026e-03 1.91e-02 4.46e-02  -4.1 1.96e+00    -  9.43e-01 1.34e-02h  7
 511  1.4381161e-03 1.62e-02 3.38e-02  -4.1 2.27e-01    -  1.00e+00 2.50e-01h  3
 512  1.2918757e-03 1.98e-02 2.18e-02  -4.1 1.49e+00    -  7.21e-01 4.72e-02h  3
 513  1.3514787e-03 1.62e-02 2.70e-02  -4.1 2.02e-01    -  8.36e-01 2.50e-01h  3
 514  1.2512274e-03 1.73e-02 1.88e-02  -4.1 7.89e-01    -  1.00e+00 1.25e-01h  4
 515  1.2072317e-03 1.76e-02 1.64e-02  -4.1 1.80e+00    -  7.46e-01 2.77e-02h  6
 516  1.3009070e-03 1.69e-02 1.68e-02  -4.1 5.26e-01    -  1.00e+00 1.25e-01h  4
 517  1.2269162e-03 1.65e-02 1.54e-02  -4.1 3.37e-01    -  1.00e+00 5.47e-02h  4
 518  1.7060952e-03 1.58e-02 1.19e-02  -4.1 1.78e-01    -  1.00e+00 5.00e-01h  2
 519  1.5352085e-03 1.23e-02 5.98e-03  -4.1 1.61e-01    -  1.00e+00 5.00e-01h  2
iter    objective    inf_pr   inf_du lg(mu)  ||d||  lg(rg) alpha_du alpha_pr  ls
 520  1.3614997e-03 1.21e-02 5.61e-03  -4.1 4.92e-01    -  1.00e+00 1.25e-01h  4
 521  1.2368749e-03 1.14e-02 6.15e-03  -4.1 7.01e-01    -  1.00e+00 6.25e-02h  5
 522  1.1700595e-03 1.21e-02 1.09e-02  -4.1 5.22e-01    -  5.14e-01 1.25e-01h  4
 523  1.1288794e-03 1.07e-02 7.69e-03  -4.1 2.47e+00    -  3.79e-01 4.74e-03H  1
 524  2.1710767e-03 1.55e-02 9.87e-03  -3.5 3.90e+00    -  1.00e+00 3.02e-02f  5
 525  2.1291205e-03 1.52e-02 1.14e-01  -3.6 4.59e-01    -  8.78e-01 1.23e-02H  1
 526  4.5223681e-03 7.27e-03 1.03e-02  -3.6 8.36e-02    -  9.46e-01 1.00e+00h  1
 527  4.4335608e-03 7.22e-03 1.36e-01  -3.6 4.17e-01    -  1.00e+00 8.10e-03H  1
 528  3.7565989e-03 1.76e-02 1.15e-02  -3.6 3.25e-01    -  8.84e-01 5.00e-01f  2
 529  3.6122694e-03 1.53e-02 8.31e-02  -3.6 2.55e+00    -  2.65e-01 2.42e-03H  1
iter    objective    inf_pr   inf_du lg(mu)  ||d||  lg(rg) alpha_du alpha_pr  ls
 530  3.0787585e-03 1.80e-02 1.13e-02  -3.6 6.72e-01    -  8.33e-01 1.25e-01f  4
 531  2.5486714e-03 4.09e-02 1.96e-02  -3.6 1.73e+01    -  7.82e-02 1.11e-02f  4
 532  2.3281724e-03 4.53e-02 1.84e-02  -3.6 3.13e+01    -  6.04e-02 8.01e-03h  4
 533  2.0274432e-03 4.88e-02 9.37e-03  -3.6 1.00e+00    -  8.21e-01 1.25e-01h  4
 534  1.5772348e-03 7.46e-02 8.77e-03  -3.6 3.43e+00    -  3.00e-01 5.32e-02h  4
 535  1.6088517e-03 9.49e-02 7.96e-03  -3.6 4.81e+00    -  1.73e-01 4.34e-02h  4
 536  1.4059202e-03 9.13e-02 8.13e-03  -3.6 8.93e-01    -  8.55e-01 6.25e-02h  5
 537  2.9618923e-03 4.40e-02 5.66e-03  -3.6 4.34e-01    -  1.00e+00 5.72e-01H  1
 538  2.8695577e-03 3.42e-02 3.74e-03  -3.6 2.34e-01    -  3.77e-01 5.00e-01h  2
 539  2.7280015e-03 1.86e-02 3.85e-03  -3.6 2.26e+00    -  3.11e-01 2.16e-02H  1
iter    objective    inf_pr   inf_du lg(mu)  ||d||  lg(rg) alpha_du alpha_pr  ls
 540  2.5601395e-03 2.10e-02 2.59e-02  -3.6 8.29e-01    -  9.86e-01 1.25e-01f  4
 541  1.2723746e-03 2.18e-02 8.36e-03  -3.6 2.78e-01    -  1.00e+00 1.00e+00h  1
 542  1.7384761e-03 4.77e-02 2.13e-03  -3.6 3.11e-01    -  6.99e-01 1.00e+00h  1
 543  1.7953389e-03 6.13e-02 3.04e-03  -3.6 1.12e+00    -  1.00e+00 1.25e-01h  4
 544  9.9898271e-04 7.56e-03 1.82e-03  -3.6 2.28e-01    -  1.00e+00 9.23e-01h  1
 545  1.1837832e-03 7.02e-03 3.28e-03  -4.0 1.43e-01    -  1.00e+00 5.00e-01h  2
 546  1.0823955e-03 7.14e-03 3.26e-03  -4.1 2.23e-01    -  1.00e+00 2.50e-01h  3
 547  1.1948032e-03 7.46e-03 3.94e-03  -4.0 3.85e-01    -  1.00e+00 1.25e-01h  4
 548  1.0755038e-03 8.91e-03 3.42e-03  -4.1 1.19e-01    -  1.00e+00 1.00e+00h  1
 549  1.0010455e-03 2.36e-03 2.26e-02  -4.0 2.50e-01    -  1.00e+00 1.73e-01H  1
iter    objective    inf_pr   inf_du lg(mu)  ||d||  lg(rg) alpha_du alpha_pr  ls
 550  1.5164898e-03 2.10e-03 5.75e-03  -4.0 1.06e-01    -  1.00e+00 2.50e-01h  3
 551  1.0985778e-03 1.11e-02 2.45e-02  -4.1 1.09e-01    -  1.00e+00 1.00e+00h  1
 552  9.8346562e-04 3.57e-03 3.78e-03  -4.1 6.22e-02    -  1.00e+00 1.00e+00h  1
 553  9.8459137e-04 2.83e-03 2.58e-03  -4.0 8.66e-02    -  1.00e+00 2.50e-01h  3
 554  9.3843403e-04 1.44e-03 6.01e-03  -4.0 4.61e-02    -  1.00e+00 1.00e+00h  1
 555  2.2089421e-03 1.12e-03 6.14e-03  -4.0 4.63e-02    -  1.00e+00 1.00e+00h  1
 556  8.9019193e-04 6.36e-04 7.55e-03  -4.1 5.45e-02    -  1.00e+00 1.00e+00h  1
 557  8.7873735e-04 7.18e-04 7.11e-03  -4.0 3.63e-02    -  1.00e+00 1.00e+00h  1
 558  8.7549777e-04 3.43e-04 3.33e-03  -4.0 2.37e-02    -  1.00e+00 1.00e+00h  1
 559  8.9371404e-04 2.36e-04 1.31e-02  -4.0 1.61e-02    -  1.00e+00 1.00e+00h  1
iter    objective    inf_pr   inf_du lg(mu)  ||d||  lg(rg) alpha_du alpha_pr  ls
 560  8.7022471e-04 2.03e-04 7.01e-03  -4.0 1.76e-02    -  1.00e+00 1.00e+00h  1
 561  8.8556417e-04 1.17e-04 1.05e-02  -4.0 1.24e-02    -  1.00e+00 1.00e+00h  1
 562  8.8304168e-04 8.06e-05 6.41e-03  -4.0 1.11e-02    -  1.00e+00 1.00e+00h  1
 563  8.6989502e-04 4.99e-05 1.21e-02  -4.0 8.16e-03    -  1.00e+00 1.00e+00h  1
 564  8.7569048e-04 2.67e-05 6.12e-03  -4.0 6.07e-03    -  1.00e+00 1.00e+00h  1
 565  8.7291212e-04 1.12e-05 8.52e-03  -4.0 4.62e-03    -  1.00e+00 1.00e+00h  1
 566  8.7218248e-04 5.54e-06 3.39e-03  -4.0 2.61e-03    -  1.00e+00 1.00e+00h  1
 567  8.7285213e-04 1.04e-06 1.95e-03  -4.0 1.17e-03    -  1.00e+00 1.00e+00h  1
 568  8.7219035e-04 3.32e-07 1.88e-03  -4.0 6.70e-04    -  1.00e+00 1.00e+00h  1
 569  8.7126765e-04 4.29e-07 2.54e-03  -4.0 1.13e-03    -  1.00e+00 1.00e+00h  1
iter    objective    inf_pr   inf_du lg(mu)  ||d||  lg(rg) alpha_du alpha_pr  ls
 570  8.7183141e-04 6.73e-08 1.08e-02  -4.0 2.78e-03    -  1.00e+00 1.00e+00H  1
 571  8.6911261e-04 7.64e-07 5.02e-03  -4.0 1.19e-03    -  1.00e+00 1.00e+00h  1
 572  8.6877958e-04 1.31e-07 1.54e-03  -4.0 5.15e-04    -  1.00e+00 1.00e+00h  1
 573  8.6708090e-04 1.05e-06 5.22e-03  -4.0 1.48e-03    -  1.00e+00 1.00e+00h  1
 574  8.6150357e-04 7.95e-05 5.02e-02  -4.0 5.33e-02    -  1.00e+00 2.50e-01h  3
 575  8.5777672e-04 6.69e-05 4.56e-02  -4.0 9.67e-03    -  1.00e+00 1.00e+00h  1
 576  8.5854443e-04 5.45e-05 4.00e-01  -4.0 1.95e-02    -  1.00e+00 2.50e-01h  3
 577  8.8231754e-04 1.68e-04 4.19e-02  -4.0 1.42e-02    -  1.00e+00 1.00e+00h  1
 578  8.4951162e-04 5.70e-05 1.03e-02  -4.1 8.03e-03    -  1.00e+00 1.00e+00h  1
 579  8.5248717e-04 5.82e-06 4.90e-02  -4.0 6.36e-03    -  1.00e+00 1.00e+00H  1
iter    objective    inf_pr   inf_du lg(mu)  ||d||  lg(rg) alpha_du alpha_pr  ls
 580  8.8217980e-04 2.15e-05 6.54e-03  -4.0 6.36e-03    -  1.00e+00 1.00e+00h  1
 581  8.8619078e-04 1.05e-04 3.38e-02  -4.1 1.55e-02    -  1.00e+00 1.00e+00h  1
 582  8.7922356e-04 8.15e-05 9.54e-02  -4.1 1.19e-02    -  1.00e+00 2.50e-01h  3
 583  8.4124072e-04 6.26e-05 3.99e-03  -4.1 1.20e-02    -  1.00e+00 1.00e+00h  1
 584  8.6673243e-04 3.61e-05 2.27e-02  -4.0 5.27e-03    -  1.00e+00 1.00e+00h  1
 585  8.3914911e-04 1.83e-05 5.91e-03  -4.1 3.37e-03    -  1.00e+00 1.00e+00h  1
 586  8.4039385e-04 1.13e-05 9.66e-03  -4.0 3.18e-03    -  1.00e+00 1.00e+00h  1
 587  8.3861595e-04 2.94e-06 1.29e-03  -4.0 1.56e-03    -  1.00e+00 1.00e+00h  1
 588  8.3830433e-04 3.00e-08 5.14e-04  -4.0 2.24e-04    -  1.00e+00 1.00e+00h  1
 589  8.3729571e-04 2.41e-07 2.51e-03  -4.0 6.88e-04    -  1.00e+00 1.00e+00h  1
iter    objective    inf_pr   inf_du lg(mu)  ||d||  lg(rg) alpha_du alpha_pr  ls
 590  8.2759582e-04 6.02e-05 6.02e-02  -4.0 1.46e-02    -  1.00e+00 1.00e+00h  1
 591  8.9628207e-04 1.11e-05 3.36e-02  -4.0 4.89e-03    -  1.00e+00 1.00e+00h  1
 592  8.2722483e-04 7.02e-06 1.21e-02  -4.1 3.55e-03    -  1.00e+00 1.00e+00h  1
 593  8.2456662e-04 2.88e-06 4.94e-03  -4.0 3.28e-03    -  1.00e+00 1.00e+00h  1
 594  8.1919858e-04 8.72e-06 2.66e-01  -4.0 4.40e-02    -  1.00e+00 1.25e-01h  4
 595  8.1827142e-04 4.45e-05 4.19e-01  -4.0 1.03e-01    -  1.00e+00 1.25e-01h  4
 596  8.1466002e-04 6.35e-05 4.68e-01  -4.1 3.38e-01    -  1.00e+00 3.12e-02h  6
 597  8.2245562e-04 1.25e-04 1.06e-01  -4.1 2.47e-02    -  1.00e+00 1.00e+00h  1
 598  8.0378753e-04 1.49e-04 1.93e-01  -4.1 1.89e-01    -  1.00e+00 6.25e-02h  5
 599  9.5365160e-04 1.26e-04 2.92e+00  -4.0 4.26e-02    -  1.00e+00 2.30e-01H  1
iter    objective    inf_pr   inf_du lg(mu)  ||d||  lg(rg) alpha_du alpha_pr  ls
 600  8.2116850e-04 3.72e-04 5.72e-02  -4.1 2.22e-02    -  1.00e+00 1.00e+00h  1
 601  1.3351053e-03 3.35e-04 4.33e-02  -4.1 2.79e-02    -  1.00e+00 5.00e-01h  2
 602  7.8675764e-04 4.84e-05 2.73e-02  -4.1 8.28e-03    -  1.00e+00 1.00e+00h  1
 603  7.8361494e-04 3.58e-05 2.35e-02  -4.0 7.16e-03    -  1.00e+00 1.00e+00h  1
 604  7.8503844e-04 1.81e-05 2.62e-02  -4.0 8.39e-03    -  1.00e+00 1.00e+00h  1
 605  7.8098010e-04 3.45e-05 1.80e-02  -4.0 8.08e-03    -  1.00e+00 1.00e+00h  1
 606  7.8752258e-04 2.64e-05 1.44e-02  -4.0 5.90e-03    -  1.00e+00 1.00e+00h  1
 607  7.7941744e-04 1.36e-05 6.00e-03  -4.0 3.22e-03    -  1.00e+00 1.00e+00h  1
 608  7.7878478e-04 1.58e-06 4.54e-03  -4.0 1.47e-03    -  1.00e+00 1.00e+00h  1
 609  7.8081289e-04 7.44e-09 7.49e-03  -4.0 1.80e-03    -  1.00e+00 1.00e+00H  1
iter    objective    inf_pr   inf_du lg(mu)  ||d||  lg(rg) alpha_du alpha_pr  ls
 610  7.7682376e-04 6.04e-07 5.46e-03  -4.0 8.30e-04    -  1.00e+00 1.00e+00h  1
 611  7.7607157e-04 4.32e-07 2.63e-03  -4.0 8.39e-04    -  1.00e+00 1.00e+00h  1
 612  7.8798379e-04 5.96e-08 4.41e-02  -4.0 1.11e-02    -  1.00e+00 1.00e+00H  1
 613  7.7282338e-04 1.39e-05 1.93e-02  -4.1 4.66e-03    -  1.00e+00 1.00e+00h  1
 614  7.8342542e-04 4.85e-05 1.57e-02  -4.0 7.68e-03    -  1.00e+00 1.00e+00h  1
 615  7.7170226e-04 2.32e-05 1.85e-03  -4.1 5.56e-03    -  1.00e+00 1.00e+00h  1
 616  7.7168846e-04 1.23e-07 1.35e-03  -4.0 5.18e-04    -  1.00e+00 1.00e+00h  1
 617  7.7048914e-04 1.43e-06 6.25e-03  -4.0 1.88e-03    -  1.00e+00 1.00e+00h  1
 618  7.7259529e-04 2.98e-05 4.96e-02  -4.0 1.42e-02    -  1.00e+00 5.00e-01h  2
 619  8.1417350e-04 2.37e-05 3.15e-02  -4.1 4.94e-03    -  1.00e+00 1.00e+00h  1
iter    objective    inf_pr   inf_du lg(mu)  ||d||  lg(rg) alpha_du alpha_pr  ls
 620  7.6953244e-04 9.87e-06 1.61e-02  -4.1 5.42e-03    -  1.00e+00 1.00e+00h  1
 621  7.8692370e-04 5.93e-06 1.59e-02  -4.0 2.22e-03    -  1.00e+00 1.00e+00h  1
 622  7.6787290e-04 1.08e-05 3.94e-03  -4.1 4.79e-03    -  1.00e+00 1.00e+00h  1
 623  7.7508824e-04 3.70e-05 2.94e-02  -4.0 5.99e-03    -  1.00e+00 1.00e+00h  1
 624  7.6586292e-04 1.37e-05 5.56e-03  -4.1 3.81e-03    -  1.00e+00 1.00e+00h  1
 625  7.6725755e-04 1.16e-06 5.22e-03  -4.0 2.38e-03    -  1.00e+00 1.00e+00H  1
 626  7.6582984e-04 1.13e-06 2.96e-03  -4.0 1.34e-03    -  1.00e+00 1.00e+00h  1
 627  7.6807098e-04 8.04e-06 1.63e-02  -4.0 3.23e-03    -  1.00e+00 1.00e+00h  1
 628  7.6624091e-04 3.66e-06 2.94e-03  -4.1 2.20e-03    -  1.00e+00 1.00e+00h  1
 629  7.6595349e-04 7.92e-07 2.42e-03  -4.0 1.08e-03    -  1.00e+00 1.00e+00h  1
iter    objective    inf_pr   inf_du lg(mu)  ||d||  lg(rg) alpha_du alpha_pr  ls
 630  7.6577669e-04 1.19e-07 6.11e-04  -4.0 3.93e-04    -  1.00e+00 1.00e+00h  1
 631  7.6570220e-04 3.76e-09 6.05e-04  -4.0 1.34e-04    -  1.00e+00 1.00e+00h  1
 632  7.6500548e-04 7.84e-06 2.11e-01  -4.0 2.11e-01    -  1.00e+00 3.12e-02h  6
 633  7.6498158e-04 8.79e-06 2.79e-01  -4.1 5.71e-02    -  1.00e+00 6.25e-02h  5
 634  7.6533381e-04 8.72e-06 2.10e-01  -4.1 2.46e-02    -  1.00e+00 2.50e-01h  3
 635  7.6006672e-04 3.44e-05 1.21e-01  -4.1 6.13e-02    -  1.00e+00 2.50e-01h  3
 636  7.6053806e-04 3.27e-05 3.32e-01  -4.0 6.40e-02    -  1.00e+00 6.25e-02h  5
 637  7.6735458e-04 8.02e-05 1.73e-01  -4.0 9.56e-02    -  1.00e+00 2.50e-01h  3
 638  8.0482550e-04 9.86e-05 1.61e-01  -4.1 7.18e-02    -  1.00e+00 1.25e-01h  4
 639  7.5187829e-04 3.46e-05 3.63e-02  -4.1 1.09e-02    -  1.00e+00 1.00e+00h  1
iter    objective    inf_pr   inf_du lg(mu)  ||d||  lg(rg) alpha_du alpha_pr  ls
 640  7.5067893e-04 3.31e-05 3.01e-01  -4.0 4.40e-02    -  1.00e+00 6.25e-02h  5
 641  7.5093829e-04 3.51e-05 1.42e-02  -4.0 1.49e-01    -  1.00e+00 3.12e-02h  6
 642  7.4958602e-04 4.13e-05 7.55e-02  -4.1 1.20e-01    -  1.00e+00 6.25e-02h  5
 643  7.4710979e-04 4.64e-05 5.28e-02  -4.0 5.74e-01    -  1.00e+00 1.56e-02h  7
 644  7.4603536e-04 5.51e-05 6.51e-02  -4.0 1.36e-01    -  1.00e+00 6.25e-02h  5
 645  7.4579062e-04 5.78e-05 1.26e-01  -4.0 7.13e-02    -  1.00e+00 6.25e-02h  5
 646  7.4342312e-04 5.50e-05 2.09e-01  -4.0 1.45e-01    -  1.00e+00 6.25e-02h  5
 647  7.4167573e-04 5.48e-05 1.82e-01  -4.0 5.19e-01    -  1.00e+00 3.12e-02h  6
 648  7.4158994e-04 5.66e-05 2.94e-01  -4.1 1.62e-01    -  1.00e+00 3.12e-02h  6
 649  7.8160797e-04 7.09e-05 6.16e-01  -4.1 4.71e-02    -  1.00e+00 3.39e-01H  1
iter    objective    inf_pr   inf_du lg(mu)  ||d||  lg(rg) alpha_du alpha_pr  ls
 650  7.6553874e-04 9.15e-05 3.52e-01  -4.1 6.83e-02    -  1.00e+00 1.25e-01f  4
 651  7.5258228e-04 1.04e-04 8.72e-01  -4.1 3.74e-01    -  8.31e-01 1.56e-02h  7
 652  7.8996030e-04 1.14e-03 1.51e+00  -4.1 5.68e+00    -  2.74e-01 8.70e-03h  6
 653  7.7486133e-04 9.17e-04 1.99e-01  -4.1 6.05e-02    -  1.00e+00 2.50e-01h  3
 654  7.5681911e-04 1.02e-03 5.90e-01  -4.1 1.07e-01    -  1.00e+00 2.50e-01h  3
 655  7.6510975e-04 9.71e-04 4.02e-01  -4.1 9.79e-02    -  1.00e+00 6.25e-02h  5
 656  7.4775262e-04 1.99e-04 8.29e-03  -4.1 2.09e-02    -  1.00e+00 1.00e+00h  1
 657  7.4376179e-04 2.05e-04 1.00e-01  -4.1 1.84e-01    -  1.00e+00 3.12e-02h  6
 658  7.4174596e-04 2.06e-04 2.27e-01  -4.1 1.47e-01    -  1.00e+00 3.12e-02h  6
 659  7.5417662e-04 1.63e-04 2.06e-02  -4.1 1.52e-02    -  1.00e+00 1.00e+00h  1
iter    objective    inf_pr   inf_du lg(mu)  ||d||  lg(rg) alpha_du alpha_pr  ls
 660  7.3507513e-04 9.12e-05 6.37e-03  -4.1 1.13e-02    -  1.00e+00 1.00e+00h  1
 661  7.6618896e-04 3.12e-05 1.09e-02  -4.0 6.50e-03    -  1.00e+00 1.00e+00h  1
 662  7.3726914e-04 1.92e-05 7.23e-03  -4.1 5.28e-03    -  1.00e+00 1.00e+00h  1
 663  7.9405441e-04 3.56e-06 3.57e-02  -4.1 1.29e-02    -  1.00e+00 1.00e+00H  1
 664  7.3534534e-04 5.30e-06 3.35e-03  -4.1 9.54e-03    -  1.00e+00 1.00e+00H  1
 665  7.3610665e-04 1.76e-05 1.79e-02  -4.0 4.14e-03    -  1.00e+00 1.00e+00h  1
 666  7.3379771e-04 6.98e-06 2.99e-03  -4.1 2.94e-03    -  1.00e+00 1.00e+00h  1
 667  7.3556760e-04 2.53e-06 5.83e-03  -4.0 1.87e-03    -  1.00e+00 1.00e+00h  1
 668  7.3450349e-04 8.73e-07 2.19e-03  -4.0 1.04e-03    -  1.00e+00 1.00e+00h  1
 669  7.3431646e-04 1.24e-07 9.45e-04  -4.0 4.34e-04    -  1.00e+00 1.00e+00h  1
iter    objective    inf_pr   inf_du lg(mu)  ||d||  lg(rg) alpha_du alpha_pr  ls
 670  7.3432026e-04 7.53e-09 2.84e-04  -4.0 9.11e-05    -  1.00e+00 1.00e+00h  1
 671  7.3416007e-04 5.65e-08 9.27e-04  -4.0 3.21e-04    -  1.00e+00 1.00e+00h  1
 672  7.3905749e-04 2.07e-08 8.54e-03  -4.0 2.55e-03    -  1.00e+00 1.00e+00H  1
 673  7.3333534e-04 2.41e-07 7.48e-03  -4.1 5.55e-04    -  1.00e+00 1.00e+00h  1
 674  7.3296022e-04 9.46e-09 1.58e-03  -4.0 2.04e-04    -  1.00e+00 1.00e+00h  1
 675  7.3277705e-04 6.97e-08 1.17e-03  -4.0 3.77e-04    -  1.00e+00 1.00e+00h  1
 676  7.3422431e-04 2.02e-08 1.26e-02  -4.0 3.40e-03    -  1.00e+00 1.00e+00H  1
 677  7.3398835e-04 1.99e-05 3.23e-02  -4.1 6.60e-03    -  1.00e+00 1.00e+00h  1
 678  7.3822590e-04 1.81e-05 4.77e-02  -4.1 1.21e-02    -  1.00e+00 2.50e-01h  3
 679  7.3170116e-04 1.06e-05 1.90e-03  -4.1 4.45e-03    -  1.00e+00 1.00e+00h  1
iter    objective    inf_pr   inf_du lg(mu)  ||d||  lg(rg) alpha_du alpha_pr  ls
 680  7.5712236e-04 4.32e-06 1.25e-02  -4.0 2.81e-03    -  1.00e+00 1.00e+00h  1
 681  7.3068450e-04 1.81e-06 2.19e-03  -4.1 1.99e-03    -  1.00e+00 1.00e+00h  1
 682  7.3176525e-04 8.33e-07 2.42e-03  -4.0 1.00e-03    -  1.00e+00 1.00e+00h  1
 683  7.3106702e-04 1.23e-07 2.87e-04  -4.0 3.49e-04    -  1.00e+00 1.00e+00h  1
 684  7.3104900e-04 2.37e-09 2.02e-04  -4.0 5.10e-05    -  1.00e+00 1.00e+00h  1
 685  7.3058238e-04 8.61e-07 4.69e-03  -4.0 1.08e-03    -  1.00e+00 1.00e+00h  1
 686  7.3064255e-04 1.14e-06 7.87e-02  -4.0 2.17e-02    -  1.00e+00 3.12e-02h  6
 687  7.3031787e-04 6.62e-07 4.11e-03  -4.1 1.24e-03    -  1.00e+00 1.00e+00h  1
 688  7.3442287e-04 2.98e-07 2.60e-02  -4.0 5.75e-03    -  1.00e+00 1.00e+00H  1
 689  7.3888519e-04 1.50e-07 1.36e-02  -4.1 4.55e-03    -  1.00e+00 1.00e+00H  1
iter    objective    inf_pr   inf_du lg(mu)  ||d||  lg(rg) alpha_du alpha_pr  ls
 690  7.3122595e-04 4.43e-06 5.40e-03  -4.1 2.63e-03    -  1.00e+00 1.00e+00h  1
 691  7.3317729e-04 2.63e-06 2.63e-02  -4.1 2.22e-03    -  1.00e+00 5.00e-01h  2
 692  7.2922051e-04 6.66e-09 9.96e-04  -4.1 2.15e-03    -  1.00e+00 1.00e+00H  1
 693  7.2958461e-04 6.85e-07 1.43e-01  -4.0 4.79e-03    -  1.00e+00 2.50e-01h  3
 694  7.3042889e-04 1.35e-07 1.12e-02  -4.1 2.54e-03    -  1.00e+00 1.00e+00H  1
 695  7.3253559e-04 4.59e-08 1.30e-02  -4.1 2.63e-03    -  1.00e+00 1.00e+00H  1
 696  7.3218568e-04 4.58e-06 8.19e-03  -4.1 4.06e-03    -  1.00e+00 1.00e+00h  1
 697  7.3215677e-04 3.34e-06 4.30e-02  -4.1 6.79e-03    -  1.00e+00 2.50e-01h  3
 698  7.2985032e-04 5.94e-08 8.98e-03  -4.1 4.91e-03    -  1.00e+00 1.00e+00H  1
 699  7.2997804e-04 2.33e-06 1.02e-01  -4.1 2.31e-02    -  1.00e+00 1.25e-01h  4
iter    objective    inf_pr   inf_du lg(mu)  ||d||  lg(rg) alpha_du alpha_pr  ls
 700  7.3220419e-04 6.23e-06 1.13e-02  -4.1 4.00e-03    -  1.00e+00 1.00e+00h  1
 701  7.3033552e-04 5.41e-06 8.11e-03  -4.1 7.97e-03    -  1.00e+00 2.50e-01h  3
 702  7.7576567e-04 6.82e-09 2.69e-02  -4.1 5.54e-03    -  1.00e+00 1.00e+00H  1
 703  7.2825547e-04 1.02e-05 8.81e-03  -4.1 3.81e-03    -  1.00e+00 1.00e+00h  1
 704  7.3506947e-04 8.70e-06 1.40e-02  -4.0 4.03e-03    -  1.00e+00 1.00e+00h  1
 705  7.2853196e-04 3.06e-06 1.65e-03  -4.1 2.27e-03    -  1.00e+00 1.00e+00h  1
 706  7.2844096e-04 3.50e-07 1.81e-03  -4.0 6.80e-04    -  1.00e+00 1.00e+00h  1
 707  7.2837845e-04 4.27e-08 1.79e-04  -4.0 2.54e-04    -  1.00e+00 1.00e+00h  1
 708  7.2837579e-04 5.54e-10 1.06e-04  -4.0 4.46e-05    -  1.00e+00 1.00e+00h  1
 709  7.2871909e-04 2.13e-07 2.19e-03  -4.0 6.70e-04    -  1.00e+00 1.00e+00h  1
iter    objective    inf_pr   inf_du lg(mu)  ||d||  lg(rg) alpha_du alpha_pr  ls
 710  7.2828834e-04 1.48e-07 1.19e-03  -4.1 4.28e-04    -  1.00e+00 1.00e+00h  1
 711  7.2833217e-04 4.62e-08 4.90e-04  -4.0 3.34e-04    -  1.00e+00 1.00e+00h  1
 712  7.2833464e-04 4.60e-09 2.56e-04  -4.0 7.65e-05    -  1.00e+00 1.00e+00h  1
 713  7.2826889e-04 4.13e-09 2.20e-04  -4.0 1.08e-04    -  1.00e+00 1.00e+00h  1
 714  7.2820436e-04 2.08e-08 9.39e-04  -4.0 2.64e-04    -  1.00e+00 1.00e+00h  1
 715  7.2846852e-04 2.34e-10 1.49e-02  -4.0 3.58e-03    -  1.00e+00 1.00e+00H  1
 716  7.2847320e-04 2.86e-06 2.08e-01  -4.1 2.58e-02    -  1.00e+00 1.25e-01h  4
 717  7.2711699e-04 1.93e-06 7.25e-02  -4.1 4.95e-03    -  1.00e+00 5.00e-01h  2
 718  7.2949226e-04 8.20e-06 1.29e-02  -4.0 2.43e-03    -  1.00e+00 1.00e+00h  1
 719  7.2750437e-04 2.18e-06 2.53e-03  -4.1 1.44e-03    -  1.00e+00 1.00e+00h  1
iter    objective    inf_pr   inf_du lg(mu)  ||d||  lg(rg) alpha_du alpha_pr  ls
 720  7.2828137e-04 3.99e-07 2.25e-02  -4.0 6.06e-03    -  1.00e+00 1.00e+00H  1
 721  7.2779054e-04 5.64e-07 1.28e-01  -4.1 1.92e-02    -  1.00e+00 6.25e-02h  5
 722  7.2664562e-04 4.93e-06 6.50e-03  -4.1 3.17e-03    -  1.00e+00 1.00e+00h  1
 723  7.3227224e-04 5.40e-06 2.68e-02  -4.0 1.22e-02    -  1.00e+00 2.50e-01h  3
 724  7.2677166e-04 6.01e-06 3.74e-03  -4.1 2.43e-03    -  1.00e+00 1.00e+00h  1
 725  7.2833941e-04 2.22e-06 1.28e-02  -4.0 2.91e-03    -  1.00e+00 1.00e+00h  1
 726  7.2898542e-04 2.09e-06 1.04e-02  -4.1 1.54e-03    -  1.00e+00 1.00e+00h  1
 727  7.2669886e-04 1.50e-06 1.91e-03  -4.1 2.06e-03    -  1.00e+00 1.00e+00h  1
 728  7.2683383e-04 2.14e-07 3.81e-03  -4.0 1.14e-03    -  1.00e+00 1.00e+00h  1
 729  7.3113486e-04 4.89e-07 9.23e-03  -4.0 1.54e-03    -  1.00e+00 1.00e+00H  1
iter    objective    inf_pr   inf_du lg(mu)  ||d||  lg(rg) alpha_du alpha_pr  ls
 730  7.2672912e-04 1.03e-06 3.32e-03  -4.1 1.50e-03    -  1.00e+00 1.00e+00h  1
 731  7.2656168e-04 2.03e-07 1.49e-03  -4.0 6.09e-04    -  1.00e+00 1.00e+00h  1
 732  7.2637070e-04 1.44e-07 1.32e-03  -4.0 4.42e-04    -  1.00e+00 1.00e+00h  1
 733  7.2638812e-04 3.01e-08 5.83e-04  -4.0 1.84e-04    -  1.00e+00 1.00e+00h  1
 734  7.2635036e-04 2.94e-09 4.17e-04  -4.0 1.07e-04    -  1.00e+00 1.00e+00h  1
 735  7.3215260e-04 4.83e-09 1.31e-02  -4.0 3.57e-03    -  1.00e+00 1.00e+00H  1
 736  7.2915011e-04 4.17e-07 1.34e-02  -4.1 2.11e-03    -  1.00e+00 1.00e+00h  1
 737  7.2666995e-04 1.22e-06 2.61e-03  -4.1 1.54e-03    -  1.00e+00 1.00e+00h  1
 738  7.2747421e-04 1.44e-08 5.10e-03  -4.1 1.62e-03    -  1.00e+00 1.00e+00H  1
 739  7.2661860e-04 1.14e-06 2.81e-03  -4.1 1.83e-03    -  1.00e+00 1.00e+00h  1
iter    objective    inf_pr   inf_du lg(mu)  ||d||  lg(rg) alpha_du alpha_pr  ls
 740  7.2697324e-04 2.05e-06 1.43e-02  -4.1 6.28e-03    -  1.00e+00 2.50e-01h  3
 741  7.2617417e-04 1.72e-06 3.33e-03  -4.1 1.40e-03    -  1.00e+00 1.00e+00h  1
 742  7.2579338e-04 7.58e-07 3.14e-03  -4.0 7.90e-04    -  1.00e+00 1.00e+00h  1
 743  7.2555761e-04 9.33e-08 3.83e-04  -4.0 3.54e-04    -  1.00e+00 1.00e+00h  1
 744  7.2582591e-04 3.52e-08 1.33e-03  -4.0 3.42e-04    -  1.00e+00 1.00e+00h  1
 745  7.2553682e-04 9.46e-09 1.66e-03  -4.0 2.72e-04    -  1.00e+00 1.00e+00h  1
 746  7.2525895e-04 9.13e-08 1.47e-03  -4.0 3.30e-04    -  1.00e+00 1.00e+00h  1
 747  7.2539734e-04 4.98e-08 6.75e-04  -4.0 2.30e-04    -  1.00e+00 1.00e+00h  1
 748  7.2537875e-04 8.36e-13 4.96e-04  -4.0 1.52e-04    -  1.00e+00 1.00e+00H  1
 749  7.2554417e-04 8.44e-15 1.71e-02  -4.0 4.27e-03    -  1.00e+00 1.00e+00H  1
iter    objective    inf_pr   inf_du lg(mu)  ||d||  lg(rg) alpha_du alpha_pr  ls
 750  7.2524338e-04 8.09e-07 1.86e-01  -4.1 6.50e-02    -  1.00e+00 3.12e-02f  6
 751  7.2555294e-04 9.05e-07 1.08e-01  -4.1 5.57e-03    -  1.00e+00 5.00e-01h  2
 752  7.2591396e-04 1.11e-06 2.00e-01  -4.1 7.23e-02    -  1.00e+00 6.25e-02h  5
 753  7.2630861e-04 1.20e-08 3.03e-03  -4.1 4.08e-03    -  1.00e+00 1.00e+00H  1
 754  7.2502476e-04 7.94e-07 6.56e-03  -4.1 5.08e-02    -  1.00e+00 6.25e-02h  5
 755  7.2511599e-04 1.27e-06 1.55e-01  -4.0 2.35e-02    -  1.00e+00 6.25e-02h  5
 756  7.2532769e-04 1.49e-06 6.36e-02  -4.1 1.43e-02    -  1.00e+00 6.25e-02h  5
 757  7.2364637e-04 4.65e-06 8.69e-03  -4.1 5.23e-03    -  1.00e+00 1.00e+00h  1
 758  7.2416621e-04 5.83e-06 1.06e-01  -4.0 5.00e-02    -  1.00e+00 6.25e-02h  5
 759  7.2325753e-04 1.28e-05 4.77e-02  -4.1 7.28e-02    -  1.00e+00 1.25e-01h  4
iter    objective    inf_pr   inf_du lg(mu)  ||d||  lg(rg) alpha_du alpha_pr  ls
 760  7.2407402e-04 6.44e-05 4.61e-01  -4.1 6.55e-01    -  1.00e+00 3.12e-02h  6
 761  7.2391500e-04 6.63e-05 1.68e-01  -4.1 5.90e-01    -  1.00e+00 7.81e-03h  8
 762  7.2424710e-04 6.57e-05 1.70e-01  -4.1 1.73e-01    -  1.00e+00 3.12e-02h  6
 763  7.2799871e-04 1.07e-04 4.70e-01  -4.1 3.69e-01    -  1.00e+00 6.25e-02h  5
 764  7.2668462e-04 1.12e-04 2.25e-01  -4.1 1.66e+00    -  1.00e+00 3.91e-03h  9
 765  7.2522926e-04 1.08e-04 3.92e-01  -4.1 3.22e-01    -  1.00e+00 3.12e-02h  6
 766  7.2379137e-04 1.92e-05 2.75e-02  -4.1 1.26e-02    -  1.00e+00 1.00e+00h  1
 767  7.3020734e-04 4.08e-05 2.56e-01  -4.1 7.32e-02    -  1.00e+00 2.50e-01h  3
 768  7.2940188e-04 4.09e-05 6.97e-02  -4.1 1.92e-01    -  1.00e+00 1.56e-02h  7
 769  7.2762636e-04 4.04e-05 2.41e-01  -4.1 1.25e-01    -  1.00e+00 3.12e-02h  6
iter    objective    inf_pr   inf_du lg(mu)  ||d||  lg(rg) alpha_du alpha_pr  ls
 770  7.2591369e-04 3.94e-05 3.81e-02  -4.1 1.04e-01    -  1.00e+00 3.12e-02h  6
 771  7.2273448e-04 3.89e-05 3.85e-02  -4.1 3.59e-02    -  1.00e+00 2.50e-01h  3
 772  7.2291656e-04 4.28e-05 4.17e-01  -4.0 8.59e-01    -  1.00e+00 7.81e-03h  8
 773  7.1971053e-04 5.61e-05 3.45e-02  -4.1 1.07e-01    -  1.00e+00 1.25e-01h  4
 774  7.3192937e-04 5.84e-05 2.30e-01  -4.0 6.46e-02    -  1.00e+00 1.25e-01h  4
 775  7.1907526e-04 1.93e-05 9.43e-03  -4.1 5.35e-03    -  1.00e+00 1.00e+00h  1
 776  7.7386754e-04 2.24e-06 4.80e-02  -4.0 1.21e-02    -  1.00e+00 1.00e+00H  1
 777  7.8542966e-04 2.82e-06 9.27e-02  -4.1 3.30e-02    -  1.00e+00 1.00e+00H  1
 778  7.2087851e-04 2.43e-05 1.91e-02  -4.1 3.91e-02    -  1.00e+00 1.00e+00H  1
 779  7.2464469e-04 2.54e-05 6.54e-01  -4.1 1.19e-01    -  1.00e+00 3.12e-02h  6
iter    objective    inf_pr   inf_du lg(mu)  ||d||  lg(rg) alpha_du alpha_pr  ls
 780  7.6376581e-04 9.48e-05 4.18e-02  -4.1 2.23e-02    -  1.00e+00 5.00e-01h  2
 781  7.2534626e-04 2.65e-05 8.48e-03  -4.1 1.83e-02    -  1.00e+00 1.00e+00h  1
 782  7.3403159e-04 3.12e-05 4.86e-01  -4.1 9.38e-02    -  9.40e-01 1.25e-01h  4
 783  7.4040809e-04 5.21e-05 2.43e-02  -4.1 3.93e-02    -  1.00e+00 2.50e-01h  3
 784  7.3256601e-04 2.14e-05 5.35e-03  -4.1 5.14e-03    -  1.00e+00 1.00e+00h  1
 785  7.2264960e-04 5.49e-06 5.97e-03  -4.1 2.50e-03    -  1.00e+00 1.00e+00h  1
 786  7.1650508e-04 2.75e-06 4.59e-03  -4.0 2.13e-03    -  1.00e+00 1.00e+00h  1
 787  7.1770440e-04 1.96e-06 5.03e-03  -4.0 1.36e-03    -  1.00e+00 1.00e+00h  1
 788  7.1669879e-04 7.76e-07 1.36e-03  -4.0 1.02e-03    -  1.00e+00 1.00e+00h  1
 789  7.1643167e-04 8.12e-08 1.22e-03  -4.0 2.57e-04    -  1.00e+00 1.00e+00h  1
iter    objective    inf_pr   inf_du lg(mu)  ||d||  lg(rg) alpha_du alpha_pr  ls
 790  7.1653420e-04 2.24e-08 1.10e-04  -4.0 1.46e-04    -  1.00e+00 1.00e+00h  1
 791  7.1653384e-04 2.86e-10 8.22e-05  -4.0 2.09e-05    -  1.00e+00 1.00e+00h  1
 792  7.1638691e-04 1.18e-07 1.40e-03  -4.0 5.00e-04    -  1.00e+00 1.00e+00h  1
 793  7.1638533e-04 1.62e-07 2.09e-02  -4.0 1.13e-02    -  1.00e+00 3.12e-02h  6
 794  7.1615979e-04 6.98e-08 2.07e-03  -4.1 5.25e-04    -  1.00e+00 1.00e+00h  1
 795  7.1588490e-04 1.88e-07 2.05e-01  -4.0 1.20e-02    -  1.00e+00 6.25e-02h  5
 796  7.1618255e-04 6.69e-07 6.53e-03  -4.1 1.79e-03    -  1.00e+00 1.00e+00h  1
 797  7.9383891e-04 1.19e-08 6.44e-02  -4.1 1.64e-02    -  1.00e+00 1.00e+00H  1
 798  7.8341135e-04 7.77e-08 6.25e-02  -4.1 6.81e-03    -  1.00e+00 6.25e-02h  5
 799  7.7865817e-04 1.15e-07 6.14e-01  -4.1 3.90e-02    -  1.00e+00 1.56e-02h  7
iter    objective    inf_pr   inf_du lg(mu)  ||d||  lg(rg) alpha_du alpha_pr  ls
 800  7.6891433e-04 1.96e-07 9.35e-02  -4.1 1.46e-02    -  1.00e+00 6.25e-02h  5
 801  7.6505957e-04 1.96e-07 7.91e-02  -4.1 1.86e-02    -  1.00e+00 1.56e-02h  7
 802  7.2259871e-04 2.42e-05 1.68e-02  -4.1 8.92e-03    -  1.00e+00 1.00e+00h  1
 803  7.6834912e-04 1.93e-05 9.81e-02  -4.1 1.30e-02    -  1.00e+00 2.50e-01h  3
 804  7.1479978e-04 6.34e-06 9.02e-04  -4.1 2.83e-03    -  1.00e+00 1.00e+00h  1
 805  7.1466385e-04 3.13e-07 2.16e-03  -4.0 8.30e-04    -  1.00e+00 1.00e+00h  1
 806  7.1429078e-04 4.22e-07 3.99e-03  -4.0 2.48e-03    -  1.00e+00 1.00e+00h  1
 807  7.1603184e-04 1.92e-07 3.11e-03  -4.0 6.85e-04    -  1.00e+00 1.00e+00h  1
 808  7.1436780e-04 1.10e-07 7.97e-04  -4.1 9.79e-04    -  1.00e+00 1.00e+00h  1
 809  7.1400202e-04 2.10e-07 2.05e-03  -4.0 4.96e-04    -  1.00e+00 1.00e+00h  1
iter    objective    inf_pr   inf_du lg(mu)  ||d||  lg(rg) alpha_du alpha_pr  ls
 810  7.1422271e-04 9.48e-08 1.43e-04  -4.0 3.33e-04    -  1.00e+00 1.00e+00h  1
 811  7.1421569e-04 5.05e-10 8.08e-05  -4.0 3.38e-05    -  1.00e+00 1.00e+00h  1
 812  7.1823692e-04 1.34e-10 1.13e-02  -4.0 2.69e-03    -  1.00e+00 1.00e+00H  1
 813  7.1472607e-04 2.17e-06 4.10e-03  -4.1 1.80e-03    -  1.00e+00 1.00e+00h  1
 814  7.1411933e-04 1.50e-05 1.52e-02  -4.1 4.23e-03    -  1.00e+00 1.00e+00h  1
 815  7.1385474e-04 8.17e-06 6.43e-04  -4.1 3.10e-03    -  1.00e+00 1.00e+00h  1
 816  7.1442918e-04 1.35e-07 1.18e-03  -4.0 4.87e-04    -  1.00e+00 1.00e+00h  1
 817  7.1396655e-04 3.87e-08 3.04e-04  -4.1 1.81e-04    -  1.00e+00 1.00e+00h  1
 818  7.1396820e-04 3.97e-09 1.71e-04  -4.0 7.73e-05    -  1.00e+00 1.00e+00h  1
 819  7.1396977e-04 1.13e-09 1.41e-04  -4.0 4.73e-05    -  1.00e+00 1.00e+00h  1
iter    objective    inf_pr   inf_du lg(mu)  ||d||  lg(rg) alpha_du alpha_pr  ls
 820  7.1420421e-04 1.16e-07 9.92e-04  -4.0 3.76e-04    -  1.00e+00 1.00e+00h  1
 821  7.1396900e-04 3.20e-08 4.15e-04  -4.1 1.76e-04    -  1.00e+00 1.00e+00h  1
 822  7.1372250e-04 5.39e-08 7.44e-04  -6.1 2.36e-04    -  1.00e+00 1.00e+00h  1
 823  7.2305590e-04 3.37e-05 9.11e-01  -4.0 9.71e-02    -  1.00e+00 6.25e-02h  5
 824  7.1393065e-04 3.13e-05 9.95e-04  -4.1 5.88e-03    -  1.00e+00 1.00e+00h  1
 825  7.1071185e-04 9.81e-06 7.52e-03  -4.1 3.22e-03    -  1.00e+00 1.00e+00h  1
 826  7.1605880e-04 2.50e-05 8.00e-03  -4.0 5.13e-03    -  1.00e+00 1.00e+00h  1
 827  7.1384908e-04 3.70e-06 1.97e-04  -4.1 2.02e-03    -  1.00e+00 1.00e+00h  1
 828  7.1358483e-04 5.05e-08 8.21e-04  -6.1 2.44e-04    -  1.00e+00 1.00e+00h  1
 829  7.2393375e-04 2.37e-05 2.82e-02  -4.0 5.38e-03    -  1.00e+00 1.00e+00h  1
iter    objective    inf_pr   inf_du lg(mu)  ||d||  lg(rg) alpha_du alpha_pr  ls
 830  7.1606177e-04 8.37e-06 6.90e-03  -4.1 3.21e-03    -  1.00e+00 1.00e+00h  1
 831  7.1438387e-04 5.34e-06 2.97e-03  -4.1 2.59e-03    -  1.00e+00 1.00e+00h  1
 832  7.1391916e-04 4.17e-07 3.55e-04  -4.1 7.28e-04    -  1.00e+00 1.00e+00h  1
 833  7.1360380e-04 5.70e-08 1.06e-03  -6.1 2.69e-04    -  1.00e+00 1.00e+00h  1
 834  7.0939305e-04 2.73e-05 7.58e-04  -6.1 5.98e-03    -  1.00e+00 1.00e+00h  1
 835  9.4157105e-04 3.18e-03 6.94e-02  -4.0 2.67e-01    -  1.00e+00 2.50e-01h  3
 836  7.4403779e-04 1.06e-03 3.68e-03  -4.1 3.82e-02    -  1.00e+00 1.00e+00h  1
 837  7.0336457e-04 1.10e-03 2.23e-03  -4.1 3.82e-02    -  1.00e+00 1.00e+00h  1
 838  7.8591671e-04 2.51e-04 1.53e-03  -4.0 1.86e-02    -  1.00e+00 1.00e+00h  1
 839  7.2162314e-04 6.04e-06 3.30e-03  -4.1 3.49e-03    -  1.00e+00 1.00e+00h  1
iter    objective    inf_pr   inf_du lg(mu)  ||d||  lg(rg) alpha_du alpha_pr  ls
 840  6.9563798e-04 6.25e-04 4.68e-02  -4.1 2.83e-02    -  1.00e+00 1.00e+00h  1
 841  7.0771144e-04 1.94e-04 1.09e-02  -4.0 1.54e-02    -  1.00e+00 1.00e+00h  1
 842  8.5519818e-04 1.26e-04 3.78e-03  -4.0 1.24e-02    -  1.00e+00 1.00e+00h  1
 843  7.1262738e-04 1.66e-05 1.55e-03  -4.1 4.23e-03    -  1.00e+00 1.00e+00h  1
 844  7.1634023e-04 1.12e-05 7.87e-03  -4.1 3.73e-03    -  1.00e+00 1.00e+00h  1
 845  7.1357015e-04 5.74e-06 1.45e-03  -4.1 2.70e-03    -  1.00e+00 1.00e+00h  1
 846  7.1410446e-04 2.91e-07 1.01e-03  -4.0 6.29e-04    -  1.00e+00 1.00e+00h  1
 847  7.1386210e-04 1.94e-08 1.56e-04  -4.1 1.72e-04    -  1.00e+00 1.00e+00h  1
 848  7.1386540e-04 2.50e-10 9.23e-05  -4.0 1.84e-05    -  1.00e+00 1.00e+00h  1
 849  7.1386866e-04 1.37e-08 4.87e-04  -4.0 1.40e-04    -  1.00e+00 1.00e+00h  1
iter    objective    inf_pr   inf_du lg(mu)  ||d||  lg(rg) alpha_du alpha_pr  ls
 850  7.1370467e-04 1.00e-08 3.73e-03  -4.1 9.33e-04    -  1.00e+00 1.00e+00H  1
 851  7.1394028e-04 2.49e-07 1.38e-03  -4.0 7.15e-04    -  1.00e+00 1.00e+00h  1
 852  7.1377046e-04 1.21e-08 9.54e-04  -4.1 1.34e-04    -  1.00e+00 1.00e+00h  1
 853  7.1370219e-04 1.91e-08 1.06e-03  -4.1 1.78e-04    -  1.00e+00 1.00e+00h  1
 854  7.1348970e-04 3.17e-09 4.01e-03  -4.1 1.06e-03    -  1.00e+00 1.00e+00H  1
 855  7.1385333e-04 7.53e-06 1.54e-01  -4.0 2.70e-02    -  1.00e+00 1.25e-01h  4
 856  7.1437869e-04 7.30e-06 4.68e-02  -4.1 1.11e-02    -  1.00e+00 6.25e-02h  5
 857  7.1353793e-04 6.67e-06 8.71e-04  -4.1 3.18e-03    -  1.00e+00 1.00e+00h  1
 858  7.1552875e-04 2.39e-06 7.39e-03  -4.1 1.64e-03    -  1.00e+00 1.00e+00h  1
 859  7.1325555e-04 1.37e-06 3.94e-03  -4.1 1.32e-03    -  1.00e+00 1.00e+00h  1
iter    objective    inf_pr   inf_du lg(mu)  ||d||  lg(rg) alpha_du alpha_pr  ls
 860  7.1392100e-04 5.00e-07 5.00e-03  -4.0 9.06e-04    -  1.00e+00 1.00e+00h  1
 861  7.1335468e-04 2.98e-07 1.80e-03  -4.1 6.50e-04    -  1.00e+00 1.00e+00h  1
 862  7.1331647e-04 4.83e-08 9.58e-04  -4.0 2.13e-04    -  1.00e+00 1.00e+00h  1
 863  7.1330121e-04 2.09e-09 1.80e-04  -4.0 7.07e-05    -  1.00e+00 1.00e+00h  1
 864  7.1390569e-04 2.11e-09 3.07e-03  -4.0 8.84e-04    -  1.00e+00 1.00e+00H  1
 865  7.1319345e-04 6.19e-07 6.32e-03  -4.1 1.19e-03    -  1.00e+00 1.00e+00h  1
 866  7.1362417e-04 6.40e-07 9.27e-03  -4.1 4.23e-03    -  1.00e+00 1.25e-01h  4
 867  7.1292146e-04 9.49e-08 5.62e-04  -4.1 4.38e-04    -  1.00e+00 1.00e+00h  1
 868  7.1368125e-04 5.12e-07 4.08e-03  -4.0 7.41e-04    -  1.00e+00 1.00e+00h  1
 869  7.1309583e-04 2.63e-07 5.54e-04  -4.1 5.43e-04    -  1.00e+00 1.00e+00h  1
iter    objective    inf_pr   inf_du lg(mu)  ||d||  lg(rg) alpha_du alpha_pr  ls
 870  7.1296601e-04 3.85e-11 8.42e-04  -4.0 3.60e-04    -  1.00e+00 1.00e+00H  1
 871  7.1228183e-04 3.96e-06 1.40e-02  -4.0 7.58e-03    -  1.00e+00 5.00e-01h  2
 872  7.1615976e-04 7.63e-06 8.45e-03  -4.1 3.22e-03    -  1.00e+00 1.00e+00h  1
 873  7.1952772e-04 3.17e-06 1.08e-02  -4.1 2.03e-03    -  1.00e+00 1.00e+00h  1
 874  7.1278457e-04 7.87e-06 2.67e-03  -4.1 2.69e-03    -  1.00e+00 1.00e+00h  1
 875  7.1325389e-04 9.38e-08 1.71e-03  -4.1 3.96e-04    -  1.00e+00 1.00e+00h  1
 876  7.1235948e-04 1.06e-07 1.54e-03  -4.1 3.73e-04    -  1.00e+00 1.00e+00h  1
 877  7.1262458e-04 8.50e-08 1.75e-03  -4.0 3.40e-04    -  1.00e+00 1.00e+00h  1
 878  7.1273891e-04 5.27e-07 3.45e-03  -4.0 8.51e-04    -  1.00e+00 1.00e+00h  1
 879  7.1251455e-04 2.04e-07 1.45e-03  -4.1 5.51e-04    -  1.00e+00 1.00e+00h  1
iter    objective    inf_pr   inf_du lg(mu)  ||d||  lg(rg) alpha_du alpha_pr  ls
 880  7.1256338e-04 5.88e-10 7.47e-04  -4.0 3.91e-04    -  1.00e+00 1.00e+00H  1
 881  7.1254222e-04 4.70e-11 9.31e-04  -4.0 2.15e-04    -  1.00e+00 1.00e+00H  1
 882  7.1249732e-04 1.69e-08 1.92e-04  -4.0 1.62e-04    -  1.00e+00 1.00e+00h  1
 883  7.1249139e-04 1.77e-10 1.11e-04  -4.0 1.75e-05    -  1.00e+00 1.00e+00h  1
 884  7.1258854e-04 1.33e-06 6.85e-03  -4.0 1.56e-03    -  1.00e+00 1.00e+00h  1
 885  7.1300873e-04 1.85e-06 7.16e-03  -4.1 1.33e-03    -  1.00e+00 1.00e+00h  1
 886  7.1224105e-04 1.72e-06 2.64e-03  -4.1 1.15e-03    -  1.00e+00 1.00e+00h  1
 887  7.1244316e-04 4.58e-08 9.28e-04  -4.0 2.32e-04    -  1.00e+00 1.00e+00h  1
 888  7.1232063e-04 8.72e-12 1.10e-03  -4.0 1.79e-04    -  1.00e+00 1.00e+00H  1
 889  7.1226241e-04 4.75e-07 4.03e-03  -4.0 9.13e-04    -  1.00e+00 1.00e+00h  1
iter    objective    inf_pr   inf_du lg(mu)  ||d||  lg(rg) alpha_du alpha_pr  ls
 890  7.2470188e-04 7.41e-08 1.02e-02  -4.0 2.22e-03    -  1.00e+00 1.00e+00H  1
 891  7.1249479e-04 1.61e-06 3.86e-03  -4.1 1.82e-03    -  1.00e+00 1.00e+00h  1
 892  7.1639186e-04 2.84e-07 1.45e-02  -4.1 3.39e-03    -  1.00e+00 1.00e+00H  1
 893  7.1227167e-04 1.02e-05 4.60e-03  -4.1 4.40e-03    -  1.00e+00 1.00e+00h  1
 894  7.1204165e-04 1.40e-05 1.02e-02  -4.1 2.43e-02    -  1.00e+00 1.25e-01h  4
 895  7.1561740e-04 7.13e-06 1.03e-02  -4.1 3.83e-03    -  1.00e+00 5.00e-01h  2
 896  7.1211405e-04 3.30e-06 5.11e-04  -4.1 2.62e-03    -  1.00e+00 1.00e+00h  1
 897  7.1185686e-04 3.10e-07 1.34e-03  -6.1 7.72e-04    -  1.00e+00 1.00e+00h  1
 898  7.3289635e-04 1.00e-04 4.56e-01  -4.0 2.18e-02    -  1.00e+00 5.00e-01h  2
 899  7.1690089e-04 3.61e-05 7.68e-03  -4.1 6.25e-03    -  1.00e+00 1.00e+00h  1
iter    objective    inf_pr   inf_du lg(mu)  ||d||  lg(rg) alpha_du alpha_pr  ls
 900  7.2275726e-04 3.86e-05 1.20e-02  -4.1 7.62e-03    -  1.00e+00 1.00e+00h  1
 901  7.1527424e-04 1.10e-05 7.55e-03  -4.1 5.10e-03    -  1.00e+00 1.00e+00h  1
 902  7.1483757e-04 8.94e-06 9.58e-03  -4.1 4.21e-03    -  1.00e+00 1.00e+00h  1
 903  7.1205795e-04 6.60e-06 4.40e-03  -4.1 3.35e-03    -  1.00e+00 1.00e+00h  1
 904  7.1219976e-04 7.07e-07 2.00e-03  -4.1 1.25e-03    -  1.00e+00 1.00e+00h  1
 905  7.1261333e-04 5.50e-07 2.74e-03  -4.1 7.49e-04    -  1.00e+00 1.00e+00h  1
 906  7.1204327e-04 3.11e-07 1.12e-04  -4.1 5.97e-04    -  1.00e+00 1.00e+00h  1
 907  7.1210963e-04 3.51e-09 1.17e-04  -4.0 6.51e-05    -  1.00e+00 1.00e+00h  1
 908  7.1209593e-04 3.12e-10 6.07e-05  -4.0 1.93e-05    -  1.00e+00 1.00e+00h  1
 909  7.1204472e-04 6.93e-09 3.26e-04  -4.0 9.17e-05    -  1.00e+00 1.00e+00h  1
iter    objective    inf_pr   inf_du lg(mu)  ||d||  lg(rg) alpha_du alpha_pr  ls
 910  7.1182252e-04 8.71e-10 6.93e-03  -4.0 1.30e-03    -  1.00e+00 1.00e+00H  1
 911  7.1216040e-04 2.34e-07 4.21e-03  -4.0 7.17e-04    -  1.00e+00 1.00e+00h  1
 912  7.1245107e-04 4.65e-09 2.27e-03  -4.1 7.60e-04    -  1.00e+00 1.00e+00H  1
 913  7.1226448e-04 1.18e-07 9.02e-04  -4.1 3.14e-04    -  1.00e+00 1.00e+00h  1
 914  7.1192144e-04 8.88e-08 1.06e-03  -4.1 3.90e-04    -  1.00e+00 1.00e+00h  1
 915  7.1198557e-04 2.49e-08 6.44e-04  -4.1 2.23e-04    -  1.00e+00 1.00e+00h  1
 916  7.1140893e-04 2.31e-07 6.25e-04  -6.1 5.19e-04    -  1.00e+00 1.00e+00h  1
 917  7.2093638e-04 3.26e-05 3.20e-02  -4.0 6.09e-03    -  1.00e+00 1.00e+00h  1
 918  7.1383306e-04 1.15e-05 7.25e-03  -4.1 3.53e-03    -  1.00e+00 1.00e+00h  1
 919  7.1169833e-04 4.02e-06 1.59e-03  -4.1 2.11e-03    -  1.00e+00 1.00e+00h  1
iter    objective    inf_pr   inf_du lg(mu)  ||d||  lg(rg) alpha_du alpha_pr  ls
 920  7.1191971e-04 7.26e-08 3.29e-04  -4.1 2.76e-04    -  1.00e+00 1.00e+00h  1
 921  7.1169130e-04 4.98e-08 9.50e-04  -6.1 2.39e-04    -  1.00e+00 1.00e+00h  1
 922  7.2905693e-04 8.47e-05 8.52e-01  -4.0 7.89e-02    -  1.00e+00 1.25e-01h  4
 923  7.1806453e-04 3.92e-05 2.67e-03  -4.1 6.74e-03    -  1.00e+00 1.00e+00h  1
 924  7.1087623e-04 3.78e-05 8.39e-01  -4.1 3.13e-02    -  1.00e+00 1.35e-01H  1
 925  7.0787100e-04 1.49e-05 2.62e-03  -4.1 3.97e-03    -  1.00e+00 1.00e+00f  1
 926  7.3259503e-04 3.80e-04 4.75e-02  -4.0 2.10e-02    -  1.00e+00 1.00e+00h  1
 927  7.1719146e-04 1.03e-04 1.08e-02  -4.1 1.10e-02    -  1.00e+00 1.00e+00h  1
 928  7.1108080e-04 3.09e-05 1.48e-03  -4.1 6.00e-03    -  1.00e+00 1.00e+00h  1
 929  7.1225627e-04 1.51e-06 1.46e-03  -4.1 1.33e-03    -  1.00e+00 1.00e+00h  1
iter    objective    inf_pr   inf_du lg(mu)  ||d||  lg(rg) alpha_du alpha_pr  ls
 930  7.1177288e-04 2.00e-07 5.01e-04  -4.1 4.78e-04    -  1.00e+00 1.00e+00h  1
 931  7.1153053e-04 5.26e-08 1.06e-03  -6.1 2.36e-04    -  1.00e+00 1.00e+00h  1
 932  7.2794604e-04 3.18e-05 8.89e-01  -4.0 9.41e-02    -  1.00e+00 6.25e-02h  5
 933  7.1133612e-04 3.36e-05 8.76e-04  -4.1 6.09e-03    -  1.00e+00 1.00e+00h  1
 934  7.1699510e-04 2.07e-05 1.10e-02  -4.1 4.82e-03    -  1.00e+00 1.00e+00h  1
 935  7.1097738e-04 2.38e-05 2.06e-03  -4.1 5.15e-03    -  1.00e+00 1.00e+00h  1
 936  7.1212345e-04 1.12e-06 1.04e-03  -4.1 1.13e-03    -  1.00e+00 1.00e+00h  1
 937  7.1183596e-04 6.99e-08 1.81e-04  -4.1 2.75e-04    -  1.00e+00 1.00e+00h  1
 938  7.1158346e-04 5.17e-08 1.04e-03  -6.1 2.45e-04    -  1.00e+00 1.00e+00h  1
 939  7.0725172e-04 6.77e-05 1.61e-02  -6.1 7.03e-02    -  1.00e+00 1.28e-01h  3
iter    objective    inf_pr   inf_du lg(mu)  ||d||  lg(rg) alpha_du alpha_pr  ls
 940  8.9829334e-04 1.05e-03 2.10e-02  -4.0 7.07e-02    -  1.00e+00 5.00e-01h  2
 941  7.1142783e-04 6.26e-04 5.73e-04  -4.1 2.75e-02    -  1.00e+00 1.00e+00h  1
 942  7.0453427e-04 3.22e-05 9.01e-04  -6.1 7.05e-03    -  1.00e+00 1.00e+00h  1
 943  8.0011190e-04 2.97e-03 9.08e-02  -4.0 6.12e-02    -  1.00e+00 1.00e+00h  1
 944  7.3897338e-04 7.62e-04 2.25e-02  -4.1 3.09e-02    -  1.00e+00 1.00e+00h  1
 945  7.3347968e-04 2.29e-04 3.86e-03  -4.1 1.77e-02    -  1.00e+00 1.00e+00h  1
 946  7.9215346e-04 1.62e-04 7.65e-03  -4.1 1.31e-02    -  1.00e+00 1.00e+00h  1
 947  7.1904719e-04 9.27e-05 2.21e-03  -4.1 1.00e-02    -  1.00e+00 1.00e+00h  1
 948  7.1254271e-04 2.91e-06 1.48e-03  -4.1 2.25e-03    -  1.00e+00 1.00e+00h  1
 949  7.1475382e-04 7.31e-06 8.75e-03  -4.1 3.11e-03    -  1.00e+00 1.00e+00h  1
iter    objective    inf_pr   inf_du lg(mu)  ||d||  lg(rg) alpha_du alpha_pr  ls
 950  7.1214508e-04 4.08e-06 9.50e-04  -4.1 2.20e-03    -  1.00e+00 1.00e+00h  1
 951  7.1184966e-04 6.98e-09 3.50e-04  -4.1 1.60e-04    -  1.00e+00 1.00e+00h  1
 952  7.1152584e-04 5.44e-08 1.19e-03  -6.1 2.72e-04    -  1.00e+00 1.00e+00h  1
 953  7.1024051e-04 4.53e-06 9.85e-04  -6.1 2.79e-03    -  1.00e+00 1.00e+00h  1
 954  8.8574845e-04 8.03e-04 5.50e-01  -4.0 3.02e-01    -  1.00e+00 1.25e-01h  4
 955  7.3666343e-04 2.44e-04 5.04e-03  -4.1 2.07e-02    -  1.00e+00 1.00e+00h  1
 956  7.6629847e-04 2.14e-04 9.25e-03  -4.1 2.64e-02    -  1.00e+00 5.00e-01h  2
 957  7.1231649e-04 8.68e-05 9.18e-03  -4.1 1.15e-02    -  1.00e+00 1.00e+00h  1
 958  7.2122484e-04 1.21e-04 4.92e-03  -4.1 1.49e-02    -  1.00e+00 1.00e+00h  1
 959  7.3267550e-04 6.19e-05 3.46e-02  -4.1 1.24e-02    -  1.00e+00 5.00e-01h  2
iter    objective    inf_pr   inf_du lg(mu)  ||d||  lg(rg) alpha_du alpha_pr  ls
 960  7.1374926e-04 5.46e-06 4.01e-03  -4.1 3.01e-03    -  1.00e+00 1.00e+00h  1
 961  7.1444080e-04 1.50e-05 1.31e-02  -4.1 4.49e-03    -  1.00e+00 1.00e+00h  1
 962  7.1146356e-04 7.49e-06 6.69e-03  -4.1 3.63e-03    -  1.00e+00 1.00e+00h  1
 963  7.1321107e-04 8.85e-06 8.80e-03  -4.1 3.94e-03    -  1.00e+00 1.00e+00h  1
 964  7.1194810e-04 3.06e-06 1.09e-03  -4.1 1.96e-03    -  1.00e+00 1.00e+00h  1
 965  7.1186274e-04 4.07e-08 1.41e-04  -4.1 1.75e-04    -  1.00e+00 1.00e+00h  1
 966  7.1153651e-04 4.74e-08 1.13e-03  -6.1 2.91e-04    -  1.00e+00 1.00e+00h  1
 967  7.0114803e-04 1.40e-04 4.15e-02  -6.1 1.35e-01    -  1.00e+00 1.13e-01h  2
 968  7.9394390e-04 3.93e-04 2.70e-03  -4.0 2.64e-02    -  1.00e+00 1.00e+00h  1
 969  7.5481655e-04 5.77e-05 1.39e-03  -4.1 1.32e-02    -  1.00e+00 1.00e+00h  1
iter    objective    inf_pr   inf_du lg(mu)  ||d||  lg(rg) alpha_du alpha_pr  ls
 970  7.1679566e-04 2.08e-05 1.82e-01  -4.1 1.57e-02    -  1.00e+00 4.01e-01H  1
 971  7.4919945e-04 2.58e-05 9.48e-04  -4.1 9.04e-03    -  1.00e+00 1.00e+00f  1
 972  7.0520962e-04 6.68e-05 1.98e-02  -4.1 1.59e-02    -  1.00e+00 1.00e+00h  1
 973  7.2966182e-04 2.97e-05 3.05e-03  -4.1 1.03e-02    -  1.00e+00 1.00e+00h  1
 974  8.4157212e-04 2.44e-05 3.19e-02  -4.1 1.31e-02    -  1.00e+00 9.33e-01H  1
 975  7.1578414e-04 2.25e-05 9.68e-03  -4.1 7.19e-03    -  1.00e+00 1.00e+00f  1
 976  7.1230043e-04 3.28e-05 8.06e-03  -4.1 8.16e-03    -  1.00e+00 1.00e+00h  1
 977  7.1124014e-04 8.91e-06 5.11e-03  -4.1 3.23e-03    -  1.00e+00 1.00e+00h  1
 978  7.1283236e-04 3.24e-06 7.24e-03  -4.0 2.25e-03    -  1.00e+00 1.00e+00h  1
 979  7.1178384e-04 5.04e-07 7.98e-04  -4.1 9.48e-04    -  1.00e+00 1.00e+00h  1
iter    objective    inf_pr   inf_du lg(mu)  ||d||  lg(rg) alpha_du alpha_pr  ls
 980  7.1150816e-04 4.34e-08 1.01e-03  -6.1 2.54e-04    -  1.00e+00 1.00e+00h  1
 981  7.2177722e-04 2.13e-05 8.51e-01  -4.0 9.02e-02    -  1.00e+00 6.25e-02h  5
 982  7.1114048e-04 2.65e-05 8.70e-04  -4.1 6.32e-03    -  1.00e+00 1.00e+00h  1
 983  7.6351596e-04 9.12e-06 6.85e-02  -4.1 8.78e-03    -  1.00e+00 8.38e-01H  1
 984  7.1867755e-04 1.58e-05 5.09e-03  -4.1 5.84e-03    -  1.00e+00 1.00e+00f  1
 985  7.1190217e-04 1.52e-05 4.50e-02  -4.1 1.05e-02    -  1.00e+00 2.50e-01h  3
 986  7.1260714e-04 2.12e-07 2.04e-03  -4.1 5.33e-04    -  1.00e+00 1.00e+00h  1
 987  7.1219884e-04 4.57e-07 1.87e-03  -4.1 1.17e-03    -  1.00e+00 1.00e+00h  1
 988  7.1159803e-04 1.78e-07 9.10e-04  -4.1 5.62e-04    -  1.00e+00 1.00e+00h  1
 989  7.1178608e-04 6.98e-08 6.13e-04  -4.1 2.91e-04    -  1.00e+00 1.00e+00h  1
iter    objective    inf_pr   inf_du lg(mu)  ||d||  lg(rg) alpha_du alpha_pr  ls
 990  7.1147447e-04 5.18e-08 1.17e-03  -6.1 3.30e-04    -  1.00e+00 1.00e+00h  1
 991  7.1715576e-04 5.22e-06 9.37e-01  -4.0 1.11e-01    -  1.00e+00 3.12e-02h  6
 992  7.0446979e-04 5.28e-05 5.52e-04  -4.1 1.18e-02    -  1.00e+00 1.00e+00h  1
 993  8.3404063e-04 3.28e-04 4.71e-02  -4.0 2.31e-01    -  1.00e+00 1.25e-01h  4
 994  7.1518968e-04 4.80e-04 7.77e-04  -4.1 3.85e-02    -  1.00e+00 1.00e+00h  1
 995  3.7998264e-03 4.65e-04 5.81e-03  -6.1 2.65e-02    -  9.75e-01 6.80e-01h  1
 996  6.9599364e-04 2.01e-04 1.10e-03  -6.1 1.51e-02    -  1.00e+00 1.00e+00h  1
 997  8.1066126e-04 2.94e-03 3.17e-02  -4.0 8.92e-02    -  1.00e+00 1.00e+00h  1
 998  1.2060902e-03 8.52e-04 8.45e-03  -4.1 4.90e-02    -  1.00e+00 1.00e+00h  1
 999  7.5109773e-04 9.85e-04 1.85e-03  -4.1 9.61e-02    -  5.16e-01 5.00e-01h  2
iter    objective    inf_pr   inf_du lg(mu)  ||d||  lg(rg) alpha_du alpha_pr  ls
1000  7.4458355e-04 1.97e-04 6.64e-04  -4.1 1.97e-02    -  1.00e+00 1.00e+00h  1
1001  7.0677873e-04 2.77e-05 6.44e-04  -6.1 5.77e-03    -  1.00e+00 1.00e+00h  1
1002  7.0571928e-04 2.88e-06 1.93e-03  -6.1 8.41e-04    -  1.00e+00 9.11e-01h  1
1003  9.4937478e-04 3.47e-03 1.27e-01  -4.0 1.04e-01    -  1.00e+00 1.00e+00f  1
1004  9.6716957e-04 1.06e-03 3.31e-02  -4.1 5.56e-02    -  1.00e+00 1.00e+00h  1
1005  2.7887116e-03 6.87e-04 4.98e-02  -4.1 4.02e-02    -  8.01e-01 1.00e+00h  1
1006  8.6194631e-04 4.87e-04 2.28e-02  -4.1 3.92e-02    -  1.00e+00 7.36e-01h  1
1007  8.4802012e-04 6.53e-04 4.71e-03  -4.1 3.56e-02    -  1.00e+00 1.00e+00f  1
1008  1.0248809e-03 3.28e-04 1.47e-01  -4.1 3.49e-02    -  1.00e+00 4.43e-01H  1
1009  7.0691359e-04 4.67e-05 7.18e-03  -4.1 8.19e-03    -  1.00e+00 1.00e+00f  1
iter    objective    inf_pr   inf_du lg(mu)  ||d||  lg(rg) alpha_du alpha_pr  ls
1010  7.1635099e-04 6.61e-05 8.81e-03  -4.1 9.93e-03    -  1.00e+00 1.00e+00h  1
1011  7.1871759e-04 2.27e-05 1.05e-02  -4.1 1.02e-02    -  1.00e+00 1.00e+00h  1
1012  7.1438647e-04 4.01e-05 1.36e-02  -4.1 5.75e-03    -  1.00e+00 1.00e+00h  1
1013  7.1314509e-04 1.56e-05 3.73e-03  -4.1 5.03e-03    -  1.00e+00 1.00e+00h  1
1014  7.1174086e-04 1.91e-06 4.34e-03  -4.1 2.62e-03    -  1.00e+00 1.00e+00h  1
1015  7.1176160e-04 2.11e-06 3.66e-03  -4.1 1.66e-03    -  1.00e+00 1.00e+00h  1
1016  7.1213539e-04 7.83e-07 8.79e-04  -4.1 9.29e-04    -  1.00e+00 1.00e+00h  1
1017  7.1194242e-04 3.40e-08 4.38e-04  -4.1 1.55e-04    -  1.00e+00 1.00e+00h  1
1018  7.1150679e-04 3.02e-07 9.25e-04  -6.1 5.32e-04    -  1.00e+00 1.00e+00h  1
1019  7.1074597e-04 2.55e-05 7.81e-04  -6.1 5.03e-03    -  1.00e+00 1.00e+00h  1
iter    objective    inf_pr   inf_du lg(mu)  ||d||  lg(rg) alpha_du alpha_pr  ls
1020  7.0936510e-04 2.11e-05 1.15e-02  -6.1 1.01e-02    -  1.00e+00 2.71e-01h  2
1021  7.0916764e-04 5.19e-06 6.29e-04  -6.1 2.79e-03    -  1.00e+00 1.00e+00h  1
1022  7.0803387e-04 2.21e-06 5.24e-04  -6.1 2.05e-03    -  1.00e+00 1.00e+00h  1
1023  7.0687201e-04 2.78e-06 3.51e-04  -6.1 1.55e-03    -  1.00e+00 1.00e+00h  1
1024  1.1644315e-03 2.16e-02 5.08e-01  -4.0 1.39e-01    -  1.00e+00 1.00e+00f  1
1025  8.5085797e-04 5.38e-03 1.28e-01  -4.1 6.98e-02    -  1.00e+00 1.00e+00h  1
1026  7.5708812e-04 1.39e-03 3.06e-02  -4.1 3.50e-02    -  1.00e+00 1.00e+00h  1
1027  7.2956928e-04 4.32e-04 7.69e-03  -4.1 1.94e-02    -  1.00e+00 1.00e+00h  1
1028  7.6881485e-04 2.41e-04 8.14e-03  -4.1 1.77e-02    -  1.00e+00 5.00e-01h  2
1029  7.0984142e-04 4.79e-05 3.26e-03  -4.1 7.08e-03    -  1.00e+00 1.00e+00h  1
iter    objective    inf_pr   inf_du lg(mu)  ||d||  lg(rg) alpha_du alpha_pr  ls
1030  7.2124300e-04 8.17e-05 1.16e-02  -4.1 8.55e-03    -  1.00e+00 1.00e+00h  1
1031  7.1177883e-04 3.30e-05 1.16e-03  -4.1 6.05e-03    -  1.00e+00 1.00e+00h  1
1032  7.1223895e-04 3.95e-07 1.22e-03  -4.1 7.53e-04    -  1.00e+00 1.00e+00h  1
1033  7.1201682e-04 5.55e-08 4.81e-04  -4.1 3.19e-04    -  1.00e+00 1.00e+00h  1
1034  7.1167566e-04 8.08e-08 9.75e-04  -6.1 3.31e-04    -  1.00e+00 1.00e+00h  1
1035  7.0934940e-04 2.95e-04 2.27e-03  -6.1 2.11e-02    -  1.00e+00 1.00e+00h  1
1036  7.0115302e-04 1.70e-04 3.62e-03  -6.1 1.13e-02    -  1.00e+00 5.00e-01h  2
1037  8.1084239e-04 3.37e-03 1.25e-02  -4.0 6.95e-02    -  1.00e+00 1.00e+00h  1
1038  7.3420753e-04 1.06e-03 4.05e-03  -4.1 3.84e-02    -  1.00e+00 1.00e+00h  1
1039  1.1028937e-03 7.73e-04 1.65e-02  -4.1 4.87e-02    -  1.00e+00 6.25e-01H  1
iter    objective    inf_pr   inf_du lg(mu)  ||d||  lg(rg) alpha_du alpha_pr  ls
1040  7.0624771e-04 4.04e-04 2.63e-03  -4.1 2.37e-02    -  1.00e+00 1.00e+00f  1
1041  7.5754278e-04 3.27e-04 6.75e-03  -4.1 2.16e-02    -  1.00e+00 1.00e+00h  1
1042  7.1056746e-04 1.57e-04 1.97e-03  -4.1 1.50e-02    -  1.00e+00 1.00e+00h  1
1043  7.2004509e-04 5.39e-05 6.22e-03  -4.1 8.65e-03    -  1.00e+00 1.00e+00h  1
1044  7.1389968e-04 4.28e-05 6.41e-03  -4.1 7.94e-03    -  1.00e+00 1.00e+00h  1
1045  7.1252864e-04 1.33e-05 3.46e-03  -4.1 4.47e-03    -  1.00e+00 1.00e+00h  1
1046  7.1117700e-04 2.08e-06 2.35e-03  -4.1 1.74e-03    -  1.00e+00 1.00e+00h  1
1047  7.1182060e-04 6.92e-07 1.35e-03  -4.0 9.66e-04    -  1.00e+00 1.00e+00h  1
1048  7.1157015e-04 4.70e-08 2.81e-04  -4.1 2.52e-04    -  1.00e+00 1.00e+00h  1
1049  7.1154947e-04 3.60e-09 2.66e-04  -4.0 9.40e-05    -  1.00e+00 1.00e+00h  1
iter    objective    inf_pr   inf_du lg(mu)  ||d||  lg(rg) alpha_du alpha_pr  ls
1050  7.1157861e-04 1.07e-07 8.38e-04  -4.0 4.35e-04    -  1.00e+00 1.00e+00h  1
1051  7.1162342e-04 9.60e-08 1.20e-03  -4.1 4.23e-04    -  1.00e+00 1.00e+00h  1
1052  7.1157048e-04 4.57e-08 1.09e-04  -4.1 3.32e-04    -  1.00e+00 1.00e+00h  1
1053  7.1135596e-04 4.84e-08 9.99e-04  -6.1 2.26e-04    -  1.00e+00 1.00e+00h  1
1054  7.2402356e-04 6.21e-05 4.36e-02  -4.0 8.51e-03    -  1.00e+00 1.00e+00h  1
1055  7.1570454e-04 1.81e-05 1.14e-02  -4.1 4.74e-03    -  1.00e+00 1.00e+00h  1
1056  7.1802124e-04 1.91e-05 4.80e-03  -4.1 4.57e-03    -  1.00e+00 1.00e+00h  1
1057  7.1193647e-04 1.69e-06 3.39e-03  -4.1 1.13e-03    -  1.00e+00 1.00e+00h  1
1058  7.1170261e-04 2.35e-07 8.44e-04  -4.1 7.30e-04    -  1.00e+00 1.00e+00h  1
1059  7.1150656e-04 3.54e-08 2.47e-04  -4.1 2.03e-04    -  1.00e+00 1.00e+00h  1
iter    objective    inf_pr   inf_du lg(mu)  ||d||  lg(rg) alpha_du alpha_pr  ls
1060  7.1161058e-04 1.46e-08 3.91e-04  -4.0 1.43e-04    -  1.00e+00 1.00e+00h  1
1061  7.1156009e-04 2.22e-09 1.31e-04  -4.1 5.34e-05    -  1.00e+00 1.00e+00h  1
1062  7.1160593e-04 2.76e-09 2.03e-04  -4.0 5.29e-05    -  1.00e+00 1.00e+00h  1
1063  7.1159240e-04 2.38e-10 5.52e-05  -4.0 2.43e-05    -  1.00e+00 1.00e+00h  1
1064  7.1158320e-04 1.38e-09 1.46e-04  -4.0 3.64e-05    -  1.00e+00 1.00e+00h  1
1065  7.1151294e-04 1.87e-07 2.24e-03  -4.0 4.94e-04    -  1.00e+00 1.00e+00h  1
1066  7.1139986e-04 7.02e-09 5.06e-03  -4.1 9.63e-04    -  1.00e+00 1.00e+00H  1
1067  7.1226243e-04 4.25e-07 1.75e-03  -4.0 7.25e-04    -  1.00e+00 1.00e+00h  1
1068  7.1199593e-04 1.16e-07 7.56e-04  -4.1 2.62e-04    -  1.00e+00 1.00e+00h  1
1069  7.1137416e-04 1.64e-07 2.17e-03  -6.1 4.48e-04    -  1.00e+00 1.00e+00h  1
iter    objective    inf_pr   inf_du lg(mu)  ||d||  lg(rg) alpha_du alpha_pr  ls
1070  7.1085875e-04 2.42e-07 3.58e-03  -6.1 6.19e-04    -  1.00e+00 1.00e+00h  1
1071  7.2840157e-04 2.10e-05 9.11e-01  -4.0 9.18e-02    -  1.00e+00 6.25e-02h  5
1072  7.1050518e-04 2.69e-05 8.75e-04  -4.1 6.03e-03    -  1.00e+00 1.00e+00h  1
1073  7.2701567e-04 1.04e-05 7.31e-02  -4.1 9.33e-03    -  1.00e+00 8.19e-01H  1
1074  7.1400179e-04 2.72e-05 3.97e-03  -4.1 6.52e-03    -  1.00e+00 1.00e+00f  1
1075  7.1314278e-04 9.36e-06 2.26e-02  -4.1 6.43e-03    -  1.00e+00 1.00e+00H  1
1076  7.1008667e-04 1.27e-05 5.06e-03  -4.1 4.98e-03    -  1.00e+00 1.00e+00h  1
1077  7.1330464e-04 1.70e-05 1.37e-02  -4.1 5.75e-03    -  1.00e+00 1.00e+00h  1
1078  7.1143426e-04 8.86e-06 1.58e-03  -4.1 3.90e-03    -  1.00e+00 1.00e+00h  1
1079  7.1141510e-04 7.03e-08 2.55e-04  -4.1 3.02e-04    -  1.00e+00 1.00e+00h  1
iter    objective    inf_pr   inf_du lg(mu)  ||d||  lg(rg) alpha_du alpha_pr  ls
1080  7.1103425e-04 5.43e-08 9.05e-04  -6.1 3.54e-04    -  1.00e+00 1.00e+00h  1
1081  7.3067089e-04 4.49e-05 8.42e-01  -4.0 2.81e-01    -  1.00e+00 3.12e-02h  6
1082  7.1451553e-04 2.21e-05 1.36e-03  -4.1 6.60e-03    -  1.00e+00 1.00e+00h  1
1083  7.0881481e-04 2.37e-05 2.92e+00  -4.1 1.29e-01    -  1.00e+00 5.94e-03H  1
1084  7.0585818e-04 3.65e-06 5.36e-04  -4.1 2.74e-03    -  1.00e+00 1.00e+00f  1
1085  7.1251754e-04 5.52e-07 7.13e-04  -6.1 9.06e-04    -  1.00e+00 1.00e+00h  1
1086  7.0575323e-04 2.95e-07 5.28e-05  -6.1 5.86e-04    -  1.00e+00 1.00e+00h  1
1087  8.3459033e-04 3.42e-03 2.98e-01  -4.0 8.34e-02    -  1.00e+00 1.00e+00f  1
1088  7.5759867e-04 8.59e-04 7.43e-02  -4.1 4.17e-02    -  1.00e+00 1.00e+00h  1
1089  7.5481593e-04 2.19e-04 1.83e-02  -4.1 2.14e-02    -  1.00e+00 1.00e+00h  1
iter    objective    inf_pr   inf_du lg(mu)  ||d||  lg(rg) alpha_du alpha_pr  ls
1090  1.2146507e-03 1.45e-04 1.01e-01  -4.1 2.15e-02    -  9.74e-01 5.00e-01h  2
1091  7.1802952e-04 3.08e-06 3.68e-03  -4.1 3.46e-03    -  1.00e+00 1.00e+00h  1
1092  6.9472885e-04 2.50e-04 8.02e-02  -4.1 2.30e-02    -  1.00e+00 1.00e+00h  1
1093  7.0515035e-04 6.13e-05 1.89e-02  -4.0 1.11e-02    -  1.00e+00 1.00e+00h  1
1094  7.1094682e-04 2.20e-05 6.81e-03  -4.1 6.50e-03    -  1.00e+00 1.00e+00h  1
1095  7.1337372e-04 3.05e-05 1.83e-02  -4.1 7.20e-03    -  1.00e+00 1.00e+00h  1
1096  7.1123944e-04 1.60e-05 3.05e-04  -4.1 5.23e-03    -  1.00e+00 1.00e+00h  1
1097  7.1095253e-04 3.75e-08 5.00e-04  -6.1 2.91e-04    -  1.00e+00 1.00e+00h  1
1098  7.2729814e-04 6.58e-09 2.21e-02  -4.0 3.75e-03    -  1.00e+00 1.00e+00H  1
1099  7.1698691e-04 1.65e-06 6.94e-03  -4.1 1.96e-03    -  1.00e+00 1.00e+00h  1
iter    objective    inf_pr   inf_du lg(mu)  ||d||  lg(rg) alpha_du alpha_pr  ls
1100  7.1073209e-04 3.91e-06 2.71e-03  -4.1 2.61e-03    -  1.00e+00 1.00e+00h  1
1101  7.1160920e-04 3.86e-07 5.10e-04  -4.1 9.01e-04    -  1.00e+00 1.00e+00h  1
1102  7.1154348e-04 2.00e-08 1.08e-03  -6.1 2.13e-04    -  1.00e+00 1.00e+00h  1
1103  7.1104918e-04 2.82e-08 1.13e-03  -6.1 2.54e-04    -  1.00e+00 1.00e+00h  1
1104  7.0980583e-04 6.25e-07 9.90e-04  -6.1 1.19e-03    -  1.00e+00 1.00e+00h  1
1105  7.0859859e-04 8.62e-06 4.21e-03  -6.1 9.62e-03    -  1.00e+00 4.71e-01h  2
1106  7.0621636e-04 5.44e-06 1.54e-02  -6.1 1.08e-03    -  1.00e+00 3.72e-01h  2
1107  7.0598806e-04 8.20e-07 7.66e-04  -6.1 1.43e-03    -  1.00e+00 1.00e+00h  1
1108  7.0567813e-04 5.43e-08 3.04e-05  -6.1 2.72e-04    -  1.00e+00 1.00e+00h  1
1109  9.2614697e-04 3.57e-03 2.08e-01  -4.0 8.87e-02    -  1.00e+00 1.00e+00f  1
iter    objective    inf_pr   inf_du lg(mu)  ||d||  lg(rg) alpha_du alpha_pr  ls
1110  7.9235807e-04 9.79e-04 5.10e-02  -4.1 4.51e-02    -  1.00e+00 1.00e+00h  1
1111  3.8583876e-03 6.10e-04 9.67e-03  -4.1 2.88e-02    -  9.60e-01 1.00e+00h  1
1112  1.4392466e-03 4.12e-04 2.50e-02  -4.1 2.51e-02    -  1.00e+00 5.34e-01h  1
1113  7.5603195e-04 3.64e-04 4.87e-03  -4.1 2.43e-02    -  1.00e+00 1.00e+00f  1
1114  7.3926066e-04 1.66e-05 4.58e-03  -4.1 4.62e-03    -  1.00e+00 1.00e+00h  1
1115  7.0912355e-04 1.82e-05 1.03e-02  -4.1 5.07e-03    -  1.00e+00 1.00e+00h  1
1116  7.1614244e-04 6.52e-06 4.11e-03  -4.1 3.72e-03    -  1.00e+00 1.00e+00h  1
1117  7.1620433e-04 6.85e-07 1.50e-03  -4.1 9.38e-04    -  1.00e+00 1.00e+00h  1
1118  7.1139084e-04 5.02e-08 1.13e-03  -4.1 4.87e-04    -  1.00e+00 1.00e+00h  1
1119  7.1152572e-04 2.40e-08 2.46e-04  -4.1 1.56e-04    -  1.00e+00 1.00e+00h  1
iter    objective    inf_pr   inf_du lg(mu)  ||d||  lg(rg) alpha_du alpha_pr  ls
1120  7.1121500e-04 6.60e-08 1.17e-03  -6.1 3.42e-04    -  1.00e+00 1.00e+00h  1
1121  7.1011156e-04 1.05e-04 9.96e-04  -6.1 2.56e-02    -  1.00e+00 5.00e-01h  2
1122  7.0571529e-04 7.69e-05 1.49e-02  -6.1 8.14e-03    -  1.00e+00 2.77e-01h  2
1123  7.0615607e-04 2.65e-05 1.46e-03  -6.1 4.88e-03    -  1.00e+00 1.00e+00h  1
1124  7.0522248e-04 4.70e-05 1.09e-03  -6.1 6.41e-03    -  1.00e+00 1.00e+00h  1
1125  7.0443793e-04 1.46e-05 2.47e-04  -6.1 4.00e-03    -  1.00e+00 1.00e+00h  1
1126  9.7779103e-04 2.82e-03 3.13e-02  -4.0 1.26e-01    -  1.00e+00 5.00e-01h  2
1127  1.0540236e-03 2.92e-03 1.10e-02  -4.1 4.59e-02    -  1.00e+00 1.00e+00h  1
1128  9.1910982e-04 2.89e-03 3.36e-02  -4.1 2.36e-01    -  1.00e+00 1.25e-01h  4
1129  7.0737790e-04 1.85e-03 6.53e-03  -4.1 5.07e-02    -  1.00e+00 1.00e+00h  1
iter    objective    inf_pr   inf_du lg(mu)  ||d||  lg(rg) alpha_du alpha_pr  ls
1130  1.0636284e-03 5.30e-04 9.33e-03  -4.1 7.80e-02    -  1.00e+00 7.70e-01H  1
1131  8.3859473e-04 2.60e-04 9.57e-03  -4.1 3.72e-02    -  1.00e+00 5.00e-01f  2
1132  7.4571755e-04 3.90e-04 2.77e-02  -4.1 2.23e-01    -  1.00e+00 1.25e-01h  4
1133  8.2646489e-04 8.07e-04 6.29e-03  -4.1 7.45e-02    -  1.00e+00 5.00e-01h  2
1134  7.0673286e-04 5.11e-04 2.72e-03  -4.1 2.29e-02    -  1.00e+00 1.00e+00h  1
1135  7.2840350e-04 2.35e-04 8.85e-03  -4.1 2.08e-02    -  1.00e+00 1.00e+00h  1
1136  7.2231727e-04 1.78e-04 3.72e-03  -4.1 1.76e-02    -  1.00e+00 1.00e+00h  1
1137  7.1173477e-04 2.50e-04 8.64e-02  -4.1 2.28e-02    -  1.00e+00 5.83e-01H  1
1138  7.2555523e-04 8.00e-05 7.45e-03  -4.1 1.21e-02    -  1.00e+00 1.00e+00f  1
1139  7.1723631e-04 1.11e-04 7.08e-03  -4.1 1.45e-02    -  1.00e+00 1.00e+00h  1
iter    objective    inf_pr   inf_du lg(mu)  ||d||  lg(rg) alpha_du alpha_pr  ls
1140  7.3878811e-04 6.60e-05 2.32e-02  -4.1 9.58e-03    -  1.00e+00 5.00e-01h  2
1141  7.1317017e-04 3.02e-05 5.28e-03  -4.1 7.61e-03    -  1.00e+00 1.00e+00h  1
1142  7.1357391e-04 1.81e-05 6.85e-03  -4.1 5.84e-03    -  1.00e+00 1.00e+00h  1
1143  7.1086462e-04 6.81e-06 3.23e-03  -4.1 3.36e-03    -  1.00e+00 1.00e+00h  1
1144  7.1194873e-04 2.35e-06 5.60e-03  -4.1 1.74e-03    -  1.00e+00 1.00e+00h  1
1145  7.1099405e-04 6.06e-07 9.13e-04  -4.1 1.02e-03    -  1.00e+00 1.00e+00h  1
1146  7.1111050e-04 2.26e-08 2.62e-04  -4.1 2.11e-04    -  1.00e+00 1.00e+00h  1
1147  7.1119355e-04 4.07e-08 6.40e-04  -4.0 2.31e-04    -  1.00e+00 1.00e+00h  1
1148  7.1116815e-04 6.50e-11 1.02e-03  -4.1 3.16e-04    -  1.00e+00 1.00e+00H  1
1149  7.1109320e-04 2.51e-08 1.23e-03  -4.0 2.82e-04    -  1.00e+00 1.00e+00h  1
iter    objective    inf_pr   inf_du lg(mu)  ||d||  lg(rg) alpha_du alpha_pr  ls
1150  7.1108042e-04 2.53e-09 5.05e-04  -4.0 7.47e-05    -  1.00e+00 1.00e+00h  1
1151  7.1110967e-04 3.61e-09 3.30e-04  -4.0 5.52e-05    -  1.00e+00 1.00e+00h  1
1152  7.1109387e-04 1.21e-08 3.79e-04  -4.0 1.10e-04    -  1.00e+00 1.00e+00h  1
1153  7.1092030e-04 6.06e-07 2.06e-03  -4.1 8.36e-04    -  1.00e+00 1.00e+00h  1
1154  7.1092723e-04 3.27e-07 4.09e-03  -4.1 5.93e-04    -  1.00e+00 1.00e+00h  1
1155  7.1102438e-04 9.73e-09 1.97e-03  -4.1 1.20e-03    -  1.00e+00 1.00e+00H  1
1156  7.1255948e-04 5.66e-09 8.16e-03  -4.0 1.56e-03    -  1.00e+00 1.00e+00H  1
1157  7.1138127e-04 5.30e-07 4.46e-03  -4.1 1.13e-03    -  1.00e+00 1.00e+00h  1
1158  7.1095751e-04 2.63e-06 5.50e-03  -4.1 1.59e-03    -  1.00e+00 1.00e+00h  1
1159  7.1114954e-04 1.94e-06 1.63e-03  -4.1 1.32e-03    -  1.00e+00 1.00e+00h  1
iter    objective    inf_pr   inf_du lg(mu)  ||d||  lg(rg) alpha_du alpha_pr  ls
1160  7.2015174e-04 4.75e-10 6.87e-03  -4.1 1.58e-03    -  1.00e+00 1.00e+00H  1
1161  7.1096431e-04 3.57e-06 3.97e-04  -4.1 1.76e-03    -  1.00e+00 1.00e+00h  1
1162  7.1063999e-04 1.36e-07 1.67e-03  -6.1 3.41e-04    -  1.00e+00 1.00e+00h  1
1163  7.0807040e-04 9.36e-06 3.43e-03  -6.1 2.84e-03    -  1.00e+00 1.00e+00h  1
1164  7.0671154e-04 1.13e-05 2.62e-02  -6.1 1.68e-02    -  1.00e+00 1.46e-01h  2
1165  7.0723395e-04 1.05e-07 1.55e-04  -6.1 2.92e-03    -  1.00e+00 1.00e+00H  1
1166  7.1021520e-04 9.44e-09 4.75e-04  -6.1 2.78e-03    -  1.00e+00 1.00e+00H  1
1167  9.7763179e-04 1.11e-02 2.18e-01  -4.0 1.20e-01    -  1.00e+00 1.00e+00f  1
1168  7.9506315e-04 2.87e-03 5.42e-02  -4.1 5.95e-02    -  1.00e+00 1.00e+00h  1
1169  8.5715344e-04 1.11e-03 1.36e-02  -4.1 3.30e-02    -  1.00e+00 1.00e+00h  1
iter    objective    inf_pr   inf_du lg(mu)  ||d||  lg(rg) alpha_du alpha_pr  ls
1170  8.1443860e-04 6.76e-04 3.40e-02  -4.1 3.61e-02    -  7.39e-01 5.00e-01h  2
1171  7.2315492e-04 9.05e-05 4.28e-03  -4.1 1.09e-02    -  1.00e+00 1.00e+00h  1
1172  7.0307436e-04 2.03e-03 1.39e-01  -4.1 5.50e-02    -  1.00e+00 1.00e+00h  1
1173  7.0040396e-04 5.05e-04 3.44e-02  -4.1 2.66e-02    -  1.00e+00 1.00e+00h  1
1174  7.7700563e-04 1.45e-04 5.54e-03  -4.0 1.70e-02    -  1.00e+00 1.00e+00h  1
1175  7.4744837e-04 8.73e-05 9.43e-03  -4.1 1.11e-02    -  1.00e+00 1.00e+00h  1
1176  7.0985318e-04 5.34e-05 3.25e-03  -4.1 9.14e-03    -  1.00e+00 1.00e+00h  1
1177  7.1188574e-04 5.32e-06 2.76e-03  -4.1 3.15e-03    -  1.00e+00 1.00e+00h  1
1178  7.1083733e-04 1.33e-06 1.76e-03  -4.1 1.63e-03    -  1.00e+00 1.00e+00h  1
1179  7.1114041e-04 1.59e-07 2.14e-04  -4.1 5.65e-04    -  1.00e+00 1.00e+00h  1
iter    objective    inf_pr   inf_du lg(mu)  ||d||  lg(rg) alpha_du alpha_pr  ls
1180  7.1084638e-04 7.05e-08 9.54e-04  -6.1 3.24e-04    -  1.00e+00 1.00e+00h  1
1181  7.0768899e-04 6.49e-05 2.10e-02  -6.1 8.46e-02    -  1.00e+00 1.13e-01h  3
1182  7.0659945e-04 1.15e-05 1.84e-04  -6.1 4.12e-03    -  1.00e+00 1.00e+00h  1
1183  7.0751754e-04 6.34e-07 2.78e-04  -6.1 8.32e-04    -  1.00e+00 1.00e+00h  1
1184  7.0596867e-04 1.41e-07 1.88e-04  -6.1 3.15e-04    -  1.00e+00 1.00e+00h  1
1185  7.0587034e-04 4.66e-09 8.82e-05  -6.1 8.24e-05    -  1.00e+00 1.00e+00h  1
1186  9.5336583e-04 8.32e-03 2.75e-01  -4.0 1.11e-01    -  1.00e+00 1.00e+00f  1
1187  7.8447802e-04 2.26e-03 6.86e-02  -4.1 5.55e-02    -  1.00e+00 1.00e+00h  1
1188  7.3541590e-04 5.86e-04 1.73e-02  -4.1 2.90e-02    -  1.00e+00 1.00e+00h  1
1189  7.7845288e-04 2.13e-04 2.79e-03  -4.1 1.77e-02    -  1.00e+00 1.00e+00h  1
iter    objective    inf_pr   inf_du lg(mu)  ||d||  lg(rg) alpha_du alpha_pr  ls
1190  7.0775191e-04 6.02e-05 1.70e-01  -4.1 2.88e-02    -  1.00e+00 3.77e-01H  1
1191  7.1005342e-04 4.54e-05 1.97e-03  -4.1 8.15e-03    -  1.00e+00 1.00e+00f  1
1192  7.1278609e-04 4.11e-05 1.40e-01  -4.1 1.26e-02    -  1.00e+00 2.50e-01h  3
1193  7.1288078e-04 9.91e-07 3.02e-03  -4.1 1.16e-03    -  1.00e+00 1.00e+00h  1
1194  7.0999609e-04 3.84e-06 6.19e-03  -4.1 2.30e-03    -  1.00e+00 1.00e+00h  1
1195  7.1120447e-04 1.34e-06 6.82e-04  -4.1 1.42e-03    -  1.00e+00 1.00e+00h  1
1196  7.1077591e-04 2.19e-08 1.01e-03  -6.1 1.98e-04    -  1.00e+00 1.00e+00h  1
1197  7.1035992e-04 1.46e-07 1.05e-03  -6.1 3.97e-04    -  1.00e+00 1.00e+00h  1
1198  7.0999659e-04 7.48e-06 3.10e-03  -6.1 1.28e-02    -  1.00e+00 2.50e-01h  3
1199  7.0727872e-04 7.42e-06 1.82e-02  -6.1 6.45e-03    -  1.00e+00 2.46e-01h  2
iter    objective    inf_pr   inf_du lg(mu)  ||d||  lg(rg) alpha_du alpha_pr  ls
1200  7.4092064e-04 3.25e-09 6.07e-04  -6.1 2.58e-03    -  1.00e+00 1.00e+00H  1
1201  7.0561889e-04 2.61e-06 1.23e-04  -6.1 2.12e-03    -  1.00e+00 1.00e+00h  1
1202  9.4713590e-04 8.60e-03 1.90e-01  -4.0 1.03e-01    -  1.00e+00 1.00e+00f  1
1203  7.8109584e-04 2.05e-03 4.81e-02  -4.1 5.22e-02    -  1.00e+00 1.00e+00h  1
1204  1.2338825e-03 6.60e-04 8.40e-03  -4.1 2.87e-02    -  1.00e+00 1.00e+00h  1
1205  7.1146682e-04 3.70e-04 1.07e-03  -4.1 2.18e-02    -  1.00e+00 1.00e+00h  1
1206  7.1070910e-04 8.24e-06 1.16e-03  -4.1 3.83e-03    -  1.00e+00 1.00e+00h  1
1207  7.1254552e-04 2.75e-05 1.62e-02  -4.1 4.43e-03    -  1.00e+00 1.00e+00h  1
1208  7.1088519e-04 1.41e-05 1.86e-03  -4.1 3.25e-03    -  1.00e+00 1.00e+00h  1
1209  7.1211830e-04 2.36e-06 4.90e-03  -4.1 2.12e-03    -  1.00e+00 1.00e+00h  1
iter    objective    inf_pr   inf_du lg(mu)  ||d||  lg(rg) alpha_du alpha_pr  ls
1210  7.1073852e-04 1.57e-06 1.62e-03  -4.1 1.43e-03    -  1.00e+00 1.00e+00h  1
1211  7.1103446e-04 1.90e-07 7.06e-04  -4.1 4.82e-04    -  1.00e+00 1.00e+00h  1
1212  7.1077339e-04 4.38e-08 1.10e-03  -6.1 2.35e-04    -  1.00e+00 1.00e+00h  1
1213  7.0650115e-04 7.74e-05 2.11e-02  -6.1 8.82e-02    -  1.00e+00 1.13e-01h  3
1214  7.0473837e-04 4.28e-05 6.38e-03  -6.1 4.28e-03    -  1.00e+00 5.00e-01h  2
1215  7.0500052e-04 2.33e-05 1.20e-03  -6.1 3.03e-03    -  1.00e+00 5.00e-01h  2
1216  7.0587721e-04 1.94e-06 1.23e-04  -6.1 1.44e-03    -  1.00e+00 1.00e+00h  1
1217  7.0576689e-04 6.59e-08 6.70e-05  -6.1 2.96e-04    -  1.00e+00 1.00e+00h  1
1218  7.0570121e-04 5.88e-09 1.50e-05  -6.1 9.31e-05    -  1.00e+00 1.00e+00h  1
1219  1.1622654e-03 9.78e-03 5.79e-02  -4.0 9.47e-02    -  1.00e+00 1.00e+00f  1
iter    objective    inf_pr   inf_du lg(mu)  ||d||  lg(rg) alpha_du alpha_pr  ls
1220  7.7486130e-04 2.76e-03 1.42e-02  -4.1 4.83e-02    -  1.00e+00 1.00e+00h  1
1221  9.4181600e-04 6.54e-04 3.68e-03  -4.1 3.64e-02    -  1.00e+00 1.00e+00h  1
1222  8.2728906e-04 3.96e-04 1.04e-01  -4.1 9.89e-02    -  1.00e+00 1.82e-01H  1
1223  7.4936754e-04 1.79e-03 1.10e-02  -4.1 9.45e-02    -  1.00e+00 5.00e-01f  2
1224  7.1622941e-04 6.07e-04 1.38e-03  -4.1 2.95e-02    -  1.00e+00 1.00e+00h  1
1225  7.1943848e-04 5.92e-04 2.18e-02  -4.1 4.24e-02    -  1.00e+00 2.50e-01h  3
1226  7.2822015e-04 1.49e-04 1.25e-02  -4.1 2.20e-02    -  1.00e+00 1.00e+00H  1
1227  7.9017088e-04 2.50e-04 1.00e-02  -4.1 4.29e-02    -  1.00e+00 5.00e-01h  2
1228  7.0702461e-04 3.32e-04 4.31e-03  -4.1 2.00e-02    -  1.00e+00 1.00e+00h  1
1229  7.7265989e-04 1.55e-04 2.97e-02  -4.1 2.12e-02    -  1.00e+00 8.98e-01H  1
iter    objective    inf_pr   inf_du lg(mu)  ||d||  lg(rg) alpha_du alpha_pr  ls
1230  7.4318392e-04 1.13e-04 2.52e-02  -4.1 3.59e-02    -  1.00e+00 2.50e-01f  3
1231  7.3425182e-04 1.36e-04 1.47e-01  -4.1 1.13e-01    -  1.00e+00 6.25e-02h  5
1232  7.4873789e-04 9.12e-05 8.87e-01  -4.1 8.85e-02    -  1.00e+00 2.94e-02H  1
1233  7.2568573e-04 8.19e-05 7.45e-03  -4.1 1.10e-02    -  1.00e+00 1.00e+00f  1
1234  7.3158585e-04 1.15e-04 9.42e-01  -4.1 3.24e-02    -  1.00e+00 2.62e-01H  1
1235  7.0683393e-04 3.02e-05 1.12e-02  -4.1 9.23e-03    -  1.00e+00 1.00e+00f  1
1236  7.2834331e-04 1.19e-04 5.99e-03  -4.1 1.23e-02    -  1.00e+00 1.00e+00h  1
1237  7.0963845e-04 5.44e-05 4.15e-03  -4.1 7.58e-03    -  1.00e+00 1.00e+00h  1
1238  7.1274582e-04 2.29e-05 5.10e-03  -4.1 4.50e-03    -  1.00e+00 1.00e+00h  1
1239  7.1026863e-04 8.38e-06 2.66e-03  -4.1 2.69e-03    -  1.00e+00 1.00e+00h  1
iter    objective    inf_pr   inf_du lg(mu)  ||d||  lg(rg) alpha_du alpha_pr  ls
1240  7.1073165e-04 9.88e-07 7.20e-04  -4.1 9.81e-04    -  1.00e+00 1.00e+00h  1
1241  7.1021097e-04 2.40e-07 8.34e-04  -6.1 4.48e-04    -  1.00e+00 1.00e+00h  1
1242  7.0868729e-04 3.55e-05 8.60e-04  -6.1 5.19e-03    -  1.00e+00 1.00e+00h  1
1243  7.0612332e-04 2.12e-05 7.96e-03  -6.1 7.51e-04    -  1.00e+00 4.02e-01h  2
1244  7.0629658e-04 1.91e-06 4.49e-04  -6.1 1.23e-03    -  1.00e+00 1.00e+00h  1
1245  7.0734192e-04 4.43e-07 3.80e-04  -6.1 6.63e-04    -  1.00e+00 1.00e+00h  1
1246  7.0623520e-04 1.16e-07 2.32e-04  -6.1 3.23e-04    -  1.00e+00 1.00e+00h  1
1247  7.0618765e-04 1.49e-08 3.53e-05  -6.1 1.27e-04    -  1.00e+00 1.00e+00h  1
1248  7.0545381e-04 5.80e-06 2.34e-04  -6.1 2.58e-03    -  1.00e+00 1.00e+00h  1
1249  9.8151978e-04 6.30e-04 1.41e-01  -4.0 1.08e-01    -  1.00e+00 2.50e-01h  3
iter    objective    inf_pr   inf_du lg(mu)  ||d||  lg(rg) alpha_du alpha_pr  ls
1250  7.1589933e-04 2.91e-04 3.89e-03  -4.1 1.68e-02    -  1.00e+00 1.00e+00h  1
1251  7.1050622e-04 5.65e-05 8.08e-03  -4.1 1.31e-02    -  1.00e+00 1.00e+00h  1
1252  7.1526206e-04 1.26e-04 8.09e-03  -4.1 1.38e-02    -  1.00e+00 1.00e+00h  1
1253  7.5273382e-04 6.56e-05 2.21e-02  -4.1 1.14e-02    -  1.00e+00 9.23e-01H  1
1254  7.1457708e-04 5.90e-05 6.31e-02  -4.1 1.06e-02    -  1.00e+00 5.00e-01f  2
1255  7.1312279e-04 6.50e-05 1.52e-02  -4.1 1.34e-02    -  1.00e+00 5.00e-01h  2
1256  7.1264765e-04 5.80e-05 3.89e-02  -4.1 1.34e-02    -  1.00e+00 2.50e-01h  3
1257  7.1109812e-04 3.04e-06 5.57e-03  -4.1 2.05e-03    -  1.00e+00 1.00e+00h  1
1258  7.1143022e-04 1.97e-06 2.02e-03  -4.1 1.65e-03    -  1.00e+00 1.00e+00h  1
1259  7.1112794e-04 3.88e-08 1.02e-03  -4.1 2.79e-04    -  1.00e+00 1.00e+00h  1
iter    objective    inf_pr   inf_du lg(mu)  ||d||  lg(rg) alpha_du alpha_pr  ls
1260  7.1108303e-04 1.48e-10 1.11e-03  -4.1 2.20e-04    -  1.00e+00 1.00e+00H  1
1261  7.1093324e-04 2.80e-06 8.19e-03  -4.0 1.79e-03    -  1.00e+00 1.00e+00h  1
1262  7.2094133e-04 1.47e-06 4.06e-02  -4.1 8.69e-03    -  1.00e+00 1.00e+00H  1
1263  7.1173322e-04 4.99e-07 1.31e-02  -4.1 5.64e-03    -  1.00e+00 1.00e+00H  1
1264  7.4664039e-04 8.13e-08 5.08e-02  -4.1 1.17e-02    -  1.00e+00 1.00e+00H  1
1265  7.1174057e-04 7.14e-05 9.93e-03  -4.1 8.52e-03    -  1.00e+00 1.00e+00h  1
1266  7.1144828e-04 1.69e-05 1.48e-02  -4.1 4.22e-03    -  1.00e+00 1.00e+00h  1
1267  7.1253189e-04 8.27e-06 5.04e-03  -4.1 3.34e-03    -  1.00e+00 1.00e+00h  1
1268  7.1216923e-04 5.17e-06 1.15e-02  -4.1 2.53e-03    -  1.00e+00 1.00e+00h  1
1269  7.1097851e-04 3.23e-07 7.58e-03  -4.1 4.13e-03    -  1.00e+00 1.00e+00H  1
iter    objective    inf_pr   inf_du lg(mu)  ||d||  lg(rg) alpha_du alpha_pr  ls
1270  7.1138016e-04 2.74e-06 3.88e-02  -4.1 7.59e-03    -  1.00e+00 2.50e-01h  3
1271  7.1079357e-04 1.19e-07 4.18e-03  -4.1 3.38e-03    -  1.00e+00 1.00e+00H  1
1272  7.1584857e-04 4.80e-10 1.31e-03  -4.1 3.99e-04    -  1.00e+00 1.00e+00H  1
1273  7.1072007e-04 3.27e-07 6.47e-04  -4.1 5.70e-04    -  1.00e+00 1.00e+00h  1
1274  7.1049373e-04 2.64e-08 8.18e-04  -6.1 2.29e-04    -  1.00e+00 1.00e+00h  1
1275  7.0825062e-04 1.57e-05 1.93e-02  -6.1 8.98e-02    -  1.00e+00 5.45e-02h  4
1276  7.0578880e-04 8.43e-06 1.58e-02  -6.1 1.62e-03    -  1.00e+00 4.67e-01h  2
1277  7.0573372e-04 2.09e-07 1.52e-03  -6.1 6.51e-04    -  1.00e+00 1.00e+00h  1
1278  7.0553084e-04 3.79e-08 2.99e-05  -6.1 2.34e-04    -  1.00e+00 1.00e+00h  1
1279  9.9265906e-04 5.37e-03 1.68e-01  -4.0 9.83e-02    -  1.00e+00 1.00e+00f  1
iter    objective    inf_pr   inf_du lg(mu)  ||d||  lg(rg) alpha_du alpha_pr  ls
1280  7.7228647e-04 1.58e-03 4.04e-02  -4.1 5.13e-02    -  1.00e+00 1.00e+00h  1
1281  1.0388060e-03 4.99e-04 1.04e-02  -4.1 2.48e-02    -  1.00e+00 1.00e+00h  1
1282  7.1709027e-04 4.45e-04 5.87e-03  -4.1 2.56e-02    -  1.00e+00 1.00e+00h  1
1283  7.1554144e-04 1.90e-04 5.53e-03  -4.1 1.80e-02    -  1.00e+00 1.00e+00h  1
1284  7.0914031e-04 3.05e-05 6.54e-03  -4.1 7.75e-03    -  1.00e+00 1.00e+00h  1
1285  7.1522785e-04 4.17e-05 8.04e-03  -4.1 9.13e-03    -  1.00e+00 1.00e+00h  1
1286  7.1156292e-04 1.33e-05 3.92e-03  -4.1 5.43e-03    -  1.00e+00 1.00e+00h  1
1287  7.1248286e-04 5.41e-06 5.96e-03  -4.1 2.44e-03    -  1.00e+00 1.00e+00h  1
1288  7.1289808e-04 7.91e-06 7.91e-03  -4.1 3.70e-03    -  1.00e+00 1.00e+00h  1
1289  7.1159063e-04 2.51e-06 1.32e-03  -4.1 2.49e-03    -  1.00e+00 1.00e+00h  1
iter    objective    inf_pr   inf_du lg(mu)  ||d||  lg(rg) alpha_du alpha_pr  ls
1290  7.1111642e-04 2.21e-07 5.30e-04  -4.1 5.01e-04    -  1.00e+00 1.00e+00h  1
1291  7.1082528e-04 3.79e-08 9.59e-04  -6.1 2.63e-04    -  1.00e+00 1.00e+00h  1
1292  7.0314359e-04 1.97e-04 1.29e-02  -6.1 6.78e-02    -  1.00e+00 2.87e-01h  2
1293  6.9979967e-04 1.02e-04 2.00e-03  -6.1 8.76e-03    -  1.00e+00 5.00e-01h  2
1294  8.1634044e-04 1.74e-03 1.81e-02  -4.0 6.00e-02    -  1.00e+00 1.00e+00h  1
1295  7.2089409e-04 5.80e-04 2.58e-03  -4.1 3.49e-02    -  1.00e+00 1.00e+00h  1
1296  7.1522988e-04 2.14e-04 1.32e-03  -4.1 2.17e-02    -  1.00e+00 1.00e+00h  1
1297  7.1696032e-04 1.64e-04 3.69e-03  -4.1 1.72e-02    -  1.00e+00 1.00e+00h  1
1298  7.4140593e-04 1.35e-04 6.84e-03  -4.1 1.54e-02    -  1.00e+00 1.00e+00h  1
1299  7.1707093e-04 7.39e-05 1.50e-03  -4.1 1.12e-02    -  1.00e+00 1.00e+00h  1
iter    objective    inf_pr   inf_du lg(mu)  ||d||  lg(rg) alpha_du alpha_pr  ls
1300  7.3180427e-04 2.24e-06 2.80e-03  -4.1 1.72e-03    -  1.00e+00 1.00e+00h  1
1301  7.1037789e-04 1.07e-06 2.87e-03  -4.1 1.03e-03    -  1.00e+00 1.00e+00h  1
1302  7.1159415e-04 1.06e-06 4.66e-03  -4.1 1.38e-03    -  1.00e+00 1.00e+00h  1
1303  7.1051017e-04 6.25e-07 3.39e-03  -4.1 1.26e-03    -  1.00e+00 1.00e+00h  1
1304  7.1056664e-04 4.94e-07 1.74e-03  -4.1 8.33e-04    -  1.00e+00 1.00e+00h  1
1305  7.1067405e-04 6.00e-08 1.82e-04  -4.1 2.50e-04    -  1.00e+00 1.00e+00h  1
1306  7.1040332e-04 5.03e-08 1.03e-03  -6.1 2.57e-04    -  1.00e+00 1.00e+00h  1
1307  7.0822704e-04 1.58e-05 6.46e-02  -6.1 2.20e-01    -  1.00e+00 2.02e-02h  4
1308  7.0887171e-04 7.63e-07 1.54e-04  -6.1 9.68e-04    -  1.00e+00 1.00e+00h  1
1309  7.0553793e-04 9.35e-07 1.10e-04  -6.1 1.22e-03    -  1.00e+00 1.00e+00h  1
iter    objective    inf_pr   inf_du lg(mu)  ||d||  lg(rg) alpha_du alpha_pr  ls
1310  7.0539061e-04 1.92e-08 2.25e-04  -6.1 1.57e-04    -  1.00e+00 1.00e+00h  1
1311  8.7055041e-04 6.08e-03 1.37e-01  -4.0 8.98e-02    -  1.00e+00 1.00e+00f  1
1312  7.6381320e-04 1.69e-03 3.44e-02  -4.1 4.74e-02    -  1.00e+00 1.00e+00h  1
1313  7.4194422e-04 5.74e-04 9.14e-03  -4.1 2.72e-02    -  1.00e+00 1.00e+00h  1
1314  1.1366486e-03 2.90e-04 2.72e-03  -4.1 2.57e-02    -  1.00e+00 1.00e+00h  1
1315  7.2845826e-04 5.94e-05 2.34e-03  -4.1 1.23e-02    -  1.00e+00 1.00e+00h  1
1316  7.0915389e-04 3.01e-05 5.17e-03  -4.1 6.44e-03    -  1.00e+00 1.00e+00h  1
1317  7.3824328e-04 8.55e-05 1.11e-02  -4.1 1.06e-02    -  1.00e+00 1.00e+00h  1
1318  7.1518080e-04 2.26e-05 2.77e-03  -4.1 7.18e-03    -  1.00e+00 1.00e+00h  1
1319  7.1068042e-04 8.16e-06 7.85e-03  -4.1 3.02e-03    -  1.00e+00 1.00e+00h  1
iter    objective    inf_pr   inf_du lg(mu)  ||d||  lg(rg) alpha_du alpha_pr  ls
1320  7.1123834e-04 4.23e-06 5.15e-03  -4.1 2.99e-03    -  1.00e+00 1.00e+00h  1
1321  7.1047281e-04 4.64e-07 1.22e-03  -4.1 1.12e-03    -  1.00e+00 1.00e+00h  1
1322  7.1088133e-04 2.18e-07 1.02e-03  -4.1 5.48e-04    -  1.00e+00 1.00e+00h  1
1323  7.1080921e-04 4.96e-08 1.08e-03  -4.1 1.92e-04    -  1.00e+00 1.00e+00h  1
1324  7.1073548e-04 2.44e-09 2.60e-04  -4.1 8.05e-05    -  1.00e+00 1.00e+00h  1
1325  7.1078304e-04 1.25e-08 4.13e-04  -4.0 1.29e-04    -  1.00e+00 1.00e+00h  1
1326  7.1073479e-04 1.49e-08 8.81e-04  -4.1 1.38e-04    -  1.00e+00 1.00e+00h  1
1327  7.1156060e-04 1.42e-10 9.92e-03  -4.1 2.97e-03    -  1.00e+00 1.00e+00H  1
1328  7.1068112e-04 7.68e-07 5.39e-03  -4.1 7.77e-04    -  1.00e+00 1.00e+00h  1
1329  7.1062008e-04 2.95e-09 2.51e-03  -4.1 1.14e-03    -  1.00e+00 1.00e+00H  1
iter    objective    inf_pr   inf_du lg(mu)  ||d||  lg(rg) alpha_du alpha_pr  ls
1330  7.1067046e-04 2.16e-08 6.87e-04  -4.0 1.62e-04    -  1.00e+00 1.00e+00h  1
1331  7.1063332e-04 1.02e-08 1.93e-04  -4.1 1.12e-04    -  1.00e+00 1.00e+00h  1
1332  7.1036336e-04 6.60e-08 2.70e-03  -6.1 2.92e-04    -  1.00e+00 1.00e+00h  1
1333  7.0743042e-04 1.17e-05 3.61e-03  -6.1 4.47e-03    -  1.00e+00 1.00e+00h  1
1334  7.0610720e-04 1.18e-05 1.88e-02  -6.1 1.04e-02    -  1.00e+00 1.79e-01h  2
1335  7.0628796e-04 1.33e-05 1.01e-03  -6.1 3.66e-03    -  1.00e+00 1.00e+00h  1
1336  7.0910434e-04 5.12e-06 4.22e-04  -6.1 2.63e-03    -  1.00e+00 1.00e+00h  1
1337  7.0547167e-04 7.23e-06 7.29e-04  -6.1 3.05e-03    -  1.00e+00 1.00e+00h  1
1338  7.0509259e-04 2.02e-06 2.87e-04  -6.1 1.85e-03    -  1.00e+00 1.00e+00h  1
1339  8.4905064e-04 1.97e-03 2.11e-02  -4.0 1.08e-01    -  1.00e+00 5.00e-01f  2
iter    objective    inf_pr   inf_du lg(mu)  ||d||  lg(rg) alpha_du alpha_pr  ls
1340  7.8754572e-04 1.25e-03 3.88e-03  -4.1 6.17e-02    -  1.00e+00 1.00e+00H  1
1341  7.9158005e-04 1.21e-03 4.36e-02  -4.1 1.05e-01    -  8.00e-01 1.25e-01h  4
1342  7.4390726e-04 2.70e-04 3.81e-03  -4.1 2.02e-02    -  1.00e+00 8.27e-01h  1
1343  7.2970873e-04 1.08e-03 7.24e-03  -4.1 3.34e-02    -  1.00e+00 1.00e+00f  1
1344  7.1934783e-04 2.55e-04 3.19e-03  -4.1 1.75e-02    -  1.00e+00 1.00e+00h  1
1345  7.1913688e-04 1.69e-04 7.60e-03  -4.1 1.32e-02    -  1.00e+00 1.00e+00h  1
1346  7.1963406e-04 1.97e-04 1.37e-02  -4.1 1.77e-02    -  1.00e+00 1.00e+00h  1
1347  7.1284261e-04 8.08e-05 4.66e-03  -4.1 1.30e-02    -  1.00e+00 1.00e+00h  1
1348  7.1221982e-04 2.70e-06 2.88e-03  -4.1 2.07e-03    -  1.00e+00 1.00e+00h  1
1349  7.0989416e-04 2.44e-07 1.03e-02  -4.1 2.41e-03    -  1.00e+00 1.00e+00H  1
iter    objective    inf_pr   inf_du lg(mu)  ||d||  lg(rg) alpha_du alpha_pr  ls
1350  7.1129805e-04 1.27e-06 2.84e-03  -4.1 1.38e-03    -  1.00e+00 1.00e+00h  1
1351  7.1104531e-04 1.08e-06 2.73e-03  -4.1 9.45e-04    -  1.00e+00 1.00e+00h  1
1352  7.1057887e-04 3.72e-07 3.21e-04  -4.1 5.50e-04    -  1.00e+00 1.00e+00h  1
1353  7.1006967e-04 3.85e-07 1.09e-03  -6.1 7.93e-04    -  1.00e+00 1.00e+00h  1
1354  7.0438195e-04 8.75e-05 5.37e-03  -6.1 3.46e-02    -  1.00e+00 4.28e-01h  2
1355  8.4711767e-04 1.11e-03 2.06e-02  -4.0 9.79e-02    -  1.00e+00 5.00e-01h  2
1356  7.1221187e-04 6.12e-04 1.50e-03  -4.1 3.70e-02    -  1.00e+00 1.00e+00h  1
1357  7.0618238e-04 1.23e-05 2.19e-03  -4.1 4.75e-03    -  1.00e+00 1.00e+00h  1
1358  7.2209964e-04 1.46e-04 1.13e-01  -4.1 3.76e-02    -  1.00e+00 5.00e-01h  2
1359  7.1214645e-04 1.26e-04 4.47e-03  -4.1 1.67e-02    -  1.00e+00 1.00e+00h  1
iter    objective    inf_pr   inf_du lg(mu)  ||d||  lg(rg) alpha_du alpha_pr  ls
1360  7.3131462e-04 1.39e-04 1.99e-02  -4.1 1.44e-02    -  1.00e+00 1.00e+00h  1
1361  7.1224748e-04 6.90e-05 2.05e-03  -4.1 1.02e-02    -  1.00e+00 1.00e+00h  1
1362  7.1698465e-04 1.51e-05 8.53e-03  -4.1 4.63e-03    -  1.00e+00 1.00e+00h  1
1363  7.0982921e-04 1.44e-05 4.85e-03  -4.1 4.48e-03    -  1.00e+00 1.00e+00h  1
1364  7.1051619e-04 3.99e-06 2.12e-03  -4.1 1.75e-03    -  1.00e+00 1.00e+00h  1
1365  7.1133375e-04 1.39e-06 3.46e-03  -4.1 1.73e-03    -  1.00e+00 1.00e+00h  1
1366  7.1047670e-04 7.28e-07 7.40e-04  -4.1 9.84e-04    -  1.00e+00 1.00e+00h  1
1367  7.1024024e-04 4.11e-08 9.40e-04  -6.1 2.14e-04    -  1.00e+00 1.00e+00h  1
1368  7.0446916e-04 5.79e-05 6.58e-04  -6.1 8.54e-03    -  1.00e+00 1.00e+00h  1
1369  7.0305095e-04 2.18e-05 6.07e-03  -6.1 2.31e-03    -  1.00e+00 6.55e-01h  1
iter    objective    inf_pr   inf_du lg(mu)  ||d||  lg(rg) alpha_du alpha_pr  ls
1370  8.2243216e-04 4.01e-03 5.62e-02  -4.0 6.96e-02    -  1.00e+00 1.00e+00f  1
1371  7.4792966e-04 1.04e-03 1.41e-02  -4.1 3.60e-02    -  1.00e+00 1.00e+00h  1
1372  8.5469945e-04 4.80e-04 2.36e-03  -4.1 2.24e-02    -  1.00e+00 1.00e+00h  1
1373  7.0425992e-04 7.41e-05 2.89e-03  -4.1 1.05e-02    -  1.00e+00 1.00e+00h  1
1374  7.2224099e-04 2.25e-04 1.05e-02  -4.1 1.61e-02    -  1.00e+00 1.00e+00h  1
1375  7.0977679e-04 9.18e-05 6.82e-04  -4.1 1.01e-02    -  1.00e+00 1.00e+00h  1
1376  7.1722474e-04 1.31e-07 5.08e-04  -6.1 5.22e-04    -  1.00e+00 1.00e+00h  1
1377  7.0842127e-04 7.14e-07 6.46e-04  -6.1 1.01e-03    -  1.00e+00 1.00e+00h  1
1378  7.0758540e-04 5.56e-07 7.53e-04  -6.1 8.19e-04    -  1.00e+00 1.00e+00h  1
1379  7.0515180e-04 4.75e-07 1.01e-02  -6.1 6.55e-03    -  1.00e+00 5.07e-01H  1
iter    objective    inf_pr   inf_du lg(mu)  ||d||  lg(rg) alpha_du alpha_pr  ls
1380  1.5589115e-03 5.09e-03 4.42e-02  -4.0 9.84e-02    -  1.00e+00 1.00e+00f  1
1381  1.0623719e-03 1.76e-03 1.31e-02  -4.1 5.06e-02    -  1.00e+00 1.00e+00h  1
1382  9.4546168e-04 7.49e-04 2.56e-03  -4.1 3.36e-02    -  1.00e+00 1.00e+00h  1
1383  7.2127955e-04 2.37e-05 1.97e-03  -4.1 7.19e-03    -  1.00e+00 1.00e+00h  1
1384  6.9373642e-04 1.09e-03 1.02e-01  -4.1 4.64e-02    -  1.00e+00 1.00e+00h  1
1385  7.0109518e-04 2.82e-04 2.45e-02  -4.1 2.39e-02    -  1.00e+00 1.00e+00h  1
1386  7.6790189e-04 1.65e-04 5.59e-02  -4.1 1.40e-02    -  1.00e+00 5.00e-01h  2
1387  7.0941350e-04 4.32e-05 1.68e-03  -4.1 9.66e-03    -  1.00e+00 1.00e+00h  1
1388  7.1278233e-04 5.01e-06 2.68e-03  -4.1 2.92e-03    -  1.00e+00 1.00e+00h  1
1389  7.0969377e-04 2.47e-06 3.81e-03  -4.1 2.06e-03    -  1.00e+00 1.00e+00h  1
iter    objective    inf_pr   inf_du lg(mu)  ||d||  lg(rg) alpha_du alpha_pr  ls
1390  7.1130909e-04 1.07e-06 8.25e-04  -4.1 1.23e-03    -  1.00e+00 1.00e+00h  1
1391  7.1083270e-04 1.60e-08 4.28e-04  -4.1 1.78e-04    -  1.00e+00 1.00e+00h  1
1392  7.1053209e-04 3.16e-08 9.99e-04  -6.1 2.65e-04    -  1.00e+00 1.00e+00h  1
1393  7.0882770e-04 2.89e-06 6.80e-04  -6.1 2.60e-03    -  1.00e+00 1.00e+00h  1
1394  7.0788393e-04 5.71e-06 1.42e-02  -6.1 1.34e-02    -  1.00e+00 2.14e-01h  2
1395  7.0773330e-04 1.95e-07 3.01e-04  -6.1 6.36e-04    -  1.00e+00 1.00e+00h  1
1396  7.0594849e-04 2.31e-08 2.43e-04  -6.1 3.61e-04    -  1.00e+00 1.00e+00h  1
1397  7.0544493e-04 5.49e-08 8.84e-05  -6.1 2.54e-04    -  1.00e+00 1.00e+00h  1
1398  7.0534134e-04 3.55e-08 1.77e-05  -6.1 2.29e-04    -  1.00e+00 1.00e+00h  1
1399  8.7863607e-04 5.07e-03 1.15e-01  -4.0 1.04e-01    -  1.00e+00 1.00e+00f  1
iter    objective    inf_pr   inf_du lg(mu)  ||d||  lg(rg) alpha_du alpha_pr  ls
1400  7.6948920e-04 1.47e-03 2.75e-02  -4.1 5.33e-02    -  1.00e+00 1.00e+00h  1
1401  9.8478648e-04 6.59e-04 8.09e-03  -4.1 3.37e-02    -  1.00e+00 1.00e+00h  1
1402  1.1125864e-03 5.69e-04 2.22e-02  -4.1 4.81e-02    -  1.00e+00 5.00e-01h  2
1403  7.8709685e-04 2.49e-04 1.62e-03  -4.1 2.12e-02    -  1.00e+00 1.00e+00h  1
1404  7.3400509e-04 3.28e-04 1.74e-02  -4.1 2.80e-02    -  1.00e+00 1.00e+00h  1
1405  7.2208642e-04 1.31e-04 1.97e-03  -4.1 1.70e-02    -  1.00e+00 1.00e+00h  1
1406  1.2404819e-03 6.52e-05 9.50e-03  -4.1 1.33e-02    -  1.00e+00 1.00e+00h  1
1407  7.1173266e-04 5.48e-05 2.05e-03  -4.1 1.13e-02    -  1.00e+00 1.00e+00h  1
1408  7.1004464e-04 1.09e-06 2.04e-03  -4.1 1.52e-03    -  1.00e+00 1.00e+00h  1
1409  7.1417840e-04 3.57e-06 8.23e-03  -4.1 2.62e-03    -  1.00e+00 1.00e+00h  1
iter    objective    inf_pr   inf_du lg(mu)  ||d||  lg(rg) alpha_du alpha_pr  ls
1410  7.1106075e-04 2.65e-06 3.04e-03  -4.1 2.13e-03    -  1.00e+00 1.00e+00h  1
1411  7.1062533e-04 8.91e-07 3.56e-03  -4.1 1.34e-03    -  1.00e+00 1.00e+00h  1
1412  7.1086296e-04 2.03e-07 3.42e-04  -4.1 6.90e-04    -  1.00e+00 1.00e+00h  1
1413  7.1057147e-04 4.58e-08 9.42e-04  -6.1 2.79e-04    -  1.00e+00 1.00e+00h  1
1414  7.0165432e-04 2.39e-04 4.04e-02  -6.1 1.54e-01    -  1.00e+00 1.36e-01h  2
1415  7.0529243e-04 1.82e-04 2.53e-03  -6.1 9.99e-03    -  1.00e+00 2.50e-01h  3
1416  7.0401001e-04 4.63e-05 3.69e-04  -6.1 9.55e-03    -  1.00e+00 1.00e+00h  1
1417  7.0552581e-04 2.40e-05 5.32e-03  -6.1 2.79e-03    -  1.00e+00 5.00e-01h  2
1418  7.0486020e-04 2.29e-06 2.40e-04  -6.1 2.09e-03    -  1.00e+00 1.00e+00h  1
1419  9.3831407e-04 4.89e-03 1.99e-01  -4.0 1.03e-01    -  1.00e+00 1.00e+00f  1
iter    objective    inf_pr   inf_du lg(mu)  ||d||  lg(rg) alpha_du alpha_pr  ls
1420  7.7399711e-04 1.51e-03 5.13e-02  -4.1 5.54e-02    -  1.00e+00 1.00e+00h  1
1421  7.5030259e-04 2.71e-04 1.61e-02  -4.1 3.04e-02    -  1.00e+00 1.00e+00h  1
1422  1.4872076e-03 2.30e-04 5.29e-02  -4.1 3.36e-02    -  9.57e-01 5.00e-01h  2
1423  7.2309206e-04 2.16e-05 3.46e-03  -4.1 5.73e-03    -  1.00e+00 9.55e-01h  1
1424  6.8234352e-04 7.50e-04 1.74e-01  -4.1 4.26e-02    -  1.00e+00 1.00e+00f  1
1425  6.9692648e-04 3.38e-04 5.97e-02  -4.0 2.81e-02    -  1.00e+00 1.00e+00h  1
1426  7.1240314e-04 2.02e-04 1.47e-02  -4.1 2.19e-02    -  1.00e+00 1.00e+00h  1
1427  9.4907994e-04 5.43e-05 1.10e-02  -4.1 8.17e-03    -  1.00e+00 1.00e+00h  1
1428  7.0787230e-04 5.47e-05 5.64e-03  -4.1 9.71e-03    -  1.00e+00 1.00e+00h  1
1429  7.1244687e-04 1.03e-05 4.79e-03  -4.1 5.15e-03    -  1.00e+00 1.00e+00h  1
iter    objective    inf_pr   inf_du lg(mu)  ||d||  lg(rg) alpha_du alpha_pr  ls
1430  7.1033909e-04 7.61e-06 4.29e-03  -4.1 3.94e-03    -  1.00e+00 1.00e+00h  1
1431  7.1050535e-04 1.28e-06 1.12e-03  -4.1 1.38e-03    -  1.00e+00 1.00e+00h  1
1432  7.1066112e-04 1.09e-07 9.44e-04  -4.1 3.76e-04    -  1.00e+00 1.00e+00h  1
1433  7.1055108e-04 5.70e-09 2.13e-04  -4.1 1.10e-04    -  1.00e+00 1.00e+00h  1
1434  7.1025242e-04 7.82e-08 1.10e-03  -6.1 3.86e-04    -  1.00e+00 1.00e+00h  1
1435  7.0789648e-04 7.34e-04 2.23e-03  -6.1 3.67e-02    -  1.00e+00 1.00e+00h  1
1436  7.0106434e-04 5.60e-04 4.97e-03  -6.1 1.56e-02    -  1.00e+00 2.50e-01h  3
1437  7.0332866e-04 2.04e-04 8.93e-04  -6.1 1.85e-02    -  1.00e+00 1.00e+00h  1
1438  7.0557266e-04 1.99e-04 2.49e-03  -6.1 4.88e-02    -  1.00e+00 1.25e-01h  4
1439  7.0219004e-04 9.43e-05 7.51e-03  -6.1 4.11e-03    -  1.00e+00 5.21e-01h  1
iter    objective    inf_pr   inf_du lg(mu)  ||d||  lg(rg) alpha_du alpha_pr  ls
1440  7.0428235e-04 1.01e-05 2.93e-04  -6.1 4.66e-03    -  1.00e+00 1.00e+00h  1
1441  9.1504564e-04 1.78e-03 6.17e-02  -4.0 2.18e-01    -  1.00e+00 2.50e-01h  3
1442  7.2679422e-04 1.78e-03 2.93e-03  -4.1 5.13e-02    -  1.00e+00 1.00e+00h  1
1443  7.9836304e-04 1.79e-03 1.02e-02  -4.1 1.11e-01    -  1.00e+00 2.50e-01h  3
1444  8.3056431e-04 7.49e-04 5.05e-03  -4.1 3.11e-02    -  1.00e+00 1.00e+00h  1
1445  7.7351191e-04 8.31e-04 1.26e-02  -4.1 5.53e-02    -  1.00e+00 5.00e-01h  2
1446  7.1614191e-04 1.07e-03 2.12e-03  -4.1 3.86e-02    -  1.00e+00 1.00e+00h  1
1447  7.3090191e-04 2.10e-04 7.03e-03  -4.1 1.79e-02    -  1.00e+00 1.00e+00h  1
1448  7.1623435e-04 2.91e-04 7.35e-03  -4.1 2.21e-02    -  1.00e+00 1.00e+00h  1
1449  7.6030821e-04 1.69e-04 2.00e-02  -4.1 1.66e-02    -  1.00e+00 8.83e-01H  1
iter    objective    inf_pr   inf_du lg(mu)  ||d||  lg(rg) alpha_du alpha_pr  ls
1450  7.2749027e-04 9.91e-05 8.79e-03  -4.1 1.31e-02    -  1.00e+00 1.00e+00F  1
1451  7.1835784e-04 8.15e-05 8.03e-02  -4.1 1.99e-02    -  1.00e+00 2.50e-01h  3
1452  7.1407585e-04 1.77e-05 2.77e-03  -4.1 3.94e-03    -  1.00e+00 1.00e+00h  1
1453  7.1324389e-04 2.58e-05 9.33e-03  -4.1 4.99e-03    -  1.00e+00 1.00e+00h  1
1454  7.0994360e-04 1.20e-05 4.66e-03  -4.1 3.33e-03    -  1.00e+00 1.00e+00h  1
1455  7.1266470e-04 7.99e-06 9.30e-03  -4.1 3.47e-03    -  1.00e+00 1.00e+00h  1
1456  7.1032385e-04 5.42e-06 9.23e-04  -4.1 2.87e-03    -  1.00e+00 1.00e+00h  1
1457  7.1037027e-04 1.97e-08 2.09e-04  -4.1 1.75e-04    -  1.00e+00 1.00e+00h  1
1458  7.1005794e-04 4.15e-08 1.20e-03  -6.1 3.12e-04    -  1.00e+00 1.00e+00h  1
1459  7.0589631e-04 2.80e-05 4.20e-02  -6.1 1.51e-01    -  1.00e+00 5.57e-02h  3
iter    objective    inf_pr   inf_du lg(mu)  ||d||  lg(rg) alpha_du alpha_pr  ls
1460  7.0814799e-04 5.59e-06 1.66e-04  -6.1 3.48e-03    -  1.00e+00 1.00e+00h  1
1461  7.0602921e-04 1.20e-06 4.38e-04  -6.1 1.45e-03    -  1.00e+00 1.00e+00h  1
1462  7.0451069e-04 4.55e-07 7.33e-05  -6.1 1.06e-03    -  1.00e+00 1.00e+00h  1
1463  9.1075587e-04 3.36e-03 9.55e-02  -4.0 9.58e-02    -  1.00e+00 1.00e+00f  1
1464  7.9887083e-04 1.01e-03 2.33e-02  -4.1 4.99e-02    -  1.00e+00 1.00e+00h  1
1465  2.8111848e-03 5.75e-04 7.33e-03  -4.1 3.24e-02    -  9.31e-01 1.00e+00h  1
1466  8.5670976e-04 3.35e-04 8.19e-03  -4.1 2.70e-02    -  1.00e+00 7.78e-01h  1
1467  7.2273114e-04 4.57e-04 3.52e-03  -4.1 3.26e-02    -  1.00e+00 1.00e+00f  1
1468  1.0463454e-03 7.49e-06 3.34e-03  -4.1 3.71e-03    -  1.00e+00 1.00e+00h  1
1469  7.2590929e-04 1.23e-04 2.65e-02  -4.1 1.75e-02    -  1.00e+00 1.00e+00h  1
iter    objective    inf_pr   inf_du lg(mu)  ||d||  lg(rg) alpha_du alpha_pr  ls
1470  7.3484003e-04 5.96e-05 1.91e-03  -4.1 1.15e-02    -  1.00e+00 1.00e+00h  1
1471  7.0979523e-04 4.81e-06 2.75e-03  -4.1 3.09e-03    -  1.00e+00 1.00e+00h  1
1472  7.1412703e-04 9.27e-06 1.22e-02  -4.1 5.02e-03    -  1.00e+00 1.00e+00h  1
1473  7.1078013e-04 4.59e-06 3.04e-03  -4.1 2.90e-03    -  1.00e+00 1.00e+00h  1
1474  7.1065984e-04 2.22e-06 5.54e-03  -4.1 1.75e-03    -  1.00e+00 1.00e+00h  1
1475  7.1078696e-04 8.55e-07 4.29e-04  -4.1 9.89e-04    -  1.00e+00 1.00e+00h  1
1476  7.1047862e-04 3.36e-08 9.95e-04  -6.1 2.89e-04    -  1.00e+00 1.00e+00h  1
1477  7.0952666e-04 1.46e-06 8.97e-04  -6.1 2.98e-02    -  1.00e+00 6.25e-02h  5
1478  7.0798149e-04 6.17e-06 4.65e-03  -6.1 7.46e-03    -  1.00e+00 4.90e-01h  2
1479  7.0570866e-04 4.60e-07 5.77e-04  -6.1 8.06e-04    -  1.00e+00 1.00e+00h  1
iter    objective    inf_pr   inf_du lg(mu)  ||d||  lg(rg) alpha_du alpha_pr  ls
1480  7.0490607e-04 2.03e-07 2.92e-05  -6.1 4.72e-04    -  1.00e+00 1.00e+00h  1
1481  8.5756378e-04 3.47e-03 2.62e-01  -4.0 9.32e-02    -  1.00e+00 1.00e+00f  1
1482  7.6368799e-04 8.97e-04 6.56e-02  -4.1 4.67e-02    -  1.00e+00 1.00e+00h  1
1483  7.3922263e-04 2.73e-04 1.60e-02  -4.1 2.42e-02    -  1.00e+00 1.00e+00h  1
1484  8.8745734e-04 1.15e-04 3.02e-03  -4.1 1.71e-02    -  1.00e+00 1.00e+00h  1
1485  7.2359880e-04 6.73e-06 1.70e-03  -4.1 3.38e-03    -  1.00e+00 1.00e+00h  1
1486  7.1461750e-04 1.86e-06 5.12e-03  -4.1 1.56e-03    -  1.00e+00 1.00e+00h  1
1487  7.1211072e-04 2.76e-06 5.60e-03  -4.1 2.27e-03    -  1.00e+00 1.00e+00h  1
1488  7.1865481e-04 2.25e-06 5.53e-03  -4.1 2.55e-03    -  1.00e+00 1.00e+00h  1
1489  7.1034755e-04 7.10e-07 5.13e-04  -4.1 1.41e-03    -  1.00e+00 1.00e+00h  1
iter    objective    inf_pr   inf_du lg(mu)  ||d||  lg(rg) alpha_du alpha_pr  ls
1490  7.1006711e-04 3.16e-08 1.09e-03  -6.1 2.52e-04    -  1.00e+00 1.00e+00h  1
1491  7.0952460e-04 1.97e-06 1.21e-02  -6.1 1.58e-02    -  1.00e+00 1.25e-01h  4
1492  7.0784382e-04 1.54e-05 7.55e-04  -6.1 5.41e-03    -  1.00e+00 1.00e+00h  1
1493  7.0771956e-04 2.20e-06 4.21e-04  -6.1 2.19e-03    -  1.00e+00 1.00e+00h  1
1494  7.0484111e-04 4.01e-07 9.05e-05  -6.1 8.70e-04    -  1.00e+00 1.00e+00h  1
1495  7.0479897e-04 1.91e-09 3.09e-05  -6.1 5.92e-05    -  1.00e+00 1.00e+00h  1
1496  1.0061525e-03 3.22e-03 1.92e-01  -4.0 8.89e-02    -  1.00e+00 1.00e+00f  1
1497  1.1357093e-03 1.13e-03 5.29e-02  -4.1 4.32e-02    -  1.00e+00 1.00e+00h  1
1498  1.4140665e-03 7.50e-04 2.48e-02  -4.1 2.98e-02    -  9.01e-01 1.00e+00h  1
1499  8.3245941e-04 3.55e-04 2.49e-02  -4.1 1.59e-02    -  1.00e+00 6.34e-01h  1
iter    objective    inf_pr   inf_du lg(mu)  ||d||  lg(rg) alpha_du alpha_pr  ls
1500  7.5363391e-04 3.70e-04 8.44e-03  -4.1 2.63e-02    -  1.00e+00 1.00e+00f  1
1501  8.0888463e-04 7.45e-06 2.97e-03  -4.1 4.47e-03    -  1.00e+00 1.00e+00h  1
1502  7.1433562e-04 1.86e-05 1.31e-02  -4.1 6.00e-03    -  1.00e+00 1.00e+00h  1
1503  7.1102842e-04 1.13e-05 5.50e-03  -4.1 5.30e-03    -  1.00e+00 1.00e+00h  1
1504  7.1082424e-04 2.67e-06 2.39e-03  -4.1 2.36e-03    -  1.00e+00 1.00e+00h  1
1505  7.1031057e-04 1.10e-06 4.30e-03  -4.1 1.34e-03    -  1.00e+00 1.00e+00h  1
1506  7.1020568e-04 5.00e-07 6.67e-04  -4.1 7.23e-04    -  1.00e+00 1.00e+00h  1
1507  7.0988904e-04 3.52e-08 9.60e-04  -6.1 2.78e-04    -  1.00e+00 1.00e+00h  1
1508  7.0788562e-04 8.38e-06 2.22e-02  -6.1 5.49e-02    -  1.00e+00 7.10e-02h  4
1509  7.0545034e-04 5.38e-06 1.72e-02  -6.1 2.57e-03    -  1.00e+00 4.76e-01h  2
iter    objective    inf_pr   inf_du lg(mu)  ||d||  lg(rg) alpha_du alpha_pr  ls
1510  7.0578995e-04 1.74e-07 4.93e-04  -6.1 4.92e-04    -  1.00e+00 1.00e+00h  1
1511  7.0461109e-04 1.17e-07 2.71e-04  -6.1 4.00e-04    -  1.00e+00 1.00e+00h  1
1512  8.2870383e-04 3.58e-03 2.09e-01  -4.0 8.53e-02    -  1.00e+00 1.00e+00f  1
1513  7.5631919e-04 9.67e-04 5.17e-02  -4.1 4.29e-02    -  1.00e+00 1.00e+00h  1
1514  7.2679760e-04 2.68e-04 1.32e-02  -4.1 2.19e-02    -  1.00e+00 1.00e+00h  1
1515  7.1160816e-04 1.87e-04 5.27e-03  -4.1 1.74e-02    -  1.00e+00 1.00e+00h  1
1516  7.4819050e-04 2.77e-04 1.70e-02  -4.1 2.34e-02    -  1.00e+00 1.00e+00h  1
1517  7.1623501e-04 1.24e-04 1.43e-03  -4.1 1.66e-02    -  1.00e+00 1.00e+00h  1
1518  7.4626330e-04 5.13e-05 1.40e-02  -4.1 9.93e-03    -  1.00e+00 1.00e+00h  1
1519  7.0952899e-04 5.56e-05 3.00e-03  -4.1 1.03e-02    -  1.00e+00 1.00e+00h  1
iter    objective    inf_pr   inf_du lg(mu)  ||d||  lg(rg) alpha_du alpha_pr  ls
1520  7.1109415e-04 4.63e-06 4.00e-03  -4.1 3.29e-03    -  1.00e+00 1.00e+00h  1
1521  7.0998012e-04 1.97e-06 2.39e-03  -4.1 1.99e-03    -  1.00e+00 1.00e+00h  1
1522  7.1010633e-04 2.80e-07 6.42e-04  -4.1 7.24e-04    -  1.00e+00 1.00e+00h  1
1523  7.0972004e-04 1.21e-07 5.60e-04  -6.1 3.86e-04    -  1.00e+00 1.00e+00h  1
1524  7.0040959e-04 2.05e-04 1.64e-03  -6.1 1.58e-02    -  1.00e+00 1.00e+00h  1
1525  1.1269500e-03 4.82e-03 2.40e-02  -4.0 7.79e-02    -  1.00e+00 1.00e+00h  1
1526  8.4697524e-04 1.20e-03 7.59e-03  -4.1 3.85e-02    -  1.00e+00 1.00e+00h  1
1527  7.0714412e-04 7.19e-04 2.19e-03  -4.1 3.05e-02    -  1.00e+00 1.00e+00h  1
1528  7.1330933e-04 6.95e-05 1.36e-03  -4.1 9.80e-03    -  1.00e+00 1.00e+00h  1
1529  7.0478560e-04 3.50e-05 8.34e-03  -4.1 6.31e-03    -  1.00e+00 1.00e+00h  1
iter    objective    inf_pr   inf_du lg(mu)  ||d||  lg(rg) alpha_du alpha_pr  ls
1530  7.1222364e-04 4.03e-05 4.67e-03  -4.1 6.95e-03    -  1.00e+00 1.00e+00h  1
1531  7.0913663e-04 4.53e-06 2.70e-03  -4.1 2.61e-03    -  1.00e+00 1.00e+00h  1
1532  7.1011876e-04 7.98e-07 1.14e-03  -4.1 1.08e-03    -  1.00e+00 1.00e+00h  1
1533  7.0995413e-04 3.67e-08 6.43e-04  -4.1 2.08e-04    -  1.00e+00 1.00e+00h  1
1534  7.0974265e-04 4.23e-08 1.17e-03  -6.1 2.45e-04    -  1.00e+00 1.00e+00h  1
1535  7.0847493e-04 1.49e-06 1.10e-03  -6.1 1.42e-03    -  1.00e+00 1.00e+00h  1
1536  7.0669841e-04 1.28e-05 1.81e-02  -6.1 2.40e-02    -  1.00e+00 1.73e-01h  2
1537  7.0692005e-04 2.63e-06 1.46e-04  -6.1 1.91e-03    -  1.00e+00 1.00e+00h  1
1538  7.0514970e-04 2.14e-07 2.36e-04  -6.1 4.92e-04    -  1.00e+00 1.00e+00h  1
1539  7.0496657e-04 3.33e-08 3.40e-05  -6.1 1.79e-04    -  1.00e+00 1.00e+00h  1
iter    objective    inf_pr   inf_du lg(mu)  ||d||  lg(rg) alpha_du alpha_pr  ls
1540  7.0482102e-04 3.48e-07 7.51e-05  -6.1 5.70e-04    -  1.00e+00 1.00e+00h  1
1541  7.0496482e-04 1.95e-09 1.13e-04  -6.1 8.94e-04    -  1.00e+00 1.00e+00H  1
1542  9.0366819e-04 7.00e-03 1.50e-01  -4.0 1.07e-01    -  1.00e+00 1.00e+00f  1
1543  7.7389037e-04 1.80e-03 3.69e-02  -4.1 5.41e-02    -  1.00e+00 1.00e+00h  1
1544  7.7061467e-04 6.15e-04 9.99e-03  -4.1 2.60e-02    -  1.00e+00 1.00e+00h  1
1545  8.3919011e-04 5.06e-04 3.31e-02  -4.1 3.79e-02    -  9.44e-01 5.00e-01h  2
1546  7.1410646e-04 1.75e-04 2.41e-03  -4.1 1.40e-02    -  1.00e+00 1.00e+00h  1
1547  7.1329071e-04 2.21e-04 6.96e-02  -4.1 2.26e-02    -  1.00e+00 5.00e-01h  2
1548  7.2393736e-04 1.54e-04 4.93e-02  -4.1 1.14e-02    -  1.00e+00 5.00e-01h  2
1549  7.1375030e-04 8.29e-07 2.40e-03  -4.1 1.16e-03    -  1.00e+00 1.00e+00h  1
iter    objective    inf_pr   inf_du lg(mu)  ||d||  lg(rg) alpha_du alpha_pr  ls
1550  7.1847537e-04 5.33e-05 2.82e-02  -4.1 9.71e-03    -  1.00e+00 1.00e+00h  1
1551  7.1218427e-04 2.49e-05 6.02e-03  -4.1 5.58e-03    -  1.00e+00 1.00e+00h  1
1552  7.1055920e-04 2.02e-05 4.48e-02  -4.1 5.54e-03    -  1.00e+00 5.00e-01h  2
1553  7.0958174e-04 4.92e-06 3.92e-03  -4.1 2.65e-03    -  1.00e+00 1.00e+00h  1
1554  7.1034582e-04 9.20e-07 1.04e-03  -4.1 1.17e-03    -  1.00e+00 1.00e+00h  1
1555  7.1009617e-04 5.04e-08 3.38e-04  -4.1 2.82e-04    -  1.00e+00 1.00e+00h  1
1556  7.0984979e-04 3.82e-08 1.07e-03  -6.1 2.35e-04    -  1.00e+00 1.00e+00h  1
1557  7.0755308e-04 3.49e-04 1.06e-03  -6.1 2.28e-02    -  1.00e+00 1.00e+00h  1
1558  7.0106167e-04 1.98e-04 2.74e-03  -6.1 1.10e-02    -  1.00e+00 5.00e-01h  2
1559  7.0226199e-04 1.12e-04 5.01e-03  -6.1 8.54e-03    -  1.00e+00 5.00e-01h  2
iter    objective    inf_pr   inf_du lg(mu)  ||d||  lg(rg) alpha_du alpha_pr  ls
1560  8.8449683e-04 2.38e-03 1.39e-01  -4.0 2.42e-01    -  1.00e+00 2.50e-01h  3
1561  7.2491162e-04 9.96e-04 3.67e-03  -4.1 3.77e-02    -  1.00e+00 1.00e+00h  1
1562  7.1877971e-04 3.60e-04 5.54e-03  -4.1 2.63e-02    -  1.00e+00 1.00e+00h  1
1563  7.1458932e-04 2.35e-04 2.62e-03  -4.1 2.08e-02    -  1.00e+00 1.00e+00h  1
1564  7.7948179e-04 6.77e-05 5.30e-03  -4.1 1.05e-02    -  1.00e+00 1.00e+00h  1
1565  7.1641624e-04 9.27e-05 1.02e-02  -4.1 1.32e-02    -  1.00e+00 1.00e+00h  1
1566  7.3471527e-04 7.56e-05 6.54e-03  -4.1 1.21e-02    -  1.00e+00 1.00e+00h  1
1567  7.1153782e-04 2.97e-05 3.06e-03  -4.1 7.02e-03    -  1.00e+00 1.00e+00h  1
1568  7.0870482e-04 3.82e-06 3.39e-03  -4.1 2.81e-03    -  1.00e+00 1.00e+00h  1
1569  7.1040573e-04 1.65e-06 2.55e-03  -4.1 1.95e-03    -  1.00e+00 1.00e+00h  1
iter    objective    inf_pr   inf_du lg(mu)  ||d||  lg(rg) alpha_du alpha_pr  ls
1570  7.0983490e-04 1.48e-07 4.49e-04  -4.1 6.31e-04    -  1.00e+00 1.00e+00h  1
1571  7.0953909e-04 4.93e-08 1.01e-03  -6.1 2.55e-04    -  1.00e+00 1.00e+00h  1
1572  7.0867841e-04 7.72e-07 9.96e-04  -6.1 8.81e-04    -  1.00e+00 1.00e+00h  1
1573  7.0713762e-04 1.47e-05 2.92e-03  -6.1 7.95e-03    -  1.00e+00 5.00e-01h  2
1574  7.0538563e-04 8.42e-06 1.01e-02  -6.1 8.08e-04    -  1.00e+00 4.28e-01h  2
1575  7.0523891e-04 9.05e-07 4.80e-04  -6.1 1.16e-03    -  1.00e+00 1.00e+00h  1
1576  7.0486028e-04 2.78e-08 1.85e-04  -6.1 2.01e-04    -  1.00e+00 1.00e+00h  1
1577  7.0480941e-04 8.72e-09 2.35e-05  -6.1 7.99e-05    -  1.00e+00 1.00e+00h  1
1578  7.0472979e-04 9.36e-08 2.75e-05  -6.1 2.90e-04    -  1.00e+00 1.00e+00h  1
1579  1.0770939e-03 8.90e-03 9.25e-02  -4.0 9.66e-02    -  1.00e+00 1.00e+00f  1
iter    objective    inf_pr   inf_du lg(mu)  ||d||  lg(rg) alpha_du alpha_pr  ls
1580  8.4552156e-04 2.61e-03 2.79e-02  -4.1 5.39e-02    -  1.00e+00 1.00e+00h  1
1581  8.6105212e-04 6.84e-04 3.18e-03  -4.1 3.35e-02    -  1.00e+00 1.00e+00h  1
1582  7.2749035e-04 1.00e-04 4.37e-03  -4.1 1.01e-02    -  1.00e+00 1.00e+00h  1
1583  7.0386569e-04 4.93e-04 1.86e-02  -4.1 2.51e-02    -  1.00e+00 1.00e+00h  1
1584  7.1132968e-04 1.69e-04 4.11e-03  -4.1 1.30e-02    -  1.00e+00 1.00e+00h  1
1585  7.3175119e-04 4.76e-05 5.19e-02  -4.1 1.27e-02    -  1.00e+00 7.32e-01H  1
1586  7.1305492e-04 5.68e-05 3.61e-03  -4.1 7.61e-03    -  1.00e+00 1.00e+00f  1
1587  7.1932729e-04 3.20e-05 9.67e-03  -4.1 5.39e-03    -  1.00e+00 1.00e+00h  1
1588  7.0976444e-04 2.08e-05 3.20e-03  -4.1 4.28e-03    -  1.00e+00 1.00e+00h  1
1589  7.1194484e-04 4.19e-06 5.80e-03  -4.1 2.59e-03    -  1.00e+00 1.00e+00h  1
iter    objective    inf_pr   inf_du lg(mu)  ||d||  lg(rg) alpha_du alpha_pr  ls
1590  7.1028693e-04 3.28e-06 3.23e-03  -4.1 1.95e-03    -  1.00e+00 1.00e+00h  1
1591  7.1037151e-04 7.81e-07 1.16e-03  -4.1 1.03e-03    -  1.00e+00 1.00e+00h  1
1592  7.1043278e-04 3.99e-08 2.83e-04  -4.1 1.87e-04    -  1.00e+00 1.00e+00h  1
1593  7.1019763e-04 2.63e-08 1.15e-03  -6.1 2.32e-04    -  1.00e+00 1.00e+00h  1
1594  6.9915708e-04 2.72e-04 1.47e-02  -6.1 9.53e-02    -  1.00e+00 2.29e-01h  2
1595  7.5801690e-04 1.02e-03 4.07e-03  -4.0 3.86e-02    -  1.00e+00 1.00e+00h  1
1596  1.0888613e-03 3.49e-05 3.61e-03  -4.1 8.36e-03    -  1.00e+00 1.00e+00h  1
1597  6.9019411e-04 7.52e-04 1.26e-02  -4.1 3.48e-02    -  1.00e+00 1.00e+00h  1
1598  7.3875949e-04 4.04e-04 1.08e-03  -4.0 2.52e-02    -  1.00e+00 1.00e+00h  1
1599  8.0540155e-04 4.93e-05 5.03e-03  -4.1 9.59e-03    -  1.00e+00 1.00e+00h  1
iter    objective    inf_pr   inf_du lg(mu)  ||d||  lg(rg) alpha_du alpha_pr  ls
1600  6.9838298e-04 2.21e-04 1.40e-02  -4.1 2.25e-02    -  1.00e+00 1.00e+00h  1
1601  7.4228614e-04 1.46e-04 1.89e-03  -4.0 1.44e-02    -  1.00e+00 1.00e+00h  1
1602  8.5578585e-04 1.93e-05 1.04e-02  -4.1 6.94e-03    -  1.00e+00 1.00e+00h  1
1603  7.0717371e-04 5.48e-05 4.30e-03  -4.1 1.02e-02    -  1.00e+00 1.00e+00h  1
1604  7.1497313e-04 2.46e-05 5.96e-03  -4.1 6.19e-03    -  1.00e+00 1.00e+00h  1
1605  7.0863530e-04 9.84e-06 3.19e-03  -4.1 4.11e-03    -  1.00e+00 1.00e+00h  1
1606  7.1042894e-04 1.57e-06 1.88e-03  -4.1 1.80e-03    -  1.00e+00 1.00e+00h  1
1607  7.0992267e-04 1.34e-07 4.20e-04  -4.1 5.28e-04    -  1.00e+00 1.00e+00h  1
1608  7.0966641e-04 3.96e-08 1.04e-03  -6.1 2.35e-04    -  1.00e+00 1.00e+00h  1
1609  7.0425364e-04 7.12e-05 3.57e-04  -6.1 9.74e-03    -  1.00e+00 1.00e+00h  1
iter    objective    inf_pr   inf_du lg(mu)  ||d||  lg(rg) alpha_du alpha_pr  ls
1610  7.0249314e-04 2.53e-05 4.64e-03  -6.1 4.11e-03    -  1.00e+00 7.01e-01h  1
1611  8.6848667e-04 4.20e-03 4.69e-02  -4.0 7.44e-02    -  1.00e+00 1.00e+00f  1
1612  8.1711896e-04 1.21e-03 1.18e-02  -4.1 3.73e-02    -  1.00e+00 1.00e+00h  1
1613  1.0100852e-03 7.10e-04 2.08e-03  -4.1 3.47e-02    -  1.00e+00 1.00e+00h  1
1614  7.2650914e-04 2.33e-04 3.25e-03  -4.1 2.11e-02    -  1.00e+00 1.00e+00h  1
1615  7.1927038e-04 5.31e-04 5.60e-03  -4.1 2.72e-02    -  1.00e+00 1.00e+00h  1
1616  8.8878516e-04 4.86e-05 2.14e-03  -4.1 1.01e-02    -  1.00e+00 1.00e+00h  1
1617  7.2480545e-04 1.91e-04 1.29e-02  -4.1 1.52e-02    -  1.00e+00 1.00e+00h  1
1618  7.1713179e-04 1.03e-04 6.63e-04  -4.1 1.19e-02    -  1.00e+00 1.00e+00h  1
1619  7.2269637e-04 7.37e-07 6.80e-04  -6.1 1.26e-03    -  1.00e+00 1.00e+00h  1
iter    objective    inf_pr   inf_du lg(mu)  ||d||  lg(rg) alpha_du alpha_pr  ls
1620  7.0761349e-04 3.52e-07 5.59e-04  -6.1 8.51e-04    -  1.00e+00 1.00e+00h  1
1621  7.0643644e-04 3.81e-07 5.49e-04  -6.1 8.19e-04    -  1.00e+00 1.00e+00h  1
1622  7.0472382e-04 1.90e-06 2.38e-04  -6.1 1.71e-03    -  1.00e+00 1.00e+00h  1
1623  7.0487755e-04 9.67e-08 3.05e-04  -6.1 1.75e-03    -  1.00e+00 1.00e+00H  1
1624  7.0576310e-04 5.83e-10 1.61e-04  -6.1 4.76e-04    -  1.00e+00 1.00e+00H  1
1625  8.9858880e-04 4.90e-03 3.01e-01  -4.0 9.84e-02    -  1.00e+00 1.00e+00f  1
1626  7.6513579e-04 1.35e-03 7.49e-02  -4.1 4.93e-02    -  1.00e+00 1.00e+00h  1
1627  7.3455178e-04 3.32e-04 1.83e-02  -4.1 2.46e-02    -  1.00e+00 1.00e+00h  1
1628  8.5951937e-04 1.86e-04 8.64e-03  -4.1 1.87e-02    -  1.00e+00 1.00e+00H  1
1629  7.1293953e-04 1.11e-04 4.69e-02  -4.1 2.12e-02    -  1.00e+00 7.68e-01H  1
iter    objective    inf_pr   inf_du lg(mu)  ||d||  lg(rg) alpha_du alpha_pr  ls
1630  7.1132802e-04 6.70e-05 4.03e-03  -4.1 1.04e-02    -  1.00e+00 1.00e+00f  1
1631  7.1284080e-04 5.90e-05 6.03e-02  -4.1 1.54e-02    -  1.00e+00 2.50e-01h  3
1632  7.1220735e-04 2.07e-05 8.44e-03  -4.1 5.88e-03    -  1.00e+00 1.00e+00h  1
1633  7.0926808e-04 1.48e-05 5.09e-03  -4.1 5.04e-03    -  1.00e+00 1.00e+00h  1
1634  7.1019782e-04 2.04e-06 1.26e-03  -4.1 1.85e-03    -  1.00e+00 1.00e+00h  1
1635  7.0988702e-04 7.31e-08 5.36e-04  -4.1 3.43e-04    -  1.00e+00 1.00e+00h  1
1636  7.0960537e-04 4.79e-08 6.25e-04  -6.1 3.21e-04    -  1.00e+00 1.00e+00h  1
1637  7.0891825e-04 1.89e-06 6.22e-04  -6.1 1.57e-02    -  1.00e+00 1.25e-01h  4
1638  7.0527890e-04 9.86e-06 1.50e-02  -6.1 1.65e-02    -  1.00e+00 2.55e-01h  2
1639  7.0550402e-04 3.49e-06 1.92e-04  -6.1 2.09e-03    -  1.00e+00 1.00e+00h  1
iter    objective    inf_pr   inf_du lg(mu)  ||d||  lg(rg) alpha_du alpha_pr  ls
1640  7.0502381e-04 8.71e-08 2.90e-04  -6.1 3.82e-04    -  1.00e+00 1.00e+00h  1
1641  7.0480269e-04 1.14e-08 4.81e-05  -6.1 1.42e-04    -  1.00e+00 1.00e+00h  1
1642  7.0474151e-04 3.99e-08 1.90e-05  -6.1 2.43e-04    -  1.00e+00 1.00e+00h  1
1643  9.0861402e-04 2.07e-03 7.37e-02  -4.0 1.23e-01    -  1.00e+00 5.00e-01f  2
1644  7.4793127e-04 6.28e-04 9.63e-03  -4.1 3.35e-02    -  1.00e+00 1.00e+00h  1
1645  7.4209094e-04 5.34e-04 2.98e-02  -4.1 3.94e-02    -  1.00e+00 5.00e-01h  2
1646  7.1113198e-04 7.90e-06 5.26e-04  -4.1 3.83e-03    -  1.00e+00 1.00e+00h  1
1647  7.0750061e-04 5.69e-06 5.18e-04  -6.1 2.63e-03    -  1.00e+00 1.00e+00h  1
1648  7.0409385e-04 2.98e-06 1.17e-02  -6.1 6.43e-03    -  1.00e+00 5.16e-01H  1
1649  1.6065274e-03 3.02e-03 8.53e-02  -4.0 6.63e-02    -  1.00e+00 1.00e+00f  1
iter    objective    inf_pr   inf_du lg(mu)  ||d||  lg(rg) alpha_du alpha_pr  ls
1650  1.0553294e-03 6.33e-04 3.45e-02  -4.1 3.66e-02    -  1.00e+00 1.00e+00h  1
1651  7.3732220e-04 4.27e-04 1.19e-03  -4.1 2.35e-02    -  1.00e+00 1.00e+00h  1
1652  7.1376668e-04 4.52e-05 1.39e-03  -4.1 7.62e-03    -  1.00e+00 1.00e+00h  1
1653  7.1317526e-04 2.11e-05 1.06e-02  -4.1 6.18e-03    -  1.00e+00 1.00e+00h  1
1654  7.1215693e-04 3.04e-05 6.64e-03  -4.1 7.59e-03    -  1.00e+00 1.00e+00h  1
1655  7.0936226e-04 1.38e-05 1.16e-02  -4.1 4.51e-03    -  1.00e+00 1.00e+00h  1
1656  7.1034636e-04 1.34e-05 5.94e-03  -4.1 4.20e-03    -  1.00e+00 1.00e+00h  1
1657  7.1135419e-04 4.79e-06 5.59e-03  -4.1 2.77e-03    -  1.00e+00 1.00e+00h  1
1658  7.0985899e-04 1.02e-06 7.64e-04  -4.1 1.44e-03    -  1.00e+00 1.00e+00h  1
1659  7.0957185e-04 3.52e-08 1.00e-03  -6.1 2.86e-04    -  1.00e+00 1.00e+00h  1
iter    objective    inf_pr   inf_du lg(mu)  ||d||  lg(rg) alpha_du alpha_pr  ls
1660  7.0880985e-04 2.95e-06 4.56e-03  -6.1 2.07e-02    -  1.00e+00 1.25e-01h  4
1661  7.0653637e-04 8.92e-06 5.74e-04  -6.1 4.02e-03    -  1.00e+00 1.00e+00h  1
1662  7.0805829e-04 1.02e-06 3.79e-04  -6.1 1.63e-03    -  1.00e+00 1.00e+00h  1
1663  7.0468983e-04 3.41e-07 5.15e-04  -6.1 7.41e-04    -  1.00e+00 1.00e+00h  1
1664  7.0452907e-04 7.47e-09 2.62e-04  -6.1 9.21e-05    -  1.00e+00 1.00e+00h  1
1665  8.2460196e-04 3.10e-03 2.92e-01  -4.0 9.10e-02    -  1.00e+00 1.00e+00f  1
1666  7.5522530e-04 7.79e-04 7.27e-02  -4.1 4.59e-02    -  1.00e+00 1.00e+00h  1
1667  7.2737456e-04 2.23e-04 1.91e-02  -4.1 2.28e-02    -  1.00e+00 1.00e+00h  1
1668  7.1609498e-04 1.35e-04 6.31e-03  -4.1 1.64e-02    -  1.00e+00 1.00e+00h  1
1669  7.4581313e-04 1.34e-04 1.48e-02  -4.1 1.59e-02    -  1.00e+00 1.00e+00h  1
iter    objective    inf_pr   inf_du lg(mu)  ||d||  lg(rg) alpha_du alpha_pr  ls
1670  7.1316033e-04 6.94e-05 1.89e-03  -4.1 1.17e-02    -  1.00e+00 1.00e+00h  1
1671  7.1224590e-04 4.09e-06 2.75e-03  -4.1 1.93e-03    -  1.00e+00 1.00e+00h  1
1672  7.0918764e-04 5.56e-06 7.32e-03  -4.1 2.46e-03    -  1.00e+00 1.00e+00h  1
1673  7.1110527e-04 2.92e-06 2.61e-03  -4.1 2.22e-03    -  1.00e+00 1.00e+00h  1
1674  7.0913695e-04 2.87e-06 7.09e-03  -4.1 2.47e-03    -  1.00e+00 1.00e+00h  1
1675  7.0993348e-04 1.73e-06 5.63e-04  -4.1 1.78e-03    -  1.00e+00 1.00e+00h  1
1676  7.0960154e-04 2.99e-08 1.21e-03  -6.1 2.37e-04    -  1.00e+00 1.00e+00h  1
1677  7.0884068e-04 5.13e-07 1.11e-03  -6.1 8.58e-04    -  1.00e+00 1.00e+00h  1
1678  7.0653019e-04 3.57e-05 2.04e-02  -6.1 4.32e-02    -  1.00e+00 1.67e-01h  2
1679  7.0484635e-04 1.84e-05 8.91e-03  -6.1 2.42e-03    -  1.00e+00 5.00e-01h  2
iter    objective    inf_pr   inf_du lg(mu)  ||d||  lg(rg) alpha_du alpha_pr  ls
1680  7.0459088e-04 2.83e-06 2.24e-04  -6.1 2.04e-03    -  1.00e+00 1.00e+00h  1
1681  7.0432044e-04 2.37e-08 3.54e-05  -6.1 1.94e-04    -  1.00e+00 1.00e+00h  1
1682  8.8180985e-04 4.42e-03 2.07e-01  -4.0 8.88e-02    -  1.00e+00 1.00e+00f  1
1683  7.6542348e-04 1.08e-03 5.01e-02  -4.1 4.50e-02    -  1.00e+00 1.00e+00h  1
1684  2.5506225e-03 8.50e-04 9.57e-03  -4.1 4.13e-02    -  1.00e+00 1.00e+00H  1
1685  7.2396730e-04 4.60e-04 1.26e-02  -4.1 1.85e-02    -  1.00e+00 1.00e+00h  1
1686  7.0790179e-04 7.56e-05 3.68e-03  -4.1 1.14e-02    -  1.00e+00 1.00e+00h  1
1687  7.1830223e-04 6.54e-05 8.96e-03  -4.1 7.62e-03    -  1.00e+00 1.00e+00h  1
1688  7.1112003e-04 4.15e-05 9.14e-03  -4.1 6.59e-03    -  1.00e+00 1.00e+00h  1
1689  7.0933646e-04 1.60e-05 6.28e-03  -4.1 5.39e-03    -  1.00e+00 1.00e+00h  1
iter    objective    inf_pr   inf_du lg(mu)  ||d||  lg(rg) alpha_du alpha_pr  ls
1690  7.1064886e-04 3.95e-06 3.48e-03  -4.1 2.53e-03    -  1.00e+00 1.00e+00h  1
1691  7.1002424e-04 6.95e-07 2.51e-03  -4.1 1.14e-03    -  1.00e+00 1.00e+00h  1
1692  7.0997741e-04 2.24e-07 9.42e-04  -4.1 5.10e-04    -  1.00e+00 1.00e+00h  1
1693  7.0997615e-04 4.65e-08 2.72e-04  -4.1 3.02e-04    -  1.00e+00 1.00e+00h  1
1694  7.0971619e-04 3.85e-08 1.26e-03  -6.1 2.55e-04    -  1.00e+00 1.00e+00h  1
1695  7.0906312e-04 9.76e-07 4.39e-02  -6.1 1.88e-01    -  1.00e+00 6.95e-03h  6
1696  7.0051326e-04 4.09e-05 2.46e-03  -6.1 9.07e-03    -  1.00e+00 1.00e+00h  1
1697  1.0687984e-03 4.47e-04 2.07e-02  -4.0 3.71e-02    -  1.00e+00 1.00e+00h  1
1698  7.5220628e-04 1.50e-04 7.08e-03  -4.1 2.11e-02    -  1.00e+00 1.00e+00h  1
1699  7.0467985e-04 1.39e-04 5.63e-03  -4.1 1.64e-02    -  1.00e+00 1.00e+00h  1
iter    objective    inf_pr   inf_du lg(mu)  ||d||  lg(rg) alpha_du alpha_pr  ls
1700  7.1768622e-04 4.54e-05 2.66e-03  -4.1 9.99e-03    -  1.00e+00 1.00e+00h  1
1701  8.5519914e-04 1.94e-05 1.05e-02  -4.1 4.45e-03    -  1.00e+00 1.00e+00h  1
1702  7.0648531e-04 5.54e-05 6.34e-03  -4.1 8.69e-03    -  1.00e+00 1.00e+00h  1
1703  7.1546015e-04 1.72e-05 6.89e-03  -4.1 6.07e-03    -  1.00e+00 1.00e+00h  1
1704  7.0903136e-04 1.31e-05 6.01e-03  -4.1 5.26e-03    -  1.00e+00 1.00e+00h  1
1705  7.0953917e-04 8.90e-06 8.43e-03  -4.1 3.46e-03    -  1.00e+00 1.00e+00h  1
1706  7.1002009e-04 3.77e-06 1.84e-03  -4.1 1.77e-03    -  1.00e+00 1.00e+00h  1
1707  7.0970949e-04 9.45e-08 3.40e-04  -4.1 3.69e-04    -  1.00e+00 1.00e+00h  1
1708  7.0940044e-04 3.83e-08 9.14e-04  -6.1 3.07e-04    -  1.00e+00 1.00e+00h  1
1709  7.0660658e-04 2.84e-05 8.16e-02  -6.1 2.24e-01    -  1.00e+00 3.70e-02h  3
iter    objective    inf_pr   inf_du lg(mu)  ||d||  lg(rg) alpha_du alpha_pr  ls
1710  7.0855942e-04 9.01e-06 3.73e-04  -6.1 3.51e-03    -  1.00e+00 1.00e+00h  1
1711  7.0856239e-04 1.49e-07 3.67e-04  -6.1 7.15e-04    -  1.00e+00 1.00e+00h  1
1712  7.0417105e-04 4.56e-07 2.27e-04  -6.1 8.52e-04    -  1.00e+00 1.00e+00h  1
1713  8.6821026e-04 3.73e-03 1.37e-01  -4.0 9.63e-02    -  1.00e+00 1.00e+00f  1
1714  7.6268468e-04 9.60e-04 3.55e-02  -4.1 4.92e-02    -  1.00e+00 1.00e+00h  1
1715  9.4383769e-04 4.35e-04 8.93e-03  -4.1 2.45e-02    -  1.00e+00 1.00e+00h  1
1716  8.4074344e-04 2.29e-04 2.54e-03  -4.1 2.24e-02    -  1.00e+00 1.00e+00h  1
1717  1.3555402e-03 3.55e-05 9.73e-03  -4.1 6.83e-03    -  1.00e+00 8.59e-01h  1
1718  7.1365504e-04 1.68e-04 2.69e-03  -4.1 1.59e-02    -  1.00e+00 1.00e+00f  1
1719  7.0597255e-04 4.16e-05 4.81e-03  -4.1 9.84e-03    -  1.00e+00 1.00e+00h  1
iter    objective    inf_pr   inf_du lg(mu)  ||d||  lg(rg) alpha_du alpha_pr  ls
1720  7.1470649e-04 6.55e-05 1.24e-02  -4.1 1.20e-02    -  1.00e+00 1.00e+00h  1
1721  7.1105634e-04 6.58e-05 9.68e-03  -4.1 7.09e-03    -  1.00e+00 1.00e+00h  1
1722  7.0936888e-04 2.55e-05 6.70e-03  -4.1 6.97e-03    -  1.00e+00 1.00e+00h  1
1723  7.1100457e-04 6.08e-06 3.48e-03  -4.1 3.65e-03    -  1.00e+00 1.00e+00h  1
1724  7.0972125e-04 7.14e-07 1.88e-03  -4.1 1.28e-03    -  1.00e+00 1.00e+00h  1
1725  7.1016002e-04 4.39e-07 1.38e-03  -4.1 7.74e-04    -  1.00e+00 1.00e+00h  1
1726  7.1008974e-04 1.74e-07 3.48e-04  -4.1 4.65e-04    -  1.00e+00 1.00e+00h  1
1727  7.0981523e-04 3.31e-08 1.14e-03  -6.1 2.57e-04    -  1.00e+00 1.00e+00h  1
1728  7.0702140e-04 5.59e-05 7.70e-02  -6.1 2.87e-01    -  1.00e+00 3.80e-02h  3
1729  7.0716155e-04 1.57e-05 2.48e-04  -6.1 5.15e-03    -  1.00e+00 1.00e+00h  1
iter    objective    inf_pr   inf_du lg(mu)  ||d||  lg(rg) alpha_du alpha_pr  ls
1730  7.0500430e-04 7.95e-06 1.95e-03  -6.1 1.35e-03    -  1.00e+00 5.00e-01h  2
1731  7.0433357e-04 1.87e-07 2.09e-04  -6.1 5.05e-04    -  1.00e+00 1.00e+00h  1
1732  7.0431054e-04 6.52e-08 7.85e-05  -6.1 3.72e-04    -  1.00e+00 1.00e+00h  1
1733  8.5839872e-04 3.96e-03 1.78e-01  -4.0 9.73e-02    -  1.00e+00 1.00e+00f  1
1734  7.6119004e-04 1.12e-03 4.44e-02  -4.1 4.91e-02    -  1.00e+00 1.00e+00h  1
1735  7.3119652e-04 3.22e-04 1.15e-02  -4.1 2.50e-02    -  1.00e+00 1.00e+00h  1
1736  8.4772168e-04 2.43e-04 5.44e-03  -4.1 2.24e-02    -  1.00e+00 1.00e+00h  1
1737  7.6083980e-04 2.34e-05 3.49e-03  -4.1 8.41e-03    -  1.00e+00 1.00e+00h  1
1738  7.4260334e-04 1.10e-04 2.34e-02  -4.1 1.62e-02    -  1.00e+00 1.00e+00h  1
1739  7.1450639e-04 4.98e-05 3.00e-03  -4.1 1.11e-02    -  1.00e+00 1.00e+00h  1
iter    objective    inf_pr   inf_du lg(mu)  ||d||  lg(rg) alpha_du alpha_pr  ls
1740  7.2828670e-04 1.87e-05 1.13e-02  -4.1 6.65e-03    -  1.00e+00 1.00e+00h  1
1741  7.1140856e-04 2.48e-05 6.78e-03  -4.1 7.16e-03    -  1.00e+00 1.00e+00h  1
1742  7.1105741e-04 6.73e-06 7.16e-03  -4.1 3.55e-03    -  1.00e+00 1.00e+00h  1
1743  7.1076273e-04 1.77e-06 2.04e-03  -4.1 1.89e-03    -  1.00e+00 1.00e+00h  1
1744  7.0977962e-04 6.99e-07 3.68e-03  -4.1 1.21e-03    -  1.00e+00 1.00e+00h  1
1745  7.1009470e-04 2.95e-07 7.76e-04  -4.1 7.10e-04    -  1.00e+00 1.00e+00h  1
1746  7.0980209e-04 4.22e-08 1.21e-03  -6.1 2.98e-04    -  1.00e+00 1.00e+00h  1
1747  7.0615154e-04 5.40e-05 5.11e-02  -6.1 1.48e-01    -  1.00e+00 7.13e-02h  3
1748  7.0688345e-04 4.03e-05 1.42e-02  -6.1 5.36e-03    -  1.00e+00 2.50e-01h  3
1749  7.0416608e-04 9.32e-06 9.10e-04  -6.1 4.15e-03    -  1.00e+00 1.00e+00h  1
iter    objective    inf_pr   inf_du lg(mu)  ||d||  lg(rg) alpha_du alpha_pr  ls
1750  7.0410787e-04 1.11e-07 8.96e-05  -6.1 3.19e-04    -  1.00e+00 1.00e+00h  1
1751  8.7047927e-04 4.54e-03 1.22e-01  -4.0 1.10e-01    -  1.00e+00 1.00e+00f  1
1752  7.6448235e-04 1.38e-03 3.01e-02  -4.1 5.65e-02    -  1.00e+00 1.00e+00h  1
1753  1.0134540e-03 1.28e-03 1.34e-02  -4.1 4.04e-02    -  1.00e+00 1.00e+00h  1
1754  8.9545715e-04 6.16e-04 1.05e-02  -4.1 3.37e-02    -  1.00e+00 1.00e+00h  1
1755  2.4638274e-03 1.01e-03 1.50e-02  -4.1 3.07e-02    -  1.00e+00 1.00e+00H  1
1756  7.7806655e-04 3.45e-04 1.67e-02  -4.1 2.65e-02    -  1.00e+00 1.00e+00h  1
1757  7.3691406e-04 4.77e-04 2.77e-03  -4.1 2.22e-02    -  1.00e+00 1.00e+00h  1
1758  7.1820304e-04 7.85e-05 1.01e+00  -4.1 1.11e-01    -  1.00e+00 4.86e-02H  1
1759  7.0994149e-04 6.27e-06 5.74e-04  -4.1 3.14e-03    -  1.00e+00 1.00e+00f  1
iter    objective    inf_pr   inf_du lg(mu)  ||d||  lg(rg) alpha_du alpha_pr  ls
1760  7.0747428e-04 1.65e-06 2.92e-04  -6.1 1.60e-03    -  1.00e+00 1.00e+00h  1
1761  7.0550295e-04 6.48e-06 5.33e-03  -6.1 7.05e-03    -  1.00e+00 5.00e-01h  2
1762  7.0483743e-04 4.55e-06 5.32e-04  -6.1 2.17e-03    -  1.00e+00 1.00e+00h  1
1763  7.0436821e-04 1.23e-06 1.42e-04  -6.1 1.71e-03    -  1.00e+00 1.00e+00h  1
1764  7.0488928e-04 1.90e-06 2.58e-04  -6.1 1.58e-03    -  1.00e+00 1.00e+00h  1
1765  7.0401824e-04 5.74e-07 3.92e-05  -6.1 8.97e-04    -  1.00e+00 1.00e+00h  1
1766  1.0658230e-03 5.60e-03 2.88e-01  -4.0 7.95e-02    -  1.00e+00 1.00e+00f  1
1767  7.7522889e-04 1.34e-03 7.07e-02  -4.1 3.96e-02    -  1.00e+00 1.00e+00h  1
1768  9.6736875e-04 5.94e-04 1.57e-02  -4.1 2.88e-02    -  1.00e+00 1.00e+00h  1
1769  7.2851431e-04 1.92e-04 9.05e-03  -4.1 1.58e-02    -  1.00e+00 1.00e+00h  1
iter    objective    inf_pr   inf_du lg(mu)  ||d||  lg(rg) alpha_du alpha_pr  ls
1770  7.1642046e-04 6.29e-05 5.22e-03  -4.1 9.25e-03    -  1.00e+00 1.00e+00h  1
1771  7.1337372e-04 3.05e-05 6.37e-03  -4.1 6.89e-03    -  1.00e+00 1.00e+00h  1
1772  7.1361750e-04 1.46e-05 6.75e-03  -4.1 4.86e-03    -  1.00e+00 1.00e+00h  1
1773  7.1175973e-04 4.22e-06 2.50e-03  -4.1 2.49e-03    -  1.00e+00 1.00e+00h  1
1774  7.1180519e-04 4.56e-07 2.07e-03  -4.1 6.84e-04    -  1.00e+00 1.00e+00h  1
1775  7.1109424e-04 1.91e-07 1.34e-03  -4.1 4.69e-04    -  1.00e+00 1.00e+00h  1
1776  7.1081701e-04 4.44e-08 1.27e-03  -4.1 3.50e-04    -  1.00e+00 1.00e+00h  1
1777  7.1022187e-04 6.99e-09 4.59e-03  -4.1 2.15e-03    -  1.00e+00 1.00e+00H  1
1778  7.1600642e-04 3.28e-09 1.86e-02  -4.1 5.20e-03    -  1.00e+00 1.00e+00H  1
1779  7.0966964e-04 8.97e-08 1.11e-03  -4.1 4.43e-03    -  1.00e+00 1.00e+00H  1
iter    objective    inf_pr   inf_du lg(mu)  ||d||  lg(rg) alpha_du alpha_pr  ls
1780  7.2444476e-04 3.07e-09 6.90e-03  -4.1 1.67e-03    -  1.00e+00 1.00e+00H  1
1781  7.0962088e-04 7.25e-08 2.04e-04  -4.1 1.49e-03    -  1.00e+00 1.00e+00H  1
1782  7.0936786e-04 6.10e-08 8.67e-04  -6.1 2.87e-04    -  1.00e+00 1.00e+00h  1
1783  7.0868120e-04 1.03e-04 9.42e-04  -6.1 1.95e-02    -  1.00e+00 5.00e-01h  2
1784  7.0365025e-04 6.28e-05 7.20e-03  -6.1 5.82e-03    -  1.00e+00 4.35e-01h  2
1785  7.0585742e-04 1.49e-05 1.26e-03  -6.1 5.74e-03    -  1.00e+00 1.00e+00h  1
1786  7.0455281e-04 3.61e-06 1.58e-04  -6.1 2.80e-03    -  1.00e+00 1.00e+00h  1
1787  7.0492419e-04 1.83e-06 3.14e-03  -6.1 7.76e-04    -  1.00e+00 5.00e-01h  2
1788  7.0449303e-04 1.68e-07 1.70e-05  -6.1 4.89e-04    -  1.00e+00 1.00e+00h  1
1789  7.0446765e-04 1.37e-08 1.51e-05  -6.1 1.22e-04    -  1.00e+00 1.00e+00h  1
iter    objective    inf_pr   inf_du lg(mu)  ||d||  lg(rg) alpha_du alpha_pr  ls
1790  8.5992401e-04 7.56e-04 1.08e-01  -4.0 1.35e-01    -  1.00e+00 2.50e-01f  3
1791  7.3613677e-04 3.19e-04 3.77e-03  -4.1 1.93e-02    -  1.00e+00 1.00e+00h  1
1792  7.3069805e-04 4.10e-04 4.23e-03  -4.1 5.42e-02    -  1.00e+00 5.00e-01h  2
1793  7.1156257e-04 2.20e-04 3.39e-03  -4.1 2.29e-02    -  1.00e+00 1.00e+00h  1
1794  7.0859322e-04 1.32e-04 5.99e-03  -4.1 1.59e-02    -  1.00e+00 1.00e+00h  1
1795  7.0956946e-04 1.32e-04 5.21e-03  -4.1 1.36e-02    -  1.00e+00 1.00e+00h  1
1796  7.4202680e-04 8.72e-05 1.58e-02  -4.1 1.00e-02    -  1.00e+00 1.00e+00h  1
1797  7.0821632e-04 4.97e-05 3.97e-03  -4.1 7.90e-03    -  1.00e+00 1.00e+00h  1
1798  7.1050623e-04 8.37e-06 4.67e-03  -4.1 4.89e-03    -  1.00e+00 1.00e+00h  1
1799  7.0928273e-04 3.88e-06 2.63e-03  -4.1 3.02e-03    -  1.00e+00 1.00e+00h  1
iter    objective    inf_pr   inf_du lg(mu)  ||d||  lg(rg) alpha_du alpha_pr  ls
1800  7.0939620e-04 1.20e-06 1.76e-03  -4.1 1.14e-03    -  1.00e+00 1.00e+00h  1
1801  7.1013334e-04 4.92e-07 2.37e-03  -4.1 8.39e-04    -  1.00e+00 1.00e+00h  1
1802  7.0951751e-04 1.95e-07 1.40e-04  -4.1 4.84e-04    -  1.00e+00 1.00e+00h  1
1803  7.0926812e-04 3.88e-08 1.02e-03  -6.1 2.31e-04    -  1.00e+00 1.00e+00h  1
1804  7.0739065e-04 1.40e-05 2.05e-02  -6.1 7.44e-02    -  1.00e+00 6.33e-02h  4
1805  7.0483060e-04 1.55e-06 2.30e-04  -6.1 1.73e-03    -  1.00e+00 1.00e+00h  1
1806  7.0512361e-04 6.75e-08 3.69e-04  -6.1 3.58e-04    -  1.00e+00 1.00e+00h  1
1807  7.0422660e-04 1.43e-08 4.51e-05  -6.1 1.50e-04    -  1.00e+00 1.00e+00h  1
1808  8.9377097e-04 5.64e-03 1.90e-01  -4.0 9.27e-02    -  1.00e+00 1.00e+00f  1
1809  7.7017769e-04 1.41e-03 4.74e-02  -4.1 4.68e-02    -  1.00e+00 1.00e+00h  1
iter    objective    inf_pr   inf_du lg(mu)  ||d||  lg(rg) alpha_du alpha_pr  ls
1810  7.2852481e-04 4.02e-04 1.19e-02  -4.1 2.43e-02    -  1.00e+00 1.00e+00h  1
1811  7.1020498e-04 1.74e-04 8.36e-04  -4.1 1.62e-02    -  1.00e+00 1.00e+00h  1
1812  7.2210436e-04 2.19e-06 1.51e-03  -4.1 2.48e-03    -  1.00e+00 1.00e+00h  1
1813  7.1810387e-04 5.43e-05 2.54e-02  -4.1 9.29e-03    -  1.00e+00 1.00e+00h  1
1814  7.1294145e-04 2.28e-05 4.38e-03  -4.1 5.67e-03    -  1.00e+00 1.00e+00h  1
1815  7.0966793e-04 3.60e-06 2.86e-03  -4.1 2.38e-03    -  1.00e+00 1.00e+00h  1
1816  7.0984122e-04 7.71e-07 8.86e-04  -4.1 1.07e-03    -  1.00e+00 1.00e+00h  1
1817  7.0957414e-04 4.36e-08 1.96e-04  -4.1 2.22e-04    -  1.00e+00 1.00e+00h  1
1818  7.0931988e-04 3.42e-08 1.00e-03  -6.1 2.48e-04    -  1.00e+00 1.00e+00h  1
1819  7.0514214e-04 5.00e-05 9.40e-03  -6.1 5.49e-02    -  1.00e+00 1.82e-01h  3
iter    objective    inf_pr   inf_du lg(mu)  ||d||  lg(rg) alpha_du alpha_pr  ls
1820  7.0431545e-04 9.54e-06 1.41e-04  -6.1 4.01e-03    -  1.00e+00 1.00e+00h  1
1821  7.0585942e-04 1.56e-06 9.29e-04  -6.1 1.40e-03    -  1.00e+00 1.00e+00h  1
1822  7.0423748e-04 1.12e-07 1.00e-04  -6.1 3.18e-04    -  1.00e+00 1.00e+00h  1
1823  7.0423203e-04 5.99e-09 1.26e-04  -6.1 8.39e-05    -  1.00e+00 1.00e+00h  1
1824  8.9156418e-04 5.61e-03 1.87e-01  -4.0 1.01e-01    -  1.00e+00 1.00e+00f  1
1825  7.7066018e-04 1.51e-03 4.64e-02  -4.1 5.09e-02    -  1.00e+00 1.00e+00h  1
1826  7.3368214e-04 4.12e-04 1.17e-02  -4.1 2.70e-02    -  1.00e+00 1.00e+00h  1
1827  1.2426732e-03 2.52e-04 2.91e-03  -4.1 2.06e-02    -  1.00e+00 1.00e+00h  1
1828  7.1379005e-04 3.78e-05 3.39e-03  -4.1 7.83e-03    -  1.00e+00 1.00e+00h  1
1829  7.0201953e-04 1.11e-04 1.68e-02  -4.1 1.37e-02    -  1.00e+00 1.00e+00h  1
iter    objective    inf_pr   inf_du lg(mu)  ||d||  lg(rg) alpha_du alpha_pr  ls
1830  7.0924503e-04 4.42e-05 1.03e-03  -4.1 8.72e-03    -  1.00e+00 1.00e+00h  1
1831  7.1995025e-04 3.38e-06 2.73e-03  -4.1 2.09e-03    -  1.00e+00 1.00e+00h  1
1832  7.0910147e-04 1.56e-06 2.02e-03  -4.1 1.48e-03    -  1.00e+00 1.00e+00h  1
1833  7.1016372e-04 5.89e-07 1.95e-03  -4.1 9.70e-04    -  1.00e+00 1.00e+00h  1
1834  7.0961872e-04 1.38e-07 5.04e-04  -4.1 4.89e-04    -  1.00e+00 1.00e+00h  1
1835  7.0936990e-04 3.53e-08 1.00e-03  -6.1 2.26e-04    -  1.00e+00 1.00e+00h  1
1836  7.0733002e-04 1.40e-05 1.71e-03  -6.1 9.29e-03    -  1.00e+00 5.00e-01h  2
1837  7.0508622e-04 1.25e-05 1.95e-02  -6.1 6.68e-03    -  1.00e+00 1.86e-01h  2
1838  7.0477059e-04 6.13e-06 5.75e-03  -6.1 1.26e-03    -  1.00e+00 5.00e-01h  2
1839  7.0449653e-04 2.01e-07 1.13e-04  -6.1 4.80e-04    -  1.00e+00 1.00e+00h  1
iter    objective    inf_pr   inf_du lg(mu)  ||d||  lg(rg) alpha_du alpha_pr  ls
1840  7.0439239e-04 6.50e-08 1.23e-04  -6.1 2.22e-04    -  1.00e+00 1.00e+00h  1
1841  7.0413699e-04 1.72e-06 1.35e-04  -6.1 1.28e-03    -  1.00e+00 1.00e+00h  1
1842  7.0618271e-04 2.38e-08 2.89e-04  -6.1 1.30e-03    -  1.00e+00 1.00e+00H  1
1843  7.0416934e-04 1.13e-08 5.06e-05  -6.1 1.06e-03    -  1.00e+00 1.00e+00H  1
1844  1.0711161e-03 4.66e-03 5.46e-01  -4.0 8.87e-02    -  1.00e+00 1.00e+00f  1
1845  7.6836555e-04 1.20e-03 1.26e-01  -4.1 4.59e-02    -  1.00e+00 1.00e+00h  1
1846  7.4857244e-04 1.06e-03 1.95e-01  -4.1 5.38e-02    -  1.00e+00 5.00e-01h  2
1847  7.6623150e-04 2.78e-04 1.32e-02  -4.1 2.12e-02    -  1.00e+00 1.00e+00h  1
1848  7.2610170e-04 2.27e-04 5.16e-02  -4.1 2.09e-02    -  1.00e+00 5.00e-01h  2
1849  7.0968911e-04 7.94e-06 5.55e-04  -4.1 3.62e-03    -  1.00e+00 1.00e+00h  1
iter    objective    inf_pr   inf_du lg(mu)  ||d||  lg(rg) alpha_du alpha_pr  ls
1850  7.0888958e-04 4.03e-07 5.60e-04  -6.1 8.43e-04    -  1.00e+00 1.00e+00h  1
1851  7.0814326e-04 3.36e-06 4.93e-04  -6.1 2.75e-03    -  1.00e+00 1.00e+00h  1
1852  7.0552130e-04 1.52e-06 3.64e-04  -6.1 1.24e-03    -  1.00e+00 1.00e+00h  1
1853  7.0441543e-04 1.05e-06 2.29e-04  -6.1 9.84e-04    -  1.00e+00 1.00e+00h  1
1854  7.0462987e-04 1.59e-06 2.13e-04  -6.1 1.33e-03    -  1.00e+00 1.00e+00h  1
1855  7.0447780e-04 2.39e-08 9.67e-05  -6.1 1.60e-04    -  1.00e+00 1.00e+00h  1
1856  7.0439476e-04 2.55e-08 4.33e-05  -6.1 1.82e-04    -  1.00e+00 1.00e+00h  1
1857  7.0431531e-04 5.11e-07 9.27e-05  -6.1 7.73e-04    -  1.00e+00 1.00e+00h  1
1858  7.0431205e-04 6.12e-07 1.03e-03  -6.1 1.29e-02    -  1.00e+00 3.12e-02h  6
1859  7.0418545e-04 1.37e-06 1.82e-04  -6.1 1.27e-03    -  1.00e+00 1.00e+00h  1
iter    objective    inf_pr   inf_du lg(mu)  ||d||  lg(rg) alpha_du alpha_pr  ls
1860  7.0412120e-04 1.84e-06 1.00e-03  -6.1 5.63e-03    -  1.00e+00 2.50e-01h  3
1861  7.0411486e-04 8.82e-07 1.52e-03  -6.1 6.46e-04    -  1.00e+00 5.00e-01h  2
1862  7.0406365e-04 5.48e-07 4.86e-05  -6.1 8.68e-04    -  1.00e+00 1.00e+00h  1
1863  8.7548315e-04 4.66e-03 2.36e-01  -4.0 8.96e-02    -  1.00e+00 1.00e+00f  1
1864  7.7176862e-04 1.51e-03 5.96e-02  -4.1 4.35e-02    -  1.00e+00 1.00e+00h  1
1865  1.9471434e-03 1.59e-03 1.94e-02  -4.1 3.88e-02    -  1.00e+00 1.00e+00h  1
1866  7.3732004e-04 5.72e-04 8.89e-03  -4.1 2.66e-02    -  1.00e+00 1.00e+00h  1
1867  7.2859591e-04 2.36e-04 6.28e-03  -4.1 1.72e-02    -  1.00e+00 1.00e+00h  1
1868  8.0542759e-04 2.89e-04 4.89e-02  -4.1 4.31e-02    -  1.00e+00 5.00e-01h  2
1869  7.1593257e-04 1.89e-04 2.49e-03  -4.1 1.79e-02    -  1.00e+00 1.00e+00h  1
iter    objective    inf_pr   inf_du lg(mu)  ||d||  lg(rg) alpha_du alpha_pr  ls
1870  7.1826844e-04 3.57e-05 5.76e-03  -4.1 6.09e-03    -  1.00e+00 1.00e+00h  1
1871  7.1711767e-04 9.57e-05 1.43e-02  -4.1 1.05e-02    -  1.00e+00 1.00e+00h  1
1872  7.1713852e-04 4.03e-05 1.23e-02  -4.1 7.44e-03    -  1.00e+00 1.00e+00h  1
1873  7.0960490e-04 1.62e-05 7.82e-03  -4.1 4.63e-03    -  1.00e+00 1.00e+00h  1
1874  7.2550786e-04 1.84e-05 1.21e-02  -4.1 4.09e-03    -  1.00e+00 1.00e+00h  1
1875  7.1010430e-04 1.15e-05 1.71e-03  -4.1 3.14e-03    -  1.00e+00 1.00e+00h  1
1876  7.0985105e-04 3.71e-07 1.35e-03  -4.1 7.69e-04    -  1.00e+00 1.00e+00h  1
1877  7.0971979e-04 7.12e-07 2.90e-03  -4.1 8.48e-04    -  1.00e+00 1.00e+00h  1
1878  7.1160175e-04 9.52e-08 1.48e-02  -4.1 3.26e-03    -  1.00e+00 1.00e+00H  1
1879  7.0952994e-04 3.15e-06 4.06e-03  -4.1 2.11e-03    -  1.00e+00 1.00e+00h  1
iter    objective    inf_pr   inf_du lg(mu)  ||d||  lg(rg) alpha_du alpha_pr  ls
1880  7.0954186e-04 2.07e-07 1.98e-03  -4.1 5.68e-04    -  1.00e+00 1.00e+00h  1
1881  7.0944236e-04 1.25e-07 1.63e-03  -4.1 3.95e-04    -  1.00e+00 1.00e+00h  1
1882  7.0938292e-04 6.16e-08 1.22e-03  -4.1 3.24e-04    -  1.00e+00 1.00e+00h  1
1883  7.0939199e-04 8.22e-08 2.01e-02  -4.1 1.28e-02    -  1.00e+00 1.56e-02h  7
1884  7.0925330e-04 1.22e-08 5.64e-03  -4.1 2.37e-03    -  1.00e+00 1.00e+00H  1
1885  7.2961552e-04 1.15e-08 7.70e-02  -4.1 1.61e-02    -  1.00e+00 1.00e+00H  1
1886  7.2928961e-04 1.21e-08 7.67e-02  -4.1 7.58e-03    -  1.00e+00 7.81e-03h  8
1887  7.2921915e-04 1.21e-08 9.54e-02  -4.1 4.18e-02    -  1.00e+00 9.77e-04h 11
1888  7.2916183e-04 1.22e-08 1.34e-01  -4.1 3.13e-02    -  1.00e+00 4.88e-04h 12
1889  7.2910451e-04 1.22e-08 1.55e-01  -4.1 1.57e-02    -  1.00e+00 9.77e-04h 11
iter    objective    inf_pr   inf_du lg(mu)  ||d||  lg(rg) alpha_du alpha_pr  ls
1890  7.2908860e-04 1.22e-08 7.63e-02  -4.1 2.43e-02    -  1.00e+00 2.44e-04h 13
1891  7.3555612e-04 5.00e-04 1.08e-01  -4.1 6.40e-02    -  1.00e+00 5.00e-01h  2
1892  7.1227695e-04 5.42e-05 1.78e-02  -4.1 8.60e-03    -  1.00e+00 1.00e+00h  1
1893  7.2233217e-04 1.05e-04 2.55e-02  -4.1 1.46e-02    -  1.00e+00 1.00e+00h  1
1894  7.2030314e-04 2.03e-05 3.55e-02  -4.1 3.46e-03    -  1.00e+00 1.00e+00h  1
1895  7.0971329e-04 7.31e-07 1.35e-02  -4.1 7.86e-03    -  1.00e+00 1.00e+00H  1
1896  7.0999667e-04 4.01e-06 1.63e-01  -4.1 2.17e-02    -  1.00e+00 1.25e-01h  4
1897  7.1412530e-04 2.36e-07 5.99e-03  -4.1 7.45e-04    -  1.00e+00 1.00e+00h  1
1898  7.0923784e-04 9.05e-07 9.67e-04  -4.1 9.04e-04    -  1.00e+00 1.00e+00h  1
1899  7.0928584e-04 5.74e-09 2.11e-04  -4.1 9.38e-05    -  1.00e+00 1.00e+00h  1
iter    objective    inf_pr   inf_du lg(mu)  ||d||  lg(rg) alpha_du alpha_pr  ls
1900  7.0905944e-04 1.04e-07 1.61e-03  -6.1 3.13e-04    -  1.00e+00 1.00e+00h  1
1901  7.0622668e-04 6.99e-05 3.04e-03  -6.1 2.94e-02    -  1.00e+00 2.50e-01h  3
1902  7.0396151e-04 4.86e-05 1.49e-02  -6.1 1.11e-02    -  1.00e+00 2.98e-01h  2
1903  7.0343912e-04 3.92e-05 5.12e-03  -6.1 1.93e-02    -  1.00e+00 2.50e-01h  3
1904  7.0395535e-04 1.35e-05 6.72e-04  -6.1 4.02e-03    -  1.00e+00 1.00e+00h  1
1905  7.0570508e-04 9.21e-07 2.98e-04  -6.1 1.28e-03    -  1.00e+00 1.00e+00h  1
1906  7.0388882e-04 3.23e-06 2.03e-04  -6.1 1.46e-03    -  1.00e+00 1.00e+00h  1
1907  9.3027815e-04 3.26e-03 1.68e-01  -4.0 1.01e-01    -  1.00e+00 5.00e-01f  2
1908  7.5615103e-04 2.08e-03 1.67e-02  -4.1 5.61e-02    -  1.00e+00 1.00e+00h  1
1909  7.4175078e-04 1.48e-03 5.56e-02  -4.1 8.27e-02    -  1.00e+00 5.00e-01h  2
iter    objective    inf_pr   inf_du lg(mu)  ||d||  lg(rg) alpha_du alpha_pr  ls
1910  1.4179039e-03 2.17e-03 3.15e-02  -4.1 1.13e-01    -  1.00e+00 9.56e-01H  1
1911  1.1176688e-03 2.20e-03 3.11e-02  -4.1 4.78e-02    -  1.00e+00 1.00e+00f  1
1912  1.3189236e-03 9.48e-04 1.66e-01  -4.1 1.19e-01    -  1.00e+00 1.00e+00H  1
1913  9.2347415e-04 1.44e-03 9.95e-02  -4.1 1.50e-01    -  1.00e+00 2.50e-01h  3
1914  1.6386574e-03 2.85e-04 2.01e-02  -4.1 4.27e-02    -  1.00e+00 1.00e+00H  1
1915  8.6661685e-04 3.10e-04 1.09e-01  -4.1 4.95e-02    -  1.00e+00 6.19e-01H  1
1916  8.8102014e-04 3.16e-04 2.19e-02  -4.1 1.85e-02    -  9.68e-01 1.00e+00f  1
1917  7.3556273e-04 2.35e-04 4.40e-02  -4.1 2.35e-02    -  1.00e+00 1.00e+00h  1
1918  7.3774095e-04 7.15e-05 7.74e-03  -4.1 1.41e-02    -  1.00e+00 1.00e+00h  1
1919  7.1254249e-04 4.03e-05 1.11e-02  -4.1 5.76e-03    -  1.00e+00 1.00e+00h  1
iter    objective    inf_pr   inf_du lg(mu)  ||d||  lg(rg) alpha_du alpha_pr  ls
1920  7.1091678e-04 1.12e-05 1.25e-02  -4.1 3.38e-03    -  1.00e+00 1.00e+00h  1
1921  7.1053188e-04 4.33e-06 1.73e-03  -4.1 2.93e-03    -  1.00e+00 1.00e+00h  1
1922  7.1043399e-04 4.94e-07 2.93e-03  -4.1 9.19e-04    -  1.00e+00 1.00e+00h  1
1923  7.1033254e-04 2.49e-06 9.35e-03  -4.1 1.81e-03    -  1.00e+00 1.00e+00h  1
1924  7.1389711e-04 3.69e-07 2.88e-02  -4.1 5.80e-03    -  1.00e+00 1.00e+00H  1
1925  7.0944881e-04 2.50e-07 7.40e-03  -4.1 3.52e-03    -  1.00e+00 1.00e+00H  1
1926  7.1487715e-04 1.84e-07 1.82e-02  -4.1 3.98e-03    -  1.00e+00 1.00e+00H  1
1927  7.0939026e-04 6.70e-08 1.41e-03  -4.1 3.38e-03    -  1.00e+00 1.00e+00H  1
1928  7.0937498e-04 3.98e-10 1.65e-03  -4.1 2.63e-04    -  1.00e+00 1.00e+00H  1
1929  7.0931666e-04 6.99e-08 5.98e-04  -4.1 2.27e-04    -  1.00e+00 1.00e+00h  1
iter    objective    inf_pr   inf_du lg(mu)  ||d||  lg(rg) alpha_du alpha_pr  ls
1930  7.0881020e-04 2.54e-07 2.99e-04  -6.1 5.86e-04    -  1.00e+00 1.00e+00h  1
1931  7.0572792e-04 6.60e-06 1.37e-03  -6.1 3.61e-03    -  1.00e+00 1.00e+00h  1
1932  7.0410666e-04 7.07e-06 1.63e-02  -6.1 9.69e-03    -  1.00e+00 2.16e-01h  2
1933  7.1208397e-04 3.03e-08 1.13e-03  -6.1 4.77e-03    -  1.00e+00 1.00e+00H  1
1934  7.0424238e-04 1.33e-06 2.62e-04  -6.1 5.33e-03    -  1.00e+00 1.00e+00H  1
1935  7.0554546e-04 2.47e-07 5.43e-04  -6.1 2.33e-03    -  1.00e+00 1.00e+00H  1
1936  7.0372586e-04 2.92e-06 9.79e-05  -6.1 1.77e-03    -  1.00e+00 1.00e+00h  1
1937  9.0609697e-04 5.25e-03 9.47e-02  -4.0 9.72e-02    -  1.00e+00 1.00e+00f  1
1938  7.8706332e-04 2.27e-03 2.39e-02  -4.1 5.08e-02    -  1.00e+00 1.00e+00h  1
1939  2.3975231e-03 1.48e-03 4.85e-03  -4.1 4.71e-02    -  1.00e+00 1.00e+00h  1
iter    objective    inf_pr   inf_du lg(mu)  ||d||  lg(rg) alpha_du alpha_pr  ls
1940  7.3636995e-04 1.24e-03 1.31e-02  -4.1 3.95e-02    -  1.00e+00 1.00e+00h  1
1941  7.4332413e-04 3.74e-04 2.77e-03  -4.1 2.33e-02    -  1.00e+00 1.00e+00h  1
1942  7.0652443e-04 1.33e-04 2.54e-01  -4.1 4.21e-02    -  1.00e+00 2.03e-01H  1
1943  7.0925561e-04 3.80e-05 4.52e-04  -4.1 6.88e-03    -  1.00e+00 1.00e+00f  1
1944  7.1488976e-04 1.45e-05 8.37e-04  -6.1 4.65e-03    -  1.00e+00 1.00e+00h  1
1945  7.0663516e-04 4.92e-06 6.44e-04  -6.1 2.54e-03    -  1.00e+00 1.00e+00h  1
1946  7.0468340e-04 3.00e-06 4.06e-04  -6.1 1.91e-03    -  1.00e+00 1.00e+00h  1
1947  7.0367975e-04 2.65e-07 2.53e-04  -6.1 1.73e-03    -  1.00e+00 1.00e+00H  1
1948  1.0967090e-03 2.35e-03 1.40e-01  -4.0 9.88e-02    -  1.00e+00 5.00e-01f  2
1949  8.3786539e-04 1.57e-03 1.37e-02  -4.1 3.89e-02    -  1.00e+00 1.00e+00h  1
iter    objective    inf_pr   inf_du lg(mu)  ||d||  lg(rg) alpha_du alpha_pr  ls
1950  1.7258853e-03 7.43e-04 4.62e-03  -4.1 2.48e-02    -  1.00e+00 1.00e+00h  1
1951  7.2333589e-04 5.92e-04 3.94e-03  -4.1 2.19e-02    -  1.00e+00 1.00e+00h  1
1952  7.1259436e-04 1.46e-04 6.35e-03  -4.1 1.38e-02    -  1.00e+00 1.00e+00h  1
1953  7.4103219e-04 1.38e-05 4.42e-03  -4.1 3.23e-03    -  1.00e+00 1.00e+00h  1
1954  7.1423579e-04 2.25e-05 2.04e-02  -4.1 6.49e-03    -  1.00e+00 1.00e+00h  1
1955  7.1791164e-04 2.85e-05 4.80e-03  -4.1 6.12e-03    -  1.00e+00 1.00e+00h  1
1956  7.0968759e-04 1.42e-05 8.24e-03  -4.1 3.78e-03    -  1.00e+00 1.00e+00h  1
1957  7.0938783e-04 3.43e-06 3.80e-03  -4.1 2.21e-03    -  1.00e+00 1.00e+00h  1
1958  7.0911720e-04 2.60e-07 7.49e-04  -4.1 6.60e-04    -  1.00e+00 1.00e+00h  1
1959  7.0875231e-04 8.39e-08 1.05e-03  -6.1 3.93e-04    -  1.00e+00 1.00e+00h  1
iter    objective    inf_pr   inf_du lg(mu)  ||d||  lg(rg) alpha_du alpha_pr  ls
1960  7.0677362e-04 1.03e-04 3.56e-03  -6.1 3.08e-02    -  1.00e+00 5.00e-01h  2
1961  7.0169106e-04 5.87e-05 3.92e-03  -6.1 7.02e-03    -  1.00e+00 5.00e-01h  2
1962  8.0321750e-04 1.93e-03 3.10e-02  -4.0 6.57e-02    -  1.00e+00 1.00e+00h  1
1963  7.5445334e-04 5.58e-04 6.92e-03  -4.1 3.51e-02    -  1.00e+00 1.00e+00h  1
1964  7.3950381e-04 4.78e-04 3.90e-02  -4.1 5.20e-02    -  1.00e+00 2.50e-01h  3
1965  7.0760687e-04 2.95e-05 9.55e-04  -4.1 7.22e-03    -  1.00e+00 1.00e+00h  1
1966  7.1567346e-04 4.36e-06 2.27e-01  -4.1 1.36e-02    -  1.00e+00 5.18e-01H  1
1967  7.1055663e-04 1.39e-05 2.77e-03  -4.1 5.34e-03    -  1.00e+00 1.00e+00f  1
1968  7.0606163e-04 1.44e-05 1.09e-02  -4.1 5.44e-03    -  1.00e+00 1.00e+00h  1
1969  7.0922840e-04 7.55e-06 1.33e-03  -4.1 3.94e-03    -  1.00e+00 1.00e+00h  1
iter    objective    inf_pr   inf_du lg(mu)  ||d||  lg(rg) alpha_du alpha_pr  ls
1970  7.0890847e-04 7.93e-08 4.11e-04  -4.1 4.17e-04    -  1.00e+00 1.00e+00h  1
1971  7.0864942e-04 4.16e-08 1.17e-03  -6.1 2.45e-04    -  1.00e+00 1.00e+00h  1
1972  7.0242330e-04 3.59e-05 6.99e-04  -6.1 6.70e-03    -  1.00e+00 1.00e+00h  1
1973  7.0191703e-04 1.79e-05 9.06e-03  -6.1 2.06e-03    -  1.00e+00 5.19e-01h  1
1974  8.3164788e-04 4.13e-03 5.59e-02  -4.0 7.36e-02    -  1.00e+00 1.00e+00f  1
1975  7.6277814e-04 1.16e-03 1.42e-02  -4.1 3.68e-02    -  1.00e+00 1.00e+00h  1
1976  2.2427945e-03 5.49e-04 4.20e-03  -4.1 2.99e-02    -  1.00e+00 1.00e+00h  1
1977  7.3134802e-04 1.88e-04 5.56e-03  -4.1 1.95e-02    -  1.00e+00 1.00e+00h  1
1978  7.0608278e-04 4.29e-04 2.51e-03  -4.1 2.38e-02    -  1.00e+00 1.00e+00h  1
1979  7.5176712e-04 2.56e-05 8.80e-04  -4.1 6.44e-03    -  1.00e+00 1.00e+00h  1
iter    objective    inf_pr   inf_du lg(mu)  ||d||  lg(rg) alpha_du alpha_pr  ls
1980  7.1388594e-04 7.79e-06 7.22e-03  -4.1 3.54e-03    -  1.00e+00 1.00e+00h  1
1981  7.1225350e-04 3.63e-05 7.60e-03  -4.1 6.95e-03    -  1.00e+00 1.00e+00h  1
1982  7.1004953e-04 1.79e-05 2.74e-03  -4.1 4.93e-03    -  1.00e+00 1.00e+00h  1
1983  7.0863718e-04 1.14e-06 1.56e-03  -4.1 1.29e-03    -  1.00e+00 1.00e+00h  1
1984  7.0920309e-04 2.24e-07 5.53e-04  -4.1 5.75e-04    -  1.00e+00 1.00e+00h  1
1985  7.0896410e-04 2.94e-08 9.22e-04  -6.1 2.38e-04    -  1.00e+00 1.00e+00h  1
1986  7.0627535e-04 1.52e-05 3.49e-04  -6.1 5.10e-03    -  1.00e+00 1.00e+00h  1
1987  7.0410505e-04 1.41e-05 2.61e-02  -6.1 9.96e-03    -  1.00e+00 1.41e-01h  2
1988  7.0505467e-04 1.97e-06 3.85e-04  -6.1 2.25e-03    -  1.00e+00 1.00e+00h  1
1989  7.0375024e-04 1.63e-07 6.63e-05  -6.1 9.43e-04    -  1.00e+00 1.00e+00h  1
iter    objective    inf_pr   inf_du lg(mu)  ||d||  lg(rg) alpha_du alpha_pr  ls
1990  9.2489515e-04 5.98e-03 2.03e-01  -4.0 1.04e-01    -  1.00e+00 1.00e+00f  1
1991  7.7324805e-04 1.58e-03 5.10e-02  -4.1 5.22e-02    -  1.00e+00 1.00e+00h  1
1992  7.3631824e-04 4.92e-04 1.18e-02  -4.1 2.83e-02    -  1.00e+00 1.00e+00h  1
1993  8.9038576e-04 3.79e-04 3.99e-03  -4.1 2.22e-02    -  1.00e+00 1.00e+00h  1
1994  7.0797470e-04 9.25e-05 2.54e-03  -4.1 9.64e-03    -  1.00e+00 1.00e+00h  1
1995  7.1499687e-04 3.92e-05 1.49e-02  -4.1 8.16e-03    -  1.00e+00 1.00e+00h  1
1996  7.0894996e-04 1.71e-05 4.49e-03  -4.1 5.89e-03    -  1.00e+00 1.00e+00h  1
1997  7.1002536e-04 9.89e-06 9.73e-03  -4.1 3.84e-03    -  1.00e+00 1.00e+00h  1
1998  7.0929748e-04 5.50e-06 2.28e-03  -4.1 2.59e-03    -  1.00e+00 1.00e+00h  1
1999  7.0894197e-04 3.58e-07 9.72e-04  -4.1 6.26e-04    -  1.00e+00 1.00e+00h  1
iter    objective    inf_pr   inf_du lg(mu)  ||d||  lg(rg) alpha_du alpha_pr  ls
2000  7.0906493e-04 3.40e-08 5.69e-04  -4.1 2.12e-04    -  1.00e+00 1.00e+00h  1
2001  7.0876255e-04 9.07e-08 1.08e-03  -6.1 3.45e-04    -  1.00e+00 1.00e+00h  1
2002  7.0756694e-04 1.18e-06 1.10e-03  -6.1 1.29e-03    -  1.00e+00 1.00e+00h  1
2003  7.0694648e-04 1.33e-05 1.11e-02  -6.1 1.84e-02    -  1.00e+00 2.58e-01h  2
2004  7.0419687e-04 9.35e-07 2.75e-04  -6.1 1.04e-03    -  1.00e+00 1.00e+00h  1
2005  7.0399263e-04 4.67e-08 3.81e-04  -6.1 3.96e-04    -  1.00e+00 1.00e+00h  1
2006  1.0105814e-03 8.34e-03 2.47e-01  -4.0 1.11e-01    -  1.00e+00 1.00e+00f  1
2007  7.8990488e-04 2.27e-03 6.34e-02  -4.1 5.57e-02    -  1.00e+00 1.00e+00h  1
2008  7.4225982e-04 5.73e-04 1.51e-02  -4.1 2.92e-02    -  1.00e+00 1.00e+00h  1
2009  1.7625523e-03 4.95e-04 3.43e-03  -4.1 2.09e-02    -  1.00e+00 1.00e+00h  1
iter    objective    inf_pr   inf_du lg(mu)  ||d||  lg(rg) alpha_du alpha_pr  ls
2010  7.1699611e-04 7.01e-05 3.84e-03  -4.1 8.58e-03    -  1.00e+00 1.00e+00h  1
2011  7.0772173e-04 1.51e-04 1.90e-02  -4.1 1.52e-02    -  1.00e+00 1.00e+00h  1
2012  7.1012260e-04 5.64e-05 2.13e-03  -4.1 8.96e-03    -  1.00e+00 1.00e+00h  1
2013  7.1536262e-04 4.51e-06 3.70e-03  -4.1 3.96e-03    -  1.00e+00 1.00e+00h  1
2014  7.0986996e-04 1.98e-06 3.22e-03  -4.1 1.93e-03    -  1.00e+00 1.00e+00h  1
2015  7.0994858e-04 3.58e-07 1.68e-03  -4.1 8.80e-04    -  1.00e+00 1.00e+00h  1
2016  7.0967793e-04 2.06e-08 2.83e-04  -4.1 5.23e-04    -  1.00e+00 1.00e+00h  1
2017  7.0884618e-04 2.30e-07 7.95e-04  -6.1 2.47e-03    -  1.00e+00 1.00e+00h  1
2018  7.3014181e-04 4.21e-09 1.09e-03  -6.1 9.89e-03    -  1.00e+00 1.00e+00H  1
2019  7.0706756e-04 4.81e-06 8.95e-04  -6.1 5.75e-03    -  1.00e+00 1.00e+00h  1
iter    objective    inf_pr   inf_du lg(mu)  ||d||  lg(rg) alpha_du alpha_pr  ls
2020  7.0650901e-04 9.26e-09 7.54e-04  -6.1 4.15e-04    -  1.00e+00 1.00e+00h  1
2021  7.0569864e-04 3.64e-07 8.30e-04  -6.1 8.23e-04    -  1.00e+00 1.00e+00h  1
2022  7.0402103e-04 2.50e-06 8.30e-03  -6.1 4.04e-03    -  1.00e+00 4.06e-01h  2
2023  7.0534196e-04 5.52e-09 3.69e-04  -6.1 2.07e-03    -  1.00e+00 1.00e+00H  1
2024  7.0374355e-04 8.36e-07 1.11e-04  -6.1 1.93e-03    -  1.00e+00 1.00e+00h  1
2025  7.0380633e-04 1.43e-08 1.77e-05  -6.1 1.85e-04    -  1.00e+00 1.00e+00h  1
2026  8.2798978e-04 3.40e-04 2.54e-01  -4.0 8.96e-02    -  1.00e+00 2.50e-01f  3
2027  7.3359764e-04 1.66e-04 4.98e-03  -4.1 1.87e-02    -  1.00e+00 1.00e+00h  1
2028  7.0214606e-04 1.82e-04 5.36e-03  -4.1 2.82e-02    -  1.00e+00 5.00e-01h  2
2029  7.1192146e-04 9.37e-05 3.51e-03  -4.1 1.12e-02    -  1.00e+00 1.00e+00h  1
iter    objective    inf_pr   inf_du lg(mu)  ||d||  lg(rg) alpha_du alpha_pr  ls
2030  7.0931345e-04 2.31e-05 4.75e-03  -4.1 5.67e-03    -  1.00e+00 1.00e+00h  1
2031  7.1077373e-04 1.91e-05 7.64e-03  -4.1 5.20e-03    -  1.00e+00 1.00e+00h  1
2032  7.0862242e-04 5.79e-06 2.56e-03  -4.1 2.89e-03    -  1.00e+00 1.00e+00h  1
2033  7.0893016e-04 3.56e-07 3.71e-04  -4.1 7.31e-04    -  1.00e+00 1.00e+00h  1
2034  7.0867630e-04 5.50e-08 1.13e-03  -6.1 2.28e-04    -  1.00e+00 1.00e+00h  1
2035  6.9993767e-04 2.28e-04 6.42e-04  -6.1 1.50e-02    -  1.00e+00 1.00e+00h  1
2036  9.9022642e-04 2.10e-03 1.94e-02  -4.0 9.61e-02    -  1.00e+00 5.00e-01h  2
2037  7.1379695e-04 8.65e-04 1.14e-03  -4.1 3.25e-02    -  1.00e+00 1.00e+00h  1
2038  7.0237876e-04 6.98e-05 2.20e-03  -4.1 9.24e-03    -  1.00e+00 1.00e+00h  1
2039  7.3325181e-04 5.72e-04 1.62e-02  -4.1 2.52e-02    -  1.00e+00 1.00e+00h  1
iter    objective    inf_pr   inf_du lg(mu)  ||d||  lg(rg) alpha_du alpha_pr  ls
2040  7.1118569e-04 1.88e-04 2.19e-03  -4.1 1.45e-02    -  1.00e+00 1.00e+00h  1
2041  7.0781827e-04 1.40e-05 2.38e-03  -4.1 4.09e-03    -  1.00e+00 1.00e+00h  1
2042  7.1218395e-04 2.71e-05 1.02e-02  -4.1 5.38e-03    -  1.00e+00 1.00e+00h  1
2043  7.0860159e-04 1.06e-05 8.36e-04  -4.1 3.36e-03    -  1.00e+00 1.00e+00h  1
2044  7.0894764e-04 1.03e-07 4.32e-04  -4.1 3.84e-04    -  1.00e+00 1.00e+00h  1
2045  7.0868026e-04 5.28e-08 1.07e-03  -6.1 2.49e-04    -  1.00e+00 1.00e+00h  1
2046  7.0464675e-04 1.15e-04 1.09e-03  -6.1 2.38e-02    -  1.00e+00 5.00e-01h  2
2047  7.0088588e-04 6.67e-05 6.80e-03  -6.1 4.73e-03    -  1.00e+00 4.58e-01h  2
2048  8.9443474e-04 4.51e-03 4.32e-02  -4.0 7.65e-02    -  1.00e+00 1.00e+00h  1
2049  9.5224875e-04 1.19e-03 1.27e-02  -4.1 3.94e-02    -  1.00e+00 1.00e+00h  1
iter    objective    inf_pr   inf_du lg(mu)  ||d||  lg(rg) alpha_du alpha_pr  ls
2050  7.8822331e-04 8.04e-04 1.43e-03  -4.1 3.36e-02    -  1.00e+00 1.00e+00h  1
2051  7.1334005e-04 8.65e-05 1.95e-03  -4.1 1.19e-02    -  1.00e+00 1.00e+00h  1
2052  6.9789862e-04 2.95e-04 1.63e-02  -4.1 1.88e-02    -  1.00e+00 1.00e+00h  1
2053  7.0759985e-04 1.38e-04 9.60e-04  -4.0 1.30e-02    -  1.00e+00 1.00e+00h  1
2054  7.1743656e-04 5.30e-06 1.81e-03  -4.1 2.54e-03    -  1.00e+00 1.00e+00h  1
2055  7.0785475e-04 3.13e-06 3.93e-03  -4.1 1.74e-03    -  1.00e+00 1.00e+00h  1
2056  7.1159307e-04 7.00e-07 4.87e-03  -4.1 1.91e-03    -  1.00e+00 1.00e+00H  1
2057  7.0897155e-04 8.78e-07 8.70e-04  -4.1 1.14e-03    -  1.00e+00 1.00e+00h  1
2058  7.0890084e-04 1.94e-08 4.06e-04  -4.1 1.72e-04    -  1.00e+00 1.00e+00h  1
2059  7.0866426e-04 4.34e-08 9.59e-04  -6.1 2.42e-04    -  1.00e+00 1.00e+00h  1
iter    objective    inf_pr   inf_du lg(mu)  ||d||  lg(rg) alpha_du alpha_pr  ls
2060  7.0497657e-04 7.59e-05 6.96e-03  -6.1 5.09e-02    -  1.00e+00 2.14e-01h  3
2061  7.0418702e-04 1.20e-05 4.67e-04  -6.1 3.76e-03    -  1.00e+00 1.00e+00h  1
2062  7.0403758e-04 2.16e-06 6.59e-04  -6.1 1.86e-03    -  1.00e+00 1.00e+00h  1
2063  7.0394695e-04 2.85e-09 1.75e-04  -6.1 8.27e-05    -  1.00e+00 1.00e+00h  1
2064  9.1798864e-04 8.24e-03 2.23e-01  -4.0 1.12e-01    -  1.00e+00 1.00e+00f  1
2065  7.7639578e-04 2.17e-03 5.67e-02  -4.1 5.59e-02    -  1.00e+00 1.00e+00h  1
2066  7.3381620e-04 5.80e-04 1.35e-02  -4.1 3.01e-02    -  1.00e+00 1.00e+00h  1
2067  7.9717452e-04 2.63e-04 1.51e-03  -4.1 2.04e-02    -  1.00e+00 1.00e+00h  1
2068  7.3969866e-04 2.30e-04 1.31e-02  -4.1 1.66e-02    -  1.00e+00 1.00e+00h  1
2069  7.0874135e-04 1.50e-04 1.32e-03  -4.1 1.46e-02    -  1.00e+00 1.00e+00h  1
iter    objective    inf_pr   inf_du lg(mu)  ||d||  lg(rg) alpha_du alpha_pr  ls
2070  7.1737917e-04 1.18e-05 2.94e-03  -4.1 3.65e-03    -  1.00e+00 1.00e+00h  1
2071  7.0575548e-04 2.69e-05 1.37e-02  -4.1 5.90e-03    -  1.00e+00 1.00e+00h  1
2072  7.1078237e-04 1.25e-05 2.55e-03  -4.1 4.52e-03    -  1.00e+00 1.00e+00h  1
2073  7.0983162e-04 2.56e-06 6.29e-03  -4.1 1.83e-03    -  1.00e+00 1.00e+00h  1
2074  7.0891528e-04 9.36e-07 1.41e-03  -4.1 1.21e-03    -  1.00e+00 1.00e+00h  1
2075  7.0901361e-04 1.95e-08 2.34e-04  -4.1 1.83e-04    -  1.00e+00 1.00e+00h  1
2076  7.0875761e-04 4.71e-08 1.01e-03  -6.1 2.77e-04    -  1.00e+00 1.00e+00h  1
2077  7.0496110e-04 6.25e-05 1.56e-02  -6.1 8.66e-02    -  1.00e+00 1.23e-01h  3
2078  7.0461139e-04 3.47e-05 6.29e-03  -6.1 4.54e-03    -  1.00e+00 5.00e-01h  2
2079  7.0488082e-04 5.73e-06 4.28e-04  -6.1 3.27e-03    -  1.00e+00 1.00e+00h  1
iter    objective    inf_pr   inf_du lg(mu)  ||d||  lg(rg) alpha_du alpha_pr  ls
2080  7.0379003e-04 3.86e-08 1.74e-04  -6.1 3.12e-04    -  1.00e+00 1.00e+00h  1
2081  9.2098201e-04 8.45e-03 2.15e-01  -4.0 1.19e-01    -  1.00e+00 1.00e+00f  1
2082  7.8199941e-04 2.29e-03 5.41e-02  -4.1 5.99e-02    -  1.00e+00 1.00e+00h  1
2083  8.4251531e-04 6.00e-04 1.32e-02  -4.1 3.15e-02    -  1.00e+00 1.00e+00h  1
2084  7.5592127e-04 4.87e-04 3.48e-02  -4.1 3.50e-02    -  7.87e-01 5.00e-01h  2
2085  7.1194339e-04 2.45e-06 1.70e-03  -4.1 2.67e-03    -  1.00e+00 1.00e+00h  1
2086  6.9325648e-04 3.93e-04 9.41e-02  -4.1 2.55e-02    -  1.00e+00 1.00e+00h  1
2087  7.0120854e-04 1.09e-04 2.27e-02  -4.0 1.33e-02    -  1.00e+00 1.00e+00h  1
2088  7.0774866e-04 3.70e-05 2.99e-03  -4.1 7.85e-03    -  1.00e+00 1.00e+00h  1
2089  7.1185157e-04 3.99e-06 2.65e-03  -4.1 2.55e-03    -  1.00e+00 1.00e+00h  1
iter    objective    inf_pr   inf_du lg(mu)  ||d||  lg(rg) alpha_du alpha_pr  ls
2090  7.0891846e-04 6.28e-07 9.04e-04  -4.1 9.94e-04    -  1.00e+00 1.00e+00h  1
2091  7.0904542e-04 3.46e-08 1.84e-04  -4.1 2.31e-04    -  1.00e+00 1.00e+00h  1
2092  7.0876187e-04 5.95e-08 1.05e-03  -6.1 2.93e-04    -  1.00e+00 1.00e+00h  1
2093  7.0600694e-04 1.47e-05 8.43e-04  -6.1 4.91e-03    -  1.00e+00 1.00e+00h  1
2094  7.0412788e-04 1.35e-05 2.53e-02  -6.1 9.13e-03    -  1.00e+00 1.44e-01h  2
2095  7.0550540e-04 4.99e-06 4.26e-04  -6.1 2.73e-03    -  1.00e+00 1.00e+00h  1
2096  7.0383125e-04 9.29e-07 1.18e-04  -6.1 1.05e-03    -  1.00e+00 1.00e+00h  1
2097  7.0385063e-04 2.61e-08 5.82e-05  -6.1 1.55e-04    -  1.00e+00 1.00e+00h  1
2098  7.0382953e-04 7.88e-09 1.52e-05  -6.1 1.16e-04    -  1.00e+00 1.00e+00h  1
2099  7.0426695e-04 3.43e-09 4.33e-04  -6.1 3.36e-03    -  1.00e+00 1.00e+00H  1
iter    objective    inf_pr   inf_du lg(mu)  ||d||  lg(rg) alpha_du alpha_pr  ls
2100  8.9375971e-04 4.91e-03 3.52e-02  -4.0 1.02e-01    -  1.00e+00 1.00e+00f  1
2101  1.1068461e-03 3.60e-03 2.59e-02  -4.1 1.23e-01    -  1.00e+00 1.00e+00H  1
2102  8.2851213e-04 6.16e-03 1.69e-02  -4.1 4.13e-01    -  3.83e-01 2.50e-01h  3
2103  8.3961742e-04 5.84e-03 1.05e-02  -4.1 4.94e-01    -  1.00e+00 1.25e-01h  4
2104  1.0734139e-03 9.51e-04 6.92e-03  -4.1 4.25e-02    -  1.00e+00 9.95e-01h  1
2105  8.5313659e-04 1.15e-03 4.07e-02  -4.1 8.21e-02    -  1.00e+00 5.00e-01f  2
2106  8.4441198e-04 3.06e-03 2.39e-02  -4.1 1.25e-01    -  1.00e+00 5.00e-01h  2
2107  7.8956115e-04 3.24e-03 9.42e-03  -4.1 1.82e-01    -  1.00e+00 2.50e-01h  3
2108  7.3513126e-04 1.11e-03 3.05e-03  -4.1 4.10e-02    -  1.00e+00 1.00e+00h  1
2109  1.1360413e-03 1.51e-04 1.81e-02  -4.1 7.26e-02    -  1.00e+00 1.00e+00H  1
iter    objective    inf_pr   inf_du lg(mu)  ||d||  lg(rg) alpha_du alpha_pr  ls
2110  1.0258811e-03 3.14e-04 2.13e-01  -4.1 1.43e-01    -  1.00e+00 1.25e-01h  4
2111  8.9595131e-04 2.46e-04 6.20e-02  -4.1 1.24e-01    -  9.71e-01 1.25e-01h  4
2112  8.5239187e-04 3.34e-04 1.87e-01  -4.1 1.25e-01    -  1.00e+00 1.25e-01h  4
2113  7.6779742e-04 2.49e-04 1.56e-02  -4.1 2.19e-02    -  1.00e+00 1.00e+00h  1
2114  7.5081408e-04 2.88e-04 8.44e-02  -4.1 9.48e-02    -  1.00e+00 1.25e-01h  4
2115  7.4200426e-04 3.38e-04 3.30e-02  -4.1 1.75e-01    -  1.00e+00 6.25e-02h  5
2116  7.1540568e-04 8.85e-05 9.87e-03  -4.1 1.28e-02    -  1.00e+00 1.00e+00h  1
2117  7.0829054e-04 1.59e-04 1.82e-02  -4.1 1.53e-02    -  1.00e+00 1.00e+00h  1
2118  7.1182488e-04 1.24e-04 1.23e-02  -4.1 1.19e-02    -  1.00e+00 1.00e+00h  1
2119  7.4915454e-04 5.04e-05 2.60e-01  -4.1 1.45e-02    -  1.00e+00 5.10e-01H  1
iter    objective    inf_pr   inf_du lg(mu)  ||d||  lg(rg) alpha_du alpha_pr  ls
2120  7.0821813e-04 2.63e-05 1.93e-02  -4.1 5.39e-03    -  1.00e+00 1.00e+00f  1
2121  7.1156829e-04 3.10e-05 4.28e-03  -4.1 7.02e-03    -  1.00e+00 1.00e+00h  1
2122  7.0927449e-04 2.95e-06 1.60e-03  -4.1 2.21e-03    -  1.00e+00 1.00e+00h  1
2123  7.0978071e-04 2.79e-07 1.89e-03  -4.1 6.90e-04    -  1.00e+00 1.00e+00h  1
2124  7.0953954e-04 1.18e-07 2.11e-03  -4.1 4.70e-04    -  1.00e+00 1.00e+00h  1
2125  7.0945835e-04 2.30e-08 9.86e-04  -4.1 1.62e-04    -  1.00e+00 1.00e+00h  1
2126  7.0931867e-04 4.01e-10 1.56e-03  -4.1 6.68e-04    -  1.00e+00 1.00e+00H  1
2127  7.1632441e-04 1.63e-11 2.46e-02  -4.1 6.48e-03    -  1.00e+00 1.00e+00H  1
2128  7.0886574e-04 5.56e-09 6.55e-03  -4.1 4.02e-03    -  1.00e+00 1.00e+00H  1
2129  7.1355699e-04 7.82e-12 1.55e-03  -4.1 5.31e-04    -  1.00e+00 1.00e+00H  1
iter    objective    inf_pr   inf_du lg(mu)  ||d||  lg(rg) alpha_du alpha_pr  ls
2130  7.0885745e-04 4.51e-07 1.48e-03  -4.1 6.39e-04    -  1.00e+00 1.00e+00h  1
2131  7.0885457e-04 2.31e-08 8.34e-04  -4.1 1.85e-04    -  1.00e+00 1.00e+00h  1
2132  7.0861064e-04 4.12e-08 7.80e-03  -4.1 1.80e-03    -  1.00e+00 1.00e+00H  1
2133  7.0889695e-04 4.99e-07 5.89e-02  -4.1 1.19e-02    -  1.00e+00 6.25e-02h  5
2134  7.0868316e-04 6.81e-07 1.99e-03  -4.1 7.81e-04    -  1.00e+00 1.00e+00h  1
2135  7.0981688e-04 1.11e-10 1.11e-02  -4.1 2.73e-03    -  1.00e+00 1.00e+00H  1
2136  7.0874332e-04 3.67e-09 2.92e-03  -4.1 3.07e-03    -  1.00e+00 1.00e+00H  1
2137  7.0880393e-04 8.78e-08 9.90e-03  -4.1 2.78e-03    -  1.00e+00 1.25e-01h  4
2138  7.0867742e-04 1.47e-08 4.23e-04  -4.1 1.27e-04    -  1.00e+00 1.00e+00h  1
2139  7.0849613e-04 3.39e-07 2.55e-03  -6.1 5.76e-04    -  1.00e+00 1.00e+00h  1
iter    objective    inf_pr   inf_du lg(mu)  ||d||  lg(rg) alpha_du alpha_pr  ls
2140  7.0731274e-04 4.95e-06 2.23e-03  -6.1 1.83e-02    -  1.00e+00 1.25e-01h  4
2141  7.0478670e-04 1.08e-05 9.78e-03  -6.1 8.52e-03    -  1.00e+00 3.37e-01h  2
2142  7.0524152e-04 4.00e-07 1.76e-03  -6.1 5.52e-03    -  1.00e+00 1.00e+00H  1
2143  7.0431198e-04 1.61e-06 1.45e-03  -6.1 1.39e-02    -  1.00e+00 1.25e-01h  4
2144  7.0356945e-04 9.22e-06 1.36e-04  -6.1 3.21e-03    -  1.00e+00 1.00e+00h  1
2145  7.0340631e-04 4.51e-06 3.42e-04  -6.1 2.02e-03    -  1.00e+00 1.00e+00h  1
2146  9.0485275e-04 3.41e-03 2.48e-02  -4.0 1.16e-01    -  1.00e+00 5.00e-01f  2
2147  7.7481933e-04 2.74e-03 5.63e-03  -4.1 5.06e-02    -  1.00e+00 1.00e+00h  1
2148  8.0258074e-04 2.71e-03 1.83e-03  -4.1 5.03e-02    -  9.55e-01 1.00e+00h  1
2149  8.2590036e-04 2.36e-03 1.66e-02  -4.1 1.15e-01    -  1.00e+00 2.50e-01h  3
iter    objective    inf_pr   inf_du lg(mu)  ||d||  lg(rg) alpha_du alpha_pr  ls
2150  7.5827107e-04 1.63e-03 2.68e-01  -4.1 2.26e-01    -  1.00e+00 7.22e-02H  1
2151  1.3393935e-03 1.70e-03 1.06e-02  -4.1 6.31e-02    -  1.00e+00 1.00e+00H  1
2152  7.2301769e-04 1.22e-03 6.95e-03  -4.1 3.44e-02    -  1.00e+00 1.00e+00h  1
2153  7.7689716e-04 1.07e-03 6.80e-03  -4.1 3.37e-02    -  1.00e+00 1.00e+00h  1
2154  7.1460583e-04 6.86e-04 7.65e-04  -4.1 2.60e-02    -  1.00e+00 1.00e+00h  1
2155  1.3330045e-03 2.59e-04 3.69e-03  -6.1 1.98e-02    -  9.91e-01 1.00e+00h  1
2156  7.0443352e-04 1.94e-04 9.46e-04  -6.1 1.75e-02    -  1.00e+00 1.00e+00h  1
2157  7.0544205e-04 7.22e-07 1.23e-04  -6.1 1.10e-03    -  1.00e+00 1.00e+00h  1
2158  7.0457174e-04 7.85e-08 8.42e-05  -6.1 3.74e-04    -  1.00e+00 1.00e+00h  1
2159  7.0444114e-04 6.57e-08 4.42e-05  -6.1 2.76e-04    -  1.00e+00 1.00e+00h  1
iter    objective    inf_pr   inf_du lg(mu)  ||d||  lg(rg) alpha_du alpha_pr  ls
2160  7.0417416e-04 4.98e-07 8.88e-05  -6.1 7.08e-04    -  1.00e+00 1.00e+00h  1
2161  7.1094148e-04 1.36e-09 5.43e-04  -6.1 3.71e-03    -  1.00e+00 1.00e+00H  1
2162  7.0369962e-04 1.28e-06 3.25e-04  -6.1 1.07e-03    -  1.00e+00 1.00e+00h  1
2163  7.0364885e-04 3.50e-08 5.25e-05  -6.1 2.08e-04    -  1.00e+00 1.00e+00h  1
2164  9.6007596e-04 6.49e-03 6.50e-01  -4.0 9.98e-02    -  1.00e+00 1.00e+00f  1
2165  7.7123734e-04 1.67e-03 1.54e-01  -4.1 5.04e-02    -  1.00e+00 1.00e+00h  1
2166  7.4333144e-04 6.24e-04 4.45e-02  -4.1 2.29e-02    -  1.00e+00 1.00e+00h  1
2167  7.2981324e-04 2.50e-04 6.03e-03  -4.1 1.64e-02    -  1.00e+00 1.00e+00h  1
2168  7.4022980e-04 1.44e-04 1.63e-01  -4.1 3.17e-02    -  1.00e+00 3.06e-01H  1
2169  7.1894821e-04 6.28e-05 2.57e-03  -4.1 7.63e-03    -  1.00e+00 1.00e+00f  1
iter    objective    inf_pr   inf_du lg(mu)  ||d||  lg(rg) alpha_du alpha_pr  ls
2170  7.6637342e-04 5.02e-05 1.47e-01  -4.1 1.42e-02    -  1.00e+00 6.01e-01H  1
2171  7.1338047e-04 3.07e-05 4.94e-03  -4.1 6.07e-03    -  1.00e+00 1.00e+00f  1
2172  7.0938048e-04 3.03e-05 7.54e-02  -4.1 8.85e-03    -  1.00e+00 5.00e-01h  2
2173  7.1107223e-04 5.08e-06 5.53e-03  -4.1 2.85e-03    -  1.00e+00 1.00e+00h  1
2174  7.0918411e-04 2.50e-06 3.13e-03  -4.1 1.87e-03    -  1.00e+00 1.00e+00h  1
2175  7.0959225e-04 4.37e-07 1.25e-03  -4.1 7.05e-04    -  1.00e+00 1.00e+00h  1
2176  7.0966717e-04 7.49e-08 6.03e-04  -4.1 2.89e-04    -  1.00e+00 1.00e+00h  1
2177  7.0939597e-04 5.19e-08 1.13e-03  -6.1 2.52e-04    -  1.00e+00 1.00e+00h  1
2178  7.0810234e-04 3.68e-06 7.67e-04  -6.1 2.11e-03    -  1.00e+00 1.00e+00h  1
2179  7.0717526e-04 6.35e-05 1.58e-02  -6.1 4.25e-02    -  1.00e+00 1.99e-01h  2
iter    objective    inf_pr   inf_du lg(mu)  ||d||  lg(rg) alpha_du alpha_pr  ls
2180  7.0553689e-04 8.94e-06 2.34e-04  -6.1 2.63e-03    -  1.00e+00 1.00e+00h  1
2181  7.0665659e-04 5.80e-06 1.01e-02  -6.1 1.87e-03    -  1.00e+00 5.00e-01h  2
2182  7.0319417e-04 3.91e-06 7.38e-05  -6.1 1.87e-03    -  1.00e+00 1.00e+00h  1
2183  9.4524361e-04 5.30e-03 4.37e-01  -4.0 1.75e-01    -  1.00e+00 5.00e-01f  2
2184  7.5790920e-04 1.99e-03 5.01e-02  -4.1 5.04e-02    -  1.00e+00 1.00e+00h  1
2185  7.2763700e-04 2.38e-04 1.85e-02  -4.1 2.23e-02    -  1.00e+00 1.00e+00h  1
2186  8.3500186e-04 1.14e-04 4.38e-03  -4.1 1.66e-02    -  1.00e+00 1.00e+00h  1
2187  7.2228173e-04 3.18e-05 2.94e-03  -4.1 6.74e-03    -  1.00e+00 1.00e+00h  1
2188  7.1253653e-04 3.79e-06 4.57e-03  -4.1 2.81e-03    -  1.00e+00 1.00e+00h  1
2189  7.1108327e-04 4.26e-06 6.89e-03  -4.1 3.19e-03    -  1.00e+00 1.00e+00h  1
iter    objective    inf_pr   inf_du lg(mu)  ||d||  lg(rg) alpha_du alpha_pr  ls
2190  7.1337025e-04 2.38e-06 3.51e-03  -4.1 2.43e-03    -  1.00e+00 1.00e+00h  1
2191  7.0877861e-04 2.51e-07 5.81e-04  -4.1 7.57e-04    -  1.00e+00 1.00e+00h  1
2192  7.0848364e-04 5.64e-08 1.16e-03  -6.1 3.14e-04    -  1.00e+00 1.00e+00h  1
2193  7.0542555e-04 1.71e-05 1.24e-03  -6.1 5.25e-03    -  1.00e+00 1.00e+00h  1
2194  7.0509998e-04 1.69e-05 3.15e-02  -6.1 1.81e-02    -  1.00e+00 6.87e-02h  3
2195  7.0448253e-04 2.92e-07 2.75e-04  -6.1 6.30e-04    -  1.00e+00 1.00e+00h  1
2196  7.0379360e-04 3.38e-07 1.01e-04  -6.1 6.57e-04    -  1.00e+00 1.00e+00h  1
2197  7.0365553e-04 4.81e-07 1.47e-04  -6.1 8.65e-04    -  1.00e+00 1.00e+00h  1
2198  7.0356075e-04 1.31e-06 3.20e-04  -6.1 1.33e-03    -  1.00e+00 1.00e+00h  1
2199  1.1138042e-03 6.11e-03 1.13e-01  -4.0 1.06e-01    -  1.00e+00 1.00e+00f  1
iter    objective    inf_pr   inf_du lg(mu)  ||d||  lg(rg) alpha_du alpha_pr  ls
2200  1.2084440e-03 3.69e-03 3.69e-02  -4.1 6.51e-02    -  1.00e+00 1.00e+00h  1
2201  1.3475133e-03 1.30e-03 2.49e-02  -4.1 3.91e-02    -  8.13e-01 1.00e+00h  1
2202  8.5045231e-04 6.20e-04 2.09e-02  -4.1 2.06e-02    -  1.00e+00 5.96e-01h  1
2203  8.2176834e-04 6.47e-04 5.47e-03  -4.1 3.35e-02    -  1.00e+00 1.00e+00f  1
2204  1.0940173e-03 1.59e-04 3.76e-02  -4.1 5.05e-02    -  1.00e+00 5.81e-01H  1
2205  7.0282172e-04 3.46e-04 5.11e-03  -4.1 2.13e-02    -  1.00e+00 1.00e+00f  1
2206  7.1594371e-04 7.93e-05 8.65e-03  -4.1 1.46e-02    -  1.00e+00 1.00e+00h  1
2207  7.0648170e-04 6.46e-05 6.42e-03  -4.1 9.39e-03    -  1.00e+00 1.00e+00h  1
2208  7.0949805e-04 3.94e-05 9.38e-03  -4.1 8.33e-03    -  1.00e+00 1.00e+00h  1
2209  7.0928453e-04 2.02e-05 6.43e-03  -4.1 5.29e-03    -  1.00e+00 1.00e+00h  1
iter    objective    inf_pr   inf_du lg(mu)  ||d||  lg(rg) alpha_du alpha_pr  ls
2210  7.0835991e-04 4.66e-06 3.30e-03  -4.1 2.06e-03    -  1.00e+00 1.00e+00h  1
2211  7.0934814e-04 9.73e-07 2.12e-03  -4.1 1.25e-03    -  1.00e+00 1.00e+00h  1
2212  7.0878049e-04 2.11e-07 8.75e-04  -4.1 5.71e-04    -  1.00e+00 1.00e+00h  1
2213  7.0884615e-04 6.74e-08 4.03e-04  -4.1 3.51e-04    -  1.00e+00 1.00e+00h  1
2214  7.0855742e-04 5.83e-08 1.29e-03  -6.1 2.76e-04    -  1.00e+00 1.00e+00h  1
2215  7.0513532e-04 2.07e-04 3.82e-02  -6.1 1.42e-01    -  1.00e+00 1.24e-01h  2
2216  7.0117498e-04 1.14e-04 3.49e-03  -6.1 8.20e-03    -  1.00e+00 5.00e-01h  2
2217  7.0050833e-04 6.36e-05 4.04e-03  -6.1 6.35e-03    -  1.00e+00 5.00e-01h  2
2218  7.0281403e-04 3.61e-05 6.66e-04  -6.1 4.74e-03    -  1.00e+00 5.00e-01h  2
2219  7.0272780e-04 3.86e-06 1.68e-04  -6.1 2.39e-03    -  1.00e+00 1.00e+00h  1
iter    objective    inf_pr   inf_du lg(mu)  ||d||  lg(rg) alpha_du alpha_pr  ls
2220  9.6517075e-04 7.75e-03 2.39e-01  -4.0 1.19e-01    -  1.00e+00 1.00e+00f  1
2221  7.8116067e-04 2.18e-03 5.98e-02  -4.1 5.92e-02    -  1.00e+00 1.00e+00h  1
2222  7.4070493e-04 4.99e-04 1.50e-02  -4.1 3.12e-02    -  1.00e+00 1.00e+00h  1
2223  2.1612900e-03 4.78e-04 3.99e-03  -4.1 2.86e-02    -  1.00e+00 1.00e+00h  1
2224  7.2175547e-04 2.01e-04 6.28e-03  -4.1 1.85e-02    -  1.00e+00 1.00e+00h  1
2225  7.0256970e-04 1.50e-04 5.01e-03  -4.1 1.75e-02    -  1.00e+00 1.00e+00h  1
2226  7.2131592e-04 5.47e-05 3.32e-03  -4.1 9.09e-03    -  1.00e+00 1.00e+00h  1
2227  7.4498769e-04 2.46e-06 6.24e-03  -4.1 1.56e-03    -  1.00e+00 1.00e+00h  1
2228  7.0511162e-04 1.79e-05 1.33e-02  -4.1 5.27e-03    -  1.00e+00 1.00e+00h  1
2229  7.1302649e-04 1.27e-05 2.63e-03  -4.1 4.30e-03    -  1.00e+00 1.00e+00h  1
iter    objective    inf_pr   inf_du lg(mu)  ||d||  lg(rg) alpha_du alpha_pr  ls
2230  7.0870505e-04 2.53e-06 5.24e-03  -4.1 1.54e-03    -  1.00e+00 1.00e+00h  1
2231  7.0855939e-04 1.17e-06 2.90e-03  -4.1 1.26e-03    -  1.00e+00 1.00e+00h  1
2232  7.0861514e-04 4.13e-08 4.53e-04  -4.1 2.62e-04    -  1.00e+00 1.00e+00h  1
2233  7.0827748e-04 1.27e-07 1.24e-03  -6.1 4.65e-04    -  1.00e+00 1.00e+00h  1
2234  7.0463694e-04 7.76e-05 1.66e-02  -6.1 8.37e-02    -  1.00e+00 1.25e-01h  3
2235  7.0528334e-04 1.62e-05 3.46e-04  -6.1 4.62e-03    -  1.00e+00 1.00e+00h  1
2236  7.0388179e-04 2.89e-06 6.76e-04  -6.1 2.18e-03    -  1.00e+00 1.00e+00h  1
2237  7.0333617e-04 9.83e-08 2.58e-04  -6.1 4.02e-04    -  1.00e+00 1.00e+00h  1
2238  9.6316921e-04 1.11e-02 1.93e-01  -4.0 1.25e-01    -  1.00e+00 1.00e+00f  1
2239  7.7864297e-04 3.34e-03 4.82e-02  -4.1 7.21e-02    -  1.00e+00 1.00e+00h  1
iter    objective    inf_pr   inf_du lg(mu)  ||d||  lg(rg) alpha_du alpha_pr  ls
2240  1.9435641e-03 1.22e-03 1.49e-02  -4.1 4.08e-02    -  1.00e+00 1.00e+00h  1
2241  7.3601245e-04 2.14e-04 9.06e-03  -4.1 1.82e-02    -  1.00e+00 1.00e+00h  1
2242  7.0927991e-04 1.51e-04 6.20e-03  -4.1 1.27e-02    -  1.00e+00 1.00e+00h  1
2243  7.3988118e-04 1.16e-04 6.49e-03  -4.1 1.89e-02    -  1.00e+00 5.00e-01h  2
2244  7.0970700e-04 5.49e-06 2.15e-03  -4.1 2.79e-03    -  1.00e+00 1.00e+00h  1
2245  7.1134164e-04 1.03e-06 9.52e-03  -4.1 3.69e-03    -  1.00e+00 1.00e+00H  1
2246  7.1004055e-04 2.95e-06 2.18e-03  -4.1 1.93e-03    -  1.00e+00 1.00e+00h  1
2247  7.0935476e-04 3.29e-07 2.71e-03  -4.1 7.79e-04    -  1.00e+00 1.00e+00h  1
2248  7.0946900e-04 1.65e-07 1.75e-03  -4.1 5.67e-04    -  1.00e+00 1.00e+00h  1
2249  7.0933245e-04 1.09e-08 5.56e-04  -4.1 1.25e-04    -  1.00e+00 1.00e+00h  1
iter    objective    inf_pr   inf_du lg(mu)  ||d||  lg(rg) alpha_du alpha_pr  ls
2250  7.0891539e-04 1.33e-07 8.95e-04  -6.1 4.03e-04    -  1.00e+00 1.00e+00h  1
2251  7.0838797e-04 2.18e-06 8.21e-04  -6.1 1.08e-02    -  1.00e+00 1.25e-01h  4
2252  7.0562896e-04 1.33e-05 2.51e-03  -6.1 3.25e-03    -  1.00e+00 1.00e+00h  1
2253  7.0593629e-04 9.42e-06 1.11e-02  -6.1 4.40e-03    -  1.00e+00 3.04e-01h  2
2254  7.0426696e-04 8.19e-07 1.83e-04  -6.1 1.08e-03    -  1.00e+00 1.00e+00h  1
2255  7.0358977e-04 8.95e-07 1.02e-04  -6.1 9.27e-04    -  1.00e+00 1.00e+00h  1
2256  7.0330885e-04 1.12e-06 1.08e-04  -6.1 1.11e-03    -  1.00e+00 1.00e+00h  1
2257  8.8723354e-04 1.71e-03 1.48e-01  -4.0 1.05e-01    -  1.00e+00 5.00e-01f  2
2258  8.3150268e-04 3.75e-04 1.41e-02  -4.1 2.93e-02    -  1.00e+00 1.00e+00h  1
2259  8.0560668e-04 4.60e-04 3.68e-03  -4.1 1.84e-02    -  1.00e+00 1.00e+00h  1
iter    objective    inf_pr   inf_du lg(mu)  ||d||  lg(rg) alpha_du alpha_pr  ls
2260  8.1849881e-04 7.44e-05 4.95e-03  -4.1 9.18e-03    -  1.00e+00 1.00e+00h  1
2261  7.2493239e-04 2.41e-04 1.72e-02  -4.1 1.72e-02    -  1.00e+00 1.00e+00h  1
2262  7.1862736e-04 1.17e-04 2.84e-03  -4.1 1.06e-02    -  1.00e+00 1.00e+00h  1
2263  7.1120112e-04 9.09e-06 3.78e-03  -4.1 3.05e-03    -  1.00e+00 1.00e+00h  1
2264  7.1222712e-04 1.22e-05 1.18e-02  -4.1 4.45e-03    -  1.00e+00 1.00e+00h  1
2265  7.0952212e-04 5.37e-06 2.79e-03  -4.1 2.96e-03    -  1.00e+00 1.00e+00h  1
2266  7.1051294e-04 2.24e-06 5.16e-03  -4.1 1.75e-03    -  1.00e+00 1.00e+00h  1
2267  7.1001748e-04 6.72e-07 3.78e-04  -4.1 9.65e-04    -  1.00e+00 1.00e+00h  1
2268  7.0966005e-04 5.49e-08 9.15e-04  -6.1 2.60e-04    -  1.00e+00 1.00e+00h  1
2269  7.0554723e-04 5.98e-05 8.84e-04  -6.1 8.02e-03    -  1.00e+00 1.00e+00h  1
iter    objective    inf_pr   inf_du lg(mu)  ||d||  lg(rg) alpha_du alpha_pr  ls
2270  7.0171801e-04 2.66e-05 9.35e-03  -6.1 1.63e-03    -  1.00e+00 5.41e-01h  1
2271  8.8771163e-04 3.12e-03 6.27e-02  -4.0 6.13e-02    -  1.00e+00 1.00e+00f  1
2272  7.7224528e-04 8.89e-04 1.67e-02  -4.1 3.07e-02    -  1.00e+00 1.00e+00h  1
2273  1.0314872e-03 7.79e-04 2.04e-03  -4.1 2.42e-02    -  1.00e+00 1.00e+00h  1
2274  7.1992767e-04 1.43e-04 3.97e-03  -4.1 1.01e-02    -  1.00e+00 1.00e+00h  1
2275  7.1036370e-04 2.93e-04 1.11e-02  -4.1 1.84e-02    -  1.00e+00 1.00e+00h  1
2276  7.2664829e-04 8.82e-05 1.80e-03  -4.1 9.29e-03    -  1.00e+00 1.00e+00h  1
2277  7.3825905e-04 4.24e-05 1.21e-02  -4.1 7.24e-03    -  1.00e+00 1.00e+00h  1
2278  7.0813303e-04 4.10e-05 1.30e-03  -4.1 6.88e-03    -  1.00e+00 1.00e+00h  1
2279  7.0947254e-04 2.34e-06 1.97e-03  -4.1 1.53e-03    -  1.00e+00 1.00e+00h  1
iter    objective    inf_pr   inf_du lg(mu)  ||d||  lg(rg) alpha_du alpha_pr  ls
2280  7.0834211e-04 5.67e-07 1.10e-03  -4.1 8.36e-04    -  1.00e+00 1.00e+00h  1
2281  7.0864698e-04 1.12e-07 2.84e-04  -4.1 2.89e-04    -  1.00e+00 1.00e+00h  1
2282  7.0840162e-04 3.39e-08 8.18e-04  -6.1 2.60e-04    -  1.00e+00 1.00e+00h  1
2283  7.0433565e-04 2.13e-05 6.66e-04  -6.1 6.69e-03    -  1.00e+00 1.00e+00h  1
2284  7.0293697e-04 1.69e-05 1.53e-02  -6.1 2.92e-03    -  1.00e+00 2.21e-01h  2
2285  7.0567065e-04 5.13e-06 2.10e-04  -6.1 2.37e-03    -  1.00e+00 1.00e+00h  1
2286  7.0397470e-04 1.05e-07 3.06e-04  -6.1 4.80e-04    -  1.00e+00 1.00e+00h  1
2287  7.0333119e-04 2.95e-07 6.02e-05  -6.1 6.35e-04    -  1.00e+00 1.00e+00h  1
2288  1.0077705e-03 6.52e-03 1.36e-01  -4.0 1.12e-01    -  1.00e+00 1.00e+00f  1
2289  8.0487205e-04 1.55e-03 3.43e-02  -4.1 5.67e-02    -  1.00e+00 1.00e+00h  1
iter    objective    inf_pr   inf_du lg(mu)  ||d||  lg(rg) alpha_du alpha_pr  ls
2290  2.1474503e-03 6.43e-04 3.38e-03  -4.1 3.40e-02    -  1.00e+00 1.00e+00h  1
2291  8.8066587e-04 1.90e-04 1.32e-02  -4.1 7.10e-03    -  1.00e+00 7.23e-01h  1
2292  7.1133184e-04 2.13e-04 6.79e-04  -4.1 2.22e-02    -  1.00e+00 1.00e+00f  1
2293  7.1015333e-04 3.04e-06 6.96e-04  -6.1 1.59e-03    -  1.00e+00 1.00e+00h  1
2294  7.5930824e-04 2.97e-07 2.76e-03  -6.1 1.11e-02    -  1.00e+00 1.00e+00H  1
2295  7.0632362e-04 4.15e-05 1.92e-03  -6.1 6.04e-03    -  1.00e+00 1.00e+00h  1
2296  7.0483982e-04 1.60e-06 2.03e-04  -6.1 1.51e-03    -  1.00e+00 1.00e+00h  1
2297  7.0342322e-04 7.23e-07 3.33e-03  -6.1 3.03e-03    -  1.00e+00 8.20e-01H  1
2298  7.0332356e-04 7.37e-06 4.49e-04  -6.1 2.72e-03    -  1.00e+00 1.00e+00f  1
2299  7.0362095e-04 7.25e-07 2.05e-04  -6.1 1.04e-03    -  1.00e+00 1.00e+00h  1
iter    objective    inf_pr   inf_du lg(mu)  ||d||  lg(rg) alpha_du alpha_pr  ls
2300  7.0340402e-04 4.85e-06 5.48e-04  -6.1 3.08e-03    -  1.00e+00 1.00e+00h  1
2301  7.0293841e-04 4.20e-06 1.23e-04  -6.1 2.22e-03    -  1.00e+00 1.00e+00h  1
2302  8.3201300e-04 5.62e-04 6.28e-02  -4.0 1.12e-01    -  1.00e+00 2.50e-01h  3
2303  7.1407421e-04 3.27e-04 1.50e-03  -4.1 2.21e-02    -  1.00e+00 1.00e+00h  1
2304  7.4292499e-04 2.79e-04 9.40e-03  -4.1 1.64e-02    -  1.00e+00 1.00e+00h  1
2305  7.0644581e-04 2.00e-04 1.58e-04  -4.1 1.42e-02    -  1.00e+00 1.00e+00h  1
2306  7.0633810e-04 1.27e-07 1.87e-04  -6.1 6.57e-04    -  1.00e+00 1.00e+00h  1
2307  7.0499843e-04 4.36e-06 3.40e-04  -6.1 2.72e-03    -  1.00e+00 1.00e+00h  1
2308  7.0362469e-04 3.24e-06 6.79e-04  -6.1 2.47e-03    -  1.00e+00 1.00e+00h  1
2309  7.0322776e-04 6.96e-07 1.01e-04  -6.1 1.06e-03    -  1.00e+00 1.00e+00h  1
iter    objective    inf_pr   inf_du lg(mu)  ||d||  lg(rg) alpha_du alpha_pr  ls
2310  1.1557496e-03 9.75e-03 4.32e-01  -4.0 1.27e-01    -  1.00e+00 1.00e+00f  1
2311  7.8229814e-04 2.54e-03 1.07e-01  -4.1 6.36e-02    -  1.00e+00 1.00e+00h  1
2312  8.0283553e-04 7.04e-04 2.33e-02  -4.1 3.31e-02    -  1.00e+00 1.00e+00h  1
2313  9.0596329e-04 3.25e-04 2.61e-03  -4.1 2.26e-02    -  1.00e+00 1.00e+00h  1
2314  7.1289314e-04 9.17e-06 4.29e-03  -4.1 3.55e-03    -  1.00e+00 1.00e+00h  1
2315  7.0084046e-04 1.66e-04 3.74e-02  -4.1 1.65e-02    -  1.00e+00 1.00e+00h  1
2316  7.0611625e-04 5.12e-05 7.07e-03  -4.1 9.09e-03    -  1.00e+00 1.00e+00h  1
2317  7.0995513e-04 1.18e-05 3.12e-03  -4.1 4.40e-03    -  1.00e+00 1.00e+00h  1
2318  7.0834658e-04 1.02e-06 1.19e-03  -4.1 1.30e-03    -  1.00e+00 1.00e+00h  1
2319  7.0837470e-04 8.78e-08 2.95e-04  -4.1 3.46e-04    -  1.00e+00 1.00e+00h  1
iter    objective    inf_pr   inf_du lg(mu)  ||d||  lg(rg) alpha_du alpha_pr  ls
2320  7.0806242e-04 8.99e-08 9.86e-04  -6.1 2.99e-04    -  1.00e+00 1.00e+00h  1
2321  7.0277300e-04 4.52e-05 8.38e-04  -6.1 6.53e-03    -  1.00e+00 1.00e+00h  1
2322  7.0194036e-04 3.45e-05 1.56e-02  -6.1 1.36e-03    -  1.00e+00 2.38e-01h  2
2323  7.0354992e-04 5.01e-06 2.97e-04  -6.1 2.15e-03    -  1.00e+00 1.00e+00h  1
2324  7.0338523e-04 6.93e-07 1.70e-04  -6.1 8.63e-04    -  1.00e+00 1.00e+00h  1
2325  7.0361231e-04 1.93e-07 2.18e-04  -6.1 1.87e-03    -  1.00e+00 1.00e+00H  1
2326  9.2510852e-04 2.38e-03 1.27e-01  -4.0 1.25e-01    -  1.00e+00 5.00e-01f  2
2327  7.9104802e-04 1.06e-03 1.44e-02  -4.1 3.34e-02    -  1.00e+00 1.00e+00h  1
2328  7.8927796e-04 1.24e-03 6.20e-03  -4.1 4.28e-02    -  1.00e+00 1.00e+00h  1
2329  7.5487596e-04 8.49e-04 1.09e-02  -4.1 3.50e-02    -  1.00e+00 5.00e-01h  2
iter    objective    inf_pr   inf_du lg(mu)  ||d||  lg(rg) alpha_du alpha_pr  ls
2330  7.1898707e-04 8.62e-04 6.25e-02  -4.1 1.08e-01    -  1.00e+00 1.25e-01h  4
2331  7.6476655e-04 5.23e-04 1.47e-02  -4.1 2.83e-02    -  1.00e+00 1.00e+00h  1
2332  7.1258954e-04 2.78e-04 3.70e-03  -4.1 1.97e-02    -  1.00e+00 1.00e+00h  1
2333  7.9154514e-04 1.64e-04 5.81e-02  -4.1 2.63e-02    -  1.00e+00 6.42e-01H  1
2334  7.1697108e-04 1.74e-04 6.86e-03  -4.1 1.52e-02    -  1.00e+00 1.00e+00f  1
2335  7.0511719e-04 2.46e-04 1.60e-02  -4.1 1.56e-02    -  1.00e+00 1.00e+00h  1
2336  7.5833275e-04 1.07e-04 9.56e-03  -4.1 1.14e-02    -  1.00e+00 1.00e+00h  1
2337  7.1113892e-04 1.03e-04 7.93e-03  -4.1 1.28e-02    -  1.00e+00 1.00e+00h  1
2338  7.1070636e-04 7.57e-05 5.26e-03  -4.1 7.73e-03    -  1.00e+00 1.00e+00h  1
2339  7.1354976e-04 2.45e-05 4.52e-03  -4.1 4.69e-03    -  1.00e+00 1.00e+00h  1
iter    objective    inf_pr   inf_du lg(mu)  ||d||  lg(rg) alpha_du alpha_pr  ls
2340  7.0704326e-04 1.01e-05 8.34e-03  -4.1 3.00e-03    -  1.00e+00 1.00e+00h  1
2341  7.0949460e-04 7.46e-06 4.48e-03  -4.1 3.06e-03    -  1.00e+00 1.00e+00h  1
2342  7.0874791e-04 1.48e-06 1.10e-03  -4.1 1.43e-03    -  1.00e+00 1.00e+00h  1
2343  7.0848039e-04 3.22e-07 1.02e-03  -4.1 5.32e-04    -  1.00e+00 1.00e+00h  1
2344  7.0859718e-04 2.72e-08 5.84e-04  -4.1 2.11e-04    -  1.00e+00 1.00e+00h  1
2345  7.0830123e-04 5.60e-08 1.21e-03  -6.1 2.43e-04    -  1.00e+00 1.00e+00h  1
2346  7.0569756e-04 8.61e-06 9.19e-04  -6.1 3.08e-03    -  1.00e+00 1.00e+00h  1
2347  7.0455632e-04 1.13e-05 2.00e-02  -6.1 1.30e-02    -  1.00e+00 1.67e-01h  2
2348  7.0393814e-04 2.59e-07 2.53e-04  -6.1 4.99e-04    -  1.00e+00 1.00e+00h  1
2349  7.0358598e-04 7.87e-09 7.04e-05  -6.1 1.54e-04    -  1.00e+00 1.00e+00h  1
iter    objective    inf_pr   inf_du lg(mu)  ||d||  lg(rg) alpha_du alpha_pr  ls
2350  9.9871470e-04 9.54e-03 2.53e-01  -4.0 1.06e-01    -  1.00e+00 1.00e+00f  1
2351  7.8669800e-04 2.35e-03 6.18e-02  -4.1 5.32e-02    -  1.00e+00 1.00e+00h  1
2352  7.3731777e-04 6.79e-04 1.48e-02  -4.1 2.76e-02    -  1.00e+00 1.00e+00h  1
2353  1.0040062e-03 2.92e-04 1.88e-03  -4.1 1.93e-02    -  1.00e+00 1.00e+00h  1
2354  7.0880931e-04 6.27e-06 9.80e-04  -4.1 3.84e-03    -  1.00e+00 1.00e+00h  1
2355  7.1408673e-04 3.78e-05 2.01e-02  -4.1 6.21e-03    -  1.00e+00 1.00e+00h  1
2356  7.1010109e-04 1.71e-05 2.90e-03  -4.1 4.33e-03    -  1.00e+00 1.00e+00h  1
2357  7.0892512e-04 1.52e-06 1.14e-03  -4.1 1.28e-03    -  1.00e+00 1.00e+00h  1
2358  7.0917449e-04 1.38e-07 3.54e-04  -4.1 3.41e-04    -  1.00e+00 1.00e+00h  1
2359  7.0897393e-04 1.78e-08 7.63e-04  -6.1 1.90e-04    -  1.00e+00 1.00e+00h  1
iter    objective    inf_pr   inf_du lg(mu)  ||d||  lg(rg) alpha_du alpha_pr  ls
2360  7.0569374e-04 2.35e-05 1.37e-02  -6.1 9.46e-02    -  1.00e+00 7.57e-02h  4
2361  7.0550390e-04 1.19e-05 1.14e-02  -6.1 1.38e-03    -  1.00e+00 4.92e-01h  2
2362  7.0369162e-04 1.18e-06 1.01e-04  -6.1 1.43e-03    -  1.00e+00 1.00e+00h  1
2363  7.0351882e-04 3.55e-08 4.01e-05  -6.1 1.77e-04    -  1.00e+00 1.00e+00h  1
2364  9.3668362e-04 5.97e-03 1.88e-01  -4.0 1.10e-01    -  1.00e+00 1.00e+00f  1
2365  7.7392269e-04 1.64e-03 4.74e-02  -4.1 5.55e-02    -  1.00e+00 1.00e+00h  1
2366  7.3266352e-04 4.09e-04 1.23e-02  -4.1 2.82e-02    -  1.00e+00 1.00e+00h  1
2367  8.7319574e-04 2.32e-04 2.31e-03  -4.1 2.28e-02    -  1.00e+00 1.00e+00h  1
2368  7.1259192e-04 7.69e-06 1.28e-03  -4.1 3.64e-03    -  1.00e+00 1.00e+00h  1
2369  7.2379688e-04 1.33e-04 4.54e-02  -4.1 1.73e-02    -  1.00e+00 1.00e+00h  1
iter    objective    inf_pr   inf_du lg(mu)  ||d||  lg(rg) alpha_du alpha_pr  ls
2370  7.1365368e-04 4.27e-05 1.02e-02  -4.1 9.75e-03    -  1.00e+00 1.00e+00h  1
2371  7.1166126e-04 2.06e-05 2.22e-03  -4.1 6.11e-03    -  1.00e+00 1.00e+00h  1
2372  7.1028632e-04 6.54e-07 1.06e-03  -4.1 9.44e-04    -  1.00e+00 1.00e+00h  1
2373  7.0891504e-04 3.14e-07 1.94e-03  -4.1 5.88e-04    -  1.00e+00 1.00e+00h  1
2374  7.0844415e-04 1.66e-07 8.32e-04  -4.1 5.32e-04    -  1.00e+00 1.00e+00h  1
2375  7.0852972e-04 2.42e-08 3.55e-04  -4.1 1.65e-04    -  1.00e+00 1.00e+00h  1
2376  7.0829210e-04 4.99e-08 9.90e-04  -6.1 2.28e-04    -  1.00e+00 1.00e+00h  1
2377  7.0655332e-04 4.38e-05 1.06e-03  -6.1 6.45e-03    -  1.00e+00 1.00e+00h  1
2378  7.0382854e-04 3.27e-05 1.30e-02  -6.1 2.11e-03    -  1.00e+00 2.60e-01h  2
2379  7.0327043e-04 5.61e-06 2.83e-04  -6.1 2.86e-03    -  1.00e+00 1.00e+00h  1
iter    objective    inf_pr   inf_du lg(mu)  ||d||  lg(rg) alpha_du alpha_pr  ls
2380  7.0338879e-04 1.53e-07 9.19e-05  -6.1 3.66e-04    -  1.00e+00 1.00e+00h  1
2381  1.0190767e-03 8.13e-03 1.70e-01  -4.0 1.09e-01    -  1.00e+00 1.00e+00f  1
2382  7.7828914e-04 1.92e-03 4.62e-02  -4.1 5.59e-02    -  1.00e+00 1.00e+00h  1
2383  9.2604158e-04 6.31e-04 1.07e-02  -4.1 3.17e-02    -  1.00e+00 1.00e+00h  1
2384  7.2923413e-04 5.96e-04 3.52e-02  -4.1 3.81e-02    -  8.56e-01 5.00e-01h  2
2385  7.1057118e-04 3.69e-05 1.68e-03  -4.1 7.91e-03    -  1.00e+00 1.00e+00h  1
2386  7.0924814e-04 8.07e-06 4.80e-03  -4.1 2.86e-03    -  1.00e+00 1.00e+00h  1
2387  7.7445684e-04 1.23e-05 4.49e-01  -4.1 5.13e-03    -  1.00e+00 5.80e-01H  1
2388  7.1423471e-04 2.09e-06 1.54e-02  -4.1 8.10e-03    -  1.00e+00 1.00e+00F  1
2389  7.0928201e-04 1.08e-05 1.83e-01  -4.1 9.66e-03    -  1.00e+00 5.00e-01h  2
iter    objective    inf_pr   inf_du lg(mu)  ||d||  lg(rg) alpha_du alpha_pr  ls
2390  7.1462141e-04 2.16e-05 6.48e-03  -4.1 4.60e-03    -  1.00e+00 1.00e+00h  1
2391  7.1003776e-04 1.55e-06 2.77e-03  -4.1 1.53e-03    -  1.00e+00 1.00e+00h  1
2392  7.0848391e-04 2.49e-07 1.07e-03  -4.1 4.61e-04    -  1.00e+00 1.00e+00h  1
2393  7.0845314e-04 3.69e-08 4.20e-04  -4.1 1.91e-04    -  1.00e+00 1.00e+00h  1
2394  7.0793701e-04 3.34e-07 1.05e-03  -6.1 6.07e-04    -  1.00e+00 1.00e+00h  1
2395  7.0445948e-04 5.32e-05 7.08e-03  -6.1 3.46e-02    -  1.00e+00 2.21e-01h  3
2396  7.0384559e-04 2.98e-05 1.09e-02  -6.1 2.30e-03    -  1.00e+00 4.45e-01h  2
2397  7.0367798e-04 5.05e-06 8.21e-04  -6.1 2.11e-03    -  1.00e+00 1.00e+00h  1
2398  7.0299195e-04 5.63e-08 1.12e-04  -6.1 3.21e-04    -  1.00e+00 1.00e+00h  1
2399  1.0582622e-03 9.44e-03 2.22e-01  -4.0 1.05e-01    -  1.00e+00 1.00e+00f  1
iter    objective    inf_pr   inf_du lg(mu)  ||d||  lg(rg) alpha_du alpha_pr  ls
2400  8.7182590e-04 3.02e-03 5.62e-02  -4.1 5.66e-02    -  1.00e+00 1.00e+00h  1
2401  3.0591753e-03 1.45e-03 4.55e-03  -4.1 4.46e-02    -  9.92e-01 1.00e+00h  1
2402  1.2716752e-03 8.64e-04 2.13e-02  -4.1 3.04e-02    -  1.00e+00 5.31e-01h  1
2403  7.7291929e-04 7.57e-04 5.07e-03  -4.1 2.70e-02    -  1.00e+00 1.00e+00f  1
2404  7.3148203e-04 1.06e-04 9.96e-03  -4.1 1.14e-02    -  1.00e+00 1.00e+00h  1
2405  7.3032177e-04 8.27e-06 5.35e-03  -4.1 4.07e-03    -  1.00e+00 1.00e+00h  1
2406  7.1781330e-04 2.82e-06 1.96e-03  -4.1 1.77e-03    -  1.00e+00 1.00e+00h  1
2407  7.1565815e-04 9.90e-07 3.06e-03  -4.1 1.01e-03    -  1.00e+00 1.00e+00h  1
2408  7.2765518e-04 5.02e-07 1.28e-01  -4.1 1.78e-02    -  1.00e+00 1.00e+00H  1
2409  7.0979550e-04 4.99e-07 3.36e-02  -4.1 1.41e-02    -  1.00e+00 1.00e+00H  1
iter    objective    inf_pr   inf_du lg(mu)  ||d||  lg(rg) alpha_du alpha_pr  ls
2410  7.0778019e-04 4.67e-07 2.87e-01  -4.1 1.28e-02    -  1.00e+00 6.25e-02h  5
2411  7.1320845e-04 1.45e-05 9.82e-03  -4.1 4.38e-03    -  1.00e+00 1.00e+00h  1
2412  7.0855066e-04 2.77e-06 2.78e-03  -4.1 1.80e-03    -  1.00e+00 1.00e+00h  1
2413  7.0837652e-04 4.96e-07 1.82e-03  -4.1 8.14e-04    -  1.00e+00 1.00e+00h  1
2414  7.0879080e-04 4.20e-07 2.16e-03  -4.1 8.16e-04    -  1.00e+00 1.00e+00h  1
2415  7.0855868e-04 5.76e-08 6.62e-04  -4.1 2.71e-04    -  1.00e+00 1.00e+00h  1
2416  7.0827553e-04 5.60e-08 9.81e-04  -6.1 3.13e-04    -  1.00e+00 1.00e+00h  1
2417  7.0737233e-04 2.24e-06 6.34e-04  -6.1 1.51e-03    -  1.00e+00 1.00e+00h  1
2418  7.0549623e-04 1.44e-05 1.63e-03  -6.1 4.67e-03    -  1.00e+00 1.00e+00h  1
2419  7.0396227e-04 9.00e-06 1.04e-02  -6.1 5.76e-03    -  1.00e+00 3.69e-01h  2
iter    objective    inf_pr   inf_du lg(mu)  ||d||  lg(rg) alpha_du alpha_pr  ls
2420  7.1694070e-04 4.76e-08 1.07e-03  -6.1 6.45e-03    -  1.00e+00 1.00e+00H  1
2421  7.0298830e-04 3.79e-05 2.73e-04  -6.1 6.81e-03    -  1.00e+00 1.00e+00h  1
2422  7.0266552e-04 9.06e-06 3.88e-04  -6.1 3.00e-03    -  1.00e+00 1.00e+00h  1
2423  1.1798751e-03 9.54e-03 4.25e-02  -4.0 1.15e-01    -  1.00e+00 1.00e+00f  1
2424  1.3096786e-03 4.79e-03 1.45e-02  -4.1 8.19e-02    -  1.00e+00 1.00e+00h  1
2425  1.2245573e-03 2.07e-03 7.33e-03  -4.1 6.68e-02    -  8.83e-01 1.00e+00h  1
2426  8.8028586e-04 3.80e-04 3.43e-03  -4.1 2.37e-02    -  1.00e+00 1.00e+00h  1
2427  7.3915132e-04 1.71e-04 1.33e-02  -4.1 1.88e-02    -  1.00e+00 1.00e+00h  1
2428  7.2350962e-04 1.87e-04 5.56e-04  -4.1 2.06e-02    -  1.00e+00 1.00e+00h  1
2429  7.1769085e-04 3.94e-05 1.41e-01  -6.1 3.85e-02    -  9.98e-01 2.45e-01H  1
iter    objective    inf_pr   inf_du lg(mu)  ||d||  lg(rg) alpha_du alpha_pr  ls
2430  7.0788864e-04 7.25e-06 9.22e-04  -6.1 2.51e-03    -  1.00e+00 1.00e+00h  1
2431  7.0639861e-04 3.50e-06 2.59e-04  -6.1 1.84e-03    -  1.00e+00 1.00e+00h  1
2432  7.0494973e-04 3.23e-06 2.65e-04  -6.1 2.17e-03    -  1.00e+00 1.00e+00h  1
2433  7.0424739e-04 6.53e-06 5.31e-03  -6.1 8.44e-03    -  1.00e+00 2.50e-01h  3
2434  7.0337277e-04 3.77e-06 5.97e-04  -6.1 2.34e-03    -  1.00e+00 1.00e+00h  1
2435  7.0364190e-04 6.54e-07 3.13e-04  -6.1 1.18e-03    -  1.00e+00 1.00e+00h  1
2436  7.0340825e-04 5.41e-08 7.01e-05  -6.1 2.16e-04    -  1.00e+00 1.00e+00h  1
2437  9.5655211e-04 9.32e-03 6.49e-01  -4.0 1.17e-01    -  1.00e+00 1.00e+00f  1
2438  7.9584886e-04 2.42e-03 1.65e-01  -4.1 5.70e-02    -  1.00e+00 1.00e+00h  1
2439  7.5068451e-04 1.34e-03 4.68e-02  -4.1 3.67e-02    -  1.00e+00 1.00e+00h  1
iter    objective    inf_pr   inf_du lg(mu)  ||d||  lg(rg) alpha_du alpha_pr  ls
2440  7.6791714e-04 7.49e-04 8.65e-03  -4.1 2.88e-02    -  1.00e+00 1.00e+00h  1
2441  7.4647730e-04 7.05e-04 8.19e-02  -4.1 4.79e-02    -  7.53e-01 2.50e-01h  3
2442  7.1795239e-04 2.70e-05 1.66e-03  -4.1 6.12e-03    -  1.00e+00 1.00e+00h  1
2443  7.4125664e-04 4.30e-04 8.80e-02  -4.1 2.17e-02    -  1.00e+00 1.00e+00h  1
2444  7.2031621e-04 1.62e-04 2.38e-02  -4.1 1.23e-02    -  1.00e+00 1.00e+00h  1
2445  7.1174647e-04 1.02e-04 9.08e-03  -4.1 9.22e-03    -  1.00e+00 1.00e+00h  1
2446  7.1301691e-04 3.59e-05 1.37e-02  -4.1 6.03e-03    -  1.00e+00 1.00e+00h  1
2447  7.1008936e-04 2.02e-05 6.15e-03  -4.1 4.41e-03    -  1.00e+00 1.00e+00h  1
2448  7.0887395e-04 1.45e-06 3.89e-03  -4.1 1.37e-03    -  1.00e+00 1.00e+00h  1
2449  7.0929742e-04 6.73e-07 1.01e-03  -4.1 9.54e-04    -  1.00e+00 1.00e+00h  1
iter    objective    inf_pr   inf_du lg(mu)  ||d||  lg(rg) alpha_du alpha_pr  ls
2450  7.0919182e-04 6.04e-08 6.36e-04  -4.1 3.21e-04    -  1.00e+00 1.00e+00h  1
2451  7.0845953e-04 9.71e-07 1.12e-03  -6.1 1.40e-03    -  1.00e+00 1.00e+00h  1
2452  7.8184295e-04 1.97e-08 1.13e-03  -6.1 1.87e-02    -  1.00e+00 1.00e+00H  1
2453  7.0809523e-04 5.69e-06 1.21e-02  -6.1 1.15e-02    -  5.76e-01 1.00e+00H  1
2454  7.0809816e-04 1.31e-05 1.09e-03  -6.1 4.69e-03    -  1.00e+00 1.00e+00h  1
2455  7.0579922e-04 1.57e-06 8.52e-04  -6.1 1.50e-03    -  1.00e+00 1.00e+00h  1
2456  7.0568827e-04 1.21e-06 7.61e-04  -6.1 1.11e-03    -  1.00e+00 1.00e+00h  1
2457  7.0392788e-04 8.79e-07 1.18e-04  -6.1 9.93e-04    -  1.00e+00 1.00e+00h  1
2458  7.0341881e-04 3.54e-07 7.07e-05  -6.1 7.26e-04    -  1.00e+00 1.00e+00h  1
2459  7.0317699e-04 2.05e-06 2.25e-04  -6.1 1.50e-03    -  1.00e+00 1.00e+00h  1
iter    objective    inf_pr   inf_du lg(mu)  ||d||  lg(rg) alpha_du alpha_pr  ls
2460  7.0588371e-04 4.79e-08 2.91e-04  -6.1 1.16e-03    -  1.00e+00 1.00e+00H  1
2461  7.0310591e-04 1.55e-06 5.45e-05  -6.1 1.18e-03    -  1.00e+00 1.00e+00h  1
2462  7.0316160e-04 7.54e-09 1.71e-05  -6.1 1.00e-04    -  1.00e+00 1.00e+00h  1
2463  1.0489860e-03 9.08e-03 3.19e-01  -4.0 1.07e-01    -  1.00e+00 1.00e+00f  1
2464  7.8975743e-04 2.43e-03 7.89e-02  -4.1 5.29e-02    -  1.00e+00 1.00e+00h  1
2465  7.4001282e-04 7.05e-04 1.74e-02  -4.1 3.22e-02    -  1.00e+00 1.00e+00h  1
2466  7.2495655e-04 2.99e-04 7.32e-03  -4.1 1.95e-02    -  1.00e+00 1.00e+00h  1
2467  1.0142498e-03 1.49e-04 6.99e-03  -4.1 1.48e-02    -  1.00e+00 1.00e+00h  1
2468  7.1419510e-04 1.46e-04 3.14e-03  -4.1 1.07e-02    -  1.00e+00 1.00e+00h  1
2469  7.0964378e-04 2.04e-05 4.45e-03  -4.1 4.60e-03    -  1.00e+00 1.00e+00h  1
iter    objective    inf_pr   inf_du lg(mu)  ||d||  lg(rg) alpha_du alpha_pr  ls
2470  7.1878850e-04 3.97e-05 1.03e-02  -4.1 6.79e-03    -  1.00e+00 1.00e+00h  1
2471  7.1036311e-04 1.18e-05 1.69e-03  -4.1 3.40e-03    -  1.00e+00 1.00e+00h  1
2472  7.0993801e-04 3.40e-07 1.89e-03  -4.1 9.20e-04    -  1.00e+00 1.00e+00h  1
2473  7.0929176e-04 5.30e-06 6.40e-03  -4.1 4.09e-03    -  1.00e+00 1.00e+00h  1
2474  7.1184375e-04 4.75e-06 7.73e-03  -4.1 3.33e-03    -  1.00e+00 1.00e+00h  1
2475  7.0869423e-04 1.67e-06 2.09e-03  -4.1 1.78e-03    -  1.00e+00 1.00e+00h  1
2476  7.0868479e-04 5.51e-08 7.33e-04  -4.1 2.88e-04    -  1.00e+00 1.00e+00h  1
2477  7.0834437e-04 5.09e-08 8.78e-04  -6.1 2.65e-04    -  1.00e+00 1.00e+00h  1
2478  7.0766947e-04 5.16e-07 7.23e-04  -6.1 8.42e-04    -  1.00e+00 1.00e+00h  1
2479  7.0658379e-04 8.71e-06 4.47e-04  -6.1 3.32e-03    -  1.00e+00 1.00e+00h  1
iter    objective    inf_pr   inf_du lg(mu)  ||d||  lg(rg) alpha_du alpha_pr  ls
2480  7.0481492e-04 6.32e-06 6.97e-03  -6.1 3.41e-03    -  1.00e+00 4.05e-01h  2
2481  7.0431308e-04 1.01e-06 2.86e-04  -6.1 1.01e-03    -  1.00e+00 1.00e+00h  1
2482  7.0367964e-04 5.74e-08 5.95e-05  -6.1 2.85e-04    -  1.00e+00 1.00e+00h  1
2483  7.0346531e-04 4.27e-08 4.01e-05  -6.1 2.80e-04    -  1.00e+00 1.00e+00h  1
2484  7.0339928e-04 3.08e-07 5.17e-05  -6.1 3.98e-04    -  1.00e+00 1.00e+00h  1
2485  7.0324676e-04 1.52e-06 1.55e-04  -6.1 1.17e-03    -  1.00e+00 1.00e+00h  1
2486  7.0335029e-04 3.77e-09 4.20e-04  -6.1 2.78e-03    -  1.00e+00 1.00e+00H  1
2487  1.0426342e-03 1.44e-03 8.64e-02  -4.0 8.76e-02    -  1.00e+00 5.00e-01f  2
2488  7.5002273e-04 4.35e-04 1.17e-02  -4.1 2.69e-02    -  1.00e+00 1.00e+00h  1
2489  7.1074448e-04 4.16e-04 3.92e-03  -4.1 2.14e-02    -  1.00e+00 1.00e+00h  1
iter    objective    inf_pr   inf_du lg(mu)  ||d||  lg(rg) alpha_du alpha_pr  ls
2490  7.2024821e-04 6.04e-05 3.05e-03  -4.1 7.31e-03    -  1.00e+00 1.00e+00h  1
2491  7.2372107e-04 4.94e-04 4.59e-02  -4.1 2.43e-02    -  1.00e+00 1.00e+00h  1
2492  7.0919114e-04 1.35e-04 9.39e-03  -4.1 1.21e-02    -  1.00e+00 1.00e+00h  1
2493  7.0991987e-04 6.62e-05 3.12e-03  -4.1 1.01e-02    -  1.00e+00 1.00e+00h  1
2494  7.0503376e-04 5.15e-05 1.78e-02  -4.1 8.43e-03    -  1.00e+00 1.00e+00h  1
2495  7.0773516e-04 3.10e-05 1.87e-03  -4.1 6.93e-03    -  1.00e+00 1.00e+00h  1
2496  7.0869935e-04 2.08e-06 2.62e-03  -4.1 1.81e-03    -  1.00e+00 1.00e+00h  1
2497  7.0823674e-04 7.86e-07 1.20e-03  -4.1 1.09e-03    -  1.00e+00 1.00e+00h  1
2498  7.0821405e-04 7.68e-08 3.84e-04  -4.1 3.20e-04    -  1.00e+00 1.00e+00h  1
2499  7.0781697e-04 1.18e-07 8.92e-04  -6.1 4.09e-04    -  1.00e+00 1.00e+00h  1
iter    objective    inf_pr   inf_du lg(mu)  ||d||  lg(rg) alpha_du alpha_pr  ls
2500  7.0412895e-04 1.31e-04 2.51e-02  -6.1 7.49e-02    -  1.00e+00 1.83e-01h  2
2501  7.0517320e-04 2.65e-05 2.14e-04  -6.1 6.46e-03    -  1.00e+00 1.00e+00h  1
2502  7.0493924e-04 6.02e-06 7.04e-04  -6.1 2.44e-03    -  1.00e+00 1.00e+00h  1
2503  7.0319021e-04 9.24e-08 7.74e-05  -6.1 3.42e-04    -  1.00e+00 1.00e+00h  1
2504  7.0326514e-04 3.30e-08 9.95e-05  -6.1 2.64e-04    -  1.00e+00 1.00e+00h  1
2505  7.0317449e-04 3.22e-09 1.27e-05  -6.1 7.28e-05    -  1.00e+00 1.00e+00h  1
2506  7.0316701e-04 8.58e-10 1.25e-05  -6.1 3.73e-05    -  1.00e+00 1.00e+00h  1
2507  8.9374489e-04 2.21e-03 3.25e-02  -4.0 1.08e-01    -  1.00e+00 5.00e-01f  2
2508  8.8163584e-04 7.27e-04 7.63e-03  -4.1 2.97e-02    -  1.00e+00 1.00e+00h  1
2509  7.1969299e-04 9.01e-04 2.94e-03  -4.1 3.48e-02    -  1.00e+00 1.00e+00h  1
iter    objective    inf_pr   inf_du lg(mu)  ||d||  lg(rg) alpha_du alpha_pr  ls
2510  7.1730846e-04 3.97e-04 2.85e-03  -4.1 2.29e-02    -  1.00e+00 1.00e+00h  1
2511  7.0861766e-04 2.21e-04 4.61e-03  -4.1 1.70e-02    -  1.00e+00 1.00e+00h  1
2512  7.1648567e-04 1.83e-04 4.99e-03  -4.1 1.55e-02    -  1.00e+00 1.00e+00h  1
2513  7.4888947e-04 7.76e-05 4.18e-03  -4.1 9.87e-03    -  1.00e+00 1.00e+00h  1
2514  7.1067867e-04 3.39e-05 3.96e-03  -4.1 6.44e-03    -  1.00e+00 1.00e+00h  1
2515  7.0721643e-04 1.71e-05 7.11e-03  -4.1 4.62e-03    -  1.00e+00 1.00e+00h  1
2516  7.0893605e-04 8.54e-06 2.47e-03  -4.1 3.40e-03    -  1.00e+00 1.00e+00h  1
2517  7.0817377e-04 3.62e-07 7.41e-04  -4.1 7.50e-04    -  1.00e+00 1.00e+00h  1
2518  7.0792374e-04 4.18e-08 1.01e-03  -6.1 2.37e-04    -  1.00e+00 1.00e+00h  1
2519  7.0749743e-04 9.54e-06 2.81e-03  -6.1 1.36e-02    -  1.00e+00 2.50e-01h  3
iter    objective    inf_pr   inf_du lg(mu)  ||d||  lg(rg) alpha_du alpha_pr  ls
2520  7.0446175e-04 7.88e-06 9.09e-03  -6.1 4.38e-03    -  1.00e+00 3.34e-01h  2
2521  7.0402677e-04 3.84e-06 6.12e-03  -6.1 1.16e-03    -  1.00e+00 5.00e-01h  2
2522  7.0333089e-04 2.23e-08 2.18e-04  -6.1 3.61e-04    -  1.00e+00 1.00e+00h  1
2523  7.0321176e-04 3.33e-09 6.01e-05  -6.1 7.61e-05    -  1.00e+00 1.00e+00h  1
2524  7.0321045e-04 2.69e-09 1.37e-05  -6.1 5.30e-05    -  1.00e+00 1.00e+00h  1
2525  7.0302530e-04 3.37e-06 2.47e-04  -6.1 1.86e-03    -  1.00e+00 1.00e+00h  1
2526  7.0326690e-04 2.62e-09 5.04e-04  -6.1 3.20e-03    -  1.00e+00 1.00e+00H  1
2527  7.0325501e-04 2.80e-09 1.34e-03  -6.1 1.08e-02    -  1.00e+00 7.81e-03h  8
2528  7.0284520e-04 2.62e-06 5.01e-05  -6.1 2.02e-03    -  1.00e+00 1.00e+00h  1
2529  7.0281515e-04 4.91e-07 1.46e-04  -6.1 9.22e-04    -  1.00e+00 1.00e+00h  1
iter    objective    inf_pr   inf_du lg(mu)  ||d||  lg(rg) alpha_du alpha_pr  ls
2530  1.1586305e-03 5.34e-03 6.15e-02  -4.0 1.03e-01    -  1.00e+00 1.00e+00f  1
2531  2.2198487e-03 3.53e-03 2.43e-02  -4.1 1.76e-01    -  1.00e+00 1.00e+00h  1
2532  1.4799638e-03 3.69e-03 5.36e-02  -4.1 2.34e-01    -  8.29e-01 2.50e-01h  3
2533  1.0909504e-03 3.25e-03 1.64e-02  -4.1 4.29e-01    -  1.00e+00 8.58e-02H  1
2534  1.0015274e-03 1.55e-03 4.08e-03  -4.1 1.24e-01    -  1.00e+00 1.00e+00f  1
2535  9.0940523e-04 1.59e-03 1.76e-02  -4.1 2.83e-01    -  1.00e+00 1.25e-01h  4
2536  9.6280905e-04 5.27e-04 3.12e-03  -4.1 1.26e-01    -  1.00e+00 1.00e+00h  1
2537  9.5638605e-04 7.06e-04 9.40e-03  -4.1 3.30e-02    -  1.00e+00 1.00e+00h  1
2538  7.1196919e-04 5.39e-04 4.11e-03  -4.1 3.82e-02    -  1.00e+00 1.00e+00h  1
2539  7.4771605e-04 1.22e-04 1.34e-02  -4.1 1.24e-02    -  1.00e+00 1.00e+00h  1
iter    objective    inf_pr   inf_du lg(mu)  ||d||  lg(rg) alpha_du alpha_pr  ls
2540  7.0938287e-04 1.12e-04 9.89e-04  -4.1 1.16e-02    -  1.00e+00 1.00e+00h  1
2541  7.0848412e-04 1.69e-06 2.19e-03  -4.1 1.53e-03    -  1.00e+00 1.00e+00h  1
2542  7.1066408e-04 4.62e-06 5.09e-03  -4.1 2.14e-03    -  1.00e+00 1.00e+00h  1
2543  7.0916150e-04 1.43e-06 1.84e-03  -4.1 1.73e-03    -  1.00e+00 1.00e+00h  1
2544  7.0893995e-04 9.60e-07 3.23e-03  -4.1 1.00e-03    -  1.00e+00 1.00e+00h  1
2545  7.0908824e-04 4.34e-07 6.11e-04  -4.1 6.51e-04    -  1.00e+00 1.00e+00h  1
2546  7.0880034e-04 3.78e-08 7.10e-04  -6.1 5.41e-04    -  1.00e+00 1.00e+00h  1
2547  7.0741042e-04 6.81e-06 4.89e-04  -6.1 4.85e-02    -  1.00e+00 1.25e-01h  4
2548  7.0423907e-04 9.07e-06 7.75e-03  -6.1 7.81e-03    -  1.00e+00 4.01e-01h  2
2549  7.0412630e-04 8.62e-06 1.66e-02  -6.1 1.09e-02    -  1.00e+00 4.26e-01h  2
iter    objective    inf_pr   inf_du lg(mu)  ||d||  lg(rg) alpha_du alpha_pr  ls
2550  7.0402404e-04 4.48e-07 1.43e-04  -6.1 7.73e-04    -  1.00e+00 1.00e+00h  1
2551  7.0303338e-04 9.40e-08 8.19e-05  -6.1 6.35e-04    -  1.00e+00 1.00e+00h  1
2552  7.0297858e-04 3.00e-08 2.91e-05  -6.1 1.94e-04    -  1.00e+00 1.00e+00h  1
2553  1.0110765e-03 5.77e-03 2.31e-01  -4.0 1.16e-01    -  1.00e+00 1.00e+00f  1
2554  8.8918506e-04 1.27e-03 7.05e-02  -4.1 1.07e-01    -  1.00e+00 1.00e+00h  1
2555  5.4843091e-03 5.85e-04 7.31e-03  -4.1 4.39e-02    -  1.00e+00 1.00e+00H  1
2556  9.2472959e-04 7.52e-04 1.41e-02  -4.1 3.57e-02    -  1.00e+00 8.48e-01h  1
2557  7.9360455e-04 1.71e-04 6.00e-03  -4.1 2.09e-02    -  1.00e+00 1.00e+00f  1
2558  7.2288098e-04 7.71e-05 6.64e-03  -4.1 3.16e-02    -  1.00e+00 1.00e+00h  1
2559  1.0195658e-03 6.64e-05 2.72e-02  -4.1 3.50e-02    -  1.00e+00 1.00e+00h  1
iter    objective    inf_pr   inf_du lg(mu)  ||d||  lg(rg) alpha_du alpha_pr  ls
2560  7.0970030e-04 3.02e-05 7.27e-03  -4.1 1.97e-02    -  1.00e+00 1.00e+00h  1
2561  7.0939906e-04 8.97e-06 7.34e-03  -4.1 3.45e-03    -  1.00e+00 1.00e+00h  1
2562  7.0977688e-04 1.95e-06 1.85e-03  -4.1 1.25e-03    -  1.00e+00 1.00e+00h  1
2563  7.0927867e-04 3.64e-07 1.22e-03  -4.1 6.47e-04    -  1.00e+00 1.00e+00h  1
2564  7.0949027e-04 1.34e-07 1.06e-03  -4.1 5.20e-04    -  1.00e+00 1.00e+00h  1
2565  7.0941443e-04 2.94e-08 6.46e-04  -4.1 2.00e-04    -  1.00e+00 1.00e+00h  1
2566  7.0895955e-04 3.05e-07 1.07e-03  -6.1 5.97e-04    -  1.00e+00 1.00e+00h  1
2567  7.0654186e-04 6.73e-05 1.02e-03  -6.1 3.43e-02    -  1.00e+00 2.50e-01h  3
2568  7.0568168e-04 6.26e-05 1.85e-02  -6.1 1.97e-02    -  1.00e+00 2.15e-01h  2
2569  7.0443538e-04 3.14e-05 1.32e-02  -6.1 1.63e-02    -  1.00e+00 5.00e-01h  2
iter    objective    inf_pr   inf_du lg(mu)  ||d||  lg(rg) alpha_du alpha_pr  ls
2570  7.0375169e-04 5.21e-06 5.83e-04  -6.1 4.98e-03    -  1.00e+00 1.00e+00h  1
2571  7.0512886e-04 7.79e-08 2.75e-04  -6.1 7.50e-03    -  1.00e+00 1.00e+00H  1
2572  7.0285216e-04 9.61e-07 8.07e-05  -6.1 6.90e-03    -  1.00e+00 1.00e+00h  1
2573  7.0279363e-04 8.93e-08 5.68e-05  -6.1 3.79e-04    -  1.00e+00 1.00e+00h  1
2574  9.9471337e-04 6.95e-03 1.01e-01  -4.0 1.02e-01    -  1.00e+00 1.00e+00f  1
2575  9.6023056e-04 2.87e-03 2.74e-02  -4.1 5.55e-02    -  1.00e+00 1.00e+00h  1
2576  5.1067717e-03 1.62e-03 3.76e-02  -4.1 5.58e-02    -  7.13e-01 1.00e+00h  1
2577  1.1702922e-03 1.08e-03 1.95e-02  -4.1 5.19e-02    -  1.00e+00 6.80e-01h  1
2578  7.7484320e-04 1.16e-03 2.00e-02  -4.1 4.19e-02    -  1.00e+00 1.00e+00f  1
2579  7.1066288e-04 1.04e-03 4.12e-02  -4.1 1.47e-01    -  1.00e+00 1.25e-01h  4
iter    objective    inf_pr   inf_du lg(mu)  ||d||  lg(rg) alpha_du alpha_pr  ls
2580  7.1201457e-04 8.40e-05 3.70e-03  -4.1 1.20e-02    -  1.00e+00 1.00e+00h  1
2581  7.7944859e-04 2.37e-04 2.69e-02  -4.1 2.20e-02    -  1.00e+00 1.00e+00h  1
2582  7.2423524e-04 1.10e-04 6.26e-03  -4.1 1.30e-02    -  1.00e+00 1.00e+00h  1
2583  7.2279344e-04 1.20e-04 1.50e-02  -4.1 1.49e-02    -  1.00e+00 1.00e+00h  1
2584  7.0959954e-04 3.89e-05 2.67e-03  -4.1 9.06e-03    -  1.00e+00 1.00e+00h  1
2585  7.0882775e-04 2.63e-05 9.94e-03  -4.1 6.47e-03    -  1.00e+00 1.00e+00h  1
2586  7.1010852e-04 2.08e-05 4.84e-03  -4.1 5.79e-03    -  1.00e+00 1.00e+00h  1
2587  7.0780289e-04 2.17e-06 4.19e-03  -4.1 1.99e-03    -  1.00e+00 1.00e+00h  1
2588  7.0823919e-04 1.40e-06 3.97e-03  -4.1 1.90e-03    -  1.00e+00 1.00e+00h  1
2589  7.0848831e-04 8.71e-07 1.11e-03  -4.1 9.89e-04    -  1.00e+00 1.00e+00h  1
iter    objective    inf_pr   inf_du lg(mu)  ||d||  lg(rg) alpha_du alpha_pr  ls
2590  7.0823459e-04 6.86e-08 4.59e-04  -4.1 3.03e-04    -  1.00e+00 1.00e+00h  1
2591  7.0777056e-04 3.16e-07 1.06e-03  -6.1 7.28e-04    -  1.00e+00 1.00e+00h  1
2592  7.0657713e-04 3.04e-06 1.14e-03  -6.1 2.25e-03    -  1.00e+00 1.00e+00h  1
2593  7.0565429e-04 1.52e-05 2.78e-02  -6.1 6.88e-02    -  1.00e+00 6.65e-02h  3
2594  7.0475750e-04 1.73e-06 3.55e-04  -6.1 2.15e-03    -  1.00e+00 1.00e+00h  1
2595  7.0304328e-04 3.79e-07 8.68e-05  -6.1 7.54e-04    -  1.00e+00 1.00e+00h  1
2596  7.0294160e-04 1.15e-07 3.30e-05  -6.1 4.19e-04    -  1.00e+00 1.00e+00h  1
2597  7.0271308e-04 8.73e-07 1.32e-04  -6.1 1.08e-03    -  1.00e+00 1.00e+00h  1
2598  9.3381751e-04 5.22e-04 1.41e-01  -4.0 1.11e-01    -  1.00e+00 2.50e-01f  3
2599  7.2096469e-04 2.18e-04 3.27e-03  -4.1 1.86e-02    -  1.00e+00 1.00e+00h  1
iter    objective    inf_pr   inf_du lg(mu)  ||d||  lg(rg) alpha_du alpha_pr  ls
2600  7.0529344e-04 4.34e-04 1.53e-02  -4.1 2.26e-02    -  1.00e+00 1.00e+00h  1
2601  7.0465171e-04 2.01e-04 1.13e-03  -4.1 1.53e-02    -  1.00e+00 1.00e+00h  1
2602  7.0952100e-04 1.71e-05 2.38e-03  -4.1 4.76e-03    -  1.00e+00 1.00e+00h  1
2603  7.0542135e-04 1.29e-05 7.33e-03  -4.1 3.73e-03    -  1.00e+00 1.00e+00h  1
2604  7.0832049e-04 7.26e-06 1.33e-03  -4.1 2.69e-03    -  1.00e+00 1.00e+00h  1
2605  7.0791635e-04 1.45e-07 5.49e-04  -4.1 4.15e-04    -  1.00e+00 1.00e+00h  1
2606  7.0764391e-04 5.39e-08 9.42e-04  -6.1 2.78e-04    -  1.00e+00 1.00e+00h  1
2607  7.0421677e-04 5.26e-05 1.95e-02  -6.1 7.42e-02    -  1.00e+00 1.21e-01h  3
2608  7.0267951e-04 8.94e-06 1.62e-04  -6.1 4.41e-03    -  1.00e+00 1.00e+00h  1
2609  7.0355747e-04 4.51e-06 7.85e-04  -6.1 5.80e-04    -  1.00e+00 5.00e-01h  2
iter    objective    inf_pr   inf_du lg(mu)  ||d||  lg(rg) alpha_du alpha_pr  ls
2610  7.0271185e-04 3.38e-08 3.23e-05  -6.1 2.62e-04    -  1.00e+00 1.00e+00h  1
2611  9.7346672e-04 6.98e-03 2.64e-01  -4.0 1.04e-01    -  1.00e+00 1.00e+00f  1
2612  7.8100741e-04 1.83e-03 6.63e-02  -4.1 5.20e-02    -  1.00e+00 1.00e+00h  1
2613  7.2907749e-04 4.92e-04 1.63e-02  -4.1 2.73e-02    -  1.00e+00 1.00e+00h  1
2614  7.1265643e-04 1.92e-04 2.36e-03  -4.1 1.64e-02    -  1.00e+00 1.00e+00h  1
2615  7.2584732e-04 3.98e-05 5.85e-03  -4.1 7.79e-03    -  1.00e+00 1.00e+00h  1
2616  7.1265319e-04 6.86e-05 1.16e-02  -4.1 1.04e-02    -  1.00e+00 1.00e+00h  1
2617  7.0874749e-04 2.61e-05 3.45e-03  -4.1 6.55e-03    -  1.00e+00 1.00e+00h  1
2618  7.0890521e-04 7.07e-06 7.64e-03  -4.1 3.36e-03    -  1.00e+00 1.00e+00h  1
2619  7.0818938e-04 3.18e-06 4.24e-03  -4.1 2.17e-03    -  1.00e+00 1.00e+00h  1
iter    objective    inf_pr   inf_du lg(mu)  ||d||  lg(rg) alpha_du alpha_pr  ls
2620  7.0773755e-04 6.15e-07 1.68e-03  -4.1 7.95e-04    -  1.00e+00 1.00e+00h  1
2621  7.0805208e-04 8.52e-08 2.12e-04  -4.1 3.66e-04    -  1.00e+00 1.00e+00h  1
2622  7.0781214e-04 3.82e-08 1.01e-03  -6.1 2.24e-04    -  1.00e+00 1.00e+00h  1
2623  6.9600812e-04 3.64e-04 8.92e-03  -6.1 6.68e-02    -  1.00e+00 3.29e-01h  2
2624  8.8992932e-04 1.36e-03 4.56e-03  -4.0 4.23e-02    -  1.00e+00 1.00e+00h  1
2625  8.4789586e-04 6.87e-05 4.78e-03  -4.1 1.05e-02    -  1.00e+00 1.00e+00h  1
2626  7.0423658e-04 7.60e-04 3.99e-03  -4.1 3.16e-02    -  1.00e+00 1.00e+00h  1
2627  8.5234414e-04 4.90e-04 2.29e-03  -4.1 2.52e-02    -  1.00e+00 1.00e+00h  1
2628  7.1901197e-04 5.27e-06 3.10e-03  -4.1 4.82e-03    -  1.00e+00 1.00e+00h  1
2629  6.9767713e-04 2.10e-04 1.02e-01  -4.1 3.49e-02    -  1.00e+00 5.00e-01h  2
iter    objective    inf_pr   inf_du lg(mu)  ||d||  lg(rg) alpha_du alpha_pr  ls
2630  7.0789206e-04 9.40e-05 1.30e-03  -4.1 1.11e-02    -  1.00e+00 1.00e+00h  1
2631  7.3036020e-04 5.57e-05 5.52e-02  -4.1 7.56e-03    -  1.00e+00 5.00e-01h  2
2632  7.0602036e-04 7.78e-06 3.96e-03  -4.1 3.43e-03    -  1.00e+00 1.00e+00h  1
2633  7.1199122e-04 1.05e-05 7.97e-03  -4.1 4.01e-03    -  1.00e+00 1.00e+00h  1
2634  7.0769705e-04 4.27e-06 1.05e-03  -4.1 2.37e-03    -  1.00e+00 1.00e+00h  1
2635  7.0792208e-04 7.84e-08 7.18e-04  -4.1 4.34e-04    -  1.00e+00 1.00e+00h  1
2636  7.0755697e-04 1.13e-07 9.59e-04  -6.1 3.95e-04    -  1.00e+00 1.00e+00h  1
2637  7.0649197e-04 1.67e-04 3.68e-02  -6.1 1.12e-01    -  1.00e+00 1.37e-01h  2
2638  7.0212685e-04 9.60e-05 2.68e-03  -6.1 8.57e-03    -  1.00e+00 5.00e-01h  2
2639  7.0429158e-04 5.37e-05 5.27e-03  -6.1 5.71e-03    -  1.00e+00 5.00e-01h  2
iter    objective    inf_pr   inf_du lg(mu)  ||d||  lg(rg) alpha_du alpha_pr  ls
2640  7.0354253e-04 9.09e-06 8.58e-04  -6.1 3.53e-03    -  1.00e+00 1.00e+00h  1
2641  7.0307214e-04 8.91e-07 2.23e-04  -6.1 1.11e-03    -  1.00e+00 1.00e+00h  1
2642  7.0260209e-04 1.62e-08 3.79e-05  -6.1 2.28e-04    -  1.00e+00 1.00e+00h  1
2643  9.0261737e-04 7.03e-03 2.11e-01  -4.0 1.02e-01    -  1.00e+00 1.00e+00f  1
2644  7.6925284e-04 1.97e-03 5.18e-02  -4.1 5.13e-02    -  1.00e+00 1.00e+00h  1
2645  1.3429642e-03 5.39e-04 1.13e-02  -4.1 2.60e-02    -  1.00e+00 1.00e+00h  1
2646  7.0795179e-04 2.39e-04 2.74e-03  -4.1 2.16e-02    -  1.00e+00 1.00e+00h  1
2647  7.0923037e-04 3.50e-05 3.39e-03  -4.1 8.31e-03    -  1.00e+00 1.00e+00h  1
2648  7.0829545e-04 9.78e-06 1.84e-02  -4.1 6.86e-03    -  1.00e+00 1.00e+00H  1
2649  7.0735540e-04 2.59e-05 2.54e-03  -4.1 5.19e-03    -  1.00e+00 1.00e+00h  1
iter    objective    inf_pr   inf_du lg(mu)  ||d||  lg(rg) alpha_du alpha_pr  ls
2650  7.1257602e-04 7.95e-06 7.73e-03  -4.1 3.78e-03    -  1.00e+00 1.00e+00h  1
2651  7.0807346e-04 7.31e-06 3.23e-03  -4.1 3.90e-03    -  1.00e+00 1.00e+00h  1
2652  7.0951925e-04 2.35e-06 4.60e-03  -4.1 1.68e-03    -  1.00e+00 1.00e+00h  1
2653  7.0819380e-04 1.14e-06 5.88e-04  -4.1 1.02e-03    -  1.00e+00 1.00e+00h  1
2654  7.0788488e-04 4.95e-08 9.61e-04  -6.1 2.98e-04    -  1.00e+00 1.00e+00h  1
2655  7.0684129e-04 1.39e-05 7.90e-03  -6.1 9.81e-03    -  1.00e+00 5.00e-01h  2
2656  7.0371700e-04 1.20e-05 2.07e-02  -6.1 6.30e-03    -  1.00e+00 1.84e-01h  2
2657  7.0452430e-04 1.68e-06 3.83e-04  -6.1 2.35e-03    -  1.00e+00 1.00e+00h  1
2658  7.0245385e-04 3.24e-07 7.62e-05  -6.1 1.08e-03    -  1.00e+00 1.00e+00h  1
2659  8.5181928e-04 4.37e-03 1.99e-01  -4.0 8.69e-02    -  1.00e+00 1.00e+00f  1
iter    objective    inf_pr   inf_du lg(mu)  ||d||  lg(rg) alpha_du alpha_pr  ls
2660  7.6027436e-04 1.16e-03 5.00e-02  -4.1 4.37e-02    -  1.00e+00 1.00e+00h  1
2661  7.8273659e-04 3.89e-04 1.23e-02  -4.1 2.43e-02    -  1.00e+00 1.00e+00h  1
2662  7.5981078e-04 2.50e-04 5.73e-02  -4.1 2.51e-02    -  1.00e+00 5.00e-01h  2
2663  7.1547651e-04 4.42e-06 1.29e-03  -4.1 2.83e-03    -  1.00e+00 1.00e+00h  1
2664  7.0657139e-04 4.93e-05 2.40e-02  -4.1 9.10e-03    -  1.00e+00 1.00e+00h  1
2665  7.0709609e-04 1.83e-05 4.25e-03  -4.1 5.31e-03    -  1.00e+00 1.00e+00h  1
2666  7.0997382e-04 6.00e-06 4.32e-03  -4.1 3.20e-03    -  1.00e+00 1.00e+00h  1
2667  7.0900695e-04 1.58e-06 4.18e-03  -4.1 1.25e-03    -  1.00e+00 1.00e+00h  1
2668  7.0784856e-04 5.07e-07 1.61e-03  -4.1 9.38e-04    -  1.00e+00 1.00e+00h  1
2669  7.0808388e-04 7.92e-08 5.54e-04  -4.1 3.24e-04    -  1.00e+00 1.00e+00h  1
iter    objective    inf_pr   inf_du lg(mu)  ||d||  lg(rg) alpha_du alpha_pr  ls
2670  7.0784434e-04 2.98e-08 9.70e-04  -6.1 2.48e-04    -  1.00e+00 1.00e+00h  1
2671  7.0410304e-04 5.86e-05 4.16e-02  -6.1 1.90e-01    -  1.00e+00 5.82e-02h  3
2672  7.0263973e-04 3.23e-05 7.13e-03  -6.1 5.81e-03    -  1.00e+00 5.00e-01h  2
2673  7.0452664e-04 9.60e-06 1.18e-03  -6.1 4.23e-03    -  1.00e+00 1.00e+00h  1
2674  7.0213264e-04 3.59e-07 8.40e-05  -6.1 1.00e-03    -  1.00e+00 1.00e+00h  1
2675  8.8592978e-04 5.79e-03 1.71e-01  -4.0 1.10e-01    -  1.00e+00 1.00e+00f  1
2676  7.6968388e-04 1.59e-03 4.28e-02  -4.1 5.59e-02    -  1.00e+00 1.00e+00h  1
2677  7.9107909e-04 4.87e-04 1.11e-02  -4.1 2.86e-02    -  1.00e+00 1.00e+00h  1
2678  7.4505560e-04 3.36e-04 4.00e-02  -4.1 3.24e-02    -  1.00e+00 5.00e-01h  2
2679  7.1779239e-04 7.20e-06 9.73e-04  -4.1 3.61e-03    -  1.00e+00 1.00e+00h  1
iter    objective    inf_pr   inf_du lg(mu)  ||d||  lg(rg) alpha_du alpha_pr  ls
2680  7.1633541e-04 1.60e-05 1.65e-02  -4.1 4.44e-03    -  1.00e+00 1.00e+00h  1
2681  7.0929471e-04 9.69e-06 4.80e-03  -4.1 2.85e-03    -  1.00e+00 1.00e+00h  1
2682  7.0957410e-04 4.61e-05 1.96e-02  -4.1 8.96e-03    -  1.00e+00 1.00e+00h  1
2683  7.0631737e-04 1.92e-05 4.81e-03  -4.1 5.80e-03    -  1.00e+00 1.00e+00h  1
2684  7.0789419e-04 1.20e-05 7.35e-02  -4.1 3.94e-03    -  1.00e+00 5.00e-01h  2
2685  7.0844737e-04 5.61e-07 1.54e-03  -4.1 8.37e-04    -  1.00e+00 1.00e+00h  1
2686  7.0792198e-04 7.43e-08 2.70e-04  -4.1 3.43e-04    -  1.00e+00 1.00e+00h  1
2687  7.0763469e-04 4.72e-08 9.74e-04  -6.1 2.66e-04    -  1.00e+00 1.00e+00h  1
2688  7.0058034e-04 7.92e-05 1.99e-04  -6.1 1.06e-02    -  1.00e+00 1.00e+00h  1
2689  6.9880068e-04 4.76e-05 8.10e-03  -6.1 5.91e-03    -  1.00e+00 4.09e-01h  2
iter    objective    inf_pr   inf_du lg(mu)  ||d||  lg(rg) alpha_du alpha_pr  ls
2690  8.0291612e-04 3.10e-03 3.10e-02  -4.0 7.71e-02    -  1.00e+00 1.00e+00h  1
2691  7.3949450e-04 1.04e-03 7.62e-03  -4.1 3.99e-02    -  1.00e+00 1.00e+00h  1
2692  2.6447153e-03 9.37e-04 3.61e-03  -4.1 3.41e-02    -  1.00e+00 1.00e+00h  1
2693  7.1777321e-04 2.99e-04 3.31e-03  -4.1 1.94e-02    -  1.00e+00 1.00e+00h  1
2694  7.0074337e-04 2.85e-04 5.78e-03  -4.1 2.27e-02    -  1.00e+00 1.00e+00h  1
2695  8.1795724e-04 2.80e-04 8.90e-03  -4.1 1.99e-02    -  1.00e+00 1.00e+00h  1
2696  7.2162987e-04 1.48e-04 5.16e-03  -4.1 1.58e-02    -  1.00e+00 1.00e+00h  1
2697  7.0222208e-04 7.40e-05 1.15e-02  -4.1 1.20e-02    -  1.00e+00 1.00e+00h  1
2698  7.1125055e-04 6.06e-05 3.59e-03  -4.1 1.02e-02    -  1.00e+00 1.00e+00h  1
2699  7.1455026e-04 3.97e-05 1.22e-02  -4.1 8.44e-03    -  1.00e+00 1.00e+00h  1
iter    objective    inf_pr   inf_du lg(mu)  ||d||  lg(rg) alpha_du alpha_pr  ls
2700  7.0722723e-04 2.57e-05 4.66e-03  -4.1 7.69e-03    -  1.00e+00 1.00e+00h  1
2701  7.0983740e-04 3.53e-06 3.50e-03  -4.1 2.65e-03    -  1.00e+00 1.00e+00h  1
2702  7.0806251e-04 5.92e-07 5.75e-04  -4.1 8.16e-04    -  1.00e+00 1.00e+00h  1
2703  7.0762246e-04 1.94e-07 8.49e-04  -6.1 5.03e-04    -  1.00e+00 1.00e+00h  1
2704  7.0675069e-04 1.20e-06 9.86e-04  -6.1 1.11e-03    -  1.00e+00 1.00e+00h  1
2705  7.0614077e-04 3.17e-05 1.64e-02  -6.1 2.68e-02    -  1.00e+00 2.03e-01h  2
2706  7.0480273e-04 1.60e-06 3.11e-04  -6.1 1.48e-03    -  1.00e+00 1.00e+00h  1
2707  7.0311287e-04 1.66e-07 2.38e-04  -6.1 5.27e-04    -  1.00e+00 1.00e+00h  1
2708  7.0290277e-04 4.26e-08 1.53e-04  -6.1 3.25e-04    -  1.00e+00 1.00e+00h  1
2709  1.0147034e-03 1.18e-02 2.34e-01  -4.0 1.31e-01    -  1.00e+00 1.00e+00f  1
iter    objective    inf_pr   inf_du lg(mu)  ||d||  lg(rg) alpha_du alpha_pr  ls
2710  7.9429304e-04 3.15e-03 5.80e-02  -4.1 6.56e-02    -  1.00e+00 1.00e+00h  1
2711  7.6952642e-04 1.08e-03 1.47e-02  -4.1 3.27e-02    -  1.00e+00 1.00e+00h  1
2712  1.9517150e-03 1.20e-03 3.90e-03  -4.1 3.48e-02    -  1.00e+00 1.00e+00H  1
2713  7.2350421e-04 1.52e-03 5.16e-03  -4.1 4.48e-02    -  1.00e+00 1.00e+00h  1
2714  7.3957135e-04 5.04e-04 4.93e-03  -4.1 2.14e-02    -  1.00e+00 1.00e+00h  1
2715  8.9896827e-04 2.71e-04 9.94e-03  -4.1 2.00e-02    -  1.00e+00 9.31e-01h  1
2716  7.1127011e-04 2.78e-04 1.39e-03  -4.1 1.60e-02    -  1.00e+00 1.00e+00f  1
2717  7.2113398e-04 4.16e-05 3.60e-03  -4.1 7.04e-03    -  1.00e+00 1.00e+00h  1
2718  7.1134875e-04 1.60e-04 2.09e-02  -4.1 1.36e-02    -  1.00e+00 1.00e+00h  1
2719  7.0800675e-04 8.37e-05 5.53e-03  -4.1 9.56e-03    -  1.00e+00 1.00e+00h  1
iter    objective    inf_pr   inf_du lg(mu)  ||d||  lg(rg) alpha_du alpha_pr  ls
2720  7.0919503e-04 5.57e-05 1.85e-02  -4.1 7.86e-03    -  1.00e+00 5.00e-01h  2
2721  7.0880261e-04 3.15e-07 1.04e-03  -4.1 6.47e-04    -  1.00e+00 1.00e+00h  1
2722  7.0888943e-04 4.45e-07 1.68e-03  -4.1 5.99e-04    -  1.00e+00 1.00e+00h  1
2723  7.0849257e-04 1.30e-07 1.11e-03  -4.1 3.16e-04    -  1.00e+00 1.00e+00h  1
2724  7.0832903e-04 1.51e-07 1.11e-03  -4.1 4.49e-04    -  1.00e+00 1.00e+00h  1
2725  7.0827962e-04 2.41e-06 4.73e-03  -4.1 1.42e-03    -  1.00e+00 1.00e+00h  1
2726  7.0803694e-04 2.75e-07 4.28e-03  -4.1 6.62e-04    -  1.00e+00 1.00e+00h  1
2727  7.0798340e-04 3.21e-08 4.50e-04  -4.1 2.02e-04    -  1.00e+00 1.00e+00h  1
2728  7.0773470e-04 8.18e-08 1.03e-03  -6.1 3.42e-04    -  1.00e+00 1.00e+00h  1
2729  7.0552427e-04 2.40e-05 1.21e-03  -6.1 2.15e-02    -  1.00e+00 2.50e-01h  3
iter    objective    inf_pr   inf_du lg(mu)  ||d||  lg(rg) alpha_du alpha_pr  ls
2730  7.0330351e-04 1.68e-05 1.95e-02  -6.1 6.46e-03    -  1.00e+00 2.10e-01h  2
2731  7.2239251e-04 4.41e-08 1.57e-03  -6.1 8.05e-03    -  1.00e+00 1.00e+00H  1
2732  7.0246571e-04 3.98e-05 4.65e-04  -6.1 5.53e-03    -  1.00e+00 1.00e+00h  1
2733  7.0263588e-04 1.69e-07 9.90e-05  -6.1 3.70e-04    -  1.00e+00 1.00e+00h  1
2734  7.0272824e-04 5.53e-09 2.79e-04  -6.1 1.26e-03    -  1.00e+00 1.00e+00H  1
2735  1.0852022e-03 7.08e-03 9.15e-02  -4.0 9.63e-02    -  1.00e+00 1.00e+00f  1
2736  7.7941701e-04 3.89e-03 2.53e-02  -4.1 5.45e-02    -  1.00e+00 1.00e+00h  1
2737  9.9390080e-04 1.85e-03 1.35e-02  -4.1 4.78e-02    -  1.00e+00 1.00e+00h  1
2738  7.1783601e-04 1.47e-03 4.87e-03  -4.1 4.43e-02    -  1.00e+00 1.00e+00h  1
2739  8.1882548e-04 1.47e-03 1.34e-02  -4.1 3.22e-02    -  1.00e+00 1.00e+00h  1
iter    objective    inf_pr   inf_du lg(mu)  ||d||  lg(rg) alpha_du alpha_pr  ls
2740  7.4415784e-04 5.79e-04 4.11e-03  -4.1 2.42e-02    -  1.00e+00 1.00e+00h  1
2741  7.2674866e-04 3.85e-04 2.13e-01  -4.1 3.27e-02    -  1.00e+00 3.60e-01H  1
2742  7.0900897e-04 1.63e-04 5.43e-03  -4.1 1.06e-02    -  1.00e+00 1.00e+00f  1
2743  7.1815131e-04 4.28e-04 2.38e-02  -4.1 2.22e-02    -  1.00e+00 1.00e+00h  1
2744  7.1949653e-04 1.97e-04 4.14e-03  -4.1 1.28e-02    -  1.00e+00 1.00e+00h  1
2745  8.7516269e-04 7.57e-05 2.57e-02  -4.1 1.34e-02    -  1.00e+00 9.08e-01H  1
2746  7.1027101e-04 1.41e-04 5.78e-03  -4.1 1.08e-02    -  1.00e+00 1.00e+00f  1
2747  7.0850010e-04 4.67e-05 7.25e-03  -4.1 8.29e-03    -  1.00e+00 1.00e+00h  1
2748  7.0830456e-04 1.82e-05 2.62e-03  -4.1 4.95e-03    -  1.00e+00 1.00e+00h  1
2749  7.0864788e-04 1.72e-06 2.65e-03  -4.1 1.23e-03    -  1.00e+00 1.00e+00h  1
iter    objective    inf_pr   inf_du lg(mu)  ||d||  lg(rg) alpha_du alpha_pr  ls
2750  7.0817511e-04 3.07e-07 1.39e-03  -4.1 6.91e-04    -  1.00e+00 1.00e+00h  1
2751  7.0835408e-04 8.06e-08 4.87e-04  -4.1 2.86e-04    -  1.00e+00 1.00e+00h  1
2752  7.0818581e-04 3.05e-08 9.15e-04  -6.1 1.88e-04    -  1.00e+00 1.00e+00h  1
2753  7.0635233e-04 1.71e-05 2.96e-03  -6.1 3.54e-02    -  1.00e+00 1.25e-01h  4
2754  7.0441256e-04 1.25e-05 1.23e-02  -6.1 3.90e-03    -  1.00e+00 3.23e-01h  2
2755  7.0717424e-04 2.28e-07 3.99e-04  -6.1 3.49e-03    -  1.00e+00 1.00e+00H  1
2756  7.0469325e-04 7.74e-08 3.01e-04  -6.1 4.53e-04    -  1.00e+00 1.00e+00h  1
2757  7.0317981e-04 1.72e-07 1.33e-04  -6.1 5.51e-04    -  1.00e+00 1.00e+00h  1
2758  7.0320283e-04 2.22e-08 3.53e-05  -6.1 1.62e-04    -  1.00e+00 1.00e+00h  1
2759  7.0299977e-04 8.54e-07 1.29e-04  -6.1 9.39e-04    -  1.00e+00 1.00e+00h  1
iter    objective    inf_pr   inf_du lg(mu)  ||d||  lg(rg) alpha_du alpha_pr  ls
2760  7.0350004e-04 7.78e-09 7.26e-04  -6.1 4.60e-03    -  1.00e+00 1.00e+00H  1
2761  7.0345401e-04 1.26e-09 5.56e-04  -6.1 1.04e-03    -  1.00e+00 1.00e+00H  1
2762  7.0326879e-04 9.62e-10 1.16e-04  -6.1 2.04e-03    -  1.00e+00 1.00e+00H  1
2763  7.0263546e-04 7.17e-07 2.60e-04  -6.1 1.13e-03    -  1.00e+00 1.00e+00h  1
2764  7.0253149e-04 1.08e-06 9.71e-05  -6.1 1.21e-03    -  1.00e+00 1.00e+00h  1
2765  7.0252940e-04 2.01e-07 1.07e-04  -6.1 6.06e-04    -  1.00e+00 1.00e+00h  1
2766  1.0492262e-03 9.47e-03 8.35e-02  -4.0 1.21e-01    -  1.00e+00 1.00e+00f  1
2767  3.0810072e-03 5.81e-03 2.54e-02  -4.1 9.39e-02    -  1.00e+00 1.00e+00h  1
2768  1.6638936e-03 4.40e-03 5.95e-02  -4.1 1.95e-01    -  8.36e-01 2.50e-01h  3
2769  1.2751798e-03 6.29e-03 1.89e-02  -4.1 3.95e-01    -  1.00e+00 2.50e-01h  3
iter    objective    inf_pr   inf_du lg(mu)  ||d||  lg(rg) alpha_du alpha_pr  ls
2770  2.0845554e-03 2.75e-03 2.96e-02  -4.1 1.87e-01    -  1.00e+00 6.29e-01H  1
2771  1.4830329e-03 2.90e-03 3.18e-02  -4.1 9.39e-02    -  1.00e+00 5.00e-01h  2
2772  9.7544123e-04 3.47e-03 2.17e-02  -4.1 1.20e-01    -  4.91e-01 5.00e-01h  2
2773  7.4437586e-04 1.59e-03 6.85e-03  -4.1 1.28e-01    -  1.00e+00 5.98e-01H  1
2774  7.8667898e-04 1.26e-03 4.16e-03  -4.1 5.31e-02    -  1.00e+00 1.00e+00f  1
2775  8.3233134e-04 1.49e-03 8.47e-03  -4.1 6.39e-02    -  1.00e+00 1.00e+00h  1
2776  9.1941501e-04 9.47e-04 1.27e-01  -4.1 1.96e-01    -  1.00e+00 2.64e-01H  1
2777  7.0914898e-04 3.13e-04 3.77e-03  -4.1 6.40e-02    -  1.00e+00 1.00e+00f  1
2778  7.2200082e-04 2.23e-04 2.24e-01  -4.1 2.90e-02    -  1.00e+00 2.89e-01H  1
2779  7.1329980e-04 1.96e-04 4.38e-03  -4.1 1.15e-02    -  1.00e+00 1.00e+00f  1
iter    objective    inf_pr   inf_du lg(mu)  ||d||  lg(rg) alpha_du alpha_pr  ls
2780  7.5745812e-04 2.11e-04 4.30e-02  -4.1 2.74e-02    -  1.00e+00 5.00e-01h  2
2781  7.0807883e-04 1.97e-04 4.55e-03  -4.1 1.47e-02    -  1.00e+00 1.00e+00h  1
2782  7.2790888e-04 5.92e-05 8.34e-03  -4.1 9.04e-03    -  1.00e+00 1.00e+00h  1
2783  7.0757412e-04 4.70e-05 4.09e-03  -4.1 8.07e-03    -  1.00e+00 1.00e+00h  1
2784  7.0834562e-04 7.13e-06 2.71e-03  -4.1 2.84e-03    -  1.00e+00 1.00e+00h  1
2785  7.0791474e-04 2.85e-06 3.07e-03  -4.1 1.72e-03    -  1.00e+00 1.00e+00h  1
2786  7.0727163e-04 5.89e-07 2.57e-03  -4.1 7.77e-04    -  1.00e+00 1.00e+00h  1
2787  7.0773248e-04 4.45e-07 2.27e-03  -4.1 6.23e-04    -  1.00e+00 1.00e+00h  1
2788  7.0763596e-04 1.18e-07 1.15e-03  -4.1 3.98e-04    -  1.00e+00 1.00e+00h  1
2789  7.0773516e-04 1.04e-07 1.04e-03  -4.1 5.21e-04    -  1.00e+00 1.00e+00h  1
iter    objective    inf_pr   inf_du lg(mu)  ||d||  lg(rg) alpha_du alpha_pr  ls
2790  7.0757647e-04 1.50e-08 4.14e-04  -4.1 1.24e-04    -  1.00e+00 1.00e+00h  1
2791  7.0731159e-04 4.23e-08 1.17e-03  -6.1 2.47e-04    -  1.00e+00 1.00e+00h  1
2792  7.0024940e-04 1.15e-03 7.15e-03  -6.1 6.82e-02    -  1.00e+00 5.44e-01h  1
2793  6.9558327e-04 3.30e-04 7.97e-04  -6.1 1.93e-02    -  1.00e+00 1.00e+00h  1
2794  8.7789476e-04 1.84e-03 1.81e-02  -4.0 8.37e-02    -  1.00e+00 5.00e-01h  2
2795  7.0233426e-04 9.96e-04 1.82e-03  -4.1 3.39e-02    -  1.00e+00 1.00e+00h  1
2796  7.2211962e-04 1.18e-04 3.13e-03  -4.1 1.29e-02    -  1.00e+00 1.00e+00h  1
2797  7.2529741e-04 4.95e-04 1.94e-02  -4.1 2.65e-02    -  1.00e+00 1.00e+00h  1
2798  6.9943872e-04 3.01e-04 1.64e-02  -4.1 1.53e-02    -  1.00e+00 5.00e-01h  2
2799  7.1391716e-04 2.46e-04 5.95e-03  -4.1 2.17e-02    -  1.00e+00 1.00e+00h  1
iter    objective    inf_pr   inf_du lg(mu)  ||d||  lg(rg) alpha_du alpha_pr  ls
2800  7.1231848e-04 9.78e-05 4.92e-03  -4.1 9.18e-03    -  1.00e+00 1.00e+00h  1
2801  7.0690411e-04 2.86e-05 4.59e-03  -4.1 5.01e-03    -  1.00e+00 1.00e+00h  1
2802  7.1057677e-04 2.10e-05 5.91e-03  -4.1 4.11e-03    -  1.00e+00 1.00e+00h  1
2803  7.0875717e-04 7.07e-06 4.43e-03  -4.1 3.42e-03    -  1.00e+00 1.00e+00h  1
2804  7.0472043e-04 3.37e-06 1.77e-02  -4.1 3.38e-03    -  1.00e+00 1.00e+00H  1
2805  7.0680056e-04 4.45e-06 1.91e-03  -4.1 2.58e-03    -  1.00e+00 1.00e+00h  1
2806  7.0771000e-04 6.35e-07 3.58e-04  -4.1 8.71e-04    -  1.00e+00 1.00e+00h  1
2807  7.0742731e-04 4.96e-08 1.03e-03  -6.1 2.59e-04    -  1.00e+00 1.00e+00h  1
2808  7.0600352e-04 6.41e-05 1.63e-03  -6.1 4.00e-02    -  1.00e+00 2.50e-01h  3
2809  7.0174994e-04 9.24e-06 7.79e-05  -6.1 3.83e-03    -  1.00e+00 1.00e+00h  1
iter    objective    inf_pr   inf_du lg(mu)  ||d||  lg(rg) alpha_du alpha_pr  ls
2810  9.0890383e-04 6.61e-03 2.43e-01  -4.0 1.00e-01    -  1.00e+00 1.00e+00f  1
2811  7.7412678e-04 1.73e-03 6.02e-02  -4.1 5.04e-02    -  1.00e+00 1.00e+00h  1
2812  8.9436984e-04 4.47e-04 1.38e-02  -4.1 2.66e-02    -  1.00e+00 1.00e+00h  1
2813  8.3559819e-04 4.80e-04 1.67e-03  -4.1 2.57e-02    -  1.00e+00 1.00e+00h  1
2814  7.1213730e-04 1.28e-04 3.10e-03  -4.1 1.35e-02    -  1.00e+00 1.00e+00h  1
2815  7.0290209e-04 6.94e-05 5.70e-03  -4.1 1.00e-02    -  1.00e+00 1.00e+00h  1
2816  7.1021179e-04 4.72e-05 5.30e-03  -4.1 8.09e-03    -  1.00e+00 1.00e+00h  1
2817  7.0612773e-04 1.15e-05 3.43e-03  -4.1 4.00e-03    -  1.00e+00 1.00e+00h  1
2818  7.0812652e-04 2.94e-06 2.36e-03  -4.1 2.00e-03    -  1.00e+00 1.00e+00h  1
2819  7.0743722e-04 3.34e-07 3.41e-04  -4.1 6.56e-04    -  1.00e+00 1.00e+00h  1
iter    objective    inf_pr   inf_du lg(mu)  ||d||  lg(rg) alpha_du alpha_pr  ls
2820  7.0717875e-04 4.23e-08 1.04e-03  -6.1 2.43e-04    -  1.00e+00 1.00e+00h  1
2821  7.0613409e-04 2.82e-06 1.28e-02  -6.1 4.25e-02    -  1.00e+00 4.78e-02h  5
2822  7.0118567e-04 1.68e-05 5.42e-04  -6.1 4.98e-03    -  1.00e+00 1.00e+00h  1
2823  9.5478888e-04 8.39e-04 9.97e-02  -4.0 6.95e-02    -  1.00e+00 5.00e-01h  2
2824  7.6231321e-04 2.58e-04 6.43e-03  -4.1 1.95e-02    -  1.00e+00 1.00e+00h  1
2825  7.1598277e-04 3.04e-04 6.93e-03  -4.1 2.02e-02    -  1.00e+00 1.00e+00h  1
2826  7.0844804e-04 1.33e-04 1.60e-03  -4.1 1.35e-02    -  1.00e+00 1.00e+00h  1
2827  7.0560673e-04 5.05e-06 1.74e-03  -4.1 2.82e-03    -  1.00e+00 1.00e+00h  1
2828  7.1068342e-04 1.52e-05 1.11e-02  -4.1 4.71e-03    -  1.00e+00 1.00e+00h  1
2829  7.0748814e-04 5.81e-06 2.67e-04  -4.1 2.89e-03    -  1.00e+00 1.00e+00h  1
iter    objective    inf_pr   inf_du lg(mu)  ||d||  lg(rg) alpha_du alpha_pr  ls
2830  7.0721278e-04 3.78e-08 7.36e-04  -6.1 2.67e-04    -  1.00e+00 1.00e+00h  1
2831  7.0897774e-04 7.89e-09 3.51e-04  -6.1 2.78e-03    -  1.00e+00 1.00e+00H  1
2832  7.0361167e-04 8.02e-07 5.67e-04  -6.1 1.08e-03    -  1.00e+00 1.00e+00h  1
2833  7.0222415e-04 1.02e-06 2.73e-04  -6.1 1.30e-03    -  1.00e+00 1.00e+00h  1
2834  7.0313426e-04 3.00e-08 1.09e-04  -6.1 7.04e-04    -  1.00e+00 1.00e+00h  1
2835  7.0223611e-04 3.20e-08 2.57e-05  -6.1 4.91e-04    -  1.00e+00 1.00e+00h  1
2836  9.6220080e-04 4.85e-03 3.05e-01  -4.0 9.36e-02    -  1.00e+00 1.00e+00f  1
2837  7.7215419e-04 1.20e-03 7.71e-02  -4.1 4.68e-02    -  1.00e+00 1.00e+00h  1
2838  7.3082382e-04 3.44e-04 1.80e-02  -4.1 2.42e-02    -  1.00e+00 1.00e+00h  1
2839  7.2345590e-04 1.23e-04 2.30e-03  -4.1 1.48e-02    -  1.00e+00 1.00e+00h  1
iter    objective    inf_pr   inf_du lg(mu)  ||d||  lg(rg) alpha_du alpha_pr  ls
2840  8.2933047e-04 4.12e-05 7.97e-02  -4.1 1.65e-02    -  1.00e+00 6.24e-01H  1
2841  7.0711682e-04 4.86e-05 2.62e-03  -4.1 7.58e-03    -  1.00e+00 1.00e+00f  1
2842  7.1393302e-04 2.65e-05 8.48e-03  -4.1 6.33e-03    -  1.00e+00 1.00e+00h  1
2843  7.0641048e-04 1.43e-05 3.15e-03  -4.1 4.84e-03    -  1.00e+00 1.00e+00h  1
2844  7.0829523e-04 1.79e-06 2.20e-03  -4.1 1.71e-03    -  1.00e+00 1.00e+00h  1
2845  7.0745482e-04 1.38e-07 3.26e-04  -4.1 5.35e-04    -  1.00e+00 1.00e+00h  1
2846  7.0715384e-04 5.70e-08 1.26e-03  -6.1 2.72e-04    -  1.00e+00 1.00e+00h  1
2847  7.0155825e-04 4.44e-05 5.82e-04  -6.1 8.58e-03    -  1.00e+00 1.00e+00h  1
2848  7.0023777e-04 3.33e-05 1.56e-02  -6.1 2.98e-03    -  1.00e+00 2.50e-01h  2
2849  8.2589905e-04 3.13e-03 4.13e-02  -4.0 7.47e-02    -  1.00e+00 1.00e+00h  1
iter    objective    inf_pr   inf_du lg(mu)  ||d||  lg(rg) alpha_du alpha_pr  ls
2850  7.4799425e-04 9.44e-04 1.00e-02  -4.1 3.92e-02    -  1.00e+00 1.00e+00h  1
2851  8.2523062e-04 7.39e-04 2.53e-02  -4.1 3.48e-02    -  1.00e+00 5.00e-01h  2
2852  7.0903188e-04 1.48e-04 1.79e-03  -4.1 1.61e-02    -  1.00e+00 1.00e+00h  1
2853  7.0545073e-04 8.81e-06 3.69e-03  -4.1 3.90e-03    -  1.00e+00 1.00e+00h  1
2854  7.1582410e-04 5.06e-05 1.53e-02  -4.1 7.96e-03    -  1.00e+00 1.00e+00h  1
2855  7.1065939e-04 1.77e-05 5.12e-03  -4.1 6.27e-03    -  1.00e+00 1.00e+00h  1
2856  7.0630397e-04 3.16e-05 1.50e-02  -4.1 5.49e-03    -  1.00e+00 1.00e+00h  1
2857  7.0756995e-04 1.54e-05 9.05e-04  -4.1 3.91e-03    -  1.00e+00 1.00e+00h  1
2858  7.0770358e-04 5.26e-08 5.00e-04  -4.1 2.38e-04    -  1.00e+00 1.00e+00h  1
2859  7.0739044e-04 6.82e-08 1.03e-03  -6.1 2.94e-04    -  1.00e+00 1.00e+00h  1
iter    objective    inf_pr   inf_du lg(mu)  ||d||  lg(rg) alpha_du alpha_pr  ls
2860  7.0702473e-04 1.96e-05 1.07e-02  -6.1 5.90e-02    -  1.00e+00 8.69e-02h  4
2861  7.0332910e-04 1.05e-05 1.04e-02  -6.1 9.56e-04    -  1.00e+00 4.78e-01h  2
2862  7.0251879e-04 1.81e-07 1.62e-04  -6.1 5.25e-04    -  1.00e+00 1.00e+00h  1
2863  7.0238740e-04 1.43e-08 1.43e-04  -6.1 1.43e-04    -  1.00e+00 1.00e+00h  1
2864  9.4309900e-04 7.56e-03 1.79e-01  -4.0 1.03e-01    -  1.00e+00 1.00e+00f  1
2865  7.7887100e-04 2.09e-03 4.21e-02  -4.1 5.17e-02    -  1.00e+00 1.00e+00h  1
2866  9.1584538e-04 5.94e-04 9.59e-03  -4.1 2.80e-02    -  1.00e+00 1.00e+00h  1
2867  8.7560958e-04 9.56e-04 1.92e-03  -4.1 3.32e-02    -  9.87e-01 1.00e+00h  1
2868  7.1836842e-04 5.21e-04 2.89e-03  -4.1 2.48e-02    -  1.00e+00 1.00e+00h  1
2869  7.0363737e-04 1.77e-04 1.92e-03  -4.1 1.54e-02    -  1.00e+00 1.00e+00h  1
iter    objective    inf_pr   inf_du lg(mu)  ||d||  lg(rg) alpha_du alpha_pr  ls
2870  7.2887801e-04 1.14e-04 4.85e-03  -4.1 1.08e-02    -  1.00e+00 1.00e+00h  1
2871  7.0803595e-04 4.05e-05 2.87e-03  -4.1 7.11e-03    -  1.00e+00 1.00e+00h  1
2872  7.1293135e-04 2.17e-05 6.75e-03  -4.1 5.16e-03    -  1.00e+00 1.00e+00h  1
2873  7.1369712e-04 1.30e-05 4.63e-03  -4.1 3.99e-03    -  1.00e+00 1.00e+00h  1
2874  7.0762774e-04 1.68e-06 2.92e-03  -4.1 1.53e-03    -  1.00e+00 1.00e+00h  1
2875  7.0771874e-04 2.76e-07 1.89e-03  -4.1 7.67e-04    -  1.00e+00 1.00e+00h  1
2876  7.0751065e-04 3.69e-08 2.02e-04  -4.1 2.15e-04    -  1.00e+00 1.00e+00h  1
2877  7.0727096e-04 3.94e-08 9.53e-04  -6.1 2.33e-04    -  1.00e+00 1.00e+00h  1
2878  7.0271940e-04 6.96e-05 1.19e-02  -6.1 5.77e-02    -  1.00e+00 1.53e-01h  3
2879  7.0125358e-04 3.75e-05 7.79e-03  -6.1 3.52e-03    -  1.00e+00 5.00e-01h  2
iter    objective    inf_pr   inf_du lg(mu)  ||d||  lg(rg) alpha_du alpha_pr  ls
2880  7.0249689e-04 6.79e-06 9.75e-04  -6.1 2.87e-03    -  1.00e+00 1.00e+00h  1
2881  7.0233283e-04 4.25e-08 4.15e-05  -6.1 2.00e-04    -  1.00e+00 1.00e+00h  1
2882  9.3060044e-04 8.45e-03 2.15e-01  -4.0 1.05e-01    -  1.00e+00 1.00e+00f  1
2883  7.7964122e-04 2.03e-03 5.36e-02  -4.1 5.31e-02    -  1.00e+00 1.00e+00h  1
2884  7.3192562e-04 5.86e-04 1.39e-02  -4.1 2.72e-02    -  1.00e+00 1.00e+00h  1
2885  7.1934587e-04 2.57e-04 2.39e-03  -4.1 1.88e-02    -  1.00e+00 1.00e+00h  1
2886  7.5800111e-04 1.33e-04 1.03e-02  -4.1 1.55e-02    -  1.00e+00 1.00e+00h  1
2887  7.1040116e-04 1.18e-04 2.63e-03  -4.1 1.43e-02    -  1.00e+00 1.00e+00h  1
2888  7.1083100e-04 5.33e-06 1.89e-03  -4.1 3.00e-03    -  1.00e+00 1.00e+00h  1
2889  7.1112669e-04 1.25e-05 1.19e-02  -4.1 3.80e-03    -  1.00e+00 1.00e+00h  1
iter    objective    inf_pr   inf_du lg(mu)  ||d||  lg(rg) alpha_du alpha_pr  ls
2890  7.0957739e-04 6.80e-06 1.64e-03  -4.1 3.26e-03    -  1.00e+00 1.00e+00h  1
2891  7.0750000e-04 1.68e-06 5.29e-03  -4.1 1.58e-03    -  1.00e+00 1.00e+00h  1
2892  7.0761196e-04 1.04e-06 1.70e-03  -4.1 1.32e-03    -  1.00e+00 1.00e+00h  1
2893  7.0758266e-04 5.58e-08 4.84e-04  -4.1 2.68e-04    -  1.00e+00 1.00e+00h  1
2894  7.0728147e-04 4.48e-08 1.05e-03  -6.1 2.64e-04    -  1.00e+00 1.00e+00h  1
2895  7.0603945e-04 5.98e-06 1.02e-03  -6.1 3.19e-03    -  1.00e+00 1.00e+00h  1
2896  7.0370468e-04 7.42e-06 1.98e-02  -6.1 1.28e-02    -  1.00e+00 1.70e-01h  2
2897  7.0271829e-04 2.78e-06 2.24e-04  -6.1 1.30e-03    -  1.00e+00 1.00e+00h  1
2898  7.0248267e-04 7.80e-08 1.44e-04  -6.1 2.92e-04    -  1.00e+00 1.00e+00h  1
2899  7.0248724e-04 2.48e-07 4.41e-05  -6.1 3.90e-04    -  1.00e+00 1.00e+00h  1
iter    objective    inf_pr   inf_du lg(mu)  ||d||  lg(rg) alpha_du alpha_pr  ls
2900  7.0233383e-04 6.93e-07 1.35e-04  -6.1 6.27e-04    -  1.00e+00 1.00e+00h  1
2901  7.0220839e-04 2.01e-07 1.01e-04  -6.1 6.26e-04    -  1.00e+00 1.00e+00h  1
2902  1.0211753e-03 8.39e-03 3.58e-02  -4.0 1.02e-01    -  1.00e+00 1.00e+00f  1
2903  1.8000428e-03 2.47e-03 1.51e-02  -4.1 6.72e-02    -  1.00e+00 1.00e+00h  1
2904  8.4847475e-04 1.24e-03 1.30e-02  -4.1 4.63e-02    -  7.65e-01 1.00e+00h  1
2905  7.2847239e-04 5.83e-04 1.73e-03  -4.1 2.89e-02    -  1.00e+00 1.00e+00h  1
2906  7.1992121e-04 2.91e-03 1.42e-02  -4.1 8.83e-02    -  1.00e+00 1.00e+00h  1
2907  7.0224279e-04 1.58e-03 7.82e-03  -4.1 4.98e-02    -  1.00e+00 5.00e-01h  2
2908  8.0624747e-04 1.36e-03 2.51e-03  -4.1 4.97e-02    -  1.00e+00 1.00e+00h  1
2909  1.6155304e-03 2.35e-04 4.83e-03  -4.1 1.70e-02    -  1.00e+00 1.00e+00h  1
iter    objective    inf_pr   inf_du lg(mu)  ||d||  lg(rg) alpha_du alpha_pr  ls
2910  6.9784419e-04 8.29e-04 1.70e-03  -4.1 3.45e-02    -  1.00e+00 1.00e+00f  1
2911  7.2146595e-04 3.13e-04 3.05e-03  -4.1 2.44e-02    -  1.00e+00 1.00e+00h  1
2912  7.1964550e-04 3.33e-04 7.40e-03  -4.1 2.30e-02    -  1.00e+00 1.00e+00h  1
2913  7.2887947e-04 1.32e-04 2.37e-03  -4.1 1.43e-02    -  1.00e+00 1.00e+00h  1
2914  7.1937681e-04 7.26e-06 4.37e-03  -4.1 3.05e-03    -  1.00e+00 1.00e+00h  1
2915  7.0680995e-04 8.68e-05 2.35e-02  -4.1 1.28e-02    -  1.00e+00 1.00e+00h  1
2916  7.0979767e-04 3.37e-05 3.04e-03  -4.1 8.08e-03    -  1.00e+00 1.00e+00h  1
2917  7.1285912e-04 4.29e-06 6.50e-03  -4.1 2.69e-03    -  1.00e+00 1.00e+00h  1
2918  7.1042636e-04 6.53e-06 7.21e-03  -4.1 2.95e-03    -  1.00e+00 1.00e+00h  1
2919  7.1070135e-04 2.49e-06 1.11e-03  -4.1 1.71e-03    -  1.00e+00 1.00e+00h  1
iter    objective    inf_pr   inf_du lg(mu)  ||d||  lg(rg) alpha_du alpha_pr  ls
2920  7.1085348e-04 1.10e-07 9.68e-04  -4.1 5.23e-04    -  1.00e+00 1.00e+00h  1
2921  7.1061789e-04 1.67e-07 1.64e-03  -4.1 5.01e-04    -  1.00e+00 1.00e+00h  1
2922  7.1050409e-04 6.23e-08 7.34e-03  -4.1 2.47e-03    -  1.00e+00 1.00e+00H  1
2923  7.1061955e-04 4.20e-07 7.51e-03  -4.1 8.48e-04    -  1.00e+00 1.00e+00h  1
2924  7.0986939e-04 8.19e-07 2.34e-03  -4.1 1.26e-03    -  1.00e+00 1.00e+00h  1
2925  7.0953933e-04 2.78e-07 1.84e-03  -4.1 6.57e-04    -  1.00e+00 1.00e+00h  1
2926  7.0913559e-04 3.99e-08 1.13e-02  -4.1 3.50e-03    -  1.00e+00 1.00e+00H  1
2927  7.0894389e-04 2.85e-07 3.20e-02  -4.1 4.87e-02    -  1.00e+00 1.56e-02h  7
2928  7.0880799e-04 4.93e-07 1.65e-02  -4.1 1.21e-02    -  1.00e+00 6.25e-02h  5
2929  7.1069396e-04 2.71e-08 2.16e-02  -4.1 5.72e-03    -  1.00e+00 1.00e+00H  1
iter    objective    inf_pr   inf_du lg(mu)  ||d||  lg(rg) alpha_du alpha_pr  ls
2930  7.1017796e-04 3.82e-08 6.60e-02  -4.1 4.94e-03    -  1.00e+00 6.25e-02h  5
2931  7.1468086e-04 1.84e-05 2.03e-02  -4.1 6.21e-03    -  1.00e+00 1.00e+00h  1
2932  7.0780977e-04 9.70e-06 1.45e-03  -4.1 4.65e-03    -  1.00e+00 1.00e+00h  1
2933  7.0792995e-04 2.53e-06 1.13e-02  -4.1 2.47e-03    -  1.00e+00 1.00e+00h  1
2934  7.0766517e-04 6.79e-07 2.99e-03  -4.1 1.12e-03    -  1.00e+00 1.00e+00h  1
2935  7.0746525e-04 5.36e-07 2.83e-03  -4.1 7.47e-04    -  1.00e+00 1.00e+00h  1
2936  7.0742110e-04 1.14e-07 1.37e-04  -4.1 4.02e-04    -  1.00e+00 1.00e+00h  1
2937  7.0708942e-04 8.90e-08 1.04e-03  -6.1 2.97e-04    -  1.00e+00 1.00e+00h  1
2938  6.9937679e-04 4.67e-04 1.03e-03  -6.1 2.40e-02    -  1.00e+00 1.00e+00h  1
2939  6.9441268e-04 2.80e-04 1.16e-03  -6.1 1.36e-02    -  1.00e+00 5.00e-01h  2
iter    objective    inf_pr   inf_du lg(mu)  ||d||  lg(rg) alpha_du alpha_pr  ls
2940  9.7000663e-04 3.54e-03 1.38e-02  -4.0 5.90e-02    -  1.00e+00 1.00e+00h  1
2941  7.6904712e-04 1.13e-03 3.15e-03  -4.1 3.27e-02    -  1.00e+00 1.00e+00h  1
2942  7.6345798e-04 5.69e-04 1.29e-02  -4.1 3.58e-02    -  1.00e+00 6.90e-01H  1
2943  7.0156807e-04 3.18e-04 8.58e-04  -4.1 1.89e-02    -  1.00e+00 1.00e+00f  1
2944  7.4694028e-04 2.90e-04 1.51e-02  -4.1 2.32e-02    -  1.00e+00 5.00e-01h  2
2945  6.9984634e-04 1.55e-04 4.55e-03  -4.1 1.31e-02    -  1.00e+00 1.00e+00h  1
2946  7.2347798e-04 1.14e-04 1.79e-02  -4.1 1.25e-02    -  1.00e+00 5.00e-01h  2
2947  7.1164573e-04 4.65e-06 4.09e-03  -4.1 2.82e-03    -  1.00e+00 1.00e+00h  1
2948  7.0303309e-04 3.36e-05 1.57e-02  -4.1 6.19e-03    -  1.00e+00 1.00e+00h  1
2949  7.0675789e-04 1.34e-05 2.13e-03  -4.1 3.78e-03    -  1.00e+00 1.00e+00h  1
iter    objective    inf_pr   inf_du lg(mu)  ||d||  lg(rg) alpha_du alpha_pr  ls
2950  7.0756605e-04 6.61e-07 1.81e-03  -4.1 9.72e-04    -  1.00e+00 1.00e+00h  1
2951  7.0738749e-04 9.57e-08 8.51e-04  -4.1 3.03e-04    -  1.00e+00 1.00e+00h  1
2952  7.0733187e-04 9.69e-09 2.45e-04  -4.1 1.16e-04    -  1.00e+00 1.00e+00h  1
2953  7.0703247e-04 6.38e-08 1.28e-03  -6.1 2.66e-04    -  1.00e+00 1.00e+00h  1
2954  7.0272026e-04 9.07e-05 1.24e-03  -6.1 1.92e-02    -  1.00e+00 5.00e-01h  2
2955  7.0034401e-04 5.92e-05 1.05e-02  -6.1 2.86e-03    -  1.00e+00 3.58e-01h  2
2956  7.0236995e-04 1.10e-05 5.21e-04  -6.1 3.29e-03    -  1.00e+00 1.00e+00h  1
2957  7.0566294e-04 4.04e-06 3.07e-04  -6.1 2.15e-03    -  1.00e+00 1.00e+00h  1
2958  7.0121759e-04 2.54e-06 1.56e-04  -6.1 1.83e-03    -  1.00e+00 1.00e+00h  1
2959  1.0906175e-03 8.54e-03 2.36e-01  -4.0 1.06e-01    -  1.00e+00 1.00e+00f  1
iter    objective    inf_pr   inf_du lg(mu)  ||d||  lg(rg) alpha_du alpha_pr  ls
2960  8.0261838e-04 2.39e-03 5.88e-02  -4.1 5.31e-02    -  1.00e+00 1.00e+00h  1
2961  7.3498843e-04 6.71e-04 1.47e-02  -4.1 2.79e-02    -  1.00e+00 1.00e+00h  1
2962  7.6908313e-04 3.27e-04 3.24e-03  -4.1 1.78e-02    -  1.00e+00 1.00e+00h  1
2963  7.5875274e-04 4.71e-05 7.88e-03  -4.1 8.58e-03    -  1.00e+00 1.00e+00h  1
2964  7.1427014e-04 1.42e-04 6.65e-03  -4.1 1.25e-02    -  1.00e+00 1.00e+00h  1
2965  7.1111861e-04 5.10e-05 5.13e-03  -4.1 7.85e-03    -  1.00e+00 1.00e+00h  1
2966  7.1033801e-04 1.76e-05 3.94e-03  -4.1 4.56e-03    -  1.00e+00 1.00e+00h  1
2967  7.0830258e-04 3.97e-06 2.69e-03  -4.1 2.13e-03    -  1.00e+00 1.00e+00h  1
2968  7.0877437e-04 8.08e-07 1.17e-03  -4.1 8.28e-04    -  1.00e+00 1.00e+00h  1
2969  7.0851296e-04 2.70e-08 1.03e-03  -4.1 2.43e-04    -  1.00e+00 1.00e+00h  1
iter    objective    inf_pr   inf_du lg(mu)  ||d||  lg(rg) alpha_du alpha_pr  ls
2970  7.0770123e-04 9.52e-10 3.31e-03  -4.1 1.09e-03    -  1.00e+00 1.00e+00H  1
2971  7.0866673e-04 4.31e-10 1.09e-02  -4.1 3.21e-03    -  1.00e+00 1.00e+00H  1
2972  7.1043540e-04 1.66e-10 1.79e-02  -4.1 2.37e-03    -  1.00e+00 1.00e+00H  1
2973  7.0714429e-04 3.12e-08 8.66e-04  -4.1 3.11e-03    -  1.00e+00 1.00e+00H  1
2974  7.0720671e-04 3.97e-07 3.15e-03  -4.1 7.98e-04    -  1.00e+00 1.00e+00h  1
2975  7.0717442e-04 3.45e-07 1.98e-04  -4.1 6.55e-04    -  1.00e+00 1.00e+00h  1
2976  7.0695943e-04 3.88e-08 1.50e-03  -6.1 2.13e-04    -  1.00e+00 1.00e+00h  1
2977  7.0583768e-04 9.94e-06 1.85e-03  -6.1 2.69e-02    -  1.00e+00 1.25e-01h  4
2978  7.0284458e-04 7.09e-06 8.45e-03  -6.1 4.45e-03    -  1.00e+00 3.97e-01h  2
2979  7.0860412e-04 3.10e-09 2.68e-03  -6.1 6.06e-03    -  1.00e+00 1.00e+00H  1
iter    objective    inf_pr   inf_du lg(mu)  ||d||  lg(rg) alpha_du alpha_pr  ls
2980  7.0218382e-04 1.02e-05 9.14e-05  -6.1 4.89e-03    -  1.00e+00 1.00e+00h  1
2981  7.0213046e-04 7.63e-06 2.27e-04  -6.1 6.67e-04    -  1.00e+00 2.50e-01h  3
2982  7.0199597e-04 5.99e-09 1.50e-05  -6.1 8.18e-05    -  1.00e+00 1.00e+00h  1
2983  8.9143816e-04 7.15e-03 2.88e-01  -4.0 9.65e-02    -  1.00e+00 1.00e+00f  1
2984  7.6908693e-04 1.90e-03 7.10e-02  -4.1 4.83e-02    -  1.00e+00 1.00e+00h  1
2985  7.3123805e-04 4.95e-04 1.73e-02  -4.1 2.51e-02    -  1.00e+00 1.00e+00h  1
2986  8.2281485e-04 1.93e-04 2.37e-03  -4.1 1.58e-02    -  1.00e+00 1.00e+00h  1
2987  7.0430411e-04 6.41e-05 7.64e-03  -4.1 8.99e-03    -  1.00e+00 1.00e+00h  1
2988  7.1189945e-04 9.14e-05 5.91e-03  -4.1 1.07e-02    -  1.00e+00 1.00e+00h  1
2989  7.0524705e-04 2.44e-05 3.61e-03  -4.1 5.67e-03    -  1.00e+00 1.00e+00h  1
iter    objective    inf_pr   inf_du lg(mu)  ||d||  lg(rg) alpha_du alpha_pr  ls
2990  7.0825276e-04 7.76e-06 3.99e-03  -4.1 3.17e-03    -  1.00e+00 1.00e+00h  1
2991  7.0675759e-04 1.66e-06 1.39e-03  -4.1 1.46e-03    -  1.00e+00 1.00e+00h  1
2992  7.0713688e-04 1.12e-07 1.15e-04  -4.1 3.74e-04    -  1.00e+00 1.00e+00h  1
2993  7.0688872e-04 4.64e-08 1.08e-03  -6.1 2.40e-04    -  1.00e+00 1.00e+00h  1
2994  7.0417567e-04 2.15e-05 1.92e-02  -6.1 8.51e-02    -  1.00e+00 6.12e-02h  4
2995  7.0229125e-04 2.48e-07 1.11e-04  -6.1 5.99e-04    -  1.00e+00 1.00e+00h  1
2996  7.0197139e-04 2.29e-08 3.35e-05  -6.1 1.88e-04    -  1.00e+00 1.00e+00h  1
2997  8.9319663e-04 7.61e-03 1.84e-01  -4.0 1.00e-01    -  1.00e+00 1.00e+00f  1
2998  7.7146252e-04 1.91e-03 4.62e-02  -4.1 5.03e-02    -  1.00e+00 1.00e+00h  1
2999  7.2822479e-04 5.47e-04 1.14e-02  -4.1 2.67e-02    -  1.00e+00 1.00e+00h  1
iter    objective    inf_pr   inf_du lg(mu)  ||d||  lg(rg) alpha_du alpha_pr  ls
3000  7.3109505e-04 2.39e-04 8.94e-04  -4.1 1.78e-02    -  1.00e+00 1.00e+00h  1
3001  8.2781396e-04 2.22e-04 1.52e-02  -4.1 1.60e-02    -  1.00e+00 1.00e+00h  1
3002  7.0398296e-04 1.44e-04 1.85e-03  -4.1 1.28e-02    -  1.00e+00 1.00e+00h  1
3003  7.1160127e-04 3.27e-05 5.45e-03  -4.1 6.58e-03    -  1.00e+00 1.00e+00h  1
3004  7.0436675e-04 2.82e-05 6.93e-03  -4.1 6.01e-03    -  1.00e+00 1.00e+00h  1
3005  7.0838830e-04 1.00e-05 2.44e-03  -4.1 3.52e-03    -  1.00e+00 1.00e+00h  1
3006  7.0700328e-04 5.34e-07 5.16e-04  -4.1 8.20e-04    -  1.00e+00 1.00e+00h  1
3007  7.0663139e-04 6.86e-08 1.09e-03  -6.1 3.05e-04    -  1.00e+00 1.00e+00h  1
3008  7.0587519e-04 5.45e-07 9.80e-04  -6.1 8.90e-04    -  1.00e+00 1.00e+00h  1
3009  7.0276436e-04 1.22e-05 5.85e-04  -6.1 4.63e-03    -  1.00e+00 1.00e+00h  1
iter    objective    inf_pr   inf_du lg(mu)  ||d||  lg(rg) alpha_du alpha_pr  ls
3010  7.0204514e-04 9.00e-06 1.62e-02  -6.1 1.75e-03    -  1.00e+00 2.69e-01h  2
3011  7.0224795e-04 9.60e-07 3.11e-04  -6.1 1.26e-03    -  1.00e+00 1.00e+00h  1
3012  7.0193694e-04 5.64e-08 1.51e-04  -6.1 2.64e-04    -  1.00e+00 1.00e+00h  1
3013  9.1914861e-04 6.96e-03 3.36e-01  -4.0 1.11e-01    -  1.00e+00 1.00e+00f  1
3014  7.7844729e-04 1.81e-03 8.18e-02  -4.1 5.57e-02    -  1.00e+00 1.00e+00h  1
3015  7.3266128e-04 4.66e-04 2.07e-02  -4.1 2.83e-02    -  1.00e+00 1.00e+00h  1
3016  7.1180127e-04 1.59e-04 3.73e-03  -4.1 1.72e-02    -  1.00e+00 1.00e+00h  1
3017  7.3842743e-04 5.63e-05 3.90e-03  -4.1 8.87e-03    -  1.00e+00 1.00e+00h  1
3018  7.1044191e-04 4.25e-05 6.14e-03  -4.1 7.34e-03    -  1.00e+00 1.00e+00h  1
3019  7.1055015e-04 2.50e-05 7.42e-03  -4.1 6.16e-03    -  1.00e+00 1.00e+00h  1
iter    objective    inf_pr   inf_du lg(mu)  ||d||  lg(rg) alpha_du alpha_pr  ls
3020  7.0795220e-04 9.06e-06 2.75e-03  -4.1 3.98e-03    -  1.00e+00 1.00e+00h  1
3021  7.0686126e-04 5.83e-07 1.56e-03  -4.1 1.04e-03    -  1.00e+00 1.00e+00h  1
3022  7.0709959e-04 8.80e-08 3.14e-04  -4.1 3.47e-04    -  1.00e+00 1.00e+00h  1
3023  7.0679954e-04 4.59e-08 1.37e-03  -6.1 2.70e-04    -  1.00e+00 1.00e+00h  1
3024  7.0469272e-04 5.02e-05 9.91e-03  -6.1 4.84e-02    -  1.00e+00 1.81e-01h  3
3025  7.0355166e-04 6.91e-06 1.83e-04  -6.1 2.91e-03    -  1.00e+00 1.00e+00h  1
3026  7.0184744e-04 1.46e-06 6.07e-04  -6.1 1.33e-03    -  1.00e+00 1.00e+00h  1
3027  9.7557190e-04 9.58e-03 2.23e-01  -4.0 1.20e-01    -  1.00e+00 1.00e+00f  1
3028  7.9896215e-04 2.29e-03 5.89e-02  -4.1 5.99e-02    -  1.00e+00 1.00e+00h  1
3029  7.4206809e-04 6.50e-04 1.48e-02  -4.1 3.11e-02    -  1.00e+00 1.00e+00h  1
iter    objective    inf_pr   inf_du lg(mu)  ||d||  lg(rg) alpha_du alpha_pr  ls
3030  8.5409163e-04 2.50e-04 2.24e-03  -4.1 2.06e-02    -  1.00e+00 1.00e+00h  1
3031  7.0004267e-04 1.74e-04 4.47e-03  -4.1 1.47e-02    -  1.00e+00 1.00e+00h  1
3032  7.1736835e-04 1.23e-04 4.44e-03  -4.1 1.41e-02    -  1.00e+00 1.00e+00h  1
3033  7.5159786e-04 1.98e-05 1.30e-03  -4.1 6.11e-03    -  1.00e+00 1.00e+00h  1
3034  7.0709743e-04 8.37e-07 3.22e-03  -4.1 1.24e-03    -  1.00e+00 1.00e+00h  1
3035  7.0989918e-04 6.24e-06 9.26e-03  -4.1 3.57e-03    -  1.00e+00 1.00e+00h  1
3036  7.0709560e-04 4.02e-06 2.25e-03  -4.1 2.66e-03    -  1.00e+00 1.00e+00h  1
3037  7.0705977e-04 5.42e-07 3.14e-03  -4.1 8.27e-04    -  1.00e+00 1.00e+00h  1
3038  7.0706684e-04 1.66e-07 1.51e-04  -4.1 4.70e-04    -  1.00e+00 1.00e+00h  1
3039  7.0677964e-04 4.44e-08 1.04e-03  -6.1 2.77e-04    -  1.00e+00 1.00e+00h  1
iter    objective    inf_pr   inf_du lg(mu)  ||d||  lg(rg) alpha_du alpha_pr  ls
3040  7.0641482e-04 1.26e-05 6.29e-03  -6.1 3.67e-02    -  1.00e+00 1.25e-01h  4
3041  7.0325869e-04 9.64e-06 2.08e-02  -6.1 3.57e-03    -  1.00e+00 2.94e-01h  2
3042  7.0401720e-04 5.67e-07 3.62e-04  -6.1 1.12e-03    -  1.00e+00 1.00e+00h  1
3043  7.0173455e-04 1.94e-07 1.05e-04  -6.1 5.91e-04    -  1.00e+00 1.00e+00h  1
3044  8.8335502e-04 5.54e-03 1.84e-01  -4.0 9.84e-02    -  1.00e+00 1.00e+00f  1
3045  7.6732553e-04 1.40e-03 4.59e-02  -4.1 4.95e-02    -  1.00e+00 1.00e+00h  1
3046  7.3242951e-04 4.01e-04 1.15e-02  -4.1 2.60e-02    -  1.00e+00 1.00e+00h  1
3047  9.2945966e-04 1.70e-04 2.68e-03  -4.1 2.03e-02    -  1.00e+00 1.00e+00h  1
3048  7.1368933e-04 1.10e-05 2.05e-03  -4.1 4.78e-03    -  1.00e+00 1.00e+00h  1
3049  7.1449647e-04 2.71e-05 1.78e-02  -4.1 6.37e-03    -  1.00e+00 1.00e+00h  1
iter    objective    inf_pr   inf_du lg(mu)  ||d||  lg(rg) alpha_du alpha_pr  ls
3050  7.0724429e-04 1.45e-05 1.29e-03  -4.1 4.72e-03    -  1.00e+00 1.00e+00h  1
3051  7.0784618e-04 1.11e-07 1.55e-03  -4.1 3.89e-04    -  1.00e+00 1.00e+00h  1
3052  7.0762552e-04 3.70e-07 2.36e-03  -4.1 8.54e-04    -  1.00e+00 1.00e+00h  1
3053  7.0698497e-04 2.95e-07 9.01e-04  -4.1 6.98e-04    -  1.00e+00 1.00e+00h  1
3054  7.0704633e-04 1.54e-08 2.34e-04  -4.1 1.34e-04    -  1.00e+00 1.00e+00h  1
3055  7.0678048e-04 3.96e-08 1.28e-03  -6.1 2.67e-04    -  1.00e+00 1.00e+00h  1
3056  7.0359070e-04 1.92e-04 3.21e-02  -6.1 1.36e-01    -  1.00e+00 1.32e-01h  2
3057  6.9808819e-04 1.15e-04 3.42e-03  -6.1 1.17e-02    -  1.00e+00 5.00e-01h  2
3058  8.1288704e-04 2.16e-03 1.53e-02  -4.0 6.10e-02    -  1.00e+00 1.00e+00h  1
3059  7.5111811e-04 6.82e-04 3.56e-03  -4.1 3.40e-02    -  1.00e+00 1.00e+00h  1
iter    objective    inf_pr   inf_du lg(mu)  ||d||  lg(rg) alpha_du alpha_pr  ls
3060  7.6276093e-04 6.78e-04 2.26e-02  -4.1 6.97e-02    -  1.00e+00 2.50e-01h  3
3061  7.0370037e-04 1.07e-05 3.41e-04  -4.1 6.06e-03    -  1.00e+00 1.00e+00h  1
3062  7.0399911e-04 1.90e-06 4.77e-04  -6.1 1.41e-03    -  1.00e+00 1.00e+00h  1
3063  7.0216248e-04 2.49e-07 1.07e-04  -6.1 6.97e-04    -  1.00e+00 1.00e+00h  1
3064  7.0220321e-04 5.96e-08 6.89e-05  -6.1 2.21e-04    -  1.00e+00 1.00e+00h  1
3065  7.0196002e-04 1.05e-06 1.92e-04  -6.1 1.22e-03    -  1.00e+00 1.00e+00h  1
3066  7.0186649e-04 3.93e-07 1.78e-04  -6.1 6.64e-04    -  1.00e+00 1.00e+00h  1
3067  7.0187647e-04 2.22e-08 4.67e-05  -6.1 2.24e-04    -  1.00e+00 1.00e+00h  1
3068  1.0870615e-03 7.24e-03 2.18e-01  -4.0 9.87e-02    -  1.00e+00 1.00e+00f  1
3069  7.7139617e-04 1.84e-03 5.20e-02  -4.1 5.12e-02    -  1.00e+00 1.00e+00h  1
iter    objective    inf_pr   inf_du lg(mu)  ||d||  lg(rg) alpha_du alpha_pr  ls
3070  7.4055166e-04 7.69e-04 1.41e-02  -4.1 3.04e-02    -  1.00e+00 1.00e+00h  1
3071  7.3146665e-04 4.87e-04 2.87e-02  -4.1 2.56e-02    -  1.00e+00 5.00e-01h  2
3072  7.7316976e-04 3.30e-04 3.40e-02  -4.1 3.93e-02    -  1.00e+00 5.42e-01H  1
3073  7.1490012e-04 2.23e-04 1.15e-02  -4.1 1.60e-02    -  1.00e+00 1.00e+00f  1
3074  7.2057963e-04 1.80e-04 2.80e-02  -4.1 1.75e-02    -  1.00e+00 5.00e-01h  2
3075  7.1251779e-04 7.27e-05 8.20e-03  -4.1 1.17e-02    -  1.00e+00 1.00e+00h  1
3076  7.0621679e-04 6.25e-05 6.89e-03  -4.1 9.79e-03    -  1.00e+00 1.00e+00h  1
3077  7.0840995e-04 1.84e-05 3.78e-03  -4.1 5.23e-03    -  1.00e+00 1.00e+00h  1
3078  7.0608116e-04 6.42e-06 9.31e-03  -4.1 3.25e-03    -  1.00e+00 1.00e+00h  1
3079  7.0700607e-04 6.61e-06 4.61e-03  -4.1 2.45e-03    -  1.00e+00 1.00e+00h  1
iter    objective    inf_pr   inf_du lg(mu)  ||d||  lg(rg) alpha_du alpha_pr  ls
3080  7.0779030e-04 2.90e-06 2.87e-03  -4.1 2.18e-03    -  1.00e+00 1.00e+00h  1
3081  7.0709998e-04 5.23e-07 7.49e-04  -4.1 8.67e-04    -  1.00e+00 1.00e+00h  1
3082  7.0684315e-04 5.00e-08 1.14e-03  -6.1 2.52e-04    -  1.00e+00 1.00e+00h  1
3083  7.0130213e-04 1.76e-04 2.03e-03  -6.1 3.24e-02    -  1.00e+00 5.00e-01h  2
3084  7.0099965e-04 9.80e-05 9.99e-04  -6.1 7.57e-03    -  1.00e+00 5.00e-01h  2
3085  6.9903338e-04 5.50e-05 6.71e-03  -6.1 5.94e-03    -  1.00e+00 5.00e-01h  2
3086  1.1183681e-03 1.70e-02 3.39e-01  -4.0 1.59e-01    -  1.00e+00 1.00e+00h  1
3087  8.2699660e-04 4.54e-03 8.50e-02  -4.1 7.94e-02    -  1.00e+00 1.00e+00h  1
3088  7.4798376e-04 1.23e-03 2.11e-02  -4.1 4.08e-02    -  1.00e+00 1.00e+00h  1
3089  8.2834656e-04 3.39e-04 3.53e-03  -4.1 2.36e-02    -  1.00e+00 1.00e+00h  1
iter    objective    inf_pr   inf_du lg(mu)  ||d||  lg(rg) alpha_du alpha_pr  ls
3090  7.1284447e-04 2.83e-04 7.64e-03  -4.1 1.74e-02    -  1.00e+00 1.00e+00h  1
3091  7.2277400e-04 1.81e-04 3.08e-03  -4.1 1.50e-02    -  1.00e+00 1.00e+00h  1
3092  7.3428671e-04 2.63e-06 2.46e-03  -4.1 2.55e-03    -  1.00e+00 1.00e+00h  1
3093  7.0252129e-04 4.56e-05 2.75e-02  -4.1 7.75e-03    -  1.00e+00 1.00e+00h  1
3094  7.0952763e-04 1.77e-05 4.06e-03  -4.1 5.04e-03    -  1.00e+00 1.00e+00h  1
3095  7.0951167e-04 5.15e-06 3.72e-03  -4.1 2.46e-03    -  1.00e+00 1.00e+00h  1
3096  7.0715979e-04 1.09e-06 1.63e-03  -4.1 1.14e-03    -  1.00e+00 1.00e+00h  1
3097  7.0721328e-04 9.22e-08 9.61e-04  -4.1 2.73e-04    -  1.00e+00 1.00e+00h  1
3098  7.0721831e-04 4.38e-09 2.11e-04  -4.1 7.61e-05    -  1.00e+00 1.00e+00h  1
3099  7.0688814e-04 8.40e-08 1.04e-03  -6.1 3.45e-04    -  1.00e+00 1.00e+00h  1
iter    objective    inf_pr   inf_du lg(mu)  ||d||  lg(rg) alpha_du alpha_pr  ls
3100  7.0597236e-04 1.13e-04 2.44e-03  -6.1 2.66e-02    -  1.00e+00 5.00e-01h  2
3101  7.0311595e-04 2.58e-05 7.15e-04  -6.1 5.42e-03    -  1.00e+00 1.00e+00h  1
3102  7.0541661e-04 3.98e-06 6.99e-04  -6.1 2.65e-03    -  1.00e+00 1.00e+00h  1
3103  7.0200265e-04 1.32e-07 5.33e-04  -6.1 4.87e-04    -  1.00e+00 1.00e+00h  1
3104  7.0216321e-04 4.04e-08 9.36e-05  -6.1 2.45e-04    -  1.00e+00 1.00e+00h  1
3105  7.0202673e-04 1.66e-07 8.10e-05  -6.1 5.24e-04    -  1.00e+00 1.00e+00h  1
3106  7.0196296e-04 7.46e-07 1.24e-04  -6.1 1.04e-03    -  1.00e+00 1.00e+00h  1
3107  7.0190230e-04 1.06e-06 6.40e-03  -6.1 6.38e-03    -  1.00e+00 1.25e-01h  4
3108  7.0179168e-04 1.53e-07 1.70e-04  -6.1 4.55e-04    -  1.00e+00 1.00e+00h  1
3109  7.0169065e-04 5.93e-07 1.45e-04  -6.1 1.17e-03    -  1.00e+00 1.00e+00h  1
iter    objective    inf_pr   inf_du lg(mu)  ||d||  lg(rg) alpha_du alpha_pr  ls
3110  9.2682051e-04 6.60e-03 5.71e-02  -4.0 1.07e-01    -  1.00e+00 1.00e+00f  1
3111  7.9292053e-04 1.58e-03 1.59e-02  -4.1 5.69e-02    -  1.00e+00 1.00e+00h  1
3112  2.9034261e-03 1.99e-03 1.57e-02  -4.1 5.38e-02    -  7.62e-01 1.00e+00h  1
3113  7.8499503e-04 2.87e-03 9.44e-03  -4.1 6.46e-02    -  1.00e+00 1.00e+00h  1
3114  7.8063769e-04 1.31e-03 5.21e-03  -4.1 4.77e-02    -  1.00e+00 1.00e+00h  1
3115  8.2042287e-04 1.16e-03 2.17e-02  -4.1 1.36e-01    -  5.74e-01 1.25e-01h  4
3116  8.4026668e-04 8.96e-05 1.38e-03  -4.1 1.43e-02    -  1.00e+00 9.97e-01h  1
3117  7.5533779e-04 6.47e-04 5.19e-02  -4.1 7.67e-02    -  1.00e+00 5.00e-01f  2
3118  7.1624870e-04 6.77e-04 8.46e-03  -4.1 2.68e-02    -  1.00e+00 1.00e+00h  1
3119  7.2079883e-04 3.32e-04 8.49e-03  -4.1 2.27e-02    -  1.00e+00 1.00e+00h  1
iter    objective    inf_pr   inf_du lg(mu)  ||d||  lg(rg) alpha_du alpha_pr  ls
3120  7.1249282e-04 2.09e-04 1.58e-02  -4.1 1.67e-02    -  1.00e+00 5.00e-01h  2
3121  8.3123592e-04 4.64e-05 8.93e-03  -4.1 9.70e-03    -  1.00e+00 1.00e+00h  1
3122  7.0274973e-04 1.03e-04 5.79e-03  -4.1 1.22e-02    -  1.00e+00 1.00e+00h  1
3123  7.2442347e-04 9.94e-05 6.49e-03  -4.1 1.01e-02    -  1.00e+00 1.00e+00h  1
3124  7.0619924e-04 5.35e-05 4.50e-03  -4.1 8.45e-03    -  1.00e+00 1.00e+00h  1
3125  7.0790140e-04 2.28e-05 9.00e-03  -4.1 5.48e-03    -  1.00e+00 1.00e+00h  1
3126  7.0908012e-04 1.81e-05 6.34e-03  -4.1 4.90e-03    -  1.00e+00 1.00e+00h  1
3127  7.0625500e-04 8.80e-06 4.46e-03  -4.1 3.05e-03    -  1.00e+00 1.00e+00h  1
3128  7.0717961e-04 2.72e-06 1.30e-03  -4.1 1.74e-03    -  1.00e+00 1.00e+00h  1
3129  7.0708717e-04 1.86e-07 6.80e-04  -4.1 5.19e-04    -  1.00e+00 1.00e+00h  1
iter    objective    inf_pr   inf_du lg(mu)  ||d||  lg(rg) alpha_du alpha_pr  ls
3130  7.0671408e-04 1.14e-07 1.13e-03  -6.1 4.11e-04    -  1.00e+00 1.00e+00h  1
3131  7.0368591e-04 1.17e-05 1.36e-03  -6.1 3.99e-03    -  1.00e+00 1.00e+00h  1
3132  7.0227403e-04 1.35e-05 2.81e-02  -6.1 1.35e-02    -  1.00e+00 1.35e-01h  2
3133  7.0340846e-04 5.38e-07 1.94e-04  -6.1 8.79e-04    -  1.00e+00 1.00e+00h  1
3134  7.0221602e-04 1.06e-07 1.52e-04  -6.1 3.34e-04    -  1.00e+00 1.00e+00h  1
3135  7.0208106e-04 2.88e-08 3.76e-05  -6.1 2.09e-04    -  1.00e+00 1.00e+00h  1
3136  7.0159584e-04 2.53e-05 5.61e-04  -6.1 6.12e-03    -  1.00e+00 1.00e+00h  1
3137  7.0099113e-04 1.21e-05 4.77e-04  -6.1 3.25e-03    -  1.00e+00 1.00e+00h  1
3138  9.3307209e-04 5.69e-03 5.66e-02  -4.0 8.89e-02    -  1.00e+00 1.00e+00f  1
3139  1.8190111e-03 2.47e-03 2.06e-02  -4.1 5.86e-02    -  1.00e+00 1.00e+00h  1
iter    objective    inf_pr   inf_du lg(mu)  ||d||  lg(rg) alpha_du alpha_pr  ls
3140  2.0627608e-03 2.72e-03 4.48e-03  -4.1 6.40e-02    -  1.00e+00 1.00e+00H  1
3141  1.2589716e-03 2.08e-03 4.54e-02  -4.1 9.27e-02    -  1.00e+00 2.77e-01H  1
3142  7.1884477e-04 9.78e-04 1.50e-02  -4.1 2.99e-02    -  8.34e-01 1.00e+00f  1
3143  7.1728656e-04 3.79e-04 6.26e-03  -4.1 2.59e-02    -  1.00e+00 1.00e+00h  1
3144  7.0959841e-04 2.28e-04 4.35e-03  -4.1 1.94e-02    -  1.00e+00 1.00e+00h  1
3145  7.1728268e-04 9.96e-05 1.01e-02  -4.1 1.15e-02    -  1.00e+00 1.00e+00h  1
3146  7.1614511e-04 7.35e-05 3.63e-03  -4.1 1.50e-02    -  1.00e+00 5.00e-01h  2
3147  7.0852521e-04 5.53e-05 8.39e-03  -4.1 1.04e-02    -  1.00e+00 1.00e+00h  1
3148  7.1133207e-04 3.68e-05 5.56e-03  -4.1 8.97e-03    -  1.00e+00 1.00e+00h  1
3149  7.1374025e-04 9.74e-06 4.79e-03  -4.1 4.10e-03    -  1.00e+00 1.00e+00h  1
iter    objective    inf_pr   inf_du lg(mu)  ||d||  lg(rg) alpha_du alpha_pr  ls
3150  7.0697369e-04 3.70e-06 2.34e-03  -4.1 2.27e-03    -  1.00e+00 1.00e+00h  1
3151  7.0822497e-04 4.43e-07 6.47e-03  -4.1 1.72e-03    -  1.00e+00 1.00e+00H  1
3152  7.0696216e-04 1.20e-06 5.10e-04  -4.1 1.41e-03    -  1.00e+00 1.00e+00h  1
3153  7.0663844e-04 5.44e-08 9.44e-04  -6.1 3.21e-04    -  1.00e+00 1.00e+00h  1
3154  7.0450751e-04 1.57e-05 4.13e-04  -6.1 4.60e-03    -  1.00e+00 1.00e+00h  1
3155  7.0213514e-04 1.23e-05 1.78e-02  -6.1 4.14e-03    -  1.00e+00 2.44e-01h  2
3156  7.0217474e-04 6.47e-06 7.16e-03  -6.1 1.65e-03    -  1.00e+00 5.00e-01h  2
3157  7.0155825e-04 1.50e-07 8.49e-05  -6.1 5.05e-04    -  1.00e+00 1.00e+00h  1
3158  8.4988448e-04 5.41e-03 1.71e-01  -4.0 9.44e-02    -  1.00e+00 1.00e+00f  1
3159  7.6049103e-04 1.35e-03 4.52e-02  -4.1 4.79e-02    -  1.00e+00 1.00e+00h  1
iter    objective    inf_pr   inf_du lg(mu)  ||d||  lg(rg) alpha_du alpha_pr  ls
3160  7.5281788e-04 4.01e-04 1.06e-02  -4.1 2.51e-02    -  1.00e+00 1.00e+00h  1
3161  1.1075633e-03 3.40e-04 4.93e-02  -4.1 2.76e-02    -  8.56e-01 5.00e-01h  2
3162  7.1343055e-04 7.73e-06 2.51e-03  -4.1 3.79e-03    -  1.00e+00 1.00e+00h  1
3163  6.8588445e-04 7.35e-04 9.01e-02  -4.1 3.38e-02    -  1.00e+00 1.00e+00h  1
3164  6.9725215e-04 1.88e-04 2.01e-02  -4.0 1.60e-02    -  1.00e+00 1.00e+00h  1
3165  7.0701538e-04 6.12e-05 5.26e-03  -4.0 1.07e-02    -  1.00e+00 1.00e+00h  1
3166  7.3408602e-04 1.67e-05 8.92e-03  -4.1 4.94e-03    -  1.00e+00 1.00e+00h  1
3167  7.0616844e-04 1.03e-05 3.90e-03  -4.1 3.65e-03    -  1.00e+00 1.00e+00h  1
3168  7.0724844e-04 1.53e-06 3.28e-03  -4.1 1.50e-03    -  1.00e+00 1.00e+00h  1
3169  7.0678704e-04 1.16e-07 5.08e-04  -4.1 4.71e-04    -  1.00e+00 1.00e+00h  1
iter    objective    inf_pr   inf_du lg(mu)  ||d||  lg(rg) alpha_du alpha_pr  ls
3170  7.0651761e-04 3.70e-08 1.19e-03  -6.1 2.82e-04    -  1.00e+00 1.00e+00h  1
3171  7.0502978e-04 8.60e-05 2.11e-03  -6.1 2.60e-02    -  1.00e+00 5.00e-01h  2
3172  7.0032523e-04 2.90e-05 5.13e-04  -6.1 7.25e-03    -  1.00e+00 1.00e+00h  1
3173  8.2993406e-04 3.86e-03 8.50e-02  -4.0 8.30e-02    -  1.00e+00 1.00e+00f  1
3174  7.4748080e-04 1.02e-03 1.90e-02  -4.1 4.27e-02    -  1.00e+00 1.00e+00h  1
3175  7.7955694e-04 3.88e-04 3.88e-03  -4.1 2.44e-02    -  1.00e+00 1.00e+00h  1
3176  7.1260487e-04 3.49e-04 1.41e-02  -4.1 3.48e-02    -  1.00e+00 5.00e-01h  2
3177  7.2380626e-04 4.63e-05 1.48e-03  -4.1 1.03e-02    -  1.00e+00 1.00e+00h  1
3178  8.2949938e-04 5.13e-05 1.77e-02  -4.1 1.02e-02    -  1.00e+00 1.00e+00h  1
3179  7.0854471e-04 4.05e-05 2.49e-03  -4.1 9.20e-03    -  1.00e+00 1.00e+00h  1
iter    objective    inf_pr   inf_du lg(mu)  ||d||  lg(rg) alpha_du alpha_pr  ls
3180  7.0416978e-04 1.54e-05 7.74e-03  -4.1 5.19e-03    -  1.00e+00 1.00e+00h  1
3181  7.0805657e-04 1.57e-05 3.74e-03  -4.1 5.12e-03    -  1.00e+00 1.00e+00h  1
3182  7.0648130e-04 2.46e-06 3.74e-03  -4.1 2.37e-03    -  1.00e+00 1.00e+00h  1
3183  7.0671458e-04 9.09e-07 2.31e-03  -4.1 1.20e-03    -  1.00e+00 1.00e+00h  1
3184  7.0687293e-04 1.50e-07 5.43e-04  -4.1 3.60e-04    -  1.00e+00 1.00e+00h  1
3185  7.0659407e-04 3.10e-08 1.05e-03  -6.1 2.59e-04    -  1.00e+00 1.00e+00h  1
3186  7.0564847e-04 3.15e-06 3.73e-02  -6.1 1.28e-01    -  1.00e+00 1.85e-02h  5
3187  7.0100723e-04 5.94e-06 7.95e-04  -6.1 3.64e-03    -  1.00e+00 1.00e+00h  1
3188  1.1512776e-03 1.15e-03 6.16e-02  -4.0 5.40e-02    -  1.00e+00 1.00e+00h  1
3189  1.2253892e-03 2.30e-04 2.16e-02  -4.1 2.64e-02    -  1.00e+00 1.00e+00h  1
iter    objective    inf_pr   inf_du lg(mu)  ||d||  lg(rg) alpha_du alpha_pr  ls
3190  7.5806587e-04 2.16e-04 1.91e-03  -4.1 1.88e-02    -  1.00e+00 1.00e+00h  1
3191  7.0942636e-04 1.72e-06 1.57e-03  -4.1 2.10e-03    -  1.00e+00 1.00e+00h  1
3192  7.0081425e-04 2.23e-05 2.53e-02  -4.1 7.08e-03    -  1.00e+00 1.00e+00h  1
3193  7.0500587e-04 8.58e-06 4.82e-03  -4.1 4.35e-03    -  1.00e+00 1.00e+00h  1
3194  7.0747878e-04 1.94e-06 2.36e-03  -4.1 2.40e-03    -  1.00e+00 1.00e+00h  1
3195  7.0708208e-04 6.12e-07 2.47e-03  -4.1 1.14e-03    -  1.00e+00 1.00e+00h  1
3196  7.0676849e-04 2.44e-07 7.71e-04  -4.1 4.46e-04    -  1.00e+00 1.00e+00h  1
3197  7.0648976e-04 2.23e-08 8.51e-04  -6.1 2.52e-04    -  1.00e+00 1.00e+00h  1
3198  7.0591643e-04 2.03e-06 2.76e-02  -6.1 7.82e-02    -  1.00e+00 2.70e-02h  5
3199  7.0032608e-04 8.01e-06 7.52e-04  -6.1 5.03e-03    -  1.00e+00 1.00e+00h  1
iter    objective    inf_pr   inf_du lg(mu)  ||d||  lg(rg) alpha_du alpha_pr  ls
3200  1.1672291e-03 9.66e-04 5.19e-02  -4.0 5.32e-02    -  1.00e+00 1.00e+00h  1
3201  1.1193201e-03 3.75e-04 1.75e-02  -4.1 2.52e-02    -  1.00e+00 1.00e+00h  1
3202  1.1079011e-03 4.02e-04 4.82e-03  -4.1 2.26e-02    -  1.00e+00 1.00e+00h  1
3203  7.2564416e-04 5.07e-05 2.69e-03  -4.1 6.38e-03    -  1.00e+00 1.00e+00h  1
3204  6.9676371e-04 9.58e-05 2.42e-02  -4.1 1.78e-02    -  1.00e+00 1.00e+00h  1
3205  7.1880336e-04 4.04e-05 5.71e-03  -4.0 1.06e-02    -  1.00e+00 1.00e+00h  1
3206  8.0131942e-04 4.01e-05 1.20e-02  -4.1 9.87e-03    -  1.00e+00 1.00e+00h  1
3207  7.0602726e-04 1.98e-05 3.14e-03  -4.1 6.72e-03    -  1.00e+00 1.00e+00h  1
3208  7.0758924e-04 1.31e-06 2.65e-03  -4.1 1.83e-03    -  1.00e+00 1.00e+00h  1
3209  7.0670180e-04 2.63e-07 8.66e-04  -4.1 9.91e-04    -  1.00e+00 1.00e+00h  1
iter    objective    inf_pr   inf_du lg(mu)  ||d||  lg(rg) alpha_du alpha_pr  ls
3210  7.0683234e-04 1.99e-08 4.04e-04  -4.1 1.35e-04    -  1.00e+00 1.00e+00h  1
3211  7.0654481e-04 3.31e-08 9.85e-04  -6.1 2.79e-04    -  1.00e+00 1.00e+00h  1
3212  7.0374465e-04 1.64e-05 2.25e-03  -6.1 2.35e-02    -  1.00e+00 2.50e-01h  3
3213  7.0150172e-04 1.23e-05 1.94e-02  -6.1 4.33e-03    -  1.00e+00 2.38e-01h  2
3214  7.0189977e-04 8.86e-06 1.19e-02  -6.1 2.87e-03    -  1.00e+00 2.50e-01h  3
3215  7.0145281e-04 8.64e-07 3.96e-04  -6.1 1.15e-03    -  1.00e+00 1.00e+00h  1
3216  8.8999952e-04 5.31e-03 2.04e-01  -4.0 1.16e-01    -  1.00e+00 1.00e+00f  1
3217  7.6653667e-04 1.55e-03 4.83e-02  -4.1 5.87e-02    -  1.00e+00 1.00e+00h  1
3218  7.2889812e-04 3.85e-04 1.32e-02  -4.1 2.90e-02    -  1.00e+00 1.00e+00h  1
3219  9.9145567e-04 5.33e-04 7.34e-03  -4.1 2.61e-02    -  1.00e+00 1.00e+00h  1
iter    objective    inf_pr   inf_du lg(mu)  ||d||  lg(rg) alpha_du alpha_pr  ls
3220  7.0722248e-04 1.19e-04 6.29e-04  -4.1 1.41e-02    -  1.00e+00 1.00e+00h  1
3221  7.0620172e-04 3.23e-07 3.97e-04  -6.1 7.08e-04    -  1.00e+00 1.00e+00h  1
3222  7.0383325e-04 1.55e-06 6.02e-04  -6.1 1.95e-03    -  1.00e+00 1.00e+00h  1
3223  7.0293297e-04 1.94e-06 4.30e-03  -6.1 3.61e-03    -  1.00e+00 5.00e-01h  2
3224  7.0137001e-04 4.95e-06 3.37e-04  -6.1 2.33e-03    -  1.00e+00 1.00e+00h  1
3225  7.0148331e-04 6.56e-07 1.12e-04  -6.1 1.02e-03    -  1.00e+00 1.00e+00h  1
3226  9.0360191e-04 4.25e-03 2.52e-01  -4.0 9.80e-02    -  1.00e+00 1.00e+00f  1
3227  7.6479398e-04 1.20e-03 6.14e-02  -4.1 4.96e-02    -  1.00e+00 1.00e+00h  1
3228  1.4333086e-03 4.13e-04 7.84e-03  -4.1 2.77e-02    -  1.00e+00 1.00e+00h  1
3229  7.2969146e-04 1.06e-04 1.01e-02  -4.1 1.22e-02    -  1.00e+00 1.00e+00h  1
iter    objective    inf_pr   inf_du lg(mu)  ||d||  lg(rg) alpha_du alpha_pr  ls
3230  7.2007407e-04 2.67e-04 1.02e-02  -4.1 1.62e-02    -  1.00e+00 1.00e+00h  1
3231  7.1552423e-04 1.84e-04 6.72e-03  -4.1 1.89e-02    -  1.00e+00 5.00e-01h  2
3232  7.8039270e-04 5.52e-05 2.67e-02  -4.1 1.44e-02    -  1.00e+00 8.43e-01H  1
3233  7.0919445e-04 6.40e-05 2.42e-03  -4.1 1.03e-02    -  1.00e+00 1.00e+00f  1
3234  7.0774463e-04 1.97e-05 9.16e-03  -4.1 4.90e-03    -  1.00e+00 1.00e+00h  1
3235  7.0971828e-04 1.50e-05 5.74e-03  -4.1 4.79e-03    -  1.00e+00 1.00e+00h  1
3236  7.0737260e-04 4.40e-06 6.65e-03  -4.1 2.27e-03    -  1.00e+00 1.00e+00h  1
3237  7.0838016e-04 3.22e-06 2.98e-03  -4.1 2.37e-03    -  1.00e+00 1.00e+00h  1
3238  7.0838292e-04 6.22e-07 7.39e-04  -4.1 6.65e-04    -  1.00e+00 1.00e+00h  1
3239  7.0804130e-04 4.72e-08 9.86e-04  -6.1 2.61e-04    -  1.00e+00 1.00e+00h  1
iter    objective    inf_pr   inf_du lg(mu)  ||d||  lg(rg) alpha_du alpha_pr  ls
3240  7.0089131e-04 3.05e-04 1.50e-03  -6.1 2.02e-02    -  1.00e+00 1.00e+00h  1
3241  6.9967867e-04 2.31e-04 3.48e-03  -6.1 1.29e-02    -  1.00e+00 2.50e-01h  3
3242  6.9990988e-04 4.97e-05 7.97e-04  -6.1 8.89e-03    -  1.00e+00 1.00e+00h  1
3243  7.0195036e-04 2.57e-05 5.21e-03  -6.1 3.28e-03    -  1.00e+00 5.00e-01h  2
3244  7.0150899e-04 3.14e-06 1.02e-04  -6.1 2.16e-03    -  1.00e+00 1.00e+00h  1
3245  7.0175233e-04 3.50e-07 1.16e-04  -6.1 1.33e-03    -  1.00e+00 1.00e+00h  1
3246  9.7111147e-04 1.30e-03 6.57e-02  -4.0 9.36e-02    -  1.00e+00 5.00e-01f  2
3247  7.3917772e-04 5.34e-04 7.40e-03  -4.1 3.98e-02    -  1.00e+00 1.00e+00h  1
3248  8.1686163e-04 4.52e-04 2.95e-02  -4.1 4.27e-02    -  1.00e+00 5.00e-01h  2
3249  7.8236436e-04 6.35e-06 9.33e-04  -4.1 1.39e-02    -  1.00e+00 1.00e+00h  1
iter    objective    inf_pr   inf_du lg(mu)  ||d||  lg(rg) alpha_du alpha_pr  ls
3250  7.3351937e-04 1.58e-04 3.16e-01  -4.1 3.10e-02    -  1.00e+00 5.00e-01h  2
3251  7.4744199e-04 9.41e-05 7.32e-03  -4.1 1.19e-02    -  1.00e+00 1.00e+00h  1
3252  7.0911444e-04 2.36e-05 4.68e-03  -4.1 7.18e-03    -  1.00e+00 1.00e+00h  1
3253  7.0851441e-04 7.80e-06 5.99e-03  -4.1 3.32e-03    -  1.00e+00 1.00e+00h  1
3254  7.0723901e-04 4.61e-06 4.08e-03  -4.1 2.90e-03    -  1.00e+00 1.00e+00h  1
3255  7.0718527e-04 7.43e-07 1.34e-03  -4.1 1.27e-03    -  1.00e+00 1.00e+00h  1
3256  7.0734619e-04 7.61e-08 1.02e-03  -4.1 3.38e-04    -  1.00e+00 1.00e+00h  1
3257  7.0718917e-04 8.64e-09 3.07e-04  -4.1 2.71e-04    -  1.00e+00 1.00e+00h  1
3258  7.0673012e-04 6.99e-08 1.05e-03  -6.1 1.20e-03    -  1.00e+00 1.00e+00h  1
3259  7.1413543e-04 8.51e-10 6.50e-04  -6.1 1.16e-02    -  1.00e+00 1.00e+00H  1
iter    objective    inf_pr   inf_du lg(mu)  ||d||  lg(rg) alpha_du alpha_pr  ls
3260  7.0453162e-04 8.09e-07 6.60e-04  -6.1 6.94e-03    -  1.00e+00 1.00e+00h  1
3261  7.0390167e-04 2.28e-07 1.12e-03  -6.1 2.22e-03    -  1.00e+00 1.00e+00h  1
3262  7.0372644e-04 2.51e-07 5.75e-04  -6.1 1.43e-03    -  1.00e+00 1.00e+00h  1
3263  7.0234731e-04 3.94e-07 8.79e-05  -6.1 8.08e-04    -  1.00e+00 1.00e+00h  1
3264  7.0138956e-04 4.73e-07 1.13e-04  -6.1 9.37e-04    -  1.00e+00 1.00e+00h  1
3265  1.1286854e-03 2.14e-03 9.52e-02  -4.0 1.49e-01    -  1.00e+00 5.00e-01f  2
3266  7.7750767e-04 7.00e-04 1.11e-02  -4.1 1.03e-01    -  1.00e+00 1.00e+00h  1
3267  1.1025964e-03 4.06e-04 2.06e-03  -4.1 2.32e-02    -  1.00e+00 1.00e+00h  1
3268  7.3109086e-04 9.58e-05 3.14e-03  -4.1 3.70e-02    -  1.00e+00 1.00e+00h  1
3269  7.0465488e-04 2.23e-05 6.50e-03  -4.1 1.21e-02    -  1.00e+00 1.00e+00h  1
iter    objective    inf_pr   inf_du lg(mu)  ||d||  lg(rg) alpha_du alpha_pr  ls
3270  7.4499445e-04 6.59e-05 1.35e-02  -4.1 1.03e-02    -  1.00e+00 1.00e+00h  1
3271  7.1415613e-04 3.17e-05 1.82e-03  -4.1 8.14e-03    -  1.00e+00 1.00e+00h  1
3272  7.1703024e-04 2.13e-06 4.41e-03  -4.1 8.87e-03    -  1.00e+00 1.00e+00h  1
3273  7.0822022e-04 5.32e-06 6.42e-03  -4.1 4.97e-03    -  1.00e+00 1.00e+00h  1
3274  7.0689204e-04 2.09e-06 3.19e-03  -4.1 2.27e-03    -  1.00e+00 1.00e+00h  1
3275  7.0675027e-04 5.38e-07 1.77e-03  -4.1 1.34e-03    -  1.00e+00 1.00e+00h  1
3276  7.0690397e-04 1.44e-07 1.53e-03  -4.1 5.10e-04    -  1.00e+00 1.00e+00h  1
3277  7.0679063e-04 2.22e-08 1.01e-04  -4.1 1.98e-04    -  1.00e+00 1.00e+00h  1
3278  7.0653128e-04 3.20e-08 1.27e-03  -6.1 2.48e-04    -  1.00e+00 1.00e+00h  1
3279  7.0632117e-04 1.02e-05 4.02e-02  -6.1 1.63e-01    -  1.00e+00 2.88e-02h  4
iter    objective    inf_pr   inf_du lg(mu)  ||d||  lg(rg) alpha_du alpha_pr  ls
3280  7.0364303e-04 7.12e-07 1.51e-04  -6.1 9.97e-04    -  1.00e+00 1.00e+00h  1
3281  7.0151174e-04 1.76e-07 4.94e-04  -6.1 4.42e-04    -  1.00e+00 1.00e+00h  1
3282  8.6359154e-04 4.20e-03 1.32e-01  -4.0 9.31e-02    -  1.00e+00 1.00e+00f  1
3283  7.5864951e-04 1.14e-03 3.37e-02  -4.1 4.66e-02    -  1.00e+00 1.00e+00h  1
3284  8.0638493e-04 3.30e-04 7.70e-03  -4.1 2.67e-02    -  1.00e+00 1.00e+00h  1
3285  7.6606543e-04 3.28e-04 3.85e-02  -4.1 4.04e-02    -  9.59e-01 5.00e-01h  2
3286  7.5829284e-04 2.12e-05 7.45e-04  -4.1 5.49e-03    -  1.00e+00 1.00e+00h  1
3287  7.0453569e-04 2.68e-06 7.96e-04  -6.1 2.23e-03    -  1.00e+00 1.00e+00h  1
3288  7.0305340e-04 9.00e-07 3.94e-04  -6.1 1.55e-03    -  1.00e+00 1.00e+00h  1
3289  7.0185366e-04 4.69e-06 1.35e-02  -6.1 1.67e-02    -  1.00e+00 2.50e-01h  3
iter    objective    inf_pr   inf_du lg(mu)  ||d||  lg(rg) alpha_du alpha_pr  ls
3290  7.1680170e-04 7.88e-07 9.81e-04  -6.1 7.96e-03    -  1.00e+00 1.00e+00H  1
3291  7.0052142e-04 3.11e-05 3.11e-04  -6.1 8.02e-03    -  1.00e+00 1.00e+00h  1
3292  7.0148269e-04 1.35e-06 1.40e-04  -6.1 1.60e-03    -  1.00e+00 1.00e+00h  1
3293  7.0163359e-04 1.17e-06 1.94e-04  -6.1 1.21e-03    -  1.00e+00 1.00e+00h  1
3294  7.0145475e-04 4.67e-07 1.11e-04  -6.1 9.94e-04    -  1.00e+00 1.00e+00h  1
3295  9.8289376e-04 3.96e-03 3.35e-01  -4.0 9.78e-02    -  1.00e+00 1.00e+00f  1
3296  7.9077141e-04 1.37e-03 7.64e-02  -4.1 5.21e-02    -  1.00e+00 1.00e+00h  1
3297  1.0574063e-03 1.14e-03 1.28e-02  -4.1 4.20e-02    -  1.00e+00 1.00e+00h  1
3298  7.4357731e-04 5.68e-04 1.21e-02  -4.1 2.83e-02    -  1.00e+00 1.00e+00h  1
3299  7.3071167e-04 2.75e-04 9.57e-03  -4.1 2.19e-02    -  1.00e+00 1.00e+00h  1
iter    objective    inf_pr   inf_du lg(mu)  ||d||  lg(rg) alpha_du alpha_pr  ls
3300  7.1868409e-04 2.39e-04 5.19e-03  -4.1 1.42e-02    -  1.00e+00 1.00e+00h  1
3301  8.1351596e-04 1.94e-05 2.11e-03  -4.1 5.94e-03    -  1.00e+00 1.00e+00h  1
3302  7.1456911e-04 1.93e-05 2.17e-02  -4.1 7.21e-03    -  1.00e+00 1.00e+00h  1
3303  7.2052051e-04 2.11e-05 2.60e-03  -4.1 6.98e-03    -  1.00e+00 1.00e+00h  1
3304  7.1029941e-04 2.48e-06 4.24e-03  -4.1 2.14e-03    -  1.00e+00 1.00e+00h  1
3305  7.1098597e-04 1.41e-05 1.38e-02  -4.1 4.58e-03    -  1.00e+00 1.00e+00h  1
3306  7.0896303e-04 6.34e-06 4.98e-04  -4.1 2.99e-03    -  1.00e+00 1.00e+00h  1
3307  7.0852842e-04 4.75e-08 4.71e-04  -6.1 4.08e-04    -  1.00e+00 1.00e+00h  1
3308  7.0882940e-04 5.64e-08 2.33e-04  -6.1 4.88e-03    -  1.00e+00 1.00e+00H  1
3309  7.0616091e-04 4.19e-06 1.98e-03  -6.1 6.32e-03    -  1.00e+00 5.00e-01h  2
iter    objective    inf_pr   inf_du lg(mu)  ||d||  lg(rg) alpha_du alpha_pr  ls
3310  7.0421537e-04 1.95e-06 5.00e-04  -6.1 4.81e-03    -  1.00e+00 1.00e+00h  1
3311  7.0292336e-04 1.38e-07 1.35e-04  -6.1 7.53e-04    -  1.00e+00 1.00e+00h  1
3312  7.0245260e-04 1.78e-07 2.17e-04  -6.1 4.80e-04    -  1.00e+00 1.00e+00h  1
3313  7.0223466e-04 1.11e-07 6.20e-05  -6.1 8.09e-04    -  1.00e+00 1.00e+00h  1
3314  7.0198543e-04 4.83e-07 7.47e-05  -6.1 7.52e-04    -  1.00e+00 1.00e+00h  1
3315  7.0173823e-04 1.99e-06 1.64e-04  -6.1 1.81e-03    -  1.00e+00 1.00e+00h  1
3316  7.7862704e-04 1.15e-08 1.56e-03  -6.1 9.35e-03    -  1.00e+00 1.00e+00H  1
3317  7.0118314e-04 3.02e-05 4.39e-04  -6.1 7.49e-03    -  1.00e+00 1.00e+00h  1
3318  7.0156390e-04 3.01e-07 7.82e-05  -6.1 5.05e-04    -  1.00e+00 1.00e+00h  1
3319  7.0263910e-04 2.06e-08 1.85e-04  -6.1 1.06e-03    -  1.00e+00 1.00e+00H  1
iter    objective    inf_pr   inf_du lg(mu)  ||d||  lg(rg) alpha_du alpha_pr  ls
3320  7.0153003e-04 5.04e-07 4.14e-05  -6.1 8.19e-04    -  1.00e+00 1.00e+00h  1
3321  7.0154407e-04 3.17e-08 3.13e-05  -6.1 2.30e-04    -  1.00e+00 1.00e+00h  1
3322  8.8211985e-04 2.69e-03 1.06e-01  -4.0 1.16e-01    -  1.00e+00 5.00e-01f  2
3323  7.4169909e-04 2.20e-03 1.15e-02  -4.1 5.57e-02    -  1.00e+00 1.00e+00h  1
3324  8.9298262e-04 1.57e-03 3.73e-02  -4.1 8.40e-02    -  9.31e-01 5.00e-01h  2
3325  8.5732553e-04 1.21e-03 6.57e-03  -4.1 1.58e-01    -  1.00e+00 3.31e-02H  1
3326  7.4079051e-04 2.12e-03 5.43e-02  -4.1 9.74e-02    -  1.00e+00 5.00e-01f  2
3327  1.5211380e-03 8.34e-04 1.17e-02  -4.1 7.87e-02    -  1.00e+00 1.00e+00h  1
3328  8.2832914e-04 7.88e-04 2.34e-03  -4.1 5.57e-02    -  1.00e+00 1.00e+00h  1
3329  7.8322122e-04 5.43e-04 7.61e-02  -4.1 6.73e-02    -  1.00e+00 4.26e-01H  1
iter    objective    inf_pr   inf_du lg(mu)  ||d||  lg(rg) alpha_du alpha_pr  ls
3330  7.1518797e-04 2.37e-04 3.83e-03  -4.1 2.29e-02    -  1.00e+00 1.00e+00f  1
3331  7.0754644e-04 9.83e-04 2.28e-02  -4.1 3.60e-02    -  1.00e+00 1.00e+00h  1
3332  7.3435431e-04 3.74e-04 3.12e-03  -4.1 2.28e-02    -  1.00e+00 1.00e+00h  1
3333  7.9398494e-04 1.72e-04 5.51e-02  -4.1 2.19e-02    -  1.00e+00 5.94e-01H  1
3334  7.1669815e-04 1.43e-04 4.38e-03  -4.1 1.72e-02    -  1.00e+00 1.00e+00f  1
3335  7.7049013e-04 1.70e-04 2.41e-01  -4.1 2.35e-02    -  1.00e+00 3.86e-01H  1
3336  7.0857110e-04 6.65e-05 7.05e-03  -4.1 1.09e-02    -  1.00e+00 1.00e+00f  1
3337  7.1269933e-04 1.15e-04 8.56e-03  -4.1 1.26e-02    -  1.00e+00 1.00e+00h  1
3338  7.0651038e-04 3.56e-05 3.27e-03  -4.1 7.06e-03    -  1.00e+00 1.00e+00h  1
3339  7.0876209e-04 6.76e-06 3.24e-03  -4.1 2.91e-03    -  1.00e+00 1.00e+00h  1
iter    objective    inf_pr   inf_du lg(mu)  ||d||  lg(rg) alpha_du alpha_pr  ls
3340  7.0755172e-04 1.77e-06 1.97e-03  -4.1 1.21e-03    -  1.00e+00 1.00e+00h  1
3341  7.0783765e-04 2.77e-07 1.58e-03  -4.1 6.46e-04    -  1.00e+00 1.00e+00h  1
3342  7.0786646e-04 5.92e-08 6.04e-04  -4.1 3.72e-04    -  1.00e+00 1.00e+00h  1
3343  7.0762089e-04 3.96e-08 9.07e-04  -6.1 3.98e-04    -  1.00e+00 1.00e+00h  1
3344  7.0583246e-04 1.16e-05 6.92e-04  -6.1 1.27e-02    -  1.00e+00 5.00e-01h  2
3345  7.0541387e-04 1.05e-05 7.34e-03  -6.1 5.17e-03    -  1.00e+00 3.39e-01h  2
3346  7.0398656e-04 6.33e-07 4.91e-04  -6.1 3.53e-03    -  1.00e+00 1.00e+00h  1
3347  7.0348628e-04 6.49e-08 2.32e-04  -6.1 1.88e-03    -  1.00e+00 1.00e+00h  1
3348  7.0278784e-04 3.09e-07 2.25e-04  -6.1 6.00e-04    -  1.00e+00 1.00e+00h  1
3349  7.0256438e-04 9.16e-07 1.25e-04  -6.1 1.09e-03    -  1.00e+00 1.00e+00h  1
iter    objective    inf_pr   inf_du lg(mu)  ||d||  lg(rg) alpha_du alpha_pr  ls
3350  7.0192804e-04 5.74e-06 5.22e-04  -6.1 3.15e-03    -  1.00e+00 1.00e+00h  1
3351  7.0188336e-04 6.48e-06 8.50e-03  -6.1 2.49e-02    -  1.00e+00 6.25e-02h  5
3352  7.0191868e-04 1.10e-06 3.40e-04  -6.1 1.83e-03    -  1.00e+00 1.00e+00h  1
3353  7.0215461e-04 5.27e-07 2.36e-03  -6.1 2.02e-03    -  1.00e+00 5.00e-01h  2
3354  7.0176203e-04 1.78e-07 3.91e-05  -6.1 1.78e-03    -  1.00e+00 1.00e+00h  1
3355  7.0170541e-04 1.67e-07 7.38e-05  -6.1 4.88e-04    -  1.00e+00 1.00e+00h  1
3356  7.0235131e-04 2.11e-08 4.74e-04  -6.1 3.92e-03    -  1.00e+00 1.00e+00H  1
3357  7.0152860e-04 6.81e-07 4.94e-04  -6.1 3.81e-03    -  1.00e+00 1.00e+00h  1
3358  7.0150313e-04 3.28e-07 5.77e-05  -6.1 6.77e-04    -  1.00e+00 1.00e+00h  1
3359  7.1153482e-04 1.99e-09 5.63e-04  -6.1 6.81e-03    -  1.00e+00 1.00e+00H  1
iter    objective    inf_pr   inf_du lg(mu)  ||d||  lg(rg) alpha_du alpha_pr  ls
3360  7.0131508e-04 6.53e-06 1.71e-04  -6.1 7.03e-03    -  1.00e+00 1.00e+00h  1
3361  7.0137541e-04 1.12e-07 6.57e-05  -6.1 5.89e-04    -  1.00e+00 1.00e+00h  1
3362  9.7061016e-04 7.18e-03 3.49e-01  -4.0 8.03e-02    -  1.00e+00 1.00e+00f  1
3363  7.7614582e-04 1.87e-03 8.58e-02  -4.1 3.92e-02    -  1.00e+00 1.00e+00h  1
3364  7.3015184e-04 4.88e-04 2.11e-02  -4.1 2.32e-02    -  1.00e+00 1.00e+00h  1
3365  7.2247141e-04 2.17e-04 1.00e-02  -4.1 1.76e-02    -  1.00e+00 1.00e+00h  1
3366  7.2124004e-04 1.65e-04 1.55e-03  -4.1 1.88e-02    -  1.00e+00 5.00e-01h  2
3367  7.1123489e-04 1.67e-05 5.56e-03  -4.1 5.35e-03    -  1.00e+00 1.00e+00h  1
3368  7.1499783e-04 6.32e-05 1.61e-02  -4.1 7.79e-03    -  1.00e+00 1.00e+00h  1
3369  7.0829699e-04 2.68e-05 2.36e-03  -4.1 6.06e-03    -  1.00e+00 1.00e+00h  1
iter    objective    inf_pr   inf_du lg(mu)  ||d||  lg(rg) alpha_du alpha_pr  ls
3370  7.0999397e-04 1.26e-05 8.45e-03  -4.1 3.92e-03    -  1.00e+00 1.00e+00h  1
3371  7.0845573e-04 6.65e-06 1.18e-03  -4.1 2.92e-03    -  1.00e+00 1.00e+00h  1
3372  7.0854568e-04 1.55e-07 1.50e-03  -4.1 5.41e-04    -  1.00e+00 1.00e+00h  1
3373  7.0822844e-04 3.35e-07 2.32e-03  -4.1 7.80e-04    -  1.00e+00 1.00e+00h  1
3374  7.0755492e-04 6.55e-08 7.89e-03  -4.1 2.75e-03    -  1.00e+00 1.00e+00H  1
3375  7.1212631e-04 2.79e-08 1.00e-02  -4.1 2.16e-03    -  1.00e+00 1.00e+00H  1
3376  7.0724329e-04 2.49e-06 2.17e-03  -4.1 2.14e-03    -  1.00e+00 1.00e+00h  1
3377  7.0706427e-04 8.30e-08 1.38e-03  -4.1 3.56e-04    -  1.00e+00 1.00e+00h  1
3378  7.0712910e-04 8.40e-07 2.66e-02  -4.1 9.00e-03    -  1.00e+00 1.25e-01h  4
3379  7.0679062e-04 5.25e-07 2.13e-03  -4.1 7.75e-04    -  1.00e+00 1.00e+00h  1
iter    objective    inf_pr   inf_du lg(mu)  ||d||  lg(rg) alpha_du alpha_pr  ls
3380  7.0679733e-04 2.33e-07 2.40e-03  -4.1 8.03e-04    -  1.00e+00 5.00e-01h  2
3381  7.0675559e-04 1.28e-07 2.95e-04  -4.1 4.12e-04    -  1.00e+00 1.00e+00h  1
3382  7.0637215e-04 3.34e-07 1.23e-03  -6.1 6.66e-04    -  1.00e+00 1.00e+00h  1
3383  7.0526929e-04 5.85e-06 2.03e-03  -6.1 2.49e-03    -  1.00e+00 1.00e+00h  1
3384  7.0313094e-04 1.13e-05 1.29e-02  -6.1 9.21e-03    -  1.00e+00 2.52e-01h  2
3385  7.0231058e-04 3.79e-06 4.97e-04  -6.1 4.36e-03    -  1.00e+00 1.00e+00h  1
3386  7.0381044e-04 1.96e-07 4.50e-04  -6.1 2.11e-03    -  1.00e+00 1.00e+00H  1
3387  7.0163857e-04 1.54e-06 4.15e-04  -6.1 3.13e-03    -  1.00e+00 1.00e+00h  1
3388  7.0143377e-04 1.22e-06 1.98e-04  -6.1 1.06e-03    -  1.00e+00 1.00e+00h  1
3389  7.0206803e-04 6.90e-08 2.39e-04  -6.1 1.07e-03    -  1.00e+00 1.00e+00H  1
iter    objective    inf_pr   inf_du lg(mu)  ||d||  lg(rg) alpha_du alpha_pr  ls
3390  7.0142599e-04 8.32e-07 3.68e-05  -6.1 1.13e-03    -  1.00e+00 1.00e+00h  1
3391  7.0146942e-04 1.03e-08 2.56e-05  -6.1 1.62e-04    -  1.00e+00 1.00e+00h  1
3392  9.3134097e-04 1.58e-03 1.68e-01  -4.0 9.65e-02    -  1.00e+00 5.00e-01f  2
3393  8.9579293e-04 5.31e-04 1.50e-02  -4.1 2.79e-02    -  1.00e+00 1.00e+00h  1
3394  8.0591350e-04 4.12e-04 5.19e-03  -4.1 2.14e-02    -  1.00e+00 1.00e+00h  1
3395  7.1785159e-04 2.37e-04 3.45e-03  -4.1 1.53e-02    -  1.00e+00 1.00e+00h  1
3396  7.3145849e-04 6.24e-04 2.13e-02  -4.1 3.12e-02    -  1.00e+00 1.00e+00h  1
3397  7.1917941e-04 2.56e-04 3.67e-03  -4.1 1.58e-02    -  1.00e+00 1.00e+00h  1
3398  7.2395052e-04 1.87e-04 1.50e-02  -4.1 1.96e-02    -  1.00e+00 5.00e-01h  2
3399  7.1128379e-04 5.07e-05 6.19e-03  -4.1 7.26e-03    -  1.00e+00 1.00e+00h  1
iter    objective    inf_pr   inf_du lg(mu)  ||d||  lg(rg) alpha_du alpha_pr  ls
3400  7.0882457e-04 3.08e-05 7.98e-03  -4.1 6.17e-03    -  1.00e+00 1.00e+00h  1
3401  7.1009038e-04 1.27e-05 4.31e-03  -4.1 4.22e-03    -  1.00e+00 1.00e+00h  1
3402  7.0901577e-04 1.11e-06 2.17e-03  -4.1 1.47e-03    -  1.00e+00 1.00e+00h  1
3403  7.0934543e-04 2.99e-07 2.08e-03  -4.1 6.65e-04    -  1.00e+00 1.00e+00h  1
3404  7.0910358e-04 2.27e-07 1.04e-03  -4.1 5.06e-04    -  1.00e+00 1.00e+00h  1
3405  7.0852369e-04 5.48e-07 1.70e-03  -4.1 8.39e-04    -  1.00e+00 1.00e+00h  1
3406  7.0910024e-04 2.85e-08 5.70e-03  -4.1 2.49e-03    -  1.00e+00 1.00e+00H  1
3407  7.1082066e-04 3.06e-09 2.00e-02  -4.1 4.06e-03    -  1.00e+00 1.00e+00H  1
3408  7.0846520e-04 9.56e-08 4.94e-03  -4.1 4.43e-03    -  1.00e+00 1.00e+00H  1
3409  7.1006244e-04 1.21e-10 6.41e-03  -4.1 2.66e-03    -  1.00e+00 1.00e+00H  1
iter    objective    inf_pr   inf_du lg(mu)  ||d||  lg(rg) alpha_du alpha_pr  ls
3410  7.0772816e-04 1.48e-08 1.09e-03  -4.1 2.30e-03    -  1.00e+00 1.00e+00H  1
3411  7.0809466e-04 2.98e-10 6.09e-03  -4.1 1.58e-03    -  1.00e+00 1.00e+00H  1
3412  7.0699343e-04 7.73e-07 1.10e-03  -4.1 1.34e-03    -  1.00e+00 1.00e+00h  1
3413  7.0716821e-04 4.58e-07 2.65e-03  -4.1 7.01e-04    -  1.00e+00 1.00e+00h  1
3414  7.0692795e-04 1.95e-07 1.72e-04  -4.1 4.88e-04    -  1.00e+00 1.00e+00h  1
3415  7.0651804e-04 1.80e-07 1.45e-04  -6.1 4.18e-04    -  1.00e+00 1.00e+00h  1
3416  7.0592702e-04 8.27e-06 1.07e-03  -6.1 1.23e-02    -  1.00e+00 2.50e-01h  3
3417  7.0310218e-04 8.41e-06 1.17e-02  -6.1 5.72e-03    -  1.00e+00 2.99e-01h  2
3418  7.0359498e-04 3.84e-06 6.95e-03  -6.1 1.50e-03    -  1.00e+00 5.00e-01h  2
3419  7.0228562e-04 3.47e-08 1.86e-04  -6.1 2.83e-04    -  1.00e+00 1.00e+00h  1
iter    objective    inf_pr   inf_du lg(mu)  ||d||  lg(rg) alpha_du alpha_pr  ls
3420  7.0220104e-04 4.33e-09 2.42e-05  -6.1 7.62e-05    -  1.00e+00 1.00e+00h  1
3421  8.4574537e-04 2.30e-03 2.05e-01  -4.0 1.04e-01    -  1.00e+00 5.00e-01f  2
3422  7.4035538e-04 6.75e-04 1.60e-02  -4.1 2.78e-02    -  1.00e+00 1.00e+00h  1
3423  7.4690417e-04 2.69e-04 1.71e-03  -4.1 1.89e-02    -  1.00e+00 1.00e+00h  1
3424  7.0769643e-04 7.01e-06 8.36e-04  -4.1 3.07e-03    -  1.00e+00 1.00e+00h  1
3425  7.1929100e-04 1.46e-04 3.40e-02  -4.1 1.30e-02    -  1.00e+00 1.00e+00h  1
3426  7.1053746e-04 4.72e-05 7.47e-03  -4.1 7.48e-03    -  1.00e+00 1.00e+00h  1
3427  7.0661349e-04 1.68e-05 2.45e-03  -4.1 4.35e-03    -  1.00e+00 1.00e+00h  1
3428  7.0773434e-04 1.92e-06 1.43e-03  -4.1 1.41e-03    -  1.00e+00 1.00e+00h  1
3429  7.0730647e-04 1.57e-07 3.65e-04  -4.1 4.08e-04    -  1.00e+00 1.00e+00h  1
iter    objective    inf_pr   inf_du lg(mu)  ||d||  lg(rg) alpha_du alpha_pr  ls
3430  7.0707131e-04 2.50e-08 7.89e-04  -6.1 2.09e-04    -  1.00e+00 1.00e+00h  1
3431  7.0621154e-04 4.60e-05 4.44e-03  -6.1 3.43e-02    -  1.00e+00 2.50e-01h  3
3432  7.0463227e-04 7.13e-06 2.57e-04  -6.1 2.80e-03    -  1.00e+00 1.00e+00h  1
3433  7.0189766e-04 3.83e-06 2.44e-03  -6.1 1.21e-03    -  1.00e+00 5.00e-01h  2
3434  7.0198130e-04 1.86e-07 1.85e-04  -6.1 6.77e-04    -  1.00e+00 1.00e+00h  1
3435  7.0190248e-04 1.54e-08 8.26e-05  -6.1 3.08e-04    -  1.00e+00 1.00e+00h  1
3436  7.0181747e-04 1.39e-08 3.37e-05  -6.1 1.78e-04    -  1.00e+00 1.00e+00h  1
3437  8.6216296e-04 4.65e-03 2.48e-01  -4.0 8.88e-02    -  1.00e+00 1.00e+00f  1
3438  7.5933419e-04 1.09e-03 6.01e-02  -4.1 4.46e-02    -  1.00e+00 1.00e+00h  1
3439  7.2452512e-04 3.20e-04 1.49e-02  -4.1 2.30e-02    -  1.00e+00 1.00e+00h  1
iter    objective    inf_pr   inf_du lg(mu)  ||d||  lg(rg) alpha_du alpha_pr  ls
3440  7.1890009e-04 1.25e-04 1.64e-03  -4.1 1.46e-02    -  1.00e+00 1.00e+00h  1
3441  8.1624437e-04 3.32e-05 1.21e-01  -4.1 1.77e-02    -  1.00e+00 5.08e-01H  1
3442  7.0465614e-04 2.75e-05 1.91e-03  -4.1 6.83e-03    -  1.00e+00 1.00e+00f  1
3443  7.1061184e-04 1.88e-05 8.82e-03  -4.1 5.64e-03    -  1.00e+00 1.00e+00h  1
3444  7.0578938e-04 1.14e-05 2.70e-03  -4.1 4.38e-03    -  1.00e+00 1.00e+00h  1
3445  7.0701382e-04 8.82e-07 1.13e-03  -4.1 1.25e-03    -  1.00e+00 1.00e+00h  1
3446  7.0671817e-04 4.95e-08 1.73e-04  -4.1 2.92e-04    -  1.00e+00 1.00e+00h  1
3447  7.0648035e-04 2.41e-08 9.96e-04  -6.1 2.28e-04    -  1.00e+00 1.00e+00h  1
3448  7.0249111e-04 4.10e-05 2.24e-02  -6.1 9.64e-02    -  1.00e+00 1.00e-01h  3
3449  7.0180524e-04 2.28e-05 7.78e-03  -6.1 3.94e-03    -  1.00e+00 5.00e-01h  2
iter    objective    inf_pr   inf_du lg(mu)  ||d||  lg(rg) alpha_du alpha_pr  ls
3450  7.0258448e-04 4.00e-06 2.10e-04  -6.1 2.84e-03    -  1.00e+00 1.00e+00h  1
3451  7.0147363e-04 4.70e-08 9.97e-05  -6.1 2.98e-04    -  1.00e+00 1.00e+00h  1
3452  7.0163201e-04 5.31e-08 3.27e-05  -6.1 2.70e-04    -  1.00e+00 1.00e+00h  1
3453  7.0156545e-04 5.72e-09 1.82e-05  -6.1 1.89e-04    -  1.00e+00 1.00e+00h  1
3454  8.4844374e-04 1.45e-03 3.43e-02  -4.0 1.05e-01    -  1.00e+00 5.00e-01f  2
3455  7.3934090e-04 4.38e-04 5.61e-03  -4.1 3.38e-02    -  1.00e+00 1.00e+00h  1
3456  7.3707664e-04 3.99e-04 3.03e-02  -4.1 4.75e-02    -  1.00e+00 2.50e-01h  3
3457  7.2241550e-04 5.59e-05 4.77e-04  -4.1 1.01e-02    -  1.00e+00 1.00e+00h  1
3458  7.0630455e-04 2.23e-05 9.07e-04  -6.1 1.78e-02    -  1.00e+00 1.00e+00h  1
3459  7.0167259e-04 2.78e-06 1.28e-04  -6.1 5.62e-03    -  1.00e+00 1.00e+00h  1
iter    objective    inf_pr   inf_du lg(mu)  ||d||  lg(rg) alpha_du alpha_pr  ls
3460  7.0141500e-04 3.63e-08 3.89e-05  -6.1 2.60e-04    -  1.00e+00 1.00e+00h  1
3461  8.8200511e-04 3.68e-03 3.65e-01  -4.0 8.89e-02    -  1.00e+00 1.00e+00f  1
3462  7.5742459e-04 9.45e-04 9.04e-02  -4.1 4.43e-02    -  1.00e+00 1.00e+00h  1
3463  7.2444433e-04 2.39e-04 2.17e-02  -4.1 2.31e-02    -  1.00e+00 1.00e+00h  1
3464  7.1358883e-04 9.35e-05 4.16e-03  -4.1 1.31e-02    -  1.00e+00 1.00e+00h  1
3465  8.0361222e-04 3.19e-05 8.23e-03  -4.1 9.43e-03    -  1.00e+00 1.00e+00h  1
3466  7.0805681e-04 2.22e-05 3.28e-03  -4.1 7.60e-03    -  1.00e+00 1.00e+00h  1
3467  7.0511609e-04 6.90e-06 5.43e-03  -4.1 3.56e-03    -  1.00e+00 1.00e+00h  1
3468  7.0715228e-04 3.78e-06 2.73e-03  -4.1 2.65e-03    -  1.00e+00 1.00e+00h  1
3469  7.0643813e-04 3.36e-07 6.36e-04  -4.1 7.58e-04    -  1.00e+00 1.00e+00h  1
iter    objective    inf_pr   inf_du lg(mu)  ||d||  lg(rg) alpha_du alpha_pr  ls
3470  7.0617286e-04 3.33e-08 1.01e-03  -6.1 2.32e-04    -  1.00e+00 1.00e+00h  1
3471  7.0458956e-04 1.80e-06 9.93e-04  -6.1 2.01e-03    -  1.00e+00 1.00e+00h  1
3472  7.0329999e-04 7.52e-06 1.60e-02  -6.1 1.63e-02    -  1.00e+00 2.10e-01h  2
3473  7.0297487e-04 8.06e-08 2.68e-04  -6.1 4.22e-04    -  1.00e+00 1.00e+00h  1
3474  7.0141103e-04 1.10e-07 3.50e-04  -6.1 4.70e-04    -  1.00e+00 1.00e+00h  1
3475  9.7779103e-04 5.61e-03 2.87e-01  -4.0 1.13e-01    -  1.00e+00 1.00e+00f  1
3476  7.7214360e-04 1.39e-03 7.32e-02  -4.1 5.64e-02    -  1.00e+00 1.00e+00h  1
3477  7.8219960e-04 4.13e-04 1.63e-02  -4.1 2.92e-02    -  1.00e+00 1.00e+00h  1
3478  1.5383181e-03 2.24e-04 3.55e-03  -4.1 2.39e-02    -  1.00e+00 1.00e+00H  1
3479  7.1298321e-04 1.32e-04 3.71e-03  -4.1 1.73e-02    -  1.00e+00 1.00e+00h  1
iter    objective    inf_pr   inf_du lg(mu)  ||d||  lg(rg) alpha_du alpha_pr  ls
3480  7.0359029e-04 3.50e-05 2.98e-03  -4.1 9.02e-03    -  1.00e+00 1.00e+00h  1
3481  7.1287246e-04 2.72e-05 7.77e-03  -4.1 7.25e-03    -  1.00e+00 1.00e+00h  1
3482  7.0628063e-04 1.16e-05 3.09e-03  -4.1 4.87e-03    -  1.00e+00 1.00e+00h  1
3483  7.0717898e-04 1.57e-06 1.77e-03  -4.1 1.61e-03    -  1.00e+00 1.00e+00h  1
3484  7.0663382e-04 1.47e-07 7.75e-04  -4.1 4.70e-04    -  1.00e+00 1.00e+00h  1
3485  7.0629275e-04 4.23e-08 9.81e-04  -6.1 3.25e-04    -  1.00e+00 1.00e+00h  1
3486  7.0491684e-04 1.47e-06 1.13e-03  -6.1 1.90e-03    -  1.00e+00 1.00e+00h  1
3487  7.0454659e-04 3.53e-06 2.12e-02  -6.1 2.71e-02    -  1.00e+00 8.64e-02h  3
3488  7.0203200e-04 8.41e-07 5.42e-04  -6.1 1.46e-03    -  1.00e+00 1.00e+00h  1
3489  7.0200307e-04 1.40e-07 2.67e-04  -6.1 3.27e-04    -  1.00e+00 1.00e+00h  1
iter    objective    inf_pr   inf_du lg(mu)  ||d||  lg(rg) alpha_du alpha_pr  ls
3490  7.0179489e-04 2.57e-08 2.81e-04  -6.1 2.10e-04    -  1.00e+00 1.00e+00h  1
3491  7.0147802e-04 5.06e-07 8.30e-05  -6.1 8.97e-04    -  1.00e+00 1.00e+00h  1
3492  7.0135791e-04 1.09e-06 1.31e-04  -6.1 1.23e-03    -  1.00e+00 1.00e+00h  1
3493  9.0451847e-04 7.71e-03 1.36e-01  -4.0 1.11e-01    -  1.00e+00 1.00e+00f  1
3494  7.6757809e-04 1.96e-03 3.30e-02  -4.1 5.61e-02    -  1.00e+00 1.00e+00h  1
3495  1.0209258e-03 6.50e-04 5.90e-03  -4.1 3.51e-02    -  1.00e+00 1.00e+00h  1
3496  7.7768129e-04 7.76e-04 1.56e-03  -4.1 3.26e-02    -  1.00e+00 1.00e+00h  1
3497  8.5612224e-04 4.62e-04 5.28e-03  -4.1 2.54e-02    -  1.00e+00 1.00e+00h  1
3498  7.4435883e-04 6.31e-04 4.57e-03  -4.1 3.16e-02    -  1.00e+00 1.00e+00h  1
3499  7.4449029e-04 1.58e-04 6.55e-03  -4.1 1.86e-02    -  1.00e+00 1.00e+00h  1
iter    objective    inf_pr   inf_du lg(mu)  ||d||  lg(rg) alpha_du alpha_pr  ls
3500  7.0662522e-04 3.37e-04 8.93e-03  -4.1 1.78e-02    -  1.00e+00 1.00e+00h  1
3501  7.1402817e-04 2.91e-04 6.69e-03  -4.1 2.17e-02    -  1.00e+00 1.00e+00h  1
3502  7.0158680e-04 1.22e-04 5.24e-03  -4.1 1.40e-02    -  1.00e+00 1.00e+00h  1
3503  7.1521081e-04 9.25e-05 1.13e-02  -4.1 1.10e-02    -  1.00e+00 1.00e+00h  1
3504  7.0792882e-04 5.83e-05 5.88e-03  -4.1 9.34e-03    -  1.00e+00 1.00e+00h  1
3505  7.0548929e-04 4.13e-05 7.04e-03  -4.1 7.54e-03    -  1.00e+00 1.00e+00h  1
3506  7.0821852e-04 2.02e-05 4.13e-03  -4.1 5.79e-03    -  1.00e+00 1.00e+00h  1
3507  7.0575842e-04 5.09e-06 4.08e-03  -4.1 2.21e-03    -  1.00e+00 1.00e+00h  1
3508  7.0703278e-04 1.78e-06 2.36e-03  -4.1 1.79e-03    -  1.00e+00 1.00e+00h  1
3509  7.0682102e-04 5.79e-07 9.12e-04  -4.1 7.90e-04    -  1.00e+00 1.00e+00h  1
iter    objective    inf_pr   inf_du lg(mu)  ||d||  lg(rg) alpha_du alpha_pr  ls
3510  7.0666763e-04 6.66e-08 1.57e-04  -4.1 3.49e-04    -  1.00e+00 1.00e+00h  1
3511  7.0640713e-04 4.34e-08 1.14e-03  -6.1 2.63e-04    -  1.00e+00 1.00e+00h  1
3512  6.9507223e-04 7.83e-04 1.55e-02  -6.1 9.15e-02    -  1.00e+00 3.90e-01h  1
3513  7.0172239e-04 4.49e-04 2.13e-03  -6.1 1.76e-02    -  1.00e+00 5.00e-01h  2
3514  6.9401380e-04 2.57e-04 8.13e-03  -6.1 1.31e-02    -  1.00e+00 5.00e-01h  2
3515  9.2654616e-04 1.33e-02 1.19e-01  -4.0 2.94e-01    -  1.00e+00 5.00e-01f  2
3516  7.6371938e-04 3.85e-03 2.13e-02  -4.1 7.85e-02    -  1.00e+00 1.00e+00h  1
3517  7.2168898e-04 9.60e-04 4.01e-03  -4.1 3.90e-02    -  1.00e+00 1.00e+00h  1
3518  1.5269195e-03 2.95e-04 6.94e-03  -4.1 2.82e-02    -  1.00e+00 1.00e+00h  1
3519  7.0718338e-04 1.32e-04 1.23e-03  -4.1 1.96e-02    -  1.00e+00 1.00e+00h  1
iter    objective    inf_pr   inf_du lg(mu)  ||d||  lg(rg) alpha_du alpha_pr  ls
3520  7.0485078e-04 4.00e-06 1.11e-03  -4.1 2.70e-03    -  1.00e+00 1.00e+00h  1
3521  7.9568875e-04 1.58e-04 4.32e-02  -4.1 1.65e-02    -  1.00e+00 1.00e+00h  1
3522  7.1459769e-04 4.21e-05 1.08e-02  -4.1 9.08e-03    -  1.00e+00 1.00e+00h  1
3523  7.0627173e-04 2.79e-05 2.79e-03  -4.1 6.59e-03    -  1.00e+00 1.00e+00h  1
3524  7.0815728e-04 2.78e-06 1.87e-03  -4.1 2.00e-03    -  1.00e+00 1.00e+00h  1
3525  7.0669025e-04 1.77e-07 4.45e-04  -4.1 5.23e-04    -  1.00e+00 1.00e+00h  1
3526  7.0630003e-04 5.70e-08 9.75e-04  -6.1 3.67e-04    -  1.00e+00 1.00e+00h  1
3527  7.0527359e-04 8.67e-07 9.45e-04  -6.1 1.23e-03    -  1.00e+00 1.00e+00h  1
3528  7.0476420e-04 1.73e-06 8.26e-03  -6.1 1.10e-02    -  1.00e+00 1.10e-01h  4
3529  7.0197935e-04 8.92e-06 2.53e-04  -6.1 3.36e-03    -  1.00e+00 1.00e+00h  1
iter    objective    inf_pr   inf_du lg(mu)  ||d||  lg(rg) alpha_du alpha_pr  ls
3530  7.0156072e-04 4.47e-06 9.43e-03  -6.1 8.60e-04    -  1.00e+00 5.00e-01h  2
3531  7.0153166e-04 3.16e-07 2.07e-04  -6.1 7.04e-04    -  1.00e+00 1.00e+00h  1
3532  7.0138349e-04 1.36e-08 5.26e-05  -6.1 1.45e-04    -  1.00e+00 1.00e+00h  1
3533  8.4646369e-04 4.73e-03 2.12e-01  -4.0 9.30e-02    -  1.00e+00 1.00e+00f  1
3534  7.5703483e-04 1.23e-03 5.18e-02  -4.1 4.67e-02    -  1.00e+00 1.00e+00h  1
3535  7.5658600e-04 3.53e-04 1.25e-02  -4.1 2.48e-02    -  1.00e+00 1.00e+00h  1
3536  1.0168127e-03 2.55e-04 5.71e-02  -4.1 2.61e-02    -  9.28e-01 5.00e-01h  2
3537  7.1394489e-04 4.60e-06 2.42e-03  -4.1 2.75e-03    -  1.00e+00 1.00e+00h  1
3538  6.8686756e-04 4.33e-04 9.30e-02  -4.1 2.78e-02    -  1.00e+00 1.00e+00h  1
3539  6.9831024e-04 1.16e-04 2.23e-02  -4.0 1.40e-02    -  1.00e+00 1.00e+00h  1
iter    objective    inf_pr   inf_du lg(mu)  ||d||  lg(rg) alpha_du alpha_pr  ls
3540  7.1009207e-04 3.82e-05 1.71e-03  -4.0 8.21e-03    -  1.00e+00 1.00e+00h  1
3541  7.3267847e-04 3.74e-06 4.93e-03  -4.1 2.52e-03    -  1.00e+00 1.00e+00h  1
3542  7.0594615e-04 2.79e-06 2.55e-03  -4.1 2.23e-03    -  1.00e+00 1.00e+00h  1
3543  7.0709974e-04 6.84e-07 1.46e-03  -4.1 1.03e-03    -  1.00e+00 1.00e+00h  1
3544  7.0663142e-04 8.23e-08 1.46e-04  -4.1 3.87e-04    -  1.00e+00 1.00e+00h  1
3545  7.0638370e-04 2.98e-08 1.03e-03  -6.1 2.40e-04    -  1.00e+00 1.00e+00h  1
3546  7.0279186e-04 1.89e-04 3.09e-02  -6.1 1.22e-01    -  1.00e+00 1.52e-01h  2
3547  7.0261371e-04 9.27e-05 7.84e-04  -6.1 1.16e-02    -  1.00e+00 1.00e+00h  1
3548  7.0372662e-04 4.69e-05 4.93e-03  -6.1 4.38e-03    -  1.00e+00 5.00e-01h  2
3549  7.0180636e-04 2.50e-06 1.56e-04  -6.1 2.28e-03    -  1.00e+00 1.00e+00h  1
iter    objective    inf_pr   inf_du lg(mu)  ||d||  lg(rg) alpha_du alpha_pr  ls
3550  7.0151153e-04 2.94e-07 1.29e-04  -6.1 6.88e-04    -  1.00e+00 1.00e+00h  1
3551  7.0148418e-04 7.21e-08 3.84e-05  -6.1 2.63e-04    -  1.00e+00 1.00e+00h  1
3552  7.0131650e-04 1.10e-06 1.34e-04  -6.1 9.41e-04    -  1.00e+00 1.00e+00h  1
3553  1.0709386e-03 4.73e-03 5.34e-02  -4.0 9.49e-02    -  1.00e+00 1.00e+00f  1
3554  1.7005685e-03 1.91e-03 1.78e-02  -4.1 5.06e-02    -  1.00e+00 1.00e+00h  1
3555  7.6017881e-04 5.17e-04 2.12e-03  -4.1 3.27e-02    -  9.74e-01 1.00e+00h  1
3556  7.1310681e-04 2.00e-05 1.38e-03  -4.1 5.36e-03    -  1.00e+00 1.00e+00h  1
3557  7.0667425e-04 2.79e-03 1.04e-01  -4.1 5.20e-02    -  1.00e+00 1.00e+00h  1
3558  6.9051841e-04 8.03e-04 2.74e-02  -4.1 2.71e-02    -  1.00e+00 1.00e+00h  1
3559  7.3316064e-04 2.48e-04 7.16e-03  -4.0 1.51e-02    -  1.00e+00 1.00e+00h  1
iter    objective    inf_pr   inf_du lg(mu)  ||d||  lg(rg) alpha_du alpha_pr  ls
3560  8.0999837e-04 1.69e-04 9.20e-03  -4.1 1.39e-02    -  1.00e+00 1.00e+00h  1
3561  7.0461188e-04 8.96e-05 2.89e-03  -4.1 1.05e-02    -  1.00e+00 1.00e+00h  1
3562  7.0875501e-04 1.42e-05 3.29e-03  -4.1 3.95e-03    -  1.00e+00 1.00e+00h  1
3563  7.0577715e-04 7.09e-06 4.64e-03  -4.1 2.74e-03    -  1.00e+00 1.00e+00h  1
3564  7.0721259e-04 1.93e-06 9.43e-04  -4.1 1.48e-03    -  1.00e+00 1.00e+00h  1
3565  7.0699424e-04 4.99e-08 7.55e-04  -4.1 1.95e-04    -  1.00e+00 1.00e+00h  1
3566  7.0661896e-04 8.24e-08 1.08e-03  -6.1 2.84e-04    -  1.00e+00 1.00e+00h  1
3567  7.0487890e-04 1.08e-05 1.08e-03  -6.1 6.40e-03    -  1.00e+00 5.00e-01h  2
3568  7.0392445e-04 1.39e-05 1.81e-02  -6.1 1.17e-02    -  1.00e+00 1.81e-01h  2
3569  7.0352553e-04 2.90e-06 3.64e-04  -6.1 2.04e-03    -  1.00e+00 1.00e+00h  1
iter    objective    inf_pr   inf_du lg(mu)  ||d||  lg(rg) alpha_du alpha_pr  ls
3570  7.0295090e-04 3.13e-07 6.00e-04  -6.1 7.63e-04    -  1.00e+00 1.00e+00h  1
3571  7.0219310e-04 3.79e-07 8.48e-05  -6.1 6.17e-04    -  1.00e+00 1.00e+00h  1
3572  7.0178393e-04 8.99e-07 6.83e-05  -6.1 1.05e-03    -  1.00e+00 1.00e+00h  1
3573  7.0141900e-04 1.99e-06 1.20e-04  -6.1 1.46e-03    -  1.00e+00 1.00e+00h  1
3574  7.0169615e-04 3.43e-08 1.86e-04  -6.1 1.62e-03    -  1.00e+00 1.00e+00H  1
3575  7.0328305e-04 4.59e-09 4.59e-04  -6.1 2.78e-03    -  1.00e+00 1.00e+00H  1
3576  7.0178470e-04 1.31e-07 1.98e-04  -6.1 2.33e-03    -  1.00e+00 1.00e+00H  1
3577  7.0123006e-04 4.63e-07 1.55e-04  -6.1 8.15e-04    -  1.00e+00 1.00e+00h  1
3578  9.9362958e-04 2.62e-03 5.14e-01  -4.0 6.82e-02    -  1.00e+00 1.00e+00f  1
3579  7.6633705e-04 7.17e-04 1.26e-01  -4.1 3.28e-02    -  1.00e+00 1.00e+00h  1
iter    objective    inf_pr   inf_du lg(mu)  ||d||  lg(rg) alpha_du alpha_pr  ls
3580  7.2126523e-04 1.88e-04 3.20e-02  -4.1 1.91e-02    -  1.00e+00 1.00e+00h  1
3581  7.1511987e-04 1.57e-04 1.20e-02  -4.1 1.34e-02    -  1.00e+00 1.00e+00h  1
3582  7.0834076e-04 5.90e-05 1.19e-02  -4.1 9.20e-03    -  1.00e+00 1.00e+00h  1
3583  7.0991571e-04 2.91e-05 4.01e-03  -4.1 5.75e-03    -  1.00e+00 1.00e+00h  1
3584  7.0876589e-04 4.77e-06 2.64e-03  -4.1 1.84e-03    -  1.00e+00 1.00e+00h  1
3585  7.0802939e-04 8.05e-07 1.29e-03  -4.1 9.83e-04    -  1.00e+00 1.00e+00h  1
3586  7.0786424e-04 2.73e-07 1.50e-03  -4.1 5.86e-04    -  1.00e+00 1.00e+00h  1
3587  7.0681698e-04 8.40e-09 6.56e-03  -4.1 1.81e-03    -  1.00e+00 1.00e+00H  1
3588  7.1890076e-04 3.33e-09 1.67e-02  -4.1 5.05e-03    -  1.00e+00 1.00e+00H  1
3589  7.0667883e-04 4.42e-07 3.54e-03  -4.1 3.39e-03    -  1.00e+00 1.00e+00H  1
iter    objective    inf_pr   inf_du lg(mu)  ||d||  lg(rg) alpha_du alpha_pr  ls
3590  7.0653642e-04 1.43e-07 1.20e-03  -4.1 4.38e-04    -  1.00e+00 1.00e+00h  1
3591  7.0655946e-04 1.73e-08 4.90e-04  -4.1 1.77e-04    -  1.00e+00 1.00e+00h  1
3592  7.0634032e-04 4.71e-08 8.40e-04  -6.1 2.21e-04    -  1.00e+00 1.00e+00h  1
3593  6.9737869e-04 1.99e-04 6.60e-03  -6.1 1.55e-02    -  1.00e+00 1.00e+00h  1
3594  9.0774177e-04 2.08e-03 1.32e-02  -4.0 1.07e-01    -  1.00e+00 5.00e-01h  2
3595  7.1982721e-04 9.68e-04 1.28e-03  -4.1 3.71e-02    -  1.00e+00 1.00e+00h  1
3596  7.4577170e-04 6.50e-04 4.33e-02  -4.1 6.44e-02    -  1.00e+00 3.51e-01H  1
3597  7.2796666e-04 2.86e-04 1.63e-03  -4.1 2.39e-02    -  1.00e+00 1.00e+00f  1
3598  1.2516297e-03 1.03e-04 6.20e-02  -4.1 2.49e-02    -  1.00e+00 5.40e-01H  1
3599  7.0934866e-04 1.09e-04 2.68e-03  -4.1 1.36e-02    -  1.00e+00 1.00e+00f  1
iter    objective    inf_pr   inf_du lg(mu)  ||d||  lg(rg) alpha_du alpha_pr  ls
3600  6.9888648e-04 5.52e-05 1.17e-01  -4.1 1.66e-02    -  1.00e+00 5.67e-01H  1

Number of Iterations....: 3600

                                   (scaled)                 (unscaled)
Objective...............:   6.9888648062179000e-04    6.9888648062179000e-04
Dual infeasibility......:   1.1713517902905063e-01    1.1713517902905063e-01
Constraint violation....:   5.5182978826850276e-05    5.5182978826850276e-05
Variable bound violation:   0.0000000000000000e+00    0.0000000000000000e+00
Complementarity.........:   8.0478810350961624e-05    8.0478810350961624e-05
Overall NLP error.......:   1.1713517902905063e-01    1.1713517902905063e-01


Number of objective function evaluations             = 6460
Number of objective gradient evaluations             = 3601
Number of equality constraint evaluations            = 6460
Number of inequality constraint evaluations          = 6460
Number of equality constraint Jacobian evaluations   = 3601
Number of inequality constraint Jacobian evaluations = 3601
Number of Lagrangian Hessian evaluations             = 0
Total seconds in IPOPT                               = 30.719

EXIT: Maximum Number of Iterations Exceeded.
