This is Ipopt version 3.14.19, running with linear solver MUMPS 5.8.1.

Number of nonzeros in equality constraint Jacobian...:     9816
Number of nonzeros in inequality constraint Jacobian.:        8
Number of nonzeros in Lagrangian Hessian.............:        0

Total number of variables............................:     1388
                     variables with only lower bounds:        0
                variables with lower and upper bounds:      396
                     variables with only upper bounds:        0
Total number of equality constraints.................:     1188
Total number of inequality constraints...............:        1
        inequality constraints with only lower bounds:        0
   inequality constraints with lower and upper bounds:        0
        inequality constraints with only upper bounds:        1

iter    objective    inf_pr   inf_du lg(mu)  ||d||  lg(rg) alpha_du alpha_pr  ls
   0  1.7778583e+01 1.34e+00 3.88e-01   0.0 0.00e+00    -  0.00e+00 0.00e+00   0
   1  6.4320120e-01 5.57e-01 6.67e+00  -0.4 9.53e-01    -  9.63e-01 1.00e+00f  1
   2  4.6939534e-01 4.31e-01 1.99e+00  -0.5 8.84e-01    -  8.16e-01 1.00e+00h  1
   3  3.4274576e-01 3.00e-01 2.09e+00  -1.3 6.46e-01    -  8.21e-01 1.00e+00h  1
   4  2.3238726e-01 4.21e-01 3.91e+00  -1.1 7.14e-01    -  8.60e-01 1.00e+00h  1
   5  4.8291997e-01 3.04e-01 8.23e+00  -1.3 6.09e-01    -  9.87e-01 1.00e+00h  1
   6  6.2460034e-01 3.79e-01 5.15e+00  -1.4 6.50e-01    -  9.04e-01 1.00e+00h  1
   7  7.3003113e-01 3.74e-01 3.75e+00  -1.4 5.60e-01    -  9.72e-01 1.00e+00h  1
   8  3.3038874e-01 1.56e-01 7.61e-01  -1.9 5.83e-01    -  9.97e-01 1.00e+00h  1
   9  3.7434258e-01 6.12e-02 1.04e-01  -1.9 2.63e-01    -  9.74e-01 1.00e+00h  1
iter    objective    inf_pr   inf_du lg(mu)  ||d||  lg(rg) alpha_du alpha_pr  ls
  10  1.8402898e-01 8.43e-03 8.65e-02  -2.5 1.06e-01    -  9.90e-01 8.97e-01h  1
  11  1.4007614e-01 9.82e-03 6.96e-02  -3.0 1.36e-01    -  9.91e-01 1.00e+00h  1
  12  1.3949848e-01 4.35e-02 3.43e-02  -3.2 2.46e-01    -  9.95e-01 1.00e+00h  1
  13  1.3724992e-01 9.82e-02 8.67e-02  -3.6 4.43e-01    -  1.00e+00 9.98e-01h  1
  14  7.5327918e-02 2.55e-02 7.08e-02  -3.9 1.77e-01    -  1.00e+00 1.00e+00h  1
  15  8.3548899e-02 5.23e-03 1.60e-02  -4.0 7.80e-02    -  1.00e+00 1.00e+00h  1
  16  6.2307953e-02 5.13e-03 2.74e-02  -4.0 7.73e-02    -  1.00e+00 1.00e+00h  1
  17  5.8869705e-02 1.30e-03 1.39e-02  -4.0 5.85e-02    -  1.00e+00 8.53e-01h  1
  18  5.4755716e-02 7.00e-03 3.34e-02  -4.0 4.69e-01    -  1.00e+00 2.50e-01h  3
  19  5.4433231e-02 8.33e-02 1.69e-01  -3.7 1.93e+00    -  1.00e+00 2.01e-01h  3
iter    objective    inf_pr   inf_du lg(mu)  ||d||  lg(rg) alpha_du alpha_pr  ls
  20  1.2164978e-01 5.41e-02 9.30e-02  -4.0 4.34e-01    -  1.00e+00 1.00e+00H  1
  21  9.3033576e-02 3.25e-02 6.12e-02  -4.1 1.54e-01    -  1.00e+00 1.00e+00h  1
  22  4.1763015e-02 1.53e-02 5.25e-02  -4.1 1.78e-01    -  1.00e+00 1.00e+00h  1
  23  3.7778476e-02 1.31e-02 2.27e-02  -4.0 1.35e-01    -  1.00e+00 1.00e+00h  1
  24  1.1133880e-01 5.45e-03 4.11e-02  -4.0 1.61e-01    -  1.00e+00 1.00e+00H  1
  25  3.4329898e-02 1.22e-02 3.31e-02  -4.1 1.35e-01    -  1.00e+00 1.00e+00h  1
  26  3.3526035e-02 6.90e-04 8.82e-03  -4.0 3.21e-02    -  1.00e+00 1.00e+00h  1
  27  3.2215964e-02 1.05e-02 3.81e-02  -4.0 1.37e-01    -  1.00e+00 1.00e+00h  1
  28  2.9194279e-02 1.37e-02 3.77e-02  -4.0 1.14e-01    -  1.00e+00 1.00e+00h  1
  29  2.7835950e-02 1.23e-02 4.85e-02  -4.0 2.82e-01    -  1.00e+00 1.25e-01h  4
iter    objective    inf_pr   inf_du lg(mu)  ||d||  lg(rg) alpha_du alpha_pr  ls
  30  2.5400594e-02 2.87e-03 7.94e-03  -4.0 7.59e-02    -  1.00e+00 1.00e+00h  1
  31  2.3370858e-02 2.30e-02 1.04e-01  -4.0 3.77e-01    -  1.00e+00 2.38e-01H  1
  32  5.4859736e-02 1.32e-02 2.50e-02  -4.0 1.93e-01    -  1.00e+00 1.00e+00h  1
  33  2.1704152e-02 1.27e-03 1.89e-02  -4.1 5.46e-02    -  1.00e+00 1.00e+00h  1
  34  2.0249025e-02 2.29e-04 7.32e-03  -4.0 2.05e-02    -  1.00e+00 9.00e-01h  1
  35  1.9875193e-02 9.51e-04 2.05e-02  -4.0 3.52e-02    -  1.00e+00 1.00e+00h  1
  36  1.9975831e-02 6.53e-05 2.98e-02  -4.0 3.46e-02    -  1.00e+00 9.44e-01H  1
  37  1.8442382e-02 2.89e-03 1.71e-02  -3.3 6.55e-02    -  1.00e+00 1.00e+00h  1
  38  1.8196399e-02 7.91e-03 1.78e-02  -4.0 1.15e-01    -  1.00e+00 1.00e+00h  1
  39  1.6258175e-02 4.76e-03 3.96e-02  -4.0 1.70e-01    -  1.00e+00 3.97e-01H  1
iter    objective    inf_pr   inf_du lg(mu)  ||d||  lg(rg) alpha_du alpha_pr  ls
  40  1.7051970e-02 5.30e-03 2.61e-02  -4.0 1.66e-01    -  9.94e-01 5.00e-01h  2
  41  1.6722322e-02 4.55e-03 1.87e-01  -4.0 3.35e-01    -  1.00e+00 2.09e-02H  1
  42  1.4855554e-02 1.09e-03 6.11e-03  -4.0 2.71e-02    -  1.00e+00 1.00e+00h  1
  43  1.4361316e-02 9.45e-04 1.22e-02  -4.0 3.79e-02    -  1.00e+00 1.00e+00h  1
  44  1.4164878e-02 5.09e-03 4.18e-02  -4.0 7.23e-01    -  1.00e+00 1.25e-01h  4
  45  1.3702659e-02 2.07e-02 8.75e-02  -2.8 1.40e+00    -  7.96e-01 1.25e-01h  4
  46  1.3580339e-02 1.78e-02 9.29e-02  -3.4 4.08e-01    -  9.55e-01 3.23e-02H  1
  47  1.6445402e-02 6.03e-03 4.00e-02  -4.0 1.03e-01    -  1.00e+00 1.00e+00h  1
  48  1.5084605e-02 4.23e-03 6.82e-02  -4.1 9.23e-02    -  1.00e+00 3.04e-01h  1
  49  1.1708270e-02 4.00e-03 3.02e-02  -4.1 7.98e-02    -  1.00e+00 1.00e+00f  1
iter    objective    inf_pr   inf_du lg(mu)  ||d||  lg(rg) alpha_du alpha_pr  ls
  50  1.1220920e-02 3.37e-03 2.19e-02  -4.0 7.61e-02    -  1.00e+00 1.00e+00h  1
  51  1.0056667e-02 1.44e-02 8.00e-02  -4.0 6.72e-01    -  1.00e+00 2.50e-01h  3
  52  9.8357842e-03 1.45e-02 8.90e-02  -4.0 1.97e+00    -  1.00e+00 1.56e-02h  7
  53  8.6794973e-03 3.08e-03 2.83e-02  -4.0 6.05e-02    -  1.00e+00 1.00e+00h  1
  54  8.3630175e-03 2.74e-02 1.38e-02  -3.4 1.70e-01    -  9.32e-01 1.00e+00h  1
  55  1.5118564e-02 2.34e-02 1.29e-02  -4.0 3.04e-01    -  9.29e-01 1.51e-01H  1
  56  7.5491566e-03 8.01e-03 2.73e-02  -4.0 8.25e-02    -  1.00e+00 1.00e+00h  1
  57  9.0057235e-03 6.07e-03 3.22e-02  -4.0 9.07e-02    -  1.00e+00 1.00e+00h  1
  58  8.2599663e-03 6.74e-03 2.00e-01  -4.1 3.45e-01    -  1.00e+00 2.03e-01H  1
  59  7.0875958e-03 7.29e-03 4.82e-02  -4.0 9.82e-02    -  1.00e+00 1.00e+00h  1
iter    objective    inf_pr   inf_du lg(mu)  ||d||  lg(rg) alpha_du alpha_pr  ls
  60  6.3459748e-03 2.36e-03 2.97e-03  -4.0 6.06e-02    -  1.00e+00 1.00e+00h  1
  61  6.4908433e-03 1.09e-03 7.12e-03  -4.0 3.86e-02    -  1.00e+00 1.00e+00h  1
  62  6.2569655e-03 4.94e-04 8.81e-02  -4.0 4.13e-02    -  1.00e+00 3.98e-01H  1
  63  6.1661930e-03 4.32e-04 5.31e-03  -4.0 2.36e-02    -  1.00e+00 1.00e+00h  1
  64  6.3182224e-03 2.91e-04 1.91e-01  -4.0 2.71e-02    -  1.00e+00 4.27e-01H  1
  65  6.1062344e-03 2.00e-04 1.45e-02  -4.0 1.21e-02    -  1.00e+00 1.00e+00h  1
  66  6.0047592e-03 2.30e-04 7.64e-03  -4.0 1.32e-02    -  1.00e+00 1.00e+00h  1
  67  5.9012529e-03 8.08e-05 6.51e-03  -4.0 9.92e-03    -  1.00e+00 1.00e+00h  1
  68  5.8511837e-03 1.87e-04 3.57e-02  -4.0 2.23e-02    -  1.00e+00 1.00e+00h  1
  69  5.5371228e-03 5.82e-03 2.67e-01  -4.0 2.50e-01    -  1.00e+00 5.00e-01h  2
iter    objective    inf_pr   inf_du lg(mu)  ||d||  lg(rg) alpha_du alpha_pr  ls
  70  7.9496427e-03 5.56e-03 3.01e-01  -4.0 2.81e-01    -  1.00e+00 1.25e-01h  4
  71  5.3104921e-03 1.93e-03 1.15e-01  -4.1 6.66e-02    -  1.00e+00 1.00e+00h  1
  72  5.4006497e-03 8.19e-04 1.21e-02  -4.0 4.18e-02    -  1.00e+00 1.00e+00h  1
  73  5.3798457e-03 1.82e-03 5.20e-02  -4.0 8.34e-02    -  1.00e+00 1.00e+00H  1
  74  5.7455109e-03 2.32e-03 5.53e-02  -4.0 8.30e-02    -  1.00e+00 5.00e-01h  2
  75  4.9108821e-03 3.11e-03 3.70e-02  -4.1 6.21e-02    -  1.00e+00 1.00e+00h  1
  76  4.8523305e-03 1.37e-03 5.25e-03  -4.0 3.21e-02    -  1.00e+00 1.00e+00h  1
  77  4.7813619e-03 1.14e-03 4.62e-03  -4.0 8.36e-02    -  1.00e+00 2.50e-01h  3
  78  4.7170489e-03 1.19e-03 7.65e-03  -4.0 1.84e-01    -  1.00e+00 1.25e-01h  4
  79  4.5397719e-03 1.12e-03 6.76e-02  -4.0 2.73e-01    -  1.00e+00 1.40e-01H  1
iter    objective    inf_pr   inf_du lg(mu)  ||d||  lg(rg) alpha_du alpha_pr  ls
  80  4.3829941e-03 9.56e-04 1.01e-02  -4.0 3.01e-02    -  1.00e+00 1.00e+00h  1
  81  4.4642892e-03 2.88e-03 3.68e-03  -4.0 8.27e-02    -  1.00e+00 1.00e+00h  1
  82  4.3592207e-03 6.22e-03 5.14e-03  -4.1 1.50e-01    -  1.00e+00 5.00e-01h  2
  83  4.2741132e-03 6.00e-03 4.46e-03  -4.0 4.58e-01    -  1.00e+00 1.25e-01h  4
  84  4.1020807e-03 5.83e-03 4.90e-02  -3.4 3.35e-01    -  1.00e+00 5.80e-02H  1
  85  3.9041583e-03 5.31e-03 2.87e-02  -4.0 2.66e-01    -  9.94e-01 1.25e-01h  4
  86  4.2807362e-03 1.03e-02 1.17e-02  -3.6 9.74e-02    -  7.78e-01 1.00e+00h  1
  87  3.9600797e-03 7.48e-03 2.60e-02  -4.0 2.67e-01    -  1.00e+00 1.29e-01H  1
  88  4.0476091e-03 8.84e-03 2.25e-02  -4.0 2.15e-01    -  3.30e-01 5.00e-01h  2
  89  3.9630615e-03 8.88e-03 3.72e-02  -4.1 1.23e+00    -  8.55e-01 6.25e-02h  5
iter    objective    inf_pr   inf_du lg(mu)  ||d||  lg(rg) alpha_du alpha_pr  ls
  90  3.6708602e-03 7.46e-03 1.87e-02  -4.1 3.01e-01    -  5.95e-01 1.25e-01h  4
  91  3.4686152e-03 6.95e-03 3.76e-02  -3.6 9.65e-01    -  1.00e+00 6.14e-02h  5
  92  3.2639778e-03 1.02e-02 1.68e-02  -3.7 7.86e-01    -  9.70e-01 1.25e-01h  4
  93  3.0098222e-03 1.36e-02 1.35e-02  -3.4 1.87e+00    -  5.58e-01 3.75e-02h  5
  94  2.9470713e-03 1.34e-02 1.52e-02  -4.0 1.77e+00    -  2.54e-01 1.05e-02H  1
  95  3.0691046e-03 1.29e-02 1.51e-02  -4.0 5.60e-01    -  1.00e+00 1.25e-01h  4
  96  3.0555157e-03 1.37e-02 1.95e-02  -3.7 1.48e+00    -  9.84e-01 4.39e-02h  5
  97  2.8896039e-03 1.18e-02 1.14e-02  -4.0 1.68e+00    -  5.07e-01 5.37e-02h  5
  98  2.8165968e-03 1.79e-02 1.04e-02  -4.0 1.91e+00    -  4.82e-01 4.42e-02h  5
  99  2.8924823e-03 3.14e-02 1.42e-02  -3.0 1.03e+01    -  4.78e-01 1.44e-02h  4
iter    objective    inf_pr   inf_du lg(mu)  ||d||  lg(rg) alpha_du alpha_pr  ls
 100  2.5689297e-03 5.04e-02 1.35e-02  -3.4 4.90e+00    -  2.29e-01 3.66e-02h  4
 101  2.4155815e-03 5.46e-02 1.41e-02  -3.8 1.55e+00    -  5.23e-01 5.93e-02h  5
 102  2.4286138e-03 6.48e-02 1.35e-02  -3.2 6.06e+00    -  9.19e-01 2.23e-02h  4
 103  2.2126398e-03 6.66e-02 1.48e-02  -3.3 1.73e+00    -  5.38e-01 4.85e-02h  5
 104  2.0699408e-03 7.04e-02 1.56e-02  -3.4 2.08e+00    -  8.80e-01 6.20e-02h  5
 105  1.9488973e-03 7.06e-02 1.48e-02  -3.4 1.35e+00    -  9.16e-01 6.25e-02h  5
 106  1.9258216e-03 7.07e-02 1.39e-02  -3.4 1.41e+00    -  7.94e-01 6.25e-02h  5
 107  1.8830964e-03 7.08e-02 1.32e-02  -3.5 1.38e+00    -  9.75e-01 6.25e-02h  5
 108  1.8141290e-03 7.00e-02 1.33e-02  -4.0 2.31e+00    -  4.14e-01 1.94e-02h  6
 109  2.4118664e-03 6.88e-02 9.41e-03  -4.0 6.66e-01    -  1.00e+00 2.50e-01h  3
iter    objective    inf_pr   inf_du lg(mu)  ||d||  lg(rg) alpha_du alpha_pr  ls
 110  2.3280117e-03 8.75e-02 8.32e-03  -3.3 1.85e+00    -  5.48e-01 1.20e-01h  4
 111  2.2782438e-03 1.08e-01 7.79e-03  -3.6 3.34e+00    -  3.67e-01 5.37e-02h  4
 112  2.1630745e-03 1.05e-01 7.28e-03  -3.6 1.29e+00    -  8.03e-01 6.25e-02h  5
 113  4.6148441e-03 3.51e-02 6.90e-03  -3.6 3.98e-01    -  1.00e+00 8.60e-01h  1
 114  2.6564590e-03 3.91e-02 5.49e-03  -3.6 3.78e-01    -  1.00e+00 5.00e-01h  2
 115  2.0852528e-03 1.83e-02 4.64e-02  -3.8 1.13e+00    -  1.00e+00 7.77e-02H  1
 116  3.5100710e-03 1.33e-02 5.50e-03  -4.0 2.48e-01    -  1.00e+00 5.00e-01h  2
 117  1.7825604e-03 8.25e-03 8.09e-03  -4.1 9.92e-02    -  1.00e+00 1.00e+00h  1
 118  1.7403631e-03 1.11e-02 8.24e-03  -4.0 2.27e-01    -  1.00e+00 5.00e-01h  2
 119  1.7349711e-03 3.86e-03 1.60e-03  -4.0 7.22e-02    -  1.00e+00 1.00e+00h  1
iter    objective    inf_pr   inf_du lg(mu)  ||d||  lg(rg) alpha_du alpha_pr  ls
 120  1.7552513e-03 3.66e-03 1.01e-02  -4.0 1.77e-01    -  1.00e+00 1.12e-01h  4
 121  1.5630233e-03 1.44e-03 1.22e-02  -4.0 5.52e-02    -  1.00e+00 6.31e-01h  1
 122  1.7365900e-03 2.68e-03 9.78e-02  -4.0 1.03e-01    -  1.00e+00 5.00e-01h  2
 123  1.5809141e-03 2.03e-03 2.88e-02  -4.1 6.41e-02    -  1.00e+00 5.00e-01h  2
 124  1.5944492e-03 1.07e-03 4.21e-03  -4.1 4.09e-02    -  1.00e+00 1.00e+00h  1
 125  1.6170704e-03 1.02e-03 1.35e-02  -4.0 9.75e-02    -  1.00e+00 1.25e-01h  4
 126  1.6101317e-03 2.00e-04 5.03e-03  -4.0 3.68e-02    -  1.00e+00 1.00e+00h  1
 127  1.6167838e-03 2.96e-04 4.05e-02  -4.0 3.53e-02    -  1.00e+00 5.00e-01h  2
 128  1.6305210e-03 2.10e-04 2.92e-02  -4.1 2.86e-02    -  1.00e+00 5.00e-01h  2
 129  1.5486409e-03 4.15e-04 1.89e-02  -4.0 2.14e-02    -  1.00e+00 1.00e+00h  1
iter    objective    inf_pr   inf_du lg(mu)  ||d||  lg(rg) alpha_du alpha_pr  ls
 130  1.5688947e-03 2.77e-04 1.01e-02  -4.0 2.09e-02    -  1.00e+00 1.00e+00h  1
 131  1.5454658e-03 2.20e-04 4.76e-03  -4.0 1.65e-02    -  1.00e+00 1.00e+00h  1
 132  1.7023059e-03 2.89e-05 1.29e-02  -4.0 2.35e-02    -  1.00e+00 1.00e+00H  1
 133  1.5334993e-03 7.50e-05 9.92e-03  -4.0 1.97e-02    -  1.00e+00 1.00e+00h  1
 134  1.5644782e-03 6.96e-05 1.30e-02  -4.0 8.17e-03    -  1.00e+00 1.00e+00h  1
 135  1.5326391e-03 3.52e-05 3.00e-03  -4.0 5.39e-03    -  1.00e+00 1.00e+00h  1
 136  1.5326782e-03 3.49e-06 5.54e-03  -4.0 2.30e-03    -  1.00e+00 1.00e+00h  1
 137  1.5301461e-03 3.51e-06 6.91e-03  -4.0 2.48e-03    -  1.00e+00 1.00e+00h  1
 138  1.5300768e-03 1.85e-06 3.94e-03  -4.0 1.67e-03    -  1.00e+00 1.00e+00h  1
 139  1.5290813e-03 2.82e-07 1.38e-03  -4.0 5.18e-04    -  1.00e+00 1.00e+00h  1
iter    objective    inf_pr   inf_du lg(mu)  ||d||  lg(rg) alpha_du alpha_pr  ls
 140  1.5271680e-03 2.11e-07 2.12e-03  -4.0 5.80e-04    -  1.00e+00 1.00e+00h  1
 141  1.5761717e-03 8.93e-08 5.47e-02  -4.0 1.02e-02    -  1.00e+00 1.00e+00H  1
 142  1.5192538e-03 1.20e-05 6.58e-02  -4.1 3.79e-03    -  1.00e+00 1.00e+00h  1
 143  1.5229770e-03 7.52e-06 1.05e-02  -4.0 4.18e-03    -  1.00e+00 1.00e+00h  1
 144  1.5017059e-03 2.70e-06 8.84e-03  -4.0 1.59e-03    -  1.00e+00 1.00e+00h  1
 145  1.4996342e-03 1.97e-06 8.42e-03  -4.0 1.53e-03    -  1.00e+00 1.00e+00h  1
 146  1.4976425e-03 3.10e-08 6.61e-03  -4.0 1.54e-03    -  1.00e+00 1.00e+00H  1
 147  1.4963691e-03 2.75e-05 1.19e-01  -4.0 2.93e-02    -  1.00e+00 2.50e-01h  3
 148  1.4856756e-03 8.12e-05 5.11e-02  -4.0 1.90e-02    -  1.00e+00 1.00e+00h  1
 149  1.4778688e-03 7.91e-05 7.27e-02  -4.0 4.64e-02    -  1.00e+00 1.25e-01h  4
iter    objective    inf_pr   inf_du lg(mu)  ||d||  lg(rg) alpha_du alpha_pr  ls
 150  1.4567565e-03 1.09e-04 1.19e-01  -4.0 6.05e-02    -  1.00e+00 2.50e-01h  3
 151  1.6051878e-03 4.15e-05 7.14e-02  -4.0 2.99e-02    -  1.00e+00 1.00e+00h  1
 152  1.4452680e-03 1.67e-04 7.54e-02  -4.1 2.21e-02    -  1.00e+00 1.00e+00h  1
 153  1.6734626e-03 1.96e-04 2.25e-01  -4.0 3.21e-02    -  1.00e+00 5.00e-01h  2
 154  1.4494714e-03 1.14e-04 2.61e-02  -4.1 1.65e-02    -  1.00e+00 1.00e+00h  1
 155  1.4715544e-03 1.46e-04 1.61e-02  -4.0 1.45e-02    -  1.00e+00 1.00e+00h  1
 156  1.4268819e-03 1.46e-04 9.45e-03  -4.0 1.35e-02    -  1.00e+00 1.00e+00h  1
 157  1.4367302e-03 7.95e-05 1.31e-02  -4.0 1.04e-02    -  1.00e+00 1.00e+00h  1
 158  1.4193268e-03 4.13e-05 5.48e-03  -4.0 7.73e-03    -  1.00e+00 1.00e+00h  1
 159  1.4159187e-03 5.89e-06 6.23e-03  -4.0 2.41e-03    -  1.00e+00 1.00e+00h  1
iter    objective    inf_pr   inf_du lg(mu)  ||d||  lg(rg) alpha_du alpha_pr  ls
 160  1.4161901e-03 1.39e-06 1.69e-03  -4.0 1.13e-03    -  1.00e+00 1.00e+00h  1
 161  1.4151933e-03 2.33e-07 2.02e-03  -4.0 5.22e-04    -  1.00e+00 1.00e+00h  1
 162  1.4068101e-03 3.04e-05 2.54e-02  -4.0 5.42e-03    -  1.00e+00 1.00e+00h  1
 163  1.4025790e-03 3.21e-05 4.08e-02  -4.0 5.55e-03    -  1.00e+00 1.00e+00h  1
 164  1.9863174e-03 2.71e-05 1.16e-01  -4.0 1.80e-02    -  1.00e+00 1.00e+00H  1
 165  1.3978051e-03 2.74e-04 5.54e-02  -4.1 1.66e-02    -  1.00e+00 1.00e+00h  1
 166  1.4255680e-03 1.41e-05 1.03e-02  -4.0 4.28e-03    -  1.00e+00 1.00e+00h  1
 167  1.3931127e-03 1.03e-06 6.19e-03  -4.1 1.37e-03    -  1.00e+00 1.00e+00h  1
 168  1.3917391e-03 1.22e-07 1.63e-03  -4.0 4.47e-04    -  1.00e+00 1.00e+00h  1
 169  1.3879038e-03 1.79e-06 7.27e-03  -4.0 2.11e-03    -  1.00e+00 1.00e+00h  1
iter    objective    inf_pr   inf_du lg(mu)  ||d||  lg(rg) alpha_du alpha_pr  ls
 170  1.3870401e-03 1.40e-04 1.24e-01  -4.0 3.81e-02    -  1.00e+00 5.00e-01h  2
 171  1.3776786e-03 1.71e-04 2.35e-01  -4.1 8.79e-02    -  1.00e+00 1.25e-01h  4
 172  1.7137104e-03 3.04e-04 5.62e-02  -4.0 1.53e-02    -  1.00e+00 1.00e+00h  1
 173  1.3661540e-03 4.39e-05 2.79e-02  -4.1 1.02e-02    -  1.00e+00 1.00e+00h  1
 174  1.3631956e-03 8.99e-06 2.42e-02  -4.0 1.14e-02    -  1.00e+00 1.00e+00H  1
 175  1.3582432e-03 9.23e-05 3.79e-01  -4.0 1.03e-01    -  1.00e+00 1.25e-01h  4
 176  1.3483797e-03 7.79e-05 3.01e-01  -4.0 3.81e-02    -  1.00e+00 2.50e-01h  3
 177  1.3307433e-03 3.05e-04 4.07e-01  -4.0 1.13e-01    -  1.00e+00 2.50e-01h  3
 178  1.3439371e-03 3.16e-04 3.77e-01  -4.0 1.22e-01    -  1.00e+00 1.25e-01h  4
 179  1.3961670e-03 1.43e-04 1.08e-01  -4.1 2.37e-02    -  1.00e+00 1.00e+00h  1
iter    objective    inf_pr   inf_du lg(mu)  ||d||  lg(rg) alpha_du alpha_pr  ls
 180  1.3258450e-03 1.59e-04 7.38e-02  -4.1 5.29e-02    -  1.00e+00 2.50e-01h  3
 181  1.2946053e-03 1.67e-04 8.49e-02  -4.0 9.29e-02    -  1.00e+00 1.25e-01h  4
 182  1.5960803e-03 1.27e-04 5.07e-02  -4.0 1.01e-01    -  1.00e+00 1.00e+00H  1
 183  1.2976999e-03 5.00e-04 2.34e-02  -4.1 8.47e-02    -  1.00e+00 1.00e+00h  1
 184  1.2785981e-03 4.35e-04 2.74e-01  -4.1 9.35e-02    -  7.96e-01 2.50e-01h  3
 185  1.5229352e-03 1.05e-03 6.39e-02  -4.0 6.34e-02    -  1.00e+00 5.00e-01h  2
 186  1.2135381e-03 3.39e-04 9.15e-03  -4.1 5.52e-02    -  1.00e+00 1.00e+00h  1
 187  1.3902820e-03 1.94e-04 1.09e-02  -4.0 1.67e-02    -  1.00e+00 1.00e+00h  1
 188  1.2089277e-03 7.07e-05 4.90e-03  -4.1 8.50e-03    -  1.00e+00 1.00e+00h  1
 189  1.2047684e-03 3.26e-06 4.11e-03  -4.0 3.72e-03    -  1.00e+00 1.00e+00h  1
iter    objective    inf_pr   inf_du lg(mu)  ||d||  lg(rg) alpha_du alpha_pr  ls
 190  1.2030460e-03 8.29e-06 9.73e-03  -4.0 3.68e-03    -  1.00e+00 1.00e+00h  1
 191  1.2012515e-03 2.87e-06 4.08e-03  -4.0 1.54e-03    -  1.00e+00 1.00e+00h  1
 192  1.1982338e-03 4.19e-07 3.86e-03  -4.0 7.60e-04    -  1.00e+00 1.00e+00h  1
 193  1.1968124e-03 1.23e-06 7.10e-03  -4.0 1.24e-03    -  1.00e+00 1.00e+00h  1
 194  1.1886325e-03 7.15e-06 1.29e-02  -4.0 3.15e-03    -  1.00e+00 1.00e+00h  1
 195  1.4905724e-03 1.10e-06 1.83e-01  -4.0 3.40e-02    -  1.00e+00 1.00e+00H  1
 196  1.2312252e-03 7.56e-05 2.13e-01  -4.1 1.88e-02    -  1.00e+00 1.00e+00H  1
 197  1.1647157e-03 1.39e-04 1.86e-02  -4.1 1.49e-02    -  1.00e+00 1.00e+00h  1
 198  1.3281369e-03 1.85e-04 3.34e-02  -4.0 1.39e-02    -  1.00e+00 1.00e+00h  1
 199  1.1658972e-03 3.77e-05 1.40e-02  -4.1 7.29e-03    -  1.00e+00 1.00e+00h  1
iter    objective    inf_pr   inf_du lg(mu)  ||d||  lg(rg) alpha_du alpha_pr  ls
 200  1.1805043e-03 5.20e-05 1.72e-02  -4.0 8.49e-03    -  1.00e+00 1.00e+00h  1
 201  1.1591465e-03 2.59e-05 1.33e-02  -4.0 6.06e-03    -  1.00e+00 1.00e+00h  1
 202  1.1598965e-03 5.47e-06 6.09e-03  -4.0 2.57e-03    -  1.00e+00 1.00e+00h  1
 203  1.1583312e-03 1.23e-06 4.89e-03  -4.0 1.15e-03    -  1.00e+00 1.00e+00h  1
 204  1.1578697e-03 7.22e-07 3.45e-03  -4.0 8.08e-04    -  1.00e+00 1.00e+00h  1
 205  1.1571640e-03 2.23e-07 2.05e-03  -4.0 4.57e-04    -  1.00e+00 1.00e+00h  1
 206  1.1559314e-03 1.73e-07 1.47e-03  -4.0 6.41e-04    -  1.00e+00 1.00e+00h  1
 207  1.1789071e-03 2.54e-08 4.88e-02  -4.0 1.33e-02    -  1.00e+00 1.00e+00H  1
 208  1.1692244e-03 1.04e-04 2.10e-01  -4.0 4.79e-02    -  1.00e+00 2.50e-01h  3
 209  1.1871514e-03 6.77e-05 1.89e+00  -4.1 2.91e-02    -  1.00e+00 3.93e-01H  1
iter    objective    inf_pr   inf_du lg(mu)  ||d||  lg(rg) alpha_du alpha_pr  ls
 210  1.1494965e-03 6.40e-06 2.15e-02  -4.1 1.26e-02    -  1.00e+00 1.00e+00F  1
 211  1.2352167e-03 8.18e-05 3.75e-01  -4.0 1.70e-02    -  1.00e+00 5.00e-01h  2
 212  1.1624864e-03 4.58e-04 8.01e-02  -4.1 2.69e-02    -  1.00e+00 1.00e+00h  1
 213  1.1664807e-03 4.12e-04 4.28e-01  -4.1 3.44e-02    -  1.00e+00 1.25e-01h  4
 214  1.1666822e-03 1.19e-04 2.28e-02  -4.1 1.24e-02    -  1.00e+00 1.00e+00h  1
 215  1.2318703e-03 1.20e-04 2.51e-02  -4.1 1.30e-02    -  1.00e+00 1.00e+00h  1
 216  1.1303934e-03 5.45e-05 4.89e-03  -4.1 9.69e-03    -  1.00e+00 1.00e+00h  1
 217  1.1666233e-03 1.30e-04 2.69e-02  -4.0 1.09e-02    -  1.00e+00 1.00e+00h  1
 218  1.1276448e-03 4.46e-05 4.42e-03  -4.1 6.47e-03    -  1.00e+00 1.00e+00h  1
 219  1.1308685e-03 1.87e-05 6.71e-03  -4.0 4.26e-03    -  1.00e+00 1.00e+00h  1
iter    objective    inf_pr   inf_du lg(mu)  ||d||  lg(rg) alpha_du alpha_pr  ls
 220  1.1274858e-03 6.49e-06 2.94e-03  -4.0 2.39e-03    -  1.00e+00 1.00e+00h  1
 221  1.1273149e-03 6.25e-07 6.97e-04  -4.0 7.41e-04    -  1.00e+00 1.00e+00h  1
 222  1.1270758e-03 1.47e-08 5.25e-04  -4.0 1.67e-04    -  1.00e+00 1.00e+00h  1
 223  1.1275045e-03 4.40e-08 1.42e-02  -4.0 4.53e-03    -  1.00e+00 1.00e+00H  1
 224  1.1382424e-03 4.02e-05 3.55e-02  -4.0 7.45e-03    -  1.00e+00 1.00e+00h  1
 225  1.2060818e-03 7.07e-06 3.66e-02  -4.1 3.90e-03    -  1.00e+00 1.00e+00h  1
 226  1.1186081e-03 2.87e-05 2.91e-03  -4.1 6.21e-03    -  1.00e+00 1.00e+00h  1
 227  1.1178795e-03 6.77e-08 2.39e-03  -4.0 1.10e-03    -  1.00e+00 1.00e+00h  1
 228  1.1363175e-03 3.35e-09 2.05e-02  -4.0 1.26e-02    -  1.00e+00 1.00e+00H  1
 229  1.1196344e-03 1.90e-05 3.35e-02  -4.0 6.59e-03    -  1.00e+00 1.00e+00h  1
iter    objective    inf_pr   inf_du lg(mu)  ||d||  lg(rg) alpha_du alpha_pr  ls
 230  1.2969457e-03 3.52e-05 2.97e-02  -4.1 3.56e-02    -  1.00e+00 1.00e+00H  1
 231  1.1140391e-03 1.44e-05 7.84e-03  -4.1 2.18e-02    -  1.00e+00 1.00e+00h  1
 232  1.1369694e-03 2.94e-05 1.97e-02  -4.0 6.00e-03    -  1.00e+00 1.00e+00h  1
 233  1.1081122e-03 8.80e-06 1.80e-03  -4.1 3.46e-03    -  1.00e+00 1.00e+00h  1
 234  1.1076576e-03 1.36e-07 1.12e-03  -4.0 6.04e-04    -  1.00e+00 1.00e+00h  1
 235  1.1067360e-03 3.68e-05 4.49e-02  -4.0 1.84e-02    -  1.00e+00 1.00e+00h  1
 236  1.1042919e-03 4.14e-05 4.45e-01  -4.0 1.50e-01    -  1.00e+00 3.12e-02h  6
 237  1.1070937e-03 2.94e-04 3.44e-01  -4.1 1.19e-01    -  1.00e+00 2.50e-01h  3
 238  1.0897304e-03 3.61e-04 2.26e-01  -4.1 5.46e-01    -  1.00e+00 3.12e-02h  6
 239  1.0689357e-03 4.25e-04 2.96e-01  -4.0 6.53e-01    -  1.00e+00 3.12e-02h  6
iter    objective    inf_pr   inf_du lg(mu)  ||d||  lg(rg) alpha_du alpha_pr  ls
 240  1.0494110e-03 4.91e-04 3.72e-01  -4.0 1.43e+00    -  1.00e+00 1.56e-02h  7
 241  1.0501253e-03 3.86e-04 5.82e-01  -4.0 9.90e-02    -  1.00e+00 2.50e-01h  3
 242  1.0292744e-03 3.68e-04 3.68e-01  -4.0 1.24e-01    -  1.00e+00 1.25e-01h  4
 243  1.7020512e-03 2.48e-04 1.48e-01  -4.0 1.85e-02    -  1.00e+00 1.00e+00h  1
 244  1.0127321e-03 1.12e-04 1.64e-02  -4.1 1.43e-02    -  1.00e+00 1.00e+00h  1
 245  1.0588767e-03 2.95e-05 4.53e-02  -4.0 7.28e-03    -  1.00e+00 1.00e+00h  1
 246  1.0039534e-03 3.44e-05 2.38e-02  -4.0 6.28e-03    -  1.00e+00 1.00e+00h  1
 247  9.9899823e-04 4.63e-06 4.66e-03  -4.0 2.12e-03    -  1.00e+00 1.00e+00h  1
 248  9.9763536e-04 6.32e-07 3.89e-03  -4.0 9.73e-04    -  1.00e+00 1.00e+00h  1
 249  9.9472489e-04 5.47e-07 4.06e-03  -4.0 1.02e-03    -  1.00e+00 1.00e+00h  1
iter    objective    inf_pr   inf_du lg(mu)  ||d||  lg(rg) alpha_du alpha_pr  ls
 250  1.0111147e-03 3.29e-08 2.19e-02  -4.0 7.14e-03    -  1.00e+00 1.00e+00H  1
 251  1.0022684e-03 1.27e-05 3.11e-02  -4.0 4.06e-03    -  1.00e+00 1.00e+00h  1
 252  9.9008985e-04 9.07e-06 5.55e-03  -4.1 6.75e-03    -  1.00e+00 1.00e+00h  1
 253  9.8138582e-04 1.68e-06 3.28e-03  -4.0 1.77e-03    -  1.00e+00 1.00e+00h  1
 254  9.7967101e-04 2.26e-06 5.27e-03  -4.0 1.50e-03    -  1.00e+00 1.00e+00h  1
 255  9.7638316e-04 4.79e-07 5.34e-03  -4.0 9.42e-04    -  1.00e+00 1.00e+00h  1
 256  9.8140323e-04 8.13e-06 1.33e-02  -4.0 4.05e-03    -  1.00e+00 1.00e+00h  1
 257  9.7217583e-04 3.32e-06 4.81e-03  -4.1 1.96e-03    -  1.00e+00 1.00e+00h  1
 258  9.7125474e-04 1.79e-07 7.90e-03  -4.0 1.75e-03    -  1.00e+00 1.00e+00H  1
 259  9.6937301e-04 1.18e-06 4.78e-03  -4.0 1.20e-03    -  1.00e+00 1.00e+00h  1
iter    objective    inf_pr   inf_du lg(mu)  ||d||  lg(rg) alpha_du alpha_pr  ls
 260  9.9235669e-04 4.67e-07 2.72e-02  -4.0 5.57e-03    -  1.00e+00 1.00e+00H  1
 261  9.7304739e-04 2.19e-05 4.31e-02  -4.1 4.98e-03    -  1.00e+00 1.00e+00h  1
 262  9.7112129e-04 1.09e-05 8.42e-02  -4.1 3.81e-03    -  1.00e+00 5.00e-01h  2
 263  9.6293981e-04 3.86e-06 3.77e-03  -4.1 2.13e-03    -  1.00e+00 1.00e+00h  1
 264  9.7165676e-04 2.36e-06 6.56e-03  -4.0 1.59e-03    -  1.00e+00 1.00e+00h  1
 265  9.6212573e-04 4.25e-07 1.27e-03  -4.1 1.12e-03    -  1.00e+00 1.00e+00h  1
 266  9.6199718e-04 1.36e-07 1.35e-03  -4.0 3.42e-04    -  1.00e+00 1.00e+00h  1
 267  9.6172964e-04 1.71e-11 9.11e-04  -4.0 4.86e-04    -  1.00e+00 1.00e+00H  1
 268  9.6124451e-04 1.21e-06 3.27e-02  -4.0 2.10e-02    -  1.00e+00 1.25e-01h  4
 269  9.6194287e-04 9.58e-06 1.69e-02  -4.0 6.99e-03    -  1.00e+00 5.00e-01h  2
iter    objective    inf_pr   inf_du lg(mu)  ||d||  lg(rg) alpha_du alpha_pr  ls
 270  9.6354400e-04 1.85e-06 3.63e-02  -4.1 7.33e-03    -  1.00e+00 1.00e+00H  1
 271  9.8063773e-04 4.66e-07 1.95e-02  -4.1 8.29e-03    -  1.00e+00 1.00e+00H  1
 272  9.7581604e-04 8.90e-07 2.71e-02  -4.1 1.31e-02    -  1.00e+00 6.25e-02h  5
 273  9.5704429e-04 3.53e-05 3.79e-03  -4.1 5.44e-03    -  1.00e+00 1.00e+00h  1
 274  9.6021739e-04 3.25e-05 3.72e-02  -4.0 1.06e-02    -  1.00e+00 2.50e-01h  3
 275  9.5615003e-04 8.20e-06 7.08e-03  -4.0 2.43e-03    -  1.00e+00 1.00e+00h  1
 276  9.5545404e-04 1.61e-06 3.15e-03  -4.0 1.02e-03    -  1.00e+00 1.00e+00h  1
 277  9.5538246e-04 2.22e-08 7.18e-03  -4.0 1.27e-03    -  1.00e+00 1.00e+00H  1
 278  9.5556397e-04 2.76e-06 6.18e-03  -4.0 1.95e-03    -  1.00e+00 1.00e+00h  1
 279  9.8802144e-04 1.41e-06 1.88e-02  -4.1 3.83e-03    -  1.00e+00 1.00e+00H  1
iter    objective    inf_pr   inf_du lg(mu)  ||d||  lg(rg) alpha_du alpha_pr  ls
 280  9.5439085e-04 1.60e-05 5.28e-03  -4.1 4.01e-03    -  1.00e+00 1.00e+00h  1
 281  9.6602312e-04 3.08e-07 2.01e-02  -4.0 4.28e-03    -  1.00e+00 1.00e+00H  1
 282  9.5453587e-04 3.27e-05 4.64e-03  -4.1 5.25e-03    -  1.00e+00 1.00e+00h  1
 283  1.0008605e-03 1.01e-04 1.68e-02  -4.1 9.75e-03    -  1.00e+00 1.00e+00h  1
 284  9.5326819e-04 6.05e-05 2.80e-03  -4.1 7.38e-03    -  1.00e+00 1.00e+00h  1
 285  9.5412679e-04 8.83e-06 8.77e-03  -4.0 3.47e-03    -  1.00e+00 1.00e+00h  1
 286  9.5288730e-04 7.38e-06 5.51e-03  -4.0 3.13e-03    -  1.00e+00 1.00e+00h  1
 287  9.5297000e-04 1.20e-06 6.26e-04  -4.0 1.25e-03    -  1.00e+00 1.00e+00h  1
 288  9.5296037e-04 1.58e-08 2.29e-04  -4.0 1.17e-04    -  1.00e+00 1.00e+00h  1
 289  9.5282741e-04 1.61e-08 6.47e-04  -4.0 1.35e-04    -  1.00e+00 1.00e+00h  1
iter    objective    inf_pr   inf_du lg(mu)  ||d||  lg(rg) alpha_du alpha_pr  ls
 290  9.5265096e-04 2.23e-07 2.57e-03  -4.0 5.00e-04    -  1.00e+00 1.00e+00h  1
 291  1.0022326e-03 2.43e-08 7.34e-02  -4.0 1.36e-02    -  1.00e+00 1.00e+00H  1
 292  9.8145111e-04 6.43e-05 2.79e-02  -4.1 8.23e-03    -  1.00e+00 1.00e+00h  1
 293  9.8525950e-04 8.71e-05 3.09e-01  -4.1 2.60e-02    -  1.00e+00 2.50e-01h  3
 294  9.8478004e-04 4.29e-05 1.63e-02  -4.1 4.22e-03    -  1.00e+00 5.00e-01h  2
 295  9.5017740e-04 3.56e-05 6.45e-03  -4.1 5.81e-03    -  1.00e+00 1.00e+00h  1
 296  9.5486043e-04 9.50e-05 4.86e-02  -4.0 1.09e-02    -  1.00e+00 1.00e+00h  1
 297  9.5017124e-04 3.18e-05 1.12e-02  -4.1 6.24e-03    -  1.00e+00 1.00e+00h  1
 298  9.4970957e-04 2.33e-05 4.23e-03  -4.0 5.34e-03    -  1.00e+00 1.00e+00h  1
 299  9.4976751e-04 2.25e-06 1.80e-03  -4.0 1.57e-03    -  1.00e+00 1.00e+00h  1
iter    objective    inf_pr   inf_du lg(mu)  ||d||  lg(rg) alpha_du alpha_pr  ls
 300  9.4967197e-04 2.02e-07 6.35e-04  -4.0 4.18e-04    -  1.00e+00 1.00e+00h  1
 301  9.4967714e-04 5.78e-09 1.84e-04  -4.0 8.77e-05    -  1.00e+00 1.00e+00h  1
 302  9.4959436e-04 8.84e-09 5.25e-04  -4.0 1.96e-04    -  1.00e+00 1.00e+00h  1
 303  9.4925005e-04 6.51e-07 3.74e-03  -4.0 1.51e-03    -  1.00e+00 1.00e+00h  1
 304  9.4887317e-04 2.60e-07 4.90e-03  -4.0 5.83e-04    -  1.00e+00 1.00e+00h  1
 305  9.5603988e-04 4.10e-08 1.49e-02  -4.0 2.63e-03    -  1.00e+00 1.00e+00H  1
 306  9.4845753e-04 4.96e-07 5.63e-03  -4.1 9.59e-04    -  1.00e+00 1.00e+00h  1
 307  9.4806330e-04 4.62e-07 2.52e-03  -4.0 6.73e-04    -  1.00e+00 1.00e+00h  1
 308  9.4733930e-04 4.04e-08 1.30e-03  -4.0 3.92e-04    -  1.00e+00 1.00e+00h  1
 309  9.4690038e-04 1.38e-07 1.60e-03  -4.0 7.34e-04    -  1.00e+00 1.00e+00h  1
iter    objective    inf_pr   inf_du lg(mu)  ||d||  lg(rg) alpha_du alpha_pr  ls
 310  9.4736653e-04 9.73e-06 1.49e-01  -4.0 8.28e-02    -  1.00e+00 6.25e-02h  5
 311  9.4705451e-04 9.32e-06 1.65e-01  -4.1 1.27e-02    -  1.00e+00 1.25e-01h  4
 312  9.4522281e-04 2.57e-06 2.58e-02  -4.1 1.29e-02    -  1.00e+00 1.00e+00h  1
 313  9.5465267e-04 5.96e-06 1.26e-02  -4.0 6.34e-03    -  1.00e+00 1.00e+00h  1
 314  9.4332194e-04 2.93e-06 2.08e-03  -4.1 1.69e-03    -  1.00e+00 1.00e+00h  1
 315  9.4306502e-04 4.98e-07 1.02e-03  -4.0 6.30e-04    -  1.00e+00 1.00e+00h  1
 316  9.4273837e-04 5.42e-08 8.38e-04  -4.0 4.54e-04    -  1.00e+00 1.00e+00h  1
 317  9.4508321e-04 9.59e-09 1.52e-02  -4.0 4.73e-03    -  1.00e+00 1.00e+00H  1
 318  9.5048091e-04 1.60e-05 2.75e-02  -4.0 1.66e-02    -  1.00e+00 1.00e+00h  1
 319  9.5656253e-04 4.55e-06 1.33e-02  -4.1 6.72e-03    -  1.00e+00 1.00e+00h  1
iter    objective    inf_pr   inf_du lg(mu)  ||d||  lg(rg) alpha_du alpha_pr  ls
 320  9.4305526e-04 4.02e-06 6.30e-03  -4.1 8.16e-03    -  1.00e+00 1.00e+00h  1
 321  9.4153459e-04 1.37e-06 4.48e-03  -4.1 4.06e-03    -  1.00e+00 1.00e+00h  1
 322  9.3939890e-04 5.65e-07 3.15e-03  -4.0 1.06e-03    -  1.00e+00 1.00e+00h  1
 323  9.3895714e-04 2.10e-08 4.20e-03  -4.0 9.09e-04    -  1.00e+00 1.00e+00H  1
 324  9.3880808e-04 4.93e-07 2.56e-03  -4.0 8.64e-04    -  1.00e+00 1.00e+00h  1
 325  9.3869721e-04 3.25e-07 2.43e-03  -4.0 5.53e-04    -  1.00e+00 1.00e+00h  1
 326  9.3831895e-04 4.34e-08 7.83e-04  -4.0 3.55e-04    -  1.00e+00 1.00e+00h  1
 327  9.3785525e-04 2.48e-07 3.09e-03  -4.0 9.10e-04    -  1.00e+00 1.00e+00h  1
 328  9.3607999e-04 7.99e-06 2.45e-02  -4.0 3.83e-02    -  1.00e+00 1.25e-01h  4
 329  9.3654132e-04 8.32e-06 2.59e-01  -4.0 4.44e-02    -  1.00e+00 3.12e-02h  6
iter    objective    inf_pr   inf_du lg(mu)  ||d||  lg(rg) alpha_du alpha_pr  ls
 330  9.4805107e-04 6.94e-07 4.20e-02  -4.1 1.91e-02    -  1.00e+00 1.00e+00H  1
 331  9.4692981e-04 1.55e-06 4.71e-02  -4.1 8.33e-02    -  1.00e+00 6.25e-02h  5
 332  9.3502021e-04 7.34e-06 2.49e-02  -4.1 2.43e-02    -  1.00e+00 1.00e+00h  1
 333  9.4946948e-04 2.14e-05 1.73e-01  -4.0 3.21e-02    -  1.00e+00 5.00e-01h  2
 334  9.3108743e-04 7.72e-06 9.04e-03  -4.1 1.93e-02    -  1.00e+00 1.00e+00h  1
 335  9.3126411e-04 3.48e-07 2.88e-03  -4.0 2.53e-03    -  1.00e+00 1.00e+00h  1
 336  9.3151276e-04 1.48e-06 1.21e-02  -4.0 2.34e-03    -  1.00e+00 1.00e+00h  1
 337  9.2796351e-04 3.07e-06 6.68e-02  -4.1 2.38e-02    -  1.00e+00 1.25e-01h  4
 338  9.2825100e-04 3.12e-06 1.80e-01  -4.0 6.97e-02    -  1.00e+00 3.12e-02h  6
 339  9.2863528e-04 2.31e-06 1.50e-02  -4.1 2.93e-03    -  1.00e+00 1.00e+00h  1
iter    objective    inf_pr   inf_du lg(mu)  ||d||  lg(rg) alpha_du alpha_pr  ls
 340  1.1152540e-03 1.01e-06 9.57e-02  -4.0 1.16e-02    -  1.00e+00 1.00e+00H  1
 341  9.5355843e-04 1.39e-05 3.25e-02  -4.1 9.16e-03    -  1.00e+00 1.00e+00h  1
 342  9.2196499e-04 1.80e-05 2.42e-02  -4.1 1.04e-02    -  1.00e+00 1.00e+00h  1
 343  9.5389452e-04 3.55e-04 2.21e-01  -4.0 6.20e-02    -  1.00e+00 5.00e-01h  2
 344  1.0282691e-03 1.04e-04 2.17e-02  -4.1 6.46e-02    -  1.00e+00 1.00e+00h  1
 345  2.4407839e-03 8.35e-04 4.40e-03  -4.1 5.88e-02    -  9.90e-01 1.00e+00H  1
 346  1.0033241e-03 2.87e-03 3.49e-02  -4.1 6.06e-02    -  1.00e+00 1.00e+00h  1
 347  9.1861956e-04 3.94e-04 1.34e-02  -4.1 2.47e-02    -  1.00e+00 1.00e+00h  1
 348  9.3573453e-04 1.01e-04 1.50e-02  -4.0 2.26e-02    -  1.00e+00 1.00e+00h  1
 349  1.0866291e-03 1.49e-04 2.45e-02  -4.1 2.41e-02    -  1.00e+00 5.00e-01h  2
iter    objective    inf_pr   inf_du lg(mu)  ||d||  lg(rg) alpha_du alpha_pr  ls
 350  9.0905602e-04 9.10e-05 1.40e-03  -4.1 1.20e-02    -  1.00e+00 1.00e+00h  1
 351  9.0834045e-04 1.12e-05 7.21e-03  -4.0 3.23e-03    -  1.00e+00 1.00e+00h  1
 352  9.0851317e-04 1.70e-05 1.17e-02  -4.0 4.84e-03    -  1.00e+00 1.00e+00h  1
 353  9.0709361e-04 7.10e-06 6.55e-03  -4.0 2.97e-03    -  1.00e+00 1.00e+00h  1
 354  9.0727647e-04 3.35e-06 5.88e-03  -4.0 2.47e-03    -  1.00e+00 1.00e+00h  1
 355  9.0697220e-04 1.12e-06 1.69e-03  -4.0 1.11e-03    -  1.00e+00 1.00e+00h  1
 356  9.0636444e-04 1.06e-07 9.87e-04  -4.0 6.94e-04    -  1.00e+00 1.00e+00h  1
 357  9.0604948e-04 6.00e-08 1.08e-03  -4.0 4.49e-04    -  1.00e+00 1.00e+00h  1
 358  9.2418910e-04 5.89e-09 2.75e-02  -4.0 6.04e-03    -  1.00e+00 1.00e+00H  1
 359  9.0801544e-04 5.16e-06 1.14e-02  -4.0 3.41e-03    -  1.00e+00 1.00e+00h  1
iter    objective    inf_pr   inf_du lg(mu)  ||d||  lg(rg) alpha_du alpha_pr  ls
 360  9.2150468e-04 6.75e-06 1.10e-02  -4.1 3.15e-03    -  1.00e+00 1.00e+00h  1
 361  9.0416229e-04 3.98e-06 8.68e-04  -4.1 2.39e-03    -  1.00e+00 1.00e+00h  1
 362  9.0412932e-04 4.83e-09 2.17e-04  -4.0 8.68e-05    -  1.00e+00 1.00e+00h  1
 363  9.0692568e-04 2.62e-10 1.11e-02  -4.0 2.54e-03    -  1.00e+00 1.00e+00H  1
 364  9.0469539e-04 1.08e-06 1.28e-02  -4.0 2.14e-03    -  1.00e+00 1.00e+00h  1
 365  9.0438664e-04 3.86e-07 3.78e-03  -4.1 8.01e-04    -  1.00e+00 1.00e+00h  1
 366  9.0259231e-04 1.50e-07 1.66e-03  -4.1 7.92e-04    -  1.00e+00 1.00e+00h  1
 367  9.0320865e-04 1.06e-06 5.24e-03  -4.0 1.03e-03    -  1.00e+00 1.00e+00h  1
 368  9.0247156e-04 3.47e-07 2.11e-03  -4.1 6.29e-04    -  1.00e+00 1.00e+00h  1
 369  9.0226718e-04 1.37e-10 1.29e-03  -4.0 3.64e-04    -  1.00e+00 1.00e+00H  1
iter    objective    inf_pr   inf_du lg(mu)  ||d||  lg(rg) alpha_du alpha_pr  ls
 370  9.0244478e-04 1.47e-06 7.71e-03  -4.0 1.51e-03    -  1.00e+00 1.00e+00h  1
 371  9.0244154e-04 4.04e-07 2.44e-03  -4.1 9.87e-04    -  1.00e+00 1.00e+00h  1
 372  9.0567996e-04 7.34e-06 1.01e-02  -4.1 2.57e-03    -  1.00e+00 1.00e+00h  1
 373  9.0172083e-04 4.30e-06 5.39e-04  -4.1 2.00e-03    -  1.00e+00 1.00e+00h  1
 374  9.0170976e-04 2.23e-08 8.08e-04  -4.0 2.34e-04    -  1.00e+00 1.00e+00h  1
 375  9.0149033e-04 1.62e-06 1.16e-02  -4.0 2.34e-03    -  1.00e+00 1.00e+00h  1
 376  9.0132129e-04 3.76e-06 2.65e-02  -4.0 4.94e-02    -  1.00e+00 6.25e-02h  5
 377  9.0126771e-04 7.28e-06 1.82e-01  -4.1 2.10e-02    -  1.00e+00 2.50e-01h  3
 378  9.0110782e-04 7.77e-06 3.03e-01  -4.1 1.34e-01    -  1.00e+00 1.56e-02h  7
 379  1.0026961e-03 3.26e-06 5.14e-02  -4.1 1.17e-02    -  1.00e+00 1.00e+00H  1
iter    objective    inf_pr   inf_du lg(mu)  ||d||  lg(rg) alpha_du alpha_pr  ls
 380  9.2397491e-04 5.33e-06 4.84e-02  -4.1 3.24e-03    -  1.00e+00 1.00e+00h  1
 381  9.0307822e-04 8.17e-07 1.51e-02  -4.1 1.86e-02    -  1.00e+00 1.00e+00H  1
 382  8.9929457e-04 1.22e-05 2.25e-01  -4.1 4.96e-01    -  1.00e+00 1.56e-02h  7
 383  8.9953583e-04 1.36e-05 5.41e-01  -4.1 1.88e-01    -  1.00e+00 1.56e-02h  7
 384  9.0335991e-04 1.75e-05 2.28e-01  -4.1 7.19e-02    -  1.00e+00 6.25e-02h  5
 385  9.0458722e-04 1.83e-05 1.45e-01  -4.1 2.75e-02    -  1.00e+00 1.25e-01h  4
 386  9.0117648e-04 1.23e-05 1.89e-02  -4.1 2.28e-02    -  1.00e+00 5.00e-01h  2
 387  9.1068717e-04 1.26e-05 7.92e-02  -4.0 7.86e-02    -  1.00e+00 1.25e-01h  4
 388  9.0382566e-04 5.95e-06 2.05e-02  -4.1 6.24e-03    -  1.00e+00 1.00e+00h  1
 389  9.0472090e-04 8.87e-06 5.69e-02  -4.1 7.07e-02    -  1.00e+00 2.50e-01h  3
iter    objective    inf_pr   inf_du lg(mu)  ||d||  lg(rg) alpha_du alpha_pr  ls
 390  8.9777691e-04 6.26e-06 6.76e-03  -4.1 1.11e-02    -  1.00e+00 1.00e+00h  1
 391  9.0582813e-04 9.52e-06 1.83e-01  -4.0 3.86e-02    -  1.00e+00 2.50e-01h  3
 392  9.0224107e-04 3.87e-06 1.18e-02  -4.1 4.03e-03    -  1.00e+00 1.00e+00h  1
 393  8.9756636e-04 1.10e-05 8.96e-03  -4.1 8.65e-03    -  1.00e+00 1.00e+00h  1
 394  9.0385912e-04 8.61e-06 9.18e-03  -4.0 3.89e-03    -  1.00e+00 1.00e+00h  1
 395  8.9628930e-04 1.59e-06 3.73e-03  -4.1 8.02e-03    -  1.00e+00 1.00e+00h  1
 396  8.9755866e-04 2.26e-06 8.06e-02  -4.0 1.12e-02    -  1.00e+00 2.50e-01h  3
 397  8.9558973e-04 8.65e-07 3.02e-03  -4.0 3.41e-03    -  1.00e+00 1.00e+00h  1
 398  9.0214789e-04 1.61e-07 8.13e-03  -4.0 4.97e-03    -  1.00e+00 1.00e+00H  1
 399  8.9567103e-04 6.25e-07 1.23e-03  -4.1 4.42e-03    -  1.00e+00 1.00e+00h  1
iter    objective    inf_pr   inf_du lg(mu)  ||d||  lg(rg) alpha_du alpha_pr  ls
 400  8.9583837e-04 4.33e-07 2.50e-03  -4.1 1.02e-03    -  1.00e+00 1.00e+00h  1
 401  8.9547715e-04 2.38e-07 9.50e-04  -4.0 7.00e-04    -  1.00e+00 1.00e+00h  1
 402  8.9546033e-04 1.90e-08 4.71e-04  -4.0 1.67e-04    -  1.00e+00 1.00e+00h  1
 403  8.9543056e-04 7.44e-10 1.46e-04  -4.0 4.36e-05    -  1.00e+00 1.00e+00h  1
 404  8.9535202e-04 1.35e-08 4.40e-04  -4.0 3.15e-04    -  1.00e+00 1.00e+00h  1
 405  8.9471616e-04 6.74e-07 5.92e-03  -4.0 1.36e-03    -  1.00e+00 1.00e+00h  1
 406  9.0241465e-04 2.95e-07 2.82e-02  -4.0 4.47e-03    -  1.00e+00 1.00e+00H  1
 407  1.1971447e-03 2.79e-08 1.29e-01  -4.1 2.02e-02    -  1.00e+00 1.00e+00H  1
 408  9.0318614e-04 7.73e-08 1.17e-02  -4.1 3.77e-02    -  1.00e+00 1.00e+00H  1
 409  9.0191613e-04 1.10e-05 3.56e-01  -4.1 5.06e-02    -  1.00e+00 5.00e-01h  2
iter    objective    inf_pr   inf_du lg(mu)  ||d||  lg(rg) alpha_du alpha_pr  ls
 410  9.0037294e-04 1.03e-05 1.22e-01  -4.1 1.52e-02    -  1.00e+00 1.25e-01h  4
 411  8.9640070e-04 1.33e-05 1.81e-01  -4.1 1.02e-01    -  1.00e+00 1.25e-01h  4
 412  8.9592888e-04 1.16e-05 1.91e-01  -4.1 8.45e-03    -  1.00e+00 1.25e-01h  4
 413  8.9490705e-04 1.12e-05 1.55e-02  -4.1 4.37e-03    -  1.00e+00 1.00e+00h  1
 414  8.9534430e-04 1.06e-05 5.24e-02  -4.1 5.40e-03    -  1.00e+00 5.00e-01h  2
 415  8.9942793e-04 7.44e-06 2.17e-02  -4.1 1.97e-02    -  1.00e+00 5.00e-01h  2
 416  8.9402622e-04 2.28e-06 4.66e-03  -4.1 7.64e-03    -  1.00e+00 1.00e+00h  1
 417  8.9368234e-04 9.14e-07 3.30e-03  -4.0 1.66e-03    -  1.00e+00 1.00e+00h  1
 418  8.9584463e-04 1.64e-06 5.69e-03  -4.0 1.43e-03    -  1.00e+00 1.00e+00h  1
 419  8.9299463e-04 7.84e-07 8.11e-04  -4.1 1.72e-03    -  1.00e+00 1.00e+00h  1
iter    objective    inf_pr   inf_du lg(mu)  ||d||  lg(rg) alpha_du alpha_pr  ls
 420  8.9305005e-04 7.11e-08 6.04e-04  -4.0 6.65e-04    -  1.00e+00 1.00e+00h  1
 421  8.9302352e-04 3.40e-09 1.11e-04  -4.0 1.99e-04    -  1.00e+00 1.00e+00h  1
 422  8.9299655e-04 1.34e-09 2.12e-04  -4.0 1.53e-04    -  1.00e+00 1.00e+00h  1
 423  8.9314907e-04 1.09e-11 5.85e-03  -4.0 2.44e-03    -  1.00e+00 1.00e+00H  1
 424  8.9323341e-04 1.68e-07 1.60e-01  -4.1 5.03e-03    -  1.00e+00 2.50e-01h  3
 425  8.9288155e-04 3.17e-07 4.02e-03  -4.1 4.32e-03    -  1.00e+00 1.00e+00h  1
 426  8.9462525e-04 6.47e-07 4.06e-03  -4.0 3.04e-03    -  1.00e+00 1.00e+00h  1
 427  8.9203883e-04 2.76e-07 1.27e-03  -4.1 7.38e-04    -  1.00e+00 1.00e+00h  1
 428  8.9192552e-04 2.65e-09 9.04e-03  -4.0 2.25e-03    -  1.00e+00 1.00e+00H  1
 429  8.9155817e-04 3.77e-07 1.22e-02  -4.0 6.23e-02    -  1.00e+00 6.25e-02h  5
iter    objective    inf_pr   inf_du lg(mu)  ||d||  lg(rg) alpha_du alpha_pr  ls
 430  8.9241685e-04 2.30e-05 5.46e-02  -4.0 1.16e-02    -  1.00e+00 1.00e+00h  1
 431  8.9163404e-04 2.45e-05 2.56e-01  -4.1 2.04e-01    -  1.00e+00 1.56e-02h  7
 432  8.9226933e-04 2.91e-05 4.17e-01  -4.1 2.15e-01    -  1.00e+00 3.12e-02h  6
 433  8.9204956e-04 3.76e-05 4.72e-01  -4.1 1.16e-01    -  1.00e+00 6.25e-02h  5
 434  8.8788451e-04 4.00e-05 2.46e-01  -4.1 2.70e-01    -  1.00e+00 1.56e-02h  7
 435  8.8650441e-04 4.01e-05 1.13e-01  -4.0 6.62e-02    -  1.00e+00 6.25e-02h  5
 436  8.8786253e-04 9.81e-05 2.40e-01  -4.0 1.73e-01    -  1.00e+00 1.25e-01h  4
 437  8.9864301e-04 3.12e-04 7.30e-01  -4.1 2.59e-01    -  6.98e-01 1.25e-01h  4
 438  8.9314333e-04 3.56e-04 1.29e-01  -4.1 3.09e-01    -  1.00e+00 6.25e-02h  5
 439  8.9347360e-04 3.85e-04 7.15e-01  -4.1 1.63e+00    -  8.71e-01 7.81e-03h  8
iter    objective    inf_pr   inf_du lg(mu)  ||d||  lg(rg) alpha_du alpha_pr  ls
 440  8.9854838e-04 5.87e-04 2.53e-01  -4.1 1.04e+00    -  1.00e+00 3.12e-02h  6
 441  8.9052265e-04 5.94e-04 3.60e-01  -4.1 3.33e-01    -  1.00e+00 3.12e-02h  6
 442  1.0163996e-03 9.32e-05 7.56e-02  -4.1 3.51e-02    -  1.00e+00 1.00e+00h  1
 443  9.4520895e-04 5.36e-05 3.05e-02  -4.1 2.86e-02    -  1.00e+00 5.00e-01h  2
 444  8.9924611e-04 4.20e-04 3.13e-01  -4.1 2.88e-01    -  7.27e-01 1.25e-01h  4
 445  9.8419860e-04 7.04e-04 3.85e-02  -4.1 2.88e-02    -  1.00e+00 1.00e+00h  1
 446  9.2440385e-04 6.49e-04 4.51e-02  -4.1 1.18e-01    -  1.00e+00 5.00e-01h  2
 447  9.3834954e-04 6.21e-04 3.01e-01  -4.1 8.15e-01    -  9.57e-01 1.56e-02h  7
 448  9.4118287e-04 5.97e-04 1.45e-01  -4.1 1.10e-01    -  1.00e+00 2.50e-01h  3
 449  9.1739141e-04 5.04e-04 9.44e-02  -4.1 7.97e-02    -  1.00e+00 2.50e-01h  3
iter    objective    inf_pr   inf_du lg(mu)  ||d||  lg(rg) alpha_du alpha_pr  ls
 450  8.6614382e-04 2.84e-04 2.20e-02  -4.1 2.59e-02    -  1.00e+00 5.00e-01h  2
 451  9.4215721e-04 3.52e-04 1.51e-01  -4.0 1.20e-01    -  1.00e+00 2.50e-01h  3
 452  9.4625852e-04 4.32e-04 6.84e-03  -4.1 7.88e-02    -  1.00e+00 2.62e-01H  1
 453  8.7812894e-04 3.17e-04 1.21e-01  -4.1 5.56e-02    -  1.00e+00 2.50e-01f  3
 454  9.1107356e-04 2.90e-04 7.39e-02  -4.0 5.26e-02    -  1.00e+00 5.00e-01h  2
 455  9.0568609e-04 1.32e-04 7.40e-02  -4.1 2.63e-02    -  1.00e+00 5.00e-01h  2
 456  9.1226907e-04 2.56e-04 9.38e-02  -4.1 7.24e-02    -  1.00e+00 2.50e-01h  3
 457  9.0394238e-04 4.65e-04 2.73e-02  -4.1 1.17e-01    -  1.00e+00 2.50e-01h  3
 458  9.1147460e-04 6.25e-04 9.02e-02  -4.1 6.82e-02    -  1.00e+00 2.50e-01h  3
 459  8.6086373e-04 3.73e-04 4.72e-03  -4.1 2.32e-02    -  1.00e+00 1.00e+00h  1
iter    objective    inf_pr   inf_du lg(mu)  ||d||  lg(rg) alpha_du alpha_pr  ls
 460  9.9869655e-04 5.40e-04 1.97e-02  -4.0 1.05e-01    -  1.00e+00 2.50e-01h  3
 461  8.7986620e-04 2.35e-04 7.00e-03  -4.1 1.67e-02    -  1.00e+00 1.00e+00h  1
 462  8.9315900e-04 1.20e-04 3.46e-01  -4.0 2.51e-02    -  1.00e+00 3.12e-01H  1
 463  9.0781468e-04 6.59e-05 1.08e-02  -4.1 1.04e-02    -  1.00e+00 1.00e+00h  1
 464  8.5735290e-04 2.57e-04 7.86e-03  -4.1 1.33e-02    -  1.00e+00 1.00e+00h  1
 465  8.9407323e-04 1.12e-04 1.03e-02  -4.0 1.30e-02    -  1.00e+00 1.00e+00h  1
 466  8.5997391e-04 3.38e-05 2.06e-03  -4.1 6.97e-03    -  1.00e+00 1.00e+00h  1
 467  8.5680210e-04 3.61e-06 5.98e-03  -4.0 2.18e-03    -  1.00e+00 1.00e+00h  1
 468  8.5677682e-04 7.16e-06 8.70e-03  -4.0 3.16e-03    -  1.00e+00 1.00e+00h  1
 469  8.5605359e-04 1.51e-06 1.36e-03  -4.1 1.33e-03    -  1.00e+00 1.00e+00h  1
iter    objective    inf_pr   inf_du lg(mu)  ||d||  lg(rg) alpha_du alpha_pr  ls
 470  8.5633237e-04 5.37e-07 3.07e-03  -4.0 7.18e-04    -  1.00e+00 1.00e+00h  1
 471  8.5617429e-04 1.73e-07 5.80e-04  -4.0 5.48e-04    -  1.00e+00 1.00e+00h  1
 472  8.5608545e-04 2.61e-08 1.12e-04  -4.0 1.83e-04    -  1.00e+00 1.00e+00h  1
 473  8.5605960e-04 1.37e-09 1.45e-04  -4.0 1.15e-04    -  1.00e+00 1.00e+00h  1
 474  8.5596352e-04 3.07e-07 1.95e-03  -4.0 1.44e-03    -  1.00e+00 1.00e+00h  1
 475  8.5737110e-04 1.22e-08 8.14e-03  -4.0 1.81e-03    -  1.00e+00 1.00e+00H  1
 476  8.6127389e-04 2.66e-09 8.52e-03  -4.1 1.02e-03    -  1.00e+00 1.00e+00H  1
 477  8.5539425e-04 1.90e-06 1.42e-03  -4.1 1.39e-03    -  1.00e+00 1.00e+00h  1
 478  8.5637937e-04 7.74e-07 5.98e-03  -4.0 1.24e-03    -  1.00e+00 1.00e+00h  1
 479  8.5536469e-04 3.77e-07 9.61e-04  -4.1 1.38e-03    -  1.00e+00 1.00e+00h  1
iter    objective    inf_pr   inf_du lg(mu)  ||d||  lg(rg) alpha_du alpha_pr  ls
 480  8.5613088e-04 9.01e-07 5.26e-03  -4.0 9.42e-04    -  1.00e+00 1.00e+00h  1
 481  8.5525196e-04 4.40e-07 7.03e-04  -4.1 7.03e-04    -  1.00e+00 1.00e+00h  1
 482  8.5520850e-04 3.94e-08 5.96e-04  -4.0 2.49e-04    -  1.00e+00 1.00e+00h  1
 483  8.5517295e-04 3.88e-09 3.25e-04  -4.0 1.12e-04    -  1.00e+00 1.00e+00h  1
 484  8.5599778e-04 4.65e-10 1.60e-02  -4.0 3.67e-03    -  1.00e+00 1.00e+00H  1
 485  8.5667532e-04 1.21e-06 1.18e-02  -4.1 5.55e-03    -  1.00e+00 1.00e+00h  1
 486  8.5632822e-04 9.07e-07 1.64e-02  -4.1 3.59e-03    -  1.00e+00 5.00e-01h  2
 487  8.5383211e-04 4.71e-07 2.63e-03  -4.1 3.25e-03    -  1.00e+00 1.00e+00h  1
 488  8.5404086e-04 5.49e-07 3.46e-03  -4.0 2.29e-03    -  1.00e+00 1.00e+00h  1
 489  8.5378902e-04 1.13e-06 6.61e-03  -4.1 1.83e-03    -  1.00e+00 1.00e+00h  1
iter    objective    inf_pr   inf_du lg(mu)  ||d||  lg(rg) alpha_du alpha_pr  ls
 490  8.5696527e-04 1.09e-05 1.31e-02  -4.1 4.39e-03    -  1.00e+00 1.00e+00h  1
 491  8.5770400e-04 8.98e-06 4.51e-03  -4.1 6.50e-03    -  1.00e+00 1.00e+00h  1
 492  9.9460828e-04 9.04e-08 3.66e-02  -4.1 1.56e-02    -  1.00e+00 1.00e+00H  1
 493  8.5993483e-04 5.23e-07 1.11e-02  -4.1 7.60e-03    -  1.00e+00 1.00e+00H  1
 494  8.5455153e-04 6.93e-06 5.68e-03  -4.1 2.95e-03    -  1.00e+00 1.00e+00h  1
 495  9.2188611e-04 4.37e-07 2.55e-02  -4.1 4.68e-03    -  1.00e+00 1.00e+00H  1
 496  8.5442010e-04 3.84e-06 7.05e-03  -4.1 4.54e-03    -  1.00e+00 1.00e+00h  1
 497  8.5295971e-04 4.08e-06 5.75e-03  -4.1 2.47e-03    -  1.00e+00 1.00e+00h  1
 498  8.5501938e-04 6.78e-06 1.42e-02  -4.0 2.89e-03    -  1.00e+00 1.00e+00h  1
 499  8.5309561e-04 3.19e-06 2.39e-03  -4.1 1.86e-03    -  1.00e+00 1.00e+00h  1
iter    objective    inf_pr   inf_du lg(mu)  ||d||  lg(rg) alpha_du alpha_pr  ls
 500  8.5310146e-04 5.32e-07 1.59e-03  -4.0 7.90e-04    -  1.00e+00 1.00e+00h  1
 501  8.5327612e-04 4.46e-08 7.70e-04  -4.0 2.27e-04    -  1.00e+00 1.00e+00h  1
 502  8.5305546e-04 1.47e-08 4.13e-04  -4.0 1.57e-04    -  1.00e+00 1.00e+00h  1
 503  8.5302746e-04 1.28e-09 2.97e-04  -4.0 4.29e-05    -  1.00e+00 1.00e+00h  1
 504  8.5298560e-04 1.16e-08 5.37e-04  -4.0 1.39e-04    -  1.00e+00 1.00e+00h  1
 505  8.5264146e-04 1.72e-06 8.97e-03  -4.0 7.63e-03    -  1.00e+00 2.50e-01h  3
 506  8.5264530e-04 1.58e-06 7.52e-03  -4.0 1.38e-03    -  1.00e+00 1.00e+00h  1
 507  8.5236929e-04 4.98e-08 2.47e-03  -4.0 2.89e-04    -  1.00e+00 1.00e+00h  1
 508  8.5200515e-04 7.39e-08 2.66e-03  -4.0 5.28e-04    -  1.00e+00 1.00e+00h  1
 509  8.5367508e-04 1.72e-08 1.80e-02  -4.0 4.10e-03    -  1.00e+00 1.00e+00H  1
iter    objective    inf_pr   inf_du lg(mu)  ||d||  lg(rg) alpha_du alpha_pr  ls
 510  8.5294122e-04 2.50e-06 1.78e-01  -4.1 4.68e-02    -  1.00e+00 6.25e-02h  5
 511  8.5215918e-04 3.90e-06 1.19e-01  -4.1 8.34e-02    -  1.00e+00 3.12e-02h  6
 512  8.5354429e-04 2.95e-05 2.02e-01  -4.1 5.45e-02    -  1.00e+00 2.50e-01h  3
 513  8.5292265e-04 4.96e-05 5.85e-01  -4.1 7.91e-01    -  1.00e+00 1.56e-02h  7
 514  8.6080875e-04 5.64e-05 2.68e-01  -4.1 4.91e-02    -  1.00e+00 2.50e-01h  3
 515  8.5670787e-04 5.47e-05 1.85e-01  -4.1 7.70e-02    -  1.00e+00 6.25e-02h  5
 516  8.5152340e-04 5.66e-05 3.49e-01  -4.1 5.84e-02    -  1.00e+00 2.50e-01h  3
 517  8.5256948e-04 6.52e-05 2.87e-01  -4.1 6.18e-02    -  1.00e+00 2.50e-01h  3
 518  8.6484223e-04 4.81e-05 1.17e-01  -4.1 1.87e-02    -  1.00e+00 2.50e-01h  3
 519  8.4337492e-04 2.43e-05 1.96e-03  -4.1 1.22e-02    -  1.00e+00 1.00e+00h  1
iter    objective    inf_pr   inf_du lg(mu)  ||d||  lg(rg) alpha_du alpha_pr  ls
 520  8.9863327e-04 2.33e-06 2.24e-02  -4.0 7.81e-03    -  1.00e+00 1.00e+00H  1
 521  8.6585865e-04 6.39e-05 5.57e-02  -4.1 2.37e-02    -  1.00e+00 5.00e-01h  2
 522  8.6081474e-04 4.51e-05 2.85e-01  -4.1 1.50e-02    -  1.00e+00 5.00e-01h  2
 523  8.7391986e-04 2.26e-05 8.03e-02  -4.1 9.50e-03    -  1.00e+00 5.00e-01h  2
 524  8.5052360e-04 1.77e-05 1.42e-02  -4.1 6.10e-03    -  1.00e+00 1.00e+00h  1
 525  9.4720326e-04 2.07e-05 2.38e-02  -4.0 9.55e-03    -  1.00e+00 1.00e+00h  1
 526  8.4101478e-04 1.58e-05 6.26e-03  -4.1 7.37e-03    -  1.00e+00 1.00e+00h  1
 527  8.8130660e-04 5.27e-05 3.46e-02  -4.0 7.98e-03    -  1.00e+00 1.00e+00h  1
 528  8.4107559e-04 1.89e-05 7.32e-03  -4.1 4.87e-03    -  1.00e+00 1.00e+00h  1
 529  8.4133353e-04 1.56e-05 1.06e-02  -4.0 4.65e-03    -  1.00e+00 1.00e+00h  1
iter    objective    inf_pr   inf_du lg(mu)  ||d||  lg(rg) alpha_du alpha_pr  ls
 530  8.4124186e-04 8.30e-06 7.41e-03  -4.0 2.45e-03    -  1.00e+00 1.00e+00h  1
 531  8.4037818e-04 2.40e-06 6.21e-03  -4.0 1.85e-03    -  1.00e+00 1.00e+00h  1
 532  8.4032244e-04 4.54e-07 8.13e-04  -4.0 6.68e-04    -  1.00e+00 1.00e+00h  1
 533  8.4032568e-04 7.05e-09 2.44e-04  -4.0 9.95e-05    -  1.00e+00 1.00e+00h  1
 534  8.4024127e-04 6.99e-08 1.30e-03  -4.0 3.64e-04    -  1.00e+00 1.00e+00h  1
 535  8.4646739e-04 2.11e-09 9.78e-03  -4.0 2.66e-03    -  1.00e+00 1.00e+00H  1
 536  8.4133181e-04 1.10e-06 5.44e-03  -4.0 1.54e-03    -  1.00e+00 1.00e+00h  1
 537  8.4338386e-04 6.50e-08 5.19e-03  -4.1 1.64e-03    -  1.00e+00 1.00e+00H  1
 538  8.3976558e-04 8.48e-07 6.64e-04  -4.1 1.16e-03    -  1.00e+00 1.00e+00h  1
 539  8.4192404e-04 6.83e-07 4.80e-03  -4.0 1.03e-03    -  1.00e+00 1.00e+00h  1
iter    objective    inf_pr   inf_du lg(mu)  ||d||  lg(rg) alpha_du alpha_pr  ls
 540  8.3965272e-04 1.69e-07 1.90e-03  -4.1 6.04e-04    -  1.00e+00 1.00e+00h  1
 541  8.3932171e-04 9.61e-07 5.81e-03  -4.0 1.22e-03    -  1.00e+00 1.00e+00h  1
 542  8.3949567e-04 3.89e-07 1.51e-04  -4.0 7.67e-04    -  1.00e+00 1.00e+00h  1
 543  8.3947980e-04 3.57e-10 9.45e-05  -4.0 2.51e-05    -  1.00e+00 1.00e+00h  1
 544  8.3933524e-04 5.66e-07 3.96e-03  -4.0 1.30e-03    -  1.00e+00 1.00e+00h  1
 545  8.4045686e-04 9.61e-08 8.53e-03  -4.1 2.14e-03    -  1.00e+00 1.00e+00H  1
 546  8.3914260e-04 1.72e-06 6.07e-03  -4.1 1.43e-03    -  1.00e+00 1.00e+00h  1
 547  8.4049562e-04 2.58e-06 9.90e-03  -4.0 1.89e-03    -  1.00e+00 1.00e+00h  1
 548  8.3776022e-04 1.01e-06 9.34e-04  -4.1 1.14e-03    -  1.00e+00 1.00e+00h  1
 549  8.3743681e-04 9.96e-08 1.19e-03  -4.0 4.79e-04    -  1.00e+00 1.00e+00h  1
iter    objective    inf_pr   inf_du lg(mu)  ||d||  lg(rg) alpha_du alpha_pr  ls
 550  8.3740100e-04 6.88e-08 4.78e-03  -4.0 1.35e-03    -  1.00e+00 1.00e+00H  1
 551  8.4022958e-04 3.86e-06 1.92e-02  -4.0 4.63e-03    -  1.00e+00 1.00e+00h  1
 552  8.3663650e-04 1.21e-05 5.87e-02  -4.1 5.95e-02    -  1.00e+00 1.25e-01h  4
 553  8.4257669e-04 1.16e-05 9.71e-02  -4.0 2.04e-02    -  1.00e+00 1.25e-01h  4
 554  8.3445366e-04 7.53e-06 8.72e-03  -4.1 5.90e-03    -  1.00e+00 1.00e+00h  1
 555  8.5200233e-04 9.25e-06 3.57e-02  -4.0 7.35e-03    -  1.00e+00 1.00e+00H  1
 556  8.4054242e-04 9.11e-06 2.97e-02  -4.1 9.83e-03    -  1.00e+00 5.00e-01h  2
 557  8.3534611e-04 4.11e-05 1.30e-02  -4.1 1.17e-02    -  1.00e+00 1.00e+00h  1
 558  8.5938361e-04 4.36e-05 2.57e-02  -4.1 5.18e-02    -  1.00e+00 1.25e-01h  4
 559  8.3364759e-04 3.54e-05 3.10e-03  -4.1 6.73e-03    -  1.00e+00 1.00e+00h  1
iter    objective    inf_pr   inf_du lg(mu)  ||d||  lg(rg) alpha_du alpha_pr  ls
 560  8.3423939e-04 5.50e-07 2.58e-03  -4.0 9.56e-04    -  1.00e+00 1.00e+00h  1
 561  8.3407610e-04 1.44e-06 6.39e-03  -4.0 1.29e-03    -  1.00e+00 1.00e+00h  1
 562  8.3388307e-04 1.48e-06 4.73e-03  -4.0 2.00e-03    -  1.00e+00 1.00e+00h  1
 563  8.4097972e-04 1.51e-06 5.64e-03  -4.0 1.68e-03    -  1.00e+00 1.00e+00h  1
 564  8.3331422e-04 1.13e-06 3.79e-03  -4.1 1.12e-03    -  1.00e+00 1.00e+00h  1
 565  8.3316484e-04 1.09e-07 1.16e-03  -4.0 3.97e-04    -  1.00e+00 1.00e+00h  1
 566  8.3342237e-04 1.68e-09 2.07e-03  -4.0 5.00e-04    -  1.00e+00 1.00e+00H  1
 567  8.3301715e-04 9.31e-08 9.04e-04  -4.0 3.58e-04    -  1.00e+00 1.00e+00h  1
 568  8.3327424e-04 1.87e-07 2.28e-03  -4.0 4.13e-04    -  1.00e+00 1.00e+00h  1
 569  8.3293722e-04 9.71e-08 2.67e-04  -4.0 3.20e-04    -  1.00e+00 1.00e+00h  1
iter    objective    inf_pr   inf_du lg(mu)  ||d||  lg(rg) alpha_du alpha_pr  ls
 570  8.3292328e-04 1.51e-09 2.25e-04  -4.0 4.70e-05    -  1.00e+00 1.00e+00h  1
 571  8.3228812e-04 9.12e-07 5.92e-03  -4.0 1.18e-03    -  1.00e+00 1.00e+00h  1
 572  9.2027102e-04 3.27e-07 4.86e-02  -4.0 8.86e-03    -  1.00e+00 1.00e+00H  1
 573  8.3167864e-04 8.03e-06 1.53e-02  -4.1 4.34e-03    -  1.00e+00 1.00e+00h  1
 574  8.3225812e-04 2.92e-06 6.10e-03  -4.0 1.92e-03    -  1.00e+00 1.00e+00h  1
 575  8.5097088e-04 2.57e-06 2.53e-02  -4.1 2.93e-03    -  1.00e+00 1.00e+00H  1
 576  8.3500066e-04 5.41e-07 2.34e-02  -4.1 9.15e-03    -  1.00e+00 1.00e+00H  1
 577  8.3327999e-04 4.21e-07 5.22e-01  -4.1 1.58e-02    -  1.00e+00 6.25e-02h  5
 578  8.3231289e-04 1.64e-06 4.49e-02  -4.1 1.13e-02    -  1.00e+00 1.25e-01h  4
 579  8.3131658e-04 3.44e-08 6.25e-03  -4.0 2.30e-03    -  1.00e+00 1.00e+00H  1
iter    objective    inf_pr   inf_du lg(mu)  ||d||  lg(rg) alpha_du alpha_pr  ls
 580  8.3644955e-04 4.91e-08 8.88e-03  -4.0 1.66e-03    -  1.00e+00 1.00e+00H  1
 581  8.3118554e-04 3.96e-07 6.83e-03  -4.1 7.98e-04    -  1.00e+00 1.00e+00h  1
 582  8.3229555e-04 2.39e-06 7.42e-03  -4.0 1.69e-03    -  1.00e+00 1.00e+00h  1
 583  8.3302310e-04 7.71e-07 9.69e-03  -4.1 1.28e-03    -  1.00e+00 1.00e+00h  1
 584  8.3339382e-04 6.96e-08 4.18e-03  -4.1 2.25e-03    -  1.00e+00 1.00e+00H  1
 585  8.3454519e-04 2.18e-08 1.62e-02  -4.1 3.17e-03    -  1.00e+00 1.00e+00H  1
 586  8.3389272e-04 5.37e-07 5.16e-02  -4.1 3.30e-03    -  1.00e+00 2.50e-01h  3
 587  8.3128839e-04 2.56e-08 2.14e-03  -4.1 2.28e-03    -  1.00e+00 1.00e+00H  1
 588  8.3522612e-04 5.78e-10 4.19e-02  -4.0 7.32e-03    -  1.00e+00 1.00e+00H  1
 589  8.3161644e-04 2.09e-05 6.93e-03  -4.1 5.79e-03    -  1.00e+00 1.00e+00h  1
iter    objective    inf_pr   inf_du lg(mu)  ||d||  lg(rg) alpha_du alpha_pr  ls
 590  8.3438219e-04 2.14e-05 2.39e-01  -4.1 1.71e-02    -  1.00e+00 1.25e-01h  4
 591  8.3187648e-04 1.30e-05 2.39e-02  -4.1 4.50e-03    -  1.00e+00 1.00e+00h  1
 592  8.3422380e-04 5.01e-06 5.65e-03  -4.1 2.44e-03    -  1.00e+00 1.00e+00h  1
 593  8.3433935e-04 2.79e-06 2.41e-02  -4.1 4.94e-03    -  1.00e+00 1.00e+00H  1
 594  8.3090133e-04 1.02e-06 4.28e-03  -4.1 6.83e-03    -  1.00e+00 1.00e+00H  1
 595  8.3648278e-04 2.86e-06 4.86e-02  -4.0 8.04e-03    -  1.00e+00 2.50e-01h  3
 596  8.3099303e-04 9.10e-07 1.69e-03  -4.1 1.16e-03    -  1.00e+00 1.00e+00h  1
 597  8.3096667e-04 1.29e-08 2.10e-04  -4.0 1.17e-04    -  1.00e+00 1.00e+00h  1
 598  8.3095888e-04 3.76e-10 1.85e-04  -4.0 2.18e-05    -  1.00e+00 1.00e+00h  1
 599  8.3094612e-04 7.67e-10 2.11e-04  -4.0 5.10e-05    -  1.00e+00 1.00e+00h  1
iter    objective    inf_pr   inf_du lg(mu)  ||d||  lg(rg) alpha_du alpha_pr  ls
 600  8.3230043e-04 5.89e-11 4.98e-03  -4.0 1.13e-03    -  1.00e+00 1.00e+00H  1
 601  8.3063335e-04 3.94e-07 2.74e-03  -4.1 6.74e-04    -  1.00e+00 1.00e+00h  1
 602  8.3403182e-04 3.86e-06 1.00e-02  -4.0 2.23e-03    -  1.00e+00 1.00e+00h  1
 603  8.3089751e-04 1.25e-06 1.46e-03  -4.1 1.29e-03    -  1.00e+00 1.00e+00h  1
 604  8.3130082e-04 2.75e-07 1.48e-03  -4.1 6.24e-04    -  1.00e+00 1.00e+00h  1
 605  8.3064652e-04 4.51e-08 1.83e-03  -4.1 2.65e-04    -  1.00e+00 1.00e+00h  1
 606  8.3066384e-04 4.09e-08 1.14e-03  -4.0 2.44e-04    -  1.00e+00 1.00e+00h  1
 607  8.3067145e-04 1.11e-07 1.77e-03  -4.0 3.34e-04    -  1.00e+00 1.00e+00h  1
 608  8.3042218e-04 1.12e-07 2.63e-03  -4.1 5.26e-04    -  1.00e+00 1.00e+00h  1
 609  8.3051301e-04 9.06e-08 2.67e-03  -4.0 4.49e-04    -  1.00e+00 1.00e+00h  1
iter    objective    inf_pr   inf_du lg(mu)  ||d||  lg(rg) alpha_du alpha_pr  ls
 610  8.3267868e-04 4.64e-09 1.03e-02  -4.0 2.28e-03    -  1.00e+00 1.00e+00H  1
 611  8.3008495e-04 3.48e-07 4.31e-03  -4.1 6.94e-04    -  1.00e+00 1.00e+00h  1
 612  8.3189480e-04 1.35e-06 5.94e-03  -4.0 1.44e-03    -  1.00e+00 1.00e+00h  1
 613  8.2994647e-04 3.70e-07 5.89e-04  -4.1 8.15e-04    -  1.00e+00 1.00e+00h  1
 614  8.3033821e-04 1.34e-07 3.19e-03  -4.0 1.04e-03    -  1.00e+00 1.00e+00h  1
 615  8.2945723e-04 2.45e-08 1.36e-02  -4.1 3.36e-03    -  1.00e+00 1.00e+00H  1
 616  8.3134724e-04 3.16e-06 2.77e-02  -4.0 3.80e-02    -  1.00e+00 1.25e-01h  4
 617  8.3328374e-04 3.90e-06 2.38e-01  -4.1 2.41e-02    -  1.00e+00 1.25e-01h  4
 618  8.5067843e-04 4.96e-07 1.93e-02  -4.1 1.01e-02    -  1.00e+00 1.00e+00H  1
 619  8.4731048e-04 1.36e-06 1.11e-01  -4.1 3.68e-02    -  1.00e+00 6.25e-02h  5
iter    objective    inf_pr   inf_du lg(mu)  ||d||  lg(rg) alpha_du alpha_pr  ls
 620  8.2896896e-04 2.99e-05 4.86e-03  -4.1 8.32e-03    -  1.00e+00 1.00e+00h  1
 621  8.5124697e-04 2.03e-05 2.18e-02  -4.0 1.98e-02    -  1.00e+00 2.50e-01h  3
 622  8.2755630e-04 8.33e-06 1.43e-02  -4.1 3.50e-03    -  1.00e+00 1.00e+00h  1
 623  8.2779102e-04 3.69e-07 3.42e-03  -4.0 6.71e-04    -  1.00e+00 1.00e+00h  1
 624  8.2742433e-04 3.23e-07 1.93e-03  -4.0 5.87e-04    -  1.00e+00 1.00e+00h  1
 625  8.2732570e-04 1.54e-08 8.25e-04  -4.0 2.09e-04    -  1.00e+00 1.00e+00h  1
 626  8.2760794e-04 3.75e-06 1.32e-02  -4.0 5.90e-03    -  1.00e+00 5.00e-01h  2
 627  8.2714638e-04 6.10e-06 1.58e-01  -4.1 1.85e-02    -  1.00e+00 1.25e-01h  4
 628  8.2704356e-04 6.97e-06 2.27e-01  -4.1 1.98e-02    -  1.00e+00 1.25e-01h  4
 629  8.2758690e-04 7.36e-06 3.04e-01  -4.1 2.33e-02    -  1.00e+00 6.25e-02h  5
iter    objective    inf_pr   inf_du lg(mu)  ||d||  lg(rg) alpha_du alpha_pr  ls
 630  8.2709328e-04 1.79e-06 2.46e-02  -4.1 8.17e-03    -  1.00e+00 1.00e+00H  1
 631  8.2816282e-04 2.60e-06 4.02e-01  -4.1 6.49e-02    -  1.00e+00 3.12e-02h  6
 632  8.2503890e-04 1.08e-05 2.72e-03  -4.1 5.26e-03    -  1.00e+00 1.00e+00h  1
 633  8.2657291e-04 1.43e-05 2.89e-02  -4.0 4.13e-02    -  1.00e+00 1.25e-01h  4
 634  8.4612097e-04 7.83e-06 5.25e-02  -4.1 1.04e-02    -  1.00e+00 1.00e+00H  1
 635  8.3690874e-04 6.48e-06 8.50e-02  -4.1 7.54e-02    -  1.00e+00 6.25e-02h  5
 636  8.3734377e-04 6.84e-06 1.84e-01  -4.1 3.03e-02    -  1.00e+00 1.25e-01h  4
 637  8.3586796e-04 4.23e-05 1.24e-02  -4.1 1.27e-02    -  1.00e+00 1.00e+00h  1
 638  8.4124858e-04 9.23e-05 4.18e-01  -4.1 9.64e-02    -  1.00e+00 1.25e-01h  4
 639  8.3921201e-04 8.59e-05 1.79e-02  -4.1 2.54e-02    -  1.00e+00 2.50e-01h  3
iter    objective    inf_pr   inf_du lg(mu)  ||d||  lg(rg) alpha_du alpha_pr  ls
 640  8.4663522e-04 3.20e-04 3.21e-01  -4.1 1.15e-01    -  1.00e+00 2.50e-01h  3
 641  8.3525388e-04 2.08e-04 8.24e-02  -4.1 1.79e-01    -  1.00e+00 1.25e-01h  4
 642  8.3262780e-04 1.82e-04 7.86e-02  -4.1 2.97e-02    -  1.00e+00 2.50e-01h  3
 643  8.3163492e-04 1.61e-04 3.28e-01  -4.1 6.89e-02    -  1.00e+00 1.25e-01h  4
 644  8.3658319e-04 1.45e-04 1.83e-01  -4.1 5.64e-02    -  1.00e+00 1.25e-01h  4
 645  8.3261225e-04 1.23e-04 1.00e-01  -4.1 3.10e-02    -  1.00e+00 5.00e-01h  2
 646  8.2718761e-04 1.18e-04 1.03e-01  -4.1 1.44e-01    -  1.00e+00 6.25e-02h  5
 647  8.2372874e-04 1.19e-04 1.41e-02  -4.1 4.59e-01    -  1.00e+00 1.56e-02h  7
 648  8.2948968e-04 1.23e-04 9.42e-02  -4.0 8.22e-02    -  1.00e+00 1.25e-01h  4
 649  8.3685769e-04 1.66e-04 2.55e-02  -4.1 1.61e-02    -  1.00e+00 1.00e+00h  1
iter    objective    inf_pr   inf_du lg(mu)  ||d||  lg(rg) alpha_du alpha_pr  ls
 650  8.4129643e-04 1.32e-04 2.49e-02  -4.1 5.67e-02    -  1.00e+00 1.25e-01h  4
 651  8.2540134e-04 1.28e-04 3.97e-02  -4.1 2.56e-02    -  1.00e+00 1.00e+00H  1
 652  8.2317661e-04 1.12e-04 1.22e-01  -4.1 7.97e-02    -  1.00e+00 1.25e-01h  4
 653  8.5660198e-04 8.99e-05 1.61e-01  -4.0 6.85e-02    -  1.00e+00 2.50e-01h  3
 654  1.9569787e-03 9.47e-05 1.35e-01  -4.1 6.29e-02    -  1.00e+00 1.00e+00H  1
 655  1.6914943e-03 8.04e-05 1.35e-01  -4.1 3.82e-02    -  1.00e+00 1.25e-01h  4
 656  1.4603339e-03 7.96e-05 1.09e-01  -4.1 1.18e-01    -  1.00e+00 6.25e-02h  5
 657  1.3080158e-03 1.37e-04 4.81e-01  -4.1 1.90e-01    -  8.42e-01 6.25e-02h  5
 658  1.2746300e-03 1.38e-04 9.59e-02  -4.1 1.24e-01    -  1.00e+00 1.56e-02h  7
 659  1.1922733e-03 1.35e-04 1.58e-01  -4.1 7.94e-02    -  1.00e+00 3.12e-02h  6
iter    objective    inf_pr   inf_du lg(mu)  ||d||  lg(rg) alpha_du alpha_pr  ls
 660  1.0947235e-03 5.61e-04 4.95e-02  -4.1 3.90e-02    -  1.00e+00 1.00e+00h  1
 661  8.3534667e-04 2.81e-04 8.49e-03  -4.1 5.01e-02    -  1.00e+00 1.00e+00h  1
 662  9.2386071e-04 1.85e-05 3.71e-02  -4.1 1.50e-02    -  1.00e+00 1.00e+00H  1
 663  9.2217833e-04 4.72e-05 2.42e-02  -4.1 2.50e-02    -  1.00e+00 1.00e+00h  1
 664  8.5492866e-04 4.36e-05 6.36e-02  -4.1 1.43e-02    -  1.00e+00 5.00e-01h  2
 665  8.4109061e-04 2.89e-05 4.29e-02  -4.1 3.80e-02    -  1.00e+00 5.00e-01h  2
 666  8.6099258e-04 4.31e-05 3.20e-02  -4.1 8.41e-03    -  1.00e+00 1.00e+00H  1
 667  8.4424661e-04 3.38e-05 2.54e-02  -4.1 1.17e-02    -  1.00e+00 1.00e+00h  1
 668  8.3894503e-04 3.22e-05 1.43e-01  -4.1 1.10e-02    -  1.00e+00 5.00e-01h  2
 669  8.3668430e-04 5.73e-07 1.29e-02  -4.1 8.23e-03    -  1.00e+00 1.00e+00H  1
iter    objective    inf_pr   inf_du lg(mu)  ||d||  lg(rg) alpha_du alpha_pr  ls
 670  8.3832751e-04 3.36e-05 3.20e-02  -4.1 1.07e-02    -  1.00e+00 5.00e-01h  2
 671  8.3662469e-04 2.11e-05 6.37e-03  -4.1 7.37e-03    -  1.00e+00 5.00e-01h  2
 672  8.2424694e-04 2.04e-05 6.15e-02  -4.1 1.13e-02    -  1.00e+00 2.50e-01h  3
 673  8.2074389e-04 1.43e-07 1.29e-02  -4.0 5.30e-03    -  1.00e+00 1.00e+00H  1
 674  8.3635189e-04 1.14e-05 2.00e-01  -4.0 1.61e-02    -  1.00e+00 2.50e-01h  3
 675  8.2234784e-04 9.43e-06 3.80e-03  -4.1 4.05e-03    -  1.00e+00 1.00e+00h  1
 676  9.5128659e-04 7.30e-06 1.79e-01  -4.1 1.27e-02    -  1.00e+00 7.93e-01H  1
 677  8.6720849e-04 6.82e-07 2.77e-02  -4.1 1.63e-02    -  1.00e+00 1.00e+00F  1
 678  8.5409020e-04 3.63e-06 4.75e-01  -4.1 6.08e-03    -  8.90e-01 5.00e-01h  2
 679  8.2109355e-04 1.74e-05 1.87e-02  -4.1 4.29e-03    -  1.00e+00 1.00e+00h  1
iter    objective    inf_pr   inf_du lg(mu)  ||d||  lg(rg) alpha_du alpha_pr  ls
 680  8.2017809e-04 2.85e-06 9.85e-04  -4.1 1.83e-03    -  1.00e+00 1.00e+00h  1
 681  8.2035711e-04 9.18e-07 4.58e-03  -4.0 1.21e-03    -  1.00e+00 1.00e+00h  1
 682  8.2934444e-04 8.47e-09 1.10e-02  -4.0 2.01e-03    -  1.00e+00 1.00e+00H  1
 683  8.1997942e-04 4.88e-06 9.49e-04  -4.0 2.66e-03    -  1.00e+00 1.00e+00h  1
 684  8.2307130e-04 6.33e-06 1.47e-02  -4.0 2.86e-03    -  1.00e+00 1.00e+00h  1
 685  8.2011958e-04 3.15e-06 2.48e-03  -4.1 2.14e-03    -  1.00e+00 1.00e+00h  1
 686  8.2452165e-04 2.03e-06 7.54e-03  -4.0 1.54e-03    -  1.00e+00 1.00e+00h  1
 687  8.2021899e-04 1.42e-06 2.05e-03  -4.1 1.32e-03    -  1.00e+00 1.00e+00h  1
 688  8.1965638e-04 3.04e-06 1.04e-02  -4.0 2.07e-03    -  1.00e+00 1.00e+00h  1
 689  8.1989141e-04 1.95e-06 5.40e-04  -4.0 1.56e-03    -  1.00e+00 1.00e+00h  1
iter    objective    inf_pr   inf_du lg(mu)  ||d||  lg(rg) alpha_du alpha_pr  ls
 690  8.1989390e-04 6.09e-09 9.86e-05  -4.0 8.15e-05    -  1.00e+00 1.00e+00h  1
 691  8.1987934e-04 2.55e-09 2.04e-04  -4.0 6.11e-05    -  1.00e+00 1.00e+00h  1
 692  8.1976631e-04 1.83e-06 5.52e-03  -4.0 1.31e-03    -  1.00e+00 1.00e+00h  1
 693  8.1987968e-04 9.67e-06 2.36e-02  -4.1 5.56e-03    -  1.00e+00 1.00e+00h  1
 694  8.1927482e-04 1.08e-05 1.08e-01  -4.1 1.16e-01    -  1.00e+00 1.56e-02h  7
 695  8.1947914e-04 1.07e-05 1.18e-01  -4.1 2.76e-02    -  1.00e+00 3.12e-02h  6
 696  8.2266900e-04 8.14e-06 5.88e-02  -4.1 5.77e-03    -  1.00e+00 2.50e-01h  3
 697  8.1827065e-04 5.43e-06 3.22e-03  -4.1 3.95e-03    -  1.00e+00 1.00e+00h  1
 698  8.2254261e-04 1.89e-05 1.14e-01  -4.0 3.29e-02    -  1.00e+00 1.25e-01h  4
 699  8.1849674e-04 4.87e-05 1.73e-02  -4.1 8.81e-03    -  1.00e+00 1.00e+00h  1
iter    objective    inf_pr   inf_du lg(mu)  ||d||  lg(rg) alpha_du alpha_pr  ls
 700  8.2079595e-04 7.94e-05 3.00e-01  -4.1 5.53e-02    -  1.00e+00 1.25e-01h  4
 701  9.9351524e-04 1.13e-05 1.41e-02  -4.1 6.58e-03    -  1.00e+00 1.00e+00h  1
 702  8.1842299e-04 1.10e-05 2.54e-03  -4.1 3.85e-03    -  1.00e+00 1.00e+00h  1
 703  8.1822055e-04 5.77e-07 2.81e-03  -4.1 9.44e-04    -  1.00e+00 1.00e+00h  1
 704  8.1762675e-04 5.80e-08 3.39e-04  -4.0 3.52e-04    -  1.00e+00 1.00e+00h  1
 705  8.1760816e-04 9.06e-09 7.27e-04  -4.0 1.66e-04    -  1.00e+00 1.00e+00h  1
 706  8.1708222e-04 2.59e-06 1.14e-02  -4.0 4.62e-03    -  1.00e+00 5.00e-01h  2
 707  8.1896570e-04 3.89e-06 7.52e-02  -4.0 8.75e-03    -  1.00e+00 2.50e-01h  3
 708  8.7415962e-04 1.02e-05 3.06e-02  -4.1 6.35e-03    -  1.00e+00 1.00e+00H  1
 709  8.1980571e-04 1.86e-06 2.18e-02  -4.1 5.57e-03    -  1.00e+00 1.00e+00H  1
iter    objective    inf_pr   inf_du lg(mu)  ||d||  lg(rg) alpha_du alpha_pr  ls
 710  8.2090818e-04 2.20e-06 4.11e-02  -4.1 1.04e-02    -  1.00e+00 2.50e-01h  3
 711  8.5134477e-04 6.27e-07 7.02e-02  -4.1 1.05e-02    -  1.00e+00 1.00e+00H  1
 712  8.4833253e-04 8.32e-07 6.01e-01  -4.1 3.12e-02    -  1.00e+00 3.12e-02h  6
 713  8.4474409e-04 1.16e-06 6.27e-02  -4.1 7.10e-02    -  1.00e+00 1.56e-02h  7
 714  8.3860485e-04 1.16e-06 2.59e-01  -4.1 2.92e-02    -  1.00e+00 1.56e-02h  7
 715  8.1809726e-04 5.68e-05 2.37e-02  -4.1 1.17e-02    -  1.00e+00 1.00e+00h  1
 716  8.2283546e-04 5.45e-05 1.57e-01  -4.1 3.18e-02    -  1.00e+00 1.25e-01h  4
 717  8.2307332e-04 4.51e-05 6.04e-03  -4.1 1.58e-02    -  1.00e+00 2.50e-01h  3
 718  8.2280481e-04 7.87e-07 2.01e-02  -4.1 1.41e-02    -  1.00e+00 1.00e+00H  1
 719  8.2273732e-04 1.68e-06 1.20e-01  -4.1 2.59e-02    -  1.00e+00 6.25e-02h  5
iter    objective    inf_pr   inf_du lg(mu)  ||d||  lg(rg) alpha_du alpha_pr  ls
 720  8.1580101e-04 3.36e-05 5.87e-03  -4.1 8.35e-03    -  1.00e+00 1.00e+00h  1
 721  9.5210222e-04 1.73e-04 6.86e-02  -4.0 1.52e-02    -  1.00e+00 1.00e+00h  1
 722  8.1961449e-04 4.71e-05 2.08e-02  -4.1 8.10e-03    -  1.00e+00 1.00e+00h  1
 723  8.1853651e-04 3.12e-05 1.17e-02  -4.1 6.80e-03    -  1.00e+00 1.00e+00h  1
 724  8.2070190e-04 8.86e-07 1.34e-02  -4.1 3.37e-03    -  1.00e+00 1.00e+00H  1
 725  8.1572920e-04 4.28e-06 1.82e-03  -4.1 2.53e-03    -  1.00e+00 1.00e+00h  1
 726  8.1994463e-04 5.94e-07 4.18e-03  -4.0 1.20e-03    -  1.00e+00 1.00e+00h  1
 727  8.1549673e-04 3.62e-07 7.64e-04  -4.1 9.71e-04    -  1.00e+00 1.00e+00h  1
 728  8.1543806e-04 4.35e-08 9.35e-04  -4.0 2.52e-04    -  1.00e+00 1.00e+00h  1
 729  8.1541973e-04 1.40e-08 2.35e-04  -4.0 1.09e-04    -  1.00e+00 1.00e+00h  1
iter    objective    inf_pr   inf_du lg(mu)  ||d||  lg(rg) alpha_du alpha_pr  ls
 730  8.1543201e-04 2.03e-09 2.61e-04  -4.0 5.07e-05    -  1.00e+00 1.00e+00h  1
 731  8.1540886e-04 4.57e-09 3.33e-04  -4.0 8.75e-05    -  1.00e+00 1.00e+00h  1
 732  8.1751268e-04 2.94e-11 6.65e-03  -4.0 1.77e-03    -  1.00e+00 1.00e+00H  1
 733  8.1508017e-04 2.29e-07 5.38e-03  -4.1 4.49e-04    -  1.00e+00 1.00e+00h  1
 734  8.1503374e-04 7.51e-08 2.32e-04  -4.0 3.61e-04    -  1.00e+00 1.00e+00h  1
 735  8.1543601e-04 9.92e-10 2.64e-03  -4.0 4.93e-04    -  1.00e+00 1.00e+00H  1
 736  8.1497781e-04 9.14e-08 2.32e-03  -4.1 4.69e-04    -  1.00e+00 1.00e+00h  1
 737  8.1512069e-04 1.56e-09 1.11e-03  -4.0 6.35e-04    -  1.00e+00 1.00e+00H  1
 738  8.1480129e-04 2.37e-07 2.55e-03  -4.0 5.78e-04    -  1.00e+00 1.00e+00h  1
 739  8.1487044e-04 1.25e-07 8.07e-04  -4.0 4.24e-04    -  1.00e+00 1.00e+00h  1
iter    objective    inf_pr   inf_du lg(mu)  ||d||  lg(rg) alpha_du alpha_pr  ls
 740  8.1480876e-04 2.61e-08 3.75e-04  -4.1 2.11e-04    -  1.00e+00 1.00e+00h  1
 741  8.1500585e-04 4.67e-09 2.84e-03  -4.0 5.66e-04    -  1.00e+00 1.00e+00H  1
 742  8.1471263e-04 2.74e-07 2.83e-03  -4.0 6.41e-04    -  1.00e+00 1.00e+00h  1
 743  8.1474324e-04 5.49e-11 1.40e-03  -4.0 4.22e-04    -  1.00e+00 1.00e+00H  1
 744  8.1460376e-04 2.08e-08 6.42e-04  -4.0 2.52e-04    -  1.00e+00 1.00e+00h  1
 745  8.1622054e-04 1.10e-09 4.26e-03  -4.0 9.79e-04    -  1.00e+00 1.00e+00H  1
 746  8.1428820e-04 6.97e-08 3.07e-03  -4.1 3.99e-04    -  1.00e+00 1.00e+00h  1
 747  8.1451339e-04 7.26e-07 4.69e-03  -4.0 1.01e-03    -  1.00e+00 1.00e+00h  1
 748  8.1436061e-04 9.41e-08 2.65e-04  -4.1 3.61e-04    -  1.00e+00 1.00e+00h  1
 749  8.1434488e-04 2.11e-08 5.91e-04  -4.0 1.60e-04    -  1.00e+00 1.00e+00h  1
iter    objective    inf_pr   inf_du lg(mu)  ||d||  lg(rg) alpha_du alpha_pr  ls
 750  8.1401586e-04 2.55e-07 3.44e-03  -4.0 6.31e-04    -  1.00e+00 1.00e+00h  1
 751  8.1466071e-04 2.16e-09 7.36e-03  -4.0 1.10e-03    -  1.00e+00 1.00e+00H  1
 752  8.1695334e-04 2.18e-06 2.39e-02  -4.0 3.43e-03    -  1.00e+00 5.00e-01h  2
 753  8.1548261e-04 3.72e-07 4.28e-03  -4.1 1.02e-03    -  1.00e+00 1.00e+00h  1
 754  8.1520621e-04 7.45e-07 1.39e-03  -4.1 9.06e-04    -  1.00e+00 1.00e+00h  1
 755  8.1362921e-04 9.00e-08 1.49e-03  -4.1 5.79e-04    -  1.00e+00 1.00e+00h  1
 756  8.1349853e-04 1.30e-07 3.58e-03  -4.0 7.96e-04    -  1.00e+00 1.00e+00h  1
 757  8.1349308e-04 1.51e-06 4.87e-02  -4.0 4.29e-02    -  1.00e+00 6.25e-02h  5
 758  8.1324108e-04 1.38e-05 3.20e-01  -4.1 1.31e-01    -  1.00e+00 6.25e-02h  5
 759  8.1307644e-04 1.83e-05 3.10e-01  -4.1 1.80e-01    -  1.00e+00 3.12e-02h  6
iter    objective    inf_pr   inf_du lg(mu)  ||d||  lg(rg) alpha_du alpha_pr  ls
 760  8.1282610e-04 1.83e-05 1.70e-01  -4.1 3.95e-01    -  1.00e+00 1.95e-03h 10
 761  8.1020593e-04 2.19e-05 1.14e-01  -4.1 2.34e-02    -  1.00e+00 2.50e-01h  3
 762  8.1033091e-04 3.10e-05 1.40e-01  -4.0 1.55e-01    -  1.00e+00 6.25e-02h  5
 763  8.0873140e-04 9.27e-05 6.72e-01  -4.1 5.84e-01    -  1.00e+00 3.12e-02h  6
 764  8.1168750e-04 9.39e-05 4.03e-01  -4.1 1.30e-01    -  1.00e+00 3.12e-02h  6
 765  8.0962911e-04 6.91e-05 1.16e-01  -4.1 1.79e-02    -  1.00e+00 5.00e-01h  2
 766  8.3199842e-04 1.16e-04 4.31e-02  -4.1 1.47e-02    -  1.00e+00 1.00e+00h  1
 767  8.1116422e-04 7.50e-04 1.33e-01  -4.1 1.32e-01    -  1.00e+00 5.00e-01h  2
 768  8.3896281e-04 7.50e-04 2.25e-01  -4.1 3.20e+00    -  9.19e-01 3.53e-03h  9
 769  8.3787670e-04 6.65e-04 1.62e-01  -4.1 5.82e-02    -  1.00e+00 1.25e-01h  4
iter    objective    inf_pr   inf_du lg(mu)  ||d||  lg(rg) alpha_du alpha_pr  ls
 770  8.2561505e-04 4.94e-04 1.59e-01  -4.1 3.86e-02    -  1.00e+00 2.50e-01h  3
 771  8.1228830e-04 4.42e-04 2.46e-01  -4.1 1.86e-01    -  1.00e+00 1.25e-01h  4
 772  8.2268099e-04 4.03e-04 1.30e-01  -4.1 9.99e-02    -  1.00e+00 2.50e-01h  3
 773  8.1593262e-04 4.38e-04 1.54e-01  -4.1 1.48e-01    -  1.00e+00 1.25e-01h  4
 774  8.1260044e-04 6.41e-04 1.25e-01  -4.1 2.36e-01    -  1.00e+00 1.25e-01h  4
 775  8.0313501e-04 6.52e-04 2.32e-01  -4.1 8.54e-01    -  1.00e+00 1.56e-02h  7
 776  8.1909332e-04 6.84e-04 1.50e-01  -4.0 8.39e-01    -  1.00e+00 3.12e-02h  6
 777  8.1984077e-04 6.84e-04 1.45e-01  -4.1 5.48e-01    -  1.00e+00 7.81e-03h  8
 778  8.1929026e-04 6.21e-04 1.46e-01  -4.1 1.48e-01    -  1.00e+00 1.25e-01h  4
 779  8.1066601e-04 6.68e-04 2.13e-01  -4.1 1.99e+00    -  6.56e-01 7.51e-03h  8
iter    objective    inf_pr   inf_du lg(mu)  ||d||  lg(rg) alpha_du alpha_pr  ls
 780  8.4436900e-04 6.36e-04 1.16e-01  -4.1 3.47e-01    -  1.00e+00 6.25e-02h  5
 781  8.2609301e-04 6.51e-04 1.78e-01  -4.1 1.97e-01    -  8.29e-01 1.25e-01h  4
 782  8.1396618e-04 7.27e-04 1.13e-01  -4.1 1.51e+00    -  1.00e+00 1.14e-02h  5
 783  8.1040078e-04 7.27e-04 1.39e-01  -4.1 3.86e+00    -  5.00e-01 1.21e-03h 10
 784  8.0953934e-04 7.29e-04 1.41e-01  -4.1 3.54e-01    -  1.00e+00 1.56e-02h  7
 785  8.0041497e-04 7.18e-04 1.37e-01  -4.1 2.05e+00    -  1.00e+00 7.81e-03h  8
 786  7.9780972e-04 7.29e-04 1.50e-01  -4.0 8.26e-01    -  1.00e+00 7.81e-03h  8
 787  7.9797771e-04 7.44e-04 1.61e-01  -4.0 9.19e-01    -  1.00e+00 1.56e-02h  7
 788  7.9052652e-04 8.05e-04 1.58e-01  -4.1 1.68e+00    -  7.18e-01 7.25e-03h  8
 789  7.8878549e-04 8.32e-04 1.35e-01  -4.0 1.42e+00    -  1.00e+00 7.81e-03h  8
iter    objective    inf_pr   inf_du lg(mu)  ||d||  lg(rg) alpha_du alpha_pr  ls
 790  7.8785966e-04 8.30e-04 1.56e-01  -4.0 6.11e-01    -  1.00e+00 7.81e-03h  8
 791  7.9074327e-04 8.76e-04 1.17e-01  -4.0 8.91e-01    -  1.00e+00 1.56e-02h  7
 792  7.8731676e-04 9.07e-04 1.63e-01  -4.1 1.23e+00    -  9.01e-01 7.81e-03h  8
 793  8.0222083e-04 9.86e-04 1.45e-01  -4.1 6.35e+00    -  7.99e-01 7.38e-03h  8
 794  8.1643168e-04 9.75e-04 1.61e-01  -4.1 1.95e+00    -  4.13e-01 7.81e-03h  8
 795  8.0949227e-04 9.11e-04 1.37e-01  -4.1 1.47e-01    -  1.00e+00 9.47e-02h  4
 796  8.0536699e-04 9.24e-04 1.40e-01  -4.1 1.21e+00    -  1.00e+00 7.81e-03h  8
 797  8.9231946e-04 6.80e-04 9.69e-02  -4.1 1.70e-01    -  1.00e+00 2.50e-01h  3
 798  8.4463386e-04 6.95e-04 8.78e-02  -4.1 2.51e-01    -  1.00e+00 5.18e-02h  5
 799  8.0680451e-04 6.92e-04 1.02e-01  -4.1 2.68e-01    -  1.00e+00 6.25e-02h  5
iter    objective    inf_pr   inf_du lg(mu)  ||d||  lg(rg) alpha_du alpha_pr  ls
 800  7.9356697e-04 6.97e-04 9.41e-02  -4.1 1.47e+00    -  1.00e+00 7.81e-03h  8
 801  9.1242210e-04 6.40e-04 8.25e-02  -4.1 1.52e-01    -  1.00e+00 2.50e-01h  3
 802  9.0994509e-04 6.42e-04 8.07e-02  -4.1 3.40e-01    -  1.00e+00 1.56e-02h  7
 803  8.9453132e-04 7.97e-04 8.17e-02  -4.1 1.86e-01    -  1.00e+00 1.25e-01h  4
 804  8.7221063e-04 7.99e-04 8.42e-02  -4.1 1.71e+00    -  4.27e-01 3.51e-03h  9
 805  8.5807844e-04 8.05e-04 7.99e-02  -4.1 1.11e+00    -  1.00e+00 3.91e-03h  9
 806  8.4778601e-04 8.07e-04 7.91e-02  -4.1 1.53e+00    -  1.00e+00 1.95e-03h 10
 807  8.3583256e-04 8.07e-04 7.84e-02  -4.1 2.96e+00    -  9.98e-01 1.16e-03h 10
 808  8.1159952e-04 8.17e-04 8.31e-02  -4.1 1.09e+00    -  7.89e-01 7.81e-03h  8
 809  8.0770949e-04 8.17e-04 7.44e-02  -4.1 5.43e-01    -  1.00e+00 1.56e-02h  7
iter    objective    inf_pr   inf_du lg(mu)  ||d||  lg(rg) alpha_du alpha_pr  ls
 810  8.0684771e-04 8.18e-04 7.32e-02  -4.1 4.90e-01    -  1.00e+00 7.81e-03h  8
 811  8.7261824e-04 2.92e-05 3.38e-03  -4.1 2.99e-03    -  1.00e+00 9.65e-01h  1
 812  8.8106588e-04 6.64e-04 6.32e-02  -4.1 3.00e-02    -  1.00e+00 1.00e+00f  1
 813  8.2391851e-04 1.76e-04 1.01e-02  -4.1 1.53e-02    -  1.00e+00 1.00e+00h  1
 814  8.1580548e-04 6.03e-05 7.30e-03  -4.1 9.09e-03    -  1.00e+00 1.00e+00h  1
 815  8.0785574e-04 7.18e-06 1.90e-03  -4.1 3.26e-03    -  1.00e+00 1.00e+00h  1
 816  8.0545254e-04 1.57e-06 4.65e-03  -4.0 1.43e-03    -  1.00e+00 1.00e+00h  1
 817  8.0502368e-04 1.10e-06 4.44e-03  -4.0 1.99e-03    -  1.00e+00 1.00e+00h  1
 818  8.0289404e-04 3.13e-06 5.16e-03  -4.0 3.55e-03    -  1.00e+00 1.00e+00h  1
 819  8.0364312e-04 3.92e-06 2.28e-02  -4.0 3.54e-03    -  1.00e+00 1.00e+00H  1
iter    objective    inf_pr   inf_du lg(mu)  ||d||  lg(rg) alpha_du alpha_pr  ls
 820  8.0171143e-04 4.87e-06 4.35e-03  -4.0 2.64e-03    -  1.00e+00 1.00e+00h  1
 821  8.0140409e-04 1.23e-06 2.33e-03  -4.0 1.39e-03    -  1.00e+00 1.00e+00h  1
 822  8.0115472e-04 2.97e-08 4.94e-04  -4.0 1.98e-04    -  1.00e+00 1.00e+00h  1
 823  8.0032844e-04 1.15e-07 1.58e-03  -4.0 3.66e-04    -  1.00e+00 1.00e+00h  1
 824  8.0042472e-04 4.33e-06 1.26e-02  -4.0 4.98e-03    -  1.00e+00 5.00e-01h  2
 825  7.9561052e-04 6.40e-05 4.46e-02  -4.1 8.76e-03    -  1.00e+00 1.00e+00h  1
 826  8.9002709e-04 5.96e-05 6.37e-02  -4.0 1.65e-02    -  1.00e+00 5.00e-01h  2
 827  7.9006303e-04 5.86e-05 2.22e-02  -4.1 8.82e-03    -  1.00e+00 1.00e+00h  1
 828  9.5076925e-04 1.31e-04 2.83e-02  -4.0 1.13e-02    -  1.00e+00 1.00e+00h  1
 829  7.9151566e-04 5.79e-05 8.91e-03  -4.1 7.81e-03    -  1.00e+00 1.00e+00h  1
iter    objective    inf_pr   inf_du lg(mu)  ||d||  lg(rg) alpha_du alpha_pr  ls
 830  7.9085640e-04 8.39e-06 6.10e-03  -4.0 3.38e-03    -  1.00e+00 1.00e+00h  1
 831  7.9076148e-04 1.91e-06 2.94e-03  -4.0 1.58e-03    -  1.00e+00 1.00e+00h  1
 832  7.9058356e-04 3.08e-07 6.40e-04  -4.0 6.42e-04    -  1.00e+00 1.00e+00h  1
 833  7.9060052e-04 9.74e-09 3.81e-04  -4.0 1.01e-04    -  1.00e+00 1.00e+00h  1
 834  7.9017734e-04 2.37e-07 2.18e-03  -4.0 6.62e-04    -  1.00e+00 1.00e+00h  1
 835  7.9335026e-04 1.86e-08 8.67e-03  -4.0 2.42e-03    -  1.00e+00 1.00e+00H  1
 836  7.9335473e-04 3.17e-10 2.10e-02  -4.1 4.35e-03    -  1.00e+00 1.00e+00H  1
 837  7.9135879e-04 1.16e-06 5.62e-02  -4.1 9.70e-03    -  1.00e+00 1.25e-01h  4
 838  7.8688077e-04 4.37e-06 2.25e-03  -4.1 2.94e-03    -  1.00e+00 1.00e+00h  1
 839  7.8709799e-04 3.81e-06 8.76e-02  -4.0 7.33e-03    -  1.00e+00 5.00e-01h  2
iter    objective    inf_pr   inf_du lg(mu)  ||d||  lg(rg) alpha_du alpha_pr  ls
 840  7.8542161e-04 6.20e-06 1.11e-02  -4.1 3.27e-03    -  1.00e+00 1.00e+00h  1
 841  7.9647724e-04 3.74e-05 2.24e-02  -4.0 8.58e-03    -  1.00e+00 1.00e+00h  1
 842  7.8559438e-04 5.22e-06 1.03e-02  -4.1 1.01e-02    -  1.00e+00 1.00e+00H  1
 843  7.8829344e-04 5.55e-06 4.89e-02  -4.1 1.92e-02    -  1.00e+00 1.25e-01h  4
 844  7.8497570e-04 2.19e-06 3.33e-03  -4.1 1.89e-03    -  1.00e+00 1.00e+00h  1
 845  7.9456218e-04 7.81e-08 9.41e-03  -4.0 2.02e-03    -  1.00e+00 1.00e+00H  1
 846  7.8371953e-04 1.07e-06 3.90e-03  -4.1 1.27e-03    -  1.00e+00 1.00e+00h  1
 847  7.8404519e-04 6.86e-07 3.41e-03  -4.0 8.96e-04    -  1.00e+00 1.00e+00h  1
 848  7.8281940e-04 3.56e-07 2.20e-03  -4.0 1.08e-03    -  1.00e+00 1.00e+00h  1
 849  7.8454466e-04 2.00e-06 2.74e-02  -4.0 2.90e-03    -  1.00e+00 5.00e-01h  2
iter    objective    inf_pr   inf_du lg(mu)  ||d||  lg(rg) alpha_du alpha_pr  ls
 850  7.8296396e-04 8.78e-07 1.26e-03  -4.1 9.38e-04    -  1.00e+00 1.00e+00h  1
 851  7.8261152e-04 9.63e-08 8.56e-04  -4.0 3.62e-04    -  1.00e+00 1.00e+00h  1
 852  7.8249537e-04 7.58e-09 9.59e-04  -4.0 1.71e-04    -  1.00e+00 1.00e+00h  1
 853  7.8192645e-04 4.38e-07 4.47e-03  -4.0 1.23e-03    -  1.00e+00 1.00e+00h  1
 854  8.3071172e-04 3.69e-08 5.47e-02  -4.0 1.25e-02    -  1.00e+00 1.00e+00H  1
 855  8.3882701e-04 3.46e-08 5.90e-02  -4.1 2.73e-03    -  1.00e+00 1.00e+00H  1
 856  7.7897278e-04 5.36e-06 1.90e-02  -4.1 4.12e-03    -  1.00e+00 1.00e+00h  1
 857  7.7749944e-04 1.27e-06 3.41e-03  -4.0 1.93e-03    -  1.00e+00 1.00e+00h  1
 858  7.7967610e-04 9.50e-08 6.24e-02  -4.0 1.35e-02    -  1.00e+00 1.00e+00H  1
 859  7.8667441e-04 1.15e-04 1.14e-01  -4.0 2.41e-02    -  1.00e+00 1.00e+00h  1
iter    objective    inf_pr   inf_du lg(mu)  ||d||  lg(rg) alpha_du alpha_pr  ls
 860  7.8674872e-04 1.10e-04 4.50e-01  -4.1 1.09e-01    -  1.00e+00 6.25e-02h  5
 861  8.1481482e-04 1.24e-04 9.14e-02  -4.1 2.29e-02    -  1.00e+00 1.00e+00h  1
 862  8.0076355e-04 9.46e-05 1.17e-01  -4.1 4.42e-02    -  1.00e+00 2.50e-01h  3
 863  8.0152738e-04 1.13e-04 3.17e-01  -4.1 2.05e-01    -  1.00e+00 6.25e-02h  5
 864  7.9524796e-04 2.06e-04 2.43e-01  -4.1 3.43e-01    -  1.00e+00 6.25e-02h  5
 865  8.1983731e-04 2.30e-04 2.20e-01  -4.1 9.87e-02    -  1.00e+00 2.50e-01h  3
 866  8.0019831e-04 4.39e-04 7.24e-02  -4.1 2.73e-01    -  1.00e+00 1.25e-01h  4
 867  7.9213195e-04 4.29e-04 1.11e-01  -4.1 1.73e-01    -  1.00e+00 1.25e-01h  4
 868  7.8014920e-04 4.10e-04 2.89e-02  -4.1 7.62e-02    -  1.00e+00 2.50e-01h  3
 869  7.7899949e-04 3.99e-04 2.23e-01  -4.1 2.30e-01    -  1.00e+00 3.12e-02h  6
iter    objective    inf_pr   inf_du lg(mu)  ||d||  lg(rg) alpha_du alpha_pr  ls
 870  7.8359852e-04 3.74e-04 4.76e-02  -4.1 5.37e-02    -  1.00e+00 2.50e-01h  3
 871  7.8379153e-04 3.90e-04 2.33e-01  -4.1 2.84e-01    -  5.87e-01 3.12e-02h  6
 872  7.7702323e-04 3.94e-04 4.36e-02  -4.1 1.44e-01    -  1.00e+00 1.25e-01h  4
 873  7.7389844e-04 3.91e-04 2.50e-02  -4.0 1.43e-01    -  1.00e+00 6.25e-02h  5
 874  7.8946568e-04 3.53e-04 4.96e-02  -4.0 6.87e-02    -  1.00e+00 5.00e-01h  2
 875  7.8969226e-04 3.02e-04 2.71e-02  -4.1 5.11e-02    -  1.00e+00 2.50e-01h  3
 876  7.8830493e-04 5.64e-04 9.98e-02  -4.1 1.84e-01    -  1.00e+00 2.50e-01h  3
 877  7.7465144e-04 5.95e-04 1.07e-01  -4.1 9.64e-01    -  1.00e+00 1.56e-02h  7
 878  7.7612536e-04 6.55e-04 7.71e-02  -4.1 7.69e-01    -  1.00e+00 3.12e-02h  6
 879  7.6971071e-04 6.23e-04 1.15e-01  -4.1 2.05e-01    -  1.00e+00 6.25e-02h  5
iter    objective    inf_pr   inf_du lg(mu)  ||d||  lg(rg) alpha_du alpha_pr  ls
 880  7.7307576e-04 6.16e-04 1.50e-02  -4.0 2.63e-01    -  1.00e+00 6.25e-02h  5
 881  7.6705069e-04 7.04e-04 2.86e-02  -4.1 1.54e+00    -  1.00e+00 1.56e-02h  7
 882  7.6572472e-04 7.33e-04 8.70e-02  -4.0 9.44e-01    -  1.00e+00 1.56e-02h  7
 883  7.6169681e-04 8.26e-04 5.37e-02  -4.0 1.45e+00    -  1.00e+00 1.56e-02h  7
 884  7.5836361e-04 8.58e-04 1.17e-01  -4.0 1.95e+00    -  9.99e-01 7.81e-03h  8
 885  7.8190217e-04 9.84e-04 3.33e-02  -4.0 1.79e+00    -  1.00e+00 1.56e-02h  7
 886  7.8098517e-04 9.78e-04 9.49e-02  -4.1 4.62e-01    -  1.00e+00 1.56e-02h  7
 887  7.8020702e-04 9.67e-04 8.65e-02  -4.1 1.09e+00    -  1.00e+00 7.81e-03h  8
 888  7.8450830e-04 9.67e-04 5.99e-02  -4.1 2.77e-01    -  1.00e+00 6.25e-02h  5
 889  7.7791233e-04 1.01e-03 5.87e-02  -4.1 2.67e+00    -  1.00e+00 7.81e-03h  8
iter    objective    inf_pr   inf_du lg(mu)  ||d||  lg(rg) alpha_du alpha_pr  ls
 890  7.7286754e-04 1.00e-03 9.63e-02  -4.1 4.78e-01    -  1.00e+00 1.56e-02h  7
 891  7.7139909e-04 1.01e-03 3.99e-02  -4.1 7.66e-01    -  1.00e+00 1.56e-02h  7
 892  7.6804863e-04 1.01e-03 6.52e-02  -4.1 2.35e+00    -  4.78e-01 3.95e-03h  8
 893  7.6854237e-04 1.02e-03 8.35e-02  -4.1 7.03e-01    -  1.00e+00 1.56e-02h  7
 894  7.6658356e-04 1.02e-03 9.14e-02  -4.1 2.77e+00    -  7.61e-01 3.12e-03h  9
 895  1.1005377e-03 7.89e-04 2.53e-02  -4.1 6.37e-02    -  1.00e+00 8.81e-01H  1
 896  1.4791516e-03 6.25e-04 2.66e-02  -4.1 1.07e-01    -  1.00e+00 2.50e-01f  3
 897  1.1409265e-03 7.56e-04 2.69e-02  -4.1 1.41e-01    -  1.00e+00 2.50e-01h  3
 898  1.0649896e-03 7.90e-04 4.22e-02  -4.1 5.92e-01    -  1.00e+00 6.25e-02h  5
 899  1.0093844e-03 7.56e-04 2.05e-02  -4.1 1.07e-01    -  1.00e+00 2.50e-01h  3
iter    objective    inf_pr   inf_du lg(mu)  ||d||  lg(rg) alpha_du alpha_pr  ls
 900  4.9443440e-03 6.30e-04 3.23e-02  -4.1 1.12e-01    -  1.00e+00 1.00e+00H  1
 901  1.2967923e-03 1.00e-03 3.66e-02  -4.1 1.28e-01    -  1.00e+00 7.50e-01H  1
 902  8.5620802e-04 9.30e-04 1.33e-01  -4.1 2.72e-01    -  6.59e-01 1.25e-01h  4
 903  1.1153589e-03 2.58e-03 1.48e-01  -4.1 9.20e+00    -  2.25e-01 7.69e-03h  6
 904  8.0534650e-04 5.28e-04 2.38e-02  -4.1 8.90e-02    -  1.00e+00 1.00e+00h  1
 905  1.1334387e-03 5.03e-04 1.78e-02  -4.1 2.41e-02    -  1.00e+00 1.00e+00h  1
 906  7.7510311e-04 1.62e-04 1.93e-03  -4.1 1.42e-02    -  1.00e+00 1.00e+00h  1
 907  8.1193828e-04 1.02e-04 1.58e-02  -4.0 1.13e-02    -  1.00e+00 1.00e+00h  1
 908  7.6782551e-04 6.43e-05 1.26e-03  -4.1 8.56e-03    -  1.00e+00 1.00e+00h  1
 909  7.6749292e-04 1.96e-06 2.93e-03  -4.0 1.46e-03    -  1.00e+00 1.00e+00h  1
iter    objective    inf_pr   inf_du lg(mu)  ||d||  lg(rg) alpha_du alpha_pr  ls
 910  7.6842805e-04 3.64e-06 7.32e-03  -4.0 2.26e-03    -  1.00e+00 1.00e+00h  1
 911  7.6724781e-04 1.30e-06 2.50e-03  -4.1 9.99e-04    -  1.00e+00 1.00e+00h  1
 912  7.6658334e-04 4.11e-08 4.00e-03  -4.0 1.07e-03    -  1.00e+00 1.00e+00H  1
 913  7.6645930e-04 2.70e-07 1.51e-03  -4.0 4.50e-04    -  1.00e+00 1.00e+00h  1
 914  7.6604342e-04 2.40e-10 1.15e-03  -4.0 3.32e-04    -  1.00e+00 1.00e+00H  1
 915  7.7112756e-04 6.93e-13 6.56e-03  -4.0 1.99e-03    -  1.00e+00 1.00e+00H  1
 916  7.6468854e-04 1.46e-06 9.78e-03  -4.1 1.50e-03    -  1.00e+00 1.00e+00f  1
 917  7.6461658e-04 6.37e-07 2.07e-03  -4.0 1.19e-03    -  1.00e+00 1.00e+00h  1
 918  7.6653574e-04 7.38e-07 4.73e-03  -4.0 1.08e-03    -  1.00e+00 1.00e+00h  1
 919  7.6345510e-04 6.90e-07 6.93e-04  -4.1 1.16e-03    -  1.00e+00 1.00e+00h  1
iter    objective    inf_pr   inf_du lg(mu)  ||d||  lg(rg) alpha_du alpha_pr  ls
 920  7.6311199e-04 5.59e-08 1.19e-03  -4.0 3.29e-04    -  1.00e+00 1.00e+00h  1
 921  7.6261464e-04 6.20e-06 2.30e-02  -4.0 2.80e-02    -  1.00e+00 1.25e-01h  4
 922  7.6419384e-04 7.46e-05 5.57e-02  -4.0 1.23e-02    -  1.00e+00 1.00e+00h  1
 923  7.6618652e-04 3.47e-05 1.73e-01  -4.1 7.88e-03    -  1.00e+00 5.00e-01h  2
 924  8.7657961e-04 2.17e-05 8.19e-02  -4.1 2.38e-02    -  1.00e+00 1.00e+00H  1
 925  9.0966568e-04 3.13e-06 4.55e-02  -4.1 2.32e-02    -  1.00e+00 1.00e+00H  1
 926  8.5512341e-04 1.71e-05 5.01e-01  -4.1 1.10e-01    -  1.00e+00 6.25e-02h  5
 927  8.2421463e-04 1.59e-05 2.08e-02  -4.1 2.25e-02    -  1.00e+00 1.00e+00H  1
 928  7.8209405e-04 1.18e-05 4.16e-01  -4.1 2.40e-02    -  1.00e+00 2.50e-01h  3
 929  7.6658037e-04 1.48e-05 1.46e-02  -4.1 9.38e-03    -  1.00e+00 5.00e-01h  2
iter    objective    inf_pr   inf_du lg(mu)  ||d||  lg(rg) alpha_du alpha_pr  ls
 930  7.5659957e-04 1.26e-05 1.37e-01  -4.1 9.45e-03    -  1.00e+00 2.50e-01h  3
 931  7.5719521e-04 4.85e-06 1.10e-02  -4.0 2.81e-03    -  1.00e+00 1.00e+00h  1
 932  7.5564200e-04 3.89e-06 3.87e-03  -4.0 1.74e-03    -  1.00e+00 1.00e+00h  1
 933  7.5501800e-04 8.31e-07 2.05e-03  -4.0 1.55e-03    -  1.00e+00 1.00e+00h  1
 934  7.5993886e-04 9.43e-07 4.86e-03  -4.0 1.25e-03    -  1.00e+00 1.00e+00h  1
 935  7.5492344e-04 7.46e-07 3.69e-04  -4.0 1.37e-03    -  1.00e+00 1.00e+00h  1
 936  7.5482520e-04 5.39e-09 5.55e-04  -4.0 1.42e-04    -  1.00e+00 1.00e+00h  1
 937  7.5448792e-04 9.63e-08 2.02e-03  -4.0 5.05e-04    -  1.00e+00 1.00e+00h  1
 938  7.5438304e-04 8.40e-07 7.73e-03  -4.0 2.56e-02    -  1.00e+00 6.25e-02h  5
 939  7.5500815e-04 9.22e-06 2.23e-02  -4.0 1.06e-02    -  1.00e+00 5.00e-01h  2
iter    objective    inf_pr   inf_du lg(mu)  ||d||  lg(rg) alpha_du alpha_pr  ls
 940  7.5510437e-04 1.26e-05 2.22e-01  -4.1 1.63e-02    -  1.00e+00 2.50e-01h  3
 941  7.6623214e-04 1.46e-05 1.92e-02  -4.1 4.43e-03    -  1.00e+00 1.00e+00h  1
 942  7.5222409e-04 8.64e-06 7.48e-03  -4.1 5.52e-03    -  1.00e+00 1.00e+00h  1
 943  7.5471253e-04 4.09e-07 1.59e-02  -4.0 5.49e-03    -  1.00e+00 1.00e+00H  1
 944  8.0279014e-04 6.05e-07 3.05e-02  -4.1 4.61e-03    -  1.00e+00 1.00e+00H  1
 945  7.5366689e-04 8.56e-06 1.01e-02  -4.1 4.68e-03    -  1.00e+00 1.00e+00h  1
 946  7.6047874e-04 2.90e-05 1.47e-02  -4.1 6.25e-03    -  1.00e+00 1.00e+00h  1
 947  7.5219663e-04 1.42e-05 2.06e-03  -4.1 4.09e-03    -  1.00e+00 1.00e+00h  1
 948  7.5221737e-04 1.31e-07 1.52e-03  -4.0 3.78e-04    -  1.00e+00 1.00e+00h  1
 949  7.5203854e-04 5.78e-09 7.67e-04  -4.0 1.10e-04    -  1.00e+00 1.00e+00h  1
iter    objective    inf_pr   inf_du lg(mu)  ||d||  lg(rg) alpha_du alpha_pr  ls
 950  7.5202454e-04 1.54e-08 3.10e-04  -4.0 1.21e-04    -  1.00e+00 1.00e+00h  1
 951  7.5200094e-04 8.26e-10 1.74e-04  -4.0 3.99e-05    -  1.00e+00 1.00e+00h  1
 952  7.5173562e-04 9.71e-07 9.20e-03  -4.0 1.96e-03    -  1.00e+00 1.00e+00h  1
 953  7.5404632e-04 8.63e-06 3.92e-02  -4.0 1.22e-02    -  1.00e+00 5.00e-01h  2
 954  9.2368315e-04 7.05e-06 2.20e-01  -4.1 2.72e-02    -  1.00e+00 1.00e+00H  1
 955  9.0737389e-04 5.60e-06 2.21e-01  -4.1 9.21e-03    -  1.00e+00 2.50e-01h  3
 956  7.4840230e-04 1.61e-04 4.81e-02  -4.1 2.79e-02    -  1.00e+00 1.00e+00h  1
 957  1.0771712e-03 5.36e-04 4.36e-02  -4.0 2.57e-02    -  1.00e+00 1.00e+00h  1
 958  9.2973495e-04 3.08e-04 2.40e-02  -4.1 3.72e-02    -  1.00e+00 1.00e+00h  1
 959  8.9122711e-04 2.33e-04 1.58e-01  -4.1 3.23e-02    -  6.64e-01 1.00e+00h  1
iter    objective    inf_pr   inf_du lg(mu)  ||d||  lg(rg) alpha_du alpha_pr  ls
 960  8.5238612e-04 7.76e-04 2.32e-02  -4.1 4.30e-02    -  1.00e+00 1.00e+00h  1
 961  7.5087904e-04 2.91e-04 5.79e-03  -4.1 1.66e-02    -  1.00e+00 1.00e+00h  1
 962  8.0776801e-04 1.18e-04 1.12e-02  -4.0 1.30e-02    -  1.00e+00 1.00e+00h  1
 963  7.5470042e-04 1.13e-04 1.40e-02  -4.1 1.11e-02    -  1.00e+00 1.00e+00h  1
 964  7.5384929e-04 1.44e-04 8.24e-03  -4.1 1.21e-02    -  1.00e+00 1.00e+00h  1
 965  7.4940284e-04 5.50e-05 1.30e-02  -4.1 9.81e-03    -  1.00e+00 1.00e+00H  1
 966  8.1014332e-04 9.49e-05 1.68e-02  -4.0 1.01e-02    -  1.00e+00 1.00e+00h  1
 967  7.4703454e-04 4.19e-05 2.09e-03  -4.1 8.36e-03    -  1.00e+00 1.00e+00h  1
 968  7.4619775e-04 4.99e-06 3.51e-03  -4.0 2.13e-03    -  1.00e+00 1.00e+00h  1
 969  7.4660500e-04 3.09e-06 2.46e-03  -4.0 1.65e-03    -  1.00e+00 1.00e+00h  1
iter    objective    inf_pr   inf_du lg(mu)  ||d||  lg(rg) alpha_du alpha_pr  ls
 970  7.4644044e-04 2.91e-07 2.38e-04  -4.0 4.97e-04    -  1.00e+00 1.00e+00h  1
 971  7.4640421e-04 2.63e-09 1.52e-04  -4.0 6.45e-05    -  1.00e+00 1.00e+00h  1
 972  7.4636477e-04 4.10e-08 9.01e-04  -4.0 3.87e-04    -  1.00e+00 1.00e+00h  1
 973  7.4614257e-04 5.44e-07 3.46e-03  -4.0 1.03e-03    -  1.00e+00 1.00e+00h  1
 974  7.4636062e-04 4.92e-09 7.81e-03  -4.0 1.19e-03    -  1.00e+00 1.00e+00H  1
 975  7.4599144e-04 3.71e-07 2.48e-03  -4.1 1.03e-03    -  1.00e+00 1.00e+00h  1
 976  7.4628074e-04 1.18e-07 1.21e-03  -4.0 5.79e-04    -  1.00e+00 1.00e+00h  1
 977  7.4582917e-04 8.66e-08 3.68e-04  -4.0 4.97e-04    -  1.00e+00 1.00e+00h  1
 978  7.4576285e-04 6.46e-08 9.58e-04  -4.0 3.00e-04    -  1.00e+00 1.00e+00h  1
 979  7.4562045e-04 1.63e-06 9.17e-03  -4.0 1.60e-02    -  1.00e+00 1.25e-01h  4
iter    objective    inf_pr   inf_du lg(mu)  ||d||  lg(rg) alpha_du alpha_pr  ls
 980  7.4495267e-04 2.84e-06 2.97e-02  -4.0 1.55e-02    -  1.00e+00 1.25e-01h  4
 981  7.4565643e-04 2.55e-06 5.12e-03  -4.0 1.43e-03    -  1.00e+00 1.00e+00h  1
 982  7.4721920e-04 1.19e-08 6.73e-03  -4.0 2.17e-03    -  1.00e+00 1.00e+00H  1
 983  7.5170645e-04 1.38e-10 4.07e-03  -4.1 2.12e-03    -  1.00e+00 1.00e+00H  1
 984  7.4584162e-04 8.58e-07 3.35e-03  -4.1 2.99e-03    -  1.00e+00 1.00e+00h  1
 985  7.4526448e-04 1.42e-07 2.27e-03  -4.1 6.33e-04    -  1.00e+00 1.00e+00h  1
 986  7.4539376e-04 5.10e-07 3.96e-03  -4.0 8.75e-04    -  1.00e+00 1.00e+00h  1
 987  7.4512084e-04 2.68e-07 2.56e-03  -4.1 4.95e-04    -  1.00e+00 1.00e+00h  1
 988  7.4510420e-04 3.35e-08 1.03e-03  -4.0 2.45e-04    -  1.00e+00 1.00e+00h  1
 989  7.4495600e-04 2.90e-08 7.75e-04  -4.0 1.79e-04    -  1.00e+00 1.00e+00h  1
iter    objective    inf_pr   inf_du lg(mu)  ||d||  lg(rg) alpha_du alpha_pr  ls
 990  7.4500226e-04 1.18e-08 3.24e-04  -4.0 1.02e-04    -  1.00e+00 1.00e+00h  1
 991  7.4498060e-04 9.94e-10 1.14e-04  -4.0 3.57e-05    -  1.00e+00 1.00e+00h  1
 992  7.4496169e-04 7.92e-10 1.52e-04  -4.0 3.47e-05    -  1.00e+00 1.00e+00h  1
 993  7.4512681e-04 2.14e-11 5.20e-03  -4.0 1.23e-03    -  1.00e+00 1.00e+00H  1
 994  7.5441992e-04 2.23e-11 2.72e-02  -4.1 6.32e-03    -  1.00e+00 1.00e+00H  1
 995  7.5441344e-04 2.45e-11 6.50e-02  -4.1 1.47e-02    -  1.00e+00 2.44e-04h 13
 996  7.5440373e-04 2.43e-11 1.22e-01  -4.1 8.51e-03    -  1.00e+00 2.44e-04h 13
 997  7.5439742e-04 2.25e-11 1.35e-01  -4.1 3.60e-02    -  1.00e+00 6.10e-05h 15
 998  7.5439438e-04 2.40e-11 5.10e-01  -4.1 3.17e-02    -  1.00e+00 6.10e-05h 15
 999  7.5224690e-04 3.63e-12 2.15e-02  -4.1 3.14e-03    -  1.00e+00 1.00e+00H  1
iter    objective    inf_pr   inf_du lg(mu)  ||d||  lg(rg) alpha_du alpha_pr  ls
1000  7.4416482e-04 4.26e-06 4.08e-03  -4.1 2.69e-03    -  1.00e+00 1.00e+00h  1
1001  8.8585094e-04 3.80e-06 1.16e-01  -4.0 1.11e-02    -  1.00e+00 1.00e+00H  1
1002  8.1179894e-04 2.73e-04 7.98e-02  -4.1 2.66e-02    -  1.00e+00 1.00e+00h  1
1003  8.9082734e-04 3.22e-04 9.59e-01  -4.1 5.48e-02    -  1.00e+00 2.50e-01h  3
1004  7.7886590e-04 1.62e-04 3.41e-02  -4.1 1.23e-02    -  1.00e+00 1.00e+00h  1
1005  7.8650163e-04 2.90e-05 2.15e-02  -4.1 7.09e-03    -  1.00e+00 1.00e+00h  1
1006  7.4868857e-04 2.38e-05 7.58e-02  -4.1 1.05e-02    -  1.00e+00 5.00e-01h  2
1007  7.4584434e-04 2.12e-05 1.23e-02  -4.1 6.38e-03    -  1.00e+00 1.00e+00h  1
1008  8.3136014e-04 2.42e-05 1.77e-02  -4.1 5.96e-03    -  1.00e+00 1.00e+00h  1
1009  7.4377125e-04 3.00e-05 3.97e-03  -4.1 6.14e-03    -  1.00e+00 1.00e+00h  1
iter    objective    inf_pr   inf_du lg(mu)  ||d||  lg(rg) alpha_du alpha_pr  ls
1010  7.4520205e-04 1.48e-06 6.46e-03  -4.0 1.35e-03    -  1.00e+00 1.00e+00h  1
1011  7.4358238e-04 7.97e-07 2.93e-03  -4.1 1.11e-03    -  1.00e+00 1.00e+00h  1
1012  7.4650189e-04 8.33e-06 1.67e-02  -4.0 3.48e-03    -  1.00e+00 1.00e+00h  1
1013  7.4375981e-04 3.45e-06 2.46e-03  -4.1 2.28e-03    -  1.00e+00 1.00e+00h  1
1014  7.4336929e-04 4.06e-07 1.50e-03  -4.0 7.79e-04    -  1.00e+00 1.00e+00h  1
1015  7.4346041e-04 3.94e-08 1.82e-04  -4.0 2.35e-04    -  1.00e+00 1.00e+00h  1
1016  7.4345850e-04 7.34e-11 5.55e-05  -4.0 1.37e-05    -  1.00e+00 1.00e+00h  1
1017  7.4333550e-04 8.07e-08 1.34e-03  -4.0 3.60e-04    -  1.00e+00 1.00e+00h  1
1018  7.4666866e-04 1.88e-08 1.12e-02  -4.0 2.68e-03    -  1.00e+00 1.00e+00H  1
1019  7.4558609e-04 1.34e-06 7.49e-03  -4.1 1.17e-03    -  1.00e+00 1.00e+00h  1
iter    objective    inf_pr   inf_du lg(mu)  ||d||  lg(rg) alpha_du alpha_pr  ls
1020  7.4709149e-04 1.51e-07 5.31e-03  -4.1 2.25e-03    -  1.00e+00 1.00e+00H  1
1021  7.5573602e-04 1.33e-09 1.21e-02  -4.1 1.96e-03    -  1.00e+00 1.00e+00H  1
1022  7.4325237e-04 8.65e-06 2.09e-03  -4.1 3.46e-03    -  1.00e+00 1.00e+00h  1
1023  7.4452582e-04 2.87e-06 9.26e-03  -4.0 1.68e-03    -  1.00e+00 1.00e+00h  1
1024  7.4324630e-04 1.60e-06 1.29e-03  -4.1 1.32e-03    -  1.00e+00 1.00e+00h  1
1025  7.4540787e-04 2.59e-06 9.02e-03  -4.0 1.87e-03    -  1.00e+00 1.00e+00h  1
1026  7.4333389e-04 1.19e-06 1.47e-03  -4.1 1.20e-03    -  1.00e+00 1.00e+00h  1
1027  7.4330998e-04 3.16e-07 1.39e-03  -4.1 6.06e-04    -  1.00e+00 1.00e+00h  1
1028  7.4323970e-04 1.33e-07 4.42e-04  -4.0 3.12e-04    -  1.00e+00 1.00e+00h  1
1029  7.4318578e-04 5.26e-09 5.91e-05  -4.0 6.84e-05    -  1.00e+00 1.00e+00h  1
iter    objective    inf_pr   inf_du lg(mu)  ||d||  lg(rg) alpha_du alpha_pr  ls
1030  7.4318363e-04 2.32e-11 3.62e-05  -4.0 7.83e-06    -  1.00e+00 1.00e+00h  1
1031  7.4310109e-04 5.14e-12 2.52e-03  -4.0 5.09e-04    -  1.00e+00 1.00e+00H  1
1032  7.4306961e-04 8.02e-08 3.46e-03  -4.0 3.81e-04    -  1.00e+00 1.00e+00h  1
1033  7.4382147e-04 2.30e-10 4.02e-03  -4.1 8.57e-04    -  1.00e+00 1.00e+00H  1
1034  7.4322176e-04 4.94e-08 2.50e-03  -4.1 2.48e-04    -  1.00e+00 1.00e+00h  1
1035  7.4286441e-04 9.36e-09 3.71e-04  -4.1 1.56e-04    -  1.00e+00 1.00e+00h  1
1036  7.4291675e-04 1.62e-08 1.05e-03  -4.0 2.47e-04    -  1.00e+00 1.00e+00h  1
1037  7.4305999e-04 3.32e-10 1.58e-02  -4.1 4.25e-03    -  1.00e+00 1.00e+00H  1
1038  7.4301768e-04 5.58e-09 6.08e-02  -4.1 7.57e-02    -  1.00e+00 1.95e-03h 10
1039  7.4305892e-04 1.28e-08 1.35e-01  -4.1 2.75e-02    -  1.00e+00 7.81e-03h  8
iter    objective    inf_pr   inf_du lg(mu)  ||d||  lg(rg) alpha_du alpha_pr  ls
1040  7.4292071e-04 9.62e-06 2.34e-02  -4.1 7.27e-03    -  1.00e+00 5.00e-01h  2
1041  7.4291379e-04 9.32e-06 2.96e-02  -4.1 9.15e-03    -  1.00e+00 3.12e-02h  6
1042  7.4329293e-04 2.57e-05 5.31e-02  -4.1 2.18e-02    -  1.00e+00 5.00e-01h  2
1043  7.4307044e-04 2.68e-05 2.19e-01  -4.1 1.01e-01    -  1.00e+00 3.12e-02h  6
1044  7.4282338e-04 2.80e-05 1.43e-01  -4.1 2.32e-01    -  1.00e+00 1.56e-02h  7
1045  7.4471357e-04 2.66e-05 3.44e-01  -4.1 1.06e-01    -  1.00e+00 3.12e-02h  6
1046  7.4520798e-04 2.24e-05 8.90e-02  -4.1 3.98e-02    -  1.00e+00 1.25e-01h  4
1047  7.4401527e-04 2.16e-05 9.13e-02  -4.1 1.33e-01    -  1.00e+00 3.12e-02h  6
1048  7.4529367e-04 5.18e-05 4.19e-01  -4.1 3.45e-01    -  1.00e+00 3.12e-02h  6
1049  7.4719727e-04 5.22e-05 6.96e-01  -4.1 3.48e-01    -  1.00e+00 3.12e-02h  6
iter    objective    inf_pr   inf_du lg(mu)  ||d||  lg(rg) alpha_du alpha_pr  ls
1050  7.4718966e-04 3.91e-05 1.09e-01  -4.1 1.04e-03    -  1.00e+00 2.50e-01h  3
1051  7.4713995e-04 2.15e-06 1.38e-03  -4.1 1.78e-03    -  1.00e+00 1.00e+00h  1
1052  7.4639972e-04 1.61e-06 3.49e-02  -4.1 2.83e-04    -  1.00e+00 2.50e-01h  3
1053  7.4625817e-04 1.51e-06 3.55e-02  -4.1 3.12e-04    -  1.00e+00 6.25e-02h  5
1054  7.4623774e-04 1.50e-06 3.51e-02  -4.1 5.34e-04    -  1.00e+00 7.81e-03h  8
1055  7.4436657e-04 2.35e-09 1.56e-03  -4.1 9.47e-04    -  1.00e+00 1.00e+00H  1
1056  7.4372526e-04 3.49e-10 2.41e-03  -4.1 6.68e-04    -  1.00e+00 1.00e+00H  1
1057  7.4366686e-04 1.28e-09 6.26e-03  -4.1 5.66e-03    -  1.00e+00 7.81e-03h  8
1058  7.4129491e-04 1.09e-05 8.06e-03  -4.1 4.83e-03    -  1.00e+00 1.00e+00h  1
1059  7.4787518e-04 7.43e-06 1.69e-02  -4.0 3.03e-03    -  1.00e+00 1.00e+00h  1
iter    objective    inf_pr   inf_du lg(mu)  ||d||  lg(rg) alpha_du alpha_pr  ls
1060  7.4157972e-04 3.45e-06 3.76e-03  -4.1 2.19e-03    -  1.00e+00 1.00e+00h  1
1061  7.4183723e-04 3.27e-06 8.27e-03  -4.0 1.67e-03    -  1.00e+00 1.00e+00h  1
1062  7.4102018e-04 1.38e-06 9.36e-04  -4.0 1.29e-03    -  1.00e+00 1.00e+00h  1
1063  7.4098861e-04 4.07e-09 2.99e-04  -4.0 6.65e-05    -  1.00e+00 1.00e+00h  1
1064  7.4086145e-04 4.24e-07 3.08e-03  -4.0 6.73e-04    -  1.00e+00 1.00e+00h  1
1065  7.4157514e-04 9.45e-06 2.09e-02  -4.0 3.45e-03    -  1.00e+00 1.00e+00h  1
1066  8.0000824e-04 1.37e-05 3.27e-02  -4.1 4.46e-03    -  1.00e+00 1.00e+00h  1
1067  7.4071376e-04 1.92e-05 5.49e-03  -4.1 5.58e-03    -  1.00e+00 1.00e+00h  1
1068  9.4596379e-04 1.19e-05 1.73e-02  -4.0 3.69e-03    -  1.00e+00 1.00e+00h  1
1069  7.4052880e-04 1.06e-05 6.23e-03  -4.1 3.77e-03    -  1.00e+00 1.00e+00h  1
iter    objective    inf_pr   inf_du lg(mu)  ||d||  lg(rg) alpha_du alpha_pr  ls
1070  7.3928436e-04 1.02e-05 1.24e-02  -4.0 2.88e-03    -  1.00e+00 1.00e+00h  1
1071  7.3944279e-04 4.22e-06 1.98e-03  -4.0 1.98e-03    -  1.00e+00 1.00e+00h  1
1072  7.3948645e-04 2.81e-07 2.47e-03  -4.0 4.97e-04    -  1.00e+00 1.00e+00h  1
1073  7.3938799e-04 1.66e-07 1.98e-04  -4.0 3.59e-04    -  1.00e+00 1.00e+00h  1
1074  7.3937189e-04 4.71e-10 8.84e-05  -4.0 2.22e-05    -  1.00e+00 1.00e+00h  1
1075  7.3933213e-04 1.44e-12 2.48e-03  -4.0 6.92e-04    -  1.00e+00 1.00e+00H  1
1076  7.4025586e-04 1.86e-14 9.50e-03  -4.0 1.56e-03    -  1.00e+00 1.00e+00H  1
1077  7.3910599e-04 1.86e-06 3.89e-03  -4.1 1.18e-03    -  1.00e+00 1.00e+00f  1
1078  7.5266498e-04 1.82e-08 1.01e-02  -4.0 1.96e-03    -  1.00e+00 1.00e+00H  1
1079  7.3864199e-04 3.79e-06 1.30e-03  -4.1 1.83e-03    -  1.00e+00 1.00e+00h  1
iter    objective    inf_pr   inf_du lg(mu)  ||d||  lg(rg) alpha_du alpha_pr  ls
1080  7.3897621e-04 1.69e-07 2.92e-03  -4.0 5.12e-04    -  1.00e+00 1.00e+00h  1
1081  7.3865230e-04 1.41e-07 3.53e-04  -4.0 4.23e-04    -  1.00e+00 1.00e+00h  1
1082  7.3863622e-04 1.59e-09 3.08e-04  -4.0 4.09e-05    -  1.00e+00 1.00e+00h  1
1083  7.3942706e-04 5.32e-10 3.27e-02  -4.0 6.05e-03    -  1.00e+00 1.00e+00H  1
1084  7.4023379e-04 9.31e-07 2.24e-01  -4.1 3.97e-03    -  1.00e+00 2.50e-01h  3
1085  7.3824540e-04 6.56e-06 3.82e-03  -4.1 3.47e-03    -  1.00e+00 1.00e+00h  1
1086  8.3849416e-04 7.50e-06 5.59e-02  -4.0 7.02e-03    -  1.00e+00 1.00e+00H  1
1087  7.7308417e-04 1.84e-05 2.77e-02  -4.1 4.34e-03    -  1.00e+00 1.00e+00h  1
1088  8.2428157e-04 5.08e-06 2.68e-02  -4.1 8.14e-03    -  1.00e+00 1.00e+00H  1
1089  7.4165650e-04 3.62e-06 2.08e-02  -4.1 2.56e-03    -  1.00e+00 1.00e+00h  1
iter    objective    inf_pr   inf_du lg(mu)  ||d||  lg(rg) alpha_du alpha_pr  ls
1090  7.3822527e-04 6.86e-06 1.20e-02  -4.1 3.26e-03    -  1.00e+00 1.00e+00h  1
1091  7.3878675e-04 4.17e-06 4.93e-03  -4.0 2.42e-03    -  1.00e+00 1.00e+00h  1
1092  7.3851185e-04 1.39e-07 4.61e-04  -4.1 4.47e-04    -  1.00e+00 1.00e+00h  1
1093  7.3843378e-04 7.88e-09 4.04e-04  -4.0 1.16e-04    -  1.00e+00 1.00e+00h  1
1094  7.4072107e-04 4.92e-10 2.66e-02  -4.0 4.84e-03    -  1.00e+00 1.00e+00H  1
1095  7.3954369e-04 6.98e-08 1.94e-01  -4.1 2.52e-03    -  1.00e+00 1.25e-01h  4
1096  7.3812763e-04 4.38e-06 5.17e-03  -4.1 2.98e-03    -  1.00e+00 1.00e+00h  1
1097  7.6782627e-04 6.39e-07 6.87e-03  -4.0 1.26e-03    -  1.00e+00 1.00e+00h  1
1098  7.3812804e-04 6.55e-07 1.16e-03  -4.1 1.24e-03    -  1.00e+00 1.00e+00h  1
1099  7.3811444e-04 1.11e-07 1.56e-03  -4.0 4.80e-04    -  1.00e+00 1.00e+00h  1
iter    objective    inf_pr   inf_du lg(mu)  ||d||  lg(rg) alpha_du alpha_pr  ls
1100  7.3881402e-04 9.48e-07 6.50e-03  -4.0 1.16e-03    -  1.00e+00 1.00e+00h  1
1101  7.3804236e-04 5.81e-07 4.36e-03  -4.1 8.79e-04    -  1.00e+00 1.00e+00h  1
1102  7.3784250e-04 5.97e-08 6.98e-04  -4.0 2.78e-04    -  1.00e+00 1.00e+00h  1
1103  7.3785220e-04 1.53e-09 2.18e-04  -4.0 6.08e-05    -  1.00e+00 1.00e+00h  1
1104  7.3784339e-04 3.87e-09 3.89e-04  -4.0 9.23e-05    -  1.00e+00 1.00e+00h  1
1105  7.4635878e-04 2.02e-09 1.89e-02  -4.1 5.03e-03    -  1.00e+00 1.00e+00H  1
1106  7.4177576e-04 1.65e-09 2.12e-02  -4.1 1.59e-03    -  1.00e+00 1.00e+00H  1
1107  7.4413581e-04 3.38e-06 6.87e-03  -4.1 3.06e-03    -  1.00e+00 1.00e+00h  1
1108  7.3806812e-04 7.66e-07 2.77e-03  -4.1 1.91e-03    -  1.00e+00 1.00e+00h  1
1109  7.3749957e-04 1.22e-07 2.13e-03  -4.1 5.12e-04    -  1.00e+00 1.00e+00h  1
iter    objective    inf_pr   inf_du lg(mu)  ||d||  lg(rg) alpha_du alpha_pr  ls
1110  7.3731275e-04 9.76e-08 9.00e-04  -4.0 3.52e-04    -  1.00e+00 1.00e+00h  1
1111  7.3734553e-04 1.51e-08 4.72e-04  -4.0 1.03e-04    -  1.00e+00 1.00e+00h  1
1112  7.3727574e-04 6.19e-09 3.92e-04  -4.0 7.87e-05    -  1.00e+00 1.00e+00h  1
1113  7.3727572e-04 6.94e-10 2.70e-04  -4.0 5.21e-05    -  1.00e+00 1.00e+00h  1
1114  7.3727151e-04 1.01e-07 1.42e-03  -4.1 5.45e-04    -  1.00e+00 1.00e+00h  1
1115  7.3920537e-04 2.99e-11 1.02e-02  -4.1 2.77e-03    -  1.00e+00 1.00e+00H  1
1116  7.3869035e-04 1.65e-10 1.38e-02  -4.1 1.29e-03    -  1.00e+00 1.00e+00H  1
1117  7.3662243e-04 1.22e-06 1.33e-03  -4.1 2.08e-03    -  1.00e+00 1.00e+00h  1
1118  7.3677043e-04 4.89e-07 4.21e-03  -4.0 1.11e-03    -  1.00e+00 1.00e+00h  1
1119  7.4979115e-04 1.13e-07 5.09e-02  -4.0 1.10e-02    -  1.00e+00 1.00e+00H  1
iter    objective    inf_pr   inf_du lg(mu)  ||d||  lg(rg) alpha_du alpha_pr  ls
1120  7.4284655e-04 5.54e-06 7.11e-02  -4.1 1.86e-02    -  1.00e+00 2.50e-01h  3
1121  7.3994360e-04 7.01e-06 3.10e-01  -4.1 1.30e-02    -  1.00e+00 2.50e-01h  3
1122  7.4525743e-04 7.91e-05 2.28e-01  -4.1 3.36e-02    -  1.00e+00 5.00e-01h  2
1123  7.4576260e-04 7.47e-05 1.61e-01  -4.1 3.41e-02    -  1.00e+00 6.25e-02h  5
1124  7.3585520e-04 2.30e-05 1.19e-03  -4.1 9.18e-03    -  1.00e+00 1.00e+00h  1
1125  7.3593727e-04 2.27e-05 1.88e-01  -4.0 4.22e-02    -  1.00e+00 3.12e-02h  6
1126  7.4951921e-04 1.26e-05 2.00e-02  -4.1 8.50e-03    -  1.00e+00 5.00e-01h  2
1127  7.4255978e-04 1.48e-05 2.09e-02  -4.1 6.24e-03    -  1.00e+00 5.00e-01h  2
1128  7.3840268e-04 1.93e-05 1.60e-02  -4.1 4.14e-02    -  1.00e+00 1.25e-01h  4
1129  7.3760068e-04 1.94e-05 2.36e-02  -4.1 1.68e-01    -  1.00e+00 3.91e-03h  9
iter    objective    inf_pr   inf_du lg(mu)  ||d||  lg(rg) alpha_du alpha_pr  ls
1130  7.3795734e-04 1.23e-05 2.20e-02  -4.1 8.02e-03    -  1.00e+00 5.00e-01h  2
1131  7.3778595e-04 1.23e-05 1.22e-02  -4.1 2.45e-02    -  1.00e+00 3.12e-02h  6
1132  7.3983908e-04 3.13e-06 3.56e-02  -4.1 1.17e-02    -  1.00e+00 1.00e+00H  1
1133  7.3965769e-04 2.81e-06 1.80e-01  -4.1 2.79e-02    -  1.00e+00 3.12e-02h  6
1134  7.3591578e-04 5.29e-07 3.38e-03  -4.1 8.32e-03    -  1.00e+00 1.00e+00H  1
1135  7.3554254e-04 7.16e-07 4.35e-03  -4.0 5.06e-02    -  1.00e+00 1.56e-02h  7
1136  7.3697682e-04 1.65e-07 1.49e-02  -4.0 3.09e-03    -  1.00e+00 1.00e+00H  1
1137  7.3957447e-04 2.40e-05 1.94e-02  -4.0 7.15e-03    -  1.00e+00 1.00e+00h  1
1138  7.3804471e-04 2.16e-05 2.19e-01  -4.1 3.70e-02    -  1.00e+00 1.25e-01h  4
1139  7.4119481e-04 2.08e-05 3.31e-01  -4.1 1.97e-02    -  1.00e+00 1.25e-01h  4
iter    objective    inf_pr   inf_du lg(mu)  ||d||  lg(rg) alpha_du alpha_pr  ls
1140  7.4267162e-04 9.18e-06 1.50e-02  -4.1 5.20e-03    -  1.00e+00 1.00e+00H  1
1141  7.4385657e-04 1.17e-05 2.02e-01  -4.1 1.85e-02    -  1.00e+00 2.50e-01h  3
1142  7.4006066e-04 2.02e-05 4.88e-02  -4.1 3.95e-02    -  1.00e+00 1.25e-01h  4
1143  7.3840205e-04 2.37e-05 5.72e-02  -4.1 9.61e-02    -  1.00e+00 3.12e-02h  6
1144  7.3701848e-04 1.75e-05 1.96e-02  -4.1 1.09e-02    -  1.00e+00 5.00e-01h  2
1145  7.4158279e-04 3.52e-05 3.62e-02  -4.1 1.14e-02    -  1.00e+00 1.00e+00h  1
1146  7.5312819e-04 3.19e-05 2.87e-01  -4.1 3.31e-02    -  1.00e+00 1.25e-01h  4
1147  7.5236677e-04 1.06e-06 3.43e-02  -4.1 1.61e-02    -  1.00e+00 1.00e+00H  1
1148  7.4718738e-04 4.03e-06 2.67e-01  -4.1 1.76e-01    -  1.00e+00 1.56e-02h  7
1149  7.4949556e-04 6.26e-06 1.47e-01  -4.1 1.88e-02    -  1.00e+00 1.25e-01h  4
iter    objective    inf_pr   inf_du lg(mu)  ||d||  lg(rg) alpha_du alpha_pr  ls
1150  7.3985699e-04 3.55e-06 2.44e-02  -4.1 1.16e-02    -  1.00e+00 1.00e+00H  1
1151  7.3698262e-04 5.41e-06 1.01e-01  -4.1 4.94e-02    -  1.00e+00 6.25e-02h  5
1152  7.4780009e-04 1.10e-05 4.49e-02  -4.1 8.17e-03    -  1.00e+00 5.00e-01h  2
1153  7.3519081e-04 7.88e-06 1.14e-03  -4.1 3.65e-03    -  1.00e+00 1.00e+00h  1
1154  7.3752407e-04 2.96e-06 1.38e-02  -4.0 3.14e-03    -  1.00e+00 1.00e+00h  1
1155  7.3518690e-04 6.85e-06 7.76e-03  -4.1 5.01e-03    -  1.00e+00 1.00e+00h  1
1156  7.3641234e-04 1.19e-05 2.12e-01  -4.1 3.46e-02    -  1.00e+00 1.25e-01h  4
1157  7.4056852e-04 1.15e-05 7.41e-02  -4.1 1.18e-02    -  1.00e+00 2.50e-01h  3
1158  7.3812627e-04 7.97e-06 2.28e-02  -4.1 4.80e-03    -  1.00e+00 5.00e-01h  2
1159  8.6634637e-04 2.43e-06 1.54e-01  -4.1 3.16e-02    -  1.00e+00 1.00e+00H  1
iter    objective    inf_pr   inf_du lg(mu)  ||d||  lg(rg) alpha_du alpha_pr  ls
1160  8.2414302e-04 5.92e-06 1.50e-01  -4.1 2.30e-02    -  1.00e+00 1.25e-01h  4
1161  7.4362168e-04 2.45e-06 3.71e-02  -4.1 1.34e-02    -  1.00e+00 1.00e+00H  1
1162  7.4238076e-04 2.66e-06 2.83e-01  -4.1 1.10e-01    -  1.00e+00 7.81e-03h  8
1163  7.4153822e-04 2.81e-06 1.84e-01  -4.1 8.75e-02    -  1.00e+00 7.81e-03h  8
1164  7.4238824e-04 9.45e-05 2.46e-01  -4.1 6.21e-02    -  1.00e+00 2.50e-01h  3
1165  7.5651483e-04 2.78e-05 3.78e-02  -4.1 9.64e-03    -  1.00e+00 1.00e+00h  1
1166  7.6566460e-04 3.09e-05 2.57e-02  -4.1 4.82e-02    -  1.00e+00 2.50e-01h  3
1167  7.3540841e-04 5.37e-05 2.35e-02  -4.1 1.32e-02    -  1.00e+00 1.00e+00h  1
1168  7.3839690e-04 5.60e-05 8.25e-02  -4.1 2.69e-02    -  1.00e+00 2.50e-01h  3
1169  7.3602315e-04 2.09e-05 3.66e-03  -4.1 5.45e-03    -  1.00e+00 1.00e+00h  1
iter    objective    inf_pr   inf_du lg(mu)  ||d||  lg(rg) alpha_du alpha_pr  ls
1170  7.3865807e-04 1.22e-06 4.27e-03  -4.1 1.05e-03    -  1.00e+00 1.00e+00h  1
1171  7.3456267e-04 1.66e-06 1.43e-03  -4.1 1.41e-03    -  1.00e+00 1.00e+00h  1
1172  7.3473240e-04 1.70e-07 7.79e-04  -4.0 4.52e-04    -  1.00e+00 1.00e+00h  1
1173  7.3461885e-04 3.15e-08 1.77e-03  -4.0 4.83e-04    -  1.00e+00 1.00e+00h  1
1174  7.3487725e-04 1.99e-08 3.79e-03  -4.0 6.80e-04    -  1.00e+00 1.00e+00H  1
1175  7.3459430e-04 2.82e-07 7.82e-05  -4.0 6.17e-04    -  1.00e+00 1.00e+00h  1
1176  7.3460427e-04 3.57e-10 6.55e-05  -4.0 2.21e-05    -  1.00e+00 1.00e+00h  1
1177  7.3461381e-04 3.31e-09 2.20e-04  -4.0 5.65e-05    -  1.00e+00 1.00e+00h  1
1178  7.3481466e-04 1.28e-10 1.53e-03  -4.1 3.58e-04    -  1.00e+00 1.00e+00H  1
1179  7.3456194e-04 1.79e-08 1.13e-03  -4.1 1.62e-04    -  1.00e+00 1.00e+00h  1
iter    objective    inf_pr   inf_du lg(mu)  ||d||  lg(rg) alpha_du alpha_pr  ls
1180  7.3455087e-04 1.98e-09 2.64e-04  -4.0 4.76e-05    -  1.00e+00 1.00e+00h  1
1181  7.3446433e-04 3.76e-10 1.48e-03  -4.0 3.23e-04    -  1.00e+00 1.00e+00H  1
1182  7.3497884e-04 8.27e-12 1.02e-02  -4.0 1.64e-03    -  1.00e+00 1.00e+00H  1
1183  7.3476219e-04 3.00e-07 1.55e-01  -4.1 4.03e-03    -  1.00e+00 2.50e-01h  3
1184  7.3440977e-04 7.17e-07 1.29e-03  -4.1 1.05e-03    -  1.00e+00 1.00e+00h  1
1185  7.3726738e-04 2.49e-07 1.13e-02  -4.0 3.67e-03    -  1.00e+00 1.00e+00H  1
1186  7.3799013e-04 7.67e-08 5.00e-03  -4.1 2.45e-03    -  1.00e+00 1.00e+00H  1
1187  7.4454540e-04 6.07e-06 1.08e-02  -4.1 6.57e-03    -  1.00e+00 1.00e+00h  1
1188  7.4629774e-04 1.07e-07 1.41e-02  -4.1 5.24e-03    -  1.00e+00 1.00e+00H  1
1189  7.3446808e-04 1.30e-05 8.87e-03  -4.1 1.04e-02    -  1.00e+00 1.00e+00h  1
iter    objective    inf_pr   inf_du lg(mu)  ||d||  lg(rg) alpha_du alpha_pr  ls
1190  7.4381638e-04 1.15e-05 8.39e-03  -4.1 7.83e-03    -  1.00e+00 1.00e+00h  1
1191  7.3790505e-04 1.06e-05 4.98e-03  -4.1 7.74e-03    -  1.00e+00 1.00e+00h  1
1192  7.3616968e-04 5.45e-06 1.84e-02  -4.1 1.12e-02    -  1.00e+00 5.00e-01h  2
1193  7.3441888e-04 2.53e-06 1.31e-03  -4.1 4.95e-03    -  1.00e+00 1.00e+00h  1
1194  7.3509795e-04 1.03e-06 5.13e-03  -4.1 1.34e-03    -  1.00e+00 1.00e+00h  1
1195  7.3429155e-04 8.53e-07 3.43e-04  -4.1 1.29e-03    -  1.00e+00 1.00e+00h  1
1196  7.3427978e-04 6.16e-09 2.51e-04  -4.0 8.14e-05    -  1.00e+00 1.00e+00h  1
1197  7.3430818e-04 3.14e-09 2.24e-04  -4.0 4.81e-05    -  1.00e+00 1.00e+00h  1
1198  7.3429953e-04 2.65e-09 2.11e-04  -4.0 1.20e-04    -  1.00e+00 1.00e+00h  1
1199  7.3427119e-04 1.14e-08 4.36e-04  -4.1 2.55e-04    -  1.00e+00 1.00e+00h  1
iter    objective    inf_pr   inf_du lg(mu)  ||d||  lg(rg) alpha_du alpha_pr  ls
1200  7.3451753e-04 7.63e-10 2.31e-03  -4.0 7.13e-04    -  1.00e+00 1.00e+00H  1
1201  7.3439268e-04 5.90e-08 1.46e-03  -4.1 4.87e-04    -  1.00e+00 1.00e+00h  1
1202  7.3424330e-04 1.79e-08 2.47e-04  -4.1 2.74e-04    -  1.00e+00 1.00e+00h  1
1203  7.3425154e-04 1.65e-08 7.47e-04  -4.0 4.00e-04    -  1.00e+00 1.00e+00h  1
1204  7.3430625e-04 2.57e-08 4.35e-04  -4.0 2.75e-04    -  1.00e+00 1.00e+00h  1
1205  7.3496067e-04 5.93e-09 3.08e-03  -4.1 7.30e-04    -  1.00e+00 1.00e+00H  1
1206  7.3419391e-04 2.10e-07 6.81e-04  -4.1 5.40e-04    -  1.00e+00 1.00e+00h  1
1207  7.3440288e-04 7.71e-08 1.38e-03  -4.0 6.14e-04    -  1.00e+00 1.00e+00h  1
1208  7.3423890e-04 5.37e-08 2.48e-04  -4.1 5.73e-04    -  1.00e+00 1.00e+00h  1
1209  7.3427870e-04 3.53e-08 1.21e-03  -4.0 8.23e-04    -  1.00e+00 1.00e+00h  1
iter    objective    inf_pr   inf_du lg(mu)  ||d||  lg(rg) alpha_du alpha_pr  ls
1210  7.3418351e-04 2.12e-08 6.93e-04  -4.1 3.30e-04    -  1.00e+00 1.00e+00h  1
1211  7.3419240e-04 5.82e-08 1.38e-03  -4.0 6.14e-04    -  1.00e+00 1.00e+00h  1
1212  7.3419352e-04 2.15e-08 2.61e-04  -4.1 2.37e-04    -  1.00e+00 1.00e+00h  1
1213  7.3421091e-04 1.54e-09 1.43e-04  -4.0 1.02e-04    -  1.00e+00 1.00e+00h  1
1214  7.3416356e-04 8.22e-09 7.99e-04  -4.0 1.51e-04    -  1.00e+00 1.00e+00h  1
1215  7.3599147e-04 6.75e-09 8.23e-03  -4.0 1.50e-03    -  1.00e+00 1.00e+00H  1
1216  7.3403713e-04 4.66e-07 8.41e-03  -4.1 9.14e-04    -  1.00e+00 1.00e+00h  1
1217  7.3378748e-04 1.19e-10 1.53e-03  -4.0 7.41e-04    -  1.00e+00 1.00e+00H  1
1218  7.4835087e-04 2.81e-11 2.77e-02  -4.0 4.93e-03    -  1.00e+00 1.00e+00H  1
1219  7.4123834e-04 1.02e-06 7.44e-02  -4.1 3.97e-03    -  1.00e+00 5.00e-01h  2
iter    objective    inf_pr   inf_du lg(mu)  ||d||  lg(rg) alpha_du alpha_pr  ls
1220  7.4033740e-04 1.34e-05 5.73e-03  -4.1 8.70e-03    -  1.00e+00 1.00e+00h  1
1221  7.5701966e-04 1.38e-05 1.10e-01  -4.1 2.69e-02    -  1.00e+00 1.25e-01h  4
1222  7.3334086e-04 6.15e-06 1.91e-03  -4.1 2.63e-03    -  1.00e+00 1.00e+00h  1
1223  7.3358261e-04 2.00e-06 1.01e-02  -4.0 1.73e-03    -  1.00e+00 1.00e+00h  1
1224  7.3711087e-04 5.52e-06 2.76e-02  -4.0 4.48e-03    -  1.00e+00 5.00e-01h  2
1225  7.3383818e-04 3.49e-06 9.52e-03  -4.1 2.09e-03    -  1.00e+00 1.00e+00h  1
1226  7.3289403e-04 3.73e-07 5.80e-04  -4.1 7.04e-04    -  1.00e+00 1.00e+00h  1
1227  7.3310901e-04 1.32e-08 6.36e-04  -4.0 5.25e-04    -  1.00e+00 1.00e+00h  1
1228  7.3282447e-04 4.30e-09 1.52e-04  -4.0 2.32e-04    -  1.00e+00 1.00e+00h  1
1229  7.3280312e-04 1.46e-09 3.01e-04  -4.0 1.44e-04    -  1.00e+00 1.00e+00h  1
iter    objective    inf_pr   inf_du lg(mu)  ||d||  lg(rg) alpha_du alpha_pr  ls
1230  7.3276482e-04 3.99e-08 1.59e-02  -4.0 4.72e-02    -  1.00e+00 1.56e-02h  7
1231  7.3637483e-04 1.34e-08 5.44e-03  -4.1 1.74e-03    -  1.00e+00 1.00e+00H  1
1232  7.3233532e-04 2.85e-08 4.83e-03  -4.1 6.62e-04    -  1.00e+00 1.00e+00H  1
1233  7.3309460e-04 1.53e-06 7.21e-03  -4.0 1.48e-03    -  1.00e+00 1.00e+00h  1
1234  7.3249210e-04 3.55e-07 5.81e-04  -4.1 6.93e-04    -  1.00e+00 1.00e+00h  1
1235  7.3229844e-04 3.02e-08 8.16e-04  -6.1 3.62e-04    -  1.00e+00 1.00e+00h  1
1236  7.3331329e-04 6.31e-07 9.56e-01  -4.0 1.07e-01    -  1.00e+00 7.81e-03h  8
1237  7.4349207e-04 5.89e-05 1.63e-02  -4.1 7.30e-02    -  8.79e-01 2.50e-01h  3
1238  9.1747810e-04 1.23e-03 1.23e-01  -4.1 7.63e+00    -  2.23e-01 6.82e-03h  6
1239  8.3462415e-04 7.96e-04 1.51e-02  -4.1 9.22e-02    -  8.63e-01 5.00e-01h  2
iter    objective    inf_pr   inf_du lg(mu)  ||d||  lg(rg) alpha_du alpha_pr  ls
1240  8.1704760e-04 1.07e-03 4.89e-02  -4.1 1.32e+00    -  1.00e+00 3.12e-02h  6
1241  7.7515076e-04 2.04e-03 1.04e-02  -4.1 1.54e-01    -  9.73e-01 2.50e-01h  3
1242  8.2613001e-04 3.65e-03 1.86e-02  -4.1 3.51e+00    -  4.12e-01 1.31e-02h  6
1243  8.0524147e-04 4.89e-03 1.03e-02  -4.1 3.35e+00    -  2.19e-01 1.71e-02h  6
1244  8.3591317e-04 5.96e-03 1.23e-02  -4.1 8.18e+00    -  3.39e-01 4.66e-03h  6
1245  8.2651124e-04 7.11e-03 1.17e-02  -4.1 1.63e+00    -  4.98e-01 2.36e-02h  6
1246  8.1849897e-04 7.12e-03 9.73e-03  -4.1 9.54e-01    -  4.86e-01 3.12e-02h  6
1247  8.0579981e-04 6.64e-03 1.24e-02  -4.1 2.07e-01    -  1.00e+00 6.25e-02h  5
1248  7.8024883e-04 6.77e-03 1.29e-02  -4.1 4.15e-01    -  1.00e+00 6.25e-02h  5
1249  7.6964903e-04 6.82e-03 7.05e-03  -4.1 3.38e-01    -  9.75e-01 1.25e-01h  4
iter    objective    inf_pr   inf_du lg(mu)  ||d||  lg(rg) alpha_du alpha_pr  ls
1250  7.5446302e-04 8.64e-03 7.66e-03  -4.1 6.30e+00    -  2.03e-01 7.00e-03h  6
1251  7.6298648e-04 1.01e-02 6.87e-03  -4.1 1.84e+00    -  2.01e-01 2.62e-02h  6
1252  7.6496502e-04 1.22e-02 7.56e-03  -4.1 8.07e+00    -  3.11e-01 5.78e-03h  6
1253  7.6228529e-04 1.23e-02 6.77e-03  -4.1 2.80e+00    -  2.12e-01 1.14e-02h  7
1254  7.6553192e-04 1.25e-02 8.19e-03  -4.1 8.23e-01    -  8.38e-01 3.12e-02h  6
1255  7.5366173e-04 1.31e-02 6.49e-03  -4.1 3.82e+00    -  2.13e-01 7.76e-03h  7
1256  7.5070320e-04 1.39e-02 7.71e-03  -4.1 6.02e+00    -  6.75e-01 6.16e-03h  6
1257  7.4157387e-04 1.45e-02 6.41e-03  -4.1 4.28e+00    -  3.28e-01 7.19e-03h  7
1258  7.4749730e-04 1.52e-02 7.11e-03  -4.1 7.05e+00    -  4.46e-01 4.57e-03h  7
1259  7.5034260e-04 1.74e-02 6.35e-03  -4.1 7.01e+00    -  1.79e-01 7.29e-03h  6
iter    objective    inf_pr   inf_du lg(mu)  ||d||  lg(rg) alpha_du alpha_pr  ls
1260  7.5386826e-04 2.05e-02 6.55e-03  -4.1 1.50e+01    -  1.60e-01 4.00e-03h  6
1261  7.5038631e-04 2.27e-02 6.29e-03  -4.1 8.17e+00    -  1.08e-01 6.27e-03h  6
1262  7.4346169e-04 2.35e-02 7.06e-03  -4.1 9.49e+00    -  7.42e-01 3.32e-03h  7
1263  7.4287156e-04 2.35e-02 7.80e-03  -4.1 1.70e+00    -  7.39e-01 1.30e-02h  7
1264  7.5635216e-04 2.41e-02 6.10e-03  -4.1 2.59e+00    -  4.80e-01 1.48e-02h  6
1265  7.5106375e-04 2.42e-02 6.98e-03  -4.1 4.14e+00    -  9.30e-01 3.81e-03h  8
1266  7.5553262e-04 2.31e-02 7.02e-03  -4.1 3.92e-01    -  8.97e-01 6.25e-02h  5
1267  7.5104738e-04 2.33e-02 6.36e-03  -4.1 4.58e+00    -  5.41e-01 4.14e-03h  8
1268  7.5674640e-04 2.31e-02 6.52e-03  -4.1 1.10e+00    -  1.00e+00 7.81e-03h  8
1269  7.5101582e-04 1.43e-02 4.11e-03  -4.1 1.08e-01    -  1.00e+00 4.61e-01h  2
iter    objective    inf_pr   inf_du lg(mu)  ||d||  lg(rg) alpha_du alpha_pr  ls
1270  7.4604964e-04 1.48e-02 2.10e-03  -4.1 1.46e+00    -  2.81e-01 2.52e-02h  6
1271  7.6560782e-04 8.57e-03 1.98e-03  -4.1 9.63e-02    -  1.00e+00 5.00e-01h  2
1272  7.6342037e-04 7.99e-03 3.02e-03  -4.1 3.42e-01    -  1.00e+00 6.25e-02h  5
1273  7.9346279e-04 6.12e-03 4.33e-03  -4.1 1.94e-01    -  1.00e+00 2.50e-01h  3
1274  7.6801148e-04 6.47e-03 1.27e-03  -4.1 1.13e+00    -  4.69e-01 3.12e-02h  6
1275  7.6893491e-04 6.37e-03 2.32e-03  -4.1 1.17e+00    -  1.00e+00 2.22e-02h  5
1276  7.4306907e-04 3.91e-03 4.26e-03  -4.1 3.83e-02    -  1.00e+00 4.00e-01h  2
1277  9.0267011e-04 4.32e-03 3.76e-03  -4.1 9.20e-02    -  1.00e+00 1.00e+00h  1
1278  8.2086521e-04 3.38e-03 2.30e-03  -4.1 7.86e-02    -  1.00e+00 5.00e-01h  2
1279  7.7949543e-04 3.58e-03 2.99e-03  -4.1 6.86e-01    -  1.00e+00 3.12e-02h  6
iter    objective    inf_pr   inf_du lg(mu)  ||d||  lg(rg) alpha_du alpha_pr  ls
1280  7.1881525e-04 2.58e-03 9.82e-04  -4.1 1.00e-01    -  1.00e+00 5.00e-01h  2
1281  7.8386865e-04 2.58e-03 3.20e-03  -4.0 5.65e-02    -  1.00e+00 1.00e+00h  1
1282  1.0865482e-03 1.81e-03 7.55e-03  -4.1 8.39e-02    -  1.00e+00 9.48e-01H  1
1283  8.1722151e-04 1.25e-03 3.97e-03  -4.1 1.11e-01    -  1.00e+00 5.00e-01f  2
1284  7.4655882e-04 1.10e-03 6.42e-03  -4.1 2.14e-01    -  1.00e+00 1.25e-01h  4
1285  7.3889357e-04 1.18e-03 6.53e-03  -4.1 8.29e-02    -  1.00e+00 2.50e-01h  3
1286  1.3421533e-03 8.55e-04 7.65e-03  -4.1 3.55e-02    -  1.00e+00 1.00e+00H  1
1287  7.4628221e-04 6.88e-04 1.13e-02  -4.1 4.53e-02    -  1.00e+00 1.00e+00H  1
1288  7.1518952e-04 6.15e-04 9.80e-03  -4.1 3.83e-02    -  1.00e+00 5.00e-01h  2
1289  7.3358637e-04 5.20e-04 6.90e-03  -4.0 3.56e-02    -  1.00e+00 5.00e-01h  2
iter    objective    inf_pr   inf_du lg(mu)  ||d||  lg(rg) alpha_du alpha_pr  ls
1290  7.2962877e-04 1.75e-05 9.03e-04  -4.1 9.60e-03    -  1.00e+00 1.00e+00h  1
1291  8.8875297e-04 2.28e-03 2.64e-01  -4.0 5.44e-02    -  1.00e+00 1.00e+00h  1
1292  7.6086146e-04 7.24e-04 6.12e-02  -4.1 2.97e-02    -  1.00e+00 1.00e+00h  1
1293  8.4475694e-04 4.67e-04 2.46e-02  -4.1 2.65e-02    -  1.00e+00 1.00e+00h  1
1294  7.3764492e-04 3.26e-04 4.74e-03  -4.1 1.57e-02    -  1.00e+00 1.00e+00h  1
1295  7.5663802e-04 2.01e-04 1.37e-02  -4.1 1.34e-02    -  1.00e+00 1.00e+00h  1
1296  7.2752908e-04 1.20e-04 1.42e-03  -4.1 1.06e-02    -  1.00e+00 1.00e+00h  1
1297  7.3438923e-04 4.91e-06 4.04e-03  -4.0 3.46e-03    -  1.00e+00 1.00e+00h  1
1298  7.2961477e-04 1.47e-05 8.32e-03  -4.1 4.15e-03    -  1.00e+00 1.00e+00h  1
1299  7.2774001e-04 8.26e-06 7.85e-03  -4.0 3.05e-03    -  1.00e+00 1.00e+00h  1
iter    objective    inf_pr   inf_du lg(mu)  ||d||  lg(rg) alpha_du alpha_pr  ls
1300  7.3025716e-04 2.19e-06 1.40e-02  -4.0 3.31e-03    -  1.00e+00 1.00e+00H  1
1301  7.2965980e-04 3.22e-06 6.39e-03  -4.0 2.00e-03    -  1.00e+00 1.00e+00h  1
1302  7.2880225e-04 1.37e-07 7.55e-04  -4.0 3.35e-04    -  1.00e+00 1.00e+00h  1
1303  7.2872719e-04 2.91e-08 9.57e-04  -4.0 2.10e-04    -  1.00e+00 1.00e+00h  1
1304  7.2732273e-04 7.86e-06 1.52e-02  -4.0 3.20e-03    -  1.00e+00 1.00e+00h  1
1305  7.2913628e-04 2.53e-05 6.29e-02  -4.0 2.05e-02    -  1.00e+00 2.50e-01h  3
1306  7.3006202e-04 2.09e-06 1.16e-02  -4.1 1.62e-03    -  1.00e+00 1.00e+00h  1
1307  7.2692263e-04 1.25e-06 2.12e-03  -4.1 1.29e-03    -  1.00e+00 1.00e+00h  1
1308  7.2700290e-04 6.68e-07 2.59e-03  -4.0 1.00e-03    -  1.00e+00 1.00e+00h  1
1309  7.2669878e-04 5.00e-07 5.37e-03  -4.0 8.84e-04    -  1.00e+00 1.00e+00h  1
iter    objective    inf_pr   inf_du lg(mu)  ||d||  lg(rg) alpha_du alpha_pr  ls
1310  7.2675305e-04 1.74e-07 1.57e-03  -4.0 6.29e-04    -  1.00e+00 1.00e+00h  1
1311  7.2671404e-04 1.47e-08 6.77e-04  -4.0 1.48e-04    -  1.00e+00 1.00e+00h  1
1312  7.2654580e-04 1.40e-06 7.54e-03  -4.0 1.53e-03    -  1.00e+00 1.00e+00h  1
1313  7.4492901e-04 8.19e-08 7.56e-02  -4.0 1.31e-02    -  1.00e+00 1.00e+00H  1
1314  7.2611670e-04 8.00e-05 2.04e-02  -4.1 1.06e-02    -  1.00e+00 1.00e+00h  1
1315  7.5585181e-04 5.11e-05 4.03e-02  -4.0 9.31e-03    -  1.00e+00 1.00e+00h  1
1316  7.2701166e-04 4.09e-05 1.15e-02  -4.1 8.29e-03    -  1.00e+00 1.00e+00h  1
1317  7.3022738e-04 1.01e-05 4.92e-02  -4.1 9.29e-03    -  1.00e+00 1.00e+00H  1
1318  7.2725674e-04 3.52e-05 7.96e-02  -4.1 1.30e-02    -  1.00e+00 5.00e-01h  2
1319  8.0464451e-04 4.49e-06 1.31e-01  -4.1 2.99e-02    -  1.00e+00 1.00e+00H  1
iter    objective    inf_pr   inf_du lg(mu)  ||d||  lg(rg) alpha_du alpha_pr  ls
1320  7.4567660e-04 2.60e-06 1.16e-01  -4.1 3.99e-02    -  1.00e+00 1.00e+00H  1
1321  7.4312193e-04 5.27e-06 8.39e-01  -4.1 1.86e-02    -  1.00e+00 1.25e-01h  4
1322  7.2695952e-04 3.18e-06 4.78e-02  -4.1 1.62e-02    -  1.00e+00 1.00e+00H  1
1323  7.2713791e-04 2.70e-06 1.55e-01  -4.1 9.44e-03    -  1.00e+00 1.25e-01h  4
1324  7.2624528e-04 1.32e-06 3.95e-03  -4.1 1.50e-03    -  1.00e+00 1.00e+00h  1
1325  7.2735818e-04 7.60e-06 1.74e-02  -4.0 3.55e-03    -  1.00e+00 1.00e+00h  1
1326  7.2653469e-04 1.30e-05 8.81e-03  -4.1 4.14e-03    -  1.00e+00 1.00e+00h  1
1327  7.4104953e-04 1.11e-06 5.79e-02  -4.1 1.14e-02    -  1.00e+00 1.00e+00H  1
1328  7.2688476e-04 3.23e-06 9.34e-03  -4.1 1.08e-02    -  1.00e+00 1.00e+00H  1
1329  7.2687558e-04 9.98e-06 2.59e-01  -4.1 2.82e-02    -  1.00e+00 1.25e-01h  4
iter    objective    inf_pr   inf_du lg(mu)  ||d||  lg(rg) alpha_du alpha_pr  ls
1330  7.2759515e-04 7.75e-06 1.09e-02  -4.1 3.39e-03    -  1.00e+00 1.00e+00h  1
1331  7.2578296e-04 7.47e-06 9.38e-03  -4.1 3.56e-03    -  1.00e+00 1.00e+00h  1
1332  7.3133145e-04 3.98e-05 4.58e-02  -4.0 8.28e-03    -  1.00e+00 1.00e+00h  1
1333  7.2678923e-04 3.83e-05 5.30e-03  -4.1 8.04e-03    -  1.00e+00 1.00e+00h  1
1334  7.4898351e-04 1.55e-05 1.10e-02  -4.1 4.61e-03    -  1.00e+00 1.00e+00h  1
1335  7.2615522e-04 5.02e-06 2.14e-03  -4.1 2.46e-03    -  1.00e+00 1.00e+00h  1
1336  7.2605667e-04 1.42e-06 3.68e-03  -4.0 1.57e-03    -  1.00e+00 1.00e+00h  1
1337  7.2609263e-04 3.24e-07 1.19e-03  -4.0 8.53e-04    -  1.00e+00 1.00e+00h  1
1338  7.2612562e-04 1.84e-07 2.80e-03  -4.0 5.62e-04    -  1.00e+00 1.00e+00h  1
1339  7.2597503e-04 4.04e-07 9.71e-04  -4.0 7.77e-04    -  1.00e+00 1.00e+00h  1
iter    objective    inf_pr   inf_du lg(mu)  ||d||  lg(rg) alpha_du alpha_pr  ls
1340  7.2591623e-04 1.59e-08 8.33e-04  -4.0 1.60e-04    -  1.00e+00 1.00e+00h  1
1341  7.2594386e-04 1.20e-08 7.88e-05  -4.0 1.60e-04    -  1.00e+00 1.00e+00h  1
1342  7.2594818e-04 3.66e-10 7.07e-05  -4.0 1.99e-05    -  1.00e+00 1.00e+00h  1
1343  7.2622661e-04 8.59e-12 5.09e-03  -4.0 1.39e-03    -  1.00e+00 1.00e+00H  1
1344  7.2605996e-04 1.85e-07 1.49e-01  -4.1 1.92e-03    -  1.00e+00 2.50e-01h  3
1345  7.2602414e-04 5.94e-07 4.15e-03  -4.1 9.55e-04    -  1.00e+00 1.00e+00h  1
1346  7.2598414e-04 2.59e-12 1.85e-03  -4.1 6.75e-04    -  1.00e+00 1.00e+00H  1
1347  7.2600705e-04 2.16e-09 8.53e-04  -4.1 7.92e-04    -  1.00e+00 1.00e+00H  1
1348  7.2805683e-04 6.45e-13 1.12e-02  -4.1 3.49e-03    -  1.00e+00 1.00e+00H  1
1349  7.2545437e-04 1.32e-05 4.47e-03  -4.1 3.95e-03    -  1.00e+00 1.00e+00h  1
iter    objective    inf_pr   inf_du lg(mu)  ||d||  lg(rg) alpha_du alpha_pr  ls
1350  7.2759749e-04 1.40e-05 8.36e-02  -4.0 1.32e-02    -  1.00e+00 1.25e-01h  4
1351  7.2564366e-04 4.91e-06 1.58e-03  -4.1 2.45e-03    -  1.00e+00 1.00e+00h  1
1352  7.2718010e-04 6.05e-08 1.54e-03  -4.0 2.62e-04    -  1.00e+00 1.00e+00h  1
1353  7.2557601e-04 3.31e-08 2.35e-04  -4.1 2.36e-04    -  1.00e+00 1.00e+00h  1
1354  7.2565801e-04 1.17e-08 2.72e-04  -4.0 1.20e-04    -  1.00e+00 1.00e+00h  1
1355  7.2564090e-04 3.72e-10 9.56e-05  -4.0 2.32e-05    -  1.00e+00 1.00e+00h  1
1356  7.2560917e-04 3.26e-09 2.74e-04  -4.0 7.02e-05    -  1.00e+00 1.00e+00h  1
1357  7.2543328e-04 4.75e-07 4.41e-03  -4.0 8.70e-04    -  1.00e+00 1.00e+00h  1
1358  7.2634987e-04 4.00e-07 8.98e-03  -4.0 9.88e-04    -  1.00e+00 1.00e+00h  1
1359  7.2724136e-04 1.19e-09 2.44e-03  -4.1 1.00e-03    -  1.00e+00 1.00e+00H  1
iter    objective    inf_pr   inf_du lg(mu)  ||d||  lg(rg) alpha_du alpha_pr  ls
1360  7.2629926e-04 1.22e-07 1.92e-03  -4.1 4.52e-04    -  1.00e+00 1.00e+00h  1
1361  7.2565358e-04 1.44e-07 5.06e-04  -4.1 4.86e-04    -  1.00e+00 1.00e+00h  1
1362  7.2520178e-04 1.11e-07 1.33e-03  -6.1 3.74e-04    -  1.00e+00 1.00e+00h  1
1363  7.3059379e-04 2.20e-05 2.64e-02  -4.0 4.77e-03    -  1.00e+00 1.00e+00h  1
1364  7.2660655e-04 8.22e-06 5.93e-03  -4.1 2.91e-03    -  1.00e+00 1.00e+00h  1
1365  7.2527780e-04 2.76e-06 7.36e-04  -4.1 1.67e-03    -  1.00e+00 1.00e+00h  1
1366  7.2514067e-04 2.31e-08 5.36e-04  -6.1 1.75e-04    -  1.00e+00 1.00e+00h  1
1367  7.3518277e-04 1.66e-05 4.64e-01  -4.0 9.51e-03    -  1.00e+00 5.00e-01h  2
1368  7.2576421e-04 1.19e-05 1.08e-03  -4.1 4.09e-03    -  1.00e+00 1.00e+00h  1
1369  7.2578692e-04 9.59e-07 2.84e-03  -4.1 1.09e-03    -  1.00e+00 1.00e+00h  1
iter    objective    inf_pr   inf_du lg(mu)  ||d||  lg(rg) alpha_du alpha_pr  ls
1370  7.2546927e-04 5.73e-07 3.58e-04  -4.1 8.40e-04    -  1.00e+00 1.00e+00h  1
1371  7.2529291e-04 3.96e-08 8.43e-04  -6.1 2.23e-04    -  1.00e+00 1.00e+00h  1
1372  7.2398779e-04 1.03e-05 5.45e-03  -6.1 7.27e-03    -  1.00e+00 5.00e-01h  2
1373  8.6381839e-04 7.16e-04 4.91e-01  -4.0 2.48e-01    -  1.00e+00 1.25e-01h  4
1374  7.6439897e-04 2.42e-04 4.89e-03  -4.1 1.82e-02    -  1.00e+00 1.00e+00h  1
1375  7.6530469e-04 8.42e-04 2.60e-03  -4.1 3.30e-02    -  1.00e+00 1.00e+00h  1
1376  7.3037717e-04 4.37e-04 5.21e-04  -4.1 2.32e-02    -  1.00e+00 1.00e+00h  1
1377  8.2190550e-04 5.63e-05 1.77e-03  -6.1 7.54e-03    -  1.00e+00 1.00e+00h  1
1378  7.2647102e-04 3.08e-05 1.06e-03  -6.1 5.60e-03    -  1.00e+00 1.00e+00h  1
1379  7.2405930e-04 7.39e-06 6.80e-04  -6.1 3.11e-03    -  1.00e+00 1.00e+00h  1
iter    objective    inf_pr   inf_du lg(mu)  ||d||  lg(rg) alpha_du alpha_pr  ls
1380  7.7206573e-04 1.16e-04 6.47e-01  -4.0 4.01e-01    -  1.00e+00 3.12e-02h  6
1381  7.2577782e-04 6.43e-05 9.51e-04  -4.1 1.02e-02    -  1.00e+00 1.00e+00h  1
1382  7.2088207e-04 8.42e-06 1.50e-01  -4.1 1.56e-02    -  1.00e+00 3.90e-01H  1
1383  7.3069768e-04 1.07e-04 9.10e-03  -4.0 1.21e-02    -  1.00e+00 1.00e+00f  1
1384  7.2431063e-04 4.32e-05 3.36e-03  -4.1 8.27e-03    -  1.00e+00 1.00e+00h  1
1385  7.2782507e-04 1.43e-05 7.10e-03  -4.1 3.74e-03    -  1.00e+00 1.00e+00h  1
1386  7.2584455e-04 1.13e-05 7.46e-03  -4.1 3.80e-03    -  1.00e+00 1.00e+00h  1
1387  7.2508251e-04 2.52e-06 2.82e-03  -4.1 2.10e-03    -  1.00e+00 1.00e+00h  1
1388  7.2578633e-04 5.57e-07 2.34e-03  -4.0 8.16e-04    -  1.00e+00 1.00e+00h  1
1389  7.2545871e-04 1.51e-07 5.11e-04  -4.1 4.75e-04    -  1.00e+00 1.00e+00h  1
iter    objective    inf_pr   inf_du lg(mu)  ||d||  lg(rg) alpha_du alpha_pr  ls
1390  7.2525643e-04 6.24e-08 9.78e-04  -6.1 2.40e-04    -  1.00e+00 1.00e+00h  1
1391  7.2338443e-04 6.70e-06 7.55e-04  -6.1 2.80e-03    -  1.00e+00 1.00e+00h  1
1392  8.7742615e-04 1.69e-03 1.35e-01  -4.0 7.24e-01    -  1.00e+00 6.25e-02h  5
1393  8.3191159e-04 7.45e-04 1.83e-03  -4.1 2.96e-02    -  1.00e+00 1.00e+00h  1
1394  7.5244037e-04 1.49e-03 7.14e-03  -4.1 1.37e-01    -  7.06e-01 2.50e-01h  3
1395  7.3722200e-04 7.56e-04 2.33e-03  -4.1 3.21e-02    -  1.00e+00 1.00e+00h  1
1396  7.2729764e-04 1.18e-03 7.36e-03  -4.1 3.89e-02    -  1.00e+00 1.00e+00h  1
1397  8.6266330e-04 4.83e-04 1.55e-03  -4.1 2.62e-02    -  1.00e+00 1.00e+00h  1
1398  7.8259536e-04 3.19e-04 4.51e-01  -4.1 9.27e-02    -  1.00e+00 1.09e-01H  1
1399  7.3720917e-04 1.35e-04 3.98e-03  -4.1 1.44e-02    -  1.00e+00 1.00e+00f  1
iter    objective    inf_pr   inf_du lg(mu)  ||d||  lg(rg) alpha_du alpha_pr  ls
1400  8.4926413e-04 3.04e-04 1.83e-02  -4.1 4.04e-02    -  1.00e+00 5.00e-01h  2
1401  7.2820911e-04 1.47e-04 5.37e-03  -4.1 1.49e-02    -  1.00e+00 1.00e+00h  1
1402  7.3337825e-04 2.39e-04 1.04e-02  -4.1 1.74e-02    -  1.00e+00 1.00e+00h  1
1403  7.2280709e-04 5.54e-05 9.08e-03  -4.1 1.10e-02    -  1.00e+00 1.00e+00H  1
1404  7.2918185e-04 5.76e-05 1.33e-02  -4.1 1.38e-02    -  1.00e+00 5.00e-01h  2
1405  7.3752880e-04 1.04e-04 1.01e-02  -4.1 1.27e-02    -  1.00e+00 1.00e+00h  1
1406  7.2577476e-04 4.96e-05 2.30e-03  -4.1 7.54e-03    -  1.00e+00 1.00e+00h  1
1407  7.2600292e-04 3.85e-06 1.68e-03  -4.1 1.84e-03    -  1.00e+00 1.00e+00h  1
1408  7.2559206e-04 1.09e-06 1.80e-03  -4.1 9.77e-04    -  1.00e+00 1.00e+00h  1
1409  7.2557372e-04 3.91e-07 1.94e-03  -4.1 7.52e-04    -  1.00e+00 1.00e+00h  1
iter    objective    inf_pr   inf_du lg(mu)  ||d||  lg(rg) alpha_du alpha_pr  ls
1410  7.2573846e-04 3.12e-07 8.94e-04  -4.1 6.44e-04    -  1.00e+00 1.00e+00h  1
1411  7.2561161e-04 1.05e-07 1.28e-03  -4.1 3.47e-04    -  1.00e+00 1.00e+00h  1
1412  7.2552646e-04 3.05e-08 3.73e-04  -4.1 1.68e-04    -  1.00e+00 1.00e+00h  1
1413  7.2527147e-04 1.54e-07 1.11e-03  -6.1 4.39e-04    -  1.00e+00 1.00e+00h  1
1414  7.2481594e-04 1.77e-06 1.02e-03  -6.1 2.66e-02    -  1.00e+00 6.25e-02h  5
1415  7.9074283e-04 4.58e-04 7.94e-01  -4.0 2.22e-01    -  1.00e+00 1.25e-01h  4
1416  7.5619722e-04 1.97e-04 4.84e-03  -4.1 1.84e-02    -  1.00e+00 1.00e+00h  1
1417  7.8011385e-04 1.58e-03 1.01e-02  -4.1 4.55e-02    -  1.00e+00 1.00e+00h  1
1418  7.2834184e-04 1.07e-03 2.08e-03  -4.1 3.82e-02    -  1.00e+00 1.00e+00h  1
1419  8.3699755e-04 9.20e-04 1.93e-02  -4.1 1.09e-01    -  1.00e+00 1.25e-01h  4
iter    objective    inf_pr   inf_du lg(mu)  ||d||  lg(rg) alpha_du alpha_pr  ls
1420  7.2132905e-04 1.99e-04 5.46e-03  -4.1 1.93e-02    -  1.00e+00 1.00e+00h  1
1421  7.4949607e-04 1.39e-04 4.42e-02  -4.1 2.04e-02    -  1.00e+00 5.00e-01h  2
1422  7.3007225e-04 8.25e-05 1.45e-02  -4.1 1.10e-02    -  1.00e+00 1.00e+00h  1
1423  7.2343242e-04 7.44e-05 8.05e-03  -4.1 9.37e-03    -  1.00e+00 1.00e+00h  1
1424  7.2671224e-04 6.43e-05 6.78e-03  -4.1 1.36e-02    -  1.00e+00 2.50e-01h  3
1425  7.6014029e-04 2.91e-05 1.09e-02  -4.1 4.98e-03    -  1.00e+00 1.00e+00h  1
1426  7.2443378e-04 1.89e-05 3.18e-03  -4.1 4.60e-03    -  1.00e+00 1.00e+00h  1
1427  7.2702328e-04 2.39e-06 2.82e-03  -4.1 1.95e-03    -  1.00e+00 1.00e+00h  1
1428  7.2630982e-04 4.89e-07 1.56e-03  -4.1 7.36e-04    -  1.00e+00 1.00e+00h  1
1429  7.2521671e-04 8.91e-08 7.79e-04  -4.1 5.12e-04    -  1.00e+00 1.00e+00h  1
iter    objective    inf_pr   inf_du lg(mu)  ||d||  lg(rg) alpha_du alpha_pr  ls
1430  7.2497065e-04 1.02e-07 9.15e-04  -6.1 3.26e-04    -  1.00e+00 1.00e+00h  1
1431  7.3437670e-04 2.25e-05 7.42e-01  -4.0 2.10e-02    -  1.00e+00 2.50e-01h  3
1432  7.2487980e-04 2.32e-05 2.30e-04  -4.1 5.34e-03    -  1.00e+00 1.00e+00h  1
1433  7.2437998e-04 5.65e-07 2.45e-04  -6.1 9.12e-04    -  1.00e+00 1.00e+00h  1
1434  7.3638788e-04 1.40e-05 6.82e-01  -4.0 4.25e-02    -  1.00e+00 1.25e-01h  4
1435  7.2409474e-04 2.01e-05 7.19e-03  -4.1 8.13e-03    -  1.00e+00 1.00e+00h  1
1436  7.5226961e-04 3.44e-05 1.27e-02  -4.1 8.23e-03    -  1.00e+00 1.00e+00h  1
1437  7.2613133e-04 1.79e-05 2.35e-03  -4.1 4.69e-03    -  1.00e+00 1.00e+00h  1
1438  7.2447497e-04 1.95e-06 1.15e-02  -4.1 3.32e-03    -  1.00e+00 1.00e+00H  1
1439  7.2738850e-04 7.08e-06 1.02e-03  -4.1 2.51e-03    -  1.00e+00 1.00e+00h  1
iter    objective    inf_pr   inf_du lg(mu)  ||d||  lg(rg) alpha_du alpha_pr  ls
1440  7.3431071e-04 1.64e-06 4.36e-03  -4.1 1.37e-03    -  1.00e+00 1.00e+00h  1
1441  7.2519288e-04 1.13e-06 5.54e-04  -4.1 1.32e-03    -  1.00e+00 1.00e+00h  1
1442  7.2495433e-04 1.01e-07 8.17e-04  -6.1 3.71e-04    -  1.00e+00 1.00e+00h  1
1443  7.3181153e-04 2.11e-05 8.15e-01  -4.0 3.81e-02    -  1.00e+00 1.25e-01h  4
1444  7.2333919e-04 4.73e-05 2.23e-03  -4.1 7.10e-03    -  1.00e+00 1.00e+00h  1
1445  7.3416249e-04 4.20e-05 1.12e-01  -4.1 1.73e-02    -  1.00e+00 5.00e-01h  2
1446  7.2566572e-04 4.02e-05 3.63e-03  -4.1 7.38e-03    -  1.00e+00 1.00e+00h  1
1447  7.2455062e-04 5.19e-06 4.13e-03  -4.1 1.96e-03    -  1.00e+00 1.00e+00h  1
1448  7.2579070e-04 3.04e-06 2.77e-03  -4.1 1.62e-03    -  1.00e+00 1.00e+00h  1
1449  7.2565175e-04 1.11e-06 3.58e-03  -4.1 1.42e-03    -  1.00e+00 1.00e+00h  1
iter    objective    inf_pr   inf_du lg(mu)  ||d||  lg(rg) alpha_du alpha_pr  ls
1450  7.2513820e-04 5.04e-07 9.54e-04  -4.1 8.58e-04    -  1.00e+00 1.00e+00h  1
1451  7.2520934e-04 5.31e-08 1.20e-04  -4.1 2.21e-04    -  1.00e+00 1.00e+00h  1
1452  7.2498559e-04 1.12e-07 1.03e-03  -6.1 3.95e-04    -  1.00e+00 1.00e+00h  1
1453  7.2384561e-04 1.09e-05 2.67e-02  -6.1 1.84e-01    -  1.00e+00 2.12e-02h  5
1454  7.2097668e-04 1.51e-05 3.13e-02  -6.1 1.18e-02    -  1.00e+00 3.60e-01h  2
1455  7.2172491e-04 1.48e-05 8.62e-04  -6.1 7.10e-03    -  1.00e+00 5.00e-01h  2
1456  7.2175229e-04 8.03e-06 1.15e-03  -6.1 1.90e-03    -  1.00e+00 5.00e-01h  2
1457  1.0060364e-03 1.58e-02 3.55e-01  -4.0 1.51e-01    -  1.00e+00 1.00e+00h  1
1458  7.9342095e-04 5.65e-03 9.12e-02  -4.1 8.34e-02    -  1.00e+00 1.00e+00h  1
1459  8.0496256e-04 1.28e-03 1.04e-02  -4.1 6.56e-02    -  1.00e+00 1.00e+00h  1
iter    objective    inf_pr   inf_du lg(mu)  ||d||  lg(rg) alpha_du alpha_pr  ls
1460  8.2123065e-04 1.41e-03 9.92e-02  -4.1 1.66e-01    -  1.00e+00 2.23e-01H  1
1461  9.6361258e-04 7.86e-04 4.40e-02  -4.1 2.51e-01    -  1.00e+00 1.25e-01f  4
1462  9.6305078e-04 8.02e-04 2.62e+00  -4.1 7.07e-01    -  4.47e-01 2.90e-04H  1
1463  1.1012370e-03 8.81e-04 6.02e-03  -4.1 5.79e-02    -  1.00e+00 1.00e+00F  1
1464  1.0828406e-03 5.67e-04 4.83e+00  -4.1 6.11e-01    -  7.34e-01 1.77e-03H  1
1465  9.0214004e-04 6.30e-04 1.82e-02  -4.1 6.56e-02    -  1.00e+00 2.50e-01f  3
1466  7.5202595e-04 1.11e-03 1.39e-03  -4.1 3.47e-02    -  1.00e+00 1.00e+00h  1
1467  7.7150390e-04 7.90e-04 1.61e-02  -4.1 6.90e-02    -  1.00e+00 5.00e-01h  2
1468  7.6455738e-04 7.74e-04 1.94e-02  -4.1 1.49e-01    -  1.00e+00 1.25e-01h  4
1469  7.5049590e-04 8.36e-04 4.64e-03  -4.1 9.77e-02    -  1.00e+00 2.50e-01h  3
iter    objective    inf_pr   inf_du lg(mu)  ||d||  lg(rg) alpha_du alpha_pr  ls
1470  7.2904858e-04 1.71e-03 7.43e-03  -4.1 8.04e-02    -  1.00e+00 1.00e+00h  1
1471  7.5387898e-04 2.13e-03 6.42e-03  -4.1 1.36e-01    -  1.00e+00 2.50e-01h  3
1472  7.2403990e-04 1.08e-03 5.48e-03  -4.1 1.44e-01    -  1.00e+00 2.50e-01h  3
1473  7.5511476e-04 1.47e-03 1.68e-02  -4.1 8.63e-02    -  1.00e+00 2.50e-01h  3
1474  7.5578806e-04 1.62e-03 1.34e-03  -4.1 1.03e-01    -  1.00e+00 2.50e-01h  3
1475  7.5950000e-04 1.41e-03 6.04e-03  -4.1 1.53e-01    -  1.00e+00 1.25e-01h  4
1476  7.3380048e-04 1.04e-03 9.29e-03  -4.1 3.90e-02    -  1.00e+00 5.00e-01h  2
1477  7.2832301e-04 7.70e-04 2.44e-02  -4.1 4.01e-02    -  1.00e+00 2.50e-01h  3
1478  7.2838468e-04 4.13e-04 1.07e-02  -4.1 5.28e-02    -  1.00e+00 5.00e-01h  2
1479  7.9159808e-04 4.94e-04 5.50e-03  -4.1 4.22e-02    -  1.00e+00 1.00e+00h  1
iter    objective    inf_pr   inf_du lg(mu)  ||d||  lg(rg) alpha_du alpha_pr  ls
1480  7.5146999e-04 3.51e-04 1.66e-02  -4.1 6.62e-02    -  1.00e+00 2.50e-01h  3
1481  7.4276488e-04 3.64e-04 9.48e-03  -4.1 2.11e-01    -  1.00e+00 1.25e-01h  4
1482  7.8346866e-04 3.16e-04 5.76e-03  -4.1 4.30e-02    -  1.00e+00 5.00e-01h  2
1483  7.7348380e-04 1.08e-04 6.46e-03  -4.1 3.52e-02    -  1.00e+00 1.00e+00h  1
1484  7.5563400e-04 1.32e-04 8.34e-03  -4.1 1.61e-02    -  1.00e+00 1.00e+00h  1
1485  7.2481454e-04 5.36e-05 1.04e-02  -4.1 1.36e-02    -  1.00e+00 1.00e+00h  1
1486  7.4099471e-04 4.20e-05 5.73e-02  -4.1 2.32e-02    -  1.00e+00 2.50e-01h  3
1487  7.2423769e-04 8.70e-06 4.00e-03  -4.1 8.21e-03    -  1.00e+00 1.00e+00h  1
1488  7.5289545e-04 5.81e-05 2.48e-02  -4.1 1.77e-02    -  1.00e+00 1.00e+00h  1
1489  7.2714814e-04 3.70e-05 4.11e-03  -4.1 1.88e-02    -  1.00e+00 1.00e+00h  1
iter    objective    inf_pr   inf_du lg(mu)  ||d||  lg(rg) alpha_du alpha_pr  ls
1490  7.3626017e-04 1.82e-05 7.23e-02  -4.1 4.96e-03    -  1.00e+00 5.00e-01h  2
1491  7.2533607e-04 1.71e-06 1.55e-03  -4.1 1.52e-03    -  1.00e+00 1.00e+00h  1
1492  7.2518721e-04 2.29e-07 1.09e-03  -4.1 4.44e-04    -  1.00e+00 1.00e+00h  1
1493  7.2518757e-04 2.18e-08 1.92e-04  -4.1 2.91e-04    -  1.00e+00 1.00e+00h  1
1494  7.2523921e-04 4.88e-09 3.80e-04  -4.0 2.70e-04    -  1.00e+00 1.00e+00h  1
1495  7.2518572e-04 6.98e-09 5.68e-04  -4.0 2.93e-04    -  1.00e+00 1.00e+00h  1
1496  7.2517068e-04 8.94e-11 1.69e-03  -4.0 7.01e-04    -  1.00e+00 1.00e+00H  1
1497  7.2500037e-04 1.98e-07 3.84e-03  -4.0 5.60e-04    -  1.00e+00 1.00e+00h  1
1498  7.2516825e-04 1.02e-07 2.61e-03  -4.1 5.06e-04    -  1.00e+00 1.00e+00h  1
1499  7.2499357e-04 2.04e-08 1.02e-03  -4.1 1.67e-04    -  1.00e+00 1.00e+00h  1
iter    objective    inf_pr   inf_du lg(mu)  ||d||  lg(rg) alpha_du alpha_pr  ls
1500  7.2500771e-04 1.51e-08 9.68e-04  -4.0 1.66e-04    -  1.00e+00 1.00e+00h  1
1501  7.2502193e-04 3.45e-08 7.18e-04  -4.0 1.61e-04    -  1.00e+00 1.00e+00h  1
1502  7.2492426e-04 5.19e-07 2.62e-03  -4.1 6.16e-04    -  1.00e+00 1.00e+00h  1
1503  7.2712324e-04 6.17e-09 1.61e-02  -4.1 3.37e-03    -  1.00e+00 1.00e+00H  1
1504  7.2834956e-04 1.12e-09 9.87e-03  -4.1 2.13e-03    -  1.00e+00 1.00e+00H  1
1505  7.2508717e-04 1.17e-05 8.74e-03  -4.1 3.31e-03    -  1.00e+00 1.00e+00h  1
1506  7.2514395e-04 7.30e-06 4.16e-03  -4.1 2.83e-03    -  1.00e+00 5.00e-01h  2
1507  7.2515971e-04 7.33e-06 3.68e-03  -4.1 7.85e-03    -  1.00e+00 1.25e-01h  4
1508  7.2502030e-04 3.69e-06 2.72e-03  -4.1 1.26e-03    -  1.00e+00 5.00e-01h  2
1509  7.2467719e-04 5.18e-07 2.67e-03  -4.1 1.37e-03    -  1.00e+00 1.00e+00h  1
iter    objective    inf_pr   inf_du lg(mu)  ||d||  lg(rg) alpha_du alpha_pr  ls
1510  7.2482324e-04 1.91e-07 3.53e-03  -4.1 4.26e-04    -  1.00e+00 1.00e+00h  1
1511  7.2521807e-04 1.78e-08 3.70e-03  -4.0 1.00e-03    -  1.00e+00 1.00e+00H  1
1512  7.2491280e-04 2.08e-07 1.82e-03  -4.1 5.11e-04    -  1.00e+00 1.00e+00h  1
1513  7.2483786e-04 2.05e-08 5.24e-04  -4.0 2.04e-04    -  1.00e+00 1.00e+00h  1
1514  7.2484098e-04 1.36e-08 8.02e-04  -4.0 1.66e-04    -  1.00e+00 1.00e+00h  1
1515  7.2504913e-04 1.71e-09 5.40e-03  -4.0 9.90e-04    -  1.00e+00 1.00e+00H  1
1516  7.2484271e-04 2.68e-07 1.47e-03  -4.0 8.32e-04    -  1.00e+00 1.00e+00h  1
1517  7.2470981e-04 1.31e-07 1.94e-03  -4.1 5.74e-04    -  1.00e+00 1.00e+00h  1
1518  7.2488468e-04 2.38e-07 1.03e-03  -4.0 5.65e-04    -  1.00e+00 1.00e+00h  1
1519  7.2479259e-04 8.59e-09 3.09e-04  -4.1 1.49e-04    -  1.00e+00 1.00e+00h  1
iter    objective    inf_pr   inf_du lg(mu)  ||d||  lg(rg) alpha_du alpha_pr  ls
1520  7.2479172e-04 5.76e-10 3.71e-04  -4.0 4.44e-05    -  1.00e+00 1.00e+00h  1
1521  7.2477964e-04 1.37e-08 3.97e-04  -4.0 1.44e-04    -  1.00e+00 1.00e+00h  1
1522  7.2511738e-04 1.44e-06 1.12e-02  -4.0 5.54e-03    -  1.00e+00 2.50e-01h  3
1523  7.2838862e-04 1.72e-06 3.96e-03  -4.1 1.62e-03    -  1.00e+00 1.00e+00h  1
1524  7.2468572e-04 3.42e-07 1.39e-03  -4.1 8.10e-04    -  1.00e+00 1.00e+00h  1
1525  7.2465143e-04 4.69e-08 9.01e-04  -4.1 2.65e-04    -  1.00e+00 1.00e+00h  1
1526  7.2450165e-04 3.00e-06 1.14e-02  -4.0 2.29e-03    -  1.00e+00 1.00e+00h  1
1527  7.2440737e-04 2.89e-06 1.90e-01  -4.1 5.39e-02    -  1.00e+00 1.56e-02h  7
1528  7.2455024e-04 5.02e-06 1.98e-01  -4.1 3.11e-02    -  1.00e+00 6.25e-02h  5
1529  7.2508759e-04 6.48e-06 1.60e-01  -4.1 1.21e-02    -  1.00e+00 2.50e-01h  3
iter    objective    inf_pr   inf_du lg(mu)  ||d||  lg(rg) alpha_du alpha_pr  ls
1530  7.2626982e-04 4.33e-05 1.41e-01  -4.1 5.01e-02    -  1.00e+00 2.50e-01h  3
1531  7.2621001e-04 4.27e-05 7.40e-02  -4.1 1.11e-01    -  1.00e+00 1.56e-02h  7
1532  7.2435710e-04 3.41e-05 4.72e-02  -4.1 1.16e-02    -  1.00e+00 5.00e-01h  2
1533  7.2450293e-04 3.51e-05 6.72e-01  -4.1 2.52e-01    -  1.00e+00 1.56e-02h  7
1534  7.2582243e-04 4.07e-05 2.84e-01  -4.1 2.97e-01    -  1.00e+00 1.56e-02h  7
1535  7.2543330e-04 4.24e-05 3.67e-02  -4.1 3.01e-02    -  1.00e+00 1.25e-01h  4
1536  7.2571911e-04 4.12e-05 1.31e-01  -4.1 3.09e-02    -  1.00e+00 6.25e-02h  5
1537  7.2803652e-04 3.98e-05 3.14e-02  -4.1 7.49e-03    -  1.00e+00 1.00e+00h  1
1538  7.3579374e-04 2.72e-05 1.09e-01  -4.1 1.64e-02    -  1.00e+00 5.00e-01h  2
1539  7.3265646e-04 6.82e-05 2.86e-01  -4.1 1.02e-01    -  1.00e+00 1.25e-01h  4
iter    objective    inf_pr   inf_du lg(mu)  ||d||  lg(rg) alpha_du alpha_pr  ls
1540  7.2883971e-04 1.21e-04 1.41e-02  -4.1 5.59e-02    -  1.00e+00 2.50e-01h  3
1541  7.2689120e-04 1.22e-04 5.24e-01  -4.1 4.94e-01    -  1.00e+00 3.91e-03h  9
1542  7.6721512e-04 1.43e-06 7.81e-02  -4.1 3.42e-02    -  1.00e+00 1.00e+00H  1
1543  7.5642957e-04 2.79e-06 1.26e-01  -4.1 1.63e-01    -  1.00e+00 3.12e-02h  6
1544  7.2950663e-04 1.32e-04 1.21e-02  -4.1 1.55e-02    -  1.00e+00 1.00e+00h  1
1545  7.3012295e-04 1.21e-04 4.82e-02  -4.1 1.85e-01    -  1.00e+00 6.25e-02h  5
1546  7.2990221e-04 5.26e-05 6.01e-02  -4.1 2.10e-02    -  1.00e+00 5.00e-01h  2
1547  7.2791699e-04 7.32e-05 9.23e-02  -4.1 6.18e-02    -  1.00e+00 1.25e-01h  4
1548  7.2591035e-04 7.30e-05 1.29e-01  -4.1 9.75e-02    -  1.00e+00 3.12e-02h  6
1549  7.2772964e-04 6.84e-05 1.05e-01  -4.1 8.28e-02    -  1.00e+00 6.25e-02h  5
iter    objective    inf_pr   inf_du lg(mu)  ||d||  lg(rg) alpha_du alpha_pr  ls
1550  7.2447965e-04 5.45e-05 1.31e-02  -4.1 1.13e-02    -  1.00e+00 1.00e+00h  1
1551  7.3010293e-04 4.83e-05 3.22e-01  -4.1 6.24e-02    -  1.00e+00 1.25e-01h  4
1552  7.2508771e-04 2.79e-05 1.13e-02  -4.1 8.53e-03    -  1.00e+00 1.00e+00h  1
1553  7.2399216e-04 2.84e-05 1.55e-01  -4.1 2.28e-01    -  1.00e+00 1.56e-02h  7
1554  7.2537939e-04 2.10e-05 3.58e-02  -4.1 1.02e-02    -  1.00e+00 5.00e-01h  2
1555  7.2323373e-04 9.57e-06 2.39e-03  -4.1 4.00e-03    -  1.00e+00 1.00e+00h  1
1556  7.3177556e-04 2.00e-06 7.26e-03  -4.1 2.34e-03    -  1.00e+00 1.00e+00h  1
1557  7.2634622e-04 3.89e-07 4.15e-03  -4.1 1.09e-03    -  1.00e+00 1.00e+00h  1
1558  7.2356585e-04 1.40e-06 5.52e-03  -4.1 2.23e-03    -  1.00e+00 1.00e+00h  1
1559  7.2526730e-04 3.96e-06 2.55e-02  -4.0 5.20e-03    -  1.00e+00 1.00e+00H  1
iter    objective    inf_pr   inf_du lg(mu)  ||d||  lg(rg) alpha_du alpha_pr  ls
1560  7.2391436e-04 3.97e-06 5.93e-03  -4.1 3.93e-03    -  1.00e+00 1.00e+00h  1
1561  7.2824250e-04 4.89e-06 3.99e-03  -4.0 2.54e-03    -  1.00e+00 1.00e+00h  1
1562  7.2378689e-04 5.94e-07 7.96e-04  -4.1 6.88e-04    -  1.00e+00 1.00e+00h  1
1563  7.2371745e-04 4.48e-08 4.11e-04  -4.0 3.18e-04    -  1.00e+00 1.00e+00h  1
1564  7.2372399e-04 4.03e-09 1.17e-04  -4.0 6.91e-05    -  1.00e+00 1.00e+00h  1
1565  7.2371679e-04 4.81e-10 9.57e-05  -4.0 7.42e-05    -  1.00e+00 1.00e+00h  1
1566  7.2372711e-04 1.64e-08 4.86e-04  -4.0 5.01e-04    -  1.00e+00 1.00e+00h  1
1567  7.2357318e-04 7.44e-09 5.97e-03  -4.1 4.88e-03    -  1.00e+00 1.00e+00H  1
1568  7.2377467e-04 1.45e-06 9.31e-04  -4.0 4.34e-03    -  1.00e+00 1.00e+00h  1
1569  7.2369246e-04 2.13e-08 4.62e-04  -4.1 1.75e-04    -  1.00e+00 1.00e+00h  1
iter    objective    inf_pr   inf_du lg(mu)  ||d||  lg(rg) alpha_du alpha_pr  ls
1570  7.2342712e-04 6.34e-08 1.00e-03  -6.1 2.58e-04    -  1.00e+00 1.00e+00h  1
1571  7.2460371e-04 1.16e-06 5.00e-03  -4.0 1.14e-03    -  1.00e+00 1.00e+00h  1
1572  7.2374210e-04 4.70e-07 6.80e-04  -4.1 7.48e-04    -  1.00e+00 1.00e+00h  1
1573  7.2355639e-04 3.40e-08 7.58e-04  -6.1 3.01e-04    -  1.00e+00 1.00e+00h  1
1574  7.3011145e-04 1.16e-08 2.10e-02  -4.0 3.70e-03    -  1.00e+00 1.00e+00H  1
1575  7.2506878e-04 4.26e-06 6.21e-03  -4.1 2.13e-03    -  1.00e+00 1.00e+00h  1
1576  7.2360329e-04 1.36e-05 1.10e-02  -4.1 6.12e-03    -  1.00e+00 1.00e+00h  1
1577  7.2372486e-04 9.51e-06 4.89e-03  -4.1 4.81e-03    -  1.00e+00 1.00e+00h  1
1578  7.2491072e-04 3.84e-06 5.39e-03  -4.1 1.74e-03    -  1.00e+00 1.00e+00h  1
1579  7.2352457e-04 1.23e-06 3.10e-04  -4.1 9.83e-04    -  1.00e+00 1.00e+00h  1
iter    objective    inf_pr   inf_du lg(mu)  ||d||  lg(rg) alpha_du alpha_pr  ls
1580  7.2332239e-04 5.28e-08 8.76e-04  -6.1 3.49e-04    -  1.00e+00 1.00e+00h  1
1581  7.2941874e-04 1.08e-05 7.20e-01  -4.0 1.40e-02    -  1.00e+00 2.50e-01h  3
1582  7.2278955e-04 1.98e-05 2.95e-03  -4.1 4.87e-03    -  1.00e+00 1.00e+00h  1
1583  7.3504310e-04 1.06e-05 7.56e-03  -4.1 3.65e-03    -  1.00e+00 1.00e+00h  1
1584  7.2345416e-04 4.28e-06 1.36e-03  -4.1 2.25e-03    -  1.00e+00 1.00e+00h  1
1585  7.2357184e-04 7.98e-08 4.50e-04  -4.1 5.80e-04    -  1.00e+00 1.00e+00h  1
1586  7.2326659e-04 1.16e-07 1.06e-03  -6.1 3.62e-04    -  1.00e+00 1.00e+00h  1
1587  7.5431432e-04 2.75e-04 7.26e-01  -4.0 7.53e-02    -  1.00e+00 2.50e-01h  3
1588  7.4197286e-04 1.05e-04 8.28e-03  -4.1 9.80e-03    -  1.00e+00 1.00e+00h  1
1589  8.0528617e-04 2.69e-04 5.43e-03  -4.1 2.33e-02    -  1.00e+00 1.00e+00h  1
iter    objective    inf_pr   inf_du lg(mu)  ||d||  lg(rg) alpha_du alpha_pr  ls
1590  7.2793037e-04 2.00e-04 4.60e-03  -4.1 2.04e-02    -  1.00e+00 1.00e+00h  1
1591  7.2133158e-04 7.05e-05 3.54e-03  -4.1 1.10e-02    -  1.00e+00 1.00e+00h  1
1592  7.2675320e-04 4.13e-05 7.50e-03  -4.1 6.08e-03    -  1.00e+00 1.00e+00h  1
1593  7.2239166e-04 3.01e-05 9.91e-03  -4.1 6.45e-03    -  1.00e+00 1.00e+00h  1
1594  7.2320494e-04 1.70e-05 6.95e-03  -4.1 3.91e-03    -  1.00e+00 1.00e+00h  1
1595  7.2374234e-04 3.10e-06 3.37e-03  -4.1 2.66e-03    -  1.00e+00 1.00e+00h  1
1596  7.2332049e-04 4.15e-07 6.68e-04  -4.1 8.64e-04    -  1.00e+00 1.00e+00h  1
1597  7.2309513e-04 7.42e-08 9.71e-04  -6.1 2.85e-04    -  1.00e+00 1.00e+00h  1
1598  7.2614295e-04 8.18e-06 1.47e-02  -4.0 3.13e-03    -  1.00e+00 1.00e+00h  1
1599  7.2395796e-04 3.06e-06 2.88e-03  -4.1 2.00e-03    -  1.00e+00 1.00e+00h  1
iter    objective    inf_pr   inf_du lg(mu)  ||d||  lg(rg) alpha_du alpha_pr  ls
1600  7.2347093e-04 4.66e-07 2.90e-04  -4.1 7.54e-04    -  1.00e+00 1.00e+00h  1
1601  7.2320711e-04 8.46e-08 9.54e-04  -6.1 2.63e-04    -  1.00e+00 1.00e+00h  1
1602  7.2288724e-04 2.06e-07 9.57e-04  -6.1 4.99e-04    -  1.00e+00 1.00e+00h  1
1603  7.5476486e-04 3.05e-04 8.40e-01  -4.0 1.80e-01    -  1.00e+00 1.25e-01h  4
1604  7.7664048e-04 1.76e-04 4.79e-03  -4.1 1.61e-02    -  1.00e+00 1.00e+00h  1
1605  7.6743730e-04 2.87e-04 3.45e-02  -4.1 8.24e-02    -  1.00e+00 5.00e-01h  2
1606  7.5615179e-04 2.73e-04 4.64e-03  -4.1 3.37e-02    -  1.00e+00 1.00e+00h  1
1607  7.3190302e-04 1.01e-04 4.16e-03  -4.1 1.39e-02    -  1.00e+00 1.00e+00h  1
1608  7.4148395e-04 9.63e-05 7.11e-02  -4.1 1.85e-02    -  1.00e+00 5.00e-01h  2
1609  7.5114182e-04 1.12e-05 1.01e-02  -4.1 2.65e-02    -  1.00e+00 1.00e+00h  1
iter    objective    inf_pr   inf_du lg(mu)  ||d||  lg(rg) alpha_du alpha_pr  ls
1610  7.2457626e-04 9.35e-06 5.38e-03  -4.1 2.19e-02    -  1.00e+00 1.00e+00h  1
1611  7.6187604e-04 8.69e-06 2.11e-01  -4.1 1.20e-02    -  1.00e+00 7.69e-01H  1
1612  7.2221390e-04 1.25e-06 1.25e-02  -4.1 1.47e-02    -  1.00e+00 1.00e+00F  1
1613  7.2559308e-04 3.14e-05 9.54e-03  -4.0 5.18e-03    -  1.00e+00 1.00e+00h  1
1614  7.2468438e-04 6.69e-06 1.15e-02  -4.1 4.00e-03    -  1.00e+00 1.00e+00h  1
1615  7.2361109e-04 2.41e-06 8.12e-04  -4.1 2.05e-03    -  1.00e+00 1.00e+00h  1
1616  7.2348262e-04 2.56e-08 3.80e-04  -4.1 3.00e-04    -  1.00e+00 1.00e+00h  1
1617  7.2345015e-04 1.63e-07 2.29e-03  -4.0 5.20e-04    -  1.00e+00 1.00e+00h  1
1618  7.2340622e-04 8.57e-08 1.37e-03  -4.1 3.53e-04    -  1.00e+00 1.00e+00h  1
1619  7.2323524e-04 3.06e-09 6.17e-03  -4.1 1.28e-03    -  1.00e+00 1.00e+00H  1
iter    objective    inf_pr   inf_du lg(mu)  ||d||  lg(rg) alpha_du alpha_pr  ls
1620  7.2409712e-04 2.52e-06 1.21e-02  -4.0 1.87e-03    -  1.00e+00 1.00e+00h  1
1621  7.2346380e-04 2.92e-06 1.93e-03  -4.1 1.98e-03    -  1.00e+00 1.00e+00h  1
1622  7.2638596e-04 2.31e-06 7.52e-03  -4.1 1.76e-03    -  1.00e+00 1.00e+00h  1
1623  7.2334568e-04 2.27e-06 5.55e-04  -4.1 1.74e-03    -  1.00e+00 1.00e+00h  1
1624  7.2304670e-04 2.02e-07 1.77e-03  -6.1 4.03e-04    -  1.00e+00 1.00e+00h  1
1625  7.4675198e-04 1.36e-04 4.90e-01  -4.0 2.94e-02    -  1.00e+00 5.00e-01h  2
1626  7.5516330e-04 8.36e-05 7.85e-03  -4.1 1.12e-02    -  1.00e+00 1.00e+00h  1
1627  7.3240693e-04 4.60e-05 1.20e-01  -4.1 1.47e-02    -  1.00e+00 5.00e-01h  2
1628  7.2457700e-04 1.21e-05 3.52e-03  -4.1 4.37e-03    -  1.00e+00 1.00e+00h  1
1629  7.2276564e-04 3.24e-06 3.63e-03  -4.1 2.31e-03    -  1.00e+00 1.00e+00h  1
iter    objective    inf_pr   inf_du lg(mu)  ||d||  lg(rg) alpha_du alpha_pr  ls
1630  7.2493344e-04 2.14e-06 7.52e-03  -4.1 2.02e-03    -  1.00e+00 1.00e+00h  1
1631  7.2384104e-04 6.96e-07 1.64e-03  -4.1 1.05e-03    -  1.00e+00 1.00e+00h  1
1632  7.2328712e-04 1.29e-07 1.11e-03  -4.1 3.77e-04    -  1.00e+00 1.00e+00h  1
1633  7.2332221e-04 7.78e-09 1.16e-04  -4.1 1.53e-04    -  1.00e+00 1.00e+00h  1
1634  7.2305738e-04 1.18e-07 7.31e-04  -6.1 3.92e-04    -  1.00e+00 1.00e+00h  1
1635  7.3515099e-04 3.21e-05 8.57e-01  -4.0 5.71e-02    -  1.00e+00 1.25e-01h  4
1636  7.2346185e-04 2.77e-05 8.26e-04  -4.1 6.79e-03    -  1.00e+00 1.00e+00h  1
1637  7.3122203e-04 1.19e-06 1.60e-02  -4.1 7.59e-03    -  1.00e+00 1.00e+00H  1
1638  7.2265715e-04 2.34e-05 2.33e-03  -4.1 6.25e-03    -  1.00e+00 1.00e+00h  1
1639  7.2452579e-04 2.37e-06 3.40e-03  -4.1 1.86e-03    -  1.00e+00 1.00e+00h  1
iter    objective    inf_pr   inf_du lg(mu)  ||d||  lg(rg) alpha_du alpha_pr  ls
1640  7.2316303e-04 9.51e-07 1.53e-03  -4.1 9.72e-04    -  1.00e+00 1.00e+00h  1
1641  7.2332049e-04 2.51e-07 2.35e-03  -4.1 6.24e-04    -  1.00e+00 1.00e+00h  1
1642  7.2332047e-04 9.28e-08 1.60e-04  -4.1 3.65e-04    -  1.00e+00 1.00e+00h  1
1643  7.2314213e-04 4.36e-08 9.50e-04  -6.1 2.76e-04    -  1.00e+00 1.00e+00h  1
1644  7.3203852e-04 3.84e-05 9.08e-01  -4.0 1.16e-01    -  1.00e+00 6.25e-02h  5
1645  7.2391297e-04 3.20e-05 9.48e-04  -4.1 6.98e-03    -  1.00e+00 1.00e+00h  1
1646  7.2298364e-04 2.77e-05 1.38e+00  -4.1 5.14e-02    -  1.00e+00 4.39e-02H  1
1647  7.2034658e-04 5.06e-06 1.83e-04  -4.1 3.04e-03    -  1.00e+00 1.00e+00f  1
1648  1.0793691e-03 5.63e-03 5.49e-01  -4.0 1.02e-01    -  1.00e+00 1.00e+00h  1
1649  7.8122983e-04 1.30e-03 1.36e-01  -4.1 5.03e-02    -  1.00e+00 1.00e+00h  1
iter    objective    inf_pr   inf_du lg(mu)  ||d||  lg(rg) alpha_du alpha_pr  ls
1650  9.2336670e-04 3.55e-04 3.40e-02  -4.1 2.67e-02    -  1.00e+00 1.00e+00h  1
1651  1.2700827e-03 3.19e-04 2.99e-03  -4.1 1.99e-02    -  1.00e+00 1.00e+00h  1
1652  7.3307979e-04 1.18e-04 5.79e-03  -4.1 1.18e-02    -  1.00e+00 1.00e+00h  1
1653  7.2976496e-04 1.37e-04 7.33e-03  -4.1 1.52e-02    -  1.00e+00 1.00e+00h  1
1654  7.2610350e-04 1.24e-05 2.09e-03  -4.1 4.23e-03    -  1.00e+00 1.00e+00h  1
1655  7.2389021e-04 4.11e-06 7.75e-03  -4.1 2.67e-03    -  1.00e+00 1.00e+00h  1
1656  7.2315193e-04 3.23e-06 2.73e-03  -4.1 1.78e-03    -  1.00e+00 1.00e+00h  1
1657  7.2352597e-04 3.21e-07 1.22e-03  -4.1 6.38e-04    -  1.00e+00 1.00e+00h  1
1658  7.2332455e-04 5.78e-08 5.42e-04  -4.1 2.78e-04    -  1.00e+00 1.00e+00h  1
1659  7.2315586e-04 3.88e-08 8.16e-04  -6.1 2.26e-04    -  1.00e+00 1.00e+00h  1
iter    objective    inf_pr   inf_du lg(mu)  ||d||  lg(rg) alpha_du alpha_pr  ls
1660  7.3559269e-04 7.80e-05 4.94e-01  -4.0 1.92e-02    -  1.00e+00 5.00e-01h  2
1661  7.2999847e-04 3.32e-05 6.50e-03  -4.1 6.66e-03    -  1.00e+00 1.00e+00h  1
1662  7.4247248e-04 4.05e-05 1.05e-02  -4.1 1.05e-02    -  1.00e+00 5.00e-01h  2
1663  7.2489603e-04 6.23e-06 1.60e-03  -4.1 2.67e-03    -  1.00e+00 1.00e+00h  1
1664  7.2296943e-04 1.11e-06 1.66e-03  -4.1 1.26e-03    -  1.00e+00 1.00e+00h  1
1665  7.2359842e-04 2.68e-07 1.18e-03  -4.1 6.36e-04    -  1.00e+00 1.00e+00h  1
1666  7.2331626e-04 4.90e-08 4.16e-04  -4.1 2.98e-04    -  1.00e+00 1.00e+00h  1
1667  7.2311781e-04 5.45e-08 8.35e-04  -6.1 2.66e-04    -  1.00e+00 1.00e+00h  1
1668  7.3328615e-04 6.76e-05 4.95e-01  -4.0 1.65e-02    -  1.00e+00 5.00e-01h  2
1669  7.2561914e-04 3.19e-05 5.76e-03  -4.1 6.50e-03    -  1.00e+00 1.00e+00h  1
iter    objective    inf_pr   inf_du lg(mu)  ||d||  lg(rg) alpha_du alpha_pr  ls
1670  7.3457988e-04 2.90e-05 6.52e-02  -4.1 7.69e-03    -  1.00e+00 5.00e-01h  2
1671  7.2341937e-04 1.14e-05 5.60e-03  -4.1 3.81e-03    -  1.00e+00 1.00e+00h  1
1672  7.2431757e-04 3.47e-06 3.77e-03  -4.1 2.67e-03    -  1.00e+00 1.00e+00h  1
1673  7.2304564e-04 5.03e-07 1.52e-03  -4.1 1.07e-03    -  1.00e+00 1.00e+00h  1
1674  7.2338555e-04 2.11e-07 7.38e-04  -4.1 4.73e-04    -  1.00e+00 1.00e+00h  1
1675  7.2319998e-04 4.82e-08 8.98e-04  -6.1 3.43e-04    -  1.00e+00 1.00e+00h  1
1676  7.2268886e-04 2.30e-05 9.74e-04  -6.1 7.01e-03    -  1.00e+00 1.00e+00h  1
1677  7.2061963e-04 2.82e-05 2.32e-02  -6.1 2.86e-02    -  1.00e+00 1.43e-01h  2
1678  7.1969407e-04 2.43e-05 2.48e-02  -6.1 5.20e-03    -  1.00e+00 1.25e-01h  4
1679  9.2502863e-04 9.34e-03 1.21e-01  -4.0 1.39e-01    -  1.00e+00 1.00e+00h  1
iter    objective    inf_pr   inf_du lg(mu)  ||d||  lg(rg) alpha_du alpha_pr  ls
1680  7.5618675e-04 4.75e-03 2.39e-02  -4.1 8.31e-02    -  1.00e+00 1.00e+00h  1
1681  7.5059855e-04 9.38e-04 4.47e-03  -4.1 4.07e-02    -  1.00e+00 1.00e+00h  1
1682  2.5250184e-03 1.56e-03 7.17e-03  -4.1 4.56e-02    -  1.00e+00 1.00e+00h  1
1683  7.3502750e-04 7.44e-04 5.38e-03  -4.1 3.16e-02    -  1.00e+00 1.00e+00h  1
1684  7.3261817e-04 1.13e-04 3.97e-03  -4.1 1.29e-02    -  1.00e+00 1.00e+00h  1
1685  7.4423507e-04 1.07e-04 3.26e-02  -4.1 5.08e-02    -  1.00e+00 1.25e-01h  4
1686  7.2974175e-04 4.22e-05 5.94e-03  -4.1 7.70e-03    -  1.00e+00 1.00e+00h  1
1687  7.3220321e-04 6.71e-05 1.17e-02  -4.1 7.85e-03    -  1.00e+00 1.00e+00h  1
1688  7.2654767e-04 2.48e-05 3.04e-03  -4.1 4.66e-03    -  1.00e+00 1.00e+00h  1
1689  7.3017170e-04 1.55e-05 1.50e-02  -4.1 5.50e-03    -  1.00e+00 1.00e+00h  1
iter    objective    inf_pr   inf_du lg(mu)  ||d||  lg(rg) alpha_du alpha_pr  ls
1690  7.2690036e-04 1.10e-05 1.92e-03  -4.1 4.85e-03    -  1.00e+00 1.00e+00h  1
1691  7.2603295e-04 1.85e-07 1.78e-03  -4.1 4.62e-04    -  1.00e+00 1.00e+00h  1
1692  7.2489148e-04 1.98e-06 4.40e-03  -4.1 1.23e-03    -  1.00e+00 1.00e+00h  1
1693  7.2486673e-04 8.36e-09 2.62e-02  -4.1 6.15e-03    -  1.00e+00 1.00e+00H  1
1694  7.2527030e-04 1.59e-06 9.01e-02  -4.1 9.38e-03    -  1.00e+00 1.25e-01h  4
1695  7.2336167e-04 2.25e-07 2.35e-03  -4.1 3.49e-03    -  1.00e+00 1.00e+00H  1
1696  7.2556907e-04 1.56e-08 8.59e-03  -4.1 1.52e-03    -  1.00e+00 1.00e+00H  1
1697  7.2342240e-04 2.21e-06 1.17e-03  -4.1 1.38e-03    -  1.00e+00 1.00e+00h  1
1698  7.2333605e-04 1.13e-07 2.30e-04  -4.1 3.01e-04    -  1.00e+00 1.00e+00h  1
1699  7.2318920e-04 3.48e-08 3.69e-04  -6.1 1.87e-04    -  1.00e+00 1.00e+00h  1
iter    objective    inf_pr   inf_du lg(mu)  ||d||  lg(rg) alpha_du alpha_pr  ls
1700  7.4434239e-04 2.16e-04 4.92e-01  -4.0 3.20e-02    -  1.00e+00 5.00e-01h  2
1701  7.3004451e-04 1.39e-04 1.21e-02  -4.1 1.04e-02    -  1.00e+00 1.00e+00h  1
1702  8.4181843e-04 1.01e-04 1.20e-02  -4.1 1.03e-02    -  1.00e+00 1.00e+00h  1
1703  7.2438426e-04 2.49e-05 2.86e-03  -4.1 5.61e-03    -  1.00e+00 1.00e+00h  1
1704  7.2177798e-04 1.03e-05 7.92e-03  -4.1 3.42e-03    -  1.00e+00 1.00e+00h  1
1705  7.2376721e-04 5.98e-06 3.35e-03  -4.0 2.87e-03    -  1.00e+00 1.00e+00h  1
1706  7.2326345e-04 3.36e-07 2.80e-04  -4.1 6.37e-04    -  1.00e+00 1.00e+00h  1
1707  7.2310449e-04 3.53e-08 7.87e-04  -6.1 1.96e-04    -  1.00e+00 1.00e+00h  1
1708  7.2693100e-04 8.66e-06 8.57e-01  -4.0 2.51e-02    -  1.00e+00 1.25e-01h  4
1709  7.2302569e-04 3.59e-05 3.37e-03  -4.1 6.40e-03    -  1.00e+00 1.00e+00h  1
iter    objective    inf_pr   inf_du lg(mu)  ||d||  lg(rg) alpha_du alpha_pr  ls
1710  7.3141979e-04 4.33e-05 9.48e-03  -4.1 6.92e-03    -  1.00e+00 1.00e+00h  1
1711  7.2276886e-04 1.63e-05 1.74e-03  -4.1 4.23e-03    -  1.00e+00 1.00e+00h  1
1712  7.2361847e-04 9.42e-07 1.33e-03  -4.1 1.04e-03    -  1.00e+00 1.00e+00h  1
1713  7.2323278e-04 9.09e-08 3.65e-04  -4.1 3.67e-04    -  1.00e+00 1.00e+00h  1
1714  7.2302025e-04 4.87e-08 7.79e-04  -6.1 2.25e-04    -  1.00e+00 1.00e+00h  1
1715  7.2486290e-04 2.59e-06 7.72e-03  -4.0 1.65e-03    -  1.00e+00 1.00e+00h  1
1716  7.2345715e-04 1.19e-06 1.43e-03  -4.1 1.09e-03    -  1.00e+00 1.00e+00h  1
1717  7.2319915e-04 9.25e-08 1.49e-04  -4.1 3.20e-04    -  1.00e+00 1.00e+00h  1
1718  7.2303430e-04 3.73e-08 8.34e-04  -6.1 1.94e-04    -  1.00e+00 1.00e+00h  1
1719  7.1807698e-04 1.37e-04 8.18e-04  -6.1 2.28e-02    -  1.00e+00 5.00e-01h  2
iter    objective    inf_pr   inf_du lg(mu)  ||d||  lg(rg) alpha_du alpha_pr  ls
1720  8.9737707e-04 9.56e-04 7.39e-02  -4.0 1.24e-01    -  1.00e+00 2.50e-01h  3
1721  7.1911955e-04 5.67e-04 1.43e-03  -4.1 2.58e-02    -  1.00e+00 1.00e+00h  1
1722  7.9850294e-04 2.62e-04 5.95e-03  -4.1 1.71e-02    -  1.00e+00 1.00e+00h  1
1723  7.1845029e-04 2.63e-04 4.04e-03  -4.1 1.67e-02    -  1.00e+00 1.00e+00h  1
1724  7.3695712e-04 2.00e-04 7.73e-03  -4.1 1.65e-02    -  1.00e+00 5.00e-01h  2
1725  7.2290730e-04 7.23e-06 1.27e-03  -4.1 2.81e-03    -  1.00e+00 1.00e+00h  1
1726  7.2756035e-04 2.63e-05 1.52e-02  -4.1 5.37e-03    -  1.00e+00 1.00e+00h  1
1727  7.2352550e-04 1.23e-05 1.64e-03  -4.1 3.63e-03    -  1.00e+00 1.00e+00h  1
1728  7.2322510e-04 1.95e-07 7.73e-04  -4.1 5.39e-04    -  1.00e+00 1.00e+00h  1
1729  7.2282542e-04 6.29e-08 6.99e-04  -6.1 2.77e-04    -  1.00e+00 1.00e+00h  1
iter    objective    inf_pr   inf_du lg(mu)  ||d||  lg(rg) alpha_du alpha_pr  ls
1730  7.2404523e-04 1.18e-06 4.73e-03  -4.0 1.29e-03    -  1.00e+00 1.00e+00h  1
1731  7.2323803e-04 3.79e-07 9.29e-04  -4.1 6.79e-04    -  1.00e+00 1.00e+00h  1
1732  7.2312409e-04 3.09e-08 4.90e-04  -4.1 2.07e-04    -  1.00e+00 1.00e+00h  1
1733  7.2314820e-04 5.33e-09 1.94e-04  -4.0 6.81e-05    -  1.00e+00 1.00e+00h  1
1734  7.2315364e-04 9.48e-10 1.53e-04  -4.0 5.05e-05    -  1.00e+00 1.00e+00h  1
1735  7.2321763e-04 7.77e-11 8.59e-04  -4.0 3.47e-04    -  1.00e+00 1.00e+00H  1
1736  7.2318674e-04 5.66e-09 9.02e-04  -4.0 7.99e-05    -  1.00e+00 1.00e+00h  1
1737  7.2311811e-04 1.23e-08 1.65e-04  -4.1 1.67e-04    -  1.00e+00 1.00e+00h  1
1738  7.2325900e-04 3.89e-08 9.79e-04  -4.0 1.74e-04    -  1.00e+00 1.00e+00h  1
1739  7.2315080e-04 1.91e-08 1.31e-04  -4.1 1.25e-04    -  1.00e+00 1.00e+00h  1
iter    objective    inf_pr   inf_du lg(mu)  ||d||  lg(rg) alpha_du alpha_pr  ls
1740  7.2299982e-04 3.13e-08 6.83e-04  -6.1 1.95e-04    -  1.00e+00 1.00e+00h  1
1741  7.2692825e-04 4.38e-06 9.25e-01  -4.0 4.12e-02    -  1.00e+00 6.25e-02h  5
1742  7.2058031e-04 4.78e-05 1.75e-03  -4.1 7.62e-03    -  1.00e+00 1.00e+00h  1
1743  7.5441649e-04 2.58e-04 2.14e-02  -4.1 1.81e-02    -  1.00e+00 1.00e+00h  1
1744  7.3802516e-04 1.53e-04 2.00e-02  -4.1 1.25e-02    -  1.00e+00 5.00e-01h  2
1745  7.7670414e-04 1.20e-04 4.35e-03  -4.1 1.29e-02    -  1.00e+00 1.00e+00h  1
1746  7.4633468e-04 3.03e-05 2.28e-03  -4.1 5.79e-03    -  1.00e+00 1.00e+00h  1
1747  7.3478910e-04 5.27e-07 5.71e-03  -4.1 1.25e-03    -  1.00e+00 1.00e+00h  1
1748  7.2139074e-04 9.60e-06 9.31e-03  -4.1 3.80e-03    -  1.00e+00 1.00e+00h  1
1749  7.2462832e-04 6.43e-06 1.72e-03  -4.1 2.86e-03    -  1.00e+00 1.00e+00h  1
iter    objective    inf_pr   inf_du lg(mu)  ||d||  lg(rg) alpha_du alpha_pr  ls
1750  7.2329781e-04 3.31e-07 1.88e-03  -4.1 7.93e-04    -  1.00e+00 1.00e+00h  1
1751  7.2313442e-04 1.25e-07 1.02e-03  -4.1 3.67e-04    -  1.00e+00 1.00e+00h  1
1752  7.2315384e-04 3.37e-09 1.10e-04  -4.1 5.01e-05    -  1.00e+00 1.00e+00h  1
1753  7.2298353e-04 3.60e-08 1.00e-03  -6.1 2.52e-04    -  1.00e+00 1.00e+00h  1
1754  7.4107188e-04 1.36e-04 8.95e-01  -4.0 2.34e-01    -  1.00e+00 6.25e-02h  5
1755  7.7102838e-04 4.74e-05 1.97e-03  -4.1 8.28e-03    -  1.00e+00 1.00e+00h  1
1756  8.1774041e-04 2.17e-03 2.98e-02  -4.1 5.98e-02    -  1.00e+00 1.00e+00h  1
1757  7.6206523e-04 1.25e-03 2.01e-02  -4.1 3.41e-02    -  1.00e+00 5.00e-01h  2
1758  7.2716810e-04 7.92e-04 4.63e-02  -4.1 2.99e-02    -  1.00e+00 5.00e-01h  2
1759  7.2871611e-04 1.96e-04 6.80e-04  -4.1 1.96e-02    -  1.00e+00 1.00e+00h  1
iter    objective    inf_pr   inf_du lg(mu)  ||d||  lg(rg) alpha_du alpha_pr  ls
1760  8.2501027e-04 5.76e-05 1.94e-03  -6.1 1.26e-02    -  1.00e+00 1.00e+00h  1
1761  7.2284972e-04 2.37e-05 9.60e-04  -6.1 7.50e-03    -  1.00e+00 1.00e+00h  1
1762  7.2100174e-04 4.80e-06 5.32e-04  -6.1 2.98e-03    -  1.00e+00 1.00e+00h  1
1763  7.9153378e-04 2.04e-04 1.63e-01  -4.0 4.98e-01    -  1.00e+00 3.12e-02h  6
1764  7.1991031e-04 2.14e-04 6.80e-04  -4.1 1.80e-02    -  1.00e+00 1.00e+00h  1
1765  7.1603086e-04 8.75e-05 4.49e-04  -6.1 9.41e-03    -  1.00e+00 8.36e-01h  1
1766  1.7693557e-03 1.63e-02 2.73e-02  -4.0 1.45e-01    -  1.00e+00 1.00e+00f  1
1767  8.5303793e-04 7.78e-03 6.97e-03  -4.1 8.55e-02    -  1.00e+00 1.00e+00h  1
1768  9.1478933e-04 2.50e-03 3.66e-03  -4.1 7.25e-02    -  1.00e+00 1.00e+00h  1
1769  8.5063200e-04 3.88e-03 1.13e-02  -4.1 9.52e-01    -  4.13e-01 6.25e-02h  5
iter    objective    inf_pr   inf_du lg(mu)  ||d||  lg(rg) alpha_du alpha_pr  ls
1770  7.5350658e-04 7.99e-04 1.11e-03  -4.1 8.49e-02    -  1.00e+00 1.00e+00h  1
1771  8.5887806e-04 8.72e-04 1.44e-02  -4.1 9.52e-02    -  1.00e+00 2.50e-01h  3
1772  7.4493065e-04 2.63e-04 5.24e-03  -4.1 4.80e-02    -  1.00e+00 1.00e+00h  1
1773  7.2317369e-04 4.55e-04 3.07e-03  -4.1 3.03e-02    -  1.00e+00 1.00e+00h  1
1774  7.9572966e-04 4.86e-04 2.02e-03  -4.1 5.00e-02    -  1.00e+00 5.00e-01h  2
1775  7.2786281e-04 7.72e-05 1.64e-03  -4.1 1.23e-02    -  1.00e+00 1.00e+00h  1
1776  7.3436113e-04 5.43e-05 5.05e-02  -4.1 1.45e-02    -  1.00e+00 8.51e-01H  1
1777  7.2286630e-04 5.60e-05 5.46e-03  -4.1 1.08e-02    -  1.00e+00 1.00e+00f  1
1778  7.4859004e-04 1.80e-04 1.44e-02  -4.1 1.33e-02    -  1.00e+00 1.00e+00h  1
1779  7.2457119e-04 9.21e-05 4.81e-04  -4.1 9.78e-03    -  1.00e+00 1.00e+00h  1
iter    objective    inf_pr   inf_du lg(mu)  ||d||  lg(rg) alpha_du alpha_pr  ls
1780  7.2679340e-04 1.99e-06 1.63e-03  -6.1 1.94e-03    -  1.00e+00 1.00e+00h  1
1781  7.2219399e-04 3.95e-07 3.93e-04  -6.1 9.39e-04    -  1.00e+00 1.00e+00h  1
1782  7.3069070e-04 7.96e-05 5.45e-02  -4.0 1.04e-02    -  1.00e+00 1.00e+00h  1
1783  7.2559830e-04 2.06e-05 1.21e-02  -4.1 5.28e-03    -  1.00e+00 1.00e+00h  1
1784  7.2371990e-04 7.53e-06 7.25e-04  -4.1 3.09e-03    -  1.00e+00 1.00e+00h  1
1785  7.2381377e-04 3.45e-08 3.30e-04  -6.1 5.27e-04    -  1.00e+00 1.00e+00h  1
1786  7.2313307e-04 3.13e-08 7.53e-04  -6.1 2.25e-04    -  1.00e+00 1.00e+00h  1
1787  7.2290169e-04 4.55e-08 7.51e-04  -6.1 3.03e-04    -  1.00e+00 1.00e+00h  1
1788  7.2150002e-04 9.11e-06 6.21e-04  -6.1 4.88e-03    -  1.00e+00 1.00e+00h  1
1789  7.1998559e-04 7.57e-06 2.02e-02  -6.1 1.02e-02    -  1.00e+00 1.72e-01h  2
iter    objective    inf_pr   inf_du lg(mu)  ||d||  lg(rg) alpha_du alpha_pr  ls
1790  9.6758908e-04 9.15e-03 8.08e-02  -4.0 1.31e-01    -  1.00e+00 1.00e+00h  1
1791  7.6551633e-04 2.52e-03 2.02e-02  -4.1 6.70e-02    -  1.00e+00 1.00e+00h  1
1792  7.5427274e-04 7.78e-04 4.72e-03  -4.1 3.72e-02    -  1.00e+00 1.00e+00h  1
1793  7.3329663e-04 6.99e-04 1.36e-02  -4.1 6.02e-02    -  1.00e+00 2.50e-01h  3
1794  7.3521526e-04 6.34e-05 2.29e-03  -4.1 1.00e-02    -  1.00e+00 1.00e+00h  1
1795  7.3563210e-04 1.02e-04 8.71e-02  -4.1 2.58e-02    -  1.00e+00 5.00e-01h  2
1796  7.2536087e-04 5.87e-05 4.00e-03  -4.1 1.27e-02    -  1.00e+00 1.00e+00h  1
1797  7.4125732e-04 3.57e-05 4.63e-02  -4.1 1.07e-02    -  1.00e+00 5.00e-01h  2
1798  7.2760953e-04 4.04e-05 1.18e-02  -4.1 6.43e-03    -  1.00e+00 1.00e+00h  1
1799  7.2770989e-04 3.95e-05 6.06e-03  -4.1 6.19e-03    -  1.00e+00 1.00e+00h  1
iter    objective    inf_pr   inf_du lg(mu)  ||d||  lg(rg) alpha_du alpha_pr  ls
1800  7.2522119e-04 1.50e-05 9.72e-03  -4.1 5.48e-03    -  1.00e+00 1.00e+00h  1
1801  7.2528102e-04 9.74e-06 4.25e-03  -4.1 5.00e-03    -  1.00e+00 1.00e+00h  1
1802  7.2973465e-04 2.84e-06 5.23e-03  -4.1 2.81e-03    -  1.00e+00 1.00e+00h  1
1803  7.2345614e-04 1.15e-06 7.26e-04  -4.1 1.38e-03    -  1.00e+00 1.00e+00h  1
1804  7.2316389e-04 4.36e-08 1.02e-03  -6.1 2.71e-04    -  1.00e+00 1.00e+00h  1
1805  7.2209388e-04 1.58e-06 7.80e-04  -6.1 1.67e-03    -  1.00e+00 1.00e+00h  1
1806  8.1580704e-04 1.05e-03 5.61e-01  -4.0 5.67e-01    -  1.00e+00 6.25e-02h  5
1807  7.7556152e-04 3.84e-04 3.91e-03  -4.1 2.67e-02    -  1.00e+00 1.00e+00h  1
1808  7.7398179e-04 7.68e-04 4.31e-03  -4.1 5.06e-02    -  1.00e+00 5.00e-01h  2
1809  7.2929924e-04 2.35e-04 3.57e-03  -4.1 1.97e-02    -  1.00e+00 1.00e+00h  1
iter    objective    inf_pr   inf_du lg(mu)  ||d||  lg(rg) alpha_du alpha_pr  ls
1810  7.2224459e-04 2.44e-04 1.03e-02  -4.1 2.26e-02    -  1.00e+00 1.00e+00h  1
1811  7.4314841e-04 1.42e-04 2.12e-03  -4.1 1.57e-02    -  1.00e+00 1.00e+00h  1
1812  7.9009708e-04 1.16e-04 2.10e-01  -4.1 2.47e-02    -  1.00e+00 3.62e-01H  1
1813  7.2686412e-04 4.93e-05 6.13e-03  -4.1 7.15e-03    -  1.00e+00 1.00e+00f  1
1814  7.2447000e-04 1.35e-04 1.67e-02  -4.1 1.46e-02    -  1.00e+00 1.00e+00h  1
1815  7.2436650e-04 3.79e-05 3.24e-03  -4.1 7.50e-03    -  1.00e+00 1.00e+00h  1
1816  7.2614513e-04 3.03e-05 2.65e-02  -4.1 7.47e-03    -  1.00e+00 1.00e+00H  1
1817  7.2256856e-04 2.51e-05 4.82e-03  -4.1 5.56e-03    -  1.00e+00 1.00e+00h  1
1818  7.2811342e-04 1.92e-05 8.87e-03  -4.1 4.38e-03    -  1.00e+00 1.00e+00h  1
1819  7.2275396e-04 5.27e-06 2.86e-03  -4.1 2.97e-03    -  1.00e+00 1.00e+00h  1
iter    objective    inf_pr   inf_du lg(mu)  ||d||  lg(rg) alpha_du alpha_pr  ls
1820  7.2343932e-04 1.12e-06 2.64e-03  -4.1 1.25e-03    -  1.00e+00 1.00e+00h  1
1821  7.2312604e-04 3.61e-07 4.90e-04  -4.1 7.40e-04    -  1.00e+00 1.00e+00h  1
1822  7.2295361e-04 1.97e-08 9.96e-04  -6.1 2.25e-04    -  1.00e+00 1.00e+00h  1
1823  7.3953248e-04 7.47e-05 8.38e-01  -4.0 1.01e-01    -  1.00e+00 1.25e-01h  4
1824  7.3801522e-04 2.63e-05 3.24e-03  -4.1 7.85e-03    -  1.00e+00 1.00e+00h  1
1825  7.3990882e-04 1.55e-04 4.46e-02  -4.1 3.27e-02    -  1.00e+00 5.00e-01h  2
1826  7.2732039e-04 9.48e-05 2.22e-03  -4.1 1.30e-02    -  1.00e+00 1.00e+00h  1
1827  7.2563564e-04 1.60e-06 1.37e-03  -4.1 1.68e-03    -  1.00e+00 1.00e+00h  1
1828  7.2290808e-04 1.32e-07 1.66e-03  -4.1 4.76e-04    -  1.00e+00 1.00e+00h  1
1829  7.2444642e-04 1.75e-06 6.77e-03  -4.1 1.83e-03    -  1.00e+00 1.00e+00h  1
iter    objective    inf_pr   inf_du lg(mu)  ||d||  lg(rg) alpha_du alpha_pr  ls
1830  7.2307384e-04 8.81e-07 6.60e-04  -4.1 1.48e-03    -  1.00e+00 1.00e+00h  1
1831  7.2290850e-04 1.46e-08 8.04e-04  -6.1 2.18e-04    -  1.00e+00 1.00e+00h  1
1832  7.2997788e-04 9.11e-06 8.08e-01  -4.0 4.10e-02    -  1.00e+00 1.25e-01h  4
1833  7.2258513e-04 1.13e-05 1.00e-03  -4.1 6.06e-03    -  1.00e+00 1.00e+00h  1
1834  8.3233241e-04 4.88e-06 6.75e-02  -4.1 9.01e-03    -  1.00e+00 8.61e-01H  1
1835  7.2720699e-04 9.78e-06 5.36e-03  -4.1 5.96e-03    -  1.00e+00 1.00e+00F  1
1836  7.2671751e-04 1.27e-05 1.19e-02  -4.1 5.57e-03    -  1.00e+00 1.00e+00h  1
1837  7.2301170e-04 5.81e-06 1.01e-03  -4.1 3.90e-03    -  1.00e+00 1.00e+00h  1
1838  7.2345070e-04 1.22e-06 4.32e-03  -4.1 1.06e-03    -  1.00e+00 1.00e+00h  1
1839  7.2307065e-04 8.43e-07 3.25e-04  -4.1 9.52e-04    -  1.00e+00 1.00e+00h  1
iter    objective    inf_pr   inf_du lg(mu)  ||d||  lg(rg) alpha_du alpha_pr  ls
1840  7.2285359e-04 3.26e-08 7.71e-04  -6.1 2.78e-04    -  1.00e+00 1.00e+00h  1
1841  7.2056231e-04 3.13e-05 2.36e-03  -6.1 3.44e-02    -  1.00e+00 2.50e-01h  3
1842  7.1931200e-04 2.37e-05 8.07e-03  -6.1 3.33e-03    -  1.00e+00 2.50e-01h  3
1843  7.7123504e-04 1.22e-03 4.50e-02  -4.0 5.30e-02    -  1.00e+00 1.00e+00h  1
1844  7.7020759e-04 3.83e-04 1.12e-02  -4.1 2.84e-02    -  1.00e+00 1.00e+00h  1
1845  8.8678336e-04 3.55e-04 6.36e-02  -4.1 5.46e-02    -  6.00e-01 2.50e-01h  3
1846  7.2749399e-04 2.77e-06 2.11e-03  -4.1 3.50e-03    -  1.00e+00 1.00e+00h  1
1847  7.0302116e-04 6.45e-04 1.30e-01  -4.1 3.77e-02    -  1.00e+00 1.00e+00h  1
1848  7.1310412e-04 1.97e-04 3.16e-02  -4.0 2.07e-02    -  1.00e+00 1.00e+00h  1
1849  7.2574802e-04 5.90e-05 5.78e-03  -4.0 1.12e-02    -  1.00e+00 1.00e+00h  1
iter    objective    inf_pr   inf_du lg(mu)  ||d||  lg(rg) alpha_du alpha_pr  ls
1850  8.5358869e-04 4.85e-05 1.04e-02  -4.1 7.65e-03    -  1.00e+00 1.00e+00h  1
1851  7.2474439e-04 2.66e-05 3.51e-03  -4.1 4.90e-03    -  1.00e+00 1.00e+00h  1
1852  7.2295357e-04 1.43e-06 3.99e-03  -4.1 1.30e-03    -  1.00e+00 1.00e+00h  1
1853  7.2310293e-04 3.35e-07 1.61e-03  -4.1 7.86e-04    -  1.00e+00 1.00e+00h  1
1854  7.2294415e-04 3.24e-08 3.49e-04  -4.1 2.85e-04    -  1.00e+00 1.00e+00h  1
1855  7.2274410e-04 7.72e-08 7.96e-04  -6.1 3.57e-04    -  1.00e+00 1.00e+00h  1
1856  7.4465996e-04 9.16e-05 7.35e-01  -4.0 4.66e-02    -  1.00e+00 2.50e-01h  3
1857  7.4124463e-04 3.13e-05 4.76e-03  -4.1 7.11e-03    -  1.00e+00 1.00e+00h  1
1858  7.7231324e-04 2.30e-04 1.49e-02  -4.1 2.11e-02    -  1.00e+00 1.00e+00h  1
1859  7.6852040e-04 8.84e-05 3.46e-03  -4.1 1.35e-02    -  1.00e+00 1.00e+00h  1
iter    objective    inf_pr   inf_du lg(mu)  ||d||  lg(rg) alpha_du alpha_pr  ls
1860  7.3038009e-04 8.55e-05 1.92e-02  -4.1 1.83e-02    -  1.00e+00 5.00e-01h  2
1861  7.2123442e-04 3.88e-05 4.85e-03  -4.1 8.42e-03    -  1.00e+00 1.00e+00h  1
1862  7.2555975e-04 1.05e-05 4.50e-03  -4.1 3.82e-03    -  1.00e+00 1.00e+00h  1
1863  7.2619803e-04 1.98e-06 4.76e-03  -4.1 1.36e-03    -  1.00e+00 1.00e+00h  1
1864  7.2266559e-04 1.14e-06 3.04e-03  -4.1 1.66e-03    -  1.00e+00 1.00e+00h  1
1865  7.2312540e-04 1.87e-07 1.55e-03  -4.1 6.46e-04    -  1.00e+00 1.00e+00h  1
1866  7.2299445e-04 2.29e-08 3.64e-04  -4.1 1.78e-04    -  1.00e+00 1.00e+00h  1
1867  7.2299373e-04 3.26e-09 1.34e-04  -4.0 6.66e-05    -  1.00e+00 1.00e+00h  1
1868  7.2300193e-04 4.49e-10 3.00e-05  -4.0 2.14e-05    -  1.00e+00 1.00e+00h  1
1869  7.2299863e-04 1.10e-10 6.73e-05  -4.0 1.38e-05    -  1.00e+00 1.00e+00h  1
iter    objective    inf_pr   inf_du lg(mu)  ||d||  lg(rg) alpha_du alpha_pr  ls
1870  7.2299932e-04 1.22e-08 8.06e-04  -4.0 1.89e-04    -  1.00e+00 1.00e+00h  1
1871  7.2429848e-04 2.50e-10 1.43e-02  -4.1 3.51e-03    -  1.00e+00 1.00e+00H  1
1872  7.2327936e-04 1.30e-08 7.20e-03  -4.1 1.45e-03    -  1.00e+00 1.00e+00H  1
1873  7.2533708e-04 3.57e-12 6.84e-03  -4.1 2.51e-03    -  1.00e+00 1.00e+00H  1
1874  7.2530322e-04 1.01e-10 3.69e-02  -4.1 2.05e-03    -  1.00e+00 7.81e-03h  8
1875  7.2290501e-04 3.05e-06 3.11e-03  -4.1 2.96e-03    -  1.00e+00 1.00e+00h  1
1876  7.2549672e-04 3.50e-06 2.81e-02  -4.1 3.34e-03    -  1.00e+00 5.00e-01h  2
1877  7.2285841e-04 1.92e-06 7.24e-04  -4.1 1.32e-03    -  1.00e+00 1.00e+00h  1
1878  7.2269005e-04 3.83e-08 4.94e-04  -6.1 2.10e-04    -  1.00e+00 1.00e+00h  1
1879  7.2728232e-04 8.58e-06 7.11e-01  -4.0 1.16e-02    -  1.00e+00 2.50e-01h  3
iter    objective    inf_pr   inf_du lg(mu)  ||d||  lg(rg) alpha_du alpha_pr  ls
1880  7.2211442e-04 1.96e-05 3.68e-03  -4.1 4.56e-03    -  1.00e+00 1.00e+00h  1
1881  7.2683154e-04 7.05e-06 4.72e-03  -4.1 3.08e-03    -  1.00e+00 1.00e+00h  1
1882  7.2288514e-04 1.15e-06 1.32e-03  -4.1 1.36e-03    -  1.00e+00 1.00e+00h  1
1883  7.2276544e-04 5.23e-08 9.84e-04  -4.1 2.67e-04    -  1.00e+00 1.00e+00h  1
1884  7.2286866e-04 3.76e-08 2.98e-04  -4.1 2.46e-04    -  1.00e+00 1.00e+00h  1
1885  7.2284273e-04 5.76e-10 5.42e-05  -4.0 2.49e-05    -  1.00e+00 1.00e+00h  1
1886  7.2284389e-04 2.46e-10 7.04e-05  -4.0 1.97e-05    -  1.00e+00 1.00e+00h  1
1887  7.2307868e-04 4.31e-11 4.02e-03  -4.0 9.74e-04    -  1.00e+00 1.00e+00H  1
1888  7.2278953e-04 1.52e-07 4.20e-03  -4.1 3.92e-04    -  1.00e+00 1.00e+00h  1
1889  7.2288181e-04 4.38e-10 1.08e-03  -4.1 3.99e-04    -  1.00e+00 1.00e+00H  1
iter    objective    inf_pr   inf_du lg(mu)  ||d||  lg(rg) alpha_du alpha_pr  ls
1890  7.2272985e-04 4.31e-08 7.40e-04  -4.1 2.55e-04    -  1.00e+00 1.00e+00h  1
1891  7.2254585e-04 2.82e-08 1.18e-03  -6.1 1.78e-04    -  1.00e+00 1.00e+00h  1
1892  7.2428220e-04 1.79e-06 8.11e-03  -4.0 1.66e-03    -  1.00e+00 1.00e+00h  1
1893  7.2295023e-04 8.12e-07 1.16e-03  -4.1 1.07e-03    -  1.00e+00 1.00e+00h  1
1894  7.2272304e-04 6.15e-08 1.97e-04  -4.1 3.12e-04    -  1.00e+00 1.00e+00h  1
1895  7.2255723e-04 3.24e-08 7.50e-04  -6.1 1.93e-04    -  1.00e+00 1.00e+00h  1
1896  7.1775947e-04 3.31e-04 3.24e-03  -6.1 4.91e-02    -  1.00e+00 5.00e-01h  2
1897  7.1894901e-04 1.81e-04 8.74e-04  -6.1 1.50e-02    -  1.00e+00 5.00e-01h  2
1898  7.1459458e-04 1.03e-04 5.14e-03  -6.1 9.84e-03    -  1.00e+00 5.00e-01h  2
1899  7.2279748e-04 2.28e-05 2.57e+00  -4.0 3.08e-01    -  1.00e+00 3.91e-03H  1
iter    objective    inf_pr   inf_du lg(mu)  ||d||  lg(rg) alpha_du alpha_pr  ls
1900  8.2436817e-04 1.88e-05 1.24e-02  -4.1 2.06e-02    -  9.97e-01 2.50e-01h  3
1901  1.1641220e-03 2.00e-02 7.16e+00  -4.1 8.53e-01    -  1.00e+00 2.50e-01f  3
1902  1.0371659e-03 5.76e-03 6.64e-01  -4.1 1.01e-01    -  1.00e+00 1.00e+00h  1
1903  8.6569195e-04 2.67e-03 9.62e-03  -4.1 4.61e-02    -  1.00e+00 1.00e+00h  1
1904  9.1438856e-04 2.50e-03 1.51e-02  -4.1 4.55e-02    -  1.00e+00 1.00e+00h  1
1905  8.5626497e-04 1.28e-03 1.22e-02  -4.1 3.34e-02    -  1.00e+00 1.00e+00h  1
1906  7.7552103e-04 9.94e-04 1.21e-01  -4.1 3.34e-02    -  1.00e+00 2.88e-01h  2
1907  7.9296875e-04 6.34e-04 1.08e-01  -4.1 2.95e-02    -  1.00e+00 5.00e-01h  2
1908  7.5269491e-04 3.56e-04 1.56e-02  -4.1 2.45e-02    -  1.00e+00 1.00e+00h  1
1909  7.2869780e-04 1.82e-04 9.20e-03  -4.1 1.59e-02    -  1.00e+00 1.00e+00h  1
iter    objective    inf_pr   inf_du lg(mu)  ||d||  lg(rg) alpha_du alpha_pr  ls
1910  7.2450267e-04 1.15e-05 3.63e-03  -4.1 4.17e-03    -  1.00e+00 1.00e+00h  1
1911  7.2544916e-04 2.23e-05 1.62e-02  -4.1 4.56e-03    -  1.00e+00 1.00e+00h  1
1912  7.2511390e-04 8.13e-06 7.48e-03  -4.1 3.15e-03    -  1.00e+00 1.00e+00h  1
1913  7.2562214e-04 1.01e-05 1.21e-02  -4.1 5.53e-03    -  1.00e+00 1.00e+00h  1
1914  7.2420466e-04 7.47e-06 3.06e-03  -4.1 3.31e-03    -  1.00e+00 1.00e+00h  1
1915  7.2371496e-04 9.05e-07 2.26e-03  -4.1 1.25e-03    -  1.00e+00 1.00e+00h  1
1916  7.2345648e-04 2.97e-07 2.16e-03  -4.1 7.55e-04    -  1.00e+00 1.00e+00h  1
1917  7.2335332e-04 2.48e-07 2.16e-03  -4.1 4.76e-04    -  1.00e+00 1.00e+00h  1
1918  7.2284105e-04 2.22e-06 7.42e-03  -4.1 1.52e-03    -  1.00e+00 1.00e+00h  1
1919  7.2335558e-04 2.95e-08 1.07e-02  -4.1 2.09e-03    -  1.00e+00 1.00e+00H  1
iter    objective    inf_pr   inf_du lg(mu)  ||d||  lg(rg) alpha_du alpha_pr  ls
1920  7.2323401e-04 1.44e-06 7.09e-03  -4.1 1.15e-03    -  1.00e+00 1.00e+00h  1
1921  7.2282741e-04 1.06e-06 2.05e-03  -4.1 1.07e-03    -  1.00e+00 1.00e+00h  1
1922  7.2262466e-04 4.00e-07 5.89e-04  -4.1 7.99e-04    -  1.00e+00 1.00e+00h  1
1923  7.2224843e-04 2.93e-07 9.38e-04  -6.1 6.55e-04    -  1.00e+00 1.00e+00h  1
1924  7.4220470e-04 8.16e-05 8.87e-01  -4.0 1.60e-01    -  1.00e+00 6.25e-02h  5
1925  7.2310471e-04 6.76e-05 9.98e-04  -4.1 8.37e-03    -  1.00e+00 1.00e+00h  1
1926  7.2074808e-04 2.67e-05 5.64e-01  -4.1 2.81e-02    -  1.00e+00 1.59e-01H  1
1927  7.2295601e-04 5.72e-06 6.27e-04  -4.1 3.70e-03    -  1.00e+00 1.00e+00f  1
1928  7.2215926e-04 1.43e-06 6.67e-04  -6.1 1.16e-03    -  1.00e+00 1.00e+00h  1
1929  7.2927195e-04 5.80e-05 3.92e-02  -4.0 7.57e-03    -  1.00e+00 1.00e+00h  1
iter    objective    inf_pr   inf_du lg(mu)  ||d||  lg(rg) alpha_du alpha_pr  ls
1930  7.2518065e-04 1.91e-05 1.21e-02  -4.1 5.33e-03    -  1.00e+00 1.00e+00h  1
1931  7.2213736e-04 1.76e-05 1.06e-02  -4.1 5.06e-03    -  1.00e+00 1.00e+00h  1
1932  7.2251883e-04 6.91e-06 3.33e-03  -4.1 2.37e-03    -  1.00e+00 1.00e+00h  1
1933  7.2261707e-04 4.02e-07 8.84e-04  -4.1 8.54e-04    -  1.00e+00 1.00e+00h  1
1934  7.2253523e-04 1.94e-08 1.69e-04  -4.1 1.67e-04    -  1.00e+00 1.00e+00h  1
1935  7.2259894e-04 8.15e-09 2.03e-04  -4.0 8.56e-05    -  1.00e+00 1.00e+00h  1
1936  7.2261039e-04 1.19e-08 4.45e-04  -4.0 1.45e-04    -  1.00e+00 1.00e+00h  1
1937  7.2263562e-04 1.75e-11 5.72e-04  -4.1 2.61e-04    -  1.00e+00 1.00e+00H  1
1938  7.2258466e-04 2.99e-09 6.52e-04  -4.0 8.52e-05    -  1.00e+00 1.00e+00h  1
1939  7.2258903e-04 4.17e-10 1.33e-04  -4.0 2.50e-05    -  1.00e+00 1.00e+00h  1
iter    objective    inf_pr   inf_du lg(mu)  ||d||  lg(rg) alpha_du alpha_pr  ls
1940  7.2257951e-04 3.53e-08 1.27e-03  -4.0 2.86e-04    -  1.00e+00 1.00e+00h  1
1941  7.2951683e-04 5.64e-09 2.40e-02  -4.1 6.05e-03    -  1.00e+00 1.00e+00H  1
1942  7.2206323e-04 7.41e-06 1.09e-02  -4.1 3.03e-03    -  1.00e+00 1.00e+00h  1
1943  7.3206664e-04 6.25e-05 3.41e-02  -4.1 1.09e-02    -  1.00e+00 1.00e+00h  1
1944  7.2382407e-04 5.97e-05 6.13e-03  -4.1 9.53e-03    -  1.00e+00 1.00e+00h  1
1945  7.2576585e-04 4.48e-05 2.34e-02  -4.1 8.66e-03    -  1.00e+00 2.50e-01h  3
1946  7.2244026e-04 1.06e-06 7.41e-03  -4.1 1.20e-03    -  1.00e+00 1.00e+00h  1
1947  7.2273199e-04 2.85e-07 2.33e-03  -4.1 7.36e-04    -  1.00e+00 1.00e+00h  1
1948  7.2243332e-04 1.22e-07 3.29e-03  -4.1 3.96e-04    -  1.00e+00 1.00e+00h  1
1949  7.2248811e-04 6.07e-09 1.64e-04  -4.0 9.79e-05    -  1.00e+00 1.00e+00h  1
iter    objective    inf_pr   inf_du lg(mu)  ||d||  lg(rg) alpha_du alpha_pr  ls
1950  7.2247805e-04 4.05e-10 6.06e-05  -4.0 2.15e-05    -  1.00e+00 1.00e+00h  1
1951  7.2246754e-04 4.34e-09 2.51e-04  -4.0 6.35e-05    -  1.00e+00 1.00e+00h  1
1952  7.2245884e-04 1.06e-07 1.56e-03  -4.0 2.91e-04    -  1.00e+00 1.00e+00h  1
1953  7.2268139e-04 2.38e-10 2.14e-03  -4.1 4.18e-04    -  1.00e+00 1.00e+00H  1
1954  7.2241459e-04 9.09e-08 3.56e-04  -4.1 3.78e-04    -  1.00e+00 1.00e+00h  1
1955  7.2233701e-04 7.79e-08 1.27e-03  -6.1 2.96e-04    -  1.00e+00 1.00e+00h  1
1956  7.2446047e-04 4.79e-06 7.84e-03  -4.0 2.16e-03    -  1.00e+00 1.00e+00h  1
1957  7.2275155e-04 2.38e-06 1.49e-03  -4.1 1.44e-03    -  1.00e+00 1.00e+00h  1
1958  7.2238907e-04 2.13e-07 6.56e-04  -4.1 4.23e-04    -  1.00e+00 1.00e+00h  1
1959  7.2218491e-04 8.69e-08 8.79e-04  -6.1 2.66e-04    -  1.00e+00 1.00e+00h  1
iter    objective    inf_pr   inf_du lg(mu)  ||d||  lg(rg) alpha_du alpha_pr  ls
1960  7.3507772e-04 1.59e-04 7.65e-02  -4.0 1.37e-02    -  1.00e+00 1.00e+00h  1
1961  7.2691005e-04 4.55e-05 1.90e-02  -4.1 7.24e-03    -  1.00e+00 1.00e+00h  1
1962  7.2518458e-04 2.65e-05 1.72e-03  -4.1 5.69e-03    -  1.00e+00 1.00e+00h  1
1963  7.5426039e-04 1.18e-05 1.20e-02  -4.1 5.13e-03    -  1.00e+00 1.00e+00h  1
1964  7.2227552e-04 8.00e-06 5.86e-04  -4.1 4.38e-03    -  1.00e+00 1.00e+00h  1
1965  7.2203004e-04 8.07e-08 3.31e-04  -6.1 2.73e-04    -  1.00e+00 1.00e+00h  1
1966  7.2604670e-04 3.89e-06 6.16e-01  -4.0 9.85e-03    -  1.00e+00 2.50e-01h  3
1967  7.2140550e-04 9.17e-06 4.96e-03  -4.1 3.72e-03    -  1.00e+00 1.00e+00h  1
1968  7.2347582e-04 3.50e-06 3.04e-03  -4.1 1.86e-03    -  1.00e+00 1.00e+00h  1
1969  7.2269582e-04 1.05e-06 2.90e-03  -4.1 1.01e-03    -  1.00e+00 1.00e+00h  1
iter    objective    inf_pr   inf_du lg(mu)  ||d||  lg(rg) alpha_du alpha_pr  ls
1970  7.2234156e-04 3.66e-07 6.37e-04  -4.1 7.48e-04    -  1.00e+00 1.00e+00h  1
1971  7.2215867e-04 4.27e-08 8.39e-04  -6.1 2.10e-04    -  1.00e+00 1.00e+00h  1
1972  7.3177508e-04 3.91e-05 8.71e-01  -4.0 1.87e-01    -  1.00e+00 3.12e-02h  6
1973  7.2237876e-04 4.15e-05 7.54e-04  -4.1 6.16e-03    -  1.00e+00 1.00e+00h  1
1974  7.2182018e-04 4.07e-05 1.92e-03  -6.1 3.55e-02    -  9.92e-01 6.25e-02h  5
1975  7.1994312e-04 2.71e-05 6.52e-04  -6.1 5.69e-03    -  1.00e+00 1.00e+00h  1
1976  9.2251390e-04 1.62e-03 1.03e-01  -4.0 9.73e-02    -  1.00e+00 5.00e-01h  2
1977  7.8045267e-04 6.77e-04 8.69e-03  -4.1 3.11e-02    -  1.00e+00 1.00e+00h  1
1978  7.2212817e-04 5.12e-04 5.11e-03  -4.1 3.21e-02    -  1.00e+00 1.00e+00h  1
1979  7.4803205e-04 4.05e-04 8.91e-03  -4.1 2.49e-02    -  1.00e+00 1.00e+00h  1
iter    objective    inf_pr   inf_du lg(mu)  ||d||  lg(rg) alpha_du alpha_pr  ls
1980  7.2993106e-04 2.14e-04 2.05e-03  -4.1 1.54e-02    -  1.00e+00 1.00e+00h  1
1981  7.2878560e-04 8.11e-06 4.40e-03  -4.1 3.03e-03    -  1.00e+00 1.00e+00h  1
1982  7.2825925e-04 4.71e-05 9.18e-02  -4.1 1.84e-02    -  1.00e+00 5.00e-01h  2
1983  7.3683989e-04 4.09e-05 1.14e-02  -4.1 6.40e-03    -  1.00e+00 1.00e+00h  1
1984  7.2174223e-04 3.07e-05 8.17e-03  -4.1 6.50e-03    -  1.00e+00 1.00e+00h  1
1985  7.3819394e-04 1.68e-05 1.01e-02  -4.1 4.56e-03    -  1.00e+00 1.00e+00h  1
1986  7.2232179e-04 5.95e-06 1.72e-03  -4.1 2.78e-03    -  1.00e+00 1.00e+00h  1
1987  7.2229527e-04 3.76e-07 1.57e-03  -4.1 5.36e-04    -  1.00e+00 1.00e+00h  1
1988  7.2238611e-04 1.55e-07 4.91e-04  -4.1 5.32e-04    -  1.00e+00 1.00e+00h  1
1989  7.2215459e-04 5.69e-08 8.64e-04  -6.1 2.90e-04    -  1.00e+00 1.00e+00h  1
iter    objective    inf_pr   inf_du lg(mu)  ||d||  lg(rg) alpha_du alpha_pr  ls
1990  7.1760798e-04 9.92e-05 4.98e-03  -6.1 4.86e-02    -  1.00e+00 2.50e-01h  3
1991  7.1618323e-04 5.38e-05 5.41e-03  -6.1 4.86e-03    -  1.00e+00 5.00e-01h  2
1992  9.0651447e-04 5.28e-03 4.71e-02  -4.0 8.84e-02    -  1.00e+00 1.00e+00h  1
1993  1.5682020e-03 1.47e-03 9.83e-03  -4.1 4.59e-02    -  1.00e+00 1.00e+00h  1
1994  7.7463786e-04 1.07e-03 1.51e-03  -4.1 3.95e-02    -  1.00e+00 1.00e+00h  1
1995  7.2479379e-04 5.14e-05 1.19e-03  -4.1 9.65e-03    -  1.00e+00 1.00e+00h  1
1996  7.3332883e-04 3.08e-04 3.01e-02  -4.1 1.82e-02    -  1.00e+00 1.00e+00h  1
1997  7.3867057e-04 1.02e-04 8.58e-03  -4.1 1.21e-02    -  1.00e+00 1.00e+00h  1
1998  7.3433428e-04 8.39e-05 2.05e-02  -4.1 1.17e-02    -  1.00e+00 5.00e-01h  2
1999  7.2483476e-04 1.86e-05 9.13e-03  -4.1 4.70e-03    -  1.00e+00 1.00e+00h  1
iter    objective    inf_pr   inf_du lg(mu)  ||d||  lg(rg) alpha_du alpha_pr  ls
2000  7.2273072e-04 2.18e-05 9.42e-03  -4.1 5.33e-03    -  1.00e+00 1.00e+00h  1
2001  7.2284594e-04 5.55e-06 2.66e-03  -4.1 2.87e-03    -  1.00e+00 1.00e+00h  1
2002  7.2253722e-04 2.74e-07 7.46e-04  -4.1 6.93e-04    -  1.00e+00 1.00e+00h  1
2003  7.2225388e-04 1.11e-07 6.10e-04  -6.1 4.35e-04    -  1.00e+00 1.00e+00h  1
2004  7.2157749e-04 1.79e-06 2.37e-02  -6.1 5.52e-02    -  1.00e+00 3.23e-02h  5
2005  8.7645051e-04 9.58e-04 3.18e-01  -4.0 8.49e-02    -  1.00e+00 5.00e-01h  2
2006  9.4186790e-04 2.36e-04 2.37e-02  -4.1 2.23e-02    -  1.00e+00 1.00e+00h  1
2007  7.5524611e-04 1.86e-04 1.12e-03  -4.1 1.74e-02    -  1.00e+00 1.00e+00h  1
2008  7.2409212e-04 2.24e-06 2.33e-03  -4.1 1.86e-03    -  1.00e+00 1.00e+00h  1
2009  7.1862066e-04 4.39e-05 2.83e-02  -4.1 8.87e-03    -  1.00e+00 1.00e+00h  1
iter    objective    inf_pr   inf_du lg(mu)  ||d||  lg(rg) alpha_du alpha_pr  ls
2010  7.2187055e-04 1.83e-05 4.05e-03  -4.0 5.69e-03    -  1.00e+00 1.00e+00h  1
2011  7.2253224e-04 2.57e-06 4.47e-03  -4.1 1.52e-03    -  1.00e+00 1.00e+00h  1
2012  7.2284228e-04 1.22e-06 3.75e-03  -4.1 1.38e-03    -  1.00e+00 1.00e+00h  1
2013  7.2253994e-04 2.29e-07 4.87e-04  -4.1 5.74e-04    -  1.00e+00 1.00e+00h  1
2014  7.2237748e-04 2.45e-08 8.08e-04  -6.1 2.03e-04    -  1.00e+00 1.00e+00h  1
2015  7.2607560e-04 2.35e-06 9.36e-01  -4.0 1.34e-01    -  1.00e+00 1.56e-02h  7
2016  7.1653264e-04 6.30e-05 1.72e-03  -4.1 1.11e-02    -  1.00e+00 1.00e+00h  1
2017  8.0509329e-04 1.96e-04 4.97e-02  -4.1 3.36e-02    -  1.00e+00 5.00e-01h  2
2018  7.2429767e-04 7.38e-05 3.26e-03  -4.1 1.10e-02    -  1.00e+00 1.00e+00h  1
2019  7.3762255e-04 6.01e-05 1.21e-02  -4.1 1.08e-02    -  1.00e+00 1.00e+00h  1
iter    objective    inf_pr   inf_du lg(mu)  ||d||  lg(rg) alpha_du alpha_pr  ls
2020  7.3658853e-04 3.07e-05 1.34e-03  -4.1 7.92e-03    -  1.00e+00 1.00e+00h  1
2021  7.2309605e-04 1.91e-07 2.56e-03  -4.1 8.03e-04    -  1.00e+00 1.00e+00h  1
2022  7.2360802e-04 3.01e-06 5.72e-03  -4.1 2.36e-03    -  1.00e+00 1.00e+00h  1
2023  7.2241863e-04 9.41e-07 7.13e-04  -4.1 1.36e-03    -  1.00e+00 1.00e+00h  1
2024  7.2244321e-04 4.25e-08 7.32e-04  -6.1 2.49e-04    -  1.00e+00 1.00e+00h  1
2025  7.2205276e-04 8.19e-09 8.79e-04  -6.1 1.36e-04    -  1.00e+00 1.00e+00h  1
2026  7.2334954e-04 1.42e-06 5.08e-03  -4.0 1.56e-03    -  1.00e+00 1.00e+00h  1
2027  7.2258236e-04 4.44e-07 9.13e-04  -4.1 8.71e-04    -  1.00e+00 1.00e+00h  1
2028  7.2235471e-04 4.74e-08 7.14e-04  -4.1 3.27e-04    -  1.00e+00 1.00e+00h  1
2029  7.2217106e-04 4.22e-08 9.19e-04  -6.1 2.71e-04    -  1.00e+00 1.00e+00h  1
iter    objective    inf_pr   inf_du lg(mu)  ||d||  lg(rg) alpha_du alpha_pr  ls
2030  7.1899901e-04 1.52e-05 8.49e-04  -6.1 5.89e-03    -  1.00e+00 1.00e+00h  1
2031  8.6813282e-04 3.61e-04 1.43e-01  -4.0 5.16e-01    -  1.00e+00 6.25e-02h  5
2032  7.2084498e-04 2.53e-04 5.91e-04  -4.1 2.69e-02    -  1.00e+00 1.00e+00h  1
2033  7.3329087e-04 2.53e-04 9.88e-04  -6.1 2.55e-02    -  9.97e-01 9.30e-01h  1
2034  7.1964259e-04 1.06e-04 1.39e-03  -6.1 1.46e-02    -  1.00e+00 1.00e+00h  1
2035  7.1744746e-04 5.42e-05 4.67e-04  -6.1 8.77e-03    -  1.00e+00 1.00e+00h  1
2036  7.1536330e-04 9.92e-05 1.39e-03  -6.1 1.38e-02    -  1.00e+00 1.00e+00h  1
2037  9.9461807e-04 9.17e-04 1.11e-02  -4.0 8.76e-02    -  1.00e+00 5.00e-01h  2
2038  7.4227154e-04 3.94e-04 1.48e-03  -4.1 2.78e-02    -  1.00e+00 1.00e+00h  1
2039  7.1049602e-04 2.67e-04 3.05e-01  -4.1 9.77e-02    -  1.00e+00 1.11e-01H  1
iter    objective    inf_pr   inf_du lg(mu)  ||d||  lg(rg) alpha_du alpha_pr  ls
2040  7.7195026e-04 9.35e-05 2.03e-03  -4.1 1.36e-02    -  1.00e+00 1.00e+00f  1
2041  7.3718713e-04 1.33e-04 4.58e-02  -4.1 3.36e-02    -  1.00e+00 5.00e-01h  2
2042  8.3458708e-04 3.06e-04 1.04e-02  -4.1 1.85e-02    -  1.00e+00 1.00e+00h  1
2043  7.3139977e-04 1.80e-04 3.19e-03  -4.1 1.61e-02    -  1.00e+00 1.00e+00h  1
2044  7.3730539e-04 3.96e-05 1.89e-02  -4.1 1.27e-02    -  1.00e+00 1.00e+00H  1
2045  7.2450557e-04 4.72e-05 4.06e-03  -4.1 9.35e-03    -  1.00e+00 1.00e+00h  1
2046  7.2045577e-04 4.39e-05 4.66e-02  -4.1 1.36e-02    -  1.00e+00 5.00e-01h  2
2047  7.2431848e-04 1.99e-05 5.16e-03  -4.1 6.61e-03    -  1.00e+00 1.00e+00h  1
2048  7.3316684e-04 5.16e-06 2.90e-03  -4.1 3.28e-03    -  1.00e+00 1.00e+00h  1
2049  7.2156490e-04 1.51e-06 3.65e-03  -4.1 1.54e-03    -  1.00e+00 1.00e+00h  1
iter    objective    inf_pr   inf_du lg(mu)  ||d||  lg(rg) alpha_du alpha_pr  ls
2050  7.2402902e-04 1.71e-06 7.81e-03  -4.0 2.27e-03    -  1.00e+00 1.00e+00h  1
2051  7.2249768e-04 7.72e-07 1.65e-03  -4.1 1.25e-03    -  1.00e+00 1.00e+00h  1
2052  7.2198120e-04 4.18e-07 2.10e-03  -4.1 9.61e-04    -  1.00e+00 1.00e+00h  1
2053  7.2226852e-04 1.87e-07 7.36e-04  -4.0 7.27e-04    -  1.00e+00 1.00e+00h  1
2054  7.2219902e-04 2.39e-08 5.14e-04  -4.1 1.91e-04    -  1.00e+00 1.00e+00h  1
2055  7.2175524e-04 3.47e-07 9.66e-04  -6.1 6.74e-04    -  1.00e+00 1.00e+00h  1
2056  7.4308071e-04 2.05e-07 2.19e-02  -4.0 4.93e-03    -  1.00e+00 1.00e+00H  1
2057  7.3397036e-04 1.59e-05 1.77e-02  -4.1 4.19e-03    -  1.00e+00 1.00e+00h  1
2058  7.2164390e-04 5.25e-05 1.23e-02  -4.1 8.37e-03    -  1.00e+00 1.00e+00h  1
2059  7.2303654e-04 2.13e-05 1.45e-02  -4.1 4.60e-03    -  1.00e+00 1.00e+00h  1
iter    objective    inf_pr   inf_du lg(mu)  ||d||  lg(rg) alpha_du alpha_pr  ls
2060  7.2377221e-04 1.33e-05 1.13e-02  -4.1 5.38e-03    -  1.00e+00 1.00e+00H  1
2061  7.2388420e-04 1.15e-05 8.40e-02  -4.1 7.78e-03    -  1.00e+00 5.00e-01h  2
2062  7.2351991e-04 1.38e-06 1.80e-03  -4.1 3.07e-03    -  1.00e+00 1.00e+00H  1
2063  7.4558214e-04 5.87e-07 2.13e-02  -4.1 5.62e-03    -  1.00e+00 1.00e+00H  1
2064  7.2191617e-04 3.52e-06 3.32e-03  -4.1 4.15e-03    -  1.00e+00 1.00e+00H  1
2065  7.2237300e-04 7.49e-07 1.88e-03  -4.1 9.73e-04    -  1.00e+00 1.00e+00h  1
2066  7.2340837e-04 3.35e-08 5.65e-03  -4.1 1.66e-03    -  1.00e+00 1.00e+00H  1
2067  7.2183494e-04 2.78e-06 2.27e-03  -4.1 1.87e-03    -  1.00e+00 1.00e+00h  1
2068  7.2143468e-04 4.56e-06 1.85e-02  -4.1 5.77e-03    -  1.00e+00 5.00e-01h  2
2069  7.2230106e-04 2.31e-06 2.03e-03  -4.1 2.43e-03    -  1.00e+00 1.00e+00h  1
iter    objective    inf_pr   inf_du lg(mu)  ||d||  lg(rg) alpha_du alpha_pr  ls
2070  7.2344357e-04 5.15e-08 9.55e-03  -4.1 1.94e-03    -  1.00e+00 1.00e+00H  1
2071  7.2193470e-04 4.52e-07 6.74e-04  -4.1 1.56e-03    -  1.00e+00 1.00e+00H  1
2072  7.2295384e-04 3.13e-07 1.86e-03  -4.0 4.88e-04    -  1.00e+00 1.00e+00h  1
2073  7.2200752e-04 7.52e-08 5.16e-04  -4.1 2.54e-04    -  1.00e+00 1.00e+00h  1
2074  7.2198874e-04 1.37e-08 1.97e-04  -4.0 1.13e-04    -  1.00e+00 1.00e+00h  1
2075  7.2204586e-04 1.99e-08 6.28e-04  -4.0 1.63e-04    -  1.00e+00 1.00e+00h  1
2076  7.2190375e-04 2.87e-08 1.02e-03  -4.1 2.87e-04    -  1.00e+00 1.00e+00h  1
2077  7.2204200e-04 7.32e-08 6.61e-04  -4.0 3.58e-04    -  1.00e+00 1.00e+00h  1
2078  7.2198040e-04 6.07e-09 1.28e-04  -4.1 1.01e-04    -  1.00e+00 1.00e+00h  1
2079  7.2200143e-04 1.20e-09 5.25e-05  -4.0 4.30e-05    -  1.00e+00 1.00e+00h  1
iter    objective    inf_pr   inf_du lg(mu)  ||d||  lg(rg) alpha_du alpha_pr  ls
2080  7.2200077e-04 1.79e-09 2.54e-04  -4.0 5.47e-05    -  1.00e+00 1.00e+00h  1
2081  7.2887673e-04 6.22e-10 3.93e-02  -4.1 1.00e-02    -  1.00e+00 1.00e+00H  1
2082  7.2680722e-04 4.13e-10 1.61e-02  -4.1 5.14e-03    -  1.00e+00 1.00e+00H  1
2083  7.2673060e-04 1.67e-09 1.10e-01  -4.1 2.69e-02    -  1.00e+00 1.95e-03h 10
2084  7.2669883e-04 1.86e-09 1.58e-02  -4.1 1.79e-02    -  1.00e+00 9.77e-04h 11
2085  7.2828748e-04 8.20e-05 2.28e-02  -4.1 1.09e-02    -  1.00e+00 1.00e+00h  1
2086  7.2530677e-04 7.82e-05 5.20e-02  -4.1 3.68e-02    -  1.00e+00 1.25e-01h  4
2087  7.2426675e-04 1.34e-04 2.53e-02  -4.1 4.26e-02    -  1.00e+00 2.50e-01h  3
2088  7.2622379e-04 1.15e-04 2.79e-01  -4.1 5.00e-02    -  1.00e+00 1.25e-01h  4
2089  7.2796671e-04 3.94e-05 2.75e-02  -4.1 8.18e-03    -  1.00e+00 1.00e+00h  1
iter    objective    inf_pr   inf_du lg(mu)  ||d||  lg(rg) alpha_du alpha_pr  ls
2090  7.2174399e-04 2.99e-05 6.69e-03  -4.1 7.50e-03    -  1.00e+00 1.00e+00h  1
2091  7.2220623e-04 2.49e-06 7.77e-03  -4.1 2.00e-03    -  1.00e+00 1.00e+00h  1
2092  7.2422231e-04 2.55e-10 1.28e-02  -4.1 4.35e-03    -  1.00e+00 1.00e+00H  1
2093  7.2227912e-04 2.37e-06 3.01e-03  -4.1 2.34e-03    -  1.00e+00 1.00e+00h  1
2094  7.2285146e-04 2.09e-06 3.06e-03  -4.1 2.40e-03    -  1.00e+00 5.00e-01h  2
2095  7.2164019e-04 5.31e-07 4.23e-04  -4.1 8.83e-04    -  1.00e+00 1.00e+00h  1
2096  7.2163397e-04 1.11e-07 2.34e-03  -4.0 4.05e-04    -  1.00e+00 1.00e+00h  1
2097  7.2167796e-04 7.54e-08 2.97e-03  -4.0 3.52e-04    -  1.00e+00 1.00e+00h  1
2098  7.2155166e-04 6.08e-08 1.94e-03  -4.0 3.03e-04    -  1.00e+00 1.00e+00h  1
2099  7.2161784e-04 4.43e-08 3.00e-04  -4.0 2.12e-04    -  1.00e+00 1.00e+00h  1
iter    objective    inf_pr   inf_du lg(mu)  ||d||  lg(rg) alpha_du alpha_pr  ls
2100  7.2161832e-04 5.36e-09 3.51e-04  -4.0 8.47e-05    -  1.00e+00 1.00e+00h  1
2101  7.2160174e-04 2.74e-09 2.61e-04  -4.0 6.77e-05    -  1.00e+00 1.00e+00h  1
2102  7.2158370e-04 3.59e-08 8.94e-04  -4.0 2.50e-04    -  1.00e+00 1.00e+00h  1
2103  7.2195122e-04 3.46e-08 8.51e-03  -4.1 1.95e-03    -  1.00e+00 1.00e+00H  1
2104  7.2200778e-04 2.49e-08 1.08e-02  -4.1 1.59e-03    -  1.00e+00 1.00e+00H  1
2105  7.2155043e-04 3.23e-06 1.31e-03  -4.1 2.23e-03    -  1.00e+00 1.00e+00h  1
2106  7.2185999e-04 2.34e-06 1.13e-02  -4.1 2.12e-03    -  1.00e+00 5.00e-01h  2
2107  7.2143145e-04 7.14e-07 1.47e-03  -4.1 9.70e-04    -  1.00e+00 1.00e+00h  1
2108  7.2731706e-04 2.77e-07 1.50e-02  -4.0 2.47e-03    -  1.00e+00 1.00e+00H  1
2109  7.2190574e-04 5.74e-06 3.32e-03  -4.1 2.94e-03    -  1.00e+00 1.00e+00h  1
iter    objective    inf_pr   inf_du lg(mu)  ||d||  lg(rg) alpha_du alpha_pr  ls
2110  7.2310515e-04 8.84e-07 1.56e-03  -4.1 1.11e-03    -  1.00e+00 1.00e+00h  1
2111  7.2147137e-04 1.11e-07 7.00e-04  -4.1 5.08e-04    -  1.00e+00 1.00e+00h  1
2112  7.2152267e-04 7.06e-09 2.39e-04  -4.0 1.01e-04    -  1.00e+00 1.00e+00h  1
2113  7.2150643e-04 5.29e-10 5.51e-05  -4.0 2.79e-05    -  1.00e+00 1.00e+00h  1
2114  7.2150261e-04 3.36e-15 4.10e-05  -4.0 1.41e-05    -  1.00e+00 1.00e+00H  1
2115  7.2145526e-04 2.06e-08 6.71e-04  -4.0 1.78e-04    -  1.00e+00 1.00e+00h  1
2116  7.2148832e-04 5.56e-08 1.80e-03  -4.0 2.72e-04    -  1.00e+00 1.00e+00h  1
2117  7.2186755e-04 1.61e-11 1.55e-03  -4.1 2.66e-04    -  1.00e+00 1.00e+00H  1
2118  7.2146782e-04 2.74e-11 2.75e-04  -4.1 3.17e-04    -  1.00e+00 1.00e+00H  1
2119  7.2148672e-04 1.04e-09 2.24e-04  -4.0 3.61e-05    -  1.00e+00 1.00e+00h  1
iter    objective    inf_pr   inf_du lg(mu)  ||d||  lg(rg) alpha_du alpha_pr  ls
2120  7.2147007e-04 2.15e-09 2.36e-04  -4.1 7.89e-05    -  1.00e+00 1.00e+00h  1
2121  7.2140785e-04 5.12e-07 5.84e-01  -6.1 3.12e-03    -  1.00e+00 2.50e-01h  3
2122  7.2123488e-04 2.46e-07 1.33e-03  -6.1 8.46e-04    -  1.00e+00 1.00e+00h  1
2123  7.2347829e-04 1.09e-05 8.59e-03  -4.0 3.94e-03    -  1.00e+00 1.00e+00h  1
2124  7.2334898e-04 7.12e-06 8.78e-03  -4.1 3.16e-03    -  1.00e+00 1.00e+00h  1
2125  7.2157374e-04 2.22e-06 3.22e-03  -4.1 2.84e-03    -  1.00e+00 1.00e+00h  1
2126  7.2137189e-04 8.23e-08 8.85e-04  -4.1 3.50e-04    -  1.00e+00 1.00e+00h  1
2127  7.2146898e-04 4.71e-08 4.70e-04  -4.0 2.65e-04    -  1.00e+00 1.00e+00h  1
2128  7.2141808e-04 3.99e-09 6.17e-05  -4.1 7.29e-05    -  1.00e+00 1.00e+00h  1
2129  7.2144901e-04 1.56e-09 9.98e-05  -4.0 5.41e-05    -  1.00e+00 1.00e+00h  1
iter    objective    inf_pr   inf_du lg(mu)  ||d||  lg(rg) alpha_du alpha_pr  ls
2130  7.2144359e-04 6.21e-10 1.38e-04  -4.0 2.84e-05    -  1.00e+00 1.00e+00h  1
2131  7.2353777e-04 8.93e-11 1.02e-02  -4.1 2.74e-03    -  1.00e+00 1.00e+00H  1
2132  7.2352070e-04 2.51e-10 1.03e-02  -4.1 1.10e-02    -  1.00e+00 1.95e-03h 10
2133  7.2345404e-04 4.15e-10 1.03e-02  -4.1 1.16e-02    -  1.00e+00 1.95e-03h 10
2134  7.2274520e-04 5.38e-06 2.77e-02  -4.1 5.35e-03    -  1.00e+00 5.00e-01h  2
2135  7.2203778e-04 3.83e-06 6.88e-03  -4.1 3.40e-03    -  1.00e+00 2.50e-01h  3
2136  7.2312673e-04 4.43e-06 6.71e-03  -4.1 2.01e-03    -  1.00e+00 1.00e+00h  1
2137  7.2471130e-04 1.62e-05 1.25e-02  -4.1 5.33e-03    -  1.00e+00 1.00e+00h  1
2138  7.2398444e-04 3.71e-05 9.17e-03  -4.1 7.75e-03    -  1.00e+00 1.00e+00h  1
2139  7.2343556e-04 3.65e-05 4.75e-01  -4.1 4.61e-02    -  1.00e+00 3.12e-02h  6
iter    objective    inf_pr   inf_du lg(mu)  ||d||  lg(rg) alpha_du alpha_pr  ls
2140  7.2359155e-04 1.84e-05 1.84e-02  -4.1 2.50e-03    -  1.00e+00 5.00e-01h  2
2141  7.2226910e-04 1.50e-05 7.45e-02  -4.1 5.61e-03    -  1.00e+00 2.50e-01h  3
2142  7.2244101e-04 1.48e-05 7.00e-02  -4.1 2.05e-02    -  1.00e+00 3.12e-02h  6
2143  7.2081135e-04 2.07e-06 6.27e-03  -4.1 1.82e-03    -  1.00e+00 1.00e+00h  1
2144  7.2319212e-04 1.62e-06 9.51e-02  -4.1 4.84e-03    -  1.00e+00 2.50e-01h  3
2145  7.2101415e-04 6.67e-07 1.94e-03  -4.1 1.10e-03    -  1.00e+00 1.00e+00h  1
2146  7.2391586e-04 2.94e-06 7.41e-02  -4.0 3.93e-03    -  1.00e+00 5.00e-01h  2
2147  7.2440719e-04 2.03e-06 3.03e-03  -4.1 2.59e-03    -  1.00e+00 1.00e+00h  1
2148  8.6097583e-04 5.13e-06 4.66e-02  -4.1 7.35e-03    -  1.00e+00 1.00e+00H  1
2149  7.8655162e-04 8.97e-07 1.64e-02  -4.1 7.09e-03    -  1.00e+00 1.00e+00H  1
iter    objective    inf_pr   inf_du lg(mu)  ||d||  lg(rg) alpha_du alpha_pr  ls
2150  7.4293835e-04 1.33e-06 6.96e-01  -4.1 1.33e-02    -  8.07e-01 1.25e-01h  4
2151  7.2148827e-04 7.06e-06 8.28e-03  -4.1 2.94e-03    -  1.00e+00 1.00e+00h  1
2152  7.2143615e-04 3.69e-07 1.88e-03  -4.1 7.24e-04    -  1.00e+00 1.00e+00h  1
2153  7.2112282e-04 7.62e-07 5.70e-02  -4.1 1.29e-02    -  1.00e+00 6.25e-02h  5
2154  7.2119852e-04 8.86e-07 4.73e-02  -4.1 1.56e-02    -  1.00e+00 3.12e-02h  6
2155  7.2132139e-04 6.80e-07 1.71e-02  -4.1 1.30e-03    -  1.00e+00 2.50e-01h  3
2156  7.2093764e-04 4.70e-08 8.20e-04  -4.1 2.42e-04    -  1.00e+00 1.00e+00h  1
2157  7.2098481e-04 1.48e-08 3.36e-04  -4.0 1.60e-04    -  1.00e+00 1.00e+00h  1
2158  7.2106409e-04 1.57e-07 2.96e-03  -4.0 7.10e-04    -  1.00e+00 1.00e+00h  1
2159  7.2912176e-04 1.59e-07 1.95e-02  -4.1 5.55e-03    -  1.00e+00 1.00e+00H  1
iter    objective    inf_pr   inf_du lg(mu)  ||d||  lg(rg) alpha_du alpha_pr  ls
2160  7.2891527e-04 1.66e-07 6.60e-02  -4.1 1.35e-02    -  1.00e+00 1.56e-02h  7
2161  7.2842146e-04 1.61e-07 4.62e-01  -4.1 1.14e-01    -  1.00e+00 9.77e-04h 11
2162  7.2818683e-04 1.63e-07 2.04e-02  -4.1 1.65e-02    -  1.00e+00 3.91e-03h  9
2163  7.2755571e-04 1.43e-07 1.43e-01  -4.1 2.51e-02    -  1.00e+00 7.81e-03h  8
2164  7.2075719e-04 1.13e-06 5.15e-03  -4.1 1.78e-03    -  1.00e+00 1.00e+00h  1
2165  7.5007742e-04 6.18e-08 1.01e-01  -4.1 1.82e-02    -  1.00e+00 1.00e+00H  1
2166  7.4775606e-04 1.31e-07 1.60e-01  -4.1 4.02e-02    -  1.00e+00 1.56e-02h  7
2167  7.4609168e-04 1.26e-07 9.80e-01  -4.1 3.64e-01    -  1.00e+00 9.77e-04h 11
2168  7.4268439e-04 2.05e-04 2.75e-02  -4.1 2.06e-02    -  1.00e+00 1.00e+00h  1
2169  7.5392105e-04 1.94e-04 9.59e-01  -4.1 7.97e-02    -  8.79e-01 6.25e-02h  5
iter    objective    inf_pr   inf_du lg(mu)  ||d||  lg(rg) alpha_du alpha_pr  ls
2170  7.2922029e-04 9.77e-05 2.58e-01  -4.1 2.06e-03    -  1.00e+00 5.00e-01h  2
2171  7.2095882e-04 5.04e-05 7.86e-03  -4.1 4.73e-03    -  1.00e+00 5.00e-01h  2
2172  7.1995635e-04 4.89e-05 6.93e-02  -4.1 2.79e-02    -  1.00e+00 1.25e-01h  4
2173  7.2002198e-04 4.84e-05 9.26e-02  -4.1 4.63e-02    -  1.00e+00 3.12e-02h  6
2174  7.2716170e-04 4.02e-05 2.60e-02  -4.1 1.43e-02    -  1.00e+00 2.50e-01h  3
2175  7.1870935e-04 1.23e-05 8.89e-03  -4.1 4.58e-03    -  1.00e+00 1.00e+00h  1
2176  7.2875435e-04 2.10e-05 5.31e-02  -4.0 1.34e-02    -  1.00e+00 5.00e-01h  2
2177  7.2449467e-04 1.42e-04 4.60e-02  -4.1 2.21e-02    -  1.00e+00 1.00e+00h  1
2178  7.2618578e-04 1.42e-04 4.83e-01  -4.1 3.55e-01    -  1.00e+00 3.91e-03h  9
2179  7.2629952e-04 2.45e-05 1.46e-02  -4.1 6.55e-03    -  1.00e+00 1.00e+00h  1
iter    objective    inf_pr   inf_du lg(mu)  ||d||  lg(rg) alpha_du alpha_pr  ls
2180  7.2490897e-04 2.70e-05 2.09e-01  -4.1 5.08e-02    -  1.00e+00 6.25e-02h  5
2181  7.2561136e-04 6.19e-05 3.39e-01  -4.1 1.27e-01    -  1.00e+00 6.25e-02h  5
2182  7.2237977e-04 8.91e-05 2.05e-02  -4.1 1.17e-01    -  1.00e+00 1.25e-01h  4
2183  7.2309958e-04 9.24e-05 5.95e-01  -4.1 2.51e-01    -  9.42e-01 3.12e-02h  6
2184  7.5935178e-04 3.17e-04 5.20e-02  -4.1 4.78e-02    -  1.00e+00 5.00e-01h  2
2185  7.4822054e-04 2.74e-04 6.49e-02  -4.1 5.47e-02    -  1.00e+00 1.25e-01h  4
2186  7.3356931e-04 2.90e-04 1.96e-01  -4.1 1.70e-01    -  1.00e+00 2.50e-01h  3
2187  7.3514287e-04 2.71e-04 3.60e-01  -4.1 1.32e-01    -  1.00e+00 6.25e-02h  5
2188  7.3836222e-04 2.63e-04 3.96e-01  -4.1 1.22e-01    -  1.00e+00 6.25e-02h  5
2189  7.3306418e-04 2.58e-04 2.33e-01  -4.1 1.03e-01    -  1.00e+00 6.25e-02h  5
iter    objective    inf_pr   inf_du lg(mu)  ||d||  lg(rg) alpha_du alpha_pr  ls
2190  7.2522352e-04 2.46e-04 1.25e-01  -4.1 1.54e-01    -  1.00e+00 6.25e-02h  5
2191  7.1921263e-04 3.11e-04 2.34e-01  -4.1 8.62e-02    -  1.00e+00 2.50e-01h  3
2192  7.3642003e-04 2.90e-04 2.56e-01  -4.1 1.02e-01    -  1.00e+00 6.25e-02h  5
2193  7.1754855e-04 1.25e-04 1.02e-02  -4.1 1.41e-02    -  1.00e+00 1.00e+00h  1
2194  7.1554757e-04 1.13e-04 1.57e-01  -4.1 5.86e-02    -  1.00e+00 1.25e-01h  4
2195  7.1510043e-04 1.13e-04 3.16e-02  -4.1 3.32e-01    -  1.00e+00 3.91e-03h  9
2196  7.2027634e-04 5.31e-05 1.21e-01  -4.1 1.07e-02    -  1.00e+00 5.00e-01h  2
2197  7.1386935e-04 2.72e-05 6.63e-03  -4.1 6.68e-03    -  1.00e+00 1.00e+00h  1
2198  8.1539170e-04 1.37e-05 7.76e-02  -4.0 1.60e-02    -  1.00e+00 1.00e+00H  1
2199  7.4403538e-04 1.55e-04 6.90e-02  -4.1 2.94e-02    -  1.00e+00 5.00e-01h  2
iter    objective    inf_pr   inf_du lg(mu)  ||d||  lg(rg) alpha_du alpha_pr  ls
2200  7.2447471e-04 1.62e-04 7.69e-01  -4.1 1.02e-01    -  1.00e+00 6.25e-02h  5
2201  7.7707683e-04 1.40e-04 4.43e-01  -4.1 7.67e-02    -  1.00e+00 5.00e-01h  2
2202  7.8534846e-04 3.90e-05 1.96e-02  -4.1 8.36e-03    -  1.00e+00 1.00e+00h  1
2203  7.3022626e-04 1.80e-04 1.28e-02  -4.1 3.22e-02    -  1.00e+00 1.00e+00h  1
2204  7.4842298e-04 1.72e-04 1.42e-01  -4.1 1.03e-01    -  1.00e+00 6.25e-02h  5
2205  7.1442803e-04 4.76e-05 4.08e-03  -4.1 1.89e-02    -  1.00e+00 1.00e+00h  1
2206  7.2656254e-04 4.28e-05 6.37e-02  -4.1 1.01e-02    -  1.00e+00 5.00e-01h  2
2207  7.6334445e-04 3.17e-05 1.48e-02  -4.1 1.09e-02    -  1.00e+00 1.00e+00h  1
2208  7.3642444e-04 3.99e-05 2.27e-02  -4.1 1.04e-02    -  1.00e+00 5.00e-01h  2
2209  7.1505569e-04 3.00e-05 5.92e-03  -4.1 6.45e-03    -  1.00e+00 1.00e+00h  1
iter    objective    inf_pr   inf_du lg(mu)  ||d||  lg(rg) alpha_du alpha_pr  ls
2210  7.4638341e-04 1.48e-05 4.82e-01  -4.0 1.21e-02    -  1.00e+00 4.97e-01H  1
2211  7.2253826e-04 6.31e-06 1.50e-02  -4.1 3.32e-03    -  1.00e+00 1.00e+00h  1
2212  7.1616078e-04 2.12e-05 3.63e-03  -4.1 5.61e-03    -  1.00e+00 1.00e+00h  1
2213  7.1353239e-04 1.73e-06 5.75e-03  -4.0 2.65e-03    -  1.00e+00 1.00e+00h  1
2214  7.2057771e-04 5.28e-07 1.14e-02  -4.0 2.42e-03    -  1.00e+00 1.00e+00H  1
2215  7.1350962e-04 1.94e-06 2.09e-03  -4.0 1.82e-03    -  1.00e+00 1.00e+00h  1
2216  7.1330833e-04 1.19e-07 1.72e-03  -4.0 4.21e-04    -  1.00e+00 1.00e+00h  1
2217  7.1329649e-04 2.36e-08 3.96e-04  -4.0 1.88e-04    -  1.00e+00 1.00e+00h  1
2218  7.1328683e-04 3.44e-09 2.59e-04  -4.0 6.96e-05    -  1.00e+00 1.00e+00h  1
2219  7.1317714e-04 6.24e-07 3.03e-03  -4.0 7.11e-04    -  1.00e+00 1.00e+00h  1
iter    objective    inf_pr   inf_du lg(mu)  ||d||  lg(rg) alpha_du alpha_pr  ls
2220  7.1334113e-04 1.49e-06 7.46e-03  -4.0 4.64e-03    -  1.00e+00 2.50e-01h  3
2221  7.1285230e-04 3.46e-07 5.60e-03  -4.1 6.68e-04    -  1.00e+00 1.00e+00h  1
2222  7.1375029e-04 3.57e-07 3.78e-03  -4.0 6.44e-04    -  1.00e+00 1.00e+00h  1
2223  7.1279114e-04 1.82e-07 1.44e-03  -4.1 4.94e-04    -  1.00e+00 1.00e+00h  1
2224  7.1273747e-04 1.31e-08 1.22e-03  -4.0 1.02e-04    -  1.00e+00 1.00e+00h  1
2225  7.1270065e-04 2.26e-08 6.13e-04  -4.0 2.17e-04    -  1.00e+00 1.00e+00h  1
2226  7.1905044e-04 2.84e-09 6.01e-02  -4.0 1.30e-02    -  1.00e+00 1.00e+00H  1
2227  7.1826046e-04 1.65e-06 1.67e-01  -4.1 2.70e-02    -  1.00e+00 6.25e-02h  5
2228  7.2070646e-04 1.09e-04 9.35e-03  -4.1 1.32e-02    -  1.00e+00 1.00e+00h  1
2229  7.2588647e-04 1.63e-04 2.80e-01  -4.1 4.60e-02    -  1.00e+00 2.50e-01h  3
iter    objective    inf_pr   inf_du lg(mu)  ||d||  lg(rg) alpha_du alpha_pr  ls
2230  7.1992906e-04 1.33e-04 5.20e-02  -4.1 1.93e-02    -  1.00e+00 2.50e-01h  3
2231  7.2012296e-04 1.59e-04 8.00e-03  -4.1 3.90e-02    -  1.00e+00 2.50e-01h  3
2232  7.2409618e-04 1.97e-04 1.34e-01  -4.1 4.93e-02    -  1.00e+00 2.50e-01h  3
2233  7.2355219e-04 1.67e-04 1.23e-01  -4.1 3.65e-02    -  1.00e+00 2.50e-01h  3
2234  7.2562569e-04 1.25e-04 1.24e-01  -4.1 2.23e-02    -  1.00e+00 2.50e-01h  3
2235  7.1224025e-04 7.25e-05 1.03e-02  -4.1 1.63e-02    -  1.00e+00 1.00e+00h  1
2236  7.1780061e-04 5.07e-05 1.84e-01  -4.0 1.59e-02    -  1.00e+00 2.50e-01h  3
2237  7.1247247e-04 3.47e-06 8.28e-03  -4.1 1.64e-03    -  1.00e+00 1.00e+00h  1
2238  7.1247592e-04 1.19e-07 4.71e-03  -4.0 1.39e-03    -  1.00e+00 1.00e+00H  1
2239  7.1220106e-04 3.78e-07 4.66e-03  -4.0 6.99e-04    -  1.00e+00 1.00e+00h  1
iter    objective    inf_pr   inf_du lg(mu)  ||d||  lg(rg) alpha_du alpha_pr  ls
2240  7.1215752e-04 7.14e-08 1.09e-03  -4.0 3.87e-04    -  1.00e+00 1.00e+00h  1
2241  7.1198182e-04 1.19e-07 1.37e-03  -4.0 3.66e-04    -  1.00e+00 1.00e+00h  1
2242  7.1210524e-04 4.62e-08 5.76e-04  -4.0 2.38e-04    -  1.00e+00 1.00e+00h  1
2243  7.1206838e-04 2.59e-09 2.69e-04  -4.0 5.52e-05    -  1.00e+00 1.00e+00h  1
2244  7.1206491e-04 1.70e-10 1.19e-04  -4.0 1.40e-05    -  1.00e+00 1.00e+00h  1
2245  7.1206665e-04 2.81e-09 2.70e-04  -4.0 6.51e-05    -  1.00e+00 1.00e+00h  1
2246  7.1216027e-04 1.66e-10 3.81e-03  -4.1 9.55e-04    -  1.00e+00 1.00e+00H  1
2247  7.1202476e-04 2.46e-07 1.21e-03  -4.1 5.34e-04    -  1.00e+00 1.00e+00h  1
2248  7.1201555e-04 1.45e-08 4.20e-04  -4.1 1.43e-04    -  1.00e+00 1.00e+00h  1
2249  7.1207980e-04 2.10e-08 7.01e-04  -4.0 2.18e-04    -  1.00e+00 1.00e+00h  1
iter    objective    inf_pr   inf_du lg(mu)  ||d||  lg(rg) alpha_du alpha_pr  ls
2250  7.1201494e-04 3.23e-08 1.35e-03  -4.1 2.12e-04    -  1.00e+00 1.00e+00h  1
2251  7.1200068e-04 2.09e-08 6.31e-04  -4.1 1.91e-04    -  1.00e+00 5.00e-01h  2
2252  7.1205353e-04 2.63e-09 2.69e-04  -4.0 7.35e-05    -  1.00e+00 1.00e+00h  1
2253  7.1203400e-04 1.71e-09 1.75e-04  -4.0 5.08e-05    -  1.00e+00 1.00e+00h  1
2254  7.1202811e-04 4.58e-10 7.22e-05  -4.0 2.36e-05    -  1.00e+00 1.00e+00h  1
2255  7.1201801e-04 1.52e-11 9.14e-04  -4.0 2.30e-04    -  1.00e+00 1.00e+00H  1
2256  7.1218397e-04 5.54e-07 5.95e-03  -4.0 1.21e-03    -  1.00e+00 1.00e+00h  1
2257  7.1814546e-04 5.33e-07 1.23e-02  -4.1 2.79e-03    -  1.00e+00 1.00e+00H  1
2258  7.1208040e-04 3.74e-06 2.77e-03  -4.1 2.19e-03    -  1.00e+00 1.00e+00h  1
2259  7.2909046e-04 6.28e-08 9.52e-03  -4.1 2.66e-03    -  1.00e+00 1.00e+00H  1
iter    objective    inf_pr   inf_du lg(mu)  ||d||  lg(rg) alpha_du alpha_pr  ls
2260  7.1191104e-04 8.60e-08 1.59e-03  -4.1 2.25e-03    -  1.00e+00 1.00e+00H  1
2261  7.1210187e-04 5.69e-07 5.37e-03  -4.0 1.22e-03    -  1.00e+00 1.00e+00h  1
2262  7.1318802e-04 3.52e-07 2.27e-02  -4.1 5.08e-03    -  1.00e+00 1.00e+00H  1
2263  7.1298333e-04 2.72e-07 2.69e-02  -4.1 1.92e-02    -  1.00e+00 6.25e-02h  5
2264  7.1246119e-04 8.37e-07 9.70e-02  -4.1 3.06e-02    -  1.00e+00 3.12e-02h  6
2265  7.1232713e-04 8.36e-07 2.49e-02  -4.1 1.02e-02    -  1.00e+00 1.56e-02h  7
2266  7.1398153e-04 2.69e-05 1.64e-01  -4.1 3.36e-02    -  1.00e+00 2.50e-01h  3
2267  7.1408182e-04 2.67e-05 7.29e-02  -4.1 4.96e-02    -  1.00e+00 3.12e-02h  6
2268  7.1410982e-04 2.38e-05 1.47e-02  -4.1 1.00e-02    -  1.00e+00 1.25e-01h  4
2269  7.1091945e-04 8.29e-06 6.40e-03  -4.1 4.86e-03    -  1.00e+00 1.00e+00h  1
iter    objective    inf_pr   inf_du lg(mu)  ||d||  lg(rg) alpha_du alpha_pr  ls
2270  7.1122244e-04 8.67e-06 1.23e-01  -4.0 2.52e-02    -  1.00e+00 6.25e-02h  5
2271  7.1139667e-04 9.23e-06 1.88e-01  -4.1 4.90e-02    -  1.00e+00 3.12e-02h  6
2272  7.1268168e-04 2.21e-05 4.91e-02  -4.1 2.67e-02    -  1.00e+00 2.50e-01h  3
2273  7.1304614e-04 2.12e-05 6.95e-02  -4.1 1.82e-02    -  1.00e+00 6.25e-02h  5
2274  7.1178497e-04 2.25e-06 3.12e-03  -4.1 4.49e-03    -  1.00e+00 1.00e+00h  1
2275  7.2112124e-04 2.85e-07 1.97e-02  -4.0 3.80e-03    -  1.00e+00 1.00e+00H  1
2276  7.1249191e-04 1.16e-05 6.96e-03  -4.1 5.93e-03    -  1.00e+00 1.00e+00h  1
2277  7.1464409e-04 1.13e-05 1.72e-01  -4.1 3.71e-02    -  1.00e+00 1.25e-01h  4
2278  7.1494921e-04 1.86e-06 2.23e-03  -4.1 2.58e-03    -  1.00e+00 1.00e+00h  1
2279  7.1982987e-04 1.66e-07 8.54e-03  -4.1 5.86e-03    -  1.00e+00 1.00e+00H  1
iter    objective    inf_pr   inf_du lg(mu)  ||d||  lg(rg) alpha_du alpha_pr  ls
2280  7.1134501e-04 3.92e-06 1.77e-03  -4.1 5.01e-03    -  1.00e+00 1.00e+00h  1
2281  7.3593293e-04 1.02e-05 3.59e-02  -4.0 4.84e-03    -  1.00e+00 1.00e+00H  1
2282  7.1358617e-04 8.08e-06 8.60e-03  -4.1 6.45e-03    -  1.00e+00 1.00e+00h  1
2283  7.1944229e-04 1.94e-05 1.47e-02  -4.1 4.81e-03    -  1.00e+00 1.00e+00h  1
2284  7.1161822e-04 9.24e-06 2.41e-03  -4.1 3.79e-03    -  1.00e+00 1.00e+00h  1
2285  7.1160059e-04 2.78e-08 3.13e-04  -4.0 3.07e-04    -  1.00e+00 1.00e+00h  1
2286  7.1160575e-04 4.55e-11 1.03e-03  -4.0 1.98e-04    -  1.00e+00 1.00e+00H  1
2287  7.1149688e-04 1.44e-08 9.88e-04  -4.0 3.33e-04    -  1.00e+00 1.00e+00h  1
2288  7.1159188e-04 2.14e-08 9.13e-04  -4.0 1.85e-04    -  1.00e+00 1.00e+00h  1
2289  7.1148177e-04 1.90e-08 1.04e-03  -4.1 1.69e-04    -  1.00e+00 1.00e+00h  1
iter    objective    inf_pr   inf_du lg(mu)  ||d||  lg(rg) alpha_du alpha_pr  ls
2290  7.1143990e-04 1.42e-10 1.36e-03  -4.0 4.18e-04    -  1.00e+00 1.00e+00H  1
2291  7.1253499e-04 4.43e-11 1.95e-02  -4.0 4.25e-03    -  1.00e+00 1.00e+00H  1
2292  7.1133208e-04 1.36e-07 1.32e-01  -4.1 1.70e-03    -  1.00e+00 2.50e-01h  3
2293  7.1142116e-04 2.56e-06 4.63e-03  -4.1 2.08e-03    -  1.00e+00 1.00e+00h  1
2294  7.1196685e-04 3.06e-08 1.17e-02  -4.1 3.47e-03    -  1.00e+00 1.00e+00H  1
2295  7.1171408e-04 2.21e-07 1.02e-02  -4.1 4.46e-03    -  1.00e+00 1.25e-01h  4
2296  7.1152767e-04 8.89e-08 7.83e-03  -4.1 4.45e-03    -  1.00e+00 1.00e+00H  1
2297  7.1036114e-04 4.48e-06 1.40e-02  -4.1 1.10e-02    -  1.00e+00 2.50e-01h  3
2298  7.1141454e-04 5.78e-06 1.42e-03  -4.0 2.82e-03    -  1.00e+00 1.00e+00h  1
2299  7.1129295e-04 3.03e-08 8.69e-04  -4.1 2.07e-04    -  1.00e+00 1.00e+00h  1
iter    objective    inf_pr   inf_du lg(mu)  ||d||  lg(rg) alpha_du alpha_pr  ls
2300  7.1132661e-04 5.24e-09 4.88e-04  -4.0 1.58e-04    -  1.00e+00 1.00e+00h  1
2301  7.1161928e-04 8.31e-10 2.49e-03  -4.0 5.76e-04    -  1.00e+00 1.00e+00H  1
2302  7.1129907e-04 1.70e-07 4.94e-04  -4.1 4.95e-04    -  1.00e+00 1.00e+00h  1
2303  7.1123102e-04 1.08e-07 8.44e-04  -6.1 3.60e-04    -  1.00e+00 1.00e+00h  1
2304  7.1392835e-04 1.08e-05 2.00e-02  -4.0 3.90e-03    -  1.00e+00 1.00e+00h  1
2305  7.1179302e-04 4.22e-06 3.71e-03  -4.1 2.48e-03    -  1.00e+00 1.00e+00h  1
2306  7.1127272e-04 8.32e-07 4.10e-04  -4.1 1.09e-03    -  1.00e+00 1.00e+00h  1
2307  7.1106472e-04 5.38e-08 5.90e-04  -6.1 2.81e-04    -  1.00e+00 1.00e+00h  1
2308  7.2207847e-04 3.83e-05 4.85e-01  -4.0 1.53e-02    -  1.00e+00 5.00e-01h  2
2309  7.1349763e-04 1.81e-05 4.73e-03  -4.1 5.40e-03    -  1.00e+00 1.00e+00h  1
iter    objective    inf_pr   inf_du lg(mu)  ||d||  lg(rg) alpha_du alpha_pr  ls
2310  7.2986721e-04 1.00e-05 2.02e-02  -4.1 5.80e-03    -  1.00e+00 1.00e+00H  1
2311  7.1108895e-04 5.06e-06 1.78e-03  -4.1 3.69e-03    -  1.00e+00 1.00e+00H  1
2312  7.1150026e-04 2.63e-07 1.01e-03  -4.1 6.82e-04    -  1.00e+00 1.00e+00h  1
2313  7.1128617e-04 2.64e-08 1.61e-04  -4.1 2.31e-04    -  1.00e+00 1.00e+00h  1
2314  7.1132631e-04 2.42e-09 7.49e-05  -4.0 5.84e-05    -  1.00e+00 1.00e+00h  1
2315  7.1131971e-04 4.35e-11 2.99e-05  -4.0 9.99e-06    -  1.00e+00 1.00e+00h  1
2316  7.1130686e-04 1.10e-09 1.35e-04  -4.0 3.66e-05    -  1.00e+00 1.00e+00h  1
2317  7.1131802e-04 1.44e-11 5.42e-04  -4.0 1.28e-04    -  1.00e+00 1.00e+00H  1
2318  7.1120362e-04 8.06e-08 1.28e-03  -4.1 2.77e-04    -  1.00e+00 1.00e+00h  1
2319  7.1130311e-04 1.63e-12 2.60e-03  -4.1 3.95e-04    -  1.00e+00 1.00e+00H  1
iter    objective    inf_pr   inf_du lg(mu)  ||d||  lg(rg) alpha_du alpha_pr  ls
2320  7.1130463e-04 9.89e-08 4.37e-04  -4.1 3.84e-04    -  1.00e+00 1.00e+00h  1
2321  7.1152724e-04 8.93e-08 1.22e-03  -6.1 3.49e-04    -  1.00e+00 1.00e+00h  1
2322  7.1098501e-04 1.11e-07 1.52e-03  -6.1 3.19e-04    -  1.00e+00 1.00e+00h  1
2323  7.1425646e-04 6.35e-06 1.67e-02  -4.0 3.03e-03    -  1.00e+00 1.00e+00h  1
2324  7.1179259e-04 2.73e-06 2.71e-03  -4.1 2.03e-03    -  1.00e+00 1.00e+00h  1
2325  7.1124023e-04 7.69e-07 2.85e-03  -4.1 8.67e-04    -  1.00e+00 1.00e+00h  1
2326  7.1118558e-04 2.58e-07 1.33e-03  -4.1 6.30e-04    -  1.00e+00 1.00e+00h  1
2327  7.1123526e-04 1.59e-08 2.45e-04  -4.1 1.33e-04    -  1.00e+00 1.00e+00h  1
2328  7.1128529e-04 1.04e-08 2.63e-04  -4.0 7.94e-05    -  1.00e+00 1.00e+00h  1
2329  7.1130476e-04 4.27e-09 3.43e-04  -4.0 8.00e-05    -  1.00e+00 1.00e+00h  1
iter    objective    inf_pr   inf_du lg(mu)  ||d||  lg(rg) alpha_du alpha_pr  ls
2330  7.1123261e-04 4.51e-09 3.72e-04  -4.1 7.79e-05    -  1.00e+00 1.00e+00h  1
2331  7.1126906e-04 1.96e-09 4.27e-05  -4.0 4.31e-05    -  1.00e+00 1.00e+00h  1
2332  7.1126460e-04 5.32e-11 4.28e-05  -4.0 1.12e-05    -  1.00e+00 1.00e+00h  1
2333  7.1146026e-04 8.33e-12 3.80e-03  -4.0 9.26e-04    -  1.00e+00 1.00e+00H  1
2334  7.1115262e-04 1.09e-07 3.22e-03  -4.1 3.03e-04    -  1.00e+00 1.00e+00h  1
2335  7.1114308e-04 1.26e-08 9.80e-04  -4.1 2.07e-04    -  1.00e+00 1.00e+00h  1
2336  7.1120151e-04 1.15e-10 6.41e-04  -4.1 2.07e-04    -  1.00e+00 1.00e+00H  1
2337  7.1117437e-04 1.58e-08 6.61e-04  -4.0 1.87e-04    -  1.00e+00 1.00e+00h  1
2338  7.1112314e-04 2.39e-10 1.90e-03  -4.1 6.42e-04    -  1.00e+00 1.00e+00H  1
2339  7.1160613e-04 1.13e-06 1.25e-01  -4.0 2.91e-02    -  1.00e+00 6.25e-02h  5
iter    objective    inf_pr   inf_du lg(mu)  ||d||  lg(rg) alpha_du alpha_pr  ls
2340  7.1224993e-04 6.42e-07 1.17e-02  -4.1 1.44e-03    -  1.00e+00 1.00e+00h  1
2341  7.1145581e-04 4.52e-06 8.32e-03  -4.1 2.90e-03    -  1.00e+00 1.00e+00h  1
2342  7.1166203e-04 3.38e-06 6.82e-03  -4.1 1.26e-03    -  1.00e+00 2.50e-01h  3
2343  7.1116941e-04 3.00e-06 2.72e-03  -4.1 2.27e-03    -  1.00e+00 1.00e+00h  1
2344  7.1132911e-04 1.51e-06 4.81e-03  -4.1 1.95e-03    -  1.00e+00 5.00e-01h  2
2345  7.1101868e-04 1.22e-06 5.47e-03  -4.1 1.21e-03    -  1.00e+00 1.00e+00h  1
2346  7.1117034e-04 2.08e-06 3.18e-03  -4.1 2.04e-03    -  1.00e+00 1.00e+00h  1
2347  7.1537079e-04 8.79e-08 1.05e-02  -4.1 2.60e-03    -  1.00e+00 1.00e+00H  1
2348  7.1102135e-04 1.87e-06 2.28e-03  -4.1 1.70e-03    -  1.00e+00 1.00e+00h  1
2349  7.1404892e-04 8.56e-08 7.09e-03  -4.1 2.25e-03    -  1.00e+00 1.00e+00H  1
iter    objective    inf_pr   inf_du lg(mu)  ||d||  lg(rg) alpha_du alpha_pr  ls
2350  7.1113056e-04 1.68e-06 1.43e-03  -4.1 1.44e-03    -  1.00e+00 1.00e+00h  1
2351  7.1133990e-04 1.71e-06 5.71e-03  -4.1 1.59e-03    -  1.00e+00 1.00e+00h  1
2352  7.1095375e-04 9.56e-07 4.74e-04  -4.1 1.20e-03    -  1.00e+00 1.00e+00h  1
2353  7.1102195e-04 6.00e-09 2.83e-04  -4.0 7.99e-05    -  1.00e+00 1.00e+00h  1
2354  7.1100316e-04 5.09e-10 8.13e-05  -4.0 2.50e-05    -  1.00e+00 1.00e+00h  1
2355  7.1100172e-04 4.91e-10 6.64e-05  -4.0 3.03e-05    -  1.00e+00 1.00e+00h  1
2356  7.1099239e-04 6.87e-09 3.35e-04  -4.0 8.54e-05    -  1.00e+00 1.00e+00h  1
2357  7.1156830e-04 1.71e-09 5.21e-03  -4.0 1.26e-03    -  1.00e+00 1.00e+00H  1
2358  7.1197827e-04 1.12e-10 3.11e-03  -4.1 9.53e-04    -  1.00e+00 1.00e+00H  1
2359  7.1110657e-04 1.15e-06 2.73e-03  -4.1 1.13e-03    -  1.00e+00 1.00e+00h  1
iter    objective    inf_pr   inf_du lg(mu)  ||d||  lg(rg) alpha_du alpha_pr  ls
2360  7.1094478e-04 1.29e-07 5.27e-04  -4.1 6.39e-04    -  1.00e+00 1.00e+00h  1
2361  7.1100100e-04 4.92e-09 5.30e-04  -4.0 8.51e-05    -  1.00e+00 1.00e+00h  1
2362  7.1095104e-04 3.56e-09 9.44e-05  -4.1 5.84e-05    -  1.00e+00 1.00e+00h  1
2363  7.1096409e-04 1.72e-13 1.16e-04  -4.0 3.28e-05    -  1.00e+00 1.00e+00H  1
2364  7.1096660e-04 1.69e-08 8.11e-04  -4.0 1.94e-04    -  1.00e+00 1.00e+00h  1
2365  7.1526046e-04 1.49e-08 1.07e-02  -4.1 3.46e-03    -  1.00e+00 1.00e+00H  1
2366  7.1163481e-04 1.25e-06 6.11e-03  -4.1 1.84e-03    -  1.00e+00 1.00e+00h  1
2367  7.1660653e-04 4.96e-09 1.25e-02  -4.1 3.50e-03    -  1.00e+00 1.00e+00H  1
2368  7.1582110e-04 1.44e-08 1.18e-02  -4.1 2.08e-03    -  1.00e+00 1.00e+00H  1
2369  7.1090604e-04 4.50e-06 3.31e-03  -4.1 3.21e-03    -  1.00e+00 1.00e+00h  1
iter    objective    inf_pr   inf_du lg(mu)  ||d||  lg(rg) alpha_du alpha_pr  ls
2370  7.1124885e-04 2.27e-06 3.14e-02  -4.1 1.94e-03    -  1.00e+00 5.00e-01h  2
2371  7.1084921e-04 4.94e-07 2.07e-04  -4.1 9.14e-04    -  1.00e+00 1.00e+00h  1
2372  7.1087963e-04 2.06e-09 1.88e-04  -4.0 6.03e-05    -  1.00e+00 1.00e+00h  1
2373  7.1085086e-04 8.98e-09 3.82e-04  -4.0 1.09e-04    -  1.00e+00 1.00e+00h  1
2374  7.1086142e-04 3.30e-09 1.69e-04  -4.0 8.45e-05    -  1.00e+00 1.00e+00h  1
2375  7.1083648e-04 1.34e-08 4.65e-04  -4.1 1.75e-04    -  1.00e+00 1.00e+00h  1
2376  7.1139557e-04 4.61e-09 3.50e-03  -4.0 7.07e-04    -  1.00e+00 1.00e+00H  1
2377  7.1072212e-04 6.44e-08 2.47e-03  -4.1 2.99e-04    -  1.00e+00 1.00e+00h  1
2378  7.1085290e-04 2.59e-08 2.32e-04  -4.0 1.91e-04    -  1.00e+00 1.00e+00h  1
2379  7.1078651e-04 6.84e-11 8.26e-04  -4.1 3.05e-04    -  1.00e+00 1.00e+00H  1
iter    objective    inf_pr   inf_du lg(mu)  ||d||  lg(rg) alpha_du alpha_pr  ls
2380  7.1083355e-04 3.64e-08 8.25e-04  -4.0 3.03e-04    -  1.00e+00 1.00e+00h  1
2381  7.1079338e-04 8.19e-09 2.48e-04  -4.1 1.41e-04    -  1.00e+00 1.00e+00h  1
2382  7.1127731e-04 2.01e-10 9.88e-04  -6.1 1.40e-03    -  1.00e+00 1.00e+00H  1
2383  7.1124419e-04 3.30e-09 9.37e-03  -6.1 1.30e-02    -  1.00e+00 7.81e-03h  8
2384  7.1121791e-04 4.30e-09 9.25e-03  -6.1 3.16e-02    -  1.00e+00 1.95e-03h 10
2385  7.0600127e-04 7.15e-05 9.26e-04  -6.1 1.11e-02    -  1.00e+00 1.00e+00h  1
2386  1.1059264e-03 2.19e-02 2.07e-01  -4.0 1.82e-01    -  1.00e+00 1.00e+00h  1
2387  8.1377068e-04 6.18e-03 5.04e-02  -4.1 9.05e-02    -  1.00e+00 1.00e+00h  1
2388  7.3758598e-04 1.55e-03 1.22e-02  -4.1 4.80e-02    -  1.00e+00 1.00e+00h  1
2389  7.2366339e-04 3.37e-04 1.00e-02  -4.1 2.91e-02    -  1.00e+00 1.00e+00H  1
iter    objective    inf_pr   inf_du lg(mu)  ||d||  lg(rg) alpha_du alpha_pr  ls
2390  7.1828444e-04 3.16e-04 7.25e-02  -4.1 6.73e-02    -  1.00e+00 6.25e-02h  5
2391  7.1369335e-04 2.98e-04 3.46e-02  -4.1 1.05e-01    -  1.00e+00 6.25e-02h  5
2392  7.1042999e-04 2.94e-04 7.43e-02  -4.1 3.25e-01    -  9.16e-01 1.56e-02h  7
2393  7.0941375e-04 2.92e-04 9.20e-03  -4.1 3.23e-01    -  1.00e+00 7.81e-03h  8
2394  7.2362788e-04 3.67e-04 2.95e-02  -4.1 7.97e-02    -  1.00e+00 2.50e-01h  3
2395  7.1025351e-04 2.35e-04 4.36e-03  -4.1 1.83e-02    -  1.00e+00 1.00e+00h  1
2396  7.1116002e-04 4.89e-05 4.46e-03  -4.1 8.80e-03    -  1.00e+00 1.00e+00h  1
2397  7.1148589e-04 1.20e-05 1.23e-02  -4.1 6.78e-03    -  1.00e+00 1.00e+00H  1
2398  7.1083946e-04 1.31e-05 8.49e-03  -4.1 5.66e-03    -  1.00e+00 1.00e+00H  1
2399  7.1173340e-04 1.06e-06 6.24e-03  -4.1 2.76e-03    -  1.00e+00 1.00e+00H  1
iter    objective    inf_pr   inf_du lg(mu)  ||d||  lg(rg) alpha_du alpha_pr  ls
2400  7.1057219e-04 5.13e-06 1.16e-01  -4.1 7.64e-03    -  1.00e+00 2.50e-01h  3
2401  7.1097835e-04 2.63e-06 4.72e-04  -4.1 1.85e-03    -  1.00e+00 1.00e+00h  1
2402  7.1547133e-04 1.95e-07 9.43e-04  -6.1 5.64e-04    -  1.00e+00 1.00e+00h  1
2403  7.1076499e-04 1.99e-07 9.18e-04  -6.1 4.80e-04    -  1.00e+00 1.00e+00h  1
2404  7.1061041e-04 3.49e-08 8.62e-04  -6.1 2.18e-04    -  1.00e+00 1.00e+00h  1
2405  7.2324458e-04 1.89e-05 8.68e-01  -4.0 4.21e-02    -  1.00e+00 1.25e-01h  4
2406  7.0992667e-04 2.83e-05 3.73e-04  -4.1 6.40e-03    -  1.00e+00 1.00e+00h  1
2407  7.3837766e-04 2.77e-05 3.90e-01  -4.0 1.54e-02    -  1.00e+00 4.51e-01H  1
2408  7.1610291e-04 1.53e-05 7.03e-03  -4.1 4.60e-03    -  1.00e+00 1.00e+00f  1
2409  7.0761666e-04 6.95e-05 1.28e-02  -4.1 1.03e-02    -  1.00e+00 1.00e+00h  1
iter    objective    inf_pr   inf_du lg(mu)  ||d||  lg(rg) alpha_du alpha_pr  ls
2410  7.1137092e-04 2.38e-05 2.74e-03  -4.0 5.96e-03    -  1.00e+00 1.00e+00h  1
2411  7.1067173e-04 6.83e-07 8.82e-04  -4.1 1.05e-03    -  1.00e+00 1.00e+00h  1
2412  7.1085428e-04 5.24e-08 1.66e-04  -4.1 2.83e-04    -  1.00e+00 1.00e+00h  1
2413  7.1068560e-04 3.70e-08 9.46e-04  -6.1 2.06e-04    -  1.00e+00 1.00e+00h  1
2414  7.0899466e-04 1.44e-04 1.79e-02  -6.1 1.21e-01    -  1.00e+00 1.08e-01h  3
2415  7.0639163e-04 8.05e-05 2.60e-03  -6.1 5.89e-03    -  1.00e+00 5.00e-01h  2
2416  8.6793022e-04 2.55e-03 5.37e-02  -4.0 1.09e-01    -  1.00e+00 5.00e-01h  2
2417  7.4258859e-04 8.70e-04 4.82e-03  -4.1 3.11e-02    -  1.00e+00 1.00e+00h  1
2418  7.0870413e-04 6.49e-04 3.20e-03  -4.1 3.35e-02    -  1.00e+00 5.00e-01h  2
2419  7.1262785e-04 1.49e-05 6.74e-04  -4.1 4.98e-03    -  1.00e+00 1.00e+00h  1
iter    objective    inf_pr   inf_du lg(mu)  ||d||  lg(rg) alpha_du alpha_pr  ls
2420  7.1057148e-04 1.93e-07 7.53e-04  -6.1 6.16e-04    -  1.00e+00 1.00e+00h  1
2421  7.1948912e-04 8.69e-05 5.58e-02  -4.0 1.05e-02    -  1.00e+00 1.00e+00h  1
2422  7.1406659e-04 2.59e-05 1.40e-02  -4.1 5.60e-03    -  1.00e+00 1.00e+00h  1
2423  7.1065702e-04 1.35e-05 9.48e-04  -4.1 4.19e-03    -  1.00e+00 1.00e+00h  1
2424  7.1069462e-04 8.93e-08 1.15e-03  -4.1 3.30e-04    -  1.00e+00 1.00e+00h  1
2425  7.1072287e-04 1.74e-08 2.46e-04  -4.1 1.79e-04    -  1.00e+00 1.00e+00h  1
2426  7.1079299e-04 1.25e-08 4.93e-04  -4.0 2.18e-04    -  1.00e+00 1.00e+00h  1
2427  7.1075796e-04 2.03e-08 4.49e-04  -4.1 2.21e-04    -  1.00e+00 1.00e+00h  1
2428  7.1076407e-04 2.22e-10 9.09e-04  -6.1 2.84e-04    -  1.00e+00 1.00e+00H  1
2429  7.1164923e-04 1.07e-06 5.03e-03  -4.0 1.23e-03    -  1.00e+00 1.00e+00h  1
iter    objective    inf_pr   inf_du lg(mu)  ||d||  lg(rg) alpha_du alpha_pr  ls
2430  7.1092412e-04 3.68e-07 8.61e-04  -4.1 7.26e-04    -  1.00e+00 1.00e+00h  1
2431  7.1077800e-04 2.44e-08 6.92e-05  -4.1 1.92e-04    -  1.00e+00 1.00e+00h  1
2432  7.1059095e-04 5.87e-08 7.91e-04  -6.1 2.30e-04    -  1.00e+00 1.00e+00h  1
2433  7.2953792e-04 5.93e-05 8.55e-01  -4.0 8.36e-02    -  1.00e+00 1.25e-01h  4
2434  7.2444644e-04 2.54e-05 2.48e-03  -4.1 6.98e-03    -  1.00e+00 1.00e+00h  1
2435  7.2378619e-04 5.12e-04 3.03e-02  -4.1 4.35e-02    -  1.00e+00 5.00e-01h  2
2436  7.1585981e-04 3.64e-04 4.56e-03  -4.1 1.85e-02    -  1.00e+00 1.00e+00h  1
2437  7.4075176e-04 2.35e-04 7.88e-03  -4.1 2.92e-02    -  1.00e+00 2.50e-01h  3
2438  7.0947291e-04 6.49e-06 2.13e-03  -4.1 3.96e-03    -  1.00e+00 1.00e+00h  1
2439  7.4774532e-04 1.40e-04 3.68e-02  -4.0 1.16e-02    -  1.00e+00 1.00e+00h  1
iter    objective    inf_pr   inf_du lg(mu)  ||d||  lg(rg) alpha_du alpha_pr  ls
2440  7.2058133e-04 7.16e-05 9.14e-03  -4.1 8.03e-03    -  1.00e+00 1.00e+00h  1
2441  7.2455366e-04 5.97e-05 1.43e-02  -4.1 9.14e-03    -  1.00e+00 1.00e+00h  1
2442  7.1157716e-04 3.80e-05 4.77e-03  -4.1 7.54e-03    -  1.00e+00 1.00e+00h  1
2443  7.1126595e-04 5.89e-06 4.50e-03  -4.1 2.76e-03    -  1.00e+00 1.00e+00h  1
2444  7.1059942e-04 1.58e-06 1.73e-03  -4.1 1.15e-03    -  1.00e+00 1.00e+00h  1
2445  7.1082261e-04 1.33e-07 4.14e-04  -4.1 3.58e-04    -  1.00e+00 1.00e+00h  1
2446  7.1054760e-04 1.13e-07 8.24e-04  -6.1 4.16e-04    -  1.00e+00 1.00e+00h  1
2447  7.1874802e-04 3.72e-05 3.13e-02  -4.0 7.38e-03    -  1.00e+00 1.00e+00h  1
2448  7.1315191e-04 1.23e-05 7.30e-03  -4.1 4.23e-03    -  1.00e+00 1.00e+00h  1
2449  7.1763502e-04 1.03e-05 4.11e-03  -4.1 3.70e-03    -  1.00e+00 1.00e+00h  1
iter    objective    inf_pr   inf_du lg(mu)  ||d||  lg(rg) alpha_du alpha_pr  ls
2450  7.1102781e-04 4.33e-07 1.67e-03  -4.1 8.13e-04    -  1.00e+00 1.00e+00h  1
2451  7.1083814e-04 1.15e-07 3.34e-04  -4.1 3.69e-04    -  1.00e+00 1.00e+00h  1
2452  7.1062448e-04 4.73e-08 6.95e-04  -6.1 2.60e-04    -  1.00e+00 1.00e+00h  1
2453  7.0923542e-04 3.33e-05 1.81e-02  -6.1 1.13e-01    -  1.00e+00 6.04e-02h  4
2454  9.3436104e-04 1.23e-03 3.96e-02  -4.0 9.24e-02    -  1.00e+00 5.00e-01h  2
2455  7.3793940e-04 4.80e-04 3.25e-03  -4.1 2.84e-02    -  1.00e+00 1.00e+00h  1
2456  7.0981177e-04 2.91e-04 4.61e-02  -4.1 3.27e-02    -  1.00e+00 4.95e-01H  1
2457  7.3316231e-04 3.50e-04 4.12e-03  -4.1 1.75e-02    -  1.00e+00 1.00e+00f  1
2458  7.1831314e-04 3.77e-04 4.73e-02  -4.1 4.70e-02    -  1.00e+00 2.50e-01h  3
2459  7.1955828e-04 3.60e-04 9.02e-03  -4.1 1.73e-02    -  1.00e+00 1.00e+00h  1
iter    objective    inf_pr   inf_du lg(mu)  ||d||  lg(rg) alpha_du alpha_pr  ls
2460  7.2262205e-04 1.96e-04 5.09e-03  -4.1 1.64e-02    -  1.00e+00 1.00e+00h  1
2461  7.2492084e-04 2.48e-05 1.16e-02  -4.1 9.82e-03    -  1.00e+00 1.00e+00H  1
2462  7.1487781e-04 4.38e-05 6.84e-03  -4.1 1.11e-02    -  1.00e+00 5.00e-01h  2
2463  7.1863231e-04 5.35e-05 4.05e-02  -4.1 1.96e-02    -  1.00e+00 5.00e-01h  2
2464  7.1994463e-04 1.88e-05 3.72e-03  -4.1 5.20e-03    -  1.00e+00 1.00e+00h  1
2465  7.1098408e-04 3.87e-06 4.61e-03  -4.1 2.43e-03    -  1.00e+00 1.00e+00h  1
2466  7.1181125e-04 6.25e-07 3.49e-03  -4.1 1.89e-03    -  1.00e+00 1.00e+00H  1
2467  7.1172033e-04 1.26e-06 1.63e-03  -4.1 1.20e-03    -  1.00e+00 1.00e+00h  1
2468  7.1104318e-04 1.44e-07 1.44e-03  -4.1 4.40e-04    -  1.00e+00 1.00e+00h  1
2469  7.1086287e-04 3.51e-08 6.37e-04  -4.1 3.94e-04    -  1.00e+00 1.00e+00h  1
iter    objective    inf_pr   inf_du lg(mu)  ||d||  lg(rg) alpha_du alpha_pr  ls
2470  7.1062118e-04 4.12e-08 1.14e-03  -6.1 3.12e-04    -  1.00e+00 1.00e+00h  1
2471  7.0453122e-04 2.32e-04 2.18e-03  -6.1 4.75e-02    -  1.00e+00 5.00e-01h  2
2472  1.0063290e-03 2.91e-03 7.56e-03  -4.0 1.44e-01    -  1.00e+00 5.00e-01h  2
2473  7.5416554e-04 1.80e-03 1.84e-03  -4.1 6.38e-02    -  1.00e+00 1.00e+00h  1
2474  1.2774895e-03 1.49e-03 1.44e-01  -4.1 1.70e-01    -  1.00e+00 1.32e-01H  1
2475  7.0915884e-04 5.36e-04 3.73e-03  -4.1 2.78e-02    -  1.00e+00 1.00e+00h  1
2476  7.7893775e-04 3.04e-03 2.54e-02  -4.1 6.46e-02    -  1.00e+00 1.00e+00h  1
2477  7.7062908e-04 1.86e-03 1.45e-02  -4.1 4.37e-02    -  1.00e+00 5.00e-01h  2
2478  7.3798539e-04 1.81e-03 5.10e-02  -4.1 1.74e-01    -  8.31e-01 1.25e-01h  4
2479  7.3393704e-04 1.49e-03 1.82e-02  -4.1 4.30e-01    -  1.00e+00 8.30e-03H  1
iter    objective    inf_pr   inf_du lg(mu)  ||d||  lg(rg) alpha_du alpha_pr  ls
2480  7.9138618e-04 8.91e-04 6.73e-03  -4.1 4.89e-02    -  1.00e+00 1.00e+00f  1
2481  7.2037150e-04 9.34e-04 3.09e-02  -4.1 2.08e-01    -  1.00e+00 1.20e-01h  4
2482  7.1734304e-04 8.65e-04 7.94e-03  -4.1 5.55e-02    -  1.00e+00 5.00e-01h  2
2483  7.1039096e-04 8.79e-04 4.92e-03  -4.1 1.40e-01    -  1.00e+00 1.25e-01h  4
2484  7.3661170e-04 2.74e-04 4.85e-03  -4.1 1.81e-02    -  1.00e+00 1.00e+00h  1
2485  7.2052071e-04 2.45e-04 3.52e-02  -4.1 2.74e-02    -  1.00e+00 5.00e-01h  2
2486  7.0942228e-04 2.87e-04 1.02e-01  -4.1 5.82e-02    -  1.00e+00 1.25e-01h  4
2487  7.0888988e-04 2.01e-04 4.39e-02  -4.1 1.89e-02    -  1.00e+00 5.00e-01h  2
2488  7.3760849e-04 1.88e-04 1.53e-02  -4.1 2.67e-02    -  1.00e+00 2.50e-01h  3
2489  7.0794515e-04 5.30e-05 6.52e-03  -4.1 1.10e-02    -  1.00e+00 1.00e+00h  1
iter    objective    inf_pr   inf_du lg(mu)  ||d||  lg(rg) alpha_du alpha_pr  ls
2490  7.2220057e-04 3.50e-05 2.82e-02  -4.1 1.48e-02    -  1.00e+00 5.00e-01h  2
2491  7.1045776e-04 2.11e-05 7.36e-03  -4.1 6.29e-03    -  1.00e+00 1.00e+00h  1
2492  7.1128421e-04 5.46e-06 7.73e-03  -4.1 4.61e-03    -  1.00e+00 1.00e+00H  1
2493  7.1200139e-04 3.39e-06 6.39e-03  -4.1 3.91e-03    -  1.00e+00 1.00e+00H  1
2494  7.1399104e-04 8.66e-07 6.03e-03  -4.1 3.27e-03    -  1.00e+00 1.00e+00H  1
2495  7.1270643e-04 1.55e-06 7.87e-03  -4.1 1.49e-03    -  1.00e+00 1.00e+00h  1
2496  7.1072007e-04 1.15e-06 2.12e-03  -4.1 1.96e-03    -  1.00e+00 1.00e+00h  1
2497  7.1051952e-04 5.55e-07 2.51e-03  -4.1 8.74e-04    -  1.00e+00 1.00e+00h  1
2498  7.1055064e-04 2.65e-07 7.28e-04  -4.0 6.71e-04    -  1.00e+00 1.00e+00h  1
2499  7.1050649e-04 8.09e-09 4.00e-04  -4.1 1.02e-04    -  1.00e+00 1.00e+00h  1
iter    objective    inf_pr   inf_du lg(mu)  ||d||  lg(rg) alpha_du alpha_pr  ls
2500  7.1053981e-04 1.83e-08 3.14e-04  -4.0 1.64e-04    -  1.00e+00 1.00e+00h  1
2501  7.1047282e-04 2.11e-08 6.50e-04  -4.1 1.79e-04    -  1.00e+00 1.00e+00h  1
2502  7.1055186e-04 2.45e-08 1.79e-04  -4.0 1.93e-04    -  1.00e+00 1.00e+00h  1
2503  7.1050753e-04 2.46e-09 8.50e-05  -4.1 6.12e-05    -  1.00e+00 1.00e+00h  1
2504  7.1053126e-04 9.70e-10 1.17e-04  -4.0 3.35e-05    -  1.00e+00 1.00e+00h  1
2505  7.1053374e-04 4.04e-10 8.24e-05  -4.0 2.98e-05    -  1.00e+00 1.00e+00h  1
2506  7.1052479e-04 5.62e-08 1.02e-03  -4.1 6.11e-04    -  1.00e+00 1.00e+00h  1
2507  7.1948587e-04 1.54e-10 1.14e-02  -4.1 5.91e-03    -  1.00e+00 1.00e+00H  1
2508  7.1036842e-04 4.06e-06 2.65e-03  -4.1 6.18e-03    -  1.00e+00 1.00e+00h  1
2509  7.1090686e-04 3.04e-06 1.76e-02  -4.1 3.44e-03    -  1.00e+00 2.50e-01h  3
iter    objective    inf_pr   inf_du lg(mu)  ||d||  lg(rg) alpha_du alpha_pr  ls
2510  7.1040030e-04 2.62e-07 1.54e-04  -4.1 6.34e-04    -  1.00e+00 1.00e+00h  1
2511  7.1045542e-04 4.88e-09 3.38e-04  -4.0 6.84e-05    -  1.00e+00 1.00e+00h  1
2512  7.1044177e-04 1.66e-09 2.67e-04  -4.0 5.77e-05    -  1.00e+00 1.00e+00h  1
2513  7.1042340e-04 2.25e-08 7.36e-04  -4.0 2.09e-04    -  1.00e+00 1.00e+00h  1
2514  7.1041823e-04 3.74e-08 1.54e-03  -4.0 2.24e-04    -  1.00e+00 1.00e+00h  1
2515  7.1040334e-04 4.31e-11 9.89e-04  -4.1 2.65e-04    -  1.00e+00 1.00e+00H  1
2516  7.1054223e-04 1.42e-11 6.61e-04  -4.0 1.06e-04    -  1.00e+00 1.00e+00H  1
2517  7.1036668e-04 6.45e-09 2.03e-04  -4.1 9.88e-05    -  1.00e+00 1.00e+00h  1
2518  7.1038588e-04 1.29e-12 4.46e-04  -4.0 9.93e-05    -  1.00e+00 1.00e+00H  1
2519  7.1040384e-04 3.73e-08 1.72e-03  -4.0 2.03e-03    -  1.00e+00 1.25e-01h  4
iter    objective    inf_pr   inf_du lg(mu)  ||d||  lg(rg) alpha_du alpha_pr  ls
2520  7.1032596e-04 1.23e-06 1.69e-01  -4.1 1.06e-02    -  1.00e+00 1.25e-01h  4
2521  7.1030191e-04 1.31e-06 1.71e-01  -4.1 1.74e-02    -  1.00e+00 3.12e-02h  6
2522  7.1057929e-04 4.71e-06 1.74e-01  -4.1 3.20e-02    -  1.00e+00 1.25e-01h  4
2523  8.4389011e-04 9.16e-08 6.82e-02  -4.1 1.75e-02    -  1.00e+00 1.00e+00H  1
2524  7.4596564e-04 3.47e-09 6.00e-02  -4.1 5.88e-03    -  1.00e+00 1.00e+00H  1
2525  7.4396437e-04 1.54e-08 1.04e-01  -4.1 1.79e-02    -  1.00e+00 1.56e-02h  7
2526  7.4328121e-04 1.89e-08 1.66e-01  -4.1 8.49e-02    -  1.00e+00 1.95e-03h 10
2527  7.4267461e-04 4.35e-08 3.23e-01  -4.1 4.70e-02    -  1.00e+00 3.91e-03h  9
2528  7.4126240e-04 4.37e-05 5.63e-02  -4.1 2.53e-02    -  1.00e+00 2.50e-01h  3
2529  7.2864346e-04 1.65e-05 9.14e-03  -4.1 4.66e-03    -  1.00e+00 1.00e+00h  1
iter    objective    inf_pr   inf_du lg(mu)  ||d||  lg(rg) alpha_du alpha_pr  ls
2530  7.1065846e-04 1.49e-05 1.35e-02  -4.1 4.21e-03    -  1.00e+00 1.00e+00h  1
2531  7.1361860e-04 8.47e-06 6.57e-03  -4.1 3.35e-03    -  1.00e+00 1.00e+00h  1
2532  7.1028477e-04 7.47e-07 1.63e-03  -4.1 1.00e-03    -  1.00e+00 1.00e+00h  1
2533  7.1049907e-04 1.21e-07 1.44e-03  -4.0 3.35e-04    -  1.00e+00 1.00e+00h  1
2534  7.1033612e-04 5.64e-11 1.15e-03  -4.1 2.95e-04    -  1.00e+00 1.00e+00H  1
2535  7.0979814e-04 6.27e-07 4.56e-03  -4.0 9.99e-04    -  1.00e+00 1.00e+00h  1
2536  7.0982682e-04 3.93e-06 1.62e-02  -4.0 2.61e-03    -  1.00e+00 1.00e+00h  1
2537  7.0986357e-04 1.10e-06 7.75e-03  -4.1 1.28e-03    -  1.00e+00 1.00e+00h  1
2538  7.0951215e-04 2.74e-07 2.06e-03  -4.0 7.88e-04    -  1.00e+00 1.00e+00h  1
2539  7.0963137e-04 5.14e-08 1.02e-03  -4.0 3.52e-04    -  1.00e+00 1.00e+00h  1
iter    objective    inf_pr   inf_du lg(mu)  ||d||  lg(rg) alpha_du alpha_pr  ls
2540  7.0927596e-04 3.72e-08 1.09e-03  -4.0 2.59e-04    -  1.00e+00 1.00e+00h  1
2541  7.0926042e-04 6.67e-08 1.47e-03  -4.0 4.73e-04    -  1.00e+00 1.00e+00h  1
2542  7.0907686e-04 1.79e-06 1.15e-02  -4.0 3.85e-02    -  1.00e+00 6.25e-02h  5
2543  7.8375183e-04 9.85e-07 4.55e-02  -4.0 8.17e-03    -  1.00e+00 1.00e+00H  1
2544  7.2010853e-04 1.71e-05 2.48e-02  -4.1 6.93e-03    -  1.00e+00 1.00e+00h  1
2545  7.0956321e-04 8.21e-06 4.69e-03  -4.1 5.47e-03    -  1.00e+00 1.00e+00h  1
2546  7.2358395e-04 4.43e-06 9.34e-03  -4.1 2.41e-03    -  1.00e+00 1.00e+00h  1
2547  7.0892025e-04 3.12e-06 1.63e-03  -4.1 2.01e-03    -  1.00e+00 1.00e+00h  1
2548  7.0899311e-04 2.45e-08 1.80e-03  -4.0 1.82e-04    -  1.00e+00 1.00e+00h  1
2549  7.0893955e-04 1.19e-08 8.11e-04  -4.0 1.92e-04    -  1.00e+00 1.00e+00h  1
iter    objective    inf_pr   inf_du lg(mu)  ||d||  lg(rg) alpha_du alpha_pr  ls
2550  7.0888137e-04 2.56e-07 2.26e-03  -4.0 7.50e-04    -  1.00e+00 1.00e+00h  1
2551  7.0872539e-04 1.09e-08 6.43e-03  -4.0 1.19e-03    -  1.00e+00 1.00e+00H  1
2552  7.0878059e-04 4.61e-07 1.32e-03  -4.0 1.14e-03    -  1.00e+00 1.00e+00h  1
2553  7.0872639e-04 1.86e-08 3.93e-04  -4.1 1.95e-04    -  1.00e+00 1.00e+00h  1
2554  7.0905127e-04 2.43e-10 2.35e-03  -6.1 3.09e-03    -  1.00e+00 1.00e+00H  1
2555  7.1408087e-04 8.60e-06 7.44e-01  -4.0 1.41e-02    -  1.00e+00 2.50e-01h  3
2556  7.0794038e-04 1.90e-05 4.71e-03  -4.1 4.84e-03    -  1.00e+00 1.00e+00h  1
2557  7.1017338e-04 7.65e-06 7.93e-03  -4.0 3.23e-03    -  1.00e+00 1.00e+00h  1
2558  7.0859683e-04 2.01e-06 2.83e-03  -4.1 1.69e-03    -  1.00e+00 1.00e+00h  1
2559  7.0872258e-04 5.77e-08 1.30e-03  -4.0 2.79e-04    -  1.00e+00 1.00e+00h  1
iter    objective    inf_pr   inf_du lg(mu)  ||d||  lg(rg) alpha_du alpha_pr  ls
2560  7.0862574e-04 4.01e-11 4.17e-04  -4.1 1.78e-04    -  1.00e+00 1.00e+00H  1
2561  7.0871471e-04 3.10e-11 6.44e-04  -4.0 1.48e-04    -  1.00e+00 1.00e+00H  1
2562  7.0858456e-04 8.98e-09 2.28e-04  -4.1 1.01e-04    -  1.00e+00 1.00e+00h  1
2563  7.0862390e-04 2.43e-09 6.76e-05  -4.0 6.91e-05    -  1.00e+00 1.00e+00h  1
2564  7.0861770e-04 2.57e-09 3.11e-04  -4.0 8.20e-05    -  1.00e+00 1.00e+00h  1
2565  7.0874793e-04 4.02e-07 9.96e-03  -4.0 8.06e-03    -  1.00e+00 1.25e-01h  4
2566  7.0901755e-04 3.74e-08 1.29e-02  -4.1 3.03e-03    -  1.00e+00 1.00e+00H  1
2567  7.2046541e-04 3.56e-09 4.11e-02  -4.1 9.07e-03    -  1.00e+00 1.00e+00H  1
2568  7.1178843e-04 2.98e-05 5.30e-03  -4.1 8.83e-03    -  1.00e+00 1.00e+00h  1
2569  7.0943968e-04 3.16e-05 6.51e-02  -4.1 4.57e-02    -  1.00e+00 6.25e-02h  5
iter    objective    inf_pr   inf_du lg(mu)  ||d||  lg(rg) alpha_du alpha_pr  ls
2570  7.0933179e-04 1.60e-05 2.64e-02  -4.1 2.24e-03    -  1.00e+00 5.00e-01h  2
2571  7.0916543e-04 6.34e-06 1.36e-02  -4.1 4.32e-03    -  1.00e+00 1.00e+00h  1
2572  7.1265027e-04 3.31e-06 3.42e-02  -4.1 4.41e-03    -  1.00e+00 5.00e-01h  2
2573  7.0850324e-04 5.38e-06 8.67e-04  -4.1 3.37e-03    -  1.00e+00 1.00e+00h  1
2574  7.0845349e-04 4.06e-08 1.02e-03  -4.1 3.15e-04    -  1.00e+00 1.00e+00h  1
2575  7.0880247e-04 1.82e-09 5.32e-03  -4.0 8.46e-04    -  1.00e+00 1.00e+00H  1
2576  7.0914078e-04 7.49e-11 4.29e-03  -4.1 2.16e-04    -  1.00e+00 1.00e+00H  1
2577  7.0850201e-04 2.34e-07 7.38e-04  -4.1 7.03e-04    -  1.00e+00 1.00e+00h  1
2578  7.0858227e-04 4.63e-07 6.65e-04  -6.1 6.72e-04    -  1.00e+00 1.00e+00h  1
2579  7.0788901e-04 5.89e-08 1.36e-03  -6.1 2.21e-04    -  1.00e+00 1.00e+00h  1
iter    objective    inf_pr   inf_du lg(mu)  ||d||  lg(rg) alpha_du alpha_pr  ls
2580  7.1807414e-04 7.28e-05 3.98e-02  -4.0 7.71e-03    -  1.00e+00 1.00e+00h  1
2581  7.1111303e-04 2.14e-05 9.69e-03  -4.1 4.18e-03    -  1.00e+00 1.00e+00h  1
2582  7.0844758e-04 9.71e-06 7.46e-04  -4.1 2.81e-03    -  1.00e+00 1.00e+00h  1
2583  7.0827156e-04 3.06e-08 3.45e-04  -6.1 2.16e-04    -  1.00e+00 1.00e+00h  1
2584  7.1068111e-04 4.34e-06 1.18e-02  -4.0 2.42e-03    -  1.00e+00 1.00e+00h  1
2585  7.0888115e-04 1.95e-06 1.96e-03  -4.1 1.66e-03    -  1.00e+00 1.00e+00h  1
2586  7.0846152e-04 2.18e-07 1.20e-04  -4.1 5.42e-04    -  1.00e+00 1.00e+00h  1
2587  7.0829383e-04 3.41e-08 9.44e-04  -6.1 2.01e-04    -  1.00e+00 1.00e+00h  1
2588  7.0086716e-04 2.44e-04 6.56e-04  -6.1 1.68e-02    -  1.00e+00 1.00e+00h  1
2589  1.0764740e-03 2.13e-03 1.81e-02  -4.0 9.93e-02    -  1.00e+00 5.00e-01h  2
iter    objective    inf_pr   inf_du lg(mu)  ||d||  lg(rg) alpha_du alpha_pr  ls
2590  7.2031819e-04 8.41e-04 4.92e-04  -4.1 3.20e-02    -  1.00e+00 1.00e+00h  1
2591  7.3174334e-04 1.19e-04 3.28e-03  -4.1 1.27e-02    -  1.00e+00 1.00e+00h  1
2592  7.2492982e-04 4.87e-04 7.40e-03  -4.1 2.44e-02    -  1.00e+00 1.00e+00h  1
2593  7.4155306e-04 2.27e-04 2.12e-03  -4.1 1.70e-02    -  1.00e+00 1.00e+00h  1
2594  7.1151920e-04 2.88e-05 2.25e-03  -4.1 6.40e-03    -  1.00e+00 1.00e+00h  1
2595  7.1385974e-04 1.61e-05 8.98e-03  -4.1 4.78e-03    -  1.00e+00 1.00e+00h  1
2596  7.0951440e-04 1.41e-05 2.58e-03  -4.1 4.28e-03    -  1.00e+00 1.00e+00h  1
2597  7.1007483e-04 2.32e-06 2.50e-03  -4.1 1.54e-03    -  1.00e+00 1.00e+00h  1
2598  7.0850467e-04 6.10e-07 1.85e-04  -4.1 7.54e-04    -  1.00e+00 1.00e+00h  1
2599  7.0830762e-04 4.07e-08 9.02e-04  -6.1 2.42e-04    -  1.00e+00 1.00e+00h  1
iter    objective    inf_pr   inf_du lg(mu)  ||d||  lg(rg) alpha_du alpha_pr  ls
2600  7.0816060e-04 2.21e-06 6.76e-03  -6.1 1.47e-02    -  1.00e+00 1.25e-01h  4
2601  7.0345073e-04 3.83e-05 3.59e-04  -6.1 7.53e-03    -  1.00e+00 1.00e+00h  1
2602  1.1977406e-03 6.10e-03 8.78e-02  -4.0 9.51e-02    -  1.00e+00 1.00e+00f  1
2603  9.2354778e-04 1.71e-03 2.23e-02  -4.1 4.71e-02    -  1.00e+00 1.00e+00h  1
2604  9.6314841e-04 7.22e-04 1.41e-02  -4.1 2.98e-02    -  1.00e+00 1.00e+00h  1
2605  8.4308338e-04 6.02e-05 2.57e-03  -4.1 1.13e-02    -  1.00e+00 1.00e+00h  1
2606  7.1569217e-04 1.06e-04 1.57e-02  -4.1 1.03e-02    -  1.00e+00 1.00e+00h  1
2607  7.1682900e-04 1.01e-04 4.55e-03  -4.1 1.14e-02    -  1.00e+00 1.00e+00h  1
2608  7.1892288e-04 6.46e-05 7.17e-03  -4.1 1.04e-02    -  1.00e+00 1.00e+00h  1
2609  7.1280660e-04 1.72e-05 6.21e-03  -4.1 5.27e-03    -  1.00e+00 1.00e+00h  1
iter    objective    inf_pr   inf_du lg(mu)  ||d||  lg(rg) alpha_du alpha_pr  ls
2610  7.0820866e-04 6.08e-06 4.89e-03  -4.1 2.20e-03    -  1.00e+00 1.00e+00h  1
2611  7.0944683e-04 2.81e-06 3.45e-03  -4.1 1.91e-03    -  1.00e+00 1.00e+00h  1
2612  7.0858671e-04 2.12e-06 4.94e-03  -4.1 1.85e-03    -  1.00e+00 1.00e+00h  1
2613  7.0865421e-04 1.02e-06 7.74e-04  -4.1 1.30e-03    -  1.00e+00 1.00e+00h  1
2614  7.0847641e-04 2.62e-08 8.87e-04  -6.1 1.94e-04    -  1.00e+00 1.00e+00h  1
2615  7.0533840e-04 4.98e-05 6.64e-04  -6.1 9.01e-03    -  1.00e+00 1.00e+00h  1
2616  7.0337431e-04 3.23e-05 9.33e-03  -6.1 2.20e-03    -  1.00e+00 3.65e-01h  2
2617  8.1967116e-04 3.01e-03 5.58e-02  -4.0 7.38e-02    -  1.00e+00 1.00e+00h  1
2618  7.5666872e-04 8.32e-04 1.43e-02  -4.1 3.82e-02    -  1.00e+00 1.00e+00h  1
2619  1.0808465e-03 4.04e-04 3.10e-03  -4.1 2.84e-02    -  1.00e+00 1.00e+00h  1
iter    objective    inf_pr   inf_du lg(mu)  ||d||  lg(rg) alpha_du alpha_pr  ls
2620  7.2041343e-04 8.94e-05 4.67e-03  -4.1 1.32e-02    -  1.00e+00 1.00e+00h  1
2621  7.0473453e-04 3.07e-04 7.87e-03  -4.1 2.26e-02    -  1.00e+00 1.00e+00h  1
2622  8.4494600e-04 9.38e-05 1.43e-03  -4.1 1.09e-02    -  1.00e+00 1.00e+00h  1
2623  7.1869099e-04 3.29e-05 1.06e-02  -4.1 7.05e-03    -  1.00e+00 1.00e+00h  1
2624  7.0980284e-04 5.00e-05 3.63e-03  -4.1 9.04e-03    -  1.00e+00 1.00e+00h  1
2625  7.1068527e-04 1.58e-05 4.28e-03  -4.1 4.71e-03    -  1.00e+00 1.00e+00h  1
2626  7.0845394e-04 5.70e-06 5.50e-03  -4.1 3.10e-03    -  1.00e+00 1.00e+00h  1
2627  7.0922823e-04 1.63e-06 1.13e-03  -4.1 1.66e-03    -  1.00e+00 1.00e+00h  1
2628  7.0867255e-04 9.17e-09 4.47e-04  -4.1 1.55e-04    -  1.00e+00 1.00e+00h  1
2629  7.0845570e-04 3.03e-08 1.06e-03  -6.1 2.21e-04    -  1.00e+00 1.00e+00h  1
iter    objective    inf_pr   inf_du lg(mu)  ||d||  lg(rg) alpha_du alpha_pr  ls
2630  7.0712264e-04 2.00e-06 9.60e-04  -6.1 1.84e-03    -  1.00e+00 1.00e+00h  1
2631  7.4775359e-04 4.20e-05 7.89e-01  -4.0 2.59e-01    -  1.00e+00 3.12e-02h  6
2632  7.0606722e-04 4.90e-05 3.89e-04  -4.1 9.09e-03    -  1.00e+00 1.00e+00h  1
2633  7.0437264e-04 2.39e-06 1.71e-04  -6.1 2.11e-03    -  1.00e+00 1.00e+00h  1
2634  1.0768646e-03 1.39e-03 2.54e-01  -4.0 1.03e-01    -  1.00e+00 5.00e-01h  2
2635  8.7138849e-04 5.74e-04 2.06e-02  -4.1 2.89e-02    -  1.00e+00 1.00e+00h  1
2636  7.3957977e-04 2.63e-04 1.39e-03  -4.1 2.03e-02    -  1.00e+00 1.00e+00h  1
2637  7.2248712e-04 2.58e-06 1.52e-03  -4.1 1.87e-03    -  1.00e+00 1.00e+00h  1
2638  7.0750415e-04 1.63e-05 1.78e-02  -4.1 6.31e-03    -  1.00e+00 1.00e+00h  1
2639  7.1316365e-04 8.10e-06 2.73e-03  -4.1 4.08e-03    -  1.00e+00 1.00e+00h  1
iter    objective    inf_pr   inf_du lg(mu)  ||d||  lg(rg) alpha_du alpha_pr  ls
2640  7.2385549e-04 4.59e-06 8.12e-03  -4.1 2.81e-03    -  1.00e+00 1.00e+00h  1
2641  7.0848725e-04 2.58e-06 1.35e-03  -4.1 2.11e-03    -  1.00e+00 1.00e+00h  1
2642  7.0851145e-04 1.03e-07 1.11e-03  -4.1 4.02e-04    -  1.00e+00 1.00e+00h  1
2643  7.0851841e-04 1.52e-08 1.74e-04  -4.1 1.21e-04    -  1.00e+00 1.00e+00h  1
2644  7.0856262e-04 6.41e-09 2.11e-04  -4.0 8.83e-05    -  1.00e+00 1.00e+00h  1
2645  7.0854787e-04 1.80e-08 4.87e-04  -4.0 1.50e-04    -  1.00e+00 1.00e+00h  1
2646  7.0853317e-04 1.38e-08 6.23e-04  -4.1 1.11e-04    -  1.00e+00 1.00e+00h  1
2647  7.0834935e-04 2.07e-08 7.92e-04  -6.1 1.89e-04    -  1.00e+00 1.00e+00h  1
2648  7.0792690e-04 6.55e-07 8.75e-04  -6.1 1.23e-03    -  1.00e+00 1.00e+00h  1
2649  7.0725452e-04 2.91e-06 2.78e-03  -6.1 7.21e-03    -  1.00e+00 2.50e-01h  3
iter    objective    inf_pr   inf_du lg(mu)  ||d||  lg(rg) alpha_du alpha_pr  ls
2650  7.1201288e-04 8.13e-09 3.96e-04  -6.1 2.91e-03    -  1.00e+00 1.00e+00H  1
2651  7.0535805e-04 1.89e-06 4.05e-04  -6.1 1.78e-03    -  1.00e+00 1.00e+00h  1
2652  7.0458308e-04 2.61e-07 3.00e-04  -6.1 6.59e-04    -  1.00e+00 1.00e+00h  1
2653  1.0593759e-03 1.59e-02 5.02e-01  -4.0 1.78e-01    -  1.00e+00 1.00e+00f  1
2654  8.1519415e-04 4.17e-03 1.25e-01  -4.1 8.80e-02    -  1.00e+00 1.00e+00h  1
2655  7.5614679e-04 1.09e-03 3.01e-02  -4.1 4.63e-02    -  1.00e+00 1.00e+00h  1
2656  1.9940044e-03 3.31e-04 6.25e-03  -4.1 2.56e-02    -  1.00e+00 1.00e+00h  1
2657  7.4204875e-04 4.93e-05 4.92e-03  -4.1 8.19e-03    -  1.00e+00 1.00e+00h  1
2658  7.0670120e-04 1.61e-04 1.48e-02  -4.1 1.71e-02    -  1.00e+00 1.00e+00h  1
2659  7.2306070e-04 6.08e-05 2.03e-03  -4.1 1.10e-02    -  1.00e+00 1.00e+00h  1
iter    objective    inf_pr   inf_du lg(mu)  ||d||  lg(rg) alpha_du alpha_pr  ls
2660  8.3265382e-04 8.40e-06 6.96e-03  -4.1 3.48e-03    -  1.00e+00 1.00e+00h  1
2661  7.0691456e-04 2.03e-05 1.25e-02  -4.1 5.20e-03    -  1.00e+00 1.00e+00h  1
2662  7.1385063e-04 1.25e-05 6.08e-03  -4.1 4.98e-03    -  1.00e+00 1.00e+00h  1
2663  7.0866068e-04 2.08e-06 1.86e-03  -4.1 2.35e-03    -  1.00e+00 1.00e+00h  1
2664  7.0916001e-04 6.71e-07 2.84e-03  -4.1 1.01e-03    -  1.00e+00 1.00e+00h  1
2665  7.0899636e-04 1.77e-07 8.88e-04  -4.1 4.83e-04    -  1.00e+00 1.00e+00h  1
2666  7.0891604e-04 1.36e-08 1.64e-04  -4.1 1.17e-04    -  1.00e+00 1.00e+00h  1
2667  7.0869380e-04 6.43e-08 8.50e-04  -6.1 2.83e-04    -  1.00e+00 1.00e+00h  1
2668  7.0385501e-04 5.96e-04 4.73e-03  -6.1 5.85e-02    -  1.00e+00 4.49e-01h  2
2669  7.0586930e-04 3.24e-04 1.80e-03  -6.1 1.36e-02    -  1.00e+00 5.00e-01h  2
iter    objective    inf_pr   inf_du lg(mu)  ||d||  lg(rg) alpha_du alpha_pr  ls
2670  7.0748597e-04 1.87e-04 6.40e-03  -6.1 1.12e-02    -  1.00e+00 5.00e-01h  2
2671  7.0616395e-04 1.09e-04 1.60e-03  -6.1 8.12e-03    -  1.00e+00 5.00e-01h  2
2672  7.0346859e-04 9.68e-06 2.14e-04  -6.1 3.61e-03    -  1.00e+00 1.00e+00h  1
2673  9.8719936e-04 8.71e-03 2.01e-01  -4.0 1.13e-01    -  1.00e+00 1.00e+00f  1
2674  9.1321039e-04 4.54e-03 4.87e-02  -4.1 6.85e-02    -  1.00e+00 1.00e+00h  1
2675  6.7654588e-03 2.15e-03 1.11e-02  -4.1 7.19e-02    -  9.40e-01 1.00e+00H  1
2676  3.4948557e-03 3.55e-04 2.81e-02  -4.1 7.97e-02    -  1.00e+00 3.20e-01H  1
2677  8.8851411e-04 2.57e-03 9.83e-02  -4.1 4.66e-02    -  1.00e+00 1.00e+00f  1
2678  1.2431608e-03 1.06e-03 3.71e-02  -4.1 3.80e-02    -  1.00e+00 1.00e+00h  1
2679  9.3945947e-04 2.11e-04 1.68e-02  -4.1 1.88e-02    -  1.00e+00 1.00e+00h  1
iter    objective    inf_pr   inf_du lg(mu)  ||d||  lg(rg) alpha_du alpha_pr  ls
2680  7.5850287e-04 4.59e-05 1.25e-02  -4.1 6.61e-03    -  1.00e+00 1.00e+00h  1
2681  7.1145636e-04 4.96e-05 9.67e-03  -4.1 7.04e-03    -  1.00e+00 1.00e+00h  1
2682  7.1362919e-04 3.38e-05 1.57e-02  -4.1 7.27e-03    -  1.00e+00 1.00e+00h  1
2683  7.0879575e-04 1.53e-05 2.66e-03  -4.1 4.69e-03    -  1.00e+00 1.00e+00h  1
2684  7.0949659e-04 7.94e-07 3.39e-03  -4.1 1.08e-03    -  1.00e+00 1.00e+00h  1
2685  7.0895024e-04 2.30e-07 5.20e-04  -4.1 5.98e-04    -  1.00e+00 1.00e+00h  1
2686  7.0870518e-04 6.37e-08 8.38e-04  -6.1 2.39e-04    -  1.00e+00 1.00e+00h  1
2687  7.0849048e-04 1.31e-04 5.17e-04  -6.1 2.12e-02    -  1.00e+00 5.00e-01h  2
2688  7.0378564e-04 8.08e-05 8.53e-03  -6.1 3.28e-03    -  1.00e+00 3.89e-01h  2
2689  7.0471579e-04 1.17e-05 4.42e-04  -6.1 3.65e-03    -  1.00e+00 1.00e+00h  1
iter    objective    inf_pr   inf_du lg(mu)  ||d||  lg(rg) alpha_du alpha_pr  ls
2690  7.0467523e-04 6.64e-06 2.59e-04  -6.1 2.29e-03    -  1.00e+00 5.00e-01h  2
2691  7.0401493e-04 7.89e-08 7.03e-05  -6.1 3.72e-04    -  1.00e+00 1.00e+00h  1
2692  8.6384383e-04 4.18e-03 3.11e-01  -4.0 1.27e-01    -  1.00e+00 5.00e-01f  2
2693  7.4510136e-04 1.29e-03 2.80e-02  -4.1 3.32e-02    -  1.00e+00 1.00e+00h  1
2694  7.1393096e-04 3.97e-04 5.76e-03  -4.1 1.81e-02    -  1.00e+00 1.00e+00h  1
2695  7.2675043e-04 6.88e-05 4.25e-03  -4.1 1.01e-02    -  1.00e+00 1.00e+00h  1
2696  7.1115241e-04 2.41e-05 5.72e-03  -4.1 6.21e-03    -  1.00e+00 1.00e+00h  1
2697  7.0868867e-04 1.32e-05 7.39e-03  -4.1 4.33e-03    -  1.00e+00 1.00e+00h  1
2698  7.0925075e-04 6.95e-06 2.94e-03  -4.1 2.56e-03    -  1.00e+00 1.00e+00h  1
2699  7.0851261e-04 1.41e-06 4.97e-03  -4.1 1.59e-03    -  1.00e+00 1.00e+00h  1
iter    objective    inf_pr   inf_du lg(mu)  ||d||  lg(rg) alpha_du alpha_pr  ls
2700  7.0832102e-04 5.14e-07 8.72e-04  -4.1 9.37e-04    -  1.00e+00 1.00e+00h  1
2701  7.0841188e-04 2.54e-08 2.73e-04  -4.1 1.43e-04    -  1.00e+00 1.00e+00h  1
2702  7.0821882e-04 8.27e-08 8.94e-04  -6.1 2.63e-04    -  1.00e+00 1.00e+00h  1
2703  7.0771109e-04 7.66e-05 5.35e-04  -6.1 1.69e-02    -  1.00e+00 5.00e-01h  2
2704  7.0504359e-04 5.84e-05 1.52e-02  -6.1 2.19e-03    -  1.00e+00 2.40e-01h  2
2705  7.0529280e-04 1.19e-05 9.88e-04  -6.1 3.55e-03    -  1.00e+00 1.00e+00h  1
2706  7.0469711e-04 1.02e-06 2.52e-04  -6.1 1.35e-03    -  1.00e+00 1.00e+00h  1
2707  7.0395395e-04 9.95e-07 3.18e-05  -6.1 1.08e-03    -  1.00e+00 1.00e+00h  1
2708  8.6052659e-04 5.28e-03 1.21e-01  -4.0 1.32e-01    -  1.00e+00 5.00e-01f  2
2709  7.3673844e-04 1.81e-03 1.21e-02  -4.1 3.82e-02    -  1.00e+00 1.00e+00h  1
iter    objective    inf_pr   inf_du lg(mu)  ||d||  lg(rg) alpha_du alpha_pr  ls
2710  7.9665842e-04 7.08e-04 2.76e-03  -4.1 2.65e-02    -  1.00e+00 1.00e+00h  1
2711  7.2721113e-04 3.73e-04 3.19e-01  -4.1 5.12e-02    -  1.00e+00 1.63e-01H  1
2712  7.2038363e-04 4.99e-05 8.38e-04  -4.1 9.24e-03    -  1.00e+00 1.00e+00f  1
2713  7.4397029e-04 2.19e-04 2.52e-02  -4.1 1.55e-02    -  1.00e+00 1.00e+00h  1
2714  7.0895475e-04 8.17e-05 3.65e-03  -4.1 9.92e-03    -  1.00e+00 1.00e+00h  1
2715  7.1006174e-04 2.43e-05 1.08e-02  -4.1 8.25e-03    -  1.00e+00 1.00e+00h  1
2716  7.0724211e-04 2.00e-05 5.19e-03  -4.1 7.17e-03    -  1.00e+00 1.00e+00h  1
2717  7.1113007e-04 1.15e-05 7.60e-03  -4.1 4.11e-03    -  1.00e+00 1.00e+00h  1
2718  7.0834571e-04 5.40e-06 2.82e-03  -4.1 2.70e-03    -  1.00e+00 1.00e+00h  1
2719  7.0842721e-04 8.28e-07 9.14e-04  -4.1 1.20e-03    -  1.00e+00 1.00e+00h  1
iter    objective    inf_pr   inf_du lg(mu)  ||d||  lg(rg) alpha_du alpha_pr  ls
2720  7.0849435e-04 5.35e-08 3.23e-04  -4.1 4.08e-04    -  1.00e+00 1.00e+00h  1
2721  7.0826392e-04 4.16e-08 9.88e-04  -6.1 2.79e-04    -  1.00e+00 1.00e+00h  1
2722  7.0475357e-04 7.37e-05 1.31e-02  -6.1 8.67e-02    -  1.00e+00 1.42e-01h  3
2723  7.0421995e-04 5.63e-05 6.93e-03  -6.1 5.44e-03    -  1.00e+00 2.50e-01h  3
2724  7.0409486e-04 1.29e-05 3.34e-04  -6.1 4.96e-03    -  1.00e+00 1.00e+00h  1
2725  7.0432525e-04 2.49e-07 2.55e-04  -6.1 5.01e-04    -  1.00e+00 1.00e+00h  1
2726  7.0417052e-04 1.79e-07 4.31e-05  -6.1 4.27e-04    -  1.00e+00 1.00e+00h  1
2727  7.0406252e-04 3.50e-08 2.19e-05  -6.1 2.57e-04    -  1.00e+00 1.00e+00h  1
2728  9.6201742e-04 4.28e-03 2.22e-02  -4.0 1.64e-01    -  1.00e+00 5.00e-01f  2
2729  7.4552033e-04 1.43e-03 6.86e-03  -4.1 4.55e-02    -  1.00e+00 1.00e+00h  1
iter    objective    inf_pr   inf_du lg(mu)  ||d||  lg(rg) alpha_du alpha_pr  ls
2730  9.0654263e-04 1.19e-03 1.16e-02  -4.1 6.01e-02    -  1.00e+00 5.00e-01h  2
2731  1.0420432e-03 1.56e-04 1.90e-03  -4.1 1.46e-02    -  1.00e+00 1.00e+00h  1
2732  7.8834966e-04 5.71e-04 4.91e-02  -4.1 5.48e-02    -  1.00e+00 5.00e-01h  2
2733  8.2777351e-04 3.96e-04 5.93e-03  -4.1 2.89e-02    -  1.00e+00 1.00e+00h  1
2734  7.2365997e-04 1.69e-04 2.55e-03  -4.1 1.61e-02    -  1.00e+00 1.00e+00h  1
2735  7.0943610e-04 9.95e-06 1.72e-03  -4.1 3.93e-03    -  1.00e+00 1.00e+00h  1
2736  7.1951742e-04 6.87e-05 3.17e-02  -4.1 1.09e-02    -  1.00e+00 1.00e+00h  1
2737  7.1096442e-04 2.71e-05 5.90e-03  -4.1 6.80e-03    -  1.00e+00 1.00e+00h  1
2738  7.1214654e-04 9.30e-06 4.17e-03  -4.1 3.77e-03    -  1.00e+00 1.00e+00h  1
2739  7.0949868e-04 2.54e-06 3.44e-03  -4.1 1.90e-03    -  1.00e+00 1.00e+00h  1
iter    objective    inf_pr   inf_du lg(mu)  ||d||  lg(rg) alpha_du alpha_pr  ls
2740  7.0917149e-04 3.17e-07 1.89e-03  -4.1 6.69e-04    -  1.00e+00 1.00e+00h  1
2741  7.0911219e-04 1.82e-08 4.01e-04  -4.1 1.72e-04    -  1.00e+00 1.00e+00h  1
2742  7.0884750e-04 4.92e-08 6.66e-04  -6.1 2.70e-04    -  1.00e+00 1.00e+00h  1
2743  7.0864560e-04 8.51e-05 4.42e-03  -6.1 4.50e-02    -  1.00e+00 2.50e-01h  3
2744  7.0510663e-04 4.71e-05 4.15e-03  -6.1 4.53e-03    -  1.00e+00 5.00e-01h  2
2745  7.0399331e-04 2.71e-05 9.27e-04  -6.1 3.68e-03    -  1.00e+00 5.00e-01h  2
2746  7.0425219e-04 1.49e-05 1.38e-03  -6.1 2.22e-03    -  1.00e+00 5.00e-01h  2
2747  7.0428542e-04 3.09e-07 1.04e-04  -6.1 6.45e-04    -  1.00e+00 1.00e+00h  1
2748  7.0439437e-04 4.11e-08 1.79e-05  -6.1 2.45e-04    -  1.00e+00 1.00e+00h  1
2749  7.0516493e-04 1.11e-09 6.01e-04  -6.1 3.99e-03    -  1.00e+00 1.00e+00H  1
iter    objective    inf_pr   inf_du lg(mu)  ||d||  lg(rg) alpha_du alpha_pr  ls
2750  9.5998974e-04 1.05e-02 2.41e-01  -4.0 9.01e-02    -  1.00e+00 1.00e+00f  1
2751  7.7503847e-04 2.91e-03 6.05e-02  -4.1 4.42e-02    -  1.00e+00 1.00e+00h  1
2752  7.2855408e-04 7.85e-04 1.60e-02  -4.1 2.48e-02    -  1.00e+00 1.00e+00h  1
2753  7.2789938e-04 3.65e-04 2.39e-02  -4.1 2.52e-02    -  1.00e+00 5.00e-01h  2
2754  7.2161363e-04 3.20e-04 6.67e-02  -4.1 2.56e-02    -  1.00e+00 2.50e-01h  3
2755  7.1187596e-04 5.69e-05 3.86e-03  -4.1 8.88e-03    -  1.00e+00 1.00e+00h  1
2756  7.2348513e-04 1.25e-05 5.61e-03  -4.1 4.19e-03    -  1.00e+00 1.00e+00h  1
2757  7.0890313e-04 2.20e-05 9.85e-03  -4.1 5.02e-03    -  1.00e+00 1.00e+00h  1
2758  7.3132596e-04 1.63e-05 5.79e-03  -4.1 3.77e-03    -  1.00e+00 1.00e+00h  1
2759  7.0845450e-04 1.20e-05 6.72e-03  -4.1 3.80e-03    -  1.00e+00 1.00e+00h  1
iter    objective    inf_pr   inf_du lg(mu)  ||d||  lg(rg) alpha_du alpha_pr  ls
2760  7.0920000e-04 5.44e-06 8.30e-03  -4.1 2.56e-03    -  1.00e+00 1.00e+00h  1
2761  7.0850717e-04 1.51e-06 5.66e-04  -4.1 1.21e-03    -  1.00e+00 1.00e+00h  1
2762  7.0830690e-04 1.85e-08 5.48e-04  -6.1 1.84e-04    -  1.00e+00 1.00e+00h  1
2763  7.0724132e-04 1.31e-06 7.88e-04  -6.1 1.37e-03    -  1.00e+00 1.00e+00h  1
2764  7.0514405e-04 1.96e-05 1.60e-02  -6.1 2.46e-02    -  1.00e+00 2.06e-01h  2
2765  7.0478987e-04 1.80e-06 2.96e-04  -6.1 1.34e-03    -  1.00e+00 1.00e+00h  1
2766  7.0433805e-04 4.92e-08 2.87e-04  -6.1 2.82e-04    -  1.00e+00 1.00e+00h  1
2767  7.0427958e-04 5.89e-09 7.73e-05  -6.1 1.10e-04    -  1.00e+00 1.00e+00h  1
2768  1.0585497e-03 3.61e-03 7.38e-02  -4.0 1.31e-01    -  1.00e+00 5.00e-01f  2
2769  7.7670877e-04 9.97e-04 1.00e-02  -4.1 3.45e-02    -  1.00e+00 1.00e+00h  1
iter    objective    inf_pr   inf_du lg(mu)  ||d||  lg(rg) alpha_du alpha_pr  ls
2770  8.3516860e-04 6.35e-04 4.85e-03  -4.1 2.31e-02    -  1.00e+00 1.00e+00h  1
2771  7.5607591e-04 1.89e-04 4.43e-02  -4.1 2.91e-02    -  1.00e+00 4.84e-01H  1
2772  7.1016179e-04 1.81e-04 3.14e-03  -4.1 1.54e-02    -  1.00e+00 1.00e+00f  1
2773  7.5731047e-04 1.57e-04 8.16e-02  -4.1 2.38e-02    -  1.00e+00 5.46e-01H  1
2774  7.0693649e-04 1.93e-04 6.04e-03  -4.1 1.68e-02    -  1.00e+00 1.00e+00F  1
2775  7.6971382e-04 9.31e-05 1.72e-02  -4.1 1.55e-02    -  1.00e+00 1.00e+00h  1
2776  7.1037985e-04 6.80e-05 9.34e-04  -4.1 1.06e-02    -  1.00e+00 1.00e+00h  1
2777  7.0823884e-04 2.37e-06 4.10e-03  -4.1 2.63e-03    -  1.00e+00 1.00e+00h  1
2778  7.1008971e-04 1.20e-05 6.65e-03  -4.1 3.45e-03    -  1.00e+00 1.00e+00h  1
2779  7.0870507e-04 4.66e-06 2.84e-03  -4.1 2.32e-03    -  1.00e+00 1.00e+00h  1
iter    objective    inf_pr   inf_du lg(mu)  ||d||  lg(rg) alpha_du alpha_pr  ls
2780  7.0813133e-04 2.31e-06 3.55e-03  -4.1 1.40e-03    -  1.00e+00 1.00e+00h  1
2781  7.0845076e-04 3.16e-07 1.25e-03  -4.1 6.33e-04    -  1.00e+00 1.00e+00h  1
2782  7.0842917e-04 2.86e-09 2.35e-04  -4.1 7.41e-05    -  1.00e+00 1.00e+00h  1
2783  7.0826958e-04 1.50e-08 9.27e-04  -6.1 2.03e-04    -  1.00e+00 1.00e+00h  1
2784  7.0757385e-04 3.22e-06 8.56e-04  -6.1 9.96e-03    -  1.00e+00 2.50e-01h  3
2785  7.0658410e-04 8.66e-06 9.89e-03  -6.1 1.99e-02    -  1.00e+00 1.63e-01h  3
2786  7.0473195e-04 1.12e-05 1.57e-02  -6.1 7.30e-03    -  1.00e+00 3.88e-01h  2
2787  7.0425891e-04 4.43e-06 4.39e-04  -6.1 2.33e-03    -  1.00e+00 1.00e+00h  1
2788  7.0373887e-04 4.89e-07 1.59e-04  -6.1 6.95e-04    -  1.00e+00 1.00e+00h  1
2789  1.0720602e-03 7.56e-03 1.46e-01  -4.0 1.31e-01    -  1.00e+00 1.00e+00f  1
iter    objective    inf_pr   inf_du lg(mu)  ||d||  lg(rg) alpha_du alpha_pr  ls
2790  7.9536328e-04 5.34e-03 3.68e-02  -4.1 1.06e-01    -  1.00e+00 1.00e+00h  1
2791  7.7994077e-04 5.18e-03 9.62e-02  -4.1 2.00e-01    -  9.99e-01 1.25e-01h  4
2792  6.4153209e-03 3.70e-03 3.55e-02  -4.1 8.01e-02    -  1.00e+00 1.00e+00h  1
2793  7.3543951e-04 5.47e-03 9.77e-03  -4.1 9.66e-02    -  1.00e+00 1.00e+00h  1
2794  7.1822085e-04 2.67e-04 3.81e-03  -4.1 2.75e-02    -  1.00e+00 1.00e+00h  1
2795  1.2060029e-03 3.04e-04 3.69e-02  -4.1 5.58e-02    -  1.00e+00 6.82e-01H  1
2796  7.1142056e-04 2.68e-04 5.08e-03  -4.1 4.46e-02    -  1.00e+00 1.00e+00F  1
2797  7.3189936e-04 9.75e-05 1.40e-02  -4.1 1.17e-02    -  1.00e+00 1.00e+00h  1
2798  7.0903414e-04 5.47e-05 2.41e-03  -4.1 9.82e-03    -  1.00e+00 1.00e+00h  1
2799  7.1004878e-04 2.11e-05 9.64e-03  -4.1 4.73e-03    -  1.00e+00 1.00e+00h  1
iter    objective    inf_pr   inf_du lg(mu)  ||d||  lg(rg) alpha_du alpha_pr  ls
2800  7.1090611e-04 1.51e-05 9.47e-03  -4.1 4.74e-03    -  1.00e+00 1.00e+00h  1
2801  7.0875480e-04 5.54e-06 3.60e-03  -4.1 2.54e-03    -  1.00e+00 1.00e+00h  1
2802  7.0926756e-04 6.94e-07 1.65e-03  -4.1 1.21e-03    -  1.00e+00 1.00e+00h  1
2803  7.0898192e-04 2.42e-07 5.86e-04  -4.1 3.89e-04    -  1.00e+00 1.00e+00h  1
2804  7.0877502e-04 5.91e-08 7.56e-04  -6.1 2.40e-04    -  1.00e+00 1.00e+00h  1
2805  7.0575735e-04 6.54e-05 1.15e-03  -6.1 1.62e-02    -  1.00e+00 5.00e-01h  2
2806  7.0651440e-04 4.96e-05 1.30e-02  -6.1 2.64e-03    -  1.00e+00 2.49e-01h  2
2807  7.0510187e-04 9.38e-06 5.11e-04  -6.1 3.04e-03    -  1.00e+00 1.00e+00h  1
2808  7.0461801e-04 8.05e-07 1.58e-04  -6.1 8.31e-04    -  1.00e+00 1.00e+00h  1
2809  7.0698812e-04 2.10e-07 2.78e-04  -6.1 2.32e-03    -  1.00e+00 1.00e+00H  1
iter    objective    inf_pr   inf_du lg(mu)  ||d||  lg(rg) alpha_du alpha_pr  ls
2810  7.0431506e-04 1.47e-06 7.56e-05  -6.1 1.03e-03    -  1.00e+00 1.00e+00h  1
2811  7.0429312e-04 4.42e-08 1.60e-05  -6.1 2.13e-04    -  1.00e+00 1.00e+00h  1
2812  7.0517699e-04 3.37e-08 3.71e-04  -6.1 3.69e-03    -  1.00e+00 1.00e+00H  1
2813  7.0392604e-04 2.11e-06 2.16e-04  -6.1 1.37e-03    -  1.00e+00 1.00e+00h  1
2814  7.0418673e-04 1.09e-06 4.92e-04  -6.1 3.45e-04    -  1.00e+00 5.00e-01h  2
2815  7.0393389e-04 1.47e-08 1.17e-05  -6.1 1.50e-04    -  1.00e+00 1.00e+00h  1
2816  9.5687424e-04 1.68e-03 5.39e-01  -4.0 4.13e-02    -  1.00e+00 1.00e+00f  1
2817  7.4386106e-04 6.68e-04 1.80e-01  -4.1 2.76e-02    -  1.00e+00 1.00e+00h  1
2818  7.6323014e-04 5.53e-04 7.18e-02  -4.1 3.06e-02    -  1.00e+00 1.00e+00H  1
2819  7.5552959e-04 1.16e-04 1.69e-02  -4.1 1.05e-02    -  1.00e+00 1.00e+00h  1
iter    objective    inf_pr   inf_du lg(mu)  ||d||  lg(rg) alpha_du alpha_pr  ls
2820  7.1835160e-04 7.78e-05 2.39e-02  -4.1 8.33e-03    -  1.00e+00 1.00e+00h  1
2821  7.1343666e-04 2.62e-05 1.33e-02  -4.1 5.21e-03    -  1.00e+00 1.00e+00h  1
2822  7.1140278e-04 2.44e-06 7.20e-03  -4.1 1.87e-03    -  1.00e+00 1.00e+00h  1
2823  7.0979020e-04 2.05e-08 6.37e-03  -4.1 2.02e-03    -  1.00e+00 1.00e+00H  1
2824  7.0908011e-04 1.86e-07 1.17e-02  -4.1 3.43e-03    -  1.00e+00 1.00e+00H  1
2825  7.0899344e-04 1.55e-07 1.45e-02  -4.1 4.00e-03    -  1.00e+00 1.00e+00H  1
2826  7.0981893e-04 2.75e-10 4.76e-03  -4.1 1.02e-03    -  1.00e+00 1.00e+00H  1
2827  7.0830413e-04 1.59e-06 2.44e-03  -4.1 1.16e-03    -  1.00e+00 1.00e+00h  1
2828  7.0838591e-04 1.40e-07 7.94e-04  -4.1 3.33e-04    -  1.00e+00 1.00e+00h  1
2829  7.0817526e-04 6.02e-08 1.25e-03  -6.1 2.88e-04    -  1.00e+00 1.00e+00h  1
iter    objective    inf_pr   inf_du lg(mu)  ||d||  lg(rg) alpha_du alpha_pr  ls
2830  7.0773847e-04 3.17e-06 9.54e-04  -6.1 8.85e-03    -  1.00e+00 2.50e-01h  3
2831  7.0442455e-04 1.63e-05 2.78e-03  -6.1 5.21e-03    -  1.00e+00 1.00e+00h  1
2832  7.0439561e-04 1.40e-05 4.17e-04  -6.1 3.83e-03    -  1.00e+00 1.00e+00h  1
2833  7.0497806e-04 6.94e-06 1.27e-03  -6.1 1.24e-03    -  1.00e+00 5.00e-01h  2
2834  7.0404104e-04 1.63e-07 4.59e-05  -6.1 4.90e-04    -  1.00e+00 1.00e+00h  1
2835  7.0404082e-04 2.44e-07 8.38e-05  -6.1 6.80e-04    -  1.00e+00 1.00e+00h  1
2836  7.0453811e-04 1.37e-07 2.78e-04  -6.1 1.89e-03    -  1.00e+00 1.00e+00H  1
2837  7.0388892e-04 1.43e-06 7.77e-05  -6.1 1.32e-03    -  1.00e+00 1.00e+00h  1
2838  7.0819357e-04 1.34e-09 2.28e-04  -6.1 1.46e-03    -  1.00e+00 1.00e+00H  1
2839  7.0384834e-04 1.59e-06 1.49e-05  -6.1 1.44e-03    -  1.00e+00 1.00e+00h  1
iter    objective    inf_pr   inf_du lg(mu)  ||d||  lg(rg) alpha_du alpha_pr  ls
2840  7.0386638e-04 5.65e-09 9.21e-06  -6.1 9.16e-05    -  1.00e+00 1.00e+00h  1
2841  9.3240555e-04 3.37e-03 1.18e-01  -4.0 1.39e-01    -  1.00e+00 5.00e-01f  2
2842  7.4872059e-04 1.55e-03 1.53e-02  -4.1 4.63e-02    -  1.00e+00 1.00e+00h  1
2843  2.3567849e-03 1.34e-03 4.31e-03  -4.1 3.82e-02    -  1.00e+00 1.00e+00h  1
2844  7.5585566e-04 1.05e-03 5.92e-03  -4.1 3.60e-02    -  1.00e+00 1.00e+00h  1
2845  1.5757940e-03 3.85e-04 1.36e-02  -4.1 2.04e-02    -  1.00e+00 1.00e+00h  1
2846  7.1893446e-04 7.07e-04 6.15e-03  -4.1 3.38e-02    -  1.00e+00 1.00e+00h  1
2847  7.2315390e-04 2.78e-04 1.06e-02  -4.1 1.95e-02    -  1.00e+00 1.00e+00h  1
2848  7.2933970e-04 1.63e-04 7.78e-03  -4.1 1.35e-02    -  1.00e+00 1.00e+00h  1
2849  7.3284283e-04 5.08e-05 1.13e-02  -4.1 7.48e-03    -  1.00e+00 1.00e+00h  1
iter    objective    inf_pr   inf_du lg(mu)  ||d||  lg(rg) alpha_du alpha_pr  ls
2850  7.1155762e-04 7.52e-05 6.47e-03  -4.1 1.03e-02    -  1.00e+00 1.00e+00h  1
2851  7.0904550e-04 4.99e-05 7.15e-03  -4.1 6.94e-03    -  1.00e+00 1.00e+00h  1
2852  7.0890459e-04 1.95e-05 4.60e-03  -4.1 4.97e-03    -  1.00e+00 1.00e+00h  1
2853  7.0850964e-04 4.67e-06 5.23e-03  -4.1 2.52e-03    -  1.00e+00 1.00e+00h  1
2854  7.0811938e-04 1.48e-06 2.43e-03  -4.1 1.10e-03    -  1.00e+00 1.00e+00h  1
2855  7.0844538e-04 2.52e-07 5.43e-04  -4.1 6.01e-04    -  1.00e+00 1.00e+00h  1
2856  7.0831628e-04 2.06e-08 7.44e-04  -6.1 1.61e-04    -  1.00e+00 1.00e+00h  1
2857  7.0433997e-04 2.68e-05 4.65e-04  -6.1 5.89e-03    -  1.00e+00 1.00e+00h  1
2858  7.0449952e-04 2.13e-05 1.48e-02  -6.1 4.60e-03    -  1.00e+00 2.10e-01h  2
2859  7.0466601e-04 2.24e-06 1.11e-04  -6.1 1.79e-03    -  1.00e+00 1.00e+00h  1
iter    objective    inf_pr   inf_du lg(mu)  ||d||  lg(rg) alpha_du alpha_pr  ls
2860  7.0450187e-04 1.97e-07 5.33e-05  -6.1 5.04e-04    -  1.00e+00 1.00e+00h  1
2861  7.0699829e-04 1.11e-08 3.58e-04  -6.1 4.35e-03    -  1.00e+00 1.00e+00H  1
2862  7.0435265e-04 1.42e-06 4.35e-04  -6.1 1.40e-03    -  1.00e+00 1.00e+00h  1
2863  7.0388765e-04 4.36e-06 9.27e-05  -6.1 2.33e-03    -  1.00e+00 1.00e+00h  1
2864  7.0386645e-04 4.64e-06 2.00e-03  -6.1 1.52e-02    -  1.00e+00 6.25e-02h  5
2865  7.0386207e-04 1.02e-06 5.64e-05  -6.1 1.08e-03    -  1.00e+00 1.00e+00h  1
2866  7.0452698e-04 2.55e-08 1.45e-04  -6.1 1.44e-03    -  1.00e+00 1.00e+00H  1
2867  7.0373340e-04 1.06e-06 2.85e-04  -6.1 1.12e-03    -  1.00e+00 1.00e+00h  1
2868  9.5891856e-04 5.93e-03 6.66e-01  -4.0 9.91e-02    -  1.00e+00 1.00e+00f  1
2869  7.6454683e-04 1.70e-03 1.57e-01  -4.1 5.00e-02    -  1.00e+00 1.00e+00h  1
iter    objective    inf_pr   inf_du lg(mu)  ||d||  lg(rg) alpha_du alpha_pr  ls
2870  7.2497119e-04 5.08e-04 4.14e-02  -4.1 2.37e-02    -  1.00e+00 1.00e+00h  1
2871  7.1738153e-04 1.85e-04 1.54e-02  -4.1 1.54e-02    -  1.00e+00 1.00e+00h  1
2872  7.2163098e-04 1.57e-04 4.34e-02  -4.1 2.53e-02    -  1.00e+00 2.50e-01h  3
2873  7.9730276e-04 8.02e-05 1.66e-02  -4.1 1.05e-02    -  1.00e+00 1.00e+00h  1
2874  7.1240266e-04 7.08e-05 1.29e-02  -4.1 1.30e-02    -  1.00e+00 1.00e+00H  1
2875  7.3740960e-04 4.84e-05 6.89e-03  -4.1 7.02e-03    -  1.00e+00 1.00e+00h  1
2876  7.1325139e-04 5.51e-06 6.21e-03  -4.1 3.22e-03    -  1.00e+00 1.00e+00h  1
2877  7.1015178e-04 7.90e-07 7.59e-03  -4.1 3.52e-03    -  1.00e+00 1.00e+00H  1
2878  7.0795013e-04 5.67e-06 9.84e-03  -4.1 3.34e-03    -  1.00e+00 1.00e+00h  1
2879  7.0840909e-04 3.89e-06 1.95e-03  -4.1 2.90e-03    -  1.00e+00 1.00e+00h  1
iter    objective    inf_pr   inf_du lg(mu)  ||d||  lg(rg) alpha_du alpha_pr  ls
2880  7.0872840e-04 2.45e-07 2.15e-03  -4.1 5.36e-04    -  1.00e+00 1.00e+00h  1
2881  7.0844262e-04 7.81e-08 1.38e-03  -4.1 3.75e-04    -  1.00e+00 1.00e+00h  1
2882  7.0834342e-04 3.01e-08 1.00e-03  -4.1 1.96e-04    -  1.00e+00 1.00e+00h  1
2883  7.0831254e-04 7.21e-09 8.77e-04  -4.1 1.10e-04    -  1.00e+00 1.00e+00h  1
2884  7.0825109e-04 8.00e-11 1.18e-03  -4.1 4.21e-04    -  1.00e+00 1.00e+00H  1
2885  7.1080759e-04 1.04e-12 1.46e-02  -4.0 2.96e-03    -  1.00e+00 1.00e+00H  1
2886  7.0828502e-04 2.08e-06 5.59e-03  -4.1 1.72e-03    -  1.00e+00 1.00e+00h  1
2887  7.0794985e-04 7.20e-07 4.01e-03  -4.1 9.89e-04    -  1.00e+00 1.00e+00h  1
2888  7.0806006e-04 3.39e-07 1.07e-03  -4.1 7.07e-04    -  1.00e+00 1.00e+00h  1
2889  7.0808932e-04 4.10e-09 4.90e-04  -4.1 9.55e-05    -  1.00e+00 1.00e+00h  1
iter    objective    inf_pr   inf_du lg(mu)  ||d||  lg(rg) alpha_du alpha_pr  ls
2890  7.0789609e-04 4.46e-07 1.36e-03  -6.1 7.83e-04    -  1.00e+00 1.00e+00h  1
2891  7.0661794e-04 1.16e-05 2.41e-03  -6.1 4.57e-03    -  1.00e+00 1.00e+00h  1
2892  7.0457172e-04 1.10e-05 1.69e-02  -6.1 7.10e-03    -  1.00e+00 1.93e-01h  2
2893  7.0407070e-04 9.21e-06 1.52e-02  -6.1 1.62e-02    -  1.00e+00 1.25e-01h  4
2894  7.0501089e-04 5.17e-07 1.80e-04  -6.1 1.09e-03    -  1.00e+00 1.00e+00h  1
2895  7.0413049e-04 1.05e-07 2.07e-04  -6.1 3.80e-04    -  1.00e+00 1.00e+00h  1
2896  7.0380136e-04 2.05e-08 1.32e-05  -6.1 1.51e-04    -  1.00e+00 1.00e+00h  1
2897  9.5413699e-04 8.29e-03 2.88e-01  -4.0 1.17e-01    -  1.00e+00 1.00e+00f  1
2898  7.8054324e-04 2.41e-03 7.17e-02  -4.1 5.81e-02    -  1.00e+00 1.00e+00h  1
2899  7.3314676e-04 4.73e-04 1.78e-02  -4.1 3.10e-02    -  1.00e+00 1.00e+00h  1
iter    objective    inf_pr   inf_du lg(mu)  ||d||  lg(rg) alpha_du alpha_pr  ls
2900  7.8935258e-04 2.16e-04 3.27e-03  -4.1 1.84e-02    -  1.00e+00 1.00e+00h  1
2901  7.2691028e-04 1.61e-04 8.99e-03  -4.1 1.63e-02    -  1.00e+00 1.00e+00h  1
2902  7.4819924e-04 1.18e-04 1.54e-03  -4.1 1.30e-02    -  1.00e+00 1.00e+00h  1
2903  8.1896920e-04 6.23e-05 2.16e-02  -4.1 1.18e-02    -  1.00e+00 1.00e+00h  1
2904  7.1142207e-04 4.27e-05 4.23e-03  -4.1 9.45e-03    -  1.00e+00 1.00e+00h  1
2905  7.1009954e-04 3.47e-05 9.09e-03  -4.1 7.75e-03    -  1.00e+00 1.00e+00h  1
2906  7.0937265e-04 1.90e-05 2.75e-03  -4.1 5.67e-03    -  1.00e+00 1.00e+00h  1
2907  7.0974617e-04 4.10e-06 5.32e-03  -4.1 2.74e-03    -  1.00e+00 1.00e+00h  1
2908  7.0852414e-04 1.87e-06 1.98e-03  -4.1 1.83e-03    -  1.00e+00 1.00e+00h  1
2909  7.0847324e-04 1.08e-07 8.50e-04  -4.1 3.84e-04    -  1.00e+00 1.00e+00h  1
iter    objective    inf_pr   inf_du lg(mu)  ||d||  lg(rg) alpha_du alpha_pr  ls
2910  7.0841614e-04 7.32e-09 1.67e-04  -4.1 8.20e-05    -  1.00e+00 1.00e+00h  1
2911  7.0817985e-04 5.82e-08 8.76e-04  -6.1 2.74e-04    -  1.00e+00 1.00e+00h  1
2912  7.0399381e-04 1.20e-04 9.53e-03  -6.1 6.58e-02    -  1.00e+00 1.74e-01h  3
2913  7.0461298e-04 9.08e-05 9.84e-03  -6.1 4.11e-03    -  1.00e+00 2.50e-01h  3
2914  7.0358454e-04 1.89e-05 1.07e-04  -6.1 4.39e-03    -  1.00e+00 1.00e+00h  1
2915  7.0377071e-04 7.22e-07 9.60e-05  -6.1 9.05e-04    -  1.00e+00 1.00e+00h  1
2916  7.0450591e-04 1.71e-08 2.00e-04  -6.1 1.05e-03    -  1.00e+00 1.00e+00H  1
2917  7.0382332e-04 3.75e-07 2.22e-05  -6.1 1.04e-03    -  1.00e+00 1.00e+00h  1
2918  7.0379084e-04 2.48e-08 2.99e-05  -6.1 2.25e-04    -  1.00e+00 1.00e+00h  1
2919  1.0354902e-03 3.46e-03 3.80e-02  -4.0 1.27e-01    -  1.00e+00 5.00e-01f  2
iter    objective    inf_pr   inf_du lg(mu)  ||d||  lg(rg) alpha_du alpha_pr  ls
2920  9.3261667e-04 3.07e-03 1.46e-02  -4.1 8.26e-02    -  1.00e+00 1.00e+00h  1
2921  9.1771745e-04 2.29e-03 3.43e-02  -4.1 1.53e-01    -  6.45e-01 2.50e-01h  3
2922  7.9323656e-04 1.46e-03 5.83e-03  -4.1 1.15e-01    -  1.00e+00 1.66e-01H  1
2923  7.1561703e-04 1.55e-03 1.80e-01  -4.1 1.96e-01    -  1.00e+00 2.50e-01f  3
2924  8.3761667e-04 6.86e-04 9.35e-03  -4.1 3.92e-02    -  1.00e+00 1.00e+00h  1
2925  8.3822752e-04 2.20e-04 4.23e-02  -4.1 7.21e-02    -  1.00e+00 7.77e-01H  1
2926  9.1099184e-04 3.21e-04 2.98e-02  -4.1 2.08e-01    -  1.00e+00 1.25e-01f  4
2927  7.1773104e-04 2.53e-04 5.91e-03  -4.1 1.27e-02    -  1.00e+00 1.00e+00h  1
2928  7.3962393e-04 9.99e-05 1.35e-02  -4.1 1.54e-02    -  1.00e+00 1.00e+00H  1
2929  7.4916749e-04 1.11e-04 4.53e-02  -4.1 5.17e-02    -  1.00e+00 2.50e-01h  3
iter    objective    inf_pr   inf_du lg(mu)  ||d||  lg(rg) alpha_du alpha_pr  ls
2930  7.1887830e-04 2.29e-04 1.02e-02  -4.1 1.75e-02    -  1.00e+00 1.00e+00h  1
2931  7.4245094e-04 3.47e-05 4.47e-02  -4.1 2.32e-02    -  1.00e+00 8.64e-01H  1
2932  7.2275219e-04 2.23e-05 3.18e-02  -4.1 1.95e-02    -  1.00e+00 2.50e-01f  3
2933  7.1812436e-04 2.76e-05 2.39e-01  -4.1 1.81e-02    -  1.00e+00 2.50e-01h  3
2934  7.2141031e-04 3.52e-05 1.34e-01  -4.1 8.53e-02    -  1.00e+00 6.25e-02h  5
2935  7.1319546e-04 3.49e-05 6.90e-02  -4.1 2.08e-02    -  1.00e+00 2.50e-01h  3
2936  7.3867375e-04 2.11e-05 1.01e-01  -4.1 8.62e-03    -  1.00e+00 5.00e-01h  2
2937  7.1169547e-04 1.21e-05 5.61e-03  -4.1 3.76e-03    -  1.00e+00 1.00e+00h  1
2938  7.0970289e-04 2.22e-06 4.50e-03  -4.1 1.67e-03    -  1.00e+00 1.00e+00h  1
2939  7.0940632e-04 6.77e-07 6.40e-03  -4.1 1.11e-03    -  1.00e+00 1.00e+00h  1
iter    objective    inf_pr   inf_du lg(mu)  ||d||  lg(rg) alpha_du alpha_pr  ls
2940  7.0902874e-04 3.56e-09 6.30e-03  -4.1 1.77e-03    -  1.00e+00 1.00e+00H  1
2941  7.0877076e-04 3.52e-07 2.11e-02  -4.1 2.35e-02    -  1.00e+00 3.12e-02h  6
2942  7.2037123e-04 9.62e-11 3.12e-02  -4.1 8.36e-03    -  1.00e+00 1.00e+00H  1
2943  7.0907654e-04 2.28e-09 1.19e-02  -4.1 3.62e-03    -  1.00e+00 1.00e+00H  1
2944  7.0958661e-04 2.92e-10 1.77e-02  -4.1 5.02e-03    -  1.00e+00 1.00e+00H  1
2945  7.0884041e-04 2.45e-09 8.61e-03  -4.1 4.68e-03    -  1.00e+00 1.00e+00H  1
2946  7.0865249e-04 7.81e-07 1.27e-02  -4.1 5.07e-03    -  1.00e+00 2.50e-01h  3
2947  7.0837579e-04 4.50e-06 2.95e-03  -4.1 2.83e-03    -  1.00e+00 1.00e+00h  1
2948  7.1399365e-04 3.68e-11 2.95e-02  -4.1 6.77e-03    -  1.00e+00 1.00e+00H  1
2949  7.0896419e-04 1.71e-09 1.61e-02  -4.1 1.03e-02    -  1.00e+00 1.00e+00H  1
iter    objective    inf_pr   inf_du lg(mu)  ||d||  lg(rg) alpha_du alpha_pr  ls
2950  7.1018618e-04 2.06e-06 1.81e-01  -4.1 1.32e-02    -  1.00e+00 1.25e-01h  4
2951  7.0806235e-04 7.78e-06 5.86e-03  -4.1 3.66e-03    -  1.00e+00 1.00e+00h  1
2952  7.0820091e-04 1.90e-07 2.09e-03  -4.1 4.62e-04    -  1.00e+00 1.00e+00h  1
2953  7.0803595e-04 1.57e-07 5.18e-04  -4.1 4.20e-04    -  1.00e+00 1.00e+00h  1
2954  7.0786569e-04 3.31e-08 7.16e-04  -6.1 2.17e-04    -  1.00e+00 1.00e+00h  1
2955  7.0743153e-04 4.76e-06 1.29e-03  -6.1 1.92e-02    -  1.00e+00 1.25e-01h  4
2956  7.0517302e-04 1.21e-05 4.78e-03  -6.1 7.94e-03    -  1.00e+00 4.36e-01h  2
2957  7.0443290e-04 7.68e-06 3.29e-04  -6.1 3.40e-03    -  1.00e+00 1.00e+00h  1
2958  7.1354621e-04 8.49e-09 8.38e-04  -6.1 4.33e-03    -  1.00e+00 1.00e+00H  1
2959  7.0404069e-04 1.24e-05 1.63e-04  -6.1 4.61e-03    -  1.00e+00 1.00e+00h  1
iter    objective    inf_pr   inf_du lg(mu)  ||d||  lg(rg) alpha_du alpha_pr  ls
2960  7.0403337e-04 2.15e-07 4.62e-05  -6.1 4.56e-04    -  1.00e+00 1.00e+00h  1
2961  7.0446223e-04 6.19e-08 4.72e-04  -6.1 3.79e-03    -  1.00e+00 1.00e+00H  1
2962  7.0571623e-04 2.26e-08 8.85e-04  -6.1 5.14e-03    -  1.00e+00 1.00e+00H  1
2963  7.4465207e-04 2.61e-09 2.59e-03  -6.1 1.23e-02    -  1.00e+00 1.00e+00H  1
2964  7.0352985e-04 1.46e-04 6.60e-04  -6.1 1.67e-02    -  1.00e+00 1.00e+00h  1
2965  7.0353567e-04 1.11e-04 3.48e-03  -6.1 4.81e-03    -  1.00e+00 2.50e-01h  3
2966  7.0356883e-04 2.60e-07 3.78e-05  -6.1 7.29e-04    -  1.00e+00 1.00e+00h  1
2967  9.3552399e-04 7.99e-03 2.39e-01  -4.0 1.24e-01    -  1.00e+00 1.00e+00f  1
2968  7.9821221e-04 2.19e-03 5.72e-02  -4.1 6.29e-02    -  1.00e+00 1.00e+00h  1
2969  3.2793818e-03 5.38e-04 1.59e-02  -4.1 3.96e-02    -  1.00e+00 1.00e+00H  1
iter    objective    inf_pr   inf_du lg(mu)  ||d||  lg(rg) alpha_du alpha_pr  ls
2970  7.5700284e-04 8.15e-04 1.09e-02  -4.1 3.23e-02    -  1.00e+00 9.48e-01h  1
2971  7.1914081e-04 2.18e-04 3.83e-03  -4.1 1.55e-02    -  1.00e+00 1.00e+00f  1
2972  7.5419296e-04 1.11e-04 1.36e-01  -4.1 2.28e-02    -  1.00e+00 4.93e-01H  1
2973  7.0997809e-04 5.90e-05 4.22e-03  -4.1 8.37e-03    -  1.00e+00 1.00e+00f  1
2974  7.2523493e-04 3.51e-05 4.07e-02  -4.1 1.12e-02    -  1.00e+00 9.04e-01H  1
2975  7.1107952e-04 1.98e-05 5.75e-03  -4.1 6.77e-03    -  1.00e+00 1.00e+00F  1
2976  7.0873216e-04 2.38e-05 1.43e-02  -4.1 4.99e-03    -  1.00e+00 1.00e+00h  1
2977  7.0975865e-04 1.36e-05 3.74e-03  -4.1 4.56e-03    -  1.00e+00 1.00e+00h  1
2978  7.0987996e-04 4.15e-06 4.09e-03  -4.1 2.25e-03    -  1.00e+00 1.00e+00h  1
2979  7.0933057e-04 8.98e-07 1.15e-03  -4.1 1.17e-03    -  1.00e+00 1.00e+00h  1
iter    objective    inf_pr   inf_du lg(mu)  ||d||  lg(rg) alpha_du alpha_pr  ls
2980  7.0932122e-04 2.54e-08 5.05e-04  -4.1 1.93e-04    -  1.00e+00 1.00e+00h  1
2981  7.0896783e-04 3.16e-07 7.80e-04  -6.1 6.39e-04    -  1.00e+00 1.00e+00h  1
2982  7.0879118e-04 3.60e-05 9.22e-04  -6.1 2.60e-02    -  1.00e+00 2.50e-01h  3
2983  7.0711302e-04 6.62e-05 1.81e-02  -6.1 6.70e-02    -  1.00e+00 9.91e-02h  3
2984  7.0750506e-04 4.94e-05 1.82e-02  -6.1 3.69e-03    -  1.00e+00 2.50e-01h  3
2985  7.0553289e-04 8.51e-06 1.33e-03  -6.1 3.28e-03    -  1.00e+00 1.00e+00h  1
2986  7.0414997e-04 3.64e-06 7.22e-04  -6.1 2.13e-03    -  1.00e+00 1.00e+00h  1
2987  7.0303577e-04 1.67e-05 7.76e-04  -6.1 4.76e-03    -  1.00e+00 1.00e+00h  1
2988  9.4955421e-04 2.09e-03 1.09e-01  -4.0 1.35e-01    -  1.00e+00 5.00e-01h  2
2989  9.7696904e-04 1.11e-03 1.30e-02  -4.1 4.43e-02    -  1.00e+00 1.00e+00h  1
iter    objective    inf_pr   inf_du lg(mu)  ||d||  lg(rg) alpha_du alpha_pr  ls
2990  2.2395483e-03 5.25e-04 3.79e-03  -4.1 2.79e-02    -  1.00e+00 1.00e+00h  1
2991  7.2400247e-04 3.17e-04 2.30e-03  -4.1 1.93e-02    -  1.00e+00 1.00e+00h  1
2992  7.1441367e-04 1.53e-04 6.23e-03  -4.1 1.58e-02    -  1.00e+00 1.00e+00h  1
2993  7.0443796e-04 8.91e-05 1.93e-02  -4.1 2.32e-02    -  1.00e+00 5.00e-01h  2
2994  7.2265036e-04 7.59e-05 9.15e-03  -4.1 1.20e-02    -  1.00e+00 1.00e+00h  1
2995  7.5668185e-04 1.34e-04 1.57e-02  -4.1 9.81e-03    -  1.00e+00 1.00e+00h  1
2996  7.0678772e-04 1.13e-04 3.74e-03  -4.1 1.22e-02    -  1.00e+00 1.00e+00h  1
2997  7.1098364e-04 1.44e-05 5.68e-03  -4.1 4.90e-03    -  1.00e+00 1.00e+00h  1
2998  7.0747261e-04 6.46e-06 5.27e-03  -4.1 4.11e-03    -  1.00e+00 1.00e+00h  1
2999  7.0910316e-04 2.51e-06 2.00e-03  -4.1 1.98e-03    -  1.00e+00 1.00e+00h  1
iter    objective    inf_pr   inf_du lg(mu)  ||d||  lg(rg) alpha_du alpha_pr  ls
3000  7.0840185e-04 4.97e-07 1.82e-03  -4.1 7.63e-04    -  1.00e+00 1.00e+00h  1
3001  7.0820555e-04 2.76e-07 1.29e-03  -4.1 6.69e-04    -  1.00e+00 1.00e+00h  1
3002  7.0822123e-04 3.74e-08 2.36e-04  -4.1 2.53e-04    -  1.00e+00 1.00e+00h  1
3003  7.0799877e-04 2.47e-08 9.43e-04  -6.1 2.63e-04    -  1.00e+00 1.00e+00h  1
3004  7.0649026e-04 9.49e-06 2.45e-02  -6.1 1.15e-01    -  1.00e+00 4.50e-02h  4
3005  7.0466512e-04 3.05e-06 3.80e-04  -6.1 1.62e-03    -  1.00e+00 1.00e+00h  1
3006  7.0374413e-04 3.43e-07 1.12e-04  -6.1 5.18e-04    -  1.00e+00 1.00e+00h  1
3007  8.9316369e-04 5.16e-03 1.98e-01  -4.0 1.24e-01    -  1.00e+00 1.00e+00f  1
3008  7.7163164e-04 1.35e-03 4.97e-02  -4.1 6.18e-02    -  1.00e+00 1.00e+00h  1
3009  8.7688056e-04 3.80e-04 1.16e-02  -4.1 3.31e-02    -  1.00e+00 1.00e+00h  1
iter    objective    inf_pr   inf_du lg(mu)  ||d||  lg(rg) alpha_du alpha_pr  ls
3010  8.5157884e-04 3.35e-04 1.58e-02  -4.1 4.14e-02    -  6.19e-01 5.00e-01h  2
3011  7.1964681e-04 7.09e-06 2.15e-03  -4.1 3.93e-03    -  1.00e+00 1.00e+00h  1
3012  6.9750026e-04 1.18e-03 2.06e-01  -4.1 5.94e-02    -  1.00e+00 1.00e+00h  1
3013  7.0356351e-04 3.26e-04 4.95e-02  -4.0 3.03e-02    -  1.00e+00 1.00e+00h  1
3014  9.1580211e-04 9.56e-05 9.63e-03  -4.1 1.54e-02    -  1.00e+00 1.00e+00h  1
3015  7.0994006e-04 3.78e-05 2.10e-03  -4.1 7.94e-03    -  1.00e+00 1.00e+00h  1
3016  7.0730582e-04 3.93e-06 5.28e-03  -4.1 2.88e-03    -  1.00e+00 1.00e+00h  1
3017  7.0894578e-04 1.35e-06 3.72e-03  -4.1 2.05e-03    -  1.00e+00 1.00e+00h  1
3018  7.0791741e-04 5.74e-07 1.56e-03  -4.1 1.13e-03    -  1.00e+00 1.00e+00h  1
3019  7.0804201e-04 4.48e-07 2.66e-03  -4.1 6.82e-04    -  1.00e+00 1.00e+00h  1
iter    objective    inf_pr   inf_du lg(mu)  ||d||  lg(rg) alpha_du alpha_pr  ls
3020  7.0806783e-04 1.42e-07 1.19e-04  -4.1 4.67e-04    -  1.00e+00 1.00e+00h  1
3021  7.0788608e-04 3.31e-08 1.08e-03  -6.1 2.36e-04    -  1.00e+00 1.00e+00h  1
3022  7.0689880e-04 6.49e-06 4.34e-02  -6.1 2.01e-01    -  1.00e+00 1.54e-02h  5
3023  7.0556330e-04 3.94e-06 1.74e-02  -6.1 2.60e-03    -  1.00e+00 5.00e-01h  2
3024  7.0517021e-04 6.94e-07 2.04e-04  -6.1 9.70e-04    -  1.00e+00 1.00e+00h  1
3025  7.0401509e-04 1.04e-07 1.48e-04  -6.1 3.93e-04    -  1.00e+00 1.00e+00h  1
3026  7.0373642e-04 4.43e-08 2.17e-05  -6.1 2.42e-04    -  1.00e+00 1.00e+00h  1
3027  9.3470016e-04 9.04e-03 2.53e-01  -4.0 1.22e-01    -  1.00e+00 1.00e+00f  1
3028  7.7329170e-04 2.71e-03 6.29e-02  -4.1 6.50e-02    -  1.00e+00 1.00e+00h  1
3029  7.4808532e-04 4.69e-04 1.92e-02  -4.1 3.04e-02    -  1.00e+00 1.00e+00h  1
iter    objective    inf_pr   inf_du lg(mu)  ||d||  lg(rg) alpha_du alpha_pr  ls
3030  8.3158533e-04 4.78e-04 4.80e-03  -4.1 2.36e-02    -  1.00e+00 1.00e+00h  1
3031  7.4158306e-04 2.23e-05 1.86e-03  -4.1 5.70e-03    -  1.00e+00 1.00e+00h  1
3032  7.1397024e-04 1.89e-05 1.18e-02  -4.1 5.63e-03    -  1.00e+00 1.00e+00h  1
3033  7.1664932e-04 2.38e-05 4.88e-03  -4.1 6.44e-03    -  1.00e+00 1.00e+00h  1
3034  7.4876045e-04 2.01e-05 2.23e-01  -4.1 8.99e-03    -  1.00e+00 6.50e-01H  1
3035  7.0958889e-04 1.61e-05 1.16e-02  -4.1 5.08e-03    -  1.00e+00 1.00e+00f  1
3036  7.1012615e-04 3.11e-05 1.14e-02  -4.1 5.95e-03    -  1.00e+00 1.00e+00h  1
3037  7.0829711e-04 1.84e-06 1.31e-03  -4.1 1.61e-03    -  1.00e+00 1.00e+00h  1
3038  7.0807108e-04 1.68e-07 8.82e-04  -4.1 6.41e-04    -  1.00e+00 1.00e+00h  1
3039  7.0822065e-04 3.69e-08 4.58e-04  -4.1 2.41e-04    -  1.00e+00 1.00e+00h  1
iter    objective    inf_pr   inf_du lg(mu)  ||d||  lg(rg) alpha_du alpha_pr  ls
3040  7.0804019e-04 2.56e-08 8.76e-04  -6.1 2.24e-04    -  1.00e+00 1.00e+00h  1
3041  7.0349512e-04 9.73e-05 7.11e-03  -6.1 6.65e-02    -  1.00e+00 2.12e-01h  3
3042  7.0531898e-04 5.08e-05 5.43e-03  -6.1 6.41e-03    -  1.00e+00 5.00e-01h  2
3043  7.0376131e-04 8.78e-06 6.52e-04  -6.1 4.66e-03    -  1.00e+00 1.00e+00h  1
3044  7.0412806e-04 4.35e-06 4.68e-03  -6.1 8.57e-04    -  1.00e+00 5.00e-01h  2
3045  7.0378931e-04 1.43e-07 2.24e-04  -6.1 6.74e-04    -  1.00e+00 1.00e+00h  1
3046  7.0378077e-04 8.91e-10 1.08e-05  -6.1 5.00e-05    -  1.00e+00 1.00e+00h  1
3047  8.7500207e-04 6.83e-03 2.18e-01  -4.0 1.25e-01    -  1.00e+00 1.00e+00f  1
3048  7.6621298e-04 1.84e-03 5.37e-02  -4.1 6.27e-02    -  1.00e+00 1.00e+00h  1
3049  7.6333024e-04 4.87e-04 1.31e-02  -4.1 3.29e-02    -  1.00e+00 1.00e+00h  1
iter    objective    inf_pr   inf_du lg(mu)  ||d||  lg(rg) alpha_du alpha_pr  ls
3050  1.1944552e-03 3.91e-04 2.94e-02  -4.1 3.53e-02    -  7.39e-01 5.00e-01h  2
3051  7.1801056e-04 2.19e-05 3.23e-03  -4.1 4.34e-03    -  1.00e+00 9.67e-01h  1
3052  6.8541225e-04 1.09e-03 9.67e-02  -4.1 4.95e-02    -  1.00e+00 1.00e+00f  1
3053  6.9749764e-04 2.83e-04 2.24e-02  -4.0 2.49e-02    -  1.00e+00 1.00e+00h  1
3054  7.0747830e-04 7.78e-05 2.37e-03  -4.0 1.29e-02    -  1.00e+00 1.00e+00h  1
3055  7.4208633e-04 5.77e-06 4.02e-03  -4.1 3.85e-03    -  1.00e+00 1.00e+00h  1
3056  7.0706756e-04 4.20e-06 5.79e-03  -4.1 3.09e-03    -  1.00e+00 1.00e+00h  1
3057  7.0988453e-04 3.54e-06 5.59e-03  -4.1 2.72e-03    -  1.00e+00 1.00e+00h  1
3058  7.0791867e-04 1.20e-06 2.41e-03  -4.1 1.32e-03    -  1.00e+00 1.00e+00h  1
3059  7.0803114e-04 2.89e-07 2.17e-03  -4.1 6.78e-04    -  1.00e+00 1.00e+00h  1
iter    objective    inf_pr   inf_du lg(mu)  ||d||  lg(rg) alpha_du alpha_pr  ls
3060  7.0805197e-04 5.41e-08 1.32e-04  -4.1 2.45e-04    -  1.00e+00 1.00e+00h  1
3061  7.0787526e-04 1.69e-08 9.52e-04  -6.1 2.15e-04    -  1.00e+00 1.00e+00h  1
3062  7.0769848e-04 3.05e-07 7.10e-03  -6.1 4.89e-02    -  1.00e+00 1.56e-02h  7
3063  6.9928587e-04 6.99e-05 8.07e-04  -6.1 1.35e-02    -  1.00e+00 1.00e+00h  1
3064  9.1452460e-04 5.87e-04 1.20e-02  -4.0 7.37e-02    -  1.00e+00 5.00e-01h  2
3065  7.0371254e-04 3.19e-04 9.16e-04  -4.1 2.85e-02    -  1.00e+00 1.00e+00h  1
3066  7.1666846e-04 6.19e-05 3.48e-03  -4.1 1.35e-02    -  1.00e+00 1.00e+00h  1
3067  7.1034064e-04 1.67e-04 9.94e-03  -4.1 1.71e-02    -  1.00e+00 1.00e+00h  1
3068  7.1914228e-04 6.99e-05 1.98e-03  -4.1 1.06e-02    -  1.00e+00 1.00e+00h  1
3069  7.1079429e-04 1.21e-06 3.54e-03  -4.1 1.96e-03    -  1.00e+00 1.00e+00h  1
iter    objective    inf_pr   inf_du lg(mu)  ||d||  lg(rg) alpha_du alpha_pr  ls
3070  7.0596916e-04 9.06e-06 1.33e-02  -4.1 4.73e-03    -  1.00e+00 1.00e+00h  1
3071  7.0785592e-04 3.71e-06 1.21e-03  -4.1 2.93e-03    -  1.00e+00 1.00e+00h  1
3072  7.0826375e-04 5.30e-07 2.78e-03  -4.1 7.18e-04    -  1.00e+00 1.00e+00h  1
3073  7.0801251e-04 2.20e-07 3.60e-04  -4.1 4.89e-04    -  1.00e+00 1.00e+00h  1
3074  7.0781185e-04 2.21e-08 1.03e-03  -6.1 2.39e-04    -  1.00e+00 1.00e+00h  1
3075  7.0721064e-04 2.83e-06 3.01e-02  -6.1 1.24e-01    -  1.00e+00 2.31e-02h  5
3076  7.0459099e-04 3.82e-06 4.43e-04  -6.1 2.88e-03    -  1.00e+00 1.00e+00h  1
3077  7.0403765e-04 1.86e-06 2.56e-03  -6.1 8.47e-04    -  1.00e+00 5.00e-01h  2
3078  7.0372673e-04 9.12e-08 3.55e-04  -6.1 6.15e-04    -  1.00e+00 1.00e+00h  1
3079  8.9137562e-04 4.03e-03 2.34e-01  -4.0 1.07e-01    -  1.00e+00 1.00e+00f  1
iter    objective    inf_pr   inf_du lg(mu)  ||d||  lg(rg) alpha_du alpha_pr  ls
3080  7.8390420e-04 1.03e-03 5.79e-02  -4.1 5.45e-02    -  1.00e+00 1.00e+00h  1
3081  1.7238030e-03 4.22e-04 1.18e-02  -4.1 3.37e-02    -  1.00e+00 1.00e+00h  1
3082  7.2979625e-04 1.00e-04 7.01e-03  -4.1 1.29e-02    -  1.00e+00 1.00e+00h  1
3083  7.0579455e-04 6.54e-05 2.22e-03  -4.1 1.40e-02    -  1.00e+00 1.00e+00h  1
3084  7.1100560e-04 2.91e-05 5.40e-03  -4.1 6.04e-03    -  1.00e+00 1.00e+00h  1
3085  7.1098302e-04 4.51e-05 1.35e-02  -4.1 7.00e-03    -  1.00e+00 1.00e+00h  1
3086  7.0747683e-04 2.09e-05 3.77e-03  -4.1 5.75e-03    -  1.00e+00 1.00e+00h  1
3087  7.0893116e-04 1.67e-06 4.21e-03  -4.1 2.10e-03    -  1.00e+00 1.00e+00h  1
3088  7.0788624e-04 7.62e-07 1.21e-03  -4.1 1.39e-03    -  1.00e+00 1.00e+00h  1
3089  7.0800657e-04 5.95e-08 2.01e-04  -4.1 2.99e-04    -  1.00e+00 1.00e+00h  1
iter    objective    inf_pr   inf_du lg(mu)  ||d||  lg(rg) alpha_du alpha_pr  ls
3090  7.0777486e-04 1.70e-08 9.81e-04  -6.1 2.03e-04    -  1.00e+00 1.00e+00h  1
3091  7.0625001e-04 2.62e-06 7.60e-04  -6.1 2.16e-03    -  1.00e+00 1.00e+00h  1
3092  7.0570269e-04 1.27e-05 3.80e-02  -6.1 4.27e-02    -  1.00e+00 9.32e-02h  2
3093  7.0510548e-04 1.23e-06 1.08e-04  -6.1 1.21e-03    -  1.00e+00 1.00e+00h  1
3094  7.0377040e-04 5.54e-08 1.29e-04  -6.1 3.42e-04    -  1.00e+00 1.00e+00h  1
3095  7.0370856e-04 9.64e-09 9.23e-05  -6.1 1.15e-04    -  1.00e+00 1.00e+00h  1
3096  8.9162910e-04 8.19e-03 2.16e-01  -4.0 1.28e-01    -  1.00e+00 1.00e+00f  1
3097  7.6791048e-04 2.42e-03 5.27e-02  -4.1 6.44e-02    -  1.00e+00 1.00e+00h  1
3098  7.6834847e-04 1.57e-03 1.56e-02  -4.1 4.28e-02    -  1.00e+00 1.00e+00h  1
3099  7.6517780e-04 1.25e-03 1.30e-03  -4.1 3.00e-02    -  1.00e+00 1.00e+00h  1
iter    objective    inf_pr   inf_du lg(mu)  ||d||  lg(rg) alpha_du alpha_pr  ls
3100  8.8790100e-04 3.41e-04 7.18e-02  -4.1 6.99e-02    -  1.00e+00 1.99e-01H  1
3101  7.1920732e-04 3.99e-04 1.00e-03  -4.1 1.57e-02    -  1.00e+00 1.00e+00f  1
3102  1.1204094e-03 3.05e-04 9.85e-03  -4.1 1.53e-02    -  1.00e+00 1.00e+00h  1
3103  7.0810978e-04 2.59e-04 7.30e-04  -4.1 1.29e-02    -  1.00e+00 1.00e+00h  1
3104  7.0827309e-04 6.09e-07 3.84e-04  -6.1 9.93e-04    -  1.00e+00 1.00e+00h  1
3105  7.0595143e-04 2.44e-05 8.66e-04  -6.1 5.18e-03    -  1.00e+00 1.00e+00h  1
3106  7.0701122e-04 2.37e-05 1.45e-03  -6.1 6.13e-03    -  1.00e+00 1.00e+00h  1
3107  7.0672821e-04 1.80e-05 1.31e-03  -6.1 2.21e-03    -  1.00e+00 2.50e-01h  3
3108  7.0454479e-04 1.46e-05 2.51e-04  -6.1 4.64e-03    -  1.00e+00 1.00e+00h  1
3109  7.0446106e-04 1.61e-06 3.73e-04  -6.1 9.99e-04    -  1.00e+00 1.00e+00h  1
iter    objective    inf_pr   inf_du lg(mu)  ||d||  lg(rg) alpha_du alpha_pr  ls
3110  7.0419007e-04 5.31e-06 2.95e-04  -6.1 3.60e-03    -  1.00e+00 5.00e-01h  2
3111  7.0350851e-04 1.32e-05 5.30e-04  -6.1 3.69e-03    -  1.00e+00 1.00e+00h  1
3112  7.0332331e-04 6.04e-06 3.05e-04  -6.1 3.47e-03    -  1.00e+00 5.00e-01h  2
3113  8.4699430e-04 1.66e-03 1.09e-01  -4.0 1.13e-01    -  1.00e+00 5.00e-01f  2
3114  9.8936823e-04 9.09e-04 1.55e-02  -4.1 2.64e-02    -  1.00e+00 1.00e+00h  1
3115  8.0793901e-04 4.88e-04 2.34e-03  -4.1 2.91e-02    -  1.00e+00 1.00e+00h  1
3116  7.3270796e-04 4.02e-04 6.96e-03  -4.1 2.69e-02    -  1.00e+00 1.00e+00h  1
3117  7.8884179e-04 3.22e-04 7.76e-03  -4.1 1.98e-02    -  1.00e+00 1.00e+00h  1
3118  7.1547636e-04 3.69e-04 1.04e-02  -4.1 1.81e-02    -  1.00e+00 1.00e+00h  1
3119  7.2074396e-04 2.66e-04 7.28e-03  -4.1 1.85e-02    -  1.00e+00 1.00e+00h  1
iter    objective    inf_pr   inf_du lg(mu)  ||d||  lg(rg) alpha_du alpha_pr  ls
3120  7.3475173e-04 1.31e-04 2.20e-02  -4.1 1.74e-02    -  1.00e+00 8.74e-01H  1
3121  7.1377249e-04 1.09e-04 5.13e-03  -4.1 1.22e-02    -  1.00e+00 1.00e+00f  1
3122  7.2874465e-04 9.38e-05 2.39e-02  -4.1 1.83e-02    -  1.00e+00 5.00e-01h  2
3123  7.1228094e-04 7.06e-06 1.41e-03  -4.1 3.01e-03    -  1.00e+00 1.00e+00h  1
3124  7.1008285e-04 3.52e-06 7.17e-03  -4.1 1.68e-03    -  1.00e+00 1.00e+00h  1
3125  7.1029495e-04 3.33e-06 3.90e-03  -4.1 2.11e-03    -  1.00e+00 1.00e+00h  1
3126  7.0897678e-04 1.29e-06 3.35e-03  -4.1 1.02e-03    -  1.00e+00 1.00e+00h  1
3127  7.1096783e-04 2.90e-06 5.17e-03  -4.1 1.99e-03    -  1.00e+00 1.00e+00h  1
3128  7.0888053e-04 5.81e-07 2.14e-03  -4.1 9.63e-04    -  1.00e+00 1.00e+00h  1
3129  7.0884606e-04 2.97e-07 1.59e-03  -4.1 8.32e-04    -  1.00e+00 1.00e+00h  1
iter    objective    inf_pr   inf_du lg(mu)  ||d||  lg(rg) alpha_du alpha_pr  ls
3130  7.1040086e-04 2.31e-08 4.32e-03  -4.1 2.03e-03    -  1.00e+00 1.00e+00H  1
3131  7.1038532e-04 5.80e-09 9.34e-03  -4.1 2.20e-03    -  1.00e+00 1.00e+00H  1
3132  7.0826433e-04 2.24e-06 2.19e-03  -4.1 2.12e-03    -  1.00e+00 1.00e+00h  1
3133  7.1038007e-04 2.23e-06 5.37e-03  -4.1 1.34e-03    -  1.00e+00 1.00e+00h  1
3134  7.0829512e-04 1.42e-06 4.10e-04  -4.1 1.06e-03    -  1.00e+00 1.00e+00h  1
3135  7.0800012e-04 8.97e-08 4.03e-04  -6.1 3.36e-04    -  1.00e+00 1.00e+00h  1
3136  7.0571563e-04 2.74e-05 8.01e-03  -6.1 1.06e-02    -  1.00e+00 5.00e-01h  2
3137  7.0395042e-04 8.71e-07 3.38e-04  -6.1 9.13e-04    -  1.00e+00 1.00e+00h  1
3138  7.0396654e-04 6.21e-07 1.27e-04  -6.1 8.76e-04    -  1.00e+00 1.00e+00h  1
3139  7.0404671e-04 2.69e-08 1.80e-04  -6.1 1.67e-04    -  1.00e+00 1.00e+00h  1
iter    objective    inf_pr   inf_du lg(mu)  ||d||  lg(rg) alpha_du alpha_pr  ls
3140  7.0391660e-04 1.32e-08 5.52e-05  -6.1 1.16e-04    -  1.00e+00 1.00e+00h  1
3141  7.0389334e-04 1.27e-08 1.96e-05  -6.1 1.11e-04    -  1.00e+00 1.00e+00h  1
3142  7.0363918e-04 3.03e-06 1.54e-04  -6.1 1.95e-03    -  1.00e+00 1.00e+00h  1
3143  7.0615197e-04 3.32e-09 5.32e-04  -6.1 4.43e-03    -  1.00e+00 1.00e+00H  1
3144  7.0417159e-04 1.73e-10 3.36e-04  -6.1 1.14e-03    -  1.00e+00 1.00e+00H  1
3145  9.7708629e-04 8.62e-03 1.06e+00  -4.0 9.95e-02    -  1.00e+00 1.00e+00f  1
3146  7.5591791e-04 4.47e-03 2.59e-01  -4.1 7.50e-02    -  1.00e+00 1.00e+00h  1
3147  7.9147949e-04 8.81e-04 6.10e-03  -4.1 2.67e-02    -  1.00e+00 1.00e+00h  1
3148  1.2634427e-03 5.34e-04 2.17e-02  -4.1 2.90e-02    -  1.00e+00 1.00e+00H  1
3149  9.3300216e-04 5.47e-04 8.62e-03  -4.1 2.76e-02    -  1.00e+00 1.00e+00h  1
iter    objective    inf_pr   inf_du lg(mu)  ||d||  lg(rg) alpha_du alpha_pr  ls
3150  8.9579801e-04 7.49e-04 9.45e-03  -4.1 3.10e-02    -  1.00e+00 1.00e+00h  1
3151  7.1005973e-04 3.11e-04 2.91e-03  -4.1 2.10e-02    -  1.00e+00 1.00e+00h  1
3152  7.1709567e-04 2.57e-05 1.77e-03  -4.1 4.51e-03    -  1.00e+00 1.00e+00h  1
3153  7.1188807e-04 1.57e-05 1.32e-02  -4.1 3.46e-03    -  1.00e+00 1.00e+00h  1
3154  7.0846368e-04 1.37e-05 5.93e-03  -4.1 4.25e-03    -  1.00e+00 1.00e+00h  1
3155  7.0934685e-04 9.47e-06 6.29e-03  -4.1 5.96e-03    -  1.00e+00 5.00e-01h  2
3156  7.0901986e-04 1.88e-06 1.73e-03  -4.1 1.77e-03    -  1.00e+00 1.00e+00h  1
3157  7.0894029e-04 5.86e-08 4.88e-04  -4.1 2.74e-04    -  1.00e+00 1.00e+00h  1
3158  7.0867645e-04 3.18e-08 6.46e-04  -6.1 2.16e-04    -  1.00e+00 1.00e+00h  1
3159  7.0736791e-04 2.80e-05 1.17e-03  -6.1 2.63e-02    -  1.00e+00 2.50e-01h  3
iter    objective    inf_pr   inf_du lg(mu)  ||d||  lg(rg) alpha_du alpha_pr  ls
3160  7.0527694e-04 2.09e-05 1.46e-02  -6.1 3.30e-03    -  1.00e+00 2.67e-01h  2
3161  7.0517525e-04 2.86e-06 5.20e-04  -6.1 2.20e-03    -  1.00e+00 1.00e+00h  1
3162  7.0440992e-04 2.35e-07 2.52e-04  -6.1 5.99e-04    -  1.00e+00 1.00e+00h  1
3163  7.0412397e-04 6.21e-08 2.22e-04  -6.1 2.67e-04    -  1.00e+00 1.00e+00h  1
3164  7.0398086e-04 1.82e-07 4.56e-05  -6.1 4.49e-04    -  1.00e+00 1.00e+00h  1
3165  7.0360583e-04 1.43e-06 1.01e-04  -6.1 1.34e-03    -  1.00e+00 1.00e+00h  1
3166  7.0363791e-04 3.36e-07 1.08e-04  -6.1 9.30e-04    -  1.00e+00 1.00e+00h  1
3167  7.0372689e-04 1.57e-08 1.94e-04  -6.1 1.57e-03    -  1.00e+00 1.00e+00H  1
3168  7.0365775e-04 3.35e-07 1.43e-03  -6.1 1.41e-02    -  1.00e+00 6.25e-02h  5
3169  9.8499187e-04 1.13e-02 1.70e-01  -4.0 1.43e-01    -  1.00e+00 1.00e+00f  1
iter    objective    inf_pr   inf_du lg(mu)  ||d||  lg(rg) alpha_du alpha_pr  ls
3170  7.9976874e-04 2.67e-03 4.21e-02  -4.1 7.20e-02    -  1.00e+00 1.00e+00h  1
3171  1.6391172e-03 1.23e-03 7.67e-03  -4.1 3.76e-02    -  1.00e+00 1.00e+00h  1
3172  7.2746370e-04 1.78e-04 5.85e-03  -4.1 1.92e-02    -  1.00e+00 1.00e+00h  1
3173  7.0719917e-04 2.89e-04 8.98e-03  -4.1 2.45e-02    -  1.00e+00 1.00e+00h  1
3174  7.1684109e-04 2.33e-04 4.11e-02  -4.1 2.26e-02    -  1.00e+00 2.50e-01h  3
3175  7.1055543e-04 1.95e-04 3.08e-02  -4.1 2.62e-02    -  1.00e+00 2.50e-01h  3
3176  8.5456961e-04 3.15e-04 2.16e-02  -4.1 2.31e-02    -  1.00e+00 1.00e+00h  1
3177  7.1308271e-04 1.36e-04 4.94e-03  -4.1 1.49e-02    -  1.00e+00 1.00e+00h  1
3178  7.0987200e-04 7.77e-05 1.31e-02  -4.1 1.14e-02    -  1.00e+00 1.00e+00h  1
3179  7.0887857e-04 5.14e-05 4.12e-03  -4.1 9.21e-03    -  1.00e+00 1.00e+00h  1
iter    objective    inf_pr   inf_du lg(mu)  ||d||  lg(rg) alpha_du alpha_pr  ls
3180  7.0831533e-04 6.28e-06 3.06e-03  -4.1 3.11e-03    -  1.00e+00 1.00e+00h  1
3181  7.0801714e-04 1.89e-06 2.83e-03  -4.1 1.59e-03    -  1.00e+00 1.00e+00h  1
3182  7.0857281e-04 5.79e-07 2.85e-03  -4.1 1.01e-03    -  1.00e+00 1.00e+00h  1
3183  7.0824474e-04 1.63e-07 6.85e-04  -4.1 3.69e-04    -  1.00e+00 1.00e+00h  1
3184  7.0807463e-04 2.97e-08 9.69e-04  -6.1 1.96e-04    -  1.00e+00 1.00e+00h  1
3185  7.0780668e-04 3.71e-05 1.38e-03  -6.1 2.81e-02    -  1.00e+00 2.50e-01h  3
3186  7.0498280e-04 2.27e-05 8.64e-03  -6.1 6.86e-04    -  1.00e+00 3.87e-01h  2
3187  7.0412336e-04 2.51e-06 2.43e-04  -6.1 1.78e-03    -  1.00e+00 1.00e+00h  1
3188  7.0448316e-04 7.13e-08 7.71e-05  -6.1 3.25e-04    -  1.00e+00 1.00e+00h  1
3189  7.0405928e-04 1.29e-08 7.62e-05  -6.1 1.40e-04    -  1.00e+00 1.00e+00h  1
iter    objective    inf_pr   inf_du lg(mu)  ||d||  lg(rg) alpha_du alpha_pr  ls
3190  7.0404671e-04 3.43e-09 2.23e-05  -6.1 6.00e-05    -  1.00e+00 1.00e+00h  1
3191  7.0365109e-04 6.69e-06 3.48e-04  -6.1 2.66e-03    -  1.00e+00 1.00e+00h  1
3192  7.0356435e-04 3.73e-06 2.66e-04  -6.1 2.08e-03    -  1.00e+00 1.00e+00h  1
3193  8.3683184e-04 5.78e-04 1.03e-01  -4.0 1.41e-01    -  1.00e+00 2.50e-01h  3
3194  7.4183920e-04 2.43e-04 4.08e-03  -4.1 2.21e-02    -  1.00e+00 1.00e+00h  1
3195  7.3962642e-04 1.21e-03 1.24e-02  -4.1 4.17e-02    -  1.00e+00 1.00e+00h  1
3196  7.0294640e-04 5.32e-04 1.01e-03  -4.1 2.68e-02    -  1.00e+00 1.00e+00h  1
3197  8.6368013e-04 1.51e-04 1.69e-02  -4.1 3.15e-02    -  1.00e+00 1.00e+00H  1
3198  7.9828552e-04 1.80e-04 4.92e-02  -4.1 3.98e-02    -  1.00e+00 2.50e-01h  3
3199  9.4462438e-04 4.85e-05 2.04e-02  -4.1 7.21e-03    -  1.00e+00 1.00e+00h  1
iter    objective    inf_pr   inf_du lg(mu)  ||d||  lg(rg) alpha_du alpha_pr  ls
3200  7.0903366e-04 2.19e-04 4.26e-02  -4.1 1.70e-02    -  1.00e+00 1.00e+00h  1
3201  7.1095627e-04 3.87e-05 2.16e-02  -4.1 7.41e-03    -  1.00e+00 1.00e+00h  1
3202  7.1096002e-04 2.53e-05 1.08e-02  -4.1 5.12e-03    -  1.00e+00 1.00e+00h  1
3203  7.0864940e-04 5.77e-05 2.02e-02  -4.1 9.08e-03    -  1.00e+00 1.00e+00h  1
3204  7.0770327e-04 4.60e-05 6.37e-02  -4.1 7.26e-03    -  1.00e+00 2.50e-01h  3
3205  7.0779733e-04 4.07e-05 9.47e-02  -4.1 6.43e-03    -  1.00e+00 1.25e-01h  4
3206  7.0748343e-04 3.85e-05 2.13e-02  -4.1 1.07e-02    -  1.00e+00 6.25e-02h  5
3207  7.0747241e-04 3.73e-05 1.28e-01  -4.1 4.57e-03    -  1.00e+00 3.12e-02h  6
3208  7.0748048e-04 3.70e-05 1.50e-01  -4.1 4.89e-03    -  1.00e+00 7.81e-03h  8
3209  7.8214749e-04 2.08e-05 2.12e-02  -4.1 8.58e-03    -  1.00e+00 1.00e+00H  1
iter    objective    inf_pr   inf_du lg(mu)  ||d||  lg(rg) alpha_du alpha_pr  ls
3210  7.0982535e-04 1.56e-05 5.88e-03  -4.1 5.02e-03    -  1.00e+00 1.00e+00h  1
3211  7.0702947e-04 4.24e-06 7.50e-03  -4.1 2.51e-03    -  1.00e+00 1.00e+00h  1
3212  7.0787361e-04 1.85e-06 2.09e-03  -4.1 1.40e-03    -  1.00e+00 1.00e+00h  1
3213  7.0785368e-04 1.79e-07 6.10e-04  -4.1 4.69e-04    -  1.00e+00 1.00e+00h  1
3214  7.0761366e-04 1.11e-07 1.07e-03  -6.1 4.00e-04    -  1.00e+00 1.00e+00h  1
3215  7.0702415e-04 1.84e-06 2.19e-02  -6.1 1.17e-01    -  1.00e+00 1.34e-02h  6
3216  7.0162067e-04 4.41e-05 1.43e-03  -6.1 8.17e-03    -  1.00e+00 1.00e+00h  1
3217  1.0287417e-03 9.90e-04 3.84e-02  -4.0 7.20e-02    -  1.00e+00 5.00e-01h  2
3218  7.2015567e-04 7.75e-04 2.41e-03  -4.1 3.20e-02    -  1.00e+00 1.00e+00h  1
3219  8.5290722e-04 7.44e-04 1.96e-02  -4.1 3.16e-02    -  1.00e+00 1.00e+00h  1
iter    objective    inf_pr   inf_du lg(mu)  ||d||  lg(rg) alpha_du alpha_pr  ls
3220  7.0267942e-04 2.88e-04 3.97e-03  -4.1 2.01e-02    -  1.00e+00 1.00e+00h  1
3221  7.1598598e-04 1.21e-04 5.76e-03  -4.1 1.43e-02    -  1.00e+00 1.00e+00h  1
3222  7.0431461e-04 6.42e-05 4.69e-03  -4.1 1.06e-02    -  1.00e+00 1.00e+00h  1
3223  7.1014819e-04 2.35e-05 5.56e-03  -4.1 6.18e-03    -  1.00e+00 1.00e+00h  1
3224  7.0796879e-04 1.90e-05 7.39e-03  -4.1 5.53e-03    -  1.00e+00 1.00e+00h  1
3225  7.0774641e-04 1.76e-05 1.19e-02  -4.1 5.05e-03    -  1.00e+00 1.00e+00h  1
3226  7.0800397e-04 9.19e-06 1.44e-03  -4.1 2.74e-03    -  1.00e+00 1.00e+00h  1
3227  7.0771255e-04 8.33e-08 3.59e-04  -4.1 5.06e-04    -  1.00e+00 1.00e+00h  1
3228  7.0749857e-04 8.05e-08 8.67e-04  -6.1 3.57e-04    -  1.00e+00 1.00e+00h  1
3229  7.0670968e-04 1.25e-06 9.78e-04  -6.1 1.25e-03    -  1.00e+00 1.00e+00h  1
iter    objective    inf_pr   inf_du lg(mu)  ||d||  lg(rg) alpha_du alpha_pr  ls
3230  7.0282839e-04 3.21e-05 4.33e-02  -6.1 7.60e-02    -  1.00e+00 8.16e-02h  2
3231  7.0566265e-04 1.62e-05 4.27e-04  -6.1 4.28e-03    -  1.00e+00 1.00e+00h  1
3232  7.0516110e-04 3.10e-06 6.00e-04  -6.1 2.00e-03    -  1.00e+00 1.00e+00h  1
3233  7.0295478e-04 6.52e-06 7.26e-05  -6.1 2.85e-03    -  1.00e+00 1.00e+00h  1
3234  9.4590456e-04 7.11e-03 1.53e-01  -4.0 1.09e-01    -  1.00e+00 1.00e+00f  1
3235  7.6814702e-04 1.97e-03 3.81e-02  -4.1 5.50e-02    -  1.00e+00 1.00e+00h  1
3236  1.6065221e-03 7.98e-04 1.02e-02  -4.1 2.86e-02    -  1.00e+00 1.00e+00h  1
3237  7.2426426e-04 2.55e-04 2.09e-03  -4.1 2.10e-02    -  1.00e+00 1.00e+00h  1
3238  8.3335390e-04 1.67e-04 8.24e-03  -4.1 1.34e-02    -  1.00e+00 1.00e+00h  1
3239  7.1793306e-04 2.57e-04 3.23e-02  -4.1 2.12e-02    -  1.00e+00 1.00e+00h  1
iter    objective    inf_pr   inf_du lg(mu)  ||d||  lg(rg) alpha_du alpha_pr  ls
3240  7.5853461e-04 9.12e-05 9.63e-03  -4.1 9.57e-03    -  1.00e+00 1.00e+00h  1
3241  7.0916845e-04 1.86e-06 4.30e-03  -4.1 7.73e-03    -  1.00e+00 1.00e+00H  1
3242  7.0960984e-04 2.31e-05 2.30e-02  -4.1 8.11e-03    -  1.00e+00 1.00e+00h  1
3243  7.0711370e-04 1.45e-05 3.27e-03  -4.1 5.07e-03    -  1.00e+00 1.00e+00h  1
3244  7.0870625e-04 2.21e-06 4.51e-03  -4.1 1.86e-03    -  1.00e+00 1.00e+00h  1
3245  7.0773799e-04 1.17e-06 1.25e-03  -4.1 1.31e-03    -  1.00e+00 1.00e+00h  1
3246  7.0770629e-04 3.85e-07 1.96e-03  -4.1 5.70e-04    -  1.00e+00 1.00e+00h  1
3247  7.0778705e-04 5.51e-08 2.16e-04  -4.1 3.31e-04    -  1.00e+00 1.00e+00h  1
3248  7.0757444e-04 6.76e-08 9.90e-04  -6.1 3.01e-04    -  1.00e+00 1.00e+00h  1
3249  6.9708519e-04 4.76e-04 1.07e-03  -6.1 2.70e-02    -  1.00e+00 1.00e+00h  1
iter    objective    inf_pr   inf_du lg(mu)  ||d||  lg(rg) alpha_du alpha_pr  ls
3250  9.6343706e-04 5.74e-04 1.60e-02  -4.0 9.22e-02    -  1.00e+00 2.50e-01h  3
3251  6.9971064e-04 2.55e-04 4.32e-03  -4.1 1.63e-02    -  1.00e+00 1.00e+00h  1
3252  7.3055510e-04 5.67e-04 5.64e-03  -4.1 2.85e-02    -  1.00e+00 1.00e+00h  1
3253  7.3248096e-04 4.89e-04 3.83e-03  -4.1 4.22e-02    -  1.00e+00 2.50e-01h  3
3254  7.1029653e-04 6.97e-04 5.25e-03  -4.1 9.35e-02    -  1.00e+00 2.50e-01h  3
3255  7.0765998e-04 5.42e-04 2.90e-02  -4.1 2.62e-02    -  1.00e+00 2.50e-01h  3
3256  7.1070066e-04 4.97e-04 5.46e-02  -4.1 5.12e-02    -  1.00e+00 1.25e-01h  4
3257  7.2089390e-04 1.90e-04 1.20e-02  -4.1 2.65e-02    -  1.00e+00 1.00e+00h  1
3258  7.3337775e-04 1.04e-04 2.35e-03  -4.1 1.93e-02    -  1.00e+00 1.00e+00h  1
3259  7.0377758e-04 1.56e-04 9.62e-02  -4.1 1.03e-01    -  1.00e+00 1.25e-01h  4
iter    objective    inf_pr   inf_du lg(mu)  ||d||  lg(rg) alpha_du alpha_pr  ls
3260  7.1671954e-04 1.31e-04 3.49e-02  -4.1 1.83e-02    -  1.00e+00 5.00e-01h  2
3261  7.1549430e-04 1.62e-04 1.03e-02  -4.1 1.42e-02    -  1.00e+00 1.00e+00h  1
3262  7.0695103e-04 1.12e-04 3.49e-03  -4.1 1.37e-02    -  1.00e+00 1.00e+00h  1
3263  7.2691331e-04 3.96e-05 1.12e-02  -4.1 6.95e-03    -  1.00e+00 1.00e+00h  1
3264  7.0928566e-04 6.13e-05 8.39e-03  -4.1 9.21e-03    -  1.00e+00 1.00e+00h  1
3265  7.0731761e-04 3.94e-05 7.20e-02  -4.1 7.95e-03    -  1.00e+00 5.00e-01h  2
3266  7.3905823e-04 1.56e-05 1.15e-02  -4.1 3.75e-03    -  1.00e+00 1.00e+00h  1
3267  7.0797430e-04 1.34e-05 1.22e-03  -4.1 4.49e-03    -  1.00e+00 1.00e+00h  1
3268  7.0774706e-04 3.87e-07 1.62e-03  -4.1 6.92e-04    -  1.00e+00 1.00e+00h  1
3269  7.0773497e-04 1.41e-07 2.81e-04  -4.1 4.56e-04    -  1.00e+00 1.00e+00h  1
iter    objective    inf_pr   inf_du lg(mu)  ||d||  lg(rg) alpha_du alpha_pr  ls
3270  7.0740081e-04 1.52e-07 5.49e-04  -6.1 4.60e-04    -  1.00e+00 1.00e+00h  1
3271  7.0595167e-04 7.07e-05 1.41e-02  -6.1 6.91e-02    -  1.00e+00 1.46e-01h  3
3272  7.0292033e-04 3.44e-05 9.05e-03  -6.1 3.05e-03    -  1.00e+00 5.00e-01h  2
3273  7.0330927e-04 5.00e-06 8.62e-04  -6.1 2.80e-03    -  1.00e+00 1.00e+00h  1
3274  9.4323381e-04 9.99e-04 8.30e-02  -4.0 1.53e-01    -  1.00e+00 2.50e-01h  3
3275  7.2814856e-04 4.02e-04 3.51e-03  -4.1 2.37e-02    -  1.00e+00 1.00e+00h  1
3276  7.1676694e-04 9.90e-04 9.55e-03  -4.1 3.80e-02    -  1.00e+00 1.00e+00h  1
3277  7.0538774e-04 5.42e-04 1.28e-03  -4.1 2.79e-02    -  1.00e+00 1.00e+00h  1
3278  7.1369321e-04 5.01e-05 3.61e-03  -4.1 7.10e-03    -  1.00e+00 1.00e+00h  1
3279  7.3029332e-04 2.82e-04 2.36e-02  -4.1 1.90e-02    -  1.00e+00 1.00e+00h  1
iter    objective    inf_pr   inf_du lg(mu)  ||d||  lg(rg) alpha_du alpha_pr  ls
3280  7.3090226e-04 8.72e-05 8.34e-03  -4.1 9.69e-03    -  1.00e+00 1.00e+00h  1
3281  7.1058825e-04 6.23e-05 1.21e-02  -4.1 1.83e-02    -  1.00e+00 5.00e-01h  2
3282  7.1150197e-04 5.64e-05 2.77e-02  -4.1 1.64e-02    -  1.00e+00 1.25e-01h  4
3283  7.0869217e-04 6.07e-06 2.99e-03  -4.1 3.16e-03    -  1.00e+00 1.00e+00h  1
3284  7.0781729e-04 3.41e-06 3.46e-03  -4.1 2.28e-03    -  1.00e+00 1.00e+00h  1
3285  7.0774991e-04 1.14e-06 2.04e-03  -4.1 1.26e-03    -  1.00e+00 1.00e+00h  1
3286  7.0805860e-04 3.50e-07 2.23e-03  -4.1 8.50e-04    -  1.00e+00 1.00e+00h  1
3287  7.0768799e-04 3.46e-07 6.25e-04  -4.1 6.15e-04    -  1.00e+00 1.00e+00h  1
3288  7.0749729e-04 1.44e-07 1.17e-03  -6.1 6.54e-04    -  1.00e+00 1.00e+00h  1
3289  7.0795886e-04 1.52e-09 8.10e-04  -6.1 1.49e-03    -  1.00e+00 1.00e+00H  1
iter    objective    inf_pr   inf_du lg(mu)  ||d||  lg(rg) alpha_du alpha_pr  ls
3290  7.0611184e-04 7.05e-07 6.07e-04  -6.1 8.23e-04    -  1.00e+00 1.00e+00h  1
3291  7.0407224e-04 4.87e-06 5.83e-04  -6.1 3.23e-03    -  1.00e+00 1.00e+00h  1
3292  7.0318176e-04 2.69e-06 8.67e-03  -6.1 3.59e-03    -  1.00e+00 4.05e-01h  2
3293  1.1126738e-03 1.93e-03 1.01e-01  -4.0 1.65e-01    -  1.00e+00 5.00e-01f  2
3294  1.0253656e-03 2.18e-03 1.51e-02  -4.1 5.89e-02    -  1.00e+00 1.00e+00h  1
3295  8.9897465e-04 8.52e-04 2.63e-03  -4.1 4.03e-02    -  1.00e+00 1.00e+00h  1
3296  3.6191943e-03 3.02e-04 7.56e-03  -4.1 5.53e-02    -  1.00e+00 8.27e-01H  1
3297  7.4105126e-04 2.94e-03 5.09e-02  -4.1 6.51e-02    -  1.00e+00 1.00e+00f  1
3298  7.3755780e-04 4.63e-04 2.16e-03  -4.1 3.32e-02    -  1.00e+00 1.00e+00h  1
3299  7.3011341e-04 2.80e-04 4.06e-03  -4.1 2.48e-02    -  1.00e+00 5.00e-01h  2
iter    objective    inf_pr   inf_du lg(mu)  ||d||  lg(rg) alpha_du alpha_pr  ls
3300  7.2914389e-04 3.61e-05 2.97e-03  -4.1 6.73e-03    -  1.00e+00 1.00e+00h  1
3301  7.1668686e-04 5.67e-05 1.36e-02  -4.1 7.69e-03    -  1.00e+00 1.00e+00h  1
3302  7.2953817e-04 2.32e-05 2.05e-02  -4.1 6.96e-03    -  1.00e+00 1.00e+00H  1
3303  7.0955335e-04 1.73e-05 4.31e-02  -4.1 5.35e-03    -  1.00e+00 5.00e-01h  2
3304  7.1019959e-04 3.51e-05 1.38e-01  -4.1 1.49e-02    -  1.00e+00 5.00e-01h  2
3305  7.0970691e-04 1.39e-05 2.31e-03  -4.1 4.90e-03    -  1.00e+00 1.00e+00h  1
3306  7.0934024e-04 1.17e-06 2.07e-03  -4.1 1.01e-03    -  1.00e+00 1.00e+00h  1
3307  7.0797883e-04 2.20e-07 4.18e-04  -4.1 4.33e-04    -  1.00e+00 1.00e+00h  1
3308  7.0761648e-04 1.57e-07 1.11e-03  -6.1 3.88e-04    -  1.00e+00 1.00e+00h  1
3309  7.0635664e-04 9.27e-06 1.78e-03  -6.1 1.67e-02    -  1.00e+00 2.50e-01h  3
iter    objective    inf_pr   inf_du lg(mu)  ||d||  lg(rg) alpha_du alpha_pr  ls
3310  7.0415518e-04 1.41e-05 1.45e-02  -6.1 1.20e-02    -  1.00e+00 2.49e-01h  2
3311  7.0315023e-04 5.74e-06 1.28e-02  -6.1 2.87e-03    -  1.00e+00 5.00e-01h  2
3312  7.0320185e-04 5.73e-07 1.01e-04  -6.1 7.81e-04    -  1.00e+00 1.00e+00h  1
3313  1.0469688e-03 1.48e-02 2.98e-01  -4.0 1.30e-01    -  1.00e+00 1.00e+00f  1
3314  7.9739701e-04 4.15e-03 7.41e-02  -4.1 7.41e-02    -  1.00e+00 1.00e+00h  1
3315  1.9059105e-03 1.16e-03 2.20e-02  -4.1 3.87e-02    -  1.00e+00 1.00e+00h  1
3316  7.5101701e-04 3.29e-04 1.27e-02  -4.1 2.71e-02    -  1.00e+00 1.00e+00h  1
3317  7.9340597e-04 1.57e-04 2.62e-03  -4.1 1.60e-02    -  1.00e+00 1.00e+00h  1
3318  7.1400177e-04 6.68e-05 1.48e-01  -4.1 1.99e-02    -  1.00e+00 4.95e-01H  1
3319  7.1592610e-04 6.10e-05 2.21e-03  -4.1 7.25e-03    -  1.00e+00 1.00e+00f  1
iter    objective    inf_pr   inf_du lg(mu)  ||d||  lg(rg) alpha_du alpha_pr  ls
3320  7.4969363e-04 4.69e-05 4.86e-01  -4.1 2.23e-02    -  1.00e+00 3.52e-01H  1
3321  7.1453257e-04 2.83e-05 6.62e-03  -4.1 7.01e-03    -  1.00e+00 1.00e+00f  1
3322  7.0618598e-04 6.68e-05 1.46e-02  -4.1 1.01e-02    -  1.00e+00 1.00e+00h  1
3323  7.0930075e-04 2.41e-05 7.90e-03  -4.1 7.48e-03    -  1.00e+00 1.00e+00h  1
3324  7.1085437e-04 1.97e-05 7.86e-03  -4.1 3.94e-03    -  1.00e+00 1.00e+00h  1
3325  7.0796430e-04 9.83e-06 2.24e-03  -4.1 2.82e-03    -  1.00e+00 1.00e+00h  1
3326  7.0837941e-04 5.28e-07 1.07e-03  -4.1 7.74e-04    -  1.00e+00 1.00e+00h  1
3327  7.0819286e-04 3.68e-08 7.81e-04  -4.1 2.53e-04    -  1.00e+00 1.00e+00h  1
3328  7.0782380e-04 2.14e-07 8.74e-04  -6.1 5.42e-04    -  1.00e+00 1.00e+00h  1
3329  7.1245138e-04 1.69e-09 7.43e-04  -6.1 1.03e-02    -  1.00e+00 1.00e+00H  1
iter    objective    inf_pr   inf_du lg(mu)  ||d||  lg(rg) alpha_du alpha_pr  ls
3330  7.1115281e-04 1.59e-08 2.20e-02  -6.1 2.38e-03    -  1.00e+00 6.25e-02h  5
3331  7.0504983e-04 8.52e-07 1.02e-02  -6.1 1.13e-03    -  7.96e-01 1.00e+00h  1
3332  7.0544171e-04 1.81e-05 7.07e-04  -6.1 4.88e-03    -  1.00e+00 1.00e+00h  1
3333  7.0510036e-04 1.36e-05 1.80e-03  -6.1 3.35e-03    -  1.00e+00 2.50e-01h  3
3334  7.0341344e-04 3.64e-06 1.89e-04  -6.1 1.89e-03    -  1.00e+00 1.00e+00h  1
3335  7.0550679e-04 4.68e-07 1.50e-04  -6.1 8.39e-04    -  1.00e+00 1.00e+00h  1
3336  7.0341875e-04 5.80e-07 3.58e-05  -6.1 7.03e-04    -  1.00e+00 1.00e+00h  1
3337  7.0339530e-04 1.49e-08 2.37e-05  -6.1 1.15e-04    -  1.00e+00 1.00e+00h  1
3338  1.1115098e-03 3.52e-03 1.59e-01  -4.0 1.17e-01    -  1.00e+00 5.00e-01f  2
3339  8.1741916e-04 7.95e-04 1.97e-02  -4.1 3.11e-02    -  1.00e+00 1.00e+00h  1
iter    objective    inf_pr   inf_du lg(mu)  ||d||  lg(rg) alpha_du alpha_pr  ls
3340  8.4105933e-04 5.92e-04 1.66e-03  -4.1 2.68e-02    -  1.00e+00 1.00e+00h  1
3341  1.0640103e-03 3.29e-05 4.37e-03  -4.1 8.70e-03    -  1.00e+00 1.00e+00h  1
3342  7.6090751e-04 1.03e-03 7.88e-02  -4.1 3.83e-02    -  1.00e+00 1.00e+00h  1
3343  7.5404542e-04 2.19e-04 1.42e-02  -4.1 2.05e-02    -  1.00e+00 1.00e+00h  1
3344  7.2630095e-04 1.56e-04 2.09e-03  -4.1 1.40e-02    -  1.00e+00 1.00e+00h  1
3345  7.4624560e-04 2.97e-05 9.16e-03  -4.1 6.97e-03    -  1.00e+00 1.00e+00h  1
3346  7.1126102e-04 3.01e-05 1.54e-02  -4.1 6.46e-03    -  1.00e+00 1.00e+00h  1
3347  7.0865320e-04 1.31e-05 6.87e-03  -4.1 4.19e-03    -  1.00e+00 1.00e+00h  1
3348  7.0871247e-04 8.06e-06 8.26e-03  -4.1 3.33e-03    -  1.00e+00 1.00e+00h  1
3349  7.0830340e-04 3.45e-06 2.83e-03  -4.1 1.93e-03    -  1.00e+00 1.00e+00h  1
iter    objective    inf_pr   inf_du lg(mu)  ||d||  lg(rg) alpha_du alpha_pr  ls
3350  7.0817288e-04 1.06e-07 4.62e-04  -4.1 4.05e-04    -  1.00e+00 1.00e+00h  1
3351  7.0797833e-04 3.60e-08 8.44e-04  -6.1 1.91e-04    -  1.00e+00 1.00e+00h  1
3352  7.0612655e-04 1.82e-05 3.49e-03  -6.1 3.42e-02    -  1.00e+00 1.25e-01h  4
3353  7.0491936e-04 1.29e-05 1.18e-02  -6.1 3.01e-03    -  1.00e+00 3.48e-01h  2
3354  7.0408677e-04 5.06e-07 3.36e-04  -6.1 6.36e-04    -  1.00e+00 1.00e+00h  1
3355  7.0373790e-04 6.84e-09 2.19e-04  -6.1 8.43e-05    -  1.00e+00 1.00e+00h  1
3356  7.0371364e-04 1.76e-09 1.57e-04  -6.1 3.88e-05    -  1.00e+00 1.00e+00h  1
3357  1.0824314e-03 1.23e-02 3.18e-01  -4.0 1.18e-01    -  1.00e+00 1.00e+00f  1
3358  8.1131191e-04 3.13e-03 8.00e-02  -4.1 5.87e-02    -  1.00e+00 1.00e+00h  1
3359  7.3497777e-04 8.24e-04 1.92e-02  -4.1 3.09e-02    -  1.00e+00 1.00e+00h  1
iter    objective    inf_pr   inf_du lg(mu)  ||d||  lg(rg) alpha_du alpha_pr  ls
3360  7.1237141e-04 3.02e-04 3.99e-03  -4.1 1.78e-02    -  1.00e+00 1.00e+00h  1
3361  7.3308857e-04 7.84e-05 3.61e-03  -4.1 9.60e-03    -  1.00e+00 1.00e+00h  1
3362  7.1058703e-04 4.80e-05 6.22e-03  -4.1 7.28e-03    -  1.00e+00 1.00e+00h  1
3363  7.1281308e-04 3.89e-05 8.06e-03  -4.1 6.42e-03    -  1.00e+00 1.00e+00h  1
3364  7.0875035e-04 1.53e-05 2.00e-03  -4.1 3.97e-03    -  1.00e+00 1.00e+00h  1
3365  7.0785981e-04 6.25e-07 9.16e-04  -4.1 8.26e-04    -  1.00e+00 1.00e+00h  1
3366  7.0803413e-04 8.09e-08 1.77e-04  -4.1 2.79e-04    -  1.00e+00 1.00e+00h  1
3367  7.0789657e-04 1.54e-08 7.02e-04  -6.1 1.72e-04    -  1.00e+00 1.00e+00h  1
3368  7.0641855e-04 9.56e-06 1.94e-03  -6.1 3.55e-02    -  1.00e+00 1.25e-01h  4
3369  7.0409375e-04 9.13e-06 2.20e-02  -6.1 9.19e-03    -  1.00e+00 2.04e-01h  2
iter    objective    inf_pr   inf_du lg(mu)  ||d||  lg(rg) alpha_du alpha_pr  ls
3370  7.0471150e-04 2.54e-06 3.03e-04  -6.1 1.64e-03    -  1.00e+00 1.00e+00h  1
3371  7.0345847e-04 5.57e-07 6.19e-05  -6.1 7.59e-04    -  1.00e+00 1.00e+00h  1
3372  7.0357400e-04 3.36e-08 3.86e-05  -6.1 2.19e-04    -  1.00e+00 1.00e+00h  1
3373  7.0351407e-04 1.98e-07 5.26e-05  -6.1 4.43e-04    -  1.00e+00 1.00e+00h  1
3374  7.0473265e-04 1.18e-08 2.99e-04  -6.1 2.56e-03    -  1.00e+00 1.00e+00H  1
3375  7.0337871e-04 1.95e-06 4.56e-04  -6.1 1.31e-03    -  1.00e+00 1.00e+00h  1
3376  7.0323968e-04 2.22e-06 8.89e-05  -6.1 1.44e-03    -  1.00e+00 1.00e+00h  1
3377  7.0406448e-04 1.43e-09 2.93e-04  -6.1 2.28e-03    -  1.00e+00 1.00e+00H  1
3378  9.2326319e-04 3.41e-03 1.34e-01  -4.0 1.35e-01    -  1.00e+00 5.00e-01f  2
3379  7.6587330e-04 1.94e-03 2.15e-02  -4.1 4.88e-02    -  1.00e+00 1.00e+00h  1
iter    objective    inf_pr   inf_du lg(mu)  ||d||  lg(rg) alpha_du alpha_pr  ls
3380  8.0551247e-04 4.02e-03 2.72e-03  -4.1 6.37e-02    -  9.79e-01 1.00e+00h  1
3381  8.3204236e-04 3.14e-03 3.38e-02  -4.1 3.02e-01    -  1.00e+00 1.25e-01h  4
3382  8.3249855e-04 2.67e-03 3.87e-03  -4.1 6.45e-02    -  1.00e+00 1.00e+00h  1
3383  7.8416866e-04 2.97e-03 2.66e-02  -4.1 2.90e-01    -  1.00e+00 1.52e-01h  3
3384  7.8937212e-04 2.95e-03 1.06e-02  -4.1 1.53e-01    -  1.00e+00 1.25e-01h  4
3385  7.4045634e-04 3.46e-03 6.67e-03  -4.1 1.47e-01    -  1.00e+00 5.00e-01h  2
3386  7.8029301e-04 3.04e-03 3.62e-03  -4.1 1.68e-01    -  1.00e+00 2.50e-01h  3
3387  7.2501091e-04 3.33e-03 3.57e-03  -4.1 5.90e-02    -  1.00e+00 1.00e+00h  1
3388  8.1860987e-04 3.61e-03 4.70e-03  -4.1 5.98e-02    -  1.00e+00 1.00e+00h  1
3389  8.4905570e-04 2.55e-03 2.17e-03  -4.1 7.28e-02    -  1.00e+00 5.00e-01h  2
iter    objective    inf_pr   inf_du lg(mu)  ||d||  lg(rg) alpha_du alpha_pr  ls
3390  8.2890748e-04 2.59e-03 3.25e-03  -4.1 1.45e-01    -  1.00e+00 2.50e-01h  3
3391  1.5578872e-03 4.06e-04 6.47e-03  -4.1 6.65e-02    -  1.00e+00 8.94e-01H  1
3392  1.1396255e-03 5.71e-04 1.01e-01  -4.1 1.20e-01    -  1.00e+00 2.50e-01f  3
3393  1.0639247e-03 5.92e-04 1.65e-02  -4.1 1.27e-01    -  1.00e+00 1.25e-01h  4
3394  7.6937163e-04 8.23e-04 9.57e-03  -4.1 3.31e-02    -  1.00e+00 1.00e+00h  1
3395  7.3116789e-04 9.32e-04 1.41e-02  -4.1 5.66e-02    -  1.00e+00 5.00e-01h  2
3396  7.4002841e-04 8.12e-04 2.07e-02  -4.1 7.07e-02    -  1.00e+00 1.25e-01h  4
3397  7.4667916e-04 6.01e-04 5.19e-03  -4.1 2.34e-02    -  1.00e+00 1.00e+00h  1
3398  7.8445418e-04 3.86e-04 1.47e-01  -4.1 3.24e-02    -  1.00e+00 4.30e-01H  1
3399  7.1824778e-04 3.23e-04 6.74e-03  -4.1 1.99e-02    -  1.00e+00 1.00e+00f  1
iter    objective    inf_pr   inf_du lg(mu)  ||d||  lg(rg) alpha_du alpha_pr  ls
3400  7.6334430e-04 5.82e-04 4.91e-03  -4.1 3.14e-02    -  1.00e+00 1.00e+00h  1
3401  7.7784986e-04 4.83e-04 4.51e-03  -4.1 2.33e-02    -  1.00e+00 1.00e+00h  1
3402  8.2164243e-04 3.63e-04 1.82e-02  -4.1 2.36e-02    -  1.00e+00 1.00e+00h  1
3403  7.1390104e-04 2.29e-04 2.20e-03  -4.1 1.77e-02    -  1.00e+00 1.00e+00h  1
3404  9.1586843e-04 7.85e-06 2.46e-03  -4.1 7.25e-03    -  1.00e+00 1.00e+00h  1
3405  7.1106292e-04 3.14e-05 1.76e-02  -4.1 5.45e-03    -  1.00e+00 1.00e+00h  1
3406  7.2131207e-04 5.39e-05 5.00e-03  -4.1 6.35e-03    -  1.00e+00 1.00e+00h  1
3407  7.0734000e-04 1.39e-05 7.71e-03  -4.1 4.29e-03    -  1.00e+00 1.00e+00h  1
3408  7.1101137e-04 3.65e-06 1.22e-02  -4.1 5.04e-03    -  1.00e+00 1.00e+00H  1
3409  7.0723289e-04 9.66e-06 7.16e-03  -4.1 3.27e-03    -  1.00e+00 1.00e+00h  1
iter    objective    inf_pr   inf_du lg(mu)  ||d||  lg(rg) alpha_du alpha_pr  ls
3410  7.0785427e-04 5.37e-06 2.51e-03  -4.1 1.97e-03    -  1.00e+00 1.00e+00h  1
3411  7.0774728e-04 4.33e-07 7.01e-04  -4.1 6.05e-04    -  1.00e+00 1.00e+00h  1
3412  7.0747689e-04 1.52e-07 9.73e-04  -6.1 4.65e-04    -  1.00e+00 1.00e+00h  1
3413  7.0669519e-04 1.61e-06 1.30e-03  -6.1 1.43e-03    -  1.00e+00 1.00e+00h  1
3414  7.0595250e-04 2.56e-05 8.83e-03  -6.1 3.30e-02    -  1.00e+00 1.76e-01h  3
3415  7.0332935e-04 4.41e-06 2.97e-04  -6.1 4.80e-03    -  1.00e+00 1.00e+00h  1
3416  7.0476579e-04 1.58e-06 2.04e-04  -6.1 1.45e-03    -  1.00e+00 1.00e+00h  1
3417  7.0312018e-04 1.52e-07 1.39e-04  -6.1 8.81e-04    -  1.00e+00 1.00e+00h  1
3418  1.1351292e-03 1.11e-02 4.61e-01  -4.0 1.39e-01    -  1.00e+00 1.00e+00f  1
3419  7.8304743e-04 3.51e-03 1.08e-01  -4.1 7.41e-02    -  1.00e+00 1.00e+00h  1
iter    objective    inf_pr   inf_du lg(mu)  ||d||  lg(rg) alpha_du alpha_pr  ls
3420  7.6189496e-04 6.70e-04 3.23e-02  -4.1 3.58e-02    -  1.00e+00 1.00e+00h  1
3421  4.0684474e-03 3.32e-04 5.95e-03  -4.1 2.61e-02    -  1.00e+00 1.00e+00H  1
3422  7.2299900e-04 4.73e-04 8.21e-03  -4.1 2.04e-02    -  1.00e+00 1.00e+00h  1
3423  7.1933857e-04 8.59e-05 2.28e-03  -4.1 1.26e-02    -  1.00e+00 1.00e+00h  1
3424  8.2789132e-04 6.45e-05 1.56e-02  -4.1 9.14e-03    -  1.00e+00 1.00e+00h  1
3425  7.1516578e-04 4.30e-05 9.25e-04  -4.1 7.54e-03    -  1.00e+00 1.00e+00h  1
3426  7.1375516e-04 4.00e-07 1.66e-03  -4.1 1.12e-03    -  1.00e+00 1.00e+00h  1
3427  7.0920395e-04 6.18e-06 1.24e-02  -4.1 7.06e-03    -  1.00e+00 1.00e+00h  1
3428  7.0983650e-04 1.22e-05 1.47e-01  -4.1 2.73e-02    -  1.00e+00 2.50e-01h  3
3429  7.0801998e-04 3.21e-06 5.96e-03  -4.1 5.71e-03    -  1.00e+00 1.00e+00h  1
iter    objective    inf_pr   inf_du lg(mu)  ||d||  lg(rg) alpha_du alpha_pr  ls
3430  7.0955357e-04 7.88e-08 1.72e-03  -4.1 1.47e-03    -  1.00e+00 1.00e+00h  1
3431  7.0786112e-04 2.93e-08 5.21e-04  -4.1 7.82e-04    -  1.00e+00 1.00e+00h  1
3432  7.0761377e-04 6.30e-08 1.60e-03  -6.1 3.12e-04    -  1.00e+00 1.00e+00h  1
3433  7.0689736e-04 3.69e-06 1.54e-03  -6.1 1.85e-02    -  1.00e+00 1.25e-01h  4
3434  7.0423626e-04 6.41e-06 1.42e-02  -6.1 1.19e-02    -  1.00e+00 2.68e-01h  2
3435  7.1046447e-04 5.84e-08 2.01e-03  -6.1 7.15e-03    -  1.00e+00 1.00e+00H  1
3436  7.0303997e-04 2.06e-05 3.21e-04  -6.1 5.14e-03    -  1.00e+00 1.00e+00h  1
3437  7.0324843e-04 6.66e-07 1.12e-04  -6.1 2.52e-03    -  1.00e+00 1.00e+00h  1
3438  7.0316877e-04 1.54e-07 4.52e-05  -6.1 8.69e-04    -  1.00e+00 1.00e+00h  1
3439  9.0214522e-04 2.29e-03 5.38e-02  -4.0 1.25e-01    -  1.00e+00 5.00e-01f  2
iter    objective    inf_pr   inf_du lg(mu)  ||d||  lg(rg) alpha_du alpha_pr  ls
3440  1.1576228e-03 8.66e-04 1.15e-02  -4.1 9.09e-02    -  1.00e+00 1.00e+00h  1
3441  9.5641886e-04 1.12e-03 4.45e-03  -4.1 1.10e-01    -  1.00e+00 1.00e+00H  1
3442  2.4769263e-03 1.94e-04 1.61e-02  -4.1 7.28e-02    -  1.00e+00 8.67e-01H  1
3443  7.4214866e-04 1.34e-03 4.20e-03  -4.1 5.22e-02    -  1.00e+00 1.00e+00f  1
3444  8.5867467e-04 1.00e-03 1.04e-02  -4.1 4.71e-02    -  1.00e+00 1.00e+00h  1
3445  7.1135142e-04 4.40e-04 9.32e-04  -4.1 4.78e-02    -  1.00e+00 1.00e+00h  1
3446  9.1912313e-04 1.53e-04 7.32e-03  -4.1 6.52e-02    -  1.00e+00 1.00e+00h  1
3447  7.0401545e-04 1.93e-04 2.75e-03  -4.1 5.37e-02    -  1.00e+00 1.00e+00h  1
3448  7.4469583e-04 1.52e-04 1.25e-02  -4.1 1.54e-02    -  1.00e+00 1.00e+00h  1
3449  7.0886609e-04 8.75e-05 1.21e-03  -4.1 1.20e-02    -  1.00e+00 1.00e+00h  1
iter    objective    inf_pr   inf_du lg(mu)  ||d||  lg(rg) alpha_du alpha_pr  ls
3450  7.0983977e-04 2.87e-06 3.55e-03  -4.1 9.51e-03    -  1.00e+00 1.00e+00h  1
3451  7.1552221e-04 2.92e-05 2.50e-02  -4.1 7.55e-03    -  1.00e+00 1.00e+00h  1
3452  7.0864959e-04 1.31e-05 4.36e-03  -4.1 4.62e-03    -  1.00e+00 1.00e+00h  1
3453  7.0806242e-04 4.07e-06 4.66e-03  -4.1 3.22e-03    -  1.00e+00 1.00e+00h  1
3454  7.0742450e-04 1.34e-06 2.08e-03  -4.1 2.14e-03    -  1.00e+00 1.00e+00h  1
3455  7.0779005e-04 2.59e-07 1.99e-03  -4.1 7.69e-04    -  1.00e+00 1.00e+00h  1
3456  7.0751449e-04 6.58e-08 2.59e-04  -4.1 2.70e-04    -  1.00e+00 1.00e+00h  1
3457  7.0732869e-04 3.68e-08 1.02e-03  -6.1 2.35e-04    -  1.00e+00 1.00e+00h  1
3458  7.0634373e-04 4.39e-06 5.11e-03  -6.1 4.18e-02    -  1.00e+00 6.25e-02h  5
3459  7.0373220e-04 9.39e-06 2.17e-02  -6.1 1.27e-02    -  1.00e+00 2.50e-01h  2
iter    objective    inf_pr   inf_du lg(mu)  ||d||  lg(rg) alpha_du alpha_pr  ls
3460  7.0500047e-04 5.08e-07 4.20e-04  -6.1 3.12e-03    -  1.00e+00 1.00e+00h  1
3461  7.0333830e-04 1.56e-07 8.02e-05  -6.1 2.41e-03    -  1.00e+00 1.00e+00h  1
3462  7.0328723e-04 1.11e-08 1.75e-05  -6.1 3.77e-04    -  1.00e+00 1.00e+00h  1
3463  9.0919147e-04 8.57e-03 2.26e-01  -4.0 1.26e-01    -  1.00e+00 1.00e+00f  1
3464  7.7047670e-04 2.40e-03 5.64e-02  -4.1 6.33e-02    -  1.00e+00 1.00e+00h  1
3465  7.4519898e-04 6.01e-04 1.49e-02  -4.1 3.21e-02    -  1.00e+00 1.00e+00h  1
3466  3.0634638e-03 6.37e-04 4.75e-03  -4.1 3.96e-02    -  1.00e+00 1.00e+00h  1
3467  7.2615133e-04 5.27e-04 6.28e-03  -4.1 3.25e-02    -  1.00e+00 1.00e+00h  1
3468  7.1000779e-04 2.63e-04 8.61e-04  -4.1 2.13e-02    -  1.00e+00 1.00e+00h  1
3469  7.1848180e-04 7.93e-06 1.92e-03  -4.1 3.76e-03    -  1.00e+00 1.00e+00h  1
iter    objective    inf_pr   inf_du lg(mu)  ||d||  lg(rg) alpha_du alpha_pr  ls
3470  7.1521675e-04 8.50e-05 3.65e-02  -4.1 1.17e-02    -  1.00e+00 1.00e+00h  1
3471  7.1032122e-04 2.95e-05 7.86e-03  -4.1 7.44e-03    -  1.00e+00 1.00e+00h  1
3472  7.0981587e-04 5.11e-05 1.55e-02  -4.1 7.96e-03    -  1.00e+00 1.00e+00h  1
3473  7.0775503e-04 2.42e-05 3.08e-03  -4.1 5.90e-03    -  1.00e+00 1.00e+00h  1
3474  7.0781918e-04 1.10e-06 1.63e-03  -4.1 1.30e-03    -  1.00e+00 1.00e+00h  1
3475  7.0780484e-04 1.16e-07 2.58e-04  -4.1 3.84e-04    -  1.00e+00 1.00e+00h  1
3476  7.0751973e-04 5.43e-08 8.41e-04  -6.1 3.55e-04    -  1.00e+00 1.00e+00h  1
3477  7.0689500e-04 2.45e-06 2.23e-02  -6.1 8.87e-02    -  1.00e+00 2.76e-02h  5
3478  7.0282152e-04 1.23e-05 6.88e-04  -6.1 4.52e-03    -  1.00e+00 1.00e+00h  1
3479  1.0045349e-03 5.15e-04 7.93e-02  -4.0 7.66e-02    -  1.00e+00 5.00e-01h  2
iter    objective    inf_pr   inf_du lg(mu)  ||d||  lg(rg) alpha_du alpha_pr  ls
3480  7.6299432e-04 2.30e-04 7.14e-03  -4.1 2.12e-02    -  1.00e+00 1.00e+00h  1
3481  7.2699204e-04 3.36e-04 6.92e-03  -4.1 2.58e-02    -  1.00e+00 1.00e+00h  1
3482  7.0865454e-04 1.49e-04 1.45e-03  -4.1 1.76e-02    -  1.00e+00 1.00e+00h  1
3483  7.0580957e-04 5.14e-06 1.73e-03  -4.1 3.83e-03    -  1.00e+00 1.00e+00h  1
3484  7.1973378e-04 3.42e-05 2.04e-02  -4.1 8.52e-03    -  1.00e+00 1.00e+00h  1
3485  7.0894493e-04 1.42e-05 3.08e-03  -4.1 5.17e-03    -  1.00e+00 1.00e+00h  1
3486  7.1196271e-04 1.63e-06 4.27e-03  -4.1 2.10e-03    -  1.00e+00 1.00e+00h  1
3487  7.0763443e-04 6.37e-07 8.54e-04  -4.1 1.24e-03    -  1.00e+00 1.00e+00h  1
3488  7.0752199e-04 1.44e-08 3.29e-04  -4.1 1.75e-04    -  1.00e+00 1.00e+00h  1
3489  7.0730083e-04 3.01e-08 1.09e-03  -6.1 2.53e-04    -  1.00e+00 1.00e+00h  1
iter    objective    inf_pr   inf_du lg(mu)  ||d||  lg(rg) alpha_du alpha_pr  ls
3490  7.0624566e-04 1.25e-05 2.00e-02  -6.1 1.01e-01    -  1.00e+00 5.22e-02h  4
3491  7.0417502e-04 6.31e-06 1.30e-02  -6.1 1.42e-03    -  1.00e+00 5.00e-01h  2
3492  7.0348882e-04 5.09e-07 1.03e-04  -6.1 1.07e-03    -  1.00e+00 1.00e+00h  1
3493  7.0320529e-04 1.18e-07 2.94e-04  -6.1 4.68e-04    -  1.00e+00 1.00e+00h  1
3494  1.0415650e-03 6.50e-03 1.28e-01  -4.0 1.18e-01    -  1.00e+00 1.00e+00f  1
3495  9.8982118e-04 2.23e-03 3.20e-02  -4.1 7.37e-02    -  1.00e+00 1.00e+00h  1
3496  1.3938335e-03 1.40e-03 1.70e-02  -4.1 3.63e-02    -  8.69e-01 1.00e+00h  1
3497  8.8231661e-04 7.65e-04 1.99e-02  -4.1 2.25e-02    -  1.00e+00 5.50e-01h  1
3498  7.4710386e-04 5.45e-04 3.91e-03  -4.1 3.49e-02    -  1.00e+00 1.00e+00f  1
3499  2.4411631e-03 2.86e-05 5.14e-03  -4.1 1.10e-02    -  1.00e+00 1.00e+00h  1
iter    objective    inf_pr   inf_du lg(mu)  ||d||  lg(rg) alpha_du alpha_pr  ls
3500  7.2196807e-04 2.59e-04 2.56e-02  -4.1 1.66e-02    -  1.00e+00 1.00e+00h  1
3501  7.2696820e-04 8.31e-05 2.18e-03  -4.1 1.32e-02    -  1.00e+00 1.00e+00h  1
3502  7.0967788e-04 4.49e-06 2.17e-03  -4.1 4.91e-03    -  1.00e+00 1.00e+00h  1
3503  7.1235855e-04 1.66e-05 1.59e-02  -4.1 5.44e-03    -  1.00e+00 1.00e+00h  1
3504  7.0809083e-04 6.16e-06 4.64e-03  -4.1 3.38e-03    -  1.00e+00 1.00e+00h  1
3505  7.1041954e-04 5.03e-06 8.51e-03  -4.1 2.70e-03    -  1.00e+00 1.00e+00h  1
3506  7.0820974e-04 2.48e-06 8.59e-04  -4.1 1.75e-03    -  1.00e+00 1.00e+00h  1
3507  7.0817136e-04 6.23e-08 8.85e-04  -4.1 2.46e-04    -  1.00e+00 1.00e+00h  1
3508  7.1684676e-04 2.32e-08 1.74e-02  -4.1 4.57e-03    -  1.00e+00 1.00e+00H  1
3509  7.0811311e-04 1.77e-07 4.53e-03  -4.1 2.46e-03    -  1.00e+00 1.00e+00H  1
iter    objective    inf_pr   inf_du lg(mu)  ||d||  lg(rg) alpha_du alpha_pr  ls
3510  7.0794423e-04 9.23e-08 2.73e-03  -4.1 3.70e-04    -  1.00e+00 5.00e-01h  2
3511  7.0769541e-04 1.49e-08 1.47e-04  -4.1 1.45e-04    -  1.00e+00 1.00e+00h  1
3512  7.0749051e-04 4.82e-08 8.67e-04  -6.1 2.38e-04    -  1.00e+00 1.00e+00h  1
3513  7.0443944e-04 1.28e-04 3.21e-03  -6.1 1.31e-02    -  1.00e+00 1.00e+00h  1
3514  7.0335264e-04 6.19e-05 6.10e-04  -6.1 7.39e-03    -  1.00e+00 1.00e+00h  1
3515  7.0343923e-04 3.04e-05 3.11e-03  -6.1 4.32e-03    -  1.00e+00 5.00e-01h  2
3516  7.0425647e-04 2.45e-06 4.23e-04  -6.1 1.72e-03    -  1.00e+00 1.00e+00h  1
3517  7.0338460e-04 4.30e-06 3.10e-04  -6.1 1.92e-03    -  1.00e+00 1.00e+00h  1
3518  7.0335102e-04 7.60e-07 5.43e-05  -6.1 7.98e-04    -  1.00e+00 1.00e+00h  1
3519  7.0371924e-04 3.58e-07 2.86e-04  -6.1 2.02e-03    -  1.00e+00 1.00e+00H  1
iter    objective    inf_pr   inf_du lg(mu)  ||d||  lg(rg) alpha_du alpha_pr  ls
3520  7.0336919e-04 4.58e-07 1.55e-04  -6.1 5.46e-04    -  1.00e+00 1.00e+00h  1
3521  7.0325049e-04 3.94e-07 6.65e-05  -6.1 6.75e-04    -  1.00e+00 1.00e+00h  1
3522  7.0324960e-04 1.58e-08 1.34e-04  -6.1 1.06e-03    -  1.00e+00 1.00e+00H  1
3523  1.1683098e-03 1.23e-02 1.83e-01  -4.0 1.11e-01    -  1.00e+00 1.00e+00f  1
3524  8.3196451e-04 3.27e-03 5.14e-02  -4.1 5.63e-02    -  1.00e+00 1.00e+00h  1
3525  7.8602167e-04 2.10e-03 5.84e-02  -4.1 5.48e-02    -  1.00e+00 5.00e-01h  2
3526  7.5264173e-04 7.51e-04 7.52e-03  -4.1 3.44e-02    -  1.00e+00 1.00e+00h  1
3527  7.5756638e-04 4.95e-04 3.37e-02  -4.1 6.65e-02    -  1.00e+00 2.50e-01h  3
3528  7.6745535e-04 1.02e-04 2.10e-03  -4.1 1.04e-02    -  1.00e+00 1.00e+00h  1
3529  7.1632752e-04 1.66e-04 1.30e-02  -4.1 1.47e-02    -  1.00e+00 1.00e+00h  1
iter    objective    inf_pr   inf_du lg(mu)  ||d||  lg(rg) alpha_du alpha_pr  ls
3530  7.3606662e-04 1.03e-04 7.77e-03  -4.1 1.32e-02    -  1.00e+00 1.00e+00h  1
3531  7.1308214e-04 4.25e-05 3.71e-03  -4.1 7.42e-03    -  1.00e+00 1.00e+00h  1
3532  7.1264373e-04 6.68e-05 2.11e-02  -4.1 9.90e-03    -  1.00e+00 1.00e+00h  1
3533  7.0824450e-04 3.53e-05 2.45e-03  -4.1 8.11e-03    -  1.00e+00 1.00e+00h  1
3534  7.1407623e-04 1.34e-05 1.06e-02  -4.1 4.43e-03    -  1.00e+00 1.00e+00h  1
3535  7.0832788e-04 8.38e-06 1.43e-03  -4.1 3.59e-03    -  1.00e+00 1.00e+00h  1
3536  7.0853228e-04 1.73e-07 5.89e-04  -4.1 5.52e-04    -  1.00e+00 1.00e+00h  1
3537  7.0838792e-04 2.56e-08 6.91e-04  -6.1 1.67e-04    -  1.00e+00 1.00e+00h  1
3538  7.0552289e-04 1.56e-04 1.47e-03  -6.1 2.56e-02    -  1.00e+00 5.00e-01h  2
3539  7.0437008e-04 1.10e-04 8.82e-03  -6.1 1.93e-03    -  1.00e+00 2.97e-01h  2
iter    objective    inf_pr   inf_du lg(mu)  ||d||  lg(rg) alpha_du alpha_pr  ls
3540  7.0382842e-04 2.13e-05 2.89e-04  -6.1 4.79e-03    -  1.00e+00 1.00e+00h  1
3541  7.0449804e-04 1.15e-05 1.33e-03  -6.1 2.26e-03    -  1.00e+00 5.00e-01h  2
3542  7.0374222e-04 9.93e-08 7.91e-05  -6.1 3.88e-04    -  1.00e+00 1.00e+00h  1
3543  7.0378962e-04 4.13e-08 2.99e-05  -6.1 2.41e-04    -  1.00e+00 1.00e+00h  1
3544  7.0355874e-04 3.29e-06 2.53e-04  -6.1 2.21e-03    -  1.00e+00 1.00e+00h  1
3545  7.0525424e-04 2.11e-08 9.07e-04  -6.1 6.79e-03    -  1.00e+00 1.00e+00H  1
3546  7.0310108e-04 1.80e-05 1.30e-04  -6.1 4.93e-03    -  1.00e+00 1.00e+00h  1
3547  7.0320966e-04 1.60e-05 4.80e-03  -6.1 3.99e-03    -  1.00e+00 1.25e-01h  4
3548  7.0317950e-04 3.64e-07 2.44e-05  -6.1 6.62e-04    -  1.00e+00 1.00e+00h  1
3549  7.0318690e-04 7.57e-08 4.39e-05  -6.1 3.57e-04    -  1.00e+00 1.00e+00h  1
iter    objective    inf_pr   inf_du lg(mu)  ||d||  lg(rg) alpha_du alpha_pr  ls
3550  9.2543525e-04 2.58e-03 1.19e-01  -4.0 1.26e-01    -  1.00e+00 5.00e-01f  2
3551  7.5143774e-04 8.86e-04 1.54e-02  -4.1 3.23e-02    -  1.00e+00 1.00e+00h  1
3552  7.2290907e-04 6.65e-04 6.33e-03  -4.1 2.80e-02    -  1.00e+00 1.00e+00h  1
3553  9.1423642e-04 3.76e-04 7.13e-03  -4.1 2.33e-02    -  1.00e+00 1.00e+00h  1
3554  7.1238175e-04 1.40e-04 4.13e-03  -4.1 1.34e-02    -  1.00e+00 1.00e+00h  1
3555  7.0430795e-04 1.35e-04 1.10e-02  -4.1 1.47e-02    -  1.00e+00 1.00e+00h  1
3556  7.1002891e-04 7.19e-05 3.75e-03  -4.1 1.16e-02    -  1.00e+00 1.00e+00h  1
3557  7.1221651e-04 8.37e-05 3.15e-02  -4.1 1.71e-02    -  1.00e+00 5.00e-01h  2
3558  7.1032352e-04 5.36e-05 5.85e-03  -4.1 8.70e-03    -  1.00e+00 1.00e+00h  1
3559  7.1350796e-04 1.29e-05 4.02e-03  -4.1 4.32e-03    -  1.00e+00 1.00e+00h  1
iter    objective    inf_pr   inf_du lg(mu)  ||d||  lg(rg) alpha_du alpha_pr  ls
3560  7.0874216e-04 4.67e-06 5.93e-03  -4.1 2.67e-03    -  1.00e+00 1.00e+00h  1
3561  7.0767903e-04 3.22e-06 4.30e-03  -4.1 2.50e-03    -  1.00e+00 1.00e+00h  1
3562  7.0778689e-04 9.08e-07 9.69e-04  -4.1 1.07e-03    -  1.00e+00 1.00e+00h  1
3563  7.0774556e-04 8.69e-08 3.88e-04  -4.1 3.59e-04    -  1.00e+00 1.00e+00h  1
3564  7.0757685e-04 5.24e-08 9.60e-04  -6.1 2.79e-04    -  1.00e+00 1.00e+00h  1
3565  7.0536327e-04 9.36e-05 2.10e-03  -6.1 4.82e-02    -  1.00e+00 2.50e-01h  3
3566  7.0661993e-04 5.73e-05 9.30e-03  -6.1 3.79e-03    -  1.00e+00 3.76e-01h  2
3567  7.0410374e-04 1.25e-05 3.99e-04  -6.1 4.46e-03    -  1.00e+00 1.00e+00h  1
3568  7.0363547e-04 6.94e-07 2.01e-04  -6.1 1.15e-03    -  1.00e+00 1.00e+00h  1
3569  7.0373535e-04 9.35e-09 2.23e-04  -6.1 1.90e-03    -  1.00e+00 1.00e+00H  1
iter    objective    inf_pr   inf_du lg(mu)  ||d||  lg(rg) alpha_du alpha_pr  ls
3570  7.0360380e-04 6.28e-06 5.67e-04  -6.1 3.42e-03    -  1.00e+00 1.00e+00h  1
3571  7.0335898e-04 4.60e-07 3.07e-04  -6.1 1.17e-03    -  1.00e+00 1.00e+00h  1
3572  7.0320705e-04 1.86e-06 1.01e-04  -6.1 1.51e-03    -  1.00e+00 1.00e+00h  1
3573  7.0321767e-04 6.19e-08 2.19e-04  -6.1 1.97e-03    -  1.00e+00 1.00e+00H  1
3574  1.0272568e-03 3.37e-03 1.47e-01  -4.0 1.21e-01    -  1.00e+00 5.00e-01f  2
3575  9.5264693e-04 9.28e-04 2.14e-02  -4.1 2.97e-02    -  1.00e+00 1.00e+00h  1
3576  7.5044519e-04 5.69e-04 2.13e-03  -4.1 2.74e-02    -  1.00e+00 1.00e+00h  1
3577  7.0961320e-04 9.06e-06 1.76e-03  -4.1 4.39e-03    -  1.00e+00 1.00e+00h  1
3578  6.9894834e-04 3.66e-04 6.43e-02  -4.1 2.04e-02    -  1.00e+00 1.00e+00h  1
3579  7.0235135e-04 1.04e-04 1.39e-02  -4.1 1.12e-02    -  1.00e+00 1.00e+00h  1
iter    objective    inf_pr   inf_du lg(mu)  ||d||  lg(rg) alpha_du alpha_pr  ls
3580  7.0749719e-04 4.86e-05 3.12e-03  -4.0 7.09e-03    -  1.00e+00 1.00e+00h  1
3581  7.0688404e-04 9.83e-07 1.34e-03  -4.1 9.74e-04    -  1.00e+00 1.00e+00h  1
3582  7.0718013e-04 1.86e-07 1.88e-03  -4.1 6.05e-04    -  1.00e+00 1.00e+00h  1
3583  7.1028992e-04 5.87e-06 6.34e-03  -4.1 3.60e-03    -  1.00e+00 1.00e+00h  1
3584  7.0972481e-04 2.77e-06 6.52e-03  -4.1 1.76e-03    -  1.00e+00 5.00e-01h  2
3585  7.0748574e-04 7.99e-07 1.12e-03  -4.1 1.46e-03    -  1.00e+00 1.00e+00h  1
3586  7.0749525e-04 1.37e-08 4.12e-04  -4.1 1.45e-04    -  1.00e+00 1.00e+00h  1
3587  7.0729429e-04 7.52e-08 8.19e-04  -6.1 2.44e-04    -  1.00e+00 1.00e+00h  1
3588  7.0695149e-04 3.12e-05 2.80e-02  -6.1 1.53e-01    -  1.00e+00 3.77e-02h  4
3589  7.0504814e-04 1.63e-06 1.39e-04  -6.1 1.23e-03    -  1.00e+00 1.00e+00h  1
iter    objective    inf_pr   inf_du lg(mu)  ||d||  lg(rg) alpha_du alpha_pr  ls
3590  7.0328872e-04 3.16e-07 8.53e-04  -6.1 8.31e-04    -  1.00e+00 1.00e+00h  1
3591  7.0327953e-04 1.52e-08 1.04e-04  -6.1 1.78e-04    -  1.00e+00 1.00e+00h  1
3592  1.0687968e-03 1.91e-02 2.73e-01  -4.0 1.21e-01    -  1.00e+00 1.00e+00f  1
3593  8.0121368e-04 5.17e-03 6.90e-02  -4.1 6.42e-02    -  1.00e+00 1.00e+00h  1
3594  7.3451152e-04 1.46e-03 1.73e-02  -4.1 3.39e-02    -  1.00e+00 1.00e+00h  1
3595  7.8841860e-04 6.44e-04 9.60e-03  -4.1 2.37e-02    -  1.00e+00 1.00e+00h  1
3596  7.9785297e-04 2.46e-04 8.49e-03  -4.1 1.96e-02    -  1.00e+00 1.00e+00h  1
3597  7.2896874e-04 3.84e-04 1.01e-02  -4.1 1.72e-02    -  1.00e+00 1.00e+00h  1
3598  7.2046364e-04 2.02e-04 5.19e-03  -4.1 1.81e-02    -  1.00e+00 1.00e+00h  1
3599  7.2789054e-04 3.76e-05 2.76e-03  -4.1 6.60e-03    -  1.00e+00 1.00e+00h  1
iter    objective    inf_pr   inf_du lg(mu)  ||d||  lg(rg) alpha_du alpha_pr  ls
3600  7.0812020e-04 2.94e-05 7.89e-03  -4.1 4.64e-03    -  1.00e+00 1.00e+00h  1

Number of Iterations....: 3600

                                   (scaled)                 (unscaled)
Objective...............:   7.0812020006893496e-04    7.0812020006893496e-04
Dual infeasibility......:   7.8902804242318644e-03    7.8902804242318644e-03
Constraint violation....:   2.9429638374267597e-05    2.9429638374267597e-05
Variable bound violation:   0.0000000000000000e+00    0.0000000000000000e+00
Complementarity.........:   8.1291537807130188e-05    8.1291537807130188e-05
Overall NLP error.......:   7.8902804242318644e-03    7.8902804242318644e-03


Number of objective function evaluations             = 8482
Number of objective gradient evaluations             = 3601
Number of equality constraint evaluations            = 8482
Number of inequality constraint evaluations          = 8482
Number of equality constraint Jacobian evaluations   = 3601
Number of inequality constraint Jacobian evaluations = 3601
Number of Lagrangian Hessian evaluations             = 0
Total seconds in IPOPT                               = 32.436

EXIT: Maximum Number of Iterations Exceeded.
