This is Ipopt version 3.14.19, running with linear solver MUMPS 5.8.1.

Number of nonzeros in equality constraint Jacobian...:     9816
Number of nonzeros in inequality constraint Jacobian.:        8
Number of nonzeros in Lagrangian Hessian.............:        0

Total number of variables............................:     1388
                     variables with only lower bounds:        0
                variables with lower and upper bounds:      396
                     variables with only upper bounds:        0
Total number of equality constraints.................:     1287
Total number of inequality constraints...............:        1
        inequality constraints with only lower bounds:        0
   inequality constraints with lower and upper bounds:        0
        inequality constraints with only upper bounds:        1

iter    objective    inf_pr   inf_du lg(mu)  ||d||  lg(rg) alpha_du alpha_pr  ls
   0  5.8774862e-01 1.50e+00 7.07e+01   0.0 0.00e+00    -  0.00e+00 0.00e+00   0
   1  2.2427923e+02 7.70e-01 2.54e+02  -0.2 1.59e+00    -  9.90e-03 1.00e+00h  1
   2  1.2898201e+02 2.83e-01 1.24e+02  -0.5 7.14e-01    -  1.00e+00 8.39e-01f  1
   3  5.4205290e+01 2.05e-01 1.00e+02  -0.7 2.20e+00    -  1.00e+00 3.31e-01f  1
   4  2.5137762e+01 1.84e-01 8.87e+01  -0.0 1.97e+00    -  9.35e-01 1.37e-01f  1
   5  2.0079428e+01 7.59e-01 5.79e+01  -0.2 1.16e+00    -  9.45e-01 1.00e+00f  1
   6  6.3689921e+00 5.80e-01 1.81e+01   0.1 5.79e-01    -  1.00e+00 1.00e+00f  1
   7  1.5109073e+01 4.43e-01 2.37e+01  -0.2 5.53e-01    -  9.96e-01 1.00e+00h  1
   8  2.9622767e+00 1.22e+00 1.10e+02  -0.3 1.50e+00    -  3.79e-01 5.18e-01F  1
   9  5.4489378e+00 8.02e-01 3.48e+01  -0.3 6.31e-01    -  1.00e+00 1.00e+00h  1
iter    objective    inf_pr   inf_du lg(mu)  ||d||  lg(rg) alpha_du alpha_pr  ls
  10  8.0381511e+00 1.09e-01 6.94e+00  -0.7 9.59e-01    -  1.00e+00 1.00e+00h  1
  11  4.9153677e-01 1.61e-02 6.15e-01  -1.8 2.21e-01    -  9.99e-01 1.00e+00f  1
  12  1.5805119e-01 4.30e-03 1.41e+02  -3.1 7.05e-02    -  1.00e+00 1.00e+00h  1
  13  2.0134524e-01 2.75e-03 1.11e+02  -1.1 6.28e-02    -  6.18e-01 1.00e+00f  1
  14  2.6323516e-01 4.20e-02 3.62e+01  -1.4 2.45e-01    -  1.00e+00 1.00e+00h  1
  15  1.9519667e-01 1.54e-02 4.38e+01  -1.4 1.35e-01    -  1.00e+00 1.00e+00h  1
  16  5.3569162e-02 3.83e-02 1.22e+02  -1.4 4.62e-01    -  1.00e+00 5.54e-01h  1
  17  8.2662803e-02 1.39e-01 5.89e+01  -1.1 5.86e-01    -  1.00e+00 1.00e+00f  1
  18  8.2479684e-02 2.51e-02 1.63e+01  -1.2 2.43e-01    -  1.00e+00 1.00e+00h  1
  19  2.0494346e-02 1.24e-02 2.74e+01  -2.4 2.25e-01    -  1.00e+00 1.00e+00h  1
iter    objective    inf_pr   inf_du lg(mu)  ||d||  lg(rg) alpha_du alpha_pr  ls
  20  5.7135521e-03 2.25e-02 2.46e+01  -2.7 7.63e-01    -  1.00e+00 3.40e-01h  2
  21  2.5028211e-02 1.59e-02 1.40e+02  -3.1 6.76e-01    -  1.00e+00 1.00e+00H  1
  22  1.6991059e-02 1.71e-02 1.06e+02  -3.2 1.00e+00    -  1.00e+00 1.00e+00h  1
  23  5.0932053e-02 7.69e-02 5.25e+01  -1.3 9.46e-01    -  1.00e+00 5.00e-01f  2
  24  3.5643196e-02 7.26e-02 1.52e+01  -1.4 3.97e-01    -  1.00e+00 1.00e+00h  1
  25  3.1205454e-02 1.55e-02 3.17e+00  -1.4 2.09e-01    -  1.00e+00 1.00e+00h  1
  26  4.5146999e-03 1.09e-02 2.20e+01  -2.7 2.53e-01    -  9.99e-01 1.00e+00h  1
  27  1.9822702e-02 9.26e-03 1.33e+02  -2.9 7.31e-01    -  1.00e+00 8.29e-01h  1
  28  1.0039757e-02 9.12e-03 7.14e+01  -2.6 8.02e-01    -  1.00e+00 1.00e+00h  1
  29  2.0012812e-02 3.01e-03 7.07e+01  -3.6 2.09e-01    -  9.99e-01 1.00e+00H  1
iter    objective    inf_pr   inf_du lg(mu)  ||d||  lg(rg) alpha_du alpha_pr  ls
  30  5.3463349e-03 8.25e-03 7.04e+01  -4.0 2.24e-01    -  1.00e+00 1.00e+00h  1
  31  4.2775215e-03 9.10e-03 7.11e+01  -3.4 8.21e+00    -  1.00e+00 1.24e-02h  2
  32  1.7813048e-03 1.89e-03 6.95e+01  -3.1 1.56e-01    -  1.00e+00 1.00e+00h  1
  33  2.1315017e-03 8.71e-04 7.16e+01  -4.0 3.80e-02    -  1.00e+00 1.00e+00h  1
  34  1.1287671e-03 6.40e-04 7.14e+01  -4.0 9.30e-02    -  1.00e+00 1.00e+00h  1
  35  9.3726836e-04 6.35e-04 7.00e+01  -3.4 1.38e+00    -  1.00e+00 7.81e-03h  8
  36  9.1364913e-04 4.88e-04 7.14e+01  -4.0 6.10e-02    -  1.00e+00 5.00e-01h  2
  37  8.9592788e-04 6.54e-04 7.14e+01  -4.0 2.15e+00    -  1.00e+00 1.56e-02h  7
  38  1.4833619e-03 1.42e-03 7.00e+01  -4.0 8.94e-02    -  1.00e+00 1.00e+00H  1
  39  7.8428473e-04 2.76e-03 7.00e+01  -4.0 8.28e-02    -  1.00e+00 1.00e+00h  1
iter    objective    inf_pr   inf_du lg(mu)  ||d||  lg(rg) alpha_du alpha_pr  ls
  40  7.4785720e-04 2.28e-03 7.14e+01  -4.0 3.40e-01    -  1.00e+00 1.25e-01h  4
  41  7.5737082e-04 2.15e-03 7.00e+01  -4.0 1.57e-01    -  1.00e+00 2.50e-01h  3
  42  7.5063854e-04 2.16e-03 7.00e+01  -4.0 1.07e+00    -  1.00e+00 3.12e-02h  6
  43  7.5140318e-04 2.15e-03 7.14e+01  -4.1 1.12e+00    -  1.00e+00 7.81e-03h  8
  44  2.0993585e-03 8.12e-03 7.02e+01  -4.1 1.60e-01    -  1.00e+00 1.00e+00H  1
  45  8.2884050e-04 1.46e-03 7.13e+01  -4.1 1.62e-01    -  1.00e+00 1.00e+00H  1
  46  2.1660543e-03 7.05e-04 7.00e+01  -4.0 1.87e-01    -  1.00e+00 1.00e+00H  1
  47  9.6463796e-04 5.49e-03 7.00e+01  -4.0 1.77e-01    -  1.00e+00 1.00e+00h  1
  48  7.6259467e-04 5.24e-03 7.00e+01  -4.1 4.84e-01    -  1.00e+00 1.25e-01h  4
  49  1.1775108e-03 4.25e-03 7.01e+01  -4.1 4.82e-01    -  1.00e+00 2.50e-01h  3
iter    objective    inf_pr   inf_du lg(mu)  ||d||  lg(rg) alpha_du alpha_pr  ls
  50  1.8741888e-03 3.72e-03 7.14e+01  -4.1 7.37e-01    -  1.00e+00 6.25e-02h  5
  51  9.2161956e-04 3.15e-03 7.13e+01  -4.1 1.02e-01    -  1.00e+00 1.00e+00h  1
  52  2.1443960e-03 3.44e-03 7.02e+01  -4.1 5.56e-01    -  1.00e+00 2.50e-01h  3
  53  8.3695387e-04 2.08e-03 7.02e+01  -4.1 1.51e-01    -  1.00e+00 1.00e+00h  1
  54  7.5940268e-04 1.70e-03 7.01e+01  -4.1 8.57e-01    -  1.00e+00 6.25e-02h  5
  55  1.0291657e-03 3.11e-03 7.13e+01  -4.0 2.39e-01    -  1.00e+00 2.50e-01h  3
  56  7.2040664e-04 1.40e-03 7.13e+01  -4.1 4.25e-02    -  1.00e+00 1.00e+00h  1
  57  7.0395923e-04 1.40e-03 7.01e+01  -3.8 7.41e-01    -  1.00e+00 1.56e-02h  7
  58  6.4146241e-04 5.79e-04 7.14e+01  -4.0 2.48e-02    -  1.00e+00 1.00e+00h  1
  59  6.4455997e-04 4.10e-04 7.00e+01  -4.0 2.65e-02    -  1.00e+00 5.00e-01h  2
iter    objective    inf_pr   inf_du lg(mu)  ||d||  lg(rg) alpha_du alpha_pr  ls
  60  6.3137365e-04 1.61e-03 7.00e+01  -4.0 3.71e-02    -  1.00e+00 1.00e+00h  1
  61  6.4151589e-04 3.60e-04 7.14e+01  -4.0 2.37e-02    -  1.00e+00 1.00e+00h  1
  62  6.4016952e-04 1.82e-03 7.13e+01  -4.1 3.64e-02    -  1.00e+00 1.00e+00H  1
  63  6.3046859e-04 1.65e-03 7.13e+01  -4.1 1.28e-01    -  1.00e+00 1.25e-01h  4
  64  6.2450245e-04 1.52e-03 7.13e+01  -4.1 4.22e-01    -  1.00e+00 6.25e-02h  5
  65  6.2727748e-04 1.43e-03 7.02e+01  -4.1 3.43e-01    -  1.00e+00 6.25e-02h  5
  66  6.4032545e-04 1.31e-03 7.13e+01  -4.1 1.08e-01    -  1.00e+00 1.25e-01h  4
  67  6.1148034e-04 7.57e-04 7.13e+01  -4.1 7.39e-02    -  1.00e+00 5.00e-01h  2
  68  7.1207872e-04 3.53e-04 7.02e+01  -4.0 5.53e-01    -  1.00e+00 6.25e-02h  5
  69  7.3101609e-04 1.39e-03 7.01e+01  -4.1 9.26e-02    -  1.00e+00 1.00e+00h  1
iter    objective    inf_pr   inf_du lg(mu)  ||d||  lg(rg) alpha_du alpha_pr  ls
  70  6.7270017e-04 1.70e-03 7.13e+01  -4.1 1.88e-01    -  1.00e+00 2.50e-01h  3
  71  6.4882809e-04 5.40e-03 7.13e+01  -4.1 9.40e-02    -  1.00e+00 1.00e+00h  1
  72  5.8699348e-04 1.23e-03 7.01e+01  -4.1 4.01e-02    -  1.00e+00 1.00e+00h  1
  73  6.4960847e-04 1.05e-03 7.13e+01  -4.0 2.38e-01    -  1.00e+00 1.25e-01h  4
  74  5.7408748e-04 6.27e-04 7.13e+01  -4.1 2.43e-02    -  1.00e+00 1.00e+00h  1
  75  6.6298277e-04 1.84e-04 7.00e+01  -4.0 2.92e-02    -  1.00e+00 1.00e+00H  1
  76  6.2225572e-04 1.88e-04 7.01e+01  -4.1 2.93e-02    -  1.00e+00 1.00e+00h  1
  77  5.9811536e-04 1.45e-04 7.13e+01  -4.0 3.02e-02    -  1.00e+00 5.00e-01h  2
  78  5.9221257e-04 1.53e-04 7.14e+01  -4.0 1.83e-01    -  1.00e+00 6.25e-02h  5
  79  5.9137708e-04 1.80e-04 7.14e+01  -4.1 7.64e-01    -  1.00e+00 1.56e-02h  7
iter    objective    inf_pr   inf_du lg(mu)  ||d||  lg(rg) alpha_du alpha_pr  ls
  80  5.7720199e-04 3.52e-04 7.01e+01  -4.1 4.31e-02    -  1.00e+00 5.00e-01h  2
  81  6.2686878e-04 1.25e-04 7.14e+01  -4.0 3.35e-02    -  1.00e+00 1.00e+00H  1
  82  6.0618242e-04 5.21e-04 7.14e+01  -4.0 6.23e-02    -  1.00e+00 5.00e-01h  2
  83  5.7809229e-04 1.49e-03 7.14e+01  -4.1 1.40e-01    -  1.00e+00 2.50e-01h  3
  84  5.9123162e-04 9.46e-04 7.01e+01  -4.1 9.22e-02    -  1.00e+00 2.50e-01h  3
  85  5.5504048e-04 2.33e-04 7.01e+01  -4.1 2.77e-02    -  1.00e+00 1.00e+00h  1
  86  5.5496047e-04 3.27e-04 7.13e+01  -4.0 3.52e-02    -  1.00e+00 5.00e-01h  2
  87  5.5500588e-04 3.82e-04 7.14e+01  -4.0 5.67e-02    -  1.00e+00 2.50e-01h  3
  88  5.5005423e-04 3.31e-04 7.14e+01  -4.0 3.12e-01    -  1.00e+00 3.12e-02h  6
  89  6.0728381e-04 9.05e-05 7.01e+01  -4.1 2.53e-02    -  1.00e+00 1.00e+00H  1
iter    objective    inf_pr   inf_du lg(mu)  ||d||  lg(rg) alpha_du alpha_pr  ls
  90  5.5462534e-04 9.41e-04 7.00e+01  -4.0 5.82e-02    -  1.00e+00 1.00e+00h  1
  91  5.6010805e-04 8.75e-04 7.00e+01  -4.1 4.52e-01    -  1.00e+00 3.12e-02h  6
  92  6.6155577e-04 4.37e-04 7.13e+01  -4.1 4.83e-02    -  1.00e+00 1.00e+00H  1
  93  6.6019637e-04 4.53e-04 7.13e+01  -4.1 5.25e-01    -  1.00e+00 3.12e-02h  6
  94  5.7739195e-04 4.56e-04 7.13e+01  -4.1 9.24e-02    -  1.00e+00 5.00e-01h  2
  95  6.7865978e-04 1.68e-04 7.02e+01  -4.1 4.94e-02    -  1.00e+00 1.00e+00H  1
  96  5.6420576e-04 4.39e-04 7.02e+01  -4.1 2.66e-02    -  1.00e+00 1.00e+00h  1
  97  5.4077892e-04 4.07e-04 7.13e+01  -4.1 1.72e-01    -  1.00e+00 6.25e-02h  5
  98  5.4464731e-04 4.36e-04 7.00e+01  -4.0 2.85e-02    -  1.00e+00 1.00e+00h  1
  99  5.3930209e-04 6.42e-04 7.14e+01  -4.0 3.13e-02    -  1.00e+00 1.00e+00h  1
iter    objective    inf_pr   inf_du lg(mu)  ||d||  lg(rg) alpha_du alpha_pr  ls
 100  5.2875784e-04 7.77e-04 7.00e+01  -4.0 7.38e-02    -  1.00e+00 2.50e-01h  3
 101  5.1932945e-04 7.17e-04 7.14e+01  -4.0 6.74e-02    -  1.00e+00 2.50e-01h  3
 102  5.1636050e-04 7.76e-04 7.14e+01  -4.1 7.14e-01    -  1.00e+00 1.56e-02h  7
 103  5.5583230e-04 2.13e-04 7.00e+01  -4.0 2.38e-02    -  1.00e+00 1.00e+00H  1
 104  5.1172402e-04 1.31e-03 7.00e+01  -4.0 3.11e-02    -  1.00e+00 1.00e+00h  1
 105  5.1581084e-04 1.29e-03 7.14e+01  -4.1 6.31e-01    -  1.00e+00 1.56e-02h  7
 106  5.0266927e-04 7.89e-04 7.13e+01  -4.1 7.91e-02    -  1.00e+00 5.00e-01h  2
 107  4.9885069e-04 7.58e-04 7.01e+01  -4.0 1.47e-01    -  1.00e+00 6.25e-02h  5
 108  4.9412191e-04 7.44e-04 7.13e+01  -4.0 3.02e-01    -  1.00e+00 3.12e-02h  6
 109  4.9282324e-04 4.75e-04 7.02e+01  -4.1 2.22e-02    -  1.00e+00 1.00e+00h  1
iter    objective    inf_pr   inf_du lg(mu)  ||d||  lg(rg) alpha_du alpha_pr  ls
 110  5.0592031e-04 1.18e-04 7.14e+01  -4.0 2.80e-02    -  1.00e+00 1.00e+00H  1
 111  5.0349087e-04 1.65e-04 7.00e+01  -4.0 1.03e+00    -  1.00e+00 3.12e-02h  6
 112  5.0235798e-04 1.76e-04 7.14e+01  -4.1 2.60e+00    -  6.84e-01 5.01e-03h  8
 113  4.9814148e-04 2.20e-04 7.14e+01  -4.1 1.76e-01    -  1.00e+00 2.50e-01h  3
 114  4.5783546e-04 6.64e-04 7.01e+01  -4.1 5.47e-01    -  1.00e+00 1.25e-01h  4
 115  4.5133702e-04 6.72e-04 7.14e+01  -4.0 4.63e-01    -  1.00e+00 6.25e-02h  5
 116  4.3208889e-04 6.20e-04 7.01e+01  -4.1 1.53e-01    -  1.00e+00 1.25e-01h  4
 117  4.1381830e-04 5.65e-04 7.14e+01  -4.0 2.03e-01    -  1.00e+00 1.25e-01h  4
 118  4.2375185e-04 5.66e-04 7.01e+01  -4.0 5.91e-01    -  1.00e+00 3.12e-02h  6
 119  9.2485453e-04 9.11e-04 7.14e+01  -4.0 9.02e-02    -  1.00e+00 1.00e+00H  1
iter    objective    inf_pr   inf_du lg(mu)  ||d||  lg(rg) alpha_du alpha_pr  ls
 120  1.1730357e-03 6.47e-04 7.02e+01  -4.1 2.10e-01    -  1.00e+00 1.00e+00H  1
 121  8.9362342e-04 1.17e-03 7.02e+01  -4.1 6.06e-01    -  1.00e+00 1.25e-01h  4
 122  7.6015545e-04 1.52e-03 7.02e+01  -4.1 3.06e-01    -  1.00e+00 2.50e-01h  3
 123  7.2179901e-04 2.14e-03 7.12e+01  -4.1 2.73e+00    -  4.16e-01 2.29e-02h  5
 124  6.5089557e-04 2.23e-03 7.02e+01  -4.1 6.19e-01    -  1.00e+00 6.25e-02h  5
 125  6.1878983e-04 2.20e-03 7.13e+01  -4.1 2.80e+00    -  5.37e-01 5.82e-03h  7
 126  5.2954504e-04 2.00e-03 7.13e+01  -4.1 1.03e-01    -  1.00e+00 2.50e-01h  3
 127  4.5912422e-04 2.82e-03 7.13e+01  -4.1 1.86e+00    -  5.68e-01 3.41e-02h  5
 128  4.3014092e-04 2.16e-03 7.13e+01  -4.1 1.66e-01    -  1.00e+00 2.50e-01h  3
 129  6.2337589e-04 1.33e-03 7.02e+01  -4.1 1.71e-01    -  1.00e+00 5.00e-01h  2
iter    objective    inf_pr   inf_du lg(mu)  ||d||  lg(rg) alpha_du alpha_pr  ls
 130  6.4915787e-04 1.33e-03 7.02e+01  -4.1 5.27e-01    -  1.00e+00 6.25e-02h  5
 131  3.8375949e-04 6.29e-04 7.02e+01  -4.1 7.51e-02    -  1.00e+00 1.00e+00h  1
 132  4.0219280e-04 6.30e-04 7.13e+01  -3.8 2.25e+00    -  1.00e+00 1.55e-03h  9
 133  4.1063203e-04 6.09e-05 7.14e+01  -4.0 1.93e-02    -  1.00e+00 1.00e+00h  1
 134  3.9893588e-04 1.44e-04 7.00e+01  -4.0 2.91e-02    -  1.00e+00 5.00e-01h  2
 135  3.7662670e-04 3.97e-05 7.14e+01  -4.0 1.13e-02    -  1.00e+00 1.00e+00h  1
 136  3.7602953e-04 2.88e-05 7.14e+01  -4.0 6.83e-02    -  1.00e+00 6.25e-02h  5
 137  3.6964560e-04 6.27e-05 7.00e+01  -4.0 1.56e-02    -  1.00e+00 5.00e-01h  2
 138  3.6376142e-04 5.07e-05 7.02e+01  -4.1 7.82e-03    -  1.00e+00 1.00e+00h  1
 139  3.6147290e-04 6.17e-05 7.13e+01  -4.0 3.34e-02    -  1.00e+00 2.50e-01h  3
iter    objective    inf_pr   inf_du lg(mu)  ||d||  lg(rg) alpha_du alpha_pr  ls
 140  3.5597344e-04 4.60e-05 7.13e+01  -4.1 1.36e-02    -  1.00e+00 1.00e+00h  1
 141  3.5494866e-04 6.32e-05 7.02e+01  -4.1 1.52e-01    -  1.00e+00 1.25e-01h  4
 142  3.5187006e-04 6.59e-05 7.13e+01  -4.1 5.61e-01    -  1.00e+00 1.56e-02h  7
 143  3.4321997e-04 1.33e-04 7.01e+01  -4.0 1.87e-01    -  1.00e+00 1.25e-01h  4
 144  3.3559563e-04 1.28e-04 7.02e+01  -4.1 1.14e-01    -  1.00e+00 1.25e-01h  4
 145  3.3166491e-04 4.60e-04 7.01e+01  -4.0 1.49e-01    -  1.00e+00 2.50e-01h  3
 146  3.2430375e-04 4.51e-04 7.01e+01  -4.1 4.50e-01    -  1.00e+00 3.12e-02h  6
 147  3.3334730e-04 3.18e-04 7.14e+01  -4.0 5.44e-02    -  1.00e+00 5.00e-01h  2
 148  3.3618830e-04 3.12e-04 7.01e+01  -4.1 3.59e-01    -  1.00e+00 3.12e-02h  6
 149  3.3392559e-04 2.98e-04 7.13e+01  -4.1 1.47e-01    -  1.00e+00 1.25e-01h  4
iter    objective    inf_pr   inf_du lg(mu)  ||d||  lg(rg) alpha_du alpha_pr  ls
 150  3.3325191e-04 3.15e-04 7.13e+01  -4.1 9.34e-01    -  1.00e+00 1.56e-02h  7
 151  3.2704124e-04 1.80e-04 7.01e+01  -4.1 4.07e-02    -  1.00e+00 1.00e+00h  1
 152  3.0537592e-04 1.22e-04 7.14e+01  -4.0 3.41e-02    -  1.00e+00 1.00e+00h  1
 153  3.1014411e-04 1.27e-04 7.14e+01  -4.0 5.44e-02    -  1.00e+00 5.00e-01h  2
 154  3.0788978e-04 1.90e-03 7.14e+01  -4.0 9.28e-02    -  1.00e+00 1.00e+00H  1
 155  8.9178677e-04 1.63e-03 7.00e+01  -4.1 1.78e+00    -  5.03e-01 7.08e-02h  4
 156  1.2968795e-03 8.79e-04 7.13e+01  -4.1 1.85e-01    -  1.00e+00 1.00e+00H  1
 157  8.2918537e-04 1.95e-03 7.13e+01  -4.1 4.06e-01    -  1.00e+00 2.50e-01h  3
 158  4.3026826e-04 1.64e-03 7.02e+01  -4.1 1.17e-01    -  1.00e+00 1.00e+00h  1
 159  4.2636547e-03 2.35e-03 7.13e+01  -4.1 2.86e-01    -  1.00e+00 1.00e+00H  1
iter    objective    inf_pr   inf_du lg(mu)  ||d||  lg(rg) alpha_du alpha_pr  ls
 160  4.9391008e-04 2.87e-03 7.13e+01  -4.1 2.37e-01    -  1.00e+00 1.00e+00h  1
 161  6.5154437e-04 3.62e-04 7.02e+01  -4.1 4.94e-02    -  1.00e+00 1.00e+00h  1
 162  5.3600965e-04 3.12e-04 7.13e+01  -4.1 6.18e-02    -  1.00e+00 1.00e+00h  1
 163  4.2756004e-04 1.81e-04 7.13e+01  -4.1 1.55e-01    -  1.00e+00 5.00e-01h  2
 164  4.9950053e-04 1.02e-03 7.01e+01  -4.1 5.86e-02    -  1.00e+00 1.00e+00h  1
 165  3.5494159e-04 2.47e-04 7.01e+01  -4.1 1.82e-02    -  1.00e+00 1.00e+00h  1
 166  3.2794678e-04 2.52e-04 7.13e+01  -4.1 3.21e-01    -  1.00e+00 1.56e-02h  7
 167  3.0678049e-04 1.05e-04 7.00e+01  -4.0 1.08e-02    -  1.00e+00 1.00e+00h  1
 168  3.0606760e-04 1.93e-04 7.00e+01  -4.1 7.87e-02    -  1.00e+00 1.25e-01h  4
 169  2.9868926e-04 1.86e-04 7.00e+01  -4.1 7.53e-02    -  1.00e+00 1.25e-01h  4
iter    objective    inf_pr   inf_du lg(mu)  ||d||  lg(rg) alpha_du alpha_pr  ls
 170  2.9795650e-04 1.91e-04 7.14e+01  -4.1 2.09e-01    -  1.00e+00 1.56e-02h  7
 171  2.9794845e-04 4.36e-04 7.01e+01  -4.1 2.28e-02    -  1.00e+00 1.00e+00H  1
 172  2.9688227e-04 4.37e-04 7.01e+01  -4.1 1.55e-01    -  1.00e+00 6.25e-02h  5
 173  3.2713055e-04 6.98e-05 7.01e+01  -4.1 6.13e-02    -  1.00e+00 1.00e+00H  1
 174  3.0125333e-04 1.99e-04 7.14e+01  -4.0 5.19e-02    -  1.00e+00 5.00e-01h  2
 175  2.9702742e-04 1.25e-03 7.01e+01  -4.1 4.01e-02    -  1.00e+00 1.00e+00h  1
 176  2.9307028e-04 1.50e-03 7.01e+01  -4.1 2.88e-01    -  1.00e+00 6.25e-02h  5
 177  2.9212187e-04 1.59e-03 7.01e+01  -4.0 8.41e-01    -  1.00e+00 1.56e-02h  7
 178  2.9166114e-04 1.66e-03 7.01e+01  -4.1 2.63e-01    -  1.00e+00 6.25e-02h  5
 179  2.9090847e-04 1.66e-03 9.83e+01  -4.1 4.03e-02    -  1.00e+00 9.93e-07h 14
iter    objective    inf_pr   inf_du lg(mu)  ||d||  lg(rg) alpha_du alpha_pr  ls
 180  1.1617763e-03 3.22e-04 2.40e+05  -4.1 1.05e-02    -  1.00e+00 1.00e+00h  1
 181  2.3007200e-03 1.26e-05 3.17e+04  -4.1 4.13e-03    -  1.00e+00 1.00e+00H  1
 182  5.6118468e-03 1.94e-04 2.52e+04  -4.1 1.64e-02    -  1.00e+00 1.00e+00h  1
 183  1.0148464e-02 1.67e-04 2.48e+04  -4.1 1.50e-02    -  1.00e+00 1.00e+00h  1
 184  1.0295267e-02 1.51e-04 2.47e+04  -4.1 7.69e-04    -  1.00e+00 9.65e-02h  1
 185  1.0665116e-02 1.32e-04 2.81e+04  -4.1 2.01e-03    -  1.00e+00 1.25e-01f  4
 186  1.3046925e-02 2.75e-05 7.01e+02  -4.1 6.24e-03    -  1.00e+00 9.76e-01h  1
 187  1.0249893e-02 3.80e-04 2.74e+03  -4.0 2.46e-02    -  1.00e+00 1.00e+00f  1
 188  1.0024359e-02 2.46e-04 1.89e+02  -4.1 2.01e-02    -  1.00e+00 1.00e+00h  1
 189  1.0247441e-02 1.97e-06 2.64e+01  -4.1 1.96e-03    -  1.00e+00 1.00e+00h  1
iter    objective    inf_pr   inf_du lg(mu)  ||d||  lg(rg) alpha_du alpha_pr  ls
 190  1.0245049e-02 4.92e-07 4.68e+00  -4.0 5.13e-05    -  1.00e+00 1.00e+00h  1
 191  1.0246840e-02 5.03e-07 1.57e-01  -4.0 5.43e-06    -  1.00e+00 1.00e+00h  1
 192  1.0246799e-02 5.03e-07 5.48e-02  -4.0 1.34e-06    -  1.00e+00 1.00e+00h  1
 193  1.0246788e-02 5.03e-07 1.36e-02  -4.0 3.09e-07    -  1.00e+00 1.00e+00h  1
 194  1.0246779e-02 5.03e-07 2.20e-02  -4.0 4.93e-07    -  1.00e+00 1.00e+00h  1
 195  1.0246770e-02 5.03e-07 3.63e-02  -4.0 7.93e-07    -  1.00e+00 1.00e+00h  1
 196r 1.0246770e-02 5.03e-07 1.00e+03  -4.1 0.00e+00    -  0.00e+00 4.77e-07R 22
 197r 1.0280065e-02 5.99e-07 8.78e+00  -3.3 2.14e-05    -  1.00e+00 8.47e-01f  1
 198r 9.1831189e-03 3.99e-07 5.98e+02  -3.4 1.13e-04    -  8.77e-02 1.00e+00f  1
 199  2.1730153e-03 9.49e-08 1.41e+02  -3.6 1.08e-04    -  1.00e+00 1.00e+00h  1
iter    objective    inf_pr   inf_du lg(mu)  ||d||  lg(rg) alpha_du alpha_pr  ls
 200  1.1633301e-03 4.72e-08 1.06e+02  -4.0 4.61e-05    -  1.00e+00 1.00e+00H  1
 201  9.7955081e-04 3.05e-08 6.14e+01  -4.0 1.55e-05    -  1.00e+00 1.00e+00h  1
 202  3.0181347e-04 1.28e-09 6.20e+01  -4.0 9.37e-06    -  1.00e+00 1.00e+00h  1
 203  3.2172458e-04 2.63e-09 8.04e+01  -4.0 5.68e-03    -  1.00e+00 1.56e-02h  7
 204  3.1272809e-04 2.49e-06 7.43e+01  -4.1 2.71e-03    -  1.00e+00 1.00e+00h  1
 205  3.0289068e-04 6.95e-07 6.98e+01  -4.1 1.48e-03    -  1.00e+00 1.00e+00h  1
 206  2.9889554e-04 3.30e-07 7.15e+01  -4.1 1.27e-03    -  1.00e+00 1.00e+00h  1
 207  2.9530594e-04 1.53e-07 6.96e+01  -4.1 9.40e-04    -  1.00e+00 1.00e+00h  1
 208  2.9371752e-04 1.50e-07 7.23e+01  -4.1 1.07e-03    -  1.00e+00 1.00e+00h  1
 209  2.8965161e-04 2.63e-05 7.18e+01  -4.1 7.03e-01    -  1.00e+00 1.56e-02h  7
iter    objective    inf_pr   inf_du lg(mu)  ||d||  lg(rg) alpha_du alpha_pr  ls
 210  2.8882577e-04 5.11e-06 7.14e+01  -4.0 5.04e-03    -  1.00e+00 1.00e+00h  1
 211  2.8636482e-04 7.46e-05 7.00e+01  -4.0 7.87e-02    -  1.00e+00 1.25e-01h  4
 212  2.8280365e-04 3.54e-06 7.02e+01  -4.1 3.31e-03    -  1.00e+00 1.00e+00h  1
 213  2.8225310e-04 1.36e-06 7.13e+01  -4.0 9.19e-03    -  1.00e+00 1.00e+00H  1
 214  2.7734531e-04 7.36e-06 6.99e+01  -4.0 5.13e-03    -  1.00e+00 1.00e+00h  1
 215  2.7636354e-04 3.92e-06 7.13e+01  -4.1 2.15e-03    -  1.00e+00 1.00e+00h  1
 216  2.7636901e-04 4.49e-05 7.01e+01  -4.1 6.00e-02    -  1.00e+00 1.25e-01h  4
 217  2.7552691e-04 6.58e-05 7.13e+01  -4.1 7.11e-03    -  1.00e+00 1.00e+00h  1
 218  2.7566140e-04 6.35e-05 7.13e+01  -4.1 1.36e-01    -  1.00e+00 3.12e-02h  6
 219  2.7278599e-04 1.64e-05 7.01e+01  -4.1 3.99e-03    -  1.00e+00 1.00e+00h  1
iter    objective    inf_pr   inf_du lg(mu)  ||d||  lg(rg) alpha_du alpha_pr  ls
 220  2.7220656e-04 8.96e-05 7.01e+01  -4.1 2.14e-02    -  1.00e+00 5.00e-01h  2
 221  2.7108139e-04 7.14e-05 7.01e+01  -4.0 1.37e-02    -  1.00e+00 5.00e-01h  2
 222  2.7003380e-04 8.40e-05 7.01e+01  -4.1 2.48e-02    -  1.00e+00 2.50e-01h  3
 223  2.6999269e-04 1.06e-04 7.01e+01  -4.1 3.15e-01    -  1.00e+00 1.56e-02h  7
 224  2.6950290e-04 1.57e-04 7.01e+01  -4.1 7.52e-02    -  1.00e+00 1.25e-01h  4
 225  2.6933729e-04 1.95e-04 7.01e+01  -4.1 5.23e-01    -  1.00e+00 1.56e-02h  7
 226  2.6884335e-04 2.06e-04 7.01e+01  -4.1 5.58e-02    -  1.00e+00 1.25e-01h  4
 227  2.6729333e-04 2.06e-04 9.04e+01  -4.1 1.29e-01    -  1.00e+00 4.32e-06h 12
 228  2.7051744e-04 4.94e-05 1.49e+03  -4.1 7.74e-03    -  1.00e+00 1.00e+00h  1
 229  2.8539226e-04 1.35e-05 3.69e+02  -4.0 4.28e-03    -  1.00e+00 1.00e+00h  1
iter    objective    inf_pr   inf_du lg(mu)  ||d||  lg(rg) alpha_du alpha_pr  ls
 230  3.0831438e-04 1.18e-05 2.52e+02  -4.1 4.18e-03    -  1.00e+00 1.00e+00h  1
 231  3.2526459e-04 1.65e-06 2.40e+02  -4.1 1.57e-03    -  1.00e+00 1.00e+00h  1
 232  3.3552033e-04 2.30e-08 2.44e+02  -4.1 1.90e-04    -  1.00e+00 1.00e+00h  1
 233  4.0578197e-04 9.33e-09 2.32e+02  -4.1 9.35e-04    -  1.00e+00 1.00e+00H  1
 234  2.9761498e-04 3.72e-09 1.54e-01  -4.1 1.69e-04    -  1.00e+00 1.00e+00H  1
 235  2.9555030e-04 1.28e-07 1.41e+02  -4.0 4.72e-04    -  1.00e+00 1.00e+00h  1
 236  2.8378200e-04 5.37e-07 1.26e+00  -4.1 1.08e-01    -  1.00e+00 7.81e-03h  8
 237  3.1017984e-04 3.11e-08 8.97e+00  -4.0 1.14e-03    -  1.00e+00 1.00e+00H  1
 238  2.9889246e-04 3.35e-08 1.01e+01  -4.1 2.40e-04    -  1.00e+00 1.00e+00h  1
 239  2.9166164e-04 1.15e-09 1.10e+01  -4.1 2.71e-05    -  1.00e+00 1.00e+00h  1
iter    objective    inf_pr   inf_du lg(mu)  ||d||  lg(rg) alpha_du alpha_pr  ls
 240  2.8792136e-04 1.35e-09 1.37e+02  -4.1 2.12e-04    -  1.00e+00 1.00e+00H  1
 241  2.8991243e-04 1.06e-09 6.30e+00  -4.1 1.10e-04    -  1.00e+00 1.00e+00H  1
 242  2.8534159e-04 5.59e-06 1.35e+02  -4.1 4.00e-03    -  1.00e+00 1.00e+00h  1
 243  2.8540007e-04 2.70e-06 2.59e+01  -4.1 2.74e-03    -  1.00e+00 1.00e+00h  1
 244  2.8607323e-04 2.66e-06 2.65e+01  -4.1 2.13e-02    -  1.00e+00 1.56e-02h  7
 245  2.7295190e-04 5.60e-07 1.10e+02  -4.1 1.06e-03    -  1.00e+00 1.00e+00h  1
 246  2.8942567e-04 4.52e-09 3.24e+01  -4.0 1.00e-04    -  1.00e+00 1.00e+00h  1
 247  2.8364891e-04 1.26e-08 3.28e+01  -4.1 1.49e-04    -  1.00e+00 1.00e+00h  1
 248  2.7871946e-04 1.36e-07 1.10e+02  -4.1 4.67e-03    -  1.00e+00 1.25e-01h  4
 249  2.8160755e-04 1.56e-07 1.09e+02  -4.1 1.78e-03    -  1.00e+00 1.25e-01h  4
iter    objective    inf_pr   inf_du lg(mu)  ||d||  lg(rg) alpha_du alpha_pr  ls
 250  2.7212673e-04 1.62e-04 1.07e+02  -4.1 4.39e-01    -  1.00e+00 3.12e-02h  6
 251  2.7468373e-04 4.23e-05 5.25e+01  -4.1 6.98e-03    -  1.00e+00 1.00e+00h  1
 252  2.7380622e-04 4.15e-05 8.87e+01  -4.1 6.14e-02    -  1.00e+00 1.56e-02h  7
 253  2.7326946e-04 4.15e-05 8.85e+01  -4.1 1.72e-01    -  1.00e+00 1.56e-02h  7
 254  2.7211718e-04 9.59e-05 8.74e+01  -4.1 1.66e-01    -  1.00e+00 6.25e-02h  5
 255  2.6765697e-04 1.25e-04 8.30e+01  -4.1 3.82e-02    -  1.00e+00 2.50e-01h  3
 256  2.6869727e-04 1.25e-04 8.28e+01  -4.1 1.06e-01    -  1.00e+00 1.56e-02h  7
 257  2.6764019e-04 1.26e-04 5.90e+01  -4.1 6.26e-02    -  1.00e+00 3.12e-02h  6
 258  2.6638859e-04 1.29e-04 5.94e+01  -4.1 1.16e-01    -  1.00e+00 3.12e-02h  6
 259  2.6602069e-04 1.29e-04 5.95e+01  -4.1 5.04e-01    -  1.00e+00 3.91e-03h  9
iter    objective    inf_pr   inf_du lg(mu)  ||d||  lg(rg) alpha_du alpha_pr  ls
 260  2.6705178e-04 1.22e-04 8.12e+01  -4.1 8.29e-02    -  1.00e+00 6.25e-02h  5
 261  2.6679389e-04 1.22e-04 8.12e+01  -4.1 2.31e-01    -  1.00e+00 7.81e-03h  8
 262  2.6683750e-04 1.22e-04 6.03e+01  -4.1 2.13e-01    -  1.00e+00 9.77e-04h 11
 263  2.6686793e-04 1.21e-04 6.04e+01  -4.1 8.26e-02    -  1.00e+00 1.56e-02h  7
 264  2.6646809e-04 1.21e-04 6.05e+01  -4.1 5.26e-01    -  1.00e+00 3.91e-03h  9
 265  2.6761945e-04 1.13e-04 6.11e+01  -4.1 1.15e-01    -  1.00e+00 6.25e-02h  5
 266  2.6728321e-04 1.14e-04 6.12e+01  -4.1 6.15e-01    -  1.00e+00 3.91e-03h  9
 267  2.6637509e-04 1.15e-04 6.13e+01  -4.1 4.49e-01    -  1.00e+00 7.81e-03h  8
 268  2.6608607e-04 1.16e-04 6.13e+01  -4.1 5.84e-01    -  1.00e+00 3.91e-03h  9
 269  2.6607046e-04 1.16e-04 8.01e+01  -4.1 1.05e+01    -  2.39e-02 4.07e-08h 22
iter    objective    inf_pr   inf_du lg(mu)  ||d||  lg(rg) alpha_du alpha_pr  ls
 270  2.6626427e-04 1.15e-04 8.00e+01  -4.1 9.76e-02    -  1.00e+00 7.81e-03h  8
 271  2.6600297e-04 1.14e-04 8.00e+01  -4.1 1.98e-01    -  1.00e+00 7.81e-03h  8
 272  2.6580666e-04 1.07e-04 7.93e+01  -4.1 7.21e-02    -  1.00e+00 6.25e-02h  5
 273  2.6580732e-04 1.07e-04 7.93e+01  -4.1 2.19e-01    -  1.00e+00 3.91e-03h  9
 274  2.6589375e-04 1.07e-04 7.93e+01  -4.1 1.68e-01    -  1.00e+00 3.91e-03h  9
 275  2.6553752e-04 1.07e-04 7.92e+01  -4.1 5.22e-01    -  1.00e+00 7.81e-03h  8
 276  2.6553707e-04 1.07e-04 6.22e+01  -4.1 1.98e+01    -  4.87e-02 4.50e-09h 23
 277  2.6539185e-04 1.04e-04 6.25e+01  -4.1 8.39e-02    -  1.00e+00 3.12e-02h  6
 278  2.6504821e-04 1.05e-04 6.26e+01  -4.1 4.61e-01    -  1.00e+00 7.81e-03h  8
 279  2.6499372e-04 1.04e-04 6.26e+01  -4.1 1.80e-01    -  1.00e+00 7.81e-03h  8
iter    objective    inf_pr   inf_du lg(mu)  ||d||  lg(rg) alpha_du alpha_pr  ls
 280  2.6466648e-04 1.04e-04 6.28e+01  -4.1 2.08e-01    -  1.00e+00 1.56e-02h  7
 281  2.6464579e-04 1.03e-04 6.29e+01  -4.1 1.03e-01    -  1.00e+00 1.56e-02h  7
 282  2.6403508e-04 1.02e-04 6.30e+01  -4.1 2.04e-01    -  1.00e+00 1.56e-02h  7
 283  2.6403491e-04 1.02e-04 7.84e+01  -4.1 5.94e+00    -  8.87e-03 9.88e-10h 28
 284  2.6398888e-04 9.56e-05 7.79e+01  -4.1 5.06e-02    -  1.00e+00 6.25e-02h  5
 285  2.6424497e-04 9.27e-05 7.77e+01  -4.1 3.63e-02    -  1.00e+00 3.12e-02h  6
 286  2.6537675e-04 8.40e-05 7.68e+01  -4.1 1.97e-02    -  1.00e+00 1.25e-01h  4
 287  2.6530308e-04 7.17e-05 6.80e+01  -4.1 1.33e-02    -  1.00e+00 5.00e-01h  2
 288  2.6438117e-04 8.49e-05 6.81e+01  -4.1 2.73e-01    -  1.00e+00 1.56e-02h  7
 289  2.6429700e-04 8.47e-05 6.81e+01  -4.1 8.29e-02    -  1.00e+00 1.56e-02h  7
iter    objective    inf_pr   inf_du lg(mu)  ||d||  lg(rg) alpha_du alpha_pr  ls
 290  2.6437272e-04 8.43e-05 6.83e+01  -4.1 3.78e-02    -  1.00e+00 6.25e-02h  5
 291  2.6437236e-04 8.43e-05 7.31e+01  -4.1 1.81e-01    -  5.05e-02 7.45e-09h 28
 292  2.6344503e-04 1.65e-05 7.23e+03  -4.1 3.93e-03    -  1.00e+00 1.00e+00h  1
 293  2.6371762e-04 5.78e-06 5.36e+03  -4.1 1.27e-03    -  1.00e+00 1.00e+00h  1
 294  2.6418344e-04 6.25e-06 2.40e+03  -4.1 1.85e-03    -  1.00e+00 1.00e+00h  1
 295  2.6891769e-04 6.25e-06 2.40e+03  -4.1 2.11e-01    -  1.00e+00 1.46e-05h 12
 296  2.6983198e-04 6.38e-06 1.80e+03  -4.1 8.57e-03    -  1.00e+00 2.50e-01h  3
 297  2.7169354e-04 6.38e-06 1.75e+03  -4.1 1.35e-02    -  1.00e+00 3.12e-02h  6
 298  2.7283345e-04 6.37e-06 1.72e+03  -4.1 1.65e-02    -  1.00e+00 1.56e-02h  7
 299  2.7664377e-04 6.37e-06 1.72e+03  -4.1 5.36e-02    -  1.00e+00 7.13e-04h 10
iter    objective    inf_pr   inf_du lg(mu)  ||d||  lg(rg) alpha_du alpha_pr  ls
 300  2.6625529e-04 6.37e-06 1.71e+03  -4.1 4.01e-02    -  1.00e+00 7.81e-03h  8
 301  2.6646176e-04 6.37e-06 1.70e+03  -4.1 7.86e-02    -  1.00e+00 9.77e-04h 11
 302  2.6939105e-04 6.37e-06 1.70e+03  -4.1 9.00e-02    -  1.00e+00 9.77e-04h 11
 303  2.7062062e-04 6.37e-06 1.70e+03  -4.1 1.82e-02    -  1.00e+00 7.00e-04h 11
 304  2.7050013e-04 6.37e-06 1.70e+03  -4.1 2.03e-02    -  1.00e+00 9.77e-04h 11
 305  2.7048619e-04 6.37e-06 1.70e+03  -4.1 1.91e-02    -  1.00e+00 1.22e-04h 14
 306  2.7048533e-04 6.37e-06 1.70e+03  -4.1 1.89e-02    -  1.00e+00 7.63e-06h 18
 307  7.2855578e-03 2.36e-04 9.66e+00  -4.1 1.78e-02    -  1.00e+00 1.00e+00s 22
 308  4.0893034e-03 2.20e-04 8.99e+00  -4.1 1.43e-02    -  7.05e-02 7.05e-02s 22
 309r 4.0893034e-03 2.20e-04 9.99e+02  -3.7 0.00e+00    -  0.00e+00 0.00e+00R  1
iter    objective    inf_pr   inf_du lg(mu)  ||d||  lg(rg) alpha_du alpha_pr  ls
 310r 1.0212852e-02 1.93e-04 4.14e+01  -2.6 5.59e-01    -  1.00e+00 1.29e-04f  1
 311r 9.9740204e-03 3.48e-05 3.86e-01  -4.0 6.88e-03    -  9.91e-01 9.61e-01f  1
 312r 1.4850886e-02 5.13e-05 7.78e-04  -4.0 8.27e-03    -  1.00e+00 1.00e+00f  1
 313r 2.0519904e-03 1.62e-05 9.76e-03  -4.0 4.74e-03    -  1.00e+00 1.00e+00h  1
 314r 6.3919373e-03 2.64e-05 8.37e-03  -4.0 6.05e-03    -  1.00e+00 1.00e+00h  1
 315r 1.5909354e-03 4.98e-06 1.91e-03  -4.0 2.64e-03    -  1.00e+00 1.00e+00h  1
 316r 2.6662019e-04 1.19e-07 2.71e-04  -4.0 4.01e-04    -  1.00e+00 1.00e+00h  1
 317  2.6528721e-04 1.19e-07 7.07e+01  -4.1 4.37e+00    -  2.19e-02 3.09e-06f 18
 318  2.6548121e-04 7.90e-08 7.11e+01  -4.1 4.48e-04    -  1.00e+00 5.00e-01h  2
 319  2.6261546e-04 1.43e-04 7.36e+01  -4.1 1.51e-02    -  1.00e+00 1.00e+00h  1
iter    objective    inf_pr   inf_du lg(mu)  ||d||  lg(rg) alpha_du alpha_pr  ls
 320  2.6338863e-04 3.58e-05 7.13e+01  -4.1 7.55e-03    -  1.00e+00 1.00e+00h  1
 321  2.6328538e-04 3.39e-05 7.01e+01  -4.1 2.15e-02    -  1.00e+00 2.50e-01h  3
 322  2.6267283e-04 4.98e-05 7.13e+01  -4.1 1.47e-02    -  1.00e+00 5.00e-01h  2
 323  2.6294657e-04 2.61e-05 7.13e+01  -4.1 9.77e-03    -  1.00e+00 1.00e+00h  1
 324  2.6222844e-04 5.92e-06 7.00e+01  -4.0 6.35e-03    -  1.00e+00 1.00e+00h  1
 325  2.6225000e-04 3.97e-06 7.00e+01  -4.0 1.72e-03    -  1.00e+00 1.00e+00h  1
 326  2.6206059e-04 3.95e-06 7.14e+01  -4.0 2.04e-01    -  1.00e+00 7.81e-03h  8
 327  2.6206094e-04 2.13e-06 7.02e+01  -4.1 1.87e-03    -  1.00e+00 1.00e+00h  1
 328  2.6139491e-04 4.88e-06 7.02e+01  -4.1 2.65e-03    -  1.00e+00 1.00e+00h  1
 329  2.6107722e-04 7.75e-05 7.02e+01  -4.1 3.41e-02    -  1.00e+00 5.00e-01h  2
iter    objective    inf_pr   inf_du lg(mu)  ||d||  lg(rg) alpha_du alpha_pr  ls
 330  2.6072759e-04 7.51e-05 7.02e+01  -4.1 1.11e-01    -  1.00e+00 3.12e-02h  6
 331  2.6026953e-04 7.89e-05 7.02e+01  -4.1 1.35e+00    -  1.00e+00 7.81e-03h  8
 332  2.5485941e-04 8.05e-05 7.02e+01  -4.1 3.46e-02    -  1.00e+00 2.50e-01h  3
 333  2.5460281e-04 1.49e-04 7.02e+01  -4.1 2.71e-02    -  1.00e+00 5.00e-01h  2
 334  2.5378278e-04 1.49e-04 9.37e+01  -4.1 9.41e-01    -  1.00e+00 1.04e-06h 14
 335  2.5485150e-04 8.66e-05 7.03e+01  -4.1 1.69e-02    -  1.00e+00 5.00e-01h  2
 336  2.5348917e-04 9.04e-05 7.12e+01  -4.1 4.18e-01    -  1.00e+00 1.56e-02h  7
 337  2.5368624e-04 8.85e-05 7.03e+01  -4.1 7.32e-02    -  1.00e+00 6.25e-02h  5
 338  2.5295712e-04 8.91e-05 7.12e+01  -4.1 2.62e-01    -  1.00e+00 1.56e-02h  7
 339  2.5292137e-04 8.91e-05 7.03e+01  -4.1 2.10e-01    -  3.75e-02 4.77e-07h 22
iter    objective    inf_pr   inf_du lg(mu)  ||d||  lg(rg) alpha_du alpha_pr  ls
 340  2.5378492e-04 3.24e-06 1.04e+03  -4.1 2.71e-04    -  1.00e+00 1.00e+00h  1
 341  2.5443002e-04 2.05e-06 3.68e+02  -4.1 9.43e-04    -  1.00e+00 1.00e+00h  1
 342  2.5439962e-04 1.35e-06 7.96e+01  -4.1 2.86e-04    -  1.00e+00 1.00e+00h  1
 343  2.5408100e-04 1.35e-06 2.21e+02  -4.1 1.85e-01    -  1.00e+00 1.13e-05h 13
 344  2.6104865e-04 2.21e-05 9.95e+01  -4.1 3.64e-03    -  1.00e+00 1.00e+00H  1
 345  2.5432503e-04 2.12e-05 1.13e+02  -4.1 5.31e-03    -  1.00e+00 1.00e+00h  1
 346  2.5438523e-04 2.86e-06 2.13e+01  -4.1 2.00e-03    -  1.00e+00 1.00e+00h  1
 347  2.5509432e-04 1.08e-07 4.97e+00  -4.0 3.69e-04    -  1.00e+00 1.00e+00h  1
 348  2.5693660e-04 5.54e-08 1.20e+01  -4.1 1.93e-03    -  1.00e+00 1.00e+00H  1
 349  2.5714658e-04 8.01e-08 1.26e+01  -4.0 1.15e-03    -  1.00e+00 2.50e-01h  3
iter    objective    inf_pr   inf_du lg(mu)  ||d||  lg(rg) alpha_du alpha_pr  ls
 350  2.6109143e-04 3.56e-08 1.50e+01  -4.1 5.65e-04    -  1.00e+00 1.00e+00H  1
 351  2.5424200e-04 9.16e-10 1.11e-01  -4.1 1.01e-03    -  1.00e+00 1.00e+00H  1
 352  2.5412875e-04 1.83e-11 6.38e-01  -4.0 5.68e-05    -  1.00e+00 1.00e+00H  1
 353  2.5410157e-04 1.28e-12 1.41e+02  -4.1 2.11e-05    -  1.00e+00 1.00e+00H  1
 354  2.5374128e-04 2.66e-06 7.52e-01  -4.1 3.83e+00    -  2.60e-01 1.02e-03f  9
 355  2.5384344e-04 1.82e-06 1.17e+01  -4.1 3.21e-03    -  1.00e+00 1.00e+00h  1
 356  2.5399590e-04 7.07e-08 1.22e+01  -4.1 5.80e-04    -  1.00e+00 1.00e+00h  1
 357  2.5391833e-04 8.13e-09 1.22e+01  -4.1 9.51e-05    -  1.00e+00 1.00e+00h  1
 358  2.5394374e-04 6.34e-09 1.23e+01  -4.1 8.40e-05    -  1.00e+00 1.00e+00h  1
 359  2.5389071e-04 3.54e-10 1.23e+01  -4.1 5.42e-05    -  1.00e+00 1.00e+00h  1
iter    objective    inf_pr   inf_du lg(mu)  ||d||  lg(rg) alpha_du alpha_pr  ls
 360  2.5357579e-04 5.71e-09 1.41e+02  -4.1 8.94e-04    -  1.00e+00 1.00e+00F  1
 361  2.5249846e-04 4.48e-06 1.51e+00  -4.1 2.09e+00    -  4.77e-01 3.75e-03h  8
 362  2.5351843e-04 3.99e-06 1.26e+00  -4.1 2.40e-02    -  1.00e+00 1.25e-01h  4
 363  2.5355592e-04 3.99e-06 1.26e+00  -4.1 1.68e-01    -  1.00e+00 2.44e-04h 13
 364  2.5356319e-04 3.98e-06 1.25e+00  -4.1 3.94e-03    -  1.00e+00 3.91e-03h  9
 365  2.5356740e-04 3.96e-06 1.26e+00  -4.1 2.06e-02    -  1.00e+00 3.91e-03h  9
 366  2.5356848e-04 3.96e-06 1.26e+00  -4.1 5.39e-02    -  1.00e+00 1.53e-05h 17
 367  2.5374747e-04 3.96e-06 1.24e+00  -4.1 4.22e-01    -  1.00e+00 4.88e-04h 12
 368  2.5503815e-04 3.81e-06 1.41e+02  -4.1 3.39e-01    -  1.00e+00 3.12e-02h  6
 369  2.5615658e-04 3.79e-06 1.02e+00  -4.1 1.36e+00    -  1.00e+00 2.85e-03h  9
iter    objective    inf_pr   inf_du lg(mu)  ||d||  lg(rg) alpha_du alpha_pr  ls
 370  2.5260749e-04 5.93e-06 1.81e+00  -4.1 4.39e-01    -  9.31e-01 3.12e-02h  6
 371  2.5320708e-04 5.92e-06 2.11e+00  -4.1 1.81e-01    -  1.00e+00 3.12e-02h  6
 372  2.5218945e-04 9.19e-06 9.63e-01  -4.1 4.88e-01    -  1.00e+00 1.56e-02h  7
 373  2.5245451e-04 8.76e-06 7.47e-01  -4.1 2.41e-02    -  1.00e+00 6.25e-02h  5
 374  2.5254019e-04 8.65e-06 8.18e-01  -4.1 7.94e-02    -  1.00e+00 1.56e-02h  7
 375  2.5243489e-04 8.71e-06 9.20e-01  -4.1 1.78e+00    -  8.30e-01 8.60e-04h 11
 376  2.5134625e-04 9.04e-06 1.41e+02  -4.1 3.04e-01    -  1.00e+00 3.91e-03h  9
 377  2.5084787e-04 1.37e-05 2.63e+00  -4.1 9.16e-01    -  1.00e+00 3.91e-03h  9
 378  2.5041159e-04 1.36e-05 2.95e+00  -4.1 1.03e+00    -  6.16e-01 3.82e-03h  9
 379  2.5078698e-04 1.38e-05 2.76e+00  -4.1 2.17e-01    -  1.00e+00 7.81e-03h  8
iter    objective    inf_pr   inf_du lg(mu)  ||d||  lg(rg) alpha_du alpha_pr  ls
 380  2.5078018e-04 1.38e-05 2.68e+00  -4.1 7.33e-01    -  1.00e+00 4.88e-04h 12
 381  2.5081948e-04 1.38e-05 2.66e+00  -4.1 1.95e-01    -  1.00e+00 9.77e-04h 11
 382  2.5083675e-04 1.38e-05 2.66e+00  -4.1 1.09e-01    -  1.00e+00 2.44e-04h 13
 383  2.5076968e-04 1.37e-05 2.72e+00  -4.1 6.72e-01    -  1.00e+00 9.77e-04h 11
 384  2.5065639e-04 1.37e-05 2.72e+00  -4.1 4.24e-01    -  1.00e+00 1.22e-04h 14
 385  2.5072145e-04 1.37e-05 1.40e+02  -4.1 3.86e-01    -  1.00e+00 6.10e-05h 15
 386  2.5076604e-04 1.37e-05 1.40e+02  -4.1 3.82e-01    -  1.00e+00 2.44e-04h 13
 387  2.5081116e-04 1.37e-05 1.40e+02  -4.1 3.79e-01    -  1.00e+00 2.44e-04h 13
 388  2.5083333e-04 1.37e-05 1.40e+02  -4.1 3.71e-01    -  1.00e+00 1.22e-04h 14
 389  2.5080574e-04 1.37e-05 2.71e+00  -4.1 2.07e-02    -  1.00e+00 1.53e-05h 17
iter    objective    inf_pr   inf_du lg(mu)  ||d||  lg(rg) alpha_du alpha_pr  ls
 390  2.5103955e-04 4.26e-06 1.56e+02  -4.1 2.41e-03    -  1.00e+00 1.00e+00h  1
 391  2.5081882e-04 2.38e-06 1.24e+01  -4.1 1.82e-03    -  1.00e+00 1.00e+00h  1
 392  2.5080004e-04 4.29e-07 1.71e+01  -4.1 7.71e-04    -  1.00e+00 1.00e+00h  1
 393  2.5078709e-04 3.33e-09 1.71e+01  -4.1 6.71e-05    -  1.00e+00 1.00e+00h  1
 394  2.5077457e-04 1.07e-11 1.71e+01  -4.1 2.74e-06    -  1.00e+00 1.00e+00h  1
 395  2.5092447e-04 9.87e-12 1.24e+02  -4.1 8.19e-05    -  1.00e+00 1.00e+00H  1
 396  2.5074370e-04 1.10e-09 1.24e+02  -4.1 2.31e+00    -  4.32e-01 2.66e-05h 15
 397  2.5076196e-04 8.40e-10 1.71e+01  -4.1 6.21e-05    -  1.00e+00 2.50e-01h  3
 398  2.5076871e-04 2.18e-12 1.71e+01  -4.1 3.78e-05    -  1.00e+00 1.00e+00H  1
 399  2.5075613e-04 3.10e-11 1.71e+01  -4.1 1.85e-04    -  1.00e+00 1.00e+00H  1
iter    objective    inf_pr   inf_du lg(mu)  ||d||  lg(rg) alpha_du alpha_pr  ls
 400  2.5071719e-04 1.15e-09 1.71e+01  -4.1 6.85e-05    -  1.00e+00 1.00e+00h  1
 401  2.5069890e-04 5.00e-10 1.71e+01  -4.1 2.66e-05    -  1.00e+00 1.00e+00h  1
 402  2.5037024e-04 1.73e-05 1.24e+02  -4.1 1.02e+00    -  9.78e-01 7.70e-03h  8
 403  2.5026407e-04 1.91e-05 1.24e+02  -4.1 1.12e-02    -  1.00e+00 2.50e-01h  3
 404  2.5026196e-04 1.91e-05 1.24e+02  -4.1 6.21e-01    -  1.00e+00 2.44e-04h 13
 405  2.5052332e-04 1.90e-05 1.73e+01  -4.1 3.47e-02    -  1.00e+00 7.81e-03h  8
 406  2.5048529e-04 9.58e-06 1.24e+02  -4.1 1.71e-02    -  1.00e+00 5.00e-01h  2
 407  2.5066845e-04 9.57e-06 1.23e+02  -4.1 1.91e-02    -  1.00e+00 6.25e-02h  5
 408  2.5033614e-04 1.22e-05 1.23e+02  -4.1 6.16e-02    -  1.00e+00 3.12e-02h  6
 409  2.5024270e-04 2.00e-05 1.23e+02  -4.1 5.48e-01    -  1.00e+00 7.81e-03h  8
iter    objective    inf_pr   inf_du lg(mu)  ||d||  lg(rg) alpha_du alpha_pr  ls
 410  2.4998312e-04 1.97e-05 1.82e+01  -4.1 1.48e-01    -  1.00e+00 1.56e-02h  7
 411  2.4946421e-04 3.52e-05 1.82e+01  -4.1 5.85e-01    -  1.00e+00 7.81e-03h  8
 412  2.4961765e-04 3.52e-05 1.23e+02  -4.1 6.93e-01    -  1.00e+00 4.88e-04h 12
 413  2.4993485e-04 3.54e-05 1.23e+02  -4.1 2.35e-01    -  1.00e+00 7.81e-03h  8
 414  2.4991511e-04 3.54e-05 1.23e+02  -4.1 7.00e-02    -  1.00e+00 7.81e-03h  8
 415  2.4989387e-04 3.54e-05 1.23e+02  -4.1 3.08e-01    -  1.00e+00 4.88e-04h 12
 416  2.4989844e-04 3.54e-05 1.23e+02  -4.1 2.87e-01    -  1.00e+00 2.44e-04h 13
 417  2.4979351e-04 3.54e-05 1.23e+02  -4.1 8.61e-01    -  1.00e+00 4.88e-04h 12
 418  2.4981263e-04 3.54e-05 1.23e+02  -4.1 2.77e-01    -  1.00e+00 4.88e-04h 12
 419  2.4983445e-04 3.53e-05 1.23e+02  -4.1 2.73e-01    -  1.00e+00 4.88e-04h 12
iter    objective    inf_pr   inf_du lg(mu)  ||d||  lg(rg) alpha_du alpha_pr  ls
 420  2.4985878e-04 3.53e-05 1.23e+02  -4.1 2.69e-01    -  1.00e+00 4.88e-04h 12
 421  2.4989531e-04 3.53e-05 1.83e+01  -4.1 3.01e-03    -  1.00e+00 6.10e-05h 15
 422  2.5036955e-04 2.55e-06 1.13e+02  -4.1 1.52e-03    -  1.00e+00 1.00e+00h  1
 423  2.5036096e-04 1.85e-07 8.18e+00  -4.1 5.37e-04    -  1.00e+00 1.00e+00h  1
 424  2.5003383e-04 8.07e-07 1.69e+01  -4.1 8.81e-04    -  1.00e+00 1.00e+00h  1
 425  2.4994807e-04 2.15e-08 1.71e+01  -4.1 1.43e-04    -  1.00e+00 1.00e+00h  1
 426  2.4988474e-04 5.65e-12 1.72e+01  -4.1 2.26e-06    -  1.00e+00 1.00e+00h  1
 427  2.4979878e-04 3.82e-12 1.24e+02  -4.1 1.61e-04    -  1.00e+00 3.12e-02h  6
 428  2.4949584e-04 2.39e-06 1.72e+01  -4.1 3.05e-01    -  1.00e+00 1.56e-02h  7
 429  2.4974102e-04 1.61e-06 2.64e+01  -4.1 3.85e-03    -  1.00e+00 1.00e+00h  1
iter    objective    inf_pr   inf_du lg(mu)  ||d||  lg(rg) alpha_du alpha_pr  ls
 430  2.4978504e-04 8.25e-07 2.66e+01  -4.1 7.56e-04    -  1.00e+00 5.00e-01h  2
 431  2.4979709e-04 4.16e-07 2.66e+01  -4.1 3.53e-04    -  1.00e+00 5.00e-01h  2
 432  2.4972555e-04 4.43e-08 2.67e+01  -4.1 2.63e-04    -  1.00e+00 1.00e+00h  1
 433  2.4976755e-04 3.27e-08 2.71e+01  -4.1 1.81e-04    -  1.00e+00 1.00e+00h  1
 434  2.4973139e-04 8.17e-13 1.85e-03  -4.1 3.00e-04    -  1.00e+00 1.00e+00H  1
 435  2.4973069e-04 1.22e-15 7.88e-04  -4.0 2.90e-06    -  1.00e+00 1.00e+00H  1
 436  2.4973039e-04 1.67e-15 8.45e-03  -4.1 1.36e-04    -  1.00e+00 1.00e+00H  1
 437  2.4967971e-04 5.91e-10 1.41e+02  -4.1 1.70e-04    -  1.00e+00 1.00e+00h  1
 438  2.4960588e-04 3.16e-07 3.40e-01  -4.1 1.97e+00    -  5.05e-01 1.99e-03h  9
 439  2.4962584e-04 2.14e-07 2.41e-01  -4.1 3.18e-03    -  1.00e+00 1.00e+00h  1
iter    objective    inf_pr   inf_du lg(mu)  ||d||  lg(rg) alpha_du alpha_pr  ls
 440  2.4960470e-04 3.79e-07 1.41e+02  -4.1 3.48e-02    -  1.00e+00 1.25e-01h  4
 441  2.4939592e-04 1.92e-07 2.83e-01  -4.1 1.20e-03    -  1.00e+00 1.00e+00h  1
 442  2.4945060e-04 1.05e-10 2.05e+00  -4.1 1.96e-03    -  1.00e+00 1.00e+00H  1
 443  2.4941229e-04 1.25e-08 1.39e+02  -4.1 1.22e-03    -  1.00e+00 1.00e+00h  1
 444  2.4935590e-04 2.96e-08 2.06e+00  -4.1 7.41e-01    -  1.00e+00 1.95e-03h 10
 445  2.4935715e-04 2.96e-08 2.06e+00  -4.1 4.71e-02    -  1.00e+00 9.77e-04h 11
 446  2.4934576e-04 3.00e-08 2.06e+00  -4.1 7.54e-02    -  1.00e+00 1.56e-02h  7
 447  2.4934205e-04 6.06e-08 2.07e+00  -4.1 9.64e-01    -  1.00e+00 1.95e-03h 10
 448  2.4934420e-04 6.06e-08 2.07e+00  -4.1 2.08e-01    -  1.00e+00 1.22e-04h 14
 449  2.4924489e-04 1.97e-08 2.07e+00  -4.1 2.69e-03    -  1.00e+00 1.00e+00h  1
iter    objective    inf_pr   inf_du lg(mu)  ||d||  lg(rg) alpha_du alpha_pr  ls
 450  2.4923568e-04 7.09e-08 1.39e+02  -4.1 2.73e-01    -  1.00e+00 9.77e-04h 11
 451  2.4908462e-04 3.42e-06 1.39e+02  -4.1 2.76e-01    -  1.00e+00 7.81e-03h  8
 452  2.4916522e-04 3.34e-06 2.08e+00  -4.1 7.62e-02    -  1.00e+00 3.12e-02h  6
 453  2.4914193e-04 3.36e-06 2.08e+00  -4.1 1.56e-01    -  1.00e+00 7.81e-03h  8
 454  2.4915726e-04 3.34e-06 2.09e+00  -4.1 6.40e-02    -  1.00e+00 7.81e-03h  8
 455  2.4918090e-04 2.51e-06 2.10e+00  -4.1 4.75e-03    -  1.00e+00 2.50e-01h  3
 456  2.4920525e-04 2.44e-06 2.11e+00  -4.1 7.47e-02    -  1.00e+00 3.12e-02h  6
 457  2.4859334e-04 3.47e-06 1.39e+02  -4.1 9.02e-01    -  1.00e+00 3.91e-03h  9
 458  2.4862808e-04 3.47e-06 2.13e+00  -4.1 2.45e-01    -  1.00e+00 1.95e-03h 10
 459  2.4870345e-04 3.47e-06 1.39e+02  -4.1 3.88e-01    -  1.00e+00 9.77e-04h 11
iter    objective    inf_pr   inf_du lg(mu)  ||d||  lg(rg) alpha_du alpha_pr  ls
 460  2.4872249e-04 3.45e-06 1.39e+02  -4.1 4.76e-02    -  1.00e+00 7.81e-03h  8
 461  2.4877481e-04 3.45e-06 1.39e+02  -4.1 7.14e-01    -  1.00e+00 9.77e-04h 11
 462  2.4876724e-04 3.45e-06 1.39e+02  -4.1 4.28e-01    -  1.00e+00 1.22e-04h 14
 463  2.4876056e-04 3.45e-06 1.39e+02  -4.1 5.21e-01    -  1.00e+00 1.22e-04h 14
 464  2.4875408e-04 3.45e-06 1.39e+02  -4.1 4.87e-01    -  1.00e+00 1.22e-04h 14
 465  2.4874711e-04 3.45e-06 1.39e+02  -4.1 4.67e-01    -  1.00e+00 1.22e-04h 14
 466  2.4908616e-04 3.45e-06 2.24e+00  -4.1 3.50e-03    -  1.00e+00 1.22e-04h 14
 467  2.5000638e-04 2.52e-06 1.35e+02  -4.1 1.87e-03    -  1.00e+00 1.00e+00h  1
 468  2.5019881e-04 2.19e-07 5.32e+00  -4.1 7.08e-04    -  1.00e+00 1.00e+00h  1
 469  2.4974564e-04 7.82e-07 2.54e+00  -4.1 1.08e-03    -  1.00e+00 1.00e+00h  1
iter    objective    inf_pr   inf_du lg(mu)  ||d||  lg(rg) alpha_du alpha_pr  ls
 470  2.4972239e-04 1.08e-08 2.67e+00  -4.1 1.27e-04    -  1.00e+00 1.00e+00h  1
 471  2.4969153e-04 4.15e-11 2.70e+00  -4.1 2.77e-06    -  1.00e+00 1.00e+00h  1
 472  2.4889400e-04 2.06e-09 2.72e+00  -4.1 5.58e-05    -  1.00e+00 1.00e+00h  1
 473  2.5283472e-04 2.03e-11 7.45e-02  -4.1 1.65e-04    -  1.00e+00 1.00e+00H  1
 474  2.4864857e-04 6.39e-13 1.41e+02  -4.1 1.54e-04    -  1.00e+00 1.00e+00H  1
 475  2.4864357e-04 3.93e-13 2.90e-01  -4.1 1.29e-01    -  1.00e+00 1.91e-06h 20
 476  2.4864251e-04 1.58e-12 5.22e-04  -4.1 2.58e-06    -  1.00e+00 1.00e+00h  1
 477  2.4861485e-04 1.82e-10 1.41e-01  -4.0 5.36e-05    -  1.00e+00 1.00e+00h  1
 478  2.4852569e-04 6.98e-10 1.92e-02  -4.1 2.13e-04    -  1.00e+00 1.00e+00h  1
 479  2.4780609e-04 2.32e-07 2.56e-01  -4.1 3.47e-03    -  1.00e+00 1.00e+00h  1
iter    objective    inf_pr   inf_du lg(mu)  ||d||  lg(rg) alpha_du alpha_pr  ls
 480  2.4808593e-04 5.94e-08 3.79e-01  -4.1 2.27e-03    -  1.00e+00 1.00e+00h  1
 481  2.4781302e-04 9.07e-08 2.59e-01  -4.1 2.16e+00    -  7.52e-01 7.37e-04h 11
 482  2.4968932e-04 2.81e-12 3.03e-01  -4.1 1.38e-03    -  1.00e+00 1.00e+00H  1
 483  2.4790780e-04 1.67e-10 2.92e-02  -4.1 3.13e-03    -  1.00e+00 1.00e+00H  1
 484  2.5760705e-04 1.70e-11 2.27e-01  -4.0 5.78e-03    -  1.00e+00 1.00e+00H  1
 485  3.4423098e-04 1.22e-12 3.84e-01  -4.1 1.26e-02    -  1.00e+00 1.00e+00H  1
 486  3.4373703e-04 1.20e-11 3.82e-01  -4.1 3.77e-02    -  1.00e+00 1.95e-03f 10
 487  3.4367239e-04 1.40e-11 3.81e-01  -4.1 5.63e-01    -  1.00e+00 6.10e-05h 15
 488  3.4363577e-04 1.40e-11 3.82e-01  -4.1 1.06e-01    -  1.00e+00 1.53e-05h 17
 489  2.5003674e-04 1.01e-06 2.43e-01  -4.1 1.79e-02    -  1.00e+00 1.00e+00F  1
iter    objective    inf_pr   inf_du lg(mu)  ||d||  lg(rg) alpha_du alpha_pr  ls
 490  3.4208689e-04 5.25e-12 1.02e+00  -4.1 1.75e-02    -  1.00e+00 1.00e+00H  1
 491  2.4909150e-04 6.77e-07 1.41e+02  -4.1 2.15e-02    -  1.00e+00 1.00e+00F  1
 492  2.6369998e-04 6.41e-07 1.85e+00  -4.1 8.16e-01    -  1.00e+00 3.91e-03h  9
 493  2.6341253e-04 4.05e-07 2.04e+00  -4.1 2.47e-02    -  1.00e+00 3.12e-02h  6
 494  2.6268164e-04 2.25e-07 1.82e+00  -4.1 9.97e-02    -  1.00e+00 1.56e-02h  7
 495  2.6271749e-04 2.22e-07 1.79e+00  -4.1 4.44e-01    -  1.00e+00 2.44e-04h 13
 496  2.6282270e-04 2.09e-07 1.72e+00  -4.1 1.50e-01    -  1.00e+00 9.77e-04h 11
 497  2.6495995e-04 3.10e-07 1.94e+00  -4.1 5.68e-03    -  1.00e+00 1.00e+00H  1
 498  2.6428248e-04 1.74e-07 1.93e+00  -4.1 3.39e-01    -  1.00e+00 9.77e-04h 11
 499  2.6186181e-04 2.23e-07 1.87e+00  -4.1 1.83e-02    -  1.00e+00 3.12e-02h  6
iter    objective    inf_pr   inf_du lg(mu)  ||d||  lg(rg) alpha_du alpha_pr  ls
 500  2.6160718e-04 3.31e-07 1.86e+00  -4.1 3.22e-01    -  1.00e+00 9.77e-04h 11
 501  2.6137938e-04 4.03e-07 1.86e+00  -4.1 2.62e-01    -  1.00e+00 9.77e-04h 11
 502  2.6124984e-04 4.40e-07 1.86e+00  -4.1 3.73e-01    -  1.00e+00 4.88e-04h 12
 503  2.5990742e-04 9.87e-06 1.85e+00  -4.1 5.96e-01    -  1.00e+00 7.81e-03h  8
 504  2.5644618e-04 7.76e-06 1.40e+02  -4.1 1.31e-02    -  1.00e+00 2.50e-01h  3
 505  2.5564756e-04 1.95e-05 1.40e+02  -4.1 8.48e-01    -  1.00e+00 7.81e-03h  8
 506  2.5533529e-04 4.59e-05 1.39e+02  -4.1 6.32e-01    -  9.80e-01 7.81e-03h  8
 507  2.5546698e-04 4.59e-05 1.39e+02  -4.1 5.20e-01    -  1.00e+00 1.95e-03h 10
 508  2.5558407e-04 4.57e-05 1.39e+02  -4.1 1.48e-01    -  1.00e+00 3.91e-03h  9
 509  2.5522763e-04 4.53e-05 1.39e+02  -4.1 3.80e-02    -  1.00e+00 1.25e-01h  4
iter    objective    inf_pr   inf_du lg(mu)  ||d||  lg(rg) alpha_du alpha_pr  ls
 510  2.5458687e-04 5.70e-05 2.76e+00  -4.1 2.13e+00    -  4.13e-01 1.65e-03h  9
 511  2.5464563e-04 5.70e-05 2.77e+00  -4.1 4.03e-01    -  1.00e+00 2.44e-04h 13
 512  2.5449052e-04 5.68e-05 2.90e+00  -4.1 1.43e+00    -  1.00e+00 3.91e-03h  9
 513  2.5452223e-04 5.68e-05 2.92e+00  -4.1 3.97e-01    -  1.00e+00 9.77e-04h 11
 514  2.5487419e-04 5.67e-05 2.96e+00  -4.1 1.21e-01    -  1.00e+00 1.95e-03h 10
 515  2.5510823e-04 5.67e-05 3.00e+00  -4.1 2.43e-01    -  1.00e+00 9.77e-04h 11
 516  2.5509542e-04 5.67e-05 3.01e+00  -4.1 6.20e-01    -  1.00e+00 4.88e-04h 12
 517  2.5450237e-04 6.34e-05 1.38e+02  -4.1 4.93e-01    -  1.00e+00 7.81e-03h  8
 518  2.5452732e-04 6.33e-05 1.38e+02  -4.1 2.79e-01    -  1.00e+00 4.88e-04h 12
 519  2.5453877e-04 6.33e-05 1.38e+02  -4.1 2.83e-01    -  1.00e+00 2.44e-04h 13
iter    objective    inf_pr   inf_du lg(mu)  ||d||  lg(rg) alpha_du alpha_pr  ls
 520  2.5454450e-04 6.33e-05 1.38e+02  -4.1 2.68e-01    -  1.00e+00 1.22e-04h 14
 521  2.5112893e-04 6.32e-05 3.15e+00  -4.1 5.79e-03    -  1.00e+00 9.77e-04h 11
 522  2.5432095e-04 8.14e-06 1.50e+02  -4.1 3.45e-03    -  1.00e+00 1.00e+00h  1
 523  2.5137797e-04 3.48e-06 1.98e+01  -4.1 2.26e-03    -  1.00e+00 1.00e+00h  1
 524  2.5209050e-04 8.35e-07 1.15e+02  -4.1 1.11e-03    -  1.00e+00 1.00e+00h  1
 525  2.5344792e-04 2.81e-08 2.71e+01  -4.1 2.07e-04    -  1.00e+00 1.00e+00h  1
 526  2.5284570e-04 2.90e-10 2.71e+01  -4.1 2.12e-05    -  1.00e+00 1.00e+00h  1
 527  2.5217617e-04 2.42e-09 1.14e+02  -4.1 1.46e-04    -  1.00e+00 5.00e-01h  2
 528  2.5107660e-04 4.32e-08 2.70e+01  -4.1 7.75e-03    -  1.00e+00 3.12e-02h  6
 529  2.5196913e-04 7.16e-11 2.76e+01  -4.1 3.05e-04    -  1.00e+00 1.00e+00H  1
iter    objective    inf_pr   inf_du lg(mu)  ||d||  lg(rg) alpha_du alpha_pr  ls
 530  2.5117755e-04 2.08e-09 2.76e+01  -4.1 6.20e-05    -  1.00e+00 1.00e+00h  1
 531  2.5104004e-04 1.33e-08 1.14e+02  -4.1 3.34e-04    -  1.00e+00 5.00e-01h  2
 532  2.5098333e-04 1.33e-08 2.77e+01  -4.1 5.27e-02    -  1.00e+00 2.44e-04h 13
 533  2.5100683e-04 1.24e-08 2.77e+01  -4.1 3.70e-04    -  1.00e+00 1.25e-01h  4
 534  2.5103717e-04 1.16e-08 2.78e+01  -4.1 1.72e-01    -  1.00e+00 4.88e-04h 12
 535  2.5093254e-04 2.26e-08 2.78e+01  -4.1 1.44e-04    -  1.00e+00 1.00e+00h  1
 536  2.4970526e-04 3.87e-06 2.78e+01  -4.1 2.34e-03    -  1.00e+00 1.00e+00h  1
 537  2.4903954e-04 1.40e-05 2.79e+01  -4.1 1.22e-01    -  1.00e+00 3.12e-02h  6
 538  2.4890075e-04 1.41e-05 1.14e+02  -4.1 5.62e-01    -  1.00e+00 2.44e-04h 13
 539  2.4780325e-04 2.19e-05 1.13e+02  -4.1 8.25e-01    -  1.00e+00 3.91e-03h  9
iter    objective    inf_pr   inf_du lg(mu)  ||d||  lg(rg) alpha_du alpha_pr  ls
 540  2.4775710e-04 2.22e-05 2.80e+01  -4.1 5.83e-02    -  1.00e+00 1.56e-02h  7
 541  2.4760465e-04 1.64e-06 2.80e+01  -4.1 1.36e-03    -  1.00e+00 1.00e+00h  1
 542  2.4760028e-04 6.16e-07 1.11e+02  -4.1 2.98e-03    -  1.00e+00 1.00e+00H  1
 543  2.4758608e-04 7.25e-07 3.07e+01  -4.1 1.17e-02    -  1.00e+00 6.25e-02h  5
 544  2.4758685e-04 7.25e-07 3.07e+01  -4.1 4.78e-02    -  1.00e+00 4.88e-04h 12
 545  2.4758146e-04 7.99e-07 3.07e+01  -4.1 4.34e-02    -  1.00e+00 7.81e-03h  8
 546  2.4744836e-04 1.51e-06 3.08e+01  -4.1 3.44e-01    -  1.00e+00 3.91e-03h  9
 547  2.4742289e-04 1.52e-06 3.08e+01  -4.1 1.28e-01    -  1.00e+00 9.77e-04h 11
 548  2.4733485e-04 2.25e-06 3.08e+01  -4.1 1.66e-01    -  1.00e+00 7.81e-03h  8
 549  2.4733163e-04 2.25e-06 3.08e+01  -4.1 2.79e-01    -  1.00e+00 1.95e-03h 10
iter    objective    inf_pr   inf_du lg(mu)  ||d||  lg(rg) alpha_du alpha_pr  ls
 550  2.4728829e-04 2.25e-06 1.11e+02  -4.1 8.93e-04    -  1.00e+00 6.10e-05h 15
 551  2.4737532e-04 4.93e-07 3.13e+01  -4.1 7.23e-04    -  1.00e+00 1.00e+00h  1
 552  2.4713126e-04 1.16e-06 1.10e+02  -4.1 2.87e-01    -  1.00e+00 3.91e-03h  9
 553  2.4711213e-04 1.29e-06 3.13e+01  -4.1 1.12e-01    -  1.00e+00 3.91e-03h  9
 554  2.4710755e-04 1.30e-06 1.10e+02  -4.1 6.88e-02    -  1.00e+00 1.95e-03h 10
 555  2.2921129e-03 1.64e-10 1.41e+02  -4.1 3.34e-03    -  1.00e+00 1.00e+00H  1
 556  2.1521412e-03 5.43e-11 1.40e+02  -4.1 1.14e-04    -  1.00e+00 1.00e+00F  1
 557  1.9813964e-03 1.77e-10 1.45e+02  -4.1 5.64e-04    -  1.00e+00 1.00e+00F  1
 558  1.9811380e-03 1.80e-10 1.45e+02  -4.1 1.43e-03    -  1.00e+00 4.88e-04h 12
 559  2.4770642e-04 1.50e-06 2.24e+00  -4.1 1.89e-01    -  3.73e-02 7.81e-03f  8
iter    objective    inf_pr   inf_du lg(mu)  ||d||  lg(rg) alpha_du alpha_pr  ls
 560  2.4742492e-04 1.50e-06 1.44e+02  -4.1 1.80e-02    -  1.00e+00 2.44e-04h 13
 561  2.4741033e-04 1.28e-06 7.06e+01  -4.1 1.45e-03    -  1.00e+00 1.00e+00H  1
 562  2.4759246e-04 2.46e-07 7.13e+01  -4.1 5.98e-04    -  1.00e+00 1.00e+00h  1
 563  2.4723773e-04 1.50e-07 7.11e+01  -4.1 4.67e-04    -  1.00e+00 1.00e+00h  1
 564  2.4823456e-04 1.50e-07 7.03e+01  -4.1 1.45e-02    -  1.00e+00 1.95e-03h 10
 565  2.4707204e-04 2.99e-06 7.48e+01  -4.1 7.61e-04    -  1.00e+00 1.00e+00H  1
 566  2.4706229e-04 1.01e-06 7.28e+01  -4.1 1.22e-03    -  1.00e+00 1.00e+00h  1
 567  2.4714768e-04 5.78e-07 6.91e+01  -4.1 6.64e-04    -  1.00e+00 5.00e-01h  2
 568  2.4713920e-04 3.47e-07 7.18e+01  -4.1 5.91e-04    -  1.00e+00 5.00e-01h  2
 569  2.4678215e-04 4.22e-06 7.17e+01  -4.1 2.54e-03    -  1.00e+00 1.00e+00h  1
iter    objective    inf_pr   inf_du lg(mu)  ||d||  lg(rg) alpha_du alpha_pr  ls
 570  2.4680254e-04 1.13e-06 7.01e+01  -4.1 1.31e-03    -  1.00e+00 1.00e+00h  1
 571  2.4700242e-04 4.95e-07 7.13e+01  -4.1 1.72e-03    -  1.00e+00 1.00e+00h  1
 572  2.4677866e-04 2.18e-07 7.12e+01  -4.1 1.07e-03    -  1.00e+00 1.00e+00h  1
 573  2.4666582e-04 3.11e-06 7.05e+01  -4.1 4.27e-03    -  1.00e+00 5.00e-01h  2
 574  2.4668846e-04 2.43e-06 7.04e+01  -4.1 2.51e-03    -  1.00e+00 5.00e-01h  2
 575  2.4667576e-04 2.02e-06 7.11e+01  -4.1 2.04e-02    -  1.00e+00 6.25e-02h  5
 576  2.4666216e-04 1.08e-06 7.12e+01  -4.1 1.55e-03    -  1.00e+00 1.00e+00h  1
 577  2.4666415e-04 9.80e-07 7.02e+01  -4.1 4.93e-02    -  1.00e+00 1.56e-02h  7
 578  2.4663537e-04 3.58e-06 7.01e+01  -4.1 2.24e-03    -  1.00e+00 1.00e+00h  1
 579  2.4629788e-04 4.44e-06 7.13e+01  -4.1 1.07e-01    -  1.00e+00 3.12e-02h  6
iter    objective    inf_pr   inf_du lg(mu)  ||d||  lg(rg) alpha_du alpha_pr  ls
 580  2.4612479e-04 1.01e-06 7.12e+01  -4.1 2.60e-03    -  1.00e+00 1.00e+00h  1
 581  2.4595365e-04 1.32e-06 7.02e+01  -4.1 2.85e-03    -  1.00e+00 5.00e-01h  2
 582  2.4567025e-04 2.68e-05 7.12e+01  -4.1 1.42e-02    -  1.00e+00 5.00e-01h  2
 583  2.4517160e-04 2.74e-05 7.12e+01  -4.1 3.00e-02    -  1.00e+00 1.25e-01h  4
 584  2.4452038e-04 2.84e-05 7.02e+01  -4.1 5.75e-02    -  1.00e+00 6.25e-02h  5
 585  2.4394146e-04 1.37e-05 7.02e+01  -4.1 6.89e-03    -  1.00e+00 5.00e-01h  2
 586  2.4378825e-04 1.24e-05 7.13e+01  -4.1 2.61e-02    -  1.00e+00 1.25e-01h  4
 587  2.4308962e-04 2.14e-05 7.12e+01  -4.1 2.05e-02    -  1.00e+00 2.50e-01h  3
 588  2.4308687e-04 2.13e-05 7.02e+01  -4.1 1.98e-01    -  1.00e+00 3.91e-03h  9
 589  2.4276065e-04 1.87e-05 7.12e+01  -4.1 6.21e-02    -  1.00e+00 1.25e-01h  4
iter    objective    inf_pr   inf_du lg(mu)  ||d||  lg(rg) alpha_du alpha_pr  ls
 590  2.4139132e-04 2.18e-05 7.12e+01  -4.1 1.70e-01    -  1.00e+00 3.12e-02h  6
 591  2.4068663e-04 2.18e-05 7.02e+01  -4.1 7.77e-02    -  1.00e+00 1.25e-01h  4
 592  2.4027207e-04 2.13e-05 7.02e+01  -4.1 1.32e-01    -  1.00e+00 3.12e-02h  6
 593  2.4030477e-04 2.13e-05 7.12e+01  -4.1 6.96e-02    -  1.00e+00 3.12e-02h  6
 594  2.3942874e-04 2.48e-05 7.13e+01  -4.1 1.02e-01    -  1.00e+00 6.25e-02h  5
 595  2.3952179e-04 2.98e-05 7.02e+01  -4.1 1.57e-02    -  1.00e+00 2.50e-01h  3
 596  2.3846942e-04 2.61e-05 7.13e+01  -4.1 8.66e-01    -  1.00e+00 7.81e-03h  8
 597  2.3963002e-04 1.89e-05 7.02e+01  -4.1 5.24e-03    -  1.00e+00 1.00e+00h  1
 598  2.3940058e-04 1.75e-05 7.02e+01  -4.1 7.06e-02    -  1.00e+00 1.25e-01h  4
 599  2.3641082e-04 7.33e-05 7.02e+01  -4.1 3.75e-01    -  1.00e+00 3.12e-02h  6
iter    objective    inf_pr   inf_du lg(mu)  ||d||  lg(rg) alpha_du alpha_pr  ls
 600  2.3660606e-04 7.00e-05 7.13e+01  -4.0 7.22e-02    -  1.00e+00 3.12e-02h  6
 601  2.3464740e-04 6.04e-05 7.13e+01  -4.0 4.54e-02    -  1.00e+00 1.25e-01h  4
 602  2.3417172e-04 5.69e-05 7.13e+01  -4.1 2.43e-01    -  1.00e+00 1.56e-02h  7
 603  2.3363059e-04 5.63e-05 7.13e+01  -4.1 3.26e-01    -  1.00e+00 1.56e-02h  7
 604  2.3274216e-04 6.85e-05 7.13e+01  -4.1 1.21e-01    -  1.00e+00 6.25e-02h  5
 605  2.3221671e-04 5.87e-05 7.13e+01  -4.1 1.47e-01    -  1.00e+00 3.12e-02h  6
 606  2.5273817e-04 1.91e-05 7.02e+01  -4.1 3.14e-02    -  1.00e+00 1.00e+00H  1
 607  2.4976678e-04 1.93e-05 7.02e+01  -4.1 1.21e+00    -  1.00e+00 7.81e-03h  8
 608  2.4746348e-04 1.73e-05 7.02e+01  -4.1 1.04e-01    -  1.00e+00 6.25e-02h  5
 609  2.4558499e-04 1.77e-05 7.02e+01  -4.1 5.25e-01    -  1.00e+00 1.56e-02h  7
iter    objective    inf_pr   inf_du lg(mu)  ||d||  lg(rg) alpha_du alpha_pr  ls
 610  2.4332596e-04 1.76e-05 7.02e+01  -4.1 6.05e-01    -  1.00e+00 7.81e-03h  8
 611  2.4184966e-04 1.75e-05 7.02e+01  -4.1 2.98e-01    -  1.00e+00 7.81e-03h  8
 612  2.3987081e-04 1.78e-05 7.02e+01  -4.1 3.98e-01    -  1.00e+00 7.81e-03h  8
 613  2.3746293e-04 1.78e-05 9.92e+01  -4.1 5.64e-01    -  1.00e+00 4.03e-06h 12
 614  2.4263698e-04 5.44e-06 7.20e+01  -4.1 7.94e-03    -  1.00e+00 1.00e+00h  1
 615  2.3862439e-04 8.81e-06 6.95e+01  -4.1 2.54e-01    -  1.00e+00 3.12e-02h  6
 616  2.3788447e-04 8.86e-06 6.96e+01  -4.1 5.57e-02    -  1.00e+00 6.25e-02h  5
 617  2.5492927e-04 3.45e-06 7.14e+01  -4.0 2.36e-02    -  1.00e+00 1.00e+00H  1
 618  4.6405692e-04 3.44e-06 7.02e+01  -4.1 1.39e-01    -  8.91e-02 1.95e-03h 10
 619  3.5670502e-04 1.66e-06 7.01e+01  -4.1 1.53e-03    -  1.00e+00 1.00e+00h  1
iter    objective    inf_pr   inf_du lg(mu)  ||d||  lg(rg) alpha_du alpha_pr  ls
 620  2.5294866e-04 7.02e-05 7.13e+01  -4.1 9.91e-03    -  1.00e+00 1.00e+00h  1
 621  2.9937153e-04 1.82e-05 7.01e+01  -4.1 4.97e-03    -  1.00e+00 1.00e+00h  1
 622  2.7397397e-04 4.89e-06 7.02e+01  -4.1 2.61e-03    -  1.00e+00 1.00e+00h  1
 623  2.6079592e-04 4.89e-06 7.13e+01  -4.1 5.29e+00    -  1.86e-01 3.20e-05f  9
 624  2.5435481e-04 1.70e-06 7.02e+01  -4.1 1.55e-03    -  1.00e+00 1.00e+00h  1
 625  2.5126636e-04 2.10e-06 7.12e+01  -4.1 1.71e-03    -  1.00e+00 1.00e+00h  1
 626  2.4741444e-04 1.24e-06 7.01e+01  -4.1 1.69e-03    -  1.00e+00 1.00e+00h  1
 627  2.3607841e-04 1.43e-05 7.12e+01  -4.1 6.45e-01    -  1.00e+00 3.12e-02h  6
 628  2.3354576e-04 5.77e-05 7.00e+01  -4.0 1.10e-02    -  1.00e+00 1.00e+00h  1
 629  2.3083255e-04 9.50e-05 7.00e+01  -4.1 3.09e-01    -  1.00e+00 3.12e-02h  6
iter    objective    inf_pr   inf_du lg(mu)  ||d||  lg(rg) alpha_du alpha_pr  ls
 630  2.2963761e-04 1.32e-04 7.00e+01  -4.1 3.30e-01    -  1.00e+00 3.12e-02h  6
 631  2.2894688e-04 1.29e-04 7.00e+01  -4.1 4.05e-02    -  1.00e+00 1.25e-01h  4
 632  2.2869968e-04 1.32e-04 7.00e+01  -4.1 5.77e-02    -  1.00e+00 6.25e-02h  5
 633  2.2830281e-04 1.40e-04 7.00e+01  -4.1 1.45e-01    -  1.00e+00 3.12e-02h  6
 634  2.2814098e-04 1.46e-04 7.00e+01  -4.1 4.86e-01    -  1.00e+00 7.81e-03h  8
 635  2.2793394e-04 1.55e-04 7.00e+01  -4.1 5.31e-01    -  1.00e+00 7.81e-03h  8
 636  2.2775331e-04 1.68e-04 7.00e+01  -4.1 7.05e-01    -  1.00e+00 7.81e-03h  8
 637  2.2699500e-04 1.68e-04 9.15e+01  -4.1 1.11e-01    -  1.00e+00 4.21e-06h 12
 638  2.3430676e-04 5.68e-05 2.05e+03  -4.1 7.59e-03    -  1.00e+00 1.00e+00h  1
 639  2.6092689e-04 1.06e-05 6.48e+02  -4.1 3.51e-03    -  1.00e+00 1.00e+00h  1
iter    objective    inf_pr   inf_du lg(mu)  ||d||  lg(rg) alpha_du alpha_pr  ls
 640  3.1130842e-04 1.98e-05 4.63e+02  -4.1 4.60e-03    -  1.00e+00 1.00e+00h  1
 641  3.4568926e-04 2.71e-06 4.52e+02  -4.1 1.70e-03    -  1.00e+00 1.00e+00h  1
 642  3.6577406e-04 3.89e-08 4.60e+02  -4.1 2.38e-04    -  1.00e+00 1.00e+00h  1
 643  4.0387810e-04 1.53e-07 4.55e+02  -4.1 1.66e-03    -  1.00e+00 2.50e-01h  3
 644  4.1566618e-04 1.57e-09 3.31e-01  -4.1 2.11e-04    -  1.00e+00 1.00e+00H  1
 645  2.5449589e-04 2.77e-07 3.39e-01  -4.1 3.09e-03    -  1.00e+00 2.50e-01h  3
 646  2.4138166e-04 1.09e-09 1.25e-01  -4.1 1.18e-03    -  1.00e+00 1.00e+00H  1
 647  2.3596619e-04 1.09e-11 1.41e+02  -4.0 2.15e-04    -  1.00e+00 1.00e+00H  1
 648  2.3597297e-04 9.12e-12 1.83e-01  -4.1 1.38e-01    -  1.00e+00 7.63e-06h 18
 649  2.3597291e-04 3.80e-11 1.89e-03  -4.0 7.53e-06    -  1.00e+00 1.00e+00h  1
iter    objective    inf_pr   inf_du lg(mu)  ||d||  lg(rg) alpha_du alpha_pr  ls
 650  2.3591678e-04 3.37e-09 1.37e-01  -4.1 6.36e-05    -  1.00e+00 1.00e+00h  1
 651  2.3596731e-04 8.63e-13 1.12e-01  -4.1 5.83e-05    -  1.00e+00 1.00e+00H  1
 652  2.3596613e-04 3.33e-12 1.11e-01  -4.1 1.91e-06    -  1.00e+00 1.00e+00h  1
 653  2.3536321e-04 9.26e-07 5.94e-01  -4.1 1.09e-03    -  1.00e+00 1.00e+00h  1
 654  2.3535601e-04 1.43e-06 1.05e+00  -4.1 8.17e-01    -  9.94e-01 9.77e-04h 11
 655  2.3571506e-04 7.12e-07 7.76e-01  -4.1 7.49e-05    -  1.00e+00 5.00e-01h  2
 656  2.3532645e-04 3.78e-07 3.42e-01  -4.1 6.96e-04    -  1.00e+00 1.00e+00h  1
 657  2.3445480e-04 9.33e-07 1.41e+02  -4.1 1.12e-03    -  1.00e+00 1.00e+00h  1
 658  2.3443193e-04 9.35e-07 5.05e-01  -4.1 2.48e-01    -  1.00e+00 2.44e-04h 13
 659  2.3435350e-04 3.55e-06 1.55e+00  -4.1 1.19e-01    -  1.00e+00 1.56e-02h  7
iter    objective    inf_pr   inf_du lg(mu)  ||d||  lg(rg) alpha_du alpha_pr  ls
 660  2.3435959e-04 3.55e-06 1.57e+00  -4.1 7.57e-02    -  1.00e+00 4.88e-04h 12
 661  2.3433506e-04 3.89e-06 1.18e+00  -4.1 1.73e-01    -  1.00e+00 3.91e-03h  9
 662  2.3402549e-04 1.48e-05 2.34e+00  -4.1 4.16e-03    -  1.00e+00 1.00e+00h  1
 663  2.3397115e-04 1.49e-05 2.52e+00  -4.1 1.33e+00    -  1.00e+00 9.77e-04h 11
 664  2.3429440e-04 1.43e-05 2.05e+00  -4.1 1.18e-02    -  1.00e+00 6.25e-02h  5
 665  2.3383125e-04 1.55e-05 1.38e+00  -4.1 4.61e-02    -  1.00e+00 3.12e-02h  6
 666  2.3377778e-04 1.54e-05 1.41e+02  -4.1 4.36e-02    -  1.00e+00 7.81e-03h  8
 667  2.3377878e-04 1.54e-05 1.41e+02  -4.1 2.93e-01    -  1.00e+00 2.44e-04h 13
 668  2.3378006e-04 1.54e-05 1.41e+02  -4.1 2.79e-01    -  1.00e+00 2.44e-04h 13
 669  2.3378148e-04 1.54e-05 1.41e+02  -4.1 2.53e-01    -  1.00e+00 2.44e-04h 13
iter    objective    inf_pr   inf_du lg(mu)  ||d||  lg(rg) alpha_du alpha_pr  ls
 670  2.3386759e-04 1.54e-05 1.39e+00  -4.1 1.80e-03    -  1.00e+00 3.05e-05h 16
 671  2.3403519e-04 3.35e-07 1.41e+02  -4.1 4.22e-04    -  1.00e+00 1.00e+00h  1
 672  2.3408803e-04 2.06e-07 6.54e-01  -4.1 1.78e-04    -  1.00e+00 1.00e+00h  1
 673  2.3403005e-04 8.40e-08 2.06e-01  -4.1 2.58e-04    -  1.00e+00 1.00e+00h  1
 674  2.3403496e-04 1.75e-10 1.92e-01  -4.1 1.27e-05    -  1.00e+00 1.00e+00h  1
 675  2.3402674e-04 3.49e-10 3.43e-01  -4.0 2.39e-05    -  1.00e+00 1.00e+00h  1
 676  2.3401790e-04 1.23e-09 2.17e-01  -4.1 4.52e-05    -  1.00e+00 1.00e+00h  1
 677  2.3377282e-04 5.56e-13 1.41e+02  -4.1 2.11e-05    -  1.00e+00 1.00e+00H  1
 678  2.3377107e-04 2.42e-11 3.41e-01  -4.1 2.17e+00    -  8.13e-01 3.23e-06f 19
 679  2.3379698e-04 5.49e-13 7.32e-03  -4.1 2.63e-05    -  1.00e+00 1.00e+00H  1
iter    objective    inf_pr   inf_du lg(mu)  ||d||  lg(rg) alpha_du alpha_pr  ls
 680  2.3377798e-04 1.83e-10 1.46e-01  -4.0 1.93e-05    -  1.00e+00 1.00e+00h  1
 681  2.3377752e-04 1.38e-12 5.33e-03  -4.1 1.18e-06    -  1.00e+00 1.00e+00h  1
 682  2.3342316e-04 1.64e-06 1.41e+02  -4.1 1.50e-03    -  1.00e+00 1.00e+00h  1
 683  2.3340610e-04 1.81e-07 1.41e+02  -4.1 4.12e-04    -  1.00e+00 1.00e+00h  1
 684  2.3341324e-04 1.81e-07 1.41e+02  -4.1 6.95e-02    -  1.00e+00 1.22e-04h 14
 685  2.3339672e-04 1.81e-07 5.90e-01  -4.1 6.11e-01    -  1.00e+00 1.53e-05h 17
 686  2.3347244e-04 1.67e-07 1.41e+02  -4.1 5.18e-04    -  1.00e+00 1.00e+00h  1
 687  2.3339705e-04 1.04e-08 8.68e-01  -4.1 8.91e-04    -  1.00e+00 1.00e+00H  1
 688  2.3339558e-04 2.43e-08 8.68e-01  -4.1 4.47e-03    -  1.00e+00 3.12e-02h  6
 689  2.3338708e-04 9.64e-08 8.68e-01  -4.1 1.01e-02    -  1.00e+00 3.12e-02h  6
iter    objective    inf_pr   inf_du lg(mu)  ||d||  lg(rg) alpha_du alpha_pr  ls
 690  2.3321563e-04 1.57e-06 1.41e+02  -4.1 3.40e-01    -  1.00e+00 7.81e-03h  8
 691  2.3321185e-04 4.10e-06 1.41e+02  -4.1 1.21e-01    -  1.00e+00 1.56e-02h  7
 692  2.3320517e-04 4.10e-06 1.61e+00  -4.1 1.19e-01    -  1.00e+00 2.44e-04h 13
 693  2.3320542e-04 3.73e-06 1.40e+00  -4.1 4.93e-03    -  1.00e+00 1.25e-01h  4
 694  2.3320730e-04 3.73e-06 1.38e+00  -4.1 1.06e-01    -  1.00e+00 4.88e-04h 12
 695  2.3320871e-04 3.73e-06 1.37e+00  -4.1 1.39e-01    -  1.00e+00 4.88e-04h 12
 696  2.3320460e-04 3.73e-06 1.26e+00  -4.1 3.01e-02    -  1.00e+00 7.81e-03h  8
 697  2.3320508e-04 3.73e-06 1.26e+00  -4.1 2.50e-01    -  1.00e+00 6.10e-05h 15
 698  2.3314708e-04 3.93e-06 1.15e+00  -4.1 6.10e-01    -  1.00e+00 1.95e-03h 10
 699  2.3315695e-04 3.93e-06 1.40e+02  -4.1 2.75e-01    -  1.00e+00 1.22e-04h 14
iter    objective    inf_pr   inf_du lg(mu)  ||d||  lg(rg) alpha_du alpha_pr  ls
 700r 2.3315695e-04 3.93e-06 9.80e+02  -4.1 0.00e+00    -  0.00e+00 4.77e-07R 22
 701r 6.7999598e-04 9.58e-07 2.66e+00  -4.0 2.81e-04    -  1.00e+00 2.05e-02f  1
 702r 2.6995089e-04 7.98e-07 3.88e-03  -4.0 8.62e-04    -  1.00e+00 1.00e+00f  1
 703r 3.9237020e-04 5.22e-07 4.47e-04  -4.1 6.96e-04    -  1.00e+00 1.00e+00f  1
 704r 2.4270258e-04 1.98e-08 1.48e-04  -4.0 1.35e-04    -  1.00e+00 1.00e+00f  1
 705r 2.3566902e-04 6.35e-10 2.29e-05  -4.1 2.29e-05    -  1.00e+00 1.00e+00f  1
 706r 2.3695959e-04 1.95e-10 8.00e-06  -4.0 8.04e-06    -  1.00e+00 1.00e+00f  1
 707r 2.3551899e-04 1.20e-10 3.04e-06  -4.1 1.28e-06    -  1.00e+00 1.00e+00f  1
 708r 2.3695114e-04 1.92e-10 1.07e-05  -4.0 4.44e-06    -  1.00e+00 1.00e+00f  1
 709r 2.3552974e-04 1.21e-10 8.49e-06  -4.1 3.61e-06    -  1.00e+00 1.00e+00f  1
iter    objective    inf_pr   inf_du lg(mu)  ||d||  lg(rg) alpha_du alpha_pr  ls
 710r 2.3565182e-04 1.26e-10 8.83e-06  -6.1 3.81e-06    -  1.00e+00 1.00e+00f  1
 711r 2.3443439e-04 1.80e-07 2.21e-03  -4.0 5.35e-04    -  1.00e+00 1.00e+00f  1
 712r 2.5339015e-04 1.37e-07 3.29e-04  -4.1 4.30e-04    -  1.00e+00 1.00e+00f  1
 713r 2.3667137e-04 3.84e-10 5.39e-05  -6.1 2.43e-05    -  1.00e+00 1.00e+00f  1
 714r 2.3377838e-04 2.67e-10 2.59e-06  -6.1 2.59e-05    -  1.00e+00 1.00e+00h  1
 715  2.3377325e-04 8.18e-09 7.07e+01  -4.1 1.13e-01    -  1.00e+00 9.77e-04h 11
 716  2.3322663e-04 9.59e-07 7.07e+01  -4.1 4.41e-01    -  1.00e+00 1.95e-03h 10
 717  2.3331546e-04 9.48e-07 7.07e+01  -4.1 9.11e-02    -  1.00e+00 1.95e-03h 10
 718  2.3330914e-04 9.43e-07 7.07e+01  -4.1 2.55e-02    -  1.00e+00 3.91e-03h  9
 719  2.3301174e-04 1.07e-06 7.07e+01  -4.1 2.88e-01    -  1.00e+00 3.91e-03h  9
iter    objective    inf_pr   inf_du lg(mu)  ||d||  lg(rg) alpha_du alpha_pr  ls
 720  2.2954959e-04 3.92e-05 7.04e+01  -4.1 7.60e-03    -  1.00e+00 1.00e+00h  1
 721  2.2949196e-04 3.83e-05 7.04e+01  -4.1 1.90e-01    -  1.00e+00 7.81e-03h  8
 722  2.2949882e-04 2.90e-05 7.04e+01  -4.1 6.26e-03    -  1.00e+00 2.50e-01h  3
 723  2.3064677e-04 1.43e-05 7.11e+01  -4.1 7.11e-03    -  1.00e+00 5.00e-01h  2
 724  2.3068398e-04 1.33e-05 7.11e+01  -4.1 1.86e-02    -  1.00e+00 6.25e-02h  5
 725  2.3035324e-04 1.28e-05 7.11e+01  -4.1 1.99e-01    -  1.00e+00 3.91e-03h  9
 726  2.3100360e-04 1.22e-05 7.03e+01  -4.1 1.27e-02    -  1.00e+00 6.25e-02h  5
 727  2.3244136e-04 9.90e-06 7.02e+01  -4.1 3.36e-03    -  1.00e+00 1.00e+00h  1
 728  2.3200857e-04 8.08e-06 7.13e+01  -4.1 4.22e-01    -  1.00e+00 3.91e-03h  9
 729  2.3148163e-04 4.45e-06 7.02e+01  -4.1 2.70e-03    -  1.00e+00 1.00e+00h  1
iter    objective    inf_pr   inf_du lg(mu)  ||d||  lg(rg) alpha_du alpha_pr  ls
 730  2.3106460e-04 3.97e-06 7.02e+01  -4.1 1.37e-02    -  1.00e+00 1.25e-01h  4
 731  2.3080675e-04 4.24e-06 7.12e+01  -4.1 3.39e-02    -  1.00e+00 3.12e-02h  6
 732  2.3046001e-04 4.39e-06 7.12e+01  -4.1 1.39e-02    -  1.00e+00 1.25e-01h  4
 733  2.3029187e-04 4.24e-06 7.12e+01  -4.1 7.00e-02    -  1.00e+00 1.56e-02h  7
 734  2.3020403e-04 4.24e-06 7.12e+01  -4.1 1.07e-01    -  1.00e+00 3.91e-03h  9
 735  2.3016989e-04 4.51e-06 7.02e+01  -4.1 1.03e-01    -  1.00e+00 1.56e-02h  7
 736  2.2965478e-04 6.65e-06 7.12e+01  -4.1 8.69e-02    -  1.00e+00 6.25e-02h  5
 737  2.2863978e-04 1.42e-05 7.12e+01  -4.1 8.54e-02    -  1.00e+00 1.25e-01h  4
 738  2.2859486e-04 1.42e-05 7.02e+01  -4.1 2.04e-01    -  1.00e+00 7.81e-03h  8
 739  2.2830780e-04 3.51e-05 7.02e+01  -4.1 6.57e-02    -  1.00e+00 2.50e-01h  3
iter    objective    inf_pr   inf_du lg(mu)  ||d||  lg(rg) alpha_du alpha_pr  ls
 740  2.2787441e-04 3.72e-05 7.02e+01  -4.1 1.19e-01    -  1.00e+00 6.25e-02h  5
 741  2.2748085e-04 2.77e-05 7.02e+01  -4.1 1.87e-02    -  1.00e+00 2.50e-01h  3
 742  2.2751260e-04 2.68e-05 7.12e+01  -4.1 4.74e-02    -  1.00e+00 6.25e-02h  5
 743  2.2708137e-04 3.12e-05 7.02e+01  -4.1 8.86e-01    -  1.00e+00 7.81e-03h  8
 744  2.2552734e-04 3.40e-05 7.12e+01  -4.1 1.02e-01    -  1.00e+00 6.25e-02h  5
 745  2.2481868e-04 2.84e-05 7.02e+01  -4.1 1.91e-02    -  1.00e+00 2.50e-01h  3
 746  2.2583613e-04 3.13e-05 7.12e+01  -4.1 2.75e-01    -  1.00e+00 1.56e-02h  7
 747  2.2362439e-04 1.99e-05 7.12e+01  -4.1 4.51e-03    -  1.00e+00 1.00e+00h  1
 748  2.2544638e-04 7.14e-06 7.00e+01  -4.0 5.40e-03    -  1.00e+00 1.00e+00h  1
 749  2.2542028e-04 6.92e-06 7.00e+01  -4.1 3.33e-02    -  1.00e+00 3.12e-02h  6
iter    objective    inf_pr   inf_du lg(mu)  ||d||  lg(rg) alpha_du alpha_pr  ls
 750  2.2494041e-04 6.02e-06 7.01e+01  -4.1 2.44e-02    -  1.00e+00 2.50e-01h  3
 751  2.2493184e-04 6.11e-06 7.14e+01  -4.1 1.97e-01    -  1.00e+00 3.12e-02h  6
 752  2.2462163e-04 1.24e-05 7.01e+01  -4.1 3.84e-01    -  1.00e+00 1.56e-02h  7
 753  2.2451389e-04 1.29e-05 7.14e+01  -4.1 4.35e-02    -  1.00e+00 6.25e-02h  5
 754  2.2443787e-04 1.17e-04 7.12e+01  -4.1 1.27e-02    -  1.00e+00 1.00e+00h  1
 755  2.2372111e-04 9.14e-05 7.12e+01  -4.1 4.73e-02    -  1.00e+00 2.50e-01h  3
 756  2.2148831e-04 9.52e-05 7.12e+01  -4.1 5.71e-01    -  1.00e+00 1.56e-02h  7
 757  2.2253085e-04 8.74e-05 7.02e+01  -4.1 5.02e-02    -  1.00e+00 2.50e-01h  3
 758  2.2211932e-04 4.76e-05 7.02e+01  -4.1 1.55e-02    -  1.00e+00 5.00e-01h  2
 759  2.2407002e-04 4.17e-05 7.13e+01  -4.1 4.00e-02    -  1.00e+00 6.25e-02h  5
iter    objective    inf_pr   inf_du lg(mu)  ||d||  lg(rg) alpha_du alpha_pr  ls
 760  2.2393610e-04 4.09e-05 7.13e+01  -4.1 8.36e-02    -  1.00e+00 1.56e-02h  7
 761  2.2446911e-04 2.69e-05 7.13e+01  -4.1 2.65e-02    -  1.00e+00 5.00e-01h  2
 762  2.2399978e-04 4.28e-05 7.02e+01  -4.1 7.65e-03    -  1.00e+00 1.00e+00h  1
 763  2.2415935e-04 1.94e-05 7.13e+01  -4.1 1.74e-02    -  1.00e+00 5.00e-01h  2
 764  2.2396013e-04 3.54e-05 7.13e+01  -4.1 1.17e-02    -  1.00e+00 5.00e-01h  2
 765  2.2197488e-04 3.92e-05 7.13e+01  -4.1 9.14e-01    -  1.00e+00 7.81e-03h  8
 766  2.2274895e-04 3.67e-05 7.02e+01  -4.1 2.58e-02    -  1.00e+00 1.25e-01h  4
 767  2.2284396e-04 8.14e-06 7.02e+01  -4.1 4.79e-03    -  1.00e+00 1.00e+00h  1
 768  2.2356273e-04 5.39e-06 7.13e+01  -4.0 4.84e-03    -  1.00e+00 5.00e-01h  2
 769  2.2358929e-04 2.96e-06 7.14e+01  -4.0 2.35e-03    -  1.00e+00 1.00e+00h  1
iter    objective    inf_pr   inf_du lg(mu)  ||d||  lg(rg) alpha_du alpha_pr  ls
 770  2.2341647e-04 3.85e-06 7.00e+01  -4.0 8.41e-01    -  1.00e+00 3.91e-03h  9
 771  2.2308689e-04 1.63e-05 7.02e+01  -4.1 4.35e-03    -  1.00e+00 1.00e+00h  1
 772  2.2337351e-04 9.24e-06 7.12e+01  -4.1 4.70e-03    -  1.00e+00 5.00e-01h  2
 773  2.2300210e-04 7.26e-06 7.12e+01  -4.1 6.94e-03    -  1.00e+00 5.00e-01h  2
 774  2.2225701e-04 6.33e-06 7.13e+01  -4.1 1.52e-02    -  1.00e+00 2.50e-01h  3
 775  2.2455563e-04 1.84e-06 7.02e+01  -4.1 7.96e-03    -  1.00e+00 1.00e+00H  1
 776  2.2471641e-04 1.51e-06 7.02e+01  -4.1 3.07e-02    -  1.00e+00 6.25e-02h  5
 777  2.2450795e-04 9.39e-07 7.02e+01  -4.1 4.69e-03    -  1.00e+00 2.50e-01h  3
 778  2.2328879e-04 3.76e-06 7.02e+01  -4.1 3.70e-02    -  1.00e+00 6.25e-02h  5
 779  2.2427830e-04 3.65e-06 7.12e+01  -4.1 1.32e-02    -  1.00e+00 6.25e-02h  5
iter    objective    inf_pr   inf_du lg(mu)  ||d||  lg(rg) alpha_du alpha_pr  ls
 780  2.2289793e-04 5.71e-06 7.12e+01  -4.1 2.53e-03    -  1.00e+00 1.00e+00h  1
 781  2.2266298e-04 4.12e-06 7.02e+01  -4.1 4.22e-03    -  1.00e+00 2.50e-01h  3
 782  2.2261894e-04 4.08e-06 7.02e+01  -4.1 8.33e-02    -  1.00e+00 7.81e-03h  8
 783  2.2378153e-04 1.58e-06 7.13e+01  -4.1 5.86e-03    -  1.00e+00 1.00e+00h  1
 784  2.2344357e-04 5.84e-07 7.14e+01  -4.0 4.86e-03    -  1.00e+00 1.00e+00h  1
 785  2.2363972e-04 1.56e-07 7.03e+01  -4.1 9.06e-04    -  1.00e+00 1.00e+00h  1
 786  2.2333442e-04 4.65e-07 7.02e+01  -4.1 9.06e-04    -  1.00e+00 1.00e+00h  1
 787  2.2326938e-04 5.45e-07 7.03e+01  -4.1 3.87e-03    -  1.00e+00 2.50e-01h  3
 788  2.2326099e-04 5.72e-07 7.11e+01  -4.1 7.10e-02    -  1.00e+00 1.56e-02h  7
 789  2.2330753e-04 3.23e-07 7.11e+01  -4.1 6.15e-04    -  1.00e+00 5.00e-01h  2
iter    objective    inf_pr   inf_du lg(mu)  ||d||  lg(rg) alpha_du alpha_pr  ls
 790  2.2437191e-04 1.86e-07 7.03e+01  -4.1 3.41e-03    -  1.00e+00 1.00e+00H  1
 791  2.2423986e-04 1.87e-07 7.03e+01  -4.1 6.21e-03    -  1.00e+00 6.25e-02h  5
 792  2.2401556e-04 1.76e-07 7.12e+01  -4.1 3.18e-03    -  1.00e+00 1.25e-01h  4
 793  2.2318100e-04 3.30e-06 7.04e+01  -4.1 8.56e-02    -  1.00e+00 6.25e-02h  5
 794  2.2300834e-04 3.96e-06 7.04e+01  -4.1 2.21e-01    -  1.00e+00 7.81e-03h  8
 795  2.2312769e-04 2.74e-06 7.03e+01  -4.1 1.95e-03    -  1.00e+00 5.00e-01h  2
 796  2.2286472e-04 2.60e-06 7.03e+01  -4.1 3.32e-02    -  1.00e+00 6.25e-02h  5
 797  2.2301090e-04 1.19e-06 7.12e+01  -4.1 3.53e-03    -  1.00e+00 5.00e-01h  2
 798  2.2322420e-04 5.26e-07 7.03e+01  -4.1 2.52e-03    -  1.00e+00 1.00e+00h  1
 799  2.2328639e-04 5.31e-07 7.12e+01  -4.1 2.90e-01    -  1.00e+00 3.91e-03h  9
iter    objective    inf_pr   inf_du lg(mu)  ||d||  lg(rg) alpha_du alpha_pr  ls
 800  2.2319841e-04 2.05e-07 7.03e+01  -4.1 2.20e-03    -  1.00e+00 1.00e+00h  1
 801  2.2318965e-04 1.52e-07 7.03e+01  -4.1 2.56e-03    -  1.00e+00 2.50e-01h  3
 802  2.2341091e-04 7.73e-08 7.10e+01  -4.1 7.00e-04    -  1.00e+00 1.00e+00H  1
 803  2.2332778e-04 5.71e-06 7.09e+01  -4.0 1.35e-02    -  1.00e+00 2.50e-01h  3
 804  2.2328542e-04 4.12e-06 7.04e+01  -4.1 4.82e-03    -  1.00e+00 1.00e+00h  1
 805  2.2323882e-04 3.28e-06 7.11e+01  -4.1 1.48e-02    -  1.00e+00 2.50e-01h  3
 806  2.2318346e-04 3.18e-06 7.11e+01  -4.1 1.41e-02    -  1.00e+00 1.25e-01h  4
 807  2.2320399e-04 3.25e-06 7.11e+01  -4.1 1.51e-01    -  1.00e+00 7.81e-03h  8
 808  2.2296050e-04 2.79e-06 7.12e+01  -4.1 1.74e-02    -  1.00e+00 1.25e-01h  4
 809  2.2441318e-04 2.60e-06 7.03e+01  -4.1 4.08e-03    -  1.00e+00 1.00e+00h  1
iter    objective    inf_pr   inf_du lg(mu)  ||d||  lg(rg) alpha_du alpha_pr  ls
 810  2.2387707e-04 2.45e-06 7.03e+01  -4.1 5.40e-03    -  1.00e+00 5.00e-01h  2
 811  2.2317942e-04 2.06e-06 7.12e+01  -4.1 3.49e-02    -  1.00e+00 1.25e-01h  4
 812  2.2331735e-04 2.01e-06 7.02e+01  -4.1 3.30e-02    -  1.00e+00 3.12e-02h  6
 813  2.2329334e-04 1.66e-06 7.02e+01  -4.1 1.53e-03    -  1.00e+00 1.00e+00h  1
 814  2.2287842e-04 2.54e-06 7.12e+01  -4.1 1.70e-01    -  1.00e+00 1.56e-02h  7
 815  2.2283650e-04 2.48e-06 7.12e+01  -4.1 1.34e-02    -  1.00e+00 1.25e-01h  4
 816  2.2299655e-04 2.14e-06 7.02e+01  -4.1 2.88e-03    -  1.00e+00 1.00e+00H  1
 817  2.2304375e-04 1.53e-06 7.12e+01  -4.1 1.08e-02    -  1.00e+00 1.25e-01h  4
 818  2.2321168e-04 1.63e-06 7.12e+01  -4.1 9.87e-02    -  1.00e+00 3.12e-02h  6
 819  2.2292159e-04 1.01e-06 7.12e+01  -4.1 3.32e-03    -  1.00e+00 1.00e+00h  1
iter    objective    inf_pr   inf_du lg(mu)  ||d||  lg(rg) alpha_du alpha_pr  ls
 820  2.2344510e-04 4.78e-07 7.03e+01  -4.1 2.38e-03    -  1.00e+00 1.00e+00H  1
 821  2.2315291e-04 1.86e-07 7.12e+01  -4.1 2.04e-03    -  1.00e+00 1.00e+00H  1
 822  2.2279611e-04 2.54e-06 7.04e+01  -4.1 1.06e-02    -  1.00e+00 2.50e-01h  3
 823  2.2268438e-04 2.56e-06 7.10e+01  -4.1 6.64e-03    -  1.00e+00 5.00e-01h  2
 824  2.2257238e-04 2.73e-06 7.04e+01  -4.1 2.69e-01    -  1.00e+00 3.91e-03h  9
 825  2.2289294e-04 9.21e-07 7.12e+01  -4.1 1.27e-03    -  1.00e+00 1.00e+00h  1
 826  2.2297049e-04 3.10e-07 7.12e+01  -4.1 2.14e-03    -  1.00e+00 1.00e+00h  1
 827  2.2295583e-04 1.67e-07 7.02e+01  -4.1 1.81e-03    -  1.00e+00 5.00e-01h  2
 828  2.2291009e-04 1.98e-07 7.02e+01  -4.1 2.72e-03    -  1.00e+00 5.00e-01h  2
 829  2.2280460e-04 1.92e-07 7.11e+01  -4.1 2.75e-03    -  1.00e+00 5.00e-01h  2
iter    objective    inf_pr   inf_du lg(mu)  ||d||  lg(rg) alpha_du alpha_pr  ls
 830  2.2242592e-04 4.97e-06 7.11e+01  -4.1 1.28e-02    -  1.00e+00 5.00e-01h  2
 831  2.2231805e-04 2.69e-05 7.11e+01  -4.1 3.62e-02    -  1.00e+00 2.50e-01h  3
 832  2.2240141e-04 2.76e-05 7.11e+01  -4.1 1.25e-01    -  1.00e+00 3.12e-02h  6
 833  2.2195659e-04 2.47e-05 7.11e+01  -4.1 3.45e-02    -  1.00e+00 1.25e-01h  4
 834  2.2170834e-04 2.36e-05 7.03e+01  -4.1 8.73e-01    -  1.00e+00 7.81e-03h  8
 835  2.2096550e-04 2.42e-05 7.03e+01  -4.1 1.22e-01    -  1.00e+00 6.25e-02h  5
 836  2.2089150e-04 2.42e-05 7.11e+01  -4.1 6.64e-01    -  1.00e+00 7.81e-03h  8
 837  2.2021213e-04 3.21e-05 7.12e+01  -4.1 1.15e-01    -  1.00e+00 6.25e-02h  5
 838  2.1976658e-04 2.98e-05 7.12e+01  -4.1 1.45e-01    -  1.00e+00 6.25e-02h  5
 839  2.1945550e-04 2.64e-05 7.12e+01  -4.1 1.23e-01    -  1.00e+00 6.25e-02h  5
iter    objective    inf_pr   inf_du lg(mu)  ||d||  lg(rg) alpha_du alpha_pr  ls
 840  2.1900566e-04 2.99e-05 7.12e+01  -4.1 3.55e-01    -  1.00e+00 3.12e-02h  6
 841  2.1897975e-04 3.15e-05 7.03e+01  -4.1 7.07e-01    -  1.00e+00 7.81e-03h  8
 842  2.1868987e-04 4.93e-05 7.02e+01  -4.1 1.34e+00    -  1.00e+00 1.56e-02h  7
 843  2.1795509e-04 6.39e-05 7.12e+01  -4.1 4.75e-01    -  1.00e+00 3.12e-02h  6
 844  2.1778940e-04 6.39e-05 7.02e+01  -4.1 4.68e-01    -  1.00e+00 7.81e-03h  8
 845  2.1785251e-04 4.99e-05 7.02e+01  -4.1 3.67e-02    -  1.00e+00 2.50e-01h  3
 846  2.1881868e-04 4.47e-05 7.02e+01  -4.1 8.23e-02    -  1.00e+00 1.25e-01h  4
 847  2.1822329e-04 4.64e-05 7.12e+01  -4.1 7.74e-03    -  1.00e+00 1.00e+00h  1
 848  2.1896362e-04 3.77e-05 7.02e+01  -4.1 4.09e-02    -  1.00e+00 2.50e-01h  3
 849  2.1691462e-04 4.28e-05 7.02e+01  -4.1 3.19e-01    -  1.00e+00 1.56e-02h  7
iter    objective    inf_pr   inf_du lg(mu)  ||d||  lg(rg) alpha_du alpha_pr  ls
 850  2.1729506e-04 2.58e-05 7.01e+01  -4.1 1.76e-02    -  1.00e+00 5.00e-01h  2
 851  2.1561864e-04 1.30e-05 7.13e+01  -4.1 1.23e-02    -  1.00e+00 5.00e-01h  2
 852  2.1451741e-04 1.50e-05 7.01e+01  -4.1 4.80e-01    -  1.00e+00 1.56e-02h  7
 853  2.1319563e-04 5.13e-05 7.13e+01  -4.1 6.81e-02    -  1.00e+00 1.25e-01h  4
 854  2.1123498e-04 3.08e-05 7.13e+01  -4.1 6.49e-03    -  1.00e+00 1.00e+00h  1
 855  2.1124726e-04 2.91e-05 7.01e+01  -4.0 2.92e-02    -  1.00e+00 6.25e-02h  5
 856  2.1168901e-04 2.28e-05 7.01e+01  -4.0 2.43e-02    -  1.00e+00 2.50e-01h  3
 857  2.1154384e-04 4.53e-06 7.14e+01  -4.0 3.97e-03    -  1.00e+00 1.00e+00h  1
 858  2.1152895e-04 4.51e-06 7.14e+01  -4.0 1.14e-01    -  1.00e+00 3.91e-03h  9
 859  2.1152357e-04 4.49e-06 7.00e+01  -4.1 8.27e-02    -  1.00e+00 3.91e-03h  9
iter    objective    inf_pr   inf_du lg(mu)  ||d||  lg(rg) alpha_du alpha_pr  ls
 860  2.1146599e-04 7.30e-06 7.14e+01  -4.1 5.33e-02    -  1.00e+00 6.25e-02h  5
 861  2.1082230e-04 3.97e-05 7.02e+01  -4.1 2.18e-02    -  1.00e+00 1.00e+00h  1
 862  2.1042334e-04 4.00e-05 7.13e+01  -4.1 1.39e-01    -  1.00e+00 3.12e-02h  6
 863  2.0985690e-04 4.42e-05 7.02e+01  -4.1 3.10e-01    -  1.00e+00 3.12e-02h  6
 864  2.0840240e-04 4.79e-05 7.02e+01  -4.1 2.92e-01    -  1.00e+00 3.12e-02h  6
 865  2.0756393e-04 5.38e-05 7.02e+01  -4.1 3.65e-01    -  1.00e+00 1.56e-02h  7
 866  2.0697689e-04 5.24e-05 7.02e+01  -4.1 3.05e-01    -  1.00e+00 1.56e-02h  7
 867  2.0690622e-04 5.48e-05 7.13e+01  -4.1 6.62e-01    -  1.00e+00 3.12e-02h  6
 868  2.0657257e-04 5.35e-05 7.13e+01  -4.1 3.99e-01    -  1.00e+00 3.12e-02h  6
 869  2.0610150e-04 5.63e-05 7.13e+01  -4.1 3.20e-01    -  1.00e+00 3.12e-02h  6
iter    objective    inf_pr   inf_du lg(mu)  ||d||  lg(rg) alpha_du alpha_pr  ls
 870  2.0563660e-04 5.95e-05 7.02e+01  -4.1 8.93e-01    -  1.00e+00 1.56e-02h  7
 871  2.0465391e-04 5.64e-05 7.02e+01  -4.1 4.46e-01    -  1.00e+00 6.25e-02h  5
 872  2.0361006e-04 5.94e-05 7.02e+01  -4.1 7.31e-01    -  1.00e+00 1.56e-02h  7
 873  2.0272934e-04 5.89e-05 7.02e+01  -4.1 3.66e-01    -  1.00e+00 1.56e-02h  7
 874  2.0617553e-04 3.53e-05 7.13e+01  -4.1 1.56e-02    -  1.00e+00 5.00e-01h  2
 875  2.0949713e-04 4.04e-05 7.02e+01  -4.1 2.86e-02    -  1.00e+00 5.00e-01h  2
 876  2.0855036e-04 2.93e-05 7.13e+01  -4.1 4.68e-02    -  1.00e+00 2.50e-01h  3
 877  2.0854205e-04 2.90e-05 7.02e+01  -4.1 3.75e-01    -  1.00e+00 7.81e-03h  8
 878  2.0384140e-04 5.05e-05 7.01e+01  -4.1 5.43e-02    -  1.00e+00 2.50e-01h  3
 879  2.0183478e-04 5.60e-05 7.01e+01  -4.1 6.80e-02    -  1.00e+00 6.25e-02h  5
iter    objective    inf_pr   inf_du lg(mu)  ||d||  lg(rg) alpha_du alpha_pr  ls
 880  2.0745558e-04 1.11e-04 7.13e+01  -4.1 1.25e-02    -  1.00e+00 1.00e+00h  1
 881  2.0728917e-04 1.14e-04 7.13e+01  -4.1 3.98e-02    -  1.00e+00 2.50e-01h  3
 882  2.0407017e-04 1.13e-04 7.13e+01  -4.1 2.59e-01    -  1.00e+00 1.56e-02h  7
 883  2.0324149e-04 1.08e-04 7.13e+01  -4.1 9.89e-02    -  1.00e+00 6.25e-02h  5
 884  2.0280227e-04 1.08e-04 7.13e+01  -4.1 2.48e+00    -  1.00e+00 4.88e-04h 12
 885  2.0274166e-04 1.08e-04 7.01e+01  -4.1 1.61e+00    -  1.00e+00 2.44e-04h 13
 886  2.0353678e-04 1.71e-05 7.13e+01  -4.1 1.27e-02    -  1.00e+00 1.00e+00h  1
 887  2.0181987e-04 2.90e-05 7.12e+01  -4.1 4.15e-02    -  1.00e+00 5.00e-01h  2
 888  2.0095557e-04 1.07e-04 7.12e+01  -4.1 1.04e+00    -  1.00e+00 3.12e-02h  6
 889  2.1144047e-04 9.78e-05 7.13e+01  -4.0 1.52e-01    -  1.00e+00 1.25e-01h  4
iter    objective    inf_pr   inf_du lg(mu)  ||d||  lg(rg) alpha_du alpha_pr  ls
 890  2.1306954e-04 6.07e-05 7.02e+01  -4.1 2.42e-02    -  1.00e+00 1.00e+00h  1
 891  1.9976893e-04 2.18e-05 7.02e+01  -4.1 2.02e-02    -  1.00e+00 1.00e+00h  1
 892  2.0229247e-04 2.06e-05 7.13e+01  -4.0 2.41e-02    -  1.00e+00 6.25e-02h  5
 893  2.0234664e-04 1.54e-05 7.13e+01  -4.1 9.62e-03    -  1.00e+00 2.50e-01h  3
 894  2.0172394e-04 2.18e-05 7.01e+01  -4.1 1.21e-01    -  1.00e+00 3.12e-02h  6
 895  2.0057113e-04 7.75e-06 7.13e+01  -4.1 3.35e-03    -  1.00e+00 1.00e+00h  1
 896  2.0129256e-04 2.49e-06 7.00e+01  -4.0 2.01e-03    -  1.00e+00 1.00e+00h  1
 897  2.0126532e-04 1.97e-06 7.00e+01  -4.0 4.92e-03    -  1.00e+00 2.50e-01h  3
 898  2.0138135e-04 1.73e-06 7.14e+01  -4.1 7.09e-02    -  1.00e+00 3.12e-02h  6
 899  2.0099222e-04 2.54e-06 7.02e+01  -4.1 1.83e-03    -  1.00e+00 1.00e+00h  1
iter    objective    inf_pr   inf_du lg(mu)  ||d||  lg(rg) alpha_du alpha_pr  ls
 900  2.0072564e-04 3.28e-06 7.02e+01  -4.1 5.51e-02    -  1.00e+00 3.12e-02h  6
 901  2.0059075e-04 1.84e-06 7.02e+01  -4.1 1.71e-03    -  1.00e+00 5.00e-01h  2
 902  2.0067492e-04 1.66e-06 7.12e+01  -4.1 1.25e-02    -  1.00e+00 6.25e-02h  5
 903  2.0066560e-04 1.65e-06 7.12e+01  -4.1 1.03e-01    -  1.00e+00 1.56e-02h  7
 904  2.0086960e-04 8.17e-07 7.12e+01  -4.1 2.75e-03    -  1.00e+00 1.00e+00h  1
 905  2.0076896e-04 8.78e-07 7.02e+01  -4.1 4.86e-03    -  1.00e+00 2.50e-01h  3
 906  2.0074692e-04 9.87e-07 7.02e+01  -4.1 5.08e-02    -  1.00e+00 1.56e-02h  7
 907  2.0060477e-04 8.58e-07 7.02e+01  -4.1 1.54e-02    -  1.00e+00 1.25e-01h  4
 908  2.0047351e-04 8.03e-06 7.12e+01  -4.1 1.43e-02    -  1.00e+00 2.50e-01h  3
 909  2.0044885e-04 5.92e-06 7.02e+01  -4.1 4.94e-03    -  1.00e+00 2.50e-01h  3
iter    objective    inf_pr   inf_du lg(mu)  ||d||  lg(rg) alpha_du alpha_pr  ls
 910  2.0000906e-04 4.88e-06 7.12e+01  -4.1 1.46e-02    -  1.00e+00 2.50e-01h  3
 911  2.0004105e-04 4.03e-06 7.13e+01  -4.1 4.33e-03    -  1.00e+00 5.00e-01h  2
 912  2.0028997e-04 2.48e-06 7.02e+01  -4.1 2.65e-03    -  1.00e+00 5.00e-01h  2
 913  2.0073945e-04 4.77e-07 7.13e+01  -4.1 2.12e-03    -  1.00e+00 1.00e+00H  1
 914  2.0090468e-04 4.43e-07 7.12e+01  -4.1 2.98e-03    -  1.00e+00 1.00e+00H  1
 915  2.0070449e-04 2.81e-06 7.02e+01  -4.0 5.56e-03    -  1.00e+00 5.00e-01h  2
 916  2.0056980e-04 2.41e-06 7.12e+01  -4.1 6.60e-03    -  1.00e+00 2.50e-01h  3
 917  2.0127778e-04 1.00e-06 7.02e+01  -4.1 5.23e-03    -  1.00e+00 1.00e+00H  1
 918  2.0100959e-04 1.20e-06 7.02e+01  -4.1 1.11e-02    -  1.00e+00 1.25e-01h  4
 919  2.0075899e-04 1.07e-06 7.02e+01  -4.1 9.28e-03    -  1.00e+00 1.25e-01h  4
iter    objective    inf_pr   inf_du lg(mu)  ||d||  lg(rg) alpha_du alpha_pr  ls
 920  2.0070986e-04 1.12e-06 7.02e+01  -4.1 2.70e-02    -  1.00e+00 1.56e-02h  7
 921  2.0087023e-04 7.84e-07 7.11e+01  -4.1 3.70e-03    -  1.00e+00 1.00e+00H  1
 922  2.0082558e-04 3.63e-07 7.11e+01  -4.1 2.49e-02    -  1.00e+00 3.12e-02h  6
 923  2.0100254e-04 3.98e-07 7.03e+01  -4.1 2.48e-02    -  1.00e+00 6.25e-02h  5
 924  2.0050246e-04 1.66e-06 7.12e+01  -4.1 2.38e-03    -  1.00e+00 1.00e+00h  1
 925  2.0038042e-04 2.71e-07 7.12e+01  -4.1 7.07e-04    -  1.00e+00 1.00e+00h  1
 926  2.0037422e-04 2.70e-07 7.02e+01  -4.1 1.13e-02    -  1.00e+00 1.56e-02h  7
 927  2.0038523e-04 1.48e-07 7.12e+01  -4.1 4.00e-04    -  1.00e+00 1.00e+00h  1
 928  2.0038066e-04 1.46e-07 7.12e+01  -4.1 1.55e-02    -  1.00e+00 7.81e-03h  8
 929  2.0031223e-04 3.38e-07 7.12e+01  -4.1 7.51e-02    -  1.00e+00 1.56e-02h  7
iter    objective    inf_pr   inf_du lg(mu)  ||d||  lg(rg) alpha_du alpha_pr  ls
 930  2.0028033e-04 6.90e-07 7.12e+01  -4.1 1.66e-01    -  1.00e+00 7.81e-03h  8
 931  2.0026736e-04 9.12e-07 7.12e+01  -4.1 2.53e-02    -  1.00e+00 3.12e-02h  6
 932  2.0019696e-04 4.48e-06 7.02e+01  -4.1 2.98e-02    -  1.00e+00 1.25e-01h  4
 933  2.0004934e-04 1.79e-05 7.02e+01  -4.1 1.24e-01    -  1.00e+00 6.25e-02h  5
 934  1.9996306e-04 1.70e-05 7.02e+01  -4.1 3.28e-02    -  1.00e+00 6.25e-02h  5
 935  1.9989865e-04 1.51e-05 7.12e+01  -4.1 1.03e-02    -  1.00e+00 2.50e-01h  3
 936  1.9952349e-04 1.79e-05 7.12e+01  -4.1 2.19e-02    -  1.00e+00 1.25e-01h  4
 937  1.9958381e-04 1.48e-05 7.02e+01  -4.1 1.02e-02    -  1.00e+00 2.50e-01h  3
 938  1.9991945e-04 9.57e-06 7.02e+01  -4.1 9.44e-03    -  1.00e+00 5.00e-01h  2
 939  1.9989955e-04 9.56e-06 7.12e+01  -4.1 1.44e-01    -  1.00e+00 1.95e-03h 10
iter    objective    inf_pr   inf_du lg(mu)  ||d||  lg(rg) alpha_du alpha_pr  ls
 940  1.9941924e-04 9.62e-06 7.12e+01  -4.1 6.54e-03    -  1.00e+00 5.00e-01h  2
 941  1.9968985e-04 8.28e-06 7.02e+01  -4.1 8.36e-03    -  1.00e+00 5.00e-01h  2
 942  1.9949741e-04 2.62e-06 7.12e+01  -4.1 4.15e-03    -  1.00e+00 1.00e+00h  1
 943  1.9936473e-04 2.72e-06 7.02e+01  -4.1 8.75e-03    -  1.00e+00 2.50e-01h  3
 944  1.9943688e-04 2.64e-06 7.12e+01  -4.1 1.02e-01    -  1.00e+00 1.56e-02h  7
 945  1.9931551e-04 2.27e-06 7.12e+01  -4.1 7.15e-03    -  1.00e+00 1.25e-01h  4
 946  1.9930958e-04 2.27e-06 7.12e+01  -4.1 7.88e-02    -  1.00e+00 3.91e-03h  9
 947  1.9919248e-04 2.49e-06 7.02e+01  -4.1 5.39e-02    -  1.00e+00 1.56e-02h  7
 948  1.9919547e-04 2.43e-06 7.02e+01  -4.1 4.47e-02    -  1.00e+00 1.56e-02h  7
 949  1.9916703e-04 2.60e-06 7.02e+01  -4.1 1.00e-01    -  1.00e+00 7.81e-03h  8
iter    objective    inf_pr   inf_du lg(mu)  ||d||  lg(rg) alpha_du alpha_pr  ls
 950  1.9915303e-04 2.66e-06 7.12e+01  -4.1 8.31e-02    -  1.00e+00 3.91e-03h  9
 951  1.9925857e-04 1.54e-06 7.12e+01  -4.1 2.63e-03    -  1.00e+00 5.00e-01h  2
 952  1.9925718e-04 1.73e-06 7.02e+01  -4.1 5.08e-02    -  1.00e+00 3.12e-02h  6
 953  1.9937321e-04 1.13e-06 7.02e+01  -4.1 4.18e-03    -  1.00e+00 5.00e-01h  2
 954  1.9947271e-04 1.03e-06 7.02e+01  -4.1 2.54e-03    -  1.00e+00 5.00e-01h  2
 955  1.9940227e-04 1.05e-06 7.02e+01  -4.1 2.01e-01    -  1.00e+00 3.91e-03h  9
 956  1.9950547e-04 2.83e-07 7.12e+01  -4.1 1.63e-03    -  1.00e+00 1.00e+00h  1
 957  1.9950162e-04 2.78e-07 7.12e+01  -4.1 7.90e-03    -  1.00e+00 3.12e-02h  6
 958  1.9940821e-04 6.74e-07 7.02e+01  -4.1 8.11e-03    -  1.00e+00 1.25e-01h  4
 959  1.9942764e-04 3.53e-07 7.02e+01  -4.1 1.93e-03    -  1.00e+00 5.00e-01h  2
iter    objective    inf_pr   inf_du lg(mu)  ||d||  lg(rg) alpha_du alpha_pr  ls
 960  1.9942579e-04 4.11e-07 7.02e+01  -4.1 1.29e-03    -  1.00e+00 5.00e-01h  2
 961  1.9942340e-04 4.11e-07 7.12e+01  -4.1 4.19e-01    -  1.00e+00 2.44e-04h 13
 962  1.9949415e-04 7.70e-08 7.11e+01  -4.1 4.07e-04    -  1.00e+00 1.00e+00h  1
 963  1.9949772e-04 7.23e-08 7.11e+01  -4.1 6.24e-03    -  1.00e+00 6.25e-02h  5
 964  1.9947675e-04 3.78e-07 7.03e+01  -4.1 6.32e-03    -  1.00e+00 1.25e-01h  4
 965  1.9944913e-04 2.51e-07 7.03e+01  -4.1 1.63e-03    -  1.00e+00 2.50e-01h  3
 966  1.9944748e-04 2.48e-07 7.03e+01  -4.1 5.92e-03    -  1.00e+00 1.25e-01h  4
 967  1.9945864e-04 1.23e-07 7.03e+01  -4.1 1.53e-03    -  1.00e+00 5.00e-01h  2
 968  1.9945526e-04 1.22e-07 7.11e+01  -4.1 3.91e-03    -  1.00e+00 1.56e-02h  7
 969  1.9942337e-04 9.28e-07 7.12e+01  -4.1 2.10e-03    -  1.00e+00 1.00e+00h  1
iter    objective    inf_pr   inf_du lg(mu)  ||d||  lg(rg) alpha_du alpha_pr  ls
 970  1.9936736e-04 4.44e-06 7.12e+01  -4.1 8.21e-03    -  1.00e+00 2.50e-01h  3
 971  1.9925128e-04 4.32e-06 7.02e+01  -4.1 2.80e-02    -  1.00e+00 6.25e-02h  5
 972  1.9892672e-04 3.76e-06 7.02e+01  -4.1 1.10e-01    -  1.00e+00 3.12e-02h  6
 973  1.9919054e-04 1.03e-06 7.02e+01  -4.1 1.24e-03    -  1.00e+00 1.00e+00h  1
 974  1.9913422e-04 3.26e-06 7.12e+01  -4.1 1.72e-02    -  1.00e+00 1.25e-01h  4
 975  1.9917132e-04 2.39e-06 7.02e+01  -4.1 2.68e-03    -  1.00e+00 2.50e-01h  3
 976  1.9904211e-04 1.88e-06 7.02e+01  -4.1 9.51e-03    -  1.00e+00 2.50e-01h  3
 977  1.9901326e-04 2.13e-06 7.12e+01  -4.1 2.43e-03    -  1.00e+00 5.00e-01h  2
 978  1.9907663e-04 9.72e-07 7.12e+01  -4.1 1.76e-03    -  1.00e+00 5.00e-01h  2
 979  1.9946029e-04 3.50e-07 7.12e+01  -4.1 1.99e-03    -  1.00e+00 1.00e+00H  1
iter    objective    inf_pr   inf_du lg(mu)  ||d||  lg(rg) alpha_du alpha_pr  ls
 980  1.9946667e-04 3.38e-07 7.02e+01  -4.1 7.75e-02    -  1.00e+00 7.81e-03h  8
 981  1.9940543e-04 2.75e-07 7.02e+01  -4.1 3.67e-02    -  1.00e+00 1.56e-02h  7
 982  1.9940516e-04 5.78e-07 7.02e+01  -4.1 6.25e-02    -  1.00e+00 1.56e-02h  7
 983  1.9935301e-04 5.65e-07 7.02e+01  -4.1 2.69e-02    -  1.00e+00 1.56e-02h  7
 984  1.9929314e-04 5.68e-07 7.02e+01  -4.1 8.22e-03    -  1.00e+00 6.25e-02h  5
 985  1.9924799e-04 5.74e-07 7.02e+01  -4.1 8.77e-03    -  1.00e+00 3.12e-02h  6
 986  1.9917179e-04 5.33e-07 7.02e+01  -4.1 1.85e-02    -  1.00e+00 1.25e-01h  4
 987  1.9916225e-04 5.33e-07 7.12e+01  -4.1 2.50e+00    -  7.38e-01 1.66e-08h 21
 988  1.9929005e-04 3.67e-07 7.03e+01  -4.1 8.21e-04    -  1.00e+00 1.00e+00h  1
 989  1.9922645e-04 6.14e-07 7.03e+01  -4.1 6.02e-03    -  1.00e+00 1.25e-01h  4
iter    objective    inf_pr   inf_du lg(mu)  ||d||  lg(rg) alpha_du alpha_pr  ls
 990  1.9913932e-04 7.41e-07 7.03e+01  -4.1 6.77e-02    -  1.00e+00 1.56e-02h  7
 991  1.9913329e-04 7.32e-07 7.03e+01  -4.1 6.90e-03    -  1.00e+00 1.25e-01h  4
 992  1.9910313e-04 7.62e-07 7.03e+01  -4.1 2.08e-02    -  1.00e+00 3.12e-02h  6
 993  1.9910178e-04 7.62e-07 7.12e+01  -4.1 5.32e-02    -  1.00e+00 1.92e-07h 22
 994  1.9913850e-04 2.81e-08 7.31e+01  -4.1 9.64e-05    -  1.00e+00 1.00e+00h  1
 995  1.9993130e-04 3.39e-08 7.06e+01  -4.1 5.63e-04    -  1.00e+00 1.00e+00H  1
 996  1.9966287e-04 3.21e-08 7.06e+01  -4.0 1.65e-04    -  1.00e+00 1.00e+00h  1
 997  1.9947864e-04 1.24e-08 6.99e+01  -4.1 1.00e-04    -  1.00e+00 1.00e+00h  1
 998  1.9931432e-04 2.19e-08 7.15e+01  -4.1 1.08e-02    -  1.00e+00 7.81e-03h  8
 999  1.9946354e-04 2.96e-08 7.00e+01  -4.1 1.98e-04    -  1.00e+00 1.00e+00h  1
iter    objective    inf_pr   inf_du lg(mu)  ||d||  lg(rg) alpha_du alpha_pr  ls
1000  1.9946286e-04 2.34e-08 7.00e+01  -4.1 9.38e-04    -  1.00e+00 1.25e-01h  4
1001  1.9945009e-04 2.79e-08 7.01e+01  -4.1 2.96e-02    -  1.00e+00 3.91e-03h  9
1002  1.9941913e-04 2.93e-08 7.01e+01  -4.1 8.13e-03    -  1.00e+00 3.12e-02h  6
1003  1.9940432e-04 3.02e-08 7.01e+01  -4.1 2.61e-01    -  1.00e+00 9.77e-04h 11
1004  1.9937949e-04 2.71e-08 7.13e+01  -4.1 1.13e-03    -  1.00e+00 6.25e-02h  5
1005  1.9937788e-04 2.71e-08 7.13e+01  -4.1 4.55e-02    -  1.00e+00 2.44e-04h 13
1006  1.9937776e-04 2.71e-08 7.13e+01  -4.1 7.75e-03    -  1.00e+00 2.44e-04h 13
1007  1.9937721e-04 2.71e-08 7.13e+01  -4.1 1.07e-01    -  1.00e+00 3.05e-05h 16
1008  1.9937698e-04 2.71e-08 7.13e+01  -4.1 1.87e-02    -  1.00e+00 1.22e-04h 14
1009  1.9937001e-04 2.73e-08 7.13e+01  -4.1 1.72e-03    -  1.00e+00 1.56e-02h  7
iter    objective    inf_pr   inf_du lg(mu)  ||d||  lg(rg) alpha_du alpha_pr  ls
1010  1.9936899e-04 3.32e-08 7.01e+01  -4.1 1.38e-02    -  1.00e+00 7.81e-03h  8
1011  1.9936268e-04 9.22e-07 7.14e+01  -4.1 1.84e-02    -  1.00e+00 6.25e-02h  5
1012  1.9935020e-04 7.32e-07 7.11e+01  -4.1 3.59e-03    -  1.00e+00 2.50e-01h  3
1013  1.9933317e-04 9.34e-07 7.12e+01  -4.1 2.46e-02    -  1.00e+00 3.12e-02h  6
1014  1.9930188e-04 5.92e-07 7.07e+01  -4.1 1.79e-03    -  1.00e+00 5.00e-01h  2
1015  1.9933225e-04 3.17e-07 7.09e+01  -4.1 8.09e-04    -  1.00e+00 5.00e-01h  2
1016  1.9930106e-04 2.14e-07 7.07e+01  -4.1 5.94e-04    -  1.00e+00 1.00e+00h  1
1017  1.9929690e-04 2.17e-07 7.07e+01  -4.1 2.07e-02    -  1.00e+00 7.81e-03h  8
1018  1.9929592e-04 1.88e-07 7.07e+01  -4.1 1.29e-03    -  1.00e+00 2.50e-01h  3
1019  1.9936766e-04 1.05e-07 7.04e+01  -4.1 5.95e-04    -  1.00e+00 1.00e+00H  1
iter    objective    inf_pr   inf_du lg(mu)  ||d||  lg(rg) alpha_du alpha_pr  ls
1020  1.9936040e-04 9.66e-08 7.04e+01  -4.1 6.84e-03    -  1.00e+00 6.25e-02h  5
1021  1.9927312e-04 8.54e-07 7.10e+01  -4.1 9.75e-04    -  1.00e+00 1.00e+00h  1
1022  1.9927947e-04 7.34e-07 7.05e+01  -4.1 1.49e-03    -  1.00e+00 2.50e-01h  3
1023  1.9931908e-04 6.80e-08 7.10e+01  -4.1 8.19e-04    -  1.00e+00 1.00e+00h  1
1024  1.9931602e-04 5.93e-08 7.10e+01  -4.1 4.40e-02    -  1.00e+00 7.81e-03h  8
1025  1.9925691e-04 1.27e-07 7.11e+01  -4.1 2.91e-04    -  1.00e+00 1.00e+00h  1
1026  1.9925341e-04 1.21e-07 7.04e+01  -4.1 3.90e-03    -  1.00e+00 6.25e-02h  5
1027  1.9926768e-04 8.35e-08 7.11e+01  -4.1 1.23e-03    -  1.00e+00 5.00e-01h  2
1028  1.9926765e-04 8.29e-08 7.11e+01  -4.1 3.40e-03    -  1.00e+00 1.56e-02h  7
1029  1.9926810e-04 8.18e-08 7.03e+01  -4.1 1.46e-02    -  1.00e+00 3.91e-03h  9
iter    objective    inf_pr   inf_du lg(mu)  ||d||  lg(rg) alpha_du alpha_pr  ls
1030  1.9926769e-04 7.44e-08 7.03e+01  -4.1 1.83e-03    -  1.00e+00 6.25e-02h  5
1031  1.9930104e-04 6.50e-08 7.11e+01  -4.1 7.88e-04    -  1.00e+00 1.00e+00h  1
1032  1.9923468e-04 1.03e-07 7.09e+01  -4.1 4.60e-04    -  1.00e+00 1.00e+00h  1
1033  1.9923431e-04 8.85e-08 7.05e+01  -4.1 2.86e-03    -  1.00e+00 1.25e-01h  4
1034  1.9923118e-04 1.22e-07 7.10e+01  -4.1 2.36e-03    -  1.00e+00 2.50e-01h  3
1035  1.9929449e-04 2.59e-08 7.11e+01  -4.1 1.89e-04    -  1.00e+00 1.00e+00h  1
1036  1.9929250e-04 2.48e-08 7.03e+01  -4.1 3.63e-03    -  1.00e+00 3.12e-02h  6
1037  1.9925432e-04 4.75e-08 7.08e+01  -4.1 3.39e-04    -  1.00e+00 1.00e+00h  1
1038  1.9926097e-04 4.55e-08 7.08e+01  -4.1 4.78e-03    -  1.00e+00 6.25e-02h  5
1039  1.9925751e-04 4.59e-08 7.06e+01  -4.1 1.13e-02    -  1.00e+00 1.56e-02h  7
iter    objective    inf_pr   inf_du lg(mu)  ||d||  lg(rg) alpha_du alpha_pr  ls
1040  1.9925689e-04 4.61e-08 7.08e+01  -4.1 3.30e-02    -  1.00e+00 1.95e-03h 10
1041  1.9925730e-04 4.58e-08 7.08e+01  -4.1 3.40e-03    -  1.00e+00 7.81e-03h  8
1042  1.9925722e-04 4.77e-08 7.05e+01  -4.1 2.18e-03    -  1.00e+00 1.25e-01h  4
1043  1.9925837e-04 4.59e-08 7.09e+01  -4.1 1.92e-03    -  1.00e+00 3.12e-02h  6
1044  1.9931398e-04 4.53e-09 7.04e+01  -4.1 2.08e-04    -  1.00e+00 1.00e+00H  1
1045  1.9931119e-04 1.66e-08 7.04e+01  -4.1 1.45e-02    -  1.00e+00 3.12e-02h  6
1046  1.9931101e-04 1.63e-08 7.04e+01  -4.1 1.80e-02    -  1.00e+00 3.91e-03h  9
1047  1.9931026e-04 1.96e-08 7.04e+01  -4.1 1.86e-02    -  1.00e+00 3.91e-03h  9
1048  1.9914212e-04 5.10e-07 7.04e+01  -4.1 1.20e-03    -  1.00e+00 1.00e+00h  1
1049  1.9915408e-04 4.36e-07 7.10e+01  -4.1 4.17e-02    -  1.00e+00 1.56e-02h  7
iter    objective    inf_pr   inf_du lg(mu)  ||d||  lg(rg) alpha_du alpha_pr  ls
1050  1.9921301e-04 4.38e-07 7.04e+01  -4.1 1.29e-02    -  1.00e+00 1.56e-02h  7
1051  1.9922909e-04 4.31e-07 7.05e+01  -4.1 1.45e-02    -  1.00e+00 3.12e-02h  6
1052  1.9918732e-04 3.58e-07 7.07e+01  -4.1 3.98e-03    -  1.00e+00 2.50e-01h  3
1053  1.9922749e-04 1.57e-07 7.09e+01  -4.1 1.24e-03    -  1.00e+00 5.00e-01h  2
1054  1.9922540e-04 1.50e-07 7.05e+01  -4.1 6.88e-03    -  1.00e+00 3.12e-02h  6
1055  1.9922866e-04 1.41e-07 7.05e+01  -4.1 6.66e-04    -  1.00e+00 6.25e-02h  5
1056  1.9921641e-04 1.26e-07 7.10e+01  -4.1 5.39e-03    -  1.00e+00 6.25e-02h  5
1057  1.9922663e-04 9.15e-08 7.10e+01  -4.1 6.06e-04    -  1.00e+00 2.50e-01h  3
1058  1.9921651e-04 1.04e-07 7.04e+01  -4.1 1.02e-01    -  1.00e+00 7.81e-03h  8
1059  1.9921928e-04 1.31e-07 7.10e+01  -4.1 2.18e-03    -  1.00e+00 1.25e-01h  4
iter    objective    inf_pr   inf_du lg(mu)  ||d||  lg(rg) alpha_du alpha_pr  ls
1060  1.9922544e-04 1.14e-07 7.04e+01  -4.1 2.97e-04    -  1.00e+00 1.25e-01h  4
1061  1.9923102e-04 1.10e-07 7.11e+01  -4.1 8.85e-04    -  1.00e+00 2.50e-01h  3
1062  1.9923113e-04 1.09e-07 7.11e+01  -4.1 2.62e-04    -  1.00e+00 3.91e-03h  9
1063  1.9922818e-04 9.22e-08 7.04e+01  -4.1 2.63e-03    -  1.00e+00 1.25e-01h  4
1064  1.9920504e-04 1.05e-07 7.11e+01  -4.1 2.73e-03    -  1.00e+00 1.25e-01h  4
1065  1.9920803e-04 1.04e-07 7.11e+01  -4.1 8.95e-03    -  1.00e+00 3.12e-02h  6
1066  1.9921196e-04 9.43e-08 7.11e+01  -4.1 1.05e-03    -  1.00e+00 1.25e-01h  4
1067  1.9920968e-04 9.83e-08 7.04e+01  -4.1 6.45e-02    -  1.00e+00 3.91e-03h  9
1068  1.9920925e-04 1.03e-07 7.11e+01  -4.1 3.33e-03    -  1.00e+00 3.12e-02h  6
1069  1.9922352e-04 5.31e-08 7.03e+01  -4.1 5.02e-04    -  1.00e+00 5.00e-01h  2
iter    objective    inf_pr   inf_du lg(mu)  ||d||  lg(rg) alpha_du alpha_pr  ls
1070  1.9922277e-04 5.71e-08 7.11e+01  -4.1 1.74e-02    -  1.00e+00 7.81e-03h  8
1071  1.9924819e-04 1.57e-08 7.10e+01  -4.1 2.37e-04    -  1.00e+00 1.00e+00h  1
1072  1.9924755e-04 1.49e-08 7.10e+01  -4.1 1.35e-03    -  1.00e+00 6.25e-02h  5
1073  1.9924293e-04 1.51e-08 7.10e+01  -4.1 6.14e-03    -  1.00e+00 1.56e-02h  7
1074  1.9923965e-04 1.49e-08 7.04e+01  -4.1 1.82e-01    -  1.00e+00 4.88e-04h 12
1075  1.9923942e-04 1.49e-08 7.04e+01  -4.1 1.06e-01    -  1.00e+00 6.10e-05h 15
1076  1.9923914e-04 1.49e-08 7.04e+01  -4.1 3.21e-02    -  1.00e+00 2.44e-04h 13
1077  1.9923366e-04 6.79e-08 7.10e+01  -4.1 9.62e-02    -  1.00e+00 7.81e-03h  8
1078  1.9921120e-04 3.26e-07 7.10e+01  -4.1 2.61e-02    -  1.00e+00 3.12e-02h  6
1079  1.9920044e-04 3.19e-07 7.10e+01  -4.1 7.42e-02    -  1.00e+00 1.56e-02h  7
iter    objective    inf_pr   inf_du lg(mu)  ||d||  lg(rg) alpha_du alpha_pr  ls
1080  1.9918041e-04 1.53e-06 7.10e+01  -4.1 6.01e-02    -  1.00e+00 6.25e-02h  5
1081  1.9915255e-04 1.67e-06 7.04e+01  -4.1 1.64e-01    -  1.00e+00 7.81e-03h  8
1082  1.9914527e-04 1.69e-06 7.04e+01  -4.1 2.61e-02    -  1.00e+00 3.12e-02h  6
1083  1.9911395e-04 1.32e-06 7.04e+01  -4.1 3.15e-03    -  1.00e+00 2.50e-01h  3
1084  1.9910090e-04 1.67e-06 7.04e+01  -4.1 1.21e-01    -  1.00e+00 1.56e-02h  7
1085  1.9902455e-04 2.41e-06 7.10e+01  -4.1 2.91e-01    -  1.00e+00 7.81e-03h  8
1086  1.9902511e-04 2.26e-06 7.10e+01  -4.1 1.96e-02    -  1.00e+00 6.25e-02h  5
1087  1.9915239e-04 5.22e-07 7.12e+01  -4.1 1.59e-03    -  1.00e+00 1.00e+00h  1
1088  1.9918748e-04 4.59e-07 7.03e+01  -4.1 1.79e-03    -  1.00e+00 1.25e-01h  4
1089  1.9913308e-04 1.36e-06 7.02e+01  -4.1 5.74e-03    -  1.00e+00 5.00e-01h  2
iter    objective    inf_pr   inf_du lg(mu)  ||d||  lg(rg) alpha_du alpha_pr  ls
1090  1.9905367e-04 1.67e-06 7.02e+01  -4.1 9.78e-02    -  1.00e+00 1.56e-02h  7
1091  1.9902299e-04 1.68e-06 7.12e+01  -4.1 2.30e-02    -  1.00e+00 3.12e-02h  6
1092  1.9907336e-04 1.27e-06 7.02e+01  -4.1 4.21e-03    -  1.00e+00 2.50e-01h  3
1093  1.9895023e-04 1.98e-06 7.02e+01  -4.1 5.88e-03    -  1.00e+00 5.00e-01h  2
1094  1.9887670e-04 1.97e-06 7.12e+01  -4.1 5.10e-02    -  1.00e+00 1.56e-02h  7
1095  1.9887468e-04 1.97e-06 7.02e+01  -4.1 4.06e-02    -  1.00e+00 7.81e-03h  8
1096  1.9893582e-04 1.50e-06 7.02e+01  -4.1 6.19e-03    -  1.00e+00 2.50e-01h  3
1097  1.9906087e-04 2.73e-07 7.12e+01  -4.1 1.25e-03    -  1.00e+00 1.00e+00h  1
1098  1.9903651e-04 6.32e-07 7.12e+01  -4.1 5.55e-03    -  1.00e+00 2.50e-01h  3
1099  1.9896742e-04 5.70e-07 7.12e+01  -4.1 4.06e-02    -  1.00e+00 3.12e-02h  6
iter    objective    inf_pr   inf_du lg(mu)  ||d||  lg(rg) alpha_du alpha_pr  ls
1100  1.9893104e-04 4.79e-07 7.12e+01  -4.1 4.98e-03    -  1.00e+00 1.25e-01h  4
1101  1.9895975e-04 1.42e-06 7.12e+01  -4.1 4.36e-03    -  1.00e+00 5.00e-01h  2
1102  1.9901584e-04 1.43e-06 7.02e+01  -4.1 7.25e-02    -  1.00e+00 3.91e-03h  9
1103  1.9899280e-04 2.64e-07 7.02e+01  -4.1 1.52e-03    -  1.00e+00 1.00e+00h  1
1104  1.9898475e-04 2.35e-07 7.02e+01  -4.1 2.53e-03    -  1.00e+00 6.25e-02h  5
1105  1.9896922e-04 2.07e-07 7.12e+01  -4.1 1.26e-02    -  1.00e+00 6.25e-02h  5
1106  1.9898270e-04 1.57e-07 7.02e+01  -4.1 4.14e-03    -  1.00e+00 1.25e-01h  4
1107  1.9903602e-04 1.14e-07 7.03e+01  -4.1 5.17e-04    -  1.00e+00 1.00e+00h  1
1108  1.9914420e-04 1.28e-07 7.11e+01  -4.1 1.31e-03    -  1.00e+00 1.00e+00h  1
1109  1.9914298e-04 1.11e-07 7.11e+01  -4.1 2.80e-03    -  1.00e+00 1.00e+00H  1
iter    objective    inf_pr   inf_du lg(mu)  ||d||  lg(rg) alpha_du alpha_pr  ls
1110  1.9912026e-04 7.99e-08 7.10e+01  -4.1 5.70e-03    -  1.00e+00 6.25e-02h  5
1111  1.9886269e-04 5.57e-06 7.11e+01  -4.1 2.17e-02    -  1.00e+00 1.25e-01h  4
1112  1.9876431e-04 5.38e-06 7.04e+01  -4.1 3.29e-02    -  1.00e+00 6.25e-02h  5
1113  1.9872812e-04 5.38e-06 7.11e+01  -4.1 5.14e-01    -  1.00e+00 9.77e-04h 11
1114  1.9871849e-04 5.89e-06 7.11e+01  -4.1 1.77e-02    -  1.00e+00 1.25e-01h  4
1115  1.9889801e-04 3.21e-06 7.12e+01  -4.1 2.45e-03    -  1.00e+00 5.00e-01h  2
1116  1.9872604e-04 3.09e-06 7.02e+01  -4.1 2.27e-02    -  1.00e+00 1.25e-01h  4
1117  1.9882171e-04 1.70e-06 7.02e+01  -4.1 1.63e-03    -  1.00e+00 5.00e-01h  2
1118  1.9879544e-04 1.64e-06 7.12e+01  -4.1 1.70e-02    -  1.00e+00 3.12e-02h  6
1119  1.9878327e-04 1.65e-06 7.02e+01  -4.1 1.42e-01    -  1.00e+00 3.91e-03h  9
iter    objective    inf_pr   inf_du lg(mu)  ||d||  lg(rg) alpha_du alpha_pr  ls
1120  1.9878336e-04 1.64e-06 7.02e+01  -4.1 3.07e-02    -  1.00e+00 7.81e-03h  8
1121  1.9875242e-04 1.61e-06 7.02e+01  -4.1 7.13e-02    -  1.00e+00 7.81e-03h  8
1122  1.9872170e-04 1.51e-06 7.12e+01  -4.1 5.13e-02    -  1.00e+00 3.12e-02h  6
1123  1.9872363e-04 1.52e-06 7.02e+01  -4.1 8.08e-02    -  1.00e+00 7.81e-03h  8
1124  1.9872496e-04 1.44e-06 7.02e+01  -4.1 1.63e-02    -  1.00e+00 6.25e-02h  5
1125  1.9872533e-04 1.44e-06 7.12e+01  -4.1 3.48e-02    -  1.00e+00 1.95e-03h 10
1126  1.9872576e-04 1.43e-06 7.02e+01  -4.1 2.95e-02    -  1.00e+00 7.81e-03h  8
1127  1.9872216e-04 1.36e-06 7.02e+01  -4.1 9.46e-03    -  1.00e+00 6.25e-02h  5
1128  1.9872264e-04 1.26e-06 7.02e+01  -4.1 6.48e-03    -  1.00e+00 6.25e-02h  5
1129  1.9872574e-04 1.24e-06 7.02e+01  -4.1 5.74e-03    -  1.00e+00 1.56e-02h  7
iter    objective    inf_pr   inf_du lg(mu)  ||d||  lg(rg) alpha_du alpha_pr  ls
1130  1.9872526e-04 1.24e-06 7.02e+01  -4.1 3.33e-02    -  1.00e+00 3.91e-03h  9
1131  1.9872559e-04 1.23e-06 7.02e+01  -4.1 4.34e-03    -  1.00e+00 3.91e-03h  9
1132  1.9872559e-04 1.23e-06 7.02e+01  -4.1 1.64e-02    -  1.00e+00 4.88e-04h 12
1133  1.9872559e-04 1.23e-06 7.12e+01  -4.1 1.94e+00    -  4.41e-01 3.28e-11h 29
1134  1.9921179e-04 1.76e-06 7.14e+01  -4.1 5.52e-03    -  1.00e+00 5.00e-01h  2
1135  1.9993554e-04 9.97e-07 7.12e+01  -4.1 5.34e-03    -  1.00e+00 1.00e+00H  1
1136  1.9958781e-04 8.49e-06 7.12e+01  -4.1 5.54e-02    -  1.00e+00 6.25e-02h  5
1137  1.9950722e-04 7.66e-06 7.02e+01  -4.1 8.52e-03    -  1.00e+00 2.50e-01h  3
1138  1.9936830e-04 7.64e-06 7.02e+01  -4.1 2.31e-01    -  1.00e+00 1.95e-03h 10
1139  1.9896487e-04 7.15e-06 7.02e+01  -4.1 3.00e-02  -4.0 1.00e+00 1.25e-01h  4
iter    objective    inf_pr   inf_du lg(mu)  ||d||  lg(rg) alpha_du alpha_pr  ls
1140  1.9895867e-04 6.52e-06 7.12e+01  -4.1 5.70e-03    -  1.00e+00 1.25e-01h  4
1141  1.9849200e-04 3.68e-06 7.13e+01  -4.1 9.98e-03    -  1.00e+00 5.00e-01h  2
1142  1.9837927e-04 3.90e-06 7.13e+01  -4.1 1.20e-01    -  1.00e+00 1.56e-02h  7
1143  1.9847337e-04 3.48e-06 7.02e+01  -4.1 1.16e-02    -  1.00e+00 1.25e-01h  4
1144  1.9858908e-04 2.68e-06 7.02e+01  -4.1 2.88e-03    -  1.00e+00 2.50e-01h  3
1145  1.9858197e-04 2.21e-06 7.02e+01  -4.1 6.64e-03    -  1.00e+00 2.50e-01h  3
1146  1.9867429e-04 2.11e-06 7.13e+01  -4.1 5.91e-03    -  1.00e+00 2.50e-01h  3
1147  1.9867406e-04 3.69e-06 7.13e+01  -4.1 5.91e-03    -  1.00e+00 2.50e-01h  3
1148  1.9860665e-04 3.32e-06 7.13e+01  -4.1 7.72e-03    -  1.00e+00 1.25e-01h  4
1149  1.9857856e-04 3.12e-06 7.02e+01  -4.1 4.85e-03    -  1.00e+00 2.50e-01h  3
iter    objective    inf_pr   inf_du lg(mu)  ||d||  lg(rg) alpha_du alpha_pr  ls
1150  1.9915029e-04 1.79e-06 7.02e+01  -4.1 3.27e-03    -  1.00e+00 1.00e+00h  1
1151  1.9910166e-04 1.90e-06 7.12e+01  -4.1 1.11e-02    -  1.00e+00 6.25e-02h  5
1152  1.9903459e-04 1.67e-06 7.02e+01  -4.1 3.36e-03    -  1.00e+00 1.00e+00h  1
1153  1.9900432e-04 1.57e-06 7.02e+01  -4.1 7.86e-03    -  1.00e+00 6.25e-02h  5
1154  1.9913171e-04 9.58e-07 7.03e+01  -4.1 2.18e-03    -  1.00e+00 1.00e+00h  1
1155  1.9886471e-04 3.22e-06 7.02e+01  -4.1 2.15e-03    -  1.00e+00 1.00e+00h  1
1156  1.9886353e-04 3.19e-06 7.12e+01  -4.1 6.02e-02    -  1.00e+00 3.91e-03h  9
1157  1.9857615e-04 1.67e-06 7.12e+01  -4.1 7.57e-03    -  1.00e+00 2.50e-01h  3
1158  1.9856367e-04 1.66e-06 7.12e+01  -4.1 5.56e-02    -  1.00e+00 7.81e-03h  8
1159  1.9856785e-04 1.70e-06 7.12e+01  -4.1 3.07e-02    -  1.00e+00 3.12e-02h  6
iter    objective    inf_pr   inf_du lg(mu)  ||d||  lg(rg) alpha_du alpha_pr  ls
1160  1.9863757e-04 1.25e-06 7.02e+01  -4.1 2.10e-03    -  1.00e+00 2.50e-01h  3
1161  1.9877575e-04 1.70e-06 7.02e+01  -4.1 4.13e-03    -  1.00e+00 5.00e-01h  2
1162  1.9891104e-04 3.36e-07 7.12e+01  -4.1 1.35e-03    -  1.00e+00 1.00e+00h  1
1163  1.9892258e-04 2.88e-07 7.12e+01  -4.1 2.17e-03    -  1.00e+00 1.25e-01h  4
1164  1.9892059e-04 2.66e-07 7.12e+01  -4.1 2.06e-03    -  1.00e+00 2.50e-01h  3
1165  1.9899166e-04 2.41e-07 7.02e+01  -4.1 6.04e-04    -  1.00e+00 1.00e+00h  1
1166  1.9910872e-04 4.63e-08 7.12e+01  -4.1 3.88e-04    -  1.00e+00 1.00e+00H  1
1167  1.9906655e-04 6.19e-08 7.12e+01  -4.1 2.43e-03    -  1.00e+00 2.50e-01h  3
1168  1.9917257e-04 7.36e-09 7.04e+01  -4.1 3.73e-04    -  1.00e+00 1.00e+00H  1
1169  1.9906167e-04 3.41e-08 7.06e+01  -4.1 5.10e-04    -  1.00e+00 1.00e+00h  1
iter    objective    inf_pr   inf_du lg(mu)  ||d||  lg(rg) alpha_du alpha_pr  ls
1170  1.9905802e-04 4.48e-08 7.05e+01  -4.1 1.59e-03    -  1.00e+00 1.25e-01h  4
1171  1.9905027e-04 4.52e-08 7.09e+01  -4.1 5.28e-03    -  1.00e+00 1.56e-02h  7
1172  1.9905025e-04 4.54e-08 7.09e+01  -4.1 1.33e-02    -  1.00e+00 3.91e-03h  9
1173  1.9905591e-04 4.06e-08 7.09e+01  -4.1 8.44e-04    -  1.00e+00 1.25e-01h  4
1174  1.9905354e-04 3.77e-08 7.05e+01  -4.1 5.84e-03    -  1.00e+00 3.12e-02h  6
1175  1.9906690e-04 2.87e-08 7.05e+01  -4.1 1.08e-03    -  1.00e+00 2.50e-01h  3
1176  1.9906631e-04 2.87e-08 7.05e+01  -4.1 4.61e-03    -  1.00e+00 1.95e-03h 10
1177  1.9906647e-04 2.83e-08 7.09e+01  -4.1 1.45e-03    -  1.00e+00 1.56e-02h  7
1178  1.9910159e-04 7.43e-09 7.05e+01  -4.1 2.65e-04    -  1.00e+00 1.00e+00h  1
1179  1.9910124e-04 7.84e-09 7.05e+01  -4.1 9.26e-03    -  1.00e+00 7.81e-03h  8
iter    objective    inf_pr   inf_du lg(mu)  ||d||  lg(rg) alpha_du alpha_pr  ls
1180  1.9908111e-04 3.35e-08 7.09e+01  -4.1 6.54e-03    -  1.00e+00 3.12e-02h  6
1181  1.9907907e-04 3.42e-08 7.09e+01  -4.1 3.18e-03    -  1.00e+00 1.56e-02h  7
1182  1.9907704e-04 3.44e-08 7.09e+01  -4.1 4.94e-03    -  1.00e+00 1.56e-02h  7
1183  1.9907651e-04 3.38e-08 7.05e+01  -4.1 1.31e-03    -  1.00e+00 6.25e-02h  5
1184  1.9907653e-04 3.36e-08 7.09e+01  -4.1 2.97e-03    -  1.00e+00 7.81e-03h  8
1185  1.9907603e-04 3.35e-08 7.09e+01  -4.1 3.37e-03    -  1.00e+00 7.81e-03h  8
1186  1.9907574e-04 3.35e-08 7.09e+01  -4.1 7.53e-03    -  1.00e+00 9.77e-04h 11
1187  1.9907565e-04 3.35e-08 7.09e+01  -4.1 3.22e-02    -  1.00e+00 2.44e-04h 13
1188  1.9907545e-04 3.33e-08 7.09e+01  -4.1 3.40e-03    -  1.00e+00 3.91e-03h  9
1189  1.9907533e-04 3.33e-08 7.09e+01  -4.1 2.11e-02    -  1.00e+00 2.44e-04h 13
iter    objective    inf_pr   inf_du lg(mu)  ||d||  lg(rg) alpha_du alpha_pr  ls
1190  1.9907349e-04 1.58e-07 7.09e+01  -4.1 4.58e-02    -  1.00e+00 1.56e-02h  7
1191  1.9907261e-04 1.58e-07 7.05e+01  -4.1 1.05e+01    -  1.46e-02 2.18e-09h 27
1192  1.9907416e-04 1.39e-07 7.05e+01  -4.1 3.99e-04    -  1.00e+00 1.25e-01h  4
1193  1.9906389e-04 3.53e-07 7.09e+01  -4.1 6.73e-03    -  1.00e+00 1.25e-01h  4
1194  1.9904275e-04 5.59e-07 7.09e+01  -4.1 3.39e-03    -  1.00e+00 2.50e-01h  3
1195  1.9904117e-04 5.04e-07 7.09e+01  -4.1 3.62e-03    -  1.00e+00 1.25e-01h  4
1196  1.9903840e-04 4.85e-07 7.09e+01  -4.1 1.16e-02    -  1.00e+00 3.12e-02h  6
1197  1.9902891e-04 6.33e-07 7.09e+01  -4.1 7.43e-03    -  1.00e+00 1.25e-01h  4
1198  1.9903239e-04 6.30e-07 7.05e+01  -4.1 1.82e-01    -  1.00e+00 4.88e-04h 12
1199  1.9905981e-04 3.85e-07 7.04e+01  -4.1 1.32e-03    -  1.00e+00 5.00e-01h  2
iter    objective    inf_pr   inf_du lg(mu)  ||d||  lg(rg) alpha_du alpha_pr  ls
1200  1.9905581e-04 3.87e-07 7.04e+01  -4.1 4.97e-02    -  1.00e+00 7.81e-03h  8
1201  1.9904862e-04 3.92e-07 7.04e+01  -4.1 1.26e-02    -  1.00e+00 3.12e-02h  6
1202  1.9904725e-04 3.66e-07 7.10e+01  -4.1 8.98e-03    -  1.00e+00 6.25e-02h  5
1203  1.9905353e-04 3.39e-07 7.10e+01  -4.1 2.63e-03    -  1.00e+00 2.50e-01h  3
1204  1.9903916e-04 3.51e-07 7.10e+01  -4.1 5.15e-03    -  1.00e+00 1.25e-01h  4
1205  1.9903580e-04 3.52e-07 7.10e+01  -4.1 6.50e-02    -  1.00e+00 1.95e-03h 10
1206  1.9902416e-04 3.71e-07 7.04e+01  -4.1 1.59e-01    -  1.00e+00 7.81e-03h  8
1207  1.9901917e-04 8.13e-07 7.04e+01  -4.1 2.62e-02    -  1.00e+00 6.25e-02h  5
1208  1.9901848e-04 7.75e-07 7.04e+01  -4.1 6.99e-03    -  1.00e+00 1.25e-01h  4
1209  1.9901806e-04 8.52e-07 7.10e+01  -4.1 6.15e-02    -  1.00e+00 1.56e-02h  7
iter    objective    inf_pr   inf_du lg(mu)  ||d||  lg(rg) alpha_du alpha_pr  ls
1210  1.9899024e-04 7.71e-07 7.10e+01  -4.1 4.27e-02    -  1.00e+00 1.56e-02h  7
1211  1.9898240e-04 7.65e-07 7.10e+01  -4.1 1.09e-02    -  1.00e+00 6.25e-02h  5
1212  1.9896736e-04 6.72e-07 7.10e+01  -4.1 5.21e-03    -  1.00e+00 1.25e-01h  4
1213  1.9896534e-04 6.68e-07 7.04e+01  -4.1 2.28e-02    -  1.00e+00 3.12e-02h  6
1214  1.9896170e-04 8.42e-07 7.10e+01  -4.1 5.01e-01    -  1.00e+00 3.91e-03h  9
1215  1.9894998e-04 9.13e-07 7.10e+01  -4.1 3.12e-01    -  1.00e+00 3.91e-03h  9
1216  1.9894838e-04 9.13e-07 7.04e+01  -4.1 2.30e-02    -  1.00e+00 9.54e-07h 21
1217  1.9826681e-04 5.14e-06 1.04e+01  -4.1 2.28e-03    -  1.00e+00 1.00e+00h  1
1218  1.9843163e-04 4.48e-07 7.61e+01  -4.1 6.13e-04    -  1.00e+00 1.00e+00h  1
1219  1.9849785e-04 6.51e-08 7.02e+01  -4.1 2.25e-04    -  1.00e+00 1.00e+00h  1
iter    objective    inf_pr   inf_du lg(mu)  ||d||  lg(rg) alpha_du alpha_pr  ls
1220  1.9849571e-04 6.51e-08 7.12e+01  -4.1 1.26e-01    -  1.00e+00 1.83e-08h 23
1221  1.9850352e-04 6.32e-08 8.36e+01  -4.1 2.36e-05    -  1.00e+00 1.00e+00h  1
1222  1.9886981e-04 7.08e-08 5.86e+01  -4.1 3.84e-03    -  1.00e+00 6.25e-02h  5
1223  1.9900119e-04 7.89e-08 5.81e+01  -4.1 3.23e-03    -  1.00e+00 3.12e-02h  6
1224  1.9906595e-04 8.02e-08 5.79e+01  -4.1 3.37e-03    -  1.00e+00 1.56e-02h  7
1225  1.9907399e-04 8.01e-08 5.78e+01  -4.1 3.59e-03    -  1.00e+00 1.95e-03h 10
1226  1.9907517e-04 8.01e-08 5.78e+01  -4.1 4.32e-03    -  1.00e+00 2.44e-04h 13
1227  1.9938131e-04 1.14e-07 5.86e+01  -4.1 4.32e-03    -  1.00e+00 6.25e-02h  5
1228  1.9955619e-04 1.39e-07 5.89e+01  -4.1 4.85e-03    -  1.00e+00 3.12e-02h  6
1229  2.0629996e-04 1.39e-07 8.25e+01  -4.1 7.04e-02    -  2.93e-01 2.44e-04h 13
iter    objective    inf_pr   inf_du lg(mu)  ||d||  lg(rg) alpha_du alpha_pr  ls
1230  2.0607549e-04 1.48e-07 8.21e+01  -4.1 5.39e-03    -  1.00e+00 3.12e-02h  6
1231  2.0354806e-04 1.48e-07 8.27e+01  -4.1 2.91e-03    -  1.00e+00 1.56e-02h  7
1232  2.0202923e-04 1.48e-07 8.28e+01  -4.1 3.22e-03    -  1.00e+00 3.91e-03h  9
1233  1.9924540e-04 1.47e-07 8.28e+01  -4.1 3.62e-03    -  1.00e+00 3.91e-03h  9
1234  1.9902557e-04 1.47e-07 5.86e+01  -4.1 4.42e-03    -  1.00e+00 4.88e-04h 12
1235  1.9973578e-04 4.39e-08 1.14e+01  -4.1 9.78e-04    -  1.00e+00 1.00e+00H  1
1236  1.9951008e-04 3.45e-07 1.13e+01  -4.1 8.58e-03    -  1.00e+00 6.25e-02h  5
1237r 1.9951008e-04 3.45e-07 7.95e+02  -4.1 0.00e+00    -  0.00e+00 4.77e-07R 22
1238r 2.0792859e-04 7.31e-08 7.25e-01  -4.0 3.12e-04    -  1.00e+00 2.73e-01f  1
1239r 2.9114549e-04 5.25e-07 1.66e-03  -4.1 7.14e-04    -  1.00e+00 1.00e+00f  1
iter    objective    inf_pr   inf_du lg(mu)  ||d||  lg(rg) alpha_du alpha_pr  ls
1240r 2.9140262e-04 3.59e-07 9.25e-04  -4.0 5.85e-04    -  1.00e+00 1.00e+00f  1
1241r 2.0212700e-04 1.99e-08 1.39e-04  -4.1 1.40e-04    -  1.00e+00 1.00e+00f  1
1242  2.0206723e-04 1.71e-08 7.07e+01  -4.1 3.81e-03    -  1.00e+00 3.12e-02h  6
1243  2.0013384e-04 5.86e-08 7.07e+01  -4.1 2.48e-01    -  1.00e+00 9.77e-04h 11
1244  1.9938282e-04 1.25e-07 7.10e+01  -4.1 5.39e-03    -  1.00e+00 6.25e-02h  5
1245  1.9948036e-04 1.25e-07 7.04e+01  -4.1 3.47e-01    -  1.00e+00 6.10e-05h 15
1246  1.9908202e-04 4.96e-07 7.14e+01  -4.1 7.26e-04    -  1.00e+00 1.00e+00h  1
1247  1.9919182e-04 8.18e-08 7.04e+01  -4.1 3.06e-04    -  1.00e+00 1.00e+00h  1
1248  1.9911668e-04 3.36e-08 7.03e+01  -4.1 2.18e-04    -  1.00e+00 1.00e+00h  1
1249  1.9909760e-04 4.99e-08 7.10e+01  -4.1 2.23e-03    -  1.00e+00 1.25e-01h  4
iter    objective    inf_pr   inf_du lg(mu)  ||d||  lg(rg) alpha_du alpha_pr  ls
1250  1.9900863e-04 1.10e-07 7.04e+01  -4.1 4.05e-04    -  1.00e+00 1.00e+00h  1
1251  1.9905613e-04 7.46e-08 7.10e+01  -4.1 3.53e-04    -  1.00e+00 5.00e-01h  2
1252  1.9893883e-04 1.45e-06 7.07e+01  -4.1 1.48e-03    -  1.00e+00 1.00e+00h  1
1253  1.9899034e-04 7.53e-07 7.08e+01  -4.1 8.09e-04    -  1.00e+00 5.00e-01h  2
1254  1.9870000e-04 3.09e-05 7.04e+01  -4.1 7.13e-03    -  1.00e+00 1.00e+00h  1
1255  1.9892813e-04 2.78e-05 7.04e+01  -4.1 6.18e-02    -  1.00e+00 6.25e-02h  5
1256  1.9865038e-04 3.27e-05 7.04e+01  -4.1 1.02e-01    -  1.00e+00 3.12e-02h  6
1257  1.9882682e-04 3.10e-05 7.04e+01  -4.1 4.58e-02    -  1.00e+00 3.12e-02h  6
1258  1.9863068e-04 2.73e-05 7.10e+01  -4.1 5.01e-03    -  1.00e+00 1.25e-01h  4
1259  1.9890446e-04 1.59e-05 7.03e+01  -4.1 5.52e-03    -  1.00e+00 5.00e-01h  2
iter    objective    inf_pr   inf_du lg(mu)  ||d||  lg(rg) alpha_du alpha_pr  ls
1260  1.9878931e-04 1.19e-05 7.02e+01  -4.1 7.02e-03    -  1.00e+00 2.50e-01h  3
1261  1.9854391e-04 1.30e-05 7.12e+01  -4.1 2.90e-01    -  1.00e+00 7.81e-03h  8
1262  1.9879807e-04 6.88e-06 7.02e+01  -4.1 2.25e-03    -  1.00e+00 5.00e-01h  2
1263  1.9844192e-04 1.39e-05 7.02e+01  -4.1 1.43e-02    -  1.00e+00 2.50e-01h  3
1264  1.9854067e-04 7.39e-06 7.12e+01  -4.1 4.41e-03    -  1.00e+00 5.00e-01h  2
1265  1.9874579e-04 3.38e-06 7.12e+01  -4.1 4.37e-03    -  1.00e+00 5.00e-01h  2
1266  1.9863208e-04 3.49e-06 7.12e+01  -4.1 1.03e-02    -  1.00e+00 1.25e-01h  4
1267  1.9854516e-04 2.09e-06 7.12e+01  -4.1 2.49e-03    -  1.00e+00 5.00e-01h  2
1268  1.9886692e-04 2.23e-06 7.02e+01  -4.1 2.13e-03    -  1.00e+00 5.00e-01h  2
1269  1.9886547e-04 2.10e-06 7.02e+01  -4.1 4.19e-03    -  1.00e+00 2.50e-01h  3
iter    objective    inf_pr   inf_du lg(mu)  ||d||  lg(rg) alpha_du alpha_pr  ls
1270  1.9875544e-04 2.09e-06 7.02e+01  -4.1 1.13e-02    -  1.00e+00 6.25e-02h  5
1271  1.9867297e-04 2.08e-06 7.12e+01  -4.1 8.58e-02    -  1.00e+00 3.91e-03h  9
1272  1.9883723e-04 1.06e-06 7.02e+01  -4.1 1.42e-03    -  1.00e+00 1.00e+00h  1
1273  1.9894039e-04 1.68e-07 7.12e+01  -4.1 1.42e-03    -  1.00e+00 1.00e+00h  1
1274  1.9894320e-04 1.76e-07 7.02e+01  -4.1 1.10e-03    -  1.00e+00 5.00e-01h  2
1275  1.9889388e-04 3.19e-07 7.02e+01  -4.1 3.35e-01    -  1.00e+00 1.95e-03h 10
1276  1.9888571e-04 5.47e-07 7.12e+01  -4.1 8.51e-04    -  1.00e+00 1.00e+00h  1
1277  1.9889877e-04 2.59e-07 7.03e+01  -4.1 1.71e-03    -  1.00e+00 5.00e-01h  2
1278  1.9898437e-04 2.12e-07 7.12e+01  -4.1 1.08e-03    -  1.00e+00 1.00e+00h  1
1279  1.9899360e-04 1.19e-07 7.11e+01  -4.1 4.74e-03    -  1.00e+00 2.50e-01h  3
iter    objective    inf_pr   inf_du lg(mu)  ||d||  lg(rg) alpha_du alpha_pr  ls
1280  1.9891928e-04 1.30e-07 7.12e+01  -4.1 1.17e-03    -  1.00e+00 1.00e+00h  1
1281  1.9902053e-04 5.16e-08 7.03e+01  -4.1 1.01e-03    -  1.00e+00 1.00e+00h  1
1282  1.9901495e-04 4.74e-08 7.12e+01  -4.1 8.62e-04    -  1.00e+00 1.00e+00H  1
1283  1.9900525e-04 4.84e-08 7.12e+01  -4.1 3.03e-03    -  1.00e+00 3.12e-02h  6
1284  1.9900184e-04 4.87e-08 7.11e+01  -4.1 4.56e-03    -  1.00e+00 6.25e-02h  5
1285  1.9905944e-04 1.91e-08 7.06e+01  -4.1 7.72e-04    -  1.00e+00 1.00e+00h  1
1286  1.9906085e-04 2.66e-08 7.04e+01  -4.1 8.41e-04    -  1.00e+00 1.00e+00H  1
1287  1.9899276e-04 4.37e-08 7.10e+01  -4.1 2.95e-02    -  1.00e+00 3.12e-02h  6
1288  1.9898803e-04 4.04e-08 7.10e+01  -4.1 6.74e-04    -  1.00e+00 2.50e-01h  3
1289  1.9898321e-04 4.04e-08 7.05e+01  -4.1 1.24e-02    -  1.00e+00 1.56e-02h  7
iter    objective    inf_pr   inf_du lg(mu)  ||d||  lg(rg) alpha_du alpha_pr  ls
1290  1.9898999e-04 3.17e-08 7.11e+01  -4.1 1.54e-03    -  1.00e+00 5.00e-01h  2
1291  1.9889676e-04 4.38e-07 7.09e+01  -4.1 7.48e-04    -  1.00e+00 1.00e+00h  1
1292  1.9889226e-04 4.21e-07 7.09e+01  -4.1 9.43e-03    -  1.00e+00 6.25e-02h  5
1293  1.9886307e-04 2.15e-07 7.11e+01  -4.1 3.23e-03    -  1.00e+00 5.00e-01h  2
1294  1.9887882e-04 1.56e-07 7.03e+01  -4.1 8.38e-04    -  1.00e+00 2.50e-01h  3
1295  1.9893811e-04 9.51e-08 7.11e+01  -4.1 5.24e-04    -  1.00e+00 5.00e-01h  2
1296  1.9894662e-04 8.15e-08 7.11e+01  -4.1 2.52e-03    -  1.00e+00 2.50e-01h  3
1297  1.9893924e-04 7.79e-08 7.11e+01  -4.1 4.12e-02    -  1.00e+00 1.56e-02h  7
1298  1.9899932e-04 2.31e-08 7.03e+01  -4.1 4.68e-04    -  1.00e+00 1.00e+00H  1
1299  1.9896849e-04 2.89e-08 7.05e+01  -4.1 2.09e-04    -  1.00e+00 1.00e+00h  1
iter    objective    inf_pr   inf_du lg(mu)  ||d||  lg(rg) alpha_du alpha_pr  ls
1300  1.9898318e-04 3.10e-08 7.09e+01  -4.1 5.16e-04    -  1.00e+00 2.50e-01h  3
1301  1.9901600e-04 6.92e-09 7.05e+01  -4.1 8.53e-05    -  1.00e+00 1.00e+00h  1
1302  1.9901306e-04 5.04e-09 7.05e+01  -4.1 3.63e-02    -  1.00e+00 1.95e-03h 10
1303  1.9900813e-04 9.23e-09 7.05e+01  -4.1 6.53e-04    -  1.00e+00 2.50e-01h  3
1304  1.9898411e-04 8.27e-09 7.07e+01  -4.1 1.62e-04    -  1.00e+00 1.00e+00h  1
1305  1.9899042e-04 6.92e-09 7.06e+01  -4.1 7.74e-04    -  1.00e+00 1.25e-01h  4
1306  1.9899514e-04 7.29e-09 7.08e+01  -4.1 1.15e-03    -  1.00e+00 1.25e-01h  4
1307  1.9899458e-04 7.11e-09 7.06e+01  -4.1 7.96e-04    -  1.00e+00 1.25e-01h  4
1308  1.9899872e-04 6.22e-09 7.06e+01  -4.1 4.26e-04    -  1.00e+00 1.25e-01h  4
1309  1.9896092e-04 9.20e-08 7.06e+01  -4.1 3.63e-04    -  1.00e+00 1.00e+00h  1
iter    objective    inf_pr   inf_du lg(mu)  ||d||  lg(rg) alpha_du alpha_pr  ls
1310  1.9896677e-04 8.61e-08 7.06e+01  -4.1 6.08e-04    -  1.00e+00 6.25e-02h  5
1311  1.9892850e-04 8.81e-08 7.10e+01  -4.1 1.08e-03    -  1.00e+00 5.00e-01h  2
1312  1.9896189e-04 4.78e-08 7.10e+01  -4.1 8.34e-04    -  1.00e+00 5.00e-01h  2
1313  1.9896438e-04 4.62e-08 7.04e+01  -4.1 3.89e-03    -  1.00e+00 1.56e-02h  7
1314  1.9896498e-04 4.36e-08 7.04e+01  -4.1 5.98e-03    -  1.00e+00 1.56e-02h  7
1315  1.9897018e-04 2.55e-08 7.04e+01  -4.1 4.97e-04    -  1.00e+00 2.50e-01h  3
1316  1.9898192e-04 1.73e-08 7.10e+01  -4.1 1.93e-04    -  1.00e+00 5.00e-01h  2
1317  1.9900766e-04 4.68e-09 7.05e+01  -4.1 7.64e-05    -  1.00e+00 1.00e+00h  1
1318  1.9900413e-04 4.20e-09 7.05e+01  -4.1 3.72e-03    -  1.00e+00 3.12e-02h  6
1319  1.9900475e-04 3.42e-09 7.05e+01  -4.1 2.67e-04    -  1.00e+00 1.25e-01h  4
iter    objective    inf_pr   inf_du lg(mu)  ||d||  lg(rg) alpha_du alpha_pr  ls
1320  1.9899808e-04 6.42e-09 7.05e+01  -4.1 3.43e-03    -  1.00e+00 6.25e-02h  5
1321  1.9900219e-04 4.64e-09 7.09e+01  -4.1 1.74e-04    -  1.00e+00 2.50e-01h  3
1322  1.9897639e-04 3.10e-08 7.07e+01  -4.1 1.64e-04    -  1.00e+00 1.00e+00h  1
1323  1.9898119e-04 2.94e-08 7.07e+01  -4.1 4.41e-03    -  1.00e+00 6.25e-02h  5
1324  1.9898171e-04 2.89e-08 7.07e+01  -4.1 3.56e-04    -  1.00e+00 1.56e-02h  7
1325  1.9896386e-04 2.25e-08 7.08e+01  -4.1 1.01e-02    -  1.00e+00 3.12e-02h  6
1326  1.9898099e-04 1.96e-08 7.09e+01  -4.1 1.81e-03    -  1.00e+00 2.50e-01h  3
1327  1.9897696e-04 2.05e-08 7.08e+01  -4.1 2.91e-02    -  1.00e+00 7.81e-03h  8
1328  1.9897916e-04 1.76e-08 7.06e+01  -4.1 7.51e-04    -  1.00e+00 1.25e-01h  4
1329  1.9898071e-04 1.70e-08 7.06e+01  -4.1 1.11e-03    -  1.00e+00 6.25e-02h  5
iter    objective    inf_pr   inf_du lg(mu)  ||d||  lg(rg) alpha_du alpha_pr  ls
1330  1.9898109e-04 1.57e-08 7.06e+01  -4.1 1.01e-03    -  1.00e+00 1.25e-01h  4
1331  1.9902437e-04 1.74e-09 7.09e+01  -4.1 2.12e-04    -  1.00e+00 1.00e+00H  1
1332  1.9901485e-04 1.99e-09 7.09e+01  -4.1 3.65e-04    -  1.00e+00 2.50e-01h  3
1333  1.9901410e-04 2.32e-09 7.09e+01  -4.1 5.15e-04    -  1.00e+00 1.25e-01h  4
1334  1.9900656e-04 3.08e-09 7.08e+01  -4.1 7.27e-04    -  1.00e+00 6.25e-02h  5
1335  1.9900421e-04 2.98e-09 7.08e+01  -4.1 2.14e-01    -  1.00e+00 1.22e-04h 14
1336  1.9900402e-04 2.97e-09 7.06e+01  -4.1 2.28e-03    -  1.00e+00 3.91e-03h  9
1337  1.9899622e-04 7.14e-10 7.07e+01  -4.1 7.45e-05    -  1.00e+00 1.00e+00h  1
1338  1.9899478e-04 9.31e-09 7.07e+01  -4.1 6.78e-03    -  1.00e+00 3.12e-02h  6
1339  1.9903292e-04 3.00e-10 7.08e+01  -4.1 2.09e-04    -  1.00e+00 1.00e+00H  1
iter    objective    inf_pr   inf_du lg(mu)  ||d||  lg(rg) alpha_du alpha_pr  ls
1340  1.9903183e-04 2.86e-09 7.06e+01  -4.1 2.71e-02    -  1.00e+00 1.95e-03h 10
1341  1.9896772e-04 3.84e-06 7.05e+01  -4.1 9.64e-03    -  1.00e+00 2.50e-01h  3
1342  1.9885998e-04 2.45e-06 7.08e+01  -4.1 1.85e-03    -  1.00e+00 1.00e+00h  1
1343  1.9895100e-04 1.48e-06 7.04e+01  -4.1 1.40e-03    -  1.00e+00 5.00e-01h  2
1344  1.9896013e-04 1.63e-07 7.03e+01  -4.1 4.58e-04    -  1.00e+00 1.00e+00h  1
1345  1.9892919e-04 3.58e-07 7.03e+01  -4.1 2.03e-02    -  1.00e+00 3.12e-02h  6
1346  1.9894611e-04 2.08e-07 7.03e+01  -4.1 1.16e-03    -  1.00e+00 5.00e-01h  2
1347  1.9895319e-04 2.06e-07 7.11e+01  -4.1 2.51e-03    -  1.00e+00 7.81e-03h  8
1348  1.9898360e-04 5.27e-08 7.11e+01  -4.1 3.13e-04    -  1.00e+00 1.00e+00h  1
1349  1.9897556e-04 4.12e-08 7.05e+01  -4.1 2.08e-04    -  1.00e+00 1.00e+00h  1
iter    objective    inf_pr   inf_du lg(mu)  ||d||  lg(rg) alpha_du alpha_pr  ls
1350  1.9898507e-04 2.30e-08 7.05e+01  -4.1 3.16e-04    -  1.00e+00 5.00e-01h  2
1351  1.9898162e-04 2.59e-08 7.05e+01  -4.1 9.19e-03    -  1.00e+00 7.81e-03h  8
1352  1.9898387e-04 2.41e-08 7.09e+01  -4.1 4.46e-04    -  1.00e+00 1.25e-01h  4
1353  1.9899039e-04 2.17e-08 7.05e+01  -4.1 3.01e-04    -  1.00e+00 2.50e-01h  3
1354  1.9899240e-04 1.28e-08 7.09e+01  -4.1 1.48e-04    -  1.00e+00 5.00e-01h  2
1355  1.9899344e-04 7.56e-09 7.06e+01  -4.1 2.58e-04    -  1.00e+00 5.00e-01h  2
1356  1.9899498e-04 7.70e-09 7.06e+01  -4.1 7.76e-04    -  1.00e+00 6.25e-02h  5
1357  1.9899497e-04 7.63e-09 7.06e+01  -4.1 8.15e-04    -  1.00e+00 1.56e-02h  7
1358  1.9899566e-04 6.64e-09 7.06e+01  -4.1 4.14e-04    -  1.00e+00 1.25e-01h  4
1359  1.9899618e-04 6.33e-09 7.08e+01  -4.1 7.60e-04    -  1.00e+00 6.25e-02h  5
iter    objective    inf_pr   inf_du lg(mu)  ||d||  lg(rg) alpha_du alpha_pr  ls
1360  1.9899622e-04 6.23e-09 7.08e+01  -4.1 3.26e-04    -  1.00e+00 1.56e-02h  7
1361  1.9899607e-04 6.27e-09 7.08e+01  -4.1 1.45e-02    -  1.00e+00 3.91e-03h  9
1362  1.9899553e-04 6.38e-09 7.08e+01  -4.1 1.37e-02    -  1.00e+00 1.95e-03h 10
1363  1.9899441e-04 4.84e-08 7.08e+01  -4.1 2.14e-03    -  1.00e+00 1.25e-01h  4
1364  1.9898950e-04 1.04e-07 7.08e+01  -4.1 9.04e-03    -  1.00e+00 6.25e-02h  5
1365  1.9898851e-04 1.15e-07 7.08e+01  -4.1 9.85e-03    -  1.00e+00 3.12e-02h  6
1366  1.9898831e-04 1.15e-07 7.06e+01  -4.1 3.74e+00    -  7.47e-02 1.57e-09h 28
1367  1.9898705e-04 2.84e-08 7.07e+01  -4.1 3.73e-04    -  1.00e+00 1.00e+00h  1
1368  1.9899127e-04 2.20e-08 7.07e+01  -4.1 2.63e-04    -  1.00e+00 2.50e-01h  3
1369  1.9898398e-04 8.93e-08 7.07e+01  -4.1 5.20e-03    -  1.00e+00 1.25e-01h  4
iter    objective    inf_pr   inf_du lg(mu)  ||d||  lg(rg) alpha_du alpha_pr  ls
1370  1.9898285e-04 6.71e-08 7.07e+01  -4.1 1.16e-03    -  1.00e+00 2.50e-01h  3
1371  1.9898152e-04 4.01e-07 7.07e+01  -4.1 8.42e-02    -  1.00e+00 1.56e-02h  7
1372  1.9898164e-04 7.18e-07 7.07e+01  -4.1 1.06e-01    -  1.00e+00 1.56e-02h  7
1373  1.9896437e-04 7.69e-07 7.07e+01  -4.1 2.13e-02    -  1.00e+00 3.12e-02h  6
1374  1.9896545e-04 7.70e-07 7.07e+01  -4.1 8.19e-02    -  1.00e+00 9.77e-04h 11
1375  1.9898112e-04 5.88e-07 7.08e+01  -4.1 1.74e-03    -  1.00e+00 2.50e-01h  3
1376  1.9896126e-04 7.98e-07 7.08e+01  -4.1 1.67e-01    -  1.00e+00 7.81e-03h  8
1377  1.9893622e-04 1.22e-06 7.08e+01  -4.1 1.01e-01    -  1.00e+00 1.56e-02h  7
1378  1.9891535e-04 1.22e-06 7.08e+01  -4.1 1.86e-02    -  1.00e+00 3.12e-02h  6
1379  1.9891356e-04 1.26e-06 7.08e+01  -4.1 5.35e-02    -  1.00e+00 1.56e-02h  7
iter    objective    inf_pr   inf_du lg(mu)  ||d||  lg(rg) alpha_du alpha_pr  ls
1380  1.9891226e-04 1.20e-06 7.08e+01  -4.1 4.02e-02    -  1.00e+00 1.56e-02h  7
1381  1.9891222e-04 1.20e-06 7.06e+01  -4.1 2.60e+00    -  4.96e-02 1.15e-08h 26
1382  1.9896774e-04 8.66e-07 7.11e+01  -4.1 2.14e-03    -  1.00e+00 1.00e+00h  1
1383  1.9887190e-04 5.54e-06 7.03e+01  -4.1 4.37e-01    -  1.00e+00 7.81e-03h  8
1384  1.9861218e-04 6.60e-06 7.03e+01  -4.1 2.32e-01    -  1.00e+00 1.56e-02h  7
1385  1.9853590e-04 7.54e-06 7.03e+01  -4.1 4.20e-02    -  1.00e+00 3.12e-02h  6
1386  1.9862378e-04 7.66e-06 7.11e+01  -4.1 1.95e-02    -  1.00e+00 1.25e-01h  4
1387  1.9848822e-04 8.95e-06 7.03e+01  -4.1 1.93e-01    -  1.00e+00 7.81e-03h  8
1388  1.9844091e-04 1.02e-05 7.11e+01  -4.1 1.55e-02    -  1.00e+00 1.25e-01h  4
1389  1.9843941e-04 1.21e-05 7.03e+01  -4.1 1.17e-01    -  1.00e+00 1.56e-02h  7
iter    objective    inf_pr   inf_du lg(mu)  ||d||  lg(rg) alpha_du alpha_pr  ls
1390  1.9840088e-04 1.39e-05 7.11e+01  -4.1 6.09e-02    -  1.00e+00 3.12e-02h  6
1391  1.9838675e-04 1.50e-05 7.03e+01  -4.1 9.47e-02    -  1.00e+00 1.56e-02h  7
1392  1.9838665e-04 1.50e-05 7.11e+01  -4.1 1.41e-01    -  1.00e+00 7.60e-09h 24
1393  1.9816514e-04 1.81e-06 9.20e+02  -4.1 7.44e-04    -  1.00e+00 1.00e+00h  1
1394  1.9812177e-04 1.44e-06 3.08e+02  -4.1 1.55e-04    -  1.00e+00 1.00e+00h  1
1395  1.9869082e-04 2.65e-06 1.54e+02  -4.1 3.42e-03    -  1.00e+00 5.00e-01h  2
1396  1.9957824e-04 4.06e-06 1.11e+01  -4.1 2.18e-03    -  1.00e+00 1.00e+00s 22
1397r 1.9957824e-04 4.06e-06 9.81e+02  -4.1 0.00e+00    -  0.00e+00 0.00e+00R  1
1398r 1.0471606e-03 9.75e-07 4.33e+00  -4.0 4.16e-03    -  1.00e+00 1.98e-02f  1
1399r 1.1304871e-03 4.87e-06 1.82e-03  -4.0 2.20e-03    -  1.00e+00 1.00e+00f  1
iter    objective    inf_pr   inf_du lg(mu)  ||d||  lg(rg) alpha_du alpha_pr  ls
1400r 2.7801665e-03 1.91e-05 1.60e-02  -4.0 4.39e-03    -  1.00e+00 1.00e+00h  1
1401r 2.5916824e-03 8.51e-06 1.18e-03  -4.0 2.92e-03    -  1.00e+00 1.00e+00h  1
1402r 2.0712775e-04 9.81e-08 2.71e-04  -4.0 3.14e-04    -  1.00e+00 1.00e+00h  1
1403r 2.1503183e-04 1.69e-09 8.15e-05  -4.0 3.93e-05    -  1.00e+00 1.00e+00h  1
1404  2.1403488e-04 4.48e-09 7.07e+01  -4.1 3.82e-02  -4.5 1.00e+00 1.95e-03h 10
1405  2.1337697e-04 6.57e-09 7.07e+01  -4.1 2.58e-02  -2.2 1.00e+00 1.95e-03h 10
1406  2.1284240e-04 8.12e-09 7.06e+01  -4.1 4.58e-03  -0.9 1.00e+00 7.81e-03h  8
1407  2.0921610e-04 7.73e-09 7.06e+01  -4.1 6.70e-01    -  1.68e-01 6.10e-05f 15
1408  2.0039428e-04 3.80e-08 7.08e+01  -4.1 9.00e-01    -  1.00e+00 2.44e-04f 13
1409  1.9988020e-04 2.89e-05 7.09e+01  -4.1 1.07e-01    -  1.00e+00 6.25e-02h  5
iter    objective    inf_pr   inf_du lg(mu)  ||d||  lg(rg) alpha_du alpha_pr  ls
1410  1.9950742e-04 2.90e-05 7.06e+01  -4.1 1.15e+00    -  9.34e-01 4.84e-04h 12
1411  1.9949103e-04 8.72e-06 7.01e+01  -4.1 2.65e-03    -  1.00e+00 1.00e+00h  1
1412  1.9898173e-04 4.51e-06 7.01e+01  -4.1 2.91e-03    -  1.00e+00 1.00e+00h  1
1413  1.9857439e-04 9.59e-06 7.13e+01  -4.1 1.25e-01    -  1.00e+00 3.12e-02h  6
1414  1.9797612e-04 2.31e-05 7.13e+01  -4.1 5.67e-03    -  1.00e+00 1.00e+00h  1
1415  1.9785390e-04 2.29e-05 7.13e+01  -4.1 5.68e-01    -  1.00e+00 7.81e-03h  8
1416  1.9783582e-04 1.96e-05 7.02e+01  -4.1 1.35e-02    -  1.00e+00 1.25e-01h  4
1417  1.9867868e-04 6.67e-06 7.13e+01  -4.1 6.04e-03    -  1.00e+00 1.00e+00H  1
1418  1.9857978e-04 7.40e-06 7.02e+01  -4.1 1.81e-02    -  1.00e+00 6.25e-02h  5
1419  1.9837769e-04 7.64e-06 7.13e+01  -4.1 8.23e-03    -  1.00e+00 2.50e-01h  3
iter    objective    inf_pr   inf_du lg(mu)  ||d||  lg(rg) alpha_du alpha_pr  ls
1420  2.0008155e-04 1.57e-06 7.02e+01  -4.1 4.31e-03    -  1.00e+00 1.00e+00H  1
1421  1.9962523e-04 2.21e-06 7.02e+01  -4.1 1.03e-02    -  1.00e+00 1.25e-01h  4
1422  1.9911043e-04 2.57e-06 7.02e+01  -4.1 2.20e-02    -  1.00e+00 6.25e-02h  5
1423  1.9872613e-04 3.98e-06 7.02e+01  -4.1 2.91e-01    -  1.00e+00 7.81e-03h  8
1424  1.9849124e-04 4.12e-06 7.02e+01  -4.1 8.53e-03    -  1.00e+00 1.25e-01h  4
1425  1.9859148e-04 3.95e-06 7.12e+01  -4.1 2.55e-02    -  1.00e+00 3.12e-02h  6
1426  1.9860391e-04 3.90e-06 7.12e+01  -4.1 6.02e-02    -  1.00e+00 1.56e-02h  7
1427  1.9867749e-04 3.22e-06 7.13e+01  -4.1 4.54e-03    -  1.00e+00 5.00e-01h  2
1428  1.9854410e-04 3.72e-06 7.13e+01  -4.1 5.48e-02    -  1.00e+00 1.56e-02h  7
1429  1.9886177e-04 1.45e-06 7.02e+01  -4.1 1.90e-03    -  1.00e+00 1.00e+00h  1
iter    objective    inf_pr   inf_du lg(mu)  ||d||  lg(rg) alpha_du alpha_pr  ls
1430  1.9869966e-04 1.54e-06 7.02e+01  -4.1 1.32e-03    -  1.00e+00 1.00e+00h  1
1431  1.9892538e-04 7.78e-07 7.12e+01  -4.1 7.74e-04    -  1.00e+00 1.00e+00h  1
1432  1.9891978e-04 7.70e-07 7.12e+01  -4.1 1.08e-03    -  1.00e+00 5.00e-01h  2
1433  1.9881479e-04 6.70e-07 7.12e+01  -4.1 7.15e-02    -  1.00e+00 7.81e-03h  8
1434  1.9996875e-04 7.27e-07 7.02e+01  -4.1 2.19e-03    -  1.00e+00 1.00e+00H  1
1435  1.9988249e-04 7.37e-07 7.02e+01  -4.1 1.46e-02    -  1.00e+00 3.12e-02h  6
1436  1.9979495e-04 6.88e-07 7.02e+01  -4.1 4.63e-02    -  1.00e+00 1.56e-02h  7
1437  1.9955257e-04 6.10e-07 7.02e+01  -4.1 2.07e-03    -  1.00e+00 2.50e-01h  3
1438  1.9952789e-04 1.14e-06 7.12e+01  -4.1 5.36e-01    -  1.00e+00 1.95e-03h 10
1439  1.9877632e-04 2.38e-06 7.02e+01  -4.1 1.74e-03    -  1.00e+00 1.00e+00h  1
iter    objective    inf_pr   inf_du lg(mu)  ||d||  lg(rg) alpha_du alpha_pr  ls
1440  1.9915028e-04 2.18e-07 7.12e+01  -4.1 4.55e-04    -  1.00e+00 1.00e+00h  1
1441  1.9914987e-04 7.41e-07 7.12e+01  -4.1 3.19e-03    -  1.00e+00 2.50e-01h  3
1442  1.9912276e-04 7.40e-07 7.02e+01  -4.1 1.25e-02    -  1.00e+00 6.25e-02h  5
1443  1.9876324e-04 1.50e-06 7.11e+01  -4.1 1.13e-03    -  1.00e+00 1.00e+00h  1
1444  1.9904526e-04 2.23e-07 7.02e+01  -4.1 5.25e-04    -  1.00e+00 1.00e+00h  1
1445  1.9894626e-04 7.87e-07 7.03e+01  -4.1 1.44e-03    -  1.00e+00 5.00e-01h  2
1446  1.9894596e-04 7.40e-07 7.03e+01  -4.1 6.30e-03    -  1.00e+00 6.25e-02h  5
1447  1.9892592e-04 5.18e-07 7.12e+01  -4.1 2.31e-03    -  1.00e+00 2.50e-01h  3
1448  1.9873528e-04 3.62e-06 7.10e+01  -4.1 2.20e-03    -  1.00e+00 1.00e+00h  1
1449  1.9871200e-04 3.37e-06 7.10e+01  -4.1 1.40e-02    -  1.00e+00 6.25e-02h  5
iter    objective    inf_pr   inf_du lg(mu)  ||d||  lg(rg) alpha_du alpha_pr  ls
1450  1.9869563e-04 2.03e-06 7.11e+01  -4.1 4.37e-03    -  1.00e+00 2.50e-01h  3
1451  1.9868146e-04 1.65e-06 7.11e+01  -4.1 8.85e-03    -  1.00e+00 6.25e-02h  5
1452  1.9858680e-04 2.04e-06 7.04e+01  -4.1 2.40e-02    -  1.00e+00 6.25e-02h  5
1453  1.9863725e-04 1.71e-06 7.03e+01  -4.1 3.96e-03    -  1.00e+00 2.50e-01h  3
1454  1.9863105e-04 1.71e-06 7.11e+01  -4.1 1.56e-01    -  1.00e+00 9.77e-04h 11
1455  1.9884969e-04 4.43e-07 7.12e+01  -4.1 2.17e-03    -  1.00e+00 1.00e+00h  1
1456  1.9895237e-04 9.04e-08 7.02e+01  -4.1 7.88e-04    -  1.00e+00 1.00e+00H  1
1457  1.9893489e-04 7.50e-08 7.03e+01  -4.1 1.00e-03    -  1.00e+00 2.50e-01h  3
1458  1.9893900e-04 7.85e-08 7.11e+01  -4.1 7.49e-04    -  1.00e+00 2.50e-01h  3
1459  1.9893945e-04 6.81e-08 7.11e+01  -4.1 2.97e-03    -  1.00e+00 6.25e-02h  5
iter    objective    inf_pr   inf_du lg(mu)  ||d||  lg(rg) alpha_du alpha_pr  ls
1460  1.9896122e-04 2.23e-08 7.10e+01  -4.1 1.54e-04    -  1.00e+00 1.00e+00h  1
1461  1.9896366e-04 1.89e-08 7.10e+01  -4.1 2.57e-04    -  1.00e+00 2.50e-01h  3
1462  1.9896299e-04 1.65e-08 7.04e+01  -4.1 2.27e-03    -  1.00e+00 6.25e-02h  5
1463  1.9896861e-04 1.16e-08 7.05e+01  -4.1 8.93e-04    -  1.00e+00 2.50e-01h  3
1464  1.9896767e-04 1.26e-08 7.05e+01  -4.1 1.73e-03    -  1.00e+00 1.56e-02h  7
1465  1.9897233e-04 5.53e-09 7.09e+01  -4.1 2.70e-04    -  1.00e+00 5.00e-01h  2
1466  1.9897435e-04 5.58e-09 7.09e+01  -4.1 9.65e-04    -  1.00e+00 1.25e-01h  4
1467  1.9895830e-04 1.88e-08 7.05e+01  -4.1 2.28e-03    -  1.00e+00 6.25e-02h  5
1468  1.9897976e-04 4.96e-09 7.06e+01  -4.1 9.89e-05    -  1.00e+00 1.00e+00h  1
1469  1.9897926e-04 4.95e-09 7.09e+01  -4.1 1.02e-01    -  1.00e+00 4.88e-04h 12
iter    objective    inf_pr   inf_du lg(mu)  ||d||  lg(rg) alpha_du alpha_pr  ls
1470  1.9896378e-04 1.93e-09 7.07e+01  -4.1 7.19e-05    -  1.00e+00 1.00e+00h  1
1471  1.9896673e-04 1.27e-09 7.07e+01  -4.1 3.67e-04    -  1.00e+00 6.25e-02h  5
1472  1.9896742e-04 1.08e-09 7.07e+01  -4.1 2.40e-03    -  1.00e+00 1.56e-02h  7
1473  1.9896635e-04 1.03e-09 7.07e+01  -4.1 8.49e-04    -  1.00e+00 3.12e-02h  6
1474  1.9896641e-04 9.58e-10 7.07e+01  -4.1 3.24e-03    -  1.00e+00 3.91e-03h  9
1475  1.9896912e-04 7.42e-10 7.07e+01  -4.1 2.09e-04    -  1.00e+00 1.25e-01h  4
1476  1.9903004e-04 1.32e-09 7.05e+01  -4.1 4.75e-04    -  1.00e+00 1.00e+00H  1
1477  1.9902930e-04 1.61e-09 7.05e+01  -4.1 7.14e-03    -  1.00e+00 7.81e-03h  8
1478  1.9884897e-04 1.32e-06 7.10e+01  -4.1 4.84e-02    -  1.00e+00 3.12e-02h  6
1479  1.9884458e-04 1.08e-06 7.10e+01  -4.1 1.45e-03    -  1.00e+00 5.00e-01h  2
iter    objective    inf_pr   inf_du lg(mu)  ||d||  lg(rg) alpha_du alpha_pr  ls
1480  1.9884704e-04 1.05e-06 7.10e+01  -4.1 8.99e-04    -  1.00e+00 3.12e-02h  6
1481  1.9884851e-04 1.01e-06 7.10e+01  -4.1 8.60e-04    -  1.00e+00 3.12e-02h  6
1482  1.9884418e-04 1.01e-06 7.04e+01  -4.1 1.38e+00    -  1.00e+00 1.53e-05h 17
1483  1.9890320e-04 4.58e-07 7.10e+01  -4.1 2.04e-03    -  1.00e+00 5.00e-01h  2
1484  1.9890508e-04 3.33e-07 7.11e+01  -4.1 2.00e-03    -  1.00e+00 2.50e-01h  3
1485  1.9889711e-04 3.37e-07 7.11e+01  -4.1 9.43e-02    -  1.00e+00 7.81e-03h  8
1486  1.9896020e-04 5.03e-08 7.03e+01  -4.1 5.58e-04    -  1.00e+00 1.00e+00h  1
1487  1.9892334e-04 2.34e-07 7.04e+01  -4.1 1.02e-03    -  1.00e+00 5.00e-01h  2
1488  1.9891227e-04 1.18e-07 7.04e+01  -4.1 6.39e-03    -  1.00e+00 6.25e-02h  5
1489  1.9891710e-04 1.15e-07 7.10e+01  -4.1 2.07e-03    -  1.00e+00 3.12e-02h  6
iter    objective    inf_pr   inf_du lg(mu)  ||d||  lg(rg) alpha_du alpha_pr  ls
1490  1.9892207e-04 1.03e-07 7.10e+01  -4.1 5.24e-04    -  1.00e+00 5.00e-01h  2
1491  1.9894487e-04 6.10e-08 7.04e+01  -4.1 2.24e-04    -  1.00e+00 5.00e-01h  2
1492  1.9893536e-04 1.41e-07 7.04e+01  -4.1 3.90e-02    -  1.00e+00 7.81e-03h  8
1493  1.9902450e-04 2.11e-08 7.05e+01  -4.1 4.26e-04    -  1.00e+00 1.00e+00H  1
1494  1.9901789e-04 2.52e-08 7.09e+01  -4.1 1.79e-03    -  1.00e+00 6.25e-02h  5
1495  1.9900601e-04 2.70e-08 7.09e+01  -4.1 1.37e-02    -  1.00e+00 7.81e-03h  8
1496  1.9900090e-04 3.29e-08 7.05e+01  -4.1 2.31e-02    -  1.00e+00 7.81e-03h  8
1497  1.9899040e-04 4.23e-08 7.05e+01  -4.1 7.03e-03    -  1.00e+00 1.56e-02h  7
1498  1.9898605e-04 3.76e-08 7.05e+01  -4.1 4.62e-04    -  1.00e+00 1.25e-01h  4
1499  1.9886285e-04 1.41e-06 7.04e+01  -4.1 1.32e-03    -  1.00e+00 1.00e+00h  1
iter    objective    inf_pr   inf_du lg(mu)  ||d||  lg(rg) alpha_du alpha_pr  ls
1500  1.9885008e-04 1.26e-06 7.05e+01  -4.1 1.20e-02    -  1.00e+00 6.25e-02h  5
1501  1.9884324e-04 1.39e-06 7.05e+01  -4.1 8.79e-02    -  1.00e+00 7.81e-03h  8
1502  1.9883559e-04 1.57e-06 7.06e+01  -4.1 9.01e-03    -  1.00e+00 1.25e-01h  4
1503  1.9884992e-04 1.38e-06 7.08e+01  -4.1 2.79e-03    -  1.00e+00 1.25e-01h  4
1504  1.9884281e-04 1.02e-06 7.06e+01  -4.1 1.79e-03    -  1.00e+00 2.50e-01h  3
1505  1.9882385e-04 1.01e-06 7.08e+01  -4.1 1.05e-01    -  1.00e+00 7.81e-03h  8
1506  1.9883058e-04 9.52e-07 7.08e+01  -4.1 3.60e-03    -  1.00e+00 6.25e-02h  5
1507  1.9884118e-04 9.11e-07 7.06e+01  -4.1 1.41e-02    -  1.00e+00 1.56e-02h  7
1508  1.9885304e-04 7.72e-07 7.06e+01  -4.1 2.94e-03    -  1.00e+00 1.25e-01h  4
1509  1.9884255e-04 6.97e-07 7.09e+01  -4.1 7.90e-03    -  1.00e+00 1.25e-01h  4
iter    objective    inf_pr   inf_du lg(mu)  ||d||  lg(rg) alpha_du alpha_pr  ls
1510  1.9884107e-04 6.87e-07 7.09e+01  -4.1 1.78e-02    -  1.00e+00 1.56e-02h  7
1511  1.9882990e-04 6.60e-07 7.05e+01  -4.1 1.92e-02    -  1.00e+00 3.12e-02h  6
1512  1.9889459e-04 4.94e-07 7.05e+01  -4.1 4.06e-03    -  1.00e+00 2.50e-01h  3
1513  1.9892318e-04 3.23e-07 7.11e+01  -4.1 2.35e-03    -  1.00e+00 5.00e-01h  2
1514  1.9891782e-04 3.03e-07 7.11e+01  -4.1 5.21e-03    -  1.00e+00 6.25e-02h  5
1515  1.9888677e-04 4.49e-07 7.11e+01  -4.1 1.28e-02    -  1.00e+00 6.25e-02h  5
1516  1.9888256e-04 4.37e-07 7.03e+01  -4.1 1.74e-01    -  1.00e+00 9.77e-04h 11
1517  1.9893245e-04 1.56e-07 7.11e+01  -4.1 4.95e-04    -  1.00e+00 1.00e+00h  1
1518  1.9892833e-04 1.50e-07 7.11e+01  -4.1 1.78e-02    -  1.00e+00 7.81e-03h  8
1519  1.9893616e-04 4.74e-08 7.04e+01  -4.1 2.76e-04    -  1.00e+00 1.00e+00h  1
iter    objective    inf_pr   inf_du lg(mu)  ||d||  lg(rg) alpha_du alpha_pr  ls
1520  1.9893623e-04 4.71e-08 7.04e+01  -4.1 6.08e-03    -  1.00e+00 7.81e-03h  8
1521  1.9893404e-04 6.79e-08 7.10e+01  -4.1 8.26e-03    -  1.00e+00 3.12e-02h  6
1522  1.9895375e-04 2.38e-08 7.04e+01  -4.1 2.29e-04    -  1.00e+00 1.00e+00h  1
1523  1.9895077e-04 5.08e-08 7.10e+01  -4.1 1.06e-03    -  1.00e+00 2.50e-01h  3
1524  1.9894622e-04 5.08e-08 7.08e+01  -4.1 6.34e-04    -  1.00e+00 1.00e+00h  1
1525  1.9896840e-04 6.62e-09 7.05e+01  -4.1 3.87e-04    -  1.00e+00 1.00e+00h  1
1526  1.9893473e-04 1.30e-08 7.08e+01  -4.1 1.97e-04    -  1.00e+00 1.00e+00h  1
1527  1.9896396e-04 6.94e-09 7.08e+01  -4.1 1.30e-04    -  1.00e+00 1.00e+00h  1
1528  1.9895922e-04 4.93e-09 7.08e+01  -4.1 2.73e-03    -  1.00e+00 3.12e-02h  6
1529  1.9895925e-04 4.90e-09 7.07e+01  -4.1 6.97e-04    -  1.00e+00 6.25e-02h  5
iter    objective    inf_pr   inf_du lg(mu)  ||d||  lg(rg) alpha_du alpha_pr  ls
1530  1.9895925e-04 4.90e-09 7.07e+01  -4.1 4.92e-03    -  1.00e+00 2.44e-04h 13
1531  1.9895587e-04 7.11e-09 7.07e+01  -4.1 5.49e-03    -  1.00e+00 1.56e-02h  7
1532  1.9895814e-04 5.57e-09 7.07e+01  -4.1 3.08e-04    -  1.00e+00 2.50e-01h  3
1533  1.9895445e-04 5.73e-09 7.07e+01  -4.1 1.10e-03    -  1.00e+00 1.25e-01h  4
1534  1.9896895e-04 4.40e-09 7.07e+01  -4.1 2.17e-04    -  1.00e+00 5.00e-01h  2
1535  1.9896734e-04 4.86e-09 7.07e+01  -4.1 9.24e-02    -  1.00e+00 9.77e-04h 11
1536  1.9896670e-04 5.28e-09 7.07e+01  -4.1 9.93e-02    -  1.00e+00 4.88e-04h 12
1537  1.9896077e-04 3.47e-09 7.08e+01  -4.1 2.14e-04    -  1.00e+00 1.00e+00h  1
1538  1.9896244e-04 3.51e-09 7.07e+01  -4.1 2.35e-04    -  1.00e+00 1.25e-01h  4
1539  1.9896280e-04 3.19e-09 7.07e+01  -4.1 1.64e-04    -  1.00e+00 1.25e-01h  4
iter    objective    inf_pr   inf_du lg(mu)  ||d||  lg(rg) alpha_du alpha_pr  ls
1540  1.9896243e-04 3.20e-09 7.07e+01  -4.1 1.13e-02    -  1.00e+00 1.95e-03h 10
1541  1.9896243e-04 3.20e-09 7.07e+01  -4.1 2.16e-03    -  1.00e+00 9.77e-04h 11
1542  1.9896304e-04 2.23e-09 7.07e+01  -4.1 3.17e-04    -  1.00e+00 1.25e-01h  4
1543  1.9896297e-04 2.23e-09 7.08e+01  -4.1 6.64e-03    -  1.00e+00 9.77e-04h 11
1544  1.9896288e-04 2.22e-09 7.08e+01  -4.1 4.50e-03    -  1.00e+00 1.95e-03h 10
1545  1.9896256e-04 2.34e-09 7.08e+01  -4.1 2.79e-03    -  1.00e+00 7.81e-03h  8
1546  1.9896254e-04 2.34e-09 7.07e+01  -4.1 2.26e+00    -  4.41e-01 2.52e-09h 28
1547  1.9895446e-04 1.72e-08 7.09e+01  -4.1 1.25e-04    -  1.00e+00 1.00e+00h  1
1548  1.9895450e-04 1.72e-08 7.09e+01  -4.1 3.37e-03    -  1.00e+00 1.95e-03h 10
1549  1.9895718e-04 1.56e-08 7.09e+01  -4.1 9.48e-04    -  1.00e+00 6.25e-02h  5
iter    objective    inf_pr   inf_du lg(mu)  ||d||  lg(rg) alpha_du alpha_pr  ls
1550  1.9895891e-04 1.01e-08 7.06e+01  -4.1 3.77e-04    -  1.00e+00 2.50e-01h  3
1551  1.9895908e-04 9.54e-09 7.09e+01  -4.1 1.26e-03    -  1.00e+00 6.25e-02h  5
1552  1.9895708e-04 1.25e-08 7.05e+01  -4.1 8.84e-04    -  1.00e+00 1.25e-01h  4
1553  1.9895707e-04 1.25e-08 7.09e+01  -4.1 6.30e-03    -  1.00e+00 1.49e-08h 27
1554  1.9895504e-04 8.73e-10 7.12e+01  -4.1 6.10e-06    -  1.00e+00 1.00e+00h  1
1555  1.9895504e-04 7.73e-10 7.10e+01  -4.1 1.62e-08    -  1.00e+00 1.00e+00h  1
1556  1.9897573e-04 9.78e-11 7.10e+01  -4.1 6.30e-05    -  1.00e+00 1.00e+00H  1
1557  1.9896427e-04 1.11e-09 7.04e+01  -4.1 3.04e-05    -  1.00e+00 1.00e+00h  1
1558  1.9896572e-04 5.28e-11 7.03e+01  -4.1 3.80e-06    -  1.00e+00 1.00e+00h  1
1559  1.9896825e-04 6.71e-11 7.11e+01  -4.1 9.25e-06    -  1.00e+00 1.00e+00h  1
iter    objective    inf_pr   inf_du lg(mu)  ||d||  lg(rg) alpha_du alpha_pr  ls
1560  1.9896928e-04 9.39e-11 7.12e+01  -4.1 1.25e-05    -  1.00e+00 1.00e+00h  1
1561  1.9897053e-04 9.81e-11 7.02e+01  -4.1 4.06e-05    -  1.00e+00 1.00e+00H  1
1562  1.9893489e-04 3.64e-08 7.13e+01  -4.1 2.71e-04    -  1.00e+00 1.00e+00h  1
1563  1.9894987e-04 2.86e-08 7.13e+01  -4.1 4.09e-04    -  1.00e+00 2.50e-01h  3
1564  1.9895414e-04 2.63e-08 7.11e+01  -4.1 5.94e-04    -  1.00e+00 1.25e-01h  4
1565  1.9895430e-04 2.62e-08 7.11e+01  -4.1 1.49e-04    -  1.00e+00 3.91e-03h  9
1566  1.9894891e-04 2.97e-08 7.11e+01  -4.1 1.05e-02    -  1.00e+00 7.81e-03h  8
1567  1.9894955e-04 2.95e-08 7.11e+01  -4.1 3.55e-04    -  1.00e+00 7.81e-03h  8
1568  1.9894934e-04 2.95e-08 7.03e+01  -4.1 2.18e-01    -  1.00e+00 2.38e-07h 23
1569  1.9893198e-04 2.75e-07 7.03e+01  -4.1 2.48e-02    -  1.00e+00 6.25e-02h  5
iter    objective    inf_pr   inf_du lg(mu)  ||d||  lg(rg) alpha_du alpha_pr  ls
1570  1.9893445e-04 2.68e-07 7.11e+01  -4.1 1.40e-03    -  1.00e+00 3.12e-02h  6
1571  1.9886085e-04 3.92e-07 7.10e+01  -4.1 1.22e-02    -  1.00e+00 1.25e-01h  4
1572  1.9889754e-04 1.99e-07 7.08e+01  -4.1 1.02e-03    -  1.00e+00 5.00e-01h  2
1573  1.9892873e-04 2.84e-08 7.09e+01  -4.1 3.42e-04    -  1.00e+00 1.00e+00h  1
1574  1.9894641e-04 2.92e-09 7.06e+01  -4.1 7.89e-05    -  1.00e+00 1.00e+00h  1
1575  1.9895182e-04 2.54e-09 7.09e+01  -4.1 3.82e-04    -  1.00e+00 1.25e-01h  4
1576  1.9895122e-04 1.29e-09 7.08e+01  -4.1 5.69e-05    -  1.00e+00 5.00e-01h  2
1577  1.9895062e-04 1.53e-09 7.08e+01  -4.1 6.00e-03    -  1.00e+00 3.91e-03h  9
1578  1.9895124e-04 1.43e-09 7.06e+01  -4.1 1.34e-04    -  1.00e+00 6.25e-02h  5
1579  1.9895160e-04 1.37e-09 7.06e+01  -4.1 6.20e-04    -  1.00e+00 3.12e-02h  6
iter    objective    inf_pr   inf_du lg(mu)  ||d||  lg(rg) alpha_du alpha_pr  ls
1580  1.9895122e-04 1.37e-09 7.06e+01  -4.1 4.57e-02    -  1.00e+00 2.44e-04h 13
1581  1.9895155e-04 1.32e-09 7.06e+01  -4.1 2.58e-04    -  1.00e+00 3.12e-02h  6
1582  1.9895273e-04 9.43e-10 7.06e+01  -4.1 1.47e-04    -  1.00e+00 1.25e-01h  4
1583  1.9894611e-04 1.22e-08 7.07e+01  -4.1 4.71e-04    -  1.00e+00 2.50e-01h  3
1584  1.9894631e-04 1.21e-08 7.07e+01  -4.1 1.89e-04    -  1.00e+00 7.81e-03h  8
1585  1.9894638e-04 1.21e-08 7.07e+01  -4.1 3.67e-04    -  1.00e+00 3.91e-03h  9
1586  1.9894639e-04 1.21e-08 7.07e+01  -4.1 1.98e-03    -  1.00e+00 9.77e-04h 11
1587  1.9894622e-04 1.18e-08 7.07e+01  -4.1 1.72e-03    -  1.00e+00 7.81e-03h  8
1588  1.9894631e-04 1.17e-08 7.07e+01  -4.1 1.30e-03    -  1.00e+00 7.81e-03h  8
1589  1.9901046e-04 8.76e-09 7.08e+01  -4.1 7.04e-04    -  1.00e+00 1.00e+00H  1
iter    objective    inf_pr   inf_du lg(mu)  ||d||  lg(rg) alpha_du alpha_pr  ls
1590  1.9901031e-04 8.74e-09 7.08e+01  -4.1 1.61e-02    -  1.00e+00 9.77e-04h 11
1591  1.9900950e-04 8.75e-09 7.08e+01  -4.1 2.83e-01    -  1.00e+00 3.05e-05h 16
1592  1.9900895e-04 8.75e-09 7.08e+01  -4.1 2.78e-03    -  1.00e+00 1.95e-03h 10
1593  1.9891386e-04 4.26e-07 7.06e+01  -4.1 1.52e-03    -  1.00e+00 1.00e+00h  1
1594  1.9891408e-04 8.30e-07 7.05e+01  -4.1 1.16e-03    -  1.00e+00 1.00e+00h  1
1595  1.9891408e-04 8.30e-07 7.09e+01  -4.1 2.06e-02    -  1.00e+00 3.05e-05h 16
1596  1.9891412e-04 8.28e-07 7.09e+01  -4.1 5.69e-04    -  1.00e+00 1.95e-03h 10
1597  1.9890027e-04 1.30e-06 7.05e+01  -4.1 1.82e-01    -  1.00e+00 7.81e-03h  8
1598  1.9889586e-04 1.20e-06 7.05e+01  -4.1 4.38e-03    -  1.00e+00 1.25e-01h  4
1599  1.9891305e-04 5.45e-07 7.04e+01  -4.1 3.83e-03    -  1.00e+00 5.00e-01h  2
iter    objective    inf_pr   inf_du lg(mu)  ||d||  lg(rg) alpha_du alpha_pr  ls
1600  1.9891070e-04 5.27e-07 7.04e+01  -4.1 1.00e-02    -  1.00e+00 3.12e-02h  6
1601  1.9889005e-04 2.74e-07 7.03e+01  -4.1 1.98e-03    -  1.00e+00 5.00e-01h  2
1602  1.9889005e-04 2.74e-07 7.11e+01  -4.1 2.44e-01    -  1.00e+00 4.77e-07h 22
1603  1.9892450e-04 8.67e-09 7.05e+01  -4.1 3.64e-04    -  1.00e+00 1.00e+00h  1
1604  1.9892481e-04 8.42e-09 7.05e+01  -4.1 3.35e-03    -  1.00e+00 1.56e-02h  7
1605  1.9892330e-04 9.31e-09 7.09e+01  -4.1 2.16e-03    -  1.00e+00 1.25e-01h  4
1606  1.9892395e-04 8.97e-09 7.09e+01  -4.1 8.49e-04    -  1.00e+00 6.25e-02h  5
1607  1.9896915e-04 1.72e-08 7.05e+01  -4.1 3.77e-04    -  1.00e+00 1.00e+00H  1
1608  1.9895853e-04 9.12e-09 7.06e+01  -4.1 1.07e-03    -  1.00e+00 1.25e-01h  4
1609  1.9895895e-04 8.77e-09 7.08e+01  -4.1 2.78e-03    -  1.00e+00 3.12e-02h  6
iter    objective    inf_pr   inf_du lg(mu)  ||d||  lg(rg) alpha_du alpha_pr  ls
1610  1.9894688e-04 9.14e-09 7.09e+01  -4.1 1.57e-02    -  1.00e+00 3.12e-02h  6
1611  1.9889757e-04 4.00e-08 7.06e+01  -4.1 2.73e-04    -  1.00e+00 1.00e+00h  1
1612  1.9891200e-04 3.21e-08 7.08e+01  -4.1 1.68e-03    -  1.00e+00 2.50e-01h  3
1613  1.9891303e-04 3.15e-08 7.08e+01  -4.1 1.61e-03    -  1.00e+00 6.25e-02h  5
1614  1.9892086e-04 2.61e-08 7.07e+01  -4.1 4.97e-04    -  1.00e+00 1.25e-01h  4
1615  1.9891972e-04 2.63e-08 7.07e+01  -4.1 1.06e-03    -  1.00e+00 6.25e-02h  5
1616  1.9892019e-04 2.63e-08 7.07e+01  -4.1 8.74e-03    -  1.00e+00 3.91e-03h  9
1617  1.9892189e-04 2.54e-08 7.07e+01  -4.1 8.79e-04    -  1.00e+00 3.12e-02h  6
1618  1.9891878e-04 2.78e-08 7.07e+01  -4.1 1.12e-02    -  1.00e+00 7.81e-03h  8
1619  1.9892044e-04 2.75e-08 7.07e+01  -4.1 1.95e-03    -  1.00e+00 3.12e-02h  6
iter    objective    inf_pr   inf_du lg(mu)  ||d||  lg(rg) alpha_du alpha_pr  ls
1620  1.9892315e-04 2.59e-08 7.07e+01  -4.1 8.23e-04    -  1.00e+00 6.25e-02h  5
1621  1.9892305e-04 2.60e-08 7.07e+01  -4.1 5.25e-03    -  1.00e+00 1.56e-02h  7
1622  1.9892313e-04 2.59e-08 7.07e+01  -4.1 1.30e-03    -  1.00e+00 1.95e-03h 10
1623  1.9892191e-04 2.60e-08 7.07e+01  -4.1 5.05e-02    -  1.00e+00 3.91e-03h  9
1624  1.9898344e-04 1.04e-09 7.05e+01  -4.1 4.33e-04    -  1.00e+00 1.00e+00H  1
1625  1.9898241e-04 6.52e-09 7.05e+01  -4.1 1.77e-02    -  1.00e+00 3.91e-03h  9
1626  1.9897430e-04 9.16e-09 7.05e+01  -4.1 9.35e-04    -  1.00e+00 1.25e-01h  4
1627  1.9896484e-04 1.10e-08 7.05e+01  -4.1 4.89e-02    -  1.00e+00 1.95e-03h 10
1628  1.9896500e-04 1.13e-08 7.09e+01  -4.1 7.51e-02    -  1.00e+00 1.95e-03h 10
1629  1.9896335e-04 1.14e-08 7.09e+01  -4.1 1.54e-02    -  1.00e+00 7.81e-03h  8
iter    objective    inf_pr   inf_du lg(mu)  ||d||  lg(rg) alpha_du alpha_pr  ls
1630  1.9893883e-04 2.47e-08 7.06e+01  -4.1 3.24e-04    -  1.00e+00 5.00e-01h  2
1631  1.9893489e-04 2.62e-08 7.09e+01  -4.1 2.53e-02    -  1.00e+00 3.91e-03h  9
1632  1.9893893e-04 2.50e-08 7.09e+01  -4.1 3.52e-04    -  1.00e+00 2.50e-01h  3
1633  1.9896676e-04 4.07e-09 7.07e+01  -4.1 4.17e-04    -  1.00e+00 1.00e+00H  1
1634  1.9896435e-04 5.96e-09 7.07e+01  -4.1 2.11e-03    -  1.00e+00 3.12e-02h  6
1635  1.9894794e-04 7.34e-09 7.07e+01  -4.1 4.73e-04    -  1.00e+00 5.00e-01h  2
1636  1.9894246e-04 1.94e-08 7.08e+01  -4.1 3.14e-02    -  1.00e+00 3.91e-03h  9
1637  1.9894108e-04 1.78e-08 7.07e+01  -4.1 3.58e-03    -  1.00e+00 6.25e-02h  5
1638  1.9894150e-04 1.77e-08 7.07e+01  -4.1 3.21e-03    -  1.00e+00 1.56e-02h  7
1639  1.9893857e-04 2.40e-08 7.07e+01  -4.1 4.28e-02    -  1.00e+00 7.81e-03h  8
iter    objective    inf_pr   inf_du lg(mu)  ||d||  lg(rg) alpha_du alpha_pr  ls
1640  1.9894065e-04 2.26e-08 7.07e+01  -4.1 3.69e-04    -  1.00e+00 6.25e-02h  5
1641  1.9894062e-04 2.30e-08 7.08e+01  -4.1 1.92e-03    -  1.00e+00 1.56e-02h  7
1642  1.9893976e-04 2.30e-08 7.08e+01  -4.1 5.94e-03    -  1.00e+00 7.81e-03h  8
1643  1.9894085e-04 2.12e-08 7.08e+01  -4.1 2.91e-04    -  1.00e+00 1.25e-01h  4
1644  1.9894100e-04 2.11e-08 7.08e+01  -4.1 2.31e-03    -  1.00e+00 3.91e-03h  9
1645  1.9894386e-04 1.85e-08 7.08e+01  -4.1 8.25e-04    -  1.00e+00 1.25e-01h  4
1646  1.9894232e-04 1.85e-08 7.08e+01  -4.1 5.08e-03    -  1.00e+00 1.56e-02h  7
1647  1.9894238e-04 1.84e-08 7.08e+01  -4.1 1.89e-03    -  1.00e+00 7.81e-03h  8
1648  1.9894238e-04 1.84e-08 7.06e+01  -4.1 2.12e+00    -  8.36e-01 1.60e-09h 29
1649  1.9895277e-04 9.80e-10 7.07e+01  -4.1 1.56e-04    -  1.00e+00 1.00e+00h  1
iter    objective    inf_pr   inf_du lg(mu)  ||d||  lg(rg) alpha_du alpha_pr  ls
1650  1.9895169e-04 2.99e-09 7.07e+01  -4.1 9.43e-03    -  1.00e+00 1.56e-02h  7
1651  1.9895170e-04 2.99e-09 7.07e+01  -4.1 8.07e-03    -  1.00e+00 2.44e-04h 13
1652  1.9893882e-04 8.56e-08 7.04e+01  -4.1 1.43e-03    -  1.00e+00 1.00e+00h  1
1653  1.9892133e-04 6.74e-08 7.05e+01  -4.1 1.96e-03    -  1.00e+00 5.00e-01h  2
1654  1.9885916e-04 7.75e-07 7.00e+01  -4.1 2.91e-03    -  1.00e+00 1.00e+00h  1
1655  1.9872698e-04 6.33e-07 7.14e+01  -4.1 3.39e-02    -  1.00e+00 1.25e-01h  4
1656  1.9872438e-04 5.58e-07 7.01e+01  -4.1 2.08e-03    -  1.00e+00 1.25e-01h  4
1657  1.9870001e-04 5.21e-07 7.13e+01  -4.1 9.62e-02    -  1.00e+00 7.81e-03h  8
1658  1.9867693e-04 4.03e-07 7.13e+01  -4.1 8.96e-03    -  1.00e+00 1.25e-01h  4
1659  1.9878840e-04 5.97e-07 7.02e+01  -4.1 1.01e-03    -  1.00e+00 1.00e+00h  1
iter    objective    inf_pr   inf_du lg(mu)  ||d||  lg(rg) alpha_du alpha_pr  ls
1660  1.9884980e-04 3.75e-07 7.02e+01  -4.1 2.10e-03    -  1.00e+00 5.00e-01h  2
1661  1.9878626e-04 3.64e-07 7.02e+01  -4.1 8.48e-02    -  1.00e+00 7.81e-03h  8
1662  1.9881603e-04 1.84e-07 7.02e+01  -4.1 1.21e-03    -  1.00e+00 5.00e-01h  2
1663  1.9881009e-04 1.81e-07 7.12e+01  -4.1 1.74e-02    -  1.00e+00 1.56e-02h  7
1664  1.9881073e-04 1.69e-07 7.12e+01  -4.1 1.71e-03    -  1.00e+00 1.25e-01h  4
1665  1.9880969e-04 1.66e-07 7.12e+01  -4.1 4.39e-03    -  1.00e+00 6.25e-02h  5
1666  1.9884764e-04 7.83e-08 7.12e+01  -4.1 5.56e-04    -  1.00e+00 5.00e-01h  2
1667  1.9884697e-04 7.97e-08 7.03e+01  -4.1 4.17e-02    -  1.00e+00 3.91e-03h  9
1668  1.9885069e-04 6.96e-08 7.03e+01  -4.1 1.11e-03    -  1.00e+00 1.25e-01h  4
1669  1.9884759e-04 6.82e-08 7.03e+01  -4.1 1.26e-02    -  1.00e+00 1.56e-02h  7
iter    objective    inf_pr   inf_du lg(mu)  ||d||  lg(rg) alpha_du alpha_pr  ls
1670  1.9885989e-04 7.23e-08 7.03e+01  -4.1 3.00e-03    -  1.00e+00 1.25e-01h  4
1671  1.9885518e-04 7.10e-08 7.03e+01  -4.1 1.18e-02    -  1.00e+00 1.56e-02h  7
1672  1.9890620e-04 5.88e-08 7.11e+01  -4.1 4.14e-04    -  1.00e+00 1.00e+00h  1
1673  1.9892570e-04 3.24e-08 7.04e+01  -4.1 3.98e-04    -  1.00e+00 1.00e+00h  1
1674  1.9892458e-04 4.85e-08 7.04e+01  -4.1 8.23e-04    -  1.00e+00 5.00e-01h  2
1675  1.9891624e-04 3.08e-08 7.09e+01  -4.1 1.05e-03    -  1.00e+00 2.50e-01h  3
1676  1.9890520e-04 6.23e-08 7.09e+01  -4.1 2.69e-04    -  1.00e+00 1.00e+00h  1
1677  1.9893707e-04 4.27e-08 7.05e+01  -4.1 8.10e-04    -  1.00e+00 5.00e-01h  2
1678  1.9893194e-04 5.70e-08 7.05e+01  -4.1 2.77e-04    -  1.00e+00 1.00e+00h  1
1679  1.9892941e-04 5.43e-08 7.05e+01  -4.1 2.10e-03    -  1.00e+00 3.12e-02h  6
iter    objective    inf_pr   inf_du lg(mu)  ||d||  lg(rg) alpha_du alpha_pr  ls
1680  1.9892886e-04 5.35e-08 7.09e+01  -4.1 9.32e-03    -  1.00e+00 3.91e-03h  9
1681  1.9892332e-04 4.48e-08 7.09e+01  -4.1 1.02e-03    -  1.00e+00 1.25e-01h  4
1682  1.9893072e-04 3.59e-08 7.06e+01  -4.1 1.44e-03    -  1.00e+00 2.50e-01h  3
1683  1.9892376e-04 3.02e-08 7.06e+01  -4.1 3.98e-04    -  1.00e+00 2.50e-01h  3
1684  1.9892096e-04 3.14e-08 7.06e+01  -4.1 2.25e-02    -  1.00e+00 7.81e-03h  8
1685  1.9893361e-04 1.38e-08 7.05e+01  -4.1 5.47e-04    -  1.00e+00 5.00e-01h  2
1686  1.9890370e-04 6.83e-08 7.07e+01  -4.1 3.55e-04    -  1.00e+00 1.00e+00h  1
1687  1.9890490e-04 6.66e-08 7.07e+01  -4.1 1.27e-03    -  1.00e+00 3.12e-02h  6
1688  1.9889863e-04 6.77e-08 7.08e+01  -4.1 1.48e-02    -  1.00e+00 7.81e-03h  8
1689  1.9890373e-04 6.29e-08 7.07e+01  -4.1 1.81e-03    -  1.00e+00 6.25e-02h  5
iter    objective    inf_pr   inf_du lg(mu)  ||d||  lg(rg) alpha_du alpha_pr  ls
1690  1.9889418e-04 7.98e-08 7.07e+01  -4.1 1.21e-02    -  1.00e+00 1.56e-02h  7
1691  1.9889437e-04 7.87e-08 7.07e+01  -4.1 2.64e-03    -  1.00e+00 6.25e-02h  5
1692  1.9889378e-04 7.67e-08 7.07e+01  -4.1 3.51e-03    -  1.00e+00 6.25e-02h  5
1693  1.9889146e-04 7.90e-08 7.07e+01  -4.1 1.94e-02    -  1.00e+00 7.81e-03h  8
1694  1.9889045e-04 7.43e-08 7.07e+01  -4.1 7.77e-03    -  1.00e+00 3.12e-02h  6
1695  1.9888872e-04 7.42e-08 7.07e+01  -4.1 1.67e-01    -  1.00e+00 9.77e-04h 11
1696  1.9888819e-04 7.42e-08 7.07e+01  -4.1 4.70e+01    -  1.42e-02 2.94e-09h 26
1697  1.9889022e-04 7.18e-08 7.07e+01  -4.1 8.43e-04    -  1.00e+00 3.12e-02h  6
1698  1.9888933e-04 7.18e-08 7.07e+01  -4.1 7.18e-02    -  1.00e+00 9.77e-04h 11
1699  1.9888888e-04 7.18e-08 7.07e+01  -4.1 1.97e-01    -  1.00e+00 2.44e-04h 13
iter    objective    inf_pr   inf_du lg(mu)  ||d||  lg(rg) alpha_du alpha_pr  ls
1700  1.9888691e-04 7.21e-08 7.07e+01  -4.1 2.59e-01    -  1.00e+00 4.88e-04h 12
1701  1.9888626e-04 7.21e-08 7.07e+01  -4.1 1.31e-01    -  1.00e+00 4.88e-04h 12
1702  1.9888336e-04 8.78e-08 7.07e+01  -4.1 5.02e-02    -  1.00e+00 1.56e-02h  7
1703  1.9888046e-04 8.45e-08 7.07e+01  -4.1 4.29e-02    -  1.00e+00 7.81e-03h  8
1704  1.9888000e-04 8.06e-08 7.07e+01  -4.1 8.93e-03    -  1.00e+00 1.56e-02h  7
1705  1.9887975e-04 8.09e-08 7.07e+01  -4.1 5.39e-02    -  1.00e+00 9.77e-04h 11
1706  1.9887769e-04 7.69e-08 7.08e+01  -4.1 1.55e-02    -  1.00e+00 3.12e-02h  6
1707  1.9887759e-04 8.21e-08 7.07e+01  -4.1 1.01e-02    -  1.00e+00 3.12e-02h  6
1708  1.9887536e-04 9.56e-08 7.07e+01  -4.1 1.55e-02    -  1.00e+00 3.12e-02h  6
1709  1.9887536e-04 9.56e-08 7.08e+01  -4.1 1.30e-02    -  1.00e+00 3.73e-09h 29
iter    objective    inf_pr   inf_du lg(mu)  ||d||  lg(rg) alpha_du alpha_pr  ls
1710  1.9885052e-04 5.94e-08 7.38e+01  -4.1 7.93e-05    -  1.00e+00 1.00e+00h  1
1711  1.9887463e-04 5.96e-08 7.14e+01  -4.1 7.86e-05    -  1.00e+00 1.00e+00h  1
1712  1.9891159e-04 1.10e-08 7.14e+01  -4.1 1.18e-04    -  1.00e+00 1.00e+00h  1
1713  1.9891523e-04 1.38e-10 7.00e+01  -4.1 1.00e-05    -  1.00e+00 1.00e+00h  1
1714  1.9892700e-04 2.57e-10 7.15e+01  -4.1 6.91e-05    -  1.00e+00 1.00e+00H  1
1715  1.9892776e-04 2.25e-10 7.15e+01  -4.1 1.70e-04    -  1.00e+00 1.25e-01h  4
1716  1.9892435e-04 1.27e-09 7.00e+01  -4.1 1.12e-02    -  1.00e+00 3.91e-03h  9
1717  1.9892298e-04 5.55e-11 6.99e+01  -4.1 1.67e-05    -  1.00e+00 1.00e+00h  1
1718  1.9892904e-04 2.87e-10 7.15e+01  -4.1 8.24e-05    -  1.00e+00 1.00e+00H  1
1719  1.9891040e-04 1.93e-08 7.15e+01  -4.1 1.42e-04    -  1.00e+00 1.00e+00h  1
iter    objective    inf_pr   inf_du lg(mu)  ||d||  lg(rg) alpha_du alpha_pr  ls
1720  1.9891047e-04 1.93e-08 7.15e+01  -4.1 4.79e-03    -  1.00e+00 4.88e-04h 12
1721  1.9891053e-04 1.93e-08 7.15e+01  -4.1 8.23e-03    -  1.00e+00 4.88e-04h 12
1722  1.9891093e-04 1.93e-08 7.15e+01  -4.1 2.77e-03    -  1.00e+00 3.91e-03h  9
1723  1.9891014e-04 1.88e-08 6.99e+01  -4.1 3.64e-02    -  1.00e+00 1.95e-03h 10
1724  1.9891030e-04 1.88e-08 6.99e+01  -4.1 1.37e-03    -  1.00e+00 9.77e-04h 11
1725  1.9891030e-04 1.88e-08 6.99e+01  -4.1 1.80e-02    -  1.00e+00 2.44e-04h 13
1726  1.9890920e-04 2.04e-08 7.15e+01  -4.1 8.49e-03    -  1.00e+00 7.81e-03h  8
1727  1.9890971e-04 2.03e-08 7.15e+01  -4.1 3.97e-03    -  1.00e+00 3.91e-03h  9
1728  1.9891006e-04 2.01e-08 7.15e+01  -4.1 6.05e-04    -  1.00e+00 7.81e-03h  8
1729  1.9891015e-04 2.00e-08 7.15e+01  -4.1 2.45e-04    -  1.00e+00 7.81e-03h  8
iter    objective    inf_pr   inf_du lg(mu)  ||d||  lg(rg) alpha_du alpha_pr  ls
1730  1.9891015e-04 2.00e-08 7.15e+01  -4.1 6.68e-03    -  1.00e+00 6.10e-05h 15
1731  1.9891015e-04 2.00e-08 7.15e+01  -4.1 7.93e-03    -  1.00e+00 4.88e-04h 12
1732  1.9891271e-04 2.02e-08 7.15e+01  -4.1 2.08e-03    -  1.00e+00 1.56e-02h  7
1733  1.9942655e-04 2.02e-08 6.99e+01  -4.1 1.92e-02    -  1.00e+00 2.44e-04h 13
1734  1.9941824e-04 1.91e-08 7.00e+01  -4.1 8.70e-04    -  1.00e+00 6.25e-02h  5
1735  1.9937805e-04 1.92e-08 7.00e+01  -4.1 1.96e+00    -  8.86e-01 1.35e-05h 17
1736  1.9935886e-04 1.93e-08 7.00e+01  -4.1 2.58e-02    -  1.00e+00 4.88e-04h 12
1737  1.9931706e-04 1.95e-08 7.00e+01  -4.1 4.50e-02    -  1.00e+00 2.44e-04h 13
1738  1.9899434e-04 1.96e-08 7.15e+01  -4.1 5.48e-02    -  1.00e+00 9.77e-04h 11
1739  1.9908024e-04 1.54e-09 6.99e+01  -4.1 4.62e-05    -  1.00e+00 1.00e+00h  1
iter    objective    inf_pr   inf_du lg(mu)  ||d||  lg(rg) alpha_du alpha_pr  ls
1740  1.9907909e-04 6.20e-09 6.99e+01  -4.1 6.09e-03    -  1.00e+00 3.12e-02h  6
1741  1.9900002e-04 6.21e-09 7.15e+01  -4.1 1.51e+00    -  5.22e-01 1.56e-05h 16
1742  1.9896057e-04 4.80e-09 6.99e+01  -4.1 1.70e-04    -  1.00e+00 1.00e+00h  1
1743  1.9894707e-04 3.64e-09 7.15e+01  -4.1 6.75e-05    -  1.00e+00 1.00e+00h  1
1744  1.9891637e-04 5.60e-09 6.99e+01  -4.1 8.60e-05    -  1.00e+00 1.00e+00h  1
1745  1.9891590e-04 1.34e-08 6.99e+01  -4.1 4.11e-03    -  1.00e+00 3.12e-02h  6
1746  1.9891527e-04 1.24e-08 6.99e+01  -4.1 5.59e-04    -  1.00e+00 6.25e-02h  5
1747  1.9891551e-04 1.08e-08 6.99e+01  -4.1 4.02e-04    -  1.00e+00 1.25e-01h  4
1748  1.9891386e-04 1.08e-08 7.15e+01  -4.1 7.08e-03    -  1.00e+00 3.91e-03h  9
1749  1.9891400e-04 1.08e-08 6.99e+01  -4.1 7.56e-03    -  1.00e+00 9.77e-04h 11
iter    objective    inf_pr   inf_du lg(mu)  ||d||  lg(rg) alpha_du alpha_pr  ls
1750  1.9891428e-04 1.07e-08 6.99e+01  -4.1 2.95e-03    -  1.00e+00 3.91e-03h  9
1751  1.9891423e-04 1.08e-08 6.99e+01  -4.1 2.08e-02    -  1.00e+00 2.44e-04h 13
1752  1.9891303e-04 1.15e-08 6.99e+01  -4.1 1.40e-02    -  1.00e+00 3.91e-03h  9
1753  1.9891347e-04 1.15e-08 7.15e+01  -4.1 1.57e-03    -  1.00e+00 1.95e-03h 10
1754  1.9891378e-04 1.14e-08 7.15e+01  -4.1 6.52e-04    -  1.00e+00 3.91e-03h  9
1755  1.9891376e-04 1.15e-08 7.15e+01  -4.1 7.31e-04    -  1.00e+00 3.12e-02h  6
1756  1.9891375e-04 1.15e-08 7.15e+01  -4.1 1.08e-02    -  1.00e+00 9.77e-04h 11
1757  1.9891382e-04 1.15e-08 7.15e+01  -4.1 2.70e-03    -  1.00e+00 4.88e-04h 12
1758  1.9891373e-04 1.15e-08 7.15e+01  -4.1 1.93e-02    -  1.00e+00 4.88e-04h 12
1759  1.9891374e-04 1.15e-08 7.15e+01  -4.1 1.59e-03    -  1.00e+00 9.77e-04h 11
iter    objective    inf_pr   inf_du lg(mu)  ||d||  lg(rg) alpha_du alpha_pr  ls
1760  1.9891373e-04 1.15e-08 6.99e+01  -4.1 1.75e-02    -  1.00e+00 2.98e-08h 26
1761  1.9891549e-04 8.75e-09 6.99e+01  -4.1 1.27e-04    -  1.00e+00 5.00e-01h  2
1762  1.9891608e-04 8.71e-09 7.00e+01  -4.1 1.30e-03    -  1.00e+00 3.91e-03h  9
1763  1.9891410e-04 8.29e-09 6.99e+01  -4.1 9.94e-03    -  1.00e+00 3.12e-02h  6
1764  1.9891490e-04 8.03e-09 6.99e+01  -4.1 3.88e-04    -  1.00e+00 3.12e-02h  6
1765  1.9891467e-04 7.13e-09 7.15e+01  -4.1 1.19e-03    -  1.00e+00 1.25e-01h  4
1766  1.9891477e-04 7.10e-09 7.15e+01  -4.1 6.62e-04    -  1.00e+00 3.91e-03h  9
1767  1.9891484e-04 7.10e-09 6.99e+01  -4.1 1.59e-02    -  1.00e+00 2.44e-04h 13
1768  1.9891486e-04 7.10e-09 6.99e+01  -4.1 1.12e-02    -  1.00e+00 2.44e-04h 13
1769  1.9893617e-04 2.81e-10 7.00e+01  -4.1 9.35e-05    -  1.00e+00 1.00e+00H  1
iter    objective    inf_pr   inf_du lg(mu)  ||d||  lg(rg) alpha_du alpha_pr  ls
1770  1.9893270e-04 1.81e-09 7.00e+01  -4.1 7.68e-04    -  1.00e+00 1.25e-01h  4
1771  1.9890850e-04 1.12e-07 7.15e+01  -4.1 3.28e-04    -  1.00e+00 1.00e+00h  1
1772  1.9890855e-04 1.08e-07 7.15e+01  -4.1 3.15e-02    -  1.00e+00 7.81e-03h  8
1773  1.9890334e-04 1.30e-07 7.14e+01  -4.1 6.22e-03    -  1.00e+00 3.12e-02h  6
1774  1.9890828e-04 1.29e-07 7.00e+01  -4.1 2.96e-03    -  1.00e+00 7.81e-03h  8
1775  1.9890841e-04 1.29e-07 7.00e+01  -4.1 2.68e-03    -  1.00e+00 9.77e-04h 11
1776  1.9890311e-04 1.29e-07 7.00e+01  -4.1 8.49e-03    -  1.00e+00 7.81e-03h  8
1777  1.9890593e-04 1.26e-07 7.00e+01  -4.1 1.30e-03    -  1.00e+00 3.12e-02h  6
1778  1.9890611e-04 1.26e-07 7.14e+01  -4.1 1.68e-02    -  1.00e+00 1.95e-03h 10
1779  1.9890798e-04 1.18e-07 7.00e+01  -4.1 4.01e-04    -  1.00e+00 6.25e-02h  5
iter    objective    inf_pr   inf_du lg(mu)  ||d||  lg(rg) alpha_du alpha_pr  ls
1780  1.9890796e-04 1.17e-07 7.14e+01  -4.1 2.97e-02    -  1.00e+00 3.91e-03h  9
1781  1.9890825e-04 1.17e-07 7.14e+01  -4.1 1.01e-02    -  1.00e+00 3.91e-03h  9
1782  1.9890838e-04 1.17e-07 7.14e+01  -4.1 1.05e-02    -  1.00e+00 1.95e-03h 10
1783  1.9890817e-04 1.16e-07 7.14e+01  -4.1 2.76e-02    -  1.00e+00 1.95e-03h 10
1784  1.9890834e-04 1.16e-07 7.14e+01  -4.1 5.56e-03    -  1.00e+00 1.95e-03h 10
1785  1.9890845e-04 1.16e-07 7.14e+01  -4.1 1.95e-03    -  1.00e+00 1.95e-03h 10
1786  1.9891072e-04 1.12e-07 7.14e+01  -4.1 3.17e-03    -  1.00e+00 3.12e-02h  6
1787  1.9891009e-04 1.12e-07 7.00e+01  -4.1 1.06e+00    -  1.00e+00 2.38e-07h 23
1788  1.9891815e-04 5.23e-09 7.14e+01  -4.1 9.38e-05    -  1.00e+00 1.00e+00h  1
1789  1.9891503e-04 3.28e-08 7.14e+01  -4.1 9.69e-03    -  1.00e+00 3.12e-02h  6
iter    objective    inf_pr   inf_du lg(mu)  ||d||  lg(rg) alpha_du alpha_pr  ls
1790  1.9891701e-04 3.23e-08 7.14e+01  -4.1 1.17e-02    -  1.00e+00 1.56e-02h  7
1791  1.9891403e-04 4.24e-08 7.00e+01  -4.1 1.72e-02    -  1.00e+00 1.56e-02h  7
1792  1.9891400e-04 4.31e-08 7.00e+01  -4.1 1.57e-02    -  1.00e+00 3.91e-03h  9
1793  1.9891395e-04 4.63e-08 7.00e+01  -4.1 5.28e-03    -  1.00e+00 3.12e-02h  6
1794  1.9891322e-04 4.49e-08 7.00e+01  -4.1 6.54e-03    -  1.00e+00 3.12e-02h  6
1795  1.9891349e-04 4.52e-08 7.14e+01  -4.1 3.05e-03    -  1.00e+00 3.12e-02h  6
1796  1.9891387e-04 4.50e-08 7.14e+01  -4.1 2.65e-03    -  1.00e+00 3.91e-03h  9
1797  1.9891337e-04 4.52e-08 7.14e+01  -4.1 2.31e-03    -  1.00e+00 3.12e-02h  6
1798  1.9891198e-04 4.64e-08 7.14e+01  -4.1 2.65e-02    -  1.00e+00 7.81e-03h  8
1799  1.9891400e-04 4.06e-08 7.14e+01  -4.1 1.12e-04    -  1.00e+00 1.25e-01h  4
iter    objective    inf_pr   inf_du lg(mu)  ||d||  lg(rg) alpha_du alpha_pr  ls
1800  1.9890359e-04 5.98e-08 7.00e+01  -4.1 5.84e-02    -  1.00e+00 3.91e-03h  9
1801  1.9890429e-04 6.01e-08 7.00e+01  -4.1 7.21e-03    -  1.00e+00 7.81e-03h  8
1802  1.9890420e-04 6.02e-08 7.14e+01  -4.1 9.21e-03    -  1.00e+00 3.91e-03h  9
1803  1.9890673e-04 5.95e-08 7.14e+01  -4.1 3.83e-03    -  1.00e+00 1.56e-02h  7
1804  1.9890650e-04 5.96e-08 7.14e+01  -4.1 1.90e-02    -  1.00e+00 1.95e-03h 10
1805  1.9890667e-04 5.95e-08 7.14e+01  -4.1 5.46e-03    -  1.00e+00 1.95e-03h 10
1806  1.9891002e-04 4.45e-08 7.00e+01  -4.1 8.34e-04    -  1.00e+00 2.50e-01h  3
1807  1.9888580e-04 2.72e-07 7.00e+01  -4.1 6.84e-03    -  1.00e+00 1.25e-01h  4
1808  1.9889667e-04 2.83e-07 7.00e+01  -4.1 6.23e-03    -  1.00e+00 6.25e-02h  5
1809  1.9888947e-04 2.69e-07 7.01e+01  -4.1 3.45e-03    -  1.00e+00 6.25e-02h  5
iter    objective    inf_pr   inf_du lg(mu)  ||d||  lg(rg) alpha_du alpha_pr  ls
1810  1.9888805e-04 2.69e-07 7.13e+01  -4.1 2.34e+00    -  3.88e-01 2.18e-07h 22
1811  1.9888850e-04 2.66e-07 7.13e+01  -4.1 4.68e-03    -  1.00e+00 3.12e-02h  6
1812  1.9888330e-04 2.73e-07 7.01e+01  -4.1 2.01e-02    -  1.00e+00 1.56e-02h  7
1813  1.9887630e-04 2.63e-07 7.13e+01  -4.1 1.04e-02    -  1.00e+00 3.12e-02h  6
1814  1.9889696e-04 2.36e-07 7.02e+01  -4.1 5.63e-03    -  1.00e+00 1.25e-01h  4
1815  1.9890094e-04 2.23e-07 7.03e+01  -4.1 1.56e-03    -  1.00e+00 6.25e-02h  5
1816  1.9888817e-04 2.26e-07 7.03e+01  -4.1 1.15e-01    -  1.00e+00 1.95e-03h 10
1817  1.9888553e-04 2.27e-07 7.03e+01  -4.1 4.13e-02    -  1.00e+00 3.91e-03h  9
1818  1.9888013e-04 2.37e-07 7.03e+01  -4.1 6.19e-02    -  1.00e+00 3.91e-03h  9
1819  1.9888373e-04 2.37e-07 7.12e+01  -4.1 1.24e-01    -  1.00e+00 4.88e-04h 12
iter    objective    inf_pr   inf_du lg(mu)  ||d||  lg(rg) alpha_du alpha_pr  ls
1820  1.9888467e-04 2.35e-07 7.12e+01  -4.1 9.29e-03    -  1.00e+00 7.81e-03h  8
1821  1.9888524e-04 2.33e-07 7.11e+01  -4.1 9.14e-03    -  1.00e+00 1.56e-02h  7
1822  1.9889291e-04 2.36e-07 7.11e+01  -4.1 5.26e-03    -  1.00e+00 6.25e-02h  5
1823  1.9888817e-04 2.26e-07 7.10e+01  -4.1 5.71e-03    -  1.00e+00 1.25e-01h  4
1824  1.9889936e-04 2.15e-07 7.10e+01  -4.1 9.94e-04    -  1.00e+00 1.25e-01h  4
1825  1.9889770e-04 1.18e-07 7.04e+01  -4.1 1.09e-03    -  1.00e+00 5.00e-01h  2
1826  1.9889888e-04 1.19e-07 7.04e+01  -4.1 2.69e-02    -  1.00e+00 7.81e-03h  8
1827  1.9890584e-04 5.98e-08 7.11e+01  -4.1 5.13e-04    -  1.00e+00 5.00e-01h  2
1828  1.9891233e-04 2.95e-08 7.10e+01  -4.1 2.36e-04    -  1.00e+00 5.00e-01h  2
1829  1.9891009e-04 1.49e-08 7.04e+01  -4.1 6.99e-04    -  1.00e+00 5.00e-01h  2
iter    objective    inf_pr   inf_du lg(mu)  ||d||  lg(rg) alpha_du alpha_pr  ls
1830  1.9891463e-04 1.04e-08 7.06e+01  -4.1 1.28e-04    -  1.00e+00 1.00e+00h  1
1831  1.9891131e-04 1.63e-08 7.09e+01  -4.1 2.85e-04    -  1.00e+00 1.00e+00h  1
1832  1.9891045e-04 1.69e-08 7.09e+01  -4.1 2.68e-02    -  1.00e+00 3.91e-03h  9
1833  1.9890754e-04 4.53e-08 7.05e+01  -4.1 1.67e-02    -  1.00e+00 3.12e-02h  6
1834  1.9890883e-04 4.44e-08 7.05e+01  -4.1 2.68e-03    -  1.00e+00 3.12e-02h  6
1835  1.9890018e-04 6.23e-08 7.09e+01  -4.1 2.03e-01    -  1.00e+00 1.95e-03h 10
1836  1.9889913e-04 6.34e-08 7.09e+01  -4.1 5.07e-02    -  1.00e+00 3.91e-03h  9
1837  1.9890410e-04 5.69e-08 7.09e+01  -4.1 8.59e-04    -  1.00e+00 1.25e-01h  4
1838  1.9890507e-04 5.60e-08 7.05e+01  -4.1 3.10e-03    -  1.00e+00 3.12e-02h  6
1839  1.9890499e-04 5.59e-08 7.06e+01  -4.1 6.83e-03    -  1.00e+00 1.56e-02h  7
iter    objective    inf_pr   inf_du lg(mu)  ||d||  lg(rg) alpha_du alpha_pr  ls
1840  1.9890690e-04 5.52e-08 7.06e+01  -4.1 5.50e-03    -  1.00e+00 3.12e-02h  6
1841  1.9889264e-04 8.41e-08 7.09e+01  -4.1 7.58e-02    -  1.00e+00 7.81e-03h  8
1842  1.9889290e-04 8.38e-08 7.09e+01  -4.1 4.68e-03    -  1.00e+00 7.81e-03h  8
1843  1.9888150e-04 1.66e-07 7.05e+01  -4.1 4.02e-02    -  1.00e+00 7.81e-03h  8
1844  1.9887938e-04 1.62e-07 7.06e+01  -4.1 1.73e-02    -  1.00e+00 3.12e-02h  6
1845  1.9887905e-04 1.62e-07 7.06e+01  -4.1 2.09e-02    -  1.00e+00 4.88e-04h 12
1846  1.9888930e-04 1.46e-07 7.08e+01  -4.1 1.20e-03    -  1.00e+00 1.25e-01h  4
1847  1.9889199e-04 1.37e-07 7.08e+01  -4.1 1.25e-03    -  1.00e+00 6.25e-02h  5
1848  1.9889254e-04 1.35e-07 7.08e+01  -4.1 3.22e-03    -  1.00e+00 1.56e-02h  7
1849  1.9889172e-04 1.37e-07 7.06e+01  -4.1 1.54e-02    -  1.00e+00 3.91e-03h  9
iter    objective    inf_pr   inf_du lg(mu)  ||d||  lg(rg) alpha_du alpha_pr  ls
1850  1.9889230e-04 1.33e-07 7.07e+01  -4.1 1.47e-03    -  1.00e+00 3.12e-02h  6
1851  1.9889249e-04 1.29e-07 7.07e+01  -4.1 6.14e-04    -  1.00e+00 3.12e-02h  6
1852  1.9889734e-04 8.89e-09 7.08e+01  -4.1 1.34e-04    -  1.00e+00 1.00e+00h  1
1853  1.9889754e-04 8.79e-09 7.08e+01  -4.1 2.45e-03    -  1.00e+00 7.81e-03h  8
1854  1.9889595e-04 3.02e-08 7.08e+01  -4.1 2.41e-02    -  1.00e+00 7.81e-03h  8
1855  1.9889667e-04 2.83e-08 7.06e+01  -4.1 9.64e-04    -  1.00e+00 6.25e-02h  5
1856  1.9889669e-04 2.82e-08 7.06e+01  -4.1 4.94e-03    -  1.00e+00 7.81e-03h  8
1857  1.9889628e-04 2.89e-08 7.08e+01  -4.1 8.00e-03    -  1.00e+00 3.91e-03h  9
1858  1.9889628e-04 2.89e-08 7.08e+01  -4.1 2.29e-03    -  1.00e+00 7.81e-03h  8
1859  1.9889705e-04 1.46e-08 7.06e+01  -4.1 3.07e-04    -  1.00e+00 5.00e-01h  2
iter    objective    inf_pr   inf_du lg(mu)  ||d||  lg(rg) alpha_du alpha_pr  ls
1860  1.9889695e-04 1.42e-08 7.06e+01  -4.1 4.59e-03    -  1.00e+00 1.56e-02h  7
1861  1.9888502e-04 6.02e-08 7.06e+01  -4.1 6.46e-02    -  1.00e+00 7.81e-03h  8
1862  1.9889273e-04 4.10e-08 7.06e+01  -4.1 1.49e-03    -  1.00e+00 2.50e-01h  3
1863  1.9889159e-04 4.19e-08 7.06e+01  -4.1 9.75e-02    -  1.00e+00 9.77e-04h 11
1864  1.9888858e-04 4.40e-08 7.08e+01  -4.1 7.18e-02    -  1.00e+00 1.95e-03h 10
1865  1.9888304e-04 5.57e-08 7.08e+01  -4.1 5.34e-03    -  1.00e+00 6.25e-02h  5
1866  1.9888444e-04 5.39e-08 7.08e+01  -4.1 2.00e-03    -  1.00e+00 6.25e-02h  5
1867  1.9888385e-04 5.39e-08 7.06e+01  -4.1 1.03e+01    -  3.68e-01 1.80e-07h 22
1868  1.9888401e-04 5.37e-08 7.06e+01  -4.1 6.77e-03    -  1.00e+00 3.91e-03h  9
1869  1.9888261e-04 7.27e-08 7.06e+01  -4.1 2.35e-02    -  1.00e+00 1.56e-02h  7
iter    objective    inf_pr   inf_du lg(mu)  ||d||  lg(rg) alpha_du alpha_pr  ls
1870  1.9888105e-04 6.77e-08 7.06e+01  -4.1 2.63e-02    -  1.00e+00 7.81e-03h  8
1871  1.9888076e-04 6.73e-08 7.06e+01  -4.1 1.88e-02    -  1.00e+00 3.91e-03h  9
1872  1.9888047e-04 6.73e-08 7.06e+01  -4.1 7.02e-02    -  1.00e+00 4.88e-04h 12
1873  1.9887979e-04 6.73e-08 7.08e+01  -4.1 8.15e-02    -  1.00e+00 4.88e-04h 12
1874  1.9887879e-04 7.01e-08 7.06e+01  -4.1 7.83e-02    -  1.00e+00 7.81e-03h  8
1875  1.9887783e-04 7.03e-08 7.08e+01  -4.1 5.95e-02    -  1.00e+00 3.91e-03h  9
1876  1.9887836e-04 6.92e-08 7.08e+01  -4.1 1.22e-03    -  1.00e+00 1.56e-02h  7
1877  1.9887827e-04 6.92e-08 7.06e+01  -4.1 7.18e-03    -  1.00e+00 1.19e-07h 24
1878  1.9885639e-04 2.96e-08 6.74e+01  -4.1 6.07e-05    -  1.00e+00 1.00e+00h  1
1879  1.9884274e-04 1.67e-08 7.00e+01  -4.1 3.84e-05    -  1.00e+00 1.00e+00h  1
iter    objective    inf_pr   inf_du lg(mu)  ||d||  lg(rg) alpha_du alpha_pr  ls
1880  1.9900009e-04 1.65e-08 7.08e+01  -4.1 2.83e-04    -  1.00e+00 1.00e+00H  1
1881  1.9889464e-04 2.80e-09 7.10e+01  -4.1 1.75e-04    -  1.00e+00 1.00e+00H  1
1882  1.9888709e-04 3.03e-08 7.07e+01  -4.1 1.71e-04    -  1.00e+00 1.00e+00h  1
1883  1.9889074e-04 1.28e-08 7.06e+01  -4.1 1.16e-04    -  1.00e+00 1.00e+00h  1
1884  1.9893650e-04 8.55e-10 7.08e+01  -4.1 1.39e-04    -  1.00e+00 1.00e+00H  1
1885  1.9879183e-04 3.36e-07 7.05e+01  -4.1 5.69e-04    -  1.00e+00 1.00e+00h  1
1886  1.9878548e-04 3.31e-07 7.05e+01  -4.1 8.68e-02    -  1.00e+00 7.81e-03h  8
1887  1.9877516e-04 1.56e-07 7.05e+01  -4.1 4.84e-04    -  1.00e+00 5.00e-01h  2
1888  1.9877234e-04 1.52e-07 7.05e+01  -4.1 1.65e-03    -  1.00e+00 6.25e-02h  5
1889  1.9881987e-04 1.36e-07 7.10e+01  -4.1 1.93e-03    -  1.00e+00 1.25e-01h  4
iter    objective    inf_pr   inf_du lg(mu)  ||d||  lg(rg) alpha_du alpha_pr  ls
1890  1.9885194e-04 6.56e-08 7.10e+01  -4.1 4.81e-04    -  1.00e+00 5.00e-01h  2
1891  1.9885115e-04 7.48e-08 7.10e+01  -4.1 2.93e-02    -  1.00e+00 7.81e-03h  8
1892  1.9884117e-04 7.37e-08 7.10e+01  -4.1 2.19e-03    -  1.00e+00 6.25e-02h  5
1893  1.9883208e-04 7.09e-08 7.10e+01  -4.1 8.29e-04    -  1.00e+00 1.25e-01h  4
1894  1.9882314e-04 7.14e-08 7.10e+01  -4.1 1.40e-02    -  1.00e+00 1.56e-02h  7
1895  1.9882285e-04 7.72e-08 7.04e+01  -4.1 1.20e-03    -  1.00e+00 1.25e-01h  4
1896  1.9881780e-04 9.02e-08 7.04e+01  -4.1 2.65e-03    -  1.00e+00 6.25e-02h  5
1897  1.9884500e-04 3.96e-08 7.11e+01  -4.1 5.91e-04    -  1.00e+00 5.00e-01h  2
1898  1.9886031e-04 1.86e-08 7.11e+01  -4.1 3.82e-04    -  1.00e+00 5.00e-01h  2
1899  1.9885838e-04 1.99e-08 7.04e+01  -4.1 3.52e-03    -  1.00e+00 3.12e-02h  6
iter    objective    inf_pr   inf_du lg(mu)  ||d||  lg(rg) alpha_du alpha_pr  ls
1900  1.9888058e-04 1.57e-08 7.04e+01  -4.1 1.78e-04    -  1.00e+00 1.00e+00h  1
1901  1.9887970e-04 1.46e-08 7.10e+01  -4.1 7.12e-03    -  1.00e+00 3.12e-02h  6
1902  1.9888039e-04 1.32e-08 7.10e+01  -4.1 1.32e-03    -  1.00e+00 6.25e-02h  5
1903  1.9885685e-04 2.62e-08 7.05e+01  -4.1 9.88e-04    -  1.00e+00 2.50e-01h  3
1904  1.9882988e-04 6.67e-08 7.06e+01  -4.1 9.90e-04    -  1.00e+00 2.50e-01h  3
1905  1.9885244e-04 2.80e-08 7.04e+01  -4.1 2.58e-04    -  1.00e+00 5.00e-01h  2
1906  1.9885154e-04 2.77e-08 7.04e+01  -4.1 2.37e-03    -  1.00e+00 6.25e-02h  5
1907  1.9885602e-04 2.70e-08 7.10e+01  -4.1 6.11e-04    -  1.00e+00 3.12e-02h  6
1908  1.9885726e-04 2.58e-08 7.10e+01  -4.1 7.31e-04    -  1.00e+00 6.25e-02h  5
1909  1.9884387e-04 4.46e-08 7.05e+01  -4.1 3.80e-04    -  1.00e+00 5.00e-01h  2
iter    objective    inf_pr   inf_du lg(mu)  ||d||  lg(rg) alpha_du alpha_pr  ls
1910  1.9884975e-04 3.92e-08 7.05e+01  -4.1 3.19e-04    -  1.00e+00 1.25e-01h  4
1911  1.9884617e-04 4.26e-08 7.09e+01  -4.1 2.57e-03    -  1.00e+00 3.12e-02h  6
1912  1.9885665e-04 3.01e-08 7.09e+01  -4.1 2.89e-04    -  1.00e+00 2.50e-01h  3
1913  1.9885827e-04 3.15e-08 7.05e+01  -4.1 4.69e-03    -  1.00e+00 3.12e-02h  6
1914  1.9886937e-04 1.70e-08 7.05e+01  -4.1 1.43e-04    -  1.00e+00 5.00e-01h  2
1915  1.9886896e-04 1.68e-08 7.05e+01  -4.1 7.32e-03    -  1.00e+00 1.56e-02h  7
1916  1.9887501e-04 1.66e-08 7.05e+01  -4.1 4.59e-04    -  1.00e+00 2.50e-01h  3
1917  1.9887955e-04 2.27e-09 7.08e+01  -4.1 1.26e-04    -  1.00e+00 1.00e+00h  1
1918  1.9887857e-04 2.79e-09 7.06e+01  -4.1 2.54e-03    -  1.00e+00 3.12e-02h  6
1919  1.9890260e-04 4.57e-09 7.06e+01  -4.1 9.36e-05    -  1.00e+00 1.00e+00H  1
iter    objective    inf_pr   inf_du lg(mu)  ||d||  lg(rg) alpha_du alpha_pr  ls
1920  1.9890237e-04 4.17e-09 7.06e+01  -4.1 2.47e-03    -  1.00e+00 1.56e-02h  7
1921  1.9830022e-04 2.53e-06 6.98e+01  -4.1 1.74e-03    -  1.00e+00 1.00e+00h  1
1922  1.9845484e-04 1.58e-06 7.00e+01  -4.1 4.03e-03    -  1.00e+00 2.50e-01h  3
1923  1.9865054e-04 8.83e-07 7.13e+01  -4.1 1.21e-03    -  1.00e+00 1.00e+00h  1
1924  1.9870292e-04 7.24e-07 7.02e+01  -4.1 4.01e-03    -  1.00e+00 2.50e-01h  3
1925  1.9885636e-04 2.14e-07 7.02e+01  -4.1 2.49e-03    -  1.00e+00 1.00e+00H  1
1926  1.9885770e-04 2.00e-07 7.12e+01  -4.1 6.22e-03    -  1.00e+00 6.25e-02h  5
1927  1.9872141e-04 3.42e-07 7.06e+01  -4.1 6.19e-04    -  1.00e+00 1.00e+00h  1
1928  1.9879243e-04 2.47e-07 7.07e+01  -4.1 1.45e-03    -  1.00e+00 2.50e-01h  3
1929  1.9879821e-04 2.28e-07 7.06e+01  -4.1 1.51e-03    -  1.00e+00 1.25e-01h  4
iter    objective    inf_pr   inf_du lg(mu)  ||d||  lg(rg) alpha_du alpha_pr  ls
1930  1.9883120e-04 1.90e-07 7.06e+01  -4.1 6.22e-04    -  1.00e+00 2.50e-01h  3
1931  1.9884925e-04 1.76e-07 7.05e+01  -4.1 9.03e-03    -  1.00e+00 6.25e-02h  5
1932  1.9878628e-04 2.65e-07 7.09e+01  -4.1 9.94e-02    -  1.00e+00 3.91e-03h  9
1933  1.9882618e-04 1.16e-07 7.10e+01  -4.1 6.49e-04    -  1.00e+00 5.00e-01h  2
1934  1.9882528e-04 1.99e-07 7.05e+01  -4.1 2.62e-01    -  1.00e+00 1.95e-03h 10
1935  1.9882222e-04 2.34e-07 7.04e+01  -4.1 2.09e-02    -  1.00e+00 1.56e-02h  7
1936  1.9883769e-04 1.05e-07 7.04e+01  -4.1 5.68e-04    -  1.00e+00 5.00e-01h  2
1937  1.9883130e-04 1.55e-07 7.10e+01  -4.1 4.58e-03    -  1.00e+00 1.25e-01h  4
1938  1.9884471e-04 8.52e-08 7.11e+01  -4.1 4.91e-04    -  1.00e+00 5.00e-01h  2
1939  1.9884206e-04 1.12e-07 7.11e+01  -4.1 3.59e-02    -  1.00e+00 7.81e-03h  8
iter    objective    inf_pr   inf_du lg(mu)  ||d||  lg(rg) alpha_du alpha_pr  ls
1940  1.9884920e-04 1.05e-07 7.04e+01  -4.1 4.64e-04    -  1.00e+00 6.25e-02h  5
1941  1.9884917e-04 1.05e-07 7.04e+01  -4.1 3.32e-03    -  1.00e+00 7.81e-03h  8
1942  1.9881596e-04 4.24e-07 7.11e+01  -4.1 6.23e-02    -  1.00e+00 1.56e-02h  7
1943  1.9882893e-04 2.19e-07 7.11e+01  -4.1 1.12e-03    -  1.00e+00 5.00e-01h  2
1944  1.9881708e-04 2.28e-07 7.04e+01  -4.1 8.11e-04    -  1.00e+00 5.00e-01h  2
1945  1.9884109e-04 1.21e-07 7.04e+01  -4.1 3.01e-04    -  1.00e+00 5.00e-01h  2
1946  1.9884863e-04 8.82e-08 7.11e+01  -4.1 4.70e-04    -  1.00e+00 2.50e-01h  3
1947  1.9885454e-04 7.99e-08 7.04e+01  -4.1 8.59e-04    -  1.00e+00 1.25e-01h  4
1948  1.9887131e-04 8.81e-09 7.05e+01  -4.1 2.13e-04    -  1.00e+00 1.00e+00h  1
1949  1.9887000e-04 4.65e-09 7.09e+01  -4.1 3.17e-04    -  1.00e+00 5.00e-01h  2
iter    objective    inf_pr   inf_du lg(mu)  ||d||  lg(rg) alpha_du alpha_pr  ls
1950  1.9887544e-04 3.92e-09 7.05e+01  -4.1 1.72e-04    -  1.00e+00 2.50e-01h  3
1951  1.9887765e-04 3.06e-09 7.09e+01  -4.1 1.13e-04    -  1.00e+00 2.50e-01h  3
1952  1.9887755e-04 3.24e-09 7.09e+01  -4.1 2.47e-02    -  1.00e+00 3.91e-03h  9
1953  1.9887649e-04 3.59e-09 7.09e+01  -4.1 1.55e-03    -  1.00e+00 1.56e-02h  7
1954  1.9887661e-04 3.60e-09 7.09e+01  -4.1 1.72e-03    -  1.00e+00 7.81e-03h  8
1955  1.9887740e-04 2.76e-09 7.06e+01  -4.1 3.65e-04    -  1.00e+00 2.50e-01h  3
1956  1.9887742e-04 2.76e-09 7.06e+01  -4.1 1.75e-03    -  1.00e+00 1.95e-03h 10
1957  1.9887750e-04 2.93e-09 7.06e+01  -4.1 9.95e-04    -  1.00e+00 3.12e-02h  6
1958  1.9887748e-04 2.91e-09 7.06e+01  -4.1 1.19e-02    -  1.00e+00 1.95e-03h 10
1959  1.9888687e-04 1.05e-09 7.08e+01  -4.1 3.68e-05    -  1.00e+00 1.00e+00h  1
iter    objective    inf_pr   inf_du lg(mu)  ||d||  lg(rg) alpha_du alpha_pr  ls
1960  1.9887965e-04 1.11e-09 7.07e+01  -4.1 5.29e-05    -  1.00e+00 1.00e+00h  1
1961  1.9887934e-04 1.17e-09 7.07e+01  -4.1 2.97e-02    -  1.00e+00 9.77e-04h 11
1962  1.9887960e-04 1.16e-09 7.07e+01  -4.1 3.65e-03    -  1.00e+00 1.95e-03h 10
1963  1.9888153e-04 9.59e-10 7.07e+01  -4.1 1.75e-04    -  1.00e+00 1.25e-01h  4
1964  1.9888180e-04 9.43e-10 7.07e+01  -4.1 9.36e-04    -  1.00e+00 7.81e-03h  8
1965  1.9888194e-04 8.58e-10 7.07e+01  -4.1 2.16e-04    -  1.00e+00 6.25e-02h  5
1966  1.9888199e-04 8.75e-10 7.07e+01  -4.1 2.99e-03    -  1.00e+00 7.81e-03h  8
1967  1.9888198e-04 8.72e-10 7.07e+01  -4.1 6.12e-03    -  1.00e+00 4.88e-04h 12
1968  1.9888246e-04 8.63e-10 7.07e+01  -4.1 1.15e-03    -  1.00e+00 1.56e-02h  7
1969  1.9888567e-04 8.63e-10 7.07e+01  -4.1 4.58e-01    -  1.00e+00 9.54e-07h 21
iter    objective    inf_pr   inf_du lg(mu)  ||d||  lg(rg) alpha_du alpha_pr  ls
1970  1.9888589e-04 8.53e-10 7.07e+01  -4.1 1.31e-03    -  1.00e+00 7.81e-03h  8
1971  1.9888584e-04 8.52e-10 7.07e+01  -4.1 7.58e-02    -  1.00e+00 3.05e-05h 16
1972  1.9888564e-04 8.57e-10 7.07e+01  -4.1 3.02e-03    -  1.00e+00 3.91e-03h  9
1973  1.9888535e-04 8.49e-10 7.07e+01  -4.1 1.00e-03    -  1.00e+00 7.81e-03h  8
1974  1.9888509e-04 1.15e-09 7.07e+01  -4.1 1.93e-02    -  1.00e+00 1.95e-03h 10
1975  1.9888613e-04 1.04e-09 7.07e+01  -4.1 2.80e-04    -  1.00e+00 6.25e-02h  5
1976  1.9888610e-04 1.06e-09 7.07e+01  -4.1 4.13e-03    -  1.00e+00 3.91e-03h  9
1977  1.9888591e-04 1.06e-09 7.07e+01  -4.1 2.80e-02    -  1.00e+00 4.88e-04h 12
1978  1.9888562e-04 1.05e-09 7.07e+01  -4.1 3.56e-03    -  1.00e+00 1.95e-03h 10
1979  1.9888547e-04 1.13e-09 7.07e+01  -4.1 1.71e-03    -  1.00e+00 1.56e-02h  7
iter    objective    inf_pr   inf_du lg(mu)  ||d||  lg(rg) alpha_du alpha_pr  ls
1980  1.9888455e-04 3.68e-09 7.07e+01  -4.1 2.74e-03    -  1.00e+00 3.12e-02h  6
1981  1.9888380e-04 2.58e-08 7.07e+01  -4.1 3.06e-02    -  1.00e+00 7.81e-03h  8
1982  1.9888206e-04 3.15e-08 7.07e+01  -4.1 5.51e-02    -  1.00e+00 3.91e-03h  9
1983  1.9888294e-04 3.07e-08 7.07e+01  -4.1 9.91e-04    -  1.00e+00 6.25e-02h  5
1984  1.9888356e-04 2.70e-08 7.07e+01  -4.1 5.72e-04    -  1.00e+00 1.25e-01h  4
1985  1.9888364e-04 2.47e-08 7.07e+01  -4.1 8.05e-04    -  1.00e+00 2.50e-01h  3
1986  1.9888251e-04 2.24e-08 7.07e+01  -4.1 2.59e-04    -  1.00e+00 5.00e-01h  2
1987  1.9888216e-04 2.29e-08 7.07e+01  -4.1 2.05e-02    -  1.00e+00 3.91e-03h  9
1988  1.9887924e-04 5.22e-07 7.07e+01  -4.1 5.42e-02    -  1.00e+00 1.56e-02h  7
1989  1.9887898e-04 5.12e-07 7.08e+01  -4.1 1.95e-02    -  1.00e+00 7.81e-03h  8
iter    objective    inf_pr   inf_du lg(mu)  ||d||  lg(rg) alpha_du alpha_pr  ls
1990  1.9887582e-04 1.52e-06 7.07e+01  -4.1 5.68e-03    -  1.00e+00 2.50e-01h  3
1991  1.9887125e-04 1.20e-06 7.06e+01  -4.1 2.81e-03    -  1.00e+00 5.00e-01h  2
1992  1.9878255e-04 7.58e-07 7.05e+01  -4.1 3.02e-03    -  1.00e+00 5.00e-01h  2
1993  1.9877880e-04 7.58e-07 7.05e+01  -4.1 4.52e-02    -  1.00e+00 3.91e-03h  9
1994  1.9874068e-04 8.10e-07 7.04e+01  -4.1 4.98e-03    -  1.00e+00 2.50e-01h  3
1995  1.9883933e-04 2.25e-07 7.12e+01  -4.1 7.47e-04    -  1.00e+00 1.00e+00h  1
1996  1.9884446e-04 2.14e-07 7.03e+01  -4.1 2.88e-03    -  1.00e+00 6.25e-02h  5
1997  1.9886243e-04 3.40e-08 7.04e+01  -4.1 4.71e-04    -  1.00e+00 1.00e+00h  1
1998  1.9885977e-04 4.09e-08 7.04e+01  -4.1 2.24e-03    -  1.00e+00 1.25e-01h  4
1999  1.9885770e-04 7.91e-08 7.10e+01  -4.1 2.01e-03    -  1.00e+00 1.25e-01h  4
iter    objective    inf_pr   inf_du lg(mu)  ||d||  lg(rg) alpha_du alpha_pr  ls
2000  1.9885947e-04 6.15e-08 7.10e+01  -4.1 7.82e-04    -  1.00e+00 2.50e-01h  3
2001  1.9886048e-04 5.46e-08 7.10e+01  -4.1 4.03e-04    -  1.00e+00 1.25e-01h  4
2002  1.9885850e-04 5.55e-08 7.05e+01  -4.1 1.10e-02    -  1.00e+00 1.56e-02h  7
2003  1.9885998e-04 6.09e-08 7.10e+01  -4.1 1.60e-02    -  1.00e+00 7.81e-03h  8
2004  1.9887779e-04 4.52e-09 7.05e+01  -4.1 1.86e-04    -  1.00e+00 1.00e+00h  1
2005  1.9886394e-04 1.73e-08 7.06e+01  -4.1 8.62e-04    -  1.00e+00 5.00e-01h  2
2006  1.9886397e-04 1.75e-08 7.06e+01  -4.1 6.24e-03    -  1.00e+00 3.91e-03h  9
2007  1.9885303e-04 1.08e-07 7.06e+01  -4.1 1.24e-01    -  1.00e+00 3.91e-03h  9
2008  1.9885603e-04 9.58e-08 7.08e+01  -4.1 8.71e-04    -  1.00e+00 1.25e-01h  4
2009  1.9885724e-04 9.04e-08 7.06e+01  -4.1 3.41e-03    -  1.00e+00 6.25e-02h  5
iter    objective    inf_pr   inf_du lg(mu)  ||d||  lg(rg) alpha_du alpha_pr  ls
2010  1.9886239e-04 7.94e-08 7.06e+01  -4.1 4.64e-04    -  1.00e+00 1.25e-01h  4
2011  1.9886382e-04 7.53e-08 7.06e+01  -4.1 8.10e-04    -  1.00e+00 6.25e-02h  5
2012  1.9885869e-04 7.49e-08 7.06e+01  -4.1 1.02e-03    -  1.00e+00 1.25e-01h  4
2013  1.9892062e-04 4.79e-08 7.10e+01  -4.1 8.83e-04    -  1.00e+00 1.00e+00h  1
2014  1.9877785e-04 4.37e-07 7.07e+01  -4.1 8.66e-04    -  1.00e+00 1.00e+00h  1
2015  1.9877656e-04 4.13e-07 7.07e+01  -4.1 7.92e-02    -  1.00e+00 7.81e-03h  8
2016  1.9877616e-04 4.12e-07 7.07e+01  -4.1 2.25e-02    -  1.00e+00 7.81e-03h  8
2017  1.9873486e-04 5.66e-07 7.07e+01  -4.1 2.97e-01    -  1.00e+00 3.91e-03h  9
2018  1.9881366e-04 3.16e-07 7.06e+01  -4.1 1.20e-03    -  1.00e+00 5.00e-01h  2
2019  1.9882801e-04 2.85e-07 7.09e+01  -4.1 2.87e-03    -  1.00e+00 5.00e-01h  2
iter    objective    inf_pr   inf_du lg(mu)  ||d||  lg(rg) alpha_du alpha_pr  ls
2020  1.9885694e-04 3.33e-07 7.10e+01  -4.1 2.03e-03    -  1.00e+00 5.00e-01h  2
2021  1.9884045e-04 3.48e-07 7.10e+01  -4.1 7.56e-02    -  1.00e+00 1.95e-03h 10
2022  1.9885428e-04 3.06e-07 7.04e+01  -4.1 2.96e-03    -  1.00e+00 2.50e-01h  3
2023  1.9886671e-04 2.78e-08 7.11e+01  -4.1 5.09e-04    -  1.00e+00 1.00e+00h  1
2024  1.9886497e-04 1.24e-08 7.05e+01  -4.1 9.11e-04    -  1.00e+00 1.00e+00h  1
2025  1.9887206e-04 8.63e-09 7.05e+01  -4.1 3.00e-04    -  1.00e+00 5.00e-01h  2
2026  1.9887162e-04 8.23e-09 7.10e+01  -4.1 8.32e-03    -  1.00e+00 3.12e-02h  6
2027  1.9889759e-04 3.23e-09 7.05e+01  -4.1 2.61e-04    -  1.00e+00 1.00e+00H  1
2028  1.9880790e-04 4.10e-07 7.10e+01  -4.1 9.57e-04    -  1.00e+00 1.00e+00h  1
2029  1.9880731e-04 4.10e-07 7.10e+01  -4.1 6.16e-02    -  1.00e+00 1.95e-03h 10
iter    objective    inf_pr   inf_du lg(mu)  ||d||  lg(rg) alpha_du alpha_pr  ls
2030  1.9880747e-04 3.93e-07 7.10e+01  -4.1 1.44e-01    -  1.00e+00 7.81e-03h  8
2031  1.9880995e-04 3.86e-07 7.09e+01  -4.1 6.60e-03    -  1.00e+00 1.56e-02h  7
2032  1.9878569e-04 3.78e-07 7.08e+01  -4.1 5.43e-03    -  1.00e+00 1.25e-01h  4
2033  1.9879818e-04 3.71e-07 7.08e+01  -4.1 4.18e-03    -  1.00e+00 1.25e-01h  4
2034  1.9880473e-04 3.71e-07 7.07e+01  -4.1 5.34e-02    -  1.00e+00 6.17e-06h 18
2035  1.9882931e-04 2.13e-07 7.09e+01  -4.1 7.22e-04    -  1.00e+00 5.00e-01h  2
2036  1.9885169e-04 2.00e-07 7.10e+01  -4.1 1.59e-03    -  1.00e+00 5.00e-01h  2
2037  1.9885039e-04 1.98e-07 7.04e+01  -4.1 1.88e-02    -  1.00e+00 7.81e-03h  8
2038  1.9885671e-04 1.47e-07 7.04e+01  -4.1 1.69e-03    -  1.00e+00 2.50e-01h  3
2039  1.9887666e-04 5.85e-08 7.09e+01  -4.1 6.22e-04    -  1.00e+00 1.00e+00h  1
iter    objective    inf_pr   inf_du lg(mu)  ||d||  lg(rg) alpha_du alpha_pr  ls
2040  1.9890266e-04 3.70e-08 7.05e+01  -4.1 4.18e-04    -  1.00e+00 1.00e+00h  1
2041  1.9890228e-04 3.84e-08 7.05e+01  -4.1 1.27e-02    -  1.00e+00 7.81e-03h  8
2042  1.9878558e-04 4.86e-07 7.07e+01  -4.1 1.77e-02    -  1.00e+00 1.25e-01h  4
2043  1.9872287e-04 1.27e-06 7.07e+01  -4.1 8.41e-03    -  1.00e+00 2.50e-01h  3
2044  1.9877491e-04 8.15e-07 7.07e+01  -4.1 1.42e-02    -  1.00e+00 1.25e-01h  4
2045  1.9864380e-04 7.44e-07 7.09e+01  -4.1 6.30e-03    -  1.00e+00 2.50e-01h  3
2046  1.9871496e-04 6.05e-07 7.05e+01  -4.1 4.94e-03    -  1.00e+00 1.25e-01h  4
2047  1.9871869e-04 6.96e-07 7.05e+01  -4.1 5.24e-03    -  1.00e+00 1.25e-01h  4
2048  1.9867674e-04 6.63e-07 7.10e+01  -4.1 4.41e-02    -  1.00e+00 7.81e-03h  8
2049  1.9880510e-04 6.23e-07 7.02e+01  -4.1 9.63e-04    -  1.00e+00 1.00e+00h  1
iter    objective    inf_pr   inf_du lg(mu)  ||d||  lg(rg) alpha_du alpha_pr  ls
2050  1.9878148e-04 4.42e-07 7.02e+01  -4.1 5.55e-03    -  1.00e+00 1.25e-01h  4
2051  1.9871992e-04 5.18e-07 7.02e+01  -4.1 3.57e-03    -  1.00e+00 1.25e-01h  4
2052  1.9884869e-04 1.79e-07 7.12e+01  -4.1 1.44e-03    -  1.00e+00 1.00e+00h  1
2053  1.9885086e-04 9.78e-08 7.12e+01  -4.1 8.75e-04    -  1.00e+00 5.00e-01h  2
2054  1.9882330e-04 1.02e-07 7.11e+01  -4.1 1.11e-02    -  1.00e+00 3.12e-02h  6
2055  1.9883806e-04 1.01e-07 7.03e+01  -4.1 1.55e-02    -  1.00e+00 7.81e-03h  8
2056  1.9884990e-04 9.14e-08 7.03e+01  -4.1 7.26e-04    -  1.00e+00 5.00e-01h  2
2057  1.9880013e-04 4.24e-07 7.11e+01  -4.1 2.21e-03    -  1.00e+00 2.50e-01h  3
2058  1.9874875e-04 1.95e-07 7.11e+01  -4.1 5.09e-03    -  1.00e+00 1.25e-01h  4
2059  1.9887563e-04 1.32e-07 7.11e+01  -4.1 7.04e-04    -  1.00e+00 1.00e+00H  1
iter    objective    inf_pr   inf_du lg(mu)  ||d||  lg(rg) alpha_du alpha_pr  ls
2060  1.9883609e-04 9.33e-08 7.11e+01  -4.1 3.99e-02    -  1.00e+00 1.56e-02h  7
2061  1.9893089e-04 2.33e-08 7.04e+01  -4.1 4.35e-04    -  1.00e+00 1.00e+00H  1
2062  1.9892058e-04 3.48e-08 7.04e+01  -4.1 4.72e-03    -  1.00e+00 3.12e-02h  6
2063  1.9888049e-04 3.07e-08 7.04e+01  -4.1 5.36e-04    -  1.00e+00 5.00e-01h  2
2064  1.9891486e-04 2.33e-08 7.09e+01  -4.1 5.96e-04    -  1.00e+00 2.50e-01h  3
2065  1.9890366e-04 2.40e-08 7.10e+01  -4.1 4.91e-04    -  1.00e+00 2.50e-01h  3
2066  1.9887695e-04 3.10e-08 7.09e+01  -4.1 1.41e-03    -  1.00e+00 1.25e-01h  4
2067  1.9887976e-04 2.67e-08 7.05e+01  -4.1 6.99e-04    -  1.00e+00 2.50e-01h  3
2068  1.9892440e-04 1.66e-08 7.07e+01  -4.1 1.75e-03    -  1.00e+00 1.00e+00H  1
2069  1.9892227e-04 2.13e-08 7.07e+01  -4.1 6.33e-02    -  1.00e+00 3.91e-03h  9
iter    objective    inf_pr   inf_du lg(mu)  ||d||  lg(rg) alpha_du alpha_pr  ls
2070  1.9882712e-04 2.63e-07 7.05e+01  -4.1 2.86e-03    -  1.00e+00 2.50e-01h  3
2071  1.9882657e-04 2.03e-07 7.05e+01  -4.1 1.51e-02    -  1.00e+00 3.12e-02h  6
2072  1.9879909e-04 1.94e-07 7.04e+01  -4.1 1.93e-03    -  1.00e+00 1.25e-01h  4
2073  1.9881829e-04 1.35e-07 7.11e+01  -4.1 5.32e-04    -  1.00e+00 5.00e-01h  2
2074  1.9882663e-04 1.21e-07 7.03e+01  -4.1 5.31e-04    -  1.00e+00 1.25e-01h  4
2075  1.9886533e-04 3.38e-08 7.10e+01  -4.1 2.70e-04    -  1.00e+00 1.00e+00h  1
2076  1.9885554e-04 2.70e-08 7.10e+01  -4.1 4.88e-03    -  1.00e+00 3.12e-02h  6
2077  1.9885922e-04 2.94e-08 7.10e+01  -4.1 1.36e-03    -  1.00e+00 2.50e-01h  3
2078  1.9886300e-04 2.28e-08 7.04e+01  -4.1 4.03e-04    -  1.00e+00 2.50e-01h  3
2079  1.9885861e-04 1.61e-08 7.06e+01  -4.1 1.18e-04    -  1.00e+00 1.00e+00h  1
iter    objective    inf_pr   inf_du lg(mu)  ||d||  lg(rg) alpha_du alpha_pr  ls
2080  1.9885839e-04 1.60e-08 7.09e+01  -4.1 1.09e-02    -  1.00e+00 1.95e-03h 10
2081  1.9886500e-04 1.15e-08 7.05e+01  -4.1 3.20e-04    -  1.00e+00 2.50e-01h  3
2082  1.9886382e-04 1.07e-08 7.09e+01  -4.1 1.99e-03    -  1.00e+00 6.25e-02h  5
2083  1.9891810e-04 5.08e-09 7.06e+01  -4.1 2.12e-04    -  1.00e+00 1.00e+00H  1
2084  1.9890746e-04 5.61e-09 7.06e+01  -4.1 4.53e-03    -  1.00e+00 1.56e-02h  7
2085  1.9890701e-04 4.58e-09 7.06e+01  -4.1 1.63e-03    -  1.00e+00 3.12e-02h  6
2086  1.9879060e-04 5.34e-07 7.06e+01  -4.1 5.34e-01    -  1.00e+00 3.91e-03h  9
2087  1.9878784e-04 2.44e-07 7.06e+01  -4.1 2.72e-03    -  1.00e+00 5.00e-01h  2
2088  1.9877765e-04 2.26e-07 7.09e+01  -4.1 3.65e-02    -  1.00e+00 6.25e-02h  5
2089  1.9877707e-04 2.24e-07 7.09e+01  -4.1 1.47e-02    -  1.00e+00 7.81e-03h  8
iter    objective    inf_pr   inf_du lg(mu)  ||d||  lg(rg) alpha_du alpha_pr  ls
2090  1.9877653e-04 2.25e-07 7.09e+01  -4.1 1.95e-02    -  1.00e+00 1.56e-02h  7
2091  1.9877695e-04 1.99e-07 7.05e+01  -4.1 1.59e-03    -  1.00e+00 1.25e-01h  4
2092  1.9878132e-04 1.68e-07 7.10e+01  -4.1 1.05e-03    -  1.00e+00 2.50e-01h  3
2093  1.9882143e-04 7.16e-08 7.04e+01  -4.1 5.90e-04    -  1.00e+00 5.00e-01h  2
2094  1.9881089e-04 7.33e-08 7.04e+01  -4.1 3.97e-03    -  1.00e+00 1.25e-01h  4
2095  1.9880971e-04 5.44e-08 7.04e+01  -4.1 2.99e-02    -  1.00e+00 7.81e-03h  8
2096  1.9880641e-04 5.43e-08 7.10e+01  -4.1 1.94e-02    -  1.00e+00 7.81e-03h  8
2097  1.9885316e-04 2.34e-08 7.10e+01  -4.1 1.39e-04    -  1.00e+00 1.00e+00h  1
2098  1.9885267e-04 2.26e-08 7.04e+01  -4.1 2.07e-02    -  1.00e+00 3.91e-03h  9
2099  1.9885479e-04 1.95e-08 7.04e+01  -4.1 3.03e-03    -  1.00e+00 6.25e-02h  5
iter    objective    inf_pr   inf_du lg(mu)  ||d||  lg(rg) alpha_du alpha_pr  ls
2100  1.9885665e-04 1.78e-08 7.04e+01  -4.1 6.89e-04    -  1.00e+00 1.25e-01h  4
2101  1.9884684e-04 3.02e-08 7.10e+01  -4.1 3.46e-03    -  1.00e+00 1.25e-01h  4
2102  1.9885163e-04 2.26e-08 7.10e+01  -4.1 2.97e-04    -  1.00e+00 2.50e-01h  3
2103  1.9885220e-04 2.18e-08 7.10e+01  -4.1 4.49e-04    -  1.00e+00 3.12e-02h  6
2104  1.9884752e-04 1.95e-08 7.05e+01  -4.1 2.59e-02    -  1.00e+00 7.81e-03h  8
2105  1.9884722e-04 1.93e-08 7.10e+01  -4.1 3.49e-02    -  1.00e+00 1.95e-03h 10
2106  1.9887996e-04 1.29e-08 7.10e+01  -4.1 1.11e-04    -  1.00e+00 1.00e+00h  1
2107  1.9887453e-04 8.63e-09 7.05e+01  -4.1 6.11e-04    -  1.00e+00 1.25e-01h  4
2108  1.9887465e-04 7.97e-09 7.05e+01  -4.1 1.88e-03    -  1.00e+00 3.12e-02h  6
2109  1.9857944e-04 4.22e-06 7.04e+01  -4.1 2.48e-03    -  1.00e+00 1.00e+00h  1
iter    objective    inf_pr   inf_du lg(mu)  ||d||  lg(rg) alpha_du alpha_pr  ls
2110  1.9848811e-04 5.45e-06 7.06e+01  -4.1 6.80e-03    -  1.00e+00 5.00e-01h  2
2111  1.9849475e-04 5.43e-06 7.06e+01  -4.1 2.45e-01    -  1.00e+00 3.91e-03h  9
2112  1.9837886e-04 3.49e-06 7.08e+01  -4.1 6.26e-03    -  1.00e+00 5.00e-01h  2
2113  1.9874803e-04 1.46e-06 7.02e+01  -4.1 1.47e-03    -  1.00e+00 1.00e+00h  1
2114  1.9874630e-04 1.37e-06 7.02e+01  -4.1 2.98e-03    -  1.00e+00 6.25e-02h  5
2115  1.9853970e-04 2.03e-06 7.02e+01  -4.1 8.86e-03    -  1.00e+00 1.25e-01h  4
2116  1.9866198e-04 1.23e-06 7.13e+01  -4.1 1.77e-03    -  1.00e+00 5.00e-01h  2
2117  1.9869973e-04 5.58e-07 7.02e+01  -4.1 1.46e-03    -  1.00e+00 1.00e+00h  1
2118  1.9870520e-04 6.57e-07 7.12e+01  -4.1 1.04e-03    -  1.00e+00 1.00e+00h  1
2119  1.9877946e-04 2.02e-07 7.02e+01  -4.1 1.35e-03    -  1.00e+00 1.00e+00h  1
iter    objective    inf_pr   inf_du lg(mu)  ||d||  lg(rg) alpha_du alpha_pr  ls
2120  1.9878649e-04 2.00e-07 7.12e+01  -4.1 3.69e-03    -  1.00e+00 6.25e-02h  5
2121  1.9875350e-04 1.26e-07 7.12e+01  -4.1 1.38e-03    -  1.00e+00 5.00e-01h  2
2122  1.9881770e-04 5.54e-08 7.12e+01  -4.1 3.45e-04    -  1.00e+00 1.00e+00h  1
2123  1.9882603e-04 8.37e-08 7.03e+01  -4.1 5.21e-04    -  1.00e+00 5.00e-01h  2
2124  1.9884563e-04 5.99e-08 7.11e+01  -4.1 4.97e-04    -  1.00e+00 5.00e-01h  2
2125  1.9884468e-04 5.30e-08 7.11e+01  -4.1 7.11e-04    -  1.00e+00 1.25e-01h  4
2126  1.9884561e-04 4.98e-08 7.03e+01  -4.1 3.11e-04    -  1.00e+00 6.25e-02h  5
2127  1.9884363e-04 5.26e-08 7.11e+01  -4.1 4.18e-03    -  1.00e+00 3.12e-02h  6
2128  1.9889759e-04 3.98e-09 7.04e+01  -4.1 2.85e-04    -  1.00e+00 1.00e+00H  1
2129  1.9889175e-04 3.23e-09 7.04e+01  -4.1 7.51e-04    -  1.00e+00 6.25e-02h  5
iter    objective    inf_pr   inf_du lg(mu)  ||d||  lg(rg) alpha_du alpha_pr  ls
2130  1.9883893e-04 2.72e-07 7.09e+01  -4.1 7.08e-04    -  1.00e+00 1.00e+00h  1
2131  1.9884685e-04 1.88e-07 7.09e+01  -4.1 1.48e-03    -  1.00e+00 2.50e-01h  3
2132  1.9883246e-04 3.16e-07 7.05e+01  -4.1 1.27e-01    -  1.00e+00 7.81e-03h  8
2133  1.9883242e-04 3.16e-07 7.09e+01  -4.1 3.33e-02    -  1.00e+00 1.95e-03h 10
2134  1.9883246e-04 3.10e-07 7.05e+01  -4.1 1.26e-02    -  1.00e+00 3.12e-02h  6
2135  1.9883297e-04 3.58e-07 7.04e+01  -4.1 1.76e-03    -  1.00e+00 2.50e-01h  3
2136  1.9886670e-04 5.08e-08 7.10e+01  -4.1 4.16e-04    -  1.00e+00 1.00e+00h  1
2137  1.9885727e-04 6.53e-08 7.10e+01  -4.1 8.41e-03    -  1.00e+00 3.12e-02h  6
2138  1.9885482e-04 1.47e-07 7.10e+01  -4.1 1.49e-03    -  1.00e+00 2.50e-01h  3
2139  1.9887914e-04 3.50e-08 7.05e+01  -4.1 7.80e-04    -  1.00e+00 1.00e+00h  1
iter    objective    inf_pr   inf_du lg(mu)  ||d||  lg(rg) alpha_du alpha_pr  ls
2140  1.9887917e-04 3.42e-08 7.05e+01  -4.1 6.63e-03    -  1.00e+00 1.56e-02h  7
2141  1.9888991e-04 3.25e-08 7.05e+01  -4.1 2.21e-03    -  1.00e+00 2.50e-01h  3
2142  1.9886661e-04 7.56e-08 7.08e+01  -4.1 1.75e-03    -  1.00e+00 5.00e-01h  2
2143  1.9885496e-04 9.82e-08 7.06e+01  -4.1 9.22e-04    -  1.00e+00 1.00e+00h  1
2144  1.9885143e-04 9.64e-08 7.09e+01  -4.1 3.51e-03    -  1.00e+00 3.12e-02h  6
2145  1.9888950e-04 1.39e-08 7.05e+01  -4.1 2.87e-04    -  1.00e+00 1.00e+00h  1
2146  1.9887779e-04 3.57e-08 7.06e+01  -4.1 6.02e-04    -  1.00e+00 5.00e-01h  2
2147  1.9886066e-04 5.98e-08 7.06e+01  -4.1 1.36e-03    -  1.00e+00 2.50e-01h  3
2148  1.9886900e-04 5.03e-08 7.08e+01  -4.1 6.38e-04    -  1.00e+00 2.50e-01h  3
2149  1.9887736e-04 3.70e-08 7.09e+01  -4.1 1.18e-03    -  1.00e+00 2.50e-01h  3
iter    objective    inf_pr   inf_du lg(mu)  ||d||  lg(rg) alpha_du alpha_pr  ls
2150  1.9887138e-04 8.33e-09 7.07e+01  -4.1 7.46e-05    -  1.00e+00 1.00e+00h  1
2151  1.9887455e-04 6.83e-09 7.07e+01  -4.1 1.24e-04    -  1.00e+00 5.00e-01h  2
2152  1.9887182e-04 6.82e-09 7.07e+01  -4.1 4.92e-03    -  1.00e+00 1.56e-02h  7
2153  1.9889859e-04 7.94e-09 7.07e+01  -4.1 1.56e-04    -  1.00e+00 1.00e+00h  1
2154  1.9889791e-04 7.90e-09 7.07e+01  -4.1 4.85e-02    -  1.00e+00 4.88e-04h 12
2155  1.9885551e-04 6.56e-08 7.08e+01  -4.1 5.97e-04    -  1.00e+00 1.00e+00h  1
2156  1.9883530e-04 2.80e-07 7.06e+01  -4.1 8.35e-02    -  1.00e+00 1.56e-02h  7
2157  1.9878947e-04 2.31e-07 7.08e+01  -4.1 4.59e-03    -  1.00e+00 2.50e-01h  3
2158  1.9878925e-04 1.71e-07 7.06e+01  -4.1 2.09e-03    -  1.00e+00 2.50e-01h  3
2159  1.9878763e-04 1.62e-07 7.08e+01  -4.1 3.54e-03    -  1.00e+00 3.12e-02h  6
iter    objective    inf_pr   inf_du lg(mu)  ||d||  lg(rg) alpha_du alpha_pr  ls
2160  1.9878789e-04 1.61e-07 7.08e+01  -4.1 7.45e-03    -  1.00e+00 3.91e-03h  9
2161  1.9879500e-04 1.44e-07 7.06e+01  -4.1 7.32e-03    -  1.00e+00 1.25e-01h  4
2162  1.9881758e-04 1.02e-07 7.04e+01  -4.1 1.96e-03    -  1.00e+00 5.00e-01h  2
2163  1.9883526e-04 8.62e-08 7.10e+01  -4.1 9.00e-04    -  1.00e+00 2.50e-01h  3
2164  1.9883537e-04 8.59e-08 7.10e+01  -4.1 5.16e-03    -  1.00e+00 1.56e-02h  7
2165  1.9882510e-04 9.72e-08 7.04e+01  -4.1 3.07e-03    -  1.00e+00 2.50e-01h  3
2166  1.9884652e-04 7.51e-08 7.10e+01  -4.1 7.17e-04    -  1.00e+00 2.50e-01h  3
2167  1.9885695e-04 5.05e-08 7.11e+01  -4.1 9.20e-04    -  1.00e+00 5.00e-01h  2
2168  1.9887006e-04 2.96e-08 7.09e+01  -4.1 2.51e-04    -  1.00e+00 1.00e+00h  1
2169  1.9887016e-04 2.95e-08 7.05e+01  -4.1 6.21e-03    -  1.00e+00 7.81e-03h  8
iter    objective    inf_pr   inf_du lg(mu)  ||d||  lg(rg) alpha_du alpha_pr  ls
2170  1.9886620e-04 1.55e-08 7.08e+01  -4.1 4.15e-04    -  1.00e+00 1.00e+00h  1
2171  1.9887058e-04 1.45e-08 7.08e+01  -4.1 1.98e-03    -  1.00e+00 1.25e-01h  4
2172  1.9885899e-04 1.80e-08 7.08e+01  -4.1 1.68e-03    -  1.00e+00 2.50e-01h  3
2173  1.9884872e-04 2.68e-08 7.07e+01  -4.1 3.12e-03    -  1.00e+00 1.25e-01h  4
2174  1.9885863e-04 1.96e-08 7.08e+01  -4.1 1.93e-03    -  1.00e+00 2.50e-01h  3
2175  1.9892083e-04 3.70e-09 7.05e+01  -4.1 6.55e-04    -  1.00e+00 1.00e+00H  1
2176  1.9891810e-04 4.30e-09 7.05e+01  -4.1 1.95e-02    -  1.00e+00 1.95e-03h 10
2177  1.9891758e-04 4.29e-09 7.05e+01  -4.1 5.17e-03    -  1.00e+00 1.95e-03h 10
2178  1.9891059e-04 2.89e-09 7.09e+01  -4.1 1.14e-01    -  1.00e+00 9.77e-04h 11
2179  1.9890740e-04 2.85e-09 7.09e+01  -4.1 1.94e-03    -  1.00e+00 1.56e-02h  7
iter    objective    inf_pr   inf_du lg(mu)  ||d||  lg(rg) alpha_du alpha_pr  ls
2180  1.9890256e-04 2.97e-09 7.09e+01  -4.1 4.02e-04    -  1.00e+00 6.25e-02h  5
2181  1.9887381e-04 4.00e-08 7.06e+01  -4.1 1.07e-03    -  1.00e+00 1.00e+00h  1
2182  1.9887104e-04 9.87e-08 7.06e+01  -4.1 3.24e-04    -  1.00e+00 1.00e+00h  1
2183  1.9887936e-04 4.77e-08 7.06e+01  -4.1 1.29e-03    -  1.00e+00 5.00e-01h  2
2184  1.9886900e-04 6.58e-08 7.08e+01  -4.1 2.32e-03    -  1.00e+00 1.25e-01h  4
2185  1.9886859e-04 6.52e-08 7.08e+01  -4.1 2.85e-03    -  1.00e+00 3.12e-02h  6
2186  1.9885580e-04 9.01e-08 7.07e+01  -4.1 2.02e-03    -  1.00e+00 2.50e-01h  3
2187  1.9886658e-04 8.01e-08 7.06e+01  -4.1 5.42e-04    -  1.00e+00 2.50e-01h  3
2188  1.9887934e-04 5.02e-08 7.09e+01  -4.1 3.10e-04    -  1.00e+00 5.00e-01h  2
2189  1.9887471e-04 4.56e-08 7.08e+01  -4.1 7.65e-04    -  1.00e+00 1.25e-01h  4
iter    objective    inf_pr   inf_du lg(mu)  ||d||  lg(rg) alpha_du alpha_pr  ls
2190  1.9887400e-04 5.19e-08 7.09e+01  -4.1 5.44e-04    -  1.00e+00 2.50e-01h  3
2191  1.9888734e-04 4.76e-08 7.05e+01  -4.1 2.39e-03    -  1.00e+00 1.25e-01h  4
2192  1.9880946e-04 9.16e-07 7.10e+01  -4.1 1.92e-03    -  1.00e+00 1.00e+00h  1
2193  1.9875612e-04 6.36e-07 7.09e+01  -4.1 5.98e-03    -  1.00e+00 5.00e-01h  2
2194  1.9874469e-04 5.94e-07 7.05e+01  -4.1 3.92e-03    -  1.00e+00 5.00e-01h  2
2195  1.9881362e-04 2.72e-07 7.04e+01  -4.1 2.85e-03    -  1.00e+00 5.00e-01h  2
2196  1.9884573e-04 4.48e-08 7.04e+01  -4.1 1.08e-03    -  1.00e+00 1.00e+00h  1
2197  1.9886540e-04 3.68e-08 7.10e+01  -4.1 2.08e-01    -  1.00e+00 1.95e-03h 10
2198  1.9887014e-04 2.78e-08 7.10e+01  -4.1 6.33e-04    -  1.00e+00 2.50e-01h  3
2199  1.9882619e-04 2.55e-08 7.10e+01  -4.1 2.76e-01    -  1.00e+00 4.88e-04h 12
iter    objective    inf_pr   inf_du lg(mu)  ||d||  lg(rg) alpha_du alpha_pr  ls
2200  1.9885183e-04 2.45e-08 7.04e+01  -4.1 1.56e-03    -  1.00e+00 3.12e-02h  6
2201  1.9886533e-04 1.10e-08 7.04e+01  -4.1 1.60e-04    -  1.00e+00 5.00e-01h  2
2202  1.9886204e-04 2.76e-08 7.10e+01  -4.1 8.11e-03    -  1.00e+00 3.12e-02h  6
2203  1.9886719e-04 1.47e-08 7.10e+01  -4.1 1.78e-04    -  1.00e+00 1.00e+00h  1
2204  1.9886551e-04 1.03e-08 7.04e+01  -4.1 1.17e-02    -  1.00e+00 1.56e-02h  7
2205  1.9886537e-04 9.25e-09 7.04e+01  -4.1 1.22e-03    -  1.00e+00 6.25e-02h  5
2206  1.9886517e-04 4.64e-09 7.09e+01  -4.1 2.18e-04    -  1.00e+00 5.00e-01h  2
2207  1.9886639e-04 4.32e-09 7.09e+01  -4.1 9.46e-04    -  1.00e+00 6.25e-02h  5
2208  1.9891232e-04 5.99e-09 7.07e+01  -4.1 5.07e-04    -  1.00e+00 1.00e+00H  1
2209  1.9891100e-04 3.85e-09 7.07e+01  -4.1 5.02e-03    -  1.00e+00 1.56e-02h  7
iter    objective    inf_pr   inf_du lg(mu)  ||d||  lg(rg) alpha_du alpha_pr  ls
2210  1.9880753e-04 1.69e-07 7.05e+01  -4.1 1.41e-02    -  1.00e+00 6.25e-02h  5
2211  1.9877298e-04 2.18e-07 7.09e+01  -4.1 1.74e-03    -  1.00e+00 5.00e-01h  2
2212  1.9885210e-04 9.67e-08 7.03e+01  -4.1 3.46e-04    -  1.00e+00 1.00e+00h  1
2213  1.9887754e-04 5.11e-08 7.11e+01  -4.1 3.82e-04    -  1.00e+00 5.00e-01h  2
2214  1.9885715e-04 5.85e-09 7.09e+01  -4.1 2.06e-04    -  1.00e+00 1.00e+00h  1
2215  1.9886551e-04 4.22e-09 7.05e+01  -4.1 5.35e-04    -  1.00e+00 2.50e-01h  3
2216  1.9888736e-04 7.25e-09 7.09e+01  -4.1 1.29e-04    -  1.00e+00 1.00e+00h  1
2217  1.9883066e-04 5.31e-08 7.06e+01  -4.1 4.41e-04    -  1.00e+00 1.00e+00h  1
2218  1.9884188e-04 3.25e-08 7.07e+01  -4.1 5.28e-04    -  1.00e+00 5.00e-01h  2
2219  1.9885078e-04 2.81e-08 7.07e+01  -4.1 7.74e-04    -  1.00e+00 1.25e-01h  4
iter    objective    inf_pr   inf_du lg(mu)  ||d||  lg(rg) alpha_du alpha_pr  ls
2220  1.9884938e-04 2.66e-08 7.07e+01  -4.1 2.11e-02    -  1.00e+00 3.91e-03h  9
2221  1.9885149e-04 2.64e-08 7.07e+01  -4.1 5.38e-04    -  1.00e+00 1.25e-01h  4
2222  1.9885612e-04 2.51e-08 7.07e+01  -4.1 2.97e-03    -  1.00e+00 3.12e-02h  6
2223  1.9885683e-04 2.47e-08 7.07e+01  -4.1 1.55e-03    -  1.00e+00 1.56e-02h  7
2224  1.9885455e-04 2.43e-08 7.06e+01  -4.1 8.18e-03    -  1.00e+00 7.81e-03h  8
2225  1.9890269e-04 1.79e-08 7.09e+01  -4.1 2.59e-04    -  1.00e+00 1.00e+00h  1
2226  1.9889242e-04 1.92e-08 7.09e+01  -4.1 8.86e-03    -  1.00e+00 3.12e-02h  6
2227  1.9887616e-04 2.02e-08 7.09e+01  -4.1 4.38e-03    -  1.00e+00 3.12e-02h  6
2228  1.9889492e-04 6.02e-09 7.08e+01  -4.1 4.98e-04    -  1.00e+00 1.00e+00H  1
2229  1.9889672e-04 5.00e-09 7.08e+01  -4.1 1.70e-03    -  1.00e+00 6.25e-02h  5
iter    objective    inf_pr   inf_du lg(mu)  ||d||  lg(rg) alpha_du alpha_pr  ls
2230  1.9886806e-04 1.09e-08 7.06e+01  -4.1 4.45e-04    -  1.00e+00 2.50e-01h  3
2231  1.9892921e-04 5.78e-09 7.08e+01  -4.1 1.82e-04    -  1.00e+00 1.00e+00H  1
2232  1.9892180e-04 5.29e-09 7.08e+01  -4.1 3.47e-03    -  1.00e+00 1.56e-02h  7
2233  1.9876390e-04 7.77e-07 6.95e+01  -4.1 9.67e-04    -  1.00e+00 1.00e+00h  1
2234  1.9875456e-04 5.53e-07 6.98e+01  -4.1 2.81e-03    -  1.00e+00 5.00e-01h  2
2235  1.9879893e-04 3.87e-07 7.00e+01  -4.1 7.73e-04    -  1.00e+00 5.00e-01h  2
2236  1.9883155e-04 4.05e-07 7.00e+01  -4.1 2.46e-01    -  1.00e+00 7.81e-03h  8
2237  1.9882445e-04 2.63e-07 7.02e+01  -4.1 1.97e-03    -  1.00e+00 1.00e+00h  1
2238  1.9881534e-04 2.63e-07 7.12e+01  -4.1 1.96e+00    -  3.69e-01 6.47e-08h 20
2239  1.9877907e-04 1.78e-07 7.02e+01  -4.1 1.02e-03    -  1.00e+00 1.00e+00h  1
iter    objective    inf_pr   inf_du lg(mu)  ||d||  lg(rg) alpha_du alpha_pr  ls
2240  1.9882590e-04 1.32e-07 7.12e+01  -4.1 1.14e-03    -  1.00e+00 5.00e-01h  2
2241  1.9884187e-04 5.96e-08 7.03e+01  -4.1 6.49e-04    -  1.00e+00 5.00e-01h  2
2242  1.9883375e-04 7.17e-08 7.11e+01  -4.1 3.07e-03    -  1.00e+00 1.25e-01h  4
2243  1.9883481e-04 5.93e-08 7.11e+01  -4.1 9.88e-04    -  1.00e+00 2.50e-01h  3
2244  1.9889159e-04 1.94e-08 7.10e+01  -4.1 4.07e-04    -  1.00e+00 1.00e+00H  1
2245  1.9888983e-04 1.69e-08 7.10e+01  -4.1 7.90e-02    -  1.00e+00 3.91e-03h  9
2246  1.9885890e-04 2.32e-08 7.04e+01  -4.1 1.92e-04    -  1.00e+00 1.00e+00h  1
2247  1.9885947e-04 1.46e-08 7.05e+01  -4.1 3.52e-04    -  1.00e+00 5.00e-01h  2
2248  1.9885410e-04 4.59e-08 7.09e+01  -4.1 5.09e-04    -  1.00e+00 5.00e-01h  2
2249  1.9885385e-04 4.59e-08 7.09e+01  -4.1 2.40e-03    -  1.00e+00 3.12e-02h  6
iter    objective    inf_pr   inf_du lg(mu)  ||d||  lg(rg) alpha_du alpha_pr  ls
2250  1.9888321e-04 1.79e-08 7.05e+01  -4.1 1.36e-04    -  1.00e+00 1.00e+00h  1
2251  1.9889386e-04 6.37e-09 7.10e+01  -4.1 1.68e-04    -  1.00e+00 5.00e-01h  2
2252  1.9876357e-04 9.91e-08 7.05e+01  -4.1 6.52e-04    -  1.00e+00 1.00e+00h  1
2253  1.9876847e-04 1.01e-07 7.05e+01  -4.1 1.83e-02    -  1.00e+00 1.56e-02h  7
2254  1.9876839e-04 9.00e-08 7.06e+01  -4.1 1.91e-03    -  1.00e+00 1.25e-01h  4
2255  1.9878020e-04 1.01e-07 7.06e+01  -4.1 1.48e-03    -  1.00e+00 1.25e-01h  4
2256  1.9877468e-04 1.15e-07 7.08e+01  -4.1 1.11e-01    -  1.00e+00 1.95e-03h 10
2257  1.9882457e-04 1.30e-07 7.07e+01  -4.1 1.38e-03    -  1.00e+00 2.50e-01h  3
2258  1.9880907e-04 1.52e-07 7.07e+01  -4.1 1.57e-01    -  1.00e+00 1.95e-03h 10
2259  1.9882047e-04 1.22e-07 7.06e+01  -4.1 5.04e-04    -  1.00e+00 2.50e-01h  3
iter    objective    inf_pr   inf_du lg(mu)  ||d||  lg(rg) alpha_du alpha_pr  ls
2260  1.9883118e-04 6.20e-08 7.05e+01  -4.1 2.56e-04    -  1.00e+00 5.00e-01h  2
2261  1.9882974e-04 8.44e-08 7.09e+01  -4.1 6.45e-03    -  1.00e+00 3.12e-02h  6
2262  1.9883043e-04 8.31e-08 7.09e+01  -4.1 3.40e-04    -  1.00e+00 1.56e-02h  7
2263  1.9882944e-04 8.43e-08 7.09e+01  -4.1 7.19e-03    -  1.00e+00 7.81e-03h  8
2264  1.9883086e-04 7.76e-08 7.09e+01  -4.1 8.76e-04    -  1.00e+00 1.25e-01h  4
2265  1.9883095e-04 7.74e-08 7.09e+01  -4.1 2.82e-04    -  1.00e+00 1.95e-03h 10
2266  1.9882824e-04 7.72e-08 7.05e+01  -4.1 9.42e-03    -  1.00e+00 1.56e-02h  7
2267  1.9885324e-04 3.91e-08 7.05e+01  -4.1 2.52e-04    -  1.00e+00 5.00e-01h  2
2268  1.9885251e-04 3.87e-08 7.05e+01  -4.1 3.97e-03    -  1.00e+00 1.56e-02h  7
2269  1.9889817e-04 9.99e-09 7.10e+01  -4.1 1.84e-04    -  1.00e+00 1.00e+00h  1
iter    objective    inf_pr   inf_du lg(mu)  ||d||  lg(rg) alpha_du alpha_pr  ls
2270  1.9887481e-04 1.37e-08 7.09e+01  -4.1 4.35e-04    -  1.00e+00 2.50e-01h  3
2271  1.9885606e-04 1.97e-08 7.09e+01  -4.1 7.09e-02    -  1.00e+00 3.91e-03h  9
2272  1.9886709e-04 1.17e-08 7.05e+01  -4.1 7.18e-04    -  1.00e+00 2.50e-01h  3
2273  1.9886983e-04 8.08e-09 7.05e+01  -4.1 5.21e-04    -  1.00e+00 2.50e-01h  3
2274  1.9887436e-04 8.15e-09 7.09e+01  -4.1 3.56e-04    -  1.00e+00 2.50e-01h  3
2275  1.9885727e-04 1.09e-08 7.06e+01  -4.1 9.57e-05    -  1.00e+00 1.00e+00h  1
2276  1.9885958e-04 1.03e-08 7.06e+01  -4.1 6.65e-04    -  1.00e+00 6.25e-02h  5
2277  1.9886190e-04 1.06e-08 7.08e+01  -4.1 3.57e-03    -  1.00e+00 7.81e-03h  8
2278  1.9890443e-04 5.39e-09 7.09e+01  -4.1 3.08e-04    -  1.00e+00 1.00e+00H  1
2279  1.9890359e-04 5.59e-09 7.05e+01  -4.1 1.01e-02    -  1.00e+00 3.91e-03h  9
iter    objective    inf_pr   inf_du lg(mu)  ||d||  lg(rg) alpha_du alpha_pr  ls
2280  1.9890158e-04 5.79e-09 7.05e+01  -4.1 9.04e-02    -  1.00e+00 2.44e-04h 13
2281  1.9890099e-04 5.90e-09 7.05e+01  -4.1 4.74e-03    -  1.00e+00 3.91e-03h  9
2282  1.9889865e-04 5.84e-09 7.09e+01  -4.1 1.70e-03    -  1.00e+00 6.25e-02h  5
2283  1.9882103e-04 1.09e-06 7.05e+01  -4.1 4.43e-01    -  1.00e+00 3.91e-03h  9
2284  1.9879491e-04 1.06e-06 7.05e+01  -4.1 7.53e-03    -  1.00e+00 1.25e-01h  4
2285  1.9869946e-04 1.76e-06 7.04e+01  -4.1 3.98e-03    -  1.00e+00 2.50e-01h  3
2286  1.9877333e-04 1.41e-06 7.10e+01  -4.1 4.93e-03    -  1.00e+00 2.50e-01h  3
2287  1.9879198e-04 2.55e-07 7.02e+01  -4.1 7.56e-04    -  1.00e+00 1.00e+00h  1
2288  1.9885000e-04 1.23e-07 7.03e+01  -4.1 7.55e-04    -  1.00e+00 1.00e+00h  1
2289  1.9888483e-04 1.15e-07 7.10e+01  -4.1 1.32e-03    -  1.00e+00 2.50e-01h  3
iter    objective    inf_pr   inf_du lg(mu)  ||d||  lg(rg) alpha_du alpha_pr  ls
2290  1.9887022e-04 6.53e-08 7.11e+01  -4.1 7.14e-04    -  1.00e+00 5.00e-01h  2
2291  1.9888452e-04 1.87e-08 7.05e+01  -4.1 8.52e-04    -  1.00e+00 1.00e+00h  1
2292  1.9886451e-04 2.08e-08 7.09e+01  -4.1 5.99e-04    -  1.00e+00 1.00e+00h  1
2293  1.9885859e-04 4.63e-08 7.09e+01  -4.1 3.02e-02    -  1.00e+00 7.81e-03h  8
2294  1.9886073e-04 4.50e-08 7.05e+01  -4.1 2.21e-02    -  1.00e+00 3.91e-03h  9
2295  1.9891262e-04 4.23e-09 7.09e+01  -4.1 3.70e-04    -  1.00e+00 1.00e+00H  1
2296  1.9890998e-04 4.86e-09 7.09e+01  -4.1 1.12e-01    -  1.00e+00 9.77e-04h 11
2297  1.9886334e-04 4.29e-08 7.08e+01  -4.1 1.27e-03    -  1.00e+00 5.00e-01h  2
2298  1.9885950e-04 3.11e-08 7.06e+01  -4.1 6.00e-04    -  1.00e+00 5.00e-01h  2
2299  1.9886426e-04 2.71e-08 7.06e+01  -4.1 6.98e-04    -  1.00e+00 1.25e-01h  4
iter    objective    inf_pr   inf_du lg(mu)  ||d||  lg(rg) alpha_du alpha_pr  ls
2300  1.9886438e-04 2.70e-08 7.06e+01  -4.1 9.36e-04    -  1.00e+00 3.91e-03h  9
2301  1.9886377e-04 2.70e-08 7.08e+01  -4.1 5.71e-03    -  1.00e+00 3.91e-03h  9
2302  1.9886412e-04 2.67e-08 7.08e+01  -4.1 8.69e-03    -  1.00e+00 7.81e-03h  8
2303  1.9888861e-04 4.91e-09 7.08e+01  -4.1 1.48e-04    -  1.00e+00 1.00e+00h  1
2304  1.9888374e-04 6.03e-09 7.08e+01  -4.1 3.81e-03    -  1.00e+00 6.25e-02h  5
2305  1.9888549e-04 6.25e-09 7.06e+01  -4.1 2.80e-03    -  1.00e+00 3.12e-02h  6
2306  1.9886506e-04 1.38e-08 7.07e+01  -4.1 1.87e-03    -  1.00e+00 2.50e-01h  3
2307  1.9886954e-04 1.27e-08 7.07e+01  -4.1 1.10e-03    -  1.00e+00 1.25e-01h  4
2308  1.9888342e-04 5.04e-09 7.07e+01  -4.1 3.31e-04    -  1.00e+00 1.00e+00h  1
2309  1.9888325e-04 5.43e-09 7.07e+01  -4.1 1.14e-02    -  1.00e+00 1.56e-02h  7
iter    objective    inf_pr   inf_du lg(mu)  ||d||  lg(rg) alpha_du alpha_pr  ls
2310  1.9886795e-04 2.12e-09 7.08e+01  -4.1 4.87e-05    -  1.00e+00 1.00e+00h  1
2311  1.9886794e-04 2.12e-09 7.08e+01  -4.1 1.43e-02    -  1.00e+00 9.77e-04h 11
2312  1.9887308e-04 1.90e-09 7.08e+01  -4.1 6.26e-04    -  1.00e+00 1.25e-01h  4
2313  1.9887371e-04 1.87e-09 7.08e+01  -4.1 5.78e-03    -  1.00e+00 1.56e-02h  7
2314  1.9890920e-04 3.40e-10 7.07e+01  -4.1 3.73e-04    -  1.00e+00 1.00e+00H  1
2315  1.9890904e-04 3.91e-10 7.07e+01  -4.1 5.80e-02    -  1.00e+00 1.95e-03h 10
2316  1.9890902e-04 6.48e-10 7.07e+01  -4.1 3.63e-03    -  1.00e+00 3.12e-02h  6
2317  1.9890441e-04 7.32e-10 7.07e+01  -4.1 9.84e-02    -  1.00e+00 9.77e-04h 11
2318  1.9890022e-04 1.99e-09 7.07e+01  -4.1 2.65e-02    -  1.00e+00 1.95e-03h 10
2319  1.9889226e-04 1.49e-09 7.07e+01  -4.1 9.22e-03    -  1.00e+00 1.56e-02h  7
iter    objective    inf_pr   inf_du lg(mu)  ||d||  lg(rg) alpha_du alpha_pr  ls
2320  1.9887655e-04 1.13e-09 7.09e+01  -4.1 1.49e-04    -  1.00e+00 1.00e+00H  1
2321  1.9888486e-04 5.91e-10 7.09e+01  -4.1 1.53e-04    -  1.00e+00 1.00e+00h  1
2322  1.9888480e-04 5.91e-10 7.05e+01  -4.1 9.15e-03    -  1.00e+00 1.95e-03h 10
2323  1.9890586e-04 3.22e-10 7.05e+01  -4.1 2.28e-04    -  1.00e+00 1.00e+00H  1
2324  1.9890423e-04 8.86e-10 7.09e+01  -4.1 3.86e-02    -  1.00e+00 3.91e-03h  9
2325  1.9890125e-04 1.03e-09 7.09e+01  -4.1 3.82e-04    -  1.00e+00 6.25e-02h  5
2326  1.9889644e-04 1.27e-09 7.09e+01  -4.1 1.34e-03    -  1.00e+00 6.25e-02h  5
2327  1.9889549e-04 1.31e-09 7.09e+01  -4.1 7.59e-03    -  1.00e+00 7.81e-03h  8
2328  1.9889281e-04 1.57e-09 7.09e+01  -4.1 2.28e-01    -  1.00e+00 4.88e-04h 12
2329  1.9888193e-04 9.65e-09 7.04e+01  -4.1 3.13e-03    -  1.00e+00 1.25e-01h  4
iter    objective    inf_pr   inf_du lg(mu)  ||d||  lg(rg) alpha_du alpha_pr  ls
2330  1.9888177e-04 1.19e-08 7.05e+01  -4.1 7.02e-03    -  1.00e+00 1.56e-02h  7
2331  1.9888586e-04 1.16e-08 7.05e+01  -4.1 1.38e-03    -  1.00e+00 6.25e-02h  5
2332  1.9887168e-04 1.18e-08 7.10e+01  -4.1 3.45e-03    -  1.00e+00 6.25e-02h  5
2333  1.9888185e-04 1.10e-08 7.09e+01  -4.1 1.06e-03    -  1.00e+00 1.25e-01h  4
2334  1.9887204e-04 1.09e-08 7.05e+01  -4.1 6.74e-03    -  1.00e+00 3.12e-02h  6
2335  1.9888577e-04 9.39e-09 7.05e+01  -4.1 8.22e-04    -  1.00e+00 2.50e-01h  3
2336  1.9888569e-04 9.68e-09 7.05e+01  -4.1 1.20e-02    -  1.00e+00 3.91e-03h  9
2337  1.9888464e-04 9.59e-09 7.05e+01  -4.1 3.82e-03    -  1.00e+00 7.81e-03h  8
2338  1.9888498e-04 9.52e-09 7.09e+01  -4.1 2.09e-02    -  1.00e+00 3.91e-03h  9
2339  1.9888306e-04 9.25e-09 7.09e+01  -4.1 1.51e-02    -  1.00e+00 1.56e-02h  7
iter    objective    inf_pr   inf_du lg(mu)  ||d||  lg(rg) alpha_du alpha_pr  ls
2340  1.9888430e-04 8.97e-09 7.09e+01  -4.1 6.13e-04    -  1.00e+00 3.12e-02h  6
2341  1.9888459e-04 8.68e-09 7.09e+01  -4.1 8.08e-03    -  1.00e+00 7.81e-03h  8
2342  1.9886787e-04 5.77e-08 7.04e+01  -4.1 1.54e-03    -  1.00e+00 5.00e-01h  2
2343  1.9886992e-04 5.60e-08 7.04e+01  -4.1 4.50e-04    -  1.00e+00 3.12e-02h  6
2344  1.9884052e-04 7.46e-08 7.10e+01  -4.1 4.98e-02    -  1.00e+00 1.56e-02h  7
2345  1.9884069e-04 7.46e-08 7.04e+01  -4.1 1.63e-01    -  1.00e+00 3.05e-05h 16
2346  1.9885358e-04 6.56e-08 7.05e+01  -4.1 1.64e-03    -  1.00e+00 1.25e-01h  4
2347  1.9885262e-04 6.40e-08 7.05e+01  -4.1 6.79e-03    -  1.00e+00 6.25e-02h  5
2348  1.9887021e-04 4.75e-08 7.08e+01  -4.1 2.33e-04    -  1.00e+00 2.50e-01h  3
2349  1.9887130e-04 4.64e-08 7.08e+01  -4.1 4.05e-02    -  1.00e+00 7.81e-03h  8
iter    objective    inf_pr   inf_du lg(mu)  ||d||  lg(rg) alpha_du alpha_pr  ls
2350  1.9887143e-04 4.63e-08 7.08e+01  -4.1 2.04e-04    -  1.00e+00 3.91e-03h  9
2351  1.9887140e-04 4.56e-08 7.08e+01  -4.1 4.10e-03    -  1.00e+00 1.56e-02h  7
2352  1.9887140e-04 4.55e-08 7.08e+01  -4.1 1.05e-02    -  1.00e+00 2.44e-04h 13
2353  1.9887149e-04 4.55e-08 7.06e+01  -4.1 2.27e-03    -  1.00e+00 1.95e-03h 10
2354  1.9887093e-04 4.26e-08 7.06e+01  -4.1 1.76e-03    -  1.00e+00 6.25e-02h  5
2355  1.9889538e-04 2.18e-08 7.08e+01  -4.1 4.58e-04    -  1.00e+00 1.00e+00h  1
2356  1.9885487e-04 7.42e-08 7.08e+01  -4.1 3.19e-04    -  1.00e+00 1.00e+00h  1
2357  1.9886183e-04 7.15e-08 7.08e+01  -4.1 3.40e-03    -  1.00e+00 1.25e-01h  4
2358  1.9887810e-04 5.32e-08 7.07e+01  -4.1 1.01e-03    -  1.00e+00 2.50e-01h  3
2359  1.9888132e-04 3.98e-08 7.08e+01  -4.1 7.23e-03    -  1.00e+00 6.25e-02h  5
iter    objective    inf_pr   inf_du lg(mu)  ||d||  lg(rg) alpha_du alpha_pr  ls
2360  1.9888550e-04 2.94e-08 7.08e+01  -4.1 2.18e-03    -  1.00e+00 1.25e-01h  4
2361  1.9886492e-04 3.83e-08 7.07e+01  -4.1 8.31e-03    -  1.00e+00 6.25e-02h  5
2362  1.9886476e-04 3.80e-08 7.07e+01  -4.1 3.49e-02    -  1.00e+00 3.91e-03h  9
2363  1.9889528e-04 7.20e-09 7.05e+01  -4.1 1.30e-03    -  1.00e+00 1.00e+00H  1
2364  1.9890057e-04 6.46e-09 7.06e+01  -4.1 1.72e-03    -  1.00e+00 1.25e-01h  4
2365  1.9889414e-04 4.90e-09 7.09e+01  -4.1 3.80e-04    -  1.00e+00 1.25e-01h  4
2366  1.9887583e-04 3.33e-09 7.05e+01  -4.1 2.85e-04    -  1.00e+00 1.00e+00h  1
2367  1.9887471e-04 4.90e-09 7.05e+01  -4.1 2.02e-02    -  1.00e+00 1.56e-02h  7
2368  1.9887568e-04 4.44e-09 7.05e+01  -4.1 1.98e-03    -  1.00e+00 1.56e-02h  7
2369  1.9887481e-04 4.82e-09 7.05e+01  -4.1 2.82e-03    -  1.00e+00 3.12e-02h  6
iter    objective    inf_pr   inf_du lg(mu)  ||d||  lg(rg) alpha_du alpha_pr  ls
2370  1.9887479e-04 4.85e-09 7.05e+01  -4.1 1.65e-02    -  1.00e+00 1.95e-03h 10
2371  1.9890741e-04 3.19e-09 7.10e+01  -4.1 3.60e-04    -  1.00e+00 1.00e+00H  1
2372  1.9891095e-04 3.75e-09 7.09e+01  -4.1 5.42e-04    -  1.00e+00 2.50e-01h  3
2373  1.9890932e-04 3.38e-09 7.09e+01  -4.1 6.09e-02    -  1.00e+00 1.95e-03h 10
2374  1.9889743e-04 3.00e-09 7.05e+01  -4.1 4.46e-02    -  1.00e+00 1.95e-03h 10
2375  1.9887093e-04 7.56e-09 7.10e+01  -4.1 1.51e-04    -  1.00e+00 1.00e+00h  1
2376  1.9889055e-04 1.21e-09 7.10e+01  -4.1 3.23e-04    -  1.00e+00 1.00e+00H  1
2377  1.9889060e-04 1.55e-09 7.10e+01  -4.1 8.95e-04    -  1.00e+00 1.25e-01h  4
2378  1.9889284e-04 1.28e-09 7.10e+01  -4.1 1.08e-03    -  1.00e+00 3.12e-02h  6
2379  1.9888631e-04 1.79e-09 7.04e+01  -4.1 6.25e-03    -  1.00e+00 1.56e-02h  7
iter    objective    inf_pr   inf_du lg(mu)  ||d||  lg(rg) alpha_du alpha_pr  ls
2380  1.9888105e-04 1.29e-10 7.11e+01  -4.1 4.41e-05    -  1.00e+00 1.00e+00h  1
2381  1.9888235e-04 1.65e-10 7.11e+01  -4.1 2.13e-03    -  1.00e+00 1.56e-02h  7
2382  1.9888354e-04 2.25e-10 7.11e+01  -4.1 4.53e-04    -  1.00e+00 6.25e-02h  5
2383  1.9888412e-04 3.37e-10 7.11e+01  -4.1 1.83e-03    -  1.00e+00 7.81e-03h  8
2384  1.9888327e-04 3.71e-10 7.11e+01  -4.1 1.74e-03    -  1.00e+00 3.91e-03h  9
2385  1.9888345e-04 3.73e-10 7.03e+01  -4.1 1.02e-03    -  1.00e+00 1.95e-03h 10
2386  1.9888345e-04 3.74e-10 7.03e+01  -4.1 6.42e-03    -  1.00e+00 4.88e-04h 12
2387  1.9888399e-04 3.91e-10 7.03e+01  -4.1 1.70e-04    -  1.00e+00 6.25e-02h  5
2388  1.9888861e-04 7.10e-10 7.03e+01  -4.1 6.52e-04    -  1.00e+00 6.25e-02h  5
2389  1.9888773e-04 7.80e-10 7.03e+01  -4.1 1.57e-04    -  1.00e+00 1.25e-01h  4
iter    objective    inf_pr   inf_du lg(mu)  ||d||  lg(rg) alpha_du alpha_pr  ls
2390  1.9888770e-04 7.83e-10 7.11e+01  -4.1 1.89e-02    -  1.00e+00 2.44e-04h 13
2391  1.9888900e-04 4.31e-10 7.03e+01  -4.1 5.76e-05    -  1.00e+00 5.00e-01h  2
2392  1.9888998e-04 4.65e-10 7.03e+01  -4.1 1.08e-04    -  1.00e+00 2.50e-01h  3
2393  1.9888948e-04 4.94e-10 7.03e+01  -4.1 9.93e-04    -  1.00e+00 7.81e-03h  8
2394  1.9888964e-04 4.90e-10 7.03e+01  -4.1 1.36e-03    -  1.00e+00 3.91e-03h  9
2395  1.9886472e-04 6.64e-08 7.12e+01  -4.1 5.93e-04    -  1.00e+00 1.00e+00h  1
2396  1.9886484e-04 6.59e-08 7.12e+01  -4.1 5.03e-04    -  1.00e+00 7.81e-03h  8
2397  1.9886491e-04 6.58e-08 7.12e+01  -4.1 3.81e-03    -  1.00e+00 9.77e-04h 11
2398  1.9886483e-04 6.58e-08 7.02e+01  -4.1 3.93e-01    -  1.00e+00 3.81e-06h 19
2399  1.9886490e-04 6.57e-08 7.02e+01  -4.1 3.38e-04    -  1.00e+00 1.95e-03h 10
iter    objective    inf_pr   inf_du lg(mu)  ||d||  lg(rg) alpha_du alpha_pr  ls
2400  1.9885660e-04 7.00e-08 7.02e+01  -4.1 1.24e-01    -  1.00e+00 3.91e-03h  9
2401  1.9889656e-04 2.30e-08 7.11e+01  -4.1 1.47e-04    -  1.00e+00 1.00e+00h  1
2402  1.9889509e-04 2.30e-08 7.11e+01  -4.1 4.52e-02    -  1.00e+00 3.91e-03h  9
2403  1.9888315e-04 2.27e-08 7.11e+01  -4.1 1.25e-03    -  1.00e+00 1.25e-01h  4
2404  1.9888663e-04 1.84e-08 7.11e+01  -4.1 5.99e-03    -  1.00e+00 3.12e-02h  6
2405  1.9889336e-04 1.84e-08 7.03e+01  -4.1 6.74e-03    -  1.00e+00 3.91e-03h  9
2406  1.9890132e-04 1.89e-08 7.03e+01  -4.1 1.25e-04    -  1.00e+00 1.00e+00h  1
2407  1.9889402e-04 2.03e-08 7.03e+01  -4.1 1.41e-01    -  1.00e+00 9.77e-04h 11
2408  1.9889399e-04 2.03e-08 7.03e+01  -4.1 1.42e-02    -  1.00e+00 1.95e-03h 10
2409  1.9888389e-04 2.11e-08 7.12e+01  -4.1 3.44e-03    -  1.00e+00 1.25e-01h  4
iter    objective    inf_pr   inf_du lg(mu)  ||d||  lg(rg) alpha_du alpha_pr  ls
2410  1.9887760e-04 3.99e-08 7.11e+01  -4.1 9.41e-04    -  1.00e+00 2.50e-01h  3
2411  1.9887547e-04 2.43e-08 7.10e+01  -4.1 1.54e-03    -  1.00e+00 2.50e-01h  3
2412  1.9888309e-04 2.42e-08 7.04e+01  -4.1 6.02e-03    -  1.00e+00 3.91e-03h  9
2413  1.9888313e-04 2.42e-08 7.04e+01  -4.1 7.01e-04    -  1.00e+00 4.88e-04h 12
2414  1.9887381e-04 2.93e-08 7.11e+01  -4.1 1.14e-02    -  1.00e+00 6.25e-02h  5
2415  1.9887486e-04 2.89e-08 7.11e+01  -4.1 5.85e-04    -  1.00e+00 1.56e-02h  7
2416  1.9887539e-04 2.80e-08 7.11e+01  -4.1 5.02e-04    -  1.00e+00 3.12e-02h  6
2417  1.9886244e-04 3.67e-08 7.11e+01  -4.1 1.77e-01    -  1.00e+00 3.91e-03h  9
2418  1.9886693e-04 3.50e-08 7.04e+01  -4.1 1.08e-03    -  1.00e+00 1.25e-01h  4
2419  1.9887054e-04 3.07e-08 7.05e+01  -4.1 1.04e-03    -  1.00e+00 1.25e-01h  4
iter    objective    inf_pr   inf_du lg(mu)  ||d||  lg(rg) alpha_du alpha_pr  ls
2420  1.9887203e-04 3.04e-08 7.09e+01  -4.1 9.08e-03    -  1.00e+00 7.81e-03h  8
2421  1.9887324e-04 2.95e-08 7.09e+01  -4.1 3.30e-04    -  1.00e+00 3.12e-02h  6
2422  1.9887006e-04 2.79e-08 7.06e+01  -4.1 5.83e-03    -  1.00e+00 6.25e-02h  5
2423  1.9887180e-04 2.70e-08 7.06e+01  -4.1 3.57e-04    -  1.00e+00 3.12e-02h  6
2424  1.9886815e-04 2.78e-08 7.08e+01  -4.1 3.03e-02    -  1.00e+00 3.91e-03h  9
2425  1.9887144e-04 2.42e-08 7.08e+01  -4.1 2.06e-03    -  1.00e+00 1.25e-01h  4
2426  1.9887408e-04 2.30e-08 7.08e+01  -4.1 1.20e-03    -  1.00e+00 6.25e-02h  5
2427  1.9887390e-04 2.29e-08 7.06e+01  -4.1 4.99e-03    -  1.00e+00 7.81e-03h  8
2428  1.9888657e-04 1.70e-08 7.07e+01  -4.1 2.84e-04    -  1.00e+00 2.50e-01h  3
2429  1.9888588e-04 1.72e-08 7.07e+01  -4.1 2.04e-03    -  1.00e+00 3.12e-02h  6
iter    objective    inf_pr   inf_du lg(mu)  ||d||  lg(rg) alpha_du alpha_pr  ls
2430  1.9888043e-04 1.89e-08 7.07e+01  -4.1 1.59e-01    -  1.00e+00 9.77e-04h 11
2431  1.9888186e-04 1.88e-08 7.08e+01  -4.1 4.20e-03    -  1.00e+00 7.81e-03h  8
2432  1.9886932e-04 3.90e-09 7.09e+01  -4.1 1.49e-04    -  1.00e+00 1.00e+00h  1
2433  1.9887028e-04 4.01e-09 7.09e+01  -4.1 2.67e-03    -  1.00e+00 1.56e-02h  7
2434  1.9886892e-04 1.44e-08 7.05e+01  -4.1 9.26e-04    -  1.00e+00 1.25e-01h  4
2435  1.9886918e-04 1.43e-08 7.05e+01  -4.1 3.33e-04    -  1.00e+00 3.91e-03h  9
2436  1.9885749e-04 4.74e-08 7.09e+01  -4.1 2.35e-02    -  1.00e+00 7.81e-03h  8
2437  1.9886551e-04 3.50e-08 7.06e+01  -4.1 3.87e-04    -  1.00e+00 2.50e-01h  3
2438  1.9886776e-04 3.40e-08 7.08e+01  -4.1 1.01e-03    -  1.00e+00 3.12e-02h  6
2439  1.9886865e-04 3.35e-08 7.08e+01  -4.1 3.26e-04    -  1.00e+00 1.56e-02h  7
iter    objective    inf_pr   inf_du lg(mu)  ||d||  lg(rg) alpha_du alpha_pr  ls
2440  1.9886879e-04 3.34e-08 7.08e+01  -4.1 2.36e-03    -  1.00e+00 3.91e-03h  9
2441  1.9886876e-04 3.34e-08 7.08e+01  -4.1 1.07e-02    -  1.00e+00 1.95e-03h 10
2442  1.9892979e-04 4.83e-09 7.08e+01  -4.1 3.19e-04    -  1.00e+00 1.00e+00H  1
2443  1.9892908e-04 4.79e-09 7.08e+01  -4.1 5.39e-02    -  1.00e+00 9.77e-04h 11
2444  1.9892883e-04 4.80e-09 7.08e+01  -4.1 9.68e-03    -  1.00e+00 1.95e-03h 10
2445  1.9892650e-04 4.99e-09 7.08e+01  -4.1 3.58e-03    -  1.00e+00 7.81e-03h  8
2446  1.9892642e-04 4.93e-09 7.08e+01  -4.1 2.00e-03    -  1.00e+00 7.81e-03h  8
2447  1.9892486e-04 4.94e-09 7.08e+01  -4.1 2.07e-01    -  1.00e+00 6.10e-05h 15
2448  1.9892249e-04 6.05e-09 7.07e+01  -4.1 5.20e-03    -  1.00e+00 1.56e-02h  7
2449  1.9892065e-04 5.30e-08 7.05e+01  -4.1 1.03e-03    -  1.00e+00 5.00e-01h  2
iter    objective    inf_pr   inf_du lg(mu)  ||d||  lg(rg) alpha_du alpha_pr  ls
2450  1.9891073e-04 1.73e-06 7.10e+01  -4.1 3.35e-01    -  1.00e+00 7.81e-03h  8
2451  1.9884608e-04 1.04e-06 7.11e+01  -4.1 2.52e-03    -  1.00e+00 5.00e-01h  2
2452  1.9877886e-04 7.90e-07 7.11e+01  -4.1 1.30e-02    -  1.00e+00 1.25e-01h  4
2453  1.9879401e-04 1.91e-07 7.12e+01  -4.1 1.54e-03    -  1.00e+00 1.00e+00h  1
2454  1.9877969e-04 2.72e-07 7.02e+01  -4.1 1.61e-03    -  1.00e+00 5.00e-01h  2
2455  1.9877850e-04 2.73e-07 7.02e+01  -4.1 6.41e-03    -  1.00e+00 1.56e-02h  7
2456  1.9880811e-04 1.53e-07 7.12e+01  -4.1 1.05e-03    -  1.00e+00 5.00e-01h  2
2457  1.9879618e-04 3.01e-07 7.12e+01  -4.1 4.56e-04    -  1.00e+00 1.00e+00h  1
2458  1.9879140e-04 9.36e-08 7.03e+01  -4.1 4.82e-04    -  1.00e+00 5.00e-01h  2
2459  1.9883849e-04 1.01e-07 7.11e+01  -4.1 4.61e-04    -  1.00e+00 1.00e+00h  1
iter    objective    inf_pr   inf_du lg(mu)  ||d||  lg(rg) alpha_du alpha_pr  ls
2460  1.9882057e-04 5.17e-08 7.11e+01  -4.1 2.83e-04    -  1.00e+00 1.00e+00h  1
2461  1.9882350e-04 3.37e-08 7.11e+01  -4.1 1.13e-03    -  1.00e+00 1.25e-01h  4
2462  1.9882991e-04 3.44e-08 7.03e+01  -4.1 2.36e-03    -  1.00e+00 1.56e-02h  7
2463  1.9884877e-04 1.99e-08 7.03e+01  -4.1 5.11e-04    -  1.00e+00 5.00e-01h  2
2464  1.9884060e-04 1.91e-08 7.04e+01  -4.1 8.17e-03    -  1.00e+00 1.56e-02h  7
2465  1.9891088e-04 1.48e-08 7.11e+01  -4.1 4.21e-04    -  1.00e+00 1.00e+00H  1
2466  1.9890727e-04 1.70e-08 7.11e+01  -4.1 7.57e-03    -  1.00e+00 7.81e-03h  8
2467  1.9889790e-04 1.65e-08 7.10e+01  -4.1 6.33e-04    -  1.00e+00 6.25e-02h  5
2468  1.9887504e-04 3.05e-08 7.03e+01  -4.1 1.13e-03    -  1.00e+00 5.00e-01h  2
2469  1.9887275e-04 3.10e-08 7.03e+01  -4.1 1.20e-01    -  1.00e+00 4.88e-04h 12
iter    objective    inf_pr   inf_du lg(mu)  ||d||  lg(rg) alpha_du alpha_pr  ls
2470  1.9885958e-04 2.35e-08 7.10e+01  -4.1 6.46e-04    -  1.00e+00 2.50e-01h  3
2471  1.9886482e-04 1.58e-08 7.09e+01  -4.1 1.44e-04    -  1.00e+00 1.00e+00h  1
2472  1.9888415e-04 8.75e-09 7.06e+01  -4.1 1.34e-04    -  1.00e+00 1.00e+00h  1
2473  1.9887969e-04 1.60e-08 7.06e+01  -4.1 1.58e-03    -  1.00e+00 6.25e-02h  5
2474  1.9888094e-04 1.66e-08 7.06e+01  -4.1 6.84e-04    -  1.00e+00 1.25e-01h  4
2475  1.9887567e-04 1.62e-08 7.06e+01  -4.1 5.21e-04    -  1.00e+00 1.25e-01h  4
2476  1.9888344e-04 1.28e-08 7.08e+01  -4.1 1.05e-03    -  1.00e+00 1.25e-01h  4
2477  1.9888192e-04 1.49e-08 7.08e+01  -4.1 4.92e-03    -  1.00e+00 3.12e-02h  6
2478  1.9887956e-04 1.59e-08 7.08e+01  -4.1 4.24e-03    -  1.00e+00 1.56e-02h  7
2479  1.9887932e-04 1.56e-08 7.06e+01  -4.1 1.53e-03    -  1.00e+00 3.12e-02h  6
iter    objective    inf_pr   inf_du lg(mu)  ||d||  lg(rg) alpha_du alpha_pr  ls
2480  1.9887255e-04 1.44e-08 7.06e+01  -4.1 7.55e-04    -  1.00e+00 1.25e-01h  4
2481  1.9887469e-04 1.35e-08 7.06e+01  -4.1 3.98e-04    -  1.00e+00 1.25e-01h  4
2482  1.9887237e-04 1.41e-08 7.08e+01  -4.1 1.69e-03    -  1.00e+00 6.25e-02h  5
2483  1.9887392e-04 2.97e-09 7.07e+01  -4.1 9.07e-05    -  1.00e+00 1.00e+00h  1
2484  1.9887389e-04 3.04e-09 7.07e+01  -4.1 5.34e-04    -  1.00e+00 6.25e-02h  5
2485  1.9887521e-04 3.13e-09 7.07e+01  -4.1 7.51e-04    -  1.00e+00 6.25e-02h  5
2486  1.9887485e-04 3.14e-09 7.07e+01  -4.1 3.10e-02    -  1.00e+00 1.22e-04h 14
2487  1.9888365e-04 1.55e-09 7.07e+01  -4.1 5.63e-05    -  1.00e+00 1.00e+00h  1
2488  1.9886650e-04 5.25e-09 7.06e+01  -4.1 3.43e-04    -  1.00e+00 5.00e-01h  2
2489  1.9886668e-04 5.19e-09 7.06e+01  -4.1 4.01e-04    -  1.00e+00 3.12e-02h  6
iter    objective    inf_pr   inf_du lg(mu)  ||d||  lg(rg) alpha_du alpha_pr  ls
2490  1.9886739e-04 5.28e-09 7.06e+01  -4.1 1.11e-03    -  1.00e+00 1.56e-02h  7
2491  1.9887274e-04 4.37e-09 7.06e+01  -4.1 4.11e-04    -  1.00e+00 1.25e-01h  4
2492  1.9887175e-04 5.27e-09 7.06e+01  -4.1 2.14e-02    -  1.00e+00 1.95e-03h 10
2493  1.9887205e-04 5.28e-09 7.06e+01  -4.1 4.14e-03    -  1.00e+00 7.81e-03h  8
2494  1.9887200e-04 5.28e-09 7.08e+01  -4.1 8.30e-02    -  1.00e+00 5.96e-08h 25
2495  1.9888262e-04 2.26e-09 7.07e+01  -4.1 6.09e-05    -  1.00e+00 1.00e+00h  1
2496  1.9888305e-04 1.91e-09 7.07e+01  -4.1 3.04e-03    -  1.00e+00 1.56e-02h  7
2497  1.9888045e-04 2.80e-09 7.07e+01  -4.1 1.08e-03    -  1.00e+00 3.12e-02h  6
2498  1.9888297e-04 2.57e-09 7.07e+01  -4.1 9.72e-05    -  1.00e+00 2.50e-01h  3
2499  1.9888001e-04 8.57e-10 7.06e+01  -4.1 6.75e-05    -  1.00e+00 1.00e+00h  1
iter    objective    inf_pr   inf_du lg(mu)  ||d||  lg(rg) alpha_du alpha_pr  ls
2500  1.9887947e-04 3.11e-10 7.05e+01  -4.1 6.60e-05    -  1.00e+00 1.00e+00h  1
2501  1.9887918e-04 1.73e-09 7.09e+01  -4.1 5.30e-04    -  1.00e+00 1.25e-01h  4
2502  1.9887942e-04 1.72e-09 7.09e+01  -4.1 2.67e-04    -  1.00e+00 7.81e-03h  8
2503  1.9887888e-04 1.97e-09 7.09e+01  -4.1 6.95e-03    -  1.00e+00 3.91e-03h  9
2504  1.9887909e-04 1.97e-09 7.09e+01  -4.1 5.76e-04    -  1.00e+00 3.91e-03h  9
2505  1.9887771e-04 2.36e-09 7.09e+01  -4.1 7.32e-04    -  1.00e+00 6.25e-02h  5
2506  1.9887772e-04 2.40e-09 7.09e+01  -4.1 6.87e-03    -  1.00e+00 1.95e-03h 10
2507  1.9887760e-04 2.40e-09 7.05e+01  -4.1 7.61e-04    -  1.00e+00 1.56e-02h  7
2508  1.9887769e-04 2.41e-09 7.05e+01  -4.1 2.29e-03    -  1.00e+00 3.91e-03h  9
2509  1.9887860e-04 2.42e-09 7.05e+01  -4.1 1.13e-03    -  1.00e+00 1.56e-02h  7
iter    objective    inf_pr   inf_du lg(mu)  ||d||  lg(rg) alpha_du alpha_pr  ls
2510  1.9887886e-04 2.40e-09 7.05e+01  -4.1 9.61e-04    -  1.00e+00 7.81e-03h  8
2511  1.9887887e-04 2.40e-09 7.05e+01  -4.1 4.34e-03    -  1.00e+00 4.88e-04h 12
2512  1.9887919e-04 2.26e-09 7.09e+01  -4.1 6.52e-04    -  1.00e+00 6.25e-02h  5
2513  1.9887919e-04 2.26e-09 7.09e+01  -4.1 8.38e-05    -  1.00e+00 2.44e-04h 13
2514  1.9887919e-04 2.26e-09 7.09e+01  -4.1 3.97e-03    -  1.00e+00 3.05e-05h 16
2515  1.9888127e-04 2.17e-09 7.05e+01  -4.1 5.31e-04    -  1.00e+00 6.25e-02h  5
2516  1.9888132e-04 2.17e-09 7.05e+01  -4.1 3.94e-03    -  1.00e+00 9.77e-04h 11
2517  1.9888829e-04 1.54e-09 7.10e+01  -4.1 9.91e-05    -  1.00e+00 1.00e+00H  1
2518  1.9888838e-04 1.48e-09 7.10e+01  -4.1 3.90e-04    -  1.00e+00 3.12e-02h  6
2519  1.9887395e-04 6.34e-08 7.03e+01  -4.1 8.55e-04    -  1.00e+00 5.00e-01h  2
iter    objective    inf_pr   inf_du lg(mu)  ||d||  lg(rg) alpha_du alpha_pr  ls
2520  1.9887539e-04 6.28e-08 7.03e+01  -4.1 4.46e-03    -  1.00e+00 1.56e-02h  7
2521  1.9885909e-04 1.15e-07 7.04e+01  -4.1 6.54e-03    -  1.00e+00 6.25e-02h  5
2522  1.9886645e-04 1.01e-07 7.05e+01  -4.1 5.32e-04    -  1.00e+00 1.25e-01h  4
2523  1.9887330e-04 8.82e-08 7.05e+01  -4.1 2.62e-04    -  1.00e+00 1.25e-01h  4
2524  1.9887264e-04 8.81e-08 7.09e+01  -4.1 8.65e-01    -  1.00e+00 3.05e-05h 16
2525  1.9887354e-04 8.53e-08 7.09e+01  -4.1 3.11e-04    -  1.00e+00 3.12e-02h  6
2526  1.9887402e-04 7.18e-08 7.09e+01  -4.1 8.73e-04    -  1.00e+00 1.25e-01h  4
2527  1.9887324e-04 7.22e-08 7.09e+01  -4.1 3.83e-03    -  1.00e+00 3.12e-02h  6
2528  1.9887367e-04 7.17e-08 7.09e+01  -4.1 1.28e-03    -  1.00e+00 7.81e-03h  8
2529  1.9887312e-04 6.14e-08 7.05e+01  -4.1 6.21e-04    -  1.00e+00 1.25e-01h  4
iter    objective    inf_pr   inf_du lg(mu)  ||d||  lg(rg) alpha_du alpha_pr  ls
2530  1.9887396e-04 6.05e-08 7.05e+01  -4.1 6.15e-04    -  1.00e+00 1.56e-02h  7
2531  1.9887401e-04 6.04e-08 7.05e+01  -4.1 5.30e-03    -  1.00e+00 9.77e-04h 11
2532  1.9887401e-04 6.04e-08 7.05e+01  -4.1 2.57e-04    -  1.00e+00 1.22e-04h 14
2533  1.9887521e-04 6.29e-08 7.10e+01  -4.1 3.50e-03    -  1.00e+00 6.25e-02h  5
2534  1.9889666e-04 1.05e-08 7.09e+01  -4.1 1.07e-04    -  1.00e+00 1.00e+00h  1
2535  1.9888828e-04 6.76e-08 7.05e+01  -4.1 3.20e-04    -  1.00e+00 1.00e+00h  1
2536  1.9888688e-04 6.73e-08 7.05e+01  -4.1 2.23e-03    -  1.00e+00 1.56e-02h  7
2537  1.9888469e-04 6.78e-08 7.09e+01  -4.1 9.95e-03    -  1.00e+00 3.91e-03h  9
2538  1.9887249e-04 2.61e-07 7.04e+01  -4.1 1.77e-03    -  1.00e+00 2.50e-01h  3
2539  1.9887319e-04 2.57e-07 7.04e+01  -4.1 7.92e-04    -  1.00e+00 1.56e-02h  7
iter    objective    inf_pr   inf_du lg(mu)  ||d||  lg(rg) alpha_du alpha_pr  ls
2540  1.9887362e-04 2.55e-07 7.04e+01  -4.1 2.13e-03    -  1.00e+00 7.81e-03h  8
2541  1.9886546e-04 4.42e-07 7.04e+01  -4.1 1.89e-03    -  1.00e+00 2.50e-01h  3
2542  1.9886980e-04 3.70e-07 7.10e+01  -4.1 1.23e-03    -  1.00e+00 1.25e-01h  4
2543  1.9887013e-04 3.69e-07 7.10e+01  -4.1 2.86e-02    -  1.00e+00 7.81e-03h  8
2544  1.9887161e-04 3.68e-07 7.04e+01  -4.1 1.44e-02    -  1.00e+00 4.88e-04h 12
2545  1.9887219e-04 3.66e-07 7.04e+01  -4.1 2.50e-03    -  1.00e+00 7.81e-03h  8
2546  1.9886279e-04 4.62e-07 7.04e+01  -4.1 5.30e-02    -  1.00e+00 7.81e-03h  8
2547  1.9886522e-04 4.47e-07 7.10e+01  -4.1 1.47e-03    -  1.00e+00 3.12e-02h  6
2548  1.9886527e-04 4.47e-07 7.10e+01  -4.1 4.57e-04    -  1.00e+00 9.77e-04h 11
2549  1.9886516e-04 4.47e-07 7.05e+01  -4.1 2.18e-02    -  1.00e+00 1.95e-03h 10
iter    objective    inf_pr   inf_du lg(mu)  ||d||  lg(rg) alpha_du alpha_pr  ls
2550  1.9886531e-04 4.46e-07 7.05e+01  -4.1 5.06e-04    -  1.00e+00 1.95e-03h 10
2551  1.9886531e-04 4.46e-07 7.05e+01  -4.1 3.96e-03    -  1.00e+00 1.22e-04h 14
2552  1.9897716e-04 1.19e-07 7.07e+01  -4.1 9.70e-04    -  1.00e+00 1.00e+00h  1
2553  1.9897667e-04 2.99e-07 7.08e+01  -4.1 4.20e-03    -  1.00e+00 1.25e-01h  4
2554  1.9892560e-04 3.04e-07 7.07e+01  -4.1 3.13e-03    -  1.00e+00 2.50e-01h  3
2555  1.9890193e-04 9.65e-08 7.02e+01  -4.1 1.12e-03    -  1.00e+00 1.00e+00h  1
2556  1.9885266e-04 5.70e-07 7.02e+01  -4.1 3.04e-03    -  1.00e+00 2.50e-01h  3
2557  1.9885001e-04 2.48e-07 7.11e+01  -4.1 1.34e-03    -  1.00e+00 5.00e-01h  2
2558  1.9887750e-04 2.17e-07 7.03e+01  -4.1 4.92e-03    -  1.00e+00 1.25e-01h  4
2559  1.9884974e-04 1.97e-07 7.04e+01  -4.1 6.43e-03    -  1.00e+00 2.50e-01h  3
iter    objective    inf_pr   inf_du lg(mu)  ||d||  lg(rg) alpha_du alpha_pr  ls
2560  1.9883803e-04 1.48e-06 7.03e+01  -4.1 4.07e-03    -  1.00e+00 5.00e-01h  2
2561  1.9878632e-04 1.52e-06 7.03e+01  -4.1 1.76e-02    -  1.00e+00 6.25e-02h  5
2562  1.9880105e-04 1.54e-06 7.11e+01  -4.1 7.45e-02    -  1.00e+00 7.81e-03h  8
2563  1.9879446e-04 2.87e-07 7.12e+01  -4.1 8.50e-04    -  1.00e+00 1.00e+00h  1
2564  1.9879235e-04 2.90e-07 7.12e+01  -4.1 4.08e-03    -  1.00e+00 3.12e-02h  6
2565  1.9879085e-04 2.90e-07 7.12e+01  -4.1 4.82e-02    -  1.00e+00 9.77e-04h 11
2566  1.9880624e-04 2.55e-07 7.03e+01  -4.1 3.91e-03    -  1.00e+00 1.25e-01h  4
2567  1.9882795e-04 4.23e-08 7.03e+01  -4.1 2.15e-04    -  1.00e+00 1.00e+00h  1
2568  1.9893465e-04 1.10e-08 7.10e+01  -4.1 4.85e-04    -  1.00e+00 1.00e+00H  1
2569  1.9892405e-04 1.47e-08 7.10e+01  -4.1 1.84e-03    -  1.00e+00 1.25e-01h  4
iter    objective    inf_pr   inf_du lg(mu)  ||d||  lg(rg) alpha_du alpha_pr  ls
2570  1.9889571e-04 1.11e-08 7.10e+01  -4.1 7.93e-03    -  1.00e+00 3.12e-02h  6
2571  1.9887930e-04 1.50e-08 7.10e+01  -4.1 8.09e-04    -  1.00e+00 1.25e-01h  4
2572  1.9887834e-04 1.52e-08 7.05e+01  -4.1 2.84e-03    -  1.00e+00 7.81e-03h  8
2573  1.9886901e-04 1.99e-08 7.05e+01  -4.1 6.80e-04    -  1.00e+00 1.25e-01h  4
2574  1.9886663e-04 2.05e-08 7.09e+01  -4.1 1.38e-03    -  1.00e+00 6.25e-02h  5
2575  1.9886610e-04 2.07e-08 7.09e+01  -4.1 5.19e-02    -  1.00e+00 1.95e-03h 10
2576  1.9886404e-04 2.20e-08 7.05e+01  -4.1 1.13e-02    -  1.00e+00 3.91e-03h  9
2577  1.9886597e-04 1.65e-08 7.08e+01  -4.1 1.88e-04    -  1.00e+00 1.00e+00h  1
2578  1.9886221e-04 1.28e-08 7.08e+01  -4.1 1.45e-04    -  1.00e+00 1.00e+00h  1
2579  1.9886265e-04 1.25e-08 7.08e+01  -4.1 1.91e-03    -  1.00e+00 1.56e-02h  7
iter    objective    inf_pr   inf_du lg(mu)  ||d||  lg(rg) alpha_du alpha_pr  ls
2580  1.9887207e-04 6.11e-09 7.06e+01  -4.1 1.47e-04    -  1.00e+00 5.00e-01h  2
2581  1.9887155e-04 4.03e-09 7.06e+01  -4.1 3.87e-04    -  1.00e+00 1.25e-01h  4
2582  1.9887312e-04 3.98e-09 7.06e+01  -4.1 3.72e-04    -  1.00e+00 1.25e-01h  4
2583  1.9887894e-04 2.77e-09 7.08e+01  -4.1 3.49e-04    -  1.00e+00 2.50e-01h  3
2584  1.9885504e-04 1.84e-08 7.07e+01  -4.1 1.36e-04    -  1.00e+00 1.00e+00h  1
2585  1.9885372e-04 1.95e-08 7.07e+01  -4.1 1.60e-02    -  1.00e+00 7.81e-03h  8
2586  1.9892518e-04 1.26e-09 7.05e+01  -4.1 4.48e-04    -  1.00e+00 1.00e+00H  1
2587  1.9892437e-04 1.18e-09 7.05e+01  -4.1 1.57e-02    -  1.00e+00 3.91e-03h  9
2588  1.9891956e-04 1.43e-09 7.05e+01  -4.1 7.19e-02    -  1.00e+00 4.88e-04h 12
2589  1.9891714e-04 2.01e-09 7.05e+01  -4.1 2.19e-03    -  1.00e+00 1.56e-02h  7
iter    objective    inf_pr   inf_du lg(mu)  ||d||  lg(rg) alpha_du alpha_pr  ls
2590  1.9891317e-04 2.04e-09 7.05e+01  -4.1 6.56e-01    -  1.00e+00 1.53e-05h 17
2591  1.9891128e-04 2.05e-09 7.05e+01  -4.1 1.28e-01    -  1.00e+00 3.05e-05h 16
2592  1.9891064e-04 2.05e-09 7.09e+01  -4.1 1.88e-02    -  1.00e+00 1.22e-04h 14
2593  1.9890530e-04 8.78e-08 7.09e+01  -4.1 4.05e-02    -  1.00e+00 7.81e-03h  8
2594  1.9881353e-04 2.80e-07 7.07e+01  -4.1 3.14e-02    -  1.00e+00 6.25e-02h  5
2595  1.9882690e-04 1.41e-07 7.06e+01  -4.1 1.75e-03    -  1.00e+00 1.00e+00h  1
2596  1.9882967e-04 1.02e-07 7.05e+01  -4.1 9.80e-04    -  1.00e+00 2.50e-01h  3
2597  1.9883239e-04 9.94e-08 7.10e+01  -4.1 1.86e-03    -  1.00e+00 1.25e-01h  4
2598  1.9888136e-04 3.52e-08 7.04e+01  -4.1 2.77e-04    -  1.00e+00 1.00e+00h  1
2599  1.9885138e-04 1.07e-08 7.09e+01  -4.1 4.06e-04    -  1.00e+00 1.00e+00h  1
iter    objective    inf_pr   inf_du lg(mu)  ||d||  lg(rg) alpha_du alpha_pr  ls
2600  1.9885121e-04 1.04e-08 7.05e+01  -4.1 2.51e-03    -  1.00e+00 1.56e-02h  7
2601  1.9886159e-04 7.86e-09 7.04e+01  -4.1 6.21e-04    -  1.00e+00 5.00e-01h  2
2602  1.9886378e-04 1.72e-09 7.09e+01  -4.1 1.09e-04    -  1.00e+00 1.00e+00h  1
2603  1.9887048e-04 1.12e-09 7.06e+01  -4.1 4.72e-05    -  1.00e+00 5.00e-01h  2
2604  1.9887078e-04 9.32e-10 7.06e+01  -4.1 1.27e-03    -  1.00e+00 3.12e-02h  6
2605  1.9886981e-04 9.69e-10 7.08e+01  -4.1 2.53e-04    -  1.00e+00 1.25e-01h  4
2606  1.9886977e-04 1.06e-09 7.08e+01  -4.1 7.68e-03    -  1.00e+00 3.91e-03h  9
2607  1.9887015e-04 1.01e-09 7.08e+01  -4.1 2.29e-04    -  1.00e+00 6.25e-02h  5
2608  1.9886852e-04 1.10e-09 7.08e+01  -4.1 2.96e-04    -  1.00e+00 6.25e-02h  5
2609  1.9886998e-04 9.94e-10 7.08e+01  -4.1 7.11e-05    -  1.00e+00 2.50e-01h  3
iter    objective    inf_pr   inf_du lg(mu)  ||d||  lg(rg) alpha_du alpha_pr  ls
2610  1.9886994e-04 1.04e-09 7.06e+01  -4.1 9.06e-03    -  1.00e+00 9.77e-04h 11
2611  1.9886993e-04 1.05e-09 7.08e+01  -4.1 4.68e-03    -  1.00e+00 9.77e-04h 11
2612  1.9886993e-04 1.05e-09 7.06e+01  -4.1 8.28e-03    -  1.00e+00 2.44e-04h 13
2613  2.0314996e-04 9.23e-10 7.09e+01  -4.1 7.08e-03    -  1.00e+00 1.95e-03h 10
2614  2.0099341e-04 8.35e-10 7.08e+01  -4.1 2.80e-05    -  1.00e+00 1.00e+00h  1
2615  2.0089382e-04 8.37e-10 7.08e+01  -4.1 2.03e-02    -  1.00e+00 3.05e-05h 16
2616  2.0084412e-04 8.38e-10 7.08e+01  -4.1 2.02e-02    -  1.00e+00 1.53e-05h 17
2617  2.0083791e-04 8.39e-10 7.08e+01  -4.1 2.02e-02    -  1.00e+00 1.91e-06h 20
2618  2.0083713e-04 8.39e-10 7.08e+01  -4.1 2.02e-02    -  1.00e+00 2.38e-07h 23
2619  2.0083693e-04 8.39e-10 7.08e+01  -4.1 2.03e-02    -  1.00e+00 5.96e-08h 25
iter    objective    inf_pr   inf_du lg(mu)  ||d||  lg(rg) alpha_du alpha_pr  ls
2620  2.0009567e-04 1.28e-09 7.07e+01  -4.1 2.03e-02    -  1.00e+00 9.77e-04h 11
2621  1.9927254e-04 9.28e-09 7.09e+01  -4.1 9.85e-05    -  1.00e+00 1.00e+00h  1
2622  1.9828751e-04 1.92e-04 6.83e+01  -4.1 1.41e-02    -  1.00e+00 1.00e+00h  1
2623  1.9877284e-04 1.81e-04 7.30e+01  -4.1 7.05e-03    -  1.00e+00 6.25e-02h  5
2624  1.9769650e-04 1.59e-04 6.87e+01  -4.1 6.82e-03    -  1.00e+00 1.25e-01h  4
2625  1.9801035e-04 8.94e-05 7.20e+01  -4.1 6.40e-03    -  1.00e+00 5.00e-01h  2
2626  1.9766775e-04 5.04e-05 6.99e+01  -4.1 4.80e-03    -  1.00e+00 5.00e-01h  2
2627  1.9922457e-04 2.83e-05 7.12e+01  -4.1 3.62e-03    -  1.00e+00 5.00e-01h  2
2628  2.2294592e-04 7.12e-06 7.14e+01  -4.1 2.75e-03    -  1.00e+00 1.00e+00h  1
2629  2.1434833e-04 1.72e-06 7.12e+01  -4.1 1.30e-03    -  1.00e+00 1.00e+00h  1
iter    objective    inf_pr   inf_du lg(mu)  ||d||  lg(rg) alpha_du alpha_pr  ls
2630  2.0682944e-04 1.70e-06 7.02e+01  -4.1 1.79e+01    -  1.89e-02 4.60e-05f 12
2631  2.0241595e-04 4.85e-07 7.12e+01  -4.1 6.90e-04    -  1.00e+00 1.00e+00h  1
2632  2.0113092e-04 1.08e-07 7.02e+01  -4.1 3.52e-04    -  1.00e+00 1.00e+00h  1
2633  1.9917974e-04 6.93e-06 7.13e+01  -4.1 3.80e-03    -  1.00e+00 1.00e+00h  1
2634  1.9923564e-04 5.92e-06 7.01e+01  -4.1 2.95e-03    -  1.00e+00 1.00e+00h  1
2635  1.9892238e-04 1.07e-05 7.01e+01  -4.1 2.41e-02    -  1.00e+00 1.25e-01h  4
2636  1.9843485e-04 1.12e-05 7.13e+01  -4.1 3.93e-01    -  1.00e+00 7.81e-03h  8
2637  1.9808042e-04 1.42e-05 7.01e+01  -4.1 6.63e-01    -  1.00e+00 7.81e-03h  8
2638  1.9757347e-04 5.53e-05 7.13e+01  -4.1 1.75e-02    -  1.00e+00 5.00e-01h  2
2639  1.9727882e-04 1.90e-04 7.01e+01  -4.1 1.83e-01    -  1.00e+00 1.25e-01h  4
iter    objective    inf_pr   inf_du lg(mu)  ||d||  lg(rg) alpha_du alpha_pr  ls
2640  1.9726343e-04 2.37e-04 7.13e+01  -4.1 1.52e-01    -  1.00e+00 1.25e-01h  4
2641  1.9507481e-04 1.47e-04 7.13e+01  -4.1 1.85e-02    -  1.00e+00 5.00e-01h  2
2642  1.9419145e-04 2.04e-04 7.01e+01  -4.1 3.56e-01    -  1.00e+00 6.25e-02h  5
2643  1.9325627e-04 2.06e-04 7.01e+01  -4.1 1.20e-01    -  1.00e+00 6.25e-02h  5
2644  1.9316805e-04 2.06e-04 7.01e+01  -4.1 1.20e-01    -  1.00e+00 3.12e-02h  6
2645  1.9378144e-04 1.64e-04 7.13e+01  -4.1 1.96e-02    -  1.00e+00 2.50e-01h  3
2646  1.9378653e-04 1.68e-04 7.01e+01  -4.1 8.54e-02    -  1.00e+00 6.25e-02h  5
2647  1.9331369e-04 1.62e-04 7.13e+01  -4.1 8.25e-02    -  1.00e+00 1.25e-01h  4
2648  1.9572541e-04 8.09e-05 7.01e+01  -4.1 1.98e-02    -  1.00e+00 5.00e-01h  2
2649  1.9559613e-04 7.24e-05 7.01e+01  -4.1 2.67e-02    -  1.00e+00 2.50e-01h  3
iter    objective    inf_pr   inf_du lg(mu)  ||d||  lg(rg) alpha_du alpha_pr  ls
2650  1.9451223e-04 7.30e-05 7.01e+01  -4.1 9.54e-02    -  1.00e+00 6.25e-02h  5
2651  1.9564829e-04 4.68e-05 7.13e+01  -4.1 1.48e-02    -  1.00e+00 5.00e-01h  2
2652  1.9563551e-04 3.86e-05 7.13e+01  -4.1 2.96e-02    -  1.00e+00 1.25e-01h  4
2653  1.9597036e-04 3.98e-05 7.01e+01  -4.1 1.86e-01    -  1.00e+00 1.56e-02h  7
2654  1.9583314e-04 4.15e-05 7.01e+01  -4.1 1.63e-01    -  1.00e+00 1.56e-02h  7
2655  1.9558507e-04 3.84e-05 7.01e+01  -4.1 4.35e-02    -  1.00e+00 1.25e-01h  4
2656  1.9559463e-04 3.62e-05 7.01e+01  -4.1 1.91e-02    -  1.00e+00 1.25e-01h  4
2657  1.9668821e-04 2.87e-05 7.13e+01  -4.1 1.10e-02    -  1.00e+00 5.00e-01h  2
2658  1.9753688e-04 3.30e-05 7.13e+01  -4.1 7.27e-03    -  1.00e+00 1.00e+00h  1
2659  1.9745007e-04 3.16e-05 7.02e+01  -4.1 3.15e-02    -  1.00e+00 6.25e-02h  5
iter    objective    inf_pr   inf_du lg(mu)  ||d||  lg(rg) alpha_du alpha_pr  ls
2660  1.9755725e-04 2.96e-05 7.13e+01  -4.1 2.19e-02    -  1.00e+00 6.25e-02h  5
2661  1.9708746e-04 2.79e-05 7.13e+01  -4.1 1.63e-02    -  1.00e+00 2.50e-01h  3
2662  1.9715493e-04 2.44e-05 7.13e+01  -4.1 1.51e-02    -  1.00e+00 1.25e-01h  4
2663  1.9804123e-04 5.18e-06 7.02e+01  -4.1 3.50e-03    -  1.00e+00 1.00e+00h  1
2664  1.9804447e-04 5.11e-06 7.13e+01  -4.1 4.54e-02    -  1.00e+00 7.81e-03h  8
2665  1.9864749e-04 3.30e-06 7.02e+01  -4.1 2.73e-03    -  1.00e+00 1.00e+00h  1
2666  1.9863034e-04 3.38e-06 7.13e+01  -4.1 1.84e-02    -  1.00e+00 6.25e-02h  5
2667  1.9925648e-04 2.82e-06 7.12e+01  -4.1 2.41e-03    -  1.00e+00 1.00e+00H  1
2668  1.9877835e-04 1.65e-06 7.02e+01  -4.1 4.39e-03    -  1.00e+00 5.00e-01h  2
2669  1.9855863e-04 2.95e-06 7.02e+01  -4.1 3.98e-03    -  1.00e+00 5.00e-01h  2
iter    objective    inf_pr   inf_du lg(mu)  ||d||  lg(rg) alpha_du alpha_pr  ls
2670  1.9855579e-04 2.93e-06 7.02e+01  -4.1 6.41e-02    -  1.00e+00 3.91e-03h  9
2671  1.9861560e-04 2.72e-06 7.12e+01  -4.1 1.21e-02    -  1.00e+00 6.25e-02h  5
2672  1.9918044e-04 1.36e-06 7.02e+01  -4.1 2.21e-03    -  1.00e+00 1.00e+00H  1
2673  1.9903027e-04 1.98e-06 7.02e+01  -4.1 1.02e-02    -  1.00e+00 1.25e-01h  4
2674  1.9884530e-04 1.70e-06 7.02e+01  -4.1 5.44e-03    -  1.00e+00 2.50e-01h  3
2675  1.9925232e-04 1.03e-06 7.12e+01  -4.1 2.75e-03    -  1.00e+00 1.00e+00h  1
2676  1.9896120e-04 2.84e-07 7.12e+01  -4.1 2.08e-03    -  1.00e+00 1.00e+00h  1
2677  1.9881833e-04 9.97e-07 7.03e+01  -4.1 2.01e-03    -  1.00e+00 5.00e-01h  2
2678  1.9882293e-04 9.67e-07 7.11e+01  -4.1 1.35e-02    -  1.00e+00 1.56e-02h  7
2679  1.9882737e-04 7.12e-07 7.03e+01  -4.1 2.19e-03    -  1.00e+00 2.50e-01h  3
iter    objective    inf_pr   inf_du lg(mu)  ||d||  lg(rg) alpha_du alpha_pr  ls
2680  1.9877418e-04 8.35e-07 7.11e+01  -4.1 1.19e-02    -  1.00e+00 1.25e-01h  4
2681  1.9890846e-04 1.97e-07 7.12e+01  -4.1 7.51e-04    -  1.00e+00 1.00e+00h  1
2682  1.9890028e-04 3.53e-07 7.12e+01  -4.1 4.73e-03    -  1.00e+00 1.25e-01h  4
2683  1.9889838e-04 4.45e-07 7.12e+01  -4.1 2.72e-03    -  1.00e+00 2.50e-01h  3
2684  1.9888776e-04 3.82e-07 7.02e+01  -4.1 2.29e-02    -  1.00e+00 3.12e-02h  6
2685  1.9887258e-04 4.19e-07 7.02e+01  -4.1 1.17e-02    -  1.00e+00 3.12e-02h  6
2686  1.9887008e-04 3.12e-07 7.02e+01  -4.1 1.02e-03    -  1.00e+00 5.00e-01h  2
2687  1.9884683e-04 2.77e-07 7.03e+01  -4.1 4.91e-03    -  1.00e+00 1.25e-01h  4
2688  1.9881797e-04 3.68e-07 7.12e+01  -4.1 1.38e-02    -  1.00e+00 6.25e-02h  5
2689  1.9895691e-04 1.15e-07 7.03e+01  -4.1 1.13e-03    -  1.00e+00 1.00e+00H  1
iter    objective    inf_pr   inf_du lg(mu)  ||d||  lg(rg) alpha_du alpha_pr  ls
2690  1.9889135e-04 7.88e-08 7.03e+01  -4.1 1.68e-03    -  1.00e+00 5.00e-01h  2
2691  1.9887568e-04 3.21e-07 7.04e+01  -4.1 1.54e-03    -  1.00e+00 5.00e-01h  2
2692  1.9886170e-04 2.17e-07 7.11e+01  -4.1 1.65e-03    -  1.00e+00 5.00e-01h  2
2693  1.9887329e-04 1.01e-07 7.11e+01  -4.1 9.94e-04    -  1.00e+00 5.00e-01h  2
2694  1.9894776e-04 2.83e-08 7.05e+01  -4.1 6.04e-04    -  1.00e+00 1.00e+00H  1
2695  1.9894361e-04 4.26e-08 7.05e+01  -4.1 2.52e-03    -  1.00e+00 1.25e-01h  4
2696  1.9893276e-04 6.20e-08 7.05e+01  -4.1 1.46e-01    -  1.00e+00 1.95e-03h 10
2697  1.9892798e-04 7.18e-08 7.09e+01  -4.1 1.71e-02    -  1.00e+00 1.56e-02h  7
2698  1.9888618e-04 8.14e-08 7.08e+01  -4.1 7.39e-04    -  1.00e+00 5.00e-01h  2
2699  1.9888579e-04 8.32e-08 7.08e+01  -4.1 7.81e-03    -  1.00e+00 3.12e-02h  6
iter    objective    inf_pr   inf_du lg(mu)  ||d||  lg(rg) alpha_du alpha_pr  ls
2700  1.9888113e-04 7.93e-08 7.07e+01  -4.1 3.81e-03    -  1.00e+00 1.25e-01h  4
2701  1.9887772e-04 9.38e-08 7.07e+01  -4.1 2.67e-02    -  1.00e+00 7.81e-03h  8
2702  1.9888670e-04 9.26e-08 7.08e+01  -4.1 2.28e-03    -  1.00e+00 2.50e-01h  3
2703  1.9893597e-04 1.43e-08 7.05e+01  -4.1 6.98e-04    -  1.00e+00 1.00e+00H  1
2704  1.9893455e-04 1.68e-08 7.05e+01  -4.1 2.75e-02    -  1.00e+00 7.81e-03h  8
2705  1.9892224e-04 7.95e-08 7.05e+01  -4.1 2.08e-02    -  1.00e+00 1.56e-02h  7
2706  1.9891775e-04 7.56e-08 7.05e+01  -4.1 3.84e-03    -  1.00e+00 6.25e-02h  5
2707  1.9891677e-04 7.43e-08 7.05e+01  -4.1 1.35e-02    -  1.00e+00 7.81e-03h  8
2708  1.9887101e-04 1.65e-07 7.09e+01  -4.1 4.97e-03    -  1.00e+00 1.25e-01h  4
2709  1.9887299e-04 1.62e-07 7.05e+01  -4.1 2.25e-03    -  1.00e+00 1.25e-01h  4
iter    objective    inf_pr   inf_du lg(mu)  ||d||  lg(rg) alpha_du alpha_pr  ls
2710  1.9887070e-04 1.88e-07 7.05e+01  -4.1 4.53e-03    -  1.00e+00 6.25e-02h  5
2711  1.9887113e-04 1.67e-07 7.05e+01  -4.1 4.19e-03    -  1.00e+00 1.25e-01h  4
2712  1.9887134e-04 1.69e-07 7.05e+01  -4.1 2.25e-03    -  1.00e+00 6.25e-02h  5
2713  1.9886712e-04 1.48e-07 7.09e+01  -4.1 3.13e-03    -  1.00e+00 1.25e-01h  4
2714  1.9888077e-04 4.11e-08 7.06e+01  -4.1 5.34e-04    -  1.00e+00 1.00e+00h  1
2715  1.9888063e-04 4.10e-08 7.08e+01  -4.1 5.01e-03    -  1.00e+00 7.81e-03h  8
2716  1.9887987e-04 4.60e-08 7.06e+01  -4.1 4.12e-02    -  1.00e+00 3.91e-03h  9
2717  1.9887973e-04 4.69e-08 7.06e+01  -4.1 1.85e-02    -  1.00e+00 3.91e-03h  9
2718  1.9887346e-04 5.98e-08 7.08e+01  -4.1 9.83e-03    -  1.00e+00 6.25e-02h  5
2719  1.9888236e-04 3.18e-08 7.08e+01  -4.1 4.99e-04    -  1.00e+00 5.00e-01h  2
iter    objective    inf_pr   inf_du lg(mu)  ||d||  lg(rg) alpha_du alpha_pr  ls
2720  1.9888061e-04 6.42e-08 7.06e+01  -4.1 2.78e-03    -  1.00e+00 2.50e-01h  3
2721  1.9888096e-04 6.33e-08 7.06e+01  -4.1 8.59e-03    -  1.00e+00 1.56e-02h  7
2722  1.9887874e-04 5.56e-08 7.06e+01  -4.1 2.30e-03    -  1.00e+00 1.25e-01h  4
2723  1.9887866e-04 5.57e-08 7.08e+01  -4.1 1.20e-02    -  1.00e+00 1.95e-03h 10
2724  1.9887313e-04 7.05e-08 7.08e+01  -4.1 8.96e-02    -  1.00e+00 3.91e-03h  9
2725  1.9887082e-04 7.01e-08 7.08e+01  -4.1 5.50e-02    -  1.00e+00 3.91e-03h  9
2726  1.9887039e-04 7.70e-08 7.08e+01  -4.1 1.26e-02    -  1.00e+00 7.81e-03h  8
2727  1.9887054e-04 7.67e-08 7.08e+01  -4.1 6.52e-03    -  1.00e+00 1.56e-02h  7
2728  1.9886806e-04 7.59e-08 7.08e+01  -4.1 1.96e-02    -  1.00e+00 1.56e-02h  7
2729  1.9886815e-04 7.50e-08 7.08e+01  -4.1 3.68e-03    -  1.00e+00 6.25e-02h  5
iter    objective    inf_pr   inf_du lg(mu)  ||d||  lg(rg) alpha_du alpha_pr  ls
2730  1.9886799e-04 7.50e-08 7.06e+01  -4.1 2.34e+00    -  1.32e-01 3.51e-09h 28
2731  1.9886418e-04 2.15e-08 7.08e+01  -4.1 9.52e-04    -  1.00e+00 1.00e+00h  1
2732  1.9885717e-04 5.64e-08 7.08e+01  -4.1 3.93e-03    -  1.00e+00 1.25e-01h  4
2733  1.9886011e-04 4.41e-08 7.06e+01  -4.1 1.58e-03    -  1.00e+00 2.50e-01h  3
2734  1.9893876e-04 5.74e-10 7.09e+01  -4.1 6.52e-04    -  1.00e+00 1.00e+00H  1
2735  1.9892396e-04 1.21e-08 7.09e+01  -4.1 1.48e-01    -  1.00e+00 1.95e-03h 10
2736  1.9884047e-04 1.24e-07 7.05e+01  -4.1 3.86e-03    -  1.00e+00 2.50e-01h  3
2737  1.9885079e-04 1.25e-07 7.09e+01  -4.1 5.17e-02    -  1.00e+00 7.81e-03h  8
2738  1.9885502e-04 9.49e-08 7.09e+01  -4.1 7.07e-04    -  1.00e+00 2.50e-01h  3
2739  1.9883061e-04 1.51e-07 7.09e+01  -4.1 1.05e-01    -  1.00e+00 7.81e-03h  8
iter    objective    inf_pr   inf_du lg(mu)  ||d||  lg(rg) alpha_du alpha_pr  ls
2740  1.9883305e-04 1.44e-07 7.09e+01  -4.1 2.76e-03    -  1.00e+00 6.25e-02h  5
2741  1.9883088e-04 1.28e-07 7.09e+01  -4.1 4.03e-03    -  1.00e+00 1.25e-01h  4
2742  1.9884120e-04 9.99e-08 7.05e+01  -4.1 7.52e-04    -  1.00e+00 2.50e-01h  3
2743  1.9884164e-04 8.86e-08 7.04e+01  -4.1 1.17e-03    -  1.00e+00 2.50e-01h  3
2744  1.9883989e-04 9.06e-08 7.04e+01  -4.1 1.00e-02    -  1.00e+00 1.56e-02h  7
2745  1.9884535e-04 8.05e-08 7.10e+01  -4.1 2.61e-03    -  1.00e+00 1.25e-01h  4
2746  1.9887635e-04 2.83e-08 7.10e+01  -4.1 4.18e-04    -  1.00e+00 1.00e+00h  1
2747  1.9887099e-04 2.71e-08 7.04e+01  -4.1 2.38e-03    -  1.00e+00 6.25e-02h  5
2748  1.9886871e-04 2.64e-08 7.05e+01  -4.1 6.52e-04    -  1.00e+00 2.50e-01h  3
2749  1.9886659e-04 2.59e-08 7.05e+01  -4.1 3.73e-03    -  1.00e+00 3.12e-02h  6
iter    objective    inf_pr   inf_du lg(mu)  ||d||  lg(rg) alpha_du alpha_pr  ls
2750  1.9886389e-04 2.54e-08 7.09e+01  -4.1 1.81e-03    -  1.00e+00 1.25e-01h  4
2751  1.9882602e-04 1.80e-07 7.07e+01  -4.1 4.88e-04    -  1.00e+00 1.00e+00h  1
2752  1.9885070e-04 1.01e-07 7.09e+01  -4.1 8.34e-04    -  1.00e+00 1.00e+00h  1
2753  1.9884245e-04 8.40e-08 7.09e+01  -4.1 4.70e-03    -  1.00e+00 6.25e-02h  5
2754  1.9884201e-04 8.36e-08 7.05e+01  -4.1 3.14e-02    -  1.00e+00 1.95e-03h 10
2755  1.9888486e-04 2.12e-08 7.04e+01  -4.1 1.61e-04    -  1.00e+00 1.00e+00h  1
2756  1.9888397e-04 1.73e-08 7.10e+01  -4.1 3.91e-02    -  1.00e+00 7.81e-03h  8
2757  1.9888240e-04 3.67e-08 7.10e+01  -4.1 1.46e-03    -  1.00e+00 1.25e-01h  4
2758  1.9886613e-04 4.27e-08 7.09e+01  -4.1 1.21e-03    -  1.00e+00 1.25e-01h  4
2759  1.9885129e-04 5.89e-08 7.06e+01  -4.1 2.43e-03    -  1.00e+00 2.50e-01h  3
iter    objective    inf_pr   inf_du lg(mu)  ||d||  lg(rg) alpha_du alpha_pr  ls
2760  1.9885001e-04 6.31e-08 7.08e+01  -4.1 4.98e-04    -  1.00e+00 1.00e+00h  1
2761  1.9884900e-04 6.31e-08 7.06e+01  -4.1 6.19e-02    -  1.00e+00 1.95e-03h 10
2762  1.9886498e-04 4.06e-08 7.09e+01  -4.1 3.75e-04    -  1.00e+00 5.00e-01h  2
2763  1.9886519e-04 4.09e-08 7.09e+01  -4.1 4.52e-03    -  1.00e+00 3.12e-02h  6
2764  1.9885856e-04 5.12e-08 7.09e+01  -4.1 1.50e-03    -  1.00e+00 1.25e-01h  4
2765  1.9885656e-04 5.42e-08 7.09e+01  -4.1 2.99e-03    -  1.00e+00 6.25e-02h  5
2766  1.9889929e-04 5.41e-09 7.06e+01  -4.1 5.50e-04    -  1.00e+00 1.00e+00H  1
2767  1.9888300e-04 1.31e-08 7.06e+01  -4.1 1.19e-03    -  1.00e+00 2.50e-01h  3
2768  1.9887677e-04 3.00e-08 7.06e+01  -4.1 9.19e-02    -  1.00e+00 1.95e-03h 10
2769  1.9886610e-04 7.35e-08 7.06e+01  -4.1 1.30e-03    -  1.00e+00 5.00e-01h  2
iter    objective    inf_pr   inf_du lg(mu)  ||d||  lg(rg) alpha_du alpha_pr  ls
2770  1.9886226e-04 6.91e-08 7.06e+01  -4.1 6.77e-04    -  1.00e+00 6.25e-02h  5
2771  1.9886909e-04 6.81e-08 7.08e+01  -4.1 4.55e-03    -  1.00e+00 1.56e-02h  7
2772  1.9889936e-04 2.14e-08 7.09e+01  -4.1 2.63e-04    -  1.00e+00 1.00e+00h  1
2773  1.9889915e-04 2.06e-08 7.09e+01  -4.1 1.27e-02    -  1.00e+00 7.81e-03h  8
2774  1.9872406e-04 7.18e-06 7.14e+01  -4.1 7.54e-03    -  1.00e+00 5.00e-01h  2
2775  1.9880260e-04 6.11e-06 7.13e+01  -4.1 8.67e-03    -  1.00e+00 1.25e-01h  4
2776  1.9841727e-04 3.09e-06 7.07e+01  -4.1 5.63e-03    -  1.00e+00 5.00e-01h  2
2777  1.9870687e-04 2.22e-06 7.06e+01  -4.1 8.20e-03    -  1.00e+00 2.50e-01h  3
2778  1.9864660e-04 2.22e-06 7.08e+01  -4.1 1.38e+00    -  1.00e+00 2.22e-06h 18
2779  1.9868758e-04 7.69e-07 7.04e+01  -4.1 1.83e-03    -  1.00e+00 1.00e+00h  1
iter    objective    inf_pr   inf_du lg(mu)  ||d||  lg(rg) alpha_du alpha_pr  ls
2780  1.9877596e-04 5.53e-07 7.04e+01  -4.1 6.59e-03    -  1.00e+00 2.50e-01h  3
2781  1.9877573e-04 5.59e-07 7.04e+01  -4.1 1.86e-02    -  1.00e+00 1.56e-02h  7
2782  1.9865791e-04 5.73e-07 7.10e+01  -4.1 1.24e-01    -  1.00e+00 1.56e-02h  7
2783  1.9877807e-04 3.38e-07 7.03e+01  -4.1 8.58e-04    -  1.00e+00 5.00e-01h  2
2784  1.9875925e-04 4.31e-07 7.03e+01  -4.1 2.52e-03    -  1.00e+00 2.50e-01h  3
2785  1.9875561e-04 2.25e-07 7.02e+01  -4.1 2.99e-03    -  1.00e+00 5.00e-01h  2
2786  1.9874738e-04 2.18e-07 7.12e+01  -4.1 1.56e-03    -  1.00e+00 1.25e-01h  4
2787  1.9877082e-04 1.91e-07 7.02e+01  -4.1 9.27e-04    -  1.00e+00 5.00e-01h  2
2788  1.9879339e-04 1.71e-07 7.02e+01  -4.1 1.52e-03    -  1.00e+00 5.00e-01h  2
2789  1.9880559e-04 1.30e-07 7.03e+01  -4.1 1.82e-03    -  1.00e+00 2.50e-01h  3
iter    objective    inf_pr   inf_du lg(mu)  ||d||  lg(rg) alpha_du alpha_pr  ls
2790  1.9880264e-04 1.28e-07 7.12e+01  -4.1 9.81e-03    -  1.00e+00 3.12e-02h  6
2791  1.9884127e-04 2.03e-07 7.03e+01  -4.1 8.35e-04    -  1.00e+00 1.00e+00h  1
2792  1.9869434e-04 3.08e-07 7.03e+01  -4.1 7.17e-04    -  1.00e+00 1.00e+00h  1
2793  1.9868644e-04 2.97e-07 7.11e+01  -4.1 1.33e-01    -  1.00e+00 3.91e-03h  9
2794  1.9869331e-04 2.56e-07 7.11e+01  -4.1 2.04e-03    -  1.00e+00 1.25e-01h  4
2795  1.9869375e-04 2.55e-07 7.11e+01  -4.1 8.53e-04    -  1.00e+00 3.91e-03h  9
2796  1.9869064e-04 2.41e-07 7.03e+01  -4.1 3.72e-03    -  1.00e+00 6.25e-02h  5
2797  1.9869064e-04 2.41e-07 7.11e+01  -4.1 4.22e-02    -  1.00e+00 4.88e-04h 12
2798  1.9869243e-04 2.37e-07 7.11e+01  -4.1 1.51e-03    -  1.00e+00 1.56e-02h  7
2799  1.9869263e-04 2.27e-07 7.03e+01  -4.1 8.62e-03    -  1.00e+00 3.12e-02h  6
iter    objective    inf_pr   inf_du lg(mu)  ||d||  lg(rg) alpha_du alpha_pr  ls
2800  1.9869253e-04 2.26e-07 7.03e+01  -4.1 1.46e-02    -  1.00e+00 3.91e-03h  9
2801  1.9869383e-04 2.23e-07 7.03e+01  -4.1 1.50e-03    -  1.00e+00 1.56e-02h  7
2802  1.9881937e-04 1.20e-07 7.12e+01  -4.1 7.26e-04    -  1.00e+00 1.00e+00h  1
2803  1.9882102e-04 8.47e-08 7.11e+01  -4.1 7.23e-04    -  1.00e+00 2.50e-01h  3
2804  1.9883088e-04 7.20e-08 7.03e+01  -4.1 1.33e-03    -  1.00e+00 2.50e-01h  3
2805  1.9881740e-04 7.22e-08 7.03e+01  -4.1 1.42e-02    -  1.00e+00 1.56e-02h  7
2806  1.9882550e-04 6.19e-08 7.03e+01  -4.1 5.34e-04    -  1.00e+00 5.00e-01h  2
2807  1.9882680e-04 5.43e-08 7.11e+01  -4.1 4.25e-03    -  1.00e+00 1.25e-01h  4
2808  1.9885361e-04 1.82e-08 7.04e+01  -4.1 4.19e-04    -  1.00e+00 1.00e+00h  1
2809  1.9887582e-04 3.77e-09 7.10e+01  -4.1 1.07e-04    -  1.00e+00 1.00e+00h  1
iter    objective    inf_pr   inf_du lg(mu)  ||d||  lg(rg) alpha_du alpha_pr  ls
2810  1.9889874e-04 3.12e-09 7.08e+01  -4.1 1.39e-04    -  1.00e+00 1.00e+00H  1
2811  1.9889850e-04 3.11e-09 7.08e+01  -4.1 4.12e-03    -  1.00e+00 1.56e-02h  7
2812  1.9888868e-04 3.40e-09 7.06e+01  -4.1 6.92e-03    -  1.00e+00 7.81e-03h  8
2813  1.9887374e-04 4.71e-09 7.08e+01  -4.1 6.15e-04    -  1.00e+00 1.25e-01h  4
2814  1.9887342e-04 4.32e-09 7.08e+01  -4.1 1.38e-02    -  1.00e+00 7.81e-03h  8
2815  1.9887332e-04 4.67e-09 7.08e+01  -4.1 3.15e-03    -  1.00e+00 1.56e-02h  7
2816  1.9887341e-04 4.60e-09 7.08e+01  -4.1 1.70e-03    -  1.00e+00 1.56e-02h  7
2817  1.9886785e-04 5.44e-09 7.07e+01  -4.1 1.05e-03    -  1.00e+00 6.25e-02h  5
2818  1.9887318e-04 5.57e-09 7.07e+01  -4.1 1.57e-04    -  1.00e+00 5.00e-01h  2
2819  1.9887328e-04 5.54e-09 7.07e+01  -4.1 1.10e-03    -  1.00e+00 7.81e-03h  8
iter    objective    inf_pr   inf_du lg(mu)  ||d||  lg(rg) alpha_du alpha_pr  ls
2820  1.9887216e-04 4.87e-09 7.07e+01  -4.1 7.83e-04    -  1.00e+00 1.25e-01h  4
2821  1.9887308e-04 4.61e-09 7.07e+01  -4.1 3.72e-04    -  1.00e+00 6.25e-02h  5
2822  1.9885961e-04 1.90e-09 7.08e+01  -4.1 2.76e-04    -  1.00e+00 1.00e+00h  1
2823  1.9888241e-04 3.28e-09 7.07e+01  -4.1 1.95e-04    -  1.00e+00 5.00e-01h  2
2824  1.9888240e-04 3.44e-09 7.07e+01  -4.1 3.45e-03    -  1.00e+00 3.91e-03h  9
2825  1.9884376e-04 3.52e-08 7.08e+01  -4.1 3.08e-03    -  1.00e+00 1.25e-01h  4
2826  1.9884899e-04 3.33e-08 7.08e+01  -4.1 1.91e-03    -  1.00e+00 6.25e-02h  5
2827  1.9884940e-04 3.35e-08 7.08e+01  -4.1 9.59e-03    -  1.00e+00 7.81e-03h  8
2828  1.9885150e-04 3.12e-08 7.08e+01  -4.1 8.49e-04    -  1.00e+00 6.25e-02h  5
2829  1.9885257e-04 3.03e-08 7.06e+01  -4.1 1.88e-03    -  1.00e+00 3.12e-02h  6
iter    objective    inf_pr   inf_du lg(mu)  ||d||  lg(rg) alpha_du alpha_pr  ls
2830  1.9885280e-04 3.05e-08 7.06e+01  -4.1 5.81e-03    -  1.00e+00 1.56e-02h  7
2831  1.9885326e-04 3.03e-08 7.06e+01  -4.1 2.11e-04    -  1.00e+00 7.81e-03h  8
2832  1.9885342e-04 3.00e-08 7.06e+01  -4.1 1.53e-04    -  1.00e+00 7.81e-03h  8
2833  1.9885360e-04 2.96e-08 7.06e+01  -4.1 6.79e-03    -  1.00e+00 7.81e-03h  8
2834  1.9886062e-04 2.72e-08 7.07e+01  -4.1 7.22e-04    -  1.00e+00 1.25e-01h  4
2835  1.9885815e-04 2.73e-08 7.07e+01  -4.1 1.27e-02    -  1.00e+00 7.81e-03h  8
2836  1.9885762e-04 2.73e-08 7.08e+01  -4.1 5.52e-02    -  1.00e+00 4.77e-07h 22
2837  1.9887713e-04 3.81e-09 7.08e+01  -4.1 2.11e-04    -  1.00e+00 1.00e+00h  1
2838  1.9888190e-04 3.23e-09 7.07e+01  -4.1 2.54e-04    -  1.00e+00 2.50e-01h  3
2839  1.9882007e-04 3.28e-08 7.10e+01  -4.1 3.02e-04    -  1.00e+00 1.00e+00h  1
iter    objective    inf_pr   inf_du lg(mu)  ||d||  lg(rg) alpha_du alpha_pr  ls
2840  1.9882348e-04 2.84e-08 7.10e+01  -4.1 1.65e-03    -  1.00e+00 6.25e-02h  5
2841  1.9891835e-04 2.22e-10 7.10e+01  -4.1 8.54e-04    -  1.00e+00 1.00e+00H  1
2842  1.9883538e-04 3.01e-08 7.10e+01  -4.1 5.77e-04    -  1.00e+00 1.00e+00H  1
2843  1.9883415e-04 2.95e-08 7.10e+01  -4.1 1.52e-01    -  1.00e+00 9.77e-04h 11
2844  1.9881326e-04 8.08e-08 7.10e+01  -4.1 7.24e-02    -  1.00e+00 3.91e-03h  9
2845  1.9881816e-04 7.58e-08 7.10e+01  -4.1 2.86e-04    -  1.00e+00 6.25e-02h  5
2846  1.9881700e-04 7.58e-08 7.04e+01  -4.1 3.92e-01    -  1.00e+00 6.10e-05h 15
2847  1.9881940e-04 7.35e-08 7.04e+01  -4.1 5.00e-04    -  1.00e+00 3.12e-02h  6
2848  1.9882000e-04 7.29e-08 7.04e+01  -4.1 2.26e-03    -  1.00e+00 7.81e-03h  8
2849  1.9881839e-04 7.45e-08 7.04e+01  -4.1 1.00e-02    -  1.00e+00 7.81e-03h  8
iter    objective    inf_pr   inf_du lg(mu)  ||d||  lg(rg) alpha_du alpha_pr  ls
2850  1.9881974e-04 7.34e-08 7.04e+01  -4.1 9.76e-04    -  1.00e+00 1.56e-02h  7
2851  1.9881861e-04 6.93e-08 7.10e+01  -4.1 9.14e-03    -  1.00e+00 3.12e-02h  6
2852  1.9892642e-04 2.56e-09 7.11e+01  -4.1 4.94e-04    -  1.00e+00 1.00e+00H  1
2853  1.9892444e-04 4.06e-09 7.11e+01  -4.1 6.15e-02    -  1.00e+00 3.91e-03h  9
2854  1.9876305e-04 8.12e-07 7.01e+01  -4.1 9.94e-03    -  1.00e+00 1.25e-01h  4
2855  1.9877094e-04 5.90e-07 7.01e+01  -4.1 1.25e-03    -  1.00e+00 2.50e-01h  3
2856  1.9879959e-04 6.80e-08 7.12e+01  -4.1 9.44e-04    -  1.00e+00 1.00e+00h  1
2857  1.9880947e-04 5.99e-08 7.02e+01  -4.1 7.54e-04    -  1.00e+00 2.50e-01h  3
2858  1.9876529e-04 6.64e-07 7.03e+01  -4.1 9.97e-04    -  1.00e+00 1.00e+00h  1
2859  1.9871887e-04 1.47e-06 7.11e+01  -4.1 2.79e-03    -  1.00e+00 5.00e-01h  2
iter    objective    inf_pr   inf_du lg(mu)  ||d||  lg(rg) alpha_du alpha_pr  ls
2860  1.9868237e-04 1.51e-06 7.12e+01  -4.1 3.83e-03    -  1.00e+00 5.00e-01h  2
2861  1.9863389e-04 2.31e-06 7.12e+01  -4.1 1.13e-02    -  1.00e+00 1.25e-01h  4
2862  1.9849276e-04 1.74e-06 7.12e+01  -4.1 3.86e-03    -  1.00e+00 5.00e-01h  2
2863  1.9850195e-04 1.68e-06 7.02e+01  -4.1 9.47e-03    -  1.00e+00 3.12e-02h  6
2864  1.9851967e-04 1.58e-06 7.12e+01  -4.1 7.34e-03    -  1.00e+00 6.25e-02h  5
2865  1.9827028e-04 1.31e-05 7.12e+01  -4.1 2.18e-01    -  1.00e+00 1.56e-02h  7
2866  1.9834296e-04 5.72e-06 7.02e+01  -4.1 2.55e-03    -  1.00e+00 1.00e+00h  1
2867  1.9829746e-04 3.11e-06 7.13e+01  -4.1 3.43e-03    -  1.00e+00 5.00e-01h  2
2868  1.9860275e-04 1.00e-06 7.02e+01  -4.1 1.14e-03    -  1.00e+00 1.00e+00h  1
2869  1.9858275e-04 1.05e-06 7.02e+01  -4.1 4.29e-03    -  1.00e+00 1.25e-01h  4
iter    objective    inf_pr   inf_du lg(mu)  ||d||  lg(rg) alpha_du alpha_pr  ls
2870  1.9859406e-04 1.05e-06 7.02e+01  -4.1 3.06e-02    -  1.00e+00 3.12e-02h  6
2871  1.9873661e-04 5.95e-07 7.12e+01  -4.1 1.52e-03    -  1.00e+00 5.00e-01h  2
2872  1.9866799e-04 6.12e-07 7.12e+01  -4.1 3.98e-02    -  1.00e+00 3.12e-02h  6
2873  1.9870481e-04 3.72e-07 7.12e+01  -4.1 7.56e-04    -  1.00e+00 5.00e-01h  2
2874  1.9870435e-04 3.71e-07 7.12e+01  -4.1 4.31e-02    -  1.00e+00 7.81e-03h  8
2875  1.9878408e-04 2.02e-07 7.02e+01  -4.1 5.19e-04    -  1.00e+00 5.00e-01h  2
2876  1.9877852e-04 1.60e-07 7.02e+01  -4.1 1.27e-03    -  1.00e+00 2.50e-01h  3
2877  1.9880254e-04 8.60e-08 7.03e+01  -4.1 6.79e-04    -  1.00e+00 5.00e-01h  2
2878  1.9879933e-04 6.47e-08 7.11e+01  -4.1 5.17e-04    -  1.00e+00 2.50e-01h  3
2879  1.9890215e-04 5.75e-08 7.03e+01  -4.1 4.06e-04    -  1.00e+00 1.00e+00H  1
iter    objective    inf_pr   inf_du lg(mu)  ||d||  lg(rg) alpha_du alpha_pr  ls
2880  1.9885904e-04 6.65e-08 7.03e+01  -4.1 1.68e-03    -  1.00e+00 2.50e-01h  3
2881  1.9884140e-04 4.37e-08 7.03e+01  -4.1 1.13e-03    -  1.00e+00 2.50e-01h  3
2882  1.9884451e-04 3.50e-08 7.03e+01  -4.1 7.56e-04    -  1.00e+00 2.50e-01h  3
2883  1.9882807e-04 8.54e-08 7.11e+01  -4.1 1.02e-02    -  1.00e+00 3.12e-02h  6
2884  1.9886334e-04 3.95e-08 7.04e+01  -4.1 2.12e-04    -  1.00e+00 1.00e+00h  1
2885  1.9887009e-04 3.27e-08 7.10e+01  -4.1 6.61e-04    -  1.00e+00 2.50e-01h  3
2886  1.9889629e-04 2.31e-08 7.08e+01  -4.1 5.06e-04    -  1.00e+00 1.00e+00H  1
2887  1.9888278e-04 2.56e-08 7.08e+01  -4.1 5.52e-03    -  1.00e+00 3.12e-02h  6
2888  1.9886189e-04 3.07e-08 7.06e+01  -4.1 2.06e-03    -  1.00e+00 6.25e-02h  5
2889  1.9886514e-04 2.54e-08 7.09e+01  -4.1 3.11e-04    -  1.00e+00 2.50e-01h  3
iter    objective    inf_pr   inf_du lg(mu)  ||d||  lg(rg) alpha_du alpha_pr  ls
2890  1.9886388e-04 2.80e-08 7.05e+01  -4.1 3.01e-02    -  1.00e+00 1.95e-03h 10
2891  1.9886645e-04 2.65e-08 7.06e+01  -4.1 2.93e-04    -  1.00e+00 5.00e-01h  2
2892  1.9885678e-04 2.78e-08 7.08e+01  -4.1 5.34e-04    -  1.00e+00 2.50e-01h  3
2893  1.9886500e-04 2.48e-08 7.08e+01  -4.1 3.93e-04    -  1.00e+00 2.50e-01h  3
2894  1.9886326e-04 2.81e-08 7.08e+01  -4.1 1.78e-02    -  1.00e+00 3.91e-03h  9
2895  1.9886397e-04 2.77e-08 7.06e+01  -4.1 1.01e-03    -  1.00e+00 3.12e-02h  6
2896  1.9886418e-04 2.58e-08 7.08e+01  -4.1 3.88e-04    -  1.00e+00 2.50e-01h  3
2897  1.9887703e-04 2.21e-08 7.08e+01  -4.1 5.80e-04    -  1.00e+00 5.00e-01h  2
2898  1.9887697e-04 2.21e-08 7.08e+01  -4.1 9.61e-03    -  1.00e+00 7.81e-03h  8
2899  1.9886336e-04 2.10e-08 7.06e+01  -4.1 5.73e-03    -  1.00e+00 3.12e-02h  6
iter    objective    inf_pr   inf_du lg(mu)  ||d||  lg(rg) alpha_du alpha_pr  ls
2900  1.9886458e-04 1.91e-08 7.06e+01  -4.1 6.90e-04    -  1.00e+00 2.50e-01h  3
2901  1.9886297e-04 2.07e-08 7.06e+01  -4.1 3.21e-02    -  1.00e+00 1.95e-03h 10
2902  1.9891684e-04 1.59e-08 7.08e+01  -4.1 8.55e-04    -  1.00e+00 1.00e+00H  1
2903  1.9890947e-04 1.79e-08 7.08e+01  -4.1 6.30e-03    -  1.00e+00 1.56e-02h  7
2904  1.9890683e-04 1.90e-08 7.08e+01  -4.1 1.50e-03    -  1.00e+00 6.25e-02h  5
2905  1.9889692e-04 2.13e-08 7.08e+01  -4.1 2.86e-01    -  1.00e+00 2.44e-04h 13
2906  1.9889268e-04 2.18e-08 7.08e+01  -4.1 2.67e-01    -  1.00e+00 1.22e-04h 14
2907  1.9889198e-04 2.18e-08 7.06e+01  -4.1 1.04e-02    -  1.00e+00 9.77e-04h 11
2908  1.9886443e-04 1.76e-08 7.06e+01  -4.1 5.01e-04    -  1.00e+00 1.00e+00H  1
2909  1.9886444e-04 1.76e-08 7.06e+01  -4.1 4.13e-03    -  1.00e+00 1.22e-04h 14
iter    objective    inf_pr   inf_du lg(mu)  ||d||  lg(rg) alpha_du alpha_pr  ls
2910  1.9886401e-04 1.76e-08 7.09e+01  -4.1 6.29e-02    -  1.00e+00 9.77e-04h 11
2911  1.9887135e-04 1.52e-08 7.06e+01  -4.1 3.49e-04    -  1.00e+00 2.50e-01h  3
2912  1.9887944e-04 1.45e-08 7.06e+01  -4.1 5.01e-04    -  1.00e+00 2.50e-01h  3
2913  1.9887978e-04 3.77e-09 7.05e+01  -4.1 2.68e-04    -  1.00e+00 1.00e+00H  1
2914  1.9887959e-04 3.77e-09 7.05e+01  -4.1 2.66e-02    -  1.00e+00 1.95e-03h 10
2915  1.9887483e-04 1.21e-08 7.09e+01  -4.1 2.87e-04    -  1.00e+00 5.00e-01h  2
2916  1.9887527e-04 1.22e-08 7.09e+01  -4.1 2.61e-03    -  1.00e+00 7.81e-03h  8
2917  1.9887410e-04 1.29e-08 7.05e+01  -4.1 4.57e-03    -  1.00e+00 7.81e-03h  8
2918  1.9887785e-04 1.14e-08 7.05e+01  -4.1 3.94e-04    -  1.00e+00 1.25e-01h  4
2919  1.9887905e-04 1.23e-08 7.09e+01  -4.1 3.77e-03    -  1.00e+00 3.12e-02h  6
iter    objective    inf_pr   inf_du lg(mu)  ||d||  lg(rg) alpha_du alpha_pr  ls
2920  1.9887942e-04 1.20e-08 7.09e+01  -4.1 2.41e-04    -  1.00e+00 3.12e-02h  6
2921  1.9886894e-04 1.99e-08 7.05e+01  -4.1 7.54e-03    -  1.00e+00 1.56e-02h  7
2922  1.9887009e-04 2.00e-08 7.05e+01  -4.1 1.09e-03    -  1.00e+00 3.12e-02h  6
2923  1.9887014e-04 2.00e-08 7.05e+01  -4.1 6.09e-03    -  1.00e+00 9.77e-04h 11
2924  1.9887082e-04 1.99e-08 7.09e+01  -4.1 2.21e-03    -  1.00e+00 1.56e-02h  7
2925  1.9887130e-04 1.98e-08 7.09e+01  -4.1 1.02e-03    -  1.00e+00 7.81e-03h  8
2926  1.9887132e-04 1.98e-08 7.09e+01  -4.1 4.96e-04    -  1.00e+00 4.88e-04h 12
2927  1.9887132e-04 1.98e-08 7.09e+01  -4.1 6.83e-03    -  1.00e+00 9.77e-04h 11
2928  1.9887134e-04 1.98e-08 7.09e+01  -4.1 7.11e-03    -  1.00e+00 4.88e-04h 12
2929  1.9886789e-04 1.67e-08 7.05e+01  -4.1 1.50e-03    -  1.00e+00 1.25e-01h  4
iter    objective    inf_pr   inf_du lg(mu)  ||d||  lg(rg) alpha_du alpha_pr  ls
2930  1.9887177e-04 1.63e-08 7.05e+01  -4.1 4.89e-04    -  1.00e+00 6.25e-02h  5
2931  1.9888163e-04 1.05e-08 7.05e+01  -4.1 3.96e-04    -  1.00e+00 1.00e+00h  1
2932  1.9888115e-04 1.05e-08 7.05e+01  -4.1 4.62e-02    -  1.00e+00 4.88e-04h 12
2933  1.9887915e-04 1.57e-08 7.10e+01  -4.1 1.22e-02    -  1.00e+00 7.81e-03h  8
2934  1.9887979e-04 1.52e-08 7.10e+01  -4.1 3.81e-03    -  1.00e+00 3.12e-02h  6
2935  1.9887672e-04 1.93e-08 7.10e+01  -4.1 7.90e-04    -  1.00e+00 1.25e-01h  4
2936  1.9887643e-04 2.00e-08 7.10e+01  -4.1 4.47e-02    -  1.00e+00 9.77e-04h 11
2937  1.9890200e-04 1.45e-09 7.05e+01  -4.1 2.17e-04    -  1.00e+00 1.00e+00H  1
2938  1.9890183e-04 9.51e-10 7.05e+01  -4.1 4.14e-03    -  1.00e+00 3.12e-02h  6
2939  1.9883917e-04 4.79e-07 7.04e+01  -4.1 3.05e-03    -  1.00e+00 2.50e-01h  3
iter    objective    inf_pr   inf_du lg(mu)  ||d||  lg(rg) alpha_du alpha_pr  ls
2940  1.9886687e-04 4.82e-07 7.10e+01  -4.1 5.06e-02    -  1.00e+00 3.91e-03h  9
2941  1.9886805e-04 4.55e-07 7.09e+01  -4.1 9.26e-04    -  1.00e+00 6.25e-02h  5
2942  1.9883771e-04 7.33e-07 7.10e+01  -4.1 6.66e-03    -  1.00e+00 1.25e-01h  4
2943  1.9882890e-04 7.18e-07 7.10e+01  -4.1 4.49e-03    -  1.00e+00 6.25e-02h  5
2944  1.9883252e-04 6.96e-07 7.05e+01  -4.1 3.43e-03    -  1.00e+00 3.12e-02h  6
2945  1.9883157e-04 7.05e-07 7.05e+01  -4.1 3.81e-02    -  1.00e+00 7.81e-03h  8
2946  1.9883705e-04 6.25e-07 7.05e+01  -4.1 1.54e-03    -  1.00e+00 1.25e-01h  4
2947  1.9883354e-04 7.05e-07 7.05e+01  -4.1 3.04e-02    -  1.00e+00 1.56e-02h  7
2948  1.9883721e-04 6.61e-07 7.06e+01  -4.1 1.67e-03    -  1.00e+00 6.25e-02h  5
2949  1.9885176e-04 3.37e-07 7.06e+01  -4.1 5.07e-04    -  1.00e+00 5.00e-01h  2
iter    objective    inf_pr   inf_du lg(mu)  ||d||  lg(rg) alpha_du alpha_pr  ls
2950  1.9886140e-04 2.82e-07 7.07e+01  -4.1 8.61e-04    -  1.00e+00 2.50e-01h  3
2951  1.9886099e-04 2.82e-07 7.07e+01  -4.1 2.68e-01    -  1.00e+00 4.77e-07h 22
2952  1.9886560e-04 2.49e-07 7.07e+01  -4.1 5.62e-04    -  1.00e+00 1.25e-01h  4
2953  1.9886248e-04 2.60e-07 7.07e+01  -4.1 2.20e-02    -  1.00e+00 7.81e-03h  8
2954  1.9886786e-04 2.32e-07 7.07e+01  -4.1 2.07e-03    -  1.00e+00 1.25e-01h  4
2955  1.9887188e-04 3.42e-09 7.07e+01  -4.1 3.58e-04    -  1.00e+00 1.00e+00h  1
2956  1.9888498e-04 4.29e-09 7.08e+01  -4.1 2.71e-04    -  1.00e+00 1.00e+00h  1
2957  1.9887934e-04 5.44e-09 7.08e+01  -4.1 2.08e-03    -  1.00e+00 6.25e-02h  5
2958  1.9887906e-04 6.08e-09 7.08e+01  -4.1 8.36e-03    -  1.00e+00 1.56e-02h  7
2959  1.9887771e-04 4.21e-09 7.08e+01  -4.1 1.15e-02    -  1.00e+00 7.81e-03h  8
iter    objective    inf_pr   inf_du lg(mu)  ||d||  lg(rg) alpha_du alpha_pr  ls
2960  1.9886890e-04 1.44e-08 7.06e+01  -4.1 3.49e-04    -  1.00e+00 1.00e+00h  1
2961  1.9887033e-04 1.34e-08 7.09e+01  -4.1 1.62e-03    -  1.00e+00 1.25e-01h  4
2962  1.9887109e-04 1.32e-08 7.08e+01  -4.1 6.81e-04    -  1.00e+00 1.56e-02h  7
2963  1.9887127e-04 1.33e-08 7.08e+01  -4.1 4.01e-03    -  1.00e+00 3.91e-03h  9
2964  1.9886763e-04 2.12e-08 7.06e+01  -4.1 6.63e-03    -  1.00e+00 6.25e-02h  5
2965  1.9886781e-04 2.11e-08 7.06e+01  -4.1 4.94e-04    -  1.00e+00 3.91e-03h  9
2966  1.9886586e-04 3.50e-08 7.09e+01  -4.1 3.84e-02    -  1.00e+00 7.81e-03h  8
2967  1.9886681e-04 3.28e-08 7.09e+01  -4.1 1.15e-03    -  1.00e+00 6.25e-02h  5
2968  1.9886764e-04 3.26e-08 7.09e+01  -4.1 1.80e-03    -  1.00e+00 1.56e-02h  7
2969  1.9886738e-04 3.26e-08 7.06e+01  -4.1 1.15e-01    -  1.00e+00 3.05e-05h 16
iter    objective    inf_pr   inf_du lg(mu)  ||d||  lg(rg) alpha_du alpha_pr  ls
2970  1.9886757e-04 3.20e-08 7.09e+01  -4.1 1.00e-04    -  1.00e+00 1.56e-02h  7
2971  1.9886765e-04 3.18e-08 7.06e+01  -4.1 9.39e-05    -  1.00e+00 7.81e-03h  8
2972  1.9886770e-04 3.17e-08 7.09e+01  -4.1 9.07e-05    -  1.00e+00 3.91e-03h  9
2973  1.9886770e-04 3.17e-08 7.06e+01  -4.1 5.55e-03    -  1.00e+00 2.33e-10h 33
2974  1.9886487e-04 2.40e-09 7.00e+01  -4.1 7.20e-06    -  1.00e+00 1.00e+00h  1
2975  1.9886538e-04 1.16e-09 7.03e+01  -4.1 1.29e-06    -  1.00e+00 1.00e+00h  1
2976  1.9887775e-04 2.01e-09 7.11e+01  -4.1 1.21e-04  -1.4 1.00e+00 2.50e-01h  3
2977  1.9887715e-04 6.00e-11 7.11e+01  -4.1 7.16e-06    -  1.00e+00 1.00e+00H  1
2978  1.9887747e-04 5.50e-11 7.11e+01  -4.1 2.44e-05  -1.9 1.00e+00 1.00e+00h  1
2979  1.9888115e-04 2.46e-10 7.12e+01  -4.1 1.03e-04  -2.3 1.00e+00 1.00e+00H  1
iter    objective    inf_pr   inf_du lg(mu)  ||d||  lg(rg) alpha_du alpha_pr  ls
2980  1.9888487e-04 2.72e-10 7.12e+01  -4.1 1.53e-05  -1.0 1.00e+00 1.00e+00h  1
2981  1.9888468e-04 2.07e-10 7.02e+01  -4.1 1.75e-05    -  1.00e+00 1.00e+00h  1
2982  1.9888310e-04 5.06e-10 7.12e+01  -4.1 1.83e-04    -  1.00e+00 1.25e-01h  4
2983  1.9883530e-04 8.30e-07 7.15e+01  -4.1 9.76e-04    -  1.00e+00 1.00e+00h  1
2984  1.9883984e-04 8.32e-07 7.15e+01  -4.1 1.07e-02    -  1.00e+00 1.56e-02h  7
2985  1.9881239e-04 1.18e-06 7.06e+01  -4.1 2.39e-03    -  1.00e+00 5.00e-01h  2
2986  1.9882815e-04 9.22e-07 7.06e+01  -4.1 2.00e-03    -  1.00e+00 2.50e-01h  3
2987  1.9884455e-04 4.89e-07 7.08e+01  -4.1 4.48e-04    -  1.00e+00 5.00e-01h  2
2988  1.9884838e-04 4.87e-07 7.06e+01  -4.1 2.33e-03    -  1.00e+00 6.25e-02h  5
2989  1.9886216e-04 2.54e-07 7.05e+01  -4.1 2.29e-04    -  1.00e+00 5.00e-01h  2
iter    objective    inf_pr   inf_du lg(mu)  ||d||  lg(rg) alpha_du alpha_pr  ls
2990  1.9883617e-04 5.83e-07 7.05e+01  -4.1 4.94e-02    -  1.00e+00 1.56e-02h  7
2991  1.9873432e-04 2.10e-06 7.10e+01  -4.1 1.67e-03    -  1.00e+00 1.00e+00h  1
2992  1.9876669e-04 2.05e-06 7.10e+01  -4.1 3.48e-02    -  1.00e+00 3.12e-02h  6
2993  1.9878481e-04 3.88e-07 7.03e+01  -4.1 9.93e-04    -  1.00e+00 1.00e+00h  1
2994  1.9876880e-04 4.13e-07 7.11e+01  -4.1 8.63e-02    -  1.00e+00 7.81e-03h  8
2995  1.9876298e-04 6.59e-07 7.11e+01  -4.1 4.44e-03    -  1.00e+00 1.25e-01h  4
2996  1.9873059e-04 9.37e-07 7.03e+01  -4.1 5.80e-03    -  1.00e+00 1.25e-01h  4
2997  1.9874517e-04 8.05e-07 7.11e+01  -4.1 1.63e-03    -  1.00e+00 5.00e-01h  2
2998  1.9877682e-04 4.90e-07 7.12e+01  -4.1 7.84e-04    -  1.00e+00 5.00e-01h  2
2999  1.9881654e-04 4.39e-08 7.03e+01  -4.1 3.44e-04    -  1.00e+00 1.00e+00h  1
iter    objective    inf_pr   inf_du lg(mu)  ||d||  lg(rg) alpha_du alpha_pr  ls
3000  1.9883306e-04 4.34e-08 7.11e+01  -4.1 3.51e-04    -  1.00e+00 5.00e-01h  2
3001  1.9882945e-04 4.45e-08 7.11e+01  -4.1 2.12e-03    -  1.00e+00 3.12e-02h  6
3002  1.9884237e-04 2.60e-08 7.04e+01  -4.1 3.05e-04    -  1.00e+00 5.00e-01h  2
3003  1.9884172e-04 2.89e-08 7.04e+01  -4.1 1.41e-02    -  1.00e+00 3.91e-03h  9
3004  1.9886143e-04 1.17e-08 7.10e+01  -4.1 1.64e-04    -  1.00e+00 1.00e+00h  1
3005  1.9885379e-04 1.19e-08 7.08e+01  -4.1 9.34e-05    -  1.00e+00 1.00e+00h  1
3006  1.9886075e-04 1.00e-08 7.08e+01  -4.1 2.70e-04    -  1.00e+00 2.50e-01h  3
3007  1.9886444e-04 7.14e-09 7.06e+01  -4.1 1.55e-04    -  1.00e+00 2.50e-01h  3
3008  1.9886932e-04 3.48e-09 7.08e+01  -4.1 6.98e-05    -  1.00e+00 1.00e+00h  1
3009  1.9886808e-04 4.00e-09 7.08e+01  -4.1 5.56e-03    -  1.00e+00 7.81e-03h  8
iter    objective    inf_pr   inf_du lg(mu)  ||d||  lg(rg) alpha_du alpha_pr  ls
3010  1.9887135e-04 3.17e-09 7.08e+01  -4.1 1.57e-04    -  1.00e+00 2.50e-01h  3
3011  1.9886963e-04 3.29e-09 7.07e+01  -4.1 4.21e-04    -  1.00e+00 1.25e-01h  4
3012  1.9886852e-04 3.16e-09 7.07e+01  -4.1 8.85e-02    -  1.00e+00 4.88e-04h 12
3013  1.9886622e-04 6.44e-10 7.07e+01  -4.1 4.51e-05    -  1.00e+00 1.00e+00h  1
3014  1.9886651e-04 7.15e-10 7.07e+01  -4.1 1.53e-03    -  1.00e+00 7.81e-03h  8
3015  1.9886780e-04 7.54e-10 7.07e+01  -4.1 2.21e-04    -  1.00e+00 6.25e-02h  5
3016  1.9886774e-04 8.82e-10 7.07e+01  -4.1 5.17e-03    -  1.00e+00 1.95e-03h 10
3017  1.9886769e-04 8.71e-10 7.08e+01  -4.1 6.33e-04    -  1.00e+00 3.12e-02h  6
3018  1.9886900e-04 1.08e-09 7.08e+01  -4.1 3.46e-04    -  1.00e+00 6.25e-02h  5
3019  1.9886914e-04 1.08e-09 7.08e+01  -4.1 3.52e-04    -  1.00e+00 3.12e-02h  6
iter    objective    inf_pr   inf_du lg(mu)  ||d||  lg(rg) alpha_du alpha_pr  ls
3020  1.9886914e-04 1.10e-09 7.08e+01  -4.1 4.04e-03    -  1.00e+00 1.95e-03h 10
3021  1.9887052e-04 9.73e-10 7.07e+01  -4.1 3.62e-04    -  1.00e+00 6.25e-02h  5
3022  1.9887203e-04 9.40e-10 7.07e+01  -4.1 1.58e-04    -  1.00e+00 1.25e-01h  4
3023  1.9887143e-04 9.59e-10 7.07e+01  -4.1 2.89e-04    -  1.00e+00 3.12e-02h  6
3024  1.9887152e-04 9.61e-10 7.08e+01  -4.1 2.45e-03    -  1.00e+00 1.95e-03h 10
3025  1.9887071e-04 7.71e-10 7.08e+01  -4.1 4.79e-05    -  1.00e+00 2.50e-01h  3
3026  1.9887043e-04 9.88e-10 7.07e+01  -4.1 4.32e-03    -  1.00e+00 3.91e-03h  9
3027  1.9887045e-04 9.91e-10 7.07e+01  -4.1 2.00e-03    -  1.00e+00 9.77e-04h 11
3028  1.9887542e-04 9.59e-10 7.08e+01  -4.1 7.15e-05    -  1.00e+00 1.00e+00h  1
3029  1.9887543e-04 9.58e-10 7.08e+01  -4.1 3.01e-03    -  1.00e+00 9.77e-04h 11
iter    objective    inf_pr   inf_du lg(mu)  ||d||  lg(rg) alpha_du alpha_pr  ls
3030  1.9887492e-04 1.02e-09 7.08e+01  -4.1 1.31e-03    -  1.00e+00 7.81e-03h  8
3031  1.9886519e-04 4.12e-09 7.05e+01  -4.1 1.42e-04    -  1.00e+00 1.00e+00h  1
3032  1.9886529e-04 4.11e-09 7.05e+01  -4.1 8.15e-04    -  1.00e+00 1.95e-03h 10
3033  1.9886454e-04 5.64e-09 7.09e+01  -4.1 5.14e-03    -  1.00e+00 7.81e-03h  8
3034  1.9886499e-04 5.64e-09 7.09e+01  -4.1 1.15e-03    -  1.00e+00 7.81e-03h  8
3035  1.9886499e-04 5.48e-09 7.09e+01  -4.1 5.58e-03    -  1.00e+00 3.91e-03h  9
3036  1.9886516e-04 5.47e-09 7.09e+01  -4.1 1.66e-03    -  1.00e+00 3.91e-03h  9
3037  1.9886520e-04 5.46e-09 7.09e+01  -4.1 1.07e-04    -  1.00e+00 1.95e-03h 10
3038  1.9886510e-04 5.48e-09 7.09e+01  -4.1 1.87e-03    -  1.00e+00 3.91e-03h  9
3039  1.9886520e-04 5.47e-09 7.09e+01  -4.1 1.73e-03    -  1.00e+00 1.95e-03h 10
iter    objective    inf_pr   inf_du lg(mu)  ||d||  lg(rg) alpha_du alpha_pr  ls
3040  1.9886506e-04 5.47e-09 7.05e+01  -4.1 2.79e-01    -  1.00e+00 5.96e-08h 25
3041  1.9886827e-04 5.21e-09 7.05e+01  -4.1 3.15e-04    -  1.00e+00 1.25e-01h  4
3042  1.9886830e-04 5.21e-09 7.05e+01  -4.1 5.36e-03    -  1.00e+00 9.77e-04h 11
3043  1.9887195e-04 5.24e-09 7.09e+01  -4.1 2.21e-04    -  1.00e+00 1.25e-01h  4
3044  1.9887195e-04 5.24e-09 7.09e+01  -4.1 1.16e-02    -  1.00e+00 2.44e-04h 13
3045  1.9887179e-04 5.32e-09 7.09e+01  -4.1 3.62e-03    -  1.00e+00 7.81e-03h  8
3046  1.9887189e-04 5.28e-09 7.09e+01  -4.1 4.21e-04    -  1.00e+00 7.81e-03h  8
3047  1.9887193e-04 5.27e-09 7.09e+01  -4.1 4.54e-04    -  1.00e+00 1.95e-03h 10
3048  1.9887178e-04 5.30e-09 7.09e+01  -4.1 4.01e-02    -  1.00e+00 2.44e-04h 13
3049  1.9887171e-04 5.29e-09 7.05e+01  -4.1 3.69e-03    -  1.00e+00 3.91e-03h  9
iter    objective    inf_pr   inf_du lg(mu)  ||d||  lg(rg) alpha_du alpha_pr  ls
3050  1.9887175e-04 5.26e-09 7.05e+01  -4.1 1.72e-03    -  1.00e+00 3.91e-03h  9
3051  1.9887175e-04 5.26e-09 7.09e+01  -4.1 4.04e+00    -  3.61e-01 5.28e-09h 27
3052  1.9887479e-04 4.75e-09 7.09e+01  -4.1 1.85e-04    -  1.00e+00 2.50e-01h  3
3053  1.9887103e-04 3.70e-07 7.05e+01  -4.1 5.02e-02    -  1.00e+00 1.56e-02h  7
3054  1.9887089e-04 3.52e-07 7.05e+01  -4.1 1.70e-02    -  1.00e+00 3.12e-02h  6
3055  1.9887077e-04 3.40e-07 7.05e+01  -4.1 5.92e-03    -  1.00e+00 3.12e-02h  6
3056  1.9886972e-04 3.45e-07 7.06e+01  -4.1 6.84e-03    -  1.00e+00 6.25e-02h  5
3057  1.9887041e-04 3.34e-07 7.06e+01  -4.1 7.98e-04    -  1.00e+00 3.12e-02h  6
3058  1.9887030e-04 3.34e-07 7.09e+01  -4.1 1.00e-01    -  1.00e+00 6.10e-05h 15
3059  1.9885968e-04 2.26e-06 7.04e+01  -4.1 4.72e-03    -  1.00e+00 5.00e-01h  2
iter    objective    inf_pr   inf_du lg(mu)  ||d||  lg(rg) alpha_du alpha_pr  ls
3060  1.9885725e-04 2.17e-06 7.04e+01  -4.1 7.98e-03    -  1.00e+00 6.25e-02h  5
3061  1.9884469e-04 2.25e-06 7.04e+01  -4.1 3.01e-02    -  1.00e+00 3.12e-02h  6
3062  1.9884084e-04 2.06e-06 7.04e+01  -4.1 1.63e-02    -  1.00e+00 3.12e-02h  6
3063  1.9884066e-04 2.08e-06 7.04e+01  -4.1 1.13e-02    -  1.00e+00 3.12e-02h  6
3064  1.9884851e-04 1.74e-06 7.05e+01  -4.1 2.76e-03    -  1.00e+00 1.25e-01h  4
3065  1.9885462e-04 1.74e-06 7.09e+01  -4.1 3.05e-02    -  1.00e+00 1.95e-03h 10
3066  1.9885072e-04 1.77e-06 7.09e+01  -4.1 6.33e-02    -  1.00e+00 3.91e-03h  9
3067  1.9882144e-04 1.80e-06 7.09e+01  -4.1 5.75e-02    -  1.00e+00 1.56e-02h  7
3068  1.9882607e-04 1.68e-06 7.09e+01  -4.1 8.93e-03    -  1.00e+00 6.25e-02h  5
3069  1.9883410e-04 1.59e-06 7.09e+01  -4.1 1.36e-02    -  1.00e+00 3.12e-02h  6
iter    objective    inf_pr   inf_du lg(mu)  ||d||  lg(rg) alpha_du alpha_pr  ls
3070  1.9886708e-04 1.92e-06 7.07e+01  -4.1 3.91e-03    -  1.00e+00 2.50e-01h  3
3071  1.9886684e-04 1.35e-06 7.06e+01  -4.1 2.31e-03    -  1.00e+00 2.50e-01h  3
3072  1.9886579e-04 1.35e-06 7.08e+01  -4.1 4.22e+00    -  2.94e-01 6.68e-08h 22
3073  1.9886989e-04 1.27e-06 7.08e+01  -4.1 1.01e-03    -  1.00e+00 6.25e-02h  5
3074  1.9886327e-04 1.26e-06 7.08e+01  -4.1 4.01e-02    -  1.00e+00 7.81e-03h  8
3075  1.9886064e-04 1.05e-06 7.09e+01  -4.1 1.96e-03    -  1.00e+00 2.50e-01h  3
3076  1.9880212e-04 3.08e-06 7.05e+01  -4.1 1.33e-01    -  1.00e+00 1.56e-02h  7
3077  1.9880727e-04 2.95e-06 7.05e+01  -4.1 1.93e-02    -  1.00e+00 3.12e-02h  6
3078  1.9883091e-04 1.48e-06 7.05e+01  -4.1 1.38e-03    -  1.00e+00 5.00e-01h  2
3079  1.9885864e-04 1.41e-06 7.09e+01  -4.1 1.74e-02    -  1.00e+00 1.56e-02h  7
iter    objective    inf_pr   inf_du lg(mu)  ||d||  lg(rg) alpha_du alpha_pr  ls
3080  1.9885200e-04 1.44e-06 7.10e+01  -4.1 5.96e-03    -  1.00e+00 1.25e-01h  4
3081  1.9889413e-04 1.31e-06 7.10e+01  -4.1 3.04e-03    -  1.00e+00 2.50e-01h  3
3082  1.9908463e-04 1.70e-06 7.10e+01  -4.1 3.66e-03    -  1.00e+00 5.00e-01h  2
3083  1.9902494e-04 1.65e-06 7.10e+01  -4.1 1.07e-02    -  1.00e+00 3.12e-02h  6
3084  1.9898205e-04 1.60e-06 7.05e+01  -4.1 1.67e-02    -  1.00e+00 3.12e-02h  6
3085  1.9888729e-04 1.40e-06 7.10e+01  -4.1 2.14e-02    -  1.00e+00 3.12e-02h  6
3086  1.9888010e-04 1.36e-06 7.10e+01  -4.1 1.63e-02    -  1.00e+00 3.12e-02h  6
3087  1.9876728e-04 8.03e-06 7.10e+01  -4.1 1.79e-01    -  1.00e+00 1.56e-02h  7
3088  1.9889955e-04 8.71e-07 7.12e+01  -4.1 3.07e-03    -  1.00e+00 1.00e+00h  1
3089  1.9881835e-04 1.63e-06 7.12e+01  -4.1 8.19e-02    -  1.00e+00 1.56e-02h  7
iter    objective    inf_pr   inf_du lg(mu)  ||d||  lg(rg) alpha_du alpha_pr  ls
3090  1.9877361e-04 1.15e-06 7.12e+01  -4.1 6.09e-03    -  1.00e+00 2.50e-01h  3
3091  1.9877004e-04 1.11e-06 7.02e+01  -4.1 1.62e-02    -  1.00e+00 1.56e-02h  7
3092  1.9891794e-04 1.05e-06 7.12e+01  -4.1 1.62e-03    -  1.00e+00 1.00e+00h  1
3093  1.9877882e-04 7.84e-07 7.12e+01  -4.1 4.72e-03    -  1.00e+00 5.00e-01h  2
3094  1.9875570e-04 1.63e-06 7.02e+01  -4.1 9.08e-03    -  1.00e+00 1.25e-01h  4
3095  1.9867389e-04 1.58e-06 7.02e+01  -4.1 1.03e-02    -  1.00e+00 2.50e-01h  3
3096  1.9877171e-04 2.54e-06 7.12e+01  -4.1 3.09e-03    -  1.00e+00 1.00e+00h  1
3097  1.9867324e-04 5.05e-07 7.12e+01  -4.1 3.54e-03    -  1.00e+00 1.00e+00h  1
3098  1.9872034e-04 4.64e-07 7.02e+01  -4.1 7.65e-02    -  1.00e+00 3.91e-03h  9
3099  1.9871758e-04 4.62e-07 7.02e+01  -4.1 2.11e-02    -  1.00e+00 3.91e-03h  9
iter    objective    inf_pr   inf_du lg(mu)  ||d||  lg(rg) alpha_du alpha_pr  ls
3100  1.9857992e-04 1.01e-06 7.02e+01  -4.1 2.42e-02    -  1.00e+00 6.25e-02h  5
3101  1.9883568e-04 3.51e-07 7.02e+01  -4.1 2.62e-03    -  1.00e+00 1.00e+00H  1
3102  1.9882747e-04 2.65e-07 7.12e+01  -4.1 1.16e-02    -  1.00e+00 3.12e-02h  6
3103  1.9877681e-04 2.81e-07 7.02e+01  -4.1 7.01e-03    -  1.00e+00 1.25e-01h  4
3104  1.9876659e-04 2.34e-07 7.12e+01  -4.1 6.64e-03    -  1.00e+00 1.25e-01h  4
3105  1.9877771e-04 2.36e-07 7.02e+01  -4.1 9.10e-03    -  1.00e+00 6.25e-02h  5
3106  1.9874778e-04 2.45e-07 7.02e+01  -4.1 5.73e-03    -  1.00e+00 1.25e-01h  4
3107  1.9876802e-04 2.04e-07 7.03e+01  -4.1 9.08e-04    -  1.00e+00 1.00e+00h  1
3108  1.9886948e-04 5.75e-08 7.12e+01  -4.1 8.88e-04    -  1.00e+00 1.00e+00H  1
3109  1.9886086e-04 6.24e-08 7.12e+01  -4.1 8.19e-03    -  1.00e+00 1.56e-02h  7
iter    objective    inf_pr   inf_du lg(mu)  ||d||  lg(rg) alpha_du alpha_pr  ls
3110  1.9885609e-04 6.12e-08 7.12e+01  -4.1 1.49e-01    -  1.00e+00 9.77e-04h 11
3111  1.9885423e-04 6.17e-08 7.12e+01  -4.1 5.01e-02    -  1.00e+00 3.91e-03h  9
3112  1.9890707e-04 5.22e-08 7.03e+01  -4.1 2.48e-04    -  1.00e+00 1.00e+00h  1
3113  1.9883869e-04 1.30e-07 7.04e+01  -4.1 1.40e-03    -  1.00e+00 5.00e-01h  2
3114  1.9884074e-04 4.81e-08 7.10e+01  -4.1 7.54e-04    -  1.00e+00 5.00e-01h  2
3115  1.9883811e-04 7.47e-08 7.11e+01  -4.1 1.39e-02    -  1.00e+00 3.12e-02h  6
3116  1.9879408e-04 5.79e-08 7.10e+01  -4.1 1.14e-03    -  1.00e+00 2.50e-01h  3
3117  1.9880566e-04 4.72e-08 7.04e+01  -4.1 5.08e-04    -  1.00e+00 2.50e-01h  3
3118  1.9885143e-04 2.22e-08 7.11e+01  -4.1 3.16e-04    -  1.00e+00 1.00e+00h  1
3119  1.9885179e-04 1.96e-08 7.11e+01  -4.1 3.59e-02    -  1.00e+00 7.81e-03h  8
iter    objective    inf_pr   inf_du lg(mu)  ||d||  lg(rg) alpha_du alpha_pr  ls
3120  1.9889893e-04 2.14e-08 7.05e+01  -4.1 5.74e-04    -  1.00e+00 1.00e+00H  1
3121  1.9889270e-04 2.18e-08 7.05e+01  -4.1 1.83e-03    -  1.00e+00 6.25e-02h  5
3122  1.9884326e-04 2.42e-08 7.05e+01  -4.1 1.63e-02    -  1.00e+00 3.12e-02h  6
3123  1.9884243e-04 1.97e-08 7.05e+01  -4.1 6.58e-04    -  1.00e+00 1.25e-01h  4
3124  1.9884223e-04 1.60e-08 7.05e+01  -4.1 1.85e-03    -  1.00e+00 2.50e-01h  3
3125  1.9883912e-04 1.60e-08 7.09e+01  -4.1 9.25e-02    -  1.00e+00 4.88e-04h 12
3126  1.9885348e-04 5.98e-09 7.05e+01  -4.1 1.60e-04    -  1.00e+00 1.00e+00h  1
3127  1.9885334e-04 6.00e-09 7.05e+01  -4.1 4.02e-02    -  1.00e+00 3.91e-03h  9
3128  1.9884977e-04 8.91e-09 7.08e+01  -4.1 1.45e-03    -  1.00e+00 2.50e-01h  3
3129  1.9885262e-04 7.88e-09 7.08e+01  -4.1 2.50e-04    -  1.00e+00 1.25e-01h  4
iter    objective    inf_pr   inf_du lg(mu)  ||d||  lg(rg) alpha_du alpha_pr  ls
3130  1.9884354e-04 1.11e-08 7.08e+01  -4.1 1.55e-02    -  1.00e+00 3.12e-02h  6
3131  1.9884784e-04 9.40e-09 7.06e+01  -4.1 1.59e-03    -  1.00e+00 1.25e-01h  4
3132  1.9885097e-04 8.25e-09 7.06e+01  -4.1 2.10e-04    -  1.00e+00 1.25e-01h  4
3133  1.9885064e-04 8.47e-09 7.06e+01  -4.1 1.83e-02    -  1.00e+00 7.81e-03h  8
3134  1.9884531e-04 7.89e-09 7.07e+01  -4.1 1.25e-03    -  1.00e+00 1.25e-01h  4
3135  1.9884504e-04 8.22e-09 7.08e+01  -4.1 4.50e-02    -  1.00e+00 9.77e-04h 11
3136  1.9884969e-04 8.39e-09 7.08e+01  -4.1 9.93e-04    -  1.00e+00 1.25e-01h  4
3137  1.9884922e-04 8.32e-09 7.08e+01  -4.1 3.74e-03    -  1.00e+00 7.81e-03h  8
3138  1.9885243e-04 6.00e-09 7.08e+01  -4.1 2.61e-04    -  1.00e+00 2.50e-01h  3
3139  1.9885298e-04 5.82e-09 7.08e+01  -4.1 4.07e-04    -  1.00e+00 6.25e-02h  5
iter    objective    inf_pr   inf_du lg(mu)  ||d||  lg(rg) alpha_du alpha_pr  ls
3140  1.9885207e-04 6.54e-09 7.06e+01  -4.1 5.55e-03    -  1.00e+00 1.56e-02h  7
3141  1.9885084e-04 5.73e-09 7.07e+01  -4.1 6.53e-04    -  1.00e+00 2.50e-01h  3
3142  1.9885036e-04 7.01e-09 7.07e+01  -4.1 1.39e-02    -  1.00e+00 3.91e-03h  9
3143  1.9885071e-04 6.80e-09 7.07e+01  -4.1 2.64e-04    -  1.00e+00 3.12e-02h  6
3144  1.9885089e-04 6.70e-09 7.07e+01  -4.1 3.03e-03    -  1.00e+00 7.81e-03h  8
3145  1.9885083e-04 6.61e-09 7.07e+01  -4.1 3.17e-03    -  1.00e+00 7.81e-03h  8
3146  1.9885083e-04 6.61e-09 7.07e+01  -4.1 7.08e-03    -  1.00e+00 3.73e-09h 29
3147  1.9884960e-04 1.06e-09 7.11e+01  -4.1 3.59e-06    -  1.00e+00 1.00e+00h  1
3148  1.9884958e-04 5.48e-10 7.08e+01  -4.1 6.09e-08    -  1.00e+00 1.00e+00h  1
3149  1.9886443e-04 2.07e-09 7.08e+01  -4.1 1.73e-04    -  1.00e+00 2.50e-01h  3
iter    objective    inf_pr   inf_du lg(mu)  ||d||  lg(rg) alpha_du alpha_pr  ls
3150  1.9885937e-04 9.08e-11 7.09e+01  -4.1 1.82e-05    -  1.00e+00 1.00e+00H  1
3151  1.9886163e-04 7.80e-11 7.10e+01  -4.1 6.04e-06    -  1.00e+00 1.00e+00h  1
3152  1.9886436e-04 8.08e-11 7.04e+01  -4.1 1.06e-05    -  1.00e+00 1.00e+00h  1
3153  1.9886722e-04 3.75e-10 7.11e+01  -4.1 2.51e-05    -  1.00e+00 1.00e+00h  1
3154  1.9886780e-04 3.89e-10 7.11e+01  -4.1 1.23e-04    -  1.00e+00 1.25e-01h  4
3155  1.9886764e-04 4.08e-10 7.04e+01  -4.1 5.34e-02    -  1.00e+00 1.22e-04h 14
3156  1.9887090e-04 1.78e-10 7.03e+01  -4.1 1.20e-05    -  1.00e+00 1.00e+00h  1
3157  1.9880334e-04 5.88e-08 7.13e+01  -4.1 4.33e-04    -  1.00e+00 1.00e+00h  1
3158  1.9884781e-04 3.18e-08 7.10e+01  -4.1 3.10e-04    -  1.00e+00 1.00e+00h  1
3159  1.9884878e-04 3.11e-08 7.10e+01  -4.1 1.33e-03    -  1.00e+00 1.56e-02h  7
iter    objective    inf_pr   inf_du lg(mu)  ||d||  lg(rg) alpha_du alpha_pr  ls
3160  1.9884957e-04 3.03e-08 7.10e+01  -4.1 7.46e-03    -  1.00e+00 1.56e-02h  7
3161  1.9884957e-04 3.03e-08 7.10e+01  -4.1 2.23e-04    -  1.00e+00 1.53e-05h 17
3162  1.9884951e-04 3.03e-08 7.05e+01  -4.1 1.30e-01    -  1.00e+00 2.38e-07h 23
3163  1.9884954e-04 3.02e-08 7.05e+01  -4.1 9.70e-05    -  1.00e+00 1.95e-03h 10
3164  1.9884757e-04 3.06e-08 7.05e+01  -4.1 4.79e-02    -  1.00e+00 7.81e-03h  8
3165  1.9884786e-04 3.05e-08 7.05e+01  -4.1 3.36e-04    -  1.00e+00 3.91e-03h  9
3166  1.9884002e-04 2.82e-08 7.09e+01  -4.1 2.76e-02    -  1.00e+00 1.56e-02h  7
3167  1.9884578e-04 2.17e-08 7.09e+01  -4.1 3.00e-04    -  1.00e+00 2.50e-01h  3
3168  1.9884712e-04 2.03e-08 7.09e+01  -4.1 5.42e-05    -  1.00e+00 6.25e-02h  5
3169  1.9884703e-04 2.03e-08 7.09e+01  -4.1 5.34e-02    -  1.00e+00 6.10e-05h 15
iter    objective    inf_pr   inf_du lg(mu)  ||d||  lg(rg) alpha_du alpha_pr  ls
3170  1.9884761e-04 2.02e-08 7.05e+01  -4.1 2.76e-04    -  1.00e+00 7.81e-03h  8
3171  1.9884776e-04 2.01e-08 7.05e+01  -4.1 2.76e-04    -  1.00e+00 1.95e-03h 10
3172  1.9884953e-04 1.77e-08 7.09e+01  -4.1 4.43e-04    -  1.00e+00 1.25e-01h  4
3173  1.9884955e-04 1.77e-08 7.09e+01  -4.1 3.37e-03    -  1.00e+00 2.44e-04h 13
3174  1.9884955e-04 1.77e-08 7.09e+01  -4.1 7.33e-03    -  1.00e+00 1.22e-04h 14
3175  1.9886382e-04 1.36e-09 7.05e+01  -4.1 4.27e-05    -  1.00e+00 1.00e+00h  1
3176  1.9886496e-04 4.58e-11 7.10e+01  -4.1 3.34e-06    -  1.00e+00 1.00e+00h  1
3177  1.9886735e-04 1.87e-10 7.04e+01  -4.1 3.31e-04    -  1.00e+00 1.25e-01h  4
3178  1.9885734e-04 1.39e-09 7.04e+01  -4.1 5.28e-05    -  1.00e+00 1.00e+00h  1
3179  1.9885755e-04 1.39e-09 7.04e+01  -4.1 6.44e-03    -  1.00e+00 3.91e-03h  9
iter    objective    inf_pr   inf_du lg(mu)  ||d||  lg(rg) alpha_du alpha_pr  ls
3180  1.9886284e-04 1.41e-09 7.04e+01  -4.1 9.86e-04    -  1.00e+00 6.25e-02h  5
3181  1.9886455e-04 1.07e-09 7.04e+01  -4.1 6.93e-05    -  1.00e+00 2.50e-01h  3
3182  1.9886480e-04 1.07e-09 7.04e+01  -4.1 8.28e-04    -  1.00e+00 3.91e-03h  9
3183  1.9886464e-04 1.07e-09 7.10e+01  -4.1 9.46e-03    -  1.00e+00 4.88e-04h 12
3184  1.9886448e-04 1.07e-09 7.10e+01  -4.1 2.01e-03    -  1.00e+00 3.91e-03h  9
3185  1.9886509e-04 1.02e-09 7.04e+01  -4.1 7.62e-04    -  1.00e+00 1.56e-02h  7
3186  1.9886550e-04 9.96e-10 7.04e+01  -4.1 5.62e-04    -  1.00e+00 1.56e-02h  7
3187  1.9886351e-04 4.88e-08 7.10e+01  -4.1 8.20e-03    -  1.00e+00 3.12e-02h  6
3188  1.9886351e-04 4.88e-08 7.10e+01  -4.1 1.34e-02    -  1.00e+00 2.44e-04h 13
3189  1.9886317e-04 4.33e-08 7.10e+01  -4.1 1.59e-03    -  1.00e+00 6.25e-02h  5
iter    objective    inf_pr   inf_du lg(mu)  ||d||  lg(rg) alpha_du alpha_pr  ls
3190  1.9886436e-04 3.98e-08 7.10e+01  -4.1 5.22e-04    -  1.00e+00 1.25e-01h  4
3191  1.9886261e-04 3.97e-08 7.04e+01  -4.1 1.64e-02    -  1.00e+00 1.56e-02h  7
3192  1.9886288e-04 3.95e-08 7.04e+01  -4.1 4.49e-03    -  1.00e+00 3.91e-03h  9
3193  1.9886256e-04 4.52e-08 7.10e+01  -4.1 3.65e-02    -  1.00e+00 1.95e-03h 10
3194  1.9886260e-04 4.51e-08 7.10e+01  -4.1 1.79e-03    -  1.00e+00 9.77e-04h 11
3195  1.9886267e-04 4.25e-08 7.10e+01  -4.1 1.03e-03    -  1.00e+00 6.25e-02h  5
3196  1.9886279e-04 4.07e-08 7.10e+01  -4.1 6.87e-04    -  1.00e+00 3.12e-02h  6
3197  1.9886342e-04 2.98e-08 7.04e+01  -4.1 1.98e-04    -  1.00e+00 2.50e-01h  3
3198  1.9886349e-04 2.97e-08 7.04e+01  -4.1 8.10e-03    -  1.00e+00 1.95e-03h 10
3199  1.9886390e-04 2.66e-08 7.04e+01  -4.1 6.60e-04    -  1.00e+00 6.25e-02h  5
iter    objective    inf_pr   inf_du lg(mu)  ||d||  lg(rg) alpha_du alpha_pr  ls
3200  1.9886391e-04 2.65e-08 7.04e+01  -4.1 6.85e-03    -  1.00e+00 1.95e-03h 10
3201  1.9886386e-04 2.64e-08 7.04e+01  -4.1 1.85e-03    -  1.00e+00 3.12e-02h  6
3202  1.9886427e-04 2.56e-08 7.04e+01  -4.1 1.65e-04    -  1.00e+00 3.12e-02h  6
3203  1.9886258e-04 2.93e-08 7.11e+01  -4.1 8.18e-03    -  1.00e+00 1.56e-02h  7
3204  1.9886403e-04 2.13e-08 7.11e+01  -4.1 4.04e-04    -  1.00e+00 2.50e-01h  3
3205  1.9886402e-04 2.19e-08 7.11e+01  -4.1 2.23e-03    -  1.00e+00 1.56e-02h  7
3206  1.9886414e-04 2.18e-08 7.11e+01  -4.1 6.32e-03    -  1.00e+00 3.91e-03h  9
3207  1.9886443e-04 2.15e-08 7.11e+01  -4.1 3.86e-04    -  1.00e+00 1.56e-02h  7
3208  1.9886367e-04 2.10e-08 7.04e+01  -4.1 5.28e-02    -  1.00e+00 9.77e-04h 11
3209  1.9886370e-04 2.10e-08 7.04e+01  -4.1 5.48e-03    -  1.00e+00 1.95e-03h 10
iter    objective    inf_pr   inf_du lg(mu)  ||d||  lg(rg) alpha_du alpha_pr  ls
3210  1.9886357e-04 2.15e-08 7.11e+01  -4.1 3.38e-02    -  1.00e+00 1.95e-03h 10
3211  1.9886330e-04 2.23e-08 7.11e+01  -4.1 1.86e-02    -  1.00e+00 3.91e-03h  9
3212  1.9886280e-04 2.30e-08 7.04e+01  -4.1 2.58e-02    -  1.00e+00 1.95e-03h 10
3213  1.9886280e-04 2.30e-08 7.11e+01  -4.1 2.08e-02    -  1.00e+00 9.77e-04h 11
3214  1.9886280e-04 2.30e-08 7.11e+01  -4.1 7.91e-03    -  1.00e+00 9.77e-04h 11
3215  1.9886278e-04 2.30e-08 7.04e+01  -4.1 4.23e-03    -  1.00e+00 2.98e-08h 26
3216  1.9885875e-04 2.95e-09 6.92e+01  -4.1 1.16e-05    -  1.00e+00 1.00e+00h  1
3217  1.9885855e-04 2.18e-09 7.04e+01  -4.1 6.03e-07    -  1.00e+00 1.00e+00h  1
3218  1.9886418e-04 1.91e-09 7.04e+01  -4.1 2.58e-04    -  1.00e+00 6.25e-02h  5
3219  1.9886718e-04 4.56e-11 7.02e+01  -4.1 7.07e-06    -  1.00e+00 1.00e+00H  1
iter    objective    inf_pr   inf_du lg(mu)  ||d||  lg(rg) alpha_du alpha_pr  ls
3220  1.9886611e-04 3.26e-11 7.02e+01  -4.1 3.01e-06    -  1.00e+00 1.00e+00h  1
3221  1.9886572e-04 3.39e-11 7.12e+01  -4.1 7.81e-06    -  1.00e+00 1.00e+00h  1
3222  1.9886648e-04 3.12e-11 7.13e+01  -4.1 4.67e-06    -  1.00e+00 1.00e+00h  1
3223  1.9886816e-04 5.98e-11 7.13e+01  -4.1 2.07e-05    -  1.00e+00 1.00e+00h  1
3224  1.9886775e-04 9.99e-11 7.02e+01  -4.1 1.96e-02    -  1.00e+00 9.77e-04h 11
3225  1.9887318e-04 5.24e-10 7.02e+01  -4.1 5.91e-05    -  1.00e+00 5.00e-01h  2
3226  1.9884079e-04 1.22e-07 7.14e+01  -4.1 5.15e-04    -  1.00e+00 1.00e+00h  1
3227  1.9873258e-04 5.77e-07 7.12e+01  -4.1 9.35e-04    -  1.00e+00 1.00e+00h  1
3228  1.9870993e-04 6.02e-07 7.12e+01  -4.1 3.62e-02    -  1.00e+00 3.12e-02h  6
3229  1.9877935e-04 2.59e-07 7.02e+01  -4.1 6.38e-04    -  1.00e+00 1.00e+00h  1
iter    objective    inf_pr   inf_du lg(mu)  ||d||  lg(rg) alpha_du alpha_pr  ls
3230  1.9878117e-04 1.95e-07 7.02e+01  -4.1 6.25e-04    -  1.00e+00 2.50e-01h  3
3231  1.9879087e-04 1.95e-07 7.12e+01  -4.1 1.01e-02    -  1.00e+00 1.95e-03h 10
3232  1.9883076e-04 5.24e-08 7.12e+01  -4.1 3.73e-04    -  1.00e+00 1.00e+00h  1
3233  1.9879445e-04 7.51e-08 7.10e+01  -4.1 3.31e-04    -  1.00e+00 1.00e+00h  1
3234  1.9880037e-04 4.01e-08 7.04e+01  -4.1 2.80e-04    -  1.00e+00 5.00e-01h  2
3235  1.9884767e-04 2.40e-08 7.10e+01  -4.1 2.33e-04    -  1.00e+00 1.00e+00h  1
3236  1.9883719e-04 1.16e-08 7.05e+01  -4.1 1.28e-04    -  1.00e+00 1.00e+00h  1
3237  1.9883899e-04 4.51e-09 7.08e+01  -4.1 2.35e-04    -  1.00e+00 5.00e-01h  2
3238  1.9885458e-04 5.45e-09 7.06e+01  -4.1 2.22e-04    -  1.00e+00 5.00e-01h  2
3239  1.9884592e-04 4.06e-09 7.06e+01  -4.1 3.32e-04    -  1.00e+00 5.00e-01h  2
iter    objective    inf_pr   inf_du lg(mu)  ||d||  lg(rg) alpha_du alpha_pr  ls
3240  1.9884724e-04 4.15e-09 7.08e+01  -4.1 1.28e-03    -  1.00e+00 6.25e-02h  5
3241  1.9884369e-04 3.37e-09 7.08e+01  -4.1 2.43e-04    -  1.00e+00 5.00e-01h  2
3242  1.9884854e-04 4.02e-09 7.06e+01  -4.1 5.81e-04    -  1.00e+00 1.25e-01h  4
3243  1.9884895e-04 4.03e-09 7.06e+01  -4.1 9.02e-04    -  1.00e+00 1.56e-02h  7
3244  1.9885180e-04 2.80e-09 7.08e+01  -4.1 5.29e-04    -  1.00e+00 1.25e-01h  4
3245  1.9885676e-04 2.49e-09 7.08e+01  -4.1 8.20e-04    -  1.00e+00 2.50e-01h  3
3246  1.9885169e-04 2.35e-09 7.07e+01  -4.1 9.49e-04    -  1.00e+00 6.25e-02h  5
3247  1.9885176e-04 2.34e-09 7.07e+01  -4.1 1.35e-03    -  1.00e+00 3.91e-03h  9
3248  1.9885067e-04 2.30e-09 7.08e+01  -4.1 1.20e-03    -  1.00e+00 3.12e-02h  6
3249  1.9885080e-04 2.30e-09 7.08e+01  -4.1 4.08e-03    -  1.00e+00 7.81e-03h  8
iter    objective    inf_pr   inf_du lg(mu)  ||d||  lg(rg) alpha_du alpha_pr  ls
3250  1.9884898e-04 3.39e-09 7.07e+01  -4.1 5.55e-04    -  1.00e+00 5.00e-01h  2
3251  1.9884880e-04 3.27e-09 7.07e+01  -4.1 1.16e-02    -  1.00e+00 1.95e-03h 10
3252  1.9884736e-04 3.12e-09 7.07e+01  -4.1 3.48e-03    -  1.00e+00 1.56e-02h  7
3253  1.9884842e-04 3.07e-09 7.07e+01  -4.1 1.20e-03    -  1.00e+00 3.12e-02h  6
3254  1.9885193e-04 2.96e-09 7.07e+01  -4.1 6.67e-04    -  1.00e+00 1.25e-01h  4
3255  1.9884792e-04 3.04e-09 7.07e+01  -4.1 4.28e-03    -  1.00e+00 1.56e-02h  7
3256  1.9884828e-04 3.10e-09 7.07e+01  -4.1 4.02e-03    -  1.00e+00 3.91e-03h  9
3257  1.9885500e-04 2.43e-09 7.07e+01  -4.1 3.65e-04    -  1.00e+00 2.50e-01h  3
3258  1.9885468e-04 2.44e-09 7.07e+01  -4.1 4.61e-03    -  1.00e+00 3.91e-03h  9
3259  1.9885660e-04 2.23e-09 7.07e+01  -4.1 2.88e-04    -  1.00e+00 1.25e-01h  4
iter    objective    inf_pr   inf_du lg(mu)  ||d||  lg(rg) alpha_du alpha_pr  ls
3260  1.9885722e-04 2.13e-09 7.07e+01  -4.1 4.04e-04    -  1.00e+00 6.25e-02h  5
3261  1.9882744e-04 1.85e-08 7.09e+01  -4.1 3.34e-04    -  1.00e+00 1.00e+00h  1
3262  1.9883349e-04 1.62e-08 7.09e+01  -4.1 2.07e-04    -  1.00e+00 1.25e-01h  4
3263  1.9883492e-04 1.59e-08 7.08e+01  -4.1 1.69e-03    -  1.00e+00 3.12e-02h  6
3264  1.9883540e-04 1.40e-08 7.08e+01  -4.1 5.54e-04    -  1.00e+00 1.25e-01h  4
3265  1.9883651e-04 1.35e-08 7.08e+01  -4.1 2.05e-03    -  1.00e+00 3.12e-02h  6
3266  1.9883640e-04 1.35e-08 7.06e+01  -4.1 2.01e-02    -  1.00e+00 2.44e-04h 13
3267  1.9883693e-04 1.34e-08 7.06e+01  -4.1 5.90e-04    -  1.00e+00 7.81e-03h  8
3268  1.9883715e-04 1.32e-08 7.06e+01  -4.1 3.24e-04    -  1.00e+00 1.56e-02h  7
3269  1.9883721e-04 1.32e-08 7.06e+01  -4.1 1.73e-03    -  1.00e+00 9.77e-04h 11
iter    objective    inf_pr   inf_du lg(mu)  ||d||  lg(rg) alpha_du alpha_pr  ls
3270  1.9883304e-04 1.47e-08 7.06e+01  -4.1 7.47e-02    -  1.00e+00 1.95e-03h 10
3271  1.9883328e-04 1.46e-08 7.08e+01  -4.1 3.06e-03    -  1.00e+00 3.91e-03h  9
3272  1.9883797e-04 1.44e-08 7.08e+01  -4.1 2.66e-03    -  1.00e+00 6.25e-02h  5
3273  1.9884604e-04 1.37e-08 7.08e+01  -4.1 9.31e-04    -  1.00e+00 1.25e-01h  4
3274  2.0008030e-04 1.37e-08 7.07e+01  -4.1 2.23e-02    -  1.00e+00 4.88e-04h 12
3275  1.9949980e-04 4.73e-09 7.08e+01  -4.1 2.39e-04    -  1.00e+00 1.00e+00H  1
3276  1.9904768e-04 3.41e-09 7.06e+01  -4.1 2.65e-01    -  1.00e+00 4.88e-04h 12
3277  1.9898966e-04 4.93e-09 7.07e+01  -4.1 1.18e-03    -  1.00e+00 1.25e-01h  4
3278  1.9887234e-04 4.74e-09 7.08e+01  -4.1 7.60e-01    -  1.00e+00 1.22e-04h 14
3279  1.9890381e-04 3.19e-09 7.07e+01  -4.1 2.06e-04    -  1.00e+00 1.00e+00h  1
iter    objective    inf_pr   inf_du lg(mu)  ||d||  lg(rg) alpha_du alpha_pr  ls
3280  1.9887793e-04 1.35e-09 7.08e+01  -4.1 1.31e-04    -  1.00e+00 1.00e+00h  1
3281  1.9887520e-04 3.20e-09 7.08e+01  -4.1 3.26e-02    -  1.00e+00 3.91e-03h  9
3282  1.9886371e-04 3.24e-09 7.06e+01  -4.1 1.38e-01    -  1.00e+00 2.44e-04h 13
3283  1.9885200e-04 8.82e-09 7.08e+01  -4.1 2.56e-04    -  1.00e+00 5.00e-01h  2
3284  1.9885905e-04 6.63e-09 7.08e+01  -4.1 3.13e-04    -  1.00e+00 2.50e-01h  3
3285  1.9885903e-04 6.70e-09 7.08e+01  -4.1 1.23e-02    -  1.00e+00 3.91e-03h  9
3286  1.9885850e-04 7.92e-09 7.06e+01  -4.1 2.91e-02    -  1.00e+00 1.95e-03h 10
3287  1.9887609e-04 2.70e-09 7.08e+01  -4.1 2.09e-04    -  1.00e+00 1.00e+00h  1
3288  1.9887374e-04 2.64e-09 7.08e+01  -4.1 5.11e-03    -  1.00e+00 7.81e-03h  8
3289  1.9887272e-04 3.80e-09 7.08e+01  -4.1 9.42e-03    -  1.00e+00 7.81e-03h  8
iter    objective    inf_pr   inf_du lg(mu)  ||d||  lg(rg) alpha_du alpha_pr  ls
3290  1.9887119e-04 3.74e-09 7.08e+01  -4.1 1.58e-03    -  1.00e+00 3.12e-02h  6
3291  1.9886975e-04 3.74e-09 7.08e+01  -4.1 1.93e-02    -  1.00e+00 9.77e-04h 11
3292  1.9886977e-04 3.74e-09 7.08e+01  -4.1 1.50e-03    -  1.00e+00 9.77e-04h 11
3293  1.9886903e-04 3.74e-09 7.06e+01  -4.1 4.18e-02    -  1.00e+00 2.44e-04h 13
3294  1.9886815e-04 3.72e-09 7.06e+01  -4.1 4.24e-03    -  1.00e+00 3.91e-03h  9
3295  1.9886625e-04 3.48e-09 7.06e+01  -4.1 1.24e-03    -  1.00e+00 3.12e-02h  6
3296  1.9885920e-04 6.98e-09 7.06e+01  -4.1 7.93e-04    -  1.00e+00 1.25e-01h  4
3297  1.9885683e-04 6.90e-09 7.08e+01  -4.1 3.25e-02    -  1.00e+00 1.95e-03h 10
3298  1.9885612e-04 6.61e-09 7.08e+01  -4.1 4.91e-04    -  1.00e+00 1.25e-01h  4
3299  1.9885609e-04 7.65e-09 7.08e+01  -4.1 2.14e-03    -  1.00e+00 3.12e-02h  6
iter    objective    inf_pr   inf_du lg(mu)  ||d||  lg(rg) alpha_du alpha_pr  ls
3300  1.9885596e-04 2.92e-08 7.06e+01  -4.1 1.38e-03    -  1.00e+00 1.25e-01h  4
3301  1.9885598e-04 2.92e-08 7.06e+01  -4.1 1.81e-03    -  1.00e+00 1.56e-02h  7
3302  1.9887566e-04 3.57e-09 7.06e+01  -4.1 2.27e-04    -  1.00e+00 1.00e+00H  1
3303  1.9887419e-04 2.49e-09 7.06e+01  -4.1 2.94e-02    -  1.00e+00 1.95e-03h 10
3304  1.9887417e-04 2.49e-09 7.08e+01  -4.1 8.92e-02    -  1.00e+00 7.63e-06h 18
3305  1.9885353e-04 9.62e-09 7.05e+01  -4.1 1.16e-04    -  1.00e+00 1.00e+00h  1
3306  1.9884841e-04 4.85e-08 7.05e+01  -4.1 1.00e-02    -  1.00e+00 3.12e-02h  6
3307  1.9885353e-04 4.22e-08 7.05e+01  -4.1 1.22e-03    -  1.00e+00 1.25e-01h  4
3308  1.9885355e-04 4.21e-08 7.05e+01  -4.1 7.23e-03    -  1.00e+00 3.91e-03h  9
3309  1.9885358e-04 4.20e-08 7.05e+01  -4.1 1.56e-04    -  1.00e+00 1.95e-03h 10
iter    objective    inf_pr   inf_du lg(mu)  ||d||  lg(rg) alpha_du alpha_pr  ls
3310  1.9885355e-04 4.19e-08 7.05e+01  -4.1 7.02e-03    -  1.00e+00 3.91e-03h  9
3311  1.9885308e-04 4.15e-08 7.09e+01  -4.1 1.90e-03    -  1.00e+00 6.25e-02h  5
3312  1.9885359e-04 4.09e-08 7.09e+01  -4.1 4.12e-04    -  1.00e+00 1.56e-02h  7
3313  1.9885190e-04 4.08e-08 7.09e+01  -4.1 4.04e-02    -  1.00e+00 7.81e-03h  8
3314  1.9885317e-04 3.95e-08 7.09e+01  -4.1 1.00e-03    -  1.00e+00 3.12e-02h  6
3315  1.9884988e-04 4.18e-08 7.09e+01  -4.1 2.31e-02    -  1.00e+00 7.81e-03h  8
3316  1.9885076e-04 4.15e-08 7.05e+01  -4.1 1.81e-03    -  1.00e+00 7.81e-03h  8
3317  1.9885141e-04 4.09e-08 7.05e+01  -4.1 7.85e-04    -  1.00e+00 1.56e-02h  7
3318  1.9885170e-04 4.06e-08 7.05e+01  -4.1 7.10e-04    -  1.00e+00 7.81e-03h  8
3319  1.9885174e-04 4.04e-08 7.05e+01  -4.1 7.76e-03    -  1.00e+00 3.91e-03h  9
iter    objective    inf_pr   inf_du lg(mu)  ||d||  lg(rg) alpha_du alpha_pr  ls
3320  1.9885182e-04 4.03e-08 7.05e+01  -4.1 4.42e-04    -  1.00e+00 1.95e-03h 10
3321  1.9885149e-04 4.14e-08 7.09e+01  -4.1 1.80e-01    -  1.00e+00 1.95e-03h 10
3322  1.9886111e-04 9.25e-09 7.09e+01  -4.1 3.21e-04    -  1.00e+00 1.00e+00h  1
3323  1.9886185e-04 9.21e-09 7.05e+01  -4.1 2.82e-02    -  1.00e+00 1.95e-03h 10
3324  1.9887095e-04 7.65e-09 7.05e+01  -4.1 2.34e-04    -  1.00e+00 5.00e-01h  2
3325  1.9886816e-04 8.48e-09 7.05e+01  -4.1 6.63e-03    -  1.00e+00 7.81e-03h  8
3326  1.9886798e-04 8.52e-09 7.05e+01  -4.1 2.29e-02    -  1.00e+00 3.91e-03h  9
3327  1.9885599e-04 8.92e-09 7.09e+01  -4.1 2.46e-04    -  1.00e+00 1.00e+00h  1
3328  1.9886265e-04 8.27e-09 7.09e+01  -4.1 2.31e-03    -  1.00e+00 1.25e-01h  4
3329  1.9886148e-04 7.43e-09 7.09e+01  -4.1 2.29e-02    -  1.00e+00 1.95e-03h 10
iter    objective    inf_pr   inf_du lg(mu)  ||d||  lg(rg) alpha_du alpha_pr  ls
3330  1.9885978e-04 7.29e-09 7.05e+01  -4.1 4.45e-03    -  1.00e+00 3.91e-03h  9
3331  1.9886052e-04 7.17e-09 7.05e+01  -4.1 1.14e-03    -  1.00e+00 1.56e-02h  7
3332  1.9885516e-04 1.84e-08 7.09e+01  -4.1 3.34e-02    -  1.00e+00 7.81e-03h  8
3333  1.9884573e-04 3.92e-08 7.10e+01  -4.1 1.86e-03    -  1.00e+00 2.50e-01h  3
3334  1.9884328e-04 7.67e-08 7.10e+01  -4.1 1.92e-03    -  1.00e+00 1.25e-01h  4
3335  1.9884422e-04 7.30e-08 7.10e+01  -4.1 2.29e-03    -  1.00e+00 6.25e-02h  5
3336  1.9884516e-04 7.24e-08 7.10e+01  -4.1 2.31e-03    -  1.00e+00 1.56e-02h  7
3337  1.9884439e-04 7.29e-08 7.05e+01  -4.1 1.32e-02    -  1.00e+00 3.91e-03h  9
3338  1.9884269e-04 6.36e-08 7.05e+01  -4.1 3.73e-03    -  1.00e+00 1.25e-01h  4
3339  1.9884122e-04 7.03e-08 7.09e+01  -4.1 9.76e-03    -  1.00e+00 1.56e-02h  7
iter    objective    inf_pr   inf_du lg(mu)  ||d||  lg(rg) alpha_du alpha_pr  ls
3340  1.9884251e-04 6.80e-08 7.09e+01  -4.1 1.79e-03    -  1.00e+00 3.12e-02h  6
3341  1.9884532e-04 6.32e-08 7.09e+01  -4.1 5.40e-04    -  1.00e+00 1.25e-01h  4
3342  1.9883818e-04 7.99e-08 7.05e+01  -4.1 5.45e-03    -  1.00e+00 1.25e-01h  4
3343  1.9884016e-04 7.76e-08 7.06e+01  -4.1 1.33e-03    -  1.00e+00 3.12e-02h  6
3344  1.9884063e-04 7.64e-08 7.09e+01  -4.1 2.92e-03    -  1.00e+00 1.56e-02h  7
3345  1.9884108e-04 7.58e-08 7.09e+01  -4.1 3.10e-03    -  1.00e+00 7.81e-03h  8
3346  1.9884110e-04 7.48e-08 7.06e+01  -4.1 3.81e-03    -  1.00e+00 1.56e-02h  7
3347  1.9884109e-04 7.47e-08 7.09e+01  -4.1 2.80e-02    -  1.00e+00 1.95e-03h 10
3348  1.9884185e-04 7.11e-08 7.06e+01  -4.1 1.61e-03    -  1.00e+00 6.25e-02h  5
3349  1.9884181e-04 7.11e-08 7.09e+01  -4.1 7.44e-03    -  1.00e+00 5.96e-08h 25
iter    objective    inf_pr   inf_du lg(mu)  ||d||  lg(rg) alpha_du alpha_pr  ls
3350  1.9883005e-04 7.43e-09 7.42e+01  -4.1 3.25e-05    -  1.00e+00 1.00e+00h  1
3351  1.9882675e-04 5.65e-09 7.01e+01  -4.1 9.26e-06    -  1.00e+00 1.00e+00h  1
3352  1.9884313e-04 5.14e-09 7.13e+01  -4.1 3.60e-04    -  1.00e+00 1.25e-01h  4
3353  1.9885109e-04 5.01e-09 7.13e+01  -4.1 3.50e-04    -  1.00e+00 6.25e-02h  5
3354  1.9885434e-04 4.96e-09 7.13e+01  -4.1 2.80e-04    -  1.00e+00 3.12e-02h  6
3355  1.9885556e-04 4.91e-09 7.12e+01  -4.1 2.07e-04    -  1.00e+00 1.56e-02h  7
3356  1.9885580e-04 4.89e-09 7.12e+01  -4.1 1.64e-04    -  1.00e+00 3.91e-03h  9
3357  2.0273915e-04 5.08e-09 7.03e+01  -4.1 4.22e-03    -  1.00e+00 1.95e-03h 10
3358  2.0078925e-04 7.96e-10 7.15e+01  -4.1 4.56e-05    -  1.00e+00 1.00e+00H  1
3359  2.0067340e-04 9.25e-10 7.01e+01  -4.1 6.58e-04    -  1.00e+00 1.95e-03h 10
iter    objective    inf_pr   inf_du lg(mu)  ||d||  lg(rg) alpha_du alpha_pr  ls
3360  1.9890211e-04 4.71e-10 7.14e+01  -4.1 1.95e-05    -  1.00e+00 1.00e+00h  1
3361  1.9975506e-04 4.01e-11 7.00e+01  -4.1 1.37e-06    -  1.00e+00 1.00e+00h  1
3362  1.9929551e-04 5.68e-11 6.99e+01  -4.1 1.17e-06    -  1.00e+00 1.00e+00h  1
3363  1.9888332e-04 7.90e-11 7.15e+01  -4.1 2.63e-03    -  1.00e+00 2.44e-04h 13
3364  1.9907272e-04 6.91e-11 6.98e+01  -4.1 1.76e-07    -  1.00e+00 1.00e+00h  1
3365  1.9896036e-04 7.30e-11 6.98e+01  -4.1 1.07e-06    -  1.00e+00 1.00e+00h  1
3366  1.9888830e-04 7.88e-11 7.16e+01  -4.1 3.19e-03    -  1.00e+00 6.10e-05h 15
3367  1.9890067e-04 7.69e-11 6.97e+01  -4.1 1.10e-06    -  1.00e+00 1.00e+00h  1
3368  1.9887124e-04 7.72e-11 6.97e+01  -4.1 1.59e-06    -  1.00e+00 1.00e+00h  1
3369  1.9886894e-04 7.80e-11 7.17e+01  -4.1 2.40e-02    -  1.00e+00 1.53e-05h 17
iter    objective    inf_pr   inf_du lg(mu)  ||d||  lg(rg) alpha_du alpha_pr  ls
3370  1.9887966e-04 2.84e-11 6.97e+01  -4.1 1.30e-04    -  1.00e+00 1.00e+00H  1
3371  1.9887926e-04 5.07e-11 6.97e+01  -4.1 6.46e-04    -  1.00e+00 7.81e-03h  8
3372  1.9887922e-04 4.98e-11 7.17e+01  -4.1 8.28e-05    -  1.00e+00 1.56e-02h  7
3373  1.9846449e-04 3.41e-06 6.91e+01  -4.1 1.58e-03    -  1.00e+00 1.00e+00h  1
3374  1.9865689e-04 9.42e-07 7.01e+01  -4.1 8.31e-04    -  1.00e+00 1.00e+00h  1
3375  1.9868345e-04 6.64e-07 7.02e+01  -4.1 3.63e-03    -  1.00e+00 1.25e-01h  4
3376  1.9870001e-04 4.49e-07 7.02e+01  -4.1 7.43e-03    -  1.00e+00 6.25e-02h  5
3377  1.9869886e-04 4.24e-07 7.03e+01  -4.1 4.98e-02    -  1.00e+00 7.81e-03h  8
3378  1.9874426e-04 3.69e-07 7.09e+01  -4.1 2.00e-03    -  1.00e+00 2.50e-01h  3
3379  1.9880119e-04 3.30e-07 7.06e+01  -4.1 1.48e-03    -  1.00e+00 1.25e-01h  4
iter    objective    inf_pr   inf_du lg(mu)  ||d||  lg(rg) alpha_du alpha_pr  ls
3380  1.9884524e-04 3.06e-07 7.06e+01  -4.1 2.02e-03    -  1.00e+00 1.25e-01h  4
3381  1.9877741e-04 2.62e-07 7.08e+01  -4.1 4.59e-03    -  1.00e+00 2.50e-01h  3
3382  1.9881517e-04 1.41e-07 7.10e+01  -4.1 5.40e-04    -  1.00e+00 5.00e-01h  2
3383  1.9880008e-04 2.31e-07 7.10e+01  -4.1 1.49e-03    -  1.00e+00 2.50e-01h  3
3384  1.9877761e-04 2.92e-07 7.04e+01  -4.1 3.11e-03    -  1.00e+00 1.25e-01h  4
3385  1.9877405e-04 3.04e-07 7.10e+01  -4.1 6.66e-02    -  1.00e+00 1.95e-03h 10
3386  1.9881703e-04 1.02e-07 7.10e+01  -4.1 3.99e-04    -  1.00e+00 1.00e+00h  1
3387  1.9882224e-04 6.43e-08 7.11e+01  -4.1 5.84e-04    -  1.00e+00 5.00e-01h  2
3388  1.9861032e-04 1.14e-06 7.07e+01  -4.1 1.37e-03    -  1.00e+00 1.00e+00h  1
3389  1.9863671e-04 1.07e-06 7.07e+01  -4.1 1.31e-03    -  1.00e+00 6.25e-02h  5
iter    objective    inf_pr   inf_du lg(mu)  ||d||  lg(rg) alpha_du alpha_pr  ls
3390  1.9867100e-04 5.84e-07 7.13e+01  -4.1 1.37e-03    -  1.00e+00 1.00e+00h  1
3391  1.9868099e-04 5.03e-07 7.01e+01  -4.1 9.28e-03    -  1.00e+00 3.12e-02h  6
3392  1.9868025e-04 4.51e-07 7.01e+01  -4.1 1.52e-02    -  1.00e+00 1.56e-02h  7
3393  1.9866993e-04 4.84e-07 7.02e+01  -4.1 3.21e-03    -  1.00e+00 1.25e-01h  4
3394  1.9859107e-04 1.75e-06 7.13e+01  -4.1 4.03e-01    -  1.00e+00 3.91e-03h  9
3395  1.9853413e-04 1.39e-06 7.12e+01  -4.1 2.10e-03    -  1.00e+00 5.00e-01h  2
3396  1.9787122e-04 9.72e-05 7.13e+01  -4.1 1.33e-02    -  1.00e+00 1.00e+00h  1
3397  1.9782117e-04 7.09e-05 7.13e+01  -4.1 1.42e-02    -  1.00e+00 2.50e-01h  3
3398  1.9769026e-04 7.05e-05 7.02e+01  -4.1 7.91e-01    -  1.00e+00 1.95e-03h 10
3399  1.9757159e-04 3.74e-05 7.01e+01  -4.1 6.36e-03    -  1.00e+00 1.00e+00h  1
iter    objective    inf_pr   inf_du lg(mu)  ||d||  lg(rg) alpha_du alpha_pr  ls
3400  1.9742341e-04 3.04e-05 7.13e+01  -4.1 1.30e-02    -  1.00e+00 2.50e-01h  3
3401  1.9731084e-04 2.61e-05 7.13e+01  -4.1 3.27e-02    -  1.00e+00 1.25e-01h  4
3402  1.9756781e-04 2.65e-05 7.13e+01  -4.1 1.21e-02    -  1.00e+00 2.50e-01h  3
3403  1.9813890e-04 7.58e-06 7.02e+01  -4.1 4.80e-03    -  1.00e+00 1.00e+00h  1
3404  1.9801637e-04 5.35e-06 7.02e+01  -4.1 8.20e-03    -  1.00e+00 5.00e-01h  2
3405  1.9812175e-04 5.08e-06 7.13e+01  -4.1 3.31e-02    -  1.00e+00 3.12e-02h  6
3406  1.9837844e-04 4.38e-06 7.13e+01  -4.1 3.36e-03    -  1.00e+00 1.00e+00h  1
3407  1.9841030e-04 3.75e-06 7.02e+01  -4.1 6.75e-03    -  1.00e+00 2.50e-01h  3
3408  1.9841972e-04 3.29e-06 7.13e+01  -4.1 2.69e-03    -  1.00e+00 1.25e-01h  4
3409  1.9836048e-04 3.08e-06 7.02e+01  -4.1 1.22e-02    -  1.00e+00 1.25e-01h  4
iter    objective    inf_pr   inf_du lg(mu)  ||d||  lg(rg) alpha_du alpha_pr  ls
3410  1.9844554e-04 2.09e-06 7.02e+01  -4.1 3.14e-03    -  1.00e+00 2.50e-01h  3
3411  1.9846567e-04 1.82e-06 7.12e+01  -4.1 5.05e-03    -  1.00e+00 1.25e-01h  4
3412  1.9873840e-04 1.15e-06 7.02e+01  -4.1 1.87e-03    -  1.00e+00 1.00e+00h  1
3413  1.9870297e-04 7.51e-07 7.12e+01  -4.1 1.57e-03    -  1.00e+00 1.00e+00h  1
3414  1.9869667e-04 4.55e-07 7.12e+01  -4.1 7.47e-04    -  1.00e+00 1.00e+00h  1
3415  1.9870504e-04 4.20e-07 7.02e+01  -4.1 2.58e-02    -  1.00e+00 1.56e-02h  7
3416  1.9870710e-04 4.12e-07 7.02e+01  -4.1 1.32e-02    -  1.00e+00 1.56e-02h  7
3417  1.9863190e-04 5.80e-07 7.12e+01  -4.1 8.97e-03    -  1.00e+00 1.25e-01h  4
3418  1.9868343e-04 3.35e-07 7.12e+01  -4.1 3.30e-03    -  1.00e+00 2.50e-01h  3
3419  1.9900986e-04 1.20e-07 7.02e+01  -4.1 3.25e-03    -  1.00e+00 1.00e+00H  1
iter    objective    inf_pr   inf_du lg(mu)  ||d||  lg(rg) alpha_du alpha_pr  ls
3420  1.9898956e-04 1.48e-07 7.02e+01  -4.1 3.62e-01    -  1.00e+00 1.95e-03h 10
3421  1.9891315e-04 1.46e-07 7.02e+01  -4.1 5.79e-03    -  1.00e+00 6.25e-02h  5
3422  1.9901371e-04 1.38e-07 7.12e+01  -4.1 8.01e-01    -  1.00e+00 4.88e-04h 12
3423  1.9887717e-04 1.07e-07 7.12e+01  -4.1 2.09e-03    -  1.00e+00 1.00e+00H  1
3424  1.9884570e-04 1.92e-07 7.12e+01  -4.1 2.24e-01    -  1.00e+00 3.91e-03h  9
3425  1.9883195e-04 1.91e-07 7.12e+01  -4.1 5.35e-03    -  1.00e+00 1.56e-02h  7
3426  1.9882114e-04 1.99e-07 7.12e+01  -4.1 4.91e-02    -  1.00e+00 3.91e-03h  9
3427  1.9882162e-04 1.96e-07 7.03e+01  -4.1 2.80e-03    -  1.00e+00 3.12e-02h  6
3428  1.9880677e-04 2.13e-07 7.03e+01  -4.1 1.93e-03    -  1.00e+00 1.25e-01h  4
3429  1.9880438e-04 2.14e-07 7.03e+01  -4.1 3.13e-02    -  1.00e+00 7.81e-03h  8
iter    objective    inf_pr   inf_du lg(mu)  ||d||  lg(rg) alpha_du alpha_pr  ls
3430  1.9879525e-04 2.06e-07 7.03e+01  -4.1 1.63e-03    -  1.00e+00 1.25e-01h  4
3431  1.9877923e-04 2.62e-07 7.11e+01  -4.1 2.25e-03    -  1.00e+00 2.50e-01h  3
3432  1.9877452e-04 2.46e-07 7.11e+01  -4.1 2.79e-03    -  1.00e+00 6.25e-02h  5
3433  1.9886302e-04 2.90e-08 7.11e+01  -4.1 1.10e-03    -  1.00e+00 1.00e+00H  1
3434  1.9886311e-04 2.90e-08 7.03e+01  -4.1 1.13e-02    -  1.00e+00 4.88e-04h 12
3435  1.9881529e-04 8.78e-08 7.04e+01  -4.1 8.40e-04    -  1.00e+00 1.00e+00h  1
3436  1.9884384e-04 1.75e-08 7.10e+01  -4.1 3.44e-04    -  1.00e+00 1.00e+00h  1
3437  1.9884028e-04 1.72e-09 7.06e+01  -4.1 2.16e-04    -  1.00e+00 1.00e+00h  1
3438  1.9884051e-04 1.85e-09 7.06e+01  -4.1 2.08e-03    -  1.00e+00 7.81e-03h  8
3439  1.9884026e-04 2.78e-08 7.06e+01  -4.1 1.21e-02    -  1.00e+00 3.12e-02h  6
iter    objective    inf_pr   inf_du lg(mu)  ||d||  lg(rg) alpha_du alpha_pr  ls
3440  1.9887881e-04 5.89e-09 7.06e+01  -4.1 3.76e-04    -  1.00e+00 1.00e+00H  1
3441  1.9887762e-04 5.89e-09 7.08e+01  -4.1 6.71e-02    -  1.00e+00 1.95e-03h 10
3442  1.9887636e-04 4.78e-09 7.08e+01  -4.1 6.63e-03    -  1.00e+00 7.81e-03h  8
3443  1.9887193e-04 4.87e-09 7.08e+01  -4.1 8.14e-04    -  1.00e+00 3.12e-02h  6
3444  1.9887076e-04 5.60e-09 7.08e+01  -4.1 1.08e-01    -  1.00e+00 1.95e-03h 10
3445  1.9877984e-04 9.44e-08 7.09e+01  -4.1 6.99e-04    -  1.00e+00 5.00e-01h  2
3446  1.9878798e-04 9.86e-08 7.09e+01  -4.1 2.59e-03    -  1.00e+00 6.25e-02h  5
3447  1.9878993e-04 9.46e-08 7.08e+01  -4.1 2.25e-03    -  1.00e+00 6.25e-02h  5
3448  1.9880760e-04 9.25e-08 7.06e+01  -4.1 8.18e-03    -  1.00e+00 1.56e-02h  7
3449  1.9882135e-04 8.21e-08 7.07e+01  -4.1 8.02e-04    -  1.00e+00 2.50e-01h  3
iter    objective    inf_pr   inf_du lg(mu)  ||d||  lg(rg) alpha_du alpha_pr  ls
3450  1.9882306e-04 7.88e-08 7.07e+01  -4.1 1.12e-03    -  1.00e+00 1.25e-01h  4
3451  1.9883549e-04 6.54e-08 7.06e+01  -4.1 3.46e-04    -  1.00e+00 2.50e-01h  3
3452  1.9883765e-04 6.02e-08 7.06e+01  -4.1 7.10e-03    -  1.00e+00 3.12e-02h  6
3453  1.9883955e-04 5.02e-08 7.07e+01  -4.1 3.62e-03    -  1.00e+00 1.25e-01h  4
3454  1.9884013e-04 4.95e-08 7.07e+01  -4.1 6.24e-04    -  1.00e+00 1.56e-02h  7
3455  1.9884018e-04 4.93e-08 7.07e+01  -4.1 3.18e-04    -  1.00e+00 3.91e-03h  9
3456  1.9883318e-04 9.40e-08 7.08e+01  -4.1 4.52e-03    -  1.00e+00 6.25e-02h  5
3457  1.9883317e-04 9.42e-08 7.06e+01  -4.1 3.96e-02    -  1.00e+00 3.91e-03h  9
3458  1.9883440e-04 1.03e-07 7.07e+01  -4.1 5.95e-03    -  1.00e+00 1.25e-01h  4
3459  1.9883786e-04 9.03e-08 7.06e+01  -4.1 2.33e-04    -  1.00e+00 1.25e-01h  4
iter    objective    inf_pr   inf_du lg(mu)  ||d||  lg(rg) alpha_du alpha_pr  ls
3460  1.9883701e-04 9.33e-08 7.06e+01  -4.1 3.53e-03    -  1.00e+00 3.12e-02h  6
3461  1.9887288e-04 1.53e-08 7.08e+01  -4.1 5.56e-04    -  1.00e+00 1.00e+00h  1
3462  1.9885467e-04 2.44e-08 7.08e+01  -4.1 6.46e-04    -  1.00e+00 1.00e+00h  1
3463  1.9889949e-04 1.04e-08 7.06e+01  -4.1 3.93e-04    -  1.00e+00 1.00e+00H  1
3464  1.9889843e-04 1.22e-08 7.06e+01  -4.1 5.47e-02    -  1.00e+00 9.77e-04h 11
3465  1.9883660e-04 4.44e-08 7.07e+01  -4.1 1.89e-02    -  1.00e+00 3.12e-02h  6
3466  1.9886618e-04 1.75e-08 7.08e+01  -4.1 6.90e-04    -  1.00e+00 1.00e+00H  1
3467  1.9886778e-04 7.36e-09 7.08e+01  -4.1 4.71e-04    -  1.00e+00 2.50e-01h  3
3468  1.9886818e-04 7.14e-09 7.08e+01  -4.1 1.11e-03    -  1.00e+00 3.12e-02h  6
3469  1.9887031e-04 7.41e-09 7.06e+01  -4.1 4.23e-01    -  1.00e+00 1.22e-04h 14
iter    objective    inf_pr   inf_du lg(mu)  ||d||  lg(rg) alpha_du alpha_pr  ls
3470  1.9886539e-04 1.32e-08 7.06e+01  -4.1 6.43e-03    -  1.00e+00 6.25e-02h  5
3471  1.9886586e-04 1.29e-08 7.06e+01  -4.1 3.14e-03    -  1.00e+00 1.56e-02h  7
3472  1.9886585e-04 1.28e-08 7.08e+01  -4.1 1.40e-02    -  1.00e+00 1.95e-03h 10
3473  1.9886405e-04 2.75e-08 7.08e+01  -4.1 3.52e-04    -  1.00e+00 5.00e-01h  2
3474  1.9886207e-04 2.84e-08 7.08e+01  -4.1 8.45e-02    -  1.00e+00 4.88e-04h 12
3475  1.9886489e-04 2.06e-08 7.06e+01  -4.1 8.49e-04    -  1.00e+00 2.50e-01h  3
3476  1.9886516e-04 1.55e-08 7.06e+01  -4.1 8.00e-04    -  1.00e+00 2.50e-01h  3
3477  1.9886212e-04 1.87e-08 7.06e+01  -4.1 3.64e-02    -  1.00e+00 1.95e-03h 10
3478  1.9883949e-04 1.03e-08 7.09e+01  -4.1 2.25e-04    -  1.00e+00 1.00e+00h  1
3479  1.9886172e-04 6.06e-09 7.09e+01  -4.1 1.93e-03    -  1.00e+00 2.50e-01h  3
iter    objective    inf_pr   inf_du lg(mu)  ||d||  lg(rg) alpha_du alpha_pr  ls
3480  1.9886251e-04 5.55e-09 7.08e+01  -4.1 1.49e-03    -  1.00e+00 6.25e-02h  5
3481  1.9885355e-04 8.60e-09 7.09e+01  -4.1 5.74e-04    -  1.00e+00 1.25e-01h  4
3482  1.9885231e-04 8.63e-09 7.09e+01  -4.1 1.94e-03    -  1.00e+00 3.91e-03h  9
3483  1.9885534e-04 8.31e-09 7.06e+01  -4.1 2.29e-03    -  1.00e+00 6.25e-02h  5
3484  1.9885971e-04 7.77e-09 7.06e+01  -4.1 3.79e-03    -  1.00e+00 6.25e-02h  5
3485  1.9885977e-04 7.77e-09 7.06e+01  -4.1 3.37e-03    -  1.00e+00 1.95e-03h 10
3486  1.9885220e-04 8.26e-09 7.09e+01  -4.1 2.39e-03    -  1.00e+00 6.25e-02h  5
3487  1.9885455e-04 8.08e-09 7.08e+01  -4.1 5.38e-04    -  1.00e+00 6.25e-02h  5
3488  1.9885781e-04 7.34e-09 7.06e+01  -4.1 6.59e-02    -  1.00e+00 3.91e-03h  9
3489  1.9886074e-04 5.69e-09 7.06e+01  -4.1 2.29e-04    -  1.00e+00 5.00e-01h  2
iter    objective    inf_pr   inf_du lg(mu)  ||d||  lg(rg) alpha_du alpha_pr  ls
3490  1.9885969e-04 6.58e-09 7.06e+01  -4.1 4.65e-03    -  1.00e+00 1.56e-02h  7
3491  1.9885975e-04 6.07e-09 7.06e+01  -4.1 6.66e-03    -  1.00e+00 1.56e-02h  7
3492  1.9885900e-04 4.54e-09 7.09e+01  -4.1 2.08e-04    -  1.00e+00 2.50e-01h  3
3493  1.9885892e-04 4.75e-09 7.09e+01  -4.1 3.26e-02    -  1.00e+00 1.95e-03h 10
3494  1.9885201e-04 1.80e-07 7.05e+01  -4.1 1.98e-03    -  1.00e+00 2.50e-01h  3
3495  1.9885180e-04 1.55e-07 7.05e+01  -4.1 1.15e-02    -  1.00e+00 1.56e-02h  7
3496  1.9882811e-04 4.31e-07 7.05e+01  -4.1 3.93e-02    -  1.00e+00 1.56e-02h  7
3497  1.9885008e-04 2.81e-07 7.08e+01  -4.1 1.44e-03    -  1.00e+00 2.50e-01h  3
3498  1.9884791e-04 2.71e-07 7.08e+01  -4.1 5.61e-03    -  1.00e+00 3.12e-02h  6
3499  1.9884989e-04 2.63e-07 7.06e+01  -4.1 6.11e-03    -  1.00e+00 1.56e-02h  7
iter    objective    inf_pr   inf_du lg(mu)  ||d||  lg(rg) alpha_du alpha_pr  ls
3500  1.9885108e-04 2.47e-07 7.06e+01  -4.1 5.81e-04    -  1.00e+00 6.25e-02h  5
3501  1.9884229e-04 2.93e-07 7.08e+01  -4.1 4.01e-02    -  1.00e+00 1.56e-02h  7
3502  1.9884766e-04 2.94e-07 7.08e+01  -4.1 1.13e-02    -  1.00e+00 3.12e-02h  6
3503  1.9884950e-04 1.61e-07 7.06e+01  -4.1 5.59e-04    -  1.00e+00 5.00e-01h  2
3504  1.9884931e-04 1.30e-07 7.08e+01  -4.1 1.25e-03    -  1.00e+00 1.25e-01h  4
3505  1.9885387e-04 9.72e-08 7.08e+01  -4.1 3.51e-04    -  1.00e+00 2.50e-01h  3
3506  1.9885373e-04 9.65e-08 7.08e+01  -4.1 1.67e-02    -  1.00e+00 1.95e-03h 10
3507  1.9885298e-04 9.63e-08 7.06e+01  -4.1 6.21e-02    -  1.00e+00 3.91e-03h  9
3508  1.9885722e-04 2.97e-08 7.06e+01  -4.1 2.93e-04    -  1.00e+00 1.00e+00h  1
3509  1.9885643e-04 5.79e-08 7.06e+01  -4.1 1.90e-02    -  1.00e+00 1.56e-02h  7
iter    objective    inf_pr   inf_du lg(mu)  ||d||  lg(rg) alpha_du alpha_pr  ls
3510  1.9885582e-04 5.79e-08 7.06e+01  -4.1 1.93e-02    -  1.00e+00 1.95e-03h 10
3511  1.9885593e-04 5.79e-08 7.08e+01  -4.1 4.91e-02    -  1.00e+00 1.22e-04h 14
3512  1.9884953e-04 9.44e-08 7.09e+01  -4.1 4.60e-04    -  1.00e+00 1.00e+00h  1
3513  1.9884881e-04 9.45e-08 7.05e+01  -4.1 2.42e-02    -  1.00e+00 7.81e-03h  8
3514  1.9885042e-04 9.52e-08 7.05e+01  -4.1 1.10e-02    -  1.00e+00 1.56e-02h  7
3515  1.9885123e-04 9.23e-08 7.05e+01  -4.1 5.08e-04    -  1.00e+00 3.12e-02h  6
3516  1.9885015e-04 8.91e-08 7.09e+01  -4.1 1.13e-03    -  1.00e+00 1.25e-01h  4
3517  1.9885093e-04 8.72e-08 7.05e+01  -4.1 1.59e-03    -  1.00e+00 6.25e-02h  5
3518  1.9885140e-04 8.47e-08 7.05e+01  -4.1 8.47e-04    -  1.00e+00 3.12e-02h  6
3519  1.9885140e-04 8.47e-08 7.09e+01  -4.1 6.61e-03    -  1.00e+00 9.31e-10h 31
iter    objective    inf_pr   inf_du lg(mu)  ||d||  lg(rg) alpha_du alpha_pr  ls
3520  1.9883548e-04 1.65e-08 7.69e+01  -4.1 4.81e-05    -  1.00e+00 1.00e+00h  1
3521  1.9883019e-04 8.20e-09 6.88e+01  -4.1 1.60e-05    -  1.00e+00 1.00e+00h  1
3522  1.9883436e-04 6.36e-09 6.94e+01  -4.1 1.26e-05    -  1.00e+00 1.00e+00h  1
3523  1.9885403e-04 6.36e-09 7.21e+01  -4.1 1.10e-02    -  1.00e+00 7.63e-06h 18
3524  1.9886731e-04 4.83e-09 7.12e+01  -4.1 1.75e-04    -  1.00e+00 1.00e+00H  1
3525  5.2800169e-04 3.73e-09 9.01e+01  -4.1 6.92e-04    -  1.00e+00 1.00e+00H  1
3526  3.6016401e-04 8.27e-09 8.16e+01  -4.1 1.42e-04    -  1.00e+00 1.00e+00H  1
3527  3.5679583e-04 8.23e-09 8.17e+01  -4.1 8.47e-04    -  1.00e+00 1.56e-02h  7
3528  3.5509028e-04 8.17e-09 8.17e+01  -4.1 8.77e-04    -  1.00e+00 7.81e-03h  8
3529  3.2767210e-04 1.18e-08 8.17e+01  -4.1 6.51e-02    -  3.53e-01 9.77e-04f 11
iter    objective    inf_pr   inf_du lg(mu)  ||d||  lg(rg) alpha_du alpha_pr  ls
3530  3.1568436e-04 1.26e-08 8.16e+01  -4.1 6.12e-02    -  1.00e+00 4.88e-04f 12
3531  2.5619308e-04 1.90e-07 6.04e+01  -4.1 5.76e-02    -  4.42e-01 7.81e-03f  8
3532  2.0512445e-04 2.72e-07 8.19e+01  -4.1 1.99e-02    -  1.00e+00 1.56e-02h  7
3533  2.3010426e-04 1.10e-07 6.70e+01  -4.1 3.61e-04    -  1.00e+00 1.00e+00H  1
3534  2.0415513e-04 3.38e-05 7.07e+01  -4.1 4.94e-02    -  1.00e+00 1.25e-01h  4
3535  2.0029060e-04 1.91e-05 7.06e+01  -4.1 3.11e-03    -  1.00e+00 5.00e-01h  2
3536  2.0162987e-04 1.07e-05 7.11e+01  -4.1 2.33e-03    -  1.00e+00 5.00e-01h  2
3537  1.9971150e-04 2.71e-06 7.01e+01  -4.1 1.75e-03    -  1.00e+00 1.00e+00h  1
3538  1.9954583e-04 6.71e-07 7.12e+01  -4.1 8.73e-04    -  1.00e+00 1.00e+00h  1
3539  1.9905409e-04 1.68e-07 7.02e+01  -4.1 4.40e-04    -  1.00e+00 1.00e+00h  1
iter    objective    inf_pr   inf_du lg(mu)  ||d||  lg(rg) alpha_du alpha_pr  ls
3540  1.9913396e-04 4.01e-08 7.12e+01  -4.1 2.12e-04    -  1.00e+00 1.00e+00h  1
3541  1.9884361e-04 8.78e-09 7.03e+01  -4.1 1.00e-04    -  1.00e+00 1.00e+00h  1
3542  1.9899983e-04 2.00e-10 7.10e+01  -4.1 7.81e-06    -  1.00e+00 1.00e+00h  1
3543  1.9892186e-04 8.96e-10 7.09e+01  -4.1 3.07e-05    -  1.00e+00 1.00e+00h  1
3544  1.9890984e-04 8.96e-10 7.05e+01  -4.1 3.87e-02    -  1.00e+00 6.10e-05h 15
3545  1.9884842e-04 2.04e-10 7.08e+01  -4.1 1.08e-05    -  1.00e+00 1.00e+00h  1
3546  1.9888270e-04 9.46e-10 7.07e+01  -4.1 4.12e-05    -  1.00e+00 1.00e+00h  1
3547  1.9887058e-04 5.87e-10 7.07e+01  -4.1 4.67e-05    -  1.00e+00 5.00e-01h  2
3548  1.9886785e-04 1.09e-09 7.07e+01  -4.1 1.67e-03    -  1.00e+00 1.56e-02h  7
3549  1.9885448e-04 1.39e-09 7.07e+01  -4.1 1.59e-01    -  1.00e+00 1.22e-04h 14
iter    objective    inf_pr   inf_du lg(mu)  ||d||  lg(rg) alpha_du alpha_pr  ls
3550  1.9886453e-04 1.13e-09 7.08e+01  -4.1 3.60e-05    -  1.00e+00 1.00e+00h  1
3551  1.9886272e-04 1.50e-09 7.08e+01  -4.1 2.61e-03    -  1.00e+00 1.56e-02h  7
3552  1.9886339e-04 1.63e-09 7.08e+01  -4.1 2.64e-04    -  1.00e+00 6.25e-02h  5
3553  1.9886338e-04 1.68e-09 7.08e+01  -4.1 8.02e-03    -  1.00e+00 9.77e-04h 11
3554  1.9885941e-04 2.03e-09 7.08e+01  -4.1 5.01e-03    -  1.00e+00 7.81e-03h  8
3555  1.9886038e-04 2.28e-09 7.07e+01  -4.1 5.97e-03    -  1.00e+00 1.56e-02h  7
3556  1.9886035e-04 2.28e-09 7.07e+01  -4.1 7.85e-03    -  1.00e+00 2.44e-04h 13
3557  1.9885881e-04 2.30e-09 7.06e+01  -4.1 5.49e-04    -  1.00e+00 6.25e-02h  5
3558  1.9885810e-04 2.54e-09 7.08e+01  -4.1 2.21e-01    -  1.00e+00 2.44e-04h 13
3559  1.9885746e-04 2.63e-09 7.08e+01  -4.1 4.53e-04    -  1.00e+00 3.12e-02h  6
iter    objective    inf_pr   inf_du lg(mu)  ||d||  lg(rg) alpha_du alpha_pr  ls
3560  1.9885667e-04 2.66e-09 7.08e+01  -4.1 1.61e-02    -  1.00e+00 9.77e-04h 11
3561  1.9885600e-04 2.66e-09 7.08e+01  -4.1 1.05e-03    -  1.00e+00 3.91e-03h  9
3562  1.9885585e-04 2.66e-09 7.08e+01  -4.1 1.02e-01    -  1.00e+00 7.63e-06h 18
3563  1.9885636e-04 2.66e-09 7.06e+01  -4.1 1.50e-02    -  1.00e+00 4.88e-04h 12
3564  1.9884408e-04 3.20e-09 7.05e+01  -4.1 8.05e-05    -  1.00e+00 1.00e+00h  1
3565  1.9884422e-04 3.00e-09 7.05e+01  -4.1 1.17e-03    -  1.00e+00 6.25e-02h  5
3566  1.9885200e-04 3.08e-09 7.08e+01  -4.1 2.60e-04    -  1.00e+00 1.25e-01h  4
3567  1.9885466e-04 3.08e-09 7.06e+01  -4.1 4.36e-04    -  1.00e+00 6.25e-02h  5
3568  1.9885549e-04 2.89e-09 7.06e+01  -4.1 6.19e-05    -  1.00e+00 6.25e-02h  5
3569  1.9885571e-04 2.88e-09 7.08e+01  -4.1 3.08e-03    -  1.00e+00 3.91e-03h  9
iter    objective    inf_pr   inf_du lg(mu)  ||d||  lg(rg) alpha_du alpha_pr  ls
3570  1.9885585e-04 2.88e-09 7.08e+01  -4.1 6.81e-04    -  1.00e+00 7.81e-03h  8
3571  1.9884358e-04 2.56e-08 7.05e+01  -4.1 2.72e-04    -  1.00e+00 1.00e+00h  1
3572  1.9884389e-04 2.54e-08 7.05e+01  -4.1 2.70e-04    -  1.00e+00 7.81e-03h  8
3573  1.9884381e-04 2.55e-08 7.05e+01  -4.1 1.45e-02    -  1.00e+00 9.77e-04h 11
3574  1.9884325e-04 5.83e-08 7.05e+01  -4.1 1.80e-02    -  1.00e+00 3.12e-02h  6
3575  1.9884353e-04 5.81e-08 7.05e+01  -4.1 1.05e-03    -  1.00e+00 3.91e-03h  9
3576  1.9884340e-04 5.81e-08 7.09e+01  -4.1 3.24e-01    -  1.00e+00 3.05e-05h 16
3577  1.9884360e-04 5.79e-08 7.09e+01  -4.1 8.52e-04    -  1.00e+00 3.91e-03h  9
3578  1.9884365e-04 5.78e-08 7.09e+01  -4.1 7.53e-03    -  1.00e+00 9.77e-04h 11
3579  1.9883976e-04 4.65e-08 7.04e+01  -4.1 3.43e-03    -  1.00e+00 2.50e-01h  3
iter    objective    inf_pr   inf_du lg(mu)  ||d||  lg(rg) alpha_du alpha_pr  ls
3580  1.9884218e-04 4.50e-08 7.04e+01  -4.1 3.75e-04    -  1.00e+00 3.12e-02h  6
3581  1.9883140e-04 7.61e-08 7.10e+01  -4.1 4.22e-02    -  1.00e+00 1.56e-02h  7
3582  1.9883693e-04 7.19e-08 7.10e+01  -4.1 4.39e-04    -  1.00e+00 6.25e-02h  5
3583  1.9883882e-04 7.15e-08 7.04e+01  -4.1 8.00e-03    -  1.00e+00 7.81e-03h  8
3584  1.9883943e-04 7.10e-08 7.04e+01  -4.1 7.81e-04    -  1.00e+00 7.81e-03h  8
3585  1.9883535e-04 7.50e-08 7.04e+01  -4.1 2.84e-03    -  1.00e+00 1.25e-01h  4
3586  1.9883624e-04 7.39e-08 7.04e+01  -4.1 1.12e-03    -  1.00e+00 1.56e-02h  7
3587  1.9883687e-04 7.33e-08 7.04e+01  -4.1 1.67e-03    -  1.00e+00 7.81e-03h  8
3588  1.9883687e-04 7.33e-08 7.10e+01  -4.1 3.16e-02    -  1.00e+00 3.05e-05h 16
3589  1.9883687e-04 7.33e-08 7.10e+01  -4.1 3.63e-04    -  1.00e+00 6.10e-05h 15
iter    objective    inf_pr   inf_du lg(mu)  ||d||  lg(rg) alpha_du alpha_pr  ls
3590  1.9883679e-04 7.36e-08 7.10e+01  -4.1 1.89e-02    -  1.00e+00 1.95e-03h 10
3591  1.9884217e-04 7.47e-08 7.05e+01  -4.1 1.70e-03    -  1.00e+00 6.25e-02h  5
3592  1.9885508e-04 7.77e-08 7.05e+01  -4.1 2.19e-03    -  1.00e+00 1.25e-01h  4
3593  1.9885442e-04 7.85e-08 7.09e+01  -4.1 6.04e-03    -  1.00e+00 1.56e-02h  7
3594  1.9886384e-04 6.91e-08 7.09e+01  -4.1 8.73e-04    -  1.00e+00 2.50e-01h  3
3595  1.9886382e-04 6.92e-08 7.09e+01  -4.1 8.65e-03    -  1.00e+00 1.95e-03h 10
3596  1.9885929e-04 7.16e-08 7.09e+01  -4.1 1.38e-02    -  1.00e+00 3.91e-03h  9
3597  1.9889227e-04 2.66e-08 7.06e+01  -4.1 3.32e-04    -  1.00e+00 1.00e+00H  1
3598  1.9889114e-04 2.59e-08 7.09e+01  -4.1 7.54e-03    -  1.00e+00 6.25e-02h  5
3599  1.9875739e-04 3.32e-06 7.18e+01  -4.1 1.96e-03    -  1.00e+00 1.00e+00h  1
iter    objective    inf_pr   inf_du lg(mu)  ||d||  lg(rg) alpha_du alpha_pr  ls
3600  1.9866864e-04 3.17e-06 6.99e+01  -4.1 2.58e-03    -  1.00e+00 5.00e-01h  2

Number of Iterations....: 3600

                                   (scaled)                 (unscaled)
Objective...............:   1.9866864024144419e-04    1.9866864024144419e-04
Dual infeasibility......:   6.9886116263354438e+01    6.9886116263354438e+01
Constraint violation....:   3.1663834763051568e-06    3.1663834763051568e-06
Variable bound violation:   0.0000000000000000e+00    0.0000000000000000e+00
Complementarity.........:   8.0114369667709528e-05    8.0114369667709528e-05
Overall NLP error.......:   6.9886116263354438e+01    6.9886116263354438e+01


Number of objective function evaluations             = 23289
Number of objective gradient evaluations             = 3573
Number of equality constraint evaluations            = 23289
Number of inequality constraint evaluations          = 23289
Number of equality constraint Jacobian evaluations   = 3606
Number of inequality constraint Jacobian evaluations = 3606
Number of Lagrangian Hessian evaluations             = 0
Total seconds in IPOPT                               = 27.603

EXIT: Maximum Number of Iterations Exceeded.
