This is Ipopt version 3.14.19, running with linear solver MUMPS 5.8.1.

Number of nonzeros in equality constraint Jacobian...:     9816
Number of nonzeros in inequality constraint Jacobian.:        8
Number of nonzeros in Lagrangian Hessian.............:        0

Total number of variables............................:     1388
                     variables with only lower bounds:        0
                variables with lower and upper bounds:      396
                     variables with only upper bounds:        0
Total number of equality constraints.................:     1287
Total number of inequality constraints...............:        1
        inequality constraints with only lower bounds:        0
   inequality constraints with lower and upper bounds:        0
        inequality constraints with only upper bounds:        1

iter    objective    inf_pr   inf_du lg(mu)  ||d||  lg(rg) alpha_du alpha_pr  ls
   0  6.1068419e-01 1.45e+00 7.07e+01   0.0 0.00e+00    -  0.00e+00 0.00e+00   0
   1  1.9938038e+02 9.06e-01 2.41e+02  -0.3 1.48e+00    -  9.92e-03 9.81e-01h  1
   2  8.8460959e+01 4.22e-01 1.00e+02  -0.5 7.32e-01    -  1.00e+00 1.00e+00f  1
   3  1.8901849e+01 2.97e-01 7.89e+01  -0.3 1.72e+00    -  1.00e+00 4.17e-01f  1
   4  5.9929398e+00 4.66e-01 1.30e+02  -0.0 1.12e+00    -  9.97e-01 1.00e+00F  1
   5  1.9149680e+01 8.64e-01 9.99e+01   0.6 2.64e+00    -  7.14e-01 3.78e-01f  2
   6  6.2398982e-01 8.42e-01 9.60e+01   0.3 8.35e+00    -  4.61e-01 2.45e-02f  1
   7  4.5664522e+00 2.58e-01 1.50e+01  -0.0 7.83e-01    -  9.98e-01 1.00e+00h  1
   8  1.2750612e+00 4.76e-01 4.71e+01  -0.2 9.44e-01    -  4.53e-01 5.92e-01F  1
   9  9.0329509e+00 2.64e-01 4.07e+01  -0.2 9.35e-01    -  8.07e-01 1.00e+00H  1
iter    objective    inf_pr   inf_du lg(mu)  ||d||  lg(rg) alpha_du alpha_pr  ls
  10  8.2897522e+00 7.93e-02 6.00e+00  -0.4 5.75e-01    -  9.41e-01 1.00e+00f  1
  11  3.4687829e-01 9.13e-03 8.59e-02  -2.0 1.99e-01    -  9.74e-01 1.00e+00f  1
  12  6.3836715e-02 3.47e-02 1.41e+02  -4.0 2.30e-01    -  5.81e-01 1.00e+00h  1
  13  4.3250557e-02 2.95e-02 1.11e+02  -4.0 2.42e-01    -  4.73e-01 1.00e+00h  1
  14  1.8796591e-01 4.55e-02 6.99e+01  -2.8 2.16e-01    -  1.00e+00 1.00e+00h  1
  15  1.0802860e-01 1.67e-02 7.02e+01  -3.6 1.47e-01    -  1.00e+00 1.00e+00h  1
  16  3.9490144e-02 1.69e-02 7.18e+01  -3.8 1.16e+00    -  1.00e+00 4.36e-02h  1
  17  7.0786167e-02 7.70e-03 7.07e+01  -2.0 1.29e-01    -  1.00e+00 1.00e+00f  1
  18  4.3964599e-02 1.16e-03 6.97e+01  -3.2 3.57e-02    -  1.00e+00 1.00e+00h  1
  19  4.0386290e-02 1.20e-03 7.32e+01  -3.6 3.06e-01    -  1.00e+00 7.05e-02h  1
iter    objective    inf_pr   inf_du lg(mu)  ||d||  lg(rg) alpha_du alpha_pr  ls
  20  3.2874262e-02 3.88e-04 6.72e+01  -2.5 1.91e-02    -  1.00e+00 1.00e+00f  1
  21  3.1692631e-02 1.09e-03 7.41e+01  -3.5 8.73e-02    -  1.00e+00 5.00e-01h  2
  22  2.8937573e-02 7.72e-04 7.08e+01  -4.0 3.71e-02    -  1.00e+00 1.00e+00h  1
  23  2.4776278e-02 2.19e-02 6.93e+01  -4.0 1.56e-01    -  1.00e+00 1.00e+00h  1
  24  2.4314825e-02 1.54e-02 7.00e+01  -4.0 1.63e-01    -  1.00e+00 1.00e+00h  1
  25  1.9379822e-02 1.55e-01 6.97e+01  -3.7 9.63e-01    -  1.00e+00 5.00e-01h  2
  26  2.5300627e-02 9.65e-02 7.28e+01  -3.5 6.91e-01    -  1.00e+00 5.00e-01h  2
  27  2.4424501e-02 4.76e-01 7.29e+01  -3.6 1.68e+00    -  3.00e-01 4.54e-01h  2
  28  1.8178991e-02 4.40e-01 7.23e+01  -3.6 1.92e+00    -  8.19e-01 1.69e-01h  3
  29  4.2822940e-02 3.15e-01 7.79e+01  -2.9 6.50e-01    -  1.00e+00 8.12e-01H  1
iter    objective    inf_pr   inf_du lg(mu)  ||d||  lg(rg) alpha_du alpha_pr  ls
  30  3.8978798e-02 1.37e+00 1.02e+02  -3.0 1.16e+00    -  1.14e-01 1.00e+00h  1
  31  3.7507745e-02 1.06e+00 1.24e+02  -3.0 9.73e-01    -  5.16e-01 2.34e-01h  3
  32  4.6592931e-02 5.19e-01 7.82e+01  -3.0 1.39e+00    -  6.18e-01 1.00e+00h  1
  33  1.2622940e-02 7.43e-02 6.15e+01  -3.0 1.10e+00    -  1.00e+00 1.00e+00h  1
  34  2.2323888e-02 9.35e-02 8.09e+01  -3.2 4.49e-01    -  9.77e-01 1.00e+00H  1
  35  1.0868480e-02 8.05e-02 7.77e+01  -3.0 3.17e-01    -  1.00e+00 1.00e+00h  1
  36  9.9283979e-03 2.16e-02 7.06e+01  -3.4 1.57e-01    -  1.00e+00 1.00e+00h  1
  37  7.1351294e-03 1.09e-02 7.13e+01  -4.0 1.86e-01    -  1.00e+00 1.00e+00h  1
  38  6.3625629e-03 7.88e-03 7.01e+01  -4.0 2.51e-01    -  1.00e+00 2.50e-01h  3
  39  6.4052824e-03 3.30e-03 7.14e+01  -4.0 7.28e-02    -  1.00e+00 1.00e+00h  1
iter    objective    inf_pr   inf_du lg(mu)  ||d||  lg(rg) alpha_du alpha_pr  ls
  40  6.0146677e-03 1.18e-02 7.14e+01  -4.0 1.17e-01    -  1.00e+00 1.00e+00h  1
  41  5.5950652e-03 8.96e-03 7.00e+01  -4.0 1.21e-01    -  1.00e+00 1.00e+00h  1
  42  5.1555841e-03 2.99e-03 7.14e+01  -4.0 1.86e-01    -  1.00e+00 1.00e+00h  1
  43  4.7615835e-03 1.71e-03 7.00e+01  -4.0 5.62e-02    -  1.00e+00 1.00e+00h  1
  44  4.7985602e-03 1.57e-04 7.14e+01  -4.0 9.11e-02    -  1.00e+00 1.00e+00H  1
  45  4.6115305e-03 1.55e-03 7.13e+01  -4.0 1.13e-01    -  1.00e+00 5.00e-01h  2
  46  4.4485364e-03 1.07e-03 7.00e+01  -4.0 4.56e-02    -  1.00e+00 1.00e+00h  1
  47  4.1091725e-03 2.11e-03 7.01e+01  -4.0 6.19e-02    -  1.00e+00 1.00e+00h  1
  48  3.9661346e-03 3.77e-03 7.00e+01  -4.0 2.40e-01    -  1.00e+00 2.50e-01h  3
  49  3.7108593e-03 4.55e-03 7.01e+01  -4.0 9.78e-01    -  1.00e+00 6.25e-02h  5
iter    objective    inf_pr   inf_du lg(mu)  ||d||  lg(rg) alpha_du alpha_pr  ls
  50  3.6020579e-03 3.86e-03 7.14e+01  -4.0 2.46e-01    -  1.00e+00 1.25e-01h  4
  51  3.6059402e-03 3.86e-03 7.01e+01  -4.0 1.50e-01    -  1.00e+00 5.00e-01h  2
  52  3.1926625e-03 4.68e-03 7.14e+01  -4.0 8.30e-02    -  1.00e+00 1.00e+00h  1
  53  3.2084214e-03 4.66e-03 7.00e+01  -3.6 1.70e+00    -  1.00e+00 3.82e-03h  8
  54  3.1282764e-03 2.99e-04 7.01e+01  -4.0 2.39e-02    -  1.00e+00 1.00e+00h  1
  55  3.0155496e-03 1.89e-04 7.14e+01  -4.0 1.49e-02    -  1.00e+00 1.00e+00h  1
  56  2.9320658e-03 2.29e-03 7.14e+01  -4.0 8.81e-02    -  1.00e+00 1.00e+00h  1
  57  2.7126016e-03 2.63e-03 7.14e+01  -4.0 2.39e-01    -  1.00e+00 2.50e-01h  3
  58  2.5382115e-03 3.85e-03 7.14e+01  -4.0 2.38e-01    -  1.00e+00 2.50e-01h  3
  59  2.4431491e-03 4.21e-03 7.14e+01  -4.0 3.40e-01    -  1.00e+00 1.25e-01h  4
iter    objective    inf_pr   inf_du lg(mu)  ||d||  lg(rg) alpha_du alpha_pr  ls
  60  2.4737947e-03 3.34e-03 7.00e+01  -4.0 5.59e-01    -  1.00e+00 6.25e-02h  5
  61  2.1275303e-03 1.11e-03 7.14e+01  -4.0 4.23e-02    -  1.00e+00 1.00e+00h  1
  62  2.1345410e-03 1.11e-03 7.00e+01  -3.6 2.02e+00    -  1.00e+00 4.54e-03h  8
  63  2.0672177e-03 1.67e-04 7.00e+01  -4.0 1.96e-02    -  1.00e+00 1.00e+00h  1
  64  1.9911334e-03 5.68e-04 7.14e+01  -4.0 2.72e-02    -  1.00e+00 1.00e+00h  1
  65  2.1069065e-03 1.17e-03 7.14e+01  -4.0 9.45e-02    -  1.00e+00 1.00e+00H  1
  66  1.9261373e-03 3.84e-04 7.13e+01  -4.1 1.25e-01    -  1.00e+00 1.00e+00h  1
  67  1.8833897e-03 1.04e-03 7.14e+01  -4.0 4.02e-02    -  1.00e+00 1.00e+00h  1
  68  1.8507246e-03 5.22e-03 7.14e+01  -4.0 6.33e-02    -  1.00e+00 1.00e+00h  1
  69  2.8096225e-03 1.39e-03 7.01e+01  -4.0 1.55e-01    -  1.00e+00 1.00e+00H  1
iter    objective    inf_pr   inf_du lg(mu)  ||d||  lg(rg) alpha_du alpha_pr  ls
  70  2.3746019e-03 5.78e-03 7.13e+01  -4.1 1.25e-01    -  1.00e+00 1.00e+00h  1
  71  2.4910685e-03 5.64e-03 7.01e+01  -4.1 5.42e-01    -  1.00e+00 3.12e-02h  6
  72  1.8366240e-03 1.47e-03 7.02e+01  -4.1 1.00e-01    -  1.00e+00 1.00e+00h  1
  73  1.7085573e-03 7.06e-04 7.14e+01  -4.0 9.87e-02    -  1.00e+00 1.00e+00h  1
  74  1.5924218e-03 2.69e-04 7.00e+01  -4.0 4.53e-02    -  1.00e+00 1.00e+00h  1
  75  1.6048279e-03 1.58e-04 7.14e+01  -4.0 1.86e-02    -  1.00e+00 1.00e+00h  1
  76  1.5550805e-03 1.86e-04 7.14e+01  -4.0 1.99e-02    -  1.00e+00 1.00e+00h  1
  77  1.5529688e-03 6.93e-05 7.14e+01  -4.0 8.27e-02    -  1.00e+00 1.25e-01h  4
  78  1.5457084e-03 6.06e-05 7.00e+01  -4.1 7.01e-02    -  1.00e+00 1.25e-01h  4
  79  1.5435982e-03 1.19e-04 7.12e+01  -4.1 1.76e-02    -  1.00e+00 1.00e+00h  1
iter    objective    inf_pr   inf_du lg(mu)  ||d||  lg(rg) alpha_du alpha_pr  ls
  80  1.5344493e-03 6.07e-04 7.14e+01  -4.0 2.79e-02    -  1.00e+00 1.00e+00h  1
  81  1.5280929e-03 6.40e-04 7.14e+01  -4.1 2.90e-01    -  1.00e+00 3.12e-02h  6
  82  1.5235659e-03 6.30e-04 7.14e+01  -4.0 2.05e-01    -  1.00e+00 1.56e-02h  7
  83  1.5125817e-03 8.48e-04 7.00e+01  -4.0 1.04e-01    -  1.00e+00 2.50e-01h  3
  84  1.4369128e-03 1.21e-03 7.00e+01  -4.0 9.95e-02    -  1.00e+00 5.00e-01h  2
  85  1.3862311e-03 1.25e-03 7.00e+01  -4.0 3.05e-01    -  1.00e+00 1.25e-01h  4
  86  1.3645408e-03 1.21e-03 7.14e+01  -4.0 2.78e-01    -  1.00e+00 6.25e-02h  5
  87  1.2563369e-03 1.17e-03 7.14e+01  -4.0 1.87e-01    -  1.00e+00 2.50e-01h  3
  88  1.2475915e-03 2.34e-03 7.14e+01  -4.0 1.65e-01    -  1.00e+00 2.50e-01h  3
  89  1.7257819e-03 1.87e-03 7.13e+01  -4.1 1.08e-01    -  1.00e+00 1.00e+00H  1
iter    objective    inf_pr   inf_du lg(mu)  ||d||  lg(rg) alpha_du alpha_pr  ls
  90  1.5520281e-03 2.46e-03 7.01e+01  -4.1 1.07e-01    -  1.00e+00 1.00e+00H  1
  91  1.2718448e-03 1.79e-03 7.01e+01  -4.1 1.50e-01    -  1.00e+00 5.00e-01h  2
  92  1.2012844e-03 1.85e-03 7.14e+01  -4.0 8.47e-02    -  1.00e+00 1.00e+00h  1
  93  1.2918013e-03 1.81e-03 7.00e+01  -4.0 2.53e-01    -  1.00e+00 3.12e-02h  6
  94  1.0937134e-03 4.06e-04 7.02e+01  -4.1 5.11e-02    -  1.00e+00 1.00e+00h  1
  95  1.0759304e-03 1.10e-04 7.14e+01  -4.0 1.84e-02    -  1.00e+00 1.00e+00h  1
  96  1.0592930e-03 9.64e-05 7.00e+01  -4.0 1.17e-02    -  1.00e+00 1.00e+00h  1
  97  1.0538920e-03 5.90e-05 7.01e+01  -4.0 6.83e-03    -  1.00e+00 5.00e-01h  2
  98  1.0596757e-03 4.55e-05 7.14e+01  -4.0 1.20e-02    -  1.00e+00 2.50e-01h  3
  99  1.0585972e-03 3.93e-05 7.14e+01  -4.0 5.52e-02    -  1.00e+00 1.25e-01h  4
iter    objective    inf_pr   inf_du lg(mu)  ||d||  lg(rg) alpha_du alpha_pr  ls
 100  1.0507105e-03 7.95e-05 7.13e+01  -4.1 1.20e-02    -  1.00e+00 1.00e+00h  1
 101  1.0507573e-03 2.03e-04 7.02e+01  -4.1 1.24e-01    -  1.00e+00 1.25e-01h  4
 102  1.0392675e-03 5.34e-05 7.01e+01  -4.1 2.78e-02    -  1.00e+00 1.00e+00h  1
 103  1.0188211e-03 1.13e-04 7.00e+01  -4.0 1.84e-02    -  1.00e+00 1.00e+00h  1
 104  1.0202751e-03 1.85e-04 7.14e+01  -4.0 1.63e-02    -  1.00e+00 1.00e+00h  1
 105  1.0195720e-03 1.52e-04 7.14e+01  -4.0 3.08e-02    -  1.00e+00 2.50e-01h  3
 106  1.0431564e-03 1.02e-04 7.02e+01  -4.1 4.64e-02    -  1.00e+00 1.00e+00H  1
 107  1.0332617e-03 2.08e-04 7.02e+01  -4.1 1.90e+00    -  7.88e-01 6.21e-03h  8
 108  1.0070615e-03 2.14e-04 7.02e+01  -4.1 4.11e-02    -  1.00e+00 5.00e-01h  2
 109  9.7915833e-04 2.98e-04 7.13e+01  -4.0 4.28e-01    -  1.00e+00 1.25e-01h  4
iter    objective    inf_pr   inf_du lg(mu)  ||d||  lg(rg) alpha_du alpha_pr  ls
 110  9.5058357e-04 1.05e-04 7.00e+01  -4.0 2.56e-02    -  1.00e+00 1.00e+00h  1
 111  9.4123485e-04 2.15e-04 7.14e+01  -3.7 2.71e+00    -  1.00e+00 1.13e-02h  7
 112  9.3074999e-04 2.30e-04 7.00e+01  -3.8 2.36e-01    -  1.00e+00 1.25e-01h  4
 113  9.1475104e-04 9.72e-04 7.00e+01  -4.0 3.26e-01    -  1.00e+00 2.50e-01h  3
 114  8.9687513e-04 1.92e-03 7.00e+01  -3.7 2.50e+00    -  1.00e+00 2.70e-02h  6
 115  1.3577261e-03 2.15e-03 7.14e+01  -4.0 8.10e-02    -  1.00e+00 1.00e+00h  1
 116  8.1743709e-04 2.24e-03 7.01e+01  -4.1 5.93e-02    -  1.00e+00 1.00e+00h  1
 117  4.8120430e-03 4.47e-04 7.14e+01  -4.0 2.36e-01    -  1.00e+00 1.00e+00H  1
 118  7.8377360e-04 2.67e-03 7.12e+01  -4.1 2.46e-01    -  1.00e+00 1.00e+00h  1
 119  7.5094101e-04 2.66e-03 7.12e+01  -3.8 2.23e+00    -  1.00e+00 2.15e-03h  9
iter    objective    inf_pr   inf_du lg(mu)  ||d||  lg(rg) alpha_du alpha_pr  ls
 120  1.8014993e-03 3.24e-03 7.00e+01  -4.0 7.42e-02    -  1.00e+00 1.00e+00h  1
 121  1.0447296e-03 1.30e-03 7.02e+01  -4.1 7.27e-02    -  1.00e+00 1.00e+00h  1
 122  2.1217274e-03 2.21e-04 7.13e+01  -4.1 8.15e-02    -  1.00e+00 1.00e+00H  1
 123  1.9737520e-03 6.29e-04 7.13e+01  -4.1 1.35e+00    -  4.72e-01 1.81e-02h  6
 124  1.0899800e-03 4.79e-04 7.03e+01  -4.1 4.11e-02    -  1.00e+00 1.00e+00H  1
 125  9.7078036e-04 7.65e-04 7.12e+01  -4.1 5.30e-02    -  1.00e+00 5.00e-01h  2
 126  7.4430396e-04 1.34e-03 7.01e+01  -4.1 3.60e-02    -  1.00e+00 1.00e+00h  1
 127  8.5790765e-04 2.04e-04 7.14e+01  -4.0 6.94e-02    -  1.00e+00 1.00e+00H  1
 128  8.3573584e-04 1.98e-04 7.14e+01  -4.0 4.88e-01    -  1.00e+00 1.25e-01h  4
 129  7.2849099e-04 3.10e-04 7.14e+01  -4.0 3.86e-02    -  1.00e+00 1.00e+00h  1
iter    objective    inf_pr   inf_du lg(mu)  ||d||  lg(rg) alpha_du alpha_pr  ls
 130  7.1241721e-04 7.64e-04 7.00e+01  -4.0 4.74e-01    -  1.00e+00 6.25e-02h  5
 131  7.0570764e-04 5.69e-04 7.14e+01  -4.0 5.52e-02    -  1.00e+00 1.00e+00H  1
 132  6.6901213e-04 4.30e-04 7.14e+01  -4.0 2.28e-01    -  1.00e+00 1.25e-01h  4
 133  6.4361577e-04 3.27e-04 7.14e+01  -4.0 9.05e-02    -  1.00e+00 2.50e-01h  3
 134  7.2365633e-04 7.19e-04 7.00e+01  -4.0 5.03e-02    -  1.00e+00 5.00e-01h  2
 135  6.7554521e-04 2.39e-03 7.00e+01  -4.0 4.65e-01    -  1.00e+00 1.25e-01h  4
 136  6.2447025e-04 2.62e-03 7.00e+01  -4.1 1.75e-01    -  1.00e+00 2.50e-01h  3
 137  6.6546234e-04 1.60e-03 7.14e+01  -4.0 6.39e-02    -  1.00e+00 5.00e-01h  2
 138  6.5479600e-04 1.54e-03 7.14e+01  -4.1 3.00e-01    -  1.00e+00 6.25e-02h  5
 139  6.7301493e-04 3.43e-03 7.01e+01  -4.1 6.64e-02    -  1.00e+00 1.00e+00h  1
iter    objective    inf_pr   inf_du lg(mu)  ||d||  lg(rg) alpha_du alpha_pr  ls
 140  5.9905036e-04 2.23e-03 7.01e+01  -4.1 5.63e-02    -  1.00e+00 1.00e+00h  1
 141  6.2429826e-04 4.79e-04 7.14e+01  -4.0 2.96e-02    -  1.00e+00 1.00e+00h  1
 142  7.9694580e-04 3.17e-04 7.00e+01  -4.0 3.64e-02    -  1.00e+00 1.00e+00H  1
 143  7.5065118e-04 7.99e-03 7.00e+01  -4.0 2.30e-01    -  1.00e+00 5.00e-01h  2
 144  6.8647311e-04 3.39e-03 7.13e+01  -4.1 5.11e-02    -  1.00e+00 1.00e+00h  1
 145  6.8052587e-04 3.38e-03 7.02e+01  -4.1 6.55e-01    -  1.00e+00 6.25e-02h  5
 146  5.6532576e-04 9.64e-04 7.13e+01  -4.1 4.97e-02    -  1.00e+00 1.00e+00h  1
 147  5.6029631e-04 9.84e-04 7.13e+01  -4.0 2.08e-01    -  1.00e+00 3.12e-02h  6
 148  6.5485864e-03 4.85e-04 7.00e+01  -4.0 2.68e-01    -  1.00e+00 1.00e+00H  1
 149  1.3006705e-03 5.66e-03 7.12e+01  -4.1 4.09e-01    -  1.00e+00 1.00e+00h  1
iter    objective    inf_pr   inf_du lg(mu)  ||d||  lg(rg) alpha_du alpha_pr  ls
 150  6.3871972e-04 6.67e-03 7.02e+01  -4.1 9.62e-01    -  9.89e-01 6.25e-02h  5
 151  7.4524877e-04 1.60e-03 7.13e+01  -4.1 5.25e-02    -  1.00e+00 1.00e+00h  1
 152  1.3522266e-03 1.48e-03 7.02e+01  -4.1 1.01e-01    -  1.00e+00 1.00e+00H  1
 153  9.9680591e-04 1.14e-03 7.01e+01  -4.1 1.11e-01    -  1.00e+00 2.50e-01h  3
 154  7.3189318e-04 7.92e-04 7.01e+01  -4.1 9.49e-01    -  1.00e+00 6.25e-02h  5
 155  6.9672985e-04 1.73e-03 7.13e+01  -4.1 6.25e-02    -  1.00e+00 1.00e+00h  1
 156  5.7103064e-04 4.29e-04 7.13e+01  -4.1 3.37e-02    -  1.00e+00 1.00e+00h  1
 157  5.5762724e-04 3.52e-04 7.01e+01  -4.0 7.55e-02    -  1.00e+00 2.50e-01h  3
 158  6.0391488e-04 1.58e-04 7.14e+01  -4.0 6.08e-02    -  1.00e+00 5.00e-01h  2
 159  5.6641075e-04 1.33e-03 7.13e+01  -4.0 8.24e-02    -  1.00e+00 1.00e+00H  1
iter    objective    inf_pr   inf_du lg(mu)  ||d||  lg(rg) alpha_du alpha_pr  ls
 160  6.0086172e-04 5.37e-04 7.12e+01  -4.1 2.57e-02    -  1.00e+00 1.00e+00h  1
 161  5.8320373e-04 6.94e-04 7.02e+01  -4.1 4.50e-01    -  1.00e+00 1.25e-01h  4
 162  5.4147594e-04 2.48e-04 7.02e+01  -4.1 1.86e-02    -  1.00e+00 1.00e+00h  1
 163  5.1477475e-04 2.16e-04 7.13e+01  -4.0 3.62e-01    -  1.00e+00 3.12e-02h  6
 164  5.2697191e-04 1.73e-04 7.00e+01  -4.0 1.98e-02    -  1.00e+00 1.00e+00h  1
 165  5.1971903e-04 1.45e-04 7.00e+01  -4.0 1.64e-01    -  1.00e+00 6.25e-02h  5
 166  5.0822752e-04 4.37e-04 7.13e+01  -4.1 1.84e-02    -  1.00e+00 1.00e+00h  1
 167  4.9218516e-04 2.98e-04 7.01e+01  -4.1 2.70e-02    -  1.00e+00 1.00e+00h  1
 168  4.9230860e-04 3.00e-04 7.01e+01  -4.0 3.71e-01    -  1.00e+00 1.56e-02h  7
 169  4.8311269e-04 2.60e-04 7.14e+01  -4.0 2.09e-02    -  1.00e+00 1.00e+00h  1
iter    objective    inf_pr   inf_du lg(mu)  ||d||  lg(rg) alpha_du alpha_pr  ls
 170  4.8062352e-04 1.74e-04 7.14e+01  -4.0 1.73e-02    -  1.00e+00 5.00e-01h  2
 171  4.8153562e-04 1.73e-04 7.00e+01  -4.0 1.27e-01    -  1.00e+00 7.81e-03h  8
 172  4.8209147e-04 1.86e-04 7.01e+01  -4.1 1.92e-02    -  1.00e+00 5.00e-01h  2
 173  4.7837162e-04 1.32e-04 7.00e+01  -4.0 2.09e-02    -  1.00e+00 5.00e-01h  2
 174  4.7577135e-04 1.40e-04 7.01e+01  -4.1 8.38e-02    -  1.00e+00 6.25e-02h  5
 175  4.7353239e-04 6.06e-04 7.13e+01  -4.1 6.17e-02    -  1.00e+00 5.00e-01h  2
 176  4.7520535e-04 6.26e-04 7.13e+01  -4.1 4.88e-01    -  1.00e+00 3.12e-02h  6
 177  4.7028179e-04 5.68e-04 7.13e+01  -4.1 2.59e-01    -  1.00e+00 6.25e-02h  5
 178  4.7107550e-04 5.68e-04 7.01e+01  -4.0 8.68e-01    -  1.00e+00 9.77e-04h 11
 179  4.5401043e-04 1.80e-04 7.01e+01  -4.1 1.55e-02    -  1.00e+00 1.00e+00h  1
iter    objective    inf_pr   inf_du lg(mu)  ||d||  lg(rg) alpha_du alpha_pr  ls
 180  4.4597036e-04 9.92e-05 7.00e+01  -4.0 1.43e-02    -  1.00e+00 1.00e+00h  1
 181  4.3910573e-04 1.46e-04 7.00e+01  -4.1 2.02e-01    -  1.00e+00 1.25e-01h  4
 182  4.3165262e-04 4.80e-04 7.14e+01  -4.0 1.80e+00    -  1.00e+00 3.12e-02h  6
 183  4.2911498e-04 4.59e-04 7.14e+01  -4.1 7.75e-01    -  1.00e+00 3.12e-02h  6
 184  4.1517921e-04 4.24e-04 7.14e+01  -4.1 1.56e-01    -  1.00e+00 1.25e-01h  4
 185  4.0860707e-04 6.00e-04 7.00e+01  -4.0 3.63e-01    -  1.00e+00 1.25e-01h  4
 186  4.0564688e-04 9.02e-04 7.14e+01  -4.1 1.10e+00    -  1.00e+00 3.12e-02h  6
 187  5.0004494e-04 9.04e-04 7.01e+01  -4.1 7.74e-02    -  1.00e+00 5.00e-01h  2
 188  4.0509253e-04 5.15e-04 7.01e+01  -4.1 5.65e-02    -  1.00e+00 1.00e+00h  1
 189  5.7284857e-04 4.80e-04 7.14e+01  -4.0 6.34e-02    -  1.00e+00 1.00e+00H  1
iter    objective    inf_pr   inf_du lg(mu)  ||d||  lg(rg) alpha_du alpha_pr  ls
 190  5.6132581e-04 1.26e-03 7.13e+01  -4.1 1.28e-01    -  1.00e+00 5.00e-01h  2
 191  4.8113525e-04 2.21e-03 7.01e+01  -4.1 8.81e-01    -  1.00e+00 1.25e-01h  4
 192  5.1657448e-04 2.13e-03 7.13e+01  -4.1 9.33e-01    -  1.00e+00 3.12e-02h  6
 193  5.3839743e-04 1.95e-03 7.01e+01  -4.1 3.37e-01    -  1.00e+00 6.25e-02h  5
 194  5.0651296e-04 1.99e-03 7.01e+01  -4.1 1.19e+00    -  1.00e+00 3.12e-02h  6
 195  4.6013144e-04 1.53e-03 7.01e+01  -4.1 1.34e-01    -  1.00e+00 5.00e-01h  2
 196  5.7880966e-04 1.34e-04 7.13e+01  -4.1 7.87e-02    -  1.00e+00 1.00e+00H  1
 197  5.4323179e-04 9.14e-04 7.13e+01  -4.1 1.96e-01    -  1.00e+00 2.50e-01h  3
 198  4.4665332e-04 1.23e-03 7.13e+01  -4.1 9.27e-02    -  1.00e+00 5.00e-01h  2
 199  3.9390483e-04 5.75e-04 7.13e+01  -4.1 6.48e-02    -  1.00e+00 5.00e-01h  2
iter    objective    inf_pr   inf_du lg(mu)  ||d||  lg(rg) alpha_du alpha_pr  ls
 200  4.7551697e-04 5.63e-04 7.01e+01  -4.0 9.39e-01    -  1.00e+00 1.56e-02h  7
 201  3.9388534e-04 2.46e-04 7.01e+01  -4.1 2.47e-02    -  1.00e+00 1.00e+00h  1
 202  3.7953706e-04 2.19e-04 7.13e+01  -4.0 8.07e-02    -  1.00e+00 1.25e-01h  4
 203  3.8191638e-04 1.23e-04 7.00e+01  -4.0 1.35e-02    -  1.00e+00 1.00e+00h  1
 204  3.8140485e-04 3.47e-04 7.00e+01  -4.0 7.05e-02    -  1.00e+00 2.50e-01h  3
 205  3.7503464e-04 3.08e-04 7.14e+01  -4.1 1.77e-01    -  1.00e+00 1.25e-01h  4
 206  3.6655137e-04 2.21e-04 7.02e+01  -4.1 2.91e-02    -  1.00e+00 1.00e+00h  1
 207  3.6243018e-04 1.45e-04 7.14e+01  -4.0 3.13e-02    -  1.00e+00 1.00e+00h  1
 208  3.9665877e-04 2.27e-04 7.00e+01  -4.0 1.02e-01    -  1.00e+00 2.50e-01h  3
 209  3.6747559e-04 2.02e-04 7.01e+01  -4.1 3.47e-02    -  1.00e+00 5.00e-01h  2
iter    objective    inf_pr   inf_du lg(mu)  ||d||  lg(rg) alpha_du alpha_pr  ls
 210  3.6211233e-04 2.85e-04 7.01e+01  -4.1 1.14e+00    -  5.60e-01 8.62e-03h  7
 211  3.4923580e-04 2.48e-04 7.14e+01  -4.1 2.09e-01    -  1.00e+00 1.25e-01h  4
 212  3.4854389e-04 3.21e-04 7.14e+01  -4.0 1.45e-01    -  1.00e+00 6.25e-02h  5
 213  3.4192408e-04 3.24e-04 7.14e+01  -4.1 1.16e+00    -  6.55e-01 6.07e-03h  8
 214  3.4248388e-04 3.12e-04 7.01e+01  -4.1 7.78e-02    -  1.00e+00 6.25e-02h  5
 215  3.4751217e-04 4.28e-04 7.13e+01  -4.1 2.48e-02    -  1.00e+00 1.00e+00h  1
 216  3.3437168e-04 8.07e-04 7.14e+01  -4.0 7.85e-02    -  1.00e+00 5.00e-01h  2
 217  3.3314999e-04 8.04e-04 7.14e+01  -4.0 2.86e-01    -  1.00e+00 3.12e-02h  6
 218  3.2843937e-04 9.55e-04 7.14e+01  -4.0 6.21e-01    -  1.00e+00 3.12e-02h  6
 219  3.2779888e-04 8.89e-04 7.14e+01  -4.1 2.99e-01    -  1.00e+00 6.25e-02h  5
iter    objective    inf_pr   inf_du lg(mu)  ||d||  lg(rg) alpha_du alpha_pr  ls
 220  3.2137198e-04 1.07e-03 7.01e+01  -4.1 5.12e-01    -  1.00e+00 6.25e-02h  5
 221  3.1999896e-04 1.09e-03 7.01e+01  -4.0 5.91e-01    -  1.00e+00 1.56e-02h  7
 222  3.1598833e-04 1.08e-03 7.01e+01  -4.1 5.71e-01    -  1.00e+00 1.56e-02h  7
 223  3.1318850e-04 1.45e-03 7.13e+01  -4.1 5.47e-01    -  1.00e+00 6.25e-02h  5
 224  3.0698095e-04 1.72e-03 7.13e+01  -4.1 1.03e+00    -  9.13e-01 1.56e-02h  7
 225  2.9892420e-04 1.91e-03 7.01e+01  -4.0 2.12e-01    -  1.00e+00 1.25e-01h  4
 226  2.9426121e-04 2.00e-03 7.01e+01  -4.1 5.10e-01    -  1.00e+00 3.12e-02h  6
 227  2.9057686e-04 2.29e-03 7.01e+01  -3.8 1.40e+00    -  1.00e+00 1.55e-02h  7
 228  2.8646642e-04 2.55e-03 7.01e+01  -3.9 7.25e-01    -  1.00e+00 3.12e-02h  6
 229  2.8617361e-04 2.55e-03 9.90e+01  -3.9 8.45e-03    -  1.00e+00 7.23e-07h 15
iter    objective    inf_pr   inf_du lg(mu)  ||d||  lg(rg) alpha_du alpha_pr  ls
 230  2.5761054e-03 5.71e-04 5.49e+05  -3.9 1.75e-03    -  1.00e+00 1.00e+00h  1
 231  7.9848652e-03 8.16e-05 6.67e+04  -3.9 1.75e-02    -  1.00e+00 1.00e+00H  1
 232  1.0306664e-02 1.18e-04 6.59e+04  -3.9 3.50e-02    -  1.00e+00 1.86e-01h  1
 233  1.0324073e-02 1.18e-04 1.16e+05  -3.9 4.93e-02    -  1.00e+00 1.42e-03h  1
 234  1.0900437e-02 7.53e-05 3.81e+04  -3.9 6.27e-02    -  1.00e+00 1.00e+00F  1
 235  5.9376624e-03 1.17e-04 7.16e+03  -3.9 1.41e-02    -  1.00e+00 1.00e+00h  1
 236  9.4509553e-03 4.44e-05 1.55e+03  -3.9 8.29e-03    -  1.00e+00 1.00e+00h  1
 237  1.0550523e-02 6.63e-06 3.86e+02  -3.9 2.71e-03    -  1.00e+00 1.00e+00h  1
 238  1.0542689e-02 5.06e-07 6.51e+01  -4.0 3.10e-04    -  1.00e+00 1.00e+00h  1
 239  1.0544752e-02 5.02e-07 7.49e+00  -4.0 2.25e-04    -  1.00e+00 1.00e+00h  1
iter    objective    inf_pr   inf_du lg(mu)  ||d||  lg(rg) alpha_du alpha_pr  ls
 240  1.0544734e-02 5.02e-07 1.51e+00  -4.1 1.39e-05    -  1.00e+00 1.00e+00h  1
 241  1.0544796e-02 5.03e-07 1.53e+00  -4.0 7.45e-06    -  1.00e+00 1.00e+00h  1
 242  1.0544815e-02 5.03e-07 2.14e-01  -4.1 5.47e-06    -  1.00e+00 1.00e+00s 22
 243  1.0544814e-02 5.03e-07 3.74e-02  -4.1 2.07e-07    -  1.00e+00 1.00e+00s 22
 244  1.0544784e-02 5.03e-07 1.03e-02  -4.0 3.98e-08    -  1.00e+00 1.00e+00h  1
 245  1.0544783e-02 5.03e-07 1.40e-02  -4.0 5.81e-08    -  1.00e+00 1.00e+00h  1
 246  1.0544776e-02 5.03e-07 2.66e-01  -4.0 1.20e-06    -  1.00e+00 1.00e+00h  1
 247r 1.0544776e-02 5.03e-07 1.00e+03  -4.1 0.00e+00    -  0.00e+00 4.77e-07R 22
 248r 1.0577763e-02 6.65e-07 4.73e+01  -3.3 2.80e-05    -  1.00e+00 7.65e-01f  1
 249r 1.0217014e-02 4.58e-07 6.23e+02  -3.4 7.35e-05    -  2.44e-01 1.00e+00f  1
iter    objective    inf_pr   inf_du lg(mu)  ||d||  lg(rg) alpha_du alpha_pr  ls
 250r 2.3705118e-03 8.38e-08 7.41e-02  -3.4 1.41e-04    -  1.00e+00 1.00e+00f  1
 251  1.5528543e-03 4.88e-08 1.08e+02  -4.0 2.74e-05    -  1.00e+00 1.00e+00h  1
 252  1.2549146e-03 3.24e-08 5.77e+01  -4.0 1.62e-05    -  1.00e+00 1.00e+00h  1
 253  5.9572862e-04 1.30e-09 5.75e+01  -4.0 6.59e-06    -  1.00e+00 1.00e+00h  1
 254  5.9431115e-04 1.14e-09 8.40e+01  -4.0 1.61e-02    -  1.00e+00 1.95e-03h 10
 255  4.5421168e-04 2.99e-03 8.33e+01  -4.1 6.32e+00    -  1.29e-01 9.51e-03f  5
 256  4.5740321e-04 7.08e-04 4.65e+01  -4.1 2.81e-02    -  1.00e+00 1.00e+00h  1
 257  4.9545317e-04 1.36e-04 6.85e+01  -4.1 1.27e-02    -  1.00e+00 1.00e+00h  1
 258  1.0482137e-02 1.28e-04 7.72e+01  -4.1 1.86e-01    -  6.25e-02 6.25e-02h  5
 259  5.1987687e-03 2.52e-05 7.48e+01  -4.1 6.32e-03    -  1.00e+00 1.00e+00h  1
iter    objective    inf_pr   inf_du lg(mu)  ||d||  lg(rg) alpha_du alpha_pr  ls
 260  3.1304802e-03 4.56e-05 7.66e+01  -4.1 4.52e-02    -  1.00e+00 1.35e-01f  2
 261  1.7739246e-03 1.55e-05 6.89e+01  -4.1 4.92e-03    -  1.00e+00 1.00e+00h  1
 262  1.0872899e-03 1.79e-06 6.98e+01  -4.1 1.67e-03    -  1.00e+00 1.00e+00h  1
 263  8.4051632e-04 2.20e-06 7.07e+01  -4.1 1.85e-03    -  1.00e+00 1.00e+00h  1
 264  6.1564539e-04 1.86e-07 7.08e+01  -4.1 5.39e-04    -  1.00e+00 1.00e+00h  1
 265  5.6397392e-04 3.39e-05 7.97e+01  -4.1 7.26e-03    -  1.00e+00 1.00e+00h  1
 266  5.4260488e-04 8.71e-06 6.63e+01  -4.0 3.68e-03    -  1.00e+00 1.00e+00h  1
 267  7.0391455e-04 3.23e-06 6.72e+01  -4.0 2.25e-03    -  1.00e+00 1.00e+00h  1
 268  5.9682090e-04 5.11e-07 7.26e+01  -4.1 8.29e-04    -  1.00e+00 1.00e+00h  1
 269  5.8030188e-04 6.75e-07 7.26e+01  -4.1 1.06e-02    -  1.00e+00 6.25e-02h  5
iter    objective    inf_pr   inf_du lg(mu)  ||d||  lg(rg) alpha_du alpha_pr  ls
 270  4.9925910e-04 4.30e-07 6.99e+01  -4.0 8.02e-04    -  1.00e+00 1.00e+00h  1
 271  5.2996793e-04 2.53e-07 7.11e+01  -4.0 5.99e-04    -  1.00e+00 1.00e+00h  1
 272  5.0498935e-04 9.54e-07 7.11e+01  -4.1 1.13e-03    -  1.00e+00 1.00e+00h  1
 273  5.0486898e-04 9.63e-07 7.04e+01  -4.1 3.91e-01    -  7.65e-02 2.44e-04f 13
 274  4.4616820e-04 5.81e-05 7.24e+01  -4.1 1.03e-02    -  1.00e+00 1.00e+00h  1
 275  4.8151450e-04 1.44e-05 7.01e+01  -4.0 5.20e-03    -  1.00e+00 1.00e+00h  1
 276  4.0553951e-04 6.92e-04 7.06e+01  -4.0 3.37e-02    -  1.00e+00 1.00e+00h  1
 277  3.9369461e-04 6.09e-04 7.05e+01  -4.1 8.69e-02    -  1.00e+00 2.50e-01h  3
 278  3.8155074e-04 7.72e-04 7.04e+01  -4.1 3.05e-02    -  1.00e+00 1.00e+00h  1
 279  3.7053007e-04 4.59e-04 7.01e+01  -4.1 2.07e-02    -  1.00e+00 1.00e+00h  1
iter    objective    inf_pr   inf_du lg(mu)  ||d||  lg(rg) alpha_du alpha_pr  ls
 280  3.8035583e-04 2.64e-04 7.12e+01  -4.1 2.01e-02    -  1.00e+00 1.00e+00h  1
 281  3.5241514e-04 5.70e-04 7.12e+01  -4.1 4.17e-02    -  1.00e+00 5.00e-01h  2
 282  3.2748691e-04 7.45e-05 7.02e+01  -4.1 1.04e-02    -  1.00e+00 1.00e+00h  1
 283  3.1615350e-04 1.81e-04 7.13e+01  -4.0 1.78e-02    -  1.00e+00 1.00e+00h  1
 284  3.1330111e-04 8.28e-05 7.01e+01  -4.0 1.15e-02    -  1.00e+00 1.00e+00h  1
 285  3.0235299e-04 3.91e-05 7.00e+01  -4.0 9.67e-03    -  1.00e+00 1.00e+00h  1
 286  3.3881101e-04 2.75e-05 7.14e+01  -4.0 7.61e-03    -  1.00e+00 1.00e+00H  1
 287  3.1623917e-04 3.07e-05 7.14e+01  -4.0 6.22e-03    -  1.00e+00 1.00e+00h  1
 288  3.0487074e-04 7.08e-05 7.01e+01  -4.1 5.29e-02    -  1.00e+00 1.25e-01h  4
 289  3.0382314e-04 5.58e-05 7.13e+01  -4.1 1.46e-02    -  1.00e+00 2.50e-01h  3
iter    objective    inf_pr   inf_du lg(mu)  ||d||  lg(rg) alpha_du alpha_pr  ls
 290  3.0274077e-04 6.32e-05 7.01e+01  -4.1 2.75e-02    -  1.00e+00 1.25e-01h  4
 291  3.0163851e-04 8.80e-05 7.01e+01  -4.1 2.02e-02    -  1.00e+00 5.00e-01h  2
 292  2.9955971e-04 1.16e-04 7.13e+01  -4.1 1.05e-01    -  1.00e+00 1.25e-01h  4
 293  2.9812574e-04 5.01e-04 7.13e+01  -4.1 2.68e-02    -  1.00e+00 1.00e+00h  1
 294  2.9522189e-04 4.80e-04 7.13e+01  -4.1 3.64e-01    -  1.00e+00 6.25e-02h  5
 295  2.8823276e-04 3.72e-04 7.13e+01  -4.1 6.17e-02    -  1.00e+00 2.50e-01h  3
 296  2.9175908e-04 2.00e-04 7.00e+01  -4.0 1.68e-02    -  1.00e+00 1.00e+00h  1
 297  2.8690970e-04 1.65e-04 7.14e+01  -4.0 1.25e-02    -  1.00e+00 1.00e+00h  1
 298  2.7883031e-04 1.69e-04 7.00e+01  -4.0 1.05e-01    -  1.00e+00 1.25e-01h  4
 299  2.7754659e-04 1.70e-04 7.14e+01  -4.1 5.41e-02    -  1.00e+00 6.25e-02h  5
iter    objective    inf_pr   inf_du lg(mu)  ||d||  lg(rg) alpha_du alpha_pr  ls
 300  2.7659342e-04 8.98e-05 7.01e+01  -4.1 1.02e-02    -  1.00e+00 1.00e+00h  1
 301  2.7769107e-04 2.59e-05 7.14e+01  -4.0 7.81e-03    -  1.00e+00 1.00e+00h  1
 302  2.7696877e-04 1.39e-05 7.14e+01  -4.0 8.94e-03    -  1.00e+00 5.00e-01h  2
 303  2.8672120e-04 1.32e-05 7.14e+01  -4.0 1.78e-02    -  1.00e+00 1.00e+00H  1
 304  2.8640481e-04 1.64e-05 7.14e+01  -4.0 1.12e-01    -  1.00e+00 3.12e-02h  6
 305  2.8544964e-04 1.84e-05 7.02e+01  -4.1 1.91e-02    -  1.00e+00 1.00e+00H  1
 306  2.8425637e-04 4.53e-05 7.12e+01  -4.1 2.50e-01    -  1.00e+00 3.12e-02h  6
 307  2.7387488e-04 7.19e-05 7.02e+01  -4.1 9.40e-03    -  1.00e+00 1.00e+00h  1
 308  2.7909565e-04 3.54e-05 7.13e+01  -4.1 7.68e-03    -  1.00e+00 5.00e-01h  2
 309  2.7360148e-04 1.45e-05 7.13e+01  -4.1 3.57e-03    -  1.00e+00 1.00e+00h  1
iter    objective    inf_pr   inf_du lg(mu)  ||d||  lg(rg) alpha_du alpha_pr  ls
 310  2.7545894e-04 5.05e-06 7.00e+01  -4.0 4.53e-03    -  1.00e+00 1.00e+00H  1
 311  2.7249337e-04 2.64e-05 7.01e+01  -4.0 6.87e-03    -  1.00e+00 1.00e+00h  1
 312  2.7105931e-04 2.57e-05 7.14e+01  -4.1 7.51e-02    -  1.00e+00 3.12e-02h  6
 313  2.7167249e-04 2.48e-05 7.13e+01  -4.1 1.16e-02    -  1.00e+00 2.50e-01h  3
 314  2.7220277e-04 2.81e-05 7.01e+01  -4.1 2.00e-02    -  1.00e+00 1.25e-01h  4
 315  2.7129224e-04 2.47e-05 7.01e+01  -4.1 2.09e-02    -  1.00e+00 1.25e-01h  4
 316  2.6964129e-04 4.30e-05 7.01e+01  -4.1 6.26e-02    -  1.00e+00 1.25e-01h  4
 317  2.6940555e-04 4.72e-05 7.01e+01  -4.1 3.04e-02    -  1.00e+00 2.50e-01h  3
 318  2.6931717e-04 1.33e-04 7.01e+01  -4.1 9.09e-01    -  1.00e+00 1.56e-02h  7
 319  2.6901070e-04 1.33e-04 7.13e+01  -4.1 4.13e-01    -  1.00e+00 3.91e-03h  9
iter    objective    inf_pr   inf_du lg(mu)  ||d||  lg(rg) alpha_du alpha_pr  ls
 320  2.6620080e-04 4.29e-05 7.13e+01  -4.1 7.01e-03    -  1.00e+00 1.00e+00h  1
 321  2.6613508e-04 4.27e-05 7.02e+01  -4.1 1.23e-01    -  1.00e+00 7.81e-03h  8
 322  2.6618857e-04 1.40e-05 7.01e+01  -4.1 8.91e-03    -  1.00e+00 1.00e+00h  1
 323  2.6637346e-04 2.59e-05 7.13e+01  -4.1 1.13e-02    -  1.00e+00 1.00e+00H  1
 324  2.6470106e-04 6.02e-05 7.13e+01  -4.1 1.92e-02    -  1.00e+00 5.00e-01h  2
 325  2.6382421e-04 6.63e-05 7.13e+01  -4.1 2.92e-02    -  1.00e+00 2.50e-01h  3
 326  2.6339085e-04 5.03e-05 7.02e+01  -4.1 1.51e-02    -  1.00e+00 2.50e-01h  3
 327  2.6285414e-04 7.05e-05 7.14e+01  -4.0 1.07e-02    -  1.00e+00 1.00e+00h  1
 328  2.6263995e-04 6.96e-05 7.00e+01  -4.1 6.43e-02    -  1.00e+00 3.12e-02h  6
 329  2.5956139e-04 1.64e-04 7.01e+01  -4.1 3.09e-02    -  1.00e+00 5.00e-01h  2
iter    objective    inf_pr   inf_du lg(mu)  ||d||  lg(rg) alpha_du alpha_pr  ls
 330  2.9878099e-04 3.70e-05 7.13e+01  -4.1 3.73e-02    -  1.00e+00 1.00e+00H  1
 331  2.8173105e-04 4.92e-05 7.13e+01  -4.1 5.48e-02    -  1.00e+00 2.50e-01h  3
 332  2.6630504e-04 3.74e-04 7.13e+01  -4.1 7.67e-02    -  1.00e+00 2.50e-01h  3
 333  2.6253268e-04 3.80e-04 7.01e+01  -4.1 1.18e+00    -  8.94e-01 7.25e-03h  8
 334  2.5712952e-04 3.28e-04 7.13e+01  -4.1 5.31e-02    -  1.00e+00 2.50e-01h  3
 335  2.5712453e-04 3.26e-04 7.01e+01  -4.1 7.09e-01    -  1.00e+00 3.91e-03h  9
 336  2.4864625e-04 2.36e-04 7.01e+01  -4.1 2.33e-02    -  1.00e+00 5.00e-01h  2
 337  2.5461522e-04 7.23e-05 7.14e+01  -4.0 2.07e-02    -  1.00e+00 1.00e+00H  1
 338  2.5127524e-04 7.68e-05 7.14e+01  -4.1 1.77e-01    -  1.00e+00 6.25e-02h  5
 339  2.5060182e-04 5.11e-05 7.14e+01  -4.0 1.22e-01    -  1.00e+00 1.25e-01h  4
iter    objective    inf_pr   inf_du lg(mu)  ||d||  lg(rg) alpha_du alpha_pr  ls
 340  2.5002870e-04 4.71e-05 7.14e+01  -4.0 8.94e-02    -  1.00e+00 6.25e-02h  5
 341  2.5157959e-04 1.24e-04 7.14e+01  -4.0 2.56e-02    -  1.00e+00 5.00e-01h  2
 342  2.6616778e-04 5.70e-05 7.00e+01  -4.0 1.87e-02    -  1.00e+00 1.00e+00h  1
 343  2.5463498e-04 7.95e-04 7.14e+01  -4.1 3.17e-01    -  1.00e+00 1.25e-01h  4
 344  2.5670553e-04 7.43e-04 7.00e+01  -4.1 1.43e-01    -  1.00e+00 6.25e-02h  5
 345  2.5579348e-04 7.65e-04 7.14e+01  -4.1 1.35e-01    -  1.00e+00 6.25e-02h  5
 346  2.4617317e-04 5.28e-04 7.01e+01  -4.1 3.09e-02    -  1.00e+00 1.00e+00h  1
 347  2.5571302e-04 4.22e-04 7.01e+01  -4.1 9.31e-02    -  1.00e+00 2.50e-01h  3
 348  2.4146956e-04 9.46e-05 7.02e+01  -4.1 1.22e-02    -  1.00e+00 1.00e+00h  1
 349  2.4059532e-04 1.00e-04 7.13e+01  -4.0 1.02e-01    -  1.00e+00 6.25e-02h  5
iter    objective    inf_pr   inf_du lg(mu)  ||d||  lg(rg) alpha_du alpha_pr  ls
 350  2.3573125e-04 1.32e-04 7.02e+01  -4.1 1.35e-02    -  1.00e+00 1.00e+00h  1
 351  2.3950451e-04 4.44e-05 7.00e+01  -4.0 1.04e-02    -  1.00e+00 1.00e+00h  1
 352  2.4918197e-04 3.97e-05 7.14e+01  -4.0 5.23e-02    -  1.00e+00 2.50e-01h  3
 353  2.4880495e-04 3.15e-05 7.14e+01  -4.0 4.67e-01    -  1.00e+00 1.56e-02h  7
 354  2.4672278e-04 2.38e-04 7.13e+01  -4.1 6.67e-02    -  1.00e+00 5.00e-01h  2
 355  2.3607624e-04 7.94e-05 7.13e+01  -4.1 1.31e-02    -  1.00e+00 1.00e+00h  1
 356  2.3657145e-04 7.65e-05 7.02e+01  -4.0 1.26e-01    -  1.00e+00 3.12e-02h  6
 357  2.3723711e-04 6.66e-05 7.01e+01  -4.0 1.31e-02    -  1.00e+00 2.50e-01h  3
 358  2.3707062e-04 5.03e-05 7.13e+01  -4.0 3.03e-02    -  1.00e+00 1.25e-01h  4
 359  2.4148049e-04 4.74e-05 7.01e+01  -4.1 1.45e-01    -  1.00e+00 6.25e-02h  5
iter    objective    inf_pr   inf_du lg(mu)  ||d||  lg(rg) alpha_du alpha_pr  ls
 360  2.3779642e-04 4.42e-05 7.01e+01  -4.1 1.76e-02    -  1.00e+00 2.50e-01h  3
 361  2.3594506e-04 5.39e-05 7.01e+01  -4.1 6.10e-02    -  1.00e+00 6.25e-02h  5
 362  2.3555946e-04 5.79e-05 7.01e+01  -4.1 1.92e-02    -  1.00e+00 2.50e-01h  3
 363  2.3569889e-04 4.58e-05 7.01e+01  -4.0 2.27e-02    -  1.00e+00 2.50e-01h  3
 364  2.3558645e-04 4.52e-05 7.13e+01  -4.0 4.66e-01    -  1.00e+00 3.91e-03h  9
 365  2.3547699e-04 4.18e-05 7.13e+01  -4.1 1.00e-01    -  1.00e+00 3.12e-02h  6
 366  2.3530182e-04 3.48e-05 7.13e+01  -4.1 1.11e-02    -  1.00e+00 2.50e-01h  3
 367  2.3492370e-04 3.96e-05 7.01e+01  -4.0 9.26e-02    -  1.00e+00 6.25e-02h  5
 368  2.3441352e-04 2.79e-05 7.01e+01  -4.1 1.91e-02    -  1.00e+00 2.50e-01h  3
 369  2.3405892e-04 6.62e-05 7.01e+01  -4.1 1.17e-01    -  1.00e+00 6.25e-02h  5
iter    objective    inf_pr   inf_du lg(mu)  ||d||  lg(rg) alpha_du alpha_pr  ls
 370  2.3339258e-04 6.60e-05 7.01e+01  -4.1 1.58e-02    -  1.00e+00 5.00e-01h  2
 371  2.3320910e-04 6.59e-05 7.13e+01  -4.1 5.14e-01    -  1.00e+00 9.77e-04h 11
 372  2.3258181e-04 2.80e-05 7.01e+01  -4.1 5.25e-03    -  1.00e+00 1.00e+00h  1
 373  2.3253786e-04 1.50e-05 7.13e+01  -4.0 4.96e-03    -  1.00e+00 5.00e-01h  2
 374  2.3245480e-04 1.51e-05 7.01e+01  -4.1 9.97e-02    -  1.00e+00 1.56e-02h  7
 375  2.3223865e-04 8.94e-06 7.13e+01  -4.1 1.46e-02    -  1.00e+00 2.50e-01h  3
 376  2.3154153e-04 8.63e-05 7.13e+01  -4.1 2.44e-02    -  1.00e+00 1.00e+00h  1
 377  2.3025115e-04 1.01e-04 7.13e+01  -4.1 2.08e-01    -  1.00e+00 6.25e-02h  5
 378  2.2939107e-04 9.27e-05 7.13e+01  -4.1 8.21e-02    -  1.00e+00 1.25e-01h  4
 379  2.2929829e-04 7.07e-05 7.02e+01  -4.1 4.30e-02    -  1.00e+00 2.50e-01h  3
iter    objective    inf_pr   inf_du lg(mu)  ||d||  lg(rg) alpha_du alpha_pr  ls
 380  2.3031288e-04 6.73e-05 7.13e+01  -4.1 1.23e-01    -  1.00e+00 6.25e-02h  5
 381  2.2965702e-04 6.70e-05 7.13e+01  -4.1 3.54e-01    -  1.00e+00 7.81e-03h  8
 382  2.3226122e-04 6.42e-05 7.02e+01  -4.1 1.21e-01    -  1.00e+00 6.25e-02h  5
 383  2.3048882e-04 6.33e-05 7.02e+01  -4.1 2.68e-01    -  1.00e+00 1.56e-02h  7
 384  2.2903682e-04 7.15e-05 7.02e+01  -4.1 3.65e-02    -  1.00e+00 2.50e-01h  3
 385  2.2661267e-04 6.44e-05 7.13e+01  -4.1 1.12e-02    -  1.00e+00 1.00e+00h  1
 386  2.2650076e-04 3.76e-05 7.02e+01  -4.1 1.83e-02    -  1.00e+00 5.00e-01h  2
 387  2.2526613e-04 3.43e-05 7.13e+01  -4.1 9.50e-02    -  1.00e+00 6.25e-02h  5
 388  2.2510838e-04 8.74e-05 7.01e+01  -4.1 4.52e-02    -  1.00e+00 2.50e-01h  3
 389  2.2276129e-04 7.78e-05 7.01e+01  -4.1 1.75e-02    -  1.00e+00 5.00e-01h  2
iter    objective    inf_pr   inf_du lg(mu)  ||d||  lg(rg) alpha_du alpha_pr  ls
 390  2.2222219e-04 7.46e-05 7.01e+01  -4.1 5.76e-02    -  1.00e+00 1.25e-01h  4
 391  2.2087512e-04 7.24e-05 7.13e+01  -4.0 6.30e-02    -  1.00e+00 1.25e-01h  4
 392  2.2169059e-04 4.86e-05 7.00e+01  -4.0 9.42e-03    -  1.00e+00 1.00e+00h  1
 393  2.2163654e-04 4.84e-05 7.14e+01  -4.0 3.76e-01    -  1.00e+00 3.91e-03h  9
 394  2.2149326e-04 4.18e-05 7.14e+01  -4.1 2.30e-02    -  1.00e+00 1.25e-01h  4
 395  2.1892404e-04 5.19e-05 7.00e+01  -4.0 3.47e-01    -  1.00e+00 1.56e-02h  7
 396  2.1773302e-04 4.45e-05 7.01e+01  -4.1 1.75e-02    -  1.00e+00 2.50e-01h  3
 397  2.1757554e-04 4.34e-05 7.01e+01  -4.1 2.58e-02    -  1.00e+00 2.50e-01h  3
 398  2.1739411e-04 3.98e-05 7.01e+01  -4.1 1.23e-01    -  1.00e+00 3.12e-02h  6
 399  2.1685130e-04 3.05e-05 7.01e+01  -4.1 3.27e-02    -  1.00e+00 2.50e-01h  3
iter    objective    inf_pr   inf_du lg(mu)  ||d||  lg(rg) alpha_du alpha_pr  ls
 400  2.1671569e-04 3.05e-05 7.13e+01  -4.1 1.40e+00    -  1.00e+00 9.77e-04h 11
 401  2.1566929e-04 2.81e-05 7.13e+01  -4.1 4.28e-02    -  1.00e+00 2.50e-01h  3
 402  2.1486180e-04 3.37e-05 7.01e+01  -4.1 5.53e-01    -  1.00e+00 1.56e-02h  7
 403  2.1442258e-04 4.59e-05 7.13e+01  -4.1 6.02e-01    -  1.00e+00 1.56e-02h  7
 404  2.1424838e-04 4.94e-05 7.01e+01  -4.1 5.56e-02    -  1.00e+00 2.50e-01h  3
 405  2.1375311e-04 6.21e-05 7.01e+01  -4.1 3.18e-01    -  1.00e+00 3.12e-02h  6
 406  2.1351216e-04 5.79e-05 7.01e+01  -4.1 9.48e-02    -  1.00e+00 6.25e-02h  5
 407  2.1416782e-04 5.35e-05 7.13e+01  -4.1 9.39e-02    -  1.00e+00 6.25e-02h  5
 408  2.1326931e-04 5.37e-05 7.13e+01  -4.1 9.50e-02    -  1.00e+00 3.12e-02h  6
 409  2.1336903e-04 4.65e-05 7.01e+01  -4.1 3.79e-02    -  1.00e+00 1.25e-01h  4
iter    objective    inf_pr   inf_du lg(mu)  ||d||  lg(rg) alpha_du alpha_pr  ls
 410  2.1283359e-04 4.53e-05 7.13e+01  -4.1 1.31e-01    -  1.00e+00 3.12e-02h  6
 411  2.1319851e-04 4.00e-05 7.01e+01  -4.1 4.77e-02    -  1.00e+00 1.25e-01h  4
 412  2.1234190e-04 5.94e-05 7.01e+01  -4.1 7.07e-01    -  1.00e+00 1.56e-02h  7
 413  2.1133874e-04 6.58e-05 7.01e+01  -4.1 1.70e-01    -  1.00e+00 3.12e-02h  6
 414  2.1257901e-04 6.00e-05 7.01e+01  -4.1 8.86e-02    -  1.00e+00 6.25e-02h  5
 415  2.1230966e-04 5.87e-05 7.01e+01  -4.1 1.03e-01    -  1.00e+00 3.12e-02h  6
 416  2.1266333e-04 5.73e-05 7.01e+01  -4.1 5.78e-02    -  1.00e+00 6.25e-02h  5
 417  2.1259764e-04 5.37e-05 7.01e+01  -4.1 5.10e-02    -  1.00e+00 6.25e-02h  5
 418  2.1256414e-04 5.37e-05 9.89e+01  -4.1 5.79e-01    -  1.00e+00 9.86e-07h 14
 419  2.1299582e-04 4.72e-05 7.05e+01  -4.1 5.05e-02    -  1.00e+00 1.25e-01h  4
iter    objective    inf_pr   inf_du lg(mu)  ||d||  lg(rg) alpha_du alpha_pr  ls
 420  2.1819886e-04 1.79e-05 7.02e+01  -4.1 9.12e-03    -  1.00e+00 1.00e+00h  1
 421  2.1798616e-04 7.80e-05 7.13e+01  -4.0 1.53e-01    -  1.00e+00 6.25e-02h  5
 422  2.1705859e-04 1.26e-04 7.13e+01  -4.1 4.18e-02    -  1.00e+00 2.50e-01h  3
 423  2.1288530e-04 4.17e-05 7.01e+01  -4.1 9.26e-03    -  1.00e+00 1.00e+00h  1
 424  2.1209076e-04 3.26e-05 7.13e+01  -4.0 1.00e-02    -  1.00e+00 5.00e-01h  2
 425  2.1189341e-04 3.41e-05 7.01e+01  -4.0 1.66e-01    -  1.00e+00 1.56e-02h  7
 426  2.1224482e-04 9.47e-06 7.13e+01  -4.1 4.32e-03    -  1.00e+00 1.00e+00h  1
 427  2.1270966e-04 8.02e-06 7.01e+01  -4.0 5.27e-03    -  1.00e+00 2.50e-01h  3
 428  2.1269461e-04 7.59e-06 7.01e+01  -4.0 9.21e-03    -  1.00e+00 6.25e-02h  5
 429  2.1211259e-04 7.04e-05 7.02e+01  -4.1 1.89e-02    -  1.00e+00 5.00e-01h  2
iter    objective    inf_pr   inf_du lg(mu)  ||d||  lg(rg) alpha_du alpha_pr  ls
 430  2.1235068e-04 6.93e-05 7.02e+01  -4.1 8.86e-02    -  1.00e+00 3.12e-02h  6
 431  2.1217046e-04 6.80e-05 7.02e+01  -4.1 1.39e-01    -  1.00e+00 1.56e-02h  7
 432  2.1198294e-04 6.09e-05 7.12e+01  -4.1 2.09e-01    -  1.00e+00 1.56e-02h  7
 433  2.1216051e-04 3.39e-05 7.12e+01  -4.1 6.97e-03    -  1.00e+00 5.00e-01h  2
 434  2.1201326e-04 3.20e-05 7.02e+01  -4.1 3.91e-02    -  1.00e+00 3.12e-02h  6
 435  2.1265160e-04 8.31e-06 7.13e+01  -4.1 3.51e-03    -  1.00e+00 1.00e+00h  1
 436  2.1226734e-04 2.04e-05 7.13e+01  -4.0 2.77e-02    -  1.00e+00 2.50e-01h  3
 437  2.1425589e-04 9.90e-06 7.13e+01  -4.1 9.82e-03    -  1.00e+00 1.00e+00h  1
 438  2.1121631e-04 1.86e-05 7.13e+01  -4.1 7.96e-03    -  1.00e+00 1.00e+00h  1
 439  2.1425706e-04 1.26e-05 7.02e+01  -4.1 9.32e-03    -  1.00e+00 5.00e-01h  2
iter    objective    inf_pr   inf_du lg(mu)  ||d||  lg(rg) alpha_du alpha_pr  ls
 440  2.1340751e-04 5.93e-06 7.02e+01  -4.1 1.10e-02    -  1.00e+00 1.00e+00H  1
 441  2.1256622e-04 4.13e-06 7.12e+01  -4.1 1.37e-02    -  1.00e+00 2.50e-01h  3
 442  2.1293003e-04 1.22e-05 7.02e+01  -4.1 6.00e-03    -  1.00e+00 1.00e+00h  1
 443  2.1287498e-04 8.19e-06 7.02e+01  -4.1 1.19e-02    -  1.00e+00 2.50e-01h  3
 444  2.1292019e-04 4.14e-06 7.02e+01  -4.1 4.51e-03    -  1.00e+00 1.00e+00H  1
 445  2.1258140e-04 1.25e-05 7.13e+01  -4.0 2.97e-02    -  1.00e+00 1.25e-01h  4
 446  2.1227061e-04 1.04e-05 7.13e+01  -4.1 7.57e-03    -  1.00e+00 2.50e-01h  3
 447  2.1213955e-04 9.01e-06 7.01e+01  -4.1 7.24e-03    -  1.00e+00 2.50e-01h  3
 448  2.1186303e-04 7.98e-06 7.01e+01  -4.1 3.31e-02    -  1.00e+00 6.25e-02h  5
 449  2.1254472e-04 2.59e-06 7.13e+01  -4.1 4.23e-03    -  1.00e+00 1.00e+00H  1
iter    objective    inf_pr   inf_du lg(mu)  ||d||  lg(rg) alpha_du alpha_pr  ls
 450  2.1096910e-04 2.58e-05 7.13e+01  -4.1 6.11e-03    -  1.00e+00 1.00e+00h  1
 451  2.1071816e-04 1.39e-05 7.01e+01  -4.1 7.31e-03    -  1.00e+00 5.00e-01h  2
 452  2.1151789e-04 3.83e-06 7.02e+01  -4.1 3.05e-03    -  1.00e+00 1.00e+00h  1
 453  2.1133307e-04 4.47e-06 7.13e+01  -4.1 4.25e-03    -  1.00e+00 5.00e-01h  2
 454  2.1136437e-04 3.91e-06 7.13e+01  -4.1 4.07e-03    -  1.00e+00 2.50e-01h  3
 455  2.1130701e-04 3.92e-06 7.13e+01  -4.1 7.71e-02    -  1.00e+00 7.81e-03h  8
 456  2.1141394e-04 3.20e-06 7.02e+01  -4.1 2.35e-03    -  1.00e+00 2.50e-01h  3
 457  2.1147952e-04 2.63e-06 7.02e+01  -4.1 4.86e-03    -  1.00e+00 1.25e-01h  4
 458  2.1150400e-04 2.54e-06 7.02e+01  -4.1 7.96e-03    -  1.00e+00 6.25e-02h  5
 459  2.1136466e-04 2.53e-06 7.13e+01  -4.1 2.07e-02    -  1.00e+00 3.12e-02h  6
iter    objective    inf_pr   inf_du lg(mu)  ||d||  lg(rg) alpha_du alpha_pr  ls
 460  2.1134411e-04 2.52e-06 7.02e+01  -4.1 6.07e-03    -  1.00e+00 1.25e-01h  4
 461  2.1129168e-04 2.03e-06 7.02e+01  -4.1 4.21e-03    -  1.00e+00 2.50e-01h  3
 462  2.1120179e-04 3.89e-06 7.02e+01  -4.1 7.60e-03    -  1.00e+00 2.50e-01h  3
 463  2.1117833e-04 3.74e-06 7.13e+01  -4.1 1.32e-01    -  1.00e+00 7.81e-03h  8
 464  2.1117132e-04 1.08e-06 7.02e+01  -4.1 1.56e-03    -  1.00e+00 1.00e+00h  1
 465  2.1108532e-04 2.06e-06 7.12e+01  -4.1 6.38e-03    -  1.00e+00 2.50e-01h  3
 466  2.1111161e-04 2.00e-06 7.02e+01  -4.1 1.57e-02    -  1.00e+00 3.12e-02h  6
 467  2.1111607e-04 1.88e-06 7.02e+01  -4.1 4.19e-03    -  1.00e+00 1.25e-01h  4
 468  2.1079730e-04 1.97e-06 7.02e+01  -4.1 4.91e-02    -  1.00e+00 3.12e-02h  6
 469  2.1110607e-04 7.72e-07 7.12e+01  -4.1 2.29e-03    -  1.00e+00 1.00e+00H  1
iter    objective    inf_pr   inf_du lg(mu)  ||d||  lg(rg) alpha_du alpha_pr  ls
 470  2.1098797e-04 8.67e-07 7.13e+01  -4.0 1.30e-02    -  1.00e+00 1.25e-01h  4
 471  2.1093464e-04 9.40e-07 7.13e+01  -4.1 1.25e-01    -  1.00e+00 7.81e-03h  8
 472  2.1072197e-04 5.22e-06 7.13e+01  -4.1 1.92e-01    -  1.00e+00 1.56e-02h  7
 473  2.1070928e-04 4.86e-06 7.02e+01  -4.1 7.70e-02    -  1.00e+00 1.56e-02h  7
 474  2.1050887e-04 4.48e-06 7.02e+01  -4.1 1.78e-02    -  1.00e+00 1.25e-01h  4
 475  2.1041886e-04 5.60e-06 7.02e+01  -4.1 2.05e-02    -  1.00e+00 1.25e-01h  4
 476  2.1041913e-04 5.81e-06 7.02e+01  -4.1 8.23e-02    -  1.00e+00 1.56e-02h  7
 477  2.1040331e-04 8.17e-06 7.13e+01  -4.1 1.36e-01    -  1.00e+00 3.12e-02h  6
 478  2.1036101e-04 7.60e-06 7.13e+01  -4.1 2.51e-02    -  1.00e+00 1.25e-01h  4
 479  2.1021940e-04 3.84e-06 7.12e+01  -4.1 2.72e-03    -  1.00e+00 1.00e+00h  1
iter    objective    inf_pr   inf_du lg(mu)  ||d||  lg(rg) alpha_du alpha_pr  ls
 480  2.1019471e-04 3.84e-06 7.12e+01  -4.1 3.08e-01    -  1.00e+00 4.88e-04h 12
 481  2.1027817e-04 3.82e-06 7.02e+01  -4.1 4.90e-02    -  1.00e+00 1.56e-02h  7
 482  2.1014179e-04 2.66e-06 7.02e+01  -4.1 2.03e-03    -  1.00e+00 1.00e+00h  1
 483  2.1000859e-04 4.26e-06 7.12e+01  -4.1 2.88e-03    -  1.00e+00 1.00e+00h  1
 484  2.0976303e-04 2.19e-06 7.12e+01  -4.1 3.32e-03    -  1.00e+00 1.00e+00h  1
 485  2.1003585e-04 1.09e-06 7.02e+01  -4.1 3.85e-03    -  1.00e+00 5.00e-01h  2
 486  2.1059822e-04 2.24e-06 7.02e+01  -4.1 2.71e-03    -  1.00e+00 1.00e+00H  1
 487  2.1048813e-04 2.21e-06 7.02e+01  -4.1 7.91e-02    -  1.00e+00 7.81e-03h  8
 488  2.1048464e-04 2.22e-06 7.12e+01  -4.1 1.18e-01    -  1.00e+00 1.95e-03h 10
 489  2.1037073e-04 1.72e-06 7.12e+01  -4.1 5.22e-03    -  1.00e+00 2.50e-01h  3
iter    objective    inf_pr   inf_du lg(mu)  ||d||  lg(rg) alpha_du alpha_pr  ls
 490  2.1033819e-04 1.72e-06 7.12e+01  -4.1 3.65e-01    -  1.00e+00 9.77e-04h 11
 491  2.1029178e-04 1.71e-06 7.12e+01  -4.1 5.02e-02    -  1.00e+00 3.91e-03h  9
 492  2.1027821e-04 1.71e-06 7.12e+01  -4.1 1.33e-01    -  1.00e+00 9.77e-04h 11
 493  2.1020953e-04 1.66e-06 7.12e+01  -4.1 1.82e-01    -  1.00e+00 1.95e-03h 10
 494  2.0970844e-04 1.29e-05 7.01e+01  -4.1 9.70e-03    -  1.00e+00 1.00e+00h  1
 495  2.0971272e-04 1.38e-05 7.01e+01  -4.1 1.38e-01    -  1.00e+00 3.12e-02h  6
 496  2.0945453e-04 2.20e-05 7.01e+01  -4.1 6.82e-02    -  1.00e+00 1.25e-01h  4
 497  2.0921644e-04 2.16e-05 7.01e+01  -4.1 1.88e-01    -  1.00e+00 3.12e-02h  6
 498  2.0941514e-04 2.00e-05 7.13e+01  -4.1 1.12e-01    -  1.00e+00 3.12e-02h  6
 499  2.0930892e-04 1.92e-05 7.01e+01  -4.1 2.84e-02    -  1.00e+00 1.25e-01h  4
iter    objective    inf_pr   inf_du lg(mu)  ||d||  lg(rg) alpha_du alpha_pr  ls
 500  2.0838322e-04 2.61e-05 7.01e+01  -4.1 1.62e-01    -  1.00e+00 6.25e-02h  5
 501  2.0821305e-04 2.50e-05 7.01e+01  -4.1 4.60e-02    -  1.00e+00 1.25e-01h  4
 502  2.0798190e-04 2.91e-05 7.01e+01  -4.1 4.33e-01    -  1.00e+00 1.56e-02h  7
 503  2.0793833e-04 3.82e-05 7.01e+01  -4.1 6.58e-02    -  1.00e+00 1.25e-01h  4
 504  2.0673844e-04 1.76e-04 7.13e+01  -4.1 9.05e-01    -  1.00e+00 1.56e-02h  7
 505  2.0610261e-04 3.26e-04 7.13e+01  -4.1 9.12e-01    -  1.00e+00 3.12e-02h  6
 506  2.0585879e-04 3.44e-04 7.13e+01  -4.1 6.79e-01    -  1.00e+00 1.56e-02h  7
 507  2.0562449e-04 3.44e-04 7.01e+01  -4.1 1.52e-01    -  7.97e-03 9.54e-07h 21
 508  2.0475668e-04 1.49e-04 2.16e+02  -4.1 1.71e-02    -  1.00e+00 5.00e-01h  2
 509  2.0538745e-04 1.03e-04 2.16e+02  -4.1 1.77e-02    -  1.00e+00 2.50e-01h  3
iter    objective    inf_pr   inf_du lg(mu)  ||d||  lg(rg) alpha_du alpha_pr  ls
 510  2.0652513e-04 8.81e-05 1.19e+02  -4.1 1.46e-02    -  1.00e+00 1.25e-01h  4
 511  2.0606301e-04 8.81e-05 2.60e+02  -4.1 1.86e-01    -  9.27e-03 4.77e-07h 22
 512  2.0752187e-04 6.74e-05 5.41e+02  -4.1 4.79e-03    -  1.00e+00 2.50e-01h  3
 513  2.0785184e-04 6.53e-05 5.24e+02  -4.1 8.22e-03    -  1.00e+00 3.12e-02h  6
 514  2.0792678e-04 6.48e-05 5.20e+02  -4.1 8.71e-03    -  1.00e+00 7.81e-03h  8
 515  2.0796393e-04 6.45e-05 5.18e+02  -4.1 8.68e-03    -  1.00e+00 3.91e-03h  9
 516  2.0796855e-04 6.45e-05 5.18e+02  -4.1 8.66e-03    -  1.00e+00 4.88e-04h 12
 517  2.7047155e-03 6.45e-05 5.16e+02  -4.1 1.83e-01    -  1.00e+00 2.39e-03h  3
 518  5.2574601e-03 4.41e-05 7.88e+01  -4.1 7.95e-03    -  1.00e+00 1.00e+00h  1
 519  7.0565850e-04 2.26e-05 3.35e+01  -4.1 5.70e-03    -  5.37e-01 1.00e+00h  1
iter    objective    inf_pr   inf_du lg(mu)  ||d||  lg(rg) alpha_du alpha_pr  ls
 520  2.1849413e-03 3.70e-06 7.57e+00  -4.1 2.28e-03    -  1.00e+00 1.00e+00h  1
 521  7.4041535e-04 1.04e-05 1.29e+02  -4.1 7.16e-03    -  1.00e+00 1.00e+00H  1
 522  6.1308176e-04 1.16e-05 2.97e+01  -4.1 1.71e-02    -  1.00e+00 1.25e-01h  4
 523  3.3514847e-04 2.43e-06 4.63e+01  -4.1 1.53e-03    -  1.00e+00 1.00e+00h  1
 524  2.6662051e-04 2.11e-06 9.79e+01  -4.1 1.51e-02    -  1.00e+00 6.25e-02h  5
 525  2.1530843e-04 3.41e-06 4.76e+01  -4.1 1.14e-02    -  1.00e+00 1.25e-01h  4
 526  2.2863631e-04 1.22e-06 8.59e+01  -4.1 1.33e-03    -  1.00e+00 1.00e+00h  1
 527  2.6825602e-04 8.26e-07 5.91e+01  -4.0 1.25e-03    -  1.00e+00 1.00e+00H  1
 528  2.2921087e-04 8.01e-07 6.31e+01  -4.1 1.02e-03    -  1.00e+00 1.00e+00h  1
 529  2.2994886e-04 5.93e-07 7.59e+01  -4.1 1.06e-03    -  1.00e+00 5.00e-01h  2
iter    objective    inf_pr   inf_du lg(mu)  ||d||  lg(rg) alpha_du alpha_pr  ls
 530  2.2106643e-04 6.37e-05 7.40e+01  -4.1 9.87e-03    -  1.00e+00 1.00e+00h  1
 531  2.2678163e-04 1.39e-05 6.98e+01  -4.1 4.56e-03    -  1.00e+00 1.00e+00h  1
 532  2.1897936e-04 1.62e-05 7.04e+01  -4.1 4.91e-03    -  1.00e+00 1.00e+00h  1
 533  2.1427754e-04 2.30e-05 7.10e+01  -4.1 3.88e+00    -  2.37e-01 9.07e-04h  9
 534  2.1145643e-04 6.91e-05 7.10e+01  -4.1 1.04e+00    -  4.76e-01 1.00e-02h  7
 535  2.1118293e-04 1.19e-04 7.11e+01  -4.1 4.40e-02    -  1.00e+00 2.50e-01h  3
 536  2.1139826e-04 1.04e-04 7.03e+01  -4.1 8.21e-03    -  1.00e+00 1.25e-01h  4
 537  2.1145334e-04 1.01e-04 7.03e+01  -4.1 2.42e-02    -  1.00e+00 3.12e-02h  6
 538  2.1054604e-04 1.20e-04 7.03e+01  -4.1 7.02e-02    -  1.00e+00 1.25e-01h  4
 539  2.1192024e-04 1.41e-05 7.13e+01  -4.1 1.36e-02    -  1.00e+00 1.00e+00h  1
iter    objective    inf_pr   inf_du lg(mu)  ||d||  lg(rg) alpha_du alpha_pr  ls
 540  2.1005794e-04 4.14e-05 7.13e+01  -4.1 1.34e-02    -  1.00e+00 5.00e-01h  2
 541  2.0988142e-04 2.40e-05 7.02e+01  -4.1 1.83e-02    -  1.00e+00 2.50e-01h  3
 542  2.1053031e-04 3.23e-05 7.13e+01  -4.1 7.08e-03    -  1.00e+00 1.00e+00h  1
 543  2.0919545e-04 2.09e-05 7.13e+01  -4.1 8.39e-03    -  1.00e+00 5.00e-01h  2
 544  2.0813839e-04 1.20e-04 7.02e+01  -4.1 5.52e-02    -  1.00e+00 2.50e-01h  3
 545  2.0800022e-04 1.56e-04 7.02e+01  -4.1 1.94e-01    -  1.00e+00 6.25e-02h  5
 546  2.0707749e-04 5.12e-05 7.02e+01  -4.1 1.13e-02    -  1.00e+00 1.00e+00h  1
 547  2.0681080e-04 4.38e-05 7.13e+01  -4.1 2.01e-02    -  1.00e+00 2.50e-01h  3
 548  2.0784659e-04 4.09e-05 7.01e+01  -4.1 6.62e-02    -  1.00e+00 6.25e-02h  5
 549  2.0674027e-04 1.87e-05 7.02e+01  -4.1 4.78e-03    -  1.00e+00 1.00e+00h  1
iter    objective    inf_pr   inf_du lg(mu)  ||d||  lg(rg) alpha_du alpha_pr  ls
 550  2.0766213e-04 5.79e-06 7.13e+01  -4.1 5.94e-03    -  1.00e+00 1.00e+00H  1
 551  2.0757577e-04 5.20e-06 7.13e+01  -4.1 8.20e-03    -  1.00e+00 2.50e-01h  3
 552  2.0702984e-04 6.87e-06 7.13e+01  -4.1 2.90e-02    -  1.00e+00 6.25e-02h  5
 553  2.0780033e-04 2.01e-06 7.02e+01  -4.1 1.46e-03    -  1.00e+00 1.00e+00h  1
 554  2.0749323e-04 1.25e-06 7.02e+01  -4.1 1.23e-03    -  1.00e+00 1.00e+00h  1
 555  2.0729672e-04 1.30e-06 7.12e+01  -4.1 5.63e-02    -  1.00e+00 1.56e-02h  7
 556  2.0748047e-04 1.15e-06 7.02e+01  -4.1 1.42e-03    -  1.00e+00 1.00e+00h  1
 557  2.0741055e-04 5.65e-07 7.02e+01  -4.1 1.43e-03    -  1.00e+00 1.00e+00h  1
 558  2.0758430e-04 1.96e-07 7.11e+01  -4.1 1.24e-03    -  1.00e+00 1.00e+00H  1
 559  2.0752809e-04 8.64e-06 7.10e+01  -4.0 1.11e-02    -  1.00e+00 2.50e-01h  3
iter    objective    inf_pr   inf_du lg(mu)  ||d||  lg(rg) alpha_du alpha_pr  ls
 560  2.0740011e-04 8.22e-06 7.10e+01  -4.1 2.30e-02    -  1.00e+00 6.25e-02h  5
 561  2.0800480e-04 2.11e-06 7.01e+01  -4.1 3.80e-03    -  1.00e+00 1.00e+00H  1
 562  2.0706887e-04 4.37e-06 7.13e+01  -4.1 3.51e-03    -  1.00e+00 1.00e+00h  1
 563  2.0703508e-04 4.24e-06 7.13e+01  -4.1 1.22e-01    -  1.00e+00 7.81e-03h  8
 564  2.0702586e-04 7.10e-06 7.13e+01  -4.1 5.90e-03    -  1.00e+00 5.00e-01h  2
 565  2.0763492e-04 7.07e-06 7.02e+01  -4.1 1.62e-02    -  1.00e+00 1.25e-01h  4
 566  2.0725818e-04 6.86e-06 7.01e+01  -4.1 5.85e-03    -  1.00e+00 2.50e-01h  3
 567  2.0891249e-04 3.79e-06 7.12e+01  -4.1 6.90e-03    -  1.00e+00 1.00e+00H  1
 568  2.0852913e-04 3.32e-06 7.12e+01  -4.1 8.77e-03    -  1.00e+00 1.25e-01h  4
 569  2.0843294e-04 2.92e-06 7.02e+01  -4.1 2.42e-02    -  1.00e+00 1.25e-01h  4
iter    objective    inf_pr   inf_du lg(mu)  ||d||  lg(rg) alpha_du alpha_pr  ls
 570  2.0751026e-04 2.00e-06 7.01e+01  -4.1 4.38e-03    -  1.00e+00 5.00e-01h  2
 571  2.0695713e-04 4.52e-06 7.13e+01  -4.1 4.44e-03    -  1.00e+00 5.00e-01h  2
 572  2.0694512e-04 3.49e-06 7.13e+01  -4.1 1.65e-02    -  1.00e+00 1.25e-01h  4
 573  2.0690257e-04 1.56e-06 7.02e+01  -4.1 1.53e-03    -  1.00e+00 1.00e+00h  1
 574  2.0705740e-04 1.65e-06 7.12e+01  -4.1 1.44e-03    -  1.00e+00 1.00e+00h  1
 575  2.0686936e-04 2.05e-06 7.12e+01  -4.1 1.55e-03    -  1.00e+00 1.00e+00h  1
 576  2.0703674e-04 5.57e-07 7.02e+01  -4.1 9.24e-04    -  1.00e+00 1.00e+00h  1
 577  2.0696648e-04 8.09e-07 7.02e+01  -4.1 3.19e-03    -  1.00e+00 2.50e-01h  3
 578  2.0701629e-04 5.31e-07 7.12e+01  -4.1 9.84e-04    -  1.00e+00 5.00e-01h  2
 579  2.0701453e-04 3.84e-07 7.12e+01  -4.1 9.09e-04    -  1.00e+00 5.00e-01h  2
iter    objective    inf_pr   inf_du lg(mu)  ||d||  lg(rg) alpha_du alpha_pr  ls
 580  2.0700669e-04 3.45e-07 7.03e+01  -4.1 1.29e-02    -  1.00e+00 6.25e-02h  5
 581  2.0696027e-04 2.09e-07 7.02e+01  -4.1 1.42e-03    -  1.00e+00 5.00e-01h  2
 582  2.0693015e-04 2.22e-07 7.12e+01  -4.1 6.65e-03    -  1.00e+00 6.25e-02h  5
 583  2.0689754e-04 2.52e-07 7.02e+01  -4.1 6.08e-03    -  1.00e+00 6.25e-02h  5
 584  2.0686850e-04 1.71e-06 7.12e+01  -4.1 9.83e-03    -  1.00e+00 2.50e-01h  3
 585  2.0674259e-04 2.86e-06 7.12e+01  -4.1 3.71e-02    -  1.00e+00 6.25e-02h  5
 586  2.0660102e-04 5.18e-06 7.12e+01  -4.1 5.12e-02    -  1.00e+00 6.25e-02h  5
 587  2.0657722e-04 5.76e-06 7.02e+01  -4.1 2.04e-01    -  1.00e+00 7.81e-03h  8
 588  2.0640798e-04 5.73e-06 7.02e+01  -4.1 1.72e-02    -  1.00e+00 1.25e-01h  4
 589  2.0649156e-04 5.53e-06 7.02e+01  -4.1 5.88e-02    -  1.00e+00 3.12e-02h  6
iter    objective    inf_pr   inf_du lg(mu)  ||d||  lg(rg) alpha_du alpha_pr  ls
 590  2.0651904e-04 5.45e-06 7.12e+01  -4.1 4.86e-02    -  1.00e+00 1.56e-02h  7
 591  2.0647812e-04 5.49e-06 7.12e+01  -4.1 4.10e-02    -  1.00e+00 1.56e-02h  7
 592  2.0632642e-04 5.20e-06 7.12e+01  -4.1 2.59e-02    -  1.00e+00 6.25e-02h  5
 593  2.0636208e-04 3.76e-06 7.02e+01  -4.1 4.81e-03    -  1.00e+00 5.00e-01h  2
 594  2.0631527e-04 3.73e-06 7.12e+01  -4.1 5.51e-02    -  1.00e+00 1.56e-02h  7
 595  2.0637715e-04 3.21e-06 7.02e+01  -4.1 5.35e-03    -  1.00e+00 5.00e-01h  2
 596  2.0627084e-04 2.16e-06 7.02e+01  -4.1 3.16e-03    -  1.00e+00 1.00e+00h  1
 597  2.0625167e-04 2.12e-06 7.02e+01  -4.1 8.79e-02    -  1.00e+00 7.81e-03h  8
 598  2.0597241e-04 9.16e-06 7.13e+01  -4.1 6.18e-03    -  1.00e+00 5.00e-01h  2
 599  2.0586932e-04 9.48e-06 7.13e+01  -4.1 8.27e-03    -  1.00e+00 2.50e-01h  3
iter    objective    inf_pr   inf_du lg(mu)  ||d||  lg(rg) alpha_du alpha_pr  ls
 600  2.0570029e-04 7.85e-06 7.13e+01  -4.1 1.50e-02    -  1.00e+00 1.25e-01h  4
 601  2.0571990e-04 7.84e-06 7.02e+01  -4.1 2.16e-01    -  1.00e+00 4.88e-04h 12
 602  2.0606473e-04 1.87e-06 7.13e+01  -4.1 1.97e-03    -  1.00e+00 1.00e+00h  1
 603  2.0594910e-04 3.06e-06 7.13e+01  -4.1 1.27e-01    -  1.00e+00 1.56e-02h  7
 604  2.0602376e-04 1.71e-06 7.13e+01  -4.1 4.40e-03    -  1.00e+00 5.00e-01h  2
 605  2.0607216e-04 1.65e-06 7.02e+01  -4.1 6.46e-03    -  1.00e+00 1.25e-01h  4
 606  2.0595337e-04 2.22e-06 7.02e+01  -4.1 1.12e-02    -  1.00e+00 2.50e-01h  3
 607  2.0599223e-04 2.04e-06 7.02e+01  -4.1 4.31e-03    -  1.00e+00 5.00e-01h  2
 608  2.0597611e-04 2.05e-06 7.12e+01  -4.1 5.22e-02    -  1.00e+00 7.81e-03h  8
 609  2.0594312e-04 2.98e-06 7.12e+01  -4.1 1.83e-03    -  1.00e+00 1.00e+00h  1
iter    objective    inf_pr   inf_du lg(mu)  ||d||  lg(rg) alpha_du alpha_pr  ls
 610  2.0589518e-04 2.37e-06 7.12e+01  -4.1 4.16e-03    -  1.00e+00 2.50e-01h  3
 611  2.0609219e-04 1.75e-06 7.02e+01  -4.1 3.47e-03    -  1.00e+00 1.00e+00h  1
 612  2.0624323e-04 1.52e-06 7.12e+01  -4.1 7.30e-03    -  1.00e+00 2.50e-01h  3
 613  2.0596298e-04 2.75e-06 7.12e+01  -4.1 1.81e-01    -  1.00e+00 1.56e-02h  7
 614  2.0584737e-04 9.54e-07 7.13e+01  -4.1 2.76e-03    -  1.00e+00 1.00e+00h  1
 615  2.0606310e-04 7.13e-07 7.02e+01  -4.1 4.20e-03    -  1.00e+00 1.25e-01h  4
 616  2.0606633e-04 4.86e-07 7.02e+01  -4.1 1.32e-03    -  1.00e+00 5.00e-01h  2
 617  2.0587561e-04 8.03e-07 7.02e+01  -4.1 2.41e-02    -  1.00e+00 6.25e-02h  5
 618  2.0587658e-04 6.19e-07 7.02e+01  -4.1 4.33e-03    -  1.00e+00 1.25e-01h  4
 619  2.0593088e-04 6.65e-07 7.12e+01  -4.1 3.88e-03    -  1.00e+00 1.25e-01h  4
iter    objective    inf_pr   inf_du lg(mu)  ||d||  lg(rg) alpha_du alpha_pr  ls
 620  2.0589129e-04 4.34e-07 7.12e+01  -4.1 1.04e-03    -  1.00e+00 1.00e+00h  1
 621  2.0588138e-04 4.10e-07 7.02e+01  -4.1 7.48e-03    -  1.00e+00 6.25e-02h  5
 622  2.0585666e-04 4.09e-07 7.02e+01  -4.1 3.96e-02    -  1.00e+00 1.56e-02h  7
 623  2.0582452e-04 3.82e-07 7.02e+01  -4.1 1.39e-02    -  1.00e+00 6.25e-02h  5
 624  2.0576242e-04 5.05e-07 7.02e+01  -4.1 3.43e-02    -  1.00e+00 6.25e-02h  5
 625  2.0564550e-04 4.03e-06 7.02e+01  -4.1 2.26e-01    -  1.00e+00 3.12e-02h  6
 626  2.0563876e-04 4.64e-06 7.12e+01  -4.1 3.92e-01    -  1.00e+00 7.81e-03h  8
 627  2.0555339e-04 4.99e-06 7.12e+01  -4.1 3.77e-01    -  1.00e+00 7.81e-03h  8
 628  2.0550951e-04 5.01e-06 7.02e+01  -4.1 7.81e-02    -  1.00e+00 1.56e-02h  7
 629  2.0553410e-04 5.00e-06 7.12e+01  -4.1 2.58e-01    -  1.00e+00 3.91e-03h  9
iter    objective    inf_pr   inf_du lg(mu)  ||d||  lg(rg) alpha_du alpha_pr  ls
 630  2.0549987e-04 1.81e-06 7.12e+01  -4.1 4.36e-03    -  1.00e+00 1.00e+00h  1
 631  2.0543196e-04 2.11e-06 7.12e+01  -4.1 1.09e-01    -  1.00e+00 3.12e-02h  6
 632  2.0544557e-04 1.88e-06 7.02e+01  -4.1 1.23e-02    -  1.00e+00 1.25e-01h  4
 633  2.0543681e-04 1.91e-06 7.02e+01  -4.1 1.16e-01    -  1.00e+00 7.81e-03h  8
 634  2.0535505e-04 6.51e-06 7.02e+01  -4.1 1.43e-01    -  1.00e+00 6.25e-02h  5
 635  2.0526534e-04 8.33e-06 7.02e+01  -4.1 1.72e-01    -  1.00e+00 3.12e-02h  6
 636  2.0515483e-04 8.01e-06 7.12e+01  -4.1 2.71e-01    -  1.00e+00 7.81e-03h  8
 637  2.0504521e-04 8.01e-06 7.02e+01  -4.1 3.19e-01    -  1.00e+00 7.81e-03h  8
 638  2.0482926e-04 1.15e-05 7.12e+01  -4.1 5.87e-03    -  1.00e+00 1.00e+00h  1
 639  2.0489833e-04 1.12e-05 7.02e+01  -4.1 4.25e-02    -  1.00e+00 6.25e-02h  5
iter    objective    inf_pr   inf_du lg(mu)  ||d||  lg(rg) alpha_du alpha_pr  ls
 640  2.0434003e-04 1.21e-05 7.02e+01  -4.1 3.19e-02    -  1.00e+00 2.50e-01h  3
 641  2.0472658e-04 1.26e-05 7.02e+01  -4.1 5.10e-02    -  1.00e+00 6.25e-02h  5
 642  2.0466664e-04 1.01e-05 7.12e+01  -4.1 9.35e-03    -  1.00e+00 2.50e-01h  3
 643  2.0456508e-04 7.61e-06 7.02e+01  -4.1 1.03e-02    -  1.00e+00 2.50e-01h  3
 644  2.0449250e-04 7.66e-06 7.12e+01  -4.1 1.42e-01    -  1.00e+00 7.81e-03h  8
 645  2.0441884e-04 7.75e-06 7.02e+01  -4.1 1.68e-01    -  1.00e+00 1.56e-02h  7
 646  2.0441601e-04 7.61e-06 7.12e+01  -4.1 1.65e-01    -  1.00e+00 7.81e-03h  8
 647  2.0422021e-04 9.32e-06 7.12e+01  -4.1 2.58e-02    -  1.00e+00 1.25e-01h  4
 648  2.0455556e-04 1.22e-05 7.02e+01  -4.1 3.88e-03    -  1.00e+00 1.00e+00h  1
 649  2.0401507e-04 1.69e-05 7.02e+01  -4.1 8.81e-03    -  1.00e+00 5.00e-01h  2
iter    objective    inf_pr   inf_du lg(mu)  ||d||  lg(rg) alpha_du alpha_pr  ls
 650  2.0377268e-04 1.83e-05 7.13e+01  -4.1 2.05e-02    -  1.00e+00 1.25e-01h  4
 651  2.0388786e-04 1.78e-05 7.02e+01  -4.1 1.20e-01    -  1.00e+00 1.56e-02h  7
 652  2.0397371e-04 1.59e-05 7.13e+01  -4.1 2.09e-02    -  1.00e+00 1.25e-01h  4
 653  2.0404017e-04 1.57e-05 7.02e+01  -4.1 1.03e-01    -  1.00e+00 1.56e-02h  7
 654  2.0415962e-04 7.32e-06 7.13e+01  -4.1 3.72e-03    -  1.00e+00 1.00e+00h  1
 655  2.0425721e-04 6.65e-06 7.02e+01  -4.1 4.24e-02    -  1.00e+00 3.12e-02h  6
 656  2.0392239e-04 6.99e-06 7.02e+01  -4.1 7.34e-02    -  1.00e+00 3.12e-02h  6
 657  2.0391533e-04 6.90e-06 7.13e+01  -4.1 8.57e-02    -  1.00e+00 7.81e-03h  8
 658  2.0395330e-04 6.83e-06 7.02e+01  -4.1 1.78e-01    -  1.00e+00 7.81e-03h  8
 659  2.0512137e-04 1.27e-05 7.13e+01  -4.1 6.41e-03    -  1.00e+00 1.00e+00h  1
iter    objective    inf_pr   inf_du lg(mu)  ||d||  lg(rg) alpha_du alpha_pr  ls
 660  2.0497431e-04 1.29e-05 7.13e+01  -4.1 1.28e-01    -  1.00e+00 1.56e-02h  7
 661  2.0461141e-04 1.41e-05 7.13e+01  -4.1 1.79e-02    -  1.00e+00 1.25e-01h  4
 662  2.0446753e-04 1.41e-05 7.13e+01  -4.1 4.87e-01    -  1.00e+00 3.91e-03h  9
 663  2.0327986e-04 1.82e-05 7.01e+01  -4.1 2.02e-02    -  1.00e+00 2.50e-01h  3
 664  2.0287480e-04 2.72e-05 7.01e+01  -4.1 1.82e-02    -  1.00e+00 2.50e-01h  3
 665  2.0284969e-04 2.73e-05 7.13e+01  -4.1 3.80e-01    -  1.00e+00 1.95e-03h 10
 666  2.0353288e-04 1.04e-05 7.01e+01  -4.1 8.07e-03    -  1.00e+00 5.00e-01h  2
 667  2.0325342e-04 9.23e-06 7.02e+01  -4.1 2.81e-02    -  1.00e+00 1.25e-01h  4
 668  2.0359316e-04 7.38e-06 7.02e+01  -4.1 3.41e-03    -  1.00e+00 1.00e+00h  1
 669  2.0358617e-04 3.88e-06 7.13e+01  -4.1 4.69e-03    -  1.00e+00 5.00e-01h  2
iter    objective    inf_pr   inf_du lg(mu)  ||d||  lg(rg) alpha_du alpha_pr  ls
 670  2.0351630e-04 5.19e-06 7.13e+01  -4.1 4.45e-03    -  1.00e+00 5.00e-01h  2
 671  2.0330280e-04 5.01e-06 7.02e+01  -4.1 1.01e-02    -  1.00e+00 2.50e-01h  3
 672  2.0349522e-04 3.93e-06 7.13e+01  -4.1 1.00e-02    -  1.00e+00 1.25e-01h  4
 673  2.0359741e-04 1.95e-06 7.13e+01  -4.1 3.41e-03    -  1.00e+00 5.00e-01h  2
 674  2.0356476e-04 1.61e-06 7.02e+01  -4.1 5.79e-03    -  1.00e+00 2.50e-01h  3
 675  2.0410839e-04 1.05e-06 7.12e+01  -4.1 1.61e-03    -  1.00e+00 1.00e+00h  1
 676  2.0409833e-04 1.09e-06 7.12e+01  -4.1 1.71e-01    -  1.00e+00 3.91e-03h  9
 677  2.0340801e-04 4.47e-06 7.12e+01  -4.1 4.63e-03    -  1.00e+00 5.00e-01h  2
 678  2.0337865e-04 4.43e-06 7.02e+01  -4.1 8.01e-02    -  1.00e+00 3.91e-03h  9
 679  2.0334215e-04 4.59e-06 7.02e+01  -4.1 7.45e-02    -  1.00e+00 7.81e-03h  8
iter    objective    inf_pr   inf_du lg(mu)  ||d||  lg(rg) alpha_du alpha_pr  ls
 680  2.0337292e-04 3.61e-06 7.02e+01  -4.1 7.98e-03    -  1.00e+00 2.50e-01h  3
 681  2.0347365e-04 3.26e-06 7.12e+01  -4.1 7.47e-03    -  1.00e+00 1.25e-01h  4
 682  2.0407901e-04 1.53e-06 7.13e+01  -4.1 2.71e-03    -  1.00e+00 1.00e+00h  1
 683  2.0404795e-04 1.82e-06 7.02e+01  -4.1 3.28e-03    -  1.00e+00 1.00e+00h  1
 684  2.0370559e-04 2.16e-06 7.12e+01  -4.1 2.09e-03    -  1.00e+00 1.00e+00h  1
 685  2.0384397e-04 2.39e-06 7.03e+01  -4.1 5.18e-02    -  1.00e+00 1.56e-02h  7
 686  2.0387086e-04 5.84e-07 7.02e+01  -4.1 7.60e-04    -  1.00e+00 1.00e+00h  1
 687  2.0425613e-04 3.91e-07 7.12e+01  -4.1 2.10e-03    -  1.00e+00 1.00e+00H  1
 688  2.0410396e-04 4.34e-07 7.11e+01  -4.1 2.34e-03    -  1.00e+00 2.50e-01h  3
 689  2.0384507e-04 1.19e-06 7.01e+01  -4.1 1.71e-03    -  1.00e+00 1.00e+00h  1
iter    objective    inf_pr   inf_du lg(mu)  ||d||  lg(rg) alpha_du alpha_pr  ls
 690  2.0382897e-04 9.74e-07 7.01e+01  -4.1 6.80e-03    -  1.00e+00 1.25e-01h  4
 691  2.0388725e-04 2.75e-07 7.02e+01  -4.1 2.01e-03    -  1.00e+00 1.00e+00h  1
 692  2.0385032e-04 2.41e-07 7.12e+01  -4.1 1.71e-03    -  1.00e+00 2.50e-01h  3
 693  2.0385040e-04 1.96e-07 7.12e+01  -4.1 1.81e-03    -  1.00e+00 2.50e-01h  3
 694  2.0381497e-04 5.52e-07 7.02e+01  -4.1 2.16e-03    -  1.00e+00 5.00e-01h  2
 695  2.0375743e-04 5.77e-07 7.03e+01  -4.1 1.41e-03    -  1.00e+00 1.00e+00h  1
 696  2.0374396e-04 5.58e-07 7.03e+01  -4.1 2.64e-02    -  1.00e+00 3.12e-02h  6
 697  2.0376909e-04 3.97e-07 7.02e+01  -4.1 1.08e-03    -  1.00e+00 5.00e-01h  2
 698  2.0366906e-04 9.78e-07 7.12e+01  -4.1 3.33e-03    -  1.00e+00 2.50e-01h  3
 699  2.0383485e-04 3.33e-07 7.12e+01  -4.1 1.65e-03    -  1.00e+00 1.00e+00h  1
iter    objective    inf_pr   inf_du lg(mu)  ||d||  lg(rg) alpha_du alpha_pr  ls
 700  2.0380063e-04 3.38e-07 7.02e+01  -4.1 1.85e-02    -  1.00e+00 3.12e-02h  6
 701  2.0380075e-04 3.35e-07 7.02e+01  -4.1 3.64e-03    -  1.00e+00 1.56e-02h  7
 702  2.0373374e-04 3.25e-07 7.12e+01  -4.1 1.07e-01    -  1.00e+00 3.91e-03h  9
 703  2.0374088e-04 2.68e-07 7.12e+01  -4.1 1.27e-03    -  1.00e+00 2.50e-01h  3
 704  2.0374594e-04 2.64e-07 7.02e+01  -4.1 1.44e-02    -  1.00e+00 7.81e-03h  8
 705  2.0374879e-04 2.62e-07 7.02e+01  -4.1 3.44e-03    -  1.00e+00 3.12e-02h  6
 706  2.0373206e-04 3.78e-07 7.12e+01  -4.1 1.64e-02    -  1.00e+00 3.12e-02h  6
 707  2.0372088e-04 3.72e-07 7.12e+01  -4.1 5.95e-02    -  1.00e+00 7.81e-03h  8
 708  2.0370730e-04 3.52e-07 7.12e+01  -4.1 4.92e-03    -  1.00e+00 6.25e-02h  5
 709  2.0370360e-04 3.45e-07 7.12e+01  -4.1 7.96e-02    -  1.00e+00 7.81e-03h  8
iter    objective    inf_pr   inf_du lg(mu)  ||d||  lg(rg) alpha_du alpha_pr  ls
 710  2.0368355e-04 3.46e-07 7.12e+01  -4.1 1.59e-01    -  1.00e+00 1.95e-03h 10
 711  2.0366155e-04 4.30e-07 7.02e+01  -4.1 2.36e-02    -  1.00e+00 3.12e-02h  6
 712  2.0362521e-04 4.61e-07 7.02e+01  -4.1 1.35e-01    -  1.00e+00 3.91e-03h  9
 713  2.0362185e-04 4.65e-07 7.02e+01  -4.1 6.23e-02    -  1.00e+00 1.95e-03h 10
 714  2.0359894e-04 4.67e-07 7.02e+01  -4.1 1.35e-01    -  1.00e+00 1.95e-03h 10
 715  2.0353509e-04 1.16e-06 7.12e+01  -4.1 3.38e-02    -  1.00e+00 6.25e-02h  5
 716  2.0345847e-04 2.06e-06 7.12e+01  -4.1 5.54e-02    -  1.00e+00 3.12e-02h  6
 717  2.0340132e-04 2.69e-06 7.12e+01  -4.1 2.26e-02    -  1.00e+00 6.25e-02h  5
 718  2.0339002e-04 2.70e-06 7.12e+01  -4.1 1.57e-01    -  1.00e+00 1.95e-03h 10
 719  2.0330140e-04 2.42e-06 7.12e+01  -4.1 1.91e-01    -  1.00e+00 7.81e-03h  8
iter    objective    inf_pr   inf_du lg(mu)  ||d||  lg(rg) alpha_du alpha_pr  ls
 720  2.0319346e-04 3.03e-06 7.02e+01  -4.1 5.42e-02    -  1.00e+00 6.25e-02h  5
 721  2.0309942e-04 3.22e-06 7.02e+01  -4.1 8.13e-02    -  1.00e+00 3.12e-02h  6
 722  2.0308291e-04 3.43e-06 7.12e+01  -4.1 2.81e-01    -  1.00e+00 3.91e-03h  9
 723  2.0283754e-04 5.83e-06 7.02e+01  -4.1 3.32e-01    -  1.00e+00 1.56e-02h  7
 724  2.0266872e-04 8.35e-06 7.12e+01  -4.1 2.33e-01    -  1.00e+00 3.12e-02h  6
 725  2.0250990e-04 1.04e-05 7.12e+01  -4.1 3.84e-01    -  1.00e+00 1.56e-02h  7
 726  2.0215252e-04 1.43e-05 7.12e+01  -4.1 2.83e-01    -  1.00e+00 3.12e-02h  6
 727  2.0189140e-04 2.55e-05 7.12e+01  -4.1 4.51e-01    -  1.00e+00 3.12e-02h  6
 728  2.0175246e-04 3.16e-05 7.02e+01  -4.1 6.68e-01    -  1.00e+00 1.56e-02h  7
 729  2.0147630e-04 4.03e-05 7.12e+01  -4.1 3.63e-01    -  1.00e+00 3.12e-02h  6
iter    objective    inf_pr   inf_du lg(mu)  ||d||  lg(rg) alpha_du alpha_pr  ls
 730  2.0124664e-04 4.08e-05 7.02e+01  -4.1 1.78e-01    -  1.00e+00 3.12e-02h  6
 731  2.0114180e-04 4.08e-05 7.12e+01  -4.1 4.56e-01    -  1.00e+00 3.91e-03h  9
 732  2.0096013e-04 4.01e-05 7.02e+01  -4.1 1.27e-01    -  1.00e+00 3.12e-02h  6
 733  2.0097468e-04 3.50e-05 7.02e+01  -4.1 4.15e-02    -  1.00e+00 1.25e-01h  4
 734  2.0043596e-04 3.05e-06 7.13e+01  -4.1 4.72e-03    -  1.00e+00 1.00e+00h  1
 735  2.0035492e-04 5.98e-06 7.02e+01  -4.1 5.72e-02    -  1.00e+00 6.25e-02h  5
 736  2.0041969e-04 2.27e-06 7.12e+01  -4.1 5.18e-03    -  1.00e+00 1.00e+00h  1
 737  2.0030526e-04 2.41e-06 7.12e+01  -4.1 1.17e-01    -  1.00e+00 1.56e-02h  7
 738  2.0011993e-04 1.70e-06 7.12e+01  -4.1 5.58e-03    -  1.00e+00 2.50e-01h  3
 739  2.0016652e-04 1.59e-06 7.02e+01  -4.1 1.23e-02    -  1.00e+00 6.25e-02h  5
iter    objective    inf_pr   inf_du lg(mu)  ||d||  lg(rg) alpha_du alpha_pr  ls
 740  1.9997085e-04 2.19e-06 7.02e+01  -4.1 2.27e-02    -  1.00e+00 6.25e-02h  5
 741  1.9996844e-04 2.17e-06 7.02e+01  -4.1 4.66e-02    -  1.00e+00 7.81e-03h  8
 742  1.9986650e-04 1.97e-06 7.02e+01  -4.1 8.67e-02    -  1.00e+00 1.56e-02h  7
 743  1.9985393e-04 1.86e-06 7.02e+01  -4.1 1.25e-02    -  1.00e+00 6.25e-02h  5
 744  1.9966856e-04 2.68e-06 7.02e+01  -4.1 1.29e-01    -  1.00e+00 1.56e-02h  7
 745  1.9978684e-04 1.87e-06 7.12e+01  -4.1 2.48e-03    -  1.00e+00 5.00e-01h  2
 746  1.9978314e-04 1.87e-06 7.02e+01  -4.1 1.72e-02    -  1.00e+00 1.56e-02h  7
 747  2.0007280e-04 1.33e-06 7.12e+01  -4.1 2.23e-03    -  1.00e+00 1.00e+00H  1
 748  2.0020454e-04 1.74e-06 7.02e+01  -4.1 4.93e-02    -  1.00e+00 3.12e-02h  6
 749  1.9992080e-04 1.23e-06 7.12e+01  -4.1 8.91e-03    -  1.00e+00 1.25e-01h  4
iter    objective    inf_pr   inf_du lg(mu)  ||d||  lg(rg) alpha_du alpha_pr  ls
 750  2.0010586e-04 4.10e-07 7.02e+01  -4.1 3.53e-03    -  1.00e+00 1.00e+00H  1
 751  2.0060239e-04 6.40e-07 7.02e+01  -4.1 4.74e-03    -  1.00e+00 1.00e+00H  1
 752  1.9986102e-04 1.63e-06 7.12e+01  -4.1 4.19e-03    -  1.00e+00 1.00e+00h  1
 753  1.9981320e-04 1.80e-06 7.02e+01  -4.1 6.10e-02    -  1.00e+00 7.81e-03h  8
 754  1.9976262e-04 1.89e-06 7.12e+01  -4.1 1.59e-02    -  1.00e+00 6.25e-02h  5
 755  1.9973566e-04 9.72e-07 7.02e+01  -4.1 5.07e-03    -  1.00e+00 5.00e-01h  2
 756  1.9972494e-04 9.66e-07 7.12e+01  -4.1 4.00e-02    -  1.00e+00 7.81e-03h  8
 757  1.9969530e-04 1.04e-06 7.12e+01  -4.1 9.67e-03    -  1.00e+00 6.25e-02h  5
 758  1.9951882e-04 1.28e-06 7.02e+01  -4.1 7.58e-03    -  1.00e+00 2.50e-01h  3
 759  1.9951029e-04 1.29e-06 7.02e+01  -4.1 1.19e-01    -  1.00e+00 3.91e-03h  9
iter    objective    inf_pr   inf_du lg(mu)  ||d||  lg(rg) alpha_du alpha_pr  ls
 760  1.9952514e-04 1.31e-06 7.12e+01  -4.1 2.67e-02    -  1.00e+00 7.81e-03h  8
 761  1.9955098e-04 1.21e-06 7.12e+01  -4.1 1.38e-02    -  1.00e+00 6.25e-02h  5
 762  1.9953599e-04 1.19e-06 7.12e+01  -4.1 4.61e-02    -  1.00e+00 7.81e-03h  8
 763  1.9947759e-04 1.38e-06 7.12e+01  -4.1 1.25e-01    -  1.00e+00 1.56e-02h  7
 764  1.9937953e-04 1.64e-06 7.12e+01  -4.1 1.52e-01    -  1.00e+00 7.81e-03h  8
 765  1.9939146e-04 1.64e-06 7.12e+01  -4.1 2.14e-02    -  1.00e+00 3.12e-02h  6
 766  1.9931635e-04 1.93e-06 7.12e+01  -4.1 3.85e-02    -  1.00e+00 3.12e-02h  6
 767  1.9931279e-04 1.93e-06 7.02e+01  -4.1 2.11e+00    -  8.18e-03 1.92e-08h 26
 768  1.9942890e-04 1.70e-06 7.07e+01  -4.1 1.11e-02    -  1.00e+00 1.25e-01h  4
 769  1.9969263e-04 9.76e-07 7.05e+01  -4.1 6.88e-03    -  1.00e+00 5.00e-01h  2
iter    objective    inf_pr   inf_du lg(mu)  ||d||  lg(rg) alpha_du alpha_pr  ls
 770  1.9939431e-04 1.20e-06 7.05e+01  -4.1 2.32e-01    -  1.00e+00 1.56e-02h  7
 771  1.9925734e-04 1.25e-06 7.04e+01  -4.1 1.10e-01    -  1.00e+00 1.56e-02h  7
 772  1.9941871e-04 1.14e-06 7.04e+01  -4.1 7.12e-03    -  1.00e+00 2.50e-01h  3
 773  1.9941528e-04 1.14e-06 7.11e+01  -4.1 8.55e-02    -  1.00e+00 1.07e-07h 22
 774  1.9948428e-04 2.20e-07 9.08e+01  -4.1 2.22e-04    -  1.00e+00 1.00e+00h  1
 775  1.9985583e-04 2.75e-07 5.89e+01  -4.1 8.65e-04    -  1.00e+00 1.00e+00H  1
 776  1.9975760e-04 7.34e-08 5.50e+01  -4.1 2.89e-04    -  1.00e+00 1.00e+00h  1
 777  1.9974499e-04 1.83e-08 5.19e+01  -4.1 2.29e-04    -  1.00e+00 1.00e+00h  1
 778  1.9988405e-04 1.36e-09 8.71e+01  -4.1 9.76e-04    -  1.00e+00 1.00e+00H  1
 779  1.9986491e-04 9.84e-08 8.67e+01  -4.1 1.44e-03    -  1.00e+00 2.50e-01h  3
iter    objective    inf_pr   inf_du lg(mu)  ||d||  lg(rg) alpha_du alpha_pr  ls
 780  1.9984706e-04 9.84e-08 5.47e+01  -4.1 4.65e-02    -  1.00e+00 3.05e-05h 16
 781  1.9993134e-04 1.45e-10 8.60e+01  -4.1 9.11e-04    -  1.00e+00 1.00e+00H  1
 782  1.9992535e-04 2.13e-09 8.60e+01  -4.1 2.11e-01    -  1.00e+00 2.44e-04h 13
 783  1.9991808e-04 5.69e-09 8.60e+01  -4.1 8.80e-03    -  1.00e+00 7.81e-03h  8
 784  1.9973762e-04 3.58e-08 5.54e+01  -4.1 1.07e-02    -  1.00e+00 1.25e-01h  4
 785  1.9910892e-04 7.44e-05 5.52e+01  -4.1 5.44e-01    -  1.00e+00 3.12e-02h  6
 786  1.9859261e-04 6.44e-05 5.62e+01  -4.1 4.17e-02    -  1.00e+00 1.25e-01h  4
 787  1.9884677e-04 6.40e-05 5.63e+01  -4.1 2.51e-01    -  1.00e+00 7.81e-03h  8
 788  1.9904520e-04 6.37e-05 5.64e+01  -4.1 2.37e-01    -  1.00e+00 3.91e-03h  9
 789  1.9916077e-04 6.36e-05 5.64e+01  -4.1 2.30e-01    -  1.00e+00 1.95e-03h 10
iter    objective    inf_pr   inf_du lg(mu)  ||d||  lg(rg) alpha_du alpha_pr  ls
 790  1.9914792e-04 6.36e-05 8.50e+01  -4.1 1.52e-01    -  4.51e-02 5.96e-08h 25
 791  1.9854930e-04 4.23e-06 1.12e+03  -4.1 2.71e-03    -  1.00e+00 1.00e+00h  1
 792  1.9911708e-04 4.35e-06 7.44e+02  -4.1 2.27e-03    -  1.00e+00 1.00e+00h  1
 793  1.9925682e-04 4.52e-06 7.32e+02  -4.1 3.71e-02    -  1.00e+00 1.56e-02h  7
 794  1.9926193e-04 4.52e-06 7.32e+02  -4.1 4.22e-02    -  1.00e+00 4.88e-04h 12
 795  1.9926225e-04 4.52e-06 7.32e+02  -4.1 4.24e-02    -  1.00e+00 3.05e-05h 16
 796  1.9922382e-04 4.52e-06 7.32e+02  -4.1 1.29e-01    -  1.00e+00 5.80e-07h 17
 797  1.9924624e-04 4.50e-06 7.29e+02  -4.1 6.70e-03    -  1.00e+00 7.81e-03h  8
 798  1.9925840e-04 4.49e-06 7.28e+02  -4.1 4.15e-02    -  1.00e+00 9.77e-04h 11
 799  1.9925993e-04 4.49e-06 7.28e+02  -4.1 4.19e-02    -  1.00e+00 1.22e-04h 14
iter    objective    inf_pr   inf_du lg(mu)  ||d||  lg(rg) alpha_du alpha_pr  ls
 800  1.9926070e-04 4.49e-06 7.28e+02  -4.1 4.19e-02    -  1.00e+00 6.10e-05h 15
 801  1.9920016e-04 4.49e-06 7.28e+02  -4.1 1.38e-01    -  6.29e-02 4.77e-07h 22
 802  1.9923633e-04 4.47e-06 7.24e+02  -4.1 1.76e-02    -  1.00e+00 7.81e-03h  8
 803  1.9925669e-04 4.46e-06 7.22e+02  -4.1 4.22e-02    -  1.00e+00 1.95e-03h 10
 804  1.9925929e-04 4.46e-06 7.22e+02  -4.1 4.30e-02    -  1.00e+00 2.44e-04h 13
 805  1.9926059e-04 4.46e-06 7.22e+02  -4.1 4.31e-02    -  1.00e+00 1.22e-04h 14
 806  1.9925845e-04 4.46e-06 7.22e+02  -4.1 1.10e-01    -  1.00e+00 4.07e-08h 21
 807  1.9925972e-04 4.45e-06 7.21e+02  -4.1 8.26e-04    -  1.00e+00 3.91e-03h  9
 808  1.9926038e-04 4.45e-06 7.21e+02  -4.1 3.89e-02    -  1.00e+00 6.10e-05h 15
 809  1.9926072e-04 4.45e-06 7.21e+02  -4.1 3.89e-02    -  1.00e+00 3.05e-05h 16
iter    objective    inf_pr   inf_du lg(mu)  ||d||  lg(rg) alpha_du alpha_pr  ls
 810  1.9926088e-04 4.45e-06 7.21e+02  -4.1 3.89e-02    -  1.00e+00 1.53e-05h 17
 811  1.9926065e-04 4.45e-06 7.21e+02  -4.1 1.22e-01    -  7.28e-02 5.96e-08h 25
 812  1.9926092e-04 4.45e-06 7.21e+02  -4.1 7.32e-03    -  1.00e+00 1.22e-04h 14
 813  1.9926099e-04 4.45e-06 7.21e+02  -4.1 3.88e-02    -  1.00e+00 7.63e-06h 18
 814  1.9926103e-04 4.45e-06 7.21e+02  -4.1 3.88e-02    -  1.00e+00 3.81e-06h 19
 815  2.3355050e-04 1.07e-03 3.70e+02  -4.1 3.88e-02    -  1.00e+00 1.00e+00s 22
 816  1.0233874e-02 1.06e-03 2.26e+02  -4.1 6.68e-02    -  8.23e-03 8.23e-03s 22
 817  5.3155038e-03 2.59e-04 1.62e+02  -4.1 1.90e-02    -  1.00e+00 1.00e+00s 22
 818  3.7333399e-03 1.07e-04 4.99e+01  -4.1 9.14e-03    -  6.91e-01 6.91e-01s 22
 819r 3.7333399e-03 1.07e-04 9.99e+02  -4.0 0.00e+00    -  0.00e+00 0.00e+00R  1
iter    objective    inf_pr   inf_du lg(mu)  ||d||  lg(rg) alpha_du alpha_pr  ls
 820r 1.0132885e-02 7.97e-05 5.92e+01  -3.3 7.04e-01    -  1.00e+00 2.70e-04f  1
 821r 9.9798713e-03 1.34e-05 5.75e-01  -4.0 4.50e-03    -  9.90e-01 9.49e-01f  1
 822r 7.3517943e-03 2.91e-05 4.87e-04  -4.0 6.55e-03    -  1.00e+00 1.00e+00f  1
 823r 1.0197337e-02 1.34e-05 4.31e-01  -4.0 1.67e-02    -  1.00e+00 3.30e-01H  1
 824r 5.0594051e-03 1.88e-05 6.11e-04  -4.0 5.32e-03    -  1.00e+00 1.00e+00f  1
 825r 5.9766822e-04 2.72e-07 1.29e-03  -4.0 7.15e-04    -  1.00e+00 1.00e+00h  1
 826r 5.3346421e-04 3.93e-06 7.60e-03  -4.0 2.63e-03    -  1.00e+00 1.00e+00h  1
 827r 1.0496981e-03 6.27e-06 6.23e-03  -4.1 3.02e-03    -  1.00e+00 1.00e+00f  1
 828r 1.1632538e-03 5.68e-06 5.40e-03  -4.0 2.31e-03    -  1.00e+00 1.00e+00f  1
 829r 4.3219688e-04 2.12e-06 2.46e-03  -4.1 1.58e-03    -  1.00e+00 1.00e+00f  1
iter    objective    inf_pr   inf_du lg(mu)  ||d||  lg(rg) alpha_du alpha_pr  ls
 830r 4.5388841e-04 1.42e-06 9.62e-04  -4.0 1.36e-03    -  1.00e+00 1.00e+00f  1
 831r 2.4825985e-04 9.08e-08 1.56e-04  -4.1 3.68e-04    -  1.00e+00 1.00e+00f  1
 832r 2.2610744e-04 2.51e-08 3.77e-04  -4.0 3.00e-04    -  1.00e+00 1.00e+00f  1
 833r 2.4684208e-04 7.59e-09 4.11e-05  -4.0 1.79e-04    -  1.00e+00 1.00e+00h  1
 834r 2.5106179e-04 8.37e-10 8.64e-05  -4.0 3.06e-05    -  1.00e+00 1.00e+00h  1
 835r 2.4964424e-04 4.44e-10 9.38e-06  -4.0 2.13e-05    -  1.00e+00 1.00e+00h  1
 836r 2.4981643e-04 2.01e-10 9.85e-06  -4.0 2.06e-06    -  1.00e+00 1.00e+00h  1
 837r 2.4977048e-04 2.01e-10 3.14e-06  -4.0 1.09e-06    -  1.00e+00 1.00e+00h  1
 838r 2.4976415e-04 2.01e-10 1.79e-06  -4.0 4.24e-07    -  1.00e+00 1.00e+00h  1
 839r 2.6850789e-04 6.71e-09 9.55e-05  -4.1 1.30e-04    -  1.00e+00 1.00e+00f  1
iter    objective    inf_pr   inf_du lg(mu)  ||d||  lg(rg) alpha_du alpha_pr  ls
 840r 2.3216608e-04 2.05e-08 1.13e-04  -4.0 2.35e-04    -  1.00e+00 1.00e+00f  1
 841r 2.6284303e-04 1.89e-08 1.03e-04  -4.1 2.14e-04    -  1.00e+00 1.00e+00f  1
 842r 3.7018191e-04 1.67e-07 1.26e-03  -6.1 6.56e-04    -  1.00e+00 1.00e+00f  1
 843r 1.1166267e-02 3.91e-04 1.12e-01  -4.0 4.34e-02    -  1.00e+00 1.00e+00f  1
 844r 8.5915021e-03 7.62e-04 7.96e-02  -4.1 4.03e-02    -  1.00e+00 1.00e+00h  1
 845r 2.2465089e-02 1.96e-04 1.53e-03  -4.1 1.77e-02    -  1.00e+00 1.00e+00h  1
 846r 4.2944783e-03 5.11e-05 1.56e-03  -6.1 6.39e-03    -  1.00e+00 1.00e+00f  1
 847r 3.0027474e-03 6.86e-06 4.15e-04  -6.1 3.24e-03    -  1.00e+00 1.00e+00h  1
 848r 3.0497473e-03 1.10e-06 1.29e-04  -6.1 1.25e-03    -  1.00e+00 1.00e+00h  1
 849r 1.9491984e-03 1.61e-06 1.04e-04  -6.1 1.62e-03    -  1.00e+00 1.00e+00h  1
iter    objective    inf_pr   inf_du lg(mu)  ||d||  lg(rg) alpha_du alpha_pr  ls
 850r 2.0547295e-03 5.17e-07 8.32e-05  -6.1 7.35e-04    -  1.00e+00 1.00e+00h  1
 851r 8.0445643e-04 7.04e-07 2.12e-05  -6.1 1.70e-03    -  1.00e+00 1.00e+00h  1
 852r 1.7510982e-03 8.41e-07 4.37e-05  -9.0 1.17e-03    -  1.00e+00 1.00e+00h  1
 853r 1.8872424e+00 2.44e+00 3.34e+00  -4.0 3.23e+00    -  1.00e+00 6.25e-01f  1
 854r 8.4342196e-01 1.13e+00 2.32e+00  -4.2 1.21e+00    -  2.60e-04 1.00e+00h  1
 855r 8.0559736e-01 8.70e-02 8.69e-02  -4.2 1.08e+00    -  1.00e+00 1.00e+00h  1
 856r 1.1181536e+00 2.07e-01 5.31e-02  -4.2 5.93e-01    -  8.30e-01 1.00e+00h  1
 857r 1.2859230e+01 2.36e-01 1.97e-02  -4.2 7.18e-01    -  1.00e+00 1.00e+00h  1
 858r 6.9399880e+00 5.89e-02 7.70e-03  -4.2 2.31e-01    -  1.00e+00 1.00e+00h  1
 859r 2.1840238e+00 1.75e-02 7.89e-03  -4.2 1.53e-01    -  1.00e+00 1.00e+00h  1
iter    objective    inf_pr   inf_du lg(mu)  ||d||  lg(rg) alpha_du alpha_pr  ls
 860r 8.7792217e-03 2.45e-03 4.91e-03  -4.2 5.66e-02    -  1.00e+00 1.00e+00h  1
 861r 1.0512827e+00 2.62e-03 2.30e-03  -4.2 8.00e-02    -  1.00e+00 1.00e+00h  1
 862r 2.8055109e-01 1.36e-03 1.51e-03  -4.2 3.55e-02    -  1.00e+00 1.00e+00h  1
 863r 4.8264506e-02 1.75e-04 2.36e-03  -4.2 1.86e-02    -  1.00e+00 1.00e+00h  1
 864r 8.2407512e-03 4.47e-05 4.20e-04  -6.3 7.74e-03    -  1.00e+00 1.00e+00f  1
 865r 3.8740050e-04 5.39e-06 6.77e-05  -6.3 2.03e-03    -  1.00e+00 1.00e+00h  1
 866r 1.4322579e-03 2.17e-07 1.80e-05  -6.3 4.61e-04    -  1.00e+00 1.00e+00h  1
 867r 1.6593884e-01 3.88e-02 9.26e-01  -4.0 1.82e-01    -  1.00e+00 1.00e+00f  1
 868r 8.6282631e-02 8.05e-03 2.46e-01  -4.1 9.09e-02    -  1.00e+00 1.00e+00h  1
 869r 6.4092368e-02 9.14e-03 1.32e-01  -4.1 1.07e-01    -  1.00e+00 1.00e+00h  1
iter    objective    inf_pr   inf_du lg(mu)  ||d||  lg(rg) alpha_du alpha_pr  ls
 870r 7.7840010e-02 2.89e-03 2.75e-02  -4.1 7.02e-02    -  1.00e+00 1.00e+00h  1
 871r 1.3918565e-01 8.77e-04 5.99e-03  -4.1 3.61e-02    -  1.00e+00 1.00e+00h  1
 872r 1.2396101e-01 4.73e-04 2.66e-03  -4.1 2.71e-02    -  1.00e+00 1.00e+00h  1
 873r 5.7085069e-03 2.31e-05 1.56e-03  -6.1 5.57e-03    -  1.00e+00 1.00e+00f  1
 874r 6.3493213e-03 3.15e-06 7.34e-04  -6.1 1.57e-03    -  1.00e+00 1.00e+00h  1
 875r 4.3051376e-03 2.47e-06 9.41e-05  -6.1 1.18e-03    -  1.00e+00 1.00e+00h  1
 876r 1.9255303e-03 1.81e-05 4.31e-05  -6.1 3.43e-03    -  1.00e+00 1.00e+00h  1
 877r 1.0896175e-03 1.11e-06 3.85e-05  -6.1 1.02e-03    -  1.00e+00 1.00e+00h  1
 878r 3.4233141e-03 1.16e-05 2.53e-05  -9.0 3.55e-03    -  9.96e-01 1.00e+00h  1
 879r 3.0768598e+00 1.56e+00 2.74e+00  -4.0 1.23e+00    -  1.00e+00 1.00e+00f  1
iter    objective    inf_pr   inf_du lg(mu)  ||d||  lg(rg) alpha_du alpha_pr  ls
 880r 1.1888695e+00 5.32e-01 1.16e+00  -4.1 3.84e-01    -  1.00e+00 1.00e+00h  1
 881r 1.0356469e+00 1.19e-01 2.19e-01  -4.1 6.48e-01    -  1.00e+00 1.00e+00h  1
 882r 1.1293858e+00 1.29e-01 3.04e-02  -4.1 4.93e-01    -  1.00e+00 1.00e+00h  1
 883r 3.5527599e+00 1.84e-02 8.54e-03  -4.1 2.11e-01    -  1.00e+00 1.00e+00h  1
 884r 2.0977354e+00 8.64e-03 2.37e-03  -4.1 1.29e-01    -  1.00e+00 1.00e+00h  1
 885r 1.1378995e-01 4.12e-04 1.64e-03  -4.1 2.77e-02    -  1.00e+00 1.00e+00h  1
 886r 3.4711029e-03 6.08e-05 8.55e-04  -6.1 6.53e-03    -  1.00e+00 1.00e+00f  1
 887r 3.1910825e-03 4.46e-05 5.26e-05  -6.1 6.74e-03    -  1.00e+00 1.00e+00h  1
 888r 1.7357721e-03 1.74e-06 6.00e-05  -6.1 1.14e-03    -  1.00e+00 1.00e+00h  1
 889r 7.6961196e-04 9.36e-06 9.24e-05  -6.1 3.77e-03    -  1.00e+00 1.00e+00h  1
iter    objective    inf_pr   inf_du lg(mu)  ||d||  lg(rg) alpha_du alpha_pr  ls
 890r 1.0129848e-03 8.42e-06 1.26e-04  -6.1 3.51e-03    -  1.00e+00 1.00e+00h  1
 891r 1.1530296e-03 1.41e-06 6.95e-05  -6.1 1.50e-03    -  1.00e+00 1.00e+00h  1
 892r 1.1329966e-03 1.33e-07 7.21e-06  -6.1 4.52e-04    -  1.00e+00 1.00e+00h  1
 893r 2.0118195e-03 9.16e-07 4.88e-05  -9.0 1.14e-03    -  1.00e+00 1.00e+00f  1
 894r 1.1348353e+00 9.14e-01 1.26e+00  -4.0 2.72e+00    -  1.00e+00 3.32e-01f  1
 895r 9.6953755e-01 2.49e-01 3.98e-01  -4.4 4.49e-01    -  1.00e+00 1.00e+00h  1
 896r 8.7287851e-01 1.54e-01 5.21e-02  -4.4 3.36e-01    -  6.70e-01 1.00e+00h  1
 897r 7.1916553e-01 1.08e-01 3.83e-02  -4.4 3.41e-01    -  1.00e+00 1.00e+00h  1
 898r 6.8391932e-01 1.09e-01 1.36e-02  -4.4 4.82e-01    -  1.00e+00 1.00e+00h  1
 899r 2.1219602e-01 1.82e-02 1.08e-02  -4.4 1.44e-01    -  1.00e+00 1.00e+00h  1
iter    objective    inf_pr   inf_du lg(mu)  ||d||  lg(rg) alpha_du alpha_pr  ls
 900r 5.1643040e-01 1.18e-02 5.91e-03  -4.4 1.34e-01    -  1.00e+00 1.00e+00h  1
 901r 3.8250793e-01 2.25e-03 1.99e-03  -4.4 4.65e-02    -  1.00e+00 1.00e+00h  1
 902r 1.4031241e-02 4.19e-04 1.74e-03  -4.4 2.59e-02    -  1.00e+00 1.00e+00h  1
 903r 1.1654604e-01 9.48e-04 1.70e-02  -4.4 3.73e-02    -  1.00e+00 1.00e+00h  1
 904r 7.4790409e-02 3.08e-04 3.45e-03  -4.4 2.08e-02    -  1.00e+00 1.00e+00h  1
 905r 2.1067217e-02 8.76e-05 1.55e-03  -4.4 1.13e-02    -  1.00e+00 1.00e+00h  1
 906r 1.1131903e-03 2.52e-06 3.03e-04  -6.6 1.97e-03    -  1.00e+00 1.00e+00f  1
 907r 1.7119599e-03 1.26e-08 3.97e-05  -6.6 1.32e-04    -  1.00e+00 1.00e+00h  1
 908r 2.2080510e-01 4.75e-02 1.32e+00  -4.0 2.42e-01    -  1.00e+00 1.00e+00f  1
 909r 1.1433101e-01 1.38e-02 3.35e-01  -4.1 1.19e-01    -  1.00e+00 1.00e+00h  1
iter    objective    inf_pr   inf_du lg(mu)  ||d||  lg(rg) alpha_du alpha_pr  ls
 910r 7.1802567e-02 2.96e-03 8.09e-02  -4.1 6.32e-02    -  1.00e+00 1.00e+00h  1
 911r 6.6171158e-02 8.16e-04 1.91e-02  -4.1 3.18e-02    -  1.00e+00 1.00e+00h  1
 912r 8.6063894e-02 3.50e-04 4.74e-03  -4.1 2.01e-02    -  1.00e+00 1.00e+00h  1
 913r 4.6561449e-02 2.74e-04 9.83e-03  -4.1 1.73e-02    -  1.00e+00 1.00e+00h  1
 914r 3.9513031e-02 1.64e-04 4.22e-03  -4.1 1.45e-02    -  1.00e+00 1.00e+00h  1
 915r 1.9348756e-03 5.30e-06 5.28e-04  -6.1 3.39e-03    -  1.00e+00 1.00e+00f  1
 916r 3.4798806e-04 5.15e-08 7.04e-05  -6.1 2.71e-04    -  1.00e+00 1.00e+00h  1
 917r 3.1405917e-04 5.72e-06 4.22e-05  -6.1 2.75e-03    -  1.00e+00 1.00e+00h  1
 918r 1.0872753e-03 3.93e-05 1.28e-04  -6.1 7.16e-03    -  1.00e+00 1.00e+00h  1
 919r 1.3880490e-03 2.34e-06 1.09e-04  -6.1 1.63e-03    -  1.00e+00 1.00e+00h  1
iter    objective    inf_pr   inf_du lg(mu)  ||d||  lg(rg) alpha_du alpha_pr  ls
 920r 5.3384552e-04 1.20e-06 6.68e-05  -6.1 1.12e-03    -  1.00e+00 1.00e+00h  1
 921r 1.0572059e-03 6.34e-07 2.61e-05  -6.1 7.16e-04    -  1.00e+00 1.00e+00h  1
 922r 2.0542762e-03 9.39e-07 3.70e-05  -9.0 1.10e-03    -  1.00e+00 1.00e+00h  1
 923r 2.5704178e-03 3.13e-08 9.78e-07  -9.0 2.28e-04    -  1.00e+00 1.00e+00h  1
 924r 1.5061098e+00 1.68e+00 1.01e+00  -4.0 2.69e+01    -  1.00e+00 5.22e-02f  1
 925r 1.3974651e+00 4.76e-01 1.06e+00  -4.6 8.14e-01    -  1.01e-03 1.00e+00h  1
 926r 1.3828091e+00 9.71e-02 1.87e-02  -4.6 7.73e-01    -  1.00e+00 1.00e+00h  1
 927r 2.7067717e+00 5.12e-02 9.21e-03  -4.6 2.46e-01    -  6.07e-01 1.00e+00h  1
 928r 1.2164026e-02 3.39e-02 8.06e-03  -4.6 1.33e-01    -  1.00e+00 3.37e-01h  1
 929r 2.7185831e+00 2.02e-02 4.36e-03  -4.6 1.95e-01    -  1.00e+00 1.00e+00f  1
iter    objective    inf_pr   inf_du lg(mu)  ||d||  lg(rg) alpha_du alpha_pr  ls
 930r 1.5226427e-02 8.25e-03 4.58e-03  -4.6 7.87e-02    -  1.00e+00 6.47e-01h  1
 931r 1.4303305e+00 6.00e-03 1.97e-03  -4.6 9.89e-02    -  1.00e+00 1.00e+00f  1
 932r 2.8807440e-01 5.26e-03 1.95e-03  -4.6 7.39e-02    -  1.00e+00 1.00e+00h  1
 933r 9.2344388e-02 2.34e-03 3.50e-03  -4.6 6.07e-02    -  1.00e+00 1.00e+00h  1
 934r 1.4150885e-01 7.84e-04 2.33e-03  -4.6 3.16e-02    -  1.00e+00 1.00e+00h  1
 935r 6.9231108e-02 2.25e-04 8.50e-04  -4.6 1.91e-02    -  1.00e+00 1.00e+00h  1
 936r 2.0193303e-03 1.32e-05 1.77e-04  -6.9 4.16e-03    -  1.00e+00 1.00e+00f  1
 937r 1.5681051e-03 2.43e-07 3.84e-05  -6.9 4.32e-04    -  1.00e+00 1.00e+00h  1
 938r 1.7322321e-03 3.27e-08 9.87e-06  -6.9 2.05e-04    -  1.00e+00 1.00e+00h  1
 939r 4.8063249e-01 2.05e-01 3.60e+00  -4.0 6.18e-01    -  1.00e+00 1.00e+00f  1
iter    objective    inf_pr   inf_du lg(mu)  ||d||  lg(rg) alpha_du alpha_pr  ls
 940r 2.3939990e-01 6.39e-02 9.51e-01  -4.1 2.98e-01    -  1.00e+00 1.00e+00h  1
 941r 1.4676457e-01 2.65e-02 2.51e-01  -4.1 1.91e-01    -  1.00e+00 1.00e+00h  1
 942r 1.7861663e-01 8.27e-03 1.12e-02  -4.1 8.64e-02    -  1.00e+00 1.00e+00h  1
 943r 2.4079296e+00 2.72e-02 5.13e-03  -4.1 1.70e-01    -  1.00e+00 1.00e+00h  1
 944r 3.6026857e-01 7.76e-03 3.79e-03  -4.1 6.42e-02    -  1.00e+00 1.00e+00h  1
 945r 7.4008545e-03 1.81e-03 7.83e-03  -4.1 3.47e-02    -  1.00e+00 7.63e-01h  1
 946r 2.6471637e-01 7.63e-04 2.05e-02  -4.1 3.99e-02    -  1.00e+00 1.00e+00f  1
 947r 1.0415362e-01 5.02e-04 8.75e-03  -4.1 2.88e-02    -  1.00e+00 1.00e+00h  1
 948r 6.2565174e-02 1.41e-04 4.92e-03  -4.1 1.76e-02    -  1.00e+00 1.00e+00h  1
 949r 1.2190426e-03 2.51e-05 7.50e-03  -4.1 6.28e-03    -  1.00e+00 1.00e+00h  1
iter    objective    inf_pr   inf_du lg(mu)  ||d||  lg(rg) alpha_du alpha_pr  ls
 950r 6.6451065e-04 5.23e-06 6.33e-02  -4.1 1.66e-02    -  1.00e+00 1.00e+00H  1
 951r 1.7900997e-03 8.86e-05 5.09e-02  -4.1 9.25e-03    -  1.00e+00 1.00e+00h  1
 952r 1.8731407e-03 9.59e-05 7.06e-03  -4.1 1.09e-02    -  1.00e+00 1.00e+00h  1
 953r 1.6411446e-03 3.89e-05 2.07e-02  -4.1 5.82e-03    -  1.00e+00 1.00e+00h  1
 954r 1.9009496e-03 2.83e-05 2.07e-03  -4.1 5.35e-03    -  1.00e+00 1.00e+00h  1
 955r 3.2898472e-04 4.19e-07 2.03e-03  -6.1 6.56e-04    -  1.00e+00 1.00e+00f  1
 956r 4.2390392e-04 1.94e-06 2.71e-04  -6.1 1.63e-03    -  1.00e+00 1.00e+00h  1
 957r 1.2935957e-03 9.98e-08 2.97e-04  -6.1 1.24e-02    -  1.00e+00 1.00e+00H  1
 958r 1.1055538e-03 1.06e-04 1.48e-04  -6.1 1.16e-02    -  1.00e+00 1.00e+00h  1
 959r 5.8294461e-04 4.89e-06 6.22e-05  -6.1 1.72e-03    -  1.00e+00 1.00e+00h  1
iter    objective    inf_pr   inf_du lg(mu)  ||d||  lg(rg) alpha_du alpha_pr  ls
 960r 6.6363892e-04 3.54e-06 1.21e-05  -6.1 1.49e-03    -  1.00e+00 1.00e+00h  1
 961r 1.7044617e-03 1.17e-06 1.24e-04  -9.0 1.06e-03    -  1.00e+00 1.00e+00h  1
 962r 2.1572966e-03 8.75e-08 9.76e-07  -9.0 2.69e-04    -  1.00e+00 1.00e+00h  1
 963r 4.9580276e-03 1.77e-05 1.23e-06  -9.0 3.94e-03    -  1.00e+00 1.00e+00h  1
 964r 2.1854827e+00 2.33e+00 1.16e+00  -4.0 1.00e+02    -  1.00e+00 1.72e-02f  1
 965r 2.1722148e+00 3.56e-01 1.17e+00  -4.6 1.84e+00    -  3.07e-02 1.00e+00h  1
 966r 2.1766364e+00 2.47e-01 5.32e-01  -4.6 1.03e+00    -  5.42e-01 3.76e-01h  1
 967r 2.1812563e+00 1.63e-01 2.02e-01  -4.6 4.80e-01    -  6.12e-01 1.00e+00h  1
 968r 2.2025108e+00 6.04e-01 1.69e-01  -4.6 2.42e+00    -  1.67e-01 4.07e-01h  2
 969r 2.2471281e+00 5.98e-01 8.88e-02  -4.6 1.35e+00    -  4.76e-01 5.00e-01h  2
iter    objective    inf_pr   inf_du lg(mu)  ||d||  lg(rg) alpha_du alpha_pr  ls
 970r 2.3601882e+00 7.54e-02 2.08e-02  -4.6 4.65e-01    -  9.64e-01 1.00e+00h  1
 971r 2.3220269e-03 4.41e-02 1.31e-02  -4.6 4.99e-01    -  1.00e+00 3.37e-01H  1
 972r 2.3566317e+00 2.37e-02 1.80e-03  -4.6 1.26e-01    -  5.12e-01 1.00e+00f  1
 973r 1.9133660e-01 1.65e-03 9.08e-04  -4.6 4.57e-02    -  1.00e+00 1.00e+00h  1
 974r 2.7040285e-02 6.23e-04 2.14e-03  -4.6 2.89e-02    -  1.00e+00 1.00e+00h  1
 975r 1.6386055e-01 6.12e-04 2.02e-03  -4.6 2.95e-02    -  1.00e+00 1.00e+00h  1
 976r 3.9544342e-02 1.01e-04 1.18e-03  -4.6 1.91e-02    -  1.00e+00 1.00e+00h  1
 977r 2.2277734e-03 2.01e-05 3.89e-04  -6.9 4.07e-03    -  1.00e+00 1.00e+00f  1
 978r 2.0781460e-03 3.91e-06 1.06e-04  -6.9 2.23e-03    -  1.00e+00 1.00e+00h  1
 979r 2.3459963e-03 1.53e-06 4.32e-06  -6.9 1.34e-03    -  1.00e+00 1.00e+00h  1
iter    objective    inf_pr   inf_du lg(mu)  ||d||  lg(rg) alpha_du alpha_pr  ls
 980r 2.2812601e-03 1.79e-06 5.35e-06  -6.9 1.22e-03    -  1.00e+00 1.00e+00h  1
 981r 2.2855704e-03 9.73e-08 6.71e-06  -6.9 2.94e-04    -  1.00e+00 1.00e+00h  1
 982r 2.9815486e-03 3.61e-07 1.74e-05  -9.0 5.75e-04    -  1.00e+00 1.00e+00h  1
 983r 1.1439913e+00 4.92e-01 9.34e-01  -4.0 1.17e+01    -  1.00e+00 6.26e-02f  1
 984r 1.0725939e+00 4.03e-01 1.01e+00  -4.6 5.34e-01    -  7.95e-03 1.00e+00h  1
 985r 1.0702671e+00 1.73e-01 7.11e-01  -4.6 1.51e+00    -  2.96e-01 2.71e-01h  2
 986r 1.0602777e+00 1.49e-01 5.29e-01  -4.6 1.38e+00    -  2.58e-01 1.98e-01h  3
 987r 1.0709579e+00 1.41e-01 7.87e-03  -4.6 4.06e-01    -  9.99e-01 1.00e+00h  1
 988r 6.8700893e+00 5.88e-02 1.26e-02  -4.6 3.56e-01    -  1.00e+00 1.00e+00h  1
 989r 1.0221832e-01 2.24e-02 9.41e-03  -4.6 1.64e-01    -  1.00e+00 9.92e-01h  1
iter    objective    inf_pr   inf_du lg(mu)  ||d||  lg(rg) alpha_du alpha_pr  ls
 990r 9.3807018e-01 3.99e-03 3.69e-03  -4.6 7.43e-02    -  9.28e-01 1.00e+00h  1
 991r 3.8760675e-02 1.68e-03 3.09e-03  -4.6 4.35e-02    -  1.00e+00 1.00e+00h  1
 992r 7.9820672e-01 3.36e-03 3.25e-03  -4.6 5.89e-02    -  1.00e+00 1.00e+00h  1
 993r 2.8524100e-01 9.85e-04 4.92e-04  -4.6 3.02e-02    -  1.00e+00 1.00e+00h  1
 994r 2.6482498e-04 9.60e-06 2.91e-04  -4.6 3.72e-03    -  1.00e+00 1.00e+00h  1
 995r 5.6459414e-03 1.08e-05 2.06e-04  -6.9 3.63e-03    -  1.00e+00 1.00e+00f  1
 996r 5.4905341e-03 4.16e-07 5.09e-05  -6.9 7.80e-04    -  1.00e+00 1.00e+00h  1
 997r 3.0701670e-03 1.23e-06 8.14e-06  -6.9 1.33e-03    -  1.00e+00 1.00e+00h  1
 998r 2.1561872e-03 5.51e-07 1.38e-06  -6.9 9.05e-04    -  1.00e+00 1.00e+00h  1
 999r 3.9595182e-03 1.66e-06 9.43e-06  -9.0 1.55e-03    -  1.00e+00 1.00e+00h  1
iter    objective    inf_pr   inf_du lg(mu)  ||d||  lg(rg) alpha_du alpha_pr  ls
1000r 1.9964625e+00 1.17e+00 6.82e-01  -4.0 8.03e+00    -  1.00e+00 1.45e-01f  1
1001r 1.7416252e+00 2.96e-01 7.29e-01  -4.5 5.13e-01    -  1.01e-03 1.00e+00h  1
1002r 1.7051304e+00 9.25e-02 5.15e-02  -4.5 5.24e-01    -  1.00e+00 1.00e+00h  1
1003r 1.0716699e+00 3.83e-02 1.29e-02  -4.5 2.17e-01    -  1.00e+00 1.00e+00h  1
1004r 1.0610013e+00 2.60e-02 5.44e-03  -4.5 1.82e-01    -  1.00e+00 1.00e+00h  1
1005r 5.6795888e-01 2.35e-03 2.19e-03  -4.5 4.37e-02    -  1.00e+00 1.00e+00h  1
1006r 2.1250574e-01 4.91e-04 9.51e-04  -4.5 3.48e-02    -  1.00e+00 1.00e+00h  1
1007r 1.7725421e-02 5.89e-05 8.04e-04  -4.5 1.31e-02    -  1.00e+00 1.00e+00h  1
1008r 2.2105017e-03 3.20e-04 9.04e-04  -6.8 1.98e-02    -  9.88e-01 1.00e+00f  1
1009r 1.6850395e-03 1.05e-05 9.50e-05  -6.8 3.04e-03    -  1.00e+00 1.00e+00h  1
iter    objective    inf_pr   inf_du lg(mu)  ||d||  lg(rg) alpha_du alpha_pr  ls
1010r 2.1293743e-03 3.12e-06 4.36e-05  -6.8 1.83e-03    -  1.00e+00 1.00e+00h  1
1011r 2.4116261e-03 1.61e-07 2.81e-05  -6.8 5.62e-04    -  1.00e+00 1.00e+00h  1
1012r 2.2314736e-03 1.46e-07 1.88e-05  -6.8 3.52e-04    -  1.00e+00 1.00e+00h  1
1013r 2.0589854e-03 4.19e-08 7.60e-06  -6.8 2.02e-04    -  1.00e+00 1.00e+00h  1
1014r 3.3397130e-03 1.68e-06 3.30e-05  -9.0 1.42e-03    -  1.00e+00 1.00e+00h  1
1015r 4.0576974e-03 1.31e-07 2.73e-07  -9.0 4.06e-04    -  1.00e+00 1.00e+00h  1
1016r 1.6918250e+00 6.99e-01 9.91e-01  -4.0 4.68e+01    -  1.00e+00 2.20e-02f  1
1017r 1.6647200e+00 1.44e-01 1.01e+00  -4.6 5.62e-01    -  6.78e-03 1.00e+00h  1
1018r 1.6547427e+00 2.93e-01 1.84e-01  -4.6 7.24e-01    -  8.19e-01 1.00e+00h  1
1019r 1.6840797e+00 2.08e-01 3.72e-02  -4.6 4.47e-01    -  7.96e-01 5.00e-01h  2
iter    objective    inf_pr   inf_du lg(mu)  ||d||  lg(rg) alpha_du alpha_pr  ls
1020r 1.6769595e+00 6.87e-02 6.87e-03  -4.6 3.11e-01    -  1.00e+00 1.00e+00h  1
1021r 1.4502961e+00 1.25e-01 3.18e-03  -4.6 3.25e-01    -  1.00e+00 1.00e+00h  1
1022r 4.8181485e-01 3.44e-02 4.44e-03  -4.6 2.31e-01    -  1.00e+00 1.00e+00h  1
1023r 7.4774287e-01 6.62e-03 1.13e-03  -4.6 7.36e-02    -  1.00e+00 1.00e+00h  1
1024r 2.2085267e-01 1.04e-03 1.01e-03  -4.6 3.29e-02    -  1.00e+00 1.00e+00h  1
1025r 1.3423324e-01 5.05e-04 1.50e-03  -4.6 2.76e-02    -  1.00e+00 1.00e+00h  1
1026r 4.8170401e-02 2.32e-04 1.18e-03  -4.6 1.69e-02    -  1.00e+00 1.00e+00h  1
1027r 2.8764211e-03 2.63e-05 1.83e-04  -6.9 4.58e-03    -  1.00e+00 1.00e+00f  1
1028r 1.8740115e-03 1.69e-06 8.18e-05  -6.9 1.65e-03    -  1.00e+00 1.00e+00h  1
1029r 2.3022436e-03 7.63e-09 3.20e-06  -6.9 1.07e-04    -  1.00e+00 1.00e+00h  1
iter    objective    inf_pr   inf_du lg(mu)  ||d||  lg(rg) alpha_du alpha_pr  ls
1030r 1.2320281e+00 1.02e+00 4.12e+00  -4.0 1.11e+00    -  1.00e+00 9.91e-01f  1
1031r 5.2969002e-01 4.41e-01 1.67e+00  -4.1 5.16e-01    -  1.00e+00 1.00e+00f  1
1032r 4.6809279e-01 7.99e-02 2.47e-01  -4.1 5.44e-01    -  1.00e+00 1.00e+00h  1
1033r 1.9224472e-01 3.02e-02 1.13e-01  -4.1 1.57e-01    -  8.43e-01 1.00e+00h  1
1034r 1.7606460e-01 6.58e-03 2.50e-02  -4.1 7.42e-02    -  1.00e+00 1.00e+00h  1
1035r 2.4690000e-01 1.90e-03 8.67e-03  -4.1 4.70e-02    -  1.00e+00 1.00e+00h  1
1036r 3.5564182e-01 3.44e-03 4.24e-03  -4.1 4.60e-02    -  1.00e+00 1.00e+00h  1
1037r 3.6753120e-03 4.86e-04 3.83e-03  -4.1 2.68e-02    -  1.00e+00 1.00e+00h  1
1038r 6.1064575e-03 1.46e-03 4.42e-03  -6.1 4.95e-02    -  9.39e-01 1.00e+00f  1
1039r 4.5373509e-03 1.16e-04 1.28e-03  -6.1 1.13e-02    -  1.00e+00 1.00e+00h  1
iter    objective    inf_pr   inf_du lg(mu)  ||d||  lg(rg) alpha_du alpha_pr  ls
1040r 2.8575013e-03 4.89e-05 3.26e-04  -6.1 5.89e-03    -  1.00e+00 1.00e+00h  1
1041r 3.0197937e-03 1.65e-05 3.86e-04  -6.1 4.91e-03    -  1.00e+00 1.00e+00h  1
1042r 8.4070844e-04 3.87e-06 2.57e-04  -6.1 2.47e-03    -  1.00e+00 1.00e+00h  1
1043r 1.3709630e-03 4.05e-06 9.99e-05  -6.1 1.98e-03    -  1.00e+00 1.00e+00h  1
1044r 3.0691675e-03 1.05e-07 2.40e-04  -6.1 5.53e-03    -  1.00e+00 1.00e+00H  1
1045r 7.8578225e-04 8.51e-06 3.79e-05  -6.1 2.82e-03    -  1.00e+00 1.00e+00h  1
1046r 9.2934787e-04 3.22e-07 1.78e-05  -6.1 6.52e-04    -  1.00e+00 1.00e+00h  1
1047r 1.6829277e-03 1.65e-06 3.96e-05  -9.0 1.14e-03    -  1.00e+00 1.00e+00f  1
1048r 2.3187514e-03 7.01e-08 1.21e-06  -9.0 3.52e-04    -  1.00e+00 1.00e+00h  1
1049r 5.1439304e-03 3.95e-06 7.22e-07  -9.0 2.40e-03    -  1.00e+00 1.00e+00h  1
iter    objective    inf_pr   inf_du lg(mu)  ||d||  lg(rg) alpha_du alpha_pr  ls
1050r 3.1233328e+00 1.67e+00 1.03e+00  -4.0 6.74e+01    -  1.00e+00 2.18e-02f  1
1051r 3.0035770e+00 5.25e-01 1.08e+00  -4.6 1.02e+00    -  1.97e-03 1.00e+00h  1
1052r 3.0041869e+00 1.69e-01 4.23e-02  -4.6 6.68e-01    -  9.60e-01 1.00e+00h  1
1053r 2.7000773e+00 1.17e-01 8.70e-03  -4.6 3.57e-01    -  9.38e-01 1.00e+00h  1
1054r 2.8650878e+00 4.21e-02 8.05e-03  -4.6 1.95e-01    -  1.00e+00 1.00e+00h  1
1055r 1.4157132e+00 1.85e-02 4.77e-03  -4.6 1.50e-01    -  1.00e+00 1.00e+00h  1
1056r 1.0669319e+00 4.57e-03 8.03e-04  -4.6 8.54e-02    -  1.00e+00 1.00e+00h  1
1057r 2.5323002e-02 3.14e-04 1.64e-04  -4.6 1.92e-02    -  1.00e+00 1.00e+00h  1
1058r 2.5686562e-01 2.74e-03 1.78e-02  -4.6 6.47e-02    -  1.00e+00 1.00e+00h  1
1059r 1.5975243e-01 7.95e-04 4.25e-03  -4.6 3.41e-02    -  1.00e+00 1.00e+00h  1
iter    objective    inf_pr   inf_du lg(mu)  ||d||  lg(rg) alpha_du alpha_pr  ls
1060r 8.6832440e-02 3.01e-04 4.90e-04  -4.6 2.14e-02    -  1.00e+00 1.00e+00h  1
1061r 1.4031930e-03 1.18e-05 1.10e-03  -4.6 3.96e-03    -  1.00e+00 1.00e+00h  1
1062r 2.0659311e-03 1.68e-06 2.65e-04  -6.8 1.46e-03    -  1.00e+00 1.00e+00f  1
1063r 2.4995853e-03 1.08e-08 1.82e-05  -6.8 1.79e-04    -  1.00e+00 1.00e+00h  1
1064r 1.9513803e-03 4.99e-07 4.71e-06  -6.8 1.28e-03    -  1.00e+00 1.00e+00h  1
1065r 2.5404595e-03 1.29e-07 2.00e-05  -9.0 4.27e-04    -  1.00e+00 1.00e+00h  1
1066r 3.3822771e-03 2.43e-07 1.23e-06  -9.0 6.33e-04    -  1.00e+00 1.00e+00h  1
1067r 6.0998593e-03 2.22e-06 5.07e-07  -9.0 1.85e-03    -  1.00e+00 1.00e+00h  1
1068r 2.6727118e+00 1.24e+00 1.17e+00  -4.0 9.65e+01    -  1.00e+00 1.23e-02f  1
1069r 2.6265707e+00 5.93e-01 1.18e+00  -4.6 5.83e-01    -  8.51e-03 1.00e+00h  1
iter    objective    inf_pr   inf_du lg(mu)  ||d||  lg(rg) alpha_du alpha_pr  ls
1070r 2.6164545e+00 1.18e-01 1.71e-02  -4.6 4.71e-01    -  1.00e+00 1.00e+00h  1
1071r 7.2069396e+00 8.96e-02 7.17e-03  -4.6 3.19e-01    -  4.60e-01 1.00e+00h  1
1072r 1.8369058e-01 1.17e-01 6.56e-03  -4.6 7.65e-01    -  8.75e-01 1.12e-01H  1
1073r 8.3382691e+00 4.44e-02 8.46e-03  -4.6 2.05e-01    -  1.00e+00 1.00e+00h  1
1074r 2.3989495e+00 3.49e-02 8.39e-03  -4.6 2.05e-01    -  1.00e+00 1.00e+00h  1
1075r 9.1192990e-01 5.66e-03 1.94e-03  -4.6 7.62e-02    -  1.00e+00 1.00e+00h  1
1076r 1.4252180e-01 9.14e-04 1.32e-03  -4.6 3.58e-02    -  1.00e+00 1.00e+00h  1
1077r 1.3592263e-01 6.07e-04 2.90e-03  -4.6 3.12e-02    -  1.00e+00 1.00e+00h  1
1078r 1.0107944e-01 3.36e-04 7.01e-04  -4.6 2.32e-02    -  1.00e+00 1.00e+00h  1
1079r 7.8499626e-03 3.48e-05 6.34e-04  -4.6 6.23e-03    -  1.00e+00 1.00e+00h  1
iter    objective    inf_pr   inf_du lg(mu)  ||d||  lg(rg) alpha_du alpha_pr  ls
1080r 8.5466268e-04 4.83e-06 2.68e-04  -6.9 2.59e-03    -  1.00e+00 1.00e+00f  1
1081r 1.9368799e-03 6.77e-08 1.54e-05  -6.9 2.91e-04    -  1.00e+00 1.00e+00h  1
1082r 1.6022067e-03 1.38e-07 1.02e-05  -6.9 5.01e-04    -  1.00e+00 1.00e+00h  1
1083r 1.3285228e-03 1.68e-06 1.18e-05  -6.9 1.44e-03    -  1.00e+00 1.00e+00h  1
1084r 1.6660607e-03 2.37e-07 9.39e-06  -6.9 5.04e-04    -  1.00e+00 1.00e+00h  1
1085r 1.9088041e-03 9.67e-08 5.67e-06  -6.9 3.03e-04    -  1.00e+00 1.00e+00h  1
1086r 3.2274415e-03 1.19e-06 1.58e-05  -9.0 1.33e-03    -  1.00e+00 1.00e+00h  1
1087r 4.1541374e-03 1.65e-07 1.91e-07  -9.0 4.29e-04    -  1.00e+00 1.00e+00h  1
1088r 2.3039849e+00 1.58e+00 9.09e-01  -4.0 5.35e+01    -  1.00e+00 2.62e-02f  1
1089r 2.2135409e+00 3.54e-01 9.53e-01  -4.6 8.04e-01    -  2.31e-03 1.00e+00h  1
iter    objective    inf_pr   inf_du lg(mu)  ||d||  lg(rg) alpha_du alpha_pr  ls
1090r 2.2168927e+00 3.51e-01 7.22e-01  -4.6 5.30e+00    -  2.43e-01 1.18e-01h  2
1091r 2.2387914e+00 2.45e-01 2.19e-01  -4.6 6.52e-01    -  6.97e-01 1.00e+00h  1
1092r 2.2726178e+00 2.83e-01 1.79e-02  -4.6 7.48e-01    -  9.89e-01 1.00e+00h  1
1093r 6.2225510e+01 2.00e-01 1.87e-02  -4.6 1.48e+00    -  8.72e-01 5.00e-01h  2
1094r 5.9616656e+01 3.44e-01 1.30e-02  -4.6 6.58e-01    -  9.84e-01 1.00e+00h  1
1095r 5.5615462e+00 1.73e-01 7.80e-03  -4.6 6.05e-01    -  1.00e+00 9.85e-01h  1
1096r 3.4012714e+01 1.34e-01 1.35e-02  -4.6 9.41e-01    -  9.91e-01 5.00e-01h  2
1097r 2.0747739e+01 1.16e-01 6.44e-03  -4.6 3.45e-01    -  1.00e+00 1.00e+00h  1
1098r 5.2810510e+00 2.05e-02 1.78e-03  -4.6 1.57e-01    -  1.00e+00 1.00e+00h  1
1099r 6.9005658e-02 4.57e-04 3.36e-04  -4.6 4.75e-02    -  1.00e+00 1.00e+00h  1
iter    objective    inf_pr   inf_du lg(mu)  ||d||  lg(rg) alpha_du alpha_pr  ls
1100r 5.5000713e-02 4.79e-04 3.86e-01  -4.6 7.23e-02    -  1.00e+00 2.05e-02H  1
1101r 3.8058439e-03 2.52e-05 7.23e-03  -4.6 5.09e-03    -  9.82e-01 1.00e+00f  1
1102r 1.0198094e-02 2.43e-05 2.62e-01  -4.6 1.46e+00    -  3.07e-01 2.39e-05H  1
1103r 2.6543639e-04 9.88e-06 1.23e-04  -4.6 3.52e-03    -  1.00e+00 1.00e+00f  1
1104r 8.9294004e-03 4.04e-05 3.99e-04  -6.9 6.64e-03    -  9.99e-01 1.00e+00f  1
1105r 7.6730781e-03 8.94e-06 6.74e-05  -6.9 2.86e-03    -  1.00e+00 1.00e+00h  1
1106r 3.0978532e-03 5.82e-06 6.18e-05  -6.9 2.44e-03    -  1.00e+00 1.00e+00h  1
1107r 4.3129543e-03 2.39e-11 8.82e-06  -6.9 1.22e-05    -  1.00e+00 1.00e+00h  1
1108  4.2835750e-03 1.82e-10 7.07e+01  -4.1 3.00e-01    -  1.23e-02 6.10e-05f 15
1109  4.2719905e-03 2.07e-10 7.07e+01  -4.1 3.11e+03    -  1.21e-06 2.33e-09f 19
iter    objective    inf_pr   inf_du lg(mu)  ||d||  lg(rg) alpha_du alpha_pr  ls
1110  2.0587653e-03 6.40e-06 7.07e+01  -4.1 1.73e+04    -  1.08e-04 2.15e-07f 10
1111  1.2804451e-03 5.47e-07 7.14e+01  -4.1 1.30e-03    -  1.00e+00 1.00e+00h  1
1112  6.0561070e-04 4.31e-06 7.01e+01  -4.1 2.74e-03    -  1.00e+00 1.00e+00h  1
1113  5.3207565e-04 2.91e-06 7.14e+01  -4.1 2.82e-03    -  1.00e+00 1.00e+00h  1
1114  2.4193796e-04 6.91e-06 7.00e+01  -4.1 3.22e-03    -  1.00e+00 1.00e+00h  1
1115  3.4452177e-04 2.90e-06 7.14e+01  -4.1 2.21e-03    -  1.00e+00 1.00e+00h  1
1116  3.4258058e-04 5.01e-06 7.14e+01  -4.1 5.48e-01    -  1.00e+00 3.91e-03h  9
1117  2.5166191e-04 1.96e-06 7.12e+01  -4.1 2.29e-03    -  1.00e+00 1.00e+00h  1
1118  2.3052429e-04 1.81e-06 7.02e+01  -4.1 1.26e+01    -  1.25e-02 1.00e-04f 11
1119  2.2650346e-04 5.05e-05 7.03e+01  -4.1 3.13e-02    -  1.00e+00 2.50e-01h  3
iter    objective    inf_pr   inf_du lg(mu)  ||d||  lg(rg) alpha_du alpha_pr  ls
1120  2.0987689e-04 2.57e-05 7.12e+01  -4.1 4.78e-03    -  1.00e+00 5.00e-01h  2
1121  2.0557857e-04 2.98e-05 7.01e+01  -4.1 1.28e-02    -  1.00e+00 5.00e-01h  2
1122  2.0204991e-04 1.02e-04 7.02e+01  -4.1 4.33e-02    -  1.00e+00 2.50e-01h  3
1123  2.0251360e-04 9.94e-05 7.12e+01  -4.1 7.36e-01    -  1.00e+00 3.91e-03h  9
1124  1.9980276e-04 9.93e-06 7.02e+01  -4.1 4.00e-03    -  1.00e+00 1.00e+00h  1
1125  2.0005008e-04 5.01e-06 7.12e+01  -4.1 8.77e-03    -  1.00e+00 2.50e-01h  3
1126  1.9948069e-04 1.40e-05 7.13e+01  -4.1 3.16e-03    -  1.00e+00 1.00e+00h  1
1127  1.9930104e-04 1.23e-05 7.01e+01  -4.1 3.98e-03    -  1.00e+00 5.00e-01h  2
1128  1.9952030e-04 8.64e-06 7.02e+01  -4.1 4.32e-03    -  1.00e+00 5.00e-01h  2
1129  1.9926492e-04 5.60e-06 7.12e+01  -4.1 1.01e-02    -  1.00e+00 2.50e-01h  3
iter    objective    inf_pr   inf_du lg(mu)  ||d||  lg(rg) alpha_du alpha_pr  ls
1130  1.9911638e-04 7.64e-06 7.13e+01  -4.1 1.71e-02    -  1.00e+00 1.25e-01h  4
1131  1.9887534e-04 8.02e-06 7.12e+01  -4.1 4.86e-03    -  1.00e+00 5.00e-01h  2
1132  1.9903438e-04 3.04e-06 7.12e+01  -4.1 3.26e-03    -  1.00e+00 5.00e-01h  2
1133  1.9893212e-04 3.34e-06 7.12e+01  -4.1 1.28e-02    -  1.00e+00 6.25e-02h  5
1134  2.0154177e-04 1.74e-06 7.02e+01  -4.1 4.74e-03    -  1.00e+00 1.00e+00H  1
1135  2.0043088e-04 1.92e-06 7.02e+01  -4.1 3.88e-03    -  1.00e+00 5.00e-01h  2
1136  2.0930863e-04 9.14e-07 7.12e+01  -4.1 3.90e-03    -  1.00e+00 1.00e+00H  1
1137  2.0573530e-04 1.29e-06 7.13e+01  -4.1 2.69e-03    -  1.00e+00 5.00e-01h  2
1138  2.0472258e-04 1.22e-06 7.13e+01  -4.1 8.64e-02    -  1.00e+00 7.81e-03h  8
1139  2.0296979e-04 1.38e-06 7.13e+01  -4.1 2.31e-02    -  1.00e+00 3.12e-02h  6
iter    objective    inf_pr   inf_du lg(mu)  ||d||  lg(rg) alpha_du alpha_pr  ls
1140  2.0241470e-04 1.40e-06 7.13e+01  -4.1 5.88e-02    -  1.00e+00 7.81e-03h  8
1141  2.0177618e-04 1.40e-06 7.01e+01  -4.1 9.28e-02    -  2.47e-01 1.22e-04h 14
1142  2.0004928e-04 5.85e-07 7.12e+01  -4.1 9.39e-04    -  1.00e+00 1.00e+00h  1
1143  1.9993490e-04 6.55e-07 7.02e+01  -4.1 2.29e-03    -  1.00e+00 2.50e-01h  3
1144  1.9961620e-04 1.34e-06 7.13e+01  -4.1 1.42e-03    -  1.00e+00 1.00e+00h  1
1145  1.9984373e-04 6.03e-07 7.02e+01  -4.1 9.56e-04    -  1.00e+00 1.00e+00h  1
1146  1.9984448e-04 5.96e-07 7.02e+01  -4.1 4.17e-03    -  1.00e+00 3.12e-02h  6
1147  1.9968286e-04 5.15e-07 7.12e+01  -4.1 6.98e-01    -  9.12e-01 9.19e-04h 11
1148  1.9961989e-04 6.32e-07 7.11e+01  -4.1 7.52e-04    -  1.00e+00 1.00e+00h  1
1149  1.9974302e-04 5.12e-07 7.03e+01  -4.1 8.89e-04    -  1.00e+00 1.00e+00h  1
iter    objective    inf_pr   inf_du lg(mu)  ||d||  lg(rg) alpha_du alpha_pr  ls
1150  1.9960933e-04 7.81e-07 7.01e+01  -4.1 1.34e-03    -  1.00e+00 1.00e+00h  1
1151  1.9949748e-04 9.22e-07 7.13e+01  -4.1 3.61e-02    -  1.00e+00 1.56e-02h  7
1152  1.9960148e-04 5.25e-07 7.02e+01  -4.1 6.39e-04    -  1.00e+00 1.00e+00h  1
1153  1.9960124e-04 2.35e-07 7.02e+01  -4.1 5.46e-04    -  1.00e+00 1.00e+00h  1
1154  1.9963338e-04 1.74e-07 7.12e+01  -4.1 1.51e-03    -  1.00e+00 1.25e-01h  4
1155  1.9957516e-04 2.77e-07 7.11e+01  -4.1 6.45e-04    -  1.00e+00 1.00e+00h  1
1156  1.9957673e-04 2.22e-07 7.11e+01  -4.1 1.03e-03    -  1.00e+00 5.00e-01h  2
1157  1.9951185e-04 4.39e-07 7.02e+01  -4.1 5.61e-03    -  1.00e+00 1.25e-01h  4
1158  1.9952923e-04 2.59e-07 7.03e+01  -4.1 6.10e-04    -  1.00e+00 1.00e+00h  1
1159  1.9955321e-04 2.22e-07 7.11e+01  -4.1 1.05e-03    -  1.00e+00 1.25e-01h  4
iter    objective    inf_pr   inf_du lg(mu)  ||d||  lg(rg) alpha_du alpha_pr  ls
1160  1.9958285e-04 6.38e-08 7.11e+01  -4.1 3.25e-04    -  1.00e+00 1.00e+00h  1
1161  1.9958158e-04 7.16e-08 7.11e+01  -4.1 1.93e-02    -  1.00e+00 7.81e-03h  8
1162  1.9955729e-04 1.33e-07 7.06e+01  -4.1 3.51e-04    -  1.00e+00 1.00e+00h  1
1163  1.9955917e-04 1.03e-07 7.05e+01  -4.1 5.83e-04    -  1.00e+00 5.00e-01h  2
1164  1.9955826e-04 9.58e-08 7.05e+01  -4.1 1.00e-03    -  1.00e+00 2.50e-01h  3
1165  1.9953170e-04 9.86e-08 7.09e+01  -4.1 3.20e-03    -  1.00e+00 6.25e-02h  5
1166  1.9953168e-04 9.94e-08 7.09e+01  -4.1 1.20e-02    -  1.00e+00 7.81e-03h  8
1167  1.9952804e-04 1.61e-07 7.05e+01  -4.1 2.12e-02    -  1.00e+00 1.56e-02h  7
1168  1.9955823e-04 5.37e-08 7.04e+01  -4.1 2.88e-04    -  1.00e+00 1.00e+00h  1
1169  1.9955336e-04 5.76e-08 7.10e+01  -4.1 1.46e-03    -  1.00e+00 1.25e-01h  4
iter    objective    inf_pr   inf_du lg(mu)  ||d||  lg(rg) alpha_du alpha_pr  ls
1170  1.9952734e-04 1.26e-07 7.10e+01  -4.1 8.17e-04    -  1.00e+00 5.00e-01h  2
1171  1.9949767e-04 3.80e-07 7.06e+01  -4.1 1.58e-03    -  1.00e+00 5.00e-01h  2
1172  1.9949644e-04 3.84e-07 7.06e+01  -4.1 1.74e-02    -  1.00e+00 1.56e-02h  7
1173  1.9955643e-04 7.83e-08 7.11e+01  -4.1 7.79e-04    -  1.00e+00 1.00e+00H  1
1174  1.9955261e-04 1.55e-07 7.11e+01  -4.1 3.48e-03    -  1.00e+00 6.25e-02h  5
1175  1.9954126e-04 1.55e-07 7.10e+01  -4.1 7.63e-03    -  1.00e+00 1.56e-02h  7
1176  1.9954139e-04 1.55e-07 7.04e+01  -4.1 5.88e-02    -  1.00e+00 9.77e-04h 11
1177  1.9950635e-04 1.40e-07 7.09e+01  -4.1 4.67e-04    -  1.00e+00 1.00e+00h  1
1178  1.9951370e-04 1.04e-07 7.09e+01  -4.1 1.53e-03    -  1.00e+00 2.50e-01h  3
1179  1.9953412e-04 3.18e-08 7.05e+01  -4.1 2.41e-04    -  1.00e+00 1.00e+00h  1
iter    objective    inf_pr   inf_du lg(mu)  ||d||  lg(rg) alpha_du alpha_pr  ls
1180  1.9952938e-04 4.78e-08 7.05e+01  -4.1 2.34e-02    -  1.00e+00 1.56e-02h  7
1181  1.9950496e-04 2.30e-07 7.06e+01  -4.1 6.71e-04    -  1.00e+00 1.00e+00h  1
1182  1.9950522e-04 1.46e-07 7.09e+01  -4.1 4.25e-04    -  1.00e+00 5.00e-01h  2
1183  1.9950433e-04 1.48e-07 7.06e+01  -4.1 1.77e-02    -  1.00e+00 3.91e-03h  9
1184  1.9950461e-04 1.32e-07 7.06e+01  -4.1 2.66e-03    -  1.00e+00 6.25e-02h  5
1185  1.9952497e-04 2.86e-08 7.07e+01  -4.1 7.50e-04    -  1.00e+00 1.00e+00H  1
1186  1.9952721e-04 2.33e-08 7.07e+01  -4.1 3.23e-02    -  1.00e+00 7.81e-03h  8
1187  1.9950605e-04 1.27e-07 7.07e+01  -4.1 2.82e-02    -  1.00e+00 1.56e-02h  7
1188  1.9947970e-04 8.02e-08 7.06e+01  -4.1 5.87e-04    -  1.00e+00 1.00e+00h  1
1189  1.9948019e-04 7.62e-08 7.06e+01  -4.1 4.39e-03    -  1.00e+00 6.25e-02h  5
iter    objective    inf_pr   inf_du lg(mu)  ||d||  lg(rg) alpha_du alpha_pr  ls
1190  1.9947783e-04 7.93e-08 7.08e+01  -4.1 2.23e-02    -  1.00e+00 3.91e-03h  9
1191  1.9948936e-04 7.32e-08 7.08e+01  -4.1 6.86e-04    -  1.00e+00 2.50e-01h  3
1192  1.9948279e-04 7.38e-08 7.08e+01  -4.1 1.89e-02    -  1.00e+00 7.81e-03h  8
1193  1.9948171e-04 7.37e-08 7.08e+01  -4.1 3.42e-02    -  1.00e+00 9.77e-04h 11
1194  1.9947248e-04 1.19e-06 7.07e+01  -4.1 5.54e-02    -  1.00e+00 3.12e-02h  6
1195  1.9946529e-04 1.22e-06 7.07e+01  -4.1 1.95e-02    -  1.00e+00 3.12e-02h  6
1196  1.9945042e-04 1.19e-06 7.07e+01  -4.1 1.39e-02    -  1.00e+00 6.25e-02h  5
1197  1.9944890e-04 1.19e-06 7.07e+01  -4.1 2.48e-02    -  1.00e+00 3.91e-03h  9
1198  1.9942511e-04 1.32e-06 7.07e+01  -4.1 5.09e-02    -  1.00e+00 1.56e-02h  7
1199  1.9944366e-04 1.16e-06 7.07e+01  -4.1 4.65e-03    -  1.00e+00 1.25e-01h  4
iter    objective    inf_pr   inf_du lg(mu)  ||d||  lg(rg) alpha_du alpha_pr  ls
1200  1.9946647e-04 6.93e-07 7.09e+01  -4.1 1.51e-03    -  1.00e+00 5.00e-01h  2
1201  1.9944757e-04 9.17e-07 7.09e+01  -4.1 1.61e-02    -  1.00e+00 6.25e-02h  5
1202  1.9943542e-04 6.28e-07 7.04e+01  -4.1 2.15e-03    -  1.00e+00 5.00e-01h  2
1203  1.9944452e-04 5.47e-07 7.09e+01  -4.1 4.53e-03    -  1.00e+00 2.50e-01h  3
1204  1.9942475e-04 5.37e-07 7.09e+01  -4.1 2.64e-03    -  1.00e+00 2.50e-01h  3
1205  1.9937911e-04 6.92e-07 7.09e+01  -4.1 8.30e-02    -  1.00e+00 1.56e-02h  7
1206  1.9937914e-04 6.07e-07 7.10e+01  -4.1 5.39e-03    -  1.00e+00 1.25e-01h  4
1207  1.9937761e-04 6.43e-07 7.05e+01  -4.1 2.79e-02    -  1.00e+00 7.81e-03h  8
1208  1.9935161e-04 6.61e-07 7.11e+01  -4.1 1.93e-03    -  1.00e+00 5.00e-01h  2
1209  1.9934902e-04 7.11e-07 7.03e+01  -4.1 3.06e-02    -  1.00e+00 7.81e-03h  8
iter    objective    inf_pr   inf_du lg(mu)  ||d||  lg(rg) alpha_du alpha_pr  ls
1210  1.9932797e-04 7.42e-07 7.10e+01  -4.1 6.75e-03    -  1.00e+00 1.25e-01h  4
1211  1.9931992e-04 6.55e-07 7.11e+01  -4.1 7.35e-03    -  1.00e+00 1.25e-01h  4
1212  1.9931758e-04 6.27e-07 7.11e+01  -4.1 5.72e-03    -  1.00e+00 6.25e-02h  5
1213  1.9930660e-04 9.49e-07 7.11e+01  -4.1 1.23e-02    -  1.00e+00 1.25e-01h  4
1214  1.9929232e-04 9.97e-07 7.11e+01  -4.1 9.21e-02    -  1.00e+00 7.81e-03h  8
1215  1.9927041e-04 9.71e-07 7.11e+01  -4.1 1.33e-02    -  1.00e+00 6.25e-02h  5
1216  1.9926756e-04 9.73e-07 7.11e+01  -4.1 1.33e-01    -  1.00e+00 9.77e-04h 11
1217  1.9926733e-04 9.73e-07 7.04e+01  -4.1 1.80e+01    -  9.65e-03 1.26e-09h 28
1218  1.9927388e-04 9.90e-07 7.03e+01  -4.1 4.76e-03    -  1.00e+00 1.25e-01h  4
1219  1.9931779e-04 6.25e-07 7.04e+01  -4.1 3.21e-03    -  1.00e+00 5.00e-01h  2
iter    objective    inf_pr   inf_du lg(mu)  ||d||  lg(rg) alpha_du alpha_pr  ls
1220  1.9928246e-04 9.58e-07 7.03e+01  -4.1 6.97e-03    -  1.00e+00 2.50e-01h  3
1221  1.9925546e-04 8.81e-07 7.03e+01  -4.1 4.65e-02    -  1.00e+00 3.12e-02h  6
1222  1.9923648e-04 1.86e-06 7.03e+01  -4.1 4.26e-02    -  1.00e+00 6.25e-02h  5
1223  1.9913720e-04 2.54e-06 7.03e+01  -4.1 5.26e-01    -  1.00e+00 3.91e-03h  9
1224  1.9913700e-04 2.54e-06 7.11e+01  -4.1 2.01e+01    -  1.28e-01 3.41e-10h 26
1225  1.9920928e-04 1.51e-06 7.03e+01  -4.1 2.28e-03    -  1.00e+00 5.00e-01h  2
1226  1.9912775e-04 2.07e-06 7.12e+01  -4.1 2.67e-02    -  1.00e+00 6.25e-02h  5
1227  1.9906514e-04 2.39e-06 7.12e+01  -4.1 4.09e-01    -  1.00e+00 3.91e-03h  9
1228  1.9903898e-04 2.63e-06 7.12e+01  -4.1 2.04e-02    -  1.00e+00 6.25e-02h  5
1229  1.9898111e-04 2.81e-06 7.12e+01  -4.1 1.83e-01    -  1.00e+00 7.81e-03h  8
iter    objective    inf_pr   inf_du lg(mu)  ||d||  lg(rg) alpha_du alpha_pr  ls
1230  1.9898045e-04 2.87e-06 7.12e+01  -4.1 4.06e-02    -  1.00e+00 1.56e-02h  7
1231  1.9896779e-04 3.16e-06 7.12e+01  -4.1 2.27e-02    -  1.00e+00 6.25e-02h  5
1232  1.9896772e-04 3.16e-06 7.03e+01  -4.1 5.88e-01    -  1.00e+00 1.22e-04h 14
1233  1.9892823e-04 4.29e-06 7.12e+01  -4.1 1.74e-02    -  1.00e+00 1.25e-01h  4
1234  1.9890706e-04 4.31e-06 7.12e+01  -4.1 7.80e-01    -  1.00e+00 3.91e-03h  9
1235  1.9876769e-04 6.14e-06 7.12e+01  -4.1 9.25e-03    -  1.00e+00 5.00e-01h  2
1236  1.9856249e-04 7.17e-06 7.12e+01  -4.1 5.52e-01    -  1.00e+00 3.91e-03h  9
1237  1.9850840e-04 1.42e-05 7.12e+01  -4.1 7.71e-02    -  1.00e+00 6.25e-02h  5
1238  1.9792722e-04 3.00e-05 7.12e+01  -4.1 7.46e-01    -  1.00e+00 7.81e-03h  8
1239  1.9792170e-04 3.00e-05 7.02e+01  -4.1 1.63e+00    -  1.00e+00 2.44e-04h 13
iter    objective    inf_pr   inf_du lg(mu)  ||d||  lg(rg) alpha_du alpha_pr  ls
1240  1.9785050e-04 3.11e-05 7.02e+01  -4.1 3.41e-01    -  1.00e+00 7.81e-03h  8
1241  1.9777554e-04 3.17e-05 7.02e+01  -4.1 6.64e-01    -  1.00e+00 7.81e-03h  8
1242  1.9760235e-04 3.40e-05 7.02e+01  -4.1 2.34e-01    -  1.00e+00 1.56e-02h  7
1243  1.9753090e-04 3.53e-05 7.02e+01  -4.1 9.74e-02    -  1.00e+00 3.12e-02h  6
1244  1.9721828e-04 3.71e-05 7.02e+01  -4.0 1.01e+00    -  1.00e+00 3.91e-03h  9
1245  1.9719461e-04 3.66e-05 7.02e+01  -4.1 4.24e-01    -  1.00e+00 7.81e-03h  8
1246  1.9725010e-04 3.60e-05 7.02e+01  -4.1 4.77e-01    -  1.00e+00 7.81e-03h  8
1247  1.9708638e-04 3.58e-05 7.02e+01  -4.1 6.51e-01    -  1.00e+00 3.91e-03h  9
1248  1.4469735e-03 3.59e-05 7.14e+01  -4.1 2.16e-01    -  1.00e+00 1.79e-03h  4
1249  8.4389652e-04 1.12e-05 6.83e+01  -4.1 3.41e-03    -  9.50e-01 1.00e+00h  1
iter    objective    inf_pr   inf_du lg(mu)  ||d||  lg(rg) alpha_du alpha_pr  ls
1250  4.3112947e-04 1.15e-05 7.32e+01  -4.1 2.87e-01    -  1.00e+00 1.95e-03f 10
1251  4.0501837e-04 5.46e-06 7.08e+01  -4.1 2.40e-03    -  1.00e+00 1.00e+00h  1
1252  2.6952533e-04 9.59e-05 4.52e+01  -4.1 1.01e-02    -  1.00e+00 1.00e+00h  1
1253  3.1259090e-04 2.73e-05 8.43e+01  -4.1 5.30e-03    -  1.00e+00 1.00e+00h  1
1254  2.7254963e-04 1.56e-05 6.13e+01  -4.1 2.89e-03    -  1.00e+00 5.00e-01h  2
1255  2.2566487e-04 1.32e-05 7.45e+01  -4.1 9.10e-03    -  1.00e+00 5.00e-01h  2
1256  2.6009705e-04 1.05e-05 7.20e+01  -4.1 3.52e-03    -  1.00e+00 1.00e+00h  1
1257  2.5726763e-04 1.15e-05 7.20e+01  -4.1 2.21e-02    -  1.00e+00 6.25e-02h  5
1258  2.5482042e-04 1.31e-05 7.19e+01  -4.1 2.63e-02    -  1.00e+00 6.25e-02h  5
1259  2.5331632e-04 1.57e-05 7.18e+01  -4.1 3.14e-02    -  1.00e+00 6.25e-02h  5
iter    objective    inf_pr   inf_du lg(mu)  ||d||  lg(rg) alpha_du alpha_pr  ls
1260  2.5361999e-04 1.55e-05 7.02e+01  -4.1 3.98e-02    -  7.21e-01 7.81e-03h  8
1261  2.0103761e-04 6.24e-06 7.03e+01  -4.1 2.69e-03    -  1.00e+00 1.00e+00h  1
1262  2.2016486e-04 6.24e-06 7.11e+01  -4.1 4.97e-01    -  1.00e+00 3.33e-05h 10
1263  2.0960253e-04 2.04e-06 7.11e+01  -4.1 1.53e-03    -  1.00e+00 1.00e+00h  1
1264  2.0610473e-04 2.03e-06 7.03e+01  -4.1 1.54e-02    -  1.00e+00 1.56e-02h  7
1265  2.0105927e-04 2.00e-06 7.11e+01  -4.1 1.55e-03    -  1.00e+00 1.00e+00h  1
1266  2.0186656e-04 1.69e-06 7.05e+01  -4.1 1.42e-03    -  1.00e+00 1.00e+00h  1
1267  2.0091380e-04 2.25e-06 7.04e+01  -4.1 1.66e-03    -  1.00e+00 1.00e+00h  1
1268  2.0026099e-04 2.20e-06 7.10e+01  -4.1 2.47e-02    -  1.00e+00 7.81e-03h  8
1269  1.9980548e-04 3.04e-06 7.02e+01  -4.1 2.29e-03    -  1.00e+00 1.00e+00h  1
iter    objective    inf_pr   inf_du lg(mu)  ||d||  lg(rg) alpha_du alpha_pr  ls
1270  1.9944803e-04 6.40e-05 7.04e+01  -4.1 9.43e-03    -  1.00e+00 1.00e+00h  1
1271  1.9936766e-04 6.31e-05 7.04e+01  -4.1 2.88e-01    -  1.00e+00 7.81e-03h  8
1272  1.9960435e-04 5.92e-05 7.10e+01  -4.1 7.97e-03    -  1.00e+00 6.25e-02h  5
1273  1.9945187e-04 5.95e-05 7.10e+01  -4.1 5.88e-02    -  1.00e+00 3.12e-02h  6
1274  1.9969721e-04 2.90e-05 7.03e+01  -4.1 4.10e-03    -  1.00e+00 5.00e-01h  2
1275  1.9947702e-04 3.07e-05 7.12e+01  -4.1 7.73e-03    -  1.00e+00 5.00e-01h  2
1276  1.9936253e-04 1.50e-05 7.12e+01  -4.1 4.45e-03    -  1.00e+00 5.00e-01h  2
1277  1.9952670e-04 1.48e-06 7.12e+01  -4.1 2.20e-03    -  1.00e+00 1.00e+00h  1
1278  1.9913825e-04 6.04e-06 7.12e+01  -4.1 9.66e-03    -  1.00e+00 2.50e-01h  3
1279  1.9918186e-04 1.81e-06 7.02e+01  -4.1 1.20e-03    -  1.00e+00 1.00e+00h  1
iter    objective    inf_pr   inf_du lg(mu)  ||d||  lg(rg) alpha_du alpha_pr  ls
1280  1.9922241e-04 1.81e-06 7.12e+01  -4.1 1.36e-02    -  1.00e+00 7.81e-03h  8
1281  1.9920091e-04 1.71e-06 7.12e+01  -4.1 1.27e-02    -  1.00e+00 3.12e-02h  6
1282  1.9914165e-04 1.56e-06 7.12e+01  -4.1 3.36e-02    -  1.00e+00 3.12e-02h  6
1283  1.9944055e-04 9.82e-07 7.12e+01  -4.1 2.35e-03    -  1.00e+00 1.00e+00H  1
1284  1.9941450e-04 1.15e-06 7.12e+01  -4.1 2.57e-02    -  1.00e+00 3.12e-02h  6
1285  1.9896845e-04 6.40e-06 7.12e+01  -4.1 2.99e-03    -  1.00e+00 1.00e+00h  1
1286  1.9920801e-04 1.05e-06 7.02e+01  -4.1 9.88e-04    -  1.00e+00 1.00e+00h  1
1287  1.9903199e-04 2.87e-06 7.02e+01  -4.1 3.15e-03    -  1.00e+00 5.00e-01h  2
1288  1.9879675e-04 2.26e-06 7.02e+01  -4.1 4.69e-03    -  1.00e+00 2.50e-01h  3
1289  1.9907843e-04 1.28e-06 7.12e+01  -4.1 1.26e-03    -  1.00e+00 5.00e-01h  2
iter    objective    inf_pr   inf_du lg(mu)  ||d||  lg(rg) alpha_du alpha_pr  ls
1290  1.9904124e-04 6.85e-07 7.02e+01  -4.1 1.25e-03    -  1.00e+00 1.00e+00h  1
1291  1.9919917e-04 2.93e-07 7.12e+01  -4.1 5.70e-04    -  1.00e+00 1.00e+00h  1
1292  1.9918392e-04 1.50e-07 7.02e+01  -4.1 5.81e-04    -  1.00e+00 1.00e+00h  1
1293  1.9923133e-04 8.06e-08 7.11e+01  -4.1 2.73e-04    -  1.00e+00 1.00e+00h  1
1294  1.9923074e-04 7.25e-08 7.11e+01  -4.1 8.44e-04    -  1.00e+00 1.25e-01h  4
1295  1.9931339e-04 2.38e-08 7.03e+01  -4.1 3.65e-04    -  1.00e+00 1.00e+00H  1
1296  1.9928810e-04 1.91e-08 7.04e+01  -4.1 3.14e-04    -  1.00e+00 5.00e-01h  2
1297  1.9928429e-04 2.08e-08 7.04e+01  -4.1 1.54e-02    -  1.00e+00 3.91e-03h  9
1298  1.9929953e-04 1.83e-08 7.10e+01  -4.1 3.23e-04    -  1.00e+00 2.50e-01h  3
1299  1.9922320e-04 1.59e-07 7.07e+01  -4.1 8.93e-04    -  1.00e+00 1.00e+00h  1
iter    objective    inf_pr   inf_du lg(mu)  ||d||  lg(rg) alpha_du alpha_pr  ls
1300  1.9922855e-04 1.49e-07 7.07e+01  -4.1 7.28e-04    -  1.00e+00 6.25e-02h  5
1301  1.9919404e-04 1.42e-07 7.08e+01  -4.1 4.44e-03    -  1.00e+00 1.25e-01h  4
1302  1.9920414e-04 1.29e-07 7.06e+01  -4.1 1.18e-03    -  1.00e+00 1.25e-01h  4
1303  1.9920308e-04 1.29e-07 7.06e+01  -4.1 4.22e-03    -  1.00e+00 1.56e-02h  7
1304  1.9921980e-04 9.88e-08 7.05e+01  -4.1 5.65e-04    -  1.00e+00 2.50e-01h  3
1305  1.9921815e-04 9.95e-08 7.09e+01  -4.1 2.48e-02    -  1.00e+00 3.91e-03h  9
1306  1.9922882e-04 7.41e-08 7.10e+01  -4.1 5.02e-04    -  1.00e+00 2.50e-01h  3
1307  1.9923038e-04 6.98e-08 7.10e+01  -4.1 5.42e-04    -  1.00e+00 6.25e-02h  5
1308  1.9923060e-04 6.93e-08 7.10e+01  -4.1 3.31e-04    -  1.00e+00 7.81e-03h  8
1309  1.9922845e-04 6.91e-08 7.05e+01  -4.1 1.29e-01    -  1.00e+00 2.44e-04h 13
iter    objective    inf_pr   inf_du lg(mu)  ||d||  lg(rg) alpha_du alpha_pr  ls
1310  1.9928332e-04 3.01e-08 7.04e+01  -4.1 2.28e-04    -  1.00e+00 1.00e+00h  1
1311  1.9927924e-04 3.00e-08 7.04e+01  -4.1 1.72e-02    -  1.00e+00 7.81e-03h  8
1312  1.9927612e-04 2.09e-08 7.11e+01  -4.1 5.88e-04    -  1.00e+00 2.50e-01h  3
1313  1.9926734e-04 2.57e-08 7.09e+01  -4.1 2.24e-04    -  1.00e+00 1.00e+00h  1
1314  1.9928116e-04 1.45e-08 7.09e+01  -4.1 1.74e-04    -  1.00e+00 1.00e+00h  1
1315  1.9928099e-04 7.63e-09 7.06e+01  -4.1 1.43e-04    -  1.00e+00 1.00e+00h  1
1316  1.9928105e-04 7.63e-09 7.06e+01  -4.1 3.47e-03    -  1.00e+00 3.91e-03h  9
1317  1.9927746e-04 7.50e-09 7.08e+01  -4.1 1.11e-01    -  1.00e+00 9.77e-04h 11
1318  1.9929963e-04 7.10e-09 7.08e+01  -4.1 9.18e-05    -  1.00e+00 1.00e+00h  1
1319  1.9929944e-04 6.38e-09 7.08e+01  -4.1 7.21e-04    -  1.00e+00 6.25e-02h  5
iter    objective    inf_pr   inf_du lg(mu)  ||d||  lg(rg) alpha_du alpha_pr  ls
1320  1.9929149e-04 7.85e-09 7.06e+01  -4.1 1.22e-02    -  1.00e+00 7.81e-03h  8
1321  1.9926938e-04 6.34e-09 7.06e+01  -4.1 9.67e-05    -  1.00e+00 1.00e+00h  1
1322  1.9926774e-04 1.30e-08 7.06e+01  -4.1 5.38e-02    -  1.00e+00 1.95e-03h 10
1323  1.9926857e-04 1.28e-08 7.06e+01  -4.1 4.08e-04    -  1.00e+00 1.56e-02h  7
1324  1.9926870e-04 1.27e-08 7.06e+01  -4.1 7.01e-04    -  1.00e+00 6.25e-02h  5
1325  1.9926905e-04 1.26e-08 7.06e+01  -4.1 3.43e-04    -  1.00e+00 7.81e-03h  8
1326  1.9926910e-04 1.25e-08 7.08e+01  -4.1 4.41e-03    -  1.00e+00 3.91e-03h  9
1327  1.9926923e-04 1.24e-08 7.08e+01  -4.1 2.00e-02    -  1.00e+00 3.91e-03h  9
1328  1.9926932e-04 1.24e-08 7.08e+01  -4.1 5.43e-04    -  1.00e+00 1.95e-03h 10
1329  1.9926849e-04 1.21e-08 7.08e+01  -4.1 9.88e-03    -  1.00e+00 3.91e-03h  9
iter    objective    inf_pr   inf_du lg(mu)  ||d||  lg(rg) alpha_du alpha_pr  ls
1330  1.9926863e-04 1.21e-08 7.08e+01  -4.1 7.45e-04    -  1.00e+00 3.91e-03h  9
1331  1.9926685e-04 1.32e-08 7.08e+01  -4.1 7.62e-03    -  1.00e+00 7.81e-03h  8
1332  1.9926440e-04 1.38e-08 7.08e+01  -4.1 2.75e-02    -  1.00e+00 1.95e-03h 10
1333  1.9926592e-04 1.38e-08 7.06e+01  -4.1 9.55e-02    -  1.00e+00 4.77e-07h 22
1334  1.9926645e-04 1.36e-08 7.07e+01  -4.1 5.59e-04    -  1.00e+00 1.56e-02h  7
1335  1.9926112e-04 8.42e-08 7.08e+01  -4.1 4.60e-02    -  1.00e+00 7.81e-03h  8
1336  1.9926072e-04 8.75e-08 7.07e+01  -4.1 3.67e-03    -  1.00e+00 3.12e-02h  6
1337  1.9925973e-04 1.12e-07 7.08e+01  -4.1 2.84e-02    -  1.00e+00 7.81e-03h  8
1338  1.9925972e-04 1.14e-07 7.07e+01  -4.1 1.89e-02    -  1.00e+00 3.91e-03h  9
1339  1.9925970e-04 1.16e-07 7.08e+01  -4.1 1.80e-02    -  1.00e+00 3.91e-03h  9
iter    objective    inf_pr   inf_du lg(mu)  ||d||  lg(rg) alpha_du alpha_pr  ls
1340  1.9925969e-04 1.16e-07 7.07e+01  -4.1 9.95e-03    -  1.00e+00 1.49e-08h 27
1341  1.9923814e-04 9.70e-09 6.46e+01  -4.1 8.16e-05    -  1.00e+00 1.00e+00h  1
1342  1.9923521e-04 9.35e-09 7.08e+01  -4.1 1.11e-05    -  1.00e+00 1.00e+00h  1
1343  1.9925009e-04 8.27e-09 7.09e+01  -4.1 4.48e-04    -  1.00e+00 1.25e-01h  4
1344  1.9932223e-04 1.25e-08 7.04e+01  -4.1 2.57e-04    -  1.00e+00 1.00e+00H  1
1345  1.9928202e-04 1.72e-08 7.06e+01  -4.1 1.66e-04    -  1.00e+00 1.00e+00h  1
1346  1.9927196e-04 1.06e-09 7.05e+01  -4.1 4.03e-05    -  1.00e+00 1.00e+00h  1
1347  1.9927638e-04 3.09e-10 7.05e+01  -4.1 2.04e-05    -  1.00e+00 1.00e+00h  1
1348  1.9927955e-04 5.28e-10 7.05e+01  -4.1 3.45e-04    -  1.00e+00 1.25e-01h  4
1349  1.9927861e-04 5.28e-10 7.09e+01  -4.1 7.99e-03    -  1.00e+00 4.77e-07h 22
iter    objective    inf_pr   inf_du lg(mu)  ||d||  lg(rg) alpha_du alpha_pr  ls
1350  1.9927844e-04 8.81e-11 7.04e+01  -4.1 2.62e-05    -  1.00e+00 1.00e+00h  1
1351  1.9928254e-04 2.84e-10 7.04e+01  -4.1 2.23e-04    -  1.00e+00 1.25e-01h  4
1352  1.9928168e-04 3.13e-10 7.04e+01  -4.1 1.16e-01    -  1.00e+00 2.44e-04h 13
1353  1.9927940e-04 1.59e-10 7.10e+01  -4.1 5.75e-05    -  1.00e+00 1.00e+00H  1
1354  1.9928031e-04 1.58e-10 7.03e+01  -4.1 1.30e-05    -  1.00e+00 1.00e+00h  1
1355  1.9928230e-04 1.07e-10 7.03e+01  -4.1 2.62e-05    -  1.00e+00 1.00e+00H  1
1356  1.9928237e-04 9.16e-11 7.03e+01  -4.1 8.86e-03    -  1.00e+00 1.95e-03h 10
1357  1.9928335e-04 1.56e-10 7.03e+01  -4.1 2.03e-03    -  1.00e+00 1.56e-02h  7
1358  1.9923408e-04 1.15e-06 7.13e+01  -4.1 2.54e-03    -  1.00e+00 5.00e-01h  2
1359  1.9923527e-04 1.15e-06 7.13e+01  -4.1 7.19e-02    -  1.00e+00 3.91e-03h  9
iter    objective    inf_pr   inf_du lg(mu)  ||d||  lg(rg) alpha_du alpha_pr  ls
1360  1.9922712e-04 1.28e-06 7.13e+01  -4.1 4.23e-03    -  1.00e+00 1.25e-01h  4
1361  1.9922730e-04 1.26e-06 7.01e+01  -4.1 5.89e-04    -  1.00e+00 1.56e-02h  7
1362  1.9922821e-04 9.44e-07 7.04e+01  -4.1 1.31e-03    -  1.00e+00 2.50e-01h  3
1363  1.9923376e-04 8.85e-07 7.04e+01  -4.1 1.28e-03    -  1.00e+00 6.25e-02h  5
1364  1.9922040e-04 1.05e-06 7.10e+01  -4.1 2.17e-02    -  1.00e+00 3.12e-02h  6
1365  1.9922116e-04 1.04e-06 7.10e+01  -4.1 6.64e-03    -  1.00e+00 7.81e-03h  8
1366  1.9920538e-04 1.11e-06 7.05e+01  -4.1 2.49e-02    -  1.00e+00 1.56e-02h  7
1367  1.9922090e-04 8.27e-07 7.06e+01  -4.1 3.23e-04    -  1.00e+00 2.50e-01h  3
1368  1.9922140e-04 8.26e-07 7.08e+01  -4.1 1.48e-02    -  1.00e+00 7.81e-03h  8
1369  1.9923499e-04 6.49e-07 7.07e+01  -4.1 8.08e-04    -  1.00e+00 2.50e-01h  3
iter    objective    inf_pr   inf_du lg(mu)  ||d||  lg(rg) alpha_du alpha_pr  ls
1370  1.9923538e-04 6.44e-07 7.07e+01  -4.1 9.51e-04    -  1.00e+00 7.81e-03h  8
1371  1.9923545e-04 6.43e-07 7.07e+01  -4.1 1.51e-03    -  1.00e+00 1.95e-03h 10
1372  1.9923545e-04 6.43e-07 7.07e+01  -4.1 7.21e-04    -  1.00e+00 1.22e-04h 14
1373  1.9923546e-04 6.43e-07 7.07e+01  -4.1 4.22e-04    -  1.00e+00 1.22e-04h 14
1374  1.9926175e-04 5.20e-07 7.08e+01  -4.1 9.97e-04    -  1.00e+00 2.50e-01h  3
1375  1.9926145e-04 3.59e-07 7.08e+01  -4.1 6.02e-04    -  1.00e+00 5.00e-01h  2
1376  1.9931640e-04 1.82e-07 7.05e+01  -4.1 1.15e-03    -  1.00e+00 5.00e-01h  2
1377  1.9930496e-04 2.21e-07 7.05e+01  -4.1 3.59e-03    -  1.00e+00 6.25e-02h  5
1378  1.9928991e-04 2.76e-07 7.06e+01  -4.1 3.78e-03    -  1.00e+00 1.25e-01h  4
1379  1.9926400e-04 2.28e-07 7.05e+01  -4.1 5.87e-03    -  1.00e+00 1.25e-01h  4
iter    objective    inf_pr   inf_du lg(mu)  ||d||  lg(rg) alpha_du alpha_pr  ls
1380  1.9924807e-04 2.59e-07 7.09e+01  -4.1 1.34e-03    -  1.00e+00 2.50e-01h  3
1381  1.9924899e-04 2.13e-07 7.09e+01  -4.1 9.98e-04    -  1.00e+00 2.50e-01h  3
1382  1.9923966e-04 2.47e-07 7.05e+01  -4.1 1.79e-02    -  1.00e+00 1.56e-02h  7
1383  1.9923940e-04 2.58e-07 7.05e+01  -4.1 8.65e-03    -  1.00e+00 1.56e-02h  7
1384  1.9923003e-04 4.00e-07 7.05e+01  -4.1 7.50e-03    -  1.00e+00 6.25e-02h  5
1385  1.9941337e-04 6.12e-08 7.09e+01  -4.1 1.07e-03    -  1.00e+00 1.00e+00H  1
1386  1.9939235e-04 1.97e-07 7.09e+01  -4.1 3.50e-02    -  1.00e+00 1.56e-02h  7
1387  1.9938496e-04 1.91e-07 7.09e+01  -4.1 2.25e-03    -  1.00e+00 3.12e-02h  6
1388  1.9937229e-04 1.89e-07 7.09e+01  -4.1 5.47e-02    -  1.00e+00 3.91e-03h  9
1389  1.9937000e-04 1.89e-07 7.09e+01  -4.1 1.62e-02    -  1.00e+00 1.95e-03h 10
iter    objective    inf_pr   inf_du lg(mu)  ||d||  lg(rg) alpha_du alpha_pr  ls
1390  1.9934915e-04 1.88e-07 7.09e+01  -4.1 9.34e-03    -  1.00e+00 1.56e-02h  7
1391  1.9972213e-04 8.85e-08 7.01e+01  -4.1 1.73e-03    -  1.00e+00 1.00e+00H  1
1392  1.9968833e-04 1.17e-07 7.01e+01  -4.1 4.66e-02    -  1.00e+00 7.81e-03h  8
1393  1.9966181e-04 1.35e-07 7.01e+01  -4.1 1.83e-01    -  1.00e+00 1.95e-03h 10
1394  1.9960111e-04 2.16e-07 7.01e+01  -4.1 5.34e-02    -  1.00e+00 7.81e-03h  8
1395  1.9932578e-04 2.51e-06 7.09e+01  -4.1 3.58e-03    -  1.00e+00 5.00e-01h  2
1396  1.9921792e-04 1.25e-06 7.04e+01  -4.1 1.14e-03    -  1.00e+00 1.00e+00h  1
1397  1.9921382e-04 7.06e-07 7.11e+01  -4.1 2.41e-03    -  1.00e+00 5.00e-01h  2
1398  1.9920828e-04 7.51e-07 7.11e+01  -4.1 3.35e-02    -  1.00e+00 1.56e-02h  7
1399  1.9909596e-04 2.73e-06 7.11e+01  -4.1 2.19e-02    -  1.00e+00 1.25e-01h  4
iter    objective    inf_pr   inf_du lg(mu)  ||d||  lg(rg) alpha_du alpha_pr  ls
1400  1.9912464e-04 2.48e-06 7.03e+01  -4.1 6.48e-03    -  1.00e+00 1.25e-01h  4
1401  1.9907007e-04 1.51e-06 7.02e+01  -4.1 1.89e-03    -  1.00e+00 1.00e+00h  1
1402  1.9906661e-04 1.47e-06 7.12e+01  -4.1 1.95e-02    -  1.00e+00 3.12e-02h  6
1403  1.9916687e-04 1.23e-06 7.02e+01  -4.1 4.28e-03    -  1.00e+00 2.50e-01h  3
1404  1.9915325e-04 1.03e-06 7.02e+01  -4.1 5.98e-03    -  1.00e+00 1.25e-01h  4
1405  1.9896202e-04 1.50e-06 7.12e+01  -4.1 1.53e-01    -  1.00e+00 1.56e-02h  7
1406  1.9907937e-04 4.26e-07 7.12e+01  -4.1 1.40e-03    -  1.00e+00 1.00e+00h  1
1407  1.9907695e-04 4.32e-07 7.02e+01  -4.1 2.35e-02    -  1.00e+00 7.81e-03h  8
1408  1.9897524e-04 1.50e-06 7.02e+01  -4.1 2.70e-03    -  1.00e+00 5.00e-01h  2
1409  1.9897144e-04 1.49e-06 7.02e+01  -4.1 4.98e-02    -  1.00e+00 7.81e-03h  8
iter    objective    inf_pr   inf_du lg(mu)  ||d||  lg(rg) alpha_du alpha_pr  ls
1410  1.9891784e-04 2.42e-06 7.12e+01  -4.1 3.59e-03    -  1.00e+00 5.00e-01h  2
1411  1.9895449e-04 1.97e-06 7.12e+01  -4.1 4.00e-03    -  1.00e+00 2.50e-01h  3
1412  1.9895544e-04 1.92e-06 7.12e+01  -4.1 1.56e-02    -  1.00e+00 3.12e-02h  6
1413  1.9895516e-04 1.34e-06 7.12e+01  -4.1 1.82e-03    -  1.00e+00 5.00e-01h  2
1414  1.9895311e-04 1.34e-06 7.02e+01  -4.1 1.86e-01    -  1.00e+00 1.22e-04h 14
1415  1.9911446e-04 2.93e-07 7.12e+01  -4.1 6.37e-04    -  1.00e+00 1.00e+00h  1
1416  1.9907926e-04 3.20e-07 7.12e+01  -4.1 9.59e-03    -  1.00e+00 6.25e-02h  5
1417  1.9908143e-04 2.94e-07 7.12e+01  -4.1 1.75e-02    -  1.00e+00 1.56e-02h  7
1418  1.9901646e-04 1.03e-06 7.12e+01  -4.1 2.10e-03    -  1.00e+00 5.00e-01h  2
1419  1.9888550e-04 1.84e-06 7.02e+01  -4.1 2.61e-03    -  1.00e+00 5.00e-01h  2
iter    objective    inf_pr   inf_du lg(mu)  ||d||  lg(rg) alpha_du alpha_pr  ls
1420  1.9890005e-04 1.31e-06 7.12e+01  -4.1 2.98e-03    -  1.00e+00 2.50e-01h  3
1421  1.9898167e-04 9.54e-07 7.02e+01  -4.1 1.47e-03    -  1.00e+00 2.50e-01h  3
1422  1.9896233e-04 9.59e-07 7.02e+01  -4.1 9.26e-03    -  1.00e+00 6.25e-02h  5
1423  1.9894266e-04 9.04e-07 7.02e+01  -4.1 1.25e-02    -  1.00e+00 6.25e-02h  5
1424  1.9897859e-04 7.13e-07 7.02e+01  -4.1 1.08e-03    -  1.00e+00 2.50e-01h  3
1425  1.9896184e-04 4.16e-07 7.02e+01  -4.1 2.37e-03    -  1.00e+00 2.50e-01h  3
1426  1.9907568e-04 4.09e-07 7.02e+01  -4.1 1.55e-03    -  1.00e+00 5.00e-01h  2
1427  1.9906732e-04 4.04e-07 7.12e+01  -4.1 4.32e-02    -  1.00e+00 7.81e-03h  8
1428  1.9906614e-04 3.96e-07 7.02e+01  -4.1 1.19e-02    -  1.00e+00 1.56e-02h  7
1429  1.9906521e-04 3.94e-07 7.12e+01  -4.1 5.89e-02    -  1.00e+00 3.91e-03h  9
iter    objective    inf_pr   inf_du lg(mu)  ||d||  lg(rg) alpha_du alpha_pr  ls
1430  1.9906397e-04 3.90e-07 7.02e+01  -4.1 2.36e-02    -  1.00e+00 7.81e-03h  8
1431  1.9906397e-04 3.90e-07 7.12e+01  -4.1 4.54e-02    -  1.00e+00 1.13e-09h 30
1432  1.9904485e-04 7.01e-08 6.62e+01  -4.1 6.25e-05    -  1.00e+00 1.00e+00h  1
1433  1.9904196e-04 2.83e-08 7.00e+01  -4.1 9.70e-06    -  1.00e+00 1.00e+00h  1
1434  1.9942817e-04 3.88e-07 7.12e+01  -4.1 1.05e-03    -  1.00e+00 1.00e+00H  1
1435  1.9923288e-04 2.51e-07 7.01e+01  -4.1 5.92e-04    -  1.00e+00 1.00e+00h  1
1436  1.9898907e-04 4.95e-07 7.02e+01  -4.1 6.26e-04    -  1.00e+00 1.00e+00h  1
1437  1.9907358e-04 2.79e-07 7.12e+01  -4.1 5.06e-04  -4.0 1.00e+00 1.00e+00h  1
1438  1.9910262e-04 1.64e-07 7.12e+01  -4.1 4.93e-04    -  1.00e+00 1.00e+00h  1
1439  1.9916447e-04 7.22e-08 7.11e+01  -4.1 2.92e-04    -  1.00e+00 1.00e+00h  1
iter    objective    inf_pr   inf_du lg(mu)  ||d||  lg(rg) alpha_du alpha_pr  ls
1440  1.9926615e-04 4.46e-08 7.03e+01  -4.1 4.75e-04    -  1.00e+00 2.50e-01h  3
1441  1.9926895e-04 2.97e-08 7.03e+01  -4.1 3.42e-04    -  1.00e+00 2.50e-01h  3
1442  1.9920448e-04 2.70e-08 7.03e+01  -4.1 4.68e-01    -  1.00e+00 2.44e-04h 13
1443  1.9919276e-04 2.71e-08 7.11e+01  -4.1 7.12e-03    -  1.00e+00 3.91e-03h  9
1444  1.9919281e-04 2.71e-08 7.11e+01  -4.1 3.27e-03    -  1.00e+00 3.91e-03h  9
1445  1.9916034e-04 2.90e-08 7.04e+01  -4.1 9.02e-04    -  1.00e+00 1.25e-01h  4
1446  1.9916806e-04 2.24e-08 7.04e+01  -4.1 4.32e-04    -  1.00e+00 2.50e-01h  3
1447  1.9916417e-04 2.78e-08 7.04e+01  -4.1 1.67e-02    -  1.00e+00 7.81e-03h  8
1448  1.9916005e-04 2.64e-08 7.04e+01  -4.1 1.27e-03    -  1.00e+00 3.12e-02h  6
1449  1.9916206e-04 2.48e-08 7.10e+01  -4.1 4.87e-04    -  1.00e+00 6.25e-02h  5
iter    objective    inf_pr   inf_du lg(mu)  ||d||  lg(rg) alpha_du alpha_pr  ls
1450  1.9921607e-04 1.52e-08 7.03e+01  -4.1 3.83e-04    -  1.00e+00 1.00e+00H  1
1451  1.9921398e-04 1.58e-08 7.03e+01  -4.1 4.17e-03    -  1.00e+00 1.56e-02h  7
1452  1.9921049e-04 1.49e-08 7.04e+01  -4.1 1.53e-03    -  1.00e+00 6.25e-02h  5
1453  1.9920749e-04 1.69e-08 7.04e+01  -4.1 1.21e-02    -  1.00e+00 3.91e-03h  9
1454  1.9909941e-04 1.62e-07 7.06e+01  -4.1 4.95e-04    -  1.00e+00 1.00e+00h  1
1455  1.9913534e-04 1.33e-07 7.07e+01  -4.1 5.64e-04    -  1.00e+00 2.50e-01h  3
1456  1.9915300e-04 1.16e-07 7.07e+01  -4.1 7.49e-04    -  1.00e+00 2.50e-01h  3
1457  1.9913912e-04 1.16e-07 7.07e+01  -4.1 2.79e-02    -  1.00e+00 1.95e-03h 10
1458  1.9915421e-04 9.21e-08 7.08e+01  -4.1 4.66e-04    -  1.00e+00 2.50e-01h  3
1459  1.9915701e-04 8.67e-08 7.06e+01  -4.1 3.64e-04    -  1.00e+00 6.25e-02h  5
iter    objective    inf_pr   inf_du lg(mu)  ||d||  lg(rg) alpha_du alpha_pr  ls
1460  1.9913571e-04 1.25e-07 7.09e+01  -4.1 1.09e-02    -  1.00e+00 3.12e-02h  6
1461  1.9913771e-04 1.21e-07 7.09e+01  -4.1 1.99e-03    -  1.00e+00 3.12e-02h  6
1462  1.9913709e-04 1.19e-07 7.09e+01  -4.1 8.02e-03    -  1.00e+00 1.56e-02h  7
1463  1.9913876e-04 1.15e-07 7.09e+01  -4.1 1.03e-03    -  1.00e+00 3.12e-02h  6
1464  1.9913871e-04 1.14e-07 7.09e+01  -4.1 4.90e-03    -  1.00e+00 7.81e-03h  8
1465  1.9913865e-04 1.14e-07 7.05e+01  -4.1 1.61e-02    -  1.00e+00 4.88e-04h 12
1466  1.9913879e-04 1.13e-07 7.05e+01  -4.1 5.04e-03    -  1.00e+00 3.91e-03h  9
1467  1.9913891e-04 1.13e-07 7.05e+01  -4.1 7.65e-04    -  1.00e+00 1.95e-03h 10
1468  1.9913883e-04 1.12e-07 7.05e+01  -4.1 6.87e-03    -  1.00e+00 7.81e-03h  8
1469  1.9913889e-04 1.12e-07 7.05e+01  -4.1 2.05e-03    -  1.00e+00 1.95e-03h 10
iter    objective    inf_pr   inf_du lg(mu)  ||d||  lg(rg) alpha_du alpha_pr  ls
1470  1.9915367e-04 1.10e-07 7.09e+01  -4.1 7.96e-04    -  1.00e+00 2.50e-01h  3
1471  1.9915306e-04 1.07e-07 7.09e+01  -4.1 2.44e-03    -  1.00e+00 3.12e-02h  6
1472  1.9915315e-04 1.07e-07 7.09e+01  -4.1 4.54e-03    -  1.00e+00 7.81e-03h  8
1473  1.9915381e-04 1.05e-07 7.05e+01  -4.1 1.10e-03    -  1.00e+00 1.56e-02h  7
1474  1.9915177e-04 1.08e-07 7.05e+01  -4.1 7.08e-03    -  1.00e+00 1.56e-02h  7
1475  1.9915354e-04 1.02e-07 7.05e+01  -4.1 9.53e-04    -  1.00e+00 6.25e-02h  5
1476  1.9915382e-04 1.01e-07 7.05e+01  -4.1 1.42e-03    -  1.00e+00 1.56e-02h  7
1477  1.9915382e-04 1.00e-07 7.05e+01  -4.1 5.58e-03    -  1.00e+00 1.95e-03h 10
1478  1.9915306e-04 9.95e-08 7.05e+01  -4.1 3.72e-03    -  1.00e+00 1.56e-02h  7
1479  1.9915340e-04 9.68e-08 7.09e+01  -4.1 1.08e-03    -  1.00e+00 3.12e-02h  6
iter    objective    inf_pr   inf_du lg(mu)  ||d||  lg(rg) alpha_du alpha_pr  ls
1480  1.9915387e-04 9.40e-08 7.09e+01  -4.1 8.82e-04    -  1.00e+00 3.12e-02h  6
1481  1.9915383e-04 9.40e-08 7.05e+01  -4.1 6.92e+00    -  3.20e-02 1.37e-10h 31
1482  1.9915400e-04 9.33e-08 7.05e+01  -4.1 5.61e-04    -  1.00e+00 7.81e-03h  8
1483  1.9915380e-04 9.22e-08 7.05e+01  -4.1 3.52e-03    -  1.00e+00 1.56e-02h  7
1484  1.9915264e-04 9.15e-08 7.05e+01  -4.1 7.41e-03    -  1.00e+00 7.81e-03h  8
1485  1.9915192e-04 9.12e-08 7.05e+01  -4.1 9.10e-03    -  1.00e+00 3.91e-03h  9
1486  1.9915117e-04 9.08e-08 7.05e+01  -4.1 8.55e-03    -  1.00e+00 3.91e-03h  9
1487  1.9914405e-04 2.01e-07 7.09e+01  -4.1 1.90e-02    -  1.00e+00 6.25e-02h  5
1488  1.9913908e-04 3.06e-07 7.09e+01  -4.1 2.40e-02    -  1.00e+00 3.12e-02h  6
1489  1.9913908e-04 3.06e-07 7.05e+01  -4.1 4.33e+00    -  5.08e-02 4.37e-11h 34
iter    objective    inf_pr   inf_du lg(mu)  ||d||  lg(rg) alpha_du alpha_pr  ls
1490  1.9914127e-04 2.31e-07 7.10e+01  -4.1 1.30e-03    -  1.00e+00 2.50e-01h  3
1491  1.9913546e-04 2.35e-07 7.05e+01  -4.1 4.99e-03    -  1.00e+00 6.25e-02h  5
1492  1.9912016e-04 2.43e-07 7.05e+01  -4.1 1.08e-02    -  1.00e+00 6.25e-02h  5
1493  1.9908005e-04 1.12e-06 7.10e+01  -4.1 2.22e-02    -  1.00e+00 6.25e-02h  5
1494  1.9901869e-04 1.59e-06 7.04e+01  -4.1 3.90e-02  -4.5 1.00e+00 3.12e-02h  6
1495  1.9901869e-04 1.59e-06 7.04e+01  -4.1 4.15e-02    -  1.00e+00 4.65e-11h 35
1496r 1.9901869e-04 1.59e-06 9.51e+02  -4.1 0.00e+00    -  0.00e+00 6.01e-13R 40
1497r 2.1568180e-04 3.89e-07 8.93e-01  -4.0 3.97e-04    -  1.00e+00 5.16e-02f  1
1498r 1.7340993e-03 3.73e-05 2.96e-02  -4.0 6.48e-03    -  1.00e+00 1.00e+00f  1
1499r 3.3820582e-03 1.44e-05 6.49e-03  -4.1 4.04e-03    -  1.00e+00 1.00e+00h  1
iter    objective    inf_pr   inf_du lg(mu)  ||d||  lg(rg) alpha_du alpha_pr  ls
1500r 2.0178777e-03 6.95e-06 3.89e-03  -4.0 2.80e-03    -  1.00e+00 1.00e+00f  1
1501r 3.6131413e-04 5.79e-07 1.19e-04  -4.1 8.10e-04    -  1.00e+00 1.00e+00f  1
1502r 2.0002713e-04 1.41e-09 5.05e-05  -4.0 3.76e-05    -  1.00e+00 1.00e+00f  1
1503  1.9805038e-04 1.38e-04 6.94e+01  -4.1 4.88e-02    -  1.00e+00 2.50e-01h  3
1504  1.9803815e-04 3.48e-05 7.06e+01  -4.1 6.10e-03    -  1.00e+00 1.00e+00h  1
1505  1.9859506e-04 8.67e-06 7.05e+01  -4.1 3.05e-03    -  1.00e+00 1.00e+00h  1
1506  1.9900558e-04 2.16e-06 7.11e+01  -4.1 1.53e-03    -  1.00e+00 1.00e+00h  1
1507  1.9906457e-04 5.51e-07 7.03e+01  -4.1 7.62e-04    -  1.00e+00 1.00e+00h  1
1508  1.9913848e-04 1.37e-07 7.12e+01  -4.1 3.85e-04    -  1.00e+00 1.00e+00h  1
1509  1.9922581e-04 8.49e-08 7.02e+01  -4.1 2.62e-04    -  1.00e+00 1.00e+00h  1
iter    objective    inf_pr   inf_du lg(mu)  ||d||  lg(rg) alpha_du alpha_pr  ls
1510  1.9915488e-04 4.40e-09 7.10e+01  -4.1 8.96e-05    -  1.00e+00 1.00e+00h  1
1511  1.9920853e-04 5.26e-09 7.05e+01  -4.1 8.19e-05    -  1.00e+00 1.00e+00h  1
1512  1.9918353e-04 4.85e-10 7.06e+01  -4.1 3.30e-05    -  1.00e+00 1.00e+00h  1
1513  1.9917240e-04 7.58e-10 7.09e+01  -4.1 3.45e-03    -  1.00e+00 7.81e-03h  8
1514  1.9916862e-04 2.07e-09 7.07e+01  -4.1 5.53e-05    -  1.00e+00 1.00e+00h  1
1515  1.9919943e-04 1.76e-09 7.08e+01  -4.1 9.59e-05    -  1.00e+00 1.00e+00H  1
1516  1.9919857e-04 2.19e-09 7.06e+01  -4.1 8.61e-04    -  1.00e+00 6.25e-02h  5
1517  1.9919590e-04 2.57e-09 7.08e+01  -4.1 2.91e-03    -  1.00e+00 7.81e-03h  8
1518  1.9894646e-04 7.01e-07 7.10e+01  -4.1 4.49e-03    -  1.00e+00 2.50e-01h  3
1519  1.9897459e-04 6.70e-07 7.10e+01  -4.1 6.67e-03    -  1.00e+00 6.25e-02h  5
iter    objective    inf_pr   inf_du lg(mu)  ||d||  lg(rg) alpha_du alpha_pr  ls
1520  1.9894654e-04 7.25e-07 7.10e+01  -4.1 1.62e-02    -  1.00e+00 3.12e-02h  6
1521  1.9893356e-04 7.15e-07 7.10e+01  -4.1 5.33e-02    -  1.00e+00 7.81e-03h  8
1522  1.9893362e-04 7.13e-07 7.10e+01  -4.1 2.34e-02    -  1.00e+00 1.95e-03h 10
1523  1.9900536e-04 5.64e-07 7.08e+01  -4.1 6.71e-04    -  1.00e+00 2.50e-01h  3
1524  1.9899956e-04 5.64e-07 7.06e+01  -4.1 3.92e-01    -  1.00e+00 3.05e-05h 16
1525  1.9898136e-04 5.74e-07 7.06e+01  -4.1 3.74e-02    -  1.00e+00 1.56e-02h  7
1526  1.9900610e-04 3.77e-07 7.09e+01  -4.1 1.08e-03    -  1.00e+00 5.00e-01h  2
1527  1.9905884e-04 3.62e-07 7.03e+01  -4.1 9.01e-04    -  1.00e+00 5.00e-01h  2
1528  1.9906237e-04 3.53e-07 7.11e+01  -4.1 1.58e-03    -  1.00e+00 2.50e-01h  3
1529  1.9910542e-04 2.85e-07 7.11e+01  -4.1 8.17e-04    -  1.00e+00 5.00e-01h  2
iter    objective    inf_pr   inf_du lg(mu)  ||d||  lg(rg) alpha_du alpha_pr  ls
1530  1.9909799e-04 3.37e-07 7.03e+01  -4.1 4.35e-03    -  1.00e+00 6.25e-02h  5
1531  1.9914838e-04 7.94e-08 7.04e+01  -4.1 2.86e-04    -  1.00e+00 1.00e+00h  1
1532  1.9914190e-04 8.65e-08 7.11e+01  -4.1 2.29e-03    -  1.00e+00 1.25e-01h  4
1533  1.9914807e-04 3.69e-08 7.10e+01  -4.1 2.84e-04    -  1.00e+00 1.00e+00h  1
1534  1.9914757e-04 3.44e-08 7.10e+01  -4.1 1.33e-02    -  1.00e+00 7.81e-03h  8
1535  1.9914753e-04 3.43e-08 7.04e+01  -4.1 2.65e-02    -  1.00e+00 9.77e-04h 11
1536  1.9914536e-04 4.99e-08 7.04e+01  -4.1 2.88e-03    -  1.00e+00 6.25e-02h  5
1537  1.9914208e-04 6.76e-08 7.04e+01  -4.1 3.01e-03    -  1.00e+00 6.25e-02h  5
1538  1.9913693e-04 8.64e-08 7.10e+01  -4.1 1.38e-03    -  1.00e+00 2.50e-01h  3
1539  1.9913661e-04 8.18e-08 7.04e+01  -4.1 1.50e-02    -  1.00e+00 7.81e-03h  8
iter    objective    inf_pr   inf_du lg(mu)  ||d||  lg(rg) alpha_du alpha_pr  ls
1540  1.9915333e-04 1.67e-08 7.09e+01  -4.1 2.09e-04    -  1.00e+00 1.00e+00h  1
1541  1.9914991e-04 6.79e-09 7.06e+01  -4.1 9.20e-05    -  1.00e+00 1.00e+00h  1
1542  1.9916051e-04 2.56e-09 7.06e+01  -4.1 1.20e-04    -  1.00e+00 5.00e-01h  2
1543  1.9916068e-04 2.51e-09 7.06e+01  -4.1 2.11e-03    -  1.00e+00 1.56e-02h  7
1544  1.9913962e-04 6.42e-08 7.06e+01  -4.1 3.61e-04    -  1.00e+00 1.00e+00h  1
1545  1.9914135e-04 6.43e-08 7.06e+01  -4.1 1.48e-03    -  1.00e+00 3.12e-02h  6
1546  1.9914281e-04 6.39e-08 7.06e+01  -4.1 1.47e-03    -  1.00e+00 6.25e-02h  5
1547  1.9914177e-04 5.59e-08 7.08e+01  -4.1 3.48e-04    -  1.00e+00 1.25e-01h  4
1548  1.9914154e-04 5.50e-08 7.06e+01  -4.1 2.00e-03    -  1.00e+00 3.12e-02h  6
1549  1.9914614e-04 4.82e-08 7.07e+01  -4.1 2.49e-04    -  1.00e+00 1.25e-01h  4
iter    objective    inf_pr   inf_du lg(mu)  ||d||  lg(rg) alpha_du alpha_pr  ls
1550  1.9914116e-04 5.55e-08 7.08e+01  -4.1 1.74e-02    -  1.00e+00 7.81e-03h  8
1551  1.9914216e-04 5.41e-08 7.08e+01  -4.1 9.22e-04    -  1.00e+00 3.12e-02h  6
1552  1.9914332e-04 5.24e-08 7.08e+01  -4.1 1.62e-03    -  1.00e+00 3.12e-02h  6
1553  1.9914480e-04 5.09e-08 7.07e+01  -4.1 4.70e-04    -  1.00e+00 3.12e-02h  6
1554  1.9914470e-04 5.11e-08 7.07e+01  -4.1 2.19e-02    -  1.00e+00 9.77e-04h 11
1555  1.9914549e-04 5.11e-08 7.07e+01  -4.1 2.48e-03    -  1.00e+00 1.56e-02h  7
1556  1.9914739e-04 5.54e-08 7.07e+01  -4.1 6.88e-04    -  1.00e+00 2.50e-01h  3
1557  1.9914743e-04 5.53e-08 7.07e+01  -4.1 1.05e-03    -  1.00e+00 9.77e-04h 11
1558  1.9914744e-04 5.52e-08 7.07e+01  -4.1 7.73e-04    -  1.00e+00 9.77e-04h 11
1559  1.9914742e-04 5.53e-08 7.07e+01  -4.1 7.21e-03    -  1.00e+00 1.95e-03h 10
iter    objective    inf_pr   inf_du lg(mu)  ||d||  lg(rg) alpha_du alpha_pr  ls
1560  1.9914457e-04 5.72e-08 7.07e+01  -4.1 5.32e-03    -  1.00e+00 1.56e-02h  7
1561  1.9914459e-04 5.71e-08 7.07e+01  -4.1 3.33e-03    -  1.00e+00 1.95e-03h 10
1562  1.9914448e-04 5.71e-08 7.07e+01  -4.1 2.05e-02    -  1.00e+00 4.88e-04h 12
1563  1.9914447e-04 5.71e-08 7.08e+01  -4.1 5.16e-01    -  9.24e-01 9.31e-10h 31
1564  1.9914687e-04 5.09e-08 7.07e+01  -4.1 2.48e-04    -  1.00e+00 1.25e-01h  4
1565  1.9914740e-04 4.94e-08 7.07e+01  -4.1 1.33e-04    -  1.00e+00 3.12e-02h  6
1566  1.9914740e-04 4.93e-08 7.07e+01  -4.1 6.00e-03    -  1.00e+00 1.95e-03h 10
1567  1.9914745e-04 4.92e-08 7.07e+01  -4.1 8.32e-04    -  1.00e+00 1.95e-03h 10
1568  1.9914663e-04 4.80e-08 7.07e+01  -4.1 1.31e-03    -  1.00e+00 3.12e-02h  6
1569  1.9914730e-04 4.21e-08 7.07e+01  -4.1 3.69e-04    -  1.00e+00 1.25e-01h  4
iter    objective    inf_pr   inf_du lg(mu)  ||d||  lg(rg) alpha_du alpha_pr  ls
1570  1.9914715e-04 4.25e-08 7.07e+01  -4.1 2.51e-03    -  1.00e+00 1.56e-02h  7
1571  1.9914678e-04 4.21e-08 7.07e+01  -4.1 5.33e-03    -  1.00e+00 7.81e-03h  8
1572  1.9914678e-04 4.21e-08 7.07e+01  -4.1 8.60e-01    -  9.54e-01 3.97e-10h 32
1573  1.9914865e-04 3.21e-08 7.07e+01  -4.1 1.17e-04    -  1.00e+00 2.50e-01h  3
1574  1.9914904e-04 3.19e-08 7.07e+01  -4.1 1.43e-03    -  1.00e+00 1.56e-02h  7
1575  1.9914692e-04 3.27e-08 7.07e+01  -4.1 3.94e-03    -  1.00e+00 1.56e-02h  7
1576  1.9914693e-04 3.27e-08 7.07e+01  -4.1 2.37e-03    -  1.00e+00 7.81e-03h  8
1577  1.9914750e-04 3.22e-08 7.07e+01  -4.1 3.39e-04    -  1.00e+00 1.56e-02h  7
1578  1.9914576e-04 3.17e-08 7.07e+01  -4.1 4.76e-03    -  1.00e+00 1.56e-02h  7
1579  1.9914488e-04 3.12e-08 7.07e+01  -4.1 3.29e-03    -  1.00e+00 1.56e-02h  7
iter    objective    inf_pr   inf_du lg(mu)  ||d||  lg(rg) alpha_du alpha_pr  ls
1580  1.9914488e-04 3.12e-08 7.07e+01  -4.1 3.25e+00    -  3.07e-01 1.43e-10h 32
1581  1.9915304e-04 3.14e-09 7.08e+01  -4.1 6.04e-05    -  1.00e+00 1.00e+00h  1
1582  1.9915231e-04 2.69e-09 7.08e+01  -4.1 2.24e-03    -  1.00e+00 1.56e-02h  7
1583  1.9915284e-04 2.67e-09 7.07e+01  -4.1 6.35e-04    -  1.00e+00 3.12e-02h  6
1584  1.9915295e-04 2.55e-09 7.07e+01  -4.1 3.72e-04    -  1.00e+00 6.25e-02h  5
1585  1.9914676e-04 1.12e-08 7.08e+01  -4.1 1.65e-03    -  1.00e+00 1.25e-01h  4
1586  1.9913920e-04 4.44e-08 7.06e+01  -4.1 1.84e-03    -  1.00e+00 1.25e-01h  4
1587  1.9914068e-04 4.34e-08 7.06e+01  -4.1 1.32e-03    -  1.00e+00 3.12e-02h  6
1588  1.9914501e-04 3.59e-08 7.08e+01  -4.1 2.67e-04    -  1.00e+00 2.50e-01h  3
1589  1.9914486e-04 3.74e-08 7.06e+01  -4.1 4.53e-03    -  1.00e+00 1.56e-02h  7
iter    objective    inf_pr   inf_du lg(mu)  ||d||  lg(rg) alpha_du alpha_pr  ls
1590  1.9914644e-04 3.28e-08 7.06e+01  -4.1 1.55e-04    -  1.00e+00 1.25e-01h  4
1591  1.9914282e-04 3.36e-08 7.06e+01  -4.1 1.74e-02    -  1.00e+00 7.81e-03h  8
1592  1.9914417e-04 3.27e-08 7.06e+01  -4.1 7.29e-04    -  1.00e+00 3.12e-02h  6
1593  1.9914399e-04 3.28e-08 7.06e+01  -4.1 7.82e-03    -  1.00e+00 1.95e-03h 10
1594  1.9914411e-04 3.25e-08 7.06e+01  -4.1 1.61e-03    -  1.00e+00 7.81e-03h  8
1595  1.9914401e-04 3.28e-08 7.08e+01  -4.1 2.05e-02    -  1.00e+00 9.77e-04h 11
1596  1.9914380e-04 3.34e-08 7.08e+01  -4.1 1.55e-02    -  1.00e+00 1.95e-03h 10
1597  1.9914375e-04 3.33e-08 7.08e+01  -4.1 9.74e-03    -  1.00e+00 9.77e-04h 11
1598  1.9914372e-04 3.32e-08 7.08e+01  -4.1 4.17e-03    -  1.00e+00 3.91e-03h  9
1599  1.9914278e-04 3.31e-08 7.08e+01  -4.1 1.67e-02    -  1.00e+00 3.91e-03h  9
iter    objective    inf_pr   inf_du lg(mu)  ||d||  lg(rg) alpha_du alpha_pr  ls
1600  1.9914226e-04 3.31e-08 7.06e+01  -4.1 3.65e-02    -  1.00e+00 9.77e-04h 11
1601  1.9914040e-04 8.67e-08 7.06e+01  -4.1 3.26e-02    -  1.00e+00 1.56e-02h  7
1602  1.9913453e-04 1.46e-07 7.06e+01  -4.1 2.12e-02    -  1.00e+00 1.56e-02h  7
1603  1.9913442e-04 1.46e-07 7.08e+01  -4.1 3.47e+00    -  1.72e-01 3.14e-09h 28
1604  1.9914005e-04 1.28e-07 7.08e+01  -4.1 3.64e-04    -  1.00e+00 1.25e-01h  4
1605  1.9912281e-04 2.28e-07 7.06e+01  -4.1 3.30e-02    -  1.00e+00 1.56e-02h  7
1606  1.9912239e-04 2.94e-07 7.06e+01  -4.1 3.49e-02    -  1.00e+00 1.56e-02h  7
1607  1.9911942e-04 3.14e-07 7.06e+01  -4.1 6.68e-02    -  1.00e+00 7.81e-03h  8
1608  1.9912151e-04 2.95e-07 7.06e+01  -4.1 9.37e-04    -  1.00e+00 6.25e-02h  5
1609  1.9911168e-04 3.59e-07 7.08e+01  -4.1 6.89e-03    -  1.00e+00 1.25e-01h  4
iter    objective    inf_pr   inf_du lg(mu)  ||d||  lg(rg) alpha_du alpha_pr  ls
1610  1.9911361e-04 3.59e-07 7.07e+01  -4.1 6.48e-02    -  1.00e+00 4.88e-04h 12
1611  1.9911199e-04 3.55e-07 7.07e+01  -4.1 6.44e-03    -  1.00e+00 3.12e-02h  6
1612  1.9910013e-04 3.68e-07 7.07e+01  -4.1 2.85e-02    -  1.00e+00 1.56e-02h  7
1613  1.9909951e-04 3.80e-07 7.07e+01  -4.1 2.62e-02    -  1.00e+00 7.81e-03h  8
1614  1.9909503e-04 3.43e-07 7.07e+01  -4.1 2.95e-02    -  1.00e+00 3.12e-02h  6
1615  1.9908921e-04 5.48e-07 7.07e+01  -4.1 4.24e-02    -  1.00e+00 1.56e-02h  7
1616  1.9908277e-04 5.55e-07 7.07e+01  -4.1 1.11e-01    -  1.00e+00 3.91e-03h  9
1617  1.9908441e-04 5.55e-07 7.07e+01  -4.1 7.18e-02    -  1.00e+00 4.88e-04h 12
1618  1.9908872e-04 4.67e-07 7.07e+01  -4.1 2.72e-03    -  1.00e+00 1.25e-01h  4
1619  1.9908729e-04 4.71e-07 7.07e+01  -4.1 1.12e-02    -  1.00e+00 1.56e-02h  7
iter    objective    inf_pr   inf_du lg(mu)  ||d||  lg(rg) alpha_du alpha_pr  ls
1620  1.9908769e-04 4.60e-07 7.08e+01  -4.1 2.87e-03    -  1.00e+00 1.25e-01h  4
1621  1.9908387e-04 5.64e-07 7.08e+01  -4.1 1.79e-02    -  1.00e+00 3.12e-02h  6
1622  1.9908209e-04 6.40e-07 7.08e+01  -4.1 1.20e-02    -  1.00e+00 3.12e-02h  6
1623  1.9908015e-04 6.40e-07 7.06e+01  -4.1 9.68e-02    -  1.00e+00 3.91e-03h  9
1624  1.9907873e-04 6.42e-07 7.08e+01  -4.1 9.07e-02    -  1.00e+00 3.91e-03h  9
1625  1.9907699e-04 6.42e-07 7.06e+01  -4.1 9.47e-02    -  1.00e+00 3.91e-03h  9
1626  1.9907672e-04 6.42e-07 7.08e+01  -4.1 9.20e-03    -  1.00e+00 1.19e-07h 24
1627  1.9889775e-04 3.93e-07 3.69e+01  -4.1 5.68e-04    -  1.00e+00 1.00e+00h  1
1628  1.9893117e-04 2.44e-07 7.61e+01  -4.1 1.14e-04    -  1.00e+00 1.00e+00h  1
1629  1.9906149e-04 1.61e-07 6.69e+01  -4.1 4.08e-04    -  1.00e+00 1.00e+00h  1
iter    objective    inf_pr   inf_du lg(mu)  ||d||  lg(rg) alpha_du alpha_pr  ls
1630  1.9910982e-04 2.18e-08 6.70e+01  -4.1 1.53e-04    -  1.00e+00 1.00e+00h  1
1631  1.9911342e-04 1.90e-10 6.69e+01  -4.1 1.50e-05    -  1.00e+00 1.00e+00h  1
1632  1.9912605e-04 2.55e-11 7.45e+01  -4.1 1.41e-04    -  1.00e+00 1.00e+00H  1
1633  1.9913636e-04 4.47e-11 6.69e+01  -4.1 6.08e-02    -  1.00e+00 2.44e-04h 13
1634  1.9913779e-04 1.43e-11 6.70e+01  -4.1 6.85e-05    -  1.00e+00 1.00e+00H  1
1635  1.9913536e-04 2.77e-10 7.45e+01  -4.1 1.21e-04    -  1.00e+00 1.25e-01h  4
1636  1.9911970e-04 4.21e-09 6.69e+01  -4.1 1.19e-04    -  1.00e+00 5.00e-01h  2
1637  1.9912584e-04 5.11e-09 6.70e+01  -4.1 3.59e-04    -  1.00e+00 1.25e-01h  4
1638  1.9912592e-04 4.82e-09 6.70e+01  -4.1 1.10e-04    -  1.00e+00 6.25e-02h  5
1639r 1.9912592e-04 4.82e-09 3.01e+01  -4.1 0.00e+00    -  0.00e+00 4.77e-07R 22
iter    objective    inf_pr   inf_du lg(mu)  ||d||  lg(rg) alpha_du alpha_pr  ls
1640r 2.0310669e-04 3.43e-09 2.36e-04  -4.0 4.64e-05    -  1.00e+00 1.00e+00f  1
1641r 2.0151219e-04 1.21e-10 6.88e-06  -4.1 6.01e-06    -  1.00e+00 1.00e+00f  1
1642r 2.0161937e-04 1.26e-10 2.71e-06  -6.1 6.77e-07    -  1.00e+00 1.00e+00f  1
1643r 1.9997739e-04 1.12e-07 1.88e-03  -4.0 3.34e-04    -  1.00e+00 1.00e+00f  1
1644r 2.2056904e-04 7.07e-08 3.05e-04  -4.1 2.65e-04    -  1.00e+00 1.00e+00f  1
1645r 2.0276375e-04 1.25e-10 9.76e-06  -6.1 2.41e-06    -  1.00e+00 1.00e+00f  1
1646r 1.9986126e-04 1.41e-10 5.52e-07  -9.0 1.17e-05    -  1.00e+00 1.00e+00f  1
1647  1.9985010e-04 1.39e-10 7.07e+01  -4.1 1.07e-01    -  1.00e+00 6.10e-05h 15
1648  1.9983879e-04 1.38e-10 7.07e+01  -4.1 2.65e-02    -  1.00e+00 6.10e-05h 15
1649  1.9976583e-04 1.56e-10 7.07e+01  -4.1 3.45e+00  -3.6 2.03e-01 1.45e-06f 19
iter    objective    inf_pr   inf_du lg(mu)  ||d||  lg(rg) alpha_du alpha_pr  ls
1650  1.9968261e-04 1.59e-10 7.07e+01  -4.1 1.19e+02    -  1.62e-02 3.13e-08f 20
1651  1.9964484e-04 1.60e-10 7.07e+01  -4.1 9.75e+01    -  7.29e-03 1.88e-08f 21
1652  1.9920316e-04 8.65e-10 7.07e+01  -4.1 8.06e+01    -  4.03e-02 3.61e-07f 17
1653  1.9918417e-04 8.61e-10 7.07e+01  -4.1 1.84e-03    -  1.00e+00 6.10e-05h 15
1654  1.9914636e-04 9.16e-12 7.01e+01  -4.1 3.54e-07    -  1.00e+00 1.00e+00h  1
1655  1.9915487e-04 1.33e-11 7.13e+01  -4.1 6.57e-07    -  1.00e+00 1.00e+00h  1
1656  1.9913958e-04 1.72e-11 7.13e+01  -4.1 4.36e-06    -  1.00e+00 1.00e+00h  1
1657  1.9914440e-04 1.72e-11 7.01e+01  -4.1 4.43e-06    -  1.00e+00 1.00e+00h  1
1658  1.9904989e-04 1.28e-07 7.01e+01  -4.1 4.15e-04    -  1.00e+00 1.00e+00h  1
1659  1.9908603e-04 2.20e-08 7.12e+01  -4.1 1.71e-04    -  1.00e+00 1.00e+00h  1
iter    objective    inf_pr   inf_du lg(mu)  ||d||  lg(rg) alpha_du alpha_pr  ls
1660  1.9909072e-04 2.66e-08 7.03e+01  -4.1 1.68e-04    -  1.00e+00 1.00e+00h  1
1661  1.9908796e-04 7.01e-09 7.04e+01  -4.1 7.82e-05    -  1.00e+00 1.00e+00h  1
1662  1.9910630e-04 3.96e-09 7.10e+01  -4.1 5.40e-05    -  1.00e+00 1.00e+00h  1
1663  1.9909630e-04 3.20e-09 7.05e+01  -4.1 4.93e-05    -  1.00e+00 1.00e+00h  1
1664  1.9909911e-04 6.91e-10 7.08e+01  -4.1 2.45e-05    -  1.00e+00 1.00e+00h  1
1665  1.9910914e-04 1.53e-09 7.08e+01  -4.1 8.26e-05    -  1.00e+00 5.00e-01h  2
1666  1.9910901e-04 1.50e-09 7.06e+01  -4.1 1.21e-03    -  1.00e+00 1.56e-02h  7
1667  1.9910665e-04 1.53e-09 7.06e+01  -4.1 5.84e-02    -  1.00e+00 9.77e-04h 11
1668  1.9905836e-04 1.70e-08 7.08e+01  -4.1 1.55e-04    -  1.00e+00 1.00e+00h  1
1669  1.9907726e-04 1.80e-08 7.07e+01  -4.1 5.90e-04    -  1.00e+00 2.50e-01h  3
iter    objective    inf_pr   inf_du lg(mu)  ||d||  lg(rg) alpha_du alpha_pr  ls
1670  1.9908225e-04 1.64e-08 7.07e+01  -4.1 2.43e-04    -  1.00e+00 1.25e-01h  4
1671  1.9908011e-04 1.96e-08 7.07e+01  -4.1 2.30e-03    -  1.00e+00 6.25e-02h  5
1672  1.9908066e-04 2.33e-08 7.08e+01  -4.1 7.83e-04    -  1.00e+00 1.25e-01h  4
1673  1.9908012e-04 2.33e-08 7.06e+01  -4.1 1.84e-03    -  1.00e+00 7.81e-03h  8
1674  1.9908389e-04 2.06e-08 7.08e+01  -4.1 1.51e-04    -  1.00e+00 1.25e-01h  4
1675  1.9897503e-04 8.32e-07 7.09e+01  -4.1 9.96e-04    -  1.00e+00 1.00e+00h  1
1676  1.9903681e-04 6.28e-07 7.08e+01  -4.1 1.62e-03    -  1.00e+00 2.50e-01h  3
1677  1.9901222e-04 5.72e-07 7.05e+01  -4.1 8.47e-04    -  1.00e+00 5.00e-01h  2
1678  1.9903986e-04 1.25e-07 7.12e+01  -4.1 4.51e-04    -  1.00e+00 1.00e+00h  1
1679  1.9903934e-04 3.85e-07 7.02e+01  -4.1 1.17e-02    -  1.00e+00 6.25e-02h  5
iter    objective    inf_pr   inf_du lg(mu)  ||d||  lg(rg) alpha_du alpha_pr  ls
1680  1.9903944e-04 2.90e-07 7.12e+01  -4.1 5.67e-04    -  1.00e+00 2.50e-01h  3
1681  1.9903377e-04 4.40e-07 7.02e+01  -4.1 4.76e-03    -  1.00e+00 1.25e-01h  4
1682  1.9898674e-04 3.43e-07 7.11e+01  -4.1 5.98e-04    -  1.00e+00 1.00e+00h  1
1683  1.9900849e-04 2.36e-07 7.11e+01  -4.1 6.29e-04    -  1.00e+00 5.00e-01h  2
1684  1.9896156e-04 9.87e-07 7.03e+01  -4.1 8.61e-03    -  1.00e+00 1.25e-01h  4
1685  1.9896075e-04 9.87e-07 7.03e+01  -4.1 2.24e-02    -  1.00e+00 7.81e-03h  8
1686  1.9895403e-04 1.17e-06 7.03e+01  -4.1 5.46e-03    -  1.00e+00 1.25e-01h  4
1687  1.9895117e-04 1.16e-06 7.11e+01  -4.1 7.44e-03    -  1.00e+00 3.12e-02h  6
1688  1.9892805e-04 1.15e-06 7.03e+01  -4.1 3.82e-03    -  1.00e+00 1.25e-01h  4
1689  1.9885113e-04 1.51e-06 7.11e+01  -4.1 4.98e-03    -  1.00e+00 2.50e-01h  3
iter    objective    inf_pr   inf_du lg(mu)  ||d||  lg(rg) alpha_du alpha_pr  ls
1690  1.9887048e-04 9.96e-07 7.12e+01  -4.1 1.87e-03    -  1.00e+00 5.00e-01h  2
1691  1.9886703e-04 9.70e-07 7.12e+01  -4.1 1.72e-02    -  1.00e+00 3.12e-02h  6
1692  1.9884323e-04 1.28e-06 7.12e+01  -4.1 1.20e-02    -  1.00e+00 6.25e-02h  5
1693  1.9888833e-04 6.32e-07 7.02e+01  -4.1 1.22e-03    -  1.00e+00 5.00e-01h  2
1694  1.9892300e-04 4.79e-07 7.12e+01  -4.1 8.96e-04    -  1.00e+00 2.50e-01h  3
1695  1.9893651e-04 4.51e-07 7.12e+01  -4.1 1.56e-03    -  1.00e+00 1.25e-01h  4
1696  1.9893412e-04 4.47e-07 7.12e+01  -4.1 4.98e-03    -  1.00e+00 1.56e-02h  7
1697  1.9893544e-04 3.87e-07 7.02e+01  -4.1 2.58e-03    -  1.00e+00 2.50e-01h  3
1698  1.9887466e-04 4.03e-07 7.02e+01  -4.1 9.74e-04    -  1.00e+00 1.00e+00h  1
1699  1.9893216e-04 1.97e-07 7.12e+01  -4.1 3.70e-04    -  1.00e+00 5.00e-01h  2
iter    objective    inf_pr   inf_du lg(mu)  ||d||  lg(rg) alpha_du alpha_pr  ls
1700  1.9896765e-04 2.50e-07 7.02e+01  -4.1 9.63e-04    -  1.00e+00 5.00e-01h  2
1701  1.9898019e-04 1.99e-07 7.03e+01  -4.1 8.70e-04    -  1.00e+00 2.50e-01h  3
1702  1.9897033e-04 1.81e-07 7.12e+01  -4.1 7.72e-03    -  1.00e+00 3.12e-02h  6
1703  1.9902707e-04 2.97e-08 7.03e+01  -4.1 3.29e-04    -  1.00e+00 1.00e+00h  1
1704  1.9902579e-04 8.82e-08 7.04e+01  -4.1 4.46e-04    -  1.00e+00 1.00e+00h  1
1705  1.9902306e-04 1.20e-07 7.04e+01  -4.1 8.28e-03    -  1.00e+00 3.12e-02h  6
1706  1.9901933e-04 1.03e-07 7.10e+01  -4.1 1.01e-03    -  1.00e+00 2.50e-01h  3
1707  1.9900284e-04 1.07e-07 7.04e+01  -4.1 5.40e-02    -  1.00e+00 3.91e-03h  9
1708  1.9901693e-04 7.00e-08 7.11e+01  -4.1 5.24e-04    -  1.00e+00 5.00e-01h  2
1709  1.9901617e-04 6.75e-08 7.04e+01  -4.1 1.02e-02    -  1.00e+00 1.56e-02h  7
iter    objective    inf_pr   inf_du lg(mu)  ||d||  lg(rg) alpha_du alpha_pr  ls
1710  1.9904770e-04 4.39e-08 7.04e+01  -4.1 3.14e-04    -  1.00e+00 1.00e+00h  1
1711  1.9903668e-04 5.10e-08 7.05e+01  -4.1 7.99e-04    -  1.00e+00 2.50e-01h  3
1712  1.9904841e-04 6.42e-08 7.10e+01  -4.1 5.94e-04    -  1.00e+00 5.00e-01h  2
1713  1.9904667e-04 6.28e-08 7.10e+01  -4.1 4.19e-03    -  1.00e+00 1.56e-02h  7
1714  1.9904603e-04 6.28e-08 7.10e+01  -4.1 1.15e-02    -  1.00e+00 3.91e-03h  9
1715  1.9904607e-04 5.83e-08 7.10e+01  -4.1 6.73e-04    -  1.00e+00 6.25e-02h  5
1716  1.9904567e-04 5.85e-08 7.10e+01  -4.1 2.66e-03    -  1.00e+00 1.56e-02h  7
1717  1.9904477e-04 5.83e-08 7.04e+01  -4.1 9.44e-03    -  1.00e+00 1.95e-03h 10
1718  1.9904009e-04 3.80e-08 7.09e+01  -4.1 5.10e-04    -  1.00e+00 2.50e-01h  3
1719  1.9904009e-04 3.78e-08 7.09e+01  -4.1 4.34e-03    -  1.00e+00 7.81e-03h  8
iter    objective    inf_pr   inf_du lg(mu)  ||d||  lg(rg) alpha_du alpha_pr  ls
1720  1.9903881e-04 3.93e-08 7.09e+01  -4.1 2.04e-02    -  1.00e+00 3.91e-03h  9
1721  1.9903924e-04 3.45e-08 7.05e+01  -4.1 6.73e-04    -  1.00e+00 1.25e-01h  4
1722  1.9903918e-04 3.20e-08 7.05e+01  -4.1 9.43e-04    -  1.00e+00 6.25e-02h  5
1723  1.9903858e-04 3.09e-08 7.05e+01  -4.1 5.40e-03    -  1.00e+00 7.81e-03h  8
1724  1.9903851e-04 3.09e-08 7.05e+01  -4.1 9.69e-03    -  1.00e+00 9.77e-04h 11
1725  1.9903844e-04 3.00e-08 7.09e+01  -4.1 1.03e-03    -  1.00e+00 3.12e-02h  6
1726  1.9903840e-04 2.97e-08 7.05e+01  -4.1 1.70e-02    -  1.00e+00 1.95e-03h 10
1727  1.9903821e-04 2.96e-08 7.05e+01  -4.1 6.26e-03    -  1.00e+00 3.91e-03h  9
1728  1.9903771e-04 2.90e-08 7.05e+01  -4.1 2.27e-03    -  1.00e+00 1.56e-02h  7
1729  1.9903685e-04 2.95e-08 7.05e+01  -4.1 1.33e-02    -  1.00e+00 3.91e-03h  9
iter    objective    inf_pr   inf_du lg(mu)  ||d||  lg(rg) alpha_du alpha_pr  ls
1730  1.9903574e-04 2.86e-08 7.05e+01  -4.1 3.32e-02    -  1.00e+00 1.95e-03h 10
1731  1.9903469e-04 2.72e-08 7.05e+01  -4.1 2.84e-03    -  1.00e+00 3.12e-02h  6
1732  1.9903474e-04 5.40e-08 7.09e+01  -4.1 3.93e-03    -  1.00e+00 6.25e-02h  5
1733  1.9903462e-04 9.11e-08 7.09e+01  -4.1 1.68e-02    -  1.00e+00 1.56e-02h  7
1734  1.9903086e-04 8.74e-08 7.09e+01  -4.1 2.88e-03    -  1.00e+00 2.50e-01h  3
1735  1.9902151e-04 1.75e-07 7.05e+01  -4.1 2.63e-02    -  1.00e+00 3.12e-02h  6
1736  1.9901958e-04 1.66e-07 7.05e+01  -4.1 3.95e-03    -  1.00e+00 6.25e-02h  5
1737  1.9902680e-04 1.30e-07 7.05e+01  -4.1 1.74e-03    -  1.00e+00 2.50e-01h  3
1738  1.9902954e-04 1.18e-07 7.05e+01  -4.1 1.66e-03    -  1.00e+00 2.50e-01h  3
1739  1.9902829e-04 1.19e-07 7.05e+01  -4.1 9.12e-02    -  1.00e+00 9.77e-04h 11
iter    objective    inf_pr   inf_du lg(mu)  ||d||  lg(rg) alpha_du alpha_pr  ls
1740  1.9902497e-04 1.32e-07 7.09e+01  -4.1 7.75e-02    -  1.00e+00 3.91e-03h  9
1741  1.9902470e-04 1.53e-07 7.09e+01  -4.1 7.81e-03    -  1.00e+00 6.25e-02h  5
1742  1.9901693e-04 1.62e-07 7.09e+01  -4.1 5.56e-02    -  1.00e+00 7.81e-03h  8
1743  1.9900444e-04 2.60e-07 7.09e+01  -4.1 1.05e-01    -  1.00e+00 7.81e-03h  8
1744  1.9899577e-04 5.25e-07 7.09e+01  -4.1 8.29e-02    -  1.00e+00 1.56e-02h  7
1745  1.9899260e-04 5.28e-07 7.09e+01  -4.1 2.47e-02    -  1.00e+00 3.12e-02h  6
1746  1.9899243e-04 4.68e-07 7.05e+01  -4.1 4.60e-03    -  1.00e+00 1.25e-01h  4
1747  1.9898957e-04 5.08e-07 7.05e+01  -4.1 2.11e-02    -  1.00e+00 3.12e-02h  6
1748  1.9898942e-04 5.08e-07 7.09e+01  -4.1 3.48e+00    -  5.26e-01 5.87e-09h 25
1749  1.9898409e-04 3.53e-07 7.10e+01  -4.1 1.25e-03    -  1.00e+00 5.00e-01h  2
iter    objective    inf_pr   inf_du lg(mu)  ||d||  lg(rg) alpha_du alpha_pr  ls
1750  1.9902608e-04 2.37e-07 7.05e+01  -4.1 7.01e-04    -  1.00e+00 5.00e-01h  2
1751  1.9895926e-04 3.81e-07 7.09e+01  -4.1 6.75e-03    -  1.00e+00 1.25e-01h  4
1752  1.9894818e-04 4.50e-07 7.09e+01  -4.1 3.10e-03    -  1.00e+00 1.25e-01h  4
1753  1.9894772e-04 8.35e-07 7.09e+01  -4.1 4.88e-02    -  1.00e+00 1.56e-02h  7
1754  1.9891146e-04 2.87e-06 7.05e+01  -4.1 9.02e-02    -  1.00e+00 1.56e-02h  7
1755  1.9885183e-04 3.59e-06 7.10e+01  -4.1 1.10e-01    -  1.00e+00 7.81e-03h  8
1756  1.9882947e-04 3.85e-06 7.10e+01  -4.1 3.41e-02    -  1.00e+00 1.56e-02h  7
1757  1.9882900e-04 4.04e-06 7.10e+01  -4.1 3.10e-02    -  1.00e+00 1.56e-02h  7
1758  1.9882868e-04 4.04e-06 7.05e+01  -4.1 4.81e-02    -  6.15e-01 2.98e-08h 26
1759  1.9879885e-04 5.60e-07 2.33e+02  -4.1 1.10e-04    -  1.00e+00 1.00e+00h  1
iter    objective    inf_pr   inf_du lg(mu)  ||d||  lg(rg) alpha_du alpha_pr  ls
1760  1.9871760e-04 1.46e-07 1.17e+02  -4.1 3.02e-04    -  1.00e+00 1.00e+00h  1
1761  1.9871143e-04 1.71e-07 9.42e+01  -4.1 2.50e-05    -  1.00e+00 1.00e+00h  1
1762  1.9871129e-04 1.71e-07 8.71e+01  -4.1 8.17e-02    -  2.26e-01 3.73e-09h 29
1763  1.9874675e-04 1.18e-07 5.66e+01  -4.1 7.51e-05    -  1.00e+00 1.00e+00H  1
1764  1.9888488e-04 2.19e-07 8.65e+01  -4.1 1.97e-03    -  1.00e+00 2.50e-01h  3
1765  1.9955380e-04 3.59e-06 9.72e+01  -4.1 1.95e-03    -  1.00e+00 1.00e+00s 22
1766  1.9915870e-04 1.06e-06 8.92e+01  -4.1 1.06e-03    -  1.00e+00 1.00e+00s 22
1767  1.9902226e-04 1.52e-07 8.92e+01  -4.1 4.06e-04    -  1.00e+00 0.00e+00S 22
1768  1.9901361e-04 2.89e-09 8.98e+01  -4.1 5.78e-05    -  1.00e+00 1.00e+00h  1
1769  1.9975633e-04 1.86e-09 5.16e+01  -4.1 9.02e-02    -  1.00e+00 4.88e-04h 12
iter    objective    inf_pr   inf_du lg(mu)  ||d||  lg(rg) alpha_du alpha_pr  ls
1770  1.9975682e-04 1.95e-09 5.16e+01  -4.1 5.44e-02    -  1.00e+00 2.44e-04h 13
1771  1.9975589e-04 2.53e-09 5.16e+01  -4.1 1.82e-01    -  1.00e+00 2.44e-04h 13
1772  1.9975575e-04 2.69e-09 5.16e+01  -4.1 9.26e-02    -  1.00e+00 1.22e-04h 14
1773  1.9974178e-04 3.03e-09 5.16e+01  -4.1 3.07e-02    -  1.00e+00 9.77e-04h 11
1774  1.9973088e-04 4.56e-09 5.16e+01  -4.1 5.99e-03    -  1.00e+00 7.81e-03h  8
1775  1.9972931e-04 4.56e-09 5.16e+01  -4.1 1.61e-01    -  1.00e+00 3.05e-05h 16
1776  1.9903576e-04 4.71e-09 8.98e+01  -4.1 2.80e-02    -  1.00e+00 4.88e-04h 12
1777  1.9903588e-04 4.72e-09 8.98e+01  -4.1 8.53e-02    -  1.00e+00 3.05e-05h 16
1778  1.9901924e-04 5.85e-09 5.16e+01  -4.1 3.25e-01    -  1.00e+00 1.22e-04h 14
1779  1.9901938e-04 5.86e-09 5.16e+01  -4.1 7.87e-03    -  1.00e+00 4.88e-04h 12
iter    objective    inf_pr   inf_du lg(mu)  ||d||  lg(rg) alpha_du alpha_pr  ls
1780  1.9901962e-04 5.87e-09 5.16e+01  -4.1 7.52e-02    -  1.00e+00 6.10e-05h 15
1781  1.9901974e-04 5.87e-09 5.16e+01  -4.1 1.38e-02    -  1.00e+00 2.44e-04h 13
1782  1.9900943e-04 3.00e-07 5.17e+01  -4.1 1.45e-01    -  1.00e+00 3.91e-03h  9
1783r 1.9900943e-04 3.00e-07 7.69e+02  -4.1 0.00e+00    -  0.00e+00 4.77e-07R 22
1784r 2.0392157e-04 5.61e-08 6.77e-01  -4.0 1.05e-04    -  1.00e+00 3.22e-01f  1
1785r 2.0121166e-04 5.42e-08 4.43e-04  -4.1 2.52e-04    -  1.00e+00 1.00e+00f  1
1786r 1.9972616e-04 1.99e-08 1.42e-04  -4.0 1.31e-04    -  1.00e+00 1.00e+00f  1
1787  1.9972017e-04 1.64e-08 7.07e+01  -4.1 7.07e-02    -  1.00e+00 9.77e-04h 11
1788  1.9971225e-04 1.57e-08 7.07e+01  -4.1 4.42e-03    -  1.00e+00 1.56e-02h  7
1789  1.9967759e-04 1.42e-08 7.07e+01  -4.1 1.55e-02    -  1.00e+00 3.91e-03h  9
iter    objective    inf_pr   inf_du lg(mu)  ||d||  lg(rg) alpha_du alpha_pr  ls
1790  1.9965025e-04 1.39e-08 7.07e+01  -4.1 6.51e-03    -  1.00e+00 3.91e-03h  9
1791  1.9962517e-04 1.38e-08 7.07e+01  -4.1 1.04e-02    -  1.00e+00 1.95e-03h 10
1792  1.9954726e-04 4.90e-07 7.07e+01  -4.1 1.31e-02    -  1.00e+00 6.25e-02h  5
1793  1.9895022e-04 1.46e-07 7.11e+01  -4.1 3.57e-04    -  1.00e+00 1.00e+00h  1
1794  1.9894392e-04 1.47e-07 7.03e+01  -4.1 7.10e-02    -  1.00e+00 4.88e-04h 12
1795  1.9895624e-04 5.78e-08 7.11e+01  -4.1 2.18e-04    -  1.00e+00 1.00e+00h  1
1796  1.9893081e-04 7.35e-08 7.10e+01  -4.1 2.65e-04    -  1.00e+00 1.00e+00h  1
1797  1.9894351e-04 6.50e-08 7.04e+01  -4.1 3.42e-04    -  1.00e+00 1.25e-01h  4
1798  1.9888688e-04 5.15e-07 7.05e+01  -4.1 3.04e-02    -  1.00e+00 3.12e-02h  6
1799  1.9887333e-04 7.77e-07 7.05e+01  -4.1 5.29e-03    -  1.00e+00 1.25e-01h  4
iter    objective    inf_pr   inf_du lg(mu)  ||d||  lg(rg) alpha_du alpha_pr  ls
1800  1.9886255e-04 6.53e-07 7.04e+01  -4.1 7.86e-03    -  1.00e+00 1.25e-01h  4
1801  1.9892723e-04 1.32e-07 7.03e+01  -4.1 9.89e-04    -  1.00e+00 1.00e+00h  1
1802  1.9892924e-04 1.23e-07 7.03e+01  -4.1 7.07e-04    -  1.00e+00 6.25e-02h  5
1803  1.9891782e-04 1.30e-07 7.03e+01  -4.1 1.12e-02    -  1.00e+00 3.12e-02h  6
1804  1.9891751e-04 1.30e-07 7.11e+01  -4.1 4.61e-01    -  1.00e+00 2.07e-08h 25
1805  1.9892401e-04 1.14e-07 7.11e+01  -4.1 3.27e-04    -  1.00e+00 1.25e-01h  4
1806  1.9892696e-04 1.06e-07 7.11e+01  -4.1 6.50e-04    -  1.00e+00 6.25e-02h  5
1807  1.9892549e-04 1.04e-07 7.03e+01  -4.1 5.23e-02    -  1.00e+00 1.95e-03h 10
1808  1.9892675e-04 1.01e-07 7.03e+01  -4.1 3.04e-04    -  1.00e+00 3.12e-02h  6
1809  1.9892707e-04 1.00e-07 7.03e+01  -4.1 2.27e-04    -  1.00e+00 7.81e-03h  8
iter    objective    inf_pr   inf_du lg(mu)  ||d||  lg(rg) alpha_du alpha_pr  ls
1810  1.9898501e-04 4.41e-08 7.10e+01  -4.1 4.90e-04    -  1.00e+00 1.00e+00H  1
1811  1.9898507e-04 1.26e-07 7.04e+01  -4.1 8.97e-04    -  1.00e+00 5.00e-01h  2
1812  1.9898435e-04 1.26e-07 7.10e+01  -4.1 1.22e-01    -  1.00e+00 9.77e-04h 11
1813  1.9895966e-04 1.37e-07 7.09e+01  -4.1 1.59e-03    -  1.00e+00 1.25e-01h  4
1814  1.9895958e-04 1.39e-07 7.05e+01  -4.1 5.51e-02    -  1.00e+00 1.95e-03h 10
1815  1.9897565e-04 6.08e-08 7.06e+01  -4.1 1.86e-03    -  1.00e+00 5.00e-01h  2
1816  1.9897618e-04 5.56e-08 7.05e+01  -4.1 5.35e-04    -  1.00e+00 2.50e-01h  3
1817  1.9896762e-04 4.96e-08 7.05e+01  -4.1 3.85e-03    -  1.00e+00 1.25e-01h  4
1818  1.9896708e-04 5.92e-08 7.05e+01  -4.1 6.18e-03    -  1.00e+00 1.56e-02h  7
1819  1.9896709e-04 5.87e-08 7.05e+01  -4.1 4.17e-03    -  1.00e+00 7.81e-03h  8
iter    objective    inf_pr   inf_du lg(mu)  ||d||  lg(rg) alpha_du alpha_pr  ls
1820  1.9896632e-04 6.78e-08 7.05e+01  -4.1 1.11e-02    -  1.00e+00 3.12e-02h  6
1821  1.9896606e-04 6.78e-08 7.09e+01  -4.1 5.22e-01    -  1.00e+00 1.56e-08h 25
1822  1.9897435e-04 4.70e-08 7.09e+01  -4.1 4.15e-04    -  1.00e+00 5.00e-01h  2
1823  1.9897402e-04 3.68e-08 7.09e+01  -4.1 7.18e-04    -  1.00e+00 2.50e-01h  3
1824  1.9898234e-04 2.27e-08 7.05e+01  -4.1 5.63e-04    -  1.00e+00 5.00e-01h  2
1825  1.9897603e-04 1.55e-08 7.06e+01  -4.1 1.79e-04    -  1.00e+00 1.00e+00h  1
1826  1.9899485e-04 3.67e-09 7.08e+01  -4.1 2.16e-04    -  1.00e+00 1.00e+00h  1
1827  1.9899183e-04 3.51e-09 7.08e+01  -4.1 6.58e-02    -  1.00e+00 9.77e-04h 11
1828  1.9899139e-04 3.37e-09 7.08e+01  -4.1 1.20e-02    -  1.00e+00 1.56e-02h  7
1829  1.9899130e-04 3.21e-09 7.08e+01  -4.1 2.65e-03    -  1.00e+00 1.56e-02h  7
iter    objective    inf_pr   inf_du lg(mu)  ||d||  lg(rg) alpha_du alpha_pr  ls
1830  1.9898523e-04 3.72e-09 7.08e+01  -4.1 1.71e-03    -  1.00e+00 3.12e-02h  6
1831  1.9898455e-04 3.71e-09 7.06e+01  -4.1 5.56e-03    -  1.00e+00 1.95e-03h 10
1832  1.9895874e-04 6.10e-08 7.08e+01  -4.1 4.77e-04    -  1.00e+00 5.00e-01h  2
1833  1.9895854e-04 6.07e-08 7.07e+01  -4.1 1.43e-02    -  1.00e+00 3.91e-03h  9
1834  1.9895856e-04 6.07e-08 7.07e+01  -4.1 4.96e-03    -  1.00e+00 9.77e-04h 11
1835  1.9895671e-04 5.55e-08 7.07e+01  -4.1 6.35e-03    -  1.00e+00 3.12e-02h  6
1836  1.9895420e-04 5.33e-08 7.07e+01  -4.1 4.92e-03    -  1.00e+00 3.12e-02h  6
1837  1.9895451e-04 5.21e-08 7.07e+01  -4.1 3.13e-03    -  1.00e+00 1.56e-02h  7
1838  1.9895612e-04 5.05e-08 7.07e+01  -4.1 6.13e-04    -  1.00e+00 3.12e-02h  6
1839  1.9895602e-04 5.04e-08 7.07e+01  -4.1 8.88e-03    -  1.00e+00 4.88e-04h 12
iter    objective    inf_pr   inf_du lg(mu)  ||d||  lg(rg) alpha_du alpha_pr  ls
1840  1.9895644e-04 5.01e-08 7.07e+01  -4.1 8.18e-04    -  1.00e+00 7.81e-03h  8
1841  1.9895643e-04 4.80e-08 7.07e+01  -4.1 1.36e-02    -  1.00e+00 1.56e-02h  7
1842  1.9895659e-04 4.78e-08 7.07e+01  -4.1 1.10e-03    -  1.00e+00 3.91e-03h  9
1843  1.9895664e-04 4.77e-08 7.07e+01  -4.1 5.79e-03    -  1.00e+00 1.95e-03h 10
1844  1.9895637e-04 4.71e-08 7.07e+01  -4.1 1.06e-02    -  1.00e+00 3.91e-03h  9
1845  1.9895623e-04 4.70e-08 7.07e+01  -4.1 1.23e-02    -  1.00e+00 1.95e-03h 10
1846  1.9895612e-04 4.70e-08 7.07e+01  -4.1 5.11e-02    -  1.00e+00 2.44e-04h 13
1847  1.9895619e-04 4.70e-08 7.07e+01  -4.1 4.58e-02    -  1.00e+00 2.44e-04h 13
1848  1.9895657e-04 4.67e-08 7.07e+01  -4.1 8.74e-04    -  1.00e+00 7.81e-03h  8
1849  1.9895666e-04 4.65e-08 7.07e+01  -4.1 3.81e-03    -  1.00e+00 3.91e-03h  9
iter    objective    inf_pr   inf_du lg(mu)  ||d||  lg(rg) alpha_du alpha_pr  ls
1850  1.9895558e-04 4.66e-08 7.07e+01  -4.1 3.54e-02    -  1.00e+00 1.95e-03h 10
1851  1.9895559e-04 4.64e-08 7.07e+01  -4.1 3.45e-03    -  1.00e+00 3.91e-03h  9
1852  1.9895536e-04 4.64e-08 7.07e+01  -4.1 2.57e-02    -  1.00e+00 9.77e-04h 11
1853  1.9895518e-04 4.62e-08 7.07e+01  -4.1 1.06e-02    -  1.00e+00 3.91e-03h  9
1854  1.9895510e-04 4.62e-08 7.07e+01  -4.1 8.02e+00    -  1.54e-01 9.44e-10h 28
1855  1.9895529e-04 4.60e-08 7.07e+01  -4.1 9.58e-04    -  1.00e+00 3.91e-03h  9
1856  1.9895513e-04 4.60e-08 7.07e+01  -4.1 1.87e-02    -  1.00e+00 9.77e-04h 11
1857  1.9895525e-04 4.58e-08 7.07e+01  -4.1 1.65e-03    -  1.00e+00 3.91e-03h  9
1858  1.9895417e-04 4.67e-08 7.07e+01  -4.1 1.55e-02    -  1.00e+00 1.56e-02h  7
1859  1.9895405e-04 4.67e-08 7.07e+01  -4.1 1.12e-02    -  1.00e+00 1.95e-03h 10
iter    objective    inf_pr   inf_du lg(mu)  ||d||  lg(rg) alpha_du alpha_pr  ls
1860  1.9895371e-04 4.66e-08 7.07e+01  -4.1 1.47e-02    -  1.00e+00 1.95e-03h 10
1861  1.9895370e-04 4.66e-08 7.07e+01  -4.1 4.37e+00    -  1.39e-01 1.16e-10h 32
1862  1.9895403e-04 4.59e-08 7.07e+01  -4.1 3.35e-04    -  1.00e+00 1.56e-02h  7
1863  1.9895392e-04 4.55e-08 7.07e+01  -4.1 6.79e-03    -  1.00e+00 7.81e-03h  8
1864  1.9895395e-04 4.54e-08 7.07e+01  -4.1 5.69e-03    -  1.00e+00 1.95e-03h 10
1865  1.9895330e-04 4.58e-08 7.07e+01  -4.1 1.58e-02    -  1.00e+00 3.91e-03h  9
1866  1.9895385e-04 4.51e-08 7.07e+01  -4.1 1.08e-03    -  1.00e+00 1.56e-02h  7
1867  1.9895321e-04 4.47e-08 7.07e+01  -4.1 1.33e-02    -  1.00e+00 3.91e-03h  9
1868  1.9895278e-04 4.46e-08 7.07e+01  -4.1 3.29e-02    -  1.00e+00 9.77e-04h 11
1869  1.9895278e-04 4.46e-08 7.07e+01  -4.1 7.66e+00    -  1.40e-01 6.51e-11h 32
iter    objective    inf_pr   inf_du lg(mu)  ||d||  lg(rg) alpha_du alpha_pr  ls
1870  1.9895398e-04 4.33e-08 7.07e+01  -4.1 4.35e-04    -  1.00e+00 3.12e-02h  6
1871  1.9895390e-04 4.23e-08 7.07e+01  -4.1 4.87e-03    -  1.00e+00 1.56e-02h  7
1872  1.9895325e-04 4.20e-08 7.07e+01  -4.1 3.71e-02    -  1.00e+00 1.95e-03h 10
1873  1.9895248e-04 4.19e-08 7.07e+01  -4.1 3.72e-02    -  1.00e+00 1.95e-03h 10
1874  1.9895242e-04 4.19e-08 7.07e+01  -4.1 2.18e-02    -  1.00e+00 4.88e-04h 12
1875  1.9895238e-04 4.19e-08 7.07e+01  -4.1 2.07e-02    -  1.00e+00 4.88e-04h 12
1876  1.9895233e-04 4.18e-08 7.07e+01  -4.1 1.96e-02    -  1.00e+00 4.88e-04h 12
1877  2.1786829e-04 4.15e-08 7.13e+01  -4.1 9.76e-03    -  1.00e+00 7.81e-03h  8
1878  2.0833487e-04 3.32e-09 7.10e+01  -4.1 6.09e-05    -  1.00e+00 1.00e+00h  1
1879  2.0039583e-04 7.93e-09 7.04e+01  -4.1 7.54e-02    -  8.96e-01 9.77e-04f 11
iter    objective    inf_pr   inf_du lg(mu)  ||d||  lg(rg) alpha_du alpha_pr  ls
1880  2.0291716e-04 4.21e-09 7.10e+01  -4.1 7.13e-05    -  1.00e+00 1.00e+00h  1
1881  2.0019146e-04 2.33e-10 7.09e+01  -4.1 1.22e-05    -  1.00e+00 1.00e+00h  1
1882  1.9932598e-04 3.80e-10 7.05e+01  -4.1 2.39e-02    -  1.00e+00 4.88e-04h 12
1883  1.9940327e-04 1.82e-09 7.09e+01  -4.1 4.62e-05    -  1.00e+00 1.00e+00h  1
1884  1.9897933e-04 5.49e-09 7.07e+01  -4.1 7.96e-05    -  1.00e+00 1.00e+00h  1
1885  1.9895726e-04 5.49e-09 7.07e+01  -4.1 1.78e-02    -  1.00e+00 1.53e-05h 17
1886  1.9897826e-04 4.35e-09 7.07e+01  -4.1 7.17e-05    -  1.00e+00 1.00e+00h  1
1887  1.9898011e-04 4.58e-09 7.07e+01  -4.1 2.46e-04    -  1.00e+00 1.25e-01h  4
1888  1.9897876e-04 4.42e-09 7.07e+01  -4.1 3.11e-04    -  1.00e+00 3.12e-02h  6
1889  1.9898016e-04 3.99e-09 7.07e+01  -4.1 2.63e-04    -  1.00e+00 1.25e-01h  4
iter    objective    inf_pr   inf_du lg(mu)  ||d||  lg(rg) alpha_du alpha_pr  ls
1890  1.9878420e-04 4.40e-07 7.00e+01  -4.1 1.01e-03    -  1.00e+00 1.00e+00h  1
1891  1.9887843e-04 3.42e-07 7.03e+01  -4.1 8.54e-04    -  1.00e+00 5.00e-01h  2
1892  1.9888087e-04 3.74e-07 7.03e+01  -4.1 4.14e-03    -  1.00e+00 6.25e-02h  5
1893  1.9888162e-04 3.77e-07 7.03e+01  -4.1 1.80e-02    -  1.00e+00 3.91e-03h  9
1894  1.9885034e-04 2.96e-07 7.06e+01  -4.1 8.40e-04    -  1.00e+00 5.00e-01h  2
1895  1.9886038e-04 2.81e-07 7.08e+01  -4.1 1.06e-03    -  1.00e+00 6.25e-02h  5
1896  1.9895272e-04 1.25e-07 7.02e+01  -4.1 3.40e-04    -  1.00e+00 1.00e+00h  1
1897  1.9894612e-04 1.06e-07 7.11e+01  -4.1 6.75e-04    -  1.00e+00 5.00e-01h  2
1898  1.9894064e-04 1.39e-07 7.04e+01  -4.1 2.00e-03    -  1.00e+00 2.50e-01h  3
1899  1.9893743e-04 1.07e-07 7.04e+01  -4.1 1.64e-03    -  1.00e+00 1.25e-01h  4
iter    objective    inf_pr   inf_du lg(mu)  ||d||  lg(rg) alpha_du alpha_pr  ls
1900  1.9893457e-04 1.40e-07 7.04e+01  -4.1 1.13e-03    -  1.00e+00 2.50e-01h  3
1901  1.9893008e-04 1.45e-07 7.04e+01  -4.1 1.15e-03    -  1.00e+00 2.50e-01h  3
1902  1.9894192e-04 7.00e-08 7.10e+01  -4.1 4.82e-04    -  1.00e+00 5.00e-01h  2
1903  1.9895492e-04 4.07e-08 7.04e+01  -4.1 8.98e-04    -  1.00e+00 5.00e-01h  2
1904  1.9895406e-04 5.20e-08 7.04e+01  -4.1 1.16e-03    -  1.00e+00 1.25e-01h  4
1905  1.9895642e-04 3.92e-08 7.05e+01  -4.1 2.83e-04    -  1.00e+00 2.50e-01h  3
1906  1.9895155e-04 4.20e-08 7.09e+01  -4.1 8.25e-04    -  1.00e+00 2.50e-01h  3
1907  1.9895700e-04 4.24e-08 7.09e+01  -4.1 5.56e-04    -  1.00e+00 2.50e-01h  3
1908  1.9895569e-04 4.47e-08 7.09e+01  -4.1 1.29e-03    -  1.00e+00 6.25e-02h  5
1909  1.9895606e-04 3.93e-08 7.05e+01  -4.1 1.69e-04    -  1.00e+00 1.25e-01h  4
iter    objective    inf_pr   inf_du lg(mu)  ||d||  lg(rg) alpha_du alpha_pr  ls
1910  1.9895641e-04 3.89e-08 7.05e+01  -4.1 3.17e-03    -  1.00e+00 1.56e-02h  7
1911  1.9897010e-04 2.51e-09 7.08e+01  -4.1 3.96e-04    -  1.00e+00 1.00e+00h  1
1912  1.9899159e-04 9.07e-10 7.06e+01  -4.1 5.04e-04    -  1.00e+00 1.00e+00H  1
1913  1.9899090e-04 1.02e-09 7.06e+01  -4.1 1.77e-03    -  1.00e+00 1.56e-02h  7
1914  1.9898822e-04 1.12e-09 7.06e+01  -4.1 1.17e-02    -  1.00e+00 1.95e-03h 10
1915  1.9898771e-04 1.21e-09 7.06e+01  -4.1 2.54e-02    -  1.00e+00 9.77e-04h 11
1916  1.9898755e-04 1.20e-09 7.08e+01  -4.1 2.83e-02    -  1.00e+00 9.77e-04h 11
1917  1.9898587e-04 1.07e-09 7.08e+01  -4.1 1.60e-02    -  1.00e+00 1.95e-03h 10
1918  1.9898522e-04 1.07e-09 7.08e+01  -4.1 1.88e-03    -  1.00e+00 7.81e-03h  8
1919  1.9898507e-04 1.07e-09 7.08e+01  -4.1 1.29e-02    -  1.00e+00 4.88e-04h 12
iter    objective    inf_pr   inf_du lg(mu)  ||d||  lg(rg) alpha_du alpha_pr  ls
1920  1.9898459e-04 1.07e-09 7.08e+01  -4.1 3.30e-02    -  1.00e+00 2.44e-04h 13
1921  1.9898443e-04 1.08e-09 7.08e+01  -4.1 3.49e-03    -  1.00e+00 9.77e-04h 11
1922  1.9896027e-04 1.82e-07 7.07e+01  -4.1 6.57e-04    -  1.00e+00 1.00e+00h  1
1923  1.9898391e-04 1.67e-07 7.06e+01  -4.1 1.03e-03    -  1.00e+00 5.00e-01h  2
1924  1.9895677e-04 1.26e-07 7.07e+01  -4.1 2.01e-04    -  1.00e+00 2.50e-01h  3
1925  1.9897886e-04 6.08e-08 7.08e+01  -4.1 1.85e-04    -  1.00e+00 5.00e-01h  2
1926  1.9896639e-04 6.20e-08 7.06e+01  -4.1 6.89e-01    -  1.00e+00 6.10e-05h 15
1927  1.9897141e-04 1.06e-10 7.07e+01  -4.1 1.25e-05    -  1.00e+00 1.00e+00h  1
1928  1.9897014e-04 1.44e-10 7.06e+01  -4.1 1.00e-05    -  1.00e+00 1.00e+00h  1
1929  1.9896987e-04 6.87e-10 7.06e+01  -4.1 1.37e-02    -  1.00e+00 1.95e-03h 10
iter    objective    inf_pr   inf_du lg(mu)  ||d||  lg(rg) alpha_du alpha_pr  ls
1930  1.9896969e-04 6.87e-10 7.08e+01  -4.1 4.64e-03    -  1.00e+00 1.22e-04h 14
1931  1.9896968e-04 1.26e-08 7.08e+01  -4.1 4.06e-03    -  1.00e+00 3.12e-02h  6
1932  1.9896971e-04 1.26e-08 7.08e+01  -4.1 1.04e-03    -  1.00e+00 9.77e-04h 11
1933  1.9896972e-04 1.25e-08 7.08e+01  -4.1 8.47e-05    -  1.00e+00 1.95e-03h 10
1934  1.9896184e-04 3.75e-08 7.06e+01  -4.1 2.19e-04    -  1.00e+00 1.00e+00h  1
1935  1.9896758e-04 3.28e-08 7.06e+01  -4.1 4.75e-04    -  1.00e+00 1.25e-01h  4
1936  1.9896586e-04 3.63e-08 7.06e+01  -4.1 7.50e-03    -  1.00e+00 7.81e-03h  8
1937  1.9896489e-04 3.63e-08 7.08e+01  -4.1 2.64e-02    -  1.00e+00 4.88e-04h 12
1938  1.9896826e-04 3.37e-08 7.08e+01  -4.1 1.48e-03    -  1.00e+00 6.25e-02h  5
1939  1.9896170e-04 4.32e-08 7.06e+01  -4.1 2.81e-03    -  1.00e+00 6.25e-02h  5
iter    objective    inf_pr   inf_du lg(mu)  ||d||  lg(rg) alpha_du alpha_pr  ls
1940  1.9896176e-04 4.31e-08 7.06e+01  -4.1 6.02e-04    -  1.00e+00 3.91e-03h  9
1941  1.9896177e-04 4.31e-08 7.06e+01  -4.1 1.71e-03    -  1.00e+00 2.44e-04h 13
1942  1.9896054e-04 4.32e-08 7.06e+01  -4.1 1.43e-02    -  1.00e+00 7.81e-03h  8
1943  1.9896056e-04 5.96e-08 7.06e+01  -4.1 5.72e-03    -  1.00e+00 3.12e-02h  6
1944  1.9896044e-04 5.95e-08 7.08e+01  -4.1 1.91e-02    -  1.00e+00 9.77e-04h 11
1945  1.9896053e-04 5.94e-08 7.08e+01  -4.1 1.84e-03    -  1.00e+00 1.95e-03h 10
1946  1.9896054e-04 5.93e-08 7.08e+01  -4.1 5.16e-03    -  1.00e+00 1.95e-03h 10
1947  1.9895854e-04 5.63e-08 7.06e+01  -4.1 8.04e-03    -  1.00e+00 3.12e-02h  6
1948  1.9895956e-04 5.98e-08 7.06e+01  -4.1 4.35e-03    -  1.00e+00 3.12e-02h  6
1949  1.9896031e-04 5.89e-08 7.06e+01  -4.1 1.16e-03    -  1.00e+00 1.56e-02h  7
iter    objective    inf_pr   inf_du lg(mu)  ||d||  lg(rg) alpha_du alpha_pr  ls
1950  1.9895305e-04 6.84e-08 7.08e+01  -4.1 2.12e-02    -  1.00e+00 1.56e-02h  7
1951  1.9895272e-04 6.73e-08 7.08e+01  -4.1 4.48e-03    -  1.00e+00 1.56e-02h  7
1952  1.9895253e-04 6.74e-08 7.08e+01  -4.1 1.10e-02    -  1.00e+00 7.81e-03h  8
1953  1.9895233e-04 6.70e-08 7.08e+01  -4.1 4.39e-03    -  1.00e+00 7.81e-03h  8
1954  1.9895599e-04 5.86e-08 7.08e+01  -4.1 7.33e-04    -  1.00e+00 1.25e-01h  4
1955  1.9895747e-04 5.77e-08 7.06e+01  -4.1 2.95e-03    -  1.00e+00 1.56e-02h  7
1956  1.9895689e-04 5.76e-08 7.06e+01  -4.1 1.24e-02    -  1.00e+00 3.91e-03h  9
1957  1.9895675e-04 5.73e-08 7.06e+01  -4.1 5.79e-03    -  1.00e+00 7.81e-03h  8
1958  1.9895611e-04 5.92e-08 7.06e+01  -4.1 1.64e-02    -  1.00e+00 1.56e-02h  7
1959  1.9895590e-04 5.76e-08 7.06e+01  -4.1 1.02e-02    -  1.00e+00 3.12e-02h  6
iter    objective    inf_pr   inf_du lg(mu)  ||d||  lg(rg) alpha_du alpha_pr  ls
1960  1.9895388e-04 7.26e-08 7.06e+01  -4.1 1.56e-02    -  1.00e+00 3.12e-02h  6
1961  1.9895028e-04 8.97e-08 7.06e+01  -4.1 2.29e-02    -  1.00e+00 1.56e-02h  7
1962  1.9894975e-04 8.97e-08 7.08e+01  -4.1 1.18e+01    -  5.54e-02 7.14e-09h 25
1963  1.9895507e-04 7.85e-08 7.08e+01  -4.1 7.44e-04    -  1.00e+00 1.25e-01h  4
1964  1.9895321e-04 7.93e-08 7.06e+01  -4.1 8.98e-02    -  1.00e+00 1.95e-03h 10
1965  1.9895211e-04 8.62e-08 7.06e+01  -4.1 6.95e-03    -  1.00e+00 3.12e-02h  6
1966  1.9895210e-04 8.61e-08 7.06e+01  -4.1 1.80e-02    -  1.00e+00 3.91e-03h  9
1967  1.9894830e-04 2.45e-07 7.08e+01  -4.1 7.92e-02    -  1.00e+00 1.56e-02h  7
1968  1.9894191e-04 2.93e-07 7.08e+01  -4.1 9.10e-02    -  1.00e+00 7.81e-03h  8
1969  1.9894180e-04 2.95e-07 7.08e+01  -4.1 2.33e-02    -  1.00e+00 7.81e-03h  8
iter    objective    inf_pr   inf_du lg(mu)  ||d||  lg(rg) alpha_du alpha_pr  ls
1970  1.9894123e-04 3.25e-07 7.06e+01  -4.1 1.44e-02    -  1.00e+00 3.12e-02h  6
1971  1.9894266e-04 3.06e-07 7.08e+01  -4.1 3.46e-03    -  1.00e+00 6.25e-02h  5
1972  1.9893491e-04 2.76e-07 7.07e+01  -4.1 6.88e-02    -  1.00e+00 7.81e-03h  8
1973  1.9892796e-04 2.78e-07 7.08e+01  -4.1 8.86e-03    -  1.00e+00 3.12e-02h  6
1974  1.9892584e-04 2.70e-07 7.07e+01  -4.1 2.47e-02    -  1.00e+00 1.56e-02h  7
1975  1.9892457e-04 2.67e-07 7.08e+01  -4.1 1.29e-02    -  1.00e+00 1.56e-02h  7
1976  1.9892456e-04 2.67e-07 7.07e+01  -4.1 1.03e-02    -  1.00e+00 5.96e-08h 25
1977  1.9881119e-04 1.39e-07 5.05e+01  -4.1 3.94e-04    -  1.00e+00 1.00e+00h  1
1978  1.9884970e-04 1.17e-07 7.28e+01  -4.1 1.39e-04    -  1.00e+00 1.00e+00h  1
1979  1.9893116e-04 4.96e-08 6.92e+01  -4.1 2.82e-04    -  1.00e+00 1.00e+00h  1
iter    objective    inf_pr   inf_du lg(mu)  ||d||  lg(rg) alpha_du alpha_pr  ls
1980  1.9895345e-04 3.79e-09 6.92e+01  -4.1 7.49e-05    -  1.00e+00 1.00e+00h  1
1981  1.9895453e-04 5.01e-11 6.91e+01  -4.1 6.56e-06    -  1.00e+00 1.00e+00h  1
1982  1.9896133e-04 2.78e-11 7.23e+01  -4.1 1.16e-04    -  1.00e+00 1.00e+00H  1
1983  1.9896061e-04 5.41e-11 7.23e+01  -4.1 5.20e-02    -  1.00e+00 1.22e-04h 14
1984  1.9896057e-04 5.00e-10 6.91e+01  -4.1 4.43e-04    -  1.00e+00 6.25e-02h  5
1985  1.9896057e-04 1.28e-09 7.23e+01  -4.1 4.16e-05    -  1.00e+00 1.00e+00h  1
1986  1.9810245e-04 1.72e-05 7.31e+01  -4.1 4.45e-03    -  1.00e+00 1.00e+00h  1
1987  1.9843467e-04 4.47e-06 7.17e+01  -4.1 2.25e-03    -  1.00e+00 1.00e+00h  1
1988  1.9867577e-04 1.12e-06 7.09e+01  -4.1 1.13e-03    -  1.00e+00 1.00e+00h  1
1989  1.9867725e-04 1.12e-06 7.09e+01  -4.1 1.98e-02    -  1.00e+00 7.81e-03h  8
iter    objective    inf_pr   inf_du lg(mu)  ||d||  lg(rg) alpha_du alpha_pr  ls
1990  1.9882678e-04 4.83e-07 7.12e+01  -4.1 6.20e-04    -  1.00e+00 1.00e+00h  1
1991  1.9887452e-04 2.56e-07 7.02e+01  -4.1 2.91e-04    -  1.00e+00 5.00e-01h  2
1992  1.9883080e-04 2.31e-07 7.12e+01  -4.1 6.00e-04    -  1.00e+00 1.00e+00h  1
1993  1.9864603e-04 3.47e-06 7.11e+01  -4.1 2.00e-03    -  1.00e+00 1.00e+00h  1
1994  1.9866400e-04 3.27e-06 7.11e+01  -4.1 2.77e-03    -  1.00e+00 6.25e-02h  5
1995  1.9858598e-04 2.03e-06 7.02e+01  -4.1 3.90e-03    -  1.00e+00 5.00e-01h  2
1996  1.9877990e-04 4.06e-07 7.13e+01  -4.1 1.33e-03    -  1.00e+00 1.00e+00h  1
1997  1.9881955e-04 2.70e-07 7.12e+01  -4.1 6.33e-04    -  1.00e+00 1.00e+00h  1
1998  1.9887161e-04 1.86e-07 7.02e+01  -4.1 2.62e-03    -  1.00e+00 2.50e-01h  3
1999  1.9887209e-04 7.92e-08 7.11e+01  -4.1 3.71e-04    -  1.00e+00 1.00e+00h  1
iter    objective    inf_pr   inf_du lg(mu)  ||d||  lg(rg) alpha_du alpha_pr  ls
2000  1.9891416e-04 4.79e-08 7.04e+01  -4.1 2.64e-04    -  1.00e+00 1.00e+00h  1
2001  1.9890608e-04 1.99e-08 7.05e+01  -4.1 3.16e-04    -  1.00e+00 1.00e+00h  1
2002  1.9890730e-04 1.49e-08 7.05e+01  -4.1 5.83e-04    -  1.00e+00 1.25e-01h  4
2003  1.9890525e-04 1.53e-08 7.09e+01  -4.1 5.17e-03    -  1.00e+00 1.56e-02h  7
2004  1.9890548e-04 1.50e-08 7.09e+01  -4.1 1.25e-03    -  1.00e+00 3.12e-02h  6
2005  1.9891557e-04 7.14e-09 7.10e+01  -4.1 3.44e-04    -  1.00e+00 5.00e-01h  2
2006  1.9891268e-04 7.53e-09 7.05e+01  -4.1 1.44e-03    -  1.00e+00 6.25e-02h  5
2007  1.9891473e-04 7.45e-09 7.05e+01  -4.1 1.11e-03    -  1.00e+00 1.25e-01h  4
2008  1.9891335e-04 8.35e-09 7.05e+01  -4.1 1.10e-03    -  1.00e+00 3.12e-02h  6
2009  1.9894528e-04 3.88e-09 7.05e+01  -4.1 1.32e-04    -  1.00e+00 1.00e+00H  1
iter    objective    inf_pr   inf_du lg(mu)  ||d||  lg(rg) alpha_du alpha_pr  ls
2010  1.9894531e-04 3.87e-09 7.09e+01  -4.1 7.39e-04    -  1.00e+00 7.81e-03h  8
2011  1.9893975e-04 4.14e-09 7.09e+01  -4.1 3.49e-03    -  1.00e+00 7.81e-03h  8
2012  1.9893682e-04 4.76e-09 7.09e+01  -4.1 8.02e-04    -  1.00e+00 6.25e-02h  5
2013  1.9893658e-04 5.36e-09 7.09e+01  -4.1 1.06e-03    -  1.00e+00 3.12e-02h  6
2014  1.9893158e-04 5.05e-09 7.09e+01  -4.1 1.38e-03    -  1.00e+00 3.12e-02h  6
2015  1.9892774e-04 4.95e-09 7.09e+01  -4.1 3.36e-04    -  1.00e+00 1.25e-01h  4
2016  1.9891822e-04 7.44e-08 7.06e+01  -4.1 4.26e-03    -  1.00e+00 1.25e-01h  4
2017  1.9892007e-04 7.40e-08 7.06e+01  -4.1 2.48e-03    -  1.00e+00 6.25e-02h  5
2018  1.9892749e-04 1.20e-08 7.06e+01  -4.1 3.32e-04    -  1.00e+00 1.00e+00h  1
2019  1.9892766e-04 1.20e-08 7.06e+01  -4.1 4.65e-04    -  1.00e+00 3.91e-03h  9
iter    objective    inf_pr   inf_du lg(mu)  ||d||  lg(rg) alpha_du alpha_pr  ls
2020  1.9891714e-04 9.17e-08 7.09e+01  -4.1 2.08e-03    -  1.00e+00 2.50e-01h  3
2021  1.9892391e-04 8.01e-08 7.09e+01  -4.1 1.16e-03    -  1.00e+00 1.25e-01h  4
2022  1.9890962e-04 1.19e-07 7.06e+01  -4.1 1.49e-02    -  1.00e+00 3.12e-02h  6
2023  1.9890968e-04 1.19e-07 7.09e+01  -4.1 4.71e-02    -  1.00e+00 2.44e-04h 13
2024  1.9892260e-04 8.71e-08 7.08e+01  -4.1 2.70e-04    -  1.00e+00 2.50e-01h  3
2025  1.9892234e-04 8.75e-08 7.07e+01  -4.1 1.19e-02    -  1.00e+00 7.81e-03h  8
2026  1.9892271e-04 7.18e-08 7.08e+01  -4.1 7.77e-04    -  1.00e+00 5.00e-01h  2
2027  1.9892134e-04 8.00e-08 7.08e+01  -4.1 1.45e-02    -  1.00e+00 1.56e-02h  7
2028  1.9892090e-04 7.30e-08 7.08e+01  -4.1 1.61e-03    -  1.00e+00 6.25e-02h  5
2029  1.9892226e-04 6.85e-08 7.07e+01  -4.1 2.78e-04    -  1.00e+00 6.25e-02h  5
iter    objective    inf_pr   inf_du lg(mu)  ||d||  lg(rg) alpha_du alpha_pr  ls
2030  1.9892491e-04 3.25e-08 7.08e+01  -4.1 2.86e-04    -  1.00e+00 5.00e-01h  2
2031  1.9892481e-04 3.25e-08 7.07e+01  -4.1 7.96e-03    -  1.00e+00 4.88e-04h 12
2032  1.9890675e-04 1.38e-07 7.09e+01  -4.1 3.52e-04    -  1.00e+00 1.00e+00h  1
2033  1.9892202e-04 1.03e-07 7.09e+01  -4.1 4.78e-04    -  1.00e+00 2.50e-01h  3
2034  1.9891711e-04 1.08e-07 7.09e+01  -4.1 6.18e-03    -  1.00e+00 1.56e-02h  7
2035  1.9891943e-04 1.03e-07 7.08e+01  -4.1 9.77e-04    -  1.00e+00 6.25e-02h  5
2036  1.9892231e-04 8.58e-08 7.08e+01  -4.1 5.27e-04    -  1.00e+00 1.25e-01h  4
2037  1.9892200e-04 8.46e-08 7.08e+01  -4.1 2.77e-02    -  1.00e+00 3.91e-03h  9
2038  1.9892189e-04 8.46e-08 7.06e+01  -4.1 4.18e-01    -  1.00e+00 3.81e-06h 19
2039  1.9892060e-04 8.38e-08 7.06e+01  -4.1 1.90e-02    -  1.00e+00 3.91e-03h  9
iter    objective    inf_pr   inf_du lg(mu)  ||d||  lg(rg) alpha_du alpha_pr  ls
2040  1.9891241e-04 8.04e-08 7.08e+01  -4.1 2.10e-02    -  1.00e+00 1.56e-02h  7
2041  1.9891482e-04 7.58e-08 7.08e+01  -4.1 2.86e-04    -  1.00e+00 6.25e-02h  5
2042  1.9889602e-04 1.80e-07 7.06e+01  -4.1 9.11e-02    -  1.00e+00 7.81e-03h  8
2043  1.9890147e-04 1.65e-07 7.07e+01  -4.1 1.47e-03    -  1.00e+00 1.25e-01h  4
2044  1.9890049e-04 1.44e-07 7.07e+01  -4.1 9.78e-04    -  1.00e+00 5.00e-01h  2
2045  1.9890238e-04 1.28e-07 7.07e+01  -4.1 2.49e-03    -  1.00e+00 1.25e-01h  4
2046  1.9890102e-04 1.29e-07 7.07e+01  -4.1 1.15e-02    -  1.00e+00 7.81e-03h  8
2047  1.9889910e-04 1.23e-07 7.07e+01  -4.1 3.39e-03    -  1.00e+00 6.25e-02h  5
2048  1.9890350e-04 1.08e-07 7.07e+01  -4.1 6.32e-04    -  1.00e+00 1.25e-01h  4
2049  1.9890279e-04 1.02e-07 7.07e+01  -4.1 1.34e-03    -  1.00e+00 6.25e-02h  5
iter    objective    inf_pr   inf_du lg(mu)  ||d||  lg(rg) alpha_du alpha_pr  ls
2050  1.9890249e-04 1.02e-07 7.07e+01  -4.1 1.18e-01    -  1.00e+00 1.22e-04h 14
2051  1.9890462e-04 9.61e-08 7.07e+01  -4.1 3.41e-04    -  1.00e+00 6.25e-02h  5
2052  1.9890472e-04 8.95e-08 7.07e+01  -4.1 1.94e-03    -  1.00e+00 6.25e-02h  5
2053  1.9889758e-04 8.65e-08 7.07e+01  -4.1 1.98e-02    -  1.00e+00 1.56e-02h  7
2054  1.9890625e-04 7.65e-08 7.06e+01  -4.1 2.05e-03    -  1.00e+00 1.25e-01h  4
2055  1.9890593e-04 7.65e-08 7.06e+01  -4.1 2.52e-02    -  1.00e+00 4.88e-04h 12
2056  1.9890335e-04 7.35e-08 7.06e+01  -4.1 3.09e-03    -  1.00e+00 6.25e-02h  5
2057  1.9890508e-04 6.98e-08 7.06e+01  -4.1 2.11e-03    -  1.00e+00 6.25e-02h  5
2058  1.9890595e-04 6.71e-08 7.06e+01  -4.1 7.83e-03    -  1.00e+00 3.12e-02h  6
2059  1.9890656e-04 6.50e-08 7.06e+01  -4.1 2.36e-04    -  1.00e+00 3.12e-02h  6
iter    objective    inf_pr   inf_du lg(mu)  ||d||  lg(rg) alpha_du alpha_pr  ls
2060  1.9890586e-04 6.13e-08 7.08e+01  -4.1 4.53e-03    -  1.00e+00 3.12e-02h  6
2061  1.9890549e-04 6.11e-08 7.08e+01  -4.1 1.65e-02    -  1.00e+00 1.95e-03h 10
2062  1.9890485e-04 6.01e-08 7.08e+01  -4.1 4.76e-03    -  1.00e+00 1.56e-02h  7
2063  1.9890585e-04 5.72e-08 7.08e+01  -4.1 1.45e-03    -  1.00e+00 6.25e-02h  5
2064  1.9890103e-04 5.56e-08 7.08e+01  -4.1 5.36e-03    -  1.00e+00 3.12e-02h  6
2065  1.9890120e-04 5.02e-08 7.07e+01  -4.1 1.16e-03    -  1.00e+00 1.25e-01h  4
2066  1.9890105e-04 4.87e-08 7.06e+01  -4.1 2.94e-03    -  1.00e+00 3.12e-02h  6
2067  1.9890029e-04 4.90e-08 7.06e+01  -4.1 1.56e-02    -  1.00e+00 3.91e-03h  9
2068  1.9890012e-04 4.99e-08 7.06e+01  -4.1 1.19e-02    -  1.00e+00 7.81e-03h  8
2069  1.9889961e-04 4.88e-08 7.06e+01  -4.1 3.56e-03    -  1.00e+00 3.12e-02h  6
iter    objective    inf_pr   inf_du lg(mu)  ||d||  lg(rg) alpha_du alpha_pr  ls
2070  1.9890414e-04 4.27e-08 7.08e+01  -4.1 5.00e-04    -  1.00e+00 1.25e-01h  4
2071  1.9890514e-04 4.07e-08 7.08e+01  -4.1 1.09e-03    -  1.00e+00 6.25e-02h  5
2072  1.9890574e-04 4.01e-08 7.06e+01  -4.1 3.89e-03    -  1.00e+00 1.56e-02h  7
2073  1.9890679e-04 5.08e-08 7.08e+01  -4.1 2.13e-03    -  1.00e+00 1.25e-01h  4
2074  1.9890682e-04 5.06e-08 7.08e+01  -4.1 4.83e-04    -  1.00e+00 3.91e-03h  9
2075  1.9890683e-04 5.06e-08 7.08e+01  -4.1 3.42e-04    -  1.00e+00 9.77e-04h 11
2076  1.9890066e-04 5.38e-08 7.07e+01  -4.1 7.07e-04    -  1.00e+00 5.00e-01h  2
2077  1.9890153e-04 5.13e-08 7.07e+01  -4.1 1.16e-03    -  1.00e+00 6.25e-02h  5
2078  1.9889908e-04 5.47e-08 7.07e+01  -4.1 1.36e-02    -  1.00e+00 1.56e-02h  7
2079  1.9889914e-04 5.48e-08 7.07e+01  -4.1 9.13e-03    -  1.00e+00 3.91e-03h  9
iter    objective    inf_pr   inf_du lg(mu)  ||d||  lg(rg) alpha_du alpha_pr  ls
2080  1.9890019e-04 5.44e-08 7.07e+01  -4.1 3.86e-03    -  1.00e+00 1.56e-02h  7
2081  1.9889009e-04 1.36e-07 7.08e+01  -4.1 6.77e-03    -  1.00e+00 6.25e-02h  5
2082  1.9889684e-04 1.19e-07 7.07e+01  -4.1 3.04e-04    -  1.00e+00 1.25e-01h  4
2083  1.9889738e-04 1.18e-07 7.07e+01  -4.1 2.98e-03    -  1.00e+00 1.56e-02h  7
2084  1.9889608e-04 1.21e-07 7.07e+01  -4.1 1.29e-02    -  1.00e+00 7.81e-03h  8
2085  1.9889710e-04 1.17e-07 7.07e+01  -4.1 1.91e-03    -  1.00e+00 3.12e-02h  6
2086  1.9889728e-04 1.17e-07 7.07e+01  -4.1 1.83e-02    -  1.00e+00 3.91e-03h  9
2087  1.9889728e-04 1.17e-07 7.07e+01  -4.1 1.64e-01    -  1.00e+00 9.31e-10h 31
2088  1.9895365e-04 3.87e-08 7.06e+01  -4.1 2.75e-04    -  1.00e+00 1.00e+00h  1
2089  1.9884530e-04 8.47e-07 7.09e+01  -4.1 8.51e-03  -4.1 1.00e+00 1.25e-01h  4
iter    objective    inf_pr   inf_du lg(mu)  ||d||  lg(rg) alpha_du alpha_pr  ls
2090  1.9879942e-04 5.97e-07 7.10e+01  -4.1 2.93e-03    -  1.00e+00 5.00e-01h  2
2091  1.9876519e-04 6.12e-07 7.11e+01  -4.1 6.51e-03    -  1.00e+00 2.50e-01h  3
2092  1.9873308e-04 7.64e-07 7.11e+01  -4.1 2.97e-02    -  1.00e+00 3.12e-02h  6
2093  1.9873173e-04 8.29e-07 7.11e+01  -4.1 1.13e-02    -  1.00e+00 6.25e-02h  5
2094  1.9872047e-04 8.64e-07 7.11e+01  -4.1 1.71e-02    -  1.00e+00 3.12e-02h  6
2095  1.9872046e-04 8.64e-07 7.04e+01  -4.1 5.10e-02    -  5.04e-01 2.33e-10h 33
2096  1.9872526e-04 1.19e-07 9.74e+01  -4.1 1.43e-05    -  1.00e+00 1.00e+00h  1
2097  1.9897082e-04 6.76e-08 7.12e+01  -4.1 6.83e-04    -  1.00e+00 1.00e+00H  1
2098  1.9882321e-04 1.15e-07 7.00e+01  -4.1 5.49e-04    -  1.00e+00 1.00e+00h  1
2099  1.9885838e-04 9.05e-08 7.03e+01  -4.1 3.07e-04    -  1.00e+00 1.00e+00h  1
iter    objective    inf_pr   inf_du lg(mu)  ||d||  lg(rg) alpha_du alpha_pr  ls
2100  1.9887454e-04 6.50e-08 7.04e+01  -4.1 2.97e-04    -  1.00e+00 1.00e+00h  1
2101  1.9891830e-04 2.92e-08 7.06e+01  -4.1 1.94e-04    -  1.00e+00 1.00e+00h  1
2102  1.9887265e-04 2.90e-08 7.09e+01  -4.1 1.78e-04    -  1.00e+00 1.00e+00h  1
2103  1.9957556e-04 1.59e-08 7.05e+01  -4.1 1.85e-03    -  1.00e+00 6.25e-02h  5
2104  1.9955804e-04 1.76e-08 7.05e+01  -4.1 1.52e-03    -  1.00e+00 6.25e-02h  5
2105  1.9953538e-04 2.05e-08 7.05e+01  -4.1 3.29e-02    -  1.00e+00 1.95e-03h 10
2106  1.9938733e-04 2.11e-08 7.05e+01  -4.1 5.30e-03    -  1.00e+00 7.81e-03h  8
2107  1.9913653e-04 2.20e-08 7.05e+01  -4.1 5.36e-02    -  1.00e+00 9.77e-04h 11
2108  1.9895510e-04 2.21e-08 7.05e+01  -4.1 8.83e-02    -  1.00e+00 2.44e-04h 13
2109  1.9892597e-04 2.22e-08 7.09e+01  -4.1 1.29e-01    -  1.00e+00 1.22e-04h 14
iter    objective    inf_pr   inf_du lg(mu)  ||d||  lg(rg) alpha_du alpha_pr  ls
2110  1.9891153e-04 7.22e-07 7.08e+01  -4.1 7.22e-03    -  1.00e+00 1.25e-01h  4
2111  1.9887347e-04 7.21e-07 7.06e+01  -4.1 4.08e-02    -  1.00e+00 1.95e-03h 10
2112  1.9891195e-04 3.59e-07 7.06e+01  -4.1 4.01e-04    -  1.00e+00 5.00e-01h  2
2113  1.9891717e-04 2.70e-07 7.09e+01  -4.1 3.39e-04    -  1.00e+00 2.50e-01h  3
2114  1.9890511e-04 4.31e-07 7.06e+01  -4.1 2.08e-03    -  1.00e+00 2.50e-01h  3
2115  1.9889456e-04 5.86e-07 7.09e+01  -4.1 1.53e-03    -  1.00e+00 5.00e-01h  2
2116  1.9888807e-04 5.94e-07 7.09e+01  -4.1 1.31e-02    -  1.00e+00 1.56e-02h  7
2117  1.9886497e-04 1.16e-06 7.04e+01  -4.1 5.06e-03    -  1.00e+00 2.50e-01h  3
2118  1.9886316e-04 1.82e-06 7.05e+01  -4.1 2.71e-03    -  1.00e+00 5.00e-01h  2
2119  1.9891703e-04 2.11e-07 7.11e+01  -4.1 1.29e-03    -  1.00e+00 1.00e+00H  1
iter    objective    inf_pr   inf_du lg(mu)  ||d||  lg(rg) alpha_du alpha_pr  ls
2120  1.9888237e-04 1.54e-07 7.03e+01  -4.1 5.06e-04    -  1.00e+00 1.00e+00h  1
2121  1.9892531e-04 1.44e-07 7.04e+01  -4.1 1.35e-03    -  1.00e+00 1.00e+00H  1
2122  1.9891964e-04 1.09e-07 7.10e+01  -4.1 1.28e-02    -  1.00e+00 1.56e-02h  7
2123  1.9890390e-04 4.23e-08 7.09e+01  -4.1 7.05e-04    -  1.00e+00 5.00e-01h  2
2124  1.9890402e-04 4.23e-08 7.05e+01  -4.1 1.48e-02    -  1.00e+00 9.77e-04h 11
2125  1.9890307e-04 1.03e-07 7.05e+01  -4.1 3.21e-03    -  1.00e+00 1.25e-01h  4
2126  1.9890294e-04 1.03e-07 7.05e+01  -4.1 5.15e-03    -  1.00e+00 3.12e-02h  6
2127  1.9890191e-04 9.34e-08 7.05e+01  -4.1 6.34e-03    -  1.00e+00 3.12e-02h  6
2128  1.9889378e-04 1.19e-07 7.05e+01  -4.1 6.86e-04    -  1.00e+00 5.00e-01h  2
2129  1.9888887e-04 1.65e-07 7.09e+01  -4.1 6.35e-03    -  1.00e+00 6.25e-02h  5
iter    objective    inf_pr   inf_du lg(mu)  ||d||  lg(rg) alpha_du alpha_pr  ls
2130  1.9890315e-04 8.43e-08 7.05e+01  -4.1 3.57e-04    -  1.00e+00 5.00e-01h  2
2131  1.9890376e-04 8.34e-08 7.09e+01  -4.1 1.52e-03    -  1.00e+00 1.56e-02h  7
2132  1.9889063e-04 6.99e-08 7.07e+01  -4.1 3.33e-04    -  1.00e+00 1.00e+00h  1
2133  1.9889629e-04 5.85e-08 7.07e+01  -4.1 9.70e-04    -  1.00e+00 1.25e-01h  4
2134  1.9889393e-04 6.15e-08 7.07e+01  -4.1 3.52e-02    -  1.00e+00 1.95e-03h 10
2135  1.9890949e-04 4.47e-08 7.06e+01  -4.1 4.91e-04    -  1.00e+00 5.00e-01h  2
2136  1.9890950e-04 4.44e-08 7.06e+01  -4.1 2.68e-03    -  1.00e+00 7.81e-03h  8
2137  1.9890933e-04 4.17e-08 7.06e+01  -4.1 8.57e-04    -  1.00e+00 6.25e-02h  5
2138  1.9890932e-04 4.17e-08 7.08e+01  -4.1 1.64e-02    -  1.00e+00 2.44e-04h 13
2139  1.9890871e-04 4.16e-08 7.08e+01  -4.1 3.89e-03    -  1.00e+00 7.81e-03h  8
iter    objective    inf_pr   inf_du lg(mu)  ||d||  lg(rg) alpha_du alpha_pr  ls
2140  1.9890719e-04 4.19e-08 7.08e+01  -4.1 3.06e-02    -  1.00e+00 9.77e-04h 11
2141  1.9893379e-04 1.01e-08 7.06e+01  -4.1 4.59e-04    -  1.00e+00 1.00e+00H  1
2142  1.9893141e-04 8.39e-09 7.06e+01  -4.1 1.51e-02    -  1.00e+00 3.91e-03h  9
2143  1.9892475e-04 4.82e-08 7.06e+01  -4.1 6.57e-03    -  1.00e+00 3.12e-02h  6
2144  1.9890534e-04 2.72e-07 7.06e+01  -4.1 1.63e-03    -  1.00e+00 5.00e-01h  2
2145  1.9890836e-04 2.72e-07 7.08e+01  -4.1 4.43e-02    -  1.00e+00 4.88e-04h 12
2146  1.9886517e-04 8.81e-07 7.08e+01  -4.1 1.02e-03    -  1.00e+00 1.00e+00h  1
2147  1.9887533e-04 6.89e-07 7.09e+01  -4.1 1.46e-03    -  1.00e+00 2.50e-01h  3
2148  1.9887488e-04 6.86e-07 7.09e+01  -4.1 1.12e-02    -  1.00e+00 7.81e-03h  8
2149  1.9887503e-04 6.76e-07 7.09e+01  -4.1 4.90e-03    -  1.00e+00 1.56e-02h  7
iter    objective    inf_pr   inf_du lg(mu)  ||d||  lg(rg) alpha_du alpha_pr  ls
2150  1.9891463e-04 3.66e-07 7.05e+01  -4.1 7.32e-04    -  1.00e+00 1.00e+00h  1
2151  1.9884378e-04 2.91e-06 7.04e+01  -4.1 2.00e-03    -  1.00e+00 1.00e+00h  1
2152  1.9885086e-04 2.90e-06 7.10e+01  -4.1 7.74e-03    -  1.00e+00 3.91e-03h  9
2153  1.9885412e-04 1.79e-06 7.11e+01  -4.1 1.57e-03    -  1.00e+00 5.00e-01h  2
2154  1.9884004e-04 1.64e-06 7.11e+01  -4.1 3.94e-03    -  1.00e+00 1.25e-01h  4
2155  1.9883815e-04 1.59e-06 7.03e+01  -4.1 4.28e-03    -  1.00e+00 1.25e-01h  4
2156  1.9883800e-04 1.21e-06 7.03e+01  -4.1 9.45e-04    -  1.00e+00 2.50e-01h  3
2157  1.9883498e-04 1.20e-06 7.03e+01  -4.1 9.26e-03    -  1.00e+00 3.12e-02h  6
2158  1.9890500e-04 5.44e-07 7.11e+01  -4.1 8.23e-04    -  1.00e+00 1.00e+00h  1
2159  1.9892205e-04 2.70e-07 7.04e+01  -4.1 6.75e-04    -  1.00e+00 5.00e-01h  2
iter    objective    inf_pr   inf_du lg(mu)  ||d||  lg(rg) alpha_du alpha_pr  ls
2160  1.9889638e-04 4.21e-07 7.04e+01  -4.1 2.69e-02    -  1.00e+00 1.56e-02h  7
2161  1.9887469e-04 1.88e-07 7.04e+01  -4.1 3.77e-04    -  1.00e+00 1.00e+00h  1
2162  1.9891007e-04 1.46e-07 7.10e+01  -4.1 1.50e-03    -  1.00e+00 2.50e-01h  3
2163  1.9886470e-04 2.27e-07 7.10e+01  -4.1 2.29e-03    -  1.00e+00 2.50e-01h  3
2164  1.9886173e-04 1.84e-07 7.10e+01  -4.1 8.22e-04    -  1.00e+00 2.50e-01h  3
2165  1.9886431e-04 1.68e-07 7.10e+01  -4.1 4.35e-03    -  1.00e+00 6.25e-02h  5
2166  1.9886171e-04 1.62e-07 7.04e+01  -4.1 7.00e-03    -  1.00e+00 3.12e-02h  6
2167  1.9889900e-04 1.04e-07 7.11e+01  -4.1 3.32e-04    -  1.00e+00 1.00e+00h  1
2168  1.9887008e-04 1.18e-07 7.06e+01  -4.1 7.72e-04    -  1.00e+00 1.00e+00h  1
2169  1.9888275e-04 8.94e-08 7.09e+01  -4.1 7.36e-04    -  1.00e+00 1.00e+00h  1
iter    objective    inf_pr   inf_du lg(mu)  ||d||  lg(rg) alpha_du alpha_pr  ls
2170  1.9892297e-04 4.49e-08 7.05e+01  -4.1 8.06e-04    -  1.00e+00 5.00e-01h  2
2171  1.9890436e-04 4.08e-08 7.05e+01  -4.1 1.12e-03    -  1.00e+00 1.25e-01h  4
2172  1.9889799e-04 4.86e-08 7.05e+01  -4.1 1.29e-03    -  1.00e+00 2.50e-01h  3
2173  1.9888816e-04 4.35e-08 7.09e+01  -4.1 4.57e-03    -  1.00e+00 3.12e-02h  6
2174  1.9888689e-04 3.99e-08 7.09e+01  -4.1 5.58e-03    -  1.00e+00 3.12e-02h  6
2175  1.9889085e-04 2.78e-08 7.05e+01  -4.1 5.77e-04    -  1.00e+00 2.50e-01h  3
2176  1.9890490e-04 1.38e-08 7.09e+01  -4.1 2.38e-04    -  1.00e+00 1.00e+00h  1
2177  1.9890252e-04 1.37e-08 7.09e+01  -4.1 7.80e-02    -  1.00e+00 3.91e-03h  9
2178  1.9890024e-04 1.30e-08 7.08e+01  -4.1 2.12e-04    -  1.00e+00 5.00e-01h  2
2179  1.9889623e-04 2.08e-08 7.07e+01  -4.1 3.33e-04    -  1.00e+00 1.00e+00h  1
iter    objective    inf_pr   inf_du lg(mu)  ||d||  lg(rg) alpha_du alpha_pr  ls
2180  1.9889595e-04 2.79e-08 7.07e+01  -4.1 1.85e-02    -  1.00e+00 7.81e-03h  8
2181  1.9889847e-04 2.53e-08 7.07e+01  -4.1 4.01e-04    -  1.00e+00 2.50e-01h  3
2182  1.9890018e-04 1.68e-08 7.07e+01  -4.1 1.57e-03    -  1.00e+00 1.25e-01h  4
2183  1.9890023e-04 1.67e-08 7.07e+01  -4.1 8.52e-04    -  1.00e+00 7.81e-03h  8
2184  1.9889330e-04 2.93e-08 7.07e+01  -4.1 1.32e-02    -  1.00e+00 3.12e-02h  6
2185  1.9893182e-04 3.98e-09 7.06e+01  -4.1 2.38e-04    -  1.00e+00 1.00e+00H  1
2186  1.9893080e-04 3.79e-09 7.08e+01  -4.1 1.11e-02    -  1.00e+00 1.56e-02h  7
2187  1.9892571e-04 5.01e-09 7.08e+01  -4.1 2.65e-03    -  1.00e+00 1.56e-02h  7
2188  1.9885379e-04 1.26e-07 7.07e+01  -4.1 6.31e-03    -  1.00e+00 1.25e-01h  4
2189  1.9886943e-04 9.61e-08 7.07e+01  -4.1 5.62e-04    -  1.00e+00 2.50e-01h  3
iter    objective    inf_pr   inf_du lg(mu)  ||d||  lg(rg) alpha_du alpha_pr  ls
2190  1.9886450e-04 1.09e-07 7.08e+01  -4.1 5.32e-03    -  1.00e+00 1.25e-01h  4
2191  1.9886755e-04 1.08e-07 7.06e+01  -4.1 5.09e-03    -  1.00e+00 3.12e-02h  6
2192  1.9886904e-04 1.04e-07 7.06e+01  -4.1 2.17e-04    -  1.00e+00 3.12e-02h  6
2193  1.9886931e-04 1.04e-07 7.06e+01  -4.1 6.32e-03    -  1.00e+00 7.81e-03h  8
2194  1.9886935e-04 1.04e-07 7.06e+01  -4.1 4.42e-04    -  1.00e+00 9.77e-04h 11
2195  1.9886933e-04 1.03e-07 7.06e+01  -4.1 4.61e-03    -  1.00e+00 1.56e-02h  7
2196  1.9887119e-04 1.04e-07 7.08e+01  -4.1 3.33e-03    -  1.00e+00 3.12e-02h  6
2197  1.9892254e-04 2.27e-08 7.05e+01  -4.1 1.54e-04    -  1.00e+00 1.00e+00h  1
2198  1.9892228e-04 1.83e-08 7.04e+01  -4.1 6.08e-03    -  1.00e+00 3.12e-02h  6
2199  1.9835159e-04 1.13e-05 6.97e+01  -4.1 3.59e-03    -  1.00e+00 1.00e+00h  1
iter    objective    inf_pr   inf_du lg(mu)  ||d||  lg(rg) alpha_du alpha_pr  ls
2200  1.9856287e-04 9.34e-06 7.15e+01  -4.1 5.27e-03    -  1.00e+00 2.50e-01h  3
2201  1.9834347e-04 5.28e-06 7.06e+01  -4.1 8.20e-03    -  1.00e+00 5.00e-01h  2
2202  1.9834831e-04 4.73e-06 7.08e+01  -4.1 9.44e-03    -  1.00e+00 2.50e-01h  3
2203  1.9847616e-04 4.67e-06 7.06e+01  -4.1 1.44e-02    -  1.00e+00 1.56e-02h  7
2204  1.9843518e-04 4.69e-06 7.06e+01  -4.1 3.33e-02    -  1.00e+00 7.81e-03h  8
2205  1.9864683e-04 1.24e-06 7.13e+01  -4.1 1.19e-03    -  1.00e+00 1.00e+00h  1
2206  1.9882161e-04 3.49e-07 7.02e+01  -4.1 1.28e-03    -  1.00e+00 1.00e+00h  1
2207  1.9876191e-04 3.78e-07 7.02e+01  -4.1 1.37e-03    -  1.00e+00 5.00e-01h  2
2208  1.9873735e-04 3.34e-07 7.02e+01  -4.1 4.18e-03    -  1.00e+00 1.25e-01h  4
2209  1.9875496e-04 2.51e-07 7.12e+01  -4.1 1.32e-03    -  1.00e+00 2.50e-01h  3
iter    objective    inf_pr   inf_du lg(mu)  ||d||  lg(rg) alpha_du alpha_pr  ls
2210  1.9891275e-04 1.41e-07 7.03e+01  -4.1 1.02e-03    -  1.00e+00 1.00e+00h  1
2211  1.9888659e-04 1.35e-07 7.02e+01  -4.1 4.04e-03    -  1.00e+00 6.25e-02h  5
2212  1.9888699e-04 1.48e-07 7.03e+01  -4.1 1.10e-03    -  1.00e+00 1.00e+00h  1
2213  1.9888252e-04 1.31e-07 7.03e+01  -4.1 6.65e-03    -  1.00e+00 3.12e-02h  6
2214  1.9864681e-04 2.81e-06 7.01e+01  -4.1 2.82e-03    -  1.00e+00 1.00e+00h  1
2215  1.9842548e-04 8.55e-06 7.01e+01  -4.1 7.77e-02    -  1.00e+00 3.12e-02h  6
2216  1.9839014e-04 1.52e-05 7.13e+01  -4.1 8.15e-03    -  1.00e+00 5.00e-01h  2
2217  1.9839027e-04 1.46e-05 7.01e+01  -4.1 2.09e-02    -  1.00e+00 3.12e-02h  6
2218  1.9792419e-04 4.96e-05 7.01e+01  -4.1 1.39e-02    -  1.00e+00 5.00e-01h  2
2219  1.9727615e-04 1.09e-04 7.13e+01  -4.1 1.40e+00    -  1.00e+00 7.81e-03h  8
iter    objective    inf_pr   inf_du lg(mu)  ||d||  lg(rg) alpha_du alpha_pr  ls
2220  1.9690783e-04 1.40e-04 7.13e+01  -3.8 7.77e-01    -  1.00e+00 7.81e-03h  8
2221  1.9678436e-04 1.49e-04 7.13e+01  -3.9 2.70e-01    -  1.00e+00 1.56e-02h  7
2222  1.9675062e-04 1.49e-04 7.01e+01  -3.9 1.22e-01    -  1.29e-02 5.96e-08h 25
2223  1.9795811e-04 3.16e-05 1.01e+04  -3.9 4.62e-03    -  1.00e+00 1.00e+00h  1
2224  1.9844740e-04 1.23e-06 1.47e+03  -3.9 8.08e-04    -  1.00e+00 1.00e+00H  1
2225  2.0327405e-04 2.86e-05 1.26e+03  -3.9 5.41e-03    -  1.00e+00 1.00e+00h  1
2226  2.0491700e-04 1.70e-06 1.35e+03  -3.9 1.22e-03    -  1.00e+00 1.00e+00h  1
2227  2.0597070e-04 3.39e-07 1.42e+03  -3.9 6.99e-04    -  1.00e+00 1.00e+00h  1
2228  2.0985067e-04 3.65e-08 1.37e+03  -3.9 4.67e-03    -  1.00e+00 1.00e+00H  1
2229  3.6597101e-04 4.19e-08 1.36e+03  -3.9 6.64e-04    -  1.00e+00 3.95e-03h  7
iter    objective    inf_pr   inf_du lg(mu)  ||d||  lg(rg) alpha_du alpha_pr  ls
2230  1.0201797e-02 5.01e-07 1.02e+03  -3.9 3.89e-04    -  2.53e-01 2.53e-01s 20
2231  9.2946140e-03 4.59e-07 1.53e+00  -3.9 4.54e-04    -  1.00e+00 1.00e+00s 20
2232  9.6777361e-03 4.79e-07 4.70e-01  -3.9 2.34e-04    -  1.00e+00 1.00e+00s 20
2233  9.7248824e-03 4.81e-07 9.00e-02  -3.9 4.86e-05    -  1.00e+00 1.00e+00s 20
2234  9.3555581e-03 4.62e-07 6.19e-02  -3.9 1.46e-04    -  2.07e-01 2.07e-01s 20
2235r 9.3555581e-03 4.62e-07 7.81e+02  -3.9 0.00e+00    -  0.00e+00 0.00e+00R  1
2236r 1.3498134e-03 8.66e-08 8.94e+00  -4.0 1.14e-03    -  1.00e+00 2.64e-01f  1
2237r 2.4742672e-04 3.78e-09 3.76e-04  -3.7 2.49e-05    -  1.00e+00 1.00e+00f  1
2238  2.4632492e-04 1.42e-09 7.37e+01  -3.9 8.20e-04    -  1.00e+00 6.25e-02h  5
2239  2.0392583e-04 7.16e-10 6.75e+01  -3.9 8.80e-06    -  1.00e+00 1.00e+00h  1
iter    objective    inf_pr   inf_du lg(mu)  ||d||  lg(rg) alpha_du alpha_pr  ls
2240  2.2149744e-04 5.82e-10 7.41e+01  -3.9 3.06e-05    -  1.00e+00 1.00e+00h  1
2241  2.0976562e-04 3.80e-10 7.39e+01  -3.9 1.23e-05    -  1.00e+00 1.00e+00h  1
2242  2.0394671e-04 6.68e-10 7.35e+01  -3.9 5.35e-06    -  1.00e+00 5.00e-01h  2
2243  2.0177718e-04 8.13e-10 6.81e+01  -3.9 2.22e-06    -  1.00e+00 2.50e-01h  3
2244  2.0330353e-04 7.65e-10 7.33e+01  -3.9 2.11e-02    -  1.00e+00 4.88e-04h 12
2245  2.0225237e-04 1.72e-08 7.13e+01  -3.9 2.96e-04    -  1.00e+00 1.00e+00H  1
2246  2.0178527e-04 1.72e-08 7.01e+01  -3.9 1.49e-03    -  1.00e+00 4.88e-04h 12
2247  2.0164217e-04 5.71e-08 7.13e+01  -3.9 2.58e-04    -  1.00e+00 1.00e+00h  1
2248  2.0142324e-04 1.37e-08 7.02e+01  -3.9 1.48e-04    -  1.00e+00 1.00e+00h  1
2249  2.0147861e-04 2.50e-09 7.12e+01  -3.9 6.56e-05    -  1.00e+00 1.00e+00h  1
iter    objective    inf_pr   inf_du lg(mu)  ||d||  lg(rg) alpha_du alpha_pr  ls
2250  2.0138899e-04 8.45e-10 7.10e+01  -3.9 7.19e-05    -  1.00e+00 1.00e+00h  1
2251  2.0139125e-04 1.43e-07 7.04e+01  -3.9 1.08e-02    -  1.00e+00 1.25e-01h  4
2252  2.0100844e-04 3.95e-07 6.98e+01  -3.9 1.29e-03    -  1.00e+00 1.00e+00h  1
2253  2.0067798e-04 1.35e-07 6.99e+01  -3.9 5.28e-04    -  1.00e+00 1.00e+00h  1
2254  2.0034664e-04 1.81e-07 6.99e+01  -3.9 6.22e-04    -  1.00e+00 1.00e+00h  1
2255  2.0054033e-04 1.81e-07 7.16e+01  -3.9 2.92e-02    -  1.00e+00 6.10e-05h 15
2256  2.0036113e-04 3.83e-08 7.14e+01  -3.9 1.87e-04    -  1.00e+00 1.00e+00h  1
2257  2.0031912e-04 3.83e-08 7.01e+01  -3.9 7.39e-02    -  1.00e+00 1.53e-05h 17
2258  2.0033651e-04 1.35e-08 7.11e+01  -3.9 1.10e-04    -  1.00e+00 1.00e+00h  1
2259  2.0036594e-04 1.76e-08 7.04e+01  -3.9 2.27e-04    -  1.00e+00 5.00e-01h  2
iter    objective    inf_pr   inf_du lg(mu)  ||d||  lg(rg) alpha_du alpha_pr  ls
2260  2.0011098e-04 3.01e-07 7.03e+01  -3.9 4.64e-04    -  1.00e+00 1.00e+00h  1
2261  2.0011499e-04 8.26e-08 7.02e+01  -3.9 3.10e-04    -  1.00e+00 1.00e+00h  1
2262  2.0010402e-04 8.25e-08 7.12e+01  -3.9 4.14e-02    -  1.00e+00 2.44e-04h 13
2263  2.0009841e-04 2.66e-08 7.11e+01  -3.9 2.00e-04    -  1.00e+00 1.00e+00h  1
2264  1.9944656e-04 3.37e-06 6.94e+01  -3.9 2.08e-03    -  1.00e+00 1.00e+00h  1
2265  1.9959667e-04 9.44e-07 6.99e+01  -3.9 1.27e-03    -  1.00e+00 1.00e+00h  1
2266  1.9929132e-04 1.74e-06 7.15e+01  -3.9 7.82e-02    -  1.00e+00 3.12e-02h  6
2267  1.9913143e-04 2.16e-06 6.99e+01  -3.9 1.68e-03    -  1.00e+00 1.00e+00h  1
2268  1.9878326e-04 3.53e-06 7.00e+01  -3.9 1.78e-02    -  1.00e+00 1.25e-01h  4
2269  1.9896933e-04 2.43e-06 7.15e+01  -3.9 1.95e-03    -  1.00e+00 1.00e+00h  1
iter    objective    inf_pr   inf_du lg(mu)  ||d||  lg(rg) alpha_du alpha_pr  ls
2270  1.9880325e-04 2.28e-06 7.15e+01  -3.9 3.10e-03    -  1.00e+00 5.00e-01h  2
2271  1.9890266e-04 1.68e-06 7.00e+01  -3.9 4.19e-03    -  1.00e+00 2.50e-01h  3
2272  1.9865179e-04 1.15e-05 7.14e+01  -3.9 1.72e-02    -  1.00e+00 2.50e-01h  3
2273  1.9865955e-04 3.50e-06 6.99e+01  -3.9 2.05e-03    -  1.00e+00 1.00e+00h  1
2274  1.9845001e-04 3.65e-06 7.15e+01  -3.9 1.40e-01    -  1.00e+00 1.56e-02h  7
2275  1.9860089e-04 1.46e-06 7.15e+01  -3.9 2.07e-03    -  1.00e+00 1.00e+00h  1
2276  1.9869601e-04 1.15e-06 6.99e+01  -3.9 3.99e-03    -  1.00e+00 2.50e-01h  3
2277  1.9859413e-04 1.59e-06 7.15e+01  -3.9 1.52e-03    -  1.00e+00 1.00e+00h  1
2278  1.9860166e-04 1.20e-06 6.99e+01  -3.9 9.07e-03    -  1.00e+00 1.25e-01h  4
2279  1.9845015e-04 2.73e-06 6.99e+01  -3.9 3.58e-03    -  1.00e+00 5.00e-01h  2
iter    objective    inf_pr   inf_du lg(mu)  ||d||  lg(rg) alpha_du alpha_pr  ls
2280  1.9859989e-04 8.32e-07 6.99e+01  -3.9 1.38e-03    -  1.00e+00 1.00e+00h  1
2281  1.9860293e-04 8.08e-07 6.99e+01  -3.9 5.07e-03    -  1.00e+00 3.12e-02h  6
2282  1.9864350e-04 7.09e-07 7.15e+01  -3.9 1.51e-03    -  1.00e+00 1.25e-01h  4
2283  1.9864173e-04 6.96e-07 7.15e+01  -3.9 1.54e-02    -  1.00e+00 7.81e-03h  8
2284  1.9896149e-04 3.66e-08 7.15e+01  -3.9 1.23e-03    -  1.00e+00 1.00e+00H  1
2285  1.9896159e-04 1.64e-07 7.00e+01  -3.9 3.76e-03    -  1.00e+00 1.25e-01h  4
2286  1.9876633e-04 5.41e-07 7.00e+01  -3.9 4.03e-01    -  1.00e+00 1.95e-03h 10
2287  1.9878228e-04 3.21e-07 7.00e+01  -3.9 7.42e-04    -  1.00e+00 5.00e-01h  2
2288  1.9880394e-04 1.72e-07 7.14e+01  -3.9 6.17e-04    -  1.00e+00 1.00e+00h  1
2289  1.9881951e-04 1.30e-07 7.14e+01  -3.9 7.67e-04    -  1.00e+00 5.00e-01h  2
iter    objective    inf_pr   inf_du lg(mu)  ||d||  lg(rg) alpha_du alpha_pr  ls
2290  1.9881085e-04 1.89e-07 7.00e+01  -3.9 4.00e-02    -  1.00e+00 7.81e-03h  8
2291  1.9886172e-04 3.44e-08 7.00e+01  -3.9 2.20e-04    -  1.00e+00 1.00e+00h  1
2292  1.9886162e-04 3.44e-08 7.14e+01  -3.9 2.48e-02    -  1.00e+00 2.44e-04h 13
2293  1.9888769e-04 1.07e-08 7.01e+01  -3.9 1.20e-04    -  1.00e+00 1.00e+00h  1
2294  1.9889204e-04 5.32e-09 7.12e+01  -3.9 1.50e-04    -  1.00e+00 5.00e-01h  2
2295  1.9889113e-04 5.51e-09 7.12e+01  -3.9 1.44e-02    -  1.00e+00 3.91e-03h  9
2296  1.9889118e-04 4.49e-09 7.12e+01  -3.9 3.01e-04    -  1.00e+00 1.25e-01h  4
2297  1.9889053e-04 4.10e-09 7.12e+01  -3.9 1.52e-02    -  1.00e+00 1.95e-03h 10
2298  1.9889001e-04 4.19e-09 7.12e+01  -3.9 3.87e-03    -  1.00e+00 7.81e-03h  8
2299  1.9892938e-04 2.72e-09 7.05e+01  -3.9 8.34e-04    -  1.00e+00 1.00e+00H  1
iter    objective    inf_pr   inf_du lg(mu)  ||d||  lg(rg) alpha_du alpha_pr  ls
2300  1.9892721e-04 3.71e-09 7.05e+01  -3.9 9.05e-03    -  1.00e+00 7.81e-03h  8
2301  1.9892066e-04 2.71e-09 7.05e+01  -3.9 4.39e-04    -  1.00e+00 2.50e-01h  3
2302  1.9891976e-04 6.84e-09 7.09e+01  -3.9 1.19e-02    -  1.00e+00 7.81e-03h  8
2303  1.9884628e-04 6.74e-07 7.06e+01  -3.9 2.92e-03    -  1.00e+00 5.00e-01h  2
2304  1.9882235e-04 8.19e-07 7.07e+01  -3.9 3.14e-03    -  1.00e+00 2.50e-01h  3
2305  1.9882075e-04 5.41e-07 7.03e+01  -3.9 3.94e-03    -  1.00e+00 5.00e-01h  2
2306  1.9883801e-04 3.22e-07 7.02e+01  -3.9 1.56e-03    -  1.00e+00 5.00e-01h  2
2307  1.9883812e-04 3.17e-07 7.02e+01  -3.9 5.61e-03    -  1.00e+00 1.56e-02h  7
2308  1.9882580e-04 3.59e-07 7.02e+01  -3.9 4.77e-02    -  1.00e+00 1.56e-02h  7
2309  1.9883358e-04 3.58e-07 7.12e+01  -3.9 8.01e-03    -  1.00e+00 3.91e-03h  9
iter    objective    inf_pr   inf_du lg(mu)  ||d||  lg(rg) alpha_du alpha_pr  ls
2310  1.9888784e-04 2.79e-07 7.14e+01  -3.9 4.94e-04    -  1.00e+00 1.00e+00h  1
2311  1.9888095e-04 3.77e-07 7.01e+01  -3.9 5.64e-03    -  1.00e+00 6.25e-02h  5
2312  1.9886574e-04 3.06e-07 7.01e+01  -3.9 2.82e-03    -  1.00e+00 2.50e-01h  3
2313  1.9881513e-04 2.06e-07 7.13e+01  -3.9 1.19e-03    -  1.00e+00 1.00e+00h  1
2314  1.9882342e-04 1.40e-07 7.13e+01  -3.9 1.09e-03    -  1.00e+00 2.50e-01h  3
2315  1.9882069e-04 1.04e-07 7.02e+01  -3.9 8.27e-04    -  1.00e+00 5.00e-01h  2
2316  1.9883142e-04 8.95e-08 7.01e+01  -3.9 1.98e-03    -  1.00e+00 1.25e-01h  4
2317  1.9882667e-04 8.39e-08 7.01e+01  -3.9 1.94e-03    -  1.00e+00 6.25e-02h  5
2318  1.9882750e-04 8.39e-08 7.13e+01  -3.9 1.14e-02    -  1.00e+00 1.95e-03h 10
2319  1.9888683e-04 3.33e-08 7.01e+01  -3.9 2.30e-04    -  1.00e+00 1.00e+00h  1
iter    objective    inf_pr   inf_du lg(mu)  ||d||  lg(rg) alpha_du alpha_pr  ls
2320  1.9886408e-04 5.62e-08 7.13e+01  -3.9 3.67e-04    -  1.00e+00 1.00e+00h  1
2321  1.9885323e-04 4.31e-08 7.13e+01  -3.9 1.19e-03    -  1.00e+00 2.50e-01h  3
2322  1.9886943e-04 2.10e-08 7.01e+01  -3.9 4.04e-04    -  1.00e+00 5.00e-01h  2
2323  1.9885323e-04 4.10e-08 7.02e+01  -3.9 3.42e-03    -  1.00e+00 6.25e-02h  5
2324  1.9889091e-04 1.31e-08 7.13e+01  -3.9 1.54e-04    -  1.00e+00 1.00e+00h  1
2325  1.9888460e-04 2.23e-08 7.01e+01  -3.9 6.96e-02    -  1.00e+00 1.95e-03h 10
2326  1.9887899e-04 1.63e-08 7.12e+01  -3.9 1.15e-04    -  1.00e+00 1.00e+00h  1
2327  1.9887895e-04 1.36e-08 7.12e+01  -3.9 9.46e-04    -  1.00e+00 1.25e-01h  4
2328  1.9888562e-04 1.36e-08 7.12e+01  -3.9 3.64e-04    -  1.00e+00 2.50e-01h  3
2329  1.9892064e-04 5.03e-09 7.02e+01  -3.9 1.75e-04    -  1.00e+00 1.00e+00h  1
iter    objective    inf_pr   inf_du lg(mu)  ||d||  lg(rg) alpha_du alpha_pr  ls
2330  1.9891544e-04 4.51e-09 7.03e+01  -3.9 2.10e-03    -  1.00e+00 1.56e-02h  7
2331  1.9891537e-04 3.22e-09 7.02e+01  -3.9 6.04e-04    -  1.00e+00 1.25e-01h  4
2332  1.9891488e-04 5.10e-09 7.02e+01  -3.9 8.64e-03    -  1.00e+00 7.81e-03h  8
2333  1.9891045e-04 5.56e-09 7.03e+01  -3.9 7.25e-04    -  1.00e+00 6.25e-02h  5
2334  1.9889808e-04 4.30e-09 7.02e+01  -3.9 4.29e-03    -  1.00e+00 3.12e-02h  6
2335  1.9889472e-04 4.78e-09 7.12e+01  -3.9 9.57e-04    -  1.00e+00 6.25e-02h  5
2336  1.9888353e-04 2.68e-09 7.10e+01  -3.9 1.54e-04    -  1.00e+00 1.00e+00h  1
2337  1.9888434e-04 2.84e-09 7.04e+01  -3.9 8.66e-04    -  1.00e+00 3.12e-02h  6
2338  1.9888548e-04 2.77e-09 7.04e+01  -3.9 5.30e-04    -  1.00e+00 3.12e-02h  6
2339  1.9888547e-04 2.77e-09 7.10e+01  -3.9 8.49e-02    -  1.00e+00 6.10e-05h 15
iter    objective    inf_pr   inf_du lg(mu)  ||d||  lg(rg) alpha_du alpha_pr  ls
2340  1.9889023e-04 1.77e-09 7.10e+01  -3.9 7.03e-05    -  1.00e+00 5.00e-01h  2
2341  1.9891051e-04 2.32e-09 7.07e+01  -3.9 2.19e-04    -  1.00e+00 1.00e+00H  1
2342  1.9891218e-04 1.89e-09 7.07e+01  -3.9 2.83e-03    -  1.00e+00 3.12e-02h  6
2343  1.9890969e-04 1.93e-09 7.07e+01  -3.9 1.57e-02    -  1.00e+00 3.91e-03h  9
2344  1.9890812e-04 2.22e-09 7.07e+01  -3.9 3.37e-03    -  1.00e+00 1.56e-02h  7
2345  1.9890740e-04 2.19e-09 7.07e+01  -3.9 5.16e-04    -  1.00e+00 3.12e-02h  6
2346  1.9890738e-04 2.20e-09 7.07e+01  -3.9 1.77e-02    -  1.00e+00 2.44e-04h 13
2347  1.9890753e-04 2.15e-09 7.07e+01  -3.9 2.99e-04    -  1.00e+00 3.12e-02h  6
2348  1.9890754e-04 2.15e-09 7.07e+01  -3.9 2.03e-03    -  1.00e+00 9.77e-04h 11
2349  1.9890715e-04 2.18e-09 7.07e+01  -3.9 1.10e-02    -  1.00e+00 1.95e-03h 10
iter    objective    inf_pr   inf_du lg(mu)  ||d||  lg(rg) alpha_du alpha_pr  ls
2350  1.9890676e-04 2.46e-09 7.07e+01  -3.9 1.02e-02    -  1.00e+00 1.95e-03h 10
2351  1.9890676e-04 2.46e-09 7.07e+01  -3.9 2.61e-02    -  1.00e+00 1.53e-05h 17
2352  1.9890675e-04 2.46e-09 7.07e+01  -3.9 7.74e-03    -  1.00e+00 6.10e-05h 15
2353  1.9890671e-04 2.46e-09 7.07e+01  -3.9 1.94e+00    -  7.24e-01 5.44e-09h 28
2354  1.9890647e-04 2.43e-09 7.07e+01  -3.9 5.01e-04    -  1.00e+00 1.56e-02h  7
2355  1.9890645e-04 2.43e-09 7.07e+01  -3.9 1.52e-02    -  1.00e+00 1.22e-04h 14
2356  1.9890645e-04 2.43e-09 7.07e+01  -3.9 5.53e-03    -  1.00e+00 4.88e-04h 12
2357  1.9890644e-04 2.43e-09 7.07e+01  -3.9 5.56e-03    -  1.00e+00 2.44e-04h 13
2358  1.9890641e-04 2.43e-09 7.07e+01  -3.9 6.93e-03    -  1.00e+00 2.44e-04h 13
2359  1.9890609e-04 2.30e-07 7.07e+01  -3.9 1.14e-02    -  1.00e+00 6.25e-02h  5
iter    objective    inf_pr   inf_du lg(mu)  ||d||  lg(rg) alpha_du alpha_pr  ls
2360  1.9890490e-04 2.00e-07 7.08e+01  -3.9 9.92e-03    -  1.00e+00 3.12e-02h  6
2361  1.9890347e-04 2.02e-07 7.08e+01  -3.9 6.57e-03    -  1.00e+00 3.12e-02h  6
2362  1.9890436e-04 1.88e-07 7.08e+01  -3.9 2.80e-03    -  1.00e+00 6.25e-02h  5
2363  1.9889836e-04 2.15e-07 7.08e+01  -3.9 2.16e-02    -  1.00e+00 3.12e-02h  6
2364  1.9889358e-04 2.18e-07 7.06e+01  -3.9 2.16e-02    -  1.00e+00 3.91e-03h  9
2365  1.9890062e-04 1.66e-07 7.08e+01  -3.9 1.51e-03    -  1.00e+00 1.25e-01h  4
2366  1.9890000e-04 1.73e-07 7.09e+01  -3.9 1.02e-02    -  1.00e+00 1.56e-02h  7
2367  1.9889761e-04 1.85e-07 7.09e+01  -3.9 1.55e-02    -  1.00e+00 1.56e-02h  7
2368  1.9889416e-04 1.82e-07 7.06e+01  -3.9 9.93e-03    -  1.00e+00 1.56e-02h  7
2369  1.9889318e-04 1.68e-07 7.09e+01  -3.9 6.93e-03    -  1.00e+00 3.12e-02h  6
iter    objective    inf_pr   inf_du lg(mu)  ||d||  lg(rg) alpha_du alpha_pr  ls
2370  1.9889422e-04 1.61e-07 7.09e+01  -3.9 3.81e-03    -  1.00e+00 3.12e-02h  6
2371  1.9889246e-04 2.47e-07 7.06e+01  -3.9 1.85e-02    -  1.00e+00 3.12e-02h  6
2372  1.9889231e-04 4.22e-07 7.06e+01  -3.9 2.35e-02    -  1.00e+00 3.12e-02h  6
2373  1.9889233e-04 4.22e-07 7.09e+01  -3.9 1.29e-02    -  1.00e+00 9.77e-04h 11
2374  1.9889234e-04 4.21e-07 7.06e+01  -3.9 8.52e-03    -  1.00e+00 1.95e-03h 10
2375  1.9889234e-04 4.20e-07 7.09e+01  -3.9 1.33e-02    -  1.00e+00 1.95e-03h 10
2376  1.9889234e-04 4.20e-07 7.06e+01  -3.9 6.76e-03    -  1.00e+00 1.19e-07h 24
2377  1.9879132e-04 1.01e-07 4.87e+01  -3.9 2.90e-04    -  1.00e+00 1.00e+00h  1
2378  1.9875519e-04 5.60e-08 9.45e+01  -3.9 1.06e-04    -  1.00e+00 1.00e+00h  1
2379  1.9876870e-04 5.75e-08 6.50e+01  -3.9 3.96e-05    -  1.00e+00 1.00e+00h  1
iter    objective    inf_pr   inf_du lg(mu)  ||d||  lg(rg) alpha_du alpha_pr  ls
2380  1.9884473e-04 5.75e-08 7.68e+01  -3.9 3.53e-02    -  1.00e+00 5.77e-06h 18
2381  1.9895858e-04 1.65e-09 7.04e+01  -3.9 4.44e-04    -  1.00e+00 1.00e+00H  1
2382  1.9893145e-04 1.66e-09 7.10e+01  -3.9 8.42e-05    -  1.00e+00 9.77e-04h 11
2383  1.9892258e-04 3.08e-10 6.75e+01  -3.9 1.74e-05    -  1.00e+00 1.00e+00H  1
2384  1.9892079e-04 6.44e-10 6.75e+01  -3.9 2.54e-05    -  1.00e+00 1.00e+00h  1
2385  1.9896226e-04 1.97e-10 7.39e+01  -3.9 1.79e-05    -  1.00e+00 1.00e+00h  1
2386  1.9893631e-04 1.59e-10 7.39e+01  -3.9 1.33e-05    -  1.00e+00 1.00e+00h  1
2387  1.9892708e-04 5.13e-10 6.75e+01  -3.9 8.01e-03    -  1.00e+00 3.91e-03h  9
2388  1.9892739e-04 1.97e-09 6.75e+01  -3.9 1.56e-04    -  1.00e+00 2.50e-01h  3
2389  1.9893390e-04 1.90e-09 6.75e+01  -3.9 1.28e-03    -  1.00e+00 7.81e-03h  8
iter    objective    inf_pr   inf_du lg(mu)  ||d||  lg(rg) alpha_du alpha_pr  ls
2390  1.9892124e-04 2.74e-09 6.75e+01  -3.9 2.23e-02    -  1.00e+00 1.95e-03h 10
2391  1.9893565e-04 1.41e-09 7.39e+01  -3.9 2.16e-05    -  1.00e+00 5.00e-01h  2
2392  1.9893449e-04 1.05e-09 7.39e+01  -3.9 1.57e-03    -  1.00e+00 3.12e-02h  6
2393  1.9892575e-04 1.12e-09 7.39e+01  -3.9 1.07e-02    -  1.00e+00 3.91e-03h  9
2394  1.9892551e-04 9.47e-10 7.39e+01  -3.9 1.46e-02    -  1.00e+00 1.95e-03h 10
2395  1.9892374e-04 9.43e-10 7.39e+01  -3.9 4.38e-01    -  1.00e+00 1.53e-05h 17
2396  1.9892463e-04 9.41e-10 6.75e+01  -3.9 4.77e-04    -  1.00e+00 1.95e-03h 10
2397  1.9892138e-04 2.31e-12 6.75e+01  -3.9 1.57e-04    -  1.00e+00 1.00e+00H  1
2398  1.9892144e-04 3.77e-12 6.75e+01  -3.9 3.24e-02    -  1.00e+00 6.10e-05h 15
2399  1.9891566e-04 4.08e-09 6.75e+01  -3.9 6.75e-03    -  1.00e+00 1.56e-02h  7
iter    objective    inf_pr   inf_du lg(mu)  ||d||  lg(rg) alpha_du alpha_pr  ls
2400  1.9892064e-04 1.39e-09 7.39e+01  -3.9 8.32e-05    -  1.00e+00 1.00e+00h  1
2401  1.9892067e-04 1.37e-09 7.39e+01  -3.9 4.12e-04    -  1.00e+00 3.12e-02h  6
2402  1.9893125e-04 4.36e-12 6.75e+01  -3.9 5.65e-05    -  1.00e+00 1.00e+00H  1
2403  1.9893121e-04 2.01e-11 6.75e+01  -3.9 7.29e-03    -  1.00e+00 9.77e-04h 11
2404  1.9890658e-04 9.81e-08 7.39e+01  -3.9 2.32e-01    -  1.00e+00 1.95e-03h 10
2405  1.9890671e-04 9.51e-08 7.39e+01  -3.9 4.60e-04    -  1.00e+00 3.12e-02h  6
2406  1.9890678e-04 9.44e-08 7.39e+01  -3.9 3.93e-04    -  1.00e+00 7.81e-03h  8
2407  1.9888504e-04 9.72e-08 6.76e+01  -3.9 3.72e-01    -  1.00e+00 4.88e-04h 12
2408  1.9888928e-04 9.64e-08 6.76e+01  -3.9 4.18e-03    -  1.00e+00 7.81e-03h  8
2409  1.9888819e-04 9.65e-08 6.76e+01  -3.9 3.93e-02    -  1.00e+00 9.77e-04h 11
iter    objective    inf_pr   inf_du lg(mu)  ||d||  lg(rg) alpha_du alpha_pr  ls
2410  1.9888881e-04 9.63e-08 6.76e+01  -3.9 5.13e-03    -  1.00e+00 1.95e-03h 10
2411  1.9889911e-04 7.22e-08 7.38e+01  -3.9 1.73e-04    -  1.00e+00 2.50e-01h  3
2412  1.9889832e-04 8.16e-08 7.38e+01  -3.9 2.81e-02    -  1.00e+00 3.91e-03h  9
2413  1.9889846e-04 8.15e-08 7.38e+01  -3.9 4.40e-03    -  1.00e+00 9.77e-04h 11
2414  1.9889701e-04 8.20e-08 6.76e+01  -3.9 1.31e-01    -  1.00e+00 4.88e-04h 12
2415  1.9889764e-04 8.17e-08 6.76e+01  -3.9 4.07e-03    -  1.00e+00 3.91e-03h  9
2416  1.9889778e-04 8.13e-08 6.76e+01  -3.9 1.74e-03    -  1.00e+00 3.12e-02h  6
2417  1.9889809e-04 8.11e-08 6.76e+01  -3.9 8.26e-03    -  1.00e+00 1.95e-03h 10
2418  1.9889797e-04 8.12e-08 6.76e+01  -3.9 4.76e-02    -  1.00e+00 2.44e-04h 13
2419  1.9889793e-04 8.12e-08 6.76e+01  -3.9 2.79e-02    -  1.00e+00 2.44e-04h 13
iter    objective    inf_pr   inf_du lg(mu)  ||d||  lg(rg) alpha_du alpha_pr  ls
2420  1.9889796e-04 8.12e-08 6.76e+01  -3.9 8.52e-03    -  1.00e+00 9.77e-04h 11
2421  1.9889725e-04 8.12e-08 7.38e+01  -3.9 2.24e-02    -  1.00e+00 4.77e-07h 22
2422  1.9892035e-04 1.30e-09 6.78e+01  -3.9 2.44e-04    -  1.00e+00 1.00e+00H  1
2423  1.9892042e-04 1.30e-09 6.78e+01  -3.9 1.65e-02    -  1.00e+00 2.44e-04h 13
2424  1.9891959e-04 1.15e-09 6.78e+01  -3.9 2.02e-02    -  1.00e+00 1.95e-03h 10
2425  1.9892080e-04 6.24e-12 7.37e+01  -3.9 1.63e-04    -  1.00e+00 1.00e+00H  1
2426  1.9892082e-04 4.99e-12 7.37e+01  -3.9 6.49e-04    -  1.00e+00 7.81e-03h  8
2427  1.9892006e-04 2.64e-10 7.38e+01  -3.9 3.36e-04    -  1.00e+00 1.00e+00H  1
2428  1.9892072e-04 2.98e-10 7.38e+01  -3.9 2.05e-02    -  1.00e+00 1.95e-03h 10
2429  1.9891885e-04 1.25e-09 7.38e+01  -3.9 6.46e-02    -  1.00e+00 9.77e-04h 11
iter    objective    inf_pr   inf_du lg(mu)  ||d||  lg(rg) alpha_du alpha_pr  ls
2430  1.9891805e-04 1.31e-09 7.38e+01  -3.9 2.48e-02    -  1.00e+00 9.77e-04h 11
2431  1.9891760e-04 1.33e-09 6.77e+01  -3.9 9.81e-04    -  1.00e+00 6.25e-02h  5
2432  1.9891740e-04 1.40e-09 6.77e+01  -3.9 7.53e-02    -  1.00e+00 4.88e-04h 12
2433  1.9891463e-04 2.55e-09 7.38e+01  -3.9 3.59e-02    -  1.00e+00 1.95e-03h 10
2434  1.9891576e-04 2.52e-09 7.38e+01  -3.9 1.86e-02    -  1.00e+00 1.95e-03h 10
2435  1.9892014e-04 1.52e-11 7.38e+01  -3.9 1.48e-04    -  1.00e+00 1.00e+00H  1
2436  1.9890757e-04 1.04e-09 6.76e+01  -3.9 5.21e-04    -  1.00e+00 1.00e+00H  1
2437  1.9891173e-04 8.66e-10 6.76e+01  -3.9 1.20e-04    -  1.00e+00 2.50e-01h  3
2438  1.9891159e-04 6.75e-10 6.76e+01  -3.9 1.01e-02    -  1.00e+00 3.91e-03h  9
2439  1.9891074e-04 6.50e-10 6.76e+01  -3.9 1.07e-01    -  1.00e+00 9.77e-04h 11
iter    objective    inf_pr   inf_du lg(mu)  ||d||  lg(rg) alpha_du alpha_pr  ls
2440  1.9891092e-04 6.51e-10 7.38e+01  -3.9 4.47e-01    -  1.00e+00 7.63e-06h 18
2441  1.9891128e-04 6.59e-10 7.38e+01  -3.9 6.18e-04    -  1.00e+00 1.56e-02h  7
2442  1.9891124e-04 6.60e-10 7.38e+01  -3.9 5.07e-02    -  1.00e+00 2.44e-04h 13
2443  1.9891114e-04 2.53e-09 7.38e+01  -3.9 2.80e-03    -  1.00e+00 1.56e-02h  7
2444  1.9890961e-04 6.77e-08 7.38e+01  -3.9 4.71e-03    -  1.00e+00 6.25e-02h  5
2445  1.9890964e-04 6.77e-08 7.38e+01  -3.9 3.26e-02    -  1.00e+00 6.10e-05h 15
2446  1.9891088e-04 6.77e-08 7.38e+01  -3.9 2.06e-02    -  1.00e+00 9.77e-04h 11
2447  1.9891075e-04 6.77e-08 6.76e+01  -3.9 1.08e-03    -  1.00e+00 1.19e-07h 24
2448  1.9891115e-04 6.35e-08 6.76e+01  -3.9 1.27e-04    -  1.00e+00 6.25e-02h  5
2449  1.9891121e-04 6.35e-08 6.76e+01  -3.9 3.61e-03    -  1.00e+00 4.88e-04h 12
iter    objective    inf_pr   inf_du lg(mu)  ||d||  lg(rg) alpha_du alpha_pr  ls
2450  1.9891121e-04 6.35e-08 6.76e+01  -3.9 1.77e-02    -  1.00e+00 1.22e-04h 14
2451  1.9891093e-04 6.70e-08 7.38e+01  -3.9 4.74e-03    -  1.00e+00 1.56e-02h  7
2452  1.9891111e-04 6.60e-08 7.38e+01  -3.9 2.91e-04    -  1.00e+00 1.56e-02h  7
2453  1.9891111e-04 6.60e-08 7.38e+01  -3.9 7.93e-04    -  1.00e+00 2.44e-04h 13
2454  1.9891107e-04 6.60e-08 7.38e+01  -3.9 3.31e-02    -  1.00e+00 6.10e-05h 15
2455  1.9891109e-04 6.60e-08 7.38e+01  -3.9 2.17e-02    -  1.00e+00 3.05e-05h 16
2456  1.9891052e-04 6.62e-08 6.76e+01  -3.9 2.82e-03    -  1.00e+00 1.56e-02h  7
2457  1.9891020e-04 6.55e-08 6.76e+01  -3.9 1.58e-03    -  1.00e+00 3.12e-02h  6
2458  1.9891024e-04 6.48e-08 6.76e+01  -3.9 2.73e-03    -  1.00e+00 1.56e-02h  7
2459  1.9891015e-04 6.48e-08 7.38e+01  -3.9 3.49e-02    -  1.00e+00 5.96e-08h 25
iter    objective    inf_pr   inf_du lg(mu)  ||d||  lg(rg) alpha_du alpha_pr  ls
2460  1.9891054e-04 5.20e-08 6.77e+01  -3.9 3.29e-04    -  1.00e+00 2.50e-01h  3
2461  1.9891054e-04 5.20e-08 6.77e+01  -3.9 6.31e-02    -  1.00e+00 3.05e-05h 16
2462  1.9891103e-04 5.19e-08 6.77e+01  -3.9 7.84e-03    -  1.00e+00 1.95e-03h 10
2463  1.9891119e-04 5.19e-08 6.77e+01  -3.9 2.50e-03    -  1.00e+00 9.77e-04h 11
2464  1.9891122e-04 5.17e-08 6.77e+01  -3.9 9.60e-04    -  1.00e+00 3.91e-03h  9
2465  1.9893131e-04 3.37e-10 6.76e+01  -3.9 3.90e-04    -  1.00e+00 1.00e+00H  1
2466  1.9893123e-04 3.44e-10 7.38e+01  -3.9 1.13e-02    -  1.00e+00 1.95e-03h 10
2467  1.9893124e-04 3.45e-10 7.38e+01  -3.9 3.32e-03    -  1.00e+00 4.88e-04h 12
2468  1.9892813e-04 1.02e-09 7.38e+01  -3.9 1.13e-01    -  1.00e+00 4.88e-04h 12
2469  1.9892797e-04 9.90e-10 7.38e+01  -3.9 2.72e-03    -  1.00e+00 7.81e-03h  8
iter    objective    inf_pr   inf_du lg(mu)  ||d||  lg(rg) alpha_du alpha_pr  ls
2470  1.9888069e-04 2.45e-07 6.77e+01  -3.9 3.00e-02    -  1.00e+00 3.12e-02h  6
2471  1.9887111e-04 1.83e-07 6.79e+01  -3.9 1.74e-03    -  1.00e+00 5.00e-01h  2
2472  1.9887136e-04 1.81e-07 6.79e+01  -3.9 4.87e-03    -  1.00e+00 7.81e-03h  8
2473  1.9890706e-04 1.81e-07 7.35e+01  -3.9 2.08e-01    -  1.00e+00 6.10e-05h 15
2474  1.9890986e-04 1.81e-07 7.35e+01  -3.9 2.50e-02    -  1.00e+00 3.91e-03h  9
2475  1.9890810e-04 1.81e-07 7.35e+01  -3.9 2.66e-02    -  1.00e+00 9.77e-04h 11
2476  1.9890844e-04 1.80e-07 7.35e+01  -3.9 1.72e-02    -  1.00e+00 9.77e-04h 11
2477  1.9890719e-04 1.80e-07 7.35e+01  -3.9 6.41e-02    -  1.00e+00 4.88e-04h 12
2478  1.9890438e-04 1.80e-07 7.35e+01  -3.9 1.14e-02    -  1.00e+00 1.95e-03h 10
2479  1.9890923e-04 1.80e-07 6.80e+01  -3.9 1.97e-02    -  1.00e+00 1.56e-02h  7
iter    objective    inf_pr   inf_du lg(mu)  ||d||  lg(rg) alpha_du alpha_pr  ls
2480  1.9890362e-04 1.81e-07 6.80e+01  -3.9 5.37e-02    -  1.00e+00 3.91e-03h  9
2481  1.9889396e-04 1.81e-07 6.80e+01  -3.9 1.79e-02    -  1.00e+00 3.91e-03h  9
2482  1.9890575e-04 1.75e-07 7.34e+01  -3.9 9.19e-03    -  1.00e+00 1.56e-02h  7
2483  1.9890645e-04 1.63e-07 7.33e+01  -3.9 1.58e-03    -  1.00e+00 6.25e-02h  5
2484  1.9890525e-04 1.52e-07 7.33e+01  -3.9 2.04e-03    -  1.00e+00 6.25e-02h  5
2485  1.9890472e-04 1.35e-07 6.81e+01  -3.9 9.51e-04    -  1.00e+00 1.25e-01h  4
2486  1.9890494e-04 1.34e-07 6.81e+01  -3.9 2.40e-02    -  1.00e+00 1.95e-03h 10
2487  1.9890419e-04 1.34e-07 7.33e+01  -3.9 4.95e-02    -  1.00e+00 3.91e-03h  9
2488  1.9890470e-04 1.34e-07 7.33e+01  -3.9 6.09e-03    -  1.00e+00 1.95e-03h 10
2489  1.9890322e-04 1.33e-07 6.82e+01  -3.9 8.42e-02    -  1.00e+00 1.95e-03h 10
iter    objective    inf_pr   inf_du lg(mu)  ||d||  lg(rg) alpha_du alpha_pr  ls
2490  1.9890409e-04 1.33e-07 6.82e+01  -3.9 3.78e-02    -  1.00e+00 9.77e-04h 11
2491  1.9890726e-04 1.00e-07 6.82e+01  -3.9 1.15e-03    -  1.00e+00 2.50e-01h  3
2492  1.9890709e-04 1.00e-07 6.82e+01  -3.9 4.45e-02    -  1.00e+00 9.77e-04h 11
2493  1.9890704e-04 9.96e-08 6.82e+01  -3.9 2.73e-02    -  1.00e+00 1.95e-03h 10
2494  1.9890709e-04 9.95e-08 7.32e+01  -3.9 1.70e-02    -  1.00e+00 9.77e-04h 11
2495  1.9890709e-04 9.95e-08 7.32e+01  -3.9 3.15e-02    -  1.00e+00 1.53e-05h 17
2496  1.9890821e-04 9.75e-08 6.82e+01  -3.9 6.13e-03    -  1.00e+00 3.12e-02h  6
2497  1.9890782e-04 9.74e-08 6.82e+01  -3.9 2.97e-02    -  1.00e+00 9.77e-04h 11
2498  1.9890963e-04 9.72e-08 6.82e+01  -3.9 2.06e-02    -  1.00e+00 1.95e-03h 10
2499  1.9890866e-04 9.59e-08 6.82e+01  -3.9 6.50e-02    -  1.00e+00 3.91e-03h  9
iter    objective    inf_pr   inf_du lg(mu)  ||d||  lg(rg) alpha_du alpha_pr  ls
2500  1.9890949e-04 8.40e-08 6.82e+01  -3.9 4.08e-04    -  1.00e+00 1.25e-01h  4
2501  1.9890957e-04 8.40e-08 7.32e+01  -3.9 3.03e-02    -  1.00e+00 2.44e-04h 13
2502  1.9890947e-04 8.37e-08 7.32e+01  -3.9 3.28e-02    -  1.00e+00 1.95e-03h 10
2503  1.9890950e-04 8.36e-08 7.32e+01  -3.9 7.21e-03    -  1.00e+00 2.44e-04h 13
2504  1.9890951e-04 8.36e-08 7.32e+01  -3.9 1.84e-02    -  1.00e+00 2.44e-04h 13
2505  2.3902396e-04 1.59e-04 6.95e+01  -3.9 3.36e-02    -  1.00e+00 1.00e+00s 22
2506  2.5732564e-04 5.23e-04 7.18e+01  -3.9 5.56e-02    -  1.00e+00 1.00e+00s 22
2507r 2.5732564e-04 5.23e-04 9.99e+02  -3.3 0.00e+00    -  0.00e+00 0.00e+00R  1
2508r 5.6616258e-03 1.60e-04 9.92e+02  -1.4 4.82e-01    -  7.40e-03 1.08e-03f  1
2509r 4.5167019e-02 3.22e-05 1.84e-01  -3.3 4.70e-02    -  1.00e+00 8.41e-03f  1
iter    objective    inf_pr   inf_du lg(mu)  ||d||  lg(rg) alpha_du alpha_pr  ls
2510r 1.0498528e-03 6.52e-06 3.25e-03  -4.0 3.14e-03    -  1.00e+00 9.93e-01f  1
2511r 9.6704764e-04 1.80e-05 2.68e-02  -4.0 5.08e-03    -  1.00e+00 1.00e+00f  1
2512r 1.4950818e-03 7.48e-06 1.47e-02  -4.0 3.30e-03    -  1.00e+00 1.00e+00h  1
2513r 6.1012619e-04 1.00e-06 8.64e-04  -4.0 1.21e-03    -  1.00e+00 1.00e+00h  1
2514r 8.3297797e-04 7.77e-09 6.09e-04  -4.0 1.80e-04    -  1.00e+00 1.00e+00h  1
2515r 4.1903177e-04 1.10e-06 9.99e-04  -4.0 2.12e-03    -  1.00e+00 1.00e+00h  1
2516r 3.8528064e-04 4.10e-06 1.00e-02  -4.1 2.56e-03    -  1.00e+00 1.00e+00f  1
2517r 1.3429879e-03 4.48e-06 1.65e-03  -4.0 2.66e-03    -  1.00e+00 1.00e+00f  1
2518r 3.1227070e-04 7.78e-08 1.66e-04  -4.1 3.39e-04    -  1.00e+00 1.00e+00f  1
2519r 2.9481771e-04 1.56e-08 5.24e-05  -4.0 2.54e-04    -  1.00e+00 1.00e+00f  1
iter    objective    inf_pr   inf_du lg(mu)  ||d||  lg(rg) alpha_du alpha_pr  ls
2520r 3.2489226e-04 1.42e-08 1.52e-04  -4.1 2.45e-04    -  1.00e+00 1.00e+00f  1
2521r 2.9052571e-04 2.93e-08 3.81e-04  -4.0 2.70e-04    -  1.00e+00 1.00e+00f  1
2522r 3.5495575e-04 7.83e-08 1.39e-03  -4.1 5.46e-04    -  1.00e+00 1.00e+00f  1
2523r 2.5751632e-04 1.53e-07 1.15e-03  -4.0 4.86e-04    -  1.00e+00 1.00e+00f  1
2524r 3.2609259e-04 1.83e-08 2.52e-04  -4.1 2.40e-04    -  1.00e+00 1.00e+00f  1
2525r 5.0176281e-04 4.58e-07 2.00e-03  -6.1 1.21e-03    -  1.00e+00 1.00e+00f  1
2526r 1.6162609e-02 1.14e-03 1.46e-01  -4.0 5.24e-02    -  1.00e+00 1.00e+00f  1
2527r 1.2601065e-02 3.58e-04 4.30e-02  -4.1 3.63e-02    -  1.00e+00 1.00e+00h  1
2528r 3.0551377e-02 2.35e-04 1.01e-02  -4.1 2.12e-02    -  1.00e+00 1.00e+00h  1
2529r 2.9180591e-02 1.24e-04 5.99e-03  -4.1 1.17e-02    -  1.00e+00 1.00e+00h  1
iter    objective    inf_pr   inf_du lg(mu)  ||d||  lg(rg) alpha_du alpha_pr  ls
2530r 2.4731553e-02 1.12e-04 2.65e-02  -4.1 1.84e-02    -  1.00e+00 5.00e-01h  2
2531r 9.7412706e-03 3.94e-05 6.62e-03  -4.1 6.88e-03    -  1.00e+00 1.00e+00h  1
2532r 4.6962398e-03 1.79e-05 5.53e-03  -4.1 5.08e-03    -  1.00e+00 1.00e+00h  1
2533r 1.8386437e-03 7.81e-06 4.85e-03  -4.1 2.73e-03    -  1.00e+00 1.00e+00h  1
2534r 1.0295323e-03 4.93e-06 4.35e-03  -4.1 2.78e-03    -  1.00e+00 1.00e+00h  1
2535r 6.6650091e-04 3.24e-08 2.28e-04  -6.1 3.44e-04    -  1.00e+00 1.00e+00f  1
2536r 6.1292690e-03 2.54e-04 6.78e-02  -4.0 1.78e-02    -  1.00e+00 1.00e+00f  1
2537r 5.1614719e-03 2.20e-04 2.37e-02  -4.1 2.37e-02    -  1.00e+00 1.00e+00h  1
2538r 1.3712735e-02 8.24e-05 3.11e-03  -4.1 1.00e-02    -  1.00e+00 1.00e+00h  1
2539r 7.6897325e-04 1.68e-06 1.24e-03  -6.1 1.21e-03    -  1.00e+00 1.00e+00f  1
iter    objective    inf_pr   inf_du lg(mu)  ||d||  lg(rg) alpha_du alpha_pr  ls
2540r 9.0675582e-04 2.31e-08 1.02e-04  -6.1 1.29e-04    -  1.00e+00 1.00e+00h  1
2541r 4.5685383e-02 6.56e-03 4.30e-01  -4.0 7.46e-02    -  1.00e+00 1.00e+00f  1
2542r 2.5639975e-02 4.11e-03 1.42e-01  -4.1 5.88e-02    -  1.00e+00 1.00e+00h  1
2543r 3.6742306e-02 9.27e-04 2.16e-02  -4.1 3.16e-02    -  1.00e+00 1.00e+00h  1
2544r 1.6109446e-02 2.57e-04 5.56e-02  -4.1 2.05e-02    -  1.00e+00 1.00e+00h  1
2545r 4.0459462e-02 2.92e-04 1.19e-02  -4.1 1.55e-02    -  1.00e+00 1.00e+00h  1
2546r 2.3000947e-02 1.17e-04 7.32e-03  -4.1 1.50e-02    -  1.00e+00 1.00e+00h  1
2547r 8.0159378e-03 3.98e-05 7.03e-03  -4.1 8.84e-03    -  1.00e+00 1.00e+00h  1
2548r 4.1025485e-03 2.14e-05 6.09e-03  -4.1 5.75e-03    -  1.00e+00 1.00e+00h  1
2549r 6.0233826e-04 2.71e-06 6.94e-03  -4.1 3.80e-03    -  1.00e+00 1.00e+00H  1
iter    objective    inf_pr   inf_du lg(mu)  ||d||  lg(rg) alpha_du alpha_pr  ls
2550r 8.4163403e-04 5.85e-07 8.57e-03  -4.1 2.92e-03    -  1.00e+00 1.00e+00H  1
2551r 1.0315947e-03 3.56e-06 5.32e-03  -4.1 2.16e-03    -  1.00e+00 1.00e+00h  1
2552r 3.3236510e-04 4.72e-07 1.40e-03  -4.1 1.00e-03    -  1.00e+00 1.00e+00h  1
2553r 4.6349570e-04 6.85e-07 9.70e-04  -6.1 1.07e-03    -  1.00e+00 1.00e+00f  1
2554r 7.5524727e-04 1.14e-05 1.52e-04  -6.1 3.10e-03    -  1.00e+00 1.00e+00h  1
2555r 1.0120151e-03 5.87e-06 5.66e-05  -6.1 2.41e-03    -  1.00e+00 1.00e+00h  1
2556r 1.0335588e-03 1.70e-06 1.63e-05  -6.1 9.45e-04    -  1.00e+00 1.00e+00h  1
2557r 1.3530407e-03 3.54e-07 4.92e-05  -9.0 7.18e-04    -  1.00e+00 1.00e+00h  1
2558r 5.3952242e-01 1.01e+00 8.40e-01  -4.0 5.95e+00    -  1.00e+00 1.99e-01f  1
2559r 4.6373690e-01 4.85e-01 1.11e+00  -4.5 8.57e-01    -  5.63e-03 1.00e+00h  1
iter    objective    inf_pr   inf_du lg(mu)  ||d||  lg(rg) alpha_du alpha_pr  ls
2560r 4.5988537e-01 1.64e-01 3.77e-01  -4.5 5.76e-01    -  6.35e-01 1.00e+00h  1
2561r 4.5393975e-01 1.95e-01 6.18e-02  -4.5 4.69e-01    -  9.81e-01 1.00e+00h  1
2562r 1.5654079e-02 1.94e-01 6.37e-02  -4.5 3.29e+00    -  4.00e-01 2.74e-02h  1
2563r 5.3067398e-01 1.11e-01 4.35e-02  -4.5 8.13e-01    -  2.42e-01 5.00e-01f  2
2564r 1.4440559e+00 9.97e-02 2.61e-02  -4.5 3.41e-01    -  1.00e+00 1.00e+00h  1
2565r 6.6653955e-03 5.07e-02 8.36e-03  -4.5 3.39e-01    -  1.00e+00 6.26e-01h  1
2566r 2.6245639e-01 1.55e-02 5.24e-03  -4.5 1.24e-01    -  1.00e+00 1.00e+00h  1
2567r 5.0943039e-01 1.07e-02 4.53e-03  -4.5 1.21e-01    -  8.62e-01 1.00e+00h  1
2568r 3.2308583e-01 2.77e-03 2.52e-03  -4.5 5.35e-02    -  1.00e+00 1.00e+00h  1
2569r 3.2086145e-01 1.15e-03 1.15e-03  -4.5 4.02e-02    -  1.00e+00 1.00e+00h  1
iter    objective    inf_pr   inf_du lg(mu)  ||d||  lg(rg) alpha_du alpha_pr  ls
2570r 1.3545504e-02 5.99e-05 5.25e-04  -4.5 1.04e-02    -  1.00e+00 1.00e+00h  1
2571r 1.3959246e-03 3.38e-06 1.04e-04  -6.7 2.00e-03    -  1.00e+00 1.00e+00f  1
2572r 1.9928176e-03 2.65e-08 2.07e-05  -6.7 1.96e-04    -  1.00e+00 1.00e+00h  1
2573r 6.5037402e-02 4.12e-03 5.08e-01  -4.0 7.76e-02    -  1.00e+00 1.00e+00f  1
2574r 3.4193876e-02 1.15e-03 1.10e-01  -4.1 3.91e-02    -  1.00e+00 1.00e+00h  1
2575r 2.2821016e-02 3.09e-04 3.01e-02  -4.1 2.07e-02    -  1.00e+00 1.00e+00h  1
2576r 2.0744928e-02 1.19e-04 4.70e-03  -4.1 1.28e-02    -  1.00e+00 1.00e+00h  1
2577r 2.1454577e-03 3.01e-05 8.65e-03  -4.1 6.22e-03    -  1.00e+00 1.00e+00h  1
2578r 5.3820856e-04 2.14e-05 1.59e-02  -4.1 4.46e-03    -  1.00e+00 1.00e+00h  1
2579r 1.3726189e-03 3.26e-05 1.22e-02  -4.1 9.37e-03    -  1.00e+00 1.00e+00H  1
iter    objective    inf_pr   inf_du lg(mu)  ||d||  lg(rg) alpha_du alpha_pr  ls
2580r 3.2394957e-04 1.48e-05 1.62e-02  -4.1 3.88e-03    -  1.00e+00 1.00e+00h  1
2581r 6.7715038e-04 2.14e-05 1.83e-01  -4.1 2.36e-02    -  1.00e+00 1.25e-01h  4
2582r 3.0789938e-04 1.00e-05 1.24e-02  -4.1 3.09e-03    -  1.00e+00 1.00e+00h  1
2583r 2.9076399e-04 6.95e-06 7.74e-03  -4.1 2.51e-03    -  1.00e+00 1.00e+00h  1
2584r 3.1052451e-04 5.55e-07 2.09e-03  -4.1 6.46e-04    -  1.00e+00 1.00e+00h  1
2585r 4.5294839e-04 3.69e-06 1.48e-03  -6.1 1.97e-03    -  1.00e+00 1.00e+00f  1
2586r 7.8259588e-04 3.47e-07 4.84e-04  -6.1 1.00e-03    -  1.00e+00 1.00e+00h  1
2587r 1.2503036e-03 3.32e-08 8.08e-05  -6.1 7.35e-03    -  1.00e+00 1.00e+00H  1
2588r 5.0662761e-04 4.70e-05 1.05e-04  -6.1 5.89e-03    -  1.00e+00 1.00e+00h  1
2589r 1.5037481e-03 4.25e-05 5.86e-04  -6.1 8.84e-03    -  1.00e+00 5.00e-01h  2
iter    objective    inf_pr   inf_du lg(mu)  ||d||  lg(rg) alpha_du alpha_pr  ls
2590r 1.5139872e-03 2.78e-05 8.23e-05  -6.1 3.97e-03    -  1.00e+00 1.00e+00h  1
2591r 9.9131938e-04 1.01e-07 1.13e-05  -6.1 3.94e-04    -  1.00e+00 1.00e+00h  1
2592r 1.5022380e-03 5.70e-07 1.78e-05  -9.0 1.05e-03    -  1.00e+00 1.00e+00h  1
2593r 1.6217616e-03 1.62e-07 3.07e-07  -9.0 4.14e-04    -  1.00e+00 1.00e+00h  1
2594r 4.4179516e-01 6.50e-01 9.64e-01  -4.0 6.02e+00    -  1.00e+00 1.64e-01f  1
2595r 3.9529191e-01 2.22e-01 2.61e-01  -4.5 5.34e-01    -  1.00e+00 1.00e+00h  1
2596r 3.8643763e-01 9.17e-02 5.96e-02  -4.5 3.48e-01    -  4.13e-01 1.00e+00h  1
2597r 4.1627987e-01 1.46e-01 1.26e-02  -4.5 7.73e-01    -  1.00e+00 5.00e-01h  2
2598r 1.5878913e+01 1.86e-01 9.64e-03  -4.5 7.38e-01    -  3.83e-01 5.00e-01h  2
2599r 2.2605893e+00 4.61e-02 2.74e-03  -4.5 2.73e-01    -  1.00e+00 1.00e+00h  1
iter    objective    inf_pr   inf_du lg(mu)  ||d||  lg(rg) alpha_du alpha_pr  ls
2600r 9.5917310e-01 1.58e-02 2.59e-03  -4.5 1.02e-01    -  1.00e+00 1.00e+00h  1
2601r 6.4516018e-03 6.67e-03 2.71e-03  -4.5 6.01e-02    -  1.00e+00 6.53e-01h  1
2602r 5.1313104e-01 2.33e-03 3.53e-04  -4.5 4.77e-02    -  1.00e+00 1.00e+00f  1
2603r 2.2290254e-02 7.84e-05 3.77e-04  -4.5 1.24e-02    -  1.00e+00 1.00e+00h  1
2604r 2.4976163e-03 1.30e-05 5.63e-05  -6.8 4.33e-03    -  1.00e+00 1.00e+00f  1
2605r 1.6029378e-03 3.23e-08 1.48e-06  -6.8 2.26e-04    -  1.00e+00 1.00e+00h  1
2606r 2.6051941e-02 3.54e-03 3.62e-01  -4.0 7.10e-02    -  1.00e+00 1.00e+00f  1
2607r 1.4169186e-02 7.78e-04 8.44e-02  -4.1 3.05e-02    -  1.00e+00 1.00e+00h  1
2608r 1.3207257e-02 2.35e-04 2.34e-02  -4.1 1.64e-02    -  1.00e+00 1.00e+00h  1
2609r 1.2739330e-02 1.21e-04 1.77e-03  -4.1 1.25e-02    -  1.00e+00 1.00e+00h  1
iter    objective    inf_pr   inf_du lg(mu)  ||d||  lg(rg) alpha_du alpha_pr  ls
2610r 1.0251231e-02 1.84e-05 8.87e-03  -6.1 2.52e-03    -  1.00e+00 8.58e-01f  1
2611r 1.0082097e-02 2.58e-06 1.31e-03  -6.1 2.83e-03    -  1.00e+00 1.00e+00f  1
2612r 8.4027573e-03 3.37e-05 2.50e-02  -6.1 5.29e-03    -  6.44e-01 1.00e+00h  1
2613r 8.9878798e-03 1.41e-03 5.56e-02  -6.1 2.93e-01    -  1.00e+00 1.25e-01h  4
2614r 1.0779207e-02 1.31e-03 1.05e-02  -6.1 4.78e-02    -  9.10e-01 5.00e-01h  2
2615r 9.0716921e-02 1.32e-03 1.21e-02  -6.1 9.77e-02    -  1.00e+00 1.25e-01h  4
2616r 4.0501406e-02 1.18e-03 1.01e-02  -6.1 5.03e-02    -  1.00e+00 3.17e-01h  2
2617r 5.2064765e-02 2.48e-04 2.40e-04  -6.1 1.52e-02    -  1.00e+00 1.00e+00h  1
2618r 1.5020462e-03 8.49e-05 1.82e-04  -6.1 1.13e-02    -  1.00e+00 1.00e+00h  1
2619r 2.2611896e-02 8.80e-05 2.50e-04  -6.1 9.05e-03    -  1.00e+00 1.00e+00h  1
iter    objective    inf_pr   inf_du lg(mu)  ||d||  lg(rg) alpha_du alpha_pr  ls
2620r 3.0519294e-03 1.43e-05 2.45e-04  -6.1 3.75e-03    -  1.00e+00 1.00e+00h  1
2621r 7.3711107e-04 1.96e-06 1.13e-04  -6.1 1.48e-03    -  1.00e+00 1.00e+00h  1
2622r 1.4824649e-03 4.52e-07 1.21e-04  -6.1 3.87e-03    -  1.00e+00 1.00e+00H  1
2623r 4.4083661e-04 2.33e-06 5.90e-05  -6.1 1.93e-03    -  1.00e+00 1.00e+00h  1
2624r 1.0020791e-03 9.01e-07 6.75e-06  -6.1 8.21e-04    -  1.00e+00 1.00e+00h  1
2625r 1.4023625e-03 3.90e-07 7.81e-06  -9.0 9.48e-04    -  1.00e+00 1.00e+00h  1
2626r 1.5692099e-03 2.61e-08 2.07e-07  -9.0 2.02e-04    -  1.00e+00 1.00e+00h  1
2627r 5.8850284e-01 1.16e+00 1.04e+00  -4.0 1.31e+01    -  1.00e+00 8.40e-02f  1
2628r 5.4056307e-01 2.84e-01 1.12e+00  -4.6 4.83e-01    -  1.54e-03 1.00e+00h  1
2629r 5.2499230e-01 6.18e-02 2.92e-02  -4.6 4.43e-01    -  1.00e+00 1.00e+00h  1
iter    objective    inf_pr   inf_du lg(mu)  ||d||  lg(rg) alpha_du alpha_pr  ls
2630r 6.2799921e-01 4.89e-02 6.65e-03  -4.6 1.96e-01    -  1.00e+00 1.00e+00h  1
2631r 1.7616314e-02 3.24e-02 1.49e-02  -4.6 4.09e-01    -  1.00e+00 6.91e-01H  1
2632r 3.6515608e-01 3.87e-02 8.62e-03  -4.6 2.16e-01    -  6.53e-01 1.00e+00h  1
2633r 1.5020110e+00 5.08e-03 6.39e-03  -4.6 7.71e-02    -  1.00e+00 1.00e+00h  1
2634r 2.0127506e-01 1.31e-03 2.60e-03  -4.6 4.50e-02    -  1.00e+00 1.00e+00h  1
2635r 9.0152976e-02 1.96e-03 1.96e-03  -4.6 4.66e-02    -  1.00e+00 1.00e+00h  1
2636r 9.5562208e-02 9.43e-04 3.74e-03  -4.6 3.24e-02    -  1.00e+00 1.00e+00h  1
2637r 7.3543969e-02 2.40e-04 9.58e-04  -4.6 1.87e-02    -  1.00e+00 1.00e+00h  1
2638r 2.1291791e-03 8.10e-06 2.95e-04  -6.9 3.97e-03    -  1.00e+00 1.00e+00f  1
2639r 1.2807589e-03 5.08e-08 1.85e-05  -6.9 2.69e-04    -  1.00e+00 1.00e+00h  1
iter    objective    inf_pr   inf_du lg(mu)  ||d||  lg(rg) alpha_du alpha_pr  ls
2640r 1.2487457e-03 7.74e-08 2.49e-06  -6.9 3.44e-04    -  1.00e+00 1.00e+00h  1
2641r 1.5446562e-03 2.83e-06 8.87e-06  -9.0 2.43e-03    -  1.00e+00 1.00e+00h  1
2642r 1.6139548e-03 6.19e-08 2.99e-07  -9.0 2.24e-04    -  1.00e+00 1.00e+00h  1
2643r 1.6814357e-03 1.41e-07 1.98e-07  -9.0 3.49e-04    -  1.00e+00 1.00e+00h  1
2644r 1.7925599e-03 7.42e-08 1.68e-07  -9.0 2.73e-04    -  1.00e+00 1.00e+00h  1
2645r 9.8794602e-01 1.95e+00 1.10e+00  -4.0 3.03e+01    -  1.00e+00 4.75e-02f  1
2646r 9.3013271e-01 5.56e-01 1.19e+00  -4.6 1.03e+00    -  1.36e-03 1.00e+00h  1
2647r 9.4063939e-01 3.96e-01 4.16e-01  -4.6 8.31e-01    -  6.41e-01 1.00e+00h  1
2648r 9.4173959e-01 3.39e-01 3.18e-01  -4.6 7.52e-01    -  2.45e-01 1.00e+00h  1
2649r 9.7252836e-01 1.95e-01 1.12e-01  -4.6 4.36e-01    -  6.52e-01 1.00e+00h  1
iter    objective    inf_pr   inf_du lg(mu)  ||d||  lg(rg) alpha_du alpha_pr  ls
2650r 1.0425722e+00 8.44e-02 6.88e-03  -4.6 3.00e-01    -  9.50e-01 1.00e+00h  1
2651r 1.5121727e+01 5.25e-02 3.99e-03  -4.6 2.98e-01    -  1.00e+00 1.00e+00h  1
2652r 2.0482089e+00 1.04e-02 1.42e-03  -4.6 1.30e-01    -  1.00e+00 1.00e+00h  1
2653r 3.7883058e-01 1.59e-03 1.27e-03  -4.6 5.19e-02    -  1.00e+00 1.00e+00h  1
2654r 9.0659862e-02 4.31e-04 7.61e-04  -4.6 2.45e-02    -  1.00e+00 1.00e+00h  1
2655r 4.9132238e-02 2.60e-04 2.37e-03  -4.6 2.04e-02    -  1.00e+00 1.00e+00h  1
2656r 4.7266395e-02 1.67e-04 1.37e-03  -4.6 1.72e-02    -  1.00e+00 1.00e+00h  1
2657r 1.0410320e-02 4.90e-05 1.26e-03  -4.6 8.31e-03    -  1.00e+00 1.00e+00h  1
2658r 6.3733856e-04 3.65e-06 2.80e-04  -6.9 1.73e-03    -  1.00e+00 1.00e+00f  1
2659r 1.4857197e-03 3.01e-08 3.20e-05  -6.9 1.86e-04    -  1.00e+00 1.00e+00h  1
iter    objective    inf_pr   inf_du lg(mu)  ||d||  lg(rg) alpha_du alpha_pr  ls
2660r 1.5932087e-01 5.65e-02 1.31e+00  -4.0 2.55e-01    -  1.00e+00 1.00e+00f  1
2661r 8.2326428e-02 1.42e-02 3.30e-01  -4.1 1.19e-01    -  1.00e+00 1.00e+00h  1
2662r 5.2673845e-02 3.60e-03 7.57e-02  -4.1 6.87e-02    -  1.00e+00 1.00e+00h  1
2663r 5.3019433e-02 1.00e-03 2.20e-02  -4.1 3.19e-02    -  1.00e+00 1.00e+00h  1
2664r 7.9139648e-02 4.78e-04 7.23e-03  -4.1 2.71e-02    -  1.00e+00 1.00e+00h  1
2665r 6.5406418e-02 2.84e-04 8.93e-03  -4.1 1.94e-02    -  1.00e+00 1.00e+00h  1
2666r 3.0011341e-02 1.16e-04 4.20e-03  -4.1 1.31e-02    -  1.00e+00 1.00e+00h  1
2667r 1.4705915e-03 7.11e-06 6.47e-04  -6.1 3.23e-03    -  1.00e+00 1.00e+00f  1
2668r 9.6206262e-04 4.82e-08 1.34e-04  -6.1 2.82e-04    -  1.00e+00 1.00e+00h  1
2669r 8.2677156e-04 1.03e-07 1.53e-05  -6.1 3.99e-04    -  1.00e+00 1.00e+00h  1
iter    objective    inf_pr   inf_du lg(mu)  ||d||  lg(rg) alpha_du alpha_pr  ls
2670r 1.0995420e-03 2.89e-06 2.00e-05  -9.0 1.71e-03    -  9.99e-01 1.00e+00h  1
2671r 1.5012938e-03 3.87e-06 7.67e-07  -9.0 1.86e-03    -  1.00e+00 1.00e+00h  1
2672r 1.5542239e-03 3.66e-08 3.34e-07  -9.0 2.44e-04    -  1.00e+00 1.00e+00h  1
2673r 1.6223745e-03 1.75e-07 2.90e-07  -9.0 4.71e-04    -  1.00e+00 1.00e+00h  1
2674r 1.8066203e-03 2.35e-07 1.79e-07  -9.0 5.91e-04    -  1.00e+00 1.00e+00h  1
2675r 1.9751320e-03 6.45e-08 6.20e-08  -9.0 3.06e-04    -  1.00e+00 1.00e+00h  1
2676r 1.9848856e-03 1.41e-08 6.63e-09  -9.0 1.41e-04    -  1.00e+00 1.00e+00h  1
2677r 7.7730097e-01 1.08e+00 1.14e+00  -4.0 3.81e+01    -  1.00e+00 2.86e-02f  1
2678r 7.8615728e-01 2.35e-01 1.16e+00  -4.6 6.46e-01    -  2.80e-03 1.00e+00h  1
2679r 7.5473451e-01 3.02e-01 6.43e-01  -4.6 6.14e-01    -  4.59e-01 1.00e+00h  1
iter    objective    inf_pr   inf_du lg(mu)  ||d||  lg(rg) alpha_du alpha_pr  ls
2680r 7.5731568e-01 1.89e-01 2.82e-01  -4.6 9.62e-01    -  5.63e-01 5.00e-01h  2
2681r 7.7450458e-01 8.39e-02 9.56e-03  -4.6 2.80e-01    -  9.84e-01 1.00e+00h  1
2682r 7.1677164e-01 7.62e-02 1.07e-02  -4.6 8.66e-01    -  9.07e-01 7.45e-02H  1
2683r 8.3335189e-01 2.44e-02 8.60e-03  -4.6 1.64e-01    -  3.12e-01 1.00e+00h  1
2684r 4.3460256e-02 2.32e-02 1.03e-02  -4.6 4.71e-01    -  1.00e+00 4.15e-02H  1
2685r 8.2924725e-01 3.89e-02 7.99e-03  -4.6 2.43e-01    -  2.96e-01 1.00e+00f  1
2686r 3.9013596e-01 2.14e-02 7.16e-03  -4.6 1.69e-01    -  1.00e+00 1.00e+00h  1
2687r 1.1443831e+00 1.06e-02 1.95e-03  -4.6 1.21e-01    -  1.00e+00 1.00e+00h  1
2688r 2.5558981e+00 1.00e-02 1.66e-03  -4.6 1.26e-01    -  1.00e+00 1.00e+00h  1
2689r 1.7821735e-01 7.48e-04 2.97e-04  -4.6 3.05e-02    -  1.00e+00 1.00e+00h  1
iter    objective    inf_pr   inf_du lg(mu)  ||d||  lg(rg) alpha_du alpha_pr  ls
2690r 8.9431479e-02 5.05e-04 1.95e-03  -4.6 2.73e-02    -  1.00e+00 1.00e+00h  1
2691r 1.0106057e-01 3.82e-04 1.00e-03  -4.6 2.34e-02    -  1.00e+00 1.00e+00h  1
2692r 2.3494540e-02 1.09e-04 1.56e-03  -4.6 9.50e-03    -  1.00e+00 1.00e+00h  1
2693r 3.0098838e-02 2.16e-04 4.21e-03  -4.6 1.79e-02    -  1.00e+00 1.00e+00h  1
2694r 3.0089392e-02 1.33e-04 1.77e-03  -4.6 1.04e-02    -  1.00e+00 1.00e+00h  1
2695r 1.6191384e-02 6.66e-05 1.78e-03  -4.6 9.20e-03    -  1.00e+00 1.00e+00h  1
2696r 8.2882207e-03 3.13e-05 1.04e-03  -4.6 5.15e-03    -  1.00e+00 1.00e+00h  1
2697r 9.3108030e-04 8.02e-07 2.40e-04  -7.0 9.88e-04    -  1.00e+00 1.00e+00f  1
2698r 1.1469202e-03 1.38e-09 9.78e-06  -7.0 3.45e-05    -  1.00e+00 1.00e+00h  1
2699r 1.8696867e-01 1.08e-01 1.59e+00  -4.0 3.06e-01    -  1.00e+00 1.00e+00f  1
iter    objective    inf_pr   inf_du lg(mu)  ||d||  lg(rg) alpha_du alpha_pr  ls
2700r 9.5396093e-02 2.88e-02 4.13e-01  -4.1 1.41e-01    -  1.00e+00 1.00e+00h  1
2701r 6.0797434e-02 6.66e-03 1.04e-01  -4.1 7.69e-02    -  1.00e+00 1.00e+00h  1
2702r 5.8768253e-02 1.73e-03 2.86e-02  -4.1 4.60e-02    -  1.00e+00 1.00e+00h  1
2703r 8.7069428e-02 5.63e-04 7.49e-03  -4.1 2.25e-02    -  1.00e+00 1.00e+00h  1
2704r 9.1306495e-02 3.55e-04 2.09e-03  -4.1 2.00e-02    -  1.00e+00 1.00e+00h  1
2705r 5.4684662e-04 5.18e-06 5.21e-04  -6.1 2.89e-03    -  1.00e+00 1.00e+00f  1
2706r 5.8626246e-04 4.13e-07 1.24e-04  -6.1 6.33e-04    -  1.00e+00 1.00e+00h  1
2707r 7.7876349e-04 8.49e-06 6.75e-05  -6.1 3.19e-03    -  1.00e+00 1.00e+00h  1
2708r 4.7316639e-04 1.88e-06 6.23e-05  -6.1 1.34e-03    -  1.00e+00 1.00e+00h  1
2709r 8.2489148e-04 2.40e-07 2.56e-05  -6.1 5.82e-04    -  1.00e+00 1.00e+00h  1
iter    objective    inf_pr   inf_du lg(mu)  ||d||  lg(rg) alpha_du alpha_pr  ls
2710r 1.1807527e-03 6.52e-07 1.91e-05  -9.0 8.22e-04    -  1.00e+00 1.00e+00f  1
2711r 1.4576214e-03 1.92e-07 3.28e-07  -9.0 6.41e-04    -  1.00e+00 1.00e+00h  1
2712r 1.6468241e-03 1.12e-07 2.46e-07  -9.0 4.32e-04    -  1.00e+00 1.00e+00h  1
2713r 1.6911551e-03 4.36e-08 2.14e-07  -9.0 2.53e-04    -  1.00e+00 1.00e+00h  1
2714r 1.1056062e+00 1.47e+00 1.13e+00  -4.0 7.20e+00    -  1.00e+00 2.23e-01f  1
2715r 9.5076296e-01 3.78e-01 1.16e+00  -4.5 1.15e+00    -  1.57e-03 1.00e+00h  1
2716r 9.4767579e-01 4.83e-01 5.80e-02  -4.5 9.07e-01    -  9.83e-01 1.00e+00h  1
2717r 9.8652824e-01 3.77e-01 2.47e-02  -4.5 6.28e-01    -  5.13e-01 1.00e+00h  1
2718r 1.3414081e+00 7.64e-02 1.18e-02  -4.5 2.85e-01    -  8.62e-01 1.00e+00h  1
2719r 2.6147136e-01 7.50e-02 1.17e-02  -4.5 8.12e-01    -  7.98e-01 2.76e-02H  1
iter    objective    inf_pr   inf_du lg(mu)  ||d||  lg(rg) alpha_du alpha_pr  ls
2720r 1.6765802e+00 2.25e-02 7.23e-03  -4.5 1.70e-01    -  3.27e-01 1.00e+00f  1
2721r 7.2760257e+00 3.36e-02 5.81e-03  -4.5 2.16e-01    -  1.00e+00 1.00e+00h  1
2722r 2.9968379e+00 1.55e-02 2.20e-03  -4.5 1.60e-01    -  1.00e+00 1.00e+00h  1
2723r 4.8431106e-01 2.55e-03 2.02e-03  -4.5 5.87e-02    -  1.00e+00 1.00e+00h  1
2724r 2.3935152e-01 1.18e-03 1.56e-03  -4.5 4.12e-02    -  1.00e+00 1.00e+00h  1
2725r 1.0167958e-01 4.32e-04 1.38e-03  -4.5 2.45e-02    -  1.00e+00 1.00e+00h  1
2726r 4.9521079e-02 2.29e-04 2.03e-03  -4.5 1.77e-02    -  1.00e+00 1.00e+00h  1
2727r 3.0216943e-02 1.29e-04 2.13e-03  -4.5 1.27e-02    -  1.00e+00 1.00e+00h  1
2728r 1.3114492e-02 5.88e-05 2.01e-03  -4.5 7.86e-03    -  1.00e+00 1.00e+00h  1
2729r 4.9046654e-03 2.10e-05 2.26e-03  -4.5 4.04e-03    -  1.00e+00 1.00e+00h  1
iter    objective    inf_pr   inf_du lg(mu)  ||d||  lg(rg) alpha_du alpha_pr  ls
2730r 1.4190443e-03 6.53e-06 1.11e-03  -4.5 2.30e-03    -  1.00e+00 1.00e+00h  1
2731r 7.9597497e-04 2.67e-08 1.67e-04  -6.7 1.89e-04    -  1.00e+00 1.00e+00f  1
2732r 7.9862972e-04 8.03e-09 8.99e-06  -6.7 1.08e-04    -  1.00e+00 1.00e+00h  1
2733r 1.0666253e-03 1.76e-06 6.18e-06  -9.0 1.77e-03    -  1.00e+00 1.00e+00f  1
2734r 1.7121551e-03 4.19e-07 2.19e-07  -9.0 8.14e-04    -  1.00e+00 1.00e+00h  1
2735r 1.9314218e-03 8.43e-08 1.43e-07  -9.0 3.43e-04    -  1.00e+00 1.00e+00h  1
2736r 2.0019128e-03 2.02e-08 9.48e-08  -9.0 1.49e-04    -  1.00e+00 1.00e+00h  1
2737r 7.1899459e-01 1.00e+00 1.14e+00  -4.0 3.07e+01    -  1.00e+00 3.42e-02f  1
2738r 7.1839293e-01 4.73e-01 1.19e+00  -4.6 7.29e-01    -  2.25e-03 1.00e+00h  1
2739r 7.0196740e-01 4.35e-01 8.66e-01  -4.6 1.04e+00    -  2.76e-01 5.00e-01h  2
iter    objective    inf_pr   inf_du lg(mu)  ||d||  lg(rg) alpha_du alpha_pr  ls
2740r 6.8473588e-01 2.07e-01 1.05e-01  -4.6 4.96e-01    -  8.77e-01 1.00e+00h  1
2741r 7.2484787e-01 5.70e-02 6.27e-03  -4.6 3.55e-01    -  9.71e-01 1.00e+00h  1
2742r 2.6245066e-02 5.31e-02 7.87e-03  -4.6 4.97e-01    -  1.00e+00 1.67e-02H  1
2743r 6.9205885e-01 1.96e-02 3.69e-03  -4.6 1.67e-01    -  5.57e-01 1.00e+00f  1
2744r 1.0963900e+00 7.75e-03 4.99e-03  -4.6 1.18e-01    -  1.00e+00 1.00e+00h  1
2745r 2.1589139e+00 9.24e-03 1.07e-03  -4.6 1.13e-01    -  7.54e-01 1.00e+00h  1
2746r 2.7903382e-01 8.33e-04 6.43e-04  -4.6 4.39e-02    -  1.00e+00 1.00e+00h  1
2747r 1.2269885e-01 5.99e-04 1.53e-03  -4.6 3.09e-02    -  1.00e+00 1.00e+00h  1
2748r 1.3191293e-01 5.28e-04 1.28e-03  -4.6 2.75e-02    -  1.00e+00 1.00e+00h  1
2749r 3.6603518e-02 1.44e-04 8.87e-04  -4.6 1.48e-02    -  1.00e+00 1.00e+00h  1
iter    objective    inf_pr   inf_du lg(mu)  ||d||  lg(rg) alpha_du alpha_pr  ls
2750r 1.9004101e-03 1.03e-05 1.16e-04  -7.0 3.98e-03    -  1.00e+00 1.00e+00f  1
2751r 1.3863360e-03 1.06e-07 2.76e-05  -7.0 3.89e-04    -  1.00e+00 1.00e+00h  1
2752r 1.4058609e-03 1.12e-09 5.86e-06  -7.0 3.92e-05    -  1.00e+00 1.00e+00h  1
2753  1.4056949e-03 1.12e-09 7.07e+01  -3.9 4.53e-02    -  1.00e+00 2.44e-04h 13
2754  1.4055038e-03 1.12e-09 7.07e+01  -3.9 9.34e+00    -  1.88e-02 3.86e-07f 19
2755  1.4053106e-03 1.12e-09 7.07e+01  -3.9 6.61e+00    -  1.63e-01 6.08e-07f 19
2756  1.2291964e-03 2.26e-04 7.07e+01  -3.9 6.19e+00    -  1.25e-02 2.81e-03f  7
2757  2.8062207e-04 3.18e-04 7.15e+01  -3.9 2.07e-02    -  1.00e+00 1.00e+00h  1
2758  6.4677044e-04 1.18e-05 7.00e+01  -3.9 4.55e-03    -  1.00e+00 1.00e+00h  1
2759  3.8142695e-04 1.48e-05 6.99e+01  -3.9 5.35e-03    -  1.00e+00 1.00e+00h  1
iter    objective    inf_pr   inf_du lg(mu)  ||d||  lg(rg) alpha_du alpha_pr  ls
2760  3.3633666e-04 1.83e-05 7.16e+01  -3.9 2.06e+00    -  4.24e-01 1.57e-03h  6
2761  2.2414101e-04 2.62e-06 7.00e+01  -3.9 3.15e-03    -  1.00e+00 1.00e+00h  1
2762  2.5368070e-04 5.12e-07 7.15e+01  -3.9 7.03e-04    -  1.00e+00 1.00e+00h  1
2763  2.1287036e-04 2.60e-06 7.16e+01  -3.9 1.66e-03    -  1.00e+00 1.00e+00h  1
2764  2.0277430e-04 2.81e-06 6.99e+01  -3.9 1.23e-01    -  1.00e+00 3.91e-03h  9
2765  2.0387768e-04 4.53e-08 7.14e+01  -3.9 9.01e-04    -  1.00e+00 1.00e+00h  1
2766  1.9951353e-04 2.48e-07 7.10e+01  -3.9 6.15e-04    -  1.00e+00 1.00e+00h  1
2767  1.9927178e-04 2.60e-07 7.04e+01  -3.9 1.95e+00    -  6.21e-01 7.76e-05h 14
2768  1.9923968e-04 4.94e-07 7.04e+01  -3.9 1.19e-02    -  1.00e+00 6.25e-02h  5
2769  1.9923228e-04 5.47e-07 7.04e+01  -3.9 2.63e-02    -  1.00e+00 1.56e-02h  7
iter    objective    inf_pr   inf_du lg(mu)  ||d||  lg(rg) alpha_du alpha_pr  ls
2770  1.9908443e-04 7.35e-07 7.10e+01  -3.9 1.54e-02    -  1.00e+00 1.25e-01h  4
2771  1.9911098e-04 6.90e-07 7.00e+01  -3.9 1.99e-03    -  1.00e+00 1.00e+00h  1
2772  1.9910936e-04 6.92e-07 7.14e+01  -3.9 5.11e-02    -  1.00e+00 3.91e-03h  9
2773  1.9902329e-04 4.38e-06 7.00e+01  -3.9 2.30e-02    -  1.00e+00 1.25e-01h  4
2774  1.9902295e-04 3.27e-06 7.00e+01  -3.9 9.62e-03    -  1.00e+00 2.50e-01h  3
2775  1.9892612e-04 3.07e-06 7.00e+01  -3.9 4.13e-02    -  1.00e+00 3.12e-02h  6
2776  1.9859196e-04 1.88e-06 7.15e+01  -3.9 2.69e-03    -  1.00e+00 1.00e+00h  1
2777  1.9865581e-04 8.09e-07 7.15e+01  -3.9 1.86e-03    -  1.00e+00 5.00e-01h  2
2778  1.9859755e-04 7.33e-07 7.15e+01  -3.9 2.72e-02    -  1.00e+00 3.12e-02h  6
2779  1.9859815e-04 7.33e-07 7.00e+01  -3.9 4.13e-02    -  1.00e+00 4.88e-04h 12
iter    objective    inf_pr   inf_du lg(mu)  ||d||  lg(rg) alpha_du alpha_pr  ls
2780  1.9862084e-04 6.42e-07 7.00e+01  -3.9 2.35e-03    -  1.00e+00 1.25e-01h  4
2781  1.9860092e-04 6.83e-07 7.15e+01  -3.9 5.55e-02    -  1.00e+00 3.12e-02h  6
2782  1.9862284e-04 5.20e-07 7.15e+01  -3.9 1.48e-03    -  1.00e+00 2.50e-01h  3
2783  1.9886923e-04 2.81e-07 7.00e+01  -3.9 1.54e-03    -  1.00e+00 1.00e+00H  1
2784  1.9884546e-04 2.45e-07 7.00e+01  -3.9 4.78e-03    -  1.00e+00 1.25e-01h  4
2785  1.9868751e-04 4.47e-07 7.00e+01  -3.9 3.09e-03    -  1.00e+00 5.00e-01h  2
2786  1.9880456e-04 3.73e-07 7.14e+01  -3.9 6.82e-03    -  1.00e+00 6.25e-02h  5
2787  1.9882410e-04 2.04e-07 7.14e+01  -3.9 5.59e-04    -  1.00e+00 1.00e+00h  1
2788  1.9879546e-04 2.11e-07 7.15e+01  -3.9 1.54e-02    -  1.00e+00 1.56e-02h  7
2789  1.9901739e-04 3.18e-08 7.00e+01  -3.9 9.44e-04    -  1.00e+00 1.00e+00H  1
iter    objective    inf_pr   inf_du lg(mu)  ||d||  lg(rg) alpha_du alpha_pr  ls
2790  1.9893959e-04 5.40e-08 7.01e+01  -3.9 5.97e-04    -  1.00e+00 5.00e-01h  2
2791  1.9889801e-04 3.60e-08 7.01e+01  -3.9 5.50e-03    -  1.00e+00 1.25e-01h  4
2792  1.9885120e-04 4.30e-08 7.01e+01  -3.9 4.80e-03    -  1.00e+00 6.25e-02h  5
2793  1.9886521e-04 4.30e-08 7.13e+01  -3.9 3.64e-03    -  1.00e+00 3.12e-02h  6
2794  1.9887365e-04 2.66e-08 7.01e+01  -3.9 3.68e-04    -  1.00e+00 1.00e+00h  1
2795  1.9886710e-04 2.25e-08 7.11e+01  -3.9 3.21e-04    -  1.00e+00 1.00e+00h  1
2796  1.9886648e-04 2.34e-08 7.11e+01  -3.9 1.37e-02    -  1.00e+00 7.81e-03h  8
2797  1.9886679e-04 2.19e-08 7.11e+01  -3.9 4.30e-04    -  1.00e+00 1.25e-01h  4
2798  1.9895259e-04 6.77e-09 7.04e+01  -3.9 5.27e-04    -  1.00e+00 1.00e+00H  1
2799  1.9892629e-04 1.76e-08 7.05e+01  -3.9 9.74e-04    -  1.00e+00 2.50e-01h  3
iter    objective    inf_pr   inf_du lg(mu)  ||d||  lg(rg) alpha_du alpha_pr  ls
2800  1.9892384e-04 1.64e-08 7.04e+01  -3.9 3.76e-03    -  1.00e+00 6.25e-02h  5
2801  1.9892292e-04 1.64e-08 7.04e+01  -3.9 5.81e-02    -  1.00e+00 9.77e-04h 11
2802  1.9892047e-04 1.63e-08 7.04e+01  -3.9 7.82e-02    -  1.00e+00 4.88e-04h 12
2803  1.9888806e-04 1.45e-08 7.05e+01  -3.9 2.71e-03    -  1.00e+00 6.25e-02h  5
2804  1.9890557e-04 1.34e-08 7.10e+01  -3.9 1.83e-02    -  1.00e+00 3.91e-03h  9
2805  1.9890372e-04 1.27e-08 7.10e+01  -3.9 6.35e-03    -  1.00e+00 7.81e-03h  8
2806  1.9889886e-04 1.28e-08 7.10e+01  -3.9 2.67e-03    -  1.00e+00 1.56e-02h  7
2807  1.9889906e-04 1.22e-08 7.10e+01  -3.9 8.05e-04    -  1.00e+00 6.25e-02h  5
2808  1.9889343e-04 1.23e-08 7.10e+01  -3.9 3.15e-03    -  1.00e+00 1.56e-02h  7
2809  1.9888567e-04 1.24e-08 7.10e+01  -3.9 3.39e-03    -  1.00e+00 3.12e-02h  6
iter    objective    inf_pr   inf_du lg(mu)  ||d||  lg(rg) alpha_du alpha_pr  ls
2810  1.9888491e-04 1.22e-08 7.10e+01  -3.9 1.13e-03    -  1.00e+00 3.12e-02h  6
2811  1.9888288e-04 1.22e-08 7.04e+01  -3.9 1.93e-01    -  1.00e+00 1.91e-06h 20
2812  1.9890617e-04 6.00e-09 7.09e+01  -3.9 2.14e-04    -  1.00e+00 1.00e+00H  1
2813  1.9890037e-04 7.06e-09 7.09e+01  -3.9 3.78e-02    -  1.00e+00 3.91e-03h  9
2814  1.9889899e-04 7.75e-09 7.09e+01  -3.9 3.59e-03    -  1.00e+00 3.12e-02h  6
2815  1.9889837e-04 7.84e-09 7.09e+01  -3.9 1.59e-02    -  1.00e+00 1.56e-02h  7
2816  1.9889159e-04 1.26e-08 7.06e+01  -3.9 4.16e-04    -  1.00e+00 5.00e-01h  2
2817  1.9889101e-04 1.75e-08 7.06e+01  -3.9 3.65e-04    -  1.00e+00 1.00e+00h  1
2818  1.9888475e-04 1.50e-08 7.08e+01  -3.9 2.39e-03    -  1.00e+00 6.25e-02h  5
2819  1.9889015e-04 1.12e-08 7.08e+01  -3.9 1.93e-04    -  1.00e+00 2.50e-01h  3
iter    objective    inf_pr   inf_du lg(mu)  ||d||  lg(rg) alpha_du alpha_pr  ls
2820  1.9889010e-04 1.11e-08 7.08e+01  -3.9 7.56e-03    -  1.00e+00 7.81e-03h  8
2821  1.9888541e-04 1.02e-08 7.08e+01  -3.9 1.82e-03    -  1.00e+00 3.12e-02h  6
2822  1.9888789e-04 1.02e-08 7.06e+01  -3.9 2.36e-03    -  1.00e+00 7.81e-03h  8
2823  1.9888894e-04 9.95e-09 7.06e+01  -3.9 1.84e-03    -  1.00e+00 3.12e-02h  6
2824  1.9888861e-04 9.96e-09 7.06e+01  -3.9 9.24e-03    -  1.00e+00 3.91e-03h  9
2825  1.9890566e-04 7.34e-09 7.09e+01  -3.9 7.44e-04    -  1.00e+00 5.00e-01h  2
2826  1.9889863e-04 1.17e-08 7.09e+01  -3.9 3.58e-04    -  1.00e+00 1.00e+00h  1
2827  1.9889180e-04 1.29e-08 7.08e+01  -3.9 2.31e-03    -  1.00e+00 3.12e-02h  6
2828  1.9889148e-04 1.23e-08 7.06e+01  -3.9 2.15e-03    -  1.00e+00 3.12e-02h  6
2829  1.9889171e-04 1.21e-08 7.06e+01  -3.9 5.02e-04    -  1.00e+00 1.56e-02h  7
iter    objective    inf_pr   inf_du lg(mu)  ||d||  lg(rg) alpha_du alpha_pr  ls
2830  1.9888997e-04 1.26e-08 7.09e+01  -3.9 7.28e-02    -  1.00e+00 9.77e-04h 11
2831  1.9889446e-04 7.02e-09 7.06e+01  -3.9 1.85e-04    -  1.00e+00 5.00e-01h  2
2832  1.9889304e-04 6.35e-09 7.06e+01  -3.9 7.17e-04    -  1.00e+00 2.50e-01h  3
2833  1.9888309e-04 6.92e-09 7.06e+01  -3.9 2.07e-03    -  1.00e+00 1.25e-01h  4
2834  1.9888341e-04 6.86e-09 7.06e+01  -3.9 3.77e-03    -  1.00e+00 7.81e-03h  8
2835  1.9889983e-04 6.24e-09 7.07e+01  -3.9 3.23e-04    -  1.00e+00 1.00e+00H  1
2836  1.9890033e-04 8.18e-09 7.07e+01  -3.9 1.76e-03    -  1.00e+00 3.12e-02h  6
2837  1.9889978e-04 8.63e-09 7.07e+01  -3.9 2.12e-02    -  1.00e+00 1.95e-03h 10
2838  1.9892187e-04 6.01e-09 7.07e+01  -3.9 2.31e-03    -  1.00e+00 6.25e-02h  5
2839  1.9892061e-04 6.01e-09 7.07e+01  -3.9 1.14e-02    -  1.00e+00 1.95e-03h 10
iter    objective    inf_pr   inf_du lg(mu)  ||d||  lg(rg) alpha_du alpha_pr  ls
2840  1.9887867e-04 3.67e-07 7.09e+01  -3.9 1.47e-02    -  1.00e+00 6.25e-02h  5
2841  1.9885288e-04 2.05e-07 7.12e+01  -3.9 6.51e-04    -  1.00e+00 1.00e+00h  1
2842  1.9884359e-04 2.06e-07 7.03e+01  -3.9 1.64e-01    -  1.00e+00 9.77e-04h 11
2843  1.9886524e-04 1.29e-07 7.02e+01  -3.9 4.58e-04    -  1.00e+00 5.00e-01h  2
2844  1.9886059e-04 1.20e-07 7.12e+01  -3.9 1.33e-03    -  1.00e+00 1.25e-01h  4
2845  1.9886006e-04 1.22e-07 7.12e+01  -3.9 1.11e-02    -  1.00e+00 3.12e-02h  6
2846  1.9887617e-04 6.00e-08 7.13e+01  -3.9 4.37e-04    -  1.00e+00 1.00e+00h  1
2847  1.9887440e-04 4.27e-08 7.13e+01  -3.9 1.78e-03    -  1.00e+00 1.25e-01h  4
2848  1.9886301e-04 5.71e-08 7.02e+01  -3.9 1.60e-03    -  1.00e+00 1.25e-01h  4
2849  1.9885037e-04 1.17e-07 7.02e+01  -3.9 1.52e-01    -  1.00e+00 3.91e-03h  9
iter    objective    inf_pr   inf_du lg(mu)  ||d||  lg(rg) alpha_du alpha_pr  ls
2850  1.9887239e-04 2.58e-08 7.01e+01  -3.9 3.64e-04    -  1.00e+00 1.00e+00h  1
2851  1.9887720e-04 2.59e-08 7.13e+01  -3.9 3.25e-02    -  1.00e+00 1.95e-03h 10
2852  1.9886249e-04 2.94e-09 7.11e+01  -3.9 1.22e-04    -  1.00e+00 1.00e+00h  1
2853  1.9887353e-04 9.99e-09 7.03e+01  -3.9 5.67e-04    -  1.00e+00 2.50e-01h  3
2854  1.9888158e-04 1.21e-08 7.11e+01  -3.9 1.27e-04    -  1.00e+00 1.00e+00h  1
2855  1.9888072e-04 1.20e-08 7.03e+01  -3.9 9.82e-03    -  1.00e+00 7.81e-03h  8
2856  1.9888136e-04 1.07e-08 7.03e+01  -3.9 4.93e-04    -  1.00e+00 1.25e-01h  4
2857  1.9885459e-04 1.94e-08 7.05e+01  -3.9 1.62e-04    -  1.00e+00 1.00e+00h  1
2858  1.9885435e-04 1.65e-08 7.09e+01  -3.9 1.23e-03    -  1.00e+00 6.25e-02h  5
2859  1.9885662e-04 1.68e-08 7.10e+01  -3.9 8.49e-04    -  1.00e+00 6.25e-02h  5
iter    objective    inf_pr   inf_du lg(mu)  ||d||  lg(rg) alpha_du alpha_pr  ls
2860  1.9886023e-04 1.58e-08 7.10e+01  -3.9 5.39e-04    -  1.00e+00 6.25e-02h  5
2861  1.9886176e-04 1.53e-08 7.10e+01  -3.9 5.02e-04    -  1.00e+00 3.12e-02h  6
2862  1.9886146e-04 1.51e-08 7.04e+01  -3.9 1.40e-02    -  1.00e+00 1.95e-03h 10
2863  1.9891403e-04 1.18e-09 7.12e+01  -3.9 2.72e-04    -  1.00e+00 1.00e+00H  1
2864  1.9891168e-04 4.36e-09 7.12e+01  -3.9 3.09e-02    -  1.00e+00 1.95e-03h 10
2865  1.9891092e-04 5.01e-09 7.12e+01  -3.9 4.86e-03    -  1.00e+00 7.81e-03h  8
2866  1.9881741e-04 1.86e-06 7.04e+01  -3.9 2.64e-02    -  1.00e+00 6.25e-02h  5
2867  1.9883845e-04 2.03e-06 7.10e+01  -3.9 2.54e-03    -  1.00e+00 5.00e-01h  2
2868  1.9882255e-04 1.53e-06 7.11e+01  -3.9 2.94e-03    -  1.00e+00 2.50e-01h  3
2869  1.9883452e-04 1.53e-06 7.03e+01  -3.9 1.37e-02    -  1.00e+00 1.95e-03h 10
iter    objective    inf_pr   inf_du lg(mu)  ||d||  lg(rg) alpha_du alpha_pr  ls
2870  1.9883908e-04 1.44e-06 7.03e+01  -3.9 2.14e-03    -  1.00e+00 6.25e-02h  5
2871  1.9878422e-04 2.04e-06 7.12e+01  -3.9 2.71e-02    -  1.00e+00 3.12e-02h  6
2872  1.9881178e-04 1.20e-06 7.13e+01  -3.9 1.04e-03    -  1.00e+00 5.00e-01h  2
2873  1.9881620e-04 9.40e-07 7.02e+01  -3.9 2.22e-03    -  1.00e+00 2.50e-01h  3
2874  1.9881597e-04 9.36e-07 7.02e+01  -3.9 1.24e-02    -  1.00e+00 1.56e-02h  7
2875  1.9883055e-04 7.17e-07 7.13e+01  -3.9 6.09e-04    -  1.00e+00 2.50e-01h  3
2876  1.9883524e-04 6.90e-07 7.01e+01  -3.9 1.94e-03    -  1.00e+00 6.25e-02h  5
2877  1.9883184e-04 6.02e-07 7.01e+01  -3.9 3.49e-03    -  1.00e+00 1.25e-01h  4
2878  1.9883988e-04 4.11e-07 7.01e+01  -3.9 1.90e-03    -  1.00e+00 2.50e-01h  3
2879  1.9883767e-04 4.21e-07 7.01e+01  -3.9 3.32e-03    -  1.00e+00 6.25e-02h  5
iter    objective    inf_pr   inf_du lg(mu)  ||d||  lg(rg) alpha_du alpha_pr  ls
2880  1.9883483e-04 4.19e-07 7.01e+01  -3.9 7.85e-03    -  1.00e+00 3.12e-02h  6
2881  1.9884109e-04 2.18e-07 7.01e+01  -3.9 4.34e-04    -  1.00e+00 5.00e-01h  2
2882  1.9884144e-04 2.18e-07 7.13e+01  -3.9 1.32e-02    -  1.00e+00 1.95e-03h 10
2883  1.9884183e-04 2.18e-07 7.13e+01  -3.9 4.98e-03    -  1.00e+00 1.56e-02h  7
2884  1.9883586e-04 3.16e-07 7.01e+01  -3.9 3.85e-03    -  1.00e+00 1.25e-01h  4
2885  1.9884711e-04 1.62e-07 7.01e+01  -3.9 2.10e-04    -  1.00e+00 5.00e-01h  2
2886  1.9886132e-04 9.25e-09 7.12e+01  -3.9 1.30e-04    -  1.00e+00 1.00e+00h  1
2887  1.9889706e-04 6.01e-09 7.02e+01  -3.9 1.30e-04    -  1.00e+00 1.00e+00H  1
2888  1.9883252e-04 1.00e-07 7.05e+01  -3.9 3.69e-04    -  1.00e+00 1.00e+00h  1
2889  1.9883317e-04 8.69e-08 7.04e+01  -3.9 4.69e-03    -  1.00e+00 3.12e-02h  6
iter    objective    inf_pr   inf_du lg(mu)  ||d||  lg(rg) alpha_du alpha_pr  ls
2890  1.9883692e-04 7.09e-08 7.04e+01  -3.9 4.36e-04    -  1.00e+00 5.00e-01h  2
2891  1.9885378e-04 4.48e-08 7.11e+01  -3.9 5.23e-04    -  1.00e+00 2.50e-01h  3
2892  1.9885310e-04 4.40e-08 7.11e+01  -3.9 2.80e-02    -  1.00e+00 3.91e-03h  9
2893  1.9885353e-04 4.32e-08 7.11e+01  -3.9 1.76e-03    -  1.00e+00 1.56e-02h  7
2894  1.9885367e-04 4.30e-08 7.11e+01  -3.9 5.39e-04    -  1.00e+00 3.91e-03h  9
2895  1.9885196e-04 4.08e-08 7.03e+01  -3.9 1.89e-02    -  1.00e+00 7.81e-03h  8
2896  1.9885200e-04 4.15e-08 7.11e+01  -3.9 1.59e-03    -  1.00e+00 1.25e-01h  4
2897  1.9885427e-04 3.90e-08 7.11e+01  -3.9 3.55e-04    -  1.00e+00 6.25e-02h  5
2898  1.9885440e-04 3.88e-08 7.11e+01  -3.9 2.64e-03    -  1.00e+00 1.56e-02h  7
2899  1.9885314e-04 3.95e-08 7.11e+01  -3.9 4.18e-02    -  1.00e+00 1.95e-03h 10
iter    objective    inf_pr   inf_du lg(mu)  ||d||  lg(rg) alpha_du alpha_pr  ls
2900  1.9884621e-04 6.13e-08 7.03e+01  -3.9 1.30e-02    -  1.00e+00 3.12e-02h  6
2901  1.9884564e-04 5.90e-08 7.03e+01  -3.9 7.45e-03    -  1.00e+00 1.56e-02h  7
2902  1.9884555e-04 5.83e-08 7.03e+01  -3.9 2.90e-03    -  1.00e+00 1.56e-02h  7
2903  1.9884799e-04 5.40e-08 7.11e+01  -3.9 1.31e-03    -  1.00e+00 6.25e-02h  5
2904  1.9885170e-04 5.09e-08 7.12e+01  -3.9 6.15e-04    -  1.00e+00 1.25e-01h  4
2905  1.9882904e-04 1.61e-07 7.03e+01  -3.9 6.14e-03    -  1.00e+00 6.25e-02h  5
2906  1.9883363e-04 1.31e-07 7.03e+01  -3.9 4.95e-04    -  1.00e+00 2.50e-01h  3
2907  1.9883387e-04 1.30e-07 7.03e+01  -3.9 4.19e-03    -  1.00e+00 7.81e-03h  8
2908  1.9882837e-04 1.32e-07 7.03e+01  -3.9 1.03e-02    -  1.00e+00 3.12e-02h  6
2909  1.9882725e-04 1.30e-07 7.12e+01  -3.9 6.93e-03    -  1.00e+00 1.56e-02h  7
iter    objective    inf_pr   inf_du lg(mu)  ||d||  lg(rg) alpha_du alpha_pr  ls
2910  1.9882713e-04 1.28e-07 7.03e+01  -3.9 2.98e-02    -  1.00e+00 7.81e-03h  8
2911  1.9882721e-04 1.27e-07 7.03e+01  -3.9 8.36e-04    -  1.00e+00 1.95e-03h 10
2912  1.9882724e-04 1.27e-07 7.03e+01  -3.9 2.22e-03    -  1.00e+00 4.88e-04h 12
2913  1.9882648e-04 1.41e-07 7.03e+01  -3.9 1.26e-02    -  1.00e+00 1.56e-02h  7
2914  1.9882690e-04 1.40e-07 7.12e+01  -3.9 2.67e-04    -  1.00e+00 7.81e-03h  8
2915  1.9882707e-04 1.40e-07 7.12e+01  -3.9 3.69e-04    -  1.00e+00 3.91e-03h  9
2916  1.9882718e-04 1.39e-07 7.12e+01  -3.9 6.93e-04    -  1.00e+00 1.95e-03h 10
2917  1.9882655e-04 1.39e-07 7.12e+01  -3.9 2.15e-02    -  1.00e+00 3.91e-03h  9
2918  1.9882708e-04 1.37e-07 7.12e+01  -3.9 1.62e-03    -  1.00e+00 1.56e-02h  7
2919  1.9891081e-04 4.80e-08 7.01e+01  -3.9 6.61e-04    -  1.00e+00 1.00e+00h  1
iter    objective    inf_pr   inf_du lg(mu)  ||d||  lg(rg) alpha_du alpha_pr  ls
2920  1.9889380e-04 6.16e-08 7.01e+01  -3.9 9.92e-04    -  1.00e+00 2.50e-01h  3
2921  1.9887365e-04 5.47e-08 7.13e+01  -3.9 2.15e-03    -  1.00e+00 2.50e-01h  3
2922  1.9889246e-04 6.00e-08 7.02e+01  -3.9 4.73e-03    -  1.00e+00 1.25e-01h  4
2923  1.9888186e-04 5.22e-08 7.03e+01  -3.9 5.27e-04    -  1.00e+00 1.00e+00h  1
2924  1.9886461e-04 8.27e-08 7.11e+01  -3.9 1.46e-02    -  1.00e+00 3.12e-02h  6
2925  1.9889522e-04 2.84e-08 7.03e+01  -3.9 6.74e-04    -  1.00e+00 1.00e+00h  1
2926  1.9889224e-04 2.96e-08 7.03e+01  -3.9 5.68e-03    -  1.00e+00 3.12e-02h  6
2927  1.9888376e-04 2.61e-08 7.03e+01  -3.9 1.45e-02    -  1.00e+00 1.56e-02h  7
2928  1.9889126e-04 2.47e-08 7.12e+01  -3.9 7.00e-04    -  1.00e+00 1.25e-01h  4
2929  1.9887565e-04 3.54e-08 7.11e+01  -3.9 3.57e-03    -  1.00e+00 6.25e-02h  5
iter    objective    inf_pr   inf_du lg(mu)  ||d||  lg(rg) alpha_du alpha_pr  ls
2930  1.9887534e-04 4.20e-08 7.11e+01  -3.9 1.69e-03    -  1.00e+00 1.25e-01h  4
2931  1.9887514e-04 4.23e-08 7.11e+01  -3.9 1.70e-03    -  1.00e+00 3.12e-02h  6
2932  1.9888453e-04 2.12e-08 7.11e+01  -3.9 9.85e-04    -  1.00e+00 5.00e-01h  2
2933  1.9888043e-04 1.87e-08 7.03e+01  -3.9 5.19e-04    -  1.00e+00 2.50e-01h  3
2934  1.9882102e-04 1.03e-06 7.11e+01  -3.9 8.71e-03    -  1.00e+00 1.25e-01h  4
2935  1.9881695e-04 1.04e-06 7.11e+01  -3.9 2.71e-02    -  1.00e+00 7.81e-03h  8
2936  1.9881209e-04 1.57e-06 7.11e+01  -3.9 2.66e-01    -  1.00e+00 7.81e-03h  8
2937  1.9876594e-04 9.71e-07 7.12e+01  -3.9 3.65e-03    -  1.00e+00 5.00e-01h  2
2938  1.9875265e-04 9.19e-07 7.12e+01  -3.9 3.41e-03    -  1.00e+00 1.25e-01h  4
2939  1.9881488e-04 9.54e-07 7.13e+01  -3.9 7.15e-03    -  1.00e+00 2.50e-01h  3
iter    objective    inf_pr   inf_du lg(mu)  ||d||  lg(rg) alpha_du alpha_pr  ls
2940  1.9881827e-04 9.53e-07 7.02e+01  -3.9 3.43e-02    -  1.00e+00 4.88e-04h 12
2941  1.9881690e-04 9.40e-07 7.02e+01  -3.9 4.81e-02    -  1.00e+00 7.81e-03h  8
2942  1.9874645e-04 1.02e-06 7.13e+01  -3.9 1.28e-01    -  1.00e+00 1.56e-02h  7
2943  1.9878020e-04 5.49e-07 7.01e+01  -3.9 6.58e-04    -  1.00e+00 5.00e-01h  2
2944  1.9881688e-04 6.03e-07 7.01e+01  -3.9 9.68e-03    -  1.00e+00 1.25e-01h  4
2945  1.9882179e-04 3.44e-07 7.14e+01  -3.9 7.37e-04    -  1.00e+00 5.00e-01h  2
2946  1.9882359e-04 2.61e-07 7.14e+01  -3.9 1.75e-03    -  1.00e+00 2.50e-01h  3
2947  1.9881975e-04 2.69e-07 7.01e+01  -3.9 4.38e-02    -  1.00e+00 3.91e-03h  9
2948  1.9881800e-04 1.93e-07 7.13e+01  -3.9 1.19e-03    -  1.00e+00 5.00e-01h  2
2949  1.9884480e-04 5.30e-08 7.13e+01  -3.9 8.85e-04    -  1.00e+00 1.00e+00h  1
iter    objective    inf_pr   inf_du lg(mu)  ||d||  lg(rg) alpha_du alpha_pr  ls
2950  1.9884361e-04 3.94e-08 7.13e+01  -3.9 3.26e-03    -  1.00e+00 1.25e-01h  4
2951  1.9880781e-04 2.73e-07 7.01e+01  -3.9 3.48e-03    -  1.00e+00 2.50e-01h  3
2952  1.9881136e-04 2.83e-07 7.01e+01  -3.9 9.54e-03    -  1.00e+00 3.12e-02h  6
2953  1.9873630e-04 4.54e-07 7.01e+01  -3.9 3.19e-03    -  1.00e+00 2.50e-01h  3
2954  1.9878588e-04 4.25e-07 7.13e+01  -3.9 2.04e-03    -  1.00e+00 6.25e-02h  5
2955  1.9880996e-04 2.05e-07 7.14e+01  -3.9 1.00e-03    -  1.00e+00 5.00e-01h  2
2956  1.9878613e-04 4.93e-07 7.01e+01  -3.9 8.05e-03    -  1.00e+00 6.25e-02h  5
2957  1.9881377e-04 2.58e-07 7.14e+01  -3.9 8.58e-04    -  1.00e+00 5.00e-01h  2
2958  1.9881331e-04 2.56e-07 7.14e+01  -3.9 3.62e-03    -  1.00e+00 3.12e-02h  6
2959  1.9878722e-04 2.15e-07 7.00e+01  -3.9 4.95e-02    -  1.00e+00 1.56e-02h  7
iter    objective    inf_pr   inf_du lg(mu)  ||d||  lg(rg) alpha_du alpha_pr  ls
2960  1.9879930e-04 1.56e-07 7.01e+01  -3.9 1.19e-03    -  1.00e+00 2.50e-01h  3
2961  1.9881326e-04 1.92e-07 7.01e+01  -3.9 8.92e-04    -  1.00e+00 5.00e-01h  2
2962  1.9881410e-04 1.85e-07 7.14e+01  -3.9 5.08e-03    -  1.00e+00 3.12e-02h  6
2963  1.9884225e-04 1.83e-07 7.00e+01  -3.9 9.50e-04    -  1.00e+00 5.00e-01h  2
2964  1.9883575e-04 1.80e-07 7.00e+01  -3.9 1.12e-02    -  1.00e+00 3.12e-02h  6
2965  1.9884157e-04 8.05e-08 7.01e+01  -3.9 7.99e-04    -  1.00e+00 5.00e-01h  2
2966  1.9884201e-04 4.67e-08 7.13e+01  -3.9 2.41e-04    -  1.00e+00 1.00e+00h  1
2967  1.9884104e-04 3.91e-08 7.13e+01  -3.9 1.34e-03    -  1.00e+00 1.25e-01h  4
2968  1.9881148e-04 1.40e-07 7.01e+01  -3.9 1.05e-03    -  1.00e+00 5.00e-01h  2
2969  1.9881198e-04 1.64e-07 7.01e+01  -3.9 1.34e-02    -  1.00e+00 1.56e-02h  7
iter    objective    inf_pr   inf_du lg(mu)  ||d||  lg(rg) alpha_du alpha_pr  ls
2970  1.9882106e-04 9.28e-08 7.01e+01  -3.9 1.00e-03    -  1.00e+00 2.50e-01h  3
2971  1.9879251e-04 9.15e-08 7.13e+01  -3.9 9.18e-03    -  1.00e+00 3.12e-02h  6
2972  1.9881652e-04 5.87e-08 7.01e+01  -3.9 5.01e-04    -  1.00e+00 5.00e-01h  2
2973  1.9881563e-04 6.05e-08 7.01e+01  -3.9 4.99e-03    -  1.00e+00 3.12e-02h  6
2974  1.9883390e-04 3.41e-08 7.13e+01  -3.9 1.96e-04    -  1.00e+00 5.00e-01h  2
2975  1.9883992e-04 2.39e-08 7.13e+01  -3.9 4.94e-04    -  1.00e+00 2.50e-01h  3
2976  1.9884142e-04 2.38e-08 7.01e+01  -3.9 1.60e-03    -  1.00e+00 6.25e-02h  5
2977  1.9886272e-04 5.09e-09 7.02e+01  -3.9 8.23e-05    -  1.00e+00 1.00e+00h  1
2978  1.9886227e-04 4.82e-09 7.12e+01  -3.9 1.70e-02    -  1.00e+00 3.91e-03h  9
2979  1.9886243e-04 4.52e-09 7.12e+01  -3.9 3.21e-04    -  1.00e+00 1.25e-01h  4
iter    objective    inf_pr   inf_du lg(mu)  ||d||  lg(rg) alpha_du alpha_pr  ls
2980  1.9885681e-04 2.28e-08 7.02e+01  -3.9 5.76e-03    -  1.00e+00 6.25e-02h  5
2981  1.9885276e-04 1.91e-08 7.02e+01  -3.9 5.11e-04    -  1.00e+00 2.50e-01h  3
2982  1.9885224e-04 1.60e-08 7.02e+01  -3.9 1.19e-03    -  1.00e+00 6.25e-02h  5
2983  1.9885169e-04 1.54e-08 7.02e+01  -3.9 4.94e-03    -  1.00e+00 1.56e-02h  7
2984  1.9884916e-04 1.50e-08 7.02e+01  -3.9 4.89e-03    -  1.00e+00 6.25e-02h  5
2985  1.9884895e-04 1.50e-08 7.12e+01  -3.9 6.35e-03    -  1.00e+00 4.88e-04h 12
2986  1.9885590e-04 1.12e-08 7.12e+01  -3.9 1.17e-04    -  1.00e+00 2.50e-01h  3
2987  1.9885405e-04 1.09e-08 7.12e+01  -3.9 1.64e-03    -  1.00e+00 3.12e-02h  6
2988  1.9885487e-04 9.66e-09 7.12e+01  -3.9 8.81e-04    -  1.00e+00 6.25e-02h  5
2989  1.9889684e-04 2.67e-09 7.03e+01  -3.9 1.71e-04    -  1.00e+00 1.00e+00H  1
iter    objective    inf_pr   inf_du lg(mu)  ||d||  lg(rg) alpha_du alpha_pr  ls
2990  1.9889524e-04 2.99e-09 7.03e+01  -3.9 2.34e-03    -  1.00e+00 1.56e-02h  7
2991  1.9889038e-04 2.41e-09 7.03e+01  -3.9 1.88e-01    -  1.00e+00 2.44e-04h 13
2992  1.9888889e-04 2.35e-09 7.12e+01  -3.9 1.29e-02    -  1.00e+00 9.77e-04h 11
2993  1.9888531e-04 2.17e-09 7.12e+01  -3.9 4.22e-03    -  1.00e+00 1.56e-02h  7
2994  1.9888356e-04 2.48e-09 7.03e+01  -3.9 6.12e-02    -  1.00e+00 4.88e-04h 12
2995  1.9882553e-04 4.35e-08 7.10e+01  -3.9 2.44e-04    -  1.00e+00 1.00e+00h  1
2996  1.9882588e-04 4.30e-08 7.10e+01  -3.9 1.54e-03    -  1.00e+00 1.56e-02h  7
2997  1.9882402e-04 4.02e-08 7.10e+01  -3.9 1.47e-02    -  1.00e+00 7.81e-03h  8
2998  1.9882066e-04 4.19e-08 7.04e+01  -3.9 1.74e-03    -  1.00e+00 1.25e-01h  4
2999  1.9882108e-04 4.15e-08 7.04e+01  -3.9 3.68e-03    -  1.00e+00 7.81e-03h  8
iter    objective    inf_pr   inf_du lg(mu)  ||d||  lg(rg) alpha_du alpha_pr  ls
3000  1.9881762e-04 3.99e-08 7.04e+01  -3.9 1.04e-02    -  1.00e+00 3.12e-02h  6
3001  1.9881880e-04 3.99e-08 7.10e+01  -3.9 1.02e-02    -  1.00e+00 9.77e-04h 11
3002  1.9882312e-04 3.78e-08 7.11e+01  -3.9 7.39e-04    -  1.00e+00 6.25e-02h  5
3003  1.9882230e-04 3.73e-08 7.11e+01  -3.9 8.97e-03    -  1.00e+00 3.91e-03h  9
3004  1.9882313e-04 3.97e-08 7.11e+01  -3.9 3.47e-03    -  1.00e+00 3.12e-02h  6
3005  1.9882404e-04 3.90e-08 7.11e+01  -3.9 1.29e-03    -  1.00e+00 1.56e-02h  7
3006  1.9882268e-04 3.71e-08 7.03e+01  -3.9 9.15e-03    -  1.00e+00 1.56e-02h  7
3007  1.9882361e-04 3.65e-08 7.03e+01  -3.9 1.17e-03    -  1.00e+00 1.56e-02h  7
3008  1.9882345e-04 3.59e-08 7.11e+01  -3.9 1.64e-02    -  1.00e+00 3.91e-03h  9
3009  1.9882352e-04 3.58e-08 7.11e+01  -3.9 2.06e-03    -  1.00e+00 1.95e-03h 10
iter    objective    inf_pr   inf_du lg(mu)  ||d||  lg(rg) alpha_du alpha_pr  ls
3010  1.9882395e-04 3.56e-08 7.11e+01  -3.9 9.31e-04    -  1.00e+00 7.81e-03h  8
3011  1.9882336e-04 3.54e-08 7.11e+01  -3.9 2.14e-02    -  1.00e+00 1.95e-03h 10
3012  1.9882339e-04 3.53e-08 7.11e+01  -3.9 5.86e-03    -  1.00e+00 3.91e-03h  9
3013  1.9882244e-04 3.52e-08 7.11e+01  -3.9 7.65e-02    -  1.00e+00 9.77e-04h 11
3014  1.9882176e-04 3.52e-08 7.03e+01  -3.9 6.90e-02    -  1.00e+00 9.77e-04h 11
3015  1.9882130e-04 3.52e-08 7.03e+01  -3.9 4.80e-02    -  1.00e+00 9.77e-04h 11
3016  1.9882129e-04 3.52e-08 7.11e+01  -3.9 1.97e+01    -  6.47e-02 5.46e-10h 27
3017  1.9882198e-04 3.46e-08 7.11e+01  -3.9 9.04e-04    -  1.00e+00 1.56e-02h  7
3018  1.9882164e-04 3.45e-08 7.11e+01  -3.9 2.44e-02    -  1.00e+00 1.95e-03h 10
3019  1.9882149e-04 3.45e-08 7.11e+01  -3.9 7.51e-02    -  1.00e+00 2.44e-04h 13
iter    objective    inf_pr   inf_du lg(mu)  ||d||  lg(rg) alpha_du alpha_pr  ls
3020  1.9882094e-04 3.45e-08 7.11e+01  -3.9 2.27e-01    -  1.00e+00 2.44e-04h 13
3021  1.9881999e-04 3.45e-08 7.11e+01  -3.9 2.15e-01    -  1.00e+00 4.88e-04h 12
3022  1.9881561e-04 3.72e-07 7.03e+01  -3.9 1.76e-01    -  1.00e+00 1.56e-02h  7
3023  1.9880516e-04 4.20e-07 7.03e+01  -3.9 1.64e-01    -  1.00e+00 7.81e-03h  8
3024  1.9879490e-04 9.98e-07 7.03e+01  -3.9 2.44e-01    -  1.00e+00 1.56e-02h  7
3025  1.9877719e-04 1.29e-06 7.03e+01  -3.9 3.61e-01    -  1.00e+00 7.81e-03h  8
3026  1.9877053e-04 1.32e-06 7.11e+01  -3.9 1.01e-01    -  1.00e+00 7.81e-03h  8
3027  1.9878645e-04 1.24e-06 7.03e+01  -3.9 2.87e-02    -  1.00e+00 6.25e-02h  5
3028  1.9878302e-04 1.18e-06 7.03e+01  -3.9 3.58e-02    -  1.00e+00 3.12e-02h  6
3029  1.9877905e-04 1.22e-06 7.11e+01  -3.9 8.41e-02    -  1.00e+00 7.81e-03h  8
iter    objective    inf_pr   inf_du lg(mu)  ||d||  lg(rg) alpha_du alpha_pr  ls
3030  1.9878574e-04 1.16e-06 7.11e+01  -3.9 2.75e-02    -  1.00e+00 3.12e-02h  6
3031  1.9870571e-04 1.88e-06 7.12e+01  -3.9 1.46e-01    -  1.00e+00 3.12e-02h  6
3032  1.9868325e-04 2.51e-06 7.12e+01  -3.9 2.56e-01    -  1.00e+00 1.56e-02h  7
3033  1.9868955e-04 2.53e-06 7.03e+01  -3.9 2.56e-01    -  1.00e+00 3.91e-03h  9
3034  1.9867935e-04 2.57e-06 7.12e+01  -3.9 7.66e-02    -  1.00e+00 7.81e-03h  8
3035  1.9870713e-04 2.07e-06 7.12e+01  -3.9 5.01e-03    -  1.00e+00 2.50e-01h  3
3036  1.9870543e-04 2.11e-06 7.02e+01  -3.9 8.27e-02    -  1.00e+00 7.81e-03h  8
3037  1.9876443e-04 1.58e-06 7.01e+01  -3.9 6.49e-03    -  1.00e+00 2.50e-01h  3
3038  1.9875380e-04 1.74e-06 7.01e+01  -3.9 4.30e-02    -  1.00e+00 3.12e-02h  6
3039  1.9872136e-04 1.87e-06 7.01e+01  -3.9 1.07e-01    -  1.00e+00 1.56e-02h  7
iter    objective    inf_pr   inf_du lg(mu)  ||d||  lg(rg) alpha_du alpha_pr  ls
3040  1.9871811e-04 1.89e-06 7.13e+01  -3.9 2.00e-01    -  1.00e+00 3.91e-03h  9
3041  1.9872694e-04 1.85e-06 7.01e+01  -3.9 2.67e-02    -  1.00e+00 1.56e-02h  7
3042  1.9871717e-04 2.29e-06 7.01e+01  -3.9 3.37e-02    -  1.00e+00 6.25e-02h  5
3043  1.9873216e-04 1.21e-06 7.01e+01  -3.9 1.44e-03    -  1.00e+00 5.00e-01h  2
3044  1.9871972e-04 1.28e-06 7.00e+01  -3.9 4.73e-02    -  1.00e+00 1.56e-02h  7
3045  1.9872048e-04 1.36e-06 7.14e+01  -3.9 6.77e-02    -  1.00e+00 3.12e-02h  6
3046  1.9862532e-04 7.16e-07 7.14e+01  -3.9 3.61e-03    -  1.00e+00 5.00e-01h  2
3047  1.9858988e-04 7.22e-07 7.14e+01  -3.9 2.18e-01    -  1.00e+00 3.91e-03h  9
3048  1.9861189e-04 7.22e-07 7.00e+01  -3.9 8.52e-02    -  1.00e+00 4.88e-04h 12
3049  1.9866413e-04 3.65e-07 7.00e+01  -3.9 2.24e-03    -  1.00e+00 5.00e-01h  2
iter    objective    inf_pr   inf_du lg(mu)  ||d||  lg(rg) alpha_du alpha_pr  ls
3050  1.9866068e-04 3.89e-07 7.00e+01  -3.9 3.78e-03    -  1.00e+00 2.50e-01h  3
3051  1.9865248e-04 4.42e-07 7.00e+01  -3.9 4.12e-03    -  1.00e+00 2.50e-01h  3
3052  1.9864737e-04 5.28e-07 7.00e+01  -3.9 6.26e-02    -  1.00e+00 1.56e-02h  7
3053  1.9862767e-04 4.88e-07 7.14e+01  -3.9 1.37e-01    -  1.00e+00 7.81e-03h  8
3054  1.9864003e-04 9.36e-07 7.00e+01  -3.9 9.96e-03    -  1.00e+00 6.25e-02h  5
3055  1.9864133e-04 9.29e-07 7.00e+01  -3.9 1.05e-02    -  1.00e+00 3.12e-02h  6
3056  1.9859130e-04 8.47e-07 7.15e+01  -3.9 3.72e-01    -  1.00e+00 3.91e-03h  9
3057  1.9880552e-04 4.61e-07 7.15e+01  -3.9 2.25e-03    -  1.00e+00 1.00e+00h  1
3058  1.9873698e-04 5.27e-07 7.00e+01  -3.9 4.44e-03    -  1.00e+00 2.50e-01h  3
3059  1.9870572e-04 5.54e-07 7.00e+01  -3.9 4.94e-03    -  1.00e+00 2.50e-01h  3
iter    objective    inf_pr   inf_du lg(mu)  ||d||  lg(rg) alpha_du alpha_pr  ls
3060  1.9869862e-04 5.72e-07 7.15e+01  -3.9 5.14e-02    -  1.00e+00 7.81e-03h  8
3061  1.9869119e-04 5.75e-07 7.15e+01  -3.9 8.22e-02    -  1.00e+00 3.91e-03h  9
3062  1.9866544e-04 5.55e-07 7.15e+01  -3.9 8.88e-02    -  1.00e+00 3.91e-03h  9
3063  1.9866099e-04 5.43e-07 7.15e+01  -3.9 2.53e-02    -  1.00e+00 1.56e-02h  7
3064  1.9874751e-04 1.09e-07 7.00e+01  -3.9 6.62e-04    -  1.00e+00 1.00e+00h  1
3065  1.9874163e-04 1.25e-07 7.00e+01  -3.9 1.81e-02    -  1.00e+00 3.12e-02h  6
3066  1.9873620e-04 2.61e-07 7.00e+01  -3.9 4.16e-03    -  1.00e+00 1.25e-01h  4
3067  1.9873894e-04 2.53e-07 7.14e+01  -3.9 4.12e-03    -  1.00e+00 3.12e-02h  6
3068  1.9873839e-04 2.07e-07 7.14e+01  -3.9 6.38e-04    -  1.00e+00 2.50e-01h  3
3069  1.9873560e-04 2.03e-07 7.14e+01  -3.9 2.01e-03    -  1.00e+00 1.25e-01h  4
iter    objective    inf_pr   inf_du lg(mu)  ||d||  lg(rg) alpha_du alpha_pr  ls
3070  1.9873510e-04 2.01e-07 7.00e+01  -3.9 7.27e-03    -  1.00e+00 3.12e-02h  6
3071  1.9873125e-04 2.04e-07 7.00e+01  -3.9 2.81e-02    -  1.00e+00 7.81e-03h  8
3072  1.9878660e-04 8.59e-08 7.01e+01  -3.9 7.26e-04    -  1.00e+00 1.00e+00h  1
3073  1.9879898e-04 7.78e-08 7.13e+01  -3.9 1.05e-03    -  1.00e+00 1.00e+00h  1
3074  1.9879049e-04 7.59e-08 7.13e+01  -3.9 1.52e-03    -  1.00e+00 2.50e-01h  3
3075  1.9877650e-04 8.32e-08 7.13e+01  -3.9 8.86e-03    -  1.00e+00 3.12e-02h  6
3076  1.9876537e-04 7.96e-08 7.01e+01  -3.9 1.84e-03    -  1.00e+00 2.50e-01h  3
3077  1.9876590e-04 7.97e-08 7.13e+01  -3.9 2.89e-02    -  1.00e+00 1.95e-03h 10
3078  1.9880024e-04 2.22e-08 7.02e+01  -3.9 2.99e-04    -  1.00e+00 1.00e+00h  1
3079  1.9878281e-04 7.29e-08 7.03e+01  -3.9 1.86e-03    -  1.00e+00 2.50e-01h  3
iter    objective    inf_pr   inf_du lg(mu)  ||d||  lg(rg) alpha_du alpha_pr  ls
3080  1.9879210e-04 6.04e-08 7.02e+01  -3.9 1.84e-03    -  1.00e+00 2.50e-01h  3
3081  1.9877439e-04 9.02e-08 7.02e+01  -3.9 2.08e-02    -  1.00e+00 1.56e-02h  7
3082  1.9877318e-04 9.61e-08 7.02e+01  -3.9 3.85e-03    -  1.00e+00 1.25e-01h  4
3083  1.9877753e-04 8.66e-08 7.02e+01  -3.9 1.24e-03    -  1.00e+00 1.25e-01h  4
3084  1.9878110e-04 8.14e-08 7.12e+01  -3.9 1.46e-03    -  1.00e+00 6.25e-02h  5
3085  1.9879315e-04 6.60e-08 7.02e+01  -3.9 1.91e-03    -  1.00e+00 2.50e-01h  3
3086  1.9888535e-04 2.15e-08 7.03e+01  -3.9 9.33e-04    -  1.00e+00 1.00e+00H  1
3087  1.9887713e-04 7.42e-09 7.03e+01  -3.9 2.31e-03    -  1.00e+00 1.25e-01h  4
3088  1.9885499e-04 1.43e-08 7.02e+01  -3.9 5.00e-02    -  1.00e+00 7.81e-03h  8
3089  1.9883206e-04 1.97e-08 7.11e+01  -3.9 1.81e-02    -  1.00e+00 3.12e-02h  6
iter    objective    inf_pr   inf_du lg(mu)  ||d||  lg(rg) alpha_du alpha_pr  ls
3090  1.9882789e-04 1.85e-08 7.12e+01  -3.9 9.09e-04    -  1.00e+00 6.25e-02h  5
3091  1.9882695e-04 1.97e-08 7.03e+01  -3.9 6.14e-02    -  1.00e+00 3.91e-03h  9
3092  1.9882111e-04 2.11e-08 7.02e+01  -3.9 1.14e-02    -  1.00e+00 1.56e-02h  7
3093  1.9879405e-04 4.94e-08 7.11e+01  -3.9 1.32e-03    -  1.00e+00 5.00e-01h  2
3094  1.9878997e-04 3.13e-08 7.11e+01  -3.9 2.64e-03    -  1.00e+00 2.50e-01h  3
3095  1.9882494e-04 1.44e-08 7.03e+01  -3.9 5.95e-04    -  1.00e+00 1.00e+00h  1
3096  1.9882421e-04 1.29e-08 7.11e+01  -3.9 2.22e-03    -  1.00e+00 1.25e-01h  4
3097  1.9879431e-04 3.04e-08 7.11e+01  -3.9 3.04e-02    -  1.00e+00 7.81e-03h  8
3098  1.9881664e-04 1.37e-08 7.11e+01  -3.9 9.21e-04    -  1.00e+00 1.00e+00h  1
3099  1.9880337e-04 1.30e-08 7.11e+01  -3.9 5.30e-04    -  1.00e+00 5.00e-01h  2
iter    objective    inf_pr   inf_du lg(mu)  ||d||  lg(rg) alpha_du alpha_pr  ls
3100  1.9880040e-04 1.03e-08 7.11e+01  -3.9 2.36e-03    -  1.00e+00 1.25e-01h  4
3101  1.9888717e-04 7.81e-09 7.05e+01  -3.9 1.44e-03    -  1.00e+00 1.00e+00H  1
3102  1.9888540e-04 9.54e-09 7.05e+01  -3.9 6.23e-03    -  1.00e+00 3.12e-02h  6
3103  1.9888211e-04 8.94e-09 7.05e+01  -3.9 9.95e-03    -  1.00e+00 3.12e-02h  6
3104  1.9886205e-04 9.31e-09 7.05e+01  -3.9 2.32e-02    -  1.00e+00 1.56e-02h  7
3105  1.9884898e-04 7.53e-09 7.09e+01  -3.9 3.39e-04    -  1.00e+00 1.25e-01h  4
3106  1.9884528e-04 1.38e-08 7.04e+01  -3.9 5.49e-04    -  1.00e+00 5.00e-01h  2
3107  1.9882334e-04 1.82e-08 7.04e+01  -3.9 2.22e-02    -  1.00e+00 1.56e-02h  7
3108  1.9882051e-04 1.78e-08 7.04e+01  -3.9 3.77e-03    -  1.00e+00 1.56e-02h  7
3109  1.9881919e-04 1.57e-08 7.04e+01  -3.9 5.17e-04    -  1.00e+00 1.25e-01h  4
iter    objective    inf_pr   inf_du lg(mu)  ||d||  lg(rg) alpha_du alpha_pr  ls
3110  1.9880788e-04 1.57e-08 7.04e+01  -3.9 7.97e-03    -  1.00e+00 3.12e-02h  6
3111  1.9880619e-04 1.45e-08 7.10e+01  -3.9 9.27e-04    -  1.00e+00 6.25e-02h  5
3112  1.9880631e-04 1.42e-08 7.10e+01  -3.9 3.53e-03    -  1.00e+00 1.56e-02h  7
3113  1.9880633e-04 1.41e-08 7.10e+01  -3.9 2.36e-03    -  1.00e+00 1.95e-03h 10
3114  1.9880419e-04 1.34e-08 7.10e+01  -3.9 2.16e-03    -  1.00e+00 3.12e-02h  6
3115  1.9880378e-04 1.32e-08 7.10e+01  -3.9 1.61e-03    -  1.00e+00 1.56e-02h  7
3116  1.9880372e-04 1.32e-08 7.04e+01  -3.9 1.20e-02    -  1.00e+00 2.44e-04h 13
3117  1.9882999e-04 4.29e-09 7.04e+01  -3.9 1.11e-04    -  1.00e+00 1.00e+00H  1
3118  1.9882982e-04 4.80e-09 7.10e+01  -3.9 6.42e-03    -  1.00e+00 7.81e-03h  8
3119  1.9882918e-04 4.80e-09 7.04e+01  -3.9 1.66e-03    -  1.00e+00 1.56e-02h  7
iter    objective    inf_pr   inf_du lg(mu)  ||d||  lg(rg) alpha_du alpha_pr  ls
3120  1.9882910e-04 4.82e-09 7.04e+01  -3.9 3.00e-03    -  1.00e+00 3.91e-03h  9
3121  1.9882909e-04 4.82e-09 7.10e+01  -3.9 2.94e-03    -  1.00e+00 9.31e-10h 31
3122  1.9882903e-04 4.29e-10 7.04e+01  -3.9 1.81e-07    -  1.00e+00 1.00e+00h  1
3123  1.9846622e-04 1.22e-06 7.03e+01  -3.9 1.17e-03  -4.6 1.00e+00 1.00e+00h  1
3124  1.9865583e-04 3.52e-07 7.08e+01  -3.9 6.31e-04    -  1.00e+00 1.00e+00h  1
3125  1.9875386e-04 8.62e-08 7.11e+01  -3.9 3.14e-04    -  1.00e+00 1.00e+00h  1
3126  1.9879882e-04 1.79e-08 7.11e+01  -3.9 1.43e-04    -  1.00e+00 1.00e+00h  1
3127  1.9880922e-04 1.13e-09 7.11e+01  -3.9 3.34e-05    -  1.00e+00 1.00e+00h  1
3128  1.9881163e-04 1.47e-10 7.10e+01  -3.9 1.46e-05    -  1.00e+00 1.00e+00h  1
3129  1.9881162e-04 1.47e-10 7.04e+01  -3.9 1.24e-02    -  1.00e+00 7.45e-09h 28
iter    objective    inf_pr   inf_du lg(mu)  ||d||  lg(rg) alpha_du alpha_pr  ls
3130  1.9881456e-04 2.06e-10 7.09e+01  -3.9 2.89e-05    -  1.00e+00 1.00e+00h  1
3131  1.9879667e-04 1.16e-08 7.09e+01  -3.9 8.45e-04    -  1.00e+00 2.50e-01h  3
3132  1.9879798e-04 1.11e-08 7.09e+01  -3.9 1.03e-03    -  1.00e+00 3.12e-02h  6
3133  1.9865280e-04 9.34e-07 7.09e+01  -3.9 1.20e-03    -  1.00e+00 1.00e+00h  1
3134  1.9871956e-04 2.53e-07 7.12e+01  -3.9 6.29e-04    -  1.00e+00 1.00e+00h  1
3135  1.9875446e-04 7.17e-08 7.13e+01  -3.9 3.33e-04    -  1.00e+00 1.00e+00h  1
3136  1.9876129e-04 6.62e-08 7.01e+01  -3.9 1.02e-03    -  1.00e+00 6.25e-02h  5
3137  1.9878597e-04 2.04e-08 7.01e+01  -3.9 1.72e-04    -  1.00e+00 1.00e+00h  1
3138  1.9878718e-04 9.51e-09 7.12e+01  -3.9 1.66e-04    -  1.00e+00 5.00e-01h  2
3139  1.9879582e-04 5.63e-09 7.12e+01  -3.9 1.27e-04    -  1.00e+00 5.00e-01h  2
iter    objective    inf_pr   inf_du lg(mu)  ||d||  lg(rg) alpha_du alpha_pr  ls
3140  1.9879784e-04 4.16e-09 7.11e+01  -3.9 2.09e-04    -  1.00e+00 2.50e-01h  3
3141  1.9879550e-04 4.52e-09 7.03e+01  -3.9 9.21e-03    -  1.00e+00 7.81e-03h  8
3142  1.9880327e-04 2.37e-09 7.03e+01  -3.9 5.26e-05    -  1.00e+00 5.00e-01h  2
3143  1.9879466e-04 8.12e-09 7.03e+01  -3.9 8.63e-04    -  1.00e+00 1.25e-01h  4
3144  1.9880119e-04 6.51e-09 7.11e+01  -3.9 1.10e-04    -  1.00e+00 2.50e-01h  3
3145  1.9880206e-04 6.35e-09 7.03e+01  -3.9 4.66e-04    -  1.00e+00 3.12e-02h  6
3146  1.9870504e-04 3.14e-07 7.07e+01  -3.9 6.45e-04    -  1.00e+00 1.00e+00h  1
3147  1.9879812e-04 1.83e-07 7.05e+01  -3.9 5.87e-04    -  1.00e+00 5.00e-01h  2
3148  1.9878312e-04 4.30e-07 7.11e+01  -3.9 7.76e-03    -  1.00e+00 1.25e-01h  4
3149  1.9879634e-04 3.21e-07 7.12e+01  -3.9 4.95e-04    -  1.00e+00 2.50e-01h  3
iter    objective    inf_pr   inf_du lg(mu)  ||d||  lg(rg) alpha_du alpha_pr  ls
3150  1.9872841e-04 5.60e-07 7.12e+01  -3.9 9.08e-03    -  1.00e+00 6.25e-02h  5
3151  1.9871769e-04 5.19e-07 7.02e+01  -3.9 5.02e-03    -  1.00e+00 1.25e-01h  4
3152  1.9873548e-04 5.03e-07 7.12e+01  -3.9 7.30e-03    -  1.00e+00 3.12e-02h  6
3153  1.9877038e-04 2.83e-07 7.13e+01  -3.9 4.92e-04    -  1.00e+00 5.00e-01h  2
3154  1.9874318e-04 5.06e-07 7.02e+01  -3.9 1.44e-01    -  1.00e+00 1.56e-02h  7
3155  1.9876885e-04 5.10e-07 7.14e+01  -3.9 8.26e-04    -  1.00e+00 1.00e+00h  1
3156  1.9876421e-04 2.54e-07 7.14e+01  -3.9 4.13e-03    -  1.00e+00 2.50e-01h  3
3157  1.9869420e-04 2.84e-07 7.14e+01  -3.9 6.34e-04    -  1.00e+00 1.00e+00h  1
3158  1.9868911e-04 2.72e-07 7.00e+01  -3.9 4.44e-03    -  1.00e+00 3.12e-02h  6
3159  1.9868917e-04 2.70e-07 7.00e+01  -3.9 5.54e-03    -  1.00e+00 7.81e-03h  8
iter    objective    inf_pr   inf_du lg(mu)  ||d||  lg(rg) alpha_du alpha_pr  ls
3160  1.9873850e-04 1.36e-07 7.14e+01  -3.9 3.82e-04    -  1.00e+00 5.00e-01h  2
3161  1.9875810e-04 7.72e-08 7.14e+01  -3.9 4.58e-04    -  1.00e+00 5.00e-01h  2
3162  1.9874205e-04 1.09e-07 7.14e+01  -3.9 2.97e-02    -  1.00e+00 7.81e-03h  8
3163  1.9877740e-04 1.04e-07 7.01e+01  -3.9 4.90e-04    -  1.00e+00 5.00e-01h  2
3164  1.9879611e-04 1.82e-08 7.01e+01  -3.9 3.22e-04    -  1.00e+00 1.00e+00h  1
3165  1.9879863e-04 1.56e-08 7.13e+01  -3.9 1.46e-03    -  1.00e+00 3.12e-02h  6
3166  1.9877958e-04 2.76e-08 7.11e+01  -3.9 1.43e-04    -  1.00e+00 1.00e+00h  1
3167  1.9878209e-04 2.60e-08 7.03e+01  -3.9 8.40e-04    -  1.00e+00 6.25e-02h  5
3168  1.9878430e-04 2.23e-08 7.11e+01  -3.9 3.77e-04    -  1.00e+00 1.25e-01h  4
3169  1.9879378e-04 1.56e-08 7.03e+01  -3.9 2.32e-04    -  1.00e+00 5.00e-01h  2
iter    objective    inf_pr   inf_du lg(mu)  ||d||  lg(rg) alpha_du alpha_pr  ls
3170  1.9879658e-04 1.50e-08 7.03e+01  -3.9 7.62e-04    -  1.00e+00 1.25e-01h  4
3171  1.9879807e-04 1.49e-08 7.03e+01  -3.9 6.10e-04    -  1.00e+00 6.25e-02h  5
3172  1.9879796e-04 1.41e-08 7.03e+01  -3.9 3.03e-03    -  1.00e+00 6.25e-02h  5
3173  1.9880004e-04 1.26e-08 7.03e+01  -3.9 1.41e-04    -  1.00e+00 1.25e-01h  4
3174  1.9879998e-04 1.23e-08 7.11e+01  -3.9 1.30e-03    -  1.00e+00 6.25e-02h  5
3175  1.9880066e-04 1.21e-08 7.11e+01  -3.9 9.10e-04    -  1.00e+00 3.12e-02h  6
3176  1.9880035e-04 1.11e-08 7.11e+01  -3.9 3.93e-04    -  1.00e+00 1.25e-01h  4
3177  1.9880042e-04 1.11e-08 7.11e+01  -3.9 2.48e-03    -  1.00e+00 3.91e-03h  9
3178  1.9880119e-04 1.04e-08 7.11e+01  -3.9 1.14e-04    -  1.00e+00 6.25e-02h  5
3179  1.9879977e-04 1.11e-08 7.11e+01  -3.9 7.88e-03    -  1.00e+00 7.81e-03h  8
iter    objective    inf_pr   inf_du lg(mu)  ||d||  lg(rg) alpha_du alpha_pr  ls
3180  1.9879987e-04 1.10e-08 7.04e+01  -3.9 4.91e-04    -  1.00e+00 3.91e-03h  9
3181  1.9879991e-04 1.10e-08 7.04e+01  -3.9 4.09e-04    -  1.00e+00 1.95e-03h 10
3182  1.9879946e-04 1.20e-08 7.11e+01  -3.9 1.83e-03    -  1.00e+00 6.25e-02h  5
3183  1.9881561e-04 5.08e-09 7.10e+01  -3.9 6.77e-05    -  1.00e+00 1.00e+00h  1
3184  1.9881534e-04 5.15e-09 7.10e+01  -3.9 5.99e-03    -  1.00e+00 7.81e-03h  8
3185  1.9872758e-04 1.91e-07 7.07e+01  -3.9 4.67e-04    -  1.00e+00 1.00e+00h  1
3186  1.9879903e-04 1.52e-07 7.06e+01  -3.9 8.54e-04    -  1.00e+00 5.00e-01h  2
3187  1.9878964e-04 1.56e-07 7.06e+01  -3.9 1.47e-02    -  1.00e+00 3.12e-02h  6
3188  1.9879334e-04 1.82e-07 7.10e+01  -3.9 1.43e-03    -  1.00e+00 2.50e-01h  3
3189  1.9879846e-04 1.76e-07 7.04e+01  -3.9 1.31e-03    -  1.00e+00 6.25e-02h  5
iter    objective    inf_pr   inf_du lg(mu)  ||d||  lg(rg) alpha_du alpha_pr  ls
3190  1.9879911e-04 1.70e-07 7.04e+01  -3.9 1.27e-04    -  1.00e+00 3.12e-02h  6
3191  1.9878014e-04 2.02e-07 7.04e+01  -3.9 2.32e-02    -  1.00e+00 1.56e-02h  7
3192  1.9878076e-04 2.01e-07 7.04e+01  -3.9 5.66e-03    -  1.00e+00 1.56e-02h  7
3193  1.9878247e-04 2.13e-07 7.10e+01  -3.9 2.91e-03    -  1.00e+00 6.25e-02h  5
3194  1.9879134e-04 1.63e-07 7.11e+01  -3.9 2.82e-04    -  1.00e+00 2.50e-01h  3
3195  1.9879147e-04 1.69e-07 7.11e+01  -3.9 2.98e-03    -  1.00e+00 3.12e-02h  6
3196  1.9879115e-04 1.68e-07 7.11e+01  -3.9 9.97e-03    -  1.00e+00 7.81e-03h  8
3197  1.9878857e-04 1.74e-07 7.04e+01  -3.9 3.26e-02    -  1.00e+00 1.56e-02h  7
3198  1.9879365e-04 1.51e-07 7.04e+01  -3.9 8.06e-04    -  1.00e+00 1.25e-01h  4
3199  1.9879942e-04 1.42e-07 7.11e+01  -3.9 2.62e-03    -  1.00e+00 6.25e-02h  5
iter    objective    inf_pr   inf_du lg(mu)  ||d||  lg(rg) alpha_du alpha_pr  ls
3200  1.9879933e-04 1.39e-07 7.11e+01  -3.9 2.62e-03    -  1.00e+00 3.12e-02h  6
3201  1.9879834e-04 1.19e-07 7.11e+01  -3.9 6.06e-04    -  1.00e+00 2.50e-01h  3
3202  1.9879919e-04 1.04e-07 7.11e+01  -3.9 3.20e-04    -  1.00e+00 1.25e-01h  4
3203  1.9879481e-04 9.27e-08 7.04e+01  -3.9 5.93e-04    -  1.00e+00 2.50e-01h  3
3204  1.9880009e-04 7.66e-08 7.04e+01  -3.9 7.49e-04    -  1.00e+00 2.50e-01h  3
3205  1.9880278e-04 7.04e-08 7.04e+01  -3.9 9.91e-04    -  1.00e+00 1.25e-01h  4
3206  1.9880183e-04 7.12e-08 7.10e+01  -3.9 3.32e-02    -  1.00e+00 9.77e-04h 11
3207  1.9880388e-04 7.60e-08 7.10e+01  -3.9 1.46e-03    -  1.00e+00 6.25e-02h  5
3208  1.9880131e-04 7.19e-08 7.04e+01  -3.9 1.18e-03    -  1.00e+00 1.25e-01h  4
3209  1.9880280e-04 2.60e-09 7.05e+01  -3.9 4.90e-05    -  1.00e+00 1.00e+00h  1
iter    objective    inf_pr   inf_du lg(mu)  ||d||  lg(rg) alpha_du alpha_pr  ls
3210  1.9880247e-04 1.40e-08 7.09e+01  -3.9 2.99e-02    -  1.00e+00 7.81e-03h  8
3211  1.9883987e-04 1.32e-09 7.11e+01  -3.9 3.79e-04    -  1.00e+00 1.00e+00H  1
3212  1.9883454e-04 1.31e-09 7.11e+01  -3.9 3.56e-02    -  1.00e+00 1.95e-03h 10
3213  1.9883377e-04 2.17e-09 7.04e+01  -3.9 1.18e-02    -  1.00e+00 3.91e-03h  9
3214  1.9878628e-04 4.20e-07 7.02e+01  -3.9 2.46e-02    -  1.00e+00 6.25e-02h  5
3215  1.9875648e-04 4.18e-07 7.03e+01  -3.9 2.50e-03    -  1.00e+00 2.50e-01h  3
3216  1.9871846e-04 4.80e-07 7.13e+01  -3.9 1.25e-03    -  1.00e+00 5.00e-01h  2
3217  1.9877712e-04 2.73e-07 7.14e+01  -3.9 1.42e-03    -  1.00e+00 1.00e+00h  1
3218  1.9874672e-04 3.08e-07 7.14e+01  -3.9 7.39e-02    -  1.00e+00 3.91e-03h  9
3219  1.9875423e-04 3.00e-07 7.00e+01  -3.9 1.52e-03    -  1.00e+00 5.00e-01h  2
iter    objective    inf_pr   inf_du lg(mu)  ||d||  lg(rg) alpha_du alpha_pr  ls
3220  1.9874986e-04 2.99e-07 7.00e+01  -3.9 9.82e-03    -  1.00e+00 1.56e-02h  7
3221  1.9879091e-04 1.12e-07 7.00e+01  -3.9 5.49e-04    -  1.00e+00 1.00e+00H  1
3222  1.9878842e-04 5.99e-08 7.13e+01  -3.9 1.03e-03    -  1.00e+00 2.50e-01h  3
3223  1.9876338e-04 2.20e-07 7.14e+01  -3.9 8.59e-04    -  1.00e+00 5.00e-01h  2
3224  1.9875185e-04 3.47e-07 7.01e+01  -3.9 1.28e-03    -  1.00e+00 5.00e-01h  2
3225  1.9877901e-04 2.07e-07 7.13e+01  -3.9 4.82e-04    -  1.00e+00 1.00e+00h  1
3226  1.9877297e-04 2.05e-07 7.13e+01  -3.9 6.41e-03    -  1.00e+00 6.25e-02h  5
3227  1.9878008e-04 1.43e-07 7.01e+01  -3.9 1.49e-03    -  1.00e+00 2.50e-01h  3
3228  1.9877771e-04 1.05e-07 7.01e+01  -3.9 4.84e-04    -  1.00e+00 5.00e-01h  2
3229  1.9877082e-04 1.18e-07 7.13e+01  -3.9 8.89e-04    -  1.00e+00 5.00e-01h  2
iter    objective    inf_pr   inf_du lg(mu)  ||d||  lg(rg) alpha_du alpha_pr  ls
3230  1.9875768e-04 2.31e-07 7.12e+01  -3.9 1.54e-03    -  1.00e+00 5.00e-01h  2
3231  1.9875460e-04 2.97e-07 7.13e+01  -3.9 3.20e-03    -  1.00e+00 1.25e-01h  4
3232  1.9874984e-04 2.21e-07 7.01e+01  -3.9 3.25e-03    -  1.00e+00 1.25e-01h  4
3233  1.9876287e-04 1.68e-07 7.13e+01  -3.9 4.56e-04    -  1.00e+00 2.50e-01h  3
3234  1.9876236e-04 1.71e-07 7.13e+01  -3.9 2.18e-03    -  1.00e+00 6.25e-02h  5
3235  1.9877530e-04 1.23e-07 7.01e+01  -3.9 4.92e-04    -  1.00e+00 5.00e-01h  2
3236  1.9876183e-04 1.12e-07 7.12e+01  -3.9 1.71e-03    -  1.00e+00 2.50e-01h  3
3237  1.9877861e-04 6.20e-08 7.02e+01  -3.9 2.84e-04    -  1.00e+00 5.00e-01h  2
3238  1.9874407e-04 1.90e-07 7.12e+01  -3.9 1.17e-01    -  1.00e+00 3.91e-03h  9
3239  1.9874715e-04 1.69e-07 7.02e+01  -3.9 1.92e-03    -  1.00e+00 1.25e-01h  4
iter    objective    inf_pr   inf_du lg(mu)  ||d||  lg(rg) alpha_du alpha_pr  ls
3240  1.9877636e-04 9.44e-08 7.13e+01  -3.9 2.10e-04    -  1.00e+00 5.00e-01h  2
3241  1.9876892e-04 1.04e-07 7.13e+01  -3.9 1.75e-02    -  1.00e+00 7.81e-03h  8
3242  1.9877546e-04 1.00e-07 7.13e+01  -3.9 8.92e-04    -  1.00e+00 2.50e-01h  3
3243  1.9877624e-04 9.54e-08 7.13e+01  -3.9 1.55e-03    -  1.00e+00 1.25e-01h  4
3244  1.9878273e-04 8.85e-08 7.01e+01  -3.9 6.63e-04    -  1.00e+00 2.50e-01h  3
3245  1.9880203e-04 3.42e-08 7.12e+01  -3.9 1.69e-04    -  1.00e+00 1.00e+00h  1
3246  1.9880239e-04 3.42e-08 7.12e+01  -3.9 8.64e-04    -  1.00e+00 6.25e-02h  5
3247  1.9880172e-04 3.57e-08 7.12e+01  -3.9 7.32e-03    -  1.00e+00 7.81e-03h  8
3248  1.9878806e-04 3.30e-08 7.04e+01  -3.9 2.09e-04    -  1.00e+00 1.00e+00h  1
3249  1.9879961e-04 2.72e-08 7.04e+01  -3.9 3.33e-04    -  1.00e+00 2.50e-01h  3
iter    objective    inf_pr   inf_du lg(mu)  ||d||  lg(rg) alpha_du alpha_pr  ls
3250  1.9879385e-04 3.00e-08 7.04e+01  -3.9 3.54e-02    -  1.00e+00 1.95e-03h 10
3251  1.9879234e-04 3.01e-08 7.04e+01  -3.9 7.95e-04    -  1.00e+00 1.25e-01h  4
3252  1.9879119e-04 3.01e-08 7.10e+01  -3.9 6.41e-03    -  1.00e+00 1.95e-03h 10
3253  1.9879646e-04 2.64e-08 7.10e+01  -3.9 3.66e-04    -  1.00e+00 1.25e-01h  4
3254  1.9879321e-04 2.49e-08 7.04e+01  -3.9 1.55e-03    -  1.00e+00 6.25e-02h  5
3255  1.9879444e-04 2.49e-08 7.04e+01  -3.9 1.18e-03    -  1.00e+00 3.12e-02h  6
3256  1.9879341e-04 2.51e-08 7.04e+01  -3.9 1.18e-02    -  1.00e+00 1.95e-03h 10
3257  1.9879806e-04 2.19e-08 7.10e+01  -3.9 4.41e-04    -  1.00e+00 1.25e-01h  4
3258  1.9880186e-04 1.92e-08 7.10e+01  -3.9 2.73e-04    -  1.00e+00 1.25e-01h  4
3259  1.9880210e-04 1.88e-08 7.10e+01  -3.9 3.81e-03    -  1.00e+00 1.56e-02h  7
iter    objective    inf_pr   inf_du lg(mu)  ||d||  lg(rg) alpha_du alpha_pr  ls
3260  1.9880231e-04 1.87e-08 7.10e+01  -3.9 6.44e-04    -  1.00e+00 7.81e-03h  8
3261  1.9880235e-04 1.73e-08 7.10e+01  -3.9 5.71e-04    -  1.00e+00 6.25e-02h  5
3262  1.9880235e-04 1.72e-08 7.10e+01  -3.9 2.30e-03    -  1.00e+00 7.81e-03h  8
3263  1.9880222e-04 1.70e-08 7.10e+01  -3.9 3.07e-04    -  1.00e+00 7.81e-03h  8
3264  1.9880222e-04 1.70e-08 7.04e+01  -3.9 7.24e-02    -  1.00e+00 3.73e-09h 29
3265  1.9880233e-04 1.68e-08 7.04e+01  -3.9 1.62e-04    -  1.00e+00 1.56e-02h  7
3266  1.9880238e-04 1.67e-08 7.04e+01  -3.9 1.32e-03    -  1.00e+00 3.91e-03h  9
3267  1.9880238e-04 1.67e-08 7.04e+01  -3.9 1.91e-04    -  1.00e+00 4.88e-04h 12
3268  1.9880781e-04 1.52e-09 7.10e+01  -3.9 5.28e-05    -  1.00e+00 1.00e+00h  1
3269  1.9880663e-04 2.89e-09 7.10e+01  -3.9 3.18e-04    -  1.00e+00 1.25e-01h  4
iter    objective    inf_pr   inf_du lg(mu)  ||d||  lg(rg) alpha_du alpha_pr  ls
3270  1.9881028e-04 2.35e-09 7.10e+01  -3.9 9.47e-05    -  1.00e+00 2.50e-01h  3
3271  1.9881233e-04 2.45e-09 7.05e+01  -3.9 4.16e-04    -  1.00e+00 6.25e-02h  5
3272  1.9878458e-04 4.48e-08 7.06e+01  -3.9 2.19e-04    -  1.00e+00 1.00e+00h  1
3273  1.9878906e-04 4.08e-08 7.06e+01  -3.9 1.10e-03    -  1.00e+00 6.25e-02h  5
3274  1.9879045e-04 4.03e-08 7.06e+01  -3.9 1.14e-03    -  1.00e+00 3.12e-02h  6
3275  1.9879288e-04 3.90e-08 7.08e+01  -3.9 1.44e-03    -  1.00e+00 3.12e-02h  6
3276  1.9879307e-04 3.90e-08 7.09e+01  -3.9 2.24e-03    -  1.00e+00 7.81e-03h  8
3277  1.9879313e-04 3.90e-08 7.09e+01  -3.9 2.03e-04    -  1.00e+00 9.77e-04h 11
3278  1.9879312e-04 3.88e-08 7.09e+01  -3.9 9.90e-03    -  1.00e+00 1.95e-03h 10
3279  1.9879192e-04 3.89e-08 7.09e+01  -3.9 2.19e-02    -  1.00e+00 1.95e-03h 10
iter    objective    inf_pr   inf_du lg(mu)  ||d||  lg(rg) alpha_du alpha_pr  ls
3280  1.9879289e-04 3.83e-08 7.09e+01  -3.9 4.02e-04    -  1.00e+00 1.56e-02h  7
3281  1.9879292e-04 3.77e-08 7.09e+01  -3.9 5.46e-04    -  1.00e+00 1.56e-02h  7
3282  1.9879292e-04 3.77e-08 7.06e+01  -3.9 6.85e-02    -  1.00e+00 2.98e-08h 26
3283  1.9881609e-04 4.30e-08 7.09e+01  -3.9 2.43e-04    -  1.00e+00 1.00e+00h  1
3284  1.9882122e-04 4.49e-08 7.05e+01  -3.9 1.90e-03    -  1.00e+00 1.25e-01h  4
3285  1.9881442e-04 5.18e-08 7.05e+01  -3.9 3.27e-03    -  1.00e+00 6.25e-02h  5
3286  1.9881411e-04 5.19e-08 7.05e+01  -3.9 3.96e-03    -  1.00e+00 7.81e-03h  8
3287  1.9881029e-04 5.21e-08 7.05e+01  -3.9 1.93e-03    -  1.00e+00 3.12e-02h  6
3288  1.9881064e-04 5.18e-08 7.09e+01  -3.9 1.49e-03    -  1.00e+00 3.12e-02h  6
3289  1.9882396e-04 2.78e-08 7.07e+01  -3.9 4.03e-04    -  1.00e+00 1.00e+00H  1
iter    objective    inf_pr   inf_du lg(mu)  ||d||  lg(rg) alpha_du alpha_pr  ls
3290  1.9882283e-04 1.42e-08 7.07e+01  -3.9 5.53e-03    -  1.00e+00 6.25e-02h  5
3291  1.9882622e-04 1.55e-08 7.07e+01  -3.9 4.09e-04    -  1.00e+00 1.25e-01h  4
3292  1.9882303e-04 2.13e-08 7.07e+01  -3.9 3.01e-03    -  1.00e+00 1.25e-01h  4
3293  1.9882044e-04 2.96e-08 7.07e+01  -3.9 1.32e-02    -  1.00e+00 1.56e-02h  7
3294  1.9881855e-04 3.50e-08 7.07e+01  -3.9 1.47e-03    -  1.00e+00 6.25e-02h  5
3295  1.9881965e-04 3.46e-08 7.07e+01  -3.9 8.37e-04    -  1.00e+00 3.12e-02h  6
3296  1.9881795e-04 3.97e-08 7.07e+01  -3.9 5.77e-03    -  1.00e+00 1.56e-02h  7
3297  1.9881768e-04 4.26e-08 7.08e+01  -3.9 9.44e-03    -  1.00e+00 7.81e-03h  8
3298  1.9884284e-04 1.02e-08 7.07e+01  -3.9 6.36e-04    -  1.00e+00 1.00e+00H  1
3299  1.9883711e-04 6.16e-09 7.07e+01  -3.9 3.14e-03    -  1.00e+00 3.12e-02h  6
iter    objective    inf_pr   inf_du lg(mu)  ||d||  lg(rg) alpha_du alpha_pr  ls
3300  1.9882973e-04 8.03e-09 7.07e+01  -3.9 1.49e-03    -  1.00e+00 6.25e-02h  5
3301  1.9882800e-04 8.08e-09 7.07e+01  -3.9 1.58e-01    -  1.00e+00 1.22e-04h 14
3302  1.9882677e-04 8.44e-09 7.07e+01  -3.9 3.56e-03    -  1.00e+00 3.12e-02h  6
3303  1.9882528e-04 8.81e-09 7.07e+01  -3.9 9.88e-03    -  1.00e+00 3.91e-03h  9
3304  1.9882008e-04 1.63e-08 7.07e+01  -3.9 1.74e-03    -  1.00e+00 1.25e-01h  4
3305  1.9881959e-04 2.70e-08 7.07e+01  -3.9 1.60e-02    -  1.00e+00 7.81e-03h  8
3306  1.9880816e-04 2.87e-08 7.07e+01  -3.9 3.32e-02    -  1.00e+00 7.81e-03h  8
3307  1.9881397e-04 2.68e-08 7.07e+01  -3.9 3.97e-04    -  1.00e+00 1.25e-01h  4
3308  1.9881337e-04 2.70e-08 7.07e+01  -3.9 1.76e-02    -  1.00e+00 1.95e-03h 10
3309  1.9881392e-04 2.69e-08 7.07e+01  -3.9 2.42e-03    -  1.00e+00 7.81e-03h  8
iter    objective    inf_pr   inf_du lg(mu)  ||d||  lg(rg) alpha_du alpha_pr  ls
3310  1.9881490e-04 2.66e-08 7.07e+01  -3.9 9.99e-04    -  1.00e+00 3.12e-02h  6
3311  1.9881466e-04 2.67e-08 7.07e+01  -3.9 4.05e-03    -  1.00e+00 3.91e-03h  9
3312  1.9881465e-04 2.67e-08 7.07e+01  -3.9 1.20e-02    -  1.00e+00 4.88e-04h 12
3313  1.9881780e-04 2.40e-08 7.07e+01  -3.9 5.55e-04    -  1.00e+00 2.50e-01h  3
3314  1.9878674e-04 3.78e-08 7.08e+01  -3.9 5.72e-04    -  1.00e+00 1.00e+00h  1
3315  1.9878858e-04 3.53e-08 7.08e+01  -3.9 1.46e-03    -  1.00e+00 1.25e-01h  4
3316  1.9879023e-04 3.54e-08 7.08e+01  -3.9 1.81e-03    -  1.00e+00 1.56e-02h  7
3317  1.9878747e-04 4.14e-08 7.08e+01  -3.9 8.34e-03    -  1.00e+00 3.12e-02h  6
3318  1.9878799e-04 4.12e-08 7.08e+01  -3.9 1.64e-03    -  1.00e+00 7.81e-03h  8
3319  1.9878830e-04 4.09e-08 7.08e+01  -3.9 6.64e-04    -  1.00e+00 7.81e-03h  8
iter    objective    inf_pr   inf_du lg(mu)  ||d||  lg(rg) alpha_du alpha_pr  ls
3320  1.9878822e-04 4.09e-08 7.07e+01  -3.9 6.39e-02    -  1.00e+00 5.96e-08h 25
3321  1.9883301e-04 1.08e-08 7.04e+01  -3.9 3.44e-04    -  1.00e+00 1.00e+00h  1
3322r 1.9883301e-04 1.08e-08 4.66e+01  -3.9 0.00e+00    -  0.00e+00 4.77e-07R 22
3323r 2.0359634e-04 4.97e-10 1.91e-04  -4.0 3.76e-05    -  1.00e+00 1.00e+00f  1
3324  2.0346635e-04 6.57e-10 7.07e+01  -3.9 1.27e-02  -4.6 1.00e+00 1.95e-03h 10
3325  2.0315929e-04 1.10e-09 7.07e+01  -3.9 5.01e-03  -5.1 1.00e+00 3.91e-03h  9
3326  2.0304735e-04 1.08e-09 7.07e+01  -3.9 1.91e-02  -6.1 1.00e+00 9.77e-04h 11
3327  2.0286967e-04 1.35e-09 7.07e+01  -3.9 9.43e-03  -2.5 1.00e+00 9.77e-04h 11
3328  2.0248068e-04 1.64e-09 7.07e+01  -3.9 1.63e-03  -2.6 1.00e+00 1.56e-02h  7
3329  2.0340990e-04 1.76e-09 7.10e+01  -3.9 4.17e-03    -  1.00e+00 3.91e-03h  9
iter    objective    inf_pr   inf_du lg(mu)  ||d||  lg(rg) alpha_du alpha_pr  ls
3330  1.9923316e-04 8.49e-10 7.17e+01  -3.9 3.37e-05    -  1.00e+00 1.00e+00h  1
3331  1.9893698e-04 7.75e-10 6.97e+01  -3.9 1.84e-05    -  1.00e+00 1.25e-01h  4
3332  1.9896804e-04 1.29e-10 7.15e+01  -3.9 1.04e-05    -  1.00e+00 1.00e+00H  1
3333  1.9882289e-04 5.48e-09 7.13e+01  -3.9 8.89e-05    -  1.00e+00 1.00e+00h  1
3334  1.9881229e-04 5.48e-09 7.01e+01  -3.9 5.27e-02    -  1.00e+00 3.81e-06h 19
3335  1.9882678e-04 4.10e-09 7.13e+01  -3.9 7.79e-05    -  1.00e+00 1.00e+00h  1
3336  1.9881789e-04 2.39e-09 7.02e+01  -3.9 4.21e-05    -  1.00e+00 1.00e+00h  1
3337  1.9880102e-04 2.52e-09 7.11e+01  -3.9 5.85e-05    -  1.00e+00 1.00e+00h  1
3338  1.9881329e-04 4.28e-09 7.11e+01  -3.9 1.38e-04    -  1.00e+00 5.00e-01h  2
3339  1.9879595e-04 1.13e-08 7.06e+01  -3.9 3.40e-04    -  1.00e+00 1.00e+00h  1
iter    objective    inf_pr   inf_du lg(mu)  ||d||  lg(rg) alpha_du alpha_pr  ls
3340  1.9879989e-04 1.12e-08 7.06e+01  -3.9 5.86e-04    -  1.00e+00 6.25e-02h  5
3341  1.9880099e-04 9.56e-09 7.06e+01  -3.9 4.88e-03    -  1.00e+00 1.56e-02h  7
3342  1.9880063e-04 8.71e-09 7.06e+01  -3.9 2.44e-02    -  1.00e+00 7.81e-03h  8
3343  1.9880134e-04 8.58e-09 7.06e+01  -3.9 1.35e-04    -  1.00e+00 1.56e-02h  7
3344  1.9877652e-04 7.03e-09 7.05e+01  -3.9 2.89e-02    -  1.00e+00 1.95e-03h 10
3345  1.9879522e-04 5.57e-09 7.09e+01  -3.9 5.72e-04    -  1.00e+00 6.25e-02h  5
3346  1.9879781e-04 5.49e-09 7.09e+01  -3.9 7.15e-04    -  1.00e+00 6.25e-02h  5
3347  1.9878309e-04 1.17e-08 7.09e+01  -3.9 3.56e-03    -  1.00e+00 6.25e-02h  5
3348  1.9880089e-04 8.73e-09 7.04e+01  -3.9 3.98e-04    -  1.00e+00 2.50e-01h  3
3349  1.9888000e-04 4.96e-09 7.12e+01  -3.9 2.27e-04    -  1.00e+00 1.00e+00H  1
iter    objective    inf_pr   inf_du lg(mu)  ||d||  lg(rg) alpha_du alpha_pr  ls
3350  1.9887879e-04 4.93e-09 7.12e+01  -3.9 1.01e-03    -  1.00e+00 7.81e-03h  8
3351  1.9887620e-04 4.93e-09 7.12e+01  -3.9 3.78e-03    -  1.00e+00 3.91e-03h  9
3352  1.9886200e-04 4.94e-09 7.12e+01  -3.9 1.67e+00    -  3.91e-01 6.04e-06h 17
3353  1.9886107e-04 4.94e-09 7.12e+01  -3.9 7.62e-03    -  1.00e+00 6.10e-05h 15
3354  1.9887082e-04 4.93e-09 7.02e+01  -3.9 3.84e-03    -  1.00e+00 9.77e-04h 11
3355  1.9887076e-04 4.92e-09 7.02e+01  -3.9 2.69e-03    -  1.00e+00 4.88e-04h 12
3356  1.9883130e-04 1.77e-06 6.98e+01  -3.9 6.33e-03    -  1.00e+00 2.50e-01h  3
3357  1.9882643e-04 1.82e-06 7.16e+01  -3.9 5.19e-03    -  1.00e+00 1.25e-01h  4
3358  1.9881448e-04 1.25e-06 6.99e+01  -3.9 1.83e-03    -  1.00e+00 1.00e+00h  1
3359  1.9879615e-04 1.37e-06 6.99e+01  -3.9 1.09e-02    -  1.00e+00 6.25e-02h  5
iter    objective    inf_pr   inf_du lg(mu)  ||d||  lg(rg) alpha_du alpha_pr  ls
3360  1.9878609e-04 1.51e-06 6.99e+01  -3.9 2.27e-02    -  1.00e+00 3.12e-02h  6
3361  1.9867018e-04 7.26e-06 6.99e+01  -3.9 5.14e-02    -  1.00e+00 6.25e-02h  5
3362  1.9850937e-04 1.07e-05 6.99e+01  -3.9 2.37e-02    -  1.00e+00 1.25e-01h  4
3363  1.9838452e-04 1.64e-05 6.99e+01  -3.9 5.20e-01    -  1.00e+00 7.81e-03h  8
3364  1.9844391e-04 1.64e-05 6.99e+01  -3.9 1.33e-01    -  1.00e+00 1.56e-02h  7
3365  1.9838281e-04 1.67e-05 6.99e+01  -3.9 2.18e-02    -  1.00e+00 6.25e-02h  5
3366  1.9836770e-04 1.67e-05 9.88e+01  -3.9 9.36e-01    -  1.00e+00 8.91e-08h 18
3367  1.9845329e-04 1.61e-05 7.17e+01  -3.9 1.20e-02    -  1.00e+00 1.25e-01h  4
3368  1.9833790e-04 1.61e-05 7.17e+01  -3.9 1.27e+00    -  1.00e+00 1.95e-03h 10
3369  1.9828717e-04 1.74e-05 7.16e+01  -3.9 3.28e-02    -  1.00e+00 6.25e-02h  5
iter    objective    inf_pr   inf_du lg(mu)  ||d||  lg(rg) alpha_du alpha_pr  ls
3370  1.9825161e-04 1.80e-05 7.16e+01  -3.9 1.60e-01    -  1.00e+00 7.81e-03h  8
3371  1.9824369e-04 1.81e-05 7.16e+01  -3.9 6.95e-02    -  1.00e+00 7.81e-03h  8
3372  1.9824413e-04 1.81e-05 6.98e+01  -3.9 1.66e-01    -  3.62e-02 2.38e-07h 23
3373  1.9856379e-04 2.52e-06 2.12e+02  -3.9 1.54e-03    -  1.00e+00 1.00e+00h  1
3374  1.9876073e-04 1.65e-06 1.06e+02  -3.9 1.18e-03    -  1.00e+00 5.00e-01h  2
3375  1.9877786e-04 1.55e-06 9.92e+01  -3.9 9.76e-04    -  1.00e+00 6.25e-02h  5
3376  1.9878387e-04 1.53e-06 9.77e+01  -3.9 1.36e-03    -  1.00e+00 1.56e-02h  7
3377  1.9878601e-04 1.52e-06 9.73e+01  -3.9 3.19e-03    -  1.00e+00 3.91e-03h  9
3378  1.9878653e-04 1.52e-06 9.72e+01  -3.9 6.33e-03    -  1.00e+00 9.77e-04h 11
3379  1.9888602e-04 1.55e-06 1.54e+02  -3.9 6.33e-03    -  1.00e+00 1.25e-01h  4
iter    objective    inf_pr   inf_du lg(mu)  ||d||  lg(rg) alpha_du alpha_pr  ls
3380  1.9897227e-04 1.51e-06 7.97e+01  -3.9 6.51e-03    -  1.00e+00 6.25e-02h  5
3381  2.6316783e-04 1.50e-06 1.48e+02  -3.9 1.68e-02    -  1.00e+00 7.81e-03h  8
3382  2.3558528e-04 1.54e-06 1.38e+02  -3.9 5.52e-03    -  1.00e+00 1.25e-01h  4
3383  5.5341412e-03 1.63e-07 1.01e+02  -3.9 5.32e-03    -  1.00e+00 1.00e+00H  1
3384  2.4911542e-03 1.13e-06 8.38e+01  -3.9 1.95e-03    -  1.00e+00 1.00e+00F  1
3385  2.0498257e-03 1.11e-06 8.38e+01  -3.9 4.38e-03    -  1.00e+00 1.25e-01h  4
3386  1.5891288e-03 1.13e-06 8.38e+01  -3.9 5.03e-03    -  1.00e+00 1.25e-01h  4
3387  1.2930320e-03 1.11e-06 8.32e+01  -3.9 6.83e-02    -  2.45e-01 7.81e-03h  8
3388  1.0378431e-03 1.11e-06 8.19e+01  -3.9 2.54e-02    -  1.00e+00 1.56e-02h  7
3389  8.3840111e-04 3.42e-06 6.98e+01  -3.9 1.70e-02    -  7.58e-01 1.25e-01h  4
iter    objective    inf_pr   inf_du lg(mu)  ||d||  lg(rg) alpha_du alpha_pr  ls
3390  2.2529747e-04 3.24e-06 7.28e+01  -3.9 8.21e-02    -  1.00e+00 1.64e-02h  5
3391  5.1758668e-04 2.40e-06 6.95e+01  -3.9 1.78e-03    -  1.00e+00 1.00e+00h  1
3392  3.5199566e-04 2.88e-06 7.04e+01  -3.9 1.94e-03    -  1.00e+00 1.00e+00h  1
3393  2.0400862e-04 2.92e-06 7.11e+01  -3.9 1.59e-01    -  1.00e+00 1.62e-03f  7
3394  2.7328496e-04 1.33e-06 7.01e+01  -3.9 1.34e-03    -  1.00e+00 1.00e+00h  1
3395  2.5308732e-04 1.91e-06 6.99e+01  -3.9 2.59e-03    -  1.00e+00 5.00e-01h  2
3396  2.1365436e-04 1.04e-06 6.99e+01  -3.9 1.18e-03    -  1.00e+00 1.00e+00h  1
3397  2.0377154e-04 1.04e-06 7.15e+01  -3.9 2.41e-01    -  1.00e+00 3.69e-04h 10
3398  1.9933515e-04 2.05e-06 7.04e+01  -3.9 2.84e-03    -  1.00e+00 5.00e-01h  2
3399  2.0013951e-04 1.83e-06 7.10e+01  -3.9 3.82e-03    -  1.00e+00 1.25e-01h  4
iter    objective    inf_pr   inf_du lg(mu)  ||d||  lg(rg) alpha_du alpha_pr  ls
3400  1.9950800e-04 6.76e-07 7.15e+01  -3.9 8.76e-04    -  1.00e+00 1.00e+00h  1
3401  1.9890420e-04 5.32e-07 7.16e+01  -3.9 7.94e-04    -  1.00e+00 1.00e+00h  1
3402  1.9922000e-04 4.69e-07 6.99e+01  -3.9 1.00e-03    -  1.00e+00 5.00e-01h  2
3403  2.0593517e-04 4.69e-07 7.17e+01  -3.9 1.28e-02    -  1.00e+00 1.95e-03h 10
3404  2.0414143e-04 3.22e-07 7.15e+01  -3.9 9.38e-04    -  1.00e+00 5.00e-01h  2
3405  2.0365890e-04 3.91e-07 7.14e+01  -3.9 3.29e-03    -  1.00e+00 1.25e-01h  4
3406  2.0120815e-04 3.91e-07 7.00e+01  -3.9 2.81e-01    -  1.76e-01 1.22e-04h 14
3407  1.9953237e-04 3.82e-07 7.01e+01  -3.9 1.07e-03    -  1.00e+00 5.00e-01h  2
3408  2.0241016e-04 3.46e-07 7.11e+01  -3.9 1.64e-03    -  1.00e+00 1.25e-01h  4
3409  2.0046224e-04 3.22e-07 7.10e+01  -3.9 6.72e-04    -  1.00e+00 1.00e+00h  1
iter    objective    inf_pr   inf_du lg(mu)  ||d||  lg(rg) alpha_du alpha_pr  ls
3410  1.9989053e-04 2.40e-07 7.04e+01  -3.9 1.47e-03    -  1.00e+00 2.50e-01h  3
3411  1.9924044e-04 1.67e-07 7.01e+01  -3.9 9.27e-04    -  1.00e+00 5.00e-01h  2
3412  1.9926972e-04 1.67e-07 7.13e+01  -3.9 1.38e-01    -  1.00e+00 2.94e-05h 15
3413  1.9883424e-04 5.10e-07 7.16e+01  -3.9 8.23e-04    -  1.00e+00 1.00e+00h  1
3414  1.9918111e-04 1.95e-07 6.99e+01  -3.9 5.17e-04    -  1.00e+00 1.00e+00h  1
3415  1.9913236e-04 2.70e-07 7.00e+01  -3.9 9.88e-04    -  1.00e+00 5.00e-01h  2
3416  1.9901693e-04 1.47e-07 7.15e+01  -3.9 5.90e-04    -  1.00e+00 5.00e-01h  2
3417  1.9859450e-04 1.11e-06 7.00e+01  -3.9 1.26e-03    -  1.00e+00 1.00e+00h  1
3418  1.9864129e-04 8.93e-07 7.00e+01  -3.9 5.66e-03    -  1.00e+00 1.25e-01h  4
3419  1.9864867e-04 7.88e-07 7.14e+01  -3.9 4.98e-03    -  1.00e+00 6.25e-02h  5
iter    objective    inf_pr   inf_du lg(mu)  ||d||  lg(rg) alpha_du alpha_pr  ls
3420  1.9863116e-04 5.82e-07 7.14e+01  -3.9 1.78e-02    -  1.00e+00 3.12e-02h  6
3421  1.9861094e-04 7.01e-07 7.14e+01  -3.9 5.46e-03    -  1.00e+00 1.25e-01h  4
3422  1.9876293e-04 2.30e-07 7.14e+01  -3.9 1.29e-03    -  1.00e+00 1.00e+00H  1
3423  1.9887511e-04 7.10e-08 7.01e+01  -3.9 2.35e-04    -  1.00e+00 1.00e+00h  1
3424  1.9888841e-04 1.56e-08 7.03e+01  -3.9 7.11e-04    -  1.00e+00 1.00e+00H  1
3425  1.9887818e-04 6.94e-08 7.03e+01  -3.9 3.40e-02    -  1.00e+00 7.81e-03h  8
3426  1.9887016e-04 1.08e-07 7.02e+01  -3.9 4.31e-02    -  1.00e+00 1.56e-02h  7
3427  1.9887032e-04 1.07e-07 7.12e+01  -3.9 9.71e-03    -  1.00e+00 3.91e-03h  9
3428  1.9883399e-04 1.41e-07 7.12e+01  -3.9 9.06e-04    -  1.00e+00 1.00e+00H  1
3429  1.9875971e-04 2.12e-07 7.04e+01  -3.9 1.01e-03    -  1.00e+00 5.00e-01h  2
iter    objective    inf_pr   inf_du lg(mu)  ||d||  lg(rg) alpha_du alpha_pr  ls
3430  1.9877553e-04 1.69e-07 7.03e+01  -3.9 1.10e-03    -  1.00e+00 2.50e-01h  3
3431  1.9873835e-04 2.22e-07 7.11e+01  -3.9 2.59e-01    -  1.00e+00 3.91e-03h  9
3432  1.9880856e-04 6.62e-08 7.00e+01  -3.9 2.66e-04    -  1.00e+00 1.00e+00h  1
3433  1.9879143e-04 6.14e-08 7.01e+01  -3.9 1.28e-02    -  1.00e+00 1.56e-02h  7
3434  1.9883580e-04 4.81e-08 7.13e+01  -3.9 9.36e-04    -  1.00e+00 5.00e-01h  2
3435  1.9881469e-04 5.81e-08 7.14e+01  -3.9 4.52e-03    -  1.00e+00 6.25e-02h  5
3436  1.9878979e-04 6.16e-08 7.13e+01  -3.9 4.68e-04    -  1.00e+00 1.00e+00h  1
3437  1.9878001e-04 4.70e-08 7.01e+01  -3.9 6.32e-04    -  1.00e+00 2.50e-01h  3
3438  1.9878130e-04 4.48e-08 7.01e+01  -3.9 1.30e-03    -  1.00e+00 6.25e-02h  5
3439  1.9878764e-04 2.31e-08 7.02e+01  -3.9 3.87e-04    -  1.00e+00 5.00e-01h  2
iter    objective    inf_pr   inf_du lg(mu)  ||d||  lg(rg) alpha_du alpha_pr  ls
3440  1.9878762e-04 2.40e-08 7.13e+01  -3.9 1.64e-02    -  1.00e+00 3.91e-03h  9
3441  1.9879270e-04 2.50e-08 7.12e+01  -3.9 5.00e-04    -  1.00e+00 2.50e-01h  3
3442  1.9879031e-04 3.12e-08 7.02e+01  -3.9 1.04e-02    -  1.00e+00 7.81e-03h  8
3443  1.9880591e-04 6.09e-09 7.12e+01  -3.9 1.77e-04    -  1.00e+00 1.00e+00h  1
3444  1.9880418e-04 1.60e-08 7.11e+01  -3.9 1.10e-03    -  1.00e+00 1.25e-01h  4
3445  1.9880295e-04 2.29e-08 7.12e+01  -3.9 6.98e-03    -  1.00e+00 1.56e-02h  7
3446  1.9879962e-04 2.65e-08 7.03e+01  -3.9 5.53e-04    -  1.00e+00 2.50e-01h  3
3447  1.9879821e-04 2.77e-08 7.03e+01  -3.9 2.83e-03    -  1.00e+00 6.25e-02h  5
3448  1.9880223e-04 2.34e-08 7.03e+01  -3.9 4.30e-04    -  1.00e+00 2.50e-01h  3
3449  1.9879769e-04 1.99e-08 7.11e+01  -3.9 5.83e-04    -  1.00e+00 2.50e-01h  3
iter    objective    inf_pr   inf_du lg(mu)  ||d||  lg(rg) alpha_du alpha_pr  ls
3450  1.9880084e-04 1.63e-08 7.10e+01  -3.9 2.15e-04    -  1.00e+00 2.50e-01h  3
3451  1.9879761e-04 2.25e-08 7.11e+01  -3.9 1.19e-02    -  1.00e+00 7.81e-03h  8
3452  1.9879888e-04 1.97e-08 7.04e+01  -3.9 1.45e-04    -  1.00e+00 1.25e-01h  4
3453  1.9880045e-04 1.85e-08 7.11e+01  -3.9 2.87e-04    -  1.00e+00 6.25e-02h  5
3454  1.9882754e-04 1.54e-08 7.05e+01  -3.9 2.68e-04    -  1.00e+00 1.00e+00H  1
3455  1.9882717e-04 1.69e-08 7.05e+01  -3.9 1.18e-02    -  1.00e+00 3.91e-03h  9
3456  1.9882712e-04 1.73e-08 7.05e+01  -3.9 6.41e-03    -  1.00e+00 7.81e-03h  8
3457  1.9882430e-04 2.06e-08 7.05e+01  -3.9 2.27e-02    -  1.00e+00 3.91e-03h  9
3458  1.9882388e-04 2.06e-08 7.05e+01  -3.9 5.62e-03    -  1.00e+00 3.91e-03h  9
3459  1.9882115e-04 1.86e-08 7.05e+01  -3.9 2.76e-03    -  1.00e+00 3.12e-02h  6
iter    objective    inf_pr   inf_du lg(mu)  ||d||  lg(rg) alpha_du alpha_pr  ls
3460  1.9881205e-04 1.35e-08 7.09e+01  -3.9 3.20e-04    -  1.00e+00 5.00e-01h  2
3461  1.9880804e-04 1.72e-08 7.05e+01  -3.9 2.05e-03    -  1.00e+00 6.25e-02h  5
3462  1.9883043e-04 1.80e-08 7.05e+01  -3.9 1.78e-04    -  1.00e+00 1.00e+00H  1
3463  1.9882755e-04 1.30e-08 7.05e+01  -3.9 4.21e-03    -  1.00e+00 1.56e-02h  7
3464  1.9882253e-04 1.59e-08 7.05e+01  -3.9 5.76e-02    -  1.00e+00 9.77e-04h 11
3465  1.9881632e-04 1.54e-08 7.05e+01  -3.9 7.09e-04    -  1.00e+00 1.25e-01h  4
3466  1.9881438e-04 1.53e-08 7.09e+01  -3.9 8.41e-04    -  1.00e+00 1.25e-01h  4
3467  1.9881372e-04 1.38e-08 7.09e+01  -3.9 1.32e-03    -  1.00e+00 1.25e-01h  4
3468  1.9879429e-04 2.69e-07 7.07e+01  -3.9 2.04e-03    -  1.00e+00 2.50e-01h  3
3469  1.9879439e-04 2.68e-07 7.07e+01  -3.9 8.35e-03    -  1.00e+00 3.91e-03h  9
iter    objective    inf_pr   inf_du lg(mu)  ||d||  lg(rg) alpha_du alpha_pr  ls
3470  1.9877583e-04 1.40e-06 7.04e+01  -3.9 5.00e-03    -  1.00e+00 2.50e-01h  3
3471  1.9876537e-04 1.09e-06 7.03e+01  -3.9 2.96e-03    -  1.00e+00 2.50e-01h  3
3472  1.9878936e-04 5.27e-07 7.12e+01  -3.9 1.44e-03    -  1.00e+00 5.00e-01h  2
3473  1.9879019e-04 5.19e-07 7.02e+01  -3.9 2.84e-03    -  1.00e+00 1.56e-02h  7
3474  1.9877381e-04 7.80e-07 7.02e+01  -3.9 3.07e-02    -  1.00e+00 1.56e-02h  7
3475  1.9878611e-04 6.40e-07 7.02e+01  -3.9 1.71e-03    -  1.00e+00 2.50e-01h  3
3476  1.9878892e-04 4.83e-07 7.02e+01  -3.9 1.62e-03    -  1.00e+00 2.50e-01h  3
3477  1.9879225e-04 2.29e-07 7.12e+01  -3.9 1.47e-03    -  1.00e+00 5.00e-01h  2
3478  1.9879865e-04 1.92e-07 7.12e+01  -3.9 6.44e-04    -  1.00e+00 5.00e-01h  2
3479  1.9879189e-04 1.89e-07 7.12e+01  -3.9 8.63e-03    -  1.00e+00 3.12e-02h  6
iter    objective    inf_pr   inf_du lg(mu)  ||d||  lg(rg) alpha_du alpha_pr  ls
3480  1.9879464e-04 1.89e-07 7.02e+01  -3.9 5.17e-02    -  1.00e+00 4.88e-04h 12
3481  1.9879880e-04 1.10e-08 7.03e+01  -3.9 3.13e-04    -  1.00e+00 1.00e+00h  1
3482  1.9880647e-04 1.04e-08 7.11e+01  -3.9 4.20e-04    -  1.00e+00 5.00e-01h  2
3483  1.9879629e-04 4.67e-08 7.10e+01  -3.9 9.65e-04    -  1.00e+00 5.00e-01h  2
3484  1.9879772e-04 4.09e-08 7.10e+01  -3.9 2.61e-04    -  1.00e+00 1.25e-01h  4
3485  1.9879002e-04 8.02e-08 7.04e+01  -3.9 3.02e-02    -  1.00e+00 7.81e-03h  8
3486  1.9879328e-04 7.12e-08 7.04e+01  -3.9 5.66e-04    -  1.00e+00 1.25e-01h  4
3487  1.9879425e-04 5.86e-08 7.10e+01  -3.9 2.04e-03    -  1.00e+00 1.25e-01h  4
3488  1.9879595e-04 5.47e-08 7.10e+01  -3.9 1.33e-03    -  1.00e+00 6.25e-02h  5
3489  1.9879567e-04 5.11e-08 7.10e+01  -3.9 5.86e-04    -  1.00e+00 1.25e-01h  4
iter    objective    inf_pr   inf_du lg(mu)  ||d||  lg(rg) alpha_du alpha_pr  ls
3490  1.9879491e-04 5.07e-08 7.10e+01  -3.9 5.62e-03    -  1.00e+00 1.56e-02h  7
3491  1.9885223e-04 1.15e-08 7.04e+01  -3.9 5.83e-04    -  1.00e+00 1.00e+00H  1
3492  1.9884806e-04 2.26e-08 7.03e+01  -3.9 1.52e-03    -  1.00e+00 2.50e-01h  3
3493  1.9874444e-04 4.85e-07 7.09e+01  -3.9 7.50e-03    -  1.00e+00 1.25e-01h  4
3494  1.9876620e-04 5.81e-07 7.05e+01  -3.9 4.76e-03    -  1.00e+00 2.50e-01h  3
3495  1.9874971e-04 4.87e-07 7.11e+01  -3.9 1.04e-03    -  1.00e+00 2.50e-01h  3
3496  1.9875811e-04 3.66e-07 7.03e+01  -3.9 6.46e-04    -  1.00e+00 2.50e-01h  3
3497  1.9873858e-04 1.29e-06 7.03e+01  -3.9 5.30e-03    -  1.00e+00 2.50e-01h  3
3498  1.9872710e-04 1.20e-06 7.03e+01  -3.9 9.17e-03    -  1.00e+00 1.25e-01h  4
3499  1.9872954e-04 1.08e-06 7.12e+01  -3.9 2.68e-03    -  1.00e+00 1.25e-01h  4
iter    objective    inf_pr   inf_du lg(mu)  ||d||  lg(rg) alpha_du alpha_pr  ls
3500  1.9872747e-04 8.34e-07 7.02e+01  -3.9 2.02e-03    -  1.00e+00 2.50e-01h  3
3501  1.9873279e-04 8.00e-07 7.02e+01  -3.9 3.63e-03    -  1.00e+00 6.25e-02h  5
3502  1.9875730e-04 4.37e-07 7.13e+01  -3.9 1.27e-03    -  1.00e+00 5.00e-01h  2
3503  1.9880589e-04 1.60e-07 7.01e+01  -3.9 5.69e-04    -  1.00e+00 1.00e+00h  1
3504  1.9879669e-04 2.05e-07 7.01e+01  -3.9 1.42e-03    -  1.00e+00 2.50e-01h  3
3505  1.9879320e-04 1.91e-07 7.01e+01  -3.9 4.09e-03    -  1.00e+00 1.25e-01h  4
3506  1.9879275e-04 1.89e-07 7.01e+01  -3.9 9.38e-03    -  1.00e+00 1.56e-02h  7
3507  1.9878892e-04 2.31e-07 7.13e+01  -3.9 3.52e-02    -  1.00e+00 7.81e-03h  8
3508  1.9878413e-04 6.84e-08 7.02e+01  -3.9 5.83e-04    -  1.00e+00 1.00e+00h  1
3509  1.9879211e-04 5.85e-08 7.13e+01  -3.9 1.14e-03    -  1.00e+00 2.50e-01h  3
iter    objective    inf_pr   inf_du lg(mu)  ||d||  lg(rg) alpha_du alpha_pr  ls
3510  1.9878166e-04 9.84e-08 7.01e+01  -3.9 6.32e-03    -  1.00e+00 6.25e-02h  5
3511  1.9879839e-04 7.52e-08 7.01e+01  -3.9 3.21e-04    -  1.00e+00 1.00e+00h  1
3512  1.9878579e-04 9.43e-08 7.11e+01  -3.9 5.89e-04    -  1.00e+00 5.00e-01h  2
3513  1.9881892e-04 3.16e-08 7.12e+01  -3.9 2.62e-04    -  1.00e+00 1.00e+00h  1
3514  1.9881494e-04 3.33e-08 7.12e+01  -3.9 6.51e-04    -  1.00e+00 2.50e-01h  3
3515  1.9879353e-04 5.57e-08 7.04e+01  -3.9 1.15e-03    -  1.00e+00 2.50e-01h  3
3516  1.9880429e-04 4.25e-08 7.03e+01  -3.9 3.12e-03    -  1.00e+00 1.25e-01h  4
3517  1.9880246e-04 4.26e-08 7.03e+01  -3.9 3.71e-03    -  1.00e+00 1.56e-02h  7
3518  1.9871154e-04 4.94e-07 7.04e+01  -3.9 1.26e-02    -  1.00e+00 1.25e-01h  4
3519  1.9871988e-04 4.22e-07 7.11e+01  -3.9 1.10e-03    -  1.00e+00 5.00e-01h  2
iter    objective    inf_pr   inf_du lg(mu)  ||d||  lg(rg) alpha_du alpha_pr  ls
3520  1.9875408e-04 2.79e-07 7.01e+01  -3.9 8.22e-04    -  1.00e+00 5.00e-01h  2
3521  1.9877662e-04 1.88e-07 7.13e+01  -3.9 5.68e-04    -  1.00e+00 5.00e-01h  2
3522  1.9876781e-04 2.24e-07 7.01e+01  -3.9 1.94e-03    -  1.00e+00 2.50e-01h  3
3523  1.9890371e-04 8.41e-08 7.02e+01  -3.9 9.69e-04    -  1.00e+00 1.00e+00H  1
3524  1.9887587e-04 7.38e-08 7.02e+01  -3.9 7.53e-02    -  1.00e+00 3.91e-03h  9
3525  1.9865995e-04 8.32e-07 7.16e+01  -3.9 1.34e-03    -  1.00e+00 1.00e+00H  1
3526  1.9859830e-04 1.15e-06 7.16e+01  -3.9 5.30e-03    -  1.00e+00 2.50e-01h  3
3527  1.9861539e-04 1.05e-06 7.16e+01  -3.9 4.32e-03    -  1.00e+00 1.25e-01h  4
3528  1.9862223e-04 1.05e-06 6.99e+01  -3.9 8.65e-03    -  1.00e+00 6.25e-02h  5
3529  1.9861103e-04 1.18e-06 6.99e+01  -3.9 7.70e-02    -  1.00e+00 7.81e-03h  8
iter    objective    inf_pr   inf_du lg(mu)  ||d||  lg(rg) alpha_du alpha_pr  ls
3530  1.9863715e-04 1.02e-06 6.99e+01  -3.9 3.24e-02    -  1.00e+00 3.12e-02h  6
3531  1.9859028e-04 1.37e-06 6.99e+01  -3.9 9.58e-03    -  1.00e+00 1.25e-01h  4
3532  1.9847957e-04 1.05e-05 6.99e+01  -3.9 4.00e-02    -  1.00e+00 1.25e-01h  4
3533  1.9753927e-04 2.75e-05 7.15e+01  -3.9 2.09e-01    -  1.00e+00 3.12e-02h  6
3534  1.9741677e-04 3.50e-05 7.15e+01  -4.0 5.15e-01    -  1.00e+00 1.56e-02h  7
3535  1.9737669e-04 1.31e-04 7.15e+01  -4.1 4.35e-01    -  1.00e+00 3.12e-02h  6
3536  1.9642548e-04 1.53e-04 7.15e+01  -4.1 8.54e-01    -  1.00e+00 1.56e-02h  7
3537  1.9500670e-04 1.33e-04 7.15e+01  -4.1 1.26e+00    -  1.00e+00 7.81e-03h  8
3538  1.9636376e-04 1.33e-04 7.15e+01  -4.1 5.59e-02    -  1.00e+00 1.25e-01h  4
3539  1.9637809e-04 1.39e-04 7.15e+01  -4.1 9.68e-02    -  1.00e+00 6.25e-02h  5
iter    objective    inf_pr   inf_du lg(mu)  ||d||  lg(rg) alpha_du alpha_pr  ls
3540  1.9568036e-04 1.42e-04 7.15e+01  -4.1 1.48e+00    -  1.00e+00 3.91e-03h  9
3541  1.9491752e-04 1.42e-04 6.99e+01  -4.1 3.41e-01    -  7.95e-03 9.54e-07h 21
3542  1.9536416e-04 1.34e-04 7.16e+01  -4.1 4.83e-02    -  1.00e+00 1.25e-01h  4
3543  1.9583257e-04 1.36e-04 7.35e+01  -4.1 1.44e-01    -  1.00e+00 3.12e-02h  6
3544  1.9530667e-04 1.30e-04 7.31e+01  -4.1 4.93e-02    -  1.00e+00 1.25e-01h  4
3545  1.9620055e-04 1.13e-04 7.04e+01  -4.1 1.32e-02    -  1.00e+00 1.25e-01h  4
3546  1.9730704e-04 1.08e-04 7.06e+01  -4.1 3.67e-02    -  1.00e+00 2.50e-01h  3
3547  1.9531976e-04 1.15e-04 7.07e+01  -4.1 2.22e-01    -  1.00e+00 3.12e-02h  6
3548  1.9630292e-04 1.01e-04 7.07e+01  -4.1 2.54e-02    -  1.00e+00 1.25e-01h  4
3549  1.9621657e-04 1.01e-04 7.18e+01  -4.1 1.85e-01    -  1.00e-02 2.38e-07h 23
iter    objective    inf_pr   inf_du lg(mu)  ||d||  lg(rg) alpha_du alpha_pr  ls
3550  1.9860056e-04 2.15e-05 3.48e+03  -4.1 4.45e-03    -  1.00e+00 1.00e+00h  1
3551  2.0049923e-04 2.99e-05 2.12e+03  -4.1 1.01e-02    -  1.00e+00 5.00e-01h  2
3552  2.0084661e-04 2.96e-05 2.09e+03  -4.1 3.09e-02    -  1.00e+00 3.12e-02h  6
3553  2.0191916e-04 2.87e-05 1.93e+03  -4.1 1.89e-02    -  1.00e+00 6.25e-02h  5
3554  1.9720987e-04 8.81e-05 1.96e+03  -4.1 1.72e-02    -  1.00e+00 5.00e-01h  2
3555  1.9720652e-04 8.81e-05 1.82e+03  -4.1 1.89e-01    -  1.00e+00 1.12e-08h 21
3556  1.9896111e-04 1.98e-05 8.20e+03  -4.1 3.86e-03    -  1.00e+00 1.00e+00h  1
3557  2.0157336e-04 5.01e-06 3.92e+03  -4.1 2.87e-03    -  1.00e+00 1.00e+00H  1
3558  2.0252087e-04 1.44e-06 4.61e+03  -4.1 1.81e-03    -  1.00e+00 1.00e+00h  1
3559  2.0321558e-04 1.00e-05 4.45e+03  -4.1 1.58e-02    -  1.00e+00 2.50e-01h  3
iter    objective    inf_pr   inf_du lg(mu)  ||d||  lg(rg) alpha_du alpha_pr  ls
3560  2.0428939e-04 8.97e-06 4.19e+03  -4.1 3.22e-02    -  1.00e+00 1.25e-01h  4
3561  2.0696485e-04 5.40e-08 4.01e+03  -4.1 7.92e-03    -  1.00e+00 1.00e+00H  1
3562  2.0818502e-04 5.40e-08 4.01e+03  -4.1 1.06e-03    -  1.00e+00 1.15e-05h 14
3563  1.0203113e-02 5.05e-07 3.63e+03  -4.1 1.04e-03    -  9.58e-02 9.58e-02s 19
3564  1.0392294e-02 1.89e-06 8.04e-01  -4.1 2.88e-04    -  1.00e+00 1.00e+00s 19
3565r 1.0392294e-02 1.89e-06 1.00e+03  -4.1 0.00e+00    -  0.00e+00 0.00e+00R  1
3566r 9.9584183e-03 4.74e-07 3.94e+01  -3.5 3.24e-04    -  1.00e+00 2.04e-02f  1
3567r 5.8541209e-03 7.91e-05 6.16e+02  -3.9 1.16e-02    -  6.13e-02 1.00e+00f  1
3568r 1.2037496e-02 8.62e-05 8.77e-02  -3.9 1.15e-02    -  1.00e+00 1.00e+00f  1
3569r 8.8562293e-03 6.30e-05 4.06e-02  -3.9 8.65e-03    -  1.00e+00 1.00e+00h  1
iter    objective    inf_pr   inf_du lg(mu)  ||d||  lg(rg) alpha_du alpha_pr  ls
3570r 5.6722947e-03 2.66e-05 1.07e-02  -3.9 4.96e-03    -  1.00e+00 1.00e+00h  1
3571r 6.0467950e-04 2.91e-06 5.73e-03  -3.9 2.09e-03    -  1.00e+00 1.00e+00h  1
3572r 3.2570591e-04 1.92e-08 4.41e-04  -5.8 1.89e-04    -  1.00e+00 1.00e+00f  1
3573  2.2624048e-04 1.46e-07 7.13e+01  -4.1 5.96e-02    -  1.00e+00 7.81e-03f  8
3574  2.5105201e-04 2.93e-08 7.22e+01  -4.1 2.11e-04    -  1.00e+00 1.00e+00h  1
3575  2.4652820e-04 6.08e-08 7.20e+01  -4.1 1.80e-03    -  1.00e+00 1.25e-01h  4
3576  2.1032364e-04 1.95e-09 7.12e+01  -4.1 4.20e-05    -  1.00e+00 1.00e+00h  1
3577  2.0503939e-04 8.98e-09 7.02e+01  -4.1 4.20e-01    -  2.43e-01 2.44e-04f 13
3578  2.0483963e-04 4.04e-07 7.19e+01  -4.1 7.71e-04    -  1.00e+00 1.00e+00h  1
3579  2.0248200e-04 8.64e-08 7.15e+01  -4.1 3.64e-04    -  1.00e+00 1.00e+00h  1
iter    objective    inf_pr   inf_du lg(mu)  ||d||  lg(rg) alpha_du alpha_pr  ls
3580  2.0366517e-04 7.78e-08 6.97e+01  -4.1 4.63e-04    -  1.00e+00 5.00e-01h  2
3581  2.0130496e-04 1.15e-05 6.84e+01  -4.1 4.15e-03    -  1.00e+00 1.00e+00h  1
3582  2.0210000e-04 1.08e-05 6.85e+01  -4.1 3.60e-03    -  1.00e+00 6.25e-02h  5
3583  2.0164849e-04 9.35e-06 7.25e+01  -4.1 4.89e-03    -  1.00e+00 1.25e-01h  4
3584  2.0132483e-04 7.23e-06 6.95e+01  -4.1 1.92e-03    -  1.00e+00 2.50e-01h  3
3585  2.0164877e-04 6.63e-06 7.19e+01  -4.1 2.44e-02    -  1.00e+00 3.12e-02h  6
3586  2.0238479e-04 4.97e-06 7.16e+01  -4.1 2.89e-03    -  1.00e+00 2.50e-01h  3
3587  2.0232054e-04 4.22e-06 7.00e+01  -4.1 4.70e-03    -  1.00e+00 1.25e-01h  4
3588  2.0179801e-04 3.95e-06 7.11e+01  -4.1 3.67e-03    -  1.00e+00 5.00e-01h  2
3589  2.0210848e-04 2.46e-06 7.07e+01  -4.1 1.88e-03    -  1.00e+00 5.00e-01h  2
iter    objective    inf_pr   inf_du lg(mu)  ||d||  lg(rg) alpha_du alpha_pr  ls
3590  2.0124375e-04 8.66e-06 7.07e+01  -4.1 2.31e+00    -  5.91e-01 2.26e-03h  9
3591  2.0068222e-04 1.85e-05 7.08e+01  -4.1 3.25e-02    -  1.00e+00 1.25e-01h  4
3592  2.0102799e-04 1.17e-05 7.12e+01  -4.1 5.35e-03    -  1.00e+00 1.00e+00h  1
3593  2.0097283e-04 1.16e-05 7.02e+01  -4.1 8.13e-02    -  1.00e+00 7.81e-03h  8
3594  2.0017543e-04 1.15e-05 7.01e+01  -4.1 6.41e-03    -  1.00e+00 5.00e-01h  2
3595  1.9956571e-04 1.34e-05 7.02e+01  -4.1 6.96e-01    -  1.00e+00 7.81e-03h  8
3596  1.9907195e-04 8.95e-06 7.13e+01  -4.1 6.61e-03    -  1.00e+00 5.00e-01h  2
3597  1.9885685e-04 3.96e-06 7.13e+01  -4.1 2.23e-03    -  1.00e+00 1.00e+00h  1
3598  1.9872056e-04 4.19e-06 7.13e+01  -4.1 7.90e-03    -  1.00e+00 2.50e-01h  3
3599  1.9857191e-04 5.75e-06 7.02e+01  -4.1 7.09e-03    -  1.00e+00 5.00e-01h  2
iter    objective    inf_pr   inf_du lg(mu)  ||d||  lg(rg) alpha_du alpha_pr  ls
3600  1.9936345e-04 2.70e-06 7.12e+01  -4.1 1.99e-03    -  1.00e+00 1.00e+00h  1

Number of Iterations....: 3600

                                   (scaled)                 (unscaled)
Objective...............:   1.9936345428697830e-04    1.9936345428697830e-04
Dual infeasibility......:   7.1243217366678010e+01    7.1243217366678010e+01
Constraint violation....:   2.7045534554126505e-06    2.7045534554126505e-06
Variable bound violation:   0.0000000000000000e+00    0.0000000000000000e+00
Complementarity.........:   7.9992126295511663e-05    7.9992126295511663e-05
Overall NLP error.......:   7.1243217366678010e+01    7.1243217366678010e+01


Number of objective function evaluations             = 20441
Number of objective gradient evaluations             = 3048
Number of equality constraint evaluations            = 20441
Number of inequality constraint evaluations          = 20441
Number of equality constraint Jacobian evaluations   = 3610
Number of inequality constraint Jacobian evaluations = 3610
Number of Lagrangian Hessian evaluations             = 0
Total seconds in IPOPT                               = 26.888

EXIT: Maximum Number of Iterations Exceeded.
