This is Ipopt version 3.14.19, running with linear solver MUMPS 5.8.1.

Number of nonzeros in equality constraint Jacobian...:     9816
Number of nonzeros in inequality constraint Jacobian.:        8
Number of nonzeros in Lagrangian Hessian.............:        0

Total number of variables............................:     1388
                     variables with only lower bounds:        0
                variables with lower and upper bounds:      396
                     variables with only upper bounds:        0
Total number of equality constraints.................:     1188
Total number of inequality constraints...............:        1
        inequality constraints with only lower bounds:        0
   inequality constraints with lower and upper bounds:        0
        inequality constraints with only upper bounds:        1

iter    objective    inf_pr   inf_du lg(mu)  ||d||  lg(rg) alpha_du alpha_pr  ls
   0  1.7804660e+01 1.50e+00 4.69e-01   0.0 0.00e+00    -  0.00e+00 0.00e+00   0
   1  6.1283964e-01 6.06e-01 6.84e+00  -0.4 9.23e-01    -  9.85e-01 1.00e+00f  1
   2  2.8992161e-01 3.50e-01 1.34e+00  -0.6 9.42e-01    -  9.02e-01 1.00e+00h  1
   3  3.2786869e-01 1.84e-01 3.34e+00  -1.3 5.46e-01    -  8.55e-01 1.00e+00h  1
   4  3.7615583e-01 2.64e-01 2.57e+00  -1.2 6.60e-01    -  9.00e-01 1.00e+00h  1
   5  4.0291956e-01 3.31e-01 2.54e+00  -1.3 6.67e-01    -  9.75e-01 1.00e+00h  1
   6  3.1702729e-01 2.67e-01 2.48e+00  -1.4 7.74e-01    -  9.91e-01 5.77e-01h  1
   7  3.1296731e-01 3.01e-01 1.63e+00  -1.4 8.03e-01    -  8.66e-01 1.00e+00h  1
   8  1.2599930e+00 2.00e-01 5.52e-01  -1.7 6.17e-01    -  9.84e-01 1.00e+00h  1
   9  1.8551098e-01 6.58e-02 3.16e-01  -1.8 3.05e-01    -  1.00e+00 1.00e+00h  1
iter    objective    inf_pr   inf_du lg(mu)  ||d||  lg(rg) alpha_du alpha_pr  ls
  10  1.4281990e-01 9.55e-03 1.79e-01  -2.6 1.11e-01    -  1.00e+00 8.88e-01h  1
  11  1.3739782e-01 5.72e-03 7.53e-02  -3.5 9.77e-02    -  1.00e+00 1.00e+00h  1
  12  1.1208081e-01 1.52e-03 4.74e-02  -3.7 4.70e-02    -  1.00e+00 8.59e-01h  1
  13  1.0249449e-01 6.66e-04 2.42e-02  -4.0 3.02e-02    -  1.00e+00 1.00e+00h  1
  14  7.9588141e-02 1.16e-02 3.62e-02  -4.0 1.12e-01    -  1.00e+00 1.00e+00h  1
  15  6.5587615e-02 6.96e-02 5.72e-02  -3.6 3.46e-01    -  9.50e-01 1.00e+00h  1
  16  1.1382238e-01 4.66e-02 3.40e-02  -4.0 2.12e-01    -  1.00e+00 1.00e+00h  1
  17  1.5585010e-01 9.08e-03 3.82e-02  -4.1 1.49e-01    -  1.00e+00 9.90e-01h  1
  18  4.6387703e-02 1.02e-02 9.21e-02  -4.1 1.15e-01    -  1.00e+00 1.00e+00h  1
  19  4.3528094e-02 9.38e-04 2.84e-02  -4.0 3.88e-02    -  1.00e+00 1.00e+00h  1
iter    objective    inf_pr   inf_du lg(mu)  ||d||  lg(rg) alpha_du alpha_pr  ls
  20  4.1601775e-02 7.89e-04 2.97e-02  -4.0 3.07e-02    -  1.00e+00 1.00e+00h  1
  21  3.8456137e-02 2.09e-02 1.64e-01  -3.7 8.55e-01    -  1.00e+00 2.50e-01h  3
  22  7.1445283e-02 3.00e-02 5.49e-01  -4.0 3.98e-01    -  1.00e+00 1.00e+00H  1
  23  7.3245773e-02 2.38e-02 5.86e-01  -4.1 5.40e-01    -  1.00e+00 2.50e-01h  3
  24  4.6570250e-02 2.18e-02 1.85e-01  -4.1 2.08e-01    -  1.00e+00 1.00e+00h  1
  25  3.8510559e-02 2.47e-02 3.62e-01  -4.1 5.59e-01    -  7.29e-01 1.67e-01H  1
  26  7.2112070e-02 1.36e-02 1.32e-01  -4.0 1.45e-01    -  1.00e+00 1.00e+00h  1
  27  2.7478733e-02 1.58e-03 9.84e-02  -4.1 4.54e-02    -  1.00e+00 1.00e+00h  1
  28  2.7080087e-02 5.97e-04 1.01e-01  -4.0 1.30e-02    -  1.00e+00 6.05e-01h  1
  29  2.5863656e-02 9.12e-04 3.08e-02  -4.0 4.01e-02    -  1.00e+00 1.00e+00h  1
iter    objective    inf_pr   inf_du lg(mu)  ||d||  lg(rg) alpha_du alpha_pr  ls
  30  2.2998327e-02 3.59e-03 5.11e-02  -4.0 6.56e-02    -  1.00e+00 1.00e+00h  1
  31  2.2435041e-02 4.86e-03 1.37e-01  -4.0 3.08e-01    -  1.00e+00 2.50e-01h  3
  32  2.0040787e-02 1.60e-02 4.97e-01  -3.5 6.44e-01    -  1.00e+00 9.70e-02H  1
  33  2.1872610e-02 3.68e-03 6.59e-02  -4.0 8.81e-02    -  1.00e+00 1.00e+00h  1
  34  1.8588507e-02 1.60e-02 8.38e-02  -4.0 1.22e-01    -  1.00e+00 1.00e+00h  1
  35  1.6956695e-01 1.37e-02 1.18e-01  -4.0 1.42e-01    -  1.00e+00 1.00e+00h  1
  36  1.5650599e-02 1.56e-02 9.89e-02  -4.1 1.58e-01    -  1.00e+00 1.00e+00h  1
  37  1.5007430e-02 1.47e-03 1.29e-02  -3.8 4.66e-02    -  1.00e+00 1.00e+00h  1
  38  1.4744607e-02 1.50e-03 6.91e-02  -4.0 1.65e-01    -  1.00e+00 2.50e-01h  3
  39  1.3569280e-02 5.60e-02 1.81e-01  -4.0 3.21e-01    -  1.00e+00 1.00e+00h  1
iter    objective    inf_pr   inf_du lg(mu)  ||d||  lg(rg) alpha_du alpha_pr  ls
  40  2.1639894e-02 2.38e-02 9.62e-02  -4.0 3.98e-01    -  1.00e+00 1.00e+00h  1
  41  1.0692053e-01 1.15e-02 6.19e-02  -4.1 1.47e-01    -  1.00e+00 1.00e+00h  1
  42  1.3439420e-02 1.12e-02 2.43e-02  -4.1 2.37e-01    -  1.00e+00 8.14e-01h  1
  43  8.9780230e-03 2.76e-03 1.25e-02  -4.0 1.34e-01    -  1.00e+00 1.00e+00h  1
  44  1.0060818e-02 8.37e-04 9.52e-03  -4.0 5.77e-02    -  1.00e+00 1.00e+00h  1
  45  8.2257827e-03 5.90e-04 2.09e-02  -4.0 5.51e-02    -  1.00e+00 7.49e-01h  1
  46  7.6884829e-03 2.03e-03 2.37e-02  -4.0 1.43e-01    -  1.00e+00 5.00e-01h  2
  47  7.1696631e-03 1.38e-03 1.34e-02  -4.0 5.24e-02    -  1.00e+00 1.00e+00h  1
  48  6.8962729e-03 2.77e-03 2.93e-02  -4.0 4.93e-01    -  1.00e+00 2.50e-01h  3
  49  5.9642813e-03 4.27e-03 1.75e-02  -4.0 9.61e-02    -  1.00e+00 1.00e+00h  1
iter    objective    inf_pr   inf_du lg(mu)  ||d||  lg(rg) alpha_du alpha_pr  ls
  50  8.1840914e-03 7.28e-04 1.20e-02  -4.0 1.52e-01    -  1.00e+00 1.00e+00H  1
  51  5.9042870e-03 1.77e-03 2.26e-02  -4.0 1.37e-01    -  1.00e+00 1.00e+00h  1
  52  7.0416807e-03 7.26e-04 5.37e-03  -4.0 3.46e-02    -  1.00e+00 1.00e+00h  1
  53  5.2489038e-03 1.08e-03 1.54e-02  -4.0 4.16e-02    -  1.00e+00 1.00e+00h  1
  54  5.2047113e-03 6.30e-04 5.49e-03  -4.0 3.05e-02    -  1.00e+00 1.00e+00h  1
  55  5.1393556e-03 2.02e-04 4.00e-02  -4.0 2.91e-02    -  1.00e+00 5.99e-01H  1
  56  4.6854225e-03 2.44e-03 7.89e-03  -3.6 6.88e-02    -  9.52e-01 1.00e+00h  1
  57  4.6496060e-03 2.20e-03 1.03e-01  -4.0 3.03e-01    -  6.21e-01 1.74e-02H  1
  58  5.7700781e-03 5.64e-02 7.26e-03  -3.1 2.31e+00    -  7.79e-01 1.19e-01h  3
  59  6.4629264e-03 3.06e-01 5.00e-03  -3.3 8.09e-01    -  3.13e-01 1.00e+00h  1
iter    objective    inf_pr   inf_du lg(mu)  ||d||  lg(rg) alpha_du alpha_pr  ls
  60  5.8170921e-03 2.82e-01 6.33e-03  -3.3 1.49e+00    -  6.58e-01 2.50e-01h  3
  61  5.0484577e-03 1.82e-01 7.71e-03  -3.3 1.43e+00    -  1.00e+00 2.16e-01H  1
  62  7.4125922e-02 7.26e-02 2.50e-02  -3.3 7.40e-01    -  7.02e-01 1.00e+00H  1
  63  5.6502920e-03 1.15e-01 1.39e-02  -3.3 4.44e-01    -  1.00e+00 1.00e+00h  1
  64  4.7385630e-03 8.58e-02 9.46e-03  -3.3 6.31e-01    -  1.00e+00 5.00e-01h  2
  65  4.8120582e-03 2.45e-02 7.92e-03  -3.3 2.72e-01    -  1.00e+00 1.00e+00h  1
  66  8.1948218e-03 3.36e-03 1.15e-02  -3.3 2.88e-01    -  1.00e+00 1.00e+00h  1
  67  4.2448243e-03 7.58e-02 2.45e-02  -3.3 3.64e-01    -  1.00e+00 1.00e+00h  1
  68  4.4082435e-03 3.18e-02 4.51e-03  -4.0 1.98e-01    -  9.91e-01 1.00e+00h  1
  69  4.1440155e-03 5.77e-02 3.57e-03  -3.6 9.76e-01    -  1.00e+00 2.50e-01h  3
iter    objective    inf_pr   inf_du lg(mu)  ||d||  lg(rg) alpha_du alpha_pr  ls
  70  3.3931199e-03 2.97e-02 2.10e-03  -4.0 2.21e-01    -  1.00e+00 1.00e+00h  1
  71  3.5880306e-02 2.92e-03 1.53e-02  -3.2 1.21e-01    -  1.00e+00 9.11e-01H  1
  72  3.9780264e-03 3.91e-02 5.61e-02  -3.3 2.49e-01    -  1.00e+00 1.00e+00h  1
  73  3.5677327e-03 2.18e-02 3.85e-03  -3.3 1.68e-01    -  1.00e+00 1.00e+00h  1
  74  5.7896902e-03 1.21e-03 5.22e-03  -4.0 1.07e-01    -  1.00e+00 1.00e+00h  1
  75  3.2107795e-03 7.54e-03 1.50e-02  -4.1 1.12e-01    -  1.00e+00 1.00e+00h  1
  76  3.1384794e-03 4.90e-03 8.78e-04  -4.0 8.48e-02    -  1.00e+00 1.00e+00h  1
  77  1.8306205e-02 5.39e-04 1.23e-02  -4.0 1.00e-01    -  1.00e+00 8.87e-01H  1
  78  3.1035104e-03 2.56e-03 1.28e-02  -4.1 8.16e-02    -  1.00e+00 1.00e+00h  1
  79  3.0433153e-03 2.56e-03 6.17e-04  -4.0 6.23e-02    -  1.00e+00 1.00e+00h  1
iter    objective    inf_pr   inf_du lg(mu)  ||d||  lg(rg) alpha_du alpha_pr  ls
  80  3.9780493e-03 1.66e-04 4.63e-03  -4.0 4.45e-02    -  1.00e+00 9.52e-01H  1
  81  3.0358108e-03 4.11e-03 3.90e-02  -4.0 8.43e-02    -  1.00e+00 1.00e+00h  1
  82  3.2456161e-03 1.67e-03 2.05e-03  -4.0 4.95e-02    -  1.00e+00 1.00e+00h  1
  83  2.9535576e-03 2.63e-04 1.68e-03  -4.0 2.27e-02    -  1.00e+00 1.00e+00h  1
  84  3.0521219e-03 2.07e-04 1.13e-02  -4.0 1.73e-02    -  1.00e+00 1.00e+00h  1
  85  2.8905880e-03 2.39e-04 5.35e-03  -4.0 1.93e-02    -  1.00e+00 1.00e+00h  1
  86  2.9042277e-03 1.34e-04 1.19e-02  -4.0 1.50e-02    -  1.00e+00 1.00e+00h  1
  87  2.8775361e-03 9.85e-05 4.56e-03  -4.0 1.29e-02    -  1.00e+00 1.00e+00h  1
  88  2.8724873e-03 1.18e-05 3.68e-03  -4.0 4.25e-03    -  1.00e+00 1.00e+00h  1
  89  2.8596153e-03 5.86e-06 8.84e-03  -4.0 3.26e-03    -  1.00e+00 1.00e+00h  1
iter    objective    inf_pr   inf_du lg(mu)  ||d||  lg(rg) alpha_du alpha_pr  ls
  90  2.8517054e-03 1.64e-05 3.44e-01  -4.0 2.47e-02    -  1.00e+00 2.50e-01h  3
  91  2.7925417e-03 1.45e-05 2.13e-02  -4.0 5.65e-03    -  1.00e+00 1.00e+00h  1
  92  2.8348459e-03 7.38e-05 6.49e-01  -3.7 5.30e-02    -  9.76e-01 2.50e-01h  3
  93  2.8104419e-03 1.33e-04 5.41e-02  -3.8 1.53e-02    -  1.00e+00 1.00e+00h  1
  94  3.7466162e-03 9.02e-06 1.55e-01  -3.8 2.46e-02    -  1.00e+00 1.00e+00H  1
  95  2.6834891e-03 8.64e-05 5.57e-02  -3.8 1.28e-02    -  1.00e+00 1.00e+00h  1
  96  2.6003549e-03 4.93e-05 7.15e-03  -4.0 7.76e-03    -  1.00e+00 1.00e+00h  1
  97  2.5411523e-03 1.45e-04 4.45e-02  -4.0 1.99e-02    -  1.00e+00 1.00e+00h  1
  98  2.5424908e-03 1.35e-04 4.94e-01  -3.7 1.07e-01    -  1.00e+00 6.25e-02h  5
  99  2.4532644e-03 4.92e-05 3.76e-02  -4.0 1.07e-02    -  1.00e+00 1.00e+00h  1
iter    objective    inf_pr   inf_du lg(mu)  ||d||  lg(rg) alpha_du alpha_pr  ls
 100  2.4323550e-03 1.07e-04 1.55e-01  -4.0 4.95e-02    -  1.00e+00 2.50e-01h  3
 101  2.3640584e-03 2.97e-03 1.77e-01  -4.0 1.55e-01    -  1.00e+00 5.00e-01h  2
 102  2.9804774e-03 2.74e-03 2.09e-01  -4.0 2.78e-01    -  1.00e+00 1.25e-01h  4
 103  2.4365816e-03 4.02e-04 8.77e-02  -4.1 2.74e-02    -  1.00e+00 1.00e+00h  1
 104  2.4921588e-03 2.86e-04 1.53e-01  -4.1 3.40e-02    -  9.74e-01 5.00e-01h  2
 105  2.9536337e-03 1.86e-03 5.29e-02  -4.1 4.20e-02    -  1.00e+00 1.00e+00h  1
 106  2.2080561e-03 6.00e-04 2.13e-02  -4.1 2.06e-02    -  1.00e+00 1.00e+00h  1
 107  2.2140675e-03 2.53e-04 7.95e-03  -4.0 1.82e-02    -  1.00e+00 1.00e+00h  1
 108  2.1771666e-03 3.89e-05 7.45e-03  -4.0 7.71e-03    -  1.00e+00 1.00e+00h  1
 109  2.1761843e-03 1.32e-04 3.04e-02  -4.0 1.36e-02    -  1.00e+00 1.00e+00h  1
iter    objective    inf_pr   inf_du lg(mu)  ||d||  lg(rg) alpha_du alpha_pr  ls
 110  2.1598296e-03 4.44e-05 8.62e-03  -4.0 6.93e-03    -  1.00e+00 1.00e+00h  1
 111  2.1506954e-03 1.02e-06 7.09e-03  -4.0 4.14e-03    -  1.00e+00 1.00e+00H  1
 112  2.1485735e-03 3.66e-05 3.34e-02  -4.0 6.57e-03    -  1.00e+00 1.00e+00h  1
 113  2.1414406e-03 1.58e-05 8.23e-03  -4.0 4.65e-03    -  1.00e+00 1.00e+00h  1
 114  2.1393270e-03 3.39e-06 3.95e-03  -4.0 2.14e-03    -  1.00e+00 1.00e+00h  1
 115  2.1380141e-03 7.36e-08 2.11e-03  -4.0 2.77e-04    -  1.00e+00 1.00e+00h  1
 116  2.1193656e-03 2.50e-05 2.53e-02  -4.0 6.45e-03    -  1.00e+00 1.00e+00h  1
 117  2.0963915e-03 5.36e-05 3.99e-01  -4.0 1.32e-01    -  1.00e+00 6.25e-02h  5
 118  2.0632399e-03 1.18e-04 5.16e-01  -4.0 1.03e-01    -  1.00e+00 1.25e-01h  4
 119  2.0490817e-03 1.40e-04 4.38e-01  -4.0 7.21e-02    -  1.00e+00 1.25e-01h  4
iter    objective    inf_pr   inf_du lg(mu)  ||d||  lg(rg) alpha_du alpha_pr  ls
 120  2.2075769e-03 2.55e-05 1.19e-01  -4.0 1.93e-02    -  1.00e+00 1.00e+00H  1
 121  2.0546879e-03 7.13e-05 3.96e-01  -4.1 1.76e-02    -  1.00e+00 5.00e-01h  2
 122  1.9700325e-03 5.23e-04 9.97e-02  -4.0 3.27e-02    -  1.00e+00 1.00e+00h  1
 123  1.9651436e-03 5.22e-04 4.28e-01  -4.0 1.23e-01    -  1.00e+00 6.25e-02h  5
 124  2.9205979e-03 1.18e-03 2.44e-02  -4.0 4.10e-02    -  1.00e+00 1.00e+00h  1
 125  1.9983889e-03 5.39e-04 1.12e-02  -4.1 3.03e-02    -  1.00e+00 1.00e+00h  1
 126  1.9720162e-03 4.77e-04 1.72e-02  -4.0 4.07e-02    -  1.00e+00 5.00e-01h  2
 127  2.0082427e-03 3.46e-04 4.91e-02  -4.0 4.62e-02    -  1.00e+00 4.57e-01H  1
 128  2.0611345e-03 3.24e-04 9.08e-03  -4.0 1.72e-02    -  1.00e+00 1.00e+00h  1
 129  2.0135331e-03 9.20e-04 1.89e-02  -4.1 3.70e-02    -  1.00e+00 1.00e+00h  1
iter    objective    inf_pr   inf_du lg(mu)  ||d||  lg(rg) alpha_du alpha_pr  ls
 130  1.9006718e-03 4.59e-04 3.45e-03  -4.0 1.95e-02    -  1.00e+00 1.00e+00h  1
 131  1.8879684e-03 1.45e-04 3.70e-02  -4.0 2.48e-02    -  1.00e+00 6.92e-01H  1
 132  1.9821010e-03 3.10e-04 9.45e-03  -4.0 1.95e-02    -  1.00e+00 1.00e+00h  1
 133  1.9086114e-03 3.48e-04 1.55e-02  -4.1 9.03e-02    -  1.00e+00 1.25e-01h  4
 134  1.8991329e-03 2.97e-04 4.49e-02  -4.1 3.92e-02    -  1.00e+00 5.00e-01h  2
 135  1.9024524e-03 2.73e-04 7.52e-03  -4.1 1.54e-02    -  1.00e+00 1.00e+00h  1
 136  2.4003579e-03 8.05e-04 3.99e-02  -4.1 5.29e-02    -  1.00e+00 9.66e-01h  1
 137  1.8478971e-03 2.45e-04 1.20e-02  -4.1 2.39e-02    -  1.00e+00 1.00e+00f  1
 138  1.8442158e-03 1.99e-04 7.00e-03  -4.0 1.31e-02    -  1.00e+00 1.00e+00h  1
 139  1.8583947e-03 3.94e-04 1.83e-02  -4.0 1.98e-02    -  1.00e+00 1.00e+00h  1
iter    objective    inf_pr   inf_du lg(mu)  ||d||  lg(rg) alpha_du alpha_pr  ls
 140  1.8393558e-03 1.81e-04 1.60e-03  -4.0 1.18e-02    -  1.00e+00 1.00e+00h  1
 141  1.8424812e-03 1.80e-05 3.43e-03  -4.0 4.23e-03    -  1.00e+00 1.00e+00h  1
 142  1.8388815e-03 2.91e-05 1.15e-02  -4.0 4.97e-03    -  1.00e+00 1.00e+00h  1
 143  1.8371081e-03 1.23e-05 1.58e-03  -4.0 3.21e-03    -  1.00e+00 1.00e+00h  1
 144  1.8364597e-03 2.61e-07 1.36e-03  -4.0 7.27e-04    -  1.00e+00 1.00e+00h  1
 145  1.8352364e-03 4.18e-07 3.12e-03  -4.0 6.41e-04    -  1.00e+00 1.00e+00h  1
 146  1.8296030e-03 3.36e-06 1.05e-02  -4.0 2.73e-03    -  1.00e+00 1.00e+00h  1
 147  1.8246041e-03 4.62e-06 2.36e-02  -4.0 4.65e-03    -  1.00e+00 1.00e+00h  1
 148  1.8739007e-03 9.35e-07 7.44e-02  -4.0 1.16e-02    -  1.00e+00 1.00e+00H  1
 149  1.8203815e-03 6.44e-05 7.25e-02  -4.1 1.06e-02    -  1.00e+00 1.00e+00h  1
iter    objective    inf_pr   inf_du lg(mu)  ||d||  lg(rg) alpha_du alpha_pr  ls
 150  1.7736631e-03 2.04e-05 1.38e-02  -4.0 5.98e-03    -  1.00e+00 1.00e+00h  1
 151  1.7777153e-03 2.99e-05 8.23e-03  -4.0 6.22e-03    -  1.00e+00 1.00e+00h  1
 152  1.9079378e-03 8.37e-05 6.20e-01  -4.1 1.83e-02    -  1.00e+00 4.90e-01H  1
 153  1.7656253e-03 1.68e-05 2.63e-02  -4.1 5.14e-03    -  1.00e+00 1.00e+00f  1
 154  1.7596462e-03 3.33e-05 8.58e-03  -4.0 6.42e-03    -  1.00e+00 1.00e+00h  1
 155  1.7537138e-03 4.95e-06 5.20e-03  -4.0 3.24e-03    -  1.00e+00 1.00e+00h  1
 156  1.7522412e-03 1.04e-05 2.67e-02  -4.0 7.30e-03    -  1.00e+00 5.00e-01h  2
 157  1.7475066e-03 4.11e-06 8.83e-03  -4.0 3.23e-03    -  1.00e+00 1.00e+00h  1
 158  1.7462242e-03 3.15e-06 7.74e-03  -4.0 1.73e-03    -  1.00e+00 1.00e+00h  1
 159  1.7410248e-03 9.75e-07 1.08e-02  -4.0 1.52e-03    -  1.00e+00 1.00e+00h  1
iter    objective    inf_pr   inf_du lg(mu)  ||d||  lg(rg) alpha_du alpha_pr  ls
 160  1.7374645e-03 2.29e-06 9.69e-03  -4.0 2.79e-03    -  1.00e+00 1.00e+00h  1
 161  1.7227775e-03 3.21e-05 5.59e-02  -4.0 2.05e-02    -  1.00e+00 5.00e-01h  2
 162  1.7251415e-03 2.70e-04 4.19e-01  -4.0 1.35e-01    -  1.00e+00 2.50e-01h  3
 163  1.7130884e-03 3.70e-04 6.55e-01  -4.1 4.59e-01    -  1.00e+00 6.25e-02h  5
 164  1.7173159e-03 3.62e-04 3.83e-01  -4.0 6.10e-01    -  1.00e+00 3.12e-02h  6
 165  1.8244364e-03 4.50e-04 2.45e-01  -4.1 2.37e-02    -  1.00e+00 1.00e+00h  1
 166  1.7091545e-03 6.01e-04 3.26e-01  -4.1 6.71e-02    -  1.00e+00 5.00e-01h  2
 167  1.6613091e-03 8.06e-04 3.68e-01  -3.6 3.40e-01    -  1.00e+00 6.25e-02h  5
 168  1.6386300e-03 6.98e-04 2.79e-01  -4.0 5.38e-02    -  1.00e+00 8.80e-02H  1
 169  1.5957259e-03 1.42e-04 7.20e-03  -4.0 1.54e-02    -  1.00e+00 1.00e+00h  1
iter    objective    inf_pr   inf_du lg(mu)  ||d||  lg(rg) alpha_du alpha_pr  ls
 170  1.7462457e-03 8.87e-05 1.45e-01  -4.0 4.20e-02    -  1.00e+00 2.50e-01h  3
 171  1.5795450e-03 5.09e-05 8.47e-03  -4.1 9.57e-03    -  1.00e+00 1.00e+00h  1
 172  1.6150798e-03 4.68e-05 2.25e-02  -4.0 9.18e-03    -  1.00e+00 1.00e+00h  1
 173  1.5712106e-03 2.25e-05 1.69e-03  -4.0 6.55e-03    -  1.00e+00 1.00e+00h  1
 174  1.5720926e-03 1.12e-06 3.88e-03  -4.0 1.36e-03    -  1.00e+00 1.00e+00h  1
 175  1.5675700e-03 8.25e-07 3.73e-03  -4.0 1.03e-03    -  1.00e+00 1.00e+00h  1
 176  1.5659792e-03 4.42e-07 3.64e-03  -4.0 1.02e-03    -  1.00e+00 1.00e+00h  1
 177  1.5593038e-03 2.30e-06 9.44e-03  -4.0 2.00e-03    -  1.00e+00 1.00e+00h  1
 178  1.5519668e-03 1.58e-04 7.96e-02  -4.0 6.85e-02    -  1.00e+00 2.50e-01h  3
 179  1.5616524e-03 1.22e-04 7.73e-02  -4.0 1.25e-02    -  1.00e+00 1.00e+00h  1
iter    objective    inf_pr   inf_du lg(mu)  ||d||  lg(rg) alpha_du alpha_pr  ls
 180  1.7186165e-03 9.60e-05 3.42e+00  -4.1 2.57e-02    -  1.00e+00 1.82e-01H  1
 181  1.5230675e-03 4.45e-05 4.13e-01  -4.1 1.29e-02    -  9.23e-01 1.00e+00f  1
 182  1.6324079e-03 1.48e-04 6.13e+00  -4.0 2.66e-01    -  1.00e+00 6.25e-02h  5
 183  1.5689597e-03 3.66e-04 2.11e-03  -4.1 2.37e-02    -  1.00e+00 1.00e+00h  1
 184  1.5469681e-03 3.45e-04 2.94e-01  -4.1 7.47e-02    -  1.00e+00 1.25e-01h  4
 185  1.5835013e-03 3.07e-04 8.35e-03  -4.1 2.23e-02    -  1.00e+00 1.00e+00h  1
 186  1.5653436e-03 2.48e-04 1.30e-02  -4.1 3.39e-02    -  1.00e+00 2.50e-01h  3
 187  1.5329403e-03 3.07e-04 1.62e-02  -4.1 2.10e-02    -  1.00e+00 1.00e+00h  1
 188  1.5126607e-03 1.35e-04 3.29e-03  -4.1 1.16e-02    -  1.00e+00 1.00e+00h  1
 189  1.5256834e-03 4.68e-06 2.09e-02  -4.0 1.31e-02    -  1.00e+00 1.00e+00H  1
iter    objective    inf_pr   inf_du lg(mu)  ||d||  lg(rg) alpha_du alpha_pr  ls
 190  1.5513958e-03 3.47e-04 4.25e-02  -4.0 4.08e-02    -  1.00e+00 5.00e-01h  2
 191  1.5053676e-03 9.69e-05 9.43e-03  -4.1 1.19e-02    -  1.00e+00 1.00e+00h  1
 192  1.6354251e-03 1.18e-04 7.15e-03  -4.0 1.26e-02    -  1.00e+00 1.00e+00h  1
 193  1.5075033e-03 2.08e-05 4.19e-03  -4.1 5.51e-03    -  1.00e+00 1.00e+00h  1
 194  1.5049261e-03 1.06e-05 1.34e-02  -4.0 3.81e-03    -  1.00e+00 1.00e+00h  1
 195  1.5039653e-03 8.31e-06 3.33e-03  -4.0 3.45e-03    -  1.00e+00 1.00e+00h  1
 196  1.5039224e-03 8.33e-09 2.67e-03  -4.0 8.58e-04    -  1.00e+00 1.00e+00H  1
 197  1.5032327e-03 1.24e-06 5.62e-03  -4.0 1.32e-03    -  1.00e+00 1.00e+00h  1
 198  1.5029688e-03 5.49e-07 1.31e-03  -4.0 8.59e-04    -  1.00e+00 1.00e+00h  1
 199  1.5027784e-03 1.08e-08 6.49e-04  -4.0 1.31e-04    -  1.00e+00 1.00e+00h  1
iter    objective    inf_pr   inf_du lg(mu)  ||d||  lg(rg) alpha_du alpha_pr  ls
 200  1.5041363e-03 7.12e-10 1.63e-02  -4.0 4.18e-03    -  1.00e+00 1.00e+00H  1
 201  1.4977634e-03 3.25e-06 6.76e-02  -4.0 1.19e-02    -  1.00e+00 2.50e-01h  3
 202  1.4928245e-03 9.06e-06 1.00e-01  -4.0 3.51e-02    -  1.00e+00 1.25e-01h  4
 203  1.5070938e-03 1.11e-05 1.65e-01  -4.0 7.74e-03    -  1.00e+00 5.00e-01h  2
 204  1.4944840e-03 4.88e-06 1.28e-02  -4.1 2.89e-03    -  1.00e+00 1.00e+00h  1
 205  1.4945904e-03 1.01e-05 4.54e-02  -4.0 6.75e-03    -  1.00e+00 5.00e-01h  2
 206  1.4837424e-03 3.02e-07 1.02e-02  -4.0 4.97e-03    -  1.00e+00 1.00e+00H  1
 207  1.4870575e-03 1.32e-05 1.44e-01  -4.0 1.67e-02    -  1.00e+00 2.50e-01h  3
 208  1.4816261e-03 5.88e-06 1.44e-02  -4.1 2.80e-03    -  1.00e+00 1.00e+00h  1
 209  1.4890312e-03 3.76e-06 2.86e-02  -4.0 4.66e-03    -  1.00e+00 1.00e+00H  1
iter    objective    inf_pr   inf_du lg(mu)  ||d||  lg(rg) alpha_du alpha_pr  ls
 210  1.4747087e-03 3.30e-06 6.97e-03  -4.1 2.38e-03    -  1.00e+00 1.00e+00h  1
 211  1.4763450e-03 3.08e-06 1.86e-03  -4.0 2.13e-03    -  1.00e+00 1.00e+00h  1
 212  1.4755853e-03 7.56e-08 9.76e-04  -4.0 4.12e-04    -  1.00e+00 1.00e+00h  1
 213  1.4719519e-03 6.47e-06 2.15e-02  -4.0 8.47e-03    -  1.00e+00 5.00e-01h  2
 214  1.4619301e-03 5.52e-05 7.08e-02  -4.0 1.29e-02    -  1.00e+00 1.00e+00h  1
 215  1.4569940e-03 6.05e-05 5.35e-01  -4.0 2.62e-01    -  1.00e+00 1.56e-02h  7
 216  2.2782754e-03 5.53e-05 2.05e-01  -4.1 3.05e-02    -  1.00e+00 1.00e+00H  1
 217  1.6139524e-03 3.24e-05 1.70e-01  -4.1 1.26e-02    -  1.00e+00 5.00e-01h  2
 218  1.4573846e-03 3.79e-05 1.87e-02  -4.1 1.10e-02    -  1.00e+00 1.00e+00h  1
 219  1.5389205e-03 3.65e-05 2.15e-01  -4.0 2.12e-02    -  1.00e+00 2.50e-01h  3
iter    objective    inf_pr   inf_du lg(mu)  ||d||  lg(rg) alpha_du alpha_pr  ls
 220  1.4395448e-03 1.20e-05 8.02e-03  -4.1 3.74e-03    -  1.00e+00 1.00e+00h  1
 221  1.4406589e-03 1.06e-05 1.25e-02  -4.0 3.89e-03    -  1.00e+00 1.00e+00h  1
 222  1.4392816e-03 1.55e-06 5.12e-03  -4.0 1.55e-03    -  1.00e+00 1.00e+00h  1
 223  1.4394429e-03 7.32e-07 5.03e-03  -4.0 8.78e-04    -  1.00e+00 1.00e+00h  1
 224  1.4383227e-03 4.60e-07 1.60e-03  -4.0 8.12e-04    -  1.00e+00 1.00e+00h  1
 225  1.4379551e-03 2.22e-08 5.15e-04  -4.0 1.76e-04    -  1.00e+00 1.00e+00h  1
 226  1.4345912e-03 2.86e-06 6.74e-03  -4.0 1.74e-03    -  1.00e+00 1.00e+00h  1
 227  1.4521597e-03 9.67e-07 3.38e-02  -4.0 7.40e-03    -  1.00e+00 1.00e+00H  1
 228  1.4461017e-03 2.56e-05 9.15e-02  -4.1 1.23e-02    -  1.00e+00 5.00e-01h  2
 229  1.4303910e-03 6.85e-05 1.75e-02  -4.1 9.13e-03    -  1.00e+00 1.00e+00h  1
iter    objective    inf_pr   inf_du lg(mu)  ||d||  lg(rg) alpha_du alpha_pr  ls
 230  1.7644476e-03 7.34e-05 1.16e+00  -4.0 1.86e-02    -  1.00e+00 3.79e-01H  1
 231  1.4347720e-03 7.37e-05 4.15e-02  -4.1 9.82e-03    -  1.00e+00 1.00e+00h  1
 232  1.4237520e-03 3.28e-05 1.17e-02  -4.1 8.27e-03    -  1.00e+00 1.00e+00h  1
 233  1.4298670e-03 3.96e-05 1.79e-02  -4.0 1.63e-02    -  1.00e+00 5.00e-01h  2
 234  1.4343771e-03 3.46e-05 1.58e-02  -4.1 1.61e-02    -  1.00e+00 2.50e-01h  3
 235  1.4202496e-03 1.26e-05 5.84e-03  -4.1 6.65e-03    -  1.00e+00 1.00e+00h  1
 236  1.4237689e-03 1.24e-05 1.46e-02  -4.0 4.26e-03    -  1.00e+00 1.00e+00h  1
 237  1.4867602e-03 1.20e-05 4.80e-01  -4.1 1.19e-02    -  1.00e+00 6.22e-01H  1
 238  1.4592095e-03 3.30e-05 3.16e-01  -4.1 1.29e-02    -  1.00e+00 5.00e-01f  2
 239  1.4201832e-03 9.58e-06 1.27e-02  -4.1 8.08e-03    -  1.00e+00 1.00e+00H  1
iter    objective    inf_pr   inf_du lg(mu)  ||d||  lg(rg) alpha_du alpha_pr  ls
 240  1.4428590e-03 3.49e-05 2.30e-01  -4.0 1.53e-02    -  1.00e+00 5.00e-01h  2
 241  1.4270527e-03 6.78e-06 1.01e-02  -4.1 4.14e-03    -  1.00e+00 1.00e+00h  1
 242  1.5219671e-03 1.23e-05 1.50e-01  -4.0 9.00e-03    -  1.00e+00 8.58e-01H  1
 243  1.4193253e-03 8.61e-06 2.10e-02  -4.1 4.44e-03    -  1.00e+00 1.00e+00h  1
 244  1.4211513e-03 2.20e-05 1.15e-02  -4.0 7.27e-03    -  1.00e+00 1.00e+00h  1
 245  1.4179569e-03 4.43e-05 1.89e-02  -4.1 7.17e-03    -  1.00e+00 1.00e+00h  1
 246  1.4216773e-03 3.06e-05 1.45e-02  -4.0 6.16e-03    -  1.00e+00 1.00e+00h  1
 247  1.4156283e-03 8.60e-07 1.23e-02  -4.1 5.50e-03    -  1.00e+00 1.00e+00H  1
 248  1.4237772e-03 9.40e-06 1.69e-02  -4.0 4.21e-03    -  1.00e+00 1.00e+00h  1
 249  1.4124351e-03 7.38e-06 3.14e-03  -4.1 4.29e-03    -  1.00e+00 1.00e+00h  1
iter    objective    inf_pr   inf_du lg(mu)  ||d||  lg(rg) alpha_du alpha_pr  ls
 250  1.4192850e-03 2.49e-06 5.04e-03  -4.0 2.34e-03    -  1.00e+00 1.00e+00h  1
 251  1.4127529e-03 1.88e-06 2.69e-03  -4.1 2.08e-03    -  1.00e+00 1.00e+00h  1
 252  1.4113125e-03 3.34e-06 1.13e-02  -4.0 2.36e-03    -  1.00e+00 1.00e+00h  1
 253  1.4120981e-03 1.70e-06 4.87e-04  -4.0 1.64e-03    -  1.00e+00 1.00e+00h  1
 254  1.4120630e-03 8.96e-09 3.10e-04  -4.0 1.17e-04    -  1.00e+00 1.00e+00h  1
 255  1.4115905e-03 1.98e-07 1.20e-03  -4.0 5.12e-04    -  1.00e+00 1.00e+00h  1
 256  1.4159892e-03 3.88e-07 5.21e-02  -4.0 6.09e-03    -  1.00e+00 1.00e+00H  1
 257  1.4385080e-03 1.95e-05 1.57e-02  -4.1 5.07e-03    -  1.00e+00 1.00e+00h  1
 258  1.4844081e-03 1.33e-05 9.48e-03  -4.1 4.58e-03    -  1.00e+00 1.00e+00h  1
 259  1.4087773e-03 4.88e-06 8.07e-03  -4.1 2.95e-03    -  1.00e+00 1.00e+00h  1
iter    objective    inf_pr   inf_du lg(mu)  ||d||  lg(rg) alpha_du alpha_pr  ls
 260  1.4083613e-03 1.66e-06 4.88e-03  -4.0 1.31e-03    -  1.00e+00 1.00e+00h  1
 261  1.4070283e-03 1.04e-07 8.34e-03  -4.0 2.07e-03    -  1.00e+00 1.00e+00H  1
 262  1.4076481e-03 1.94e-05 2.69e-02  -4.0 4.82e-03    -  1.00e+00 1.00e+00h  1
 263  1.4127675e-03 2.23e-05 2.57e-01  -4.1 1.43e-02    -  1.00e+00 5.00e-01h  2
 264  1.5002996e-03 3.22e-05 3.00e-02  -4.1 1.07e-02    -  1.00e+00 1.00e+00H  1
 265  1.4090915e-03 1.29e-05 2.16e-02  -4.1 5.30e-03    -  1.00e+00 1.00e+00h  1
 266  1.4159752e-03 9.38e-05 2.43e-02  -4.1 1.15e-02    -  1.00e+00 1.00e+00h  1
 267  1.4114199e-03 7.23e-05 8.95e-02  -4.1 1.78e-02    -  1.00e+00 2.50e-01h  3
 268  1.4292798e-03 9.53e-06 5.76e-02  -4.1 2.08e-02    -  1.00e+00 1.00e+00H  1
 269  1.4348283e-03 1.47e-05 4.31e-01  -4.1 6.30e-02    -  1.00e+00 6.25e-02h  5
iter    objective    inf_pr   inf_du lg(mu)  ||d||  lg(rg) alpha_du alpha_pr  ls
 270  1.4131737e-03 1.19e-05 3.49e-02  -4.1 1.05e-02    -  1.00e+00 2.50e-01h  3
 271  1.3974870e-03 7.83e-05 1.97e-01  -4.1 4.01e-02    -  1.00e+00 2.50e-01h  3
 272  1.4229008e-03 7.71e-05 5.69e-01  -4.0 4.86e-02    -  1.00e+00 6.25e-02h  5
 273  1.4100927e-03 3.96e-06 1.08e-02  -4.1 2.52e-03    -  1.00e+00 1.00e+00h  1
 274  1.3959831e-03 2.23e-05 1.19e-02  -4.1 5.30e-03    -  1.00e+00 1.00e+00h  1
 275  1.3995053e-03 9.03e-06 1.85e-02  -4.0 5.27e-03    -  1.00e+00 1.00e+00h  1
 276  1.4083597e-03 2.53e-05 9.43e-02  -4.0 1.36e-02    -  1.00e+00 5.00e-01h  2
 277  1.3916124e-03 3.93e-05 2.97e-01  -4.1 1.91e-02    -  1.00e+00 2.50e-01h  3
 278  1.5613988e-03 6.36e-05 1.86e-02  -4.0 9.87e-03    -  1.00e+00 1.00e+00h  1
 279  1.3909248e-03 1.94e-05 6.18e-03  -4.1 7.47e-03    -  1.00e+00 1.00e+00h  1
iter    objective    inf_pr   inf_du lg(mu)  ||d||  lg(rg) alpha_du alpha_pr  ls
 280  1.4419542e-03 1.35e-05 6.93e-01  -4.0 1.05e-02    -  1.00e+00 4.76e-01H  1
 281  1.4203018e-03 5.09e-06 2.16e-02  -4.1 5.97e-03    -  1.00e+00 1.00e+00h  1
 282  1.3903200e-03 2.31e-05 4.59e-03  -4.1 4.56e-03    -  1.00e+00 1.00e+00h  1
 283  1.3904234e-03 5.47e-06 6.50e-03  -4.0 2.52e-03    -  1.00e+00 1.00e+00h  1
 284  1.3910771e-03 2.38e-06 8.83e-03  -4.0 1.49e-03    -  1.00e+00 1.00e+00h  1
 285  1.3893789e-03 7.47e-07 4.66e-03  -4.0 1.52e-03    -  1.00e+00 1.00e+00h  1
 286  1.3911932e-03 1.40e-05 1.64e-02  -4.0 3.51e-03    -  1.00e+00 1.00e+00h  1
 287  1.3904284e-03 6.10e-06 4.01e-03  -4.1 2.73e-03    -  1.00e+00 1.00e+00h  1
 288  1.3894023e-03 7.36e-06 7.15e-02  -4.1 5.83e-03    -  1.00e+00 2.50e-01h  3
 289  1.3907911e-03 5.27e-06 8.99e-03  -4.1 2.89e-03    -  1.00e+00 1.00e+00h  1
iter    objective    inf_pr   inf_du lg(mu)  ||d||  lg(rg) alpha_du alpha_pr  ls
 290  1.3875009e-03 5.40e-06 3.60e-03  -4.0 3.26e-03    -  1.00e+00 1.00e+00h  1
 291  1.3880457e-03 5.83e-07 3.12e-03  -4.0 6.72e-04    -  1.00e+00 1.00e+00h  1
 292  1.3875933e-03 1.74e-07 3.55e-04  -4.0 4.19e-04    -  1.00e+00 1.00e+00h  1
 293  1.3875264e-03 1.02e-09 1.77e-04  -4.0 5.59e-05    -  1.00e+00 1.00e+00h  1
 294  1.3872004e-03 5.50e-07 5.24e-03  -4.0 1.26e-03    -  1.00e+00 1.00e+00h  1
 295  1.4249343e-03 1.65e-07 9.33e-02  -4.0 1.65e-02    -  1.00e+00 1.00e+00H  1
 296  1.4020330e-03 2.47e-05 1.26e-01  -4.1 1.54e-02    -  1.00e+00 5.00e-01h  2
 297  1.3835504e-03 2.30e-05 1.90e-02  -4.1 7.42e-03    -  1.00e+00 1.00e+00h  1
 298  1.4198755e-03 6.14e-05 1.29e-01  -4.0 2.40e-02    -  1.00e+00 5.00e-01h  2
 299  1.4417636e-03 3.49e-05 1.76e-02  -4.1 5.97e-03    -  1.00e+00 1.00e+00h  1
iter    objective    inf_pr   inf_du lg(mu)  ||d||  lg(rg) alpha_du alpha_pr  ls
 300  1.3788773e-03 1.65e-05 2.03e-02  -4.1 6.73e-03    -  1.00e+00 1.00e+00h  1
 301  1.3919319e-03 7.39e-05 3.17e-02  -4.0 9.67e-03    -  1.00e+00 1.00e+00h  1
 302  1.3775723e-03 3.11e-05 5.02e-03  -4.1 6.31e-03    -  1.00e+00 1.00e+00h  1
 303  1.3750389e-03 9.22e-06 5.66e-03  -4.0 3.46e-03    -  1.00e+00 1.00e+00h  1
 304  1.3760099e-03 2.12e-06 2.11e-03  -4.0 1.73e-03    -  1.00e+00 1.00e+00h  1
 305  1.3756851e-03 9.21e-08 5.54e-04  -4.0 3.74e-04    -  1.00e+00 1.00e+00h  1
 306  1.3754150e-03 3.65e-08 9.31e-04  -4.0 2.88e-04    -  1.00e+00 1.00e+00h  1
 307  1.3774942e-03 3.97e-06 1.28e-02  -4.0 3.40e-03    -  1.00e+00 1.00e+00h  1
 308  1.3814378e-03 5.07e-06 1.19e-02  -4.1 2.02e-03    -  1.00e+00 1.00e+00h  1
 309  1.3741412e-03 3.64e-06 1.24e-03  -4.1 2.44e-03    -  1.00e+00 1.00e+00h  1
iter    objective    inf_pr   inf_du lg(mu)  ||d||  lg(rg) alpha_du alpha_pr  ls
 310  1.3999814e-03 2.43e-06 1.19e-02  -4.0 3.11e-03    -  1.00e+00 1.00e+00H  1
 311  1.3746324e-03 4.60e-06 3.55e-03  -4.1 1.72e-03    -  1.00e+00 1.00e+00h  1
 312  1.3734638e-03 7.28e-08 2.64e-03  -4.0 1.47e-03    -  1.00e+00 1.00e+00H  1
 313  1.3718765e-03 8.69e-06 1.66e-02  -4.0 6.82e-03    -  1.00e+00 5.00e-01h  2
 314  1.3721825e-03 5.09e-06 2.62e-03  -4.0 2.44e-03    -  1.00e+00 1.00e+00h  1
 315  1.3725739e-03 5.25e-07 2.59e-03  -4.0 9.11e-04    -  1.00e+00 1.00e+00h  1
 316  1.3722836e-03 1.06e-07 1.56e-03  -4.0 4.23e-04    -  1.00e+00 1.00e+00h  1
 317  1.3710647e-03 2.49e-07 4.69e-03  -4.0 1.30e-03    -  1.00e+00 1.00e+00h  1
 318  1.3616893e-03 8.30e-05 1.03e-01  -4.0 8.86e-02    -  1.00e+00 2.50e-01h  3
 319  1.3532555e-03 2.18e-04 3.28e-01  -4.0 8.43e-01    -  1.00e+00 3.12e-02h  6
iter    objective    inf_pr   inf_du lg(mu)  ||d||  lg(rg) alpha_du alpha_pr  ls
 320  1.3495209e-03 2.23e-04 2.56e-01  -4.0 7.34e-01    -  1.00e+00 7.81e-03h  8
 321  1.3501076e-03 3.37e-04 3.20e-01  -4.0 8.39e-02    -  1.00e+00 5.00e-01h  2
 322  1.3414807e-03 3.50e-04 7.52e-01  -4.1 1.36e+00    -  8.43e-01 7.81e-03h  8
 323  1.3248013e-03 3.37e-04 3.70e-01  -4.0 2.66e-01    -  1.00e+00 2.13e-02H  1
 324  1.3895083e-03 1.71e-04 1.04e-01  -4.0 3.24e-02    -  1.00e+00 1.00e+00h  1
 325  1.3504473e-03 5.51e-04 9.97e-02  -4.1 1.65e-01    -  1.00e+00 2.50e-01h  3
 326  1.3990585e-03 5.27e-04 9.51e-02  -4.1 1.15e-01    -  1.00e+00 6.25e-02h  5
 327  1.3751183e-03 2.50e-04 1.37e-02  -4.1 2.00e-02    -  1.00e+00 1.00e+00h  1
 328  1.3426263e-03 1.86e-04 6.07e-02  -4.1 7.30e-02    -  1.00e+00 2.50e-01h  3
 329  1.3467638e-03 2.13e-04 1.15e-01  -4.0 1.34e-01    -  1.00e+00 8.05e-02h  4
iter    objective    inf_pr   inf_du lg(mu)  ||d||  lg(rg) alpha_du alpha_pr  ls
 330  1.3299474e-03 1.91e-04 4.68e-02  -4.0 5.74e-02    -  1.00e+00 5.00e-01h  2
 331  1.3649241e-03 1.80e-04 8.55e-02  -4.0 1.88e-01    -  1.00e+00 6.25e-02h  5
 332  1.7222023e-03 1.90e-04 4.96e-02  -4.1 4.02e-02    -  1.00e+00 1.00e+00H  1
 333  1.4103830e-03 6.51e-04 4.59e-02  -4.1 6.49e-02    -  1.00e+00 5.00e-01h  2
 334  1.3693532e-03 6.14e-04 6.08e-02  -4.1 2.23e-01    -  1.00e+00 6.25e-02h  5
 335  1.3371309e-03 5.79e-04 1.20e-01  -4.1 6.48e-02    -  1.00e+00 2.50e-01h  3
 336  1.3308715e-03 5.57e-04 1.42e-01  -4.0 1.59e-01    -  1.00e+00 6.25e-02h  5
 337  1.5041519e-03 5.11e-04 3.12e-01  -4.0 4.83e-02    -  1.00e+00 1.70e-01H  1
 338  1.3376298e-03 4.81e-04 1.07e-02  -4.1 2.59e-02    -  1.00e+00 1.00e+00h  1
 339  1.3544680e-03 4.76e-04 5.74e-02  -4.0 4.65e-02    -  1.00e+00 5.00e-01h  2
iter    objective    inf_pr   inf_du lg(mu)  ||d||  lg(rg) alpha_du alpha_pr  ls
 340  1.3255772e-03 1.48e-04 1.60e-02  -4.1 2.80e-02    -  1.00e+00 1.00e+00h  1
 341  1.3622507e-03 5.62e-04 2.73e-02  -4.0 4.46e-02    -  1.00e+00 5.00e-01h  2
 342  1.3558675e-03 5.72e-04 2.75e-02  -4.1 1.43e-01    -  1.00e+00 6.25e-02h  5
 343  1.3642845e-03 3.75e-04 3.96e-02  -4.1 6.56e-02    -  1.00e+00 5.00e-01h  2
 344  1.9619350e-03 2.20e-04 4.23e-02  -4.1 4.46e-02    -  1.00e+00 1.00e+00H  1
 345  1.8463770e-03 2.19e-04 4.53e-02  -4.1 1.73e-01    -  1.00e+00 6.25e-02h  5
 346  1.7513680e-03 2.47e-04 3.02e-02  -4.1 2.04e-01    -  1.00e+00 3.12e-02h  6
 347  1.6905276e-03 2.39e-04 5.85e-02  -4.1 5.59e-01    -  1.00e+00 1.56e-02h  7
 348  1.5834328e-03 2.76e-04 6.73e-02  -4.1 1.24e+00    -  1.00e+00 1.56e-02h  7
 349  1.5156987e-03 2.70e-04 1.48e-01  -4.1 1.81e-01    -  1.00e+00 6.25e-02h  5
iter    objective    inf_pr   inf_du lg(mu)  ||d||  lg(rg) alpha_du alpha_pr  ls
 350  1.4261531e-03 4.94e-04 1.31e-01  -4.1 4.27e+00    -  5.64e-01 8.61e-03h  7
 351  1.4122175e-03 6.16e-04 1.02e-01  -4.1 2.75e-01    -  1.00e+00 1.25e-01h  4
 352  1.4220673e-03 1.02e-03 1.03e-01  -4.1 2.32e-01    -  1.00e+00 1.25e-01h  4
 353  1.4014978e-03 9.97e-04 1.83e-02  -4.1 3.26e-01    -  1.00e+00 2.52e-02h  6
 354  1.3375078e-03 4.35e-04 2.06e-03  -4.1 1.81e-02    -  1.00e+00 1.00e+00h  1
 355  1.4235220e-03 9.18e-05 4.35e-02  -4.1 4.93e-02    -  1.00e+00 7.11e-01H  1
 356  1.3796234e-03 7.54e-05 7.18e-02  -4.1 4.59e-02    -  1.00e+00 2.50e-01f  3
 357  1.3807119e-03 6.87e-05 2.51e-02  -4.1 4.09e-02    -  1.00e+00 2.50e-01h  3
 358  1.3373033e-03 7.68e-05 1.68e-02  -4.1 1.37e-01    -  1.00e+00 6.25e-02h  5
 359  1.3579462e-03 7.79e-05 1.43e-01  -4.1 1.02e-01    -  8.87e-01 2.50e-01h  3
iter    objective    inf_pr   inf_du lg(mu)  ||d||  lg(rg) alpha_du alpha_pr  ls
 360  1.3409472e-03 1.31e-04 1.60e-02  -4.1 1.53e-02    -  1.00e+00 1.00e+00h  1
 361  1.3429789e-03 1.87e-04 2.24e-02  -4.0 6.03e-02    -  1.00e+00 5.00e-01h  2
 362  1.3194082e-03 6.86e-05 5.35e-03  -4.0 1.28e-02    -  1.00e+00 1.00e+00h  1
 363  1.3852157e-03 9.30e-06 2.66e-02  -4.0 2.38e-02    -  1.00e+00 1.00e+00H  1
 364  1.3145145e-03 1.15e-04 1.21e-02  -4.1 1.72e-02    -  1.00e+00 1.00e+00h  1
 365  1.3378253e-03 1.11e-04 2.44e-01  -4.0 1.78e-01    -  1.00e+00 1.25e-01h  4
 366  1.4298735e-03 8.30e-05 1.53e-02  -4.1 8.18e-03    -  1.00e+00 1.00e+00h  1
 367  1.3113246e-03 5.26e-05 5.53e-03  -4.1 2.51e-02    -  1.00e+00 1.00e+00h  1
 368  1.3192232e-03 7.21e-05 1.59e-02  -4.0 2.96e-02    -  1.00e+00 5.00e-01h  2
 369  1.3135506e-03 2.93e-05 6.92e-03  -4.1 1.66e-02    -  1.00e+00 1.00e+00h  1
iter    objective    inf_pr   inf_du lg(mu)  ||d||  lg(rg) alpha_du alpha_pr  ls
 370  1.3128539e-03 4.15e-05 3.94e-02  -4.0 3.00e-02    -  1.00e+00 2.50e-01h  3
 371  1.3135405e-03 2.07e-05 8.28e-03  -4.0 5.53e-03    -  1.00e+00 1.00e+00h  1
 372  1.3070940e-03 5.59e-06 4.51e-03  -4.0 3.08e-03    -  1.00e+00 1.00e+00h  1
 373  1.3059516e-03 1.26e-06 3.81e-03  -4.0 1.58e-03    -  1.00e+00 1.00e+00h  1
 374  1.3061172e-03 3.98e-07 1.65e-03  -4.0 7.64e-04    -  1.00e+00 1.00e+00h  1
 375  1.3060393e-03 1.15e-07 1.13e-03  -4.0 5.72e-04    -  1.00e+00 1.00e+00h  1
 376  1.3059454e-03 1.19e-11 5.75e-04  -4.0 5.76e-04    -  1.00e+00 1.00e+00H  1
 377  1.3061664e-03 2.20e-13 3.68e-03  -4.0 2.87e-03    -  1.00e+00 1.00e+00H  1
 378  1.3053890e-03 5.86e-08 2.46e-03  -4.1 1.30e-03    -  1.00e+00 1.00e+00h  1
 379  1.3054080e-03 8.98e-08 7.43e-04  -4.0 5.98e-04    -  1.00e+00 1.00e+00h  1
iter    objective    inf_pr   inf_du lg(mu)  ||d||  lg(rg) alpha_du alpha_pr  ls
 380  1.3052322e-03 1.32e-11 7.36e-04  -4.0 2.06e-04    -  1.00e+00 1.00e+00H  1
 381  1.3047684e-03 8.79e-07 4.32e-03  -4.0 1.22e-03    -  1.00e+00 1.00e+00h  1
 382  1.3053716e-03 1.12e-06 3.05e-02  -4.0 5.38e-03    -  1.00e+00 2.50e-01h  3
 383  1.3040268e-03 1.58e-07 1.08e-02  -4.1 2.16e-03    -  1.00e+00 1.00e+00H  1
 384  1.3043397e-03 4.65e-06 7.60e-03  -4.0 2.34e-03    -  1.00e+00 1.00e+00h  1
 385  1.3029120e-03 6.86e-07 7.38e-04  -4.1 1.52e-03    -  1.00e+00 1.00e+00h  1
 386  1.3025020e-03 8.74e-09 4.87e-03  -4.0 1.59e-03    -  1.00e+00 1.00e+00H  1
 387  1.3024705e-03 4.41e-06 3.02e-02  -4.0 2.66e-02    -  1.00e+00 1.25e-01h  4
 388  1.3024944e-03 9.03e-06 1.99e-01  -4.1 6.02e-02    -  1.00e+00 6.25e-02h  5
 389  1.3020647e-03 8.44e-06 2.09e-01  -4.1 6.03e-02    -  1.00e+00 6.25e-02h  5
iter    objective    inf_pr   inf_du lg(mu)  ||d||  lg(rg) alpha_du alpha_pr  ls
 390  1.3178862e-03 2.43e-06 3.10e-02  -4.1 1.40e-02    -  1.00e+00 1.00e+00H  1
 391  1.3022528e-03 1.77e-05 2.59e-02  -4.1 2.26e-02    -  1.00e+00 1.00e+00h  1
 392  1.3018350e-03 5.31e-05 3.45e-01  -4.1 4.17e-02    -  1.00e+00 2.50e-01h  3
 393  1.3063175e-03 2.97e-05 2.14e-02  -4.1 2.41e-02    -  1.00e+00 1.00e+00h  1
 394  1.3167133e-03 1.63e-05 6.19e-02  -4.1 1.77e-02    -  1.00e+00 5.00e-01h  2
 395  1.2959620e-03 3.47e-05 5.40e-03  -4.1 1.61e-02    -  1.00e+00 1.00e+00h  1
 396  1.3421748e-03 3.24e-05 1.75e-02  -4.0 2.05e-02    -  1.00e+00 1.00e+00h  1
 397  1.2918828e-03 1.73e-05 3.87e-03  -4.1 1.52e-02    -  1.00e+00 1.00e+00h  1
 398  1.2939803e-03 3.83e-06 6.58e-03  -4.0 5.57e-03    -  1.00e+00 1.00e+00h  1
 399  1.2911168e-03 4.25e-06 8.71e-03  -4.0 2.49e-03    -  1.00e+00 1.00e+00h  1
iter    objective    inf_pr   inf_du lg(mu)  ||d||  lg(rg) alpha_du alpha_pr  ls
 400  1.2910728e-03 1.76e-06 2.15e-03  -4.0 1.46e-03    -  1.00e+00 1.00e+00h  1
 401  1.2909423e-03 1.74e-08 4.53e-04  -4.0 1.34e-04    -  1.00e+00 1.00e+00h  1
 402  1.2908158e-03 1.51e-08 6.32e-04  -4.0 2.42e-04    -  1.00e+00 1.00e+00h  1
 403  1.2905258e-03 3.37e-06 1.00e-02  -4.0 4.61e-03    -  1.00e+00 1.00e+00h  1
 404  1.3036115e-03 1.51e-06 3.87e-02  -4.0 7.24e-03    -  1.00e+00 1.00e+00H  1
 405  1.2907431e-03 1.43e-05 1.24e-02  -4.1 1.24e-02    -  1.00e+00 1.00e+00h  1
 406  1.3367520e-03 5.64e-07 2.76e-02  -4.1 1.08e-02    -  1.00e+00 1.00e+00H  1
 407  1.2959285e-03 1.13e-05 1.13e-02  -4.1 1.11e-02    -  1.00e+00 1.00e+00h  1
 408  1.2942954e-03 2.27e-05 1.50e-01  -4.1 2.35e-02    -  1.00e+00 5.00e-01h  2
 409  1.2996851e-03 1.56e-05 2.68e-02  -4.1 6.67e-03    -  1.00e+00 5.00e-01h  2
iter    objective    inf_pr   inf_du lg(mu)  ||d||  lg(rg) alpha_du alpha_pr  ls
 410  1.2880851e-03 1.57e-05 1.69e-03  -4.1 7.37e-03    -  1.00e+00 1.00e+00h  1
 411  1.3014522e-03 2.97e-05 2.89e-02  -4.0 6.18e-03    -  1.00e+00 1.00e+00h  1
 412  1.2887461e-03 1.19e-05 5.67e-03  -4.1 3.92e-03    -  1.00e+00 1.00e+00h  1
 413  1.2879324e-03 5.33e-06 3.11e-03  -4.0 2.56e-03    -  1.00e+00 1.00e+00h  1
 414  1.2881324e-03 6.84e-07 6.38e-04  -4.0 8.87e-04    -  1.00e+00 1.00e+00h  1
 415  1.2880748e-03 9.99e-09 1.64e-04  -4.0 1.05e-04    -  1.00e+00 1.00e+00h  1
 416  1.2880456e-03 7.69e-10 1.99e-04  -4.0 7.48e-05    -  1.00e+00 1.00e+00h  1
 417  1.2875101e-03 2.07e-07 3.18e-03  -4.0 8.89e-04    -  1.00e+00 1.00e+00h  1
 418  1.2875620e-03 3.88e-07 4.53e-03  -4.0 1.34e-03    -  1.00e+00 1.00e+00h  1
 419  1.2922925e-03 3.07e-09 5.63e-03  -4.1 1.44e-03    -  1.00e+00 1.00e+00H  1
iter    objective    inf_pr   inf_du lg(mu)  ||d||  lg(rg) alpha_du alpha_pr  ls
 420  1.2873342e-03 5.21e-07 1.28e-03  -4.1 1.18e-03    -  1.00e+00 1.00e+00h  1
 421  1.2873778e-03 1.36e-08 1.24e-03  -4.0 2.19e-04    -  1.00e+00 1.00e+00h  1
 422  1.2870359e-03 7.76e-08 1.81e-03  -4.0 4.51e-04    -  1.00e+00 1.00e+00h  1
 423  1.2871335e-03 9.76e-07 4.88e-03  -4.0 1.40e-03    -  1.00e+00 1.00e+00h  1
 424  1.2896502e-03 4.94e-07 4.41e-02  -4.1 1.19e-02    -  1.00e+00 1.00e+00H  1
 425  1.2896753e-03 5.15e-07 2.56e-01  -4.1 2.50e-02    -  1.00e+00 3.12e-02h  6
 426  1.2855210e-03 1.05e-05 2.26e-02  -4.1 3.41e-03    -  1.00e+00 1.00e+00h  1
 427  1.2865983e-03 3.25e-05 1.19e-02  -4.0 2.59e-02    -  1.00e+00 2.50e-01h  3
 428  1.4016041e-03 4.67e-05 1.97e-01  -4.1 4.89e-02    -  1.00e+00 7.81e-01H  1
 429  1.4074313e-03 1.41e-05 3.46e-02  -4.1 3.59e-02    -  1.00e+00 1.00e+00F  1
iter    objective    inf_pr   inf_du lg(mu)  ||d||  lg(rg) alpha_du alpha_pr  ls
 430  1.3331958e-03 1.41e-05 1.17e+00  -4.1 7.02e-02    -  9.58e-01 1.25e-01h  4
 431  1.3322119e-03 3.02e-05 3.34e-01  -4.1 1.17e-01    -  1.00e+00 1.24e-03H  1
 432  1.2800492e-03 4.21e-06 3.64e-02  -4.1 4.81e-03    -  1.00e+00 1.00e+00f  1
 433  1.3445719e-03 2.40e-04 3.93e-01  -4.0 3.90e-02    -  1.00e+00 5.00e-01h  2
 434  1.3309760e-03 2.31e-04 2.73e-01  -4.1 5.95e-02    -  1.00e+00 1.25e-01h  4
 435  1.3109347e-03 4.33e-04 4.24e-02  -4.1 9.38e-02    -  1.00e+00 2.50e-01h  3
 436  1.3084570e-03 4.45e-04 5.44e-01  -4.1 1.24e-01    -  9.05e-01 6.25e-02h  5
 437  1.3709813e-03 8.89e-04 8.34e-02  -4.1 6.44e-02    -  1.00e+00 5.00e-01h  2
 438  1.2718279e-03 2.58e-04 1.60e-02  -4.1 1.86e-02    -  1.00e+00 1.00e+00h  1
 439  1.2850176e-03 1.13e-04 3.98e-03  -4.0 1.60e-02    -  1.00e+00 1.00e+00h  1
iter    objective    inf_pr   inf_du lg(mu)  ||d||  lg(rg) alpha_du alpha_pr  ls
 440  1.3517818e-03 8.15e-05 1.02e+01  -4.1 6.42e-02    -  1.00e+00 2.73e-02H  1
 441  1.2839243e-03 7.24e-05 1.27e-02  -4.1 9.24e-03    -  1.00e+00 1.00e+00h  1
 442  1.3936866e-03 2.88e-04 2.43e-02  -4.1 2.49e-02    -  1.00e+00 1.00e+00H  1
 443  1.3654303e-03 1.65e-04 1.48e-02  -4.1 2.27e-02    -  1.00e+00 5.00e-01h  2
 444  1.3032212e-03 1.38e-04 1.71e-01  -4.1 2.76e-02    -  9.90e-01 2.50e-01h  3
 445  1.3123454e-03 1.89e-04 1.28e-02  -4.1 4.33e-02    -  1.00e+00 2.50e-01h  3
 446  1.2717853e-03 5.60e-05 3.77e-03  -4.1 8.94e-03    -  1.00e+00 1.00e+00h  1
 447  1.2793205e-03 2.93e-04 4.48e-02  -4.0 2.02e-02    -  1.00e+00 1.00e+00h  1
 448  1.2706142e-03 1.07e-04 1.01e-02  -4.0 1.07e-02    -  1.00e+00 1.00e+00h  1
 449  1.9428031e-03 3.18e-04 1.02e-02  -4.0 2.03e-02    -  1.00e+00 1.00e+00h  1
iter    objective    inf_pr   inf_du lg(mu)  ||d||  lg(rg) alpha_du alpha_pr  ls
 450  1.2675519e-03 2.23e-04 1.66e-03  -4.1 1.68e-02    -  1.00e+00 1.00e+00h  1
 451  1.2691719e-03 6.42e-06 6.19e-04  -4.0 3.03e-03    -  1.00e+00 1.00e+00h  1
 452  1.2698714e-03 3.26e-06 7.75e-03  -4.0 1.72e-03    -  1.00e+00 1.00e+00h  1
 453  1.2690327e-03 1.95e-06 7.08e-04  -4.0 1.37e-03    -  1.00e+00 1.00e+00h  1
 454  1.2689233e-03 1.07e-08 4.99e-04  -4.0 2.87e-04    -  1.00e+00 1.00e+00h  1
 455  1.2689737e-03 3.38e-07 2.96e-03  -4.0 1.98e-03    -  1.00e+00 1.00e+00h  1
 456  1.2685397e-03 7.09e-08 2.16e-03  -4.1 4.54e-04    -  1.00e+00 1.00e+00h  1
 457  1.2679743e-03 3.71e-07 2.56e-03  -4.0 7.32e-04    -  1.00e+00 1.00e+00h  1
 458  1.2681448e-03 1.36e-07 5.98e-04  -4.0 4.10e-04    -  1.00e+00 1.00e+00h  1
 459  1.2681096e-03 1.25e-08 2.71e-04  -4.0 1.73e-04    -  1.00e+00 1.00e+00h  1
iter    objective    inf_pr   inf_du lg(mu)  ||d||  lg(rg) alpha_du alpha_pr  ls
 460  1.2701409e-03 6.23e-10 7.25e-03  -4.0 6.72e-03    -  1.00e+00 1.00e+00H  1
 461  1.2697119e-03 4.59e-07 1.08e-02  -4.0 5.68e-03    -  1.00e+00 5.00e-01h  2
 462  1.2672059e-03 2.40e-06 4.33e-03  -4.1 1.05e-02    -  1.00e+00 1.00e+00h  1
 463  1.2714306e-03 7.14e-07 4.58e-03  -4.0 1.03e-03    -  1.00e+00 1.00e+00h  1
 464  1.2665713e-03 2.93e-07 1.72e-03  -4.1 1.86e-03    -  1.00e+00 1.00e+00h  1
 465  1.2663169e-03 1.20e-09 3.16e-03  -4.0 7.07e-04    -  1.00e+00 1.00e+00H  1
 466  1.2659016e-03 6.51e-06 1.68e-02  -4.0 2.63e-02    -  1.00e+00 1.25e-01h  4
 467  1.2689122e-03 1.46e-05 4.98e-02  -4.0 9.96e-03    -  1.00e+00 5.00e-01h  2
 468  1.2693775e-03 2.58e-05 2.29e-01  -4.1 3.60e-02    -  1.00e+00 1.25e-01h  4
 469  1.4144602e-03 2.57e-06 3.58e-02  -4.1 9.11e-03    -  1.00e+00 1.00e+00H  1
iter    objective    inf_pr   inf_du lg(mu)  ||d||  lg(rg) alpha_du alpha_pr  ls
 470  1.2642247e-03 5.91e-05 3.66e-03  -4.1 8.16e-03    -  1.00e+00 1.00e+00h  1
 471  1.2642444e-03 6.28e-06 1.48e-02  -4.0 2.68e-03    -  1.00e+00 1.00e+00h  1
 472  1.2642391e-03 4.11e-06 1.07e-03  -4.0 2.21e-03    -  1.00e+00 1.00e+00h  1
 473  1.2641881e-03 6.29e-08 1.36e-03  -4.0 3.34e-04    -  1.00e+00 1.00e+00h  1
 474  1.2642585e-03 2.43e-09 4.78e-03  -4.0 1.08e-03    -  1.00e+00 1.00e+00H  1
 475  1.2655075e-03 9.08e-11 2.11e-02  -4.0 4.07e-03    -  1.00e+00 1.00e+00H  1
 476  1.2666504e-03 3.12e-06 4.36e-02  -4.0 4.99e-03    -  1.00e+00 5.00e-01h  2
 477  1.2646234e-03 3.30e-05 9.44e-03  -4.1 6.46e-03    -  1.00e+00 1.00e+00h  1
 478  1.2651163e-03 3.21e-05 1.42e-01  -4.1 2.65e-02    -  1.00e+00 6.25e-02h  5
 479  1.2625887e-03 9.13e-06 3.41e-03  -4.1 3.37e-03    -  1.00e+00 1.00e+00h  1
iter    objective    inf_pr   inf_du lg(mu)  ||d||  lg(rg) alpha_du alpha_pr  ls
 480  1.2623910e-03 9.19e-06 1.87e-01  -4.0 2.13e-02    -  1.00e+00 3.12e-02h  6
 481  1.2628454e-03 1.47e-06 5.01e-03  -4.1 1.25e-03    -  1.00e+00 1.00e+00h  1
 482  1.2622512e-03 1.72e-06 8.70e-03  -4.0 1.36e-03    -  1.00e+00 1.00e+00h  1
 483  1.2623987e-03 4.42e-06 6.20e-03  -4.0 2.23e-03    -  1.00e+00 1.00e+00h  1
 484  1.2634072e-03 1.31e-06 3.64e-03  -4.1 1.41e-03    -  1.00e+00 1.00e+00h  1
 485  1.2620638e-03 1.12e-06 1.83e-03  -4.0 9.92e-04    -  1.00e+00 1.00e+00h  1
 486  1.2618798e-03 8.94e-08 8.71e-04  -4.0 2.99e-04    -  1.00e+00 1.00e+00h  1
 487  1.2618118e-03 3.86e-10 1.71e-03  -4.0 3.32e-04    -  1.00e+00 1.00e+00H  1
 488  1.2618241e-03 1.38e-10 1.74e-03  -4.0 3.55e-04    -  1.00e+00 1.00e+00H  1
 489  1.2613683e-03 2.02e-07 2.51e-03  -4.1 6.13e-04    -  1.00e+00 1.00e+00h  1
iter    objective    inf_pr   inf_du lg(mu)  ||d||  lg(rg) alpha_du alpha_pr  ls
 490  1.2647054e-03 2.36e-08 8.33e-03  -4.0 1.91e-03    -  1.00e+00 1.00e+00H  1
 491  1.2609686e-03 1.11e-06 2.88e-03  -4.1 1.16e-03    -  1.00e+00 1.00e+00h  1
 492  1.2654412e-03 9.77e-06 1.29e-02  -4.0 2.79e-03    -  1.00e+00 1.00e+00h  1
 493  1.2606968e-03 4.11e-06 2.44e-03  -4.1 1.78e-03    -  1.00e+00 1.00e+00h  1
 494  1.2603796e-03 6.65e-07 2.03e-03  -4.0 7.28e-04    -  1.00e+00 1.00e+00h  1
 495  1.2602864e-03 8.25e-10 2.78e-03  -4.0 5.95e-04    -  1.00e+00 1.00e+00H  1
 496  1.2603094e-03 4.89e-07 2.49e-03  -4.0 8.01e-04    -  1.00e+00 1.00e+00h  1
 497  1.2602015e-03 1.84e-07 1.62e-03  -4.1 5.13e-04    -  1.00e+00 1.00e+00h  1
 498  1.2599432e-03 1.12e-07 1.06e-03  -4.0 4.07e-04    -  1.00e+00 1.00e+00h  1
 499  1.2597182e-03 2.93e-11 9.28e-04  -4.0 3.75e-04    -  1.00e+00 1.00e+00H  1
iter    objective    inf_pr   inf_du lg(mu)  ||d||  lg(rg) alpha_du alpha_pr  ls
 500  1.2586061e-03 2.48e-06 1.10e-02  -4.0 2.86e-03    -  1.00e+00 1.00e+00h  1
 501  1.2577524e-03 6.59e-06 1.10e-01  -4.0 2.10e-01    -  1.00e+00 1.56e-02h  7
 502  1.2579019e-03 1.27e-05 2.73e-01  -4.1 1.37e-01    -  1.00e+00 3.12e-02h  6
 503  1.2575871e-03 1.30e-05 2.70e-01  -4.1 9.63e-02    -  1.00e+00 1.56e-02h  7
 504  1.2523293e-03 1.69e-05 1.07e-01  -4.1 3.90e-02    -  1.00e+00 2.50e-01h  3
 505  1.2547154e-03 6.12e-05 7.02e-01  -4.0 2.41e-01    -  1.00e+00 6.25e-02h  5
 506  1.2548403e-03 6.82e-05 2.80e-01  -4.1 2.25e-01    -  1.00e+00 1.56e-02h  7
 507  1.2534314e-03 3.76e-05 1.85e-01  -4.1 4.09e-02    -  1.00e+00 2.50e-01h  3
 508  1.2494821e-03 1.36e-04 2.11e-01  -4.1 3.86e-01    -  1.00e+00 3.12e-02h  6
 509  1.2586353e-03 3.13e-04 1.76e-01  -4.0 6.07e-02    -  1.00e+00 5.00e-01h  2
iter    objective    inf_pr   inf_du lg(mu)  ||d||  lg(rg) alpha_du alpha_pr  ls
 510  1.2522039e-03 3.32e-04 6.62e-01  -4.1 1.06e+00    -  8.15e-01 7.81e-03h  8
 511  1.2549116e-03 3.02e-04 2.05e-01  -4.1 2.91e-01    -  1.00e+00 6.25e-02h  5
 512  1.2296531e-03 3.11e-04 2.65e-01  -4.1 6.67e-02    -  1.00e+00 2.50e-01h  3
 513  1.2269049e-03 3.55e-04 3.63e-01  -4.0 1.93e-01    -  1.00e+00 6.25e-02h  5
 514  1.9540878e-03 3.58e-04 3.82e-02  -4.1 2.58e-02    -  1.00e+00 1.00e+00h  1
 515  1.2391021e-03 5.06e-04 1.72e-02  -4.1 3.63e-02    -  1.00e+00 1.00e+00h  1
 516  1.2576275e-03 3.26e-04 2.32e-02  -4.1 5.90e-02    -  1.00e+00 2.50e-01h  3
 517  1.3016583e-03 2.84e-04 1.99e-02  -4.1 2.18e-02    -  1.00e+00 1.00e+00h  1
 518  1.2643399e-03 2.60e-04 1.76e-01  -4.1 1.57e-01    -  1.00e+00 1.16e-01h  4
 519  1.2415623e-03 1.85e-04 3.16e-02  -4.1 9.57e-02    -  1.00e+00 2.50e-01h  3
iter    objective    inf_pr   inf_du lg(mu)  ||d||  lg(rg) alpha_du alpha_pr  ls
 520  1.2865400e-03 4.33e-04 1.13e-02  -4.0 6.02e-02    -  1.00e+00 1.00e+00h  1
 521  1.2559383e-03 3.39e-04 8.25e-03  -4.1 2.79e-02    -  1.00e+00 5.00e-01h  2
 522  1.2359988e-03 3.13e-04 5.27e-02  -4.1 7.33e-02    -  1.00e+00 2.50e-01h  3
 523  1.2492844e-03 4.34e-04 1.26e-02  -4.0 1.54e-01    -  1.00e+00 2.50e-01h  3
 524  1.2460391e-03 4.07e-04 4.79e-02  -4.1 5.38e-02    -  1.00e+00 1.25e-01h  4
 525  1.1879185e-03 1.78e-04 6.68e-03  -4.1 3.23e-02    -  1.00e+00 1.00e+00h  1
 526  1.2292063e-03 3.39e-04 1.17e-02  -4.0 2.93e-02    -  1.00e+00 1.00e+00h  1
 527  1.1935164e-03 7.72e-05 5.59e-03  -4.1 3.56e-02    -  1.00e+00 1.00e+00H  1
 528  1.4848545e-03 4.47e-05 3.85e-02  -4.0 2.72e-02    -  1.00e+00 9.10e-01H  1
 529  1.2002527e-03 5.97e-05 1.06e-02  -4.1 3.59e-02    -  1.00e+00 1.00e+00h  1
iter    objective    inf_pr   inf_du lg(mu)  ||d||  lg(rg) alpha_du alpha_pr  ls
 530  1.2015984e-03 5.20e-05 4.48e-03  -4.1 6.67e-03    -  1.00e+00 1.00e+00h  1
 531  1.1892552e-03 3.08e-05 6.93e-03  -4.0 8.63e-03    -  1.00e+00 1.00e+00h  1
 532  1.1877993e-03 1.27e-05 4.59e-03  -4.0 3.36e-03    -  1.00e+00 1.00e+00h  1
 533  1.1879707e-03 2.18e-06 1.78e-03  -4.0 1.42e-03    -  1.00e+00 1.00e+00h  1
 534  1.1877968e-03 1.09e-07 3.30e-04  -4.0 3.02e-04    -  1.00e+00 1.00e+00h  1
 535  1.1877886e-03 1.65e-09 2.18e-04  -4.0 1.23e-04    -  1.00e+00 1.00e+00h  1
 536  1.1895481e-03 5.98e-10 2.74e-03  -4.0 2.28e-03    -  1.00e+00 1.00e+00H  1
 537  1.1877712e-03 2.56e-07 1.68e-03  -4.0 7.66e-04    -  1.00e+00 1.00e+00h  1
 538  1.1876391e-03 8.52e-08 7.62e-04  -4.0 4.42e-04    -  1.00e+00 1.00e+00h  1
 539  1.1876078e-03 3.11e-08 8.18e-04  -4.0 2.15e-04    -  1.00e+00 1.00e+00h  1
iter    objective    inf_pr   inf_du lg(mu)  ||d||  lg(rg) alpha_du alpha_pr  ls
 540  1.1875387e-03 1.54e-08 4.52e-04  -4.0 1.11e-04    -  1.00e+00 1.00e+00h  1
 541  1.1874619e-03 3.26e-08 7.63e-04  -4.0 2.37e-04    -  1.00e+00 1.00e+00h  1
 542  1.2037329e-03 7.83e-09 6.73e-02  -4.0 1.06e-02    -  1.00e+00 1.00e+00H  1
 543  1.1863279e-03 3.91e-05 2.21e-02  -4.1 8.31e-03    -  1.00e+00 1.00e+00h  1
 544  1.1952265e-03 3.91e-05 2.22e-01  -4.0 2.54e-02    -  1.00e+00 1.25e-01h  4
 545  1.2457997e-03 2.99e-05 2.23e-02  -4.1 6.94e-03    -  1.00e+00 1.00e+00h  1
 546  1.1900686e-03 3.45e-05 2.69e-03  -4.1 5.49e-03    -  1.00e+00 1.00e+00h  1
 547  1.2852934e-03 5.08e-06 2.28e-02  -4.1 6.57e-03    -  1.00e+00 1.00e+00H  1
 548  1.1884588e-03 1.39e-05 1.25e-02  -4.1 4.35e-03    -  1.00e+00 1.00e+00h  1
 549  1.1898522e-03 2.63e-05 1.40e-02  -4.1 6.36e-03    -  1.00e+00 1.00e+00h  1
iter    objective    inf_pr   inf_du lg(mu)  ||d||  lg(rg) alpha_du alpha_pr  ls
 550  1.1861645e-03 1.55e-05 3.83e-03  -4.1 4.82e-03    -  1.00e+00 1.00e+00h  1
 551  1.1856849e-03 2.00e-06 2.93e-03  -4.0 1.59e-03    -  1.00e+00 1.00e+00h  1
 552  1.1858456e-03 3.76e-07 5.92e-04  -4.0 6.52e-04    -  1.00e+00 1.00e+00h  1
 553  1.1858187e-03 7.21e-09 6.86e-05  -4.0 8.97e-05    -  1.00e+00 1.00e+00h  1
 554  1.1858110e-03 1.79e-09 1.30e-04  -4.0 4.88e-05    -  1.00e+00 1.00e+00h  1
 555  1.1858238e-03 7.52e-08 8.75e-04  -4.0 2.92e-04    -  1.00e+00 1.00e+00h  1
 556  1.1871055e-03 2.03e-08 6.78e-03  -4.1 1.24e-03    -  1.00e+00 1.00e+00H  1
 557  1.1858710e-03 8.51e-07 2.46e-03  -4.1 9.79e-04    -  1.00e+00 1.00e+00h  1
 558  1.1897187e-03 8.05e-09 4.04e-03  -4.1 1.27e-03    -  1.00e+00 1.00e+00H  1
 559  1.1855648e-03 8.39e-07 4.69e-04  -4.1 1.13e-03    -  1.00e+00 1.00e+00h  1
iter    objective    inf_pr   inf_du lg(mu)  ||d||  lg(rg) alpha_du alpha_pr  ls
 560  1.1856357e-03 9.35e-08 1.84e-03  -4.0 3.49e-04    -  1.00e+00 1.00e+00h  1
 561  1.1856004e-03 6.53e-08 9.01e-04  -4.0 2.26e-04    -  1.00e+00 1.00e+00h  1
 562  1.1855504e-03 1.30e-08 5.24e-04  -4.0 1.36e-04    -  1.00e+00 1.00e+00h  1
 563  1.1855325e-03 4.33e-10 1.01e-04  -4.0 2.91e-05    -  1.00e+00 1.00e+00h  1
 564  1.1853776e-03 1.74e-07 2.36e-03  -4.0 4.95e-04    -  1.00e+00 1.00e+00h  1
 565  1.1859843e-03 5.42e-08 2.06e-02  -4.0 3.68e-03    -  1.00e+00 1.00e+00H  1
 566  1.1855904e-03 1.51e-07 1.37e-01  -4.1 1.61e-02    -  1.00e+00 3.12e-02h  6
 567  1.1845833e-03 3.64e-06 6.05e-03  -4.1 2.27e-03    -  1.00e+00 1.00e+00h  1
 568  1.1860444e-03 4.24e-06 6.65e-02  -4.0 1.43e-02    -  1.00e+00 1.25e-01h  4
 569  1.1843919e-03 2.03e-06 2.90e-03  -4.1 1.97e-03    -  1.00e+00 1.00e+00h  1
iter    objective    inf_pr   inf_du lg(mu)  ||d||  lg(rg) alpha_du alpha_pr  ls
 570  1.1905878e-03 1.75e-05 4.00e-02  -4.0 9.57e-03    -  1.00e+00 5.00e-01h  2
 571  1.1853881e-03 7.02e-06 5.45e-03  -4.1 3.81e-03    -  1.00e+00 1.00e+00h  1
 572  1.1917067e-03 1.05e-05 1.15e-02  -4.1 3.25e-03    -  1.00e+00 1.00e+00h  1
 573  1.1837147e-03 4.31e-06 7.36e-04  -4.1 2.18e-03    -  1.00e+00 1.00e+00h  1
 574  1.1838095e-03 3.33e-08 3.64e-04  -4.0 2.02e-04    -  1.00e+00 1.00e+00h  1
 575  1.1837672e-03 1.75e-09 2.56e-04  -4.0 1.40e-04    -  1.00e+00 1.00e+00h  1
 576  1.1832501e-03 5.50e-07 5.27e-03  -4.0 2.37e-03    -  1.00e+00 1.00e+00h  1
 577  1.1843013e-03 7.51e-08 6.18e-03  -4.0 1.03e-03    -  1.00e+00 1.00e+00H  1
 578  1.1833344e-03 4.45e-07 2.94e-03  -4.1 1.09e-03    -  1.00e+00 1.00e+00h  1
 579  1.1829851e-03 1.67e-07 1.58e-03  -4.0 1.03e-03    -  1.00e+00 1.00e+00h  1
iter    objective    inf_pr   inf_du lg(mu)  ||d||  lg(rg) alpha_du alpha_pr  ls
 580  1.1895945e-03 7.01e-09 1.93e-02  -4.0 4.03e-03    -  1.00e+00 1.00e+00H  1
 581  1.1838442e-03 5.99e-06 2.04e-02  -4.1 3.71e-03    -  1.00e+00 1.00e+00h  1
 582  1.1887947e-03 7.76e-06 1.78e-01  -4.1 1.31e-02    -  1.00e+00 2.50e-01h  3
 583  1.1861020e-03 1.02e-06 1.77e-02  -4.1 1.07e-02    -  1.00e+00 1.00e+00H  1
 584  1.1818696e-03 2.81e-05 6.10e-02  -4.1 2.26e-02    -  1.00e+00 5.00e-01h  2
 585  1.1942767e-03 2.51e-05 7.43e-02  -4.0 1.38e-02    -  1.00e+00 2.50e-01h  3
 586  1.1791340e-03 1.40e-05 8.76e-03  -4.1 3.97e-03    -  1.00e+00 1.00e+00h  1
 587  1.1851326e-03 2.33e-05 1.37e-02  -4.0 8.89e-03    -  1.00e+00 1.00e+00h  1
 588  1.1789846e-03 7.69e-06 1.32e-03  -4.1 6.34e-03    -  1.00e+00 1.00e+00h  1
 589  1.2018655e-03 3.96e-06 1.14e-02  -4.0 5.08e-03    -  1.00e+00 1.00e+00h  1
iter    objective    inf_pr   inf_du lg(mu)  ||d||  lg(rg) alpha_du alpha_pr  ls
 590  1.1786942e-03 3.32e-06 3.35e-03  -4.1 5.37e-03    -  1.00e+00 1.00e+00h  1
 591  1.1930264e-03 1.44e-05 1.62e-02  -4.0 3.58e-03    -  1.00e+00 1.00e+00h  1
 592  1.1785607e-03 5.93e-06 3.63e-03  -4.1 2.24e-03    -  1.00e+00 1.00e+00h  1
 593  1.1791216e-03 3.76e-06 9.03e-03  -4.0 2.07e-03    -  1.00e+00 1.00e+00h  1
 594  1.1782526e-03 1.52e-06 3.93e-04  -4.0 1.35e-03    -  1.00e+00 1.00e+00h  1
 595  1.1782330e-03 1.16e-09 7.78e-05  -4.0 4.20e-05    -  1.00e+00 1.00e+00h  1
 596  1.1781406e-03 3.96e-08 1.09e-03  -4.0 2.46e-04    -  1.00e+00 1.00e+00h  1
 597  1.1782913e-03 1.39e-06 5.32e-03  -4.0 1.32e-03    -  1.00e+00 1.00e+00h  1
 598  1.1798699e-03 2.28e-07 3.42e-03  -4.1 7.68e-04    -  1.00e+00 1.00e+00h  1
 599  1.1778979e-03 2.31e-07 1.01e-03  -4.1 5.96e-04    -  1.00e+00 1.00e+00h  1
iter    objective    inf_pr   inf_du lg(mu)  ||d||  lg(rg) alpha_du alpha_pr  ls
 600  1.1778778e-03 1.71e-08 5.79e-04  -4.0 1.63e-04    -  1.00e+00 1.00e+00h  1
 601  1.1780209e-03 2.26e-06 7.33e-03  -4.0 1.79e-03    -  1.00e+00 1.00e+00h  1
 602  1.1948394e-03 1.60e-06 4.48e-02  -4.1 1.03e-02    -  1.00e+00 1.00e+00H  1
 603  1.1945166e-03 1.60e-06 4.58e-02  -4.1 5.36e-02    -  1.00e+00 3.91e-03h  9
 604  1.1920556e-03 1.59e-06 1.16e-01  -4.1 5.24e-02    -  1.00e+00 1.56e-02h  7
 605  1.1892167e-03 1.61e-06 1.45e-01  -4.1 2.44e-02    -  1.00e+00 3.12e-02h  6
 606  1.1925253e-03 5.13e-05 1.75e-02  -4.1 7.81e-03    -  1.00e+00 1.00e+00h  1
 607  1.1943456e-03 2.73e-05 3.44e-03  -4.1 5.67e-03    -  1.00e+00 1.00e+00h  1
 608  1.1789041e-03 1.18e-05 1.11e-02  -4.1 3.51e-03    -  1.00e+00 1.00e+00h  1
 609  1.1790236e-03 6.26e-06 1.32e-02  -4.1 4.09e-03    -  1.00e+00 1.00e+00H  1
iter    objective    inf_pr   inf_du lg(mu)  ||d||  lg(rg) alpha_du alpha_pr  ls
 610  1.1887514e-03 6.13e-07 1.08e-02  -4.1 2.79e-03    -  1.00e+00 1.00e+00H  1
 611  1.1887750e-03 1.74e-08 1.04e-02  -4.1 4.47e-03    -  1.00e+00 1.00e+00H  1
 612  1.1756053e-03 4.41e-06 9.29e-03  -4.1 2.02e-03    -  1.00e+00 1.00e+00h  1
 613  1.1763980e-03 1.67e-05 1.61e-02  -4.0 5.21e-03    -  1.00e+00 1.00e+00h  1
 614  1.1743746e-03 5.19e-06 4.45e-03  -4.1 2.76e-03    -  1.00e+00 1.00e+00h  1
 615  1.1734312e-03 6.49e-09 3.03e-03  -4.0 1.00e-03    -  1.00e+00 1.00e+00H  1
 616  1.1730275e-03 2.46e-07 1.42e-03  -4.0 5.90e-04    -  1.00e+00 1.00e+00h  1
 617  1.1731138e-03 2.99e-08 7.74e-04  -4.0 2.76e-04    -  1.00e+00 1.00e+00h  1
 618  1.1730344e-03 8.47e-09 5.20e-04  -4.0 1.19e-04    -  1.00e+00 1.00e+00h  1
 619  1.1903189e-03 4.29e-10 1.39e-02  -4.0 3.77e-03    -  1.00e+00 1.00e+00H  1
iter    objective    inf_pr   inf_du lg(mu)  ||d||  lg(rg) alpha_du alpha_pr  ls
 620  1.1735728e-03 6.44e-07 1.29e-02  -4.1 1.09e-03    -  1.00e+00 1.00e+00h  1
 621  1.1713879e-03 6.01e-07 2.47e-03  -4.1 8.63e-04    -  1.00e+00 1.00e+00h  1
 622  1.1715373e-03 2.44e-07 1.46e-03  -4.0 7.31e-04    -  1.00e+00 1.00e+00h  1
 623  1.1726142e-03 3.32e-06 9.37e-03  -4.0 2.09e-03    -  1.00e+00 1.00e+00h  1
 624  1.1725566e-03 3.58e-06 1.49e-02  -4.1 3.01e-03    -  1.00e+00 1.00e+00h  1
 625  1.1752132e-03 9.09e-06 2.95e-01  -4.1 4.42e-02    -  1.00e+00 1.25e-01h  4
 626  1.1756571e-03 8.89e-06 9.34e-03  -4.1 4.55e-03    -  1.00e+00 1.00e+00h  1
 627  1.1762216e-03 1.95e-05 6.30e-02  -4.1 1.86e-02    -  1.00e+00 5.00e-01h  2
 628  1.1777731e-03 1.71e-05 7.44e-02  -4.1 1.93e-02    -  1.00e+00 2.50e-01h  3
 629  1.2133311e-03 2.85e-06 5.55e-02  -4.1 2.16e-02    -  1.00e+00 1.00e+00H  1
iter    objective    inf_pr   inf_du lg(mu)  ||d||  lg(rg) alpha_du alpha_pr  ls
 630  1.2067336e-03 2.23e-06 5.77e-02  -4.1 2.13e-02    -  1.00e+00 6.25e-02h  5
 631  1.1949340e-03 2.39e-06 3.91e-01  -4.1 2.47e-01    -  1.00e+00 1.56e-02h  7
 632  1.1880075e-03 2.91e-06 7.78e-01  -4.1 2.45e-01    -  9.99e-01 1.56e-02h  7
 633  1.1711756e-03 1.93e-04 7.60e-02  -4.1 2.62e-02    -  1.00e+00 1.00e+00h  1
 634  1.1780799e-03 1.68e-04 3.17e-01  -4.1 9.53e-02    -  1.00e+00 1.25e-01h  4
 635  1.1692014e-03 1.06e-04 2.37e-01  -4.1 2.41e-02    -  1.00e+00 5.00e-01h  2
 636  1.2020745e-03 9.47e-05 3.78e-01  -4.1 5.27e-02    -  7.51e-01 2.50e-01h  3
 637  1.4164285e-03 5.18e-07 8.49e-03  -4.1 2.46e-02    -  1.00e+00 1.00e+00H  1
 638  1.4068422e-03 8.80e-07 3.93e-01  -4.1 1.87e-01    -  1.00e+00 7.81e-03h  8
 639  1.3455266e-03 5.04e-04 6.35e-01  -4.1 4.05e+00    -  7.25e-01 1.11e-02h  7
iter    objective    inf_pr   inf_du lg(mu)  ||d||  lg(rg) alpha_du alpha_pr  ls
 640  1.3450737e-03 4.57e-04 2.85e-01  -4.1 7.20e-01    -  1.00e+00 1.56e-02h  7
 641  1.2793227e-03 5.22e-04 7.56e-02  -4.1 5.76e-02    -  1.00e+00 5.00e-01h  2
 642  1.2368024e-03 4.54e-04 7.43e-02  -4.1 4.63e-01    -  1.00e+00 1.25e-01h  4
 643  1.3014121e-03 5.83e-04 2.24e-02  -4.1 2.86e-02    -  1.00e+00 1.00e+00h  1
 644  1.2078142e-03 3.40e-04 9.01e-03  -4.1 4.88e-02    -  1.00e+00 1.00e+00h  1
 645  1.2479589e-03 2.27e-04 1.24e-02  -4.1 3.31e-02    -  1.00e+00 5.00e-01h  2
 646  1.2326678e-03 2.32e-04 7.57e-03  -4.1 1.05e-01    -  1.00e+00 1.25e-01h  4
 647  1.2010818e-03 2.29e-04 1.75e-02  -4.1 5.59e-02    -  1.00e+00 2.50e-01h  3
 648  1.1917520e-03 2.04e-04 9.60e-03  -4.1 3.01e-02    -  1.00e+00 2.50e-01h  3
 649  1.1871689e-03 1.97e-04 9.10e-02  -4.1 9.26e-02    -  8.11e-01 6.25e-02h  5
iter    objective    inf_pr   inf_du lg(mu)  ||d||  lg(rg) alpha_du alpha_pr  ls
 650  1.5811691e-03 5.00e-04 1.10e-02  -4.1 4.89e-02    -  1.00e+00 5.00e-01h  2
 651  1.1776233e-03 2.80e-04 3.18e-04  -4.1 2.02e-02    -  1.00e+00 1.00e+00h  1
 652  1.1771112e-03 2.00e-07 1.77e-04  -6.1 7.82e-04    -  1.00e+00 1.00e+00h  1
 653  1.1763801e-03 1.67e-06 4.02e-02  -6.1 9.81e-03    -  1.00e+00 1.25e-01h  4
 654  1.1740244e-03 4.76e-05 1.09e-02  -6.1 3.33e-02    -  1.00e+00 3.57e-01h  2
 655  1.1722094e-03 5.44e-05 2.81e-02  -6.1 1.59e-01    -  1.00e+00 4.50e-02h  5
 656  1.1718952e-03 5.37e-05 7.25e-03  -6.1 3.40e-02    -  1.00e+00 3.12e-02h  6
 657  1.1659283e-03 3.97e-05 2.20e-03  -6.1 7.11e-03    -  1.00e+00 1.00e+00h  1
 658  1.1660737e-03 3.70e-05 3.17e-02  -5.9 1.35e-02    -  1.00e+00 1.13e-01h  4
 659  1.3283213e-03 3.32e-03 9.86e-02  -4.0 7.68e-02    -  1.00e+00 1.00e+00h  1
iter    objective    inf_pr   inf_du lg(mu)  ||d||  lg(rg) alpha_du alpha_pr  ls
 660  1.6310339e-03 1.87e-03 4.68e-02  -4.1 5.13e-02    -  1.00e+00 1.00e+00h  1
 661  1.3379323e-03 3.49e-04 1.27e-02  -4.1 2.22e-02    -  1.00e+00 1.00e+00h  1
 662  1.3976753e-03 1.87e-03 1.89e-02  -4.1 4.78e-02    -  8.22e-01 1.00e+00h  1
 663  1.4034056e-03 2.12e-03 5.39e-02  -4.1 3.80e-01    -  1.00e+00 6.25e-02h  5
 664  1.3156834e-03 3.42e-03 1.06e-02  -4.1 1.15e-01    -  1.00e+00 5.00e-01h  2
 665  1.2834123e-03 3.23e-03 4.41e-03  -4.1 1.49e-01    -  7.19e-01 1.25e-01h  4
 666  1.2005467e-03 3.46e-04 4.75e-03  -4.1 6.92e-02    -  1.00e+00 6.67e-01H  1
 667  1.2621573e-03 2.14e-03 1.19e-02  -4.1 1.10e-01    -  1.00e+00 5.00e-01f  2
 668  1.1808098e-03 1.08e-03 1.51e-03  -4.1 4.10e-02    -  1.00e+00 1.00e+00h  1
 669  1.3720675e-03 1.22e-03 8.15e-03  -4.1 4.06e-02    -  1.00e+00 1.00e+00h  1
iter    objective    inf_pr   inf_du lg(mu)  ||d||  lg(rg) alpha_du alpha_pr  ls
 670  1.1942408e-03 7.66e-04 1.96e-03  -4.1 3.26e-02    -  1.00e+00 1.00e+00h  1
 671  1.5979304e-03 8.18e-05 6.84e-03  -4.1 4.42e-02    -  1.00e+00 9.08e-01H  1
 672  1.2879185e-03 1.36e-04 3.33e-02  -4.1 3.35e-02    -  1.00e+00 5.00e-01f  2
 673  1.2708047e-03 2.61e-04 3.27e-02  -4.1 2.19e-02    -  1.00e+00 1.00e+00h  1
 674  1.1813815e-03 1.14e-04 5.36e-03  -4.1 2.07e-02    -  1.00e+00 1.00e+00h  1
 675  1.1973349e-03 7.52e-05 1.98e-02  -4.1 1.54e-02    -  1.00e+00 1.00e+00H  1
 676  1.1829203e-03 9.87e-05 1.08e-02  -4.1 1.13e-02    -  1.00e+00 1.00e+00h  1
 677  1.1791492e-03 6.06e-05 7.91e-03  -4.1 7.23e-03    -  1.00e+00 1.00e+00h  1
 678  1.1784752e-03 3.56e-06 2.79e-03  -4.1 3.50e-03    -  1.00e+00 1.00e+00h  1
 679  1.1771819e-03 2.17e-06 4.75e-03  -4.1 1.36e-03    -  1.00e+00 1.00e+00h  1
iter    objective    inf_pr   inf_du lg(mu)  ||d||  lg(rg) alpha_du alpha_pr  ls
 680  1.1766826e-03 1.75e-06 2.41e-03  -4.1 1.54e-03    -  1.00e+00 1.00e+00h  1
 681  1.1766169e-03 3.89e-07 5.19e-04  -4.1 7.14e-04    -  1.00e+00 1.00e+00h  1
 682  1.1764703e-03 1.49e-08 3.06e-04  -6.1 3.97e-04    -  1.00e+00 1.00e+00h  1
 683  1.1757023e-03 4.91e-06 6.63e-03  -6.1 2.28e-02    -  1.00e+00 2.50e-01h  3
 684  1.1738123e-03 8.46e-06 6.36e-04  -6.1 7.35e-03    -  1.00e+00 5.00e-01h  2
 685  1.1716457e-03 7.91e-06 3.14e-02  -6.1 1.73e-02    -  1.00e+00 1.58e-01h  2
 686  1.1741702e-03 5.50e-06 5.26e-03  -6.1 6.40e-03    -  1.00e+00 2.50e-01h  3
 687  1.1712526e-03 8.04e-07 1.62e-04  -6.1 9.67e-04    -  1.00e+00 1.00e+00h  1
 688  1.3383605e-03 4.03e-03 3.94e-01  -4.0 1.81e-01    -  1.00e+00 5.00e-01f  2
 689  1.2481884e-03 1.14e-03 2.71e-02  -4.1 4.55e-02    -  1.00e+00 1.00e+00h  1
iter    objective    inf_pr   inf_du lg(mu)  ||d||  lg(rg) alpha_du alpha_pr  ls
 690  1.2933295e-03 8.27e-04 1.38e-01  -4.1 1.69e-01    -  1.00e+00 2.50e-01h  3
 691  1.5233574e-03 6.12e-04 1.85e-02  -4.1 1.52e-01    -  1.00e+00 4.49e-01H  1
 692  1.7324190e-03 4.31e-04 2.63e-02  -4.1 2.62e-02    -  1.00e+00 5.00e-01f  2
 693  1.1905257e-03 3.74e-04 5.95e-03  -4.1 1.05e-01    -  1.00e+00 1.00e+00h  1
 694  1.3046540e-03 2.26e-04 1.61e-02  -4.1 1.85e-02    -  1.00e+00 1.00e+00h  1
 695  1.1761306e-03 1.15e-04 2.54e-03  -4.1 1.07e-02    -  1.00e+00 1.00e+00h  1
 696  1.1765266e-03 2.78e-05 6.97e-03  -4.1 5.56e-03    -  1.00e+00 1.00e+00h  1
 697  1.1770239e-03 2.63e-05 6.60e-03  -4.1 4.89e-03    -  1.00e+00 1.00e+00h  1
 698  1.1756080e-03 8.15e-06 1.62e-03  -4.1 2.84e-03    -  1.00e+00 1.00e+00h  1
 699  1.1758253e-03 4.77e-07 1.32e-03  -4.1 1.01e-03    -  1.00e+00 1.00e+00h  1
iter    objective    inf_pr   inf_du lg(mu)  ||d||  lg(rg) alpha_du alpha_pr  ls
 700  1.1759442e-03 1.95e-06 5.11e-03  -4.1 1.33e-03    -  1.00e+00 1.00e+00h  1
 701  1.1755779e-03 1.13e-06 1.71e-03  -4.1 9.51e-04    -  1.00e+00 1.00e+00h  1
 702  1.1754446e-03 4.09e-08 8.99e-04  -4.1 4.06e-04    -  1.00e+00 1.00e+00h  1
 703  1.1755347e-03 8.36e-09 5.89e-03  -4.1 2.36e-03    -  1.00e+00 1.00e+00H  1
 704  1.1762286e-03 3.44e-10 2.12e-02  -4.0 3.24e-03    -  1.00e+00 1.00e+00H  1
 705  1.1780966e-03 6.73e-11 7.04e-03  -4.1 2.86e-03    -  1.00e+00 1.00e+00H  1
 706  1.1750489e-03 1.50e-06 3.55e-03  -4.0 1.55e-03    -  1.00e+00 1.00e+00h  1
 707  1.1748942e-03 7.52e-07 5.53e-04  -4.1 1.11e-03    -  1.00e+00 1.00e+00h  1
 708  1.1744441e-03 1.47e-07 3.02e-04  -6.1 1.06e-03    -  1.00e+00 1.00e+00h  1
 709  1.1741749e-03 1.37e-07 1.17e-03  -6.1 5.05e-04    -  1.00e+00 1.00e+00h  1
iter    objective    inf_pr   inf_du lg(mu)  ||d||  lg(rg) alpha_du alpha_pr  ls
 710  1.1728451e-03 9.08e-05 5.48e-03  -6.1 5.20e-02    -  1.00e+00 2.49e-01h  3
 711  1.1722274e-03 4.42e-05 4.62e-03  -6.1 7.43e-03    -  1.00e+00 5.00e-01h  2
 712  1.1721412e-03 4.37e-05 5.11e-03  -6.1 1.34e-02    -  1.00e+00 5.00e-01h  2
 713  1.1701717e-03 3.04e-05 4.77e-03  -6.1 4.48e-03    -  1.00e+00 3.42e-01h  2
 714  1.5252009e-03 1.89e-03 1.50e-01  -4.0 2.85e-01    -  1.00e+00 2.50e-01h  3
 715  1.3677561e-03 8.90e-04 8.08e-03  -4.1 4.88e-02    -  1.00e+00 1.00e+00h  1
 716  1.2725821e-03 2.37e-03 1.57e-03  -4.1 6.93e-02    -  1.00e+00 1.00e+00h  1
 717  1.2439134e-03 1.30e-03 1.63e-02  -4.1 2.43e-02    -  1.00e+00 4.47e-01h  2
 718  1.2452359e-03 1.73e-03 6.16e-03  -4.1 6.31e-02    -  1.00e+00 1.00e+00h  1
 719  1.2647512e-03 1.43e-03 4.84e-03  -4.1 9.33e-02    -  1.00e+00 1.25e-01h  4
iter    objective    inf_pr   inf_du lg(mu)  ||d||  lg(rg) alpha_du alpha_pr  ls
 720  1.2254182e-03 1.19e-03 3.52e-03  -4.1 5.49e-02    -  1.00e+00 5.00e-01h  2
 721  1.1710886e-03 5.97e-04 9.44e-03  -4.1 9.12e-02    -  1.00e+00 2.50e-01h  3
 722  1.2695337e-03 6.83e-04 5.99e-03  -4.1 4.08e-02    -  1.00e+00 1.00e+00h  1
 723  1.3013244e-03 7.60e-04 9.25e-03  -4.1 4.28e-02    -  1.00e+00 1.00e+00H  1
 724  1.2431098e-03 7.21e-04 1.19e-02  -4.1 1.06e-01    -  1.00e+00 5.00e-01h  2
 725  1.2114319e-03 6.97e-04 8.50e-03  -4.1 5.56e-02    -  1.00e+00 5.00e-01h  2
 726  1.1892304e-03 3.90e-04 9.19e-03  -4.1 2.99e-02    -  1.00e+00 5.00e-01h  2
 727  1.6763064e-03 4.34e-04 4.74e-02  -4.1 7.05e-02    -  1.00e+00 5.24e-01H  1
 728  1.2035744e-03 7.32e-04 1.46e-02  -4.1 3.72e-02    -  1.00e+00 1.00e+00F  1
 729  1.1961510e-03 3.32e-04 4.64e-02  -4.1 3.38e-02    -  1.00e+00 5.00e-01h  2
iter    objective    inf_pr   inf_du lg(mu)  ||d||  lg(rg) alpha_du alpha_pr  ls
 730  1.1750727e-03 2.26e-04 3.74e-03  -4.1 1.47e-02    -  1.00e+00 1.00e+00h  1
 731  1.2011248e-03 2.21e-04 1.67e-02  -4.1 2.54e-02    -  1.00e+00 1.00e+00h  1
 732  1.1792363e-03 1.50e-04 2.95e-03  -4.1 1.95e-02    -  1.00e+00 1.00e+00h  1
 733  1.1915267e-03 7.48e-05 1.08e-02  -4.1 1.14e-02    -  1.00e+00 1.00e+00h  1
 734  1.1723933e-03 5.63e-05 3.22e-03  -4.1 9.85e-03    -  1.00e+00 1.00e+00h  1
 735  1.1734805e-03 6.05e-06 3.18e-03  -4.1 3.55e-03    -  1.00e+00 1.00e+00h  1
 736  1.1742641e-03 4.84e-06 5.59e-03  -4.1 2.14e-03    -  1.00e+00 1.00e+00h  1
 737  1.1739387e-03 3.57e-06 5.43e-03  -4.1 2.28e-03    -  1.00e+00 1.00e+00h  1
 738  1.1735541e-03 1.14e-06 7.03e-04  -4.1 1.12e-03    -  1.00e+00 1.00e+00h  1
 739  1.1732736e-03 5.36e-08 7.07e-04  -6.1 3.54e-04    -  1.00e+00 1.00e+00h  1
iter    objective    inf_pr   inf_du lg(mu)  ||d||  lg(rg) alpha_du alpha_pr  ls
 740  1.1727507e-03 4.02e-05 9.46e-03  -6.1 1.89e-02    -  1.00e+00 5.00e-01h  2
 741  1.1706456e-03 3.98e-05 2.87e-02  -6.1 2.09e-02    -  1.00e+00 1.47e-01h  2
 742  1.1726030e-03 2.04e-05 5.66e-04  -6.1 5.92e-03    -  1.00e+00 5.00e-01h  2
 743  1.1686732e-03 3.70e-06 2.32e-04  -6.1 2.53e-03    -  1.00e+00 1.00e+00h  1
 744  1.4417535e-03 5.36e-03 4.49e-01  -4.0 2.30e-01    -  1.00e+00 5.00e-01h  2
 745  1.2199030e-03 2.87e-03 3.60e-02  -4.1 7.63e-02    -  1.00e+00 1.00e+00h  1
 746  2.5589328e-03 6.06e-04 3.83e-03  -4.1 3.12e-02    -  1.00e+00 1.00e+00h  1
 747  1.2038275e-03 2.79e-04 9.01e-03  -4.1 2.08e-02    -  1.00e+00 9.53e-01h  1
 748  1.2045316e-03 2.93e-04 1.13e-02  -4.1 2.54e-02    -  1.00e+00 1.00e+00f  1
 749  2.4315774e-03 2.49e-04 2.49e-02  -4.1 3.08e-02    -  1.00e+00 1.00e+00h  1
iter    objective    inf_pr   inf_du lg(mu)  ||d||  lg(rg) alpha_du alpha_pr  ls
 750  1.1827949e-03 1.10e-04 7.43e-03  -4.1 2.45e-02    -  1.00e+00 1.00e+00h  1
 751  1.1811168e-03 1.38e-05 1.90e-03  -4.1 4.36e-03    -  1.00e+00 1.00e+00h  1
 752  1.1764789e-03 5.73e-05 1.93e-02  -4.1 1.13e-02    -  1.00e+00 1.00e+00h  1
 753  1.1732771e-03 2.58e-05 5.69e-03  -4.1 6.16e-03    -  1.00e+00 1.00e+00h  1
 754  1.1746582e-03 4.68e-06 1.09e-02  -4.1 7.19e-03    -  1.00e+00 1.00e+00H  1
 755  1.1913178e-03 9.78e-06 1.87e-02  -4.1 3.28e-03    -  1.00e+00 1.00e+00H  1
 756  1.1728340e-03 9.94e-06 4.07e-03  -4.1 3.20e-03    -  1.00e+00 1.00e+00h  1
 757  1.1739783e-03 4.02e-06 2.66e-03  -4.1 1.81e-03    -  1.00e+00 1.00e+00h  1
 758  1.1733536e-03 6.58e-07 5.34e-04  -4.1 7.50e-04    -  1.00e+00 1.00e+00h  1
 759  1.1731289e-03 3.35e-08 6.16e-04  -6.1 2.92e-04    -  1.00e+00 1.00e+00h  1
iter    objective    inf_pr   inf_du lg(mu)  ||d||  lg(rg) alpha_du alpha_pr  ls
 760  1.1722948e-03 3.88e-05 3.03e-02  -6.1 1.77e-01    -  1.00e+00 5.54e-02h  4
 761  1.1699601e-03 2.32e-05 9.06e-03  -6.1 1.01e-02    -  1.00e+00 5.00e-01h  2
 762  1.1679671e-03 1.87e-05 9.05e-03  -6.1 1.68e-02    -  1.00e+00 2.50e-01h  3
 763  1.3010513e-03 2.36e-03 3.18e-01  -4.0 1.63e-01    -  1.00e+00 5.00e-01h  2
 764  2.1811980e-03 6.58e-04 2.11e-02  -4.1 4.13e-02    -  1.00e+00 1.00e+00h  1
 765  1.3637884e-03 4.47e-04 6.70e-03  -4.1 3.75e-02    -  1.00e+00 1.00e+00h  1
 766  1.1803219e-03 2.09e-04 4.23e-03  -4.1 1.42e-02    -  1.00e+00 1.00e+00h  1
 767  1.1767295e-03 2.53e-05 3.57e-03  -4.1 7.86e-03    -  1.00e+00 1.00e+00h  1
 768  1.1789301e-03 2.36e-05 2.29e-01  -4.1 7.26e-02    -  1.00e+00 6.25e-02h  5
 769  1.1742200e-03 2.27e-05 1.07e-02  -4.1 5.21e-03    -  1.00e+00 1.00e+00h  1
iter    objective    inf_pr   inf_du lg(mu)  ||d||  lg(rg) alpha_du alpha_pr  ls
 770  1.1785213e-03 2.04e-05 8.41e-03  -4.1 6.42e-03    -  1.00e+00 1.00e+00h  1
 771  1.1745452e-03 1.90e-05 3.99e-03  -4.1 6.63e-03    -  1.00e+00 1.00e+00h  1
 772  1.1734544e-03 1.48e-05 8.48e-02  -4.1 5.58e-03    -  1.00e+00 2.50e-01h  3
 773  1.1730373e-03 1.30e-05 1.36e-01  -4.1 4.47e-03    -  1.00e+00 1.25e-01h  4
 774  1.1730961e-03 7.54e-06 7.41e-03  -4.1 3.23e-03    -  1.00e+00 1.00e+00h  1
 775  1.1723713e-03 3.56e-06 3.20e-03  -4.1 2.26e-03    -  1.00e+00 1.00e+00h  1
 776  1.1722196e-03 5.65e-08 1.50e-03  -4.1 1.47e-03    -  1.00e+00 1.00e+00H  1
 777  1.1735051e-03 1.64e-08 5.67e-03  -4.0 9.66e-04    -  1.00e+00 1.00e+00H  1
 778  1.1719574e-03 6.57e-07 7.69e-04  -4.0 8.42e-04    -  1.00e+00 1.00e+00h  1
 779  1.1720740e-03 8.63e-08 1.27e-03  -4.0 3.47e-04    -  1.00e+00 1.00e+00h  1
iter    objective    inf_pr   inf_du lg(mu)  ||d||  lg(rg) alpha_du alpha_pr  ls
 780  1.1719725e-03 2.92e-08 1.97e-04  -4.0 1.91e-04    -  1.00e+00 1.00e+00h  1
 781  1.1719565e-03 5.02e-10 1.03e-04  -4.0 4.39e-05    -  1.00e+00 1.00e+00h  1
 782  1.1719476e-03 5.21e-11 3.19e-03  -4.0 1.19e-03    -  1.00e+00 1.00e+00H  1
 783  1.1717566e-03 7.32e-07 5.17e-03  -4.1 9.33e-04    -  1.00e+00 1.00e+00h  1
 784  1.1715984e-03 3.53e-07 4.43e-03  -4.1 1.80e-03    -  1.00e+00 5.00e-01h  2
 785  1.1715502e-03 2.52e-07 4.21e-04  -4.1 5.72e-04    -  1.00e+00 1.00e+00h  1
 786  1.1716388e-03 2.35e-08 6.34e-04  -4.0 2.42e-04    -  1.00e+00 1.00e+00h  1
 787  1.1718263e-03 6.42e-09 5.64e-03  -4.0 1.31e-03    -  1.00e+00 1.00e+00H  1
 788  1.1777328e-03 9.22e-10 1.77e-02  -4.0 2.69e-03    -  1.00e+00 1.00e+00H  1
 789  1.1791559e-03 4.08e-10 1.74e-02  -4.1 2.54e-03    -  1.00e+00 1.00e+00H  1
iter    objective    inf_pr   inf_du lg(mu)  ||d||  lg(rg) alpha_du alpha_pr  ls
 790  1.1719194e-03 1.37e-05 5.74e-03  -4.1 4.36e-03    -  1.00e+00 1.00e+00h  1
 791  1.1731270e-03 1.64e-05 2.16e-01  -4.1 1.96e-02    -  1.00e+00 1.25e-01h  4
 792  1.1727838e-03 1.06e-05 3.80e-02  -4.1 7.08e-03    -  1.00e+00 5.00e-01h  2
 793  1.1728724e-03 1.30e-05 5.78e-02  -4.1 1.95e-02    -  1.00e+00 2.50e-01h  3
 794  1.1717650e-03 1.27e-05 1.10e-01  -4.1 1.17e-02    -  1.00e+00 6.25e-02h  5
 795  1.1804203e-03 1.07e-05 1.23e-02  -4.1 2.20e-02    -  1.00e+00 1.00e+00h  1
 796  1.1844038e-03 6.94e-06 1.14e-02  -4.1 8.21e-03    -  1.00e+00 1.00e+00h  1
 797  1.1765250e-03 8.03e-06 3.62e-02  -4.1 3.35e-02    -  1.00e+00 5.00e-01h  2
 798  1.1719889e-03 3.96e-06 5.54e-02  -4.1 1.15e-03    -  1.00e+00 5.00e-01h  2
 799  1.1692253e-03 9.38e-07 1.48e-03  -4.1 8.49e-03    -  1.00e+00 1.00e+00h  1
iter    objective    inf_pr   inf_du lg(mu)  ||d||  lg(rg) alpha_du alpha_pr  ls
 800  1.1794172e-03 7.01e-07 3.09e-02  -4.0 1.39e-02    -  1.00e+00 1.00e+00H  1
 801  1.1767384e-03 1.39e-05 1.02e-02  -4.1 2.09e-02    -  1.00e+00 1.00e+00h  1
 802  1.1868290e-03 3.33e-05 7.37e-03  -4.1 1.27e-02    -  1.00e+00 1.00e+00h  1
 803  1.1694722e-03 3.07e-05 8.19e-03  -4.1 1.78e-02    -  1.00e+00 1.00e+00h  1
 804  1.1852476e-03 2.78e-05 1.54e-02  -4.1 1.03e-02    -  1.00e+00 1.00e+00h  1
 805  1.1694734e-03 1.29e-05 1.40e-03  -4.1 1.15e-02    -  1.00e+00 1.00e+00h  1
 806  1.1730896e-03 2.79e-07 1.67e-03  -4.1 6.35e-04    -  1.00e+00 1.00e+00h  1
 807  1.1688445e-03 1.93e-07 3.96e-04  -4.1 6.16e-04    -  1.00e+00 1.00e+00h  1
 808  1.1688778e-03 2.30e-08 7.91e-04  -4.0 1.70e-04    -  1.00e+00 1.00e+00h  1
 809  1.1688511e-03 3.39e-09 1.49e-04  -4.0 1.25e-04    -  1.00e+00 1.00e+00h  1
iter    objective    inf_pr   inf_du lg(mu)  ||d||  lg(rg) alpha_du alpha_pr  ls
 810  1.1687763e-03 1.17e-08 4.69e-04  -4.0 1.62e-04    -  1.00e+00 1.00e+00h  1
 811  1.1690446e-03 3.43e-09 1.16e-02  -4.0 2.54e-03    -  1.00e+00 1.00e+00H  1
 812  1.1685433e-03 1.95e-07 1.42e-01  -4.1 1.69e-03    -  1.00e+00 2.50e-01h  3
 813  1.1682296e-03 1.34e-06 2.36e-03  -4.1 1.39e-03    -  1.00e+00 1.00e+00h  1
 814  1.1761139e-03 1.54e-06 4.59e-03  -4.0 1.50e-03    -  1.00e+00 1.00e+00h  1
 815  1.1684326e-03 5.30e-07 8.82e-04  -4.1 9.71e-04    -  1.00e+00 1.00e+00h  1
 816  1.1682928e-03 3.66e-10 1.31e-03  -4.0 3.96e-04    -  1.00e+00 1.00e+00H  1
 817  1.1687688e-03 2.92e-11 9.20e-03  -4.0 1.74e-03    -  1.00e+00 1.00e+00H  1
 818  1.1687118e-03 3.17e-07 1.88e-01  -4.1 5.45e-03    -  1.00e+00 1.25e-01h  4
 819  1.1708369e-03 2.30e-06 1.10e-01  -4.1 9.92e-03    -  1.00e+00 5.00e-01h  2
iter    objective    inf_pr   inf_du lg(mu)  ||d||  lg(rg) alpha_du alpha_pr  ls
 820  1.1689972e-03 2.83e-06 2.03e-02  -4.1 1.89e-02    -  1.00e+00 1.25e-01h  4
 821  1.1692234e-03 9.82e-06 6.91e-02  -4.1 7.41e-03    -  1.00e+00 5.00e-01h  2
 822  1.1675101e-03 9.09e-06 3.26e-02  -4.1 4.88e-02    -  1.00e+00 1.25e-01h  4
 823  1.1720155e-03 7.12e-06 2.12e-02  -4.0 5.09e-03    -  1.00e+00 1.00e+00H  1
 824  1.1904133e-03 3.97e-05 1.93e-02  -4.1 1.54e-02    -  1.00e+00 1.00e+00h  1
 825  1.1915882e-03 3.95e-05 1.19e-02  -4.1 7.64e-03    -  1.00e+00 1.00e+00h  1
 826  1.1736650e-03 4.15e-05 2.01e-01  -4.1 6.33e-02    -  1.00e+00 2.50e-01h  3
 827  1.1740210e-03 5.04e-05 1.98e-02  -4.1 1.41e-02    -  1.00e+00 5.00e-01h  2
 828  1.1708165e-03 5.16e-05 2.18e-02  -4.1 2.09e-02    -  1.00e+00 2.50e-01h  3
 829  1.1721132e-03 4.90e-05 1.88e-01  -4.1 6.61e-02    -  1.00e+00 6.25e-02h  5
iter    objective    inf_pr   inf_du lg(mu)  ||d||  lg(rg) alpha_du alpha_pr  ls
 830  1.1668230e-03 2.61e-05 1.73e-02  -4.1 6.45e-03    -  1.00e+00 1.00e+00h  1
 831  1.2005807e-03 7.72e-06 1.45e-02  -4.0 1.70e-02    -  1.00e+00 1.00e+00h  1
 832  1.1659770e-03 8.82e-06 5.96e-03  -4.1 1.07e-02    -  1.00e+00 1.00e+00h  1
 833  1.1664581e-03 3.20e-05 2.51e-02  -4.0 7.12e-03    -  1.00e+00 1.00e+00h  1
 834  1.1654566e-03 1.57e-05 2.03e-03  -4.0 4.78e-03    -  1.00e+00 1.00e+00h  1
 835  1.1657372e-03 1.32e-06 5.80e-03  -4.0 1.14e-03    -  1.00e+00 1.00e+00h  1
 836  1.1654083e-03 4.76e-07 6.41e-04  -4.0 8.01e-04    -  1.00e+00 1.00e+00h  1
 837  1.1653935e-03 5.82e-09 1.44e-04  -4.0 1.18e-04    -  1.00e+00 1.00e+00h  1
 838  1.1653570e-03 3.27e-09 2.26e-04  -4.0 2.22e-04    -  1.00e+00 1.00e+00h  1
 839  1.1652260e-03 8.81e-08 1.54e-03  -4.0 6.87e-04    -  1.00e+00 1.00e+00h  1
iter    objective    inf_pr   inf_du lg(mu)  ||d||  lg(rg) alpha_du alpha_pr  ls
 840  1.1812468e-03 7.40e-08 3.57e-02  -4.0 9.69e-03    -  1.00e+00 1.00e+00H  1
 841  1.1757481e-03 2.13e-06 1.05e-01  -4.1 9.32e-03    -  1.00e+00 5.00e-01h  2
 842  1.1646411e-03 1.62e-05 4.43e-03  -4.1 6.39e-03    -  1.00e+00 1.00e+00h  1
 843  1.1969483e-03 1.97e-05 2.79e-02  -4.0 7.18e-03    -  1.00e+00 1.00e+00h  1
 844  1.1695203e-03 5.93e-06 1.07e-02  -4.1 9.18e-03    -  1.00e+00 1.00e+00h  1
 845  1.1786324e-03 1.72e-05 1.16e-02  -4.1 5.39e-03    -  1.00e+00 1.00e+00h  1
 846  1.1654933e-03 5.75e-06 3.09e-03  -4.1 3.15e-03    -  1.00e+00 1.00e+00h  1
 847  1.1669937e-03 1.25e-05 3.79e-02  -4.1 5.22e-03    -  1.00e+00 1.00e+00H  1
 848  1.1679268e-03 3.27e-06 8.17e-03  -4.1 3.38e-03    -  1.00e+00 1.00e+00H  1
 849  1.1731316e-03 7.94e-06 1.02e-01  -4.1 6.21e-03    -  1.00e+00 5.00e-01h  2
iter    objective    inf_pr   inf_du lg(mu)  ||d||  lg(rg) alpha_du alpha_pr  ls
 850  1.1643504e-03 1.19e-06 1.23e-03  -4.1 1.32e-03    -  1.00e+00 1.00e+00h  1
 851  1.1644709e-03 1.34e-07 7.56e-04  -4.0 4.39e-04    -  1.00e+00 1.00e+00h  1
 852  1.1644169e-03 8.74e-09 2.69e-04  -4.0 1.14e-04    -  1.00e+00 1.00e+00h  1
 853  1.1644063e-03 4.41e-08 1.22e-03  -4.0 7.20e-04    -  1.00e+00 1.00e+00h  1
 854  1.1643476e-03 1.20e-06 6.85e-03  -4.1 3.52e-03    -  1.00e+00 1.00e+00h  1
 855  1.1643080e-03 1.22e-06 9.19e-03  -4.1 1.30e-02    -  1.00e+00 3.12e-02h  6
 856  1.1638261e-03 5.63e-07 8.10e-03  -4.1 4.24e-03    -  1.00e+00 5.00e-01h  2
 857  1.1960362e-03 6.54e-08 3.19e-02  -4.0 3.64e-02    -  1.00e+00 1.00e+00H  1
 858  1.1616691e-03 6.09e-06 1.04e-02  -4.1 3.42e-02    -  1.00e+00 1.00e+00h  1
 859  1.1698835e-03 2.00e-05 3.29e-02  -4.0 1.45e-02    -  1.00e+00 5.00e-01h  2
iter    objective    inf_pr   inf_du lg(mu)  ||d||  lg(rg) alpha_du alpha_pr  ls
 860  1.1768794e-03 1.62e-05 7.00e-02  -4.1 1.46e-02    -  1.00e+00 1.00e+00H  1
 861  1.1910413e-03 4.52e-05 6.44e-01  -4.1 1.08e-01    -  1.00e+00 6.25e-02h  5
 862  1.1983311e-03 2.70e-05 1.03e-01  -4.1 2.49e-02    -  1.00e+00 5.27e-01H  1
 863  1.1630293e-03 2.54e-05 4.68e-01  -4.1 5.11e-02    -  1.00e+00 1.25e-01f  4
 864  1.1814322e-03 6.13e-05 4.90e-03  -4.1 2.24e-02    -  1.00e+00 1.00e+00h  1
 865  1.1745779e-03 4.06e-05 1.15e-01  -4.1 2.60e-02    -  1.00e+00 2.50e-01h  3
 866  1.1712493e-03 5.57e-05 1.91e-02  -4.1 3.55e-01    -  1.00e+00 1.25e-01h  4
 867  1.1690800e-03 5.30e-05 1.74e-01  -4.1 3.22e-01    -  1.00e+00 1.56e-02h  7
 868  1.1656311e-03 4.57e-05 8.27e-02  -4.1 1.46e-02    -  1.00e+00 2.50e-01h  3
 869  1.1969282e-03 1.85e-04 3.24e-02  -4.1 3.76e-02    -  1.00e+00 1.00e+00h  1
iter    objective    inf_pr   inf_du lg(mu)  ||d||  lg(rg) alpha_du alpha_pr  ls
 870  1.1545234e-03 7.65e-05 6.20e-03  -4.1 1.33e-02    -  1.00e+00 1.00e+00h  1
 871  1.1561293e-03 8.26e-05 9.86e-02  -4.0 1.12e-01    -  1.00e+00 2.50e-01h  3
 872  1.1742505e-03 8.35e-05 1.62e-01  -4.1 1.46e-01    -  1.00e+00 3.12e-02h  6
 873  1.1493776e-03 3.60e-05 3.40e-03  -4.1 1.41e-02    -  1.00e+00 1.00e+00h  1
 874  1.1519565e-03 3.47e-05 7.56e-02  -4.0 1.27e-01    -  1.00e+00 3.12e-02h  6
 875  1.4193735e-03 2.58e-04 3.63e-02  -4.1 2.22e-02    -  1.00e+00 1.00e+00h  1
 876  1.1491983e-03 8.73e-05 6.99e-03  -4.1 1.97e-02    -  1.00e+00 1.00e+00h  1
 877  1.1776648e-03 1.04e-04 5.44e-02  -4.0 2.47e-02    -  1.00e+00 5.00e-01h  2
 878  1.1539932e-03 4.38e-05 9.70e-03  -4.1 9.79e-03    -  1.00e+00 1.00e+00h  1
 879  1.1496379e-03 9.12e-05 1.52e-02  -4.0 9.32e-03    -  1.00e+00 1.00e+00h  1
iter    objective    inf_pr   inf_du lg(mu)  ||d||  lg(rg) alpha_du alpha_pr  ls
 880  1.1462133e-03 3.39e-05 6.45e-03  -4.0 6.76e-03    -  1.00e+00 1.00e+00h  1
 881  1.1457737e-03 8.92e-06 6.72e-03  -4.0 3.97e-03    -  1.00e+00 1.00e+00h  1
 882  1.1450593e-03 1.63e-06 1.16e-02  -4.0 2.76e-03    -  1.00e+00 1.00e+00H  1
 883  1.1544845e-03 6.73e-06 7.92e-03  -4.0 2.54e-03    -  1.00e+00 1.00e+00h  1
 884  1.1447563e-03 1.46e-06 2.11e-03  -4.1 1.63e-03    -  1.00e+00 1.00e+00h  1
 885  1.1440970e-03 5.55e-07 1.47e-03  -4.0 7.49e-04    -  1.00e+00 1.00e+00h  1
 886  1.1441479e-03 8.77e-08 7.44e-04  -4.0 3.68e-04    -  1.00e+00 1.00e+00h  1
 887  1.1440779e-03 1.65e-09 4.92e-04  -4.0 7.26e-05    -  1.00e+00 1.00e+00h  1
 888  1.1440518e-03 2.38e-09 1.64e-04  -4.0 6.18e-05    -  1.00e+00 1.00e+00h  1
 889  1.1439865e-03 3.62e-09 3.78e-04  -4.0 1.41e-04    -  1.00e+00 1.00e+00h  1
iter    objective    inf_pr   inf_du lg(mu)  ||d||  lg(rg) alpha_du alpha_pr  ls
 890  1.1438705e-03 8.82e-08 8.82e-03  -4.0 6.90e-03    -  1.00e+00 6.25e-02h  5
 891  1.1442205e-03 8.74e-09 5.69e-03  -4.0 9.74e-04    -  1.00e+00 1.00e+00H  1
 892  1.1443781e-03 6.87e-11 1.88e-02  -4.1 3.91e-03    -  1.00e+00 1.00e+00H  1
 893  1.1441034e-03 3.87e-09 6.33e-02  -4.1 3.49e-03    -  1.00e+00 3.12e-02h  6
 894  1.1428536e-03 7.24e-06 3.62e-03  -4.1 3.41e-03    -  1.00e+00 1.00e+00h  1
 895  1.1426590e-03 6.26e-07 3.67e-02  -4.0 8.98e-03    -  1.00e+00 1.00e+00H  1
 896  1.1418421e-03 4.80e-07 3.91e-01  -4.0 1.86e-01    -  1.00e+00 7.81e-03h  8
 897  1.1415517e-03 5.55e-06 2.34e-01  -4.1 8.15e-02    -  1.00e+00 6.25e-02h  5
 898  1.1406398e-03 6.05e-06 3.45e-01  -4.1 3.63e-01    -  1.00e+00 1.56e-02h  7
 899  1.1408275e-03 6.33e-06 2.70e-01  -4.1 8.68e-02    -  1.00e+00 6.25e-02h  5
iter    objective    inf_pr   inf_du lg(mu)  ||d||  lg(rg) alpha_du alpha_pr  ls
 900  1.1407193e-03 9.42e-06 4.15e-01  -4.1 1.44e-01    -  1.00e+00 3.12e-02h  6
 901  1.1399489e-03 2.63e-05 5.13e-01  -4.1 3.64e-01    -  1.00e+00 3.12e-02h  6
 902  1.1348885e-03 6.49e-05 1.29e-01  -4.1 5.89e-01    -  1.00e+00 1.56e-02h  7
 903  1.2321387e-03 2.71e-05 2.71e-01  -4.0 5.83e-02    -  1.00e+00 1.00e+00H  1
 904  1.2250369e-03 2.54e-05 2.88e-01  -4.1 1.87e-01    -  1.00e+00 3.12e-02h  6
 905  1.1668845e-03 4.16e-04 5.70e-02  -4.1 5.29e-02    -  1.00e+00 1.00e+00h  1
 906  1.1648560e-03 4.16e-04 8.78e-01  -4.1 8.79e-01    -  1.00e+00 7.81e-03h  8
 907  1.1857180e-03 3.31e-04 5.06e-01  -4.1 4.46e-02    -  1.00e+00 2.50e-01h  3
 908  1.2438618e-03 2.64e-04 2.95e-01  -4.1 8.26e-02    -  1.00e+00 2.50e-01h  3
 909  1.1864632e-03 1.33e-04 1.50e-01  -4.1 5.05e-02    -  1.00e+00 5.00e-01h  2
iter    objective    inf_pr   inf_du lg(mu)  ||d||  lg(rg) alpha_du alpha_pr  ls
 910  1.1603929e-03 9.02e-05 1.98e-02  -4.1 2.29e-02    -  1.00e+00 1.00e+00h  1
 911  1.1508814e-03 1.01e-04 8.50e-02  -4.1 3.79e-01    -  1.00e+00 3.12e-02h  6
 912  1.1500864e-03 1.29e-04 1.47e-01  -4.1 7.83e-01    -  1.00e+00 3.12e-02h  6
 913  1.1426626e-03 1.12e-04 5.07e-02  -4.1 6.02e-02    -  1.00e+00 1.25e-01h  4
 914  1.1606833e-03 1.46e-04 1.59e-02  -4.1 2.30e-02    -  1.00e+00 1.00e+00h  1
 915  1.1495452e-03 1.47e-04 1.28e-01  -4.1 1.70e-01    -  1.00e+00 6.25e-02h  5
 916  1.2187995e-03 2.34e-04 8.02e-02  -4.1 1.00e-01    -  1.00e+00 5.00e-01h  2
 917  1.1434789e-03 2.11e-04 2.88e-02  -4.1 6.74e-02    -  1.00e+00 5.00e-01h  2
 918  1.1367530e-03 2.14e-04 2.16e-01  -4.1 1.98e+00    -  8.27e-01 3.64e-03h  9
 919  1.1598368e-03 2.18e-04 3.78e-02  -4.1 1.92e-01    -  1.00e+00 1.25e-01h  4
iter    objective    inf_pr   inf_du lg(mu)  ||d||  lg(rg) alpha_du alpha_pr  ls
 920  1.1350647e-03 2.57e-04 6.26e-02  -4.1 1.48e-01    -  1.00e+00 1.25e-01h  4
 921  1.1468793e-03 2.33e-04 3.99e-02  -4.1 8.87e-02    -  1.00e+00 1.25e-01h  4
 922  1.1556553e-03 2.38e-04 4.25e-02  -4.1 6.64e-02    -  1.00e+00 2.50e-01h  3
 923  1.1607043e-03 3.21e-04 3.74e-02  -4.1 8.77e-02    -  1.00e+00 5.00e-01h  2
 924  1.1218025e-03 2.35e-04 1.48e-02  -4.1 2.80e-02    -  1.00e+00 1.00e+00h  1
 925  1.4946533e-03 2.63e-04 1.69e-02  -4.0 1.33e-01    -  1.00e+00 2.50e-01h  3
 926  1.1195824e-03 2.41e-04 3.76e-03  -4.1 1.85e-02    -  1.00e+00 1.00e+00h  1
 927  1.1517397e-03 9.94e-05 2.92e-01  -4.0 6.71e-02    -  1.00e+00 3.45e-01H  1
 928  1.1519906e-03 8.83e-05 8.29e-03  -4.1 1.58e-02    -  1.00e+00 1.00e+00h  1
 929  1.1791297e-03 1.49e-04 5.26e-02  -4.1 7.73e-02    -  1.00e+00 2.50e-01h  3
iter    objective    inf_pr   inf_du lg(mu)  ||d||  lg(rg) alpha_du alpha_pr  ls
 930  1.1828877e-03 4.77e-04 1.14e-02  -4.1 5.24e-02    -  1.00e+00 1.00e+00h  1
 931  1.1453330e-03 3.70e-04 1.16e-02  -4.1 3.71e-02    -  1.00e+00 5.00e-01h  2
 932  1.1020908e-03 1.96e-04 4.34e-03  -4.1 1.34e-02    -  1.00e+00 1.00e+00h  1
 933  1.1435302e-03 1.83e-04 1.52e-02  -4.0 1.73e-02    -  1.00e+00 1.00e+00h  1
 934  1.0990310e-03 9.87e-05 1.42e-03  -4.1 1.23e-02    -  1.00e+00 1.00e+00h  1
 935  1.0995319e-03 6.33e-06 6.12e-03  -4.0 2.75e-03    -  1.00e+00 1.00e+00h  1
 936  1.1074462e-03 2.02e-05 1.72e-02  -4.0 5.54e-03    -  1.00e+00 1.00e+00h  1
 937  1.0988118e-03 1.29e-05 6.51e-03  -4.0 4.13e-03    -  1.00e+00 1.00e+00h  1
 938  1.1017527e-03 1.13e-05 1.14e-02  -4.0 3.74e-03    -  1.00e+00 1.00e+00h  1
 939  1.0989074e-03 4.82e-06 7.61e-04  -4.0 2.24e-03    -  1.00e+00 1.00e+00h  1
iter    objective    inf_pr   inf_du lg(mu)  ||d||  lg(rg) alpha_du alpha_pr  ls
 940  1.0989389e-03 1.46e-08 5.28e-04  -4.0 1.90e-04    -  1.00e+00 1.00e+00h  1
 941  1.0988491e-03 8.10e-08 1.34e-03  -4.0 6.67e-04    -  1.00e+00 1.00e+00h  1
 942  1.0986320e-03 2.08e-06 8.50e-03  -4.0 4.25e-03    -  1.00e+00 1.00e+00h  1
 943  1.1500621e-03 8.05e-07 5.94e-02  -4.0 1.47e-02    -  1.00e+00 1.00e+00H  1
 944  1.1112065e-03 4.64e-05 2.04e-02  -4.1 1.91e-02    -  1.00e+00 1.00e+00h  1
 945  1.1719612e-03 1.21e-05 8.37e-03  -4.1 6.39e-03    -  1.00e+00 1.00e+00h  1
 946  1.0960499e-03 1.02e-05 4.14e-03  -4.1 9.57e-03    -  1.00e+00 1.00e+00h  1
 947  1.0979746e-03 2.67e-05 1.79e-02  -4.0 4.67e-03    -  1.00e+00 1.00e+00h  1
 948  1.0960282e-03 1.36e-05 1.26e-03  -4.0 3.17e-03    -  1.00e+00 1.00e+00h  1
 949  1.0959801e-03 8.81e-08 3.53e-04  -4.0 2.75e-04    -  1.00e+00 1.00e+00h  1
iter    objective    inf_pr   inf_du lg(mu)  ||d||  lg(rg) alpha_du alpha_pr  ls
 950  1.0959741e-03 9.12e-09 6.17e-04  -4.0 2.09e-04    -  1.00e+00 1.00e+00h  1
 951  1.0982059e-03 8.04e-06 1.25e-02  -4.0 6.45e-03    -  1.00e+00 1.00e+00h  1
 952  1.0967419e-03 4.07e-06 2.36e-03  -4.1 4.64e-03    -  1.00e+00 1.00e+00h  1
 953  1.1760955e-03 9.71e-06 2.53e-02  -4.1 4.83e-03    -  1.00e+00 1.00e+00H  1
 954  1.0959246e-03 6.41e-06 6.07e-03  -4.1 2.99e-03    -  1.00e+00 1.00e+00h  1
 955  1.0959078e-03 3.99e-06 9.30e-04  -4.1 2.19e-03    -  1.00e+00 1.00e+00h  1
 956  1.0958411e-03 1.74e-07 1.50e-03  -4.0 4.97e-04    -  1.00e+00 1.00e+00h  1
 957  1.0957761e-03 8.22e-08 5.69e-04  -4.0 2.92e-04    -  1.00e+00 1.00e+00h  1
 958  1.0957385e-03 7.94e-09 1.73e-04  -4.0 1.24e-04    -  1.00e+00 1.00e+00h  1
 959  1.0956559e-03 1.41e-08 5.21e-04  -4.0 1.71e-04    -  1.00e+00 1.00e+00h  1
iter    objective    inf_pr   inf_du lg(mu)  ||d||  lg(rg) alpha_du alpha_pr  ls
 960  1.0954409e-03 1.38e-07 2.30e-03  -4.0 8.86e-04    -  1.00e+00 1.00e+00h  1
 961  1.1085596e-03 1.15e-08 2.75e-02  -4.0 8.54e-03    -  1.00e+00 1.00e+00H  1
 962  1.1077691e-03 1.79e-05 1.25e-01  -4.1 1.33e-02    -  1.00e+00 5.00e-01h  2
 963  1.1036591e-03 2.64e-05 1.50e-01  -4.1 7.14e-02    -  1.00e+00 2.50e-01h  3
 964  1.1018765e-03 2.72e-05 2.95e-01  -4.1 8.75e-02    -  1.00e+00 6.25e-02h  5
 965  1.0964686e-03 4.36e-06 2.92e-03  -4.1 8.44e-03    -  1.00e+00 1.00e+00h  1
 966  1.1073876e-03 1.81e-06 5.45e-03  -4.1 2.56e-03    -  1.00e+00 1.00e+00h  1
 967  1.0947189e-03 6.03e-07 8.70e-04  -4.1 4.12e-03    -  1.00e+00 1.00e+00h  1
 968  1.0946636e-03 3.92e-08 9.63e-04  -4.0 1.82e-04    -  1.00e+00 1.00e+00h  1
 969  1.0942003e-03 2.10e-07 2.46e-03  -4.0 1.14e-03    -  1.00e+00 1.00e+00h  1
iter    objective    inf_pr   inf_du lg(mu)  ||d||  lg(rg) alpha_du alpha_pr  ls
 970  1.0947140e-03 4.82e-07 2.52e-03  -4.0 1.67e-03    -  1.00e+00 1.00e+00h  1
 971  1.0943818e-03 2.30e-07 2.27e-04  -4.1 5.30e-04    -  1.00e+00 1.00e+00h  1
 972  1.0945799e-03 1.15e-07 1.01e-03  -4.0 3.38e-04    -  1.00e+00 1.00e+00h  1
 973  1.0943788e-03 3.66e-08 2.05e-04  -4.0 1.88e-04    -  1.00e+00 1.00e+00h  1
 974  1.0943240e-03 3.50e-09 2.81e-04  -4.0 7.04e-05    -  1.00e+00 1.00e+00h  1
 975  1.0940942e-03 2.01e-06 7.20e-03  -4.0 1.42e-03    -  1.00e+00 1.00e+00h  1
 976  1.0939447e-03 2.52e-06 1.12e-02  -4.0 7.93e-03    -  1.00e+00 1.25e-01h  4
 977  1.0936383e-03 9.84e-07 5.27e-03  -4.0 1.03e-03    -  1.00e+00 1.00e+00h  1
 978  1.0942930e-03 1.15e-07 1.36e-03  -4.0 4.71e-04    -  1.00e+00 1.00e+00h  1
 979  1.0934728e-03 2.16e-07 1.47e-03  -4.0 5.23e-04    -  1.00e+00 1.00e+00h  1
iter    objective    inf_pr   inf_du lg(mu)  ||d||  lg(rg) alpha_du alpha_pr  ls
 980  1.0936055e-03 6.18e-08 8.49e-03  -4.0 1.82e-03    -  1.00e+00 1.00e+00H  1
 981  1.0935658e-03 6.95e-07 1.37e-02  -4.0 1.74e-02    -  1.00e+00 6.25e-02h  5
 982  1.0959314e-03 3.23e-07 2.31e-02  -4.1 6.39e-03    -  1.00e+00 1.00e+00H  1
 983  1.0950786e-03 4.37e-07 2.35e-02  -4.1 4.90e-02    -  1.00e+00 3.12e-02h  6
 984  1.0935597e-03 6.95e-06 9.97e-03  -4.1 7.08e-03    -  1.00e+00 1.00e+00h  1
 985  1.1077489e-03 1.12e-05 6.68e-03  -4.1 1.96e-02    -  1.00e+00 1.00e+00h  1
 986  1.0923517e-03 1.01e-05 1.75e-03  -4.1 2.05e-02    -  1.00e+00 1.00e+00h  1
 987  1.2697481e-03 2.84e-06 1.70e-02  -4.0 3.89e-03    -  1.00e+00 1.00e+00h  1
 988  1.0914677e-03 2.65e-06 2.88e-03  -4.1 5.15e-03    -  1.00e+00 1.00e+00h  1
 989  1.0914669e-03 5.13e-07 2.27e-03  -4.0 8.61e-04    -  1.00e+00 1.00e+00h  1
iter    objective    inf_pr   inf_du lg(mu)  ||d||  lg(rg) alpha_du alpha_pr  ls
 990  1.0913978e-03 7.96e-08 4.97e-04  -4.0 3.07e-04    -  1.00e+00 1.00e+00h  1
 991  1.0913934e-03 4.87e-10 1.29e-04  -4.0 3.81e-05    -  1.00e+00 1.00e+00h  1
 992  1.0913159e-03 4.40e-07 2.30e-03  -4.0 8.00e-04    -  1.00e+00 1.00e+00h  1
 993  1.1002990e-03 6.55e-08 9.37e-03  -4.0 2.13e-03    -  1.00e+00 1.00e+00H  1
 994  1.0912478e-03 2.48e-06 3.59e-03  -4.1 2.03e-03    -  1.00e+00 1.00e+00h  1
 995  1.1066042e-03 3.57e-06 9.27e-03  -4.0 2.05e-03    -  1.00e+00 1.00e+00h  1
 996  1.0907862e-03 1.48e-06 1.37e-03  -4.1 1.25e-03    -  1.00e+00 1.00e+00h  1
 997  1.0906987e-03 1.53e-07 1.69e-03  -4.0 4.44e-04    -  1.00e+00 1.00e+00h  1
 998  1.0907017e-03 1.14e-08 3.56e-04  -4.0 1.27e-04    -  1.00e+00 1.00e+00h  1
 999  1.0906463e-03 1.07e-08 5.36e-04  -4.0 1.60e-04    -  1.00e+00 1.00e+00h  1
iter    objective    inf_pr   inf_du lg(mu)  ||d||  lg(rg) alpha_du alpha_pr  ls
1000  1.0899286e-03 4.23e-06 1.41e-02  -4.0 2.54e-02    -  1.00e+00 1.25e-01h  4
1001  1.1890864e-03 1.26e-06 5.91e-02  -4.0 1.04e-02    -  1.00e+00 1.00e+00H  1
1002  1.1000244e-03 2.11e-05 2.56e-02  -4.1 6.42e-03    -  1.00e+00 1.00e+00h  1
1003  1.6816547e-03 4.49e-07 5.26e-02  -4.1 1.32e-02    -  1.00e+00 1.00e+00H  1
1004  1.0898807e-03 4.78e-05 1.53e-02  -4.1 1.00e-02    -  1.00e+00 1.00e+00h  1
1005  1.0924741e-03 1.27e-05 7.38e-03  -4.1 5.22e-03    -  1.00e+00 1.00e+00h  1
1006  1.0910637e-03 1.88e-05 5.67e-01  -4.1 6.72e-02    -  1.00e+00 6.25e-02h  5
1007  1.0951402e-03 1.63e-05 1.17e-02  -4.1 8.15e-03    -  1.00e+00 5.00e-01h  2
1008  1.0970509e-03 5.30e-05 2.71e-02  -4.1 1.13e-02    -  1.00e+00 1.00e+00h  1
1009  1.0915400e-03 7.83e-05 1.42e-01  -4.1 6.96e-02    -  1.00e+00 1.25e-01h  4
iter    objective    inf_pr   inf_du lg(mu)  ||d||  lg(rg) alpha_du alpha_pr  ls
1010  1.0909908e-03 7.82e-05 1.06e-01  -4.1 1.41e-01    -  1.00e+00 7.81e-03h  8
1011  1.0892893e-03 1.46e-05 7.67e-03  -4.1 4.73e-03    -  1.00e+00 1.00e+00h  1
1012  1.0922362e-03 1.33e-06 1.01e-02  -4.0 3.79e-03    -  1.00e+00 1.00e+00H  1
1013  1.1557431e-03 3.67e-07 3.69e-02  -4.1 1.06e-02    -  1.00e+00 1.00e+00H  1
1014  1.1381099e-03 3.77e-07 4.58e-01  -4.1 4.27e-03    -  1.00e+00 1.25e-01h  4
1015  1.1025116e-03 6.39e-07 1.72e-02  -4.1 7.27e-03    -  1.00e+00 1.00e+00H  1
1016  1.1004506e-03 4.00e-05 1.39e-02  -4.1 7.05e-03    -  1.00e+00 1.00e+00h  1
1017  1.0894648e-03 2.97e-05 3.42e-03  -4.1 6.69e-03    -  1.00e+00 1.00e+00h  1
1018  1.0896506e-03 1.56e-06 3.44e-03  -4.1 1.30e-03    -  1.00e+00 1.00e+00h  1
1019  1.0902327e-03 6.17e-07 3.09e-03  -4.0 8.49e-04    -  1.00e+00 1.00e+00h  1
iter    objective    inf_pr   inf_du lg(mu)  ||d||  lg(rg) alpha_du alpha_pr  ls
1020  1.0892030e-03 2.00e-07 1.03e-03  -4.0 4.43e-04    -  1.00e+00 1.00e+00h  1
1021  1.0891198e-03 6.51e-08 1.38e-03  -4.0 3.17e-04    -  1.00e+00 1.00e+00h  1
1022  1.0891036e-03 2.58e-08 4.26e-04  -4.0 1.80e-04    -  1.00e+00 1.00e+00h  1
1023  1.0890003e-03 2.54e-08 6.74e-04  -4.0 1.83e-04    -  1.00e+00 1.00e+00h  1
1024  1.0893106e-03 1.90e-10 6.48e-03  -4.0 1.55e-03    -  1.00e+00 1.00e+00H  1
1025  1.0929306e-03 1.72e-10 1.97e-02  -4.0 3.31e-03    -  1.00e+00 1.00e+00H  1
1026  1.0902966e-03 4.78e-06 7.04e-03  -4.1 2.51e-03    -  1.00e+00 1.00e+00h  1
1027  1.0885342e-03 5.49e-06 2.53e-02  -4.1 5.87e-03    -  1.00e+00 2.50e-01h  3
1028  1.0887872e-03 2.38e-06 4.52e-03  -4.0 1.61e-03    -  1.00e+00 1.00e+00h  1
1029  1.0959268e-03 2.80e-06 3.25e-02  -4.0 6.47e-03    -  1.00e+00 1.00e+00H  1
iter    objective    inf_pr   inf_du lg(mu)  ||d||  lg(rg) alpha_du alpha_pr  ls
1030  1.1004202e-03 1.11e-04 1.20e-02  -4.1 1.08e-02    -  1.00e+00 1.00e+00h  1
1031  1.0988534e-03 1.09e-04 2.74e-01  -4.1 3.20e-02    -  1.00e+00 3.12e-02h  6
1032  1.0932901e-03 1.11e-05 1.18e-02  -4.1 4.01e-03    -  1.00e+00 1.00e+00h  1
1033  1.0986070e-03 5.85e-05 1.70e-02  -4.1 8.32e-03    -  1.00e+00 1.00e+00h  1
1034  1.0966061e-03 5.12e-05 1.65e-02  -4.1 8.16e-03    -  1.00e+00 1.25e-01h  4
1035  1.0895725e-03 3.49e-05 6.17e-02  -4.1 6.57e-03    -  1.00e+00 5.00e-01h  2
1036  1.0886948e-03 2.86e-05 1.01e-01  -4.1 7.40e-03    -  1.00e+00 2.50e-01h  3
1037  1.0880155e-03 3.10e-06 3.16e-03  -4.1 2.10e-03    -  1.00e+00 1.00e+00h  1
1038  1.0878178e-03 1.50e-06 2.50e-03  -4.0 1.46e-03    -  1.00e+00 1.00e+00h  1
1039  1.1181359e-03 1.24e-06 2.20e-02  -4.0 3.74e-03    -  1.00e+00 1.00e+00H  1
iter    objective    inf_pr   inf_du lg(mu)  ||d||  lg(rg) alpha_du alpha_pr  ls
1040  1.0910468e-03 5.43e-06 1.12e-02  -4.1 2.74e-03    -  1.00e+00 1.00e+00h  1
1041  1.0898153e-03 7.22e-06 8.08e-03  -4.1 3.17e-03    -  1.00e+00 1.00e+00h  1
1042  1.0956544e-03 1.20e-06 5.94e-03  -4.1 1.19e-03    -  1.00e+00 1.00e+00h  1
1043  1.0876746e-03 1.60e-06 1.48e-03  -4.1 1.73e-03    -  1.00e+00 1.00e+00h  1
1044  1.0876694e-03 4.87e-07 3.79e-03  -4.0 9.58e-04    -  1.00e+00 1.00e+00h  1
1045  1.0876540e-03 2.77e-07 9.27e-04  -4.0 6.25e-04    -  1.00e+00 1.00e+00h  1
1046  1.0879515e-03 8.70e-08 7.39e-03  -4.0 1.36e-03    -  1.00e+00 1.00e+00H  1
1047  1.0876213e-03 9.73e-07 3.05e-04  -4.0 1.18e-03    -  1.00e+00 1.00e+00h  1
1048  1.0876269e-03 6.05e-09 2.69e-04  -4.0 8.83e-05    -  1.00e+00 1.00e+00h  1
1049  1.0876004e-03 7.18e-10 2.58e-04  -4.0 4.66e-05    -  1.00e+00 1.00e+00h  1
iter    objective    inf_pr   inf_du lg(mu)  ||d||  lg(rg) alpha_du alpha_pr  ls
1050  1.0875869e-03 8.83e-10 1.45e-04  -4.0 4.46e-05    -  1.00e+00 1.00e+00h  1
1051  1.0882359e-03 7.39e-12 3.68e-03  -4.0 9.91e-04    -  1.00e+00 1.00e+00H  1
1052  1.0873930e-03 5.29e-07 7.72e-03  -4.0 1.09e-03    -  1.00e+00 1.00e+00h  1
1053  1.0885181e-03 1.78e-06 5.86e-02  -4.0 5.91e-03    -  1.00e+00 2.50e-01h  3
1054  1.0870103e-03 7.06e-07 2.49e-03  -4.1 9.17e-04    -  1.00e+00 1.00e+00h  1
1055  1.0876149e-03 6.30e-09 3.20e-03  -4.0 9.70e-04    -  1.00e+00 1.00e+00H  1
1056  1.0879420e-03 1.20e-05 1.87e-02  -4.1 5.38e-03    -  1.00e+00 1.00e+00h  1
1057  1.0884421e-03 1.12e-05 1.64e-01  -4.1 2.33e-02    -  1.00e+00 6.25e-02h  5
1058  1.0864714e-03 7.56e-06 6.96e-03  -4.1 4.24e-03    -  1.00e+00 1.00e+00h  1
1059  1.1038378e-03 4.17e-06 1.80e-02  -4.0 3.73e-03    -  1.00e+00 1.00e+00H  1
iter    objective    inf_pr   inf_du lg(mu)  ||d||  lg(rg) alpha_du alpha_pr  ls
1060  1.1162072e-03 1.09e-06 4.11e-02  -4.1 1.08e-02    -  1.00e+00 1.00e+00H  1
1061  1.0931215e-03 7.13e-06 1.95e-02  -4.1 8.07e-03    -  1.00e+00 1.00e+00h  1
1062  1.0900448e-03 5.94e-05 1.29e-02  -4.1 1.27e-02    -  1.00e+00 1.00e+00h  1
1063  1.0887827e-03 5.97e-05 1.98e-01  -4.1 5.13e-02    -  1.00e+00 6.25e-02h  5
1064  1.1037893e-03 4.03e-05 3.64e-02  -4.1 1.91e-02    -  1.00e+00 5.00e-01h  2
1065  1.1234718e-03 1.28e-04 2.40e-02  -4.1 1.12e-02    -  1.00e+00 1.00e+00h  1
1066  1.0859459e-03 5.04e-05 5.16e-03  -4.1 9.23e-03    -  1.00e+00 1.00e+00h  1
1067  1.2153749e-03 3.70e-05 4.33e-02  -4.0 1.96e-02    -  1.00e+00 1.00e+00H  1
1068  1.2720957e-03 2.93e-04 3.79e-02  -4.1 2.65e-02    -  1.00e+00 1.00e+00h  1
1069  1.2094194e-03 2.72e-04 5.10e-01  -4.1 4.69e-02    -  1.00e+00 1.25e-01h  4
iter    objective    inf_pr   inf_du lg(mu)  ||d||  lg(rg) alpha_du alpha_pr  ls
1070  1.1274865e-03 2.53e-04 3.02e-02  -4.1 1.97e-02    -  1.00e+00 1.00e+00h  1
1071  1.2134421e-03 1.35e-04 5.77e-02  -4.1 1.67e-02    -  1.00e+00 5.00e-01h  2
1072  1.0864878e-03 6.35e-06 1.22e-02  -4.1 1.37e-02    -  1.00e+00 1.00e+00h  1
1073  1.0865387e-03 7.60e-07 3.54e-03  -4.0 8.19e-04    -  1.00e+00 1.00e+00h  1
1074  1.0863754e-03 2.08e-07 5.56e-04  -4.0 4.15e-04    -  1.00e+00 1.00e+00h  1
1075  1.0863077e-03 7.93e-09 6.29e-04  -4.0 1.58e-04    -  1.00e+00 1.00e+00h  1
1076  1.0861624e-03 5.61e-09 1.87e-02  -4.0 4.99e-03    -  1.00e+00 1.00e+00H  1
1077  1.0873754e-03 2.02e-05 1.21e-01  -4.0 5.70e-02    -  1.00e+00 1.25e-01h  4
1078  1.1232696e-03 2.10e-06 7.60e-02  -4.1 1.16e-02    -  1.00e+00 1.00e+00H  1
1079  1.1148083e-03 6.62e-06 7.78e-01  -4.1 6.72e-02    -  1.00e+00 6.25e-02h  5
iter    objective    inf_pr   inf_du lg(mu)  ||d||  lg(rg) alpha_du alpha_pr  ls
1080  1.1173914e-03 8.13e-06 9.20e-02  -4.1 6.89e-02    -  1.00e+00 3.12e-02h  6
1081  1.0885220e-03 9.01e-05 2.46e-02  -4.1 1.63e-02    -  1.00e+00 1.00e+00h  1
1082  1.0956101e-03 7.51e-05 2.58e-01  -4.1 2.51e-02    -  1.00e+00 2.50e-01h  3
1083  1.0819115e-03 4.59e-05 4.39e-03  -4.1 1.01e-02    -  1.00e+00 1.00e+00h  1
1084  1.0879499e-03 4.05e-05 3.91e-01  -4.0 2.42e-02    -  1.00e+00 1.25e-01h  4
1085  1.0787535e-03 3.76e-06 2.81e-03  -4.1 2.32e-03    -  1.00e+00 1.00e+00h  1
1086  1.0991212e-03 9.38e-05 4.63e-02  -4.0 1.16e-02    -  1.00e+00 1.00e+00h  1
1087  1.0872595e-03 2.86e-05 1.10e-02  -4.1 6.77e-03    -  1.00e+00 1.00e+00h  1
1088  1.1751979e-03 5.65e-05 2.56e-02  -4.1 7.99e-03    -  1.00e+00 1.00e+00H  1
1089  1.0787149e-03 2.53e-05 5.47e-03  -4.1 5.80e-03    -  1.00e+00 1.00e+00h  1
iter    objective    inf_pr   inf_du lg(mu)  ||d||  lg(rg) alpha_du alpha_pr  ls
1090  1.0786884e-03 6.14e-06 3.11e-03  -4.1 2.62e-03    -  1.00e+00 1.00e+00h  1
1091  1.0781428e-03 9.83e-07 2.44e-03  -4.0 1.16e-03    -  1.00e+00 1.00e+00h  1
1092  1.0780629e-03 1.24e-07 5.24e-04  -4.0 4.54e-04    -  1.00e+00 1.00e+00h  1
1093  1.0780110e-03 1.04e-08 7.13e-04  -4.0 1.32e-04    -  1.00e+00 1.00e+00h  1
1094  1.0778782e-03 4.39e-08 8.90e-04  -4.0 4.74e-04    -  1.00e+00 1.00e+00h  1
1095  1.0952304e-03 2.78e-08 3.30e-02  -4.0 1.29e-02    -  1.00e+00 1.00e+00H  1
1096  1.0849833e-03 1.23e-05 1.50e-02  -4.1 1.35e-02    -  1.00e+00 1.00e+00h  1
1097  1.3263124e-03 1.28e-08 4.37e-02  -4.1 3.06e-02    -  1.00e+00 1.00e+00H  1
1098  1.0800723e-03 9.42e-05 9.79e-03  -4.1 2.99e-02    -  1.00e+00 1.00e+00h  1
1099  1.0843729e-03 4.86e-05 3.23e-02  -4.1 6.40e-03    -  1.00e+00 5.00e-01h  2
iter    objective    inf_pr   inf_du lg(mu)  ||d||  lg(rg) alpha_du alpha_pr  ls
1100  1.0763629e-03 9.74e-07 2.56e-03  -4.1 1.71e-03    -  1.00e+00 1.00e+00h  1
1101  1.0765244e-03 1.08e-06 6.55e-03  -4.0 1.23e-03    -  1.00e+00 1.00e+00h  1
1102  1.0763787e-03 4.81e-07 8.39e-05  -4.0 8.21e-04    -  1.00e+00 1.00e+00h  1
1103  1.0763759e-03 3.67e-10 8.86e-05  -4.0 2.09e-05    -  1.00e+00 1.00e+00h  1
1104  1.0798839e-03 2.74e-11 6.22e-03  -4.0 1.85e-03    -  1.00e+00 1.00e+00H  1
1105  1.0774034e-03 2.76e-07 3.73e-03  -4.1 8.00e-04    -  1.00e+00 1.00e+00h  1
1106  1.0762623e-03 6.66e-07 2.51e-03  -4.1 1.04e-03    -  1.00e+00 1.00e+00h  1
1107  1.0762224e-03 8.03e-08 1.52e-03  -4.0 3.89e-04    -  1.00e+00 1.00e+00h  1
1108  1.0762073e-03 1.86e-08 1.42e-04  -4.0 2.19e-04    -  1.00e+00 1.00e+00h  1
1109  1.0761902e-03 1.10e-09 1.60e-04  -4.0 3.65e-05    -  1.00e+00 1.00e+00h  1
iter    objective    inf_pr   inf_du lg(mu)  ||d||  lg(rg) alpha_du alpha_pr  ls
1110  1.0779049e-03 7.41e-10 8.61e-03  -4.0 1.74e-03    -  1.00e+00 1.00e+00H  1
1111  1.0791518e-03 4.06e-10 5.69e-03  -4.1 1.42e-03    -  1.00e+00 1.00e+00H  1
1112  1.0759884e-03 3.36e-06 6.05e-03  -4.1 2.14e-03    -  1.00e+00 1.00e+00h  1
1113  1.0759095e-03 1.20e-06 1.98e-03  -4.0 1.24e-03    -  1.00e+00 1.00e+00h  1
1114  1.0758307e-03 5.68e-08 1.65e-04  -4.0 2.81e-04    -  1.00e+00 1.00e+00h  1
1115  1.0758269e-03 3.41e-10 1.46e-04  -4.0 1.80e-05    -  1.00e+00 1.00e+00h  1
1116  1.0756120e-03 7.11e-07 3.78e-03  -4.0 8.59e-04    -  1.00e+00 1.00e+00h  1
1117  1.0761999e-03 1.73e-06 4.59e-02  -4.0 1.11e-02    -  1.00e+00 1.25e-01h  4
1118  1.0774755e-03 5.75e-07 8.64e-03  -4.1 1.48e-03    -  1.00e+00 1.00e+00h  1
1119  1.0799267e-03 8.51e-08 7.54e-03  -4.1 1.66e-03    -  1.00e+00 1.00e+00H  1
iter    objective    inf_pr   inf_du lg(mu)  ||d||  lg(rg) alpha_du alpha_pr  ls
1120  1.0753280e-03 4.85e-07 1.11e-03  -4.1 9.52e-04    -  1.00e+00 1.00e+00h  1
1121  1.0755457e-03 1.73e-06 5.43e-03  -4.0 1.27e-03    -  1.00e+00 1.00e+00h  1
1122  1.0746917e-03 2.93e-07 3.22e-03  -4.1 8.01e-04    -  1.00e+00 1.00e+00h  1
1123  1.1031135e-03 1.91e-06 4.07e-02  -4.0 3.86e-03    -  1.00e+00 1.00e+00H  1
1124  1.0748809e-03 7.02e-06 1.08e-02  -4.1 2.81e-03    -  1.00e+00 1.00e+00h  1
1125  1.0787904e-03 2.11e-05 1.21e-02  -4.1 5.69e-03    -  1.00e+00 1.00e+00h  1
1126  1.0738197e-03 7.85e-06 4.64e-03  -4.1 3.12e-03    -  1.00e+00 1.00e+00h  1
1127  1.0772112e-03 1.93e-06 5.55e-03  -4.0 1.23e-03    -  1.00e+00 1.00e+00h  1
1128  1.0735749e-03 6.03e-07 9.27e-04  -4.1 7.21e-04    -  1.00e+00 1.00e+00h  1
1129  1.0733820e-03 1.29e-07 1.20e-03  -4.0 3.48e-04    -  1.00e+00 1.00e+00h  1
iter    objective    inf_pr   inf_du lg(mu)  ||d||  lg(rg) alpha_du alpha_pr  ls
1130  1.0733198e-03 3.17e-08 4.37e-04  -4.0 1.54e-04    -  1.00e+00 1.00e+00h  1
1131  1.0733371e-03 4.89e-08 6.50e-04  -4.0 3.17e-04    -  1.00e+00 1.00e+00h  1
1132  1.0735071e-03 1.61e-06 3.76e-03  -4.1 1.49e-03    -  1.00e+00 1.00e+00h  1
1133  1.0756583e-03 1.76e-06 4.39e-03  -4.1 1.25e-03    -  1.00e+00 1.00e+00h  1
1134  1.0728843e-03 5.13e-07 7.20e-04  -4.1 9.13e-04    -  1.00e+00 1.00e+00h  1
1135  1.0728173e-03 2.02e-07 9.82e-04  -4.0 5.04e-04    -  1.00e+00 1.00e+00h  1
1136  1.0754791e-03 2.63e-07 1.18e-02  -4.0 2.10e-03    -  1.00e+00 1.00e+00H  1
1137  1.0746357e-03 3.20e-06 4.09e-03  -4.1 2.13e-03    -  1.00e+00 1.00e+00h  1
1138  1.0936272e-03 5.27e-05 1.92e-02  -4.1 7.25e-03    -  1.00e+00 1.00e+00h  1
1139  1.0719352e-03 2.54e-05 2.44e-03  -4.1 5.13e-03    -  1.00e+00 1.00e+00h  1
iter    objective    inf_pr   inf_du lg(mu)  ||d||  lg(rg) alpha_du alpha_pr  ls
1140  1.0721513e-03 2.14e-06 2.62e-03  -4.0 1.60e-03    -  1.00e+00 1.00e+00h  1
1141  1.0719965e-03 4.56e-07 9.49e-04  -4.0 6.96e-04    -  1.00e+00 1.00e+00h  1
1142  1.0719555e-03 2.65e-08 6.69e-04  -4.0 2.05e-04    -  1.00e+00 1.00e+00h  1
1143  1.0717496e-03 7.73e-07 6.00e-03  -4.0 1.07e-03    -  1.00e+00 1.00e+00h  1
1144  1.0718797e-03 5.54e-07 1.70e-03  -4.0 9.38e-04    -  1.00e+00 1.00e+00h  1
1145  1.0716415e-03 1.15e-08 5.73e-04  -4.0 1.30e-04    -  1.00e+00 1.00e+00h  1
1146  1.0715174e-03 1.64e-08 7.69e-04  -4.0 2.84e-04    -  1.00e+00 1.00e+00h  1
1147  1.0713842e-03 2.63e-06 1.46e-02  -4.0 6.07e-02    -  1.00e+00 6.25e-02h  5
1148  1.0711248e-03 2.97e-06 1.55e-01  -4.1 4.96e-02    -  1.00e+00 3.12e-02h  6
1149  1.0665923e-03 1.51e-04 1.05e-01  -4.1 5.57e-02    -  1.00e+00 5.00e-01h  2
iter    objective    inf_pr   inf_du lg(mu)  ||d||  lg(rg) alpha_du alpha_pr  ls
1150  1.0690563e-03 1.58e-04 3.96e-01  -4.0 1.50e-01    -  1.00e+00 6.25e-02h  5
1151  1.0698959e-03 1.59e-04 3.47e-01  -4.1 2.13e-01    -  1.00e+00 3.12e-02h  6
1152  1.0744025e-03 8.54e-05 1.42e-01  -4.1 2.70e-02    -  1.00e+00 5.00e-01h  2
1153  1.1462730e-03 5.09e-05 1.14e-01  -4.1 1.08e-02    -  1.00e+00 1.00e+00h  1
1154  1.2139642e-03 3.88e-05 4.75e-02  -4.1 1.72e-02    -  1.00e+00 5.00e-01h  2
1155  1.1181089e-03 1.42e-05 6.88e-02  -4.1 9.77e-03    -  1.00e+00 1.00e+00h  1
1156  1.1150252e-03 3.59e-05 5.59e-02  -4.1 1.82e-02    -  1.00e+00 5.00e-01h  2
1157  1.1185061e-03 5.63e-06 8.17e-02  -4.1 2.25e-02    -  1.00e+00 1.00e+00H  1
1158  1.0907110e-03 2.91e-05 1.16e-01  -4.1 6.88e-02    -  1.00e+00 1.25e-01h  4
1159  1.0778646e-03 1.00e-04 3.28e-01  -4.1 1.03e-01    -  1.00e+00 1.25e-01h  4
iter    objective    inf_pr   inf_du lg(mu)  ||d||  lg(rg) alpha_du alpha_pr  ls
1160  1.0781620e-03 6.93e-05 2.39e-02  -4.1 8.46e-03    -  1.00e+00 1.00e+00h  1
1161  1.1069610e-03 1.04e-04 1.44e-02  -4.1 1.62e-02    -  1.00e+00 1.00e+00h  1
1162  1.0999674e-03 9.07e-05 6.47e-02  -4.1 4.61e-02    -  1.00e+00 1.25e-01h  4
1163  1.0656040e-03 2.16e-04 3.38e-02  -4.1 4.53e-02    -  1.00e+00 1.00e+00h  1
1164  2.0476562e-03 2.63e-04 1.13e-01  -4.0 1.40e-01    -  1.00e+00 2.50e-01h  3
1165  1.0481881e-03 1.15e-04 7.14e-03  -4.1 2.55e-02    -  1.00e+00 1.00e+00h  1
1166  1.1350064e-03 9.39e-05 1.62e-02  -4.0 1.60e-02    -  1.00e+00 1.00e+00h  1
1167  1.0558639e-03 1.01e-04 1.18e-02  -4.1 1.19e-02    -  1.00e+00 1.00e+00h  1
1168  1.0698605e-03 1.36e-04 1.30e-02  -4.0 1.35e-02    -  1.00e+00 1.00e+00h  1
1169  1.0404396e-03 3.35e-05 8.50e-03  -4.1 8.84e-03    -  1.00e+00 1.00e+00h  1
iter    objective    inf_pr   inf_du lg(mu)  ||d||  lg(rg) alpha_du alpha_pr  ls
1170  1.0388604e-03 1.49e-05 1.55e-02  -4.0 4.62e-03    -  1.00e+00 1.00e+00h  1
1171  1.0368900e-03 1.48e-05 4.95e-03  -4.0 4.55e-03    -  1.00e+00 1.00e+00h  1
1172  1.0348300e-03 7.02e-07 3.23e-03  -4.0 1.08e-03    -  1.00e+00 1.00e+00h  1
1173  1.0337840e-03 6.23e-06 1.60e-02  -4.0 3.09e-03    -  1.00e+00 1.00e+00h  1
1174  1.0338111e-03 4.32e-06 1.63e-03  -4.0 2.48e-03    -  1.00e+00 1.00e+00h  1
1175  1.0336857e-03 1.20e-07 8.98e-04  -4.0 4.17e-04    -  1.00e+00 1.00e+00h  1
1176  1.0334089e-03 6.04e-11 9.07e-04  -4.0 2.05e-04    -  1.00e+00 1.00e+00H  1
1177  1.0325460e-03 2.13e-06 6.61e-03  -4.0 6.18e-03    -  1.00e+00 2.50e-01h  3
1178  1.0330376e-03 7.53e-06 6.83e-02  -4.0 2.10e-02    -  1.00e+00 1.25e-01h  4
1179  1.0347332e-03 7.11e-06 1.91e-01  -4.1 6.01e-03    -  1.00e+00 2.50e-01h  3
iter    objective    inf_pr   inf_du lg(mu)  ||d||  lg(rg) alpha_du alpha_pr  ls
1180  1.0300054e-03 3.20e-06 8.82e-03  -4.1 1.98e-03    -  1.00e+00 1.00e+00h  1
1181  1.0301419e-03 3.04e-07 2.49e-03  -4.0 2.40e-03    -  1.00e+00 1.00e+00h  1
1182  1.0325729e-03 5.00e-08 1.09e-02  -4.0 7.19e-03    -  1.00e+00 1.00e+00H  1
1183  1.0297040e-03 4.52e-06 1.40e-02  -4.0 2.90e-03    -  1.00e+00 1.00e+00h  1
1184  1.0395530e-03 1.16e-05 7.89e-03  -4.0 1.77e-02    -  1.00e+00 1.00e+00h  1
1185  1.0406307e-03 3.22e-06 6.61e-03  -4.1 1.21e-02    -  1.00e+00 1.00e+00h  1
1186  1.0302304e-03 4.35e-06 5.25e-03  -4.1 7.75e-03    -  1.00e+00 1.00e+00h  1
1187  1.0294584e-03 1.59e-06 3.47e-03  -4.1 6.15e-03    -  1.00e+00 1.00e+00h  1
1188  1.0279251e-03 5.79e-08 4.23e-03  -4.0 1.10e-03    -  1.00e+00 1.00e+00H  1
1189  1.0346952e-03 7.31e-08 5.95e-03  -4.0 1.32e-03    -  1.00e+00 1.00e+00H  1
iter    objective    inf_pr   inf_du lg(mu)  ||d||  lg(rg) alpha_du alpha_pr  ls
1190  1.0274206e-03 5.38e-07 6.00e-04  -4.1 9.77e-04    -  1.00e+00 1.00e+00h  1
1191  1.0274298e-03 3.24e-08 3.70e-04  -4.0 6.26e-04    -  1.00e+00 1.00e+00h  1
1192  1.0273909e-03 1.83e-08 8.66e-04  -4.0 1.71e-04    -  1.00e+00 1.00e+00h  1
1193  1.0273685e-03 4.22e-09 3.27e-04  -4.0 1.59e-04    -  1.00e+00 1.00e+00h  1
1194  1.0273530e-03 1.64e-07 2.20e-03  -4.0 1.37e-03    -  1.00e+00 1.00e+00h  1
1195  1.0281599e-03 2.44e-08 1.31e-02  -4.1 3.08e-03    -  1.00e+00 1.00e+00H  1
1196  1.0278545e-03 6.99e-08 4.30e-02  -4.1 1.77e-02    -  1.00e+00 1.56e-02h  7
1197  1.0281393e-03 2.59e-08 6.29e-03  -4.1 5.06e-03    -  1.00e+00 1.00e+00H  1
1198  1.0332686e-03 1.74e-08 1.10e-02  -4.1 4.96e-03    -  1.00e+00 1.00e+00H  1
1199  1.0256750e-03 2.60e-06 1.95e-03  -4.1 6.26e-03    -  1.00e+00 1.00e+00h  1
iter    objective    inf_pr   inf_du lg(mu)  ||d||  lg(rg) alpha_du alpha_pr  ls
1200  1.0258047e-03 9.37e-08 1.33e-02  -4.0 3.10e-03    -  1.00e+00 1.00e+00H  1
1201  1.0317056e-03 2.30e-05 5.58e-02  -4.0 1.55e-02    -  1.00e+00 5.00e-01h  2
1202  1.0294577e-03 2.30e-05 9.07e-02  -4.1 7.56e-02    -  1.00e+00 6.25e-02h  5
1203  1.0320452e-03 2.15e-05 7.45e-02  -4.1 7.35e-02    -  1.00e+00 1.25e-01h  4
1204  1.0432276e-03 2.41e-05 1.44e-02  -4.1 7.30e-03    -  1.00e+00 1.00e+00h  1
1205  1.0373407e-03 3.97e-05 3.33e-01  -4.1 8.44e-02    -  1.00e+00 2.50e-01h  3
1206  1.0542823e-03 1.48e-05 9.75e-03  -4.1 1.32e-02    -  1.00e+00 1.00e+00h  1
1207  1.0301853e-03 7.26e-05 3.54e-01  -4.1 6.24e-02    -  1.00e+00 2.50e-01h  3
1208  1.0281408e-03 1.67e-04 1.17e-01  -4.1 1.61e-01    -  1.00e+00 1.25e-01h  4
1209  1.0254094e-03 1.70e-04 2.01e-01  -4.1 1.08e+00    -  1.00e+00 3.91e-03h  9
iter    objective    inf_pr   inf_du lg(mu)  ||d||  lg(rg) alpha_du alpha_pr  ls
1210  1.0284961e-03 1.48e-04 1.96e-01  -4.1 1.47e-01    -  1.00e+00 1.25e-01h  4
1211  1.0421463e-03 5.68e-05 1.83e-02  -4.1 1.25e-02    -  1.00e+00 1.00e+00h  1
1212  1.0373971e-03 1.23e-04 4.09e-02  -4.1 1.10e-01    -  1.00e+00 2.50e-01h  3
1213  1.0264196e-03 1.03e-04 3.37e-01  -4.1 4.56e-02    -  1.00e+00 2.50e-01h  3
1214  1.0192983e-03 2.61e-04 2.31e-01  -4.1 9.01e-01    -  1.00e+00 3.12e-02h  6
1215  1.5112592e-03 2.52e-03 4.28e-01  -3.0 1.88e+00    -  9.76e-01 6.25e-02h  5
1216  1.6303479e-03 2.35e-03 8.46e-01  -3.1 1.23e+00    -  3.57e-01 1.22e-03H  1
1217  1.0383357e-03 5.96e-04 9.03e-02  -3.1 6.03e-02    -  1.00e+00 1.00e+00f  1
1218  2.1173718e-03 6.19e-03 3.77e-02  -3.1 1.16e-01    -  1.00e+00 1.00e+00h  1
1219  2.5731513e-03 6.09e-03 3.44e-02  -3.1 2.81e-01    -  1.00e+00 5.00e-01h  2
iter    objective    inf_pr   inf_du lg(mu)  ||d||  lg(rg) alpha_du alpha_pr  ls
1220  1.8310790e-03 1.06e-02 6.31e-02  -3.1 2.03e+00    -  3.19e-01 3.21e-02h  5
1221  3.2438252e-03 1.23e-02 3.71e-02  -3.1 2.10e-01    -  1.00e+00 5.00e-01h  2
1222  1.2185313e-03 5.08e-03 2.93e-02  -3.1 9.68e-02    -  1.00e+00 1.00e+00h  1
1223  1.1924261e-03 4.80e-03 5.39e-02  -3.1 5.19e-01    -  1.00e+00 6.25e-02h  5
1224  1.1314879e-03 6.26e-03 4.84e-02  -3.1 6.29e-01    -  1.00e+00 6.25e-02h  5
1225  1.1062428e-03 1.99e-03 6.63e-03  -3.1 5.61e-02    -  1.00e+00 1.00e+00h  1
1226  1.0199803e-03 2.04e-03 5.44e-02  -4.7 1.89e-01    -  8.86e-01 1.25e-01h  4
1227  1.4223699e-03 8.26e-04 6.43e-03  -4.0 3.57e-02    -  1.00e+00 1.00e+00h  1
1228  9.8792097e-04 9.01e-04 2.51e-03  -4.1 3.57e-02    -  1.00e+00 1.00e+00h  1
1229  9.8597975e-04 1.03e-04 2.71e-03  -4.0 1.08e-02    -  1.00e+00 1.00e+00h  1
iter    objective    inf_pr   inf_du lg(mu)  ||d||  lg(rg) alpha_du alpha_pr  ls
1230  9.8776808e-04 2.56e-04 2.80e-02  -4.0 1.98e-02    -  1.00e+00 1.00e+00h  1
1231  9.7746941e-04 1.05e-04 3.00e-03  -4.0 1.27e-02    -  1.00e+00 1.00e+00h  1
1232  9.7250422e-04 1.38e-05 5.05e-03  -4.0 4.42e-03    -  1.00e+00 1.00e+00h  1
1233  9.7140347e-04 1.27e-05 8.04e-03  -4.0 4.51e-03    -  1.00e+00 1.00e+00h  1
1234  9.7060642e-04 5.49e-06 9.82e-03  -4.0 2.22e-03    -  1.00e+00 1.00e+00h  1
1235  9.7065140e-04 7.70e-06 8.04e-03  -4.0 2.64e-03    -  1.00e+00 1.00e+00h  1
1236  9.6994066e-04 1.96e-06 1.32e-03  -4.1 1.62e-03    -  1.00e+00 1.00e+00h  1
1237  9.6928399e-04 1.38e-07 1.74e-03  -4.0 1.02e-03    -  1.00e+00 1.00e+00h  1
1238  9.6890107e-04 5.03e-08 1.61e-03  -4.0 7.57e-04    -  1.00e+00 1.00e+00h  1
1239  9.6807584e-04 3.24e-07 2.59e-03  -4.0 2.50e-03    -  1.00e+00 1.00e+00h  1
iter    objective    inf_pr   inf_du lg(mu)  ||d||  lg(rg) alpha_du alpha_pr  ls
1240  9.6841016e-04 9.79e-09 5.83e-03  -4.0 4.26e-03    -  1.00e+00 1.00e+00H  1
1241  9.6762834e-04 2.76e-06 1.24e-02  -4.0 2.10e-03    -  1.00e+00 1.00e+00h  1
1242  9.6785583e-04 2.30e-06 2.52e-03  -4.0 5.13e-03    -  1.00e+00 1.00e+00h  1
1243  9.7164936e-04 3.17e-06 8.84e-03  -4.0 4.87e-03    -  1.00e+00 1.00e+00h  1
1244  9.6651653e-04 2.59e-06 1.76e-03  -4.1 5.87e-03    -  1.00e+00 1.00e+00h  1
1245  9.6657771e-04 1.01e-07 2.30e-03  -4.0 3.91e-04    -  1.00e+00 1.00e+00h  1
1246  9.6626803e-04 1.09e-07 2.41e-03  -4.0 1.51e-03    -  1.00e+00 1.00e+00h  1
1247  9.6618971e-04 2.56e-07 3.03e-03  -4.0 7.39e-04    -  1.00e+00 1.00e+00h  1
1248  9.6615055e-04 4.51e-07 3.56e-03  -4.0 8.79e-04    -  1.00e+00 1.00e+00h  1
1249  9.6562260e-04 6.70e-08 1.67e-03  -4.0 3.85e-04    -  1.00e+00 1.00e+00h  1
iter    objective    inf_pr   inf_du lg(mu)  ||d||  lg(rg) alpha_du alpha_pr  ls
1250  9.6536742e-04 8.79e-08 7.35e-04  -4.0 4.97e-04    -  1.00e+00 1.00e+00h  1
1251  9.6500636e-04 2.42e-06 6.97e-03  -4.0 1.87e-03    -  1.00e+00 1.00e+00h  1
1252  1.0183706e-03 7.19e-07 8.93e-02  -4.0 1.89e-02    -  1.00e+00 1.00e+00H  1
1253  1.0156523e-03 5.99e-06 2.79e-01  -4.1 4.57e-02    -  1.00e+00 2.50e-01h  3
1254  9.8265656e-04 2.13e-04 2.46e-02  -4.1 3.53e-02    -  1.00e+00 5.00e-01h  2
1255  9.7231415e-04 2.32e-04 7.17e-01  -4.1 1.42e-01    -  1.00e+00 1.25e-01h  4
1256  1.0389827e-03 1.75e-04 3.04e-01  -4.1 2.19e-01    -  1.00e+00 2.50e-01h  3
1257  9.8410725e-04 8.92e-05 1.35e-02  -4.1 6.03e-02    -  1.00e+00 1.00e+00h  1
1258  9.9666117e-04 7.84e-05 4.84e-01  -4.1 1.42e-01    -  1.00e+00 1.25e-01h  4
1259  9.6653789e-04 3.98e-05 1.84e-02  -4.1 2.68e-02    -  1.00e+00 1.00e+00h  1
iter    objective    inf_pr   inf_du lg(mu)  ||d||  lg(rg) alpha_du alpha_pr  ls
1260  9.6244694e-04 1.00e-05 6.53e-03  -4.1 6.23e-03    -  1.00e+00 1.00e+00h  1
1261  9.6119913e-04 1.83e-06 3.61e-03  -4.0 9.03e-03    -  1.00e+00 1.00e+00h  1
1262  9.6120728e-04 2.94e-07 1.47e-03  -4.0 2.46e-03    -  1.00e+00 1.00e+00h  1
1263  9.6084704e-04 8.72e-08 1.41e-03  -4.0 4.04e-04    -  1.00e+00 1.00e+00h  1
1264  9.6079337e-04 3.93e-08 4.63e-04  -4.0 2.38e-04    -  1.00e+00 1.00e+00h  1
1265  9.6080030e-04 3.18e-09 2.25e-04  -4.0 1.41e-04    -  1.00e+00 1.00e+00h  1
1266  9.6083921e-04 1.05e-07 1.21e-03  -4.0 4.41e-04    -  1.00e+00 1.00e+00h  1
1267  9.6183545e-04 1.73e-08 4.94e-03  -4.1 1.59e-03    -  1.00e+00 1.00e+00H  1
1268  9.6117217e-04 9.55e-07 2.99e-03  -4.1 1.43e-03    -  1.00e+00 1.00e+00h  1
1269  9.6137880e-04 1.19e-08 3.90e-03  -4.1 8.73e-04    -  1.00e+00 1.00e+00H  1
iter    objective    inf_pr   inf_du lg(mu)  ||d||  lg(rg) alpha_du alpha_pr  ls
1270  9.6026521e-04 5.55e-07 1.02e-03  -4.1 8.73e-04    -  1.00e+00 1.00e+00h  1
1271  9.6058907e-04 1.77e-07 2.42e-03  -4.0 4.58e-04    -  1.00e+00 1.00e+00h  1
1272  9.6003506e-04 9.25e-08 9.86e-04  -4.0 2.98e-04    -  1.00e+00 1.00e+00h  1
1273  9.5997765e-04 2.91e-08 9.94e-04  -4.0 1.66e-04    -  1.00e+00 1.00e+00h  1
1274  9.5977096e-04 4.49e-08 1.62e-03  -4.0 3.66e-04    -  1.00e+00 1.00e+00h  1
1275  9.6604057e-04 1.62e-08 3.03e-02  -4.0 6.56e-03    -  1.00e+00 1.00e+00H  1
1276  9.6460387e-04 1.39e-07 1.74e-01  -4.1 6.37e-03    -  1.00e+00 1.25e-01h  4
1277  9.5929781e-04 6.78e-06 6.69e-03  -4.1 4.16e-03    -  1.00e+00 1.00e+00h  1
1278  9.6093849e-04 7.08e-06 3.94e-02  -4.0 1.69e-02    -  1.00e+00 1.25e-01h  4
1279  9.5824320e-04 3.79e-06 5.94e-03  -4.1 3.44e-03    -  1.00e+00 1.00e+00h  1
iter    objective    inf_pr   inf_du lg(mu)  ||d||  lg(rg) alpha_du alpha_pr  ls
1280  9.6126538e-04 3.62e-06 1.46e-01  -4.0 9.87e-03    -  1.00e+00 1.25e-01h  4
1281  9.5816423e-04 6.38e-07 1.03e-03  -4.1 9.51e-04    -  1.00e+00 1.00e+00h  1
1282  9.5800009e-04 8.85e-07 5.93e-03  -4.0 1.15e-03    -  1.00e+00 1.00e+00h  1
1283  9.5810370e-04 5.32e-07 6.56e-04  -4.0 8.86e-04    -  1.00e+00 1.00e+00h  1
1284  9.5809085e-04 2.43e-09 6.91e-04  -4.0 1.01e-04    -  1.00e+00 1.00e+00h  1
1285  9.5803806e-04 7.93e-08 3.88e-03  -4.0 3.45e-02    -  1.00e+00 1.56e-02h  7
1286  9.6064501e-04 4.28e-09 6.02e-02  -4.1 1.68e-02    -  1.00e+00 1.00e+00H  1
1287  9.6049917e-04 3.38e-08 3.19e-01  -4.1 2.59e-01    -  1.00e+00 1.95e-03h 10
1288  9.6031937e-04 4.74e-08 7.14e-02  -4.1 7.64e-02    -  1.00e+00 3.91e-03h  9
1289  9.5958824e-04 6.32e-08 9.46e-02  -4.1 1.85e-02    -  1.00e+00 1.56e-02h  7
iter    objective    inf_pr   inf_du lg(mu)  ||d||  lg(rg) alpha_du alpha_pr  ls
1290  9.5783189e-04 1.05e-04 2.90e-01  -4.1 3.25e-02    -  1.00e+00 5.00e-01h  2
1291  9.6883811e-04 1.21e-04 1.15e-01  -4.1 8.02e-02    -  1.00e+00 2.50e-01h  3
1292  9.5910633e-04 1.09e-04 8.55e-02  -4.1 6.90e-02    -  1.00e+00 1.25e-01h  4
1293  9.6622531e-04 4.77e-04 1.47e-01  -4.1 9.06e-02    -  1.00e+00 5.00e-01h  2
1294  9.5632007e-04 6.42e-04 3.18e-01  -4.1 1.17e+00    -  1.00e+00 3.12e-02h  6
1295  9.5421891e-04 6.42e-04 3.82e-01  -4.1 1.74e+00    -  4.21e-01 3.91e-03h  9
1296  9.5864336e-04 6.14e-04 3.07e-02  -4.1 1.77e-01    -  1.00e+00 6.25e-02h  5
1297  9.5379222e-04 6.20e-04 1.30e-01  -4.1 1.14e-01    -  1.00e+00 2.50e-01h  3
1298  9.5360811e-04 6.28e-04 2.35e-01  -4.0 9.75e-01    -  1.00e+00 7.81e-03h  8
1299  1.1570292e-03 5.47e-04 1.66e-01  -4.1 1.09e-01    -  1.00e+00 2.50e-01h  3
iter    objective    inf_pr   inf_du lg(mu)  ||d||  lg(rg) alpha_du alpha_pr  ls
1300  1.0382355e-03 3.59e-04 3.03e-02  -4.1 4.81e-02    -  1.00e+00 1.00e+00h  1
1301  9.9433415e-04 6.85e-04 1.85e-01  -4.1 3.90e-01    -  1.00e+00 1.25e-01h  4
1302  9.9046960e-04 9.47e-04 9.55e-02  -4.1 1.77e-01    -  1.00e+00 2.50e-01h  3
1303  9.6911714e-04 1.42e-03 1.46e-01  -4.1 3.49e+00    -  1.00e+00 1.56e-02h  7
1304  9.6064346e-04 1.42e-03 1.29e-01  -4.1 2.68e+00    -  8.46e-01 1.83e-03h 10
1305  9.9654931e-04 7.26e-04 5.39e-02  -4.1 4.59e-02    -  1.00e+00 5.00e-01h  2
1306  9.7784513e-04 1.19e-03 1.45e-01  -4.1 1.54e+00    -  7.04e-01 3.12e-02h  6
1307  9.8415373e-04 1.22e-03 3.78e-02  -4.1 1.63e+00    -  1.00e+00 1.56e-02h  7
1308  1.0141429e-03 7.77e-04 1.98e-02  -4.1 5.23e-02    -  1.00e+00 5.00e-01h  2
1309  1.0078949e-03 7.25e-04 8.74e-02  -4.1 3.67e-01    -  1.00e+00 6.25e-02h  5
iter    objective    inf_pr   inf_du lg(mu)  ||d||  lg(rg) alpha_du alpha_pr  ls
1310  1.0091348e-03 1.16e-03 3.34e-02  -4.1 1.09e-01    -  1.00e+00 5.00e-01h  2
1311  9.9679360e-04 1.15e-03 4.70e-02  -4.1 2.05e+00    -  1.00e+00 7.81e-03h  8
1312  1.0683727e-03 2.63e-04 1.15e-02  -4.1 4.36e-02    -  1.00e+00 1.00e+00h  1
1313  1.0933016e-03 4.03e-04 4.23e-02  -4.1 1.12e-01    -  1.00e+00 5.00e-01h  2
1314  1.0230198e-03 4.06e-04 1.03e-01  -4.1 4.66e-01    -  1.00e+00 3.12e-02h  6
1315  1.1206489e-03 5.73e-04 5.84e-02  -4.1 5.44e-02    -  1.00e+00 5.00e-01h  2
1316  1.0135613e-03 6.34e-04 3.29e-02  -4.1 1.82e-01    -  1.00e+00 2.50e-01h  3
1317  9.8969245e-04 9.60e-04 1.10e-01  -4.1 7.13e-01    -  1.00e+00 6.25e-02h  5
1318  9.8727683e-04 9.60e-04 1.52e-01  -4.1 5.19e-01    -  7.34e-01 6.25e-02h  5
1319  9.9057804e-04 1.02e-03 8.04e-02  -4.1 8.15e-01    -  1.00e+00 3.12e-02h  6
iter    objective    inf_pr   inf_du lg(mu)  ||d||  lg(rg) alpha_du alpha_pr  ls
1320  9.8440770e-04 1.01e-03 1.39e-01  -4.1 4.54e-01    -  7.55e-01 6.25e-02h  5
1321  9.7414912e-04 1.01e-03 8.03e-02  -4.1 2.16e-01    -  1.00e+00 1.08e-01h  4
1322  9.6618750e-04 1.03e-03 1.27e-01  -4.1 8.83e-01    -  8.62e-01 1.56e-02h  7
1323  9.6333019e-04 1.00e-03 6.80e-02  -4.1 2.51e-01    -  1.00e+00 6.05e-02h  5
1324  1.0110184e-03 9.26e-04 8.81e-02  -4.1 2.97e-01    -  1.00e+00 1.25e-01h  4
1325  9.8862470e-04 9.65e-04 2.47e-02  -4.1 2.72e-01    -  1.00e+00 9.35e-02h  4
1326  9.7366966e-04 9.50e-04 9.64e-02  -4.1 1.02e+00    -  1.00e+00 3.12e-02h  6
1327  2.1020580e-03 6.85e-04 8.22e-03  -4.1 3.02e-02    -  1.00e+00 1.00e+00h  1
1328  9.4361429e-04 8.51e-04 1.92e-03  -4.1 2.50e-02    -  1.00e+00 1.00e+00h  1
1329  9.4150069e-04 4.76e-05 3.63e-03  -4.0 1.65e-02    -  1.00e+00 1.00e+00h  1
iter    objective    inf_pr   inf_du lg(mu)  ||d||  lg(rg) alpha_du alpha_pr  ls
1330  9.6249531e-04 9.33e-05 7.05e-02  -4.0 2.72e-01    -  1.00e+00 6.25e-02h  5
1331  9.7089095e-04 1.30e-04 9.19e-02  -4.1 2.46e-01    -  1.00e+00 6.25e-02h  5
1332  9.6386922e-04 2.19e-04 6.72e-02  -4.1 1.94e-01    -  1.00e+00 1.25e-01h  4
1333  9.6395041e-04 2.04e-04 1.04e-01  -4.1 4.90e-01    -  1.00e+00 6.25e-02h  5
1334  9.8318265e-04 1.60e-04 4.64e-02  -4.1 3.46e-02    -  1.00e+00 5.00e-01h  2
1335  9.5851315e-04 1.69e-04 3.02e-02  -4.1 2.16e-01    -  1.00e+00 6.25e-02h  5
1336  9.3739327e-04 2.28e-04 2.52e-02  -4.1 6.51e-01    -  1.00e+00 3.12e-02h  6
1337  9.4315902e-04 2.24e-04 1.24e-01  -4.0 9.99e-02    -  1.00e+00 6.25e-02h  5
1338  1.0290708e-03 1.35e-04 1.54e-02  -4.1 1.64e-02    -  1.00e+00 1.00e+00h  1
1339  9.3882993e-04 9.40e-05 9.08e-03  -4.1 2.07e-02    -  1.00e+00 1.00e+00h  1
iter    objective    inf_pr   inf_du lg(mu)  ||d||  lg(rg) alpha_du alpha_pr  ls
1340  9.4655356e-04 7.38e-05 7.39e-02  -4.0 8.63e-02    -  1.00e+00 2.50e-01h  3
1341  9.4445263e-04 1.18e-04 3.32e-02  -4.1 6.85e-02    -  1.00e+00 2.50e-01h  3
1342  9.4391632e-04 9.55e-05 3.74e-02  -4.1 3.22e-02    -  1.00e+00 2.50e-01h  3
1343  9.3686472e-04 9.52e-05 2.37e-01  -4.1 2.13e-01    -  9.39e-01 3.12e-02h  6
1344  9.3731411e-04 1.45e-04 7.44e-02  -4.0 3.64e-01    -  1.00e+00 5.79e-03H  1
1345  9.3980914e-04 1.81e-04 1.70e-02  -4.0 1.79e-02    -  1.00e+00 1.00e+00h  1
1346  9.9812440e-04 8.63e-05 1.06e-02  -4.0 1.97e-02    -  1.00e+00 1.00e+00h  1
1347  9.4239317e-04 4.09e-05 8.72e-03  -4.1 1.03e-02    -  1.00e+00 1.00e+00h  1
1348  9.2957816e-04 3.91e-05 8.78e-03  -4.0 7.33e-03    -  1.00e+00 1.00e+00h  1
1349  9.3642013e-04 2.52e-05 6.03e-02  -4.0 7.71e-03    -  1.00e+00 5.00e-01h  2
iter    objective    inf_pr   inf_du lg(mu)  ||d||  lg(rg) alpha_du alpha_pr  ls
1350  9.3081611e-04 2.94e-05 3.77e-02  -4.0 1.32e-02    -  1.00e+00 5.00e-01h  2
1351  1.1119529e-03 4.84e-06 1.49e-02  -4.1 1.86e-02    -  1.00e+00 1.00e+00H  1
1352  9.3803488e-04 6.31e-06 2.08e-02  -4.1 1.12e-02    -  1.00e+00 1.00e+00h  1
1353  9.2827256e-04 1.24e-05 1.11e-02  -4.0 8.74e-03    -  1.00e+00 1.00e+00h  1
1354  1.0847280e-03 1.02e-05 4.75e-01  -4.0 1.80e-02    -  1.00e+00 6.16e-01H  1
1355  1.0770108e-03 1.98e-05 3.11e-02  -4.1 1.15e-02    -  1.00e+00 1.00e+00h  1
1356  1.0698633e-03 1.48e-05 1.74e-02  -4.1 8.63e-03    -  1.00e+00 1.00e+00h  1
1357  9.2899050e-04 1.55e-05 1.37e-02  -4.1 6.61e-03    -  1.00e+00 1.00e+00h  1
1358  9.2767304e-04 6.98e-06 1.09e-02  -4.0 3.13e-03    -  1.00e+00 1.00e+00h  1
1359  9.2693981e-04 9.11e-07 1.50e-03  -4.0 1.21e-03    -  1.00e+00 1.00e+00h  1
iter    objective    inf_pr   inf_du lg(mu)  ||d||  lg(rg) alpha_du alpha_pr  ls
1360  9.2657582e-04 8.77e-08 1.79e-03  -4.0 9.99e-04    -  1.00e+00 1.00e+00h  1
1361  9.2591581e-04 4.21e-07 2.87e-03  -4.0 2.28e-03    -  1.00e+00 1.00e+00h  1
1362  9.2668072e-04 1.32e-07 2.75e-03  -4.0 4.78e-04    -  1.00e+00 1.00e+00h  1
1363  9.2567762e-04 3.74e-08 1.09e-03  -4.1 7.17e-04    -  1.00e+00 1.00e+00h  1
1364  9.2549796e-04 2.00e-08 4.94e-04  -4.0 2.18e-04    -  1.00e+00 1.00e+00h  1
1365  9.7311914e-04 1.81e-09 5.00e-02  -4.0 9.50e-03    -  1.00e+00 1.00e+00H  1
1366  9.4182202e-04 2.20e-05 1.66e-02  -4.1 2.81e-02    -  1.00e+00 1.00e+00h  1
1367  9.6708762e-04 2.63e-05 3.74e-01  -4.1 3.00e-02    -  1.00e+00 5.00e-01h  2
1368  9.4058856e-04 7.29e-05 3.71e-02  -4.1 1.07e-02    -  1.00e+00 1.00e+00h  1
1369  9.2176088e-04 4.18e-05 6.81e-03  -4.1 6.27e-03    -  1.00e+00 1.00e+00h  1
iter    objective    inf_pr   inf_du lg(mu)  ||d||  lg(rg) alpha_du alpha_pr  ls
1370  1.0186873e-03 2.21e-04 1.70e-02  -4.0 2.19e-02    -  1.00e+00 1.00e+00h  1
1371  9.1859313e-04 9.98e-05 3.49e-03  -4.1 1.54e-02    -  1.00e+00 1.00e+00h  1
1372  9.2521605e-04 4.00e-05 1.45e-02  -4.0 8.06e-03    -  1.00e+00 1.00e+00h  1
1373  9.1814942e-04 3.72e-05 5.61e-03  -4.0 7.01e-03    -  1.00e+00 1.00e+00h  1
1374  9.1792080e-04 4.69e-06 3.22e-03  -4.0 2.54e-03    -  1.00e+00 1.00e+00h  1
1375  9.1786350e-04 7.10e-07 1.09e-03  -4.0 1.02e-03    -  1.00e+00 1.00e+00h  1
1376  9.1772925e-04 1.05e-07 1.62e-03  -4.0 3.03e-04    -  1.00e+00 1.00e+00h  1
1377  9.1772673e-04 2.68e-08 3.62e-04  -4.0 1.92e-04    -  1.00e+00 1.00e+00h  1
1378  9.1765771e-04 2.13e-08 5.14e-04  -4.0 4.15e-04    -  1.00e+00 1.00e+00h  1
1379  9.1859465e-04 9.00e-09 4.84e-03  -4.0 3.64e-03    -  1.00e+00 1.00e+00H  1
iter    objective    inf_pr   inf_du lg(mu)  ||d||  lg(rg) alpha_du alpha_pr  ls
1380  9.1805866e-04 3.36e-07 5.53e-03  -4.1 6.67e-04    -  1.00e+00 1.00e+00h  1
1381  9.1861163e-04 4.74e-07 2.69e-03  -4.1 2.17e-03    -  1.00e+00 1.00e+00h  1
1382  9.1659075e-04 1.15e-07 7.95e-04  -4.1 9.76e-04    -  1.00e+00 1.00e+00h  1
1383  9.1646667e-04 1.44e-11 6.66e-04  -4.0 2.01e-04    -  1.00e+00 1.00e+00H  1
1384  9.1533376e-04 1.17e-05 2.14e-02  -4.0 1.83e-02    -  1.00e+00 2.50e-01h  3
1385  9.1776691e-04 1.10e-05 1.19e-01  -4.0 9.29e-03    -  1.00e+00 2.50e-01h  3
1386  9.4521022e-04 3.49e-05 3.17e-02  -4.1 8.41e-03    -  1.00e+00 1.00e+00H  1
1387  9.6047371e-04 1.66e-05 1.87e-02  -4.1 6.32e-03    -  1.00e+00 1.00e+00H  1
1388  9.6917900e-04 6.45e-06 7.79e-03  -4.1 1.09e-02    -  1.00e+00 1.00e+00h  1
1389  9.2059774e-04 7.52e-06 1.34e-02  -4.1 5.17e-03    -  1.00e+00 1.00e+00h  1
iter    objective    inf_pr   inf_du lg(mu)  ||d||  lg(rg) alpha_du alpha_pr  ls
1390  9.1726783e-04 2.87e-06 9.04e-03  -4.1 4.30e-03    -  1.00e+00 1.00e+00h  1
1391  9.1360430e-04 2.19e-06 3.04e-03  -4.1 1.42e-03    -  1.00e+00 1.00e+00h  1
1392  9.1636335e-04 2.63e-06 7.89e-03  -4.0 1.55e-03    -  1.00e+00 1.00e+00h  1
1393  9.1306759e-04 1.49e-06 1.16e-03  -4.0 1.25e-03    -  1.00e+00 1.00e+00h  1
1394  9.1307462e-04 2.46e-08 7.74e-04  -4.0 1.93e-04    -  1.00e+00 1.00e+00h  1
1395  9.1298913e-04 5.65e-09 5.06e-04  -4.0 1.12e-04    -  1.00e+00 1.00e+00h  1
1396  9.1253187e-04 6.49e-07 1.35e-02  -4.0 1.59e-02    -  1.00e+00 6.25e-02h  5
1397  9.1382619e-04 8.69e-08 1.62e-02  -4.0 3.67e-03    -  1.00e+00 1.00e+00H  1
1398  9.1276198e-04 7.08e-06 2.09e-01  -4.1 4.68e-02    -  1.00e+00 6.25e-02h  5
1399  9.1214341e-04 8.19e-06 1.69e-01  -4.1 3.55e-02    -  1.00e+00 6.25e-02h  5
iter    objective    inf_pr   inf_du lg(mu)  ||d||  lg(rg) alpha_du alpha_pr  ls
1400  9.0961121e-04 6.70e-06 7.99e-02  -4.1 6.63e-03    -  1.00e+00 2.50e-01h  3
1401  9.0924544e-04 1.56e-05 1.26e-02  -4.0 3.04e-03    -  1.00e+00 1.00e+00h  1
1402  9.1258379e-04 1.60e-05 2.60e-02  -4.0 4.88e-03    -  1.00e+00 1.00e+00h  1
1403  9.1584587e-04 2.15e-06 3.56e-02  -4.1 1.45e-02    -  1.00e+00 1.00e+00H  1
1404  9.1574229e-04 3.68e-06 8.41e-02  -4.1 4.32e-02    -  1.00e+00 6.25e-02h  5
1405  9.0737898e-04 1.58e-05 6.49e-03  -4.1 3.94e-03    -  1.00e+00 1.00e+00h  1
1406  1.0910632e-03 5.20e-06 5.18e-02  -4.0 1.01e-02    -  1.00e+00 1.00e+00H  1
1407  9.2689103e-04 2.19e-04 4.16e-02  -4.1 1.64e-02    -  1.00e+00 1.00e+00h  1
1408  1.0108005e-03 2.00e-04 3.91e-01  -4.1 2.28e-02    -  8.33e-01 5.00e-01h  2
1409  9.8842806e-04 9.26e-05 5.15e-02  -4.1 1.44e-02    -  1.00e+00 1.00e+00h  1
iter    objective    inf_pr   inf_du lg(mu)  ||d||  lg(rg) alpha_du alpha_pr  ls
1410  9.7536407e-04 5.40e-05 1.21e-01  -4.1 1.07e-02    -  1.00e+00 5.00e-01h  2
1411  9.0960620e-04 1.27e-04 9.52e-03  -4.1 1.17e-02    -  1.00e+00 1.00e+00h  1
1412  1.0384804e-03 1.41e-04 4.22e-02  -4.1 1.57e-02    -  1.00e+00 1.00e+00h  1
1413  9.0712304e-04 5.52e-05 9.44e-03  -4.1 9.40e-03    -  1.00e+00 1.00e+00h  1
1414  9.0990518e-04 3.66e-05 1.04e-02  -4.0 7.56e-03    -  1.00e+00 1.00e+00h  1
1415  9.0997491e-04 8.56e-06 6.12e-03  -4.1 2.93e-03    -  1.00e+00 1.00e+00h  1
1416  9.0760325e-04 2.56e-06 5.42e-03  -4.0 2.15e-03    -  1.00e+00 1.00e+00h  1
1417  9.0797616e-04 7.79e-07 1.89e-03  -4.0 9.91e-04    -  1.00e+00 1.00e+00h  1
1418  9.0806434e-04 1.70e-07 1.08e-03  -4.0 5.09e-04    -  1.00e+00 1.00e+00h  1
1419  9.0772349e-04 3.18e-08 2.92e-04  -4.0 2.16e-04    -  1.00e+00 1.00e+00h  1
iter    objective    inf_pr   inf_du lg(mu)  ||d||  lg(rg) alpha_du alpha_pr  ls
1420  9.0771610e-04 1.05e-09 1.31e-04  -4.0 4.32e-05    -  1.00e+00 1.00e+00h  1
1421  9.0765917e-04 5.85e-09 4.78e-04  -4.0 2.75e-04    -  1.00e+00 1.00e+00h  1
1422  9.1655647e-04 4.47e-09 2.64e-02  -4.0 9.19e-03    -  1.00e+00 1.00e+00H  1
1423  9.3228635e-04 1.10e-10 2.00e-02  -4.1 7.94e-03    -  1.00e+00 1.00e+00H  1
1424  9.0685728e-04 1.90e-06 3.33e-03  -4.1 2.47e-03    -  1.00e+00 1.00e+00h  1
1425  9.0673707e-04 7.21e-07 4.59e-03  -4.0 1.07e-03    -  1.00e+00 1.00e+00h  1
1426  9.0689272e-04 6.27e-07 2.44e-03  -4.0 9.48e-04    -  1.00e+00 1.00e+00h  1
1427  9.0634123e-04 1.31e-10 2.05e-03  -4.0 7.06e-04    -  1.00e+00 1.00e+00H  1
1428  9.0640227e-04 1.30e-06 1.32e-02  -4.0 2.61e-03    -  1.00e+00 1.00e+00h  1
1429  9.1541115e-04 3.61e-07 8.80e-02  -4.1 1.76e-02    -  1.00e+00 1.00e+00H  1
iter    objective    inf_pr   inf_du lg(mu)  ||d||  lg(rg) alpha_du alpha_pr  ls
1430  9.1387785e-04 1.28e-06 1.08e-01  -4.1 2.90e-01    -  1.00e+00 7.81e-03h  8
1431  9.1316589e-04 1.35e-06 4.48e-01  -4.1 3.68e-01    -  1.00e+00 1.95e-03h 10
1432  9.1274234e-04 1.37e-06 6.65e-01  -4.1 4.53e-01    -  1.00e+00 1.95e-03h 10
1433  9.2814026e-04 1.32e-04 1.68e-01  -4.1 5.38e-02    -  1.00e+00 5.00e-01h  2
1434  8.9702834e-04 1.33e-04 1.91e-01  -4.1 3.63e-01    -  1.00e+00 6.25e-02h  5
1435  8.9553299e-04 1.31e-04 2.35e-01  -4.0 1.01e-01    -  1.00e+00 6.25e-02h  5
1436  9.2586931e-04 1.67e-03 8.65e-02  -4.0 1.03e-01    -  1.00e+00 1.00e+00H  1
1437  1.0942766e-02 3.61e-03 7.23e-02  -4.1 1.36e-01    -  1.00e+00 5.00e-01h  2
1438  9.6092681e-04 8.04e-04 1.11e-01  -4.1 6.22e-02    -  1.00e+00 1.00e+00h  1
1439  1.4017172e-03 5.76e-04 4.57e-02  -4.1 3.34e-02    -  1.00e+00 1.00e+00h  1
iter    objective    inf_pr   inf_du lg(mu)  ||d||  lg(rg) alpha_du alpha_pr  ls
1440  9.6899165e-04 1.06e-04 4.18e-02  -4.1 3.05e-02    -  1.00e+00 7.49e-01H  1
1441  1.0483089e-03 1.33e-04 6.80e-02  -4.1 1.59e-01    -  3.30e-01 1.25e-01f  4
1442  1.1304798e-03 4.11e-03 7.72e-01  -4.1 2.96e-01    -  1.00e+00 2.50e-01h  3
1443  9.1388771e-04 1.43e-03 2.58e-02  -4.1 4.14e-02    -  1.00e+00 1.00e+00h  1
1444  8.9012024e-04 2.50e-04 5.62e-03  -4.1 2.07e-02    -  1.00e+00 1.00e+00h  1
1445  9.1791925e-04 3.77e-04 2.10e-02  -4.0 2.44e-02    -  1.00e+00 1.00e+00h  1
1446  9.2571726e-04 1.33e-04 3.45e-03  -4.1 1.32e-02    -  1.00e+00 1.00e+00h  1
1447  8.9533393e-04 4.76e-05 2.21e-02  -4.1 1.29e-02    -  1.00e+00 9.37e-01H  1
1448  8.8785869e-04 6.58e-05 1.17e-03  -4.0 9.63e-03    -  1.00e+00 1.00e+00f  1
1449  8.9069769e-04 3.65e-06 4.17e-03  -4.0 2.26e-03    -  1.00e+00 1.00e+00h  1
iter    objective    inf_pr   inf_du lg(mu)  ||d||  lg(rg) alpha_du alpha_pr  ls
1450  8.8859018e-04 4.46e-06 5.22e-03  -4.0 2.95e-03    -  1.00e+00 1.00e+00h  1
1451  8.8959138e-04 6.31e-06 1.21e-02  -4.0 2.86e-03    -  1.00e+00 1.00e+00h  1
1452  8.8842194e-04 2.96e-06 2.47e-03  -4.0 1.90e-03    -  1.00e+00 1.00e+00h  1
1453  8.8805209e-04 1.88e-07 1.13e-03  -4.0 5.04e-04    -  1.00e+00 1.00e+00h  1
1454  8.8802461e-04 2.64e-08 3.27e-04  -4.0 2.00e-04    -  1.00e+00 1.00e+00h  1
1455  8.8798036e-04 2.46e-08 3.74e-04  -4.0 1.77e-04    -  1.00e+00 1.00e+00h  1
1456  8.8776115e-04 8.92e-07 6.07e-03  -4.0 1.43e-03    -  1.00e+00 1.00e+00h  1
1457  9.0228035e-04 9.90e-07 4.73e-02  -4.0 8.11e-03    -  1.00e+00 1.00e+00H  1
1458  8.8519650e-04 4.65e-05 7.52e-02  -4.1 1.62e-02    -  1.00e+00 5.00e-01h  2
1459  8.7882377e-04 3.42e-05 1.59e-02  -4.0 7.74e-03    -  1.00e+00 1.00e+00h  1
iter    objective    inf_pr   inf_du lg(mu)  ||d||  lg(rg) alpha_du alpha_pr  ls
1460  1.0705777e-03 1.64e-04 1.81e-02  -4.0 1.58e-02    -  1.00e+00 1.00e+00h  1
1461  8.7751961e-04 1.08e-04 4.26e-03  -4.1 1.27e-02    -  1.00e+00 1.00e+00h  1
1462  8.7507328e-04 4.24e-06 8.56e-03  -4.0 3.10e-03    -  1.00e+00 1.00e+00h  1
1463  8.7682818e-04 9.41e-06 3.89e-01  -4.0 3.26e-02    -  1.00e+00 1.25e-01h  4
1464  8.7759783e-04 7.98e-06 3.55e-01  -4.1 1.77e-02    -  1.00e+00 1.25e-01h  4
1465  8.7030149e-04 9.79e-06 1.14e-02  -4.1 6.50e-03    -  1.00e+00 1.00e+00h  1
1466  8.7322031e-04 6.72e-06 1.81e-02  -4.0 4.95e-03    -  1.00e+00 1.00e+00h  1
1467  8.7607039e-04 9.12e-07 3.46e-02  -4.0 8.66e-03    -  1.00e+00 1.00e+00H  1
1468  8.7104570e-04 1.78e-05 1.67e-01  -4.0 1.19e-01    -  1.00e+00 6.25e-02h  5
1469  8.7467577e-04 4.63e-05 4.39e-01  -4.1 3.99e-02    -  1.00e+00 2.50e-01h  3
iter    objective    inf_pr   inf_du lg(mu)  ||d||  lg(rg) alpha_du alpha_pr  ls
1470  8.6888127e-04 3.17e-05 9.24e-02  -4.1 1.02e-02    -  1.00e+00 5.00e-01h  2
1471  8.8490180e-04 2.54e-04 1.90e-01  -4.0 4.64e-02    -  1.00e+00 5.00e-01h  2
1472  2.2695592e-03 3.74e-04 2.36e-01  -4.1 7.18e-02    -  1.00e+00 2.50e-01h  3
1473  8.6805525e-04 1.39e-04 4.11e-02  -4.1 1.81e-02    -  1.00e+00 1.00e+00h  1
1474  1.0313920e-03 8.27e-05 8.98e-03  -4.0 1.08e-02    -  1.00e+00 1.00e+00h  1
1475  8.8013457e-04 3.32e-05 2.93e-02  -4.1 9.88e-03    -  1.00e+00 1.00e+00h  1
1476  9.3471725e-04 1.31e-04 1.23e-02  -4.1 1.31e-02    -  1.00e+00 1.00e+00h  1
1477  8.6828793e-04 1.66e-04 6.61e-03  -4.1 1.54e-02    -  1.00e+00 1.00e+00h  1
1478  8.6877360e-04 9.82e-05 1.47e-02  -4.0 1.22e-02    -  1.00e+00 1.00e+00h  1
1479  8.6409994e-04 6.11e-05 5.01e-03  -4.0 9.49e-03    -  1.00e+00 1.00e+00h  1
iter    objective    inf_pr   inf_du lg(mu)  ||d||  lg(rg) alpha_du alpha_pr  ls
1480  8.6213517e-04 9.77e-06 4.04e-03  -4.0 3.79e-03    -  1.00e+00 1.00e+00h  1
1481  8.6324065e-04 3.46e-06 3.74e-03  -4.0 2.19e-03    -  1.00e+00 1.00e+00h  1
1482  8.6278625e-04 4.86e-07 9.13e-04  -4.0 8.31e-04    -  1.00e+00 1.00e+00h  1
1483  8.6278173e-04 2.90e-09 1.86e-04  -4.0 5.36e-05    -  1.00e+00 1.00e+00h  1
1484  8.6272350e-04 9.81e-08 1.34e-03  -4.0 5.21e-04    -  1.00e+00 1.00e+00h  1
1485  8.6322394e-04 9.48e-08 7.39e-03  -4.0 1.81e-03    -  1.00e+00 1.00e+00H  1
1486  8.6192370e-04 7.16e-07 4.84e-03  -4.1 1.03e-03    -  1.00e+00 1.00e+00h  1
1487  8.6117942e-04 1.36e-07 1.67e-03  -4.0 5.04e-04    -  1.00e+00 1.00e+00h  1
1488  8.6055521e-04 9.42e-08 1.37e-03  -4.0 5.53e-04    -  1.00e+00 1.00e+00h  1
1489  8.5992724e-04 1.16e-06 6.69e-03  -4.0 2.04e-03    -  1.00e+00 1.00e+00h  1
iter    objective    inf_pr   inf_du lg(mu)  ||d||  lg(rg) alpha_du alpha_pr  ls
1490  8.7408748e-04 1.50e-07 7.18e-02  -4.0 1.63e-02    -  1.00e+00 1.00e+00H  1
1491  8.7273247e-04 2.12e-06 7.67e-02  -4.1 2.74e-02    -  1.00e+00 6.25e-02h  5
1492  8.5778827e-04 6.10e-05 1.48e-02  -4.1 1.32e-02    -  1.00e+00 1.00e+00h  1
1493  8.5991286e-04 5.99e-05 1.46e-01  -4.0 4.76e-02    -  1.00e+00 6.25e-02h  5
1494  8.5855236e-04 2.79e-06 4.47e-03  -4.1 1.62e-03    -  1.00e+00 1.00e+00h  1
1495  8.6228741e-04 3.08e-07 1.58e-02  -4.0 4.31e-03    -  1.00e+00 1.00e+00H  1
1496  8.6436994e-04 1.13e-07 7.52e-03  -4.1 4.67e-03    -  1.00e+00 1.00e+00H  1
1497  8.7166822e-04 6.60e-06 1.40e-01  -4.1 4.50e-03    -  1.00e+00 5.00e-01h  2
1498  8.5690858e-04 2.88e-06 3.27e-03  -4.1 3.01e-03    -  1.00e+00 1.00e+00h  1
1499  8.5830365e-04 1.03e-06 4.56e-03  -4.0 1.09e-03    -  1.00e+00 1.00e+00h  1
iter    objective    inf_pr   inf_du lg(mu)  ||d||  lg(rg) alpha_du alpha_pr  ls
1500  8.5679678e-04 7.89e-07 8.21e-04  -4.0 9.11e-04    -  1.00e+00 1.00e+00h  1
1501  8.5674407e-04 1.47e-08 6.09e-04  -4.0 1.16e-04    -  1.00e+00 1.00e+00h  1
1502  8.5648847e-04 2.57e-08 1.57e-03  -4.0 3.38e-04    -  1.00e+00 1.00e+00h  1
1503  8.5625972e-04 4.33e-06 1.97e-02  -4.0 1.78e-02    -  1.00e+00 2.50e-01h  3
1504  8.5546689e-04 1.85e-05 5.16e-02  -4.0 5.98e-02    -  1.00e+00 1.25e-01h  4
1505  8.8989034e-04 2.58e-05 7.49e-02  -4.0 1.56e-02    -  1.00e+00 5.00e-01h  2
1506  8.5537338e-04 1.08e-05 2.50e-02  -4.1 6.46e-03    -  1.00e+00 1.00e+00h  1
1507  1.2423459e-03 2.31e-05 6.01e-01  -4.0 2.83e-02    -  1.00e+00 5.90e-01H  1
1508  8.6616688e-04 1.74e-05 1.33e-01  -4.1 7.36e-03    -  1.00e+00 1.00e+00h  1
1509  8.5538936e-04 1.78e-05 1.58e-02  -4.1 4.18e-03    -  1.00e+00 1.00e+00h  1
iter    objective    inf_pr   inf_du lg(mu)  ||d||  lg(rg) alpha_du alpha_pr  ls
1510  8.5526867e-04 3.87e-05 1.86e-02  -4.0 7.38e-03    -  1.00e+00 1.00e+00h  1
1511  8.6070148e-04 2.39e-05 1.76e-02  -4.1 6.06e-03    -  1.00e+00 1.00e+00h  1
1512  8.4770262e-04 1.48e-05 2.23e-03  -4.1 4.11e-03    -  1.00e+00 1.00e+00h  1
1513  8.4752629e-04 9.75e-08 7.64e-04  -4.0 4.97e-04    -  1.00e+00 1.00e+00h  1
1514  8.4759066e-04 1.47e-07 1.01e-03  -4.0 5.12e-04    -  1.00e+00 1.00e+00h  1
1515  8.4795482e-04 2.16e-09 2.88e-03  -4.0 8.09e-04    -  1.00e+00 1.00e+00H  1
1516  8.4793094e-04 1.19e-07 3.58e-03  -4.0 4.18e-04    -  1.00e+00 1.00e+00h  1
1517  8.4707631e-04 2.22e-07 9.28e-04  -4.1 4.60e-04    -  1.00e+00 1.00e+00h  1
1518  8.4678378e-04 4.63e-08 1.31e-03  -4.0 3.01e-04    -  1.00e+00 1.00e+00h  1
1519  8.4645169e-04 1.86e-07 2.53e-03  -4.0 5.55e-04    -  1.00e+00 1.00e+00h  1
iter    objective    inf_pr   inf_du lg(mu)  ||d||  lg(rg) alpha_du alpha_pr  ls
1520  9.6985734e-04 1.21e-07 8.25e-02  -4.0 1.89e-02    -  1.00e+00 1.00e+00H  1
1521  8.5820352e-04 3.94e-05 4.00e-02  -4.1 8.79e-03    -  1.00e+00 1.00e+00h  1
1522  8.5459734e-04 6.26e-05 3.70e-03  -4.1 1.02e-02    -  1.00e+00 1.00e+00h  1
1523  8.6726415e-04 5.46e-05 1.58e-01  -4.1 3.06e-02    -  1.00e+00 1.25e-01h  4
1524  8.4898487e-04 2.96e-06 6.50e-03  -4.1 2.60e-03    -  1.00e+00 1.00e+00h  1
1525  8.4716534e-04 4.50e-06 9.42e-03  -4.1 2.51e-03    -  1.00e+00 1.00e+00h  1
1526  8.5188983e-04 3.11e-06 8.52e-03  -4.1 2.24e-03    -  1.00e+00 1.00e+00h  1
1527  8.4470673e-04 3.74e-06 3.34e-03  -4.1 2.18e-03    -  1.00e+00 1.00e+00h  1
1528  8.4418214e-04 1.01e-06 4.34e-03  -4.0 1.24e-03    -  1.00e+00 1.00e+00h  1
1529  8.4444646e-04 4.76e-07 7.49e-04  -4.0 8.37e-04    -  1.00e+00 1.00e+00h  1
iter    objective    inf_pr   inf_du lg(mu)  ||d||  lg(rg) alpha_du alpha_pr  ls
1530  8.4434464e-04 1.88e-08 8.02e-04  -4.0 1.66e-04    -  1.00e+00 1.00e+00h  1
1531  8.4433923e-04 4.14e-09 1.51e-04  -4.0 6.65e-05    -  1.00e+00 1.00e+00h  1
1532  8.4430870e-04 3.27e-09 1.76e-04  -4.0 5.91e-05    -  1.00e+00 1.00e+00h  1
1533  8.4401306e-04 2.05e-07 1.49e-03  -4.0 4.72e-04    -  1.00e+00 1.00e+00h  1
1534  9.1515317e-04 1.50e-08 1.53e-01  -4.0 1.82e-02    -  1.00e+00 1.00e+00H  1
1535  1.1043071e-03 1.29e-05 3.46e-02  -4.1 1.46e-02    -  1.00e+00 1.00e+00F  1
1536  1.0341529e-03 1.25e-04 4.09e-02  -4.1 1.19e-02    -  1.00e+00 1.00e+00h  1
1537  9.0554652e-04 7.21e-05 4.69e-03  -4.1 1.02e-02    -  1.00e+00 1.00e+00h  1
1538  9.0678565e-04 9.51e-05 2.08e-02  -4.1 1.16e-02    -  1.00e+00 1.00e+00h  1
1539  8.4918565e-04 5.09e-05 7.73e-03  -4.1 8.06e-03    -  1.00e+00 1.00e+00h  1
iter    objective    inf_pr   inf_du lg(mu)  ||d||  lg(rg) alpha_du alpha_pr  ls
1540  8.4626853e-04 1.90e-07 5.26e-03  -4.1 3.40e-03    -  1.00e+00 1.00e+00H  1
1541  8.4224199e-04 1.24e-05 1.36e-02  -4.1 3.45e-03    -  1.00e+00 1.00e+00h  1
1542  8.4271258e-04 9.16e-06 2.18e-03  -4.0 3.13e-03    -  1.00e+00 1.00e+00h  1
1543  8.4224045e-04 2.93e-07 2.14e-03  -4.0 4.92e-04    -  1.00e+00 1.00e+00h  1
1544  8.4227166e-04 2.98e-07 2.30e-03  -4.0 6.10e-04    -  1.00e+00 1.00e+00h  1
1545  8.4222459e-04 2.44e-08 9.61e-04  -4.1 2.40e-04    -  1.00e+00 1.00e+00h  1
1546  8.4215920e-04 7.10e-09 3.77e-04  -4.0 8.26e-05    -  1.00e+00 1.00e+00h  1
1547  8.4211705e-04 1.99e-09 1.52e-04  -4.0 4.72e-05    -  1.00e+00 1.00e+00h  1
1548  8.4202153e-04 3.00e-08 5.81e-04  -4.0 1.91e-04    -  1.00e+00 1.00e+00h  1
1549  8.5644616e-04 3.15e-09 2.89e-02  -4.0 6.54e-03    -  1.00e+00 1.00e+00H  1
iter    objective    inf_pr   inf_du lg(mu)  ||d||  lg(rg) alpha_du alpha_pr  ls
1550  8.5132104e-04 2.64e-05 6.46e-03  -4.1 5.94e-03    -  1.00e+00 1.00e+00h  1
1551  8.6479387e-04 3.32e-05 1.82e-01  -4.1 1.00e-02    -  1.00e+00 5.00e-01h  2
1552  8.4279562e-04 3.12e-05 1.54e-02  -4.1 5.86e-03    -  1.00e+00 1.00e+00h  1
1553  8.4882297e-04 2.22e-05 1.26e-01  -4.1 7.94e-03    -  1.00e+00 5.00e-01h  2
1554  8.4727264e-04 1.43e-06 3.30e-03  -4.1 1.50e-03    -  1.00e+00 1.00e+00h  1
1555  8.4114963e-04 1.34e-06 3.34e-03  -4.1 1.35e-03    -  1.00e+00 1.00e+00h  1
1556  8.4270906e-04 2.75e-06 7.80e-03  -4.0 1.73e-03    -  1.00e+00 1.00e+00h  1
1557  8.4123919e-04 6.65e-07 4.11e-04  -4.1 1.02e-03    -  1.00e+00 1.00e+00h  1
1558  8.4117866e-04 4.62e-08 2.69e-04  -4.0 2.14e-04    -  1.00e+00 1.00e+00h  1
1559  8.4116786e-04 2.13e-09 2.62e-04  -4.0 7.81e-05    -  1.00e+00 1.00e+00h  1
iter    objective    inf_pr   inf_du lg(mu)  ||d||  lg(rg) alpha_du alpha_pr  ls
1560  8.4122723e-04 6.08e-08 7.99e-04  -4.0 3.19e-04    -  1.00e+00 1.00e+00h  1
1561  8.4117276e-04 5.86e-07 3.33e-03  -4.1 9.57e-04    -  1.00e+00 1.00e+00h  1
1562  8.4097286e-04 5.59e-08 2.33e-03  -4.1 4.62e-04    -  1.00e+00 1.00e+00h  1
1563  8.4107560e-04 2.70e-07 9.77e-04  -4.0 4.08e-04    -  1.00e+00 1.00e+00h  1
1564  8.4099054e-04 2.62e-08 2.10e-04  -4.1 1.35e-04    -  1.00e+00 1.00e+00h  1
1565  8.4090592e-04 1.45e-07 1.67e-03  -4.0 4.75e-04    -  1.00e+00 1.00e+00h  1
1566  8.4075589e-04 3.35e-07 3.25e-03  -4.0 7.62e-04    -  1.00e+00 1.00e+00h  1
1567  8.4093210e-04 4.51e-07 3.95e-03  -4.0 7.66e-04    -  1.00e+00 1.00e+00h  1
1568  8.4059036e-04 2.45e-07 1.60e-03  -4.1 5.84e-04    -  1.00e+00 1.00e+00h  1
1569  8.4184517e-04 6.90e-07 2.51e-03  -4.0 1.08e-03    -  1.00e+00 1.00e+00h  1
iter    objective    inf_pr   inf_du lg(mu)  ||d||  lg(rg) alpha_du alpha_pr  ls
1570  8.4053425e-04 2.40e-07 9.56e-04  -4.1 6.69e-04    -  1.00e+00 1.00e+00h  1
1571  8.3993348e-04 1.02e-06 3.49e-03  -4.0 1.13e-03    -  1.00e+00 1.00e+00h  1
1572  8.4027865e-04 6.14e-07 7.52e-04  -4.0 8.53e-04    -  1.00e+00 1.00e+00h  1
1573  8.4023261e-04 9.57e-09 5.19e-04  -4.0 1.36e-04    -  1.00e+00 1.00e+00h  1
1574  8.3926117e-04 6.80e-06 1.98e-02  -4.0 4.37e-03    -  1.00e+00 1.00e+00h  1
1575  8.3938048e-04 1.19e-05 3.01e-01  -4.0 1.34e-01    -  1.00e+00 3.12e-02h  6
1576  8.5889256e-04 9.83e-06 3.44e-02  -4.1 7.69e-03    -  1.00e+00 1.00e+00h  1
1577  8.8906010e-04 5.61e-06 6.52e-02  -4.1 1.04e-02    -  1.00e+00 1.00e+00H  1
1578  8.6632931e-04 1.12e-05 2.09e-01  -4.1 2.65e-02    -  1.00e+00 1.25e-01h  4
1579  8.4309347e-04 3.05e-04 6.93e-02  -4.1 2.28e-02    -  1.00e+00 1.00e+00h  1
iter    objective    inf_pr   inf_du lg(mu)  ||d||  lg(rg) alpha_du alpha_pr  ls
1580  8.3916958e-04 3.00e-04 6.15e-02  -4.1 1.34e-01    -  1.00e+00 1.56e-02h  7
1581  8.4911537e-04 1.37e-04 1.22e-01  -4.1 1.01e-02    -  1.00e+00 5.00e-01h  2
1582  8.2780262e-04 3.25e-05 4.05e-03  -4.1 1.00e-02    -  1.00e+00 1.00e+00h  1
1583  8.2950280e-04 1.35e-05 2.14e-02  -4.0 5.50e-03    -  1.00e+00 1.00e+00h  1
1584  8.2884266e-04 2.08e-05 5.03e-02  -4.0 8.72e-03    -  1.00e+00 1.00e+00h  1
1585  8.2867668e-04 3.28e-05 5.13e-01  -4.1 4.79e-02    -  1.00e+00 1.25e-01h  4
1586  8.3242258e-04 9.89e-06 8.35e-03  -4.1 5.17e-03    -  1.00e+00 1.00e+00h  1
1587  8.2727972e-04 2.92e-05 2.30e-01  -4.1 4.66e-02    -  1.00e+00 1.25e-01h  4
1588  9.5162743e-04 6.31e-06 2.51e-02  -4.1 9.09e-03    -  1.00e+00 1.00e+00H  1
1589  8.2614400e-04 1.56e-05 3.66e-02  -4.1 1.10e-02    -  1.00e+00 1.00e+00H  1
iter    objective    inf_pr   inf_du lg(mu)  ||d||  lg(rg) alpha_du alpha_pr  ls
1590  8.8821500e-04 6.39e-05 2.94e-02  -4.0 1.00e-02    -  1.00e+00 1.00e+00h  1
1591  8.2054127e-04 2.08e-05 2.75e-03  -4.1 6.60e-03    -  1.00e+00 1.00e+00h  1
1592  8.2797300e-04 1.19e-05 1.06e-02  -4.0 4.85e-03    -  1.00e+00 1.00e+00h  1
1593  8.2067487e-04 6.82e-06 6.37e-03  -4.0 3.10e-03    -  1.00e+00 1.00e+00h  1
1594  8.2099082e-04 3.16e-06 6.50e-03  -4.0 1.74e-03    -  1.00e+00 1.00e+00h  1
1595  8.2235745e-04 1.25e-06 4.05e-03  -4.0 1.18e-03    -  1.00e+00 1.00e+00h  1
1596  8.2072218e-04 1.35e-07 5.88e-04  -4.0 5.64e-04    -  1.00e+00 1.00e+00h  1
1597  8.2110533e-04 2.28e-07 3.20e-03  -4.0 7.04e-04    -  1.00e+00 1.00e+00h  1
1598  8.2059444e-04 1.73e-07 3.08e-04  -4.0 5.55e-04    -  1.00e+00 1.00e+00h  1
1599  8.2056747e-04 2.30e-09 2.96e-04  -4.0 7.66e-05    -  1.00e+00 1.00e+00h  1
iter    objective    inf_pr   inf_du lg(mu)  ||d||  lg(rg) alpha_du alpha_pr  ls
1600  8.2016378e-04 1.51e-06 5.48e-02  -4.0 6.41e-02    -  1.00e+00 3.12e-02h  6
1601  8.2043931e-04 2.71e-06 2.85e-01  -4.1 3.16e-02    -  1.00e+00 6.25e-02h  5
1602  8.2007208e-04 5.68e-06 1.74e-01  -4.1 2.61e-02    -  1.00e+00 1.25e-01h  4
1603  8.1777378e-04 5.41e-06 3.48e-02  -4.1 1.34e-02    -  1.00e+00 1.25e-01h  4
1604  8.1799730e-04 1.39e-06 1.53e-02  -4.0 2.65e-03    -  1.00e+00 1.00e+00h  1
1605  8.2758313e-04 1.32e-07 5.51e-02  -4.0 1.27e-02    -  1.00e+00 1.00e+00H  1
1606  8.2675950e-04 1.11e-04 4.18e-01  -4.1 8.90e-02    -  1.00e+00 2.50e-01h  3
1607  8.1669717e-04 1.05e-04 1.65e-01  -4.1 5.16e-02    -  1.00e+00 1.25e-01h  4
1608  8.2521115e-04 2.34e-04 5.24e-01  -4.1 6.94e-02    -  1.00e+00 2.50e-01h  3
1609  8.3902175e-04 2.55e-04 6.65e-01  -4.1 1.10e-01    -  9.87e-01 6.25e-02h  5
iter    objective    inf_pr   inf_du lg(mu)  ||d||  lg(rg) alpha_du alpha_pr  ls
1610  8.5267309e-04 3.84e-04 1.31e-01  -4.1 6.89e-02    -  1.00e+00 5.00e-01h  2
1611  8.2633690e-04 4.02e-04 1.94e-01  -4.1 2.95e-01    -  1.00e+00 3.12e-02h  6
1612  8.2517676e-04 4.02e-04 5.02e-01  -4.1 1.03e-01    -  1.00e+00 1.25e-01h  4
1613  8.2937101e-04 2.06e-04 1.44e-01  -4.1 4.03e-02    -  1.00e+00 5.00e-01h  2
1614  8.2837129e-04 2.21e-04 4.46e-02  -4.1 2.27e-02    -  1.00e+00 1.00e+00h  1
1615  8.1184123e-04 1.74e-04 1.04e-01  -4.1 4.81e-02    -  1.00e+00 2.50e-01h  3
1616  8.1138125e-04 1.83e-04 2.04e-01  -3.6 2.80e-01    -  9.93e-01 6.25e-02h  5
1617  8.4401950e-04 4.88e-04 2.69e-01  -3.7 2.37e-01    -  1.00e+00 1.25e-01h  4
1618  7.9867233e-04 2.51e-04 1.32e-02  -3.7 2.89e-02    -  1.00e+00 1.00e+00h  1
1619  1.1679992e-03 3.11e-04 3.25e-02  -4.0 4.75e-02    -  1.00e+00 1.00e+00h  1
iter    objective    inf_pr   inf_du lg(mu)  ||d||  lg(rg) alpha_du alpha_pr  ls
1620  8.3189015e-04 2.42e-04 2.02e-02  -4.1 2.78e-02    -  1.00e+00 1.00e+00h  1
1621  8.0552724e-04 1.33e-04 6.63e-03  -4.1 2.17e-02    -  1.00e+00 1.00e+00h  1
1622  8.1945032e-04 1.48e-04 3.58e-02  -4.0 1.65e-02    -  1.00e+00 9.29e-01H  1
1623  8.2735417e-04 8.02e-05 1.04e-02  -4.1 8.27e-03    -  1.00e+00 1.00e+00h  1
1624  7.9386643e-04 8.71e-05 7.67e-03  -4.1 1.13e-02    -  1.00e+00 1.00e+00h  1
1625  7.9283485e-04 2.71e-05 5.30e-03  -4.0 5.69e-03    -  1.00e+00 1.00e+00h  1
1626  7.8987223e-04 1.51e-05 9.66e-03  -4.0 3.85e-03    -  1.00e+00 1.00e+00h  1
1627  7.8989167e-04 8.28e-06 7.51e-03  -4.0 3.65e-03    -  1.00e+00 1.00e+00h  1
1628  7.9070661e-04 3.56e-06 5.83e-03  -4.0 2.01e-03    -  1.00e+00 1.00e+00h  1
1629  7.8994425e-04 9.87e-07 1.36e-03  -4.0 1.19e-03    -  1.00e+00 1.00e+00h  1
iter    objective    inf_pr   inf_du lg(mu)  ||d||  lg(rg) alpha_du alpha_pr  ls
1630  7.8993635e-04 8.39e-08 2.78e-04  -4.0 3.18e-04    -  1.00e+00 1.00e+00h  1
1631  7.8989167e-04 4.89e-09 3.11e-04  -4.0 2.42e-04    -  1.00e+00 1.00e+00h  1
1632  7.9023617e-04 1.67e-06 4.77e-03  -4.0 2.76e-03    -  1.00e+00 1.00e+00h  1
1633  7.9058927e-04 4.79e-08 8.90e-03  -4.1 3.32e-03    -  1.00e+00 1.00e+00H  1
1634  8.0071167e-04 6.94e-09 6.31e-03  -4.1 2.28e-03    -  1.00e+00 1.00e+00H  1
1635  7.8859138e-04 1.16e-06 9.86e-04  -4.1 1.40e-03    -  1.00e+00 1.00e+00h  1
1636  7.8846888e-04 3.26e-08 7.70e-04  -4.0 2.05e-04    -  1.00e+00 1.00e+00h  1
1637  7.8948139e-04 1.57e-09 3.60e-02  -4.0 7.53e-03    -  1.00e+00 1.00e+00H  1
1638  7.8855915e-04 1.61e-05 7.45e-03  -4.0 4.70e-03    -  1.00e+00 1.00e+00h  1
1639  8.0884309e-04 3.82e-05 1.28e-02  -4.1 6.28e-03    -  1.00e+00 1.00e+00h  1
iter    objective    inf_pr   inf_du lg(mu)  ||d||  lg(rg) alpha_du alpha_pr  ls
1640  7.8881287e-04 3.58e-05 5.52e-03  -4.1 6.82e-03    -  1.00e+00 1.00e+00h  1
1641  8.0373437e-04 1.06e-05 9.31e-03  -4.1 3.68e-03    -  1.00e+00 1.00e+00h  1
1642  7.8745701e-04 8.27e-06 2.17e-03  -4.1 3.24e-03    -  1.00e+00 1.00e+00h  1
1643  7.8735130e-04 4.36e-07 1.78e-03  -4.0 7.94e-04    -  1.00e+00 1.00e+00h  1
1644  7.8945094e-04 9.02e-08 9.44e-03  -4.0 1.88e-03    -  1.00e+00 1.00e+00H  1
1645  7.8843320e-04 7.94e-07 5.33e-03  -4.1 9.53e-04    -  1.00e+00 1.00e+00h  1
1646  7.8720440e-04 7.09e-07 1.82e-03  -4.1 1.01e-03    -  1.00e+00 1.00e+00h  1
1647  7.8738864e-04 1.23e-07 1.06e-03  -4.0 4.59e-04    -  1.00e+00 1.00e+00h  1
1648  7.8718578e-04 8.12e-08 2.30e-03  -4.0 3.72e-04    -  1.00e+00 1.00e+00h  1
1649  7.8908011e-04 1.87e-09 4.02e-03  -4.0 8.31e-04    -  1.00e+00 1.00e+00H  1
iter    objective    inf_pr   inf_du lg(mu)  ||d||  lg(rg) alpha_du alpha_pr  ls
1650  7.8693467e-04 2.41e-07 1.14e-03  -4.0 5.94e-04    -  1.00e+00 1.00e+00h  1
1651  7.8690758e-04 4.24e-08 1.38e-03  -4.0 2.69e-04    -  1.00e+00 1.00e+00h  1
1652  7.8677937e-04 3.28e-08 1.17e-03  -4.0 2.35e-04    -  1.00e+00 1.00e+00h  1
1653  7.8911202e-04 6.05e-09 1.44e-02  -4.0 3.83e-03    -  1.00e+00 1.00e+00H  1
1654  7.8603293e-04 1.02e-06 7.41e-02  -4.1 5.57e-03    -  1.00e+00 2.50e-01h  3
1655  7.8784129e-04 4.27e-06 2.14e-02  -4.0 2.43e-03    -  1.00e+00 1.00e+00h  1
1656  7.8813928e-04 1.64e-06 2.47e-03  -4.1 1.69e-03    -  1.00e+00 1.00e+00h  1
1657  7.9382718e-04 8.09e-07 3.07e-03  -4.1 1.62e-03    -  1.00e+00 1.00e+00h  1
1658  7.8511584e-04 1.49e-07 8.03e-04  -4.1 6.34e-04    -  1.00e+00 1.00e+00h  1
1659  7.8507431e-04 3.50e-09 3.21e-04  -4.0 7.99e-05    -  1.00e+00 1.00e+00h  1
iter    objective    inf_pr   inf_du lg(mu)  ||d||  lg(rg) alpha_du alpha_pr  ls
1660  7.8554550e-04 2.63e-09 5.83e-03  -4.0 1.34e-03    -  1.00e+00 1.00e+00H  1
1661  7.8472686e-04 5.21e-06 9.13e-02  -4.1 6.15e-03    -  1.00e+00 5.00e-01h  2
1662  7.8491151e-04 9.56e-06 1.82e-01  -4.1 2.50e-02    -  1.00e+00 1.25e-01h  4
1663  7.8887569e-04 2.06e-05 2.29e-01  -4.1 1.97e-02    -  1.00e+00 2.50e-01h  3
1664  7.8518607e-04 1.52e-05 3.89e-02  -4.1 1.81e-02    -  1.00e+00 2.50e-01h  3
1665  7.8239951e-04 1.50e-05 5.18e-03  -4.1 5.46e-03    -  1.00e+00 1.00e+00h  1
1666  7.9129586e-04 3.92e-05 7.80e-02  -4.0 3.04e-02    -  1.00e+00 2.50e-01h  3
1667  8.0386565e-04 1.99e-05 3.77e-02  -4.1 7.20e-03    -  1.00e+00 1.00e+00h  1
1668  7.9066404e-04 3.16e-05 1.55e-01  -4.1 2.41e-02    -  1.00e+00 2.50e-01h  3
1669  8.7360213e-04 2.12e-05 3.18e-02  -4.1 6.97e-03    -  1.00e+00 1.00e+00H  1
iter    objective    inf_pr   inf_du lg(mu)  ||d||  lg(rg) alpha_du alpha_pr  ls
1670  8.1828436e-04 3.44e-05 8.55e-02  -4.1 1.73e-02    -  1.00e+00 1.00e+00H  1
1671  7.9686047e-04 5.69e-05 5.57e-01  -4.1 3.10e-02    -  1.00e+00 2.50e-01h  3
1672  7.8258354e-04 5.85e-05 7.79e-03  -4.1 8.32e-03    -  1.00e+00 1.00e+00h  1
1673  7.8501811e-04 5.15e-05 6.78e-02  -4.1 1.90e-02    -  1.00e+00 2.50e-01h  3
1674  7.8135022e-04 6.74e-06 3.96e-03  -4.1 3.65e-03    -  1.00e+00 1.00e+00h  1
1675  7.8136863e-04 2.15e-06 5.59e-03  -4.0 1.76e-03    -  1.00e+00 1.00e+00h  1
1676  7.8073822e-04 2.89e-07 9.66e-04  -4.0 6.24e-04    -  1.00e+00 1.00e+00h  1
1677  7.8066281e-04 3.66e-09 3.00e-04  -4.0 7.21e-05    -  1.00e+00 1.00e+00h  1
1678  7.8054707e-04 6.67e-08 1.43e-03  -4.0 3.82e-04    -  1.00e+00 1.00e+00h  1
1679  8.1553928e-04 5.80e-08 5.19e-02  -4.0 1.13e-02    -  1.00e+00 1.00e+00H  1
iter    objective    inf_pr   inf_du lg(mu)  ||d||  lg(rg) alpha_du alpha_pr  ls
1680  7.9007693e-04 6.96e-06 5.36e-02  -4.1 3.15e-03    -  1.00e+00 1.00e+00h  1
1681  7.8318108e-04 2.96e-05 4.29e-03  -4.1 7.35e-03    -  1.00e+00 1.00e+00h  1
1682  7.8322962e-04 4.29e-05 2.22e-02  -4.1 4.82e-02    -  1.00e+00 1.25e-01h  4
1683  7.8308179e-04 4.66e-05 5.47e-02  -4.1 3.48e-02    -  1.00e+00 1.25e-01h  4
1684  7.8221476e-04 4.37e-05 1.82e-02  -4.1 3.81e-02    -  1.00e+00 6.25e-02h  5
1685  7.7763241e-04 3.71e-06 3.28e-03  -4.1 3.02e-03    -  1.00e+00 1.00e+00h  1
1686  7.8607198e-04 1.39e-06 4.65e-02  -4.0 9.92e-03    -  1.00e+00 1.00e+00H  1
1687  7.8469982e-04 4.18e-06 8.37e-02  -4.1 5.11e-02    -  1.00e+00 6.25e-02h  5
1688  7.8407751e-04 6.37e-05 2.19e-02  -4.1 9.92e-03    -  1.00e+00 1.00e+00h  1
1689  8.0276885e-04 5.61e-05 2.78e-01  -4.1 1.71e-02    -  1.00e+00 2.50e-01h  3
iter    objective    inf_pr   inf_du lg(mu)  ||d||  lg(rg) alpha_du alpha_pr  ls
1690  7.7810088e-04 3.86e-05 1.32e-02  -4.1 7.47e-03    -  1.00e+00 1.00e+00h  1
1691  7.7950928e-04 4.59e-05 7.22e-02  -4.1 2.97e-02    -  1.00e+00 2.50e-01h  3
1692  7.7963122e-04 4.36e-05 6.85e-02  -4.1 3.11e-02    -  1.00e+00 6.25e-02h  5
1693  7.7660292e-04 1.88e-05 7.92e-03  -4.1 5.78e-03    -  1.00e+00 1.00e+00h  1
1694  7.7882960e-04 1.88e-05 2.61e-01  -4.0 1.77e-02    -  1.00e+00 1.25e-01h  4
1695  7.7542726e-04 6.13e-06 7.78e-03  -4.1 3.04e-03    -  1.00e+00 1.00e+00h  1
1696  7.8437569e-04 2.48e-05 2.27e-02  -4.0 6.00e-03    -  1.00e+00 1.00e+00h  1
1697  7.8186290e-04 1.49e-05 6.84e-03  -4.1 4.52e-03    -  1.00e+00 1.00e+00h  1
1698  8.1822482e-04 3.73e-05 9.58e-02  -4.1 1.01e-02    -  1.00e+00 5.00e-01h  2
1699  7.7472802e-04 2.05e-05 8.69e-04  -4.1 4.10e-03    -  1.00e+00 1.00e+00h  1
iter    objective    inf_pr   inf_du lg(mu)  ||d||  lg(rg) alpha_du alpha_pr  ls
1700  7.7522933e-04 8.86e-07 3.78e-03  -4.0 8.86e-04    -  1.00e+00 1.00e+00h  1
1701  7.7492865e-04 5.61e-07 7.48e-04  -4.0 6.58e-04    -  1.00e+00 1.00e+00h  1
1702  7.7490106e-04 1.44e-08 4.77e-04  -4.0 1.56e-04    -  1.00e+00 1.00e+00h  1
1703  7.7521701e-04 3.28e-09 4.03e-03  -4.0 9.55e-04    -  1.00e+00 1.00e+00H  1
1704  7.7584047e-04 5.76e-10 8.40e-03  -4.0 1.21e-03    -  1.00e+00 1.00e+00H  1
1705  7.7481516e-04 6.46e-07 3.37e-03  -4.1 9.67e-04    -  1.00e+00 1.00e+00h  1
1706  7.7491482e-04 4.35e-09 3.89e-03  -4.0 9.74e-04    -  1.00e+00 1.00e+00H  1
1707  7.7475673e-04 1.87e-07 9.92e-04  -4.0 5.83e-04    -  1.00e+00 1.00e+00h  1
1708  7.7448716e-04 1.82e-07 2.49e-03  -4.0 5.62e-04    -  1.00e+00 1.00e+00h  1
1709  7.7459090e-04 3.68e-07 1.66e-03  -4.0 7.38e-04    -  1.00e+00 1.00e+00h  1
iter    objective    inf_pr   inf_du lg(mu)  ||d||  lg(rg) alpha_du alpha_pr  ls
1710  7.7451667e-04 5.30e-08 1.41e-03  -4.0 2.86e-04    -  1.00e+00 1.00e+00h  1
1711  7.7432916e-04 9.20e-08 1.17e-03  -4.0 3.49e-04    -  1.00e+00 1.00e+00h  1
1712  7.7430114e-04 1.03e-08 5.09e-04  -4.0 1.25e-04    -  1.00e+00 1.00e+00h  1
1713  7.7423368e-04 1.37e-07 1.69e-03  -4.0 4.48e-04    -  1.00e+00 1.00e+00h  1
1714  7.8271532e-04 6.83e-08 2.92e-02  -4.0 7.09e-03    -  1.00e+00 1.00e+00H  1
1715  8.0445368e-04 1.09e-07 4.52e-02  -4.1 5.50e-03    -  1.00e+00 1.00e+00H  1
1716  7.8532420e-04 5.73e-05 2.09e-02  -4.1 1.01e-02    -  1.00e+00 1.00e+00h  1
1717  7.9707997e-04 1.33e-04 1.93e-02  -4.1 1.41e-02    -  1.00e+00 1.00e+00h  1
1718  7.8166721e-04 7.63e-05 7.01e-02  -4.1 1.43e-02    -  1.00e+00 5.00e-01h  2
1719  7.7827203e-04 9.70e-05 2.79e-01  -4.1 2.94e-02    -  1.00e+00 2.50e-01h  3
iter    objective    inf_pr   inf_du lg(mu)  ||d||  lg(rg) alpha_du alpha_pr  ls
1720  7.9172682e-04 7.38e-05 7.99e-02  -4.1 2.93e-02    -  1.00e+00 2.50e-01h  3
1721  7.7376843e-04 2.74e-05 5.52e-03  -4.1 6.58e-03    -  1.00e+00 1.00e+00h  1
1722  7.7438475e-04 4.67e-07 1.56e-02  -4.0 4.34e-03    -  1.00e+00 1.00e+00H  1
1723  7.7371533e-04 1.83e-06 2.45e-02  -4.1 2.42e-02    -  1.00e+00 6.25e-02h  5
1724  7.7452520e-04 3.39e-06 8.68e-03  -4.0 2.22e-03    -  1.00e+00 1.00e+00h  1
1725  7.7337382e-04 6.47e-08 2.82e-03  -4.1 1.27e-03    -  1.00e+00 1.00e+00H  1
1726  7.7440968e-04 3.80e-06 9.88e-03  -4.0 1.82e-03    -  1.00e+00 1.00e+00h  1
1727  7.7292778e-04 2.93e-06 1.16e-03  -4.1 1.92e-03    -  1.00e+00 1.00e+00h  1
1728  7.7710258e-04 4.00e-07 1.02e-02  -4.0 2.45e-03    -  1.00e+00 1.00e+00H  1
1729  7.7894664e-04 7.31e-08 6.03e-03  -4.1 1.99e-03    -  1.00e+00 1.00e+00H  1
iter    objective    inf_pr   inf_du lg(mu)  ||d||  lg(rg) alpha_du alpha_pr  ls
1730  7.7387751e-04 4.75e-06 7.00e-03  -4.1 2.96e-03    -  1.00e+00 1.00e+00h  1
1731  7.7930077e-04 3.27e-06 3.74e-03  -4.1 2.54e-03    -  1.00e+00 1.00e+00h  1
1732  7.7734568e-04 3.59e-06 8.20e-03  -4.1 2.35e-03    -  1.00e+00 1.00e+00h  1
1733  7.7289184e-04 5.03e-07 1.67e-03  -4.1 2.89e-03    -  1.00e+00 1.00e+00H  1
1734  7.7452537e-04 1.13e-06 5.03e-03  -4.0 1.46e-03    -  1.00e+00 1.00e+00h  1
1735  7.7278095e-04 4.50e-07 7.10e-04  -4.1 7.74e-04    -  1.00e+00 1.00e+00h  1
1736  7.7292627e-04 6.97e-08 6.73e-04  -4.0 2.66e-04    -  1.00e+00 1.00e+00h  1
1737  7.7283840e-04 2.06e-08 5.95e-04  -4.0 1.50e-04    -  1.00e+00 1.00e+00h  1
1738  7.7286425e-04 7.45e-09 5.73e-05  -4.0 9.66e-05    -  1.00e+00 1.00e+00h  1
1739  7.7286239e-04 1.36e-10 5.61e-05  -4.0 1.57e-05    -  1.00e+00 1.00e+00h  1
iter    objective    inf_pr   inf_du lg(mu)  ||d||  lg(rg) alpha_du alpha_pr  ls
1740  7.7386570e-04 6.80e-11 5.95e-03  -4.0 1.35e-03    -  1.00e+00 1.00e+00H  1
1741  7.7302477e-04 5.66e-07 5.16e-03  -4.1 7.36e-04    -  1.00e+00 1.00e+00h  1
1742  7.7242830e-04 4.08e-07 1.10e-03  -4.1 7.86e-04    -  1.00e+00 1.00e+00h  1
1743  7.7337848e-04 4.23e-07 2.96e-03  -4.0 6.59e-04    -  1.00e+00 1.00e+00h  1
1744  7.7240764e-04 1.92e-07 7.93e-04  -4.1 4.43e-04    -  1.00e+00 1.00e+00h  1
1745  7.7212311e-04 4.87e-10 2.92e-03  -4.0 6.76e-04    -  1.00e+00 1.00e+00H  1
1746  7.7195427e-04 1.38e-06 1.05e-02  -4.0 5.28e-02    -  1.00e+00 3.12e-02h  6
1747  7.7292172e-04 7.53e-06 7.61e-02  -4.0 2.94e-02    -  1.00e+00 1.25e-01h  4
1748  7.7221437e-04 7.62e-06 6.56e-02  -4.1 3.78e-02    -  1.00e+00 3.12e-02h  6
1749  7.7173266e-04 1.42e-05 1.64e-01  -4.1 3.64e-02    -  1.00e+00 1.25e-01h  4
iter    objective    inf_pr   inf_du lg(mu)  ||d||  lg(rg) alpha_du alpha_pr  ls
1750  7.7885674e-04 1.42e-05 3.73e-02  -4.1 1.17e-02    -  1.00e+00 1.00e+00H  1
1751  7.7774616e-04 1.47e-05 1.67e-01  -4.1 2.57e-02    -  1.00e+00 1.25e-01h  4
1752  7.7461935e-04 2.17e-05 4.52e-02  -4.1 2.88e-02    -  1.00e+00 1.25e-01h  4
1753  7.6913867e-04 2.70e-05 8.41e-02  -4.1 3.85e-02    -  1.00e+00 1.25e-01h  4
1754  7.7573027e-04 2.26e-05 1.97e-02  -4.0 4.37e-03    -  1.00e+00 1.00e+00h  1
1755  7.7724319e-04 2.01e-06 3.69e-02  -4.1 1.10e-02    -  1.00e+00 1.00e+00H  1
1756  7.7235557e-04 4.65e-06 8.00e-01  -4.1 8.65e-02    -  1.00e+00 3.12e-02h  6
1757  7.6761327e-04 7.30e-07 4.25e-03  -4.1 5.55e-03    -  1.00e+00 1.00e+00H  1
1758  7.6704746e-04 1.39e-06 1.10e-01  -4.0 1.97e-02    -  1.00e+00 6.25e-02h  5
1759  7.7675669e-04 1.39e-06 1.23e-02  -4.1 2.89e-03    -  1.00e+00 1.00e+00H  1
iter    objective    inf_pr   inf_du lg(mu)  ||d||  lg(rg) alpha_du alpha_pr  ls
1760  7.6739869e-04 5.62e-06 2.91e-03  -4.1 3.10e-03    -  1.00e+00 1.00e+00h  1
1761  8.2375934e-04 2.31e-05 2.59e-02  -4.0 4.85e-03    -  1.00e+00 1.00e+00h  1
1762  7.6585327e-04 8.51e-06 7.46e-03  -4.1 2.92e-03    -  1.00e+00 1.00e+00h  1
1763  7.6739365e-04 3.26e-07 4.42e-03  -4.0 1.90e-03    -  1.00e+00 1.00e+00H  1
1764  7.8447157e-04 3.65e-07 2.19e-02  -4.0 3.28e-03    -  1.00e+00 1.00e+00H  1
1765  7.6838839e-04 1.73e-06 8.81e-03  -4.1 1.97e-03    -  1.00e+00 1.00e+00h  1
1766  7.7217265e-04 8.27e-06 8.98e-03  -4.1 3.40e-03    -  1.00e+00 1.00e+00h  1
1767  7.6647902e-04 2.10e-06 1.32e-03  -4.1 1.77e-03    -  1.00e+00 1.00e+00h  1
1768  7.6632686e-04 4.89e-08 1.07e-03  -4.1 2.50e-04    -  1.00e+00 1.00e+00h  1
1769  7.6633224e-04 1.37e-07 1.34e-03  -4.0 4.13e-04    -  1.00e+00 1.00e+00h  1
iter    objective    inf_pr   inf_du lg(mu)  ||d||  lg(rg) alpha_du alpha_pr  ls
1770  7.6612119e-04 5.88e-08 7.35e-04  -4.1 2.77e-04    -  1.00e+00 1.00e+00h  1
1771  7.6617060e-04 9.88e-07 4.22e-03  -4.0 1.07e-03    -  1.00e+00 1.00e+00h  1
1772  7.6709741e-04 4.25e-08 7.12e-03  -4.1 1.45e-03    -  1.00e+00 1.00e+00H  1
1773  7.6540273e-04 9.86e-07 1.81e-03  -4.1 1.07e-03    -  1.00e+00 1.00e+00h  1
1774  7.6547749e-04 8.21e-08 1.32e-03  -4.0 3.75e-04    -  1.00e+00 1.00e+00h  1
1775  7.6521637e-04 2.63e-06 8.41e-03  -4.0 2.07e-03    -  1.00e+00 1.00e+00h  1
1776  7.6516991e-04 3.20e-06 1.27e-02  -4.0 3.50e-02    -  1.00e+00 3.12e-02h  6
1777  7.8388938e-04 1.41e-06 4.22e-02  -4.1 8.74e-03    -  1.00e+00 1.00e+00H  1
1778  7.6909129e-04 5.33e-06 8.00e-02  -4.1 6.28e-03    -  1.00e+00 5.00e-01h  2
1779  7.6462720e-04 2.75e-05 5.80e-03  -4.1 7.23e-03    -  1.00e+00 1.00e+00h  1
iter    objective    inf_pr   inf_du lg(mu)  ||d||  lg(rg) alpha_du alpha_pr  ls
1780  7.6536137e-04 2.68e-05 1.69e-01  -4.0 2.38e-02    -  1.00e+00 6.25e-02h  5
1781  7.8005678e-04 6.33e-06 1.52e-02  -4.1 3.46e-03    -  1.00e+00 1.00e+00h  1
1782  7.6547545e-04 2.11e-05 7.53e-03  -4.1 6.31e-03    -  1.00e+00 1.00e+00h  1
1783  9.6605901e-04 4.99e-06 3.84e-02  -4.1 1.07e-02    -  1.00e+00 1.00e+00H  1
1784  7.6393468e-04 1.87e-06 1.20e-02  -4.1 7.54e-03    -  1.00e+00 1.00e+00H  1
1785  7.6477226e-04 1.71e-06 4.96e-03  -4.0 1.83e-03    -  1.00e+00 1.00e+00h  1
1786  7.8882103e-04 5.39e-06 2.90e-02  -4.0 4.98e-03    -  1.00e+00 1.00e+00H  1
1787  7.6486224e-04 5.08e-06 1.33e-02  -4.1 2.95e-03    -  1.00e+00 1.00e+00h  1
1788  7.6525768e-04 1.33e-05 1.39e-02  -4.0 4.58e-03    -  1.00e+00 1.00e+00h  1
1789  7.6446975e-04 2.62e-06 1.58e-03  -4.0 2.04e-03    -  1.00e+00 1.00e+00h  1
iter    objective    inf_pr   inf_du lg(mu)  ||d||  lg(rg) alpha_du alpha_pr  ls
1790  7.6450139e-04 4.96e-08 9.91e-04  -4.0 2.82e-04    -  1.00e+00 1.00e+00h  1
1791  7.6440613e-04 1.12e-07 1.68e-03  -4.0 4.79e-04    -  1.00e+00 1.00e+00h  1
1792  7.6631730e-04 8.21e-08 5.71e-03  -4.0 1.60e-03    -  1.00e+00 1.00e+00H  1
1793  7.7230848e-04 3.37e-08 1.30e-02  -4.1 2.25e-03    -  1.00e+00 1.00e+00H  1
1794  7.6370881e-04 4.59e-06 9.46e-03  -4.1 2.23e-03    -  1.00e+00 1.00e+00h  1
1795  7.6463830e-04 1.97e-07 7.76e-03  -4.0 2.10e-03    -  1.00e+00 1.00e+00H  1
1796  7.6875515e-04 3.13e-09 3.07e-03  -4.1 7.89e-04    -  1.00e+00 1.00e+00H  1
1797  7.6410578e-04 3.10e-07 7.46e-04  -4.0 7.08e-04    -  1.00e+00 1.00e+00h  1
1798  7.6396174e-04 5.29e-08 6.50e-04  -4.0 2.82e-04    -  1.00e+00 1.00e+00h  1
1799  7.6410495e-04 5.97e-08 1.01e-03  -4.0 2.55e-04    -  1.00e+00 1.00e+00h  1
iter    objective    inf_pr   inf_du lg(mu)  ||d||  lg(rg) alpha_du alpha_pr  ls
1800  7.6398069e-04 2.56e-08 2.53e-04  -4.0 1.62e-04    -  1.00e+00 1.00e+00h  1
1801  7.6392804e-04 2.11e-09 3.54e-04  -4.0 7.27e-05    -  1.00e+00 1.00e+00h  1
1802  7.6393391e-04 6.79e-07 8.71e-03  -4.0 2.22e-02    -  1.00e+00 6.25e-02h  5
1803  7.8839482e-04 2.19e-07 1.04e-01  -4.1 1.15e-02    -  1.00e+00 1.00e+00H  1
1804  7.7902106e-04 5.40e-07 9.73e-01  -4.1 9.00e-03    -  1.00e+00 1.25e-01h  4
1805  7.7215332e-04 6.93e-07 5.58e-01  -4.1 7.39e-03    -  1.00e+00 1.25e-01h  4
1806  7.7112286e-04 7.19e-07 1.13e+00  -4.1 9.52e-03    -  1.00e+00 3.12e-02h  6
1807  7.7063663e-04 7.34e-07 9.98e-01  -4.1 3.08e-02    -  1.00e+00 7.81e-03h  8
1808  8.0020279e-04 3.99e-05 2.03e-02  -4.1 7.60e-03    -  1.00e+00 1.00e+00h  1
1809  7.7192547e-04 2.19e-05 9.98e-02  -4.1 4.03e-03    -  1.00e+00 5.00e-01h  2
iter    objective    inf_pr   inf_du lg(mu)  ||d||  lg(rg) alpha_du alpha_pr  ls
1810  7.6100713e-04 1.85e-05 8.43e-03  -4.1 4.95e-03    -  1.00e+00 1.00e+00h  1
1811  7.6685342e-04 1.25e-05 8.41e-03  -4.0 3.99e-03    -  1.00e+00 1.00e+00h  1
1812  7.6229633e-04 1.39e-06 1.34e-03  -4.1 1.14e-03    -  1.00e+00 1.00e+00h  1
1813  7.6176233e-04 3.56e-07 2.95e-03  -4.0 8.21e-04    -  1.00e+00 1.00e+00h  1
1814  7.6186010e-04 1.74e-07 3.49e-03  -4.0 5.62e-04    -  1.00e+00 1.00e+00h  1
1815  7.6167304e-04 1.23e-07 1.24e-03  -4.0 3.83e-04    -  1.00e+00 1.00e+00h  1
1816  7.6157100e-04 2.95e-08 8.21e-04  -4.0 2.07e-04    -  1.00e+00 1.00e+00h  1
1817  7.6149073e-04 1.93e-12 2.95e-04  -4.0 1.06e-04    -  1.00e+00 1.00e+00H  1
1818  7.6155603e-04 5.06e-06 9.83e-03  -4.0 4.87e-03    -  1.00e+00 5.00e-01h  2
1819  7.7928275e-04 7.75e-07 2.10e-02  -4.1 4.08e-03    -  1.00e+00 1.00e+00H  1
iter    objective    inf_pr   inf_du lg(mu)  ||d||  lg(rg) alpha_du alpha_pr  ls
1820  7.6316734e-04 4.23e-06 9.87e-03  -4.1 2.13e-03    -  1.00e+00 1.00e+00h  1
1821  7.6518367e-04 4.96e-06 4.97e-03  -4.1 2.18e-03    -  1.00e+00 1.00e+00h  1
1822  7.6271135e-04 1.74e-08 9.44e-03  -4.1 1.91e-03    -  1.00e+00 1.00e+00H  1
1823  7.6508902e-04 1.23e-05 8.85e-03  -4.1 3.29e-03    -  1.00e+00 1.00e+00h  1
1824  7.6438450e-04 2.02e-05 2.02e-02  -4.1 4.01e-03    -  1.00e+00 1.00e+00h  1
1825  7.7241072e-04 2.00e-05 8.75e-02  -4.1 7.84e-03    -  1.00e+00 5.00e-01h  2
1826  7.7104885e-04 7.17e-09 3.45e-02  -4.1 1.04e-02    -  1.00e+00 1.00e+00H  1
1827  7.7074324e-04 1.42e-08 3.39e-02  -4.1 1.75e-02    -  1.00e+00 7.81e-03h  8
1828  7.7066312e-04 1.47e-08 1.40e-01  -4.1 6.36e-02    -  1.00e+00 4.88e-04h 12
1829  7.6562515e-04 1.86e-09 7.36e-03  -4.1 6.74e-03    -  1.00e+00 1.00e+00H  1
iter    objective    inf_pr   inf_du lg(mu)  ||d||  lg(rg) alpha_du alpha_pr  ls
1830  7.6322974e-04 1.84e-06 1.02e-01  -4.1 8.73e-02    -  1.00e+00 1.56e-02h  7
1831  7.6329290e-04 2.50e-06 2.98e-02  -4.1 8.82e-03    -  1.00e+00 1.25e-01h  4
1832  7.6198616e-04 6.39e-06 4.48e-03  -4.1 2.81e-03    -  1.00e+00 1.00e+00h  1
1833  7.5949770e-04 1.11e-06 3.43e-03  -4.1 1.36e-03    -  1.00e+00 1.00e+00h  1
1834  7.6251179e-04 8.49e-06 1.09e-02  -4.0 2.38e-03    -  1.00e+00 1.00e+00h  1
1835  7.6005555e-04 4.01e-06 1.21e-03  -4.1 1.58e-03    -  1.00e+00 1.00e+00h  1
1836  7.6005872e-04 9.40e-07 3.31e-03  -4.1 9.22e-04    -  1.00e+00 1.00e+00h  1
1837  7.5991825e-04 5.08e-07 5.63e-03  -4.0 8.40e-04    -  1.00e+00 1.00e+00h  1
1838  7.5995701e-04 5.64e-07 1.08e-03  -4.0 7.95e-04    -  1.00e+00 1.00e+00h  1
1839  7.5989226e-04 7.64e-08 1.21e-03  -4.1 3.34e-04    -  1.00e+00 1.00e+00h  1
iter    objective    inf_pr   inf_du lg(mu)  ||d||  lg(rg) alpha_du alpha_pr  ls
1840  7.5979607e-04 1.87e-08 5.43e-04  -4.0 1.79e-04    -  1.00e+00 1.00e+00h  1
1841  7.5985230e-04 1.57e-08 4.38e-04  -4.0 1.36e-04    -  1.00e+00 1.00e+00h  1
1842  7.5983213e-04 1.71e-09 1.53e-04  -4.0 5.14e-05    -  1.00e+00 1.00e+00h  1
1843  7.5972012e-04 1.29e-08 5.68e-04  -4.0 1.90e-04    -  1.00e+00 1.00e+00h  1
1844  7.6121653e-04 8.51e-10 1.34e-02  -4.0 2.85e-03    -  1.00e+00 1.00e+00H  1
1845  7.6092085e-04 6.78e-07 1.78e-01  -4.1 6.87e-03    -  1.00e+00 1.25e-01h  4
1846  7.5925090e-04 8.33e-07 5.53e-03  -4.1 1.75e-03    -  1.00e+00 1.00e+00h  1
1847  9.2788346e-04 8.43e-07 4.26e-02  -4.0 6.23e-03    -  1.00e+00 1.00e+00H  1
1848  7.6683877e-04 1.14e-05 1.88e-02  -4.1 4.53e-03    -  1.00e+00 1.00e+00h  1
1849  7.7930139e-04 2.45e-05 1.62e-02  -4.1 1.00e-02    -  1.00e+00 1.00e+00h  1
iter    objective    inf_pr   inf_du lg(mu)  ||d||  lg(rg) alpha_du alpha_pr  ls
1850  7.6919928e-04 2.63e-04 1.06e-01  -4.1 3.23e-02    -  1.00e+00 1.00e+00h  1
1851  7.7618036e-04 2.03e-04 3.22e-01  -4.1 3.05e-02    -  1.00e+00 2.50e-01h  3
1852  7.7236979e-04 1.90e-04 1.98e-01  -4.1 4.66e-02    -  1.00e+00 6.25e-02h  5
1853  7.5256087e-04 7.13e-05 9.01e-03  -4.1 1.73e-02    -  1.00e+00 1.00e+00h  1
1854  7.6754174e-04 6.97e-05 4.14e-01  -4.0 7.17e-02    -  1.00e+00 6.25e-02h  5
1855  7.7657919e-04 2.82e-05 1.55e-02  -4.1 1.16e-02    -  1.00e+00 1.00e+00h  1
1856  8.3164773e-04 3.68e-05 4.34e+00  -4.1 2.84e-02    -  1.00e+00 9.76e-02H  1
1857  7.6060708e-04 2.69e-06 1.06e-02  -4.1 1.05e-02    -  1.00e+00 1.00e+00F  1
1858  7.5817586e-04 7.64e-06 1.49e-01  -4.1 4.79e-02    -  1.00e+00 1.25e-01h  4
1859  8.6131499e-04 2.08e-04 1.52e-01  -4.1 3.11e-02    -  1.00e+00 5.00e-01h  2
iter    objective    inf_pr   inf_du lg(mu)  ||d||  lg(rg) alpha_du alpha_pr  ls
1860  7.6085986e-04 2.20e-04 1.38e-02  -4.1 2.04e-02    -  1.00e+00 1.00e+00h  1
1861  7.6623860e-04 6.92e-05 1.68e-02  -4.1 9.45e-03    -  1.00e+00 1.00e+00h  1
1862  7.7722044e-04 2.88e-05 1.44e-02  -4.1 5.98e-03    -  1.00e+00 1.00e+00h  1
1863  7.6019315e-04 2.88e-05 3.62e-02  -4.1 1.73e-02    -  1.00e+00 2.50e-01h  3
1864  7.6054509e-04 3.86e-05 1.49e-01  -4.1 9.67e-03    -  1.00e+00 5.00e-01h  2
1865  8.7353153e-04 2.54e-05 1.77e-02  -4.1 6.14e-03    -  1.00e+00 1.00e+00h  1
1866  7.5077615e-04 2.53e-05 1.57e-03  -4.1 6.05e-03    -  1.00e+00 1.00e+00h  1
1867  7.5108718e-04 2.84e-07 2.50e-03  -4.0 1.02e-03    -  1.00e+00 1.00e+00h  1
1868  7.5427574e-04 7.88e-06 1.79e-02  -4.0 5.33e-03    -  1.00e+00 1.00e+00h  1
1869  7.5654569e-04 1.36e-06 5.10e-03  -4.1 2.00e-03    -  1.00e+00 1.00e+00h  1
iter    objective    inf_pr   inf_du lg(mu)  ||d||  lg(rg) alpha_du alpha_pr  ls
1870  7.5302702e-04 4.87e-06 7.67e-03  -4.1 3.46e-03    -  1.00e+00 1.00e+00h  1
1871  7.5566252e-04 6.65e-06 1.30e-02  -4.1 5.28e-03    -  1.00e+00 5.00e-01h  2
1872  7.5063542e-04 7.64e-06 5.34e-04  -4.1 3.11e-03    -  1.00e+00 1.00e+00h  1
1873  7.5106871e-04 2.95e-07 2.24e-03  -4.0 1.06e-03    -  1.00e+00 1.00e+00h  1
1874  7.5057770e-04 1.58e-06 8.59e-03  -4.1 2.12e-03    -  1.00e+00 1.00e+00h  1
1875  7.5121584e-04 2.33e-06 7.39e-03  -4.0 3.01e-03    -  1.00e+00 1.00e+00h  1
1876  7.7150934e-04 7.40e-06 2.26e-02  -4.1 5.18e-03    -  1.00e+00 1.00e+00H  1
1877  7.5313226e-04 1.98e-06 3.85e-03  -4.1 4.33e-03    -  1.00e+00 1.00e+00H  1
1878  8.6842955e-04 3.56e-06 6.65e-02  -4.1 4.60e-03    -  1.00e+00 9.22e-01H  1
1879  7.7388825e-04 1.27e-06 3.03e-02  -4.1 4.04e-03    -  1.00e+00 1.00e+00F  1
iter    objective    inf_pr   inf_du lg(mu)  ||d||  lg(rg) alpha_du alpha_pr  ls
1880  7.5029186e-04 7.21e-06 1.61e-03  -4.1 2.90e-03    -  1.00e+00 1.00e+00h  1
1881  7.5080814e-04 4.17e-06 4.68e-03  -4.0 2.28e-03    -  1.00e+00 1.00e+00h  1
1882  7.4999866e-04 3.82e-07 2.43e-03  -4.0 6.08e-04    -  1.00e+00 1.00e+00h  1
1883  7.5010688e-04 9.60e-08 1.13e-03  -4.0 3.50e-04    -  1.00e+00 1.00e+00h  1
1884  7.5011700e-04 1.88e-09 1.65e-04  -4.0 4.55e-05    -  1.00e+00 1.00e+00h  1
1885  7.5010836e-04 5.25e-09 2.77e-04  -4.0 1.22e-04    -  1.00e+00 1.00e+00h  1
1886  7.4993623e-04 1.04e-07 1.65e-03  -4.0 4.36e-04    -  1.00e+00 1.00e+00h  1
1887  7.6710947e-04 1.01e-08 4.01e-02  -4.0 8.60e-03    -  1.00e+00 1.00e+00H  1
1888  7.6971796e-04 2.12e-05 1.33e-02  -4.1 6.48e-03    -  1.00e+00 1.00e+00h  1
1889  7.6863109e-04 3.92e-05 1.28e-01  -4.1 2.59e-02    -  1.00e+00 2.50e-01h  3
iter    objective    inf_pr   inf_du lg(mu)  ||d||  lg(rg) alpha_du alpha_pr  ls
1890  7.6182369e-04 6.15e-05 2.58e-02  -4.1 9.72e-03    -  1.00e+00 1.00e+00h  1
1891  8.1395596e-04 5.34e-05 1.64e-02  -4.1 8.30e-03    -  1.00e+00 1.00e+00h  1
1892  7.9347579e-04 4.43e-05 9.46e-02  -4.1 2.31e-02    -  1.00e+00 1.25e-01h  4
1893  7.7561776e-04 1.16e-04 4.69e-02  -4.1 3.11e-02    -  1.00e+00 5.00e-01h  2
1894  7.7394244e-04 7.47e-05 8.02e-03  -4.1 1.13e-02    -  1.00e+00 1.00e+00h  1
1895  7.5862444e-04 7.68e-06 1.16e-02  -4.1 1.11e-02    -  1.00e+00 1.00e+00H  1
1896  7.6076533e-04 1.32e-05 1.04e-01  -4.1 7.65e-03    -  1.00e+00 5.00e-01h  2
1897  7.5550928e-04 4.02e-05 1.52e-02  -4.1 7.78e-03    -  1.00e+00 1.00e+00h  1
1898  7.4954696e-04 1.84e-05 4.58e-03  -4.1 4.76e-03    -  1.00e+00 1.00e+00h  1
1899  7.4784047e-04 5.34e-06 9.36e-03  -4.0 2.46e-03    -  1.00e+00 1.00e+00h  1
iter    objective    inf_pr   inf_du lg(mu)  ||d||  lg(rg) alpha_du alpha_pr  ls
1900  7.4914119e-04 3.29e-06 3.35e-03  -4.0 1.76e-03    -  1.00e+00 1.00e+00h  1
1901  7.4877289e-04 3.72e-07 1.98e-03  -4.0 7.88e-04    -  1.00e+00 1.00e+00h  1
1902  7.4866441e-04 4.69e-08 5.49e-04  -4.0 2.51e-04    -  1.00e+00 1.00e+00h  1
1903  7.4870313e-04 3.29e-09 1.36e-04  -4.0 7.21e-05    -  1.00e+00 1.00e+00h  1
1904  7.4869152e-04 1.05e-09 1.22e-04  -4.0 3.43e-05    -  1.00e+00 1.00e+00h  1
1905  7.4883283e-04 1.18e-11 2.85e-03  -4.0 8.43e-04    -  1.00e+00 1.00e+00H  1
1906  7.5112137e-04 9.05e-13 1.46e-02  -4.0 3.17e-03    -  1.00e+00 1.00e+00H  1
1907  7.5716317e-04 1.12e-12 1.29e-02  -4.1 1.58e-03    -  1.00e+00 1.00e+00H  1
1908  7.4854064e-04 6.24e-06 1.35e-03  -4.1 2.68e-03    -  1.00e+00 1.00e+00f  1
1909  7.4889808e-04 7.03e-07 3.67e-03  -4.1 9.77e-04    -  1.00e+00 1.00e+00h  1
iter    objective    inf_pr   inf_du lg(mu)  ||d||  lg(rg) alpha_du alpha_pr  ls
1910  7.4812690e-04 6.26e-07 2.14e-03  -4.1 9.33e-04    -  1.00e+00 1.00e+00h  1
1911  7.4867983e-04 3.56e-07 3.33e-03  -4.0 7.66e-04    -  1.00e+00 1.00e+00h  1
1912  7.4834057e-04 6.86e-08 3.08e-04  -4.1 3.12e-04    -  1.00e+00 1.00e+00h  1
1913  7.4829168e-04 1.45e-09 1.72e-04  -4.0 4.53e-05    -  1.00e+00 1.00e+00h  1
1914  7.4813792e-04 4.69e-08 1.41e-03  -4.0 3.48e-04    -  1.00e+00 1.00e+00h  1
1915  7.4879750e-04 5.87e-09 6.30e-03  -4.0 1.24e-03    -  1.00e+00 1.00e+00H  1
1916  7.4879076e-04 5.02e-07 6.63e-03  -4.1 6.25e-04    -  1.00e+00 1.00e+00h  1
1917  7.4810103e-04 2.67e-07 2.09e-03  -4.1 4.82e-04    -  1.00e+00 1.00e+00h  1
1918  7.4817092e-04 7.64e-07 3.68e-03  -4.0 9.84e-04    -  1.00e+00 1.00e+00h  1
1919  7.4833491e-04 3.98e-09 1.62e-03  -4.1 8.90e-04    -  1.00e+00 1.00e+00H  1
iter    objective    inf_pr   inf_du lg(mu)  ||d||  lg(rg) alpha_du alpha_pr  ls
1920  7.4802063e-04 1.32e-08 7.15e-03  -4.1 1.73e-03    -  1.00e+00 1.00e+00H  1
1921  7.4821556e-04 5.98e-07 1.48e-01  -4.0 8.03e-03    -  1.00e+00 1.25e-01h  4
1922  7.4776382e-04 7.18e-07 2.42e-04  -4.1 1.17e-03    -  1.00e+00 1.00e+00h  1
1923  7.4864097e-04 2.83e-07 2.38e-03  -4.0 5.42e-04    -  1.00e+00 1.00e+00h  1
1924  7.4783390e-04 4.79e-08 1.36e-03  -4.1 2.74e-04    -  1.00e+00 1.00e+00h  1
1925  7.4776663e-04 6.05e-08 1.15e-03  -4.0 3.58e-04    -  1.00e+00 1.00e+00h  1
1926  7.4748287e-04 3.26e-06 1.32e-02  -4.0 2.16e-02    -  1.00e+00 1.25e-01h  4
1927  7.4813744e-04 1.04e-05 1.13e-01  -4.0 6.84e-02    -  1.00e+00 6.25e-02h  5
1928  7.4816400e-04 1.29e-05 3.19e-01  -4.1 7.26e-02    -  1.00e+00 6.25e-02h  5
1929  7.4766224e-04 1.32e-05 4.98e-02  -4.1 2.01e-01    -  1.00e+00 7.81e-03h  8
iter    objective    inf_pr   inf_du lg(mu)  ||d||  lg(rg) alpha_du alpha_pr  ls
1930  7.4608199e-04 3.42e-05 1.29e-01  -4.1 2.88e-02    -  1.00e+00 2.50e-01h  3
1931  7.5485937e-04 1.23e-04 1.80e-01  -4.0 9.42e-02    -  1.00e+00 2.50e-01h  3
1932  7.6725400e-04 1.17e-04 1.67e-01  -4.1 5.93e-02    -  1.00e+00 1.25e-01h  4
1933  7.5340418e-04 1.26e-04 2.89e-01  -4.1 1.35e-01    -  1.00e+00 6.25e-02h  5
1934  7.4592076e-04 1.44e-04 8.24e-01  -4.1 3.66e-01    -  9.95e-01 3.12e-02h  6
1935  7.8548050e-04 1.39e-04 2.49e-01  -4.1 1.62e-01    -  1.00e+00 6.25e-02h  5
1936  2.8566539e-03 8.64e-05 2.26e-01  -4.1 4.63e-02    -  1.00e+00 9.33e-01H  1
1937  1.8791583e-03 9.98e-05 1.54e-01  -4.1 5.18e-02    -  1.00e+00 2.50e-01f  3
1938  1.6841085e-03 1.21e-04 9.79e-01  -4.1 3.98e-01    -  7.20e-01 3.12e-02h  6
1939  1.6362582e-03 1.21e-04 1.11e+00  -4.1 1.07e+00    -  5.80e-01 4.68e-03h  8
iter    objective    inf_pr   inf_du lg(mu)  ||d||  lg(rg) alpha_du alpha_pr  ls
1940  1.5720699e-03 1.22e-04 1.18e-01  -4.1 2.34e-01    -  1.00e+00 1.56e-02h  7
1941  1.5055726e-03 1.24e-04 1.10e-01  -4.1 2.66e-01    -  1.00e+00 1.56e-02h  7
1942  8.5545970e-04 1.34e-03 2.59e-01  -4.1 3.07e-01    -  1.00e+00 2.50e-01h  3
1943  1.1173005e-03 1.28e-05 9.27e-03  -4.1 6.90e-03    -  1.00e+00 1.00e+00h  1
1944  2.0058383e-03 8.39e-05 5.40e-02  -4.1 9.37e-03    -  1.00e+00 1.00e+00H  1
1945  7.9229662e-04 2.96e-05 2.07e-02  -4.1 5.88e-03    -  1.00e+00 1.00e+00h  1
1946  7.7170203e-04 1.38e-05 1.17e-02  -4.1 3.96e-03    -  1.00e+00 1.00e+00h  1
1947  7.5775833e-04 2.02e-06 2.75e-03  -4.1 1.45e-03    -  1.00e+00 1.00e+00h  1
1948  7.5646701e-04 4.12e-07 1.74e-03  -4.1 6.60e-04    -  1.00e+00 1.00e+00h  1
1949  7.5605338e-04 3.46e-07 1.83e-03  -4.1 5.24e-04    -  1.00e+00 1.00e+00h  1
iter    objective    inf_pr   inf_du lg(mu)  ||d||  lg(rg) alpha_du alpha_pr  ls
1950  7.5529703e-04 3.79e-07 1.00e-02  -4.1 2.89e-03    -  1.00e+00 1.00e+00H  1
1951  7.5366903e-04 2.46e-06 1.10e-02  -4.1 1.65e-03    -  1.00e+00 1.00e+00h  1
1952  7.5299920e-04 9.26e-07 3.15e-03  -4.1 1.26e-03    -  1.00e+00 1.00e+00h  1
1953  7.5282923e-04 2.46e-07 1.68e-03  -4.1 4.90e-04    -  1.00e+00 1.00e+00h  1
1954  7.5275394e-04 2.99e-10 5.28e-04  -4.1 5.61e-04    -  1.00e+00 1.00e+00H  1
1955  7.5264742e-04 3.72e-06 3.89e-01  -6.1 3.57e-03    -  1.00e+00 5.00e-01h  2
1956  7.5138482e-04 1.64e-06 2.00e-01  -6.1 1.76e-03    -  1.00e+00 5.00e-01h  2
1957  7.5070563e-04 2.45e-07 1.86e-03  -6.1 6.08e-04    -  1.00e+00 1.00e+00h  1
1958  7.4973954e-04 1.12e-06 1.58e-03  -6.1 1.43e-03    -  1.00e+00 1.00e+00h  1
1959  7.4951234e-04 1.15e-06 8.18e-03  -6.1 8.88e-03    -  1.00e+00 6.25e-02h  5
iter    objective    inf_pr   inf_du lg(mu)  ||d||  lg(rg) alpha_du alpha_pr  ls
1960  7.4515157e-04 2.08e-05 4.23e-03  -6.1 6.24e-03    -  1.00e+00 1.00e+00h  1
1961  1.0468386e-03 3.95e-03 1.59e-01  -4.0 1.27e-01    -  1.00e+00 5.00e-01h  2
1962  7.8785966e-04 3.13e-03 1.59e-02  -4.1 5.77e-02    -  1.00e+00 1.00e+00h  1
1963  7.7234283e-04 4.54e-04 9.19e-03  -4.1 2.33e-02    -  1.00e+00 1.00e+00h  1
1964  7.5339814e-04 4.23e-05 4.25e-03  -4.1 7.63e-03    -  1.00e+00 1.00e+00h  1
1965  7.5659133e-04 1.01e-04 2.06e-02  -4.1 1.22e-02    -  1.00e+00 1.00e+00h  1
1966  7.5217237e-04 4.13e-05 1.10e-03  -4.1 7.52e-03    -  1.00e+00 1.00e+00h  1
1967  7.5109730e-04 9.74e-07 3.12e-03  -4.1 1.18e-03    -  1.00e+00 1.00e+00h  1
1968  7.5255593e-04 2.04e-06 2.71e-03  -4.1 1.54e-03    -  1.00e+00 1.00e+00h  1
1969  7.5232951e-04 3.79e-07 1.85e-03  -4.1 7.07e-04    -  1.00e+00 1.00e+00h  1
iter    objective    inf_pr   inf_du lg(mu)  ||d||  lg(rg) alpha_du alpha_pr  ls
1970  7.5186149e-04 2.47e-07 2.71e-03  -4.1 5.22e-04    -  1.00e+00 1.00e+00h  1
1971  7.5190492e-04 5.10e-08 1.10e-03  -4.1 2.09e-04    -  1.00e+00 1.00e+00h  1
1972  7.5183402e-04 1.02e-06 4.00e-03  -4.1 1.25e-03    -  1.00e+00 1.00e+00h  1
1973  7.6962642e-04 1.07e-08 4.44e-02  -4.1 9.74e-03    -  1.00e+00 1.00e+00H  1
1974  7.5162198e-04 2.10e-06 3.35e-03  -4.1 8.96e-03    -  1.00e+00 1.00e+00H  1
1975  7.5214971e-04 1.27e-06 2.84e-03  -4.1 1.64e-03    -  1.00e+00 5.00e-01h  2
1976  7.5149267e-04 2.82e-07 4.58e-04  -4.1 6.32e-04    -  1.00e+00 1.00e+00h  1
1977  7.5129825e-04 4.01e-08 2.68e-03  -6.1 2.22e-04    -  1.00e+00 1.00e+00h  1
1978  7.4946636e-04 2.02e-05 4.01e-03  -6.1 4.07e-02    -  1.00e+00 1.25e-01h  4
1979  7.4669304e-04 1.17e-05 1.59e-02  -6.1 6.69e-03    -  1.00e+00 3.18e-01h  2
iter    objective    inf_pr   inf_du lg(mu)  ||d||  lg(rg) alpha_du alpha_pr  ls
1980  9.0153838e-04 3.62e-03 8.46e-02  -4.0 8.41e-02    -  1.00e+00 1.00e+00h  1
1981  8.8355230e-04 9.02e-04 2.12e-02  -4.1 4.32e-02    -  1.00e+00 1.00e+00h  1
1982  1.5744983e-03 6.96e-04 2.31e-02  -4.1 3.47e-02    -  8.17e-01 1.00e+00h  1
1983  7.8564211e-04 5.51e-04 7.16e-03  -4.1 3.11e-02    -  1.00e+00 1.00e+00h  1
1984  7.6228645e-04 5.75e-04 9.42e-04  -4.1 3.31e-02    -  1.00e+00 1.00e+00h  1
1985  7.6794967e-04 2.41e-05 3.51e-03  -4.1 5.95e-03    -  1.00e+00 1.00e+00h  1
1986  7.6781785e-04 9.02e-05 4.88e-02  -4.1 1.29e-02    -  1.00e+00 1.00e+00h  1
1987  7.5652215e-04 2.11e-05 1.09e-02  -4.1 7.31e-03    -  1.00e+00 1.00e+00h  1
1988  7.5217029e-04 1.34e-05 2.69e-03  -4.1 5.09e-03    -  1.00e+00 1.00e+00h  1
1989  7.5196735e-04 1.17e-06 1.18e-03  -4.1 1.36e-03    -  1.00e+00 1.00e+00h  1
iter    objective    inf_pr   inf_du lg(mu)  ||d||  lg(rg) alpha_du alpha_pr  ls
1990  7.5132940e-04 3.09e-07 1.19e-03  -4.1 5.20e-04    -  1.00e+00 1.00e+00h  1
1991  7.5123641e-04 7.93e-08 4.52e-04  -4.1 2.25e-04    -  1.00e+00 1.00e+00h  1
1992  7.5079681e-04 1.08e-07 1.10e-03  -6.1 4.70e-04    -  1.00e+00 1.00e+00h  1
1993  7.4859213e-04 2.07e-05 7.45e-04  -6.1 1.05e-02    -  1.00e+00 5.00e-01h  2
1994  7.4631441e-04 1.81e-05 1.94e-02  -6.1 7.43e-03    -  1.00e+00 2.10e-01h  2
1995  9.3076041e-04 4.72e-03 8.06e-02  -4.0 8.14e-02    -  1.00e+00 1.00e+00h  1
1996  7.9317730e-04 1.50e-03 2.19e-02  -4.1 4.26e-02    -  1.00e+00 1.00e+00h  1
1997  7.6296245e-04 3.32e-04 4.16e-03  -4.1 2.42e-02    -  1.00e+00 1.00e+00h  1
1998  1.0649207e-03 3.15e-04 4.74e-03  -4.1 3.20e-02    -  1.00e+00 5.00e-01h  2
1999  7.5372521e-04 1.07e-04 2.15e-03  -4.1 1.13e-02    -  1.00e+00 1.00e+00h  1
iter    objective    inf_pr   inf_du lg(mu)  ||d||  lg(rg) alpha_du alpha_pr  ls
2000  7.4906343e-04 4.62e-05 9.20e-03  -4.1 7.11e-03    -  1.00e+00 1.00e+00h  1
2001  7.5773130e-04 3.45e-05 1.10e-02  -4.1 8.45e-03    -  1.00e+00 1.00e+00h  1
2002  7.5415091e-04 2.10e-05 7.52e-03  -4.1 8.02e-03    -  1.00e+00 5.00e-01h  2
2003  7.4942531e-04 1.53e-05 7.02e-03  -4.1 4.62e-03    -  1.00e+00 1.00e+00h  1
2004  7.5174565e-04 7.58e-06 2.97e-03  -4.1 2.78e-03    -  1.00e+00 1.00e+00h  1
2005  7.5187829e-04 1.67e-06 4.48e-03  -4.1 1.60e-03    -  1.00e+00 1.00e+00h  1
2006  7.5092858e-04 7.86e-07 7.51e-04  -4.1 1.11e-03    -  1.00e+00 1.00e+00h  1
2007  7.5061018e-04 5.67e-08 1.03e-03  -6.1 3.09e-04    -  1.00e+00 1.00e+00h  1
2008  7.5010992e-04 2.16e-06 2.66e-02  -6.1 5.00e-02    -  1.00e+00 3.64e-02h  5
2009  7.4800525e-04 4.34e-06 1.01e-02  -6.1 5.30e-03    -  1.00e+00 5.00e-01h  2
iter    objective    inf_pr   inf_du lg(mu)  ||d||  lg(rg) alpha_du alpha_pr  ls
2010  7.4877976e-04 1.80e-06 8.44e-04  -6.1 1.59e-03    -  1.00e+00 1.00e+00h  1
2011  7.4541196e-04 2.62e-07 1.07e-04  -6.1 6.16e-04    -  1.00e+00 1.00e+00h  1
2012  9.1320550e-04 4.66e-03 2.87e-01  -4.0 9.05e-02    -  1.00e+00 1.00e+00f  1
2013  8.0647362e-04 1.23e-03 7.31e-02  -4.1 4.49e-02    -  1.00e+00 1.00e+00h  1
2014  8.2488063e-04 2.58e-04 1.69e-02  -4.1 2.44e-02    -  1.00e+00 1.00e+00h  1
2015  7.8057612e-04 1.86e-04 6.16e-02  -4.1 2.31e-02    -  1.00e+00 5.00e-01h  2
2016  8.0919861e-04 9.24e-05 6.23e-03  -4.1 1.12e-02    -  1.00e+00 1.00e+00h  1
2017  7.5739129e-04 1.30e-05 2.93e-03  -4.1 4.40e-03    -  1.00e+00 1.00e+00h  1
2018  7.5426393e-04 2.08e-06 1.40e-02  -4.1 3.60e-03    -  1.00e+00 1.00e+00H  1
2019  7.5179271e-04 1.08e-05 6.74e-03  -4.1 3.52e-03    -  1.00e+00 1.00e+00h  1
iter    objective    inf_pr   inf_du lg(mu)  ||d||  lg(rg) alpha_du alpha_pr  ls
2020  7.5238157e-04 2.74e-05 1.77e-02  -4.1 6.35e-03    -  1.00e+00 1.00e+00h  1
2021  7.5088924e-04 1.36e-05 6.36e-04  -4.1 4.52e-03    -  1.00e+00 1.00e+00h  1
2022  7.5058752e-04 2.64e-08 3.95e-04  -6.1 2.48e-04    -  1.00e+00 1.00e+00h  1
2023  7.4959481e-04 9.26e-07 1.30e-03  -6.1 1.46e-03    -  1.00e+00 1.00e+00h  1
2024  7.3951021e-04 6.66e-05 2.52e-02  -6.1 4.01e-02    -  1.00e+00 3.28e-01h  1
2025  1.2359466e-03 1.02e-03 1.47e-02  -4.0 4.10e-02    -  1.00e+00 1.00e+00f  1
2026  8.1511637e-04 2.58e-04 6.97e-03  -4.1 1.71e-02    -  1.00e+00 1.00e+00h  1
2027  7.4744190e-04 3.12e-04 3.50e-03  -4.1 2.84e-02    -  1.00e+00 1.00e+00h  1
2028  7.6297891e-04 2.94e-04 4.14e-03  -4.1 2.69e-02    -  1.00e+00 1.00e+00h  1
2029  7.8101215e-04 3.92e-04 8.75e-03  -4.1 1.88e-02    -  1.00e+00 1.00e+00h  1
iter    objective    inf_pr   inf_du lg(mu)  ||d||  lg(rg) alpha_du alpha_pr  ls
2030  7.7182527e-04 1.25e-04 4.23e-03  -4.1 1.23e-02    -  1.00e+00 1.00e+00h  1
2031  7.7926704e-04 1.70e-05 8.16e-03  -4.1 4.24e-03    -  1.00e+00 1.00e+00h  1
2032  7.5211576e-04 7.12e-05 2.54e-02  -4.1 1.02e-02    -  1.00e+00 1.00e+00h  1
2033  7.5244072e-04 2.07e-05 6.89e-03  -4.1 6.40e-03    -  1.00e+00 1.00e+00h  1
2034  7.5885475e-04 7.87e-06 6.70e-03  -4.1 3.21e-03    -  1.00e+00 1.00e+00h  1
2035  7.5107648e-04 1.93e-06 2.63e-03  -4.1 2.03e-03    -  1.00e+00 1.00e+00h  1
2036  7.5037608e-04 2.18e-07 1.30e-03  -4.1 7.48e-04    -  1.00e+00 1.00e+00h  1
2037  7.5065620e-04 1.02e-07 1.03e-03  -4.1 3.26e-04    -  1.00e+00 1.00e+00h  1
2038  7.5059409e-04 3.62e-09 5.29e-04  -4.1 7.10e-05    -  1.00e+00 1.00e+00h  1
2039  7.5034009e-04 4.27e-08 1.22e-03  -6.1 2.67e-04    -  1.00e+00 1.00e+00h  1
iter    objective    inf_pr   inf_du lg(mu)  ||d||  lg(rg) alpha_du alpha_pr  ls
2040  7.4925559e-04 4.70e-06 2.27e-03  -6.1 2.26e-02    -  1.00e+00 1.25e-01h  4
2041  7.4606298e-04 7.08e-06 6.59e-03  -6.1 7.02e-03    -  1.00e+00 4.36e-01h  2
2042  7.4531141e-04 5.99e-06 3.60e-02  -6.1 1.04e-02    -  1.00e+00 1.31e-01h  3
2043  7.4498189e-04 5.98e-07 8.21e-05  -6.1 6.79e-04    -  1.00e+00 1.00e+00h  1
2044  1.0026417e-03 7.86e-03 2.47e-01  -4.0 1.20e-01    -  1.00e+00 1.00e+00f  1
2045  8.2860543e-04 2.38e-03 6.64e-02  -4.1 6.11e-02    -  1.00e+00 1.00e+00h  1
2046  3.1435429e-03 1.05e-03 8.87e-03  -4.1 3.36e-02    -  1.00e+00 1.00e+00h  1
2047  1.1592183e-03 3.87e-04 2.93e-02  -4.1 1.52e-02    -  1.00e+00 6.55e-01h  1
2048  7.5828272e-04 2.22e-04 4.42e-03  -4.1 2.11e-02    -  1.00e+00 1.00e+00f  1
2049  7.4786950e-04 8.67e-05 6.77e-03  -4.1 1.22e-02    -  1.00e+00 1.00e+00h  1
iter    objective    inf_pr   inf_du lg(mu)  ||d||  lg(rg) alpha_du alpha_pr  ls
2050  7.5423774e-04 5.06e-05 8.25e-03  -4.1 7.63e-03    -  1.00e+00 1.00e+00h  1
2051  7.5165470e-04 2.03e-05 6.13e-03  -4.1 5.36e-03    -  1.00e+00 1.00e+00h  1
2052  7.5065272e-04 6.45e-06 4.78e-03  -4.1 3.13e-03    -  1.00e+00 1.00e+00h  1
2053  7.5115742e-04 1.44e-06 1.69e-03  -4.1 1.43e-03    -  1.00e+00 1.00e+00h  1
2054  7.5065950e-04 1.32e-07 1.04e-03  -4.1 4.52e-04    -  1.00e+00 1.00e+00h  1
2055  7.5085629e-04 6.62e-08 5.20e-04  -4.1 2.77e-04    -  1.00e+00 1.00e+00h  1
2056  7.5057748e-04 4.33e-08 1.19e-03  -6.1 2.42e-04    -  1.00e+00 1.00e+00h  1
2057  7.4569399e-04 2.21e-05 1.04e-03  -6.1 5.49e-03    -  1.00e+00 1.00e+00h  1
2058  7.4516379e-04 1.94e-05 2.82e-02  -6.1 1.69e-02    -  1.00e+00 1.33e-01h  2
2059  7.4608332e-04 3.46e-06 1.70e-04  -6.1 1.63e-03    -  1.00e+00 1.00e+00h  1
iter    objective    inf_pr   inf_du lg(mu)  ||d||  lg(rg) alpha_du alpha_pr  ls
2060  7.4529567e-04 3.29e-07 7.52e-05  -6.1 5.58e-04    -  1.00e+00 1.00e+00h  1
2061  1.1073225e-03 1.00e-02 2.68e-01  -4.0 1.19e-01    -  1.00e+00 1.00e+00f  1
2062  8.3737659e-04 2.63e-03 6.70e-02  -4.1 5.90e-02    -  1.00e+00 1.00e+00h  1
2063  7.7826946e-04 7.55e-04 1.52e-02  -4.1 3.17e-02    -  1.00e+00 1.00e+00h  1
2064  8.8368671e-04 2.59e-04 4.16e-03  -4.1 1.89e-02    -  1.00e+00 1.00e+00h  1
2065  7.6737988e-04 6.47e-05 4.35e-01  -4.1 5.25e-02    -  1.00e+00 1.66e-01H  1
2066  8.4896039e-04 4.63e-05 2.05e-03  -4.1 8.04e-03    -  1.00e+00 1.00e+00f  1
2067  7.8215426e-04 1.14e-04 2.27e-02  -4.1 1.62e-02    -  1.00e+00 1.00e+00h  1
2068  7.5637982e-04 7.76e-05 7.63e-03  -4.1 9.12e-03    -  1.00e+00 1.00e+00h  1
2069  7.4901990e-04 9.56e-05 1.76e-02  -4.1 1.20e-02    -  1.00e+00 1.00e+00h  1
iter    objective    inf_pr   inf_du lg(mu)  ||d||  lg(rg) alpha_du alpha_pr  ls
2070  7.5068144e-04 4.90e-05 2.49e-03  -4.1 8.69e-03    -  1.00e+00 1.00e+00h  1
2071  7.5015663e-04 7.46e-07 9.49e-04  -4.1 1.05e-03    -  1.00e+00 1.00e+00h  1
2072  7.5066330e-04 2.06e-07 1.23e-03  -4.1 6.15e-04    -  1.00e+00 1.00e+00h  1
2073  7.5028796e-04 1.57e-07 1.10e-03  -4.1 3.96e-04    -  1.00e+00 1.00e+00h  1
2074  7.5027497e-04 7.33e-08 4.78e-04  -4.1 3.34e-04    -  1.00e+00 1.00e+00h  1
2075  7.4997472e-04 4.04e-08 1.35e-03  -6.1 2.70e-04    -  1.00e+00 1.00e+00h  1
2076  7.4396411e-04 1.82e-04 3.80e-02  -6.1 1.37e-01    -  1.00e+00 1.28e-01h  2
2077  7.4272185e-04 1.39e-04 6.14e-03  -6.1 8.54e-03    -  1.00e+00 2.50e-01h  3
2078  7.4400357e-04 4.04e-05 1.16e-03  -6.1 7.83e-03    -  1.00e+00 1.00e+00h  1
2079  1.2101797e-03 1.67e-02 2.84e-01  -4.0 1.76e-01    -  1.00e+00 1.00e+00h  1
iter    objective    inf_pr   inf_du lg(mu)  ||d||  lg(rg) alpha_du alpha_pr  ls
2080  1.0833031e-03 4.27e-03 7.34e-02  -4.1 8.70e-02    -  1.00e+00 1.00e+00h  1
2081  4.5219942e-03 1.89e-03 7.38e-03  -4.1 4.86e-02    -  1.00e+00 1.00e+00h  1
2082  2.1017328e-03 1.24e-03 1.54e-02  -4.1 3.02e-02    -  1.00e+00 4.20e-01h  1
2083  8.1085116e-04 5.35e-04 5.82e-03  -4.1 3.47e-02    -  1.00e+00 1.00e+00f  1
2084  7.6061524e-04 3.76e-05 3.16e-03  -4.1 1.01e-02    -  1.00e+00 1.00e+00h  1
2085  8.5555558e-04 1.03e-05 7.31e-03  -4.1 4.38e-03    -  1.00e+00 1.00e+00h  1
2086  7.5801721e-04 2.57e-05 1.39e-02  -4.1 5.98e-03    -  1.00e+00 1.00e+00h  1
2087  7.5763964e-04 3.08e-05 1.08e-02  -4.1 7.18e-03    -  1.00e+00 1.00e+00h  1
2088  7.5344929e-04 2.11e-05 7.86e-03  -4.1 5.01e-03    -  1.00e+00 1.00e+00h  1
2089  7.5298573e-04 7.93e-06 8.44e-03  -4.1 3.63e-03    -  1.00e+00 1.00e+00h  1
iter    objective    inf_pr   inf_du lg(mu)  ||d||  lg(rg) alpha_du alpha_pr  ls
2090  7.5191771e-04 1.82e-06 1.71e-03  -4.1 1.50e-03    -  1.00e+00 1.00e+00h  1
2091  7.5200637e-04 1.20e-07 5.13e-04  -4.1 3.30e-04    -  1.00e+00 1.00e+00h  1
2092  7.5142951e-04 1.63e-07 1.06e-03  -6.1 4.74e-04    -  1.00e+00 1.00e+00h  1
2093  7.5138690e-04 8.87e-06 1.72e-03  -6.1 1.34e-02    -  1.00e+00 2.50e-01h  3
2094  7.5553005e-04 3.38e-08 1.28e-03  -6.1 8.57e-03    -  1.00e+00 1.00e+00H  1
2095  7.4934020e-04 1.27e-06 3.79e-02  -6.1 5.75e-03    -  1.00e+00 2.50e-01h  3
2096  7.4570018e-04 1.40e-06 1.28e-02  -6.1 1.34e-03    -  8.39e-01 1.00e+00h  1
2097  7.4643061e-04 9.74e-06 5.60e-04  -6.1 3.69e-03    -  1.00e+00 1.00e+00h  1
2098  7.4553540e-04 1.01e-05 7.58e-03  -6.1 5.97e-03    -  1.00e+00 2.50e-01h  3
2099  7.4391406e-04 6.56e-06 3.46e-03  -6.1 3.57e-03    -  1.00e+00 4.42e-01h  2
iter    objective    inf_pr   inf_du lg(mu)  ||d||  lg(rg) alpha_du alpha_pr  ls
2100  1.0498858e-03 6.36e-03 2.46e-01  -4.0 1.02e-01    -  1.00e+00 1.00e+00h  1
2101  8.0197784e-04 1.99e-03 5.86e-02  -4.1 5.20e-02    -  1.00e+00 1.00e+00h  1
2102  8.3820407e-04 3.04e-04 1.63e-02  -4.1 2.57e-02    -  1.00e+00 1.00e+00h  1
2103  9.3985138e-04 2.35e-04 5.80e-02  -4.1 3.13e-02    -  9.16e-01 5.00e-01h  2
2104  8.4949286e-04 1.75e-05 1.97e-03  -4.1 4.90e-03    -  1.00e+00 1.00e+00h  1
2105  8.0253111e-04 2.77e-04 9.37e-01  -4.1 4.05e-02    -  1.00e+00 5.00e-01h  2
2106  7.6298966e-04 1.48e-04 3.34e-02  -4.1 1.53e-02    -  1.00e+00 1.00e+00h  1
2107  7.5884558e-04 7.30e-05 2.61e-03  -4.1 9.18e-03    -  1.00e+00 1.00e+00h  1
2108  7.5672271e-04 8.62e-06 4.59e-03  -4.1 3.14e-03    -  1.00e+00 1.00e+00h  1
2109  7.5064945e-04 1.30e-06 2.52e-03  -4.1 1.10e-03    -  1.00e+00 1.00e+00h  1
iter    objective    inf_pr   inf_du lg(mu)  ||d||  lg(rg) alpha_du alpha_pr  ls
2110  7.4977163e-04 4.36e-08 4.37e-04  -4.1 1.98e-04    -  1.00e+00 1.00e+00h  1
2111  7.4937759e-04 1.03e-07 1.30e-03  -6.1 3.79e-04    -  1.00e+00 1.00e+00h  1
2112  7.3685796e-04 8.29e-04 1.30e-02  -6.1 7.45e-02    -  1.00e+00 4.33e-01h  1
2113  7.6341597e-04 5.77e-04 1.73e-03  -4.0 3.57e-02    -  1.00e+00 1.00e+00f  1
2114  8.8037996e-04 6.51e-04 2.18e-02  -4.1 8.28e-02    -  1.00e+00 2.43e-01h  3
2115  7.3503022e-04 5.79e-04 3.09e-03  -4.1 3.01e-02    -  1.00e+00 1.00e+00h  1
2116  8.3800706e-04 4.65e-04 1.37e-02  -4.0 3.24e-02    -  1.00e+00 1.00e+00H  1
2117  8.7700983e-04 4.99e-04 5.49e-03  -4.1 2.65e-02    -  1.00e+00 1.00e+00h  1
2118  8.3903833e-04 9.56e-04 1.42e-02  -4.1 4.50e-02    -  1.00e+00 1.00e+00h  1
2119  8.8731579e-04 6.00e-04 3.91e-03  -4.1 3.21e-02    -  1.00e+00 1.00e+00h  1
iter    objective    inf_pr   inf_du lg(mu)  ||d||  lg(rg) alpha_du alpha_pr  ls
2120  7.9597837e-04 2.25e-04 5.62e-03  -4.1 2.27e-02    -  1.00e+00 1.00e+00h  1
2121  7.6438399e-04 3.75e-04 6.53e-03  -4.1 2.43e-02    -  1.00e+00 1.00e+00h  1
2122  7.6696427e-04 1.29e-04 4.57e-03  -4.1 1.24e-02    -  1.00e+00 1.00e+00h  1
2123  7.5123396e-04 3.10e-05 3.54e-03  -4.1 5.55e-03    -  1.00e+00 1.00e+00h  1
2124  7.5917623e-04 3.19e-05 2.80e-02  -4.1 7.21e-03    -  1.00e+00 1.00e+00H  1
2125  7.4869983e-04 2.34e-05 4.71e-03  -4.1 6.33e-03    -  1.00e+00 1.00e+00h  1
2126  7.5167674e-04 1.42e-05 8.44e-03  -4.1 3.51e-03    -  1.00e+00 1.00e+00h  1
2127  7.4932709e-04 3.49e-06 3.40e-03  -4.1 2.22e-03    -  1.00e+00 1.00e+00h  1
2128  7.4970634e-04 2.40e-07 8.75e-04  -4.1 5.31e-04    -  1.00e+00 1.00e+00h  1
2129  7.4965257e-04 2.12e-08 2.31e-04  -4.1 1.97e-04    -  1.00e+00 1.00e+00h  1
iter    objective    inf_pr   inf_du lg(mu)  ||d||  lg(rg) alpha_du alpha_pr  ls
2130  7.4937336e-04 3.56e-08 1.22e-03  -6.1 2.79e-04    -  1.00e+00 1.00e+00h  1
2131  7.4477566e-04 5.17e-05 9.16e-03  -6.1 6.30e-02    -  1.00e+00 1.79e-01h  3
2132  7.4415905e-04 2.58e-05 8.33e-03  -6.1 4.11e-03    -  1.00e+00 5.00e-01h  2
2133  7.4459059e-04 7.11e-06 1.03e-03  -6.1 3.42e-03    -  1.00e+00 1.00e+00h  1
2134  1.1468429e-03 2.49e-03 1.08e-01  -4.0 1.65e-01    -  1.00e+00 5.00e-01h  2
2135  1.0015696e-03 1.45e-03 1.93e-02  -4.1 4.51e-02    -  1.00e+00 1.00e+00h  1
2136  8.0994683e-04 8.99e-04 1.02e-03  -4.1 3.32e-02    -  1.00e+00 1.00e+00h  1
2137  7.5590817e-04 5.87e-05 2.05e-03  -4.1 7.72e-03    -  1.00e+00 1.00e+00h  1
2138  7.4238765e-04 3.85e-04 4.41e-02  -4.1 2.94e-02    -  1.00e+00 1.00e+00h  1
2139  7.4928046e-04 1.09e-04 9.69e-03  -4.1 1.53e-02    -  1.00e+00 1.00e+00h  1
iter    objective    inf_pr   inf_du lg(mu)  ||d||  lg(rg) alpha_du alpha_pr  ls
2140  7.9564470e-04 7.04e-05 1.58e-02  -4.1 1.37e-02    -  1.00e+00 5.00e-01h  2
2141  7.5010762e-04 2.29e-06 1.45e-03  -4.1 2.20e-03    -  1.00e+00 1.00e+00h  1
2142  7.4887596e-04 6.14e-07 3.39e-03  -4.1 1.10e-03    -  1.00e+00 1.00e+00h  1
2143  7.4952604e-04 5.01e-07 9.12e-04  -4.1 8.04e-04    -  1.00e+00 1.00e+00h  1
2144  7.4959583e-04 6.98e-08 1.08e-03  -4.1 3.19e-04    -  1.00e+00 1.00e+00h  1
2145  7.4941646e-04 2.08e-08 6.77e-04  -4.1 1.44e-04    -  1.00e+00 1.00e+00h  1
2146  7.4919299e-04 2.62e-08 1.10e-03  -6.1 2.38e-04    -  1.00e+00 1.00e+00h  1
2147  7.4557390e-04 6.54e-04 2.85e-03  -6.1 3.54e-02    -  1.00e+00 1.00e+00h  1
2148  7.2835567e-04 3.80e-04 2.55e-03  -6.1 1.64e-02    -  1.00e+00 5.00e-01h  2
2149  8.1324153e-04 1.48e-03 3.22e-03  -4.0 5.66e-02    -  1.00e+00 1.00e+00h  1
iter    objective    inf_pr   inf_du lg(mu)  ||d||  lg(rg) alpha_du alpha_pr  ls
2150  7.3671383e-04 7.43e-04 1.11e-03  -4.1 4.61e-02    -  1.00e+00 1.00e+00h  1
2151  7.9113730e-04 5.59e-04 3.08e-03  -4.1 3.20e-02    -  1.00e+00 1.00e+00h  1
2152  1.0452566e-03 2.27e-04 5.84e-03  -4.1 1.57e-02    -  1.00e+00 1.00e+00h  1
2153  7.8507135e-04 1.97e-04 7.37e-02  -4.1 2.60e-02    -  1.00e+00 5.59e-01H  1
2154  7.7481262e-04 1.14e-04 4.55e-03  -4.1 9.64e-03    -  9.86e-01 1.00e+00f  1
2155  7.6697187e-04 2.24e-04 1.93e-02  -4.1 2.06e-02    -  1.00e+00 1.00e+00h  1
2156  7.5347043e-04 6.87e-05 4.74e-03  -4.1 1.16e-02    -  1.00e+00 1.00e+00h  1
2157  9.5516977e-04 1.31e-04 3.65e-02  -4.1 1.49e-02    -  1.00e+00 9.83e-01H  1
2158  7.5186895e-04 5.96e-05 1.24e-02  -4.1 9.74e-03    -  1.00e+00 1.00e+00f  1
2159  7.4835716e-04 5.12e-05 9.99e-03  -4.1 9.72e-03    -  1.00e+00 1.00e+00h  1
iter    objective    inf_pr   inf_du lg(mu)  ||d||  lg(rg) alpha_du alpha_pr  ls
2160  7.5205427e-04 2.30e-05 1.17e-02  -4.1 5.60e-03    -  1.00e+00 1.00e+00h  1
2161  7.4782725e-04 1.33e-05 5.98e-03  -4.1 4.20e-03    -  1.00e+00 1.00e+00h  1
2162  7.4897144e-04 3.18e-06 3.16e-03  -4.1 1.70e-03    -  1.00e+00 1.00e+00h  1
2163  7.4893251e-04 4.36e-07 6.75e-04  -4.1 8.69e-04    -  1.00e+00 1.00e+00h  1
2164  7.4858836e-04 7.07e-08 1.33e-03  -6.1 3.74e-04    -  1.00e+00 1.00e+00h  1
2165  7.4109500e-04 2.10e-04 1.41e-02  -6.1 7.06e-02    -  1.00e+00 2.92e-01h  2
2166  7.4213114e-04 1.21e-04 9.93e-04  -6.1 1.02e-02    -  1.00e+00 5.00e-01h  2
2167  1.0573679e-03 2.97e-03 2.29e-02  -4.0 7.50e-02    -  1.00e+00 1.00e+00h  1
2168  8.2733681e-04 9.47e-04 6.94e-03  -4.1 3.86e-02    -  1.00e+00 1.00e+00h  1
2169  8.1168535e-04 5.28e-04 2.38e-03  -4.1 3.53e-02    -  1.00e+00 1.00e+00h  1
iter    objective    inf_pr   inf_du lg(mu)  ||d||  lg(rg) alpha_du alpha_pr  ls
2170  7.5620894e-04 1.13e-04 1.30e-03  -4.1 1.60e-02    -  1.00e+00 1.00e+00h  1
2171  7.6545703e-04 3.83e-05 9.51e-03  -4.1 8.10e-03    -  1.00e+00 1.00e+00h  1
2172  7.5174176e-04 1.18e-04 6.70e-03  -4.1 1.42e-02    -  1.00e+00 1.00e+00h  1
2173  7.7722912e-04 4.63e-05 5.18e-03  -4.1 8.89e-03    -  1.00e+00 1.00e+00h  1
2174  7.4981742e-04 9.11e-06 3.15e-03  -4.1 3.79e-03    -  1.00e+00 1.00e+00h  1
2175  7.5036338e-04 4.17e-06 4.96e-03  -4.1 2.59e-03    -  1.00e+00 1.00e+00h  1
2176  7.4900863e-04 2.01e-06 1.82e-03  -4.1 1.83e-03    -  1.00e+00 1.00e+00h  1
2177  7.4864567e-04 8.48e-08 4.95e-04  -4.1 3.36e-04    -  1.00e+00 1.00e+00h  1
2178  7.4831932e-04 6.04e-08 1.08e-03  -6.1 2.84e-04    -  1.00e+00 1.00e+00h  1
2179  7.4606141e-04 5.00e-06 1.34e-03  -6.1 2.60e-03    -  1.00e+00 1.00e+00h  1
iter    objective    inf_pr   inf_du lg(mu)  ||d||  lg(rg) alpha_du alpha_pr  ls
2180  7.4415149e-04 7.05e-06 1.11e-02  -6.1 1.00e-02    -  1.00e+00 2.69e-01h  2
2181  1.1654246e-03 1.02e-02 7.31e-02  -4.0 1.47e-01    -  1.00e+00 1.00e+00h  1
2182  8.3270685e-04 3.19e-03 1.81e-02  -4.1 7.50e-02    -  1.00e+00 1.00e+00h  1
2183  8.1478472e-04 1.13e-03 6.42e-03  -4.1 4.26e-02    -  1.00e+00 1.00e+00h  1
2184  7.7749524e-04 1.14e-03 1.64e-02  -4.1 1.41e-01    -  4.03e-01 1.25e-01h  4
2185  7.7476780e-04 6.27e-04 2.60e-03  -4.1 2.65e-02    -  1.00e+00 1.00e+00h  1
2186  7.7106910e-04 4.00e-04 4.31e-03  -4.1 2.26e-02    -  1.00e+00 1.00e+00h  1
2187  7.6532378e-04 3.21e-04 6.03e-03  -4.1 2.52e-02    -  1.00e+00 1.00e+00h  1
2188  8.7701671e-04 5.15e-04 2.77e-02  -4.1 3.46e-02    -  1.00e+00 7.41e-01H  1
2189  7.7943410e-04 2.35e-04 5.69e-02  -4.1 3.80e-02    -  1.00e+00 5.00e-01f  2
iter    objective    inf_pr   inf_du lg(mu)  ||d||  lg(rg) alpha_du alpha_pr  ls
2190  7.5366164e-04 6.19e-04 4.42e-03  -4.1 2.61e-02    -  1.00e+00 1.00e+00h  1
2191  2.0577180e-03 4.40e-04 1.58e-02  -4.1 2.60e-02    -  1.00e+00 1.00e+00h  1
2192  7.4857351e-04 2.79e-04 3.65e-03  -4.1 1.97e-02    -  1.00e+00 1.00e+00h  1
2193  7.4767218e-04 6.81e-06 2.00e-03  -4.1 3.11e-03    -  1.00e+00 1.00e+00h  1
2194  7.5519933e-04 3.72e-05 1.78e-02  -4.1 9.41e-03    -  1.00e+00 1.00e+00h  1
2195  7.4891245e-04 1.29e-05 7.03e-03  -4.1 4.21e-03    -  1.00e+00 1.00e+00h  1
2196  7.5198130e-04 1.66e-05 4.45e-03  -4.1 6.14e-03    -  1.00e+00 5.00e-01h  2
2197  7.4881394e-04 3.58e-06 3.16e-03  -4.1 2.06e-03    -  1.00e+00 1.00e+00h  1
2198  7.4879688e-04 1.15e-07 7.47e-04  -4.1 4.85e-04    -  1.00e+00 1.00e+00h  1
2199  7.4843553e-04 1.11e-07 1.02e-03  -6.1 4.40e-04    -  1.00e+00 1.00e+00h  1
iter    objective    inf_pr   inf_du lg(mu)  ||d||  lg(rg) alpha_du alpha_pr  ls
2200  7.4501952e-04 9.27e-05 5.44e-03  -6.1 5.20e-02    -  1.00e+00 2.50e-01h  3
2201  7.4161378e-04 5.22e-05 8.40e-03  -6.1 8.01e-03    -  1.00e+00 4.76e-01h  2
2202  9.1982273e-04 5.44e-03 4.87e-02  -4.0 9.59e-02    -  1.00e+00 1.00e+00h  1
2203  1.1545426e-03 3.41e-03 1.37e-02  -4.1 7.23e-02    -  1.00e+00 1.00e+00h  1
2204  1.1707859e-03 1.76e-03 3.05e-02  -4.1 4.53e-02    -  6.89e-01 1.00e+00h  1
2205  8.2892834e-04 3.64e-03 7.32e-03  -4.1 6.59e-02    -  1.00e+00 1.00e+00h  1
2206  8.3914561e-04 1.61e-03 1.76e-03  -4.1 4.95e-02    -  1.00e+00 1.00e+00h  1
2207  7.9199390e-04 6.61e-04 4.30e-01  -4.1 8.02e-01    -  1.00e+00 4.66e-02H  1
2208  9.7235125e-04 1.73e-03 6.46e-03  -4.1 1.09e-01    -  1.00e+00 5.00e-01h  2
2209  8.3827554e-04 1.90e-03 6.49e-03  -4.1 5.47e-02    -  1.00e+00 1.00e+00h  1
iter    objective    inf_pr   inf_du lg(mu)  ||d||  lg(rg) alpha_du alpha_pr  ls
2210  7.8513873e-04 2.34e-03 3.41e-02  -4.1 2.71e-01    -  1.00e+00 1.25e-01h  4
2211  7.7066561e-04 1.81e-03 3.37e-03  -4.1 4.26e-02    -  1.00e+00 1.00e+00h  1
2212  9.1852908e-04 1.25e-03 6.80e-03  -4.1 4.27e-02    -  1.00e+00 2.50e-01h  3
2213  7.5391392e-04 5.55e-04 2.65e-03  -4.1 2.06e-02    -  1.00e+00 1.00e+00h  1
2214  7.4030676e-04 1.26e-04 5.61e-03  -4.1 1.57e-02    -  1.00e+00 1.00e+00h  1
2215  7.9233634e-04 9.58e-05 1.06e-02  -4.1 6.10e-02    -  1.00e+00 2.50e-01h  3
2216  7.5140227e-04 1.36e-04 4.42e-03  -4.1 2.25e-02    -  1.00e+00 1.00e+00h  1
2217  7.6335138e-04 1.21e-04 3.13e-02  -4.1 3.54e-02    -  1.00e+00 2.50e-01h  3
2218  7.4521712e-04 1.97e-05 4.88e-03  -4.1 5.55e-03    -  1.00e+00 1.00e+00h  1
2219  7.5579961e-04 4.37e-05 1.05e-02  -4.1 7.18e-03    -  1.00e+00 1.00e+00h  1
iter    objective    inf_pr   inf_du lg(mu)  ||d||  lg(rg) alpha_du alpha_pr  ls
2220  7.4876400e-04 2.15e-05 4.01e-03  -4.1 4.74e-03    -  1.00e+00 1.00e+00h  1
2221  7.4727278e-04 9.07e-06 1.21e-02  -4.1 6.24e-03    -  1.00e+00 1.00e+00h  1
2222  7.4809617e-04 8.14e-06 2.09e-03  -4.1 5.57e-03    -  1.00e+00 1.00e+00h  1
2223  7.4942088e-04 3.08e-06 4.27e-03  -4.1 2.09e-03    -  1.00e+00 1.00e+00h  1
2224  7.4792018e-04 1.24e-06 6.27e-04  -4.1 1.31e-03    -  1.00e+00 1.00e+00h  1
2225  7.4749307e-04 1.09e-07 1.02e-03  -6.1 3.82e-04    -  1.00e+00 1.00e+00h  1
2226  7.6859978e-04 5.45e-05 7.13e-01  -4.0 4.37e-02    -  1.00e+00 2.50e-01h  3
2227  7.5588297e-04 2.93e-05 3.07e-03  -4.1 8.52e-03    -  1.00e+00 1.00e+00h  1
2228  7.4752759e-04 7.30e-05 1.79e-02  -4.1 3.98e-02    -  1.00e+00 2.50e-01h  3
2229  7.4988589e-04 4.96e-05 4.02e-03  -4.1 1.08e-02    -  1.00e+00 1.00e+00h  1
iter    objective    inf_pr   inf_du lg(mu)  ||d||  lg(rg) alpha_du alpha_pr  ls
2230  7.4690986e-04 1.03e-05 4.56e-03  -4.1 5.51e-03    -  1.00e+00 1.00e+00h  1
2231  7.4842877e-04 2.27e-05 3.81e-02  -4.1 7.61e-03    -  1.00e+00 1.00e+00H  1
2232  7.4830320e-04 1.26e-05 7.18e-03  -4.1 4.52e-03    -  1.00e+00 1.00e+00h  1
2233  7.4755674e-04 1.09e-05 1.38e-03  -4.1 5.21e-03    -  1.00e+00 1.00e+00h  1
2234  7.4785386e-04 6.53e-07 7.20e-04  -4.1 1.21e-03    -  1.00e+00 1.00e+00h  1
2235  7.4744737e-04 1.42e-07 1.10e-03  -6.1 4.77e-04    -  1.00e+00 1.00e+00h  1
2236  7.6090834e-04 9.90e-05 5.43e-02  -4.0 1.28e-02    -  1.00e+00 1.00e+00h  1
2237  7.5439853e-04 3.03e-05 1.37e-02  -4.1 7.00e-03    -  1.00e+00 1.00e+00h  1
2238  9.6893335e-04 2.50e-05 1.51e-02  -4.1 6.37e-03    -  1.00e+00 1.00e+00H  1
2239  7.4733781e-04 7.30e-06 1.47e-03  -4.1 4.07e-03    -  1.00e+00 1.00e+00h  1
iter    objective    inf_pr   inf_du lg(mu)  ||d||  lg(rg) alpha_du alpha_pr  ls
2240  7.4786185e-04 2.76e-07 5.09e-04  -4.1 7.74e-04    -  1.00e+00 1.00e+00h  1
2241  7.4753212e-04 8.34e-08 1.09e-03  -6.1 4.14e-04    -  1.00e+00 1.00e+00h  1
2242  7.6167213e-04 1.08e-04 5.16e-02  -4.0 1.60e-02    -  1.00e+00 1.00e+00h  1
2243  7.5694683e-04 3.24e-05 1.34e-02  -4.1 8.46e-03    -  1.00e+00 1.00e+00h  1
2244  8.7785952e-04 3.19e-05 2.06e-01  -4.1 1.41e-02    -  1.00e+00 5.00e-01h  2
2245  7.4901876e-04 8.26e-07 3.14e-03  -4.1 1.59e-03    -  1.00e+00 1.00e+00h  1
2246  7.4699608e-04 2.18e-06 2.25e-03  -4.1 2.32e-03    -  1.00e+00 1.00e+00h  1
2247  7.4764381e-04 4.72e-07 1.40e-03  -4.1 7.15e-04    -  1.00e+00 1.00e+00h  1
2248  7.4765067e-04 1.15e-07 8.06e-04  -4.1 4.40e-04    -  1.00e+00 1.00e+00h  1
2249  7.4767324e-04 1.15e-09 1.59e-03  -4.0 5.30e-04    -  1.00e+00 1.00e+00H  1
iter    objective    inf_pr   inf_du lg(mu)  ||d||  lg(rg) alpha_du alpha_pr  ls
2250  7.4772519e-04 1.16e-07 3.29e-04  -4.0 3.73e-04    -  1.00e+00 1.00e+00h  1
2251  7.4759696e-04 9.88e-09 2.26e-04  -4.1 1.61e-04    -  1.00e+00 1.00e+00h  1
2252  7.4765760e-04 1.44e-08 4.53e-04  -4.0 1.58e-04    -  1.00e+00 1.00e+00h  1
2253  7.4790947e-04 1.40e-10 1.68e-03  -4.1 4.66e-04    -  1.00e+00 1.00e+00H  1
2254  7.4748888e-04 4.04e-08 1.87e-03  -4.1 2.65e-04    -  1.00e+00 1.00e+00h  1
2255  7.4782061e-04 3.43e-10 1.48e-03  -4.1 5.61e-04    -  1.00e+00 1.00e+00H  1
2256  7.4692898e-04 5.28e-06 1.23e-02  -4.1 2.97e-03    -  1.00e+00 1.00e+00h  1
2257  7.4720496e-04 5.23e-06 1.27e-01  -4.1 1.97e-02    -  1.00e+00 3.12e-02h  6
2258  7.4648780e-04 1.24e-06 7.92e-03  -4.1 1.29e-03    -  1.00e+00 1.00e+00h  1
2259  7.4705045e-04 8.98e-07 7.98e-03  -4.1 1.60e-03    -  1.00e+00 5.00e-01h  2
iter    objective    inf_pr   inf_du lg(mu)  ||d||  lg(rg) alpha_du alpha_pr  ls
2260  7.4600124e-04 5.18e-07 3.42e-03  -4.1 1.11e-03    -  1.00e+00 1.00e+00h  1
2261  7.4574038e-04 1.62e-06 8.02e-03  -4.1 1.17e-02    -  1.00e+00 1.25e-01h  4
2262  7.4572337e-04 5.18e-05 4.23e-02  -4.1 1.48e-01    -  1.00e+00 6.25e-02h  5
2263  7.4536943e-04 5.48e-05 4.10e-01  -4.1 6.46e-01    -  1.00e+00 3.91e-03h  9
2264  7.4483881e-04 6.05e-05 9.50e-02  -4.1 4.44e-01    -  1.00e+00 7.81e-03h  8
2265  7.4518214e-04 1.55e-04 2.11e-01  -4.1 2.80e-01    -  1.00e+00 6.25e-02h  5
2266  7.4636876e-04 1.77e-04 5.19e-01  -4.1 2.02e-01    -  1.00e+00 6.25e-02h  5
2267  7.4814794e-04 1.56e-04 1.56e-01  -4.1 5.57e-02    -  1.00e+00 1.25e-01h  4
2268  7.4692364e-04 1.65e-04 4.17e-01  -4.1 2.64e-01    -  1.00e+00 1.56e-02h  7
2269  7.5996707e-04 4.65e-04 6.87e-02  -4.1 2.55e-02    -  1.00e+00 1.00e+00h  1
iter    objective    inf_pr   inf_du lg(mu)  ||d||  lg(rg) alpha_du alpha_pr  ls
2270  7.6004242e-04 4.03e-04 3.06e-01  -4.1 5.63e-02    -  1.00e+00 1.25e-01h  4
2271  7.5952012e-04 3.73e-04 7.14e-02  -4.1 4.17e-02    -  1.00e+00 1.25e-01h  4
2272  7.4306619e-04 3.19e-04 3.33e-02  -4.1 2.77e-02    -  1.00e+00 5.00e-01h  2
2273  7.4559720e-04 2.69e-04 3.90e-02  -4.1 2.27e-02    -  1.00e+00 1.00e+00h  1
2274  7.4808659e-04 2.74e-04 5.48e-02  -4.1 5.03e-02    -  1.00e+00 2.50e-01h  3
2275  7.8773273e-04 2.54e-04 2.37e-01  -4.1 4.76e-02    -  1.00e+00 2.50e-01h  3
2276  7.7271279e-04 2.13e-04 4.49e-02  -4.1 5.94e-02    -  1.00e+00 2.50e-01h  3
2277  7.4928637e-04 7.68e-04 2.55e-02  -4.1 3.67e-02    -  1.00e+00 1.00e+00h  1
2278  7.4721758e-04 7.54e-04 1.23e-01  -4.1 8.58e-01    -  1.00e+00 7.81e-03h  8
2279  7.5955269e-04 5.80e-04 2.79e-02  -4.1 1.96e-02    -  1.00e+00 2.50e-01h  3
iter    objective    inf_pr   inf_du lg(mu)  ||d||  lg(rg) alpha_du alpha_pr  ls
2280  7.4184692e-04 2.94e-04 4.88e-02  -4.1 3.06e-02    -  1.00e+00 5.00e-01h  2
2281  8.0091611e-04 3.53e-04 3.53e-02  -4.1 3.49e-02    -  1.00e+00 5.00e-01h  2
2282  7.3421704e-04 1.21e-04 7.79e-03  -4.1 1.22e-02    -  1.00e+00 1.00e+00h  1
2283  7.5903946e-04 1.46e-04 1.53e-02  -4.0 1.32e-02    -  1.00e+00 1.00e+00h  1
2284  7.7238781e-04 4.31e-05 2.15e-02  -4.1 1.08e-02    -  1.00e+00 1.00e+00h  1
2285  7.5247435e-04 9.97e-05 6.12e-02  -4.1 2.43e-02    -  1.00e+00 5.00e-01h  2
2286  7.4739008e-04 9.39e-05 2.92e-02  -4.1 4.30e-02    -  1.00e+00 2.50e-01h  3
2287  7.3821641e-04 1.12e-04 5.59e-02  -4.1 6.12e-02    -  1.00e+00 1.25e-01h  4
2288  7.3702438e-04 5.65e-05 3.15e-02  -4.1 1.83e-02    -  1.00e+00 5.00e-01h  2
2289  7.3582847e-04 7.13e-05 1.37e-01  -4.1 2.93e-02    -  1.00e+00 2.50e-01h  3
iter    objective    inf_pr   inf_du lg(mu)  ||d||  lg(rg) alpha_du alpha_pr  ls
2290  7.4439961e-04 7.55e-05 1.69e-01  -4.0 2.25e-02    -  1.00e+00 2.50e-01h  3
2291  7.3637266e-04 4.71e-05 1.05e-02  -4.1 8.27e-03    -  1.00e+00 1.00e+00h  1
2292  7.7961749e-04 4.80e-05 2.29e-02  -4.0 8.19e-03    -  1.00e+00 1.00e+00h  1
2293  7.3435524e-04 1.56e-05 4.87e-03  -4.1 4.57e-03    -  1.00e+00 1.00e+00h  1
2294  7.3447986e-04 2.21e-06 3.10e-03  -4.0 1.82e-03    -  1.00e+00 1.00e+00h  1
2295  7.3466483e-04 2.21e-06 7.62e-03  -4.0 1.81e-03    -  1.00e+00 1.00e+00h  1
2296  7.3602634e-04 3.69e-07 1.48e-02  -4.0 2.62e-03    -  1.00e+00 1.00e+00H  1
2297  7.3392076e-04 3.88e-06 1.78e-03  -4.0 2.60e-03    -  1.00e+00 1.00e+00h  1
2298  7.3396391e-04 3.03e-08 7.55e-04  -4.0 2.38e-04    -  1.00e+00 1.00e+00h  1
2299  7.3199871e-04 2.26e-05 2.26e-02  -4.0 4.97e-03    -  1.00e+00 1.00e+00h  1
iter    objective    inf_pr   inf_du lg(mu)  ||d||  lg(rg) alpha_du alpha_pr  ls
2300  7.4090213e-04 6.04e-06 1.72e-02  -4.0 2.47e-03    -  1.00e+00 1.00e+00h  1
2301  7.3261059e-04 4.28e-06 4.03e-03  -4.1 2.33e-03    -  1.00e+00 1.00e+00h  1
2302  7.3698324e-04 7.61e-06 1.59e-02  -4.0 3.23e-03    -  1.00e+00 1.00e+00h  1
2303  7.3206637e-04 3.24e-06 2.14e-03  -4.1 2.21e-03    -  1.00e+00 1.00e+00h  1
2304  7.3177085e-04 3.58e-07 1.69e-03  -4.0 8.40e-04    -  1.00e+00 1.00e+00h  1
2305  7.3199892e-04 3.81e-09 5.33e-03  -4.0 1.03e-03    -  1.00e+00 1.00e+00H  1
2306  7.3322677e-04 1.05e-09 5.25e-02  -4.0 8.65e-03    -  1.00e+00 1.00e+00H  1
2307  7.3060957e-04 1.10e-05 7.16e-02  -4.1 2.07e-02    -  1.00e+00 2.50e-01h  3
2308  7.3150274e-04 3.00e-05 1.39e-02  -4.0 6.87e-03    -  1.00e+00 1.00e+00h  1
2309  7.3296659e-04 3.32e-05 4.25e-01  -4.1 3.60e-02    -  1.00e+00 1.25e-01h  4
iter    objective    inf_pr   inf_du lg(mu)  ||d||  lg(rg) alpha_du alpha_pr  ls
2310  7.3273886e-04 8.78e-06 5.24e-03  -4.1 3.81e-03    -  1.00e+00 1.00e+00h  1
2311  7.7873136e-04 8.06e-06 1.34e-01  -4.1 3.01e-02    -  1.00e+00 1.00e+00H  1
2312  7.7546213e-04 1.97e-06 1.90e-01  -4.1 2.24e-01    -  1.00e+00 1.56e-02h  7
2313  7.6563510e-04 1.19e-05 4.24e-01  -4.1 3.50e-02    -  1.00e+00 1.25e-01h  4
2314  7.6383853e-04 1.19e-05 1.22e-01  -4.1 3.79e-02    -  1.00e+00 1.56e-02h  7
2315  7.6360789e-04 1.19e-05 7.52e-01  -4.1 1.87e-01    -  8.21e-01 9.77e-04h 11
2316  7.6308031e-04 1.19e-05 1.20e-01  -4.1 1.09e-01    -  1.00e+00 1.95e-03h 10
2317  7.4968263e-04 5.35e-04 5.83e-01  -4.1 1.04e+00    -  1.00e+00 3.12e-02h  6
2318  7.6801025e-04 7.21e-04 1.41e-01  -4.1 9.89e-02    -  1.00e+00 2.50e-01h  3
2319  7.6646298e-04 8.40e-04 2.07e-01  -4.1 1.59e-01    -  1.00e+00 1.25e-01h  4
iter    objective    inf_pr   inf_du lg(mu)  ||d||  lg(rg) alpha_du alpha_pr  ls
2320  7.6765994e-04 1.27e-03 3.79e-01  -4.1 8.95e-01    -  1.00e+00 3.12e-02h  6
2321  7.7076875e-04 1.43e-03 4.37e-01  -4.1 6.25e-01    -  1.00e+00 3.12e-02h  6
2322  7.5973328e-04 1.46e-03 4.39e-01  -4.1 2.91e+00    -  5.85e-01 4.63e-03h  8
2323  7.6008367e-04 1.50e-03 4.41e-01  -4.1 7.14e-01    -  1.00e+00 1.56e-02h  7
2324  7.4906359e-04 1.49e-03 4.01e-01  -4.1 2.50e+00    -  6.96e-01 2.69e-03h  9
2325  7.6025280e-04 1.49e-03 2.58e-01  -4.1 1.55e-01    -  1.00e+00 1.25e-01h  4
2326  7.4617014e-04 1.92e-03 2.86e-01  -4.1 2.58e+00    -  6.99e-01 1.10e-02h  7
2327  7.3997986e-04 1.92e-03 3.05e-01  -4.1 2.24e+00    -  4.79e-01 1.09e-03h 10
2328  7.4305173e-04 2.15e-03 5.55e-01  -4.1 7.66e-01    -  5.85e-01 3.12e-02h  6
2329  7.5843915e-04 2.15e-03 4.91e-01  -4.1 1.58e+01    -  1.66e-01 3.29e-04h 10
iter    objective    inf_pr   inf_du lg(mu)  ||d||  lg(rg) alpha_du alpha_pr  ls
2330  7.5546632e-04 2.21e-03 1.97e-01  -4.1 1.57e+00    -  8.52e-01 7.83e-03h  7
2331  7.5578572e-04 2.20e-03 3.71e-01  -4.1 4.10e-01    -  1.00e+00 1.56e-02h  7
2332  7.5599528e-04 2.15e-03 8.43e-02  -4.1 1.70e-01    -  1.00e+00 1.25e-01h  4
2333  7.5478472e-04 4.04e-06 5.77e-03  -4.1 3.65e-03    -  1.00e+00 1.00e+00h  1
2334  7.6800642e-04 1.58e-05 1.81e-02  -4.1 4.60e-03    -  1.00e+00 1.00e+00h  1
2335  7.4517933e-04 7.63e-06 1.38e-03  -4.1 3.20e-03    -  1.00e+00 1.00e+00h  1
2336  7.4368760e-04 7.64e-08 1.03e-03  -4.1 3.76e-04    -  1.00e+00 1.00e+00h  1
2337  7.4232110e-04 4.76e-07 1.78e-03  -4.1 1.33e-03    -  1.00e+00 1.00e+00h  1
2338  7.4083776e-04 1.25e-06 4.40e-03  -4.1 1.94e-03    -  1.00e+00 1.00e+00h  1
2339  7.4007100e-04 4.82e-07 5.18e-03  -4.1 8.89e-04    -  1.00e+00 1.00e+00h  1
iter    objective    inf_pr   inf_du lg(mu)  ||d||  lg(rg) alpha_du alpha_pr  ls
2340  7.3953706e-04 5.50e-07 1.92e-03  -4.1 8.21e-04    -  1.00e+00 1.00e+00h  1
2341  7.3915666e-04 3.16e-07 1.71e-02  -4.1 5.07e-03    -  1.00e+00 1.00e+00H  1
2342  7.3871357e-04 3.05e-07 9.22e-02  -4.1 4.16e-03    -  1.00e+00 1.25e-01h  4
2343  7.4391650e-04 4.50e-08 1.14e-02  -4.1 3.86e-03    -  1.00e+00 1.00e+00H  1
2344  7.3286223e-04 3.96e-06 4.41e-03  -4.1 2.41e-03    -  1.00e+00 1.00e+00h  1
2345  7.3272532e-04 3.07e-06 3.75e-02  -4.1 1.39e-03    -  1.00e+00 2.50e-01h  3
2346  7.3168625e-04 3.16e-05 2.16e-02  -4.1 2.44e-02    -  1.00e+00 2.50e-01h  3
2347  7.3112025e-04 2.78e-05 4.34e-02  -4.1 1.34e-02    -  1.00e+00 1.25e-01h  4
2348  7.3110467e-04 2.40e-05 2.66e-02  -4.1 7.10e-03    -  1.00e+00 1.00e+00h  1
2349  7.3106069e-04 5.92e-06 1.88e-02  -4.1 7.69e-03    -  1.00e+00 1.00e+00h  1
iter    objective    inf_pr   inf_du lg(mu)  ||d||  lg(rg) alpha_du alpha_pr  ls
2350  7.4259928e-04 1.36e-06 5.63e-02  -4.0 1.26e-02    -  1.00e+00 1.00e+00H  1
2351  7.3905203e-04 8.09e-06 9.49e-02  -4.1 7.12e-03    -  1.00e+00 5.00e-01h  2
2352  7.2860409e-04 2.06e-04 1.57e-02  -4.1 1.71e-02    -  1.00e+00 1.00e+00h  1
2353  7.4927348e-04 1.37e-04 6.53e-02  -4.1 2.92e-02    -  1.00e+00 5.00e-01h  2
2354  7.3331995e-04 2.56e-05 2.33e-02  -4.1 6.01e-03    -  1.00e+00 1.00e+00h  1
2355  7.2878443e-04 2.98e-05 5.53e-02  -4.1 1.93e-02    -  1.00e+00 2.50e-01h  3
2356  7.2806347e-04 2.97e-05 2.68e-01  -4.0 3.76e-02    -  1.00e+00 3.12e-02h  6
2357  7.2835106e-04 9.92e-06 1.61e-02  -4.1 3.36e-03    -  1.00e+00 1.00e+00h  1
2358  7.2783853e-04 8.35e-06 8.22e-04  -4.0 3.31e-03    -  1.00e+00 1.00e+00h  1
2359  7.2782690e-04 6.84e-08 6.73e-04  -4.0 3.71e-04    -  1.00e+00 1.00e+00h  1
iter    objective    inf_pr   inf_du lg(mu)  ||d||  lg(rg) alpha_du alpha_pr  ls
2360  7.2772899e-04 3.54e-07 2.32e-03  -4.0 5.91e-04    -  1.00e+00 1.00e+00h  1
2361  7.5174021e-04 1.41e-07 6.75e-02  -4.0 1.44e-02    -  1.00e+00 1.00e+00H  1
2362  7.4156866e-04 1.14e-04 2.30e-02  -4.1 1.06e-02    -  1.00e+00 1.00e+00h  1
2363  7.4038681e-04 9.18e-05 3.32e-01  -4.1 9.89e-03    -  1.00e+00 2.50e-01h  3
2364  7.2809856e-04 7.97e-06 1.72e-02  -4.1 4.38e-03    -  1.00e+00 1.00e+00h  1
2365  7.2714638e-04 1.54e-07 5.91e-03  -4.1 4.56e-03    -  1.00e+00 1.00e+00H  1
2366  7.2900728e-04 2.98e-06 7.27e-02  -4.0 1.21e-02    -  1.00e+00 2.50e-01h  3
2367  7.2733875e-04 2.59e-06 2.63e-03  -4.1 1.82e-03    -  1.00e+00 1.00e+00h  1
2368  7.2717224e-04 2.62e-08 5.92e-03  -4.1 1.73e-03    -  1.00e+00 1.00e+00H  1
2369  7.2759184e-04 9.04e-07 1.86e-03  -4.0 1.14e-03    -  1.00e+00 1.00e+00h  1
iter    objective    inf_pr   inf_du lg(mu)  ||d||  lg(rg) alpha_du alpha_pr  ls
2370  7.2833469e-04 5.23e-09 4.31e-03  -4.1 1.25e-03    -  1.00e+00 1.00e+00H  1
2371  7.2735319e-04 8.89e-07 1.33e-03  -4.0 1.06e-03    -  1.00e+00 1.00e+00h  1
2372  7.3023645e-04 6.18e-07 3.39e-03  -4.1 9.49e-04    -  1.00e+00 1.00e+00h  1
2373  7.2696306e-04 6.15e-07 3.80e-04  -4.1 1.02e-03    -  1.00e+00 1.00e+00h  1
2374  7.2713157e-04 4.37e-08 1.30e-03  -4.0 2.46e-04    -  1.00e+00 1.00e+00h  1
2375  7.2702946e-04 1.74e-08 5.82e-05  -4.0 1.52e-04    -  1.00e+00 1.00e+00h  1
2376  7.2701715e-04 1.91e-10 6.05e-05  -4.0 1.88e-05    -  1.00e+00 1.00e+00h  1
2377  7.2659886e-04 1.71e-06 8.39e-03  -4.0 1.90e-03    -  1.00e+00 1.00e+00h  1
2378  7.2771393e-04 1.68e-07 1.89e-02  -4.0 2.44e-03    -  1.00e+00 1.00e+00H  1
2379  7.2920049e-04 1.96e-06 3.05e-03  -4.1 2.17e-03    -  1.00e+00 1.00e+00h  1
iter    objective    inf_pr   inf_du lg(mu)  ||d||  lg(rg) alpha_du alpha_pr  ls
2380  7.2759407e-04 6.39e-07 4.13e-03  -4.1 9.84e-04    -  1.00e+00 1.00e+00h  1
2381  7.2643667e-04 9.70e-07 2.01e-03  -4.1 1.54e-03    -  1.00e+00 1.00e+00h  1
2382  7.3137756e-04 1.05e-07 2.55e-02  -4.0 5.07e-03    -  1.00e+00 1.00e+00H  1
2383  7.2955446e-04 8.74e-06 1.09e-01  -4.1 8.93e-03    -  1.00e+00 5.00e-01h  2
2384  7.3763378e-04 1.01e-05 2.65e-02  -4.1 2.92e-03    -  1.00e+00 1.00e+00h  1
2385  7.2629266e-04 9.49e-06 7.29e-03  -4.1 4.92e-03    -  1.00e+00 1.00e+00h  1
2386  7.2780197e-04 9.11e-06 1.17e-01  -4.0 8.10e-03    -  1.00e+00 2.50e-01h  3
2387  7.2590757e-04 1.64e-06 5.24e-03  -4.1 1.43e-03    -  1.00e+00 1.00e+00h  1
2388  7.2604452e-04 1.13e-07 9.22e-04  -4.0 4.92e-04    -  1.00e+00 1.00e+00h  1
2389  7.2704359e-04 2.14e-08 8.82e-03  -4.0 2.23e-03    -  1.00e+00 1.00e+00H  1
iter    objective    inf_pr   inf_du lg(mu)  ||d||  lg(rg) alpha_du alpha_pr  ls
2390  7.2987259e-04 2.71e-09 2.20e-02  -4.1 4.60e-03    -  1.00e+00 1.00e+00H  1
2391  7.4306537e-04 7.18e-11 1.66e-02  -4.1 3.63e-03    -  1.00e+00 1.00e+00H  1
2392  7.2615428e-04 7.36e-06 1.31e-02  -4.1 4.00e-03    -  1.00e+00 1.00e+00h  1
2393  7.2678618e-04 1.26e-08 2.45e-02  -4.1 7.06e-03    -  1.00e+00 1.00e+00H  1
2394  7.2680887e-04 1.10e-08 6.23e-02  -4.1 3.62e-03    -  1.00e+00 3.12e-02h  6
2395  7.2575117e-04 9.74e-06 6.68e-04  -4.1 4.44e-03    -  1.00e+00 1.00e+00h  1
2396  7.2626572e-04 1.07e-06 4.60e-03  -4.0 1.14e-03    -  1.00e+00 1.00e+00h  1
2397  7.2611068e-04 1.84e-06 9.18e-03  -4.1 1.57e-03    -  1.00e+00 1.00e+00h  1
2398  7.2774568e-04 2.75e-08 1.53e-02  -4.1 2.40e-03    -  1.00e+00 1.00e+00H  1
2399  7.2613829e-04 1.14e-05 6.07e-03  -4.1 3.71e-03    -  1.00e+00 1.00e+00h  1
iter    objective    inf_pr   inf_du lg(mu)  ||d||  lg(rg) alpha_du alpha_pr  ls
2400  7.2625226e-04 9.14e-06 1.76e-02  -4.1 1.49e-02    -  1.00e+00 1.25e-01h  4
2401  7.2570697e-04 1.14e-06 6.22e-03  -4.1 1.63e-03    -  1.00e+00 1.00e+00h  1
2402  7.2610474e-04 5.85e-06 1.45e-02  -4.0 2.95e-03    -  1.00e+00 1.00e+00h  1
2403  7.2540655e-04 5.50e-06 3.93e-03  -4.1 3.59e-03    -  1.00e+00 1.00e+00h  1
2404  7.2539071e-04 2.24e-06 5.72e-03  -4.0 1.61e-03    -  1.00e+00 1.00e+00h  1
2405  7.2554891e-04 1.19e-06 2.12e-03  -4.0 1.16e-03    -  1.00e+00 1.00e+00h  1
2406  7.2537506e-04 1.26e-07 9.58e-04  -4.0 4.89e-04    -  1.00e+00 1.00e+00h  1
2407  7.2568100e-04 1.39e-07 1.38e-03  -4.0 3.86e-04    -  1.00e+00 1.00e+00h  1
2408  7.2575800e-04 7.56e-10 5.34e-03  -4.0 9.70e-04    -  1.00e+00 1.00e+00H  1
2409  7.2725131e-04 2.75e-11 9.88e-03  -4.0 1.57e-03    -  1.00e+00 1.00e+00H  1
iter    objective    inf_pr   inf_du lg(mu)  ||d||  lg(rg) alpha_du alpha_pr  ls
2410  7.2558706e-04 1.09e-06 3.23e-03  -4.1 1.17e-03    -  1.00e+00 1.00e+00h  1
2411  7.2584314e-04 1.23e-06 5.18e-03  -4.1 2.33e-03    -  1.00e+00 1.00e+00h  1
2412  7.2738175e-04 3.19e-06 6.01e-03  -4.1 2.01e-03    -  1.00e+00 1.00e+00h  1
2413  7.2512808e-04 2.57e-06 1.13e-03  -4.1 1.64e-03    -  1.00e+00 1.00e+00h  1
2414  7.2563810e-04 2.72e-07 2.57e-03  -4.0 4.97e-04    -  1.00e+00 1.00e+00h  1
2415  7.2527675e-04 1.69e-07 2.29e-04  -4.0 3.68e-04    -  1.00e+00 1.00e+00h  1
2416  7.2527023e-04 2.90e-10 5.21e-05  -4.0 1.81e-05    -  1.00e+00 1.00e+00h  1
2417  7.2523859e-04 3.21e-08 7.45e-04  -4.0 1.74e-04    -  1.00e+00 1.00e+00h  1
2418  7.3257394e-04 5.17e-09 1.42e-02  -4.0 2.65e-03    -  1.00e+00 1.00e+00H  1
2419  7.2533803e-04 4.48e-06 4.40e-03  -4.1 2.31e-03    -  1.00e+00 1.00e+00h  1
iter    objective    inf_pr   inf_du lg(mu)  ||d||  lg(rg) alpha_du alpha_pr  ls
2420  7.2649765e-04 2.29e-06 4.99e-03  -4.1 2.44e-03    -  1.00e+00 5.00e-01h  2
2421  7.2509901e-04 7.10e-07 1.97e-04  -4.1 9.86e-04    -  1.00e+00 1.00e+00h  1
2422  7.2522633e-04 1.57e-08 6.28e-04  -4.0 1.50e-04    -  1.00e+00 1.00e+00h  1
2423  7.2517645e-04 2.81e-09 1.20e-04  -4.0 5.81e-05    -  1.00e+00 1.00e+00h  1
2424  7.2516465e-04 2.11e-09 1.76e-04  -4.0 5.73e-05    -  1.00e+00 1.00e+00h  1
2425  7.2495371e-04 1.75e-06 7.27e-03  -4.0 7.32e-03    -  1.00e+00 2.50e-01h  3
2426  7.2486745e-04 3.53e-06 1.62e-02  -4.0 3.31e-02    -  1.00e+00 6.25e-02h  5
2427  7.2389548e-04 4.09e-06 1.05e-01  -4.1 1.41e-02    -  1.00e+00 1.25e-01h  4
2428  7.5109313e-04 3.27e-06 3.03e-02  -4.0 4.37e-03    -  1.00e+00 1.00e+00H  1
2429  7.2506351e-04 1.87e-05 9.29e-03  -4.1 5.30e-03    -  1.00e+00 1.00e+00h  1
iter    objective    inf_pr   inf_du lg(mu)  ||d||  lg(rg) alpha_du alpha_pr  ls
2430  8.4087687e-04 6.18e-07 1.80e-02  -4.1 7.31e-03    -  1.00e+00 1.00e+00H  1
2431  7.2992552e-04 3.91e-06 9.79e-03  -4.1 1.06e-02    -  1.00e+00 1.00e+00H  1
2432  7.3756633e-04 6.95e-05 1.92e-02  -4.1 1.21e-02    -  1.00e+00 1.00e+00h  1
2433  7.4264427e-04 4.60e-05 4.11e-02  -4.1 1.02e-02    -  1.00e+00 5.00e-01h  2
2434  7.3895303e-04 4.88e-05 2.73e-02  -4.1 1.16e-02    -  1.00e+00 1.00e+00h  1
2435  7.4423980e-04 3.89e-05 7.95e-03  -4.1 7.64e-03    -  1.00e+00 1.00e+00h  1
2436  7.2950241e-04 3.20e-05 4.53e-02  -4.1 1.60e-02    -  1.00e+00 5.00e-01h  2
2437  7.4073235e-04 1.59e-05 1.17e-01  -4.1 4.29e-03    -  1.00e+00 5.00e-01h  2
2438  7.2592874e-04 1.87e-05 1.53e-02  -4.1 6.38e-03    -  1.00e+00 1.00e+00h  1
2439  7.3567557e-04 1.08e-05 1.88e-02  -4.1 5.27e-03    -  1.00e+00 5.00e-01h  2
iter    objective    inf_pr   inf_du lg(mu)  ||d||  lg(rg) alpha_du alpha_pr  ls
2440  7.2457256e-04 5.88e-06 2.45e-03  -4.1 3.55e-03    -  1.00e+00 1.00e+00h  1
2441  7.2446095e-04 3.46e-06 7.17e-03  -4.0 1.75e-03    -  1.00e+00 1.00e+00h  1
2442  7.2444993e-04 1.95e-06 1.90e-03  -4.0 1.53e-03    -  1.00e+00 1.00e+00h  1
2443  7.2428425e-04 7.56e-07 4.63e-03  -4.0 9.39e-04    -  1.00e+00 1.00e+00h  1
2444  7.2414623e-04 3.75e-07 1.08e-04  -4.0 6.94e-04    -  1.00e+00 1.00e+00h  1
2445  7.2414231e-04 8.38e-11 5.60e-05  -4.0 1.26e-05    -  1.00e+00 1.00e+00h  1
2446  7.2414311e-04 3.51e-08 1.09e-03  -4.0 2.71e-04    -  1.00e+00 1.00e+00h  1
2447  7.2635033e-04 3.01e-08 7.50e-03  -4.1 2.02e-03    -  1.00e+00 1.00e+00H  1
2448  7.2459536e-04 6.07e-07 8.45e-03  -4.1 9.22e-04    -  1.00e+00 1.00e+00h  1
2449  7.2396363e-04 5.19e-07 8.79e-04  -4.1 9.10e-04    -  1.00e+00 1.00e+00h  1
iter    objective    inf_pr   inf_du lg(mu)  ||d||  lg(rg) alpha_du alpha_pr  ls
2450  7.2343305e-04 1.22e-06 8.40e-03  -4.0 2.05e-03    -  1.00e+00 1.00e+00h  1
2451  7.2601542e-04 2.70e-07 1.08e-02  -4.0 3.47e-03    -  1.00e+00 1.00e+00H  1
2452  7.2391002e-04 5.51e-06 2.98e-03  -4.1 2.67e-03    -  1.00e+00 1.00e+00h  1
2453  7.2450109e-04 5.50e-06 2.29e-02  -4.1 6.83e-03    -  1.00e+00 2.50e-01h  3
2454  7.2359182e-04 1.02e-06 1.30e-03  -4.1 1.37e-03    -  1.00e+00 1.00e+00h  1
2455  7.2360232e-04 8.39e-09 4.80e-04  -4.0 1.63e-04    -  1.00e+00 1.00e+00h  1
2456  7.2355734e-04 7.10e-09 2.09e-04  -4.0 1.40e-04    -  1.00e+00 1.00e+00h  1
2457  7.2356064e-04 2.59e-09 1.97e-04  -4.0 6.08e-05    -  1.00e+00 1.00e+00h  1
2458  7.2356537e-04 7.40e-09 5.00e-04  -4.0 1.05e-04    -  1.00e+00 1.00e+00h  1
2459  7.2319924e-04 2.70e-07 1.40e-01  -4.1 2.59e-03    -  1.00e+00 2.50e-01h  3
iter    objective    inf_pr   inf_du lg(mu)  ||d||  lg(rg) alpha_du alpha_pr  ls
2460  7.2341499e-04 2.64e-07 3.17e-03  -4.1 6.06e-04    -  1.00e+00 1.00e+00h  1
2461  7.2384871e-04 4.31e-07 3.50e-03  -4.0 9.47e-04    -  1.00e+00 1.00e+00h  1
2462  7.2342051e-04 2.67e-07 3.79e-04  -4.1 6.47e-04    -  1.00e+00 1.00e+00h  1
2463  7.2343497e-04 2.62e-08 6.58e-04  -4.0 2.86e-04    -  1.00e+00 1.00e+00h  1
2464  7.2351509e-04 2.07e-10 2.29e-03  -4.0 4.97e-04    -  1.00e+00 1.00e+00H  1
2465  7.2448480e-04 8.38e-11 3.44e-03  -4.0 9.97e-04    -  1.00e+00 1.00e+00H  1
2466  7.2319226e-04 1.26e-07 1.85e-03  -4.1 4.86e-04    -  1.00e+00 1.00e+00h  1
2467  7.2354455e-04 2.97e-07 1.96e-03  -4.0 6.34e-04    -  1.00e+00 1.00e+00h  1
2468  7.2321615e-04 6.70e-07 4.10e-03  -4.1 7.88e-04    -  1.00e+00 1.00e+00h  1
2469  7.2322881e-04 1.83e-06 2.35e-03  -4.1 1.62e-03    -  1.00e+00 1.00e+00h  1
iter    objective    inf_pr   inf_du lg(mu)  ||d||  lg(rg) alpha_du alpha_pr  ls
2470  7.2329685e-04 9.18e-07 3.96e-03  -4.1 1.93e-03    -  1.00e+00 5.00e-01h  2
2471  7.2312331e-04 5.82e-07 4.57e-04  -4.1 8.77e-04    -  1.00e+00 1.00e+00h  1
2472  7.2317451e-04 1.02e-08 1.80e-04  -4.0 7.86e-05    -  1.00e+00 1.00e+00h  1
2473  7.2316267e-04 6.15e-13 2.44e-04  -4.0 8.06e-05    -  1.00e+00 1.00e+00H  1
2474  7.2334055e-04 3.42e-14 3.07e-03  -4.0 6.79e-04    -  1.00e+00 1.00e+00H  1
2475  7.2283692e-04 7.78e-06 1.42e-01  -4.1 1.60e-02    -  1.00e+00 2.50e-01h  3
2476  7.2313887e-04 7.61e-06 1.49e-01  -4.1 1.46e-02    -  1.00e+00 6.25e-02h  5
2477  7.2222266e-04 4.36e-06 6.98e-02  -4.1 8.11e-03    -  1.00e+00 5.00e-01h  2
2478  7.2285642e-04 3.23e-06 5.36e-03  -4.0 2.20e-03    -  1.00e+00 1.00e+00h  1
2479  7.2611137e-04 4.52e-06 1.33e-02  -4.0 3.15e-03    -  1.00e+00 1.00e+00h  1
iter    objective    inf_pr   inf_du lg(mu)  ||d||  lg(rg) alpha_du alpha_pr  ls
2480  7.4881879e-04 1.04e-05 9.48e-03  -4.1 3.41e-03    -  1.00e+00 1.00e+00H  1
2481  7.2322865e-04 8.40e-06 4.07e-02  -4.1 6.49e-03    -  1.00e+00 5.00e-01h  2
2482  7.2342820e-04 3.19e-05 6.75e-03  -4.1 7.59e-03    -  1.00e+00 1.00e+00h  1
2483  7.3783813e-04 2.50e-05 2.22e-02  -4.1 5.83e-03    -  1.00e+00 1.00e+00h  1
2484  7.2304475e-04 1.49e-05 3.20e-03  -4.1 4.40e-03    -  1.00e+00 1.00e+00h  1
2485  7.2201131e-04 1.19e-06 2.75e-03  -4.1 1.34e-03    -  1.00e+00 1.00e+00h  1
2486  7.2245363e-04 3.09e-07 1.04e-03  -4.0 6.77e-04    -  1.00e+00 1.00e+00h  1
2487  7.2230135e-04 1.81e-08 6.56e-05  -4.0 1.64e-04    -  1.00e+00 1.00e+00h  1
2488  7.2229325e-04 1.97e-10 7.27e-05  -4.0 7.59e-05    -  1.00e+00 1.00e+00h  1
2489  7.2224596e-04 5.67e-12 2.01e-03  -4.0 2.14e-03    -  1.00e+00 1.00e+00H  1
iter    objective    inf_pr   inf_du lg(mu)  ||d||  lg(rg) alpha_du alpha_pr  ls
2490  7.2225557e-04 8.64e-08 1.68e-03  -4.0 5.37e-04    -  1.00e+00 1.00e+00h  1
2491  7.2227144e-04 4.62e-08 6.71e-04  -4.1 9.16e-04    -  1.00e+00 1.00e+00h  1
2492  7.2200734e-04 1.25e-07 9.51e-04  -6.1 2.93e-04    -  1.00e+00 1.00e+00h  1
2493  7.2371752e-04 2.12e-06 5.78e-03  -4.0 1.32e-03    -  1.00e+00 1.00e+00h  1
2494  7.2241391e-04 9.22e-07 1.15e-03  -4.1 8.50e-04    -  1.00e+00 1.00e+00h  1
2495  7.2215109e-04 5.60e-08 4.24e-04  -4.1 2.80e-04    -  1.00e+00 1.00e+00h  1
2496  7.2222730e-04 1.04e-08 2.03e-04  -4.0 1.12e-04    -  1.00e+00 1.00e+00h  1
2497  7.2221660e-04 2.73e-10 6.62e-05  -4.0 1.67e-05    -  1.00e+00 1.00e+00h  1
2498  7.2218631e-04 1.15e-09 1.76e-04  -4.0 5.71e-05    -  1.00e+00 1.00e+00h  1
2499  7.2211437e-04 9.01e-08 1.81e-03  -4.0 5.89e-04    -  1.00e+00 1.00e+00h  1
iter    objective    inf_pr   inf_du lg(mu)  ||d||  lg(rg) alpha_du alpha_pr  ls
2500  7.2207209e-04 3.82e-08 7.69e-04  -4.1 1.78e-04    -  1.00e+00 1.00e+00h  1
2501  7.2214959e-04 4.92e-08 4.70e-04  -4.0 2.14e-04    -  1.00e+00 1.00e+00h  1
2502  7.2205539e-04 7.79e-09 2.50e-04  -4.1 1.53e-04    -  1.00e+00 1.00e+00h  1
2503  7.2215198e-04 1.10e-09 5.40e-03  -4.0 1.36e-03    -  1.00e+00 1.00e+00H  1
2504  7.2212336e-04 3.20e-07 6.93e-03  -4.1 1.06e-03    -  1.00e+00 1.00e+00h  1
2505  7.2350870e-04 4.17e-11 5.80e-03  -4.1 1.75e-03    -  1.00e+00 1.00e+00H  1
2506  7.2191647e-04 2.83e-07 1.04e-03  -4.1 1.42e-03    -  1.00e+00 1.00e+00h  1
2507  7.2204231e-04 2.59e-07 2.74e-03  -4.0 6.99e-04    -  1.00e+00 1.00e+00h  1
2508  7.2181805e-04 9.37e-08 9.94e-04  -4.1 4.78e-04    -  1.00e+00 1.00e+00h  1
2509  7.2195460e-04 7.29e-08 1.58e-03  -4.0 4.26e-04    -  1.00e+00 1.00e+00h  1
iter    objective    inf_pr   inf_du lg(mu)  ||d||  lg(rg) alpha_du alpha_pr  ls
2510  7.2181655e-04 5.81e-10 1.06e-03  -4.0 4.34e-04    -  1.00e+00 1.00e+00H  1
2511  7.2257021e-04 2.28e-07 2.78e-03  -4.0 6.05e-04    -  1.00e+00 1.00e+00h  1
2512  7.2179418e-04 6.99e-08 1.42e-03  -4.1 5.41e-04    -  1.00e+00 1.00e+00h  1
2513  7.2190278e-04 7.06e-08 1.04e-03  -4.0 3.84e-04    -  1.00e+00 1.00e+00h  1
2514  7.2175475e-04 2.88e-08 3.04e-04  -4.1 1.60e-04    -  1.00e+00 1.00e+00h  1
2515  7.2178944e-04 1.69e-08 7.02e-04  -4.0 1.95e-04    -  1.00e+00 1.00e+00h  1
2516  7.2186908e-04 1.51e-08 5.81e-04  -4.0 3.14e-04    -  1.00e+00 1.00e+00h  1
2517  7.2174941e-04 1.21e-08 2.72e-04  -4.1 1.48e-04    -  1.00e+00 1.00e+00h  1
2518  7.2176248e-04 1.36e-09 1.95e-04  -4.0 6.99e-05    -  1.00e+00 1.00e+00h  1
2519  7.2178370e-04 1.72e-08 7.69e-04  -4.0 2.02e-04    -  1.00e+00 1.00e+00h  1
iter    objective    inf_pr   inf_du lg(mu)  ||d||  lg(rg) alpha_du alpha_pr  ls
2520  7.2173881e-04 7.06e-07 4.16e-03  -4.1 1.33e-03    -  1.00e+00 1.00e+00h  1
2521  7.2167537e-04 1.33e-06 8.43e-03  -4.1 4.53e-02    -  1.00e+00 3.12e-02h  6
2522  7.2192262e-04 3.83e-06 7.70e-02  -4.1 4.31e-02    -  1.00e+00 6.25e-02h  5
2523  7.2185565e-04 5.36e-06 2.39e-02  -4.1 1.76e-02    -  1.00e+00 2.50e-01h  3
2524  7.2301062e-04 5.07e-06 1.62e-01  -4.1 7.30e-02    -  1.00e+00 6.25e-02h  5
2525  7.2235758e-04 3.90e-06 2.48e-02  -4.1 1.43e-02    -  1.00e+00 2.50e-01h  3
2526  7.3570509e-04 1.66e-08 8.35e-03  -4.1 9.92e-03    -  1.00e+00 1.00e+00H  1
2527  7.2520723e-04 4.59e-09 2.27e-02  -4.1 5.20e-03    -  1.00e+00 1.00e+00H  1
2528  7.2232517e-04 7.71e-07 1.28e-01  -4.1 5.50e-02    -  1.00e+00 1.25e-01h  4
2529  7.2369368e-04 7.12e-10 7.92e-03  -4.1 3.74e-03    -  1.00e+00 1.00e+00H  1
iter    objective    inf_pr   inf_du lg(mu)  ||d||  lg(rg) alpha_du alpha_pr  ls
2530  7.2330336e-04 2.44e-07 1.24e-01  -4.1 2.70e-02    -  1.00e+00 3.12e-02h  6
2531  7.2299505e-04 2.98e-07 1.78e-01  -4.1 1.47e-01    -  1.00e+00 3.91e-03h  9
2532  7.3344258e-04 4.56e-05 1.84e-02  -4.1 7.81e-03    -  1.00e+00 1.00e+00h  1
2533  7.3511244e-04 2.08e-05 5.99e-02  -4.1 2.81e-02    -  1.00e+00 5.00e-01h  2
2534  7.5138735e-04 1.78e-04 1.13e-02  -4.1 3.32e-02    -  1.00e+00 1.00e+00h  1
2535  7.4810412e-04 1.32e-04 1.05e-01  -4.1 3.18e-02    -  1.00e+00 2.50e-01h  3
2536  7.2843155e-04 1.91e-04 1.82e-01  -4.1 1.08e-01    -  7.94e-01 2.50e-01h  3
2537  7.3892773e-04 1.31e-04 8.15e-02  -4.1 1.45e-01    -  1.00e+00 1.25e-01h  4
2538  7.4123466e-04 1.20e-04 5.22e-02  -4.1 3.27e-02    -  1.00e+00 1.25e-01h  4
2539  7.2764951e-04 7.18e-05 1.13e-01  -4.1 6.27e-02    -  1.00e+00 2.50e-01h  3
iter    objective    inf_pr   inf_du lg(mu)  ||d||  lg(rg) alpha_du alpha_pr  ls
2540  7.2126984e-04 6.71e-05 1.04e-02  -4.1 9.79e-03    -  1.00e+00 1.00e+00h  1
2541  7.2518929e-04 3.21e-05 6.96e-03  -4.0 8.00e-03    -  1.00e+00 1.00e+00h  1
2542  7.2986167e-04 2.71e-06 3.26e-02  -4.1 8.98e-03    -  1.00e+00 1.00e+00H  1
2543  7.2422485e-04 5.06e-06 1.86e-01  -4.1 5.18e-02    -  1.00e+00 6.25e-02h  5
2544  7.2239811e-04 3.44e-06 1.98e-01  -4.1 6.85e-03    -  1.00e+00 2.50e-01h  3
2545  7.2229406e-04 3.22e-06 1.47e-01  -4.1 1.41e-02    -  1.00e+00 6.25e-02h  5
2546  7.2110926e-04 3.40e-06 1.44e-01  -4.1 7.45e-03    -  1.00e+00 2.50e-01h  3
2547  7.1974501e-04 3.42e-06 4.02e-01  -4.1 1.39e-02    -  1.00e+00 6.25e-02h  5
2548  7.3733376e-04 2.08e-04 2.34e-02  -4.1 2.02e-02    -  1.00e+00 1.00e+00h  1
2549  7.3567251e-04 1.90e-04 3.24e-02  -4.1 2.45e-02    -  1.00e+00 1.25e-01h  4
iter    objective    inf_pr   inf_du lg(mu)  ||d||  lg(rg) alpha_du alpha_pr  ls
2550  7.2118678e-04 9.38e-05 4.78e-03  -4.1 1.19e-02    -  1.00e+00 1.00e+00h  1
2551  7.2357100e-04 9.47e-05 3.97e-02  -4.0 4.23e-02    -  1.00e+00 6.25e-02h  5
2552  1.1536998e-03 8.27e-05 1.77e-02  -4.1 9.67e-03    -  1.00e+00 1.00e+00h  1
2553  7.2051965e-04 4.52e-05 1.61e-03  -4.1 8.15e-03    -  1.00e+00 1.00e+00h  1
2554  7.2279938e-04 3.73e-06 4.53e-03  -4.0 1.87e-03    -  1.00e+00 1.00e+00h  1
2555  7.2045415e-04 1.76e-06 1.35e-03  -4.1 1.38e-03    -  1.00e+00 1.00e+00h  1
2556  7.2056366e-04 9.06e-08 7.34e-04  -4.0 2.91e-04    -  1.00e+00 1.00e+00h  1
2557  7.2048032e-04 1.46e-08 2.60e-04  -4.0 1.14e-04    -  1.00e+00 1.00e+00h  1
2558  7.2050801e-04 4.81e-09 3.79e-04  -4.0 9.39e-05    -  1.00e+00 1.00e+00h  1
2559  7.2041866e-04 1.12e-08 7.20e-04  -4.0 1.40e-04    -  1.00e+00 1.00e+00h  1
iter    objective    inf_pr   inf_du lg(mu)  ||d||  lg(rg) alpha_du alpha_pr  ls
2560  7.2219995e-04 8.73e-10 1.32e-02  -4.0 2.90e-03    -  1.00e+00 1.00e+00H  1
2561  7.2891655e-04 3.19e-10 2.06e-02  -4.1 3.30e-03    -  1.00e+00 1.00e+00H  1
2562  7.2276736e-04 1.29e-05 3.08e-03  -4.1 4.37e-03    -  1.00e+00 1.00e+00h  1
2563  7.2076397e-04 6.45e-06 7.73e-03  -4.1 2.15e-03    -  1.00e+00 5.00e-01h  2
2564  7.2022269e-04 2.10e-06 3.35e-03  -4.1 1.98e-03    -  1.00e+00 1.00e+00h  1
2565  7.2061011e-04 1.01e-07 1.37e-02  -4.0 3.02e-03    -  1.00e+00 1.00e+00H  1
2566  7.2057433e-04 2.68e-06 1.61e-01  -4.1 8.16e-03    -  1.00e+00 2.50e-01h  3
2567  7.2403031e-04 1.90e-07 2.59e-02  -4.1 6.90e-03    -  1.00e+00 1.00e+00H  1
2568  7.2476017e-04 6.96e-05 1.28e-02  -4.1 9.77e-03    -  1.00e+00 1.00e+00h  1
2569  7.2249118e-04 6.18e-05 5.70e-02  -4.1 2.87e-02    -  1.00e+00 1.25e-01h  4
iter    objective    inf_pr   inf_du lg(mu)  ||d||  lg(rg) alpha_du alpha_pr  ls
2570  7.1950601e-04 1.39e-05 3.20e-03  -4.1 4.66e-03    -  1.00e+00 1.00e+00h  1
2571  7.5077462e-04 3.67e-05 2.23e-02  -4.0 5.70e-03    -  1.00e+00 1.00e+00h  1
2572  7.2125081e-04 1.51e-05 6.36e-03  -4.1 3.52e-03    -  1.00e+00 1.00e+00h  1
2573  7.2156620e-04 6.27e-06 5.91e-03  -4.1 2.53e-03    -  1.00e+00 1.00e+00h  1
2574  7.1935401e-04 2.54e-06 5.22e-03  -4.1 1.96e-03    -  1.00e+00 1.00e+00h  1
2575  7.2004410e-04 1.63e-06 4.04e-03  -4.0 1.70e-03    -  1.00e+00 1.00e+00h  1
2576  7.1969518e-04 1.76e-07 2.13e-04  -4.0 5.27e-04    -  1.00e+00 1.00e+00h  1
2577  7.1970827e-04 3.25e-09 2.28e-04  -4.0 5.42e-05    -  1.00e+00 1.00e+00h  1
2578  7.1967587e-04 1.64e-08 7.44e-04  -4.0 1.60e-04    -  1.00e+00 1.00e+00h  1
2579  7.1973173e-04 3.03e-07 3.73e-03  -4.0 6.49e-04    -  1.00e+00 1.00e+00h  1
iter    objective    inf_pr   inf_du lg(mu)  ||d||  lg(rg) alpha_du alpha_pr  ls
2580  7.2013121e-04 1.18e-09 5.06e-03  -4.1 6.44e-04    -  1.00e+00 1.00e+00H  1
2581  7.1958014e-04 7.98e-08 3.37e-03  -4.1 3.72e-04    -  1.00e+00 1.00e+00h  1
2582  7.1955820e-04 3.51e-08 2.37e-04  -4.0 1.73e-04    -  1.00e+00 1.00e+00h  1
2583  7.1951615e-04 1.32e-08 6.01e-04  -4.0 1.67e-04    -  1.00e+00 1.00e+00h  1
2584  7.1946052e-04 5.20e-08 1.21e-03  -4.0 2.28e-04    -  1.00e+00 1.00e+00h  1
2585  7.1946778e-04 3.22e-07 3.20e-03  -4.0 5.52e-04    -  1.00e+00 1.00e+00h  1
2586  7.1965618e-04 7.67e-08 2.25e-03  -4.1 4.05e-04    -  1.00e+00 1.00e+00h  1
2587  7.1946206e-04 1.31e-07 9.01e-04  -4.1 3.80e-04    -  1.00e+00 1.00e+00h  1
2588  7.1938823e-04 1.15e-08 3.09e-04  -4.0 1.53e-04    -  1.00e+00 1.00e+00h  1
2589  7.1949418e-04 1.63e-07 2.60e-03  -4.0 5.47e-04    -  1.00e+00 1.00e+00h  1
iter    objective    inf_pr   inf_du lg(mu)  ||d||  lg(rg) alpha_du alpha_pr  ls
2590  7.2774519e-04 1.69e-07 4.46e-02  -4.1 1.01e-02    -  1.00e+00 1.00e+00H  1
2591  7.2153378e-04 2.49e-05 2.59e-02  -4.1 6.63e-03    -  1.00e+00 1.00e+00h  1
2592  7.2132327e-04 2.78e-05 1.72e-02  -4.1 1.55e-02    -  1.00e+00 2.50e-01h  3
2593  7.2973760e-04 1.81e-05 3.11e-02  -4.1 6.96e-03    -  1.00e+00 1.00e+00h  1
2594  7.2992316e-04 1.82e-05 1.93e-02  -4.1 1.27e-02    -  1.00e+00 2.50e-01h  3
2595  7.6584115e-04 4.93e-08 5.03e-02  -4.1 1.33e-02    -  1.00e+00 1.00e+00H  1
2596  7.6269280e-04 8.06e-08 2.88e-01  -4.1 1.45e-02    -  1.00e+00 3.12e-02h  6
2597  7.6221633e-04 8.25e-08 8.63e-02  -4.1 3.67e-02    -  1.00e+00 1.95e-03h 10
2598  7.2552715e-04 2.24e-04 2.85e-01  -4.1 3.92e-02    -  1.00e+00 5.00e-01h  2
2599  7.4984837e-04 1.63e-04 1.60e-01  -4.1 1.73e-02    -  1.00e+00 2.50e-01h  3
iter    objective    inf_pr   inf_du lg(mu)  ||d||  lg(rg) alpha_du alpha_pr  ls
2600  7.2455229e-04 8.27e-05 2.02e-02  -4.1 1.20e-02    -  1.00e+00 1.00e+00h  1
2601  7.2965736e-04 8.07e-05 1.20e-01  -4.1 3.01e-02    -  1.00e+00 2.50e-01h  3
2602  7.3029722e-04 6.34e-05 1.44e-01  -4.1 4.27e-02    -  1.00e+00 1.25e-01h  4
2603  7.2169075e-04 5.25e-05 1.15e-02  -4.1 9.90e-03    -  1.00e+00 1.00e+00h  1
2604  7.2305562e-04 4.22e-05 7.13e-02  -4.1 4.23e-02    -  1.00e+00 1.25e-01h  4
2605  7.2450401e-04 5.69e-05 2.16e-02  -4.1 9.85e-03    -  1.00e+00 1.00e+00h  1
2606  7.4111936e-04 1.73e-05 2.04e-02  -4.1 4.96e-03    -  1.00e+00 1.00e+00h  1
2607  7.2376539e-04 2.97e-05 7.21e-02  -4.1 1.28e-02    -  1.00e+00 5.00e-01h  2
2608  7.2838318e-04 2.79e-05 1.03e-01  -4.1 2.99e-02    -  1.00e+00 6.25e-02h  5
2609  7.1903180e-04 1.32e-06 2.51e-03  -4.1 1.53e-03    -  1.00e+00 1.00e+00h  1
iter    objective    inf_pr   inf_du lg(mu)  ||d||  lg(rg) alpha_du alpha_pr  ls
2610  7.1996225e-04 3.21e-07 2.39e-03  -4.0 5.92e-04    -  1.00e+00 1.00e+00h  1
2611  7.1895197e-04 7.61e-08 9.79e-04  -4.1 4.03e-04    -  1.00e+00 1.00e+00h  1
2612  7.1891039e-04 2.14e-08 6.72e-04  -4.0 1.80e-04    -  1.00e+00 1.00e+00h  1
2613  7.1895222e-04 9.08e-11 2.11e-03  -4.0 3.81e-04    -  1.00e+00 1.00e+00H  1
2614  7.1870530e-04 5.18e-07 4.77e-03  -4.0 1.38e-03    -  1.00e+00 5.00e-01h  2
2615  7.1910688e-04 1.79e-07 4.16e-03  -4.0 5.06e-04    -  1.00e+00 1.00e+00h  1
2616  7.1887319e-04 2.87e-07 3.34e-04  -4.1 4.91e-04    -  1.00e+00 1.00e+00h  1
2617  7.1910655e-04 3.76e-10 1.80e-03  -4.0 5.74e-04    -  1.00e+00 1.00e+00H  1
2618  7.1879363e-04 9.57e-08 6.87e-04  -4.1 4.25e-04    -  1.00e+00 1.00e+00h  1
2619  7.2114098e-04 1.47e-08 4.91e-03  -4.0 9.64e-04    -  1.00e+00 1.00e+00H  1
iter    objective    inf_pr   inf_du lg(mu)  ||d||  lg(rg) alpha_du alpha_pr  ls
2620  7.1887380e-04 3.41e-07 9.72e-04  -4.1 6.26e-04    -  1.00e+00 1.00e+00h  1
2621  7.1883986e-04 6.32e-08 7.46e-04  -4.1 2.81e-04    -  1.00e+00 1.00e+00h  1
2622  7.1885385e-04 2.65e-08 5.45e-04  -4.0 1.98e-04    -  1.00e+00 1.00e+00h  1
2623  7.1886538e-04 3.01e-11 2.60e-04  -4.0 1.39e-04    -  1.00e+00 1.00e+00H  1
2624  7.1871408e-04 4.38e-08 7.59e-04  -4.0 1.84e-04    -  1.00e+00 1.00e+00h  1
2625  7.1881315e-04 2.38e-08 4.20e-04  -4.0 1.33e-04    -  1.00e+00 1.00e+00h  1
2626  7.1882339e-04 6.77e-13 3.11e-04  -4.0 9.38e-05    -  1.00e+00 1.00e+00H  1
2627  7.1886243e-04 1.98e-08 7.27e-03  -4.0 3.60e-03    -  1.00e+00 6.25e-02h  5
2628  7.1885501e-04 1.27e-09 2.78e-03  -4.1 9.80e-04    -  1.00e+00 1.00e+00H  1
2629  7.2060432e-04 8.46e-10 2.05e-02  -4.1 5.70e-03    -  1.00e+00 1.00e+00H  1
iter    objective    inf_pr   inf_du lg(mu)  ||d||  lg(rg) alpha_du alpha_pr  ls
2630  7.2057260e-04 9.90e-10 2.05e-02  -4.1 6.01e-03    -  1.00e+00 3.91e-03h  9
2631  7.1865236e-04 4.90e-06 1.08e-03  -4.1 3.97e-03    -  1.00e+00 1.00e+00h  1
2632  7.2358817e-04 7.75e-06 1.15e-01  -4.0 1.40e-02    -  1.00e+00 2.50e-01h  3
2633  7.1818865e-04 4.66e-06 1.99e-03  -4.1 3.07e-03    -  1.00e+00 1.00e+00h  1
2634  7.2307762e-04 5.44e-06 1.40e-02  -4.0 2.72e-03    -  1.00e+00 1.00e+00h  1
2635  7.1896440e-04 2.40e-06 2.01e-03  -4.1 1.87e-03    -  1.00e+00 1.00e+00h  1
2636  7.1858026e-04 4.90e-07 2.21e-03  -4.1 8.48e-04    -  1.00e+00 1.00e+00h  1
2637  7.1863758e-04 2.15e-07 7.87e-04  -4.0 5.12e-04    -  1.00e+00 1.00e+00h  1
2638  7.1856638e-04 9.03e-09 5.09e-05  -4.0 1.01e-04    -  1.00e+00 1.00e+00h  1
2639  7.1856587e-04 3.60e-10 8.03e-05  -4.0 2.15e-05    -  1.00e+00 1.00e+00h  1
iter    objective    inf_pr   inf_du lg(mu)  ||d||  lg(rg) alpha_du alpha_pr  ls
2640  7.1880797e-04 2.83e-10 3.11e-03  -4.0 7.59e-04    -  1.00e+00 1.00e+00H  1
2641  7.1885817e-04 7.43e-12 4.18e-03  -4.1 6.05e-04    -  1.00e+00 1.00e+00H  1
2642  7.1829378e-04 2.40e-07 2.41e-03  -4.1 7.19e-04    -  1.00e+00 1.00e+00h  1
2643  7.1861312e-04 4.14e-07 1.60e-03  -4.0 6.44e-04    -  1.00e+00 1.00e+00h  1
2644  7.1849683e-04 1.83e-08 2.93e-04  -4.1 1.35e-04    -  1.00e+00 1.00e+00h  1
2645  7.1855501e-04 1.21e-10 8.14e-04  -4.0 1.96e-04    -  1.00e+00 1.00e+00H  1
2646  7.1848193e-04 2.22e-08 4.21e-04  -4.0 1.41e-04    -  1.00e+00 1.00e+00h  1
2647  7.1851906e-04 2.18e-09 2.10e-04  -4.0 5.94e-05    -  1.00e+00 1.00e+00h  1
2648  7.1850748e-04 1.60e-10 5.06e-05  -4.0 1.86e-05    -  1.00e+00 1.00e+00h  1
2649  7.1847753e-04 4.13e-09 3.35e-04  -4.0 9.43e-05    -  1.00e+00 1.00e+00h  1
iter    objective    inf_pr   inf_du lg(mu)  ||d||  lg(rg) alpha_du alpha_pr  ls
2650  7.1848733e-04 3.13e-11 5.19e-03  -4.0 1.40e-03    -  1.00e+00 1.00e+00H  1
2651  7.1815855e-04 6.22e-08 1.48e-01  -4.1 2.03e-03    -  1.00e+00 1.25e-01h  4
2652  7.1830403e-04 2.09e-07 1.16e-03  -4.1 7.08e-04    -  1.00e+00 1.00e+00h  1
2653  7.1842698e-04 9.86e-08 1.48e-03  -4.1 3.63e-04    -  1.00e+00 1.00e+00h  1
2654  7.1839732e-04 1.20e-09 3.51e-03  -4.1 8.05e-04    -  1.00e+00 1.00e+00H  1
2655  7.1875939e-04 2.84e-07 1.48e-01  -4.0 6.90e-03    -  1.00e+00 1.25e-01h  4
2656  7.2063900e-04 6.21e-08 4.53e-03  -4.1 1.21e-03    -  1.00e+00 1.00e+00H  1
2657  7.1824193e-04 6.42e-07 1.53e-03  -4.1 8.59e-04    -  1.00e+00 1.00e+00h  1
2658  7.1833489e-04 2.00e-08 6.38e-04  -4.0 2.50e-04    -  1.00e+00 1.00e+00h  1
2659  7.1914038e-04 8.82e-10 1.42e-02  -4.0 3.93e-03    -  1.00e+00 1.00e+00H  1
iter    objective    inf_pr   inf_du lg(mu)  ||d||  lg(rg) alpha_du alpha_pr  ls
2660  7.1922413e-04 2.39e-05 1.17e-01  -4.1 2.01e-02    -  1.00e+00 5.00e-01h  2
2661  7.1998544e-04 2.30e-05 3.46e-01  -4.1 6.49e-02    -  1.00e+00 3.12e-02h  6
2662  7.1979094e-04 2.10e-05 1.60e-01  -4.1 4.42e-02    -  1.00e+00 6.25e-02h  5
2663  7.1840731e-04 2.36e-05 7.74e-02  -4.1 3.81e-02    -  1.00e+00 1.25e-01h  4
2664  7.1778635e-04 2.38e-05 5.68e-02  -4.1 2.72e-02    -  1.00e+00 6.25e-02h  5
2665  7.1750896e-04 2.18e-05 1.34e-02  -4.1 5.33e-03    -  1.00e+00 1.00e+00h  1
2666  7.1680025e-04 2.16e-05 2.01e-01  -4.0 6.74e-02    -  1.00e+00 6.25e-02h  5
2667  7.1856403e-04 2.75e-05 2.10e-01  -4.1 6.68e-02    -  1.00e+00 1.25e-01h  4
2668  7.1694479e-04 2.71e-05 6.02e-02  -4.1 2.16e-01    -  1.00e+00 3.12e-02h  6
2669  7.1653277e-04 2.72e-05 2.24e-01  -4.1 3.30e-01    -  1.00e+00 7.81e-03h  8
iter    objective    inf_pr   inf_du lg(mu)  ||d||  lg(rg) alpha_du alpha_pr  ls
2670  7.1592478e-04 2.78e-05 7.71e-02  -4.1 1.08e-01    -  1.00e+00 3.12e-02h  6
2671  7.1840687e-04 3.90e-05 5.09e-01  -4.0 2.02e-01    -  1.00e+00 6.25e-02h  5
2672  7.9595097e-04 6.02e-05 1.47e-01  -4.1 7.39e-02    -  1.00e+00 1.25e-01h  4
2673  7.1514397e-04 3.13e-05 1.01e-02  -4.1 7.24e-03    -  1.00e+00 1.00e+00h  1
2674  7.1630760e-04 2.90e-05 1.40e-01  -4.0 1.83e-02    -  1.00e+00 2.50e-01h  3
2675  7.2498828e-04 3.72e-05 1.60e-01  -4.0 4.72e-02    -  1.00e+00 2.50e-01h  3
2676  7.2447535e-04 4.43e-05 2.43e-02  -4.1 1.25e-01    -  1.00e+00 6.25e-02h  5
2677  7.2246658e-04 8.53e-05 7.44e-02  -4.1 9.41e-02    -  1.00e+00 1.25e-01h  4
2678  7.1760221e-04 3.72e-05 2.34e-02  -4.1 1.52e-02    -  1.00e+00 5.00e-01h  2
2679  7.1614094e-04 1.87e-04 3.69e-01  -4.1 5.03e-02    -  1.00e+00 2.50e-01h  3
iter    objective    inf_pr   inf_du lg(mu)  ||d||  lg(rg) alpha_du alpha_pr  ls
2680  7.1403516e-04 1.70e-04 3.32e-02  -4.1 1.47e-01    -  1.00e+00 6.25e-02h  5
2681  7.1539238e-04 1.66e-04 1.37e-01  -4.0 1.01e-01    -  1.00e+00 3.12e-02h  6
2682  7.2505561e-04 1.49e-04 2.30e-02  -4.1 3.46e-02    -  1.00e+00 2.50e-01h  3
2683  7.4176894e-04 1.15e-04 3.46e-02  -4.1 3.03e-02    -  1.00e+00 2.50e-01h  3
2684  7.4675067e-04 9.95e-05 2.44e-02  -4.1 1.55e-02    -  1.00e+00 1.00e+00h  1
2685  7.2728932e-04 8.95e-05 2.07e-01  -4.1 1.28e-01    -  1.00e+00 6.25e-02h  5
2686  7.2144250e-04 9.41e-05 2.90e-02  -4.1 3.01e-01    -  1.00e+00 3.12e-02h  6
2687  7.1895685e-04 1.00e-04 2.28e-02  -4.1 1.99e-01    -  1.00e+00 3.12e-02h  6
2688  7.1560876e-04 9.85e-05 1.25e-01  -4.1 4.68e-01    -  1.00e+00 1.56e-02h  7
2689  7.8371995e-04 1.09e-04 2.28e-02  -4.1 2.39e-02    -  1.00e+00 1.00e+00h  1
iter    objective    inf_pr   inf_du lg(mu)  ||d||  lg(rg) alpha_du alpha_pr  ls
2690  7.2324480e-04 8.97e-05 1.55e-02  -4.1 2.30e-02    -  1.00e+00 1.00e+00h  1
2691  7.1947255e-04 1.52e-04 1.41e-02  -4.1 1.86e-02    -  1.00e+00 1.00e+00h  1
2692  7.1808613e-04 1.44e-04 2.66e-02  -4.1 6.17e-02    -  1.00e+00 6.25e-02h  5
2693  7.1028425e-04 1.37e-04 1.28e-02  -4.1 1.13e-01    -  1.00e+00 1.25e-01h  4
2694  7.1200000e-04 1.34e-04 9.14e-02  -4.0 9.13e-02    -  1.00e+00 3.12e-02h  6
2695  1.1104474e-03 1.11e-04 5.33e-02  -4.0 3.22e-02    -  1.00e+00 1.00e+00H  1
2696  8.7986135e-04 1.41e-04 8.60e-02  -4.1 4.09e-02    -  1.00e+00 1.00e+00h  1
2697  7.3011725e-04 4.55e-04 8.46e-03  -4.1 2.79e-02    -  1.00e+00 1.00e+00h  1
2698  7.2107854e-04 4.33e-04 2.06e-01  -4.1 1.99e-01    -  7.61e-01 1.25e-01h  4
2699  7.4979999e-04 3.13e-04 8.83e-02  -4.1 7.26e-02    -  1.00e+00 2.50e-01h  3
iter    objective    inf_pr   inf_du lg(mu)  ||d||  lg(rg) alpha_du alpha_pr  ls
2700  7.3047322e-04 7.12e-05 1.36e-02  -4.1 4.08e-02    -  1.00e+00 1.00e+00h  1
2701  7.2323686e-04 6.60e-05 1.31e-02  -4.1 2.15e-02    -  1.00e+00 2.50e-01h  3
2702  7.8023467e-04 6.32e-05 2.78e-02  -4.1 3.15e-02    -  1.00e+00 5.00e-01h  2
2703  7.1482506e-04 1.02e-05 7.57e-03  -4.1 4.29e-03    -  1.00e+00 1.00e+00h  1
2704  7.1191216e-04 5.60e-06 6.04e-03  -4.0 5.58e-03    -  1.00e+00 1.00e+00h  1
2705  7.1663621e-04 4.41e-06 2.79e-02  -4.0 7.26e-03    -  1.00e+00 2.50e-01h  3
2706  7.1324748e-04 3.72e-06 6.99e-03  -4.0 5.59e-03    -  1.00e+00 1.00e+00h  1
2707  7.1432924e-04 4.04e-06 1.11e-01  -4.0 1.73e-02    -  1.00e+00 2.50e-01h  3
2708  7.1217915e-04 2.52e-06 1.11e-03  -4.1 5.51e-03    -  1.00e+00 1.00e+00h  1
2709  7.1255134e-04 2.56e-06 1.24e-01  -4.0 1.20e-02    -  1.00e+00 1.25e-01h  4
iter    objective    inf_pr   inf_du lg(mu)  ||d||  lg(rg) alpha_du alpha_pr  ls
2710  7.1246391e-04 1.64e-07 1.02e-03  -4.1 7.31e-04    -  1.00e+00 1.00e+00h  1
2711  7.1229049e-04 9.63e-08 1.44e-03  -4.0 7.92e-04    -  1.00e+00 1.00e+00h  1
2712  7.1226675e-04 5.02e-08 6.86e-04  -4.0 3.94e-04    -  1.00e+00 1.00e+00h  1
2713  7.1215685e-04 2.98e-08 6.86e-04  -4.0 2.72e-04    -  1.00e+00 1.00e+00h  1
2714  7.1225029e-04 2.19e-08 6.35e-04  -4.0 2.14e-04    -  1.00e+00 1.00e+00h  1
2715  7.1219611e-04 1.67e-08 4.97e-04  -4.1 2.01e-04    -  1.00e+00 1.00e+00h  1
2716  7.1222870e-04 7.66e-09 4.91e-04  -4.0 9.66e-05    -  1.00e+00 1.00e+00h  1
2717  7.1218989e-04 5.78e-13 1.25e-04  -4.0 7.32e-05    -  1.00e+00 1.00e+00H  1
2718  7.1214162e-04 1.38e-08 4.13e-04  -4.0 1.65e-04    -  1.00e+00 1.00e+00h  1
2719  7.1216284e-04 3.67e-08 9.16e-03  -4.0 6.84e-03    -  1.00e+00 3.12e-02h  6
iter    objective    inf_pr   inf_du lg(mu)  ||d||  lg(rg) alpha_du alpha_pr  ls
2720  7.1196598e-04 3.97e-09 5.35e-03  -4.1 1.62e-03    -  1.00e+00 1.00e+00H  1
2721  7.1583187e-04 8.65e-06 1.77e-02  -4.0 2.70e-03    -  1.00e+00 1.00e+00h  1
2722  7.1360316e-04 9.93e-06 1.72e-03  -4.1 3.31e-03    -  1.00e+00 1.00e+00h  1
2723  7.1516834e-04 3.37e-06 5.75e-03  -4.1 5.95e-03    -  1.00e+00 1.00e+00h  1
2724  7.1230305e-04 2.88e-06 2.31e-03  -4.1 5.35e-03    -  1.00e+00 1.00e+00h  1
2725  7.1468645e-04 1.43e-08 7.60e-03  -4.1 1.84e-03    -  1.00e+00 1.00e+00H  1
2726  7.1245946e-04 9.19e-07 3.72e-03  -4.1 1.45e-03    -  1.00e+00 1.00e+00h  1
2727  7.1182706e-04 9.01e-07 4.44e-02  -4.1 3.56e-03    -  1.00e+00 1.25e-01h  4
2728  7.1237568e-04 7.59e-07 1.93e-03  -4.1 1.02e-03    -  1.00e+00 1.00e+00h  1
2729  7.1187073e-04 1.09e-07 1.11e-03  -4.1 4.57e-04    -  1.00e+00 1.00e+00h  1
iter    objective    inf_pr   inf_du lg(mu)  ||d||  lg(rg) alpha_du alpha_pr  ls
2730  7.1189853e-04 4.11e-09 1.21e-04  -4.0 1.00e-04    -  1.00e+00 1.00e+00h  1
2731  7.1190380e-04 1.13e-09 1.63e-04  -4.0 4.32e-05    -  1.00e+00 1.00e+00h  1
2732  7.1187967e-04 1.47e-09 2.67e-04  -4.0 6.56e-05    -  1.00e+00 1.00e+00h  1
2733  7.1312810e-04 3.72e-10 6.94e-03  -4.0 1.90e-03    -  1.00e+00 1.00e+00H  1
2734  7.1585771e-04 2.01e-11 1.73e-02  -4.1 3.56e-03    -  1.00e+00 1.00e+00H  1
2735  7.1536516e-04 1.49e-05 1.43e-02  -4.1 4.39e-03    -  1.00e+00 1.00e+00h  1
2736  7.1161709e-04 7.01e-06 1.16e-03  -4.1 3.53e-03    -  1.00e+00 1.00e+00h  1
2737  7.1200802e-04 1.91e-07 1.66e-03  -4.0 4.20e-04    -  1.00e+00 1.00e+00h  1
2738  7.1166450e-04 1.19e-07 1.12e-03  -4.1 3.14e-04    -  1.00e+00 1.00e+00h  1
2739  7.1155497e-04 5.90e-10 2.15e-03  -4.0 6.63e-04    -  1.00e+00 1.00e+00H  1
iter    objective    inf_pr   inf_du lg(mu)  ||d||  lg(rg) alpha_du alpha_pr  ls
2740  7.1169599e-04 1.09e-07 7.01e-04  -4.0 4.49e-04    -  1.00e+00 1.00e+00h  1
2741  7.1161371e-04 4.27e-10 1.03e-03  -4.1 3.21e-04    -  1.00e+00 1.00e+00H  1
2742  7.1162618e-04 8.39e-08 5.42e-04  -4.0 3.54e-04    -  1.00e+00 1.00e+00h  1
2743  7.1150015e-04 2.45e-08 4.29e-04  -4.1 1.81e-04    -  1.00e+00 1.00e+00h  1
2744  7.1159864e-04 1.89e-08 1.64e-04  -4.0 1.41e-04    -  1.00e+00 1.00e+00h  1
2745  7.1152776e-04 3.94e-09 1.88e-04  -4.1 7.96e-05    -  1.00e+00 1.00e+00h  1
2746  7.1155635e-04 3.23e-09 2.26e-04  -4.0 5.75e-05    -  1.00e+00 1.00e+00h  1
2747  7.1150389e-04 1.28e-08 4.40e-04  -4.1 1.44e-04    -  1.00e+00 1.00e+00h  1
2748  7.1083872e-04 9.53e-07 1.12e-03  -6.1 9.76e-04    -  1.00e+00 1.00e+00h  1
2749  7.3756764e-04 7.36e-05 7.24e-01  -4.0 4.31e-02    -  1.00e+00 2.50e-01h  3
iter    objective    inf_pr   inf_du lg(mu)  ||d||  lg(rg) alpha_du alpha_pr  ls
2750  7.1380418e-04 3.08e-05 2.00e-03  -4.1 7.92e-03    -  1.00e+00 1.00e+00h  1
2751  7.2551134e-04 3.70e-05 1.03e-01  -4.1 1.11e-02    -  1.00e+00 7.79e-01H  1
2752  7.0869454e-04 1.94e-05 6.32e-03  -4.1 5.61e-03    -  1.00e+00 1.00e+00f  1
2753  7.1385368e-04 4.21e-05 1.06e-02  -4.0 8.11e-03    -  1.00e+00 1.00e+00h  1
2754  7.1177766e-04 8.71e-06 3.00e-03  -4.1 4.28e-03    -  1.00e+00 1.00e+00h  1
2755  7.1051357e-04 3.05e-06 7.83e-03  -4.1 1.90e-03    -  1.00e+00 1.00e+00h  1
2756  7.1182163e-04 2.43e-06 2.28e-03  -4.0 1.83e-03    -  1.00e+00 1.00e+00h  1
2757  7.1151939e-04 9.22e-08 2.25e-04  -4.1 3.74e-04    -  1.00e+00 1.00e+00h  1
2758  7.1129105e-04 4.34e-08 1.05e-03  -6.1 2.44e-04    -  1.00e+00 1.00e+00h  1
2759  7.1653064e-04 9.44e-06 9.34e-01  -4.0 1.13e-01    -  1.00e+00 3.12e-02h  6
iter    objective    inf_pr   inf_du lg(mu)  ||d||  lg(rg) alpha_du alpha_pr  ls
2760  7.0943831e-04 4.25e-05 7.89e-04  -4.1 7.58e-03    -  1.00e+00 1.00e+00h  1
2761  7.0604224e-04 4.84e-05 3.06e-02  -6.1 3.87e-02    -  9.81e-01 1.01e-01h  2
2762  7.8606490e-04 2.45e-03 3.18e-02  -4.0 5.93e-02    -  1.00e+00 1.00e+00h  1
2763  7.6180681e-04 7.14e-04 7.97e-03  -4.1 3.19e-02    -  1.00e+00 1.00e+00h  1
2764  7.4824245e-04 6.44e-04 3.93e-02  -4.1 5.20e-02    -  6.97e-01 2.50e-01h  3
2765  7.1208061e-04 2.70e-05 1.23e-03  -4.1 6.56e-03    -  1.00e+00 1.00e+00h  1
2766  7.0778166e-04 2.18e-05 9.62e-03  -4.1 4.95e-03    -  1.00e+00 1.00e+00h  1
2767  7.1314981e-04 2.94e-05 7.15e-03  -4.0 5.81e-03    -  1.00e+00 1.00e+00h  1
2768  7.1126001e-04 9.41e-06 9.04e-03  -4.1 3.27e-03    -  1.00e+00 1.00e+00h  1
2769  7.1107326e-04 5.72e-06 5.00e-03  -4.1 2.77e-03    -  1.00e+00 1.00e+00h  1
iter    objective    inf_pr   inf_du lg(mu)  ||d||  lg(rg) alpha_du alpha_pr  ls
2770  7.1172127e-04 8.86e-07 1.34e-03  -4.1 1.17e-03    -  1.00e+00 1.00e+00h  1
2771  7.1150240e-04 4.34e-08 1.47e-04  -4.1 2.24e-04    -  1.00e+00 1.00e+00h  1
2772  7.1157234e-04 8.75e-09 1.57e-04  -4.0 8.96e-05    -  1.00e+00 1.00e+00h  1
2773  7.1153439e-04 2.92e-09 2.15e-04  -4.1 1.10e-04    -  1.00e+00 1.00e+00h  1
2774  7.1147593e-04 5.97e-08 1.23e-03  -4.0 4.21e-04    -  1.00e+00 1.00e+00h  1
2775  7.1146043e-04 6.70e-11 1.67e-03  -4.1 3.53e-04    -  1.00e+00 1.00e+00H  1
2776  7.1192503e-04 5.55e-12 6.13e-03  -4.0 9.27e-04    -  1.00e+00 1.00e+00H  1
2777  7.1145333e-04 2.54e-07 2.05e-03  -4.1 7.80e-04    -  1.00e+00 1.00e+00h  1
2778  7.1138466e-04 5.41e-08 9.45e-04  -4.1 2.40e-04    -  1.00e+00 1.00e+00h  1
2779  7.1141002e-04 2.76e-08 2.69e-04  -4.1 1.96e-04    -  1.00e+00 1.00e+00h  1
iter    objective    inf_pr   inf_du lg(mu)  ||d||  lg(rg) alpha_du alpha_pr  ls
2780  7.1146993e-04 5.30e-12 3.39e-04  -4.0 1.14e-04    -  1.00e+00 1.00e+00H  1
2781  7.1141124e-04 1.23e-08 8.98e-04  -4.1 1.51e-04    -  1.00e+00 1.00e+00h  1
2782  7.1135167e-04 2.77e-13 1.81e-03  -4.1 5.69e-04    -  1.00e+00 1.00e+00H  1
2783  7.1143168e-04 6.07e-08 6.47e-04  -4.0 3.37e-04    -  1.00e+00 1.00e+00h  1
2784  7.1141427e-04 8.63e-09 5.66e-04  -4.1 1.33e-04    -  1.00e+00 1.00e+00h  1
2785  7.1103706e-04 3.09e-07 1.81e-03  -6.1 7.82e-04    -  1.00e+00 1.00e+00h  1
2786  7.1706456e-04 1.50e-05 9.38e-01  -4.0 1.70e-01    -  1.00e+00 3.12e-02h  6
2787  7.0772020e-04 6.05e-05 1.44e-02  -4.1 1.05e-02    -  9.85e-01 1.00e+00h  1
2788  8.1673611e-04 1.62e-03 2.38e-02  -4.1 2.15e+01    -  8.65e-02 2.57e-03h  6
2789  8.1329491e-04 1.60e-03 1.41e-02  -4.1 4.82e-01    -  3.57e-01 7.81e-03h  8
iter    objective    inf_pr   inf_du lg(mu)  ||d||  lg(rg) alpha_du alpha_pr  ls
2790  7.6099267e-04 8.54e-03 2.40e-02  -4.1 4.58e+00    -  3.13e-01 2.59e-02h  5
2791  7.7295956e-04 9.16e-03 9.74e-03  -4.1 1.97e-01    -  6.27e-01 5.00e-01h  2
2792  7.5667741e-04 1.68e-02 9.99e-03  -4.1 1.23e+01    -  1.66e-01 1.04e-02h  5
2793  7.7904988e-04 2.12e-02 9.22e-03  -4.1 1.99e+00    -  1.03e-01 6.25e-02h  5
2794  7.0591448e-04 2.31e-02 9.35e-03  -4.1 2.35e+01    -  1.82e-01 2.68e-03h  6
2795  7.4142925e-04 2.29e-02 9.48e-03  -4.1 3.28e+00    -  4.37e-01 8.85e-03h  7
2796  7.8571192e-04 1.88e-02 7.64e-03  -4.1 2.44e-01    -  1.00e+00 2.50e-01h  3
2797  7.1558235e-04 1.98e-02 6.52e-03  -4.1 6.57e+00    -  2.28e-01 1.40e-02h  6
2798  7.2811876e-04 1.95e-02 7.08e-03  -4.1 2.27e+00    -  7.16e-01 1.48e-02h  7
2799  7.4222007e-04 1.85e-02 7.00e-03  -4.1 8.62e-01    -  1.00e+00 6.25e-02h  5
iter    objective    inf_pr   inf_du lg(mu)  ||d||  lg(rg) alpha_du alpha_pr  ls
2800  7.2195073e-04 1.86e-02 5.91e-03  -4.1 5.92e+00    -  3.12e-01 7.29e-03h  7
2801  7.4136417e-04 1.65e-02 5.63e-03  -4.1 4.79e-01    -  1.00e+00 1.73e-01h  3
2802  7.2229269e-04 1.71e-02 4.72e-03  -4.1 4.64e+00    -  2.52e-01 8.11e-03h  7
2803  7.0043768e-04 1.82e-02 5.05e-03  -4.1 1.26e+01    -  3.15e-01 4.81e-03h  7
2804  7.1906561e-04 1.87e-02 5.58e-03  -4.0 1.68e+00    -  8.22e-01 3.12e-02h  6
2805  7.0449308e-04 2.12e-02 4.77e-03  -4.1 8.19e+00    -  2.53e-01 9.63e-03h  6
2806  6.9451173e-04 2.21e-02 4.38e-03  -4.1 1.89e+00    -  2.23e-01 3.12e-02h  6
2807  7.7130454e-04 2.02e-02 5.72e-03  -3.7 9.97e-01    -  1.00e+00 7.71e-02H  1
2808  7.6857909e-04 1.78e-02 1.46e-01  -3.8 1.44e-02    -  1.00e+00 1.17e-01h  1
2809  1.2626649e-03 1.50e-03 1.93e-03  -3.8 5.83e-02    -  1.00e+00 1.00e+00f  1
iter    objective    inf_pr   inf_du lg(mu)  ||d||  lg(rg) alpha_du alpha_pr  ls
2810  1.2912220e-03 5.16e-03 4.19e-02  -3.8 9.11e-02    -  1.00e+00 1.00e+00h  1
2811  7.8112214e-04 1.80e-03 2.59e-03  -3.8 9.10e-02    -  1.00e+00 1.00e+00h  1
2812  1.6036714e-03 2.77e-04 8.04e-03  -3.8 3.97e-02    -  1.00e+00 9.97e-01h  1
2813  7.6853751e-04 7.77e-04 2.39e-02  -3.8 4.99e-02    -  1.00e+00 1.00e+00f  1
2814  7.4525555e-04 3.77e-04 1.04e-02  -3.8 3.38e-02    -  1.00e+00 1.00e+00h  1
2815  7.3085979e-04 1.15e-04 8.32e-03  -3.8 1.36e-02    -  1.00e+00 1.00e+00h  1
2816  7.3166586e-04 5.62e-05 1.32e-02  -3.8 9.16e-03    -  1.00e+00 1.00e+00h  1
2817  7.3374213e-04 1.71e-05 3.18e-02  -3.8 8.09e-03    -  1.00e+00 1.00e+00h  1
2818  7.2245058e-04 1.82e-05 1.92e-02  -3.8 5.14e-03    -  1.00e+00 1.00e+00h  1
2819  7.2375723e-04 7.68e-06 2.39e-02  -3.8 4.94e-03    -  1.00e+00 5.00e-01h  2
iter    objective    inf_pr   inf_du lg(mu)  ||d||  lg(rg) alpha_du alpha_pr  ls
2820  7.2065675e-04 7.23e-06 3.66e-03  -3.8 2.72e-03    -  1.00e+00 1.00e+00h  1
2821  7.2065857e-04 2.01e-07 1.98e-03  -3.8 4.37e-04    -  1.00e+00 1.00e+00h  1
2822  7.2007885e-04 1.62e-07 3.53e-03  -3.8 4.99e-04    -  1.00e+00 1.00e+00h  1
2823  7.1924833e-04 5.57e-07 6.34e-03  -3.8 1.16e-03    -  1.00e+00 1.00e+00h  1
2824  7.1940009e-04 1.26e-08 4.66e-02  -3.8 6.96e-03    -  1.00e+00 1.00e+00H  1
2825  7.1917239e-04 6.32e-08 9.84e-02  -3.8 2.07e-02    -  1.00e+00 1.56e-02h  7
2826  7.1673003e-04 1.22e-06 5.81e-02  -3.8 2.01e-02    -  1.00e+00 6.25e-02h  5
2827  7.2005332e-04 5.31e-09 3.48e-02  -3.8 3.57e-03    -  1.00e+00 1.00e+00H  1
2828  7.1488876e-04 2.50e-06 6.29e-03  -3.8 1.69e-03    -  1.00e+00 1.00e+00h  1
2829  7.1522476e-04 2.79e-06 1.06e-02  -3.8 1.60e-03    -  1.00e+00 1.00e+00h  1
iter    objective    inf_pr   inf_du lg(mu)  ||d||  lg(rg) alpha_du alpha_pr  ls
2830  7.1425176e-04 7.59e-07 4.36e-03  -3.8 8.41e-04    -  1.00e+00 1.00e+00h  1
2831  7.1417276e-04 3.06e-08 2.44e-03  -3.8 2.14e-04    -  1.00e+00 1.00e+00h  1
2832  7.1379895e-04 5.02e-09 1.32e-02  -3.8 1.69e-03    -  1.00e+00 1.00e+00H  1
2833  7.1373428e-04 1.49e-07 3.92e-02  -3.8 1.64e-02    -  1.00e+00 3.12e-02h  6
2834  7.1357963e-04 2.59e-07 2.10e-02  -3.8 2.97e-02    -  1.00e+00 1.56e-02h  7
2835  7.2395804e-04 2.06e-09 5.60e-02  -3.8 7.61e-03    -  1.00e+00 1.00e+00H  1
2836  7.1262428e-04 5.18e-08 2.38e-02  -3.8 4.07e-03    -  1.00e+00 1.00e+00H  1
2837  7.1261886e-04 1.69e-07 2.31e-03  -3.8 7.41e-04    -  1.00e+00 1.00e+00h  1
2838  7.1237063e-04 1.57e-06 1.18e-02  -3.8 1.55e-03    -  1.00e+00 1.00e+00h  1
2839  7.1247508e-04 9.93e-07 2.23e-03  -3.8 1.24e-03    -  1.00e+00 1.00e+00h  1
iter    objective    inf_pr   inf_du lg(mu)  ||d||  lg(rg) alpha_du alpha_pr  ls
2840  7.1246430e-04 5.28e-07 5.47e-03  -3.8 7.07e-04    -  1.00e+00 5.00e-01h  2
2841  7.1242041e-04 5.54e-07 6.21e-03  -3.8 2.50e-02    -  1.00e+00 1.56e-02h  7
2842  7.2102132e-04 1.75e-08 1.16e-01  -3.8 1.60e-02    -  1.00e+00 1.00e+00H  1
2843  7.2066072e-04 4.71e-08 1.61e-01  -3.8 7.79e-03    -  1.00e+00 3.12e-02h  6
2844  7.1710117e-04 6.87e-05 2.02e-02  -3.8 1.46e-02    -  1.00e+00 1.00e+00h  1
2845  7.1722478e-04 8.63e-05 7.34e-02  -3.8 7.30e-02    -  1.00e+00 1.25e-01h  4
2846  7.1499451e-04 7.87e-05 7.57e-02  -3.8 3.02e-02    -  1.00e+00 1.25e-01h  4
2847  7.1269837e-04 2.09e-05 2.09e-02  -3.8 8.69e-03    -  1.00e+00 1.00e+00h  1
2848  7.2171765e-04 1.86e-05 1.66e-01  -3.8 7.34e-03    -  1.00e+00 5.00e-01h  2
2849  7.1219937e-04 1.22e-05 3.37e-03  -3.8 3.20e-03    -  1.00e+00 1.00e+00h  1
iter    objective    inf_pr   inf_du lg(mu)  ||d||  lg(rg) alpha_du alpha_pr  ls
2850  7.1180961e-04 2.56e-07 1.81e-03  -3.8 6.56e-04    -  1.00e+00 1.00e+00h  1
2851  7.1185201e-04 4.47e-08 2.99e-03  -3.8 3.50e-04    -  1.00e+00 1.00e+00h  1
2852  7.1207079e-04 1.62e-07 5.67e-03  -3.8 6.75e-04    -  1.00e+00 1.00e+00h  1
2853  7.1183445e-04 4.69e-08 1.89e-03  -3.8 4.25e-04    -  1.00e+00 1.00e+00h  1
2854  7.1183240e-04 6.58e-09 5.46e-04  -3.8 1.26e-04    -  1.00e+00 1.00e+00h  1
2855  7.1165158e-04 2.48e-07 7.69e-04  -5.7 7.69e-04    -  1.00e+00 1.00e+00h  1
2856  7.1080094e-04 5.66e-06 3.72e-03  -5.7 4.13e-03    -  1.00e+00 1.00e+00h  1
2857  7.1057256e-04 7.15e-06 4.40e-02  -5.7 1.54e-01    -  1.00e+00 1.46e-02h  6
2858  7.1037452e-04 6.71e-06 2.84e-02  -5.7 4.98e-03    -  1.00e+00 6.25e-02h  5
2859  7.0979898e-04 1.26e-07 1.79e-03  -5.7 7.04e-04    -  1.00e+00 1.00e+00h  1
iter    objective    inf_pr   inf_du lg(mu)  ||d||  lg(rg) alpha_du alpha_pr  ls
2860  8.6863482e-04 4.51e-03 3.44e-01  -4.0 6.73e-02    -  1.00e+00 1.00e+00h  1
2861  7.6378670e-04 1.10e-03 8.63e-02  -4.1 3.32e-02    -  1.00e+00 1.00e+00h  1
2862  7.2903295e-04 2.99e-04 1.98e-02  -4.1 1.99e-02    -  1.00e+00 1.00e+00h  1
2863  7.1956060e-04 1.63e-04 9.87e-03  -4.1 1.36e-02    -  1.00e+00 1.00e+00h  1
2864  7.1152116e-04 6.74e-05 8.43e-03  -4.1 9.98e-03    -  1.00e+00 1.00e+00h  1
2865  7.1776711e-04 2.20e-05 4.48e-03  -4.1 5.69e-03    -  1.00e+00 1.00e+00h  1
2866  7.1243948e-04 4.64e-06 2.09e-03  -4.1 2.37e-03    -  1.00e+00 1.00e+00h  1
2867  7.1210516e-04 9.49e-07 2.06e-03  -4.1 8.84e-04    -  1.00e+00 1.00e+00h  1
2868  7.1215430e-04 6.26e-07 2.55e-03  -4.1 9.94e-04    -  1.00e+00 1.00e+00h  1
2869  7.1160178e-04 4.91e-07 1.32e-03  -4.1 6.67e-04    -  1.00e+00 1.00e+00h  1
iter    objective    inf_pr   inf_du lg(mu)  ||d||  lg(rg) alpha_du alpha_pr  ls
2870  7.1177622e-04 7.79e-08 3.44e-04  -4.1 3.32e-04    -  1.00e+00 1.00e+00h  1
2871  7.1154754e-04 3.93e-08 1.01e-03  -6.1 2.54e-04    -  1.00e+00 1.00e+00h  1
2872  7.0313956e-04 1.32e-04 1.15e-03  -6.1 1.46e-02    -  1.00e+00 1.00e+00h  1
2873  7.1036338e-04 3.39e-05 5.93e-04  -5.9 6.48e-03    -  1.00e+00 1.00e+00h  1
2874  7.0792454e-04 1.14e-05 9.57e-04  -6.0 4.48e-03    -  1.00e+00 1.00e+00h  1
2875  9.7830633e-04 9.92e-03 2.22e-01  -4.0 2.43e-01    -  1.00e+00 5.00e-01h  2
2876  7.9087210e-04 2.61e-03 3.96e-02  -4.1 6.18e-02    -  1.00e+00 1.00e+00h  1
2877  8.5526270e-04 7.94e-04 8.53e-03  -4.1 3.48e-02    -  1.00e+00 1.00e+00h  1
2878  8.4727663e-04 9.47e-04 1.82e-03  -4.1 3.82e-02    -  1.00e+00 1.00e+00h  1
2879  8.8257644e-04 3.14e-04 2.43e-03  -4.1 2.26e-02    -  1.00e+00 1.00e+00h  1
iter    objective    inf_pr   inf_du lg(mu)  ||d||  lg(rg) alpha_du alpha_pr  ls
2880  8.7122014e-04 1.22e-04 1.20e-02  -4.1 1.40e-02    -  1.00e+00 9.05e-01h  1
2881  7.1328756e-04 1.73e-04 8.61e-04  -4.1 1.67e-02    -  1.00e+00 1.00e+00f  1
2882  7.2555586e-04 1.56e-06 1.10e-03  -4.1 1.25e-03    -  1.00e+00 1.00e+00h  1
2883  7.1083093e-04 4.70e-06 1.10e-02  -4.1 2.77e-03    -  1.00e+00 1.00e+00h  1
2884  7.2862150e-04 1.38e-05 9.30e-03  -4.1 4.38e-03    -  1.00e+00 1.00e+00h  1
2885  7.1176904e-04 5.21e-06 2.16e-03  -4.1 2.56e-03    -  1.00e+00 1.00e+00h  1
2886  7.1219120e-04 4.68e-07 1.49e-03  -4.1 6.11e-04    -  1.00e+00 1.00e+00h  1
2887  7.1208859e-04 4.16e-08 6.89e-04  -4.1 2.10e-04    -  1.00e+00 1.00e+00h  1
2888  7.1183317e-04 5.94e-08 7.92e-04  -6.1 2.89e-04    -  1.00e+00 1.00e+00h  1
2889  7.0841201e-04 6.72e-05 2.71e-03  -6.1 3.68e-02    -  1.00e+00 2.50e-01h  3
iter    objective    inf_pr   inf_du lg(mu)  ||d||  lg(rg) alpha_du alpha_pr  ls
2890  7.0604597e-04 5.12e-05 1.84e-02  -6.1 3.38e-03    -  1.00e+00 2.49e-01h  2
2891  7.0679349e-04 6.76e-06 5.39e-04  -6.1 2.88e-03    -  1.00e+00 1.00e+00h  1
2892  8.4285686e-04 9.53e-04 2.28e-01  -4.0 1.50e-01    -  1.00e+00 2.50e-01h  3
2893  8.3504223e-04 4.25e-04 7.15e-03  -4.1 2.38e-02    -  1.00e+00 1.00e+00h  1
2894  7.8357924e-04 8.19e-04 3.94e-03  -4.1 3.51e-02    -  1.00e+00 1.00e+00h  1
2895  7.2455750e-04 7.10e-04 2.61e-03  -4.1 3.16e-02    -  1.00e+00 1.00e+00h  1
2896  7.6764704e-04 6.86e-05 2.32e-03  -4.1 1.13e-02    -  1.00e+00 1.00e+00h  1
2897  7.2896379e-04 2.37e-04 2.11e-02  -4.1 2.05e-02    -  1.00e+00 1.00e+00h  1
2898  7.3243226e-04 1.26e-04 3.48e-03  -4.1 1.29e-02    -  1.00e+00 1.00e+00h  1
2899  7.1490836e-04 7.62e-05 9.93e-03  -4.1 9.64e-03    -  1.00e+00 1.00e+00h  1
iter    objective    inf_pr   inf_du lg(mu)  ||d||  lg(rg) alpha_du alpha_pr  ls
2900  7.1321020e-04 3.88e-05 6.14e-03  -4.1 6.96e-03    -  1.00e+00 1.00e+00h  1
2901  7.0964811e-04 8.05e-06 4.94e-03  -4.1 4.02e-03    -  1.00e+00 1.00e+00h  1
2902  7.1247957e-04 5.92e-06 6.51e-03  -4.1 2.79e-03    -  1.00e+00 1.00e+00h  1
2903  7.1217203e-04 6.11e-06 5.80e-03  -4.1 3.11e-03    -  1.00e+00 1.00e+00h  1
2904  7.1112003e-04 1.99e-06 1.51e-03  -4.1 1.43e-03    -  1.00e+00 1.00e+00h  1
2905  7.1146862e-04 1.58e-07 2.00e-04  -4.1 4.56e-04    -  1.00e+00 1.00e+00h  1
2906  7.1118451e-04 1.19e-07 1.13e-03  -6.1 3.62e-04    -  1.00e+00 1.00e+00h  1
2907  7.2381732e-04 7.07e-05 4.94e-01  -4.0 1.83e-02    -  1.00e+00 5.00e-01h  2
2908  7.1663309e-04 3.63e-05 5.37e-03  -4.1 6.59e-03    -  1.00e+00 1.00e+00h  1
2909  7.4287971e-04 6.23e-06 4.61e-01  -4.1 1.25e-02    -  1.00e+00 4.90e-01H  1
iter    objective    inf_pr   inf_du lg(mu)  ||d||  lg(rg) alpha_du alpha_pr  ls
2910  7.0990085e-04 1.00e-05 9.49e-03  -4.1 3.38e-03    -  1.00e+00 1.00e+00f  1
2911  7.1294174e-04 3.06e-05 5.60e-03  -4.1 6.08e-03    -  1.00e+00 1.00e+00h  1
2912  7.1136182e-04 1.32e-06 5.92e-04  -4.1 1.28e-03    -  1.00e+00 1.00e+00h  1
2913  7.1115724e-04 1.37e-07 1.11e-03  -6.1 4.10e-04    -  1.00e+00 1.00e+00h  1
2914  7.1267051e-04 2.63e-06 6.99e-03  -4.0 1.86e-03    -  1.00e+00 1.00e+00h  1
2915  7.1163315e-04 7.66e-07 1.18e-03  -4.1 1.04e-03    -  1.00e+00 1.00e+00h  1
2916  7.1135069e-04 1.34e-07 7.72e-04  -4.1 4.24e-04    -  1.00e+00 1.00e+00h  1
2917  7.1109050e-04 1.53e-07 1.50e-03  -6.1 4.62e-04    -  1.00e+00 1.00e+00h  1
2918  7.2251749e-04 1.03e-04 8.56e-01  -4.0 9.69e-02    -  1.00e+00 1.25e-01h  4
2919  7.1192559e-04 8.78e-05 1.98e-03  -4.1 1.09e-02    -  1.00e+00 1.00e+00h  1
iter    objective    inf_pr   inf_du lg(mu)  ||d||  lg(rg) alpha_du alpha_pr  ls
2920  7.1098217e-04 8.74e-05 3.21e-01  -4.1 4.41e-02    -  1.00e+00 6.25e-02h  5
2921  7.1649938e-04 1.96e-05 1.73e-02  -4.1 7.09e-03    -  1.00e+00 1.00e+00h  1
2922  7.1202321e-04 1.88e-05 4.13e-03  -4.1 5.76e-03    -  1.00e+00 1.00e+00h  1
2923  7.1003913e-04 1.10e-06 1.44e-02  -4.1 4.43e-03    -  1.00e+00 1.00e+00H  1
2924  7.1171641e-04 1.23e-06 1.65e-03  -4.1 3.60e-03    -  1.00e+00 1.00e+00H  1
2925  7.1671232e-04 5.05e-07 3.93e-03  -4.1 9.45e-04    -  1.00e+00 1.00e+00h  1
2926  7.1139604e-04 6.76e-07 3.32e-04  -4.1 9.42e-04    -  1.00e+00 1.00e+00h  1
2927  7.1110639e-04 1.44e-07 1.76e-03  -6.1 4.42e-04    -  1.00e+00 1.00e+00h  1
2928  7.2032986e-04 1.65e-05 9.01e-01  -4.0 8.17e-02    -  1.00e+00 6.25e-02h  5
2929  7.0975412e-04 2.95e-05 6.83e-04  -4.1 7.07e-03    -  1.00e+00 1.00e+00h  1
iter    objective    inf_pr   inf_du lg(mu)  ||d||  lg(rg) alpha_du alpha_pr  ls
2930  1.0206222e-03 1.11e-05 1.82e-03  -6.1 3.51e-03    -  1.00e+00 1.00e+00h  1
2931  7.0655321e-04 2.24e-05 6.18e-04  -6.1 5.82e-03    -  1.00e+00 1.00e+00h  1
2932  7.0637326e-04 4.93e-08 4.16e-05  -6.1 2.50e-04    -  1.00e+00 1.00e+00h  1
2933  9.8330285e-04 2.07e-03 2.33e-01  -4.0 1.16e-01    -  1.00e+00 5.00e-01f  2
2934  1.4040326e-03 9.12e-04 2.73e-02  -4.1 3.71e-02    -  1.00e+00 1.00e+00h  1
2935  7.5664328e-04 2.39e-04 3.64e-03  -4.1 2.19e-02    -  1.00e+00 1.00e+00h  1
2936  7.1396583e-04 1.08e-05 2.11e-03  -4.1 3.62e-03    -  1.00e+00 1.00e+00h  1
2937  7.0565179e-04 3.81e-05 3.19e-02  -4.1 1.04e-02    -  1.00e+00 1.00e+00h  1
2938  7.1062192e-04 2.90e-05 5.13e-03  -4.0 6.67e-03    -  1.00e+00 1.00e+00h  1
2939  7.1504414e-04 1.37e-05 1.35e-02  -4.1 3.63e-03    -  1.00e+00 1.00e+00h  1
iter    objective    inf_pr   inf_du lg(mu)  ||d||  lg(rg) alpha_du alpha_pr  ls
2940  7.1155696e-04 9.33e-06 1.50e-03  -4.1 3.58e-03    -  1.00e+00 1.00e+00h  1
2941  7.1141146e-04 4.20e-08 3.91e-04  -4.1 2.71e-04    -  1.00e+00 1.00e+00h  1
2942  7.1110960e-04 4.66e-08 1.12e-03  -6.1 3.29e-04    -  1.00e+00 1.00e+00h  1
2943  7.5277261e-04 3.01e-04 8.10e-01  -4.0 2.18e-01    -  1.00e+00 1.25e-01h  4
2944  8.2109222e-04 1.07e-04 6.44e-03  -4.1 1.40e-02    -  1.00e+00 1.00e+00h  1
2945  7.3539884e-04 3.06e-04 9.48e-04  -4.1 2.72e-02    -  1.00e+00 1.00e+00h  1
2946  7.4777457e-04 1.78e-04 2.99e-03  -4.1 1.97e-02    -  1.00e+00 1.00e+00h  1
2947  7.2161481e-04 3.24e-05 1.50e-03  -4.1 8.08e-03    -  1.00e+00 1.00e+00h  1
2948  7.1740947e-04 2.88e-05 1.33e-02  -4.1 8.02e-03    -  1.00e+00 1.00e+00h  1
2949  7.4833006e-04 2.65e-05 4.11e-03  -4.1 7.88e-03    -  1.00e+00 1.00e+00h  1
iter    objective    inf_pr   inf_du lg(mu)  ||d||  lg(rg) alpha_du alpha_pr  ls
2950  7.1242776e-04 7.68e-06 5.12e-03  -4.1 3.14e-03    -  1.00e+00 1.00e+00h  1
2951  7.1162028e-04 3.30e-06 6.91e-03  -4.1 2.01e-03    -  1.00e+00 1.00e+00h  1
2952  7.1117637e-04 7.73e-07 7.49e-04  -4.1 8.66e-04    -  1.00e+00 1.00e+00h  1
2953  7.1074764e-04 1.04e-07 1.20e-03  -6.1 4.21e-04    -  1.00e+00 1.00e+00h  1
2954  7.1038886e-04 5.02e-07 5.02e-03  -6.1 1.49e-02    -  1.00e+00 6.25e-02h  5
2955  7.0512420e-04 1.89e-05 1.91e-04  -6.1 6.26e-03    -  1.00e+00 1.00e+00h  1
2956  9.0377831e-04 3.16e-04 8.93e-02  -4.0 9.78e-02    -  1.00e+00 2.50e-01h  3
2957  7.0853531e-04 1.98e-04 3.19e-04  -4.1 1.97e-02    -  1.00e+00 1.00e+00h  1
2958  7.0754572e-04 1.53e-07 1.92e-04  -6.1 1.11e-03    -  1.00e+00 1.00e+00h  1
2959  7.0633020e-04 6.74e-07 2.51e-05  -6.1 1.24e-03    -  1.00e+00 1.00e+00h  1
iter    objective    inf_pr   inf_du lg(mu)  ||d||  lg(rg) alpha_du alpha_pr  ls
2960  8.1658707e-04 1.85e-04 3.78e-01  -4.0 8.60e-02    -  1.00e+00 2.50e-01h  3
2961  7.2757099e-04 9.14e-05 3.08e-03  -4.1 1.54e-02    -  1.00e+00 1.00e+00h  1
2962  8.2843465e-04 3.67e-05 7.40e-02  -4.1 1.44e-02    -  1.00e+00 6.67e-01H  1
2963  7.1542322e-04 2.48e-05 4.58e-03  -4.1 7.22e-03    -  1.00e+00 1.00e+00f  1
2964  7.1266785e-04 1.73e-05 2.73e-02  -4.1 9.07e-03    -  1.00e+00 5.00e-01h  2
2965  7.1011874e-04 2.79e-06 4.03e-03  -4.1 2.80e-03    -  1.00e+00 1.00e+00h  1
2966  7.1168766e-04 2.54e-06 3.84e-03  -4.1 1.99e-03    -  1.00e+00 1.00e+00h  1
2967  7.1158810e-04 1.48e-06 4.09e-03  -4.1 1.45e-03    -  1.00e+00 1.00e+00h  1
2968  7.1122435e-04 3.01e-07 8.29e-04  -4.1 7.79e-04    -  1.00e+00 1.00e+00h  1
2969  7.1128013e-04 1.53e-09 6.01e-05  -4.1 5.26e-05    -  1.00e+00 1.00e+00h  1
iter    objective    inf_pr   inf_du lg(mu)  ||d||  lg(rg) alpha_du alpha_pr  ls
2970  7.1133997e-04 4.37e-09 1.62e-04  -4.0 8.40e-05    -  1.00e+00 1.00e+00h  1
2971  7.1130038e-04 7.74e-10 2.15e-04  -4.1 4.20e-05    -  1.00e+00 1.00e+00h  1
2972  7.1132772e-04 8.33e-10 1.08e-04  -4.0 3.86e-05    -  1.00e+00 1.00e+00h  1
2973  7.1132408e-04 9.86e-10 1.80e-04  -4.0 4.34e-05    -  1.00e+00 1.00e+00h  1
2974  7.1117793e-04 7.13e-10 1.53e-03  -4.1 4.71e-04    -  1.00e+00 1.00e+00H  1
2975  7.1142962e-04 2.02e-07 2.18e-03  -4.0 6.49e-04    -  1.00e+00 1.00e+00h  1
2976  7.1132208e-04 1.04e-07 7.22e-04  -4.1 4.06e-04    -  1.00e+00 1.00e+00h  1
2977  7.1106388e-04 3.98e-08 1.09e-03  -6.1 2.81e-04    -  1.00e+00 1.00e+00h  1
2978  7.1026917e-04 7.49e-06 1.69e-03  -6.1 1.24e-02    -  1.00e+00 2.50e-01h  3
2979  7.0182086e-04 8.53e-05 5.42e-02  -6.1 8.15e-02    -  1.00e+00 1.31e-01h  1
iter    objective    inf_pr   inf_du lg(mu)  ||d||  lg(rg) alpha_du alpha_pr  ls
2980  7.7573293e-04 6.18e-04 6.24e-03  -4.0 3.18e-02    -  1.00e+00 1.00e+00f  1
2981  7.0398423e-04 6.22e-04 3.11e-03  -4.1 2.91e-02    -  1.00e+00 1.00e+00h  1
2982  1.3527191e-03 4.71e-04 4.39e-03  -4.1 4.19e-02    -  1.00e+00 5.00e-01h  2
2983  7.0309676e-04 2.37e-04 2.53e-03  -4.1 2.03e-02    -  1.00e+00 1.00e+00h  1
2984  7.5550596e-04 1.92e-04 6.58e-03  -4.1 1.82e-02    -  1.00e+00 1.00e+00h  1
2985  7.3488208e-04 7.33e-05 2.07e-03  -4.1 1.02e-02    -  1.00e+00 1.00e+00h  1
2986  7.2349803e-04 5.77e-05 2.44e-02  -4.1 1.08e-02    -  1.00e+00 1.00e+00h  1
2987  7.0983195e-04 3.53e-05 7.06e-03  -4.1 9.59e-03    -  1.00e+00 1.00e+00h  1
2988  7.1903375e-04 1.39e-04 1.92e-02  -4.1 1.50e-02    -  1.00e+00 1.00e+00h  1
2989  7.1086556e-04 6.75e-05 9.00e-04  -4.1 1.02e-02    -  1.00e+00 1.00e+00h  1
iter    objective    inf_pr   inf_du lg(mu)  ||d||  lg(rg) alpha_du alpha_pr  ls
2990  7.1079890e-04 4.18e-07 7.86e-04  -4.1 7.21e-04    -  1.00e+00 1.00e+00h  1
2991  7.0999182e-04 3.37e-07 7.97e-04  -6.1 8.17e-04    -  1.00e+00 1.00e+00h  1
2992  7.0950433e-04 7.96e-07 1.72e-02  -6.1 2.33e-02    -  1.00e+00 4.16e-02h  5
2993  7.0465985e-04 2.06e-05 8.60e-04  -6.1 6.23e-03    -  1.00e+00 1.00e+00h  1
2994  9.7621478e-04 4.41e-04 3.73e-02  -4.0 6.44e-02    -  1.00e+00 5.00e-01h  2
2995  7.3201768e-04 1.78e-04 2.84e-03  -4.1 1.97e-02    -  1.00e+00 1.00e+00h  1
2996  7.4027949e-04 8.04e-05 9.70e-02  -4.1 3.25e-02    -  1.00e+00 4.35e-01H  1
2997  7.0739008e-04 4.58e-05 2.37e-03  -4.1 1.13e-02    -  1.00e+00 1.00e+00f  1
2998  7.1399832e-04 4.58e-05 5.78e-02  -4.1 1.38e-02    -  1.00e+00 5.00e-01h  2
2999  7.1013525e-04 2.82e-05 6.95e-03  -4.1 5.63e-03    -  1.00e+00 1.00e+00h  1
iter    objective    inf_pr   inf_du lg(mu)  ||d||  lg(rg) alpha_du alpha_pr  ls
3000  7.1016833e-04 2.73e-05 9.82e-03  -4.1 5.59e-03    -  1.00e+00 1.00e+00h  1
3001  7.1268440e-04 1.27e-05 7.11e-03  -4.1 4.67e-03    -  1.00e+00 1.00e+00h  1
3002  7.1030542e-04 2.55e-06 3.10e-03  -4.1 2.02e-03    -  1.00e+00 1.00e+00h  1
3003  7.1123166e-04 6.29e-07 1.11e-03  -4.1 1.08e-03    -  1.00e+00 1.00e+00h  1
3004  7.1112485e-04 1.43e-07 3.64e-04  -4.1 4.34e-04    -  1.00e+00 1.00e+00h  1
3005  7.1080733e-04 2.90e-08 1.23e-03  -6.1 2.72e-04    -  1.00e+00 1.00e+00h  1
3006  7.1480019e-04 3.01e-06 1.55e-02  -4.0 3.19e-03    -  1.00e+00 1.00e+00h  1
3007  7.1219041e-04 1.56e-06 3.54e-03  -4.1 2.22e-03    -  1.00e+00 1.00e+00h  1
3008  7.2587753e-04 1.13e-06 3.62e-03  -4.1 2.19e-03    -  1.00e+00 1.00e+00h  1
3009  7.1093074e-04 3.18e-07 2.62e-04  -4.1 1.30e-03    -  1.00e+00 1.00e+00h  1
iter    objective    inf_pr   inf_du lg(mu)  ||d||  lg(rg) alpha_du alpha_pr  ls
3010  7.1064631e-04 2.11e-08 9.76e-04  -6.1 2.73e-04    -  1.00e+00 1.00e+00h  1
3011  7.2267514e-04 1.45e-05 7.23e-01  -4.0 1.94e-02    -  1.00e+00 2.50e-01h  3
3012  7.1067202e-04 1.49e-05 3.14e-04  -4.1 5.16e-03    -  1.00e+00 1.00e+00h  1
3013  7.5802695e-04 4.38e-07 9.58e-04  -6.1 1.48e-03    -  1.00e+00 1.00e+00h  1
3014  7.0939377e-04 9.56e-07 9.24e-04  -6.1 1.23e-03    -  1.00e+00 1.00e+00h  1
3015  7.0847840e-04 2.23e-07 9.05e-04  -6.1 8.28e-04    -  1.00e+00 1.00e+00h  1
3016  7.0659613e-04 2.61e-06 5.10e-02  -6.1 3.96e-02    -  1.00e+00 7.99e-02h  2
3017  7.0581861e-04 1.03e-06 1.64e-04  -6.1 1.20e-03    -  1.00e+00 1.00e+00h  1
3018  8.4929638e-04 1.94e-03 8.96e-02  -4.0 8.77e-02    -  1.00e+00 1.00e+00f  1
3019  7.9329931e-04 4.87e-04 2.30e-02  -4.1 4.38e-02    -  1.00e+00 1.00e+00h  1
iter    objective    inf_pr   inf_du lg(mu)  ||d||  lg(rg) alpha_du alpha_pr  ls
3020  1.0587436e-03 7.98e-04 2.26e-03  -4.1 3.10e-02    -  1.00e+00 1.00e+00h  1
3021  7.7276714e-04 3.70e-04 6.41e-03  -4.1 2.19e-02    -  1.00e+00 1.00e+00h  1
3022  7.6710554e-04 2.37e-04 4.22e-02  -4.1 2.46e-02    -  1.00e+00 5.00e-01h  2
3023  7.0843565e-04 4.88e-04 1.40e-02  -4.1 2.58e-02    -  1.00e+00 1.00e+00h  1
3024  7.3609147e-04 3.09e-04 8.08e-03  -4.1 1.69e-02    -  1.00e+00 5.00e-01h  2
3025  7.1609837e-04 2.49e-04 3.52e-02  -4.1 2.73e-02    -  1.00e+00 5.00e-01h  2
3026  7.0842122e-04 1.49e-05 1.22e-03  -4.1 5.03e-03    -  1.00e+00 1.00e+00h  1
3027  7.2028868e-04 9.60e-05 3.00e-02  -4.1 1.32e-02    -  1.00e+00 1.00e+00h  1
3028  7.1251803e-04 3.34e-05 4.98e-03  -4.1 7.98e-03    -  1.00e+00 1.00e+00h  1
3029  7.1153342e-04 2.12e-05 1.23e-02  -4.1 4.70e-03    -  1.00e+00 1.00e+00h  1
iter    objective    inf_pr   inf_du lg(mu)  ||d||  lg(rg) alpha_du alpha_pr  ls
3030  7.1017398e-04 1.33e-05 5.39e-03  -4.1 4.28e-03    -  1.00e+00 1.00e+00h  1
3031  7.1138163e-04 1.83e-06 2.23e-03  -4.1 1.55e-03    -  1.00e+00 1.00e+00h  1
3032  7.1080542e-04 2.19e-07 6.69e-04  -4.1 5.83e-04    -  1.00e+00 1.00e+00h  1
3033  7.1055391e-04 4.17e-08 1.13e-03  -6.1 2.61e-04    -  1.00e+00 1.00e+00h  1
3034  7.3365419e-04 1.25e-04 8.24e-01  -4.0 2.27e-01    -  1.00e+00 6.25e-02h  5
3035  7.1697066e-04 5.18e-05 2.16e-03  -4.1 8.79e-03    -  1.00e+00 1.00e+00h  1
3036  7.2743112e-04 7.02e-06 6.65e-01  -4.1 4.88e-02    -  1.00e+00 8.28e-02H  1
3037  7.2221273e-04 1.05e-05 1.49e-03  -4.1 3.49e-03    -  1.00e+00 1.00e+00f  1
3038  7.3490291e-04 2.57e-04 3.62e-02  -4.1 2.03e-02    -  1.00e+00 1.00e+00h  1
3039  7.1836969e-04 8.42e-05 8.33e-03  -4.1 1.17e-02    -  1.00e+00 1.00e+00h  1
iter    objective    inf_pr   inf_du lg(mu)  ||d||  lg(rg) alpha_du alpha_pr  ls
3040  7.1746399e-04 5.62e-05 2.55e-02  -4.1 8.56e-03    -  1.00e+00 5.00e-01h  2
3041  7.0979723e-04 9.00e-06 7.33e-03  -4.1 4.00e-03    -  1.00e+00 1.00e+00h  1
3042  7.1221658e-04 1.02e-05 5.66e-03  -4.1 4.07e-03    -  1.00e+00 1.00e+00h  1
3043  7.1071599e-04 1.73e-06 1.05e-03  -4.1 1.64e-03    -  1.00e+00 1.00e+00h  1
3044  7.1088929e-04 5.39e-08 2.21e-04  -4.1 2.63e-04    -  1.00e+00 1.00e+00h  1
3045  7.1056889e-04 7.13e-08 1.30e-03  -6.1 2.83e-04    -  1.00e+00 1.00e+00h  1
3046  7.0874046e-04 1.57e-04 2.86e-03  -6.1 2.84e-02    -  1.00e+00 5.00e-01h  2
3047  7.0417633e-04 5.05e-05 3.34e-04  -6.1 7.65e-03    -  1.00e+00 1.00e+00h  1
3048  9.2155904e-04 5.02e-03 5.77e-02  -4.0 8.70e-02    -  1.00e+00 1.00e+00f  1
3049  2.5717959e-03 1.45e-03 1.97e-02  -4.1 4.27e-02    -  1.00e+00 1.00e+00h  1
iter    objective    inf_pr   inf_du lg(mu)  ||d||  lg(rg) alpha_du alpha_pr  ls
3050  7.7376269e-04 5.47e-04 2.18e-03  -4.1 3.22e-02    -  1.00e+00 1.00e+00h  1
3051  7.1399804e-04 5.26e-06 1.59e-03  -4.1 2.66e-03    -  1.00e+00 1.00e+00h  1
3052  6.9116145e-04 5.24e-04 1.14e-01  -4.1 2.78e-02    -  1.00e+00 1.00e+00h  1
3053  7.0123422e-04 1.55e-04 2.99e-02  -4.0 1.34e-02    -  1.00e+00 1.00e+00h  1
3054  7.3937257e-04 6.67e-05 1.19e-02  -4.0 1.08e-02    -  1.00e+00 1.00e+00h  1
3055  7.5508053e-04 4.00e-05 9.46e-03  -4.1 8.27e-03    -  1.00e+00 1.00e+00h  1
3056  7.0977928e-04 2.26e-05 4.82e-03  -4.1 6.27e-03    -  1.00e+00 1.00e+00h  1
3057  7.1130812e-04 7.01e-06 6.26e-03  -4.1 2.37e-03    -  1.00e+00 1.00e+00h  1
3058  7.1099910e-04 2.88e-06 3.22e-03  -4.1 1.97e-03    -  1.00e+00 1.00e+00h  1
3059  7.1075827e-04 2.59e-07 7.56e-04  -4.1 6.61e-04    -  1.00e+00 1.00e+00h  1
iter    objective    inf_pr   inf_du lg(mu)  ||d||  lg(rg) alpha_du alpha_pr  ls
3060  7.1041874e-04 6.95e-08 1.16e-03  -6.1 3.57e-04    -  1.00e+00 1.00e+00h  1
3061  7.2261873e-04 2.47e-05 8.59e-01  -4.0 2.10e-01    -  1.00e+00 3.12e-02h  6
3062  7.0970271e-04 2.86e-05 1.02e-03  -4.1 7.24e-03    -  1.00e+00 1.00e+00h  1
3063  7.2080780e-04 1.09e-05 8.03e-01  -4.1 5.71e-02    -  1.00e+00 3.40e-02H  1
3064  7.1360132e-04 2.65e-06 1.11e-02  -4.1 2.01e-03    -  9.87e-01 1.00e+00f  1
3065  6.9848540e-04 5.59e-03 4.95e-01  -4.1 1.07e-01    -  1.00e+00 1.00e+00h  1
3066  6.7608422e-04 1.39e-03 1.24e-01  -4.1 5.34e-02    -  1.00e+00 1.00e+00h  1
3067  6.9112898e-04 4.04e-04 2.98e-02  -4.0 2.77e-02    -  1.00e+00 1.00e+00h  1
3068  7.0504964e-04 1.40e-04 6.46e-03  -4.0 1.55e-02    -  1.00e+00 1.00e+00h  1
3069  7.2564645e-04 1.70e-04 1.31e-02  -4.1 1.21e-02    -  1.00e+00 1.00e+00h  1
iter    objective    inf_pr   inf_du lg(mu)  ||d||  lg(rg) alpha_du alpha_pr  ls
3070  7.1940826e-04 8.29e-05 3.84e-03  -4.1 1.01e-02    -  1.00e+00 1.00e+00h  1
3071  7.1145473e-04 3.18e-06 3.48e-03  -4.1 1.71e-03    -  1.00e+00 1.00e+00h  1
3072  7.1345072e-04 1.33e-05 1.08e-02  -4.1 4.42e-03    -  1.00e+00 1.00e+00h  1
3073  7.1102807e-04 7.15e-06 1.69e-03  -4.1 2.75e-03    -  1.00e+00 1.00e+00h  1
3074  7.1002580e-04 2.57e-06 6.26e-03  -4.1 2.06e-03    -  1.00e+00 1.00e+00h  1
3075  7.1081275e-04 1.46e-06 2.67e-04  -4.1 1.54e-03    -  1.00e+00 1.00e+00h  1
3076  7.1051176e-04 6.51e-08 1.17e-03  -6.1 2.99e-04    -  1.00e+00 1.00e+00h  1
3077  7.1335482e-04 8.48e-07 8.84e-01  -4.0 2.27e-02    -  1.00e+00 6.25e-02h  5
3078  7.0498379e-04 6.66e-05 2.36e-02  -4.1 1.06e-02    -  1.00e+00 1.00e+00h  1
3079  7.0942937e-04 3.40e-05 3.87e-03  -4.1 7.27e-03    -  1.00e+00 1.00e+00h  1
iter    objective    inf_pr   inf_du lg(mu)  ||d||  lg(rg) alpha_du alpha_pr  ls
3080  7.1480917e-04 1.88e-05 7.89e-02  -4.1 4.06e-03    -  1.00e+00 5.00e-01h  2
3081  7.1232336e-04 7.50e-07 3.07e-03  -4.1 8.83e-04    -  1.00e+00 1.00e+00h  1
3082  7.1041026e-04 9.09e-07 1.77e-03  -4.1 1.11e-03    -  1.00e+00 1.00e+00h  1
3083  7.1087322e-04 1.06e-07 5.43e-04  -4.1 4.55e-04    -  1.00e+00 1.00e+00h  1
3084  7.1058338e-04 6.93e-08 1.16e-03  -6.1 2.81e-04    -  1.00e+00 1.00e+00h  1
3085  7.0945443e-04 2.78e-06 2.82e-03  -6.1 8.50e-03    -  1.00e+00 2.50e-01h  3
3086  7.0245611e-04 2.47e-05 6.62e-03  -6.1 1.40e-02    -  1.00e+00 5.19e-01h  1
3087  1.1957006e-03 7.62e-04 5.13e-02  -4.0 8.55e-02    -  1.00e+00 5.00e-01f  2
3088  7.3653737e-04 2.95e-04 4.31e-03  -4.1 2.56e-02    -  1.00e+00 1.00e+00h  1
3089  7.0817252e-04 6.34e-04 7.48e-03  -4.1 3.82e-02    -  1.00e+00 1.00e+00h  1
iter    objective    inf_pr   inf_du lg(mu)  ||d||  lg(rg) alpha_du alpha_pr  ls
3090  7.0876429e-04 2.65e-04 2.70e-04  -4.1 2.48e-02    -  1.00e+00 1.00e+00h  1
3091  7.2039075e-04 8.09e-06 8.37e-04  -6.1 3.06e-03    -  1.00e+00 1.00e+00h  1
3092  7.0606062e-04 3.15e-06 6.86e-04  -6.1 2.33e-03    -  1.00e+00 1.00e+00h  1
3093  7.0545852e-04 2.26e-07 7.66e-05  -6.1 7.92e-04    -  1.00e+00 1.00e+00h  1
3094  1.0484446e-03 6.59e-03 2.51e-01  -4.0 1.01e-01    -  1.00e+00 1.00e+00f  1
3095  7.9690866e-04 1.79e-03 6.37e-02  -4.1 5.02e-02    -  1.00e+00 1.00e+00h  1
3096  1.5319385e-03 3.26e-04 8.05e-03  -4.1 2.69e-02    -  1.00e+00 1.00e+00h  1
3097  7.4043507e-04 1.25e-04 7.32e-03  -4.1 9.86e-03    -  1.00e+00 1.00e+00h  1
3098  7.0778026e-04 9.32e-05 5.72e-03  -4.1 1.55e-02    -  1.00e+00 1.00e+00h  1
3099  7.9251270e-04 9.78e-05 1.26e-02  -4.1 1.45e-02    -  1.00e+00 1.00e+00h  1
iter    objective    inf_pr   inf_du lg(mu)  ||d||  lg(rg) alpha_du alpha_pr  ls
3100  7.1134997e-04 6.49e-05 3.30e-03  -4.1 1.07e-02    -  1.00e+00 1.00e+00h  1
3101  7.1122224e-04 3.71e-06 3.83e-03  -4.1 2.42e-03    -  1.00e+00 1.00e+00h  1
3102  7.1106575e-04 1.58e-06 2.60e-03  -4.1 1.58e-03    -  1.00e+00 1.00e+00h  1
3103  7.1116729e-04 2.39e-07 2.93e-04  -4.1 6.68e-04    -  1.00e+00 1.00e+00h  1
3104  7.1050178e-04 3.18e-07 7.99e-04  -6.1 7.32e-04    -  1.00e+00 1.00e+00h  1
3105  7.0649701e-04 6.52e-05 4.48e-02  -6.1 8.43e-02    -  1.00e+00 1.41e-01h  2
3106  7.0431782e-04 4.11e-05 2.21e-03  -6.1 5.60e-03    -  1.00e+00 5.00e-01h  2
3107  7.0508930e-04 2.51e-05 4.79e-03  -6.1 3.85e-03    -  1.00e+00 5.00e-01h  2
3108  7.0543832e-04 2.62e-06 1.88e-04  -6.1 1.81e-03    -  1.00e+00 1.00e+00h  1
3109  9.1232402e-04 7.84e-03 2.75e-01  -4.0 1.15e-01    -  1.00e+00 1.00e+00f  1
iter    objective    inf_pr   inf_du lg(mu)  ||d||  lg(rg) alpha_du alpha_pr  ls
3110  7.8346296e-04 2.01e-03 6.86e-02  -4.1 5.78e-02    -  1.00e+00 1.00e+00h  1
3111  1.0861708e-03 8.33e-04 1.51e-02  -4.1 2.88e-02    -  1.00e+00 1.00e+00h  1
3112  7.2305262e-04 4.09e-04 6.53e-03  -4.1 2.16e-02    -  1.00e+00 1.00e+00h  1
3113  7.1981882e-04 1.80e-05 3.98e-03  -4.1 4.53e-03    -  1.00e+00 1.00e+00h  1
3114  7.1673509e-04 6.64e-06 7.14e-03  -4.1 3.02e-03    -  1.00e+00 1.00e+00h  1
3115  7.1588582e-04 1.17e-05 9.34e-03  -4.1 4.28e-03    -  1.00e+00 1.00e+00h  1
3116  7.1431272e-04 3.85e-06 3.13e-03  -4.1 2.57e-03    -  1.00e+00 1.00e+00h  1
3117  7.1396885e-04 4.88e-07 2.12e-03  -4.1 6.01e-04    -  1.00e+00 1.00e+00h  1
3118  7.1298411e-04 2.45e-08 8.49e-03  -4.1 1.94e-03    -  1.00e+00 1.00e+00H  1
3119  7.1434496e-04 1.64e-09 1.69e-02  -4.1 2.67e-03    -  1.00e+00 1.00e+00H  1
iter    objective    inf_pr   inf_du lg(mu)  ||d||  lg(rg) alpha_du alpha_pr  ls
3120  7.1433523e-04 5.02e-09 1.24e-02  -4.1 8.94e-04    -  1.00e+00 1.00e+00H  1
3121  7.1130687e-04 3.95e-07 8.12e-04  -4.1 6.99e-04    -  1.00e+00 1.00e+00h  1
3122  7.1097940e-04 3.86e-07 1.43e-03  -6.1 5.80e-04    -  1.00e+00 1.00e+00h  1
3123  7.1067234e-04 6.39e-05 1.23e-03  -6.1 8.15e-03    -  1.00e+00 1.00e+00h  1
3124  7.0812652e-04 5.03e-05 1.85e-02  -6.1 1.45e-02    -  1.00e+00 1.81e-01h  2
3125  7.0655839e-04 3.37e-05 1.53e-03  -6.1 5.53e-03    -  1.00e+00 1.00e+00h  1
3126  7.0620123e-04 1.82e-06 6.27e-04  -6.1 1.41e-03    -  1.00e+00 1.00e+00h  1
3127  7.0563537e-04 5.55e-06 3.52e-04  -6.1 2.23e-03    -  1.00e+00 1.00e+00h  1
3128  7.0571633e-04 3.05e-06 3.80e-04  -6.1 1.62e-03    -  1.00e+00 1.00e+00h  1
3129  7.0547413e-04 9.43e-07 3.91e-05  -6.1 1.09e-03    -  1.00e+00 1.00e+00h  1
iter    objective    inf_pr   inf_du lg(mu)  ||d||  lg(rg) alpha_du alpha_pr  ls
3130  7.0552220e-04 7.28e-08 5.40e-05  -6.1 3.41e-04    -  1.00e+00 1.00e+00h  1
3131  1.0904692e-03 5.88e-03 3.00e-01  -4.0 9.96e-02    -  1.00e+00 1.00e+00f  1
3132  7.7613976e-04 2.88e-03 7.52e-02  -4.1 5.07e-02    -  1.00e+00 1.00e+00h  1
3133  7.8421462e-04 5.30e-04 4.27e-02  -4.1 2.52e-02    -  1.00e+00 1.00e+00h  1
3134  1.2730245e-03 3.59e-04 1.25e-02  -4.1 2.46e-02    -  1.00e+00 1.00e+00H  1
3135  7.5249628e-04 2.13e-04 1.67e-02  -4.1 1.30e-02    -  1.00e+00 1.00e+00h  1
3136  7.2877714e-04 3.21e-05 6.23e-03  -4.1 5.02e-03    -  1.00e+00 1.00e+00h  1
3137  7.2258955e-04 3.43e-05 1.94e-02  -4.1 7.13e-03    -  1.00e+00 1.00e+00h  1
3138  7.2149282e-04 1.45e-05 6.42e-03  -4.1 4.61e-03    -  1.00e+00 1.00e+00h  1
3139  7.1991783e-04 3.33e-06 4.83e-03  -4.1 1.77e-03    -  1.00e+00 1.00e+00h  1
iter    objective    inf_pr   inf_du lg(mu)  ||d||  lg(rg) alpha_du alpha_pr  ls
3140  7.1638565e-04 9.93e-07 2.22e-02  -4.1 5.43e-03    -  1.00e+00 1.00e+00H  1
3141  7.1617138e-04 7.23e-07 2.29e-02  -4.1 4.05e-03    -  1.00e+00 1.00e+00H  1
3142  7.1501626e-04 7.59e-07 5.29e-03  -4.1 1.21e-03    -  1.00e+00 1.00e+00h  1
3143  7.1407967e-04 5.95e-07 1.75e-03  -4.1 1.02e-03    -  1.00e+00 1.00e+00h  1
3144  7.1359867e-04 1.36e-07 1.07e-03  -4.1 4.63e-04    -  1.00e+00 1.00e+00h  1
3145  7.1339619e-04 1.15e-07 1.00e-03  -4.1 3.67e-04    -  1.00e+00 1.00e+00h  1
3146  7.1284504e-04 2.27e-09 4.79e-03  -4.1 1.23e-03    -  1.00e+00 1.00e+00H  1
3147  7.1275161e-04 1.62e-06 1.84e-02  -4.1 5.84e-03    -  1.00e+00 2.50e-01h  3
3148  7.1216723e-04 6.79e-06 1.59e-02  -4.1 3.17e-03    -  1.00e+00 1.00e+00h  1
3149  7.1195101e-04 4.22e-06 1.33e-02  -4.1 3.04e-03    -  1.00e+00 5.00e-01h  2
iter    objective    inf_pr   inf_du lg(mu)  ||d||  lg(rg) alpha_du alpha_pr  ls
3150  7.1173303e-04 1.96e-06 1.85e-03  -4.1 1.52e-03    -  1.00e+00 1.00e+00h  1
3151  7.1211835e-04 3.35e-07 2.97e-03  -4.1 7.41e-04    -  1.00e+00 1.00e+00h  1
3152  7.1163686e-04 4.55e-07 1.45e-03  -4.1 6.55e-04    -  1.00e+00 1.00e+00h  1
3153  7.1158779e-04 3.33e-07 2.33e-03  -4.1 6.50e-04    -  1.00e+00 1.00e+00h  1
3154  7.1145912e-04 9.54e-08 2.15e-03  -4.1 3.89e-04    -  1.00e+00 1.00e+00h  1
3155  7.1136031e-04 6.37e-08 8.06e-04  -4.1 2.81e-04    -  1.00e+00 1.00e+00h  1
3156  7.1147797e-04 1.85e-08 2.19e-03  -6.1 1.51e-03    -  1.00e+00 1.00e+00H  1
3157  7.1048645e-04 3.46e-06 9.67e-04  -6.1 2.38e-03    -  1.00e+00 1.00e+00h  1
3158  7.0826949e-04 5.29e-06 1.76e-03  -6.1 5.37e-03    -  1.00e+00 5.00e-01h  2
3159  7.0720778e-04 5.19e-06 5.74e-03  -6.1 3.72e-03    -  1.00e+00 5.00e-01h  2
iter    objective    inf_pr   inf_du lg(mu)  ||d||  lg(rg) alpha_du alpha_pr  ls
3160  7.0613340e-04 4.74e-06 1.12e-03  -6.1 2.42e-03    -  1.00e+00 1.00e+00h  1
3161  7.0597628e-04 3.93e-07 3.09e-04  -6.1 8.48e-04    -  1.00e+00 1.00e+00h  1
3162  7.0595025e-04 9.29e-08 4.87e-05  -6.1 3.45e-04    -  1.00e+00 1.00e+00h  1
3163  1.0058999e-03 7.77e-03 1.11e-01  -4.0 1.08e-01    -  1.00e+00 1.00e+00f  1
3164  8.1290540e-04 3.39e-03 2.67e-02  -4.1 5.66e-02    -  1.00e+00 1.00e+00h  1
3165  9.9244356e-04 2.51e-03 6.64e-02  -4.1 1.16e-01    -  8.37e-01 2.50e-01h  3
3166  7.7667352e-04 4.32e-04 8.44e-03  -4.1 1.84e-02    -  1.00e+00 8.16e-01h  1
3167  1.0639676e-03 1.41e-03 6.51e-03  -4.1 3.31e-02    -  1.00e+00 1.00e+00f  1
3168  7.2933531e-04 5.14e-04 2.43e-03  -4.1 2.59e-02    -  1.00e+00 1.00e+00h  1
3169  7.2004956e-04 9.67e-05 3.82e-03  -4.1 1.07e-02    -  1.00e+00 1.00e+00h  1
iter    objective    inf_pr   inf_du lg(mu)  ||d||  lg(rg) alpha_du alpha_pr  ls
3170  7.7971165e-04 8.03e-05 1.18e-01  -4.1 1.16e-02    -  1.00e+00 6.44e-01H  1
3171  7.3039218e-04 5.98e-05 1.08e-02  -4.1 7.31e-03    -  1.00e+00 1.00e+00f  1
3172  7.1207119e-04 4.82e-05 1.30e-02  -4.1 9.51e-03    -  1.00e+00 1.00e+00h  1
3173  7.1681234e-04 5.02e-05 8.58e-03  -4.1 8.68e-03    -  1.00e+00 1.00e+00h  1
3174  7.1412338e-04 1.77e-05 4.71e-03  -4.1 4.81e-03    -  1.00e+00 1.00e+00h  1
3175  7.1294405e-04 4.38e-06 2.70e-03  -4.1 2.15e-03    -  1.00e+00 1.00e+00h  1
3176  7.1337915e-04 1.25e-06 1.45e-03  -4.1 1.02e-03    -  1.00e+00 1.00e+00h  1
3177  7.1271230e-04 3.04e-07 1.37e-03  -4.1 6.03e-04    -  1.00e+00 1.00e+00h  1
3178  7.1268942e-04 5.09e-08 9.03e-04  -4.1 3.33e-04    -  1.00e+00 1.00e+00h  1
3179  7.1242345e-04 9.55e-08 8.79e-04  -4.1 3.69e-04    -  1.00e+00 1.00e+00h  1
iter    objective    inf_pr   inf_du lg(mu)  ||d||  lg(rg) alpha_du alpha_pr  ls
3180  7.1494691e-04 2.16e-09 1.20e-02  -4.1 3.69e-03    -  1.00e+00 1.00e+00H  1
3181  7.1260290e-04 3.62e-09 1.25e-02  -4.1 2.05e-03    -  1.00e+00 1.00e+00H  1
3182  7.1184694e-04 2.45e-08 1.21e-03  -4.1 2.03e-03    -  1.00e+00 1.00e+00H  1
3183  7.1220515e-04 1.46e-09 5.49e-03  -4.1 1.22e-03    -  1.00e+00 1.00e+00H  1
3184  7.1093721e-04 1.03e-06 1.76e-03  -4.1 1.44e-03    -  1.00e+00 1.00e+00h  1
3185  7.1153788e-04 7.72e-07 2.77e-03  -4.1 1.16e-03    -  1.00e+00 5.00e-01h  2
3186  7.1106771e-04 3.33e-07 3.04e-04  -4.1 6.15e-04    -  1.00e+00 1.00e+00h  1
3187  7.1044338e-04 7.24e-07 9.38e-04  -6.1 9.95e-04    -  1.00e+00 1.00e+00h  1
3188  7.0975939e-04 4.77e-06 4.98e-03  -6.1 2.06e-02    -  1.00e+00 1.25e-01h  4
3189  7.0788194e-04 1.44e-05 1.27e-03  -6.1 4.67e-03    -  1.00e+00 1.00e+00h  1
iter    objective    inf_pr   inf_du lg(mu)  ||d||  lg(rg) alpha_du alpha_pr  ls
3190  7.0691131e-04 6.99e-06 1.96e-03  -6.1 2.17e-03    -  1.00e+00 5.00e-01h  2
3191  7.0664980e-04 1.48e-06 2.73e-04  -6.1 1.64e-03    -  1.00e+00 1.00e+00h  1
3192  7.0638211e-04 4.89e-07 4.97e-04  -6.1 7.59e-04    -  1.00e+00 1.00e+00h  1
3193  7.0652714e-04 2.98e-08 2.29e-04  -6.1 1.98e-03    -  1.00e+00 1.00e+00H  1
3194  9.5788127e-04 6.39e-03 1.54e-01  -4.0 1.03e-01    -  1.00e+00 1.00e+00f  1
3195  7.7697475e-04 2.02e-03 3.68e-02  -4.1 5.26e-02    -  1.00e+00 1.00e+00h  1
3196  8.2083344e-04 2.14e-03 9.61e-03  -4.1 6.35e-02    -  1.00e+00 1.00e+00h  1
3197  1.3392549e-03 5.91e-04 4.87e-03  -4.1 2.81e-02    -  1.00e+00 1.00e+00h  1
3198  8.3737958e-04 8.56e-04 4.81e-03  -4.1 3.75e-02    -  1.00e+00 1.00e+00h  1
3199  7.7207493e-04 4.08e-04 3.73e-03  -4.1 2.90e-02    -  1.00e+00 1.00e+00h  1
iter    objective    inf_pr   inf_du lg(mu)  ||d||  lg(rg) alpha_du alpha_pr  ls
3200  7.2068316e-04 2.88e-04 6.58e-03  -4.1 2.23e-02    -  1.00e+00 1.00e+00h  1
3201  7.5573506e-04 3.38e-04 3.73e-03  -4.1 3.67e-02    -  1.00e+00 5.00e-01h  2
3202  7.1434812e-04 9.55e-05 4.54e-03  -4.1 1.04e-02    -  1.00e+00 1.00e+00h  1
3203  7.1782346e-04 1.19e-04 1.17e-02  -4.1 1.02e-02    -  1.00e+00 1.00e+00h  1
3204  7.1118177e-04 7.40e-05 3.67e-03  -4.1 9.83e-03    -  1.00e+00 1.00e+00h  1
3205  7.1392015e-04 3.80e-05 1.24e-02  -4.1 5.76e-03    -  1.00e+00 1.00e+00h  1
3206  7.1049607e-04 2.61e-05 2.34e-03  -4.1 5.39e-03    -  1.00e+00 1.00e+00h  1
3207  7.1174194e-04 1.51e-06 2.39e-03  -4.1 1.61e-03    -  1.00e+00 1.00e+00h  1
3208  7.1104335e-04 6.44e-07 1.62e-03  -4.1 7.57e-04    -  1.00e+00 1.00e+00h  1
3209  7.1102142e-04 1.32e-07 7.38e-04  -4.1 5.19e-04    -  1.00e+00 1.00e+00h  1
iter    objective    inf_pr   inf_du lg(mu)  ||d||  lg(rg) alpha_du alpha_pr  ls
3210  7.1077924e-04 5.54e-08 1.06e-03  -6.1 2.76e-04    -  1.00e+00 1.00e+00h  1
3211  7.0175205e-04 1.08e-04 2.98e-04  -6.1 1.24e-02    -  1.00e+00 1.00e+00h  1
3212  8.9593344e-04 7.25e-04 4.99e-02  -4.0 1.34e-01    -  1.00e+00 2.50e-01h  3
3213  7.0436453e-04 5.30e-04 1.57e-03  -4.1 3.09e-02    -  1.00e+00 1.00e+00h  1
3214  9.7955153e-04 4.37e-04 5.00e-03  -4.1 2.61e-02    -  1.00e+00 1.00e+00h  1
3215  7.0602526e-04 2.87e-04 1.46e-03  -4.1 2.10e-02    -  1.00e+00 1.00e+00h  1
3216  7.2500350e-04 1.56e-04 6.96e-03  -4.1 1.53e-02    -  1.00e+00 1.00e+00h  1
3217  7.0651492e-04 1.41e-04 3.95e-03  -4.1 1.43e-02    -  1.00e+00 1.00e+00h  1
3218  7.1309813e-04 3.35e-05 3.38e-03  -4.1 7.19e-03    -  1.00e+00 1.00e+00h  1
3219  7.0939798e-04 1.06e-05 4.92e-03  -4.1 3.98e-03    -  1.00e+00 1.00e+00h  1
iter    objective    inf_pr   inf_du lg(mu)  ||d||  lg(rg) alpha_du alpha_pr  ls
3220  7.1172154e-04 5.04e-06 2.96e-03  -4.1 2.72e-03    -  1.00e+00 1.00e+00h  1
3221  7.1090259e-04 5.11e-07 5.81e-04  -4.1 8.87e-04    -  1.00e+00 1.00e+00h  1
3222  7.1062514e-04 4.34e-08 9.77e-04  -6.1 2.61e-04    -  1.00e+00 1.00e+00h  1
3223  7.0970641e-04 6.96e-07 9.78e-04  -6.1 1.12e-03    -  1.00e+00 1.00e+00h  1
3224  7.0905165e-04 1.79e-06 1.67e-02  -6.1 2.63e-02    -  1.00e+00 5.53e-02h  4
3225  7.0479728e-04 9.49e-06 3.88e-04  -6.1 4.41e-03    -  1.00e+00 1.00e+00h  1
3226  8.9000145e-04 1.04e-03 1.56e-01  -4.0 8.97e-02    -  1.00e+00 5.00e-01f  2
3227  7.6337643e-04 3.49e-04 1.12e-02  -4.1 2.44e-02    -  1.00e+00 1.00e+00h  1
3228  7.2097291e-04 1.58e-04 4.03e-03  -4.1 2.02e-02    -  1.00e+00 1.00e+00h  1
3229  7.1300925e-04 4.03e-05 2.95e-03  -4.1 9.79e-03    -  1.00e+00 1.00e+00h  1
iter    objective    inf_pr   inf_du lg(mu)  ||d||  lg(rg) alpha_du alpha_pr  ls
3230  7.0867547e-04 1.49e-05 6.15e-03  -4.1 5.63e-03    -  1.00e+00 1.00e+00h  1
3231  7.1248652e-04 1.18e-05 5.09e-03  -4.1 4.98e-03    -  1.00e+00 1.00e+00h  1
3232  7.1067687e-04 2.13e-06 1.82e-03  -4.1 2.10e-03    -  1.00e+00 1.00e+00h  1
3233  7.1110116e-04 1.74e-07 3.82e-04  -4.1 5.55e-04    -  1.00e+00 1.00e+00h  1
3234  7.1075091e-04 2.68e-08 1.02e-03  -6.1 2.51e-04    -  1.00e+00 1.00e+00h  1
3235  7.0944975e-04 8.31e-07 1.04e-03  -6.1 1.48e-03    -  1.00e+00 1.00e+00h  1
3236  7.0853120e-04 2.66e-06 1.26e-02  -6.1 1.91e-02    -  1.00e+00 1.31e-01h  3
3237  7.0631010e-04 2.32e-06 2.04e-02  -6.1 3.86e-03    -  1.00e+00 3.55e-01h  2
3238  7.0844066e-04 1.22e-06 5.02e-03  -6.1 1.21e-03    -  1.00e+00 5.00e-01h  2
3239  7.0574791e-04 6.58e-08 8.62e-05  -6.1 5.40e-04    -  1.00e+00 1.00e+00h  1
iter    objective    inf_pr   inf_du lg(mu)  ||d||  lg(rg) alpha_du alpha_pr  ls
3240  7.0569951e-04 2.27e-09 1.74e-05  -6.1 6.43e-05    -  1.00e+00 1.00e+00h  1
3241  8.9596518e-04 4.14e-03 1.28e-01  -4.0 1.04e-01    -  1.00e+00 1.00e+00f  1
3242  8.9025710e-04 9.63e-04 3.20e-02  -4.1 5.27e-02    -  1.00e+00 1.00e+00h  1
3243  2.0945811e-03 7.33e-04 2.03e-02  -4.1 3.54e-02    -  8.56e-01 1.00e+00h  1
3244  9.1475735e-04 4.28e-04 1.81e-02  -4.1 2.73e-02    -  1.00e+00 6.46e-01h  1
3245  7.3909960e-04 3.51e-04 3.79e-03  -4.1 3.38e-02    -  1.00e+00 1.00e+00f  1
3246  7.9960837e-04 3.47e-05 2.98e-03  -4.1 7.39e-03    -  1.00e+00 1.00e+00h  1
3247  7.1778962e-04 1.50e-05 8.45e-03  -4.1 4.68e-03    -  1.00e+00 1.00e+00h  1
3248  7.1243452e-04 1.36e-05 1.23e-02  -4.1 4.93e-03    -  1.00e+00 1.00e+00h  1
3249  7.1350140e-04 5.76e-06 8.34e-03  -4.1 3.70e-03    -  1.00e+00 1.00e+00h  1
iter    objective    inf_pr   inf_du lg(mu)  ||d||  lg(rg) alpha_du alpha_pr  ls
3250  7.1331031e-04 7.12e-06 5.76e-03  -4.1 3.36e-03    -  1.00e+00 1.00e+00h  1
3251  7.1088534e-04 2.56e-06 1.98e-03  -4.1 1.77e-03    -  1.00e+00 1.00e+00h  1
3252  7.1102780e-04 1.19e-07 6.45e-04  -4.1 4.69e-04    -  1.00e+00 1.00e+00h  1
3253  7.1074836e-04 3.30e-08 1.28e-03  -6.1 2.86e-04    -  1.00e+00 1.00e+00h  1
3254  7.0909339e-04 1.05e-05 5.37e-02  -6.1 2.10e-01    -  1.00e+00 2.51e-02h  4
3255  7.0887755e-04 6.18e-07 4.06e-04  -6.1 9.44e-04    -  1.00e+00 1.00e+00h  1
3256  7.0576837e-04 4.71e-07 7.00e-04  -6.1 8.89e-04    -  1.00e+00 1.00e+00h  1
3257  7.0574605e-04 9.34e-09 3.61e-05  -6.1 1.19e-04    -  1.00e+00 1.00e+00h  1
3258  7.0569141e-04 4.47e-10 9.55e-05  -6.1 3.14e-05    -  1.00e+00 1.00e+00h  1
3259  8.7091160e-04 3.94e-03 1.74e-01  -4.0 1.02e-01    -  1.00e+00 1.00e+00f  1
iter    objective    inf_pr   inf_du lg(mu)  ||d||  lg(rg) alpha_du alpha_pr  ls
3260  7.6264311e-04 1.10e-03 4.38e-02  -4.1 5.10e-02    -  1.00e+00 1.00e+00h  1
3261  8.0095956e-04 3.14e-04 1.04e-02  -4.1 2.68e-02    -  1.00e+00 1.00e+00h  1
3262  7.3564220e-04 3.10e-04 5.14e-02  -4.1 5.95e-02    -  5.72e-01 2.50e-01h  3
3263  7.2223495e-04 5.12e-05 1.67e-03  -4.1 7.74e-03    -  1.00e+00 1.00e+00h  1
3264  7.3174684e-04 1.71e-04 2.87e-02  -4.1 1.60e-02    -  1.00e+00 1.00e+00h  1
3265  7.1167268e-04 7.27e-05 3.84e-03  -4.1 9.99e-03    -  1.00e+00 1.00e+00h  1
3266  7.0919269e-04 1.22e-05 5.31e-03  -4.1 4.95e-03    -  1.00e+00 1.00e+00h  1
3267  7.1209479e-04 5.38e-06 6.42e-02  -4.1 6.62e-03    -  1.00e+00 5.00e-01h  2
3268  7.1247237e-04 1.72e-05 8.72e-03  -4.1 4.60e-03    -  1.00e+00 1.00e+00h  1
3269  7.1081188e-04 7.54e-06 1.03e-03  -4.1 3.62e-03    -  1.00e+00 1.00e+00h  1
iter    objective    inf_pr   inf_du lg(mu)  ||d||  lg(rg) alpha_du alpha_pr  ls
3270  7.1111335e-04 2.60e-07 6.51e-04  -4.1 6.55e-04    -  1.00e+00 1.00e+00h  1
3271  7.1083315e-04 4.14e-08 1.14e-03  -6.1 3.01e-04    -  1.00e+00 1.00e+00h  1
3272  7.0374900e-04 4.22e-05 7.38e-04  -6.1 9.13e-03    -  1.00e+00 1.00e+00h  1
3273  7.0329308e-04 2.00e-05 1.13e-02  -6.1 4.61e-03    -  1.00e+00 4.51e-01h  1
3274  8.0919426e-04 3.19e-03 3.80e-02  -4.0 8.24e-02    -  1.00e+00 1.00e+00f  1
3275  1.1482458e-03 9.39e-04 1.01e-02  -4.1 4.29e-02    -  1.00e+00 1.00e+00h  1
3276  9.9891775e-04 1.80e-03 3.70e-02  -4.1 5.51e-02    -  5.91e-01 1.00e+00h  1
3277  7.9067335e-04 1.77e-04 3.72e-02  -4.1 1.05e-01    -  1.00e+00 2.87e-01H  1
3278  1.0459925e-03 4.33e-04 1.24e-01  -4.1 2.28e-01    -  1.00e+00 1.25e-01f  4
3279  7.4539816e-04 3.88e-04 2.56e-02  -4.1 2.53e-02    -  8.23e-01 1.00e+00h  1
iter    objective    inf_pr   inf_du lg(mu)  ||d||  lg(rg) alpha_du alpha_pr  ls
3280  7.3369681e-04 1.09e-04 6.65e-02  -4.1 6.27e-02    -  1.00e+00 1.69e-01H  1
3281  8.7232266e-04 2.22e-04 9.34e-03  -4.1 3.21e-02    -  1.00e+00 5.00e-01f  2
3282  8.5522910e-04 1.15e-04 2.21e-01  -4.1 8.45e-02    -  1.00e+00 5.40e-02H  1
3283  7.2800958e-04 9.13e-05 3.72e-02  -4.1 4.15e-02    -  5.64e-01 2.50e-01f  3
3284  7.2762886e-04 6.70e-05 9.80e-01  -4.1 2.13e-01    -  1.00e+00 8.92e-04H  1
3285  7.0228346e-04 7.36e-05 4.60e-02  -4.1 1.06e-01    -  8.93e-01 1.25e-01f  4
3286  7.4368510e-04 2.54e-04 3.30e-01  -4.1 1.86e+01    -  1.60e-01 1.19e-03f  8
3287  6.9579543e-04 7.70e-04 4.39e-02  -4.1 1.26e-01    -  8.65e-01 2.50e-01h  3
3288  6.9526726e-04 7.11e-04 1.09e-01  -4.1 3.54e-03    -  1.00e+00 7.66e-02h  3
3289  7.2724474e-04 6.58e-04 5.32e-03  -4.1 2.88e-02    -  1.00e+00 1.00e+00h  1
iter    objective    inf_pr   inf_du lg(mu)  ||d||  lg(rg) alpha_du alpha_pr  ls
3290  8.0334266e-04 4.33e-04 2.01e-02  -4.1 2.21e-02    -  1.00e+00 5.00e-01h  2
3291  6.9961281e-04 2.74e-04 8.54e-03  -4.1 1.86e-02    -  1.00e+00 1.00e+00h  1
3292  7.3463538e-04 3.06e-04 6.51e-03  -4.0 1.93e-02    -  1.00e+00 1.00e+00h  1
3293  7.1016770e-04 6.77e-05 3.85e-03  -4.1 8.96e-03    -  1.00e+00 1.00e+00h  1
3294  7.2078130e-04 5.99e-05 1.39e-02  -4.1 9.01e-03    -  1.00e+00 1.00e+00h  1
3295  7.1340690e-04 2.76e-05 5.26e-03  -4.1 5.59e-03    -  1.00e+00 1.00e+00h  1
3296  7.1434009e-04 7.09e-06 9.03e-03  -4.1 3.65e-03    -  1.00e+00 1.00e+00h  1
3297  7.1312195e-04 6.57e-06 2.71e-01  -4.1 7.65e-03    -  1.00e+00 2.50e-01h  3
3298  7.1473064e-04 1.96e-05 4.55e-03  -4.1 5.89e-03    -  1.00e+00 1.00e+00h  1
3299  7.1399503e-04 7.19e-07 3.16e-03  -4.1 1.08e-03    -  1.00e+00 1.00e+00h  1
iter    objective    inf_pr   inf_du lg(mu)  ||d||  lg(rg) alpha_du alpha_pr  ls
3300  7.1164346e-04 7.41e-07 1.10e-03  -4.1 1.13e-03    -  1.00e+00 1.00e+00h  1
3301  7.1205104e-04 1.20e-07 1.71e-03  -4.1 5.20e-04    -  1.00e+00 1.00e+00h  1
3302  7.1154761e-04 9.84e-08 4.94e-04  -4.1 4.14e-04    -  1.00e+00 1.00e+00h  1
3303  7.1094610e-04 2.19e-07 5.78e-04  -6.1 5.21e-04    -  1.00e+00 1.00e+00h  1
3304  7.0610859e-04 8.20e-05 1.90e-03  -6.1 1.84e-02    -  1.00e+00 5.00e-01h  2
3305  7.0326412e-04 4.55e-05 7.86e-03  -6.1 3.16e-03    -  1.00e+00 4.70e-01h  2
3306  7.0515067e-04 7.48e-06 3.51e-04  -6.1 2.58e-03    -  1.00e+00 1.00e+00h  1
3307  8.9733571e-04 2.93e-03 2.45e-01  -4.0 1.10e-01    -  1.00e+00 5.00e-01f  2
3308  7.4364964e-04 8.05e-04 1.73e-02  -4.1 2.97e-02    -  1.00e+00 1.00e+00h  1
3309  7.2361720e-04 2.99e-04 3.26e-03  -4.1 1.67e-02    -  1.00e+00 1.00e+00h  1
iter    objective    inf_pr   inf_du lg(mu)  ||d||  lg(rg) alpha_du alpha_pr  ls
3310  7.1836116e-04 4.93e-05 3.13e-03  -4.1 6.96e-03    -  1.00e+00 1.00e+00h  1
3311  7.1665547e-04 8.81e-05 1.01e-02  -4.1 8.78e-03    -  1.00e+00 1.00e+00h  1
3312  7.1249701e-04 3.65e-05 2.04e-03  -4.1 5.75e-03    -  1.00e+00 1.00e+00h  1
3313  7.1130097e-04 2.27e-06 1.35e-03  -4.1 1.54e-03    -  1.00e+00 1.00e+00h  1
3314  7.1062861e-04 2.08e-07 4.64e-04  -4.1 3.95e-04    -  1.00e+00 1.00e+00h  1
3315  7.1024941e-04 1.08e-07 9.95e-04  -6.1 3.61e-04    -  1.00e+00 1.00e+00h  1
3316  7.0861713e-04 3.03e-06 6.47e-04  -6.1 2.04e-03    -  1.00e+00 1.00e+00h  1
3317  7.0808946e-04 4.96e-06 1.24e-02  -6.1 1.28e-02    -  1.00e+00 1.43e-01h  3
3318  7.0548929e-04 2.57e-06 2.73e-04  -6.1 1.91e-03    -  1.00e+00 1.00e+00h  1
3319  7.0560258e-04 2.24e-07 2.18e-04  -6.1 5.96e-04    -  1.00e+00 1.00e+00h  1
iter    objective    inf_pr   inf_du lg(mu)  ||d||  lg(rg) alpha_du alpha_pr  ls
3320  7.0543494e-04 7.40e-08 4.12e-05  -6.1 2.62e-04    -  1.00e+00 1.00e+00h  1
3321  1.1133460e-03 8.93e-03 3.17e-01  -4.0 1.10e-01    -  1.00e+00 1.00e+00f  1
3322  7.9873511e-04 2.40e-03 7.88e-02  -4.1 5.46e-02    -  1.00e+00 1.00e+00h  1
3323  7.5609250e-04 6.30e-04 1.81e-02  -4.1 2.93e-02    -  1.00e+00 1.00e+00h  1
3324  7.5500806e-04 2.75e-04 1.43e-03  -4.1 1.91e-02    -  1.00e+00 1.00e+00h  1
3325  7.1060640e-04 1.44e-05 2.39e-03  -4.1 4.06e-03    -  1.00e+00 1.00e+00h  1
3326  7.2212437e-04 1.15e-04 2.48e-02  -4.1 1.19e-02    -  1.00e+00 1.00e+00h  1
3327  7.1219875e-04 4.29e-05 3.47e-03  -4.1 7.45e-03    -  1.00e+00 1.00e+00h  1
3328  7.1023707e-04 4.04e-06 1.93e-03  -4.1 2.14e-03    -  1.00e+00 1.00e+00h  1
3329  7.1076149e-04 9.38e-07 1.05e-03  -4.1 9.47e-04    -  1.00e+00 1.00e+00h  1
iter    objective    inf_pr   inf_du lg(mu)  ||d||  lg(rg) alpha_du alpha_pr  ls
3330  7.1050172e-04 7.06e-08 1.91e-04  -4.1 2.46e-04    -  1.00e+00 1.00e+00h  1
3331  7.1025308e-04 4.96e-08 1.00e-03  -6.1 2.64e-04    -  1.00e+00 1.00e+00h  1
3332  7.0959457e-04 7.84e-05 5.02e-03  -6.1 4.31e-02    -  1.00e+00 2.50e-01h  3
3333  7.0537804e-04 4.17e-05 6.50e-03  -6.1 3.87e-03    -  1.00e+00 5.00e-01h  2
3334  7.0572185e-04 6.80e-06 4.32e-04  -6.1 3.29e-03    -  1.00e+00 1.00e+00h  1
3335  7.0637240e-04 1.31e-07 1.09e-04  -6.1 4.34e-04    -  1.00e+00 1.00e+00h  1
3336  7.0558486e-04 4.15e-08 3.54e-05  -6.1 2.45e-04    -  1.00e+00 1.00e+00h  1
3337  1.0290420e-03 1.07e-02 3.10e-01  -4.0 1.22e-01    -  1.00e+00 1.00e+00f  1
3338  8.0610356e-04 2.90e-03 7.76e-02  -4.1 6.13e-02    -  1.00e+00 1.00e+00h  1
3339  7.3889380e-04 7.35e-04 1.93e-02  -4.1 3.20e-02    -  1.00e+00 1.00e+00h  1
iter    objective    inf_pr   inf_du lg(mu)  ||d||  lg(rg) alpha_du alpha_pr  ls
3340  7.1719352e-04 2.73e-04 3.37e-03  -4.1 1.95e-02    -  1.00e+00 1.00e+00h  1
3341  1.0279410e-03 1.59e-04 9.88e-03  -4.1 1.56e-02    -  1.00e+00 1.00e+00h  1
3342  7.1141710e-04 1.12e-04 2.30e-03  -4.1 1.29e-02    -  1.00e+00 1.00e+00h  1
3343  7.0819274e-04 1.26e-05 5.02e-03  -4.1 4.36e-03    -  1.00e+00 1.00e+00h  1
3344  7.1245513e-04 1.96e-05 7.98e-03  -4.1 5.19e-03    -  1.00e+00 1.00e+00h  1
3345  7.1007682e-04 5.04e-06 1.07e-03  -4.1 2.59e-03    -  1.00e+00 1.00e+00h  1
3346  7.1043205e-04 1.14e-07 2.90e-04  -4.1 3.74e-04    -  1.00e+00 1.00e+00h  1
3347  7.1019475e-04 4.49e-08 1.05e-03  -6.1 2.47e-04    -  1.00e+00 1.00e+00h  1
3348  7.0516159e-04 1.63e-04 1.69e-03  -6.1 2.95e-02    -  1.00e+00 5.00e-01h  2
3349  7.0779043e-04 3.22e-05 2.46e-04  -6.1 6.55e-03    -  1.00e+00 1.00e+00h  1
iter    objective    inf_pr   inf_du lg(mu)  ||d||  lg(rg) alpha_du alpha_pr  ls
3350  7.0693042e-04 5.83e-06 3.47e-04  -6.1 2.90e-03    -  1.00e+00 1.00e+00h  1
3351  7.0605078e-04 2.90e-06 5.41e-03  -6.1 6.00e-04    -  1.00e+00 5.00e-01h  2
3352  7.0547675e-04 3.59e-08 2.41e-05  -6.1 2.84e-04    -  1.00e+00 1.00e+00h  1
3353  7.0549440e-04 4.55e-09 1.55e-05  -6.1 8.94e-05    -  1.00e+00 1.00e+00h  1
3354  8.7413923e-04 6.39e-04 3.74e-02  -4.0 1.26e-01    -  1.00e+00 2.50e-01f  3
3355  7.1132852e-04 3.89e-04 1.64e-03  -4.1 2.48e-02    -  1.00e+00 1.00e+00h  1
3356  7.0306212e-04 5.19e-05 4.79e-03  -4.1 1.20e-02    -  1.00e+00 1.00e+00h  1
3357  7.2042184e-04 1.69e-04 1.13e-02  -4.1 2.05e-02    -  1.00e+00 1.00e+00h  1
3358  7.0888189e-04 8.93e-05 4.27e-03  -4.1 1.13e-02    -  1.00e+00 1.00e+00h  1
3359  7.1124862e-04 2.08e-05 8.60e-03  -4.1 5.58e-03    -  1.00e+00 1.00e+00h  1
iter    objective    inf_pr   inf_du lg(mu)  ||d||  lg(rg) alpha_du alpha_pr  ls
3360  7.1167632e-04 2.85e-05 9.00e-03  -4.1 5.62e-03    -  1.00e+00 1.00e+00h  1
3361  7.0906104e-04 9.59e-06 5.99e-03  -4.1 3.56e-03    -  1.00e+00 1.00e+00h  1
3362  7.1132104e-04 5.31e-06 2.77e-03  -4.1 2.29e-03    -  1.00e+00 1.00e+00h  1
3363  7.1034490e-04 1.22e-06 8.14e-04  -4.1 1.26e-03    -  1.00e+00 1.00e+00h  1
3364  7.1034909e-04 4.87e-08 3.56e-04  -4.1 2.90e-04    -  1.00e+00 1.00e+00h  1
3365  7.1003551e-04 6.28e-08 1.34e-03  -6.1 3.19e-04    -  1.00e+00 1.00e+00h  1
3366  7.0843877e-04 4.66e-04 1.27e-03  -6.1 2.55e-02    -  1.00e+00 1.00e+00h  1
3367  6.9958265e-04 2.63e-04 2.91e-03  -6.1 1.33e-02    -  1.00e+00 5.00e-01h  2
3368  8.0924008e-04 2.25e-03 5.64e-03  -4.0 5.60e-02    -  1.00e+00 1.00e+00h  1
3369  7.3314361e-04 9.96e-04 1.02e-03  -4.1 3.65e-02    -  1.00e+00 1.00e+00h  1
iter    objective    inf_pr   inf_du lg(mu)  ||d||  lg(rg) alpha_du alpha_pr  ls
3370  7.0244558e-04 2.77e-04 6.95e-02  -4.1 7.55e-02    -  1.00e+00 2.49e-01H  1
3371  7.1021179e-04 1.80e-04 8.43e-04  -4.1 1.54e-02    -  1.00e+00 1.00e+00f  1
3372  7.3749963e-04 1.91e-05 4.12e-03  -4.1 5.69e-03    -  1.00e+00 1.00e+00h  1
3373  7.2534410e-04 2.00e-04 2.03e-02  -4.1 1.56e-02    -  1.00e+00 1.00e+00h  1
3374  7.3204689e-04 8.90e-05 7.25e-03  -4.1 1.17e-02    -  1.00e+00 1.00e+00h  1
3375  7.3993398e-04 8.33e-05 1.23e-02  -4.1 1.21e-02    -  1.00e+00 1.00e+00h  1
3376  7.1201664e-04 3.40e-05 2.96e-03  -4.1 7.96e-03    -  1.00e+00 1.00e+00h  1
3377  7.0938951e-04 3.42e-06 3.05e-03  -4.1 1.90e-03    -  1.00e+00 1.00e+00h  1
3378  7.1085222e-04 1.45e-06 1.71e-03  -4.1 1.39e-03    -  1.00e+00 1.00e+00h  1
3379  7.1038931e-04 1.71e-07 1.01e-03  -4.1 5.06e-04    -  1.00e+00 1.00e+00h  1
iter    objective    inf_pr   inf_du lg(mu)  ||d||  lg(rg) alpha_du alpha_pr  ls
3380  7.1036014e-04 8.20e-08 1.00e-03  -4.1 3.51e-04    -  1.00e+00 1.00e+00h  1
3381  7.1041893e-04 1.68e-08 1.07e-04  -4.1 1.77e-04    -  1.00e+00 1.00e+00h  1
3382  7.1011613e-04 6.99e-08 1.43e-03  -6.1 2.83e-04    -  1.00e+00 1.00e+00h  1
3383  7.0935960e-04 6.67e-05 2.09e-02  -6.1 9.27e-02    -  1.00e+00 1.00e-01h  3
3384  7.0594616e-04 1.60e-05 2.48e-04  -6.1 3.61e-03    -  1.00e+00 1.00e+00h  1
3385  7.0888995e-04 8.21e-06 1.01e-03  -6.1 1.23e-03    -  1.00e+00 5.00e-01h  2
3386  7.0508403e-04 1.03e-07 8.87e-05  -6.1 3.90e-04    -  1.00e+00 1.00e+00h  1
3387  1.0806464e-03 9.31e-03 2.67e-01  -4.0 1.07e-01    -  1.00e+00 1.00e+00f  1
3388  8.0878184e-04 2.60e-03 6.75e-02  -4.1 5.33e-02    -  1.00e+00 1.00e+00h  1
3389  7.4223183e-04 7.40e-04 1.64e-02  -4.1 2.82e-02    -  1.00e+00 1.00e+00h  1
iter    objective    inf_pr   inf_du lg(mu)  ||d||  lg(rg) alpha_du alpha_pr  ls
3390  1.1898643e-03 4.59e-04 3.23e-03  -4.1 1.93e-02    -  1.00e+00 1.00e+00h  1
3391  7.1533643e-04 4.33e-05 4.38e-03  -4.1 7.24e-03    -  1.00e+00 1.00e+00h  1
3392  7.1169389e-04 7.60e-05 2.21e-02  -4.1 9.69e-03    -  1.00e+00 1.00e+00h  1
3393  7.0977753e-04 3.76e-05 3.99e-03  -4.1 6.35e-03    -  1.00e+00 1.00e+00h  1
3394  7.1802243e-04 1.15e-05 1.00e-02  -4.1 4.82e-03    -  1.00e+00 1.00e+00h  1
3395  7.1074124e-04 6.05e-06 2.93e-03  -4.1 3.53e-03    -  1.00e+00 1.00e+00h  1
3396  7.1060299e-04 4.02e-07 1.45e-03  -4.1 7.19e-04    -  1.00e+00 1.00e+00h  1
3397  7.1069443e-04 2.89e-08 3.08e-04  -4.1 1.78e-04    -  1.00e+00 1.00e+00h  1
3398  7.1044714e-04 5.59e-08 9.76e-04  -6.1 2.47e-04    -  1.00e+00 1.00e+00h  1
3399  7.0568606e-04 1.02e-04 1.21e-02  -6.1 6.95e-02    -  1.00e+00 1.48e-01h  3
iter    objective    inf_pr   inf_du lg(mu)  ||d||  lg(rg) alpha_du alpha_pr  ls
3400  7.0482227e-04 5.32e-05 6.81e-03  -6.1 4.09e-03    -  1.00e+00 5.00e-01h  2
3401  7.0703310e-04 1.53e-05 4.65e-04  -6.1 3.48e-03    -  1.00e+00 1.00e+00h  1
3402  7.0595699e-04 7.27e-07 1.41e-04  -6.1 7.22e-04    -  1.00e+00 1.00e+00h  1
3403  7.0570763e-04 4.66e-07 2.97e-04  -6.1 6.66e-04    -  1.00e+00 1.00e+00h  1
3404  7.0552520e-04 3.58e-08 3.89e-05  -6.1 2.36e-04    -  1.00e+00 1.00e+00h  1
3405  7.0531083e-04 4.70e-06 4.85e-03  -6.1 8.68e-03    -  1.00e+00 2.50e-01h  3
3406  7.0540079e-04 1.81e-06 3.88e-04  -6.1 1.96e-03    -  1.00e+00 1.00e+00h  1
3407  7.0501952e-04 1.20e-06 1.26e-04  -6.1 1.05e-03    -  1.00e+00 1.00e+00h  1
3408  9.7086161e-04 7.19e-03 1.56e-01  -4.0 9.55e-02    -  1.00e+00 1.00e+00f  1
3409  8.6155077e-04 2.65e-03 5.14e-02  -4.1 6.21e-02    -  1.00e+00 1.00e+00h  1
iter    objective    inf_pr   inf_du lg(mu)  ||d||  lg(rg) alpha_du alpha_pr  ls
3410  7.6609042e-04 1.01e-03 8.87e-02  -4.1 5.49e-02    -  1.00e+00 5.00e-01h  2
3411  7.9449912e-04 4.59e-04 1.54e-02  -4.1 5.24e-02    -  1.00e+00 4.83e-01H  1
3412  7.2627850e-04 1.98e-03 2.29e-02  -4.1 4.44e-02    -  1.00e+00 1.00e+00f  1
3413  7.1986708e-04 1.55e-03 8.18e-02  -4.1 1.62e-01    -  1.00e+00 1.25e-01h  4
3414  7.2139337e-04 1.16e-03 1.49e-02  -4.1 3.49e-02    -  1.00e+00 2.50e-01h  3
3415  9.5549161e-04 4.59e-04 1.92e-02  -4.1 2.94e-02    -  1.00e+00 1.00e+00h  1
3416  7.1032953e-04 1.54e-04 5.92e-03  -4.1 1.30e-02    -  1.00e+00 1.00e+00h  1
3417  7.0993280e-04 2.05e-06 1.45e-03  -4.1 1.70e-03    -  1.00e+00 1.00e+00h  1
3418  7.1749207e-04 2.23e-05 2.43e-02  -4.1 6.52e-03    -  1.00e+00 1.00e+00h  1
3419  7.1112266e-04 1.43e-05 6.56e-03  -4.1 4.44e-03    -  1.00e+00 1.00e+00h  1
iter    objective    inf_pr   inf_du lg(mu)  ||d||  lg(rg) alpha_du alpha_pr  ls
3420  7.1041054e-04 8.16e-07 1.10e-02  -4.1 2.75e-03    -  1.00e+00 1.00e+00H  1
3421  7.1019433e-04 1.73e-06 2.77e-03  -4.1 1.62e-03    -  1.00e+00 1.00e+00h  1
3422  7.1053500e-04 1.54e-07 1.27e-03  -4.1 4.15e-04    -  1.00e+00 1.00e+00h  1
3423  7.1039715e-04 1.08e-08 3.66e-04  -4.1 1.38e-04    -  1.00e+00 1.00e+00h  1
3424  7.1013653e-04 4.22e-08 1.11e-03  -6.1 2.78e-04    -  1.00e+00 1.00e+00h  1
3425  7.0130005e-04 6.67e-05 2.53e-04  -6.1 1.08e-02    -  1.00e+00 1.00e+00h  1
3426  7.1016584e-04 1.21e-05 2.43e-04  -5.9 3.78e-03    -  1.00e+00 1.00e+00h  1
3427  7.0627456e-04 3.62e-06 2.74e-04  -6.0 2.11e-03    -  1.00e+00 1.00e+00h  1
3428  7.0580562e-04 1.40e-07 7.83e-04  -6.0 5.95e-04    -  1.00e+00 1.00e+00h  1
3429  7.0539854e-04 7.63e-08 4.30e-05  -6.0 3.39e-04    -  1.00e+00 1.00e+00h  1
iter    objective    inf_pr   inf_du lg(mu)  ||d||  lg(rg) alpha_du alpha_pr  ls
3430  8.8453004e-04 6.08e-03 1.84e-01  -4.0 1.04e-01    -  1.00e+00 1.00e+00f  1
3431  7.7269158e-04 1.60e-03 4.60e-02  -4.1 5.23e-02    -  1.00e+00 1.00e+00h  1
3432  9.9819686e-04 4.60e-04 9.62e-03  -4.1 2.92e-02    -  1.00e+00 1.00e+00h  1
3433  7.3120606e-04 4.15e-04 1.07e-03  -4.1 2.64e-02    -  1.00e+00 1.00e+00h  1
3434  7.1722704e-04 7.36e-05 2.21e-03  -4.1 1.21e-02    -  1.00e+00 1.00e+00h  1
3435  7.1497424e-04 3.04e-05 5.47e-03  -4.1 6.91e-03    -  1.00e+00 1.00e+00h  1
3436  7.1857422e-04 4.39e-05 9.54e-03  -4.1 8.66e-03    -  1.00e+00 1.00e+00h  1
3437  7.2695715e-04 1.71e-05 3.58e-03  -4.1 5.83e-03    -  1.00e+00 1.00e+00h  1
3438  7.1052905e-04 2.22e-06 2.19e-03  -4.1 1.88e-03    -  1.00e+00 1.00e+00h  1
3439  7.1030398e-04 2.76e-07 2.21e-03  -4.1 6.41e-04    -  1.00e+00 1.00e+00h  1
iter    objective    inf_pr   inf_du lg(mu)  ||d||  lg(rg) alpha_du alpha_pr  ls
3440  7.1021434e-04 3.24e-08 2.93e-04  -4.1 2.09e-04    -  1.00e+00 1.00e+00h  1
3441  7.0987947e-04 7.70e-08 1.24e-03  -6.1 3.68e-04    -  1.00e+00 1.00e+00h  1
3442  7.0626799e-04 4.27e-05 1.41e-02  -6.1 6.22e-02    -  1.00e+00 1.42e-01h  3
3443  7.0693909e-04 4.35e-06 1.51e-04  -6.1 2.68e-03    -  1.00e+00 1.00e+00h  1
3444  7.0534604e-04 4.01e-07 9.93e-04  -6.1 8.31e-04    -  1.00e+00 1.00e+00h  1
3445  7.0522352e-04 5.73e-09 8.36e-05  -6.1 9.15e-05    -  1.00e+00 1.00e+00h  1
3446  9.0951261e-04 7.47e-03 2.30e-01  -4.0 1.15e-01    -  1.00e+00 1.00e+00f  1
3447  7.7418175e-04 2.04e-03 5.77e-02  -4.1 5.79e-02    -  1.00e+00 1.00e+00h  1
3448  7.3217779e-04 5.21e-04 1.42e-02  -4.1 3.05e-02    -  1.00e+00 1.00e+00h  1
3449  7.3153952e-04 2.38e-04 1.47e-03  -4.1 2.00e-02    -  1.00e+00 1.00e+00h  1
iter    objective    inf_pr   inf_du lg(mu)  ||d||  lg(rg) alpha_du alpha_pr  ls
3450  7.4263937e-04 6.35e-05 1.24e-01  -4.1 2.68e-02    -  1.00e+00 4.24e-01H  1
3451  7.1023830e-04 4.82e-05 9.39e-04  -4.1 9.35e-03    -  1.00e+00 1.00e+00f  1
3452  7.2155667e-04 2.14e-05 1.06e-02  -4.1 6.43e-03    -  1.00e+00 1.00e+00h  1
3453  7.0897370e-04 2.22e-05 4.48e-03  -4.1 6.34e-03    -  1.00e+00 1.00e+00h  1
3454  7.1210973e-04 4.09e-06 3.13e-03  -4.1 2.63e-03    -  1.00e+00 1.00e+00h  1
3455  7.1015482e-04 5.31e-07 4.67e-04  -4.1 9.27e-04    -  1.00e+00 1.00e+00h  1
3456  7.0986100e-04 4.53e-08 1.23e-03  -6.1 2.92e-04    -  1.00e+00 1.00e+00h  1
3457  7.0867761e-04 1.32e-06 1.05e-03  -6.1 1.42e-03    -  1.00e+00 1.00e+00h  1
3458  7.0816295e-04 2.02e-06 7.21e-03  -6.1 8.49e-03    -  1.00e+00 1.19e-01h  4
3459  7.0486301e-04 1.40e-05 2.75e-04  -6.1 4.19e-03    -  1.00e+00 1.00e+00h  1
iter    objective    inf_pr   inf_du lg(mu)  ||d||  lg(rg) alpha_du alpha_pr  ls
3460  7.0629328e-04 4.05e-06 2.31e-04  -6.1 2.31e-03    -  1.00e+00 1.00e+00h  1
3461  7.0533628e-04 1.08e-07 4.04e-04  -6.1 4.90e-04    -  1.00e+00 1.00e+00h  1
3462  7.0512919e-04 2.56e-08 4.65e-05  -6.1 2.28e-04    -  1.00e+00 1.00e+00h  1
3463  9.8034026e-04 8.58e-03 1.26e-01  -4.0 9.90e-02    -  1.00e+00 1.00e+00f  1
3464  7.7435692e-04 2.23e-03 3.34e-02  -4.1 5.34e-02    -  1.00e+00 1.00e+00h  1
3465  7.4759192e-04 5.94e-04 1.02e-02  -4.1 3.14e-02    -  1.00e+00 1.00e+00h  1
3466  1.1927716e-03 5.78e-04 3.38e-02  -4.1 4.01e-02    -  9.78e-01 5.00e-01h  2
3467  7.1457638e-04 3.61e-05 2.38e-03  -4.1 8.96e-03    -  1.00e+00 1.00e+00h  1
3468  7.1524933e-04 7.27e-04 6.00e-02  -4.1 3.26e-02    -  1.00e+00 1.00e+00h  1
3469  7.1548415e-04 1.83e-04 1.87e-02  -4.1 1.44e-02    -  1.00e+00 1.00e+00h  1
iter    objective    inf_pr   inf_du lg(mu)  ||d||  lg(rg) alpha_du alpha_pr  ls
3470  7.5727316e-04 1.35e-04 8.55e-03  -4.1 1.47e-02    -  1.00e+00 1.00e+00h  1
3471  7.0945216e-04 2.62e-05 3.58e-03  -4.1 6.39e-03    -  1.00e+00 1.00e+00h  1
3472  7.1203841e-04 1.62e-05 7.89e-03  -4.1 5.17e-03    -  1.00e+00 1.00e+00h  1
3473  7.1038290e-04 6.29e-06 2.24e-03  -4.1 3.29e-03    -  1.00e+00 1.00e+00h  1
3474  7.1061430e-04 3.39e-07 5.67e-04  -4.1 7.58e-04    -  1.00e+00 1.00e+00h  1
3475  7.1024844e-04 1.24e-07 7.89e-04  -6.1 4.54e-04    -  1.00e+00 1.00e+00h  1
3476  7.0914849e-04 1.08e-05 9.61e-03  -6.1 4.01e-02    -  1.00e+00 1.05e-01h  4
3477  7.0597733e-04 2.01e-06 4.97e-04  -6.1 2.02e-03    -  1.00e+00 1.00e+00h  1
3478  7.0692084e-04 4.25e-07 3.19e-04  -6.1 7.82e-04    -  1.00e+00 1.00e+00h  1
3479  7.0597489e-04 2.08e-08 2.64e-04  -6.1 1.79e-04    -  1.00e+00 1.00e+00h  1
iter    objective    inf_pr   inf_du lg(mu)  ||d||  lg(rg) alpha_du alpha_pr  ls
3480  7.0594578e-04 3.51e-09 2.51e-04  -6.1 8.23e-05    -  1.00e+00 1.00e+00h  1
3481  7.0537969e-04 5.78e-06 3.76e-04  -6.1 3.38e-03    -  1.00e+00 1.00e+00h  1
3482  7.0561560e-04 7.78e-07 2.45e-04  -6.1 8.97e-04    -  1.00e+00 1.00e+00h  1
3483  7.0518085e-04 1.44e-06 4.50e-05  -6.1 1.29e-03    -  1.00e+00 1.00e+00h  1
3484  7.0530538e-04 1.15e-07 5.40e-05  -6.1 3.79e-04    -  1.00e+00 1.00e+00h  1
3485  7.0520311e-04 4.45e-07 1.42e-04  -6.1 7.89e-04    -  1.00e+00 1.00e+00h  1
3486  7.0503180e-04 1.48e-06 1.77e-04  -6.1 1.43e-03    -  1.00e+00 1.00e+00h  1
3487  7.0506066e-04 1.36e-06 1.44e-03  -6.1 5.21e-03    -  1.00e+00 6.25e-02h  5
3488  7.0494455e-04 2.41e-07 6.98e-05  -6.1 6.44e-04    -  1.00e+00 1.00e+00h  1
3489  1.0357108e-03 8.38e-03 2.26e-01  -4.0 1.08e-01    -  1.00e+00 1.00e+00f  1
iter    objective    inf_pr   inf_du lg(mu)  ||d||  lg(rg) alpha_du alpha_pr  ls
3490  7.8139883e-04 2.44e-03 5.58e-02  -4.1 5.43e-02    -  1.00e+00 1.00e+00h  1
3491  7.5112520e-04 1.07e-03 2.04e-02  -4.1 3.65e-02    -  1.00e+00 1.00e+00h  1
3492  7.5738928e-04 8.46e-04 7.34e-02  -4.1 4.64e-02    -  1.00e+00 2.50e-01h  3
3493  7.3464676e-04 5.30e-05 4.54e-03  -4.1 7.69e-03    -  1.00e+00 1.00e+00h  1
3494  7.3355151e-04 1.68e-04 1.18e-01  -4.1 2.42e-02    -  1.00e+00 5.00e-01h  2
3495  7.4044178e-04 9.81e-05 8.13e-03  -4.1 1.07e-02    -  1.00e+00 1.00e+00h  1
3496  7.3124486e-04 3.33e-05 7.03e-03  -4.1 6.70e-03    -  1.00e+00 1.00e+00h  1
3497  7.1031277e-04 4.06e-05 1.44e-02  -4.1 7.70e-03    -  1.00e+00 1.00e+00h  1
3498  7.1373176e-04 2.32e-05 3.13e-03  -4.1 5.37e-03    -  1.00e+00 1.00e+00h  1
3499  7.1146216e-04 4.45e-06 5.97e-03  -4.1 2.50e-03    -  1.00e+00 1.00e+00h  1
iter    objective    inf_pr   inf_du lg(mu)  ||d||  lg(rg) alpha_du alpha_pr  ls
3500  7.1156326e-04 2.06e-06 2.53e-03  -4.1 1.89e-03    -  1.00e+00 1.00e+00h  1
3501  7.1147183e-04 9.78e-08 7.94e-04  -4.1 3.51e-04    -  1.00e+00 1.00e+00h  1
3502  7.1121342e-04 4.58e-08 8.65e-04  -6.1 2.21e-04    -  1.00e+00 1.00e+00h  1
3503  7.0972504e-04 1.97e-06 8.56e-04  -6.1 1.28e-03    -  1.00e+00 1.00e+00h  1
3504  7.0869362e-04 9.15e-06 8.22e-03  -6.1 1.19e-02    -  1.00e+00 1.87e-01h  3
3505  7.0710328e-04 6.23e-06 8.93e-03  -6.1 2.14e-03    -  1.00e+00 5.00e-01h  2
3506  7.0674599e-04 1.15e-07 6.58e-04  -6.1 4.88e-04    -  1.00e+00 1.00e+00h  1
3507  7.0623900e-04 4.35e-08 3.73e-04  -6.1 2.26e-04    -  1.00e+00 1.00e+00h  1
3508  7.0610307e-04 4.59e-08 5.24e-05  -6.1 2.03e-04    -  1.00e+00 1.00e+00h  1
3509  7.0545712e-04 3.29e-06 1.99e-04  -6.1 1.92e-03    -  1.00e+00 1.00e+00h  1
iter    objective    inf_pr   inf_du lg(mu)  ||d||  lg(rg) alpha_du alpha_pr  ls
3510  7.0594509e-04 1.73e-06 3.07e-03  -6.1 1.12e-03    -  1.00e+00 5.00e-01h  2
3511  7.0548067e-04 5.06e-07 2.32e-05  -6.1 8.02e-04    -  1.00e+00 1.00e+00h  1
3512  7.0550034e-04 1.29e-08 2.10e-05  -6.1 1.35e-04    -  1.00e+00 1.00e+00h  1
3513  7.0541561e-04 8.41e-07 1.41e-04  -6.1 9.42e-04    -  1.00e+00 1.00e+00h  1
3514  7.1358789e-04 1.58e-08 8.65e-04  -6.1 5.58e-03    -  1.00e+00 1.00e+00H  1
3515  7.0505210e-04 8.68e-06 2.64e-04  -6.1 3.41e-03    -  1.00e+00 1.00e+00h  1
3516  7.0505335e-04 1.83e-07 6.12e-05  -6.1 3.72e-04    -  1.00e+00 1.00e+00h  1
3517  9.3311451e-04 5.19e-03 1.93e-01  -4.0 1.09e-01    -  1.00e+00 1.00e+00f  1
3518  7.8984538e-04 1.59e-03 4.72e-02  -4.1 5.44e-02    -  1.00e+00 1.00e+00h  1
3519  7.6643129e-04 1.11e-03 8.20e-02  -4.1 6.65e-02    -  1.00e+00 2.50e-01h  3
iter    objective    inf_pr   inf_du lg(mu)  ||d||  lg(rg) alpha_du alpha_pr  ls
3520  1.8613892e-03 6.07e-04 2.00e-02  -4.1 4.81e-02    -  1.00e+00 1.00e+00H  1
3521  1.1692536e-03 3.82e-04 2.07e-02  -4.1 7.60e-02    -  1.00e+00 2.50e-01h  3
3522  7.3083023e-04 4.89e-04 1.39e-02  -4.1 4.36e-02    -  1.00e+00 1.00e+00H  1
3523  3.0379178e-03 7.40e-04 2.85e-02  -4.1 3.27e-02    -  1.00e+00 1.00e+00h  1
3524  7.2318906e-04 2.86e-04 1.16e-02  -4.1 2.15e-02    -  1.00e+00 1.00e+00h  1
3525  7.1445044e-04 1.34e-04 4.37e-03  -4.1 1.15e-02    -  1.00e+00 1.00e+00h  1
3526  7.1393416e-04 6.37e-05 1.47e-02  -4.1 7.09e-03    -  1.00e+00 1.00e+00h  1
3527  7.1430229e-04 1.57e-05 1.17e-02  -4.1 7.50e-03    -  1.00e+00 1.00e+00h  1
3528  7.4101598e-04 2.11e-05 4.69e-02  -4.1 1.35e-02    -  1.00e+00 1.00e+00H  1
3529  7.2332041e-04 1.69e-05 3.85e-02  -4.1 8.93e-03    -  1.00e+00 2.50e-01h  3
iter    objective    inf_pr   inf_du lg(mu)  ||d||  lg(rg) alpha_du alpha_pr  ls
3530  7.1401193e-04 1.89e-05 2.78e-01  -4.1 1.24e-02    -  1.00e+00 2.50e-01h  3
3531  7.1353303e-04 2.04e-05 8.00e-02  -4.1 1.55e-02    -  1.00e+00 1.25e-01h  4
3532  7.1275551e-04 2.03e-05 3.64e-01  -4.1 2.25e-02    -  1.00e+00 3.12e-02h  6
3533  7.1578333e-04 3.58e-06 9.00e-03  -4.1 7.93e-03    -  1.00e+00 1.00e+00H  1
3534  7.2140684e-04 1.44e-05 1.54e-01  -4.1 9.80e-03    -  1.00e+00 5.00e-01h  2
3535  7.1032765e-04 2.32e-05 3.00e-03  -4.1 5.19e-03    -  1.00e+00 1.00e+00h  1
3536  7.1248443e-04 3.05e-06 4.11e-03  -4.1 1.54e-03    -  1.00e+00 1.00e+00h  1
3537  7.1028935e-04 1.92e-06 2.28e-04  -4.1 1.28e-03    -  1.00e+00 1.00e+00h  1
3538  7.0995449e-04 1.10e-07 7.69e-04  -6.1 3.76e-04    -  1.00e+00 1.00e+00h  1
3539  7.0841063e-04 1.16e-05 8.83e-03  -6.1 7.71e-03    -  1.00e+00 5.00e-01h  2
iter    objective    inf_pr   inf_du lg(mu)  ||d||  lg(rg) alpha_du alpha_pr  ls
3540  7.0579894e-04 9.69e-06 4.59e-03  -6.1 4.62e-03    -  1.00e+00 3.31e-01h  2
3541  7.0545525e-04 7.01e-07 2.17e-04  -6.1 8.27e-04    -  1.00e+00 1.00e+00h  1
3542  7.0530375e-04 3.53e-08 9.84e-05  -6.1 2.05e-04    -  1.00e+00 1.00e+00h  1
3543  7.0521560e-04 5.41e-08 8.75e-05  -6.1 2.31e-04    -  1.00e+00 1.00e+00h  1
3544  7.0507853e-04 1.80e-06 1.57e-04  -6.1 1.26e-03    -  1.00e+00 1.00e+00h  1
3545  7.0637638e-04 5.73e-08 4.27e-04  -6.1 3.41e-03    -  1.00e+00 1.00e+00H  1
3546  7.0465448e-04 4.08e-06 1.91e-04  -6.1 1.93e-03    -  1.00e+00 1.00e+00h  1
3547  8.8136393e-04 3.54e-03 3.65e-01  -4.0 8.81e-02    -  1.00e+00 1.00e+00f  1
3548  7.5776727e-04 9.30e-04 8.60e-02  -4.1 4.42e-02    -  1.00e+00 1.00e+00h  1
3549  7.2738113e-04 2.72e-04 2.16e-02  -4.1 2.21e-02    -  1.00e+00 1.00e+00h  1
iter    objective    inf_pr   inf_du lg(mu)  ||d||  lg(rg) alpha_du alpha_pr  ls
3550  7.2187730e-04 1.93e-04 3.67e-02  -4.1 2.00e-02    -  1.00e+00 5.00e-01h  2
3551  7.5489395e-04 2.15e-04 6.34e-02  -4.1 2.42e-02    -  1.00e+00 5.00e-01h  2
3552  7.5647322e-04 6.02e-05 9.62e-03  -4.1 8.81e-03    -  1.00e+00 1.00e+00h  1
3553  7.1631718e-04 1.75e-04 6.44e-03  -4.1 1.50e-02    -  1.00e+00 1.00e+00h  1
3554  7.1304980e-04 4.56e-05 4.75e-03  -4.1 6.20e-03    -  1.00e+00 1.00e+00h  1
3555  7.1587943e-04 1.45e-05 4.94e-03  -4.1 3.81e-03    -  1.00e+00 1.00e+00h  1
3556  7.1045348e-04 3.42e-06 2.92e-03  -4.1 2.13e-03    -  1.00e+00 1.00e+00h  1
3557  7.1102711e-04 7.23e-07 2.16e-03  -4.1 1.00e-03    -  1.00e+00 1.00e+00h  1
3558  7.1086459e-04 5.80e-08 4.14e-04  -4.1 2.28e-04    -  1.00e+00 1.00e+00h  1
3559  7.1056588e-04 7.84e-08 1.10e-03  -6.1 2.84e-04    -  1.00e+00 1.00e+00h  1
iter    objective    inf_pr   inf_du lg(mu)  ||d||  lg(rg) alpha_du alpha_pr  ls
3560  7.0868929e-04 2.49e-04 1.62e-03  -6.1 3.23e-02    -  1.00e+00 5.00e-01h  2
3561  7.0247045e-04 1.38e-04 7.50e-03  -6.1 6.42e-03    -  1.00e+00 4.55e-01h  2
3562  7.0405653e-04 3.17e-05 9.89e-04  -6.1 5.73e-03    -  1.00e+00 1.00e+00h  1
3563  9.6593931e-04 4.23e-03 1.37e-01  -4.0 1.52e-01    -  1.00e+00 5.00e-01h  2
3564  8.0340117e-04 1.14e-03 1.95e-02  -4.1 4.02e-02    -  1.00e+00 1.00e+00h  1
3565  9.3365404e-04 8.24e-04 2.09e-03  -4.1 3.38e-02    -  1.00e+00 1.00e+00h  1
3566  7.4405618e-04 8.26e-05 3.96e-03  -4.1 9.16e-03    -  1.00e+00 1.00e+00h  1
3567  6.9405285e-04 4.71e-04 4.61e-02  -4.1 2.82e-02    -  1.00e+00 1.00e+00h  1
3568  7.1038754e-04 2.11e-04 1.56e-02  -4.1 1.47e-02    -  1.00e+00 1.00e+00h  1
3569  8.0137488e-04 1.16e-04 7.43e-03  -4.1 1.42e-02    -  1.00e+00 1.00e+00h  1
iter    objective    inf_pr   inf_du lg(mu)  ||d||  lg(rg) alpha_du alpha_pr  ls
3570  7.0936639e-04 3.81e-05 3.98e-03  -4.1 7.56e-03    -  1.00e+00 1.00e+00h  1
3571  7.1272787e-04 1.67e-05 8.23e-03  -4.1 5.25e-03    -  1.00e+00 1.00e+00h  1
3572  7.0963213e-04 6.95e-06 3.53e-03  -4.1 3.26e-03    -  1.00e+00 1.00e+00h  1
3573  7.1066717e-04 1.40e-06 2.60e-03  -4.1 1.24e-03    -  1.00e+00 1.00e+00h  1
3574  7.1049674e-04 4.58e-07 1.89e-03  -4.1 8.29e-04    -  1.00e+00 1.00e+00h  1
3575  7.1035774e-04 9.94e-08 3.03e-04  -4.1 3.09e-04    -  1.00e+00 1.00e+00h  1
3576  7.1004229e-04 6.41e-08 1.30e-03  -6.1 2.84e-04    -  1.00e+00 1.00e+00h  1
3577  7.0836408e-04 1.86e-05 1.01e-02  -6.1 5.10e-02    -  1.00e+00 9.52e-02h  4
3578  7.0579290e-04 1.20e-05 1.58e-02  -6.1 2.31e-03    -  1.00e+00 3.84e-01h  2
3579  7.0522071e-04 3.92e-07 2.42e-04  -6.1 7.44e-04    -  1.00e+00 1.00e+00h  1
iter    objective    inf_pr   inf_du lg(mu)  ||d||  lg(rg) alpha_du alpha_pr  ls
3580  7.0502584e-04 3.38e-08 7.76e-05  -6.1 2.02e-04    -  1.00e+00 1.00e+00h  1
3581  1.0428244e-03 8.31e-03 2.71e-01  -4.0 1.06e-01    -  1.00e+00 1.00e+00f  1
3582  8.0211609e-04 2.17e-03 6.79e-02  -4.1 5.31e-02    -  1.00e+00 1.00e+00h  1
3583  7.3355406e-04 5.78e-04 1.68e-02  -4.1 2.78e-02    -  1.00e+00 1.00e+00h  1
3584  7.1232249e-04 2.28e-04 2.11e-03  -4.1 1.72e-02    -  1.00e+00 1.00e+00h  1
3585  7.0831239e-04 1.55e-05 2.37e-03  -4.1 4.86e-03    -  1.00e+00 1.00e+00h  1
3586  7.1644739e-04 3.48e-05 1.39e-02  -4.1 6.89e-03    -  1.00e+00 1.00e+00h  1
3587  7.1068397e-04 1.38e-05 4.40e-04  -4.1 4.37e-03    -  1.00e+00 1.00e+00h  1
3588  7.1009181e-04 1.17e-07 2.22e-04  -6.1 4.72e-04    -  1.00e+00 1.00e+00h  1
3589  7.0954124e-04 4.44e-08 8.58e-04  -6.1 3.00e-04    -  1.00e+00 1.00e+00h  1
iter    objective    inf_pr   inf_du lg(mu)  ||d||  lg(rg) alpha_du alpha_pr  ls
3590  7.0845174e-04 6.69e-07 8.55e-04  -6.1 1.21e-03    -  1.00e+00 1.00e+00h  1
3591  7.0826463e-04 4.34e-07 5.58e-04  -6.1 3.68e-03    -  1.00e+00 1.00e+00H  1
3592  7.0555460e-04 3.46e-07 2.50e-04  -6.1 6.05e-04    -  1.00e+00 1.00e+00h  1
3593  7.0524561e-04 3.49e-08 2.99e-04  -6.1 2.48e-04    -  1.00e+00 1.00e+00h  1
3594  7.0501073e-04 1.74e-08 2.51e-05  -6.1 1.56e-04    -  1.00e+00 1.00e+00h  1
3595  1.0035651e-03 4.84e-03 3.90e-01  -4.0 1.08e-01    -  1.00e+00 1.00e+00f  1
3596  7.8527947e-04 1.24e-03 9.51e-02  -4.1 5.38e-02    -  1.00e+00 1.00e+00h  1
3597  7.3706635e-04 3.34e-04 2.28e-02  -4.1 2.77e-02    -  1.00e+00 1.00e+00h  1
3598  7.3918899e-04 1.20e-04 4.47e-03  -4.1 1.63e-02    -  1.00e+00 1.00e+00h  1
3599  7.4544172e-04 5.86e-05 6.86e-02  -4.1 1.99e-02    -  1.00e+00 6.50e-01H  1
iter    objective    inf_pr   inf_du lg(mu)  ||d||  lg(rg) alpha_du alpha_pr  ls
3600  7.0696955e-04 4.20e-05 4.07e-03  -4.1 9.29e-03    -  1.00e+00 1.00e+00f  1

Number of Iterations....: 3600

                                   (scaled)                 (unscaled)
Objective...............:   7.0696954707208219e-04    7.0696954707208219e-04
Dual infeasibility......:   4.0734290902352706e-03    4.0734290902352706e-03
Constraint violation....:   4.1971267348728247e-05    4.1971267348728247e-05
Variable bound violation:   0.0000000000000000e+00    0.0000000000000000e+00
Complementarity.........:   8.1768058056596958e-05    8.1768058056596958e-05
Overall NLP error.......:   4.0734290902352706e-03    4.0734290902352706e-03


Number of objective function evaluations             = 8383
Number of objective gradient evaluations             = 3601
Number of equality constraint evaluations            = 8383
Number of inequality constraint evaluations          = 8383
Number of equality constraint Jacobian evaluations   = 3601
Number of inequality constraint Jacobian evaluations = 3601
Number of Lagrangian Hessian evaluations             = 0
Total seconds in IPOPT                               = 32.153

EXIT: Maximum Number of Iterations Exceeded.
