This is Ipopt version 3.14.19, running with linear solver MUMPS 5.8.1.

Number of nonzeros in equality constraint Jacobian...:     9816
Number of nonzeros in inequality constraint Jacobian.:        8
Number of nonzeros in Lagrangian Hessian.............:        0

Total number of variables............................:     1388
                     variables with only lower bounds:        0
                variables with lower and upper bounds:      396
                     variables with only upper bounds:        0
Total number of equality constraints.................:     1188
Total number of inequality constraints...............:        1
        inequality constraints with only lower bounds:        0
   inequality constraints with lower and upper bounds:        0
        inequality constraints with only upper bounds:        1

iter    objective    inf_pr   inf_du lg(mu)  ||d||  lg(rg) alpha_du alpha_pr  ls
   0  1.7827595e+01 1.45e+00 5.67e-01   0.0 0.00e+00    -  0.00e+00 0.00e+00   0
   1  6.1487214e-01 7.98e-01 4.58e+00  -0.4 9.93e-01    -  7.76e-01 1.00e+00f  1
   2  5.1762132e-01 3.29e-01 2.35e+00  -0.9 5.82e-01    -  7.87e-01 1.00e+00h  1
   3  3.6844750e-01 3.14e-01 3.90e+00  -1.0 6.75e-01    -  9.62e-01 1.00e+00h  1
   4  3.8276071e-01 2.18e-01 3.35e+00  -1.3 7.37e-01    -  9.70e-01 1.00e+00h  1
   5  3.7065036e-01 2.05e-01 8.58e+00  -1.0 1.21e+00    -  1.00e+00 1.24e-01h  1
   6  3.9319891e-01 1.70e-01 8.06e+00  -1.0 1.31e+00    -  6.06e-01 2.64e-01h  2
   7  3.5217333e-01 1.47e-01 6.22e+00  -1.1 1.21e+00    -  5.57e-01 2.58e-01h  2
   8  4.6547127e-01 1.78e-01 1.21e+01  -0.8 1.82e+00    -  1.00e+00 2.12e-01h  2
   9  1.1552603e+00 2.80e-01 1.86e+01  -0.9 1.72e+00    -  4.27e-01 4.32e-01H  1
iter    objective    inf_pr   inf_du lg(mu)  ||d||  lg(rg) alpha_du alpha_pr  ls
  10  3.0464362e-01 6.40e-01 5.87e+00  -0.9 1.35e+00    -  8.27e-01 1.00e+00F  1
  11  3.4559404e-01 5.74e-01 7.24e+00  -1.1 9.59e-01    -  9.90e-01 1.00e+00h  1
  12  3.6405503e-01 5.20e-01 1.92e+00  -1.1 5.88e-01    -  9.86e-01 1.00e+00h  1
  13  3.9811966e-01 3.62e-01 5.10e+00  -1.1 9.71e-01    -  6.08e-01 1.00e+00h  1
  14  1.7616124e-01 1.05e-01 8.29e-01  -1.2 3.93e-01    -  1.00e+00 1.00e+00h  1
  15  1.4187735e-01 2.29e-02 4.86e-01  -2.0 1.64e-01    -  9.60e-01 1.00e+00h  1
  16  1.8710062e-01 7.38e-03 1.34e-01  -2.7 1.33e-01    -  9.89e-01 1.00e+00H  1
  17  1.1286562e-01 2.81e-03 7.51e-02  -3.7 7.47e-02    -  9.98e-01 1.00e+00h  1
  18  1.0706925e-01 2.77e-04 1.92e-02  -4.0 2.37e-02    -  1.00e+00 1.00e+00h  1
  19  9.1914949e-02 1.25e-02 7.32e-02  -3.5 1.48e-01    -  9.34e-01 1.00e+00h  1
iter    objective    inf_pr   inf_du lg(mu)  ||d||  lg(rg) alpha_du alpha_pr  ls
  20  1.0017676e-01 1.52e-02 8.93e-02  -3.7 2.78e-01    -  9.66e-01 1.00e+00H  1
  21  1.4966499e-01 9.40e-03 1.77e-01  -4.0 1.90e-01    -  1.00e+00 1.00e+00H  1
  22  6.2154417e-02 4.04e-03 8.85e-02  -4.1 9.37e-02    -  1.00e+00 1.00e+00h  1
  23  6.0799948e-02 1.26e-03 1.69e-02  -4.0 4.53e-02    -  1.00e+00 1.00e+00h  1
  24  5.5782080e-02 1.66e-03 1.13e-02  -4.0 4.48e-02    -  1.00e+00 1.00e+00h  1
  25  5.5543975e-02 1.24e-03 3.68e-01  -3.7 5.37e-01    -  1.00e+00 6.41e-03H  1
  26  5.3574514e-02 2.16e-01 2.52e-01  -4.0 4.87e-01    -  7.66e-01 1.00e+00h  1
  27  4.8695216e-02 1.95e-01 3.38e-01  -4.0 2.90e+00    -  4.30e-02 6.62e-02h  4
  28  4.7160623e-02 2.40e-01 2.19e-01  -3.4 3.89e+00    -  9.98e-01 1.42e-01h  2
  29  1.7659361e-01 2.68e-01 6.09e-02  -3.0 9.50e-01    -  8.42e-01 5.00e-01h  2
iter    objective    inf_pr   inf_du lg(mu)  ||d||  lg(rg) alpha_du alpha_pr  ls
  30  8.8409478e-02 4.01e-01 1.59e-01  -3.1 8.49e-01    -  1.00e+00 7.99e-01h  1
  31  3.6076720e+00 1.67e-01 4.63e-01  -3.1 4.91e-01    -  1.00e+00 1.00e+00H  1
  32  7.4082163e-02 1.17e-01 1.31e+00  -3.1 4.48e-01    -  8.26e-01 1.00e+00f  1
  33  5.5853917e-02 1.50e-02 3.38e-01  -3.1 1.80e-01    -  1.00e+00 1.00e+00h  1
  34  4.9186690e-02 1.41e-02 2.00e-01  -3.1 1.30e-01    -  1.00e+00 1.00e+00h  1
  35  3.7382044e-02 4.77e-03 5.92e-02  -3.7 7.88e-02    -  1.00e+00 9.88e-01h  1
  36  8.8819229e-02 5.10e-03 5.45e-02  -4.0 1.02e-01    -  1.00e+00 1.00e+00H  1
  37  3.4598136e-02 4.35e-03 5.92e-02  -4.1 7.61e-02    -  1.00e+00 1.00e+00h  1
  38  3.4250067e-02 2.01e-03 2.73e-02  -3.7 1.26e-02    -  1.00e+00 5.38e-01h  1
  39  3.3165600e-02 1.52e-03 1.98e-02  -4.0 4.30e-02    -  1.00e+00 1.00e+00h  1
iter    objective    inf_pr   inf_du lg(mu)  ||d||  lg(rg) alpha_du alpha_pr  ls
  40  3.1174224e-02 3.59e-03 1.62e-02  -4.0 5.69e-02    -  1.00e+00 1.00e+00h  1
  41  3.1212056e-02 5.79e-02 9.71e-02  -4.0 3.21e-01    -  1.00e+00 1.00e+00h  1
  42  1.6305595e-01 3.04e-02 1.16e-01  -4.1 1.85e-01    -  1.00e+00 1.00e+00h  1
  43  2.5452674e-02 1.48e-02 4.79e-02  -4.1 1.72e-01    -  1.00e+00 1.00e+00h  1
  44  2.4600809e-02 3.15e-03 7.24e-03  -4.0 7.00e-02    -  1.00e+00 1.00e+00h  1
  45  3.2249256e-02 1.25e-03 2.28e-02  -4.0 9.66e-02    -  1.00e+00 1.00e+00H  1
  46  2.1852556e-02 4.83e-03 4.97e-02  -4.0 8.71e-02    -  1.00e+00 1.00e+00h  1
  47  3.7045576e-02 2.04e-03 1.44e-02  -4.0 5.92e-02    -  9.84e-01 1.00e+00h  1
  48  2.2832000e-02 1.14e-03 2.39e-02  -4.1 4.21e-02    -  1.00e+00 6.69e-01h  1
  49  2.0702554e-02 6.51e-04 1.85e-02  -4.0 3.32e-02    -  1.00e+00 1.00e+00f  1
iter    objective    inf_pr   inf_du lg(mu)  ||d||  lg(rg) alpha_du alpha_pr  ls
  50  2.0475157e-02 1.23e-04 1.33e-02  -4.0 1.43e-02    -  1.00e+00 1.00e+00h  1
  51  1.9069752e-02 7.60e-03 3.87e-01  -4.0 2.37e-01    -  1.00e+00 4.70e-01H  1
  52  1.8455760e-02 1.23e-02 3.87e-01  -4.0 3.20e-01    -  1.00e+00 5.00e-01h  2
  53  3.3835624e-02 1.05e-02 4.02e-01  -4.0 3.90e-01    -  1.00e+00 2.50e-01h  3
  54  1.7100994e-02 3.92e-03 2.06e-01  -4.1 8.91e-02    -  1.00e+00 1.00e+00h  1
  55  1.7120388e-02 7.74e-04 2.50e-02  -4.0 3.77e-02    -  1.00e+00 1.00e+00h  1
  56  1.6469175e-02 2.69e-03 3.91e-02  -4.0 6.91e-02    -  1.00e+00 1.00e+00h  1
  57  1.5750984e-02 2.55e-03 1.92e-01  -3.7 2.28e-01    -  1.00e+00 2.50e-01h  3
  58  1.5756271e-02 3.29e-03 1.02e-01  -4.0 1.88e-01    -  1.00e+00 2.50e-01h  3
  59  1.5290486e-02 7.88e-03 8.70e-02  -4.1 1.88e-01    -  1.00e+00 5.00e-01h  2
iter    objective    inf_pr   inf_du lg(mu)  ||d||  lg(rg) alpha_du alpha_pr  ls
  60  1.4562583e-02 4.00e-03 2.57e-02  -4.0 7.42e-02    -  1.00e+00 1.00e+00h  1
  61  1.4278604e-02 6.13e-04 8.72e-03  -4.0 2.42e-02    -  1.00e+00 1.00e+00h  1
  62  1.4222988e-02 5.76e-04 5.43e-02  -4.0 2.19e-01    -  1.00e+00 6.25e-02h  5
  63  1.3737305e-02 3.58e-03 2.25e-02  -4.0 8.33e-02    -  1.00e+00 1.00e+00h  1
  64  1.3683612e-02 3.64e-03 5.94e-02  -4.0 5.27e-01    -  1.00e+00 6.25e-02h  5
  65  1.2996090e-02 8.41e-03 1.28e-01  -4.0 1.04e-01    -  1.00e+00 1.00e+00h  1
  66  1.1848831e-02 3.40e-03 3.22e-02  -4.0 6.37e-02    -  1.00e+00 1.00e+00h  1
  67  1.1652700e-02 3.43e-03 3.05e-02  -4.0 2.94e-01    -  1.00e+00 6.25e-02h  5
  68  1.1029442e-02 4.35e-03 2.12e-02  -4.0 7.01e-02    -  1.00e+00 1.00e+00h  1
  69  1.0886062e-02 1.87e-02 5.05e-02  -4.0 1.87e-01    -  1.00e+00 1.00e+00h  1
iter    objective    inf_pr   inf_du lg(mu)  ||d||  lg(rg) alpha_du alpha_pr  ls
  70  3.0297609e-02 2.65e-02 5.72e-02  -4.0 2.42e-01    -  1.00e+00 1.00e+00H  1
  71  1.2939280e-02 2.14e-02 6.22e-02  -4.1 2.11e-01    -  1.00e+00 1.00e+00h  1
  72  1.2892485e-02 5.38e-03 2.33e-02  -4.1 1.24e-01    -  1.00e+00 1.00e+00H  1
  73  1.0707798e-02 6.49e-03 6.99e-02  -4.1 1.63e-01    -  1.00e+00 2.00e-01H  1
  74  1.1327352e-02 2.07e-03 5.79e-03  -4.0 1.36e-01    -  1.00e+00 1.00e+00h  1
  75  1.0874342e-02 2.02e-03 8.14e-01  -3.6 2.65e-01    -  1.00e+00 2.50e-02H  1
  76  9.2043045e-03 2.29e-03 1.25e-02  -4.0 1.10e-01    -  1.00e+00 1.00e+00h  1
  77  9.4562905e-03 1.98e-03 1.09e-02  -4.0 5.38e-02    -  1.00e+00 1.00e+00h  1
  78  1.2306985e-02 3.22e-03 1.06e-02  -4.0 6.01e-02    -  1.00e+00 1.00e+00H  1
  79  8.9186139e-03 1.07e-03 3.43e-03  -4.0 3.61e-02    -  1.00e+00 1.00e+00h  1
iter    objective    inf_pr   inf_du lg(mu)  ||d||  lg(rg) alpha_du alpha_pr  ls
  80  8.8726716e-03 1.06e-03 1.82e-02  -4.0 4.05e-02    -  1.00e+00 1.00e+00h  1
  81  8.9499967e-03 9.16e-04 3.90e-03  -4.0 2.84e-02    -  1.00e+00 1.00e+00h  1
  82  8.6395253e-03 1.99e-04 4.84e-03  -4.0 1.56e-02    -  1.00e+00 9.18e-01h  1
  83  9.0112881e-03 7.97e-04 1.41e-02  -4.0 2.93e-02    -  1.00e+00 1.00e+00h  1
  84  8.5539863e-03 3.13e-04 2.95e-03  -4.1 1.80e-02    -  1.00e+00 1.00e+00h  1
  85  8.5129353e-03 1.09e-04 9.03e-03  -4.0 1.50e-02    -  1.00e+00 1.00e+00h  1
  86  8.4186164e-03 1.44e-04 2.10e-02  -4.0 1.58e-02    -  1.00e+00 1.00e+00h  1
  87  8.3922717e-03 6.01e-04 5.37e-02  -4.0 7.78e-02    -  1.00e+00 5.00e-01h  2
  88  8.0311617e-03 1.83e-03 1.37e-01  -4.0 1.29e-01    -  1.00e+00 5.00e-01h  2
  89  9.6683238e-03 1.27e-03 4.52e-02  -4.0 7.29e-02    -  1.00e+00 1.00e+00h  1
iter    objective    inf_pr   inf_du lg(mu)  ||d||  lg(rg) alpha_du alpha_pr  ls
  90  7.5861541e-03 3.31e-04 3.88e-02  -4.1 2.97e-02    -  1.00e+00 1.00e+00h  1
  91  7.4819438e-03 1.88e-04 8.82e-03  -4.0 1.58e-02    -  1.00e+00 1.00e+00h  1
  92  7.2986649e-03 2.07e-04 4.62e-02  -4.0 3.19e-02    -  1.00e+00 1.00e+00h  1
  93  7.9128951e-03 1.99e-03 3.28e-01  -2.8 1.59e+00    -  9.41e-01 6.25e-02h  5
  94  7.9259276e-03 1.59e-03 2.56e+00  -2.9 1.22e+00    -  6.05e-01 1.41e-03H  1
  95  6.8514511e-03 1.67e-04 5.76e-02  -2.9 2.33e-02    -  1.00e+00 1.00e+00f  1
  96  6.7586192e-03 8.23e-05 1.28e-02  -4.0 1.70e-02    -  1.00e+00 1.00e+00h  1
  97  6.6789057e-03 1.48e-04 1.38e-01  -4.0 1.73e-01    -  1.00e+00 1.25e-01h  4
  98  6.4624509e-03 2.67e-03 1.52e-01  -4.0 4.46e-01    -  1.00e+00 2.50e-01h  3
  99  6.1871807e-03 3.32e-03 1.92e-01  -4.0 1.43e+00    -  1.00e+00 3.12e-02h  6
iter    objective    inf_pr   inf_du lg(mu)  ||d||  lg(rg) alpha_du alpha_pr  ls
 100  6.0880628e-03 3.64e-03 7.39e-02  -4.0 7.83e-02    -  1.00e+00 1.00e+00h  1
 101  5.9351670e-03 2.02e-03 3.31e-02  -4.0 5.37e-02    -  1.00e+00 1.00e+00h  1
 102  8.0318777e-03 1.87e-03 1.55e-02  -4.0 8.79e-02    -  9.83e-01 5.00e-01h  2
 103  5.3491266e-03 1.14e-03 2.11e-02  -4.1 5.62e-02    -  1.00e+00 8.63e-01h  1
 104  5.3281469e-03 4.38e-03 1.36e-01  -4.0 8.07e-02    -  1.00e+00 1.00e+00f  1
 105  5.1527864e-03 1.26e-03 2.64e-02  -4.0 4.24e-02    -  1.00e+00 1.00e+00h  1
 106  5.3969920e-03 3.28e-04 1.16e-02  -4.0 2.52e-02    -  1.00e+00 1.00e+00H  1
 107  5.2156995e-03 1.38e-03 2.63e-02  -4.0 4.03e-02    -  1.00e+00 1.00e+00h  1
 108  5.3081847e-03 3.86e-04 8.46e-03  -4.1 1.84e-02    -  1.00e+00 1.00e+00h  1
 109  5.2491840e-03 5.69e-04 8.48e-03  -4.0 2.30e-02    -  1.00e+00 1.00e+00h  1
iter    objective    inf_pr   inf_du lg(mu)  ||d||  lg(rg) alpha_du alpha_pr  ls
 110  5.0872686e-03 4.15e-04 3.77e-03  -4.1 3.10e-02    -  1.00e+00 1.00e+00h  1
 111  5.1259003e-03 6.45e-04 4.53e-01  -4.0 9.11e-02    -  1.00e+00 1.86e-01H  1
 112  5.0268221e-03 4.27e-05 3.45e-03  -4.0 9.06e-03    -  1.00e+00 1.00e+00h  1
 113  5.0081835e-03 1.08e-03 5.14e-02  -4.0 3.01e-02    -  1.00e+00 1.00e+00h  1
 114  4.9761633e-03 3.01e-04 9.03e-03  -4.0 1.50e-02    -  1.00e+00 1.00e+00h  1
 115  5.0080749e-03 7.63e-05 1.31e-02  -4.0 1.21e-02    -  1.00e+00 1.00e+00H  1
 116  4.9878900e-03 1.39e-04 1.71e-02  -4.0 1.19e-02    -  1.00e+00 1.00e+00h  1
 117  4.9571898e-03 9.41e-05 7.48e-03  -4.1 1.31e-02    -  1.00e+00 1.00e+00h  1
 118  4.9536499e-03 5.46e-06 8.90e-03  -4.0 7.10e-03    -  1.00e+00 1.00e+00H  1
 119  4.9382063e-03 1.35e-05 1.33e-02  -4.0 4.87e-03    -  1.00e+00 1.00e+00h  1
iter    objective    inf_pr   inf_du lg(mu)  ||d||  lg(rg) alpha_du alpha_pr  ls
 120  4.9041233e-03 1.26e-05 1.38e-02  -4.0 5.07e-03    -  1.00e+00 1.00e+00h  1
 121  4.8349662e-03 2.10e-05 3.41e-02  -4.0 9.22e-03    -  1.00e+00 1.00e+00h  1
 122  4.8159001e-03 4.37e-03 1.38e-01  -4.0 1.40e-01    -  1.00e+00 1.00e+00h  1
 123  4.9758048e-03 4.28e-03 1.73e-01  -4.0 5.09e-01    -  1.00e+00 6.25e-02h  5
 124  8.8787431e-03 1.78e-03 3.02e-01  -4.1 1.65e-01    -  1.00e+00 1.00e+00H  1
 125  7.8821194e-03 1.80e-03 4.37e-01  -4.1 4.25e-01    -  1.00e+00 1.98e-01h  3
 126  4.9451907e-03 2.17e-03 1.50e-01  -4.1 1.81e-01    -  1.00e+00 5.00e-01h  2
 127  5.4871378e-03 1.27e-03 5.58e-02  -4.1 2.26e-01    -  9.95e-01 1.00e+00H  1
 128  5.4843363e-03 1.28e-03 3.49e-01  -4.1 6.30e-01    -  1.00e+00 5.87e-04H  1
 129  4.1012724e-03 3.07e-03 3.26e-02  -4.1 3.29e-01    -  8.47e-01 5.00e-01f  2
iter    objective    inf_pr   inf_du lg(mu)  ||d||  lg(rg) alpha_du alpha_pr  ls
 130  4.2957256e-03 8.26e-03 7.04e-02  -4.0 9.22e+00    -  1.37e-01 7.84e-03h  5
 131  5.1449084e-03 8.44e-03 2.89e-02  -4.2 2.45e-01    -  6.11e-01 2.50e-01h  3
 132  4.5077613e-03 2.57e-03 1.22e-02  -4.2 5.84e-02    -  1.00e+00 8.72e-01h  1
 133  4.2145219e-03 1.72e-02 7.38e-03  -3.9 3.02e-01    -  1.00e+00 5.00e-01f  2
 134  3.8310007e-03 1.41e-02 4.56e-03  -4.0 1.91e-01    -  1.00e+00 2.50e-01h  3
 135  3.5522559e-03 2.66e-02 3.20e-03  -3.5 1.09e+00    -  7.39e-01 1.25e-01h  4
 136  5.1295689e-03 2.55e-03 3.90e-03  -3.7 1.54e-01    -  1.00e+00 9.72e-01h  1
 137  4.4455998e-03 3.26e-02 3.65e-02  -3.8 2.35e-01    -  1.00e+00 1.00e+00h  1
 138  3.8587289e-03 1.28e-02 4.67e-03  -3.8 1.38e-01    -  1.00e+00 1.00e+00h  1
 139  4.4568261e-03 1.17e-02 3.80e-03  -4.0 1.90e-01    -  1.00e+00 2.50e-01h  3
iter    objective    inf_pr   inf_du lg(mu)  ||d||  lg(rg) alpha_du alpha_pr  ls
 140  4.2873940e-03 2.88e-03 3.00e-03  -4.0 3.49e-02    -  1.00e+00 7.55e-01h  1
 141  3.8671580e-03 4.04e-03 6.14e-03  -4.0 1.51e-01    -  1.00e+00 1.00e+00h  1
 142  3.5449135e-03 8.49e-04 2.25e-03  -4.0 6.89e-02    -  1.00e+00 9.31e-01h  1
 143  3.8466641e-03 2.00e-03 1.34e-02  -4.0 1.42e-01    -  1.00e+00 5.00e-01h  2
 144  3.3562022e-03 1.11e-03 2.19e-03  -4.1 5.11e-02    -  1.00e+00 1.00e+00h  1
 145  3.3995538e-03 4.89e-04 7.39e-03  -4.0 3.21e-02    -  1.00e+00 1.00e+00h  1
 146  3.3953402e-03 5.21e-04 1.08e-02  -4.0 2.58e-02    -  1.00e+00 1.00e+00h  1
 147  3.5696400e-03 5.66e-04 1.37e-01  -4.0 8.46e-02    -  1.00e+00 4.07e-01H  1
 148  3.6183915e-03 1.93e-04 9.79e-03  -4.1 5.74e-02    -  1.00e+00 1.00e+00h  1
 149  3.6613247e-03 2.75e-04 4.31e-03  -4.1 5.02e-02    -  1.00e+00 1.00e+00h  1
iter    objective    inf_pr   inf_du lg(mu)  ||d||  lg(rg) alpha_du alpha_pr  ls
 150  3.3277170e-03 1.69e-04 4.15e-03  -4.1 4.53e-02    -  1.00e+00 1.00e+00h  1
 151  3.3500034e-03 9.48e-05 6.56e-03  -4.0 1.16e-02    -  1.00e+00 1.00e+00h  1
 152  3.3171696e-03 2.76e-05 3.09e-03  -4.0 6.13e-03    -  1.00e+00 1.00e+00h  1
 153  3.3306689e-03 2.09e-05 9.37e-03  -4.0 5.66e-03    -  1.00e+00 1.00e+00h  1
 154  3.3174181e-03 6.61e-06 2.85e-03  -4.0 4.94e-03    -  1.00e+00 1.00e+00h  1
 155  3.3133778e-03 1.94e-06 5.27e-03  -4.0 1.11e-03    -  1.00e+00 1.00e+00h  1
 156  3.2841738e-03 5.89e-05 4.10e-02  -4.0 9.47e-03    -  1.00e+00 1.00e+00h  1
 157  3.2640751e-03 7.29e-05 1.76e-01  -4.0 1.23e-01    -  1.00e+00 6.25e-02h  5
 158  3.2678252e-03 1.33e-04 1.39e-01  -4.0 5.47e-02    -  1.00e+00 2.50e-01h  3
 159  3.2693618e-03 1.35e-04 1.75e-01  -4.1 6.94e-02    -  1.00e+00 1.00e+00H  1
iter    objective    inf_pr   inf_du lg(mu)  ||d||  lg(rg) alpha_du alpha_pr  ls
 160  3.2100632e-03 1.55e-04 6.62e-01  -4.1 5.16e-01    -  1.00e+00 3.12e-02h  6
 161  3.1680943e-03 7.41e-04 3.35e-01  -4.0 2.78e-01    -  1.00e+00 2.50e-01h  3
 162  3.1014148e-03 7.89e-04 3.58e-01  -4.0 1.31e+00    -  1.00e+00 3.12e-02h  6
 163  3.1956589e-03 1.56e-03 2.62e-01  -4.0 8.77e-02    -  1.00e+00 5.00e-01h  2
 164  3.2159324e-03 1.42e-03 1.49e-01  -4.0 1.54e-01    -  1.00e+00 1.00e+00h  1
 165  3.1760417e-03 3.05e-03 5.11e-02  -4.1 6.25e-02    -  1.00e+00 1.00e+00h  1
 166  3.2082629e-03 2.88e-03 1.19e-01  -4.1 1.66e-01    -  7.82e-01 1.25e-01h  4
 167  2.9844183e-03 2.26e-03 4.45e-02  -4.1 2.32e-01    -  1.00e+00 2.50e-01h  3
 168  3.7012008e-03 1.06e-03 6.26e-02  -3.6 5.37e-02    -  9.61e-01 5.00e-01h  2
 169  3.0619593e-03 3.46e-04 1.48e-02  -3.7 1.12e-01    -  1.00e+00 7.34e-01h  1
iter    objective    inf_pr   inf_du lg(mu)  ||d||  lg(rg) alpha_du alpha_pr  ls
 170  3.6873039e-03 5.58e-04 8.88e-03  -4.0 1.03e-01    -  1.00e+00 1.00e+00f  1
 171  2.4950001e-03 2.96e-04 7.07e-03  -4.1 1.09e-01    -  1.00e+00 1.00e+00h  1
 172  2.4770620e-03 8.38e-05 1.79e-02  -4.0 1.25e-02    -  1.00e+00 1.00e+00h  1
 173  2.4819784e-03 1.91e-04 2.26e-02  -4.0 1.25e-02    -  1.00e+00 1.00e+00h  1
 174  2.4691865e-03 6.73e-05 3.24e-03  -4.0 9.72e-03    -  1.00e+00 1.00e+00h  1
 175  2.5002551e-03 6.02e-05 1.36e-02  -4.0 8.46e-03    -  1.00e+00 1.00e+00h  1
 176  2.4613043e-03 3.71e-05 1.88e-03  -4.0 6.53e-03    -  1.00e+00 1.00e+00h  1
 177  2.4588044e-03 1.28e-06 3.09e-03  -4.0 2.61e-03    -  1.00e+00 1.00e+00h  1
 178  2.4336237e-03 2.01e-05 2.74e-02  -4.0 6.87e-03    -  1.00e+00 1.00e+00h  1
 179  2.4060885e-03 3.98e-05 3.89e-02  -4.0 6.97e-03    -  1.00e+00 1.00e+00h  1
iter    objective    inf_pr   inf_du lg(mu)  ||d||  lg(rg) alpha_du alpha_pr  ls
 180  2.3993403e-03 6.11e-05 4.67e-01  -4.0 4.29e-02    -  1.00e+00 1.25e-01h  4
 181  2.3735400e-03 1.21e-06 4.01e-02  -4.0 1.20e-02    -  1.00e+00 1.00e+00H  1
 182  2.3495377e-03 5.91e-05 1.48e-01  -4.0 8.70e-02    -  1.00e+00 1.25e-01h  4
 183  2.5814220e-03 4.04e-04 5.65e-01  -3.5 1.24e-01    -  1.00e+00 2.50e-01h  3
 184  2.4777542e-03 1.02e-03 2.12e-01  -3.6 4.03e-02    -  1.00e+00 1.00e+00h  1
 185  2.6515797e-03 2.23e-04 7.10e-02  -3.6 3.77e-02    -  1.00e+00 1.00e+00h  1
 186  2.4600131e-03 8.73e-04 5.15e-02  -3.6 4.31e-02    -  1.00e+00 1.00e+00h  1
 187  2.2604841e-03 5.03e-04 2.55e-02  -3.6 2.60e-02    -  1.00e+00 1.00e+00h  1
 188  2.5008490e-03 2.92e-04 1.57e-02  -4.0 4.40e-02    -  1.00e+00 5.00e-01h  2
 189  2.2862456e-03 9.18e-05 1.03e-02  -4.1 1.23e-02    -  1.00e+00 1.00e+00h  1
iter    objective    inf_pr   inf_du lg(mu)  ||d||  lg(rg) alpha_du alpha_pr  ls
 190  2.2548207e-03 6.36e-05 1.06e-02  -4.0 1.43e-02    -  1.00e+00 1.00e+00h  1
 191  2.2176644e-03 5.12e-05 1.68e-02  -4.0 8.21e-03    -  1.00e+00 1.00e+00h  1
 192  2.2056785e-03 4.10e-05 5.68e-03  -4.0 6.09e-03    -  1.00e+00 1.00e+00h  1
 193  2.2009850e-03 4.36e-06 1.05e-02  -4.0 2.71e-03    -  1.00e+00 1.00e+00h  1
 194  2.2158631e-03 5.84e-05 3.62e-02  -4.0 1.12e-02    -  1.00e+00 1.00e+00h  1
 195  2.0903073e-03 6.83e-04 1.22e-01  -4.1 6.60e-02    -  1.00e+00 5.00e-01h  2
 196  2.0853281e-03 6.58e-04 2.14e-01  -4.0 1.49e-01    -  1.00e+00 6.25e-02h  5
 197  2.2506377e-03 2.93e-04 1.01e-01  -4.0 3.39e-02    -  1.00e+00 1.00e+00H  1
 198  2.6646151e-03 4.38e-04 1.57e-01  -4.1 4.98e-02    -  1.00e+00 1.00e+00H  1
 199  2.3272959e-03 3.58e-04 2.50e-01  -4.1 7.43e-02    -  1.00e+00 2.50e-01h  3
iter    objective    inf_pr   inf_du lg(mu)  ||d||  lg(rg) alpha_du alpha_pr  ls
 200  2.1328446e-03 7.96e-04 5.34e-01  -4.1 4.96e-01    -  7.78e-01 6.25e-02h  5
 201  2.1183219e-03 1.03e-03 8.04e-02  -4.1 3.50e+00    -  4.64e-01 6.66e-03h  7
 202  2.0852360e-03 9.59e-04 4.53e-01  -4.1 1.20e-01    -  1.00e+00 1.25e-01h  4
 203  2.0720992e-03 1.27e-03 3.75e-01  -4.1 7.41e-01    -  1.00e+00 3.12e-02h  6
 204  2.0310835e-03 1.48e-03 4.00e-01  -3.7 2.65e+00    -  1.00e+00 1.00e-02h  7
 205  2.0077154e-03 1.47e-03 2.95e-01  -4.0 6.75e-01    -  1.00e+00 1.56e-02h  7
 206  2.0068804e-03 1.46e-03 3.00e-01  -4.0 3.87e-01    -  1.00e+00 1.56e-02h  7
 207  2.0017992e-03 1.46e-03 3.72e-01  -4.1 1.98e+00    -  9.35e-01 3.91e-03h  9
 208  1.9942602e-03 1.47e-03 2.89e-01  -4.0 3.60e-01    -  1.00e+00 3.12e-02h  6
 209  1.9805726e-03 1.61e-03 4.12e-01  -3.5 4.36e+00    -  1.00e+00 6.53e-03h  7
iter    objective    inf_pr   inf_du lg(mu)  ||d||  lg(rg) alpha_du alpha_pr  ls
 210  1.9685538e-03 1.60e-03 3.31e-01  -4.0 3.73e-01    -  1.00e+00 3.12e-02h  6
 211  1.9610808e-03 1.84e-03 3.47e-01  -4.0 4.52e-01    -  1.00e+00 6.25e-02h  5
 212  1.9227394e-03 1.88e-03 2.61e-01  -3.6 2.96e+00    -  1.00e+00 8.83e-03h  7
 213  1.9021616e-03 2.31e-03 2.02e-01  -3.8 1.32e+00    -  1.00e+00 3.12e-02h  6
 214  1.8814398e-03 2.31e-03 3.67e-01  -3.5 1.60e+00    -  1.00e+00 1.56e-02h  7
 215  1.9044509e-03 2.73e-03 2.99e-01  -3.7 1.06e+00    -  1.00e+00 3.12e-02h  6
 216  1.8782649e-03 2.95e-03 3.56e-01  -3.8 1.20e+00    -  8.42e-01 1.56e-02h  7
 217  1.7977811e-03 3.14e-03 3.46e-01  -3.8 5.65e+00    -  7.57e-01 1.38e-02h  7
 218  2.0335777e-03 3.25e-03 3.58e-01  -2.8 2.92e+00    -  1.00e+00 9.86e-03h  7
 219  2.0702529e-03 3.03e-03 3.11e-01  -2.9 1.58e-01    -  1.00e+00 4.60e-02H  1
iter    objective    inf_pr   inf_du lg(mu)  ||d||  lg(rg) alpha_du alpha_pr  ls
 220  6.0744563e-03 3.43e-03 1.17e-01  -2.9 1.05e-01    -  1.00e+00 1.00e+00F  1
 221  3.9556483e-03 3.10e-03 1.82e-01  -2.9 1.67e-01    -  1.00e+00 5.00e-01h  2
 222  2.8256356e-03 4.36e-03 1.04e-01  -2.9 2.92e-01    -  1.00e+00 2.50e-01h  3
 223  2.9321294e-03 3.56e-03 1.01e-01  -2.9 1.48e-01    -  1.00e+00 2.50e-01h  3
 224  1.9678497e-03 5.54e-03 5.22e-02  -2.9 8.88e-02    -  1.00e+00 1.00e+00h  1
 225  1.7070577e-03 2.31e-03 2.52e-02  -4.0 6.75e-02    -  9.99e-01 1.00e+00h  1
 226  2.0629764e-03 1.96e-03 3.26e-02  -4.0 1.70e-01    -  1.00e+00 2.50e-01h  3
 227  1.8523847e-03 1.91e-03 1.25e-02  -4.1 1.22e-01    -  1.00e+00 1.00e+00h  1
 228  2.1935440e-03 1.86e-03 9.01e-03  -4.0 4.97e-02    -  1.00e+00 1.00e+00h  1
 229  1.9113675e-03 2.23e-03 1.49e-02  -4.0 2.35e-01    -  1.00e+00 2.50e-01h  3
iter    objective    inf_pr   inf_du lg(mu)  ||d||  lg(rg) alpha_du alpha_pr  ls
 230  2.0255498e-03 1.03e-03 2.14e-02  -4.0 1.57e-01    -  1.00e+00 5.31e-01H  1
 231  1.4347674e-03 1.37e-03 6.52e-03  -4.0 9.96e-02    -  9.52e-01 1.00e+00h  1
 232  1.5679070e-03 2.41e-03 4.00e-02  -4.0 1.94e-01    -  1.00e+00 5.00e-01h  2
 233  3.7090097e-03 6.09e-03 2.14e-02  -4.1 8.13e-02    -  1.00e+00 1.00e+00h  1
 234  1.6034716e-03 3.42e-03 1.04e-02  -4.1 7.10e-02    -  1.00e+00 1.00e+00h  1
 235  3.4270516e-03 2.06e-03 4.20e-03  -4.1 1.05e-01    -  1.00e+00 1.00e+00h  1
 236  1.6169205e-03 2.37e-04 2.07e-03  -4.1 4.10e-02    -  1.00e+00 1.00e+00h  1
 237  1.5275889e-03 4.46e-04 4.65e-01  -4.0 1.48e-01    -  1.00e+00 8.70e-02H  1
 238  1.8963480e-02 3.16e-02 5.73e-02  -2.6 4.00e-01    -  7.52e-01 5.00e-01f  2
 239  1.3769555e-02 1.95e-01 7.83e-02  -2.9 5.17e-01    -  1.00e+00 1.00e+00h  1
iter    objective    inf_pr   inf_du lg(mu)  ||d||  lg(rg) alpha_du alpha_pr  ls
 240  6.5335078e-03 9.65e-02 3.57e-02  -2.9 1.09e+00    -  1.00e+00 5.00e-01h  2
 241  1.0012297e-01 2.02e-02 2.96e-02  -2.9 3.15e-01    -  1.00e+00 8.10e-01H  1
 242  1.0990563e-02 1.80e-02 6.85e-02  -2.9 3.68e-01    -  1.00e+00 1.00e+00h  1
 243  2.9657042e-03 2.53e-02 3.87e-02  -2.9 1.63e-01    -  1.00e+00 1.00e+00h  1
 244  5.5016507e-02 1.09e-02 4.16e-02  -2.9 4.33e-01    -  1.00e+00 1.00e+00h  1
 245  2.2765667e-03 1.38e-02 3.61e-02  -2.9 3.45e-01    -  1.00e+00 1.00e+00h  1
 246  2.6976885e-03 1.62e-02 4.45e-02  -2.9 1.38e-01    -  1.00e+00 1.00e+00h  1
 247  1.5054971e-03 7.30e-03 1.60e-02  -2.9 8.76e-02    -  1.00e+00 1.00e+00h  1
 248  1.5160789e-03 9.71e-04 1.47e-02  -2.9 4.09e-02    -  1.00e+00 1.00e+00h  1
 249  1.6391915e-03 5.74e-04 1.11e-02  -4.0 2.45e-02    -  1.00e+00 1.00e+00h  1
iter    objective    inf_pr   inf_du lg(mu)  ||d||  lg(rg) alpha_du alpha_pr  ls
 250  1.4390679e-03 3.77e-04 7.12e-03  -4.0 2.29e-02    -  1.00e+00 1.00e+00h  1
 251  1.4529516e-03 1.93e-04 1.42e-02  -4.0 1.43e-02    -  1.00e+00 1.00e+00h  1
 252  1.4471323e-03 1.19e-04 2.21e-02  -4.0 1.21e-02    -  1.00e+00 8.95e-01H  1
 253  1.4902939e-03 3.96e-04 2.33e-02  -4.0 2.36e-02    -  1.00e+00 1.00e+00h  1
 254  1.4190069e-03 1.13e-04 3.90e-03  -4.1 9.26e-03    -  1.00e+00 1.00e+00h  1
 255  1.4239217e-03 5.77e-05 1.33e-02  -4.0 8.45e-03    -  1.00e+00 1.00e+00h  1
 256  1.4140692e-03 3.59e-05 4.75e-03  -4.0 6.86e-03    -  1.00e+00 1.00e+00h  1
 257  1.4145647e-03 5.29e-06 4.76e-03  -4.0 2.77e-03    -  1.00e+00 1.00e+00h  1
 258  1.4122452e-03 8.36e-07 1.27e-03  -4.0 9.45e-04    -  1.00e+00 1.00e+00h  1
 259  1.4110596e-03 3.78e-07 1.78e-03  -4.0 6.11e-04    -  1.00e+00 1.00e+00h  1
iter    objective    inf_pr   inf_du lg(mu)  ||d||  lg(rg) alpha_du alpha_pr  ls
 260  1.4009370e-03 1.66e-05 1.88e-02  -4.0 5.03e-03    -  1.00e+00 1.00e+00h  1
 261  1.4648130e-03 2.19e-06 6.22e-02  -4.0 1.07e-02    -  1.00e+00 1.00e+00H  1
 262  1.4259881e-03 1.05e-04 7.54e-02  -4.1 1.05e-02    -  1.00e+00 1.00e+00h  1
 263  1.4061990e-03 5.93e-05 7.49e-02  -4.1 1.39e-02    -  1.00e+00 5.00e-01h  2
 264  1.3759342e-03 7.84e-05 9.06e-03  -4.1 8.58e-03    -  1.00e+00 1.00e+00h  1
 265  1.4106197e-03 1.69e-05 2.22e-02  -4.0 5.10e-03    -  1.00e+00 1.00e+00h  1
 266  1.3739804e-03 1.04e-05 7.73e-03  -4.1 3.39e-03    -  1.00e+00 1.00e+00h  1
 267  1.3725402e-03 1.74e-05 1.32e-02  -4.0 4.18e-03    -  1.00e+00 1.00e+00h  1
 268  1.3704400e-03 5.37e-06 9.71e-04  -4.0 2.27e-03    -  1.00e+00 1.00e+00h  1
 269  1.3698499e-03 3.25e-08 8.31e-04  -4.0 2.19e-04    -  1.00e+00 1.00e+00h  1
iter    objective    inf_pr   inf_du lg(mu)  ||d||  lg(rg) alpha_du alpha_pr  ls
 270  1.3661048e-03 1.45e-06 6.05e-03  -4.0 1.49e-03    -  1.00e+00 1.00e+00h  1
 271  1.3590908e-03 1.90e-05 1.78e-01  -4.0 3.96e-02    -  1.00e+00 1.25e-01h  4
 272  1.3531092e-03 1.76e-04 6.36e-02  -4.0 1.29e-02    -  1.00e+00 1.00e+00h  1
 273  1.3347123e-03 5.90e-05 3.59e-02  -4.0 8.41e-03    -  1.00e+00 1.00e+00h  1
 274  1.3344452e-03 5.91e-06 1.12e-02  -4.0 4.55e-03    -  1.00e+00 1.00e+00H  1
 275  1.3494078e-03 1.01e-05 1.04e-02  -4.0 5.58e-03    -  1.00e+00 1.00e+00h  1
 276  1.3317784e-03 1.04e-06 2.09e-02  -4.1 5.22e-03    -  1.00e+00 1.00e+00H  1
 277  1.3321257e-03 4.82e-05 4.46e-02  -4.0 1.97e-02    -  1.00e+00 5.00e-01h  2
 278  1.3415837e-03 2.10e-04 8.39e-02  -4.1 2.68e-02    -  1.00e+00 1.00e+00h  1
 279  1.3085449e-03 1.92e-04 9.27e-02  -4.1 5.57e-02    -  1.00e+00 1.25e-01h  4
iter    objective    inf_pr   inf_du lg(mu)  ||d||  lg(rg) alpha_du alpha_pr  ls
 280  1.3670963e-03 3.69e-04 1.41e-01  -4.0 4.26e-02    -  1.00e+00 5.00e-01h  2
 281  1.3121477e-03 3.17e-04 6.49e-02  -4.1 2.74e-02    -  1.00e+00 5.00e-01h  2
 282  1.2774943e-03 1.91e-04 2.00e-02  -4.0 1.41e-02    -  1.00e+00 1.00e+00h  1
 283  1.2870396e-03 1.20e-04 1.34e-01  -4.0 2.00e-02    -  1.00e+00 6.65e-01H  1
 284  1.3690076e-03 8.49e-05 2.29e-01  -4.0 4.39e-02    -  1.00e+00 2.50e-01h  3
 285  1.3731286e-03 1.21e-03 6.97e-02  -4.1 4.51e-02    -  1.00e+00 1.00e+00h  1
 286  1.2415380e-03 4.85e-04 1.96e-02  -4.1 4.37e-02    -  1.00e+00 1.00e+00h  1
 287  1.2646071e-03 2.65e-04 1.41e-02  -4.0 3.35e-02    -  1.00e+00 5.00e-01h  2
 288  1.6124148e-03 8.85e-05 5.87e-02  -4.0 3.62e-02    -  1.00e+00 7.08e-01H  1
 289  1.2718132e-03 9.32e-04 6.21e-02  -4.1 4.25e-02    -  1.00e+00 1.00e+00h  1
iter    objective    inf_pr   inf_du lg(mu)  ||d||  lg(rg) alpha_du alpha_pr  ls
 290  1.2959322e-03 2.59e-03 2.71e-02  -4.1 5.90e-02    -  1.00e+00 1.00e+00h  1
 291  1.3777133e-03 1.30e-03 2.40e-02  -4.1 6.14e-02    -  1.00e+00 5.00e-01h  2
 292  1.2307631e-03 7.49e-04 8.97e-03  -4.1 3.07e-02    -  1.00e+00 1.00e+00h  1
 293  1.1985501e-03 6.58e-04 5.88e-02  -3.8 7.51e-02    -  9.28e-01 2.50e-01h  3
 294  1.1669928e-03 6.49e-05 2.49e-03  -4.0 9.38e-03    -  1.00e+00 1.00e+00h  1
 295  1.1835132e-03 1.64e-04 3.05e-02  -4.0 1.56e-02    -  1.00e+00 1.00e+00h  1
 296  1.1712040e-03 7.28e-05 5.15e-03  -4.1 8.78e-03    -  1.00e+00 1.00e+00h  1
 297  1.1766434e-03 1.43e-05 4.87e-03  -4.1 4.08e-03    -  1.00e+00 1.00e+00h  1
 298  1.1693358e-03 1.09e-05 7.97e-03  -4.0 2.85e-03    -  1.00e+00 1.00e+00h  1
 299  1.1715031e-03 1.41e-05 1.49e-02  -4.0 4.39e-03    -  1.00e+00 1.00e+00h  1
iter    objective    inf_pr   inf_du lg(mu)  ||d||  lg(rg) alpha_du alpha_pr  ls
 300  1.1666737e-03 8.92e-06 4.60e-03  -4.0 2.70e-03    -  1.00e+00 1.00e+00h  1
 301  1.1676214e-03 1.18e-06 2.14e-03  -4.0 1.26e-03    -  1.00e+00 1.00e+00h  1
 302  1.1665883e-03 1.89e-07 1.31e-03  -4.0 4.66e-04    -  1.00e+00 1.00e+00h  1
 303  1.1651032e-03 2.44e-07 2.59e-03  -4.0 7.39e-04    -  1.00e+00 1.00e+00h  1
 304  1.1884363e-03 1.58e-07 1.01e-01  -4.0 1.89e-02    -  1.00e+00 1.00e+00H  1
 305  1.1685027e-03 8.49e-06 2.81e-01  -4.1 1.08e-02    -  1.00e+00 5.00e-01h  2
 306  1.1865801e-03 2.32e-06 1.91e-02  -4.1 1.08e-02    -  1.00e+00 1.00e+00H  1
 307  1.1571207e-03 5.42e-05 2.22e-02  -4.1 9.21e-03    -  1.00e+00 1.00e+00h  1
 308  1.1397344e-03 3.77e-05 7.22e-03  -4.0 6.99e-03    -  1.00e+00 1.00e+00h  1
 309  1.1332332e-03 2.00e-05 1.39e-02  -4.0 6.37e-03    -  1.00e+00 1.00e+00h  1
iter    objective    inf_pr   inf_du lg(mu)  ||d||  lg(rg) alpha_du alpha_pr  ls
 310  1.1339306e-03 2.33e-05 2.68e-02  -4.0 6.39e-03    -  1.00e+00 1.00e+00h  1
 311  1.1406227e-03 1.15e-05 1.46e-02  -4.1 5.84e-03    -  1.00e+00 1.00e+00h  1
 312  1.1281728e-03 8.12e-07 1.33e-02  -4.0 4.94e-03    -  1.00e+00 1.00e+00H  1
 313  1.1359714e-03 1.30e-07 7.74e-03  -4.0 2.41e-03    -  1.00e+00 1.00e+00H  1
 314  1.1243865e-03 1.98e-06 4.67e-03  -4.0 2.23e-03    -  1.00e+00 1.00e+00h  1
 315  1.1235389e-03 5.53e-07 2.73e-03  -4.0 9.83e-04    -  1.00e+00 1.00e+00h  1
 316  1.1193118e-03 4.85e-06 1.45e-02  -4.0 3.87e-03    -  1.00e+00 1.00e+00h  1
 317  1.1149117e-03 2.90e-05 2.34e-01  -4.0 6.92e-02    -  1.00e+00 1.25e-01h  4
 318  1.1129070e-03 3.07e-04 4.14e-01  -4.0 2.22e-01    -  1.00e+00 1.25e-01h  4
 319  1.1115544e-03 3.07e-04 2.78e-01  -4.1 1.97e-01    -  1.00e+00 3.12e-02h  6
iter    objective    inf_pr   inf_du lg(mu)  ||d||  lg(rg) alpha_du alpha_pr  ls
 320  1.2414591e-03 6.83e-05 1.05e-01  -4.0 2.95e-02    -  1.00e+00 1.00e+00h  1
 321  1.3701455e-03 2.35e-05 1.01e-01  -4.1 1.24e-02    -  1.00e+00 1.00e+00h  1
 322  1.1240473e-03 1.72e-04 2.49e-02  -4.1 2.53e-02    -  1.00e+00 1.00e+00h  1
 323  1.1499965e-03 1.56e-04 1.57e-01  -4.1 1.09e-01    -  1.00e+00 2.50e-01h  3
 324  1.0746413e-03 4.40e-05 7.49e-03  -4.1 1.94e-02    -  1.00e+00 1.00e+00h  1
 325  1.0752327e-03 3.65e-05 2.89e-02  -4.0 3.08e-02    -  1.00e+00 2.50e-01h  3
 326  1.0892556e-03 3.24e-05 2.48e-01  -4.0 1.05e-02    -  1.00e+00 6.85e-01H  1
 327  1.0719256e-03 2.57e-05 1.36e-02  -4.0 1.39e-02    -  1.00e+00 1.00e+00h  1
 328  1.0981631e-03 8.60e-05 9.27e-03  -4.0 2.42e-02    -  1.00e+00 1.00e+00h  1
 329  1.0572214e-03 1.03e-04 1.16e-02  -4.0 2.19e-02    -  1.00e+00 1.00e+00h  1
iter    objective    inf_pr   inf_du lg(mu)  ||d||  lg(rg) alpha_du alpha_pr  ls
 330  1.0557287e-03 3.25e-05 8.81e-03  -4.0 7.63e-03    -  1.00e+00 1.00e+00h  1
 331  1.0574941e-03 9.06e-07 4.86e-03  -4.0 3.07e-03    -  1.00e+00 1.00e+00h  1
 332  1.0601555e-03 1.28e-05 1.74e-02  -4.0 5.29e-03    -  1.00e+00 1.00e+00h  1
 333  1.0452199e-03 4.62e-06 8.53e-03  -4.1 2.58e-03    -  1.00e+00 1.00e+00h  1
 334  1.0417142e-03 2.69e-06 7.84e-03  -4.0 3.26e-03    -  1.00e+00 1.00e+00h  1
 335  1.0351941e-03 1.74e-06 2.52e-02  -4.0 5.77e-03    -  1.00e+00 1.00e+00H  1
 336  1.0279231e-03 8.00e-05 1.85e-01  -4.0 3.57e-02    -  1.00e+00 5.00e-01h  2
 337  1.0224697e-03 8.31e-05 9.35e-02  -4.0 5.41e-02    -  1.00e+00 1.25e-01h  4
 338  1.0109500e-03 8.81e-05 1.84e-01  -4.0 3.81e-02    -  1.00e+00 2.50e-01h  3
 339  1.0142151e-03 1.09e-04 3.97e-01  -4.0 9.83e-02    -  1.00e+00 1.25e-01h  4
iter    objective    inf_pr   inf_du lg(mu)  ||d||  lg(rg) alpha_du alpha_pr  ls
 340  1.0106535e-03 1.06e-04 3.38e-01  -4.1 7.30e-02    -  1.00e+00 2.50e-01h  3
 341  9.9027204e-04 1.23e-04 2.16e-01  -4.1 3.54e-01    -  1.00e+00 3.12e-02h  6
 342  9.6134482e-04 6.21e-05 1.13e-01  -4.0 7.49e-02    -  1.00e+00 5.00e-01h  2
 343  9.4495312e-04 3.02e-04 2.89e-01  -4.0 7.54e-02    -  1.00e+00 5.00e-01h  2
 344  1.0247867e-03 3.10e-04 3.29e-01  -3.7 3.03e-01    -  1.00e+00 6.25e-02h  5
 345  9.1892258e-04 1.36e-04 3.18e-02  -3.8 2.23e-02    -  1.00e+00 1.00e+00h  1
 346  9.1954828e-04 9.89e-05 1.54e-02  -4.0 3.49e-02    -  1.00e+00 1.00e+00h  1
 347  9.7995492e-04 2.90e-05 3.94e-02  -4.0 2.35e-02    -  1.00e+00 1.00e+00H  1
 348  9.5112659e-04 8.95e-05 9.46e-02  -4.0 4.23e-02    -  1.00e+00 5.00e-01h  2
 349  9.2538482e-04 8.04e-05 1.74e-01  -4.1 2.00e-01    -  1.00e+00 6.25e-02h  5
iter    objective    inf_pr   inf_du lg(mu)  ||d||  lg(rg) alpha_du alpha_pr  ls
 350  8.7052872e-04 1.43e-04 3.07e-01  -4.1 1.84e-01    -  1.00e+00 1.25e-01h  4
 351  9.9079475e-04 1.47e-04 3.45e-01  -4.0 1.52e-01    -  1.00e+00 2.50e-01h  3
 352  1.0437655e-03 1.32e-04 6.51e-02  -4.1 1.33e-02    -  1.00e+00 1.00e+00h  1
 353  1.2076353e-03 1.59e-04 5.03e-02  -4.1 5.00e-02    -  1.00e+00 8.74e-01H  1
 354  1.0492827e-03 8.51e-05 3.16e-01  -4.1 5.71e-02    -  1.00e+00 2.50e-01f  3
 355  8.9288168e-04 2.69e-04 3.51e-01  -4.1 7.18e-01    -  1.00e+00 6.25e-02h  5
 356  9.1522215e-04 2.86e-04 3.64e-01  -4.1 2.36e-01    -  1.00e+00 6.25e-02h  5
 357  9.5900429e-04 9.82e-04 1.68e-01  -4.1 1.69e-01    -  1.00e+00 5.00e-01h  2
 358  8.6039810e-04 9.78e-04 8.62e-02  -4.1 2.25e-01    -  1.00e+00 2.56e-01h  2
 359  8.2904435e-04 3.62e-04 6.79e-03  -4.0 3.04e-02    -  1.00e+00 1.00e+00h  1
iter    objective    inf_pr   inf_du lg(mu)  ||d||  lg(rg) alpha_du alpha_pr  ls
 360  1.5660242e-03 6.67e-04 9.17e-02  -3.6 1.91e-01    -  7.75e-01 2.50e-01h  3
 361  8.2150496e-04 2.47e-04 5.23e-03  -3.8 4.29e-02    -  1.00e+00 1.00e+00h  1
 362  8.2262073e-04 4.99e-05 4.91e-03  -4.0 1.31e-02    -  1.00e+00 1.00e+00h  1
 363  8.1983085e-04 5.20e-05 1.99e-01  -4.0 8.70e-02    -  1.00e+00 3.12e-02h  6
 364  8.2097527e-04 6.84e-05 3.03e-02  -4.0 1.48e-02    -  1.00e+00 1.00e+00H  1
 365  8.3222029e-04 1.05e-04 1.53e-01  -4.0 3.98e-02    -  1.00e+00 2.50e-01h  3
 366  9.3586590e-04 6.15e-05 2.70e-02  -4.1 7.83e-03    -  1.00e+00 1.00e+00h  1
 367  8.2433926e-04 6.50e-05 1.14e-02  -4.0 1.22e-02    -  1.00e+00 1.00e+00h  1
 368  8.2121946e-04 5.11e-05 5.91e-02  -4.1 1.70e-02    -  1.00e+00 5.00e-01h  2
 369  8.9835576e-04 1.56e-05 4.66e-02  -4.1 1.51e-02    -  1.00e+00 9.57e-01H  1
iter    objective    inf_pr   inf_du lg(mu)  ||d||  lg(rg) alpha_du alpha_pr  ls
 370  1.0738227e-03 9.26e-04 2.15e-01  -4.0 7.48e-02    -  1.00e+00 1.00e+00f  1
 371  2.2722715e-02 6.31e-03 2.40e-01  -4.1 8.19e-02    -  1.00e+00 1.00e+00h  1
 372  8.9958410e-04 1.78e-03 7.26e-02  -4.1 4.83e-02    -  1.00e+00 1.00e+00h  1
 373  8.3604794e-04 4.77e-04 4.12e-02  -4.1 2.27e-02    -  1.00e+00 1.00e+00h  1
 374  9.5651171e-04 4.23e-04 5.61e-02  -4.1 3.73e-02    -  1.00e+00 5.00e-01h  2
 375  8.0075751e-04 1.50e-04 1.03e-01  -4.1 4.19e-02    -  1.00e+00 5.10e-01H  1
 376  7.9482842e-04 7.10e-05 4.79e-03  -4.0 1.04e-02    -  1.00e+00 1.00e+00f  1
 377  7.9841339e-04 9.83e-05 1.61e-02  -4.0 1.17e-02    -  1.00e+00 1.00e+00h  1
 378  7.8751020e-04 4.90e-05 3.13e-03  -4.0 8.67e-03    -  1.00e+00 1.00e+00h  1
 379  7.8708558e-04 3.21e-06 2.92e-03  -4.0 2.36e-03    -  1.00e+00 1.00e+00h  1
iter    objective    inf_pr   inf_du lg(mu)  ||d||  lg(rg) alpha_du alpha_pr  ls
 380  7.8784221e-04 1.68e-07 4.78e-03  -4.0 1.64e-03    -  1.00e+00 1.00e+00H  1
 381  7.8635124e-04 3.13e-06 7.45e-03  -4.0 2.10e-03    -  1.00e+00 1.00e+00h  1
 382  7.8600584e-04 1.82e-06 3.32e-03  -4.0 1.36e-03    -  1.00e+00 1.00e+00h  1
 383  7.8603845e-04 1.09e-07 5.89e-04  -4.0 3.29e-04    -  1.00e+00 1.00e+00h  1
 384  7.8616453e-04 6.06e-07 3.75e-03  -4.0 1.22e-03    -  1.00e+00 1.00e+00h  1
 385  7.8210585e-04 3.38e-06 1.15e-02  -4.1 3.56e-03    -  1.00e+00 1.00e+00h  1
 386  1.0265269e-03 2.32e-07 8.62e-02  -4.0 1.64e-02    -  1.00e+00 1.00e+00H  1
 387  8.0551599e-04 4.01e-05 6.23e-02  -4.1 9.43e-03    -  1.00e+00 1.00e+00h  1
 388  8.2484693e-04 2.07e-05 2.20e-02  -4.1 1.01e-02    -  1.00e+00 5.00e-01h  2
 389  7.7218306e-04 1.33e-05 9.07e-03  -4.1 3.83e-03    -  1.00e+00 1.00e+00h  1
iter    objective    inf_pr   inf_du lg(mu)  ||d||  lg(rg) alpha_du alpha_pr  ls
 390  7.7420582e-04 1.86e-05 2.13e-02  -4.0 4.87e-03    -  1.00e+00 1.00e+00h  1
 391  7.7007504e-04 8.34e-06 1.12e-02  -4.1 3.03e-03    -  1.00e+00 1.00e+00h  1
 392  7.6872800e-04 8.80e-08 5.79e-03  -4.0 1.84e-03    -  1.00e+00 1.00e+00H  1
 393  7.6492126e-04 1.88e-05 2.29e-02  -4.0 5.65e-03    -  1.00e+00 1.00e+00h  1
 394  7.6544245e-04 8.97e-06 6.15e-03  -4.0 3.43e-03    -  1.00e+00 1.00e+00h  1
 395  7.9513599e-04 8.89e-06 1.29e-02  -4.0 3.47e-03    -  1.00e+00 1.00e+00h  1
 396  7.6567283e-04 3.25e-06 2.33e-03  -4.1 2.22e-03    -  1.00e+00 1.00e+00h  1
 397  7.6503212e-04 1.49e-07 1.65e-03  -4.0 5.19e-04    -  1.00e+00 1.00e+00h  1
 398  7.6322319e-04 4.99e-06 1.62e-02  -4.0 4.21e-03    -  1.00e+00 1.00e+00h  1
 399  7.6106197e-04 2.21e-05 4.74e-02  -4.0 2.46e-01    -  1.00e+00 3.12e-02h  6
iter    objective    inf_pr   inf_du lg(mu)  ||d||  lg(rg) alpha_du alpha_pr  ls
 400  7.5858884e-04 9.80e-05 3.59e-01  -4.0 1.34e-01    -  1.00e+00 1.25e-01h  4
 401  7.5656930e-04 1.22e-04 4.31e-01  -4.1 6.58e-01    -  1.00e+00 1.56e-02h  7
 402  8.5044477e-04 1.02e-04 1.54e-01  -4.0 4.41e-02    -  1.00e+00 2.50e-01h  3
 403  7.5693150e-04 6.80e-05 3.37e-02  -4.1 1.64e-02    -  1.00e+00 1.00e+00h  1
 404  7.7793340e-04 6.79e-05 2.20e-02  -4.0 8.04e-02    -  1.00e+00 6.25e-02h  5
 405  7.5191644e-04 2.11e-06 1.49e-02  -4.1 3.65e-03    -  1.00e+00 1.00e+00h  1
 406  7.5340173e-04 1.67e-07 1.68e-02  -4.0 5.22e-03    -  1.00e+00 1.00e+00H  1
 407  7.5888653e-04 5.53e-05 6.93e-02  -4.0 1.57e-02    -  1.00e+00 1.00e+00h  1
 408  7.7789936e-04 6.28e-05 1.56e-01  -4.1 6.26e-02    -  1.00e+00 5.00e-01h  2
 409  7.7227117e-04 4.78e-05 1.46e-02  -4.1 2.06e-02    -  1.00e+00 1.00e+00h  1
iter    objective    inf_pr   inf_du lg(mu)  ||d||  lg(rg) alpha_du alpha_pr  ls
 410  7.5657791e-04 4.93e-05 4.06e-01  -4.1 1.46e-01    -  6.52e-01 1.25e-01h  4
 411  8.1547352e-04 4.89e-06 2.75e-02  -4.1 3.39e-02    -  1.00e+00 1.00e+00H  1
 412  8.0156513e-04 3.66e-06 3.08e-01  -4.1 1.09e-02    -  1.00e+00 2.50e-01h  3
 413  7.4881083e-04 2.06e-05 2.13e-02  -4.1 1.58e-02    -  1.00e+00 1.00e+00H  1
 414  7.4694387e-04 2.00e-05 1.32e-01  -4.0 8.09e-02    -  1.00e+00 1.25e-01h  4
 415  7.6039644e-04 7.09e-05 3.17e-02  -4.0 8.55e-03    -  1.00e+00 1.00e+00h  1
 416  7.4739522e-04 5.34e-05 6.06e-03  -4.1 1.01e-02    -  1.00e+00 1.00e+00h  1
 417  7.6419371e-04 6.35e-05 1.44e-01  -4.1 2.05e-02    -  1.00e+00 2.50e-01h  3
 418  7.4550144e-04 1.77e-05 3.02e-03  -4.1 5.22e-03    -  1.00e+00 1.00e+00h  1
 419  7.5368107e-04 5.00e-06 7.65e-03  -4.0 2.43e-03    -  1.00e+00 1.00e+00h  1
iter    objective    inf_pr   inf_du lg(mu)  ||d||  lg(rg) alpha_du alpha_pr  ls
 420  7.4454003e-04 1.30e-06 1.29e-03  -4.1 3.02e-03    -  1.00e+00 1.00e+00h  1
 421  7.4759212e-04 2.03e-06 6.17e-03  -4.0 1.33e-03    -  1.00e+00 1.00e+00h  1
 422  7.4453341e-04 1.20e-06 8.14e-04  -4.0 1.11e-03    -  1.00e+00 1.00e+00h  1
 423  7.4460356e-04 7.99e-08 1.18e-03  -4.0 2.64e-04    -  1.00e+00 1.00e+00h  1
 424  7.4452628e-04 1.81e-08 3.99e-04  -4.0 1.45e-04    -  1.00e+00 1.00e+00h  1
 425  7.4442449e-04 5.55e-09 4.85e-04  -4.0 1.47e-04    -  1.00e+00 1.00e+00h  1
 426  7.4368729e-04 6.85e-07 6.35e-03  -4.0 1.67e-03    -  1.00e+00 1.00e+00h  1
 427  7.7589005e-04 3.31e-07 8.46e-02  -4.0 1.44e-02    -  1.00e+00 1.00e+00H  1
 428  7.6308354e-04 9.90e-06 1.51e-01  -4.1 2.87e-02    -  1.00e+00 2.50e-01h  3
 429  7.4561232e-04 8.73e-06 1.16e-01  -4.1 1.88e-02    -  1.00e+00 1.25e-01h  4
iter    objective    inf_pr   inf_du lg(mu)  ||d||  lg(rg) alpha_du alpha_pr  ls
 430  7.3398556e-04 1.07e-05 2.19e-02  -4.1 7.17e-03    -  1.00e+00 1.00e+00h  1
 431  7.4319514e-04 6.16e-05 1.98e-01  -4.0 6.67e-02    -  1.00e+00 2.50e-01h  3
 432  7.4347296e-04 8.80e-05 1.09e-01  -4.1 3.84e-01    -  1.00e+00 3.12e-02h  6
 433  7.4284828e-04 9.53e-05 3.05e-01  -4.1 2.11e-01    -  1.00e+00 3.12e-02h  6
 434  7.9331720e-04 5.33e-05 1.35e-01  -4.1 3.98e-02    -  1.00e+00 1.00e+00H  1
 435  7.8282718e-04 5.78e-05 3.09e-01  -4.1 2.19e-01    -  1.00e+00 6.25e-02h  5
 436  7.7439570e-04 5.84e-05 1.60e-01  -4.1 2.17e-01    -  1.00e+00 6.25e-02h  5
 437  7.3220203e-04 1.17e-04 3.57e-02  -4.1 5.37e-02    -  1.00e+00 5.00e-01h  2
 438  7.2950587e-04 2.15e-04 5.15e-01  -4.0 3.59e-01    -  1.00e+00 6.25e-02h  5
 439  8.9257623e-04 2.14e-04 5.92e-01  -4.1 7.26e-01    -  1.00e+00 3.12e-02h  6
iter    objective    inf_pr   inf_du lg(mu)  ||d||  lg(rg) alpha_du alpha_pr  ls
 440  7.3431112e-04 4.94e-05 1.01e-02  -4.1 1.98e-02    -  1.00e+00 1.00e+00h  1
 441  8.7644974e-04 1.10e-04 5.89e-01  -4.1 6.77e-02    -  1.00e+00 4.43e-01H  1
 442  9.4990724e-04 1.54e-04 2.65e-01  -4.1 5.37e-02    -  1.00e+00 2.50e-01f  3
 443  7.5482842e-04 3.56e-05 8.64e-02  -4.1 4.55e-02    -  1.00e+00 1.00e+00H  1
 444  7.3812303e-04 3.46e-05 5.66e-01  -4.1 3.91e-02    -  7.42e-01 1.25e-01h  4
 445  7.4254480e-04 3.77e-05 1.21e-01  -4.1 1.21e-01    -  1.00e+00 1.25e-01h  4
 446  7.3872731e-04 3.77e-05 1.63e-01  -4.1 1.69e-01    -  1.00e+00 6.25e-02h  5
 447  7.4188858e-04 1.76e-05 2.33e-02  -4.1 2.19e-02    -  1.00e+00 1.00e+00h  1
 448  7.2767087e-04 1.24e-05 4.91e-03  -4.0 7.90e-03    -  1.00e+00 1.00e+00h  1
 449  7.3058288e-04 1.69e-06 1.63e-02  -4.0 8.24e-03    -  1.00e+00 1.00e+00H  1
iter    objective    inf_pr   inf_du lg(mu)  ||d||  lg(rg) alpha_du alpha_pr  ls
 450  7.3216944e-04 8.01e-06 1.49e-02  -4.0 3.46e-03    -  1.00e+00 1.00e+00h  1
 451  7.2609306e-04 2.30e-06 4.69e-03  -4.1 1.80e-03    -  1.00e+00 1.00e+00h  1
 452  7.2517427e-04 5.76e-07 1.83e-03  -4.0 7.25e-04    -  1.00e+00 1.00e+00h  1
 453  7.2516130e-04 7.96e-08 1.15e-03  -4.0 4.45e-04    -  1.00e+00 1.00e+00h  1
 454  7.2503183e-04 1.15e-07 2.13e-03  -4.0 4.96e-04    -  1.00e+00 1.00e+00h  1
 455  7.2473706e-04 8.09e-08 1.25e-03  -4.0 2.98e-04    -  1.00e+00 1.00e+00h  1
 456  7.2475077e-04 4.40e-08 8.19e-04  -4.0 2.42e-04    -  1.00e+00 1.00e+00h  1
 457  7.2451286e-04 5.45e-08 1.06e-03  -4.0 4.10e-04    -  1.00e+00 1.00e+00h  1
 458  7.2496952e-04 2.17e-05 2.85e-02  -4.0 7.59e-03    -  1.00e+00 1.00e+00h  1
 459  1.1360227e-03 9.47e-06 1.46e-01  -4.1 3.25e-02    -  1.00e+00 1.00e+00H  1
iter    objective    inf_pr   inf_du lg(mu)  ||d||  lg(rg) alpha_du alpha_pr  ls
 460  9.5576671e-04 1.20e-05 1.31e-01  -4.1 1.33e-02    -  1.00e+00 2.50e-01h  3
 461  8.9403755e-04 1.83e-05 8.22e-01  -4.1 7.50e-02    -  9.65e-01 6.25e-02h  5
 462  8.8419863e-04 1.90e-05 1.06e-01  -4.1 2.03e-01    -  1.00e+00 7.81e-03h  8
 463  8.7877775e-04 1.92e-05 1.85e-01  -4.1 2.08e-01    -  1.00e+00 3.91e-03h  9
 464  8.7062496e-04 1.92e-05 4.49e-01  -4.1 1.14e-01    -  1.00e+00 3.91e-03h  9
 465  8.3696396e-04 7.25e-04 3.46e-02  -4.1 3.93e-02    -  1.00e+00 1.00e+00h  1
 466  8.0354886e-04 6.80e-04 6.91e-01  -4.1 7.75e-02    -  8.37e-01 6.25e-02h  5
 467  7.2455792e-04 1.96e-04 1.67e-02  -4.1 2.09e-02    -  1.00e+00 1.00e+00h  1
 468  7.3512153e-04 3.23e-05 1.86e-02  -4.1 1.23e-02    -  1.00e+00 1.00e+00h  1
 469  8.8823946e-04 5.05e-06 5.78e-02  -4.1 2.21e-02    -  1.00e+00 1.00e+00H  1
iter    objective    inf_pr   inf_du lg(mu)  ||d||  lg(rg) alpha_du alpha_pr  ls
 470  7.3271486e-04 1.13e-05 4.45e-02  -4.1 3.64e-02    -  1.00e+00 1.00e+00H  1
 471  7.3291587e-04 1.51e-05 4.98e-01  -4.1 1.25e-02    -  9.68e-01 5.00e-01h  2
 472  7.3275582e-04 1.88e-05 1.35e-01  -4.1 1.63e-02    -  1.00e+00 2.50e-01h  3
 473  7.2451953e-04 1.21e-05 7.07e-03  -4.1 7.40e-03    -  1.00e+00 1.00e+00h  1
 474  7.2904564e-04 2.89e-06 8.92e-03  -4.1 3.41e-03    -  1.00e+00 1.00e+00h  1
 475  7.2416755e-04 2.82e-06 1.01e-02  -4.1 2.75e-03    -  1.00e+00 1.00e+00h  1
 476  7.4322439e-04 6.67e-06 1.38e-02  -4.0 3.12e-03    -  1.00e+00 1.00e+00h  1
 477  7.2309969e-04 2.30e-06 1.21e-03  -4.1 1.93e-03    -  1.00e+00 1.00e+00h  1
 478  7.2320921e-04 2.33e-07 7.64e-04  -4.0 4.74e-04    -  1.00e+00 1.00e+00h  1
 479  7.2314866e-04 2.93e-08 1.39e-03  -4.0 3.01e-04    -  1.00e+00 1.00e+00h  1
iter    objective    inf_pr   inf_du lg(mu)  ||d||  lg(rg) alpha_du alpha_pr  ls
 480  7.2293442e-04 2.37e-08 7.34e-04  -4.0 1.71e-04    -  1.00e+00 1.00e+00h  1
 481  7.2296462e-04 4.85e-09 2.90e-04  -4.0 7.99e-05    -  1.00e+00 1.00e+00h  1
 482  7.2281704e-04 1.01e-07 1.34e-03  -4.0 4.24e-04    -  1.00e+00 1.00e+00h  1
 483  7.7627878e-04 5.01e-08 6.29e-02  -4.0 1.26e-02    -  1.00e+00 1.00e+00H  1
 484  7.4597147e-04 5.27e-06 4.68e-02  -4.1 4.27e-03    -  1.00e+00 1.00e+00h  1
 485  7.2195802e-04 4.11e-05 2.12e-03  -4.1 7.61e-03    -  1.00e+00 1.00e+00h  1
 486  7.2942861e-04 1.61e-05 2.06e-02  -4.0 5.38e-03    -  1.00e+00 1.00e+00h  1
 487  7.2163159e-04 1.60e-05 2.91e-03  -4.1 5.58e-03    -  1.00e+00 1.00e+00h  1
 488  7.2444170e-04 1.48e-05 8.41e-02  -4.0 1.19e-02    -  1.00e+00 1.25e-01h  4
 489  7.2139781e-04 1.05e-06 4.00e-03  -4.1 1.05e-03    -  1.00e+00 1.00e+00h  1
iter    objective    inf_pr   inf_du lg(mu)  ||d||  lg(rg) alpha_du alpha_pr  ls
 490  7.2386928e-04 5.83e-08 6.08e-03  -4.0 1.19e-03    -  1.00e+00 1.00e+00H  1
 491  7.2126545e-04 3.04e-07 3.12e-03  -4.1 7.22e-04    -  1.00e+00 1.00e+00h  1
 492  7.2120814e-04 3.16e-08 5.44e-04  -4.0 2.26e-04    -  1.00e+00 1.00e+00h  1
 493  7.2103317e-04 1.72e-08 8.29e-04  -4.0 1.36e-04    -  1.00e+00 1.00e+00h  1
 494  7.2098595e-04 7.25e-08 1.38e-03  -4.0 3.67e-04    -  1.00e+00 1.00e+00h  1
 495  7.2152209e-04 9.82e-09 5.12e-03  -4.0 1.54e-03    -  1.00e+00 1.00e+00H  1
 496  7.2053910e-04 2.72e-06 1.13e-02  -4.1 2.49e-03    -  1.00e+00 1.00e+00h  1
 497  9.7136999e-04 7.83e-06 4.48e-02  -4.0 8.80e-03    -  1.00e+00 1.00e+00H  1
 498  7.2216076e-04 4.20e-05 2.08e-02  -4.1 9.16e-03    -  1.00e+00 1.00e+00h  1
 499  9.1002594e-04 9.71e-05 3.06e-02  -4.1 1.27e-02    -  1.00e+00 1.00e+00h  1
iter    objective    inf_pr   inf_du lg(mu)  ||d||  lg(rg) alpha_du alpha_pr  ls
 500  7.1895129e-04 6.21e-05 1.76e-03  -4.1 9.98e-03    -  1.00e+00 1.00e+00h  1
 501  7.1979545e-04 3.29e-06 7.79e-03  -4.0 2.06e-03    -  1.00e+00 1.00e+00h  1
 502  7.1902086e-04 1.80e-05 3.13e-02  -4.0 7.25e-03    -  1.00e+00 1.00e+00h  1
 503  7.1931104e-04 1.93e-05 2.84e-01  -4.0 3.16e-02    -  1.00e+00 1.25e-01h  4
 504  9.2516814e-04 1.29e-05 6.92e-02  -4.1 1.29e-02    -  1.00e+00 1.00e+00H  1
 505  7.1909446e-04 5.17e-06 1.46e-02  -4.1 1.42e-02    -  1.00e+00 1.00e+00H  1
 506  7.6960658e-04 4.28e-05 1.25e-01  -4.0 1.93e-02    -  1.00e+00 5.00e-01h  2
 507  7.2340664e-04 6.29e-06 5.89e-03  -4.1 3.40e-03    -  1.00e+00 1.00e+00h  1
 508  7.5244973e-04 1.83e-06 1.71e-02  -4.1 5.53e-03    -  1.00e+00 1.00e+00H  1
 509  7.1611858e-04 6.64e-06 4.25e-03  -4.1 3.46e-03    -  1.00e+00 1.00e+00h  1
iter    objective    inf_pr   inf_du lg(mu)  ||d||  lg(rg) alpha_du alpha_pr  ls
 510  7.1869502e-04 1.32e-05 1.58e-02  -4.0 3.57e-03    -  1.00e+00 1.00e+00h  1
 511  7.1617054e-04 6.73e-06 1.62e-03  -4.0 2.33e-03    -  1.00e+00 1.00e+00h  1
 512  7.1613579e-04 1.13e-07 1.24e-03  -4.0 4.18e-04    -  1.00e+00 1.00e+00h  1
 513  7.1606920e-04 1.27e-08 2.17e-04  -4.0 9.95e-05    -  1.00e+00 1.00e+00h  1
 514  7.1600827e-04 4.74e-09 2.86e-04  -4.0 8.64e-05    -  1.00e+00 1.00e+00h  1
 515  7.1790356e-04 2.54e-10 5.33e-03  -4.0 1.50e-03    -  1.00e+00 1.00e+00H  1
 516  7.1533025e-04 2.35e-07 5.89e-03  -4.0 7.19e-04    -  1.00e+00 1.00e+00h  1
 517  7.1532685e-04 8.61e-08 1.23e-03  -4.0 3.60e-04    -  1.00e+00 1.00e+00h  1
 518  7.1507403e-04 8.99e-11 8.43e-04  -4.0 2.76e-04    -  1.00e+00 1.00e+00H  1
 519  7.1508055e-04 1.64e-06 7.29e-03  -4.0 1.98e-03    -  1.00e+00 1.00e+00h  1
iter    objective    inf_pr   inf_du lg(mu)  ||d||  lg(rg) alpha_du alpha_pr  ls
 520  7.1501685e-04 4.47e-06 1.82e-01  -4.1 4.45e-02    -  1.00e+00 6.25e-02h  5
 521  7.1429442e-04 7.75e-06 1.58e-01  -4.1 5.05e-02    -  1.00e+00 6.25e-02h  5
 522  7.1409934e-04 1.25e-05 1.73e-01  -4.1 2.32e-02    -  1.00e+00 2.50e-01h  3
 523  1.3043633e-03 1.34e-06 2.13e-01  -4.1 4.39e-02    -  1.00e+00 1.00e+00H  1
 524  1.1595919e-03 1.10e-06 4.48e-01  -4.1 7.84e-03    -  1.00e+00 1.25e-01h  4
 525  7.2951166e-04 2.83e-06 4.93e-02  -4.1 6.42e-03    -  1.00e+00 1.00e+00H  1
 526  7.2233528e-04 1.72e-07 2.94e-03  -4.1 7.56e-03    -  1.00e+00 1.00e+00H  1
 527  7.2040291e-04 6.37e-07 4.68e-01  -4.1 7.50e-01    -  1.00e+00 1.95e-03h 10
 528  7.1233128e-04 6.85e-05 3.08e-01  -4.1 2.66e-01    -  1.00e+00 6.25e-02h  5
 529  7.1184213e-04 9.59e-05 2.58e-01  -4.1 1.84e-01    -  1.00e+00 6.25e-02h  5
iter    objective    inf_pr   inf_du lg(mu)  ||d||  lg(rg) alpha_du alpha_pr  ls
 530  7.3158094e-04 1.15e-04 1.47e-01  -4.0 2.73e-02    -  1.00e+00 5.00e-01h  2
 531  7.2369267e-04 1.05e-05 5.02e-02  -4.1 3.02e-02    -  1.00e+00 1.00e+00H  1
 532  7.1462872e-04 2.99e-05 6.73e-01  -4.1 1.51e-01    -  7.98e-01 6.25e-02h  5
 533  7.2310875e-04 3.03e-05 7.62e-02  -4.1 5.45e-02    -  1.00e+00 3.12e-02h  6
 534  7.1099952e-04 1.72e-05 1.21e-02  -4.1 5.11e-03    -  1.00e+00 1.00e+00h  1
 535  7.8616855e-04 4.86e-05 1.15e+00  -4.0 8.20e-03    -  1.00e+00 4.15e-01H  1
 536  7.2115559e-04 1.20e-05 2.05e-02  -4.1 3.86e-03    -  1.00e+00 1.00e+00h  1
 537  7.1980310e-04 2.27e-05 4.11e-03  -4.1 4.27e-03    -  1.00e+00 1.00e+00h  1
 538  7.1126169e-04 2.27e-07 4.80e-03  -4.1 2.99e-03    -  1.00e+00 1.00e+00H  1
 539  7.1551128e-04 5.68e-05 3.13e-02  -4.0 6.51e-03    -  1.00e+00 1.00e+00h  1
iter    objective    inf_pr   inf_du lg(mu)  ||d||  lg(rg) alpha_du alpha_pr  ls
 540  7.1163122e-04 2.13e-05 7.16e-03  -4.1 4.15e-03    -  1.00e+00 1.00e+00h  1
 541  7.0998329e-04 9.80e-06 1.38e-03  -4.1 2.83e-03    -  1.00e+00 1.00e+00h  1
 542  7.1031626e-04 5.57e-07 1.31e-03  -4.0 8.05e-04    -  1.00e+00 1.00e+00h  1
 543  7.1015413e-04 4.90e-08 1.79e-04  -4.0 2.47e-04    -  1.00e+00 1.00e+00h  1
 544  7.1011760e-04 3.21e-09 2.20e-04  -4.0 6.17e-05    -  1.00e+00 1.00e+00h  1
 545  7.0771691e-04 1.02e-05 1.65e-02  -4.0 3.70e-03    -  1.00e+00 1.00e+00h  1
 546  7.0956148e-04 4.04e-06 5.82e-03  -4.0 1.69e-03    -  1.00e+00 1.00e+00h  1
 547  7.2065758e-04 2.54e-06 5.34e-03  -4.0 1.77e-03    -  1.00e+00 1.00e+00h  1
 548  7.0895536e-04 1.50e-06 9.36e-04  -4.1 1.35e-03    -  1.00e+00 1.00e+00h  1
 549  7.0881235e-04 6.09e-08 8.53e-04  -4.0 3.14e-04    -  1.00e+00 1.00e+00h  1
iter    objective    inf_pr   inf_du lg(mu)  ||d||  lg(rg) alpha_du alpha_pr  ls
 550  7.0914036e-04 1.82e-08 8.21e-03  -4.0 2.19e-03    -  1.00e+00 1.00e+00H  1
 551  7.4163754e-04 7.81e-09 6.18e-02  -4.0 1.35e-02    -  1.00e+00 1.00e+00H  1
 552  7.2406435e-04 9.98e-05 4.85e-02  -4.1 1.11e-02    -  1.00e+00 1.00e+00h  1
 553  7.0838167e-04 4.98e-05 6.67e-03  -4.1 1.28e-02    -  1.00e+00 1.00e+00h  1
 554  7.3033554e-04 1.42e-04 2.28e-01  -4.1 2.47e-02    -  1.00e+00 5.00e-01h  2
 555  7.1115062e-04 8.14e-05 6.15e-03  -4.1 8.79e-03    -  1.00e+00 1.00e+00h  1
 556  7.1303537e-04 4.13e-05 1.06e-01  -4.1 3.50e-03    -  1.00e+00 5.00e-01h  2
 557  7.0836962e-04 8.61e-06 4.98e-03  -4.1 3.43e-03    -  1.00e+00 1.00e+00h  1
 558  7.1755203e-04 4.10e-06 8.46e-03  -4.0 2.65e-03    -  1.00e+00 1.00e+00h  1
 559  7.0793996e-04 1.29e-06 9.85e-04  -4.1 1.06e-03    -  1.00e+00 1.00e+00h  1
iter    objective    inf_pr   inf_du lg(mu)  ||d||  lg(rg) alpha_du alpha_pr  ls
 560  7.0823398e-04 2.10e-07 1.54e-03  -4.0 6.58e-04    -  1.00e+00 1.00e+00h  1
 561  7.0797840e-04 8.50e-08 8.53e-04  -4.0 2.69e-04    -  1.00e+00 1.00e+00h  1
 562  7.0803843e-04 9.42e-09 3.55e-04  -4.0 1.22e-04    -  1.00e+00 1.00e+00h  1
 563  7.0801838e-04 6.43e-09 5.00e-04  -4.0 2.21e-04    -  1.00e+00 1.00e+00h  1
 564  7.1004223e-04 1.38e-09 6.11e-03  -4.0 3.69e-03    -  1.00e+00 1.00e+00H  1
 565  7.0795226e-04 6.36e-07 2.05e-03  -4.0 2.14e-03    -  1.00e+00 1.00e+00h  1
 566  7.0790026e-04 6.32e-08 8.20e-04  -4.0 7.03e-04    -  1.00e+00 1.00e+00h  1
 567  7.0798946e-04 4.63e-12 6.74e-04  -4.0 1.79e-04    -  1.00e+00 1.00e+00H  1
 568  7.0784469e-04 1.35e-08 8.91e-04  -4.0 2.40e-04    -  1.00e+00 1.00e+00h  1
 569  7.0785334e-04 5.37e-09 3.35e-04  -4.0 2.34e-04    -  1.00e+00 1.00e+00h  1
iter    objective    inf_pr   inf_du lg(mu)  ||d||  lg(rg) alpha_du alpha_pr  ls
 570  7.0780676e-04 6.64e-09 4.19e-04  -4.0 2.65e-04    -  1.00e+00 1.00e+00h  1
 571  7.0788075e-04 1.09e-06 3.29e-02  -4.0 2.38e-02    -  1.00e+00 6.25e-02h  5
 572  7.0738223e-04 3.69e-06 1.55e-01  -4.1 1.87e-02    -  1.00e+00 1.25e-01h  4
 573  7.0759387e-04 5.58e-06 1.88e-01  -4.1 1.87e-02    -  1.00e+00 1.25e-01h  4
 574  7.0811938e-04 1.60e-05 2.59e-01  -4.1 4.41e-02    -  1.00e+00 1.25e-01h  4
 575  7.0729912e-04 1.62e-05 4.92e-02  -4.1 5.56e-02    -  1.00e+00 3.12e-02h  6
 576  7.0695824e-04 1.11e-05 5.06e-02  -4.1 5.32e-03    -  1.00e+00 5.00e-01h  2
 577  7.1276823e-04 5.37e-05 1.76e-01  -4.0 3.30e-02    -  1.00e+00 2.50e-01h  3
 578  7.6717163e-04 3.43e-05 2.62e-02  -4.1 2.32e-02    -  1.00e+00 1.00e+00H  1
 579  7.0829326e-04 1.12e-05 1.53e-02  -4.1 7.76e-03    -  1.00e+00 1.00e+00h  1
iter    objective    inf_pr   inf_du lg(mu)  ||d||  lg(rg) alpha_du alpha_pr  ls
 580  7.1166906e-04 2.08e-05 1.89e-02  -4.1 6.48e-03    -  1.00e+00 1.00e+00h  1
 581  7.0523427e-04 3.98e-05 1.48e-02  -4.1 7.46e-03    -  1.00e+00 1.00e+00h  1
 582  7.5631645e-04 3.91e-05 3.07e-02  -4.0 7.40e-03    -  1.00e+00 1.00e+00H  1
 583  7.3132243e-04 3.21e-05 9.92e-03  -4.1 8.11e-03    -  1.00e+00 1.00e+00h  1
 584  7.2261012e-04 6.23e-05 1.77e-01  -4.1 1.36e-02    -  1.00e+00 5.00e-01h  2
 585  7.3745189e-04 1.45e-05 9.96e-03  -4.1 4.91e-03    -  1.00e+00 1.00e+00h  1
 586  7.0805885e-04 1.81e-05 7.25e-03  -4.1 4.84e-03    -  1.00e+00 1.00e+00h  1
 587  7.0731062e-04 6.67e-06 6.60e-03  -4.1 3.61e-03    -  1.00e+00 1.00e+00h  1
 588  7.0942278e-04 8.89e-06 1.24e-02  -4.0 3.70e-03    -  1.00e+00 1.00e+00h  1
 589  7.0635227e-04 4.89e-06 6.39e-04  -4.1 2.42e-03    -  1.00e+00 1.00e+00h  1
iter    objective    inf_pr   inf_du lg(mu)  ||d||  lg(rg) alpha_du alpha_pr  ls
 590  7.0610643e-04 2.59e-07 7.22e-04  -4.0 6.90e-04    -  1.00e+00 1.00e+00h  1
 591  7.0621015e-04 2.61e-08 2.26e-04  -4.0 2.73e-04    -  1.00e+00 1.00e+00h  1
 592  7.0613400e-04 8.79e-09 5.96e-04  -4.0 1.09e-04    -  1.00e+00 1.00e+00h  1
 593  7.0649856e-04 1.51e-10 1.22e-02  -4.0 2.66e-03    -  1.00e+00 1.00e+00H  1
 594  7.2077785e-04 1.84e-11 3.01e-02  -4.0 4.02e-03    -  1.00e+00 1.00e+00H  1
 595  7.0910549e-04 1.28e-05 9.40e-03  -4.1 4.17e-03    -  1.00e+00 1.00e+00h  1
 596  7.0631443e-04 1.27e-05 1.56e-02  -4.1 1.18e-02    -  1.00e+00 1.25e-01h  4
 597  7.0734045e-04 1.67e-06 3.75e-03  -4.1 1.86e-03    -  1.00e+00 1.00e+00h  1
 598  7.0611886e-04 1.01e-06 3.77e-03  -4.1 1.18e-03    -  1.00e+00 1.00e+00h  1
 599  7.0564532e-04 1.99e-06 4.18e-03  -4.1 1.58e-03    -  1.00e+00 1.00e+00h  1
iter    objective    inf_pr   inf_du lg(mu)  ||d||  lg(rg) alpha_du alpha_pr  ls
 600  7.0597569e-04 7.35e-07 3.12e-03  -4.0 8.43e-04    -  1.00e+00 1.00e+00h  1
 601  7.0563433e-04 1.52e-06 6.18e-03  -4.0 1.33e-03    -  1.00e+00 1.00e+00h  1
 602  7.0548000e-04 9.37e-07 2.79e-04  -4.0 8.47e-04    -  1.00e+00 1.00e+00h  1
 603  7.0548378e-04 2.67e-09 2.22e-04  -4.0 5.06e-05    -  1.00e+00 1.00e+00h  1
 604  7.0546809e-04 1.76e-08 8.84e-04  -4.0 1.63e-04    -  1.00e+00 1.00e+00h  1
 605  7.0738407e-04 2.07e-10 7.81e-03  -4.0 1.79e-03    -  1.00e+00 1.00e+00H  1
 606  7.0651768e-04 3.37e-06 1.66e-02  -4.1 2.58e-03    -  1.00e+00 1.00e+00h  1
 607  7.0635892e-04 9.63e-06 1.52e-02  -4.1 1.26e-02    -  1.00e+00 2.50e-01h  3
 608  7.0802439e-04 4.00e-06 8.92e-03  -4.1 3.56e-03    -  1.00e+00 5.00e-01h  2
 609  7.0477058e-04 1.16e-06 2.55e-03  -4.1 1.41e-03    -  1.00e+00 1.00e+00h  1
iter    objective    inf_pr   inf_du lg(mu)  ||d||  lg(rg) alpha_du alpha_pr  ls
 610  7.0509217e-04 3.17e-07 3.70e-03  -4.0 7.65e-04    -  1.00e+00 1.00e+00h  1
 611  7.0479828e-04 6.81e-08 1.20e-03  -4.0 3.79e-04    -  1.00e+00 1.00e+00h  1
 612  7.0480245e-04 1.45e-10 2.01e-03  -4.0 5.17e-04    -  1.00e+00 1.00e+00H  1
 613  7.0463262e-04 1.69e-06 1.13e-02  -4.0 3.69e-02    -  1.00e+00 6.25e-02h  5
 614  7.0410571e-04 6.68e-06 1.43e-01  -4.0 1.32e-01    -  1.00e+00 3.12e-02h  6
 615  7.0402267e-04 6.98e-06 1.72e-01  -4.1 4.68e-02    -  1.00e+00 3.12e-02h  6
 616  7.0402019e-04 7.01e-06 2.27e-01  -4.1 3.01e-02    -  1.00e+00 3.12e-02h  6
 617  7.1501460e-04 9.29e-06 3.02e-02  -4.1 6.46e-03    -  1.00e+00 1.00e+00H  1
 618  7.2202201e-04 2.58e-06 8.96e-02  -4.1 1.86e-02    -  1.00e+00 1.00e+00H  1
 619  7.1820341e-04 5.29e-06 1.02e+00  -4.1 7.41e-02    -  1.00e+00 3.12e-02h  6
iter    objective    inf_pr   inf_du lg(mu)  ||d||  lg(rg) alpha_du alpha_pr  ls
 620  7.1966807e-04 5.74e-06 7.03e-02  -4.1 2.11e-02    -  1.00e+00 1.25e-01h  4
 621  7.2098971e-04 1.15e-05 4.06e-02  -4.1 4.90e-03    -  1.00e+00 1.00e+00h  1
 622  7.2216900e-04 5.76e-05 2.01e-02  -4.1 2.89e-02    -  1.00e+00 5.00e-01h  2
 623  7.1529158e-04 6.26e-05 2.59e-01  -4.1 5.73e-02    -  1.00e+00 6.25e-02h  5
 624  7.1340102e-04 3.92e-05 6.41e-02  -4.1 6.71e-03    -  1.00e+00 5.00e-01h  2
 625  7.0831375e-04 1.91e-04 3.60e-02  -4.1 1.43e-02    -  1.00e+00 1.00e+00h  1
 626  7.0964386e-04 1.63e-04 3.17e-02  -4.1 2.11e-02    -  1.00e+00 1.25e-01h  4
 627  7.0289444e-04 2.39e-05 4.16e-03  -4.1 5.32e-03    -  1.00e+00 1.00e+00h  1
 628  7.0952405e-04 5.54e-06 1.90e-02  -4.0 3.56e-03    -  1.00e+00 1.00e+00h  1
 629  7.0378410e-04 3.86e-06 4.38e-03  -4.1 2.52e-03    -  1.00e+00 1.00e+00h  1
iter    objective    inf_pr   inf_du lg(mu)  ||d||  lg(rg) alpha_du alpha_pr  ls
 630  7.0409052e-04 2.15e-06 7.39e-03  -4.0 2.06e-03    -  1.00e+00 1.00e+00h  1
 631  7.0295368e-04 4.83e-07 1.18e-03  -4.0 1.16e-03    -  1.00e+00 1.00e+00h  1
 632  7.0291624e-04 2.51e-09 2.42e-04  -4.0 1.41e-04    -  1.00e+00 1.00e+00h  1
 633  7.0297660e-04 3.81e-07 1.90e-03  -4.0 1.26e-03    -  1.00e+00 1.00e+00h  1
 634  7.0293748e-04 2.34e-08 1.37e-03  -4.1 2.23e-04    -  1.00e+00 1.00e+00h  1
 635  7.0273310e-04 9.51e-08 8.62e-04  -4.1 3.97e-04    -  1.00e+00 1.00e+00h  1
 636  7.0282565e-04 9.81e-09 4.52e-04  -4.0 1.18e-04    -  1.00e+00 1.00e+00h  1
 637  7.0277543e-04 3.00e-09 3.02e-04  -4.0 6.18e-05    -  1.00e+00 1.00e+00h  1
 638  7.0245135e-04 1.55e-07 1.67e-03  -4.0 4.55e-04    -  1.00e+00 1.00e+00h  1
 639  7.0553699e-04 9.23e-09 1.53e-02  -4.0 3.07e-03    -  1.00e+00 1.00e+00H  1
iter    objective    inf_pr   inf_du lg(mu)  ||d||  lg(rg) alpha_du alpha_pr  ls
 640  7.0696628e-04 2.23e-06 1.58e-02  -4.1 1.71e-03    -  1.00e+00 1.00e+00h  1
 641  7.0286080e-04 1.55e-05 4.96e-03  -4.1 4.08e-03    -  1.00e+00 1.00e+00h  1
 642  7.0460612e-04 1.15e-05 1.25e-02  -4.1 4.36e-03    -  1.00e+00 2.50e-01h  3
 643  7.0233138e-04 1.54e-06 7.75e-04  -4.1 1.57e-03    -  1.00e+00 1.00e+00h  1
 644  7.0498827e-04 2.14e-06 9.78e-03  -4.0 1.85e-03    -  1.00e+00 1.00e+00h  1
 645  7.0206371e-04 9.59e-07 1.64e-03  -4.1 1.26e-03    -  1.00e+00 1.00e+00h  1
 646  7.0267826e-04 2.98e-07 2.44e-03  -4.0 6.04e-04    -  1.00e+00 1.00e+00h  1
 647  7.0214235e-04 1.32e-07 1.40e-03  -4.1 5.57e-04    -  1.00e+00 1.00e+00h  1
 648  7.0258001e-04 3.41e-07 1.84e-03  -4.0 5.99e-04    -  1.00e+00 1.00e+00h  1
 649  7.0224652e-04 7.54e-08 3.61e-04  -4.0 2.99e-04    -  1.00e+00 1.00e+00h  1
iter    objective    inf_pr   inf_du lg(mu)  ||d||  lg(rg) alpha_du alpha_pr  ls
 650  7.0230525e-04 9.86e-09 3.84e-04  -4.0 1.28e-04    -  1.00e+00 1.00e+00h  1
 651  7.0222961e-04 3.89e-09 1.16e-04  -4.0 7.24e-05    -  1.00e+00 1.00e+00h  1
 652  7.0223021e-04 2.50e-10 9.31e-05  -4.0 2.66e-05    -  1.00e+00 1.00e+00h  1
 653  7.0224060e-04 1.01e-08 5.26e-04  -4.0 2.12e-04    -  1.00e+00 1.00e+00h  1
 654  7.0209881e-04 1.98e-07 1.71e-01  -4.1 1.35e-02    -  1.00e+00 6.25e-02h  5
 655  7.0203596e-04 6.14e-07 4.78e-03  -4.1 1.10e-03    -  1.00e+00 1.00e+00h  1
 656  7.0206051e-04 4.51e-07 5.02e-03  -4.1 4.43e-03    -  1.00e+00 2.50e-01h  3
 657  7.0205210e-04 2.75e-07 1.19e-03  -4.1 6.68e-04    -  1.00e+00 1.00e+00h  1
 658  7.0488890e-04 1.85e-08 4.31e-03  -4.0 1.34e-03    -  1.00e+00 1.00e+00H  1
 659  7.0213568e-04 3.68e-07 1.30e-03  -4.1 8.92e-04    -  1.00e+00 1.00e+00h  1
iter    objective    inf_pr   inf_du lg(mu)  ||d||  lg(rg) alpha_du alpha_pr  ls
 660  7.0198811e-04 3.77e-08 4.06e-03  -4.1 1.45e-03    -  1.00e+00 1.00e+00H  1
 661  7.0211905e-04 2.92e-06 5.30e-03  -4.0 2.04e-03    -  1.00e+00 1.00e+00h  1
 662  7.0494313e-04 1.42e-06 3.42e-03  -4.1 1.47e-03    -  1.00e+00 1.00e+00h  1
 663  7.0193331e-04 8.02e-07 6.81e-04  -4.1 1.27e-03    -  1.00e+00 1.00e+00h  1
 664  7.0185546e-04 1.49e-08 7.87e-04  -4.0 1.27e-04    -  1.00e+00 1.00e+00h  1
 665  7.0196251e-04 1.76e-08 3.23e-04  -4.0 1.48e-04    -  1.00e+00 1.00e+00h  1
 666  7.0191998e-04 2.94e-09 1.07e-04  -4.0 6.32e-05    -  1.00e+00 1.00e+00h  1
 667  7.0191118e-04 2.72e-10 8.00e-05  -4.0 4.54e-05    -  1.00e+00 1.00e+00h  1
 668  7.0164792e-04 5.58e-07 4.58e-03  -4.0 2.08e-03    -  1.00e+00 1.00e+00h  1
 669  7.0296134e-04 7.42e-08 1.61e-02  -4.0 3.01e-03    -  1.00e+00 1.00e+00H  1
iter    objective    inf_pr   inf_du lg(mu)  ||d||  lg(rg) alpha_du alpha_pr  ls
 670  7.0151662e-04 3.65e-07 2.32e-02  -4.1 2.23e-02    -  1.00e+00 6.25e-02h  5
 671  7.0336870e-04 4.85e-06 1.33e-02  -4.0 5.47e-03    -  1.00e+00 1.00e+00h  1
 672  7.0230047e-04 1.78e-06 5.28e-03  -4.1 2.93e-03    -  1.00e+00 1.00e+00h  1
 673  7.6921450e-04 3.14e-07 4.07e-02  -4.1 4.35e-02    -  1.00e+00 1.00e+00H  1
 674  7.1173899e-04 1.81e-06 1.29e-02  -4.1 3.86e-02    -  1.00e+00 1.00e+00H  1
 675  7.0950957e-04 1.68e-06 6.24e-01  -4.1 1.18e-01    -  1.00e+00 1.56e-02h  7
 676  7.0783391e-04 2.29e-06 4.17e-01  -4.1 3.55e-02    -  1.00e+00 6.25e-02h  5
 677  7.0629990e-04 2.00e-06 1.10e-01  -4.1 9.74e-03    -  1.00e+00 6.25e-02h  5
 678  7.4199662e-04 6.96e-07 1.76e-02  -4.1 6.96e-03    -  1.00e+00 1.00e+00H  1
 679  7.1108320e-04 4.38e-08 1.65e-02  -4.1 3.53e-03    -  1.00e+00 1.00e+00H  1
iter    objective    inf_pr   inf_du lg(mu)  ||d||  lg(rg) alpha_du alpha_pr  ls
 680  7.0161069e-04 5.46e-06 3.53e-03  -4.1 5.90e-03    -  1.00e+00 1.00e+00h  1
 681  7.0305206e-04 3.38e-06 6.32e-02  -4.1 4.24e-03    -  1.00e+00 5.00e-01h  2
 682  7.0111258e-04 2.32e-06 1.96e-03  -4.1 1.85e-03    -  1.00e+00 1.00e+00h  1
 683  7.0124112e-04 1.18e-07 1.31e-03  -4.0 4.50e-04    -  1.00e+00 1.00e+00h  1
 684  7.0117324e-04 1.08e-08 1.06e-04  -4.0 1.38e-04    -  1.00e+00 1.00e+00h  1
 685  7.0117201e-04 1.41e-10 5.95e-05  -4.0 1.97e-05    -  1.00e+00 1.00e+00h  1
 686  7.0102264e-04 8.41e-08 1.32e-03  -4.0 3.71e-04    -  1.00e+00 1.00e+00h  1
 687  7.2265898e-04 1.47e-07 3.87e-02  -4.0 8.01e-03    -  1.00e+00 1.00e+00H  1
 688  7.0613124e-04 1.02e-05 4.92e-02  -4.1 1.11e-02    -  1.00e+00 5.00e-01h  2
 689  7.2664304e-04 2.30e-05 5.74e-03  -4.1 7.26e-03    -  1.00e+00 1.00e+00h  1
iter    objective    inf_pr   inf_du lg(mu)  ||d||  lg(rg) alpha_du alpha_pr  ls
 690  7.1835281e-04 1.14e-05 1.38e-01  -4.1 5.33e-03    -  1.00e+00 5.00e-01h  2
 691  7.0197983e-04 1.63e-05 7.96e-03  -4.1 3.55e-03    -  1.00e+00 1.00e+00h  1
 692  7.0327714e-04 4.74e-06 9.58e-03  -4.1 4.57e-03    -  1.00e+00 5.00e-01h  2
 693  7.0154351e-04 4.44e-06 1.15e-01  -4.1 7.29e-03    -  1.00e+00 1.25e-01h  4
 694  7.1160097e-04 6.64e-06 1.01e-02  -4.1 2.69e-03    -  1.00e+00 1.00e+00h  1
 695  7.0075703e-04 4.12e-06 3.22e-03  -4.1 3.08e-03    -  1.00e+00 1.00e+00h  1
 696  7.8289014e-04 5.35e-06 1.50e-02  -4.0 3.18e-03    -  1.00e+00 1.00e+00h  1
 697  7.0110472e-04 2.95e-06 3.37e-03  -4.1 2.75e-03    -  1.00e+00 1.00e+00h  1
 698  7.0050806e-04 3.16e-07 4.08e-04  -4.1 7.03e-04    -  1.00e+00 1.00e+00h  1
 699  7.0056046e-04 4.24e-09 2.79e-04  -4.0 8.38e-05    -  1.00e+00 1.00e+00h  1
iter    objective    inf_pr   inf_du lg(mu)  ||d||  lg(rg) alpha_du alpha_pr  ls
 700  7.0054661e-04 1.13e-08 5.71e-04  -4.0 1.16e-04    -  1.00e+00 1.00e+00h  1
 701  7.0052343e-04 9.78e-08 1.99e-03  -4.0 3.69e-04    -  1.00e+00 1.00e+00h  1
 702  7.0273784e-04 2.55e-08 8.44e-03  -4.1 1.91e-03    -  1.00e+00 1.00e+00H  1
 703  7.0041790e-04 2.01e-06 1.29e-03  -4.1 1.60e-03    -  1.00e+00 1.00e+00h  1
 704  7.0041674e-04 2.27e-09 2.71e-04  -4.0 1.45e-04    -  1.00e+00 1.00e+00h  1
 705  7.0045466e-04 1.02e-08 4.95e-04  -4.0 1.14e-04    -  1.00e+00 1.00e+00h  1
 706  7.0026992e-04 6.43e-10 1.12e-03  -4.1 3.83e-04    -  1.00e+00 1.00e+00H  1
 707  7.0045530e-04 7.35e-08 3.73e-04  -4.0 3.22e-04    -  1.00e+00 1.00e+00h  1
 708  7.0036659e-04 6.79e-09 2.21e-04  -4.1 1.16e-04    -  1.00e+00 1.00e+00h  1
 709  6.9990079e-04 3.52e-07 1.28e-03  -6.1 7.76e-04    -  1.00e+00 1.00e+00h  1
iter    objective    inf_pr   inf_du lg(mu)  ||d||  lg(rg) alpha_du alpha_pr  ls
 710  7.4469751e-04 2.94e-04 8.22e-01  -4.0 1.81e-01    -  1.00e+00 1.25e-01h  4
 711  7.2131407e-04 1.87e-04 3.99e-03  -4.1 2.49e-02    -  1.00e+00 1.00e+00h  1
 712  8.0274690e-04 1.65e-04 2.96e-02  -4.1 3.73e-02    -  1.00e+00 2.50e-01h  3
 713  7.0834228e-04 3.11e-05 3.35e-03  -4.1 1.53e-02    -  1.00e+00 1.00e+00h  1
 714  7.9029250e-04 9.38e-05 2.94e-02  -4.1 9.04e-03    -  1.00e+00 1.00e+00h  1
 715  7.0407204e-04 3.51e-05 8.38e-03  -4.1 5.80e-03    -  1.00e+00 1.00e+00h  1
 716  7.0370436e-04 3.11e-05 1.07e-02  -4.1 1.21e-02    -  1.00e+00 2.50e-01h  3
 717  7.0031213e-04 2.82e-05 6.99e-02  -4.1 1.64e-02    -  1.00e+00 2.50e-01h  3
 718  7.0492866e-04 1.23e-05 8.16e-03  -4.1 3.28e-03    -  1.00e+00 1.00e+00h  1
 719  7.0085525e-04 5.81e-06 3.11e-03  -4.1 2.82e-03    -  1.00e+00 1.00e+00h  1
iter    objective    inf_pr   inf_du lg(mu)  ||d||  lg(rg) alpha_du alpha_pr  ls
 720  7.0011307e-04 4.74e-07 1.02e-03  -4.1 8.68e-04    -  1.00e+00 1.00e+00h  1
 721  7.0057303e-04 2.19e-07 1.07e-03  -4.0 4.96e-04    -  1.00e+00 1.00e+00h  1
 722  7.0037642e-04 3.63e-08 3.72e-04  -4.1 2.05e-04    -  1.00e+00 1.00e+00h  1
 723  7.0002304e-04 1.01e-07 1.12e-03  -6.1 3.53e-04    -  1.00e+00 1.00e+00h  1
 724  7.1100902e-04 3.67e-05 3.46e-02  -4.0 6.66e-03    -  1.00e+00 1.00e+00h  1
 725  7.0666469e-04 1.48e-05 7.87e-03  -4.1 4.04e-03    -  1.00e+00 1.00e+00h  1
 726  7.1069849e-04 2.10e-05 1.30e-01  -4.1 1.10e-02    -  1.00e+00 5.00e-01h  2
 727  7.0064519e-04 5.40e-06 4.19e-03  -4.1 3.90e-03    -  1.00e+00 1.00e+00h  1
 728  7.0026838e-04 1.55e-06 4.65e-03  -4.1 1.51e-03    -  1.00e+00 1.00e+00h  1
 729  7.0016947e-04 3.07e-07 3.13e-04  -4.1 6.45e-04    -  1.00e+00 1.00e+00h  1
iter    objective    inf_pr   inf_du lg(mu)  ||d||  lg(rg) alpha_du alpha_pr  ls
 730  7.0030638e-04 1.75e-08 3.49e-04  -4.0 1.41e-04    -  1.00e+00 1.00e+00h  1
 731  7.0019902e-04 2.25e-08 2.78e-04  -4.1 1.70e-04    -  1.00e+00 1.00e+00h  1
 732  7.0024803e-04 2.48e-10 2.61e-03  -4.0 4.61e-04    -  1.00e+00 1.00e+00H  1
 733  7.0005959e-04 5.57e-08 2.30e-03  -4.1 3.08e-04    -  1.00e+00 1.00e+00h  1
 734  7.0014743e-04 3.71e-08 9.69e-04  -4.0 3.02e-04    -  1.00e+00 1.00e+00h  1
 735  7.0017328e-04 6.46e-09 4.31e-04  -4.0 9.30e-05    -  1.00e+00 1.00e+00h  1
 736  7.0013562e-04 3.24e-08 8.00e-04  -4.0 2.03e-04    -  1.00e+00 1.00e+00h  1
 737  7.0010830e-04 1.07e-07 1.92e-03  -4.0 3.39e-04    -  1.00e+00 1.00e+00h  1
 738  6.9976196e-04 5.30e-08 2.34e-03  -4.1 7.51e-04    -  1.00e+00 1.00e+00H  1
 739  7.0027418e-04 7.87e-07 9.94e-04  -4.0 8.50e-04    -  1.00e+00 1.00e+00h  1
iter    objective    inf_pr   inf_du lg(mu)  ||d||  lg(rg) alpha_du alpha_pr  ls
 740  7.0013503e-04 2.59e-08 3.88e-04  -4.1 1.91e-04    -  1.00e+00 1.00e+00h  1
 741  6.9968888e-04 2.35e-07 8.83e-04  -6.1 5.06e-04    -  1.00e+00 1.00e+00h  1
 742  7.0434206e-04 1.06e-05 1.38e-02  -4.0 3.04e-03    -  1.00e+00 1.00e+00h  1
 743  7.0086675e-04 5.29e-06 3.59e-03  -4.1 2.34e-03    -  1.00e+00 1.00e+00h  1
 744  7.0823230e-04 2.85e-06 5.69e-03  -4.1 1.91e-03    -  1.00e+00 1.00e+00h  1
 745  6.9999122e-04 1.61e-06 4.09e-04  -4.1 1.27e-03    -  1.00e+00 1.00e+00h  1
 746  6.9970938e-04 8.42e-08 1.09e-03  -6.1 2.89e-04    -  1.00e+00 1.00e+00h  1
 747  7.0151440e-04 7.25e-07 8.89e-01  -4.0 1.65e-02    -  1.00e+00 6.25e-02h  5
 748  6.9554977e-04 5.20e-05 2.63e-02  -4.1 7.56e-03    -  1.00e+00 1.00e+00h  1
 749  6.9934190e-04 3.64e-05 3.83e-03  -4.0 5.56e-03    -  1.00e+00 1.00e+00h  1
iter    objective    inf_pr   inf_du lg(mu)  ||d||  lg(rg) alpha_du alpha_pr  ls
 750  7.4758307e-04 1.92e-05 2.00e-02  -4.0 4.66e-03    -  1.00e+00 1.00e+00h  1
 751  7.0050080e-04 8.23e-06 4.03e-03  -4.1 3.42e-03    -  1.00e+00 1.00e+00h  1
 752  7.0093554e-04 2.20e-06 6.26e-03  -4.1 2.14e-03    -  1.00e+00 1.00e+00h  1
 753  6.9995046e-04 7.21e-07 6.00e-04  -4.1 1.18e-03    -  1.00e+00 1.00e+00h  1
 754  6.9952800e-04 1.46e-07 1.14e-03  -6.1 4.34e-04    -  1.00e+00 1.00e+00h  1
 755  7.4646842e-04 4.60e-04 6.71e-01  -4.0 9.56e-02    -  1.00e+00 2.50e-01h  3
 756  7.9254088e-04 1.26e-04 1.06e-02  -4.1 1.27e-02    -  1.00e+00 1.00e+00h  1
 757  7.8103918e-04 5.91e-04 6.78e-03  -4.1 2.20e-02    -  9.56e-01 1.00e+00h  1
 758  7.6743044e-04 7.77e-04 8.85e-03  -4.1 2.83e-02    -  1.00e+00 1.00e+00h  1
 759  7.4409207e-04 5.83e-04 7.26e-02  -4.1 2.29e-02    -  1.00e+00 2.31e-01h  3
iter    objective    inf_pr   inf_du lg(mu)  ||d||  lg(rg) alpha_du alpha_pr  ls
 760  6.9868021e-04 3.74e-04 1.19e-03  -4.1 1.91e-02    -  1.00e+00 1.00e+00h  1
 761  7.8904136e-04 1.80e-04 2.21e-02  -4.1 3.12e-02    -  1.00e+00 5.00e-01h  2
 762  6.9809181e-04 1.40e-04 3.79e-03  -4.1 1.56e-02    -  1.00e+00 1.00e+00h  1
 763  7.0566803e-04 5.74e-05 1.25e-02  -4.0 1.01e-02    -  1.00e+00 1.00e+00h  1
 764  6.9850606e-04 3.45e-05 3.37e-03  -4.1 7.89e-03    -  1.00e+00 1.00e+00h  1
 765  7.0264191e-04 1.17e-05 1.07e-02  -4.0 3.62e-03    -  1.00e+00 1.00e+00h  1
 766  7.0058244e-04 1.80e-05 1.09e-02  -4.1 3.86e-03    -  1.00e+00 1.00e+00h  1
 767  6.9989391e-04 9.64e-06 4.77e-03  -4.1 4.35e-03    -  1.00e+00 1.00e+00h  1
 768  7.0163454e-04 2.41e-06 3.63e-03  -4.1 2.40e-03    -  1.00e+00 1.00e+00h  1
 769  7.0492477e-04 2.29e-07 1.27e-02  -4.1 3.34e-03    -  1.00e+00 1.00e+00H  1
iter    objective    inf_pr   inf_du lg(mu)  ||d||  lg(rg) alpha_du alpha_pr  ls
 770  7.0060745e-04 2.59e-06 1.65e-03  -4.1 3.11e-03    -  1.00e+00 1.00e+00h  1
 771  7.4374054e-04 5.36e-07 1.24e-02  -4.1 3.77e-03    -  1.00e+00 1.00e+00H  1
 772  6.9951073e-04 4.12e-07 1.93e-03  -4.1 2.44e-03    -  1.00e+00 1.00e+00H  1
 773  6.9956458e-04 1.17e-08 2.32e-03  -4.1 1.31e-03    -  1.00e+00 1.00e+00H  1
 774  7.0229042e-04 4.38e-06 1.21e-02  -4.0 2.48e-03    -  1.00e+00 1.00e+00h  1
 775  7.0020221e-04 2.10e-06 1.92e-03  -4.1 1.64e-03    -  1.00e+00 1.00e+00h  1
 776  6.9968729e-04 1.95e-07 2.95e-04  -4.1 5.25e-04    -  1.00e+00 1.00e+00h  1
 777  6.9949155e-04 9.70e-08 9.73e-04  -6.1 3.56e-04    -  1.00e+00 1.00e+00h  1
 778  7.0405509e-04 2.05e-05 2.02e-02  -4.0 5.72e-03    -  1.00e+00 1.00e+00h  1
 779  7.0099972e-04 8.67e-06 3.97e-03  -4.1 3.88e-03    -  1.00e+00 1.00e+00h  1
iter    objective    inf_pr   inf_du lg(mu)  ||d||  lg(rg) alpha_du alpha_pr  ls
 780  7.8721931e-04 5.56e-06 8.33e-03  -4.1 2.85e-03    -  1.00e+00 1.00e+00h  1
 781  6.9955417e-04 2.95e-06 3.39e-04  -4.1 1.89e-03    -  1.00e+00 1.00e+00h  1
 782  6.9925125e-04 8.04e-08 9.09e-04  -6.1 3.75e-04    -  1.00e+00 1.00e+00h  1
 783  7.0103268e-04 5.86e-07 8.61e-01  -4.0 4.45e-02    -  1.00e+00 3.12e-02h  6
 784  7.0543069e-04 8.06e-05 3.31e-02  -4.1 1.42e-02    -  1.00e+00 1.00e+00h  1
 785  7.0774178e-04 3.26e-05 6.78e-03  -4.1 8.71e-03    -  1.00e+00 1.00e+00h  1
 786  7.0364455e-04 3.12e-05 7.57e-03  -4.1 1.15e-02    -  1.00e+00 5.00e-01h  2
 787  7.0270863e-04 1.64e-05 6.48e-02  -4.1 5.37e-03    -  1.00e+00 5.00e-01h  2
 788  8.0144079e-04 5.99e-07 1.93e-02  -4.1 6.31e-03    -  1.00e+00 1.00e+00H  1
 789  7.0340340e-04 6.74e-07 1.02e-02  -4.1 3.73e-03    -  1.00e+00 1.00e+00H  1
iter    objective    inf_pr   inf_du lg(mu)  ||d||  lg(rg) alpha_du alpha_pr  ls
 790  7.0120779e-04 7.03e-06 4.36e-03  -4.1 3.47e-03    -  1.00e+00 1.00e+00h  1
 791  6.9950360e-04 9.41e-07 1.16e-03  -4.1 1.49e-03    -  1.00e+00 1.00e+00h  1
 792  6.9990885e-04 2.19e-07 1.60e-03  -4.1 5.86e-04    -  1.00e+00 1.00e+00h  1
 793  6.9966758e-04 1.00e-07 3.47e-04  -4.1 3.61e-04    -  1.00e+00 1.00e+00h  1
 794  6.9921635e-04 1.92e-07 7.95e-04  -6.1 5.48e-04    -  1.00e+00 1.00e+00h  1
 795  7.4882325e-04 7.78e-04 4.82e-01  -4.0 6.72e-02    -  1.00e+00 5.00e-01h  2
 796  7.1720637e-04 2.12e-04 2.28e-02  -4.1 1.74e-02    -  1.00e+00 1.00e+00h  1
 797  7.1760520e-04 1.08e-04 6.84e-03  -4.1 1.18e-02    -  1.00e+00 1.00e+00h  1
 798  7.0796451e-04 1.20e-04 2.08e-02  -4.1 1.85e-02    -  1.00e+00 5.00e-01h  2
 799  7.0168679e-04 4.41e-05 4.34e-03  -4.1 7.59e-03    -  1.00e+00 1.00e+00h  1
iter    objective    inf_pr   inf_du lg(mu)  ||d||  lg(rg) alpha_du alpha_pr  ls
 800  6.9824068e-04 1.27e-05 5.73e-03  -4.1 4.44e-03    -  1.00e+00 1.00e+00h  1
 801  7.0140743e-04 1.10e-05 7.95e-03  -4.0 3.45e-03    -  1.00e+00 1.00e+00h  1
 802  7.0001729e-04 6.05e-06 7.05e-03  -4.1 3.09e-03    -  1.00e+00 1.00e+00h  1
 803  6.9936716e-04 2.63e-06 2.33e-03  -4.1 1.49e-03    -  1.00e+00 1.00e+00h  1
 804  6.9966969e-04 1.96e-07 3.15e-04  -4.1 4.79e-04    -  1.00e+00 1.00e+00h  1
 805  6.9932945e-04 8.05e-08 1.09e-03  -6.1 3.45e-04    -  1.00e+00 1.00e+00h  1
 806  7.3345950e-04 2.59e-04 7.19e-01  -4.0 7.62e-02    -  1.00e+00 2.50e-01h  3
 807  7.8110173e-04 7.79e-05 7.79e-03  -4.1 1.12e-02    -  1.00e+00 1.00e+00h  1
 808  7.2119336e-04 1.84e-04 8.64e-04  -4.1 1.66e-02    -  1.00e+00 1.00e+00h  1
 809  7.1545532e-04 1.63e-04 4.90e-03  -4.1 1.46e-02    -  1.00e+00 1.00e+00h  1
iter    objective    inf_pr   inf_du lg(mu)  ||d||  lg(rg) alpha_du alpha_pr  ls
 810  7.4436847e-04 8.86e-05 4.87e-03  -4.1 1.14e-02    -  1.00e+00 1.00e+00h  1
 811  6.9802733e-04 8.46e-05 1.34e-02  -4.1 1.01e-02    -  1.00e+00 1.00e+00h  1
 812  7.0211708e-04 7.05e-05 8.06e-03  -4.0 8.63e-03    -  1.00e+00 1.00e+00h  1
 813  7.0878229e-04 4.68e-05 1.46e-02  -4.1 8.53e-03    -  1.00e+00 1.00e+00h  1
 814  7.0205567e-04 2.77e-05 2.48e-03  -4.1 6.71e-03    -  1.00e+00 1.00e+00h  1
 815  7.0495413e-04 4.36e-06 5.68e-03  -4.1 2.65e-03    -  1.00e+00 1.00e+00h  1
 816  6.9937105e-04 4.20e-06 3.26e-03  -4.1 2.61e-03    -  1.00e+00 1.00e+00h  1
 817  6.9941494e-04 1.14e-06 2.19e-03  -4.1 1.22e-03    -  1.00e+00 1.00e+00h  1
 818  6.9958844e-04 3.24e-07 3.14e-04  -4.1 5.43e-04    -  1.00e+00 1.00e+00h  1
 819  6.9919794e-04 1.22e-07 8.29e-04  -6.1 4.19e-04    -  1.00e+00 1.00e+00h  1
iter    objective    inf_pr   inf_du lg(mu)  ||d||  lg(rg) alpha_du alpha_pr  ls
 820  7.1355119e-04 4.80e-05 7.30e-01  -4.0 2.95e-02    -  1.00e+00 2.50e-01h  3
 821  7.0452804e-04 2.76e-05 2.89e-03  -4.1 5.41e-03    -  1.00e+00 1.00e+00h  1
 822  7.0145053e-04 4.69e-05 1.03e-01  -4.1 1.52e-02    -  1.00e+00 5.00e-01h  2
 823  7.0083973e-04 2.78e-05 3.12e-03  -4.1 6.77e-03    -  1.00e+00 1.00e+00h  1
 824  6.9869500e-04 2.47e-06 2.20e-03  -4.1 2.01e-03    -  1.00e+00 1.00e+00h  1
 825  7.0016175e-04 1.29e-06 3.04e-03  -4.0 1.41e-03    -  1.00e+00 1.00e+00h  1
 826  6.9960539e-04 2.32e-07 8.86e-04  -4.1 5.72e-04    -  1.00e+00 1.00e+00h  1
 827  6.9933543e-04 6.01e-09 3.63e-03  -4.1 9.60e-04    -  1.00e+00 1.00e+00H  1
 828  6.9962088e-04 5.44e-07 9.28e-04  -4.0 9.90e-04    -  1.00e+00 1.00e+00h  1
 829  6.9951630e-04 1.59e-08 9.53e-05  -4.1 1.95e-04    -  1.00e+00 1.00e+00h  1
iter    objective    inf_pr   inf_du lg(mu)  ||d||  lg(rg) alpha_du alpha_pr  ls
 830  6.9920663e-04 6.33e-08 1.09e-03  -6.1 3.40e-04    -  1.00e+00 1.00e+00h  1
 831  6.9523947e-04 1.49e-05 8.58e-04  -6.1 4.77e-03    -  1.00e+00 1.00e+00h  1
 832  1.0341913e-03 7.53e-03 4.40e-02  -4.0 4.15e-01    -  1.00e+00 2.50e-01h  3
 833  1.9073140e-03 2.55e-03 6.97e-03  -4.1 7.01e-02    -  1.00e+00 1.00e+00h  1
 834  1.0372102e-03 5.54e-03 2.17e-02  -4.1 8.27e-02    -  4.87e-01 1.00e+00h  1
 835  8.9085984e-04 1.17e-03 2.72e-02  -4.1 3.22e-01    -  1.00e+00 7.84e-02H  1
 836  8.6201220e-04 7.45e-03 3.27e-02  -4.1 8.48e-01    -  5.83e-02 1.25e-01f  4
 837  8.1687428e-04 1.01e-02 3.51e-02  -4.1 4.95e+01    -  4.83e-02 1.76e-03h  6
 838  7.8413080e-04 1.01e-02 3.99e-02  -4.1 1.51e+00    -  1.00e+00 2.47e-02h  5
 839  7.8853227e-04 1.34e-03 1.48e-02  -4.1 4.39e-02    -  1.00e+00 8.70e-01h  1
iter    objective    inf_pr   inf_du lg(mu)  ||d||  lg(rg) alpha_du alpha_pr  ls
 840  8.7562072e-04 2.37e-03 1.71e-02  -4.1 4.48e-02    -  1.00e+00 1.00e+00f  1
 841  8.5298678e-04 9.86e-05 8.41e-03  -4.1 7.12e-03    -  1.00e+00 9.67e-01h  1
 842  7.3618477e-04 3.61e-04 7.32e-03  -4.1 1.68e-02    -  1.00e+00 1.00e+00f  1
 843  7.1229061e-04 1.07e-04 2.99e-03  -4.1 9.53e-03    -  1.00e+00 1.00e+00h  1
 844  7.1328090e-04 3.26e-05 6.59e-03  -4.1 5.66e-03    -  1.00e+00 1.00e+00h  1
 845  7.1099410e-04 2.51e-05 6.94e-03  -4.1 4.92e-03    -  1.00e+00 1.00e+00h  1
 846  7.1022039e-04 6.40e-06 2.45e-03  -4.1 2.32e-03    -  1.00e+00 1.00e+00h  1
 847  7.0918004e-04 8.13e-07 3.40e-03  -4.1 1.28e-03    -  1.00e+00 1.00e+00h  1
 848  7.0543918e-04 2.52e-07 1.16e-02  -4.1 6.05e-03    -  1.00e+00 1.00e+00H  1
 849  7.0414521e-04 1.21e-06 1.74e-01  -4.1 4.94e-03    -  1.00e+00 2.50e-01h  3
iter    objective    inf_pr   inf_du lg(mu)  ||d||  lg(rg) alpha_du alpha_pr  ls
 850  7.0576716e-04 3.25e-06 1.95e-03  -4.1 1.77e-03    -  1.00e+00 1.00e+00h  1
 851  7.0498087e-04 8.54e-08 8.07e-04  -4.1 4.03e-04    -  1.00e+00 1.00e+00h  1
 852  7.0447674e-04 2.40e-07 1.66e-03  -4.1 5.71e-04    -  1.00e+00 1.00e+00h  1
 853  7.0370515e-04 1.44e-06 4.94e-03  -4.1 1.27e-03    -  1.00e+00 1.00e+00h  1
 854  7.0817318e-04 1.27e-07 5.26e-02  -4.1 1.16e-02    -  1.00e+00 1.00e+00H  1
 855  7.0210061e-04 8.96e-06 3.40e-02  -4.1 3.11e-03    -  1.00e+00 1.00e+00h  1
 856  7.0147586e-04 1.15e-06 4.39e-03  -4.1 5.06e-03    -  1.00e+00 1.00e+00H  1
 857  7.0120216e-04 6.58e-09 2.49e-03  -4.1 1.55e-03    -  1.00e+00 1.00e+00H  1
 858  7.0100645e-04 1.81e-09 1.42e-02  -4.1 3.09e-03    -  1.00e+00 1.00e+00H  1
 859  7.0330649e-04 3.53e-11 2.53e-02  -4.1 3.18e-03    -  1.00e+00 1.00e+00H  1
iter    objective    inf_pr   inf_du lg(mu)  ||d||  lg(rg) alpha_du alpha_pr  ls
 860  7.0096704e-04 1.88e-09 1.50e-02  -4.1 7.40e-03    -  1.00e+00 1.00e+00H  1
 861  7.0158009e-04 9.24e-07 1.01e-01  -4.1 7.36e-03    -  1.00e+00 1.25e-01h  4
 862  7.0036526e-04 3.95e-08 4.05e-03  -4.1 3.44e-03    -  1.00e+00 1.00e+00H  1
 863  7.0038134e-04 3.97e-07 5.00e-02  -4.1 2.12e-02    -  1.00e+00 3.12e-02h  6
 864  7.0059300e-04 1.94e-09 1.35e-02  -4.1 3.30e-03    -  1.00e+00 1.00e+00H  1
 865  7.0056782e-04 1.01e-07 2.96e-02  -4.1 9.92e-03    -  1.00e+00 3.12e-02h  6
 866  7.0072462e-04 2.12e-06 1.14e-02  -4.1 3.34e-03    -  1.00e+00 5.00e-01h  2
 867  7.0402128e-04 9.70e-11 1.22e-02  -4.1 3.05e-03    -  1.00e+00 1.00e+00H  1
 868  7.0075399e-04 8.59e-10 9.41e-03  -4.1 1.72e-03    -  1.00e+00 1.00e+00H  1
 869  7.0176716e-04 1.34e-05 1.36e-02  -4.1 3.90e-03    -  1.00e+00 1.00e+00h  1
iter    objective    inf_pr   inf_du lg(mu)  ||d||  lg(rg) alpha_du alpha_pr  ls
 870  7.0024000e-04 6.07e-06 1.34e-02  -4.1 2.58e-03    -  1.00e+00 1.00e+00h  1
 871  7.0275119e-04 1.52e-05 1.17e-02  -4.1 4.22e-03    -  1.00e+00 1.00e+00h  1
 872  7.0122988e-04 4.13e-06 1.28e-02  -4.1 2.74e-03    -  1.00e+00 1.00e+00h  1
 873  7.0050875e-04 5.07e-10 4.00e-03  -4.1 2.73e-03    -  1.00e+00 1.00e+00H  1
 874  7.0057420e-04 1.51e-06 1.93e-02  -4.1 2.53e-03    -  1.00e+00 5.00e-01h  2
 875  7.0105100e-04 4.70e-07 3.27e-03  -4.1 1.01e-03    -  1.00e+00 1.00e+00h  1
 876  7.0007210e-04 3.35e-07 1.77e-03  -4.1 6.84e-04    -  1.00e+00 1.00e+00h  1
 877  6.9993333e-04 3.53e-08 3.64e-04  -4.1 2.65e-04    -  1.00e+00 1.00e+00h  1
 878  6.9958708e-04 1.15e-07 1.04e-03  -6.1 3.82e-04    -  1.00e+00 1.00e+00h  1
 879  6.9858578e-04 2.25e-06 1.25e-03  -6.1 1.50e-03    -  1.00e+00 1.00e+00h  1
iter    objective    inf_pr   inf_du lg(mu)  ||d||  lg(rg) alpha_du alpha_pr  ls
 880  7.4558375e-04 2.04e-04 8.32e-01  -4.0 1.34e-01    -  1.00e+00 1.25e-01h  4
 881  7.0499243e-04 8.31e-05 3.71e-03  -4.1 1.08e-02    -  1.00e+00 1.00e+00h  1
 882  6.9948427e-04 2.17e-04 1.80e-02  -4.1 1.54e-02    -  1.00e+00 1.00e+00h  1
 883  6.9866258e-04 9.57e-05 1.62e-03  -4.1 9.88e-03    -  1.00e+00 1.00e+00h  1
 884  7.0206748e-04 4.40e-06 2.73e-03  -4.1 2.42e-03    -  1.00e+00 1.00e+00h  1
 885  6.9922657e-04 2.07e-06 2.75e-03  -4.1 1.52e-03    -  1.00e+00 1.00e+00h  1
 886  7.0001961e-04 6.79e-07 8.00e-04  -4.1 7.53e-04    -  1.00e+00 1.00e+00h  1
 887  6.9971830e-04 6.46e-08 9.52e-04  -6.1 2.99e-04    -  1.00e+00 1.00e+00h  1
 888  6.9877740e-04 1.21e-06 8.74e-04  -6.1 1.32e-03    -  1.00e+00 1.00e+00h  1
 889  7.4682207e-04 1.75e-04 8.21e-01  -4.0 2.49e-01    -  1.00e+00 6.25e-02h  5
iter    objective    inf_pr   inf_du lg(mu)  ||d||  lg(rg) alpha_du alpha_pr  ls
 890  7.0362189e-04 7.51e-05 2.19e-03  -4.1 1.03e-02    -  1.00e+00 1.00e+00h  1
 891  6.9504365e-04 6.63e-04 3.71e-02  -4.1 3.08e-02    -  1.00e+00 1.00e+00h  1
 892  6.9329769e-04 2.08e-04 8.47e-03  -4.1 1.73e-02    -  1.00e+00 1.00e+00h  1
 893  7.0375985e-04 1.16e-04 5.06e-03  -4.0 1.28e-02    -  1.00e+00 1.00e+00h  1
 894  6.9954300e-04 1.81e-05 2.89e-03  -4.1 4.97e-03    -  1.00e+00 1.00e+00h  1
 895  7.0094234e-04 7.64e-06 5.12e-03  -4.1 3.19e-03    -  1.00e+00 1.00e+00h  1
 896  6.9959699e-04 2.21e-06 1.41e-03  -4.1 1.71e-03    -  1.00e+00 1.00e+00h  1
 897  6.9986410e-04 1.06e-07 2.90e-04  -4.1 3.68e-04    -  1.00e+00 1.00e+00h  1
 898  6.9954883e-04 6.78e-08 1.05e-03  -6.1 2.62e-04    -  1.00e+00 1.00e+00h  1
 899  6.9626258e-04 1.43e-05 8.29e-04  -6.1 3.80e-03    -  1.00e+00 1.00e+00h  1
iter    objective    inf_pr   inf_du lg(mu)  ||d||  lg(rg) alpha_du alpha_pr  ls
 900  8.7058091e-04 5.96e-04 2.66e-01  -4.0 3.85e-01    -  1.00e+00 6.25e-02h  5
 901  7.0309674e-04 2.89e-04 1.52e-03  -4.1 1.72e-02    -  1.00e+00 1.00e+00h  1
 902  6.9172517e-04 5.33e-05 7.09e-02  -4.1 2.65e-02    -  1.00e+00 3.96e-01H  1
 903  7.0839330e-04 2.83e-04 7.07e-03  -4.0 1.76e-02    -  1.00e+00 1.00e+00f  1
 904  6.9715165e-04 1.07e-04 2.51e-03  -4.1 1.10e-02    -  1.00e+00 1.00e+00h  1
 905  7.0161377e-04 2.24e-05 4.08e-03  -4.1 5.20e-03    -  1.00e+00 1.00e+00h  1
 906  6.9816001e-04 1.11e-05 5.33e-03  -4.1 3.58e-03    -  1.00e+00 1.00e+00h  1
 907  7.0057896e-04 5.69e-06 3.95e-03  -4.0 2.55e-03    -  1.00e+00 1.00e+00h  1
 908  6.9981615e-04 5.27e-07 2.08e-04  -4.1 7.93e-04    -  1.00e+00 1.00e+00h  1
 909  6.9957843e-04 4.36e-08 1.05e-03  -6.1 2.50e-04    -  1.00e+00 1.00e+00h  1
iter    objective    inf_pr   inf_du lg(mu)  ||d||  lg(rg) alpha_du alpha_pr  ls
 910  6.9432992e-04 2.54e-04 1.72e-03  -6.1 3.77e-02    -  1.00e+00 5.00e-01h  2
 911  6.9744144e-04 6.04e-05 3.64e-04  -6.1 9.28e-03    -  1.00e+00 1.00e+00h  1
 912  6.9529594e-04 3.37e-05 6.52e-03  -6.1 4.42e-03    -  1.00e+00 5.00e-01h  2
 913  6.9359189e-04 2.04e-05 6.33e-03  -6.1 1.10e-03    -  1.00e+00 4.00e-01h  2
 914  9.2743145e-04 7.65e-03 2.20e-01  -4.0 1.06e-01    -  1.00e+00 1.00e+00h  1
 915  7.7012364e-04 2.06e-03 5.47e-02  -4.1 5.35e-02    -  1.00e+00 1.00e+00h  1
 916  7.2067606e-04 5.38e-04 1.37e-02  -4.1 2.79e-02    -  1.00e+00 1.00e+00h  1
 917  7.3475660e-04 2.13e-04 1.11e-03  -4.1 1.78e-02    -  1.00e+00 1.00e+00h  1
 918  7.1222545e-04 5.64e-05 1.41e-01  -4.1 2.27e-02    -  1.00e+00 4.31e-01H  1
 919  6.9903531e-04 4.33e-05 6.31e-04  -4.1 7.97e-03    -  1.00e+00 1.00e+00f  1
iter    objective    inf_pr   inf_du lg(mu)  ||d||  lg(rg) alpha_du alpha_pr  ls
 920  6.9843078e-04 9.63e-08 1.28e-04  -6.1 3.38e-04    -  1.00e+00 1.00e+00h  1
 921  7.0859414e-04 6.41e-05 4.41e-02  -4.0 9.52e-03    -  1.00e+00 1.00e+00h  1
 922  7.0240237e-04 1.79e-05 1.02e-02  -4.1 5.12e-03    -  1.00e+00 1.00e+00h  1
 923  6.9968397e-04 6.69e-06 1.08e-03  -4.1 2.98e-03    -  1.00e+00 1.00e+00h  1
 924  6.9983547e-04 9.31e-08 1.05e-03  -4.1 3.74e-04    -  1.00e+00 1.00e+00h  1
 925  6.9979325e-04 1.57e-08 2.14e-04  -4.1 1.40e-04    -  1.00e+00 1.00e+00h  1
 926  6.9954435e-04 5.41e-08 1.01e-03  -6.1 2.68e-04    -  1.00e+00 1.00e+00h  1
 927  6.9917231e-04 5.71e-06 1.67e-02  -6.1 8.18e-02    -  1.00e+00 3.10e-02h  5
 928  6.9561466e-04 7.83e-06 1.28e-02  -6.1 5.21e-03    -  1.00e+00 4.88e-01h  2
 929  8.2627606e-04 1.37e-03 1.46e-01  -4.0 9.32e-02    -  1.00e+00 5.00e-01h  2
iter    objective    inf_pr   inf_du lg(mu)  ||d||  lg(rg) alpha_du alpha_pr  ls
 930  7.7520319e-04 4.67e-04 1.06e-02  -4.1 2.70e-02    -  1.00e+00 1.00e+00h  1
 931  7.3763637e-04 4.76e-04 9.26e-03  -4.1 2.24e-02    -  1.00e+00 1.00e+00h  1
 932  7.1539994e-04 6.55e-05 1.98e-03  -4.1 9.18e-03    -  1.00e+00 1.00e+00h  1
 933  6.9688331e-04 1.52e-05 5.46e-03  -4.1 4.58e-03    -  1.00e+00 1.00e+00h  1
 934  7.1562964e-04 4.51e-05 1.04e-02  -4.1 7.24e-03    -  1.00e+00 1.00e+00h  1
 935  6.9946367e-04 1.97e-05 1.72e-03  -4.1 4.46e-03    -  1.00e+00 1.00e+00h  1
 936  7.0000861e-04 1.47e-06 3.70e-03  -4.1 1.56e-03    -  1.00e+00 1.00e+00h  1
 937  6.9997015e-04 6.96e-07 1.62e-03  -4.1 9.32e-04    -  1.00e+00 1.00e+00h  1
 938  6.9976584e-04 7.35e-08 3.49e-04  -4.1 2.99e-04    -  1.00e+00 1.00e+00h  1
 939  6.9951403e-04 5.04e-08 9.85e-04  -6.1 2.52e-04    -  1.00e+00 1.00e+00h  1
iter    objective    inf_pr   inf_du lg(mu)  ||d||  lg(rg) alpha_du alpha_pr  ls
 940  6.9814458e-04 2.37e-04 3.09e-02  -6.1 1.22e-01    -  1.00e+00 1.46e-01h  2
 941  6.9202019e-04 1.34e-04 1.96e-03  -6.1 8.73e-03    -  1.00e+00 5.00e-01h  2
 942  6.9259228e-04 7.56e-05 5.27e-03  -6.1 6.41e-03    -  1.00e+00 5.00e-01h  2
 943  6.9322760e-04 4.11e-05 2.29e-03  -6.1 4.11e-03    -  1.00e+00 5.00e-01h  2
 944  9.1515348e-04 8.89e-03 1.42e-01  -4.0 1.11e-01    -  1.00e+00 1.00e+00h  1
 945  7.6768174e-04 2.14e-03 3.58e-02  -4.1 5.57e-02    -  1.00e+00 1.00e+00h  1
 946  7.1967683e-04 6.57e-04 8.62e-03  -4.1 2.97e-02    -  1.00e+00 1.00e+00h  1
 947  6.9901709e-04 2.77e-04 5.75e-04  -4.1 1.88e-02    -  1.00e+00 1.00e+00h  1
 948  6.9837416e-04 2.23e-06 6.03e-04  -6.1 1.42e-03    -  1.00e+00 1.00e+00h  1
 949  7.3356932e-04 5.82e-04 1.30e-01  -4.0 3.05e-02    -  1.00e+00 1.00e+00h  1
iter    objective    inf_pr   inf_du lg(mu)  ||d||  lg(rg) alpha_du alpha_pr  ls
 950  7.1240885e-04 1.56e-04 3.29e-02  -4.1 1.51e-02    -  1.00e+00 1.00e+00h  1
 951  7.0913861e-04 6.14e-05 7.80e-03  -4.1 9.56e-03    -  1.00e+00 1.00e+00h  1
 952  7.6970078e-04 6.88e-05 1.18e-02  -4.1 8.87e-03    -  1.00e+00 1.00e+00h  1
 953  7.0023696e-04 3.00e-05 1.86e-03  -4.1 5.63e-03    -  1.00e+00 1.00e+00h  1
 954  6.9933261e-04 6.44e-07 1.18e-03  -4.1 8.57e-04    -  1.00e+00 1.00e+00h  1
 955  6.9987060e-04 2.51e-07 5.16e-04  -4.1 5.26e-04    -  1.00e+00 1.00e+00h  1
 956  6.9960782e-04 5.27e-08 1.01e-03  -6.1 2.83e-04    -  1.00e+00 1.00e+00h  1
 957  6.9329192e-04 5.05e-05 7.91e-04  -6.1 8.35e-03    -  1.00e+00 1.00e+00h  1
 958  6.9182293e-04 2.51e-05 9.59e-03  -6.1 1.12e-02    -  1.00e+00 4.87e-01h  1
 959  9.1792176e-04 7.62e-03 5.34e-02  -4.0 9.90e-02    -  1.00e+00 1.00e+00f  1
iter    objective    inf_pr   inf_du lg(mu)  ||d||  lg(rg) alpha_du alpha_pr  ls
 960  1.0634527e-03 2.62e-03 1.45e-02  -4.1 4.85e-02    -  1.00e+00 1.00e+00h  1
 961  9.1815533e-04 1.42e-03 5.06e-03  -4.1 3.90e-02    -  1.00e+00 1.00e+00h  1
 962  7.0216887e-04 8.21e-04 4.38e-03  -4.1 3.82e-02    -  1.00e+00 1.00e+00h  1
 963  7.0718717e-04 3.22e-04 3.50e-03  -4.1 2.40e-02    -  1.00e+00 1.00e+00h  1
 964  7.1727368e-04 1.94e-04 4.06e-02  -4.1 2.87e-02    -  1.00e+00 6.69e-01H  1
 965  1.0052376e-03 1.21e-04 3.28e-03  -4.1 1.58e-02    -  1.00e+00 1.00e+00f  1
 966  7.1058253e-04 1.10e-04 8.72e-03  -4.1 1.71e-02    -  1.00e+00 1.00e+00h  1
 967  6.9634980e-04 9.44e-05 1.03e-02  -4.1 1.25e-02    -  1.00e+00 1.00e+00h  1
 968  7.2699079e-04 1.12e-04 8.61e-03  -4.1 1.24e-02    -  1.00e+00 1.00e+00h  1
 969  7.0355033e-04 6.32e-05 3.36e-03  -4.1 8.34e-03    -  1.00e+00 1.00e+00h  1
iter    objective    inf_pr   inf_du lg(mu)  ||d||  lg(rg) alpha_du alpha_pr  ls
 970  6.9976616e-04 1.69e-05 7.87e-03  -4.1 6.20e-03    -  1.00e+00 1.00e+00h  1
 971  7.0153858e-04 1.06e-05 4.12e-03  -4.1 4.86e-03    -  1.00e+00 1.00e+00h  1
 972  7.0221936e-04 2.63e-06 6.25e-03  -4.1 1.79e-03    -  1.00e+00 1.00e+00h  1
 973  6.9945935e-04 2.90e-06 2.85e-03  -4.1 2.16e-03    -  1.00e+00 1.00e+00h  1
 974  6.9994214e-04 6.92e-07 1.66e-03  -4.1 9.61e-04    -  1.00e+00 1.00e+00h  1
 975  6.9985790e-04 7.37e-08 7.14e-04  -4.1 3.22e-04    -  1.00e+00 1.00e+00h  1
 976  6.9957809e-04 4.90e-08 1.22e-03  -6.1 2.70e-04    -  1.00e+00 1.00e+00h  1
 977  6.9027556e-04 1.11e-04 1.08e-03  -6.1 1.38e-02    -  1.00e+00 1.00e+00h  1
 978  7.0075707e-04 4.64e-05 5.05e-04  -5.9 7.33e-03    -  1.00e+00 1.00e+00h  1
 979  7.6237899e-04 1.48e-05 8.05e-04  -6.0 6.03e-03    -  1.00e+00 1.00e+00h  1
iter    objective    inf_pr   inf_du lg(mu)  ||d||  lg(rg) alpha_du alpha_pr  ls
 980  6.9497558e-04 1.68e-05 3.18e-03  -6.0 6.53e-03    -  1.00e+00 8.30e-01h  1
 981  6.9459248e-04 1.57e-06 2.19e-04  -6.0 1.66e-03    -  1.00e+00 1.00e+00f  1
 982  1.0245149e-03 7.48e-03 1.30e-01  -4.0 1.12e-01    -  1.00e+00 1.00e+00f  1
 983  8.7032033e-04 1.89e-03 3.25e-02  -4.1 5.59e-02    -  1.00e+00 1.00e+00h  1
 984  8.0491950e-03 9.70e-04 3.40e-02  -4.1 4.10e-02    -  7.66e-01 1.00e+00h  1
 985  2.6585093e-03 7.38e-04 3.07e-02  -4.1 4.13e-02    -  1.00e+00 4.84e-01h  1
 986  7.4040371e-04 5.94e-04 3.78e-03  -4.1 3.53e-02    -  1.00e+00 1.00e+00f  1
 987  7.1952032e-04 1.17e-05 4.25e-03  -4.1 4.96e-03    -  1.00e+00 1.00e+00h  1
 988  6.9426245e-04 7.83e-05 2.47e-02  -4.1 1.15e-02    -  1.00e+00 1.00e+00h  1
 989  7.0312423e-04 3.35e-05 3.78e-03  -4.1 6.85e-03    -  1.00e+00 1.00e+00h  1
iter    objective    inf_pr   inf_du lg(mu)  ||d||  lg(rg) alpha_du alpha_pr  ls
 990  7.0751817e-04 1.84e-05 5.95e-02  -4.1 5.22e-03    -  1.00e+00 5.00e-01h  2
 991  7.0058641e-04 8.71e-08 1.23e-03  -4.1 4.39e-04    -  1.00e+00 1.00e+00h  1
 992  7.0011147e-04 5.22e-08 6.04e-04  -4.1 3.23e-04    -  1.00e+00 1.00e+00h  1
 993  6.9962888e-04 2.75e-07 9.31e-04  -6.1 5.48e-04    -  1.00e+00 1.00e+00h  1
 994  6.9849108e-04 2.31e-05 9.56e-03  -6.1 5.31e-02    -  1.00e+00 1.00e-01h  4
 995  6.9541761e-04 2.03e-05 1.94e-02  -6.1 1.06e-02    -  1.00e+00 3.39e-01h  2
 996  6.9469579e-04 8.33e-06 5.43e-04  -6.1 3.49e-03    -  1.00e+00 1.00e+00h  1
 997  6.9398663e-04 1.52e-06 2.72e-04  -6.1 1.35e-03    -  1.00e+00 1.00e+00h  1
 998  8.5099504e-04 4.29e-03 3.44e-01  -4.0 1.45e-01    -  1.00e+00 5.00e-01f  2
 999  7.8357453e-04 1.58e-03 2.66e-02  -4.1 4.17e-02    -  1.00e+00 1.00e+00h  1
iter    objective    inf_pr   inf_du lg(mu)  ||d||  lg(rg) alpha_du alpha_pr  ls
1000  1.5535399e-03 1.07e-03 2.18e-02  -4.1 4.06e-02    -  9.07e-01 1.00e+00h  1
1001  7.3751480e-04 1.48e-03 1.27e-02  -4.1 4.97e-02    -  1.00e+00 1.00e+00h  1
1002  7.1369549e-04 5.57e-04 3.23e-03  -4.1 4.30e-02    -  1.00e+00 1.00e+00h  1
1003  2.5190256e-03 3.70e-04 3.75e-03  -4.1 2.32e-02    -  1.00e+00 1.00e+00h  1
1004  7.1112357e-04 4.08e-04 6.36e-03  -4.1 2.31e-02    -  1.00e+00 1.00e+00h  1
1005  6.9530173e-04 5.30e-04 1.13e-02  -4.1 3.75e-02    -  1.00e+00 1.00e+00h  1
1006  7.0252095e-04 8.41e-04 1.03e-02  -4.1 3.11e-02    -  1.00e+00 1.00e+00h  1
1007  7.7120711e-04 3.24e-04 1.93e-03  -4.1 2.09e-02    -  1.00e+00 1.00e+00h  1
1008  7.1629662e-04 1.89e-04 1.18e-01  -4.1 2.79e-02    -  1.00e+00 4.02e-01H  1
1009  7.0423394e-04 8.79e-05 2.45e-03  -4.1 9.98e-03    -  1.00e+00 1.00e+00f  1
iter    objective    inf_pr   inf_du lg(mu)  ||d||  lg(rg) alpha_du alpha_pr  ls
1010  7.2329727e-04 2.74e-04 1.84e-02  -4.1 1.69e-02    -  1.00e+00 1.00e+00h  1
1011  6.9790385e-04 1.06e-04 2.42e-03  -4.1 1.09e-02    -  1.00e+00 1.00e+00h  1
1012  7.0087144e-04 2.10e-05 3.33e-03  -4.1 4.42e-03    -  1.00e+00 1.00e+00h  1
1013  6.9856348e-04 1.13e-05 4.87e-03  -4.1 2.93e-03    -  1.00e+00 1.00e+00h  1
1014  6.9930965e-04 3.22e-06 1.20e-03  -4.1 1.57e-03    -  1.00e+00 1.00e+00h  1
1015  6.9919548e-04 1.14e-07 2.46e-04  -4.1 3.29e-04    -  1.00e+00 1.00e+00h  1
1016  6.9924541e-04 4.96e-09 2.26e-04  -4.0 6.19e-05    -  1.00e+00 1.00e+00h  1
1017  6.9926196e-04 4.31e-08 6.14e-04  -4.0 2.49e-04    -  1.00e+00 1.00e+00h  1
1018  6.9930088e-04 2.55e-08 6.12e-04  -4.1 1.97e-04    -  1.00e+00 1.00e+00h  1
1019  6.9899112e-04 7.18e-08 1.08e-03  -6.1 3.12e-04    -  1.00e+00 1.00e+00h  1
iter    objective    inf_pr   inf_du lg(mu)  ||d||  lg(rg) alpha_du alpha_pr  ls
1020  7.2922907e-04 1.52e-04 8.79e-01  -4.0 2.33e-01    -  1.00e+00 6.25e-02h  5
1021  7.0818366e-04 5.44e-05 2.34e-03  -4.1 8.57e-03    -  1.00e+00 1.00e+00h  1
1022  7.5169051e-04 5.71e-04 7.08e-02  -4.1 5.56e-02    -  1.00e+00 5.00e-01h  2
1023  7.0634077e-04 2.38e-04 2.28e-03  -4.1 1.81e-02    -  1.00e+00 1.00e+00h  1
1024  7.4347507e-04 2.09e-04 1.08e-02  -4.1 1.50e-02    -  1.00e+00 1.00e+00h  1
1025  6.9802826e-04 1.27e-04 3.30e-04  -4.1 1.25e-02    -  1.00e+00 1.00e+00h  1
1026  6.9845935e-04 7.19e-08 2.16e-04  -6.1 4.70e-04    -  1.00e+00 1.00e+00h  1
1027  6.9708136e-04 9.29e-07 8.13e-04  -6.1 1.16e-03    -  1.00e+00 1.00e+00h  1
1028  7.9542981e-04 4.21e-04 4.99e-01  -4.0 5.10e-02    -  1.00e+00 5.00e-01h  2
1029  7.3364826e-04 1.19e-04 1.77e-02  -4.1 1.39e-02    -  1.00e+00 1.00e+00h  1
iter    objective    inf_pr   inf_du lg(mu)  ||d||  lg(rg) alpha_du alpha_pr  ls
1030  7.3204518e-04 1.03e-04 1.76e-03  -4.1 1.15e-02    -  1.00e+00 1.00e+00h  1
1031  7.0216373e-04 1.36e-05 3.90e-03  -4.1 3.85e-03    -  1.00e+00 1.00e+00h  1
1032  6.9761480e-04 1.03e-05 7.07e-03  -4.1 3.57e-03    -  1.00e+00 1.00e+00h  1
1033  6.9994204e-04 3.53e-06 1.21e-03  -4.1 2.22e-03    -  1.00e+00 1.00e+00h  1
1034  6.9938863e-04 8.39e-08 4.02e-04  -4.1 2.80e-04    -  1.00e+00 1.00e+00h  1
1035  6.9896941e-04 6.39e-08 1.09e-03  -6.1 2.96e-04    -  1.00e+00 1.00e+00h  1
1036  7.0061867e-04 1.28e-06 5.83e-03  -4.0 1.35e-03    -  1.00e+00 1.00e+00h  1
1037  6.9945207e-04 5.49e-07 1.02e-03  -4.1 8.66e-04    -  1.00e+00 1.00e+00h  1
1038  6.9923223e-04 3.57e-08 9.87e-05  -4.1 2.30e-04    -  1.00e+00 1.00e+00h  1
1039  6.9928650e-04 4.30e-09 1.01e-04  -4.0 5.83e-05    -  1.00e+00 1.00e+00h  1
iter    objective    inf_pr   inf_du lg(mu)  ||d||  lg(rg) alpha_du alpha_pr  ls
1040  6.9929187e-04 1.86e-09 1.79e-04  -4.0 6.23e-05    -  1.00e+00 1.00e+00h  1
1041  6.9920784e-04 7.14e-08 8.65e-04  -4.1 2.74e-04    -  1.00e+00 1.00e+00h  1
1042  6.9922582e-04 2.94e-08 3.38e-04  -4.1 2.14e-04    -  1.00e+00 1.00e+00h  1
1043  6.9927547e-04 2.72e-09 1.67e-04  -4.0 5.02e-05    -  1.00e+00 1.00e+00h  1
1044  6.9928039e-04 7.65e-10 1.20e-04  -4.0 3.16e-05    -  1.00e+00 1.00e+00h  1
1045  6.9926008e-04 1.02e-07 1.90e-03  -4.0 3.96e-04    -  1.00e+00 1.00e+00h  1
1046  7.0817525e-04 2.94e-08 4.05e-02  -4.1 9.04e-03    -  1.00e+00 1.00e+00H  1
1047  6.9918112e-04 4.46e-05 3.96e-03  -4.1 8.19e-03    -  1.00e+00 1.00e+00h  1
1048  6.9935595e-04 3.35e-05 9.74e-03  -4.1 1.82e-03    -  1.00e+00 2.50e-01h  3
1049  6.9911360e-04 1.86e-08 1.62e-04  -4.1 2.14e-04    -  1.00e+00 1.00e+00h  1
iter    objective    inf_pr   inf_du lg(mu)  ||d||  lg(rg) alpha_du alpha_pr  ls
1050  6.9923320e-04 2.55e-08 5.97e-04  -4.0 1.40e-04    -  1.00e+00 1.00e+00h  1
1051  6.9912470e-04 9.46e-09 2.40e-04  -4.1 1.15e-04    -  1.00e+00 1.00e+00h  1
1052  6.9915891e-04 3.66e-09 2.33e-04  -4.0 5.82e-05    -  1.00e+00 1.00e+00h  1
1053  6.9915526e-04 7.45e-10 1.76e-04  -4.0 3.43e-05    -  1.00e+00 1.00e+00h  1
1054  6.9916722e-04 1.10e-07 1.78e-03  -4.0 4.04e-04    -  1.00e+00 1.00e+00h  1
1055  6.9898748e-04 4.77e-09 3.93e-03  -4.1 7.38e-04    -  1.00e+00 1.00e+00H  1
1056  6.9920488e-04 3.90e-07 5.32e-04  -4.0 8.06e-04    -  1.00e+00 1.00e+00h  1
1057  6.9912501e-04 7.99e-08 6.00e-04  -4.1 2.58e-04    -  1.00e+00 1.00e+00h  1
1058  6.9881740e-04 8.60e-08 1.11e-03  -6.1 2.27e-04    -  1.00e+00 1.00e+00h  1
1059  7.0031600e-04 1.18e-06 4.91e-03  -4.0 1.09e-03    -  1.00e+00 1.00e+00h  1
iter    objective    inf_pr   inf_du lg(mu)  ||d||  lg(rg) alpha_du alpha_pr  ls
1060  6.9925681e-04 4.11e-07 6.20e-04  -4.1 6.98e-04    -  1.00e+00 1.00e+00h  1
1061  6.9899735e-04 5.64e-08 1.01e-03  -6.1 2.65e-04    -  1.00e+00 1.00e+00h  1
1062  6.9587785e-04 2.09e-05 1.01e-03  -6.1 5.45e-03    -  1.00e+00 1.00e+00h  1
1063  6.9433994e-04 1.88e-05 2.31e-02  -6.1 9.40e-03    -  1.00e+00 1.54e-01h  2
1064  6.9510096e-04 6.21e-06 3.17e-04  -6.1 2.87e-03    -  1.00e+00 1.00e+00h  1
1065  6.9431538e-04 1.79e-07 2.06e-04  -6.1 5.02e-04    -  1.00e+00 1.00e+00h  1
1066  9.8939864e-04 1.14e-02 2.96e-01  -4.0 1.30e-01    -  1.00e+00 1.00e+00f  1
1067  7.8976044e-04 3.21e-03 7.15e-02  -4.1 6.50e-02    -  1.00e+00 1.00e+00h  1
1068  7.3426100e-04 9.33e-04 1.84e-02  -4.1 3.25e-02    -  1.00e+00 1.00e+00h  1
1069  8.7917908e-04 6.62e-04 5.21e-03  -4.1 2.51e-02    -  1.00e+00 1.00e+00h  1
iter    objective    inf_pr   inf_du lg(mu)  ||d||  lg(rg) alpha_du alpha_pr  ls
1070  8.7330941e-04 1.52e-04 3.05e-03  -4.1 1.65e-02    -  1.00e+00 1.00e+00h  1
1071  7.0560435e-04 1.14e-04 6.79e-03  -4.1 1.10e-02    -  1.00e+00 1.00e+00h  1
1072  7.1090965e-04 1.63e-04 8.01e-03  -4.1 1.26e-02    -  1.00e+00 1.00e+00h  1
1073  7.2185712e-04 8.99e-05 9.23e-03  -4.1 1.05e-02    -  1.00e+00 1.00e+00h  1
1074  6.9562630e-04 9.19e-05 8.18e-03  -4.1 1.21e-02    -  1.00e+00 1.00e+00h  1
1075  7.0133960e-04 4.21e-05 7.07e-03  -4.1 6.49e-03    -  1.00e+00 1.00e+00h  1
1076  6.9866015e-04 9.47e-06 4.43e-03  -4.1 3.72e-03    -  1.00e+00 1.00e+00h  1
1077  6.9948919e-04 5.05e-06 3.36e-03  -4.1 2.18e-03    -  1.00e+00 1.00e+00h  1
1078  7.0004120e-04 1.60e-06 2.70e-03  -4.1 1.67e-03    -  1.00e+00 1.00e+00h  1
1079  6.9932066e-04 5.71e-07 5.64e-04  -4.1 7.49e-04    -  1.00e+00 1.00e+00h  1
iter    objective    inf_pr   inf_du lg(mu)  ||d||  lg(rg) alpha_du alpha_pr  ls
1080  6.9909150e-04 3.83e-08 1.03e-03  -6.1 2.31e-04    -  1.00e+00 1.00e+00h  1
1081  6.9574756e-04 4.69e-05 1.18e-02  -6.1 4.44e-02    -  1.00e+00 1.90e-01h  3
1082  6.9795092e-04 6.14e-06 4.17e-04  -6.1 2.84e-03    -  1.00e+00 1.00e+00h  1
1083  6.9542787e-04 4.49e-07 5.04e-04  -6.1 9.72e-04    -  1.00e+00 1.00e+00h  1
1084  6.9429215e-04 2.81e-08 2.58e-04  -6.1 2.64e-04    -  1.00e+00 1.00e+00h  1
1085  8.8598648e-04 6.37e-03 3.02e-01  -4.0 9.87e-02    -  1.00e+00 1.00e+00f  1
1086  7.5815687e-04 1.53e-03 7.56e-02  -4.1 4.93e-02    -  1.00e+00 1.00e+00h  1
1087  7.2062212e-04 4.28e-04 1.84e-02  -4.1 2.58e-02    -  1.00e+00 1.00e+00h  1
1088  7.3367088e-04 1.81e-04 2.78e-03  -4.1 1.56e-02    -  1.00e+00 1.00e+00h  1
1089  7.1701638e-04 6.43e-05 1.46e-01  -4.1 2.23e-02    -  1.00e+00 4.68e-01H  1
iter    objective    inf_pr   inf_du lg(mu)  ||d||  lg(rg) alpha_du alpha_pr  ls
1090  6.9719282e-04 4.21e-05 3.00e-03  -4.1 7.64e-03    -  1.00e+00 1.00e+00f  1
1091  7.1552107e-04 3.41e-05 2.29e-02  -4.1 8.45e-03    -  1.00e+00 1.00e+00H  1
1092  7.0208487e-04 2.28e-05 4.39e-03  -4.1 6.05e-03    -  1.00e+00 1.00e+00h  1
1093  7.0236953e-04 1.05e-05 7.02e-03  -4.1 3.90e-03    -  1.00e+00 1.00e+00h  1
1094  6.9962694e-04 4.70e-06 1.66e-03  -4.1 2.58e-03    -  1.00e+00 1.00e+00h  1
1095  6.9918938e-04 1.47e-07 4.04e-04  -4.1 4.90e-04    -  1.00e+00 1.00e+00h  1
1096  6.9894746e-04 3.41e-08 1.02e-03  -6.1 2.33e-04    -  1.00e+00 1.00e+00h  1
1097  7.0752524e-04 1.03e-05 7.39e-01  -4.0 1.62e-02    -  1.00e+00 2.50e-01h  3
1098  6.9832181e-04 1.48e-05 1.29e-03  -4.1 5.01e-03    -  1.00e+00 1.00e+00h  1
1099  7.1024640e-04 1.14e-05 1.32e-01  -4.1 4.88e-03    -  1.00e+00 5.00e-01h  2
iter    objective    inf_pr   inf_du lg(mu)  ||d||  lg(rg) alpha_du alpha_pr  ls
1100  6.9838989e-04 2.71e-06 3.11e-03  -4.1 1.98e-03    -  1.00e+00 1.00e+00h  1
1101  7.0007561e-04 1.19e-06 2.43e-03  -4.1 1.35e-03    -  1.00e+00 1.00e+00h  1
1102  6.9920228e-04 1.67e-07 2.72e-04  -4.1 5.65e-04    -  1.00e+00 1.00e+00h  1
1103  6.9893035e-04 3.33e-08 1.01e-03  -6.1 2.65e-04    -  1.00e+00 1.00e+00h  1
1104  7.1711410e-04 4.70e-05 5.74e-02  -4.0 1.05e-02    -  1.00e+00 1.00e+00h  1
1105  7.0581947e-04 1.58e-05 1.52e-02  -4.1 5.65e-03    -  1.00e+00 1.00e+00h  1
1106  7.2522718e-04 1.56e-05 3.93e-03  -4.1 5.99e-03    -  1.00e+00 1.00e+00h  1
1107  6.9976671e-04 1.74e-06 2.09e-03  -4.1 1.95e-03    -  1.00e+00 1.00e+00h  1
1108  6.9887304e-04 3.31e-07 1.27e-03  -4.1 8.62e-04    -  1.00e+00 1.00e+00h  1
1109  6.9918922e-04 8.41e-08 5.00e-04  -4.1 3.41e-04    -  1.00e+00 1.00e+00h  1
iter    objective    inf_pr   inf_du lg(mu)  ||d||  lg(rg) alpha_du alpha_pr  ls
1110  6.9892566e-04 3.72e-08 1.05e-03  -6.1 2.53e-04    -  1.00e+00 1.00e+00h  1
1111  6.9771989e-04 1.15e-05 2.84e-02  -6.1 1.06e-01    -  1.00e+00 4.33e-02h  4
1112  6.9658384e-04 6.29e-06 1.41e-02  -6.1 1.54e-03    -  1.00e+00 5.00e-01h  2
1113  6.9399325e-04 1.45e-07 1.96e-04  -6.1 5.98e-04    -  1.00e+00 1.00e+00h  1
1114  8.7847353e-04 4.96e-03 1.32e-01  -4.0 9.29e-02    -  1.00e+00 1.00e+00f  1
1115  9.8652131e-04 1.22e-03 3.14e-02  -4.1 4.54e-02    -  1.00e+00 1.00e+00h  1
1116  2.4305875e-03 7.11e-04 4.92e-02  -4.1 3.15e-02    -  7.53e-01 1.00e+00h  1
1117  9.6343786e-04 4.83e-04 3.11e-02  -4.1 2.84e-02    -  1.00e+00 6.13e-01h  1
1118  7.5673361e-04 5.01e-04 2.84e-03  -4.1 3.19e-02    -  1.00e+00 1.00e+00f  1
1119  7.2419081e-04 1.41e-05 2.30e-03  -4.1 5.17e-03    -  1.00e+00 1.00e+00h  1
iter    objective    inf_pr   inf_du lg(mu)  ||d||  lg(rg) alpha_du alpha_pr  ls
1120  6.9959075e-04 1.30e-05 9.92e-03  -4.1 6.30e-03    -  1.00e+00 1.00e+00h  1
1121  7.0413688e-04 1.01e-05 5.58e-03  -4.1 4.49e-03    -  1.00e+00 1.00e+00h  1
1122  7.0791212e-04 4.79e-06 5.71e-03  -4.1 2.90e-03    -  1.00e+00 1.00e+00h  1
1123  6.9926632e-04 1.77e-06 1.78e-03  -4.1 1.38e-03    -  1.00e+00 1.00e+00h  1
1124  6.9932320e-04 7.03e-08 8.28e-04  -4.1 3.62e-04    -  1.00e+00 1.00e+00h  1
1125  6.9925028e-04 6.03e-09 2.03e-04  -4.1 1.37e-04    -  1.00e+00 1.00e+00h  1
1126  6.9895965e-04 3.52e-07 9.03e-04  -6.1 5.41e-04    -  1.00e+00 1.00e+00h  1
1127  6.9749124e-04 2.62e-06 1.12e-03  -6.1 1.47e-03    -  1.00e+00 1.00e+00h  1
1128  6.9677958e-04 2.29e-05 1.55e-02  -6.1 2.28e-02    -  1.00e+00 2.03e-01h  2
1129  6.9401221e-04 7.61e-07 2.95e-04  -6.1 1.48e-03    -  1.00e+00 1.00e+00h  1
iter    objective    inf_pr   inf_du lg(mu)  ||d||  lg(rg) alpha_du alpha_pr  ls
1130  6.9442501e-04 6.25e-08 4.41e-04  -6.1 2.72e-04    -  1.00e+00 1.00e+00h  1
1131  6.9397139e-04 1.11e-08 1.68e-04  -6.1 1.29e-04    -  1.00e+00 1.00e+00h  1
1132  8.6069066e-04 3.64e-03 2.85e-01  -4.0 1.14e-01    -  1.00e+00 5.00e-01f  2
1133  7.3116126e-04 1.23e-03 2.39e-02  -4.1 3.02e-02    -  1.00e+00 1.00e+00h  1
1134  1.0934350e-03 4.07e-04 4.56e-03  -4.1 1.83e-02    -  1.00e+00 1.00e+00h  1
1135  7.0020182e-04 4.88e-05 3.54e-03  -4.1 7.27e-03    -  1.00e+00 1.00e+00h  1
1136  7.0526246e-04 1.22e-04 1.53e-02  -4.1 9.51e-03    -  1.00e+00 1.00e+00h  1
1137  6.9996872e-04 3.86e-05 2.29e-03  -4.1 6.40e-03    -  1.00e+00 1.00e+00h  1
1138  6.9948349e-04 1.56e-06 4.73e-03  -4.1 1.48e-03    -  1.00e+00 1.00e+00h  1
1139  6.9981891e-04 9.02e-07 1.25e-03  -4.1 1.19e-03    -  1.00e+00 1.00e+00h  1
iter    objective    inf_pr   inf_du lg(mu)  ||d||  lg(rg) alpha_du alpha_pr  ls
1140  6.9960897e-04 3.55e-08 4.35e-04  -4.1 1.92e-04    -  1.00e+00 1.00e+00h  1
1141  6.9925733e-04 9.91e-08 7.77e-04  -6.1 3.49e-04    -  1.00e+00 1.00e+00h  1
1142  6.9884349e-04 2.19e-06 7.70e-04  -6.1 1.15e-02    -  1.00e+00 1.25e-01h  4
1143  6.9391368e-04 2.34e-05 7.00e-04  -6.1 5.26e-03    -  1.00e+00 1.00e+00h  1
1144  6.9508361e-04 1.21e-05 7.32e-03  -6.1 2.06e-03    -  1.00e+00 5.00e-01h  2
1145  6.9447476e-04 2.01e-06 5.65e-05  -6.1 1.50e-03    -  1.00e+00 1.00e+00h  1
1146  6.9477820e-04 1.15e-07 1.05e-04  -6.1 3.61e-04    -  1.00e+00 1.00e+00h  1
1147  6.9419050e-04 3.52e-08 3.19e-05  -6.1 2.35e-04    -  1.00e+00 1.00e+00h  1
1148  6.9412808e-04 2.18e-08 1.59e-05  -6.1 1.36e-04    -  1.00e+00 1.00e+00h  1
1149  6.9389552e-04 2.58e-06 1.78e-04  -6.1 1.44e-03    -  1.00e+00 1.00e+00h  1
iter    objective    inf_pr   inf_du lg(mu)  ||d||  lg(rg) alpha_du alpha_pr  ls
1150  1.0047195e-03 3.01e-03 9.41e-02  -4.0 1.19e-01    -  1.00e+00 5.00e-01f  2
1151  8.1876218e-04 1.19e-03 1.51e-02  -4.1 3.31e-02    -  1.00e+00 1.00e+00h  1
1152  7.7905726e-04 9.01e-04 3.59e-03  -4.1 3.22e-02    -  9.63e-01 1.00e+00h  1
1153  1.6122439e-03 1.75e-04 6.62e-03  -4.1 3.12e-02    -  1.00e+00 8.29e-01H  1
1154  7.5638396e-04 3.66e-03 2.26e-02  -4.1 5.68e-02    -  1.00e+00 1.00e+00f  1
1155  7.7236609e-04 6.59e-04 7.86e-04  -4.1 3.49e-02    -  1.00e+00 1.00e+00h  1
1156  7.6605507e-04 4.07e-04 9.59e-04  -6.1 1.75e-02    -  9.87e-01 1.00e+00h  1
1157  8.7711394e-04 8.33e-05 2.26e-03  -6.1 1.26e-02    -  1.00e+00 1.00e+00h  1
1158  7.0394245e-04 9.89e-05 5.29e-03  -6.1 1.09e-02    -  7.07e-01 1.00e+00h  1
1159  7.0060852e-04 2.61e-05 3.71e-04  -6.1 6.35e-03    -  1.00e+00 1.00e+00h  1
iter    objective    inf_pr   inf_du lg(mu)  ||d||  lg(rg) alpha_du alpha_pr  ls
1160  6.9102610e-04 7.35e-05 1.54e-02  -6.1 4.16e-02    -  1.00e+00 1.92e-01h  1
1161  1.1306561e-03 7.09e-03 2.61e-02  -4.0 9.44e-02    -  1.00e+00 1.00e+00f  1
1162  9.2464728e-04 3.07e-03 8.70e-03  -4.1 5.28e-02    -  1.00e+00 1.00e+00h  1
1163  2.1873083e-03 2.76e-03 5.50e-03  -4.1 5.75e-02    -  1.00e+00 1.00e+00H  1
1164  7.1580541e-04 3.84e-03 1.25e-03  -4.1 6.19e-02    -  1.00e+00 1.00e+00h  1
1165  7.6651598e-04 2.50e-05 8.36e-04  -4.1 1.42e-02    -  1.00e+00 1.00e+00h  1
1166  8.5128313e-04 1.74e-03 2.13e-01  -4.1 9.19e-02    -  1.00e+00 5.00e-01h  2
1167  7.3980648e-04 5.04e-04 1.37e-02  -4.1 2.58e-02    -  1.00e+00 1.00e+00h  1
1168  7.1439971e-04 3.48e-04 3.80e-02  -4.1 1.78e-02    -  1.00e+00 5.00e-01h  2
1169  6.9945764e-04 6.01e-05 1.70e-03  -4.1 8.50e-03    -  1.00e+00 1.00e+00h  1
iter    objective    inf_pr   inf_du lg(mu)  ||d||  lg(rg) alpha_du alpha_pr  ls
1170  7.0031623e-04 2.55e-05 9.90e-03  -4.1 5.96e-03    -  1.00e+00 1.00e+00h  1
1171  6.9989602e-04 2.80e-05 7.30e-03  -4.1 6.12e-03    -  1.00e+00 1.00e+00h  1
1172  6.9753457e-04 1.10e-05 9.08e-03  -4.1 3.47e-03    -  1.00e+00 1.00e+00h  1
1173  6.9955018e-04 5.83e-06 3.28e-03  -4.1 2.84e-03    -  1.00e+00 1.00e+00h  1
1174  6.9896537e-04 1.44e-06 1.31e-03  -4.1 1.29e-03    -  1.00e+00 1.00e+00h  1
1175  6.9892146e-04 1.67e-07 5.72e-04  -4.1 4.92e-04    -  1.00e+00 1.00e+00h  1
1176  6.9867010e-04 5.09e-08 1.09e-03  -6.1 2.54e-04    -  1.00e+00 1.00e+00h  1
1177  6.9799243e-04 3.79e-05 3.16e-03  -6.1 3.05e-02    -  1.00e+00 2.50e-01h  3
1178  6.9477917e-04 2.12e-05 8.30e-03  -6.1 1.35e-03    -  1.00e+00 4.37e-01h  2
1179  6.9447437e-04 2.92e-06 7.74e-04  -6.1 1.92e-03    -  1.00e+00 1.00e+00h  1
iter    objective    inf_pr   inf_du lg(mu)  ||d||  lg(rg) alpha_du alpha_pr  ls
1180  6.9739363e-04 1.39e-06 5.04e-04  -6.1 1.24e-03    -  1.00e+00 1.00e+00h  1
1181  6.9407538e-04 7.26e-07 2.75e-04  -6.1 8.62e-04    -  1.00e+00 1.00e+00h  1
1182  6.9404415e-04 1.74e-08 3.43e-05  -6.1 1.37e-04    -  1.00e+00 1.00e+00h  1
1183  8.6638610e-04 2.29e-03 6.81e-02  -4.0 1.23e-01    -  1.00e+00 5.00e-01f  2
1184  7.2939384e-04 6.18e-04 9.36e-03  -4.1 3.17e-02    -  1.00e+00 1.00e+00h  1
1185  9.1206942e-04 3.01e-04 1.51e-03  -4.1 2.56e-02    -  1.00e+00 1.00e+00h  1
1186  7.5592660e-04 1.15e-04 5.96e-02  -4.1 3.96e-02    -  1.00e+00 4.14e-01H  1
1187  7.0986009e-04 1.08e-04 1.54e-03  -4.1 1.39e-02    -  1.00e+00 1.00e+00f  1
1188  6.9827200e-04 1.06e-06 9.39e-04  -4.1 1.22e-03    -  1.00e+00 1.00e+00h  1
1189  7.0991385e-04 6.54e-05 4.22e-02  -4.1 1.14e-02    -  1.00e+00 1.00e+00h  1
iter    objective    inf_pr   inf_du lg(mu)  ||d||  lg(rg) alpha_du alpha_pr  ls
1190  7.0258337e-04 2.17e-05 1.06e-02  -4.1 6.40e-03    -  1.00e+00 1.00e+00h  1
1191  6.9807725e-04 1.12e-05 2.96e-03  -4.1 4.91e-03    -  1.00e+00 1.00e+00h  1
1192  6.9910943e-04 1.14e-06 1.98e-03  -4.1 1.39e-03    -  1.00e+00 1.00e+00h  1
1193  6.9888946e-04 1.95e-07 1.19e-03  -4.1 3.95e-04    -  1.00e+00 1.00e+00h  1
1194  6.9885632e-04 1.48e-08 2.29e-04  -4.1 1.43e-04    -  1.00e+00 1.00e+00h  1
1195  6.9893305e-04 1.82e-08 3.88e-04  -4.0 1.65e-04    -  1.00e+00 1.00e+00h  1
1196  6.9888447e-04 4.82e-08 6.96e-04  -4.1 2.80e-04    -  1.00e+00 1.00e+00h  1
1197  6.9887399e-04 6.20e-08 1.13e-03  -6.1 3.26e-04    -  1.00e+00 1.00e+00h  1
1198  6.9840990e-04 4.03e-08 1.04e-03  -6.1 2.38e-04    -  1.00e+00 1.00e+00h  1
1199  6.9703617e-04 9.47e-07 9.13e-04  -6.1 1.43e-03    -  1.00e+00 1.00e+00h  1
iter    objective    inf_pr   inf_du lg(mu)  ||d||  lg(rg) alpha_du alpha_pr  ls
1200  6.9357182e-04 7.61e-06 5.88e-04  -6.1 4.21e-03    -  1.00e+00 1.00e+00h  1
1201  8.1709115e-04 1.09e-04 1.36e-01  -4.0 2.26e-01    -  1.00e+00 6.25e-02h  5
1202  6.8634827e-04 2.23e-04 2.03e-03  -4.1 2.16e-02    -  1.00e+00 1.00e+00h  1
1203  7.3588813e-04 6.45e-04 9.93e-03  -4.0 3.55e-02    -  1.00e+00 1.00e+00h  1
1204  7.0694408e-04 2.80e-04 7.28e-04  -4.1 2.24e-02    -  1.00e+00 1.00e+00h  1
1205  8.5811465e-04 1.23e-04 5.36e-03  -6.1 1.81e-02    -  1.00e+00 1.00e+00h  1
1206  6.8928885e-04 3.00e-05 1.12e-03  -6.1 8.54e-03    -  1.00e+00 1.00e+00h  1
1207  8.1467753e-04 1.24e-03 7.16e-02  -4.0 5.22e-02    -  1.00e+00 1.00e+00h  1
1208  8.1714628e-04 2.96e-04 1.84e-02  -4.1 2.59e-02    -  1.00e+00 1.00e+00h  1
1209  8.5425434e-04 2.24e-04 1.75e-03  -4.1 2.11e-02    -  1.00e+00 1.00e+00h  1
iter    objective    inf_pr   inf_du lg(mu)  ||d||  lg(rg) alpha_du alpha_pr  ls
1210  7.3208500e-04 3.74e-05 3.50e-03  -4.1 8.74e-03    -  1.00e+00 1.00e+00h  1
1211  7.0020966e-04 1.79e-05 4.50e-03  -4.1 6.12e-03    -  1.00e+00 1.00e+00h  1
1212  7.0505002e-04 1.71e-05 8.70e-03  -4.1 5.86e-03    -  1.00e+00 1.00e+00h  1
1213  7.0512221e-04 9.93e-06 2.75e-03  -4.1 4.03e-03    -  1.00e+00 1.00e+00h  1
1214  6.9883202e-04 4.82e-07 6.34e-04  -4.1 9.11e-04    -  1.00e+00 1.00e+00h  1
1215  6.9838706e-04 5.34e-08 1.12e-03  -6.1 3.48e-04    -  1.00e+00 1.00e+00h  1
1216  6.9619619e-04 2.87e-06 1.12e-03  -6.1 2.47e-03    -  1.00e+00 1.00e+00h  1
1217  6.9578849e-04 3.06e-06 2.25e-02  -6.1 1.57e-02    -  1.00e+00 4.65e-02h  4
1218  6.9259373e-04 3.52e-06 3.74e-04  -6.1 3.03e-03    -  1.00e+00 1.00e+00h  1
1219  8.3339383e-04 2.68e-03 1.76e-01  -4.0 7.99e-02    -  1.00e+00 1.00e+00f  1
iter    objective    inf_pr   inf_du lg(mu)  ||d||  lg(rg) alpha_du alpha_pr  ls
1220  7.3711812e-04 6.61e-04 4.30e-02  -4.1 4.01e-02    -  1.00e+00 1.00e+00h  1
1221  7.2854600e-04 2.52e-04 1.05e-02  -4.1 2.12e-02    -  1.00e+00 1.00e+00h  1
1222  8.2453757e-04 9.04e-05 4.21e-03  -4.1 1.87e-02    -  1.00e+00 1.00e+00h  1
1223  7.0796528e-04 2.08e-05 2.97e-03  -4.1 9.35e-03    -  1.00e+00 1.00e+00h  1
1224  7.2780430e-04 1.29e-05 5.60e-03  -4.1 5.26e-03    -  1.00e+00 1.00e+00h  1
1225  7.0111798e-04 1.20e-05 5.91e-03  -4.1 4.90e-03    -  1.00e+00 1.00e+00h  1
1226  7.0884774e-04 1.38e-05 1.01e-02  -4.1 5.08e-03    -  1.00e+00 1.00e+00h  1
1227  6.9896761e-04 5.66e-06 8.72e-04  -4.1 3.32e-03    -  1.00e+00 1.00e+00h  1
1228  6.9877457e-04 2.65e-08 3.74e-04  -4.1 2.48e-04    -  1.00e+00 1.00e+00h  1
1229  6.9847000e-04 3.07e-08 1.30e-03  -6.1 2.85e-04    -  1.00e+00 1.00e+00h  1
iter    objective    inf_pr   inf_du lg(mu)  ||d||  lg(rg) alpha_du alpha_pr  ls
1230  6.9267723e-04 4.98e-05 8.61e-04  -6.1 1.14e-02    -  1.00e+00 1.00e+00h  1
1231  6.9087990e-04 2.98e-05 6.67e-03  -6.1 4.02e-03    -  1.00e+00 4.42e-01h  2
1232  8.3348820e-04 3.26e-03 2.89e-02  -4.0 9.52e-02    -  1.00e+00 1.00e+00h  1
1233  7.9257212e-04 1.08e-03 8.23e-03  -4.1 5.05e-02    -  1.00e+00 1.00e+00h  1
1234  1.0764681e-03 1.00e-03 9.94e-03  -4.1 5.76e-02    -  6.51e-01 5.00e-01h  2
1235  7.1308383e-04 5.52e-05 1.94e-03  -4.1 8.38e-03    -  1.00e+00 9.62e-01h  1
1236  6.7808574e-04 3.85e-03 1.02e-01  -4.1 9.10e-02    -  1.00e+00 1.00e+00f  1
1237  6.8233693e-04 1.13e-03 2.42e-02  -4.0 4.50e-02    -  1.00e+00 1.00e+00h  1
1238  1.7999380e-03 6.29e-04 3.55e-03  -4.0 2.66e-02    -  1.00e+00 1.00e+00h  1
1239  6.9703589e-04 2.91e-05 1.50e-03  -4.1 8.38e-03    -  1.00e+00 1.00e+00h  1
iter    objective    inf_pr   inf_du lg(mu)  ||d||  lg(rg) alpha_du alpha_pr  ls
1240  7.0303670e-04 2.14e-05 1.11e-02  -4.1 6.72e-03    -  1.00e+00 1.00e+00h  1
1241  6.9932159e-04 2.67e-05 5.49e-03  -4.1 6.52e-03    -  1.00e+00 1.00e+00h  1
1242  6.9815720e-04 1.42e-05 1.18e-02  -4.1 3.43e-03    -  1.00e+00 1.00e+00h  1
1243  6.9905291e-04 6.17e-06 1.47e-03  -4.1 2.83e-03    -  1.00e+00 1.00e+00h  1
1244  6.9876547e-04 5.60e-08 4.11e-04  -4.1 3.39e-04    -  1.00e+00 1.00e+00h  1
1245  6.9849966e-04 3.13e-08 1.15e-03  -6.1 2.55e-04    -  1.00e+00 1.00e+00h  1
1246  6.9255089e-04 1.44e-04 4.28e-02  -6.1 1.49e-01    -  1.00e+00 1.14e-01h  2
1247  6.9027523e-04 7.85e-05 3.80e-03  -6.1 7.85e-03    -  1.00e+00 5.00e-01h  2
1248  6.9213419e-04 4.42e-05 4.38e-03  -6.1 6.19e-03    -  1.00e+00 5.00e-01h  2
1249  6.9462132e-04 9.63e-06 3.03e-04  -6.1 3.81e-03    -  1.00e+00 1.00e+00h  1
iter    objective    inf_pr   inf_du lg(mu)  ||d||  lg(rg) alpha_du alpha_pr  ls
1250  6.9328914e-04 7.10e-07 1.49e-04  -6.1 1.06e-03    -  1.00e+00 1.00e+00h  1
1251  8.8123340e-04 5.37e-03 2.38e-01  -4.0 1.09e-01    -  1.00e+00 1.00e+00f  1
1252  7.6010621e-04 1.40e-03 5.99e-02  -4.1 5.41e-02    -  1.00e+00 1.00e+00h  1
1253  7.2681854e-04 3.66e-04 1.42e-02  -4.1 2.91e-02    -  1.00e+00 1.00e+00h  1
1254  1.9874018e-03 3.13e-04 3.81e-03  -4.1 2.09e-02    -  1.00e+00 1.00e+00h  1
1255  7.0896468e-04 8.66e-05 5.63e-03  -4.1 1.26e-02    -  1.00e+00 1.00e+00h  1
1256  6.9127705e-04 1.19e-04 7.97e-03  -4.1 1.58e-02    -  1.00e+00 1.00e+00h  1
1257  7.2218667e-04 6.47e-05 4.61e-03  -4.1 1.07e-02    -  1.00e+00 1.00e+00h  1
1258  7.3798929e-04 1.70e-05 1.00e-02  -4.1 5.89e-03    -  1.00e+00 1.00e+00h  1
1259  6.9568118e-04 2.52e-05 7.79e-03  -4.1 6.13e-03    -  1.00e+00 1.00e+00h  1
iter    objective    inf_pr   inf_du lg(mu)  ||d||  lg(rg) alpha_du alpha_pr  ls
1260  7.0128913e-04 1.84e-05 6.55e-03  -4.1 5.34e-03    -  1.00e+00 1.00e+00h  1
1261  6.9883845e-04 9.12e-06 7.87e-03  -4.1 2.76e-03    -  1.00e+00 1.00e+00h  1
1262  6.9840171e-04 3.06e-06 3.85e-03  -4.1 2.23e-03    -  1.00e+00 1.00e+00h  1
1263  6.9872764e-04 1.25e-07 5.43e-04  -4.1 5.78e-04    -  1.00e+00 1.00e+00h  1
1264  6.9840228e-04 8.28e-08 1.26e-03  -6.1 3.45e-04    -  1.00e+00 1.00e+00h  1
1265  6.8831608e-04 1.11e-03 6.69e-03  -6.1 7.00e-02    -  1.00e+00 5.98e-01h  1
1266  6.8299484e-04 8.51e-04 4.09e-03  -6.1 2.13e-02    -  1.00e+00 2.50e-01h  3
1267  7.6171202e-04 1.36e-03 1.91e-03  -4.0 4.51e-02    -  1.00e+00 1.00e+00h  1
1268  8.4891448e-04 3.42e-04 2.11e-02  -4.1 5.81e-02    -  1.00e+00 4.76e-01H  1
1269  6.9820325e-04 4.57e-04 1.51e-03  -4.1 2.46e-02    -  1.00e+00 1.00e+00f  1
iter    objective    inf_pr   inf_du lg(mu)  ||d||  lg(rg) alpha_du alpha_pr  ls
1270  6.9234306e-04 3.70e-05 1.98e-03  -4.1 6.56e-03    -  1.00e+00 1.00e+00h  1
1271  8.1818617e-04 2.71e-04 9.18e-02  -4.0 5.30e-02    -  1.00e+00 5.00e-01h  2
1272  7.3721266e-04 2.54e-04 8.99e-03  -4.1 2.30e-02    -  1.00e+00 1.00e+00h  1
1273  7.1267666e-04 1.11e-04 5.08e-03  -4.1 1.70e-02    -  1.00e+00 1.00e+00h  1
1274  8.0941546e-04 1.44e-04 9.42e-03  -4.1 1.74e-02    -  1.00e+00 1.00e+00h  1
1275  7.1085284e-04 9.23e-05 8.32e-03  -4.1 9.19e-03    -  1.00e+00 1.00e+00h  1
1276  6.9350683e-04 6.44e-05 7.38e-03  -4.1 1.06e-02    -  1.00e+00 1.00e+00h  1
1277  7.0479301e-04 2.04e-05 6.66e-03  -4.1 8.04e-03    -  1.00e+00 1.00e+00h  1
1278  7.0694233e-04 6.15e-05 1.50e-02  -4.1 9.10e-03    -  1.00e+00 1.00e+00h  1
1279  6.9788499e-04 3.31e-05 2.51e-03  -4.1 5.33e-03    -  1.00e+00 1.00e+00h  1
iter    objective    inf_pr   inf_du lg(mu)  ||d||  lg(rg) alpha_du alpha_pr  ls
1280  6.9927842e-04 9.67e-07 1.91e-03  -4.1 1.39e-03    -  1.00e+00 1.00e+00h  1
1281  6.9853298e-04 3.13e-07 8.83e-04  -4.1 6.68e-04    -  1.00e+00 1.00e+00h  1
1282  6.9853805e-04 5.19e-08 4.56e-04  -4.1 2.89e-04    -  1.00e+00 1.00e+00h  1
1283  6.9821257e-04 5.74e-08 1.08e-03  -6.1 3.37e-04    -  1.00e+00 1.00e+00h  1
1284  6.8321343e-04 5.06e-04 3.54e-03  -6.1 3.07e-02    -  1.00e+00 1.00e+00h  1
1285  8.0962602e-04 1.37e-03 4.42e-03  -4.0 5.22e-02    -  1.00e+00 1.00e+00f  1
1286  1.2042936e-03 5.80e-04 1.16e-02  -4.1 2.42e-02    -  1.00e+00 6.73e-01h  1
1287  7.0677732e-04 4.51e-04 1.71e-03  -4.1 2.59e-02    -  1.00e+00 1.00e+00f  1
1288  6.8397127e-04 1.57e-04 2.02e-02  -4.1 2.81e-02    -  1.00e+00 6.90e-01H  1
1289  7.0794508e-04 2.04e-04 4.13e-03  -4.0 2.17e-02    -  1.00e+00 1.00e+00f  1
iter    objective    inf_pr   inf_du lg(mu)  ||d||  lg(rg) alpha_du alpha_pr  ls
1290  7.0767217e-04 4.66e-05 3.10e-03  -4.1 8.85e-03    -  1.00e+00 1.00e+00h  1
1291  7.0391179e-04 3.25e-05 9.28e-03  -4.1 8.06e-03    -  1.00e+00 1.00e+00h  1
1292  6.9727214e-04 2.58e-05 8.47e-03  -4.1 6.69e-03    -  1.00e+00 1.00e+00h  1
1293  7.0288507e-04 6.86e-06 6.22e-03  -4.1 3.75e-03    -  1.00e+00 1.00e+00h  1
1294  6.9772265e-04 5.72e-06 6.15e-03  -4.1 3.18e-03    -  1.00e+00 1.00e+00h  1
1295  6.9847179e-04 4.45e-06 4.88e-03  -4.1 2.01e-03    -  1.00e+00 1.00e+00h  1
1296  6.9859499e-04 6.69e-07 8.58e-04  -4.1 1.16e-03    -  1.00e+00 1.00e+00h  1
1297  6.9847280e-04 1.85e-08 2.70e-04  -4.1 1.40e-04    -  1.00e+00 1.00e+00h  1
1298  6.9854240e-04 1.13e-08 4.32e-04  -4.0 1.66e-04    -  1.00e+00 1.00e+00h  1
1299  6.9851438e-04 1.92e-08 5.17e-04  -4.1 2.44e-04    -  1.00e+00 1.00e+00h  1
iter    objective    inf_pr   inf_du lg(mu)  ||d||  lg(rg) alpha_du alpha_pr  ls
1300  6.9833965e-04 4.84e-08 1.17e-03  -6.1 2.54e-04    -  1.00e+00 1.00e+00h  1
1301  6.9698385e-04 1.59e-06 1.05e-03  -6.1 1.49e-03    -  1.00e+00 1.00e+00h  1
1302  6.9307476e-04 2.09e-05 6.79e-02  -6.1 1.21e-01    -  1.00e+00 5.26e-02h  2
1303  6.9490541e-04 4.98e-06 1.93e-04  -6.1 2.56e-03    -  1.00e+00 1.00e+00h  1
1304  6.9349257e-04 2.59e-07 3.01e-04  -6.1 5.41e-04    -  1.00e+00 1.00e+00h  1
1305  9.9186788e-04 9.29e-03 2.24e-01  -4.0 1.30e-01    -  1.00e+00 1.00e+00f  1
1306  7.7047549e-04 2.97e-03 5.63e-02  -4.1 7.17e-02    -  1.00e+00 1.00e+00h  1
1307  1.6824492e-03 4.96e-04 1.50e-02  -4.1 3.02e-02    -  1.00e+00 1.00e+00h  1
1308  7.8246231e-04 4.92e-04 3.71e-03  -4.1 2.43e-02    -  1.00e+00 1.00e+00h  1
1309  8.2966024e-04 2.27e-05 2.45e-03  -4.1 6.25e-03    -  1.00e+00 1.00e+00h  1
iter    objective    inf_pr   inf_du lg(mu)  ||d||  lg(rg) alpha_du alpha_pr  ls
1310  6.9956723e-04 9.95e-05 2.90e-02  -4.1 1.42e-02    -  1.00e+00 1.00e+00h  1
1311  7.4347859e-04 5.54e-05 4.56e-03  -4.1 1.00e-02    -  1.00e+00 1.00e+00h  1
1312  7.0379965e-04 2.45e-05 7.50e-03  -4.1 4.61e-03    -  1.00e+00 1.00e+00h  1
1313  6.9941548e-04 8.46e-06 7.85e-03  -4.1 3.22e-03    -  1.00e+00 1.00e+00h  1
1314  7.0003822e-04 1.83e-06 1.67e-03  -4.1 1.73e-03    -  1.00e+00 1.00e+00h  1
1315  6.9989175e-04 1.07e-07 1.14e-03  -4.1 3.79e-04    -  1.00e+00 1.00e+00h  1
1316  6.9916001e-04 4.62e-07 2.01e-03  -4.1 9.56e-04    -  1.00e+00 1.00e+00h  1
1317  6.9893440e-04 3.55e-09 5.89e-03  -4.1 2.01e-03    -  1.00e+00 1.00e+00H  1
1318  7.0300866e-04 8.22e-10 1.71e-02  -4.1 3.49e-03    -  1.00e+00 1.00e+00H  1
1319  7.0020136e-04 1.27e-10 9.27e-03  -4.1 1.39e-03    -  1.00e+00 1.00e+00H  1
iter    objective    inf_pr   inf_du lg(mu)  ||d||  lg(rg) alpha_du alpha_pr  ls
1320  6.9854877e-04 1.39e-06 2.90e-03  -4.1 1.38e-03    -  1.00e+00 1.00e+00h  1
1321  6.9856869e-04 1.13e-07 7.31e-04  -4.1 2.96e-04    -  1.00e+00 1.00e+00h  1
1322  6.9827806e-04 7.09e-08 9.58e-04  -6.1 2.60e-04    -  1.00e+00 1.00e+00h  1
1323  6.9517609e-04 8.74e-05 6.06e-03  -6.1 9.57e-03    -  1.00e+00 1.00e+00h  1
1324  6.9038355e-04 4.04e-05 7.61e-03  -6.1 3.49e-03    -  1.00e+00 5.61e-01h  1
1325  8.9203985e-04 5.52e-03 5.13e-02  -4.0 7.82e-02    -  1.00e+00 1.00e+00f  1
1326  8.0549084e-04 1.63e-03 9.54e-03  -4.1 4.06e-02    -  1.00e+00 1.00e+00h  1
1327  7.7837435e-04 1.09e-03 3.14e-02  -4.1 3.74e-02    -  1.00e+00 5.00e-01h  2
1328  8.3175268e-04 6.82e-04 4.97e-03  -4.1 2.50e-02    -  1.00e+00 1.00e+00h  1
1329  8.9900571e-04 2.05e-04 2.45e-02  -4.1 1.78e-02    -  1.00e+00 1.00e+00h  1
iter    objective    inf_pr   inf_du lg(mu)  ||d||  lg(rg) alpha_du alpha_pr  ls
1330  6.9993744e-04 4.57e-04 7.42e-03  -4.1 2.25e-02    -  1.00e+00 1.00e+00h  1
1331  7.1066818e-04 9.17e-05 1.09e-02  -4.1 1.32e-02    -  1.00e+00 1.00e+00h  1
1332  6.9775932e-04 5.53e-05 2.78e-03  -4.1 1.04e-02    -  1.00e+00 1.00e+00h  1
1333  7.0210454e-04 1.22e-05 7.64e-03  -4.1 3.87e-03    -  1.00e+00 1.00e+00h  1
1334  6.9834806e-04 1.29e-05 7.35e-03  -4.1 3.75e-03    -  1.00e+00 1.00e+00h  1
1335  6.9855605e-04 5.48e-06 3.43e-03  -4.1 2.63e-03    -  1.00e+00 1.00e+00h  1
1336  6.9892172e-04 4.49e-07 8.29e-04  -4.1 1.00e-03    -  1.00e+00 1.00e+00h  1
1337  6.9859136e-04 8.53e-08 4.32e-04  -4.1 2.80e-04    -  1.00e+00 1.00e+00h  1
1338  6.9819460e-04 1.12e-07 1.27e-03  -6.1 4.12e-04    -  1.00e+00 1.00e+00h  1
1339  6.9662251e-04 2.92e-06 6.41e-04  -6.1 2.71e-03    -  1.00e+00 1.00e+00h  1
iter    objective    inf_pr   inf_du lg(mu)  ||d||  lg(rg) alpha_du alpha_pr  ls
1340  6.9598930e-04 3.78e-06 1.66e-02  -6.1 2.06e-02    -  1.00e+00 5.61e-02h  4
1341  6.9482092e-04 7.33e-06 1.29e-02  -6.1 5.65e-03    -  1.00e+00 4.96e-01h  2
1342  6.9293686e-04 1.23e-06 3.25e-04  -6.1 4.06e-03    -  1.00e+00 1.00e+00h  1
1343  9.3307784e-04 5.61e-03 2.12e-01  -4.0 9.10e-02    -  1.00e+00 1.00e+00f  1
1344  7.4985812e-04 1.70e-03 5.31e-02  -4.1 4.79e-02    -  1.00e+00 1.00e+00h  1
1345  9.8861590e-04 4.59e-04 1.09e-02  -4.1 2.24e-02    -  1.00e+00 1.00e+00h  1
1346  9.0884495e-04 4.11e-04 2.96e-03  -4.1 2.63e-02    -  1.00e+00 1.00e+00h  1
1347  7.7134842e-04 2.40e-04 2.34e-03  -4.1 1.90e-02    -  1.00e+00 1.00e+00h  1
1348  1.0652368e-03 1.82e-05 6.06e-03  -4.1 4.34e-03    -  1.00e+00 9.84e-01h  1
1349  6.9694627e-04 1.92e-04 9.42e-03  -4.1 1.55e-02    -  1.00e+00 1.00e+00f  1
iter    objective    inf_pr   inf_du lg(mu)  ||d||  lg(rg) alpha_du alpha_pr  ls
1350  7.1424778e-04 1.11e-04 4.11e-03  -4.1 1.18e-02    -  1.00e+00 1.00e+00h  1
1351  6.9673239e-04 2.57e-05 4.11e-03  -4.1 5.96e-03    -  1.00e+00 1.00e+00h  1
1352  7.0130098e-04 1.99e-05 9.62e-03  -4.1 5.54e-03    -  1.00e+00 1.00e+00h  1
1353  6.9851543e-04 9.64e-06 4.39e-03  -4.1 3.51e-03    -  1.00e+00 1.00e+00h  1
1354  6.9859374e-04 2.15e-06 4.55e-03  -4.1 1.69e-03    -  1.00e+00 1.00e+00h  1
1355  6.9886625e-04 4.63e-07 1.05e-03  -4.1 9.60e-04    -  1.00e+00 1.00e+00h  1
1356  6.9868164e-04 2.02e-08 2.46e-04  -4.1 1.41e-04    -  1.00e+00 1.00e+00h  1
1357  6.9826792e-04 2.06e-07 1.14e-03  -6.1 4.19e-04    -  1.00e+00 1.00e+00h  1
1358  6.9573459e-04 3.62e-05 7.77e-04  -6.1 1.10e-02    -  1.00e+00 5.00e-01h  2
1359  6.9509788e-04 3.60e-05 3.02e-02  -6.1 1.42e-02    -  1.00e+00 1.40e-01h  2
iter    objective    inf_pr   inf_du lg(mu)  ||d||  lg(rg) alpha_du alpha_pr  ls
1360  6.9382925e-04 9.29e-06 2.55e-04  -6.1 3.37e-03    -  1.00e+00 1.00e+00h  1
1361  6.9420553e-04 4.45e-06 3.59e-03  -6.1 2.41e-03    -  1.00e+00 5.00e-01h  2
1362  6.9325886e-04 1.01e-07 1.38e-04  -6.1 3.97e-04    -  1.00e+00 1.00e+00h  1
1363  8.5963931e-04 2.46e-03 5.09e-01  -4.0 9.70e-02    -  1.00e+00 5.00e-01f  2
1364  7.3878143e-04 1.18e-03 3.65e-02  -4.1 3.14e-02    -  1.00e+00 1.00e+00h  1
1365  1.7718798e-03 3.52e-04 1.04e-02  -4.1 2.81e-02    -  1.00e+00 1.00e+00h  1
1366  7.1043789e-04 1.21e-04 9.10e-03  -4.1 2.43e-02    -  1.00e+00 1.00e+00h  1
1367  7.0133882e-04 6.25e-05 3.93e-03  -4.1 1.02e-02    -  1.00e+00 1.00e+00h  1
1368  7.5853129e-04 1.99e-06 4.51e-03  -4.1 2.05e-03    -  1.00e+00 1.00e+00h  1
1369  6.9948460e-04 4.25e-06 5.67e-03  -4.1 3.06e-03    -  1.00e+00 1.00e+00h  1
iter    objective    inf_pr   inf_du lg(mu)  ||d||  lg(rg) alpha_du alpha_pr  ls
1370  6.9824948e-04 1.98e-06 3.72e-03  -4.1 1.55e-03    -  1.00e+00 1.00e+00h  1
1371  6.9901034e-04 1.40e-06 3.45e-03  -4.1 1.24e-03    -  1.00e+00 1.00e+00h  1
1372  6.9881579e-04 6.37e-07 2.30e-03  -4.1 9.04e-04    -  1.00e+00 1.00e+00h  1
1373  6.9859774e-04 8.97e-08 3.40e-04  -4.1 4.03e-04    -  1.00e+00 1.00e+00h  1
1374  6.9830310e-04 5.79e-08 1.17e-03  -6.1 2.58e-04    -  1.00e+00 1.00e+00h  1
1375  6.9698851e-04 5.71e-06 1.55e-02  -6.1 7.22e-02    -  1.00e+00 3.57e-02h  5
1376  6.9513935e-04 1.02e-05 3.12e-02  -6.1 9.51e-03    -  1.00e+00 2.88e-01h  2
1377  6.9406377e-04 7.27e-07 3.18e-04  -6.1 1.41e-03    -  1.00e+00 1.00e+00h  1
1378  6.9293692e-04 1.32e-07 7.73e-05  -6.1 4.91e-04    -  1.00e+00 1.00e+00h  1
1379  1.0258597e-03 7.31e-03 2.58e-01  -4.0 9.60e-02    -  1.00e+00 1.00e+00f  1
iter    objective    inf_pr   inf_du lg(mu)  ||d||  lg(rg) alpha_du alpha_pr  ls
1380  7.7258570e-04 2.06e-03 6.45e-02  -4.1 4.84e-02    -  1.00e+00 1.00e+00h  1
1381  7.2675291e-04 5.12e-04 1.71e-02  -4.1 2.34e-02    -  1.00e+00 1.00e+00h  1
1382  1.0319615e-03 4.06e-04 4.80e-03  -4.1 2.08e-02    -  1.00e+00 1.00e+00h  1
1383  7.4355416e-04 3.33e-05 2.55e-03  -4.1 5.35e-03    -  1.00e+00 1.00e+00h  1
1384  7.1184943e-04 4.36e-05 1.34e-02  -4.1 7.01e-03    -  1.00e+00 1.00e+00h  1
1385  7.0379793e-04 2.73e-05 3.43e-03  -4.1 5.58e-03    -  1.00e+00 1.00e+00h  1
1386  7.3772735e-04 2.18e-05 1.44e-02  -4.1 5.02e-03    -  1.00e+00 1.00e+00h  1
1387  6.9927813e-04 1.61e-05 2.21e-03  -4.1 3.88e-03    -  1.00e+00 1.00e+00h  1
1388  6.9945480e-04 3.18e-07 2.45e-03  -4.1 9.29e-04    -  1.00e+00 1.00e+00h  1
1389  6.9919486e-04 9.73e-08 9.09e-04  -4.1 3.88e-04    -  1.00e+00 1.00e+00h  1
iter    objective    inf_pr   inf_du lg(mu)  ||d||  lg(rg) alpha_du alpha_pr  ls
1390  6.9887136e-04 4.94e-08 5.77e-04  -4.1 3.14e-04    -  1.00e+00 1.00e+00h  1
1391  6.9831155e-04 1.12e-06 1.92e-03  -6.1 1.68e-03    -  1.00e+00 1.00e+00h  1
1392  7.1415764e-04 3.92e-09 9.19e-04  -6.1 5.58e-03    -  1.00e+00 1.00e+00H  1
1393  6.9780453e-04 1.18e-05 6.08e-04  -6.1 5.66e-03    -  1.00e+00 1.00e+00h  1
1394  6.9759515e-04 8.65e-06 8.80e-04  -6.1 3.37e-03    -  1.00e+00 2.50e-01h  3
1395  6.9664870e-04 2.06e-07 5.80e-04  -6.1 5.05e-04    -  1.00e+00 1.00e+00h  1
1396  6.9628989e-04 1.28e-07 5.90e-04  -6.1 4.72e-04    -  1.00e+00 1.00e+00h  1
1397  6.9097824e-04 3.76e-05 5.92e-04  -6.1 7.35e-03    -  1.00e+00 1.00e+00h  1
1398  8.7696287e-04 7.57e-04 9.99e-02  -4.0 1.48e-01    -  1.00e+00 2.50e-01f  3
1399  7.0122711e-04 2.97e-04 1.41e-03  -4.1 2.58e-02    -  1.00e+00 1.00e+00h  1
iter    objective    inf_pr   inf_du lg(mu)  ||d||  lg(rg) alpha_du alpha_pr  ls
1400  7.0231653e-04 8.87e-05 5.01e-03  -4.1 1.19e-02    -  1.00e+00 1.00e+00h  1
1401  7.1229366e-04 2.47e-04 9.75e-03  -4.1 1.96e-02    -  1.00e+00 1.00e+00h  1
1402  7.3080667e-04 9.65e-05 2.12e-03  -4.1 1.18e-02    -  1.00e+00 1.00e+00h  1
1403  6.9916629e-04 7.51e-06 1.35e-03  -4.1 2.95e-03    -  1.00e+00 1.00e+00h  1
1404  6.9760273e-04 9.17e-07 2.35e-03  -4.1 9.47e-04    -  1.00e+00 1.00e+00h  1
1405  6.9856652e-04 6.34e-07 1.39e-03  -4.1 9.99e-04    -  1.00e+00 1.00e+00h  1
1406  6.9826051e-04 8.75e-08 9.12e-04  -4.1 3.49e-04    -  1.00e+00 1.00e+00h  1
1407  6.9818507e-04 1.07e-08 2.26e-04  -4.1 1.28e-04    -  1.00e+00 1.00e+00h  1
1408  6.9827589e-04 5.23e-09 1.99e-04  -4.0 9.23e-05    -  1.00e+00 1.00e+00h  1
1409  6.9825088e-04 1.59e-09 2.36e-04  -4.1 5.85e-05    -  1.00e+00 1.00e+00h  1
iter    objective    inf_pr   inf_du lg(mu)  ||d||  lg(rg) alpha_du alpha_pr  ls
1410  6.9827030e-04 3.62e-08 4.60e-04  -4.0 2.87e-04    -  1.00e+00 1.00e+00h  1
1411  6.9827240e-04 1.19e-08 4.52e-04  -4.1 1.19e-04    -  1.00e+00 1.00e+00h  1
1412  6.9802935e-04 3.13e-08 1.12e-03  -6.1 1.98e-04    -  1.00e+00 1.00e+00h  1
1413  6.9717958e-04 2.55e-06 9.90e-04  -6.1 2.10e-03    -  1.00e+00 1.00e+00h  1
1414  6.9408088e-04 1.13e-05 1.10e-02  -6.1 1.49e-02    -  1.00e+00 2.56e-01h  2
1415  6.9316670e-04 1.30e-06 5.97e-04  -6.1 1.52e-03    -  1.00e+00 1.00e+00h  1
1416  6.9327655e-04 2.77e-07 3.16e-04  -6.1 5.40e-04    -  1.00e+00 1.00e+00h  1
1417  9.5202850e-04 7.73e-03 2.74e-01  -4.0 1.14e-01    -  1.00e+00 1.00e+00f  1
1418  7.6441960e-04 2.04e-03 6.76e-02  -4.1 5.69e-02    -  1.00e+00 1.00e+00h  1
1419  7.6985595e-04 5.29e-04 1.49e-02  -4.1 2.99e-02    -  1.00e+00 1.00e+00h  1
iter    objective    inf_pr   inf_du lg(mu)  ||d||  lg(rg) alpha_du alpha_pr  ls
1420  8.4840369e-04 4.99e-04 1.51e-03  -4.1 2.38e-02    -  1.00e+00 1.00e+00h  1
1421  8.1399751e-04 2.36e-04 9.53e-03  -4.1 1.79e-02    -  1.00e+00 1.00e+00h  1
1422  7.1118157e-04 4.00e-04 5.05e-03  -4.1 2.13e-02    -  1.00e+00 1.00e+00h  1
1423  6.9504674e-04 1.45e-04 4.09e-03  -4.1 1.20e-02    -  1.00e+00 1.00e+00h  1
1424  7.1240450e-04 6.88e-05 5.80e-03  -4.1 9.22e-03    -  1.00e+00 1.00e+00h  1
1425  7.0601715e-04 4.71e-05 1.13e-02  -4.1 7.39e-03    -  1.00e+00 1.00e+00h  1
1426  6.9826070e-04 3.78e-05 9.20e-03  -4.1 7.40e-03    -  1.00e+00 1.00e+00h  1
1427  6.9973466e-04 1.22e-05 5.76e-03  -4.1 3.60e-03    -  1.00e+00 1.00e+00h  1
1428  6.9790900e-04 2.76e-06 3.35e-03  -4.1 2.09e-03    -  1.00e+00 1.00e+00h  1
1429  6.9835741e-04 1.24e-06 1.79e-03  -4.1 1.03e-03    -  1.00e+00 1.00e+00h  1
iter    objective    inf_pr   inf_du lg(mu)  ||d||  lg(rg) alpha_du alpha_pr  ls
1430  6.9854910e-04 2.25e-07 7.20e-04  -4.1 5.66e-04    -  1.00e+00 1.00e+00h  1
1431  6.9827557e-04 4.66e-08 1.22e-03  -6.1 2.73e-04    -  1.00e+00 1.00e+00h  1
1432  6.9224285e-04 1.31e-04 1.50e-02  -6.1 9.89e-02    -  1.00e+00 1.42e-01h  3
1433  6.9196395e-04 7.09e-05 4.35e-03  -6.1 6.66e-03    -  1.00e+00 5.00e-01h  2
1434  6.9092642e-04 4.05e-05 3.83e-03  -6.1 4.60e-03    -  1.00e+00 5.00e-01h  2
1435  6.9269765e-04 4.24e-06 1.44e-04  -6.1 2.39e-03    -  1.00e+00 1.00e+00h  1
1436  9.9696309e-04 9.79e-03 2.24e-01  -4.0 1.28e-01    -  1.00e+00 1.00e+00f  1
1437  7.7910308e-04 2.35e-03 5.62e-02  -4.1 6.45e-02    -  1.00e+00 1.00e+00h  1
1438  7.3419125e-04 7.30e-04 1.41e-02  -4.1 3.34e-02    -  1.00e+00 1.00e+00h  1
1439  7.5697252e-04 3.53e-04 1.63e-03  -4.1 2.16e-02    -  1.00e+00 1.00e+00h  1
iter    objective    inf_pr   inf_du lg(mu)  ||d||  lg(rg) alpha_du alpha_pr  ls
1440  7.2098395e-04 9.74e-05 5.65e-02  -4.1 2.52e-02    -  1.00e+00 5.34e-01H  1
1441  7.2816095e-04 9.21e-05 7.69e-04  -4.1 1.16e-02    -  1.00e+00 1.00e+00f  1
1442  7.3169236e-04 3.92e-05 4.13e-03  -6.1 7.34e-03    -  1.00e+00 1.00e+00h  1
1443  7.0144109e-04 9.04e-06 1.59e-03  -6.1 3.61e-03    -  1.00e+00 1.00e+00h  1
1444  6.9947143e-04 3.40e-06 1.05e-03  -6.1 2.18e-03    -  1.00e+00 1.00e+00h  1
1445  6.9925502e-04 9.43e-05 3.36e-04  -6.1 2.22e-02    -  1.00e+00 5.00e-01h  2
1446  6.9214555e-04 4.39e-05 5.74e-03  -6.1 2.63e-03    -  1.00e+00 5.49e-01h  1
1447  6.9550749e-04 1.28e-05 2.32e-04  -6.1 3.84e-03    -  1.00e+00 1.00e+00h  1
1448  6.9358773e-04 2.54e-07 1.81e-04  -6.1 8.47e-04    -  1.00e+00 1.00e+00h  1
1449  6.9362656e-04 5.79e-09 3.50e-05  -6.1 1.04e-04    -  1.00e+00 1.00e+00h  1
iter    objective    inf_pr   inf_du lg(mu)  ||d||  lg(rg) alpha_du alpha_pr  ls
1450  1.1537824e-03 7.31e-03 8.44e-02  -4.0 1.12e-01    -  1.00e+00 1.00e+00f  1
1451  1.7078468e-03 1.37e-03 2.51e-02  -4.1 5.56e-02    -  1.00e+00 1.00e+00h  1
1452  9.7302762e-04 7.54e-04 1.63e-02  -4.1 3.83e-02    -  8.35e-01 1.00e+00h  1
1453  7.3182739e-04 1.03e-04 7.09e-03  -4.1 1.03e-02    -  1.00e+00 8.29e-01h  1
1454  7.0683838e-04 1.48e-03 1.97e-02  -4.1 4.38e-02    -  1.00e+00 1.00e+00f  1
1455  7.6759783e-04 3.05e-04 3.20e-03  -4.1 2.05e-02    -  1.00e+00 1.00e+00h  1
1456  7.2756222e-04 1.84e-04 7.89e-03  -4.1 1.47e-02    -  1.00e+00 1.00e+00h  1
1457  6.9592996e-04 1.18e-04 2.64e-03  -4.1 1.22e-02    -  1.00e+00 1.00e+00h  1
1458  7.0083987e-04 1.90e-05 3.75e-03  -4.1 5.48e-03    -  1.00e+00 1.00e+00h  1
1459  6.9704682e-04 9.05e-06 7.19e-03  -4.1 4.12e-03    -  1.00e+00 1.00e+00h  1
iter    objective    inf_pr   inf_du lg(mu)  ||d||  lg(rg) alpha_du alpha_pr  ls
1460  6.9993624e-04 4.28e-06 1.94e-03  -4.1 2.74e-03    -  1.00e+00 1.00e+00h  1
1461  6.9870370e-04 1.58e-07 5.38e-04  -4.1 4.23e-04    -  1.00e+00 1.00e+00h  1
1462  6.9829216e-04 4.63e-08 1.19e-03  -6.1 3.09e-04    -  1.00e+00 1.00e+00h  1
1463  6.9759376e-04 2.91e-07 1.08e-03  -6.1 8.18e-04    -  1.00e+00 1.00e+00h  1
1464  6.9610301e-04 8.11e-06 7.55e-04  -6.1 4.22e-03    -  1.00e+00 1.00e+00h  1
1465  6.9433409e-04 6.49e-06 1.93e-02  -6.1 3.95e-03    -  1.00e+00 2.08e-01h  2
1466  6.9509856e-04 3.72e-06 2.11e-03  -6.1 2.12e-03    -  1.00e+00 5.00e-01h  2
1467  6.9323303e-04 5.12e-08 1.58e-04  -6.1 3.98e-04    -  1.00e+00 1.00e+00h  1
1468  1.0227719e-03 5.21e-03 3.15e-01  -4.0 1.14e-01    -  1.00e+00 1.00e+00f  1
1469  7.7046180e-04 1.11e-03 7.87e-02  -4.1 5.70e-02    -  1.00e+00 1.00e+00h  1
iter    objective    inf_pr   inf_du lg(mu)  ||d||  lg(rg) alpha_du alpha_pr  ls
1470  1.2000206e-03 3.76e-04 1.45e-02  -4.1 2.91e-02    -  1.00e+00 1.00e+00h  1
1471  7.6801120e-04 2.42e-04 2.69e-03  -4.1 2.26e-02    -  1.00e+00 1.00e+00h  1
1472  8.9926563e-04 8.74e-06 2.12e-03  -4.1 5.04e-03    -  1.00e+00 1.00e+00h  1
1473  7.1361890e-04 6.92e-05 5.05e-02  -4.1 1.37e-02    -  1.00e+00 1.00e+00h  1
1474  7.4628692e-04 3.75e-05 7.72e-03  -4.1 8.02e-03    -  1.00e+00 1.00e+00h  1
1475  6.9968613e-04 1.77e-05 6.67e-03  -4.1 6.73e-03    -  1.00e+00 1.00e+00h  1
1476  7.0134604e-04 7.73e-06 4.90e-03  -4.1 3.62e-03    -  1.00e+00 1.00e+00h  1
1477  6.9978053e-04 1.50e-06 2.07e-03  -4.1 1.61e-03    -  1.00e+00 1.00e+00h  1
1478  6.9988019e-04 6.39e-08 6.33e-04  -4.1 3.23e-04    -  1.00e+00 1.00e+00h  1
1479  6.9943512e-04 5.94e-08 1.13e-03  -6.1 2.42e-04    -  1.00e+00 1.00e+00h  1
iter    objective    inf_pr   inf_du lg(mu)  ||d||  lg(rg) alpha_du alpha_pr  ls
1480  6.9876975e-04 7.10e-05 1.44e-03  -6.1 8.77e-03    -  1.00e+00 1.00e+00h  1
1481  6.9809455e-04 5.63e-05 8.59e-03  -6.1 2.71e-03    -  1.00e+00 2.07e-01h  3
1482  6.9489236e-04 1.55e-05 8.70e-04  -6.1 4.32e-03    -  1.00e+00 1.00e+00h  1
1483  6.9569094e-04 1.18e-05 3.74e-03  -6.1 1.94e-03    -  1.00e+00 2.50e-01h  3
1484  6.9446231e-04 8.42e-08 8.79e-04  -6.1 3.26e-04    -  1.00e+00 1.00e+00h  1
1485  6.9411495e-04 1.11e-07 9.92e-05  -6.1 3.88e-04    -  1.00e+00 1.00e+00h  1
1486  6.9282974e-04 5.32e-06 2.20e-04  -6.1 2.17e-03    -  1.00e+00 1.00e+00h  1
1487  6.9303292e-04 4.24e-07 1.76e-04  -6.1 6.51e-04    -  1.00e+00 1.00e+00h  1
1488  6.9337635e-04 2.31e-08 1.37e-04  -6.1 7.29e-04    -  1.00e+00 1.00e+00H  1
1489  8.6561038e-04 2.04e-03 4.25e-01  -4.0 1.11e-01    -  1.00e+00 5.00e-01f  2
iter    objective    inf_pr   inf_du lg(mu)  ||d||  lg(rg) alpha_du alpha_pr  ls
1490  7.3024078e-04 6.50e-04 3.37e-02  -4.1 2.93e-02    -  1.00e+00 1.00e+00h  1
1491  7.3411122e-04 4.77e-04 1.42e-02  -4.1 2.15e-02    -  1.00e+00 1.00e+00h  1
1492  7.2244879e-04 1.69e-04 2.74e-03  -4.1 1.45e-02    -  1.00e+00 1.00e+00h  1
1493  7.6013591e-04 1.28e-04 1.65e-02  -4.1 1.32e-02    -  1.00e+00 1.00e+00h  1
1494  6.9800156e-04 1.08e-04 1.15e-03  -4.1 1.22e-02    -  1.00e+00 1.00e+00h  1
1495  7.0263883e-04 1.58e-05 5.31e-03  -4.1 3.78e-03    -  1.00e+00 1.00e+00h  1
1496  6.9732291e-04 1.56e-05 4.67e-03  -4.1 3.45e-03    -  1.00e+00 1.00e+00h  1
1497  6.9869423e-04 2.91e-06 1.64e-03  -4.1 1.65e-03    -  1.00e+00 1.00e+00h  1
1498  6.9834407e-04 1.60e-07 1.04e-03  -4.1 4.63e-04    -  1.00e+00 1.00e+00h  1
1499  6.9836089e-04 7.99e-08 6.15e-04  -4.1 3.32e-04    -  1.00e+00 1.00e+00h  1
iter    objective    inf_pr   inf_du lg(mu)  ||d||  lg(rg) alpha_du alpha_pr  ls
1500  6.9796433e-04 1.06e-07 1.44e-03  -6.1 3.01e-04    -  1.00e+00 1.00e+00h  1
1501  6.9725939e-04 1.10e-06 9.76e-04  -6.1 1.04e-03    -  1.00e+00 1.00e+00h  1
1502  6.9534004e-04 1.21e-05 6.43e-04  -6.1 3.67e-03    -  1.00e+00 1.00e+00h  1
1503  6.9449482e-04 7.75e-06 9.56e-03  -6.1 1.76e-03    -  1.00e+00 3.82e-01h  2
1504  6.9359447e-04 8.15e-07 5.74e-04  -6.1 1.23e-03    -  1.00e+00 1.00e+00h  1
1505  6.9302318e-04 1.48e-07 2.04e-04  -6.1 6.04e-04    -  1.00e+00 1.00e+00h  1
1506  9.6832501e-04 1.06e-02 3.48e-01  -4.0 1.14e-01    -  1.00e+00 1.00e+00f  1
1507  7.7931552e-04 2.64e-03 8.54e-02  -4.1 5.69e-02    -  1.00e+00 1.00e+00h  1
1508  7.2605766e-04 6.84e-04 2.08e-02  -4.1 2.98e-02    -  1.00e+00 1.00e+00h  1
1509  7.3892656e-04 2.61e-04 4.05e-03  -4.1 1.74e-02    -  1.00e+00 1.00e+00h  1
iter    objective    inf_pr   inf_du lg(mu)  ||d||  lg(rg) alpha_du alpha_pr  ls
1510  7.7917263e-04 1.84e-04 1.00e-01  -4.1 2.49e-02    -  1.00e+00 5.14e-01H  1
1511  6.9353219e-04 9.64e-05 4.56e-03  -4.1 9.21e-03    -  1.00e+00 1.00e+00f  1
1512  7.0636639e-04 9.58e-05 8.49e-03  -4.1 1.03e-02    -  1.00e+00 1.00e+00h  1
1513  6.9667439e-04 3.69e-05 2.55e-03  -4.1 6.19e-03    -  1.00e+00 1.00e+00h  1
1514  6.9912760e-04 5.92e-06 2.71e-03  -4.1 2.45e-03    -  1.00e+00 1.00e+00h  1
1515  6.9793867e-04 1.06e-06 1.19e-03  -4.1 1.06e-03    -  1.00e+00 1.00e+00h  1
1516  6.9809491e-04 6.00e-08 5.73e-04  -4.1 2.72e-04    -  1.00e+00 1.00e+00h  1
1517  6.9778497e-04 7.65e-08 1.07e-03  -6.1 4.19e-04    -  1.00e+00 1.00e+00h  1
1518  6.9689241e-04 6.73e-07 8.63e-04  -6.1 1.21e-03    -  1.00e+00 1.00e+00h  1
1519  6.9587528e-04 7.63e-06 1.10e-02  -6.1 2.68e-02    -  1.00e+00 1.52e-01h  3
iter    objective    inf_pr   inf_du lg(mu)  ||d||  lg(rg) alpha_du alpha_pr  ls
1520  6.9457552e-04 8.42e-07 3.37e-04  -6.1 1.24e-03    -  1.00e+00 1.00e+00h  1
1521  6.9350534e-04 2.09e-07 3.58e-04  -6.1 1.20e-03    -  1.00e+00 1.00e+00h  1
1522  6.9318824e-04 2.64e-08 2.96e-04  -6.1 6.02e-04    -  1.00e+00 1.00e+00h  1
1523  9.9516759e-04 1.12e-02 4.45e-01  -4.0 1.32e-01    -  1.00e+00 1.00e+00f  1
1524  7.8649476e-04 3.12e-03 1.08e-01  -4.1 6.62e-02    -  1.00e+00 1.00e+00h  1
1525  7.3273018e-04 7.27e-04 2.84e-02  -4.1 3.26e-02    -  1.00e+00 1.00e+00h  1
1526  8.6041323e-04 3.29e-04 6.32e-03  -4.1 2.10e-02    -  1.00e+00 1.00e+00h  1
1527  7.0733241e-04 2.06e-04 9.53e-03  -4.1 1.81e-02    -  1.00e+00 1.00e+00h  1
1528  7.0600581e-04 1.72e-04 6.44e-03  -4.1 2.29e-02    -  1.00e+00 1.00e+00h  1
1529  7.0831409e-04 3.53e-05 6.09e-03  -4.1 7.69e-03    -  1.00e+00 1.00e+00h  1
iter    objective    inf_pr   inf_du lg(mu)  ||d||  lg(rg) alpha_du alpha_pr  ls
1530  6.9915311e-04 1.89e-05 7.11e-03  -4.1 4.78e-03    -  1.00e+00 1.00e+00h  1
1531  6.9956776e-04 8.91e-06 5.42e-03  -4.1 4.10e-03    -  1.00e+00 1.00e+00h  1
1532  6.9850906e-04 1.46e-06 1.04e-03  -4.1 1.59e-03    -  1.00e+00 1.00e+00h  1
1533  6.9797048e-04 9.53e-08 1.22e-03  -4.1 7.48e-04    -  1.00e+00 1.00e+00h  1
1534  6.9823815e-04 1.02e-07 7.92e-04  -4.1 3.71e-04    -  1.00e+00 1.00e+00h  1
1535  6.9798432e-04 4.24e-08 8.60e-04  -6.1 2.48e-04    -  1.00e+00 1.00e+00h  1
1536  6.9662216e-04 2.28e-06 1.47e-03  -6.1 1.77e-03    -  1.00e+00 1.00e+00h  1
1537  6.9597746e-04 9.88e-06 2.96e-03  -6.1 6.71e-03    -  1.00e+00 5.00e-01h  2
1538  6.9383783e-04 6.28e-06 1.19e-02  -6.1 1.57e-03    -  1.00e+00 3.89e-01h  2
1539  6.9315751e-04 4.30e-07 2.30e-04  -6.1 8.25e-04    -  1.00e+00 1.00e+00h  1
iter    objective    inf_pr   inf_du lg(mu)  ||d||  lg(rg) alpha_du alpha_pr  ls
1540  6.9300019e-04 1.43e-08 9.09e-05  -6.1 1.61e-04    -  1.00e+00 1.00e+00h  1
1541  8.6073927e-04 2.09e-03 1.09e-01  -4.0 1.02e-01    -  1.00e+00 5.00e-01f  2
1542  7.3359350e-04 6.33e-04 9.69e-03  -4.1 2.75e-02    -  1.00e+00 1.00e+00h  1
1543  7.6194502e-04 3.31e-04 1.38e-03  -4.1 2.12e-02    -  1.00e+00 1.00e+00h  1
1544  7.3469680e-04 7.82e-05 4.10e-03  -4.1 9.10e-03    -  1.00e+00 1.00e+00h  1
1545  7.2536464e-04 3.85e-04 4.45e-02  -4.1 1.90e-02    -  1.00e+00 1.00e+00h  1
1546  7.0684817e-04 8.93e-05 1.04e-02  -4.1 1.05e-02    -  1.00e+00 1.00e+00h  1
1547  6.9985283e-04 5.64e-05 3.34e-03  -4.1 7.46e-03    -  1.00e+00 1.00e+00h  1
1548  7.0053853e-04 2.94e-06 3.21e-03  -4.1 2.18e-03    -  1.00e+00 1.00e+00h  1
1549  6.9906868e-04 1.79e-06 4.62e-03  -4.1 1.54e-03    -  1.00e+00 1.00e+00h  1
iter    objective    inf_pr   inf_du lg(mu)  ||d||  lg(rg) alpha_du alpha_pr  ls
1550  6.9801578e-04 6.56e-07 1.61e-03  -4.1 1.05e-03    -  1.00e+00 1.00e+00h  1
1551  6.9826435e-04 3.29e-07 1.43e-03  -4.1 7.00e-04    -  1.00e+00 1.00e+00h  1
1552  6.9828989e-04 4.92e-08 2.50e-04  -4.1 2.35e-04    -  1.00e+00 1.00e+00h  1
1553  6.9803942e-04 2.91e-08 9.81e-04  -6.1 2.53e-04    -  1.00e+00 1.00e+00h  1
1554  6.9385545e-04 6.51e-05 2.55e-02  -6.1 1.28e-01    -  1.00e+00 8.44e-02h  3
1555  6.9330249e-04 3.74e-05 6.22e-03  -6.1 4.51e-03    -  1.00e+00 5.00e-01h  2
1556  6.9523147e-04 8.51e-06 7.74e-04  -6.1 3.30e-03    -  1.00e+00 1.00e+00h  1
1557  6.9280720e-04 1.28e-07 1.50e-04  -6.1 4.17e-04    -  1.00e+00 1.00e+00h  1
1558  9.0246201e-04 5.91e-03 2.06e-01  -4.0 1.12e-01    -  1.00e+00 1.00e+00f  1
1559  7.6566191e-04 1.50e-03 5.16e-02  -4.1 5.62e-02    -  1.00e+00 1.00e+00h  1
iter    objective    inf_pr   inf_du lg(mu)  ||d||  lg(rg) alpha_du alpha_pr  ls
1560  7.2141156e-04 4.13e-04 1.28e-02  -4.1 2.96e-02    -  1.00e+00 1.00e+00h  1
1561  7.4654416e-04 1.97e-04 1.35e-03  -4.1 1.93e-02    -  1.00e+00 1.00e+00h  1
1562  7.3250168e-04 1.80e-04 1.28e-02  -4.1 1.69e-02    -  1.00e+00 1.00e+00h  1
1563  7.0737484e-04 1.26e-04 9.05e-04  -4.1 1.44e-02    -  1.00e+00 1.00e+00h  1
1564  8.1123055e-04 4.08e-05 1.10e-02  -4.1 8.66e-03    -  1.00e+00 1.00e+00h  1
1565  6.9610071e-04 5.52e-05 3.48e-03  -4.1 1.01e-02    -  1.00e+00 1.00e+00h  1
1566  7.0473104e-04 1.88e-05 7.42e-03  -4.1 5.98e-03    -  1.00e+00 1.00e+00h  1
1567  6.9686754e-04 1.15e-05 3.57e-03  -4.1 4.52e-03    -  1.00e+00 1.00e+00h  1
1568  6.9854260e-04 1.82e-06 1.50e-03  -4.1 1.66e-03    -  1.00e+00 1.00e+00h  1
1569  6.9812560e-04 1.68e-07 1.05e-03  -4.1 6.09e-04    -  1.00e+00 1.00e+00h  1
iter    objective    inf_pr   inf_du lg(mu)  ||d||  lg(rg) alpha_du alpha_pr  ls
1570  6.9811446e-04 2.62e-08 4.89e-04  -4.1 1.85e-04    -  1.00e+00 1.00e+00h  1
1571  6.9786998e-04 3.07e-08 8.81e-04  -6.1 2.48e-04    -  1.00e+00 1.00e+00h  1
1572  6.9754418e-04 2.25e-06 1.76e-02  -6.1 7.61e-02    -  1.00e+00 3.11e-02h  5
1573  6.9365764e-04 4.71e-06 1.66e-02  -6.1 6.51e-03    -  1.00e+00 4.38e-01h  2
1574  6.9358015e-04 3.54e-06 1.60e-02  -6.1 2.00e-03    -  1.00e+00 2.50e-01h  3
1575  6.9317172e-04 1.34e-07 1.06e-04  -6.1 4.18e-04    -  1.00e+00 1.00e+00h  1
1576  6.9296993e-04 2.18e-08 4.07e-05  -6.1 2.30e-04    -  1.00e+00 1.00e+00h  1
1577  8.8413537e-04 4.05e-03 2.10e-01  -4.0 9.79e-02    -  1.00e+00 1.00e+00f  1
1578  7.5301345e-04 1.02e-03 5.23e-02  -4.1 4.92e-02    -  1.00e+00 1.00e+00h  1
1579  7.3754513e-04 3.39e-04 1.32e-02  -4.1 2.57e-02    -  1.00e+00 1.00e+00h  1
iter    objective    inf_pr   inf_du lg(mu)  ||d||  lg(rg) alpha_du alpha_pr  ls
1580  1.4869569e-03 2.92e-04 2.49e-03  -4.1 2.62e-02    -  1.00e+00 1.00e+00h  1
1581  7.0984055e-04 1.69e-04 5.52e-03  -4.1 2.05e-02    -  1.00e+00 1.00e+00h  1
1582  6.9609401e-04 9.85e-05 1.60e-03  -4.1 1.47e-02    -  1.00e+00 1.00e+00h  1
1583  7.0377748e-04 1.96e-05 2.54e-03  -4.1 5.45e-03    -  1.00e+00 1.00e+00h  1
1584  6.9668003e-04 8.33e-06 6.55e-03  -4.1 4.46e-03    -  1.00e+00 1.00e+00h  1
1585  6.9955141e-04 5.40e-06 3.95e-03  -4.1 3.83e-03    -  1.00e+00 1.00e+00h  1
1586  6.9967025e-04 6.59e-07 1.49e-03  -4.1 1.02e-03    -  1.00e+00 1.00e+00h  1
1587  6.9812745e-04 2.29e-08 8.65e-04  -4.1 2.04e-04    -  1.00e+00 1.00e+00h  1
1588  6.9815777e-04 3.04e-08 6.13e-04  -4.1 2.34e-04    -  1.00e+00 1.00e+00h  1
1589  6.9788091e-04 4.55e-08 1.02e-03  -6.1 2.82e-04    -  1.00e+00 1.00e+00h  1
iter    objective    inf_pr   inf_du lg(mu)  ||d||  lg(rg) alpha_du alpha_pr  ls
1590  6.9731108e-04 1.37e-05 4.20e-02  -6.1 1.63e-01    -  1.00e+00 2.86e-02h  4
1591  6.9385564e-04 5.61e-07 2.00e-04  -6.1 8.44e-04    -  1.00e+00 1.00e+00h  1
1592  6.9291792e-04 2.18e-07 3.35e-04  -6.1 5.71e-04    -  1.00e+00 1.00e+00h  1
1593  6.9290966e-04 1.57e-08 2.54e-05  -6.1 1.77e-04    -  1.00e+00 1.00e+00h  1
1594  9.6779542e-04 5.91e-03 1.15e-01  -4.0 1.03e-01    -  1.00e+00 1.00e+00f  1
1595  7.7270767e-04 1.99e-03 2.93e-02  -4.1 5.27e-02    -  1.00e+00 1.00e+00h  1
1596  1.0405047e-03 6.45e-04 4.61e-03  -4.1 3.05e-02    -  1.00e+00 1.00e+00h  1
1597  7.1954853e-04 1.39e-04 3.97e-03  -4.1 1.15e-02    -  1.00e+00 1.00e+00h  1
1598  6.8506812e-04 2.10e-04 1.52e-02  -4.1 2.09e-02    -  1.00e+00 1.00e+00h  1
1599  7.5392654e-04 1.14e-04 2.56e-02  -4.1 1.61e-02    -  1.00e+00 5.00e-01h  2
iter    objective    inf_pr   inf_du lg(mu)  ||d||  lg(rg) alpha_du alpha_pr  ls
1600  7.0250054e-04 5.44e-05 3.10e-03  -4.1 1.10e-02    -  1.00e+00 1.00e+00h  1
1601  6.9635725e-04 1.85e-05 4.53e-03  -4.1 5.60e-03    -  1.00e+00 1.00e+00h  1
1602  6.9998508e-04 1.86e-05 7.97e-03  -4.1 6.39e-03    -  1.00e+00 1.00e+00h  1
1603  6.9855634e-04 9.68e-06 6.03e-03  -4.1 4.12e-03    -  1.00e+00 1.00e+00h  1
1604  6.9746122e-04 3.56e-06 4.18e-03  -4.1 1.70e-03    -  1.00e+00 1.00e+00h  1
1605  6.9815921e-04 5.34e-07 9.95e-04  -4.1 8.87e-04    -  1.00e+00 1.00e+00h  1
1606  6.9799474e-04 1.76e-08 1.76e-04  -4.1 1.83e-04    -  1.00e+00 1.00e+00h  1
1607  6.9770497e-04 9.45e-08 1.23e-03  -6.1 3.11e-04    -  1.00e+00 1.00e+00h  1
1608  6.9394943e-04 1.16e-04 2.92e-02  -6.1 1.48e-01    -  1.00e+00 7.62e-02h  3
1609  6.9291022e-04 6.07e-05 9.27e-03  -6.1 4.26e-03    -  1.00e+00 5.00e-01h  2
iter    objective    inf_pr   inf_du lg(mu)  ||d||  lg(rg) alpha_du alpha_pr  ls
1610  6.9284505e-04 3.38e-05 1.80e-03  -6.1 3.86e-03    -  1.00e+00 5.00e-01h  2
1611  6.9399750e-04 6.26e-06 3.74e-04  -6.1 2.47e-03    -  1.00e+00 1.00e+00h  1
1612  6.9267510e-04 2.30e-07 1.29e-04  -6.1 4.93e-04    -  1.00e+00 1.00e+00h  1
1613  1.0195733e-03 1.29e-02 2.77e-01  -4.0 1.19e-01    -  1.00e+00 1.00e+00f  1
1614  7.7840231e-04 4.30e-03 7.00e-02  -4.1 6.76e-02    -  1.00e+00 1.00e+00h  1
1615  8.7005368e-04 5.90e-04 2.41e-02  -4.1 3.06e-02    -  1.00e+00 1.00e+00h  1
1616  8.2787743e-04 5.12e-04 3.18e-02  -4.1 3.81e-02    -  1.00e+00 5.00e-01h  2
1617  9.8385291e-04 1.78e-04 3.08e-03  -4.1 1.41e-02    -  1.00e+00 1.00e+00h  1
1618  7.1337615e-04 1.52e-04 1.31e-02  -4.1 1.62e-02    -  1.00e+00 1.00e+00h  1
1619  6.9911678e-04 1.22e-04 2.77e-03  -4.1 1.21e-02    -  1.00e+00 1.00e+00h  1
iter    objective    inf_pr   inf_du lg(mu)  ||d||  lg(rg) alpha_du alpha_pr  ls
1620  7.0527844e-04 8.51e-05 1.46e-02  -4.1 1.08e-02    -  1.00e+00 1.00e+00h  1
1621  6.9940552e-04 6.83e-05 3.79e-03  -4.1 9.22e-03    -  1.00e+00 1.00e+00h  1
1622  6.9713073e-04 9.64e-06 4.79e-03  -4.1 2.96e-03    -  1.00e+00 1.00e+00h  1
1623  6.9961132e-04 3.40e-06 4.52e-03  -4.1 2.77e-03    -  1.00e+00 1.00e+00h  1
1624  6.9847369e-04 2.60e-06 3.76e-03  -4.1 2.07e-03    -  1.00e+00 1.00e+00h  1
1625  6.9820374e-04 1.21e-06 1.15e-03  -4.1 1.20e-03    -  1.00e+00 1.00e+00h  1
1626  6.9839756e-04 1.58e-07 2.87e-04  -4.1 3.70e-04    -  1.00e+00 1.00e+00h  1
1627  6.9812533e-04 3.48e-08 1.14e-03  -6.1 2.66e-04    -  1.00e+00 1.00e+00h  1
1628  6.8614218e-04 9.31e-04 4.08e-03  -6.1 5.46e-02    -  1.00e+00 7.82e-01h  1
1629  6.9553733e-04 5.12e-04 2.84e-03  -6.1 2.17e-02    -  1.00e+00 5.00e-01h  2
iter    objective    inf_pr   inf_du lg(mu)  ||d||  lg(rg) alpha_du alpha_pr  ls
1630  6.8068174e-04 2.94e-04 6.98e-03  -6.1 1.55e-02    -  1.00e+00 5.00e-01h  2
1631  8.9928407e-04 7.68e-04 2.40e-02  -4.0 1.34e-01    -  1.00e+00 2.50e-01h  3
1632  6.7980583e-04 3.36e-04 4.66e-03  -4.1 2.71e-02    -  1.00e+00 1.00e+00h  1
1633  7.3851755e-04 4.24e-04 3.91e-03  -4.0 2.97e-02    -  1.00e+00 1.00e+00h  1
1634  7.1555479e-04 2.02e-04 2.02e-03  -4.1 1.97e-02    -  1.00e+00 1.00e+00h  1
1635  7.7972849e-04 2.42e-05 1.38e-03  -4.1 5.97e-03    -  1.00e+00 1.00e+00h  1
1636  7.2378977e-04 1.63e-04 3.07e-02  -4.1 1.92e-02    -  1.00e+00 1.00e+00h  1
1637  7.1332951e-04 6.95e-05 6.08e-03  -4.1 1.17e-02    -  1.00e+00 1.00e+00h  1
1638  7.2447601e-04 4.70e-05 6.41e-03  -4.1 9.54e-03    -  1.00e+00 1.00e+00h  1
1639  7.0009941e-04 2.53e-05 5.49e-03  -4.1 6.49e-03    -  1.00e+00 1.00e+00h  1
iter    objective    inf_pr   inf_du lg(mu)  ||d||  lg(rg) alpha_du alpha_pr  ls
1640  6.9681986e-04 7.93e-06 6.98e-03  -4.1 3.77e-03    -  1.00e+00 1.00e+00h  1
1641  6.9879178e-04 3.03e-06 2.33e-03  -4.1 2.36e-03    -  1.00e+00 1.00e+00h  1
1642  6.9816717e-04 6.56e-07 2.89e-03  -4.1 1.14e-03    -  1.00e+00 1.00e+00h  1
1643  6.9766073e-04 2.59e-07 7.55e-04  -4.1 5.90e-04    -  1.00e+00 1.00e+00h  1
1644  6.9735499e-04 5.56e-08 1.24e-03  -6.1 2.89e-04    -  1.00e+00 1.00e+00h  1
1645  6.9585738e-04 3.98e-05 7.68e-03  -6.1 3.57e-02    -  1.00e+00 2.16e-01h  3
1646  6.9397468e-04 3.63e-06 3.49e-04  -6.1 2.14e-03    -  1.00e+00 1.00e+00h  1
1647  6.9251735e-04 1.46e-06 1.04e-03  -6.1 1.27e-03    -  1.00e+00 1.00e+00h  1
1648  9.1712658e-04 7.47e-03 2.63e-01  -4.0 1.09e-01    -  1.00e+00 1.00e+00f  1
1649  7.6966337e-04 1.99e-03 6.55e-02  -4.1 5.45e-02    -  1.00e+00 1.00e+00h  1
iter    objective    inf_pr   inf_du lg(mu)  ||d||  lg(rg) alpha_du alpha_pr  ls
1650  7.2547486e-04 5.63e-04 1.62e-02  -4.1 2.84e-02    -  1.00e+00 1.00e+00h  1
1651  1.9697829e-03 3.33e-04 3.82e-03  -4.1 1.91e-02    -  1.00e+00 1.00e+00h  1
1652  7.0472127e-04 8.08e-05 4.93e-03  -4.1 9.96e-03    -  1.00e+00 1.00e+00h  1
1653  6.9301731e-04 1.27e-04 1.21e-02  -4.1 1.38e-02    -  1.00e+00 1.00e+00h  1
1654  7.0392774e-04 6.61e-05 3.33e-03  -4.1 8.66e-03    -  1.00e+00 1.00e+00h  1
1655  8.3146678e-04 2.85e-05 1.74e-02  -4.1 9.69e-03    -  1.00e+00 1.00e+00h  1
1656  6.9799971e-04 1.78e-05 3.23e-03  -4.1 7.52e-03    -  1.00e+00 1.00e+00h  1
1657  6.9819237e-04 1.58e-06 3.63e-03  -4.1 1.26e-03    -  1.00e+00 1.00e+00h  1
1658  6.9805269e-04 5.77e-07 9.04e-04  -4.1 7.76e-04    -  1.00e+00 1.00e+00h  1
1659  6.9801601e-04 2.78e-08 2.11e-04  -4.1 1.86e-04    -  1.00e+00 1.00e+00h  1
iter    objective    inf_pr   inf_du lg(mu)  ||d||  lg(rg) alpha_du alpha_pr  ls
1660  6.9757425e-04 1.27e-07 9.41e-04  -6.1 4.50e-04    -  1.00e+00 1.00e+00h  1
1661  6.9565468e-04 2.05e-05 3.67e-02  -6.1 9.86e-02    -  1.00e+00 7.03e-02h  3
1662  6.9668619e-04 7.17e-06 4.52e-04  -6.1 3.00e-03    -  1.00e+00 1.00e+00h  1
1663  6.9515937e-04 1.94e-07 5.89e-04  -6.1 9.11e-04    -  1.00e+00 1.00e+00h  1
1664  6.9191835e-04 3.82e-07 9.38e-05  -6.1 8.95e-04    -  1.00e+00 1.00e+00h  1
1665  8.5570218e-04 4.99e-03 1.32e-01  -4.0 9.35e-02    -  1.00e+00 1.00e+00f  1
1666  8.5102338e-04 1.46e-03 3.30e-02  -4.1 4.74e-02    -  1.00e+00 1.00e+00h  1
1667  4.4990499e-03 8.29e-04 5.16e-02  -4.1 3.58e-02    -  7.32e-01 1.00e+00h  1
1668  1.0729922e-03 7.20e-04 2.54e-02  -4.1 4.05e-02    -  1.00e+00 6.83e-01h  1
1669  7.5251667e-04 5.96e-04 1.71e-03  -4.1 3.22e-02    -  1.00e+00 1.00e+00f  1
iter    objective    inf_pr   inf_du lg(mu)  ||d||  lg(rg) alpha_du alpha_pr  ls
1670  7.5049871e-04 3.99e-06 2.20e-03  -4.1 2.70e-03    -  1.00e+00 1.00e+00h  1
1671  6.9874208e-04 9.24e-06 8.27e-03  -4.1 3.75e-03    -  1.00e+00 1.00e+00h  1
1672  7.0719704e-04 1.01e-05 7.80e-03  -4.1 4.50e-03    -  1.00e+00 1.00e+00h  1
1673  6.9977155e-04 6.12e-06 3.85e-03  -4.1 3.54e-03    -  1.00e+00 1.00e+00h  1
1674  6.9921283e-04 1.15e-06 3.00e-03  -4.1 1.10e-03    -  1.00e+00 1.00e+00h  1
1675  6.9909670e-04 2.43e-07 1.51e-03  -4.1 6.22e-04    -  1.00e+00 1.00e+00h  1
1676  6.9893316e-04 1.20e-08 4.38e-04  -4.1 1.16e-04    -  1.00e+00 1.00e+00h  1
1677  6.9800015e-04 7.24e-07 1.33e-03  -6.1 7.64e-04    -  1.00e+00 1.00e+00h  1
1678  6.9764165e-04 1.66e-05 1.35e-03  -6.1 1.57e-02    -  1.00e+00 2.50e-01h  3
1679  6.9648993e-04 1.36e-05 1.72e-03  -6.1 4.76e-03    -  1.00e+00 2.50e-01h  3
iter    objective    inf_pr   inf_du lg(mu)  ||d||  lg(rg) alpha_du alpha_pr  ls
1680  6.9375035e-04 4.91e-06 4.00e-04  -6.1 2.81e-03    -  1.00e+00 1.00e+00h  1
1681  6.9321027e-04 6.67e-07 2.51e-04  -6.1 6.92e-04    -  1.00e+00 1.00e+00h  1
1682  6.9283532e-04 9.66e-08 2.06e-04  -6.1 4.15e-04    -  1.00e+00 1.00e+00h  1
1683  1.0055205e-03 1.01e-02 6.12e-01  -4.0 1.31e-01    -  1.00e+00 1.00e+00f  1
1684  7.7959877e-04 2.67e-03 1.49e-01  -4.1 6.55e-02    -  1.00e+00 1.00e+00h  1
1685  7.2625865e-04 6.45e-04 3.65e-02  -4.1 3.34e-02    -  1.00e+00 1.00e+00h  1
1686  7.0791441e-04 2.02e-04 8.29e-03  -4.1 1.84e-02    -  1.00e+00 1.00e+00h  1
1687  8.3507474e-04 1.07e-04 5.34e-03  -4.1 1.41e-02    -  1.00e+00 1.00e+00h  1
1688  6.9940311e-04 2.64e-05 3.44e-03  -4.1 7.61e-03    -  1.00e+00 1.00e+00h  1
1689  6.9525293e-04 1.61e-05 8.76e-03  -4.1 5.03e-03    -  1.00e+00 1.00e+00h  1
iter    objective    inf_pr   inf_du lg(mu)  ||d||  lg(rg) alpha_du alpha_pr  ls
1690  6.9825696e-04 1.02e-05 3.19e-03  -4.1 4.10e-03    -  1.00e+00 1.00e+00h  1
1691  6.9746738e-04 5.68e-07 9.01e-04  -4.1 9.90e-04    -  1.00e+00 1.00e+00h  1
1692  6.9760098e-04 2.87e-08 2.24e-04  -4.1 1.90e-04    -  1.00e+00 1.00e+00h  1
1693  6.9729640e-04 9.09e-08 1.19e-03  -6.1 2.98e-04    -  1.00e+00 1.00e+00h  1
1694  6.9629349e-04 7.22e-06 3.85e-03  -6.1 2.48e-02    -  1.00e+00 1.25e-01h  4
1695  6.9354382e-04 1.00e-05 2.89e-02  -6.1 1.01e-02    -  1.00e+00 2.02e-01h  2
1696  6.9616847e-04 2.75e-06 3.00e-04  -6.1 1.95e-03    -  1.00e+00 1.00e+00h  1
1697  6.9249217e-04 7.75e-07 1.04e-04  -6.1 1.05e-03    -  1.00e+00 1.00e+00h  1
1698  6.9252365e-04 1.69e-08 1.34e-04  -6.1 1.51e-04    -  1.00e+00 1.00e+00h  1
1699  9.3719938e-04 5.60e-03 2.31e-01  -4.0 1.01e-01    -  1.00e+00 1.00e+00f  1
iter    objective    inf_pr   inf_du lg(mu)  ||d||  lg(rg) alpha_du alpha_pr  ls
1700  7.5913332e-04 1.77e-03 5.61e-02  -4.1 5.12e-02    -  1.00e+00 1.00e+00h  1
1701  7.4526597e-04 7.79e-04 1.72e-02  -4.1 3.00e-02    -  1.00e+00 1.00e+00h  1
1702  7.5355711e-04 5.31e-04 1.60e-03  -4.1 2.24e-02    -  1.00e+00 1.00e+00h  1
1703  7.2063176e-04 1.41e-04 7.97e-02  -4.1 2.63e-02    -  1.00e+00 4.48e-01H  1
1704  8.4472457e-04 1.79e-04 2.77e-03  -4.1 1.13e-02    -  1.00e+00 1.00e+00f  1
1705  7.1829627e-04 1.40e-04 1.32e-02  -4.1 1.07e-02    -  1.00e+00 1.00e+00h  1
1706  7.1576296e-04 1.51e-04 3.00e-03  -4.1 1.15e-02    -  1.00e+00 1.00e+00h  1
1707  6.9985596e-04 1.14e-05 2.01e-03  -4.1 3.94e-03    -  1.00e+00 1.00e+00h  1
1708  6.9668916e-04 3.30e-06 6.16e-03  -4.1 1.83e-03    -  1.00e+00 1.00e+00h  1
1709  6.9789431e-04 2.45e-06 2.54e-03  -4.1 1.74e-03    -  1.00e+00 1.00e+00h  1
iter    objective    inf_pr   inf_du lg(mu)  ||d||  lg(rg) alpha_du alpha_pr  ls
1710  6.9787394e-04 2.09e-07 1.10e-03  -4.1 5.14e-04    -  1.00e+00 1.00e+00h  1
1711  6.9766495e-04 8.38e-08 4.88e-04  -4.1 2.84e-04    -  1.00e+00 1.00e+00h  1
1712  6.9733976e-04 7.63e-08 1.09e-03  -6.1 3.15e-04    -  1.00e+00 1.00e+00h  1
1713  6.9584729e-04 2.96e-06 7.98e-04  -6.1 1.85e-03    -  1.00e+00 1.00e+00h  1
1714  6.9384992e-04 1.34e-05 8.19e-03  -6.1 1.08e-02    -  1.00e+00 3.27e-01h  2
1715  6.9409788e-04 2.64e-07 2.13e-04  -6.1 5.19e-04    -  1.00e+00 1.00e+00h  1
1716  6.9289097e-04 8.54e-08 1.88e-04  -6.1 2.72e-04    -  1.00e+00 1.00e+00h  1
1717  6.9269345e-04 1.36e-08 1.96e-04  -6.1 1.60e-04    -  1.00e+00 1.00e+00h  1
1718  6.9260337e-04 1.38e-07 3.22e-05  -6.1 3.90e-04    -  1.00e+00 1.00e+00h  1
1719  6.9259200e-04 1.19e-06 1.43e-04  -6.1 1.18e-03    -  1.00e+00 1.00e+00h  1
iter    objective    inf_pr   inf_du lg(mu)  ||d||  lg(rg) alpha_du alpha_pr  ls
1720  6.9236972e-04 5.75e-07 1.79e-04  -6.1 7.68e-04    -  1.00e+00 1.00e+00h  1
1721  6.9232033e-04 8.81e-08 6.13e-05  -6.1 3.34e-04    -  1.00e+00 1.00e+00h  1
1722  9.5636361e-04 7.40e-03 4.26e-01  -4.0 8.40e-02    -  1.00e+00 1.00e+00f  1
1723  7.5723197e-04 1.88e-03 1.11e-01  -4.1 3.94e-02    -  1.00e+00 1.00e+00h  1
1724  7.5658809e-04 9.54e-04 1.45e-01  -4.1 3.50e-02    -  1.00e+00 5.00e-01h  2
1725  7.5352563e-04 5.60e-04 9.32e-03  -4.1 2.70e-02    -  1.00e+00 1.00e+00h  1
1726  1.1653876e-03 2.10e-04 7.06e-03  -4.1 1.46e-02    -  1.00e+00 1.00e+00h  1
1727  7.0935268e-04 1.01e-04 6.16e-03  -4.1 1.13e-02    -  1.00e+00 1.00e+00h  1
1728  7.0245128e-04 1.04e-04 1.05e-02  -4.1 1.01e-02    -  1.00e+00 1.00e+00h  1
1729  7.3492202e-04 8.21e-05 8.10e-03  -4.1 1.08e-02    -  1.00e+00 1.00e+00h  1
iter    objective    inf_pr   inf_du lg(mu)  ||d||  lg(rg) alpha_du alpha_pr  ls
1730  7.0174643e-04 2.06e-05 5.59e-03  -4.1 5.19e-03    -  1.00e+00 1.00e+00h  1
1731  6.9736479e-04 7.37e-06 1.03e-02  -4.1 3.56e-03    -  1.00e+00 1.00e+00h  1
1732  6.9855113e-04 2.88e-06 2.37e-03  -4.1 2.15e-03    -  1.00e+00 1.00e+00h  1
1733  6.9826421e-04 1.50e-07 1.90e-03  -4.1 5.06e-04    -  1.00e+00 1.00e+00h  1
1734  6.9781308e-04 2.61e-06 5.22e-03  -4.1 2.00e-03    -  1.00e+00 1.00e+00h  1
1735  6.9825138e-04 1.16e-06 6.21e-03  -4.1 1.47e-03    -  1.00e+00 1.00e+00h  1
1736  6.9787848e-04 3.66e-07 3.09e-03  -4.1 7.55e-04    -  1.00e+00 1.00e+00h  1
1737  6.9775475e-04 1.49e-08 4.15e-04  -4.1 2.04e-04    -  1.00e+00 1.00e+00h  1
1738  6.9749188e-04 4.29e-08 1.14e-03  -6.1 2.17e-04    -  1.00e+00 1.00e+00h  1
1739  6.9671058e-04 7.37e-07 7.54e-04  -6.1 9.89e-04    -  1.00e+00 1.00e+00h  1
iter    objective    inf_pr   inf_du lg(mu)  ||d||  lg(rg) alpha_du alpha_pr  ls
1740  6.9143706e-04 4.34e-05 6.44e-04  -6.1 6.32e-03    -  1.00e+00 1.00e+00h  1
1741  6.9125409e-04 2.34e-05 9.87e-03  -6.1 6.30e-03    -  1.00e+00 4.14e-01h  2
1742  8.3146836e-04 2.04e-03 6.76e-02  -4.0 8.57e-02    -  1.00e+00 5.00e-01h  2
1743  7.5364939e-04 7.95e-04 5.90e-03  -4.1 2.74e-02    -  1.00e+00 1.00e+00h  1
1744  9.7847684e-04 7.05e-04 3.12e-02  -4.1 5.06e-02    -  1.00e+00 5.00e-01h  2
1745  6.9683975e-04 1.17e-04 9.47e-04  -4.1 1.17e-02    -  1.00e+00 1.00e+00h  1
1746  6.9932834e-04 1.11e-05 3.14e-03  -4.1 3.06e-03    -  1.00e+00 1.00e+00h  1
1747  6.9633815e-04 6.75e-05 2.96e-02  -4.1 9.36e-03    -  1.00e+00 1.00e+00h  1
1748  6.9621083e-04 3.04e-05 5.19e-03  -4.1 6.34e-03    -  1.00e+00 1.00e+00h  1
1749  6.9984829e-04 1.07e-05 6.86e-03  -4.1 3.14e-03    -  1.00e+00 1.00e+00h  1
iter    objective    inf_pr   inf_du lg(mu)  ||d||  lg(rg) alpha_du alpha_pr  ls
1750  6.9748004e-04 8.90e-06 5.70e-03  -4.1 2.78e-03    -  1.00e+00 1.00e+00h  1
1751  6.9734737e-04 2.53e-06 2.58e-03  -4.1 1.99e-03    -  1.00e+00 1.00e+00h  1
1752  6.9772888e-04 6.00e-07 8.66e-04  -4.1 8.99e-04    -  1.00e+00 1.00e+00h  1
1753  6.9754782e-04 1.57e-08 5.19e-04  -4.1 1.52e-04    -  1.00e+00 1.00e+00h  1
1754  6.9728579e-04 5.55e-08 1.09e-03  -6.1 2.79e-04    -  1.00e+00 1.00e+00h  1
1755  6.9272292e-04 8.02e-05 8.04e-03  -6.1 5.64e-02    -  1.00e+00 1.96e-01h  3
1756  6.9116191e-04 4.04e-05 7.96e-03  -6.1 4.05e-03    -  1.00e+00 5.00e-01h  2
1757  6.9223836e-04 1.04e-05 6.69e-04  -6.1 3.33e-03    -  1.00e+00 1.00e+00h  1
1758  6.9217974e-04 3.69e-07 1.63e-04  -6.1 7.70e-04    -  1.00e+00 1.00e+00h  1
1759  8.4829007e-04 1.50e-03 1.27e-01  -4.0 1.18e-01    -  1.00e+00 5.00e-01f  2
iter    objective    inf_pr   inf_du lg(mu)  ||d||  lg(rg) alpha_du alpha_pr  ls
1760  7.4392942e-04 4.48e-04 1.24e-02  -4.1 3.25e-02    -  1.00e+00 1.00e+00h  1
1761  7.1726524e-04 2.76e-04 2.45e-02  -4.1 2.95e-02    -  1.00e+00 5.00e-01h  2
1762  7.2715748e-04 2.62e-04 3.28e-03  -4.1 1.97e-02    -  1.00e+00 1.00e+00h  1
1763  7.0169222e-04 1.38e-04 5.56e-03  -4.1 1.42e-02    -  1.00e+00 1.00e+00h  1
1764  7.0661658e-04 7.89e-05 1.73e-02  -4.1 1.20e-02    -  1.00e+00 1.00e+00H  1
1765  6.9553362e-04 8.07e-05 3.14e-03  -4.1 7.85e-03    -  1.00e+00 1.00e+00h  1
1766  7.0595789e-04 2.93e-05 1.21e-02  -4.1 7.74e-03    -  1.00e+00 1.00e+00h  1
1767  6.9692187e-04 2.05e-05 2.22e-03  -4.1 6.95e-03    -  1.00e+00 1.00e+00h  1
1768  6.9940096e-04 2.93e-06 3.89e-03  -4.1 2.40e-03    -  1.00e+00 1.00e+00h  1
1769  6.9765386e-04 1.54e-06 1.50e-03  -4.1 1.45e-03    -  1.00e+00 1.00e+00h  1
iter    objective    inf_pr   inf_du lg(mu)  ||d||  lg(rg) alpha_du alpha_pr  ls
1770  6.9726981e-04 4.78e-07 1.95e-03  -4.1 7.49e-04    -  1.00e+00 1.00e+00h  1
1771  6.9752279e-04 1.09e-07 2.03e-04  -4.1 4.19e-04    -  1.00e+00 1.00e+00h  1
1772  6.9725577e-04 3.83e-08 1.07e-03  -6.1 2.46e-04    -  1.00e+00 1.00e+00h  1
1773  6.9530427e-04 1.05e-05 1.11e-02  -6.1 5.35e-02    -  1.00e+00 8.93e-02h  4
1774  6.9425740e-04 6.99e-06 1.72e-02  -6.1 2.73e-03    -  1.00e+00 3.75e-01h  2
1775  6.9252059e-04 1.27e-06 6.83e-04  -6.1 1.44e-03    -  1.00e+00 1.00e+00h  1
1776  6.9223626e-04 7.60e-08 4.30e-05  -6.1 3.41e-04    -  1.00e+00 1.00e+00h  1
1777  8.4853624e-04 4.47e-03 1.34e-01  -4.0 9.18e-02    -  1.00e+00 1.00e+00f  1
1778  7.5124107e-04 1.16e-03 3.42e-02  -4.1 4.69e-02    -  1.00e+00 1.00e+00h  1
1779  8.3564877e-04 3.27e-04 8.28e-03  -4.1 2.71e-02    -  1.00e+00 1.00e+00h  1
iter    objective    inf_pr   inf_du lg(mu)  ||d||  lg(rg) alpha_du alpha_pr  ls
1780  7.1988411e-04 2.83e-04 3.26e-02  -4.1 3.23e-02    -  1.00e+00 5.00e-01h  2
1781  1.0220722e-03 6.64e-05 2.56e-03  -4.1 1.09e-02    -  1.00e+00 1.00e+00h  1
1782  7.1486082e-04 2.61e-04 1.95e-02  -4.1 2.10e-02    -  1.00e+00 1.00e+00h  1
1783  7.1740746e-04 1.05e-04 1.19e-03  -4.1 1.47e-02    -  1.00e+00 1.00e+00h  1
1784  7.3070403e-04 1.39e-04 1.27e-02  -4.1 1.33e-02    -  1.00e+00 1.00e+00h  1
1785  6.9763021e-04 8.94e-05 4.26e-03  -4.1 1.11e-02    -  1.00e+00 1.00e+00h  1
1786  6.9761371e-04 5.33e-06 2.75e-03  -4.1 2.40e-03    -  1.00e+00 1.00e+00h  1
1787  6.9819238e-04 3.72e-06 5.33e-03  -4.1 2.63e-03    -  1.00e+00 1.00e+00h  1
1788  6.9654512e-04 1.60e-06 4.95e-03  -4.1 1.93e-03    -  1.00e+00 1.00e+00h  1
1789  6.9874714e-04 8.65e-07 6.24e-03  -4.1 2.12e-03    -  1.00e+00 1.00e+00H  1
iter    objective    inf_pr   inf_du lg(mu)  ||d||  lg(rg) alpha_du alpha_pr  ls
1790  6.9766289e-04 1.74e-06 7.77e-04  -4.1 1.17e-03    -  1.00e+00 1.00e+00h  1
1791  6.9739172e-04 4.10e-08 1.22e-03  -6.1 2.52e-04    -  1.00e+00 1.00e+00h  1
1792  6.9079795e-04 8.18e-05 4.38e-04  -6.1 1.32e-02    -  1.00e+00 1.00e+00h  1
1793  6.9220657e-04 4.43e-05 4.99e-03  -6.1 5.29e-03    -  1.00e+00 5.00e-01h  2
1794  6.9067645e-04 2.50e-05 5.01e-03  -6.1 4.67e-03    -  1.00e+00 5.00e-01h  2
1795  6.9060201e-04 1.35e-05 1.43e-03  -6.1 2.84e-03    -  1.00e+00 5.00e-01h  2
1796  8.4951245e-04 4.56e-03 1.77e-01  -4.0 1.01e-01    -  1.00e+00 1.00e+00h  1
1797  7.5185106e-04 1.23e-03 4.44e-02  -4.1 5.09e-02    -  1.00e+00 1.00e+00h  1
1798  7.4145797e-04 3.42e-04 1.08e-02  -4.1 2.69e-02    -  1.00e+00 1.00e+00h  1
1799  8.7938945e-04 2.70e-04 3.90e-02  -4.1 3.04e-02    -  1.00e+00 5.00e-01h  2
iter    objective    inf_pr   inf_du lg(mu)  ||d||  lg(rg) alpha_du alpha_pr  ls
1800  6.9969116e-04 5.12e-06 1.67e-03  -4.1 3.51e-03    -  1.00e+00 1.00e+00h  1
1801  6.8796101e-04 6.02e-05 3.71e-02  -4.1 1.12e-02    -  1.00e+00 1.00e+00h  1
1802  6.9431322e-04 2.10e-05 8.15e-03  -4.1 6.63e-03    -  1.00e+00 1.00e+00h  1
1803  7.0741072e-04 9.58e-06 2.70e-03  -4.1 4.65e-03    -  1.00e+00 1.00e+00h  1
1804  7.0390494e-04 3.67e-07 5.12e-03  -4.1 8.69e-04    -  1.00e+00 1.00e+00h  1
1805  6.9709976e-04 1.74e-06 2.01e-03  -4.1 1.58e-03    -  1.00e+00 1.00e+00h  1
1806  6.9767105e-04 2.04e-07 6.00e-04  -4.1 6.47e-04    -  1.00e+00 1.00e+00h  1
1807  6.9739824e-04 4.83e-08 9.80e-04  -6.1 2.60e-04    -  1.00e+00 1.00e+00h  1
1808  6.9507707e-04 7.34e-06 1.06e-03  -6.1 2.93e-03    -  1.00e+00 1.00e+00h  1
1809  6.9346073e-04 1.43e-05 3.73e-02  -6.1 3.19e-02    -  1.00e+00 9.76e-02h  2
iter    objective    inf_pr   inf_du lg(mu)  ||d||  lg(rg) alpha_du alpha_pr  ls
1810  6.9491144e-04 3.73e-07 2.52e-04  -6.1 7.99e-04    -  1.00e+00 1.00e+00h  1
1811  6.9235326e-04 3.13e-07 4.12e-04  -6.1 6.74e-04    -  1.00e+00 1.00e+00h  1
1812  6.9208607e-04 2.85e-08 3.18e-05  -6.1 2.03e-04    -  1.00e+00 1.00e+00h  1
1813  8.7442013e-04 7.20e-03 1.73e-01  -4.0 9.81e-02    -  1.00e+00 1.00e+00f  1
1814  7.5465563e-04 2.35e-03 4.34e-02  -4.1 5.16e-02    -  1.00e+00 1.00e+00h  1
1815  7.3403701e-04 5.06e-04 1.30e-02  -4.1 3.01e-02    -  1.00e+00 1.00e+00h  1
1816  7.6799229e-04 2.93e-04 2.30e-02  -4.1 2.96e-02    -  1.00e+00 5.00e-01h  2
1817  8.1531409e-04 1.02e-04 2.10e-02  -4.1 2.79e-02    -  1.00e+00 6.65e-01H  1
1818  7.0084676e-04 2.37e-04 1.40e-03  -4.1 1.74e-02    -  1.00e+00 1.00e+00f  1
1819  6.9987943e-04 4.15e-06 2.31e-03  -4.1 2.77e-03    -  1.00e+00 1.00e+00h  1
iter    objective    inf_pr   inf_du lg(mu)  ||d||  lg(rg) alpha_du alpha_pr  ls
1820  6.9593469e-04 2.32e-05 1.42e-02  -4.1 5.30e-03    -  1.00e+00 1.00e+00h  1
1821  6.9706946e-04 1.06e-05 3.10e-03  -4.1 4.29e-03    -  1.00e+00 1.00e+00h  1
1822  6.9905364e-04 7.95e-06 9.41e-03  -4.1 2.97e-03    -  1.00e+00 1.00e+00h  1
1823  6.9770298e-04 4.56e-06 3.95e-04  -4.1 2.01e-03    -  1.00e+00 1.00e+00h  1
1824  6.9744589e-04 2.44e-08 8.83e-04  -6.1 2.57e-04    -  1.00e+00 1.00e+00h  1
1825  7.0003496e-04 1.45e-08 5.15e-04  -6.1 3.79e-03    -  1.00e+00 1.00e+00H  1
1826  6.9419247e-04 4.11e-06 4.57e-04  -6.1 2.53e-03    -  1.00e+00 1.00e+00h  1
1827  6.9451006e-04 5.34e-07 5.99e-04  -6.1 6.75e-04    -  1.00e+00 1.00e+00h  1
1828  6.9219177e-04 2.15e-08 7.45e-05  -6.1 2.68e-04    -  1.00e+00 1.00e+00h  1
1829  6.9209111e-04 3.09e-09 6.19e-05  -6.1 7.26e-05    -  1.00e+00 1.00e+00h  1
iter    objective    inf_pr   inf_du lg(mu)  ||d||  lg(rg) alpha_du alpha_pr  ls
1830  8.1465786e-04 3.57e-03 3.64e-01  -4.0 8.08e-02    -  1.00e+00 1.00e+00f  1
1831  7.4138228e-04 9.31e-04 9.16e-02  -4.1 4.04e-02    -  1.00e+00 1.00e+00h  1
1832  7.1372786e-04 2.47e-04 2.25e-02  -4.1 2.05e-02    -  1.00e+00 1.00e+00h  1
1833  7.0056813e-04 8.61e-05 3.44e-03  -4.1 1.21e-02    -  1.00e+00 1.00e+00h  1
1834  7.0421954e-04 1.75e-05 6.54e-03  -4.1 6.72e-03    -  1.00e+00 1.00e+00h  1
1835  6.9914374e-04 2.60e-05 1.06e-02  -4.1 7.56e-03    -  1.00e+00 1.00e+00h  1
1836  6.9802442e-04 1.11e-05 5.89e-03  -4.1 4.31e-03    -  1.00e+00 1.00e+00h  1
1837  6.9738434e-04 9.39e-07 1.49e-03  -4.1 1.10e-03    -  1.00e+00 1.00e+00h  1
1838  6.9756971e-04 6.38e-08 6.46e-04  -4.1 2.85e-04    -  1.00e+00 1.00e+00h  1
1839  6.9719568e-04 6.17e-08 9.62e-04  -6.1 4.07e-04    -  1.00e+00 1.00e+00h  1
iter    objective    inf_pr   inf_du lg(mu)  ||d||  lg(rg) alpha_du alpha_pr  ls
1840  6.8377832e-04 4.93e-04 1.41e-03  -6.1 3.51e-02    -  1.00e+00 1.00e+00h  1
1841  6.8357785e-04 2.83e-04 2.42e-03  -6.1 1.73e-02    -  1.00e+00 5.00e-01h  2
1842  8.5745353e-04 1.26e-03 3.34e-03  -4.0 5.38e-02    -  1.00e+00 1.00e+00h  1
1843  6.7933481e-04 8.63e-04 9.66e-04  -4.1 4.97e-02    -  1.00e+00 1.00e+00h  1
1844  7.5766259e-04 8.87e-04 1.78e-03  -4.0 7.07e-02    -  1.00e+00 5.00e-01h  2
1845  6.8549756e-04 3.45e-04 1.41e-03  -4.1 2.49e-02    -  1.00e+00 1.00e+00h  1
1846  7.3058838e-04 2.59e-04 1.24e-02  -4.1 2.91e-02    -  1.00e+00 5.00e-01h  2
1847  7.9148551e-04 2.49e-04 1.32e-02  -4.1 1.87e-02    -  1.00e+00 1.00e+00h  1
1848  7.2261050e-04 1.41e-04 2.76e-03  -4.1 1.76e-02    -  1.00e+00 1.00e+00h  1
1849  8.5077135e-04 9.36e-05 1.87e-01  -4.1 3.71e-02    -  1.00e+00 2.86e-01H  1
iter    objective    inf_pr   inf_du lg(mu)  ||d||  lg(rg) alpha_du alpha_pr  ls
1850  6.9265734e-04 8.28e-05 3.30e-03  -4.1 8.19e-03    -  1.00e+00 1.00e+00f  1
1851  7.0062130e-04 7.02e-05 2.26e-02  -4.1 1.74e-02    -  1.00e+00 5.00e-01h  2
1852  6.9611720e-04 5.75e-05 1.17e-02  -4.1 1.21e-02    -  1.00e+00 1.00e+00h  1
1853  6.9587428e-04 7.10e-05 8.45e-03  -4.1 9.99e-03    -  1.00e+00 1.00e+00h  1
1854  7.0138794e-04 3.74e-05 8.43e-03  -4.1 6.90e-03    -  1.00e+00 1.00e+00h  1
1855  6.9605420e-04 9.35e-06 3.93e-03  -4.1 4.27e-03    -  1.00e+00 1.00e+00h  1
1856  6.9930216e-04 5.73e-06 4.58e-03  -4.1 3.92e-03    -  1.00e+00 1.00e+00h  1
1857  6.9801453e-04 2.32e-06 2.05e-03  -4.1 1.70e-03    -  1.00e+00 1.00e+00h  1
1858  6.9718678e-04 3.80e-07 7.25e-04  -4.1 7.09e-04    -  1.00e+00 1.00e+00h  1
1859  6.9689450e-04 3.41e-08 1.06e-03  -6.1 2.89e-04    -  1.00e+00 1.00e+00h  1
iter    objective    inf_pr   inf_du lg(mu)  ||d||  lg(rg) alpha_du alpha_pr  ls
1860  6.8949836e-04 6.34e-05 8.44e-04  -6.1 1.02e-02    -  1.00e+00 1.00e+00h  1
1861  6.8970264e-04 2.05e-05 6.30e-03  -6.1 3.69e-03    -  1.00e+00 6.61e-01h  1
1862  7.9121756e-04 3.54e-03 3.51e-02  -4.0 7.36e-02    -  1.00e+00 1.00e+00f  1
1863  7.2893095e-04 1.24e-03 7.71e-03  -4.1 4.11e-02    -  1.00e+00 1.00e+00h  1
1864  1.2498901e-03 6.12e-04 1.53e-02  -4.1 4.92e-02    -  1.00e+00 5.00e-01h  2
1865  6.9806641e-04 6.23e-05 9.18e-04  -4.1 9.99e-03    -  1.00e+00 1.00e+00h  1
1866  6.9747906e-04 3.31e-07 8.79e-04  -4.1 7.24e-04    -  1.00e+00 1.00e+00h  1
1867  7.0423771e-04 3.59e-05 2.21e-02  -4.1 8.95e-03    -  1.00e+00 1.00e+00h  1
1868  6.9913023e-04 1.20e-05 6.96e-03  -4.1 4.84e-03    -  1.00e+00 1.00e+00h  1
1869  6.9891623e-04 7.93e-06 5.58e-03  -4.1 3.82e-03    -  1.00e+00 1.00e+00h  1
iter    objective    inf_pr   inf_du lg(mu)  ||d||  lg(rg) alpha_du alpha_pr  ls
1870  6.9808874e-04 9.04e-06 1.30e-02  -4.1 3.68e-03    -  1.00e+00 1.00e+00h  1
1871  6.9739205e-04 5.05e-06 4.72e-04  -4.1 3.26e-03    -  1.00e+00 1.00e+00h  1
1872  6.9708070e-04 6.91e-08 7.81e-04  -6.1 3.02e-04    -  1.00e+00 1.00e+00h  1
1873  6.9672608e-04 4.76e-06 4.75e-02  -6.1 8.73e-03    -  1.00e+00 2.50e-01h  3
1874  6.9352841e-04 2.95e-06 6.20e-04  -6.1 2.22e-03    -  1.00e+00 1.00e+00h  1
1875  6.9671515e-04 4.52e-08 9.82e-04  -6.1 2.23e-03    -  1.00e+00 1.00e+00H  1
1876  6.9205521e-04 8.30e-07 2.22e-04  -6.1 1.07e-03    -  1.00e+00 1.00e+00h  1
1877  9.7487493e-04 7.54e-03 5.29e-01  -4.0 9.71e-02    -  1.00e+00 1.00e+00f  1
1878  7.6142211e-04 1.94e-03 1.32e-01  -4.1 4.88e-02    -  1.00e+00 1.00e+00h  1
1879  7.1796507e-04 5.30e-04 3.49e-02  -4.1 2.33e-02    -  1.00e+00 1.00e+00h  1
iter    objective    inf_pr   inf_du lg(mu)  ||d||  lg(rg) alpha_du alpha_pr  ls
1880  7.0817434e-04 2.56e-04 1.75e-02  -4.1 1.63e-02    -  1.00e+00 1.00e+00h  1
1881  7.2567656e-04 1.28e-04 5.08e-03  -4.1 1.57e-02    -  1.00e+00 1.00e+00h  1
1882  7.4298574e-04 1.65e-05 1.06e-02  -4.1 5.01e-03    -  1.00e+00 1.00e+00h  1
1883  7.0032963e-04 6.25e-05 9.22e-03  -4.1 1.03e-02    -  1.00e+00 1.00e+00h  1
1884  6.9879119e-04 2.51e-05 5.93e-03  -4.1 6.85e-03    -  1.00e+00 1.00e+00h  1
1885  6.9757236e-04 5.54e-06 2.71e-03  -4.1 3.17e-03    -  1.00e+00 1.00e+00h  1
1886  6.9809228e-04 1.07e-06 3.79e-03  -4.1 1.12e-03    -  1.00e+00 1.00e+00h  1
1887  6.9728178e-04 4.90e-07 1.76e-03  -4.1 9.60e-04    -  1.00e+00 1.00e+00h  1
1888  6.9742035e-04 3.37e-08 2.77e-04  -4.1 2.12e-04    -  1.00e+00 1.00e+00h  1
1889  6.9720299e-04 3.36e-08 1.20e-03  -6.1 2.31e-04    -  1.00e+00 1.00e+00h  1
iter    objective    inf_pr   inf_du lg(mu)  ||d||  lg(rg) alpha_du alpha_pr  ls
1890  6.9504641e-04 9.43e-05 1.85e-02  -6.1 1.05e-01    -  1.00e+00 1.10e-01h  3
1891  6.9221094e-04 5.16e-05 6.25e-03  -6.1 5.05e-03    -  1.00e+00 5.00e-01h  2
1892  6.9511434e-04 1.12e-05 7.76e-04  -6.1 3.60e-03    -  1.00e+00 1.00e+00h  1
1893  6.9171090e-04 2.45e-07 8.00e-05  -6.1 5.67e-04    -  1.00e+00 1.00e+00h  1
1894  8.8886118e-04 8.20e-03 1.80e-01  -4.0 1.15e-01    -  1.00e+00 1.00e+00f  1
1895  7.6224167e-04 2.01e-03 4.51e-02  -4.1 5.77e-02    -  1.00e+00 1.00e+00h  1
1896  8.2692859e-04 6.34e-04 1.09e-02  -4.1 3.08e-02    -  1.00e+00 1.00e+00h  1
1897  7.3523019e-04 5.68e-04 3.02e-02  -4.1 3.90e-02    -  7.76e-01 5.00e-01h  2
1898  7.0008141e-04 4.28e-07 1.21e-03  -4.1 1.92e-03    -  1.00e+00 1.00e+00h  1
1899  6.9199173e-04 3.33e-05 2.94e-02  -4.1 6.98e-03    -  1.00e+00 1.00e+00h  1
iter    objective    inf_pr   inf_du lg(mu)  ||d||  lg(rg) alpha_du alpha_pr  ls
1900  6.9614535e-04 1.38e-05 6.02e-03  -4.1 4.40e-03    -  1.00e+00 1.00e+00h  1
1901  7.0029971e-04 4.17e-06 2.51e-03  -4.1 2.53e-03    -  1.00e+00 1.00e+00h  1
1902  6.9752810e-04 2.16e-07 5.14e-04  -4.1 5.19e-04    -  1.00e+00 1.00e+00h  1
1903  6.9717008e-04 6.21e-08 9.82e-04  -6.1 3.11e-04    -  1.00e+00 1.00e+00h  1
1904  6.9620111e-04 7.93e-07 9.88e-04  -6.1 1.17e-03    -  1.00e+00 1.00e+00h  1
1905  6.9402545e-04 1.23e-05 6.35e-04  -6.1 4.28e-03    -  1.00e+00 1.00e+00h  1
1906  6.9255345e-04 9.06e-06 1.42e-02  -6.1 2.47e-03    -  1.00e+00 2.98e-01h  2
1907  6.9300165e-04 1.37e-06 3.17e-04  -6.1 1.05e-03    -  1.00e+00 1.00e+00h  1
1908  6.9255009e-04 1.98e-07 1.18e-04  -6.1 4.00e-04    -  1.00e+00 1.00e+00h  1
1909  6.9199762e-04 3.78e-08 2.62e-05  -6.1 2.66e-04    -  1.00e+00 1.00e+00h  1
iter    objective    inf_pr   inf_du lg(mu)  ||d||  lg(rg) alpha_du alpha_pr  ls
1910  8.5844901e-04 4.98e-03 2.00e-01  -4.0 1.00e-01    -  1.00e+00 1.00e+00f  1
1911  7.5852382e-04 1.26e-03 4.87e-02  -4.1 5.05e-02    -  1.00e+00 1.00e+00h  1
1912  1.0103191e-03 6.07e-04 1.09e-02  -4.1 2.54e-02    -  1.00e+00 1.00e+00h  1
1913  7.0696313e-04 2.80e-04 1.22e-03  -4.1 2.04e-02    -  1.00e+00 1.00e+00h  1
1914  7.1073829e-04 5.67e-06 1.58e-03  -4.1 3.19e-03    -  1.00e+00 1.00e+00h  1
1915  7.0843618e-04 8.18e-05 3.77e-02  -4.1 1.14e-02    -  1.00e+00 1.00e+00h  1
1916  7.0188217e-04 2.91e-05 9.21e-03  -4.1 6.25e-03    -  1.00e+00 1.00e+00h  1
1917  6.9743817e-04 1.55e-05 5.73e-03  -4.1 5.09e-03    -  1.00e+00 1.00e+00h  1
1918  6.9786935e-04 6.59e-06 7.80e-03  -4.1 2.44e-03    -  1.00e+00 1.00e+00h  1
1919  6.9813251e-04 2.34e-06 2.73e-03  -4.1 1.89e-03    -  1.00e+00 1.00e+00h  1
iter    objective    inf_pr   inf_du lg(mu)  ||d||  lg(rg) alpha_du alpha_pr  ls
1920  6.9783546e-04 9.42e-08 4.45e-04  -4.1 4.37e-04    -  1.00e+00 1.00e+00h  1
1921  6.9752097e-04 7.63e-08 1.08e-03  -6.1 2.98e-04    -  1.00e+00 1.00e+00h  1
1922  6.9515055e-04 1.66e-05 3.83e-02  -6.1 1.22e-01    -  1.00e+00 3.66e-02h  4
1923  6.9408643e-04 8.95e-06 1.68e-02  -6.1 2.10e-03    -  1.00e+00 5.00e-01h  2
1924  6.9373735e-04 5.04e-08 3.59e-04  -6.1 4.27e-04    -  1.00e+00 1.00e+00h  1
1925  6.9228931e-04 8.68e-08 1.03e-04  -6.1 4.48e-04    -  1.00e+00 1.00e+00h  1
1926  6.9230485e-04 9.00e-09 1.28e-04  -6.1 8.22e-05    -  1.00e+00 1.00e+00h  1
1927  1.0976148e-03 8.90e-03 2.07e-01  -4.0 1.13e-01    -  1.00e+00 1.00e+00f  1
1928  8.1750732e-04 2.69e-03 5.17e-02  -4.1 5.81e-02    -  1.00e+00 1.00e+00h  1
1929  9.0894799e-04 5.64e-04 6.53e-03  -4.1 2.92e-02    -  1.00e+00 1.00e+00h  1
iter    objective    inf_pr   inf_du lg(mu)  ||d||  lg(rg) alpha_du alpha_pr  ls
1930  8.5636727e-04 1.12e-03 1.40e-02  -4.1 4.40e-02    -  1.00e+00 1.00e+00h  1
1931  7.2434072e-04 6.99e-04 1.29e-03  -4.1 3.20e-02    -  1.00e+00 1.00e+00h  1
1932  7.9803740e-04 4.43e-04 1.61e-02  -4.1 3.25e-02    -  1.00e+00 7.69e-01H  1
1933  9.5439919e-04 3.35e-04 4.40e-03  -4.1 1.97e-02    -  1.00e+00 1.00e+00f  1
1934  6.9446607e-04 2.45e-04 9.60e-03  -4.1 1.95e-02    -  1.00e+00 1.00e+00h  1
1935  7.0723304e-04 1.79e-04 7.22e-03  -4.1 1.80e-02    -  1.00e+00 1.00e+00h  1
1936  6.9737108e-04 6.20e-05 4.78e-03  -4.1 1.02e-02    -  1.00e+00 1.00e+00h  1
1937  7.0140892e-04 1.85e-05 8.48e-03  -4.1 6.32e-03    -  1.00e+00 1.00e+00h  1
1938  6.9802011e-04 1.24e-05 8.95e-03  -4.1 4.96e-03    -  1.00e+00 1.00e+00h  1
1939  6.9834352e-04 5.35e-06 4.28e-03  -4.1 2.72e-03    -  1.00e+00 1.00e+00h  1
iter    objective    inf_pr   inf_du lg(mu)  ||d||  lg(rg) alpha_du alpha_pr  ls
1940  6.9820837e-04 8.19e-07 1.41e-03  -4.1 1.02e-03    -  1.00e+00 1.00e+00h  1
1941  6.9800307e-04 1.45e-07 5.64e-04  -4.1 4.18e-04    -  1.00e+00 1.00e+00h  1
1942  6.9754263e-04 1.91e-07 1.14e-03  -6.1 4.73e-04    -  1.00e+00 1.00e+00h  1
1943  6.9532261e-04 5.28e-06 1.12e-03  -6.1 2.41e-03    -  1.00e+00 1.00e+00h  1
1944  6.9325265e-04 1.45e-05 4.50e-02  -6.1 3.78e-02    -  1.00e+00 8.68e-02h  2
1945  6.9331494e-04 8.75e-06 1.28e-02  -6.1 3.12e-03    -  1.00e+00 5.00e-01h  2
1946  6.9251993e-04 9.39e-07 7.34e-05  -6.1 9.80e-04    -  1.00e+00 1.00e+00h  1
1947  6.9226518e-04 4.76e-08 1.66e-04  -6.1 2.52e-04    -  1.00e+00 1.00e+00h  1
1948  6.9212571e-04 3.75e-07 1.03e-04  -6.1 5.69e-04    -  1.00e+00 1.00e+00h  1
1949  6.9201839e-04 4.14e-07 1.51e-04  -6.1 8.55e-04    -  1.00e+00 1.00e+00h  1
iter    objective    inf_pr   inf_du lg(mu)  ||d||  lg(rg) alpha_du alpha_pr  ls
1950  6.9195045e-04 1.36e-06 4.65e-04  -6.1 3.51e-02    -  1.00e+00 3.12e-02h  6
1951  6.9195345e-04 9.81e-07 2.89e-04  -6.1 1.58e-03    -  1.00e+00 1.00e+00h  1
1952  6.9351841e-04 1.32e-09 1.00e-03  -6.1 4.40e-03    -  1.00e+00 1.00e+00H  1
1953  8.6166398e-04 1.68e-03 4.59e-02  -4.0 9.78e-02    -  1.00e+00 5.00e-01f  2
1954  7.6150219e-04 5.29e-04 8.53e-03  -4.1 3.02e-02    -  1.00e+00 1.00e+00h  1
1955  7.1250707e-04 3.49e-04 3.02e-02  -4.1 4.72e-02    -  1.00e+00 5.00e-01h  2
1956  7.2764969e-04 4.84e-04 5.82e-03  -4.1 2.47e-02    -  1.00e+00 1.00e+00h  1
1957  7.1346549e-04 6.06e-04 1.92e-02  -4.1 3.12e-02    -  1.00e+00 5.00e-01h  2
1958  7.1023830e-04 5.78e-04 9.74e-03  -4.1 6.22e-02    -  1.00e+00 1.25e-01h  4
1959  6.9197937e-04 1.48e-04 4.61e-03  -4.1 1.55e-02    -  1.00e+00 1.00e+00h  1
iter    objective    inf_pr   inf_du lg(mu)  ||d||  lg(rg) alpha_du alpha_pr  ls
1960  7.3650399e-04 1.38e-04 1.01e-02  -4.1 1.17e-02    -  1.00e+00 1.00e+00h  1
1961  7.0817553e-04 5.81e-05 4.72e-03  -4.1 7.77e-03    -  1.00e+00 1.00e+00h  1
1962  6.9834257e-04 2.30e-05 4.08e-01  -4.1 1.02e-02    -  1.00e+00 4.56e-01H  1
1963  6.9531821e-04 1.91e-05 5.86e-03  -4.1 4.66e-03    -  1.00e+00 1.00e+00f  1
1964  7.1466697e-04 2.21e-05 3.86e-02  -4.1 1.13e-02    -  1.00e+00 5.00e-01h  2
1965  7.1305516e-04 3.32e-05 2.57e-02  -4.1 8.86e-03    -  1.00e+00 1.00e+00H  1
1966  6.9657392e-04 3.39e-05 7.19e-03  -4.1 5.90e-03    -  1.00e+00 1.00e+00h  1
1967  7.0984985e-04 5.13e-05 1.30e-02  -4.1 7.57e-03    -  1.00e+00 1.00e+00h  1
1968  6.9683755e-04 2.75e-05 1.26e-03  -4.1 5.50e-03    -  1.00e+00 1.00e+00h  1
1969  6.9758926e-04 7.75e-07 9.74e-04  -4.1 8.01e-04    -  1.00e+00 1.00e+00h  1
iter    objective    inf_pr   inf_du lg(mu)  ||d||  lg(rg) alpha_du alpha_pr  ls
1970  6.9730113e-04 7.94e-08 3.48e-04  -4.1 2.67e-04    -  1.00e+00 1.00e+00h  1
1971  6.9701057e-04 5.12e-08 9.62e-04  -6.1 3.03e-04    -  1.00e+00 1.00e+00h  1
1972  6.9498366e-04 1.28e-05 1.31e-02  -6.1 6.20e-02    -  1.00e+00 8.02e-02h  4
1973  6.9433153e-04 8.58e-06 1.88e-02  -6.1 7.47e-03    -  1.00e+00 2.25e-01h  3
1974  6.9256688e-04 1.33e-05 7.23e-04  -6.1 4.87e-03    -  1.00e+00 1.00e+00h  1
1975  6.9199947e-04 9.41e-06 2.98e-04  -6.1 3.25e-03    -  1.00e+00 1.00e+00h  1
1976  6.9358774e-04 2.17e-06 6.24e-04  -6.1 2.22e-03    -  1.00e+00 1.00e+00h  1
1977  6.9165623e-04 4.51e-06 5.05e-05  -6.1 2.92e-03    -  1.00e+00 1.00e+00h  1
1978  8.7866268e-04 1.62e-03 1.12e-01  -4.0 1.29e-01    -  1.00e+00 5.00e-01f  2
1979  9.1294562e-04 1.10e-03 1.49e-02  -4.1 3.63e-02    -  1.00e+00 1.00e+00h  1
iter    objective    inf_pr   inf_du lg(mu)  ||d||  lg(rg) alpha_du alpha_pr  ls
1980  1.7787390e-03 6.02e-04 3.43e-03  -4.1 3.39e-02    -  1.00e+00 1.00e+00h  1
1981  8.8351635e-04 3.80e-04 5.01e-03  -4.1 2.56e-02    -  1.00e+00 1.00e+00h  1
1982  7.1546091e-04 2.14e-04 5.71e-03  -4.1 1.76e-02    -  1.00e+00 1.00e+00h  1
1983  7.1471131e-04 1.72e-04 4.43e-03  -4.1 2.52e-02    -  1.00e+00 5.00e-01h  2
1984  7.5604977e-04 2.46e-04 1.08e-02  -4.1 2.09e-02    -  1.00e+00 1.00e+00h  1
1985  7.0105565e-04 1.37e-04 1.53e-03  -4.1 1.18e-02    -  1.00e+00 1.00e+00h  1
1986  7.0293526e-04 1.65e-05 6.34e-03  -4.1 5.93e-03    -  1.00e+00 1.00e+00h  1
1987  7.0194699e-04 3.61e-05 9.85e-03  -4.1 8.79e-03    -  1.00e+00 1.00e+00h  1
1988  7.0107079e-04 1.29e-05 4.53e-03  -4.1 4.73e-03    -  1.00e+00 1.00e+00h  1
1989  7.0200541e-04 1.32e-05 1.24e-02  -4.1 4.42e-03    -  1.00e+00 1.00e+00h  1
iter    objective    inf_pr   inf_du lg(mu)  ||d||  lg(rg) alpha_du alpha_pr  ls
1990  6.9963772e-04 9.45e-06 1.10e-03  -4.1 3.11e-03    -  1.00e+00 1.00e+00h  1
1991  6.9884416e-04 5.28e-08 6.97e-04  -4.1 2.98e-04    -  1.00e+00 1.00e+00h  1
1992  6.9834860e-04 3.41e-08 9.70e-04  -6.1 2.82e-04    -  1.00e+00 1.00e+00h  1
1993  6.9738058e-04 6.19e-07 1.05e-03  -6.1 9.21e-04    -  1.00e+00 1.00e+00h  1
1994  6.9674129e-04 2.81e-06 2.35e-03  -6.1 6.51e-03    -  1.00e+00 2.50e-01h  3
1995  6.9447638e-04 7.72e-06 8.24e-03  -6.1 7.13e-03    -  1.00e+00 3.92e-01h  2
1996  6.9247221e-04 5.19e-06 1.60e-02  -6.1 2.57e-03    -  1.00e+00 4.34e-01h  2
1997  6.9222453e-04 1.17e-06 9.68e-05  -6.1 1.16e-03    -  1.00e+00 1.00e+00h  1
1998  6.9187370e-04 4.91e-07 1.02e-04  -6.1 6.67e-04    -  1.00e+00 1.00e+00h  1
1999  1.0744748e-03 4.76e-03 8.41e-02  -4.0 9.51e-02    -  1.00e+00 1.00e+00f  1
iter    objective    inf_pr   inf_du lg(mu)  ||d||  lg(rg) alpha_du alpha_pr  ls
2000  7.9671446e-04 3.27e-03 2.89e-02  -4.1 7.34e-02    -  1.00e+00 1.00e+00h  1
2001  2.4240843e-03 1.36e-03 4.14e-03  -4.1 4.14e-02    -  9.70e-01 1.00e+00h  1
2002  9.3422296e-04 7.57e-04 1.01e-02  -4.1 3.24e-02    -  1.00e+00 6.75e-01h  1
2003  7.5518348e-04 1.06e-03 1.00e-02  -4.1 4.03e-02    -  1.00e+00 1.00e+00f  1
2004  1.3210948e-03 1.03e-03 1.00e-02  -4.1 3.51e-02    -  1.00e+00 1.00e+00h  1
2005  7.3973143e-04 2.82e-04 2.32e-03  -4.1 1.85e-02    -  1.00e+00 1.00e+00h  1
2006  7.1592451e-04 9.37e-05 7.73e-03  -4.1 1.04e-02    -  1.00e+00 1.00e+00h  1
2007  7.1410073e-04 1.74e-04 1.49e-02  -4.1 1.50e-02    -  1.00e+00 1.00e+00h  1
2008  7.0490395e-04 7.11e-05 4.54e-03  -4.1 8.65e-03    -  1.00e+00 1.00e+00h  1
2009  7.1549538e-04 3.92e-05 1.51e-02  -4.1 9.11e-03    -  1.00e+00 1.00e+00h  1
iter    objective    inf_pr   inf_du lg(mu)  ||d||  lg(rg) alpha_du alpha_pr  ls
2010  7.0637565e-04 2.82e-05 2.11e-03  -4.1 6.62e-03    -  1.00e+00 1.00e+00h  1
2011  7.0881806e-04 8.39e-06 9.02e-03  -4.1 3.52e-03    -  1.00e+00 1.00e+00h  1
2012  7.0358760e-04 6.69e-06 2.60e-03  -4.1 3.36e-03    -  1.00e+00 1.00e+00h  1
2013  7.0254136e-04 4.62e-07 1.92e-03  -4.1 9.71e-04    -  1.00e+00 1.00e+00h  1
2014  7.0197642e-04 1.08e-07 1.79e-03  -4.1 4.49e-04    -  1.00e+00 1.00e+00h  1
2015  7.0110060e-04 4.01e-08 1.07e-02  -4.1 3.65e-03    -  1.00e+00 1.00e+00H  1
2016  7.0044462e-04 7.66e-07 1.65e-02  -4.1 3.34e-03    -  1.00e+00 1.00e+00H  1
2017  7.0210538e-04 1.75e-09 7.50e-03  -4.1 1.63e-03    -  1.00e+00 1.00e+00H  1
2018  6.9819714e-04 1.37e-06 7.49e-04  -4.1 1.44e-03    -  1.00e+00 1.00e+00h  1
2019  6.9783063e-04 3.05e-07 1.26e-03  -6.1 6.41e-04    -  1.00e+00 1.00e+00h  1
iter    objective    inf_pr   inf_du lg(mu)  ||d||  lg(rg) alpha_du alpha_pr  ls
2020  7.0146722e-04 2.82e-07 2.95e-03  -6.1 8.81e-03    -  1.00e+00 1.00e+00H  1
2021  6.9617572e-04 5.64e-06 1.55e-02  -6.1 7.23e-03    -  1.00e+00 3.81e-01h  2
2022  7.0905646e-04 4.20e-08 1.60e-03  -6.1 1.19e-02    -  1.00e+00 1.00e+00H  1
2023  7.0074780e-04 2.61e-07 1.27e-03  -6.1 6.30e-03    -  1.00e+00 1.00e+00H  1
2024  7.1857666e-04 9.12e-09 3.03e-03  -6.1 9.66e-03    -  1.00e+00 1.00e+00H  1
2025  6.9208184e-04 2.59e-05 3.23e-04  -6.1 8.52e-03    -  1.00e+00 1.00e+00h  1
2026  6.9177274e-04 3.75e-06 3.46e-04  -6.1 2.38e-03    -  1.00e+00 1.00e+00h  1
2027  6.9188891e-04 1.05e-06 8.77e-05  -6.1 1.24e-03    -  1.00e+00 1.00e+00h  1
2028  6.9356453e-04 1.52e-07 4.13e-04  -6.1 2.29e-03    -  1.00e+00 1.00e+00H  1
2029  6.9193246e-04 1.59e-07 3.20e-05  -6.1 1.91e-03    -  1.00e+00 1.00e+00H  1
iter    objective    inf_pr   inf_du lg(mu)  ||d||  lg(rg) alpha_du alpha_pr  ls
2030  9.6587947e-04 7.54e-03 4.16e-01  -4.0 9.27e-02    -  1.00e+00 1.00e+00f  1
2031  7.7040289e-04 2.01e-03 1.03e-01  -4.1 4.51e-02    -  1.00e+00 1.00e+00h  1
2032  7.2881552e-04 7.64e-04 3.43e-02  -4.1 3.26e-02    -  1.00e+00 1.00e+00h  1
2033  7.3887526e-04 3.57e-04 3.35e-03  -4.1 2.21e-02    -  1.00e+00 1.00e+00h  1
2034  7.0090432e-04 1.66e-04 3.09e-01  -4.1 7.78e-02    -  1.00e+00 1.12e-01H  1
2035  6.9912722e-04 7.18e-05 1.01e-03  -4.1 9.93e-03    -  1.00e+00 1.00e+00f  1
2036  7.8780523e-04 4.41e-04 7.15e-02  -4.1 4.85e-02    -  1.00e+00 5.00e-01h  2
2037  6.9814747e-04 2.21e-04 7.93e-04  -4.1 1.75e-02    -  1.00e+00 1.00e+00h  1
2038  6.9632765e-04 3.75e-06 5.92e-04  -6.1 2.23e-03    -  1.00e+00 1.00e+00h  1
2039  6.9478792e-04 1.27e-06 1.28e-04  -6.1 1.28e-03    -  1.00e+00 1.00e+00h  1
iter    objective    inf_pr   inf_du lg(mu)  ||d||  lg(rg) alpha_du alpha_pr  ls
2040  6.9182312e-04 8.15e-06 1.61e-04  -6.1 3.44e-03    -  1.00e+00 1.00e+00h  1
2041  6.9197532e-04 4.08e-06 6.44e-03  -6.1 8.31e-04    -  1.00e+00 5.00e-01h  2
2042  6.9212696e-04 1.83e-07 6.50e-05  -6.1 4.08e-04    -  1.00e+00 1.00e+00h  1
2043  6.9209752e-04 2.90e-08 4.66e-05  -6.1 1.54e-04    -  1.00e+00 1.00e+00h  1
2044  6.9205282e-04 4.37e-07 9.32e-05  -6.1 7.14e-04    -  1.00e+00 1.00e+00h  1
2045  6.9219339e-04 2.23e-09 1.56e-04  -6.1 1.05e-03    -  1.00e+00 1.00e+00H  1
2046  1.1219685e-03 5.97e-03 1.63e-01  -4.0 1.14e-01    -  1.00e+00 1.00e+00f  1
2047  7.9948717e-04 2.87e-03 4.92e-02  -4.1 6.96e-02    -  1.00e+00 1.00e+00h  1
2048  9.3469952e-04 2.75e-03 2.46e-03  -4.1 5.65e-02    -  1.00e+00 1.00e+00h  1
2049  1.0222164e-03 1.48e-03 3.27e-02  -4.1 8.94e-02    -  1.00e+00 2.75e-01H  1
iter    objective    inf_pr   inf_du lg(mu)  ||d||  lg(rg) alpha_du alpha_pr  ls
2050  8.5067847e-04 7.94e-04 8.48e-03  -4.1 2.81e-02    -  1.00e+00 1.00e+00f  1
2051  7.2917013e-04 6.63e-04 1.56e-02  -4.1 3.07e-02    -  1.00e+00 1.00e+00h  1
2052  7.1169686e-04 5.18e-04 1.58e-03  -4.1 1.91e-02    -  1.00e+00 1.00e+00h  1
2053  2.7595671e-03 1.10e-04 1.54e-02  -4.1 2.67e-02    -  1.00e+00 8.76e-01H  1
2054  6.9577593e-04 1.48e-04 5.79e-03  -4.1 2.29e-02    -  1.00e+00 1.00e+00F  1
2055  7.0188521e-04 5.91e-05 9.01e-03  -4.1 1.18e-02    -  1.00e+00 1.00e+00h  1
2056  7.0014347e-04 8.95e-05 8.85e-03  -4.1 1.11e-02    -  1.00e+00 1.00e+00h  1
2057  7.0927741e-04 1.24e-04 1.86e-02  -4.1 1.28e-02    -  1.00e+00 1.00e+00h  1
2058  6.9934370e-04 5.84e-05 2.78e-03  -4.1 8.84e-03    -  1.00e+00 1.00e+00h  1
2059  7.0170115e-04 1.11e-05 2.86e-03  -4.1 2.91e-03    -  1.00e+00 1.00e+00h  1
iter    objective    inf_pr   inf_du lg(mu)  ||d||  lg(rg) alpha_du alpha_pr  ls
2060  6.9776088e-04 4.19e-06 4.50e-03  -4.1 2.18e-03    -  1.00e+00 1.00e+00h  1
2061  6.9869178e-04 1.44e-06 2.06e-03  -4.1 1.45e-03    -  1.00e+00 1.00e+00h  1
2062  6.9812222e-04 2.41e-07 1.41e-03  -4.1 7.69e-04    -  1.00e+00 1.00e+00h  1
2063  6.9814067e-04 1.13e-07 5.84e-04  -4.1 4.20e-04    -  1.00e+00 1.00e+00h  1
2064  6.9789954e-04 3.13e-08 9.09e-04  -6.1 2.39e-04    -  1.00e+00 1.00e+00h  1
2065  6.9474894e-04 7.82e-06 9.47e-04  -6.1 3.62e-03    -  1.00e+00 1.00e+00h  1
2066  6.9415883e-04 8.19e-06 2.79e-02  -6.1 1.49e-02    -  1.00e+00 6.86e-02h  3
2067  6.9300307e-04 2.41e-07 2.45e-04  -6.1 5.98e-04    -  1.00e+00 1.00e+00h  1
2068  6.9274221e-04 1.42e-07 7.93e-05  -6.1 3.82e-04    -  1.00e+00 1.00e+00h  1
2069  6.9232512e-04 2.34e-06 2.25e-04  -6.1 1.74e-03    -  1.00e+00 1.00e+00h  1
iter    objective    inf_pr   inf_du lg(mu)  ||d||  lg(rg) alpha_du alpha_pr  ls
2070  6.9231872e-04 2.55e-06 3.33e-03  -6.1 1.38e-02    -  1.00e+00 6.25e-02h  5
2071  6.9196430e-04 1.83e-06 2.79e-04  -6.1 1.64e-03    -  1.00e+00 1.00e+00h  1
2072  6.9679948e-04 6.41e-10 5.74e-04  -6.1 2.91e-03    -  1.00e+00 1.00e+00H  1
2073  8.7324345e-04 3.13e-03 4.84e-01  -4.0 8.40e-02    -  1.00e+00 1.00e+00f  1
2074  7.4934677e-04 8.51e-04 1.15e-01  -4.1 4.18e-02    -  1.00e+00 1.00e+00h  1
2075  7.2588361e-04 2.08e-04 2.91e-02  -4.1 2.17e-02    -  1.00e+00 1.00e+00h  1
2076  8.9060396e-04 1.30e-04 3.32e-02  -4.1 2.29e-02    -  1.00e+00 1.00e+00H  1
2077  6.9698923e-04 1.15e-04 7.74e-02  -4.1 1.80e-02    -  1.00e+00 5.00e-01h  2
2078  6.9904714e-04 7.60e-05 5.38e-03  -4.1 1.04e-02    -  1.00e+00 1.00e+00h  1
2079  7.7452077e-04 5.96e-05 1.75e-02  -4.1 9.41e-03    -  1.00e+00 1.00e+00h  1
iter    objective    inf_pr   inf_du lg(mu)  ||d||  lg(rg) alpha_du alpha_pr  ls
2080  6.9780535e-04 3.78e-05 3.60e-03  -4.1 7.46e-03    -  1.00e+00 1.00e+00h  1
2081  6.9794738e-04 9.03e-07 2.62e-03  -4.1 9.39e-04    -  1.00e+00 1.00e+00h  1
2082  6.9749218e-04 5.10e-07 1.59e-03  -4.1 7.96e-04    -  1.00e+00 1.00e+00h  1
2083  6.9748027e-04 1.57e-07 1.65e-03  -4.1 3.86e-04    -  1.00e+00 1.00e+00h  1
2084  6.9746283e-04 3.10e-08 3.90e-04  -4.1 1.61e-04    -  1.00e+00 1.00e+00h  1
2085  6.9566338e-04 4.29e-06 3.75e-04  -6.1 2.24e-03    -  1.00e+00 1.00e+00h  1
2086  6.9478445e-04 4.70e-06 6.46e-03  -6.1 6.54e-03    -  1.00e+00 2.43e-01h  3
2087  6.9298339e-04 4.09e-06 8.97e-03  -6.1 2.71e-03    -  1.00e+00 4.89e-01h  2
2088  6.9268275e-04 6.24e-08 7.09e-04  -6.1 2.78e-04    -  1.00e+00 1.00e+00h  1
2089  6.9251797e-04 8.30e-08 4.72e-04  -6.1 2.99e-04    -  1.00e+00 1.00e+00h  1
iter    objective    inf_pr   inf_du lg(mu)  ||d||  lg(rg) alpha_du alpha_pr  ls
2090  6.9214975e-04 2.40e-05 7.06e-04  -6.1 4.63e-03    -  1.00e+00 1.00e+00h  1
2091  6.9215116e-04 2.42e-06 4.49e-04  -6.1 1.71e-03    -  1.00e+00 1.00e+00h  1
2092  6.9217130e-04 1.60e-06 2.75e-03  -6.1 2.15e-03    -  1.00e+00 5.00e-01h  2
2093  6.9189584e-04 1.10e-06 8.63e-05  -6.1 1.05e-03    -  1.00e+00 1.00e+00h  1
2094  6.9189675e-04 2.22e-07 1.09e-04  -6.1 5.31e-04    -  1.00e+00 1.00e+00h  1
2095  8.8378855e-04 9.98e-04 1.69e-01  -4.0 9.23e-02    -  1.00e+00 5.00e-01f  2
2096  1.2167385e-03 4.61e-04 2.39e-02  -4.1 3.65e-02    -  1.00e+00 1.00e+00h  1
2097  7.2890604e-04 2.56e-04 5.38e-03  -4.1 2.19e-02    -  1.00e+00 1.00e+00h  1
2098  6.9660453e-04 3.50e-04 6.58e-03  -4.1 1.99e-02    -  1.00e+00 1.00e+00h  1
2099  6.9982667e-04 2.44e-04 1.57e-02  -4.1 1.51e-02    -  1.00e+00 5.00e-01h  2
iter    objective    inf_pr   inf_du lg(mu)  ||d||  lg(rg) alpha_du alpha_pr  ls
2100  1.1203955e-03 8.37e-05 3.63e-02  -4.1 1.81e-02    -  1.00e+00 7.79e-01H  1
2101  6.9677608e-04 1.14e-04 2.67e-03  -4.1 1.20e-02    -  1.00e+00 1.00e+00f  1
2102  6.9916027e-04 3.61e-05 1.00e-02  -4.1 7.56e-03    -  1.00e+00 1.00e+00h  1
2103  6.9753325e-04 2.83e-05 3.76e-03  -4.1 6.01e-03    -  1.00e+00 1.00e+00h  1
2104  6.9680037e-04 3.64e-06 4.05e-03  -4.1 1.77e-03    -  1.00e+00 1.00e+00h  1
2105  6.9870592e-04 3.16e-07 6.22e-03  -4.1 2.11e-03    -  1.00e+00 1.00e+00H  1
2106  6.9749366e-04 2.64e-06 5.35e-03  -4.1 1.61e-03    -  1.00e+00 1.00e+00h  1
2107  6.9734187e-04 3.15e-07 3.42e-04  -4.1 6.51e-04    -  1.00e+00 1.00e+00h  1
2108  6.9703980e-04 7.17e-08 1.30e-03  -6.1 2.84e-04    -  1.00e+00 1.00e+00h  1
2109  6.9307187e-04 6.47e-05 1.35e-02  -6.1 5.75e-02    -  1.00e+00 1.58e-01h  3
iter    objective    inf_pr   inf_du lg(mu)  ||d||  lg(rg) alpha_du alpha_pr  ls
2110  6.9135247e-04 3.37e-05 9.21e-03  -6.1 3.04e-03    -  1.00e+00 5.00e-01h  2
2111  6.9420344e-04 4.66e-06 5.93e-04  -6.1 2.36e-03    -  1.00e+00 1.00e+00h  1
2112  6.9260252e-04 2.19e-07 4.17e-04  -6.1 4.90e-04    -  1.00e+00 1.00e+00h  1
2113  6.9196410e-04 2.13e-08 1.55e-04  -6.1 2.18e-04    -  1.00e+00 1.00e+00h  1
2114  9.7082916e-04 8.08e-03 2.86e-01  -4.0 1.03e-01    -  1.00e+00 1.00e+00f  1
2115  7.7552072e-04 2.23e-03 7.12e-02  -4.1 5.17e-02    -  1.00e+00 1.00e+00h  1
2116  7.2771354e-04 5.97e-04 1.80e-02  -4.1 2.62e-02    -  1.00e+00 1.00e+00h  1
2117  2.0915298e-03 4.88e-04 4.01e-03  -4.1 2.22e-02    -  1.00e+00 1.00e+00h  1
2118  7.0609639e-04 1.32e-04 7.41e-03  -4.1 1.18e-02    -  1.00e+00 1.00e+00h  1
2119  6.9556499e-04 1.51e-04 6.67e-03  -4.1 1.36e-02    -  1.00e+00 1.00e+00h  1
iter    objective    inf_pr   inf_du lg(mu)  ||d||  lg(rg) alpha_du alpha_pr  ls
2120  7.0586138e-04 5.46e-05 9.58e-03  -4.1 1.05e-02    -  1.00e+00 1.00e+00h  1
2121  7.0812761e-04 4.99e-05 1.00e-02  -4.1 7.23e-03    -  1.00e+00 1.00e+00h  1
2122  6.9651199e-04 1.32e-05 9.82e-03  -4.1 5.40e-03    -  1.00e+00 1.00e+00H  1
2123  6.9863632e-04 1.08e-05 3.39e-03  -4.1 3.36e-03    -  1.00e+00 1.00e+00h  1
2124  6.9731770e-04 1.79e-06 3.46e-03  -4.1 1.69e-03    -  1.00e+00 1.00e+00h  1
2125  6.9769089e-04 1.00e-06 1.54e-03  -4.1 1.29e-03    -  1.00e+00 1.00e+00h  1
2126  6.9764434e-04 1.40e-07 3.45e-04  -4.1 3.35e-04    -  1.00e+00 1.00e+00h  1
2127  6.9743630e-04 2.45e-08 1.04e-03  -6.1 2.21e-04    -  1.00e+00 1.00e+00h  1
2128  6.9590451e-04 8.02e-05 5.32e-02  -6.1 2.78e-01    -  1.00e+00 4.81e-02h  3
2129  6.9573923e-04 7.45e-05 8.70e-04  -6.1 9.13e-03    -  1.00e+00 1.00e+00h  1
iter    objective    inf_pr   inf_du lg(mu)  ||d||  lg(rg) alpha_du alpha_pr  ls
2130  6.9398932e-04 3.92e-05 1.06e-02  -6.1 5.05e-03    -  1.00e+00 5.00e-01h  2
2131  6.9238496e-04 3.16e-05 6.10e-03  -6.1 4.26e-03    -  1.00e+00 2.10e-01h  2
2132  6.9182972e-04 5.37e-06 3.71e-04  -6.1 2.19e-03    -  1.00e+00 1.00e+00h  1
2133  6.9189482e-04 2.40e-07 9.78e-05  -6.1 8.67e-04    -  1.00e+00 1.00e+00h  1
2134  9.1837467e-04 6.64e-03 1.39e-01  -4.0 1.05e-01    -  1.00e+00 1.00e+00f  1
2135  8.1008601e-04 3.60e-03 3.55e-02  -4.1 7.17e-02    -  1.00e+00 1.00e+00h  1
2136  5.4498545e-03 2.27e-03 3.53e-02  -4.1 5.35e-02    -  7.93e-01 1.00e+00h  1
2137  1.5501141e-03 1.66e-03 2.72e-02  -4.1 4.98e-02    -  1.00e+00 5.78e-01h  1
2138  7.5800397e-04 8.34e-04 8.86e-03  -4.1 3.53e-02    -  1.00e+00 1.00e+00f  1
2139  7.1458821e-04 1.59e-04 1.47e-02  -4.1 1.44e-02    -  1.00e+00 1.00e+00h  1
iter    objective    inf_pr   inf_du lg(mu)  ||d||  lg(rg) alpha_du alpha_pr  ls
2140  7.0689090e-04 9.63e-05 4.13e-03  -4.1 1.11e-02    -  1.00e+00 1.00e+00h  1
2141  7.0345123e-04 1.86e-05 4.57e-03  -4.1 4.23e-03    -  1.00e+00 1.00e+00h  1
2142  7.0570649e-04 2.29e-05 1.08e-02  -4.1 5.19e-03    -  1.00e+00 1.00e+00h  1
2143  7.0321489e-04 1.32e-05 5.71e-03  -4.1 4.08e-03    -  1.00e+00 1.00e+00h  1
2144  7.0224344e-04 5.37e-06 5.97e-03  -4.1 2.69e-03    -  1.00e+00 1.00e+00h  1
2145  7.0218259e-04 1.72e-06 1.43e-03  -4.1 1.83e-03    -  1.00e+00 1.00e+00h  1
2146  7.0168212e-04 1.06e-07 1.21e-03  -4.1 3.93e-04    -  1.00e+00 1.00e+00h  1
2147  6.9953300e-04 1.69e-09 1.95e-02  -4.1 4.92e-03    -  1.00e+00 1.00e+00H  1
2148  7.0689240e-04 1.24e-10 4.98e-02  -4.1 8.38e-03    -  1.00e+00 1.00e+00H  1
2149  7.0678662e-04 5.36e-10 1.12e-02  -4.1 5.56e-03    -  1.00e+00 1.00e+00H  1
iter    objective    inf_pr   inf_du lg(mu)  ||d||  lg(rg) alpha_du alpha_pr  ls
2150  7.0664741e-04 1.16e-09 2.77e-02  -4.1 7.84e-03    -  1.00e+00 3.91e-03h  9
2151  6.9753610e-04 2.87e-07 3.31e-03  -4.1 6.87e-04    -  1.00e+00 1.00e+00h  1
2152  6.9732224e-04 8.39e-08 1.01e-03  -4.1 3.71e-04    -  1.00e+00 1.00e+00h  1
2153  6.9734609e-04 7.64e-09 4.37e-04  -4.1 1.11e-04    -  1.00e+00 1.00e+00h  1
2154  6.9701227e-04 1.16e-07 3.74e-04  -6.1 4.21e-04    -  1.00e+00 1.00e+00h  1
2155  6.9603542e-04 1.35e-05 6.47e-04  -6.1 9.49e-03    -  1.00e+00 5.00e-01h  2
2156  6.9353370e-04 1.15e-05 1.59e-02  -6.1 6.52e-03    -  1.00e+00 2.24e-01h  2
2157  6.9298871e-04 1.02e-06 3.81e-04  -6.1 1.38e-03    -  1.00e+00 1.00e+00h  1
2158  6.9230023e-04 2.11e-07 3.16e-04  -6.1 7.50e-04    -  1.00e+00 1.00e+00h  1
2159  6.9277914e-04 4.11e-09 1.72e-04  -6.1 1.19e-03    -  1.00e+00 1.00e+00H  1
iter    objective    inf_pr   inf_du lg(mu)  ||d||  lg(rg) alpha_du alpha_pr  ls
2160  6.9224759e-04 3.28e-07 5.54e-05  -6.1 7.60e-04    -  1.00e+00 1.00e+00h  1
2161  6.9219523e-04 6.63e-08 3.07e-05  -6.1 2.72e-04    -  1.00e+00 1.00e+00h  1
2162  6.9204711e-04 1.68e-06 1.62e-04  -6.1 1.68e-03    -  1.00e+00 1.00e+00h  1
2163  6.9308735e-04 3.77e-09 4.57e-04  -6.1 3.09e-03    -  1.00e+00 1.00e+00H  1
2164  6.9242954e-04 4.16e-09 5.24e-04  -6.1 5.16e-03    -  1.00e+00 1.00e+00H  1
2165  6.9227345e-04 8.43e-09 5.89e-04  -6.1 3.96e-03    -  1.00e+00 1.00e+00H  1
2166  7.1565023e-04 1.55e-09 1.59e-03  -6.1 1.09e-02    -  1.00e+00 1.00e+00H  1
2167  6.9176477e-04 4.45e-05 4.57e-05  -6.1 1.12e-02    -  1.00e+00 1.00e+00h  1
2168  6.9197952e-04 1.10e-07 6.74e-05  -6.1 3.77e-04    -  1.00e+00 1.00e+00h  1
2169  6.9183714e-04 3.47e-08 4.50e-05  -6.1 3.17e-04    -  1.00e+00 1.00e+00h  1
iter    objective    inf_pr   inf_du lg(mu)  ||d||  lg(rg) alpha_du alpha_pr  ls
2170  9.2592718e-04 4.00e-03 8.33e-01  -4.0 6.48e-02    -  1.00e+00 1.00e+00f  1
2171  7.6811755e-04 1.07e-03 2.04e-01  -4.1 3.03e-02    -  1.00e+00 1.00e+00h  1
2172  7.3672964e-04 2.41e-04 4.53e-02  -4.1 1.87e-02    -  1.00e+00 1.00e+00h  1
2173  7.2029883e-04 9.11e-05 1.75e-02  -4.1 1.04e-02    -  1.00e+00 1.00e+00h  1
2174  7.1217064e-04 2.62e-05 7.66e-03  -4.1 7.25e-03    -  1.00e+00 1.00e+00h  1
2175  7.1127763e-04 5.45e-06 4.78e-03  -4.1 2.48e-03    -  1.00e+00 1.00e+00h  1
2176  7.0789106e-04 1.11e-06 2.15e-03  -4.1 1.29e-03    -  1.00e+00 1.00e+00h  1
2177  7.0555015e-04 1.74e-06 5.19e-03  -4.1 1.47e-03    -  1.00e+00 1.00e+00h  1
2178  7.0405863e-04 2.23e-07 1.70e-02  -4.1 4.53e-03    -  1.00e+00 1.00e+00H  1
2179  7.0592335e-04 8.56e-08 6.20e-02  -4.1 1.07e-02    -  1.00e+00 1.00e+00H  1
iter    objective    inf_pr   inf_du lg(mu)  ||d||  lg(rg) alpha_du alpha_pr  ls
2180  7.0054339e-04 1.94e-06 8.62e-02  -4.1 4.14e-03    -  1.00e+00 5.00e-01h  2
2181  6.9908539e-04 2.27e-05 4.20e-03  -4.1 4.96e-03    -  1.00e+00 1.00e+00h  1
2182  7.0402373e-04 9.73e-06 1.26e-02  -4.1 3.57e-03    -  1.00e+00 1.00e+00h  1
2183  6.9763083e-04 1.20e-05 7.83e-04  -4.1 4.03e-03    -  1.00e+00 1.00e+00h  1
2184  6.9713139e-04 6.03e-07 2.19e-03  -6.1 9.95e-04    -  1.00e+00 1.00e+00h  1
2185  6.9465685e-04 9.81e-06 1.08e-03  -6.1 4.05e-03    -  1.00e+00 1.00e+00h  1
2186  6.9341073e-04 2.55e-06 7.73e-04  -6.1 3.51e-03    -  1.00e+00 1.00e+00h  1
2187  6.9390765e-04 1.53e-07 1.02e-03  -6.1 3.51e-03    -  1.00e+00 1.00e+00H  1
2188  6.9282839e-04 8.95e-07 2.43e-04  -6.1 7.96e-04    -  1.00e+00 1.00e+00h  1
2189  6.9222840e-04 5.16e-07 3.89e-04  -6.1 1.77e-03    -  1.00e+00 1.00e+00h  1
iter    objective    inf_pr   inf_du lg(mu)  ||d||  lg(rg) alpha_du alpha_pr  ls
2190  6.9208302e-04 4.06e-07 9.28e-05  -6.1 1.09e-03    -  1.00e+00 1.00e+00h  1
2191  6.9215808e-04 1.80e-07 1.83e-04  -6.1 1.25e-03    -  1.00e+00 1.00e+00H  1
2192  6.9197908e-04 1.38e-06 1.42e-04  -6.1 1.22e-03    -  1.00e+00 1.00e+00h  1
2193  6.9925152e-04 4.59e-09 4.54e-04  -6.1 4.87e-03    -  1.00e+00 1.00e+00H  1
2194  6.9183808e-04 3.23e-06 8.04e-05  -6.1 4.70e-03    -  1.00e+00 1.00e+00h  1
2195  6.9185800e-04 1.62e-06 8.05e-04  -6.1 8.37e-04    -  1.00e+00 5.00e-01h  2
2196  6.9185852e-04 2.52e-08 3.83e-05  -6.1 2.28e-04    -  1.00e+00 1.00e+00h  1
2197  8.7893118e-04 5.54e-03 5.75e-01  -4.0 8.41e-02    -  1.00e+00 1.00e+00f  1
2198  7.5349537e-04 1.51e-03 1.33e-01  -4.1 4.26e-02    -  1.00e+00 1.00e+00h  1
2199  7.2343497e-04 3.33e-04 4.22e-02  -4.1 2.08e-02    -  1.00e+00 1.00e+00h  1
iter    objective    inf_pr   inf_du lg(mu)  ||d||  lg(rg) alpha_du alpha_pr  ls
2200  7.0712529e-04 3.15e-04 7.90e-03  -4.1 1.74e-02    -  1.00e+00 1.00e+00h  1
2201  7.9400907e-04 1.74e-05 4.08e-03  -4.1 3.95e-03    -  1.00e+00 1.00e+00h  1
2202  7.0891924e-04 2.25e-04 2.67e-02  -4.1 1.27e-02    -  1.00e+00 1.00e+00h  1
2203  7.1611973e-04 6.70e-05 2.20e-03  -4.1 9.79e-03    -  1.00e+00 1.00e+00h  1
2204  6.9681355e-04 1.01e-05 2.23e-03  -4.1 2.97e-03    -  1.00e+00 1.00e+00h  1
2205  6.9839185e-04 5.98e-06 7.35e-03  -4.1 2.94e-03    -  1.00e+00 1.00e+00h  1
2206  6.9694622e-04 2.48e-06 8.14e-04  -4.1 1.91e-03    -  1.00e+00 1.00e+00h  1
2207  6.9670562e-04 5.38e-08 5.46e-04  -6.1 2.14e-04    -  1.00e+00 1.00e+00h  1
2208  6.9671695e-04 3.12e-08 2.96e-04  -6.1 3.72e-03    -  1.00e+00 1.00e+00H  1
2209  6.9307532e-04 5.56e-07 3.04e-04  -6.1 1.05e-03    -  1.00e+00 1.00e+00h  1
iter    objective    inf_pr   inf_du lg(mu)  ||d||  lg(rg) alpha_du alpha_pr  ls
2210  6.9265599e-04 3.00e-08 2.72e-04  -6.1 2.36e-04    -  1.00e+00 1.00e+00h  1
2211  6.9260224e-04 1.48e-08 2.06e-04  -6.1 2.33e-04    -  1.00e+00 1.00e+00h  1
2212  6.9248332e-04 6.69e-08 1.34e-04  -6.1 4.90e-04    -  1.00e+00 1.00e+00h  1
2213  6.9235061e-04 9.88e-07 1.32e-04  -6.1 1.18e-03    -  1.00e+00 1.00e+00h  1
2214  6.9345512e-04 9.22e-10 7.18e-04  -6.1 3.36e-03    -  1.00e+00 1.00e+00H  1
2215  8.8400547e-04 6.33e-03 2.75e-01  -4.0 1.03e-01    -  1.00e+00 1.00e+00f  1
2216  7.4820835e-04 1.70e-03 6.69e-02  -4.1 5.14e-02    -  1.00e+00 1.00e+00h  1
2217  7.3958244e-04 4.41e-04 1.50e-02  -4.1 2.73e-02    -  1.00e+00 1.00e+00h  1
2218  7.7439737e-04 3.16e-04 4.48e-02  -4.1 2.22e-02    -  1.00e+00 5.00e-01h  2
2219  6.9760553e-04 2.49e-05 1.05e-03  -4.1 6.44e-03    -  1.00e+00 1.00e+00h  1
iter    objective    inf_pr   inf_du lg(mu)  ||d||  lg(rg) alpha_du alpha_pr  ls
2220  6.9827785e-04 2.54e-05 2.56e-01  -4.1 1.27e-02    -  1.00e+00 2.50e-01h  3
2221  6.9584236e-04 1.23e-05 8.66e-03  -4.1 4.09e-03    -  1.00e+00 1.00e+00h  1
2222  6.9799242e-04 6.45e-06 3.90e-03  -4.1 2.47e-03    -  1.00e+00 1.00e+00h  1
2223  6.9609768e-04 2.93e-06 1.41e-02  -4.1 3.20e-03    -  1.00e+00 1.00e+00H  1
2224  6.9692050e-04 1.29e-06 1.73e-03  -4.1 2.02e-03    -  1.00e+00 1.00e+00H  1
2225  6.9721536e-04 2.40e-07 5.61e-04  -4.1 6.22e-04    -  1.00e+00 1.00e+00h  1
2226  6.9696056e-04 4.81e-08 1.14e-03  -6.1 3.20e-04    -  1.00e+00 1.00e+00h  1
2227  6.9330899e-04 5.92e-05 5.97e-04  -6.1 2.16e-02    -  1.00e+00 5.00e-01h  2
2228  6.9232459e-04 3.72e-05 7.88e-03  -6.1 5.74e-03    -  1.00e+00 3.76e-01h  2
2229  6.9259219e-04 6.27e-06 7.44e-04  -6.1 5.04e-03    -  1.00e+00 1.00e+00h  1
iter    objective    inf_pr   inf_du lg(mu)  ||d||  lg(rg) alpha_du alpha_pr  ls
2230  6.9290551e-04 1.96e-07 4.75e-04  -6.1 1.81e-03    -  1.00e+00 1.00e+00h  1
2231  6.9213289e-04 2.22e-08 2.37e-04  -6.1 4.99e-04    -  1.00e+00 1.00e+00h  1
2232  6.9209642e-04 8.21e-09 1.72e-05  -6.1 2.28e-04    -  1.00e+00 1.00e+00h  1
2233  6.9191480e-04 5.10e-07 7.49e-05  -6.1 8.23e-04    -  1.00e+00 1.00e+00h  1
2234  6.9183456e-04 1.39e-06 2.16e-04  -6.1 1.41e-03    -  1.00e+00 1.00e+00h  1
2235  7.1261667e-04 5.33e-10 5.47e-04  -6.1 4.17e-03    -  1.00e+00 1.00e+00H  1
2236  6.9170094e-04 4.90e-06 1.41e-04  -6.1 3.79e-03    -  1.00e+00 1.00e+00h  1
2237  6.9175599e-04 1.55e-08 3.02e-05  -6.1 3.81e-04    -  1.00e+00 1.00e+00h  1
2238  9.1855446e-04 3.96e-03 8.38e-01  -4.0 8.31e-02    -  1.00e+00 1.00e+00f  1
2239  7.8348965e-04 2.22e-03 2.44e-01  -4.1 4.99e-02    -  1.00e+00 1.00e+00h  1
iter    objective    inf_pr   inf_du lg(mu)  ||d||  lg(rg) alpha_du alpha_pr  ls
2240  7.6726703e-04 3.49e-04 5.15e-02  -4.1 2.46e-02    -  1.00e+00 1.00e+00h  1
2241  7.4976744e-04 1.30e-04 8.25e-03  -4.1 1.39e-02    -  1.00e+00 1.00e+00h  1
2242  7.9264690e-04 7.92e-05 8.56e-03  -4.1 2.21e-02    -  1.00e+00 1.00e+00h  1
2243  7.0022756e-04 4.25e-05 4.54e-03  -4.1 1.21e-02    -  1.00e+00 1.00e+00h  1
2244  6.9772837e-04 4.25e-06 3.21e-03  -4.1 2.67e-03    -  1.00e+00 1.00e+00h  1
2245  7.0160100e-04 7.76e-06 6.00e-03  -4.1 4.28e-03    -  1.00e+00 1.00e+00h  1
2246  6.9798624e-04 1.59e-06 3.05e-03  -4.1 1.55e-03    -  1.00e+00 1.00e+00h  1
2247  6.9789004e-04 4.20e-07 1.78e-03  -4.1 8.26e-04    -  1.00e+00 1.00e+00h  1
2248  6.9774427e-04 8.23e-08 7.24e-04  -4.1 3.45e-04    -  1.00e+00 1.00e+00h  1
2249  6.9742848e-04 5.32e-08 1.25e-03  -6.1 2.64e-04    -  1.00e+00 1.00e+00h  1
iter    objective    inf_pr   inf_du lg(mu)  ||d||  lg(rg) alpha_du alpha_pr  ls
2250  6.9187331e-04 1.01e-04 9.21e-03  -6.1 5.44e-02    -  1.00e+00 1.91e-01h  3
2251  6.9236857e-04 5.28e-05 7.56e-03  -6.1 4.11e-03    -  1.00e+00 5.00e-01h  2
2252  6.9296956e-04 1.07e-05 1.38e-03  -6.1 3.19e-03    -  1.00e+00 1.00e+00h  1
2253  6.9201081e-04 1.96e-07 4.40e-04  -6.1 9.51e-04    -  1.00e+00 1.00e+00h  1
2254  6.9194981e-04 1.21e-07 8.06e-05  -6.1 4.54e-04    -  1.00e+00 1.00e+00h  1
2255  6.9187340e-04 6.32e-09 1.36e-05  -6.1 1.16e-04    -  1.00e+00 1.00e+00h  1
2256  8.2983638e-04 6.98e-04 5.39e-02  -4.0 9.67e-02    -  1.00e+00 2.50e-01f  3
2257  7.0326802e-04 3.77e-04 1.58e-03  -4.1 2.39e-02    -  1.00e+00 1.00e+00h  1
2258  7.1130071e-04 1.63e-04 1.56e-01  -4.1 3.70e-02    -  1.00e+00 2.46e-01H  1
2259  6.9759552e-04 9.48e-05 2.46e-03  -4.1 1.16e-02    -  1.00e+00 1.00e+00f  1
iter    objective    inf_pr   inf_du lg(mu)  ||d||  lg(rg) alpha_du alpha_pr  ls
2260  7.0439083e-04 9.08e-05 8.64e-02  -4.1 3.76e-02    -  1.00e+00 2.50e-01h  3
2261  6.9482830e-04 5.24e-05 1.42e-02  -4.1 1.12e-02    -  1.00e+00 1.00e+00h  1
2262  7.1382027e-04 3.01e-05 2.56e-03  -4.1 8.21e-03    -  1.00e+00 1.00e+00h  1
2263  7.0106678e-04 1.12e-05 7.31e-03  -4.1 6.34e-03    -  1.00e+00 1.00e+00h  1
2264  6.9731090e-04 1.52e-05 9.59e-03  -4.1 4.59e-03    -  1.00e+00 1.00e+00h  1
2265  6.9776185e-04 8.86e-06 6.15e-03  -4.1 3.63e-03    -  1.00e+00 1.00e+00h  1
2266  6.9891412e-04 4.70e-06 5.25e-03  -4.1 2.60e-03    -  1.00e+00 1.00e+00h  1
2267  6.9692192e-04 1.41e-06 1.05e-03  -4.1 1.51e-03    -  1.00e+00 1.00e+00h  1
2268  6.9706589e-04 4.04e-08 3.80e-04  -4.1 2.00e-04    -  1.00e+00 1.00e+00h  1
2269  6.9681132e-04 5.28e-08 1.16e-03  -6.1 2.58e-04    -  1.00e+00 1.00e+00h  1
iter    objective    inf_pr   inf_du lg(mu)  ||d||  lg(rg) alpha_du alpha_pr  ls
2270  6.9530708e-04 3.38e-04 3.62e-03  -6.1 3.89e-02    -  1.00e+00 4.98e-01h  2
2271  6.8818195e-04 1.89e-04 3.54e-03  -6.1 9.18e-03    -  1.00e+00 5.00e-01h  2
2272  6.9409924e-04 5.20e-05 1.42e-03  -6.1 6.76e-03    -  1.00e+00 1.00e+00h  1
2273  6.9170552e-04 3.64e-05 1.07e-02  -6.1 1.06e-03    -  1.00e+00 3.01e-01h  2
2274  6.9152804e-04 3.32e-06 2.59e-04  -6.1 2.27e-03    -  1.00e+00 1.00e+00h  1
2275  1.0921621e-03 9.78e-03 2.20e-01  -4.0 1.11e-01    -  1.00e+00 1.00e+00f  1
2276  7.8537422e-04 2.49e-03 5.68e-02  -4.1 5.43e-02    -  1.00e+00 1.00e+00h  1
2277  7.4500649e-04 6.44e-04 1.27e-02  -4.1 3.28e-02    -  1.00e+00 1.00e+00h  1
2278  9.4762633e-04 4.86e-04 3.48e-02  -4.1 2.85e-02    -  1.00e+00 5.00e-01h  2
2279  7.0218156e-04 1.17e-05 2.41e-03  -4.1 4.17e-03    -  1.00e+00 1.00e+00h  1
iter    objective    inf_pr   inf_du lg(mu)  ||d||  lg(rg) alpha_du alpha_pr  ls
2280  6.9994985e-04 2.29e-04 5.87e-02  -4.1 1.63e-02    -  1.00e+00 1.00e+00h  1
2281  6.9927838e-04 7.81e-05 2.42e-02  -4.1 1.12e-02    -  1.00e+00 1.00e+00h  1
2282  6.9901369e-04 6.23e-05 7.17e-03  -4.1 8.99e-03    -  1.00e+00 1.00e+00h  1
2283  6.9712524e-04 6.79e-06 2.37e-03  -4.1 3.04e-03    -  1.00e+00 1.00e+00h  1
2284  6.9693306e-04 1.91e-06 2.85e-03  -4.1 1.68e-03    -  1.00e+00 1.00e+00h  1
2285  6.9690457e-04 3.38e-07 5.00e-04  -4.1 6.69e-04    -  1.00e+00 1.00e+00h  1
2286  6.9649840e-04 1.28e-07 1.12e-03  -6.1 4.10e-04    -  1.00e+00 1.00e+00h  1
2287  6.9494771e-04 1.84e-04 1.07e-02  -6.1 4.76e-02    -  1.00e+00 3.36e-01h  2
2288  6.8955278e-04 1.04e-04 1.35e-03  -6.1 7.48e-03    -  1.00e+00 5.00e-01h  2
2289  6.9045518e-04 5.90e-05 6.05e-03  -6.1 5.61e-03    -  1.00e+00 5.00e-01h  2
iter    objective    inf_pr   inf_du lg(mu)  ||d||  lg(rg) alpha_du alpha_pr  ls
2290  6.9275631e-04 7.77e-06 4.46e-04  -6.1 3.45e-03    -  1.00e+00 1.00e+00h  1
2291  6.9176945e-04 7.32e-07 2.30e-04  -6.1 9.00e-04    -  1.00e+00 1.00e+00h  1
2292  6.9164944e-04 8.29e-09 1.13e-05  -6.1 1.35e-04    -  1.00e+00 1.00e+00h  1
2293  9.6270302e-04 7.17e-03 2.51e-01  -4.0 9.98e-02    -  1.00e+00 1.00e+00f  1
2294  7.6903324e-04 1.77e-03 6.19e-02  -4.1 5.01e-02    -  1.00e+00 1.00e+00h  1
2295  7.6229978e-04 5.41e-04 1.47e-02  -4.1 2.61e-02    -  1.00e+00 1.00e+00h  1
2296  8.4188269e-04 4.18e-04 6.21e-02  -4.1 2.73e-02    -  1.00e+00 5.00e-01h  2
2297  7.0207924e-04 1.64e-06 2.32e-03  -4.1 2.49e-03    -  1.00e+00 1.00e+00h  1
2298  6.9422260e-04 3.73e-04 8.16e-02  -4.1 2.21e-02    -  1.00e+00 1.00e+00h  1
2299  6.9473156e-04 1.04e-04 1.96e-02  -4.1 1.11e-02    -  1.00e+00 1.00e+00h  1
iter    objective    inf_pr   inf_du lg(mu)  ||d||  lg(rg) alpha_du alpha_pr  ls
2300  6.9847224e-04 3.32e-05 2.56e-03  -4.1 6.66e-03    -  1.00e+00 1.00e+00h  1
2301  7.0802897e-04 3.97e-06 5.40e-03  -4.1 2.05e-03    -  1.00e+00 1.00e+00h  1
2302  6.9753568e-04 2.11e-06 1.50e-03  -4.1 1.55e-03    -  1.00e+00 1.00e+00h  1
2303  6.9770291e-04 1.77e-07 1.06e-03  -4.1 4.67e-04    -  1.00e+00 1.00e+00h  1
2304  6.9754525e-04 2.19e-08 6.90e-04  -4.1 1.53e-04    -  1.00e+00 1.00e+00h  1
2305  6.9698151e-04 6.00e-07 1.63e-03  -6.1 8.38e-04    -  1.00e+00 1.00e+00h  1
2306  7.0731602e-04 3.69e-09 9.12e-04  -6.1 9.92e-03    -  1.00e+00 1.00e+00H  1
2307  6.9942260e-04 1.39e-08 9.12e-04  -6.1 4.62e-03    -  1.00e+00 1.00e+00H  1
2308  6.9852509e-04 5.38e-09 7.74e-04  -6.1 5.49e-03    -  1.00e+00 1.00e+00H  1
2309  6.9687198e-04 2.20e-07 1.30e-03  -6.1 5.07e-03    -  1.00e+00 1.00e+00H  1
iter    objective    inf_pr   inf_du lg(mu)  ||d||  lg(rg) alpha_du alpha_pr  ls
2310  6.9329870e-04 1.28e-06 1.61e-02  -6.1 3.76e-03    -  1.00e+00 3.14e-01h  2
2311  6.9202467e-04 7.21e-06 2.39e-04  -6.1 2.61e-03    -  1.00e+00 1.00e+00h  1
2312  6.9176006e-04 1.35e-06 2.50e-04  -6.1 1.46e-03    -  1.00e+00 1.00e+00h  1
2313  6.9197227e-04 1.30e-07 2.79e-04  -6.1 1.11e-03    -  1.00e+00 1.00e+00H  1
2314  6.9173970e-04 6.93e-07 8.93e-05  -6.1 7.93e-04    -  1.00e+00 1.00e+00h  1
2315  6.9176196e-04 1.97e-07 8.07e-05  -6.1 4.99e-04    -  1.00e+00 1.00e+00h  1
2316  6.9171553e-04 2.14e-07 2.99e-05  -6.1 4.50e-04    -  1.00e+00 1.00e+00h  1
2317  6.9171753e-04 1.92e-09 8.67e-05  -6.1 5.98e-04    -  1.00e+00 1.00e+00H  1
2318  8.8979263e-04 3.03e-03 1.93e-01  -4.0 1.07e-01    -  1.00e+00 5.00e-01f  2
2319  7.3158486e-04 7.27e-04 1.95e-02  -4.1 2.91e-02    -  1.00e+00 1.00e+00h  1
iter    objective    inf_pr   inf_du lg(mu)  ||d||  lg(rg) alpha_du alpha_pr  ls
2320  7.1879922e-04 3.67e-04 5.79e-02  -4.1 3.46e-02    -  1.00e+00 5.00e-01h  2
2321  8.6137378e-04 6.73e-05 1.00e-02  -4.1 2.47e-02    -  1.00e+00 9.45e-01H  1
2322  6.9720832e-04 1.53e-03 1.66e-02  -4.1 2.99e-02    -  1.00e+00 1.00e+00f  1
2323  7.1269522e-04 1.88e-04 5.56e-03  -4.1 1.74e-02    -  1.00e+00 1.00e+00h  1
2324  7.0196015e-04 2.31e-05 4.37e-03  -4.1 5.41e-03    -  1.00e+00 1.00e+00h  1
2325  6.9464534e-04 5.19e-05 1.56e-02  -4.1 8.04e-03    -  1.00e+00 1.00e+00h  1
2326  6.9754572e-04 1.92e-05 2.29e-03  -4.1 5.22e-03    -  1.00e+00 1.00e+00h  1
2327  6.9729821e-04 2.38e-07 1.36e-03  -4.1 5.16e-04    -  1.00e+00 1.00e+00h  1
2328  6.9723449e-04 3.90e-07 1.71e-03  -4.1 7.27e-04    -  1.00e+00 1.00e+00h  1
2329  6.9734770e-04 5.27e-08 1.06e-03  -4.1 2.84e-04    -  1.00e+00 1.00e+00h  1
iter    objective    inf_pr   inf_du lg(mu)  ||d||  lg(rg) alpha_du alpha_pr  ls
2330  6.9722403e-04 2.38e-09 2.89e-04  -4.1 5.09e-05    -  1.00e+00 1.00e+00h  1
2331  6.9689904e-04 8.38e-08 1.12e-03  -6.1 3.48e-04    -  1.00e+00 1.00e+00h  1
2332  6.9535217e-04 6.89e-05 7.92e-03  -6.1 4.92e-02    -  1.00e+00 1.98e-01h  3
2333  6.9425178e-04 8.79e-06 2.50e-04  -6.1 3.42e-03    -  1.00e+00 1.00e+00h  1
2334  6.9231665e-04 1.18e-06 8.37e-04  -6.1 1.21e-03    -  1.00e+00 1.00e+00h  1
2335  6.9205405e-04 2.23e-08 2.93e-05  -6.1 1.49e-04    -  1.00e+00 1.00e+00h  1
2336  6.9207923e-04 1.35e-08 1.53e-05  -6.1 8.80e-05    -  1.00e+00 1.00e+00h  1
2337  6.9170522e-04 3.34e-06 2.71e-04  -6.1 2.36e-03    -  1.00e+00 1.00e+00h  1
2338  6.9170281e-04 3.67e-06 2.55e-03  -6.1 2.56e-02    -  1.00e+00 3.12e-02h  6
2339  6.9172612e-04 7.84e-08 1.31e-04  -6.1 3.73e-04    -  1.00e+00 1.00e+00h  1
iter    objective    inf_pr   inf_du lg(mu)  ||d||  lg(rg) alpha_du alpha_pr  ls
2340  6.9171308e-04 3.57e-08 2.37e-05  -6.1 2.23e-04    -  1.00e+00 1.00e+00h  1
2341  6.9163885e-04 1.06e-07 4.15e-05  -6.1 4.57e-04    -  1.00e+00 1.00e+00h  1
2342  8.7880202e-04 2.72e-03 7.18e-02  -4.0 1.25e-01    -  1.00e+00 5.00e-01f  2
2343  7.3549466e-04 8.59e-04 1.11e-02  -4.1 3.39e-02    -  1.00e+00 1.00e+00h  1
2344  7.1557991e-04 5.96e-04 2.34e-03  -4.1 2.74e-02    -  1.00e+00 1.00e+00h  1
2345  7.0663286e-04 2.49e-04 4.00e-03  -4.1 2.01e-02    -  1.00e+00 1.00e+00h  1
2346  6.9685273e-04 1.36e-04 9.80e-02  -4.1 3.03e-02    -  1.00e+00 4.41e-01H  1
2347  7.5110929e-04 1.15e-04 7.29e-03  -4.1 1.59e-02    -  1.00e+00 5.00e-01f  2
2348  7.1053486e-04 7.50e-05 2.09e-02  -4.1 2.10e-02    -  1.00e+00 5.00e-01h  2
2349  7.1081747e-04 1.03e-04 1.38e-02  -4.1 9.95e-03    -  1.00e+00 1.00e+00h  1
iter    objective    inf_pr   inf_du lg(mu)  ||d||  lg(rg) alpha_du alpha_pr  ls
2350  6.9797370e-04 6.16e-05 3.15e-03  -4.1 9.60e-03    -  1.00e+00 1.00e+00h  1
2351  6.9830442e-04 1.29e-05 4.08e-03  -4.1 2.92e-03    -  1.00e+00 1.00e+00h  1
2352  6.9863210e-04 3.45e-06 1.18e-02  -4.1 4.48e-03    -  1.00e+00 1.00e+00H  1
2353  6.9645445e-04 5.34e-06 4.47e-03  -4.1 3.38e-03    -  1.00e+00 1.00e+00h  1
2354  6.9771295e-04 3.55e-06 4.80e-03  -4.1 2.21e-03    -  1.00e+00 1.00e+00h  1
2355  6.9697916e-04 1.14e-06 4.28e-04  -4.1 1.16e-03    -  1.00e+00 1.00e+00h  1
2356  6.9672316e-04 3.44e-08 9.36e-04  -6.1 2.39e-04    -  1.00e+00 1.00e+00h  1
2357  6.9545295e-04 2.17e-04 2.91e-03  -6.1 1.97e-02    -  1.00e+00 1.00e+00h  1
2358  6.9181653e-04 1.29e-04 1.82e-03  -6.1 9.95e-03    -  1.00e+00 5.00e-01h  2
2359  6.9189914e-04 7.57e-05 8.79e-03  -6.1 7.17e-03    -  1.00e+00 5.00e-01h  2
iter    objective    inf_pr   inf_du lg(mu)  ||d||  lg(rg) alpha_du alpha_pr  ls
2360  6.9415393e-04 1.09e-05 4.18e-04  -6.1 4.56e-03    -  1.00e+00 1.00e+00h  1
2361  6.9162105e-04 2.17e-06 1.23e-04  -6.1 1.64e-03    -  1.00e+00 1.00e+00h  1
2362  8.7024568e-04 4.94e-03 2.34e-01  -4.0 9.05e-02    -  1.00e+00 1.00e+00f  1
2363  7.5376041e-04 1.29e-03 5.86e-02  -4.1 4.58e-02    -  1.00e+00 1.00e+00h  1
2364  7.2223272e-04 3.65e-04 1.48e-02  -4.1 2.47e-02    -  1.00e+00 1.00e+00h  1
2365  1.9053089e-03 1.71e-04 3.59e-03  -4.1 1.95e-02    -  1.00e+00 1.00e+00h  1
2366  7.0589492e-04 4.25e-05 6.25e-03  -4.1 1.07e-02    -  1.00e+00 1.00e+00h  1
2367  6.9176655e-04 9.64e-05 5.87e-03  -4.1 1.28e-02    -  1.00e+00 1.00e+00h  1
2368  7.0285411e-04 2.92e-05 3.02e-03  -4.1 7.65e-03    -  1.00e+00 1.00e+00h  1
2369  7.3985507e-04 6.66e-07 4.92e-03  -4.1 1.53e-03    -  1.00e+00 1.00e+00h  1
iter    objective    inf_pr   inf_du lg(mu)  ||d||  lg(rg) alpha_du alpha_pr  ls
2370  6.9507405e-04 8.94e-06 7.35e-03  -4.1 3.88e-03    -  1.00e+00 1.00e+00h  1
2371  6.9948735e-04 5.03e-06 3.89e-03  -4.1 3.21e-03    -  1.00e+00 1.00e+00h  1
2372  6.9676915e-04 8.99e-07 1.09e-03  -4.1 1.26e-03    -  1.00e+00 1.00e+00h  1
2373  6.9690544e-04 4.16e-08 7.02e-04  -4.1 3.70e-04    -  1.00e+00 1.00e+00h  1
2374  6.9653777e-04 1.59e-07 9.85e-04  -6.1 4.02e-04    -  1.00e+00 1.00e+00h  1
2375  6.9624964e-04 1.35e-05 4.66e-02  -6.1 1.35e-01    -  1.00e+00 3.01e-02h  4
2376  6.9312300e-04 5.43e-07 2.23e-04  -6.1 8.89e-04    -  1.00e+00 1.00e+00h  1
2377  6.9196870e-04 4.97e-07 3.37e-04  -6.1 7.43e-04    -  1.00e+00 1.00e+00h  1
2378  6.9210051e-04 8.42e-08 1.56e-04  -6.1 3.33e-04    -  1.00e+00 1.00e+00h  1
2379  6.9185316e-04 1.59e-08 2.97e-04  -6.1 1.35e-04    -  1.00e+00 1.00e+00h  1
iter    objective    inf_pr   inf_du lg(mu)  ||d||  lg(rg) alpha_du alpha_pr  ls
2380  6.9179406e-04 8.28e-09 4.51e-05  -6.1 1.17e-04    -  1.00e+00 1.00e+00h  1
2381  6.9157826e-04 8.42e-07 1.44e-04  -6.1 1.12e-03    -  1.00e+00 1.00e+00h  1
2382  1.0398081e-03 7.37e-03 2.47e-01  -4.0 1.07e-01    -  1.00e+00 1.00e+00f  1
2383  7.7278954e-04 2.04e-03 6.08e-02  -4.1 5.50e-02    -  1.00e+00 1.00e+00h  1
2384  1.0461373e-03 6.45e-04 8.27e-03  -4.1 2.59e-02    -  1.00e+00 1.00e+00h  1
2385  7.1316901e-04 1.30e-04 6.17e-03  -4.1 1.41e-02    -  1.00e+00 1.00e+00h  1
2386  6.9645655e-04 1.93e-04 8.59e-03  -4.1 1.45e-02    -  1.00e+00 1.00e+00h  1
2387  6.9749765e-04 1.34e-04 8.33e-03  -4.1 1.26e-02    -  1.00e+00 1.00e+00h  1
2388  7.1347568e-04 9.29e-05 8.03e-03  -4.1 1.10e-02    -  1.00e+00 1.00e+00h  1
2389  6.9509896e-04 3.47e-05 4.09e-03  -4.1 7.23e-03    -  1.00e+00 1.00e+00h  1
iter    objective    inf_pr   inf_du lg(mu)  ||d||  lg(rg) alpha_du alpha_pr  ls
2390  7.0021009e-04 1.62e-05 5.82e-03  -4.1 4.43e-03    -  1.00e+00 1.00e+00h  1
2391  6.9655269e-04 3.51e-06 2.57e-03  -4.1 2.42e-03    -  1.00e+00 1.00e+00h  1
2392  6.9698003e-04 6.84e-07 2.15e-03  -4.1 9.14e-04    -  1.00e+00 1.00e+00h  1
2393  6.9701591e-04 1.60e-08 1.44e-03  -4.1 8.26e-04    -  1.00e+00 1.00e+00H  1
2394  6.9680853e-04 1.26e-07 3.40e-04  -4.1 3.26e-04    -  1.00e+00 1.00e+00h  1
2395  6.9656158e-04 3.98e-08 1.14e-03  -6.1 2.59e-04    -  1.00e+00 1.00e+00h  1
2396  6.8835900e-04 2.00e-04 1.13e-02  -6.1 6.25e-02    -  1.00e+00 2.99e-01h  2
2397  6.8892465e-04 1.12e-04 1.50e-03  -6.1 9.00e-03    -  1.00e+00 5.00e-01h  2
2398  6.9124443e-04 6.24e-05 4.85e-03  -6.1 6.68e-03    -  1.00e+00 5.00e-01h  2
2399  6.9101999e-04 1.18e-05 4.47e-04  -6.1 4.19e-03    -  1.00e+00 1.00e+00h  1
iter    objective    inf_pr   inf_du lg(mu)  ||d||  lg(rg) alpha_du alpha_pr  ls
2400  9.3397421e-04 9.78e-03 2.48e-01  -4.0 1.31e-01    -  1.00e+00 1.00e+00f  1
2401  7.7432520e-04 2.67e-03 6.15e-02  -4.1 6.56e-02    -  1.00e+00 1.00e+00h  1
2402  7.2874322e-04 7.00e-04 1.54e-02  -4.1 3.41e-02    -  1.00e+00 1.00e+00h  1
2403  7.9464321e-04 2.98e-04 1.43e-03  -4.1 2.18e-02    -  1.00e+00 1.00e+00h  1
2404  7.8591657e-04 1.16e-04 7.96e-03  -4.1 1.44e-02    -  1.00e+00 1.00e+00h  1
2405  7.1128596e-04 1.29e-04 3.27e-03  -4.1 1.48e-02    -  1.00e+00 1.00e+00h  1
2406  6.9971689e-04 1.72e-05 3.12e-03  -4.1 5.33e-03    -  1.00e+00 1.00e+00h  1
2407  7.0658237e-04 3.73e-05 1.44e-02  -4.1 7.55e-03    -  1.00e+00 1.00e+00h  1
2408  7.0115381e-04 1.68e-05 1.34e-03  -4.1 5.06e-03    -  1.00e+00 1.00e+00h  1
2409  6.9729553e-04 8.62e-08 1.33e-03  -4.1 4.81e-04    -  1.00e+00 1.00e+00h  1
iter    objective    inf_pr   inf_du lg(mu)  ||d||  lg(rg) alpha_du alpha_pr  ls
2410  6.9742742e-04 2.41e-07 8.37e-04  -4.1 6.14e-04    -  1.00e+00 1.00e+00h  1
2411  6.9720275e-04 2.13e-08 3.68e-04  -4.1 2.26e-04    -  1.00e+00 1.00e+00h  1
2412  6.9693692e-04 5.17e-08 9.54e-04  -6.1 2.49e-04    -  1.00e+00 1.00e+00h  1
2413  6.9387404e-04 2.61e-05 2.13e-03  -6.1 2.54e-02    -  1.00e+00 2.50e-01h  3
2414  6.9175222e-04 2.06e-05 1.98e-02  -6.1 3.82e-03    -  1.00e+00 2.36e-01h  2
2415  6.9162206e-04 1.04e-05 4.78e-03  -6.1 2.09e-03    -  1.00e+00 5.00e-01h  2
2416  6.9178550e-04 3.95e-07 4.17e-04  -6.1 7.84e-04    -  1.00e+00 1.00e+00h  1
2417  6.9169897e-04 9.55e-09 1.89e-05  -6.1 2.13e-04    -  1.00e+00 1.00e+00h  1
2418  9.4372070e-04 7.49e-03 2.02e-01  -4.0 1.01e-01    -  1.00e+00 1.00e+00f  1
2419  7.6458411e-04 2.03e-03 5.06e-02  -4.1 5.20e-02    -  1.00e+00 1.00e+00h  1
iter    objective    inf_pr   inf_du lg(mu)  ||d||  lg(rg) alpha_du alpha_pr  ls
2420  7.5107794e-04 6.70e-04 1.25e-02  -4.1 2.96e-02    -  1.00e+00 1.00e+00h  1
2421  8.9759349e-04 4.55e-04 4.19e-02  -4.1 2.74e-02    -  1.00e+00 5.00e-01h  2
2422  7.0304075e-04 1.27e-05 1.45e-03  -4.1 5.32e-03    -  1.00e+00 1.00e+00h  1
2423  6.9557842e-04 1.90e-04 5.50e-02  -4.1 1.59e-02    -  1.00e+00 1.00e+00h  1
2424  6.9661172e-04 6.89e-05 1.36e-02  -4.1 9.15e-03    -  1.00e+00 1.00e+00h  1
2425  7.1510721e-04 3.69e-05 6.49e-03  -4.1 6.98e-03    -  1.00e+00 1.00e+00h  1
2426  7.0138540e-04 4.69e-06 6.31e-03  -4.1 2.85e-03    -  1.00e+00 1.00e+00h  1
2427  6.9722109e-04 3.37e-06 2.27e-03  -4.1 1.97e-03    -  1.00e+00 1.00e+00h  1
2428  6.9764024e-04 1.08e-06 1.91e-03  -4.1 1.16e-03    -  1.00e+00 1.00e+00h  1
2429  6.9745026e-04 3.29e-07 2.24e-03  -4.1 6.06e-04    -  1.00e+00 1.00e+00h  1
iter    objective    inf_pr   inf_du lg(mu)  ||d||  lg(rg) alpha_du alpha_pr  ls
2430  6.9728683e-04 8.21e-08 1.33e-03  -4.1 3.68e-04    -  1.00e+00 1.00e+00h  1
2431  6.9718246e-04 3.25e-11 6.70e-04  -4.1 2.71e-04    -  1.00e+00 1.00e+00H  1
2432  6.9704403e-04 1.58e-06 6.06e-03  -4.0 1.53e-03    -  1.00e+00 1.00e+00h  1
2433  7.0245070e-04 4.40e-08 1.59e-02  -4.1 3.09e-03    -  1.00e+00 1.00e+00H  1
2434  6.9731042e-04 5.28e-06 2.12e-03  -4.1 2.81e-03    -  1.00e+00 1.00e+00h  1
2435  7.0869246e-04 3.74e-09 1.22e-02  -4.1 2.89e-03    -  1.00e+00 1.00e+00H  1
2436  6.9675732e-04 4.75e-06 8.43e-04  -4.1 2.50e-03    -  1.00e+00 1.00e+00h  1
2437  6.9716009e-04 9.29e-08 2.24e-03  -4.1 5.11e-04    -  1.00e+00 1.00e+00h  1
2438  6.9684837e-04 6.02e-08 1.10e-04  -4.1 3.73e-04    -  1.00e+00 1.00e+00h  1
2439  6.9662278e-04 5.36e-08 1.02e-03  -6.1 2.21e-04    -  1.00e+00 1.00e+00h  1
iter    objective    inf_pr   inf_du lg(mu)  ||d||  lg(rg) alpha_du alpha_pr  ls
2440  6.9237669e-04 3.00e-04 3.71e-03  -6.1 4.04e-02    -  1.00e+00 4.94e-01h  2
2441  6.8925591e-04 1.74e-04 2.14e-03  -6.1 9.05e-03    -  1.00e+00 5.00e-01h  2
2442  6.9223025e-04 5.50e-05 2.82e-03  -6.1 9.19e-03    -  1.00e+00 1.00e+00h  1
2443  6.9274021e-04 2.72e-05 3.96e-03  -6.1 2.62e-03    -  1.00e+00 5.00e-01h  2
2444  6.9156572e-04 5.27e-06 1.75e-04  -6.1 2.32e-03    -  1.00e+00 1.00e+00h  1
2445  6.9293813e-04 1.67e-06 3.56e-04  -6.1 1.61e-03    -  1.00e+00 1.00e+00h  1
2446  6.9184677e-04 1.46e-06 6.24e-05  -6.1 1.50e-03    -  1.00e+00 1.00e+00h  1
2447  6.9178138e-04 2.58e-08 2.82e-05  -6.1 1.76e-04    -  1.00e+00 1.00e+00h  1
2448  7.1638743e-04 2.15e-08 1.44e-03  -6.1 9.19e-03    -  1.00e+00 1.00e+00H  1
2449  6.9139436e-04 3.11e-05 3.66e-04  -6.1 6.84e-03    -  1.00e+00 1.00e+00h  1
iter    objective    inf_pr   inf_du lg(mu)  ||d||  lg(rg) alpha_du alpha_pr  ls
2450  6.9158144e-04 7.33e-07 6.83e-05  -6.1 8.53e-04    -  1.00e+00 1.00e+00h  1
2451  9.1471549e-04 2.30e-03 1.80e-01  -4.0 9.24e-02    -  1.00e+00 5.00e-01f  2
2452  7.3223765e-04 1.08e-03 1.69e-02  -4.1 3.28e-02    -  1.00e+00 1.00e+00h  1
2453  1.2427886e-03 2.73e-04 1.22e-02  -4.1 2.90e-02    -  1.00e+00 1.00e+00h  1
2454  7.1066805e-04 6.35e-04 1.15e-02  -4.1 3.49e-02    -  1.00e+00 1.00e+00h  1
2455  7.3528780e-04 1.16e-03 2.19e-02  -4.1 3.22e-02    -  1.00e+00 1.00e+00h  1
2456  8.3101876e-04 4.51e-04 1.39e-02  -4.1 2.55e-02    -  1.00e+00 1.00e+00h  1
2457  8.4260837e-04 4.32e-04 2.03e-02  -4.1 2.07e-02    -  1.00e+00 1.00e+00h  1
2458  7.0192135e-04 2.56e-04 7.63e-03  -4.1 1.50e-02    -  1.00e+00 1.00e+00h  1
2459  6.9709638e-04 2.17e-04 1.25e-02  -4.1 1.76e-02    -  1.00e+00 1.00e+00h  1
iter    objective    inf_pr   inf_du lg(mu)  ||d||  lg(rg) alpha_du alpha_pr  ls
2460  6.9771156e-04 1.27e-04 2.70e-03  -4.1 1.41e-02    -  1.00e+00 1.00e+00h  1
2461  6.9730172e-04 1.81e-05 2.98e-03  -4.1 5.20e-03    -  1.00e+00 1.00e+00h  1
2462  6.9743516e-04 4.44e-06 1.08e-02  -4.1 4.22e-03    -  1.00e+00 1.00e+00H  1
2463  6.9883896e-04 9.34e-06 7.06e-03  -4.1 3.73e-03    -  1.00e+00 1.00e+00h  1
2464  6.9695307e-04 1.73e-05 8.64e-03  -4.1 5.19e-03    -  1.00e+00 1.00e+00h  1
2465  6.9725512e-04 6.99e-06 8.18e-04  -4.1 3.45e-03    -  1.00e+00 1.00e+00h  1
2466  6.9710461e-04 4.85e-08 6.68e-04  -4.1 2.33e-04    -  1.00e+00 1.00e+00h  1
2467  6.9690726e-04 4.07e-08 8.02e-04  -6.1 1.84e-04    -  1.00e+00 1.00e+00h  1
2468  6.9587722e-04 2.86e-06 5.81e-04  -6.1 1.63e-03    -  1.00e+00 1.00e+00h  1
2469  6.9370504e-04 1.32e-05 5.03e-03  -6.1 9.51e-03    -  1.00e+00 4.29e-01h  2
iter    objective    inf_pr   inf_du lg(mu)  ||d||  lg(rg) alpha_du alpha_pr  ls
2470  6.9213752e-04 1.54e-06 1.86e-04  -6.1 1.53e-03    -  1.00e+00 1.00e+00h  1
2471  6.9205721e-04 2.02e-07 1.62e-04  -6.1 5.32e-04    -  1.00e+00 1.00e+00h  1
2472  6.9191693e-04 5.11e-07 7.39e-05  -6.1 8.44e-04    -  1.00e+00 1.00e+00h  1
2473  6.9175779e-04 1.27e-05 5.53e-04  -6.1 3.14e-03    -  1.00e+00 1.00e+00h  1
2474  6.9148816e-04 1.03e-06 2.18e-04  -6.1 1.31e-03    -  1.00e+00 1.00e+00h  1
2475  9.8733652e-04 9.23e-03 9.18e-02  -4.0 1.18e-01    -  1.00e+00 1.00e+00f  1
2476  8.4718161e-04 2.81e-03 2.38e-02  -4.1 5.98e-02    -  1.00e+00 1.00e+00h  1
2477  2.9252475e-03 1.51e-03 2.12e-02  -4.1 4.07e-02    -  7.70e-01 1.00e+00h  1
2478  9.2021177e-04 1.16e-03 1.24e-02  -4.1 3.78e-02    -  1.00e+00 7.07e-01h  1
2479  7.6540847e-04 1.10e-03 4.66e-03  -4.1 3.86e-02    -  1.00e+00 1.00e+00f  1
iter    objective    inf_pr   inf_du lg(mu)  ||d||  lg(rg) alpha_du alpha_pr  ls
2480  1.1981832e-03 1.10e-03 5.60e-02  -4.1 4.71e-02    -  1.00e+00 4.76e-01H  1
2481  7.4044124e-04 4.22e-04 1.32e-02  -4.1 2.13e-02    -  1.00e+00 1.00e+00f  1
2482  7.0815127e-04 3.07e-04 6.81e-03  -4.1 2.04e-02    -  1.00e+00 1.00e+00h  1
2483  7.0833561e-04 1.53e-05 2.47e-03  -4.1 3.85e-03    -  1.00e+00 1.00e+00h  1
2484  7.0038154e-04 7.09e-05 2.62e-02  -4.1 9.37e-03    -  1.00e+00 1.00e+00h  1
2485  7.0033460e-04 3.13e-05 4.90e-03  -4.1 5.58e-03    -  1.00e+00 1.00e+00h  1
2486  7.0683898e-04 2.68e-05 2.46e-02  -4.1 5.44e-03    -  1.00e+00 1.00e+00H  1
2487  7.0155103e-04 1.65e-05 4.76e-03  -4.1 4.59e-03    -  1.00e+00 1.00e+00h  1
2488  6.9923261e-04 5.52e-06 4.29e-03  -4.1 2.75e-03    -  1.00e+00 1.00e+00h  1
2489  6.9927722e-04 1.02e-06 1.31e-03  -4.1 9.94e-04    -  1.00e+00 1.00e+00h  1
iter    objective    inf_pr   inf_du lg(mu)  ||d||  lg(rg) alpha_du alpha_pr  ls
2490  6.9895337e-04 4.02e-08 6.79e-04  -4.1 1.90e-04    -  1.00e+00 1.00e+00h  1
2491  6.9716490e-04 2.75e-06 1.90e-03  -6.1 2.00e-03    -  1.00e+00 1.00e+00h  1
2492  6.9657501e-04 1.51e-05 1.09e-03  -6.1 1.67e-02    -  1.00e+00 2.50e-01h  3
2493  7.2336139e-04 1.55e-08 1.77e-03  -6.1 9.94e-03    -  1.00e+00 1.00e+00H  1
2494  6.9443109e-04 3.98e-05 1.55e-03  -6.1 7.43e-03    -  1.00e+00 1.00e+00h  1
2495  6.9407434e-04 2.77e-06 1.57e-03  -6.1 1.71e-03    -  1.00e+00 1.00e+00h  1
2496  6.9239845e-04 2.15e-06 7.18e-04  -6.1 1.47e-03    -  1.00e+00 1.00e+00h  1
2497  6.9185220e-04 2.45e-06 2.34e-04  -6.1 1.61e-03    -  1.00e+00 1.00e+00h  1
2498  6.9175049e-04 1.59e-06 1.96e-04  -6.1 1.58e-03    -  1.00e+00 1.00e+00h  1
2499  6.9254078e-04 6.95e-08 4.01e-04  -6.1 2.42e-03    -  1.00e+00 1.00e+00H  1
iter    objective    inf_pr   inf_du lg(mu)  ||d||  lg(rg) alpha_du alpha_pr  ls
2500  6.9140757e-04 2.75e-06 1.57e-04  -6.1 1.56e-03    -  1.00e+00 1.00e+00h  1
2501  9.7620588e-04 7.37e-03 1.94e-01  -4.0 1.02e-01    -  1.00e+00 1.00e+00f  1
2502  7.9591843e-04 2.08e-03 4.67e-02  -4.1 5.36e-02    -  1.00e+00 1.00e+00h  1
2503  1.0754797e-03 7.52e-04 6.78e-03  -4.1 3.58e-02    -  1.00e+00 1.00e+00h  1
2504  7.8622580e-04 1.50e-04 6.69e-03  -4.1 1.39e-02    -  1.00e+00 1.00e+00h  1
2505  6.9457892e-04 2.18e-04 6.02e-03  -4.1 1.64e-02    -  1.00e+00 1.00e+00h  1
2506  7.0506892e-04 7.29e-05 6.31e-03  -4.1 1.11e-02    -  1.00e+00 1.00e+00h  1
2507  6.9752207e-04 4.18e-05 6.84e-03  -4.1 7.12e-03    -  1.00e+00 1.00e+00h  1
2508  6.9841636e-04 2.28e-05 7.75e-03  -4.1 4.70e-03    -  1.00e+00 1.00e+00h  1
2509  6.9959335e-04 1.35e-05 8.59e-03  -4.1 4.86e-03    -  1.00e+00 1.00e+00h  1
iter    objective    inf_pr   inf_du lg(mu)  ||d||  lg(rg) alpha_du alpha_pr  ls
2510  6.9628559e-04 6.25e-06 3.68e-03  -4.1 2.47e-03    -  1.00e+00 1.00e+00h  1
2511  6.9747335e-04 1.39e-06 8.84e-04  -4.1 1.40e-03    -  1.00e+00 1.00e+00h  1
2512  6.9715050e-04 1.52e-07 4.02e-04  -4.1 3.39e-04    -  1.00e+00 1.00e+00h  1
2513  6.9678537e-04 7.59e-08 1.40e-03  -6.1 3.10e-04    -  1.00e+00 1.00e+00h  1
2514  6.9506997e-04 1.88e-05 7.82e-03  -6.1 4.31e-02    -  1.00e+00 1.12e-01h  4
2515  6.9231306e-04 1.14e-06 3.04e-04  -6.1 1.35e-03    -  1.00e+00 1.00e+00h  1
2516  6.9194656e-04 5.81e-07 6.13e-04  -6.1 9.15e-04    -  1.00e+00 1.00e+00h  1
2517  6.9188399e-04 9.68e-09 1.28e-04  -6.1 1.27e-04    -  1.00e+00 1.00e+00h  1
2518  6.9184788e-04 9.07e-09 9.83e-05  -6.1 8.90e-05    -  1.00e+00 1.00e+00h  1
2519  6.9172589e-04 2.42e-06 1.01e-04  -6.1 1.38e-03    -  1.00e+00 1.00e+00h  1
iter    objective    inf_pr   inf_du lg(mu)  ||d||  lg(rg) alpha_du alpha_pr  ls
2520  6.9254024e-04 4.17e-09 4.03e-04  -6.1 2.12e-03    -  1.00e+00 1.00e+00H  1
2521  6.9138646e-04 5.52e-06 9.08e-05  -6.1 1.79e-03    -  1.00e+00 1.00e+00h  1
2522  8.5858802e-04 1.95e-03 2.12e-01  -4.0 1.04e-01    -  1.00e+00 5.00e-01f  2
2523  7.4396025e-04 6.73e-04 1.64e-02  -4.1 3.02e-02    -  1.00e+00 1.00e+00h  1
2524  7.2477497e-04 5.79e-04 2.68e-03  -4.1 2.87e-02    -  1.00e+00 1.00e+00h  1
2525  1.6466237e-03 3.05e-04 4.24e-03  -4.1 2.04e-02    -  1.00e+00 1.00e+00h  1
2526  6.9981441e-04 1.64e-04 6.58e-03  -4.1 1.62e-02    -  1.00e+00 1.00e+00h  1
2527  6.9947797e-04 1.78e-04 1.71e-02  -4.1 1.90e-02    -  1.00e+00 5.00e-01h  2
2528  6.9325641e-04 4.89e-05 1.09e-02  -4.1 7.38e-03    -  1.00e+00 1.00e+00h  1
2529  6.9766615e-04 3.90e-05 3.79e-03  -4.1 7.18e-03    -  1.00e+00 1.00e+00h  1
iter    objective    inf_pr   inf_du lg(mu)  ||d||  lg(rg) alpha_du alpha_pr  ls
2530  6.9666882e-04 1.03e-05 4.97e-03  -4.1 2.59e-03    -  1.00e+00 1.00e+00h  1
2531  6.9649640e-04 7.57e-06 2.86e-03  -4.1 2.74e-03    -  1.00e+00 1.00e+00h  1
2532  6.9728523e-04 5.80e-07 1.56e-03  -4.1 1.16e-03    -  1.00e+00 1.00e+00h  1
2533  6.9671549e-04 1.91e-07 4.77e-04  -4.1 5.11e-04    -  1.00e+00 1.00e+00h  1
2534  6.9644042e-04 6.11e-08 1.22e-03  -6.1 2.73e-04    -  1.00e+00 1.00e+00h  1
2535  6.9479158e-04 3.22e-06 7.65e-04  -6.1 2.04e-03    -  1.00e+00 1.00e+00h  1
2536  6.9183293e-04 9.15e-06 5.42e-03  -6.1 8.09e-03    -  1.00e+00 4.18e-01h  2
2537  6.9118454e-04 5.57e-06 1.64e-02  -6.1 1.92e-03    -  1.00e+00 3.80e-01h  2
2538  8.3969545e-04 4.48e-03 6.42e-02  -4.0 8.37e-02    -  1.00e+00 1.00e+00f  1
2539  7.3813176e-04 1.29e-03 1.59e-02  -4.1 4.37e-02    -  1.00e+00 1.00e+00h  1
iter    objective    inf_pr   inf_du lg(mu)  ||d||  lg(rg) alpha_du alpha_pr  ls
2540  7.9007883e-04 4.04e-04 2.87e-03  -4.1 2.58e-02    -  1.00e+00 1.00e+00h  1
2541  7.3234552e-04 8.67e-04 8.98e-03  -4.1 3.63e-02    -  1.00e+00 1.00e+00h  1
2542  7.2888850e-04 3.24e-04 1.47e-03  -4.1 2.23e-02    -  1.00e+00 1.00e+00h  1
2543  7.0068187e-04 3.26e-04 1.34e-02  -4.1 5.93e-02    -  1.00e+00 1.25e-01h  4
2544  6.9304475e-04 1.70e-05 9.95e-04  -4.1 5.29e-03    -  1.00e+00 1.00e+00h  1
2545  7.7676565e-04 2.58e-04 3.66e-02  -4.1 1.99e-02    -  1.00e+00 1.00e+00h  1
2546  7.3343333e-04 8.98e-05 1.05e-02  -4.1 1.04e-02    -  1.00e+00 1.00e+00h  1
2547  6.9874614e-04 5.26e-05 7.26e-03  -4.1 9.23e-03    -  1.00e+00 1.00e+00h  1
2548  6.9794445e-04 1.53e-05 2.58e-03  -4.1 4.72e-03    -  1.00e+00 1.00e+00h  1
2549  6.9599247e-04 2.70e-06 2.83e-03  -4.1 2.10e-03    -  1.00e+00 1.00e+00h  1
iter    objective    inf_pr   inf_du lg(mu)  ||d||  lg(rg) alpha_du alpha_pr  ls
2550  6.9684396e-04 8.16e-07 1.48e-03  -4.1 1.20e-03    -  1.00e+00 1.00e+00h  1
2551  6.9676707e-04 7.66e-08 7.21e-04  -4.1 3.61e-04    -  1.00e+00 1.00e+00h  1
2552  6.9649472e-04 4.68e-08 1.06e-03  -6.1 2.74e-04    -  1.00e+00 1.00e+00h  1
2553  6.9211920e-04 7.39e-05 5.01e-02  -6.1 2.25e-01    -  1.00e+00 4.89e-02h  3
2554  6.9214994e-04 4.12e-05 6.35e-03  -6.1 5.13e-03    -  1.00e+00 5.00e-01h  2
2555  6.9546376e-04 6.86e-06 4.59e-04  -6.1 3.47e-03    -  1.00e+00 1.00e+00h  1
2556  6.9106300e-04 2.47e-07 8.77e-05  -6.1 5.99e-04    -  1.00e+00 1.00e+00h  1
2557  8.7277458e-04 6.89e-03 1.79e-01  -4.0 1.07e-01    -  1.00e+00 1.00e+00f  1
2558  7.5640688e-04 1.85e-03 4.50e-02  -4.1 5.39e-02    -  1.00e+00 1.00e+00h  1
2559  7.2004954e-04 4.87e-04 1.13e-02  -4.1 2.85e-02    -  1.00e+00 1.00e+00h  1
iter    objective    inf_pr   inf_du lg(mu)  ||d||  lg(rg) alpha_du alpha_pr  ls
2560  9.3128347e-04 3.59e-04 2.05e-03  -4.1 2.15e-02    -  1.00e+00 1.00e+00h  1
2561  6.9741406e-04 1.75e-05 2.08e-03  -4.1 4.11e-03    -  1.00e+00 1.00e+00h  1
2562  6.9678662e-04 1.18e-06 3.12e-03  -4.1 1.03e-03    -  1.00e+00 1.00e+00h  1
2563  6.9869982e-04 2.51e-06 5.74e-03  -4.1 2.01e-03    -  1.00e+00 1.00e+00h  1
2564  6.9710187e-04 2.46e-06 3.50e-03  -4.1 2.06e-03    -  1.00e+00 1.00e+00h  1
2565  6.9680320e-04 1.01e-06 1.93e-03  -4.1 1.05e-03    -  1.00e+00 1.00e+00h  1
2566  6.9700792e-04 1.86e-07 2.24e-04  -4.1 3.95e-04    -  1.00e+00 1.00e+00h  1
2567  6.9676782e-04 2.67e-08 1.10e-03  -6.1 2.27e-04    -  1.00e+00 1.00e+00h  1
2568  6.9613311e-04 3.62e-06 2.22e-02  -6.1 9.17e-02    -  1.00e+00 2.87e-02h  5
2569  6.9294590e-04 4.58e-06 1.69e-02  -6.1 4.83e-03    -  1.00e+00 4.72e-01h  2
iter    objective    inf_pr   inf_du lg(mu)  ||d||  lg(rg) alpha_du alpha_pr  ls
2570  6.9406054e-04 2.67e-06 9.37e-03  -6.1 2.16e-03    -  1.00e+00 5.00e-01h  2
2571  6.9169124e-04 1.87e-07 8.72e-05  -6.1 5.29e-04    -  1.00e+00 1.00e+00h  1
2572  6.9154610e-04 9.41e-09 2.02e-05  -6.1 9.72e-05    -  1.00e+00 1.00e+00h  1
2573  8.6825181e-04 4.16e-03 1.75e-01  -4.0 9.11e-02    -  1.00e+00 1.00e+00f  1
2574  7.4639078e-04 1.12e-03 4.34e-02  -4.1 4.61e-02    -  1.00e+00 1.00e+00h  1
2575  7.1715181e-04 3.05e-04 1.16e-02  -4.1 2.39e-02    -  1.00e+00 1.00e+00h  1
2576  1.7760101e-03 2.04e-04 2.98e-03  -4.1 2.04e-02    -  1.00e+00 1.00e+00h  1
2577  7.0160474e-04 3.21e-05 4.09e-03  -4.1 9.16e-03    -  1.00e+00 1.00e+00h  1
2578  6.8878874e-04 7.85e-05 1.35e-02  -4.1 1.23e-02    -  1.00e+00 1.00e+00h  1
2579  6.9780770e-04 3.43e-05 2.90e-03  -4.1 9.36e-03    -  1.00e+00 1.00e+00h  1
iter    objective    inf_pr   inf_du lg(mu)  ||d||  lg(rg) alpha_du alpha_pr  ls
2580  7.4787755e-04 3.72e-05 1.10e-02  -4.1 5.68e-03    -  1.00e+00 1.00e+00h  1
2581  6.9637879e-04 2.84e-05 1.94e-03  -4.1 4.78e-03    -  1.00e+00 1.00e+00h  1
2582  6.9743158e-04 1.74e-06 2.85e-03  -4.1 1.34e-03    -  1.00e+00 1.00e+00h  1
2583  6.9681899e-04 2.07e-07 5.98e-04  -4.1 6.74e-04    -  1.00e+00 1.00e+00h  1
2584  6.9650441e-04 6.15e-08 1.15e-03  -6.1 3.97e-04    -  1.00e+00 1.00e+00h  1
2585  6.9557892e-04 8.84e-06 1.62e-02  -6.1 4.98e-02    -  1.00e+00 8.13e-02h  4
2586  6.9229216e-04 8.17e-06 1.75e-02  -6.1 4.45e-03    -  1.00e+00 4.30e-01h  2
2587  6.9236747e-04 1.20e-06 5.71e-04  -6.1 1.28e-03    -  1.00e+00 1.00e+00h  1
2588  6.9150088e-04 1.71e-07 4.74e-05  -6.1 4.31e-04    -  1.00e+00 1.00e+00h  1
2589  8.8955171e-04 6.35e-03 2.10e-01  -4.0 1.23e-01    -  1.00e+00 1.00e+00f  1
iter    objective    inf_pr   inf_du lg(mu)  ||d||  lg(rg) alpha_du alpha_pr  ls
2590  7.6263185e-04 1.52e-03 5.20e-02  -4.1 6.35e-02    -  1.00e+00 1.00e+00h  1
2591  9.2864788e-04 9.45e-04 2.16e-02  -4.1 3.62e-02    -  1.00e+00 1.00e+00h  1
2592  7.0720105e-04 1.18e-03 9.28e-02  -4.1 5.50e-02    -  1.00e+00 5.08e-01H  1
2593  7.1772550e-04 2.22e-04 8.95e-03  -4.1 2.37e-02    -  1.00e+00 1.00e+00f  1
2594  7.2383005e-04 1.80e-04 5.71e-02  -4.1 2.73e-02    -  1.00e+00 5.00e-01h  2
2595  7.0344560e-04 3.14e-05 1.52e-03  -4.1 8.33e-03    -  1.00e+00 1.00e+00h  1
2596  6.9810940e-04 2.62e-05 9.11e-03  -4.1 6.83e-03    -  1.00e+00 1.00e+00h  1
2597  7.0044467e-04 2.56e-05 6.54e-03  -4.1 7.78e-03    -  1.00e+00 1.00e+00h  1
2598  7.0054288e-04 6.77e-06 3.17e-03  -4.1 3.64e-03    -  1.00e+00 1.00e+00h  1
2599  6.9669888e-04 4.83e-07 1.06e-03  -4.1 8.50e-04    -  1.00e+00 1.00e+00h  1
iter    objective    inf_pr   inf_du lg(mu)  ||d||  lg(rg) alpha_du alpha_pr  ls
2600  6.9684292e-04 3.10e-08 6.99e-04  -4.1 2.29e-04    -  1.00e+00 1.00e+00h  1
2601  6.9659639e-04 3.78e-08 7.11e-04  -6.1 2.62e-04    -  1.00e+00 1.00e+00h  1
2602  6.8973467e-04 5.20e-04 7.43e-04  -6.1 2.91e-02    -  1.00e+00 1.00e+00h  1
2603  6.7971049e-04 3.03e-04 2.48e-03  -6.1 1.58e-02    -  1.00e+00 5.00e-01h  2
2604  8.0341511e-04 1.80e-03 2.01e-03  -4.0 5.72e-02    -  1.00e+00 1.00e+00h  1
2605  7.6404011e-04 5.99e-04 1.33e-03  -4.1 3.38e-02    -  1.00e+00 1.00e+00h  1
2606  7.0642460e-04 2.22e-04 2.47e-01  -4.1 1.03e-01    -  1.00e+00 9.79e-02H  1
2607  6.9290871e-04 6.93e-05 7.36e-04  -4.1 1.11e-02    -  1.00e+00 1.00e+00f  1
2608  6.9212036e-04 1.25e-06 1.86e-04  -6.1 1.29e-03    -  1.00e+00 1.00e+00h  1
2609  6.9201224e-04 4.38e-07 1.83e-04  -6.1 7.08e-04    -  1.00e+00 1.00e+00h  1
iter    objective    inf_pr   inf_du lg(mu)  ||d||  lg(rg) alpha_du alpha_pr  ls
2610  6.9147230e-04 1.50e-07 2.45e-05  -6.1 4.59e-04    -  1.00e+00 1.00e+00h  1
2611  8.3311385e-04 3.93e-03 3.65e-01  -4.0 8.60e-02    -  1.00e+00 1.00e+00f  1
2612  7.4343173e-04 9.79e-04 9.16e-02  -4.1 4.27e-02    -  1.00e+00 1.00e+00h  1
2613  7.6618040e-04 2.75e-04 1.80e-02  -4.1 2.44e-02    -  1.00e+00 1.00e+00h  1
2614  1.0755640e-03 1.72e-04 2.22e-03  -4.1 1.72e-02    -  1.00e+00 1.00e+00h  1
2615  7.0439853e-04 5.89e-05 7.57e-03  -4.1 9.50e-03    -  1.00e+00 1.00e+00h  1
2616  6.9386715e-04 5.59e-05 5.91e-03  -4.1 9.84e-03    -  1.00e+00 1.00e+00h  1
2617  6.9831172e-04 1.18e-05 3.81e-03  -4.1 5.37e-03    -  1.00e+00 1.00e+00h  1
2618  6.9659971e-04 3.15e-06 4.08e-03  -4.1 2.10e-03    -  1.00e+00 1.00e+00h  1
2619  6.9662279e-04 1.45e-06 2.65e-03  -4.1 1.12e-03    -  1.00e+00 1.00e+00h  1
iter    objective    inf_pr   inf_du lg(mu)  ||d||  lg(rg) alpha_du alpha_pr  ls
2620  6.9675319e-04 1.32e-07 7.82e-04  -4.1 4.78e-04    -  1.00e+00 1.00e+00h  1
2621  6.9643404e-04 4.27e-08 1.25e-03  -6.1 3.38e-04    -  1.00e+00 1.00e+00h  1
2622  6.9238800e-04 4.22e-05 1.67e-02  -6.1 7.97e-02    -  1.00e+00 1.29e-01h  3
2623  6.9337971e-04 6.66e-06 2.83e-04  -6.1 3.83e-03    -  1.00e+00 1.00e+00h  1
2624  6.9214405e-04 1.08e-06 6.11e-04  -6.1 1.37e-03    -  1.00e+00 1.00e+00h  1
2625  6.9218695e-04 4.45e-08 2.36e-04  -6.1 3.10e-04    -  1.00e+00 1.00e+00h  1
2626  6.9152045e-04 1.94e-08 1.25e-04  -6.1 1.67e-04    -  1.00e+00 1.00e+00h  1
2627  8.7078654e-04 4.19e-03 2.24e-01  -4.0 1.03e-01    -  1.00e+00 1.00e+00f  1
2628  7.5114283e-04 1.08e-03 5.52e-02  -4.1 5.19e-02    -  1.00e+00 1.00e+00h  1
2629  7.6990386e-04 3.18e-04 1.31e-02  -4.1 2.68e-02    -  1.00e+00 1.00e+00h  1
iter    objective    inf_pr   inf_du lg(mu)  ||d||  lg(rg) alpha_du alpha_pr  ls
2630  7.9903780e-04 2.09e-04 5.51e-02  -4.1 2.89e-02    -  1.00e+00 5.00e-01h  2
2631  7.1596180e-04 6.57e-06 1.49e-03  -4.1 2.81e-03    -  1.00e+00 1.00e+00h  1
2632  6.9049811e-04 3.94e-05 3.34e-02  -4.1 9.11e-03    -  1.00e+00 1.00e+00h  1
2633  7.0013392e-04 1.10e-05 7.29e-03  -4.1 4.95e-03    -  1.00e+00 1.00e+00h  1
2634  7.0205211e-04 2.11e-05 8.89e-03  -4.1 4.48e-03    -  1.00e+00 1.00e+00h  1
2635  6.9667571e-04 7.15e-06 2.91e-03  -4.1 2.37e-03    -  1.00e+00 1.00e+00h  1
2636  6.9665166e-04 3.43e-07 1.16e-03  -4.1 6.13e-04    -  1.00e+00 1.00e+00h  1
2637  6.9667669e-04 1.49e-08 4.04e-04  -4.1 1.73e-04    -  1.00e+00 1.00e+00h  1
2638  6.9629566e-04 6.89e-08 1.21e-03  -6.1 3.90e-04    -  1.00e+00 1.00e+00h  1
2639  6.9503460e-04 3.17e-05 2.80e-02  -6.1 1.04e-01    -  1.00e+00 8.08e-02h  3
iter    objective    inf_pr   inf_du lg(mu)  ||d||  lg(rg) alpha_du alpha_pr  ls
2640  6.9216738e-04 6.68e-06 2.16e-04  -6.1 3.12e-03    -  1.00e+00 1.00e+00h  1
2641  6.9246847e-04 3.77e-07 5.00e-04  -6.1 5.45e-04    -  1.00e+00 1.00e+00h  1
2642  6.9135582e-04 9.33e-08 3.50e-04  -6.1 2.82e-04    -  1.00e+00 1.00e+00h  1
2643  8.6851821e-04 4.06e-03 2.00e-01  -4.0 9.80e-02    -  1.00e+00 1.00e+00f  1
2644  7.4890208e-04 1.10e-03 5.01e-02  -4.1 4.91e-02    -  1.00e+00 1.00e+00h  1
2645  8.2932087e-04 2.63e-04 1.09e-02  -4.1 2.61e-02    -  1.00e+00 1.00e+00h  1
2646  7.6380712e-04 4.60e-04 1.40e-03  -4.1 2.73e-02    -  1.00e+00 1.00e+00h  1
2647  7.0097980e-04 1.60e-04 3.01e-03  -4.1 1.64e-02    -  1.00e+00 1.00e+00h  1
2648  6.9699043e-04 7.60e-05 8.25e-03  -4.1 1.15e-02    -  1.00e+00 1.00e+00h  1
2649  6.9805399e-04 5.91e-05 4.53e-03  -4.1 9.12e-03    -  1.00e+00 1.00e+00h  1
iter    objective    inf_pr   inf_du lg(mu)  ||d||  lg(rg) alpha_du alpha_pr  ls
2650  7.0267419e-04 2.02e-05 6.45e-03  -4.1 4.37e-03    -  1.00e+00 1.00e+00h  1
2651  6.9722220e-04 9.03e-06 2.66e-03  -4.1 2.81e-03    -  1.00e+00 1.00e+00h  1
2652  6.9656001e-04 9.44e-07 1.03e-03  -4.1 9.01e-04    -  1.00e+00 1.00e+00h  1
2653  6.9664235e-04 8.99e-08 3.32e-04  -4.1 2.69e-04    -  1.00e+00 1.00e+00h  1
2654  6.9629822e-04 7.90e-08 1.01e-03  -6.1 3.18e-04    -  1.00e+00 1.00e+00h  1
2655  6.9049565e-04 1.19e-04 9.36e-04  -6.1 1.21e-02    -  1.00e+00 1.00e+00h  1
2656  6.8736852e-04 6.88e-05 7.11e-03  -6.1 4.68e-03    -  1.00e+00 4.55e-01h  2
2657  8.5525767e-04 4.05e-03 2.64e-02  -4.0 7.22e-02    -  1.00e+00 1.00e+00h  1
2658  9.0525005e-04 1.02e-03 8.24e-03  -4.1 3.75e-02    -  1.00e+00 1.00e+00h  1
2659  7.4049104e-04 1.20e-03 3.23e-03  -4.1 3.69e-02    -  1.00e+00 1.00e+00h  1
iter    objective    inf_pr   inf_du lg(mu)  ||d||  lg(rg) alpha_du alpha_pr  ls
2660  7.0071441e-04 2.42e-04 1.72e-03  -4.1 1.73e-02    -  1.00e+00 1.00e+00h  1
2661  6.9329683e-04 2.17e-04 7.19e-03  -4.1 1.57e-02    -  1.00e+00 1.00e+00h  1
2662  7.0250799e-04 1.46e-04 1.85e-03  -4.1 1.30e-02    -  1.00e+00 1.00e+00h  1
2663  7.1598448e-04 9.77e-07 3.45e-03  -4.1 1.76e-03    -  1.00e+00 1.00e+00h  1
2664  6.9101557e-04 5.91e-05 2.05e-02  -4.1 8.11e-03    -  1.00e+00 1.00e+00h  1
2665  6.9693435e-04 2.31e-05 2.54e-03  -4.1 5.28e-03    -  1.00e+00 1.00e+00h  1
2666  6.9747034e-04 2.63e-06 3.37e-03  -4.1 2.06e-03    -  1.00e+00 1.00e+00h  1
2667  6.9660024e-04 5.91e-07 1.59e-03  -4.1 1.04e-03    -  1.00e+00 1.00e+00h  1
2668  6.9664985e-04 3.39e-08 3.20e-04  -4.1 2.34e-04    -  1.00e+00 1.00e+00h  1
2669  6.9636116e-04 6.00e-08 9.83e-04  -6.1 3.17e-04    -  1.00e+00 1.00e+00h  1
iter    objective    inf_pr   inf_du lg(mu)  ||d||  lg(rg) alpha_du alpha_pr  ls
2670  6.9278027e-04 4.85e-05 1.42e-02  -6.1 7.10e-02    -  1.00e+00 1.35e-01h  3
2671  6.9163497e-04 2.64e-05 7.85e-03  -6.1 3.61e-03    -  1.00e+00 5.00e-01h  2
2672  6.9231364e-04 3.16e-06 1.19e-04  -6.1 2.50e-03    -  1.00e+00 1.00e+00h  1
2673  6.9165285e-04 1.46e-08 9.93e-05  -6.1 2.51e-04    -  1.00e+00 1.00e+00h  1
2674  6.9157029e-04 8.23e-09 1.51e-04  -6.1 9.61e-05    -  1.00e+00 1.00e+00h  1
2675  6.9153245e-04 1.17e-08 1.54e-05  -6.1 9.70e-05    -  1.00e+00 1.00e+00h  1
2676  9.0306372e-04 7.72e-03 7.14e-02  -4.0 1.17e-01    -  1.00e+00 1.00e+00f  1
2677  7.5591664e-04 2.28e-03 1.77e-02  -4.1 5.98e-02    -  1.00e+00 1.00e+00h  1
2678  1.5416087e-03 1.07e-03 3.05e-03  -4.1 4.01e-02    -  1.00e+00 1.00e+00h  1
2679  7.5661480e-04 2.10e-04 5.13e-03  -4.1 1.03e-02    -  1.00e+00 8.43e-01h  1
iter    objective    inf_pr   inf_du lg(mu)  ||d||  lg(rg) alpha_du alpha_pr  ls
2680  6.8713548e-04 6.02e-04 5.15e-03  -4.1 3.35e-02    -  1.00e+00 1.00e+00f  1
2681  7.3808241e-04 2.06e-04 2.40e-03  -4.1 1.76e-02    -  1.00e+00 1.00e+00h  1
2682  7.4231793e-04 2.87e-05 8.81e-03  -4.1 5.13e-03    -  1.00e+00 1.00e+00h  1
2683  6.9285515e-04 1.28e-04 6.10e-03  -4.1 1.39e-02    -  1.00e+00 1.00e+00h  1
2684  7.0712715e-04 7.95e-05 6.88e-03  -4.1 1.07e-02    -  1.00e+00 1.00e+00h  1
2685  6.9514190e-04 3.56e-05 4.79e-03  -4.1 6.65e-03    -  1.00e+00 1.00e+00h  1
2686  6.9739228e-04 9.88e-06 4.30e-03  -4.1 3.50e-03    -  1.00e+00 1.00e+00h  1
2687  6.9615583e-04 1.82e-06 1.75e-03  -4.1 1.67e-03    -  1.00e+00 1.00e+00h  1
2688  6.9655871e-04 1.43e-07 1.13e-03  -4.1 4.17e-04    -  1.00e+00 1.00e+00h  1
2689  6.9662965e-04 1.34e-07 9.58e-04  -4.1 4.29e-04    -  1.00e+00 1.00e+00h  1
iter    objective    inf_pr   inf_du lg(mu)  ||d||  lg(rg) alpha_du alpha_pr  ls
2690  6.9671267e-04 4.37e-07 2.32e-03  -4.1 1.06e-03    -  1.00e+00 1.00e+00h  1
2691  6.9679948e-04 4.78e-08 7.37e-04  -4.1 3.29e-04    -  1.00e+00 1.00e+00h  1
2692  6.9632823e-04 6.34e-08 9.52e-04  -6.1 2.25e-04    -  1.00e+00 1.00e+00h  1
2693  6.9595802e-04 1.29e-07 9.65e-04  -6.1 4.05e-04    -  1.00e+00 1.00e+00h  1
2694  6.9533123e-04 4.74e-06 7.58e-04  -6.1 2.67e-03    -  1.00e+00 1.00e+00h  1
2695  6.9322550e-04 5.54e-06 1.92e-02  -6.1 1.07e-02    -  1.00e+00 1.81e-01h  2
2696  6.9454456e-04 7.34e-07 1.72e-04  -6.1 1.66e-03    -  1.00e+00 1.00e+00h  1
2697  6.9182012e-04 1.10e-07 1.51e-04  -6.1 6.34e-04    -  1.00e+00 1.00e+00h  1
2698  6.9151796e-04 3.42e-08 7.15e-05  -6.1 2.59e-04    -  1.00e+00 1.00e+00h  1
2699  8.8037869e-04 6.79e-03 1.74e-01  -4.0 9.92e-02    -  1.00e+00 1.00e+00f  1
iter    objective    inf_pr   inf_du lg(mu)  ||d||  lg(rg) alpha_du alpha_pr  ls
2700  7.5995274e-04 1.83e-03 4.28e-02  -4.1 5.00e-02    -  1.00e+00 1.00e+00h  1
2701  9.9814950e-04 6.44e-04 9.02e-03  -4.1 3.05e-02    -  1.00e+00 1.00e+00h  1
2702  7.4501942e-04 2.89e-04 1.57e-03  -4.1 2.46e-02    -  1.00e+00 1.00e+00h  1
2703  7.1671389e-04 5.16e-05 2.57e-03  -4.1 1.11e-02    -  1.00e+00 1.00e+00h  1
2704  6.9409567e-04 7.92e-06 4.56e-03  -4.1 4.12e-03    -  1.00e+00 1.00e+00h  1
2705  7.3049673e-04 7.00e-05 1.33e-02  -4.1 9.75e-03    -  1.00e+00 1.00e+00h  1
2706  6.9901519e-04 2.79e-05 1.69e-03  -4.1 6.71e-03    -  1.00e+00 1.00e+00h  1
2707  7.0108728e-04 2.36e-06 4.84e-03  -4.1 1.73e-03    -  1.00e+00 1.00e+00h  1
2708  6.9722606e-04 3.47e-06 2.84e-03  -4.1 1.99e-03    -  1.00e+00 1.00e+00h  1
2709  6.9649288e-04 5.87e-07 1.05e-03  -4.1 8.41e-04    -  1.00e+00 1.00e+00h  1
iter    objective    inf_pr   inf_du lg(mu)  ||d||  lg(rg) alpha_du alpha_pr  ls
2710  6.9661788e-04 4.20e-08 3.12e-04  -4.1 3.05e-04    -  1.00e+00 1.00e+00h  1
2711  6.9634282e-04 3.93e-08 1.09e-03  -6.1 3.06e-04    -  1.00e+00 1.00e+00h  1
2712  6.7653535e-04 8.00e-04 9.33e-03  -6.1 8.62e-02    -  1.00e+00 4.95e-01h  1
2713  7.0145275e-04 6.49e-04 9.36e-04  -4.0 3.93e-02    -  1.00e+00 1.00e+00f  1
2714  9.8322052e-04 5.96e-04 3.70e-01  -4.1 1.77e-01    -  1.00e+00 6.18e-02H  1
2715  7.1552111e-04 1.49e-04 2.94e-03  -4.1 1.87e-02    -  1.00e+00 1.00e+00h  1
2716  6.7035009e-04 1.12e-03 1.21e-02  -4.1 5.25e-02    -  1.00e+00 1.00e+00h  1
2717  7.2865298e-04 4.06e-04 3.30e-03  -4.0 3.53e-02    -  1.00e+00 1.00e+00h  1
2718  7.0997637e-04 3.64e-04 2.90e-02  -4.1 8.46e-02    -  1.00e+00 1.25e-01h  4
2719  7.3646441e-04 6.70e-05 2.43e-03  -4.1 1.05e-02    -  1.00e+00 1.00e+00h  1
iter    objective    inf_pr   inf_du lg(mu)  ||d||  lg(rg) alpha_du alpha_pr  ls
2720  6.9847622e-04 1.94e-05 5.32e-03  -4.1 6.34e-03    -  1.00e+00 1.00e+00h  1
2721  7.0891463e-04 6.68e-05 1.49e-02  -4.1 1.44e-02    -  1.00e+00 1.00e+00h  1
2722  6.9762159e-04 2.45e-05 4.47e-03  -4.1 8.20e-03    -  1.00e+00 1.00e+00h  1
2723  6.9650521e-04 5.14e-05 1.52e-02  -4.1 6.21e-03    -  1.00e+00 1.00e+00h  1
2724  6.9636814e-04 2.84e-05 2.10e-04  -4.1 4.62e-03    -  1.00e+00 1.00e+00h  1
2725  6.9602830e-04 5.97e-08 2.26e-04  -6.1 4.24e-04    -  1.00e+00 1.00e+00h  1
2726  6.9497949e-04 8.28e-07 9.94e-04  -6.1 1.36e-03    -  1.00e+00 1.00e+00h  1
2727  6.9349071e-04 1.91e-05 2.43e-02  -6.1 2.90e-02    -  1.00e+00 2.08e-01h  2
2728  6.9307788e-04 3.99e-06 2.63e-04  -6.1 2.56e-03    -  1.00e+00 1.00e+00h  1
2729  6.9355953e-04 4.24e-07 5.17e-04  -6.1 8.68e-04    -  1.00e+00 1.00e+00h  1
iter    objective    inf_pr   inf_du lg(mu)  ||d||  lg(rg) alpha_du alpha_pr  ls
2730  6.9112703e-04 4.46e-07 1.38e-04  -6.1 9.55e-04    -  1.00e+00 1.00e+00h  1
2731  6.9124480e-04 2.88e-08 1.81e-05  -6.1 2.59e-04    -  1.00e+00 1.00e+00h  1
2732  8.7167279e-04 2.32e-03 2.81e-02  -4.0 1.26e-01    -  1.00e+00 5.00e-01f  2
2733  8.7798038e-04 9.70e-04 8.34e-03  -4.1 5.52e-02    -  1.00e+00 1.00e+00h  1
2734  8.5122589e-04 2.67e-03 2.31e-03  -4.1 5.53e-02    -  9.52e-01 1.00e+00h  1
2735  7.9586728e-04 1.87e-03 1.40e-02  -4.1 5.53e-02    -  1.00e+00 4.55e-01h  2
2736  7.1023280e-04 2.70e-03 2.52e-03  -4.1 4.24e-02    -  1.00e+00 1.00e+00h  1
2737  7.6497710e-04 2.45e-03 4.08e-03  -4.1 6.37e-02    -  1.00e+00 5.00e-01h  2
2738  7.2195700e-04 1.25e-03 7.49e-03  -4.1 7.78e-02    -  1.00e+00 5.00e-01h  2
2739  8.2420840e-04 2.59e-03 3.25e-03  -4.1 6.18e-02    -  1.00e+00 1.00e+00h  1
iter    objective    inf_pr   inf_du lg(mu)  ||d||  lg(rg) alpha_du alpha_pr  ls
2740  7.1687832e-04 2.04e-03 2.69e-03  -4.1 6.07e-02    -  1.00e+00 1.00e+00h  1
2741  7.0587495e-04 1.37e-03 2.26e-03  -4.1 1.21e-01    -  1.00e+00 2.50e-01h  3
2742  1.0080000e-03 9.36e-04 9.74e-03  -4.1 9.46e-02    -  1.00e+00 7.39e-01H  1
2743  7.2676176e-04 1.02e-03 4.65e-03  -4.1 5.74e-02    -  1.00e+00 1.00e+00F  1
2744  7.0252477e-04 8.75e-04 1.56e-02  -4.1 7.39e-02    -  1.00e+00 2.50e-01h  3
2745  6.9474141e-04 9.55e-04 9.29e-03  -4.1 8.21e-02    -  1.00e+00 2.50e-01h  3
2746  8.8431511e-04 3.72e-04 1.13e-02  -4.1 3.11e-02    -  1.00e+00 1.00e+00H  1
2747  7.9775666e-04 6.39e-04 1.96e-02  -4.1 5.90e-02    -  1.00e+00 5.00e-01h  2
2748  7.0180043e-04 5.18e-04 1.58e-02  -4.1 3.55e-02    -  1.00e+00 5.00e-01h  2
2749  6.9514375e-04 1.83e-04 7.85e-03  -4.1 1.72e-02    -  1.00e+00 1.00e+00h  1
iter    objective    inf_pr   inf_du lg(mu)  ||d||  lg(rg) alpha_du alpha_pr  ls
2750  7.2973043e-04 1.48e-04 2.88e-02  -4.1 1.99e-02    -  1.00e+00 5.00e-01h  2
2751  6.9681298e-04 4.15e-04 1.45e-02  -4.1 2.75e-02    -  1.00e+00 1.00e+00h  1
2752  6.9441484e-04 3.63e-04 7.56e-02  -4.1 1.50e-02    -  1.00e+00 1.25e-01h  4
2753  6.9648197e-04 1.30e-04 3.99e-03  -4.1 1.53e-02    -  1.00e+00 1.00e+00h  1
2754  7.1148799e-04 2.98e-05 9.23e-03  -4.1 5.45e-03    -  1.00e+00 1.00e+00h  1
2755  6.9529800e-04 2.65e-05 2.94e-03  -4.1 5.46e-03    -  1.00e+00 1.00e+00h  1
2756  6.9761505e-04 5.53e-06 3.63e-03  -4.1 3.09e-03    -  1.00e+00 1.00e+00h  1
2757  6.9618862e-04 2.98e-06 2.90e-03  -4.1 2.21e-03    -  1.00e+00 1.00e+00h  1
2758  6.9699357e-04 1.27e-06 3.28e-03  -4.1 1.41e-03    -  1.00e+00 1.00e+00h  1
2759  6.9649028e-04 5.76e-07 2.73e-04  -4.1 6.91e-04    -  1.00e+00 1.00e+00h  1
iter    objective    inf_pr   inf_du lg(mu)  ||d||  lg(rg) alpha_du alpha_pr  ls
2760  6.9616960e-04 1.78e-07 1.53e-03  -6.1 5.58e-04    -  1.00e+00 1.00e+00h  1
2761  6.9522285e-04 1.22e-05 9.63e-04  -6.1 3.66e-02    -  1.00e+00 1.25e-01h  4
2762  6.9302201e-04 1.20e-05 1.67e-02  -6.1 7.75e-03    -  1.00e+00 3.02e-01h  2
2763  6.9335618e-04 5.22e-06 7.26e-04  -6.1 2.74e-03    -  1.00e+00 1.00e+00h  1
2764  6.9114963e-04 1.36e-06 5.16e-05  -6.1 1.38e-03    -  1.00e+00 1.00e+00h  1
2765  6.9114804e-04 6.66e-09 7.20e-05  -6.1 8.94e-05    -  1.00e+00 1.00e+00h  1
2766  8.9122968e-04 8.70e-03 2.31e-01  -4.0 1.14e-01    -  1.00e+00 1.00e+00f  1
2767  7.5841583e-04 2.35e-03 5.80e-02  -4.1 5.91e-02    -  1.00e+00 1.00e+00h  1
2768  7.1543771e-04 7.00e-04 1.41e-02  -4.1 3.20e-02    -  1.00e+00 1.00e+00h  1
2769  7.0977836e-04 1.71e-04 5.11e-03  -4.1 2.03e-02    -  1.00e+00 1.00e+00h  1
iter    objective    inf_pr   inf_du lg(mu)  ||d||  lg(rg) alpha_du alpha_pr  ls
2770  8.6252511e-04 7.20e-05 7.78e-02  -4.1 2.03e-02    -  1.00e+00 5.98e-01H  1
2771  6.9441699e-04 6.33e-05 5.78e-03  -4.1 8.44e-03    -  1.00e+00 1.00e+00f  1
2772  6.9922231e-04 3.91e-05 8.04e-03  -4.1 6.08e-03    -  1.00e+00 1.00e+00h  1
2773  6.9549068e-04 2.24e-05 1.27e-02  -4.1 7.38e-03    -  1.00e+00 1.00e+00h  1
2774  6.9535377e-04 1.92e-05 7.18e-03  -4.1 5.19e-03    -  1.00e+00 1.00e+00h  1
2775  6.9749783e-04 7.49e-06 5.68e-03  -4.1 3.12e-03    -  1.00e+00 1.00e+00h  1
2776  6.9625282e-04 1.66e-06 1.05e-03  -4.1 1.35e-03    -  1.00e+00 1.00e+00h  1
2777  6.9650086e-04 8.92e-08 3.50e-04  -4.1 3.53e-04    -  1.00e+00 1.00e+00h  1
2778  6.9627125e-04 5.03e-08 1.05e-03  -6.1 2.48e-04    -  1.00e+00 1.00e+00h  1
2779  6.9542843e-04 5.69e-06 2.30e-02  -6.1 1.11e-01    -  1.00e+00 2.56e-02h  5
iter    objective    inf_pr   inf_du lg(mu)  ||d||  lg(rg) alpha_du alpha_pr  ls
2780  6.9010442e-04 1.17e-05 1.02e-03  -6.1 4.50e-03    -  1.00e+00 1.00e+00h  1
2781  1.2326365e-03 2.80e-03 8.63e-02  -4.0 7.06e-02    -  1.00e+00 1.00e+00f  1
2782  1.1761702e-03 6.72e-04 2.87e-02  -4.1 3.48e-02    -  1.00e+00 1.00e+00h  1
2783  7.4027825e-04 6.16e-04 3.99e-03  -4.1 2.24e-02    -  1.00e+00 1.00e+00h  1
2784  6.9884104e-04 1.69e-05 1.55e-03  -4.1 4.73e-03    -  1.00e+00 1.00e+00h  1
2785  6.9178638e-04 3.29e-06 2.04e-02  -4.1 6.16e-03    -  1.00e+00 1.00e+00H  1
2786  6.9545405e-04 1.14e-05 3.71e-03  -4.1 4.21e-03    -  1.00e+00 1.00e+00h  1
2787  6.9703457e-04 2.06e-06 2.46e-03  -4.1 1.86e-03    -  1.00e+00 1.00e+00h  1
2788  6.9649772e-04 2.52e-07 1.19e-03  -4.1 6.22e-04    -  1.00e+00 1.00e+00h  1
2789  6.9642129e-04 3.04e-08 5.99e-04  -4.1 2.17e-04    -  1.00e+00 1.00e+00h  1
iter    objective    inf_pr   inf_du lg(mu)  ||d||  lg(rg) alpha_du alpha_pr  ls
2790  6.9616300e-04 4.05e-08 1.07e-03  -6.1 2.60e-04    -  1.00e+00 1.00e+00h  1
2791  6.9569325e-04 5.87e-05 3.14e-02  -6.1 1.22e-01    -  1.00e+00 7.20e-02h  3
2792  6.9252848e-04 1.33e-05 1.67e-04  -6.1 3.46e-03    -  1.00e+00 1.00e+00h  1
2793  6.9287266e-04 3.89e-07 3.71e-04  -6.1 6.11e-04    -  1.00e+00 1.00e+00h  1
2794  6.9126909e-04 4.69e-08 1.96e-04  -6.1 2.75e-04    -  1.00e+00 1.00e+00h  1
2795  6.9119488e-04 3.26e-09 5.33e-05  -6.1 6.92e-05    -  1.00e+00 1.00e+00h  1
2796  6.9118705e-04 7.56e-10 9.43e-06  -6.1 2.74e-05    -  1.00e+00 1.00e+00h  1
2797  8.9509488e-04 7.10e-03 6.07e-02  -4.0 9.94e-02    -  1.00e+00 1.00e+00f  1
2798  7.5497538e-04 1.97e-03 1.57e-02  -4.1 4.97e-02    -  1.00e+00 1.00e+00h  1
2799  7.2595258e-04 9.16e-04 4.09e-03  -4.1 3.45e-02    -  1.00e+00 1.00e+00h  1
iter    objective    inf_pr   inf_du lg(mu)  ||d||  lg(rg) alpha_du alpha_pr  ls
2800  7.2386241e-04 1.23e-03 4.03e-03  -4.1 7.02e-02    -  1.00e+00 5.00e-01h  2
2801  7.2362366e-04 1.09e-03 2.27e-02  -4.1 3.08e-02    -  1.00e+00 1.25e-01h  4
2802  7.1103545e-04 1.35e-04 2.86e-03  -4.1 1.35e-02    -  1.00e+00 1.00e+00h  1
2803  6.8940509e-04 2.92e-04 2.43e-02  -4.1 2.03e-02    -  1.00e+00 1.00e+00h  1
2804  6.9851927e-04 1.14e-04 3.57e-03  -4.1 1.26e-02    -  1.00e+00 1.00e+00h  1
2805  7.3383122e-04 4.05e-05 1.72e-02  -4.1 9.05e-03    -  1.00e+00 1.00e+00H  1
2806  7.0748146e-04 3.71e-05 2.47e-02  -4.1 7.40e-03    -  1.00e+00 5.00e-01h  2
2807  6.9594281e-04 3.79e-05 5.22e-03  -4.1 6.45e-03    -  1.00e+00 1.00e+00h  1
2808  6.9860971e-04 6.59e-06 2.61e-03  -4.1 2.95e-03    -  1.00e+00 1.00e+00h  1
2809  6.9669813e-04 7.58e-07 2.18e-03  -4.1 8.65e-04    -  1.00e+00 1.00e+00h  1
iter    objective    inf_pr   inf_du lg(mu)  ||d||  lg(rg) alpha_du alpha_pr  ls
2810  6.9634357e-04 2.69e-07 1.93e-03  -4.1 7.25e-04    -  1.00e+00 1.00e+00h  1
2811  6.9653918e-04 7.52e-08 2.21e-04  -4.1 3.26e-04    -  1.00e+00 1.00e+00h  1
2812  6.9629979e-04 5.70e-08 1.07e-03  -6.1 2.76e-04    -  1.00e+00 1.00e+00h  1
2813  6.9464862e-04 1.00e-05 6.14e-04  -6.1 1.53e-02    -  1.00e+00 2.50e-01h  3
2814  6.9223555e-04 1.05e-05 1.75e-02  -6.1 9.25e-03    -  1.00e+00 2.17e-01h  2
2815  6.9201740e-04 5.13e-06 1.02e-02  -6.1 1.02e-03    -  1.00e+00 5.00e-01h  2
2816  6.9172992e-04 1.90e-07 1.25e-04  -6.1 5.20e-04    -  1.00e+00 1.00e+00h  1
2817  6.9161064e-04 7.25e-09 4.50e-05  -6.1 1.17e-04    -  1.00e+00 1.00e+00h  1
2818  6.9143574e-04 1.40e-06 1.16e-04  -6.1 1.91e-03    -  1.00e+00 1.00e+00h  1
2819  6.9244948e-04 1.19e-09 3.52e-04  -6.1 2.15e-03    -  1.00e+00 1.00e+00H  1
iter    objective    inf_pr   inf_du lg(mu)  ||d||  lg(rg) alpha_du alpha_pr  ls
2820  6.9115492e-04 5.06e-07 1.96e-04  -6.1 6.76e-04    -  1.00e+00 1.00e+00h  1
2821  6.9115649e-04 2.46e-08 3.94e-05  -6.1 2.29e-04    -  1.00e+00 1.00e+00h  1
2822  6.9109511e-04 1.54e-06 1.61e-04  -6.1 1.57e-03    -  1.00e+00 1.00e+00h  1
2823  6.9112626e-04 1.43e-06 2.21e-03  -6.1 4.86e-03    -  1.00e+00 6.25e-02h  5
2824  6.9102882e-04 1.35e-07 1.09e-04  -6.1 6.25e-04    -  1.00e+00 1.00e+00h  1
2825  1.0373355e-03 5.46e-03 3.44e-01  -4.0 8.78e-02    -  1.00e+00 1.00e+00f  1
2826  7.5508362e-04 1.43e-03 8.07e-02  -4.1 4.51e-02    -  1.00e+00 1.00e+00h  1
2827  8.0776514e-04 8.26e-04 3.20e-02  -4.1 3.21e-02    -  1.00e+00 1.00e+00h  1
2828  7.7236216e-04 5.31e-04 5.42e-03  -4.1 5.15e-02    -  1.00e+00 1.00e+00h  1
2829  8.6502719e-04 2.81e-04 1.98e-01  -4.1 8.40e-02    -  1.00e+00 3.14e-01H  1
iter    objective    inf_pr   inf_du lg(mu)  ||d||  lg(rg) alpha_du alpha_pr  ls
2830  8.2976886e-04 1.45e-04 1.84e-02  -4.1 8.40e-02    -  1.00e+00 1.00e+00f  1
2831  7.7765292e-04 1.06e-04 7.88e-02  -4.1 2.76e-02    -  1.00e+00 2.50e-01h  3
2832  7.3337374e-04 4.24e-04 2.23e-02  -4.1 7.66e-02    -  1.00e+00 1.00e+00h  1
2833  6.9655901e-04 8.94e-05 5.84e-03  -4.1 3.16e-02    -  1.00e+00 1.00e+00h  1
2834  7.4165695e-04 1.65e-04 3.21e-02  -4.1 2.67e-02    -  1.00e+00 1.00e+00h  1
2835  6.9555830e-04 7.08e-05 5.75e-03  -4.1 2.53e-02    -  1.00e+00 1.00e+00h  1
2836  7.1091202e-04 2.95e-05 6.52e-03  -4.1 1.29e-02    -  1.00e+00 1.00e+00h  1
2837  6.9764254e-04 1.25e-05 5.27e-03  -4.1 1.10e-02    -  1.00e+00 1.00e+00h  1
2838  6.9502146e-04 5.25e-06 9.49e-03  -4.1 2.74e-03    -  1.00e+00 1.00e+00h  1
2839  6.9651441e-04 2.13e-06 1.53e-03  -4.1 1.69e-03    -  1.00e+00 1.00e+00h  1
iter    objective    inf_pr   inf_du lg(mu)  ||d||  lg(rg) alpha_du alpha_pr  ls
2840  6.9634755e-04 2.75e-08 3.24e-04  -4.1 6.99e-04    -  1.00e+00 1.00e+00h  1
2841  6.9603499e-04 6.47e-08 9.81e-04  -6.1 1.20e-03    -  1.00e+00 1.00e+00h  1
2842  6.9622821e-04 1.66e-08 1.31e-03  -6.1 6.62e-03    -  1.00e+00 1.00e+00H  1
2843  6.9303979e-04 4.22e-06 1.21e-03  -6.1 2.22e-03    -  1.00e+00 1.00e+00h  1
2844  6.9346880e-04 2.38e-06 1.05e-03  -6.1 1.04e-02    -  1.00e+00 1.00e+00h  1
2845  6.9140610e-04 7.26e-07 1.35e-04  -6.1 5.32e-03    -  1.00e+00 1.00e+00h  1
2846  6.9120133e-04 4.71e-08 8.11e-05  -6.1 3.36e-04    -  1.00e+00 1.00e+00h  1
2847  6.9132664e-04 3.24e-08 1.30e-04  -6.1 9.60e-04    -  1.00e+00 1.00e+00H  1
2848  6.9131006e-04 2.39e-10 1.28e-04  -6.1 1.41e-03    -  1.00e+00 1.00e+00H  1
2849  1.0173551e-03 8.01e-03 3.16e-01  -4.0 1.05e-01    -  1.00e+00 1.00e+00f  1
iter    objective    inf_pr   inf_du lg(mu)  ||d||  lg(rg) alpha_du alpha_pr  ls
2850  7.6490118e-04 2.20e-03 7.87e-02  -4.1 5.19e-02    -  1.00e+00 1.00e+00h  1
2851  7.6462916e-04 6.52e-04 1.71e-02  -4.1 3.09e-02    -  1.00e+00 1.00e+00h  1
2852  7.5408244e-04 3.26e-04 6.97e-02  -4.1 5.23e-02    -  1.00e+00 5.00e-01h  2
2853  8.7887924e-04 2.17e-04 8.03e-03  -4.1 1.98e-02    -  1.00e+00 1.00e+00h  1
2854  7.0549201e-04 2.44e-04 1.64e-02  -4.1 2.26e-02    -  1.00e+00 1.00e+00H  1
2855  7.7045042e-04 1.69e-04 5.02e-03  -4.1 1.53e-02    -  1.00e+00 1.00e+00h  1
2856  7.0257542e-04 5.87e-06 2.56e-03  -4.1 6.34e-03    -  1.00e+00 1.00e+00h  1
2857  7.0214152e-04 3.97e-05 2.07e-02  -4.1 6.80e-03    -  1.00e+00 1.00e+00h  1
2858  6.9763175e-04 1.79e-05 2.40e-03  -4.1 4.41e-03    -  1.00e+00 1.00e+00h  1
2859  6.9617587e-04 1.70e-06 3.17e-03  -4.1 1.69e-03    -  1.00e+00 1.00e+00h  1
iter    objective    inf_pr   inf_du lg(mu)  ||d||  lg(rg) alpha_du alpha_pr  ls
2860  6.9674255e-04 1.05e-07 3.47e-03  -4.1 1.35e-03    -  1.00e+00 1.00e+00H  1
2861  6.9692256e-04 5.51e-07 1.10e-03  -4.1 8.76e-04    -  1.00e+00 1.00e+00h  1
2862  6.9656946e-04 4.90e-08 6.05e-04  -4.1 3.28e-04    -  1.00e+00 1.00e+00h  1
2863  6.9620815e-04 1.16e-07 1.04e-03  -6.1 4.24e-04    -  1.00e+00 1.00e+00h  1
2864  6.9565294e-04 2.19e-05 5.26e-03  -6.1 4.25e-02    -  1.00e+00 1.25e-01h  4
2865  6.9359677e-04 1.27e-05 6.82e-03  -6.1 4.19e-03    -  1.00e+00 4.99e-01h  2
2866  6.9333666e-04 1.16e-06 5.00e-04  -6.1 4.51e-03    -  1.00e+00 1.00e+00h  1
2867  6.9150245e-04 9.40e-08 4.94e-04  -6.1 1.98e-03    -  1.00e+00 1.00e+00h  1
2868  6.9138898e-04 2.64e-08 1.66e-04  -6.1 1.98e-04    -  1.00e+00 1.00e+00h  1
2869  6.9103757e-04 3.78e-06 3.18e-04  -6.1 2.42e-03    -  1.00e+00 1.00e+00h  1
iter    objective    inf_pr   inf_du lg(mu)  ||d||  lg(rg) alpha_du alpha_pr  ls
2870  6.9100193e-04 1.40e-07 1.42e-04  -6.1 2.29e-03    -  1.00e+00 1.00e+00h  1
2871  9.3422405e-04 5.46e-03 3.47e-01  -4.0 7.56e-02    -  1.00e+00 1.00e+00f  1
2872  7.4916230e-04 1.45e-03 9.15e-02  -4.1 4.17e-02    -  1.00e+00 1.00e+00h  1
2873  7.4607779e-04 5.74e-04 3.30e-02  -4.1 3.12e-02    -  1.00e+00 1.00e+00h  1
2874  8.5071679e-04 3.37e-04 3.79e-03  -4.1 2.20e-02    -  1.00e+00 1.00e+00h  1
2875  7.3077688e-04 1.74e-04 1.09e-02  -4.1 1.53e-02    -  1.00e+00 1.00e+00h  1
2876  7.0113614e-04 1.64e-04 6.69e-03  -4.1 1.65e-02    -  1.00e+00 1.00e+00h  1
2877  7.0038496e-04 4.84e-05 5.56e-03  -4.1 8.76e-03    -  1.00e+00 1.00e+00h  1
2878  6.9877731e-04 2.26e-05 5.87e-03  -4.1 5.80e-03    -  1.00e+00 1.00e+00h  1
2879  6.9745438e-04 7.35e-06 3.02e-03  -4.1 3.28e-03    -  1.00e+00 1.00e+00h  1
iter    objective    inf_pr   inf_du lg(mu)  ||d||  lg(rg) alpha_du alpha_pr  ls
2880  6.9712564e-04 7.58e-07 6.39e-04  -4.1 1.26e-03    -  1.00e+00 1.00e+00h  1
2881  6.9653934e-04 1.40e-07 1.67e-04  -6.1 8.90e-04    -  1.00e+00 1.00e+00h  1
2882  6.9585013e-04 7.23e-07 1.07e-02  -6.1 1.29e-02    -  1.00e+00 1.25e-01h  4
2883  6.9291629e-04 1.04e-05 6.84e-04  -6.1 5.04e-03    -  1.00e+00 1.00e+00h  1
2884  6.9289614e-04 6.87e-06 9.55e-03  -6.1 2.46e-03    -  1.00e+00 3.79e-01h  2
2885  6.9234344e-04 6.47e-07 7.07e-04  -6.1 1.47e-03    -  1.00e+00 1.00e+00h  1
2886  6.9205531e-04 1.02e-07 6.24e-04  -6.1 8.14e-04    -  1.00e+00 1.00e+00h  1
2887  6.9094837e-04 7.48e-06 5.08e-04  -6.1 3.86e-03    -  1.00e+00 1.00e+00h  1
2888  8.8573171e-04 7.12e-03 2.23e-01  -4.0 1.10e-01    -  1.00e+00 1.00e+00f  1
2889  7.5458157e-04 2.12e-03 5.21e-02  -4.1 5.69e-02    -  1.00e+00 1.00e+00h  1
iter    objective    inf_pr   inf_du lg(mu)  ||d||  lg(rg) alpha_du alpha_pr  ls
2890  8.1170394e-04 8.51e-04 1.52e-02  -4.1 3.76e-02    -  1.00e+00 1.00e+00h  1
2891  8.8296375e-04 9.50e-04 3.39e-02  -4.1 4.81e-02    -  1.00e+00 6.62e-01H  1
2892  7.5207917e-04 6.61e-04 1.26e-02  -4.1 3.80e-02    -  1.00e+00 1.00e+00f  1
2893  6.9999758e-04 4.28e-04 2.16e-03  -4.1 2.00e-02    -  1.00e+00 1.00e+00h  1
2894  7.4457224e-04 8.55e-05 4.57e-03  -4.1 1.21e-02    -  1.00e+00 1.00e+00h  1
2895  6.9839328e-04 1.70e-04 1.05e-02  -4.1 1.33e-02    -  1.00e+00 1.00e+00h  1
2896  7.0029892e-04 9.80e-05 5.70e-03  -4.1 1.25e-02    -  1.00e+00 1.00e+00h  1
2897  7.0328887e-04 5.29e-05 1.14e-02  -4.1 8.14e-03    -  1.00e+00 1.00e+00h  1
2898  6.9650885e-04 4.35e-05 7.08e-03  -4.1 7.87e-03    -  1.00e+00 1.00e+00h  1
2899  6.9871698e-04 1.30e-05 5.20e-03  -4.1 4.09e-03    -  1.00e+00 1.00e+00h  1
iter    objective    inf_pr   inf_du lg(mu)  ||d||  lg(rg) alpha_du alpha_pr  ls
2900  6.9633142e-04 5.21e-06 3.28e-03  -4.1 2.37e-03    -  1.00e+00 1.00e+00h  1
2901  6.9600518e-04 1.34e-06 1.61e-03  -4.1 1.61e-03    -  1.00e+00 1.00e+00h  1
2902  6.9643391e-04 2.59e-07 6.74e-04  -4.1 5.79e-04    -  1.00e+00 1.00e+00h  1
2903  6.9618052e-04 4.25e-08 1.13e-03  -6.1 2.73e-04    -  1.00e+00 1.00e+00h  1
2904  6.8603620e-04 3.30e-04 9.82e-04  -6.1 2.41e-02    -  1.00e+00 1.00e+00h  1
2905  6.8438233e-04 1.87e-04 2.76e-03  -6.1 1.18e-02    -  1.00e+00 5.00e-01h  2
2906  6.8703364e-04 1.06e-04 2.82e-03  -6.1 9.00e-03    -  1.00e+00 5.00e-01h  2
2907  8.4677087e-04 3.99e-03 6.19e-02  -4.0 1.62e-01    -  1.00e+00 5.00e-01h  2
2908  7.2156539e-04 1.39e-03 6.51e-03  -4.1 4.56e-02    -  1.00e+00 1.00e+00h  1
2909  7.1032149e-04 5.64e-04 1.45e-03  -4.1 3.14e-02    -  1.00e+00 1.00e+00h  1
iter    objective    inf_pr   inf_du lg(mu)  ||d||  lg(rg) alpha_du alpha_pr  ls
2910  7.1506508e-04 6.05e-05 1.04e-03  -4.1 1.02e-02    -  1.00e+00 1.00e+00h  1
2911  7.1038459e-04 3.26e-05 1.21e-02  -4.1 7.57e-03    -  1.00e+00 1.00e+00h  1
2912  7.0045680e-04 6.43e-05 3.21e-03  -4.1 1.01e-02    -  1.00e+00 1.00e+00h  1
2913  7.0568340e-04 1.63e-05 3.30e-03  -4.1 4.56e-03    -  1.00e+00 1.00e+00h  1
2914  6.9509039e-04 5.85e-06 3.48e-03  -4.1 2.53e-03    -  1.00e+00 1.00e+00h  1
2915  6.9748305e-04 2.58e-06 3.21e-03  -4.1 1.94e-03    -  1.00e+00 1.00e+00h  1
2916  6.9616038e-04 4.97e-07 1.12e-03  -4.1 9.18e-04    -  1.00e+00 1.00e+00h  1
2917  6.9615120e-04 2.81e-08 6.15e-04  -4.1 1.84e-04    -  1.00e+00 1.00e+00h  1
2918  6.9588624e-04 4.45e-08 1.11e-03  -6.1 2.81e-04    -  1.00e+00 1.00e+00h  1
2919  6.9527788e-04 1.94e-04 1.42e-02  -6.1 7.63e-02    -  1.00e+00 2.43e-01h  2
iter    objective    inf_pr   inf_du lg(mu)  ||d||  lg(rg) alpha_du alpha_pr  ls
2920  6.8738614e-04 1.10e-04 3.70e-03  -6.1 8.90e-03    -  1.00e+00 5.00e-01h  2
2921  6.9377082e-04 2.66e-05 1.04e-03  -6.1 6.30e-03    -  1.00e+00 1.00e+00h  1
2922  6.9186035e-04 1.43e-05 4.24e-03  -6.1 2.58e-03    -  1.00e+00 5.00e-01h  2
2923  6.9086484e-04 1.02e-06 5.02e-04  -6.1 1.26e-03    -  1.00e+00 1.00e+00h  1
2924  9.1849016e-04 7.37e-03 1.98e-01  -4.0 1.15e-01    -  1.00e+00 1.00e+00f  1
2925  7.6482018e-04 1.95e-03 4.97e-02  -4.1 5.75e-02    -  1.00e+00 1.00e+00h  1
2926  7.1932556e-04 5.50e-04 1.22e-02  -4.1 3.11e-02    -  1.00e+00 1.00e+00h  1
2927  6.9908544e-04 2.40e-04 2.28e-03  -4.1 1.85e-02    -  1.00e+00 1.00e+00h  1
2928  1.0178784e-03 9.46e-05 8.62e-03  -4.1 1.31e-02    -  1.00e+00 1.00e+00h  1
2929  6.9951070e-04 1.20e-04 5.12e-03  -4.1 1.48e-02    -  1.00e+00 1.00e+00h  1
iter    objective    inf_pr   inf_du lg(mu)  ||d||  lg(rg) alpha_du alpha_pr  ls
2930  6.9188254e-04 6.22e-05 9.28e-03  -4.1 1.00e-02    -  1.00e+00 1.00e+00h  1
2931  6.9727839e-04 4.36e-05 4.95e-03  -4.1 8.14e-03    -  1.00e+00 1.00e+00h  1
2932  6.9682226e-04 7.51e-06 6.38e-03  -4.1 3.58e-03    -  1.00e+00 1.00e+00h  1
2933  6.9605500e-04 4.51e-06 3.85e-03  -4.1 2.55e-03    -  1.00e+00 1.00e+00h  1
2934  6.9628719e-04 7.22e-07 1.04e-03  -4.1 7.87e-04    -  1.00e+00 1.00e+00h  1
2935  6.9605508e-04 4.44e-08 5.25e-04  -4.1 2.75e-04    -  1.00e+00 1.00e+00h  1
2936  6.9582890e-04 2.98e-08 1.04e-03  -6.1 2.32e-04    -  1.00e+00 1.00e+00h  1
2937  6.7903134e-04 5.93e-04 2.38e-03  -6.1 3.15e-02    -  1.00e+00 1.00e+00h  1
2938  8.0147929e-04 1.38e-03 4.01e-03  -4.0 4.99e-02    -  1.00e+00 1.00e+00h  1
2939  1.0753058e-03 4.67e-04 8.75e-03  -4.1 1.88e-02    -  1.00e+00 7.38e-01h  1
iter    objective    inf_pr   inf_du lg(mu)  ||d||  lg(rg) alpha_du alpha_pr  ls
2940  7.0088961e-04 3.74e-04 1.12e-03  -4.1 2.42e-02    -  1.00e+00 1.00e+00f  1
2941  6.8310416e-04 2.49e-04 5.40e-03  -4.1 2.08e-02    -  1.00e+00 1.00e+00h  1
2942  7.0211320e-04 2.75e-04 4.25e-03  -4.0 2.18e-02    -  1.00e+00 1.00e+00h  1
2943  6.9849146e-04 6.19e-05 2.22e-03  -4.1 9.88e-03    -  1.00e+00 1.00e+00h  1
2944  6.9977030e-04 3.67e-05 6.79e-03  -4.1 7.49e-03    -  1.00e+00 1.00e+00h  1
2945  6.9564061e-04 1.84e-05 4.65e-03  -4.1 5.71e-03    -  1.00e+00 1.00e+00h  1
2946  6.9698206e-04 3.74e-06 2.30e-03  -4.1 2.81e-03    -  1.00e+00 1.00e+00h  1
2947  6.9595312e-04 3.93e-07 5.91e-04  -4.1 7.85e-04    -  1.00e+00 1.00e+00h  1
2948  6.9569467e-04 3.99e-08 9.23e-04  -6.1 2.83e-04    -  1.00e+00 1.00e+00h  1
2949  6.9006400e-04 3.35e-05 3.91e-04  -6.1 8.39e-03    -  1.00e+00 1.00e+00h  1
iter    objective    inf_pr   inf_du lg(mu)  ||d||  lg(rg) alpha_du alpha_pr  ls
2950  6.8925632e-04 2.34e-05 1.31e-02  -6.1 1.27e-03    -  1.00e+00 3.05e-01h  2
2951  8.0032083e-04 2.74e-03 7.03e-02  -4.0 7.70e-02    -  1.00e+00 1.00e+00h  1
2952  7.3189128e-04 7.96e-04 1.74e-02  -4.1 3.95e-02    -  1.00e+00 1.00e+00h  1
2953  8.5930046e-04 2.38e-04 2.10e-03  -4.1 2.54e-02    -  1.00e+00 1.00e+00h  1
2954  6.9530516e-04 2.15e-05 1.18e-03  -4.1 5.41e-03    -  1.00e+00 1.00e+00h  1
2955  7.0607969e-04 6.88e-05 2.90e-02  -4.1 1.16e-02    -  1.00e+00 1.00e+00h  1
2956  6.9832203e-04 2.48e-05 6.16e-03  -4.1 7.27e-03    -  1.00e+00 1.00e+00h  1
2957  6.9976274e-04 9.85e-06 5.60e-03  -4.1 4.31e-03    -  1.00e+00 1.00e+00h  1
2958  6.9638513e-04 3.25e-06 1.98e-03  -4.1 2.18e-03    -  1.00e+00 1.00e+00h  1
2959  6.9615769e-04 2.37e-07 1.39e-03  -4.1 4.85e-04    -  1.00e+00 1.00e+00h  1
iter    objective    inf_pr   inf_du lg(mu)  ||d||  lg(rg) alpha_du alpha_pr  ls
2960  6.9612691e-04 1.77e-08 3.08e-04  -4.1 1.57e-04    -  1.00e+00 1.00e+00h  1
2961  6.9579259e-04 5.95e-08 1.17e-03  -6.1 3.64e-04    -  1.00e+00 1.00e+00h  1
2962  6.8712311e-04 9.21e-05 7.92e-04  -6.1 1.44e-02    -  1.00e+00 1.00e+00h  1
2963  6.8717895e-04 5.05e-05 5.99e-03  -6.1 6.15e-03    -  1.00e+00 5.00e-01h  2
2964  8.4508589e-04 3.00e-03 3.00e-02  -4.0 8.14e-02    -  1.00e+00 1.00e+00h  1
2965  9.2801821e-04 9.54e-04 9.49e-03  -4.1 4.16e-02    -  1.00e+00 1.00e+00h  1
2966  7.7768574e-04 8.88e-04 5.03e-03  -4.1 4.77e-02    -  1.00e+00 1.00e+00h  1
2967  7.0307921e-04 3.20e-04 2.22e-03  -4.1 2.80e-02    -  1.00e+00 1.00e+00h  1
2968  6.9156064e-04 2.18e-04 4.88e-03  -4.1 2.33e-02    -  1.00e+00 1.00e+00h  1
2969  7.0994291e-04 1.37e-04 2.72e-03  -4.1 1.89e-02    -  1.00e+00 1.00e+00h  1
iter    objective    inf_pr   inf_du lg(mu)  ||d||  lg(rg) alpha_du alpha_pr  ls
2970  7.2272996e-04 3.17e-06 3.82e-03  -4.1 2.41e-03    -  1.00e+00 1.00e+00h  1
2971  6.8445405e-04 1.54e-04 4.21e-02  -4.1 1.71e-02    -  1.00e+00 1.00e+00h  1
2972  6.9289434e-04 3.54e-05 8.96e-03  -4.1 9.29e-03    -  1.00e+00 1.00e+00h  1
2973  6.9783609e-04 2.89e-05 4.59e-03  -4.1 6.32e-03    -  1.00e+00 1.00e+00h  1
2974  6.9655610e-04 7.62e-06 7.77e-03  -4.1 2.67e-03    -  1.00e+00 1.00e+00h  1
2975  6.9593617e-04 2.65e-06 2.97e-03  -4.1 1.96e-03    -  1.00e+00 1.00e+00h  1
2976  6.9621312e-04 1.65e-07 6.10e-04  -4.1 5.67e-04    -  1.00e+00 1.00e+00h  1
2977  6.9589473e-04 7.19e-08 1.13e-03  -6.1 3.56e-04    -  1.00e+00 1.00e+00h  1
2978  6.9394443e-04 1.53e-05 3.09e-02  -6.1 1.29e-01    -  1.00e+00 4.31e-02h  4
2979  6.9243124e-04 3.74e-07 3.76e-04  -6.1 6.26e-04    -  1.00e+00 1.00e+00h  1
iter    objective    inf_pr   inf_du lg(mu)  ||d||  lg(rg) alpha_du alpha_pr  ls
2980  6.9113826e-04 1.97e-07 1.50e-04  -6.1 4.86e-04    -  1.00e+00 1.00e+00h  1
2981  6.9124659e-04 1.44e-08 1.61e-04  -6.1 1.63e-04    -  1.00e+00 1.00e+00h  1
2982  6.9107747e-04 1.86e-09 2.10e-04  -6.1 6.72e-05    -  1.00e+00 1.00e+00h  1
2983  8.7503075e-04 6.49e-03 2.11e-01  -4.0 1.11e-01    -  1.00e+00 1.00e+00f  1
2984  7.5435403e-04 1.71e-03 5.30e-02  -4.1 5.57e-02    -  1.00e+00 1.00e+00h  1
2985  7.1791994e-04 4.59e-04 1.31e-02  -4.1 2.93e-02    -  1.00e+00 1.00e+00h  1
2986  1.1683646e-03 3.24e-04 2.10e-03  -4.1 2.08e-02    -  1.00e+00 1.00e+00h  1
2987  6.9618658e-04 7.69e-06 1.56e-03  -4.1 3.79e-03    -  1.00e+00 1.00e+00h  1
2988  6.9601066e-04 7.58e-08 1.02e-03  -4.1 2.71e-04    -  1.00e+00 1.00e+00h  1
2989  6.9692100e-04 4.13e-07 2.81e-03  -4.1 9.97e-04    -  1.00e+00 1.00e+00h  1
iter    objective    inf_pr   inf_du lg(mu)  ||d||  lg(rg) alpha_du alpha_pr  ls
2990  6.9618670e-04 3.68e-07 1.09e-03  -4.1 7.36e-04    -  1.00e+00 1.00e+00h  1
2991  6.9615668e-04 4.72e-09 2.33e-04  -4.1 8.54e-05    -  1.00e+00 1.00e+00h  1
2992  6.9592193e-04 3.36e-08 1.09e-03  -6.1 2.39e-04    -  1.00e+00 1.00e+00h  1
2993  6.8871634e-04 2.39e-04 2.86e-02  -6.1 1.44e-01    -  1.00e+00 1.38e-01h  2
2994  6.9361509e-04 7.80e-05 2.89e-04  -6.1 9.40e-03    -  1.00e+00 1.00e+00h  1
2995  6.8995681e-04 4.08e-05 2.70e-03  -6.1 4.60e-03    -  1.00e+00 5.00e-01h  2
2996  6.9018984e-04 2.42e-06 5.67e-04  -6.1 2.31e-03    -  1.00e+00 1.00e+00h  1
2997  9.1681874e-04 9.25e-03 2.43e-01  -4.0 1.27e-01    -  1.00e+00 1.00e+00f  1
2998  7.7471804e-04 2.27e-03 6.10e-02  -4.1 6.32e-02    -  1.00e+00 1.00e+00h  1
2999  1.1073977e-03 6.27e-04 1.29e-02  -4.1 3.47e-02    -  1.00e+00 1.00e+00h  1
iter    objective    inf_pr   inf_du lg(mu)  ||d||  lg(rg) alpha_du alpha_pr  ls
3000  7.6419616e-04 4.89e-04 1.95e-03  -4.1 2.95e-02    -  1.00e+00 1.00e+00h  1
3001  7.0246240e-04 4.45e-05 2.33e-03  -4.1 9.72e-03    -  1.00e+00 1.00e+00h  1
3002  6.8757701e-04 1.11e-04 1.56e-02  -4.1 1.15e-02    -  1.00e+00 1.00e+00h  1
3003  6.9545863e-04 4.35e-05 3.30e-03  -4.1 8.69e-03    -  1.00e+00 1.00e+00h  1
3004  6.9918005e-04 1.20e-05 8.27e-03  -4.1 4.65e-03    -  1.00e+00 1.00e+00h  1
3005  6.9623184e-04 9.94e-06 5.48e-03  -4.1 3.86e-03    -  1.00e+00 1.00e+00h  1
3006  6.9588068e-04 1.58e-06 1.88e-03  -4.1 1.27e-03    -  1.00e+00 1.00e+00h  1
3007  6.9635730e-04 1.59e-07 1.24e-03  -4.1 5.71e-04    -  1.00e+00 1.00e+00h  1
3008  6.9611476e-04 6.35e-08 5.61e-04  -4.1 2.43e-04    -  1.00e+00 1.00e+00h  1
3009  6.9586603e-04 3.27e-08 1.03e-03  -6.1 2.60e-04    -  1.00e+00 1.00e+00h  1
iter    objective    inf_pr   inf_du lg(mu)  ||d||  lg(rg) alpha_du alpha_pr  ls
3010  6.8991674e-04 3.04e-05 7.22e-04  -6.1 7.94e-03    -  1.00e+00 1.00e+00h  1
3011  6.8909932e-04 2.37e-05 1.68e-02  -6.1 2.08e-03    -  1.00e+00 2.15e-01h  2
3012  7.9973271e-04 3.40e-03 6.28e-02  -4.0 8.59e-02    -  1.00e+00 1.00e+00h  1
3013  7.3274858e-04 9.51e-04 1.60e-02  -4.1 4.41e-02    -  1.00e+00 1.00e+00h  1
3014  1.6353637e-03 5.56e-04 2.73e-03  -4.1 2.93e-02    -  1.00e+00 1.00e+00h  1
3015  7.0290145e-04 5.18e-05 3.79e-03  -4.1 9.12e-03    -  1.00e+00 1.00e+00h  1
3016  6.7999139e-04 4.34e-04 4.42e-02  -4.1 3.08e-02    -  1.00e+00 1.00e+00h  1
3017  6.9038875e-04 1.18e-04 9.49e-03  -4.1 1.62e-02    -  1.00e+00 1.00e+00h  1
3018  7.5532439e-04 5.05e-05 3.27e-03  -4.1 1.01e-02    -  1.00e+00 1.00e+00h  1
3019  6.9704521e-04 2.63e-06 1.31e-03  -4.1 2.12e-03    -  1.00e+00 1.00e+00h  1
iter    objective    inf_pr   inf_du lg(mu)  ||d||  lg(rg) alpha_du alpha_pr  ls
3020  6.9619999e-04 4.39e-08 5.84e-04  -4.1 3.01e-04    -  1.00e+00 1.00e+00h  1
3021  6.9554792e-04 2.66e-07 1.06e-03  -6.1 7.50e-04    -  1.00e+00 1.00e+00h  1
3022  6.9487304e-04 2.18e-06 2.95e-03  -6.1 1.69e-02    -  1.00e+00 1.25e-01h  4
3023  6.9165935e-04 5.39e-06 7.90e-03  -6.1 7.18e-03    -  1.00e+00 4.24e-01h  2
3024  6.9287555e-04 3.33e-06 1.01e-02  -6.1 1.98e-03    -  1.00e+00 5.00e-01h  2
3025  6.9108509e-04 2.82e-07 5.10e-05  -6.1 6.44e-04    -  1.00e+00 1.00e+00h  1
3026  6.9101714e-04 1.25e-08 1.74e-05  -6.1 1.11e-04    -  1.00e+00 1.00e+00h  1
3027  8.7098018e-04 6.34e-03 1.98e-01  -4.0 1.13e-01    -  1.00e+00 1.00e+00f  1
3028  7.5453376e-04 1.83e-03 4.80e-02  -4.1 5.76e-02    -  1.00e+00 1.00e+00h  1
3029  7.8842159e-04 4.15e-04 1.32e-02  -4.1 2.82e-02    -  1.00e+00 1.00e+00h  1
iter    objective    inf_pr   inf_du lg(mu)  ||d||  lg(rg) alpha_du alpha_pr  ls
3030  8.1493055e-04 4.34e-04 3.85e-02  -4.1 3.93e-02    -  8.73e-01 5.00e-01h  2
3031  6.9819472e-04 1.46e-04 2.61e-03  -4.1 1.66e-02    -  1.00e+00 1.00e+00h  1
3032  6.9587619e-04 9.04e-05 8.56e-03  -4.1 9.84e-03    -  1.00e+00 1.00e+00h  1
3033  6.9872107e-04 6.58e-05 4.68e-03  -4.1 9.41e-03    -  1.00e+00 1.00e+00h  1
3034  6.9478650e-04 1.11e-05 4.98e-03  -4.1 4.73e-03    -  1.00e+00 1.00e+00h  1
3035  7.0030811e-04 2.97e-05 1.59e-02  -4.1 7.86e-03    -  1.00e+00 1.00e+00h  1
3036  6.9772523e-04 2.20e-05 3.16e-03  -4.1 5.66e-03    -  1.00e+00 1.00e+00h  1
3037  6.9591904e-04 2.85e-06 3.18e-03  -4.1 2.24e-03    -  1.00e+00 1.00e+00h  1
3038  6.9678662e-04 7.35e-07 6.11e-04  -4.1 1.14e-03    -  1.00e+00 1.00e+00h  1
3039  6.9646996e-04 7.43e-08 8.57e-04  -6.1 2.76e-04    -  1.00e+00 1.00e+00h  1
iter    objective    inf_pr   inf_du lg(mu)  ||d||  lg(rg) alpha_du alpha_pr  ls
3040  6.8976409e-04 7.97e-05 1.12e-03  -6.1 9.55e-03    -  1.00e+00 1.00e+00h  1
3041  6.9238985e-04 5.15e-05 8.88e-03  -6.1 3.28e-03    -  1.00e+00 3.51e-01h  2
3042  6.9132844e-04 9.70e-06 7.16e-04  -6.1 3.46e-03    -  1.00e+00 1.00e+00h  1
3043  6.9215064e-04 4.83e-06 2.01e-03  -6.1 9.79e-04    -  1.00e+00 5.00e-01h  2
3044  6.9124467e-04 2.56e-08 2.92e-04  -6.1 3.25e-04    -  1.00e+00 1.00e+00h  1
3045  6.9113134e-04 8.87e-08 4.18e-05  -6.1 2.78e-04    -  1.00e+00 1.00e+00h  1
3046  6.9071972e-04 1.81e-06 9.52e-05  -6.1 1.35e-03    -  1.00e+00 1.00e+00h  1
3047  8.7205909e-04 4.57e-04 2.32e-01  -4.0 1.00e-01    -  1.00e+00 2.50e-01f  3
3048  7.1002589e-04 2.11e-04 3.94e-03  -4.1 1.57e-02    -  1.00e+00 1.00e+00h  1
3049  6.9145493e-04 9.85e-05 1.17e-02  -4.1 1.32e-02    -  1.00e+00 1.00e+00h  1
iter    objective    inf_pr   inf_du lg(mu)  ||d||  lg(rg) alpha_du alpha_pr  ls
3050  6.9365363e-04 8.68e-05 1.80e-02  -4.1 1.11e-02    -  1.00e+00 5.00e-01h  2
3051  6.9822769e-04 7.79e-05 9.79e-03  -4.1 1.24e-02    -  1.00e+00 5.00e-01h  2
3052  6.9487338e-04 1.72e-05 3.71e-03  -4.1 4.38e-03    -  1.00e+00 1.00e+00h  1
3053  6.9744140e-04 1.03e-05 4.05e-03  -4.1 3.25e-03    -  1.00e+00 1.00e+00h  1
3054  6.9600190e-04 2.23e-06 1.41e-03  -4.1 1.34e-03    -  1.00e+00 1.00e+00h  1
3055  6.9643617e-04 3.25e-07 1.41e-03  -4.1 6.72e-04    -  1.00e+00 1.00e+00h  1
3056  6.9637789e-04 2.13e-07 7.93e-04  -4.1 5.12e-04    -  1.00e+00 1.00e+00h  1
3057  6.9610457e-04 4.44e-08 1.30e-03  -6.1 2.68e-04    -  1.00e+00 1.00e+00h  1
3058  6.8943358e-04 3.46e-04 2.63e-02  -6.1 1.33e-01    -  1.00e+00 1.77e-01h  2
3059  6.8661801e-04 2.04e-04 9.31e-04  -6.1 1.14e-02    -  1.00e+00 5.00e-01h  2
iter    objective    inf_pr   inf_du lg(mu)  ||d||  lg(rg) alpha_du alpha_pr  ls
3060  6.8346359e-04 1.57e-04 1.13e-02  -6.1 8.96e-03    -  1.00e+00 2.50e-01h  3
3061  6.8866404e-04 3.93e-05 2.01e-04  -5.9 7.88e-03    -  1.00e+00 1.00e+00h  1
3062  8.5137633e-04 1.53e-03 4.45e-02  -4.0 1.07e-01    -  1.00e+00 5.00e-01h  2
3063  7.1289029e-04 5.94e-04 4.72e-03  -4.1 3.08e-02    -  1.00e+00 1.00e+00h  1
3064  7.0071925e-04 2.50e-04 2.65e-03  -4.1 2.67e-02    -  1.00e+00 1.00e+00h  1
3065  7.0693130e-04 3.08e-04 4.07e-03  -4.1 1.72e-02    -  1.00e+00 1.00e+00h  1
3066  6.9245706e-04 1.03e-04 6.21e-03  -4.1 8.90e-03    -  1.00e+00 1.00e+00h  1
3067  7.2815583e-04 5.83e-05 1.22e-02  -4.1 1.63e-02    -  1.00e+00 5.00e-01h  2
3068  6.9512941e-04 8.80e-05 1.40e-02  -4.1 1.14e-02    -  1.00e+00 1.00e+00h  1
3069  6.9700230e-04 5.15e-05 7.01e-03  -4.1 8.92e-03    -  1.00e+00 1.00e+00h  1
iter    objective    inf_pr   inf_du lg(mu)  ||d||  lg(rg) alpha_du alpha_pr  ls
3070  6.9750484e-04 1.01e-05 4.77e-03  -4.1 2.89e-03    -  1.00e+00 1.00e+00h  1
3071  6.9533620e-04 6.47e-06 4.37e-03  -4.1 2.52e-03    -  1.00e+00 1.00e+00h  1
3072  6.9669088e-04 6.33e-07 2.60e-03  -4.1 1.21e-03    -  1.00e+00 1.00e+00h  1
3073  6.9635538e-04 5.91e-07 1.42e-03  -4.1 9.49e-04    -  1.00e+00 1.00e+00h  1
3074  6.9618261e-04 1.96e-07 2.84e-04  -4.1 4.17e-04    -  1.00e+00 1.00e+00h  1
3075  6.9585841e-04 1.49e-07 1.19e-03  -6.1 4.14e-04    -  1.00e+00 1.00e+00h  1
3076  6.8683067e-04 4.01e-04 1.29e-03  -6.1 2.25e-02    -  1.00e+00 1.00e+00h  1
3077  6.8843303e-04 3.01e-04 8.64e-03  -6.1 7.85e-03    -  1.00e+00 2.50e-01h  3
3078  6.8900440e-04 1.03e-04 8.78e-04  -6.1 1.10e-02    -  1.00e+00 1.00e+00h  1
3079  6.9118096e-04 7.36e-05 6.51e-03  -6.1 9.50e-03    -  1.00e+00 5.00e-01h  2
iter    objective    inf_pr   inf_du lg(mu)  ||d||  lg(rg) alpha_du alpha_pr  ls
3080  6.9102299e-04 4.41e-05 3.84e-03  -6.1 5.23e-03    -  1.00e+00 5.00e-01h  2
3081  6.9072756e-04 1.92e-05 4.19e-04  -6.1 3.92e-03    -  1.00e+00 1.00e+00h  1
3082  6.9090134e-04 1.51e-06 1.26e-04  -6.1 1.20e-03    -  1.00e+00 1.00e+00h  1
3083  6.9334717e-04 7.64e-07 5.54e-04  -6.1 2.68e-03    -  1.00e+00 1.00e+00H  1
3084  6.9051072e-04 8.28e-06 5.79e-05  -6.1 2.72e-03    -  1.00e+00 1.00e+00h  1
3085  6.9081526e-04 1.47e-06 2.26e-04  -6.1 1.11e-03    -  1.00e+00 1.00e+00h  1
3086  8.6472672e-04 5.50e-03 2.01e-01  -4.0 9.75e-02    -  1.00e+00 1.00e+00f  1
3087  7.4914103e-04 1.74e-03 4.81e-02  -4.1 4.94e-02    -  1.00e+00 1.00e+00h  1
3088  7.2758991e-04 4.38e-04 1.26e-02  -4.1 2.41e-02    -  1.00e+00 1.00e+00h  1
3089  7.1682527e-04 2.15e-04 1.84e-02  -4.1 2.24e-02    -  1.00e+00 5.00e-01h  2
iter    objective    inf_pr   inf_du lg(mu)  ||d||  lg(rg) alpha_du alpha_pr  ls
3090  7.0570952e-04 1.25e-04 3.54e-03  -4.1 1.24e-02    -  1.00e+00 1.00e+00h  1
3091  7.0477139e-04 5.18e-05 1.03e-02  -4.1 9.75e-03    -  1.00e+00 1.00e+00H  1
3092  7.2124423e-04 7.35e-05 3.53e-03  -4.1 7.88e-03    -  1.00e+00 1.00e+00h  1
3093  6.9883515e-04 1.05e-05 6.06e-03  -4.1 3.27e-03    -  1.00e+00 1.00e+00h  1
3094  6.9625449e-04 8.65e-06 7.10e-03  -4.1 2.48e-03    -  1.00e+00 1.00e+00h  1
3095  6.9624265e-04 2.77e-06 2.94e-03  -4.1 1.86e-03    -  1.00e+00 1.00e+00h  1
3096  6.9614254e-04 1.30e-07 9.96e-04  -4.1 5.76e-04    -  1.00e+00 1.00e+00h  1
3097  6.9598152e-04 3.44e-08 4.55e-04  -4.1 1.78e-04    -  1.00e+00 1.00e+00h  1
3098  6.9575487e-04 2.65e-08 9.75e-04  -6.1 2.48e-04    -  1.00e+00 1.00e+00h  1
3099  6.9266654e-04 1.90e-05 1.19e-03  -6.1 5.52e-03    -  1.00e+00 1.00e+00h  1
iter    objective    inf_pr   inf_du lg(mu)  ||d||  lg(rg) alpha_du alpha_pr  ls
3100  6.9085094e-04 1.69e-05 2.29e-02  -6.1 6.55e-03    -  1.00e+00 1.64e-01h  2
3101  6.9204084e-04 8.78e-06 4.99e-03  -6.1 1.84e-03    -  1.00e+00 5.00e-01h  2
3102  6.9089976e-04 1.93e-07 2.61e-04  -6.1 6.25e-04    -  1.00e+00 1.00e+00h  1
3103  9.2325950e-04 8.54e-03 2.53e-01  -4.0 1.19e-01    -  1.00e+00 1.00e+00f  1
3104  7.6585373e-04 2.34e-03 6.37e-02  -4.1 5.93e-02    -  1.00e+00 1.00e+00h  1
3105  8.4425812e-04 6.82e-04 1.48e-02  -4.1 3.09e-02    -  1.00e+00 1.00e+00h  1
3106  8.1182789e-04 5.76e-04 2.92e-02  -4.1 3.43e-02    -  6.82e-01 5.00e-01h  2
3107  7.1353522e-04 8.08e-06 2.27e-03  -4.1 3.30e-03    -  1.00e+00 1.00e+00h  1
3108  6.8348407e-04 1.16e-03 1.72e-01  -4.1 4.23e-02    -  1.00e+00 1.00e+00h  1
3109  6.9071555e-04 3.41e-04 4.32e-02  -4.1 2.07e-02    -  1.00e+00 1.00e+00h  1
iter    objective    inf_pr   inf_du lg(mu)  ||d||  lg(rg) alpha_du alpha_pr  ls
3110  7.7076983e-04 1.33e-04 7.86e-03  -4.1 1.23e-02    -  1.00e+00 1.00e+00h  1
3111  7.0478232e-04 6.27e-05 6.89e-03  -4.1 7.63e-03    -  1.00e+00 1.00e+00h  1
3112  6.9493314e-04 2.73e-05 5.57e-03  -4.1 5.55e-03    -  1.00e+00 1.00e+00h  1
3113  6.9673221e-04 8.60e-06 3.06e-03  -4.1 2.73e-03    -  1.00e+00 1.00e+00h  1
3114  6.9658995e-04 1.42e-06 3.85e-03  -4.1 1.32e-03    -  1.00e+00 1.00e+00h  1
3115  6.9613456e-04 2.72e-07 1.04e-03  -4.1 7.76e-04    -  1.00e+00 1.00e+00h  1
3116  6.9619999e-04 2.29e-08 2.80e-04  -4.1 1.54e-04    -  1.00e+00 1.00e+00h  1
3117  6.9596736e-04 5.21e-08 1.19e-03  -6.1 2.70e-04    -  1.00e+00 1.00e+00h  1
3118  6.9381590e-04 1.32e-05 2.00e-03  -6.1 4.29e-03    -  1.00e+00 1.00e+00h  1
3119  6.9174692e-04 1.40e-05 1.97e-02  -6.1 1.14e-02    -  1.00e+00 1.71e-01h  2
iter    objective    inf_pr   inf_du lg(mu)  ||d||  lg(rg) alpha_du alpha_pr  ls
3120  6.9269242e-04 6.33e-06 9.70e-03  -6.1 2.15e-03    -  1.00e+00 5.00e-01h  2
3121  6.9144342e-04 3.74e-07 6.28e-04  -6.1 6.88e-04    -  1.00e+00 1.00e+00h  1
3122  6.9111729e-04 3.14e-07 5.58e-04  -6.1 5.54e-04    -  1.00e+00 1.00e+00h  1
3123  6.9105059e-04 2.44e-05 4.06e-04  -6.1 4.16e-03    -  1.00e+00 1.00e+00h  1
3124  6.9071892e-04 1.41e-05 2.76e-03  -6.1 2.58e-03    -  1.00e+00 5.00e-01h  2
3125  6.9458264e-04 1.93e-07 1.09e-03  -6.1 5.23e-03    -  1.00e+00 1.00e+00H  1
3126  6.9053058e-04 1.79e-05 3.69e-04  -6.1 4.05e-03    -  1.00e+00 1.00e+00h  1
3127  6.9017206e-04 1.36e-05 5.03e-03  -6.1 7.06e-03    -  1.00e+00 2.50e-01h  3
3128  6.9093017e-04 7.62e-07 1.23e-04  -6.1 8.06e-04    -  1.00e+00 1.00e+00h  1
3129  6.9092341e-04 4.65e-07 2.01e-04  -6.1 5.87e-04    -  1.00e+00 1.00e+00h  1
iter    objective    inf_pr   inf_du lg(mu)  ||d||  lg(rg) alpha_du alpha_pr  ls
3130  6.9066309e-04 2.03e-07 3.47e-05  -6.1 4.28e-04    -  1.00e+00 1.00e+00h  1
3131  1.0772302e-03 1.19e-02 2.91e-01  -4.0 1.06e-01    -  1.00e+00 1.00e+00f  1
3132  7.6965623e-04 3.74e-03 6.92e-02  -4.1 6.00e-02    -  1.00e+00 1.00e+00h  1
3133  8.2433227e-04 2.23e-03 3.64e-02  -4.1 4.22e-02    -  1.00e+00 1.00e+00h  1
3134  1.5679621e-03 1.34e-03 8.37e-03  -4.1 3.22e-02    -  1.00e+00 1.00e+00h  1
3135  7.0911352e-04 3.41e-04 6.11e-03  -4.1 1.81e-02    -  1.00e+00 1.00e+00h  1
3136  7.0658003e-04 4.53e-06 2.55e-03  -4.1 2.81e-03    -  1.00e+00 1.00e+00h  1
3137  7.1946492e-04 1.73e-04 3.55e-02  -4.1 1.24e-02    -  1.00e+00 1.00e+00h  1
3138  6.9531326e-04 4.93e-05 8.48e-03  -4.1 6.59e-03    -  1.00e+00 1.00e+00h  1
3139  7.0000050e-04 1.26e-05 6.73e-03  -4.1 4.79e-03    -  1.00e+00 1.00e+00h  1
iter    objective    inf_pr   inf_du lg(mu)  ||d||  lg(rg) alpha_du alpha_pr  ls
3140  6.9700342e-04 1.16e-05 8.05e-03  -4.1 3.52e-03    -  1.00e+00 1.00e+00h  1
3141  6.9697019e-04 6.91e-06 3.44e-03  -4.1 3.00e-03    -  1.00e+00 1.00e+00h  1
3142  6.9746695e-04 7.91e-07 1.19e-03  -4.1 1.22e-03    -  1.00e+00 1.00e+00h  1
3143  6.9709161e-04 7.91e-08 6.76e-04  -4.1 2.90e-04    -  1.00e+00 1.00e+00h  1
3144  6.9663162e-04 8.32e-08 1.21e-03  -6.1 3.61e-04    -  1.00e+00 1.00e+00h  1
3145  6.9631900e-04 3.67e-06 9.98e-04  -6.1 1.67e-02    -  1.00e+00 1.25e-01h  4
3146  6.9124443e-04 2.32e-05 1.69e-04  -6.1 5.64e-03    -  1.00e+00 1.00e+00h  1
3147  6.9316054e-04 1.22e-05 8.59e-03  -6.1 2.15e-03    -  1.00e+00 5.00e-01h  2
3148  6.9142042e-04 1.13e-06 4.41e-04  -6.1 1.29e-03    -  1.00e+00 1.00e+00h  1
3149  6.9137322e-04 1.69e-08 6.82e-05  -6.1 2.02e-04    -  1.00e+00 1.00e+00h  1
iter    objective    inf_pr   inf_du lg(mu)  ||d||  lg(rg) alpha_du alpha_pr  ls
3150  6.9128497e-04 7.35e-08 2.96e-05  -6.1 3.35e-04    -  1.00e+00 1.00e+00h  1
3151  6.9094767e-04 7.47e-07 7.12e-05  -6.1 9.49e-04    -  1.00e+00 1.00e+00h  1
3152  6.9087168e-04 5.12e-07 1.13e-04  -6.1 1.05e-03    -  1.00e+00 1.00e+00h  1
3153  7.1844212e-04 3.46e-09 5.49e-04  -6.1 4.52e-03    -  1.00e+00 1.00e+00H  1
3154  6.9059548e-04 5.54e-06 1.56e-04  -6.1 2.54e-03    -  1.00e+00 1.00e+00h  1
3155  6.9069471e-04 3.38e-08 3.84e-05  -6.1 2.43e-04    -  1.00e+00 1.00e+00h  1
3156  8.9810082e-04 4.45e-04 3.47e-01  -4.0 8.77e-02    -  1.00e+00 2.50e-01f  3
3157  7.0693850e-04 2.53e-04 5.04e-03  -4.1 1.58e-02    -  1.00e+00 1.00e+00h  1
3158  6.9854555e-04 1.14e-04 1.29e-02  -4.1 1.26e-02    -  1.00e+00 1.00e+00h  1
3159  6.9639759e-04 6.79e-05 1.34e-03  -4.1 9.68e-03    -  1.00e+00 1.00e+00h  1
iter    objective    inf_pr   inf_du lg(mu)  ||d||  lg(rg) alpha_du alpha_pr  ls
3160  6.9532868e-04 7.37e-07 1.12e-03  -4.1 1.16e-03    -  1.00e+00 1.00e+00h  1
3161  6.9669365e-04 1.46e-06 3.55e-03  -4.1 1.49e-03    -  1.00e+00 1.00e+00h  1
3162  6.9601740e-04 4.02e-07 3.39e-04  -4.1 7.77e-04    -  1.00e+00 1.00e+00h  1
3163  6.9577130e-04 3.73e-08 1.19e-03  -6.1 2.42e-04    -  1.00e+00 1.00e+00h  1
3164  6.9511014e-04 9.45e-05 5.09e-04  -6.1 2.48e-02    -  1.00e+00 5.00e-01h  2
3165  6.8968291e-04 5.09e-05 5.20e-03  -6.1 4.95e-03    -  1.00e+00 5.00e-01h  2
3166  6.8961705e-04 2.75e-05 5.52e-03  -6.1 4.09e-03    -  1.00e+00 5.00e-01h  2
3167  6.9064783e-04 4.25e-06 1.52e-04  -6.1 2.44e-03    -  1.00e+00 1.00e+00h  1
3168  6.9091011e-04 1.39e-07 4.49e-05  -6.1 4.89e-04    -  1.00e+00 1.00e+00h  1
3169  6.9085716e-04 4.97e-08 3.48e-05  -6.1 2.26e-04    -  1.00e+00 1.00e+00h  1
iter    objective    inf_pr   inf_du lg(mu)  ||d||  lg(rg) alpha_du alpha_pr  ls
3170  6.9077995e-04 8.44e-07 1.07e-04  -6.1 9.72e-04    -  1.00e+00 1.00e+00h  1
3171  6.9069714e-04 1.13e-06 1.78e-04  -6.1 1.20e-03    -  1.00e+00 1.00e+00h  1
3172  6.9375180e-04 6.17e-09 4.31e-04  -6.1 1.85e-03    -  1.00e+00 1.00e+00H  1
3173  6.9063396e-04 1.51e-06 9.98e-05  -6.1 1.64e-03    -  1.00e+00 1.00e+00h  1
3174  8.7013497e-04 2.39e-03 3.56e-01  -4.0 8.00e-02    -  1.00e+00 1.00e+00f  1
3175  7.4472079e-04 9.99e-04 8.65e-02  -4.1 4.59e-02    -  1.00e+00 1.00e+00h  1
3176  8.9681900e-04 5.05e-04 4.24e-02  -4.1 2.47e-02    -  1.00e+00 1.00e+00h  1
3177  7.2963072e-04 4.41e-04 8.12e-03  -4.1 2.86e-02    -  1.00e+00 1.00e+00h  1
3178  7.4571611e-04 3.27e-04 4.40e-02  -4.1 2.55e-02    -  1.00e+00 5.00e-01h  2
3179  7.1990603e-04 9.39e-05 1.84e-02  -4.1 9.82e-03    -  1.00e+00 1.00e+00h  1
iter    objective    inf_pr   inf_du lg(mu)  ||d||  lg(rg) alpha_du alpha_pr  ls
3180  7.0799911e-04 1.39e-04 1.11e-02  -4.1 1.29e-02    -  1.00e+00 1.00e+00h  1
3181  8.4408880e-04 1.21e-04 2.92e-02  -4.1 1.09e-02    -  1.00e+00 1.00e+00h  1
3182  7.0108575e-04 1.03e-04 8.95e-03  -4.1 1.11e-02    -  1.00e+00 1.00e+00h  1
3183  7.0241057e-04 3.43e-05 1.86e-02  -4.1 9.50e-03    -  1.00e+00 1.00e+00h  1
3184  6.9863825e-04 3.30e-05 2.22e-03  -4.1 7.20e-03    -  1.00e+00 1.00e+00h  1
3185  7.0039370e-04 2.30e-06 7.49e-03  -4.1 1.95e-03    -  1.00e+00 1.00e+00h  1
3186  6.9858285e-04 1.61e-06 1.05e-03  -4.1 1.65e-03    -  1.00e+00 1.00e+00h  1
3187  6.9855976e-04 4.24e-08 5.12e-04  -4.1 1.87e-04    -  1.00e+00 1.00e+00h  1
3188  6.9798269e-04 3.22e-07 8.55e-04  -6.1 5.54e-04    -  1.00e+00 1.00e+00h  1
3189  6.9677932e-04 1.30e-05 1.75e-03  -6.1 5.53e-02    -  1.00e+00 6.25e-02h  5
iter    objective    inf_pr   inf_du lg(mu)  ||d||  lg(rg) alpha_du alpha_pr  ls
3190  7.3275125e-04 2.59e-08 1.15e-03  -6.1 6.58e-03    -  1.00e+00 1.00e+00H  1
3191  6.9313679e-04 4.73e-06 1.16e-03  -6.1 2.68e-03    -  1.00e+00 1.00e+00h  1
3192  6.9282531e-04 1.73e-06 8.78e-04  -6.1 1.33e-03    -  1.00e+00 1.00e+00h  1
3193  6.9195715e-04 1.45e-06 5.70e-04  -6.1 1.37e-03    -  1.00e+00 1.00e+00h  1
3194  6.9111053e-04 1.47e-05 8.67e-04  -6.1 3.63e-03    -  1.00e+00 1.00e+00h  1
3195  6.9107908e-04 2.51e-06 4.13e-04  -6.1 2.06e-03    -  1.00e+00 1.00e+00h  1
3196  6.9099598e-04 4.24e-06 3.37e-04  -6.1 2.49e-03    -  1.00e+00 1.00e+00h  1
3197  6.9096780e-04 9.89e-07 1.37e-04  -6.1 1.07e-03    -  1.00e+00 1.00e+00h  1
3198  6.9098772e-04 1.82e-06 2.41e-04  -6.1 1.59e-03    -  1.00e+00 1.00e+00h  1
3199  6.9249920e-04 4.57e-07 1.40e-04  -6.1 6.77e-04    -  1.00e+00 1.00e+00h  1
iter    objective    inf_pr   inf_du lg(mu)  ||d||  lg(rg) alpha_du alpha_pr  ls
3200  6.9091070e-04 6.15e-07 3.91e-05  -6.1 9.57e-04    -  1.00e+00 1.00e+00h  1
3201  6.9094978e-04 2.99e-08 2.58e-05  -6.1 2.38e-04    -  1.00e+00 1.00e+00h  1
3202  6.9093038e-04 1.21e-07 7.55e-05  -6.1 4.54e-04    -  1.00e+00 1.00e+00h  1
3203  6.9299803e-04 1.71e-08 1.43e-03  -6.1 7.66e-03    -  1.00e+00 1.00e+00H  1
3204  6.9595387e-04 4.09e-09 1.46e-03  -6.1 5.25e-03    -  1.00e+00 1.00e+00H  1
3205  6.9571455e-04 5.83e-09 1.65e-02  -6.1 3.90e-03    -  1.00e+00 1.56e-02h  7
3206  6.9014343e-04 1.74e-05 6.50e-04  -6.1 6.32e-03    -  1.00e+00 1.00e+00h  1
3207  6.9080335e-04 1.36e-05 7.12e-04  -6.1 5.57e-03    -  1.00e+00 2.50e-01h  3
3208  6.9069727e-04 1.91e-06 1.31e-04  -6.1 2.09e-03    -  1.00e+00 1.00e+00h  1
3209  6.9069972e-04 7.64e-07 1.12e-03  -6.1 1.54e-03    -  1.00e+00 5.00e-01h  2
iter    objective    inf_pr   inf_du lg(mu)  ||d||  lg(rg) alpha_du alpha_pr  ls
3210  6.9067617e-04 4.51e-07 6.40e-05  -6.1 8.17e-04    -  1.00e+00 1.00e+00h  1
3211  6.9076055e-04 3.18e-08 2.18e-04  -6.1 1.16e-03    -  1.00e+00 1.00e+00H  1
3212  9.6872581e-04 7.06e-03 1.04e-01  -4.0 1.02e-01    -  1.00e+00 1.00e+00f  1
3213  9.0122173e-04 2.98e-03 3.08e-02  -4.1 4.96e-02    -  1.00e+00 1.00e+00h  1
3214  1.9776583e-03 8.01e-04 3.86e-02  -4.1 6.01e-02    -  7.13e-01 1.00e+00h  1
3215  8.3951065e-04 5.99e-04 1.94e-02  -4.1 5.60e-02    -  1.00e+00 6.93e-01h  1
3216  8.5853897e-04 8.29e-04 7.97e-03  -4.1 4.33e-02    -  1.00e+00 1.00e+00f  1
3217  7.4967097e-04 2.20e-04 2.41e-01  -4.1 9.41e-02    -  1.00e+00 1.81e-01H  1
3218  8.0954198e-04 1.43e-04 3.39e-03  -4.1 2.19e-02    -  1.00e+00 1.00e+00f  1
3219  7.2787194e-04 4.04e-04 2.28e-02  -4.1 2.11e-02    -  1.00e+00 1.00e+00h  1
iter    objective    inf_pr   inf_du lg(mu)  ||d||  lg(rg) alpha_du alpha_pr  ls
3220  7.0829255e-04 2.58e-04 9.71e-03  -4.1 1.76e-02    -  1.00e+00 1.00e+00h  1
3221  7.3486982e-04 5.12e-04 7.61e-03  -4.1 2.71e-02    -  1.00e+00 1.00e+00h  1
3222  7.1235224e-04 2.87e-04 3.68e-03  -4.1 2.05e-02    -  1.00e+00 1.00e+00h  1
3223  7.7805829e-04 1.70e-05 6.38e-03  -4.1 6.67e-03    -  1.00e+00 1.00e+00h  1
3224  6.9162997e-04 9.90e-05 1.52e-02  -4.1 1.03e-02    -  1.00e+00 1.00e+00h  1
3225  7.0782490e-04 7.03e-05 5.57e-03  -4.1 8.96e-03    -  1.00e+00 1.00e+00h  1
3226  7.0226652e-04 2.23e-05 7.49e-03  -4.1 4.10e-03    -  1.00e+00 1.00e+00h  1
3227  6.9566039e-04 2.00e-05 9.53e-03  -4.1 5.10e-03    -  1.00e+00 1.00e+00h  1
3228  6.9714470e-04 5.08e-06 3.76e-03  -4.1 2.82e-03    -  1.00e+00 1.00e+00h  1
3229  6.9608811e-04 7.19e-07 1.31e-03  -4.1 7.66e-04    -  1.00e+00 1.00e+00h  1
iter    objective    inf_pr   inf_du lg(mu)  ||d||  lg(rg) alpha_du alpha_pr  ls
3230  6.9629875e-04 2.94e-07 1.11e-03  -4.1 7.08e-04    -  1.00e+00 1.00e+00h  1
3231  6.9633041e-04 4.86e-08 7.91e-04  -4.1 2.44e-04    -  1.00e+00 1.00e+00h  1
3232  6.9604197e-04 6.20e-08 1.23e-03  -6.1 3.08e-04    -  1.00e+00 1.00e+00h  1
3233  6.9445853e-04 2.63e-06 8.98e-04  -6.1 2.00e-03    -  1.00e+00 1.00e+00h  1
3234  6.9260067e-04 1.21e-05 2.26e-02  -6.1 2.39e-02    -  1.00e+00 1.50e-01h  2
3235  6.9208236e-04 4.24e-07 2.14e-04  -6.1 1.12e-03    -  1.00e+00 1.00e+00h  1
3236  6.9128279e-04 5.91e-08 4.75e-04  -6.1 2.96e-04    -  1.00e+00 1.00e+00h  1
3237  6.9110465e-04 1.88e-08 4.11e-05  -6.1 1.50e-04    -  1.00e+00 1.00e+00h  1
3238  6.9106578e-04 7.96e-09 2.80e-05  -6.1 3.33e-04    -  1.00e+00 1.00e+00h  1
3239  8.6790641e-04 2.01e-03 6.75e-02  -4.0 1.14e-01    -  1.00e+00 5.00e-01f  2
iter    objective    inf_pr   inf_du lg(mu)  ||d||  lg(rg) alpha_du alpha_pr  ls
3240  9.5864837e-04 5.76e-04 9.91e-03  -4.1 3.26e-02    -  1.00e+00 1.00e+00h  1
3241  7.3288803e-04 6.68e-04 2.44e-03  -4.1 2.87e-02    -  1.00e+00 1.00e+00h  1
3242  7.8218302e-04 6.22e-05 1.00e-03  -4.1 8.67e-03    -  1.00e+00 1.00e+00h  1
3243  7.1528256e-04 1.22e-04 2.32e-02  -4.1 1.30e-02    -  1.00e+00 1.00e+00h  1
3244  7.1324491e-04 7.87e-05 1.68e-03  -4.1 1.04e-02    -  1.00e+00 1.00e+00h  1
3245  7.1269457e-04 5.60e-05 1.20e-02  -4.1 9.43e-03    -  1.00e+00 1.00e+00h  1
3246  6.9801369e-04 4.33e-05 5.87e-03  -4.1 8.42e-03    -  1.00e+00 1.00e+00h  1
3247  6.9580732e-04 3.22e-06 3.07e-03  -4.1 2.21e-03    -  1.00e+00 1.00e+00h  1
3248  6.9688285e-04 1.21e-06 3.14e-03  -4.1 1.39e-03    -  1.00e+00 1.00e+00h  1
3249  6.9629211e-04 8.93e-07 2.90e-03  -4.1 8.80e-04    -  1.00e+00 1.00e+00h  1
iter    objective    inf_pr   inf_du lg(mu)  ||d||  lg(rg) alpha_du alpha_pr  ls
3250  6.9612969e-04 3.06e-07 9.86e-04  -4.1 6.85e-04    -  1.00e+00 1.00e+00h  1
3251  6.9626707e-04 2.21e-08 9.35e-05  -4.1 2.07e-04    -  1.00e+00 1.00e+00h  1
3252  6.9599609e-04 7.06e-08 1.22e-03  -6.1 3.01e-04    -  1.00e+00 1.00e+00h  1
3253  6.9337902e-04 2.59e-05 5.67e-02  -6.1 2.72e-01    -  1.00e+00 2.13e-02h  4
3254  6.9326923e-04 1.04e-06 1.50e-04  -6.1 1.34e-03    -  1.00e+00 1.00e+00h  1
3255  6.9132451e-04 9.61e-07 3.24e-04  -6.1 1.30e-03    -  1.00e+00 1.00e+00h  1
3256  6.9165178e-04 1.67e-08 2.14e-04  -6.1 2.14e-04    -  1.00e+00 1.00e+00h  1
3257  6.9099252e-04 1.26e-08 1.05e-04  -6.1 1.87e-04    -  1.00e+00 1.00e+00h  1
3258  6.9099351e-04 2.29e-09 1.85e-05  -6.1 4.93e-05    -  1.00e+00 1.00e+00h  1
3259  9.0821788e-04 8.14e-03 8.44e-02  -4.0 1.18e-01    -  1.00e+00 1.00e+00f  1
iter    objective    inf_pr   inf_du lg(mu)  ||d||  lg(rg) alpha_du alpha_pr  ls
3260  7.5904989e-04 3.19e-03 1.95e-02  -4.1 6.50e-02    -  1.00e+00 1.00e+00h  1
3261  1.0946962e-03 2.68e-03 2.82e-03  -4.1 6.91e-02    -  1.00e+00 1.00e+00h  1
3262  9.9045233e-04 1.15e-03 2.37e-02  -4.1 1.16e-01    -  1.00e+00 2.69e-01H  1
3263  8.7524168e-04 2.85e-03 4.40e-02  -4.1 1.14e-01    -  1.00e+00 5.00e-01f  2
3264  7.3821883e-04 8.93e-04 4.00e-03  -4.1 4.20e-02    -  1.00e+00 1.00e+00h  1
3265  8.0568739e-04 8.89e-04 1.54e-02  -4.1 8.73e-02    -  7.05e-01 2.50e-01h  3
3266  7.0059577e-04 4.32e-05 1.00e-03  -4.1 9.22e-03    -  1.00e+00 1.00e+00h  1
3267  7.0209638e-04 2.30e-05 8.73e-01  -4.1 4.86e-02    -  1.00e+00 6.70e-02H  1
3268  6.9840359e-04 3.13e-05 1.27e-03  -4.1 6.68e-03    -  1.00e+00 1.00e+00f  1
3269  7.5754602e-04 1.56e-03 4.77e-02  -4.1 3.70e-02    -  1.00e+00 1.00e+00h  1
iter    objective    inf_pr   inf_du lg(mu)  ||d||  lg(rg) alpha_du alpha_pr  ls
3270  7.1509705e-04 4.74e-04 1.08e-02  -4.1 1.95e-02    -  1.00e+00 1.00e+00h  1
3271  7.0717397e-04 2.79e-04 2.53e-02  -4.1 1.77e-02    -  1.00e+00 5.00e-01h  2
3272  6.9179348e-04 1.09e-04 3.54e-03  -4.1 1.14e-02    -  1.00e+00 1.00e+00h  1
3273  6.9748495e-04 7.35e-05 5.62e-02  -4.1 1.16e-02    -  1.00e+00 5.00e-01h  2
3274  7.0813950e-04 5.85e-05 1.71e-02  -4.1 1.01e-02    -  1.00e+00 1.00e+00h  1
3275  6.9543363e-04 4.03e-05 1.72e-03  -4.1 6.76e-03    -  1.00e+00 1.00e+00h  1
3276  6.9813951e-04 5.81e-06 4.65e-03  -4.1 3.05e-03    -  1.00e+00 1.00e+00h  1
3277  6.9575489e-04 4.02e-06 2.29e-03  -4.1 2.54e-03    -  1.00e+00 1.00e+00h  1
3278  6.9644728e-04 3.84e-07 7.84e-04  -4.1 7.62e-04    -  1.00e+00 1.00e+00h  1
3279  6.9611491e-04 1.17e-07 1.11e-03  -6.1 3.08e-04    -  1.00e+00 1.00e+00h  1
iter    objective    inf_pr   inf_du lg(mu)  ||d||  lg(rg) alpha_du alpha_pr  ls
3280  6.9399250e-04 9.23e-06 1.41e-03  -6.1 3.55e-03    -  1.00e+00 1.00e+00h  1
3281  6.9302665e-04 2.60e-05 4.23e-02  -6.1 5.67e-02    -  1.00e+00 8.61e-02h  2
3282  6.9254081e-04 5.02e-06 3.54e-04  -6.1 2.77e-03    -  1.00e+00 1.00e+00h  1
3283  6.9150730e-04 1.34e-07 3.40e-04  -6.1 5.28e-04    -  1.00e+00 1.00e+00h  1
3284  6.9100924e-04 7.25e-08 7.81e-05  -6.1 3.19e-04    -  1.00e+00 1.00e+00h  1
3285  6.9094673e-04 4.27e-08 3.70e-05  -6.1 2.90e-04    -  1.00e+00 1.00e+00h  1
3286  6.9072484e-04 5.99e-07 5.17e-05  -6.1 1.09e-03    -  1.00e+00 1.00e+00h  1
3287  6.9633829e-04 3.89e-08 4.91e-04  -6.1 2.58e-03    -  1.00e+00 1.00e+00H  1
3288  6.9060950e-04 3.78e-06 4.84e-05  -6.1 2.47e-03    -  1.00e+00 1.00e+00h  1
3289  6.9071702e-04 2.45e-08 2.65e-05  -6.1 1.82e-04    -  1.00e+00 1.00e+00h  1
iter    objective    inf_pr   inf_du lg(mu)  ||d||  lg(rg) alpha_du alpha_pr  ls
3290  9.4787212e-04 6.63e-03 4.90e-01  -4.0 7.61e-02    -  1.00e+00 1.00e+00f  1
3291  7.6235568e-04 1.86e-03 1.35e-01  -4.1 4.38e-02    -  1.00e+00 1.00e+00h  1
3292  7.3993286e-04 1.01e-03 2.01e-01  -4.1 3.59e-02    -  1.00e+00 5.00e-01h  2
3293  7.2039633e-04 2.77e-04 1.98e-02  -4.1 2.02e-02    -  1.00e+00 1.00e+00h  1
3294  7.3391877e-04 1.51e-04 7.50e-03  -4.1 1.21e-02    -  1.00e+00 1.00e+00h  1
3295  7.0103367e-04 4.02e-06 6.86e-03  -4.1 2.13e-03    -  1.00e+00 1.00e+00h  1
3296  7.0271649e-04 1.96e-05 1.61e-02  -4.1 5.67e-03    -  1.00e+00 1.00e+00h  1
3297  6.9890096e-04 9.13e-06 4.12e-03  -4.1 3.24e-03    -  1.00e+00 1.00e+00h  1
3298  6.9857298e-04 4.33e-07 4.44e-03  -4.1 1.90e-03    -  1.00e+00 1.00e+00H  1
3299  6.9779459e-04 7.05e-07 5.94e-03  -4.1 9.31e-04    -  1.00e+00 1.00e+00h  1
iter    objective    inf_pr   inf_du lg(mu)  ||d||  lg(rg) alpha_du alpha_pr  ls
3300  6.9716805e-04 2.28e-09 3.04e-03  -4.1 1.34e-03    -  1.00e+00 1.00e+00H  1
3301  6.9770138e-04 3.28e-11 7.48e-03  -4.1 2.49e-03    -  1.00e+00 1.00e+00H  1
3302  6.9968001e-04 7.79e-12 3.04e-02  -4.1 5.80e-03    -  1.00e+00 1.00e+00H  1
3303  7.1096348e-04 3.79e-12 6.37e-03  -4.1 5.23e-03    -  1.00e+00 1.00e+00H  1
3304  6.9722420e-04 4.78e-10 1.24e-02  -4.1 3.01e-03    -  1.00e+00 1.00e+00F  1
3305  6.9702311e-04 9.48e-08 6.37e-03  -4.1 4.03e-03    -  1.00e+00 1.00e+00H  1
3306  6.9669583e-04 1.66e-06 1.35e-02  -4.1 3.52e-03    -  1.00e+00 5.00e-01h  2
3307  6.9614908e-04 9.58e-08 8.29e-04  -4.1 2.68e-03    -  1.00e+00 1.00e+00H  1
3308  6.9622994e-04 7.87e-10 2.31e-03  -4.1 4.21e-04    -  1.00e+00 1.00e+00H  1
3309  6.9602047e-04 1.21e-07 7.93e-04  -4.1 3.78e-04    -  1.00e+00 1.00e+00h  1
iter    objective    inf_pr   inf_du lg(mu)  ||d||  lg(rg) alpha_du alpha_pr  ls
3310  6.9577944e-04 5.64e-08 1.05e-03  -6.1 2.64e-04    -  1.00e+00 1.00e+00h  1
3311  6.9389253e-04 6.02e-06 1.26e-03  -6.1 2.52e-03    -  1.00e+00 1.00e+00h  1
3312  6.9230643e-04 1.72e-05 2.40e-02  -6.1 1.99e-02    -  1.00e+00 1.49e-01h  2
3313  6.9200586e-04 2.34e-06 5.77e-04  -6.1 1.88e-03    -  1.00e+00 1.00e+00h  1
3314  6.9158567e-04 2.49e-06 7.51e-04  -6.1 1.81e-03    -  1.00e+00 1.00e+00h  1
3315  6.9103041e-04 1.34e-06 2.55e-04  -6.1 1.46e-03    -  1.00e+00 1.00e+00h  1
3316  6.9102705e-04 4.26e-07 7.47e-05  -6.1 5.19e-04    -  1.00e+00 1.00e+00h  1
3317  6.9155018e-04 1.64e-07 3.36e-04  -6.1 2.52e-03    -  1.00e+00 1.00e+00H  1
3318  6.9141910e-04 1.79e-07 5.67e-04  -6.1 2.98e-03    -  1.00e+00 1.00e+00H  1
3319  7.0652122e-04 3.65e-09 1.02e-03  -6.1 7.14e-03    -  1.00e+00 1.00e+00H  1
iter    objective    inf_pr   inf_du lg(mu)  ||d||  lg(rg) alpha_du alpha_pr  ls
3320  6.9072223e-04 6.36e-05 5.43e-04  -6.1 6.56e-03    -  1.00e+00 1.00e+00h  1
3321  6.9044915e-04 4.59e-05 5.73e-03  -6.1 1.40e-02    -  1.00e+00 2.50e-01h  3
3322  6.9087376e-04 2.21e-05 5.07e-04  -6.1 3.08e-03    -  1.00e+00 5.00e-01h  2
3323  6.9081450e-04 5.84e-06 2.13e-04  -6.1 2.95e-03    -  1.00e+00 1.00e+00h  1
3324  6.9081684e-04 2.27e-06 2.51e-04  -6.1 1.63e-03    -  1.00e+00 1.00e+00h  1
3325  6.9261568e-04 5.08e-08 3.03e-04  -6.1 2.23e-03    -  1.00e+00 1.00e+00H  1
3326  6.9076155e-04 7.10e-06 2.13e-04  -6.1 2.28e-03    -  1.00e+00 1.00e+00h  1
3327  6.9296427e-04 3.91e-09 5.14e-04  -6.1 3.35e-03    -  1.00e+00 1.00e+00H  1
3328  6.9085871e-04 3.54e-08 3.22e-04  -6.1 1.53e-03    -  1.00e+00 1.00e+00H  1
3329  6.9069354e-04 6.16e-06 2.03e-04  -6.1 2.15e-03    -  1.00e+00 1.00e+00h  1
iter    objective    inf_pr   inf_du lg(mu)  ||d||  lg(rg) alpha_du alpha_pr  ls
3330  7.0384085e-04 7.04e-09 1.05e-03  -6.1 5.17e-03    -  1.00e+00 1.00e+00H  1
3331  6.9013710e-04 2.50e-05 2.63e-04  -6.1 4.96e-03    -  1.00e+00 1.00e+00h  1
3332  6.9053548e-04 1.23e-06 7.79e-05  -6.1 1.13e-03    -  1.00e+00 1.00e+00h  1
3333  8.1513841e-04 4.61e-04 1.53e-01  -4.0 1.10e-01    -  1.00e+00 2.50e-01f  3
3334  7.0304586e-04 2.36e-04 3.03e-03  -4.1 1.89e-02    -  1.00e+00 1.00e+00h  1
3335  6.9050696e-04 1.63e-04 1.03e-02  -4.1 1.44e-02    -  1.00e+00 1.00e+00h  1
3336  6.9722963e-04 7.94e-05 1.88e-03  -4.1 1.24e-02    -  1.00e+00 1.00e+00h  1
3337  7.3923242e-04 5.31e-05 1.10e-02  -4.1 6.68e-03    -  1.00e+00 1.00e+00h  1
3338  6.9493320e-04 5.87e-05 4.76e-03  -4.1 8.52e-03    -  1.00e+00 1.00e+00h  1
3339  7.0002507e-04 1.67e-05 6.53e-03  -4.1 4.62e-03    -  1.00e+00 1.00e+00h  1
iter    objective    inf_pr   inf_du lg(mu)  ||d||  lg(rg) alpha_du alpha_pr  ls
3340  6.9587005e-04 6.63e-06 2.53e-03  -4.1 2.65e-03    -  1.00e+00 1.00e+00h  1
3341  6.9578151e-04 1.90e-06 2.95e-03  -4.1 1.49e-03    -  1.00e+00 1.00e+00h  1
3342  6.9698899e-04 9.00e-07 3.54e-03  -4.1 1.37e-03    -  1.00e+00 1.00e+00h  1
3343  6.9612977e-04 5.28e-07 3.85e-04  -4.1 8.96e-04    -  1.00e+00 1.00e+00h  1
3344  6.9586484e-04 3.59e-08 9.62e-04  -6.1 2.58e-04    -  1.00e+00 1.00e+00h  1
3345  6.9032059e-04 4.39e-04 2.92e-03  -6.1 2.66e-02    -  1.00e+00 1.00e+00h  1
3346  6.8653065e-04 3.37e-04 2.43e-03  -6.1 1.34e-02    -  1.00e+00 2.50e-01h  3
3347  6.8746892e-04 2.01e-04 8.27e-03  -6.1 1.35e-02    -  1.00e+00 5.00e-01h  2
3348  6.8380182e-04 1.59e-04 9.01e-03  -6.1 1.33e-02    -  1.00e+00 2.50e-01h  3
3349  6.8459261e-04 9.15e-05 3.90e-03  -6.1 5.45e-03    -  1.00e+00 4.43e-01h  1
iter    objective    inf_pr   inf_du lg(mu)  ||d||  lg(rg) alpha_du alpha_pr  ls
3350  6.8903563e-04 2.15e-05 2.71e-04  -6.1 5.14e-03    -  1.00e+00 1.00e+00h  1
3351  8.0812103e-04 6.48e-04 1.50e-01  -4.0 1.24e-01    -  1.00e+00 2.50e-01h  3
3352  7.0191630e-04 4.38e-04 2.22e-03  -4.1 2.51e-02    -  1.00e+00 1.00e+00h  1
3353  7.1677151e-04 2.76e-04 2.01e-01  -4.1 4.34e-02    -  1.00e+00 2.44e-01H  1
3354  6.9276197e-04 1.03e-04 2.55e-03  -4.1 1.14e-02    -  1.00e+00 1.00e+00f  1
3355  7.2120941e-04 6.20e-05 4.97e-02  -4.1 1.69e-02    -  1.00e+00 5.00e-01h  2
3356  6.9294489e-04 3.30e-05 4.93e-03  -4.1 5.94e-03    -  1.00e+00 1.00e+00h  1
3357  6.9837645e-04 1.75e-05 5.50e-02  -4.1 6.44e-03    -  1.00e+00 5.00e-01h  2
3358  7.0086140e-04 2.87e-06 5.93e-03  -4.1 1.94e-03    -  1.00e+00 1.00e+00h  1
3359  6.9609630e-04 2.68e-06 3.37e-03  -4.1 1.89e-03    -  1.00e+00 1.00e+00h  1
iter    objective    inf_pr   inf_du lg(mu)  ||d||  lg(rg) alpha_du alpha_pr  ls
3360  6.9624123e-04 2.30e-07 1.31e-03  -4.1 6.09e-04    -  1.00e+00 1.00e+00h  1
3361  6.9602780e-04 1.62e-08 3.73e-04  -4.1 2.01e-04    -  1.00e+00 1.00e+00h  1
3362  6.9560162e-04 1.27e-07 1.12e-03  -6.1 6.23e-04    -  1.00e+00 1.00e+00h  1
3363  6.9526770e-04 3.21e-06 9.43e-04  -6.1 1.81e-02    -  1.00e+00 1.25e-01h  4
3364  6.9157489e-04 1.56e-05 3.26e-04  -6.1 4.68e-03    -  1.00e+00 1.00e+00h  1
3365  6.9160852e-04 9.89e-06 1.53e-02  -6.1 2.56e-03    -  1.00e+00 3.85e-01h  2
3366  6.9106823e-04 9.65e-07 4.11e-04  -6.1 1.39e-03    -  1.00e+00 1.00e+00h  1
3367  6.9091004e-04 3.08e-07 8.05e-05  -6.1 1.08e-03    -  1.00e+00 1.00e+00h  1
3368  6.9452913e-04 1.27e-07 6.12e-04  -6.1 3.36e-03    -  1.00e+00 1.00e+00H  1
3369  6.9017682e-04 1.16e-05 8.55e-05  -6.1 3.11e-03    -  1.00e+00 1.00e+00h  1
iter    objective    inf_pr   inf_du lg(mu)  ||d||  lg(rg) alpha_du alpha_pr  ls
3370  6.9069916e-04 1.30e-07 1.05e-04  -6.1 5.75e-04    -  1.00e+00 1.00e+00h  1
3371  6.9079667e-04 5.56e-08 7.69e-05  -6.1 2.99e-04    -  1.00e+00 1.00e+00h  1
3372  6.9062086e-04 2.69e-08 1.55e-05  -6.1 1.87e-04    -  1.00e+00 1.00e+00h  1
3373  8.9331883e-04 4.30e-03 3.36e-01  -4.0 9.10e-02    -  1.00e+00 1.00e+00f  1
3374  7.5399192e-04 9.55e-04 8.14e-02  -4.1 4.61e-02    -  1.00e+00 1.00e+00h  1
3375  7.2949633e-04 5.53e-04 2.50e-02  -4.1 2.37e-02    -  1.00e+00 1.00e+00h  1
3376  7.4024763e-04 3.16e-04 1.03e-02  -4.1 1.82e-02    -  1.00e+00 1.00e+00h  1
3377  6.9631355e-04 8.83e-05 2.54e-01  -4.1 3.38e-02    -  1.00e+00 2.94e-01H  1
3378  6.9356442e-04 4.76e-05 1.49e-03  -4.1 6.35e-03    -  1.00e+00 1.00e+00f  1
3379  7.2170980e-04 7.10e-05 1.08e-01  -4.1 1.46e-02    -  1.00e+00 5.00e-01h  2
iter    objective    inf_pr   inf_du lg(mu)  ||d||  lg(rg) alpha_du alpha_pr  ls
3380  6.9450733e-04 3.99e-05 6.32e-03  -4.1 6.19e-03    -  1.00e+00 1.00e+00h  1
3381  6.9990479e-04 1.95e-05 4.91e-03  -4.1 4.19e-03    -  1.00e+00 1.00e+00h  1
3382  6.9623795e-04 4.22e-06 1.48e-03  -4.1 1.85e-03    -  1.00e+00 1.00e+00h  1
3383  6.9637699e-04 3.05e-07 8.01e-04  -4.1 5.70e-04    -  1.00e+00 1.00e+00h  1
3384  6.9590064e-04 9.12e-08 7.10e-04  -6.1 4.31e-04    -  1.00e+00 1.00e+00h  1
3385  6.9346009e-04 2.32e-05 8.58e-03  -6.1 2.99e-02    -  1.00e+00 2.10e-01h  3
3386  6.9078408e-04 1.21e-05 9.85e-03  -6.1 9.15e-04    -  1.00e+00 4.88e-01h  2
3387  6.9105347e-04 1.39e-06 2.11e-04  -6.1 1.24e-03    -  1.00e+00 1.00e+00h  1
3388  6.9103898e-04 1.61e-07 2.61e-04  -6.1 4.54e-04    -  1.00e+00 1.00e+00h  1
3389  6.9088130e-04 2.03e-08 9.18e-05  -6.1 2.09e-04    -  1.00e+00 1.00e+00h  1
iter    objective    inf_pr   inf_du lg(mu)  ||d||  lg(rg) alpha_du alpha_pr  ls
3390  6.9078827e-04 1.27e-07 3.32e-05  -6.1 3.30e-04    -  1.00e+00 1.00e+00h  1
3391  6.9060977e-04 1.38e-06 1.31e-04  -6.1 1.10e-03    -  1.00e+00 1.00e+00h  1
3392  6.9057140e-04 1.75e-06 2.37e-04  -6.1 1.40e-03    -  1.00e+00 1.00e+00h  1
3393  6.9057293e-04 1.64e-06 2.39e-04  -6.1 1.00e-03    -  1.00e+00 6.25e-02h  5
3394  6.9054934e-04 1.52e-07 2.70e-05  -6.1 4.03e-04    -  1.00e+00 1.00e+00h  1
3395  8.8345982e-04 5.42e-03 2.54e-01  -4.0 1.03e-01    -  1.00e+00 1.00e+00f  1
3396  7.5530512e-04 1.44e-03 6.01e-02  -4.1 5.22e-02    -  1.00e+00 1.00e+00h  1
3397  7.4357161e-04 5.57e-04 1.84e-02  -4.1 2.95e-02    -  1.00e+00 1.00e+00h  1
3398  7.2662405e-04 4.99e-04 9.03e-02  -4.1 4.99e-02    -  8.95e-01 2.50e-01h  3
3399  8.2168851e-04 7.47e-04 9.91e-03  -4.1 2.71e-02    -  1.00e+00 1.00e+00h  1
iter    objective    inf_pr   inf_du lg(mu)  ||d||  lg(rg) alpha_du alpha_pr  ls
3400  7.5557382e-04 1.47e-04 4.75e-03  -4.1 1.12e-02    -  1.00e+00 1.00e+00h  1
3401  7.2514103e-04 5.31e-05 8.84e-02  -4.1 1.65e-02    -  1.00e+00 6.01e-01H  1
3402  6.9800779e-04 5.64e-05 4.54e-03  -4.1 8.05e-03    -  1.00e+00 1.00e+00f  1
3403  7.0559624e-04 2.89e-05 2.00e-02  -4.1 9.92e-03    -  1.00e+00 1.00e+00H  1
3404  6.9813923e-04 2.92e-05 5.55e-03  -4.1 7.61e-03    -  1.00e+00 1.00e+00H  1
3405  6.9513756e-04 1.46e-05 1.30e-02  -4.1 4.66e-03    -  1.00e+00 1.00e+00h  1
3406  6.9751008e-04 6.64e-06 2.00e-03  -4.1 3.18e-03    -  1.00e+00 1.00e+00h  1
3407  6.9695167e-04 5.89e-07 1.91e-03  -4.1 6.98e-04    -  1.00e+00 1.00e+00h  1
3408  6.9680272e-04 2.03e-07 2.80e-03  -4.1 4.52e-04    -  1.00e+00 1.00e+00h  1
3409  6.9641692e-04 6.51e-07 3.99e-03  -4.1 8.83e-04    -  1.00e+00 1.00e+00h  1
iter    objective    inf_pr   inf_du lg(mu)  ||d||  lg(rg) alpha_du alpha_pr  ls
3410  6.9650200e-04 5.36e-09 6.43e-03  -4.1 1.60e-03    -  1.00e+00 1.00e+00H  1
3411  6.9814947e-04 3.63e-10 1.90e-02  -4.1 3.61e-03    -  1.00e+00 1.00e+00H  1
3412  6.9619427e-04 1.95e-06 9.85e-03  -4.1 1.65e-03    -  1.00e+00 1.00e+00h  1
3413  6.9590140e-04 1.03e-08 6.73e-03  -4.1 1.93e-03    -  1.00e+00 1.00e+00H  1
3414  6.9599399e-04 1.83e-07 7.97e-04  -4.1 4.48e-04    -  1.00e+00 1.00e+00h  1
3415  6.9550802e-04 1.59e-06 5.80e-04  -6.1 1.33e-03    -  1.00e+00 1.00e+00h  1
3416  6.8957095e-04 2.64e-04 4.11e-03  -6.1 2.15e-02    -  1.00e+00 1.00e+00h  1
3417  6.9286352e-04 1.48e-04 3.92e-03  -6.1 1.11e-02    -  1.00e+00 5.00e-01h  2
3418  6.8778204e-04 7.86e-05 6.12e-03  -6.1 8.00e-03    -  1.00e+00 5.00e-01h  2
3419  6.8877207e-04 3.80e-05 2.97e-03  -6.1 8.24e-03    -  1.00e+00 5.00e-01h  2
iter    objective    inf_pr   inf_du lg(mu)  ||d||  lg(rg) alpha_du alpha_pr  ls
3420  9.5991946e-04 5.28e-03 7.40e-02  -4.0 2.39e-01    -  1.00e+00 5.00e-01h  2
3421  7.6837300e-04 1.93e-03 1.32e-02  -4.1 6.23e-02    -  1.00e+00 1.00e+00h  1
3422  7.6589927e-04 1.90e-03 3.30e-02  -4.1 9.22e-02    -  1.00e+00 2.50e-01h  3
3423  7.7206851e-04 1.31e-03 7.06e-03  -4.1 3.56e-02    -  1.00e+00 1.00e+00h  1
3424  7.2883028e-04 3.80e-04 4.36e-03  -4.1 1.77e-02    -  1.00e+00 1.00e+00h  1
3425  7.9694890e-04 4.71e-04 6.81e-03  -4.1 2.40e-02    -  1.00e+00 1.00e+00h  1
3426  7.1217013e-04 1.54e-04 1.05e-02  -4.1 1.45e-02    -  1.00e+00 1.00e+00h  1
3427  7.0388107e-04 2.27e-05 2.79e-02  -4.1 2.07e-02    -  1.00e+00 1.00e+00H  1
3428  7.0613488e-04 1.32e-04 1.01e-02  -4.1 1.23e-02    -  1.00e+00 1.00e+00f  1
3429  7.0050557e-04 6.38e-05 1.25e-02  -4.1 1.64e-02    -  1.00e+00 5.00e-01h  2
iter    objective    inf_pr   inf_du lg(mu)  ||d||  lg(rg) alpha_du alpha_pr  ls
3430  7.8424803e-04 6.42e-05 5.02e-02  -4.1 1.87e-02    -  1.00e+00 1.00e+00H  1
3431  6.9727456e-04 7.68e-05 4.53e-03  -4.1 1.76e-02    -  1.00e+00 1.00e+00H  1
3432  6.9908171e-04 4.90e-07 3.95e-03  -4.1 6.88e-04    -  1.00e+00 1.00e+00h  1
3433  6.9556523e-04 4.29e-07 4.38e-03  -4.1 8.85e-04    -  1.00e+00 1.00e+00h  1
3434  6.9639400e-04 1.81e-06 5.42e-03  -4.1 1.49e-03    -  1.00e+00 1.00e+00h  1
3435  6.9624496e-04 1.39e-06 7.76e-03  -4.1 8.21e-04    -  1.00e+00 2.50e-01h  3
3436  6.9646582e-04 3.60e-08 7.48e-03  -4.1 2.32e-03    -  1.00e+00 1.00e+00H  1
3437  6.9577653e-04 5.94e-07 3.40e-03  -4.1 7.30e-04    -  1.00e+00 1.00e+00h  1
3438  6.9587701e-04 2.43e-07 1.55e-03  -4.1 5.80e-04    -  1.00e+00 5.00e-01h  2
3439  6.9596490e-04 1.11e-07 6.30e-04  -4.1 3.80e-04    -  1.00e+00 1.00e+00h  1
iter    objective    inf_pr   inf_du lg(mu)  ||d||  lg(rg) alpha_du alpha_pr  ls
3440  6.9575336e-04 1.77e-07 2.62e-03  -6.1 4.68e-04    -  1.00e+00 1.00e+00h  1
3441  6.9478179e-04 2.94e-06 3.50e-03  -6.1 1.78e-03    -  1.00e+00 1.00e+00h  1
3442  6.9048384e-04 2.22e-05 1.01e-02  -6.1 2.05e-02    -  1.00e+00 2.73e-01h  2
3443  6.9143250e-04 1.14e-05 3.34e-04  -6.1 3.74e-03    -  1.00e+00 1.00e+00h  1
3444  6.9169070e-04 4.83e-07 3.24e-04  -6.1 5.03e-03    -  1.00e+00 1.00e+00H  1
3445  6.9262648e-04 3.08e-07 5.42e-04  -6.1 3.50e-03    -  1.00e+00 1.00e+00H  1
3446  6.9057058e-04 6.48e-07 1.47e-04  -6.1 7.18e-04    -  1.00e+00 1.00e+00h  1
3447  6.9070699e-04 3.15e-08 3.08e-05  -6.1 2.06e-04    -  1.00e+00 1.00e+00h  1
3448  6.9068858e-04 2.21e-08 1.57e-05  -6.1 1.76e-04    -  1.00e+00 1.00e+00h  1
3449  1.0070375e-03 4.74e-03 6.50e-01  -4.0 8.20e-02    -  1.00e+00 1.00e+00f  1
iter    objective    inf_pr   inf_du lg(mu)  ||d||  lg(rg) alpha_du alpha_pr  ls
3450  7.4808954e-04 1.13e-03 1.54e-01  -4.1 4.13e-02    -  1.00e+00 1.00e+00h  1
3451  7.1247757e-04 3.25e-04 3.75e-02  -4.1 1.99e-02    -  1.00e+00 1.00e+00h  1
3452  7.0125875e-04 9.61e-05 8.92e-03  -4.1 1.17e-02    -  1.00e+00 1.00e+00h  1
3453  6.9657315e-04 1.89e-05 5.34e-03  -4.1 5.00e-03    -  1.00e+00 1.00e+00h  1
3454  6.9776968e-04 4.97e-06 3.83e-03  -4.1 2.12e-03    -  1.00e+00 1.00e+00h  1
3455  6.9696138e-04 7.24e-07 1.07e-03  -4.1 1.01e-03    -  1.00e+00 1.00e+00h  1
3456  6.9697091e-04 3.30e-08 5.98e-04  -4.1 2.18e-04    -  1.00e+00 1.00e+00h  1
3457  6.9657565e-04 2.21e-07 7.42e-04  -6.1 4.55e-04    -  1.00e+00 1.00e+00h  1
3458  6.9312174e-04 1.53e-04 1.40e-03  -6.1 1.15e-02    -  1.00e+00 1.00e+00h  1
3459  6.9275189e-04 1.16e-04 8.20e-03  -6.1 3.42e-03    -  1.00e+00 2.33e-01h  3
iter    objective    inf_pr   inf_du lg(mu)  ||d||  lg(rg) alpha_du alpha_pr  ls
3460  6.9255950e-04 2.84e-05 8.68e-04  -6.1 4.98e-03    -  1.00e+00 1.00e+00h  1
3461  6.9239408e-04 2.68e-05 6.26e-03  -6.1 9.98e-03    -  1.00e+00 1.25e-01h  4
3462  6.9143798e-04 1.98e-06 5.96e-04  -6.1 1.36e-03    -  1.00e+00 1.00e+00h  1
3463  6.8864737e-04 6.64e-05 1.29e-03  -6.1 1.06e-02    -  1.00e+00 1.00e+00h  1
3464  8.4468127e-04 5.44e-04 7.06e-02  -4.0 1.08e-01    -  1.00e+00 2.50e-01h  3
3465  6.9473498e-04 4.95e-04 2.14e-03  -4.1 2.52e-02    -  1.00e+00 1.00e+00h  1
3466  6.9466306e-04 3.34e-04 8.70e-03  -4.1 2.11e-02    -  1.00e+00 1.00e+00h  1
3467  7.0350762e-04 2.28e-04 4.50e-03  -4.1 2.10e-02    -  1.00e+00 1.00e+00h  1
3468  6.9769596e-04 2.17e-04 6.58e-03  -4.1 3.28e-02    -  1.00e+00 5.00e-01h  2
3469  6.9590903e-04 1.68e-04 2.32e-03  -4.1 1.21e-02    -  1.00e+00 1.00e+00h  1
iter    objective    inf_pr   inf_du lg(mu)  ||d||  lg(rg) alpha_du alpha_pr  ls
3470  7.0733435e-04 3.35e-05 4.87e-03  -4.1 7.31e-03    -  1.00e+00 1.00e+00h  1
3471  6.9426797e-04 3.26e-05 9.72e-03  -4.1 7.69e-03    -  1.00e+00 1.00e+00h  1
3472  7.0036613e-04 1.29e-05 5.57e-03  -4.1 5.56e-03    -  1.00e+00 1.00e+00h  1
3473  6.9368813e-04 9.35e-06 2.31e-02  -4.1 5.33e-03    -  1.00e+00 1.00e+00H  1
3474  6.9564115e-04 1.00e-05 4.15e-03  -4.1 3.39e-03    -  1.00e+00 1.00e+00h  1
3475  6.9792737e-04 3.94e-06 2.97e-03  -4.1 2.45e-03    -  1.00e+00 1.00e+00h  1
3476  6.9578007e-04 5.72e-07 5.77e-04  -4.1 9.95e-04    -  1.00e+00 1.00e+00h  1
3477  6.9548609e-04 7.84e-08 1.17e-03  -6.1 2.94e-04    -  1.00e+00 1.00e+00h  1
3478  6.9486565e-04 6.51e-06 7.33e-03  -6.1 1.08e-02    -  1.00e+00 2.50e-01h  3
3479  6.8954742e-04 1.65e-05 4.70e-04  -6.1 4.32e-03    -  1.00e+00 1.00e+00h  1
iter    objective    inf_pr   inf_du lg(mu)  ||d||  lg(rg) alpha_du alpha_pr  ls
3480  6.9089426e-04 1.25e-05 2.92e-04  -6.1 3.64e-03    -  1.00e+00 1.00e+00h  1
3481  7.0046610e-04 1.45e-08 1.27e-03  -6.1 4.62e-03    -  1.00e+00 1.00e+00H  1
3482  6.8996825e-04 3.02e-05 1.08e-04  -6.1 6.17e-03    -  1.00e+00 1.00e+00h  1
3483  6.9064913e-04 3.77e-07 1.02e-04  -6.1 7.58e-04    -  1.00e+00 1.00e+00h  1
3484  6.9088687e-04 2.26e-07 1.78e-04  -6.1 5.64e-04    -  1.00e+00 1.00e+00h  1
3485  6.9055859e-04 1.65e-07 3.44e-05  -6.1 4.73e-04    -  1.00e+00 1.00e+00h  1
3486  9.3819713e-04 5.65e-03 2.73e-01  -4.0 8.65e-02    -  1.00e+00 1.00e+00f  1
3487  7.6897597e-04 1.55e-03 6.95e-02  -4.1 4.25e-02    -  1.00e+00 1.00e+00h  1
3488  1.0484699e-03 8.06e-04 1.79e-02  -4.1 2.75e-02    -  1.00e+00 1.00e+00h  1
3489  7.2266420e-04 2.31e-04 1.89e-03  -4.1 1.68e-02    -  1.00e+00 1.00e+00h  1
iter    objective    inf_pr   inf_du lg(mu)  ||d||  lg(rg) alpha_du alpha_pr  ls
3490  7.0104424e-04 3.36e-05 3.51e-03  -4.1 6.19e-03    -  1.00e+00 1.00e+00h  1
3491  6.9672791e-04 1.12e-05 9.73e-03  -4.1 4.81e-03    -  1.00e+00 1.00e+00h  1
3492  6.9971355e-04 1.07e-05 4.05e-03  -4.1 3.89e-03    -  1.00e+00 1.00e+00h  1
3493  6.9903413e-04 4.49e-07 3.59e-03  -4.1 6.47e-04    -  1.00e+00 1.00e+00h  1
3494  6.9774263e-04 4.95e-08 1.65e-03  -4.1 2.59e-04    -  1.00e+00 1.00e+00h  1
3495  6.9754992e-04 3.06e-07 1.82e-03  -4.1 6.34e-04    -  1.00e+00 1.00e+00h  1
3496  6.9733838e-04 6.59e-06 1.23e-02  -4.1 3.06e-03    -  1.00e+00 1.00e+00h  1
3497  6.9719966e-04 4.55e-06 1.69e-02  -4.1 2.91e-03    -  1.00e+00 5.00e-01h  2
3498  6.9582788e-04 1.33e-06 4.62e-03  -4.1 1.43e-03    -  1.00e+00 1.00e+00h  1
3499  6.9616699e-04 2.48e-07 9.66e-04  -4.1 5.26e-04    -  1.00e+00 1.00e+00h  1
iter    objective    inf_pr   inf_du lg(mu)  ||d||  lg(rg) alpha_du alpha_pr  ls
3500  6.9605572e-04 1.15e-07 5.67e-04  -4.1 4.15e-04    -  1.00e+00 1.00e+00h  1
3501  6.9565412e-04 1.18e-06 1.52e-03  -6.1 9.53e-04    -  1.00e+00 1.00e+00h  1
3502  6.9553631e-04 1.13e-05 1.19e-03  -6.1 1.40e-02    -  1.00e+00 2.50e-01h  3
3503  6.9270773e-04 2.17e-05 1.44e-02  -6.1 2.32e-02    -  1.00e+00 2.41e-01h  2
3504  6.9782418e-04 3.74e-08 2.35e-03  -6.1 9.51e-03    -  1.00e+00 1.00e+00H  1
3505  6.9699173e-04 1.22e-07 4.50e-03  -6.1 1.10e-02    -  1.00e+00 1.00e+00H  1
3506  6.9666905e-04 1.27e-07 1.59e-02  -6.1 1.94e-02    -  1.00e+00 7.81e-03h  8
3507  6.9080142e-04 1.17e-05 8.76e-04  -6.1 4.22e-03    -  1.00e+00 1.00e+00h  1
3508  6.9081560e-04 5.08e-07 9.67e-05  -6.1 9.52e-04    -  1.00e+00 1.00e+00h  1
3509  6.9080213e-04 6.71e-06 3.37e-04  -6.1 3.72e-03    -  1.00e+00 1.00e+00h  1
iter    objective    inf_pr   inf_du lg(mu)  ||d||  lg(rg) alpha_du alpha_pr  ls
3510  6.9078462e-04 6.84e-06 7.56e-04  -6.1 1.72e-02    -  1.00e+00 1.25e-01h  4
3511  7.0091685e-04 2.99e-08 1.70e-03  -6.1 7.93e-03    -  1.00e+00 1.00e+00H  1
3512  6.9036515e-04 3.55e-05 1.43e-04  -6.1 7.18e-03    -  1.00e+00 1.00e+00h  1
3513  6.9056042e-04 1.81e-05 1.05e-03  -6.1 1.72e-03    -  1.00e+00 5.00e-01h  2
3514  6.9061400e-04 1.36e-05 4.88e-04  -6.1 2.47e-03    -  1.00e+00 2.50e-01h  3
3515  6.9054212e-04 3.66e-07 7.10e-05  -6.1 7.81e-04    -  1.00e+00 1.00e+00h  1
3516  9.4619031e-04 6.62e-03 2.84e-01  -4.0 9.40e-02    -  1.00e+00 1.00e+00f  1
3517  7.6173776e-04 1.72e-03 6.90e-02  -4.1 4.67e-02    -  1.00e+00 1.00e+00h  1
3518  7.6765794e-04 5.20e-04 1.36e-02  -4.1 2.62e-02    -  1.00e+00 1.00e+00h  1
3519  1.0121910e-03 1.63e-04 1.57e-02  -4.1 2.58e-02    -  1.00e+00 1.00e+00H  1
iter    objective    inf_pr   inf_du lg(mu)  ||d||  lg(rg) alpha_du alpha_pr  ls
3520  7.1221448e-04 4.53e-05 1.23e-02  -4.1 2.32e-02    -  1.00e+00 1.00e+00H  1
3521  7.2962903e-04 5.02e-05 1.24e-02  -4.1 8.66e-03    -  1.00e+00 1.00e+00h  1
3522  6.9935114e-04 1.99e-05 3.86e-03  -4.1 5.60e-03    -  1.00e+00 1.00e+00h  1
3523  6.9726807e-04 3.56e-06 4.67e-03  -4.1 2.41e-03    -  1.00e+00 1.00e+00h  1
3524  6.9711939e-04 1.48e-06 2.30e-03  -4.1 1.32e-03    -  1.00e+00 1.00e+00h  1
3525  6.9685073e-04 4.51e-07 1.31e-03  -4.1 6.74e-04    -  1.00e+00 1.00e+00h  1
3526  6.9601387e-04 1.73e-07 3.54e-03  -4.1 2.32e-03    -  1.00e+00 1.00e+00H  1
3527  6.9592606e-04 3.50e-06 7.88e-03  -4.1 2.78e-03    -  1.00e+00 1.00e+00h  1
3528  6.9602879e-04 4.22e-06 4.99e-04  -4.1 2.33e-03    -  1.00e+00 1.00e+00h  1
3529  6.9575913e-04 2.03e-07 9.10e-04  -6.1 3.91e-04    -  1.00e+00 1.00e+00h  1
iter    objective    inf_pr   inf_du lg(mu)  ||d||  lg(rg) alpha_du alpha_pr  ls
3530  6.9513946e-04 7.84e-06 1.01e-03  -6.1 2.33e-03    -  1.00e+00 1.00e+00h  1
3531  6.9281563e-04 4.77e-05 1.35e-02  -6.1 2.34e-02    -  1.00e+00 2.46e-01h  2
3532  6.9282247e-04 1.76e-06 5.71e-04  -6.1 5.80e-03    -  1.00e+00 1.00e+00H  1
3533  7.0907560e-04 1.16e-07 1.49e-03  -6.1 7.00e-03    -  1.00e+00 1.00e+00H  1
3534  6.9037814e-04 1.29e-04 1.90e-04  -6.1 9.28e-03    -  1.00e+00 1.00e+00h  1
3535  6.9080854e-04 8.43e-07 1.44e-04  -6.1 1.16e-03    -  1.00e+00 1.00e+00h  1
3536  6.9115792e-04 6.54e-07 2.02e-04  -6.1 1.02e-03    -  1.00e+00 1.00e+00h  1
3537  6.9070046e-04 1.07e-07 1.21e-04  -6.1 3.04e-04    -  1.00e+00 1.00e+00h  1
3538  6.9068693e-04 4.74e-08 2.11e-05  -6.1 2.27e-04    -  1.00e+00 1.00e+00h  1
3539  6.9267352e-04 4.16e-09 5.84e-04  -6.1 4.57e-03    -  1.00e+00 1.00e+00H  1
iter    objective    inf_pr   inf_du lg(mu)  ||d||  lg(rg) alpha_du alpha_pr  ls
3540  6.9050075e-04 9.93e-06 4.01e-04  -6.1 3.41e-03    -  1.00e+00 1.00e+00h  1
3541  6.9058489e-04 4.74e-06 1.44e-03  -6.1 1.31e-03    -  1.00e+00 5.00e-01h  2
3542  6.9053268e-04 5.71e-08 7.69e-05  -6.1 2.35e-04    -  1.00e+00 1.00e+00h  1
3543  8.3851628e-04 3.75e-03 7.31e-01  -4.0 7.38e-02    -  1.00e+00 1.00e+00f  1
3544  7.4601281e-04 1.14e-03 1.57e-01  -4.1 3.92e-02    -  1.00e+00 1.00e+00h  1
3545  7.2823676e-04 5.56e-04 3.51e-01  -4.1 3.86e-02    -  1.00e+00 5.00e-01h  2
3546  7.3730786e-04 2.16e-04 3.47e-02  -4.1 2.49e-02    -  1.00e+00 1.00e+00H  1
3547  2.2734582e-03 9.04e-05 7.17e-03  -4.1 9.79e-03    -  1.00e+00 1.00e+00h  1
3548  7.1361819e-04 8.54e-05 2.02e-02  -4.1 1.12e-02    -  1.00e+00 1.00e+00h  1
3549  7.0573895e-04 3.66e-05 7.66e-03  -4.1 6.78e-03    -  1.00e+00 1.00e+00h  1
iter    objective    inf_pr   inf_du lg(mu)  ||d||  lg(rg) alpha_du alpha_pr  ls
3550  6.9806109e-04 1.20e-05 2.05e-02  -4.1 9.98e-03    -  1.00e+00 1.00e+00H  1
3551  6.9884196e-04 1.65e-05 1.28e-01  -4.1 6.96e-03    -  1.00e+00 5.00e-01h  2
3552  6.9858542e-04 3.88e-07 2.78e-03  -4.1 6.67e-04    -  1.00e+00 1.00e+00h  1
3553  6.9608433e-04 8.41e-07 1.71e-03  -4.1 8.93e-04    -  1.00e+00 1.00e+00h  1
3554  6.9599275e-04 1.49e-07 2.79e-04  -4.1 3.30e-04    -  1.00e+00 1.00e+00h  1
3555  6.9561519e-04 1.53e-07 1.01e-03  -6.1 4.08e-04    -  1.00e+00 1.00e+00h  1
3556  6.9412508e-04 4.21e-05 3.59e-03  -6.1 3.12e-02    -  1.00e+00 2.50e-01h  3
3557  6.9147430e-04 3.01e-05 1.75e-02  -6.1 2.18e-03    -  1.00e+00 2.97e-01h  2
3558  6.9121370e-04 3.55e-06 1.08e-03  -6.1 2.28e-03    -  1.00e+00 1.00e+00h  1
3559  6.9103148e-04 2.02e-06 3.98e-04  -6.1 2.42e-03    -  1.00e+00 1.00e+00h  1
iter    objective    inf_pr   inf_du lg(mu)  ||d||  lg(rg) alpha_du alpha_pr  ls
3560  6.9061498e-04 2.55e-08 1.36e-04  -6.1 2.18e-04    -  1.00e+00 1.00e+00h  1
3561  6.9061885e-04 7.59e-08 1.92e-05  -6.1 4.57e-04    -  1.00e+00 1.00e+00h  1
3562  6.9061016e-04 6.20e-08 4.92e-05  -6.1 3.04e-04    -  1.00e+00 1.00e+00h  1
3563  8.5864609e-04 2.01e-03 7.24e-02  -4.0 1.12e-01    -  1.00e+00 5.00e-01f  2
3564  8.3695822e-04 8.19e-04 9.74e-03  -4.1 3.20e-02    -  1.00e+00 1.00e+00h  1
3565  9.5413677e-04 8.17e-04 2.14e-03  -4.1 2.93e-02    -  1.00e+00 1.00e+00h  1
3566  8.2398606e-04 4.58e-05 2.55e-03  -4.1 8.63e-03    -  1.00e+00 1.00e+00h  1
3567  7.3953514e-04 1.03e-03 3.55e-02  -4.1 3.41e-02    -  1.00e+00 1.00e+00h  1
3568  7.1332655e-04 3.06e-04 6.35e-03  -4.1 1.96e-02    -  1.00e+00 1.00e+00h  1
3569  7.1605045e-04 1.22e-04 4.65e-03  -4.1 1.14e-02    -  1.00e+00 1.00e+00h  1
iter    objective    inf_pr   inf_du lg(mu)  ||d||  lg(rg) alpha_du alpha_pr  ls
3570  7.0753104e-04 2.46e-05 4.36e-03  -4.1 5.89e-03    -  1.00e+00 1.00e+00h  1
3571  6.9799292e-04 2.81e-05 1.34e-02  -4.1 6.18e-03    -  1.00e+00 1.00e+00h  1
3572  6.9561935e-04 1.63e-05 4.93e-03  -4.1 5.10e-03    -  1.00e+00 1.00e+00h  1
3573  6.9858383e-04 1.00e-05 9.17e-03  -4.1 3.69e-03    -  1.00e+00 1.00e+00h  1
3574  6.9642322e-04 4.88e-06 1.63e-03  -4.1 2.54e-03    -  1.00e+00 1.00e+00h  1
3575  6.9648562e-04 2.03e-07 6.80e-04  -4.1 4.72e-04    -  1.00e+00 1.00e+00h  1
3576  6.9622611e-04 5.49e-08 1.06e-03  -6.1 2.52e-04    -  1.00e+00 1.00e+00h  1
3577  6.9204596e-04 6.56e-05 4.16e-03  -6.1 3.63e-02    -  1.00e+00 2.50e-01h  3
3578  6.9078662e-04 3.39e-05 6.28e-03  -6.1 2.76e-03    -  1.00e+00 5.00e-01h  2
3579  6.9188651e-04 4.94e-06 3.73e-04  -6.1 2.49e-03    -  1.00e+00 1.00e+00h  1
iter    objective    inf_pr   inf_du lg(mu)  ||d||  lg(rg) alpha_du alpha_pr  ls
3580  6.9153222e-04 2.40e-08 1.69e-04  -6.1 2.85e-04    -  1.00e+00 1.00e+00h  1
3581  6.9116764e-04 1.69e-08 5.15e-05  -6.1 1.73e-04    -  1.00e+00 1.00e+00h  1
3582  6.9111275e-04 1.79e-08 2.85e-05  -6.1 1.63e-04    -  1.00e+00 1.00e+00h  1
3583  6.9081199e-04 5.18e-06 1.87e-04  -6.1 2.57e-03    -  1.00e+00 1.00e+00h  1
3584  6.9317765e-04 7.59e-09 6.57e-04  -6.1 3.23e-03    -  1.00e+00 1.00e+00H  1
3585  6.9058945e-04 7.05e-06 9.19e-05  -6.1 2.86e-03    -  1.00e+00 1.00e+00h  1
3586  6.9066041e-04 8.47e-08 4.22e-05  -6.1 2.92e-04    -  1.00e+00 1.00e+00h  1
3587  6.9058219e-04 5.18e-07 1.41e-04  -6.1 7.55e-04    -  1.00e+00 1.00e+00h  1
3588  6.9056653e-04 1.38e-08 1.55e-04  -6.1 1.13e-03    -  1.00e+00 1.00e+00H  1
3589  1.0162679e-03 5.74e-03 1.12e-01  -4.0 9.28e-02    -  1.00e+00 1.00e+00f  1
iter    objective    inf_pr   inf_du lg(mu)  ||d||  lg(rg) alpha_du alpha_pr  ls
3590  8.5732837e-04 3.21e-03 3.85e-02  -4.1 7.43e-02    -  1.00e+00 1.00e+00h  1
3591  1.0138098e-03 1.98e-03 1.41e-02  -4.1 6.51e-02    -  8.94e-01 1.00e+00h  1
3592  7.9932216e-04 9.76e-04 1.33e-02  -4.1 4.63e-02    -  1.00e+00 7.10e-01h  1
3593  1.2604151e-03 1.32e-03 5.78e-02  -4.1 1.20e-01    -  1.00e+00 5.00e-01f  2
3594  1.0833367e-03 6.97e-04 1.05e-02  -4.1 3.71e-02    -  1.00e+00 1.00e+00h  1
3595  1.7961211e-03 5.60e-04 1.81e-02  -4.1 3.12e-02    -  1.00e+00 1.00e+00H  1
3596  7.1544785e-04 5.06e-04 5.68e-03  -4.1 3.00e-02    -  1.00e+00 1.00e+00h  1
3597  7.0289435e-04 4.76e-04 1.14e-02  -4.1 2.37e-02    -  1.00e+00 1.00e+00h  1
3598  7.0838088e-04 1.63e-04 7.61e-03  -4.1 1.81e-02    -  1.00e+00 1.00e+00H  1
3599  7.2088121e-04 2.09e-04 1.22e-02  -4.1 1.61e-02    -  1.00e+00 1.00e+00h  1
iter    objective    inf_pr   inf_du lg(mu)  ||d||  lg(rg) alpha_du alpha_pr  ls
3600  7.0503948e-04 1.38e-04 7.00e-03  -4.1 1.46e-02    -  1.00e+00 1.00e+00h  1

Number of Iterations....: 3600

                                   (scaled)                 (unscaled)
Objective...............:   7.0503947990416466e-04    7.0503947990416466e-04
Dual infeasibility......:   7.0000745966251367e-03    7.0000745966251367e-03
Constraint violation....:   1.3764212254585573e-04    1.3764212254585573e-04
Variable bound violation:   0.0000000000000000e+00    0.0000000000000000e+00
Complementarity.........:   8.0524972676912325e-05    8.0524972676912325e-05
Overall NLP error.......:   7.0000745966251367e-03    7.0000745966251367e-03


Number of objective function evaluations             = 6109
Number of objective gradient evaluations             = 3601
Number of equality constraint evaluations            = 6109
Number of inequality constraint evaluations          = 6109
Number of equality constraint Jacobian evaluations   = 3601
Number of inequality constraint Jacobian evaluations = 3601
Number of Lagrangian Hessian evaluations             = 0
Total seconds in IPOPT                               = 30.321

EXIT: Maximum Number of Iterations Exceeded.
