This is Ipopt version 3.14.19, running with linear solver MUMPS 5.8.1.

Number of nonzeros in equality constraint Jacobian...:     9816
Number of nonzeros in inequality constraint Jacobian.:        8
Number of nonzeros in Lagrangian Hessian.............:        0

Total number of variables............................:     1388
                     variables with only lower bounds:        0
                variables with lower and upper bounds:      396
                     variables with only upper bounds:        0
Total number of equality constraints.................:     1188
Total number of inequality constraints...............:        1
        inequality constraints with only lower bounds:        0
   inequality constraints with lower and upper bounds:        0
        inequality constraints with only upper bounds:        1

iter    objective    inf_pr   inf_du lg(mu)  ||d||  lg(rg) alpha_du alpha_pr  ls
   0  1.7792180e+01 1.25e+00 5.12e-01   0.0 0.00e+00    -  0.00e+00 0.00e+00   0
   1  6.9042675e-01 5.70e-01 3.54e+00  -0.4 8.58e-01    -  9.04e-01 1.00e+00f  1
   2  3.3428164e-01 1.82e-01 1.42e+00  -1.0 6.94e-01    -  7.69e-01 7.50e-01h  1
   3  3.7001096e-01 2.71e-01 4.45e+00  -1.6 6.54e-01    -  6.37e-01 1.00e+00h  1
   4  5.4630507e-01 1.87e-01 3.16e+00  -1.3 1.54e+00    -  9.66e-01 5.00e-01h  2
   5  2.5912180e-01 1.19e-01 2.92e+00  -1.5 1.03e+00    -  9.84e-01 5.00e-01h  2
   6  2.5019958e-01 1.30e-01 2.36e+00  -1.5 1.44e+00    -  9.84e-01 2.50e-01h  3
   7  2.3435607e-01 1.69e-01 1.98e+00  -1.3 2.03e+00    -  1.00e+00 2.08e-01h  3
   8  2.3804689e-01 1.64e-01 1.82e+00  -1.3 1.83e+00    -  9.22e-01 1.25e-01h  4
   9  2.2910650e-01 1.40e-01 3.03e+00  -1.4 2.00e+00    -  9.57e-01 2.50e-01h  3
iter    objective    inf_pr   inf_du lg(mu)  ||d||  lg(rg) alpha_du alpha_pr  ls
  10  2.5687807e-01 1.35e-01 1.89e+00  -1.5 1.35e+00    -  9.77e-01 5.00e-01h  2
  11  6.6870136e-01 1.77e-01 5.56e-01  -1.6 7.13e-01    -  1.00e+00 1.00e+00H  1
  12  5.3516009e-01 1.26e-01 3.07e-01  -2.3 4.98e-01    -  9.96e-01 3.51e-01h  1
  13  4.5091437e-01 1.05e-01 4.88e-01  -2.7 4.29e-01    -  9.98e-01 1.00e+00h  1
  14  1.2007705e-01 1.18e-02 1.72e-01  -3.3 1.52e-01    -  1.00e+00 1.00e+00h  1
  15  1.1566557e-01 5.89e-03 8.11e-02  -3.1 9.92e-02    -  1.00e+00 1.00e+00h  1
  16  1.0682425e-01 1.57e-03 1.45e-02  -4.0 4.57e-02    -  1.00e+00 1.00e+00h  1
  17  1.0323692e-01 1.41e-03 1.73e+00  -3.1 1.97e-01    -  1.00e+00 4.24e-02H  1
  18  7.5085039e-02 1.91e-02 3.67e-01  -3.7 1.73e-01    -  1.00e+00 1.00e+00h  1
  19  8.6646719e-02 1.83e-02 5.48e-01  -4.0 3.29e-01    -  9.75e-01 1.00e+00H  1
iter    objective    inf_pr   inf_du lg(mu)  ||d||  lg(rg) alpha_du alpha_pr  ls
  20  5.5684044e-02 8.74e-03 2.18e-01  -4.0 1.21e-01    -  1.00e+00 1.00e+00h  1
  21  1.0340334e-01 2.77e-03 8.12e-02  -4.0 1.47e-01    -  1.00e+00 1.00e+00H  1
  22  5.1522468e-02 2.64e-03 7.10e-02  -4.1 5.98e-02    -  1.00e+00 1.00e+00h  1
  23  4.3950998e-02 1.33e-03 6.12e-02  -4.0 4.02e-02    -  1.00e+00 1.00e+00h  1
  24  4.2560677e-02 2.13e-03 5.82e-02  -4.0 5.92e-02    -  1.00e+00 1.00e+00h  1
  25  4.0313954e-02 3.88e-03 1.35e-01  -4.0 1.30e-01    -  1.00e+00 5.00e-01h  2
  26  3.4278001e-02 4.81e-03 4.41e-02  -4.0 8.53e-02    -  1.00e+00 1.00e+00h  1
  27  2.9160510e-02 2.45e-02 3.57e-02  -3.4 2.35e-01    -  9.43e-01 1.00e+00h  1
  28  2.8291908e-02 2.33e-02 3.93e-02  -3.7 6.18e-01    -  1.00e+00 6.08e-02H  1
  29  2.8206948e-02 8.80e-03 1.27e-02  -3.5 1.19e-01    -  1.00e+00 1.00e+00h  1
iter    objective    inf_pr   inf_du lg(mu)  ||d||  lg(rg) alpha_du alpha_pr  ls
  30  2.8263909e-02 1.47e-02 3.19e-02  -3.6 2.96e-01    -  1.00e+00 4.33e-01h  1
  31  2.1269501e-02 3.82e-03 6.76e-03  -4.0 7.16e-02    -  1.00e+00 1.00e+00h  1
  32  2.0260864e-02 1.99e-03 1.21e-02  -4.0 5.26e-02    -  1.00e+00 1.00e+00h  1
  33  1.9440248e-02 2.22e-03 2.52e-02  -4.0 1.89e-01    -  1.00e+00 2.50e-01h  3
  34  1.7516551e-02 1.38e-03 4.88e-03  -4.0 7.01e-02    -  1.00e+00 9.54e-01h  1
  35  1.7406462e-02 1.52e-03 1.19e-01  -4.0 4.30e-01    -  1.00e+00 6.25e-02h  5
  36  1.6631862e-02 4.99e-03 4.80e-01  -4.0 2.51e-01    -  1.00e+00 3.16e-01H  1
  37  2.2468844e-02 3.11e-03 4.01e-02  -4.0 1.67e-01    -  1.00e+00 1.00e+00H  1
  38  1.9656312e-02 4.94e-03 6.15e-02  -4.1 2.56e-01    -  1.00e+00 2.50e-01h  3
  39  1.7758583e-02 1.57e-02 1.83e-02  -4.1 1.67e-01    -  1.00e+00 1.00e+00h  1
iter    objective    inf_pr   inf_du lg(mu)  ||d||  lg(rg) alpha_du alpha_pr  ls
  40  1.4653893e-02 3.38e-03 7.19e-03  -4.1 1.27e-01    -  1.00e+00 1.00e+00h  1
  41  1.4319632e-02 2.88e-03 4.30e-03  -4.0 2.33e-01    -  1.00e+00 1.25e-01h  4
  42  3.4695782e-02 3.37e-03 2.77e-02  -4.0 1.16e-01    -  1.00e+00 1.00e+00H  1
  43  1.3637554e-02 7.77e-03 5.94e-03  -4.1 1.53e-01    -  1.00e+00 1.00e+00h  1
  44  1.3517984e-02 1.11e-03 8.16e-03  -4.0 3.87e-02    -  1.00e+00 1.00e+00h  1
  45  1.2994145e-02 7.99e-04 7.31e-03  -4.0 3.91e-02    -  1.00e+00 1.00e+00h  1
  46  1.2670985e-02 1.38e-03 1.01e-01  -4.0 8.80e-01    -  1.00e+00 4.89e-02h  4
  47  1.2226640e-02 3.36e-03 3.54e-02  -3.4 8.46e-01    -  8.07e-01 1.25e-01h  4
  48  1.1724388e-02 4.31e-03 4.31e-02  -3.7 1.11e+00    -  1.00e+00 6.25e-02h  5
  49  1.1588880e-02 6.57e-03 4.88e-02  -3.7 8.05e-01    -  6.70e-01 1.25e-01h  4
iter    objective    inf_pr   inf_du lg(mu)  ||d||  lg(rg) alpha_du alpha_pr  ls
  50  1.1494468e-02 5.48e-03 1.10e-01  -4.0 6.98e-01    -  1.00e+00 7.23e-03H  1
  51  1.0622312e-02 1.27e-03 1.14e-02  -4.0 1.28e-01    -  1.00e+00 1.00e+00h  1
  52  1.0909630e-02 2.88e-03 1.43e-02  -4.0 1.89e-01    -  1.00e+00 1.00e+00h  1
  53  1.2274185e-02 1.13e-03 1.58e-02  -4.0 3.68e-02    -  1.00e+00 1.00e+00H  1
  54  1.0032439e-02 3.88e-03 1.96e-02  -4.0 1.48e-01    -  1.00e+00 1.00e+00h  1
  55  1.0796423e-02 7.13e-03 4.35e-01  -4.0 1.85e-01    -  1.00e+00 1.59e-01H  1
  56  1.0069358e-02 2.02e-03 2.82e-02  -4.1 5.33e-02    -  1.00e+00 1.00e+00h  1
  57  9.9819300e-03 7.86e-04 2.40e-02  -4.0 3.30e-02    -  7.74e-01 1.00e+00h  1
  58  9.7585628e-03 2.98e-04 2.35e-03  -4.0 1.82e-02    -  1.00e+00 1.00e+00h  1
  59  9.5624948e-03 2.45e-04 1.07e-01  -4.0 3.51e-02    -  1.00e+00 2.30e-01h  3
iter    objective    inf_pr   inf_du lg(mu)  ||d||  lg(rg) alpha_du alpha_pr  ls
  60  9.4953034e-03 3.63e-04 1.85e-02  -4.0 2.00e-02    -  1.00e+00 1.00e+00h  1
  61  9.2959829e-03 3.40e-04 3.28e-02  -4.0 3.41e-02    -  1.00e+00 1.00e+00h  1
  62  9.2344691e-03 3.60e-04 3.93e-02  -4.0 1.99e-01    -  1.00e+00 6.25e-02h  5
  63  8.9540080e-03 2.90e-04 3.51e-02  -4.0 2.06e-02    -  1.00e+00 1.00e+00h  1
  64  8.9287383e-03 2.59e-03 1.49e-01  -3.4 1.54e-01    -  9.78e-01 5.00e-01h  2
  65  8.7492047e-03 2.09e-03 6.62e-02  -4.0 2.05e-01    -  1.00e+00 1.45e-01H  1
  66  8.5470188e-03 4.66e-03 1.48e-01  -4.0 1.84e-01    -  1.00e+00 5.00e-01h  2
  67  9.2080655e-03 4.33e-03 1.62e-01  -4.0 9.86e-01    -  1.00e+00 1.25e-01h  4
  68  1.8132301e-02 1.96e-03 1.06e-01  -4.1 6.84e-02    -  1.00e+00 1.00e+00h  1
  69  7.9093181e-03 1.92e-03 2.01e-02  -4.1 1.73e-01    -  1.00e+00 1.00e+00h  1
iter    objective    inf_pr   inf_du lg(mu)  ||d||  lg(rg) alpha_du alpha_pr  ls
  70  8.0274005e-03 9.34e-04 2.35e-02  -4.0 3.70e-02    -  1.00e+00 1.00e+00h  1
  71  7.6849378e-03 4.02e-04 6.26e-03  -4.0 5.13e-02    -  1.00e+00 1.00e+00h  1
  72  7.8587463e-03 1.89e-03 2.23e-02  -4.0 7.97e-02    -  1.00e+00 1.00e+00h  1
  73  7.5360838e-03 7.35e-04 3.67e-03  -4.0 4.11e-02    -  1.00e+00 1.00e+00h  1
  74  7.5192224e-03 6.10e-04 3.93e-03  -4.0 6.45e-02    -  1.00e+00 5.00e-01h  2
  75  7.4354336e-03 6.06e-05 4.40e-03  -4.0 1.01e-02    -  1.00e+00 1.00e+00h  1
  76  7.4418685e-03 3.24e-04 2.56e-02  -4.0 1.23e-01    -  1.00e+00 5.00e-01h  2
  77  7.3346632e-03 4.00e-04 2.53e-01  -4.1 1.38e-01    -  1.00e+00 1.66e-01h  3
  78  7.2270983e-03 4.48e-04 5.06e-02  -4.0 3.04e-01    -  1.00e+00 6.25e-02h  5
  79  7.5440502e-03 3.63e-03 1.51e-01  -3.2 4.70e-01    -  9.72e-01 2.50e-01h  3
iter    objective    inf_pr   inf_du lg(mu)  ||d||  lg(rg) alpha_du alpha_pr  ls
  80  8.2354246e-03 3.50e-03 9.98e-02  -3.3 7.04e-01    -  1.68e-01 2.85e-03H  1
  81  7.0455381e-03 1.12e-03 4.60e-02  -3.3 8.44e-02    -  1.00e+00 1.00e+00f  1
  82  7.3257152e-03 1.14e-03 1.61e-01  -4.0 2.08e-01    -  1.00e+00 5.00e-01h  2
  83  6.8565216e-03 2.62e-03 5.29e-02  -4.1 2.11e-01    -  1.00e+00 3.18e-01h  2
  84  6.6699412e-03 3.08e-03 6.88e-02  -3.7 4.68e+00    -  1.00e+00 7.50e-03h  7
  85  9.3196948e-03 2.97e-03 1.77e-01  -2.9 6.83e-01    -  7.75e-01 1.25e-01h  4
  86  6.6990303e-03 1.90e-03 5.57e-02  -3.1 1.25e-01    -  1.00e+00 1.00e+00h  1
  87  6.6292292e-03 6.12e-04 3.08e-02  -4.0 4.41e-02    -  1.00e+00 1.00e+00h  1
  88  6.4473973e-03 2.36e-03 8.62e-02  -4.0 8.21e-02    -  1.00e+00 1.00e+00h  1
  89  6.4344810e-03 2.76e-03 1.25e-01  -4.0 1.15e+00    -  1.00e+00 3.12e-02h  6
iter    objective    inf_pr   inf_du lg(mu)  ||d||  lg(rg) alpha_du alpha_pr  ls
  90  6.4067156e-03 2.84e-03 1.47e-01  -4.0 2.79e-01    -  1.00e+00 2.50e-01h  3
  91  6.3724583e-03 3.10e-03 1.79e-01  -4.0 3.47e-01    -  1.00e+00 1.25e-01h  4
  92  6.6938173e-03 3.16e-03 9.23e-02  -4.0 1.92e-01    -  1.00e+00 1.00e+00h  1
  93  7.5557706e-03 3.06e-03 7.93e-02  -4.1 3.56e-01    -  4.16e-01 2.50e-01h  3
  94  5.7447921e-03 3.36e-03 1.21e-02  -4.1 2.04e-01    -  1.00e+00 1.00e+00h  1
  95  5.6357843e-03 3.11e-04 9.51e-03  -4.0 2.36e-02    -  1.00e+00 1.00e+00h  1
  96  5.6610171e-03 5.18e-04 1.13e-02  -4.0 9.43e-02    -  1.00e+00 5.00e-01h  2
  97  5.6350834e-03 7.76e-04 8.09e-02  -4.1 5.65e-01    -  1.00e+00 5.22e-02h  5
  98  5.6043892e-03 7.81e-04 3.70e-02  -4.1 1.06e-01    -  1.00e+00 1.25e-01h  4
  99  5.2765229e-03 1.45e-03 6.65e-02  -4.0 2.61e-01    -  1.00e+00 2.50e-01h  3
iter    objective    inf_pr   inf_du lg(mu)  ||d||  lg(rg) alpha_du alpha_pr  ls
 100  5.4746411e-03 1.35e-03 4.80e-02  -4.0 1.63e-01    -  1.00e+00 1.25e-01h  4
 101  5.1211998e-03 6.36e-04 1.38e-02  -4.0 2.50e-02    -  1.00e+00 1.00e+00h  1
 102  4.9618041e-03 1.99e-03 8.81e-03  -4.0 4.15e-02    -  1.00e+00 1.00e+00h  1
 103  4.9573538e-03 8.76e-04 9.30e-03  -4.0 6.95e-02    -  1.00e+00 1.00e+00H  1
 104  4.9925293e-03 8.80e-04 1.02e-01  -4.0 1.53e-01    -  1.00e+00 1.31e-01h  3
 105  4.8669239e-03 1.03e-03 2.18e-02  -4.1 5.41e-02    -  1.00e+00 1.00e+00H  1
 106  6.2918198e-03 1.15e-03 6.27e-02  -4.0 1.15e-01    -  1.00e+00 6.03e-01H  1
 107  4.9674178e-03 1.27e-03 3.26e-02  -4.1 9.88e-02    -  1.00e+00 1.00e+00h  1
 108  4.6875524e-03 3.82e-04 7.47e-03  -4.1 2.32e-02    -  1.00e+00 1.00e+00h  1
 109  4.7398347e-03 5.89e-04 9.83e-03  -4.0 2.92e-02    -  1.00e+00 1.00e+00h  1
iter    objective    inf_pr   inf_du lg(mu)  ||d||  lg(rg) alpha_du alpha_pr  ls
 110  4.6175195e-03 1.40e-04 3.32e-03  -4.1 1.36e-02    -  1.00e+00 1.00e+00h  1
 111  4.6330849e-03 5.51e-05 1.20e-02  -4.0 7.46e-03    -  1.00e+00 1.00e+00h  1
 112  4.6019994e-03 4.42e-05 8.43e-03  -4.0 7.80e-03    -  1.00e+00 1.00e+00h  1
 113  4.6115736e-03 2.47e-05 3.13e-02  -4.0 6.56e-03    -  1.00e+00 1.00e+00H  1
 114  4.5961201e-03 2.06e-05 7.08e-03  -4.0 5.35e-03    -  1.00e+00 1.00e+00h  1
 115  4.5757044e-03 1.38e-05 5.63e-03  -4.0 4.20e-03    -  1.00e+00 1.00e+00h  1
 116  4.5659414e-03 2.88e-06 8.34e-03  -4.0 2.40e-03    -  1.00e+00 1.00e+00h  1
 117  4.5394925e-03 4.52e-05 2.04e-02  -4.0 7.95e-03    -  1.00e+00 1.00e+00h  1
 118  4.4681606e-03 3.64e-05 4.63e-02  -4.0 8.67e-03    -  1.00e+00 1.00e+00h  1
 119  4.4571433e-03 6.13e-05 6.69e-01  -3.5 6.79e-02    -  1.00e+00 1.25e-01h  4
iter    objective    inf_pr   inf_du lg(mu)  ||d||  lg(rg) alpha_du alpha_pr  ls
 120  4.4554959e-03 4.63e-06 6.05e-02  -4.0 1.51e-02    -  1.00e+00 1.00e+00H  1
 121  4.4773141e-03 4.25e-04 1.45e-01  -4.0 5.94e-02    -  1.00e+00 5.00e-01h  2
 122  7.0576183e-03 2.20e-03 1.21e-01  -4.1 4.41e-02    -  1.00e+00 1.00e+00h  1
 123  4.1584491e-03 6.83e-04 7.43e-02  -4.1 2.61e-02    -  1.00e+00 1.00e+00h  1
 124  4.1700863e-03 3.03e-04 1.20e-02  -4.0 2.05e-02    -  1.00e+00 1.00e+00h  1
 125  4.1906049e-03 1.85e-04 1.34e-02  -4.0 1.28e-02    -  1.00e+00 1.00e+00h  1
 126  4.1428562e-03 1.06e-04 1.37e-02  -4.0 1.26e-02    -  1.00e+00 1.00e+00h  1
 127  4.1343341e-03 8.40e-05 1.99e-02  -4.0 1.13e-02    -  1.00e+00 1.00e+00h  1
 128  4.1260224e-03 1.44e-04 1.61e-01  -4.0 2.32e-02    -  1.00e+00 5.00e-01h  2
 129  3.9788129e-03 2.97e-04 4.36e-02  -4.0 2.37e-02    -  1.00e+00 1.00e+00h  1
iter    objective    inf_pr   inf_du lg(mu)  ||d||  lg(rg) alpha_du alpha_pr  ls
 130  4.1076406e-03 2.85e-04 4.99e-02  -4.0 6.59e-02    -  1.00e+00 1.25e-01h  4
 131  3.9197806e-03 8.76e-05 2.38e-02  -4.0 1.31e-02    -  1.00e+00 1.00e+00h  1
 132  3.9892505e-03 4.12e-05 1.95e-01  -4.0 1.67e-02    -  1.00e+00 6.30e-01H  1
 133  3.8173668e-03 9.85e-05 1.74e-02  -4.0 1.78e-02    -  1.00e+00 1.00e+00h  1
 134  3.8338561e-03 5.76e-04 5.52e-02  -4.0 3.77e-02    -  1.00e+00 1.00e+00h  1
 135  3.7360925e-03 5.76e-04 7.27e-02  -4.1 1.35e-01    -  1.00e+00 1.25e-01h  4
 136  3.6252756e-03 2.13e-03 1.58e-01  -4.0 1.78e-01    -  1.00e+00 2.50e-01h  3
 137  4.8621151e-03 1.95e-03 1.12e-01  -4.0 5.66e-02    -  1.00e+00 1.00e+00H  1
 138  3.6571742e-03 1.66e-03 9.59e-02  -4.1 5.70e-02    -  1.00e+00 5.00e-01h  2
 139  3.5951247e-03 1.27e-03 7.51e-02  -4.0 4.93e-02    -  1.00e+00 2.50e-01h  3
iter    objective    inf_pr   inf_du lg(mu)  ||d||  lg(rg) alpha_du alpha_pr  ls
 140  3.4541450e-03 5.48e-04 8.68e-03  -4.0 2.58e-02    -  1.00e+00 1.00e+00h  1
 141  3.3898246e-03 1.77e-04 8.78e-03  -4.0 2.27e-02    -  1.00e+00 1.00e+00h  1
 142  3.3887865e-03 1.76e-04 3.88e-02  -4.0 1.60e-01    -  1.00e+00 3.12e-02h  6
 143  3.2600330e-03 4.94e-04 3.02e-02  -4.0 3.88e-02    -  1.00e+00 1.00e+00h  1
 144  3.2093197e-03 5.83e-04 1.36e-01  -4.0 3.44e-01    -  1.00e+00 6.25e-02h  5
 145  3.1817175e-03 5.56e-04 4.66e-02  -4.0 2.51e-01    -  1.00e+00 6.25e-02h  5
 146  3.2126489e-03 7.15e-04 4.42e-02  -4.0 4.52e-02    -  1.00e+00 1.00e+00h  1
 147  3.2154021e-03 7.35e-04 1.39e-01  -4.1 6.19e-01    -  1.00e+00 5.67e-02h  5
 148  3.2005126e-03 1.63e-03 5.52e-01  -4.1 5.42e-02    -  1.00e+00 3.45e-01H  1
 149  3.2781379e-03 4.01e-04 3.41e-02  -4.1 2.20e-02    -  1.00e+00 1.00e+00h  1
iter    objective    inf_pr   inf_du lg(mu)  ||d||  lg(rg) alpha_du alpha_pr  ls
 150  3.1654541e-03 5.65e-04 1.07e-01  -3.6 5.65e-02    -  9.74e-01 5.00e-01h  2
 151  3.1500357e-03 4.73e-04 7.42e-02  -4.0 9.21e-02    -  1.00e+00 6.74e-02H  1
 152  2.9736857e-03 2.98e-04 6.50e-03  -4.0 3.44e-02    -  1.00e+00 1.00e+00h  1
 153  2.9673287e-03 3.02e-04 6.81e-03  -4.0 2.22e-01    -  1.00e+00 6.25e-02h  5
 154  2.9532144e-03 3.01e-04 2.37e-02  -4.0 2.59e-01    -  1.00e+00 3.12e-02h  6
 155  2.9480709e-03 2.51e-04 3.58e-02  -4.0 6.15e-02    -  1.00e+00 2.50e-01h  3
 156  3.0075202e-03 3.33e-04 4.29e-02  -4.0 1.53e-01    -  1.00e+00 2.50e-01h  3
 157  3.0215945e-03 1.36e-03 1.18e-01  -4.0 5.19e-02    -  1.00e+00 5.71e-01H  1
 158  2.8853935e-03 5.79e-04 1.68e-02  -4.0 2.60e-02    -  1.00e+00 1.00e+00h  1
 159  3.1104634e-03 5.98e-04 5.25e-02  -3.7 1.92e-01    -  8.81e-01 5.00e-01h  2
iter    objective    inf_pr   inf_du lg(mu)  ||d||  lg(rg) alpha_du alpha_pr  ls
 160  2.9728737e-03 5.37e-04 5.91e-02  -3.9 1.05e-01    -  1.00e+00 2.50e-01h  3
 161  3.0008151e-03 8.66e-04 2.42e-02  -3.9 1.40e-01    -  1.00e+00 1.00e+00H  1
 162  2.7689660e-03 3.05e-04 8.67e-03  -4.0 6.35e-02    -  1.00e+00 1.00e+00h  1
 163  2.7959005e-03 1.94e-04 1.11e+00  -4.0 2.20e-01    -  1.00e+00 8.12e-02H  1
 164  2.6933905e-03 4.05e-05 1.82e-03  -4.0 1.66e-02    -  1.00e+00 1.00e+00h  1
 165  2.7734696e-03 5.17e-04 3.47e-02  -4.0 2.92e-02    -  1.00e+00 1.00e+00h  1
 166  2.7082189e-03 7.43e-05 1.86e-02  -4.1 3.93e-02    -  1.00e+00 1.00e+00H  1
 167  2.7415725e-03 2.28e-04 1.65e-01  -4.1 5.66e-02    -  5.29e-01 2.50e-01h  3
 168  2.6600779e-03 1.11e-04 1.32e-03  -4.1 1.11e-02    -  1.00e+00 1.00e+00h  1
 169  2.6533252e-03 1.35e-06 3.19e-03  -4.0 1.88e-03    -  1.00e+00 1.00e+00h  1
iter    objective    inf_pr   inf_du lg(mu)  ||d||  lg(rg) alpha_du alpha_pr  ls
 170  2.6408660e-03 4.05e-05 3.48e-01  -4.0 4.36e-02    -  1.00e+00 2.50e-01h  3
 171  2.6081025e-03 1.49e-04 3.82e-02  -4.0 1.91e-02    -  1.00e+00 1.00e+00h  1
 172  3.8066379e-03 1.38e-04 7.46e-02  -4.0 7.50e-02    -  1.00e+00 1.00e+00H  1
 173  2.5589954e-03 2.74e-04 4.15e-02  -4.1 1.24e-01    -  1.00e+00 1.00e+00h  1
 174  3.8462865e-03 2.59e-04 5.46e-02  -4.0 4.41e-02    -  1.00e+00 1.00e+00h  1
 175  2.5074613e-03 2.10e-04 2.75e-02  -4.1 2.39e-02    -  1.00e+00 1.00e+00h  1
 176  2.5172087e-03 7.41e-05 1.41e-02  -4.0 9.82e-03    -  1.00e+00 1.00e+00h  1
 177  2.5049484e-03 2.46e-05 3.51e-02  -4.0 1.19e-02    -  1.00e+00 1.00e+00H  1
 178  2.4432315e-03 4.95e-04 5.89e-02  -4.0 2.27e-02    -  1.00e+00 1.00e+00h  1
 179  3.0427726e-03 2.82e-04 4.20e-02  -4.0 2.85e-02    -  1.00e+00 1.00e+00h  1
iter    objective    inf_pr   inf_du lg(mu)  ||d||  lg(rg) alpha_du alpha_pr  ls
 180  2.4323239e-03 8.35e-05 1.04e-02  -4.1 1.70e-02    -  1.00e+00 1.00e+00h  1
 181  2.6739577e-03 9.94e-05 1.24e-02  -4.0 1.01e-02    -  1.00e+00 1.00e+00h  1
 182  2.4266091e-03 3.60e-05 2.26e-03  -4.1 6.28e-03    -  1.00e+00 1.00e+00h  1
 183  2.4244068e-03 1.17e-05 7.71e-03  -4.0 3.16e-03    -  1.00e+00 1.00e+00h  1
 184  2.3998868e-03 7.98e-06 2.11e-02  -4.0 4.85e-03    -  1.00e+00 1.00e+00h  1
 185  2.3782481e-03 4.27e-04 4.33e-01  -4.0 7.69e-02    -  9.58e-01 5.00e-01h  2
 186  2.4803260e-03 1.10e-03 1.99e-01  -4.0 1.05e-01    -  1.00e+00 5.00e-01h  2
 187  2.4118437e-03 1.10e-03 2.96e-01  -4.1 5.18e-01    -  1.00e+00 1.56e-02h  7
 188  2.2222944e-03 6.61e-04 4.53e-02  -4.1 4.09e-02    -  1.00e+00 1.00e+00h  1
 189  2.2745981e-03 5.77e-04 3.19e-02  -4.0 3.38e-02    -  1.00e+00 1.00e+00H  1
iter    objective    inf_pr   inf_du lg(mu)  ||d||  lg(rg) alpha_du alpha_pr  ls
 190  2.2128858e-03 6.43e-04 4.96e-02  -4.0 1.24e-01    -  1.00e+00 2.50e-01h  3
 191  2.1332010e-03 4.04e-04 1.42e-02  -4.0 2.10e-02    -  1.00e+00 1.00e+00h  1
 192  2.0704653e-03 7.93e-04 6.97e-02  -3.7 1.55e-01    -  1.00e+00 2.50e-01h  3
 193  2.0604090e-03 5.94e-04 2.48e-02  -4.0 2.03e-01    -  1.00e+00 1.25e-01h  4
 194  2.0452656e-03 5.49e-04 1.49e-01  -4.0 4.33e-01    -  1.00e+00 5.01e-02h  4
 195  2.0568003e-03 7.44e-04 4.43e-02  -4.0 1.38e-01    -  1.00e+00 1.25e-01h  4
 196  1.9345035e-03 1.07e-03 1.43e-02  -4.0 4.10e-02    -  1.00e+00 1.00e+00h  1
 197  1.8738210e-03 3.90e-04 1.01e-02  -4.0 2.40e-02    -  1.00e+00 1.00e+00h  1
 198  1.8257196e-03 2.72e-03 4.71e-02  -4.0 1.82e-01    -  1.00e+00 5.00e-01h  2
 199  1.8545921e-03 2.30e-03 4.76e-02  -4.0 3.39e-01    -  1.00e+00 1.25e-01h  4
iter    objective    inf_pr   inf_du lg(mu)  ||d||  lg(rg) alpha_du alpha_pr  ls
 200  2.4704652e-03 1.97e-03 5.37e-02  -4.0 2.82e-01    -  1.00e+00 2.50e-01h  3
 201  1.7479306e-03 1.49e-03 1.37e-02  -4.1 9.25e-02    -  1.00e+00 1.00e+00h  1
 202  1.6863871e-03 1.44e-03 5.63e-02  -3.3 5.96e-01    -  8.75e-01 6.25e-02h  5
 203  1.6630078e-03 2.39e-04 2.74e-03  -4.0 3.05e-02    -  1.00e+00 1.00e+00h  1
 204  1.7873084e-03 5.65e-04 1.18e-01  -4.0 9.77e-02    -  1.00e+00 5.00e-01h  2
 205  1.5620346e-03 3.36e-04 9.16e-03  -4.1 4.98e-02    -  1.00e+00 1.00e+00h  1
 206  1.5664852e-03 2.66e-04 9.18e-03  -4.0 2.59e-02    -  1.00e+00 5.00e-01h  2
 207  1.5672031e-03 9.09e-05 1.28e-02  -4.0 2.28e-02    -  1.00e+00 1.00e+00h  1
 208  1.6516801e-03 1.59e-04 2.92e-02  -4.0 2.59e-02    -  1.00e+00 1.00e+00h  1
 209  1.5443294e-03 1.29e-04 8.12e-03  -4.1 4.07e-02    -  1.00e+00 1.00e+00h  1
iter    objective    inf_pr   inf_du lg(mu)  ||d||  lg(rg) alpha_du alpha_pr  ls
 210  1.7047077e-03 2.85e-04 1.14e-02  -4.0 1.52e-02    -  1.00e+00 1.00e+00h  1
 211  1.5184016e-03 1.75e-04 2.06e-03  -4.0 1.48e-02    -  1.00e+00 1.00e+00h  1
 212  1.5171930e-03 3.94e-06 1.56e-03  -4.0 2.21e-03    -  1.00e+00 1.00e+00h  1
 213  1.5491240e-03 7.13e-05 6.20e-02  -4.0 2.62e-02    -  1.00e+00 5.00e-01h  2
 214  1.5109380e-03 5.06e-05 1.03e-02  -4.1 9.31e-03    -  1.00e+00 1.00e+00h  1
 215  1.5209759e-03 5.85e-05 1.33e-02  -4.0 6.33e-03    -  1.00e+00 1.00e+00h  1
 216  1.5073303e-03 1.97e-05 2.30e-03  -4.1 4.26e-03    -  1.00e+00 1.00e+00h  1
 217  1.5048026e-03 3.59e-07 4.46e-03  -4.0 1.33e-03    -  1.00e+00 1.00e+00h  1
 218  1.4970119e-03 2.20e-05 4.11e-02  -4.0 2.26e-02    -  1.00e+00 5.00e-01h  2
 219  1.4896228e-03 2.65e-05 6.74e-02  -4.0 8.56e-02    -  1.00e+00 6.25e-02h  5
iter    objective    inf_pr   inf_du lg(mu)  ||d||  lg(rg) alpha_du alpha_pr  ls
 220  1.4806596e-03 6.68e-04 2.04e-01  -4.0 5.66e-02    -  1.00e+00 1.00e+00h  1
 221  1.4146954e-03 1.39e-03 3.69e-01  -4.0 4.09e-01    -  1.00e+00 1.25e-01h  4
 222  2.0773527e-03 1.37e-03 4.46e-01  -4.0 2.62e-01    -  1.00e+00 1.25e-01h  4
 223  1.4020657e-03 8.43e-05 1.44e-01  -4.1 1.65e-02    -  1.00e+00 1.00e+00h  1
 224  1.4419666e-03 9.93e-05 5.94e-02  -4.0 2.32e-02    -  1.00e+00 1.00e+00H  1
 225  1.4073586e-03 1.89e-04 2.91e-01  -4.0 1.93e-01    -  1.00e+00 1.25e-01h  4
 226  1.3978264e-03 2.45e-04 8.23e-02  -4.1 4.25e-01    -  1.00e+00 3.12e-02h  6
 227  1.3862484e-03 5.47e-04 7.79e-02  -4.0 1.36e-01    -  1.00e+00 2.50e-01h  3
 228  1.3865442e-03 5.69e-04 2.27e-01  -4.0 2.16e-01    -  1.00e+00 6.25e-02h  5
 229  1.4202702e-03 1.01e-03 3.68e-02  -4.1 3.23e-02    -  1.00e+00 1.00e+00h  1
iter    objective    inf_pr   inf_du lg(mu)  ||d||  lg(rg) alpha_du alpha_pr  ls
 230  1.3399408e-03 4.86e-04 2.38e-02  -4.1 7.66e-02    -  1.00e+00 5.00e-01h  2
 231  1.3231550e-03 4.85e-04 3.04e-02  -4.0 3.98e-01    -  1.00e+00 3.12e-02h  6
 232  1.4207977e-03 4.42e-04 9.12e-02  -4.0 1.41e-01    -  1.00e+00 1.25e-01h  4
 233  1.5663705e-03 8.74e-04 1.14e-02  -4.1 3.64e-02    -  1.00e+00 1.00e+00h  1
 234  1.4309099e-03 9.38e-04 1.18e-02  -4.1 8.71e-02    -  1.00e+00 5.00e-01h  2
 235  1.3330122e-03 1.22e-03 3.84e-02  -4.1 6.21e-01    -  1.00e+00 6.02e-02h  5
 236  1.3195276e-03 9.59e-04 5.30e-02  -4.1 1.34e-01    -  1.00e+00 2.50e-01h  3
 237  1.3011954e-03 9.29e-04 3.02e-02  -4.0 1.81e-01    -  1.00e+00 6.25e-02h  5
 238  1.4772893e-03 7.66e-04 1.17e-02  -4.0 5.70e-02    -  1.00e+00 5.00e-01h  2
 239  1.4050702e-03 7.74e-04 4.79e-03  -4.1 1.11e-01    -  1.00e+00 2.50e-01h  3
iter    objective    inf_pr   inf_du lg(mu)  ||d||  lg(rg) alpha_du alpha_pr  ls
 240  1.3441506e-03 9.33e-04 1.96e-02  -4.1 7.25e-01    -  1.00e+00 3.12e-02h  6
 241  1.3768314e-03 8.80e-04 3.70e-02  -4.1 1.30e-01    -  1.00e+00 1.25e-01h  4
 242  1.4215224e-03 1.51e-03 1.42e-02  -4.1 1.48e-01    -  1.00e+00 5.00e-01h  2
 243  1.3950297e-03 4.95e-04 1.19e-02  -4.1 1.00e-01    -  1.00e+00 1.00e+00H  1
 244  1.3876978e-03 4.82e-04 1.02e-02  -4.0 3.53e-01    -  1.00e+00 1.25e-01h  4
 245  1.7681912e-03 9.06e-04 5.35e-03  -4.0 3.38e-02    -  1.00e+00 1.00e+00h  1
 246  1.4247594e-03 2.12e-03 7.11e-03  -4.1 7.38e-02    -  1.00e+00 1.00e+00h  1
 247  1.5228808e-03 1.70e-03 5.93e-03  -4.1 2.29e-01    -  1.00e+00 1.25e-01h  4
 248  1.7179925e-03 7.44e-04 7.63e-03  -4.1 9.24e-02    -  1.00e+00 1.00e+00h  1
 249  1.3758683e-03 5.08e-04 9.52e-03  -4.1 4.36e-02    -  1.00e+00 5.00e-01h  2
iter    objective    inf_pr   inf_du lg(mu)  ||d||  lg(rg) alpha_du alpha_pr  ls
 250  1.3725596e-03 1.58e-03 4.10e-02  -4.0 9.78e-02    -  1.00e+00 6.90e-01H  1
 251  1.2708562e-03 4.97e-04 1.04e-02  -4.0 5.36e-02    -  1.00e+00 1.00e+00h  1
 252  1.8984870e-03 1.08e-03 2.98e-03  -4.0 8.08e-02    -  1.00e+00 1.00e+00h  1
 253  1.3072087e-03 2.57e-03 7.15e-03  -4.1 8.75e-02    -  1.00e+00 1.00e+00h  1
 254  2.9090474e-03 1.35e-03 1.63e-02  -4.1 6.72e-02    -  1.00e+00 8.87e-01H  1
 255  1.5319309e-03 6.46e-04 5.24e-03  -4.1 6.15e-02    -  1.00e+00 1.00e+00f  1
 256  1.5175685e-03 8.62e-04 1.05e-02  -4.1 5.34e-02    -  1.00e+00 1.00e+00h  1
 257  1.3166765e-03 6.76e-04 1.87e-03  -4.1 4.50e-02    -  1.00e+00 1.00e+00h  1
 258  2.4180565e-03 3.16e-04 4.72e-02  -4.1 4.59e-02    -  1.00e+00 5.16e-01H  1
 259  1.2768543e-03 1.86e-04 2.10e-03  -4.1 1.37e-02    -  1.00e+00 1.00e+00f  1
iter    objective    inf_pr   inf_du lg(mu)  ||d||  lg(rg) alpha_du alpha_pr  ls
 260  1.2772108e-03 9.36e-06 5.77e-03  -4.0 3.96e-03    -  1.00e+00 1.00e+00h  1
 261  1.3018680e-03 2.11e-04 4.95e-02  -4.0 1.67e-02    -  1.00e+00 1.00e+00h  1
 262  1.2877948e-03 5.08e-05 8.50e-03  -4.1 8.30e-03    -  1.00e+00 1.00e+00h  1
 263  1.2829218e-03 2.07e-05 5.36e-03  -4.1 5.68e-03    -  1.00e+00 1.00e+00h  1
 264  1.2868293e-03 4.40e-06 3.77e-03  -4.1 2.43e-03    -  1.00e+00 1.00e+00h  1
 265  1.2835559e-03 1.96e-06 3.29e-03  -4.0 1.56e-03    -  1.00e+00 1.00e+00h  1
 266  1.2824284e-03 7.37e-07 2.35e-03  -4.0 1.01e-03    -  1.00e+00 1.00e+00h  1
 267  1.2826295e-03 9.10e-08 7.21e-04  -4.0 3.69e-04    -  1.00e+00 1.00e+00h  1
 268  1.2824964e-03 1.26e-07 1.59e-03  -4.0 3.90e-04    -  1.00e+00 1.00e+00h  1
 269  1.2811446e-03 2.43e-05 2.02e-02  -4.0 4.98e-03    -  1.00e+00 1.00e+00h  1
iter    objective    inf_pr   inf_du lg(mu)  ||d||  lg(rg) alpha_du alpha_pr  ls
 270  1.3037002e-03 8.01e-06 8.26e-02  -4.1 1.56e-02    -  1.00e+00 1.00e+00H  1
 271  1.4115421e-03 2.99e-06 7.85e-02  -4.1 7.91e-03    -  1.00e+00 1.00e+00H  1
 272  1.2805955e-03 1.44e-04 1.88e-02  -4.1 1.33e-02    -  1.00e+00 1.00e+00h  1
 273  1.3114519e-03 1.44e-04 2.96e-02  -4.1 1.22e-02    -  1.00e+00 1.00e+00h  1
 274  1.2767238e-03 1.10e-04 2.98e-03  -4.1 1.22e-02    -  1.00e+00 1.00e+00h  1
 275  1.2871167e-03 5.28e-05 2.75e-02  -4.0 8.75e-03    -  1.00e+00 1.00e+00h  1
 276  1.2750876e-03 3.04e-05 8.41e-03  -4.1 6.17e-03    -  1.00e+00 1.00e+00h  1
 277  1.3318827e-03 4.27e-05 1.97e-02  -4.0 5.65e-03    -  1.00e+00 1.00e+00h  1
 278  1.2749461e-03 1.61e-05 2.78e-03  -4.1 3.63e-03    -  1.00e+00 1.00e+00h  1
 279  1.2738803e-03 3.48e-06 3.67e-03  -4.0 1.57e-03    -  1.00e+00 1.00e+00h  1
iter    objective    inf_pr   inf_du lg(mu)  ||d||  lg(rg) alpha_du alpha_pr  ls
 280  1.2740586e-03 4.68e-07 7.70e-04  -4.0 5.52e-04    -  1.00e+00 1.00e+00h  1
 281  1.2738374e-03 8.00e-08 1.15e-03  -4.0 2.92e-04    -  1.00e+00 1.00e+00h  1
 282  1.2709237e-03 2.70e-05 2.61e-02  -4.0 5.40e-03    -  1.00e+00 1.00e+00h  1
 283  1.2799414e-03 1.77e-05 1.09e-01  -4.0 1.30e-02    -  1.00e+00 9.00e-01H  1
 284  1.2893066e-03 3.76e-05 2.71e-02  -4.1 8.37e-03    -  1.00e+00 1.00e+00h  1
 285  1.3759739e-03 1.66e-05 2.74e-03  -4.1 4.26e-03    -  1.00e+00 1.00e+00h  1
 286  1.2648376e-03 3.98e-06 1.22e-02  -4.1 2.16e-03    -  1.00e+00 1.00e+00h  1
 287  1.2654745e-03 5.75e-06 1.12e-02  -4.0 2.15e-03    -  1.00e+00 1.00e+00h  1
 288  1.2663306e-03 2.13e-06 4.13e-03  -4.0 1.46e-03    -  1.00e+00 1.00e+00h  1
 289  1.2671587e-03 1.41e-05 1.63e-02  -4.0 3.50e-03    -  1.00e+00 1.00e+00h  1
iter    objective    inf_pr   inf_du lg(mu)  ||d||  lg(rg) alpha_du alpha_pr  ls
 290  1.2668762e-03 1.39e-05 1.15e-02  -4.1 5.77e-03    -  1.00e+00 1.00e+00h  1
 291  1.3085299e-03 6.15e-06 5.09e-02  -4.1 1.03e-02    -  1.00e+00 1.00e+00H  1
 292  1.2606982e-03 5.99e-05 1.18e-02  -4.1 8.07e-03    -  1.00e+00 1.00e+00h  1
 293  1.2681144e-03 2.01e-05 1.60e-02  -4.0 5.25e-03    -  1.00e+00 1.00e+00h  1
 294  1.2608713e-03 2.46e-06 7.18e-03  -4.1 1.90e-03    -  1.00e+00 1.00e+00h  1
 295  1.2601812e-03 1.09e-05 1.61e-02  -4.0 3.40e-03    -  1.00e+00 1.00e+00h  1
 296  1.2553261e-03 7.96e-06 1.90e-02  -4.0 2.87e-03    -  1.00e+00 1.00e+00h  1
 297  1.2546820e-03 3.43e-06 4.73e-03  -4.0 2.40e-03    -  1.00e+00 1.00e+00h  1
 298  1.2581052e-03 2.85e-06 3.42e-02  -4.0 8.47e-03    -  1.00e+00 1.00e+00H  1
 299  1.2561896e-03 1.13e-05 1.10e-02  -4.0 3.80e-03    -  1.00e+00 1.00e+00h  1
iter    objective    inf_pr   inf_du lg(mu)  ||d||  lg(rg) alpha_du alpha_pr  ls
 300  1.2521867e-03 4.70e-07 2.00e-02  -4.1 7.47e-03    -  1.00e+00 1.00e+00H  1
 301  1.2690969e-03 1.81e-07 1.52e-02  -4.0 3.39e-03    -  1.00e+00 1.00e+00H  1
 302  1.2517451e-03 1.45e-05 1.23e-02  -4.0 3.98e-03    -  1.00e+00 1.00e+00h  1
 303  1.2478593e-03 9.29e-07 8.21e-03  -4.0 5.17e-03    -  1.00e+00 1.00e+00H  1
 304  1.2577734e-03 5.29e-07 3.74e-02  -4.0 4.24e-03    -  1.00e+00 1.00e+00H  1
 305  1.2453954e-03 1.58e-06 1.10e-02  -4.1 1.83e-03    -  1.00e+00 1.00e+00h  1
 306  1.2478831e-03 7.43e-06 9.83e-03  -4.0 3.19e-03    -  1.00e+00 1.00e+00h  1
 307  1.2463482e-03 3.56e-07 1.67e-03  -4.1 7.00e-04    -  1.00e+00 1.00e+00h  1
 308  1.2462279e-03 6.83e-08 9.51e-04  -4.0 2.96e-04    -  1.00e+00 1.00e+00h  1
 309  1.2457845e-03 2.14e-07 2.08e-03  -4.0 5.27e-04    -  1.00e+00 1.00e+00h  1
iter    objective    inf_pr   inf_du lg(mu)  ||d||  lg(rg) alpha_du alpha_pr  ls
 310  1.2443764e-03 3.31e-06 1.20e-02  -4.0 2.64e-03    -  1.00e+00 1.00e+00h  1
 311  1.2434450e-03 7.46e-06 2.35e-02  -4.0 4.34e-02    -  1.00e+00 6.25e-02h  5
 312  1.2423295e-03 8.52e-06 4.00e-02  -4.0 3.12e-02    -  1.00e+00 6.25e-02h  5
 313  1.2381276e-03 2.35e-05 2.71e-02  -4.0 5.64e-03    -  1.00e+00 1.00e+00h  1
 314  1.2407737e-03 4.43e-05 3.11e-01  -4.0 2.69e-02    -  1.00e+00 2.50e-01h  3
 315  1.3762095e-03 1.70e-05 1.50e-01  -4.1 3.31e-02    -  1.00e+00 1.00e+00H  1
 316  1.3689446e-03 1.74e-05 8.41e-01  -4.1 1.73e-01    -  1.00e+00 7.81e-03h  8
 317  1.3566781e-03 1.76e-05 8.75e-01  -4.1 3.38e-01    -  1.00e+00 3.91e-03h  9
 318  1.3524379e-03 1.77e-05 6.48e-01  -4.1 3.46e+00    -  7.81e-01 2.19e-04h 13
 319  1.3491458e-03 1.77e-05 1.00e+00  -4.1 6.63e+00    -  8.28e-01 8.38e-05h 14
iter    objective    inf_pr   inf_du lg(mu)  ||d||  lg(rg) alpha_du alpha_pr  ls
 320  1.2432604e-03 2.97e-04 4.22e-01  -4.1 1.72e+01    -  3.77e-01 2.06e-03h  8
 321  1.1787331e-03 3.17e-04 7.00e-01  -4.1 4.61e+00    -  2.61e-01 4.87e-03h  7
 322  1.1930866e-03 6.90e-04 6.17e-01  -4.0 2.72e-01    -  1.00e+00 1.25e-01h  4
 323  1.1719159e-03 7.02e-04 6.08e-01  -4.1 1.04e+00    -  1.00e+00 1.56e-02h  7
 324  1.1691747e-03 7.10e-04 7.93e-01  -4.0 5.46e-01    -  1.00e+00 1.56e-02h  7
 325  1.1714244e-03 7.79e-04 4.39e-01  -4.1 4.57e-01    -  1.00e+00 6.25e-02h  5
 326  1.1573612e-03 8.24e-04 8.54e-01  -4.1 3.58e+00    -  5.61e-01 3.54e-03h  9
 327  1.1607982e-03 7.77e-04 3.18e-01  -4.0 7.46e-01    -  8.73e-01 7.50e-04H  1
 328  1.2934387e-03 1.46e-03 6.51e-01  -4.0 4.30e-01    -  1.00e+00 1.25e-01h  4
 329  1.2343786e-03 2.46e-03 5.10e-01  -4.1 1.01e+01    -  4.34e-01 7.97e-03h  7
iter    objective    inf_pr   inf_du lg(mu)  ||d||  lg(rg) alpha_du alpha_pr  ls
 330  1.2125270e-03 2.73e-03 4.67e-01  -4.1 1.46e+01    -  2.86e-01 2.39e-03h  8
 331  1.1995620e-03 2.73e-03 5.21e-01  -4.1 9.95e-01    -  1.00e+00 1.56e-02h  7
 332  1.1936784e-03 2.90e-03 7.35e-01  -4.1 1.50e+00    -  6.13e-01 1.56e-02h  7
 333  1.2556939e-03 2.90e-03 4.96e-01  -4.1 1.57e+01    -  1.27e-01 1.00e-03h  8
 334  1.2393900e-03 3.03e-03 3.80e-01  -4.1 1.40e+00    -  1.00e+00 1.56e-02h  7
 335  1.2380434e-03 3.21e-03 6.45e-01  -4.1 2.31e+00    -  1.00e+00 1.56e-02h  7
 336  1.1976588e-03 3.45e-03 6.28e-01  -4.1 6.03e+00    -  6.09e-01 5.50e-03h  8
 337  1.1887666e-03 3.46e-03 6.57e-01  -4.1 3.63e+00    -  1.00e+00 3.91e-03h  9
 338  1.1792788e-03 3.48e-03 6.80e-01  -4.1 4.58e+00    -  5.11e-01 2.06e-03h  9
 339  1.1790564e-03 3.47e-03 7.10e-01  -4.1 2.34e+00    -  5.97e-01 3.91e-03h  9
iter    objective    inf_pr   inf_du lg(mu)  ||d||  lg(rg) alpha_du alpha_pr  ls
 340  1.2489900e-03 4.29e-03 4.18e-01  -4.1 3.99e+00    -  1.00e+00 1.56e-02h  7
 341  1.2338495e-03 4.28e-03 6.98e-01  -4.1 1.60e+00    -  9.39e-01 7.81e-03h  8
 342  1.2091825e-03 4.23e-03 6.44e-01  -4.1 7.15e-01    -  1.00e+00 1.25e-02h  3
 343  1.2003106e-03 3.72e-03 6.00e-01  -4.1 1.44e-01    -  6.33e-01 1.25e-01h  4
 344  1.2814741e-03 3.70e-03 5.34e-01  -4.1 5.67e-01    -  1.00e+00 3.12e-02h  6
 345  1.2232977e-03 3.70e-03 4.61e-01  -4.1 2.00e+00    -  1.00e+00 1.70e-02h  6
 346  1.2119216e-03 3.74e-03 5.07e-01  -4.1 4.17e+00    -  5.75e-01 5.00e-03h  8
 347  1.2010928e-03 3.75e-03 5.05e-01  -4.1 8.05e+00    -  3.50e-01 1.61e-03h  9
 348  1.1986670e-03 3.76e-03 5.23e-01  -4.1 5.95e+00    -  9.10e-01 2.25e-03h  9
 349  1.1934885e-03 3.78e-03 5.21e-01  -4.1 9.66e+00    -  3.45e-01 1.43e-03h  9
iter    objective    inf_pr   inf_du lg(mu)  ||d||  lg(rg) alpha_du alpha_pr  ls
 350  1.1921461e-03 3.79e-03 5.29e-01  -4.1 1.43e+01    -  2.46e-01 8.92e-04h  9
 351  1.1793173e-03 3.81e-03 5.29e-01  -4.1 1.63e+01    -  3.35e-01 9.37e-04h  9
 352  1.1752768e-03 3.82e-03 5.43e-01  -4.1 1.23e+01    -  3.81e-01 5.25e-04h 10
 353  1.1748739e-03 3.82e-03 5.29e-01  -4.1 4.08e+00    -  1.00e+00 1.76e-03h 10
 354  1.1700086e-03 3.83e-03 5.38e-01  -4.1 1.01e+01    -  3.28e-01 1.26e-03h  9
 355  1.1630267e-03 3.84e-03 5.25e-01  -4.1 1.05e+01    -  3.31e-01 6.88e-04h 10
 356  1.1636930e-03 3.84e-03 5.52e-01  -4.1 2.85e+00    -  1.00e+00 1.95e-03h 10
 357  1.1590581e-03 3.84e-03 5.50e-01  -4.1 7.47e+00    -  4.58e-01 9.74e-04h 10
 358  1.1578988e-03 3.84e-03 5.53e-01  -4.1 3.59e+00    -  8.48e-01 9.22e-04h 11
 359  1.1587373e-03 3.83e-03 5.38e-01  -4.1 3.18e+00    -  1.00e+00 1.95e-03h 10
iter    objective    inf_pr   inf_du lg(mu)  ||d||  lg(rg) alpha_du alpha_pr  ls
 360  1.1552677e-03 3.83e-03 5.40e-01  -4.1 1.01e+01    -  1.77e-01 1.72e-04h 11
 361  1.1574132e-03 3.82e-03 5.15e-01  -4.1 1.71e+00    -  1.00e+00 3.91e-03h  9
 362  1.1544348e-03 3.81e-03 5.44e-01  -4.1 2.75e+00    -  9.25e-01 1.95e-03h 10
 363  1.2072072e-03 3.56e-03 4.97e-01  -4.1 2.90e-01    -  1.00e+00 6.25e-02h  5
 364  1.6920083e-03 2.37e-05 1.70e-02  -4.1 1.33e-02    -  1.00e+00 1.00e+00h  1
 365  1.6945015e-03 2.10e-04 3.83e-01  -4.1 3.12e-02    -  1.00e+00 4.49e-01H  1
 366  1.2027840e-03 6.28e-05 1.22e-02  -4.1 9.51e-03    -  1.00e+00 1.00e+00f  1
 367  1.1482831e-03 8.69e-05 2.32e-02  -4.0 1.13e-02    -  1.00e+00 1.00e+00h  1
 368  1.1338905e-03 4.64e-06 1.98e-03  -4.0 2.48e-03    -  1.00e+00 1.00e+00h  1
 369  1.1298971e-03 3.86e-07 2.34e-03  -4.0 8.03e-04    -  1.00e+00 1.00e+00h  1
iter    objective    inf_pr   inf_du lg(mu)  ||d||  lg(rg) alpha_du alpha_pr  ls
 370  1.1266856e-03 1.32e-06 5.06e-03  -4.0 1.85e-03    -  1.00e+00 1.00e+00h  1
 371  1.1261233e-03 7.66e-05 3.28e-02  -4.0 7.94e-03    -  1.00e+00 1.00e+00h  1
 372  1.1192951e-03 2.66e-05 7.14e-03  -4.0 5.82e-03    -  1.00e+00 1.00e+00h  1
 373  1.1352727e-03 1.34e-05 1.27e-02  -4.0 4.21e-03    -  1.00e+00 1.00e+00h  1
 374  1.1171253e-03 4.07e-06 6.81e-04  -4.1 2.37e-03    -  1.00e+00 1.00e+00h  1
 375  1.1175200e-03 8.53e-08 9.81e-04  -4.0 3.35e-04    -  1.00e+00 1.00e+00h  1
 376  1.1165048e-03 6.16e-07 4.30e-03  -4.0 1.05e-03    -  1.00e+00 1.00e+00h  1
 377  1.1129422e-03 1.26e-05 2.06e-02  -4.0 3.63e-03    -  1.00e+00 1.00e+00h  1
 378  1.4023246e-03 1.02e-05 7.32e-02  -4.0 1.44e-02    -  1.00e+00 1.00e+00H  1
 379  1.1130177e-03 1.20e-04 2.45e-02  -4.1 1.17e-02    -  1.00e+00 1.00e+00h  1
iter    objective    inf_pr   inf_du lg(mu)  ||d||  lg(rg) alpha_du alpha_pr  ls
 380  1.1640324e-03 5.47e-06 7.81e-03  -4.1 3.11e-03    -  1.00e+00 1.00e+00h  1
 381  1.1095855e-03 2.35e-06 3.52e-03  -4.1 2.09e-03    -  1.00e+00 1.00e+00h  1
 382  1.1091270e-03 5.58e-07 3.24e-03  -4.0 8.11e-04    -  1.00e+00 1.00e+00h  1
 383  1.1089589e-03 2.55e-06 8.16e-03  -4.0 1.89e-03    -  1.00e+00 1.00e+00h  1
 384  1.1068746e-03 3.47e-06 1.60e-02  -4.0 2.26e-03    -  1.00e+00 1.00e+00h  1
 385  1.1150760e-03 1.57e-05 4.70e-02  -4.0 4.83e-03    -  1.00e+00 1.00e+00H  1
 386  1.1036457e-03 4.77e-06 1.06e-02  -4.1 2.83e-03    -  1.00e+00 1.00e+00h  1
 387  1.1052492e-03 1.04e-05 3.87e-03  -4.0 3.49e-03    -  1.00e+00 1.00e+00h  1
 388  1.1041255e-03 2.99e-07 1.88e-03  -4.0 6.33e-04    -  1.00e+00 1.00e+00h  1
 389  1.1024666e-03 1.85e-06 7.30e-03  -4.0 1.83e-03    -  1.00e+00 1.00e+00h  1
iter    objective    inf_pr   inf_du lg(mu)  ||d||  lg(rg) alpha_du alpha_pr  ls
 390  1.1600391e-03 1.38e-06 1.15e-01  -4.0 2.41e-02    -  1.00e+00 1.00e+00H  1
 391  1.1471162e-03 2.38e-05 4.26e-01  -4.1 2.68e-02    -  1.00e+00 2.50e-01h  3
 392  1.1071971e-03 1.45e-04 1.28e-01  -4.1 2.62e-02    -  1.00e+00 5.00e-01h  2
 393  1.0987808e-03 1.88e-04 2.99e-02  -4.1 8.13e-02    -  1.00e+00 1.25e-01h  4
 394  1.0988414e-03 1.81e-04 3.66e-01  -4.0 4.93e-02    -  1.00e+00 6.25e-02h  5
 395  1.1800215e-03 1.59e-04 7.72e-02  -4.1 2.71e-02    -  1.00e+00 1.00e+00H  1
 396  1.1383285e-03 1.85e-04 1.15e-01  -4.1 7.29e-02    -  1.00e+00 1.25e-01h  4
 397  1.0960845e-03 2.78e-04 2.65e-02  -4.1 1.74e-02    -  1.00e+00 1.00e+00h  1
 398  1.2788675e-03 2.25e-04 2.85e-01  -4.0 3.92e-02    -  1.00e+00 2.50e-01h  3
 399  1.0933692e-03 3.28e-05 1.71e-02  -4.1 7.18e-03    -  1.00e+00 1.00e+00h  1
iter    objective    inf_pr   inf_du lg(mu)  ||d||  lg(rg) alpha_du alpha_pr  ls
 400  1.0994952e-03 1.20e-05 4.75e-02  -4.0 1.05e-02    -  1.00e+00 1.00e+00H  1
 401  1.1205369e-03 9.57e-06 4.23e-02  -4.0 3.30e-03    -  1.00e+00 1.00e+00h  1
 402  1.0858306e-03 3.09e-05 5.63e-03  -4.1 6.23e-03    -  1.00e+00 1.00e+00h  1
 403  1.1065105e-03 2.69e-05 5.81e-02  -4.0 7.26e-03    -  1.00e+00 1.00e+00H  1
 404  1.1161159e-03 3.15e-05 2.03e-02  -4.1 6.33e-03    -  1.00e+00 1.00e+00h  1
 405  1.0958549e-03 2.36e-05 6.76e-03  -4.1 7.34e-03    -  1.00e+00 1.00e+00h  1
 406  1.0846058e-03 9.12e-07 1.33e-02  -4.0 5.70e-03    -  1.00e+00 1.00e+00H  1
 407  1.0842930e-03 1.98e-05 1.93e-02  -4.0 4.21e-03    -  1.00e+00 1.00e+00h  1
 408  1.0849781e-03 1.34e-05 8.40e-03  -4.0 4.04e-03    -  1.00e+00 1.00e+00h  1
 409  1.0833798e-03 3.22e-07 2.60e-03  -4.1 2.48e-03    -  1.00e+00 1.00e+00H  1
iter    objective    inf_pr   inf_du lg(mu)  ||d||  lg(rg) alpha_du alpha_pr  ls
 410  1.0836738e-03 1.33e-08 5.62e-03  -4.0 1.12e-03    -  1.00e+00 1.00e+00H  1
 411  1.0850864e-03 4.70e-10 1.36e-02  -4.0 2.93e-03    -  1.00e+00 1.00e+00H  1
 412  1.0808740e-03 1.06e-05 3.03e-02  -4.0 9.57e-03    -  1.00e+00 5.00e-01h  2
 413  1.0785120e-03 1.15e-05 1.83e-01  -4.0 2.78e-02    -  1.00e+00 6.25e-02h  5
 414  1.0768336e-03 3.40e-06 6.46e-03  -4.0 1.96e-03    -  1.00e+00 1.00e+00h  1
 415  1.0781320e-03 2.92e-05 3.16e-02  -4.0 5.97e-03    -  1.00e+00 1.00e+00h  1
 416  1.0755380e-03 3.57e-05 1.14e-02  -4.1 6.94e-03    -  1.00e+00 1.00e+00h  1
 417  1.0800908e-03 4.06e-05 1.72e-01  -4.0 2.86e-02    -  1.00e+00 2.50e-01h  3
 418  1.1494908e-03 3.96e-05 2.63e-02  -4.1 7.35e-03    -  1.00e+00 1.00e+00h  1
 419  1.0807993e-03 1.97e-06 2.03e-02  -4.1 8.70e-03    -  1.00e+00 1.00e+00H  1
iter    objective    inf_pr   inf_du lg(mu)  ||d||  lg(rg) alpha_du alpha_pr  ls
 420  1.3879291e-03 3.33e-07 1.05e-01  -4.0 1.43e-02    -  1.00e+00 1.00e+00H  1
 421  1.1039148e-03 1.10e-04 2.94e-02  -4.1 1.24e-02    -  1.00e+00 1.00e+00h  1
 422  1.1490630e-03 8.03e-05 4.06e-01  -4.1 1.15e-02    -  1.00e+00 5.00e-01h  2
 423  1.0715580e-03 8.18e-05 3.30e-02  -4.1 1.09e-02    -  1.00e+00 1.00e+00h  1
 424  1.0687855e-03 3.43e-05 5.00e-03  -4.0 6.73e-03    -  1.00e+00 1.00e+00h  1
 425  1.0685049e-03 2.21e-06 4.85e-03  -4.0 1.37e-03    -  1.00e+00 1.00e+00h  1
 426  1.0755368e-03 5.60e-06 1.29e-02  -4.0 2.72e-03    -  1.00e+00 1.00e+00h  1
 427  1.0687956e-03 3.57e-06 1.82e-03  -4.1 2.10e-03    -  1.00e+00 1.00e+00h  1
 428  1.0689636e-03 1.83e-07 1.17e-03  -4.1 3.93e-04    -  1.00e+00 1.00e+00h  1
 429  1.0684821e-03 1.56e-07 2.43e-03  -4.0 3.90e-04    -  1.00e+00 1.00e+00h  1
iter    objective    inf_pr   inf_du lg(mu)  ||d||  lg(rg) alpha_du alpha_pr  ls
 430  1.0686065e-03 4.44e-08 1.08e-03  -4.0 3.15e-04    -  1.00e+00 1.00e+00h  1
 431  1.0685168e-03 2.59e-07 2.72e-03  -4.0 6.53e-04    -  1.00e+00 1.00e+00h  1
 432  1.0681197e-03 9.25e-08 1.88e-03  -4.1 3.99e-04    -  1.00e+00 1.00e+00h  1
 433  1.0745586e-03 1.77e-07 1.82e-02  -4.0 2.85e-03    -  1.00e+00 1.00e+00H  1
 434  1.0669434e-03 1.83e-06 4.72e-03  -4.1 1.66e-03    -  1.00e+00 1.00e+00h  1
 435  1.0667837e-03 1.10e-06 1.47e-03  -4.0 1.31e-03    -  1.00e+00 1.00e+00h  1
 436  1.0663696e-03 1.17e-07 1.79e-03  -4.0 6.28e-04    -  1.00e+00 1.00e+00h  1
 437  1.0660468e-03 4.91e-07 5.41e-03  -4.0 1.61e-02    -  1.00e+00 6.25e-02h  5
 438  1.0642211e-03 7.90e-05 7.48e-02  -4.0 1.76e-02    -  1.00e+00 1.00e+00h  1
 439  1.0609197e-03 8.98e-05 2.55e-01  -4.0 2.47e-01    -  1.00e+00 3.12e-02h  6
iter    objective    inf_pr   inf_du lg(mu)  ||d||  lg(rg) alpha_du alpha_pr  ls
 440  1.0597874e-03 1.08e-04 1.63e-01  -4.0 3.67e-02    -  1.00e+00 5.00e-01h  2
 441  1.0595548e-03 1.18e-04 2.65e-01  -4.1 6.95e-02    -  1.00e+00 1.25e-01h  4
 442  1.0528860e-03 9.40e-05 2.46e-01  -4.1 5.14e-02    -  1.00e+00 2.50e-01h  3
 443  1.0458900e-03 7.85e-05 4.80e-01  -4.0 3.74e-02    -  1.00e+00 2.50e-01h  3
 444  1.6141248e-03 8.65e-05 6.26e-02  -4.0 1.65e-02    -  1.00e+00 1.00e+00H  1
 445  1.0729502e-03 1.49e-04 6.96e-02  -4.1 1.27e-02    -  1.00e+00 1.00e+00h  1
 446  1.0981721e-03 6.60e-05 2.24e-02  -4.1 1.12e-02    -  1.00e+00 1.00e+00h  1
 447  1.3462635e-03 6.13e-05 9.66e-02  -4.1 2.95e-02    -  1.00e+00 1.00e+00H  1
 448  1.2520222e-03 4.67e-05 1.18e-01  -4.1 3.63e-02    -  1.00e+00 1.25e-01h  4
 449  1.2064248e-03 4.27e-05 5.24e-01  -4.1 2.23e-01    -  1.00e+00 1.56e-02h  7
iter    objective    inf_pr   inf_du lg(mu)  ||d||  lg(rg) alpha_du alpha_pr  ls
 450  1.1350032e-03 2.76e-04 3.81e-01  -4.1 1.01e-01    -  1.00e+00 2.50e-01h  3
 451  1.0372508e-03 5.36e-04 2.88e-01  -4.1 1.96e-01    -  1.00e+00 1.25e-01h  4
 452  1.0236314e-03 5.32e-04 7.45e-02  -4.0 1.58e-01    -  1.00e+00 4.69e-02h  5
 453  9.9833554e-04 1.48e-04 1.40e-02  -4.0 1.83e-02    -  1.00e+00 1.00e+00h  1
 454  9.9508159e-04 1.48e-04 2.78e-01  -4.0 9.25e-02    -  1.00e+00 3.12e-02h  6
 455  9.9678206e-04 1.43e-04 8.91e-03  -4.0 3.93e-02    -  1.00e+00 1.25e-01h  4
 456  9.8747574e-04 1.50e-04 1.04e-01  -4.0 4.63e-02    -  1.00e+00 2.50e-01h  3
 457  9.9290589e-04 2.39e-04 3.03e-01  -3.5 1.43e+00    -  1.00e+00 1.56e-02h  7
 458  1.0070974e-03 4.55e-04 4.30e-01  -3.6 3.29e-01    -  1.00e+00 1.25e-01h  4
 459  1.0055714e-03 4.25e-04 1.45e-01  -3.6 1.87e-01    -  1.00e+00 6.25e-02h  5
iter    objective    inf_pr   inf_du lg(mu)  ||d||  lg(rg) alpha_du alpha_pr  ls
 460  1.0330211e-03 3.69e-04 1.35e-01  -3.6 7.42e-02    -  1.00e+00 2.50e-01h  3
 461  1.0474247e-03 3.29e-04 1.23e-01  -3.6 6.19e-02    -  1.00e+00 1.25e-01h  4
 462  1.0169404e-03 3.05e-04 1.49e-01  -3.6 9.49e-02    -  1.00e+00 1.25e-01h  4
 463  9.8362112e-04 2.76e-04 1.34e-01  -3.6 8.07e-02    -  1.00e+00 2.50e-01h  3
 464  1.2946663e-03 2.23e-04 3.58e-02  -4.0 3.97e-02    -  1.00e+00 1.00e+00h  1
 465  1.0182694e-03 2.04e-04 2.06e-02  -4.1 1.63e-02    -  1.00e+00 1.00e+00h  1
 466  9.9285181e-04 1.39e-04 8.04e-03  -4.1 2.95e-02    -  1.00e+00 1.00e+00h  1
 467  9.6884183e-04 2.03e-04 5.98e-02  -4.0 2.58e-02    -  1.00e+00 5.00e-01h  2
 468  9.6384731e-04 1.99e-04 1.31e-01  -4.0 4.62e-02    -  1.00e+00 1.25e-01h  4
 469  1.3442187e-03 1.23e-04 2.54e-02  -4.0 3.10e-02    -  1.00e+00 1.00e+00h  1
iter    objective    inf_pr   inf_du lg(mu)  ||d||  lg(rg) alpha_du alpha_pr  ls
 470  9.5259547e-04 2.69e-04 7.08e-03  -4.1 2.37e-02    -  1.00e+00 1.00e+00h  1
 471  1.2829061e-03 6.15e-04 3.12e-02  -4.0 2.80e-02    -  1.00e+00 1.00e+00h  1
 472  9.3998988e-04 2.21e-04 6.55e-03  -4.1 1.61e-02    -  1.00e+00 1.00e+00h  1
 473  9.5593925e-04 1.03e-04 5.51e-03  -4.0 1.14e-02    -  1.00e+00 1.00e+00h  1
 474  9.4720715e-04 2.53e-05 8.39e-03  -4.0 5.71e-03    -  1.00e+00 1.00e+00h  1
 475  9.4781250e-04 1.91e-05 1.05e-02  -4.0 4.99e-03    -  1.00e+00 1.00e+00h  1
 476  9.4543967e-04 5.65e-06 3.69e-03  -4.0 2.32e-03    -  1.00e+00 1.00e+00h  1
 477  9.4657773e-04 1.34e-06 4.21e-03  -4.0 1.41e-03    -  1.00e+00 1.00e+00h  1
 478  9.4604741e-04 5.37e-07 1.65e-03  -4.0 6.58e-04    -  1.00e+00 1.00e+00h  1
 479  9.4589531e-04 3.61e-08 2.80e-04  -4.0 2.34e-04    -  1.00e+00 1.00e+00h  1
iter    objective    inf_pr   inf_du lg(mu)  ||d||  lg(rg) alpha_du alpha_pr  ls
 480  9.4578494e-04 6.79e-09 3.67e-04  -4.0 1.01e-04    -  1.00e+00 1.00e+00h  1
 481  9.4527963e-04 8.39e-06 1.43e-02  -4.0 3.43e-03    -  1.00e+00 1.00e+00h  1
 482  9.5148647e-04 6.63e-07 3.76e-02  -4.0 5.69e-03    -  1.00e+00 1.00e+00H  1
 483  9.4926877e-04 9.77e-07 8.01e-02  -4.1 1.13e-02    -  1.00e+00 1.25e-01h  4
 484  9.4076907e-04 1.82e-05 7.31e-03  -4.1 4.68e-03    -  1.00e+00 1.00e+00h  1
 485  9.7225798e-04 3.20e-06 7.51e-03  -4.0 2.36e-03    -  1.00e+00 1.00e+00h  1
 486  9.3977290e-04 1.88e-06 3.42e-03  -4.1 2.33e-03    -  1.00e+00 1.00e+00h  1
 487  9.4065195e-04 1.43e-06 7.06e-03  -4.0 1.36e-03    -  1.00e+00 1.00e+00h  1
 488  9.3938834e-04 4.90e-07 3.91e-03  -4.1 6.73e-04    -  1.00e+00 1.00e+00h  1
 489  9.3830086e-04 2.60e-06 1.02e-02  -4.0 2.03e-03    -  1.00e+00 1.00e+00h  1
iter    objective    inf_pr   inf_du lg(mu)  ||d||  lg(rg) alpha_du alpha_pr  ls
 490  9.3781255e-04 1.76e-06 3.18e-03  -4.0 1.49e-03    -  1.00e+00 1.00e+00h  1
 491  9.3790829e-04 5.03e-08 1.69e-03  -4.0 2.98e-04    -  1.00e+00 1.00e+00h  1
 492  9.3734390e-04 1.37e-06 6.79e-03  -4.0 1.87e-03    -  1.00e+00 1.00e+00h  1
 493  9.6044992e-04 1.41e-07 4.79e-02  -4.0 1.15e-02    -  1.00e+00 1.00e+00H  1
 494  9.5491961e-04 1.48e-05 7.10e-02  -4.1 4.30e-02    -  1.00e+00 1.25e-01h  4
 495  9.5250027e-04 1.04e-05 2.81e-01  -4.1 1.60e-02    -  1.00e+00 2.50e-01h  3
 496  9.3530386e-04 1.10e-04 1.78e-02  -4.1 1.51e-02    -  1.00e+00 1.00e+00h  1
 497  9.6310848e-04 1.57e-04 1.68e-01  -4.0 2.62e-02    -  1.00e+00 5.00e-01h  2
 498  9.4638339e-04 1.59e-04 1.83e-02  -4.1 1.71e-02    -  1.00e+00 1.00e+00h  1
 499  9.3780380e-04 1.92e-04 4.27e-01  -4.1 2.98e-01    -  8.67e-01 3.12e-02h  6
iter    objective    inf_pr   inf_du lg(mu)  ||d||  lg(rg) alpha_du alpha_pr  ls
 500  9.8075201e-04 5.65e-04 5.37e-02  -4.1 1.03e-01    -  1.00e+00 2.50e-01h  3
 501  9.2926144e-04 1.73e-04 1.33e-02  -4.1 1.37e-02    -  1.00e+00 1.00e+00h  1
 502  9.4945709e-04 8.70e-05 1.47e-02  -4.0 1.05e-02    -  1.00e+00 1.00e+00H  1
 503  9.2978755e-04 1.72e-05 5.05e-03  -4.1 6.25e-03    -  1.00e+00 1.00e+00H  1
 504  9.3202612e-04 1.09e-05 7.20e-03  -4.0 3.66e-03    -  1.00e+00 1.00e+00h  1
 505  9.2980778e-04 2.83e-06 1.89e-03  -4.0 1.98e-03    -  1.00e+00 1.00e+00h  1
 506  9.2985028e-04 9.02e-08 6.04e-04  -4.0 2.99e-04    -  1.00e+00 1.00e+00h  1
 507  9.2966850e-04 1.12e-08 8.16e-04  -4.0 1.45e-04    -  1.00e+00 1.00e+00h  1
 508  9.2921255e-04 1.20e-05 2.12e-02  -4.0 5.39e-03    -  1.00e+00 1.00e+00h  1
 509  9.5032102e-04 3.08e-06 1.84e-02  -4.1 3.69e-03    -  1.00e+00 1.00e+00h  1
iter    objective    inf_pr   inf_du lg(mu)  ||d||  lg(rg) alpha_du alpha_pr  ls
 510  9.2845053e-04 2.94e-06 6.06e-03  -4.1 3.08e-03    -  1.00e+00 1.00e+00h  1
 511  9.3340841e-04 2.15e-06 4.75e-03  -4.0 2.55e-03    -  1.00e+00 1.00e+00h  1
 512  9.2659422e-04 2.52e-07 3.73e-03  -4.1 1.08e-03    -  1.00e+00 1.00e+00h  1
 513  9.2398684e-04 2.18e-06 1.04e-02  -4.0 2.15e-03    -  1.00e+00 1.00e+00h  1
 514  9.2326497e-04 7.46e-06 1.39e-02  -4.0 3.12e-03    -  1.00e+00 1.00e+00h  1
 515  9.2230724e-04 4.41e-06 1.29e-02  -4.0 2.65e-03    -  1.00e+00 1.00e+00h  1
 516  9.2396690e-04 7.45e-07 1.64e-02  -4.0 2.78e-03    -  1.00e+00 1.00e+00H  1
 517  9.2016490e-04 2.25e-06 3.06e-03  -4.0 1.78e-03    -  1.00e+00 1.00e+00h  1
 518  9.2021969e-04 7.24e-09 4.79e-03  -4.0 1.12e-03    -  1.00e+00 1.00e+00H  1
 519  9.2014098e-04 1.43e-05 2.97e-02  -4.0 6.97e-03    -  1.00e+00 1.00e+00h  1
iter    objective    inf_pr   inf_du lg(mu)  ||d||  lg(rg) alpha_du alpha_pr  ls
 520  9.1887098e-04 2.15e-05 1.12e-01  -4.1 1.78e-01    -  1.00e+00 3.12e-02h  6
 521  9.2193737e-04 5.35e-05 2.19e-01  -4.0 9.99e-02    -  1.00e+00 1.25e-01h  4
 522  9.1883038e-04 6.04e-05 2.35e-01  -4.1 1.39e-01    -  1.00e+00 6.25e-02h  5
 523  9.1874823e-04 5.60e-05 1.43e-01  -4.1 8.03e-02    -  1.00e+00 6.25e-02h  5
 524  9.0966583e-04 3.41e-05 4.32e-02  -4.1 1.24e-02    -  1.00e+00 1.00e+00h  1
 525  9.1282827e-04 4.20e-05 1.73e-01  -4.0 1.26e-01    -  1.00e+00 6.25e-02h  5
 526  9.1052336e-04 4.23e-05 1.56e-01  -4.1 9.08e-02    -  1.00e+00 6.25e-02h  5
 527  9.0971182e-04 4.48e-05 2.70e-01  -4.1 9.86e-02    -  1.00e+00 6.25e-02h  5
 528  9.0772256e-04 7.07e-05 6.53e-01  -4.1 2.41e-01    -  8.93e-01 6.25e-02h  5
 529  9.0648863e-04 9.91e-05 1.48e-01  -4.1 3.86e-01    -  1.00e+00 3.12e-02h  6
iter    objective    inf_pr   inf_du lg(mu)  ||d||  lg(rg) alpha_du alpha_pr  ls
 530  9.0895957e-04 1.85e-04 3.24e-01  -4.0 1.21e-01    -  1.00e+00 2.50e-01h  3
 531  9.1092533e-04 1.94e-04 4.36e-01  -4.1 7.63e-02    -  1.00e+00 1.25e-01h  4
 532  9.2651919e-04 2.01e-04 1.94e-01  -4.1 1.70e-01    -  1.00e+00 6.25e-02h  5
 533  9.2143075e-04 1.41e-04 1.45e-01  -4.1 5.36e-02    -  1.00e+00 2.50e-01h  3
 534  9.1872821e-04 1.84e-04 1.40e-01  -4.1 1.58e-01    -  1.00e+00 6.25e-02h  5
 535  1.4230963e-03 2.01e-04 1.05e-01  -4.1 8.73e-02    -  1.00e+00 5.00e-01h  2
 536  9.0334234e-04 4.47e-04 8.81e-03  -4.1 5.11e-02    -  1.00e+00 1.00e+00h  1
 537  8.9496832e-04 3.83e-04 3.89e-02  -4.0 6.87e-02    -  1.00e+00 1.25e-01h  4
 538  1.0323959e-03 5.39e-04 5.91e-02  -4.0 2.24e-02    -  1.00e+00 1.00e+00h  1
 539  8.9146227e-04 1.61e-04 1.36e-02  -4.1 1.36e-02    -  1.00e+00 1.00e+00h  1
iter    objective    inf_pr   inf_du lg(mu)  ||d||  lg(rg) alpha_du alpha_pr  ls
 540  9.4002122e-04 1.21e-04 8.84e-03  -4.0 1.52e-02    -  1.00e+00 1.00e+00h  1
 541  9.4001486e-04 1.11e-04 2.55e-02  -4.1 2.26e-02    -  1.00e+00 5.00e-01h  2
 542  1.0152708e-03 6.29e-05 1.02e-02  -4.1 1.28e-02    -  1.00e+00 1.00e+00h  1
 543  8.9196335e-04 5.32e-05 1.38e-02  -4.1 9.81e-03    -  1.00e+00 1.00e+00h  1
 544  9.0204790e-04 6.55e-05 1.76e-02  -4.0 9.50e-03    -  1.00e+00 1.00e+00h  1
 545  8.9218689e-04 3.59e-05 3.46e-03  -4.0 6.38e-03    -  1.00e+00 1.00e+00h  1
 546  8.9310017e-04 2.60e-06 4.64e-03  -4.0 1.48e-03    -  1.00e+00 1.00e+00h  1
 547  8.9230361e-04 1.41e-06 4.83e-03  -4.0 1.50e-03    -  1.00e+00 1.00e+00h  1
 548  8.9178584e-04 3.94e-07 1.12e-03  -4.0 6.53e-04    -  1.00e+00 1.00e+00h  1
 549  8.9158577e-04 7.07e-10 1.34e-03  -4.0 3.99e-04    -  1.00e+00 1.00e+00H  1
iter    objective    inf_pr   inf_du lg(mu)  ||d||  lg(rg) alpha_du alpha_pr  ls
 550  8.9113188e-04 4.27e-07 2.98e-03  -4.0 7.97e-04    -  1.00e+00 1.00e+00h  1
 551  8.9345847e-04 1.81e-08 7.46e-03  -4.0 2.33e-03    -  1.00e+00 1.00e+00H  1
 552  8.8925315e-04 4.17e-07 3.90e-03  -4.1 7.76e-04    -  1.00e+00 1.00e+00h  1
 553  8.8934564e-04 3.73e-07 1.45e-03  -4.0 8.18e-04    -  1.00e+00 1.00e+00h  1
 554  8.8874009e-04 1.23e-07 2.23e-03  -4.0 4.98e-04    -  1.00e+00 1.00e+00h  1
 555  8.8652026e-04 1.66e-05 8.36e-02  -4.0 4.89e-02    -  1.00e+00 1.25e-01h  4
 556  8.8912436e-04 1.55e-05 1.95e-01  -4.0 1.49e-02    -  1.00e+00 1.25e-01h  4
 557  8.8347884e-04 2.34e-06 1.73e-02  -4.1 2.09e-03    -  1.00e+00 1.00e+00h  1
 558  8.8164802e-04 5.95e-06 1.04e-02  -4.0 2.34e-03    -  1.00e+00 1.00e+00h  1
 559  8.8208907e-04 3.51e-06 3.06e-03  -4.0 1.78e-03    -  1.00e+00 1.00e+00h  1
iter    objective    inf_pr   inf_du lg(mu)  ||d||  lg(rg) alpha_du alpha_pr  ls
 560  8.8209973e-04 3.66e-08 7.39e-04  -4.0 3.19e-04    -  1.00e+00 1.00e+00h  1
 561  8.8201005e-04 1.41e-06 6.62e-03  -4.0 1.67e-03    -  1.00e+00 1.00e+00h  1
 562  8.8232604e-04 3.21e-07 2.48e-02  -4.1 4.98e-03    -  1.00e+00 1.00e+00H  1
 563  8.8674482e-04 1.74e-05 2.74e-01  -4.1 2.54e-02    -  1.00e+00 2.50e-01h  3
 564  8.8491104e-04 1.62e-05 4.64e-02  -4.1 1.20e-02    -  1.00e+00 6.25e-02h  5
 565  8.7797788e-04 2.45e-05 1.09e-02  -4.1 5.64e-03    -  1.00e+00 1.00e+00h  1
 566  8.8338656e-04 2.07e-05 9.61e-02  -4.0 1.47e-02    -  1.00e+00 2.50e-01h  3
 567  8.7448473e-04 6.30e-05 1.92e-02  -4.1 1.01e-02    -  1.00e+00 1.00e+00h  1
 568  8.9768256e-04 7.97e-05 2.61e-01  -4.0 1.60e-02    -  1.00e+00 5.00e-01h  2
 569  8.7088903e-04 2.83e-05 1.51e-02  -4.1 7.51e-03    -  1.00e+00 1.00e+00h  1
iter    objective    inf_pr   inf_du lg(mu)  ||d||  lg(rg) alpha_du alpha_pr  ls
 570  9.4831914e-04 4.77e-05 3.84e-02  -4.0 8.29e-03    -  1.00e+00 1.00e+00h  1
 571  8.6867249e-04 1.85e-05 9.36e-03  -4.1 5.14e-03    -  1.00e+00 1.00e+00h  1
 572  8.7194267e-04 4.63e-06 1.07e-02  -4.0 4.27e-03    -  1.00e+00 1.00e+00H  1
 573  8.7217552e-04 3.90e-06 5.75e-03  -4.0 1.95e-03    -  1.00e+00 1.00e+00h  1
 574  8.6904035e-04 3.50e-07 7.36e-03  -4.0 2.17e-03    -  1.00e+00 1.00e+00H  1
 575  8.7229566e-04 1.92e-06 5.40e-03  -4.0 1.53e-03    -  1.00e+00 1.00e+00h  1
 576  8.6942868e-04 3.93e-07 4.09e-04  -4.1 7.48e-04    -  1.00e+00 1.00e+00h  1
 577  8.6916501e-04 4.67e-08 8.33e-04  -6.1 2.41e-04    -  1.00e+00 1.00e+00h  1
 578  8.7383211e-04 8.50e-06 8.58e-01  -4.0 2.72e-02    -  1.00e+00 1.25e-01h  4
 579  8.6926289e-04 3.57e-05 3.02e-03  -4.1 6.83e-03    -  1.00e+00 1.00e+00h  1
iter    objective    inf_pr   inf_du lg(mu)  ||d||  lg(rg) alpha_du alpha_pr  ls
 580  8.7845687e-04 3.95e-05 1.07e-02  -4.1 7.49e-03    -  1.00e+00 1.00e+00h  1
 581  8.6766966e-04 1.64e-05 2.51e-03  -4.1 4.77e-03    -  1.00e+00 1.00e+00h  1
 582  8.7096270e-04 3.08e-06 4.78e-03  -4.0 2.00e-03    -  1.00e+00 1.00e+00h  1
 583  8.6839976e-04 6.98e-07 6.38e-04  -4.1 9.51e-04    -  1.00e+00 1.00e+00h  1
 584  8.6818842e-04 1.33e-08 4.28e-04  -4.0 1.37e-04    -  1.00e+00 1.00e+00h  1
 585  8.6801712e-04 4.80e-08 1.07e-03  -4.0 2.35e-04    -  1.00e+00 1.00e+00h  1
 586  8.6778691e-04 9.34e-07 5.83e-03  -4.0 1.74e-02    -  1.00e+00 6.25e-02h  5
 587  8.6969641e-04 3.51e-06 1.30e-02  -4.0 2.60e-03    -  1.00e+00 1.00e+00h  1
 588  9.0695295e-04 1.11e-06 4.77e-02  -4.1 8.84e-03    -  1.00e+00 1.00e+00H  1
 589  9.0184270e-04 3.04e-06 1.17e-02  -4.1 9.28e-03    -  1.00e+00 1.00e+00H  1
iter    objective    inf_pr   inf_du lg(mu)  ||d||  lg(rg) alpha_du alpha_pr  ls
 590  8.9545615e-04 3.20e-06 2.40e-01  -4.1 3.11e-02    -  1.00e+00 3.12e-02h  6
 591  8.8216054e-04 2.94e-06 1.00e-02  -4.1 6.54e-03    -  1.00e+00 2.50e-01h  3
 592  8.7317745e-04 1.79e-05 1.10e-02  -4.1 5.00e-03    -  1.00e+00 1.00e+00h  1
 593  8.6526417e-04 2.63e-06 1.00e-02  -4.1 2.30e-03    -  1.00e+00 1.00e+00h  1
 594  8.6768264e-04 1.02e-05 1.66e-02  -4.0 4.12e-03    -  1.00e+00 1.00e+00h  1
 595  8.7868454e-04 2.95e-06 2.70e-02  -4.1 4.77e-03    -  1.00e+00 1.00e+00H  1
 596  8.6636812e-04 3.02e-06 2.68e-02  -4.1 8.38e-03    -  1.00e+00 2.50e-01h  3
 597  8.6708570e-04 2.38e-05 1.09e-01  -4.1 1.37e-02    -  1.00e+00 5.00e-01h  2
 598  8.6580180e-04 2.54e-05 1.08e-01  -4.1 7.11e-02    -  1.00e+00 3.12e-02h  6
 599  8.7230557e-04 1.12e-05 2.59e-02  -4.1 6.17e-03    -  1.00e+00 5.00e-01h  2
iter    objective    inf_pr   inf_du lg(mu)  ||d||  lg(rg) alpha_du alpha_pr  ls
 600  8.6359199e-04 8.46e-06 4.69e-03  -4.1 4.42e-03    -  1.00e+00 1.00e+00h  1
 601  8.9175934e-04 1.32e-05 1.69e-02  -4.0 3.82e-03    -  1.00e+00 1.00e+00h  1
 602  8.6564436e-04 1.41e-05 6.83e-03  -4.1 4.46e-03    -  1.00e+00 1.00e+00h  1
 603  8.8208430e-04 9.60e-06 1.59e-01  -4.1 1.05e-02    -  1.00e+00 5.00e-01h  2
 604  8.6420103e-04 4.59e-06 3.15e-03  -4.1 3.00e-03    -  1.00e+00 1.00e+00h  1
 605  8.6296202e-04 1.31e-06 5.28e-03  -4.0 1.13e-03    -  1.00e+00 1.00e+00h  1
 606  8.6316318e-04 5.12e-07 7.22e-04  -4.0 6.58e-04    -  1.00e+00 1.00e+00h  1
 607  8.6305580e-04 5.58e-09 3.90e-04  -4.0 9.00e-05    -  1.00e+00 1.00e+00h  1
 608  8.6305226e-04 2.79e-09 1.81e-04  -4.0 6.17e-05    -  1.00e+00 1.00e+00h  1
 609  8.6295090e-04 1.27e-08 6.28e-04  -4.0 1.95e-04    -  1.00e+00 1.00e+00h  1
iter    objective    inf_pr   inf_du lg(mu)  ||d||  lg(rg) alpha_du alpha_pr  ls
 610  8.6293073e-04 6.20e-07 5.21e-03  -4.0 1.25e-03    -  1.00e+00 1.00e+00h  1
 611  8.6503086e-04 1.82e-07 5.31e-03  -4.1 7.50e-04    -  1.00e+00 1.00e+00h  1
 612  8.6230656e-04 6.04e-07 2.23e-03  -4.1 8.64e-04    -  1.00e+00 1.00e+00h  1
 613  8.6231706e-04 1.69e-07 1.71e-03  -4.0 3.50e-04    -  1.00e+00 1.00e+00h  1
 614  8.6211131e-04 1.46e-07 2.19e-03  -4.0 4.27e-04    -  1.00e+00 1.00e+00h  1
 615  8.6131539e-04 2.44e-08 9.82e-03  -4.0 2.12e-03    -  1.00e+00 1.00e+00H  1
 616  8.7110456e-04 1.77e-08 1.32e-02  -4.0 2.57e-03    -  1.00e+00 1.00e+00H  1
 617  8.6920883e-04 1.39e-06 1.12e-02  -4.1 2.02e-03    -  1.00e+00 1.00e+00h  1
 618  8.6125098e-04 4.70e-06 3.62e-03  -4.1 2.86e-03    -  1.00e+00 1.00e+00h  1
 619  8.6888632e-04 1.10e-06 3.58e-02  -4.0 7.57e-03    -  1.00e+00 1.00e+00H  1
iter    objective    inf_pr   inf_du lg(mu)  ||d||  lg(rg) alpha_du alpha_pr  ls
 620  8.6534993e-04 1.08e-05 8.06e-03  -4.1 5.17e-03    -  1.00e+00 1.00e+00h  1
 621  8.7118944e-04 1.21e-05 2.44e-01  -4.1 1.49e-02    -  1.00e+00 2.50e-01h  3
 622  8.5995910e-04 3.76e-06 4.93e-03  -4.1 3.00e-03    -  1.00e+00 1.00e+00h  1
 623  8.7573390e-04 1.47e-05 2.38e-02  -4.0 4.51e-03    -  1.00e+00 1.00e+00h  1
 624  8.6053772e-04 6.46e-06 5.11e-03  -4.1 3.01e-03    -  1.00e+00 1.00e+00h  1
 625  8.5942997e-04 2.65e-06 5.93e-03  -4.0 1.95e-03    -  1.00e+00 1.00e+00h  1
 626  8.5982742e-04 4.28e-07 7.69e-04  -4.0 7.67e-04    -  1.00e+00 1.00e+00h  1
 627  8.5972479e-04 4.28e-08 1.14e-03  -4.0 2.50e-04    -  1.00e+00 1.00e+00h  1
 628  8.5967836e-04 9.90e-09 3.22e-04  -4.0 1.33e-04    -  1.00e+00 1.00e+00h  1
 629  8.5959179e-04 1.32e-08 3.28e-04  -4.0 2.74e-04    -  1.00e+00 1.00e+00h  1
iter    objective    inf_pr   inf_du lg(mu)  ||d||  lg(rg) alpha_du alpha_pr  ls
 630  8.5965149e-04 2.15e-09 3.59e-03  -4.0 1.21e-03    -  1.00e+00 1.00e+00H  1
 631  8.5921850e-04 1.22e-07 1.97e-03  -4.0 5.35e-04    -  1.00e+00 1.00e+00h  1
 632  8.5924432e-04 4.95e-09 2.26e-04  -4.0 1.65e-04    -  1.00e+00 1.00e+00h  1
 633  8.5921044e-04 3.56e-09 3.12e-04  -4.0 9.13e-05    -  1.00e+00 1.00e+00h  1
 634  8.5908412e-04 2.20e-09 8.10e-03  -4.0 2.02e-03    -  1.00e+00 1.00e+00H  1
 635  8.6210424e-04 1.05e-05 1.16e-01  -4.0 2.07e-02    -  1.00e+00 2.50e-01h  3
 636  8.8901843e-04 2.95e-06 2.95e-02  -4.1 2.62e-03    -  1.00e+00 1.00e+00h  1
 637  8.5913426e-04 9.32e-06 4.92e-03  -4.1 4.96e-03    -  1.00e+00 1.00e+00h  1
 638  8.9303938e-04 3.65e-05 1.88e-02  -4.1 1.87e-02    -  1.00e+00 1.00e+00h  1
 639  8.5945444e-04 3.25e-05 1.14e-02  -4.1 1.31e-02    -  1.00e+00 1.00e+00h  1
iter    objective    inf_pr   inf_du lg(mu)  ||d||  lg(rg) alpha_du alpha_pr  ls
 640  8.8920062e-04 2.41e-05 2.12e-01  -4.1 4.39e-02    -  1.00e+00 2.50e-01h  3
 641  8.5676587e-04 9.85e-06 2.56e-03  -4.1 8.09e-03    -  1.00e+00 1.00e+00h  1
 642  8.6056743e-04 4.46e-06 7.98e-03  -4.0 2.37e-03    -  1.00e+00 1.00e+00h  1
 643  8.5657617e-04 1.92e-06 7.39e-04  -4.1 1.52e-03    -  1.00e+00 1.00e+00h  1
 644  8.5638503e-04 9.26e-08 7.83e-04  -4.0 3.41e-04    -  1.00e+00 1.00e+00h  1
 645  8.5634528e-04 3.96e-09 3.16e-04  -4.0 7.55e-05    -  1.00e+00 1.00e+00h  1
 646  8.5624571e-04 5.08e-07 3.17e-03  -4.0 5.92e-04    -  1.00e+00 1.00e+00h  1
 647  8.5580798e-04 3.77e-06 1.32e-02  -4.0 2.51e-03    -  1.00e+00 1.00e+00h  1
 648  8.7848589e-04 1.42e-06 1.55e-02  -4.0 1.78e-03    -  1.00e+00 1.00e+00h  1
 649  8.5578666e-04 5.59e-06 3.03e-03  -4.1 2.66e-03    -  1.00e+00 1.00e+00h  1
iter    objective    inf_pr   inf_du lg(mu)  ||d||  lg(rg) alpha_du alpha_pr  ls
 650  9.0429083e-04 1.32e-06 5.95e-03  -4.1 1.61e-03    -  1.00e+00 1.00e+00h  1
 651  8.5482198e-04 1.84e-06 7.45e-04  -4.1 1.80e-03    -  1.00e+00 1.00e+00h  1
 652  8.5468331e-04 1.50e-07 2.09e-03  -4.0 4.99e-04    -  1.00e+00 1.00e+00h  1
 653  8.5505388e-04 1.40e-06 1.58e-02  -4.0 5.79e-03    -  1.00e+00 2.50e-01h  3
 654  8.5595243e-04 1.03e-05 1.13e-01  -4.1 9.90e-03    -  1.00e+00 5.00e-01h  2
 655  8.5604837e-04 2.75e-05 1.61e-01  -4.1 4.71e-02    -  1.00e+00 1.25e-01h  4
 656  8.9583731e-04 3.11e-07 2.36e-02  -4.1 7.19e-03    -  1.00e+00 1.00e+00H  1
 657  8.8815758e-04 1.65e-06 1.15e-01  -4.1 2.75e-02    -  1.00e+00 6.25e-02h  5
 658  9.8737902e-04 2.01e-07 1.93e-02  -4.1 1.12e-02    -  1.00e+00 1.00e+00H  1
 659  1.1284705e-03 4.44e-08 3.69e-02  -4.1 7.12e-03    -  1.00e+00 1.00e+00H  1
iter    objective    inf_pr   inf_du lg(mu)  ||d||  lg(rg) alpha_du alpha_pr  ls
 660  1.1088674e-03 1.51e-07 2.55e-01  -4.1 1.45e-02    -  1.00e+00 3.12e-02h  6
 661  1.0901220e-03 2.07e-07 3.67e-02  -4.1 1.22e-02    -  1.00e+00 3.12e-02h  6
 662  1.0810249e-03 2.15e-07 5.28e-01  -4.1 3.28e-02    -  1.00e+00 7.81e-03h  8
 663  8.5726206e-04 6.99e-05 2.66e-02  -4.1 9.37e-03    -  1.00e+00 1.00e+00h  1
 664  8.7230835e-04 4.23e-05 6.94e-03  -4.1 6.42e-03    -  1.00e+00 1.00e+00h  1
 665  8.5117817e-04 1.90e-05 6.45e-03  -4.1 3.89e-03    -  1.00e+00 1.00e+00h  1
 666  8.5401259e-04 1.07e-05 7.93e-03  -4.0 3.42e-03    -  1.00e+00 1.00e+00h  1
 667  8.5168747e-04 3.19e-06 1.52e-03  -4.0 1.77e-03    -  1.00e+00 1.00e+00h  1
 668  8.5183947e-04 8.51e-08 3.25e-04  -4.0 3.28e-04    -  1.00e+00 1.00e+00h  1
 669  8.5180121e-04 9.96e-09 5.83e-04  -4.0 1.29e-04    -  1.00e+00 1.00e+00h  1
iter    objective    inf_pr   inf_du lg(mu)  ||d||  lg(rg) alpha_du alpha_pr  ls
 670  8.5236903e-04 1.68e-06 6.25e-03  -4.0 1.97e-03    -  1.00e+00 1.00e+00h  1
 671  8.5254348e-04 2.16e-07 1.88e-03  -4.1 9.21e-04    -  1.00e+00 1.00e+00h  1
 672  8.5200621e-04 6.84e-07 2.03e-03  -4.1 1.18e-03    -  1.00e+00 1.00e+00h  1
 673  8.5164691e-04 2.27e-07 9.47e-04  -4.1 6.44e-04    -  1.00e+00 1.00e+00h  1
 674  8.5195485e-04 4.93e-08 8.58e-04  -4.0 3.61e-04    -  1.00e+00 1.00e+00h  1
 675  8.5154620e-04 1.80e-08 2.54e-04  -4.1 2.36e-04    -  1.00e+00 1.00e+00h  1
 676  8.5148569e-04 8.98e-09 4.82e-04  -4.0 1.44e-04    -  1.00e+00 1.00e+00h  1
 677  8.5148914e-04 1.19e-08 5.00e-04  -4.0 1.12e-04    -  1.00e+00 1.00e+00h  1
 678  8.5123520e-04 1.17e-07 1.42e-03  -4.1 3.93e-04    -  1.00e+00 1.00e+00h  1
 679  8.5134742e-04 4.02e-07 4.75e-03  -4.0 7.96e-04    -  1.00e+00 1.00e+00h  1
iter    objective    inf_pr   inf_du lg(mu)  ||d||  lg(rg) alpha_du alpha_pr  ls
 680  8.7994660e-04 2.26e-07 1.49e-02  -4.1 3.27e-03    -  1.00e+00 1.00e+00H  1
 681  8.5073606e-04 4.09e-06 3.42e-03  -4.1 2.55e-03    -  1.00e+00 1.00e+00h  1
 682  8.5058645e-04 9.94e-08 1.52e-03  -4.0 4.34e-04    -  1.00e+00 1.00e+00h  1
 683  9.5029289e-04 3.20e-08 6.02e-02  -4.0 1.32e-02    -  1.00e+00 1.00e+00H  1
 684  8.5361350e-04 9.21e-05 7.54e-03  -4.1 1.35e-02    -  1.00e+00 1.00e+00h  1
 685  8.5115973e-04 9.61e-05 6.92e-01  -4.1 6.90e-02    -  1.00e+00 6.25e-02h  5
 686  8.9436973e-04 2.30e-04 1.50e-01  -4.1 3.72e-02    -  1.00e+00 5.00e-01h  2
 687  8.5508154e-04 6.93e-05 1.62e-02  -4.1 1.01e-02    -  1.00e+00 1.00e+00h  1
 688  8.5669287e-04 5.49e-05 5.40e-02  -4.1 1.03e-02    -  1.00e+00 2.50e-01h  3
 689  8.5460176e-04 4.92e-05 5.78e-02  -4.1 1.77e-02    -  1.00e+00 5.00e-01h  2
iter    objective    inf_pr   inf_du lg(mu)  ||d||  lg(rg) alpha_du alpha_pr  ls
 690  8.5333155e-04 4.47e-05 1.19e-01  -4.1 1.81e-02    -  1.00e+00 1.25e-01h  4
 691  8.5200723e-04 4.51e-05 1.36e-01  -4.1 8.48e-02    -  1.00e+00 1.56e-02h  7
 692  8.5690651e-04 4.36e-05 2.49e-02  -4.1 3.80e-02    -  1.00e+00 3.12e-02h  6
 693  8.4845511e-04 5.94e-06 1.31e-03  -4.1 3.41e-03    -  1.00e+00 1.00e+00h  1
 694  8.5951624e-04 1.37e-05 2.14e-02  -4.0 5.19e-03    -  1.00e+00 1.00e+00h  1
 695  8.4822848e-04 7.24e-06 9.47e-03  -4.1 3.42e-03    -  1.00e+00 1.00e+00h  1
 696  8.4701068e-04 7.01e-06 1.15e-02  -4.0 2.27e-03    -  1.00e+00 1.00e+00h  1
 697  8.4751423e-04 2.76e-06 2.03e-03  -4.0 1.75e-03    -  1.00e+00 1.00e+00h  1
 698  8.4739055e-04 1.21e-08 2.93e-04  -4.0 1.10e-04    -  1.00e+00 1.00e+00h  1
 699  8.4745919e-04 1.86e-07 3.66e-03  -4.0 8.81e-04    -  1.00e+00 1.00e+00h  1
iter    objective    inf_pr   inf_du lg(mu)  ||d||  lg(rg) alpha_du alpha_pr  ls
 700  8.6659322e-04 2.64e-07 3.27e-02  -4.1 7.29e-03    -  1.00e+00 1.00e+00H  1
 701  8.5260971e-04 7.23e-07 3.23e-02  -4.1 4.10e-03    -  1.00e+00 2.50e-01h  3
 702  8.4978077e-04 6.12e-06 2.90e-03  -4.1 5.04e-03    -  1.00e+00 1.00e+00h  1
 703  8.5367703e-04 1.46e-05 7.68e-02  -4.1 1.95e-02    -  1.00e+00 2.50e-01h  3
 704  8.5796142e-04 2.34e-05 1.35e-02  -4.1 4.34e-03    -  1.00e+00 1.00e+00h  1
 705  8.4478854e-04 1.55e-05 8.66e-04  -4.1 4.01e-03    -  1.00e+00 1.00e+00h  1
 706  8.6892408e-04 1.08e-05 1.74e-02  -4.0 3.94e-03    -  1.00e+00 1.00e+00h  1
 707  8.4563012e-04 5.22e-06 2.27e-03  -4.1 2.76e-03    -  1.00e+00 1.00e+00h  1
 708  8.4483814e-04 7.72e-07 1.84e-03  -4.0 1.05e-03    -  1.00e+00 1.00e+00h  1
 709  8.4507189e-04 1.06e-07 3.50e-04  -4.0 3.94e-04    -  1.00e+00 1.00e+00h  1
iter    objective    inf_pr   inf_du lg(mu)  ||d||  lg(rg) alpha_du alpha_pr  ls
 710  8.4504466e-04 9.12e-10 1.58e-04  -4.0 5.02e-05    -  1.00e+00 1.00e+00h  1
 711  8.5104526e-04 2.12e-11 3.94e-02  -4.0 8.93e-03    -  1.00e+00 1.00e+00H  1
 712  8.4701341e-04 3.66e-06 5.26e-02  -4.1 2.55e-02    -  1.00e+00 1.25e-01h  4
 713  8.4528576e-04 1.76e-05 4.16e-01  -4.1 5.34e-02    -  1.00e+00 1.25e-01h  4
 714  8.4339154e-04 1.79e-05 1.39e-01  -4.1 4.05e-02    -  1.00e+00 6.25e-02h  5
 715  8.4802843e-04 1.68e-04 4.63e-02  -4.0 2.14e-02    -  1.00e+00 1.00e+00h  1
 716  8.4632430e-04 3.93e-04 4.59e-02  -4.1 3.97e-01    -  1.00e+00 6.25e-02h  5
 717  8.4613870e-04 3.87e-04 5.40e-01  -4.1 1.73e-01    -  1.00e+00 1.56e-02h  7
 718  8.4056031e-04 4.41e-05 1.30e-02  -4.1 1.11e-02    -  1.00e+00 1.00e+00h  1
 719  1.0744499e-03 3.99e-05 2.44e-02  -4.0 2.35e-02    -  1.00e+00 2.50e-01h  3
iter    objective    inf_pr   inf_du lg(mu)  ||d||  lg(rg) alpha_du alpha_pr  ls
 720  8.3952925e-04 1.80e-05 2.86e-03  -4.1 4.29e-03    -  1.00e+00 1.00e+00h  1
 721  8.4004955e-04 1.15e-06 5.85e-03  -4.0 1.56e-03    -  1.00e+00 1.00e+00h  1
 722  8.4203000e-04 1.18e-08 1.58e-02  -4.0 4.74e-03    -  1.00e+00 1.00e+00H  1
 723  8.4178271e-04 6.94e-07 5.33e-02  -4.0 6.94e-03    -  1.00e+00 2.50e-01h  3
 724  8.3567875e-04 1.06e-05 1.14e-01  -4.1 7.91e-03    -  1.00e+00 5.00e-01h  2
 725  8.3648947e-04 1.68e-05 1.30e-02  -4.0 4.74e-03    -  1.00e+00 1.00e+00h  1
 726  8.3624500e-04 8.64e-06 5.53e-03  -4.0 2.64e-03    -  1.00e+00 1.00e+00h  1
 727  8.3468926e-04 8.14e-08 1.40e-02  -4.0 4.65e-03    -  1.00e+00 1.00e+00H  1
 728  8.2808923e-04 2.94e-05 2.32e-01  -4.0 1.31e-01    -  1.00e+00 1.25e-01h  4
 729  8.2162143e-04 2.64e-04 7.91e-01  -4.0 1.24e+00    -  1.00e+00 3.12e-02h  6
iter    objective    inf_pr   inf_du lg(mu)  ||d||  lg(rg) alpha_du alpha_pr  ls
 730  8.1991241e-04 2.72e-04 2.66e-01  -4.1 2.41e+00    -  1.00e+00 3.91e-03h  9
 731  8.3043328e-04 2.79e-04 2.94e-01  -4.0 1.48e-01    -  1.00e+00 6.25e-02h  5
 732  8.4064207e-04 4.49e-05 1.28e-01  -4.1 1.06e-02    -  1.00e+00 1.00e+00h  1
 733  8.2945345e-04 9.94e-05 7.88e-02  -4.1 1.48e-01    -  1.00e+00 1.25e-01h  4
 734  8.3338534e-04 9.05e-05 5.57e-01  -4.1 1.70e-01    -  1.00e+00 3.12e-02h  6
 735  8.0934910e-04 2.05e-04 9.66e-02  -4.1 3.59e-02    -  1.00e+00 1.00e+00h  1
 736  1.1754853e-03 1.10e-03 4.60e-01  -3.3 3.26e-01    -  9.91e-01 2.50e-01h  3
 737  1.7718773e-03 1.06e-03 6.10e-01  -3.4 3.98e-01    -  4.15e-01 4.17e-03H  1
 738  8.0121846e-04 4.20e-04 4.72e-02  -3.4 6.17e-02    -  1.00e+00 1.00e+00f  1
 739  1.5260716e-03 5.39e-04 1.86e-01  -3.6 5.55e-02    -  9.95e-01 5.00e-01h  2
iter    objective    inf_pr   inf_du lg(mu)  ||d||  lg(rg) alpha_du alpha_pr  ls
 740  8.3460766e-04 2.46e-04 1.57e-02  -3.7 2.69e-02    -  1.00e+00 1.00e+00h  1
 741  8.1265557e-04 2.44e-04 1.96e-02  -3.7 1.06e-01    -  1.00e+00 6.25e-02h  5
 742  9.0441773e-04 2.55e-04 2.88e-02  -4.0 2.10e-02    -  1.00e+00 1.00e+00h  1
 743  8.4605053e-04 1.84e-04 1.96e-02  -4.1 1.61e-02    -  1.00e+00 1.00e+00h  1
 744  8.0905100e-04 9.58e-05 9.67e-03  -4.1 1.40e-02    -  1.00e+00 1.00e+00h  1
 745  9.0247115e-04 4.72e-05 1.83e-01  -4.0 2.29e-02    -  1.00e+00 5.86e-01H  1
 746  9.3953015e-04 3.34e-04 2.59e-02  -4.1 2.58e-02    -  1.00e+00 1.00e+00h  1
 747  8.6165891e-04 4.99e-04 1.64e-01  -4.1 8.34e-02    -  1.00e+00 2.50e-01h  3
 748  8.4546058e-04 3.71e-04 1.41e-01  -4.1 3.56e-02    -  1.00e+00 5.00e-01h  2
 749  8.4561650e-04 4.00e-04 1.75e-02  -4.1 1.20e-01    -  1.00e+00 1.25e-01h  4
iter    objective    inf_pr   inf_du lg(mu)  ||d||  lg(rg) alpha_du alpha_pr  ls
 750  1.1829864e-03 3.16e-04 8.20e-02  -4.1 9.08e-02    -  1.00e+00 2.50e-01h  3
 751  8.0798923e-04 2.06e-04 5.62e-03  -4.1 3.47e-02    -  1.00e+00 1.00e+00h  1
 752  8.3924037e-04 2.37e-04 3.38e-02  -4.0 3.57e-02    -  1.00e+00 5.00e-01h  2
 753  8.0558019e-04 1.07e-04 3.89e-03  -4.1 1.22e-02    -  1.00e+00 1.00e+00h  1
 754  8.0344311e-04 9.61e-05 1.38e-01  -4.0 1.47e-02    -  1.00e+00 1.25e-01h  4
 755  8.2101251e-04 9.62e-05 8.20e-02  -4.0 1.25e-02    -  1.00e+00 5.00e-01h  2
 756  8.0240607e-04 4.83e-05 6.31e-03  -4.0 6.13e-03    -  1.00e+00 1.00e+00h  1
 757  8.0532783e-04 1.12e-05 5.11e-03  -4.0 3.43e-03    -  1.00e+00 1.00e+00h  1
 758  8.0381714e-04 1.84e-06 2.50e-03  -4.0 1.57e-03    -  1.00e+00 1.00e+00h  1
 759  8.0442001e-04 4.72e-07 2.74e-03  -4.0 8.22e-04    -  1.00e+00 1.00e+00h  1
iter    objective    inf_pr   inf_du lg(mu)  ||d||  lg(rg) alpha_du alpha_pr  ls
 760  8.0433560e-04 4.97e-07 2.13e-03  -4.0 8.39e-04    -  1.00e+00 1.00e+00h  1
 761  8.0410874e-04 1.22e-07 5.69e-04  -4.0 3.85e-04    -  1.00e+00 1.00e+00h  1
 762  8.0404866e-04 5.14e-09 3.75e-04  -4.0 1.31e-04    -  1.00e+00 1.00e+00h  1
 763  8.0399035e-04 4.81e-08 9.32e-04  -4.0 3.79e-04    -  1.00e+00 1.00e+00h  1
 764  8.0543601e-04 7.48e-09 5.44e-03  -4.0 1.18e-03    -  1.00e+00 1.00e+00H  1
 765  8.0333569e-04 6.54e-07 7.14e-03  -4.1 8.22e-04    -  1.00e+00 1.00e+00h  1
 766  8.0407816e-04 1.60e-06 5.01e-03  -4.0 1.41e-03    -  1.00e+00 1.00e+00h  1
 767  8.0349697e-04 4.09e-07 1.78e-03  -4.1 5.85e-04    -  1.00e+00 1.00e+00h  1
 768  8.0331701e-04 1.76e-07 2.10e-03  -4.0 5.55e-04    -  1.00e+00 1.00e+00h  1
 769  8.0336137e-04 2.67e-08 4.10e-04  -4.0 2.00e-04    -  1.00e+00 1.00e+00h  1
iter    objective    inf_pr   inf_du lg(mu)  ||d||  lg(rg) alpha_du alpha_pr  ls
 770  8.0334479e-04 2.52e-09 1.47e-04  -4.0 5.94e-05    -  1.00e+00 1.00e+00h  1
 771  8.0459614e-04 2.66e-10 7.27e-03  -4.0 1.66e-03    -  1.00e+00 1.00e+00H  1
 772  8.0784065e-04 9.91e-11 1.97e-02  -4.0 2.78e-03    -  1.00e+00 1.00e+00H  1
 773  8.0776379e-04 9.46e-06 6.05e-03  -4.1 3.36e-03    -  1.00e+00 1.00e+00h  1
 774  8.1156658e-04 1.79e-05 4.16e-02  -4.1 8.68e-03    -  1.00e+00 5.00e-01h  2
 775  8.0362631e-04 1.77e-05 3.01e-03  -4.1 4.83e-03    -  1.00e+00 1.00e+00h  1
 776  8.0404502e-04 1.74e-05 5.37e-02  -4.1 7.08e-03    -  1.00e+00 5.00e-01h  2
 777  8.1222534e-04 1.02e-05 2.15e-02  -4.1 8.27e-03    -  1.00e+00 5.00e-01h  2
 778  8.0277828e-04 8.72e-06 1.08e-03  -4.1 3.55e-03    -  1.00e+00 1.00e+00h  1
 779  8.0314616e-04 7.41e-07 3.95e-03  -4.1 1.05e-03    -  1.00e+00 1.00e+00h  1
iter    objective    inf_pr   inf_du lg(mu)  ||d||  lg(rg) alpha_du alpha_pr  ls
 780  8.0457545e-04 1.05e-06 5.80e-03  -4.0 1.20e-03    -  1.00e+00 1.00e+00h  1
 781  8.0293924e-04 1.84e-06 2.62e-03  -4.1 1.58e-03    -  1.00e+00 1.00e+00h  1
 782  8.0350080e-04 9.98e-07 5.96e-03  -4.0 1.26e-03    -  1.00e+00 1.00e+00h  1
 783  8.0262282e-04 1.13e-06 1.12e-03  -4.1 1.40e-03    -  1.00e+00 1.00e+00h  1
 784  8.0694346e-04 3.81e-07 1.17e-02  -4.0 2.25e-03    -  1.00e+00 1.00e+00H  1
 785  8.0402672e-04 3.34e-06 5.43e-03  -4.1 2.43e-03    -  1.00e+00 1.00e+00h  1
 786  8.0277104e-04 1.77e-05 1.54e-02  -4.1 4.95e-03    -  1.00e+00 1.00e+00h  1
 787  8.0272081e-04 9.32e-06 4.03e-04  -4.1 3.61e-03    -  1.00e+00 1.00e+00h  1
 788  8.0398639e-04 2.49e-07 2.65e-04  -6.1 7.25e-04    -  1.00e+00 1.00e+00h  1
 789  8.0204796e-04 1.09e-07 4.38e-04  -6.1 4.26e-04    -  1.00e+00 1.00e+00h  1
iter    objective    inf_pr   inf_du lg(mu)  ||d||  lg(rg) alpha_du alpha_pr  ls
 790  8.0616440e-04 7.17e-06 1.66e-02  -4.0 3.21e-03    -  1.00e+00 1.00e+00h  1
 791  8.0308417e-04 2.11e-06 2.52e-03  -4.1 1.74e-03    -  1.00e+00 1.00e+00h  1
 792  8.0262853e-04 2.27e-07 4.76e-04  -4.1 5.72e-04    -  1.00e+00 1.00e+00h  1
 793  8.0270496e-04 7.25e-09 1.44e-04  -4.0 1.01e-04    -  1.00e+00 1.00e+00h  1
 794  8.0269202e-04 9.67e-11 3.27e-05  -4.0 1.24e-05    -  1.00e+00 1.00e+00h  1
 795  8.0258317e-04 1.04e-08 5.66e-04  -4.0 1.27e-04    -  1.00e+00 1.00e+00h  1
 796  8.0220732e-04 3.80e-07 3.42e-03  -4.0 9.82e-04    -  1.00e+00 1.00e+00h  1
 797  8.0466125e-04 3.63e-07 4.89e-03  -4.1 1.10e-03    -  1.00e+00 1.00e+00h  1
 798  8.0214804e-04 5.49e-07 1.18e-03  -4.1 1.17e-03    -  1.00e+00 1.00e+00h  1
 799  8.0256440e-04 1.44e-08 7.52e-04  -4.1 1.81e-04    -  1.00e+00 1.00e+00h  1
iter    objective    inf_pr   inf_du lg(mu)  ||d||  lg(rg) alpha_du alpha_pr  ls
 800  8.0221015e-04 1.78e-08 8.02e-04  -4.0 1.24e-04    -  1.00e+00 1.00e+00h  1
 801  8.0211242e-04 4.93e-08 1.01e-03  -4.0 3.69e-04    -  1.00e+00 1.00e+00h  1
 802  8.0186081e-04 1.05e-06 6.82e-03  -4.0 2.80e-02    -  1.00e+00 6.25e-02h  5
 803  8.0280572e-04 4.07e-05 1.03e-01  -4.0 9.04e-02    -  1.00e+00 1.25e-01h  4
 804  8.0791947e-04 3.56e-05 2.73e-01  -4.1 2.99e-02    -  1.00e+00 2.50e-01h  3
 805  8.0625427e-04 3.64e-05 1.20e-01  -4.1 3.67e-02    -  1.00e+00 1.25e-01h  4
 806  8.1506397e-04 8.66e-04 4.69e-02  -4.1 4.30e-02    -  1.00e+00 1.00e+00H  1
 807  8.0166381e-04 4.52e-05 1.50e-02  -4.1 1.25e-02    -  1.00e+00 1.00e+00h  1
 808  7.9448570e-04 4.19e-05 1.35e-01  -4.0 4.98e-02    -  1.00e+00 1.25e-01h  4
 809  7.9492904e-04 4.06e-05 2.58e-02  -4.0 4.50e-02    -  1.00e+00 6.25e-02h  5
iter    objective    inf_pr   inf_du lg(mu)  ||d||  lg(rg) alpha_du alpha_pr  ls
 810  7.9701471e-04 3.31e-05 1.34e-01  -4.0 3.12e-02    -  1.00e+00 2.50e-01h  3
 811  8.1065965e-04 1.89e-05 3.09e-02  -4.0 5.80e-03    -  1.00e+00 1.00e+00H  1
 812  8.1580839e-04 5.60e-05 7.26e-03  -4.1 7.85e-03    -  1.00e+00 1.00e+00h  1
 813  8.1867356e-04 5.04e-05 4.31e-02  -4.1 1.32e-02    -  1.00e+00 5.00e-01h  2
 814  7.9494822e-04 1.83e-05 8.52e-03  -4.1 5.34e-03    -  1.00e+00 1.00e+00h  1
 815  7.9777331e-04 3.41e-06 1.90e-02  -4.0 5.39e-03    -  1.00e+00 1.00e+00H  1
 816  7.9492258e-04 6.70e-06 6.09e-03  -4.0 4.08e-03    -  1.00e+00 1.00e+00h  1
 817  7.9709398e-04 2.31e-06 6.25e-03  -4.0 1.68e-03    -  1.00e+00 1.00e+00h  1
 818  7.9322515e-04 5.48e-07 7.43e-04  -4.0 1.11e-03    -  1.00e+00 1.00e+00h  1
 819  7.9306190e-04 3.23e-08 1.02e-03  -4.0 1.87e-04    -  1.00e+00 1.00e+00h  1
iter    objective    inf_pr   inf_du lg(mu)  ||d||  lg(rg) alpha_du alpha_pr  ls
 820  7.9310488e-04 6.31e-09 1.82e-04  -4.0 9.38e-05    -  1.00e+00 1.00e+00h  1
 821  7.9308449e-04 1.08e-08 2.81e-04  -4.0 9.59e-05    -  1.00e+00 1.00e+00h  1
 822  7.9286056e-04 3.05e-07 1.41e-03  -4.1 6.00e-04    -  1.00e+00 1.00e+00h  1
 823  7.9551060e-04 3.97e-07 1.43e-02  -4.0 2.92e-03    -  1.00e+00 1.00e+00H  1
 824  7.9433216e-04 2.56e-06 6.77e-03  -4.1 1.64e-03    -  1.00e+00 1.00e+00h  1
 825  7.9414804e-04 4.59e-06 9.01e-03  -4.1 2.73e-03    -  1.00e+00 1.00e+00h  1
 826  7.9279037e-04 3.21e-06 3.04e-03  -4.1 2.13e-03    -  1.00e+00 1.00e+00h  1
 827  7.9240287e-04 2.17e-07 7.69e-04  -4.0 4.39e-04    -  1.00e+00 1.00e+00h  1
 828  7.9245807e-04 8.19e-08 1.59e-03  -4.0 3.34e-04    -  1.00e+00 1.00e+00h  1
 829  7.9307039e-04 9.23e-09 1.95e-02  -4.0 3.77e-03    -  1.00e+00 1.00e+00H  1
iter    objective    inf_pr   inf_du lg(mu)  ||d||  lg(rg) alpha_du alpha_pr  ls
 830  7.9327443e-04 3.54e-06 1.20e-01  -4.1 3.71e-03    -  1.00e+00 5.00e-01h  2
 831  8.1447074e-04 1.20e-09 2.11e-02  -4.1 6.70e-03    -  1.00e+00 1.00e+00H  1
 832  7.9358304e-04 2.28e-05 1.22e-02  -4.1 4.55e-03    -  1.00e+00 1.00e+00h  1
 833  7.9280785e-04 2.52e-05 1.97e-02  -4.1 1.19e-02    -  1.00e+00 2.50e-01h  3
 834  7.9551411e-04 4.41e-06 1.23e-02  -4.1 3.67e-03    -  1.00e+00 1.00e+00h  1
 835  7.9192620e-04 9.36e-06 4.14e-03  -4.1 3.56e-03    -  1.00e+00 1.00e+00h  1
 836  8.0019374e-04 6.33e-06 9.51e-03  -4.0 2.14e-03    -  1.00e+00 1.00e+00h  1
 837  7.9191052e-04 2.66e-06 1.93e-03  -4.1 1.39e-03    -  1.00e+00 1.00e+00h  1
 838  7.9094215e-04 1.82e-06 8.76e-03  -4.0 1.58e-03    -  1.00e+00 1.00e+00h  1
 839  7.9166742e-04 1.21e-06 4.20e-04  -4.0 1.28e-03    -  1.00e+00 1.00e+00h  1
iter    objective    inf_pr   inf_du lg(mu)  ||d||  lg(rg) alpha_du alpha_pr  ls
 840  7.9170895e-04 3.27e-09 2.53e-04  -4.0 5.71e-05    -  1.00e+00 1.00e+00h  1
 841  7.9172300e-04 1.29e-08 3.64e-04  -4.0 1.49e-04    -  1.00e+00 1.00e+00h  1
 842  7.9213794e-04 3.39e-09 3.43e-03  -4.1 9.98e-04    -  1.00e+00 1.00e+00H  1
 843  7.9221686e-04 2.83e-09 4.98e-03  -4.1 6.66e-04    -  1.00e+00 1.00e+00H  1
 844  7.9189789e-04 1.04e-06 3.12e-03  -4.1 1.22e-03    -  1.00e+00 1.00e+00h  1
 845  7.9136684e-04 5.59e-07 1.14e-03  -4.1 9.15e-04    -  1.00e+00 1.00e+00h  1
 846  7.9155450e-04 1.17e-09 2.14e-03  -4.0 6.52e-04    -  1.00e+00 1.00e+00H  1
 847  7.9140475e-04 1.28e-06 9.47e-03  -4.0 1.87e-03    -  1.00e+00 1.00e+00h  1
 848  7.9753847e-04 8.06e-07 1.62e-02  -4.1 3.62e-03    -  1.00e+00 1.00e+00H  1
 849  7.9555394e-04 1.77e-06 9.69e-03  -4.1 3.11e-03    -  1.00e+00 1.00e+00H  1
iter    objective    inf_pr   inf_du lg(mu)  ||d||  lg(rg) alpha_du alpha_pr  ls
 850  7.9397579e-04 2.25e-08 3.69e-03  -4.1 1.98e-03    -  1.00e+00 1.00e+00H  1
 851  7.9042638e-04 3.22e-06 8.16e-03  -4.1 2.98e-03    -  1.00e+00 1.00e+00h  1
 852  7.9137129e-04 3.13e-06 1.10e-01  -4.0 8.54e-03    -  1.00e+00 2.50e-01h  3
 853  7.9868334e-04 2.84e-06 3.82e-02  -4.1 8.42e-03    -  1.00e+00 1.00e+00H  1
 854  7.9627925e-04 3.13e-06 4.09e-02  -4.1 1.60e-02    -  1.00e+00 6.25e-02h  5
 855  7.9124543e-04 1.82e-05 7.44e-03  -4.1 7.71e-03    -  1.00e+00 1.00e+00h  1
 856  8.0368236e-04 3.07e-05 4.00e-01  -4.1 2.87e-02    -  1.00e+00 2.50e-01h  3
 857  7.9420724e-04 2.06e-05 3.50e-02  -4.1 8.23e-03    -  1.00e+00 5.00e-01h  2
 858  8.2255102e-04 2.86e-04 3.05e-02  -4.1 3.16e-02    -  1.00e+00 1.00e+00h  1
 859  8.1852344e-04 2.68e-04 8.03e-02  -4.1 6.84e-02    -  1.00e+00 6.25e-02h  5
iter    objective    inf_pr   inf_du lg(mu)  ||d||  lg(rg) alpha_du alpha_pr  ls
 860  7.8821099e-04 1.31e-04 2.47e-03  -4.1 2.13e-02    -  1.00e+00 1.00e+00h  1
 861  1.1782622e-03 2.88e-04 5.50e-02  -4.0 1.96e-02    -  1.00e+00 1.00e+00h  1
 862  8.1903674e-04 8.89e-05 2.34e-02  -4.1 1.03e-02    -  1.00e+00 1.00e+00h  1
 863  8.0871235e-04 9.14e-05 7.52e-03  -4.1 1.14e-02    -  1.00e+00 1.00e+00h  1
 864  7.9151455e-04 2.75e-05 4.85e-03  -4.1 5.10e-03    -  1.00e+00 1.00e+00h  1
 865  7.8787034e-04 1.49e-05 5.39e-03  -4.1 3.66e-03    -  1.00e+00 1.00e+00h  1
 866  7.9060287e-04 1.30e-06 1.10e-02  -4.0 3.96e-03    -  1.00e+00 1.00e+00H  1
 867  9.6900824e-04 6.15e-07 2.74e-02  -4.0 5.43e-03    -  1.00e+00 1.00e+00H  1
 868  7.8768828e-04 8.97e-06 8.21e-03  -4.1 5.94e-03    -  1.00e+00 1.00e+00h  1
 869  7.9277010e-04 3.10e-05 1.72e-02  -4.0 5.27e-03    -  1.00e+00 1.00e+00h  1
iter    objective    inf_pr   inf_du lg(mu)  ||d||  lg(rg) alpha_du alpha_pr  ls
 870  7.8856980e-04 1.49e-05 9.57e-04  -4.1 3.75e-03    -  1.00e+00 1.00e+00h  1
 871  7.8853820e-04 6.23e-08 4.09e-04  -4.0 3.65e-04    -  1.00e+00 1.00e+00h  1
 872  7.8861323e-04 1.71e-08 6.90e-04  -4.0 1.48e-04    -  1.00e+00 1.00e+00h  1
 873  7.8845227e-04 1.74e-07 1.87e-03  -4.0 4.44e-04    -  1.00e+00 1.00e+00h  1
 874  7.8829205e-04 4.35e-08 6.06e-03  -4.0 1.39e-03    -  1.00e+00 1.00e+00H  1
 875  7.8829583e-04 6.01e-07 3.66e-03  -4.0 7.27e-04    -  1.00e+00 1.00e+00h  1
 876  7.8801377e-04 2.48e-08 7.25e-04  -4.1 2.15e-04    -  1.00e+00 1.00e+00h  1
 877  7.8869062e-04 1.94e-09 3.46e-03  -4.0 8.50e-04    -  1.00e+00 1.00e+00H  1
 878  7.8806184e-04 1.13e-05 1.56e-02  -4.0 3.49e-03    -  1.00e+00 1.00e+00h  1
 879  7.8712461e-04 1.13e-05 1.65e-01  -4.1 1.60e-02    -  1.00e+00 1.25e-01h  4
iter    objective    inf_pr   inf_du lg(mu)  ||d||  lg(rg) alpha_du alpha_pr  ls
 880  7.9303901e-04 3.07e-06 7.31e-03  -4.1 1.81e-03    -  1.00e+00 1.00e+00h  1
 881  7.8692881e-04 3.12e-06 1.27e-03  -4.1 1.84e-03    -  1.00e+00 1.00e+00h  1
 882  7.8711898e-04 6.43e-07 2.79e-03  -4.0 8.51e-04    -  1.00e+00 1.00e+00h  1
 883  7.8655462e-04 4.55e-06 1.06e-02  -4.0 2.20e-03    -  1.00e+00 1.00e+00h  1
 884  7.8623462e-04 3.96e-06 2.08e-02  -4.0 1.84e-02    -  1.00e+00 1.25e-01h  4
 885  7.8607688e-04 1.23e-05 2.21e-01  -4.0 1.16e-01    -  1.00e+00 6.25e-02h  5
 886  7.8584421e-04 3.13e-05 3.12e-01  -4.1 6.30e-01    -  1.00e+00 1.56e-02h  7
 887  7.8360019e-04 2.93e-05 9.63e-02  -4.1 1.77e-02    -  1.00e+00 6.25e-02h  5
 888  7.8639537e-04 3.35e-05 2.16e-02  -4.0 9.68e-03    -  1.00e+00 1.00e+00h  1
 889  9.7524875e-04 1.02e-04 2.97e-01  -4.1 4.07e-02    -  1.00e+00 2.50e-01h  3
iter    objective    inf_pr   inf_du lg(mu)  ||d||  lg(rg) alpha_du alpha_pr  ls
 890  7.8724064e-04 3.75e-05 3.21e-02  -4.1 6.37e-03    -  1.00e+00 1.00e+00h  1
 891  8.0279824e-04 2.25e-05 9.70e-03  -4.1 8.16e-03    -  1.00e+00 1.00e+00h  1
 892  8.0115319e-04 2.21e-05 2.64e-01  -4.1 5.81e-02    -  1.00e+00 1.56e-02h  7
 893  7.9788816e-04 2.22e-05 3.85e-01  -4.1 6.92e-02    -  1.00e+00 1.56e-02h  7
 894  7.9062375e-04 3.11e-05 1.01e-01  -4.1 1.06e-02    -  1.00e+00 5.00e-01h  2
 895  9.3378727e-04 1.44e-05 6.28e-02  -4.1 1.58e-02    -  1.00e+00 1.00e+00H  1
 896  7.8793248e-04 3.21e-06 1.85e-02  -4.1 1.84e-02    -  1.00e+00 1.00e+00H  1
 897  7.9663909e-04 3.52e-06 3.91e-01  -4.1 1.20e-02    -  1.00e+00 2.50e-01h  3
 898  7.9228072e-04 1.13e-05 1.45e-02  -4.1 3.62e-02    -  1.00e+00 1.25e-01h  4
 899  7.8582882e-04 1.49e-05 2.56e-02  -4.1 3.93e-01    -  1.00e+00 1.56e-02h  7
iter    objective    inf_pr   inf_du lg(mu)  ||d||  lg(rg) alpha_du alpha_pr  ls
 900  7.8705049e-04 2.69e-05 2.79e-02  -4.0 1.18e-01    -  1.00e+00 3.12e-02h  6
 901  7.8828261e-04 4.08e-05 8.74e-02  -4.1 3.60e-02    -  1.00e+00 1.25e-01h  4
 902  7.8026215e-04 6.59e-06 5.17e-02  -4.1 1.96e-02    -  1.00e+00 1.00e+00H  1
 903  7.8173460e-04 9.27e-06 7.36e-01  -4.0 2.13e-01    -  1.00e+00 1.56e-02h  7
 904  7.8861711e-04 2.66e-04 1.52e-01  -4.1 2.33e-01    -  1.00e+00 1.25e-01h  4
 905  7.8963203e-04 2.77e-04 4.26e-01  -4.1 3.08e-01    -  1.00e+00 6.25e-02h  5
 906  7.9239252e-04 2.56e-04 2.00e-01  -4.1 8.09e-02    -  1.00e+00 6.25e-02h  5
 907  7.9529345e-04 1.22e-04 1.57e-01  -4.1 1.08e-02    -  1.00e+00 5.00e-01h  2
 908  8.1322714e-04 3.51e-04 9.26e-03  -4.1 3.59e-02    -  1.00e+00 1.00e+00h  1
 909  8.0459387e-04 5.61e-04 8.99e-02  -4.1 1.78e+00    -  1.00e+00 1.56e-02h  7
iter    objective    inf_pr   inf_du lg(mu)  ||d||  lg(rg) alpha_du alpha_pr  ls
 910  8.0223886e-04 5.72e-04 5.19e-02  -4.1 4.69e-01    -  1.00e+00 1.56e-02h  7
 911  8.0166642e-04 5.51e-04 1.73e-01  -4.1 1.05e-01    -  1.00e+00 3.12e-02h  6
 912  8.2609332e-04 3.20e-04 6.21e-02  -4.1 2.91e-02    -  1.00e+00 5.00e-01h  2
 913  8.0446122e-04 1.10e-03 4.07e-02  -4.1 4.96e-02    -  1.00e+00 1.00e+00h  1
 914  8.0697316e-04 1.08e-03 2.43e-01  -4.1 2.39e-01    -  1.00e+00 3.12e-02h  6
 915  8.5349598e-04 6.80e-04 3.01e-02  -4.1 4.69e-02    -  1.00e+00 1.00e+00h  1
 916  8.4756279e-04 6.80e-04 2.24e-01  -4.1 3.01e-01    -  1.00e+00 1.56e-02h  7
 917  8.3495195e-04 6.47e-04 5.20e-02  -4.1 1.76e-01    -  1.00e+00 1.25e-01h  4
 918  8.2450600e-04 6.25e-04 1.26e-01  -4.1 5.77e-01    -  1.00e+00 3.12e-02h  6
 919  8.0513581e-04 8.00e-04 6.37e-02  -4.1 7.19e-02    -  1.00e+00 5.00e-01h  2
iter    objective    inf_pr   inf_du lg(mu)  ||d||  lg(rg) alpha_du alpha_pr  ls
 920  8.3570784e-04 7.64e-04 8.49e-02  -4.1 1.34e+00    -  1.00e+00 3.12e-02h  6
 921  8.2854235e-04 4.72e-04 2.30e-02  -4.1 3.34e-02    -  1.00e+00 1.00e+00h  1
 922  8.3681412e-04 4.26e-04 1.49e-01  -4.1 1.16e-01    -  7.70e-01 1.25e-01h  4
 923  8.0587102e-04 3.12e-04 7.32e-03  -4.1 3.28e-02    -  1.00e+00 5.00e-01h  2
 924  7.9446585e-04 3.13e-04 9.10e-02  -4.1 3.63e-01    -  1.00e+00 1.56e-02h  7
 925  7.9692092e-04 2.76e-04 7.74e-02  -4.1 4.61e-02    -  1.00e+00 2.50e-01h  3
 926  7.9802424e-04 2.72e-04 7.48e-02  -4.1 2.42e-01    -  1.00e+00 3.12e-02h  6
 927  7.9343646e-04 5.33e-05 9.61e-03  -4.1 8.27e-03    -  1.00e+00 1.00e+00h  1
 928  8.0147959e-04 9.35e-05 5.35e-02  -4.1 2.26e-02    -  1.00e+00 5.00e-01h  2
 929  8.0406166e-04 9.21e-05 6.73e-02  -4.1 5.34e-02    -  1.00e+00 2.50e-01h  3
iter    objective    inf_pr   inf_du lg(mu)  ||d||  lg(rg) alpha_du alpha_pr  ls
 930  7.9555340e-04 9.31e-05 1.62e-01  -4.1 3.78e-02    -  1.00e+00 1.25e-01h  4
 931  7.9016798e-04 1.11e-04 1.11e-01  -4.1 1.01e-01    -  1.00e+00 6.25e-02h  5
 932  8.1769672e-04 8.92e-05 6.03e-02  -4.1 1.60e-02    -  1.00e+00 2.50e-01h  3
 933  7.8857155e-04 7.33e-06 5.45e-03  -4.1 3.24e-03    -  1.00e+00 1.00e+00h  1
 934  7.8742630e-04 1.81e-06 3.66e-03  -4.1 3.08e-03    -  1.00e+00 1.00e+00h  1
 935  8.2225242e-04 1.46e-06 4.86e-02  -4.1 2.00e-02    -  1.00e+00 1.00e+00H  1
 936  8.1428039e-04 1.14e-06 3.00e-02  -4.1 1.69e-02    -  1.00e+00 1.00e+00H  1
 937  7.8990924e-04 3.76e-05 2.44e-01  -4.1 2.76e-02    -  1.00e+00 5.00e-01h  2
 938  7.9324635e-04 2.85e-05 9.11e-02  -4.1 1.59e-02    -  1.00e+00 2.50e-01h  3
 939  7.8559717e-04 1.25e-05 3.36e-03  -4.1 3.76e-03    -  1.00e+00 1.00e+00h  1
iter    objective    inf_pr   inf_du lg(mu)  ||d||  lg(rg) alpha_du alpha_pr  ls
 940  7.8676904e-04 6.71e-07 3.97e-03  -4.0 1.00e-03    -  1.00e+00 1.00e+00h  1
 941  7.8523340e-04 3.57e-07 6.84e-04  -4.0 7.37e-04    -  1.00e+00 1.00e+00h  1
 942  7.8514235e-04 9.33e-09 3.11e-04  -4.0 1.02e-04    -  1.00e+00 1.00e+00h  1
 943  7.8467958e-04 5.77e-07 2.77e-03  -4.0 9.28e-04    -  1.00e+00 1.00e+00h  1
 944  7.8976874e-04 4.50e-09 4.83e-03  -4.0 1.10e-03    -  1.00e+00 1.00e+00H  1
 945  7.8464766e-04 5.77e-07 1.45e-03  -4.1 7.98e-04    -  1.00e+00 1.00e+00h  1
 946  7.8465878e-04 5.30e-08 5.63e-04  -4.0 3.01e-04    -  1.00e+00 1.00e+00h  1
 947  7.8467559e-04 8.16e-08 1.64e-03  -4.0 5.07e-04    -  1.00e+00 1.00e+00h  1
 948  7.8446675e-04 2.75e-07 1.82e-03  -4.1 5.74e-04    -  1.00e+00 1.00e+00h  1
 949  7.8449354e-04 4.86e-06 1.39e-01  -4.0 8.98e-03    -  1.00e+00 2.50e-01h  3
iter    objective    inf_pr   inf_du lg(mu)  ||d||  lg(rg) alpha_du alpha_pr  ls
 950  7.8377964e-04 2.80e-06 8.19e-03  -4.1 1.50e-03    -  1.00e+00 1.00e+00h  1
 951  7.8442526e-04 3.42e-06 3.22e-03  -4.0 1.92e-03    -  1.00e+00 1.00e+00h  1
 952  7.8408071e-04 2.08e-07 7.01e-04  -4.1 5.51e-04    -  1.00e+00 1.00e+00h  1
 953  7.8392223e-04 6.13e-10 2.77e-03  -4.0 6.87e-04    -  1.00e+00 1.00e+00H  1
 954  7.8472425e-04 5.36e-11 7.16e-03  -4.0 1.35e-03    -  1.00e+00 1.00e+00H  1
 955  7.8389827e-04 8.35e-07 1.81e-03  -4.1 1.14e-03    -  1.00e+00 1.00e+00h  1
 956  7.8512036e-04 1.42e-06 5.59e-03  -4.1 1.44e-03    -  1.00e+00 1.00e+00h  1
 957  7.8370641e-04 9.42e-07 3.42e-04  -4.1 1.18e-03    -  1.00e+00 1.00e+00h  1
 958  7.8372924e-04 4.91e-08 7.20e-04  -4.0 2.65e-04    -  1.00e+00 1.00e+00h  1
 959  7.8682567e-04 3.74e-08 3.12e-02  -4.0 7.89e-03    -  1.00e+00 1.00e+00H  1
iter    objective    inf_pr   inf_du lg(mu)  ||d||  lg(rg) alpha_du alpha_pr  ls
 960  7.8533534e-04 5.82e-06 6.89e-02  -4.1 2.68e-02    -  1.00e+00 1.25e-01h  4
 961  7.8395775e-04 9.98e-05 1.20e-02  -4.1 1.07e-02    -  1.00e+00 1.00e+00h  1
 962  7.8555187e-04 8.85e-05 5.97e-02  -4.1 1.14e-02    -  1.00e+00 1.25e-01h  4
 963  7.8319674e-04 2.97e-06 6.06e-03  -4.1 2.09e-03    -  1.00e+00 1.00e+00h  1
 964  7.8684459e-04 1.54e-06 5.43e-03  -4.0 2.22e-03    -  1.00e+00 1.00e+00h  1
 965  7.8304708e-04 1.24e-06 4.56e-03  -4.1 1.58e-03    -  1.00e+00 1.00e+00h  1
 966  7.8443867e-04 4.00e-07 1.25e-02  -4.0 3.11e-03    -  1.00e+00 1.00e+00H  1
 967  7.8373401e-04 7.74e-06 3.59e-03  -4.1 3.26e-03    -  1.00e+00 1.00e+00h  1
 968  7.9578891e-04 2.66e-05 1.69e-02  -4.1 5.15e-03    -  1.00e+00 1.00e+00h  1
 969  7.8286210e-04 2.23e-05 1.73e-03  -4.1 4.89e-03    -  1.00e+00 1.00e+00h  1
iter    objective    inf_pr   inf_du lg(mu)  ||d||  lg(rg) alpha_du alpha_pr  ls
 970  7.8853719e-04 6.13e-06 9.87e-03  -4.1 2.90e-03    -  1.00e+00 1.00e+00h  1
 971  7.8271281e-04 4.49e-06 5.23e-04  -4.1 2.48e-03    -  1.00e+00 1.00e+00h  1
 972  7.8281357e-04 2.03e-08 4.92e-04  -4.0 1.60e-04    -  1.00e+00 1.00e+00h  1
 973  7.8276394e-04 7.13e-09 5.78e-04  -4.0 1.08e-04    -  1.00e+00 1.00e+00h  1
 974  7.8251810e-04 1.10e-07 1.78e-03  -4.0 3.99e-04    -  1.00e+00 1.00e+00h  1
 975  7.8272101e-04 4.43e-08 2.21e-03  -4.0 2.57e-04    -  1.00e+00 1.00e+00h  1
 976  7.8260240e-04 3.42e-08 1.89e-03  -4.0 2.03e-04    -  1.00e+00 1.00e+00h  1
 977  7.8253456e-04 3.96e-08 4.30e-04  -4.0 2.40e-04    -  1.00e+00 1.00e+00h  1
 978  7.8235662e-04 4.96e-09 6.14e-03  -4.0 1.49e-03    -  1.00e+00 1.00e+00H  1
 979  7.8238171e-04 4.71e-06 1.96e-02  -4.0 1.16e-02    -  1.00e+00 2.50e-01h  3
iter    objective    inf_pr   inf_du lg(mu)  ||d||  lg(rg) alpha_du alpha_pr  ls
 980  7.8206479e-04 4.67e-06 1.03e-01  -4.1 2.80e-02    -  1.00e+00 3.12e-02h  6
 981  7.8389519e-04 2.88e-06 2.41e-02  -4.1 5.47e-03    -  1.00e+00 1.00e+00H  1
 982  7.8354096e-04 2.71e-07 7.61e-03  -4.1 1.07e-02    -  1.00e+00 1.00e+00H  1
 983  7.8324522e-04 3.50e-06 2.36e-02  -4.1 3.62e-02    -  1.00e+00 6.25e-02h  5
 984  8.0811144e-04 9.10e-08 1.83e-02  -4.1 1.16e-02    -  1.00e+00 1.00e+00H  1
 985  7.8070938e-04 2.32e-05 6.44e-03  -4.1 5.87e-03    -  1.00e+00 1.00e+00h  1
 986  7.8211636e-04 1.75e-05 4.98e-02  -4.1 6.64e-03    -  1.00e+00 2.50e-01h  3
 987  7.8062728e-04 4.09e-07 3.41e-03  -4.1 7.91e-04    -  1.00e+00 1.00e+00h  1
 988  7.8076119e-04 5.18e-09 3.59e-03  -4.0 1.40e-03    -  1.00e+00 1.00e+00H  1
 989  7.8054055e-04 1.97e-07 2.25e-03  -4.0 5.17e-04    -  1.00e+00 1.00e+00h  1
iter    objective    inf_pr   inf_du lg(mu)  ||d||  lg(rg) alpha_du alpha_pr  ls
 990  7.8044067e-04 2.95e-08 9.21e-04  -4.0 1.12e-03    -  1.00e+00 1.00e+00h  1
 991  7.8044482e-04 5.84e-08 1.65e-03  -4.0 5.80e-04    -  1.00e+00 1.00e+00h  1
 992  7.8017815e-04 1.76e-07 1.75e-03  -4.1 4.84e-04    -  1.00e+00 1.00e+00h  1
 993  7.8019388e-04 3.39e-07 3.27e-03  -4.0 1.40e-03    -  1.00e+00 1.00e+00h  1
 994  7.8141599e-04 8.23e-09 3.31e-03  -4.1 8.38e-04    -  1.00e+00 1.00e+00H  1
 995  7.7984440e-04 4.45e-07 2.67e-03  -4.1 2.09e-03    -  1.00e+00 1.00e+00h  1
 996  7.7970876e-04 1.16e-07 1.12e-03  -4.0 6.79e-04    -  1.00e+00 1.00e+00h  1
 997  7.8003512e-04 6.84e-08 1.37e-02  -4.0 3.43e-03    -  1.00e+00 1.00e+00H  1
 998  7.8121572e-04 8.65e-06 9.74e-02  -4.0 2.83e-02    -  1.00e+00 1.25e-01h  4
 999  7.8883137e-04 1.75e-07 3.48e-02  -4.1 1.81e-02    -  1.00e+00 1.00e+00H  1
iter    objective    inf_pr   inf_du lg(mu)  ||d||  lg(rg) alpha_du alpha_pr  ls
1000  7.7934604e-04 8.05e-06 1.53e-02  -4.1 1.15e-02    -  1.00e+00 1.00e+00H  1
1001  7.8791693e-04 2.01e-05 2.62e-01  -4.0 4.60e-02    -  1.00e+00 2.50e-01h  3
1002  7.9433508e-04 2.36e-05 2.17e-01  -4.1 1.58e-02    -  1.00e+00 2.50e-01h  3
1003  7.9227664e-04 1.07e-05 8.69e-03  -4.1 2.00e-02    -  1.00e+00 1.00e+00H  1
1004  7.8854101e-04 1.21e-05 4.43e-01  -4.1 6.46e-02    -  1.00e+00 1.25e-01h  4
1005  8.4416096e-04 4.99e-05 4.00e-02  -4.1 2.04e-02    -  1.00e+00 1.00e+00H  1
1006  7.7923059e-04 1.70e-05 9.77e-03  -4.1 6.20e-03    -  1.00e+00 1.00e+00h  1
1007  7.7944293e-04 1.32e-05 1.06e-02  -4.0 4.29e-03    -  1.00e+00 1.00e+00h  1
1008  7.7831521e-04 1.72e-08 2.24e-03  -4.0 3.16e-03    -  1.00e+00 1.00e+00H  1
1009  7.7826390e-04 8.31e-07 4.78e-03  -4.0 1.03e-03    -  1.00e+00 1.00e+00h  1
iter    objective    inf_pr   inf_du lg(mu)  ||d||  lg(rg) alpha_du alpha_pr  ls
1010  7.8899397e-04 4.44e-07 2.26e-02  -4.0 7.28e-03    -  1.00e+00 1.00e+00H  1
1011  7.8038418e-04 3.98e-06 1.54e-02  -4.1 4.91e-03    -  1.00e+00 1.00e+00h  1
1012  7.7756235e-04 4.13e-06 2.88e-03  -4.1 2.48e-03    -  1.00e+00 1.00e+00h  1
1013  7.7842392e-04 7.07e-07 4.11e-03  -4.0 1.01e-03    -  1.00e+00 1.00e+00h  1
1014  7.7924897e-04 2.47e-09 2.70e-03  -4.1 2.43e-03    -  1.00e+00 1.00e+00H  1
1015  7.7759216e-04 4.86e-07 1.78e-03  -4.0 1.18e-03    -  1.00e+00 1.00e+00h  1
1016  7.7776213e-04 7.10e-10 3.17e-04  -4.0 4.45e-04    -  1.00e+00 1.00e+00H  1
1017  7.7779751e-04 2.52e-08 9.15e-04  -4.0 2.68e-04    -  1.00e+00 1.00e+00h  1
1018  7.7753111e-04 1.41e-07 1.97e-03  -4.1 5.12e-04    -  1.00e+00 1.00e+00h  1
1019  8.6188956e-04 2.93e-08 2.30e-02  -4.0 1.09e-02    -  1.00e+00 1.00e+00H  1
iter    objective    inf_pr   inf_du lg(mu)  ||d||  lg(rg) alpha_du alpha_pr  ls
1020  7.7844951e-04 6.58e-06 9.05e-03  -4.1 1.14e-02    -  1.00e+00 1.00e+00h  1
1021  8.1083946e-04 2.47e-06 9.41e-03  -4.1 2.73e-03    -  1.00e+00 1.00e+00h  1
1022  7.7729791e-04 4.47e-06 3.84e-04  -4.1 2.56e-03    -  1.00e+00 1.00e+00h  1
1023  7.7733448e-04 7.50e-09 5.06e-04  -4.0 9.74e-05    -  1.00e+00 1.00e+00h  1
1024  7.7719977e-04 6.19e-07 5.43e-03  -4.0 1.69e-03    -  1.00e+00 1.00e+00h  1
1025  7.7688219e-04 9.23e-06 1.18e-01  -4.0 1.79e-01    -  1.00e+00 3.12e-02h  6
1026  7.7703202e-04 1.20e-05 2.30e-01  -4.1 3.11e-02    -  1.00e+00 1.25e-01h  4
1027  1.0399398e-03 4.34e-06 9.87e-02  -4.1 8.60e-02    -  1.00e+00 1.00e+00H  1
1028  8.5662387e-04 1.43e-06 4.38e-02  -4.1 2.53e-02    -  1.00e+00 1.00e+00H  1
1029  8.0839508e-04 2.98e-06 9.09e-01  -4.1 1.75e-01    -  8.05e-01 1.25e-01h  4
iter    objective    inf_pr   inf_du lg(mu)  ||d||  lg(rg) alpha_du alpha_pr  ls
1030  7.9910934e-04 6.90e-06 1.07e-01  -4.1 1.50e-01    -  1.00e+00 3.12e-02h  6
1031  7.9601661e-04 7.63e-06 5.60e-01  -4.1 1.52e-01    -  1.00e+00 1.56e-02h  7
1032  7.9390628e-04 7.96e-06 5.84e-02  -4.1 8.62e-01    -  1.00e+00 1.95e-03h 10
1033  7.7834859e-04 3.26e-05 6.86e-01  -4.1 9.88e-01    -  1.00e+00 1.56e-02h  7
1034  7.9861707e-04 5.65e-05 4.63e-01  -4.1 4.91e-02    -  1.00e+00 1.25e-01h  4
1035  7.6766860e-04 3.28e-04 1.09e-01  -4.1 4.67e-02    -  1.00e+00 1.00e+00h  1
1036  8.4083449e-04 2.78e-04 4.99e-01  -4.0 7.37e-01    -  1.00e+00 3.12e-02h  6
1037  8.7667257e-04 3.54e-04 4.76e-02  -4.1 1.68e-02    -  1.00e+00 1.00e+00h  1
1038  8.5906886e-04 1.18e-04 2.03e-02  -4.1 3.58e-02    -  1.00e+00 1.00e+00h  1
1039  8.1266930e-04 1.59e-03 1.14e-01  -4.1 1.23e-01    -  1.00e+00 5.00e-01h  2
iter    objective    inf_pr   inf_du lg(mu)  ||d||  lg(rg) alpha_du alpha_pr  ls
1040  7.9695918e-04 1.69e-03 1.16e-01  -4.1 1.40e+00    -  1.00e+00 1.56e-02h  7
1041  7.8613686e-04 1.69e-03 1.25e-01  -4.1 1.02e+00    -  1.00e+00 3.12e-02h  6
1042  7.8225886e-04 1.66e-03 2.03e-01  -4.1 4.45e-01    -  1.00e+00 3.12e-02h  6
1043  7.7873512e-04 1.75e-03 1.69e-01  -4.1 1.40e+00    -  1.00e+00 1.56e-02h  7
1044  7.7566847e-04 1.69e-03 2.75e-01  -4.1 2.62e-01    -  1.00e+00 3.12e-02h  6
1045  7.6138643e-04 1.77e-04 4.85e-03  -4.1 2.18e-02    -  1.00e+00 1.00e+00h  1
1046  7.6162226e-04 1.73e-04 2.76e-01  -4.0 1.63e-01    -  1.00e+00 3.12e-02h  6
1047  7.6087137e-04 1.55e-04 7.31e-03  -4.0 3.28e-01    -  1.00e+00 3.12e-02h  6
1048  7.7519668e-04 1.36e-04 7.41e-02  -4.0 7.58e-02    -  1.00e+00 1.25e-01h  4
1049  7.6771655e-04 3.72e-05 1.19e-02  -4.0 7.02e-03    -  1.00e+00 1.00e+00h  1
iter    objective    inf_pr   inf_du lg(mu)  ||d||  lg(rg) alpha_du alpha_pr  ls
1050  7.6006082e-04 4.58e-05 1.25e-01  -4.0 3.63e-02    -  1.00e+00 1.25e-01h  4
1051  7.5854426e-04 6.41e-06 1.98e-02  -4.0 9.80e-03    -  1.00e+00 1.00e+00H  1
1052  7.5458451e-04 2.05e-05 1.85e-02  -4.0 8.59e-03    -  1.00e+00 1.00e+00h  1
1053  7.5771165e-04 3.19e-05 2.77e-01  -4.0 5.52e-02    -  1.00e+00 1.25e-01h  4
1054  7.5870985e-04 3.07e-05 3.50e-02  -4.1 3.43e-02    -  1.00e+00 1.25e-01h  4
1055  7.7442213e-04 2.53e-05 1.87e-02  -4.1 9.65e-03    -  1.00e+00 1.00e+00h  1
1056  7.6760360e-04 2.53e-05 3.25e-01  -4.1 8.27e-02    -  1.00e+00 6.25e-02h  5
1057  7.6465128e-04 2.47e-05 4.57e-01  -4.1 3.17e-01    -  1.00e+00 7.81e-03h  8
1058  7.6093185e-04 1.59e-05 3.62e-01  -4.1 3.88e-02    -  1.00e+00 1.25e-01h  4
1059  7.4939153e-04 1.39e-05 8.05e-02  -4.1 5.92e-02    -  1.00e+00 6.25e-02h  5
iter    objective    inf_pr   inf_du lg(mu)  ||d||  lg(rg) alpha_du alpha_pr  ls
1060  7.4786973e-04 7.02e-05 4.20e-02  -4.0 2.00e-02    -  1.00e+00 1.00e+00h  1
1061  7.4531142e-04 7.72e-05 4.70e-01  -4.0 5.12e-01    -  1.00e+00 1.56e-02h  7
1062  7.7119527e-04 1.70e-04 2.27e-01  -4.1 4.54e-02    -  1.00e+00 2.50e-01h  3
1063  7.4710931e-04 5.55e-05 1.24e-02  -4.1 7.09e-03    -  1.00e+00 1.00e+00h  1
1064  7.4322716e-04 3.47e-05 1.09e-02  -4.0 5.80e-03    -  1.00e+00 1.00e+00h  1
1065  7.4337986e-04 5.39e-07 2.76e-02  -4.0 8.78e-03    -  1.00e+00 1.00e+00H  1
1066  7.4571330e-04 1.34e-05 3.49e-01  -4.0 6.94e-02    -  1.00e+00 6.25e-02h  5
1067  7.4202924e-04 3.34e-06 1.16e-02  -4.1 3.77e-03    -  1.00e+00 1.00e+00h  1
1068  7.4434171e-04 3.41e-06 6.44e-03  -4.0 2.24e-03    -  1.00e+00 1.00e+00h  1
1069  7.4103444e-04 5.73e-07 3.85e-03  -4.1 9.57e-04    -  1.00e+00 1.00e+00h  1
iter    objective    inf_pr   inf_du lg(mu)  ||d||  lg(rg) alpha_du alpha_pr  ls
1070  7.4085861e-04 1.10e-08 4.44e-03  -4.0 1.42e-03    -  1.00e+00 1.00e+00H  1
1071  7.4012353e-04 6.35e-06 3.02e-02  -4.0 1.55e-02    -  1.00e+00 5.00e-01h  2
1072  7.3921907e-04 1.34e-05 1.68e-01  -4.0 1.57e-01    -  1.00e+00 6.25e-02h  5
1073  7.3949789e-04 1.99e-05 3.85e-01  -4.1 7.92e-01    -  1.00e+00 1.56e-02h  7
1074  7.3164944e-04 1.05e-04 2.42e-01  -4.1 1.24e+00    -  1.00e+00 3.12e-02h  6
1075  7.3115804e-04 1.05e-04 2.92e-01  -4.0 4.66e-01    -  1.00e+00 1.56e-02h  7
1076  9.7409289e-04 1.14e-04 2.82e-01  -4.1 6.68e-02    -  1.00e+00 2.50e-01h  3
1077  7.5443125e-04 7.26e-05 2.42e-01  -4.1 2.74e-02    -  1.00e+00 1.00e+00h  1
1078  7.4941084e-04 6.50e-05 4.56e-01  -4.1 7.29e-02    -  1.00e+00 2.50e-01h  3
1079  7.4589673e-04 1.40e-04 4.55e-01  -4.1 1.54e-01    -  1.00e+00 1.25e-01h  4
iter    objective    inf_pr   inf_du lg(mu)  ||d||  lg(rg) alpha_du alpha_pr  ls
1080  7.4706123e-04 1.36e-04 3.75e-01  -4.1 1.21e-01    -  1.00e+00 6.25e-02h  5
1081  7.2866185e-04 1.33e-04 1.67e-01  -4.1 5.34e-02    -  1.00e+00 1.25e-01h  4
1082  7.3577219e-04 6.82e-05 1.46e-01  -4.0 5.07e-02    -  1.00e+00 5.00e-01h  2
1083  8.0871438e-04 1.51e-04 3.02e-01  -3.5 4.07e-01    -  1.00e+00 1.25e-01h  4
1084  7.8048259e-04 4.92e-05 6.96e-02  -3.6 3.55e-02    -  1.00e+00 1.00e+00H  1
1085  9.2908588e-04 4.58e-05 9.35e-01  -3.6 5.53e-01    -  1.00e+00 3.12e-02h  6
1086  7.2902970e-04 1.00e-04 2.58e-02  -3.6 1.86e-02    -  1.00e+00 1.00e+00H  1
1087  8.3724354e-04 9.36e-05 3.26e-01  -4.0 1.40e-01    -  1.00e+00 2.50e-01h  3
1088  7.2408962e-04 6.00e-05 8.50e-03  -4.1 3.99e-02    -  1.00e+00 1.00e+00h  1
1089  7.9330897e-04 1.35e-04 7.14e-03  -4.0 1.36e-02    -  1.00e+00 1.00e+00h  1
iter    objective    inf_pr   inf_du lg(mu)  ||d||  lg(rg) alpha_du alpha_pr  ls
1090  7.1728870e-04 2.14e-04 5.00e-03  -4.1 1.29e-02    -  1.00e+00 1.00e+00h  1
1091  7.3365223e-04 1.53e-04 1.82e-02  -4.0 1.59e-02    -  1.00e+00 5.00e-01h  2
1092  1.1877000e-03 7.74e-06 3.86e-02  -4.0 8.47e-02    -  1.00e+00 1.00e+00H  1
1093  9.7686705e-04 3.04e-04 4.66e-02  -4.1 1.12e-01    -  1.00e+00 1.00e+00h  1
1094  7.7737931e-04 2.34e-04 1.03e-01  -4.1 5.26e-02    -  1.00e+00 5.00e-01h  2
1095  8.1915852e-04 1.98e-04 3.57e-01  -4.1 3.41e-01    -  1.00e+00 1.25e-01h  4
1096  9.0911930e-04 5.54e-04 4.81e-02  -4.1 6.76e-02    -  1.00e+00 5.00e-01h  2
1097  7.2125496e-04 1.69e-04 1.05e-02  -4.1 4.47e-02    -  1.00e+00 1.00e+00h  1
1098  7.8885215e-04 9.19e-05 2.10e-02  -4.1 1.85e-02    -  1.00e+00 1.00e+00H  1
1099  7.6556182e-04 9.58e-05 4.74e-02  -4.1 4.39e-02    -  1.00e+00 1.25e-01h  4
iter    objective    inf_pr   inf_du lg(mu)  ||d||  lg(rg) alpha_du alpha_pr  ls
1100  8.6851828e-04 9.18e-05 3.07e-02  -4.1 1.28e-01    -  1.00e+00 5.00e-01h  2
1101  7.5699198e-04 9.95e-05 9.26e-03  -4.1 4.00e-02    -  1.00e+00 1.00e+00h  1
1102  7.3891594e-04 9.63e-05 1.00e-01  -4.1 3.90e-02    -  1.00e+00 2.50e-01h  3
1103  7.4734319e-04 7.89e-05 1.68e-02  -4.1 1.83e-01    -  1.00e+00 1.25e-01h  4
1104  7.2709709e-04 9.04e-05 2.73e-02  -4.1 3.24e-02    -  1.00e+00 5.00e-01h  2
1105  7.2789032e-04 8.19e-05 1.08e-01  -4.1 1.89e-01    -  1.00e+00 1.25e-01h  4
1106  7.2535699e-04 3.29e-05 9.65e-03  -4.1 1.32e-02    -  1.00e+00 1.00e+00h  1
1107  7.3823531e-04 1.05e-04 2.24e-02  -4.0 4.68e-02    -  1.00e+00 2.50e-01h  3
1108  7.5445485e-04 1.01e-04 1.16e-01  -4.1 3.32e-02    -  1.00e+00 1.25e-01h  4
1109  7.2407394e-04 7.66e-06 2.25e-02  -4.1 1.48e-02    -  1.00e+00 1.00e+00H  1
iter    objective    inf_pr   inf_du lg(mu)  ||d||  lg(rg) alpha_du alpha_pr  ls
1110  7.2080255e-04 9.46e-06 1.02e-01  -4.0 2.76e-01    -  1.00e+00 7.81e-03h  8
1111  7.2580714e-04 7.29e-06 1.29e-01  -4.0 1.35e-02    -  1.00e+00 5.00e-01h  2
1112  7.2111400e-04 5.57e-05 1.65e-02  -4.1 1.09e-02    -  1.00e+00 1.00e+00h  1
1113  7.4876453e-04 5.91e-05 2.70e-01  -4.1 4.97e-02    -  1.00e+00 5.00e-01h  2
1114  7.1842577e-04 6.79e-05 2.71e-03  -4.1 2.30e-02    -  1.00e+00 1.00e+00h  1
1115  7.8758735e-04 3.90e-05 6.95e-02  -4.0 1.25e-02    -  1.00e+00 1.00e+00H  1
1116  7.9796595e-04 5.36e-05 1.57e-01  -4.1 2.20e-02    -  1.00e+00 5.00e-01h  2
1117  1.3485061e-03 2.53e-05 1.02e-01  -4.1 5.85e-02    -  1.00e+00 1.00e+00H  1
1118  1.2241040e-03 2.81e-05 8.42e-01  -4.1 1.35e-01    -  1.00e+00 5.12e-02h  5
1119  1.1231048e-03 3.01e-05 3.90e-01  -4.1 1.01e-01    -  1.00e+00 6.25e-02h  5
iter    objective    inf_pr   inf_du lg(mu)  ||d||  lg(rg) alpha_du alpha_pr  ls
1120  9.8927511e-04 4.15e-05 5.37e-01  -4.1 6.35e-02    -  1.00e+00 2.50e-01h  3
1121  7.8740757e-04 4.66e-05 2.13e-02  -4.1 8.76e-03    -  1.00e+00 1.00e+00h  1
1122  7.9128157e-04 2.88e-04 1.95e-02  -4.1 2.08e-02    -  1.00e+00 1.00e+00h  1
1123  8.2163500e-04 6.88e-04 2.23e-02  -4.1 2.83e-02    -  1.00e+00 1.00e+00h  1
1124  8.1201190e-04 6.54e-04 7.57e-02  -4.1 1.79e-01    -  1.00e+00 2.50e-01h  3
1125  7.7309687e-04 6.38e-04 6.38e-02  -4.1 6.23e-02    -  1.00e+00 1.55e-01h  3
1126  7.6864369e-04 6.19e-04 9.47e-02  -4.1 3.43e-01    -  7.18e-01 1.25e-01h  4
1127  7.6316190e-04 4.73e-04 4.19e-02  -4.1 1.79e-02    -  1.00e+00 2.50e-01h  3
1128  7.3336298e-04 3.08e-04 7.97e-02  -4.1 3.50e-02    -  1.00e+00 5.00e-01h  2
1129  8.6801136e-04 3.50e-04 1.18e-02  -4.1 3.15e-02    -  1.00e+00 1.00e+00h  1
iter    objective    inf_pr   inf_du lg(mu)  ||d||  lg(rg) alpha_du alpha_pr  ls
1130  7.4202077e-04 2.82e-04 5.66e-03  -4.1 3.89e-02    -  1.00e+00 1.00e+00h  1
1131  7.4030597e-04 2.45e-04 2.74e-02  -4.1 3.43e-02    -  1.00e+00 2.50e-01h  3
1132  7.8737808e-04 1.54e-04 1.02e-02  -4.1 3.04e-02    -  1.00e+00 1.00e+00h  1
1133  7.4812866e-04 1.46e-04 6.08e-03  -4.1 1.19e-02    -  1.00e+00 1.00e+00h  1
1134  7.2639067e-04 5.47e-05 7.82e-03  -4.1 9.74e-03    -  1.00e+00 1.00e+00h  1
1135  7.2160449e-04 6.61e-05 1.18e-02  -4.1 8.86e-03    -  1.00e+00 1.00e+00h  1
1136  7.2050623e-04 3.23e-05 6.52e-03  -4.0 6.62e-03    -  1.00e+00 1.00e+00h  1
1137  7.1773092e-04 5.13e-06 3.96e-03  -4.0 2.75e-03    -  1.00e+00 1.00e+00h  1
1138  7.1871268e-04 1.60e-06 4.03e-03  -4.0 1.29e-03    -  1.00e+00 1.00e+00h  1
1139  7.1888050e-04 1.32e-06 4.45e-03  -4.0 1.44e-03    -  1.00e+00 1.00e+00h  1
iter    objective    inf_pr   inf_du lg(mu)  ||d||  lg(rg) alpha_du alpha_pr  ls
1140  7.1838587e-04 4.04e-07 4.85e-04  -4.0 6.38e-04    -  1.00e+00 1.00e+00h  1
1141  7.1835637e-04 1.01e-08 5.37e-04  -4.0 2.07e-04    -  1.00e+00 1.00e+00h  1
1142  7.1927698e-04 1.65e-06 3.65e-03  -4.0 2.25e-03    -  1.00e+00 1.00e+00h  1
1143  7.1947192e-04 1.74e-08 6.61e-03  -4.1 1.46e-03    -  1.00e+00 1.00e+00H  1
1144  7.1794212e-04 1.79e-06 6.52e-04  -4.1 1.90e-03    -  1.00e+00 1.00e+00h  1
1145  7.1957370e-04 1.22e-07 7.97e-04  -6.1 4.03e-04    -  1.00e+00 1.00e+00h  1
1146  7.1750927e-04 1.15e-07 8.33e-04  -6.1 4.12e-04    -  1.00e+00 1.00e+00h  1
1147  7.1842034e-04 8.15e-07 5.62e-03  -4.0 1.08e-03    -  1.00e+00 1.00e+00h  1
1148  7.1792813e-04 2.18e-07 6.72e-04  -4.1 5.44e-04    -  1.00e+00 1.00e+00h  1
1149  7.1781609e-04 1.08e-08 1.21e-04  -4.0 1.19e-04    -  1.00e+00 1.00e+00h  1
iter    objective    inf_pr   inf_du lg(mu)  ||d||  lg(rg) alpha_du alpha_pr  ls
1150  7.1781333e-04 6.26e-10 1.47e-04  -4.0 3.36e-05    -  1.00e+00 1.00e+00h  1
1151  7.1828104e-04 5.63e-10 4.41e-03  -4.0 1.54e-03    -  1.00e+00 1.00e+00H  1
1152  7.1823387e-04 7.76e-08 2.94e-03  -4.1 2.74e-04    -  1.00e+00 1.00e+00h  1
1153  7.1764499e-04 7.80e-08 1.12e-03  -4.1 3.71e-04    -  1.00e+00 1.00e+00h  1
1154  7.1762898e-04 1.39e-09 1.45e-04  -4.0 5.08e-05    -  1.00e+00 1.00e+00h  1
1155  7.1762323e-04 2.51e-09 1.82e-04  -4.0 6.12e-05    -  1.00e+00 1.00e+00h  1
1156  7.1779015e-04 2.97e-11 6.13e-03  -4.0 1.66e-03    -  1.00e+00 1.00e+00H  1
1157  7.1719591e-04 3.75e-07 1.32e-01  -4.1 3.33e-03    -  1.00e+00 2.50e-01h  3
1158  7.1744896e-04 1.04e-06 2.09e-03  -4.1 1.32e-03    -  1.00e+00 1.00e+00h  1
1159  7.1834538e-04 1.76e-08 5.84e-03  -4.0 1.55e-03    -  1.00e+00 1.00e+00H  1
iter    objective    inf_pr   inf_du lg(mu)  ||d||  lg(rg) alpha_du alpha_pr  ls
1160  7.1755742e-04 1.15e-06 1.83e-03  -4.1 1.39e-03    -  1.00e+00 1.00e+00h  1
1161  7.1822554e-04 5.74e-07 2.08e-03  -4.1 1.39e-03    -  1.00e+00 5.00e-01h  2
1162  7.1746291e-04 1.48e-07 3.25e-04  -4.1 4.58e-04    -  1.00e+00 1.00e+00h  1
1163  7.1750403e-04 2.37e-08 3.13e-04  -4.0 1.62e-04    -  1.00e+00 1.00e+00h  1
1164  7.1756842e-04 3.67e-08 9.98e-04  -4.0 2.26e-04    -  1.00e+00 1.00e+00h  1
1165  7.1731448e-04 5.98e-08 1.70e-03  -4.1 2.88e-04    -  1.00e+00 1.00e+00h  1
1166  7.1744852e-04 8.11e-10 4.23e-03  -4.0 9.91e-04    -  1.00e+00 1.00e+00H  1
1167  7.1812153e-04 9.57e-10 5.34e-03  -4.0 9.16e-04    -  1.00e+00 1.00e+00H  1
1168  7.1766954e-04 2.23e-06 6.16e-03  -4.1 1.59e-03    -  1.00e+00 1.00e+00h  1
1169  7.3341867e-04 2.38e-10 9.52e-03  -4.1 2.78e-03    -  1.00e+00 1.00e+00H  1
iter    objective    inf_pr   inf_du lg(mu)  ||d||  lg(rg) alpha_du alpha_pr  ls
1170  7.1716333e-04 2.08e-06 1.72e-03  -4.1 1.91e-03    -  1.00e+00 1.00e+00h  1
1171  7.1668264e-04 1.87e-06 7.07e-03  -4.0 1.60e-03    -  1.00e+00 1.00e+00h  1
1172  7.1708541e-04 1.06e-06 2.70e-03  -4.0 1.15e-03    -  1.00e+00 1.00e+00h  1
1173  7.1706109e-04 1.26e-07 1.13e-03  -4.0 3.44e-04    -  1.00e+00 1.00e+00h  1
1174  7.1687963e-04 7.89e-08 1.96e-03  -4.0 3.32e-04    -  1.00e+00 1.00e+00h  1
1175  7.1712230e-04 7.65e-08 1.65e-03  -4.0 3.03e-04    -  1.00e+00 1.00e+00h  1
1176  7.1690805e-04 4.28e-08 7.55e-04  -4.1 2.25e-04    -  1.00e+00 1.00e+00h  1
1177  7.1685920e-04 4.84e-09 1.73e-04  -4.0 1.03e-04    -  1.00e+00 1.00e+00h  1
1178  7.1733605e-04 2.41e-09 4.53e-03  -4.0 1.19e-03    -  1.00e+00 1.00e+00H  1
1179  7.1608531e-04 1.85e-06 9.08e-03  -4.0 1.55e-03    -  1.00e+00 1.00e+00h  1
iter    objective    inf_pr   inf_du lg(mu)  ||d||  lg(rg) alpha_du alpha_pr  ls
1180  7.2803193e-04 1.52e-06 1.42e-02  -4.0 3.02e-03    -  1.00e+00 1.00e+00H  1
1181  7.1691420e-04 7.57e-06 1.40e-03  -4.1 3.41e-03    -  1.00e+00 1.00e+00h  1
1182  7.2003162e-04 6.26e-07 3.52e-03  -4.1 9.33e-04    -  1.00e+00 1.00e+00h  1
1183  7.1642521e-04 3.02e-07 9.99e-04  -4.1 7.71e-04    -  1.00e+00 1.00e+00h  1
1184  7.1666678e-04 1.44e-07 1.84e-03  -4.0 3.92e-04    -  1.00e+00 1.00e+00h  1
1185  7.1638474e-04 8.66e-08 2.03e-03  -4.0 2.79e-04    -  1.00e+00 1.00e+00h  1
1186  7.1646178e-04 6.09e-08 1.49e-03  -4.0 3.36e-04    -  1.00e+00 1.00e+00h  1
1187  7.1628068e-04 7.39e-08 1.60e-03  -4.0 3.22e-04    -  1.00e+00 1.00e+00h  1
1188  7.1640214e-04 6.53e-10 3.32e-03  -4.0 8.86e-04    -  1.00e+00 1.00e+00H  1
1189  7.1668510e-04 1.91e-10 9.82e-03  -4.0 1.88e-03    -  1.00e+00 1.00e+00H  1
iter    objective    inf_pr   inf_du lg(mu)  ||d||  lg(rg) alpha_du alpha_pr  ls
1190  7.1601544e-04 1.73e-06 1.75e-01  -4.1 2.17e-02    -  1.00e+00 1.25e-01h  4
1191  7.1618505e-04 1.78e-06 3.82e-01  -4.1 6.60e-02    -  1.00e+00 1.56e-02h  7
1192  7.2087356e-04 1.32e-05 2.31e-02  -4.1 5.38e-03    -  1.00e+00 1.00e+00h  1
1193  7.2395611e-04 2.41e-05 3.61e-02  -4.1 6.19e-03    -  1.00e+00 1.00e+00h  1
1194  7.1512078e-04 3.00e-05 5.34e-02  -4.1 9.59e-03    -  1.00e+00 5.00e-01h  2
1195  7.2594667e-04 3.64e-05 1.04e-01  -4.0 2.50e-02    -  1.00e+00 2.50e-01h  3
1196  7.1397558e-04 2.26e-05 7.57e-03  -4.1 6.70e-03    -  1.00e+00 1.00e+00h  1
1197  7.2099234e-04 1.13e-05 1.59e-02  -4.0 3.66e-03    -  1.00e+00 1.00e+00h  1
1198  7.3266159e-04 3.32e-07 1.07e-02  -4.1 3.67e-03    -  1.00e+00 1.00e+00H  1
1199  7.1955092e-04 7.95e-06 1.03e-02  -4.1 3.31e-03    -  1.00e+00 1.00e+00h  1
iter    objective    inf_pr   inf_du lg(mu)  ||d||  lg(rg) alpha_du alpha_pr  ls
1200  7.1493834e-04 2.80e-07 4.39e-03  -4.1 2.90e-03    -  1.00e+00 1.00e+00H  1
1201  7.2913274e-04 2.69e-05 2.27e-02  -4.0 5.00e-03    -  1.00e+00 1.00e+00h  1
1202  7.1619625e-04 2.77e-05 6.25e-03  -4.1 5.50e-03    -  1.00e+00 1.00e+00h  1
1203  8.0009233e-04 8.32e-05 2.41e-02  -4.1 1.14e-02    -  1.00e+00 1.00e+00h  1
1204  7.1436428e-04 4.39e-05 2.13e-03  -4.1 8.38e-03    -  1.00e+00 1.00e+00h  1
1205  7.1408581e-04 2.37e-06 2.72e-03  -4.0 1.98e-03    -  1.00e+00 1.00e+00h  1
1206  7.1413795e-04 5.73e-07 1.47e-03  -4.0 9.61e-04    -  1.00e+00 1.00e+00h  1
1207  7.1409000e-04 5.47e-08 1.67e-04  -4.0 3.03e-04    -  1.00e+00 1.00e+00h  1
1208  7.1407269e-04 1.42e-09 1.58e-04  -4.0 5.66e-05    -  1.00e+00 1.00e+00h  1
1209  7.1580807e-04 3.77e-10 1.00e-02  -4.0 3.29e-03    -  1.00e+00 1.00e+00H  1
iter    objective    inf_pr   inf_du lg(mu)  ||d||  lg(rg) alpha_du alpha_pr  ls
1210  7.1594088e-04 2.22e-06 3.50e-03  -4.1 2.68e-03    -  1.00e+00 1.00e+00h  1
1211  7.1364897e-04 3.84e-06 8.85e-03  -4.1 3.10e-03    -  1.00e+00 1.00e+00h  1
1212  7.1464876e-04 3.05e-06 3.00e-03  -4.0 2.48e-03    -  1.00e+00 1.00e+00h  1
1213  7.1491101e-04 7.00e-07 3.05e-03  -4.1 1.24e-03    -  1.00e+00 1.00e+00h  1
1214  7.1381522e-04 3.21e-07 2.67e-04  -4.1 9.55e-04    -  1.00e+00 1.00e+00h  1
1215  7.1395524e-04 1.94e-08 6.98e-04  -4.0 1.65e-04    -  1.00e+00 1.00e+00h  1
1216  7.1390146e-04 5.29e-09 1.74e-04  -4.0 1.17e-04    -  1.00e+00 1.00e+00h  1
1217  7.1386634e-04 6.32e-09 3.02e-04  -4.0 9.28e-05    -  1.00e+00 1.00e+00h  1
1218  7.1515839e-04 1.26e-10 8.67e-03  -4.0 2.16e-03    -  1.00e+00 1.00e+00H  1
1219  7.1386281e-04 9.01e-07 3.22e-03  -4.1 1.53e-03    -  1.00e+00 1.00e+00h  1
iter    objective    inf_pr   inf_du lg(mu)  ||d||  lg(rg) alpha_du alpha_pr  ls
1220  7.1426648e-04 5.49e-06 1.00e-02  -4.1 3.02e-03    -  1.00e+00 1.00e+00h  1
1221  7.1364330e-04 3.02e-06 4.47e-04  -4.1 2.29e-03    -  1.00e+00 1.00e+00h  1
1222  7.1369968e-04 5.71e-09 8.55e-04  -4.0 7.37e-05    -  1.00e+00 1.00e+00h  1
1223  7.1373851e-04 1.75e-08 5.19e-04  -4.0 1.64e-04    -  1.00e+00 1.00e+00h  1
1224  7.1375311e-04 1.44e-08 4.61e-03  -4.1 1.37e-03    -  1.00e+00 1.00e+00H  1
1225  7.1519738e-04 5.11e-09 1.50e-02  -4.1 3.33e-03    -  1.00e+00 1.00e+00H  1
1226  7.1372904e-04 8.93e-06 2.93e-03  -4.1 4.29e-03    -  1.00e+00 1.00e+00h  1
1227  7.1372449e-04 8.70e-06 3.73e-02  -4.1 2.02e-02    -  1.00e+00 6.25e-02h  5
1228  7.1388966e-04 4.31e-06 5.79e-03  -4.1 3.51e-03    -  1.00e+00 5.00e-01h  2
1229  7.1369162e-04 6.78e-07 4.44e-03  -4.1 1.35e-03    -  1.00e+00 1.00e+00h  1
iter    objective    inf_pr   inf_du lg(mu)  ||d||  lg(rg) alpha_du alpha_pr  ls
1230  7.1698826e-04 3.19e-09 9.58e-03  -4.1 5.39e-03    -  1.00e+00 1.00e+00H  1
1231  7.1334320e-04 3.10e-06 4.31e-03  -4.1 2.47e-03    -  1.00e+00 1.00e+00h  1
1232  7.1868046e-04 5.85e-07 1.14e-02  -4.0 5.36e-03    -  1.00e+00 1.00e+00H  1
1233  7.1400199e-04 1.97e-06 1.51e-03  -4.1 3.71e-03    -  1.00e+00 1.00e+00h  1
1234  7.1376036e-04 5.58e-07 2.37e-03  -4.1 8.57e-04    -  1.00e+00 1.00e+00h  1
1235  7.1348575e-04 5.89e-08 1.29e-03  -4.1 4.02e-04    -  1.00e+00 1.00e+00h  1
1236  7.1357586e-04 2.68e-07 1.49e-03  -4.0 5.65e-04    -  1.00e+00 1.00e+00h  1
1237  7.1349860e-04 3.15e-08 2.19e-04  -4.1 1.95e-04    -  1.00e+00 1.00e+00h  1
1238  7.1352174e-04 1.95e-09 2.08e-04  -4.0 6.22e-05    -  1.00e+00 1.00e+00h  1
1239  7.1350458e-04 5.66e-10 4.63e-05  -4.0 2.86e-05    -  1.00e+00 1.00e+00h  1
iter    objective    inf_pr   inf_du lg(mu)  ||d||  lg(rg) alpha_du alpha_pr  ls
1240  7.1350006e-04 9.28e-11 4.04e-05  -4.0 1.36e-05    -  1.00e+00 1.00e+00h  1
1241  7.1340179e-04 1.45e-08 5.87e-04  -4.0 1.49e-04    -  1.00e+00 1.00e+00h  1
1242  7.1406426e-04 6.19e-09 5.12e-03  -4.0 1.20e-03    -  1.00e+00 1.00e+00H  1
1243  7.1713738e-04 1.03e-10 1.07e-02  -4.1 1.95e-03    -  1.00e+00 1.00e+00H  1
1244  7.1347889e-04 4.48e-06 8.26e-04  -4.1 2.68e-03    -  1.00e+00 1.00e+00h  1
1245  7.1353379e-04 3.43e-06 2.82e-03  -4.1 3.53e-03    -  1.00e+00 2.50e-01h  3
1246  7.1331720e-04 4.48e-07 5.13e-04  -4.1 7.85e-04    -  1.00e+00 1.00e+00h  1
1247  7.1387233e-04 1.71e-08 8.22e-03  -4.0 1.98e-03    -  1.00e+00 1.00e+00H  1
1248  7.1391412e-04 4.62e-06 2.95e-03  -4.1 2.48e-03    -  1.00e+00 1.00e+00h  1
1249  7.1469322e-04 9.05e-06 7.98e-02  -4.1 1.56e-02    -  1.00e+00 2.50e-01h  3
iter    objective    inf_pr   inf_du lg(mu)  ||d||  lg(rg) alpha_du alpha_pr  ls
1250  7.1341568e-04 1.59e-05 3.34e-03  -4.1 4.95e-03    -  1.00e+00 1.00e+00h  1
1251  8.4782689e-04 7.25e-10 3.60e-02  -4.1 1.07e-02    -  1.00e+00 1.00e+00H  1
1252  7.1364530e-04 2.93e-05 9.15e-03  -4.1 8.10e-03    -  1.00e+00 1.00e+00h  1
1253  7.1327487e-04 2.60e-05 4.12e-02  -4.1 6.32e-03    -  1.00e+00 1.25e-01h  4
1254  7.1321464e-04 2.28e-05 3.65e-02  -4.1 2.86e-03    -  1.00e+00 1.25e-01h  4
1255  7.1297161e-04 2.00e-05 4.21e-02  -4.1 4.10e-03    -  1.00e+00 1.25e-01h  4
1256  7.1340224e-04 5.11e-07 4.97e-03  -4.1 2.12e-03    -  1.00e+00 1.00e+00h  1
1257  7.1689434e-04 7.61e-09 1.84e-02  -4.1 3.54e-03    -  1.00e+00 1.00e+00H  1
1258  7.1210843e-04 4.87e-06 4.07e-03  -4.1 4.15e-03    -  1.00e+00 1.00e+00h  1
1259  7.1499237e-04 3.64e-06 9.80e-03  -4.0 2.35e-03    -  1.00e+00 1.00e+00h  1
iter    objective    inf_pr   inf_du lg(mu)  ||d||  lg(rg) alpha_du alpha_pr  ls
1260  7.2204573e-04 6.85e-07 3.42e-03  -4.1 1.07e-03    -  1.00e+00 1.00e+00h  1
1261  7.1300951e-04 5.35e-07 8.27e-04  -4.1 8.15e-04    -  1.00e+00 1.00e+00h  1
1262  7.1296028e-04 1.49e-08 6.74e-04  -4.0 2.29e-04    -  1.00e+00 1.00e+00h  1
1263  7.1295039e-04 7.62e-07 5.38e-03  -4.0 1.23e-03    -  1.00e+00 1.00e+00h  1
1264  7.1469435e-04 2.84e-06 1.29e-02  -4.1 3.09e-03    -  1.00e+00 1.00e+00H  1
1265  7.1229186e-04 3.77e-06 2.66e-03  -4.1 2.35e-03    -  1.00e+00 1.00e+00h  1
1266  7.1774732e-04 2.51e-06 5.19e-03  -4.0 1.45e-03    -  1.00e+00 1.00e+00h  1
1267  7.1276322e-04 5.42e-07 8.47e-04  -4.1 8.28e-04    -  1.00e+00 1.00e+00h  1
1268  7.1280616e-04 1.12e-07 1.48e-03  -4.0 4.51e-04    -  1.00e+00 1.00e+00h  1
1269  7.1268226e-04 9.03e-11 5.59e-04  -4.0 2.49e-04    -  1.00e+00 1.00e+00H  1
iter    objective    inf_pr   inf_du lg(mu)  ||d||  lg(rg) alpha_du alpha_pr  ls
1270  7.1270642e-04 3.70e-09 3.80e-04  -4.0 8.41e-05    -  1.00e+00 1.00e+00h  1
1271  7.1264044e-04 2.85e-07 2.06e-03  -4.1 6.57e-04    -  1.00e+00 1.00e+00h  1
1272  7.1728323e-04 1.90e-07 7.60e-03  -4.0 1.35e-03    -  1.00e+00 1.00e+00H  1
1273  7.1289606e-04 1.40e-06 1.54e-03  -4.1 1.46e-03    -  1.00e+00 1.00e+00h  1
1274  7.1302306e-04 8.54e-07 2.36e-03  -4.1 7.88e-04    -  1.00e+00 1.00e+00h  1
1275  7.1247320e-04 3.32e-07 6.26e-04  -4.1 8.22e-04    -  1.00e+00 1.00e+00h  1
1276  7.1286210e-04 3.43e-07 2.55e-03  -4.0 6.40e-04    -  1.00e+00 1.00e+00h  1
1277  7.1273333e-04 1.69e-07 7.21e-04  -4.1 5.44e-04    -  1.00e+00 1.00e+00h  1
1278  7.1234860e-04 1.19e-07 9.86e-04  -6.1 4.10e-04    -  1.00e+00 1.00e+00h  1
1279  7.1637527e-04 4.50e-06 1.36e-02  -4.0 2.61e-03    -  1.00e+00 1.00e+00h  1
iter    objective    inf_pr   inf_du lg(mu)  ||d||  lg(rg) alpha_du alpha_pr  ls
1280  7.1567021e-04 1.72e-06 3.96e-03  -4.1 1.70e-03    -  1.00e+00 1.00e+00h  1
1281  7.2456986e-04 3.01e-06 2.19e-02  -4.1 4.04e-03    -  1.00e+00 1.00e+00H  1
1282  7.1146943e-04 3.63e-06 4.93e-03  -4.1 2.44e-03    -  1.00e+00 1.00e+00h  1
1283  7.1291860e-04 2.08e-06 2.56e-03  -4.0 1.76e-03    -  1.00e+00 1.00e+00h  1
1284  7.1261480e-04 3.57e-07 2.32e-03  -4.1 6.09e-04    -  1.00e+00 1.00e+00h  1
1285  7.1238102e-04 2.37e-07 1.33e-03  -4.1 5.94e-04    -  1.00e+00 1.00e+00h  1
1286  7.1256505e-04 4.70e-08 3.54e-04  -4.0 2.14e-04    -  1.00e+00 1.00e+00h  1
1287  7.1252101e-04 1.86e-09 7.56e-05  -4.0 4.51e-05    -  1.00e+00 1.00e+00h  1
1288  7.1251027e-04 1.13e-10 4.81e-05  -4.0 1.55e-05    -  1.00e+00 1.00e+00h  1
1289  7.1241149e-04 1.67e-08 6.07e-04  -4.0 1.66e-04    -  1.00e+00 1.00e+00h  1
iter    objective    inf_pr   inf_du lg(mu)  ||d||  lg(rg) alpha_du alpha_pr  ls
1290  7.1223134e-04 3.55e-09 2.77e-03  -4.1 8.02e-04    -  1.00e+00 1.00e+00H  1
1291  7.1345025e-04 1.83e-06 7.03e-03  -4.0 1.46e-03    -  1.00e+00 1.00e+00h  1
1292  7.1272432e-04 1.01e-06 1.71e-03  -4.1 1.26e-03    -  1.00e+00 1.00e+00h  1
1293  7.1423608e-04 1.21e-06 2.97e-03  -4.1 1.21e-03    -  1.00e+00 1.00e+00h  1
1294  7.1248371e-04 4.62e-07 1.53e-03  -4.1 1.03e-03    -  1.00e+00 1.00e+00h  1
1295  7.1792186e-04 2.20e-07 7.99e-03  -4.1 2.25e-03    -  1.00e+00 1.00e+00H  1
1296  7.1293776e-04 9.76e-07 4.48e-03  -4.1 1.65e-03    -  1.00e+00 1.00e+00h  1
1297  7.1195660e-04 1.32e-06 5.19e-03  -4.1 1.37e-03    -  1.00e+00 1.00e+00h  1
1298  7.1263775e-04 1.18e-06 2.58e-03  -4.0 1.28e-03    -  1.00e+00 1.00e+00h  1
1299  7.1243325e-04 5.74e-07 3.08e-03  -4.1 9.04e-04    -  1.00e+00 1.00e+00h  1
iter    objective    inf_pr   inf_du lg(mu)  ||d||  lg(rg) alpha_du alpha_pr  ls
1300  7.1208450e-04 2.50e-07 6.88e-04  -4.1 6.35e-04    -  1.00e+00 1.00e+00h  1
1301  7.1216292e-04 2.20e-08 6.16e-04  -4.0 1.55e-04    -  1.00e+00 1.00e+00h  1
1302  7.1212983e-04 4.19e-09 2.72e-04  -4.0 7.95e-05    -  1.00e+00 1.00e+00h  1
1303  7.1210216e-04 9.01e-10 1.60e-04  -4.0 3.42e-05    -  1.00e+00 1.00e+00h  1
1304  7.1209563e-04 1.53e-09 1.24e-04  -4.0 4.02e-05    -  1.00e+00 1.00e+00h  1
1305  7.1499083e-04 3.16e-10 1.09e-02  -4.0 2.79e-03    -  1.00e+00 1.00e+00H  1
1306  7.1140415e-04 2.46e-06 4.26e-03  -4.1 1.52e-03    -  1.00e+00 1.00e+00h  1
1307  7.1584143e-04 9.34e-06 3.39e-02  -4.0 5.41e-03    -  1.00e+00 5.00e-01h  2
1308  7.1286457e-04 4.06e-06 3.13e-03  -4.1 1.91e-03    -  1.00e+00 1.00e+00h  1
1309  7.3996967e-04 2.20e-06 3.66e-02  -4.1 5.95e-03    -  1.00e+00 1.00e+00H  1
iter    objective    inf_pr   inf_du lg(mu)  ||d||  lg(rg) alpha_du alpha_pr  ls
1310  7.2526436e-04 2.67e-06 1.42e-02  -4.1 4.98e-03    -  1.00e+00 1.00e+00H  1
1311  7.1787104e-04 2.02e-05 2.25e-01  -4.1 8.39e-03    -  1.00e+00 5.00e-01h  2
1312  7.1641242e-04 1.01e-05 6.96e-02  -4.1 3.34e-03    -  1.00e+00 5.00e-01h  2
1313  7.1219236e-04 3.00e-06 2.17e-03  -4.1 1.85e-03    -  1.00e+00 1.00e+00h  1
1314  7.1876327e-04 4.16e-07 1.35e-02  -4.1 3.49e-03    -  1.00e+00 1.00e+00H  1
1315  7.1323745e-04 2.37e-06 6.37e-03  -4.1 1.66e-03    -  1.00e+00 1.00e+00h  1
1316  7.1347119e-04 1.01e-05 9.89e-03  -4.1 3.11e-03    -  1.00e+00 1.00e+00h  1
1317  7.1201892e-04 6.61e-06 1.03e-02  -4.1 2.42e-03    -  1.00e+00 1.00e+00h  1
1318  7.1178305e-04 3.75e-06 2.25e-03  -4.1 2.21e-03    -  1.00e+00 1.00e+00h  1
1319  7.1219442e-04 2.73e-07 1.72e-03  -4.1 5.84e-04    -  1.00e+00 1.00e+00h  1
iter    objective    inf_pr   inf_du lg(mu)  ||d||  lg(rg) alpha_du alpha_pr  ls
1320  7.1189782e-04 5.18e-08 8.69e-04  -4.1 3.42e-04    -  1.00e+00 1.00e+00h  1
1321  7.1187236e-04 1.27e-08 3.99e-04  -4.0 1.07e-04    -  1.00e+00 1.00e+00h  1
1322  7.1185921e-04 3.39e-09 1.72e-04  -4.0 5.79e-05    -  1.00e+00 1.00e+00h  1
1323  7.1183891e-04 2.68e-09 3.37e-04  -4.0 6.51e-05    -  1.00e+00 1.00e+00h  1
1324  7.1185455e-04 2.77e-09 3.65e-04  -4.0 5.56e-05    -  1.00e+00 1.00e+00h  1
1325  7.1165948e-04 5.23e-08 1.03e-03  -4.1 2.47e-04    -  1.00e+00 1.00e+00h  1
1326  7.1189333e-04 8.29e-08 5.12e-04  -4.0 3.11e-04    -  1.00e+00 1.00e+00h  1
1327  7.1180286e-04 6.42e-09 1.56e-04  -4.1 9.61e-05    -  1.00e+00 1.00e+00h  1
1328  7.1181331e-04 9.22e-12 9.14e-04  -4.0 2.18e-04    -  1.00e+00 1.00e+00H  1
1329  7.1180103e-04 9.18e-07 7.63e-03  -4.0 6.30e-03    -  1.00e+00 2.50e-01h  3
iter    objective    inf_pr   inf_du lg(mu)  ||d||  lg(rg) alpha_du alpha_pr  ls
1330  7.7990311e-04 8.06e-07 1.27e-01  -4.1 2.53e-02    -  1.00e+00 1.00e+00H  1
1331  7.7408235e-04 8.80e-07 1.30e-01  -4.1 2.01e-02    -  1.00e+00 3.12e-02h  6
1332  7.7308604e-04 8.89e-07 9.96e-01  -4.1 4.37e-02    -  8.28e-01 3.91e-03h  9
1333  7.7259549e-04 8.99e-07 1.28e-01  -4.1 3.46e-01    -  1.00e+00 4.88e-04h 12
1334  7.7212845e-04 9.08e-07 3.34e-01  -4.1 1.67e-01    -  1.00e+00 9.77e-04h 11
1335  7.7166167e-04 9.15e-07 1.27e-01  -4.1 3.45e+00    -  6.26e-01 3.77e-05h 15
1336  7.4831178e-04 8.23e-05 1.79e-01  -4.1 5.28e+00    -  3.88e-01 1.90e-03h  8
1337  7.3598845e-04 1.17e-04 7.69e-02  -4.1 4.90e-01    -  1.00e+00 3.12e-02h  6
1338  7.3456229e-04 1.59e-04 9.23e-01  -4.1 6.63e-01    -  1.00e+00 1.56e-02h  7
1339  7.8481388e-04 4.45e-04 8.93e-01  -4.1 4.66e-01    -  1.00e+00 6.25e-02h  5
iter    objective    inf_pr   inf_du lg(mu)  ||d||  lg(rg) alpha_du alpha_pr  ls
1340  7.6724569e-04 5.53e-04 6.74e-01  -4.1 3.09e+00    -  6.64e-01 5.81e-03h  8
1341  7.6194363e-04 5.79e-04 4.11e-01  -4.1 1.50e+00    -  1.00e+00 7.81e-03h  8
1342  7.6129073e-04 6.23e-04 5.11e-01  -4.1 2.21e-01    -  1.00e+00 6.25e-02h  5
1343  7.5987723e-04 6.11e-04 2.27e-01  -4.1 1.36e+00    -  1.00e+00 7.81e-03h  8
1344  7.4312792e-04 4.72e-04 7.99e-02  -4.1 2.20e-02    -  1.00e+00 2.50e-01h  3
1345  7.4070453e-04 4.77e-04 3.93e-01  -4.1 2.30e-01    -  1.00e+00 3.12e-02h  6
1346  7.3707239e-04 4.79e-04 8.24e-01  -4.1 1.63e+00    -  1.00e+00 3.91e-03h  9
1347  7.9708574e-04 4.72e-04 3.48e-01  -4.1 1.09e-01    -  1.00e+00 1.25e-01h  4
1348  7.8430898e-04 7.19e-04 7.37e-02  -4.1 1.02e+00    -  1.00e+00 2.31e-02h  6
1349  7.6855823e-04 7.67e-04 1.32e-01  -4.1 9.70e+00    -  1.94e-01 3.11e-03h  7
iter    objective    inf_pr   inf_du lg(mu)  ||d||  lg(rg) alpha_du alpha_pr  ls
1350  7.5389965e-04 7.39e-04 5.10e-01  -4.1 2.07e-01    -  1.00e+00 3.12e-02h  6
1351  7.4552974e-04 7.37e-04 3.83e-01  -4.1 2.45e-01    -  1.00e+00 3.12e-02h  6
1352  7.4371075e-04 7.38e-04 5.23e-01  -4.1 4.52e-01    -  1.00e+00 7.81e-03h  8
1353  7.4275814e-04 7.36e-04 4.31e-01  -4.1 2.99e-01    -  1.00e+00 1.56e-02h  7
1354  7.4210466e-04 7.35e-04 4.41e-01  -4.1 4.44e-01    -  1.00e+00 7.81e-03h  8
1355  7.4524646e-04 6.35e-04 3.19e-01  -4.1 7.37e-02    -  1.00e+00 2.50e-01h  3
1356  7.4697625e-04 5.79e-06 5.90e-03  -4.1 2.59e-03    -  1.00e+00 1.00e+00h  1
1357  7.5527366e-04 1.86e-05 8.94e-03  -4.1 4.88e-03    -  1.00e+00 1.00e+00h  1
1358  7.4381909e-04 7.37e-07 4.09e-03  -4.1 7.81e-04    -  1.00e+00 1.00e+00h  1
1359  7.4138821e-04 4.61e-07 1.25e-03  -4.1 7.51e-04    -  1.00e+00 1.00e+00h  1
iter    objective    inf_pr   inf_du lg(mu)  ||d||  lg(rg) alpha_du alpha_pr  ls
1360  7.4044706e-04 5.64e-08 7.42e-04  -4.1 5.48e-04    -  1.00e+00 1.00e+00h  1
1361  7.3212242e-04 1.81e-05 4.25e-03  -6.1 1.09e-02    -  1.00e+00 1.00e+00h  1
1362  7.2808364e-04 2.64e-05 3.15e-02  -6.1 5.50e-02    -  1.00e+00 1.12e-01h  3
1363  7.2467796e-04 6.98e-06 2.97e-03  -6.1 5.75e-03    -  1.00e+00 1.00e+00h  1
1364  7.1654299e-04 2.36e-06 2.67e-03  -6.1 9.54e-03    -  1.00e+00 1.00e+00h  1
1365  7.1352343e-04 3.44e-06 5.65e-04  -6.1 2.50e-03    -  1.00e+00 1.00e+00h  1
1366  7.1301739e-04 3.12e-06 4.28e-04  -6.1 2.59e-02    -  1.00e+00 1.25e-01h  4
1367  7.0906450e-04 1.67e-06 9.14e-03  -6.1 5.20e-03    -  1.00e+00 5.96e-01H  1
1368  1.0589001e-03 7.60e-03 9.95e-02  -4.0 8.89e-02    -  1.00e+00 1.00e+00f  1
1369  8.5548623e-04 2.17e-03 2.82e-02  -4.1 4.02e-02    -  1.00e+00 1.00e+00h  1
iter    objective    inf_pr   inf_du lg(mu)  ||d||  lg(rg) alpha_du alpha_pr  ls
1370  7.7980809e-04 1.26e-03 4.99e-02  -4.1 6.02e-02    -  1.00e+00 5.00e-01h  2
1371  8.5212002e-04 3.59e-04 3.37e-03  -4.1 2.26e-02    -  1.00e+00 1.00e+00h  1
1372  7.1317930e-04 9.61e-05 4.67e-03  -4.1 1.32e-02    -  1.00e+00 1.00e+00h  1
1373  7.3279652e-04 2.54e-04 1.78e-02  -4.1 1.84e-02    -  1.00e+00 1.00e+00h  1
1374  7.1740677e-04 1.17e-04 2.12e-03  -4.1 1.20e-02    -  1.00e+00 1.00e+00h  1
1375  7.3042602e-04 1.25e-05 4.31e-03  -4.1 4.39e-03    -  1.00e+00 1.00e+00h  1
1376  7.1838804e-04 2.64e-05 1.01e-02  -4.1 5.92e-03    -  1.00e+00 1.00e+00h  1
1377  7.1740244e-04 1.39e-05 5.64e-03  -4.1 3.75e-03    -  1.00e+00 1.00e+00h  1
1378  7.1491203e-04 1.88e-06 3.68e-03  -4.1 1.87e-03    -  1.00e+00 1.00e+00h  1
1379  7.1576577e-04 1.74e-06 3.99e-03  -4.1 1.37e-03    -  1.00e+00 1.00e+00h  1
iter    objective    inf_pr   inf_du lg(mu)  ||d||  lg(rg) alpha_du alpha_pr  ls
1380  7.1487413e-04 5.19e-07 3.16e-04  -4.1 6.63e-04    -  1.00e+00 1.00e+00h  1
1381  7.1446389e-04 5.68e-08 1.34e-03  -6.1 3.28e-04    -  1.00e+00 1.00e+00h  1
1382  7.1311992e-04 3.59e-06 1.89e-03  -6.1 2.22e-02    -  1.00e+00 1.25e-01h  4
1383  7.0938930e-04 5.13e-06 6.57e-03  -6.1 7.30e-03    -  1.00e+00 3.99e-01h  2
1384  7.0923262e-04 2.82e-06 1.08e-02  -6.1 2.61e-03    -  1.00e+00 5.00e-01h  2
1385  7.0831416e-04 1.75e-07 1.62e-04  -6.1 6.79e-04    -  1.00e+00 1.00e+00h  1
1386  1.1526042e-03 5.38e-03 4.31e-01  -4.0 1.06e-01    -  1.00e+00 1.00e+00f  1
1387  8.1611737e-04 1.32e-03 1.09e-01  -4.1 5.28e-02    -  1.00e+00 1.00e+00h  1
1388  7.4216706e-04 3.23e-04 2.61e-02  -4.1 2.72e-02    -  1.00e+00 1.00e+00h  1
1389  9.9396502e-04 1.49e-04 3.63e-03  -4.1 1.66e-02    -  1.00e+00 1.00e+00h  1
iter    objective    inf_pr   inf_du lg(mu)  ||d||  lg(rg) alpha_du alpha_pr  ls
1390  7.1775271e-04 9.79e-06 1.98e-03  -4.1 4.63e-03    -  1.00e+00 1.00e+00h  1
1391  7.1721406e-04 1.14e-05 1.27e-02  -4.1 5.07e-03    -  1.00e+00 1.00e+00h  1
1392  7.1883143e-04 9.07e-06 1.87e-03  -4.1 4.00e-03    -  1.00e+00 1.00e+00h  1
1393  7.1543135e-04 3.31e-07 2.33e-03  -4.1 1.01e-03    -  1.00e+00 1.00e+00h  1
1394  7.1404221e-04 2.40e-07 7.96e-04  -4.1 6.30e-04    -  1.00e+00 1.00e+00h  1
1395  7.1358995e-04 3.83e-08 8.06e-04  -6.1 6.29e-04    -  1.00e+00 1.00e+00h  1
1396  7.1053509e-04 9.17e-06 9.07e-04  -6.1 7.72e-03    -  1.00e+00 1.00e+00h  1
1397  7.1795054e-04 8.68e-09 9.27e-04  -6.1 2.52e-03    -  1.00e+00 1.00e+00H  1
1398  7.0903381e-04 1.49e-06 6.03e-04  -6.1 1.10e-03    -  1.00e+00 1.00e+00h  1
1399  7.0856994e-04 3.36e-08 4.04e-04  -6.1 3.49e-04    -  1.00e+00 1.00e+00h  1
iter    objective    inf_pr   inf_du lg(mu)  ||d||  lg(rg) alpha_du alpha_pr  ls
1400  8.9367677e-04 4.73e-03 3.25e-01  -4.0 1.35e-01    -  1.00e+00 5.00e-01f  2
1401  7.5907169e-04 1.24e-03 3.06e-02  -4.1 3.55e-02    -  1.00e+00 1.00e+00h  1
1402  7.4503733e-04 3.88e-04 7.69e-03  -4.1 1.83e-02    -  1.00e+00 1.00e+00h  1
1403  8.1019832e-04 3.56e-04 2.37e-02  -4.1 2.49e-02    -  1.00e+00 5.00e-01h  2
1404  7.1358574e-04 1.93e-05 2.60e-03  -4.1 7.46e-03    -  1.00e+00 1.00e+00h  1
1405  7.1166286e-04 1.46e-05 1.06e-02  -4.1 4.36e-03    -  1.00e+00 1.00e+00h  1
1406  7.1367174e-04 1.12e-05 3.05e-03  -4.1 3.34e-03    -  1.00e+00 1.00e+00h  1
1407  7.1270331e-04 7.57e-07 2.89e-03  -4.1 1.11e-03    -  1.00e+00 1.00e+00h  1
1408  7.1291378e-04 3.64e-07 1.10e-03  -4.1 5.34e-04    -  1.00e+00 1.00e+00h  1
1409  7.1289318e-04 1.83e-08 2.34e-04  -4.1 1.79e-04    -  1.00e+00 1.00e+00h  1
iter    objective    inf_pr   inf_du lg(mu)  ||d||  lg(rg) alpha_du alpha_pr  ls
1410  7.1257249e-04 5.40e-08 1.24e-03  -6.1 3.53e-04    -  1.00e+00 1.00e+00h  1
1411  7.1204254e-04 2.44e-05 1.03e-03  -6.1 2.99e-02    -  1.00e+00 2.50e-01h  3
1412  7.0973332e-04 1.62e-05 8.21e-03  -6.1 6.14e-03    -  1.00e+00 3.68e-01h  2
1413  7.0825540e-04 8.43e-06 5.62e-03  -6.1 6.51e-03    -  1.00e+00 5.00e-01h  2
1414  9.1046363e-04 2.12e-03 3.85e-01  -4.0 1.09e-01    -  1.00e+00 5.00e-01h  2
1415  7.4687187e-04 8.15e-04 3.00e-02  -4.1 3.81e-02    -  1.00e+00 1.00e+00h  1
1416  1.3186236e-03 2.43e-04 6.20e-03  -4.1 3.20e-02    -  1.00e+00 1.00e+00h  1
1417  7.2100769e-04 1.25e-04 7.03e-03  -4.1 2.50e-02    -  1.00e+00 1.00e+00h  1
1418  7.1254358e-04 4.91e-05 4.29e-03  -4.1 1.07e-02    -  1.00e+00 1.00e+00h  1
1419  7.1612633e-04 3.20e-05 1.20e-02  -4.1 9.05e-03    -  1.00e+00 1.00e+00h  1
iter    objective    inf_pr   inf_du lg(mu)  ||d||  lg(rg) alpha_du alpha_pr  ls
1420  7.1382816e-04 2.82e-05 7.68e-03  -4.1 6.55e-03    -  1.00e+00 1.00e+00h  1
1421  7.1203064e-04 6.11e-06 3.80e-03  -4.1 2.36e-03    -  1.00e+00 1.00e+00h  1
1422  7.1304117e-04 1.79e-06 2.60e-03  -4.1 1.62e-03    -  1.00e+00 1.00e+00h  1
1423  7.1252838e-04 6.14e-07 1.67e-03  -4.1 7.10e-04    -  1.00e+00 1.00e+00h  1
1424  7.1232425e-04 1.25e-07 3.19e-04  -4.1 4.41e-04    -  1.00e+00 1.00e+00h  1
1425  7.1206497e-04 4.29e-08 1.13e-03  -6.1 2.51e-04    -  1.00e+00 1.00e+00h  1
1426  7.0980599e-04 2.60e-04 3.03e-03  -6.1 4.15e-02    -  1.00e+00 5.00e-01h  2
1427  7.0443026e-04 1.47e-04 1.14e-03  -6.1 1.00e-02    -  1.00e+00 5.00e-01h  2
1428  8.5134354e-04 1.01e-04 1.51e-03  -5.3 1.18e-02    -  9.82e-01 1.00e+00h  1
1429  7.2377265e-04 9.09e-05 4.87e-03  -5.4 1.42e-02    -  1.00e+00 6.00e-01h  1
iter    objective    inf_pr   inf_du lg(mu)  ||d||  lg(rg) alpha_du alpha_pr  ls
1430  7.1075036e-04 6.64e-05 9.39e-04  -5.4 1.06e-02    -  1.00e+00 1.00e+00f  1
1431  7.0680377e-04 1.63e-05 6.21e-04  -5.4 5.15e-03    -  1.00e+00 1.00e+00h  1
1432  8.6896636e-04 8.56e-04 7.23e-02  -4.0 7.39e-02    -  1.00e+00 5.00e-01h  2
1433  7.2329653e-04 3.44e-04 4.87e-03  -4.1 2.23e-02    -  1.00e+00 1.00e+00h  1
1434  7.0960312e-04 1.20e-04 4.42e-03  -4.1 1.44e-02    -  1.00e+00 1.00e+00h  1
1435  7.1609901e-04 7.18e-05 5.26e-03  -4.1 1.07e-02    -  1.00e+00 1.00e+00h  1
1436  7.1072018e-04 2.83e-05 5.48e-03  -4.1 6.45e-03    -  1.00e+00 1.00e+00h  1
1437  7.1759646e-04 1.31e-05 3.51e-03  -4.1 4.13e-03    -  1.00e+00 1.00e+00h  1
1438  7.1200438e-04 1.60e-06 1.39e-03  -4.1 1.44e-03    -  1.00e+00 1.00e+00h  1
1439  7.1166462e-04 4.15e-08 5.96e-04  -4.1 3.18e-04    -  1.00e+00 1.00e+00h  1
iter    objective    inf_pr   inf_du lg(mu)  ||d||  lg(rg) alpha_du alpha_pr  ls
1440  7.1192336e-04 4.49e-08 7.24e-04  -4.0 2.91e-04    -  1.00e+00 1.00e+00h  1
1441  7.1180695e-04 1.43e-08 3.33e-04  -4.1 1.21e-04    -  1.00e+00 1.00e+00h  1
1442  7.1176558e-04 2.32e-08 4.44e-04  -4.0 1.79e-04    -  1.00e+00 1.00e+00h  1
1443  7.1188235e-04 2.01e-07 1.94e-03  -4.0 5.95e-04    -  1.00e+00 1.00e+00h  1
1444  7.1180360e-04 8.32e-08 4.54e-04  -4.1 3.48e-04    -  1.00e+00 1.00e+00h  1
1445  7.1158860e-04 3.28e-08 1.31e-03  -6.1 2.14e-04    -  1.00e+00 1.00e+00h  1
1446  7.3521069e-04 1.61e-04 8.83e-01  -4.0 2.35e-01    -  1.00e+00 6.25e-02h  5
1447  7.3618727e-04 6.47e-05 2.35e-03  -4.1 8.76e-03    -  1.00e+00 1.00e+00h  1
1448  7.5225575e-04 3.97e-04 5.21e-02  -4.1 7.72e-02    -  1.00e+00 2.50e-01h  3
1449  7.4596975e-04 2.58e-04 4.31e-03  -4.1 1.84e-02    -  1.00e+00 1.00e+00h  1
iter    objective    inf_pr   inf_du lg(mu)  ||d||  lg(rg) alpha_du alpha_pr  ls
1450  7.2013067e-04 1.52e-05 2.59e-03  -4.1 6.80e-03    -  1.00e+00 1.00e+00h  1
1451  7.1436400e-04 8.78e-06 9.22e-03  -4.1 4.23e-03    -  1.00e+00 1.00e+00h  1
1452  7.1703760e-04 1.47e-05 6.25e-03  -4.1 8.72e-03    -  1.00e+00 5.00e-01h  2
1453  7.1270730e-04 7.59e-06 8.29e-02  -4.1 5.51e-03    -  1.00e+00 5.00e-01h  2
1454  7.1271516e-04 6.86e-06 7.08e-03  -4.1 3.05e-03    -  1.00e+00 1.00e+00h  1
1455  7.1190246e-04 1.32e-06 6.26e-04  -4.1 1.36e-03    -  1.00e+00 1.00e+00h  1
1456  7.1147899e-04 1.27e-07 1.16e-03  -6.1 4.06e-04    -  1.00e+00 1.00e+00h  1
1457  7.0951632e-04 3.70e-06 1.07e-03  -6.1 2.87e-03    -  1.00e+00 1.00e+00h  1
1458  7.0713316e-04 7.80e-06 1.00e-02  -6.1 9.78e-03    -  1.00e+00 2.93e-01h  2
1459  8.3711351e-04 9.92e-04 7.14e-02  -4.0 1.56e-01    -  1.00e+00 2.50e-01h  3
iter    objective    inf_pr   inf_du lg(mu)  ||d||  lg(rg) alpha_du alpha_pr  ls
1460  7.1861783e-04 4.79e-04 2.23e-03  -4.1 2.65e-02    -  1.00e+00 1.00e+00h  1
1461  6.9815238e-04 3.92e-04 6.90e-03  -4.1 2.62e-02    -  1.00e+00 1.00e+00h  1
1462  7.1532228e-04 3.34e-04 3.17e-03  -4.0 2.37e-02    -  1.00e+00 1.00e+00h  1
1463  7.0826945e-04 4.14e-05 2.02e-03  -4.1 8.11e-03    -  1.00e+00 1.00e+00h  1
1464  7.1674996e-04 6.08e-05 1.05e-02  -4.1 8.46e-03    -  1.00e+00 1.00e+00h  1
1465  7.1210462e-04 2.89e-05 2.42e-03  -4.1 5.32e-03    -  1.00e+00 1.00e+00h  1
1466  7.1390640e-04 9.90e-07 2.07e-03  -4.1 1.38e-03    -  1.00e+00 1.00e+00h  1
1467  7.1190340e-04 4.50e-07 1.79e-03  -4.1 8.05e-04    -  1.00e+00 1.00e+00h  1
1468  7.1145121e-04 1.55e-07 8.08e-04  -4.1 5.13e-04    -  1.00e+00 1.00e+00h  1
1469  7.1158996e-04 2.62e-08 2.39e-04  -4.1 1.98e-04    -  1.00e+00 1.00e+00h  1
iter    objective    inf_pr   inf_du lg(mu)  ||d||  lg(rg) alpha_du alpha_pr  ls
1470  7.1170984e-04 2.48e-08 5.35e-04  -4.0 1.40e-04    -  1.00e+00 1.00e+00h  1
1471  7.1168986e-04 4.49e-09 3.63e-04  -4.0 9.41e-05    -  1.00e+00 1.00e+00h  1
1472  7.1165683e-04 5.01e-09 2.63e-04  -4.0 1.08e-04    -  1.00e+00 1.00e+00h  1
1473  7.1167119e-04 7.75e-09 3.07e-04  -4.0 1.36e-04    -  1.00e+00 1.00e+00h  1
1474  7.1164425e-04 3.70e-11 7.33e-04  -4.1 2.07e-04    -  1.00e+00 1.00e+00H  1
1475  7.1166057e-04 1.23e-08 8.91e-04  -4.0 1.27e-04    -  1.00e+00 1.00e+00h  1
1476  7.1160355e-04 8.03e-10 1.45e-04  -4.1 4.19e-05    -  1.00e+00 1.00e+00h  1
1477  7.1163587e-04 2.19e-09 2.13e-04  -4.0 5.42e-05    -  1.00e+00 1.00e+00h  1
1478  7.1155345e-04 2.07e-07 1.99e-03  -4.1 6.09e-04    -  1.00e+00 1.00e+00h  1
1479  7.1153784e-04 8.52e-07 6.59e-03  -4.1 6.17e-03    -  1.00e+00 2.50e-01h  3
iter    objective    inf_pr   inf_du lg(mu)  ||d||  lg(rg) alpha_du alpha_pr  ls
1480  7.1189014e-04 1.45e-05 2.70e-02  -4.1 1.32e-02    -  1.00e+00 5.00e-01h  2
1481  7.1260511e-04 1.16e-05 3.09e-02  -4.1 6.22e-03    -  1.00e+00 2.50e-01h  3
1482  7.1404699e-04 4.52e-05 6.41e-02  -4.1 1.32e-02    -  1.00e+00 5.00e-01h  2
1483  7.1306508e-04 4.39e-05 1.73e-02  -4.1 2.38e-02    -  1.00e+00 6.25e-02h  5
1484  7.1547020e-04 3.59e-05 4.54e-02  -4.1 1.39e-02    -  1.00e+00 2.50e-01h  3
1485  7.1333530e-04 3.27e-05 1.64e-02  -4.1 7.57e-03    -  1.00e+00 5.00e-01h  2
1486  7.1869263e-04 2.60e-05 1.66e-01  -4.1 1.83e-02    -  1.00e+00 2.50e-01h  3
1487  7.1094264e-04 1.91e-05 1.39e-02  -4.1 4.38e-03    -  1.00e+00 1.00e+00h  1
1488  7.1186595e-04 1.68e-05 3.60e-02  -4.1 9.73e-03    -  1.00e+00 2.50e-01h  3
1489  7.1273294e-04 1.18e-05 1.58e-02  -4.1 3.68e-03    -  1.00e+00 1.00e+00h  1
iter    objective    inf_pr   inf_du lg(mu)  ||d||  lg(rg) alpha_du alpha_pr  ls
1490  7.1287452e-04 1.26e-05 2.37e-02  -4.1 9.72e-03    -  1.00e+00 2.50e-01h  3
1491  7.1410617e-04 1.03e-09 2.49e-02  -4.1 6.48e-03    -  1.00e+00 1.00e+00H  1
1492  7.1407950e-04 1.73e-09 1.35e-01  -4.1 7.55e-03    -  1.00e+00 3.91e-03h  9
1493  7.1104517e-04 6.43e-07 8.89e-03  -4.1 4.84e-03    -  1.00e+00 1.00e+00H  1
1494  7.1100238e-04 6.24e-07 9.98e-03  -4.1 1.16e-02    -  1.00e+00 3.12e-02h  6
1495  7.1088356e-04 1.24e-06 1.82e-03  -4.1 1.21e-03    -  1.00e+00 1.00e+00h  1
1496  7.1093949e-04 4.20e-09 3.28e-03  -4.1 8.49e-04    -  1.00e+00 1.00e+00H  1
1497  7.1133120e-04 7.06e-07 1.39e-01  -4.0 4.90e-03    -  1.00e+00 2.50e-01h  3
1498  7.1070449e-04 2.95e-07 1.18e-03  -4.1 7.99e-04    -  1.00e+00 1.00e+00h  1
1499  7.1122649e-04 1.19e-06 3.30e-03  -4.1 8.52e-04    -  1.00e+00 1.00e+00h  1
iter    objective    inf_pr   inf_du lg(mu)  ||d||  lg(rg) alpha_du alpha_pr  ls
1500  7.1079628e-04 3.22e-07 1.05e-03  -4.1 6.08e-04    -  1.00e+00 1.00e+00h  1
1501  7.1085999e-04 9.04e-08 8.94e-04  -4.1 4.07e-04    -  1.00e+00 1.00e+00h  1
1502  7.1082413e-04 2.88e-08 4.59e-04  -4.1 2.24e-04    -  1.00e+00 1.00e+00h  1
1503  7.1088459e-04 3.54e-08 6.80e-04  -4.0 2.01e-04    -  1.00e+00 1.00e+00h  1
1504  7.1085769e-04 1.32e-08 2.34e-04  -4.0 1.35e-04    -  1.00e+00 1.00e+00h  1
1505  7.1083843e-04 3.12e-10 8.06e-05  -4.0 2.20e-05    -  1.00e+00 1.00e+00h  1
1506  7.1083690e-04 7.21e-10 1.42e-04  -4.0 3.62e-05    -  1.00e+00 1.00e+00h  1
1507  7.1083969e-04 9.57e-09 6.04e-04  -4.0 1.60e-04    -  1.00e+00 1.00e+00h  1
1508  7.1044523e-04 3.94e-07 1.40e-01  -4.1 4.02e-03    -  1.00e+00 2.50e-01h  3
1509  7.1074810e-04 2.06e-07 5.25e-03  -4.1 7.86e-04    -  1.00e+00 1.00e+00h  1
iter    objective    inf_pr   inf_du lg(mu)  ||d||  lg(rg) alpha_du alpha_pr  ls
1510  7.1693178e-04 2.61e-09 6.66e-03  -4.1 1.54e-03    -  1.00e+00 1.00e+00H  1
1511  7.1070481e-04 1.36e-06 5.90e-04  -4.1 1.63e-03    -  1.00e+00 1.00e+00h  1
1512  7.1030368e-04 1.08e-06 8.07e-04  -6.1 1.43e-03    -  1.00e+00 1.00e+00h  1
1513  7.0988199e-04 2.73e-06 2.19e-03  -6.1 2.32e-02    -  1.00e+00 6.25e-02h  5
1514  7.0955447e-04 2.34e-06 5.91e-03  -6.1 7.52e-03    -  1.00e+00 1.25e-01h  4
1515  7.0791886e-04 1.36e-06 1.47e-03  -6.1 1.42e-03    -  1.00e+00 1.00e+00h  1
1516  8.7611384e-04 4.46e-03 4.32e-01  -4.0 1.65e-01    -  1.00e+00 5.00e-01h  2
1517  7.5287125e-04 1.08e-03 4.23e-02  -4.1 3.89e-02    -  1.00e+00 1.00e+00h  1
1518  7.2847126e-04 3.77e-04 1.54e-02  -4.1 3.06e-02    -  1.00e+00 1.00e+00h  1
1519  7.3895874e-04 5.30e-04 9.37e-03  -4.1 2.74e-02    -  1.00e+00 1.00e+00h  1
iter    objective    inf_pr   inf_du lg(mu)  ||d||  lg(rg) alpha_du alpha_pr  ls
1520  7.3647807e-04 4.25e-04 2.72e-02  -4.1 2.59e-02    -  1.00e+00 2.50e-01h  3
1521  7.3131129e-04 5.57e-04 2.56e-03  -4.1 2.51e-02    -  1.00e+00 1.00e+00h  1
1522  7.3731411e-04 4.97e-04 2.30e-02  -4.1 2.25e-02    -  1.00e+00 1.25e-01h  4
1523  7.1730827e-04 3.38e-04 2.50e-02  -4.1 1.92e-02    -  1.00e+00 5.00e-01h  2
1524  7.9479216e-04 3.78e-05 5.23e-03  -4.1 6.68e-03    -  1.00e+00 1.00e+00h  1
1525  7.0950022e-04 1.69e-04 1.04e-02  -4.1 1.21e-02    -  1.00e+00 1.00e+00h  1
1526  7.2982813e-04 9.72e-05 3.75e-03  -4.1 1.02e-02    -  1.00e+00 1.00e+00h  1
1527  7.1083298e-04 1.66e-05 2.95e-03  -4.1 4.31e-03    -  1.00e+00 1.00e+00h  1
1528  7.1612791e-04 7.80e-06 5.31e-03  -4.1 2.75e-03    -  1.00e+00 1.00e+00h  1
1529  7.1148706e-04 2.27e-06 6.08e-04  -4.1 1.38e-03    -  1.00e+00 1.00e+00h  1
iter    objective    inf_pr   inf_du lg(mu)  ||d||  lg(rg) alpha_du alpha_pr  ls
1530  7.1094020e-04 1.49e-07 4.75e-04  -6.1 4.76e-04    -  1.00e+00 1.00e+00h  1
1531  7.1041983e-04 2.24e-07 4.92e-04  -6.1 5.40e-04    -  1.00e+00 1.00e+00h  1
1532  7.0863234e-04 1.20e-05 2.76e-02  -6.1 5.68e-02    -  1.00e+00 7.04e-02h  3
1533  7.0652445e-04 6.94e-07 3.29e-04  -6.1 9.47e-04    -  1.00e+00 1.00e+00h  1
1534  8.6732977e-04 6.19e-03 1.32e-01  -4.0 9.32e-02    -  1.00e+00 1.00e+00f  1
1535  7.6284461e-04 1.60e-03 3.33e-02  -4.1 4.69e-02    -  1.00e+00 1.00e+00h  1
1536  7.2660708e-04 4.76e-04 7.87e-03  -4.1 2.60e-02    -  1.00e+00 1.00e+00h  1
1537  7.5480047e-04 2.42e-04 9.02e-04  -4.1 1.81e-02    -  1.00e+00 1.00e+00h  1
1538  8.0533709e-04 8.53e-05 1.06e-02  -4.1 8.90e-03    -  1.00e+00 8.93e-01h  1
1539  7.1122918e-04 1.02e-04 4.39e-04  -4.1 1.08e-02    -  1.00e+00 1.00e+00f  1
iter    objective    inf_pr   inf_du lg(mu)  ||d||  lg(rg) alpha_du alpha_pr  ls
1540  7.0943977e-04 1.66e-06 4.71e-04  -6.1 1.73e-03    -  1.00e+00 1.00e+00h  1
1541  7.0891793e-04 1.15e-06 2.45e-04  -6.1 1.31e-03    -  1.00e+00 1.00e+00h  1
1542  7.0722004e-04 4.79e-07 4.26e-04  -6.1 9.28e-04    -  1.00e+00 1.00e+00h  1
1543  9.3971465e-04 5.04e-03 6.02e-01  -4.0 9.32e-02    -  1.00e+00 1.00e+00f  1
1544  7.6213864e-04 1.31e-03 1.50e-01  -4.1 4.65e-02    -  1.00e+00 1.00e+00h  1
1545  7.3041771e-04 3.29e-04 3.71e-02  -4.1 2.36e-02    -  1.00e+00 1.00e+00h  1
1546  7.1619729e-04 9.95e-05 8.24e-03  -4.1 1.30e-02    -  1.00e+00 1.00e+00h  1
1547  7.0911683e-04 3.27e-05 3.05e-03  -4.1 7.66e-03    -  1.00e+00 1.00e+00h  1
1548  7.1211026e-04 6.24e-06 3.73e-03  -4.1 3.32e-03    -  1.00e+00 1.00e+00h  1
1549  7.1050365e-04 1.57e-06 2.21e-03  -4.1 1.70e-03    -  1.00e+00 1.00e+00h  1
iter    objective    inf_pr   inf_du lg(mu)  ||d||  lg(rg) alpha_du alpha_pr  ls
1550  7.1102976e-04 2.10e-07 2.27e-04  -4.1 5.97e-04    -  1.00e+00 1.00e+00h  1
1551  7.1080384e-04 3.50e-08 1.05e-03  -6.1 2.50e-04    -  1.00e+00 1.00e+00h  1
1552  7.2695275e-04 5.08e-05 8.82e-01  -4.0 1.48e-01    -  1.00e+00 6.25e-02h  5
1553  7.1319994e-04 3.01e-05 1.65e-03  -4.1 6.86e-03    -  1.00e+00 1.00e+00h  1
1554  7.2982384e-04 4.48e-04 6.34e-02  -4.1 3.21e-02    -  1.00e+00 1.00e+00h  1
1555  7.0619904e-04 1.15e-04 1.54e-02  -4.1 1.72e-02    -  1.00e+00 1.00e+00h  1
1556  7.7949387e-04 1.11e-04 2.29e-03  -4.1 1.26e-02    -  1.00e+00 1.00e+00h  1
1557  7.3336016e-04 1.78e-06 4.19e-03  -4.1 2.20e-03    -  1.00e+00 1.00e+00h  1
1558  7.1561960e-04 9.69e-06 1.70e-01  -4.1 7.45e-03    -  1.00e+00 5.00e-01h  2
1559  7.1371726e-04 3.13e-06 5.11e-03  -4.1 3.00e-03    -  1.00e+00 1.00e+00h  1
iter    objective    inf_pr   inf_du lg(mu)  ||d||  lg(rg) alpha_du alpha_pr  ls
1560  7.1071301e-04 9.72e-07 8.61e-04  -4.1 1.58e-03    -  1.00e+00 1.00e+00h  1
1561  7.1095267e-04 6.06e-08 5.88e-04  -4.1 2.67e-04    -  1.00e+00 1.00e+00h  1
1562  7.1062999e-04 5.96e-08 1.08e-03  -6.1 2.94e-04    -  1.00e+00 1.00e+00h  1
1563  7.2031311e-04 3.24e-05 3.55e-02  -4.0 6.63e-03    -  1.00e+00 1.00e+00h  1
1564  7.1328554e-04 1.15e-05 8.98e-03  -4.1 3.88e-03    -  1.00e+00 1.00e+00h  1
1565  7.1215283e-04 8.50e-06 2.69e-03  -4.1 3.04e-03    -  1.00e+00 1.00e+00h  1
1566  7.1181571e-04 1.17e-06 3.72e-03  -4.1 1.30e-03    -  1.00e+00 1.00e+00h  1
1567  7.1097801e-04 3.46e-07 8.98e-04  -4.1 8.31e-04    -  1.00e+00 1.00e+00h  1
1568  7.1082323e-04 1.62e-08 2.19e-04  -4.1 1.49e-04    -  1.00e+00 1.00e+00h  1
1569  7.1090405e-04 1.57e-08 3.16e-04  -4.0 1.56e-04    -  1.00e+00 1.00e+00h  1
iter    objective    inf_pr   inf_du lg(mu)  ||d||  lg(rg) alpha_du alpha_pr  ls
1570  7.1085300e-04 8.83e-09 4.83e-04  -4.1 1.21e-04    -  1.00e+00 1.00e+00h  1
1571  7.1057581e-04 5.25e-08 1.05e-03  -6.1 2.76e-04    -  1.00e+00 1.00e+00h  1
1572  7.1023609e-04 1.76e-05 4.68e-03  -6.1 4.18e-02    -  1.00e+00 1.25e-01h  4
1573  7.0715278e-04 1.75e-05 2.43e-02  -6.1 1.07e-02    -  1.00e+00 2.25e-01h  2
1574  7.0937932e-04 1.76e-05 5.11e-03  -6.1 7.37e-03    -  1.00e+00 2.50e-01h  3
1575  7.0582337e-04 2.34e-07 2.12e-04  -6.1 8.21e-04    -  1.00e+00 1.00e+00h  1
1576  1.1559646e-03 1.36e-02 4.03e-01  -4.0 1.47e-01    -  1.00e+00 1.00e+00f  1
1577  8.0892609e-04 4.70e-03 9.35e-02  -4.1 8.18e-02    -  1.00e+00 1.00e+00h  1
1578  2.2308987e-03 8.91e-04 3.71e-02  -4.1 3.75e-02    -  1.00e+00 1.00e+00h  1
1579  7.3387439e-04 2.97e-04 2.19e-02  -4.1 2.06e-02    -  1.00e+00 1.00e+00h  1
iter    objective    inf_pr   inf_du lg(mu)  ||d||  lg(rg) alpha_du alpha_pr  ls
1580  7.1376093e-04 1.39e-04 2.99e-03  -4.1 1.46e-02    -  1.00e+00 1.00e+00h  1
1581  7.7247544e-04 1.06e-04 1.82e-01  -4.1 3.36e-02    -  1.00e+00 5.58e-01H  1
1582  1.3731361e-03 1.55e-04 4.92e-02  -4.1 1.37e-02    -  1.00e+00 1.00e+00F  1
1583  7.1225236e-04 1.94e-04 8.14e-03  -4.1 1.95e-02    -  1.00e+00 1.00e+00H  1
1584  7.1598920e-04 3.56e-05 1.40e-02  -4.1 6.51e-03    -  1.00e+00 1.00e+00h  1
1585  7.1236503e-04 1.62e-05 2.72e-03  -4.1 5.39e-03    -  1.00e+00 1.00e+00h  1
1586  7.1186224e-04 6.57e-07 2.12e-03  -4.1 8.97e-04    -  1.00e+00 1.00e+00h  1
1587  7.1213942e-04 1.89e-07 4.79e-04  -4.1 3.97e-04    -  1.00e+00 1.00e+00h  1
1588  7.1176732e-04 7.64e-08 9.26e-04  -6.1 3.39e-04    -  1.00e+00 1.00e+00h  1
1589  7.1027366e-04 2.11e-04 9.53e-04  -6.1 1.75e-02    -  1.00e+00 1.00e+00h  1
iter    objective    inf_pr   inf_du lg(mu)  ||d||  lg(rg) alpha_du alpha_pr  ls
1590  7.0637993e-04 1.16e-04 5.21e-03  -6.1 7.74e-03    -  1.00e+00 5.00e-01h  2
1591  7.0595512e-04 2.65e-05 5.12e-04  -6.1 6.32e-03    -  1.00e+00 1.00e+00h  1
1592  7.0699993e-04 1.26e-06 4.80e-04  -6.1 1.62e-03    -  1.00e+00 1.00e+00h  1
1593  7.0641508e-04 1.46e-07 7.05e-05  -6.1 4.70e-04    -  1.00e+00 1.00e+00h  1
1594  8.7154125e-04 2.80e-03 2.74e-01  -4.0 1.26e-01    -  1.00e+00 5.00e-01f  2
1595  7.5038473e-04 7.98e-04 2.58e-02  -4.1 3.33e-02    -  1.00e+00 1.00e+00h  1
1596  7.1628578e-04 2.55e-04 4.74e-03  -4.1 1.93e-02    -  1.00e+00 1.00e+00h  1
1597  7.6089721e-04 6.47e-05 4.86e-03  -4.1 9.91e-03    -  1.00e+00 1.00e+00h  1
1598  7.1413964e-04 5.03e-05 7.88e-03  -4.1 8.54e-03    -  1.00e+00 1.00e+00h  1
1599  7.1231581e-04 3.33e-05 8.65e-03  -4.1 6.93e-03    -  1.00e+00 1.00e+00h  1
iter    objective    inf_pr   inf_du lg(mu)  ||d||  lg(rg) alpha_du alpha_pr  ls
1600  7.1159592e-04 1.23e-05 2.81e-03  -4.1 4.22e-03    -  1.00e+00 1.00e+00h  1
1601  7.1063111e-04 6.90e-07 1.04e-03  -4.1 1.01e-03    -  1.00e+00 1.00e+00h  1
1602  7.1086076e-04 5.68e-08 1.64e-04  -4.1 2.82e-04    -  1.00e+00 1.00e+00h  1
1603  7.1061553e-04 4.73e-08 1.09e-03  -6.1 2.62e-04    -  1.00e+00 1.00e+00h  1
1604  7.2213791e-04 3.26e-05 8.60e-01  -4.0 5.37e-02    -  1.00e+00 1.25e-01h  4
1605  7.1100805e-04 2.83e-05 1.17e-03  -4.1 6.32e-03    -  1.00e+00 1.00e+00h  1
1606  7.1121958e-04 8.39e-06 7.98e-03  -4.1 3.27e-03    -  1.00e+00 1.00e+00h  1
1607  7.1189829e-04 1.29e-05 4.11e-03  -4.1 4.11e-03    -  1.00e+00 1.00e+00h  1
1608  7.1091151e-04 1.42e-06 1.70e-03  -4.1 1.44e-03    -  1.00e+00 1.00e+00h  1
1609  7.1080603e-04 1.53e-07 9.40e-04  -4.1 4.06e-04    -  1.00e+00 1.00e+00h  1
iter    objective    inf_pr   inf_du lg(mu)  ||d||  lg(rg) alpha_du alpha_pr  ls
1610  7.1086034e-04 1.66e-08 3.89e-04  -4.1 1.75e-04    -  1.00e+00 1.00e+00h  1
1611  7.1057108e-04 6.65e-08 1.14e-03  -6.1 3.04e-04    -  1.00e+00 1.00e+00h  1
1612  7.2342402e-04 4.40e-05 8.58e-01  -4.0 6.36e-02    -  1.00e+00 1.25e-01h  4
1613  7.1222747e-04 2.97e-05 1.74e-03  -4.1 6.55e-03    -  1.00e+00 1.00e+00h  1
1614  7.1188573e-04 2.00e-06 2.75e-01  -4.1 1.30e-02    -  1.00e+00 4.80e-01H  1
1615  7.0903311e-04 1.32e-05 2.53e-03  -4.1 4.35e-03    -  1.00e+00 1.00e+00f  1
1616  7.1604144e-04 2.10e-05 1.14e-02  -4.1 5.39e-03    -  1.00e+00 1.00e+00h  1
1617  7.1062268e-04 9.37e-06 7.89e-04  -4.1 3.55e-03    -  1.00e+00 1.00e+00h  1
1618  7.1034496e-04 6.49e-08 6.25e-04  -6.1 3.01e-04    -  1.00e+00 1.00e+00h  1
1619  7.1242176e-04 3.15e-06 7.93e-03  -4.0 1.95e-03    -  1.00e+00 1.00e+00h  1
iter    objective    inf_pr   inf_du lg(mu)  ||d||  lg(rg) alpha_du alpha_pr  ls
1620  7.1110304e-04 1.11e-06 1.58e-03  -4.1 1.10e-03    -  1.00e+00 1.00e+00h  1
1621  7.1075945e-04 1.09e-07 8.08e-04  -4.1 3.77e-04    -  1.00e+00 1.00e+00h  1
1622  7.1075818e-04 1.51e-08 5.09e-04  -4.1 1.43e-04    -  1.00e+00 1.00e+00h  1
1623  7.1084557e-04 8.30e-09 1.35e-04  -4.0 8.47e-05    -  1.00e+00 1.00e+00h  1
1624  7.1079759e-04 1.43e-09 9.51e-05  -4.1 4.79e-05    -  1.00e+00 1.00e+00h  1
1625  7.1078439e-04 7.56e-09 3.96e-04  -4.0 9.14e-05    -  1.00e+00 1.00e+00h  1
1626  7.1173275e-04 5.30e-11 6.71e-03  -4.1 1.87e-03    -  1.00e+00 1.00e+00H  1
1627  7.1055581e-04 3.77e-07 5.21e-03  -4.1 9.01e-04    -  1.00e+00 1.00e+00h  1
1628  7.1054857e-04 1.92e-07 2.42e-03  -4.1 3.42e-04    -  1.00e+00 5.00e-01h  2
1629  7.1056764e-04 1.62e-08 1.98e-04  -4.1 1.09e-04    -  1.00e+00 1.00e+00h  1
iter    objective    inf_pr   inf_du lg(mu)  ||d||  lg(rg) alpha_du alpha_pr  ls
1630  7.1060863e-04 7.52e-09 4.35e-04  -4.0 7.63e-05    -  1.00e+00 1.00e+00h  1
1631  7.1061346e-04 9.37e-13 1.41e-04  -4.0 6.19e-05    -  1.00e+00 1.00e+00H  1
1632  7.1056265e-04 4.05e-09 3.30e-04  -4.0 6.77e-05    -  1.00e+00 1.00e+00h  1
1633  7.1050782e-04 4.26e-07 2.09e-03  -4.0 4.89e-04    -  1.00e+00 1.00e+00h  1
1634  7.1544154e-04 5.24e-08 1.17e-02  -4.1 3.02e-03    -  1.00e+00 1.00e+00H  1
1635  7.1125502e-04 1.84e-08 5.92e-03  -4.1 1.57e-03    -  1.00e+00 1.00e+00H  1
1636  7.1494459e-04 2.29e-10 1.15e-02  -4.1 3.20e-03    -  1.00e+00 1.00e+00H  1
1637  7.1782595e-04 2.24e-11 1.48e-02  -4.1 1.34e-03    -  1.00e+00 1.00e+00H  1
1638  7.1043233e-04 6.35e-06 2.10e-03  -4.1 2.94e-03    -  1.00e+00 1.00e+00h  1
1639  7.1069639e-04 1.17e-06 3.26e-03  -4.1 9.18e-04    -  1.00e+00 1.00e+00h  1
iter    objective    inf_pr   inf_du lg(mu)  ||d||  lg(rg) alpha_du alpha_pr  ls
1640  7.1040154e-04 3.95e-07 1.06e-03  -4.1 7.48e-04    -  1.00e+00 1.00e+00h  1
1641  7.1044582e-04 6.98e-08 5.66e-04  -4.1 2.05e-04    -  1.00e+00 1.00e+00h  1
1642  7.1028207e-04 9.40e-07 6.74e-01  -6.1 5.72e-03    -  1.00e+00 1.25e-01h  4
1643  7.1020530e-04 5.05e-07 3.48e-01  -6.1 3.82e-04    -  1.00e+00 5.00e-01h  2
1644  7.0972283e-04 9.18e-07 1.50e-03  -6.1 7.51e-04    -  1.00e+00 1.00e+00h  1
1645  7.2926474e-04 2.41e-08 9.31e-04  -6.1 7.90e-03    -  1.00e+00 1.00e+00H  1
1646  7.0859231e-04 6.74e-05 1.03e-03  -6.1 6.66e-03    -  1.00e+00 1.00e+00h  1
1647  7.0820278e-04 2.02e-06 8.74e-04  -6.1 1.36e-03    -  1.00e+00 1.00e+00h  1
1648  7.0592274e-04 8.86e-06 6.16e-04  -6.1 2.74e-03    -  1.00e+00 1.00e+00h  1
1649  7.0434237e-04 3.20e-05 8.31e-04  -6.1 6.41e-03    -  1.00e+00 1.00e+00h  1
iter    objective    inf_pr   inf_du lg(mu)  ||d||  lg(rg) alpha_du alpha_pr  ls
1650  8.2891440e-04 1.13e-03 1.21e-01  -4.0 1.12e-01    -  1.00e+00 2.50e-01h  3
1651  8.8946512e-04 5.05e-04 8.18e-03  -4.1 3.21e-02    -  1.00e+00 1.00e+00h  1
1652  7.8011910e-04 2.20e-03 3.06e-02  -4.1 6.46e-02    -  1.00e+00 5.00e-01h  2
1653  1.3968950e-03 1.60e-03 9.39e-03  -4.1 4.40e-02    -  1.00e+00 1.00e+00h  1
1654  7.1874885e-04 1.38e-03 2.55e-03  -4.1 3.17e-02    -  1.00e+00 1.00e+00h  1
1655  7.4777270e-04 6.32e-04 6.11e-03  -4.1 3.24e-02    -  1.00e+00 1.00e+00h  1
1656  8.9416840e-04 2.06e-04 2.63e-03  -4.1 1.99e-02    -  1.00e+00 1.00e+00h  1
1657  7.2046222e-04 2.07e-04 8.78e-03  -4.1 1.22e-02    -  1.00e+00 1.00e+00h  1
1658  7.1637172e-04 1.74e-04 6.13e-03  -4.1 1.83e-02    -  1.00e+00 1.00e+00h  1
1659  8.1807929e-04 1.24e-04 1.30e-02  -4.1 1.45e-02    -  1.00e+00 1.00e+00h  1
iter    objective    inf_pr   inf_du lg(mu)  ||d||  lg(rg) alpha_du alpha_pr  ls
1660  7.2168419e-04 1.53e-04 1.05e-02  -4.1 1.28e-02    -  1.00e+00 1.00e+00h  1
1661  7.0748109e-04 9.03e-05 5.12e-03  -4.1 1.24e-02    -  1.00e+00 1.00e+00h  1
1662  7.1558287e-04 6.11e-05 1.21e-02  -4.1 1.00e-02    -  1.00e+00 1.00e+00h  1
1663  7.1040833e-04 5.92e-05 7.73e-03  -4.1 7.27e-03    -  1.00e+00 1.00e+00h  1
1664  7.0995391e-04 2.25e-05 5.74e-03  -4.1 6.47e-03    -  1.00e+00 1.00e+00h  1
1665  7.1123743e-04 5.59e-06 3.05e-03  -4.1 3.43e-03    -  1.00e+00 1.00e+00h  1
1666  7.0964348e-04 1.80e-06 3.19e-03  -4.1 1.57e-03    -  1.00e+00 1.00e+00h  1
1667  7.1036347e-04 8.37e-07 1.26e-03  -4.1 9.68e-04    -  1.00e+00 1.00e+00h  1
1668  7.1026575e-04 1.29e-07 2.00e-04  -4.1 4.54e-04    -  1.00e+00 1.00e+00h  1
1669  7.0996765e-04 7.19e-08 1.27e-03  -6.1 3.18e-04    -  1.00e+00 1.00e+00h  1
iter    objective    inf_pr   inf_du lg(mu)  ||d||  lg(rg) alpha_du alpha_pr  ls
1670  7.2348446e-04 3.39e-05 8.96e-01  -4.0 1.20e-01    -  1.00e+00 6.25e-02h  5
1671  7.1088245e-04 2.76e-05 1.30e-03  -4.1 6.79e-03    -  1.00e+00 1.00e+00h  1
1672  7.0978432e-04 1.59e-05 3.86e-01  -4.1 1.71e-02    -  1.00e+00 2.68e-01H  1
1673  7.1021997e-04 1.11e-05 5.70e-04  -4.1 4.34e-03    -  1.00e+00 1.00e+00f  1
1674  7.1600361e-04 2.57e-06 2.63e-04  -6.1 1.80e-03    -  1.00e+00 1.00e+00h  1
1675  7.0827295e-04 5.38e-08 9.23e-04  -6.1 3.63e-04    -  1.00e+00 1.00e+00h  1
1676  7.2712360e-04 1.35e-04 8.30e-02  -4.0 1.51e-02    -  1.00e+00 1.00e+00h  1
1677  7.1536276e-04 3.52e-05 2.02e-02  -4.1 7.69e-03    -  1.00e+00 1.00e+00h  1
1678  7.1139100e-04 1.30e-05 2.65e-03  -4.1 4.59e-03    -  1.00e+00 1.00e+00h  1
1679  7.1196787e-04 7.57e-07 2.25e-03  -4.1 1.07e-03    -  1.00e+00 1.00e+00h  1
iter    objective    inf_pr   inf_du lg(mu)  ||d||  lg(rg) alpha_du alpha_pr  ls
1680  7.1021263e-04 1.80e-07 3.21e-04  -4.1 4.71e-04    -  1.00e+00 1.00e+00h  1
1681  7.0991392e-04 7.39e-08 1.12e-03  -6.1 3.28e-04    -  1.00e+00 1.00e+00h  1
1682  7.1625545e-04 7.56e-06 9.10e-01  -4.0 5.07e-02    -  1.00e+00 6.25e-02h  5
1683  7.0732115e-04 3.19e-05 5.69e-04  -4.1 7.08e-03    -  1.00e+00 1.00e+00h  1
1684  7.3184698e-04 2.72e-05 1.88e-03  -6.1 6.66e-03    -  1.00e+00 1.00e+00h  1
1685  7.0540113e-04 1.75e-05 6.09e-04  -6.1 5.46e-03    -  1.00e+00 1.00e+00h  1
1686  8.9767843e-04 4.81e-03 4.13e-01  -4.0 8.57e-02    -  1.00e+00 1.00e+00h  1
1687  7.6165932e-04 1.20e-03 1.06e-01  -4.1 4.22e-02    -  1.00e+00 1.00e+00h  1
1688  7.9459276e-04 4.73e-04 2.55e-02  -4.1 2.44e-02    -  1.00e+00 1.00e+00h  1
1689  1.0060803e-03 2.74e-04 2.40e-03  -4.1 1.77e-02    -  1.00e+00 1.00e+00h  1
iter    objective    inf_pr   inf_du lg(mu)  ||d||  lg(rg) alpha_du alpha_pr  ls
1690  7.1424240e-04 1.38e-04 1.18e-02  -4.1 1.30e-02    -  1.00e+00 1.00e+00h  1
1691  7.1269716e-04 5.06e-05 9.51e-03  -4.1 9.06e-03    -  1.00e+00 1.00e+00h  1
1692  7.1010564e-04 2.85e-05 7.74e-03  -4.1 6.91e-03    -  1.00e+00 1.00e+00h  1
1693  7.1164383e-04 9.60e-06 3.58e-03  -4.1 3.80e-03    -  1.00e+00 1.00e+00h  1
1694  7.1037166e-04 8.00e-07 9.09e-04  -4.1 1.12e-03    -  1.00e+00 1.00e+00h  1
1695  7.1049006e-04 3.52e-08 3.11e-04  -4.1 1.68e-04    -  1.00e+00 1.00e+00h  1
1696  7.1048670e-04 1.04e-08 2.77e-04  -4.0 8.61e-05    -  1.00e+00 1.00e+00h  1
1697  7.1049194e-04 2.45e-07 1.13e-03  -4.0 3.70e-04    -  1.00e+00 1.00e+00h  1
1698  7.1011667e-04 1.25e-06 3.30e-03  -4.1 8.73e-04    -  1.00e+00 1.00e+00h  1
1699  7.1033002e-04 2.34e-07 1.18e-03  -4.1 5.31e-04    -  1.00e+00 1.00e+00h  1
iter    objective    inf_pr   inf_du lg(mu)  ||d||  lg(rg) alpha_du alpha_pr  ls
1700  7.1039380e-04 2.93e-07 8.02e-04  -4.1 4.50e-04    -  1.00e+00 1.00e+00h  1
1701  7.1024655e-04 1.81e-07 2.07e-04  -4.1 3.15e-04    -  1.00e+00 1.00e+00h  1
1702  7.1018863e-04 8.52e-07 6.25e-04  -6.1 6.76e-04    -  1.00e+00 1.00e+00h  1
1703  7.0906088e-04 4.65e-06 8.76e-04  -6.1 1.54e-03    -  1.00e+00 1.00e+00h  1
1704  7.0521239e-04 2.65e-05 1.97e-03  -6.1 5.81e-03    -  1.00e+00 1.00e+00h  1
1705  1.0188077e-03 6.13e-03 1.84e-01  -4.0 1.81e-01    -  1.00e+00 5.00e-01f  2
1706  7.6379113e-04 1.87e-03 2.44e-02  -4.1 4.74e-02    -  1.00e+00 1.00e+00h  1
1707  7.3902527e-04 5.49e-04 6.31e-03  -4.1 2.81e-02    -  1.00e+00 1.00e+00h  1
1708  7.2474411e-04 3.35e-04 6.10e-03  -4.1 1.44e-02    -  1.00e+00 1.00e+00h  1
1709  7.5011133e-04 3.27e-04 2.42e-02  -4.1 2.83e-02    -  1.00e+00 1.00e+00H  1
iter    objective    inf_pr   inf_du lg(mu)  ||d||  lg(rg) alpha_du alpha_pr  ls
1710  7.7934426e-04 2.25e-04 7.40e-03  -4.1 1.78e-02    -  1.00e+00 1.00e+00h  1
1711  7.5422477e-04 1.38e-04 9.19e-02  -4.1 2.54e-02    -  1.00e+00 6.74e-01H  1
1712  7.7369264e-04 1.51e-04 1.14e-02  -4.1 1.42e-02    -  1.00e+00 1.00e+00f  1
1713  7.1874555e-04 9.03e-05 4.16e-03  -4.1 1.02e-02    -  1.00e+00 1.00e+00h  1
1714  7.1129112e-04 1.35e-05 4.34e-03  -4.1 2.74e-03    -  1.00e+00 1.00e+00h  1
1715  7.1243079e-04 2.58e-05 1.69e-02  -4.1 6.10e-03    -  1.00e+00 1.00e+00h  1
1716  7.1030112e-04 1.18e-05 1.49e-03  -4.1 3.66e-03    -  1.00e+00 1.00e+00h  1
1717  7.1017225e-04 4.33e-07 7.37e-04  -4.1 8.69e-04    -  1.00e+00 1.00e+00h  1
1718  7.0967873e-04 2.43e-07 4.02e-04  -6.1 6.26e-04    -  1.00e+00 1.00e+00h  1
1719  7.0827532e-04 2.11e-05 5.43e-03  -6.1 2.37e-02    -  1.00e+00 2.50e-01h  3
iter    objective    inf_pr   inf_du lg(mu)  ||d||  lg(rg) alpha_du alpha_pr  ls
1720  7.0774754e-04 5.29e-07 4.72e-04  -6.1 8.58e-04    -  1.00e+00 1.00e+00h  1
1721  7.0564952e-04 2.11e-07 3.62e-04  -6.1 4.30e-04    -  1.00e+00 1.00e+00h  1
1722  9.5104585e-04 1.01e-02 4.12e-01  -4.0 1.27e-01    -  1.00e+00 1.00e+00f  1
1723  7.8741315e-04 2.72e-03 1.04e-01  -4.1 6.32e-02    -  1.00e+00 1.00e+00h  1
1724  7.3689687e-04 6.84e-04 2.56e-02  -4.1 3.25e-02    -  1.00e+00 1.00e+00h  1
1725  7.3496204e-04 2.20e-04 5.14e-03  -4.1 1.90e-02    -  1.00e+00 1.00e+00h  1
1726  8.5129292e-04 1.67e-04 4.36e-02  -4.1 2.27e-02    -  1.00e+00 7.19e-01H  1
1727  7.0765897e-04 8.61e-05 5.34e-03  -4.1 1.16e-02    -  1.00e+00 1.00e+00f  1
1728  7.1508763e-04 6.52e-05 7.85e-03  -4.1 1.02e-02    -  1.00e+00 1.00e+00h  1
1729  7.0886136e-04 2.52e-05 4.11e-03  -4.1 6.42e-03    -  1.00e+00 1.00e+00h  1
iter    objective    inf_pr   inf_du lg(mu)  ||d||  lg(rg) alpha_du alpha_pr  ls
1730  7.1111295e-04 5.41e-06 3.49e-03  -4.1 2.97e-03    -  1.00e+00 1.00e+00h  1
1731  7.1011588e-04 9.06e-07 1.22e-03  -4.1 1.22e-03    -  1.00e+00 1.00e+00h  1
1732  7.1031161e-04 5.51e-08 9.66e-05  -4.1 2.96e-04    -  1.00e+00 1.00e+00h  1
1733  7.1035322e-04 3.59e-09 1.53e-04  -4.0 5.66e-05    -  1.00e+00 1.00e+00h  1
1734  7.1036501e-04 2.47e-08 5.44e-04  -4.0 1.21e-04    -  1.00e+00 1.00e+00h  1
1735  7.1030863e-04 2.02e-07 1.87e-03  -4.1 4.88e-04    -  1.00e+00 1.00e+00h  1
1736  7.1028730e-04 7.61e-08 2.20e-03  -4.1 3.33e-04    -  1.00e+00 1.00e+00h  1
1737  7.1029106e-04 2.14e-11 4.15e-04  -4.0 2.68e-04    -  1.00e+00 1.00e+00H  1
1738  7.1028726e-04 9.66e-09 4.67e-04  -4.0 1.47e-04    -  1.00e+00 1.00e+00h  1
1739  7.1027365e-04 7.03e-07 5.09e-03  -4.1 1.19e-03    -  1.00e+00 1.00e+00h  1
iter    objective    inf_pr   inf_du lg(mu)  ||d||  lg(rg) alpha_du alpha_pr  ls
1740  7.1004594e-04 6.35e-07 1.39e-02  -4.1 2.03e-03    -  1.00e+00 1.25e-01h  4
1741  7.1018582e-04 2.05e-07 6.49e-04  -4.1 6.62e-04    -  1.00e+00 1.00e+00h  1
1742  7.0994462e-04 1.47e-06 8.40e-04  -6.1 1.21e-03    -  1.00e+00 1.00e+00h  1
1743  7.0947843e-04 2.19e-06 3.38e-03  -6.1 1.56e-03    -  1.00e+00 1.00e+00h  1
1744  7.0892892e-04 3.39e-05 4.27e-03  -6.1 1.33e-02    -  1.00e+00 5.00e-01h  2
1745  7.0698215e-04 2.48e-05 1.73e-02  -6.1 1.69e-02    -  1.00e+00 2.10e-01h  3
1746  7.0659162e-04 2.46e-05 6.27e-03  -6.1 2.77e-02    -  1.00e+00 1.25e-01h  4
1747  7.0534656e-04 4.27e-06 2.25e-03  -6.1 2.19e-03    -  1.00e+00 1.00e+00h  1
1748  1.0544392e-03 1.26e-02 6.97e-01  -4.0 1.48e-01    -  1.00e+00 1.00e+00f  1
1749  8.1425727e-04 3.56e-03 1.71e-01  -4.1 7.31e-02    -  1.00e+00 1.00e+00h  1
iter    objective    inf_pr   inf_du lg(mu)  ||d||  lg(rg) alpha_du alpha_pr  ls
1750  8.3658110e-04 2.57e-03 5.56e-02  -4.1 5.19e-02    -  1.00e+00 1.00e+00h  1
1751  7.9478805e-04 1.02e-03 5.20e-03  -4.1 2.66e-02    -  1.00e+00 1.00e+00h  1
1752  7.3704093e-04 1.03e-03 1.80e-02  -4.1 5.47e-02    -  1.00e+00 5.00e-01h  2
1753  1.1709217e-03 2.58e-04 8.19e-02  -4.1 4.71e-02    -  1.00e+00 2.81e-01H  1
1754  7.2151190e-04 2.75e-04 6.74e-04  -4.1 1.42e-02    -  1.00e+00 1.00e+00f  1
1755  7.6379956e-04 3.27e-06 1.46e-03  -6.1 2.61e-03    -  1.00e+00 1.00e+00h  1
1756  7.1040686e-04 2.54e-06 6.57e-04  -6.1 1.70e-03    -  1.00e+00 1.00e+00h  1
1757  7.1003717e-04 9.22e-08 1.21e-04  -6.1 4.24e-04    -  1.00e+00 1.00e+00h  1
1758  7.0714395e-04 4.87e-06 1.07e-02  -6.1 7.18e-03    -  1.00e+00 3.27e-01h  2
1759  7.1696654e-04 5.54e-09 1.10e-03  -6.1 5.24e-03    -  1.00e+00 1.00e+00H  1
iter    objective    inf_pr   inf_du lg(mu)  ||d||  lg(rg) alpha_du alpha_pr  ls
1760  7.0613007e-04 8.24e-06 1.90e-04  -6.1 3.69e-03    -  1.00e+00 1.00e+00h  1
1761  7.0614706e-04 1.29e-07 4.36e-05  -6.1 3.62e-04    -  1.00e+00 1.00e+00h  1
1762  9.2045035e-04 4.99e-04 1.97e-01  -4.0 1.26e-01    -  1.00e+00 2.50e-01f  3
1763  7.3902055e-04 4.02e-04 5.46e-03  -4.1 1.84e-02    -  1.00e+00 1.00e+00h  1
1764  7.1199537e-04 2.36e-04 1.91e-02  -4.1 3.54e-02    -  1.00e+00 5.00e-01h  2
1765  7.2091474e-04 7.65e-05 1.81e-03  -4.1 1.09e-02    -  1.00e+00 1.00e+00h  1
1766  7.2039153e-04 2.66e-05 7.56e-03  -4.1 5.62e-03    -  1.00e+00 1.00e+00h  1
1767  7.1428620e-04 2.07e-05 3.13e-02  -4.1 1.23e-02    -  1.00e+00 5.00e-01h  2
1768  7.1389421e-04 7.79e-06 1.24e-02  -4.1 4.81e-03    -  1.00e+00 1.00e+00H  1
1769  7.1159606e-04 1.31e-05 6.45e-03  -4.1 4.27e-03    -  1.00e+00 1.00e+00h  1
iter    objective    inf_pr   inf_du lg(mu)  ||d||  lg(rg) alpha_du alpha_pr  ls
1770  7.1014830e-04 2.82e-06 4.19e-03  -4.1 1.64e-03    -  1.00e+00 1.00e+00h  1
1771  7.1075204e-04 4.20e-07 8.68e-04  -4.1 9.00e-04    -  1.00e+00 1.00e+00h  1
1772  7.1057244e-04 3.58e-08 2.50e-04  -4.1 1.82e-04    -  1.00e+00 1.00e+00h  1
1773  7.1032323e-04 3.70e-08 1.07e-03  -6.1 2.82e-04    -  1.00e+00 1.00e+00h  1
1774  7.0057419e-04 4.51e-04 2.17e-03  -6.1 3.35e-02    -  1.00e+00 1.00e+00h  1
1775  6.9769996e-04 3.46e-04 2.66e-03  -6.1 1.69e-02    -  1.00e+00 2.50e-01h  3
1776  7.7373657e-04 1.46e-03 3.78e-03  -4.0 6.00e-02    -  1.00e+00 1.00e+00h  1
1777  7.8447565e-04 3.68e-04 1.02e-03  -4.1 3.51e-02    -  1.00e+00 1.00e+00h  1
1778  6.9601896e-04 1.04e-04 3.24e-02  -4.1 4.30e-02    -  1.00e+00 4.80e-01H  1
1779  7.2002136e-04 1.78e-04 1.86e-03  -4.0 2.28e-02    -  1.00e+00 1.00e+00f  1
iter    objective    inf_pr   inf_du lg(mu)  ||d||  lg(rg) alpha_du alpha_pr  ls
1780  8.3356104e-04 6.06e-05 4.71e-03  -4.1 1.20e-02    -  1.00e+00 1.00e+00h  1
1781  7.1941208e-04 1.46e-04 1.05e-02  -4.1 1.84e-02    -  1.00e+00 1.00e+00h  1
1782  7.2122553e-04 1.04e-04 2.45e-02  -4.1 1.88e-02    -  1.00e+00 5.00e-01h  2
1783  7.2078949e-04 3.14e-06 1.63e-03  -4.1 1.86e-03    -  1.00e+00 1.00e+00h  1
1784  7.1493733e-04 2.03e-05 1.94e-02  -4.1 6.56e-03    -  1.00e+00 1.00e+00h  1
1785  7.1236780e-04 7.94e-06 1.74e-03  -4.1 4.62e-03    -  1.00e+00 1.00e+00h  1
1786  7.1066531e-04 1.09e-06 3.78e-03  -4.1 1.07e-03    -  1.00e+00 1.00e+00h  1
1787  7.1039455e-04 4.65e-07 1.34e-03  -4.1 7.36e-04    -  1.00e+00 1.00e+00h  1
1788  7.1037511e-04 8.04e-09 2.43e-04  -4.1 1.24e-04    -  1.00e+00 1.00e+00h  1
1789  7.0999745e-04 7.44e-08 1.22e-03  -6.1 3.86e-04    -  1.00e+00 1.00e+00h  1
iter    objective    inf_pr   inf_du lg(mu)  ||d||  lg(rg) alpha_du alpha_pr  ls
1790  7.0849149e-04 3.82e-05 2.05e-02  -6.1 8.43e-02    -  1.00e+00 1.03e-01h  3
1791  7.0738000e-04 6.19e-06 2.12e-04  -6.1 2.82e-03    -  1.00e+00 1.00e+00h  1
1792  7.0541150e-04 3.74e-07 7.22e-04  -6.1 9.07e-04    -  1.00e+00 1.00e+00h  1
1793  1.0407374e-03 9.20e-03 3.37e-01  -4.0 1.38e-01    -  1.00e+00 1.00e+00f  1
1794  8.0725741e-04 2.23e-03 8.36e-02  -4.1 6.90e-02    -  1.00e+00 1.00e+00h  1
1795  7.5847503e-04 6.06e-04 2.06e-02  -4.1 3.56e-02    -  1.00e+00 1.00e+00h  1
1796  2.4625676e-03 4.62e-04 3.46e-03  -4.1 2.75e-02    -  1.00e+00 1.00e+00h  1
1797  7.2823712e-04 2.01e-04 8.03e-03  -4.1 1.84e-02    -  1.00e+00 1.00e+00h  1
1798  7.1154587e-04 2.52e-04 2.82e-03  -4.1 2.25e-02    -  1.00e+00 1.00e+00h  1
1799  7.1831041e-04 1.71e-05 1.87e-03  -4.1 4.93e-03    -  1.00e+00 1.00e+00h  1
iter    objective    inf_pr   inf_du lg(mu)  ||d||  lg(rg) alpha_du alpha_pr  ls
1800  7.2035512e-04 1.03e-05 9.19e-03  -4.1 3.64e-03    -  1.00e+00 1.00e+00h  1
1801  7.0967734e-04 1.30e-05 9.01e-03  -4.1 4.78e-03    -  1.00e+00 1.00e+00h  1
1802  7.1088274e-04 1.03e-05 1.41e-02  -4.1 4.81e-03    -  1.00e+00 5.00e-01h  2
1803  7.1123323e-04 2.49e-06 3.68e-03  -4.1 1.51e-03    -  1.00e+00 1.00e+00h  1
1804  7.1082767e-04 4.00e-07 8.83e-04  -4.1 5.92e-04    -  1.00e+00 1.00e+00h  1
1805  7.1076925e-04 1.34e-08 4.34e-04  -4.1 1.27e-04    -  1.00e+00 1.00e+00h  1
1806  7.1033117e-04 8.59e-07 8.99e-04  -6.1 1.23e-03    -  1.00e+00 1.00e+00h  1
1807  7.2942093e-04 2.47e-09 9.83e-04  -6.1 7.30e-03    -  1.00e+00 1.00e+00H  1
1808  7.1019790e-04 1.26e-05 1.23e-03  -6.1 5.00e-03    -  1.00e+00 1.00e+00h  1
1809  7.0943945e-04 3.13e-06 3.87e-03  -6.1 2.81e-03    -  1.00e+00 1.00e+00h  1
iter    objective    inf_pr   inf_du lg(mu)  ||d||  lg(rg) alpha_du alpha_pr  ls
1810  7.0658031e-04 1.49e-06 3.40e-04  -6.1 1.52e-03    -  1.00e+00 1.00e+00h  1
1811  7.0518779e-04 1.88e-06 6.92e-04  -6.1 1.76e-03    -  1.00e+00 1.00e+00h  1
1812  8.9698093e-04 1.09e-03 1.47e-01  -4.0 1.43e-01    -  1.00e+00 2.50e-01f  3
1813  7.2255377e-04 4.36e-04 3.92e-03  -4.1 2.19e-02    -  1.00e+00 1.00e+00h  1
1814  7.0713809e-04 3.02e-04 6.91e-03  -4.1 2.17e-02    -  1.00e+00 1.00e+00h  1
1815  7.1323482e-04 1.63e-04 2.39e-03  -4.1 1.60e-02    -  1.00e+00 1.00e+00h  1
1816  7.1855239e-04 8.78e-06 2.16e-03  -4.1 3.63e-03    -  1.00e+00 1.00e+00h  1
1817  7.1401652e-04 1.99e-05 1.49e-02  -4.1 5.40e-03    -  1.00e+00 1.00e+00h  1
1818  7.1435605e-04 1.19e-05 3.46e-03  -4.1 4.15e-03    -  1.00e+00 1.00e+00h  1
1819  7.1039245e-04 3.89e-07 1.95e-03  -4.1 8.28e-04    -  1.00e+00 1.00e+00h  1
iter    objective    inf_pr   inf_du lg(mu)  ||d||  lg(rg) alpha_du alpha_pr  ls
1820  7.1032634e-04 2.88e-07 1.05e-03  -4.1 5.89e-04    -  1.00e+00 1.00e+00h  1
1821  7.1015899e-04 2.70e-08 2.21e-04  -4.1 2.07e-04    -  1.00e+00 1.00e+00h  1
1822  7.1023613e-04 5.44e-09 1.82e-04  -4.0 8.09e-05    -  1.00e+00 1.00e+00h  1
1823  7.1024832e-04 1.74e-09 1.67e-04  -4.0 5.69e-05    -  1.00e+00 1.00e+00h  1
1824  7.1029562e-04 1.86e-07 1.43e-03  -4.0 5.28e-04    -  1.00e+00 1.00e+00h  1
1825  7.1021578e-04 2.31e-08 4.33e-04  -4.1 3.06e-04    -  1.00e+00 1.00e+00h  1
1826  7.1003326e-04 2.79e-08 1.10e-03  -6.1 1.89e-04    -  1.00e+00 1.00e+00h  1
1827  7.3700250e-04 2.87e-04 7.34e-01  -4.0 7.70e-02    -  1.00e+00 2.50e-01h  3
1828  7.2153842e-04 9.14e-05 6.96e-03  -4.1 1.07e-02    -  1.00e+00 1.00e+00h  1
1829  7.5109983e-04 1.01e-04 1.38e-02  -4.1 1.88e-02    -  1.00e+00 5.00e-01h  2
iter    objective    inf_pr   inf_du lg(mu)  ||d||  lg(rg) alpha_du alpha_pr  ls
1830  7.1754205e-04 2.46e-06 3.01e-03  -4.1 2.59e-03    -  1.00e+00 1.00e+00h  1
1831  7.1855619e-04 5.72e-05 2.30e-02  -4.1 8.86e-03    -  1.00e+00 1.00e+00h  1
1832  7.1182555e-04 2.80e-05 4.05e-03  -4.1 6.01e-03    -  1.00e+00 1.00e+00h  1
1833  7.0975767e-04 1.18e-05 1.18e-02  -4.1 4.61e-03    -  1.00e+00 1.00e+00h  1
1834  7.1011553e-04 7.09e-06 2.68e-03  -4.1 3.42e-03    -  1.00e+00 1.00e+00h  1
1835  7.1030234e-04 2.28e-07 6.34e-04  -4.1 4.80e-04    -  1.00e+00 1.00e+00h  1
1836  7.0999438e-04 7.62e-08 9.85e-04  -6.1 3.26e-04    -  1.00e+00 1.00e+00h  1
1837  7.1643250e-04 1.15e-05 9.18e-01  -4.0 1.26e-01    -  1.00e+00 3.12e-02h  6
1838  7.0805953e-04 3.42e-05 7.48e-04  -4.1 6.88e-03    -  1.00e+00 1.00e+00h  1
1839  7.5956618e-04 2.75e-05 2.40e-02  -6.1 2.19e-02    -  1.00e+00 3.07e-01H  1
iter    objective    inf_pr   inf_du lg(mu)  ||d||  lg(rg) alpha_du alpha_pr  ls
1840  7.0502364e-04 4.38e-06 1.55e-04  -6.1 3.03e-03    -  1.00e+00 1.00e+00h  1
1841  8.8299264e-04 7.42e-03 1.50e-01  -4.0 1.04e-01    -  1.00e+00 1.00e+00f  1
1842  7.7913411e-04 2.05e-03 3.74e-02  -4.1 5.24e-02    -  1.00e+00 1.00e+00h  1
1843  2.8614610e-03 4.30e-04 6.48e-03  -4.1 3.10e-02    -  1.00e+00 1.00e+00h  1
1844  8.0902461e-04 8.19e-05 9.72e-03  -4.1 1.02e-02    -  1.00e+00 8.50e-01h  1
1845  7.0866616e-04 2.27e-04 1.06e-03  -4.1 1.62e-02    -  1.00e+00 1.00e+00f  1
1846  7.1302692e-04 1.55e-05 2.24e-03  -4.1 4.01e-03    -  1.00e+00 1.00e+00h  1
1847  7.0996850e-04 1.41e-05 9.57e-03  -4.1 3.64e-03    -  1.00e+00 1.00e+00h  1
1848  7.1041281e-04 7.98e-06 1.73e-03  -4.1 2.46e-03    -  1.00e+00 1.00e+00h  1
1849  7.1055957e-04 1.43e-07 1.03e-03  -4.1 5.01e-04    -  1.00e+00 1.00e+00h  1
iter    objective    inf_pr   inf_du lg(mu)  ||d||  lg(rg) alpha_du alpha_pr  ls
1850  7.1039698e-04 1.99e-07 1.41e-03  -4.1 4.55e-04    -  1.00e+00 1.00e+00h  1
1851  7.1033345e-04 3.94e-08 2.92e-04  -4.1 2.23e-04    -  1.00e+00 1.00e+00h  1
1852  7.1008450e-04 4.54e-08 1.04e-03  -6.1 2.77e-04    -  1.00e+00 1.00e+00h  1
1853  7.0948492e-04 1.94e-06 4.65e-03  -6.1 3.28e-02    -  1.00e+00 6.25e-02h  5
1854  7.0184851e-04 3.30e-05 8.76e-03  -6.1 1.27e-02    -  1.00e+00 6.08e-01h  1
1855  1.5570486e-03 1.90e-03 5.56e-02  -4.0 6.94e-02    -  1.00e+00 1.00e+00f  1
1856  1.0821990e-03 5.13e-04 2.34e-02  -4.1 3.21e-02    -  1.00e+00 1.00e+00h  1
1857  7.2782932e-04 5.07e-04 2.74e-03  -4.1 2.29e-02    -  1.00e+00 1.00e+00h  1
1858  7.1026263e-04 1.40e-05 2.40e-04  -4.1 6.26e-03    -  1.00e+00 1.00e+00h  1
1859  7.1019342e-04 1.64e-06 2.73e-04  -6.1 1.25e-03    -  1.00e+00 1.00e+00h  1
iter    objective    inf_pr   inf_du lg(mu)  ||d||  lg(rg) alpha_du alpha_pr  ls
1860  7.0631224e-04 1.90e-06 2.85e-04  -6.1 2.08e-03    -  1.00e+00 1.00e+00h  1
1861  7.0560556e-04 9.37e-07 7.79e-05  -6.1 9.70e-04    -  1.00e+00 1.00e+00h  1
1862  7.0549082e-04 7.13e-08 3.01e-04  -6.1 3.35e-04    -  1.00e+00 1.00e+00h  1
1863  8.7192085e-04 3.65e-03 2.96e-01  -4.0 8.47e-02    -  1.00e+00 1.00e+00f  1
1864  7.5351679e-04 9.83e-04 7.23e-02  -4.1 4.24e-02    -  1.00e+00 1.00e+00h  1
1865  7.2463300e-04 2.74e-04 1.68e-02  -4.1 2.19e-02    -  1.00e+00 1.00e+00h  1
1866  7.1582325e-04 8.69e-05 2.56e-03  -4.1 1.37e-02    -  1.00e+00 1.00e+00h  1
1867  7.9284391e-04 3.37e-05 8.46e-03  -4.1 7.26e-03    -  1.00e+00 1.00e+00h  1
1868  7.1220579e-04 3.41e-05 4.40e-03  -4.1 7.65e-03    -  1.00e+00 1.00e+00h  1
1869  7.0969727e-04 1.03e-05 5.88e-03  -4.1 4.15e-03    -  1.00e+00 1.00e+00h  1
iter    objective    inf_pr   inf_du lg(mu)  ||d||  lg(rg) alpha_du alpha_pr  ls
1870  7.1095050e-04 4.49e-06 3.40e-03  -4.1 3.12e-03    -  1.00e+00 1.00e+00h  1
1871  7.1018189e-04 2.04e-06 5.64e-03  -4.1 1.32e-03    -  1.00e+00 1.00e+00h  1
1872  7.1013198e-04 9.80e-07 1.49e-03  -4.1 1.20e-03    -  1.00e+00 1.00e+00h  1
1873  7.1029034e-04 3.61e-08 2.20e-04  -4.1 2.69e-04    -  1.00e+00 1.00e+00h  1
1874  7.1005538e-04 3.12e-08 1.15e-03  -6.1 2.61e-04    -  1.00e+00 1.00e+00h  1
1875  7.0182274e-04 8.73e-04 2.89e-02  -6.1 1.85e-01    -  1.00e+00 2.51e-01h  1
1876  7.0168812e-04 5.38e-04 2.66e-03  -6.1 2.27e-02    -  1.00e+00 5.00e-01h  2
1877  7.0424539e-04 3.17e-04 8.76e-03  -6.1 1.92e-02    -  9.98e-01 5.00e-01h  2
1878  9.5596051e-04 3.22e-08 3.24e-03  -6.1 3.34e-02    -  1.00e+00 1.00e+00H  1
1879  7.2206804e-04 1.63e-08 1.89e-03  -6.1 4.95e-03    -  1.00e+00 1.00e+00H  1
iter    objective    inf_pr   inf_du lg(mu)  ||d||  lg(rg) alpha_du alpha_pr  ls
1880  7.2119360e-04 1.50e-08 2.62e-02  -6.1 2.24e-03    -  4.76e-01 6.25e-02h  5
1881  6.9984367e-04 6.60e-04 3.30e-03  -6.1 3.60e-02    -  1.00e+00 1.00e+00h  1
1882  6.9804316e-04 4.08e-04 2.35e-03  -6.1 1.74e-02    -  1.00e+00 4.64e-01h  2
1883  7.0334082e-04 7.74e-05 3.61e-04  -6.1 1.33e-02    -  1.00e+00 1.00e+00h  1
1884  7.0886371e-04 4.18e-05 8.94e-03  -6.1 1.68e-02    -  1.00e+00 4.83e-01h  1
1885  7.0401455e-04 2.27e-05 1.67e-04  -6.1 5.71e-03    -  1.00e+00 1.00e+00h  1
1886  9.0676314e-04 1.44e-03 1.35e-01  -4.0 1.18e-01    -  1.00e+00 5.00e-01h  2
1887  1.1760482e-03 4.68e-04 1.63e-02  -4.1 3.09e-02    -  1.00e+00 1.00e+00h  1
1888  7.5290882e-04 3.77e-04 9.92e-04  -4.1 2.96e-02    -  1.00e+00 1.00e+00h  1
1889  7.1182052e-04 5.49e-05 1.60e-03  -4.1 1.05e-02    -  1.00e+00 1.00e+00h  1
iter    objective    inf_pr   inf_du lg(mu)  ||d||  lg(rg) alpha_du alpha_pr  ls
1890  7.0458537e-04 3.23e-05 1.07e-02  -4.1 8.69e-03    -  1.00e+00 1.00e+00h  1
1891  7.1127725e-04 2.64e-05 2.98e-03  -4.1 8.16e-03    -  1.00e+00 1.00e+00h  1
1892  7.0932941e-04 2.15e-06 2.29e-03  -4.1 2.09e-03    -  1.00e+00 1.00e+00h  1
1893  7.1043445e-04 1.77e-06 3.51e-03  -4.1 1.27e-03    -  1.00e+00 1.00e+00h  1
1894  7.1021051e-04 5.05e-07 1.66e-03  -4.1 7.93e-04    -  1.00e+00 1.00e+00h  1
1895  7.1003883e-04 4.40e-08 5.09e-04  -4.1 2.57e-04    -  1.00e+00 1.00e+00h  1
1896  7.1015428e-04 5.76e-09 1.46e-04  -4.0 1.20e-04    -  1.00e+00 1.00e+00h  1
1897  7.1012705e-04 1.11e-09 1.24e-04  -4.0 2.91e-05    -  1.00e+00 1.00e+00h  1
1898  7.1008293e-04 5.73e-09 2.79e-04  -4.0 8.69e-05    -  1.00e+00 1.00e+00h  1
1899  7.1004885e-04 2.93e-10 2.34e-03  -4.0 6.08e-04    -  1.00e+00 1.00e+00H  1
iter    objective    inf_pr   inf_du lg(mu)  ||d||  lg(rg) alpha_du alpha_pr  ls
1900  7.1030398e-04 9.26e-13 3.51e-03  -4.0 3.94e-04    -  1.00e+00 1.00e+00H  1
1901  7.1000942e-04 1.22e-07 9.64e-04  -4.1 3.61e-04    -  1.00e+00 1.00e+00h  1
1902  7.0998787e-04 2.32e-08 2.28e-04  -4.1 1.45e-04    -  1.00e+00 1.00e+00h  1
1903  7.1017303e-04 3.18e-09 3.90e-03  -4.0 6.64e-04    -  1.00e+00 1.00e+00H  1
1904  7.1010526e-04 6.40e-08 3.07e-03  -4.1 3.14e-04    -  1.00e+00 1.00e+00h  1
1905  7.0995393e-04 1.14e-10 7.01e-04  -4.1 3.30e-04    -  1.00e+00 1.00e+00H  1
1906  7.1147635e-04 4.23e-11 9.97e-03  -4.0 2.19e-03    -  1.00e+00 1.00e+00H  1
1907  7.1012563e-04 4.18e-06 2.58e-03  -4.1 1.87e-03    -  1.00e+00 1.00e+00h  1
1908  7.1182113e-04 1.23e-11 9.23e-03  -4.1 2.53e-03    -  1.00e+00 1.00e+00H  1
1909  7.1071168e-04 1.69e-08 1.31e-03  -4.1 2.13e-03    -  1.00e+00 1.00e+00H  1
iter    objective    inf_pr   inf_du lg(mu)  ||d||  lg(rg) alpha_du alpha_pr  ls
1910  7.1649884e-04 3.44e-12 1.34e-02  -4.1 3.85e-03    -  1.00e+00 1.00e+00H  1
1911  7.0997484e-04 1.98e-05 4.11e-03  -4.1 4.66e-03    -  1.00e+00 1.00e+00f  1
1912  7.1232556e-04 1.62e-05 1.26e-01  -4.1 9.03e-03    -  1.00e+00 2.50e-01h  3
1913  7.0994899e-04 4.15e-06 2.53e-03  -4.1 2.02e-03    -  1.00e+00 1.00e+00h  1
1914  7.0991581e-04 3.08e-08 6.97e-04  -4.1 1.53e-04    -  1.00e+00 1.00e+00h  1
1915  7.1003478e-04 5.19e-08 6.61e-04  -4.0 2.52e-04    -  1.00e+00 1.00e+00h  1
1916  7.0993983e-04 7.76e-09 2.28e-04  -4.1 1.10e-04    -  1.00e+00 1.00e+00h  1
1917  7.0998040e-04 1.79e-09 1.21e-04  -4.0 5.21e-05    -  1.00e+00 1.00e+00h  1
1918  7.0994286e-04 1.23e-09 1.23e-04  -4.1 4.24e-05    -  1.00e+00 1.00e+00h  1
1919  7.0997865e-04 1.30e-09 4.04e-05  -4.0 4.24e-05    -  1.00e+00 1.00e+00h  1
iter    objective    inf_pr   inf_du lg(mu)  ||d||  lg(rg) alpha_du alpha_pr  ls
1920  7.0994234e-04 1.12e-09 8.07e-05  -4.1 3.99e-05    -  1.00e+00 1.00e+00h  1
1921  7.0997529e-04 1.08e-09 5.21e-05  -4.0 4.03e-05    -  1.00e+00 1.00e+00h  1
1922  7.0993965e-04 1.03e-09 1.06e-04  -4.1 3.80e-05    -  1.00e+00 1.00e+00h  1
1923  7.0996701e-04 7.92e-10 9.38e-05  -4.0 3.25e-05    -  1.00e+00 1.00e+00h  1
1924  7.0993494e-04 1.60e-09 1.50e-04  -4.1 3.92e-05    -  1.00e+00 1.00e+00h  1
1925  7.0987960e-04 6.95e-08 1.66e-03  -4.0 3.27e-04    -  1.00e+00 1.00e+00h  1
1926  7.0984556e-04 2.76e-08 1.14e-03  -4.1 1.59e-04    -  1.00e+00 1.00e+00h  1
1927  7.0993288e-04 4.17e-08 6.21e-04  -4.0 2.40e-04    -  1.00e+00 1.00e+00h  1
1928  7.0984907e-04 1.81e-11 1.85e-04  -4.1 1.63e-04    -  1.00e+00 1.00e+00H  1
1929  7.0999137e-04 2.26e-07 2.74e-03  -4.0 5.34e-04    -  1.00e+00 1.00e+00h  1
iter    objective    inf_pr   inf_du lg(mu)  ||d||  lg(rg) alpha_du alpha_pr  ls
1930  7.1085997e-04 2.88e-08 1.19e-02  -4.1 2.48e-03    -  1.00e+00 1.00e+00H  1
1931  7.1078001e-04 9.81e-08 1.81e-02  -4.1 1.16e-02    -  1.00e+00 3.12e-02h  6
1932  7.1067919e-04 1.19e-07 3.88e-02  -4.1 1.54e-02    -  1.00e+00 1.56e-02h  7
1933  7.1021890e-04 1.06e-06 2.59e-02  -4.1 9.89e-03    -  1.00e+00 1.25e-01h  4
1934  7.1568976e-04 6.39e-09 4.34e-02  -4.1 9.41e-03    -  1.00e+00 1.00e+00H  1
1935  7.1534636e-04 1.72e-08 8.63e-02  -4.1 7.89e-03    -  1.00e+00 1.56e-02h  7
1936  7.1017449e-04 6.36e-05 4.03e-03  -4.1 9.66e-03    -  1.00e+00 1.00e+00h  1
1937  7.0991987e-04 6.37e-05 5.78e-02  -4.1 7.00e-02    -  1.00e+00 3.12e-02h  6
1938  7.1054893e-04 6.18e-05 2.98e-02  -4.1 3.16e-02    -  1.00e+00 6.25e-02h  5
1939  7.2334743e-04 3.95e-05 5.47e-02  -4.1 1.27e-02    -  1.00e+00 5.00e-01h  2
iter    objective    inf_pr   inf_du lg(mu)  ||d||  lg(rg) alpha_du alpha_pr  ls
1940  7.0933632e-04 3.09e-05 9.07e-03  -4.1 5.37e-03    -  1.00e+00 1.00e+00h  1
1941  7.1054602e-04 7.20e-06 1.27e-02  -4.1 3.49e-03    -  1.00e+00 1.00e+00h  1
1942  7.1252017e-04 2.10e-05 5.00e-02  -4.1 1.78e-02    -  1.00e+00 2.50e-01h  3
1943  7.1227837e-04 2.07e-05 7.20e-02  -4.1 1.27e-02    -  1.00e+00 1.25e-01h  4
1944  7.1117189e-04 1.96e-05 2.83e-02  -4.1 2.45e-02    -  1.00e+00 6.25e-02h  5
1945  7.0982943e-04 1.44e-06 2.14e-02  -4.1 7.12e-03    -  1.00e+00 1.00e+00H  1
1946  7.0968078e-04 6.97e-06 1.35e-01  -4.1 7.10e-02    -  1.00e+00 3.12e-02h  6
1947  7.0964069e-04 5.25e-06 2.60e-02  -4.1 3.17e-03    -  1.00e+00 2.50e-01h  3
1948  7.0894194e-04 1.63e-05 3.77e-03  -4.1 4.26e-03    -  1.00e+00 1.00e+00h  1
1949  7.1024907e-04 1.55e-05 1.07e-01  -4.1 1.63e-02    -  1.00e+00 6.25e-02h  5
iter    objective    inf_pr   inf_du lg(mu)  ||d||  lg(rg) alpha_du alpha_pr  ls
1950  7.0891984e-04 6.00e-07 3.05e-04  -4.1 9.03e-04    -  1.00e+00 1.00e+00h  1
1951  7.0978760e-04 4.34e-07 2.60e-03  -6.1 4.71e-03    -  1.00e+00 1.00e+00H  1
1952  7.0837984e-04 2.86e-06 3.86e-02  -6.1 1.02e-02    -  1.00e+00 2.50e-01h  3
1953  7.3186544e-04 1.87e-07 5.92e-03  -6.1 4.44e-03    -  1.00e+00 1.00e+00H  1
1954  7.0805776e-04 2.36e-06 3.50e-03  -6.1 2.53e-03    -  1.00e+00 1.00e+00h  1
1955  7.0644216e-04 5.83e-07 1.91e-03  -6.1 9.52e-04    -  1.00e+00 1.00e+00h  1
1956  7.0527033e-04 2.91e-07 3.12e-04  -6.1 6.36e-04    -  1.00e+00 1.00e+00h  1
1957  8.0707098e-04 1.26e-03 8.06e-01  -4.0 6.63e-02    -  1.00e+00 5.00e-01h  2
1958  7.2278278e-04 4.65e-04 3.03e-02  -4.1 2.41e-02    -  1.00e+00 1.00e+00h  1
1959  1.1318567e-03 6.09e-04 1.92e-02  -4.1 3.27e-02    -  1.00e+00 1.00e+00h  1
iter    objective    inf_pr   inf_du lg(mu)  ||d||  lg(rg) alpha_du alpha_pr  ls
1960  7.1618875e-04 2.39e-04 5.31e-03  -4.1 1.95e-02    -  1.00e+00 1.00e+00h  1
1961  7.2289152e-04 8.06e-05 9.74e-03  -4.1 1.11e-02    -  1.00e+00 1.00e+00h  1
1962  7.1379570e-04 4.41e-05 6.47e-03  -4.1 8.20e-03    -  1.00e+00 1.00e+00h  1
1963  7.3125846e-04 3.79e-05 1.17e-02  -4.1 7.06e-03    -  1.00e+00 1.00e+00h  1
1964  7.1226852e-04 1.60e-05 2.94e-03  -4.1 4.77e-03    -  1.00e+00 1.00e+00h  1
1965  7.1150332e-04 4.51e-07 2.04e-03  -4.1 7.24e-04    -  1.00e+00 1.00e+00h  1
1966  7.1122126e-04 1.51e-07 1.20e-03  -4.1 4.00e-04    -  1.00e+00 1.00e+00h  1
1967  7.1093406e-04 7.85e-08 1.03e-03  -4.1 3.10e-04    -  1.00e+00 1.00e+00h  1
1968  7.1018172e-04 8.52e-07 3.54e-03  -4.1 1.10e-03    -  1.00e+00 1.00e+00h  1
1969  7.1980775e-04 1.55e-08 4.01e-02  -4.1 7.93e-03    -  1.00e+00 1.00e+00H  1
iter    objective    inf_pr   inf_du lg(mu)  ||d||  lg(rg) alpha_du alpha_pr  ls
1970  7.0837623e-04 3.21e-08 1.35e-02  -4.1 4.73e-03    -  1.00e+00 1.00e+00H  1
1971  7.1078992e-04 3.55e-06 4.50e-03  -4.0 2.04e-03    -  1.00e+00 1.00e+00h  1
1972  7.0904666e-04 4.97e-07 9.41e-04  -4.1 6.22e-04    -  1.00e+00 1.00e+00h  1
1973  7.0891325e-04 2.48e-08 7.18e-04  -4.1 2.24e-04    -  1.00e+00 1.00e+00h  1
1974  7.0893000e-04 5.07e-07 4.04e-03  -4.0 6.70e-04    -  1.00e+00 1.00e+00h  1
1975  7.0877918e-04 1.91e-06 6.71e-03  -4.1 1.53e-03    -  1.00e+00 1.00e+00h  1
1976  7.1101221e-04 3.73e-08 1.75e-02  -4.1 3.14e-03    -  1.00e+00 1.00e+00H  1
1977  7.1029861e-04 1.84e-08 4.76e-03  -4.1 2.14e-03    -  1.00e+00 1.00e+00H  1
1978  7.1084705e-04 2.51e-09 1.53e-02  -4.1 3.84e-03    -  1.00e+00 1.00e+00H  1
1979  7.0896539e-04 8.41e-06 2.07e-03  -4.1 3.50e-03    -  1.00e+00 1.00e+00h  1
iter    objective    inf_pr   inf_du lg(mu)  ||d||  lg(rg) alpha_du alpha_pr  ls
1980  7.0964338e-04 7.63e-06 1.24e-02  -4.1 5.34e-03    -  1.00e+00 5.00e-01h  2
1981  7.0890542e-04 1.75e-06 4.11e-03  -4.1 1.85e-03    -  1.00e+00 1.00e+00h  1
1982  7.0850395e-04 1.42e-06 4.86e-03  -4.1 1.41e-03    -  1.00e+00 1.00e+00h  1
1983  7.0881534e-04 3.48e-07 2.32e-03  -4.1 6.88e-04    -  1.00e+00 1.00e+00h  1
1984  7.0839576e-04 1.51e-07 5.25e-04  -4.1 3.90e-04    -  1.00e+00 1.00e+00h  1
1985  7.0815576e-04 5.70e-08 1.14e-03  -6.1 2.68e-04    -  1.00e+00 1.00e+00h  1
1986  7.1889467e-04 1.63e-05 8.61e-01  -4.0 4.24e-02    -  1.00e+00 1.25e-01h  4
1987  7.0750240e-04 2.28e-05 4.98e-04  -4.1 6.24e-03    -  1.00e+00 1.00e+00h  1
1988  7.0695203e-04 1.42e-07 4.95e-04  -6.1 5.65e-04    -  1.00e+00 1.00e+00h  1
1989  7.0375726e-04 1.07e-05 7.10e-04  -6.1 3.71e-03    -  1.00e+00 1.00e+00h  1
iter    objective    inf_pr   inf_du lg(mu)  ||d||  lg(rg) alpha_du alpha_pr  ls
1990  8.9543323e-04 3.85e-04 3.00e-01  -4.0 1.01e-01    -  1.00e+00 2.50e-01h  3
1991  7.2475002e-04 1.36e-04 3.82e-03  -4.1 1.59e-02    -  1.00e+00 1.00e+00h  1
1992  7.0874228e-04 1.18e-04 7.73e-02  -4.1 2.07e-02    -  1.00e+00 6.16e-01H  1
1993  7.0380878e-04 7.05e-05 4.80e-03  -4.1 9.76e-03    -  1.00e+00 1.00e+00f  1
1994  7.1070323e-04 5.26e-05 5.66e-02  -4.1 1.08e-02    -  1.00e+00 5.00e-01h  2
1995  7.0931165e-04 3.43e-07 1.53e-03  -4.1 7.60e-04    -  1.00e+00 1.00e+00h  1
1996  7.0776674e-04 8.07e-07 2.90e-03  -4.1 1.03e-03    -  1.00e+00 1.00e+00h  1
1997  7.0850130e-04 4.22e-07 5.75e-04  -4.1 7.78e-04    -  1.00e+00 1.00e+00h  1
1998  7.0821021e-04 3.33e-08 1.06e-03  -6.1 2.63e-04    -  1.00e+00 1.00e+00h  1
1999  7.0744722e-04 5.12e-07 8.67e-04  -6.1 1.07e-03    -  1.00e+00 1.00e+00h  1
iter    objective    inf_pr   inf_du lg(mu)  ||d||  lg(rg) alpha_du alpha_pr  ls
2000  7.0711333e-04 7.28e-06 9.52e-03  -6.1 2.42e-02    -  1.00e+00 1.63e-01h  3
2001  7.0361330e-04 1.72e-06 6.54e-04  -6.1 1.83e-03    -  1.00e+00 1.00e+00h  1
2002  8.5977049e-04 2.36e-03 2.97e-01  -4.0 1.54e-01    -  1.00e+00 5.00e-01f  2
2003  8.0178274e-04 6.53e-04 3.31e-02  -4.1 4.01e-02    -  1.00e+00 1.00e+00h  1
2004  2.6113686e-03 4.02e-04 7.84e-03  -4.1 3.01e-02    -  9.58e-01 1.00e+00h  1
2005  7.3344876e-04 2.75e-04 7.11e-03  -4.1 2.55e-02    -  1.00e+00 1.00e+00h  1
2006  7.2065098e-04 3.58e-04 2.74e-03  -4.1 2.88e-02    -  1.00e+00 1.00e+00h  1
2007  7.0914567e-04 5.45e-06 2.31e-03  -4.1 3.30e-03    -  1.00e+00 1.00e+00h  1
2008  7.0823061e-04 3.55e-05 2.50e-02  -4.1 7.42e-03    -  1.00e+00 1.00e+00h  1
2009  7.0789505e-04 1.59e-05 2.49e-03  -4.1 4.92e-03    -  1.00e+00 1.00e+00h  1
iter    objective    inf_pr   inf_du lg(mu)  ||d||  lg(rg) alpha_du alpha_pr  ls
2010  7.0953535e-04 2.48e-06 5.19e-03  -4.1 1.61e-03    -  1.00e+00 1.00e+00h  1
2011  7.0815407e-04 8.99e-07 1.66e-03  -4.1 1.54e-03    -  1.00e+00 1.00e+00h  1
2012  7.0833681e-04 4.44e-07 1.61e-03  -4.1 7.09e-04    -  1.00e+00 1.00e+00h  1
2013  7.0836386e-04 8.83e-08 2.14e-04  -4.1 3.48e-04    -  1.00e+00 1.00e+00h  1
2014  7.0811082e-04 2.41e-08 1.23e-03  -6.1 2.58e-04    -  1.00e+00 1.00e+00h  1
2015  7.4127187e-04 1.36e-04 8.50e-01  -4.0 3.19e-01    -  1.00e+00 6.25e-02h  5
2016  7.7674692e-04 6.98e-05 3.64e-03  -4.1 1.18e-02    -  1.00e+00 1.00e+00h  1
2017  8.4179389e-04 7.83e-04 1.33e-02  -4.1 5.01e-02    -  1.00e+00 1.00e+00h  1
2018  7.5687652e-04 4.65e-04 8.80e-03  -4.1 2.87e-02    -  1.00e+00 5.00e-01h  2
2019  7.5366786e-04 3.00e-04 2.41e-03  -4.1 3.01e-02    -  1.00e+00 1.00e+00h  1
iter    objective    inf_pr   inf_du lg(mu)  ||d||  lg(rg) alpha_du alpha_pr  ls
2020  7.0034499e-04 4.44e-05 2.73e-03  -4.1 1.29e-02    -  1.00e+00 1.00e+00h  1
2021  7.6906316e-04 1.25e-04 5.21e-03  -4.0 3.76e-02    -  1.00e+00 5.00e-01h  2
2022  7.0176856e-04 1.92e-04 5.71e-03  -4.1 1.62e-02    -  1.00e+00 1.00e+00h  1
2023  8.2697115e-04 2.21e-04 8.24e-03  -4.1 1.90e-02    -  1.00e+00 1.00e+00h  1
2024  7.0823434e-04 6.53e-05 2.14e-03  -4.1 1.05e-02    -  1.00e+00 1.00e+00h  1
2025  7.1210528e-04 1.15e-05 8.57e-03  -4.1 6.16e-03    -  1.00e+00 1.00e+00h  1
2026  7.2165857e-04 2.73e-05 9.74e-03  -4.1 5.30e-03    -  1.00e+00 1.00e+00h  1
2027  7.0674743e-04 3.04e-05 1.23e-02  -4.1 6.65e-03    -  1.00e+00 1.00e+00h  1
2028  7.0863314e-04 1.51e-05 5.13e-03  -4.1 3.67e-03    -  1.00e+00 1.00e+00h  1
2029  7.0764853e-04 5.84e-07 1.49e-03  -4.1 1.10e-03    -  1.00e+00 1.00e+00h  1
iter    objective    inf_pr   inf_du lg(mu)  ||d||  lg(rg) alpha_du alpha_pr  ls
2030  7.0803151e-04 6.34e-08 5.25e-04  -4.1 3.95e-04    -  1.00e+00 1.00e+00h  1
2031  7.0805061e-04 3.28e-08 6.57e-04  -4.0 2.35e-04    -  1.00e+00 1.00e+00h  1
2032  7.0799476e-04 5.86e-09 2.00e-04  -4.0 9.70e-05    -  1.00e+00 1.00e+00h  1
2033  7.0799852e-04 7.62e-10 9.10e-05  -4.0 3.48e-05    -  1.00e+00 1.00e+00h  1
2034  7.0800553e-04 2.13e-08 3.87e-04  -4.0 1.55e-04    -  1.00e+00 1.00e+00h  1
2035  7.0795258e-04 9.36e-11 1.79e-03  -4.1 4.19e-04    -  1.00e+00 1.00e+00H  1
2036  7.0803631e-04 2.85e-08 1.06e-03  -4.0 1.87e-04    -  1.00e+00 1.00e+00h  1
2037  7.0793978e-04 2.22e-08 4.20e-04  -4.1 1.57e-04    -  1.00e+00 1.00e+00h  1
2038  7.0801659e-04 5.59e-08 7.69e-04  -4.0 2.34e-04    -  1.00e+00 1.00e+00h  1
2039  7.0789984e-04 7.77e-10 1.64e-03  -4.1 3.55e-04    -  1.00e+00 1.00e+00H  1
iter    objective    inf_pr   inf_du lg(mu)  ||d||  lg(rg) alpha_du alpha_pr  ls
2040  7.0802010e-04 1.61e-07 6.14e-04  -4.0 4.39e-04    -  1.00e+00 1.00e+00h  1
2041  7.0795488e-04 1.47e-08 3.40e-04  -4.1 1.46e-04    -  1.00e+00 1.00e+00h  1
2042  7.0772932e-04 4.70e-08 1.01e-03  -6.1 2.50e-04    -  1.00e+00 1.00e+00h  1
2043  7.1916027e-04 2.75e-05 4.96e-01  -4.0 1.26e-02    -  1.00e+00 5.00e-01h  2
2044  7.0930031e-04 1.62e-05 3.24e-03  -4.1 4.92e-03    -  1.00e+00 1.00e+00h  1
2045  7.1031837e-04 8.83e-06 8.63e-03  -4.1 3.36e-03    -  1.00e+00 1.00e+00h  1
2046  7.0808323e-04 4.32e-06 8.93e-04  -4.1 2.32e-03    -  1.00e+00 1.00e+00h  1
2047  7.0788130e-04 3.95e-08 1.10e-04  -4.1 2.20e-04    -  1.00e+00 1.00e+00h  1
2048  7.0798114e-04 9.69e-09 1.84e-04  -4.0 1.20e-04    -  1.00e+00 1.00e+00h  1
2049  7.0792813e-04 2.80e-09 7.07e-05  -4.1 6.32e-05    -  1.00e+00 1.00e+00h  1
iter    objective    inf_pr   inf_du lg(mu)  ||d||  lg(rg) alpha_du alpha_pr  ls
2050  7.0769950e-04 4.82e-08 1.12e-03  -6.1 2.53e-04    -  1.00e+00 1.00e+00h  1
2051  7.1419008e-04 8.12e-06 9.21e-01  -4.0 5.60e-02    -  1.00e+00 6.25e-02h  5
2052  7.0507693e-04 3.78e-05 1.66e-04  -4.1 7.47e-03    -  1.00e+00 1.00e+00h  1
2053  7.2825044e-04 8.14e-07 5.05e-04  -6.1 1.07e-03    -  1.00e+00 1.00e+00h  1
2054  7.0367109e-04 1.65e-06 3.44e-04  -6.1 1.91e-03    -  1.00e+00 1.00e+00h  1
2055  1.0493866e-03 7.66e-03 5.36e-01  -4.0 1.05e-01    -  1.00e+00 1.00e+00h  1
2056  7.9707556e-04 2.09e-03 1.34e-01  -4.1 5.25e-02    -  1.00e+00 1.00e+00h  1
2057  7.7270710e-04 4.88e-04 3.81e-02  -4.1 2.63e-02    -  1.00e+00 1.00e+00h  1
2058  8.9350761e-04 1.98e-04 3.00e-03  -4.1 1.71e-02    -  1.00e+00 1.00e+00h  1
2059  7.1463759e-04 1.45e-06 4.45e-03  -4.1 2.40e-03    -  1.00e+00 1.00e+00h  1
iter    objective    inf_pr   inf_du lg(mu)  ||d||  lg(rg) alpha_du alpha_pr  ls
2060  7.0522762e-04 8.26e-05 2.73e-02  -4.1 1.07e-02    -  1.00e+00 1.00e+00h  1
2061  7.0813159e-04 2.51e-05 4.24e-03  -4.1 5.83e-03    -  1.00e+00 1.00e+00h  1
2062  7.0941466e-04 3.28e-06 2.03e-03  -4.1 1.94e-03    -  1.00e+00 1.00e+00h  1
2063  7.0959746e-04 5.30e-07 3.09e-03  -4.1 7.55e-04    -  1.00e+00 1.00e+00h  1
2064  7.0858991e-04 5.29e-08 1.50e-03  -4.1 2.73e-04    -  1.00e+00 1.00e+00h  1
2065  7.0849785e-04 2.99e-07 9.38e-04  -4.1 5.27e-04    -  1.00e+00 1.00e+00h  1
2066  7.0808330e-04 1.14e-06 4.45e-03  -4.1 1.18e-03    -  1.00e+00 1.00e+00h  1
2067  7.1573928e-04 6.52e-08 3.47e-02  -4.1 6.97e-03    -  1.00e+00 1.00e+00H  1
2068  7.0836683e-04 4.10e-08 6.00e-03  -4.1 5.67e-03    -  1.00e+00 1.00e+00H  1
2069  7.0976673e-04 3.08e-06 4.47e-02  -4.1 3.96e-03    -  1.00e+00 5.00e-01h  2
iter    objective    inf_pr   inf_du lg(mu)  ||d||  lg(rg) alpha_du alpha_pr  ls
2070  7.0781980e-04 1.46e-06 5.00e-04  -4.1 1.34e-03    -  1.00e+00 1.00e+00h  1
2071  7.0759726e-04 3.84e-08 5.18e-04  -6.1 2.46e-04    -  1.00e+00 1.00e+00h  1
2072  7.1117229e-04 2.83e-06 8.27e-01  -4.0 1.66e-02    -  1.00e+00 1.25e-01h  4
2073  7.0706207e-04 3.09e-05 1.05e-02  -4.1 7.37e-03    -  1.00e+00 1.00e+00h  1
2074  7.1000995e-04 2.09e-05 2.03e-03  -4.1 6.21e-03    -  1.00e+00 1.00e+00h  1
2075  7.0778027e-04 5.43e-07 8.93e-04  -4.1 9.31e-04    -  1.00e+00 1.00e+00h  1
2076  7.0785608e-04 6.97e-08 4.14e-04  -4.1 3.42e-04    -  1.00e+00 1.00e+00h  1
2077  7.0753572e-04 8.76e-08 1.01e-03  -6.1 3.84e-04    -  1.00e+00 1.00e+00h  1
2078  7.2921221e-04 1.42e-04 4.92e-01  -4.0 2.97e-02    -  1.00e+00 5.00e-01h  2
2079  7.1657820e-04 4.68e-05 1.11e-02  -4.1 8.39e-03    -  1.00e+00 1.00e+00h  1
iter    objective    inf_pr   inf_du lg(mu)  ||d||  lg(rg) alpha_du alpha_pr  ls
2080  7.3603629e-04 7.64e-05 5.43e-03  -4.1 1.05e-02    -  1.00e+00 1.00e+00h  1
2081  7.0905631e-04 2.54e-05 4.05e-03  -4.1 5.96e-03    -  1.00e+00 1.00e+00h  1
2082  7.0688661e-04 6.16e-06 4.50e-03  -4.1 2.92e-03    -  1.00e+00 1.00e+00h  1
2083  7.0802022e-04 2.13e-06 1.32e-03  -4.1 1.63e-03    -  1.00e+00 1.00e+00h  1
2084  7.0777652e-04 1.00e-07 2.79e-04  -4.1 3.29e-04    -  1.00e+00 1.00e+00h  1
2085  7.0750661e-04 5.55e-08 9.77e-04  -6.1 2.91e-04    -  1.00e+00 1.00e+00h  1
2086  7.2204178e-04 2.12e-05 9.00e-01  -4.0 1.01e-01    -  1.00e+00 6.25e-02h  5
2087  7.0764775e-04 1.80e-05 1.08e-03  -4.1 6.21e-03    -  1.00e+00 1.00e+00h  1
2088  7.0625126e-04 5.06e-06 6.28e-03  -4.1 2.56e-03    -  1.00e+00 1.00e+00h  1
2089  7.1056098e-04 1.13e-05 5.88e-03  -4.1 4.35e-03    -  1.00e+00 1.00e+00h  1
iter    objective    inf_pr   inf_du lg(mu)  ||d||  lg(rg) alpha_du alpha_pr  ls
2090  7.1156377e-04 4.93e-06 3.81e-03  -4.1 2.08e-03    -  1.00e+00 1.00e+00h  1
2091  7.0739365e-04 2.71e-06 4.64e-03  -4.1 2.00e-03    -  1.00e+00 1.00e+00h  1
2092  7.0790343e-04 7.40e-07 1.68e-03  -4.1 1.07e-03    -  1.00e+00 1.00e+00h  1
2093  7.0774949e-04 2.15e-08 2.27e-04  -4.1 1.80e-04    -  1.00e+00 1.00e+00h  1
2094  7.0782893e-04 7.34e-09 1.82e-04  -4.0 9.00e-05    -  1.00e+00 1.00e+00h  1
2095  7.0781694e-04 9.27e-10 1.75e-04  -4.0 4.39e-05    -  1.00e+00 1.00e+00h  1
2096  7.0780676e-04 4.44e-10 1.25e-04  -4.0 1.84e-05    -  1.00e+00 1.00e+00h  1
2097  7.0780666e-04 7.25e-09 3.05e-04  -4.0 8.59e-05    -  1.00e+00 1.00e+00h  1
2098  7.0773143e-04 6.22e-08 1.28e-03  -4.1 3.14e-04    -  1.00e+00 1.00e+00h  1
2099  7.0769308e-04 3.11e-08 1.02e-03  -4.1 1.97e-04    -  1.00e+00 1.00e+00h  1
iter    objective    inf_pr   inf_du lg(mu)  ||d||  lg(rg) alpha_du alpha_pr  ls
2100  7.0768597e-04 3.88e-09 8.00e-04  -4.1 9.27e-05    -  1.00e+00 1.00e+00h  1
2101  7.0785693e-04 5.81e-08 1.45e-03  -4.0 1.98e-04    -  1.00e+00 1.00e+00h  1
2102  7.0774621e-04 1.66e-08 3.93e-04  -4.1 1.51e-04    -  1.00e+00 1.00e+00h  1
2103  7.0775465e-04 6.00e-09 1.24e-03  -6.1 6.45e-04    -  1.00e+00 1.00e+00H  1
2104  7.1804043e-04 2.40e-05 2.51e-02  -4.0 4.98e-03    -  1.00e+00 1.00e+00h  1
2105  7.0941234e-04 7.68e-06 6.05e-03  -4.1 2.74e-03    -  1.00e+00 1.00e+00h  1
2106  7.0901334e-04 5.47e-06 2.15e-03  -4.1 2.28e-03    -  1.00e+00 1.00e+00h  1
2107  7.0781524e-04 6.01e-07 7.99e-04  -4.1 8.06e-04    -  1.00e+00 1.00e+00h  1
2108  7.0735422e-04 4.86e-08 1.20e-03  -6.1 3.03e-04    -  1.00e+00 1.00e+00h  1
2109  7.1101371e-04 8.63e-06 1.59e-02  -4.0 3.51e-03    -  1.00e+00 1.00e+00h  1
iter    objective    inf_pr   inf_du lg(mu)  ||d||  lg(rg) alpha_du alpha_pr  ls
2110  7.0852466e-04 3.46e-06 3.30e-03  -4.1 2.29e-03    -  1.00e+00 1.00e+00h  1
2111  7.0767676e-04 9.09e-07 5.42e-04  -4.1 1.01e-03    -  1.00e+00 1.00e+00h  1
2112  7.0732858e-04 6.62e-08 1.14e-03  -6.1 3.51e-04    -  1.00e+00 1.00e+00h  1
2113  7.1036650e-04 7.24e-06 1.55e-02  -4.0 3.06e-03    -  1.00e+00 1.00e+00h  1
2114  7.0834911e-04 3.16e-06 2.81e-03  -4.1 1.93e-03    -  1.00e+00 1.00e+00h  1
2115  7.0758950e-04 4.74e-07 9.29e-04  -4.1 8.18e-04    -  1.00e+00 1.00e+00h  1
2116  7.0775084e-04 9.53e-08 9.61e-04  -4.1 4.31e-04    -  1.00e+00 1.00e+00h  1
2117  7.0770389e-04 1.68e-08 1.75e-04  -4.1 1.66e-04    -  1.00e+00 1.00e+00h  1
2118  7.0745054e-04 3.27e-08 1.04e-03  -6.1 2.53e-04    -  1.00e+00 1.00e+00h  1
2119  7.2636700e-04 5.94e-05 8.99e-01  -4.0 1.61e-01    -  1.00e+00 6.25e-02h  5
iter    objective    inf_pr   inf_du lg(mu)  ||d||  lg(rg) alpha_du alpha_pr  ls
2120  7.1210788e-04 2.03e-05 1.73e-03  -4.1 7.12e-03    -  1.00e+00 1.00e+00h  1
2121  7.7809343e-04 3.31e-03 8.25e-02  -4.1 6.25e-02    -  1.00e+00 1.00e+00h  1
2122  7.1729563e-04 1.03e-03 2.15e-02  -4.1 3.14e-02    -  1.00e+00 1.00e+00h  1
2123  8.0246078e-04 6.48e-04 5.09e-02  -4.1 2.32e-02    -  1.00e+00 5.00e-01h  2
2124  7.0627232e-04 1.05e-04 5.46e-03  -4.1 1.55e-02    -  1.00e+00 1.00e+00h  1
2125  7.0631083e-04 9.70e-05 3.23e-02  -4.1 1.88e-02    -  1.00e+00 5.00e-01h  2
2126  7.1137147e-04 4.11e-05 5.57e-03  -4.1 7.50e-03    -  1.00e+00 1.00e+00h  1
2127  7.0834570e-04 2.93e-05 5.75e-03  -4.1 6.54e-03    -  1.00e+00 1.00e+00h  1
2128  7.1477123e-04 8.27e-06 2.00e-03  -4.1 3.07e-03    -  1.00e+00 1.00e+00h  1
2129  7.0925852e-04 1.05e-06 4.09e-03  -4.1 1.23e-03    -  1.00e+00 1.00e+00h  1
iter    objective    inf_pr   inf_du lg(mu)  ||d||  lg(rg) alpha_du alpha_pr  ls
2130  7.0764069e-04 5.85e-06 6.14e-03  -4.1 2.35e-03    -  1.00e+00 1.00e+00h  1
2131  7.0762649e-04 2.62e-06 1.53e-03  -4.1 1.68e-03    -  1.00e+00 1.00e+00h  1
2132  7.0800646e-04 2.84e-07 1.15e-03  -4.1 8.04e-04    -  1.00e+00 1.00e+00h  1
2133  7.0774573e-04 3.40e-08 2.63e-04  -4.1 2.43e-04    -  1.00e+00 1.00e+00h  1
2134  7.0744298e-04 1.01e-07 1.27e-03  -6.1 3.79e-04    -  1.00e+00 1.00e+00h  1
2135  7.0726480e-04 2.94e-05 1.81e-02  -6.1 9.65e-02    -  1.00e+00 6.14e-02h  4
2136  7.0350966e-04 2.02e-05 2.41e-02  -6.1 4.78e-03    -  1.00e+00 3.64e-01h  2
2137  7.0380103e-04 2.58e-06 5.84e-04  -6.1 2.09e-03    -  1.00e+00 1.00e+00h  1
2138  7.0228149e-04 9.71e-07 1.87e-04  -6.1 1.21e-03    -  1.00e+00 1.00e+00h  1
2139  1.1328983e-03 1.50e-02 1.54e-01  -4.0 1.29e-01    -  1.00e+00 1.00e+00f  1
iter    objective    inf_pr   inf_du lg(mu)  ||d||  lg(rg) alpha_du alpha_pr  ls
2140  8.3063897e-04 5.11e-03 4.26e-02  -4.1 8.42e-02    -  1.00e+00 1.00e+00h  1
2141  7.4086852e-03 3.44e-03 7.11e-03  -4.1 8.23e-02    -  1.00e+00 1.00e+00h  1
2142  2.1147357e-03 2.18e-03 1.83e-02  -4.1 6.30e-02    -  1.00e+00 5.52e-01h  1
2143  7.9635207e-04 6.28e-04 7.85e-03  -4.1 2.79e-02    -  1.00e+00 1.00e+00f  1
2144  1.7929003e-03 5.72e-04 2.45e-02  -4.1 2.90e-02    -  1.00e+00 1.00e+00h  1
2145  7.3718318e-04 2.46e-04 5.13e-03  -4.1 1.96e-02    -  1.00e+00 1.00e+00h  1
2146  7.2325326e-04 1.82e-04 2.03e-02  -4.1 1.66e-02    -  1.00e+00 1.00e+00h  1
2147  7.2855878e-04 2.60e-04 7.69e-02  -4.1 3.49e-02    -  1.00e+00 5.00e-01h  2
2148  7.1235267e-04 1.19e-04 1.56e-02  -4.1 1.19e-02    -  1.00e+00 1.00e+00h  1
2149  7.1973754e-04 2.03e-04 1.48e-02  -4.1 1.76e-02    -  1.00e+00 1.00e+00h  1
iter    objective    inf_pr   inf_du lg(mu)  ||d||  lg(rg) alpha_du alpha_pr  ls
2150  7.0868083e-04 1.70e-04 5.08e-03  -4.1 1.66e-02    -  1.00e+00 1.00e+00h  1
2151  7.6435968e-04 2.88e-05 1.11e-02  -4.1 7.09e-03    -  1.00e+00 1.00e+00h  1
2152  7.0865885e-04 1.67e-05 2.26e-03  -4.1 5.67e-03    -  1.00e+00 1.00e+00h  1
2153  7.0805345e-04 9.79e-07 1.43e-03  -4.1 1.19e-03    -  1.00e+00 1.00e+00h  1
2154  7.0825251e-04 1.59e-07 5.20e-04  -4.1 5.07e-04    -  1.00e+00 1.00e+00h  1
2155  7.0792125e-04 2.34e-07 4.20e-04  -6.1 4.43e-04    -  1.00e+00 1.00e+00h  1
2156  7.0704890e-04 2.62e-05 7.33e-03  -6.1 3.98e-02    -  1.00e+00 1.17e-01h  4
2157  7.0388414e-04 1.69e-06 3.73e-04  -6.1 1.35e-03    -  1.00e+00 1.00e+00h  1
2158  7.0571462e-04 9.92e-07 1.56e-04  -6.1 1.23e-03    -  1.00e+00 1.00e+00h  1
2159  7.0383822e-04 1.15e-07 3.98e-04  -6.1 4.41e-04    -  1.00e+00 1.00e+00h  1
iter    objective    inf_pr   inf_du lg(mu)  ||d||  lg(rg) alpha_du alpha_pr  ls
2160  8.9610058e-04 4.76e-03 4.13e-01  -4.0 1.26e-01    -  1.00e+00 5.00e-01f  2
2161  7.4582654e-04 1.67e-03 3.77e-02  -4.1 3.52e-02    -  1.00e+00 1.00e+00h  1
2162  1.0922544e-03 4.01e-04 8.29e-03  -4.1 1.96e-02    -  1.00e+00 1.00e+00h  1
2163  7.1588880e-04 2.11e-04 4.63e-03  -4.1 1.63e-02    -  1.00e+00 1.00e+00h  1
2164  7.2173115e-04 1.63e-04 1.01e-02  -4.1 1.04e-02    -  1.00e+00 1.00e+00h  1
2165  7.0924977e-04 4.48e-05 7.09e-03  -4.1 5.87e-03    -  1.00e+00 1.00e+00h  1
2166  7.0842624e-04 4.86e-06 5.47e-03  -4.1 2.58e-03    -  1.00e+00 1.00e+00h  1
2167  7.0865746e-04 2.10e-06 2.41e-03  -4.1 1.71e-03    -  1.00e+00 1.00e+00h  1
2168  7.0801015e-04 3.45e-07 2.57e-03  -4.1 7.67e-04    -  1.00e+00 1.00e+00h  1
2169  7.0806118e-04 2.26e-07 1.68e-03  -4.1 3.84e-04    -  1.00e+00 1.00e+00h  1
iter    objective    inf_pr   inf_du lg(mu)  ||d||  lg(rg) alpha_du alpha_pr  ls
2170  7.0801644e-04 3.77e-08 6.72e-04  -4.1 1.71e-04    -  1.00e+00 1.00e+00h  1
2171  7.0778695e-04 5.66e-08 1.12e-03  -6.1 2.46e-04    -  1.00e+00 1.00e+00h  1
2172  7.0566622e-04 1.93e-04 6.35e-04  -6.1 1.38e-02    -  1.00e+00 1.00e+00h  1
2173  7.0101496e-04 1.13e-04 6.43e-03  -6.1 5.53e-03    -  1.00e+00 4.53e-01h  2
2174  9.0000657e-04 4.81e-03 3.61e-02  -4.0 8.59e-02    -  1.00e+00 1.00e+00h  1
2175  7.4259798e-04 1.61e-03 8.00e-03  -4.1 4.56e-02    -  1.00e+00 1.00e+00h  1
2176  1.4595144e-03 1.13e-03 7.18e-03  -4.1 4.28e-02    -  1.00e+00 1.00e+00h  1
2177  7.1592541e-04 5.85e-04 2.40e-03  -4.1 3.00e-02    -  1.00e+00 1.00e+00h  1
2178  7.0880885e-04 1.13e-04 2.65e-03  -4.1 1.40e-02    -  1.00e+00 1.00e+00h  1
2179  7.2822456e-04 6.76e-05 9.03e-02  -4.1 1.79e-02    -  1.00e+00 6.08e-01H  1
iter    objective    inf_pr   inf_du lg(mu)  ||d||  lg(rg) alpha_du alpha_pr  ls
2180  7.4073726e-04 7.37e-05 5.36e-03  -4.1 1.03e-02    -  1.00e+00 1.00e+00f  1
2181  7.1174525e-04 7.59e-05 9.86e-03  -4.1 1.05e-02    -  1.00e+00 1.00e+00h  1
2182  7.1024932e-04 4.66e-05 2.98e-03  -4.1 8.87e-03    -  1.00e+00 1.00e+00h  1
2183  7.1138335e-04 2.20e-05 8.82e-03  -4.1 4.59e-03    -  1.00e+00 1.00e+00h  1
2184  7.0872008e-04 1.69e-05 3.81e-03  -4.1 3.80e-03    -  1.00e+00 1.00e+00h  1
2185  7.0953938e-04 1.20e-06 2.58e-03  -4.1 1.63e-03    -  1.00e+00 1.00e+00h  1
2186  7.0891652e-04 4.92e-07 1.44e-03  -4.1 7.91e-04    -  1.00e+00 1.00e+00h  1
2187  7.0884546e-04 1.11e-07 7.32e-04  -4.1 3.95e-04    -  1.00e+00 1.00e+00h  1
2188  7.0850062e-04 4.85e-08 8.11e-04  -6.1 2.55e-04    -  1.00e+00 1.00e+00h  1
2189  7.0738466e-04 5.99e-06 6.71e-03  -6.1 4.28e-02    -  1.00e+00 6.25e-02h  5
iter    objective    inf_pr   inf_du lg(mu)  ||d||  lg(rg) alpha_du alpha_pr  ls
2190  7.0199088e-04 1.39e-05 2.94e-04  -6.1 4.59e-03    -  1.00e+00 1.00e+00h  1
2191  9.6119412e-04 7.80e-03 2.87e-01  -4.0 1.20e-01    -  1.00e+00 1.00e+00f  1
2192  7.8250118e-04 2.16e-03 7.45e-02  -4.1 5.98e-02    -  1.00e+00 1.00e+00h  1
2193  1.4589148e-03 5.93e-04 1.32e-02  -4.1 3.25e-02    -  1.00e+00 1.00e+00h  1
2194  7.1555111e-04 1.93e-04 2.08e-03  -4.1 1.85e-02    -  1.00e+00 1.00e+00h  1
2195  7.0885256e-04 6.88e-06 2.40e-03  -4.1 3.68e-03    -  1.00e+00 1.00e+00h  1
2196  7.1352694e-04 7.27e-05 2.15e-02  -4.1 7.60e-03    -  1.00e+00 1.00e+00h  1
2197  7.0966368e-04 2.97e-05 3.42e-03  -4.1 4.94e-03    -  1.00e+00 1.00e+00h  1
2198  7.0877284e-04 4.81e-06 3.03e-03  -4.1 2.25e-03    -  1.00e+00 1.00e+00h  1
2199  7.0839129e-04 8.49e-07 2.10e-03  -4.1 1.26e-03    -  1.00e+00 1.00e+00h  1
iter    objective    inf_pr   inf_du lg(mu)  ||d||  lg(rg) alpha_du alpha_pr  ls
2200  7.0904733e-04 4.48e-07 2.25e-03  -4.1 7.73e-04    -  1.00e+00 1.00e+00h  1
2201  7.0854187e-04 1.98e-07 8.85e-04  -4.1 5.00e-04    -  1.00e+00 1.00e+00h  1
2202  7.0828899e-04 1.20e-07 1.32e-03  -4.1 3.33e-04    -  1.00e+00 1.00e+00h  1
2203  7.0895615e-04 8.09e-09 5.75e-03  -4.1 1.60e-03    -  1.00e+00 1.00e+00H  1
2204  7.0802598e-04 2.56e-09 7.86e-03  -4.1 1.02e-03    -  1.00e+00 1.00e+00H  1
2205  7.0788868e-04 1.34e-09 9.20e-04  -4.1 9.19e-04    -  1.00e+00 1.00e+00H  1
2206  7.0969718e-04 3.31e-11 4.16e-03  -4.1 1.07e-03    -  1.00e+00 1.00e+00H  1
2207  7.0781656e-04 2.38e-09 6.05e-04  -4.1 1.17e-03    -  1.00e+00 1.00e+00H  1
2208  7.0683266e-04 1.37e-06 7.93e-04  -6.1 1.40e-03    -  1.00e+00 1.00e+00h  1
2209  7.0346299e-04 5.12e-05 4.14e-03  -6.1 8.99e-03    -  1.00e+00 1.00e+00h  1
iter    objective    inf_pr   inf_du lg(mu)  ||d||  lg(rg) alpha_du alpha_pr  ls
2210  7.0290080e-04 1.13e-05 1.69e-03  -6.1 3.34e-03    -  1.00e+00 1.00e+00h  1
2211  7.0340032e-04 1.75e-06 1.24e-04  -6.1 1.24e-03    -  1.00e+00 1.00e+00h  1
2212  7.0411552e-04 9.04e-07 2.36e-04  -6.1 1.22e-03    -  1.00e+00 1.00e+00h  1
2213  7.0303182e-04 4.13e-07 6.66e-05  -6.1 6.69e-04    -  1.00e+00 1.00e+00h  1
2214  9.3053817e-04 1.03e-02 3.49e-01  -4.0 1.26e-01    -  1.00e+00 1.00e+00f  1
2215  7.7559998e-04 2.81e-03 8.80e-02  -4.1 6.28e-02    -  1.00e+00 1.00e+00h  1
2216  7.3868448e-04 7.06e-04 2.04e-02  -4.1 3.29e-02    -  1.00e+00 1.00e+00h  1
2217  9.5620000e-04 2.98e-04 2.61e-03  -4.1 2.12e-02    -  1.00e+00 1.00e+00h  1
2218  7.0987273e-04 7.24e-06 1.80e-03  -4.1 3.02e-03    -  1.00e+00 1.00e+00h  1
2219  7.0772560e-04 2.99e-06 5.07e-03  -4.1 1.52e-03    -  1.00e+00 1.00e+00h  1
iter    objective    inf_pr   inf_du lg(mu)  ||d||  lg(rg) alpha_du alpha_pr  ls
2220  7.0939185e-04 3.38e-06 4.52e-03  -4.1 2.27e-03    -  1.00e+00 1.00e+00h  1
2221  7.0883389e-04 3.70e-07 7.14e-03  -4.1 1.91e-03    -  1.00e+00 1.00e+00H  1
2222  7.0818791e-04 1.21e-06 8.48e-04  -4.1 1.36e-03    -  1.00e+00 1.00e+00h  1
2223  7.0830534e-04 3.65e-08 1.97e-04  -4.1 2.20e-04    -  1.00e+00 1.00e+00h  1
2224  7.0815668e-04 1.39e-08 9.60e-04  -6.1 1.67e-04    -  1.00e+00 1.00e+00h  1
2225  7.0328325e-04 6.72e-05 3.70e-03  -6.1 4.97e-02    -  1.00e+00 2.50e-01h  3
2226  7.0067966e-04 4.03e-05 8.21e-03  -6.1 4.36e-03    -  1.00e+00 4.40e-01h  2
2227  8.1575558e-04 3.65e-03 4.22e-02  -4.0 8.97e-02    -  1.00e+00 1.00e+00h  1
2228  7.7169629e-04 9.79e-04 1.10e-02  -4.1 4.68e-02    -  1.00e+00 1.00e+00h  1
2229  1.2146745e-03 8.57e-04 1.65e-02  -4.1 5.51e-02    -  7.12e-01 5.00e-01h  2
iter    objective    inf_pr   inf_du lg(mu)  ||d||  lg(rg) alpha_du alpha_pr  ls
2230  7.2040169e-04 4.95e-05 2.79e-03  -4.1 8.88e-03    -  1.00e+00 9.75e-01h  1
2231  6.9428425e-04 3.24e-03 1.40e-01  -4.1 8.25e-02    -  1.00e+00 1.00e+00f  1
2232  6.9179632e-04 8.13e-04 3.32e-02  -4.0 4.17e-02    -  1.00e+00 1.00e+00h  1
2233  7.0279230e-04 2.21e-04 6.11e-03  -4.0 2.15e-02    -  1.00e+00 1.00e+00h  1
2234  7.1335593e-04 3.64e-05 2.34e-03  -4.1 8.88e-03    -  1.00e+00 1.00e+00h  1
2235  7.1478093e-04 1.35e-06 1.42e-03  -4.1 1.51e-03    -  1.00e+00 1.00e+00h  1
2236  7.0753106e-04 2.51e-07 1.93e-03  -4.1 6.64e-04    -  1.00e+00 1.00e+00h  1
2237  7.0868957e-04 1.05e-06 4.20e-03  -4.1 1.42e-03    -  1.00e+00 1.00e+00h  1
2238  7.0786059e-04 4.64e-07 7.07e-04  -4.1 9.97e-04    -  1.00e+00 1.00e+00h  1
2239  7.0765446e-04 2.55e-08 1.02e-03  -6.1 2.36e-04    -  1.00e+00 1.00e+00h  1
iter    objective    inf_pr   inf_du lg(mu)  ||d||  lg(rg) alpha_du alpha_pr  ls
2240  7.1742293e-04 1.49e-05 8.37e-01  -4.0 4.50e-02    -  1.00e+00 1.25e-01h  4
2241  7.0731839e-04 1.58e-05 4.24e-04  -4.1 6.02e-03    -  1.00e+00 1.00e+00h  1
2242  7.0618055e-04 9.86e-07 1.54e-04  -6.1 1.48e-03    -  1.00e+00 1.00e+00h  1
2243  7.0890090e-04 5.32e-07 1.00e-03  -6.1 4.66e-03    -  1.00e+00 1.00e+00H  1
2244  7.0303261e-04 3.90e-07 1.38e-04  -6.1 7.46e-04    -  1.00e+00 1.00e+00h  1
2245  7.0294210e-04 9.88e-09 2.27e-05  -6.1 1.31e-04    -  1.00e+00 1.00e+00h  1
2246  8.2679320e-04 4.08e-03 5.10e-01  -4.0 9.36e-02    -  1.00e+00 1.00e+00f  1
2247  7.5208338e-04 1.00e-03 1.29e-01  -4.1 4.67e-02    -  1.00e+00 1.00e+00h  1
2248  7.3185672e-04 2.66e-04 3.12e-02  -4.1 2.37e-02    -  1.00e+00 1.00e+00h  1
2249  9.2616107e-04 9.89e-05 4.75e-03  -4.1 1.41e-02    -  1.00e+00 1.00e+00h  1
iter    objective    inf_pr   inf_du lg(mu)  ||d||  lg(rg) alpha_du alpha_pr  ls
2250  7.0701045e-04 9.99e-06 2.02e-03  -4.1 4.52e-03    -  1.00e+00 1.00e+00h  1
2251  7.0941720e-04 4.43e-06 6.86e-03  -4.1 2.94e-03    -  1.00e+00 1.00e+00h  1
2252  7.0754078e-04 2.11e-06 1.21e-03  -4.1 2.10e-03    -  1.00e+00 1.00e+00h  1
2253  7.0782290e-04 6.69e-08 1.82e-04  -4.1 3.28e-04    -  1.00e+00 1.00e+00h  1
2254  7.0760496e-04 3.09e-08 1.08e-03  -6.1 2.40e-04    -  1.00e+00 1.00e+00h  1
2255  7.0733821e-04 7.06e-05 3.99e-02  -6.1 1.93e-01    -  1.00e+00 6.17e-02h  3
2256  7.0565491e-04 1.89e-05 2.84e-04  -6.1 5.42e-03    -  1.00e+00 1.00e+00h  1
2257  7.0352148e-04 9.91e-06 3.68e-03  -6.1 2.46e-03    -  1.00e+00 5.00e-01h  2
2258  7.0404891e-04 1.11e-07 1.91e-04  -6.1 4.75e-04    -  1.00e+00 1.00e+00h  1
2259  7.0275699e-04 2.31e-08 2.58e-05  -6.1 2.52e-04    -  1.00e+00 1.00e+00h  1
iter    objective    inf_pr   inf_du lg(mu)  ||d||  lg(rg) alpha_du alpha_pr  ls
2260  8.8494929e-04 6.07e-03 2.26e-01  -4.0 1.11e-01    -  1.00e+00 1.00e+00f  1
2261  7.6522505e-04 1.61e-03 5.67e-02  -4.1 5.62e-02    -  1.00e+00 1.00e+00h  1
2262  7.9279745e-04 4.62e-04 1.31e-02  -4.1 3.08e-02    -  1.00e+00 1.00e+00h  1
2263  7.2696559e-04 3.99e-04 6.62e-02  -4.1 3.70e-02    -  6.79e-01 2.50e-01h  3
2264  7.1430674e-04 2.72e-05 2.29e-03  -4.1 8.22e-03    -  1.00e+00 1.00e+00h  1
2265  7.0456196e-04 6.68e-06 8.50e-01  -4.1 4.14e-02    -  1.00e+00 9.17e-02H  1
2266  7.0476241e-04 5.98e-06 9.53e-04  -4.1 3.51e-03    -  1.00e+00 1.00e+00f  1
2267  7.1010842e-04 1.29e-05 3.45e-01  -4.1 3.08e-02    -  1.00e+00 1.25e-01h  4
2268  7.1620077e-04 4.89e-06 2.49e-02  -4.1 5.00e-03    -  1.00e+00 1.00e+00H  1
2269  7.0896012e-04 7.44e-06 5.94e-03  -4.1 3.77e-03    -  1.00e+00 1.00e+00h  1
iter    objective    inf_pr   inf_du lg(mu)  ||d||  lg(rg) alpha_du alpha_pr  ls
2270  7.0727951e-04 1.84e-06 2.76e-03  -4.1 1.94e-03    -  1.00e+00 1.00e+00h  1
2271  7.0786192e-04 2.22e-07 9.14e-04  -4.1 7.44e-04    -  1.00e+00 1.00e+00h  1
2272  7.0774086e-04 9.73e-08 1.16e-03  -4.1 4.07e-04    -  1.00e+00 1.00e+00h  1
2273  7.0763623e-04 2.12e-08 3.19e-04  -4.1 2.01e-04    -  1.00e+00 1.00e+00h  1
2274  7.0738823e-04 4.63e-08 1.24e-03  -6.1 2.88e-04    -  1.00e+00 1.00e+00h  1
2275  7.0023945e-04 2.69e-04 1.54e-02  -6.1 9.75e-02    -  1.00e+00 2.27e-01h  2
2276  6.9714754e-04 1.52e-04 4.15e-03  -6.1 1.11e-02    -  1.00e+00 5.00e-01h  2
2277  8.2461419e-04 2.96e-03 1.09e-02  -4.0 7.45e-02    -  1.00e+00 1.00e+00h  1
2278  8.4172320e-04 1.09e-03 3.09e-03  -4.1 4.28e-02    -  1.00e+00 1.00e+00h  1
2279  7.9973228e-04 4.59e-03 1.27e-02  -4.1 1.70e-01    -  1.00e+00 5.00e-01h  2
iter    objective    inf_pr   inf_du lg(mu)  ||d||  lg(rg) alpha_du alpha_pr  ls
2280  7.0244421e-04 2.83e-03 1.06e-03  -4.1 6.66e-02    -  1.00e+00 1.00e+00h  1
2281  8.2229438e-04 1.63e-03 4.13e-03  -4.1 4.28e-02    -  1.00e+00 5.00e-01h  2
2282  6.9171203e-04 5.93e-04 2.77e-03  -4.1 3.38e-02    -  1.00e+00 1.00e+00h  1
2283  7.3730992e-04 5.27e-04 4.96e-03  -4.0 4.80e-02    -  1.00e+00 2.50e-01h  3
2284  7.1503906e-04 7.65e-05 3.09e-03  -4.1 1.34e-02    -  1.00e+00 1.00e+00h  1
2285  7.2361114e-04 3.34e-04 1.76e-02  -4.1 2.56e-02    -  1.00e+00 1.00e+00h  1
2286  7.2480753e-04 1.30e-04 3.81e-03  -4.1 1.54e-02    -  1.00e+00 1.00e+00h  1
2287  7.1167318e-04 8.41e-05 8.83e-03  -4.1 1.49e-02    -  1.00e+00 5.00e-01h  2
2288  7.0491985e-04 1.66e-05 4.00e-03  -4.1 5.76e-03    -  1.00e+00 1.00e+00h  1
2289  7.2924814e-04 7.94e-06 2.22e-02  -4.1 6.15e-03    -  1.00e+00 1.00e+00H  1
iter    objective    inf_pr   inf_du lg(mu)  ||d||  lg(rg) alpha_du alpha_pr  ls
2290  7.1232430e-04 8.67e-06 8.10e-03  -4.1 3.87e-03    -  1.00e+00 1.00e+00H  1
2291  7.0672781e-04 1.26e-05 1.08e-02  -4.1 4.34e-03    -  1.00e+00 1.00e+00h  1
2292  7.0786109e-04 4.19e-06 2.33e-03  -4.1 2.73e-03    -  1.00e+00 1.00e+00h  1
2293  7.0789401e-04 1.61e-07 1.02e-03  -4.1 4.57e-04    -  1.00e+00 1.00e+00h  1
2294  7.0770204e-04 2.31e-08 1.35e-04  -4.1 1.36e-04    -  1.00e+00 1.00e+00h  1
2295  7.0740059e-04 8.51e-08 1.06e-03  -6.1 3.49e-04    -  1.00e+00 1.00e+00h  1
2296  6.9666469e-04 3.52e-04 9.97e-03  -6.1 7.82e-02    -  1.00e+00 3.01e-01h  2
2297  6.9948524e-04 2.72e-04 5.03e-03  -6.1 1.44e-02    -  1.00e+00 2.50e-01h  3
2298  7.0161308e-04 8.91e-05 5.63e-04  -6.1 1.16e-02    -  1.00e+00 1.00e+00h  1
2299  7.0222770e-04 6.69e-05 7.70e-04  -6.1 6.04e-03    -  1.00e+00 2.50e-01h  3
iter    objective    inf_pr   inf_du lg(mu)  ||d||  lg(rg) alpha_du alpha_pr  ls
2300  7.0131020e-04 3.72e-05 8.08e-03  -6.1 1.89e-03    -  1.00e+00 4.49e-01h  2
2301  7.0223002e-04 1.79e-06 1.45e-04  -6.1 1.83e-03    -  1.00e+00 1.00e+00h  1
2302  8.8472666e-04 2.73e-03 9.65e-02  -4.0 1.30e-01    -  1.00e+00 5.00e-01f  2
2303  7.6689616e-04 1.30e-03 1.15e-02  -4.1 3.56e-02    -  1.00e+00 1.00e+00h  1
2304  7.4091414e-04 1.09e-03 5.55e-02  -4.1 6.41e-02    -  1.00e+00 2.50e-01h  3
2305  8.3195607e-04 9.96e-04 7.00e-03  -4.1 3.62e-02    -  1.00e+00 1.00e+00h  1
2306  7.1443839e-04 2.91e-04 3.05e-03  -4.1 1.61e-02    -  1.00e+00 1.00e+00h  1
2307  7.2452377e-04 2.78e-04 2.18e-02  -4.1 2.36e-02    -  1.00e+00 1.00e+00h  1
2308  7.0977871e-04 1.39e-04 3.23e-03  -4.1 1.62e-02    -  1.00e+00 1.00e+00h  1
2309  7.4401656e-04 1.03e-04 1.46e-02  -4.1 1.18e-02    -  1.00e+00 1.00e+00h  1
iter    objective    inf_pr   inf_du lg(mu)  ||d||  lg(rg) alpha_du alpha_pr  ls
2310  7.0821567e-04 9.44e-05 4.76e-03  -4.1 1.12e-02    -  1.00e+00 1.00e+00h  1
2311  7.0934765e-04 4.33e-05 9.06e-03  -4.1 7.50e-03    -  1.00e+00 1.00e+00h  1
2312  7.0853865e-04 2.46e-05 4.18e-03  -4.1 4.70e-03    -  1.00e+00 1.00e+00h  1
2313  7.0660096e-04 2.20e-06 3.99e-03  -4.1 2.26e-03    -  1.00e+00 1.00e+00h  1
2314  7.0788360e-04 1.62e-06 3.49e-03  -4.1 1.64e-03    -  1.00e+00 1.00e+00h  1
2315  7.0783446e-04 1.14e-06 2.32e-03  -4.1 1.43e-03    -  1.00e+00 1.00e+00h  1
2316  7.0748439e-04 2.46e-07 2.46e-04  -4.1 4.42e-04    -  1.00e+00 1.00e+00h  1
2317  7.0724577e-04 3.29e-08 1.23e-03  -6.1 2.62e-04    -  1.00e+00 1.00e+00h  1
2318  7.0417076e-04 4.63e-05 4.31e-02  -6.1 1.36e-01    -  1.00e+00 7.22e-02h  3
2319  7.0263182e-04 2.83e-05 5.35e-03  -6.1 5.11e-03    -  1.00e+00 5.00e-01h  2
iter    objective    inf_pr   inf_du lg(mu)  ||d||  lg(rg) alpha_du alpha_pr  ls
2320  7.0460356e-04 1.72e-05 3.87e-03  -6.1 4.41e-03    -  1.00e+00 5.00e-01h  2
2321  7.0173123e-04 7.69e-08 3.42e-04  -6.1 3.70e-04    -  1.00e+00 1.00e+00h  1
2322  8.7409658e-04 6.41e-03 2.41e-01  -4.0 1.16e-01    -  1.00e+00 1.00e+00f  1
2323  7.6580380e-04 1.65e-03 6.06e-02  -4.1 5.78e-02    -  1.00e+00 1.00e+00h  1
2324  7.3033110e-04 5.37e-04 1.50e-02  -4.1 3.02e-02    -  1.00e+00 1.00e+00h  1
2325  8.8814973e-04 2.25e-04 2.05e-03  -4.1 1.95e-02    -  1.00e+00 1.00e+00h  1
2326  7.1979937e-04 2.36e-05 4.45e-03  -4.1 7.30e-03    -  1.00e+00 1.00e+00h  1
2327  7.3289076e-04 1.26e-04 1.86e-02  -4.1 1.51e-02    -  1.00e+00 1.00e+00h  1
2328  7.0940555e-04 4.67e-05 1.91e-03  -4.1 9.49e-03    -  1.00e+00 1.00e+00h  1
2329  7.2294021e-04 6.36e-06 7.82e-03  -4.1 3.12e-03    -  1.00e+00 1.00e+00h  1
iter    objective    inf_pr   inf_du lg(mu)  ||d||  lg(rg) alpha_du alpha_pr  ls
2330  7.0747871e-04 8.33e-06 7.07e-03  -4.1 3.90e-03    -  1.00e+00 1.00e+00h  1
2331  7.0852527e-04 1.90e-06 3.31e-03  -4.1 2.01e-03    -  1.00e+00 1.00e+00h  1
2332  7.0746762e-04 6.45e-07 3.04e-03  -4.1 1.17e-03    -  1.00e+00 1.00e+00h  1
2333  7.0785979e-04 3.15e-07 9.04e-04  -4.1 5.86e-04    -  1.00e+00 1.00e+00h  1
2334  7.0786079e-04 2.27e-08 4.86e-04  -4.1 1.44e-04    -  1.00e+00 1.00e+00h  1
2335  7.0762971e-04 3.40e-08 1.37e-03  -6.1 2.40e-04    -  1.00e+00 1.00e+00h  1
2336  7.0566332e-04 2.57e-05 1.83e-02  -6.1 1.16e-01    -  1.00e+00 5.51e-02h  4
2337  7.0317666e-04 1.31e-05 1.47e-02  -6.1 1.41e-03    -  1.00e+00 4.77e-01h  2
2338  7.0274729e-04 8.26e-07 2.42e-04  -6.1 1.05e-03    -  1.00e+00 1.00e+00h  1
2339  7.0263588e-04 5.68e-08 4.01e-04  -6.1 2.62e-04    -  1.00e+00 1.00e+00h  1
iter    objective    inf_pr   inf_du lg(mu)  ||d||  lg(rg) alpha_du alpha_pr  ls
2340  9.1710281e-04 6.91e-03 1.76e-01  -4.0 1.12e-01    -  1.00e+00 1.00e+00f  1
2341  7.6867680e-04 1.91e-03 4.43e-02  -4.1 5.63e-02    -  1.00e+00 1.00e+00h  1
2342  7.2621400e-04 5.46e-04 1.08e-02  -4.1 3.02e-02    -  1.00e+00 1.00e+00h  1
2343  7.0670163e-04 1.94e-04 1.72e-03  -4.1 2.06e-02    -  1.00e+00 1.00e+00h  1
2344  7.1037004e-04 1.79e-06 8.83e-04  -4.1 1.75e-03    -  1.00e+00 1.00e+00h  1
2345  7.1479768e-04 3.20e-05 3.23e-02  -4.1 8.46e-03    -  1.00e+00 1.00e+00h  1
2346  7.0960938e-04 1.21e-05 6.98e-03  -4.1 5.26e-03    -  1.00e+00 1.00e+00h  1
2347  7.0697443e-04 5.28e-06 4.27e-03  -4.1 2.87e-03    -  1.00e+00 1.00e+00h  1
2348  7.0752221e-04 1.79e-06 4.76e-03  -4.1 1.61e-03    -  1.00e+00 1.00e+00h  1
2349  7.0758517e-04 4.11e-07 1.06e-03  -4.1 7.33e-04    -  1.00e+00 1.00e+00h  1
iter    objective    inf_pr   inf_du lg(mu)  ||d||  lg(rg) alpha_du alpha_pr  ls
2350  7.0750890e-04 5.25e-09 1.03e-04  -4.1 8.60e-05    -  1.00e+00 1.00e+00h  1
2351  7.0757114e-04 3.51e-09 2.21e-04  -4.0 7.54e-05    -  1.00e+00 1.00e+00h  1
2352  7.0752919e-04 6.82e-09 3.61e-04  -4.1 5.95e-05    -  1.00e+00 1.00e+00h  1
2353  7.0721587e-04 2.21e-07 1.15e-03  -6.1 4.27e-04    -  1.00e+00 1.00e+00h  1
2354  7.0642297e-04 2.23e-06 1.15e-03  -6.1 1.75e-03    -  1.00e+00 1.00e+00h  1
2355  7.0390618e-04 2.24e-05 1.24e-02  -6.1 2.06e-02    -  1.00e+00 2.37e-01h  2
2356  7.0258093e-04 1.31e-05 4.67e-04  -6.1 3.71e-03    -  1.00e+00 1.00e+00h  1
2357  7.1557683e-04 2.94e-09 7.57e-04  -6.1 4.15e-03    -  1.00e+00 1.00e+00H  1
2358  7.0211585e-04 1.98e-05 1.37e-04  -6.1 3.57e-03    -  1.00e+00 1.00e+00h  1
2359  7.0221025e-04 9.73e-08 6.09e-05  -6.1 3.84e-04    -  1.00e+00 1.00e+00h  1
iter    objective    inf_pr   inf_du lg(mu)  ||d||  lg(rg) alpha_du alpha_pr  ls
2360  8.6515404e-04 5.26e-04 2.76e-01  -4.0 1.13e-01    -  1.00e+00 2.50e-01f  3
2361  7.2801758e-04 1.86e-04 5.39e-03  -4.1 1.72e-02    -  1.00e+00 1.00e+00h  1
2362  7.0692295e-04 2.27e-04 1.45e-02  -4.1 1.84e-02    -  1.00e+00 1.00e+00h  1
2363  7.0840073e-04 1.18e-04 2.29e-03  -4.1 1.37e-02    -  1.00e+00 1.00e+00h  1
2364  7.2467319e-04 1.12e-04 4.03e-02  -4.1 1.52e-02    -  1.00e+00 8.10e-01H  1
2365  7.0993058e-04 5.84e-05 7.60e-03  -4.1 9.95e-03    -  1.00e+00 1.00e+00f  1
2366  7.2694934e-04 1.03e-04 1.23e-02  -4.1 1.35e-02    -  1.00e+00 1.00e+00h  1
2367  7.0762144e-04 4.32e-05 2.84e-03  -4.1 8.73e-03    -  1.00e+00 1.00e+00h  1
2368  7.0702239e-04 3.39e-06 2.66e-03  -4.1 2.40e-03    -  1.00e+00 1.00e+00h  1
2369  7.0799444e-04 1.75e-06 2.98e-03  -4.1 1.41e-03    -  1.00e+00 1.00e+00h  1
iter    objective    inf_pr   inf_du lg(mu)  ||d||  lg(rg) alpha_du alpha_pr  ls
2370  7.0729065e-04 4.59e-07 1.77e-03  -4.1 7.87e-04    -  1.00e+00 1.00e+00h  1
2371  7.0738104e-04 1.61e-08 3.06e-04  -4.1 1.31e-04    -  1.00e+00 1.00e+00h  1
2372  7.0745430e-04 3.73e-09 1.72e-04  -4.0 7.46e-05    -  1.00e+00 1.00e+00h  1
2373  7.0746663e-04 7.46e-09 3.12e-04  -4.0 9.53e-05    -  1.00e+00 1.00e+00h  1
2374  7.0751538e-04 1.19e-10 1.11e-03  -4.1 3.34e-04    -  1.00e+00 1.00e+00H  1
2375  7.0743373e-04 3.30e-09 7.94e-04  -4.0 7.14e-05    -  1.00e+00 1.00e+00h  1
2376  7.0740140e-04 3.52e-09 1.28e-04  -4.1 5.89e-05    -  1.00e+00 1.00e+00h  1
2377  7.0744409e-04 2.50e-09 1.33e-04  -4.0 5.42e-05    -  1.00e+00 1.00e+00h  1
2378  7.0740010e-04 2.65e-09 2.65e-04  -4.1 4.57e-05    -  1.00e+00 1.00e+00h  1
2379  7.0742652e-04 3.53e-09 3.23e-04  -4.0 7.15e-05    -  1.00e+00 1.00e+00h  1
iter    objective    inf_pr   inf_du lg(mu)  ||d||  lg(rg) alpha_du alpha_pr  ls
2380  7.0738198e-04 6.83e-09 4.74e-04  -4.1 9.88e-05    -  1.00e+00 1.00e+00h  1
2381  7.0730189e-04 3.31e-07 1.49e-03  -6.1 7.88e-04    -  1.00e+00 1.00e+00h  1
2382  7.0632994e-04 4.89e-07 2.75e-03  -6.1 8.84e-04    -  1.00e+00 1.00e+00h  1
2383  7.0587199e-04 1.05e-06 4.06e-03  -6.1 1.11e-02    -  1.00e+00 1.25e-01h  4
2384  7.0420171e-04 7.70e-06 4.91e-03  -6.1 6.40e-03    -  1.00e+00 5.00e-01h  2
2385  7.0271505e-04 5.29e-06 1.73e-02  -6.1 5.16e-03    -  1.00e+00 3.49e-01h  2
2386  7.0338313e-04 1.96e-06 8.56e-04  -6.1 4.93e-03    -  1.00e+00 1.00e+00H  1
2387  7.0256300e-04 1.21e-05 1.22e-03  -6.1 6.76e-03    -  1.00e+00 5.00e-01h  2
2388  7.0121172e-04 1.82e-05 8.27e-04  -6.1 6.35e-03    -  1.00e+00 1.00e+00h  1
2389  8.7333886e-04 2.60e-03 1.85e-02  -4.0 1.15e-01    -  1.00e+00 5.00e-01h  2
iter    objective    inf_pr   inf_du lg(mu)  ||d||  lg(rg) alpha_du alpha_pr  ls
2390  8.9230582e-04 1.81e-03 5.93e-03  -4.1 4.77e-02    -  1.00e+00 1.00e+00h  1
2391  8.6578449e-04 2.41e-03 4.32e-02  -4.1 3.10e-01    -  8.17e-01 1.25e-01h  4
2392  7.6558838e-04 2.07e-03 8.11e-03  -4.1 1.44e-01    -  1.00e+00 2.50e-01h  3
2393  8.0199539e-04 8.88e-04 7.98e-03  -4.1 6.21e-02    -  1.00e+00 1.00e+00H  1
2394  7.6583216e-04 6.67e-04 1.13e-02  -4.1 1.22e-01    -  1.00e+00 2.50e-01h  3
2395  7.1595682e-04 1.58e-03 3.35e-03  -4.1 4.61e-02    -  1.00e+00 1.00e+00h  1
2396  7.5456603e-04 1.12e-03 1.91e-02  -4.1 8.19e-02    -  1.00e+00 5.00e-01h  2
2397  7.2253226e-04 1.52e-03 2.26e-03  -4.1 4.08e-02    -  1.00e+00 1.00e+00h  1
2398  1.7415896e-03 8.14e-04 1.58e-02  -4.1 3.79e-02    -  1.00e+00 6.21e-01H  1
2399  7.2156943e-04 2.47e-04 2.66e-03  -4.1 2.34e-02    -  1.00e+00 1.00e+00f  1
iter    objective    inf_pr   inf_du lg(mu)  ||d||  lg(rg) alpha_du alpha_pr  ls
2400  7.2110373e-04 4.20e-05 9.55e-03  -4.1 3.15e-02    -  1.00e+00 8.75e-01H  1
2401  7.2716199e-04 1.29e-04 2.73e-03  -4.1 2.36e-02    -  1.00e+00 5.00e-01f  2
2402  7.0761161e-04 1.07e-04 8.37e-02  -4.1 5.04e-02    -  1.00e+00 2.50e-01h  3
2403  7.1666634e-04 5.90e-05 2.15e-01  -4.1 2.46e-02    -  1.00e+00 5.39e-01H  1
2404  7.1231354e-04 4.08e-05 5.77e-03  -4.1 1.00e-02    -  1.00e+00 1.00e+00f  1
2405  7.2333758e-04 9.53e-05 8.84e-03  -4.1 1.73e-02    -  1.00e+00 1.00e+00h  1
2406  7.0471587e-04 7.88e-05 8.95e-03  -4.1 8.44e-03    -  1.00e+00 1.00e+00h  1
2407  7.1000782e-04 3.44e-05 8.18e-03  -4.1 6.95e-03    -  1.00e+00 1.00e+00h  1
2408  7.0693346e-04 1.32e-05 3.82e-03  -4.1 3.49e-03    -  1.00e+00 1.00e+00h  1
2409  7.0712318e-04 2.63e-06 3.18e-03  -4.1 2.58e-03    -  1.00e+00 1.00e+00h  1
iter    objective    inf_pr   inf_du lg(mu)  ||d||  lg(rg) alpha_du alpha_pr  ls
2410  7.0779185e-04 1.34e-06 1.76e-03  -4.1 1.47e-03    -  1.00e+00 1.00e+00h  1
2411  7.0715282e-04 4.15e-07 7.36e-04  -4.1 7.12e-04    -  1.00e+00 1.00e+00h  1
2412  7.0693717e-04 3.87e-08 1.07e-03  -6.1 2.20e-04    -  1.00e+00 1.00e+00h  1
2413  6.9954455e-04 8.14e-05 2.38e-04  -6.1 1.01e-02    -  1.00e+00 1.00e+00h  1
2414  7.0415701e-04 1.91e-05 2.57e-03  -6.1 3.05e-03    -  1.00e+00 8.08e-01h  1
2415  7.0305707e-04 2.87e-06 1.40e-04  -6.2 2.19e-03    -  1.00e+00 1.00e+00h  1
2416  7.0345546e-04 3.29e-07 4.75e-04  -6.2 6.72e-04    -  1.00e+00 1.00e+00h  1
2417  7.0213563e-04 2.60e-07 7.15e-05  -6.2 5.11e-04    -  1.00e+00 1.00e+00h  1
2418  7.0210404e-04 1.04e-08 1.67e-05  -6.2 1.09e-04    -  1.00e+00 1.00e+00h  1
2419  1.0366433e-03 2.81e-03 5.70e-02  -4.0 1.21e-01    -  1.00e+00 5.00e-01f  2
iter    objective    inf_pr   inf_du lg(mu)  ||d||  lg(rg) alpha_du alpha_pr  ls
2420  8.7331358e-04 8.66e-04 1.22e-02  -4.1 3.05e-02    -  1.00e+00 1.00e+00h  1
2421  7.1597295e-04 6.36e-04 3.38e-03  -4.1 3.10e-02    -  1.00e+00 1.00e+00h  1
2422  7.0900008e-04 7.48e-05 1.69e-03  -4.1 9.61e-03    -  1.00e+00 1.00e+00h  1
2423  7.1097962e-04 3.22e-05 1.51e-01  -4.1 1.89e-02    -  1.00e+00 5.32e-01H  1
2424  7.0603707e-04 3.12e-05 3.63e-02  -4.1 1.24e-02    -  1.00e+00 2.50e-01f  3
2425  7.0892830e-04 3.35e-05 2.31e-02  -4.1 1.52e-02    -  1.00e+00 2.50e-01h  3
2426  7.1463214e-04 5.04e-05 7.09e-02  -4.1 1.08e-02    -  1.00e+00 5.00e-01h  2
2427  7.0490175e-04 1.73e-05 7.79e-03  -4.1 4.89e-03    -  1.00e+00 1.00e+00h  1
2428  7.0796614e-04 7.43e-06 5.20e-03  -4.1 3.50e-03    -  1.00e+00 1.00e+00h  1
2429  7.0722540e-04 3.70e-06 4.53e-03  -4.1 2.07e-03    -  1.00e+00 1.00e+00h  1
iter    objective    inf_pr   inf_du lg(mu)  ||d||  lg(rg) alpha_du alpha_pr  ls
2430  7.0680773e-04 1.68e-06 2.63e-03  -4.1 1.68e-03    -  1.00e+00 1.00e+00h  1
2431  7.0793086e-04 2.86e-07 2.67e-03  -4.1 6.42e-04    -  1.00e+00 1.00e+00h  1
2432  7.0727163e-04 5.97e-08 1.00e-03  -4.1 2.22e-04    -  1.00e+00 1.00e+00h  1
2433  7.0708578e-04 1.69e-08 1.75e-04  -4.1 1.80e-04    -  1.00e+00 1.00e+00h  1
2434  7.0684688e-04 4.34e-08 1.09e-03  -6.1 2.60e-04    -  1.00e+00 1.00e+00h  1
2435  7.0635862e-04 3.87e-06 2.43e-02  -6.1 1.09e-01    -  1.00e+00 2.32e-02h  5
2436  6.9993157e-04 1.27e-05 8.86e-04  -6.1 5.56e-03    -  1.00e+00 1.00e+00h  1
2437  8.7083791e-04 1.63e-03 8.52e-02  -4.0 6.60e-02    -  1.00e+00 1.00e+00f  1
2438  7.5936122e-04 4.20e-04 2.04e-02  -4.1 3.35e-02    -  1.00e+00 1.00e+00h  1
2439  9.2806265e-04 3.40e-04 4.24e-03  -4.1 2.18e-02    -  1.00e+00 1.00e+00h  1
iter    objective    inf_pr   inf_du lg(mu)  ||d||  lg(rg) alpha_du alpha_pr  ls
2440  1.0318042e-03 2.41e-05 2.54e-03  -4.1 6.64e-03    -  1.00e+00 1.00e+00h  1
2441  7.2057087e-04 1.69e-04 2.66e-02  -4.1 1.81e-02    -  1.00e+00 1.00e+00h  1
2442  7.2757166e-04 7.37e-05 2.50e-03  -4.1 1.23e-02    -  1.00e+00 1.00e+00h  1
2443  7.8249869e-04 2.34e-05 7.32e-03  -4.1 5.78e-03    -  1.00e+00 1.00e+00h  1
2444  7.0998212e-04 3.30e-05 7.76e-03  -4.1 7.40e-03    -  1.00e+00 1.00e+00h  1
2445  7.0827487e-04 1.38e-05 7.50e-03  -4.1 5.78e-03    -  1.00e+00 1.00e+00h  1
2446  7.0765701e-04 6.66e-06 2.79e-03  -4.1 3.26e-03    -  1.00e+00 1.00e+00h  1
2447  7.0720316e-04 2.30e-06 6.54e-03  -4.1 1.89e-03    -  1.00e+00 1.00e+00h  1
2448  7.0709119e-04 1.12e-06 7.66e-04  -4.1 1.24e-03    -  1.00e+00 1.00e+00h  1
2449  7.0680755e-04 4.61e-08 1.02e-03  -6.1 2.89e-04    -  1.00e+00 1.00e+00h  1
iter    objective    inf_pr   inf_du lg(mu)  ||d||  lg(rg) alpha_du alpha_pr  ls
2450  7.0596012e-04 1.74e-06 2.71e-03  -6.1 2.91e-02    -  1.00e+00 6.25e-02h  5
2451  7.0450471e-04 7.26e-06 1.25e-02  -6.1 9.86e-03    -  1.00e+00 3.93e-01h  2
2452  7.0254189e-04 4.97e-07 1.18e-04  -6.1 6.93e-04    -  1.00e+00 1.00e+00h  1
2453  7.0202689e-04 2.44e-08 1.32e-04  -6.1 1.74e-04    -  1.00e+00 1.00e+00h  1
2454  8.3332779e-04 4.35e-03 3.36e-01  -4.0 9.35e-02    -  1.00e+00 1.00e+00f  1
2455  7.5476380e-04 1.13e-03 8.43e-02  -4.1 4.67e-02    -  1.00e+00 1.00e+00h  1
2456  7.2498373e-04 2.90e-04 2.04e-02  -4.1 2.41e-02    -  1.00e+00 1.00e+00h  1
2457  7.5101734e-04 8.96e-05 3.13e-03  -4.1 1.46e-02    -  1.00e+00 1.00e+00h  1
2458  7.1972851e-04 3.46e-05 4.68e-01  -4.1 3.11e-02    -  1.00e+00 2.50e-01H  1
2459  7.1875180e-04 1.82e-05 4.85e-03  -4.1 5.92e-03    -  1.00e+00 1.00e+00f  1
iter    objective    inf_pr   inf_du lg(mu)  ||d||  lg(rg) alpha_du alpha_pr  ls
2460  7.4629996e-04 7.96e-05 1.27e-02  -4.1 1.19e-02    -  1.00e+00 1.00e+00h  1
2461  7.1820746e-04 1.98e-05 2.56e-03  -4.1 6.42e-03    -  1.00e+00 1.00e+00h  1
2462  7.0656956e-04 2.84e-06 5.09e-03  -4.1 1.78e-03    -  1.00e+00 1.00e+00h  1
2463  7.0873527e-04 4.22e-06 5.71e-03  -4.1 2.98e-03    -  1.00e+00 1.00e+00h  1
2464  7.0712942e-04 1.01e-06 1.33e-03  -4.1 1.51e-03    -  1.00e+00 1.00e+00h  1
2465  7.0704852e-04 2.67e-07 1.84e-03  -4.1 6.16e-04    -  1.00e+00 1.00e+00h  1
2466  7.0710277e-04 7.44e-08 6.46e-04  -4.1 3.00e-04    -  1.00e+00 1.00e+00h  1
2467  7.0686006e-04 2.49e-08 1.27e-03  -6.1 2.59e-04    -  1.00e+00 1.00e+00h  1
2468  7.0001142e-04 1.94e-04 7.71e-03  -6.1 6.15e-02    -  1.00e+00 3.56e-01h  2
2469  6.9367159e-04 1.07e-04 3.89e-03  -6.1 1.05e-02    -  1.00e+00 5.00e-01h  2
iter    objective    inf_pr   inf_du lg(mu)  ||d||  lg(rg) alpha_du alpha_pr  ls
2470  7.8731540e-04 1.68e-03 9.28e-03  -4.0 6.32e-02    -  1.00e+00 1.00e+00h  1
2471  7.1385336e-04 8.20e-04 1.46e-03  -4.1 4.19e-02    -  1.00e+00 1.00e+00h  1
2472  9.0774443e-04 1.39e-04 2.10e-01  -4.1 1.43e-01    -  1.00e+00 8.54e-02H  1
2473  7.0235583e-04 6.45e-05 2.52e-04  -4.1 1.12e-02    -  1.00e+00 1.00e+00f  1
2474  7.0306254e-04 3.67e-07 1.22e-04  -6.1 9.68e-04    -  1.00e+00 1.00e+00h  1
2475  7.0206035e-04 1.31e-06 1.09e-04  -6.1 1.29e-03    -  1.00e+00 1.00e+00h  1
2476  7.0188445e-04 1.41e-07 2.42e-04  -6.1 3.96e-04    -  1.00e+00 1.00e+00h  1
2477  8.8131723e-04 2.60e-03 2.09e-01  -4.0 8.52e-02    -  1.00e+00 1.00e+00f  1
2478  7.9807265e-04 6.26e-04 5.29e-02  -4.1 4.29e-02    -  1.00e+00 1.00e+00h  1
2479  1.3217701e-03 2.73e-04 5.24e-03  -4.1 2.40e-02    -  1.00e+00 1.00e+00h  1
iter    objective    inf_pr   inf_du lg(mu)  ||d||  lg(rg) alpha_du alpha_pr  ls
2480  7.6712355e-04 4.43e-05 1.24e-02  -4.1 5.45e-03    -  1.00e+00 8.39e-01h  1
2481  7.0555229e-04 6.84e-05 1.10e-03  -4.1 1.46e-02    -  1.00e+00 1.00e+00f  1
2482  7.0761781e-04 3.81e-06 1.67e-03  -4.1 2.69e-03    -  1.00e+00 1.00e+00h  1
2483  7.0664707e-04 3.26e-06 6.71e-03  -4.1 1.67e-03    -  1.00e+00 1.00e+00h  1
2484  7.0693217e-04 2.20e-06 1.62e-03  -4.1 1.72e-03    -  1.00e+00 1.00e+00h  1
2485  7.0734940e-04 2.26e-07 1.16e-03  -4.1 5.22e-04    -  1.00e+00 1.00e+00h  1
2486  7.0708086e-04 4.73e-08 4.89e-04  -4.1 2.61e-04    -  1.00e+00 1.00e+00h  1
2487  7.0679242e-04 5.90e-08 1.15e-03  -6.1 2.82e-04    -  1.00e+00 1.00e+00h  1
2488  7.0472692e-04 2.06e-05 7.97e-03  -6.1 4.94e-02    -  1.00e+00 1.09e-01h  4
2489  7.0310457e-04 1.08e-05 1.05e-02  -6.1 2.17e-03    -  1.00e+00 4.43e-01h  2
iter    objective    inf_pr   inf_du lg(mu)  ||d||  lg(rg) alpha_du alpha_pr  ls
2490  7.0236839e-04 4.86e-06 3.14e-03  -6.1 2.50e-03    -  1.00e+00 5.00e-01h  2
2491  7.0201455e-04 1.80e-07 2.13e-04  -6.1 4.20e-04    -  1.00e+00 1.00e+00h  1
2492  7.0184692e-04 7.84e-09 7.58e-05  -6.1 1.12e-04    -  1.00e+00 1.00e+00h  1
2493  1.1565040e-03 7.54e-03 3.85e-01  -4.0 1.09e-01    -  1.00e+00 1.00e+00f  1
2494  7.8653785e-04 2.11e-03 9.50e-02  -4.1 5.50e-02    -  1.00e+00 1.00e+00h  1
2495  7.2889852e-04 4.85e-04 2.38e-02  -4.1 2.69e-02    -  1.00e+00 1.00e+00h  1
2496  7.3542198e-04 2.81e-04 1.01e-02  -4.1 1.82e-02    -  1.00e+00 1.00e+00h  1
2497  8.3802995e-04 8.34e-05 5.75e-02  -4.1 2.20e-02    -  1.00e+00 6.64e-01H  1
2498  7.1030508e-04 8.69e-05 9.63e-03  -4.1 1.01e-02    -  1.00e+00 1.00e+00f  1
2499  7.2928697e-04 6.69e-05 1.13e-02  -4.1 1.00e-02    -  1.00e+00 1.00e+00h  1
iter    objective    inf_pr   inf_du lg(mu)  ||d||  lg(rg) alpha_du alpha_pr  ls
2500  7.0660619e-04 2.51e-05 3.21e-03  -4.1 6.02e-03    -  1.00e+00 1.00e+00h  1
2501  7.0958697e-04 6.71e-06 4.63e-03  -4.1 2.63e-03    -  1.00e+00 1.00e+00h  1
2502  7.0701194e-04 2.97e-06 3.55e-03  -4.1 2.18e-03    -  1.00e+00 1.00e+00h  1
2503  7.0758939e-04 2.50e-06 5.48e-03  -4.1 1.74e-03    -  1.00e+00 1.00e+00h  1
2504  7.0745675e-04 7.92e-07 6.03e-04  -4.1 1.16e-03    -  1.00e+00 1.00e+00h  1
2505  7.0721508e-04 2.94e-08 1.17e-03  -6.1 2.42e-04    -  1.00e+00 1.00e+00h  1
2506  7.0436393e-04 4.02e-05 6.46e-04  -6.1 3.93e-02    -  1.00e+00 2.50e-01h  3
2507  7.0096543e-04 2.41e-05 9.12e-03  -6.1 2.35e-03    -  1.00e+00 3.89e-01h  2
2508  7.0262179e-04 4.27e-06 6.72e-04  -6.1 3.01e-03    -  1.00e+00 1.00e+00h  1
2509  7.0238942e-04 2.47e-07 2.33e-04  -6.1 6.08e-04    -  1.00e+00 1.00e+00h  1
iter    objective    inf_pr   inf_du lg(mu)  ||d||  lg(rg) alpha_du alpha_pr  ls
2510  7.0181941e-04 4.57e-08 9.14e-05  -6.1 2.72e-04    -  1.00e+00 1.00e+00h  1
2511  8.5254580e-04 4.33e-03 2.88e-01  -4.0 1.03e-01    -  1.00e+00 1.00e+00f  1
2512  7.5983316e-04 1.18e-03 7.17e-02  -4.1 5.15e-02    -  1.00e+00 1.00e+00h  1
2513  7.2759305e-04 3.26e-04 1.76e-02  -4.1 2.68e-02    -  1.00e+00 1.00e+00h  1
2514  7.5039563e-04 1.19e-04 2.34e-03  -4.1 1.66e-02    -  1.00e+00 1.00e+00h  1
2515  7.1163739e-04 4.57e-05 2.04e-01  -4.1 2.73e-02    -  1.00e+00 3.67e-01H  1
2516  7.1457192e-04 2.38e-05 2.92e-03  -4.1 7.26e-03    -  1.00e+00 1.00e+00f  1
2517  7.5991207e-04 1.13e-04 2.13e-02  -4.1 1.55e-02    -  1.00e+00 1.00e+00h  1
2518  7.0913755e-04 5.05e-05 3.48e-03  -4.1 1.00e-02    -  1.00e+00 1.00e+00h  1
2519  7.0731155e-04 6.21e-06 4.63e-03  -4.1 4.00e-03    -  1.00e+00 1.00e+00h  1
iter    objective    inf_pr   inf_du lg(mu)  ||d||  lg(rg) alpha_du alpha_pr  ls
2520  7.0832254e-04 5.34e-06 4.83e-03  -4.1 3.42e-03    -  1.00e+00 1.00e+00h  1
2521  7.0703031e-04 1.37e-06 1.24e-03  -4.1 1.46e-03    -  1.00e+00 1.00e+00h  1
2522  7.0715041e-04 7.03e-08 6.17e-04  -4.1 3.90e-04    -  1.00e+00 1.00e+00h  1
2523  7.0682964e-04 4.24e-08 8.99e-04  -6.1 2.70e-04    -  1.00e+00 1.00e+00h  1
2524  7.0555547e-04 1.11e-06 1.12e-03  -6.1 1.56e-03    -  1.00e+00 1.00e+00h  1
2525  7.0441967e-04 2.93e-06 1.15e-02  -6.1 1.61e-02    -  1.00e+00 1.44e-01h  3
2526  7.0301210e-04 2.58e-06 1.58e-02  -6.1 3.20e-03    -  1.00e+00 4.07e-01h  2
2527  7.0194402e-04 1.16e-06 9.27e-03  -6.1 1.31e-03    -  1.00e+00 5.00e-01h  2
2528  7.0186772e-04 4.19e-08 5.07e-05  -6.1 2.17e-04    -  1.00e+00 1.00e+00h  1
2529  7.0180565e-04 9.49e-09 1.84e-05  -6.1 1.09e-04    -  1.00e+00 1.00e+00h  1
iter    objective    inf_pr   inf_du lg(mu)  ||d||  lg(rg) alpha_du alpha_pr  ls
2530  9.2150087e-04 6.31e-03 4.23e-02  -4.0 1.09e-01    -  1.00e+00 1.00e+00f  1
2531  7.6010805e-04 1.94e-03 1.04e-02  -4.1 5.72e-02    -  1.00e+00 1.00e+00h  1
2532  7.7657854e-04 7.01e-04 2.71e-03  -4.1 3.73e-02    -  1.00e+00 1.00e+00h  1
2533  7.4210625e-04 6.64e-04 1.87e-02  -4.1 2.65e-01    -  3.65e-01 6.25e-02h  5
2534  7.3591550e-04 4.04e-04 2.62e-03  -4.1 5.57e-02    -  1.00e+00 3.88e-01H  1
2535  7.1665150e-04 1.06e-03 2.70e-03  -4.1 3.72e-02    -  1.00e+00 1.00e+00f  1
2536  7.0004752e-04 4.10e-04 3.69e-03  -4.1 2.46e-02    -  1.00e+00 1.00e+00h  1
2537  7.0181559e-04 3.98e-04 1.63e-02  -4.1 5.87e-02    -  1.00e+00 2.50e-01h  3
2538  7.6307131e-04 2.36e-04 4.24e-03  -4.1 2.06e-02    -  1.00e+00 1.00e+00h  1
2539  7.3845831e-04 3.77e-04 1.32e-02  -4.1 2.20e-02    -  1.00e+00 1.00e+00h  1
iter    objective    inf_pr   inf_du lg(mu)  ||d||  lg(rg) alpha_du alpha_pr  ls
2540  7.0623536e-04 2.94e-04 4.34e-03  -4.1 2.19e-02    -  1.00e+00 1.00e+00h  1
2541  7.5291444e-04 1.25e-04 2.96e-03  -4.1 1.40e-02    -  1.00e+00 1.00e+00h  1
2542  8.0374632e-04 1.17e-04 2.29e-02  -4.1 1.57e-02    -  1.00e+00 1.00e+00h  1
2543  7.1346220e-04 5.81e-05 6.07e-03  -4.1 1.12e-02    -  1.00e+00 1.00e+00h  1
2544  7.4406141e-04 6.40e-05 1.97e-02  -4.1 2.21e-02    -  1.00e+00 5.00e-01h  2
2545  7.0790728e-04 8.68e-06 3.04e-03  -4.1 4.45e-03    -  1.00e+00 1.00e+00h  1
2546  7.0439675e-04 5.55e-06 1.52e-02  -4.1 5.52e-03    -  1.00e+00 1.00e+00H  1
2547  7.0609088e-04 4.93e-06 3.43e-03  -4.1 3.68e-03    -  1.00e+00 1.00e+00h  1
2548  7.0662563e-04 7.92e-06 7.55e-03  -4.1 3.72e-03    -  1.00e+00 1.00e+00h  1
2549  7.0768826e-04 4.39e-06 4.03e-03  -4.1 1.78e-03    -  1.00e+00 1.00e+00h  1
iter    objective    inf_pr   inf_du lg(mu)  ||d||  lg(rg) alpha_du alpha_pr  ls
2550  7.0675957e-04 5.31e-07 1.53e-03  -4.1 9.41e-04    -  1.00e+00 1.00e+00h  1
2551  7.0691048e-04 2.99e-08 5.90e-04  -4.1 1.74e-04    -  1.00e+00 1.00e+00h  1
2552  7.0668271e-04 2.37e-08 1.22e-03  -6.1 2.55e-04    -  1.00e+00 1.00e+00h  1
2553  6.9048170e-04 7.79e-04 6.23e-03  -6.1 7.66e-02    -  1.00e+00 5.76e-01h  1
2554  7.1838074e-04 8.59e-04 8.78e-04  -4.0 4.39e-02    -  1.00e+00 1.00e+00f  1
2555  8.4079443e-04 4.70e-04 4.82e-01  -4.1 2.07e-01    -  1.00e+00 4.50e-02H  1
2556  7.1904090e-04 6.62e-05 2.55e-03  -4.1 1.24e-02    -  1.00e+00 1.00e+00h  1
2557  6.9858909e-04 5.94e-04 5.24e-02  -4.1 7.09e-02    -  1.00e+00 5.00e-01h  2
2558  7.1080499e-04 2.46e-04 8.16e-04  -4.1 2.29e-02    -  1.00e+00 1.00e+00h  1
2559  7.5969720e-04 2.23e-05 5.47e-03  -4.1 6.75e-03    -  1.00e+00 1.00e+00h  1
iter    objective    inf_pr   inf_du lg(mu)  ||d||  lg(rg) alpha_du alpha_pr  ls
2560  6.9854145e-04 1.29e-04 1.42e-02  -4.1 1.59e-02    -  1.00e+00 1.00e+00h  1
2561  7.5019128e-04 6.87e-05 3.74e-03  -4.0 1.18e-02    -  1.00e+00 1.00e+00h  1
2562  7.6723911e-04 1.54e-05 9.45e-03  -4.1 4.32e-03    -  1.00e+00 1.00e+00h  1
2563  7.0471293e-04 3.06e-05 5.39e-03  -4.1 6.85e-03    -  1.00e+00 1.00e+00h  1
2564  7.0920002e-04 1.23e-05 6.06e-03  -4.1 4.43e-03    -  1.00e+00 1.00e+00h  1
2565  7.0665717e-04 5.98e-06 4.66e-03  -4.1 2.24e-03    -  1.00e+00 1.00e+00h  1
2566  7.0656793e-04 1.32e-06 3.42e-03  -4.1 1.42e-03    -  1.00e+00 1.00e+00h  1
2567  7.0683434e-04 1.76e-07 6.38e-04  -4.1 5.51e-04    -  1.00e+00 1.00e+00h  1
2568  7.0653927e-04 4.69e-08 1.19e-03  -6.1 3.21e-04    -  1.00e+00 1.00e+00h  1
2569  7.0497503e-04 5.65e-05 1.47e-02  -6.1 7.70e-02    -  1.00e+00 1.43e-01h  3
iter    objective    inf_pr   inf_du lg(mu)  ||d||  lg(rg) alpha_du alpha_pr  ls
2570  7.0480164e-04 1.16e-05 2.99e-04  -6.1 4.32e-03    -  1.00e+00 1.00e+00h  1
2571  7.0340698e-04 1.48e-06 5.42e-04  -6.1 1.57e-03    -  1.00e+00 1.00e+00h  1
2572  7.0154657e-04 8.82e-08 1.35e-04  -6.1 3.52e-04    -  1.00e+00 1.00e+00h  1
2573  8.6571868e-04 5.52e-03 2.28e-01  -4.0 1.10e-01    -  1.00e+00 1.00e+00f  1
2574  7.6123452e-04 1.47e-03 5.73e-02  -4.1 5.51e-02    -  1.00e+00 1.00e+00h  1
2575  8.2320587e-04 3.86e-04 1.26e-02  -4.1 3.00e-02    -  1.00e+00 1.00e+00h  1
2576  8.4191057e-04 3.68e-04 1.65e-03  -4.1 2.61e-02    -  1.00e+00 1.00e+00h  1
2577  7.4303139e-04 6.70e-05 3.05e-03  -4.1 1.22e-02    -  1.00e+00 1.00e+00h  1
2578  8.4396420e-04 1.12e-05 3.38e-03  -4.1 6.05e-03    -  1.00e+00 1.00e+00h  1
2579  7.0483255e-04 3.66e-06 9.03e-03  -4.1 2.85e-03    -  1.00e+00 1.00e+00h  1
iter    objective    inf_pr   inf_du lg(mu)  ||d||  lg(rg) alpha_du alpha_pr  ls
2580  7.1254033e-04 2.47e-05 8.45e-03  -4.1 7.41e-03    -  1.00e+00 1.00e+00h  1
2581  7.0489809e-04 2.12e-05 5.39e-03  -4.1 6.80e-03    -  1.00e+00 1.00e+00h  1
2582  7.0780410e-04 6.56e-06 3.45e-03  -4.1 3.03e-03    -  1.00e+00 1.00e+00h  1
2583  7.0723978e-04 2.36e-06 5.43e-03  -4.1 1.72e-03    -  1.00e+00 1.00e+00h  1
2584  7.0666932e-04 6.92e-07 1.45e-03  -4.1 1.05e-03    -  1.00e+00 1.00e+00h  1
2585  7.0680061e-04 1.64e-08 1.73e-04  -4.1 1.37e-04    -  1.00e+00 1.00e+00h  1
2586  7.0656627e-04 2.58e-08 1.12e-03  -6.1 2.56e-04    -  1.00e+00 1.00e+00h  1
2587  7.0575237e-04 1.23e-05 5.18e-02  -6.1 2.57e-01    -  1.00e+00 2.22e-02h  4
2588  7.0421734e-04 1.26e-06 1.81e-04  -6.1 1.19e-03    -  1.00e+00 1.00e+00h  1
2589  7.0168431e-04 6.48e-07 1.75e-04  -6.1 1.01e-03    -  1.00e+00 1.00e+00h  1
iter    objective    inf_pr   inf_du lg(mu)  ||d||  lg(rg) alpha_du alpha_pr  ls
2590  7.0216244e-04 6.92e-08 1.99e-04  -6.1 3.07e-04    -  1.00e+00 1.00e+00h  1
2591  7.0159526e-04 3.41e-08 2.03e-05  -6.1 2.03e-04    -  1.00e+00 1.00e+00h  1
2592  8.7629562e-04 4.41e-03 1.54e-01  -4.0 1.08e-01    -  1.00e+00 1.00e+00f  1
2593  7.6075808e-04 1.21e-03 3.87e-02  -4.1 5.43e-02    -  1.00e+00 1.00e+00h  1
2594  7.8638104e-04 3.52e-04 8.86e-03  -4.1 2.99e-02    -  1.00e+00 1.00e+00h  1
2595  7.1681703e-04 3.34e-04 4.59e-02  -4.1 4.79e-02    -  6.37e-01 2.50e-01h  3
2596  7.1439626e-04 2.53e-05 7.62e-04  -4.1 8.04e-03    -  1.00e+00 1.00e+00h  1
2597  7.0496645e-04 1.88e-05 1.05e-01  -6.1 2.08e-02    -  1.00e+00 2.48e-01H  1
2598  7.0115455e-04 3.77e-06 1.11e-03  -6.1 2.94e-03    -  9.98e-01 1.00e+00h  1
2599  9.3903366e-04 4.39e-04 2.23e+01  -4.0 2.42e+01    -  1.00e+00 1.47e-03f  7
iter    objective    inf_pr   inf_du lg(mu)  ||d||  lg(rg) alpha_du alpha_pr  ls
2600  7.1726557e-04 1.80e-04 2.08e-03  -4.0 2.20e-02    -  1.00e+00 1.00e+00h  1
2601  6.9368645e-04 1.33e-03 2.00e-02  -4.0 4.82e-02    -  1.00e+00 1.00e+00h  1
2602  7.0980086e-04 4.75e-04 3.11e-03  -4.0 2.98e-02    -  1.00e+00 1.00e+00h  1
2603  7.1481559e-04 4.21e-04 1.72e-02  -4.0 4.47e-02    -  1.00e+00 2.50e-01h  3
2604  7.0619626e-04 1.08e-05 7.53e-04  -4.0 4.97e-03    -  1.00e+00 1.00e+00h  1
2605  7.0402532e-04 2.15e-06 2.73e-04  -6.0 2.33e-03    -  1.00e+00 1.00e+00h  1
2606  7.0325808e-04 2.48e-06 9.04e-03  -6.0 5.56e-03    -  1.00e+00 2.50e-01h  3
2607  7.0333709e-04 3.84e-07 1.53e-04  -6.0 8.50e-04    -  1.00e+00 1.00e+00h  1
2608  7.0200941e-04 1.60e-07 9.00e-05  -6.0 4.90e-04    -  1.00e+00 1.00e+00h  1
2609  7.0192433e-04 2.08e-08 2.76e-05  -6.0 1.76e-04    -  1.00e+00 1.00e+00h  1
iter    objective    inf_pr   inf_du lg(mu)  ||d||  lg(rg) alpha_du alpha_pr  ls
2610  7.0191500e-04 3.43e-09 1.63e-05  -6.0 5.50e-05    -  1.00e+00 1.00e+00h  1
2611  9.4208203e-04 1.56e-04 1.79e-01  -4.0 1.05e-01    -  1.00e+00 1.25e-01f  4
2612  7.0209744e-04 1.70e-04 1.47e-03  -4.1 1.39e-02    -  1.00e+00 1.00e+00h  1
2613  7.1611658e-04 1.51e-04 1.20e-02  -4.1 1.37e-02    -  1.00e+00 1.00e+00h  1
2614  7.0369672e-04 9.41e-05 3.22e-03  -4.1 1.17e-02    -  1.00e+00 1.00e+00h  1
2615  7.2097380e-04 3.01e-05 3.59e-02  -4.1 1.28e-02    -  1.00e+00 8.53e-01H  1
2616  7.1774866e-04 4.60e-05 1.31e-01  -4.1 1.62e-02    -  1.00e+00 2.50e-01f  3
2617  7.1471462e-04 4.58e-05 1.92e-02  -4.1 1.79e-02    -  1.00e+00 1.25e-01h  4
2618  7.1792541e-04 3.68e-05 2.00e-01  -4.1 1.22e-02    -  1.00e+00 2.50e-01h  3
2619  7.1351707e-04 1.54e-05 3.58e-01  -4.1 1.59e-02    -  1.00e+00 3.87e-01H  1
iter    objective    inf_pr   inf_du lg(mu)  ||d||  lg(rg) alpha_du alpha_pr  ls
2620  7.9881015e-04 2.12e-05 8.61e-03  -4.1 5.91e-03    -  1.00e+00 1.00e+00f  1
2621  7.0655714e-04 4.25e-05 6.31e-03  -4.1 6.33e-03    -  1.00e+00 1.00e+00h  1
2622  7.0702377e-04 8.53e-06 4.02e-03  -4.1 3.09e-03    -  1.00e+00 1.00e+00h  1
2623  7.0651439e-04 3.57e-06 3.55e-03  -4.1 1.61e-03    -  1.00e+00 1.00e+00h  1
2624  7.0677805e-04 5.91e-07 1.29e-03  -4.1 7.53e-04    -  1.00e+00 1.00e+00h  1
2625  7.0790527e-04 6.78e-08 1.56e-03  -4.1 4.38e-04    -  1.00e+00 1.00e+00h  1
2626  7.0659150e-04 2.49e-07 3.82e-04  -4.1 5.67e-04    -  1.00e+00 1.00e+00h  1
2627  7.0633633e-04 5.40e-08 5.26e-04  -6.1 3.07e-04    -  1.00e+00 1.00e+00h  1
2628  7.0284476e-04 5.50e-05 7.14e-02  -6.1 2.53e-01    -  1.00e+00 4.06e-02h  3
2629  7.0099046e-04 3.19e-05 8.06e-03  -6.1 7.91e-03    -  1.00e+00 5.00e-01h  2
iter    objective    inf_pr   inf_du lg(mu)  ||d||  lg(rg) alpha_du alpha_pr  ls
2630  7.0332495e-04 2.52e-05 7.25e-04  -6.1 5.06e-03    -  1.00e+00 1.00e+00h  1
2631  7.0059717e-04 1.17e-05 3.59e-04  -6.1 3.80e-03    -  1.00e+00 1.00e+00h  1
2632  9.0245418e-04 4.41e-03 1.61e-01  -4.0 1.07e-01    -  1.00e+00 1.00e+00f  1
2633  1.1701094e-03 3.05e-03 4.55e-02  -4.1 6.29e-02    -  1.00e+00 1.00e+00h  1
2634  1.2117960e-03 2.72e-03 1.17e-01  -4.1 1.28e-01    -  7.97e-01 2.50e-01h  3
2635  7.1319446e-04 3.30e-03 1.21e-02  -4.1 6.56e-02    -  1.00e+00 1.00e+00h  1
2636  7.2438897e-04 4.56e-04 3.03e-03  -4.1 2.89e-02    -  1.00e+00 1.00e+00h  1
2637  7.1757268e-04 4.19e-04 6.01e-02  -4.1 7.13e-02    -  1.00e+00 1.15e-01h  4
2638  7.3019560e-04 4.15e-04 1.13e-02  -4.1 2.79e-02    -  1.00e+00 1.00e+00h  1
2639  7.9948474e-04 2.09e-04 7.61e-03  -4.1 1.77e-02    -  1.00e+00 1.00e+00h  1
iter    objective    inf_pr   inf_du lg(mu)  ||d||  lg(rg) alpha_du alpha_pr  ls
2640  7.1520362e-04 6.74e-05 6.83e-03  -4.1 1.14e-02    -  1.00e+00 1.00e+00h  1
2641  7.1724384e-04 1.73e-04 1.28e-02  -4.1 1.65e-02    -  1.00e+00 1.00e+00h  1
2642  7.0789029e-04 8.67e-05 1.87e-03  -4.1 1.13e-02    -  1.00e+00 1.00e+00h  1
2643  7.1006923e-04 2.36e-06 3.34e-03  -4.1 2.10e-03    -  1.00e+00 1.00e+00h  1
2644  7.0624739e-04 7.15e-06 8.35e-03  -4.1 3.09e-03    -  1.00e+00 1.00e+00h  1
2645  7.0664058e-04 3.77e-06 1.95e-03  -4.1 2.45e-03    -  1.00e+00 1.00e+00h  1
2646  7.0737594e-04 6.49e-07 2.94e-03  -4.1 9.99e-04    -  1.00e+00 1.00e+00h  1
2647  7.0687127e-04 1.27e-07 3.68e-04  -4.1 5.11e-04    -  1.00e+00 1.00e+00h  1
2648  7.0661155e-04 3.80e-08 1.11e-03  -6.1 2.67e-04    -  1.00e+00 1.00e+00h  1
2649  6.9973019e-04 4.07e-05 1.59e-04  -6.1 8.43e-03    -  1.00e+00 1.00e+00h  1
iter    objective    inf_pr   inf_du lg(mu)  ||d||  lg(rg) alpha_du alpha_pr  ls
2650  7.0307271e-04 1.58e-05 8.58e-03  -5.9 1.67e-03    -  1.00e+00 6.25e-01h  1
2651  7.0142332e-04 6.70e-06 3.86e-04  -6.0 2.56e-03    -  1.00e+00 1.00e+00h  1
2652  7.0179164e-04 2.15e-07 1.32e-04  -6.0 5.17e-04    -  1.00e+00 1.00e+00h  1
2653  7.0164390e-04 6.11e-07 1.65e-04  -6.0 9.00e-04    -  1.00e+00 1.00e+00h  1
2654  7.0137532e-04 4.89e-07 1.30e-04  -6.0 9.47e-04    -  1.00e+00 1.00e+00h  1
2655  9.7037466e-04 8.86e-03 5.32e-02  -4.0 1.18e-01    -  1.00e+00 1.00e+00f  1
2656  8.0995914e-04 2.70e-03 1.34e-02  -4.1 5.99e-02    -  1.00e+00 1.00e+00h  1
2657  5.3426324e-03 2.20e-03 1.33e-02  -4.1 5.40e-02    -  7.50e-01 1.00e+00H  1
2658  8.0744916e-04 6.22e-03 8.97e-03  -4.1 9.89e-02    -  1.00e+00 1.00e+00h  1
2659  8.0977800e-04 1.40e-03 3.07e-03  -4.1 4.94e-02    -  1.00e+00 1.00e+00h  1
iter    objective    inf_pr   inf_du lg(mu)  ||d||  lg(rg) alpha_du alpha_pr  ls
2660  7.6262487e-04 1.75e-03 1.01e-02  -4.1 1.30e-01    -  5.60e-01 2.50e-01h  3
2661  7.4502669e-04 2.76e-05 7.74e-04  -4.1 7.37e-03    -  1.00e+00 1.00e+00h  1
2662  7.1001621e-04 2.87e-06 2.64e-04  -6.1 2.00e-03    -  1.00e+00 1.00e+00h  1
2663  7.0703049e-04 7.98e-06 2.23e-04  -6.1 3.74e-03    -  1.00e+00 1.00e+00h  1
2664  7.0881655e-04 9.84e-07 2.44e-03  -6.1 1.27e-02    -  1.00e+00 1.00e+00H  1
2665  7.0719870e-04 4.58e-07 6.23e-04  -6.1 9.62e-03    -  1.00e+00 1.00e+00H  1
2666  7.3405320e-04 3.99e-07 7.54e-04  -6.1 9.10e-03    -  1.00e+00 1.00e+00H  1
2667  7.0171098e-04 1.44e-05 4.91e-04  -6.1 9.52e-03    -  1.00e+00 1.00e+00h  1
2668  7.0454816e-04 7.20e-06 5.30e-04  -6.1 4.27e-03    -  1.00e+00 1.00e+00h  1
2669  7.0134275e-04 4.50e-06 1.31e-04  -6.1 3.27e-03    -  1.00e+00 1.00e+00h  1
iter    objective    inf_pr   inf_du lg(mu)  ||d||  lg(rg) alpha_du alpha_pr  ls
2670  9.8199068e-04 7.28e-03 5.78e-01  -4.0 1.01e-01    -  1.00e+00 1.00e+00f  1
2671  7.7712864e-04 1.93e-03 1.39e-01  -4.1 5.05e-02    -  1.00e+00 1.00e+00h  1
2672  7.2712724e-04 4.79e-04 3.33e-02  -4.1 2.59e-02    -  1.00e+00 1.00e+00h  1
2673  7.1044340e-04 1.48e-04 6.71e-03  -4.1 1.44e-02    -  1.00e+00 1.00e+00h  1
2674  7.0423728e-04 3.84e-05 3.60e-03  -4.1 7.41e-03    -  1.00e+00 1.00e+00h  1
2675  7.0766157e-04 1.20e-05 5.04e-03  -4.1 4.06e-03    -  1.00e+00 1.00e+00h  1
2676  7.0565638e-04 3.36e-06 2.53e-03  -4.1 2.16e-03    -  1.00e+00 1.00e+00h  1
2677  7.0619084e-04 3.14e-07 5.38e-04  -4.1 6.59e-04    -  1.00e+00 1.00e+00h  1
2678  7.0592666e-04 4.44e-08 1.07e-03  -6.1 2.45e-04    -  1.00e+00 1.00e+00h  1
2679  7.0365518e-04 8.12e-06 8.71e-04  -6.1 3.28e-03    -  1.00e+00 1.00e+00h  1
iter    objective    inf_pr   inf_du lg(mu)  ||d||  lg(rg) alpha_du alpha_pr  ls
2680  7.0165802e-04 1.04e-05 1.90e-02  -6.1 1.20e-02    -  1.00e+00 1.94e-01h  2
2681  7.0374182e-04 1.69e-07 2.41e-04  -6.1 4.71e-04    -  1.00e+00 1.00e+00h  1
2682  7.0145518e-04 5.07e-08 3.90e-05  -6.1 3.45e-04    -  1.00e+00 1.00e+00h  1
2683  1.0045683e-03 1.06e-02 3.16e-01  -4.0 1.24e-01    -  1.00e+00 1.00e+00f  1
2684  7.9302841e-04 2.88e-03 8.03e-02  -4.1 6.18e-02    -  1.00e+00 1.00e+00h  1
2685  7.5273085e-04 7.35e-04 1.89e-02  -4.1 3.25e-02    -  1.00e+00 1.00e+00h  1
2686  1.4057453e-03 4.06e-04 3.14e-03  -4.1 2.22e-02    -  1.00e+00 1.00e+00h  1
2687  7.1469587e-04 9.09e-05 5.88e-03  -4.1 8.74e-03    -  1.00e+00 1.00e+00h  1
2688  7.0025028e-04 2.35e-04 1.51e-02  -4.1 1.80e-02    -  1.00e+00 1.00e+00h  1
2689  7.0669222e-04 7.06e-05 6.07e-04  -4.1 9.85e-03    -  1.00e+00 1.00e+00h  1
iter    objective    inf_pr   inf_du lg(mu)  ||d||  lg(rg) alpha_du alpha_pr  ls
2690  7.0830457e-04 7.35e-08 4.06e-04  -6.1 4.40e-04    -  1.00e+00 1.00e+00h  1
2691  7.0569416e-04 3.10e-07 9.22e-04  -6.1 6.69e-04    -  1.00e+00 1.00e+00h  1
2692  7.0504905e-04 4.12e-07 8.90e-04  -6.1 7.94e-04    -  1.00e+00 1.00e+00h  1
2693  7.0390835e-04 1.02e-05 3.84e-03  -6.1 9.47e-03    -  1.00e+00 5.00e-01h  2
2694  7.0168757e-04 5.16e-06 1.02e-02  -6.1 1.86e-03    -  1.00e+00 4.85e-01h  2
2695  7.0192561e-04 7.22e-07 2.12e-04  -6.1 1.05e-03    -  1.00e+00 1.00e+00h  1
2696  7.0143308e-04 6.18e-08 3.65e-05  -6.1 3.22e-04    -  1.00e+00 1.00e+00h  1
2697  9.8207636e-04 8.54e-03 3.02e-01  -4.0 1.19e-01    -  1.00e+00 1.00e+00f  1
2698  7.7743225e-04 2.26e-03 7.49e-02  -4.1 5.95e-02    -  1.00e+00 1.00e+00h  1
2699  8.6844787e-04 6.17e-04 1.60e-02  -4.1 3.13e-02    -  1.00e+00 1.00e+00h  1
iter    objective    inf_pr   inf_du lg(mu)  ||d||  lg(rg) alpha_du alpha_pr  ls
2700  9.7524554e-04 3.20e-04 2.17e-03  -4.1 2.81e-02    -  1.00e+00 1.00e+00h  1
2701  7.1715057e-04 1.03e-04 4.37e-03  -4.1 1.58e-02    -  1.00e+00 1.00e+00h  1
2702  7.0391915e-04 1.76e-04 6.57e-03  -4.1 1.74e-02    -  1.00e+00 1.00e+00h  1
2703  7.1000834e-04 5.01e-05 3.07e-03  -4.1 9.76e-03    -  1.00e+00 1.00e+00h  1
2704  7.2093893e-04 5.18e-06 2.23e-03  -4.1 3.01e-03    -  1.00e+00 1.00e+00h  1
2705  7.0751134e-04 2.28e-06 3.44e-03  -4.1 1.99e-03    -  1.00e+00 1.00e+00h  1
2706  7.0661861e-04 2.19e-06 4.69e-03  -4.1 1.90e-03    -  1.00e+00 1.00e+00h  1
2707  7.0669235e-04 5.82e-07 5.90e-04  -4.1 1.05e-03    -  1.00e+00 1.00e+00h  1
2708  7.0640929e-04 4.25e-08 1.08e-03  -6.1 2.61e-04    -  1.00e+00 1.00e+00h  1
2709  7.0360208e-04 8.69e-05 3.71e-04  -6.1 1.19e-02    -  1.00e+00 1.00e+00h  1
iter    objective    inf_pr   inf_du lg(mu)  ||d||  lg(rg) alpha_du alpha_pr  ls
2710  7.0082833e-04 4.77e-05 5.45e-03  -6.1 5.71e-03    -  1.00e+00 4.74e-01h  2
2711  7.0119509e-04 8.65e-06 4.35e-04  -6.1 5.30e-03    -  1.00e+00 1.00e+00h  1
2712  7.0312857e-04 2.97e-07 1.42e-04  -6.1 2.64e-03    -  1.00e+00 1.00e+00h  1
2713  7.0131836e-04 1.78e-07 1.57e-04  -6.1 1.64e-03    -  1.00e+00 1.00e+00h  1
2714  8.5415742e-04 1.99e-03 3.97e-01  -4.0 1.05e-01    -  1.00e+00 5.00e-01f  2
2715  7.3200267e-04 5.72e-04 2.92e-02  -4.1 3.74e-02    -  1.00e+00 1.00e+00h  1
2716  7.2284881e-04 1.63e-04 3.78e-03  -4.1 1.57e-02    -  1.00e+00 1.00e+00h  1
2717  7.4595766e-04 5.55e-05 6.74e-03  -4.1 1.83e-02    -  1.00e+00 1.00e+00h  1
2718  7.0870519e-04 4.41e-05 6.33e-03  -4.1 1.23e-02    -  1.00e+00 1.00e+00h  1
2719  7.0609863e-04 1.37e-05 5.59e-03  -4.1 4.35e-03    -  1.00e+00 1.00e+00h  1
iter    objective    inf_pr   inf_du lg(mu)  ||d||  lg(rg) alpha_du alpha_pr  ls
2720  7.0681279e-04 3.68e-06 1.93e-03  -4.1 2.31e-03    -  1.00e+00 1.00e+00h  1
2721  7.0629525e-04 1.87e-07 5.07e-04  -4.1 5.53e-04    -  1.00e+00 1.00e+00h  1
2722  7.0604083e-04 3.47e-08 9.74e-04  -6.1 3.67e-04    -  1.00e+00 1.00e+00h  1
2723  7.0562116e-04 1.70e-05 1.49e-03  -6.1 1.23e-02    -  1.00e+00 5.00e-01h  2
2724  7.0268957e-04 1.33e-05 1.56e-02  -6.1 3.58e-03    -  1.00e+00 2.34e-01h  2
2725  7.0261462e-04 1.86e-06 8.56e-04  -6.1 4.76e-03    -  1.00e+00 1.00e+00h  1
2726  7.0120030e-04 5.37e-08 2.61e-05  -6.1 6.85e-04    -  1.00e+00 1.00e+00h  1
2727  8.5607887e-04 1.63e-03 3.26e-01  -4.0 1.16e-01    -  1.00e+00 5.00e-01f  2
2728  7.3455382e-04 4.69e-04 2.72e-02  -4.1 3.60e-02    -  1.00e+00 1.00e+00h  1
2729  7.1029426e-04 1.41e-04 4.34e-03  -4.1 1.73e-02    -  1.00e+00 1.00e+00h  1
iter    objective    inf_pr   inf_du lg(mu)  ||d||  lg(rg) alpha_du alpha_pr  ls
2730  7.0474003e-04 2.61e-05 3.73e-03  -4.1 7.25e-03    -  1.00e+00 1.00e+00h  1
2731  7.0859415e-04 1.55e-05 7.43e-03  -4.1 5.51e-03    -  1.00e+00 1.00e+00h  1
2732  7.0573841e-04 6.53e-06 3.36e-03  -4.1 3.60e-03    -  1.00e+00 1.00e+00h  1
2733  7.0659130e-04 7.20e-07 7.86e-04  -4.1 1.14e-03    -  1.00e+00 1.00e+00h  1
2734  7.0611897e-04 3.91e-08 1.02e-03  -6.1 2.25e-04    -  1.00e+00 1.00e+00h  1
2735  7.0569418e-04 1.26e-07 1.11e-03  -6.1 4.97e-04    -  1.00e+00 1.00e+00h  1
2736  7.0509259e-04 5.39e-06 6.57e-03  -6.1 2.75e-02    -  1.00e+00 1.23e-01h  4
2737  7.0227296e-04 4.93e-06 1.23e-02  -6.1 4.87e-03    -  1.00e+00 3.79e-01h  2
2738  7.0245134e-04 2.42e-06 7.75e-03  -6.1 9.38e-04    -  1.00e+00 5.00e-01h  2
2739  7.0125290e-04 7.26e-08 5.28e-05  -6.1 4.97e-04    -  1.00e+00 1.00e+00h  1
iter    objective    inf_pr   inf_du lg(mu)  ||d||  lg(rg) alpha_du alpha_pr  ls
2740  7.0118715e-04 3.35e-09 2.44e-05  -6.1 6.97e-05    -  1.00e+00 1.00e+00h  1
2741  1.0779816e-03 7.18e-03 1.40e-01  -4.0 1.16e-01    -  1.00e+00 1.00e+00f  1
2742  9.3575325e-04 2.06e-03 3.59e-02  -4.1 5.91e-02    -  1.00e+00 1.00e+00h  1
2743  1.5001252e-03 6.48e-04 4.03e-03  -4.1 3.54e-02    -  9.67e-01 1.00e+00h  1
2744  8.4725747e-04 2.84e-04 1.28e-02  -4.1 1.69e-02    -  1.00e+00 6.47e-01h  1
2745  7.1883661e-04 6.47e-04 6.97e-03  -4.1 3.56e-02    -  1.00e+00 1.00e+00f  1
2746  7.2371650e-04 6.37e-05 2.91e-03  -4.1 1.08e-02    -  1.00e+00 1.00e+00h  1
2747  7.3850035e-04 3.80e-06 2.94e-03  -4.1 1.84e-03    -  1.00e+00 1.00e+00h  1
2748  7.0459043e-04 6.34e-06 1.35e-02  -4.1 3.70e-03    -  1.00e+00 1.00e+00h  1
2749  7.1432323e-04 9.86e-06 4.52e-03  -4.1 4.33e-03    -  1.00e+00 1.00e+00h  1
iter    objective    inf_pr   inf_du lg(mu)  ||d||  lg(rg) alpha_du alpha_pr  ls
2750  7.0614500e-04 2.59e-06 2.22e-03  -4.1 1.81e-03    -  1.00e+00 1.00e+00h  1
2751  7.0653082e-04 3.34e-07 1.84e-03  -4.1 6.89e-04    -  1.00e+00 1.00e+00h  1
2752  7.0643106e-04 2.61e-08 3.55e-04  -4.1 1.99e-04    -  1.00e+00 1.00e+00h  1
2753  7.0616564e-04 3.72e-08 1.01e-03  -6.1 2.74e-04    -  1.00e+00 1.00e+00h  1
2754  7.0445216e-04 6.74e-05 8.11e-03  -6.1 5.97e-02    -  1.00e+00 1.95e-01h  3
2755  7.0053092e-04 3.72e-05 6.75e-03  -6.1 4.95e-03    -  1.00e+00 5.00e-01h  2
2756  7.0318457e-04 6.35e-06 7.99e-04  -6.1 3.55e-03    -  1.00e+00 1.00e+00h  1
2757  7.0217349e-04 3.34e-06 1.28e-03  -6.1 1.12e-03    -  1.00e+00 5.00e-01h  2
2758  7.0116321e-04 3.60e-08 2.76e-04  -6.1 2.33e-04    -  1.00e+00 1.00e+00h  1
2759  9.6772084e-04 6.71e-03 2.40e-01  -4.0 1.18e-01    -  1.00e+00 1.00e+00f  1
iter    objective    inf_pr   inf_du lg(mu)  ||d||  lg(rg) alpha_du alpha_pr  ls
2760  7.8238773e-04 1.77e-03 6.02e-02  -4.1 5.89e-02    -  1.00e+00 1.00e+00h  1
2761  7.2821063e-04 4.83e-04 1.46e-02  -4.1 3.12e-02    -  1.00e+00 1.00e+00h  1
2762  7.1281942e-04 1.95e-04 1.89e-03  -4.1 1.95e-02    -  1.00e+00 1.00e+00h  1
2763  9.9564259e-04 1.39e-04 1.08e-02  -4.1 1.51e-02    -  1.00e+00 1.00e+00h  1
2764  7.0777393e-04 1.15e-04 1.69e-03  -4.1 1.37e-02    -  1.00e+00 1.00e+00h  1
2765  7.0559454e-04 4.20e-06 3.39e-03  -4.1 3.19e-03    -  1.00e+00 1.00e+00h  1
2766  7.1554674e-04 1.94e-05 1.38e-02  -4.1 6.08e-03    -  1.00e+00 1.00e+00h  1
2767  7.0718990e-04 7.65e-06 1.14e-03  -4.1 3.74e-03    -  1.00e+00 1.00e+00h  1
2768  7.0628030e-04 7.87e-08 1.13e-03  -4.1 4.49e-04    -  1.00e+00 1.00e+00h  1
2769  7.0639385e-04 4.00e-08 3.22e-04  -4.1 3.00e-04    -  1.00e+00 1.00e+00h  1
iter    objective    inf_pr   inf_du lg(mu)  ||d||  lg(rg) alpha_du alpha_pr  ls
2770  7.0615652e-04 2.64e-08 1.08e-03  -6.1 2.48e-04    -  1.00e+00 1.00e+00h  1
2771  7.0567679e-04 2.37e-05 8.18e-04  -6.1 6.17e-03    -  1.00e+00 1.00e+00h  1
2772  7.0317942e-04 1.90e-05 1.49e-02  -6.1 3.43e-03    -  1.00e+00 2.25e-01h  2
2773  7.0132488e-04 9.66e-06 4.29e-03  -6.1 1.92e-03    -  1.00e+00 5.00e-01h  2
2774  7.0133176e-04 3.38e-07 3.36e-04  -6.1 8.26e-04    -  1.00e+00 1.00e+00h  1
2775  7.0121652e-04 4.25e-08 1.25e-04  -6.1 2.19e-04    -  1.00e+00 1.00e+00h  1
2776  7.0112710e-04 2.62e-07 5.46e-05  -6.1 5.71e-04    -  1.00e+00 1.00e+00h  1
2777  1.1334176e-03 5.52e-03 6.45e-02  -4.0 1.18e-01    -  1.00e+00 1.00e+00f  1
2778  8.8206239e-04 1.50e-03 2.05e-02  -4.1 5.75e-02    -  1.00e+00 1.00e+00h  1
2779  1.3568277e-03 1.22e-03 2.20e-03  -4.1 4.20e-02    -  1.00e+00 1.00e+00h  1
iter    objective    inf_pr   inf_du lg(mu)  ||d||  lg(rg) alpha_du alpha_pr  ls
2780  1.1909980e-03 2.77e-04 2.98e-03  -4.1 2.39e-02    -  1.00e+00 1.00e+00h  1
2781  7.5207962e-04 9.65e-04 1.38e-02  -4.1 3.93e-02    -  1.00e+00 1.00e+00h  1
2782  8.2771881e-04 6.10e-04 1.22e-03  -4.1 3.23e-02    -  1.00e+00 1.00e+00h  1
2783  8.1304553e-04 1.60e-04 1.60e-02  -4.1 2.97e-02    -  1.00e+00 6.60e-01H  1
2784  7.1382051e-04 3.44e-04 3.10e-03  -4.1 2.28e-02    -  1.00e+00 1.00e+00f  1
2785  7.3627247e-04 3.97e-04 1.16e-02  -4.1 4.45e-02    -  1.00e+00 5.00e-01h  2
2786  7.1875162e-04 2.36e-04 3.19e-03  -4.1 2.07e-02    -  1.00e+00 1.00e+00h  1
2787  7.9481941e-04 1.59e-04 3.22e-02  -4.1 2.39e-02    -  1.00e+00 7.28e-01H  1
2788  7.0284039e-04 1.41e-04 7.38e-03  -4.1 1.54e-02    -  1.00e+00 1.00e+00F  1
2789  7.3710941e-04 1.13e-04 3.97e-02  -4.1 2.00e-02    -  1.00e+00 5.00e-01h  2
iter    objective    inf_pr   inf_du lg(mu)  ||d||  lg(rg) alpha_du alpha_pr  ls
2790  7.0519204e-04 1.91e-05 2.06e-03  -4.1 4.27e-03    -  1.00e+00 1.00e+00h  1
2791  7.1848087e-04 5.38e-05 2.10e-02  -4.1 8.31e-03    -  1.00e+00 1.00e+00h  1
2792  7.0778305e-04 2.19e-05 3.40e-03  -4.1 6.04e-03    -  1.00e+00 1.00e+00h  1
2793  7.1134015e-04 9.54e-06 8.20e-03  -4.1 3.27e-03    -  1.00e+00 1.00e+00h  1
2794  7.0598537e-04 5.20e-06 1.97e-03  -4.1 2.61e-03    -  1.00e+00 1.00e+00h  1
2795  7.0662654e-04 7.86e-07 3.23e-03  -4.1 1.10e-03    -  1.00e+00 1.00e+00h  1
2796  7.0603844e-04 2.41e-07 3.71e-04  -4.1 5.06e-04    -  1.00e+00 1.00e+00h  1
2797  7.0574500e-04 6.00e-08 1.03e-03  -6.1 3.31e-04    -  1.00e+00 1.00e+00h  1
2798  7.0513540e-04 6.87e-06 3.80e-03  -6.1 3.02e-02    -  1.00e+00 1.25e-01h  4
2799  7.0196364e-04 6.17e-06 1.94e-02  -6.1 6.54e-03    -  1.00e+00 2.87e-01h  2
iter    objective    inf_pr   inf_du lg(mu)  ||d||  lg(rg) alpha_du alpha_pr  ls
2800  7.0388731e-04 2.54e-06 5.36e-04  -6.1 2.30e-03    -  1.00e+00 1.00e+00h  1
2801  7.0102064e-04 1.03e-06 7.42e-05  -6.1 1.29e-03    -  1.00e+00 1.00e+00h  1
2802  9.3267192e-04 6.39e-03 2.93e-01  -4.0 1.15e-01    -  1.00e+00 1.00e+00f  1
2803  7.6957734e-04 1.77e-03 7.44e-02  -4.1 5.74e-02    -  1.00e+00 1.00e+00h  1
2804  7.4805609e-04 4.17e-04 1.82e-02  -4.1 2.95e-02    -  1.00e+00 1.00e+00h  1
2805  1.7562605e-03 4.73e-04 3.18e-03  -4.1 2.63e-02    -  1.00e+00 1.00e+00h  1
2806  7.2365892e-04 2.46e-04 7.33e-03  -4.1 1.80e-02    -  1.00e+00 1.00e+00h  1
2807  7.0380992e-04 1.45e-04 2.41e-03  -4.1 1.67e-02    -  1.00e+00 1.00e+00h  1
2808  7.1094411e-04 3.43e-05 8.28e-03  -4.1 8.69e-03    -  1.00e+00 1.00e+00h  1
2809  7.0712928e-04 4.93e-05 1.02e-02  -4.1 8.91e-03    -  1.00e+00 1.00e+00h  1
iter    objective    inf_pr   inf_du lg(mu)  ||d||  lg(rg) alpha_du alpha_pr  ls
2810  7.0568891e-04 1.80e-05 5.06e-03  -4.1 5.27e-03    -  1.00e+00 1.00e+00h  1
2811  7.0698735e-04 4.98e-06 5.24e-03  -4.1 2.07e-03    -  1.00e+00 1.00e+00h  1
2812  7.0537335e-04 1.61e-06 2.69e-03  -4.1 1.82e-03    -  1.00e+00 1.00e+00h  1
2813  7.0614611e-04 5.52e-07 1.53e-03  -4.1 1.26e-03    -  1.00e+00 1.00e+00h  1
2814  7.0607822e-04 1.79e-07 7.49e-04  -4.1 5.02e-04    -  1.00e+00 1.00e+00h  1
2815  7.0580718e-04 2.93e-08 1.26e-03  -6.1 2.66e-04    -  1.00e+00 1.00e+00h  1
2816  7.0220399e-04 5.58e-05 7.19e-04  -6.1 1.97e-02    -  1.00e+00 5.00e-01h  2
2817  6.9855799e-04 2.31e-05 7.41e-03  -6.1 3.88e-03    -  1.00e+00 5.91e-01h  1
2818  8.2580950e-04 3.65e-03 4.41e-02  -4.0 7.89e-02    -  1.00e+00 1.00e+00f  1
2819  8.4674354e-04 1.32e-03 1.27e-02  -4.1 4.84e-02    -  1.00e+00 1.00e+00h  1
iter    objective    inf_pr   inf_du lg(mu)  ||d||  lg(rg) alpha_du alpha_pr  ls
2820  8.3745873e-04 1.63e-03 1.18e-02  -4.1 6.93e-02    -  6.16e-01 5.00e-01h  2
2821  7.1298127e-04 1.84e-04 2.53e-03  -4.1 1.39e-02    -  1.00e+00 1.00e+00h  1
2822  7.1046785e-04 1.68e-04 1.83e+00  -4.1 6.62e-02    -  1.00e+00 2.56e-02H  1
2823  7.2239478e-04 1.43e-04 1.82e-02  -4.1 3.78e-02    -  8.69e-01 2.50e-01f  3
2824  8.3018720e-04 1.58e-03 6.31e+00  -4.1 1.78e+00    -  1.00e+00 3.12e-02f  6
2825  8.2854034e-04 9.09e-04 2.84e-02  -4.1 3.32e-02    -  1.00e+00 5.00e-01h  2
2826  8.3489267e-04 4.25e-04 1.56e-03  -4.1 3.20e-02    -  1.00e+00 1.00e+00h  1
2827  7.1374765e-04 7.56e-05 3.59e-03  -4.1 9.53e-03    -  1.00e+00 1.00e+00h  1
2828  7.0037293e-04 1.10e-04 1.44e-02  -4.1 1.70e-02    -  1.00e+00 1.00e+00h  1
2829  7.0557701e-04 4.10e-05 1.09e-03  -4.1 1.00e-02    -  1.00e+00 1.00e+00h  1
iter    objective    inf_pr   inf_du lg(mu)  ||d||  lg(rg) alpha_du alpha_pr  ls
2830  7.0761005e-04 6.26e-06 6.50e-03  -4.1 3.23e-03    -  1.00e+00 1.00e+00h  1
2831  7.0626988e-04 9.65e-06 6.71e-03  -4.1 3.77e-03    -  1.00e+00 1.00e+00h  1
2832  7.0572627e-04 2.31e-06 1.81e-03  -4.1 1.72e-03    -  1.00e+00 1.00e+00h  1
2833  7.0656734e-04 2.89e-07 2.43e-03  -4.1 9.42e-04    -  1.00e+00 1.00e+00h  1
2834  7.0607325e-04 1.83e-07 3.63e-04  -4.1 5.44e-04    -  1.00e+00 1.00e+00h  1
2835  7.0589288e-04 5.62e-08 1.11e-03  -6.1 3.29e-04    -  1.00e+00 1.00e+00h  1
2836  7.0539429e-04 6.53e-08 1.15e-03  -6.1 3.85e-04    -  1.00e+00 1.00e+00h  1
2837  7.0483574e-04 5.66e-07 2.69e-03  -6.1 9.23e-03    -  1.00e+00 1.25e-01h  4
2838  7.0056092e-04 2.39e-05 2.65e-04  -6.1 7.64e-03    -  1.00e+00 1.00e+00h  1
2839  6.9969429e-04 1.43e-05 8.51e-03  -6.1 3.49e-03    -  1.00e+00 5.00e-01h  2
iter    objective    inf_pr   inf_du lg(mu)  ||d||  lg(rg) alpha_du alpha_pr  ls
2840  8.7339201e-04 2.50e-03 7.55e-02  -4.0 8.17e-02    -  1.00e+00 1.00e+00h  1
2841  7.4014453e-04 7.81e-04 1.99e-02  -4.1 4.14e-02    -  1.00e+00 1.00e+00h  1
2842  7.7089842e-04 6.18e-04 5.21e-03  -4.1 2.51e-02    -  1.00e+00 1.00e+00h  1
2843  7.1244387e-04 1.67e-04 1.68e-01  -4.1 6.40e-02    -  1.00e+00 2.28e-01H  1
2844  7.4124311e-04 5.82e-05 2.13e-03  -4.1 9.94e-03    -  1.00e+00 1.00e+00f  1
2845  7.2059325e-04 9.65e-05 1.25e-01  -4.1 1.66e-02    -  1.00e+00 6.31e-01H  1
2846  7.0960213e-04 5.30e-05 3.83e-03  -4.1 9.07e-03    -  1.00e+00 1.00e+00f  1
2847  7.1487901e-04 9.87e-05 1.11e-02  -4.1 1.13e-02    -  1.00e+00 1.00e+00h  1
2848  7.1056448e-04 5.86e-05 9.39e-03  -4.1 8.11e-03    -  1.00e+00 1.00e+00h  1
2849  7.0587552e-04 8.93e-05 1.12e-02  -4.1 9.34e-03    -  1.00e+00 1.00e+00h  1
iter    objective    inf_pr   inf_du lg(mu)  ||d||  lg(rg) alpha_du alpha_pr  ls
2850  7.0696239e-04 4.38e-05 2.66e-03  -4.1 7.50e-03    -  1.00e+00 1.00e+00h  1
2851  7.0802045e-04 3.40e-06 3.53e-03  -4.1 2.16e-03    -  1.00e+00 1.00e+00h  1
2852  7.0598260e-04 1.59e-06 1.79e-03  -4.1 1.11e-03    -  1.00e+00 1.00e+00h  1
2853  7.0642885e-04 2.45e-07 5.36e-04  -4.1 5.99e-04    -  1.00e+00 1.00e+00h  1
2854  7.0616011e-04 5.77e-08 1.03e-03  -6.1 2.62e-04    -  1.00e+00 1.00e+00h  1
2855  7.0171449e-04 1.73e-04 1.16e-02  -6.1 8.19e-02    -  1.00e+00 1.68e-01h  3
2856  7.0095577e-04 1.33e-04 4.07e-03  -6.1 6.88e-03    -  1.00e+00 2.50e-01h  3
2857  7.0162067e-04 3.89e-05 5.41e-04  -6.1 6.21e-03    -  1.00e+00 1.00e+00h  1
2858  7.0247399e-04 1.91e-06 4.15e-04  -6.1 1.51e-03    -  1.00e+00 1.00e+00h  1
2859  7.0107627e-04 2.36e-07 2.66e-04  -6.1 6.96e-04    -  1.00e+00 1.00e+00h  1
iter    objective    inf_pr   inf_du lg(mu)  ||d||  lg(rg) alpha_du alpha_pr  ls
2860  8.9969360e-04 9.28e-03 2.32e-01  -4.0 1.02e-01    -  1.00e+00 1.00e+00f  1
2861  7.7150312e-04 2.32e-03 5.93e-02  -4.1 5.00e-02    -  1.00e+00 1.00e+00h  1
2862  7.2833415e-04 6.16e-04 1.25e-02  -4.1 2.83e-02    -  1.00e+00 1.00e+00h  1
2863  7.9677544e-04 3.44e-04 5.28e-03  -4.1 2.24e-02    -  1.00e+00 1.00e+00h  1
2864  7.1107869e-04 4.72e-05 3.76e-01  -4.1 4.78e-02    -  1.00e+00 1.91e-01H  1
2865  7.5303689e-04 5.21e-05 3.05e-03  -4.1 9.10e-03    -  1.00e+00 1.00e+00f  1
2866  7.2214771e-04 1.42e-04 1.79e-02  -4.1 1.28e-02    -  1.00e+00 1.00e+00h  1
2867  7.1053272e-04 8.94e-05 6.70e-03  -4.1 1.20e-02    -  1.00e+00 1.00e+00h  1
2868  7.0269704e-04 8.06e-05 1.32e-02  -4.1 8.64e-03    -  1.00e+00 1.00e+00h  1
2869  7.0656538e-04 3.69e-05 2.62e-03  -4.1 6.55e-03    -  1.00e+00 1.00e+00h  1
iter    objective    inf_pr   inf_du lg(mu)  ||d||  lg(rg) alpha_du alpha_pr  ls
2870  7.0569636e-04 9.54e-07 1.31e-03  -4.1 1.16e-03    -  1.00e+00 1.00e+00h  1
2871  7.0624809e-04 2.88e-07 9.27e-04  -4.1 6.95e-04    -  1.00e+00 1.00e+00h  1
2872  7.0603069e-04 5.23e-08 6.02e-04  -4.1 2.59e-04    -  1.00e+00 1.00e+00h  1
2873  7.0573142e-04 1.02e-07 1.17e-03  -6.1 3.54e-04    -  1.00e+00 1.00e+00h  1
2874  6.9483626e-04 6.53e-04 1.64e-03  -6.1 2.82e-02    -  1.00e+00 1.00e+00h  1
2875  6.9883806e-04 5.02e-04 1.50e-03  -6.1 1.38e-02    -  1.00e+00 2.50e-01h  3
2876  6.9628294e-04 1.57e-04 5.31e-04  -6.1 1.21e-02    -  1.00e+00 1.00e+00h  1
2877  9.3119661e-04 1.01e-02 8.95e-02  -4.0 2.53e-01    -  1.00e+00 5.00e-01h  2
2878  8.2045830e-04 3.28e-03 1.57e-02  -4.1 6.63e-02    -  1.00e+00 1.00e+00h  1
2879  1.3349006e-03 2.59e-03 2.16e-02  -4.1 6.08e-02    -  8.27e-01 5.00e-01h  2
iter    objective    inf_pr   inf_du lg(mu)  ||d||  lg(rg) alpha_du alpha_pr  ls
2880  7.3376178e-04 2.92e-04 2.43e-03  -4.1 8.46e-03    -  1.00e+00 9.08e-01h  1
2881  7.3468526e-04 5.46e-03 9.70e-02  -4.1 8.90e-02    -  1.00e+00 1.00e+00f  1
2882  7.7870604e-04 1.76e-03 2.27e-02  -4.1 4.39e-02    -  1.00e+00 1.00e+00h  1
2883  1.7930979e-03 1.58e-03 6.08e-02  -4.1 4.70e-02    -  8.13e-01 5.00e-01h  2
2884  6.9736431e-04 1.85e-04 1.21e-03  -4.1 1.30e-02    -  1.00e+00 9.91e-01h  1
2885  7.4116985e-04 1.01e-03 3.53e-01  -4.1 6.36e-02    -  1.00e+00 5.00e-01f  2
2886  7.0687076e-04 3.78e-04 7.45e-03  -4.1 1.84e-02    -  1.00e+00 1.00e+00h  1
2887  7.0841577e-04 4.69e-05 1.70e-02  -4.1 8.00e-03    -  1.00e+00 1.00e+00h  1
2888  7.0638601e-04 2.90e-05 1.65e-03  -4.1 6.37e-03    -  1.00e+00 1.00e+00h  1
2889  7.0607658e-04 5.81e-07 1.32e-03  -4.1 9.29e-04    -  1.00e+00 1.00e+00h  1
iter    objective    inf_pr   inf_du lg(mu)  ||d||  lg(rg) alpha_du alpha_pr  ls
2890  7.0627434e-04 1.27e-07 3.12e-04  -4.1 4.21e-04    -  1.00e+00 1.00e+00h  1
2891  7.0579455e-04 2.53e-07 1.17e-03  -6.1 4.77e-04    -  1.00e+00 1.00e+00h  1
2892  7.0550904e-04 1.37e-06 2.51e-03  -6.1 2.07e-02    -  1.00e+00 6.25e-02h  5
2893  6.9778965e-04 6.95e-05 8.29e-04  -6.1 9.17e-03    -  1.00e+00 1.00e+00h  1
2894  9.6584144e-04 3.27e-04 4.71e-02  -4.0 9.67e-02    -  1.00e+00 2.50e-01h  3
2895  6.9658603e-04 3.61e-04 4.43e-03  -4.1 2.69e-02    -  1.00e+00 1.00e+00h  1
2896  7.1620641e-04 2.72e-04 1.51e-03  -4.1 2.55e-02    -  1.00e+00 5.00e-01h  2
2897  7.4879815e-04 7.38e-05 7.15e-03  -4.1 1.04e-02    -  1.00e+00 1.00e+00h  1
2898  7.0108949e-04 1.93e-04 6.43e-03  -4.1 1.67e-02    -  1.00e+00 1.00e+00h  1
2899  7.1199515e-04 5.64e-05 4.05e-03  -4.1 1.06e-02    -  1.00e+00 1.00e+00h  1
iter    objective    inf_pr   inf_du lg(mu)  ||d||  lg(rg) alpha_du alpha_pr  ls
2900  7.2092638e-04 8.81e-06 4.04e-03  -4.1 4.99e-03    -  1.00e+00 1.00e+00h  1
2901  7.0712124e-04 8.97e-06 6.96e-03  -4.1 3.06e-03    -  1.00e+00 1.00e+00h  1
2902  7.0554713e-04 2.95e-06 4.46e-03  -4.1 1.90e-03    -  1.00e+00 1.00e+00h  1
2903  7.0607923e-04 2.41e-07 1.26e-03  -4.1 6.11e-04    -  1.00e+00 1.00e+00h  1
2904  7.0581125e-04 2.43e-07 1.83e-03  -4.1 5.14e-04    -  1.00e+00 1.00e+00h  1
2905  7.0581778e-04 9.65e-08 1.98e-04  -4.1 3.69e-04    -  1.00e+00 1.00e+00h  1
2906  7.0555618e-04 2.35e-08 1.30e-03  -6.1 2.73e-04    -  1.00e+00 1.00e+00h  1
2907  7.0103486e-04 2.95e-05 5.23e-02  -6.1 1.90e-01    -  1.00e+00 5.04e-02h  3
2908  7.0141024e-04 1.56e-05 9.51e-03  -6.1 4.11e-03    -  1.00e+00 5.00e-01h  2
2909  7.0170806e-04 2.85e-06 4.26e-04  -6.1 2.53e-03    -  1.00e+00 1.00e+00h  1
iter    objective    inf_pr   inf_du lg(mu)  ||d||  lg(rg) alpha_du alpha_pr  ls
2910  7.0250560e-04 3.75e-07 1.75e-04  -6.1 8.55e-04    -  1.00e+00 1.00e+00h  1
2911  7.0059945e-04 2.08e-07 3.22e-05  -6.1 5.02e-04    -  1.00e+00 1.00e+00h  1
2912  8.5456506e-04 3.65e-03 1.69e-01  -4.0 1.07e-01    -  1.00e+00 1.00e+00f  1
2913  7.5918508e-04 9.35e-04 4.25e-02  -4.1 5.40e-02    -  1.00e+00 1.00e+00h  1
2914  7.5136019e-04 2.67e-04 1.06e-02  -4.1 2.81e-02    -  1.00e+00 1.00e+00h  1
2915  1.0048247e-03 2.72e-04 5.81e-02  -4.1 4.05e-02    -  7.97e-01 2.50e-01h  3
2916  7.2398273e-04 3.36e-05 1.46e-03  -4.1 7.72e-03    -  1.00e+00 1.00e+00h  1
2917  7.1780539e-04 7.73e-05 2.54e-02  -4.1 1.12e-02    -  1.00e+00 1.00e+00h  1
2918  7.0731835e-04 4.91e-05 1.21e-02  -4.1 7.97e-03    -  1.00e+00 5.00e-01h  2
2919  7.0550301e-04 2.83e-05 1.90e-02  -4.1 7.91e-03    -  1.00e+00 5.00e-01h  2
iter    objective    inf_pr   inf_du lg(mu)  ||d||  lg(rg) alpha_du alpha_pr  ls
2920  7.0750717e-04 4.70e-06 4.69e-03  -4.1 3.06e-03    -  1.00e+00 1.00e+00h  1
2921  7.0571665e-04 1.49e-06 1.46e-03  -4.1 1.57e-03    -  1.00e+00 1.00e+00h  1
2922  7.0567245e-04 6.38e-08 1.63e-04  -4.1 3.08e-04    -  1.00e+00 1.00e+00h  1
2923  7.0525790e-04 6.25e-08 1.10e-03  -6.1 4.12e-04    -  1.00e+00 1.00e+00h  1
2924  7.0452233e-04 1.34e-06 8.87e-02  -6.1 2.16e-01    -  1.00e+00 8.53e-03h  5
2925  7.0240166e-04 5.11e-06 1.23e-03  -6.1 3.55e-03    -  1.00e+00 1.00e+00h  1
2926  7.0186620e-04 2.57e-06 3.61e-03  -6.1 1.40e-03    -  1.00e+00 5.00e-01h  2
2927  7.0036567e-04 2.00e-07 6.89e-04  -6.1 5.29e-04    -  1.00e+00 1.00e+00h  1
2928  8.5973937e-04 2.07e-03 1.55e-01  -4.0 7.69e-02    -  1.00e+00 1.00e+00f  1
2929  7.4785406e-04 6.04e-04 3.85e-02  -4.1 3.88e-02    -  1.00e+00 1.00e+00h  1
iter    objective    inf_pr   inf_du lg(mu)  ||d||  lg(rg) alpha_du alpha_pr  ls
2930  1.5444433e-03 2.80e-04 1.29e-02  -4.1 2.09e-02    -  1.00e+00 1.00e+00h  1
2931  7.1605551e-04 1.20e-04 4.98e-03  -4.1 1.57e-02    -  1.00e+00 1.00e+00h  1
2932  7.0184750e-04 5.66e-05 1.27e-02  -4.1 1.07e-02    -  1.00e+00 1.00e+00h  1
2933  7.1339641e-04 2.15e-05 5.12e-03  -4.1 6.92e-03    -  1.00e+00 1.00e+00h  1
2934  8.6329395e-04 6.59e-05 2.15e-02  -4.1 9.18e-03    -  1.00e+00 1.00e+00h  1
2935  7.0551035e-04 3.91e-05 4.84e-03  -4.1 6.78e-03    -  1.00e+00 1.00e+00h  1
2936  7.0586819e-04 3.31e-06 5.97e-03  -4.1 2.29e-03    -  1.00e+00 1.00e+00h  1
2937  7.0573676e-04 9.82e-07 1.20e-03  -4.1 1.23e-03    -  1.00e+00 1.00e+00h  1
2938  7.0567803e-04 5.92e-08 1.53e-04  -4.1 2.73e-04    -  1.00e+00 1.00e+00h  1
2939  7.0520647e-04 7.66e-08 1.00e-03  -6.1 4.70e-04    -  1.00e+00 1.00e+00h  1
iter    objective    inf_pr   inf_du lg(mu)  ||d||  lg(rg) alpha_du alpha_pr  ls
2940  7.0497640e-04 3.51e-07 2.64e-02  -6.1 6.45e-02    -  1.00e+00 1.30e-02h  6
2941  6.9687506e-04 3.30e-05 1.43e-03  -6.1 9.59e-03    -  1.00e+00 1.00e+00h  1
2942  9.0579360e-04 1.99e-04 1.83e-02  -4.0 4.76e-02    -  1.00e+00 5.00e-01h  2
2943  7.0381362e-04 1.29e-04 2.10e-03  -4.1 1.90e-02    -  1.00e+00 1.00e+00h  1
2944  1.3478316e-03 1.04e-04 1.72e-02  -4.1 1.67e-02    -  1.00e+00 1.00e+00H  1
2945  7.1564807e-04 8.17e-05 5.36e-03  -4.1 1.26e-02    -  1.00e+00 1.00e+00h  1
2946  7.0164868e-04 8.47e-05 1.15e-02  -4.1 1.65e-02    -  1.00e+00 1.00e+00h  1
2947  7.0642800e-04 4.07e-05 2.91e-04  -4.1 1.13e-02    -  1.00e+00 1.00e+00h  1
2948  1.0308562e-03 1.20e-05 2.67e-03  -6.1 5.75e-03    -  1.00e+00 1.00e+00h  1
2949  7.0648487e-04 6.14e-06 2.15e-03  -6.1 4.22e-03    -  1.00e+00 1.00e+00h  1
iter    objective    inf_pr   inf_du lg(mu)  ||d||  lg(rg) alpha_du alpha_pr  ls
2950  7.0539646e-04 3.85e-07 1.03e-03  -6.1 1.08e-03    -  1.00e+00 1.00e+00h  1
2951  7.0477890e-04 4.28e-06 3.34e-03  -6.1 2.34e-02    -  1.00e+00 1.25e-01h  4
2952  7.0219761e-04 6.67e-06 3.99e-02  -6.1 2.33e-02    -  1.00e+00 1.18e-01h  2
2953  7.0014683e-04 4.29e-06 1.63e-02  -6.1 3.61e-03    -  1.00e+00 5.00e-01h  2
2954  7.8921948e-04 1.51e-03 5.84e-02  -4.0 7.09e-02    -  1.00e+00 1.00e+00h  1
2955  7.3634250e-04 6.49e-04 1.38e-02  -4.1 3.78e-02    -  1.00e+00 1.00e+00h  1
2956  7.4406430e-04 1.15e-03 7.64e-03  -4.1 4.09e-02    -  1.00e+00 1.00e+00h  1
2957  8.6710239e-04 4.81e-04 1.31e-03  -4.1 2.26e-02    -  1.00e+00 1.00e+00h  1
2958  7.4094955e-04 4.39e-04 1.53e-01  -4.1 5.05e-02    -  1.00e+00 3.02e-01H  1
2959  7.1294617e-04 1.55e-04 4.61e-03  -4.1 1.44e-02    -  1.00e+00 1.00e+00f  1
iter    objective    inf_pr   inf_du lg(mu)  ||d||  lg(rg) alpha_du alpha_pr  ls
2960  7.3023845e-04 1.82e-04 3.28e-02  -4.1 2.58e-02    -  1.00e+00 5.00e-01h  2
2961  7.0822927e-04 9.77e-06 3.46e-03  -4.1 3.93e-03    -  1.00e+00 1.00e+00h  1
2962  7.0508183e-04 5.97e-05 2.28e-02  -4.1 8.23e-03    -  1.00e+00 1.00e+00h  1
2963  7.0503667e-04 2.83e-05 3.01e-03  -4.1 5.27e-03    -  1.00e+00 1.00e+00h  1
2964  7.0736043e-04 3.89e-06 5.02e-03  -4.1 2.75e-03    -  1.00e+00 1.00e+00h  1
2965  7.0808055e-04 1.33e-05 1.30e-02  -4.1 3.98e-03    -  1.00e+00 1.00e+00h  1
2966  7.0575404e-04 7.25e-06 8.99e-04  -4.1 3.35e-03    -  1.00e+00 1.00e+00h  1
2967  7.0610159e-04 1.40e-07 3.76e-04  -4.1 4.96e-04    -  1.00e+00 1.00e+00h  1
2968  7.0586282e-04 3.59e-08 1.15e-03  -6.1 2.69e-04    -  1.00e+00 1.00e+00h  1
2969  6.9444115e-04 1.33e-04 4.16e-04  -6.1 1.63e-02    -  1.00e+00 1.00e+00h  1
iter    objective    inf_pr   inf_du lg(mu)  ||d||  lg(rg) alpha_du alpha_pr  ls
2970  7.0499464e-04 2.83e-05 5.41e-04  -6.1 7.25e-03    -  1.00e+00 9.53e-01h  1
2971  7.1118922e-04 1.78e-05 5.72e-04  -6.2 4.03e-03    -  1.00e+00 1.00e+00h  1
2972  7.0610456e-04 1.34e-06 1.18e-03  -6.2 1.60e-03    -  1.00e+00 1.00e+00h  1
2973  7.0034595e-04 1.58e-06 1.84e-04  -6.2 1.69e-03    -  1.00e+00 1.00e+00h  1
2974  8.5586601e-04 5.97e-03 1.54e-01  -4.0 1.08e-01    -  1.00e+00 1.00e+00f  1
2975  7.6952740e-04 1.69e-03 3.81e-02  -4.1 5.45e-02    -  1.00e+00 1.00e+00h  1
2976  3.6897199e-03 1.24e-03 5.47e-03  -4.1 4.03e-02    -  1.00e+00 1.00e+00h  1
2977  9.2472659e-04 3.37e-04 1.35e-02  -4.1 2.40e-02    -  1.00e+00 7.70e-01h  1
2978  7.0828224e-04 1.73e-04 1.64e-03  -4.1 1.87e-02    -  1.00e+00 1.00e+00f  1
2979  7.1070493e-04 1.07e-05 2.71e-03  -4.1 3.24e-03    -  1.00e+00 1.00e+00h  1
iter    objective    inf_pr   inf_du lg(mu)  ||d||  lg(rg) alpha_du alpha_pr  ls
2980  7.1406843e-04 4.90e-05 1.86e-02  -4.1 7.85e-03    -  1.00e+00 1.00e+00h  1
2981  7.0887669e-04 1.90e-05 2.40e-03  -4.1 5.11e-03    -  1.00e+00 1.00e+00h  1
2982  7.0881618e-04 2.17e-06 2.82e-03  -4.1 1.79e-03    -  1.00e+00 1.00e+00h  1
2983  7.0624363e-04 1.09e-06 1.45e-03  -4.1 1.36e-03    -  1.00e+00 1.00e+00h  1
2984  7.0604289e-04 7.45e-08 9.03e-04  -4.1 3.56e-04    -  1.00e+00 1.00e+00h  1
2985  7.0593474e-04 1.21e-08 6.12e-04  -4.1 1.37e-04    -  1.00e+00 1.00e+00h  1
2986  7.0556894e-04 1.07e-07 8.89e-04  -6.1 3.53e-04    -  1.00e+00 1.00e+00h  1
2987  7.0449518e-04 4.19e-05 2.82e-03  -6.1 2.60e-02    -  1.00e+00 2.50e-01h  3
2988  7.0238624e-04 2.74e-05 1.19e-02  -6.1 4.47e-03    -  1.00e+00 3.48e-01h  2
2989  7.0140302e-04 4.39e-06 6.69e-04  -6.1 2.77e-03    -  1.00e+00 1.00e+00h  1
iter    objective    inf_pr   inf_du lg(mu)  ||d||  lg(rg) alpha_du alpha_pr  ls
2990  7.0121886e-04 5.25e-07 2.86e-04  -6.1 9.17e-04    -  1.00e+00 1.00e+00h  1
2991  7.0080700e-04 4.39e-07 1.60e-04  -6.1 1.21e-03    -  1.00e+00 1.00e+00h  1
2992  7.0068620e-04 1.05e-07 3.95e-05  -6.1 6.71e-04    -  1.00e+00 1.00e+00h  1
2993  9.5197373e-04 2.59e-03 4.14e-02  -4.0 1.08e-01    -  1.00e+00 5.00e-01f  2
2994  7.4215468e-04 9.69e-04 8.31e-03  -4.1 3.10e-02    -  1.00e+00 1.00e+00h  1
2995  7.1806671e-04 3.70e-04 3.04e-03  -4.1 2.66e-02    -  1.00e+00 1.00e+00h  1
2996  8.3203745e-04 1.53e-04 4.81e-02  -4.1 4.79e-02    -  1.00e+00 5.09e-01H  1
2997  7.0584805e-04 1.40e-04 9.50e-04  -4.1 1.31e-02    -  1.00e+00 1.00e+00f  1
2998  7.0580442e-04 1.74e-05 5.27e-03  -4.1 5.00e-03    -  1.00e+00 1.00e+00h  1
2999  7.1575309e-04 4.35e-05 1.77e-02  -4.1 8.18e-03    -  1.00e+00 1.00e+00h  1
iter    objective    inf_pr   inf_du lg(mu)  ||d||  lg(rg) alpha_du alpha_pr  ls
3000  7.0467343e-04 4.84e-05 1.32e-02  -4.1 9.22e-03    -  1.00e+00 1.00e+00h  1
3001  7.1522244e-04 7.40e-05 7.45e-03  -4.1 1.08e-02    -  1.00e+00 1.00e+00h  1
3002  7.0600352e-04 2.16e-05 4.23e-03  -4.1 6.12e-03    -  1.00e+00 1.00e+00h  1
3003  7.0630507e-04 4.59e-06 2.72e-03  -4.1 2.64e-03    -  1.00e+00 1.00e+00h  1
3004  7.0590200e-04 8.78e-07 1.02e-03  -4.1 1.15e-03    -  1.00e+00 1.00e+00h  1
3005  7.0595064e-04 4.05e-08 1.86e-04  -4.1 2.35e-04    -  1.00e+00 1.00e+00h  1
3006  7.0562047e-04 6.72e-08 8.39e-04  -6.1 4.11e-04    -  1.00e+00 1.00e+00h  1
3007  6.9960005e-04 1.71e-04 1.39e-02  -6.1 7.54e-02    -  1.00e+00 2.50e-01h  2
3008  7.0125836e-04 9.80e-05 3.25e-03  -6.1 9.03e-03    -  1.00e+00 5.00e-01h  2
3009  7.0115353e-04 2.79e-05 6.29e-04  -6.1 6.71e-03    -  1.00e+00 1.00e+00h  1
iter    objective    inf_pr   inf_du lg(mu)  ||d||  lg(rg) alpha_du alpha_pr  ls
3010  7.0119948e-04 1.45e-05 5.23e-03  -6.1 1.68e-03    -  1.00e+00 5.00e-01h  2
3011  7.0083686e-04 5.96e-07 6.88e-04  -6.1 1.29e-03    -  1.00e+00 1.00e+00h  1
3012  7.0085133e-04 6.35e-08 3.09e-05  -6.1 2.43e-04    -  1.00e+00 1.00e+00h  1
3013  9.3577807e-04 7.45e-03 1.75e-01  -4.0 1.26e-01    -  1.00e+00 1.00e+00f  1
3014  7.6780208e-04 1.88e-03 4.37e-02  -4.1 6.31e-02    -  1.00e+00 1.00e+00h  1
3015  1.2536304e-03 5.48e-04 7.88e-03  -4.1 3.49e-02    -  1.00e+00 1.00e+00h  1
3016  7.2154882e-04 4.09e-04 1.72e-03  -4.1 2.60e-02    -  1.00e+00 1.00e+00h  1
3017  7.5381748e-04 1.66e-05 1.30e-03  -4.1 6.06e-03    -  1.00e+00 1.00e+00h  1
3018  7.0444323e-04 1.00e-04 2.47e-02  -4.1 1.27e-02    -  1.00e+00 1.00e+00h  1
3019  7.1746939e-04 4.69e-05 6.25e-03  -4.1 9.68e-03    -  1.00e+00 1.00e+00h  1
iter    objective    inf_pr   inf_du lg(mu)  ||d||  lg(rg) alpha_du alpha_pr  ls
3020  7.3037769e-04 9.95e-05 1.26e-02  -4.1 1.22e-02    -  1.00e+00 1.00e+00h  1
3021  7.0563619e-04 4.69e-05 4.24e-03  -4.1 8.64e-03    -  1.00e+00 1.00e+00h  1
3022  7.0558474e-04 5.67e-06 4.57e-03  -4.1 3.11e-03    -  1.00e+00 1.00e+00h  1
3023  7.0584403e-04 1.75e-06 1.78e-03  -4.1 1.45e-03    -  1.00e+00 1.00e+00h  1
3024  7.0558177e-04 1.40e-07 7.28e-04  -4.1 4.02e-04    -  1.00e+00 1.00e+00h  1
3025  7.0514761e-04 1.18e-07 8.39e-04  -6.1 3.46e-04    -  1.00e+00 1.00e+00h  1
3026  7.0338258e-04 1.66e-05 2.82e-04  -6.1 4.09e-03    -  1.00e+00 1.00e+00h  1
3027  7.0156507e-04 1.35e-05 1.51e-02  -6.1 4.27e-03    -  1.00e+00 2.40e-01h  2
3028  7.0182666e-04 6.51e-06 9.65e-03  -6.1 1.57e-03    -  1.00e+00 5.00e-01h  2
3029  7.0089748e-04 1.47e-07 3.33e-04  -6.1 6.03e-04    -  1.00e+00 1.00e+00h  1
iter    objective    inf_pr   inf_du lg(mu)  ||d||  lg(rg) alpha_du alpha_pr  ls
3030  7.0079460e-04 1.51e-08 2.20e-04  -6.1 1.22e-04    -  1.00e+00 1.00e+00h  1
3031  1.0079072e-03 1.27e-02 1.19e-01  -4.0 1.14e-01    -  1.00e+00 1.00e+00f  1
3032  7.7744229e-04 3.20e-03 2.98e-02  -4.1 6.18e-02    -  1.00e+00 1.00e+00h  1
3033  7.8030391e-04 1.01e-03 1.30e-02  -4.1 4.46e-02    -  1.00e+00 1.00e+00h  1
3034  1.0559115e-03 1.17e-03 3.39e-02  -4.1 1.06e-01    -  8.70e-01 2.50e-01h  3
3035  7.0749275e-04 4.15e-04 2.50e-03  -4.1 1.99e-02    -  1.00e+00 1.00e+00h  1
3036  7.7685539e-04 4.62e-04 8.45e-03  -4.1 2.51e-02    -  1.00e+00 1.00e+00h  1
3037  7.2633791e-04 8.51e-05 1.03e-03  -4.1 1.05e-02    -  1.00e+00 1.00e+00h  1
3038  7.1021597e-04 5.73e-05 1.42e-02  -4.1 9.16e-03    -  1.00e+00 1.00e+00h  1
3039  7.0831035e-04 6.20e-05 3.66e-03  -4.1 9.30e-03    -  1.00e+00 1.00e+00h  1
iter    objective    inf_pr   inf_du lg(mu)  ||d||  lg(rg) alpha_du alpha_pr  ls
3040  7.1166858e-04 2.34e-05 1.48e-02  -4.1 6.18e-03    -  1.00e+00 1.00e+00h  1
3041  7.0705315e-04 2.31e-05 4.75e-03  -4.1 5.76e-03    -  1.00e+00 1.00e+00h  1
3042  7.0725756e-04 5.95e-06 4.13e-03  -4.1 2.59e-03    -  1.00e+00 1.00e+00h  1
3043  7.0650171e-04 1.77e-06 1.67e-03  -4.1 1.62e-03    -  1.00e+00 1.00e+00h  1
3044  7.0615234e-04 2.12e-07 6.39e-04  -4.1 4.13e-04    -  1.00e+00 1.00e+00h  1
3045  7.0572396e-04 1.16e-07 1.25e-03  -6.1 3.28e-04    -  1.00e+00 1.00e+00h  1
3046  7.0417246e-04 4.22e-06 8.96e-04  -6.1 1.82e-03    -  1.00e+00 1.00e+00h  1
3047  7.0357047e-04 2.93e-05 1.26e-02  -6.1 1.87e-02    -  1.00e+00 2.46e-01h  2
3048  7.0214760e-04 5.83e-07 2.76e-04  -6.1 1.17e-03    -  1.00e+00 1.00e+00h  1
3049  7.0108756e-04 1.60e-07 5.03e-04  -6.1 3.80e-04    -  1.00e+00 1.00e+00h  1
iter    objective    inf_pr   inf_du lg(mu)  ||d||  lg(rg) alpha_du alpha_pr  ls
3050  7.0095032e-04 1.15e-08 2.76e-04  -6.1 2.27e-04    -  1.00e+00 1.00e+00h  1
3051  1.1385485e-03 1.54e-02 4.69e-01  -4.0 1.41e-01    -  1.00e+00 1.00e+00f  1
3052  8.0827298e-04 4.51e-03 1.16e-01  -4.1 6.98e-02    -  1.00e+00 1.00e+00h  1
3053  7.9159544e-04 6.47e-04 2.71e-02  -4.1 3.61e-02    -  1.00e+00 1.00e+00h  1
3054  1.7536461e-03 5.56e-04 3.26e-03  -4.1 4.45e-02    -  1.00e+00 1.00e+00H  1
3055  7.3178344e-04 4.38e-04 7.52e-03  -4.1 3.07e-02    -  1.00e+00 1.00e+00h  1
3056  7.3320866e-04 2.39e-04 7.67e-03  -4.1 1.60e-02    -  1.00e+00 1.00e+00h  1
3057  7.3010692e-04 1.00e-05 6.67e-03  -4.1 5.70e-03    -  1.00e+00 1.00e+00h  1
3058  7.1294640e-04 1.27e-04 1.40e-02  -4.1 1.25e-02    -  1.00e+00 1.00e+00h  1
3059  7.1055568e-04 4.79e-05 2.19e-03  -4.1 7.46e-03    -  1.00e+00 1.00e+00h  1
iter    objective    inf_pr   inf_du lg(mu)  ||d||  lg(rg) alpha_du alpha_pr  ls
3060  7.0792069e-04 1.25e-06 2.86e-03  -4.1 4.39e-03    -  1.00e+00 1.00e+00h  1
3061  7.0759379e-04 1.99e-06 4.83e-03  -4.1 1.65e-03    -  1.00e+00 1.00e+00h  1
3062  7.0664139e-04 6.14e-07 1.38e-03  -4.1 9.06e-04    -  1.00e+00 1.00e+00h  1
3063  7.0627211e-04 1.59e-07 9.81e-04  -4.1 1.09e-03    -  1.00e+00 1.00e+00h  1
3064  7.0609467e-04 1.87e-09 3.66e-03  -4.1 2.17e-03    -  1.00e+00 1.00e+00H  1
3065  7.0753708e-04 3.51e-10 1.10e-02  -4.1 5.01e-03    -  1.00e+00 1.00e+00H  1
3066  7.0592132e-04 2.49e-08 1.82e-03  -4.1 4.64e-03    -  1.00e+00 1.00e+00H  1
3067  7.0913787e-04 2.50e-12 1.92e-03  -4.1 1.51e-03    -  1.00e+00 1.00e+00H  1
3068  7.0569317e-04 2.63e-07 2.01e-04  -4.1 1.53e-03    -  1.00e+00 1.00e+00h  1
3069  7.0537444e-04 1.06e-07 1.58e-04  -6.1 3.78e-04    -  1.00e+00 1.00e+00h  1
iter    objective    inf_pr   inf_du lg(mu)  ||d||  lg(rg) alpha_du alpha_pr  ls
3070  7.0327911e-04 8.46e-05 4.76e-04  -6.1 1.16e-02    -  1.00e+00 1.00e+00h  1
3071  6.9917205e-04 4.81e-05 6.50e-03  -6.1 3.93e-03    -  1.00e+00 4.57e-01h  2
3072  8.8834348e-04 5.93e-03 6.09e-02  -4.0 9.50e-02    -  1.00e+00 1.00e+00h  1
3073  8.0066846e-04 1.71e-03 1.55e-02  -4.1 4.80e-02    -  1.00e+00 1.00e+00h  1
3074  1.1256280e-03 1.00e-03 3.76e-03  -4.1 4.02e-02    -  1.00e+00 1.00e+00h  1
3075  7.2491831e-04 2.91e-04 4.38e-03  -4.1 2.32e-02    -  1.00e+00 1.00e+00h  1
3076  7.0344254e-04 6.74e-04 7.02e-03  -4.1 3.20e-02    -  1.00e+00 1.00e+00h  1
3077  7.3995019e-04 1.59e-04 1.69e-03  -4.1 1.54e-02    -  1.00e+00 1.00e+00h  1
3078  7.5865192e-04 2.10e-05 9.41e-03  -4.1 5.31e-03    -  1.00e+00 1.00e+00h  1
3079  7.0394050e-04 1.00e-04 6.07e-03  -4.1 1.18e-02    -  1.00e+00 1.00e+00h  1
iter    objective    inf_pr   inf_du lg(mu)  ||d||  lg(rg) alpha_du alpha_pr  ls
3080  7.1374799e-04 4.88e-05 6.73e-03  -4.1 8.34e-03    -  1.00e+00 1.00e+00h  1
3081  7.0480184e-04 1.82e-05 4.19e-03  -4.1 5.10e-03    -  1.00e+00 1.00e+00h  1
3082  7.0661081e-04 4.62e-06 2.99e-03  -4.1 2.51e-03    -  1.00e+00 1.00e+00h  1
3083  7.0585331e-04 5.93e-07 6.06e-04  -4.1 9.08e-04    -  1.00e+00 1.00e+00h  1
3084  7.0567256e-04 2.06e-08 7.44e-04  -6.1 2.16e-04    -  1.00e+00 1.00e+00h  1
3085  6.9884359e-04 4.61e-05 3.67e-04  -6.1 9.97e-03    -  1.00e+00 1.00e+00h  1
3086  6.9887493e-04 3.18e-05 1.15e-02  -6.1 2.72e-03    -  1.00e+00 3.19e-01h  2
3087  8.0312962e-04 2.45e-03 5.77e-02  -4.0 8.29e-02    -  1.00e+00 1.00e+00h  1
3088  7.3564233e-04 6.85e-04 1.42e-02  -4.1 4.28e-02    -  1.00e+00 1.00e+00h  1
3089  7.6855506e-04 3.32e-04 2.19e-03  -4.1 2.67e-02    -  1.00e+00 1.00e+00h  1
iter    objective    inf_pr   inf_du lg(mu)  ||d||  lg(rg) alpha_du alpha_pr  ls
3090  7.6185225e-04 3.01e-04 1.28e-02  -4.1 2.84e-02    -  1.00e+00 1.00e+00h  1
3091  7.3991374e-04 2.17e-04 1.14e-03  -4.1 2.06e-02    -  1.00e+00 1.00e+00h  1
3092  8.0795175e-04 1.34e-04 9.89e-02  -4.1 3.15e-02    -  1.00e+00 4.66e-01H  1
3093  7.1143672e-04 7.24e-05 5.04e-03  -4.1 1.18e-02    -  1.00e+00 1.00e+00f  1
3094  6.9887351e-04 1.48e-04 1.19e-02  -4.1 1.73e-02    -  1.00e+00 1.00e+00h  1
3095  7.0577040e-04 5.99e-05 9.75e-04  -4.1 1.09e-02    -  1.00e+00 1.00e+00h  1
3096  7.0693558e-04 2.26e-07 6.91e-04  -4.1 6.47e-04    -  1.00e+00 1.00e+00h  1
3097  7.0431400e-04 5.15e-07 9.19e-04  -6.1 1.03e-03    -  1.00e+00 1.00e+00h  1
3098  7.0365395e-04 3.44e-07 9.08e-04  -6.1 8.54e-04    -  1.00e+00 1.00e+00h  1
3099  7.0272393e-04 2.23e-06 1.45e-02  -6.1 1.48e-02    -  1.00e+00 1.32e-01h  3
iter    objective    inf_pr   inf_du lg(mu)  ||d||  lg(rg) alpha_du alpha_pr  ls
3100  7.0062835e-04 5.96e-08 2.43e-03  -6.1 3.14e-03    -  1.00e+00 9.13e-01H  1
3101  8.7435091e-04 2.82e-03 1.09e-01  -4.0 8.68e-02    -  1.00e+00 1.00e+00f  1
3102  7.4724829e-04 6.92e-04 2.71e-02  -4.1 4.41e-02    -  1.00e+00 1.00e+00h  1
3103  8.5282689e-04 3.61e-04 5.58e-03  -4.1 2.51e-02    -  1.00e+00 1.00e+00h  1
3104  7.3707880e-04 2.72e-04 5.38e-03  -4.1 2.30e-02    -  1.00e+00 1.00e+00h  1
3105  8.6382836e-04 8.28e-05 2.03e-03  -4.1 1.35e-02    -  1.00e+00 1.00e+00h  1
3106  7.0742500e-04 4.88e-06 3.53e-03  -4.1 2.97e-03    -  1.00e+00 1.00e+00h  1
3107  7.0028955e-04 2.50e-05 2.96e-02  -4.1 8.32e-03    -  1.00e+00 1.00e+00h  1
3108  7.0426878e-04 9.77e-06 5.98e-03  -4.1 5.15e-03    -  1.00e+00 1.00e+00h  1
3109  7.0622126e-04 2.78e-06 2.49e-03  -4.1 2.64e-03    -  1.00e+00 1.00e+00h  1
iter    objective    inf_pr   inf_du lg(mu)  ||d||  lg(rg) alpha_du alpha_pr  ls
3110  7.0577818e-04 3.15e-07 1.64e-03  -4.1 6.67e-04    -  1.00e+00 1.00e+00h  1
3111  7.0577239e-04 3.35e-08 5.00e-04  -4.1 2.11e-04    -  1.00e+00 1.00e+00h  1
3112  7.0553170e-04 4.15e-08 1.15e-03  -6.1 2.64e-04    -  1.00e+00 1.00e+00h  1
3113  7.0354334e-04 1.65e-05 2.77e-02  -6.1 1.26e-01    -  1.00e+00 4.10e-02h  4
3114  7.0269542e-04 7.21e-07 2.67e-04  -6.1 9.30e-04    -  1.00e+00 1.00e+00h  1
3115  7.0090670e-04 1.34e-07 8.40e-05  -6.1 4.58e-04    -  1.00e+00 1.00e+00h  1
3116  7.0088352e-04 5.09e-09 4.97e-05  -6.1 9.66e-05    -  1.00e+00 1.00e+00h  1
3117  7.0084722e-04 3.01e-09 7.29e-05  -6.1 7.26e-05    -  1.00e+00 1.00e+00h  1
3118  8.9334033e-04 7.26e-03 1.96e-01  -4.0 1.14e-01    -  1.00e+00 1.00e+00f  1
3119  7.6815054e-04 1.89e-03 4.91e-02  -4.1 5.70e-02    -  1.00e+00 1.00e+00h  1
iter    objective    inf_pr   inf_du lg(mu)  ||d||  lg(rg) alpha_du alpha_pr  ls
3120  7.2520930e-04 5.41e-04 1.21e-02  -4.1 3.03e-02    -  1.00e+00 1.00e+00h  1
3121  7.2596874e-04 2.36e-04 1.28e-03  -4.1 1.98e-02    -  1.00e+00 1.00e+00h  1
3122  7.2748258e-04 4.23e-05 1.81e-01  -4.1 3.30e-02    -  1.00e+00 3.13e-01H  1
3123  7.0448847e-04 3.98e-05 8.49e-04  -4.1 8.12e-03    -  1.00e+00 1.00e+00f  1
3124  7.1196453e-04 2.49e-05 1.15e-02  -4.1 6.89e-03    -  1.00e+00 1.00e+00h  1
3125  7.0467748e-04 1.94e-05 2.71e-03  -4.1 5.97e-03    -  1.00e+00 1.00e+00h  1
3126  7.0617350e-04 1.82e-06 1.67e-03  -4.1 1.61e-03    -  1.00e+00 1.00e+00h  1
3127  7.0561097e-04 2.18e-07 1.01e-03  -4.1 5.23e-04    -  1.00e+00 1.00e+00h  1
3128  7.0560382e-04 1.82e-08 3.19e-04  -4.1 1.72e-04    -  1.00e+00 1.00e+00h  1
3129  7.0536663e-04 3.24e-08 9.34e-04  -6.1 2.82e-04    -  1.00e+00 1.00e+00h  1
iter    objective    inf_pr   inf_du lg(mu)  ||d||  lg(rg) alpha_du alpha_pr  ls
3130  7.0248566e-04 4.77e-05 3.47e-02  -6.1 1.73e-01    -  1.00e+00 6.38e-02h  3
3131  7.0402011e-04 1.45e-05 2.68e-04  -6.1 4.75e-03    -  1.00e+00 1.00e+00h  1
3132  7.0345177e-04 2.38e-06 7.26e-04  -6.1 1.56e-03    -  1.00e+00 1.00e+00h  1
3133  7.0019933e-04 9.71e-07 8.20e-04  -6.1 1.31e-03    -  1.00e+00 1.00e+00h  1
3134  8.6194347e-04 5.24e-03 1.64e-01  -4.0 1.14e-01    -  1.00e+00 1.00e+00f  1
3135  7.5715750e-04 1.38e-03 4.12e-02  -4.1 5.73e-02    -  1.00e+00 1.00e+00h  1
3136  7.2495061e-04 4.05e-04 1.01e-02  -4.1 3.10e-02    -  1.00e+00 1.00e+00h  1
3137  7.6759038e-04 2.53e-04 1.00e-03  -4.1 2.21e-02    -  1.00e+00 1.00e+00h  1
3138  7.2746048e-04 2.21e-05 8.59e-03  -4.1 8.36e-03    -  1.00e+00 9.85e-01h  1
3139  7.1503980e-04 1.10e-04 4.70e-03  -4.1 1.53e-02    -  1.00e+00 1.00e+00f  1
iter    objective    inf_pr   inf_du lg(mu)  ||d||  lg(rg) alpha_du alpha_pr  ls
3140  7.0636667e-04 3.88e-05 5.17e-03  -4.1 8.83e-03    -  1.00e+00 1.00e+00h  1
3141  7.1262215e-04 2.83e-05 8.61e-03  -4.1 8.04e-03    -  1.00e+00 1.00e+00h  1
3142  7.0613209e-04 8.09e-06 3.83e-03  -4.1 5.08e-03    -  1.00e+00 1.00e+00h  1
3143  7.0639068e-04 1.40e-06 1.77e-03  -4.1 1.82e-03    -  1.00e+00 1.00e+00h  1
3144  7.0557457e-04 1.82e-07 6.98e-04  -4.1 4.85e-04    -  1.00e+00 1.00e+00h  1
3145  7.0527741e-04 4.13e-08 1.06e-03  -6.1 3.10e-04    -  1.00e+00 1.00e+00h  1
3146  7.0416323e-04 1.42e-06 8.86e-04  -6.1 1.66e-03    -  1.00e+00 1.00e+00h  1
3147  7.0362549e-04 2.39e-06 1.94e-02  -6.1 2.62e-02    -  1.00e+00 4.80e-02h  4
3148  7.0133064e-04 4.08e-06 4.65e-04  -6.1 2.75e-03    -  1.00e+00 1.00e+00h  1
3149  7.0068510e-04 3.24e-06 2.40e-04  -6.1 2.22e-03    -  1.00e+00 1.00e+00h  1
iter    objective    inf_pr   inf_du lg(mu)  ||d||  lg(rg) alpha_du alpha_pr  ls
3150  7.0061061e-04 3.50e-07 1.01e-04  -6.1 6.25e-04    -  1.00e+00 1.00e+00h  1
3151  7.0075087e-04 1.08e-08 1.63e-04  -6.1 6.56e-04    -  1.00e+00 1.00e+00H  1
3152  8.8737600e-04 6.99e-03 2.95e-01  -4.0 1.14e-01    -  1.00e+00 1.00e+00f  1
3153  7.6247786e-04 1.98e-03 7.10e-02  -4.1 5.81e-02    -  1.00e+00 1.00e+00h  1
3154  7.6770674e-04 1.08e-03 1.01e-01  -4.1 7.35e-02    -  1.00e+00 5.00e-01h  2
3155  8.3379035e-04 5.70e-04 9.84e-03  -4.1 2.59e-02    -  1.00e+00 1.00e+00h  1
3156  7.1445771e-04 6.44e-04 2.20e-02  -4.1 3.79e-02    -  6.95e-01 5.00e-01h  2
3157  7.1707854e-04 7.82e-06 6.24e-04  -4.1 3.64e-03    -  1.00e+00 1.00e+00h  1
3158  7.0591743e-04 7.33e-07 9.55e-04  -6.1 1.66e-03    -  1.00e+00 1.00e+00h  1
3159  7.0398229e-04 2.61e-06 6.76e-04  -6.1 2.26e-03    -  1.00e+00 1.00e+00h  1
iter    objective    inf_pr   inf_du lg(mu)  ||d||  lg(rg) alpha_du alpha_pr  ls
3160  7.0063230e-04 8.02e-06 6.38e-04  -6.1 3.24e-03    -  1.00e+00 1.00e+00h  1
3161  7.0083340e-04 1.47e-05 4.11e-04  -6.1 4.65e-03    -  1.00e+00 1.00e+00h  1
3162  6.9967898e-04 6.75e-06 5.65e-04  -6.1 3.11e-03    -  1.00e+00 1.00e+00h  1
3163  9.3242160e-04 2.30e-03 1.12e-01  -4.0 8.49e-02    -  1.00e+00 5.00e-01h  2
3164  7.8095323e-04 1.92e-03 1.20e-02  -4.1 5.47e-02    -  1.00e+00 1.00e+00h  1
3165  9.0629528e-04 9.94e-04 6.63e-03  -4.1 3.14e-02    -  9.63e-01 1.00e+00h  1
3166  8.3295876e-04 4.21e-04 1.49e-02  -4.1 3.76e-02    -  1.00e+00 7.26e-01H  1
3167  7.3201301e-04 2.75e-04 8.45e-02  -4.1 4.10e-02    -  1.00e+00 5.00e-01f  2
3168  7.1388897e-04 5.79e-04 1.18e-02  -4.1 2.69e-02    -  1.00e+00 1.00e+00h  1
3169  7.0570945e-04 4.82e-04 6.07e-03  -4.1 3.07e-02    -  1.00e+00 1.00e+00h  1
iter    objective    inf_pr   inf_du lg(mu)  ||d||  lg(rg) alpha_du alpha_pr  ls
3170  8.5232679e-04 1.94e-04 2.08e-02  -4.1 3.04e-02    -  1.00e+00 7.96e-01H  1
3171  7.3039008e-04 9.56e-05 2.01e-02  -4.1 2.66e-02    -  1.00e+00 5.00e-01f  2
3172  7.1027466e-04 1.35e-04 5.77e-02  -4.1 2.24e-02    -  1.00e+00 5.00e-01h  2
3173  7.2638924e-04 1.08e-04 3.96e-03  -4.1 7.76e-03    -  1.00e+00 1.00e+00h  1
3174  7.0714503e-04 6.43e-05 4.28e-03  -4.1 6.91e-03    -  1.00e+00 1.00e+00h  1
3175  7.3207537e-04 3.39e-05 1.25e-02  -4.1 6.75e-03    -  1.00e+00 1.00e+00h  1
3176  7.0476357e-04 2.21e-05 2.70e-03  -4.1 5.80e-03    -  1.00e+00 1.00e+00h  1
3177  7.0697918e-04 3.20e-06 5.60e-03  -4.1 2.33e-03    -  1.00e+00 1.00e+00h  1
3178  7.0518088e-04 1.92e-06 1.03e-03  -4.1 1.47e-03    -  1.00e+00 1.00e+00h  1
3179  7.0540607e-04 4.17e-08 4.25e-04  -4.1 2.37e-04    -  1.00e+00 1.00e+00h  1
iter    objective    inf_pr   inf_du lg(mu)  ||d||  lg(rg) alpha_du alpha_pr  ls
3180  7.0509081e-04 1.44e-07 1.25e-03  -6.1 5.01e-04    -  1.00e+00 1.00e+00h  1
3181  7.0098496e-04 1.04e-04 7.18e-04  -6.1 2.84e-02    -  1.00e+00 5.00e-01h  2
3182  7.0195392e-04 9.02e-05 1.73e-02  -6.1 2.50e-03    -  1.00e+00 1.31e-01h  3
3183  7.0096355e-04 1.39e-05 5.07e-04  -6.1 5.28e-03    -  1.00e+00 1.00e+00h  1
3184  7.0036344e-04 2.04e-06 4.03e-04  -6.1 2.00e-03    -  1.00e+00 1.00e+00h  1
3185  7.0587849e-04 5.99e-09 1.48e-03  -6.1 7.56e-03    -  1.00e+00 1.00e+00H  1
3186  6.9985670e-04 2.62e-05 3.30e-04  -6.1 6.10e-03    -  1.00e+00 1.00e+00h  1
3187  6.9989953e-04 2.75e-08 5.26e-05  -6.1 1.72e-04    -  1.00e+00 1.00e+00h  1
3188  9.3303904e-04 6.93e-03 3.09e-01  -4.0 9.24e-02    -  1.00e+00 1.00e+00f  1
3189  7.6231846e-04 1.90e-03 7.62e-02  -4.1 4.57e-02    -  1.00e+00 1.00e+00h  1
iter    objective    inf_pr   inf_du lg(mu)  ||d||  lg(rg) alpha_du alpha_pr  ls
3190  1.0946635e-03 5.03e-04 1.90e-02  -4.1 2.62e-02    -  1.00e+00 1.00e+00h  1
3191  7.3271527e-04 5.03e-04 3.00e-03  -4.1 2.58e-02    -  1.00e+00 1.00e+00h  1
3192  7.0907754e-04 3.46e-05 5.06e-03  -4.1 6.69e-03    -  1.00e+00 1.00e+00h  1
3193  7.0630321e-04 1.71e-05 1.05e-02  -4.1 4.05e-03    -  1.00e+00 1.00e+00h  1
3194  7.0664909e-04 1.39e-05 5.49e-03  -4.1 4.01e-03    -  1.00e+00 1.00e+00h  1
3195  7.0627125e-04 8.17e-07 3.25e-03  -4.1 1.23e-03    -  1.00e+00 1.00e+00h  1
3196  7.0550187e-04 9.48e-07 2.53e-03  -4.1 9.58e-04    -  1.00e+00 1.00e+00h  1
3197  7.0545464e-04 3.29e-07 2.37e-03  -4.1 7.03e-04    -  1.00e+00 1.00e+00h  1
3198  7.0536730e-04 5.79e-08 2.58e-04  -4.1 2.50e-04    -  1.00e+00 1.00e+00h  1
3199  7.0506934e-04 6.73e-08 1.17e-03  -6.1 3.44e-04    -  1.00e+00 1.00e+00h  1
iter    objective    inf_pr   inf_du lg(mu)  ||d||  lg(rg) alpha_du alpha_pr  ls
3200  7.0259498e-04 1.98e-05 1.30e-02  -6.1 7.60e-02    -  1.00e+00 7.72e-02h  4
3201  7.0117440e-04 1.41e-05 1.50e-02  -6.1 3.29e-03    -  1.00e+00 4.24e-01h  2
3202  7.0062660e-04 1.17e-06 1.89e-04  -6.1 1.39e-03    -  1.00e+00 1.00e+00h  1
3203  7.0017915e-04 1.79e-07 5.92e-05  -6.1 4.93e-04    -  1.00e+00 1.00e+00h  1
3204  7.0000442e-04 1.51e-07 1.08e-04  -6.1 5.91e-04    -  1.00e+00 1.00e+00h  1
3205  6.9998406e-04 1.54e-07 8.87e-05  -6.1 4.41e-04    -  1.00e+00 1.00e+00h  1
3206  6.9989667e-04 6.87e-08 5.16e-05  -6.1 2.81e-04    -  1.00e+00 1.00e+00h  1
3207  9.3508094e-04 8.12e-03 1.08e-01  -4.0 1.15e-01    -  1.00e+00 1.00e+00f  1
3208  8.2379028e-04 2.30e-03 2.75e-02  -4.1 5.81e-02    -  1.00e+00 1.00e+00h  1
3209  1.2644600e-03 1.40e-03 2.73e-03  -4.1 3.84e-02    -  1.00e+00 1.00e+00h  1
iter    objective    inf_pr   inf_du lg(mu)  ||d||  lg(rg) alpha_du alpha_pr  ls
3210  7.3994911e-04 5.12e-04 7.26e-03  -4.1 2.24e-02    -  1.00e+00 9.63e-01h  1
3211  7.2181105e-04 6.84e-04 4.20e-03  -4.1 3.36e-02    -  1.00e+00 1.00e+00f  1
3212  1.3468212e-03 1.71e-04 9.36e-03  -4.1 1.29e-02    -  1.00e+00 9.74e-01h  1
3213  7.0704949e-04 1.67e-04 2.60e-03  -4.1 1.74e-02    -  1.00e+00 1.00e+00f  1
3214  7.0552137e-04 1.20e-05 3.05e-03  -4.1 3.18e-03    -  1.00e+00 1.00e+00h  1
3215  7.1634109e-04 6.34e-05 2.50e-02  -4.1 9.91e-03    -  1.00e+00 1.00e+00h  1
3216  7.0605869e-04 2.25e-05 5.88e-03  -4.1 6.82e-03    -  1.00e+00 1.00e+00h  1
3217  7.0677954e-04 2.81e-05 1.51e-02  -4.1 6.34e-03    -  1.00e+00 1.00e+00h  1
3218  7.0548640e-04 1.35e-05 1.79e-03  -4.1 4.46e-03    -  1.00e+00 1.00e+00h  1
3219  7.0560774e-04 2.12e-07 9.94e-04  -4.1 6.90e-04    -  1.00e+00 1.00e+00h  1
iter    objective    inf_pr   inf_du lg(mu)  ||d||  lg(rg) alpha_du alpha_pr  ls
3220  7.0544367e-04 3.20e-07 2.18e-03  -4.1 7.36e-04    -  1.00e+00 1.00e+00h  1
3221  7.1418362e-04 2.99e-08 1.20e-02  -4.1 4.35e-03    -  1.00e+00 1.00e+00H  1
3222  7.0531781e-04 4.20e-06 2.15e-03  -4.1 2.51e-03    -  1.00e+00 1.00e+00h  1
3223  7.0533667e-04 3.28e-07 1.88e-03  -4.1 7.29e-04    -  1.00e+00 1.00e+00h  1
3224  7.0510130e-04 1.40e-07 3.46e-04  -4.1 4.66e-04    -  1.00e+00 1.00e+00h  1
3225  7.0478065e-04 9.95e-08 4.97e-04  -6.1 3.93e-04    -  1.00e+00 1.00e+00h  1
3226  6.9781837e-04 5.49e-05 1.12e-03  -6.1 8.59e-03    -  1.00e+00 1.00e+00h  1
3227  6.9858703e-04 1.61e-05 4.13e-03  -6.1 5.12e-03    -  1.00e+00 7.03e-01h  1
3228  9.7062292e-04 7.96e-03 9.14e-02  -4.0 1.11e-01    -  1.00e+00 1.00e+00f  1
3229  7.8553343e-04 2.14e-03 2.34e-02  -4.1 5.61e-02    -  1.00e+00 1.00e+00h  1
iter    objective    inf_pr   inf_du lg(mu)  ||d||  lg(rg) alpha_du alpha_pr  ls
3230  1.6922500e-03 1.11e-03 6.54e-03  -4.1 3.32e-02    -  1.00e+00 1.00e+00h  1
3231  7.4356234e-04 1.10e-04 6.23e-03  -4.1 4.29e-02    -  1.00e+00 9.33e-01H  1
3232  9.5770899e-04 8.70e-04 1.30e-02  -4.1 2.97e-02    -  1.00e+00 1.00e+00f  1
3233  7.8402623e-04 2.13e-04 3.13e-03  -4.1 1.81e-02    -  1.00e+00 1.00e+00h  1
3234  7.2563632e-04 3.06e-04 9.66e-03  -4.1 1.49e-02    -  1.00e+00 1.00e+00h  1
3235  7.3008256e-04 1.85e-04 2.27e-03  -4.1 1.27e-02    -  1.00e+00 1.00e+00h  1
3236  7.1712139e-04 7.88e-06 4.72e-03  -4.1 2.86e-03    -  1.00e+00 1.00e+00h  1
3237  7.1070526e-04 8.02e-05 1.66e-02  -4.1 8.07e-03    -  1.00e+00 1.00e+00h  1
3238  7.0596463e-04 3.31e-05 3.40e-03  -4.1 5.50e-03    -  1.00e+00 1.00e+00h  1
3239  7.0607546e-04 3.91e-06 5.37e-03  -4.1 2.32e-03    -  1.00e+00 1.00e+00h  1
iter    objective    inf_pr   inf_du lg(mu)  ||d||  lg(rg) alpha_du alpha_pr  ls
3240  7.0507630e-04 1.54e-06 1.47e-03  -4.1 1.42e-03    -  1.00e+00 1.00e+00h  1
3241  7.0511159e-04 5.36e-08 3.34e-04  -4.1 2.72e-04    -  1.00e+00 1.00e+00h  1
3242  7.0487049e-04 8.30e-08 7.06e-04  -6.1 3.28e-04    -  1.00e+00 1.00e+00h  1
3243  7.0325328e-04 4.59e-04 2.29e-03  -6.1 2.46e-02    -  1.00e+00 1.00e+00h  1
3244  7.0170876e-04 1.16e-04 4.78e-04  -6.1 1.21e-02    -  1.00e+00 1.00e+00h  1
3245  6.9890231e-04 8.94e-05 8.03e-03  -6.1 7.16e-03    -  6.77e-01 2.50e-01h  3
3246  6.9777443e-04 7.00e-05 1.07e-03  -6.1 2.15e-03    -  1.00e+00 2.20e-01h  1
3247  1.8322213e-03 3.78e-02 3.83e-01  -4.0 2.16e-01    -  1.00e+00 1.00e+00f  1
3248  1.0503453e-03 1.09e-02 9.84e-02  -4.1 1.07e-01    -  1.00e+00 1.00e+00h  1
3249  2.4173230e-03 2.83e-03 1.12e-02  -4.1 5.92e-02    -  1.00e+00 1.00e+00h  1
iter    objective    inf_pr   inf_du lg(mu)  ||d||  lg(rg) alpha_du alpha_pr  ls
3250  9.8056992e-04 7.42e-04 1.50e-02  -4.1 1.11e-02    -  1.00e+00 7.51e-01h  1
3251  7.1398180e-04 3.88e-04 4.09e-03  -4.1 2.22e-02    -  1.00e+00 1.00e+00f  1
3252  7.0716362e-04 1.29e-04 2.89e-03  -4.1 1.33e-02    -  1.00e+00 1.00e+00h  1
3253  7.1048073e-04 5.94e-05 6.27e-03  -4.1 8.69e-03    -  1.00e+00 1.00e+00h  1
3254  7.0634501e-04 3.53e-05 6.00e-03  -4.1 6.67e-03    -  1.00e+00 1.00e+00h  1
3255  7.0789803e-04 1.02e-05 3.36e-03  -4.1 3.60e-03    -  1.00e+00 1.00e+00h  1
3256  7.0707502e-04 1.19e-06 1.28e-03  -4.1 1.26e-03    -  1.00e+00 1.00e+00h  1
3257  7.0709469e-04 5.69e-08 6.26e-04  -4.1 2.87e-04    -  1.00e+00 1.00e+00h  1
3258  7.0679568e-04 8.23e-08 6.72e-04  -6.1 2.78e-04    -  1.00e+00 1.00e+00h  1
3259  7.1739031e-04 1.75e-08 9.17e-04  -6.1 1.20e-02    -  1.00e+00 1.00e+00H  1
iter    objective    inf_pr   inf_du lg(mu)  ||d||  lg(rg) alpha_du alpha_pr  ls
3260  7.1947574e-04 1.18e-08 9.39e-04  -6.1 5.93e-03    -  1.00e+00 1.00e+00H  1
3261  7.4068697e-04 1.80e-09 1.07e-03  -6.1 1.04e-02    -  1.00e+00 1.00e+00H  1
3262  7.0905822e-04 6.96e-09 8.74e-04  -6.1 8.76e-03    -  1.00e+00 1.00e+00H  1
3263  7.1599707e-04 9.51e-10 9.17e-04  -6.1 6.16e-03    -  1.00e+00 1.00e+00H  1
3264  7.0260650e-04 2.11e-05 1.39e-04  -6.1 4.76e-03    -  1.00e+00 1.00e+00h  1
3265  7.0119558e-04 3.09e-06 1.22e-04  -6.1 1.92e-03    -  1.00e+00 1.00e+00h  1
3266  7.0022164e-04 2.53e-06 1.63e-02  -6.1 3.61e-03    -  1.00e+00 2.97e-01h  2
3267  7.0042970e-04 5.18e-08 2.59e-04  -6.1 1.72e-03    -  1.00e+00 1.00e+00H  1
3268  8.6090249e-04 2.71e-03 1.87e-01  -4.0 1.35e-01    -  1.00e+00 5.00e-01f  2
3269  7.4233998e-04 9.80e-04 1.85e-02  -4.1 3.66e-02    -  1.00e+00 1.00e+00h  1
iter    objective    inf_pr   inf_du lg(mu)  ||d||  lg(rg) alpha_du alpha_pr  ls
3270  7.2261352e-04 3.90e-04 3.87e-02  -4.1 4.26e-02    -  1.00e+00 5.00e-01h  2
3271  8.8101031e-04 2.23e-04 9.91e-03  -4.1 2.13e-02    -  1.00e+00 1.00e+00H  1
3272  7.1900864e-04 3.31e-04 1.26e-02  -4.1 1.61e-02    -  1.00e+00 1.00e+00H  1
3273  9.2121254e-04 2.76e-04 1.95e-02  -4.1 2.03e-02    -  1.00e+00 1.00e+00H  1
3274  7.1362986e-04 1.58e-04 4.64e-03  -4.1 1.16e-02    -  1.00e+00 1.00e+00h  1
3275  7.0968411e-04 7.45e-05 1.79e-02  -4.1 8.72e-03    -  1.00e+00 1.00e+00h  1
3276  7.1080712e-04 4.83e-05 1.12e-02  -4.1 7.63e-03    -  1.00e+00 1.00e+00h  1
3277  7.0474999e-04 1.69e-05 7.16e-03  -4.1 4.10e-03    -  1.00e+00 1.00e+00h  1
3278  7.0593221e-04 3.51e-06 5.67e-03  -4.1 2.40e-03    -  1.00e+00 1.00e+00h  1
3279  7.0523242e-04 5.29e-07 1.22e-03  -4.1 8.45e-04    -  1.00e+00 1.00e+00h  1
iter    objective    inf_pr   inf_du lg(mu)  ||d||  lg(rg) alpha_du alpha_pr  ls
3280  7.0524808e-04 5.88e-08 7.62e-04  -4.1 3.00e-04    -  1.00e+00 1.00e+00h  1
3281  7.0475018e-04 1.29e-06 1.30e-03  -6.1 1.34e-03    -  1.00e+00 1.00e+00h  1
3282  7.1056177e-04 3.15e-10 1.21e-03  -6.1 3.58e-03    -  1.00e+00 1.00e+00H  1
3283  7.0452271e-04 3.67e-06 1.31e-03  -6.1 1.83e-03    -  1.00e+00 1.00e+00h  1
3284  7.0412738e-04 6.29e-07 1.75e-03  -6.1 9.24e-04    -  1.00e+00 1.00e+00h  1
3285  7.0524409e-04 1.27e-09 1.47e-03  -6.1 9.46e-04    -  1.00e+00 1.00e+00H  1
3286  7.1842725e-04 1.06e-04 6.39e-02  -4.0 1.10e-02    -  1.00e+00 1.00e+00h  1
3287  7.0796112e-04 3.72e-05 1.40e-02  -4.1 5.67e-03    -  1.00e+00 1.00e+00h  1
3288  7.0499748e-04 9.20e-06 2.26e-03  -4.1 3.63e-03    -  1.00e+00 1.00e+00h  1
3289  7.0510888e-04 4.40e-07 3.25e-03  -4.1 9.22e-04    -  1.00e+00 1.00e+00h  1
iter    objective    inf_pr   inf_du lg(mu)  ||d||  lg(rg) alpha_du alpha_pr  ls
3290  7.0492935e-04 1.78e-07 6.54e-04  -4.1 5.43e-04    -  1.00e+00 1.00e+00h  1
3291  7.0465888e-04 5.21e-08 1.00e-03  -6.1 3.03e-04    -  1.00e+00 1.00e+00h  1
3292  7.0346773e-04 1.48e-05 1.91e-02  -6.1 8.06e-02    -  1.00e+00 6.39e-02h  4
3293  7.0030426e-04 2.01e-07 1.83e-04  -6.1 7.14e-04    -  1.00e+00 1.00e+00h  1
3294  6.9994722e-04 7.49e-08 1.86e-04  -6.1 3.10e-04    -  1.00e+00 1.00e+00h  1
3295  6.9998185e-04 6.56e-09 3.52e-05  -6.1 8.54e-05    -  1.00e+00 1.00e+00h  1
3296  8.7562038e-04 7.40e-03 2.21e-01  -4.0 1.14e-01    -  1.00e+00 1.00e+00f  1
3297  7.6410088e-04 2.01e-03 5.53e-02  -4.1 5.74e-02    -  1.00e+00 1.00e+00h  1
3298  7.2493687e-04 5.42e-04 1.37e-02  -4.1 3.03e-02    -  1.00e+00 1.00e+00h  1
3299  7.0607317e-04 2.19e-04 1.52e-03  -4.1 1.96e-02    -  1.00e+00 1.00e+00h  1
iter    objective    inf_pr   inf_du lg(mu)  ||d||  lg(rg) alpha_du alpha_pr  ls
3300  7.4179242e-04 1.49e-05 2.64e-03  -4.1 4.80e-03    -  1.00e+00 1.00e+00h  1
3301  7.1381209e-04 9.35e-05 2.56e-02  -4.1 1.29e-02    -  1.00e+00 1.00e+00h  1
3302  7.1669883e-04 4.17e-05 2.30e-03  -4.1 8.39e-03    -  1.00e+00 1.00e+00h  1
3303  7.0548001e-04 6.89e-06 4.45e-03  -4.1 2.54e-03    -  1.00e+00 1.00e+00h  1
3304  7.0566581e-04 4.41e-06 4.31e-03  -4.1 2.54e-03    -  1.00e+00 1.00e+00h  1
3305  7.0469930e-04 7.65e-07 1.02e-03  -4.1 1.18e-03    -  1.00e+00 1.00e+00h  1
3306  7.0486799e-04 8.26e-08 8.54e-04  -4.1 3.17e-04    -  1.00e+00 1.00e+00h  1
3307  7.0487300e-04 8.93e-09 1.75e-04  -4.1 1.08e-04    -  1.00e+00 1.00e+00h  1
3308  7.0491692e-04 2.36e-09 1.15e-04  -4.0 4.73e-05    -  1.00e+00 1.00e+00h  1
3309  7.0492023e-04 4.73e-09 2.00e-04  -4.0 5.43e-05    -  1.00e+00 1.00e+00h  1
iter    objective    inf_pr   inf_du lg(mu)  ||d||  lg(rg) alpha_du alpha_pr  ls
3310  7.0494792e-04 9.45e-11 8.97e-04  -4.1 3.62e-04    -  1.00e+00 1.00e+00H  1
3311  7.0488500e-04 5.00e-08 2.09e-03  -4.0 2.86e-04    -  1.00e+00 1.00e+00h  1
3312  7.0484314e-04 4.63e-08 2.59e-04  -4.1 2.06e-04    -  1.00e+00 1.00e+00h  1
3313  7.0461133e-04 4.30e-08 1.02e-03  -6.1 2.62e-04    -  1.00e+00 1.00e+00h  1
3314  7.0018252e-04 6.33e-05 7.47e-04  -6.1 1.03e-02    -  1.00e+00 1.00e+00h  1
3315  6.9831614e-04 4.11e-05 8.27e-03  -6.1 3.32e-03    -  1.00e+00 3.65e-01h  2
3316  8.7913822e-04 5.66e-03 7.53e-02  -4.0 9.26e-02    -  1.00e+00 1.00e+00h  1
3317  7.4864953e-04 1.38e-03 2.00e-02  -4.1 4.68e-02    -  1.00e+00 1.00e+00h  1
3318  7.1531500e-04 4.78e-04 5.20e-03  -4.1 2.73e-02    -  1.00e+00 1.00e+00h  1
3319  8.2905178e-04 2.40e-04 3.98e-03  -4.1 1.85e-02    -  1.00e+00 1.00e+00h  1
iter    objective    inf_pr   inf_du lg(mu)  ||d||  lg(rg) alpha_du alpha_pr  ls
3320  7.1261269e-04 1.13e-04 4.69e-03  -4.1 1.30e-02    -  1.00e+00 1.00e+00h  1
3321  7.1101830e-04 6.73e-05 1.12e-02  -4.1 1.07e-02    -  1.00e+00 1.00e+00h  1
3322  7.0905131e-04 4.97e-05 3.85e-03  -4.1 8.37e-03    -  1.00e+00 1.00e+00h  1
3323  7.2226442e-04 1.04e-05 5.29e-03  -4.1 3.33e-03    -  1.00e+00 1.00e+00h  1
3324  7.0596668e-04 6.74e-06 3.35e-03  -4.1 2.43e-03    -  1.00e+00 1.00e+00h  1
3325  7.0490384e-04 1.55e-06 2.31e-03  -4.1 1.48e-03    -  1.00e+00 1.00e+00h  1
3326  7.0519254e-04 2.50e-07 8.70e-04  -4.1 7.25e-04    -  1.00e+00 1.00e+00h  1
3327  7.0513522e-04 2.78e-08 6.41e-04  -4.1 1.91e-04    -  1.00e+00 1.00e+00h  1
3328  7.0486253e-04 7.17e-08 1.21e-03  -6.1 2.58e-04    -  1.00e+00 1.00e+00h  1
3329  7.0478972e-04 1.06e-05 6.66e-03  -6.1 5.19e-02    -  1.00e+00 6.25e-02h  5
iter    objective    inf_pr   inf_du lg(mu)  ||d||  lg(rg) alpha_du alpha_pr  ls
3330  7.0132602e-04 1.17e-05 1.52e-02  -6.1 7.31e-03    -  1.00e+00 3.32e-01h  2
3331  7.5672971e-04 9.94e-10 1.13e-03  -6.1 3.93e-03    -  1.00e+00 1.00e+00H  1
3332  6.9969876e-04 8.36e-06 3.34e-04  -6.1 3.38e-03    -  1.00e+00 1.00e+00h  1
3333  6.9989904e-04 9.04e-08 1.81e-04  -6.1 2.88e-04    -  1.00e+00 1.00e+00h  1
3334  6.9966660e-04 1.37e-06 2.47e-04  -6.1 1.48e-03    -  1.00e+00 1.00e+00h  1
3335  8.7790283e-04 2.02e-03 7.57e-02  -4.0 1.12e-01    -  1.00e+00 5.00e-01f  2
3336  7.2695009e-04 7.12e-04 8.15e-03  -4.1 3.10e-02    -  1.00e+00 1.00e+00h  1
3337  7.4832575e-04 5.80e-04 4.33e-03  -4.1 2.87e-02    -  1.00e+00 1.00e+00h  1
3338  6.9282015e-04 5.51e-04 9.91e-03  -4.1 7.46e-02    -  1.00e+00 2.50e-01h  3
3339  7.0939582e-04 3.32e-04 2.65e-03  -4.0 2.03e-02    -  1.00e+00 1.00e+00h  1
iter    objective    inf_pr   inf_du lg(mu)  ||d||  lg(rg) alpha_du alpha_pr  ls
3340  7.5877288e-04 1.30e-04 5.67e-03  -4.1 1.53e-02    -  1.00e+00 1.00e+00h  1
3341  7.0543815e-04 1.97e-04 1.02e-02  -4.1 1.64e-02    -  1.00e+00 1.00e+00h  1
3342  7.3680350e-04 1.45e-04 5.92e-03  -4.1 1.16e-02    -  1.00e+00 1.00e+00h  1
3343  7.0574745e-04 2.35e-05 2.99e-03  -4.1 4.86e-03    -  1.00e+00 1.00e+00h  1
3344  7.0482664e-04 8.65e-06 6.81e-03  -4.1 3.58e-03    -  1.00e+00 1.00e+00h  1
3345  7.0626983e-04 7.04e-06 5.64e-03  -4.1 3.49e-03    -  1.00e+00 1.00e+00h  1
3346  7.0347503e-04 1.84e-06 1.32e-02  -4.1 3.22e-03    -  1.00e+00 1.00e+00H  1
3347  7.0448068e-04 3.08e-06 2.46e-04  -4.1 1.92e-03    -  1.00e+00 1.00e+00h  1
3348  7.0421877e-04 4.49e-08 9.64e-04  -6.1 2.34e-04    -  1.00e+00 1.00e+00h  1
3349  7.0306676e-04 1.65e-06 1.32e-03  -6.1 1.41e-03    -  1.00e+00 1.00e+00h  1
iter    objective    inf_pr   inf_du lg(mu)  ||d||  lg(rg) alpha_du alpha_pr  ls
3350  6.9987131e-04 2.14e-05 3.18e-02  -6.1 3.65e-02    -  1.00e+00 1.34e-01h  2
3351  7.0048394e-04 2.16e-06 1.91e-04  -6.1 1.31e-03    -  1.00e+00 1.00e+00h  1
3352  6.9980726e-04 1.18e-07 1.46e-04  -6.1 3.11e-04    -  1.00e+00 1.00e+00h  1
3353  1.0149017e-03 1.04e-02 3.31e-01  -4.0 1.18e-01    -  1.00e+00 1.00e+00f  1
3354  7.9143217e-04 2.75e-03 8.21e-02  -4.1 5.88e-02    -  1.00e+00 1.00e+00h  1
3355  7.3344427e-04 7.91e-04 1.99e-02  -4.1 3.07e-02    -  1.00e+00 1.00e+00h  1
3356  1.2843596e-03 3.14e-04 2.41e-03  -4.1 1.95e-02    -  1.00e+00 1.00e+00h  1
3357  7.0880616e-04 9.66e-06 2.47e-03  -4.1 3.06e-03    -  1.00e+00 1.00e+00h  1
3358  7.0175126e-04 9.26e-05 3.46e-02  -4.1 1.08e-02    -  1.00e+00 1.00e+00h  1
3359  7.0449537e-04 3.44e-05 6.82e-03  -4.1 6.20e-03    -  1.00e+00 1.00e+00h  1
iter    objective    inf_pr   inf_du lg(mu)  ||d||  lg(rg) alpha_du alpha_pr  ls
3360  7.0730324e-04 9.34e-06 2.14e-03  -4.1 3.09e-03    -  1.00e+00 1.00e+00h  1
3361  7.0604930e-04 2.22e-07 1.31e-03  -4.1 4.79e-04    -  1.00e+00 1.00e+00h  1
3362  7.0540840e-04 5.20e-08 3.97e-04  -4.1 2.09e-04    -  1.00e+00 1.00e+00h  1
3363  7.0518552e-04 2.68e-08 8.29e-04  -6.1 2.22e-04    -  1.00e+00 1.00e+00h  1
3364  7.0418800e-04 4.06e-06 1.55e-02  -6.1 8.56e-02    -  1.00e+00 3.41e-02h  5
3365  7.0086845e-04 6.19e-06 1.88e-02  -6.1 6.81e-03    -  1.00e+00 3.90e-01h  2
3366  7.0928960e-04 5.39e-10 5.68e-04  -6.1 2.09e-03    -  1.00e+00 1.00e+00H  1
3367  6.9988388e-04 1.46e-06 1.44e-04  -6.1 1.40e-03    -  1.00e+00 1.00e+00h  1
3368  6.9984413e-04 1.92e-08 1.01e-04  -6.1 1.63e-04    -  1.00e+00 1.00e+00h  1
3369  1.0289970e-03 8.10e-03 2.07e-01  -4.0 1.10e-01    -  1.00e+00 1.00e+00f  1
iter    objective    inf_pr   inf_du lg(mu)  ||d||  lg(rg) alpha_du alpha_pr  ls
3370  8.3598065e-04 2.83e-03 5.28e-02  -4.1 5.52e-02    -  1.00e+00 1.00e+00h  1
3371  1.1883434e-03 1.88e-03 1.14e-02  -4.1 4.47e-02    -  1.00e+00 1.00e+00h  1
3372  7.6519640e-04 3.71e-04 8.83e-03  -4.1 1.54e-02    -  1.00e+00 8.52e-01h  1
3373  7.0229236e-04 3.14e-04 1.63e-03  -4.1 1.87e-02    -  1.00e+00 1.00e+00f  1
3374  7.0691020e-04 3.32e-05 6.82e-03  -4.1 6.21e-03    -  1.00e+00 1.00e+00h  1
3375  7.0268852e-04 2.69e-05 1.07e-02  -4.1 5.37e-03    -  1.00e+00 1.00e+00h  1
3376  7.0753239e-04 6.50e-06 3.34e-03  -4.1 3.45e-03    -  1.00e+00 1.00e+00h  1
3377  7.0752316e-04 3.07e-07 2.15e-03  -4.1 7.16e-04    -  1.00e+00 1.00e+00h  1
3378  7.0482790e-04 4.56e-07 9.07e-04  -4.1 6.62e-04    -  1.00e+00 1.00e+00h  1
3379  7.0492370e-04 1.21e-08 3.53e-04  -4.1 1.28e-04    -  1.00e+00 1.00e+00h  1
iter    objective    inf_pr   inf_du lg(mu)  ||d||  lg(rg) alpha_du alpha_pr  ls
3380  7.0473728e-04 2.57e-08 1.04e-03  -6.1 2.09e-04    -  1.00e+00 1.00e+00h  1
3381  7.0202419e-04 9.56e-05 4.36e-02  -6.1 2.63e-01    -  1.00e+00 4.85e-02h  3
3382  6.9992830e-04 3.11e-05 2.88e-04  -6.1 5.80e-03    -  1.00e+00 1.00e+00h  1
3383  7.0016860e-04 1.73e-05 3.75e-04  -6.1 2.79e-03    -  1.00e+00 5.00e-01h  2
3384  6.9954659e-04 3.21e-07 9.83e-05  -6.1 6.85e-04    -  1.00e+00 1.00e+00h  1
3385  1.0176142e-03 8.86e-03 1.96e-01  -4.0 1.19e-01    -  1.00e+00 1.00e+00f  1
3386  1.1615538e-03 2.81e-03 5.18e-02  -4.1 5.86e-02    -  1.00e+00 1.00e+00h  1
3387  2.3558308e-03 7.33e-04 4.69e-02  -4.1 3.97e-02    -  7.79e-01 1.00e+00h  1
3388  1.0836279e-03 4.56e-04 3.58e-02  -4.1 3.17e-02    -  1.00e+00 5.29e-01h  1
3389  8.1425086e-04 6.92e-04 3.52e-03  -4.1 3.51e-02    -  1.00e+00 1.00e+00f  1
iter    objective    inf_pr   inf_du lg(mu)  ||d||  lg(rg) alpha_du alpha_pr  ls
3390  1.7021601e-03 1.12e-04 7.68e-03  -4.1 1.01e-02    -  1.00e+00 1.00e+00h  1
3391  7.1486976e-04 2.26e-04 6.47e-03  -4.1 1.39e-02    -  1.00e+00 1.00e+00h  1
3392  7.0585917e-04 4.70e-05 8.99e-03  -4.1 1.01e-02    -  1.00e+00 1.00e+00h  1
3393  7.0726955e-04 3.02e-05 3.61e-03  -4.1 6.87e-03    -  1.00e+00 1.00e+00h  1
3394  7.0557113e-04 4.43e-06 2.28e-03  -4.1 2.43e-03    -  1.00e+00 1.00e+00h  1
3395  7.0564785e-04 1.99e-06 3.79e-03  -4.1 1.95e-03    -  1.00e+00 1.00e+00h  1
3396  7.0564550e-04 7.67e-07 3.00e-03  -4.1 1.06e-03    -  1.00e+00 1.00e+00h  1
3397  7.0537753e-04 1.80e-07 4.42e-04  -4.1 4.05e-04    -  1.00e+00 1.00e+00h  1
3398  7.0509380e-04 5.07e-08 9.81e-04  -6.1 2.53e-04    -  1.00e+00 1.00e+00h  1
3399  7.0091007e-04 8.84e-05 8.97e-03  -6.1 5.38e-02    -  1.00e+00 1.94e-01h  3
iter    objective    inf_pr   inf_du lg(mu)  ||d||  lg(rg) alpha_du alpha_pr  ls
3400  7.0280421e-04 4.58e-05 8.37e-03  -6.1 3.72e-03    -  1.00e+00 5.00e-01h  2
3401  7.0205087e-04 1.42e-05 3.58e-04  -6.1 3.58e-03    -  1.00e+00 1.00e+00h  1
3402  7.0284737e-04 3.24e-06 5.46e-04  -6.1 2.18e-03    -  1.00e+00 1.00e+00h  1
3403  6.9983034e-04 1.66e-06 1.21e-04  -6.1 1.58e-03    -  1.00e+00 1.00e+00h  1
3404  6.9985074e-04 7.67e-09 1.98e-05  -6.1 1.22e-04    -  1.00e+00 1.00e+00h  1
3405  9.1822592e-04 2.00e-03 7.34e-02  -4.0 1.15e-01    -  1.00e+00 5.00e-01f  2
3406  9.7313562e-04 1.02e-03 1.17e-02  -4.1 3.02e-02    -  1.00e+00 1.00e+00h  1
3407  7.5622988e-04 8.29e-04 2.39e-02  -4.1 4.00e-02    -  7.09e-01 5.00e-01h  2
3408  7.5948323e-04 3.07e-04 5.21e-03  -4.1 2.10e-02    -  1.00e+00 1.00e+00h  1
3409  7.3347988e-04 6.88e-04 7.88e-02  -4.1 2.97e-02    -  1.00e+00 1.00e+00h  1
iter    objective    inf_pr   inf_du lg(mu)  ||d||  lg(rg) alpha_du alpha_pr  ls
3410  7.1835679e-04 1.36e-04 2.78e-02  -4.1 1.33e-02    -  1.00e+00 1.00e+00h  1
3411  7.2203524e-04 9.79e-05 7.10e-02  -4.1 2.00e-02    -  1.00e+00 5.00e-01h  2
3412  7.0922399e-04 6.10e-05 1.41e-02  -4.1 2.45e-02    -  1.00e+00 2.50e-01h  3
3413  7.0323875e-04 5.24e-05 1.42e-02  -4.1 8.18e-03    -  1.00e+00 1.00e+00h  1
3414  7.0693018e-04 4.07e-05 6.42e-03  -4.1 7.67e-03    -  1.00e+00 1.00e+00h  1
3415  7.1794974e-04 5.66e-06 5.39e-03  -4.1 2.85e-03    -  1.00e+00 1.00e+00h  1
3416  7.0394300e-04 3.32e-06 3.63e-03  -4.1 2.33e-03    -  1.00e+00 1.00e+00h  1
3417  7.0640428e-04 5.62e-07 5.17e-03  -4.1 2.42e-03    -  1.00e+00 1.00e+00H  1
3418  7.0584639e-04 1.99e-06 4.18e-03  -4.1 1.96e-03    -  1.00e+00 1.00e+00h  1
3419  7.0441566e-04 2.01e-06 2.28e-03  -4.1 1.37e-03    -  1.00e+00 1.00e+00h  1
iter    objective    inf_pr   inf_du lg(mu)  ||d||  lg(rg) alpha_du alpha_pr  ls
3420  7.0480452e-04 6.49e-07 1.19e-03  -4.1 9.43e-04    -  1.00e+00 1.00e+00h  1
3421  7.0546328e-04 6.31e-08 1.16e-03  -4.1 2.39e-04    -  1.00e+00 1.00e+00h  1
3422  7.0467925e-04 9.86e-08 1.44e-04  -4.1 3.23e-04    -  1.00e+00 1.00e+00h  1
3423  7.0443759e-04 3.23e-08 1.27e-03  -6.1 2.48e-04    -  1.00e+00 1.00e+00h  1
3424  6.9403998e-04 8.52e-04 2.71e-02  -6.1 1.59e-01    -  1.00e+00 2.59e-01h  1
3425  6.8889421e-04 6.55e-04 3.45e-03  -6.1 2.11e-02    -  1.00e+00 2.50e-01h  3
3426  7.8939014e-04 1.18e-03 2.18e-03  -4.0 5.06e-02    -  1.00e+00 1.00e+00f  1
3427  7.6436816e-04 1.32e-03 4.37e-03  -4.1 4.46e-02    -  1.00e+00 1.00e+00h  1
3428  7.3000840e-04 2.35e-03 1.18e-02  -4.1 4.84e-02    -  1.00e+00 1.00e+00h  1
3429  7.1799828e-04 9.85e-04 9.82e-03  -4.1 8.53e-02    -  1.00e+00 5.00e-01h  2
iter    objective    inf_pr   inf_du lg(mu)  ||d||  lg(rg) alpha_du alpha_pr  ls
3430  8.2439011e-04 1.12e-03 1.30e-02  -4.1 7.96e-02    -  1.00e+00 5.00e-01h  2
3431  7.5918702e-04 1.19e-03 9.08e-03  -4.1 9.61e-02    -  1.00e+00 2.50e-01h  3
3432  8.7036782e-04 3.71e-04 1.43e-03  -4.1 2.03e-02    -  1.00e+00 1.00e+00h  1
3433  7.1553330e-04 2.72e-04 1.01e-02  -4.1 2.18e-02    -  1.00e+00 1.00e+00h  1
3434  7.2225655e-04 4.60e-04 4.07e-03  -4.1 2.33e-02    -  1.00e+00 1.00e+00h  1
3435  7.1369242e-04 2.67e-04 1.37e-02  -4.1 1.88e-02    -  1.00e+00 5.00e-01h  2
3436  7.0604694e-04 2.38e-04 3.04e-02  -4.1 4.26e-02    -  1.00e+00 2.50e-01h  3
3437  7.1532295e-04 1.49e-04 3.60e-02  -4.1 1.46e-02    -  1.00e+00 5.00e-01h  2
3438  7.5029219e-04 1.83e-05 6.85e-03  -4.1 5.96e-03    -  1.00e+00 1.00e+00h  1
3439  7.0736027e-04 1.03e-05 7.67e-03  -4.1 4.47e-03    -  1.00e+00 1.00e+00h  1
iter    objective    inf_pr   inf_du lg(mu)  ||d||  lg(rg) alpha_du alpha_pr  ls
3440  7.0848004e-04 2.29e-05 1.18e-02  -4.1 5.90e-03    -  1.00e+00 1.00e+00h  1
3441  7.0527418e-04 1.38e-05 1.21e-03  -4.1 3.70e-03    -  1.00e+00 1.00e+00h  1
3442  7.0506370e-04 2.85e-07 1.69e-03  -4.1 6.01e-04    -  1.00e+00 1.00e+00h  1
3443  7.0507848e-04 1.25e-07 5.11e-04  -4.1 3.52e-04    -  1.00e+00 1.00e+00h  1
3444  7.0479149e-04 4.27e-08 9.07e-04  -6.1 2.93e-04    -  1.00e+00 1.00e+00h  1
3445  7.0139465e-04 3.54e-05 2.60e-03  -6.1 2.97e-02    -  1.00e+00 2.50e-01h  3
3446  6.9752494e-04 1.21e-05 8.24e-03  -6.1 2.30e-03    -  1.00e+00 6.10e-01h  1
3447  7.9903258e-04 3.45e-03 5.59e-02  -4.0 7.58e-02    -  1.00e+00 1.00e+00f  1
3448  7.4077676e-04 9.18e-04 1.34e-02  -4.1 3.92e-02    -  1.00e+00 1.00e+00h  1
3449  1.2966060e-03 6.14e-04 2.69e-03  -4.1 3.02e-02    -  1.00e+00 1.00e+00h  1
iter    objective    inf_pr   inf_du lg(mu)  ||d||  lg(rg) alpha_du alpha_pr  ls
3450  7.1300625e-04 7.36e-05 4.26e-03  -4.1 9.96e-03    -  1.00e+00 1.00e+00h  1
3451  6.9126496e-04 3.68e-04 1.86e-02  -4.1 2.47e-02    -  1.00e+00 1.00e+00h  1
3452  7.0525810e-04 1.38e-04 1.74e-03  -4.0 1.46e-02    -  1.00e+00 1.00e+00h  1
3453  8.8706079e-04 2.90e-05 7.83e-03  -4.1 7.59e-03    -  1.00e+00 1.00e+00h  1
3454  7.0206860e-04 3.20e-05 5.48e-03  -4.1 7.66e-03    -  1.00e+00 1.00e+00h  1
3455  7.0869810e-04 2.07e-05 7.38e-03  -4.1 5.55e-03    -  1.00e+00 1.00e+00h  1
3456  7.0383414e-04 7.93e-06 2.85e-03  -4.1 3.62e-03    -  1.00e+00 1.00e+00h  1
3457  7.0486427e-04 6.77e-07 1.27e-03  -4.1 1.16e-03    -  1.00e+00 1.00e+00h  1
3458  7.0463504e-04 6.13e-08 9.45e-04  -4.1 2.34e-04    -  1.00e+00 1.00e+00h  1
3459  7.0456765e-04 1.27e-08 2.17e-04  -4.1 1.48e-04    -  1.00e+00 1.00e+00h  1
iter    objective    inf_pr   inf_du lg(mu)  ||d||  lg(rg) alpha_du alpha_pr  ls
3460  7.0430642e-04 4.51e-08 1.18e-03  -6.1 2.81e-04    -  1.00e+00 1.00e+00h  1
3461  7.0310020e-04 1.14e-05 2.54e-02  -6.1 1.23e-01    -  1.00e+00 4.29e-02h  4
3462  7.0142541e-04 1.74e-06 2.80e-04  -6.1 1.54e-03    -  1.00e+00 1.00e+00h  1
3463  6.9934677e-04 2.13e-07 5.87e-04  -6.1 5.67e-04    -  1.00e+00 1.00e+00h  1
3464  8.6184364e-04 6.29e-03 1.59e-01  -4.0 1.11e-01    -  1.00e+00 1.00e+00f  1
3465  7.6176935e-04 1.65e-03 3.98e-02  -4.1 5.57e-02    -  1.00e+00 1.00e+00h  1
3466  7.6006835e-04 5.84e-04 9.80e-03  -4.1 3.00e-02    -  1.00e+00 1.00e+00h  1
3467  7.6134805e-04 5.26e-04 5.06e-02  -4.1 4.60e-02    -  6.85e-01 2.50e-01h  3
3468  7.0621181e-04 1.19e-05 1.47e-03  -4.1 6.37e-03    -  1.00e+00 1.00e+00h  1
3469  6.9520135e-04 6.75e-05 2.97e-02  -4.1 1.24e-02    -  1.00e+00 1.00e+00h  1
iter    objective    inf_pr   inf_du lg(mu)  ||d||  lg(rg) alpha_du alpha_pr  ls
3470  7.0219525e-04 3.79e-05 4.51e-03  -4.0 8.58e-03    -  1.00e+00 1.00e+00h  1
3471  7.0757316e-04 8.76e-06 7.91e-03  -4.1 4.63e-03    -  1.00e+00 1.00e+00h  1
3472  7.0523235e-04 7.08e-06 6.48e-03  -4.1 3.26e-03    -  1.00e+00 1.00e+00h  1
3473  7.0412426e-04 2.10e-06 2.15e-03  -4.1 1.31e-03    -  1.00e+00 1.00e+00h  1
3474  7.0454815e-04 2.19e-07 6.01e-04  -4.1 4.89e-04    -  1.00e+00 1.00e+00h  1
3475  7.0430335e-04 4.11e-08 1.07e-03  -6.1 2.44e-04    -  1.00e+00 1.00e+00h  1
3476  7.0376573e-04 2.72e-05 3.66e-02  -6.1 1.72e-01    -  1.00e+00 3.66e-02h  4
3477  7.0235063e-04 1.93e-06 1.61e-04  -6.1 1.82e-03    -  1.00e+00 1.00e+00h  1
3478  6.9933576e-04 2.85e-07 1.29e-04  -6.1 6.69e-04    -  1.00e+00 1.00e+00h  1
3479  8.6170120e-04 6.85e-03 1.76e-01  -4.0 1.02e-01    -  1.00e+00 1.00e+00f  1
iter    objective    inf_pr   inf_du lg(mu)  ||d||  lg(rg) alpha_du alpha_pr  ls
3480  7.7112188e-04 1.95e-03 4.41e-02  -4.1 5.18e-02    -  1.00e+00 1.00e+00h  1
3481  3.9496024e-03 7.67e-04 6.80e-03  -4.1 3.51e-02    -  1.00e+00 1.00e+00h  1
3482  1.0060603e-03 2.03e-04 1.90e-02  -4.1 9.25e-03    -  1.00e+00 7.39e-01h  1
3483  7.0640563e-04 1.31e-04 2.22e-03  -4.1 1.50e-02    -  1.00e+00 1.00e+00f  1
3484  7.0288965e-04 9.12e-06 2.24e-03  -4.1 3.81e-03    -  1.00e+00 1.00e+00h  1
3485  7.0899986e-04 3.25e-05 1.27e-02  -4.1 7.35e-03    -  1.00e+00 1.00e+00h  1
3486  7.0558867e-04 1.27e-05 4.41e-03  -4.1 4.16e-03    -  1.00e+00 1.00e+00h  1
3487  7.0740512e-04 6.27e-06 1.02e-02  -4.1 3.55e-03    -  1.00e+00 1.00e+00h  1
3488  7.0463818e-04 2.61e-06 8.38e-04  -4.1 2.62e-03    -  1.00e+00 1.00e+00h  1
3489  7.0449870e-04 1.36e-08 4.84e-04  -4.1 1.27e-04    -  1.00e+00 1.00e+00h  1
iter    objective    inf_pr   inf_du lg(mu)  ||d||  lg(rg) alpha_du alpha_pr  ls
3490  7.0417326e-04 1.15e-07 1.04e-03  -6.1 3.41e-04    -  1.00e+00 1.00e+00h  1
3491  6.9826933e-04 1.41e-04 7.95e-04  -6.1 1.14e-02    -  1.00e+00 1.00e+00h  1
3492  6.9869711e-04 9.08e-05 9.22e-03  -6.1 3.83e-03    -  1.00e+00 3.67e-01h  2
3493  6.9965751e-04 2.13e-05 3.81e-04  -6.1 4.45e-03    -  1.00e+00 1.00e+00h  1
3494  6.9987788e-04 1.12e-05 2.34e-03  -6.1 3.71e-03    -  1.00e+00 5.00e-01h  2
3495  6.9912209e-04 3.30e-07 6.50e-05  -6.1 7.74e-04    -  1.00e+00 1.00e+00h  1
3496  1.0401006e-03 1.12e-02 2.95e-01  -4.0 1.22e-01    -  1.00e+00 1.00e+00f  1
3497  7.8994841e-04 3.32e-03 7.41e-02  -4.1 6.04e-02    -  1.00e+00 1.00e+00h  1
3498  9.3455144e-04 6.80e-04 1.64e-02  -4.1 3.32e-02    -  1.00e+00 1.00e+00h  1
3499  7.2805927e-04 6.27e-04 4.87e-02  -4.1 3.38e-02    -  8.25e-01 5.00e-01h  2
iter    objective    inf_pr   inf_du lg(mu)  ||d||  lg(rg) alpha_du alpha_pr  ls
3500  7.2460430e-04 1.73e-05 1.64e-03  -4.1 6.27e-03    -  1.00e+00 1.00e+00h  1
3501  7.1909672e-04 2.66e-04 4.15e-02  -4.1 2.13e-02    -  1.00e+00 1.00e+00h  1
3502  7.0261224e-04 7.30e-05 7.77e-03  -4.1 1.22e-02    -  1.00e+00 1.00e+00h  1
3503  7.1592574e-04 5.36e-05 6.76e-03  -4.1 7.68e-03    -  1.00e+00 1.00e+00h  1
3504  7.0425363e-04 3.89e-05 1.09e-02  -4.1 6.42e-03    -  1.00e+00 1.00e+00h  1
3505  7.0493905e-04 2.52e-05 6.82e-03  -4.1 5.62e-03    -  1.00e+00 1.00e+00h  1
3506  7.0507785e-04 3.27e-06 3.33e-03  -4.1 2.92e-03    -  1.00e+00 1.00e+00h  1
3507  7.0446728e-04 5.99e-07 1.22e-03  -4.1 1.07e-03    -  1.00e+00 1.00e+00h  1
3508  7.0464161e-04 1.72e-07 7.17e-04  -4.1 4.25e-04    -  1.00e+00 1.00e+00h  1
3509  7.0437605e-04 3.36e-08 1.01e-03  -6.1 2.51e-04    -  1.00e+00 1.00e+00h  1
iter    objective    inf_pr   inf_du lg(mu)  ||d||  lg(rg) alpha_du alpha_pr  ls
3510  6.9514538e-04 1.00e-04 5.77e-04  -6.1 1.35e-02    -  1.00e+00 1.00e+00h  1
3511  7.0470180e-04 3.39e-05 6.15e-04  -5.9 5.81e-03    -  1.00e+00 1.00e+00h  1
3512  7.0051299e-04 9.01e-06 7.82e-04  -6.0 3.38e-03    -  1.00e+00 1.00e+00h  1
3513  6.9852287e-04 1.21e-06 8.96e-04  -6.0 1.72e-03    -  1.00e+00 9.56e-01h  1
3514  9.5951296e-04 5.93e-03 6.78e-02  -4.0 1.01e-01    -  1.00e+00 1.00e+00f  1
3515  7.5105004e-04 1.81e-03 1.63e-02  -4.1 5.18e-02    -  1.00e+00 1.00e+00h  1
3516  7.5415050e-04 5.58e-04 4.07e-03  -4.1 3.10e-02    -  1.00e+00 1.00e+00h  1
3517  7.0390435e-04 6.27e-04 3.30e-02  -4.1 1.28e-01    -  6.02e-01 1.25e-01h  4
3518  7.0042362e-04 2.33e-06 3.84e-04  -4.1 2.33e-03    -  1.00e+00 1.00e+00h  1
3519  7.0077827e-04 4.76e-07 1.31e-04  -6.1 6.78e-04    -  1.00e+00 1.00e+00h  1
iter    objective    inf_pr   inf_du lg(mu)  ||d||  lg(rg) alpha_du alpha_pr  ls
3520  6.9965402e-04 3.94e-08 4.16e-05  -6.1 2.49e-04    -  1.00e+00 1.00e+00h  1
3521  8.6034653e-04 6.12e-03 4.14e-01  -4.0 1.05e-01    -  1.00e+00 1.00e+00f  1
3522  7.5895634e-04 1.64e-03 1.03e-01  -4.1 5.25e-02    -  1.00e+00 1.00e+00h  1
3523  7.2432438e-04 4.02e-04 2.59e-02  -4.1 2.66e-02    -  1.00e+00 1.00e+00h  1
3524  7.1788201e-04 1.53e-04 5.28e-03  -4.1 1.63e-02    -  1.00e+00 1.00e+00h  1
3525  8.8292216e-04 1.42e-04 2.41e-02  -4.1 1.36e-02    -  1.00e+00 9.03e-01H  1
3526  7.0721053e-04 6.62e-05 7.11e-03  -4.1 9.44e-03    -  1.00e+00 1.00e+00f  1
3527  7.1640922e-04 5.10e-05 6.27e-03  -4.1 8.30e-03    -  1.00e+00 1.00e+00h  1
3528  7.0285508e-04 1.58e-05 4.80e-03  -4.1 5.45e-03    -  1.00e+00 1.00e+00h  1
3529  7.0656318e-04 7.26e-06 5.53e-03  -4.1 3.39e-03    -  1.00e+00 1.00e+00h  1
iter    objective    inf_pr   inf_du lg(mu)  ||d||  lg(rg) alpha_du alpha_pr  ls
3530  7.0444582e-04 3.31e-06 4.01e-03  -4.1 1.65e-03    -  1.00e+00 1.00e+00h  1
3531  7.0429888e-04 6.65e-07 2.62e-03  -4.1 1.03e-03    -  1.00e+00 1.00e+00h  1
3532  7.0446585e-04 8.82e-08 3.01e-04  -4.1 3.75e-04    -  1.00e+00 1.00e+00h  1
3533  7.0421503e-04 3.81e-08 1.24e-03  -6.1 2.72e-04    -  1.00e+00 1.00e+00h  1
3534  7.0334765e-04 2.69e-04 2.47e-02  -6.1 1.35e-01    -  1.00e+00 1.71e-01h  2
3535  6.9407048e-04 1.49e-04 3.31e-03  -6.1 1.12e-02    -  1.00e+00 5.00e-01h  2
3536  6.9439403e-04 8.63e-05 4.70e-03  -6.1 8.57e-03    -  1.00e+00 5.00e-01h  2
3537  8.1722758e-04 7.18e-04 5.08e-02  -4.0 1.60e-01    -  1.00e+00 2.50e-01h  3
3538  6.9834074e-04 4.09e-04 3.10e-04  -4.1 3.25e-02    -  1.00e+00 1.00e+00h  1
3539  6.9962309e-04 1.40e-06 1.07e-04  -6.1 2.38e-03    -  1.00e+00 1.00e+00h  1
iter    objective    inf_pr   inf_du lg(mu)  ||d||  lg(rg) alpha_du alpha_pr  ls
3540  6.9912944e-04 4.52e-07 2.08e-04  -6.1 9.08e-04    -  1.00e+00 1.00e+00h  1
3541  8.6646481e-04 6.02e-03 2.77e-01  -4.0 9.67e-02    -  1.00e+00 1.00e+00f  1
3542  7.6057112e-04 1.64e-03 6.88e-02  -4.1 4.76e-02    -  1.00e+00 1.00e+00h  1
3543  8.1623229e-04 4.14e-04 1.80e-02  -4.1 2.60e-02    -  1.00e+00 1.00e+00h  1
3544  7.3058737e-04 3.17e-04 6.55e-02  -4.1 3.64e-02    -  1.00e+00 2.50e-01h  3
3545  7.3017011e-04 1.75e-04 2.77e-03  -4.1 1.33e-02    -  1.00e+00 1.00e+00h  1
3546  7.3086611e-04 1.79e-04 1.76e-02  -4.1 1.69e-02    -  1.00e+00 1.00e+00h  1
3547  7.0533336e-04 1.22e-04 9.44e-04  -4.1 1.31e-02    -  1.00e+00 1.00e+00h  1
3548  7.0603864e-04 1.44e-06 1.97e-03  -4.1 1.67e-03    -  1.00e+00 1.00e+00h  1
3549  7.0884676e-04 1.14e-05 1.27e-02  -4.1 4.37e-03    -  1.00e+00 1.00e+00h  1
iter    objective    inf_pr   inf_du lg(mu)  ||d||  lg(rg) alpha_du alpha_pr  ls
3550  7.0514869e-04 5.90e-06 1.35e-03  -4.1 2.93e-03    -  1.00e+00 1.00e+00h  1
3551  7.0495049e-04 5.53e-07 2.67e-03  -4.1 8.69e-04    -  1.00e+00 1.00e+00h  1
3552  7.0471394e-04 5.77e-07 1.20e-03  -4.1 7.82e-04    -  1.00e+00 1.00e+00h  1
3553  7.0493546e-04 8.01e-08 3.99e-04  -4.1 3.52e-04    -  1.00e+00 1.00e+00h  1
3554  7.0463855e-04 4.13e-08 9.22e-04  -6.1 2.31e-04    -  1.00e+00 1.00e+00h  1
3555  7.0336891e-04 1.68e-06 9.88e-04  -6.1 1.57e-03    -  1.00e+00 1.00e+00h  1
3556  7.0250659e-04 5.71e-06 2.11e-02  -6.1 3.02e-02    -  1.00e+00 8.29e-02h  3
3557  7.0023539e-04 2.76e-06 4.85e-04  -6.1 1.55e-03    -  1.00e+00 1.00e+00h  1
3558  6.9995681e-04 2.61e-07 2.49e-04  -6.1 5.13e-04    -  1.00e+00 1.00e+00h  1
3559  6.9981992e-04 5.15e-08 5.43e-05  -6.1 2.69e-04    -  1.00e+00 1.00e+00h  1
iter    objective    inf_pr   inf_du lg(mu)  ||d||  lg(rg) alpha_du alpha_pr  ls
3560  9.6351298e-04 7.20e-03 2.68e-01  -4.0 1.05e-01    -  1.00e+00 1.00e+00f  1
3561  7.6357454e-04 1.74e-03 6.57e-02  -4.1 5.28e-02    -  1.00e+00 1.00e+00h  1
3562  9.5828039e-04 5.85e-04 1.51e-02  -4.1 2.59e-02    -  1.00e+00 1.00e+00h  1
3563  8.2508354e-04 4.46e-04 1.77e-03  -4.1 2.71e-02    -  1.00e+00 1.00e+00h  1
3564  7.3699521e-04 7.36e-05 2.91e-03  -4.1 1.26e-02    -  1.00e+00 1.00e+00h  1
3565  7.5442809e-04 9.90e-05 2.71e-02  -4.1 1.62e-02    -  1.00e+00 8.83e-01H  1
3566  7.0304817e-04 1.15e-04 7.49e-03  -4.1 1.25e-02    -  1.00e+00 1.00e+00f  1
3567  7.1165612e-04 8.25e-05 7.43e-03  -4.1 1.29e-02    -  1.00e+00 1.00e+00h  1
3568  7.1062648e-04 3.80e-05 3.89e-03  -4.1 8.30e-03    -  1.00e+00 1.00e+00h  1
3569  7.0858435e-04 2.59e-05 1.03e-02  -4.1 6.56e-03    -  1.00e+00 1.00e+00h  1
iter    objective    inf_pr   inf_du lg(mu)  ||d||  lg(rg) alpha_du alpha_pr  ls
3570  7.0641864e-04 2.12e-05 8.31e-03  -4.1 5.18e-03    -  1.00e+00 1.00e+00h  1
3571  7.0410114e-04 7.68e-06 3.00e-03  -4.1 2.68e-03    -  1.00e+00 1.00e+00h  1
3572  7.0512718e-04 8.41e-07 2.19e-03  -4.1 1.28e-03    -  1.00e+00 1.00e+00h  1
3573  7.0491876e-04 5.60e-07 2.37e-03  -4.1 7.84e-04    -  1.00e+00 1.00e+00h  1
3574  7.0457785e-04 2.19e-07 2.23e-04  -4.1 5.53e-04    -  1.00e+00 1.00e+00h  1
3575  7.0433977e-04 2.07e-08 1.16e-03  -6.1 2.47e-04    -  1.00e+00 1.00e+00h  1
3576  6.9220713e-04 3.06e-04 1.66e-03  -6.1 2.76e-02    -  1.00e+00 1.00e+00h  1
3577  6.9298028e-04 1.60e-04 3.05e-03  -6.1 1.37e-02    -  1.00e+00 5.00e-01h  2
3578  7.7176081e-04 1.45e-03 6.28e-03  -4.0 5.97e-02    -  1.00e+00 1.00e+00h  1
3579  1.2410485e-03 4.27e-04 2.17e-03  -4.1 3.22e-02    -  1.00e+00 1.00e+00h  1
iter    objective    inf_pr   inf_du lg(mu)  ||d||  lg(rg) alpha_du alpha_pr  ls
3580  1.0133739e-03 3.61e-04 2.26e-01  -4.1 9.49e-02    -  1.00e+00 1.26e-01H  1
3581  8.7701497e-04 2.44e-04 5.37e-03  -4.1 1.59e-02    -  9.82e-01 1.00e+00f  1
3582  7.5042744e-04 1.83e-03 5.67e-02  -4.1 4.66e-02    -  1.00e+00 1.00e+00h  1
3583  7.4785471e-04 3.28e-04 1.83e-02  -4.1 2.78e-02    -  1.00e+00 1.00e+00h  1
3584  8.5274108e-04 2.11e-04 4.56e-02  -4.1 1.98e-02    -  1.00e+00 5.00e-01h  2
3585  7.1337655e-04 3.93e-05 6.94e-03  -4.1 7.73e-03    -  1.00e+00 1.00e+00h  1
3586  7.0806275e-04 5.83e-06 9.81e-03  -4.1 4.86e-03    -  1.00e+00 1.00e+00H  1
3587  7.0498580e-04 2.12e-05 6.59e-03  -4.1 4.98e-03    -  1.00e+00 1.00e+00h  1
3588  7.0435590e-04 1.05e-05 9.62e-03  -4.1 3.87e-03    -  1.00e+00 1.00e+00h  1
3589  7.0475420e-04 5.79e-06 1.67e-03  -4.1 2.69e-03    -  1.00e+00 1.00e+00h  1
iter    objective    inf_pr   inf_du lg(mu)  ||d||  lg(rg) alpha_du alpha_pr  ls
3590  7.0426784e-04 2.31e-07 1.66e-03  -4.1 6.04e-04    -  1.00e+00 1.00e+00h  1
3591  7.0435080e-04 3.17e-08 1.77e-04  -4.1 2.10e-04    -  1.00e+00 1.00e+00h  1
3592  7.0409973e-04 4.63e-08 1.31e-03  -6.1 2.62e-04    -  1.00e+00 1.00e+00h  1
3593  7.0336075e-04 3.67e-06 2.15e-02  -6.1 1.02e-01    -  1.00e+00 2.57e-02h  5
3594  7.0001351e-04 6.48e-06 1.80e-02  -6.1 6.23e-03    -  1.00e+00 4.51e-01h  2
3595  7.0133668e-04 4.12e-06 1.09e-02  -6.1 2.45e-03    -  1.00e+00 5.00e-01h  2
3596  6.9930452e-04 5.43e-07 8.85e-05  -6.1 9.29e-04    -  1.00e+00 1.00e+00h  1
3597  6.9920996e-04 5.07e-09 8.21e-05  -6.1 1.21e-04    -  1.00e+00 1.00e+00h  1
3598  8.9212795e-04 6.13e-03 2.14e-01  -4.0 1.04e-01    -  1.00e+00 1.00e+00f  1
3599  7.5859582e-04 1.54e-03 5.31e-02  -4.1 5.23e-02    -  1.00e+00 1.00e+00h  1
iter    objective    inf_pr   inf_du lg(mu)  ||d||  lg(rg) alpha_du alpha_pr  ls
3600  7.4821369e-04 4.69e-04 1.31e-02  -4.1 2.81e-02    -  1.00e+00 1.00e+00h  1

Number of Iterations....: 3600

                                   (scaled)                 (unscaled)
Objective...............:   7.4821368913395288e-04    7.4821368913395288e-04
Dual infeasibility......:   1.3118044788249355e-02    1.3118044788249355e-02
Constraint violation....:   4.6850566915823677e-04    4.6850566915823677e-04
Variable bound violation:   0.0000000000000000e+00    0.0000000000000000e+00
Complementarity.........:   1.2057083479667843e-04    1.2057083479667843e-04
Overall NLP error.......:   1.3118044788249355e-02    1.3118044788249355e-02


Number of objective function evaluations             = 7545
Number of objective gradient evaluations             = 3601
Number of equality constraint evaluations            = 7545
Number of inequality constraint evaluations          = 7545
Number of equality constraint Jacobian evaluations   = 3601
Number of inequality constraint Jacobian evaluations = 3601
Number of Lagrangian Hessian evaluations             = 0
Total seconds in IPOPT                               = 32.448

EXIT: Maximum Number of Iterations Exceeded.
