This is Ipopt version 3.14.19, running with linear solver MUMPS 5.8.1.

Number of nonzeros in equality constraint Jacobian...:    30992
Number of nonzeros in inequality constraint Jacobian.:        8
Number of nonzeros in Lagrangian Hessian.............:        0

Total number of variables............................:     2180
                     variables with only lower bounds:        0
                variables with lower and upper bounds:      396
                     variables with only upper bounds:        0
Total number of equality constraints.................:     2079
Total number of inequality constraints...............:        1
        inequality constraints with only lower bounds:        0
   inequality constraints with lower and upper bounds:        0
        inequality constraints with only upper bounds:        1

iter    objective    inf_pr   inf_du lg(mu)  ||d||  lg(rg) alpha_du alpha_pr  ls
   0  1.9809861e+03 1.18e+00 1.00e+00   0.0 0.00e+00    -  0.00e+00 0.00e+00   0
   1  1.9809834e+03 1.16e+00 2.80e+01  -2.2 8.51e-01    -  5.62e-01 1.98e-02h  1
   2  1.9811223e+03 7.74e-01 6.06e+00  -1.1 4.64e+00    -  9.87e-01 1.00e+00f  1
   3  1.9810037e+03 1.85e-01 5.57e-01  -1.7 2.07e+00    -  9.46e-01 1.00e+00h  1
   4  1.9807519e+03 4.77e-01 3.74e-01  -2.3 2.76e+00    -  7.62e-01 1.00e+00h  1
   5  1.9805738e+03 1.71e+00 2.55e-01  -2.8 9.35e+00    -  4.06e-01 6.75e-01h  1
   6  1.9804444e+03 3.88e+00 3.21e-01  -1.9 1.16e+01    -  1.05e-01 7.14e-01h  1
   7  1.9803980e+03 8.22e-01 1.32e-01  -2.4 4.01e+00    -  3.69e-02 9.99e-01h  1
   8  1.9803364e+03 4.62e-01 4.40e-01  -2.7 3.43e+00    -  6.57e-01 1.00e+00h  1
   9  1.9802988e+03 1.70e-01 3.32e-01  -2.2 1.15e+00    -  1.00e+00 7.63e-01h  1
iter    objective    inf_pr   inf_du lg(mu)  ||d||  lg(rg) alpha_du alpha_pr  ls
  10  1.9803044e+03 2.02e-01 3.22e-01  -2.4 1.45e+00    -  8.98e-01 1.00e+00h  1
  11  1.9803125e+03 1.03e-01 1.85e-01  -2.1 1.51e+00    -  7.96e-01 8.36e-01h  1
  12  1.9802745e+03 2.78e-01 3.42e-01  -2.2 2.91e+00    -  3.51e-01 1.00e+00h  1
  13  1.9802537e+03 2.90e-01 3.78e-01  -2.2 4.63e+00    -  8.10e-01 5.00e-01h  2
  14  1.9802518e+03 7.51e-01 7.82e-01  -2.2 9.85e+00    -  9.27e-01 2.15e-01H  1
  15  1.9802312e+03 2.36e-01 2.36e-01  -2.2 2.32e+00    -  9.53e-01 1.00e+00h  1
  16  1.9802200e+03 9.38e-01 3.61e-01  -1.8 1.33e+01    -  7.08e-01 2.06e-01h  2
  17  1.9801922e+03 5.27e-01 3.36e-01  -2.0 3.35e+00    -  7.99e-01 1.00e+00h  1
  18  1.9801702e+03 1.07e-01 8.05e-02  -2.5 1.40e+00    -  9.83e-01 1.00e+00h  1
  19  1.9801628e+03 1.58e-01 1.09e-01  -2.8 2.63e+00    -  8.07e-01 5.00e-01h  2
iter    objective    inf_pr   inf_du lg(mu)  ||d||  lg(rg) alpha_du alpha_pr  ls
  20  1.9801555e+03 1.76e-01 1.42e-01  -2.5 3.51e+00    -  1.00e+00 1.81e-01h  3
  21  1.9801446e+03 1.07e-01 1.66e-01  -2.8 3.78e+00    -  4.33e-01 4.52e-01h  2
  22  1.9801325e+03 3.07e-01 2.67e-01  -2.6 1.19e+01    -  6.79e-01 2.29e-01h  2
  23  1.9801208e+03 9.57e-01 2.31e-01  -2.6 6.35e+00    -  9.81e-01 5.00e-01h  2
  24  1.9801582e+03 2.25e+00 3.18e-01  -2.9 3.30e+00    -  2.52e-01 4.34e-01H  1
  25  1.9801421e+03 7.59e-01 1.54e-01  -2.7 2.95e+00    -  3.51e-01 6.79e-01h  1
  26  1.9801450e+03 5.12e-01 6.63e-02  -2.7 2.53e+00    -  2.62e-01 7.81e-01h  1
  27  1.9801491e+03 4.55e-01 6.65e-02  -2.8 2.30e+00    -  1.00e+00 8.61e-01h  1
  28  1.9801331e+03 2.56e-01 4.49e-02  -2.8 2.97e+00    -  5.16e-01 4.63e-01h  1
  29  1.9801197e+03 1.78e-01 1.52e-01  -3.0 1.15e+00    -  9.09e-01 1.00e+00h  1
iter    objective    inf_pr   inf_du lg(mu)  ||d||  lg(rg) alpha_du alpha_pr  ls
  30  1.9801155e+03 9.46e-02 4.60e-02  -3.0 7.39e-01    -  9.22e-01 1.00e+00h  1
  31  1.9801086e+03 4.63e-02 5.48e-02  -3.2 4.97e-01    -  1.00e+00 7.92e-01h  1
  32  1.9801243e+03 2.79e-02 4.44e-02  -3.6 8.33e-01    -  9.93e-01 1.00e+00h  1
  33  1.9801092e+03 4.56e-03 3.87e-02  -3.7 7.66e-01    -  9.86e-01 1.00e+00h  1
  34  1.9801084e+03 3.15e-03 1.20e-01  -4.0 1.29e-01    -  1.00e+00 4.16e-01h  1
  35  1.9801078e+03 3.55e-03 3.05e-02  -4.0 1.65e-01    -  1.00e+00 1.00e+00h  1
  36  1.9801071e+03 8.34e-03 9.18e-02  -4.0 2.08e-01    -  1.00e+00 1.00e+00h  1
  37  1.9801054e+03 3.98e-02 2.22e-01  -4.0 4.16e-01    -  1.00e+00 1.00e+00h  1
  38  1.9801041e+03 3.50e-02 2.68e-01  -3.7 1.15e+00    -  1.00e+00 2.50e-01h  3
  39  1.9801060e+03 2.85e-02 1.31e-01  -3.9 5.73e-01    -  1.00e+00 1.00e+00h  1
iter    objective    inf_pr   inf_du lg(mu)  ||d||  lg(rg) alpha_du alpha_pr  ls
  40  1.9801081e+03 2.89e-02 1.07e-01  -3.6 7.74e-01    -  1.00e+00 1.00e+00h  1
  41  1.9801012e+03 1.17e-02 3.29e-02  -3.7 6.47e-01    -  1.00e+00 1.00e+00h  1
  42  1.9801007e+03 6.52e-03 3.21e-02  -4.0 2.42e-01    -  1.00e+00 1.00e+00h  1
  43  1.9801005e+03 1.84e-03 2.04e-02  -4.0 1.23e-01    -  1.00e+00 1.00e+00h  1
  44  1.9801001e+03 9.99e-04 2.14e-02  -4.0 1.06e-01    -  1.00e+00 1.00e+00h  1
  45  1.9800992e+03 8.39e-03 1.39e-01  -3.7 1.36e+00    -  1.00e+00 2.26e-01h  3
  46  1.9800970e+03 1.36e-01 3.76e-01  -3.5 2.38e+00    -  1.00e+00 5.00e-01h  2
  47  1.9800946e+03 1.83e-01 4.73e-01  -3.2 3.77e+00    -  1.00e+00 2.18e-01h  3
  48  1.9801132e+03 1.03e-01 1.42e-01  -3.5 9.67e-01    -  1.00e+00 1.00e+00h  1
  49  1.9801002e+03 3.40e-01 6.60e-02  -3.6 1.31e+00    -  1.00e+00 1.00e+00h  1
iter    objective    inf_pr   inf_du lg(mu)  ||d||  lg(rg) alpha_du alpha_pr  ls
  50  1.9802575e+03 8.07e-02 7.43e-02  -3.6 2.49e+00    -  6.72e-01 1.00e+00H  1
  51  1.9800857e+03 1.08e-01 5.90e-02  -3.6 1.90e+00    -  4.69e-01 1.00e+00h  1
  52  1.9800828e+03 4.43e-02 9.08e-02  -3.4 4.96e-01    -  1.00e+00 1.00e+00h  1
  53  1.9800858e+03 4.67e-02 1.07e-01  -3.4 1.03e+00    -  9.10e-01 5.00e-01h  2
  54  1.9800810e+03 6.94e-03 2.36e-02  -3.5 4.67e-01    -  9.94e-01 1.00e+00h  1
  55  1.9800810e+03 1.58e-03 1.57e-02  -4.0 1.01e-01    -  1.00e+00 1.00e+00h  1
  56  1.9800807e+03 6.48e-04 1.90e-02  -4.0 5.65e-02    -  1.00e+00 1.00e+00h  1
  57  1.9800794e+03 4.95e-03 4.86e-01  -4.0 4.39e-01    -  1.00e+00 3.36e-01h  1
  58  1.9800789e+03 1.78e-02 4.09e-01  -3.7 4.26e+00    -  8.88e-01 7.15e-02h  4
  59  1.9800787e+03 1.85e-02 1.36e-01  -4.0 9.50e-01    -  1.00e+00 2.50e-01h  3
iter    objective    inf_pr   inf_du lg(mu)  ||d||  lg(rg) alpha_du alpha_pr  ls
  60  1.9800770e+03 1.92e-02 1.96e-01  -4.0 1.06e+00    -  1.00e+00 2.50e-01h  3
  61  1.9800768e+03 2.16e-02 2.02e-01  -3.7 1.29e+00    -  2.96e-01 6.80e-02H  1
  62  1.9800782e+03 2.13e-02 1.10e-01  -4.0 5.77e-01    -  1.00e+00 1.00e+00h  1
  63  1.9800748e+03 1.36e-02 1.11e-01  -4.0 5.08e-01    -  1.00e+00 1.00e+00h  1
  64  1.9800738e+03 5.39e-03 2.86e-02  -4.0 3.61e-01    -  1.00e+00 1.00e+00h  1
  65  1.9800730e+03 7.20e-03 3.43e-02  -4.0 2.17e-01    -  1.00e+00 1.00e+00h  1
  66  1.9800730e+03 7.23e-03 7.82e-02  -4.0 5.82e-01    -  1.00e+00 5.00e-01h  2
  67  1.9800727e+03 3.44e-02 4.94e-02  -4.1 9.32e-01    -  1.00e+00 5.00e-01h  2
  68  1.9800708e+03 4.75e-02 8.50e-02  -4.0 2.45e+00    -  1.00e+00 2.50e-01h  3
  69  1.9800931e+03 4.89e-02 1.83e-01  -4.0 6.40e-01    -  4.81e-01 3.99e-01H  1
iter    objective    inf_pr   inf_du lg(mu)  ||d||  lg(rg) alpha_du alpha_pr  ls
  70  1.9800725e+03 2.25e-02 1.10e-01  -4.1 6.97e-01    -  2.32e-02 1.00e+00h  1
  71  1.9800696e+03 4.20e-03 2.48e-02  -4.0 3.17e-01    -  1.00e+00 1.00e+00h  1
  72  1.9800694e+03 4.12e-03 1.74e-01  -4.0 4.58e-01    -  1.00e+00 1.84e-01H  1
  73  1.9800689e+03 5.60e-03 5.79e-02  -4.0 2.61e-01    -  1.00e+00 5.00e-01h  2
  74  1.9800687e+03 3.08e-03 7.38e-03  -4.0 1.25e-01    -  1.00e+00 1.00e+00h  1
  75  1.9800684e+03 4.94e-03 4.54e-02  -4.0 3.79e-01    -  1.00e+00 5.00e-01h  2
  76  1.9800678e+03 4.26e-03 2.99e-02  -4.0 2.33e-01    -  1.00e+00 1.00e+00h  1
  77  1.9800668e+03 1.16e-02 1.16e-01  -3.7 1.03e+00    -  7.85e-01 2.50e-01h  3
  78  1.9800667e+03 1.24e-02 9.74e-02  -4.0 1.43e+00    -  7.56e-01 9.90e-03H  1
  79  1.9800654e+03 1.01e-02 6.49e-02  -4.0 4.07e-01    -  1.00e+00 1.00e+00h  1
iter    objective    inf_pr   inf_du lg(mu)  ||d||  lg(rg) alpha_du alpha_pr  ls
  80  1.9800645e+03 2.45e-02 2.22e-02  -4.0 7.13e-01    -  1.00e+00 1.00e+00h  1
  81  1.9800636e+03 5.29e-02 3.69e-02  -3.0 2.65e+01    -  5.70e-01 3.32e-02h  3
  82  1.9800619e+03 5.32e-02 3.53e-02  -3.0 4.39e+00    -  8.65e-01 1.91e-01h  3
  83  1.9800623e+03 6.73e-02 4.94e-02  -4.0 1.06e+01    -  3.57e-01 5.95e-02H  1
  84  1.9800623e+03 3.42e-01 1.24e-01  -4.0 1.91e+01    -  2.15e-01 1.86e-01h  2
  85  1.9800684e+03 3.22e-01 1.23e-01  -3.4 7.95e+00    -  3.58e-01 1.16e-01h  2
  86  1.9800617e+03 2.38e-01 3.87e-02  -3.4 8.79e-01    -  5.85e-01 1.00e+00h  1
  87  1.9800717e+03 3.74e-02 3.13e-02  -3.5 1.26e+00    -  8.22e-01 1.00e+00h  1
  88  1.9800627e+03 2.81e-02 2.54e-02  -3.6 7.46e-01    -  1.00e+00 2.54e-01h  1
  89  1.9800538e+03 4.88e-02 3.40e-02  -4.0 6.97e-01    -  1.00e+00 1.00e+00h  1
iter    objective    inf_pr   inf_du lg(mu)  ||d||  lg(rg) alpha_du alpha_pr  ls
  90  1.9800570e+03 7.66e-03 1.89e-02  -4.0 6.50e-01    -  1.00e+00 1.00e+00h  1
  91  1.9800538e+03 4.04e-03 3.47e-02  -4.0 4.20e-01    -  1.00e+00 4.91e-01h  1
  92  1.9800526e+03 1.10e-03 1.56e-02  -4.0 2.52e-01    -  1.00e+00 1.00e+00h  1
  93  1.9800526e+03 6.86e-04 1.19e-02  -4.0 4.08e-02    -  1.00e+00 1.00e+00h  1
  94  1.9800521e+03 4.03e-03 5.09e-02  -4.0 1.10e-01    -  1.00e+00 1.00e+00h  1
  95  1.9800518e+03 5.10e-02 1.66e-01  -4.0 3.65e-01    -  1.00e+00 1.00e+00h  1
  96  1.9800509e+03 8.03e-03 1.04e-01  -4.0 2.42e-01    -  1.00e+00 1.00e+00h  1
  97  1.9800521e+03 1.16e-02 3.15e-02  -3.1 3.39e-01    -  8.79e-01 1.00e+00h  1
  98  1.9800494e+03 2.01e-02 3.52e-02  -3.3 2.63e-01    -  1.00e+00 1.00e+00h  1
  99  1.9800493e+03 8.15e-03 1.94e-02  -4.0 1.79e-01    -  1.00e+00 1.00e+00h  1
iter    objective    inf_pr   inf_du lg(mu)  ||d||  lg(rg) alpha_du alpha_pr  ls
 100  1.9800490e+03 6.63e-03 1.30e-02  -4.0 7.36e-01    -  9.95e-01 2.50e-01h  3
 101  1.9800488e+03 3.51e-02 2.82e-02  -4.0 3.77e-01    -  1.00e+00 1.00e+00h  1
 102  1.9800479e+03 3.36e-02 3.59e-01  -3.7 1.41e+00    -  1.00e+00 1.55e-01H  1
 103  1.9800525e+03 1.45e-02 1.85e-02  -4.0 5.51e-01    -  1.00e+00 1.00e+00h  1
 104  1.9800506e+03 3.38e-02 8.88e-02  -4.1 4.70e-01    -  1.00e+00 1.00e+00h  1
 105  1.9800471e+03 8.63e-03 4.35e-02  -4.1 3.52e-01    -  1.00e+00 1.00e+00h  1
 106  1.9800467e+03 7.85e-03 1.00e-02  -4.0 1.80e-01    -  1.00e+00 1.00e+00h  1
 107  1.9800476e+03 2.03e-03 3.10e-02  -4.0 3.28e-01    -  1.00e+00 6.48e-01H  1
 108  1.9800467e+03 1.76e-03 1.95e-02  -4.0 1.68e-01    -  1.00e+00 1.00e+00h  1
 109  1.9800498e+03 4.57e-03 4.97e-02  -4.0 4.27e-01    -  1.00e+00 1.00e+00H  1
iter    objective    inf_pr   inf_du lg(mu)  ||d||  lg(rg) alpha_du alpha_pr  ls
 110  1.9800460e+03 5.55e-03 3.00e-02  -4.1 2.75e-01    -  1.00e+00 1.00e+00h  1
 111  1.9800456e+03 2.43e-03 3.64e-02  -4.0 8.95e-02    -  1.00e+00 6.83e-01h  1
 112  1.9800456e+03 7.31e-03 2.20e-02  -4.0 3.56e-01    -  1.00e+00 5.00e-01h  2
 113  1.9800457e+03 8.98e-03 4.42e-02  -4.1 2.23e+00    -  9.22e-01 1.25e-01h  4
 114  1.9800447e+03 6.41e-02 8.25e-02  -4.1 3.80e+00    -  1.00e+00 2.50e-01h  3
 115  1.9800447e+03 6.33e-02 9.12e-02  -3.4 7.16e+00    -  1.00e+00 3.83e-02h  4
 116  1.9800462e+03 3.86e-02 7.27e-02  -3.5 5.46e-01    -  1.00e+00 1.00e+00h  1
 117  1.9800691e+03 4.01e-02 1.77e-01  -3.5 1.40e+00    -  1.00e+00 1.00e+00H  1
 118  1.9800446e+03 1.59e-01 1.06e-01  -3.5 1.09e+00    -  1.00e+00 1.00e+00h  1
 119  1.9800549e+03 9.75e-02 1.19e-01  -4.0 7.82e-01    -  6.37e-01 1.00e+00h  1
iter    objective    inf_pr   inf_du lg(mu)  ||d||  lg(rg) alpha_du alpha_pr  ls
 120  1.9800641e+03 9.47e-02 7.15e-02  -3.8 1.07e+00    -  2.92e-02 1.00e+00h  1
 121  1.9800507e+03 1.31e-01 5.43e-02  -3.8 9.05e-01    -  1.00e+00 1.00e+00h  1
 122  1.9800450e+03 1.19e-01 3.88e-02  -3.8 7.58e-01    -  1.00e+00 1.00e+00h  1
 123  1.9800477e+03 3.40e-02 1.57e-02  -3.6 7.66e-01    -  1.00e+00 9.81e-01h  1
 124  1.9800445e+03 1.97e-02 4.31e-02  -3.7 6.41e-01    -  1.00e+00 1.00e+00h  1
 125  1.9800412e+03 5.95e-03 9.58e-03  -4.0 2.59e-01    -  1.00e+00 1.00e+00h  1
 126  1.9800412e+03 1.02e-03 1.10e-02  -4.0 1.34e-01    -  1.00e+00 1.00e+00h  1
 127  1.9800413e+03 3.56e-04 1.09e-02  -4.0 4.68e-02    -  1.00e+00 1.00e+00h  1
 128  1.9800412e+03 4.23e-04 4.49e-02  -4.0 5.16e-02    -  1.00e+00 1.00e+00h  1
 129  1.9800411e+03 1.72e-03 1.54e-02  -4.0 7.00e-02    -  1.00e+00 1.00e+00h  1
iter    objective    inf_pr   inf_du lg(mu)  ||d||  lg(rg) alpha_du alpha_pr  ls
 130  1.9800411e+03 1.17e-03 2.54e-01  -4.0 1.42e-01    -  1.00e+00 3.91e-01H  1
 131  1.9800409e+03 1.21e-03 3.69e-02  -4.0 7.04e-02    -  1.00e+00 1.00e+00h  1
 132  1.9800408e+03 1.32e-04 1.05e-02  -4.0 3.27e-02    -  1.00e+00 1.00e+00h  1
 133  1.9800407e+03 6.80e-05 5.46e-02  -4.0 6.65e-02    -  1.00e+00 8.96e-01H  1
 134  1.9800406e+03 1.81e-03 4.63e-02  -4.0 1.29e-01    -  1.00e+00 1.00e+00h  1
 135  1.9800404e+03 2.42e-03 6.94e-02  -4.0 6.69e-01    -  1.00e+00 1.25e-01h  4
 136  1.9800401e+03 1.43e-02 8.45e-02  -4.0 2.30e-01    -  1.00e+00 1.00e+00h  1
 137  1.9800402e+03 1.28e-02 1.29e-01  -4.0 7.75e-01    -  1.00e+00 2.50e-01h  3
 138  1.9800395e+03 5.03e-03 3.43e-02  -4.0 1.92e-01    -  1.00e+00 1.00e+00h  1
 139  1.9800423e+03 1.02e-02 7.50e-02  -4.0 2.30e-01    -  1.00e+00 1.00e+00H  1
iter    objective    inf_pr   inf_du lg(mu)  ||d||  lg(rg) alpha_du alpha_pr  ls
 140  1.9800397e+03 2.51e-03 3.59e-02  -4.1 2.93e-01    -  1.00e+00 1.00e+00h  1
 141  1.9800392e+03 3.70e-03 2.32e-02  -4.0 8.85e-02    -  1.00e+00 1.00e+00h  1
 142  1.9800399e+03 1.90e-03 5.90e-02  -4.0 3.09e-01    -  1.00e+00 5.00e-01h  2
 143  1.9800390e+03 1.61e-03 1.72e-03  -4.1 1.40e-01    -  1.00e+00 1.00e+00h  1
 144  1.9800392e+03 1.03e-03 1.04e-02  -4.0 5.45e-02    -  1.00e+00 1.00e+00h  1
 145  1.9800391e+03 5.82e-04 1.61e-02  -4.0 5.24e-02    -  1.00e+00 1.00e+00h  1
 146  1.9800388e+03 1.57e-03 3.44e-02  -4.0 7.63e-02    -  1.00e+00 1.00e+00h  1
 147  1.9800385e+03 4.14e-03 3.61e-02  -4.0 2.91e-01    -  1.00e+00 5.00e-01h  2
 148  1.9800384e+03 4.21e-03 5.24e-02  -3.7 1.06e+00    -  1.00e+00 6.22e-02h  5
 149  1.9800382e+03 3.70e-03 8.61e-02  -4.0 5.04e-01    -  1.00e+00 1.25e-01h  4
iter    objective    inf_pr   inf_du lg(mu)  ||d||  lg(rg) alpha_du alpha_pr  ls
 150  1.9800382e+03 3.60e-03 1.60e-01  -4.0 5.78e-01    -  1.00e+00 2.50e-01h  3
 151  1.9800378e+03 3.73e-02 1.27e-01  -3.7 2.35e+00    -  1.00e+00 2.50e-01h  3
 152  1.9800376e+03 3.54e-02 2.40e-01  -3.3 1.43e+01    -  1.69e-01 3.01e-03H  1
 153  1.9800377e+03 3.22e-02 9.55e-02  -3.4 1.79e+00    -  9.36e-01 2.50e-01h  3
 154  1.9800378e+03 3.39e-02 7.02e-02  -3.5 1.63e+01    -  3.11e-02 3.90e-03H  1
 155  1.9800373e+03 7.62e-02 1.08e-01  -3.4 3.57e+00    -  9.85e-01 2.50e-01f  3
 156  1.9800381e+03 7.17e-02 1.22e-01  -2.7 3.79e+00    -  9.76e-01 7.92e-02h  3
 157  1.9800381e+03 7.11e-02 2.37e-01  -2.8 1.54e+00    -  2.96e-01 4.28e-03H  1
 158  1.9800389e+03 4.97e-02 2.30e-02  -2.8 7.23e-01    -  1.00e+00 1.00e+00f  1
 159  1.9800400e+03 4.19e-02 2.98e-01  -2.8 2.44e+00    -  2.39e-01 5.12e-02H  1
iter    objective    inf_pr   inf_du lg(mu)  ||d||  lg(rg) alpha_du alpha_pr  ls
 160  1.9800378e+03 4.79e-03 4.50e-02  -2.8 6.15e-01    -  1.00e+00 1.00e+00h  1
 161  1.9800351e+03 1.09e-02 9.88e-03  -3.7 2.57e-01    -  9.95e-01 1.00e+00h  1
 162  1.9800364e+03 1.50e-02 6.95e-02  -4.0 5.85e-01    -  6.27e-01 3.65e-01H  1
 163  1.9800347e+03 1.12e-02 5.57e-02  -4.0 3.72e-01    -  1.00e+00 1.00e+00h  1
 164  1.9800345e+03 6.80e-03 1.03e-02  -4.0 1.84e-01    -  1.00e+00 1.00e+00h  1
 165  1.9800344e+03 9.09e-03 3.50e-02  -4.0 9.93e-01    -  9.20e-01 1.25e-01h  4
 166  1.9800352e+03 7.20e-03 1.34e-02  -4.0 2.47e-01    -  1.00e+00 1.00e+00h  1
 167  1.9800333e+03 1.80e-02 2.44e-02  -4.1 4.16e-01    -  1.00e+00 1.00e+00h  1
 168  1.9800332e+03 2.06e-02 2.75e-02  -4.0 1.31e+00    -  1.00e+00 1.25e-01h  4
 169  1.9800372e+03 2.89e-02 2.05e-02  -4.0 4.31e-01    -  1.00e+00 1.00e+00H  1
iter    objective    inf_pr   inf_du lg(mu)  ||d||  lg(rg) alpha_du alpha_pr  ls
 170  1.9800355e+03 8.26e-02 1.50e-02  -4.1 4.68e-01    -  1.00e+00 1.00e+00h  1
 171  1.9800354e+03 6.12e-02 1.91e-02  -4.1 1.18e+00    -  3.74e-01 5.00e-01h  2
 172  1.9800341e+03 6.10e-02 1.61e-02  -4.1 1.61e+00    -  9.40e-01 2.50e-01h  3
 173  1.9800342e+03 4.29e-02 1.13e-02  -4.1 1.28e+00    -  5.64e-01 2.22e-01h  3
 174  1.9800338e+03 3.27e-02 7.41e-03  -4.1 4.22e-01    -  1.00e+00 1.00e+00h  1
 175  1.9800331e+03 3.19e-02 1.52e-02  -4.0 8.18e-01    -  1.00e+00 3.54e-01H  1
 176  1.9800324e+03 2.90e-02 1.16e-02  -4.0 6.68e-01    -  1.00e+00 2.50e-01h  3
 177  1.9800318e+03 1.87e-02 1.28e-02  -4.0 4.28e-01    -  1.00e+00 5.00e-01h  2
 178  1.9800368e+03 2.87e-02 4.53e-02  -4.0 3.90e-01    -  1.00e+00 1.00e+00H  1
 179  1.9800340e+03 2.62e-02 1.48e-02  -4.1 3.88e-01    -  1.00e+00 1.00e+00h  1
iter    objective    inf_pr   inf_du lg(mu)  ||d||  lg(rg) alpha_du alpha_pr  ls
 180  1.9800320e+03 1.95e-02 2.36e-02  -3.7 5.49e-01    -  1.00e+00 3.88e-01H  1
 181  1.9800326e+03 4.56e-03 1.73e-02  -4.0 1.86e-01    -  1.00e+00 1.00e+00h  1
 182  1.9800315e+03 6.28e-03 3.60e-03  -4.0 1.40e-01    -  1.00e+00 1.00e+00h  1
 183  1.9800317e+03 3.48e-03 1.61e-02  -4.0 7.71e-02    -  1.00e+00 1.00e+00h  1
 184  1.9800314e+03 1.49e-03 2.51e-03  -4.0 7.30e-02    -  1.00e+00 1.00e+00h  1
 185  1.9800315e+03 4.62e-04 9.83e-03  -4.0 1.95e-02    -  1.00e+00 7.96e-01h  1
 186  1.9800317e+03 2.80e-03 7.05e-02  -4.0 6.41e-02    -  1.00e+00 1.00e+00h  1
 187  1.9800315e+03 7.77e-04 1.65e-02  -4.1 2.76e-02    -  1.00e+00 1.00e+00h  1
 188  1.9800314e+03 4.64e-04 2.03e-02  -4.1 3.72e-02    -  1.00e+00 1.00e+00h  1
 189  1.9800314e+03 5.47e-04 4.21e-02  -4.0 2.42e-02    -  1.00e+00 1.00e+00h  1
iter    objective    inf_pr   inf_du lg(mu)  ||d||  lg(rg) alpha_du alpha_pr  ls
 190  1.9800315e+03 3.32e-04 2.81e-02  -4.0 2.33e-02    -  1.00e+00 1.00e+00h  1
 191  1.9800314e+03 9.80e-04 5.43e-02  -4.0 4.24e-02    -  1.00e+00 1.00e+00h  1
 192  1.9800314e+03 6.77e-04 2.84e-02  -4.0 3.07e-02    -  1.00e+00 1.00e+00h  1
 193  1.9800314e+03 3.09e-04 2.34e-02  -4.0 3.25e-02    -  1.00e+00 1.00e+00h  1
 194  1.9800313e+03 1.13e-03 3.87e-02  -4.0 6.79e-02    -  1.00e+00 1.00e+00h  1
 195  1.9800313e+03 1.51e-03 1.83e-01  -4.0 2.01e-01    -  1.00e+00 2.50e-01h  3
 196  1.9800312e+03 4.89e-04 3.65e-02  -4.0 5.24e-02    -  1.00e+00 1.00e+00h  1
 197  1.9800310e+03 2.00e-03 3.46e-01  -4.0 6.31e-01    -  1.00e+00 2.50e-01h  3
 198  1.9800315e+03 5.54e-03 4.07e+00  -3.7 1.21e+00    -  1.00e+00 3.35e-02H  1
 199  1.9800312e+03 7.05e-03 1.86e-01  -3.8 6.32e-01    -  1.00e+00 5.00e-01h  2
iter    objective    inf_pr   inf_du lg(mu)  ||d||  lg(rg) alpha_du alpha_pr  ls
 200  1.9800311e+03 1.03e-02 6.16e-01  -3.8 3.77e+00    -  5.19e-01 5.57e-02h  5
 201  1.9800312e+03 1.83e-02 3.33e-01  -3.8 1.94e+01    -  1.68e-01 1.43e-02h  4
 202  1.9800310e+03 2.38e-02 2.94e-01  -3.8 1.19e+00    -  9.99e-01 2.50e-01h  3
 203  1.9800311e+03 1.11e-02 2.15e-01  -4.0 3.32e-01    -  1.00e+00 1.00e+00h  1
 204  1.9800304e+03 1.21e-02 2.10e-01  -4.1 6.95e-01    -  1.00e+00 2.50e-01h  3
 205  1.9800335e+03 3.68e-02 2.52e-01  -2.7 3.48e+00    -  8.06e-01 2.47e-01h  2
 206  1.9800332e+03 3.61e-02 1.26e-01  -2.9 1.76e+00    -  7.54e-01 1.94e-02H  1
 207  1.9800339e+03 1.49e-02 4.13e-02  -2.9 4.21e-01    -  1.00e+00 1.00e+00h  1
 208  1.9800303e+03 8.91e-03 4.10e-02  -2.9 6.67e-01    -  1.00e+00 5.00e-01h  2
 209  1.9800296e+03 4.38e-03 3.64e-02  -3.2 5.00e-01    -  8.93e-01 8.03e-01H  1
iter    objective    inf_pr   inf_du lg(mu)  ||d||  lg(rg) alpha_du alpha_pr  ls
 210  1.9800302e+03 1.76e-02 2.54e-02  -3.2 1.14e+00    -  8.05e-01 2.50e-01h  3
 211  1.9800298e+03 1.58e-02 2.37e-02  -3.3 1.28e+00    -  1.00e+00 1.25e-01h  4
 212  1.9800285e+03 1.64e-02 3.32e-02  -3.3 4.81e-01    -  1.00e+00 5.00e-01h  2
 213  1.9800303e+03 1.67e-02 2.88e-02  -3.9 4.63e-01    -  9.06e-01 6.79e-01H  1
 214  1.9800281e+03 2.56e-02 5.83e-03  -3.9 2.96e-01    -  1.00e+00 1.00e+00h  1
 215  1.9800283e+03 2.00e-03 9.34e-03  -4.0 9.28e-02    -  1.00e+00 1.00e+00h  1
 216  1.9800280e+03 8.44e-04 2.61e-02  -4.0 1.61e-01    -  1.00e+00 6.06e-01H  1
 217  1.9800280e+03 1.22e-03 4.62e-03  -4.0 9.55e-02    -  1.00e+00 1.00e+00h  1
 218  1.9800278e+03 1.90e-03 1.90e-02  -4.0 1.01e-01    -  1.00e+00 1.00e+00h  1
 219  1.9800277e+03 2.23e-03 2.01e-02  -4.0 9.65e-02    -  1.00e+00 1.00e+00h  1
iter    objective    inf_pr   inf_du lg(mu)  ||d||  lg(rg) alpha_du alpha_pr  ls
 220  1.9800276e+03 9.09e-04 4.98e-03  -4.0 3.90e-02    -  1.00e+00 1.00e+00h  1
 221  1.9800275e+03 1.79e-03 1.20e-02  -4.0 8.78e-02    -  1.00e+00 1.00e+00h  1
 222  1.9800271e+03 6.46e-03 1.65e-02  -4.0 2.32e-01    -  1.00e+00 1.00e+00h  1
 223  1.9800271e+03 6.15e-03 1.00e-01  -4.0 1.08e+00    -  9.74e-01 6.25e-02h  5
 224  1.9800271e+03 5.96e-03 6.09e-02  -4.0 5.24e-01    -  9.45e-01 2.15e-02H  1
 225  1.9800272e+03 8.56e-03 1.99e-02  -3.6 3.70e-01    -  8.91e-01 1.00e+00h  1
 226  1.9800270e+03 6.93e-03 8.40e-02  -3.8 2.33e+00    -  2.51e-01 1.10e-02H  1
 227  1.9800302e+03 7.04e-03 1.34e-02  -3.8 7.40e-01    -  9.95e-01 5.00e-01h  2
 228  1.9800289e+03 6.95e-02 1.28e-01  -3.9 5.11e-01    -  1.00e+00 1.00e+00h  1
 229  1.9800266e+03 2.64e-02 1.72e-02  -3.9 2.81e-01    -  1.00e+00 1.00e+00h  1
iter    objective    inf_pr   inf_du lg(mu)  ||d||  lg(rg) alpha_du alpha_pr  ls
 230  1.9800266e+03 8.09e-03 4.93e-03  -4.0 1.65e-01    -  1.00e+00 1.00e+00h  1
 231  1.9800262e+03 2.24e-03 1.20e-02  -4.0 2.98e-01    -  1.00e+00 5.53e-01H  1
 232  1.9800258e+03 2.55e-03 2.87e-03  -4.0 8.35e-02    -  1.00e+00 1.00e+00h  1
 233  1.9800258e+03 1.53e-03 1.85e-01  -4.0 5.11e-01    -  1.00e+00 8.23e-02H  1
 234  1.9800257e+03 4.51e-04 1.99e-03  -4.0 4.51e-02    -  1.00e+00 1.00e+00h  1
 235  1.9800257e+03 4.72e-04 3.91e-02  -4.0 6.78e-02    -  1.00e+00 5.00e-01h  2
 236  1.9800256e+03 3.84e-04 1.28e-02  -4.1 4.40e-02    -  1.00e+00 1.00e+00h  1
 237  1.9800255e+03 4.12e-03 3.58e-02  -4.0 8.76e-02    -  1.00e+00 1.00e+00h  1
 238  1.9800259e+03 7.99e-04 1.46e-02  -4.0 1.93e-01    -  1.00e+00 1.00e+00H  1
 239  1.9800257e+03 2.91e-04 3.84e-01  -4.1 2.35e-01    -  1.00e+00 2.77e-01H  1
iter    objective    inf_pr   inf_du lg(mu)  ||d||  lg(rg) alpha_du alpha_pr  ls
 240  1.9800254e+03 4.56e-04 1.01e-02  -4.1 8.44e-02    -  1.00e+00 1.00e+00f  1
 241  1.9800253e+03 7.33e-04 2.05e-02  -4.0 5.02e-02    -  1.00e+00 1.00e+00h  1
 242  1.9800253e+03 1.10e-03 7.62e-02  -4.0 1.00e-01    -  1.00e+00 6.73e-01H  1
 243  1.9800253e+03 1.40e-03 1.25e-01  -4.0 1.68e-01    -  1.00e+00 5.00e-01h  2
 244  1.9800254e+03 7.00e-04 1.54e+00  -4.1 2.03e-01    -  1.00e+00 1.11e-01H  1
 245  1.9800251e+03 2.90e-04 9.70e-03  -4.1 1.16e-01    -  1.00e+00 1.00e+00f  1
 246  1.9800251e+03 1.12e-03 4.86e-02  -4.0 4.94e-02    -  1.00e+00 1.00e+00h  1
 247  1.9800250e+03 5.28e-04 7.32e-03  -4.0 5.02e-02    -  1.00e+00 1.00e+00h  1
 248  1.9800262e+03 5.65e-04 1.71e-01  -4.0 1.25e-01    -  1.00e+00 6.38e-01H  1
 249  1.9800250e+03 1.20e-03 3.06e-02  -4.1 2.03e-01    -  1.00e+00 1.00e+00h  1
iter    objective    inf_pr   inf_du lg(mu)  ||d||  lg(rg) alpha_du alpha_pr  ls
 250  1.9800250e+03 3.61e-04 6.85e-03  -4.0 3.82e-02    -  1.00e+00 1.00e+00h  1
 251  1.9800250e+03 4.20e-04 2.77e-02  -4.0 4.03e-02    -  1.00e+00 1.00e+00h  1
 252  1.9800250e+03 6.83e-05 5.82e-03  -4.0 1.29e-02    -  1.00e+00 1.00e+00h  1
 253  1.9800249e+03 3.32e-06 2.20e-03  -4.0 1.16e-02    -  1.00e+00 1.00e+00H  1
 254  1.9800249e+03 2.12e-04 1.66e-02  -4.0 3.03e-02    -  1.00e+00 1.00e+00h  1
 255  1.9800253e+03 2.98e-05 2.12e-01  -4.0 3.19e-01    -  1.00e+00 1.00e+00H  1
 256  1.9800250e+03 3.89e-03 2.11e+00  -4.1 5.08e+00    -  1.00e+00 7.27e-02h  4
 257  1.9800247e+03 2.16e-02 1.88e+00  -4.1 1.49e+01    -  3.40e-01 5.40e-02h  4
 258  1.9800243e+03 2.38e-02 7.31e-01  -3.6 1.76e+01    -  1.00e+00 1.97e-02h  5
 259  1.9800243e+03 3.10e-02 1.30e+00  -3.7 5.27e+00    -  1.00e+00 1.13e-01h  4
iter    objective    inf_pr   inf_du lg(mu)  ||d||  lg(rg) alpha_du alpha_pr  ls
 260  1.9800249e+03 4.61e-02 1.07e+00  -3.2 9.50e+00    -  1.00e+00 5.99e-02h  4
 261  1.9800306e+03 7.60e-02 9.01e-01  -3.3 1.05e+00    -  8.72e-01 4.98e-01h  2
 262  1.9800286e+03 3.13e-02 4.45e-01  -3.3 8.15e-01    -  6.02e-01 1.00e+00h  1
 263  1.9800273e+03 3.92e-02 5.38e-02  -3.3 4.99e-01    -  1.00e+00 1.00e+00h  1
 264  1.9800250e+03 5.78e-02 9.13e-02  -3.3 2.50e+00    -  7.61e-01 5.00e-01h  2
 265  1.9800246e+03 5.61e-02 5.15e-02  -3.3 6.87e+00    -  2.73e-01 4.01e-02h  4
 266  1.9800267e+03 6.29e-02 1.48e-02  -3.3 9.09e-01    -  1.00e+00 1.00e+00h  1
 267  1.9800265e+03 6.14e-02 3.32e-02  -3.3 3.69e+00    -  8.61e-01 1.05e-01h  4
 268  1.9800255e+03 1.15e-01 5.67e-02  -3.3 2.90e+00    -  1.00e+00 2.19e-01h  3
 269  1.9800241e+03 9.09e-02 2.14e-02  -3.3 7.40e-01    -  8.19e-01 5.00e-01h  2
iter    objective    inf_pr   inf_du lg(mu)  ||d||  lg(rg) alpha_du alpha_pr  ls
 270  1.9800230e+03 8.50e-02 1.66e-02  -3.5 2.79e+00    -  7.27e-01 1.11e-01H  1
 271  1.9800275e+03 7.35e-02 1.92e-02  -4.0 2.12e+00    -  3.30e-01 2.44e-01h  2
 272  1.9800228e+03 2.89e-02 1.62e-02  -3.6 4.34e-01    -  1.00e+00 1.00e+00h  1
 273  1.9800440e+03 4.60e-03 3.37e-02  -3.9 1.01e+00    -  9.70e-01 1.00e+00h  1
 274  1.9800219e+03 1.64e-03 3.42e-03  -4.0 8.39e-01    -  1.00e+00 1.00e+00h  1
 275  1.9800219e+03 1.13e-03 1.18e-01  -4.0 5.54e-02    -  1.00e+00 3.64e-01h  1
 276  1.9800223e+03 2.46e-03 1.49e-02  -4.0 2.22e-01    -  1.00e+00 5.00e-01h  2
 277  1.9800223e+03 3.15e-03 2.05e-02  -4.1 1.53e-01    -  1.00e+00 1.00e+00h  1
 278  1.9800221e+03 8.30e-03 3.07e-02  -4.1 1.20e-01    -  1.00e+00 1.00e+00h  1
 279  1.9800222e+03 1.99e-03 2.68e-02  -4.1 1.19e-01    -  1.00e+00 1.00e+00h  1
iter    objective    inf_pr   inf_du lg(mu)  ||d||  lg(rg) alpha_du alpha_pr  ls
 280  1.9800220e+03 5.37e-03 1.11e-02  -4.0 1.36e-01    -  1.00e+00 1.00e+00h  1
 281  1.9800226e+03 1.37e-03 1.71e-02  -4.1 1.69e-01    -  1.00e+00 1.00e+00h  1
 282  1.9800219e+03 1.99e-03 1.37e-02  -4.1 1.21e-01    -  1.00e+00 1.00e+00h  1
 283  1.9800220e+03 8.58e-04 2.29e-02  -4.0 6.25e-02    -  1.00e+00 1.00e+00h  1
 284  1.9800219e+03 4.71e-04 1.20e-02  -4.0 3.87e-02    -  1.00e+00 1.00e+00h  1
 285  1.9800219e+03 8.52e-04 1.77e-02  -4.0 4.85e-02    -  1.00e+00 1.00e+00h  1
 286  1.9800219e+03 1.60e-04 4.40e-03  -4.1 3.16e-02    -  1.00e+00 1.00e+00h  1
 287  1.9800219e+03 1.67e-05 3.40e-03  -4.0 1.89e-02    -  1.00e+00 1.00e+00h  1
 288  1.9800219e+03 1.47e-04 1.98e-02  -4.0 3.55e-02    -  1.00e+00 1.00e+00h  1
 289  1.9800219e+03 1.27e-04 6.99e-02  -4.0 6.47e-02    -  1.00e+00 2.50e-01h  3
iter    objective    inf_pr   inf_du lg(mu)  ||d||  lg(rg) alpha_du alpha_pr  ls
 290  1.9800218e+03 2.71e-04 1.63e-01  -4.0 6.33e-02    -  1.00e+00 5.00e-01h  2
 291  1.9800218e+03 1.53e-03 1.67e-01  -4.0 2.71e-01    -  1.00e+00 2.50e-01h  3
 292  1.9800218e+03 1.72e-03 1.11e-01  -4.0 1.88e-01    -  1.00e+00 2.50e-01h  3
 293  1.9800216e+03 1.33e-02 1.19e-01  -4.0 3.98e-01    -  1.00e+00 5.00e-01h  2
 294  1.9800223e+03 9.99e-03 4.98e+00  -3.6 2.12e+00    -  5.81e-01 5.55e-02H  1
 295  1.9800222e+03 4.84e-03 8.70e-02  -3.9 2.18e-01    -  1.00e+00 1.00e+00h  1
 296  1.9800218e+03 4.64e-03 2.99e-01  -3.9 2.77e-01    -  9.15e-01 5.00e-01h  2
 297  1.9800223e+03 4.12e-03 6.61e-01  -3.9 9.35e-01    -  1.00e+00 1.25e-01h  4
 298  1.9800217e+03 1.01e-02 5.77e-02  -3.9 2.28e-01    -  1.00e+00 1.00e+00h  1
 299  1.9800219e+03 8.82e-03 5.20e-02  -4.0 1.38e-01    -  1.00e+00 1.00e+00h  1
iter    objective    inf_pr   inf_du lg(mu)  ||d||  lg(rg) alpha_du alpha_pr  ls
 300  1.9800217e+03 1.34e-03 3.71e-02  -4.1 1.44e-01    -  1.00e+00 1.00e+00h  1
 301  1.9800214e+03 1.69e-03 7.54e-03  -4.0 7.09e-02    -  1.00e+00 1.00e+00h  1
 302  1.9800215e+03 1.12e-03 1.92e-02  -4.0 7.62e-02    -  1.00e+00 1.00e+00h  1
 303  1.9800213e+03 8.05e-04 6.51e-03  -4.0 5.72e-02    -  1.00e+00 1.00e+00h  1
 304  1.9800217e+03 5.40e-04 2.37e-02  -4.0 1.49e-01    -  1.00e+00 1.00e+00h  1
 305  1.9800213e+03 4.22e-04 7.01e-03  -4.0 1.23e-01    -  1.00e+00 1.00e+00h  1
 306  1.9800213e+03 1.30e-04 1.93e-02  -4.0 1.68e-02    -  1.00e+00 1.00e+00h  1
 307  1.9800213e+03 5.32e-05 4.41e-03  -4.0 1.13e-02    -  1.00e+00 1.00e+00h  1
 308  1.9800213e+03 4.86e-06 1.79e-03  -4.0 3.86e-03    -  1.00e+00 1.00e+00h  1
 309  1.9800213e+03 3.36e-08 4.90e-03  -4.0 6.47e-03    -  1.00e+00 1.00e+00H  1
iter    objective    inf_pr   inf_du lg(mu)  ||d||  lg(rg) alpha_du alpha_pr  ls
 310  1.9800213e+03 2.49e-03 6.45e-01  -4.0 5.24e-01    -  1.00e+00 2.50e-01h  3
 311  1.9800212e+03 8.00e-04 3.79e-02  -4.1 6.47e-02    -  1.00e+00 1.00e+00h  1
 312  1.9800213e+03 3.12e-04 2.66e-02  -4.0 8.75e-02    -  1.00e+00 1.00e+00h  1
 313  1.9800211e+03 1.13e-04 6.62e-03  -4.1 6.24e-02    -  1.00e+00 1.00e+00h  1
 314  1.9800211e+03 1.56e-05 7.28e-03  -4.0 1.04e-02    -  1.00e+00 1.00e+00h  1
 315  1.9800211e+03 6.43e-04 2.39e-01  -4.0 2.35e-01    -  1.00e+00 2.50e-01h  3
 316  1.9800211e+03 2.84e-03 2.57e-01  -4.1 2.79e-01    -  1.00e+00 5.00e-01h  2
 317  1.9800210e+03 4.11e-03 1.61e-01  -4.0 1.50e+00    -  1.00e+00 1.25e-01h  4
 318  1.9800210e+03 4.26e-03 6.02e-01  -3.7 3.67e+00    -  9.91e-01 2.59e-02h  6
 319  1.9800210e+03 4.45e-03 1.38e-01  -4.0 7.97e-01    -  1.00e+00 3.78e-02H  1
iter    objective    inf_pr   inf_du lg(mu)  ||d||  lg(rg) alpha_du alpha_pr  ls
 320  1.9800210e+03 4.85e-03 3.57e-01  -3.7 3.47e+00    -  1.00e+00 5.77e-02h  5
 321  1.9800215e+03 6.49e-03 4.63e-01  -3.2 8.41e-01    -  9.83e-01 2.50e-01h  3
 322  1.9800215e+03 5.99e-03 1.53e+00  -3.3 1.68e+00    -  4.11e-01 4.82e-03H  1
 323  1.9800211e+03 5.51e-03 2.01e-01  -3.3 3.21e-01    -  1.00e+00 5.00e-01f  2
 324  1.9800213e+03 1.36e-02 5.38e-02  -3.3 1.51e-01    -  1.00e+00 1.00e+00h  1
 325  1.9800217e+03 1.95e-03 1.09e-01  -3.3 3.63e-01    -  1.00e+00 1.00e+00H  1
 326  1.9800215e+03 1.92e-03 2.19e-01  -3.3 9.29e-01    -  1.00e+00 1.25e-01h  4
 327  1.9800210e+03 2.33e-03 6.08e-01  -3.3 2.92e-01    -  1.00e+00 2.50e-01h  3
 328  1.9800209e+03 1.60e-02 1.63e-01  -3.4 1.94e+00    -  9.98e-01 1.25e-01h  4
 329  1.9800232e+03 8.70e-03 6.14e-02  -3.8 2.76e-01    -  9.99e-01 1.00e+00h  1
iter    objective    inf_pr   inf_du lg(mu)  ||d||  lg(rg) alpha_du alpha_pr  ls
 330  1.9800206e+03 1.06e-02 1.93e-02  -3.9 1.96e-01    -  1.00e+00 1.00e+00h  1
 331  1.9800217e+03 8.64e-03 1.37e-01  -4.0 1.99e-01    -  1.00e+00 5.80e-01H  1
 332  1.9800209e+03 6.92e-03 4.16e-02  -4.1 2.27e-01    -  1.00e+00 1.00e+00h  1
 333  1.9800219e+03 5.45e-03 1.63e-02  -4.0 2.71e-01    -  1.00e+00 1.00e+00h  1
 334  1.9800208e+03 4.02e-03 2.09e-02  -4.1 2.23e-01    -  1.00e+00 1.00e+00h  1
 335  1.9800210e+03 1.61e-03 4.38e-03  -4.0 1.78e-01    -  1.00e+00 1.00e+00h  1
 336  1.9800204e+03 4.01e-04 4.30e-03  -4.0 1.06e-01    -  1.00e+00 9.72e-01h  1
 337  1.9800206e+03 1.20e-03 1.62e-01  -4.0 7.17e-02    -  1.00e+00 1.00e+00h  1
 338  1.9800205e+03 3.09e-04 3.95e-02  -4.1 5.60e-02    -  1.00e+00 1.00e+00h  1
 339  1.9800204e+03 9.31e-05 8.57e-03  -4.0 1.78e-02    -  1.00e+00 1.00e+00h  1
iter    objective    inf_pr   inf_du lg(mu)  ||d||  lg(rg) alpha_du alpha_pr  ls
 340  1.9800205e+03 3.23e-05 2.13e-02  -4.0 8.97e-03    -  1.00e+00 1.00e+00h  1
 341  1.9800204e+03 2.93e-05 1.86e-02  -4.0 8.55e-03    -  1.00e+00 1.00e+00h  1
 342  1.9800204e+03 1.10e-05 1.12e-02  -4.0 5.48e-03    -  1.00e+00 1.00e+00h  1
 343  1.9800204e+03 1.05e-05 2.18e-02  -4.0 3.65e-03    -  1.00e+00 1.00e+00h  1
 344  1.9800204e+03 5.25e-06 1.00e-02  -4.0 5.27e-03    -  1.00e+00 1.00e+00h  1
 345  1.9800204e+03 2.74e-05 5.60e-03  -4.0 1.12e-02    -  1.00e+00 1.00e+00h  1
 346  1.9800205e+03 1.65e-04 1.01e-02  -4.0 2.86e-02    -  1.00e+00 1.00e+00h  1
 347  1.9800204e+03 2.85e-04 2.45e-02  -4.1 3.84e-02    -  1.00e+00 1.00e+00h  1
 348  1.9800204e+03 1.76e-04 1.94e-02  -4.0 2.38e-02    -  1.00e+00 1.00e+00h  1
 349  1.9800204e+03 4.96e-04 2.99e-02  -4.0 4.52e-02    -  1.00e+00 1.00e+00h  1
iter    objective    inf_pr   inf_du lg(mu)  ||d||  lg(rg) alpha_du alpha_pr  ls
 350  1.9800204e+03 3.05e-04 6.90e-03  -4.0 3.67e-02    -  1.00e+00 1.00e+00h  1
 351  1.9800204e+03 3.39e-04 1.02e-01  -4.0 8.32e-02    -  1.00e+00 5.00e-01h  2
 352  1.9800204e+03 7.51e-05 7.99e-03  -4.0 1.17e-02    -  1.00e+00 1.00e+00h  1
 353  1.9800204e+03 4.16e-05 3.65e-02  -4.0 5.74e-02    -  1.00e+00 1.00e+00H  1
 354  1.9800204e+03 3.06e-04 1.33e-02  -4.0 3.68e-02    -  1.00e+00 1.00e+00h  1
 355  1.9800204e+03 2.59e-04 2.89e-02  -4.0 3.61e-02    -  1.00e+00 1.00e+00h  1
 356  1.9800203e+03 6.31e-05 9.09e-03  -4.1 3.64e-02    -  1.00e+00 1.00e+00h  1
 357  1.9800203e+03 1.05e-04 2.31e-02  -4.0 1.73e-02    -  1.00e+00 1.00e+00h  1
 358  1.9800203e+03 3.94e-05 2.30e-03  -4.0 1.35e-02    -  1.00e+00 1.00e+00h  1
 359  1.9800203e+03 7.28e-06 2.94e-03  -4.0 4.58e-03    -  1.00e+00 1.00e+00h  1
iter    objective    inf_pr   inf_du lg(mu)  ||d||  lg(rg) alpha_du alpha_pr  ls
 360  1.9800203e+03 7.26e-05 2.41e-02  -4.0 2.34e-02    -  1.00e+00 1.00e+00h  1
 361  1.9800202e+03 8.68e-04 5.32e-02  -4.0 1.17e-01    -  1.00e+00 1.00e+00h  1
 362  1.9800202e+03 1.91e-03 3.28e-01  -4.0 1.20e+00    -  1.00e+00 6.25e-02h  5
 363  1.9800202e+03 3.09e-03 1.58e-01  -4.0 6.22e-01    -  1.00e+00 1.25e-01h  4
 364  1.9800212e+03 5.02e-03 1.78e-01  -4.0 3.49e-01    -  1.00e+00 5.00e-01h  2
 365  1.9800201e+03 4.93e-03 1.42e-02  -4.1 1.62e-01    -  1.00e+00 1.00e+00h  1
 366  1.9800201e+03 4.00e-03 1.67e-01  -4.0 3.35e-01    -  1.00e+00 2.50e-01h  3
 367  1.9800201e+03 4.05e-03 2.18e-01  -4.1 1.89e+00    -  1.00e+00 6.25e-02h  5
 368  1.9800201e+03 6.39e-03 2.13e-01  -4.1 2.35e+00    -  1.00e+00 1.25e-01h  4
 369  1.9800201e+03 7.60e-03 1.80e-01  -4.0 4.20e+00    -  1.00e+00 4.57e-02h  5
iter    objective    inf_pr   inf_du lg(mu)  ||d||  lg(rg) alpha_du alpha_pr  ls
 370  1.9800201e+03 7.41e-03 2.07e-01  -4.0 1.79e+00    -  1.00e+00 6.25e-02h  5
 371  1.9800200e+03 1.85e-02 2.10e-01  -4.0 1.75e+00    -  1.00e+00 2.50e-01h  3
 372  1.9800202e+03 1.95e-02 1.29e-01  -3.4 1.16e+01    -  1.05e-01 3.26e-03H  1
 373  1.9800225e+03 3.48e-02 1.18e-01  -4.0 3.88e-01    -  1.00e+00 1.00e+00h  1
 374  1.9800203e+03 5.53e-02 7.00e-02  -4.0 4.92e-01    -  1.00e+00 1.00e+00h  1
 375  1.9800199e+03 5.47e-02 1.14e-01  -4.0 1.92e+00    -  6.37e-01 7.98e-02h  4
 376  1.9800206e+03 1.37e-02 2.81e-02  -4.0 3.28e-01    -  1.00e+00 1.00e+00h  1
 377  1.9800260e+03 1.63e-02 2.37e-02  -4.1 1.20e+00    -  1.00e+00 1.00e+00H  1
 378  1.9800247e+03 1.60e-02 7.75e-02  -4.1 1.46e+00    -  4.76e-01 3.90e-02h  4
 379  1.9800197e+03 7.44e-02 1.61e-02  -4.1 6.53e-01    -  1.00e+00 1.00e+00h  1
iter    objective    inf_pr   inf_du lg(mu)  ||d||  lg(rg) alpha_du alpha_pr  ls
 380  1.9800194e+03 7.34e-02 5.17e-02  -3.7 3.02e+00    -  4.26e-01 4.29e-02h  4
 381  1.9800236e+03 1.23e-02 2.04e-02  -4.0 4.38e-01    -  1.00e+00 1.00e+00h  1
 382  1.9800190e+03 9.43e-04 8.40e-03  -4.1 3.79e-01    -  1.00e+00 1.00e+00h  1
 383  1.9800189e+03 8.77e-04 8.46e-03  -4.0 5.01e-02    -  1.00e+00 1.00e+00h  1
 384  1.9800189e+03 4.09e-04 6.95e-03  -4.0 4.10e-02    -  1.00e+00 1.00e+00h  1
 385  1.9800189e+03 1.55e-03 3.39e-02  -4.0 8.40e-02    -  1.00e+00 1.00e+00h  1
 386  1.9800189e+03 1.32e-03 2.24e-02  -4.0 8.21e-02    -  1.00e+00 1.00e+00h  1
 387  1.9800199e+03 2.17e-03 6.90e-02  -4.0 2.33e-01    -  1.00e+00 1.00e+00H  1
 388  1.9800202e+03 6.56e-04 2.32e-02  -4.1 3.25e-01    -  1.00e+00 1.00e+00H  1
 389  1.9800208e+03 6.03e-04 2.76e-01  -4.1 3.74e-01    -  1.00e+00 1.00e+00H  1
iter    objective    inf_pr   inf_du lg(mu)  ||d||  lg(rg) alpha_du alpha_pr  ls
 390  1.9800189e+03 1.15e-02 2.67e-01  -4.1 2.63e-01    -  7.28e-01 1.00e+00h  1
 391  1.9800189e+03 1.15e-02 7.90e-01  -4.0 7.09e-01    -  1.00e+00 1.10e-03H  1
 392  1.9800200e+03 1.97e-02 5.42e-02  -2.7 3.27e-01    -  9.05e-01 1.00e+00f  1
 393  1.9800198e+03 1.86e-02 5.24e-01  -2.8 6.77e-01    -  6.66e-01 1.51e-02H  1
 394  1.9800191e+03 1.67e-02 4.79e-02  -2.8 9.57e-01    -  8.06e-01 1.25e-01h  4
 395  1.9800222e+03 5.55e-02 7.90e-02  -2.8 9.21e+00    -  1.83e-01 4.81e-02f  3
 396  1.9800212e+03 5.60e-02 3.57e-02  -2.8 2.96e+00    -  5.40e-01 8.76e-02h  4
 397  1.9800211e+03 3.90e-02 3.65e-02  -2.8 1.68e-01    -  1.00e+00 3.03e-01h  2
 398  1.9800253e+03 2.50e-02 2.22e-02  -2.8 7.26e-01    -  1.00e+00 1.00e+00h  1
 399  1.9800187e+03 2.44e-03 1.83e-03  -2.8 4.50e-01    -  1.00e+00 1.00e+00h  1
iter    objective    inf_pr   inf_du lg(mu)  ||d||  lg(rg) alpha_du alpha_pr  ls
 400  1.9800187e+03 8.41e-04 7.83e-03  -4.0 3.73e-02    -  1.00e+00 1.00e+00h  1
 401  1.9800187e+03 2.40e-04 4.14e-03  -4.0 2.79e-02    -  1.00e+00 1.00e+00h  1
 402  1.9800187e+03 4.73e-05 5.37e-03  -4.0 9.04e-03    -  1.00e+00 1.00e+00h  1
 403  1.9800187e+03 4.50e-05 1.43e-02  -4.0 1.48e-02    -  1.00e+00 1.00e+00h  1
 404  1.9800187e+03 2.81e-05 1.15e-02  -4.0 7.43e-03    -  1.00e+00 1.00e+00h  1
 405  1.9800186e+03 1.16e-04 2.43e-02  -4.0 2.11e-02    -  1.00e+00 1.00e+00h  1
 406  1.9800186e+03 1.01e-04 3.83e-02  -4.0 1.74e-02    -  1.00e+00 1.00e+00h  1
 407  1.9800186e+03 8.66e-05 1.72e-02  -4.0 1.54e-02    -  1.00e+00 1.00e+00h  1
 408  1.9800186e+03 1.43e-06 3.73e-02  -4.0 2.46e-02    -  1.00e+00 1.00e+00H  1
 409  1.9800186e+03 6.95e-05 2.16e-02  -4.0 1.98e-02    -  1.00e+00 1.00e+00h  1
iter    objective    inf_pr   inf_du lg(mu)  ||d||  lg(rg) alpha_du alpha_pr  ls
 410  1.9800186e+03 3.28e-04 3.71e-02  -4.0 3.45e-02    -  1.00e+00 1.00e+00h  1
 411  1.9800186e+03 2.42e-03 1.14e-01  -4.0 8.03e-02    -  1.00e+00 1.00e+00h  1
 412  1.9800186e+03 6.22e-04 4.41e-02  -4.1 5.87e-02    -  1.00e+00 1.00e+00h  1
 413  1.9800186e+03 8.44e-04 6.60e-03  -4.0 7.38e-02    -  1.00e+00 1.00e+00h  1
 414  1.9800186e+03 6.69e-04 9.77e-02  -4.1 2.23e-01    -  1.00e+00 2.50e-01h  3
 415  1.9800186e+03 1.83e-03 1.84e-02  -4.1 1.51e-01    -  1.00e+00 5.00e-01h  2
 416  1.9800186e+03 4.06e-04 1.38e-02  -4.0 5.83e-02    -  1.00e+00 1.00e+00h  1
 417  1.9800185e+03 7.83e-04 1.07e-01  -4.0 1.30e-01    -  1.00e+00 5.00e-01h  2
 418  1.9800185e+03 4.88e-04 3.67e-02  -4.0 6.28e-02    -  1.00e+00 5.00e-01h  2
 419  1.9800185e+03 1.65e-03 1.47e-02  -4.0 7.48e-02    -  1.00e+00 1.00e+00h  1
iter    objective    inf_pr   inf_du lg(mu)  ||d||  lg(rg) alpha_du alpha_pr  ls
 420  1.9800186e+03 1.43e-03 1.79e-02  -4.0 6.98e-02    -  1.00e+00 1.00e+00h  1
 421  1.9800185e+03 1.75e-03 8.51e-03  -4.1 7.11e-02    -  1.00e+00 1.00e+00h  1
 422  1.9800185e+03 2.10e-03 4.20e-02  -4.1 3.40e-01    -  1.00e+00 1.25e-01h  4
 423  1.9800184e+03 1.88e-03 2.59e-02  -4.0 6.14e-02    -  1.00e+00 1.00e+00h  1
 424  1.9800187e+03 7.14e-04 2.03e-02  -4.0 2.43e-01    -  1.00e+00 5.00e-01h  2
 425  1.9800184e+03 1.69e-03 1.54e-02  -4.1 1.19e-01    -  1.00e+00 1.00e+00h  1
 426  1.9800194e+03 1.60e-03 4.69e-02  -4.0 2.07e-01    -  1.00e+00 1.00e+00h  1
 427  1.9800184e+03 6.09e-04 1.62e-02  -4.1 2.07e-01    -  1.00e+00 1.00e+00h  1
 428  1.9800184e+03 1.65e-04 8.64e-03  -4.0 2.86e-02    -  1.00e+00 1.00e+00h  1
 429  1.9800184e+03 2.22e-05 2.92e-03  -4.0 9.44e-03    -  1.00e+00 1.00e+00h  1
iter    objective    inf_pr   inf_du lg(mu)  ||d||  lg(rg) alpha_du alpha_pr  ls
 430  1.9800183e+03 1.72e-04 2.68e-02  -4.0 4.05e-02    -  1.00e+00 1.00e+00h  1
 431  1.9800183e+03 1.82e-03 6.14e-01  -4.0 6.07e-01    -  8.73e-01 2.50e-01h  3
 432  1.9800183e+03 2.23e-03 6.50e-02  -4.0 1.35e+00    -  1.00e+00 6.25e-02h  5
 433  1.9800183e+03 1.98e-03 3.16e-01  -4.1 4.33e-01    -  1.00e+00 2.50e-01h  3
 434  1.9800183e+03 3.35e-03 4.48e-01  -4.1 3.95e+00    -  4.35e-01 8.85e-02h  4
 435  1.9800183e+03 3.92e-03 9.14e-02  -3.8 5.74e+00    -  1.00e+00 1.09e-03H  1
 436  1.9800266e+03 3.78e-01 2.13e-01  -2.7 6.31e+00    -  8.82e-01 5.00e-01f  2
 437  1.9800276e+03 3.82e-01 2.59e-01  -2.8 9.07e+00    -  1.37e-01 6.81e-03H  1
 438  1.9800209e+03 2.41e-01 8.54e-02  -2.8 7.86e-01    -  9.58e-01 1.00e+00h  1
 439  1.9800268e+03 2.22e-01 5.93e-02  -2.8 2.43e+00    -  7.40e-01 2.24e-01h  3
iter    objective    inf_pr   inf_du lg(mu)  ||d||  lg(rg) alpha_du alpha_pr  ls
 440  1.9800194e+03 8.25e-02 7.39e-02  -2.8 5.47e-01    -  1.00e+00 1.00e+00h  1
 441  1.9800185e+03 5.15e-02 6.54e-02  -2.8 6.48e-01    -  1.00e+00 5.00e-01h  2
 442  1.9800188e+03 4.82e-02 2.73e-02  -2.8 1.91e+00    -  1.00e+00 5.00e-01h  2
 443  1.9800182e+03 6.54e-02 4.10e-02  -2.8 6.09e+00    -  1.00e+00 1.25e-01h  4
 444  1.9800177e+03 4.75e-02 3.97e-02  -3.0 3.36e+00    -  9.72e-01 2.50e-01h  3
 445  1.9800168e+03 6.97e-02 7.94e-02  -3.1 1.96e+01    -  7.85e-01 7.30e-02h  4
 446  1.9800169e+03 1.68e-01 5.69e-02  -3.2 1.96e+01    -  9.53e-01 1.24e-01h  4
 447  1.9800168e+03 1.56e-01 6.50e-02  -3.3 9.45e+00    -  5.78e-01 8.49e-02h  4
 448  1.9800164e+03 1.51e-01 8.32e-02  -2.8 2.35e+01    -  1.00e+00 7.16e-02h  4
 449  1.9800159e+03 2.39e-01 1.04e-01  -3.0 1.32e+01    -  9.59e-01 1.98e-01h  3
iter    objective    inf_pr   inf_du lg(mu)  ||d||  lg(rg) alpha_du alpha_pr  ls
 450  1.9800189e+03 2.14e-01 9.69e-02  -2.7 4.93e+00    -  1.00e+00 2.50e-01h  3
 451  1.9800170e+03 3.33e-01 1.04e-01  -2.8 1.11e+01    -  5.73e-01 1.95e-01h  3
 452  1.9800509e+03 6.67e-01 4.21e-02  -2.8 2.25e+00    -  5.64e-01 8.54e-01h  1
 453  1.9800232e+03 4.37e-01 1.93e-02  -2.8 1.72e+00    -  4.37e-01 1.00e+00h  1
 454  1.9800446e+03 3.72e-01 4.05e-02  -2.8 6.62e+00    -  3.96e-01 1.92e-01h  1
 455  1.9800145e+03 2.01e-01 3.07e-02  -2.8 1.10e+00    -  1.00e+00 1.00e+00h  1
 456  1.9800142e+03 2.28e-02 1.48e-02  -3.3 4.13e-01    -  8.58e-01 1.00e+00h  1
 457  1.9800142e+03 3.25e-02 1.04e-01  -3.4 5.70e-01    -  1.00e+00 2.65e-01H  1
 458  1.9800128e+03 4.99e-02 4.41e-02  -3.7 6.03e-01    -  9.87e-01 5.00e-01h  2
 459  1.9800127e+03 6.84e-03 5.90e-03  -4.0 1.32e-01    -  1.00e+00 1.00e+00h  1
iter    objective    inf_pr   inf_du lg(mu)  ||d||  lg(rg) alpha_du alpha_pr  ls
 460  1.9800133e+03 5.08e-03 8.76e-03  -4.0 2.59e-01    -  1.00e+00 1.00e+00h  1
 461  1.9800124e+03 2.68e-03 9.36e-03  -4.0 1.47e-01    -  1.00e+00 1.00e+00h  1
 462  1.9800124e+03 1.72e-03 1.06e-02  -4.0 8.61e-02    -  1.00e+00 5.00e-01h  2
 463  1.9800125e+03 1.36e-03 4.08e-02  -4.0 1.30e-01    -  1.00e+00 2.50e-01h  3
 464  1.9800125e+03 1.53e-03 2.17e-02  -4.0 3.58e-01    -  1.00e+00 1.25e-01h  4
 465  1.9800125e+03 2.35e-03 1.09e-02  -4.1 5.61e-01    -  1.00e+00 1.25e-01h  4
 466  1.9800125e+03 1.57e-03 1.31e-02  -4.1 2.05e-01    -  1.00e+00 2.50e-01h  3
 467  1.9800125e+03 1.34e-03 2.90e-02  -4.1 4.63e-01    -  1.00e+00 1.25e-01h  4
 468  1.9800133e+03 9.51e-04 4.21e-02  -4.1 2.99e-01    -  1.00e+00 8.81e-01H  1
 469  1.9800131e+03 1.12e-03 4.75e-02  -4.1 5.46e-01    -  1.00e+00 6.25e-02h  5
iter    objective    inf_pr   inf_du lg(mu)  ||d||  lg(rg) alpha_du alpha_pr  ls
 470  1.9800130e+03 1.00e-03 4.19e-02  -4.1 2.93e-01    -  1.00e+00 1.25e-01h  4
 471  1.9800128e+03 1.18e-03 3.27e-02  -4.1 5.01e-01    -  1.00e+00 6.25e-02h  5
 472  1.9800127e+03 1.19e-03 6.40e-02  -4.1 3.07e-01    -  1.00e+00 6.25e-02h  5
 473  1.9800125e+03 1.03e-03 2.88e-02  -4.1 1.70e-01    -  1.00e+00 5.00e-01h  2
 474  1.9800125e+03 7.29e-04 2.05e-02  -4.1 6.13e-02    -  1.00e+00 1.00e+00h  1
 475  1.9800124e+03 1.35e-03 3.45e-02  -4.0 5.93e-02    -  1.00e+00 1.00e+00h  1
 476  1.9800125e+03 8.32e-04 8.82e-03  -4.0 5.74e-02    -  1.00e+00 1.00e+00h  1
 477  1.9800126e+03 2.93e-04 2.16e-02  -4.0 4.83e-02    -  1.00e+00 1.00e+00h  1
 478  1.9800125e+03 3.93e-04 3.29e-02  -4.0 6.48e-02    -  1.00e+00 1.00e+00h  1
 479  1.9800124e+03 2.21e-04 5.71e-02  -4.0 6.14e-02    -  1.00e+00 5.00e-01h  2
iter    objective    inf_pr   inf_du lg(mu)  ||d||  lg(rg) alpha_du alpha_pr  ls
 480  1.9800124e+03 4.29e-05 7.94e-03  -4.0 2.17e-02    -  1.00e+00 1.00e+00h  1
 481  1.9800125e+03 2.47e-05 1.41e-02  -4.0 1.56e-02    -  1.00e+00 1.00e+00H  1
 482  1.9800125e+03 1.78e-05 1.08e-02  -4.0 1.43e-02    -  1.00e+00 1.00e+00h  1
 483  1.9800125e+03 7.74e-06 9.80e-03  -4.0 7.16e-03    -  1.00e+00 1.00e+00h  1
 484  1.9800125e+03 4.32e-06 4.40e-03  -4.0 3.18e-03    -  1.00e+00 1.00e+00h  1
 485  1.9800125e+03 4.92e-06 2.76e-03  -4.0 4.92e-03    -  1.00e+00 1.00e+00h  1
 486  1.9800124e+03 5.07e-04 6.61e-02  -4.0 5.05e-02    -  1.00e+00 1.00e+00h  1
 487  1.9800124e+03 2.01e-03 4.76e-01  -4.0 8.42e-01    -  1.00e+00 1.25e-01h  4
 488  1.9800124e+03 2.29e-03 3.03e-01  -4.1 1.42e+00    -  9.79e-01 6.25e-02h  5
 489  1.9800124e+03 1.96e-03 3.81e-01  -4.1 1.88e-01    -  1.00e+00 5.00e-01h  2
iter    objective    inf_pr   inf_du lg(mu)  ||d||  lg(rg) alpha_du alpha_pr  ls
 490  1.9800123e+03 2.26e-03 1.23e-01  -4.1 3.99e-01    -  1.00e+00 2.50e-01h  3
 491  1.9800123e+03 1.81e-03 5.29e-01  -4.0 2.08e-01    -  1.00e+00 2.50e-01h  3
 492  1.9800123e+03 2.42e-02 4.51e-01  -3.5 1.55e+00    -  1.00e+00 2.50e-01h  3
 493  1.9800122e+03 2.24e-02 1.96e-01  -3.6 2.41e+00    -  6.37e-01 6.16e-02h  4
 494  1.9800122e+03 2.07e-02 1.41e-01  -4.0 6.71e-01    -  1.00e+00 2.50e-01h  3
 495  1.9800121e+03 2.36e-02 2.63e-01  -4.0 3.18e+00    -  1.00e+00 6.25e-02h  5
 496  1.9800463e+03 2.99e-02 1.85e-01  -3.6 1.83e+00    -  1.00e+00 5.60e-01H  1
 497  1.9800142e+03 2.57e-02 1.52e-01  -3.7 8.06e-01    -  5.55e-02 1.00e+00h  1
 498  1.9800180e+03 2.98e-02 9.52e-02  -3.7 1.36e+00    -  6.96e-01 4.48e-01h  2
 499  1.9800129e+03 5.10e-02 4.89e-02  -3.7 4.26e-01    -  1.00e+00 1.00e+00h  1
iter    objective    inf_pr   inf_du lg(mu)  ||d||  lg(rg) alpha_du alpha_pr  ls
 500  1.9800126e+03 5.27e-02 4.44e-02  -3.7 1.84e+00    -  1.00e+00 2.50e-01h  3
 501  1.9800127e+03 7.28e-02 4.54e-02  -3.7 3.78e+00    -  4.73e-01 1.18e-01h  4
 502  1.9800126e+03 7.52e-02 2.96e-02  -3.7 4.33e+00    -  5.36e-01 4.96e-02h  5
 503  1.9800167e+03 5.42e-02 2.82e-02  -3.7 3.76e-01    -  1.00e+00 1.00e+00h  1
 504  1.9800119e+03 5.65e-02 7.21e-03  -3.7 4.85e-01    -  1.00e+00 1.00e+00h  1
 505  1.9800169e+03 4.12e-02 1.28e-02  -4.0 3.61e-01    -  8.11e-01 1.00e+00h  1
 506  1.9800141e+03 8.90e-03 8.63e-03  -4.0 4.68e-01    -  1.00e+00 8.11e-01h  1
 507  1.9800125e+03 2.74e-02 3.31e-02  -4.0 2.53e-01    -  1.00e+00 1.00e+00f  1
 508  1.9800121e+03 7.12e-03 2.09e-02  -4.0 1.11e-01    -  1.00e+00 1.00e+00h  1
 509  1.9800118e+03 6.13e-03 8.73e-03  -4.0 1.42e-01    -  1.00e+00 1.00e+00h  1
iter    objective    inf_pr   inf_du lg(mu)  ||d||  lg(rg) alpha_du alpha_pr  ls
 510  1.9800120e+03 3.50e-03 6.44e-03  -4.0 9.76e-02    -  1.00e+00 1.00e+00h  1
 511  1.9800126e+03 6.81e-04 1.79e-02  -4.0 2.29e-01    -  1.00e+00 7.12e-01H  1
 512  1.9800120e+03 1.37e-03 7.74e-03  -4.1 1.26e-01    -  1.00e+00 1.00e+00h  1
 513  1.9800119e+03 1.01e-03 5.93e-02  -4.0 1.27e-01    -  1.00e+00 5.01e-01h  1
 514  1.9800120e+03 9.90e-04 1.20e-02  -4.0 5.29e-02    -  1.00e+00 1.00e+00h  1
 515  1.9800120e+03 4.10e-04 1.37e-02  -4.0 6.18e-02    -  1.00e+00 1.00e+00h  1
 516  1.9800119e+03 5.58e-04 2.52e-02  -4.0 4.08e-02    -  1.00e+00 1.00e+00h  1
 517  1.9800120e+03 2.40e-04 8.39e-03  -4.0 3.22e-02    -  1.00e+00 1.00e+00h  1
 518  1.9800120e+03 6.84e-05 1.08e-01  -4.0 1.68e-02    -  1.00e+00 7.06e-01h  1
 519  1.9800120e+03 3.64e-04 1.21e-02  -4.0 4.71e-02    -  1.00e+00 1.00e+00h  1
iter    objective    inf_pr   inf_du lg(mu)  ||d||  lg(rg) alpha_du alpha_pr  ls
 520  1.9800120e+03 6.68e-04 2.30e-02  -4.1 9.19e-02    -  1.00e+00 5.00e-01h  2
 521  1.9800122e+03 3.57e-04 1.94e-02  -4.1 1.21e-01    -  1.00e+00 1.00e+00h  1
 522  1.9800120e+03 4.30e-04 5.93e-03  -4.1 7.56e-02    -  1.00e+00 1.00e+00h  1
 523  1.9800121e+03 4.13e-05 1.07e-02  -4.1 4.94e-02    -  1.00e+00 1.00e+00h  1
 524  1.9800120e+03 8.68e-05 1.27e-02  -4.1 3.81e-02    -  1.00e+00 1.00e+00h  1
 525  1.9800120e+03 4.31e-05 1.26e-02  -4.0 1.65e-02    -  1.00e+00 1.00e+00h  1
 526  1.9800120e+03 7.16e-06 5.07e-03  -4.0 1.07e-02    -  1.00e+00 1.00e+00h  1
 527  1.9800120e+03 3.02e-06 8.22e-03  -4.0 3.66e-03    -  1.00e+00 1.00e+00h  1
 528  1.9800120e+03 2.21e-06 5.60e-03  -4.0 3.83e-03    -  1.00e+00 1.00e+00h  1
 529  1.9800120e+03 1.03e-06 1.28e-03  -4.0 1.55e-03    -  1.00e+00 1.00e+00h  1
iter    objective    inf_pr   inf_du lg(mu)  ||d||  lg(rg) alpha_du alpha_pr  ls
 530  1.9800120e+03 8.77e-10 1.58e-03  -4.0 1.86e-03    -  1.00e+00 1.00e+00H  1
 531  1.9800120e+03 1.82e-04 2.05e-01  -4.0 1.14e-01    -  1.00e+00 2.50e-01h  3
 532  1.9800120e+03 1.06e-04 1.54e-01  -4.1 8.66e-02    -  1.00e+00 1.00e+00H  1
 533  1.9800120e+03 1.42e-04 5.11e-01  -4.1 2.57e-01    -  1.00e+00 6.25e-02h  5
 534  1.9800119e+03 1.13e-03 2.64e-02  -4.1 7.52e-02    -  1.00e+00 1.00e+00h  1
 535  1.9800119e+03 8.46e-04 6.80e-02  -4.1 1.28e-01    -  1.00e+00 2.50e-01h  3
 536  1.9800119e+03 1.49e-03 1.30e-02  -4.1 8.13e-02    -  1.00e+00 1.00e+00h  1
 537  1.9800119e+03 1.42e-03 3.79e-01  -4.1 5.73e-01    -  4.98e-01 6.25e-02h  5
 538  1.9800119e+03 6.78e-04 1.69e-02  -4.1 5.48e-02    -  1.00e+00 1.00e+00h  1
 539  1.9800119e+03 6.34e-04 3.47e-01  -4.1 4.58e-01    -  6.54e-01 6.25e-02h  5
iter    objective    inf_pr   inf_du lg(mu)  ||d||  lg(rg) alpha_du alpha_pr  ls
 540  1.9800119e+03 5.28e-04 2.24e-02  -4.0 6.64e-02    -  1.00e+00 1.00e+00h  1
 541  1.9800119e+03 1.48e-03 6.10e-01  -4.1 1.30e+00    -  1.00e+00 6.25e-02h  5
 542  1.9800119e+03 1.53e-03 2.67e-01  -4.0 8.16e-01    -  1.00e+00 3.12e-02h  6
 543  1.9800119e+03 7.04e-04 1.28e-02  -4.1 6.24e-02    -  1.00e+00 1.00e+00h  1
 544  1.9800118e+03 8.67e-04 3.27e-01  -3.8 3.40e-01    -  1.00e+00 1.25e-01h  4
 545  1.9800119e+03 7.07e-04 2.21e-02  -4.0 5.43e-02    -  1.00e+00 1.00e+00h  1
 546  1.9800118e+03 3.82e-03 1.76e-01  -4.1 3.68e-01    -  7.50e-01 5.00e-01h  2
 547  1.9800119e+03 3.50e-03 2.84e-02  -4.1 2.78e+00    -  4.83e-01 1.52e-02h  6
 548  1.9800119e+03 3.61e-03 2.11e-02  -4.1 1.14e-01    -  1.00e+00 1.00e+00h  1
 549  1.9800119e+03 2.29e-03 8.81e-02  -4.1 4.63e-01    -  1.00e+00 2.50e-01h  3
iter    objective    inf_pr   inf_du lg(mu)  ||d||  lg(rg) alpha_du alpha_pr  ls
 550  1.9800118e+03 3.48e-03 1.52e-02  -4.1 1.15e-01    -  1.00e+00 1.00e+00h  1
 551  1.9800120e+03 1.94e-03 3.88e-01  -4.0 2.40e-01    -  1.00e+00 3.62e-01H  1
 552  1.9800118e+03 1.07e-03 1.86e-02  -4.1 7.18e-02    -  1.00e+00 1.00e+00h  1
 553  1.9800119e+03 1.81e-03 6.05e-02  -3.8 9.01e-02    -  7.51e-01 1.00e+00h  1
 554  1.9800120e+03 2.71e-03 1.11e-01  -4.0 3.08e-01    -  1.00e+00 2.50e-01h  3
 555  1.9800117e+03 7.29e-03 7.65e-03  -4.0 9.69e-02    -  9.22e-01 1.00e+00h  1
 556  1.9800117e+03 4.47e-03 1.80e-02  -4.0 1.11e-01    -  1.00e+00 3.44e-01H  1
 557  1.9800121e+03 4.60e-03 7.98e-02  -4.0 1.79e-01    -  1.00e+00 5.00e-01h  2
 558  1.9800117e+03 2.54e-03 6.35e-03  -4.1 1.27e-01    -  1.00e+00 1.00e+00h  1
 559  1.9800117e+03 7.14e-04 3.96e-03  -4.0 3.74e-02    -  1.00e+00 1.00e+00h  1
iter    objective    inf_pr   inf_du lg(mu)  ||d||  lg(rg) alpha_du alpha_pr  ls
 560  1.9800117e+03 1.83e-04 6.36e-03  -4.0 1.81e-02    -  1.00e+00 1.00e+00h  1
 561  1.9800117e+03 1.84e-04 1.06e-02  -4.0 1.40e-02    -  1.00e+00 1.00e+00h  1
 562  1.9800117e+03 1.01e-04 3.51e-03  -4.0 1.07e-02    -  1.00e+00 1.00e+00h  1
 563  1.9800117e+03 3.64e-05 1.32e-02  -4.0 7.84e-03    -  1.00e+00 1.00e+00h  1
 564  1.9800117e+03 3.16e-05 1.04e-02  -4.0 7.00e-03    -  1.00e+00 1.00e+00h  1
 565  1.9800117e+03 1.36e-05 9.51e-03  -4.0 4.50e-03    -  1.00e+00 1.00e+00h  1
 566  1.9800117e+03 8.35e-06 7.17e-03  -4.0 2.85e-03    -  1.00e+00 1.00e+00h  1
 567  1.9800117e+03 3.31e-06 2.53e-03  -4.0 2.37e-03    -  1.00e+00 1.00e+00h  1
 568  1.9800117e+03 7.05e-07 1.60e-03  -4.0 1.24e-03    -  1.00e+00 1.00e+00h  1
 569  1.9800117e+03 6.32e-06 4.06e-03  -4.0 4.54e-03    -  1.00e+00 1.00e+00h  1
iter    objective    inf_pr   inf_du lg(mu)  ||d||  lg(rg) alpha_du alpha_pr  ls
 570  1.9800117e+03 1.16e-05 3.44e-03  -4.1 7.45e-03    -  1.00e+00 1.00e+00h  1
 571  1.9800117e+03 2.43e-06 1.30e-02  -4.1 3.40e-02    -  1.00e+00 1.00e+00H  1
 572  1.9800117e+03 3.77e-06 1.02e-02  -4.1 3.10e-02    -  1.00e+00 1.00e+00h  1
 573  1.9800117e+03 2.34e-05 8.79e-03  -4.0 5.81e-03    -  1.00e+00 1.00e+00h  1
 574  1.9800117e+03 1.91e-06 1.01e-03  -4.0 3.44e-03    -  1.00e+00 1.00e+00h  1
 575  1.9800117e+03 1.54e-08 3.09e-03  -4.0 4.68e-03    -  1.00e+00 1.00e+00H  1
 576  1.9800116e+03 3.05e-03 6.08e-01  -4.0 5.70e-01    -  1.00e+00 2.50e-01h  3
 577  1.9800117e+03 1.02e-03 6.93e-02  -4.0 7.98e-02    -  1.00e+00 1.00e+00h  1
 578  1.9800117e+03 1.46e-03 9.28e-02  -4.1 3.19e-01    -  1.00e+00 2.50e-01h  3
 579  1.9800120e+03 4.60e-04 9.42e-02  -4.1 1.57e-01    -  1.00e+00 1.00e+00H  1
iter    objective    inf_pr   inf_du lg(mu)  ||d||  lg(rg) alpha_du alpha_pr  ls
 580  1.9800117e+03 1.65e-03 7.60e-02  -4.1 1.76e-01    -  1.00e+00 5.00e-01h  2
 581  1.9800116e+03 2.83e-03 2.34e-01  -4.1 2.12e-01    -  1.00e+00 5.00e-01h  2
 582  1.9800116e+03 2.56e-03 3.16e-01  -4.0 4.32e-01    -  1.00e+00 1.25e-01h  4
 583  1.9800116e+03 1.70e-03 6.01e-02  -4.0 1.19e-01    -  1.00e+00 5.00e-01h  2
 584  1.9800116e+03 2.61e-04 7.07e-03  -4.0 3.60e-02    -  1.00e+00 1.00e+00h  1
 585  1.9800116e+03 3.04e-04 1.23e-02  -4.0 3.80e-02    -  1.00e+00 1.00e+00h  1
 586  1.9800116e+03 2.43e-04 2.10e-02  -4.0 6.70e-02    -  1.00e+00 5.00e-01h  2
 587  1.9800116e+03 4.72e-04 1.56e-02  -4.0 5.18e-02    -  1.00e+00 1.00e+00h  1
 588  1.9800116e+03 1.60e-04 1.33e-02  -4.1 5.14e-02    -  1.00e+00 1.00e+00h  1
 589  1.9800116e+03 9.91e-05 9.00e-03  -4.0 2.61e-02    -  1.00e+00 1.00e+00h  1
iter    objective    inf_pr   inf_du lg(mu)  ||d||  lg(rg) alpha_du alpha_pr  ls
 590  1.9800116e+03 3.91e-06 2.16e-02  -4.0 2.52e-02    -  1.00e+00 1.00e+00H  1
 591  1.9800116e+03 8.83e-06 5.94e-03  -4.0 1.12e-02    -  1.00e+00 1.00e+00h  1
 592  1.9800116e+03 1.33e-06 1.18e-02  -4.0 1.45e-02    -  1.00e+00 1.00e+00H  1
 593  1.9800116e+03 8.78e-05 1.54e-02  -4.0 2.26e-02    -  1.00e+00 1.00e+00h  1
 594  1.9800116e+03 4.05e-05 1.54e-02  -4.0 2.18e-02    -  1.00e+00 1.00e+00h  1
 595  1.9800116e+03 1.48e-04 1.11e-02  -4.1 2.56e-02    -  1.00e+00 1.00e+00h  1
 596  1.9800116e+03 6.53e-05 5.51e-02  -4.1 3.89e-02    -  1.00e+00 5.00e-01h  2
 597  1.9800116e+03 3.47e-05 3.79e-03  -4.0 1.89e-02    -  1.00e+00 1.00e+00h  1
 598  1.9800116e+03 9.57e-06 1.05e-02  -4.0 1.89e-02    -  1.00e+00 5.00e-01h  2
 599  1.9800116e+03 1.65e-05 1.04e-03  -4.0 9.17e-03    -  1.00e+00 1.00e+00h  1
iter    objective    inf_pr   inf_du lg(mu)  ||d||  lg(rg) alpha_du alpha_pr  ls
 600  1.9800116e+03 2.36e-06 2.86e-03  -4.0 3.88e-03    -  1.00e+00 1.00e+00h  1
 601  1.9800116e+03 8.19e-05 1.65e-02  -4.0 2.40e-02    -  1.00e+00 1.00e+00h  1
 602  1.9800116e+03 5.30e-04 5.17e-01  -4.0 4.78e-01    -  1.00e+00 1.25e-01h  4
 603  1.9800116e+03 8.42e-04 1.72e-01  -4.1 4.07e-01    -  1.00e+00 1.25e-01h  4
 604  1.9800116e+03 1.19e-03 8.58e-01  -3.8 8.48e-01    -  1.00e+00 6.25e-02h  5
 605  1.9800116e+03 2.30e-03 1.45e-01  -3.9 6.82e-01    -  1.00e+00 1.25e-01h  4
 606  1.9800116e+03 1.49e-03 2.49e-01  -3.9 1.61e-01    -  1.00e+00 2.50e-01h  3
 607  1.9800116e+03 1.21e-03 2.75e-01  -3.9 1.63e-01    -  1.00e+00 2.50e-01h  3
 608  1.9800117e+03 5.07e-04 1.50e-01  -3.9 1.87e-01    -  1.00e+00 9.00e-01H  1
 609  1.9800116e+03 3.75e-04 3.45e-01  -3.9 4.26e-01    -  1.00e+00 1.25e-01f  4
iter    objective    inf_pr   inf_du lg(mu)  ||d||  lg(rg) alpha_du alpha_pr  ls
 610  1.9800115e+03 9.96e-04 5.54e-01  -3.9 8.16e-01    -  1.00e+00 6.25e-02h  5
 611  1.9800115e+03 9.93e-04 6.83e-01  -4.0 3.32e-01    -  1.00e+00 2.50e-01h  3
 612  1.9800116e+03 2.16e-03 3.62e-01  -4.1 1.72e-01    -  1.00e+00 5.00e-01h  2
 613  1.9800116e+03 2.65e-03 1.14e-01  -4.1 2.56e-01    -  1.00e+00 2.50e-01h  3
 614  1.9800115e+03 2.97e-03 3.94e-01  -4.1 1.01e+00    -  8.58e-01 6.25e-02h  5
 615  1.9800115e+03 1.76e-03 6.07e-02  -4.1 1.44e-01    -  1.00e+00 5.00e-01h  2
 616  1.9800115e+03 1.12e-03 2.53e-02  -4.1 7.96e-02    -  1.00e+00 1.00e+00h  1
 617  1.9800115e+03 5.98e-04 9.79e-02  -4.0 1.13e-01    -  1.00e+00 5.00e-01h  2
 618  1.9800124e+03 7.26e-04 4.05e-02  -4.0 1.37e-01    -  1.00e+00 1.00e+00h  1
 619  1.9800115e+03 2.57e-04 1.40e-02  -4.1 1.23e-01    -  1.00e+00 1.00e+00h  1
iter    objective    inf_pr   inf_du lg(mu)  ||d||  lg(rg) alpha_du alpha_pr  ls
 620  1.9800115e+03 1.79e-04 9.90e-03  -4.0 2.18e-02    -  1.00e+00 1.00e+00h  1
 621  1.9800115e+03 5.28e-06 1.73e-03  -4.0 7.29e-03    -  1.00e+00 1.00e+00h  1
 622  1.9800115e+03 9.33e-05 3.09e-02  -4.0 1.17e-02    -  1.00e+00 1.00e+00h  1
 623  1.9800115e+03 3.09e-05 5.49e-03  -4.1 6.13e-03    -  1.00e+00 1.00e+00h  1
 624  1.9800115e+03 3.67e-06 3.11e-03  -4.1 2.30e-03    -  1.00e+00 1.00e+00h  1
 625  1.9800115e+03 1.70e-06 1.59e-03  -4.0 1.77e-03    -  1.00e+00 1.00e+00h  1
 626  1.9800115e+03 5.47e-07 2.36e-03  -4.0 1.77e-03    -  1.00e+00 1.00e+00h  1
 627  1.9800115e+03 2.46e-08 9.91e-02  -4.0 3.51e-02    -  1.00e+00 1.00e+00H  1
 628  1.9800115e+03 9.82e-05 3.13e-02  -4.0 6.41e-02    -  1.00e+00 1.00e+00h  1
 629  1.9800114e+03 5.98e-06 6.72e-03  -4.1 3.57e-02    -  1.00e+00 1.00e+00h  1
iter    objective    inf_pr   inf_du lg(mu)  ||d||  lg(rg) alpha_du alpha_pr  ls
 630  1.9800115e+03 1.30e-06 6.87e-03  -4.0 7.94e-03    -  1.00e+00 1.00e+00H  1
 631  1.9800115e+03 1.62e-05 3.96e-03  -4.0 8.72e-03    -  1.00e+00 1.00e+00h  1
 632  1.9800114e+03 1.13e-05 8.07e-03  -4.1 1.15e-02    -  1.00e+00 1.00e+00h  1
 633  1.9800115e+03 1.16e-05 8.53e-03  -4.0 1.13e-02    -  1.00e+00 1.00e+00h  1
 634  1.9800115e+03 2.22e-05 1.43e-02  -4.1 2.93e-02    -  1.00e+00 1.00e+00h  1
 635  1.9800114e+03 9.70e-06 4.06e-03  -4.1 2.12e-02    -  1.00e+00 1.00e+00h  1
 636  1.9800114e+03 5.35e-06 3.92e-03  -4.0 9.49e-03    -  1.00e+00 1.00e+00h  1
 637  1.9800114e+03 3.16e-06 2.76e-02  -4.0 1.31e-02    -  1.00e+00 1.00e+00H  1
 638  1.9800114e+03 8.23e-05 4.37e-02  -4.0 2.92e-02    -  1.00e+00 1.00e+00h  1
 639  1.9800115e+03 6.81e-04 2.66e-02  -4.1 7.59e-02    -  1.00e+00 1.00e+00h  1
iter    objective    inf_pr   inf_du lg(mu)  ||d||  lg(rg) alpha_du alpha_pr  ls
 640  1.9800114e+03 3.80e-04 6.25e-02  -4.1 7.76e-02    -  1.00e+00 5.00e-01h  2
 641  1.9800114e+03 2.70e-04 7.41e-02  -4.1 6.49e-02    -  1.00e+00 5.00e-01h  2
 642  1.9800116e+03 3.04e-04 5.44e-02  -4.0 7.57e-02    -  1.00e+00 9.76e-01H  1
 643  1.9800117e+03 1.04e-03 9.15e-02  -4.1 1.39e-01    -  1.00e+00 1.00e+00h  1
 644  1.9800114e+03 1.54e-03 2.46e-02  -4.1 9.28e-02    -  1.00e+00 1.00e+00h  1
 645  1.9800115e+03 1.24e-03 2.24e-02  -4.0 5.81e-02    -  1.00e+00 1.00e+00h  1
 646  1.9800114e+03 1.14e-03 2.23e-02  -4.1 7.57e-02    -  1.00e+00 1.00e+00h  1
 647  1.9800114e+03 1.15e-03 4.78e-02  -4.0 1.01e-01    -  1.00e+00 5.00e-01h  2
 648  1.9800114e+03 1.07e-03 3.82e-03  -4.0 1.13e-01    -  1.00e+00 2.50e-01h  3
 649  1.9800114e+03 2.15e-05 9.73e-03  -4.1 2.52e-02    -  1.00e+00 1.00e+00h  1
iter    objective    inf_pr   inf_du lg(mu)  ||d||  lg(rg) alpha_du alpha_pr  ls
 650  1.9800114e+03 1.07e-04 2.47e-02  -4.0 2.10e-02    -  1.00e+00 1.00e+00h  1
 651  1.9800114e+03 4.56e-05 2.63e-03  -4.0 1.48e-02    -  1.00e+00 1.00e+00h  1
 652  1.9800114e+03 1.55e-05 8.71e-03  -4.0 5.45e-03    -  1.00e+00 1.00e+00h  1
 653  1.9800114e+03 2.89e-06 2.14e-03  -4.0 2.23e-03    -  1.00e+00 1.00e+00h  1
 654  1.9800114e+03 1.47e-07 3.66e-04  -4.0 4.75e-04    -  1.00e+00 1.00e+00h  1
 655  1.9800114e+03 1.62e-09 1.40e-04  -4.0 9.06e-05    -  1.00e+00 1.00e+00h  1
 656  1.9800114e+03 8.15e-05 1.41e-02  -4.0 2.23e-02    -  1.00e+00 1.00e+00h  1
 657  1.9800114e+03 8.26e-05 1.43e-01  -4.1 1.58e-01    -  1.00e+00 1.25e-01h  4
 658  1.9800114e+03 3.36e-04 8.99e-01  -4.1 7.43e-01    -  7.52e-01 6.25e-02h  5
 659  1.9800114e+03 3.22e-04 1.52e-01  -4.1 3.14e-01    -  1.00e+00 3.12e-02h  6
iter    objective    inf_pr   inf_du lg(mu)  ||d||  lg(rg) alpha_du alpha_pr  ls
 660  1.9800114e+03 6.52e-04 4.05e-02  -4.0 4.30e-02    -  1.00e+00 1.00e+00h  1
 661  1.9800114e+03 7.10e-04 3.51e-01  -4.0 9.32e-02    -  1.00e+00 5.00e-01h  2
 662  1.9800114e+03 6.89e-04 1.96e-01  -4.1 1.13e-01    -  1.00e+00 2.50e-01h  3
 663  1.9800114e+03 9.47e-04 1.72e-01  -4.1 1.40e-01    -  1.00e+00 2.50e-01h  3
 664  1.9800114e+03 8.64e-04 4.03e-01  -4.0 4.99e-01    -  1.00e+00 1.25e-01h  4
 665  1.9800114e+03 6.97e-04 4.32e-02  -4.0 9.47e-02    -  1.00e+00 2.50e-01h  3
 666  1.9800113e+03 7.62e-04 1.75e-02  -4.0 6.07e-01    -  1.00e+00 6.25e-02h  5
 667  1.9800113e+03 9.27e-04 4.08e-02  -4.0 3.39e-01    -  1.00e+00 1.25e-01h  4
 668  1.9800113e+03 9.72e-04 3.09e-01  -4.0 8.51e-01    -  1.00e+00 6.25e-02h  5
 669  1.9800114e+03 8.75e-03 2.46e-01  -3.6 6.27e-01    -  1.00e+00 5.00e-01h  2
iter    objective    inf_pr   inf_du lg(mu)  ||d||  lg(rg) alpha_du alpha_pr  ls
 670  1.9800114e+03 8.54e-03 6.23e-02  -3.7 1.20e+00    -  1.00e+00 1.25e-01h  4
 671  1.9800113e+03 1.14e-02 2.29e-01  -3.7 4.28e+00    -  7.16e-01 6.25e-02h  5
 672  1.9800112e+03 1.34e-02 1.79e-01  -3.7 2.64e+01    -  3.40e-01 2.48e-02h  5
 673  1.9800111e+03 1.54e-02 2.06e-01  -3.2 1.89e+01    -  1.00e+00 3.56e-02h  4
 674  1.9800120e+03 1.07e-01 2.98e-01  -2.8 2.89e+01    -  1.00e+00 8.82e-02h  4
 675  1.9800180e+03 3.44e-01 2.50e-01  -2.8 2.16e+00    -  1.00e+00 5.00e-01h  2
 676  1.9800498e+03 3.31e-01 5.48e-01  -2.8 1.84e+00    -  1.00e+00 1.00e+00H  1
 677  1.9800351e+03 2.10e-01 1.33e-01  -2.8 1.02e+00    -  1.36e-01 1.00e+00h  1
 678  1.9800364e+03 1.78e-01 1.06e-01  -2.8 4.57e+00    -  5.82e-01 2.56e-01h  1
 679  1.9800151e+03 2.70e-02 4.76e-02  -2.8 1.38e+00    -  1.00e+00 1.00e+00h  1
iter    objective    inf_pr   inf_du lg(mu)  ||d||  lg(rg) alpha_du alpha_pr  ls
 680  1.9800134e+03 3.72e-02 3.97e-02  -2.8 8.77e-01    -  1.00e+00 5.00e-01h  2
 681  1.9800131e+03 8.55e-02 7.53e-02  -2.8 2.39e+00    -  9.06e-01 2.50e-01h  3
 682  1.9800121e+03 7.49e-02 7.88e-02  -2.8 1.47e+00    -  1.00e+00 1.25e-01h  4
 683  1.9800132e+03 2.52e-02 2.76e-02  -2.8 4.24e-01    -  1.00e+00 1.00e+00h  1
 684  1.9800118e+03 1.00e-02 3.68e-02  -2.8 5.53e-01    -  1.00e+00 8.11e-01H  1
 685  1.9800115e+03 3.49e-02 5.64e-02  -2.8 1.12e+00    -  1.00e+00 2.50e-01h  3
 686  1.9800138e+03 7.01e-02 7.79e-02  -2.8 3.28e-01    -  1.00e+00 1.00e+00h  1
 687  1.9800336e+03 2.78e-03 9.13e-02  -2.8 8.38e-01    -  8.88e-01 9.74e-01H  1
 688  1.9800161e+03 1.11e-02 4.23e-02  -2.8 6.22e-01    -  1.00e+00 5.00e-01h  2
 689  1.9800153e+03 7.44e-03 2.06e-01  -2.8 9.09e-01    -  1.00e+00 4.94e-01H  1
iter    objective    inf_pr   inf_du lg(mu)  ||d||  lg(rg) alpha_du alpha_pr  ls
 690  1.9800115e+03 2.67e-03 6.20e-02  -2.8 5.31e-01    -  1.00e+00 1.00e+00f  1
 691  1.9800103e+03 3.78e-03 3.16e-02  -2.8 1.30e-01    -  1.00e+00 1.00e+00h  1
 692  1.9800104e+03 8.97e-04 1.87e-02  -4.0 5.59e-02    -  1.00e+00 1.00e+00h  1
 693  1.9800103e+03 1.79e-04 8.10e-03  -4.0 5.15e-02    -  1.00e+00 1.00e+00h  1
 694  1.9800103e+03 1.76e-04 2.11e-02  -4.0 3.36e-02    -  1.00e+00 1.00e+00h  1
 695  1.9800103e+03 9.19e-05 1.63e-02  -4.0 1.47e-02    -  1.00e+00 1.00e+00h  1
 696  1.9800102e+03 4.69e-05 2.59e-02  -4.0 9.47e-03    -  1.00e+00 1.00e+00h  1
 697  1.9800103e+03 1.69e-04 2.87e-02  -4.0 1.86e-02    -  1.00e+00 1.00e+00h  1
 698  1.9800103e+03 8.79e-05 1.25e-02  -4.1 1.52e-02    -  1.00e+00 1.00e+00h  1
 699  1.9800102e+03 7.76e-05 1.31e-02  -4.1 1.98e-02    -  1.00e+00 1.00e+00h  1
iter    objective    inf_pr   inf_du lg(mu)  ||d||  lg(rg) alpha_du alpha_pr  ls
 700  1.9800102e+03 7.41e-05 7.92e-03  -4.1 2.47e-02    -  1.00e+00 1.00e+00h  1
 701  1.9800102e+03 7.01e-05 3.55e-01  -4.1 1.01e-01    -  1.00e+00 2.50e-01h  3
 702  1.9800102e+03 1.73e-04 1.44e-02  -4.1 2.90e-02    -  1.00e+00 1.00e+00h  1
 703  1.9800106e+03 1.10e-04 9.71e-02  -4.0 1.29e-01    -  1.00e+00 1.00e+00H  1
 704  1.9800102e+03 7.23e-04 4.85e-02  -4.1 1.16e-01    -  1.00e+00 1.00e+00h  1
 705  1.9800102e+03 5.06e-04 2.41e-02  -4.0 4.79e-02    -  1.00e+00 1.00e+00h  1
 706  1.9800102e+03 2.47e-04 3.49e-03  -4.0 2.94e-02    -  1.00e+00 1.00e+00h  1
 707  1.9800102e+03 2.58e-05 1.32e-02  -4.0 6.82e-03    -  1.00e+00 1.00e+00h  1
 708  1.9800102e+03 3.33e-05 6.97e-03  -4.0 8.69e-03    -  1.00e+00 1.00e+00h  1
 709  1.9800102e+03 1.19e-05 5.34e-03  -4.0 7.01e-03    -  1.00e+00 1.00e+00h  1
iter    objective    inf_pr   inf_du lg(mu)  ||d||  lg(rg) alpha_du alpha_pr  ls
 710  1.9800102e+03 2.87e-06 3.82e-03  -4.0 2.37e-03    -  1.00e+00 1.00e+00h  1
 711  1.9800102e+03 1.05e-06 1.66e-03  -4.0 1.18e-03    -  1.00e+00 1.00e+00h  1
 712  1.9800102e+03 4.27e-07 9.82e-04  -4.0 1.96e-03    -  1.00e+00 1.00e+00h  1
 713  1.9800102e+03 9.04e-05 1.52e-02  -4.0 2.42e-02    -  1.00e+00 1.00e+00h  1
 714  1.9800102e+03 3.68e-06 7.09e-02  -4.0 8.84e-02    -  1.00e+00 1.00e+00H  1
 715  1.9800103e+03 1.07e-06 1.25e-01  -4.1 1.08e-01    -  1.00e+00 1.00e+00H  1
 716  1.9800102e+03 8.39e-07 5.10e-02  -4.1 7.60e-02    -  1.00e+00 1.00e+00H  1
 717  1.9800102e+03 4.50e-05 2.15e-01  -4.0 6.09e-02    -  1.00e+00 5.00e-01h  2
 718  1.9800102e+03 6.27e-04 9.72e-03  -4.1 6.41e-02    -  1.00e+00 1.00e+00h  1
 719  1.9800102e+03 1.24e-03 5.24e-01  -4.0 2.95e-01    -  1.00e+00 2.50e-01h  3
iter    objective    inf_pr   inf_du lg(mu)  ||d||  lg(rg) alpha_du alpha_pr  ls
 720  1.9800101e+03 2.48e-03 2.05e-02  -4.1 1.31e-01    -  1.00e+00 1.00e+00h  1
 721  1.9800103e+03 2.16e-03 1.90e-02  -4.0 8.74e-02    -  1.00e+00 1.00e+00h  1
 722  1.9800102e+03 2.19e-03 2.16e-02  -4.1 2.45e-01    -  1.00e+00 5.00e-01h  2
 723  1.9800102e+03 1.86e-03 3.17e-02  -4.1 4.10e-01    -  1.00e+00 1.25e-01h  4
 724  1.9800102e+03 1.06e-03 1.22e-02  -4.1 8.75e-02    -  1.00e+00 1.00e+00h  1
 725  1.9800103e+03 5.66e-04 1.40e-02  -4.1 1.09e-01    -  1.00e+00 1.00e+00h  1
 726  1.9800101e+03 8.32e-04 2.36e-03  -4.1 8.87e-02    -  1.00e+00 1.00e+00h  1
 727  1.9800101e+03 5.70e-05 8.96e-03  -4.0 2.11e-02    -  1.00e+00 1.00e+00h  1
 728  1.9800101e+03 1.74e-04 2.39e-02  -4.0 3.59e-02    -  1.00e+00 1.00e+00h  1
 729  1.9800101e+03 1.14e-04 3.38e-03  -4.1 2.85e-02    -  1.00e+00 1.00e+00h  1
iter    objective    inf_pr   inf_du lg(mu)  ||d||  lg(rg) alpha_du alpha_pr  ls
 730  1.9800101e+03 4.31e-05 1.20e-02  -4.0 1.84e-02    -  1.00e+00 1.00e+00h  1
 731  1.9800101e+03 4.39e-05 2.49e-03  -4.1 1.79e-02    -  1.00e+00 1.00e+00h  1
 732  1.9800101e+03 6.14e-06 5.10e-03  -4.0 5.55e-03    -  1.00e+00 1.00e+00h  1
 733  1.9800101e+03 9.03e-06 3.90e-03  -4.0 5.11e-03    -  1.00e+00 1.00e+00h  1
 734  1.9800101e+03 3.41e-06 1.02e-02  -4.0 1.92e-02    -  1.00e+00 1.00e+00H  1
 735  1.9800101e+03 5.92e-05 1.85e-02  -4.0 2.41e-02    -  1.00e+00 1.00e+00h  1
 736  1.9800101e+03 1.85e-04 2.16e-01  -4.0 2.69e-01    -  1.00e+00 1.25e-01h  4
 737  1.9800106e+03 5.49e-05 4.51e-02  -4.0 1.13e-01    -  1.00e+00 1.00e+00H  1
 738  1.9800101e+03 1.99e-04 2.79e-02  -4.1 1.13e-01    -  1.00e+00 1.00e+00h  1
 739  1.9800101e+03 1.05e-04 1.24e-02  -4.0 3.31e-02    -  1.00e+00 1.00e+00h  1
iter    objective    inf_pr   inf_du lg(mu)  ||d||  lg(rg) alpha_du alpha_pr  ls
 740  1.9800101e+03 2.15e-03 2.86e-01  -4.0 1.83e-01    -  1.00e+00 5.00e-01h  2
 741  1.9800100e+03 2.38e-03 1.51e-02  -4.1 1.39e-01    -  1.00e+00 1.00e+00h  1
 742  1.9800101e+03 1.01e-03 6.80e-02  -4.0 1.34e-01    -  8.50e-01 5.00e-01h  2
 743  1.9800101e+03 5.68e-04 2.49e-02  -4.1 2.34e-01    -  1.00e+00 2.97e-01H  1
 744  1.9800100e+03 3.31e-03 9.40e-02  -4.1 1.45e-01    -  1.00e+00 1.00e+00f  1
 745  1.9800105e+03 1.52e-03 5.96e-02  -4.1 1.40e-01    -  1.00e+00 1.00e+00h  1
 746  1.9800100e+03 9.59e-04 1.76e-02  -4.1 1.35e-01    -  1.00e+00 1.00e+00h  1
 747  1.9800100e+03 9.95e-04 5.54e-02  -4.1 1.24e-01    -  7.21e-01 5.00e-01h  2
 748  1.9800101e+03 6.13e-04 5.44e-02  -4.0 3.31e-01    -  1.00e+00 2.50e-01h  3
 749  1.9800099e+03 3.78e-04 2.42e-03  -4.1 6.88e-02    -  1.00e+00 1.00e+00h  1
iter    objective    inf_pr   inf_du lg(mu)  ||d||  lg(rg) alpha_du alpha_pr  ls
 750  1.9800099e+03 8.19e-06 1.06e-03  -4.0 1.19e-02    -  1.00e+00 1.00e+00h  1
 751  1.9800100e+03 1.03e-04 7.63e-02  -4.0 1.18e-01    -  1.00e+00 2.50e-01h  3
 752  1.9800099e+03 2.51e-04 1.02e-02  -4.1 7.10e-02    -  1.00e+00 1.00e+00h  1
 753  1.9800099e+03 1.06e-03 1.92e-01  -3.7 8.95e-01    -  8.10e-01 1.25e-01h  4
 754  1.9800101e+03 1.22e-03 1.32e-01  -3.9 3.40e-01    -  1.00e+00 1.07e-01H  1
 755  1.9800099e+03 4.48e-04 6.87e-03  -3.9 1.11e-01    -  1.00e+00 1.00e+00f  1
 756  1.9800099e+03 7.45e-05 2.17e-02  -4.0 7.72e-02    -  1.00e+00 1.00e+00H  1
 757  1.9800100e+03 4.97e-04 5.69e-02  -4.0 1.71e-01    -  1.00e+00 5.00e-01h  2
 758  1.9800099e+03 1.68e-04 1.37e-02  -4.1 6.62e-02    -  1.00e+00 1.00e+00h  1
 759  1.9800099e+03 9.24e-05 8.67e-03  -4.0 6.93e-02    -  1.00e+00 1.00e+00h  1
iter    objective    inf_pr   inf_du lg(mu)  ||d||  lg(rg) alpha_du alpha_pr  ls
 760  1.9800099e+03 2.76e-05 7.12e-03  -4.0 1.97e-02    -  1.00e+00 1.00e+00h  1
 761  1.9800099e+03 4.84e-05 2.17e-02  -4.0 5.64e-02    -  1.00e+00 1.00e+00h  1
 762  1.9800099e+03 2.20e-05 4.11e-03  -4.0 4.96e-02    -  1.00e+00 1.00e+00h  1
 763  1.9800098e+03 1.63e-05 1.41e-02  -4.0 4.97e-03    -  1.00e+00 1.00e+00h  1
 764  1.9800099e+03 5.51e-06 1.33e-03  -4.0 6.74e-03    -  1.00e+00 1.00e+00h  1
 765  1.9800099e+03 9.89e-08 1.05e-03  -4.0 8.64e-04    -  1.00e+00 1.00e+00h  1
 766  1.9800099e+03 1.72e-05 9.06e-03  -4.0 8.85e-03    -  1.00e+00 1.00e+00h  1
 767  1.9800099e+03 2.90e-05 2.17e-01  -4.1 4.85e-02    -  1.00e+00 2.50e-01h  3
 768  1.9800099e+03 1.98e-06 3.89e-03  -4.1 9.44e-03    -  1.00e+00 1.00e+00h  1
 769  1.9800099e+03 1.31e-06 3.90e-03  -4.0 3.53e-03    -  1.00e+00 1.00e+00h  1
iter    objective    inf_pr   inf_du lg(mu)  ||d||  lg(rg) alpha_du alpha_pr  ls
 770  1.9800099e+03 6.82e-07 8.91e-04  -4.1 4.30e-03    -  1.00e+00 1.00e+00h  1
 771  1.9800099e+03 1.34e-06 1.77e-03  -4.0 2.86e-03    -  1.00e+00 1.00e+00h  1
 772  1.9800099e+03 5.66e-04 1.91e-01  -4.0 1.98e-01    -  1.00e+00 2.50e-01h  3
 773  1.9800098e+03 5.58e-05 1.04e-02  -4.1 1.66e-02    -  1.00e+00 1.00e+00h  1
 774  1.9800098e+03 3.05e-04 2.58e-02  -4.0 2.59e-02    -  1.00e+00 1.00e+00h  1
 775  1.9800098e+03 8.13e-05 1.00e-02  -4.0 2.73e-02    -  1.00e+00 1.00e+00h  1
 776  1.9800098e+03 7.81e-04 6.92e-01  -4.0 2.63e+00    -  1.00e+00 3.12e-02h  6
 777  1.9800098e+03 5.06e-03 1.47e-01  -4.0 6.39e+00    -  1.00e+00 3.12e-02h  6
 778  1.9800098e+03 4.98e-03 6.71e-01  -4.0 1.13e+00    -  1.00e+00 6.25e-02h  5
 779  1.9800108e+03 3.29e-03 2.61e-01  -4.1 2.91e-01    -  1.00e+00 5.31e-01H  1
iter    objective    inf_pr   inf_du lg(mu)  ||d||  lg(rg) alpha_du alpha_pr  ls
 780  1.9800102e+03 3.19e-03 2.80e-01  -4.1 4.98e-01    -  1.00e+00 2.50e-01f  3
 781  1.9800101e+03 2.26e-03 5.49e-02  -4.1 2.48e-01    -  1.00e+00 1.00e+00H  1
 782  1.9800100e+03 3.53e-03 1.53e-01  -4.1 3.92e+00    -  5.86e-01 3.12e-02h  6
 783  1.9800100e+03 4.12e-03 4.14e-02  -4.1 1.45e+01    -  1.38e-01 4.98e-03h  6
 784  1.9800101e+03 4.57e-03 3.41e-02  -4.1 4.49e-01    -  1.00e+00 2.50e-01h  3
 785  1.9800100e+03 5.23e-03 3.84e-02  -4.1 2.28e-01    -  1.00e+00 5.00e-01h  2
 786  1.9800099e+03 6.28e-03 1.54e-02  -4.1 2.48e-01    -  1.00e+00 1.00e+00h  1
 787  1.9800098e+03 5.49e-03 7.59e-02  -4.1 4.20e-01    -  6.79e-01 2.50e-01h  3
 788  1.9800098e+03 6.06e-03 1.66e-02  -4.1 1.37e+00    -  1.00e+00 6.25e-02h  5
 789  1.9800098e+03 5.58e-03 4.58e-02  -4.1 3.51e-01    -  1.00e+00 2.50e-01h  3
iter    objective    inf_pr   inf_du lg(mu)  ||d||  lg(rg) alpha_du alpha_pr  ls
 790  1.9800097e+03 4.70e-03 3.36e-02  -4.1 2.46e-01    -  1.00e+00 5.00e-01h  2
 791  1.9800099e+03 5.19e-03 5.95e-02  -4.0 1.88e-01    -  1.00e+00 5.00e-01h  2
 792  1.9800097e+03 2.40e-03 5.49e-03  -4.1 1.33e-01    -  1.00e+00 1.00e+00h  1
 793  1.9800097e+03 2.33e-03 1.47e-02  -4.0 3.89e-01    -  1.00e+00 1.25e-01h  4
 794  1.9800097e+03 2.20e-03 5.92e-02  -4.0 3.73e-01    -  1.00e+00 1.25e-01h  4
 795  1.9800098e+03 1.37e-03 4.16e-02  -4.0 1.77e-01    -  1.00e+00 5.00e-01h  2
 796  1.9800097e+03 1.62e-03 1.06e-02  -4.0 9.94e-02    -  1.00e+00 5.00e-01h  2
 797  1.9800098e+03 1.34e-03 2.41e-01  -4.0 1.70e-01    -  1.00e+00 3.51e-01H  1
 798  1.9800099e+03 8.79e-03 4.46e-02  -4.0 1.81e-01    -  1.00e+00 1.00e+00h  1
 799  1.9800108e+03 3.63e-03 3.79e-02  -4.1 2.51e-01    -  1.00e+00 1.00e+00h  1
iter    objective    inf_pr   inf_du lg(mu)  ||d||  lg(rg) alpha_du alpha_pr  ls
 800  1.9800097e+03 7.42e-03 7.61e-03  -4.1 2.10e-01    -  1.00e+00 1.00e+00h  1
 801  1.9800097e+03 1.60e-03 1.56e-02  -4.1 7.94e-02    -  1.00e+00 1.00e+00h  1
 802  1.9800097e+03 7.25e-04 1.02e-03  -4.0 7.96e-02    -  1.00e+00 1.00e+00h  1
 803  1.9800098e+03 1.16e-04 6.00e-03  -4.0 3.63e-02    -  1.00e+00 1.00e+00h  1
 804  1.9800097e+03 4.54e-04 1.30e-02  -4.0 3.98e-02    -  1.00e+00 1.00e+00h  1
 805  1.9800097e+03 2.18e-04 9.75e-03  -4.0 3.50e-02    -  1.00e+00 1.00e+00h  1
 806  1.9800097e+03 8.11e-05 1.62e-02  -4.0 2.51e-02    -  1.00e+00 1.00e+00h  1
 807  1.9800097e+03 6.31e-05 8.62e-03  -4.0 1.71e-02    -  1.00e+00 1.00e+00h  1
 808  1.9800097e+03 1.21e-05 3.27e-03  -4.1 9.14e-03    -  1.00e+00 1.00e+00h  1
 809  1.9800097e+03 1.34e-06 8.83e-03  -4.0 1.07e-02    -  1.00e+00 1.00e+00H  1
iter    objective    inf_pr   inf_du lg(mu)  ||d||  lg(rg) alpha_du alpha_pr  ls
 810  1.9800097e+03 1.05e-05 7.48e-03  -4.0 8.64e-03    -  1.00e+00 1.00e+00h  1
 811  1.9800097e+03 2.05e-07 7.23e-03  -4.1 7.39e-03    -  1.00e+00 1.00e+00H  1
 812  1.9800097e+03 5.81e-06 3.68e-02  -4.0 2.94e-02    -  1.00e+00 2.50e-01h  3
 813  1.9800097e+03 1.63e-06 3.76e-03  -4.1 5.64e-03    -  1.00e+00 1.00e+00h  1
 814  1.9800097e+03 7.89e-07 2.28e-03  -4.1 1.77e-03    -  1.00e+00 1.00e+00h  1
 815  1.9800098e+03 8.13e-07 9.95e-02  -4.0 5.97e-02    -  1.00e+00 1.00e+00H  1
 816  1.9800098e+03 4.88e-04 9.57e-02  -4.1 8.20e-02    -  1.00e+00 1.00e+00h  1
 817  1.9800098e+03 4.75e-04 2.37e-02  -4.1 7.89e-02    -  1.00e+00 1.00e+00h  1
 818  1.9800097e+03 2.32e-03 2.55e-02  -4.1 9.33e-02    -  1.00e+00 1.00e+00h  1
 819  1.9800097e+03 2.31e-03 1.06e-01  -4.1 1.99e-01    -  1.00e+00 2.50e-01h  3
iter    objective    inf_pr   inf_du lg(mu)  ||d||  lg(rg) alpha_du alpha_pr  ls
 820  1.9800097e+03 1.84e-03 5.15e-02  -4.1 4.71e-01    -  1.00e+00 1.25e-01h  4
 821  1.9800098e+03 1.76e-03 2.15e-02  -4.1 8.58e-02    -  1.00e+00 1.00e+00h  1
 822  1.9800097e+03 1.20e-03 1.21e-02  -4.1 6.95e-02    -  1.00e+00 1.00e+00h  1
 823  1.9800097e+03 2.44e-03 5.51e-02  -4.1 1.82e-01    -  1.00e+00 5.00e-01h  2
 824  1.9800097e+03 2.14e-03 6.56e-02  -4.1 3.21e-01    -  1.00e+00 1.25e-01h  4
 825  1.9800097e+03 1.55e-03 9.33e-03  -4.1 7.83e-02    -  1.00e+00 1.00e+00h  1
 826  1.9800097e+03 1.85e-03 2.26e-02  -4.0 2.11e-01    -  1.00e+00 2.50e-01h  3
 827  1.9800097e+03 3.67e-04 9.32e-03  -4.1 3.75e-02    -  1.00e+00 1.00e+00h  1
 828  1.9800097e+03 4.09e-03 9.05e-02  -4.0 2.48e-01    -  1.00e+00 5.00e-01h  2
 829  1.9800105e+03 1.49e-03 6.04e-02  -4.1 1.51e-01    -  1.00e+00 1.00e+00h  1
iter    objective    inf_pr   inf_du lg(mu)  ||d||  lg(rg) alpha_du alpha_pr  ls
 830  1.9800097e+03 7.28e-03 1.60e-02  -4.1 1.66e-01    -  1.00e+00 1.00e+00h  1
 831  1.9800097e+03 5.71e-03 1.10e-01  -4.1 3.78e-01    -  5.16e-01 2.50e-01h  3
 832  1.9800097e+03 1.50e-04 7.79e-03  -4.1 4.92e-02    -  1.00e+00 1.00e+00h  1
 833  1.9800096e+03 8.74e-05 1.26e-02  -4.0 1.59e-02    -  1.00e+00 1.00e+00h  1
 834  1.9800096e+03 2.48e-05 9.61e-03  -4.0 6.65e-03    -  1.00e+00 1.00e+00h  1
 835  1.9800097e+03 1.86e-05 2.08e-02  -4.0 6.96e-03    -  1.00e+00 1.00e+00h  1
 836  1.9800096e+03 1.11e-05 2.04e-03  -4.0 5.14e-03    -  1.00e+00 1.00e+00h  1
 837  1.9800096e+03 1.86e-07 6.45e-04  -4.0 8.89e-04    -  1.00e+00 1.00e+00h  1
 838  1.9800096e+03 2.93e-06 3.55e-03  -4.0 3.34e-03    -  1.00e+00 1.00e+00h  1
 839  1.9800096e+03 1.41e-06 1.01e-02  -4.0 1.40e-02    -  1.00e+00 1.00e+00H  1
iter    objective    inf_pr   inf_du lg(mu)  ||d||  lg(rg) alpha_du alpha_pr  ls
 840  1.9800096e+03 1.37e-07 1.83e-02  -4.1 2.22e-02    -  1.00e+00 1.00e+00H  1
 841  1.9800096e+03 3.42e-05 4.66e-03  -4.0 2.12e-02    -  1.00e+00 1.00e+00h  1
 842  1.9800097e+03 2.88e-05 5.79e-02  -4.0 3.32e-02    -  1.00e+00 1.00e+00H  1
 843  1.9800097e+03 1.49e-04 2.09e-02  -4.1 6.59e-02    -  1.00e+00 1.00e+00H  1
 844  1.9800097e+03 6.61e-04 1.71e-01  -4.1 7.29e-02    -  8.58e-01 1.00e+00h  1
 845  1.9800097e+03 6.01e-03 1.29e-01  -4.1 1.21e-01    -  1.00e+00 1.00e+00h  1
 846  1.9800096e+03 1.88e-03 2.64e-02  -4.1 7.65e-02    -  1.00e+00 1.00e+00h  1
 847  1.9800101e+03 1.17e-03 1.87e-02  -4.0 1.17e-01    -  1.00e+00 1.00e+00h  1
 848  1.9800096e+03 3.16e-04 3.23e-03  -4.1 9.42e-02    -  1.00e+00 1.00e+00h  1
 849  1.9800096e+03 3.56e-05 4.29e-03  -4.0 2.87e-02    -  1.00e+00 1.00e+00H  1
iter    objective    inf_pr   inf_du lg(mu)  ||d||  lg(rg) alpha_du alpha_pr  ls
 850  1.9800097e+03 2.97e-03 6.44e-02  -4.0 8.60e-02    -  1.00e+00 1.00e+00h  1
 851  1.9800097e+03 1.40e-03 1.70e-02  -4.1 5.94e-02    -  1.00e+00 1.00e+00h  1
 852  1.9800097e+03 1.03e-03 1.25e-01  -4.1 9.42e-02    -  1.00e+00 5.00e-01h  2
 853  1.9800096e+03 1.91e-04 1.29e-02  -4.1 4.02e-02    -  1.00e+00 1.00e+00h  1
 854  1.9800096e+03 5.32e-04 9.08e-03  -4.1 4.13e-02    -  1.00e+00 1.00e+00h  1
 855  1.9800096e+03 3.90e-04 5.23e-02  -4.1 1.49e-01    -  1.00e+00 2.50e-01h  3
 856  1.9800096e+03 6.53e-05 5.45e-03  -4.1 2.15e-02    -  1.00e+00 1.00e+00h  1
 857  1.9800096e+03 1.62e-04 2.93e-02  -4.0 3.12e-02    -  1.00e+00 1.00e+00h  1
 858  1.9800096e+03 3.85e-04 8.29e-03  -4.1 3.72e-02    -  1.00e+00 1.00e+00h  1
 859  1.9800096e+03 2.61e-04 3.13e-01  -4.1 1.21e-01    -  1.00e+00 2.50e-01h  3
iter    objective    inf_pr   inf_du lg(mu)  ||d||  lg(rg) alpha_du alpha_pr  ls
 860  1.9800096e+03 4.53e-05 1.96e-03  -4.1 2.38e-02    -  1.00e+00 1.00e+00h  1
 861  1.9800097e+03 4.99e-05 2.97e-02  -4.0 2.98e-02    -  1.00e+00 1.00e+00h  1
 862  1.9800096e+03 2.11e-05 6.85e-03  -4.1 2.65e-02    -  1.00e+00 1.00e+00h  1
 863  1.9800096e+03 7.79e-06 4.19e-03  -4.0 4.16e-03    -  1.00e+00 1.00e+00h  1
 864  1.9800096e+03 3.86e-06 1.28e-03  -4.0 2.82e-03    -  1.00e+00 1.00e+00h  1
 865  1.9800096e+03 4.74e-08 4.02e-04  -4.0 8.51e-04    -  1.00e+00 1.00e+00h  1
 866  1.9800096e+03 1.10e-06 1.76e-03  -4.0 1.90e-03    -  1.00e+00 1.00e+00h  1
 867  1.9800096e+03 3.87e-04 5.54e-02  -4.0 3.92e-02    -  1.00e+00 1.00e+00h  1
 868  1.9800096e+03 1.04e-04 1.41e-02  -4.1 1.73e-02    -  1.00e+00 1.00e+00h  1
 869  1.9800096e+03 9.75e-05 6.84e-03  -4.1 3.00e-02    -  1.00e+00 1.00e+00h  1
iter    objective    inf_pr   inf_du lg(mu)  ||d||  lg(rg) alpha_du alpha_pr  ls
 870  1.9800096e+03 4.10e-06 2.03e-03  -4.1 2.27e-02    -  1.00e+00 1.00e+00h  1
 871  1.9800096e+03 9.98e-07 2.58e-02  -4.0 2.96e-02    -  1.00e+00 1.00e+00H  1
 872  1.9800096e+03 1.70e-04 5.92e-01  -4.1 1.93e-01    -  1.00e+00 1.25e-01h  4
 873  1.9800096e+03 1.14e-04 1.26e-02  -4.1 2.08e-02    -  1.00e+00 1.00e+00h  1
 874  1.9800096e+03 5.50e-04 1.14e-01  -4.0 9.90e-02    -  1.00e+00 5.00e-01h  2
 875  1.9800096e+03 2.26e-04 7.96e-02  -4.1 6.40e-02    -  1.00e+00 5.00e-01h  2
 876  1.9800096e+03 1.58e-03 1.86e-02  -4.1 8.20e-02    -  1.00e+00 1.00e+00h  1
 877  1.9800096e+03 1.41e-03 2.36e-01  -4.1 2.51e-01    -  1.00e+00 1.25e-01h  4
 878  1.9800096e+03 2.11e-04 1.44e-02  -4.1 5.60e-02    -  1.00e+00 1.00e+00h  1
 879  1.9800096e+03 1.73e-03 8.82e-03  -4.0 6.62e-02    -  1.00e+00 1.00e+00h  1
iter    objective    inf_pr   inf_du lg(mu)  ||d||  lg(rg) alpha_du alpha_pr  ls
 880  1.9800096e+03 2.25e-03 1.28e-02  -4.1 1.53e-01    -  1.00e+00 5.00e-01h  2
 881  1.9800095e+03 2.61e-03 6.09e-03  -4.1 6.09e-01    -  1.00e+00 2.50e-01h  3
 882  1.9800095e+03 9.17e-03 1.50e-02  -3.6 1.76e+01    -  6.44e-01 1.84e-02h  5
 883  1.9800102e+03 7.79e-03 2.68e-02  -4.0 1.18e+00    -  9.94e-01 1.19e-01h  4
 884  1.9800105e+03 1.61e-02 1.76e-02  -4.1 2.88e-01    -  1.00e+00 1.00e+00h  1
 885  1.9800101e+03 1.22e-02 5.15e-02  -4.1 6.87e-01    -  1.00e+00 2.50e-01h  3
 886  1.9800101e+03 1.44e-02 2.49e-02  -4.1 1.48e+00    -  1.00e+00 1.03e-01h  4
 887  1.9800098e+03 1.82e-02 2.54e-02  -4.1 1.28e+00    -  9.79e-01 2.50e-01h  3
 888  1.9800098e+03 2.32e-02 3.58e-02  -4.1 4.33e+00    -  5.26e-01 1.25e-01h  4
 889  1.9800098e+03 2.35e-02 3.30e-02  -4.1 1.02e+01    -  1.27e-01 2.05e-02h  4
iter    objective    inf_pr   inf_du lg(mu)  ||d||  lg(rg) alpha_du alpha_pr  ls
 890  1.9800097e+03 1.66e-02 1.51e-02  -4.1 6.51e-01    -  1.00e+00 3.81e-01h  2
 891  1.9800094e+03 1.60e-02 9.32e-03  -4.1 1.56e+00    -  1.00e+00 1.25e-01h  4
 892  1.9800092e+03 1.49e-02 1.12e-02  -3.4 1.08e+01    -  6.23e-01 2.93e-02h  4
 893  1.9800092e+03 1.76e-02 2.12e-02  -3.6 3.24e+00    -  6.26e-01 5.74e-02h  5
 894  1.9800102e+03 1.45e-02 1.46e-02  -3.6 1.32e+00    -  7.93e-01 2.50e-01h  3
 895  1.9800101e+03 1.95e-02 1.22e-02  -3.7 8.57e-01    -  1.00e+00 2.50e-01h  3
 896  1.9800110e+03 2.90e-02 1.75e-02  -3.7 1.91e+00    -  1.00e+00 2.75e-01H  1
 897  1.9800108e+03 5.04e-02 2.33e-02  -3.7 7.09e-01    -  1.00e+00 5.00e-01h  2
 898  1.9800117e+03 3.78e-02 2.48e-02  -3.7 4.15e-01    -  1.00e+00 1.00e+00H  1
 899  1.9800207e+03 2.81e-02 2.02e-02  -3.7 6.34e-01    -  1.00e+00 1.00e+00h  1
iter    objective    inf_pr   inf_du lg(mu)  ||d||  lg(rg) alpha_du alpha_pr  ls
 900  1.9800093e+03 5.66e-02 6.08e-03  -3.7 5.11e-01    -  8.99e-01 1.00e+00h  1
 901  1.9800099e+03 1.92e-02 8.12e-03  -4.0 2.30e-01    -  1.00e+00 1.00e+00h  1
 902  1.9800096e+03 5.41e-03 5.75e-03  -4.1 3.08e-01    -  1.00e+00 1.00e+00h  1
 903  1.9800091e+03 4.62e-03 5.54e-03  -4.0 1.20e-01    -  1.00e+00 1.00e+00h  1
 904  1.9800103e+03 3.49e-03 1.87e-02  -4.0 1.51e-01    -  1.00e+00 1.00e+00H  1
 905  1.9800097e+03 4.50e-03 1.31e-02  -4.1 2.45e-01    -  1.00e+00 1.00e+00h  1
 906  1.9800095e+03 4.71e-03 2.21e-02  -4.1 3.98e-01    -  8.80e-01 5.00e-01h  2
 907  1.9800089e+03 3.72e-03 1.06e-02  -4.1 1.44e-01    -  1.00e+00 7.79e-01h  1
 908  1.9800090e+03 1.31e-03 4.65e-03  -4.0 5.33e-02    -  1.00e+00 1.00e+00f  1
 909  1.9800091e+03 1.12e-04 1.69e-03  -4.0 1.40e-02    -  1.00e+00 9.73e-01h  1
iter    objective    inf_pr   inf_du lg(mu)  ||d||  lg(rg) alpha_du alpha_pr  ls
 910  1.9800093e+03 1.45e-03 4.57e-02  -4.0 5.88e-02    -  1.00e+00 1.00e+00h  1
 911  1.9800091e+03 3.63e-04 1.24e-02  -4.1 5.53e-02    -  1.00e+00 1.00e+00h  1
 912  1.9800091e+03 1.68e-04 6.91e-03  -4.1 2.26e-02    -  1.00e+00 1.00e+00h  1
 913  1.9800091e+03 1.07e-04 1.15e-02  -4.1 1.92e-02    -  1.00e+00 1.00e+00h  1
 914  1.9800091e+03 1.00e-04 2.19e-02  -4.0 1.31e-02    -  1.00e+00 1.00e+00h  1
 915  1.9800091e+03 3.96e-05 1.24e-02  -4.0 8.51e-03    -  1.00e+00 1.00e+00h  1
 916  1.9800091e+03 2.62e-05 1.90e-02  -4.0 1.09e-02    -  1.00e+00 1.00e+00H  1
 917  1.9800091e+03 2.44e-05 1.47e-02  -4.0 5.51e-03    -  1.00e+00 1.00e+00h  1
 918  1.9800091e+03 2.27e-05 1.04e-02  -4.0 9.45e-03    -  1.00e+00 1.00e+00h  1
 919  1.9800091e+03 2.02e-06 9.79e-03  -4.0 7.61e-03    -  1.00e+00 1.00e+00H  1
iter    objective    inf_pr   inf_du lg(mu)  ||d||  lg(rg) alpha_du alpha_pr  ls
 920  1.9800091e+03 4.91e-05 5.28e-03  -4.0 1.51e-02    -  1.00e+00 1.00e+00h  1
 921  1.9800092e+03 4.38e-05 2.81e-02  -4.1 4.58e-02    -  1.00e+00 1.00e+00H  1
 922  1.9800091e+03 4.74e-05 2.61e-02  -4.1 4.33e-02    -  1.00e+00 1.00e+00h  1
 923  1.9800091e+03 7.19e-06 3.62e-03  -4.1 5.42e-03    -  1.00e+00 1.00e+00h  1
 924  1.9800091e+03 2.31e-04 2.69e-02  -4.0 3.50e-02    -  1.00e+00 1.00e+00h  1
 925  1.9800091e+03 8.90e-04 2.73e-01  -4.1 2.26e-01    -  1.00e+00 2.50e-01h  3
 926  1.9800091e+03 1.29e-04 4.76e-02  -4.1 3.73e-02    -  1.00e+00 1.00e+00h  1
 927  1.9800091e+03 3.01e-05 1.12e-01  -4.1 8.22e-02    -  1.00e+00 1.00e+00H  1
 928  1.9800091e+03 6.07e-05 4.53e-02  -4.1 1.08e-01    -  1.00e+00 1.00e+00H  1
 929  1.9800091e+03 3.38e-04 3.05e-01  -4.0 3.06e-01    -  1.00e+00 1.25e-01h  4
iter    objective    inf_pr   inf_du lg(mu)  ||d||  lg(rg) alpha_du alpha_pr  ls
 930  1.9800091e+03 3.44e-04 6.19e-02  -4.1 9.94e-02    -  1.00e+00 5.00e-01h  2
 931  1.9800090e+03 7.75e-04 2.54e-02  -4.1 6.36e-02    -  1.00e+00 1.00e+00h  1
 932  1.9800090e+03 1.01e-03 3.28e-02  -4.1 1.83e-01    -  1.00e+00 2.50e-01h  3
 933  1.9800090e+03 5.20e-04 8.21e-02  -4.1 5.46e-02    -  1.00e+00 5.00e-01h  2
 934  1.9800091e+03 9.11e-04 3.77e-02  -4.0 6.51e-02    -  1.00e+00 1.00e+00h  1
 935  1.9800091e+03 3.93e-04 2.04e-02  -4.1 6.04e-02    -  1.00e+00 1.00e+00h  1
 936  1.9800090e+03 5.26e-04 9.61e-03  -4.1 5.09e-02    -  1.00e+00 1.00e+00h  1
 937  1.9800092e+03 3.11e-04 4.18e-02  -4.0 9.41e-02    -  1.00e+00 1.00e+00H  1
 938  1.9800090e+03 2.84e-03 2.58e-02  -4.1 1.20e-01    -  1.00e+00 1.00e+00h  1
 939  1.9800091e+03 2.36e-03 4.07e-01  -4.1 2.44e-01    -  9.94e-01 2.50e-01h  3
iter    objective    inf_pr   inf_du lg(mu)  ||d||  lg(rg) alpha_du alpha_pr  ls
 940  1.9800090e+03 4.04e-04 5.70e-03  -4.1 4.10e-02    -  1.00e+00 1.00e+00h  1
 941  1.9800090e+03 1.56e-04 7.81e-01  -4.0 7.81e-02    -  1.00e+00 3.68e-01H  1
 942  1.9800090e+03 2.02e-04 9.32e-03  -4.1 3.38e-02    -  1.00e+00 1.00e+00h  1
 943  1.9800091e+03 2.03e-04 1.99e-02  -4.0 2.43e-02    -  1.00e+00 1.00e+00h  1
 944  1.9800090e+03 1.20e-04 1.16e-03  -4.1 2.23e-02    -  1.00e+00 1.00e+00h  1
 945  1.9800090e+03 7.34e-07 1.82e-03  -4.0 4.33e-03    -  1.00e+00 1.00e+00h  1
 946  1.9800090e+03 2.09e-06 4.01e-03  -4.0 3.87e-03    -  1.00e+00 1.00e+00h  1
 947  1.9800090e+03 6.22e-07 8.52e-04  -4.1 2.54e-03    -  1.00e+00 1.00e+00h  1
 948  1.9800090e+03 2.59e-07 1.16e-03  -4.0 1.63e-03    -  1.00e+00 1.00e+00h  1
 949  1.9800090e+03 4.06e-04 3.53e-01  -4.0 5.16e-01    -  1.00e+00 1.25e-01h  4
iter    objective    inf_pr   inf_du lg(mu)  ||d||  lg(rg) alpha_du alpha_pr  ls
 950  1.9800090e+03 4.59e-04 4.51e-02  -4.1 1.54e-01    -  1.00e+00 2.50e-01h  3
 951  1.9800098e+03 2.36e-04 1.86e-01  -4.0 2.44e-01    -  1.00e+00 1.00e+00H  1
 952  1.9800093e+03 2.74e-03 1.66e-01  -4.1 1.92e-01    -  1.00e+00 1.00e+00h  1
 953  1.9800091e+03 3.19e-03 5.27e-01  -4.1 4.51e-01    -  1.00e+00 2.50e-01h  3
 954  1.9800090e+03 1.65e-03 4.04e-02  -4.1 8.12e-02    -  1.00e+00 1.00e+00h  1
 955  1.9800090e+03 1.59e-03 1.08e-01  -4.1 1.32e+00    -  1.00e+00 3.12e-02h  6
 956  1.9800090e+03 2.54e-03 1.67e-01  -4.1 1.02e+00    -  1.00e+00 1.25e-01h  4
 957  1.9800090e+03 2.82e-03 2.62e-01  -4.1 3.29e+00    -  6.07e-01 1.56e-02h  7
 958  1.9800090e+03 2.87e-03 5.82e-02  -4.1 5.53e-01    -  1.00e+00 1.25e-01h  4
 959  1.9800090e+03 1.67e-03 1.84e-02  -4.1 1.40e-01    -  1.00e+00 5.00e-01h  2
iter    objective    inf_pr   inf_du lg(mu)  ||d||  lg(rg) alpha_du alpha_pr  ls
 960  1.9800089e+03 1.66e-03 1.52e-01  -4.1 8.98e-01    -  1.00e+00 6.25e-02h  5
 961  1.9800090e+03 4.10e-04 3.41e-02  -4.1 5.42e-02    -  1.00e+00 1.00e+00h  1
 962  1.9800089e+03 3.24e-04 6.56e-03  -4.0 5.27e-02    -  1.00e+00 1.00e+00h  1
 963  1.9800089e+03 2.54e-04 6.82e-02  -4.0 9.20e-02    -  1.00e+00 2.50e-01h  3
 964  1.9800089e+03 1.59e-04 6.77e-02  -4.0 5.26e-02    -  1.00e+00 5.00e-01h  2
 965  1.9800089e+03 1.67e-04 1.41e-01  -4.0 1.48e-01    -  1.00e+00 2.50e-01h  3
 966  1.9800091e+03 5.11e-05 2.70e-02  -4.0 9.71e-02    -  1.00e+00 1.00e+00H  1
 967  1.9800089e+03 7.47e-04 2.68e-02  -4.1 8.30e-02    -  1.00e+00 1.00e+00h  1
 968  1.9800090e+03 4.85e-04 3.55e-02  -4.1 2.24e-01    -  1.00e+00 5.00e-01h  2
 969  1.9800089e+03 3.14e-04 2.04e-02  -4.1 6.74e-02    -  1.00e+00 1.00e+00h  1
iter    objective    inf_pr   inf_du lg(mu)  ||d||  lg(rg) alpha_du alpha_pr  ls
 970  1.9800089e+03 3.82e-04 1.02e-02  -4.0 5.06e-02    -  1.00e+00 1.00e+00h  1
 971  1.9800090e+03 7.40e-04 8.30e-01  -4.1 1.12e-01    -  1.00e+00 2.86e-01H  1
 972  1.9800089e+03 1.93e-04 7.95e-03  -4.1 5.17e-02    -  1.00e+00 1.00e+00f  1
 973  1.9800090e+03 5.37e-04 2.44e-02  -4.0 5.86e-02    -  1.00e+00 1.00e+00h  1
 974  1.9800089e+03 1.03e-04 3.10e-03  -4.1 5.73e-02    -  1.00e+00 1.00e+00h  1
 975  1.9800089e+03 3.24e-05 2.40e-03  -4.0 1.01e-02    -  1.00e+00 1.00e+00h  1
 976  1.9800089e+03 6.80e-05 2.11e-02  -4.0 1.17e-02    -  1.00e+00 1.00e+00h  1
 977  1.9800089e+03 2.23e-05 2.81e-03  -4.1 1.34e-02    -  1.00e+00 1.00e+00h  1
 978  1.9800089e+03 1.61e-06 1.50e-03  -4.0 1.37e-03    -  1.00e+00 1.00e+00h  1
 979  1.9800089e+03 3.44e-07 1.03e-03  -4.0 9.44e-04    -  1.00e+00 1.00e+00h  1
iter    objective    inf_pr   inf_du lg(mu)  ||d||  lg(rg) alpha_du alpha_pr  ls
 980  1.9800089e+03 8.53e-07 2.45e-03  -4.0 2.79e-03    -  1.00e+00 1.00e+00h  1
 981  1.9800089e+03 2.14e-07 1.73e-02  -4.1 1.73e-02    -  1.00e+00 1.00e+00H  1
 982  1.9800089e+03 5.49e-05 2.70e-02  -4.1 2.09e-02    -  1.00e+00 1.00e+00h  1
 983  1.9800089e+03 5.06e-05 2.97e-02  -4.1 3.41e-02    -  1.00e+00 2.50e-01h  3
 984  1.9800089e+03 3.28e-06 3.02e-03  -4.1 9.26e-03    -  1.00e+00 1.00e+00h  1
 985  1.9800089e+03 2.66e-07 7.29e-04  -4.0 1.55e-03    -  1.00e+00 1.00e+00h  1
 986  1.9800089e+03 1.04e-04 2.19e-02  -4.0 1.81e-02    -  1.00e+00 1.00e+00h  1
 987  1.9800089e+03 2.66e-04 4.40e-02  -4.0 1.39e-01    -  1.00e+00 2.50e-01h  3
 988  1.9800089e+03 7.88e-04 2.99e-01  -4.0 6.63e-01    -  1.00e+00 1.25e-01h  4
 989  1.9800089e+03 7.38e-04 1.79e-01  -4.1 5.30e-01    -  1.00e+00 3.12e-02h  6
iter    objective    inf_pr   inf_du lg(mu)  ||d||  lg(rg) alpha_du alpha_pr  ls
 990  1.9800089e+03 8.41e-05 1.69e-02  -4.1 2.84e-02    -  1.00e+00 1.00e+00h  1
 991  1.9800089e+03 1.19e-04 2.88e-01  -4.0 1.86e-01    -  1.00e+00 1.25e-01h  4
 992  1.9800089e+03 3.46e-05 5.84e-02  -4.1 1.41e-01    -  1.00e+00 1.00e+00H  1
 993  1.9800089e+03 1.41e-04 2.86e-01  -4.1 3.59e-01    -  1.00e+00 6.25e-02h  5
 994  1.9800089e+03 1.22e-04 1.33e-01  -4.1 2.09e-01    -  1.00e+00 1.00e+00H  1
 995  1.9800089e+03 1.04e-04 1.09e+00  -4.1 4.16e-01    -  6.35e-01 3.12e-02h  6
 996  1.9800090e+03 8.88e-06 4.34e-02  -4.1 1.17e-01    -  1.00e+00 1.00e+00H  1
 997  1.9800090e+03 2.67e-05 2.79e-01  -4.1 4.07e-01    -  1.00e+00 3.12e-02h  6
 998  1.9800090e+03 1.51e-03 7.04e-01  -4.1 1.60e+00    -  1.00e+00 6.25e-02h  5
 999  1.9800092e+03 1.93e-03 1.34e+00  -4.1 1.13e+00    -  1.00e+00 6.25e-02h  5
iter    objective    inf_pr   inf_du lg(mu)  ||d||  lg(rg) alpha_du alpha_pr  ls
1000  1.9800092e+03 1.92e-03 5.32e-02  -4.1 1.28e-01    -  1.00e+00 1.00e+00h  1
1001  1.9800091e+03 1.31e-02 2.53e-02  -4.1 2.51e-01    -  1.00e+00 1.00e+00h  1
1002  1.9800091e+03 1.20e-02 2.38e-02  -4.1 3.94e-01    -  1.00e+00 2.50e-01h  3
1003  1.9800090e+03 3.37e-03 5.16e-02  -4.1 1.74e-01    -  1.00e+00 1.00e+00h  1
1004  1.9800089e+03 1.22e-03 1.54e-02  -4.1 8.33e-02    -  1.00e+00 1.00e+00h  1
1005  1.9800089e+03 3.95e-04 1.55e-02  -4.1 5.30e-02    -  1.00e+00 1.00e+00h  1
1006  1.9800088e+03 2.09e-03 1.70e-02  -4.1 5.79e-02    -  1.00e+00 1.00e+00h  1
1007  1.9800088e+03 6.19e-04 2.98e-03  -4.0 4.68e-02    -  1.00e+00 1.00e+00h  1
1008  1.9800089e+03 6.07e-04 1.17e-02  -4.0 3.53e-02    -  1.00e+00 1.00e+00h  1
1009  1.9800088e+03 6.03e-04 4.93e-03  -4.1 3.40e-02    -  1.00e+00 1.00e+00h  1
iter    objective    inf_pr   inf_du lg(mu)  ||d||  lg(rg) alpha_du alpha_pr  ls
1010  1.9800089e+03 7.30e-05 6.90e-03  -4.0 5.03e-02    -  1.00e+00 1.00e+00h  1
1011  1.9800088e+03 2.27e-05 6.74e-03  -4.0 3.36e-02    -  1.00e+00 1.00e+00h  1
1012  1.9800088e+03 2.46e-05 3.61e-02  -4.0 9.78e-03    -  1.00e+00 5.00e-01h  2
1013  1.9800088e+03 3.08e-05 1.54e-02  -4.0 6.96e-03    -  1.00e+00 1.00e+00h  1
1014  1.9800088e+03 2.11e-05 1.31e-03  -4.0 6.02e-03    -  1.00e+00 1.00e+00h  1
1015  1.9800088e+03 1.10e-06 1.58e-03  -4.0 1.74e-03    -  1.00e+00 1.00e+00h  1
1016  1.9800088e+03 4.87e-06 4.44e-03  -4.0 4.50e-03    -  1.00e+00 1.00e+00h  1
1017  1.9800088e+03 1.18e-06 1.10e-02  -4.1 2.09e-02    -  1.00e+00 1.00e+00H  1
1018  1.9800088e+03 3.14e-05 6.27e-03  -4.1 2.01e-02    -  1.00e+00 1.00e+00h  1
1019  1.9800088e+03 6.98e-06 3.17e-03  -4.1 6.45e-03    -  1.00e+00 1.00e+00h  1
iter    objective    inf_pr   inf_du lg(mu)  ||d||  lg(rg) alpha_du alpha_pr  ls
1020  1.9800088e+03 3.34e-05 8.67e-03  -4.0 1.51e-02    -  1.00e+00 1.00e+00h  1
1021  1.9800088e+03 4.91e-05 3.00e-01  -4.1 9.70e-02    -  1.00e+00 1.25e-01h  4
1022  1.9800088e+03 6.33e-05 2.85e-02  -4.1 1.04e-01    -  1.00e+00 1.25e-01h  4
1023  1.9800088e+03 5.99e-05 8.45e-03  -4.1 1.64e-02    -  1.00e+00 1.00e+00h  1
1024  1.9800089e+03 1.38e-05 3.26e-02  -4.1 4.24e-02    -  1.00e+00 1.00e+00H  1
1025  1.9800088e+03 1.74e-04 8.30e-03  -4.1 3.36e-02    -  1.00e+00 1.00e+00h  1
1026  1.9800088e+03 9.85e-05 6.71e-02  -4.1 1.88e-02    -  1.00e+00 5.00e-01h  2
1027  1.9800088e+03 6.40e-05 1.04e-01  -4.1 1.80e-02    -  1.00e+00 5.00e-01h  2
1028  1.9800088e+03 1.58e-05 1.17e-03  -4.1 5.76e-03    -  1.00e+00 1.00e+00h  1
1029  1.9800088e+03 1.13e-06 1.15e-03  -4.0 2.36e-03    -  1.00e+00 1.00e+00h  1
iter    objective    inf_pr   inf_du lg(mu)  ||d||  lg(rg) alpha_du alpha_pr  ls
1030  1.9800088e+03 1.26e-06 9.16e-03  -4.0 7.32e-03    -  1.00e+00 1.00e+00H  1
1031  1.9800088e+03 4.36e-05 1.56e-02  -4.0 2.33e-02    -  1.00e+00 1.00e+00h  1
1032  1.9800093e+03 1.60e-05 7.56e-02  -4.1 9.67e-02    -  1.00e+00 1.00e+00H  1
1033  1.9800089e+03 2.48e-05 3.03e-02  -4.1 1.33e-01    -  1.00e+00 1.00e+00H  1
1034  1.9800088e+03 2.99e-05 2.32e-01  -4.1 1.72e-01    -  1.00e+00 1.25e-01h  4
1035  1.9800088e+03 2.79e-05 9.31e-03  -4.1 1.86e-02    -  1.00e+00 1.00e+00h  1
1036  1.9800088e+03 1.06e-05 1.45e-02  -4.0 1.05e-02    -  1.00e+00 1.00e+00h  1
1037  1.9800088e+03 1.66e-05 2.22e-03  -4.1 9.37e-03    -  1.00e+00 1.00e+00h  1
1038  1.9800088e+03 6.50e-06 1.28e-02  -4.0 1.15e-02    -  1.00e+00 1.00e+00H  1
1039  1.9800088e+03 2.16e-05 3.38e-03  -4.1 1.35e-02    -  1.00e+00 1.00e+00h  1
iter    objective    inf_pr   inf_du lg(mu)  ||d||  lg(rg) alpha_du alpha_pr  ls
1040  1.9800089e+03 3.56e-05 2.39e-02  -4.0 5.66e-02    -  1.00e+00 1.00e+00H  1
1041  1.9800088e+03 4.01e-05 5.83e-03  -4.1 6.28e-02    -  1.00e+00 1.00e+00h  1
1042  1.9800088e+03 1.22e-05 1.52e-03  -4.1 7.83e-03    -  1.00e+00 1.00e+00h  1
1043  1.9800088e+03 2.09e-06 9.12e-03  -4.0 1.32e-02    -  1.00e+00 1.00e+00H  1
1044  1.9800088e+03 1.88e-06 5.41e-03  -4.0 1.35e-02    -  1.00e+00 1.00e+00h  1
1045  1.9800088e+03 1.08e-06 1.09e-03  -4.0 2.43e-03    -  1.00e+00 1.00e+00h  1
1046  1.9800088e+03 1.94e-07 6.26e-04  -4.0 1.59e-03    -  1.00e+00 1.00e+00h  1
1047  1.9800088e+03 7.85e-07 6.84e-02  -4.0 2.69e-02    -  1.00e+00 1.25e-01h  4
1048  1.9800088e+03 4.40e-06 2.03e-03  -4.0 7.13e-03    -  1.00e+00 1.00e+00h  1
1049  1.9800088e+03 6.81e-06 2.46e-01  -4.1 1.83e-01    -  1.00e+00 3.12e-02h  6
iter    objective    inf_pr   inf_du lg(mu)  ||d||  lg(rg) alpha_du alpha_pr  ls
1050  1.9800088e+03 1.91e-05 6.83e-03  -4.1 1.63e-02    -  1.00e+00 1.00e+00h  1
1051  1.9800088e+03 4.68e-05 1.30e-01  -4.0 3.23e-01    -  1.00e+00 6.25e-02h  5
1052  1.9800088e+03 1.62e-04 4.72e-01  -4.0 1.28e+00    -  1.00e+00 3.12e-02h  6
1053  1.9800088e+03 2.45e-04 2.25e-01  -4.1 3.30e-01    -  1.00e+00 1.25e-01h  4
1054  1.9800088e+03 2.80e-04 3.24e-01  -4.1 4.29e-01    -  1.00e+00 1.25e-01h  4
1055  1.9800088e+03 2.66e-04 2.16e-01  -3.8 1.61e+00    -  1.00e+00 1.38e-02h  7
1056  1.9800088e+03 4.18e-04 2.99e-01  -3.9 5.19e-01    -  1.00e+00 1.25e-01h  4
1057  1.9800088e+03 9.91e-04 3.84e-01  -3.9 2.45e+00    -  9.20e-01 3.12e-02h  6
1058  1.9800088e+03 4.26e-03 4.52e-01  -4.0 1.41e+00    -  1.00e+00 1.25e-01h  4
1059  1.9800088e+03 4.14e-03 6.07e-01  -4.1 2.23e+00    -  1.00e+00 3.12e-02h  6
iter    objective    inf_pr   inf_du lg(mu)  ||d||  lg(rg) alpha_du alpha_pr  ls
1060  1.9800088e+03 4.09e-03 2.58e-01  -4.1 2.76e+00    -  8.28e-01 1.56e-02h  7
1061  1.9800087e+03 1.31e-02 2.79e-01  -4.0 2.78e+00    -  1.00e+00 1.25e-01h  4
1062  1.9800086e+03 1.43e-02 2.97e-01  -3.7 1.31e+01    -  1.00e+00 5.96e-02h  5
1063  1.9800085e+03 2.65e-02 4.46e-01  -3.0 4.45e+01    -  1.00e+00 1.79e-02h  5
1064  1.9800087e+03 5.26e-02 6.34e-01  -3.2 9.39e+00    -  9.98e-01 1.25e-01h  4
1065  1.9800086e+03 6.47e-02 7.26e-01  -3.3 7.88e+00    -  5.81e-01 1.25e-01h  4
1066  1.9800084e+03 6.32e-02 7.40e-01  -3.3 6.03e+00    -  7.49e-01 5.89e-02h  5
1067  1.9800084e+03 6.20e-02 7.64e-01  -3.0 1.87e+01    -  4.79e-02 8.44e-04H  1
1068  1.9800979e+03 7.44e-02 1.83e-01  -3.3 1.34e+00    -  1.00e+00 1.00e+00h  1
1069  1.9800184e+03 2.04e-01 1.08e-01  -3.4 1.66e+00    -  4.72e-01 1.00e+00h  1
iter    objective    inf_pr   inf_du lg(mu)  ||d||  lg(rg) alpha_du alpha_pr  ls
1070  1.9800322e+03 4.50e-02 5.45e-01  -3.4 1.54e+00    -  2.96e-01 9.92e-01h  1
1071  1.9800274e+03 3.58e-02 4.65e-01  -3.4 4.06e+00    -  4.58e-01 1.37e-01H  1
1072  1.9800143e+03 9.73e-02 2.25e-01  -3.4 2.84e+00    -  1.90e-01 5.00e-01h  2
1073  1.9800167e+03 9.44e-02 2.11e-01  -3.4 1.06e+01    -  8.38e-02 5.17e-02h  2
1074  1.9800091e+03 2.70e-02 2.70e-02  -3.4 6.33e-01    -  1.00e+00 1.00e+00h  1
1075  1.9800086e+03 3.01e-02 3.73e-02  -3.4 1.44e+00    -  1.00e+00 2.50e-01h  3
1076  1.9800084e+03 5.54e-02 3.16e-02  -3.6 2.15e+00    -  6.15e-01 3.69e-02H  1
1077  1.9800103e+03 4.29e-02 3.06e-02  -3.7 1.48e+00    -  9.89e-01 2.50e-01h  3
1078  1.9800088e+03 3.64e-02 4.69e-02  -3.8 4.32e-01    -  1.00e+00 1.00e+00h  1
1079  1.9800090e+03 2.05e-02 6.95e-03  -3.8 3.38e-01    -  1.00e+00 1.00e+00h  1
iter    objective    inf_pr   inf_du lg(mu)  ||d||  lg(rg) alpha_du alpha_pr  ls
1080  1.9800100e+03 1.06e-02 5.84e-02  -3.8 1.05e+00    -  1.00e+00 5.55e-01H  1
1081  1.9800087e+03 3.94e-02 1.18e-02  -3.8 5.01e-01    -  1.00e+00 1.00e+00h  1
1082  1.9800093e+03 1.28e-02 9.22e-02  -4.0 1.04e+00    -  6.73e-01 2.57e-01H  1
1083  1.9800085e+03 4.47e-03 1.64e-02  -4.0 2.47e-01    -  1.00e+00 1.00e+00h  1
1084  1.9800081e+03 1.38e-03 2.45e-03  -4.0 1.56e-01    -  1.00e+00 1.00e+00h  1
1085  1.9800080e+03 3.38e-04 6.75e-03  -4.0 2.48e-02    -  1.00e+00 1.00e+00h  1
1086  1.9800081e+03 9.34e-05 6.82e-03  -4.0 3.04e-02    -  1.00e+00 1.00e+00h  1
1087  1.9800080e+03 1.19e-04 1.40e-02  -4.0 1.36e-02    -  1.00e+00 1.00e+00h  1
1088  1.9800080e+03 5.14e-05 3.98e-03  -4.0 1.01e-02    -  1.00e+00 1.00e+00h  1
1089  1.9800080e+03 2.47e-05 1.46e-02  -4.0 6.45e-03    -  1.00e+00 1.00e+00h  1
iter    objective    inf_pr   inf_du lg(mu)  ||d||  lg(rg) alpha_du alpha_pr  ls
1090  1.9800080e+03 2.14e-05 3.67e-03  -4.0 6.10e-03    -  1.00e+00 1.00e+00h  1
1091  1.9800080e+03 3.08e-06 4.12e-03  -4.0 2.31e-03    -  1.00e+00 1.00e+00h  1
1092  1.9800080e+03 9.95e-07 1.29e-03  -4.0 1.38e-03    -  1.00e+00 1.00e+00h  1
1093  1.9800080e+03 1.76e-07 5.72e-04  -4.0 4.44e-04    -  1.00e+00 1.00e+00h  1
1094  1.9800080e+03 5.18e-07 1.34e-03  -4.0 1.22e-03    -  1.00e+00 1.00e+00h  1
1095  1.9800080e+03 3.20e-05 8.70e-03  -4.0 1.40e-02    -  1.00e+00 1.00e+00h  1
1096  1.9800082e+03 1.67e-05 1.17e-01  -4.0 1.05e-01    -  1.00e+00 1.00e+00H  1
1097  1.9800080e+03 3.23e-04 4.94e-02  -4.1 8.15e-02    -  1.00e+00 1.00e+00h  1
1098  1.9800080e+03 1.94e-04 6.23e-03  -4.0 2.52e-02    -  1.00e+00 1.00e+00h  1
1099  1.9800080e+03 4.94e-06 2.42e-02  -4.0 3.31e-02    -  1.00e+00 1.00e+00H  1
iter    objective    inf_pr   inf_du lg(mu)  ||d||  lg(rg) alpha_du alpha_pr  ls
1100  1.9800080e+03 6.93e-04 1.98e-01  -4.0 1.51e-01    -  1.00e+00 5.00e-01h  2
1101  1.9800080e+03 7.73e-04 1.28e-01  -4.1 2.85e-01    -  1.00e+00 1.25e-01h  4
1102  1.9800080e+03 2.07e-04 5.83e-02  -4.1 7.35e-02    -  1.00e+00 1.00e+00h  1
1103  1.9800079e+03 7.13e-04 1.15e-02  -4.1 6.06e-02    -  1.00e+00 1.00e+00h  1
1104  1.9800096e+03 5.73e-04 5.06e-02  -4.0 1.98e-01    -  1.00e+00 1.00e+00h  1
1105  1.9800079e+03 3.12e-04 2.30e-02  -4.1 1.81e-01    -  1.00e+00 1.00e+00h  1
1106  1.9800079e+03 1.99e-04 1.81e-02  -4.0 2.79e-02    -  1.00e+00 1.00e+00h  1
1107  1.9800079e+03 2.21e-04 6.21e-03  -4.0 2.38e-02    -  1.00e+00 1.00e+00h  1
1108  1.9800080e+03 5.92e-05 1.42e-01  -4.0 4.74e-02    -  1.00e+00 8.03e-01H  1
1109  1.9800079e+03 2.82e-05 1.54e-02  -4.1 4.70e-02    -  1.00e+00 1.00e+00h  1
iter    objective    inf_pr   inf_du lg(mu)  ||d||  lg(rg) alpha_du alpha_pr  ls
1110  1.9800079e+03 6.55e-05 1.33e-02  -4.0 1.71e-02    -  1.00e+00 1.00e+00h  1
1111  1.9800079e+03 4.20e-05 5.09e-03  -4.1 1.31e-02    -  1.00e+00 1.00e+00h  1
1112  1.9800079e+03 7.32e-06 4.17e-03  -4.0 3.39e-03    -  1.00e+00 1.00e+00h  1
1113  1.9800079e+03 1.74e-06 1.63e-03  -4.0 2.50e-03    -  1.00e+00 1.00e+00h  1
1114  1.9800079e+03 4.06e-07 2.64e-03  -4.0 7.45e-04    -  1.00e+00 1.00e+00h  1
1115  1.9800079e+03 4.93e-06 3.06e-03  -4.0 3.67e-03    -  1.00e+00 1.00e+00h  1
1116  1.9800079e+03 4.98e-05 1.30e-02  -4.0 1.94e-02    -  1.00e+00 1.00e+00h  1
1117  1.9800079e+03 1.48e-05 5.43e-02  -4.1 5.11e-02    -  1.00e+00 1.00e+00H  1
1118  1.9800081e+03 8.20e-06 6.83e-02  -4.1 1.01e-01    -  1.00e+00 1.00e+00H  1
1119  1.9800079e+03 3.66e-04 2.03e-02  -4.1 8.25e-02    -  1.00e+00 1.00e+00h  1
iter    objective    inf_pr   inf_du lg(mu)  ||d||  lg(rg) alpha_du alpha_pr  ls
1120  1.9800079e+03 8.52e-06 5.70e-03  -4.0 7.10e-03    -  1.00e+00 1.00e+00h  1
1121  1.9800079e+03 3.19e-04 8.59e-02  -4.0 9.31e-02    -  1.00e+00 5.00e-01h  2
1122  1.9800079e+03 6.95e-04 5.01e-01  -4.1 3.18e-01    -  1.00e+00 1.25e-01h  4
1123  1.9800079e+03 1.03e-03 3.40e-01  -4.1 2.65e-01    -  1.00e+00 2.50e-01h  3
1124  1.9800079e+03 1.00e-03 1.75e-01  -4.1 4.95e-01    -  1.00e+00 6.11e-02h  5
1125  1.9800078e+03 3.43e-03 6.85e-02  -4.0 9.24e-02    -  1.00e+00 1.00e+00h  1
1126  1.9800081e+03 4.22e-04 4.89e-02  -4.0 9.17e-02    -  1.00e+00 1.00e+00h  1
1127  1.9800078e+03 1.33e-04 2.67e-02  -4.1 9.89e-02    -  1.00e+00 1.00e+00h  1
1128  1.9800078e+03 5.65e-04 9.86e-03  -4.0 5.86e-02    -  1.00e+00 1.00e+00h  1
1129  1.9800078e+03 2.61e-04 9.76e-02  -4.1 1.01e-01    -  1.00e+00 5.00e-01h  2
iter    objective    inf_pr   inf_du lg(mu)  ||d||  lg(rg) alpha_du alpha_pr  ls
1130  1.9800077e+03 1.25e-03 2.18e-01  -3.5 1.52e+00    -  9.09e-01 6.25e-02h  5
1131  1.9800077e+03 1.34e-03 4.47e-01  -4.0 2.80e-01    -  9.29e-01 8.44e-03H  1
1132  1.9800077e+03 2.44e-04 9.93e-02  -4.0 4.61e-02    -  1.00e+00 1.00e+00h  1
1133  1.9800077e+03 2.37e-04 8.03e-02  -4.0 1.92e-02    -  1.00e+00 1.00e+00h  1
1134  1.9800077e+03 3.20e-04 1.96e-02  -4.0 7.65e-02    -  1.00e+00 1.00e+00h  1
1135  1.9800076e+03 2.82e-03 4.28e-01  -4.0 1.76e+00    -  1.00e+00 1.25e-01h  4
1136  1.9800077e+03 3.75e-03 3.14e-01  -3.5 5.70e+00    -  1.00e+00 2.48e-02h  5
1137  1.9800077e+03 6.37e-03 3.63e-01  -3.6 2.92e+00    -  1.00e+00 1.25e-01h  4
1138  1.9800076e+03 6.70e-03 9.90e-02  -3.6 1.16e+01    -  5.54e-01 1.92e-02h  6
1139  1.9800076e+03 6.34e-03 3.84e-01  -3.6 3.36e+00    -  8.60e-01 2.31e-02h  6
iter    objective    inf_pr   inf_du lg(mu)  ||d||  lg(rg) alpha_du alpha_pr  ls
1140  1.9800076e+03 6.10e-03 1.08e-01  -3.6 1.43e+00    -  9.98e-01 1.25e-01h  4
1141  1.9800075e+03 5.72e-03 1.79e-01  -3.6 1.99e+00    -  9.91e-01 6.25e-02h  5
1142  1.9800075e+03 9.15e-03 2.72e-02  -4.0 2.67e-01    -  1.00e+00 1.00e+00h  1
1143  1.9800074e+03 7.78e-03 4.67e-02  -3.7 3.53e+00    -  1.00e+00 4.36e-02h  5
1144  1.9800074e+03 8.60e-03 4.74e-02  -3.8 2.35e+00    -  9.93e-01 5.99e-02h  5
1145  1.9800074e+03 6.66e-03 1.37e-02  -4.0 1.99e-01    -  1.00e+00 1.00e+00h  1
1146  1.9800074e+03 8.00e-03 1.08e-01  -4.0 3.77e+00    -  5.62e-01 3.12e-02h  6
1147  1.9800075e+03 7.01e-03 5.18e-02  -4.0 2.22e+00    -  9.00e-01 6.25e-02h  5
1148  1.9800073e+03 3.51e-03 7.18e-03  -4.1 1.58e-01    -  1.00e+00 1.00e+00h  1
1149  1.9800072e+03 3.41e-03 5.51e-02  -4.0 8.24e-01    -  4.27e-01 6.25e-02h  5
iter    objective    inf_pr   inf_du lg(mu)  ||d||  lg(rg) alpha_du alpha_pr  ls
1150  1.9800076e+03 1.07e-03 1.86e-02  -4.0 1.40e-01    -  1.00e+00 1.00e+00h  1
1151  1.9800072e+03 8.01e-04 3.38e-03  -4.0 1.15e-01    -  1.00e+00 1.00e+00h  1
1152  1.9800073e+03 1.88e-03 3.49e-02  -4.0 6.20e-02    -  1.00e+00 1.00e+00h  1
1153  1.9800072e+03 9.37e-04 7.37e-03  -4.0 6.84e-02    -  1.00e+00 1.00e+00h  1
1154  1.9800074e+03 3.25e-04 1.07e-02  -4.0 5.85e-02    -  1.00e+00 1.00e+00h  1
1155  1.9800072e+03 1.85e-04 4.94e-03  -4.0 4.62e-02    -  1.00e+00 1.00e+00h  1
1156  1.9800072e+03 7.77e-05 1.12e-02  -4.0 1.07e-02    -  1.00e+00 1.00e+00h  1
1157  1.9800072e+03 3.61e-05 1.83e-02  -4.0 1.15e-02    -  1.00e+00 9.64e-01H  1
1158  1.9800072e+03 7.24e-05 1.85e-02  -4.0 8.97e-03    -  1.00e+00 1.00e+00h  1
1159  1.9800072e+03 1.86e-05 1.67e-02  -4.1 5.94e-03    -  1.00e+00 1.00e+00h  1
iter    objective    inf_pr   inf_du lg(mu)  ||d||  lg(rg) alpha_du alpha_pr  ls
1160  1.9800072e+03 1.15e-05 1.55e-02  -4.0 9.09e-03    -  1.00e+00 1.00e+00H  1
1161  1.9800072e+03 2.43e-05 1.90e-02  -4.0 1.19e-02    -  1.00e+00 1.00e+00h  1
1162  1.9800072e+03 1.54e-04 9.03e-03  -4.1 2.68e-02    -  1.00e+00 1.00e+00h  1
1163  1.9800072e+03 9.84e-06 1.24e-02  -4.1 2.96e-02    -  1.00e+00 1.00e+00h  1
1164  1.9800072e+03 1.07e-05 5.56e-03  -4.0 7.40e-03    -  1.00e+00 1.00e+00h  1
1165  1.9800072e+03 2.08e-04 3.25e-02  -4.0 3.40e-02    -  1.00e+00 1.00e+00h  1
1166  1.9800072e+03 5.46e-04 4.97e-02  -4.1 4.38e-02    -  1.00e+00 1.00e+00h  1
1167  1.9800072e+03 5.35e-04 6.37e-01  -4.1 3.15e-01    -  1.00e+00 6.25e-02h  5
1168  1.9800072e+03 5.30e-04 5.85e-02  -4.1 8.78e-02    -  1.00e+00 2.50e-01h  3
1169  1.9800072e+03 1.50e-04 1.05e-02  -4.1 3.11e-02    -  1.00e+00 1.00e+00h  1
iter    objective    inf_pr   inf_du lg(mu)  ||d||  lg(rg) alpha_du alpha_pr  ls
1170  1.9800072e+03 3.30e-05 2.94e-01  -4.0 4.57e-02    -  1.00e+00 6.65e-01H  1
1171  1.9800072e+03 8.83e-04 2.51e-02  -4.1 5.68e-02    -  1.00e+00 1.00e+00h  1
1172  1.9800074e+03 4.45e-04 1.49e-02  -4.1 8.37e-02    -  1.00e+00 1.00e+00h  1
1173  1.9800072e+03 1.66e-04 5.23e-03  -4.1 7.60e-02    -  1.00e+00 1.00e+00h  1
1174  1.9800072e+03 8.75e-05 1.90e-02  -4.0 2.42e-02    -  1.00e+00 1.00e+00h  1
1175  1.9800072e+03 4.72e-05 3.56e-03  -4.1 1.88e-02    -  1.00e+00 1.00e+00h  1
1176  1.9800072e+03 8.25e-06 7.28e-03  -4.0 6.93e-03    -  1.00e+00 1.00e+00h  1
1177  1.9800072e+03 1.37e-06 1.27e-02  -4.0 7.95e-03    -  1.00e+00 1.00e+00H  1
1178  1.9800072e+03 4.23e-06 7.75e-03  -4.0 6.42e-03    -  1.00e+00 1.00e+00h  1
1179  1.9800072e+03 2.37e-06 3.35e-03  -4.0 4.95e-03    -  1.00e+00 1.00e+00h  1
iter    objective    inf_pr   inf_du lg(mu)  ||d||  lg(rg) alpha_du alpha_pr  ls
1180  1.9800072e+03 2.12e-06 2.04e-03  -4.0 3.49e-03    -  1.00e+00 1.00e+00h  1
1181  1.9800072e+03 1.01e-06 4.56e-02  -4.0 6.24e-02    -  1.00e+00 1.00e+00H  1
1182  1.9800072e+03 3.17e-04 1.35e-01  -4.0 1.92e-01    -  1.00e+00 2.50e-01h  3
1183  1.9800072e+03 6.53e-04 1.52e-01  -4.1 6.73e-01    -  1.00e+00 6.25e-02h  5
1184  1.9800072e+03 5.89e-04 2.56e-01  -4.1 1.70e-01    -  1.00e+00 1.25e-01h  4
1185  1.9800071e+03 6.56e-04 5.58e-02  -4.1 5.76e-02    -  1.00e+00 1.00e+00h  1
1186  1.9800073e+03 1.99e-03 3.85e-01  -3.7 1.99e-01    -  9.35e-01 5.00e-01h  2
1187  1.9800073e+03 2.10e-03 4.48e-01  -3.8 4.23e-01    -  1.00e+00 4.65e-02H  1
1188  1.9800072e+03 1.95e-03 4.01e-01  -3.8 2.07e+00    -  9.58e-01 3.12e-02h  6
1189  1.9800073e+03 1.64e-03 8.22e-01  -3.8 6.74e+01    -  5.16e-02 8.19e-04h  7
iter    objective    inf_pr   inf_du lg(mu)  ||d||  lg(rg) alpha_du alpha_pr  ls
1190  1.9800072e+03 1.31e-03 2.94e-01  -3.8 6.21e-01    -  6.77e-01 1.25e-01h  4
1191  1.9800072e+03 1.87e-03 6.69e-01  -3.8 1.83e+00    -  1.00e+00 3.12e-02h  6
1192  1.9800071e+03 1.66e-03 6.25e-02  -3.8 1.04e-01    -  1.00e+00 1.00e+00h  1
1193  1.9800071e+03 3.18e-03 2.19e-01  -3.8 1.05e+00    -  1.00e+00 1.25e-01h  4
1194  1.9800071e+03 2.28e-03 9.80e-02  -3.8 5.66e-01    -  1.00e+00 1.25e-01h  4
1195  1.9800080e+03 2.32e-03 4.47e-02  -4.0 1.84e-01    -  1.00e+00 1.00e+00H  1
1196  1.9800075e+03 7.24e-03 4.12e-02  -4.1 1.90e-01    -  1.00e+00 1.00e+00h  1
1197  1.9800076e+03 5.29e-03 1.31e-01  -4.1 5.56e-01    -  6.86e-01 2.50e-01h  3
1198  1.9800073e+03 4.95e-03 1.74e-02  -4.1 2.10e-01    -  1.00e+00 5.00e-01h  2
1199  1.9800072e+03 2.98e-03 9.29e-02  -4.1 5.19e-01    -  1.00e+00 2.50e-01h  3
iter    objective    inf_pr   inf_du lg(mu)  ||d||  lg(rg) alpha_du alpha_pr  ls
1200  1.9800071e+03 1.17e-04 1.56e-02  -4.1 8.74e-02    -  1.00e+00 9.93e-01h  1
1201  1.9800072e+03 8.29e-04 3.62e-02  -4.0 6.05e-02    -  1.00e+00 1.00e+00f  1
1202  1.9800071e+03 2.16e-04 5.15e-03  -4.1 2.19e-02    -  1.00e+00 1.00e+00h  1
1203  1.9800071e+03 3.14e-05 4.60e-03  -4.0 7.23e-03    -  1.00e+00 1.00e+00h  1
1204  1.9800071e+03 1.95e-05 2.25e-02  -4.0 7.63e-03    -  1.00e+00 1.00e+00H  1
1205  1.9800071e+03 1.66e-05 1.34e-03  -4.0 5.60e-03    -  1.00e+00 1.00e+00h  1
1206  1.9800071e+03 1.42e-07 1.30e-03  -4.0 1.47e-03    -  1.00e+00 1.00e+00h  1
1207  1.9800071e+03 1.01e-05 8.42e-03  -4.0 5.10e-03    -  1.00e+00 1.00e+00h  1
1208  1.9800071e+03 9.65e-07 1.27e-02  -4.1 1.05e-02    -  1.00e+00 1.00e+00H  1
1209  1.9800071e+03 6.10e-06 1.88e-03  -4.1 8.83e-03    -  1.00e+00 1.00e+00h  1
iter    objective    inf_pr   inf_du lg(mu)  ||d||  lg(rg) alpha_du alpha_pr  ls
1210  1.9800071e+03 4.60e-06 6.29e-03  -4.1 6.11e-03    -  1.00e+00 1.00e+00h  1
1211  1.9800071e+03 5.15e-07 1.56e-03  -4.1 2.10e-03    -  1.00e+00 1.00e+00h  1
1212  1.9800071e+03 4.11e-06 2.27e-03  -4.1 7.56e-03    -  1.00e+00 1.00e+00h  1
1213  1.9800071e+03 3.12e-04 3.63e-02  -4.1 6.60e-02    -  1.00e+00 1.00e+00h  1
1214  1.9800071e+03 4.88e-04 3.88e-02  -4.0 6.74e-02    -  1.00e+00 1.00e+00h  1
1215  1.9800071e+03 5.89e-04 1.56e-01  -4.1 1.56e-01    -  1.00e+00 5.00e-01h  2
1216  1.9800071e+03 4.52e-04 2.10e-01  -4.1 1.12e-01    -  1.00e+00 2.50e-01h  3
1217  1.9800071e+03 5.46e-04 1.87e-02  -4.1 5.94e-02    -  1.00e+00 5.00e-01h  2
1218  1.9800071e+03 3.37e-04 2.53e-02  -4.1 5.04e-02    -  1.00e+00 1.00e+00h  1
1219  1.9800071e+03 5.54e-04 1.00e-02  -4.1 3.65e-02    -  1.00e+00 1.00e+00h  1
iter    objective    inf_pr   inf_du lg(mu)  ||d||  lg(rg) alpha_du alpha_pr  ls
1220  1.9800071e+03 1.56e-04 2.30e-02  -4.0 2.12e-02    -  1.00e+00 1.00e+00h  1
1221  1.9800071e+03 3.31e-05 1.59e-02  -4.1 2.02e-02    -  1.00e+00 1.00e+00h  1
1222  1.9800071e+03 6.25e-04 4.70e-02  -4.0 7.95e-02    -  1.00e+00 1.00e+00h  1
1223  1.9800071e+03 7.83e-04 9.78e-03  -4.1 6.73e-02    -  1.00e+00 1.00e+00h  1
1224  1.9800078e+03 2.90e-04 1.81e-02  -4.0 1.59e-01    -  1.00e+00 1.00e+00h  1
1225  1.9800071e+03 1.81e-04 2.88e-03  -4.1 1.42e-01    -  1.00e+00 1.00e+00h  1
1226  1.9800071e+03 1.66e-07 6.01e-04  -4.0 2.01e-03    -  1.00e+00 1.00e+00h  1
1227  1.9800071e+03 1.40e-04 4.89e-02  -4.0 1.63e-02    -  1.00e+00 1.00e+00h  1
1228  1.9800071e+03 3.14e-05 1.20e-02  -4.1 1.68e-02    -  1.00e+00 1.00e+00h  1
1229  1.9800071e+03 1.63e-04 1.56e-02  -4.1 1.72e-02    -  1.00e+00 1.00e+00h  1
iter    objective    inf_pr   inf_du lg(mu)  ||d||  lg(rg) alpha_du alpha_pr  ls
1230  1.9800071e+03 4.30e-05 1.81e-02  -4.0 8.51e-03    -  1.00e+00 1.00e+00h  1
1231  1.9800071e+03 2.10e-05 4.55e-03  -4.0 9.34e-03    -  1.00e+00 1.00e+00h  1
1232  1.9800071e+03 7.35e-07 1.66e-03  -4.1 2.48e-03    -  1.00e+00 1.00e+00h  1
1233  1.9800071e+03 1.62e-06 2.64e-03  -4.1 2.20e-03    -  1.00e+00 1.00e+00h  1
1234  1.9800071e+03 1.40e-05 1.08e-02  -4.1 5.97e-03    -  1.00e+00 1.00e+00h  1
1235  1.9800071e+03 1.15e-05 1.90e-02  -4.1 1.43e-02    -  1.00e+00 5.00e-01h  2
1236  1.9800071e+03 1.13e-05 6.19e-02  -4.1 6.35e-02    -  1.00e+00 1.56e-02h  7
1237  1.9800071e+03 1.13e-05 1.85e-01  -4.1 2.46e-01    -  1.00e+00 3.91e-03h  9
1238  1.9800071e+03 1.13e-05 1.87e-01  -4.1 1.39e-01    -  1.00e+00 7.81e-03h  8
1239  1.9800071e+03 1.14e-05 2.75e-01  -4.1 1.61e+00    -  1.00e+00 2.44e-04h 13
iter    objective    inf_pr   inf_du lg(mu)  ||d||  lg(rg) alpha_du alpha_pr  ls
1240  1.9800071e+03 3.35e-04 3.61e-01  -4.1 6.50e-01    -  1.00e+00 6.25e-02h  5
1241  1.9800070e+03 9.85e-04 2.08e-01  -4.1 5.48e-01    -  1.00e+00 2.50e-01h  3
1242  1.9800070e+03 8.87e-04 1.24e-01  -4.0 5.20e+00    -  1.00e+00 1.56e-02h  7
1243  1.9800070e+03 8.09e-04 6.94e-01  -4.0 2.28e+00    -  1.00e+00 3.12e-02h  6
1244  1.9800071e+03 2.88e-03 6.76e-01  -3.6 5.28e+00    -  1.00e+00 4.69e-02h  5
1245  1.9800071e+03 2.85e-03 4.26e-01  -3.7 7.22e+00    -  6.38e-01 1.36e-02h  7
1246  1.9800071e+03 2.85e-03 3.13e-01  -3.7 1.18e+00    -  1.00e+00 6.25e-02h  5
1247  1.9800071e+03 2.70e-03 3.85e-01  -3.7 7.07e-01    -  1.00e+00 6.25e-02h  5
1248  1.9800076e+03 5.37e-03 6.44e-01  -3.7 4.19e-01    -  1.00e+00 4.23e-01H  1
1249  1.9800074e+03 4.81e-03 7.23e-01  -3.7 1.76e+00    -  1.00e+00 6.25e-02h  5
iter    objective    inf_pr   inf_du lg(mu)  ||d||  lg(rg) alpha_du alpha_pr  ls
1250  1.9800072e+03 4.22e-03 6.17e-01  -3.7 8.85e+00    -  4.91e-01 1.82e-02h  6
1251  1.9800071e+03 4.21e-03 3.13e-01  -3.7 4.16e+00    -  9.68e-01 1.26e-02h  7
1252  1.9800071e+03 4.72e-03 5.84e-01  -3.7 1.47e+00    -  7.48e-01 6.25e-02h  5
1253  1.9800079e+03 1.14e-02 4.31e-01  -3.7 4.61e-01    -  1.00e+00 5.00e-01h  2
1254  1.9800077e+03 1.16e-02 3.22e-01  -3.7 2.99e+00    -  1.00e+00 3.12e-02h  6
1255  1.9800076e+03 1.06e-02 6.18e-01  -3.7 9.33e-01    -  1.00e+00 1.25e-01h  4
1256  1.9800075e+03 8.58e-03 2.03e-01  -3.7 3.25e+00    -  6.61e-01 1.67e-03H  1
1257  1.9800073e+03 8.52e-03 1.89e-01  -3.7 3.74e+00    -  9.14e-01 3.12e-02h  6
1258  1.9800072e+03 8.31e-03 3.25e-01  -3.7 9.18e+00    -  2.09e-01 6.65e-03h  6
1259  1.9800072e+03 6.97e-03 9.16e-02  -3.7 4.39e-01    -  1.00e+00 2.50e-01h  3
iter    objective    inf_pr   inf_du lg(mu)  ||d||  lg(rg) alpha_du alpha_pr  ls
1260  1.9800070e+03 6.71e-03 5.48e-01  -3.7 1.28e+00    -  7.18e-01 6.25e-02h  5
1261  1.9800070e+03 7.05e-03 4.23e-01  -3.7 1.23e+00    -  1.00e+00 6.26e-03H  1
1262  1.9800070e+03 6.63e-03 4.27e-01  -3.7 9.58e-01    -  6.89e-01 1.25e-01h  4
1263  1.9800070e+03 6.53e-03 2.08e-01  -4.0 2.98e+01    -  8.35e-02 5.25e-05H  1
1264  1.9800082e+03 6.83e-03 3.70e-01  -3.5 1.13e+00    -  1.00e+00 2.50e-01h  3
1265  1.9800079e+03 3.67e-02 2.14e-01  -3.6 8.57e-01    -  1.00e+00 5.00e-01h  2
1266  1.9800077e+03 3.31e-02 1.76e-01  -3.6 2.04e+00    -  4.75e-01 7.64e-02h  4
1267  1.9800074e+03 2.62e-02 1.11e-01  -3.6 6.48e-01    -  1.00e+00 2.50e-01h  3
1268  1.9800073e+03 2.80e-02 3.35e-01  -3.6 8.02e-01    -  1.00e+00 2.50e-01h  3
1269  1.9800072e+03 3.08e-02 2.30e-01  -3.6 2.65e+00    -  7.13e-01 5.51e-02h  5
iter    objective    inf_pr   inf_du lg(mu)  ||d||  lg(rg) alpha_du alpha_pr  ls
1270  1.9800072e+03 2.53e-02 1.83e-01  -3.6 1.25e+00    -  1.00e+00 1.25e-01h  4
1271  1.9800070e+03 2.21e-02 2.26e-01  -3.6 1.74e+00    -  7.54e-01 6.16e-02h  5
1272  1.9800079e+03 2.22e-02 1.96e-01  -3.6 7.97e-01    -  1.00e+00 2.50e-01h  3
1273  1.9800086e+03 3.32e-02 9.60e-02  -3.6 4.61e-01    -  1.00e+00 5.00e-01h  2
1274  1.9800092e+03 2.53e-02 5.63e-02  -3.6 7.33e-01    -  1.00e+00 4.01e-01h  1
1275  1.9800070e+03 9.99e-03 1.53e-02  -3.6 2.86e-01    -  1.00e+00 1.00e+00h  1
1276  1.9800076e+03 1.10e-02 4.84e-02  -3.6 1.25e+00    -  5.62e-01 1.23e-01h  4
1277  1.9800076e+03 1.01e-02 9.00e-02  -3.6 6.13e-01    -  1.00e+00 3.93e-02H  1
1278  1.9800079e+03 1.58e-02 2.78e-02  -3.6 5.23e-01    -  1.00e+00 5.00e-01f  2
1279  1.9800156e+03 7.40e-03 1.89e-02  -3.6 5.53e-01    -  1.00e+00 1.00e+00h  1
iter    objective    inf_pr   inf_du lg(mu)  ||d||  lg(rg) alpha_du alpha_pr  ls
1280  1.9800068e+03 5.96e-03 4.60e-03  -3.6 4.67e-01    -  1.00e+00 1.00e+00h  1
1281  1.9800068e+03 5.35e-04 4.12e-03  -4.0 5.32e-02    -  1.00e+00 9.96e-01h  1
1282  1.9800069e+03 1.09e-03 1.87e-02  -4.0 3.43e-02    -  1.00e+00 1.00e+00h  1
1283  1.9800068e+03 4.46e-04 1.36e-03  -4.0 2.29e-02    -  1.00e+00 1.00e+00h  1
1284  1.9800068e+03 1.01e-04 7.43e-03  -4.0 1.30e-02    -  1.00e+00 1.00e+00h  1
1285  1.9800068e+03 1.54e-04 2.17e-02  -4.0 1.85e-02    -  1.00e+00 1.00e+00h  1
1286  1.9800068e+03 7.15e-05 3.33e-03  -4.0 1.12e-02    -  1.00e+00 1.00e+00h  1
1287  1.9800068e+03 2.78e-05 2.40e-02  -4.0 6.23e-03    -  1.00e+00 1.00e+00h  1
1288  1.9800068e+03 5.93e-05 4.17e-02  -4.0 7.54e-03    -  1.00e+00 1.00e+00h  1
1289  1.9800068e+03 3.12e-05 3.64e-02  -4.0 7.61e-03    -  1.00e+00 1.00e+00h  1
iter    objective    inf_pr   inf_du lg(mu)  ||d||  lg(rg) alpha_du alpha_pr  ls
1290  1.9800068e+03 1.55e-05 1.14e-02  -4.0 8.01e-03    -  1.00e+00 1.00e+00h  1
1291  1.9800068e+03 1.74e-05 1.88e-02  -4.0 7.77e-03    -  1.00e+00 1.00e+00h  1
1292  1.9800068e+03 6.93e-05 5.60e-03  -4.0 1.65e-02    -  1.00e+00 1.00e+00h  1
1293  1.9800069e+03 2.01e-05 2.10e-02  -4.1 2.76e-02    -  1.00e+00 1.00e+00H  1
1294  1.9800068e+03 1.37e-04 3.23e-02  -4.1 3.78e-02    -  1.00e+00 1.00e+00h  1
1295  1.9800068e+03 4.59e-05 4.05e-03  -4.1 1.25e-02    -  1.00e+00 1.00e+00h  1
1296  1.9800068e+03 2.00e-05 9.02e-03  -4.1 2.30e-02    -  1.00e+00 1.00e+00h  1
1297  1.9800068e+03 1.15e-05 2.20e-03  -4.1 1.95e-02    -  1.00e+00 1.00e+00h  1
1298  1.9800068e+03 5.50e-06 1.20e-02  -4.1 8.66e-03    -  1.00e+00 1.00e+00h  1
1299  1.9800068e+03 8.42e-06 2.74e-03  -4.0 6.75e-03    -  1.00e+00 1.00e+00h  1
iter    objective    inf_pr   inf_du lg(mu)  ||d||  lg(rg) alpha_du alpha_pr  ls
1300  1.9800068e+03 5.46e-07 3.13e-03  -4.0 1.37e-03    -  1.00e+00 1.00e+00h  1
1301  1.9800068e+03 3.12e-08 9.18e-04  -4.0 1.23e-03    -  1.00e+00 1.00e+00H  1
1302  1.9800068e+03 1.13e-07 7.65e-04  -4.0 9.38e-04    -  1.00e+00 1.00e+00h  1
1303  1.9800068e+03 4.69e-05 1.36e-02  -4.0 1.76e-02    -  1.00e+00 1.00e+00h  1
1304  1.9800068e+03 1.05e-04 9.03e-02  -4.1 1.79e-01    -  1.00e+00 1.25e-01h  4
1305  1.9800068e+03 3.84e-06 2.56e-02  -4.1 3.17e-02    -  1.00e+00 1.00e+00H  1
1306  1.9800068e+03 2.19e-05 3.31e-02  -4.1 1.07e-01    -  1.00e+00 1.25e-01h  4
1307  1.9800068e+03 1.71e-04 5.03e-02  -4.1 5.08e-02    -  1.00e+00 5.00e-01h  2
1308  1.9800068e+03 9.56e-05 5.44e-02  -4.1 4.74e-02    -  1.00e+00 5.00e-01h  2
1309  1.9800068e+03 9.92e-04 9.76e-02  -4.1 1.74e-01    -  1.00e+00 5.00e-01h  2
iter    objective    inf_pr   inf_du lg(mu)  ||d||  lg(rg) alpha_du alpha_pr  ls
1310  1.9800068e+03 2.65e-04 1.58e-02  -4.1 4.56e-02    -  1.00e+00 1.00e+00h  1
1311  1.9800068e+03 4.40e-04 1.19e-02  -4.0 4.65e-02    -  1.00e+00 1.00e+00h  1
1312  1.9800068e+03 2.13e-04 2.54e-02  -4.1 5.27e-02    -  1.00e+00 1.00e+00H  1
1313  1.9800068e+03 2.25e-04 1.12e-01  -4.1 4.13e-01    -  1.00e+00 6.25e-02h  5
1314  1.9800068e+03 2.36e-04 1.48e-01  -4.1 4.19e-01    -  1.00e+00 3.12e-02h  6
1315  1.9800068e+03 2.40e-04 1.31e-01  -4.1 6.80e-01    -  1.00e+00 1.56e-02h  7
1316  1.9800068e+03 3.08e-04 1.97e-02  -4.0 2.30e-02    -  1.00e+00 1.00e+00h  1
1317  1.9800069e+03 1.30e-04 4.43e-02  -4.1 7.44e-02    -  1.00e+00 1.00e+00H  1
1318  1.9800068e+03 1.18e-04 2.24e-01  -4.1 9.12e-02    -  1.00e+00 2.50e-01h  3
1319  1.9800068e+03 1.21e-04 1.62e-01  -4.1 2.43e-01    -  1.00e+00 3.12e-02h  6
iter    objective    inf_pr   inf_du lg(mu)  ||d||  lg(rg) alpha_du alpha_pr  ls
1320  1.9800068e+03 1.31e-04 5.56e-01  -4.1 2.39e-01    -  1.00e+00 6.25e-02h  5
1321  1.9800068e+03 1.31e-04 2.02e-01  -4.1 2.77e-01    -  1.00e+00 1.56e-02h  7
1322  1.9800075e+03 1.65e-04 5.26e-02  -4.1 1.45e-01    -  1.00e+00 1.00e+00H  1
1323  1.9800068e+03 3.61e-04 1.20e-02  -4.1 1.53e-01    -  1.00e+00 1.00e+00h  1
1324  1.9800068e+03 7.81e-04 2.67e-02  -4.1 5.44e-02    -  1.00e+00 1.00e+00h  1
1325  1.9800068e+03 7.72e-04 5.16e-02  -4.1 1.16e-01    -  1.00e+00 5.00e-01h  2
1326  1.9800068e+03 9.64e-04 2.58e-01  -4.1 2.02e-01    -  1.00e+00 2.50e-01h  3
1327  1.9800068e+03 7.54e-04 2.39e-01  -4.1 2.10e-01    -  1.00e+00 2.50e-01h  3
1328  1.9800068e+03 5.58e-05 1.62e-02  -4.1 5.90e-02    -  1.00e+00 1.00e+00h  1
1329  1.9800068e+03 7.03e-04 9.53e-03  -4.1 6.16e-02    -  1.00e+00 1.00e+00h  1
iter    objective    inf_pr   inf_du lg(mu)  ||d||  lg(rg) alpha_du alpha_pr  ls
1330  1.9800068e+03 3.49e-04 6.63e-02  -4.1 2.11e-02    -  1.00e+00 5.00e-01h  2
1331  1.9800068e+03 2.78e-04 1.45e-02  -4.1 6.39e-02    -  1.00e+00 5.00e-01h  2
1332  1.9800068e+03 2.66e-04 1.46e-01  -4.1 2.16e-01    -  1.00e+00 6.25e-02h  5
1333  1.9800068e+03 2.02e-04 1.46e-01  -4.1 4.01e-02    -  1.00e+00 2.50e-01h  3
1334  1.9800068e+03 1.59e-04 1.50e-01  -4.1 2.77e-02    -  1.00e+00 2.50e-01h  3
1335  1.9800068e+03 2.98e-05 3.70e-02  -4.0 4.44e-02    -  1.00e+00 1.00e+00H  1
1336  1.9800068e+03 3.50e-05 6.33e-02  -4.0 8.88e-02    -  1.00e+00 1.25e-01h  4
1337  1.9800068e+03 3.01e-04 5.85e-03  -4.0 4.33e-02    -  1.00e+00 1.00e+00h  1
1338  1.9800068e+03 3.25e-04 7.51e-01  -4.1 2.29e-01    -  6.89e-01 6.25e-02h  5
1339  1.9800068e+03 6.06e-05 3.47e-03  -4.1 1.38e-02    -  1.00e+00 1.00e+00h  1
iter    objective    inf_pr   inf_du lg(mu)  ||d||  lg(rg) alpha_du alpha_pr  ls
1340  1.9800068e+03 1.23e-05 4.50e-03  -4.0 6.51e-03    -  1.00e+00 1.00e+00h  1
1341  1.9800068e+03 1.59e-06 2.64e-03  -4.0 1.00e-02    -  1.00e+00 1.00e+00h  1
1342  1.9800068e+03 2.61e-06 3.78e-03  -4.0 3.61e-03    -  1.00e+00 1.00e+00h  1
1343  1.9800068e+03 1.94e-06 1.69e-02  -4.0 2.69e-02    -  1.00e+00 1.00e+00H  1
1344  1.9800068e+03 6.05e-06 5.61e-03  -4.1 2.61e-02    -  1.00e+00 1.00e+00h  1
1345  1.9800068e+03 1.99e-06 1.03e-02  -4.0 2.02e-02    -  1.00e+00 1.00e+00H  1
1346  1.9800068e+03 2.35e-06 6.72e-03  -4.1 1.78e-02    -  1.00e+00 1.00e+00h  1
1347  1.9800068e+03 8.15e-06 3.67e-03  -4.0 8.37e-03    -  1.00e+00 1.00e+00h  1
1348  1.9800068e+03 7.75e-06 1.89e-02  -4.0 3.78e-02    -  1.00e+00 2.50e-01h  3
1349  1.9800068e+03 1.87e-05 1.66e-01  -4.0 1.86e-01    -  1.00e+00 6.25e-02h  5
iter    objective    inf_pr   inf_du lg(mu)  ||d||  lg(rg) alpha_du alpha_pr  ls
1350  1.9800068e+03 1.40e-04 1.56e-02  -4.1 2.20e-02    -  1.00e+00 1.00e+00h  1
1351  1.9800068e+03 1.21e-04 2.30e-01  -4.0 8.58e-02    -  1.00e+00 5.00e-01h  2
1352  1.9800068e+03 1.44e-04 1.63e-02  -4.1 4.01e-02    -  1.00e+00 1.00e+00h  1
1353  1.9800068e+03 1.49e-04 2.12e-01  -4.1 4.76e-01    -  1.00e+00 6.25e-02h  5
1354  1.9800068e+03 1.33e-04 1.16e-01  -4.0 2.43e-01    -  1.00e+00 1.25e-01h  4
1355  1.9800068e+03 1.30e-04 5.60e-02  -4.1 9.36e-02    -  1.00e+00 2.50e-01h  3
1356  1.9800068e+03 3.65e-04 1.65e-01  -4.0 1.02e+00    -  1.00e+00 6.25e-02h  5
1357  1.9800068e+03 3.73e-04 4.39e-01  -4.1 4.16e-01    -  1.00e+00 6.25e-02h  5
1358  1.9800068e+03 3.59e-04 2.06e-01  -4.1 1.92e-01    -  1.00e+00 2.50e-01h  3
1359  1.9800068e+03 4.29e-04 1.88e-01  -4.1 2.34e-01    -  1.00e+00 1.25e-01h  4
iter    objective    inf_pr   inf_du lg(mu)  ||d||  lg(rg) alpha_du alpha_pr  ls
1360  1.9800067e+03 8.20e-04 4.73e-02  -4.1 3.10e-01    -  1.00e+00 2.50e-01h  3
1361  1.9800068e+03 7.04e-04 4.43e-01  -3.7 6.62e-01    -  9.63e-01 6.25e-02h  5
1362  1.9800068e+03 7.25e-04 6.38e-01  -3.8 7.46e-01    -  1.00e+00 9.51e-03H  1
1363  1.9800068e+03 6.35e-04 9.69e-01  -3.8 8.19e-02    -  1.00e+00 5.00e-01f  2
1364  1.9800068e+03 3.32e-04 7.79e-01  -3.8 1.41e-01    -  1.00e+00 2.50e-01h  3
1365  1.9800068e+03 8.87e-04 2.27e-01  -3.8 1.15e-01    -  1.00e+00 5.00e-01h  2
1366  1.9800068e+03 2.48e-03 7.79e-01  -3.8 6.43e-01    -  6.91e-01 1.25e-01h  4
1367  1.9800069e+03 1.36e-04 2.11e-02  -3.8 9.08e-02    -  1.00e+00 1.00e+00H  1
1368  1.9800069e+03 7.86e-04 3.73e-01  -3.8 4.06e-01    -  1.00e+00 2.50e-01h  3
1369  1.9800067e+03 8.11e-04 2.53e-02  -3.8 5.63e-02    -  1.00e+00 1.00e+00h  1
iter    objective    inf_pr   inf_du lg(mu)  ||d||  lg(rg) alpha_du alpha_pr  ls
1370  1.9800067e+03 9.34e-04 2.34e-01  -4.0 1.53e-01    -  1.00e+00 1.25e-01h  4
1371  1.9800069e+03 2.31e-04 3.80e-02  -4.0 9.41e-02    -  1.00e+00 1.00e+00h  1
1372  1.9800067e+03 2.24e-04 2.24e-02  -4.1 1.02e-01    -  1.00e+00 1.00e+00h  1
1373  1.9800067e+03 4.44e-04 3.63e-03  -4.0 3.41e-02    -  1.00e+00 1.00e+00h  1
1374  1.9800067e+03 4.24e-04 1.77e-01  -4.1 8.85e-02    -  1.00e+00 2.50e-01h  3
1375  1.9800069e+03 4.28e-05 1.74e-02  -4.1 7.77e-02    -  1.00e+00 1.00e+00h  1
1376  1.9800067e+03 1.69e-04 1.06e-02  -4.1 6.79e-02    -  1.00e+00 1.00e+00h  1
1377  1.9800067e+03 9.94e-05 6.53e-02  -4.0 2.92e-02    -  1.00e+00 5.00e-01h  2
1378  1.9800067e+03 1.57e-04 2.32e-02  -4.0 1.43e-02    -  1.00e+00 1.00e+00h  1
1379  1.9800067e+03 6.68e-05 4.14e-02  -4.0 2.96e-02    -  1.00e+00 1.00e+00H  1
iter    objective    inf_pr   inf_du lg(mu)  ||d||  lg(rg) alpha_du alpha_pr  ls
1380  1.9800067e+03 2.70e-05 8.68e-03  -4.0 2.15e-02    -  1.00e+00 1.00e+00h  1
1381  1.9800067e+03 3.48e-06 4.08e-03  -4.0 6.84e-03    -  1.00e+00 1.00e+00H  1
1382  1.9800067e+03 1.49e-06 1.85e-03  -4.0 5.00e-03    -  1.00e+00 1.00e+00h  1
1383  1.9800067e+03 3.68e-08 1.58e-04  -4.0 1.52e-03    -  1.00e+00 1.00e+00h  1
1384  1.9800067e+03 1.55e-08 3.16e-04  -4.0 8.98e-04    -  1.00e+00 1.00e+00h  1
1385  1.9800067e+03 1.06e-05 1.03e-02  -4.0 6.58e-03    -  1.00e+00 1.00e+00h  1
1386  1.9800067e+03 1.41e-06 3.46e-03  -4.1 4.37e-03    -  1.00e+00 1.00e+00h  1
1387  1.9800067e+03 6.10e-07 1.18e-03  -4.0 2.55e-03    -  1.00e+00 1.00e+00h  1
1388  1.9800067e+03 1.04e-09 1.69e-03  -4.0 2.51e-03    -  1.00e+00 1.00e+00H  1
1389  1.9800067e+03 3.40e-05 2.08e-01  -4.0 1.53e-01    -  1.00e+00 1.25e-01h  4
iter    objective    inf_pr   inf_du lg(mu)  ||d||  lg(rg) alpha_du alpha_pr  ls
1390  1.9800067e+03 6.62e-05 9.67e-02  -4.1 2.21e-01    -  1.00e+00 1.25e-01h  4
1391  1.9800068e+03 1.12e-04 5.81e-02  -4.0 7.38e-02    -  1.00e+00 1.00e+00H  1
1392  1.9800068e+03 1.84e-04 2.65e-01  -4.1 4.49e-01    -  1.00e+00 1.25e-01h  4
1393  1.9800068e+03 1.18e-03 2.20e-01  -4.1 1.07e-01    -  1.00e+00 5.00e-01h  2
1394  1.9800076e+03 3.33e-05 1.53e-01  -4.1 1.93e-01    -  1.00e+00 1.00e+00H  1
1395  1.9800074e+03 6.25e-05 4.28e-01  -4.1 1.87e-01    -  1.00e+00 1.25e-01h  4
1396  1.9800074e+03 6.35e-05 1.03e+00  -4.1 2.04e+00    -  1.00e+00 1.95e-03h 10
1397  1.9800073e+03 6.30e-05 8.15e-01  -4.1 4.54e-01    -  1.00e+00 7.81e-03h  8
1398  1.9800073e+03 6.27e-05 9.01e-01  -4.1 1.76e+00    -  1.78e-01 2.13e-03h  9
1399  1.9800074e+03 7.88e-04 7.29e-01  -4.1 5.26e-01    -  1.00e+00 1.25e-01h  4
iter    objective    inf_pr   inf_du lg(mu)  ||d||  lg(rg) alpha_du alpha_pr  ls
1400  1.9800067e+03 2.62e-03 3.26e-02  -4.1 1.85e-01    -  1.00e+00 1.00e+00h  1
1401  1.9800072e+03 6.77e-04 1.18e-01  -4.1 2.89e-01    -  1.00e+00 1.00e+00H  1
1402  1.9800071e+03 1.49e-03 1.78e-01  -4.1 2.28e+00    -  1.00e+00 6.25e-02h  5
1403  1.9800071e+03 4.39e-03 2.42e-01  -4.1 6.60e-01    -  1.00e+00 2.50e-01h  3
1404  1.9800067e+03 2.89e-03 4.00e-02  -4.1 1.73e-01    -  1.00e+00 1.00e+00h  1
1405  1.9800067e+03 2.70e-03 2.92e-01  -4.0 6.17e-01    -  1.00e+00 1.25e-01h  4
1406  1.9800068e+03 2.67e-03 2.26e-01  -4.1 4.71e-01    -  1.00e+00 1.25e-01h  4
1407  1.9800081e+03 1.86e-03 1.70e-02  -4.1 2.06e-01    -  1.00e+00 1.00e+00h  1
1408  1.9800067e+03 9.21e-04 9.85e-03  -4.1 1.73e-01    -  1.00e+00 1.00e+00h  1
1409  1.9800067e+03 5.36e-04 1.78e-02  -4.0 8.72e-02    -  1.00e+00 1.00e+00h  1
iter    objective    inf_pr   inf_du lg(mu)  ||d||  lg(rg) alpha_du alpha_pr  ls
1410  1.9800067e+03 6.80e-04 2.97e-01  -4.0 4.23e-01    -  1.00e+00 1.25e-01h  4
1411  1.9800072e+03 7.62e-04 9.17e-02  -4.0 1.69e-01    -  1.00e+00 5.00e-01h  2
1412  1.9800067e+03 7.08e-04 9.85e-03  -4.1 9.16e-02    -  1.00e+00 1.00e+00h  1
1413  1.9800068e+03 4.47e-04 4.23e-01  -4.0 1.64e-01    -  1.00e+00 4.19e-01H  1
1414  1.9800067e+03 3.86e-04 1.90e-02  -4.1 8.95e-02    -  1.00e+00 1.00e+00h  1
1415  1.9800067e+03 3.15e-04 2.18e-02  -4.0 1.61e-01    -  1.00e+00 2.50e-01h  3
1416  1.9800067e+03 2.23e-03 4.66e-02  -4.0 1.16e-01    -  1.00e+00 1.00e+00h  1
1417  1.9800067e+03 1.81e-03 1.10e-01  -4.1 1.98e-01    -  1.00e+00 2.50e-01h  3
1418  1.9800067e+03 2.00e-03 2.19e-01  -4.1 8.29e-01    -  1.00e+00 1.25e-01h  4
1419  1.9800067e+03 2.03e-03 2.23e-01  -4.1 4.76e-01    -  5.75e-01 6.25e-02h  5
iter    objective    inf_pr   inf_du lg(mu)  ||d||  lg(rg) alpha_du alpha_pr  ls
1420  1.9800067e+03 3.32e-03 6.60e-02  -4.1 2.15e-01    -  1.00e+00 2.89e-01H  1
1421  1.9800070e+03 2.34e-03 2.75e-02  -4.0 2.04e-01    -  1.00e+00 5.00e-01f  2
1422  1.9800068e+03 3.07e-04 2.06e-02  -4.1 1.26e-01    -  1.00e+00 1.00e+00h  1
1423  1.9800068e+03 1.25e-03 2.35e-02  -4.1 1.28e-01    -  1.00e+00 1.00e+00h  1
1424  1.9800067e+03 7.87e-04 3.11e-02  -4.1 8.61e-02    -  1.00e+00 5.00e-01h  2
1425  1.9800068e+03 6.17e-04 2.03e-02  -4.1 9.05e-02    -  1.00e+00 1.00e+00h  1
1426  1.9800067e+03 1.65e-04 2.95e-03  -4.1 7.82e-02    -  1.00e+00 1.00e+00h  1
1427  1.9800067e+03 2.97e-05 8.49e-03  -4.0 1.64e-02    -  1.00e+00 1.00e+00h  1
1428  1.9800067e+03 5.61e-05 2.37e-02  -4.0 1.65e-02    -  1.00e+00 1.00e+00h  1
1429  1.9800067e+03 2.65e-05 2.49e-03  -4.0 1.49e-02    -  1.00e+00 1.00e+00h  1
iter    objective    inf_pr   inf_du lg(mu)  ||d||  lg(rg) alpha_du alpha_pr  ls
1430  1.9800067e+03 7.90e-06 7.65e-03  -4.0 3.58e-03    -  1.00e+00 1.00e+00h  1
1431  1.9800067e+03 2.87e-06 2.79e-03  -4.0 2.91e-03    -  1.00e+00 1.00e+00h  1
1432  1.9800067e+03 2.70e-07 1.41e-03  -4.0 1.69e-03    -  1.00e+00 1.00e+00h  1
1433  1.9800067e+03 2.14e-05 8.33e-03  -4.0 1.24e-02    -  1.00e+00 1.00e+00h  1
1434  1.9800067e+03 1.91e-05 2.88e-01  -4.1 4.32e-02    -  1.00e+00 1.25e-01h  4
1435  1.9800067e+03 1.44e-06 3.17e-03  -4.1 4.73e-03    -  1.00e+00 1.00e+00h  1
1436  1.9800067e+03 9.90e-07 2.00e-03  -4.1 3.87e-03    -  1.00e+00 1.00e+00h  1
1437  1.9800067e+03 2.98e-07 1.51e-03  -4.1 2.77e-03    -  1.00e+00 1.00e+00h  1
1438  1.9800067e+03 1.36e-06 3.30e-03  -4.1 2.51e-03    -  1.00e+00 1.00e+00h  1
1439  1.9800067e+03 1.21e-07 3.89e-03  -4.1 7.91e-03    -  1.00e+00 1.00e+00H  1
iter    objective    inf_pr   inf_du lg(mu)  ||d||  lg(rg) alpha_du alpha_pr  ls
1440  1.9800067e+03 2.17e-05 6.60e-02  -4.0 2.05e-02    -  1.00e+00 5.00e-01h  2
1441  1.9800067e+03 8.70e-06 5.27e-03  -4.1 1.56e-02    -  1.00e+00 1.00e+00h  1
1442  1.9800067e+03 6.54e-06 6.08e-03  -4.1 7.94e-03    -  1.00e+00 1.00e+00h  1
1443  1.9800067e+03 5.45e-06 6.14e-03  -4.1 1.26e-02    -  1.00e+00 1.00e+00h  1
1444  1.9800067e+03 5.53e-06 5.60e-03  -4.1 9.89e-03    -  1.00e+00 1.00e+00h  1
1445  1.9800067e+03 2.44e-05 8.85e-03  -4.0 1.67e-02    -  1.00e+00 1.00e+00h  1
1446  1.9800067e+03 1.58e-05 2.09e-03  -4.1 2.22e-02    -  1.00e+00 1.00e+00h  1
1447  1.9800067e+03 1.78e-06 2.58e-03  -4.1 1.48e-02    -  1.00e+00 1.00e+00h  1
1448  1.9800067e+03 1.02e-06 5.68e-03  -4.0 3.70e-03    -  1.00e+00 1.00e+00h  1
1449  1.9800067e+03 5.67e-07 6.33e-04  -4.1 1.20e-03    -  1.00e+00 1.00e+00h  1
iter    objective    inf_pr   inf_du lg(mu)  ||d||  lg(rg) alpha_du alpha_pr  ls
1450  1.9800067e+03 7.00e-07 2.70e-03  -6.1 1.19e-03    -  1.00e+00 1.00e+00h  1
1451  1.9800067e+03 7.99e-05 7.00e-01  -4.0 4.47e-02    -  1.00e+00 2.50e-01h  3
1452  1.9800067e+03 4.11e-05 5.16e-03  -4.1 1.20e-02    -  1.00e+00 1.00e+00h  1
1453  1.9800067e+03 2.19e-05 2.23e-02  -4.1 9.39e-03    -  1.00e+00 9.95e-01H  1
1454  1.9800067e+03 5.07e-05 9.51e-04  -4.0 7.10e-03    -  1.00e+00 1.00e+00f  1
1455  1.9800067e+03 5.86e-07 6.94e-04  -4.1 9.00e-04    -  1.00e+00 1.00e+00h  1
1456  1.9800067e+03 8.27e-08 4.58e-04  -4.0 3.17e-04    -  1.00e+00 1.00e+00h  1
1457  1.9800067e+03 4.19e-09 1.38e-04  -4.0 1.67e-04    -  1.00e+00 1.00e+00h  1
1458  1.9800067e+03 1.37e-07 1.59e-03  -4.0 7.24e-04    -  1.00e+00 1.00e+00h  1
1459  1.9800067e+03 2.72e-06 4.65e-03  -4.0 2.88e-03    -  1.00e+00 1.00e+00h  1
iter    objective    inf_pr   inf_du lg(mu)  ||d||  lg(rg) alpha_du alpha_pr  ls
1460  1.9800067e+03 2.42e-07 2.47e-03  -4.0 2.60e-03    -  1.00e+00 1.00e+00h  1
1461  1.9800067e+03 2.17e-07 9.35e-04  -4.0 1.19e-03    -  1.00e+00 1.00e+00h  1
1462  1.9800067e+03 1.36e-08 8.66e-03  -4.1 1.99e-02    -  1.00e+00 1.00e+00H  1
1463  1.9800067e+03 2.50e-04 7.50e-02  -4.0 8.97e-02    -  1.00e+00 5.00e-01h  2
1464  1.9800067e+03 2.77e-04 6.06e-02  -4.1 9.98e-01    -  1.00e+00 1.56e-02h  7
1465  1.9800067e+03 2.45e-04 1.72e-01  -4.1 1.59e-01    -  1.00e+00 6.25e-02h  5
1466  1.9800067e+03 1.87e-04 1.13e-01  -4.1 2.58e-01    -  1.00e+00 6.25e-02h  5
1467  1.9800067e+03 1.43e-04 2.03e-02  -4.1 3.80e-02    -  1.00e+00 1.00e+00h  1
1468  1.9800067e+03 2.77e-04 6.26e-01  -4.1 2.61e+00    -  6.75e-01 1.56e-02h  7
1469  1.9800067e+03 4.53e-04 5.32e-02  -4.1 1.87e+00    -  1.00e+00 2.17e-02h  6
iter    objective    inf_pr   inf_du lg(mu)  ||d||  lg(rg) alpha_du alpha_pr  ls
1470  1.9800066e+03 4.47e-04 7.57e-02  -4.0 8.24e-01    -  1.00e+00 3.12e-02h  6
1471  1.9800066e+03 5.40e-04 5.30e-02  -4.0 5.29e-01    -  1.00e+00 1.25e-01h  4
1472  1.9800066e+03 9.50e-04 1.84e-01  -4.0 4.65e+00    -  9.77e-01 1.49e-02h  7
1473  1.9800075e+03 5.78e-02 4.63e-01  -3.2 2.83e+00    -  9.59e-01 2.50e-01h  3
1474  1.9800076e+03 5.96e-02 3.02e-01  -3.3 3.50e+00    -  2.95e-01 4.18e-03H  1
1475  1.9800073e+03 5.43e-02 2.42e-01  -3.3 1.82e+00    -  1.00e+00 1.25e-01h  4
1476  1.9800071e+03 5.83e-02 4.09e-01  -3.3 4.61e+00    -  6.21e-01 6.25e-02h  5
1477  1.9800071e+03 5.82e-02 1.26e+00  -3.3 1.86e+01    -  7.30e-01 9.21e-04H  1
1478  1.9800071e+03 5.20e-02 3.02e-01  -3.3 1.65e+00    -  1.00e+00 2.50e-01h  3
1479  1.9800073e+03 4.23e-02 1.60e-01  -3.3 3.83e+00    -  6.07e-01 8.82e-02h  4
iter    objective    inf_pr   inf_du lg(mu)  ||d||  lg(rg) alpha_du alpha_pr  ls
1480  1.9800105e+03 3.17e-02 1.57e-01  -3.3 5.72e-01    -  1.00e+00 1.00e+00h  1
1481  1.9800091e+03 2.56e-02 1.03e-01  -3.3 1.18e+00    -  6.98e-01 2.50e-01h  3
1482  1.9800076e+03 4.33e-02 8.64e-02  -3.3 5.15e+00    -  5.86e-01 9.27e-02h  4
1483  1.9800068e+03 3.99e-02 5.30e-02  -3.3 1.30e+00    -  1.00e+00 2.50e-01h  3
1484  1.9800066e+03 3.73e-02 1.54e-01  -3.3 3.48e+00    -  1.00e+00 6.25e-02h  5
1485  1.9800072e+03 3.11e-02 1.25e-02  -4.0 3.99e-01    -  1.00e+00 1.00e+00h  1
1486  1.9800072e+03 2.32e-02 9.54e-03  -4.1 1.99e+00    -  1.00e+00 1.25e-01h  4
1487  1.9800069e+03 2.07e-02 3.23e-01  -4.1 1.41e+00    -  1.00e+00 9.46e-02H  1
1488  1.9800068e+03 2.45e-02 5.26e-02  -4.1 2.13e+00    -  9.67e-01 1.25e-01h  4
1489  1.9800070e+03 2.18e-02 4.64e-02  -4.1 3.17e+01    -  5.78e-02 3.98e-03h  5
iter    objective    inf_pr   inf_du lg(mu)  ||d||  lg(rg) alpha_du alpha_pr  ls
1490  1.9800068e+03 3.02e-02 2.64e-02  -4.1 5.28e+00    -  6.75e-01 5.63e-02h  5
1491  1.9800113e+03 1.48e-02 2.79e-02  -4.1 4.81e-01    -  1.00e+00 1.00e+00H  1
1492  1.9800089e+03 2.27e-02 3.20e-02  -4.1 4.76e-01    -  1.00e+00 1.00e+00H  1
1493  1.9800081e+03 2.15e-02 4.46e-01  -4.1 2.69e+00    -  4.78e-01 5.36e-02H  1
1494  1.9800073e+03 7.29e-03 3.52e-02  -4.1 4.29e-01    -  1.00e+00 1.00e+00H  1
1495  1.9800071e+03 8.23e-03 3.69e-02  -4.1 2.10e+00    -  6.26e-01 8.59e-02h  4
1496  1.9800068e+03 1.24e-02 5.15e-02  -4.1 8.88e-01    -  7.96e-01 2.50e-01h  3
1497  1.9800068e+03 1.34e-02 2.93e-02  -4.1 5.12e+00    -  3.06e-01 1.83e-02h  5
1498  1.9800076e+03 1.40e-02 6.77e-03  -4.1 1.83e-01    -  1.00e+00 1.00e+00h  1
1499  1.9800071e+03 5.97e-03 1.23e-02  -4.1 3.03e-01    -  1.00e+00 1.00e+00h  1
iter    objective    inf_pr   inf_du lg(mu)  ||d||  lg(rg) alpha_du alpha_pr  ls
1500  1.9800073e+03 6.02e-03 2.10e-01  -4.1 3.51e-01    -  1.00e+00 2.58e-01H  1
1501  1.9800065e+03 5.34e-04 7.84e-03  -4.1 1.84e-01    -  1.00e+00 1.00e+00h  1
1502  1.9800064e+03 4.33e-04 2.82e-03  -4.0 3.21e-02    -  1.00e+00 1.00e+00h  1
1503  1.9800065e+03 9.87e-05 6.42e-03  -4.0 1.27e-02    -  1.00e+00 1.00e+00h  1
1504  1.9800065e+03 7.92e-06 7.56e-03  -4.0 4.15e-03    -  1.00e+00 1.00e+00h  1
1505  1.9800065e+03 9.33e-06 3.71e-03  -4.0 4.02e-03    -  1.00e+00 1.00e+00h  1
1506  1.9800065e+03 1.84e-06 1.97e-03  -4.1 2.35e-03    -  1.00e+00 1.00e+00h  1
1507  1.9800065e+03 1.76e-05 1.48e-02  -4.0 8.29e-03    -  1.00e+00 1.00e+00h  1
1508  1.9800065e+03 3.80e-06 5.35e-03  -4.0 2.90e-03    -  1.00e+00 1.00e+00h  1
1509  1.9800064e+03 2.26e-08 1.99e-03  -4.0 3.23e-03    -  1.00e+00 1.00e+00H  1
iter    objective    inf_pr   inf_du lg(mu)  ||d||  lg(rg) alpha_du alpha_pr  ls
1510  1.9800064e+03 7.36e-05 1.18e-02  -4.0 1.58e-02    -  1.00e+00 1.00e+00h  1
1511  1.9800064e+03 2.38e-04 4.13e-02  -4.0 1.96e-01    -  1.00e+00 1.25e-01h  4
1512  1.9800064e+03 2.75e-04 4.99e-02  -4.0 4.06e-02    -  1.00e+00 1.00e+00h  1
1513  1.9800064e+03 3.30e-04 7.02e-02  -4.0 3.88e-01    -  1.00e+00 6.25e-02h  5
1514  1.9800064e+03 1.02e-04 2.69e-02  -4.0 3.04e-02    -  1.00e+00 1.00e+00h  1
1515  1.9800064e+03 2.31e-03 7.99e-01  -3.7 1.02e+00    -  9.74e-01 1.25e-01h  4
1516  1.9800065e+03 2.12e-03 2.09e-01  -3.8 3.79e-01    -  1.00e+00 1.25e-01h  4
1517  1.9800065e+03 3.18e-03 3.94e-02  -3.8 1.07e-01    -  1.00e+00 1.00e+00h  1
1518  1.9800064e+03 3.03e-03 4.68e-01  -3.8 3.59e-01    -  1.00e+00 1.25e-01h  4
1519  1.9800064e+03 1.59e-03 7.79e-02  -3.8 9.30e-02    -  1.00e+00 1.00e+00h  1
iter    objective    inf_pr   inf_du lg(mu)  ||d||  lg(rg) alpha_du alpha_pr  ls
1520  1.9800066e+03 1.15e-03 1.49e-01  -3.8 1.42e-01    -  1.00e+00 1.00e+00H  1
1521  1.9800067e+03 1.07e-03 1.11e-01  -3.8 1.34e-01    -  1.00e+00 1.00e+00h  1
1522  1.9800065e+03 2.22e-03 2.87e-01  -3.8 1.85e-01    -  1.00e+00 5.00e-01h  2
1523  1.9800065e+03 1.78e-03 3.40e-01  -3.8 1.78e-01    -  7.76e-01 5.00e-01h  2
1524  1.9800064e+03 1.68e-03 3.90e-02  -3.8 8.31e-02    -  1.00e+00 1.00e+00h  1
1525  1.9800064e+03 1.14e-03 1.37e-01  -3.8 9.15e-02    -  1.00e+00 5.00e-01h  2
1526  1.9800064e+03 5.45e-04 1.89e-02  -4.0 5.12e-02    -  1.00e+00 1.00e+00h  1
1527  1.9800068e+03 4.78e-04 8.26e-02  -4.0 1.02e-01    -  1.00e+00 7.94e-01H  1
1528  1.9800064e+03 1.92e-03 2.30e-02  -4.1 8.90e-02    -  1.00e+00 1.00e+00h  1
1529  1.9800064e+03 9.37e-05 8.51e-03  -4.0 2.39e-02    -  1.00e+00 1.00e+00h  1
iter    objective    inf_pr   inf_du lg(mu)  ||d||  lg(rg) alpha_du alpha_pr  ls
1530  1.9800064e+03 3.10e-05 8.80e-03  -4.0 2.95e-02    -  1.00e+00 1.00e+00h  1
1531  1.9800064e+03 1.55e-05 1.39e-02  -4.0 5.63e-03    -  1.00e+00 1.00e+00h  1
1532  1.9800064e+03 7.36e-06 3.32e-03  -4.0 4.28e-03    -  1.00e+00 1.00e+00h  1
1533  1.9800064e+03 3.24e-07 7.46e-04  -4.0 1.13e-03    -  1.00e+00 1.00e+00h  1
1534  1.9800064e+03 1.94e-08 3.55e-04  -4.0 3.30e-04    -  1.00e+00 1.00e+00h  1
1535  1.9800064e+03 5.53e-06 7.53e-03  -4.0 4.17e-03    -  1.00e+00 1.00e+00h  1
1536  1.9800064e+03 2.15e-06 8.09e-02  -4.0 4.33e-02    -  1.00e+00 1.00e+00H  1
1537  1.9800065e+03 9.15e-07 5.61e-02  -4.1 6.30e-02    -  1.00e+00 1.00e+00H  1
1538  1.9800064e+03 1.64e-04 1.52e-02  -4.1 4.29e-02    -  1.00e+00 1.00e+00h  1
1539  1.9800064e+03 8.08e-06 1.17e-02  -4.0 6.77e-03    -  1.00e+00 1.00e+00h  1
iter    objective    inf_pr   inf_du lg(mu)  ||d||  lg(rg) alpha_du alpha_pr  ls
1540  1.9800064e+03 2.65e-05 1.81e-02  -4.0 1.36e-02    -  1.00e+00 1.00e+00h  1
1541  1.9800064e+03 1.25e-05 4.81e-02  -4.1 2.98e-02    -  1.00e+00 1.00e+00H  1
1542  1.9800064e+03 1.89e-05 1.74e-02  -4.1 4.50e-02    -  1.00e+00 1.00e+00H  1
1543  1.9800064e+03 3.19e-05 5.50e-01  -4.1 2.66e-01    -  1.00e+00 6.25e-02h  5
1544  1.9800064e+03 3.13e-06 4.26e-03  -4.1 7.13e-03    -  1.00e+00 1.00e+00h  1
1545  1.9800064e+03 2.57e-06 2.49e-03  -4.0 5.07e-03    -  1.00e+00 1.00e+00h  1
1546  1.9800064e+03 2.01e-06 2.21e-03  -4.0 3.32e-03    -  1.00e+00 1.00e+00h  1
1547  1.9800064e+03 1.08e-06 1.37e-02  -4.0 1.77e-02    -  1.00e+00 1.00e+00H  1
1548  1.9800064e+03 2.44e-05 1.62e-01  -4.0 5.01e-02    -  1.00e+00 2.50e-01h  3
1549  1.9800064e+03 3.56e-05 1.66e-02  -4.1 2.15e-02    -  1.00e+00 1.00e+00h  1
iter    objective    inf_pr   inf_du lg(mu)  ||d||  lg(rg) alpha_du alpha_pr  ls
1550  1.9800064e+03 1.28e-06 2.28e-02  -4.1 4.40e-02    -  1.00e+00 1.00e+00H  1
1551  1.9800064e+03 3.86e-05 1.19e-02  -4.1 2.73e-02    -  1.00e+00 1.00e+00h  1
1552  1.9800064e+03 1.34e-06 2.05e-02  -4.0 3.96e-02    -  1.00e+00 1.00e+00H  1
1553  1.9800064e+03 5.22e-05 6.74e-02  -4.0 5.66e-02    -  1.00e+00 5.00e-01h  2
1554  1.9800064e+03 6.54e-05 4.51e-01  -4.1 6.56e-02    -  1.00e+00 2.50e-01h  3
1555  1.9800064e+03 9.98e-05 6.74e-03  -4.1 3.19e-02    -  1.00e+00 1.00e+00h  1
1556  1.9800064e+03 8.93e-04 2.10e-01  -4.0 9.03e-02    -  1.00e+00 5.00e-01h  2
1557  1.9800063e+03 6.75e-04 7.78e-03  -4.1 4.93e-02    -  1.00e+00 1.00e+00h  1
1558  1.9800067e+03 1.37e-04 1.34e-02  -4.0 1.12e-01    -  1.00e+00 1.00e+00h  1
1559  1.9800063e+03 8.50e-05 2.42e-03  -4.1 1.10e-01    -  1.00e+00 1.00e+00h  1
iter    objective    inf_pr   inf_du lg(mu)  ||d||  lg(rg) alpha_du alpha_pr  ls
1560  1.9800063e+03 3.78e-06 2.64e-03  -4.0 2.84e-03    -  1.00e+00 1.00e+00h  1
1561  1.9800063e+03 1.58e-06 5.02e-03  -4.0 2.03e-03    -  1.00e+00 1.00e+00h  1
1562  1.9800063e+03 3.97e-07 8.25e-04  -4.0 1.07e-03    -  1.00e+00 1.00e+00h  1
1563  1.9800063e+03 1.49e-08 4.03e-04  -4.0 4.91e-04    -  1.00e+00 1.00e+00h  1
1564  1.9800063e+03 1.14e-06 2.09e-03  -4.0 3.06e-03    -  1.00e+00 1.00e+00h  1
1565  1.9800063e+03 3.16e-06 4.69e-03  -4.0 4.03e-03    -  1.00e+00 1.00e+00h  1
1566  1.9800064e+03 4.94e-07 1.45e-02  -4.0 2.12e-02    -  1.00e+00 1.00e+00H  1
1567  1.9800063e+03 1.04e-05 5.88e-03  -4.1 1.89e-02    -  1.00e+00 1.00e+00h  1
1568  1.9800063e+03 5.38e-07 1.45e-03  -4.0 1.71e-03    -  1.00e+00 1.00e+00h  1
1569  1.9800063e+03 2.91e-06 5.56e-03  -4.0 4.91e-03    -  1.00e+00 1.00e+00h  1
iter    objective    inf_pr   inf_du lg(mu)  ||d||  lg(rg) alpha_du alpha_pr  ls
1570  1.9800063e+03 1.07e-05 1.49e-01  -4.0 5.38e-02    -  1.00e+00 1.25e-01h  4
1571  1.9800063e+03 2.17e-05 1.27e-01  -4.1 7.83e-02    -  1.00e+00 1.25e-01h  4
1572  1.9800063e+03 8.28e-05 5.10e-01  -4.1 4.45e-01    -  1.00e+00 6.25e-02h  5
1573  1.9800063e+03 2.52e-04 4.50e-01  -4.1 8.36e-01    -  1.00e+00 4.39e-02h  5
1574  1.9800065e+03 3.96e-04 9.46e-02  -4.0 7.05e-02    -  1.00e+00 1.00e+00H  1
1575  1.9800065e+03 3.49e-03 6.94e-01  -4.1 6.52e-01    -  9.39e-01 2.50e-01h  3
1576  1.9800064e+03 3.04e-03 5.03e-02  -4.1 1.06e+00    -  1.00e+00 6.25e-02h  5
1577  1.9800064e+03 2.34e-03 4.68e-01  -4.1 5.70e-01    -  1.00e+00 1.25e-01h  4
1578  1.9800064e+03 2.25e-03 1.27e-01  -4.1 1.58e-01    -  1.00e+00 5.00e-01h  2
1579  1.9800064e+03 3.65e-03 1.55e-01  -4.1 1.08e+00    -  1.00e+00 6.25e-02h  5
iter    objective    inf_pr   inf_du lg(mu)  ||d||  lg(rg) alpha_du alpha_pr  ls
1580  1.9800064e+03 2.98e-03 2.10e-01  -4.1 1.29e+00    -  1.00e+00 6.25e-02h  5
1581  1.9800063e+03 2.75e-03 1.68e-01  -4.1 7.09e-01    -  1.00e+00 1.25e-01h  4
1582  1.9800063e+03 4.07e-03 1.27e-01  -4.1 5.01e+00    -  6.56e-01 2.25e-02h  6
1583  1.9800063e+03 4.07e-03 3.79e-02  -4.1 1.07e+00    -  1.00e+00 3.12e-02h  6
1584  1.9800063e+03 1.86e-03 2.17e-02  -4.0 1.32e-01    -  1.00e+00 1.00e+00h  1
1585  1.9800063e+03 1.85e-03 2.51e-01  -3.4 8.67e-01    -  6.65e-01 6.25e-02h  5
1586  1.9800064e+03 3.06e-03 2.42e-01  -3.6 1.72e-01    -  1.00e+00 3.37e-01H  1
1587  1.9800066e+03 2.08e-03 6.71e-01  -3.6 1.96e-01    -  1.00e+00 5.00e-01f  2
1588  1.9800063e+03 1.43e-03 1.91e-01  -3.6 2.16e-01    -  1.00e+00 5.00e-01h  2
1589  1.9800063e+03 3.66e-03 4.35e-01  -4.0 5.31e-01    -  1.00e+00 2.50e-01h  3
iter    objective    inf_pr   inf_du lg(mu)  ||d||  lg(rg) alpha_du alpha_pr  ls
1590  1.9800063e+03 3.66e-03 6.57e-01  -4.1 1.39e+00    -  1.00e+00 1.56e-02h  7
1591  1.9800066e+03 3.60e-03 3.28e-01  -4.0 1.96e-01    -  1.00e+00 5.00e-01h  2
1592  1.9800067e+03 9.88e-04 2.42e-02  -4.1 1.78e-01    -  1.00e+00 9.55e-01h  1
1593  1.9800065e+03 2.32e-03 6.09e-03  -4.1 1.30e-01    -  1.00e+00 1.00e+00f  1
1594  1.9800064e+03 1.84e-03 1.28e+00  -4.1 3.33e-01    -  6.29e-01 4.12e-02H  1
1595  1.9800063e+03 7.46e-04 1.53e-02  -4.1 4.88e-02    -  1.00e+00 1.00e+00h  1
1596  1.9800064e+03 5.21e-04 3.50e-02  -4.0 1.00e-01    -  1.00e+00 5.00e-01h  2
1597  1.9800063e+03 6.58e-04 8.35e-03  -4.1 6.85e-02    -  1.00e+00 1.00e+00h  1
1598  1.9800063e+03 2.16e-04 1.52e-02  -4.0 6.40e-02    -  1.00e+00 1.00e+00h  1
1599  1.9800063e+03 1.30e-04 4.81e-03  -4.0 4.90e-02    -  1.00e+00 1.00e+00h  1
iter    objective    inf_pr   inf_du lg(mu)  ||d||  lg(rg) alpha_du alpha_pr  ls
1600  1.9800063e+03 7.93e-06 3.17e-03  -4.0 3.59e-03    -  1.00e+00 1.00e+00h  1
1601  1.9800063e+03 1.72e-05 1.30e-02  -4.0 4.99e-03    -  1.00e+00 1.00e+00h  1
1602  1.9800063e+03 7.15e-06 6.02e-03  -4.1 3.01e-03    -  1.00e+00 1.00e+00h  1
1603  1.9800063e+03 5.38e-06 9.60e-03  -4.1 3.12e-03    -  1.00e+00 1.00e+00h  1
1604  1.9800063e+03 2.91e-06 2.32e-03  -4.0 2.24e-03    -  1.00e+00 1.00e+00h  1
1605  1.9800063e+03 1.28e-07 1.55e-04  -4.0 4.98e-04    -  1.00e+00 1.00e+00h  1
1606  1.9800063e+03 4.03e-09 1.76e-04  -4.0 1.33e-04    -  1.00e+00 1.00e+00h  1
1607  1.9800063e+03 7.34e-10 1.68e-02  -4.0 1.63e-02    -  1.00e+00 1.00e+00H  1
1608  1.9800063e+03 2.05e-05 1.56e-02  -4.1 1.77e-02    -  1.00e+00 1.00e+00h  1
1609  1.9800063e+03 1.48e-04 2.53e-02  -4.1 2.62e-02    -  1.00e+00 1.00e+00h  1
iter    objective    inf_pr   inf_du lg(mu)  ||d||  lg(rg) alpha_du alpha_pr  ls
1610  1.9800063e+03 3.45e-05 4.21e-03  -4.0 1.26e-02    -  1.00e+00 1.00e+00h  1
1611  1.9800063e+03 2.03e-05 4.68e-03  -4.1 3.52e-02    -  1.00e+00 1.00e+00h  1
1612  1.9800063e+03 1.51e-05 4.35e-03  -4.1 2.35e-02    -  1.00e+00 1.00e+00h  1
1613  1.9800063e+03 9.32e-06 2.01e-02  -4.1 1.72e-02    -  1.00e+00 1.00e+00H  1
1614  1.9800063e+03 2.20e-05 7.28e-03  -4.1 1.41e-02    -  1.00e+00 1.00e+00H  1
1615  1.9800063e+03 5.12e-06 2.35e-02  -4.0 1.80e-02    -  1.00e+00 1.00e+00H  1
1616  1.9800063e+03 9.88e-08 1.14e-02  -4.1 2.56e-02    -  1.00e+00 1.00e+00H  1
1617  1.9800063e+03 3.11e-06 7.30e-03  -4.1 2.41e-02    -  1.00e+00 1.00e+00h  1
1618  1.9800063e+03 9.19e-05 1.98e-02  -4.0 1.95e-02    -  1.00e+00 1.00e+00h  1
1619  1.9800063e+03 3.85e-06 8.12e-03  -4.1 3.05e-02    -  1.00e+00 1.00e+00H  1
iter    objective    inf_pr   inf_du lg(mu)  ||d||  lg(rg) alpha_du alpha_pr  ls
1620  1.9800063e+03 1.12e-05 1.39e-02  -4.1 2.37e-02    -  1.00e+00 1.00e+00h  1
1621  1.9800063e+03 1.62e-07 3.94e-03  -4.1 8.91e-03    -  1.00e+00 1.00e+00H  1
1622  1.9800063e+03 4.90e-05 6.93e-02  -4.0 5.85e-02    -  1.00e+00 2.50e-01h  3
1623  1.9800063e+03 3.02e-05 5.21e-03  -4.1 1.61e-02    -  1.00e+00 1.00e+00h  1
1624  1.9800063e+03 1.25e-05 1.31e-02  -4.1 1.71e-02    -  1.00e+00 1.00e+00h  1
1625  1.9800063e+03 6.88e-06 1.83e-03  -4.1 1.25e-02    -  1.00e+00 1.00e+00h  1
1626  1.9800063e+03 1.43e-06 3.92e-03  -4.1 4.99e-03    -  1.00e+00 1.00e+00h  1
1627  1.9800063e+03 2.25e-07 1.29e-03  -4.1 3.42e-03    -  1.00e+00 1.00e+00h  1
1628  1.9800063e+03 4.78e-08 8.12e-04  -4.0 7.45e-04    -  1.00e+00 1.00e+00h  1
1629  1.9800063e+03 5.86e-11 7.45e-04  -4.0 6.45e-04    -  1.00e+00 1.00e+00H  1
iter    objective    inf_pr   inf_du lg(mu)  ||d||  lg(rg) alpha_du alpha_pr  ls
1630  1.9800063e+03 2.23e-06 2.53e-03  -4.0 2.78e-03    -  1.00e+00 1.00e+00h  1
1631  1.9800063e+03 1.34e-05 7.06e-03  -4.1 5.93e-03    -  1.00e+00 1.00e+00h  1
1632  1.9800063e+03 1.29e-05 6.97e-02  -4.1 3.13e-02    -  1.00e+00 1.25e-01h  4
1633  1.9800063e+03 5.41e-06 1.02e-03  -4.1 5.13e-03    -  1.00e+00 1.00e+00h  1
1634  1.9800063e+03 3.00e-07 3.35e-04  -4.1 3.70e-03    -  1.00e+00 1.00e+00h  1
1635  1.9800063e+03 1.15e-05 7.83e-03  -4.0 4.77e-03    -  1.00e+00 1.00e+00h  1
1636  1.9800063e+03 4.68e-07 9.63e-03  -4.1 2.53e-02    -  1.00e+00 1.00e+00H  1
1637  1.9800063e+03 2.76e-06 2.48e-01  -4.1 1.14e-01    -  1.00e+00 6.25e-02h  5
1638  1.9800063e+03 2.78e-06 1.19e-01  -4.1 1.06e-01    -  1.00e+00 3.12e-02h  6
1639  1.9800063e+03 3.21e-06 7.22e-02  -4.1 6.76e-02    -  1.00e+00 3.12e-02h  6
iter    objective    inf_pr   inf_du lg(mu)  ||d||  lg(rg) alpha_du alpha_pr  ls
1640  1.9800063e+03 6.91e-05 3.07e-01  -4.1 5.15e-02    -  1.00e+00 5.00e-01h  2
1641  1.9800063e+03 8.15e-05 1.48e-02  -4.1 2.01e-02    -  1.00e+00 1.00e+00h  1
1642  1.9800063e+03 1.37e-05 9.56e-03  -4.1 3.35e-02    -  1.00e+00 1.00e+00H  1
1643  1.9800063e+03 2.79e-05 8.48e-03  -4.0 1.92e-02    -  1.00e+00 1.00e+00h  1
1644  1.9800063e+03 6.24e-05 6.47e-02  -4.0 3.34e-02    -  1.00e+00 5.00e-01h  2
1645  1.9800063e+03 2.32e-05 4.00e-03  -4.1 1.73e-02    -  1.00e+00 1.00e+00h  1
1646  1.9800063e+03 3.67e-05 8.65e-02  -4.0 2.32e-02    -  1.00e+00 5.00e-01h  2
1647  1.9800063e+03 4.41e-06 6.98e-03  -4.1 1.13e-02    -  1.00e+00 1.00e+00h  1
1648  1.9800063e+03 4.56e-08 4.92e-03  -4.0 5.58e-03    -  1.00e+00 1.00e+00H  1
1649  1.9800063e+03 2.99e-08 2.73e-02  -4.0 1.77e-02    -  1.00e+00 1.00e+00H  1
iter    objective    inf_pr   inf_du lg(mu)  ||d||  lg(rg) alpha_du alpha_pr  ls
1650  1.9800063e+03 6.97e-06 1.56e-02  -4.1 2.12e-02    -  1.00e+00 1.00e+00h  1
1651  1.9800063e+03 1.71e-04 2.30e-02  -4.1 2.48e-02    -  1.00e+00 1.00e+00h  1
1652  1.9800063e+03 1.31e-04 1.33e-01  -4.1 6.37e-02    -  1.00e+00 2.50e-01h  3
1653  1.9800063e+03 4.29e-05 2.21e-03  -4.0 1.38e-02    -  1.00e+00 1.00e+00h  1
1654  1.9800063e+03 1.21e-05 9.88e-03  -4.0 1.08e-02    -  1.00e+00 1.00e+00h  1
1655  1.9800063e+03 1.04e-05 1.01e-03  -4.0 9.69e-03    -  1.00e+00 1.00e+00h  1
1656  1.9800063e+03 4.15e-06 5.40e-03  -4.0 3.80e-03    -  1.00e+00 1.00e+00h  1
1657  1.9800063e+03 6.35e-07 3.24e-03  -4.0 2.62e-03    -  1.00e+00 1.00e+00h  1
1658  1.9800063e+03 3.67e-08 5.11e-03  -4.0 6.29e-03    -  1.00e+00 1.00e+00H  1
1659  1.9800063e+03 3.29e-06 5.46e-03  -4.0 5.88e-03    -  1.00e+00 1.00e+00h  1
iter    objective    inf_pr   inf_du lg(mu)  ||d||  lg(rg) alpha_du alpha_pr  ls
1660  1.9800063e+03 2.32e-05 4.47e-01  -4.0 1.27e-01    -  1.00e+00 1.25e-01h  4
1661  1.9800063e+03 3.74e-05 2.80e-01  -4.1 2.09e-01    -  1.00e+00 6.25e-02h  5
1662  1.9800063e+03 4.09e-05 2.66e-02  -4.1 1.77e-01    -  1.00e+00 3.12e-02h  6
1663  1.9800063e+03 6.45e-05 4.40e-01  -4.1 1.84e-01    -  1.00e+00 1.25e-01h  4
1664  1.9800062e+03 4.23e-04 1.29e-01  -4.1 1.38e+00    -  1.00e+00 6.25e-02h  5
1665  1.9800064e+03 7.71e-03 7.51e-01  -3.1 3.90e+00    -  9.04e-01 1.25e-01h  4
1666  1.9800066e+03 8.11e-03 5.59e-01  -3.2 2.98e+00    -  1.66e-01 2.02e-03H  1
1667  1.9800067e+03 9.77e-03 5.93e-02  -3.2 4.93e-01    -  1.00e+00 1.00e+00f  1
1668  1.9800067e+03 1.75e-02 3.35e-01  -3.2 4.83e+00    -  5.80e-01 5.55e-02h  5
1669  1.9800067e+03 5.00e-02 1.70e-01  -3.2 3.11e+01    -  2.35e-01 2.91e-02h  4
iter    objective    inf_pr   inf_du lg(mu)  ||d||  lg(rg) alpha_du alpha_pr  ls
1670  1.9800072e+03 3.77e-02 1.28e-01  -3.2 9.96e-01    -  1.00e+00 2.50e-01h  3
1671  1.9800117e+03 4.39e-02 2.44e-01  -3.2 7.01e-01    -  1.00e+00 1.00e+00H  1
1672  1.9800093e+03 6.01e-02 2.65e-01  -3.2 2.35e+00    -  1.00e+00 1.95e-01h  3
1673  1.9800088e+03 6.04e-02 1.50e-01  -3.2 6.03e+00    -  3.90e-01 8.38e-03h  7
1674  1.9800065e+03 6.72e-02 1.20e-01  -3.2 5.61e-01    -  1.00e+00 1.00e+00h  1
1675  1.9800065e+03 7.38e-02 8.40e-02  -3.2 1.20e+00    -  1.00e+00 2.50e-01h  3
1676  1.9800063e+03 6.60e-02 1.02e-01  -3.2 2.23e+00    -  1.00e+00 1.01e-01h  4
1677  1.9800062e+03 4.73e-02 5.42e-02  -3.2 2.20e+00    -  1.00e+00 2.50e-01h  3
1678  1.9800060e+03 4.71e-02 7.19e-02  -3.4 5.51e+00    -  9.82e-01 6.25e-02h  5
1679  1.9800074e+03 5.91e-02 6.05e-02  -3.0 2.17e+00    -  1.00e+00 2.13e-01h  3
iter    objective    inf_pr   inf_du lg(mu)  ||d||  lg(rg) alpha_du alpha_pr  ls
1680  1.9800077e+03 5.42e-02 4.70e-01  -3.1 1.10e+00    -  5.95e-01 6.00e-02H  1
1681  1.9800069e+03 3.60e-02 5.83e-02  -3.1 1.41e+00    -  1.00e+00 2.50e-01h  3
1682  1.9800065e+03 5.69e-02 1.49e-01  -3.1 5.69e+00    -  7.45e-01 6.25e-02h  5
1683  1.9800070e+03 5.33e-02 8.87e-02  -3.1 1.24e+01    -  1.53e-01 2.33e-02h  4
1684  1.9800402e+03 3.92e-02 1.37e-01  -3.1 1.38e+00    -  1.00e+00 1.00e+00H  1
1685  1.9800303e+03 2.83e-02 1.50e-01  -3.1 2.24e+00    -  1.00e+00 1.25e-01h  4
1686  1.9800210e+03 4.66e-02 8.36e-02  -3.1 5.32e+00    -  3.93e-01 6.97e-02h  4
1687  1.9800173e+03 4.79e-02 1.65e-01  -3.1 3.40e+00    -  5.61e-01 3.91e-02h  5
1688  1.9800152e+03 5.02e-02 7.44e-02  -3.1 4.70e+00    -  2.37e-01 3.01e-02h  4
1689  1.9800101e+03 2.87e-02 2.38e-02  -3.1 5.80e-01    -  1.00e+00 1.00e+00h  1
iter    objective    inf_pr   inf_du lg(mu)  ||d||  lg(rg) alpha_du alpha_pr  ls
1690  1.9800072e+03 8.00e-03 4.38e-02  -3.1 5.19e-01    -  1.00e+00 1.00e+00h  1
1691  1.9800067e+03 5.88e-02 5.61e-02  -3.1 4.58e-01    -  1.00e+00 1.00e+00h  1
1692  1.9800065e+03 3.07e-02 3.53e-02  -3.1 3.35e-01    -  1.00e+00 5.00e-01h  2
1693  1.9800063e+03 3.78e-02 1.76e-02  -3.1 1.11e+00    -  1.00e+00 2.50e-01h  3
1694  1.9800062e+03 3.73e-02 3.50e-02  -3.1 1.15e+00    -  1.00e+00 1.25e-01h  4
1695  1.9800064e+03 1.25e-02 3.55e-02  -4.0 2.51e-01    -  9.89e-01 1.00e+00h  1
1696  1.9800062e+03 1.51e-02 3.85e-02  -4.1 2.58e+00    -  7.63e-01 5.02e-02h  5
1697  1.9800067e+03 1.46e-02 3.37e-02  -4.0 3.69e-01    -  1.00e+00 5.00e-01h  2
1698  1.9800069e+03 1.16e-02 4.12e-02  -4.1 3.42e-01    -  1.00e+00 1.00e+00h  1
1699  1.9800063e+03 4.93e-03 1.22e-02  -4.1 2.33e-01    -  1.00e+00 1.00e+00h  1
iter    objective    inf_pr   inf_du lg(mu)  ||d||  lg(rg) alpha_du alpha_pr  ls
1700  1.9800062e+03 2.44e-03 7.92e-03  -4.1 1.97e-01    -  1.00e+00 1.00e+00h  1
1701  1.9800059e+03 9.73e-04 6.59e-03  -4.0 8.01e-02    -  1.00e+00 8.90e-01h  1
1702  1.9800061e+03 3.16e-03 7.06e-02  -4.0 1.40e-01    -  1.00e+00 1.00e+00h  1
1703  1.9800059e+03 6.15e-04 1.51e-02  -4.1 6.22e-02    -  1.00e+00 1.00e+00h  1
1704  1.9800059e+03 3.49e-04 1.03e-02  -4.0 3.78e-02    -  1.00e+00 1.00e+00h  1
1705  1.9800059e+03 2.34e-04 4.98e-02  -4.0 2.71e-02    -  1.00e+00 8.34e-01h  1
1706  1.9800059e+03 7.50e-04 1.16e-01  -4.0 3.51e-02    -  1.00e+00 1.00e+00h  1
1707  1.9800059e+03 1.98e-04 3.22e-02  -4.1 2.69e-02    -  1.00e+00 1.00e+00h  1
1708  1.9800059e+03 1.73e-04 1.59e+00  -4.0 5.48e-02    -  1.00e+00 2.13e-01h  3
1709  1.9800059e+03 1.62e-04 7.41e+00  -4.0 9.55e-02    -  1.00e+00 5.72e-02h  4
iter    objective    inf_pr   inf_du lg(mu)  ||d||  lg(rg) alpha_du alpha_pr  ls
1710  1.9800059e+03 1.50e-04 7.98e-02  -4.1 1.09e-01    -  1.00e+00 6.25e-02h  5
1711  1.9800059e+03 1.40e-04 1.11e+00  -4.0 9.32e-02    -  1.00e+00 6.25e-02h  5
1712  1.9800059e+03 7.46e-04 7.93e-01  -4.0 1.20e-01    -  1.00e+00 5.00e-01h  2
1713  1.9800072e+03 5.53e-04 3.43e-02  -4.1 1.65e-01    -  1.00e+00 1.00e+00H  1
1714  1.9800060e+03 1.91e-04 3.49e-02  -4.1 2.19e-01    -  1.00e+00 1.00e+00h  1
1715  1.9800060e+03 1.80e-04 2.19e-02  -4.1 2.25e-02    -  1.00e+00 1.00e+00h  1
1716  1.9800060e+03 1.32e-04 1.66e-02  -4.1 2.78e-02    -  1.00e+00 1.00e+00h  1
1717  1.9800060e+03 9.23e-05 2.28e-02  -4.1 1.47e-02    -  1.00e+00 1.00e+00h  1
1718  1.9800060e+03 5.55e-05 8.55e-03  -4.0 1.22e-02    -  1.00e+00 1.00e+00h  1
1719  1.9800060e+03 1.76e-05 3.86e-03  -4.0 4.97e-03    -  1.00e+00 1.00e+00h  1
iter    objective    inf_pr   inf_du lg(mu)  ||d||  lg(rg) alpha_du alpha_pr  ls
1720  1.9800060e+03 2.84e-06 1.07e-02  -4.0 1.02e-02    -  1.00e+00 1.00e+00H  1
1721  1.9800060e+03 3.28e-05 1.42e-02  -4.0 1.82e-02    -  1.00e+00 1.00e+00h  1
1722  1.9800060e+03 3.76e-04 4.44e-02  -4.1 5.19e-02    -  1.00e+00 1.00e+00h  1
1723  1.9800060e+03 1.09e-03 1.05e-01  -4.1 3.14e-01    -  1.00e+00 2.50e-01h  3
1724  1.9800059e+03 9.77e-04 2.95e-02  -4.1 7.19e-02    -  1.00e+00 1.00e+00h  1
1725  1.9800059e+03 1.08e-03 4.45e-01  -4.1 2.87e-01    -  1.00e+00 1.25e-01h  4
1726  1.9800059e+03 7.16e-04 3.09e-02  -4.1 7.82e-02    -  1.00e+00 1.00e+00h  1
1727  1.9800059e+03 1.33e-03 8.37e-02  -4.1 1.88e-01    -  1.00e+00 2.50e-01h  3
1728  1.9800059e+03 5.66e-03 1.29e-01  -4.1 2.61e-01    -  1.00e+00 5.00e-01h  2
1729  1.9800059e+03 2.86e-03 1.50e-01  -4.1 1.74e-01    -  1.00e+00 5.00e-01h  2
iter    objective    inf_pr   inf_du lg(mu)  ||d||  lg(rg) alpha_du alpha_pr  ls
1730  1.9800058e+03 2.48e-03 1.41e-02  -4.1 1.03e-01    -  1.00e+00 1.00e+00h  1
1731  1.9800058e+03 2.14e-03 8.33e-02  -4.0 1.82e-01    -  1.00e+00 2.50e-01h  3
1732  1.9800059e+03 1.41e-03 1.35e-01  -4.0 1.84e-01    -  1.00e+00 5.71e-01H  1
1733  1.9800059e+03 3.02e-03 4.77e-02  -4.1 3.27e-01    -  1.00e+00 2.50e-01h  3
1734  1.9800058e+03 3.75e-03 2.54e-02  -4.1 8.95e-02    -  1.00e+00 1.00e+00h  1
1735  1.9800060e+03 3.07e-03 8.92e-02  -3.8 2.14e-01    -  8.09e-01 5.00e-01h  2
1736  1.9800058e+03 6.95e-03 1.98e-02  -4.0 1.27e-01    -  1.00e+00 1.00e+00h  1
1737  1.9800058e+03 7.44e-03 2.80e-02  -4.0 2.28e-01    -  1.00e+00 5.00e-01h  2
1738  1.9800058e+03 6.13e-03 3.78e-02  -4.0 2.59e-01    -  1.00e+00 2.50e-01h  3
1739  1.9800058e+03 1.56e-03 2.16e-02  -4.0 7.64e-02    -  1.00e+00 1.00e+00h  1
iter    objective    inf_pr   inf_du lg(mu)  ||d||  lg(rg) alpha_du alpha_pr  ls
1740  1.9800057e+03 4.29e-03 4.57e-02  -4.0 2.29e-01    -  1.00e+00 5.00e-01h  2
1741  1.9800058e+03 4.10e-03 1.97e-02  -4.0 4.27e-01    -  1.00e+00 1.25e-01h  4
1742  1.9800057e+03 1.90e-03 6.31e-03  -4.1 7.92e-02    -  1.00e+00 1.00e+00h  1
1743  1.9800061e+03 1.64e-03 1.32e-01  -4.0 1.78e-01    -  1.00e+00 5.00e-01h  2
1744  1.9800057e+03 2.38e-04 2.09e-02  -4.1 9.11e-02    -  1.00e+00 1.00e+00h  1
1745  1.9800057e+03 1.50e-04 7.84e-03  -4.0 2.69e-02    -  1.00e+00 1.00e+00h  1
1746  1.9800057e+03 5.61e-05 1.10e-02  -4.0 1.22e-02    -  1.00e+00 1.00e+00h  1
1747  1.9800057e+03 2.33e-05 1.06e-02  -4.0 8.19e-03    -  1.00e+00 1.00e+00h  1
1748  1.9800057e+03 1.66e-05 3.00e-03  -4.0 6.47e-03    -  1.00e+00 1.00e+00h  1
1749  1.9800057e+03 2.13e-06 4.14e-03  -4.0 2.07e-03    -  1.00e+00 1.00e+00h  1
iter    objective    inf_pr   inf_du lg(mu)  ||d||  lg(rg) alpha_du alpha_pr  ls
1750  1.9800057e+03 8.52e-07 2.57e-03  -4.0 1.71e-03    -  1.00e+00 1.00e+00h  1
1751  1.9800057e+03 3.73e-07 4.11e-04  -4.0 9.36e-04    -  1.00e+00 1.00e+00h  1
1752  1.9800057e+03 4.47e-08 3.63e-04  -4.0 4.52e-04    -  1.00e+00 1.00e+00h  1
1753  1.9800057e+03 1.25e-05 7.31e-03  -4.0 8.08e-03    -  1.00e+00 1.00e+00h  1
1754  1.9800057e+03 8.30e-06 3.06e-02  -4.0 5.01e-02    -  1.00e+00 1.00e+00H  1
1755  1.9800057e+03 5.15e-04 5.37e-02  -4.1 6.08e-02    -  1.00e+00 1.00e+00h  1
1756  1.9800057e+03 4.17e-04 1.63e-01  -4.1 1.94e-01    -  1.00e+00 2.50e-01h  3
1757  1.9800057e+03 2.87e-04 5.65e-03  -4.1 3.88e-02    -  1.00e+00 1.00e+00h  1
1758  1.9800061e+03 3.17e-04 6.14e-02  -4.0 1.06e-01    -  1.00e+00 1.00e+00H  1
1759  1.9800057e+03 1.48e-03 3.71e-02  -4.1 1.15e-01    -  1.00e+00 1.00e+00h  1
iter    objective    inf_pr   inf_du lg(mu)  ||d||  lg(rg) alpha_du alpha_pr  ls
1760  1.9800057e+03 1.22e-04 9.34e-02  -4.1 3.29e-02    -  9.12e-01 1.00e+00h  1
1761  1.9800057e+03 1.43e-03 7.10e-02  -4.0 8.87e-02    -  1.00e+00 1.00e+00h  1
1762  1.9800057e+03 4.59e-04 1.55e-02  -4.1 6.09e-02    -  1.00e+00 1.00e+00h  1
1763  1.9800057e+03 6.04e-05 1.80e-02  -4.0 2.17e-02    -  1.00e+00 1.00e+00h  1
1764  1.9800057e+03 4.16e-05 3.68e-02  -4.0 1.57e-02    -  1.00e+00 5.00e-01h  2
1765  1.9800056e+03 2.09e-05 9.88e-03  -4.0 1.75e-02    -  1.00e+00 1.00e+00h  1
1766  1.9800056e+03 5.52e-06 2.94e-03  -4.0 4.92e-03    -  1.00e+00 1.00e+00h  1
1767  1.9800056e+03 8.48e-07 7.55e-04  -4.0 1.35e-03    -  1.00e+00 1.00e+00h  1
1768  1.9800056e+03 4.77e-10 1.94e-03  -4.0 1.53e-03    -  1.00e+00 1.00e+00H  1
1769  1.9800056e+03 1.77e-05 1.31e-01  -4.0 7.63e-02    -  1.00e+00 1.25e-01h  4
iter    objective    inf_pr   inf_du lg(mu)  ||d||  lg(rg) alpha_du alpha_pr  ls
1770  1.9800056e+03 1.35e-04 2.09e-02  -4.0 2.50e-02    -  1.00e+00 1.00e+00h  1
1771  1.9800056e+03 3.40e-04 4.09e-01  -4.0 2.73e-01    -  1.00e+00 1.25e-01h  4
1772  1.9800057e+03 1.27e-04 1.73e-02  -4.0 3.52e-02    -  1.00e+00 1.00e+00h  1
1773  1.9800057e+03 1.18e-05 1.71e-02  -4.1 5.17e-02    -  1.00e+00 1.00e+00H  1
1774  1.9800057e+03 5.76e-05 1.17e-02  -4.1 5.43e-02    -  1.00e+00 1.00e+00h  1
1775  1.9800056e+03 1.19e-04 8.14e-03  -4.1 3.05e-02    -  1.00e+00 1.00e+00h  1
1776  1.9800056e+03 2.34e-04 2.57e-01  -4.0 8.64e-02    -  1.00e+00 5.00e-01h  2
1777  1.9800056e+03 1.58e-04 1.51e-02  -4.1 3.57e-02    -  1.00e+00 1.00e+00h  1
1778  1.9800057e+03 1.78e-03 2.66e-01  -3.8 1.30e-01    -  1.00e+00 5.00e-01h  2
1779  1.9800059e+03 4.90e-03 2.78e-02  -3.9 1.07e-01    -  1.00e+00 1.00e+00h  1
iter    objective    inf_pr   inf_du lg(mu)  ||d||  lg(rg) alpha_du alpha_pr  ls
1780  1.9800079e+03 1.44e-03 4.57e-02  -3.9 3.11e-01    -  1.00e+00 9.41e-01h  1
1781  1.9800056e+03 1.13e-03 1.77e-02  -3.9 2.17e-01    -  1.00e+00 1.00e+00h  1
1782  1.9800056e+03 1.81e-04 1.72e-02  -4.0 3.78e-02    -  1.00e+00 1.00e+00h  1
1783  1.9800056e+03 1.29e-04 5.56e-03  -4.0 3.28e-02    -  1.00e+00 1.00e+00h  1
1784  1.9800056e+03 4.15e-05 8.59e-03  -4.0 8.12e-03    -  1.00e+00 1.00e+00h  1
1785  1.9800056e+03 1.85e-05 5.99e-03  -4.0 6.94e-03    -  1.00e+00 1.00e+00h  1
1786  1.9800056e+03 2.72e-06 4.35e-03  -4.0 2.09e-03    -  1.00e+00 1.00e+00h  1
1787  1.9800056e+03 3.55e-07 2.56e-03  -4.0 1.02e-03    -  1.00e+00 1.00e+00h  1
1788  1.9800056e+03 9.79e-08 4.38e-04  -4.0 4.85e-04    -  1.00e+00 1.00e+00h  1
1789  1.9800056e+03 5.65e-07 1.16e-03  -4.0 2.45e-03    -  1.00e+00 1.00e+00h  1
iter    objective    inf_pr   inf_du lg(mu)  ||d||  lg(rg) alpha_du alpha_pr  ls
1790  1.9800056e+03 2.89e-04 1.95e-02  -4.0 5.50e-02    -  1.00e+00 1.00e+00h  1
1791  1.9800056e+03 3.00e-04 2.06e-01  -4.1 2.61e-01    -  1.00e+00 6.25e-02h  5
1792  1.9800057e+03 8.22e-05 1.56e-02  -4.1 5.23e-02    -  1.00e+00 1.00e+00h  1
1793  1.9800056e+03 8.34e-05 6.90e-03  -4.1 4.53e-02    -  1.00e+00 1.00e+00h  1
1794  1.9800056e+03 2.20e-05 7.85e-03  -4.0 1.46e-02    -  1.00e+00 1.00e+00h  1
1795  1.9800056e+03 1.09e-04 2.73e-02  -4.0 4.11e-01    -  1.00e+00 6.25e-02h  5
1796  1.9800056e+03 1.04e-04 1.34e-01  -4.0 3.09e-01    -  1.00e+00 6.25e-02h  5
1797  1.9800056e+03 1.12e-04 3.42e-01  -4.1 2.61e-01    -  1.00e+00 6.25e-02h  5
1798  1.9800056e+03 1.37e-04 1.04e-01  -4.1 1.35e-01    -  1.00e+00 1.25e-01h  4
1799  1.9800056e+03 2.53e-04 4.69e-02  -4.1 1.50e-01    -  1.00e+00 2.50e-01h  3
iter    objective    inf_pr   inf_du lg(mu)  ||d||  lg(rg) alpha_du alpha_pr  ls
1800  1.9800056e+03 1.27e-03 2.91e-01  -4.0 4.58e-01    -  1.00e+00 2.50e-01h  3
1801  1.9800056e+03 1.36e-03 9.67e-02  -4.1 3.85e+00    -  8.46e-01 7.81e-03h  8
1802  1.9800056e+03 1.21e-03 2.63e-02  -4.1 2.39e-01    -  1.00e+00 2.50e-01h  3
1803  1.9800056e+03 1.35e-03 4.96e-01  -4.0 1.68e+00    -  1.00e+00 3.12e-02h  6
1804  1.9800056e+03 1.30e-03 4.67e-01  -4.1 8.17e-01    -  1.00e+00 3.12e-02h  6
1805  1.9800056e+03 1.25e-03 3.29e-01  -4.1 2.52e-01    -  1.00e+00 2.50e-01h  3
1806  1.9800056e+03 1.16e-03 3.27e-02  -4.1 3.27e-01    -  1.00e+00 1.25e-01h  4
1807  1.9800056e+03 1.21e-03 4.24e-01  -4.1 1.64e+00    -  1.00e+00 3.12e-02h  6
1808  1.9800056e+03 1.17e-03 3.26e-01  -4.1 4.95e-01    -  1.00e+00 3.12e-02h  6
1809  1.9800056e+03 1.93e-03 1.28e+01  -4.1 1.21e+00    -  1.00e+00 2.16e-02H  1
iter    objective    inf_pr   inf_du lg(mu)  ||d||  lg(rg) alpha_du alpha_pr  ls
1810  1.9800056e+03 1.58e-03 4.93e-01  -4.1 1.48e+00    -  1.00e+00 6.25e-02h  5
1811  1.9800056e+03 1.99e-03 3.29e-01  -4.1 8.36e-01    -  1.00e+00 1.25e-01h  4
1812  1.9800056e+03 1.96e-03 4.17e-01  -4.1 3.07e-01    -  1.00e+00 1.25e-01h  4
1813  1.9800057e+03 9.89e-04 2.71e-01  -4.1 1.10e-01    -  1.00e+00 5.00e-01h  2
1814  1.9800056e+03 1.15e-03 2.09e-01  -4.1 5.78e-01    -  1.00e+00 1.25e-01h  4
1815  1.9800056e+03 1.20e-03 3.43e-01  -4.1 4.84e+00    -  3.32e-01 5.13e-03h  7
1816  1.9800056e+03 1.16e-03 2.59e-01  -4.1 5.94e-01    -  1.00e+00 6.25e-02h  5
1817  1.9800056e+03 1.09e-03 4.63e-01  -4.1 5.47e-01    -  8.50e-01 6.25e-02h  5
1818  1.9800056e+03 1.32e-03 1.36e-02  -4.1 9.49e-01    -  1.00e+00 6.25e-02h  5
1819  1.9800059e+03 9.37e-04 1.51e-01  -4.0 1.99e-01    -  1.00e+00 5.00e-01h  2
iter    objective    inf_pr   inf_du lg(mu)  ||d||  lg(rg) alpha_du alpha_pr  ls
1820  1.9800058e+03 1.94e-03 4.81e-02  -4.1 1.53e-01    -  1.00e+00 1.00e+00h  1
1821  1.9800056e+03 4.29e-04 2.93e-02  -4.1 9.55e-02    -  1.00e+00 1.00e+00h  1
1822  1.9800056e+03 4.93e-04 2.18e-02  -4.1 4.01e-02    -  1.00e+00 1.00e+00h  1
1823  1.9800056e+03 3.55e-04 7.07e-02  -4.0 9.26e-02    -  1.00e+00 2.50e-01h  3
1824  1.9800056e+03 3.20e-04 6.15e-02  -4.0 1.90e-01    -  1.00e+00 6.25e-02h  5
1825  1.9800055e+03 2.99e-04 7.56e-03  -4.0 3.96e-01    -  1.00e+00 3.12e-02h  6
1826  1.9800056e+03 2.38e-04 3.78e-02  -4.0 4.21e-02    -  1.00e+00 5.00e-01h  2
1827  1.9800056e+03 5.88e-06 1.26e-02  -4.1 4.17e-02    -  1.00e+00 1.00e+00H  1
1828  1.9800056e+03 1.07e-04 1.58e-01  -4.0 6.85e-02    -  1.00e+00 5.00e-01h  2
1829  1.9800056e+03 2.21e-04 3.06e-02  -4.1 6.33e-02    -  1.00e+00 5.00e-01h  2
iter    objective    inf_pr   inf_du lg(mu)  ||d||  lg(rg) alpha_du alpha_pr  ls
1830  1.9800056e+03 2.17e-04 1.85e-01  -4.0 2.25e-01    -  1.00e+00 1.25e-01h  4
1831  1.9800056e+03 2.98e-05 2.23e-02  -4.0 2.20e-02    -  1.00e+00 1.00e+00h  1
1832  1.9800056e+03 2.46e-05 2.69e-03  -4.0 1.36e-02    -  1.00e+00 1.00e+00h  1
1833  1.9800056e+03 2.74e-06 9.31e-03  -4.0 2.36e-03    -  1.00e+00 1.00e+00h  1
1834  1.9800056e+03 1.43e-06 8.96e-04  -4.0 1.67e-03    -  1.00e+00 1.00e+00h  1
1835  1.9800056e+03 3.36e-08 2.42e-04  -4.0 5.52e-04    -  1.00e+00 1.00e+00h  1
1836  1.9800056e+03 3.89e-08 2.84e-04  -4.0 2.88e-03    -  1.00e+00 1.00e+00h  1
1837  1.9800056e+03 3.10e-07 9.90e-04  -4.0 2.64e-03    -  1.00e+00 1.00e+00h  1
1838  1.9800056e+03 5.68e-07 1.63e-03  -4.1 2.40e-03    -  1.00e+00 1.00e+00h  1
1839  1.9800056e+03 3.95e-08 7.10e-03  -4.1 8.50e-03    -  1.00e+00 1.00e+00H  1
iter    objective    inf_pr   inf_du lg(mu)  ||d||  lg(rg) alpha_du alpha_pr  ls
1840  1.9800056e+03 1.51e-06 1.95e-03  -4.1 7.03e-03    -  1.00e+00 1.00e+00h  1
1841  1.9800056e+03 2.29e-07 4.88e-04  -4.1 2.92e-03    -  1.00e+00 1.00e+00h  1
1842  1.9800056e+03 8.85e-06 1.02e-02  -4.0 5.82e-03    -  1.00e+00 1.00e+00h  1
1843  1.9800056e+03 2.72e-05 1.15e-02  -4.1 1.02e-02    -  1.00e+00 1.00e+00h  1
1844  1.9800056e+03 3.01e-05 1.32e-01  -4.1 1.13e-01    -  1.00e+00 6.25e-02h  5
1845  1.9800056e+03 1.12e-05 5.41e-03  -4.1 1.14e-02    -  1.00e+00 1.00e+00h  1
1846  1.9800056e+03 2.45e-06 4.44e-02  -4.0 4.15e-02    -  1.00e+00 1.00e+00H  1
1847  1.9800056e+03 1.03e-04 3.51e-02  -4.1 6.80e-02    -  1.00e+00 1.00e+00h  1
1848  1.9800056e+03 3.08e-04 7.65e-03  -4.1 3.65e-02    -  1.00e+00 1.00e+00h  1
1849  1.9800056e+03 2.90e-04 1.68e-01  -4.1 2.61e-01    -  1.00e+00 6.25e-02h  5
iter    objective    inf_pr   inf_du lg(mu)  ||d||  lg(rg) alpha_du alpha_pr  ls
1850  1.9800056e+03 2.00e-04 1.75e-02  -4.1 2.49e-02    -  1.00e+00 1.00e+00h  1
1851  1.9800056e+03 3.36e-04 2.01e-01  -4.1 1.27e-01    -  1.00e+00 2.50e-01h  3
1852  1.9800056e+03 2.59e-04 1.28e-01  -4.1 8.42e-02    -  1.00e+00 2.50e-01h  3
1853  1.9800056e+03 1.63e-04 4.91e-03  -4.1 2.79e-02    -  1.00e+00 1.00e+00h  1
1854  1.9800056e+03 1.11e-04 4.26e-02  -4.1 1.10e-01    -  1.00e+00 5.00e-01h  2
1855  1.9800055e+03 8.58e-05 3.09e-03  -4.1 4.89e-02    -  1.00e+00 1.00e+00h  1
1856  1.9800056e+03 5.43e-06 5.64e-03  -4.0 1.38e-02    -  1.00e+00 1.00e+00h  1
1857  1.9800055e+03 1.75e-06 1.79e-03  -4.1 9.23e-03    -  1.00e+00 1.00e+00h  1
1858  1.9800055e+03 2.48e-07 4.35e-03  -4.0 2.02e-03    -  1.00e+00 1.00e+00H  1
1859  1.9800055e+03 1.16e-06 3.59e-03  -4.0 4.03e-03    -  1.00e+00 1.00e+00h  1
iter    objective    inf_pr   inf_du lg(mu)  ||d||  lg(rg) alpha_du alpha_pr  ls
1860  1.9800055e+03 1.50e-08 1.21e-03  -4.0 3.70e-03    -  1.00e+00 1.00e+00H  1
1861  1.9800055e+03 9.72e-08 5.96e-04  -4.0 2.21e-03    -  1.00e+00 1.00e+00h  1
1862  1.9800055e+03 3.10e-07 8.78e-04  -4.1 1.54e-03    -  1.00e+00 1.00e+00h  1
1863  1.9800055e+03 1.72e-07 1.45e-03  -4.0 2.35e-03    -  1.00e+00 1.00e+00h  1
1864  1.9800056e+03 8.38e-08 3.52e-03  -4.0 1.33e-02    -  1.00e+00 1.00e+00H  1
1865  1.9800055e+03 9.78e-06 5.06e-03  -4.1 9.02e-03    -  1.00e+00 1.00e+00h  1
1866  1.9800055e+03 9.12e-06 2.22e-01  -4.0 1.55e-01    -  1.00e+00 6.25e-02h  5
1867  1.9800055e+03 5.18e-06 5.11e-03  -4.0 5.68e-03    -  1.00e+00 1.00e+00h  1
1868  1.9800055e+03 2.18e-05 3.10e-01  -4.0 1.50e-01    -  1.00e+00 1.25e-01h  4
1869  1.9800055e+03 2.53e-05 5.69e-01  -4.1 3.09e-01    -  1.00e+00 3.12e-02h  6
iter    objective    inf_pr   inf_du lg(mu)  ||d||  lg(rg) alpha_du alpha_pr  ls
1870  1.9800055e+03 1.50e-05 1.09e-01  -4.1 1.16e-01    -  1.00e+00 1.25e-01h  4
1871  1.9800056e+03 3.86e-03 5.30e-01  -3.8 2.04e+00    -  1.00e+00 1.25e-01h  4
1872  1.9800056e+03 3.51e-03 5.04e-01  -3.9 1.73e+00    -  1.00e+00 4.41e-02h  5
1873  1.9800055e+03 2.96e-03 3.01e-01  -3.9 3.73e+00    -  1.00e+00 3.12e-02h  6
1874  1.9800055e+03 3.09e-03 5.35e-01  -3.9 1.60e+00    -  8.19e-01 3.12e-02h  6
1875  1.9800055e+03 3.30e-03 3.01e-01  -3.9 4.53e+00    -  1.00e+00 6.25e-02h  5
1876  1.9800055e+03 3.30e-03 2.24e-01  -3.7 4.97e+00    -  1.00e+00 6.88e-03h  7
1877  1.9800060e+03 7.90e-03 8.82e-02  -4.0 2.72e-01    -  1.00e+00 1.00e+00h  1
1878  1.9800059e+03 8.27e-03 2.62e-01  -4.1 4.60e+00    -  1.00e+00 3.12e-02h  6
1879  1.9800059e+03 8.62e-03 2.53e-01  -4.1 6.19e+00    -  2.75e-01 2.45e-02h  5
iter    objective    inf_pr   inf_du lg(mu)  ||d||  lg(rg) alpha_du alpha_pr  ls
1880  1.9800058e+03 8.08e-03 1.91e-01  -4.1 1.42e+00    -  5.22e-01 4.40e-02h  5
1881  1.9800055e+03 1.30e-02 1.70e-02  -4.1 4.06e-01    -  1.00e+00 1.00e+00h  1
1882  1.9800057e+03 1.25e-02 3.64e-01  -3.7 2.49e+00    -  1.00e+00 3.07e-02h  5
1883  1.9800058e+03 1.12e-02 4.93e-01  -3.8 5.82e-01    -  4.85e-01 1.29e-02H  1
1884  1.9800057e+03 1.08e-02 8.86e-02  -3.8 2.65e-01    -  1.00e+00 1.00e+00h  1
1885  1.9800056e+03 1.21e-02 2.02e-01  -3.8 7.53e+00    -  5.83e-01 2.22e-02h  6
1886  1.9800057e+03 1.11e-02 4.10e-01  -3.8 1.04e+00    -  9.62e-01 6.25e-02h  5
1887  1.9800058e+03 1.09e-02 9.88e-02  -3.8 1.71e+00    -  7.48e-01 2.79e-02h  6
1888  1.9800055e+03 1.90e-03 8.77e-03  -3.8 1.07e-01    -  1.00e+00 1.00e+00h  1
1889  1.9800059e+03 1.45e-04 3.84e-02  -4.0 1.57e-01    -  1.00e+00 9.67e-01H  1
iter    objective    inf_pr   inf_du lg(mu)  ||d||  lg(rg) alpha_du alpha_pr  ls
1890  1.9800055e+03 3.74e-04 1.81e-02  -4.1 1.51e-01    -  1.00e+00 1.00e+00h  1
1891  1.9800055e+03 3.88e-04 2.34e-02  -4.0 6.05e-02    -  1.00e+00 1.00e+00h  1
1892  1.9800057e+03 2.31e-04 2.98e-02  -4.1 1.60e-01    -  1.00e+00 5.00e-01h  2
1893  1.9800055e+03 2.67e-04 5.15e-03  -4.1 7.71e-02    -  1.00e+00 1.00e+00h  1
1894  1.9800055e+03 2.48e-04 3.58e-02  -4.0 8.65e-02    -  1.00e+00 2.50e-01h  3
1895  1.9800055e+03 1.79e-04 8.23e-02  -4.1 1.41e-01    -  1.00e+00 1.25e-01h  4
1896  1.9800055e+03 1.40e-04 1.56e-02  -4.0 2.70e-02    -  1.00e+00 1.00e+00h  1
1897  1.9800057e+03 1.69e-04 8.47e-03  -4.0 7.03e-02    -  1.00e+00 1.00e+00h  1
1898  1.9800055e+03 3.65e-05 1.21e-02  -4.1 7.53e-02    -  1.00e+00 1.00e+00h  1
1899  1.9800055e+03 5.75e-05 2.17e-02  -4.0 2.04e-02    -  1.00e+00 1.00e+00h  1
iter    objective    inf_pr   inf_du lg(mu)  ||d||  lg(rg) alpha_du alpha_pr  ls
1900  1.9800056e+03 1.75e-04 4.73e-02  -4.0 7.37e-02    -  1.00e+00 1.00e+00h  1
1901  1.9800055e+03 6.22e-05 1.03e-02  -4.1 5.84e-02    -  1.00e+00 1.00e+00h  1
1902  1.9800055e+03 2.12e-05 1.57e-02  -4.0 1.84e-02    -  1.00e+00 1.00e+00H  1
1903  1.9800055e+03 2.30e-04 1.92e-02  -4.0 3.67e-02    -  1.00e+00 1.00e+00h  1
1904  1.9800057e+03 1.83e-04 5.60e-02  -4.1 9.85e-02    -  1.00e+00 1.00e+00h  1
1905  1.9800055e+03 9.69e-05 1.54e-02  -4.1 6.47e-02    -  1.00e+00 1.00e+00h  1
1906  1.9800055e+03 1.05e-04 1.47e-02  -4.1 1.73e-02    -  1.00e+00 1.00e+00h  1
1907  1.9800055e+03 6.49e-05 9.90e-03  -4.1 2.01e-02    -  1.00e+00 1.00e+00h  1
1908  1.9800055e+03 2.17e-05 5.61e-03  -4.1 2.32e-02    -  1.00e+00 1.00e+00h  1
1909  1.9800055e+03 2.59e-06 3.70e-03  -4.0 1.89e-03    -  1.00e+00 1.00e+00h  1
iter    objective    inf_pr   inf_du lg(mu)  ||d||  lg(rg) alpha_du alpha_pr  ls
1910  1.9800055e+03 8.33e-07 1.15e-03  -4.0 1.21e-03    -  1.00e+00 1.00e+00h  1
1911  1.9800055e+03 7.13e-08 8.61e-04  -4.0 4.65e-04    -  1.00e+00 1.00e+00h  1
1912  1.9800055e+03 3.91e-08 6.49e-04  -4.0 3.13e-04    -  1.00e+00 1.00e+00h  1
1913  1.9800055e+03 2.82e-08 2.84e-04  -4.0 3.20e-04    -  1.00e+00 1.00e+00h  1
1914  1.9800055e+03 1.68e-05 5.17e-03  -4.0 8.91e-03    -  1.00e+00 1.00e+00h  1
1915  1.9800055e+03 6.55e-06 3.23e-02  -4.1 4.13e-02    -  1.00e+00 1.00e+00H  1
1916  1.9800055e+03 4.39e-06 1.10e-02  -4.1 4.60e-02    -  1.00e+00 1.00e+00H  1
1917  1.9800055e+03 5.00e-05 2.29e-01  -4.1 1.21e-01    -  1.00e+00 2.50e-01h  3
1918  1.9800055e+03 2.85e-05 5.60e-03  -4.1 1.36e-02    -  1.00e+00 1.00e+00h  1
1919  1.9800055e+03 8.42e-05 1.14e-01  -4.1 8.79e-02    -  1.00e+00 2.50e-01h  3
iter    objective    inf_pr   inf_du lg(mu)  ||d||  lg(rg) alpha_du alpha_pr  ls
1920  1.9800055e+03 4.70e-04 2.72e-02  -4.1 6.18e-02    -  1.00e+00 1.00e+00h  1
1921  1.9800055e+03 4.09e-04 1.78e-01  -4.1 7.69e-02    -  1.00e+00 5.00e-01h  2
1922  1.9800055e+03 2.35e-03 8.94e-02  -4.1 2.39e-01    -  1.00e+00 5.00e-01h  2
1923  1.9800055e+03 1.39e-03 4.32e-02  -4.1 1.40e-01    -  1.00e+00 5.00e-01h  2
1924  1.9800055e+03 9.63e-04 4.99e-02  -4.1 8.39e-02    -  1.00e+00 5.00e-01h  2
1925  1.9800055e+03 1.40e-03 6.79e-02  -4.1 2.34e-01    -  1.00e+00 2.50e-01h  3
1926  1.9800055e+03 8.54e-04 1.85e-02  -4.1 9.18e-02    -  1.00e+00 5.00e-01h  2
1927  1.9800055e+03 4.77e-04 6.57e-03  -4.1 7.25e-02    -  1.00e+00 1.00e+00h  1
1928  1.9800055e+03 4.49e-04 5.47e-02  -4.1 2.93e-01    -  1.00e+00 1.25e-01h  4
1929  1.9800055e+03 1.40e-04 5.93e-03  -4.1 2.99e-02    -  1.00e+00 1.00e+00h  1
iter    objective    inf_pr   inf_du lg(mu)  ||d||  lg(rg) alpha_du alpha_pr  ls
1930  1.9800055e+03 8.81e-05 1.18e-01  -4.0 1.03e-01    -  1.00e+00 2.50e-01h  3
1931  1.9800055e+03 6.31e-05 6.36e-03  -4.1 2.28e-02    -  1.00e+00 1.00e+00h  1
1932  1.9800054e+03 1.30e-05 8.58e-03  -4.0 1.51e-02    -  1.00e+00 1.00e+00h  1
1933  1.9800054e+03 6.20e-07 3.47e-03  -4.0 5.77e-03    -  1.00e+00 1.00e+00H  1
1934  1.9800054e+03 3.00e-06 1.92e-03  -4.0 3.12e-03    -  1.00e+00 1.00e+00h  1
1935  1.9800054e+03 2.97e-06 1.20e-02  -4.1 9.66e-03    -  1.00e+00 1.00e+00H  1
1936  1.9800054e+03 7.54e-06 2.60e-03  -4.1 1.13e-02    -  1.00e+00 1.00e+00h  1
1937  1.9800055e+03 7.25e-06 1.41e-02  -4.0 1.79e-02    -  1.00e+00 1.00e+00h  1
1938  1.9800054e+03 2.87e-06 2.22e-03  -4.1 1.53e-02    -  1.00e+00 1.00e+00h  1
1939  1.9800054e+03 4.83e-07 2.24e-04  -4.1 1.05e-03    -  1.00e+00 1.00e+00h  1
iter    objective    inf_pr   inf_du lg(mu)  ||d||  lg(rg) alpha_du alpha_pr  ls
1940  1.9800054e+03 2.99e-09 1.06e-03  -4.0 1.86e-03    -  1.00e+00 1.00e+00H  1
1941  1.9800054e+03 2.27e-06 1.97e-02  -4.0 1.88e-02    -  1.00e+00 2.50e-01h  3
1942  1.9800054e+03 5.87e-05 1.21e-02  -4.1 1.83e-02    -  1.00e+00 1.00e+00h  1
1943  1.9800055e+03 1.88e-06 2.54e-02  -4.1 3.07e-02    -  1.00e+00 1.00e+00H  1
1944  1.9800054e+03 9.05e-05 1.14e-02  -4.1 1.63e-02    -  1.00e+00 1.00e+00h  1
1945  1.9800055e+03 9.94e-06 1.33e-02  -4.0 4.67e-02    -  1.00e+00 1.00e+00h  1
1946  1.9800054e+03 6.42e-05 2.24e-03  -4.1 3.76e-02    -  1.00e+00 1.00e+00h  1
1947  1.9800055e+03 1.24e-04 2.44e-02  -4.0 1.77e-02    -  1.00e+00 1.00e+00h  1
1948  1.9800054e+03 4.66e-04 1.51e-02  -4.1 4.34e-02    -  1.00e+00 1.00e+00h  1
1949  1.9800055e+03 1.78e-03 1.47e-01  -4.1 7.40e-02    -  8.22e-01 1.00e+00h  1
iter    objective    inf_pr   inf_du lg(mu)  ||d||  lg(rg) alpha_du alpha_pr  ls
1950  1.9800056e+03 6.27e-03 3.98e-01  -4.1 1.79e+00    -  9.41e-01 5.94e-02h  5
1951  1.9800056e+03 5.98e-03 1.64e-01  -4.1 1.20e+00    -  7.68e-01 6.25e-02h  5
1952  1.9800055e+03 3.18e-03 9.80e-02  -4.1 5.27e-03    -  1.00e+00 4.68e-01h  2
1953  1.9800054e+03 1.86e-03 2.57e-02  -4.1 1.43e-01    -  7.52e-01 5.00e-01h  2
1954  1.9800055e+03 2.13e-03 2.52e-02  -4.1 9.07e-02    -  1.00e+00 5.00e-01h  2
1955  1.9800054e+03 2.08e-03 4.51e-03  -4.1 5.41e-02    -  1.00e+00 1.00e+00h  1
1956  1.9800054e+03 8.94e-04 1.62e-03  -4.0 3.58e-02    -  1.00e+00 1.00e+00h  1
1957  1.9800054e+03 2.95e-05 1.02e-03  -4.0 1.09e-02    -  1.00e+00 1.00e+00h  1
1958  1.9800055e+03 1.03e-03 6.57e-02  -4.0 3.80e-02    -  1.00e+00 1.00e+00h  1
1959  1.9800055e+03 2.84e-04 1.52e-02  -4.1 2.18e-02    -  1.00e+00 1.00e+00h  1
iter    objective    inf_pr   inf_du lg(mu)  ||d||  lg(rg) alpha_du alpha_pr  ls
1960  1.9800054e+03 9.99e-05 2.23e-03  -4.1 1.16e-02    -  1.00e+00 1.00e+00h  1
1961  1.9800054e+03 7.97e-07 1.61e-03  -4.1 1.53e-03    -  1.00e+00 1.00e+00h  1
1962  1.9800054e+03 5.31e-06 9.26e-03  -4.0 3.26e-03    -  1.00e+00 1.00e+00h  1
1963  1.9800054e+03 1.50e-06 2.14e-03  -4.1 1.81e-03    -  1.00e+00 1.00e+00h  1
1964  1.9800054e+03 2.00e-07 8.21e-04  -4.1 8.23e-04    -  1.00e+00 1.00e+00h  1
1965  1.9800054e+03 6.01e-07 2.44e-03  -4.0 1.03e-03    -  1.00e+00 1.00e+00h  1
1966  1.9800054e+03 7.00e-06 6.24e-03  -4.0 3.86e-03    -  1.00e+00 1.00e+00h  1
1967  1.9800055e+03 2.98e-06 8.31e-03  -4.1 3.05e-02    -  1.00e+00 1.00e+00H  1
1968  1.9800054e+03 7.95e-07 5.77e-03  -4.1 3.28e-02    -  1.00e+00 1.00e+00h  1
1969  1.9800054e+03 5.42e-06 1.12e-03  -4.1 3.41e-03    -  1.00e+00 1.00e+00h  1
iter    objective    inf_pr   inf_du lg(mu)  ||d||  lg(rg) alpha_du alpha_pr  ls
1970  1.9800054e+03 1.42e-05 5.64e-03  -4.1 6.64e-03    -  1.00e+00 1.00e+00h  1
1971  1.9800054e+03 1.90e-05 1.45e-02  -4.1 6.88e-02    -  1.00e+00 6.25e-02h  5
1972  1.9800054e+03 2.23e-05 3.48e-02  -4.1 1.36e-02    -  1.00e+00 5.00e-01h  2
1973  1.9800054e+03 2.70e-06 4.10e-03  -4.1 8.80e-03    -  1.00e+00 1.00e+00h  1
1974  1.9800054e+03 3.54e-05 9.24e-03  -4.1 1.16e-02    -  1.00e+00 1.00e+00h  1
1975  1.9800054e+03 5.10e-07 6.25e-03  -4.1 1.08e-02    -  1.00e+00 1.00e+00H  1
1976  1.9800054e+03 5.94e-08 5.61e-03  -4.1 1.44e-02    -  1.00e+00 1.00e+00H  1
1977  1.9800054e+03 3.56e-05 1.36e-02  -4.0 1.02e-02    -  1.00e+00 1.00e+00h  1
1978  1.9800054e+03 2.83e-05 9.45e-03  -4.1 9.53e-03    -  1.00e+00 1.00e+00h  1
1979  1.9800055e+03 2.02e-05 3.54e-02  -4.1 1.58e-02    -  1.00e+00 1.00e+00H  1
iter    objective    inf_pr   inf_du lg(mu)  ||d||  lg(rg) alpha_du alpha_pr  ls
1980  1.9800054e+03 5.32e-04 1.22e-02  -4.1 3.41e-02    -  1.00e+00 1.00e+00h  1
1981  1.9800054e+03 5.18e-04 1.55e-01  -4.1 1.49e-01    -  1.00e+00 1.25e-01h  4
1982  1.9800054e+03 9.08e-06 1.34e-03  -4.1 1.30e-02    -  1.00e+00 1.00e+00h  1
1983  1.9800054e+03 9.86e-07 2.34e-03  -4.1 4.96e-03    -  1.00e+00 1.00e+00h  1
1984  1.9800054e+03 1.29e-06 1.08e-03  -4.1 2.94e-03    -  1.00e+00 1.00e+00h  1
1985  1.9800054e+03 1.20e-06 1.68e-03  -4.1 2.15e-03    -  1.00e+00 1.00e+00h  1
1986  1.9800054e+03 1.67e-07 1.45e-02  -4.1 1.23e-02    -  1.00e+00 1.00e+00H  1
1987  1.9800054e+03 1.77e-05 5.63e-03  -4.0 1.46e-02    -  1.00e+00 1.00e+00h  1
1988  1.9800054e+03 2.87e-06 1.61e-02  -4.0 1.15e-02    -  1.00e+00 1.00e+00H  1
1989  1.9800054e+03 1.14e-06 5.26e-03  -4.1 1.08e-02    -  1.00e+00 1.00e+00H  1
iter    objective    inf_pr   inf_du lg(mu)  ||d||  lg(rg) alpha_du alpha_pr  ls
1990  1.9800054e+03 8.47e-05 8.59e-03  -4.1 1.32e-02    -  1.00e+00 1.00e+00h  1
1991  1.9800055e+03 3.66e-07 2.43e-02  -4.1 3.89e-02    -  1.00e+00 1.00e+00H  1
1992  1.9800054e+03 3.35e-05 7.24e-03  -4.1 2.94e-02    -  1.00e+00 1.00e+00h  1
1993  1.9800055e+03 3.45e-04 1.87e-02  -4.1 3.24e-02    -  1.00e+00 1.00e+00h  1
1994  1.9800054e+03 2.22e-04 8.88e-03  -4.1 1.83e-02    -  1.00e+00 1.00e+00h  1
1995  1.9800054e+03 1.62e-04 2.89e-02  -4.1 7.69e-02    -  1.00e+00 5.00e-01h  2
1996  1.9800054e+03 1.03e-04 6.20e-02  -4.1 3.28e-02    -  1.00e+00 5.00e-01h  2
1997  1.9800054e+03 1.43e-04 4.59e-02  -4.1 5.42e-02    -  1.00e+00 2.50e-01h  3
1998  1.9800054e+03 6.27e-05 6.78e-03  -4.1 3.45e-02    -  1.00e+00 5.00e-01h  2
1999  1.9800054e+03 3.03e-05 2.02e-03  -4.1 1.10e-02    -  1.00e+00 1.00e+00h  1
iter    objective    inf_pr   inf_du lg(mu)  ||d||  lg(rg) alpha_du alpha_pr  ls
2000  1.9800054e+03 4.74e-06 4.10e-03  -4.1 6.26e-03    -  1.00e+00 1.00e+00h  1
2001  1.9800054e+03 4.61e-06 1.16e-03  -4.0 5.93e-03    -  1.00e+00 1.00e+00h  1
2002  1.9800054e+03 3.14e-06 1.26e-02  -4.0 9.59e-03    -  1.00e+00 1.00e+00H  1
2003  1.9800054e+03 1.05e-05 2.55e-03  -4.1 1.04e-02    -  1.00e+00 1.00e+00h  1
2004  1.9800054e+03 8.93e-06 1.52e-02  -4.0 1.99e-02    -  1.00e+00 1.00e+00h  1
2005  1.9800054e+03 2.09e-05 2.07e-03  -4.1 1.97e-02    -  1.00e+00 1.00e+00h  1
2006  1.9800054e+03 1.92e-06 3.02e-03  -4.0 3.19e-03    -  1.00e+00 1.00e+00h  1
2007  1.9800054e+03 5.75e-07 2.82e-03  -4.0 1.51e-03    -  1.00e+00 1.00e+00h  1
2008  1.9800054e+03 4.22e-07 4.28e-04  -4.0 8.76e-04    -  1.00e+00 1.00e+00h  1
2009  1.9800054e+03 2.47e-08 3.70e-04  -4.0 4.07e-04    -  1.00e+00 1.00e+00h  1
iter    objective    inf_pr   inf_du lg(mu)  ||d||  lg(rg) alpha_du alpha_pr  ls
2010  1.9800054e+03 1.64e-08 7.76e-03  -4.0 6.30e-03    -  1.00e+00 1.00e+00H  1
2011  1.9800054e+03 1.16e-06 5.04e-03  -4.0 5.87e-03    -  1.00e+00 1.00e+00h  1
2012  1.9800054e+03 5.79e-06 2.50e-03  -4.1 4.10e-03    -  1.00e+00 1.00e+00h  1
2013  1.9800054e+03 2.20e-09 7.84e-03  -4.1 7.91e-03    -  1.00e+00 1.00e+00H  1
2014  1.9800054e+03 3.00e-05 1.20e-03  -4.0 8.42e-03    -  1.00e+00 1.00e+00h  1
2015  1.9800054e+03 2.09e-06 6.66e-04  -4.1 2.24e-03    -  1.00e+00 1.00e+00h  1
2016  1.9800054e+03 3.97e-05 1.02e-02  -4.0 9.38e-02    -  1.00e+00 1.25e-01h  4
2017  1.9800054e+03 1.75e-04 2.70e-02  -4.1 2.20e-02    -  1.00e+00 1.00e+00h  1
2018  1.9800054e+03 3.24e-04 1.11e-01  -4.1 6.62e-02    -  1.00e+00 5.00e-01h  2
2019  1.9800054e+03 2.88e-04 4.77e-02  -4.1 1.06e-01    -  1.00e+00 1.25e-01h  4
iter    objective    inf_pr   inf_du lg(mu)  ||d||  lg(rg) alpha_du alpha_pr  ls
2020  1.9800054e+03 2.13e-05 1.89e-03  -4.1 1.74e-02    -  1.00e+00 1.00e+00h  1
2021  1.9800054e+03 2.56e-06 6.60e-03  -4.0 1.02e-02    -  1.00e+00 1.00e+00h  1
2022  1.9800054e+03 2.53e-06 1.38e-02  -4.0 2.04e-02    -  1.00e+00 1.00e+00H  1
2023  1.9800054e+03 1.52e-05 3.42e-03  -4.1 1.87e-02    -  1.00e+00 1.00e+00h  1
2024  1.9800054e+03 2.23e-06 2.74e-03  -4.1 3.79e-03    -  1.00e+00 1.00e+00h  1
2025  1.9800054e+03 8.93e-08 1.62e-03  -4.0 4.56e-03    -  1.00e+00 1.00e+00H  1
2026  1.9800054e+03 6.05e-07 1.48e-03  -4.0 2.76e-03    -  1.00e+00 1.00e+00h  1
2027  1.9800054e+03 4.19e-07 5.46e-04  -4.0 3.08e-03    -  1.00e+00 1.00e+00h  1
2028  1.9800054e+03 2.61e-07 1.20e-03  -4.0 2.19e-03    -  1.00e+00 1.00e+00h  1
2029  1.9800054e+03 9.96e-07 2.34e-03  -4.1 3.69e-03    -  1.00e+00 1.00e+00h  1
iter    objective    inf_pr   inf_du lg(mu)  ||d||  lg(rg) alpha_du alpha_pr  ls
2030  1.9800054e+03 4.07e-07 1.28e-03  -4.0 3.18e-03    -  1.00e+00 1.00e+00h  1
2031  1.9800054e+03 2.49e-09 1.34e-03  -4.1 1.75e-03    -  1.00e+00 1.00e+00H  1
2032  1.9800054e+03 1.18e-06 2.58e-03  -4.0 2.07e-03    -  1.00e+00 1.00e+00h  1
2033  1.9800054e+03 1.45e-05 5.93e-03  -4.1 1.65e-02    -  1.00e+00 1.00e+00h  1
2034  1.9800054e+03 1.36e-05 2.09e-02  -4.1 7.13e-02    -  1.00e+00 6.25e-02h  5
2035  1.9800054e+03 8.71e-05 1.46e-02  -4.1 2.03e-02    -  1.00e+00 1.00e+00h  1
2036  1.9800054e+03 1.06e-04 2.16e-01  -4.1 1.58e-01    -  1.00e+00 6.25e-02h  5
2037  1.9800054e+03 2.27e-05 1.13e-01  -4.0 8.73e-02    -  1.00e+00 1.00e+00H  1
2038  1.9800054e+03 5.76e-05 1.28e+00  -4.1 2.13e-01    -  1.00e+00 1.25e-01h  4
2039  1.9800055e+03 3.33e-04 2.52e-01  -4.1 4.33e-01    -  1.00e+00 2.50e-01h  3
iter    objective    inf_pr   inf_du lg(mu)  ||d||  lg(rg) alpha_du alpha_pr  ls
2040  1.9800055e+03 6.48e-04 8.27e-01  -4.1 7.81e-01    -  1.00e+00 1.25e-01h  4
2041  1.9800055e+03 1.52e-03 7.62e-01  -4.1 5.33e+00    -  1.82e-01 1.22e-02h  5
2042  1.9800055e+03 1.62e-03 8.79e-01  -4.1 4.11e-01    -  1.00e+00 1.25e-01h  4
2043  1.9800054e+03 2.72e-03 7.17e-01  -4.1 4.02e-01    -  1.00e+00 2.50e-01h  3
2044  1.9800054e+03 3.69e-03 6.75e-01  -4.1 3.83e+00    -  1.00e+00 3.12e-02h  6
2045  1.9800055e+03 3.58e-03 5.14e-01  -4.1 6.67e-01    -  1.00e+00 6.25e-02h  5
2046  1.9800054e+03 3.38e-03 6.60e-01  -4.1 8.15e-01    -  8.13e-01 1.25e-01h  4
2047  1.9800054e+03 4.92e-03 5.81e-01  -4.1 1.95e+01    -  2.89e-01 8.77e-03h  6
2048  1.9800054e+03 4.80e-03 2.68e-01  -4.1 9.27e-01    -  7.97e-01 3.40e-02h  4
2049  1.9800056e+03 3.62e-03 4.43e-02  -4.0 1.51e-01    -  1.00e+00 1.00e+00h  1
iter    objective    inf_pr   inf_du lg(mu)  ||d||  lg(rg) alpha_du alpha_pr  ls
2050  1.9800056e+03 6.49e-03 3.81e-01  -4.1 2.15e+00    -  7.01e-01 6.25e-02h  5
2051  1.9800056e+03 3.79e-03 1.65e-01  -4.1 2.87e+00    -  6.43e-01 5.82e-03H  1
2052  1.9800056e+03 6.37e-03 7.05e-02  -4.1 3.54e-01    -  1.00e+00 5.00e-01f  2
2053  1.9800055e+03 9.60e-03 1.73e-01  -4.1 1.54e+00    -  1.00e+00 1.25e-01h  4
2054  1.9800055e+03 9.56e-03 4.10e-01  -4.1 2.33e+00    -  7.24e-01 3.12e-02h  6
2055  1.9800055e+03 1.10e-02 1.96e-01  -4.1 3.71e+00    -  5.57e-01 2.68e-02h  5
2056  1.9800058e+03 3.76e-03 5.21e-02  -4.1 2.50e-01    -  1.00e+00 9.28e-01H  1
2057  1.9800059e+03 7.40e-03 2.24e-01  -4.1 6.48e-01    -  5.35e-01 1.25e-01h  4
2058  1.9800060e+03 8.64e-03 1.45e+00  -4.1 1.32e+00    -  7.99e-01 4.86e-02h  5
2059  1.9800055e+03 4.72e-03 2.07e-01  -4.1 2.63e-01    -  1.00e+00 5.00e-01h  2
iter    objective    inf_pr   inf_du lg(mu)  ||d||  lg(rg) alpha_du alpha_pr  ls
2060  1.9800055e+03 1.97e-03 1.14e-01  -4.1 1.26e-01    -  1.00e+00 1.00e+00H  1
2061  1.9800055e+03 1.79e-03 3.79e-02  -4.1 1.33e-01    -  1.00e+00 1.00e+00H  1
2062  1.9800055e+03 1.74e-03 5.47e-01  -4.1 2.42e-01    -  9.04e-01 2.50e-01h  3
2063  1.9800056e+03 3.97e-04 5.17e-02  -4.1 9.83e-02    -  1.00e+00 1.00e+00h  1
2064  1.9800054e+03 6.79e-04 4.20e-03  -4.1 6.46e-02    -  1.00e+00 1.00e+00h  1
2065  1.9800054e+03 5.37e-04 1.56e-02  -4.0 6.85e-02    -  1.00e+00 5.00e-01h  2
2066  1.9800055e+03 3.61e-04 1.12e-02  -4.0 8.03e-02    -  1.00e+00 1.00e+00h  1
2067  1.9800054e+03 2.98e-05 2.22e-02  -4.1 7.03e-02    -  1.00e+00 1.00e+00h  1
2068  1.9800054e+03 1.93e-04 1.57e-02  -4.0 3.44e-02    -  1.00e+00 1.00e+00h  1
2069  1.9800054e+03 1.27e-04 2.42e-01  -4.0 5.14e-02    -  1.00e+00 5.00e-01h  2
iter    objective    inf_pr   inf_du lg(mu)  ||d||  lg(rg) alpha_du alpha_pr  ls
2070  1.9800054e+03 8.06e-05 1.10e-02  -4.1 4.92e-02    -  1.00e+00 1.00e+00H  1
2071  1.9800054e+03 2.16e-04 1.45e-01  -4.0 9.86e-02    -  1.00e+00 5.00e-01h  2
2072  1.9800054e+03 2.77e-04 5.12e-03  -4.1 3.31e-02    -  1.00e+00 1.00e+00h  1
2073  1.9800055e+03 2.34e-04 1.49e-01  -4.0 9.60e-02    -  1.00e+00 5.00e-01h  2
2074  1.9800054e+03 1.75e-04 3.01e-03  -4.1 4.48e-02    -  1.00e+00 1.00e+00h  1
2075  1.9800054e+03 5.64e-06 2.23e-03  -4.0 2.60e-03    -  1.00e+00 1.00e+00h  1
2076  1.9800054e+03 9.76e-07 3.23e-03  -4.0 1.70e-03    -  1.00e+00 1.00e+00h  1
2077  1.9800054e+03 1.52e-07 4.30e-04  -4.0 5.96e-04    -  1.00e+00 1.00e+00h  1
2078  1.9800054e+03 1.09e-08 1.85e-04  -4.0 1.94e-04    -  1.00e+00 1.00e+00h  1
2079  1.9800054e+03 2.44e-07 9.31e-04  -4.0 1.29e-03    -  1.00e+00 1.00e+00h  1
iter    objective    inf_pr   inf_du lg(mu)  ||d||  lg(rg) alpha_du alpha_pr  ls
2080  1.9800054e+03 5.55e-07 1.37e-03  -4.1 1.63e-03    -  1.00e+00 1.00e+00h  1
2081  1.9800054e+03 1.57e-08 1.59e-02  -4.0 2.22e-02    -  1.00e+00 1.00e+00H  1
2082  1.9800054e+03 1.21e-05 7.46e-03  -4.1 1.70e-02    -  1.00e+00 1.00e+00h  1
2083  1.9800054e+03 5.89e-06 3.64e-03  -4.0 6.84e-03    -  1.00e+00 1.00e+00h  1
2084  1.9800054e+03 5.46e-06 4.05e-03  -4.1 8.61e-03    -  1.00e+00 1.00e+00h  1
2085  1.9800054e+03 1.13e-04 1.73e-02  -4.1 1.56e-02    -  1.00e+00 1.00e+00h  1
2086  1.9800054e+03 3.61e-05 2.76e-03  -4.0 1.00e-02    -  1.00e+00 1.00e+00h  1
2087  1.9800054e+03 1.11e-05 3.95e-03  -4.0 4.29e-03    -  1.00e+00 1.00e+00h  1
2088  1.9800054e+03 3.13e-06 2.66e-03  -4.0 2.74e-03    -  1.00e+00 1.00e+00h  1
2089  1.9800054e+03 3.96e-07 5.91e-04  -4.0 2.57e-03    -  1.00e+00 1.00e+00h  1
iter    objective    inf_pr   inf_du lg(mu)  ||d||  lg(rg) alpha_du alpha_pr  ls
2090  1.9800054e+03 3.77e-08 1.70e-04  -4.0 3.35e-04    -  1.00e+00 1.00e+00h  1
2091  1.9800054e+03 8.05e-08 4.12e-04  -4.0 4.97e-04    -  1.00e+00 1.00e+00h  1
2092  1.9800054e+03 2.41e-08 8.61e-03  -4.1 1.20e-02    -  1.00e+00 1.00e+00H  1
2093  1.9800054e+03 6.02e-08 1.14e-02  -4.1 1.55e-02    -  1.00e+00 1.00e+00H  1
2094  1.9800054e+03 8.43e-05 8.12e-03  -4.1 1.59e-02    -  1.00e+00 1.00e+00h  1
2095  1.9800054e+03 4.11e-05 9.40e-03  -4.1 1.91e-02    -  1.00e+00 5.00e-01h  2
2096  1.9800054e+03 3.42e-05 3.78e-03  -4.1 1.01e-02    -  1.00e+00 1.00e+00h  1
2097  1.9800054e+03 3.48e-05 2.54e-02  -4.1 1.09e-01    -  1.00e+00 1.25e-01h  4
2098  1.9800054e+03 1.21e-05 1.16e-03  -4.1 8.04e-03    -  1.00e+00 1.00e+00h  1
2099  1.9800054e+03 1.16e-06 5.63e-03  -4.0 2.39e-03    -  1.00e+00 1.00e+00h  1
iter    objective    inf_pr   inf_du lg(mu)  ||d||  lg(rg) alpha_du alpha_pr  ls
2100  1.9800054e+03 1.11e-06 8.45e-04  -4.1 2.85e-03    -  1.00e+00 1.00e+00h  1
2101  1.9800054e+03 5.19e-08 5.69e-04  -4.0 3.82e-04    -  1.00e+00 1.00e+00h  1
2102  1.9800054e+03 1.79e-07 5.88e-04  -4.0 1.38e-03    -  1.00e+00 1.00e+00h  1
2103  1.9800054e+03 7.15e-04 2.87e-01  -4.0 1.37e+00    -  1.00e+00 6.25e-02h  5
2104  1.9800054e+03 9.03e-04 4.18e-01  -4.1 1.50e+00    -  1.00e+00 3.12e-02h  6
2105  1.9800054e+03 7.83e-04 2.42e-01  -4.1 2.70e-01    -  1.00e+00 1.25e-01h  4
2106  1.9800054e+03 5.80e-04 5.83e-01  -4.1 3.78e-01    -  1.00e+00 1.25e-01h  4
2107  1.9800054e+03 5.57e-04 2.72e-01  -4.1 2.75e-01    -  1.00e+00 6.25e-02h  5
2108  1.9800054e+03 3.00e-03 3.81e-01  -4.1 3.42e-01    -  1.00e+00 5.00e-01h  2
2109  1.9800054e+03 2.91e-03 8.62e-02  -4.1 4.99e-01    -  1.00e+00 3.12e-02h  6
iter    objective    inf_pr   inf_du lg(mu)  ||d||  lg(rg) alpha_du alpha_pr  ls
2110  1.9800054e+03 2.77e-03 4.47e-02  -4.1 3.61e-01    -  1.00e+00 5.00e-01h  2
2111  1.9800054e+03 2.92e-03 5.29e-01  -3.8 6.63e+00    -  7.09e-01 8.20e-03h  7
2112  1.9800054e+03 2.75e-03 1.44e-01  -4.0 3.61e+00    -  7.48e-02 1.28e-03H  1
2113  1.9800059e+03 2.27e-03 1.96e-01  -4.0 1.92e-01    -  1.00e+00 5.00e-01f  2
2114  1.9800054e+03 1.18e-03 8.42e-03  -4.1 1.51e-01    -  1.00e+00 1.00e+00h  1
2115  1.9800054e+03 1.90e-03 2.29e-01  -4.0 2.37e+00    -  1.00e+00 6.25e-02h  5
2116  1.9800054e+03 1.97e-03 4.34e-02  -4.0 4.38e-01    -  1.00e+00 1.10e-01h  4
2117  1.9800058e+03 2.88e-03 5.95e-02  -4.1 1.83e-01    -  1.00e+00 1.00e+00H  1
2118  1.9800054e+03 1.56e-03 2.61e-02  -4.1 2.09e-01    -  1.00e+00 1.00e+00H  1
2119  1.9800054e+03 1.46e-03 3.40e-01  -4.1 2.21e+00    -  8.90e-01 1.51e-02h  7
iter    objective    inf_pr   inf_du lg(mu)  ||d||  lg(rg) alpha_du alpha_pr  ls
2120  1.9800054e+03 1.51e-03 2.08e-02  -4.1 5.83e-01    -  1.00e+00 5.03e-02H  1
2121  1.9800056e+03 6.38e-03 1.16e-01  -4.0 5.56e+00    -  1.00e+00 6.25e-02f  5
2122  1.9800056e+03 6.81e-03 5.44e-02  -4.1 2.20e+00    -  1.00e+00 6.25e-02h  5
2123  1.9800055e+03 9.07e-03 7.09e-02  -4.1 4.09e+00    -  9.04e-01 6.25e-02h  5
2124  1.9800055e+03 9.33e-03 2.71e-01  -4.1 2.71e+00    -  1.00e+00 6.25e-02h  5
2125  1.9800055e+03 1.19e-02 2.69e-01  -4.1 4.29e+00    -  3.13e-01 2.68e-02h  5
2126  1.9800089e+03 4.82e-03 1.86e-02  -4.1 3.00e-01    -  1.00e+00 1.00e+00h  1
2127  1.9800055e+03 4.43e-03 1.86e-02  -4.1 3.33e-01    -  1.00e+00 9.06e-01h  1
2128  1.9800056e+03 9.58e-03 3.55e-02  -4.1 2.43e-01    -  7.45e-01 1.00e+00f  1
2129  1.9800056e+03 8.34e-03 8.95e-02  -4.1 5.11e+00    -  4.95e-01 1.44e-03H  1
iter    objective    inf_pr   inf_du lg(mu)  ||d||  lg(rg) alpha_du alpha_pr  ls
2130  1.9800057e+03 9.53e-03 2.96e-02  -4.1 6.43e-01    -  8.11e-01 2.50e-01f  3
2131  1.9800057e+03 9.55e-03 9.56e-02  -4.1 7.37e+00    -  2.87e-01 3.27e-04H  1
2132  1.9800056e+03 9.71e-03 3.04e-02  -4.1 7.02e-01    -  1.00e+00 1.25e-01f  4
2133  1.9800055e+03 9.08e-03 2.27e-02  -4.1 9.17e-01    -  4.85e-01 1.25e-01h  4
2134  1.9800055e+03 8.78e-03 5.33e-02  -4.1 7.10e-01    -  1.00e+00 1.25e-01h  4
2135  1.9800054e+03 8.58e-03 1.47e-02  -4.1 2.07e+00    -  9.30e-01 3.12e-02h  6
2136  1.9800054e+03 1.29e-02 2.12e-02  -4.1 2.88e+00    -  5.84e-01 5.64e-02h  5
2137  1.9800054e+03 1.28e-02 1.54e-02  -4.1 1.46e+01    -  3.26e-01 5.38e-03h  7
2138  1.9800054e+03 1.23e-02 1.24e-02  -4.0 1.33e+00    -  2.47e-01 1.25e-01h  4
2139  1.9800053e+03 1.72e-02 1.24e-02  -4.2 2.48e+01    -  8.22e-02 5.61e-03h  5
iter    objective    inf_pr   inf_du lg(mu)  ||d||  lg(rg) alpha_du alpha_pr  ls
2140  1.9800053e+03 1.82e-02 1.24e-02  -4.0 1.44e+01    -  1.71e-01 4.56e-03h  6
2141  1.9800053e+03 1.82e-02 1.35e-02  -4.0 8.68e+00    -  8.53e-01 8.94e-03h  6
2142  1.9800053e+03 1.81e-02 1.20e-02  -4.1 1.02e+01    -  2.40e-01 5.68e-03h  7
2143  1.9800057e+03 2.49e-02 1.23e-02  -4.0 6.12e+00    -  3.24e-01 3.78e-02H  1
2144  1.9800057e+03 2.60e-02 1.15e-02  -4.1 5.20e+00    -  5.80e-02 3.08e-02h  5
2145  1.9800055e+03 2.74e-02 1.19e-02  -4.1 1.16e+02    -  2.17e-02 2.87e-03h  4
2146  1.9800054e+03 2.96e-02 1.14e-02  -4.1 1.55e+01    -  5.37e-02 7.28e-03h  5
2147  1.9800054e+03 3.50e-02 1.14e-02  -4.1 1.99e+01    -  1.01e-01 7.26e-03h  5
2148  1.9800054e+03 3.90e-02 1.13e-02  -4.1 3.69e+01    -  4.63e-02 3.40e-03h  5
2149  1.9800054e+03 4.05e-02 1.13e-02  -4.1 2.94e+01    -  1.08e-01 2.75e-03h  6
iter    objective    inf_pr   inf_du lg(mu)  ||d||  lg(rg) alpha_du alpha_pr  ls
2150  1.9800053e+03 4.13e-02 1.13e-02  -4.1 4.00e+01    -  7.73e-02 2.05e-03h  6
2151  1.9800053e+03 4.15e-02 1.16e-02  -4.1 1.33e+01    -  6.92e-01 2.60e-03h  7
2152  1.9800053e+03 4.20e-02 1.16e-02  -4.1 1.31e+01    -  3.29e-01 8.42e-03h  6
2153  1.9800053e+03 4.35e-02 1.13e-02  -4.1 6.09e+01    -  6.75e-02 4.16e-03h  5
2154  1.9800053e+03 4.42e-02 1.11e-02  -4.0 3.33e+01    -  1.13e-01 2.09e-03h  6
2155  1.9800052e+03 4.54e-02 1.13e-02  -4.0 6.38e+01    -  4.40e-01 4.83e-03h  6
2156  1.9800052e+03 6.03e-02 1.11e-02  -4.0 2.00e+02    -  9.19e-02 1.11e-02h  4
2157  1.9800051e+03 9.76e-02 1.36e-02  -4.0 1.93e+02    -  3.52e-02 1.08e-02h  4
2158  1.9800049e+03 9.75e-02 1.39e-02  -4.0 1.77e+02    -  3.67e-02 1.26e-03h  5
2159  1.9800078e+03 1.57e-01 1.20e-02  -4.0 7.31e+00    -  2.89e-01 7.98e-02H  1
iter    objective    inf_pr   inf_du lg(mu)  ||d||  lg(rg) alpha_du alpha_pr  ls
2160  1.9800104e+03 1.11e-01 1.13e-02  -4.1 3.89e+00    -  2.12e-02 2.50e-01h  3
2161  1.9800100e+03 1.34e-01 1.12e-02  -4.1 2.77e+01    -  1.96e-01 1.99e-02h  4
2162  1.9800093e+03 1.52e-01 9.66e-03  -4.1 8.22e+00    -  2.77e-01 5.79e-02h  4
2163  1.9800089e+03 1.73e-01 1.01e-02  -4.1 3.74e+01    -  5.70e-02 1.04e-02h  4
2164  1.9800088e+03 2.60e-01 1.02e-02  -4.1 1.51e+01    -  3.37e-01 4.95e-02h  4
2165  1.9800078e+03 2.93e-01 1.07e-02  -4.1 4.01e+01    -  3.90e-02 1.31e-02h  4
2166  1.9800075e+03 3.16e-01 1.03e-02  -4.1 3.75e+01    -  5.21e-02 9.31e-03h  4
2167  1.9800073e+03 3.59e-01 9.26e-03  -4.1 4.09e+01    -  1.88e-01 1.83e-02h  4
2168  1.9800065e+03 3.73e-01 8.41e-03  -4.1 1.80e+01    -  1.82e-01 2.01e-02h  4
2169  1.9800063e+03 3.73e-01 8.61e-03  -4.1 1.31e+01    -  1.30e-01 9.93e-03h  5
iter    objective    inf_pr   inf_du lg(mu)  ||d||  lg(rg) alpha_du alpha_pr  ls
2170  1.9800329e+03 2.15e-01 4.03e-02  -4.1 1.39e+00    -  1.00e+00 7.09e-01h  1
2171  1.9800239e+03 3.73e-01 3.60e-02  -4.1 2.08e+00    -  1.59e-02 5.00e-01h  2
2172  1.9800140e+03 3.94e-01 2.58e-02  -4.1 2.12e+01    -  7.10e-02 2.53e-02h  3
2173  1.9800233e+03 3.64e-01 2.38e-02  -4.1 1.35e+00    -  1.00e+00 1.00e+00h  1
2174  1.9800067e+03 3.42e-01 1.18e-02  -4.1 1.31e+00    -  1.00e+00 1.00e+00h  1
2175  1.9800176e+03 2.09e-01 2.55e-02  -4.1 7.31e-01    -  1.00e+00 1.00e+00h  1
2176  1.9800071e+03 7.76e-02 1.08e-02  -4.1 7.03e-01    -  1.00e+00 6.57e-01h  1
2177  1.9800053e+03 6.09e-02 2.60e-02  -4.1 2.93e-01    -  1.00e+00 1.00e+00h  1
2178  1.9800064e+03 4.25e-02 2.47e-02  -4.0 3.50e-01    -  1.00e+00 1.00e+00h  1
2179  1.9800055e+03 3.42e-02 6.62e-03  -4.1 3.70e-01    -  1.00e+00 1.00e+00h  1
iter    objective    inf_pr   inf_du lg(mu)  ||d||  lg(rg) alpha_du alpha_pr  ls
2180  1.9800057e+03 2.30e-02 3.50e-02  -4.1 7.47e-01    -  1.00e+00 3.46e-01h  1
2181  1.9800053e+03 2.09e-02 2.19e-02  -4.1 2.66e-01    -  1.00e+00 5.00e-01h  2
2182  1.9800052e+03 2.03e-02 5.98e+00  -3.5 7.32e-01    -  1.00e+00 1.46e-02H  1
2183  1.9800059e+03 9.20e-03 4.24e-01  -4.0 5.48e-01    -  1.00e+00 5.00e-01h  2
2184  1.9800063e+03 7.03e-03 2.45e-01  -4.1 4.62e-01    -  1.00e+00 2.50e-01h  3
2185  1.9800060e+03 6.67e-03 3.34e-01  -4.1 5.83e-01    -  1.00e+00 2.50e-01h  3
2186  1.9800064e+03 5.70e-03 3.24e-01  -4.1 5.44e-01    -  1.00e+00 2.50e-01h  3
2187  1.9800089e+03 9.39e-03 5.04e-02  -4.1 5.18e-01    -  1.00e+00 1.00e+00H  1
2188  1.9800333e+03 2.16e-03 5.56e-02  -4.1 9.73e-01    -  9.48e-01 1.00e+00H  1
2189  1.9800078e+03 6.90e-03 9.65e-02  -4.1 8.58e-01    -  3.18e-01 1.00e+00H  1
iter    objective    inf_pr   inf_du lg(mu)  ||d||  lg(rg) alpha_du alpha_pr  ls
2190  1.9800080e+03 6.76e-04 3.96e-02  -4.1 6.79e-02    -  1.00e+00 1.00e+00h  1
2191  1.9800082e+03 2.25e-04 3.19e-02  -4.1 6.68e-02    -  1.00e+00 8.85e-01H  1
2192  1.9800082e+03 2.16e-04 9.18e-02  -4.1 5.57e-02    -  1.00e+00 5.00e-01f  2
2193  1.9800078e+03 3.06e-03 1.52e-01  -4.1 3.00e-01    -  1.00e+00 5.00e-01h  2
2194  1.9800075e+03 6.17e-03 2.05e-01  -4.1 4.62e-01    -  1.00e+00 2.50e-01h  3
2195  1.9800075e+03 4.23e-03 1.45e-01  -4.1 2.12e-01    -  1.00e+00 5.00e-01h  2
2196  1.9800075e+03 2.63e-03 2.56e-02  -4.1 1.14e-01    -  1.00e+00 1.00e+00h  1
2197  1.9800076e+03 2.22e-04 2.93e-02  -4.1 6.23e-02    -  1.00e+00 1.00e+00h  1
2198  1.9800074e+03 2.75e-04 2.61e-02  -4.1 4.45e-02    -  1.00e+00 1.00e+00h  1
2199  1.9800072e+03 1.64e-03 9.33e-02  -4.1 1.09e-01    -  1.00e+00 1.00e+00h  1
iter    objective    inf_pr   inf_du lg(mu)  ||d||  lg(rg) alpha_du alpha_pr  ls
2200  1.9800071e+03 2.34e-03 1.36e+00  -4.1 6.48e-01    -  1.00e+00 1.25e-01h  4
2201  1.9800071e+03 2.44e-03 2.06e-01  -4.1 3.74e-01    -  1.00e+00 2.50e-01h  3
2202  1.9800069e+03 4.72e-03 5.68e-01  -4.1 6.54e-01    -  1.00e+00 2.50e-01h  3
2203  1.9800069e+03 5.06e-03 7.10e-01  -4.1 5.84e-01    -  1.00e+00 2.50e-01h  3
2204  1.9800069e+03 2.78e-03 3.70e-01  -4.1 2.34e-01    -  1.00e+00 5.00e-01h  2
2205  1.9800065e+03 1.78e-03 6.28e-02  -4.1 1.43e-01    -  1.00e+00 6.62e-01h  1
2206  1.9800064e+03 2.43e-03 9.62e-02  -4.1 1.02e-01    -  1.00e+00 1.00e+00f  1
2207  1.9800064e+03 2.12e-03 7.56e-02  -4.1 4.71e-01    -  1.00e+00 1.25e-01h  4
2208  1.9800064e+03 5.94e-04 2.25e-02  -4.1 8.24e-02    -  1.00e+00 1.00e+00h  1
2209  1.9800067e+03 5.36e-04 9.63e-02  -4.1 2.52e-01    -  1.00e+00 1.00e+00H  1
iter    objective    inf_pr   inf_du lg(mu)  ||d||  lg(rg) alpha_du alpha_pr  ls
2210  1.9800065e+03 6.88e-04 6.12e-01  -4.1 6.54e-01    -  1.00e+00 1.25e-01h  4
2211  1.9800063e+03 2.28e-03 4.51e-01  -4.1 1.25e+01    -  2.70e-01 8.31e-03h  6
2212  1.9800063e+03 7.77e-03 1.42e-01  -4.1 1.57e+00    -  9.05e-01 1.25e-01h  4
2213  1.9800063e+03 4.24e-03 1.44e-01  -4.1 2.72e-01    -  1.00e+00 5.00e-01h  2
2214  1.9800060e+03 7.43e-03 3.07e-02  -4.1 2.55e-01    -  1.00e+00 1.00e+00h  1
2215  1.9800060e+03 7.05e-03 2.43e-01  -4.1 8.28e-01    -  5.96e-01 6.25e-02h  5
2216  1.9800059e+03 6.28e-04 1.30e-02  -4.1 5.82e-02    -  1.00e+00 1.00e+00h  1
2217  1.9800060e+03 9.89e-04 8.35e-02  -4.1 2.02e-01    -  1.00e+00 5.00e-01h  2
2218  1.9800059e+03 4.11e-04 1.61e-02  -4.1 5.44e-02    -  1.00e+00 1.00e+00h  1
2219  1.9800059e+03 2.98e-04 3.93e-02  -4.1 3.77e-02    -  1.00e+00 1.00e+00H  1
iter    objective    inf_pr   inf_du lg(mu)  ||d||  lg(rg) alpha_du alpha_pr  ls
2220  1.9800058e+03 2.41e-04 8.72e-02  -4.1 3.10e-02    -  1.00e+00 5.00e-01h  2
2221  1.9800058e+03 2.34e-04 2.62e-02  -4.1 3.45e-02    -  1.00e+00 1.00e+00h  1
2222  1.9800058e+03 7.51e-05 7.43e-03  -4.1 2.27e-02    -  1.00e+00 1.00e+00h  1
2223  1.9800058e+03 3.31e-05 1.50e-02  -4.1 1.50e-02    -  1.00e+00 1.00e+00h  1
2224  1.9800058e+03 9.66e-06 1.79e-02  -4.1 2.24e-02    -  1.00e+00 1.00e+00H  1
2225  1.9800058e+03 1.32e-05 6.92e-01  -4.1 8.59e-02    -  1.00e+00 1.25e-01h  4
2226  1.9800058e+03 8.30e-05 3.85e-01  -4.1 2.53e-01    -  1.00e+00 1.25e-01h  4
2227  1.9800057e+03 2.94e-02 2.09e-01  -4.1 6.10e-01    -  1.00e+00 1.00e+00h  1
2228  1.9800056e+03 2.00e-02 2.39e-01  -4.1 7.99e-01    -  1.00e+00 2.50e-01h  3
2229  1.9800058e+03 1.72e-02 6.17e-01  -4.1 8.46e-01    -  1.00e+00 1.25e-01h  4
iter    objective    inf_pr   inf_du lg(mu)  ||d||  lg(rg) alpha_du alpha_pr  ls
2230  1.9800057e+03 2.31e-03 9.32e-02  -4.1 1.59e-01    -  1.00e+00 1.00e+00h  1
2231  1.9800056e+03 3.85e-03 2.56e-01  -4.1 7.97e-01    -  1.00e+00 2.50e-01h  3
2232  1.9800056e+03 3.73e-03 3.04e-01  -4.1 1.63e+00    -  1.00e+00 6.25e-02h  5
2233  1.9800055e+03 5.49e-03 8.16e-02  -4.1 4.33e-01    -  1.00e+00 5.00e-01h  2
2234  1.9800054e+03 8.17e-03 1.81e-01  -4.1 1.48e+00    -  1.00e+00 1.25e-01h  4
2235  1.9800054e+03 8.21e-03 1.38e-01  -4.1 1.10e+00    -  1.00e+00 6.25e-02h  5
2236  1.9800054e+03 7.17e-03 5.73e-02  -4.1 3.51e-01    -  1.00e+00 1.25e-01h  4
2237  1.9800053e+03 4.68e-03 6.48e-02  -4.1 2.25e-01    -  1.00e+00 5.00e-01h  2
2238  1.9800053e+03 4.65e-03 1.00e-01  -4.0 1.01e+00    -  1.00e+00 6.25e-02h  5
2239  1.9800054e+03 4.18e-03 3.17e-02  -4.0 2.82e-01    -  1.00e+00 5.00e-01h  2
iter    objective    inf_pr   inf_du lg(mu)  ||d||  lg(rg) alpha_du alpha_pr  ls
2240  1.9800054e+03 3.59e-03 6.61e-02  -4.1 8.02e-01    -  1.00e+00 1.25e-01h  4
2241  1.9800054e+03 1.50e-03 6.24e-02  -4.1 1.30e-01    -  1.00e+00 1.00e+00h  1
2242  1.9800054e+03 1.47e-03 2.98e-02  -4.1 1.32e-01    -  1.00e+00 1.00e+00h  1
2243  1.9800055e+03 1.39e-03 4.70e-02  -4.1 2.28e-01    -  1.00e+00 5.00e-01h  2
2244  1.9800055e+03 1.18e-03 2.91e-02  -4.1 1.09e-01    -  1.00e+00 1.00e+00h  1
2245  1.9800055e+03 2.05e-03 1.62e-02  -4.1 1.10e-01    -  1.00e+00 1.00e+00h  1
2246  1.9800053e+03 2.48e-03 1.58e-02  -4.1 1.78e-01    -  1.00e+00 1.00e+00h  1
2247  1.9800058e+03 3.05e-03 1.71e+00  -4.0 3.14e-01    -  1.00e+00 1.07e-01H  1
2248  1.9800052e+03 2.47e-03 2.45e-02  -4.1 1.56e-01    -  1.00e+00 1.00e+00h  1
2249  1.9800054e+03 8.23e-04 1.05e-02  -4.0 6.56e-02    -  1.00e+00 1.00e+00h  1
iter    objective    inf_pr   inf_du lg(mu)  ||d||  lg(rg) alpha_du alpha_pr  ls
2250  1.9800053e+03 3.39e-04 1.69e-02  -4.1 5.49e-02    -  1.00e+00 1.00e+00h  1
2251  1.9800053e+03 1.59e-04 2.55e-02  -4.0 2.87e-02    -  1.00e+00 1.00e+00h  1
2252  1.9800053e+03 8.64e-05 1.71e-02  -4.0 1.71e-02    -  1.00e+00 1.00e+00h  1
2253  1.9800053e+03 5.40e-05 4.21e-01  -4.0 2.37e-02    -  1.00e+00 5.00e-01h  2
2254  1.9800054e+03 2.60e-05 1.19e-01  -4.0 4.53e-02    -  1.00e+00 1.00e+00H  1
2255  1.9800056e+03 7.03e-06 4.14e-02  -4.0 1.04e-01    -  1.00e+00 1.00e+00H  1
2256  1.9800054e+03 2.04e-05 2.36e-02  -4.1 6.58e-02    -  1.00e+00 1.00e+00h  1
2257  1.9800053e+03 5.11e-04 3.38e-02  -4.1 6.81e-02    -  1.00e+00 1.00e+00h  1
2258  1.9800053e+03 2.22e-04 2.90e-02  -4.1 3.80e-02    -  1.00e+00 1.00e+00h  1
2259  1.9800053e+03 1.48e-04 1.62e-02  -4.1 4.78e-02    -  1.00e+00 5.00e-01h  2
iter    objective    inf_pr   inf_du lg(mu)  ||d||  lg(rg) alpha_du alpha_pr  ls
2260  1.9800053e+03 1.51e-04 4.59e-02  -4.1 1.89e-02    -  1.00e+00 1.00e+00h  1
2261  1.9800053e+03 2.25e-05 8.69e-03  -4.1 9.43e-03    -  1.00e+00 1.00e+00h  1
2262  1.9800053e+03 7.57e-06 1.40e-02  -4.0 1.30e-02    -  1.00e+00 1.00e+00H  1
2263  1.9800053e+03 2.37e-05 1.08e-02  -4.0 7.19e-03    -  1.00e+00 1.00e+00h  1
2264  1.9800053e+03 2.96e-06 6.05e-03  -4.1 9.17e-03    -  1.00e+00 1.00e+00H  1
2265  1.9800053e+03 4.91e-05 2.41e-02  -4.0 1.57e-02    -  1.00e+00 1.00e+00h  1
2266  1.9800053e+03 7.51e-05 2.76e-02  -4.1 2.67e-02    -  1.00e+00 1.00e+00h  1
2267  1.9800055e+03 2.79e-05 2.12e-02  -4.1 1.06e-01    -  1.00e+00 1.00e+00H  1
2268  1.9800053e+03 5.62e-06 1.99e-02  -4.1 8.86e-02    -  1.00e+00 1.00e+00h  1
2269  1.9800053e+03 1.10e-04 7.43e-03  -4.1 2.10e-02    -  1.00e+00 1.00e+00h  1
iter    objective    inf_pr   inf_du lg(mu)  ||d||  lg(rg) alpha_du alpha_pr  ls
2270  1.9800053e+03 1.05e-03 7.35e-02  -4.1 1.02e-01    -  1.00e+00 1.00e+00h  1
2271  1.9800052e+03 1.44e-04 2.60e-02  -4.1 2.82e-02    -  1.00e+00 1.00e+00h  1
2272  1.9800053e+03 4.99e-04 1.31e-02  -4.0 4.84e-02    -  1.00e+00 1.00e+00h  1
2273  1.9800053e+03 2.94e-04 1.54e-02  -4.1 5.27e-02    -  1.00e+00 1.00e+00h  1
2274  1.9800052e+03 1.93e-04 4.02e-03  -4.1 5.49e-02    -  1.00e+00 1.00e+00h  1
2275  1.9800052e+03 9.45e-05 3.77e-03  -4.0 1.82e-02    -  1.00e+00 1.00e+00h  1
2276  1.9800053e+03 4.43e-04 6.50e-02  -4.0 7.41e-02    -  1.00e+00 5.00e-01h  2
2277  1.9800053e+03 1.91e-04 1.31e-02  -4.1 2.47e-02    -  1.00e+00 1.00e+00h  1
2278  1.9800053e+03 1.90e-05 1.14e-02  -4.1 2.69e-02    -  1.00e+00 1.00e+00h  1
2279  1.9800052e+03 8.52e-05 3.08e-02  -4.0 2.56e-02    -  1.00e+00 1.00e+00h  1
iter    objective    inf_pr   inf_du lg(mu)  ||d||  lg(rg) alpha_du alpha_pr  ls
2280  1.9800052e+03 1.12e-04 6.01e-03  -4.1 2.29e-02    -  1.00e+00 1.00e+00h  1
2281  1.9800053e+03 1.42e-05 1.44e-02  -4.0 2.21e-02    -  1.00e+00 1.00e+00h  1
2282  1.9800052e+03 2.71e-05 4.68e-03  -4.0 2.09e-02    -  1.00e+00 1.00e+00h  1
2283  1.9800052e+03 2.31e-06 1.82e-03  -4.0 6.12e-03    -  1.00e+00 1.00e+00h  1
2284  1.9800052e+03 5.58e-05 7.22e-03  -4.0 2.96e-02    -  1.00e+00 1.00e+00h  1
2285  1.9800052e+03 2.85e-04 6.50e-01  -4.0 9.49e-01    -  1.00e+00 6.25e-02h  5
2286  1.9800052e+03 4.10e-04 1.63e-01  -4.1 3.87e-01    -  1.00e+00 1.25e-01h  4
2287  1.9800052e+03 6.06e-03 9.67e-02  -4.1 1.17e+00    -  1.00e+00 2.50e-01h  3
2288  1.9800052e+03 1.22e-02 1.01e+00  -4.1 5.59e+00    -  1.00e+00 5.62e-02h  5
2289  1.9800053e+03 1.05e-02 3.47e-01  -4.0 7.61e-01    -  1.00e+00 1.25e-01h  4
iter    objective    inf_pr   inf_du lg(mu)  ||d||  lg(rg) alpha_du alpha_pr  ls
2290  1.9800054e+03 6.99e-03 5.06e-01  -4.1 3.25e-01    -  9.69e-01 5.00e-01h  2
2291  1.9800054e+03 6.97e-03 1.76e-01  -4.1 1.34e+00    -  7.69e-01 1.62e-03H  1
2292  1.9800053e+03 2.42e-03 9.31e-02  -4.1 1.92e-01    -  1.00e+00 1.00e+00f  1
2293  1.9800052e+03 2.83e-03 1.21e-01  -4.1 4.76e-01    -  1.00e+00 2.50e-01h  3
2294  1.9800051e+03 4.68e-03 1.01e-01  -4.1 7.53e-01    -  1.00e+00 2.50e-01h  3
2295  1.9800051e+03 5.68e-03 4.66e-01  -4.0 2.10e+00    -  1.00e+00 6.25e-02h  5
2296  1.9800051e+03 6.75e-03 2.73e-01  -4.1 7.33e-01    -  1.00e+00 2.50e-01h  3
2297  1.9800055e+03 7.09e-03 2.71e-01  -3.8 1.22e+00    -  1.00e+00 1.06e-01h  4
2298  1.9800051e+03 4.80e-03 4.86e-02  -3.9 2.55e-01    -  1.00e+00 1.00e+00h  1
2299  1.9800056e+03 1.11e-02 3.34e-01  -3.1 1.27e+00    -  7.38e-01 2.50e-01h  3
iter    objective    inf_pr   inf_du lg(mu)  ||d||  lg(rg) alpha_du alpha_pr  ls
2300  1.9800056e+03 9.52e-03 8.00e-01  -3.3 1.09e+00    -  1.00e+00 3.59e-02H  1
2301  1.9800054e+03 2.67e-03 5.57e-02  -3.3 1.48e-01    -  9.62e-01 1.00e+00f  1
2302  1.9800054e+03 2.60e-03 1.23e+00  -3.3 2.65e-01    -  1.00e+00 1.54e-02H  1
2303  1.9800053e+03 5.46e-03 1.56e-01  -3.3 1.55e-01    -  1.00e+00 1.00e+00f  1
2304  1.9800051e+03 1.48e-03 2.80e-02  -3.3 8.27e-02    -  1.00e+00 1.00e+00h  1
2305  1.9800054e+03 6.34e-04 1.97e-02  -4.0 1.54e-01    -  1.00e+00 1.00e+00H  1
2306  1.9800052e+03 5.63e-04 2.52e-02  -4.1 2.53e-01    -  1.00e+00 5.00e-01h  2
2307  1.9800051e+03 1.25e-04 4.85e-03  -4.1 1.44e-01    -  1.00e+00 1.00e+00h  1
2308  1.9800051e+03 5.43e-05 1.47e-02  -4.0 5.62e-02    -  1.00e+00 1.00e+00h  1
2309  1.9800050e+03 7.08e-05 2.41e-02  -4.0 1.31e-02    -  1.00e+00 1.00e+00h  1
iter    objective    inf_pr   inf_du lg(mu)  ||d||  lg(rg) alpha_du alpha_pr  ls
2310  1.9800050e+03 3.16e-05 4.80e-03  -4.0 1.23e-02    -  1.00e+00 1.00e+00h  1
2311  1.9800050e+03 9.85e-06 9.62e-03  -4.0 6.85e-03    -  1.00e+00 1.00e+00h  1
2312  1.9800050e+03 7.42e-06 7.38e-03  -4.0 4.42e-03    -  1.00e+00 1.00e+00h  1
2313  1.9800051e+03 8.57e-06 5.49e-03  -4.0 5.19e-03    -  1.00e+00 1.00e+00h  1
2314  1.9800051e+03 6.92e-06 4.16e-03  -4.1 6.42e-03    -  1.00e+00 1.00e+00h  1
2315  1.9800051e+03 4.61e-05 1.23e-02  -4.1 1.77e-02    -  1.00e+00 1.00e+00h  1
2316  1.9800051e+03 2.72e-04 3.41e-02  -4.1 3.09e-02    -  1.00e+00 1.00e+00h  1
2317  1.9800051e+03 1.65e-04 1.71e-02  -4.1 3.13e-02    -  1.00e+00 5.00e-01h  2
2318  1.9800050e+03 1.41e-04 1.57e-02  -4.1 2.04e-02    -  1.00e+00 1.00e+00h  1
2319  1.9800050e+03 7.35e-05 1.02e-02  -4.1 1.99e-02    -  1.00e+00 1.00e+00h  1
iter    objective    inf_pr   inf_du lg(mu)  ||d||  lg(rg) alpha_du alpha_pr  ls
2320  1.9800050e+03 1.05e-03 1.29e-01  -4.1 1.53e-01    -  1.00e+00 5.00e-01h  2
2321  1.9800051e+03 1.60e-04 2.20e-02  -4.1 4.46e-02    -  1.00e+00 1.00e+00h  1
2322  1.9800050e+03 6.04e-05 1.14e-02  -4.1 4.77e-02    -  1.00e+00 1.00e+00h  1
2323  1.9800050e+03 6.22e-06 7.08e-02  -4.1 4.43e-02    -  1.00e+00 1.00e+00H  1
2324  1.9800051e+03 5.74e-04 1.14e-02  -4.0 5.58e-02    -  1.00e+00 1.00e+00h  1
2325  1.9800051e+03 5.61e-04 2.15e-01  -4.1 1.24e-01    -  1.00e+00 5.00e-01h  2
2326  1.9800051e+03 7.65e-04 2.43e-02  -4.1 7.50e-02    -  1.00e+00 1.00e+00h  1
2327  1.9800050e+03 9.12e-05 1.57e-02  -4.1 4.18e-02    -  1.00e+00 1.00e+00h  1
2328  1.9800051e+03 3.19e-04 3.95e-02  -4.0 5.62e-02    -  1.00e+00 1.00e+00h  1
2329  1.9800050e+03 1.00e-04 6.56e-03  -4.1 4.98e-02    -  1.00e+00 1.00e+00h  1
iter    objective    inf_pr   inf_du lg(mu)  ||d||  lg(rg) alpha_du alpha_pr  ls
2330  1.9800050e+03 4.76e-05 7.74e-03  -4.0 8.17e-03    -  1.00e+00 1.00e+00h  1
2331  1.9800050e+03 1.15e-05 6.34e-03  -4.0 5.13e-03    -  1.00e+00 1.00e+00h  1
2332  1.9800050e+03 2.93e-06 6.06e-03  -4.0 4.51e-03    -  1.00e+00 1.00e+00H  1
2333  1.9800050e+03 7.23e-07 3.36e-03  -4.0 1.46e-03    -  1.00e+00 1.00e+00h  1
2334  1.9800050e+03 4.22e-07 2.97e-03  -4.0 1.16e-03    -  1.00e+00 1.00e+00h  1
2335  1.9800050e+03 8.46e-07 1.63e-03  -4.0 1.14e-03    -  1.00e+00 1.00e+00h  1
2336  1.9800050e+03 5.59e-06 3.59e-03  -4.1 5.88e-03    -  1.00e+00 1.00e+00h  1
2337  1.9800050e+03 6.81e-05 7.86e-02  -4.1 4.32e-02    -  1.00e+00 5.00e-01h  2
2338  1.9800050e+03 1.06e-05 5.38e-03  -4.1 1.10e-02    -  1.00e+00 1.00e+00h  1
2339  1.9800050e+03 3.03e-05 8.30e-03  -4.1 9.00e-03    -  1.00e+00 1.00e+00h  1
iter    objective    inf_pr   inf_du lg(mu)  ||d||  lg(rg) alpha_du alpha_pr  ls
2340  1.9800050e+03 3.07e-05 7.40e-03  -4.1 3.12e-02    -  1.00e+00 1.00e+00h  1
2341  1.9800050e+03 1.17e-04 2.10e-01  -4.0 1.59e+00    -  1.00e+00 3.12e-02h  6
2342  1.9800050e+03 3.99e-04 2.00e-01  -4.0 4.03e-01    -  1.00e+00 2.50e-01h  3
2343  1.9800051e+03 6.08e-04 4.84e-02  -4.1 7.83e-02    -  1.00e+00 1.00e+00H  1
2344  1.9800051e+03 5.19e-04 1.10e-01  -4.1 1.55e-01    -  1.00e+00 5.00e-01h  2
2345  1.9800051e+03 2.89e-03 2.77e-02  -4.1 1.01e-01    -  1.00e+00 1.00e+00h  1
2346  1.9800050e+03 2.05e-03 2.66e-01  -4.1 4.62e-01    -  1.00e+00 2.50e-01h  3
2347  1.9800050e+03 1.31e-03 2.82e-02  -4.1 1.14e-01    -  1.00e+00 5.00e-01h  2
2348  1.9800050e+03 2.94e-03 5.01e-02  -4.1 3.44e-01    -  1.00e+00 5.00e-01h  2
2349  1.9800050e+03 2.85e-03 1.63e-01  -4.0 5.00e-01    -  1.00e+00 1.25e-01h  4
iter    objective    inf_pr   inf_du lg(mu)  ||d||  lg(rg) alpha_du alpha_pr  ls
2350  1.9800050e+03 2.11e-04 1.04e-02  -4.1 4.88e-02    -  1.00e+00 1.00e+00h  1
2351  1.9800050e+03 3.09e-04 1.66e-02  -4.0 7.50e-02    -  1.00e+00 1.00e+00h  1
2352  1.9800050e+03 3.12e-04 3.85e-02  -4.0 1.01e-01    -  1.00e+00 5.00e-01h  2
2353  1.9800050e+03 1.90e-04 1.18e-02  -4.0 6.38e-02    -  1.00e+00 1.00e+00h  1
2354  1.9800050e+03 1.87e-04 3.74e-02  -4.0 1.13e-01    -  1.00e+00 1.25e-01h  4
2355  1.9800050e+03 2.71e-04 1.12e-01  -4.0 2.66e-01    -  1.00e+00 1.25e-01h  4
2356  1.9800052e+03 1.89e-04 2.93e-01  -4.0 1.06e-01    -  1.00e+00 6.08e-01H  1
2357  1.9800050e+03 4.16e-04 1.39e-02  -4.1 9.21e-02    -  1.00e+00 1.00e+00h  1
2358  1.9800050e+03 4.08e-04 1.27e-02  -4.0 7.48e-02    -  1.00e+00 1.00e+00h  1
2359  1.9800050e+03 2.87e-04 3.62e-02  -4.0 3.77e-02    -  1.00e+00 1.00e+00h  1
iter    objective    inf_pr   inf_du lg(mu)  ||d||  lg(rg) alpha_du alpha_pr  ls
2360  1.9800050e+03 1.04e-04 8.65e-03  -4.1 3.01e-02    -  1.00e+00 1.00e+00h  1
2361  1.9800050e+03 8.69e-05 1.02e-02  -4.0 3.00e-02    -  1.00e+00 1.00e+00h  1
2362  1.9800050e+03 9.24e-05 6.31e-03  -4.0 3.40e-02    -  1.00e+00 1.00e+00h  1
2363  1.9800050e+03 7.46e-06 6.59e-03  -4.0 2.49e-02    -  1.00e+00 1.00e+00h  1
2364  1.9800050e+03 8.45e-05 2.11e-02  -4.0 3.25e-02    -  1.00e+00 1.00e+00h  1
2365  1.9800050e+03 3.62e-05 9.75e-03  -4.0 1.80e-02    -  1.00e+00 1.00e+00h  1
2366  1.9800050e+03 3.64e-05 1.56e-02  -4.0 3.51e-02    -  1.00e+00 1.00e+00h  1
2367  1.9800049e+03 2.43e-05 1.45e-03  -4.1 1.77e-02    -  1.00e+00 1.00e+00h  1
2368  1.9800049e+03 2.48e-06 3.73e-03  -4.0 9.14e-03    -  1.00e+00 1.00e+00h  1
2369  1.9800049e+03 8.27e-05 1.35e-02  -4.0 5.79e-02    -  1.00e+00 1.00e+00h  1
iter    objective    inf_pr   inf_du lg(mu)  ||d||  lg(rg) alpha_du alpha_pr  ls
2370  1.9800049e+03 5.53e-04 5.66e-02  -4.1 2.00e+00    -  1.00e+00 6.25e-02h  5
2371  1.9800049e+03 6.03e-04 5.07e-01  -4.0 6.21e-01    -  1.00e+00 6.25e-02h  5
2372  1.9800049e+03 5.98e-04 3.80e-01  -4.1 2.66e-01    -  1.00e+00 1.25e-01h  4
2373  1.9800049e+03 5.77e-04 5.22e-02  -4.0 6.12e-01    -  1.00e+00 6.25e-02h  5
2374  1.9800050e+03 5.27e-04 1.31e-01  -4.0 1.96e-01    -  1.00e+00 5.00e-01h  2
2375  1.9800049e+03 1.82e-03 8.13e-02  -4.1 7.62e-01    -  1.00e+00 2.50e-01h  3
2376  1.9800049e+03 2.74e-03 1.72e-01  -4.0 1.41e+00    -  1.00e+00 1.25e-01h  4
2377  1.9800049e+03 2.98e-03 3.56e-01  -4.0 4.00e+00    -  9.89e-01 2.68e-02h  6
2378  1.9800049e+03 2.84e-03 5.26e-01  -4.0 6.03e-01    -  1.00e+00 6.25e-02h  5
2379  1.9800049e+03 3.48e-03 2.11e-01  -4.1 6.58e-01    -  1.00e+00 2.50e-01h  3
iter    objective    inf_pr   inf_du lg(mu)  ||d||  lg(rg) alpha_du alpha_pr  ls
2380  1.9800049e+03 3.93e-03 5.59e-01  -4.1 1.66e+00    -  9.96e-01 6.25e-02h  5
2381  1.9800049e+03 3.89e-03 1.41e-01  -4.0 2.91e+00    -  8.41e-01 1.20e-02h  7
2382  1.9800052e+03 8.51e-04 3.03e-02  -4.1 1.43e-01    -  1.00e+00 1.00e+00h  1
2383  1.9800049e+03 8.21e-04 7.63e-03  -4.1 1.31e-01    -  1.00e+00 1.00e+00h  1
2384  1.9800049e+03 1.20e-03 1.13e-01  -4.0 7.51e-01    -  1.00e+00 1.25e-01h  4
2385  1.9800053e+03 9.73e-04 1.07e+00  -4.0 3.23e-01    -  6.74e-01 7.36e-02H  1
2386  1.9800049e+03 5.62e-04 1.74e-02  -4.1 1.16e-01    -  1.00e+00 1.00e+00h  1
2387  1.9800049e+03 2.41e-04 3.65e-03  -4.0 5.90e-02    -  1.00e+00 1.00e+00h  1
2388  1.9800049e+03 4.12e-04 3.00e-02  -4.0 4.00e-02    -  1.00e+00 1.00e+00h  1
2389  1.9800049e+03 1.84e-04 7.70e-03  -4.0 3.98e-02    -  1.00e+00 1.00e+00h  1
iter    objective    inf_pr   inf_du lg(mu)  ||d||  lg(rg) alpha_du alpha_pr  ls
2390  1.9800049e+03 2.02e-04 1.38e-02  -4.0 1.85e-02    -  1.00e+00 1.00e+00h  1
2391  1.9800048e+03 1.03e-04 3.57e-03  -4.0 1.49e-02    -  1.00e+00 1.00e+00h  1
2392  1.9800049e+03 1.61e-05 6.63e-03  -4.0 5.67e-03    -  1.00e+00 1.00e+00h  1
2393  1.9800048e+03 7.92e-06 7.52e-03  -4.0 3.70e-03    -  1.00e+00 1.00e+00h  1
2394  1.9800049e+03 2.71e-06 2.38e-03  -4.0 2.29e-03    -  1.00e+00 1.00e+00h  1
2395  1.9800049e+03 1.36e-06 6.22e-03  -4.0 2.40e-03    -  1.00e+00 1.00e+00h  1
2396  1.9800049e+03 1.12e-06 9.92e-04  -4.0 1.48e-03    -  1.00e+00 1.00e+00h  1
2397  1.9800049e+03 3.12e-07 8.24e-04  -4.0 1.03e-03    -  1.00e+00 1.00e+00h  1
2398  1.9800049e+03 1.69e-04 1.99e-02  -4.0 2.48e-02    -  1.00e+00 1.00e+00h  1
2399  1.9800049e+03 7.17e-06 4.48e-02  -4.1 5.27e-02    -  1.00e+00 1.00e+00H  1
iter    objective    inf_pr   inf_du lg(mu)  ||d||  lg(rg) alpha_du alpha_pr  ls
2400  1.9800049e+03 2.70e-04 1.17e-02  -4.1 3.89e-02    -  1.00e+00 1.00e+00h  1
2401  1.9800049e+03 5.74e-06 8.45e-03  -4.1 4.09e-02    -  1.00e+00 1.00e+00h  1
2402  1.9800048e+03 7.51e-06 2.17e-03  -4.1 3.21e-02    -  1.00e+00 1.00e+00h  1
2403  1.9800048e+03 4.26e-06 1.19e-02  -4.0 1.62e-02    -  1.00e+00 1.00e+00H  1
2404  1.9800048e+03 2.23e-05 8.25e-03  -4.1 1.14e-02    -  1.00e+00 1.00e+00h  1
2405  1.9800049e+03 9.56e-05 2.57e-02  -4.0 2.41e-02    -  1.00e+00 1.00e+00h  1
2406  1.9800049e+03 3.51e-05 1.91e-02  -4.1 2.39e-02    -  1.00e+00 1.00e+00h  1
2407  1.9800049e+03 1.53e-05 4.42e-02  -4.1 5.74e-02    -  1.00e+00 1.00e+00H  1
2408  1.9800049e+03 3.25e-05 4.14e-01  -4.1 1.20e-01    -  1.00e+00 6.25e-02h  5
2409  1.9800048e+03 2.83e-05 1.02e-02  -4.1 3.92e-02    -  1.00e+00 1.00e+00H  1
iter    objective    inf_pr   inf_du lg(mu)  ||d||  lg(rg) alpha_du alpha_pr  ls
2410  1.9800048e+03 6.46e-05 2.60e-02  -4.0 8.02e-02    -  1.00e+00 2.50e-01h  3
2411  1.9800048e+03 1.21e-04 2.98e-01  -4.1 2.09e-01    -  1.00e+00 1.25e-01h  4
2412  1.9800048e+03 2.37e-04 1.53e-01  -4.1 2.98e-01    -  1.00e+00 1.25e-01h  4
2413  1.9800048e+03 2.22e-04 8.25e-02  -4.1 1.73e-01    -  1.00e+00 6.25e-02h  5
2414  1.9800048e+03 1.61e-04 7.32e-02  -4.1 4.22e-02    -  1.00e+00 2.50e-01h  3
2415  1.9800049e+03 1.90e-04 7.05e-02  -4.0 1.21e-01    -  1.00e+00 1.00e+00H  1
2416  1.9800049e+03 5.76e-04 9.38e-01  -4.1 8.83e-01    -  1.00e+00 6.25e-02h  5
2417  1.9800048e+03 2.79e-03 4.22e-02  -4.1 1.16e-01    -  1.00e+00 1.00e+00h  1
2418  1.9800049e+03 2.39e-03 5.93e-01  -3.7 2.13e-01    -  7.44e-01 2.50e-01h  3
2419  1.9800048e+03 2.42e-04 1.06e-02  -3.9 4.66e-02    -  1.00e+00 1.00e+00h  1
iter    objective    inf_pr   inf_du lg(mu)  ||d||  lg(rg) alpha_du alpha_pr  ls
2420  1.9800049e+03 7.09e-06 2.81e-02  -4.0 4.48e-02    -  1.00e+00 1.00e+00H  1
2421  1.9800049e+03 1.34e-04 7.14e-02  -4.1 7.13e-02    -  1.00e+00 5.00e-01h  2
2422  1.9800048e+03 2.86e-04 4.91e-02  -4.1 6.51e-02    -  1.00e+00 5.00e-01h  2
2423  1.9800049e+03 2.20e-04 3.57e-01  -4.1 1.20e-01    -  1.00e+00 2.50e-01h  3
2424  1.9800048e+03 9.60e-05 7.12e-03  -4.1 2.97e-02    -  1.00e+00 1.00e+00h  1
2425  1.9800049e+03 8.80e-05 2.69e-02  -4.0 4.12e-02    -  1.00e+00 1.00e+00h  1
2426  1.9800048e+03 9.08e-05 1.07e-02  -4.1 3.31e-02    -  1.00e+00 1.00e+00h  1
2427  1.9800048e+03 6.05e-05 2.22e-01  -4.0 4.00e-02    -  1.00e+00 5.00e-01h  2
2428  1.9800048e+03 4.31e-05 3.69e-03  -4.1 2.13e-02    -  1.00e+00 1.00e+00h  1
2429  1.9800048e+03 2.73e-06 4.62e-03  -4.0 1.67e-02    -  1.00e+00 1.00e+00h  1
iter    objective    inf_pr   inf_du lg(mu)  ||d||  lg(rg) alpha_du alpha_pr  ls
2430  1.9800048e+03 9.87e-07 4.29e-03  -4.0 1.03e-02    -  1.00e+00 1.00e+00h  1
2431  1.9800048e+03 1.57e-06 6.70e-03  -4.0 5.80e-03    -  1.00e+00 1.00e+00h  1
2432  1.9800048e+03 4.84e-07 7.15e-04  -4.0 6.32e-03    -  1.00e+00 1.00e+00h  1
2433  1.9800048e+03 1.91e-08 3.13e-04  -4.0 5.60e-04    -  1.00e+00 1.00e+00h  1
2434  1.9800048e+03 9.32e-07 1.43e-03  -4.0 2.44e-03    -  1.00e+00 1.00e+00h  1
2435  1.9800048e+03 2.98e-05 1.43e-02  -4.0 1.41e-02    -  1.00e+00 1.00e+00h  1
2436  1.9800049e+03 2.24e-05 3.41e-02  -4.1 3.02e-02    -  1.00e+00 1.00e+00H  1
2437  1.9800048e+03 5.55e-06 5.56e-03  -4.1 3.18e-02    -  1.00e+00 1.00e+00H  1
2438  1.9800049e+03 1.34e-06 2.84e-02  -4.1 6.97e-02    -  1.00e+00 1.00e+00H  1
2439  1.9800048e+03 2.15e-04 1.03e-03  -4.1 4.88e-02    -  1.00e+00 1.00e+00h  1
iter    objective    inf_pr   inf_du lg(mu)  ||d||  lg(rg) alpha_du alpha_pr  ls
2440  1.9800048e+03 1.94e-05 2.78e-02  -4.0 2.31e-02    -  1.00e+00 1.00e+00h  1
2441  1.9800048e+03 1.07e-05 6.49e-03  -4.1 1.95e-02    -  1.00e+00 1.00e+00h  1
2442  1.9800048e+03 4.20e-06 5.77e-03  -4.0 3.88e-03    -  1.00e+00 1.00e+00h  1
2443  1.9800048e+03 8.74e-07 2.96e-03  -4.0 1.43e-03    -  1.00e+00 1.00e+00h  1
2444  1.9800048e+03 1.20e-07 1.66e-03  -4.0 5.00e-04    -  1.00e+00 1.00e+00h  1
2445  1.9800048e+03 1.25e-08 1.10e-04  -4.0 1.59e-04    -  1.00e+00 1.00e+00h  1
2446  1.9800048e+03 1.17e-08 2.55e-04  -4.0 2.47e-04    -  1.00e+00 1.00e+00h  1
2447  1.9800048e+03 1.43e-06 2.71e-03  -4.0 2.19e-03    -  1.00e+00 1.00e+00h  1
2448  1.9800048e+03 1.21e-06 1.89e-02  -4.0 1.64e-02    -  1.00e+00 1.00e+00H  1
2449  1.9800048e+03 1.00e-05 7.59e-03  -4.1 1.97e-02    -  1.00e+00 1.00e+00h  1
iter    objective    inf_pr   inf_du lg(mu)  ||d||  lg(rg) alpha_du alpha_pr  ls
2450  1.9800048e+03 2.29e-05 1.37e-02  -4.1 7.18e-03    -  1.00e+00 1.00e+00h  1
2451  1.9800048e+03 1.83e-05 1.61e-03  -4.0 6.89e-03    -  1.00e+00 1.00e+00h  1
2452  1.9800048e+03 4.00e-08 1.51e-03  -4.0 6.65e-04    -  1.00e+00 1.00e+00h  1
2453  1.9800048e+03 3.06e-08 3.70e-04  -4.0 8.66e-04    -  1.00e+00 1.00e+00h  1
2454  1.9800048e+03 2.98e-05 1.21e-02  -4.0 2.35e-02    -  1.00e+00 1.00e+00h  1
2455  1.9800049e+03 2.03e-05 3.58e-02  -4.1 8.87e-02    -  1.00e+00 1.00e+00H  1
2456  1.9800049e+03 2.41e-05 3.90e-02  -4.1 6.55e-01    -  1.00e+00 1.56e-02h  7
2457  1.9800049e+03 2.45e-05 5.20e-02  -4.1 4.97e-01    -  1.00e+00 7.81e-03h  8
2458  1.9800048e+03 3.79e-04 1.06e-01  -4.1 3.11e-01    -  1.00e+00 2.50e-01h  3
2459  1.9800048e+03 9.45e-04 8.25e-01  -4.1 2.20e+00    -  1.00e+00 4.77e-02h  5
iter    objective    inf_pr   inf_du lg(mu)  ||d||  lg(rg) alpha_du alpha_pr  ls
2460  1.9800048e+03 1.25e-03 5.96e-01  -4.1 1.36e+00    -  1.00e+00 6.25e-02h  5
2461  1.9800048e+03 2.06e-03 5.72e-01  -3.8 6.62e+00    -  1.00e+00 2.20e-02h  6
2462  1.9800048e+03 2.47e-03 1.68e-01  -3.9 3.24e+00    -  1.00e+00 3.12e-02h  6
2463  1.9800048e+03 2.42e-03 9.36e-02  -3.9 8.00e-01    -  1.00e+00 6.25e-02h  5
2464  1.9800048e+03 2.78e-03 1.78e-01  -3.9 9.60e-01    -  1.00e+00 1.25e-01h  4
2465  1.9800048e+03 2.53e-03 6.21e-01  -3.9 8.40e-01    -  9.43e-01 1.25e-01h  4
2466  1.9800048e+03 3.52e-03 7.28e-02  -3.9 2.41e+00    -  1.00e+00 6.25e-02h  5
2467  1.9800050e+03 4.08e-03 3.16e-02  -3.9 1.61e-01    -  1.00e+00 1.00e+00h  1
2468  1.9800050e+03 3.38e-03 3.08e-01  -3.9 5.71e-01    -  9.84e-01 2.50e-01h  3
2469  1.9800050e+03 3.68e-03 4.28e-02  -3.9 3.25e-01    -  1.00e+00 1.78e-02H  1
iter    objective    inf_pr   inf_du lg(mu)  ||d||  lg(rg) alpha_du alpha_pr  ls
2470  1.9800048e+03 3.19e-03 3.12e-02  -3.9 9.64e-02    -  1.00e+00 1.00e+00f  1
2471  1.9800051e+03 3.24e-04 3.60e-02  -3.9 9.30e-02    -  1.00e+00 1.00e+00h  1
2472  1.9800048e+03 4.48e-04 2.92e-03  -3.9 7.62e-02    -  1.00e+00 1.00e+00h  1
2473  1.9800048e+03 2.45e-04 5.42e-02  -4.0 6.34e-02    -  1.00e+00 1.00e+00H  1
2474  1.9800048e+03 3.56e-04 3.17e-01  -4.0 1.33e-01    -  1.00e+00 5.00e-01h  2
2475  1.9800049e+03 3.22e-03 1.73e-01  -4.1 2.72e-01    -  1.00e+00 5.00e-01h  2
2476  1.9800049e+03 2.79e-03 1.80e-01  -4.1 2.12e-01    -  1.00e+00 1.25e-01h  4
2477  1.9800048e+03 1.04e-03 1.17e-02  -4.1 1.02e-01    -  1.00e+00 1.00e+00h  1
2478  1.9800048e+03 9.81e-04 4.27e-01  -4.0 4.79e-01    -  1.00e+00 6.25e-02h  5
2479  1.9800049e+03 1.47e-04 1.84e-02  -4.0 5.80e-02    -  1.00e+00 1.00e+00h  1
iter    objective    inf_pr   inf_du lg(mu)  ||d||  lg(rg) alpha_du alpha_pr  ls
2480  1.9800048e+03 7.89e-04 3.54e-02  -4.1 1.05e-01    -  1.00e+00 1.00e+00h  1
2481  1.9800048e+03 4.27e-04 8.25e-02  -4.1 5.22e-02    -  9.08e-01 1.00e+00h  1
2482  1.9800049e+03 1.89e-03 2.38e-01  -4.1 1.22e-01    -  1.00e+00 5.00e-01h  2
2483  1.9800049e+03 4.24e-04 1.21e-02  -4.1 9.70e-02    -  1.00e+00 1.00e+00h  1
2484  1.9800048e+03 8.03e-04 1.08e-02  -4.1 6.56e-02    -  1.00e+00 1.00e+00h  1
2485  1.9800049e+03 1.76e-04 1.93e-02  -4.1 1.02e-01    -  1.00e+00 8.76e-01H  1
2486  1.9800048e+03 4.80e-04 4.06e-03  -4.1 4.92e-02    -  1.00e+00 1.00e+00f  1
2487  1.9800048e+03 2.04e-04 2.61e-02  -4.0 1.68e-02    -  1.00e+00 1.00e+00h  1
2488  1.9800048e+03 9.22e-05 2.23e-03  -4.0 1.50e-02    -  1.00e+00 1.00e+00h  1
2489  1.9800048e+03 9.25e-06 3.57e-03  -4.0 3.65e-03    -  1.00e+00 1.00e+00h  1
iter    objective    inf_pr   inf_du lg(mu)  ||d||  lg(rg) alpha_du alpha_pr  ls
2490  1.9800048e+03 2.93e-06 4.76e-03  -4.0 2.12e-03    -  1.00e+00 1.00e+00h  1
2491  1.9800048e+03 8.51e-07 6.13e-04  -4.0 1.16e-03    -  1.00e+00 1.00e+00h  1
2492  1.9800048e+03 8.90e-09 3.82e-04  -4.0 1.37e-04    -  1.00e+00 1.00e+00h  1
2493  1.9800048e+03 1.29e-07 1.01e-03  -4.0 5.32e-04    -  1.00e+00 1.00e+00h  1
2494  1.9800048e+03 5.23e-06 8.63e-03  -4.0 5.43e-03    -  1.00e+00 1.00e+00h  1
2495  1.9800048e+03 3.57e-06 1.10e-02  -4.0 2.64e-03    -  1.00e+00 1.00e+00h  1
2496  1.9800048e+03 5.46e-07 2.23e-03  -4.0 1.03e-03    -  1.00e+00 1.00e+00h  1
2497  1.9800048e+03 7.54e-07 1.58e-03  -4.0 2.28e-03    -  1.00e+00 1.00e+00h  1
2498  1.9800048e+03 5.00e-08 5.36e-03  -4.1 1.07e-02    -  1.00e+00 1.00e+00H  1
2499  1.9800048e+03 2.87e-05 1.39e-02  -4.1 9.37e-03    -  1.00e+00 1.00e+00h  1
iter    objective    inf_pr   inf_du lg(mu)  ||d||  lg(rg) alpha_du alpha_pr  ls
2500  1.9800048e+03 6.56e-05 2.17e-02  -4.1 2.06e-02    -  1.00e+00 5.00e-01h  2
2501  1.9800048e+03 2.26e-05 4.05e-03  -4.1 6.70e-03    -  1.00e+00 1.00e+00h  1
2502  1.9800048e+03 8.13e-09 9.50e-03  -4.1 1.91e-02    -  1.00e+00 1.00e+00H  1
2503  1.9800048e+03 4.96e-06 2.72e-02  -4.1 1.46e-02    -  1.00e+00 5.00e-01h  2
2504  1.9800048e+03 1.70e-05 4.97e-02  -4.1 7.36e-02    -  1.00e+00 1.25e-01h  4
2505  1.9800048e+03 4.27e-08 2.64e-02  -4.1 1.55e-02    -  1.00e+00 1.00e+00H  1
2506  1.9800048e+03 4.89e-08 1.12e-02  -4.1 1.85e-02    -  1.00e+00 1.00e+00H  1
2507  1.9800048e+03 9.98e-06 9.25e-03  -4.0 9.70e-02    -  1.00e+00 1.25e-01h  4
2508  1.9800048e+03 2.16e-05 1.02e-02  -4.1 6.48e-03    -  1.00e+00 1.00e+00h  1
2509  1.9800048e+03 1.44e-05 2.05e-03  -4.1 8.78e-03    -  1.00e+00 1.00e+00h  1
iter    objective    inf_pr   inf_du lg(mu)  ||d||  lg(rg) alpha_du alpha_pr  ls
2510  1.9800048e+03 3.36e-07 1.50e-02  -4.0 1.01e-02    -  1.00e+00 1.00e+00H  1
2511  1.9800048e+03 1.17e-05 2.15e-03  -4.1 7.47e-03    -  1.00e+00 1.00e+00h  1
2512  1.9800048e+03 7.08e-06 3.18e-02  -4.0 2.35e-02    -  1.00e+00 1.00e+00H  1
2513  1.9800048e+03 1.54e-04 5.43e-03  -4.1 2.20e-02    -  1.00e+00 1.00e+00h  1
2514  1.9800048e+03 1.46e-05 8.55e-03  -4.1 2.35e-02    -  1.00e+00 1.00e+00h  1
2515  1.9800048e+03 4.26e-06 2.23e-03  -4.1 2.23e-02    -  1.00e+00 1.00e+00h  1
2516  1.9800048e+03 1.01e-07 1.55e-03  -4.0 1.21e-03    -  1.00e+00 1.00e+00h  1
2517  1.9800048e+03 7.07e-08 9.71e-04  -4.0 7.05e-04    -  1.00e+00 1.00e+00h  1
2518  1.9800048e+03 1.94e-08 1.21e-04  -4.0 2.80e-04    -  1.00e+00 1.00e+00h  1
2519  1.9800048e+03 9.37e-09 1.82e-04  -4.0 2.59e-04    -  1.00e+00 1.00e+00h  1
iter    objective    inf_pr   inf_du lg(mu)  ||d||  lg(rg) alpha_du alpha_pr  ls
2520  1.9800048e+03 1.74e-05 4.88e-02  -4.0 8.70e-02    -  1.00e+00 1.25e-01h  4
2521  1.9800049e+03 3.18e-06 7.51e-02  -4.0 1.18e-01    -  1.00e+00 1.00e+00H  1
2522  1.9800049e+03 1.27e-04 9.35e-02  -4.1 1.21e-01    -  1.00e+00 2.50e-01h  3
2523  1.9800048e+03 5.95e-04 8.04e-01  -4.1 2.14e-01    -  9.04e-01 2.50e-01h  3
2524  1.9800048e+03 5.96e-04 5.31e-02  -4.1 4.49e-01    -  1.00e+00 3.12e-02h  6
2525  1.9800048e+03 8.39e-04 4.80e-01  -4.1 1.72e-01    -  1.00e+00 2.50e-01h  3
2526  1.9800048e+03 1.15e-03 8.00e-02  -4.1 9.45e-01    -  1.00e+00 6.25e-02h  5
2527  1.9800048e+03 1.28e-03 3.25e-01  -4.1 4.13e-01    -  1.00e+00 1.25e-01h  4
2528  1.9800048e+03 1.23e-03 4.31e-01  -4.1 3.71e-01    -  1.00e+00 6.25e-02h  5
2529  1.9800049e+03 4.63e-04 2.03e-02  -4.1 4.96e-02    -  1.00e+00 1.00e+00h  1
iter    objective    inf_pr   inf_du lg(mu)  ||d||  lg(rg) alpha_du alpha_pr  ls
2530  1.9800048e+03 2.75e-04 2.62e-02  -4.1 5.89e-02    -  1.00e+00 1.00e+00h  1
2531  1.9800051e+03 3.10e-06 1.28e-01  -4.1 2.39e-01    -  1.00e+00 1.00e+00H  1
2532  1.9800051e+03 1.96e-06 7.33e-01  -4.1 7.54e-01    -  1.00e+00 3.91e-03h  9
2533  1.9800051e+03 2.12e-06 3.88e-01  -4.1 2.35e-01    -  1.00e+00 7.81e-03h  8
2534  1.9800051e+03 2.30e-06 1.24e+00  -4.1 4.47e-01    -  1.00e+00 3.51e-03h  8
2535  1.9800051e+03 2.73e-06 8.93e-01  -4.1 5.64e-01    -  5.34e-01 3.91e-03h  9
2536  1.9800049e+03 1.54e-02 9.51e-02  -4.1 6.34e-01    -  1.00e+00 5.00e-01h  2
2537  1.9800051e+03 1.41e-02 7.37e-01  -4.1 7.29e-01    -  1.00e+00 1.25e-01h  4
2538  1.9800048e+03 1.66e-03 3.82e-02  -4.1 1.11e-01    -  1.00e+00 1.00e+00h  1
2539  1.9800052e+03 5.60e-04 9.99e-03  -4.1 1.18e-01    -  1.00e+00 1.00e+00h  1
iter    objective    inf_pr   inf_du lg(mu)  ||d||  lg(rg) alpha_du alpha_pr  ls
2540  1.9800048e+03 1.04e-03 1.67e-02  -4.1 1.12e-01    -  1.00e+00 1.00e+00h  1
2541  1.9800049e+03 4.13e-04 2.38e-02  -4.1 7.34e-02    -  1.00e+00 1.00e+00H  1
2542  1.9800048e+03 2.26e-04 1.09e-02  -4.1 7.74e-02    -  1.00e+00 1.00e+00H  1
2543  1.9800048e+03 3.51e-04 1.17e-01  -4.1 1.16e-01    -  1.00e+00 2.50e-01h  3
2544  1.9800048e+03 4.94e-04 5.13e-02  -4.1 2.04e-01    -  1.00e+00 1.25e-01h  4
2545  1.9800050e+03 2.38e-04 4.19e-02  -4.0 1.76e-01    -  1.00e+00 5.00e-01h  2
2546  1.9800048e+03 2.13e-04 2.87e-03  -4.1 8.31e-02    -  1.00e+00 1.00e+00h  1
2547  1.9800048e+03 4.16e-05 1.49e-02  -4.0 1.83e-02    -  1.00e+00 1.00e+00h  1
2548  1.9800048e+03 2.53e-05 7.48e-04  -4.1 1.50e-02    -  1.00e+00 1.00e+00h  1
2549  1.9800048e+03 5.89e-07 1.85e-03  -4.0 1.07e-03    -  1.00e+00 1.00e+00h  1
iter    objective    inf_pr   inf_du lg(mu)  ||d||  lg(rg) alpha_du alpha_pr  ls
2550  1.9800048e+03 1.44e-07 7.80e-04  -4.0 4.78e-04    -  1.00e+00 1.00e+00h  1
2551  1.9800048e+03 2.24e-08 2.09e-04  -4.0 2.20e-04    -  1.00e+00 1.00e+00h  1
2552  1.9800048e+03 1.97e-08 3.83e-04  -4.0 1.98e-04    -  1.00e+00 1.00e+00h  1
2553  1.9800048e+03 6.06e-09 3.86e-04  -4.1 1.41e-04    -  1.00e+00 1.00e+00h  1
2554  1.9800048e+03 3.54e-07 8.02e-04  -4.0 1.16e-03    -  1.00e+00 1.00e+00h  1
2555  1.9800048e+03 1.64e-07 7.44e-03  -4.0 1.34e-02    -  1.00e+00 1.00e+00H  1
2556  1.9800048e+03 6.94e-07 4.86e-03  -4.1 1.43e-02    -  1.00e+00 1.00e+00h  1
2557  1.9800048e+03 7.36e-07 7.39e-04  -4.0 4.10e-03    -  1.00e+00 1.00e+00h  1
2558  1.9800048e+03 8.39e-07 2.25e-03  -4.1 1.33e-03    -  1.00e+00 1.00e+00h  1
2559  1.9800048e+03 8.57e-07 6.36e-04  -4.0 1.33e-03    -  1.00e+00 1.00e+00h  1
iter    objective    inf_pr   inf_du lg(mu)  ||d||  lg(rg) alpha_du alpha_pr  ls
2560  1.9800048e+03 1.47e-08 5.88e-04  -4.1 1.85e-04    -  1.00e+00 1.00e+00h  1
2561  1.9800048e+03 5.59e-07 1.54e-03  -4.0 1.53e-03    -  1.00e+00 1.00e+00h  1
2562  1.9800048e+03 1.39e-06 1.83e-03  -4.1 3.56e-03    -  1.00e+00 1.00e+00h  1
2563  1.9800048e+03 3.91e-07 1.92e-02  -4.1 3.66e-02    -  1.00e+00 1.00e+00H  1
2564  1.9800048e+03 2.48e-07 5.01e-03  -4.1 3.57e-02    -  1.00e+00 1.00e+00H  1
2565  1.9800048e+03 7.88e-05 7.78e-02  -4.0 6.00e-02    -  1.00e+00 5.00e-01h  2
2566  1.9800048e+03 1.70e-04 7.80e-03  -4.1 2.79e-02    -  1.00e+00 1.00e+00h  1
2567  1.9800048e+03 1.50e-04 3.43e-02  -4.1 1.94e-01    -  1.00e+00 1.25e-01h  4
2568  1.9800048e+03 2.36e-04 2.69e-02  -4.1 2.49e-02    -  1.00e+00 1.00e+00h  1
2569  1.9800048e+03 4.07e-05 6.49e-03  -4.1 3.10e-02    -  1.00e+00 1.00e+00h  1
iter    objective    inf_pr   inf_du lg(mu)  ||d||  lg(rg) alpha_du alpha_pr  ls
2570  1.9800048e+03 1.63e-04 7.44e-02  -4.0 5.14e-02    -  1.00e+00 5.00e-01h  2
2571  1.9800048e+03 2.89e-05 5.04e-03  -4.1 2.21e-02    -  1.00e+00 1.00e+00h  1
2572  1.9800048e+03 6.48e-07 1.93e-03  -4.1 9.74e-03    -  1.00e+00 1.00e+00H  1
2573  1.9800048e+03 2.66e-08 1.39e-02  -4.0 2.52e-02    -  1.00e+00 1.00e+00H  1
2574  1.9800048e+03 2.52e-05 4.07e-03  -4.1 2.84e-02    -  1.00e+00 1.00e+00h  1
2575  1.9800048e+03 1.92e-05 1.00e-02  -4.0 1.04e-02    -  1.00e+00 1.00e+00h  1
2576  1.9800048e+03 2.79e-06 2.46e-03  -4.1 7.53e-03    -  1.00e+00 1.00e+00h  1
2577  1.9800048e+03 1.91e-06 4.51e-03  -4.0 4.87e-03    -  1.00e+00 1.00e+00h  1
2578  1.9800048e+03 2.45e-07 6.23e-04  -4.0 3.00e-03    -  1.00e+00 1.00e+00h  1
2579  1.9800048e+03 9.00e-09 3.29e-04  -4.0 6.84e-04    -  1.00e+00 1.00e+00h  1
iter    objective    inf_pr   inf_du lg(mu)  ||d||  lg(rg) alpha_du alpha_pr  ls
2580  1.9800048e+03 1.11e-08 2.80e-04  -4.0 3.25e-04    -  1.00e+00 1.00e+00h  1
2581  1.9800048e+03 1.61e-05 3.49e-02  -4.0 1.07e-01    -  1.00e+00 1.25e-01h  4
2582  1.9800048e+03 3.25e-07 9.10e-03  -4.0 1.81e-02    -  1.00e+00 1.00e+00H  1
2583  1.9800048e+03 2.98e-05 1.12e-01  -4.1 1.06e-01    -  1.00e+00 1.25e-01h  4
2584  1.9800048e+03 7.39e-05 7.75e-01  -4.1 3.31e-01    -  1.00e+00 6.25e-02h  5
2585  1.9800048e+03 7.68e-05 1.16e-01  -4.1 7.08e-01    -  1.00e+00 3.12e-02h  6
2586  1.9800048e+03 3.48e-04 2.48e-02  -4.1 3.62e-02    -  1.00e+00 1.00e+00h  1
2587  1.9800048e+03 3.23e-04 2.34e-01  -4.1 5.07e-01    -  1.00e+00 6.25e-02h  5
2588  1.9800048e+03 3.94e-04 1.34e-01  -4.1 6.21e-01    -  1.00e+00 3.12e-02h  6
2589  1.9800051e+03 6.50e-08 3.71e-02  -4.1 1.04e-01    -  1.00e+00 1.00e+00H  1
iter    objective    inf_pr   inf_du lg(mu)  ||d||  lg(rg) alpha_du alpha_pr  ls
2590  1.9800051e+03 1.48e-07 3.68e-02  -4.1 2.91e-01    -  1.00e+00 3.91e-03h  9
2591  1.9800051e+03 2.05e-07 2.46e-01  -4.1 5.82e+00    -  2.70e-01 1.34e-04h 12
2592  1.9800051e+03 1.80e-07 8.40e-01  -4.1 1.24e-01    -  5.79e-01 7.81e-03h  8
2593  1.9800051e+03 2.20e-07 2.76e-01  -4.1 3.32e-01    -  1.00e+00 1.95e-03h 10
2594  1.9800050e+03 6.85e-05 1.11e+00  -4.1 1.57e+00    -  6.18e-01 3.99e-02h  5
2595  1.9800050e+03 3.16e-03 1.99e-01  -4.1 1.60e-01    -  1.00e+00 1.00e+00h  1
2596  1.9800050e+03 1.54e-03 7.49e-01  -4.1 1.49e-01    -  1.00e+00 5.00e-01h  2
2597  1.9800049e+03 1.62e-03 6.40e-01  -4.1 3.77e-01    -  1.00e+00 2.50e-01h  3
2598  1.9800048e+03 1.41e-03 5.74e-01  -4.1 3.08e-01    -  1.00e+00 2.50e-01h  3
2599  1.9800048e+03 8.52e-04 1.78e-01  -4.1 1.56e-01    -  1.00e+00 5.00e-01h  2
iter    objective    inf_pr   inf_du lg(mu)  ||d||  lg(rg) alpha_du alpha_pr  ls
2600  1.9800048e+03 4.75e-04 1.70e-02  -4.1 1.73e-01    -  1.00e+00 1.00e+00H  1
2601  1.9800048e+03 4.99e-04 2.67e-01  -4.1 2.10e+00    -  5.80e-01 1.38e-02h  7
2602  1.9800048e+03 1.06e-03 3.89e-02  -4.1 7.87e-02    -  1.00e+00 1.00e+00h  1
2603  1.9800048e+03 9.38e-04 1.46e-01  -4.1 2.04e-01    -  1.00e+00 1.25e-01h  4
2604  1.9800048e+03 5.61e-04 1.02e-02  -4.1 4.95e-02    -  1.00e+00 1.00e+00h  1
2605  1.9800048e+03 5.85e-04 1.53e-01  -4.1 1.64e-01    -  1.00e+00 2.50e-01h  3
2606  1.9800048e+03 5.19e-04 1.12e-02  -4.1 6.05e-02    -  1.00e+00 1.00e+00h  1
2607  1.9800048e+03 4.78e-04 2.84e-01  -4.0 1.63e-01    -  1.00e+00 1.25e-01h  4
2608  1.9800048e+03 1.30e-04 2.23e-02  -4.1 4.27e-02    -  1.00e+00 1.00e+00h  1
2609  1.9800048e+03 9.65e-05 8.37e-03  -4.1 3.17e-02    -  1.00e+00 1.00e+00h  1
iter    objective    inf_pr   inf_du lg(mu)  ||d||  lg(rg) alpha_du alpha_pr  ls
2610  1.9800048e+03 1.54e-04 2.11e-01  -4.0 7.84e-02    -  1.00e+00 6.74e-01H  1
2611  1.9800048e+03 2.52e-04 1.42e-02  -4.1 7.02e-02    -  1.00e+00 1.00e+00h  1
2612  1.9800048e+03 4.36e-04 8.79e-03  -4.1 4.91e-02    -  1.00e+00 1.00e+00h  1
2613  1.9800048e+03 3.28e-04 1.66e-01  -4.1 1.26e-01    -  1.00e+00 2.50e-01h  3
2614  1.9800048e+03 1.86e-04 2.73e-03  -4.1 3.14e-02    -  1.00e+00 1.00e+00h  1
2615  1.9800048e+03 9.98e-05 1.68e-02  -4.0 3.75e-02    -  1.00e+00 1.00e+00h  1
2616  1.9800048e+03 9.97e-05 3.47e-03  -4.1 3.59e-02    -  1.00e+00 1.00e+00h  1
2617  1.9800048e+03 1.28e-05 1.52e-02  -4.0 1.31e-02    -  1.00e+00 1.00e+00h  1
2618  1.9800048e+03 8.10e-06 1.59e-03  -4.0 9.26e-03    -  1.00e+00 1.00e+00h  1
2619  1.9800048e+03 7.05e-07 1.76e-03  -4.0 1.44e-03    -  1.00e+00 1.00e+00h  1
iter    objective    inf_pr   inf_du lg(mu)  ||d||  lg(rg) alpha_du alpha_pr  ls
2620  1.9800048e+03 6.31e-07 1.22e-03  -4.0 1.23e-03    -  1.00e+00 1.00e+00h  1
2621  1.9800048e+03 2.07e-06 2.39e-03  -4.0 2.30e-03    -  1.00e+00 1.00e+00h  1
2622  1.9800048e+03 9.57e-08 8.22e-03  -4.0 1.03e-02    -  1.00e+00 1.00e+00H  1
2623  1.9800048e+03 7.30e-08 4.12e-02  -4.0 3.99e-02    -  1.00e+00 1.00e+00H  1
2624  1.9800048e+03 3.51e-04 9.80e-03  -4.1 3.87e-02    -  1.00e+00 1.00e+00h  1
2625  1.9800048e+03 2.28e-04 4.99e-01  -4.1 1.49e-01    -  1.00e+00 2.50e-01h  3
2626  1.9800048e+03 4.82e-05 9.49e-03  -4.1 2.93e-02    -  1.00e+00 1.00e+00h  1
2627  1.9800048e+03 2.10e-05 1.24e-02  -4.1 6.33e-02    -  1.00e+00 2.50e-01h  3
2628  1.9800048e+03 2.22e-05 4.09e-03  -4.1 2.41e-02    -  1.00e+00 2.50e-01h  3
2629  1.9800048e+03 4.35e-06 2.96e-02  -4.1 4.31e-02    -  1.00e+00 1.00e+00H  1
iter    objective    inf_pr   inf_du lg(mu)  ||d||  lg(rg) alpha_du alpha_pr  ls
2630  1.9800048e+03 2.55e-05 1.21e-02  -4.1 3.76e-02    -  1.00e+00 1.00e+00H  1
2631  1.9800048e+03 2.53e-05 5.94e-01  -4.1 5.87e-02    -  1.00e+00 6.25e-02h  5
2632  1.9800048e+03 2.32e-05 7.11e-02  -4.1 5.35e-02    -  1.00e+00 2.50e-01h  3
2633  1.9800048e+03 4.57e-06 6.00e-03  -4.1 1.85e-02    -  1.00e+00 1.00e+00h  1
2634  1.9800048e+03 1.24e-06 1.28e-02  -4.0 1.54e-02    -  1.00e+00 1.00e+00H  1
2635  1.9800048e+03 3.28e-05 6.17e-03  -4.1 1.10e-02    -  1.00e+00 1.00e+00h  1
2636  1.9800048e+03 1.13e-04 2.24e-02  -4.1 2.67e-02    -  1.00e+00 1.00e+00h  1
2637  1.9800048e+03 1.77e-04 4.63e-04  -4.1 2.42e-02    -  1.00e+00 1.00e+00h  1
2638  1.9800048e+03 7.73e-06 5.69e-03  -4.0 1.91e-02    -  1.00e+00 1.00e+00h  1
2639  1.9800048e+03 3.09e-06 7.36e-04  -4.1 1.48e-02    -  1.00e+00 1.00e+00h  1
iter    objective    inf_pr   inf_du lg(mu)  ||d||  lg(rg) alpha_du alpha_pr  ls
2640  1.9800048e+03 8.78e-08 1.01e-03  -4.0 1.84e-03    -  1.00e+00 1.00e+00h  1
2641  1.9800048e+03 5.82e-08 7.77e-04  -4.0 1.26e-03    -  1.00e+00 1.00e+00h  1
2642  1.9800048e+03 6.06e-07 1.58e-03  -4.1 1.44e-03    -  1.00e+00 1.00e+00h  1
2643  1.9800048e+03 1.37e-07 9.34e-04  -4.0 1.37e-03    -  1.00e+00 1.00e+00h  1
2644  1.9800048e+03 4.83e-08 3.18e-04  -4.1 5.33e-04    -  1.00e+00 1.00e+00h  1
2645  1.9800048e+03 2.12e-06 1.76e-03  -4.0 3.54e-03    -  1.00e+00 1.00e+00h  1
2646  1.9800048e+03 3.97e-06 1.53e-01  -4.1 5.48e-02    -  1.00e+00 6.25e-02h  5
2647  1.9800048e+03 8.26e-08 4.28e-03  -4.1 8.50e-03    -  1.00e+00 1.00e+00H  1
2648  1.9800048e+03 1.30e-08 3.34e-03  -4.1 9.06e-03    -  1.00e+00 1.00e+00H  1
2649  1.9800048e+03 1.45e-06 3.12e-03  -4.0 1.24e-02    -  1.00e+00 1.00e+00h  1
iter    objective    inf_pr   inf_du lg(mu)  ||d||  lg(rg) alpha_du alpha_pr  ls
2650  1.9800048e+03 7.45e-07 1.30e-03  -4.1 1.07e-02    -  1.00e+00 1.00e+00h  1
2651  1.9800048e+03 4.87e-06 4.27e-03  -4.0 5.50e-03    -  1.00e+00 1.00e+00h  1
2652  1.9800048e+03 1.79e-06 1.21e-02  -4.1 1.67e-02    -  1.00e+00 1.00e+00H  1
2653  1.9800048e+03 1.14e-06 6.25e-03  -4.1 2.03e-02    -  1.00e+00 1.00e+00H  1
2654  1.9800048e+03 2.80e-04 1.58e-02  -4.1 3.79e-02    -  1.00e+00 1.00e+00h  1
2655  1.9800047e+03 1.08e-04 6.93e-03  -4.1 2.30e-02    -  1.00e+00 1.00e+00h  1
2656  1.9800048e+03 1.65e-05 2.69e-02  -4.0 4.50e-02    -  1.00e+00 1.00e+00H  1
2657  1.9800049e+03 1.15e-05 3.01e-02  -4.1 6.11e-02    -  1.00e+00 1.00e+00H  1
2658  1.9800048e+03 3.58e-04 3.31e-03  -4.1 6.04e-02    -  1.00e+00 1.00e+00h  1
2659  1.9800048e+03 1.04e-03 4.25e-02  -4.1 8.02e-02    -  1.00e+00 1.00e+00h  1
iter    objective    inf_pr   inf_du lg(mu)  ||d||  lg(rg) alpha_du alpha_pr  ls
2660  1.9800047e+03 8.70e-04 1.03e-02  -4.1 7.36e-02    -  1.00e+00 1.00e+00h  1
2661  1.9800058e+03 7.66e-04 4.34e-02  -4.0 1.21e-01    -  1.00e+00 1.00e+00H  1
2662  1.9800048e+03 7.07e-03 2.66e-02  -4.1 2.13e-01    -  1.00e+00 1.00e+00h  1
2663  1.9800051e+03 1.46e-03 8.50e-03  -4.1 1.11e-01    -  9.81e-01 1.00e+00h  1
2664  1.9800053e+03 4.50e-03 8.48e-02  -4.1 1.63e-01    -  1.00e+00 1.00e+00h  1
2665  1.9800048e+03 1.21e-03 1.80e-02  -4.1 8.63e-02    -  1.00e+00 1.00e+00h  1
2666  1.9800048e+03 6.03e-04 1.19e-03  -4.1 3.70e-02    -  1.00e+00 1.00e+00h  1
2667  1.9800048e+03 1.09e-04 6.62e-03  -4.1 4.42e-02    -  1.00e+00 1.00e+00h  1
2668  1.9800048e+03 1.65e-04 9.46e-03  -4.1 2.14e-02    -  1.00e+00 1.00e+00h  1
2669  1.9800047e+03 4.21e-05 4.13e-03  -4.1 8.68e-03    -  1.00e+00 1.00e+00h  1
iter    objective    inf_pr   inf_du lg(mu)  ||d||  lg(rg) alpha_du alpha_pr  ls
2670  1.9800048e+03 2.61e-05 1.00e-02  -4.0 5.44e-03    -  1.00e+00 1.00e+00h  1
2671  1.9800048e+03 1.11e-05 4.91e-03  -4.1 4.50e-03    -  1.00e+00 1.00e+00h  1
2672  1.9800047e+03 4.50e-06 6.11e-03  -4.1 3.41e-03    -  1.00e+00 1.00e+00h  1
2673  1.9800048e+03 2.99e-06 2.43e-03  -4.0 2.09e-03    -  1.00e+00 1.00e+00h  1
2674  1.9800048e+03 1.69e-07 1.71e-04  -4.1 6.16e-04    -  1.00e+00 1.00e+00h  1
2675  1.9800048e+03 8.91e-09 1.19e-04  -4.0 2.33e-04    -  1.00e+00 1.00e+00h  1
2676  1.9800048e+03 1.00e-07 5.97e-04  -4.0 6.22e-04    -  1.00e+00 1.00e+00h  1
2677  1.9800047e+03 5.29e-06 5.11e-03  -4.0 3.58e-03    -  1.00e+00 1.00e+00h  1
2678  1.9800048e+03 2.56e-06 2.45e-02  -4.1 1.68e-02    -  1.00e+00 1.00e+00H  1
2679  1.9800048e+03 1.30e-05 1.14e-02  -4.1 1.82e-02    -  1.00e+00 1.00e+00h  1
iter    objective    inf_pr   inf_du lg(mu)  ||d||  lg(rg) alpha_du alpha_pr  ls
2680  1.9800048e+03 1.09e-05 5.99e-03  -4.1 1.23e-02    -  1.00e+00 1.00e+00h  1
2681  1.9800048e+03 1.63e-06 6.90e-03  -4.1 6.36e-03    -  1.00e+00 1.00e+00H  1
2682  1.9800048e+03 9.37e-06 6.69e-03  -4.1 1.00e-02    -  1.00e+00 1.00e+00h  1
2683  1.9800047e+03 5.94e-07 9.95e-04  -4.1 1.20e-02    -  1.00e+00 1.00e+00H  1
2684  1.9800047e+03 2.99e-07 1.81e-03  -4.0 8.32e-04    -  1.00e+00 1.00e+00h  1
2685  1.9800047e+03 1.01e-07 7.59e-04  -4.0 1.84e-03    -  1.00e+00 1.00e+00h  1
2686  1.9800047e+03 1.27e-08 2.76e-04  -4.0 1.42e-03    -  1.00e+00 1.00e+00h  1
2687  1.9800047e+03 1.39e-08 1.72e-04  -4.0 2.48e-04    -  1.00e+00 1.00e+00h  1
2688  1.9800047e+03 6.63e-06 4.37e-03  -4.1 8.37e-03    -  1.00e+00 1.00e+00h  1
2689  1.9800048e+03 4.88e-06 2.91e-02  -4.0 3.98e-02    -  1.00e+00 1.00e+00H  1
iter    objective    inf_pr   inf_du lg(mu)  ||d||  lg(rg) alpha_du alpha_pr  ls
2690  1.9800048e+03 1.78e-06 5.63e-02  -4.1 4.42e-02    -  1.00e+00 1.00e+00H  1
2691  1.9800047e+03 5.34e-04 1.72e-02  -4.1 3.94e-02    -  1.00e+00 1.00e+00h  1
2692  1.9800048e+03 4.07e-04 4.85e-02  -4.1 1.14e-01    -  1.00e+00 2.50e-01h  3
2693  1.9800048e+03 2.61e-05 7.39e-03  -4.1 2.27e-02    -  1.00e+00 1.00e+00h  1
2694  1.9800048e+03 4.54e-07 2.80e-02  -4.1 4.14e-02    -  1.00e+00 1.00e+00H  1
2695  1.9800048e+03 9.18e-07 3.32e-01  -4.1 9.70e-02    -  1.00e+00 3.12e-02h  6
2696  1.9800048e+03 6.48e-04 2.00e-02  -4.1 5.35e-02    -  1.00e+00 1.00e+00h  1
2697  1.9800048e+03 4.95e-04 3.77e-01  -4.1 1.16e-01    -  1.00e+00 2.50e-01h  3
2698  1.9800048e+03 1.84e-05 2.15e-02  -4.1 5.48e-02    -  1.00e+00 1.00e+00H  1
2699  1.9800048e+03 4.08e-05 3.13e-01  -4.1 1.11e-01    -  1.00e+00 1.25e-01h  4
iter    objective    inf_pr   inf_du lg(mu)  ||d||  lg(rg) alpha_du alpha_pr  ls
2700  1.9800047e+03 6.27e-07 1.78e-02  -4.1 1.92e-02    -  1.00e+00 1.00e+00H  1
2701  1.9800047e+03 1.18e-05 2.40e-03  -4.1 9.89e-03    -  1.00e+00 1.00e+00h  1
2702  1.9800048e+03 8.71e-06 1.23e-02  -4.1 7.64e-03    -  1.00e+00 1.00e+00h  1
2703  1.9800047e+03 6.69e-06 5.98e-04  -4.1 5.15e-03    -  1.00e+00 1.00e+00h  1
2704  1.9800047e+03 1.07e-07 8.10e-04  -4.0 1.01e-03    -  1.00e+00 1.00e+00h  1
2705  1.9800047e+03 1.62e-08 2.41e-04  -4.0 3.12e-04    -  1.00e+00 1.00e+00h  1
2706  1.9800047e+03 4.70e-10 8.99e-05  -4.0 4.29e-05    -  1.00e+00 1.00e+00h  1
2707  1.9800047e+03 4.85e-09 1.08e-04  -4.0 1.85e-04    -  1.00e+00 1.00e+00h  1
2708  1.9800047e+03 7.32e-07 1.05e-03  -4.1 2.08e-03    -  1.00e+00 1.00e+00h  1
2709  1.9800048e+03 5.61e-09 1.23e-02  -4.1 2.05e-02    -  1.00e+00 1.00e+00H  1
iter    objective    inf_pr   inf_du lg(mu)  ||d||  lg(rg) alpha_du alpha_pr  ls
2710  1.9800048e+03 2.46e-09 2.59e-02  -4.1 3.29e-02    -  1.00e+00 1.00e+00H  1
2711  1.9800048e+03 2.71e-09 9.04e-02  -4.1 4.16e-02    -  1.00e+00 9.77e-04h 11
2712  1.9800048e+03 3.34e-09 2.24e-01  -4.1 5.03e-01    -  1.00e+00 1.22e-04h 14
2713  1.9800048e+03 3.53e-09 2.97e-01  -4.1 3.35e-01    -  1.00e+00 1.22e-04h 14
2714  1.9800048e+03 3.63e-09 4.50e-01  -4.1 1.72e-01    -  1.00e+00 2.44e-04h 13
2715  1.9800048e+03 3.47e-05 1.32e-01  -4.1 3.39e-02    -  1.00e+00 5.00e-01h  2
2716  1.9800048e+03 4.02e-05 9.04e-02  -4.1 5.07e-02    -  1.00e+00 5.00e-01h  2
2717  1.9800047e+03 2.17e-05 5.68e-03  -4.1 1.54e-02    -  1.00e+00 1.00e+00h  1
2718  1.9800048e+03 4.58e-05 1.86e-02  -4.1 1.88e-02    -  1.00e+00 1.00e+00h  1
2719  1.9800047e+03 3.13e-05 2.66e-03  -4.1 1.47e-02    -  1.00e+00 1.00e+00h  1
iter    objective    inf_pr   inf_du lg(mu)  ||d||  lg(rg) alpha_du alpha_pr  ls
2720  1.9800047e+03 2.97e-06 2.50e-03  -4.0 4.02e-03    -  1.00e+00 1.00e+00h  1
2721  1.9800047e+03 6.07e-07 1.32e-03  -4.0 4.19e-03    -  1.00e+00 1.00e+00h  1
2722  1.9800047e+03 4.17e-07 2.89e-03  -4.0 4.06e-03    -  1.00e+00 1.00e+00h  1
2723  1.9800047e+03 2.72e-07 9.79e-04  -4.0 2.29e-03    -  1.00e+00 1.00e+00h  1
2724  1.9800047e+03 6.80e-08 9.55e-04  -4.0 2.98e-03    -  1.00e+00 1.00e+00h  1
2725  1.9800047e+03 8.07e-08 2.40e-04  -4.0 1.99e-03    -  1.00e+00 1.00e+00h  1
2726  1.9800047e+03 8.11e-09 1.70e-04  -4.0 3.78e-04    -  1.00e+00 1.00e+00h  1
2727  1.9800047e+03 1.84e-08 4.02e-02  -4.0 7.35e-02    -  1.00e+00 1.00e+00H  1
2728  1.9800047e+03 6.09e-06 4.23e-02  -4.1 8.35e-01    -  1.00e+00 1.56e-02h  7
2729  1.9800047e+03 1.07e-04 1.33e-01  -4.1 1.47e+00    -  1.00e+00 3.12e-02h  6
iter    objective    inf_pr   inf_du lg(mu)  ||d||  lg(rg) alpha_du alpha_pr  ls
2730  1.9800047e+03 2.25e-04 3.60e-01  -4.1 4.28e-01    -  1.00e+00 6.25e-02h  5
2731  1.9800047e+03 2.00e-04 3.85e-01  -4.1 4.64e-01    -  1.00e+00 3.12e-02h  6
2732  1.9800048e+03 3.10e-04 4.96e-01  -4.1 4.44e-01    -  1.00e+00 2.50e-01h  3
2733  1.9800047e+03 3.16e-04 8.24e-01  -4.1 1.84e+00    -  5.03e-01 1.43e-02h  7
2734  1.9800047e+03 8.73e-04 1.50e-01  -4.1 1.10e+00    -  1.00e+00 6.25e-02h  5
2735  1.9800048e+03 9.09e-04 7.60e-01  -4.1 2.03e+00    -  4.17e-01 3.12e-02h  6
2736  1.9800048e+03 9.67e-04 3.63e-01  -4.1 1.20e+00    -  7.11e-01 2.65e-02h  6
2737  1.9800047e+03 8.04e-04 1.62e-02  -4.1 1.19e-01    -  1.00e+00 1.00e+00h  1
2738  1.9800050e+03 4.89e-03 4.57e-01  -3.2 6.57e+00    -  5.18e-01 6.25e-02h  5
2739  1.9800051e+03 5.91e-03 1.31e-01  -3.5 2.94e+00    -  3.43e-01 1.02e-02H  1
iter    objective    inf_pr   inf_du lg(mu)  ||d||  lg(rg) alpha_du alpha_pr  ls
2740  1.9800050e+03 8.45e-03 4.96e-02  -3.5 5.80e-01    -  1.00e+00 2.50e-01f  3
2741  1.9800048e+03 8.50e-03 2.59e-01  -3.5 2.83e+00    -  8.20e-01 3.11e-02h  6
2742  1.9800048e+03 8.99e-03 4.10e-01  -3.5 1.04e+00    -  8.40e-01 6.25e-02h  5
2743  1.9800051e+03 2.42e-02 2.60e-01  -3.5 2.34e+00    -  1.00e+00 1.25e-01h  4
2744  1.9800051e+03 2.24e-02 2.39e-01  -3.5 1.68e+00    -  1.00e+00 6.25e-02h  5
2745  1.9800050e+03 3.41e-02 1.74e-01  -3.5 1.50e+00    -  1.00e+00 2.50e-01h  3
2746  1.9800050e+03 3.30e-02 3.88e-01  -3.5 1.98e+00    -  7.95e-01 4.20e-02h  5
2747  1.9800050e+03 3.10e-02 9.05e-02  -3.5 1.39e+00    -  1.00e+00 1.25e-01h  4
2748  1.9800051e+03 2.74e-02 2.42e-01  -3.5 1.01e+00    -  1.00e+00 1.25e-01h  4
2749  1.9800050e+03 2.60e-02 1.78e-01  -3.5 2.08e+00    -  7.99e-01 6.25e-02h  5
iter    objective    inf_pr   inf_du lg(mu)  ||d||  lg(rg) alpha_du alpha_pr  ls
2750  1.9800049e+03 2.30e-02 1.35e-01  -3.5 3.22e+00    -  1.00e+00 1.37e-01h  3
2751  1.9800048e+03 2.57e-02 1.46e-01  -3.5 2.38e+01    -  6.69e-01 2.03e-02h  6
2752  1.9800048e+03 2.66e-02 2.53e-01  -3.5 2.86e+01    -  6.04e-01 1.28e-02h  7
2753  1.9800047e+03 2.59e-02 2.70e-01  -3.5 1.23e+01    -  8.27e-01 2.67e-02h  6
2754  1.9800047e+03 2.66e-02 2.80e-01  -3.7 1.15e+01    -  1.00e+00 6.25e-02h  5
2755  1.9800047e+03 3.36e-02 2.56e-01  -3.2 2.02e+01    -  1.00e+00 3.70e-02h  5
2756  1.9800047e+03 3.30e-02 1.70e-01  -3.3 4.37e+00    -  5.24e-01 3.79e-02h  5
2757  1.9800050e+03 2.83e-02 1.88e-01  -3.4 2.53e+00    -  1.00e+00 1.24e-01h  4
2758  1.9800049e+03 2.74e-02 2.02e-01  -3.5 4.77e+00    -  9.21e-01 6.25e-02h  5
2759  1.9800049e+03 2.69e-02 2.95e-01  -3.5 6.18e+00    -  7.76e-01 3.12e-02h  6
iter    objective    inf_pr   inf_du lg(mu)  ||d||  lg(rg) alpha_du alpha_pr  ls
2760  1.9800049e+03 2.86e-02 2.14e-01  -3.5 1.85e+01    -  4.31e-01 3.46e-03H  1
2761  1.9800048e+03 3.11e-02 2.55e-01  -3.5 2.75e+00    -  1.00e+00 1.25e-01h  4
2762  1.9800048e+03 2.49e-02 2.02e-01  -3.5 1.08e+01    -  1.21e-01 6.25e-03H  1
2763  1.9800047e+03 2.41e-02 2.46e-01  -3.5 3.65e+00    -  8.85e-01 6.25e-02f  5
2764  1.9800046e+03 2.57e-02 1.59e-01  -3.5 6.53e+01    -  1.14e-01 3.77e-03H  1
2765  1.9800064e+03 7.23e-02 1.86e-01  -3.2 2.56e+00    -  9.70e-01 2.50e-01f  3
2766  1.9800064e+03 7.07e-02 3.89e-01  -3.3 7.55e+00    -  3.55e-01 2.93e-03H  1
2767  1.9800063e+03 7.69e-02 1.18e-01  -3.3 8.65e+00    -  6.94e-01 3.49e-02h  5
2768  1.9800057e+03 7.34e-02 9.60e-02  -3.3 8.90e+00    -  1.00e+00 1.25e-01h  4
2769  1.9800059e+03 9.83e-02 1.00e-01  -3.3 1.17e+01    -  2.65e-01 9.17e-02h  3
iter    objective    inf_pr   inf_du lg(mu)  ||d||  lg(rg) alpha_du alpha_pr  ls
2770  1.9800063e+03 8.20e-02 9.84e-02  -3.3 3.72e+00    -  4.18e-01 1.43e-01h  3
2771  1.9800073e+03 7.41e-02 8.11e-02  -3.3 7.38e-01    -  1.00e+00 5.00e-01h  2
2772  1.9800087e+03 5.55e-02 6.24e-02  -3.3 9.31e-01    -  1.00e+00 5.00e-01h  2
2773  1.9800065e+03 1.49e-01 6.17e-02  -3.3 4.69e+00    -  9.49e-01 2.50e-01h  3
2774  1.9800062e+03 1.26e-01 3.05e-02  -3.3 3.53e+00    -  5.40e-01 9.38e-02h  4
2775  1.9800064e+03 1.20e-01 3.44e-02  -3.3 2.15e+00    -  1.00e+00 2.50e-01h  3
2776  1.9800060e+03 1.10e-01 3.54e-02  -3.3 1.90e+00    -  6.71e-01 1.17e-01h  4
2777  1.9800056e+03 5.53e-02 1.44e-02  -3.3 7.58e-01    -  1.00e+00 5.00e-01h  2
2778  1.9800058e+03 6.53e-02 2.16e-02  -3.3 1.69e+00    -  4.35e-01 1.78e-01h  3
2779  1.9800185e+03 6.86e-02 4.75e-02  -3.3 1.72e+00    -  1.00e+00 1.00e+00H  1
iter    objective    inf_pr   inf_du lg(mu)  ||d||  lg(rg) alpha_du alpha_pr  ls
2780  1.9800164e+03 5.82e-02 5.24e-02  -3.3 4.32e+00    -  1.00e+00 6.25e-02h  5
2781  1.9800122e+03 5.79e-02 4.51e-02  -3.3 5.05e+00    -  2.70e-01 5.24e-02h  4
2782  1.9800084e+03 7.35e-02 3.73e-02  -3.3 8.16e+00    -  3.98e-01 5.85e-02h  4
2783  1.9800075e+03 7.36e-02 3.75e-02  -3.3 4.88e+00    -  2.71e-01 6.86e-02h  3
2784  1.9800073e+03 5.29e-02 3.36e-02  -3.3 6.67e-01    -  9.34e-01 5.00e-01h  2
2785  1.9800069e+03 5.28e-02 3.06e-02  -3.3 9.55e-01    -  8.68e-01 4.99e-02H  1
2786  1.9800074e+03 5.62e-02 1.33e-02  -3.3 4.30e-01    -  1.00e+00 1.00e+00f  1
2787  1.9800081e+03 5.11e-02 2.06e-02  -3.3 6.17e-01    -  1.00e+00 1.00e+00h  1
2788  1.9800048e+03 3.58e-02 7.99e-03  -3.3 4.24e-01    -  1.00e+00 1.00e+00h  1
2789  1.9800072e+03 3.57e-03 1.17e-02  -3.3 3.35e-01    -  1.00e+00 9.75e-01h  1
iter    objective    inf_pr   inf_du lg(mu)  ||d||  lg(rg) alpha_du alpha_pr  ls
2790  1.9800067e+03 1.96e-02 2.12e-01  -3.3 3.57e-01    -  1.00e+00 1.00e+00f  1
2791  1.9800048e+03 4.24e-03 4.03e-02  -3.3 2.26e-01    -  1.00e+00 1.00e+00h  1
2792  1.9800047e+03 1.74e-03 6.61e-03  -3.3 7.89e-02    -  1.00e+00 1.00e+00h  1
2793  1.9800047e+03 1.72e-04 5.75e-03  -4.0 3.68e-02    -  1.00e+00 1.00e+00h  1
2794  1.9800047e+03 1.00e-04 1.38e-02  -4.0 1.56e-02    -  1.00e+00 1.00e+00h  1
2795  1.9800047e+03 5.48e-05 6.09e-03  -4.0 1.08e-02    -  1.00e+00 1.00e+00h  1
2796  1.9800047e+03 9.28e-06 3.25e-03  -4.0 4.76e-03    -  1.00e+00 1.00e+00h  1
2797  1.9800047e+03 4.04e-05 1.44e-02  -4.0 1.13e-02    -  1.00e+00 1.00e+00h  1
2798  1.9800047e+03 3.00e-05 1.39e-02  -4.0 8.89e-03    -  1.00e+00 1.00e+00h  1
2799  1.9800047e+03 1.70e-07 7.94e-03  -4.0 9.52e-03    -  1.00e+00 1.00e+00H  1
iter    objective    inf_pr   inf_du lg(mu)  ||d||  lg(rg) alpha_du alpha_pr  ls
2800  1.9800047e+03 4.81e-05 1.25e-02  -4.0 1.49e-02    -  1.00e+00 1.00e+00h  1
2801  1.9800047e+03 3.51e-04 9.79e-02  -4.0 1.81e-01    -  1.00e+00 2.50e-01h  3
2802  1.9800048e+03 1.33e-04 3.51e-01  -4.0 3.33e-01    -  1.00e+00 1.00e+00H  1
2803  1.9800078e+03 2.90e-05 1.79e-01  -4.1 2.59e-01    -  1.00e+00 1.00e+00H  1
2804  1.9800046e+03 9.00e-03 3.82e-02  -4.1 2.36e-01    -  1.00e+00 1.00e+00h  1
2805  1.9800048e+03 3.96e-03 6.81e-02  -4.0 1.43e-01    -  1.00e+00 1.00e+00h  1
2806  1.9800046e+03 6.58e-03 2.57e-02  -4.1 1.47e-01    -  1.00e+00 1.00e+00h  1
2807  1.9800048e+03 3.79e-03 1.72e-01  -4.0 2.15e-01    -  1.00e+00 5.00e-01h  2
2808  1.9800047e+03 4.10e-03 3.84e-02  -4.1 1.34e-01    -  1.00e+00 1.00e+00h  1
2809  1.9800050e+03 2.03e-03 1.32e-02  -4.1 2.39e-01    -  1.00e+00 1.00e+00H  1
iter    objective    inf_pr   inf_du lg(mu)  ||d||  lg(rg) alpha_du alpha_pr  ls
2810  1.9800046e+03 8.57e-04 3.27e-02  -4.1 2.19e-01    -  1.00e+00 1.00e+00H  1
2811  1.9800046e+03 4.42e-03 6.26e-02  -4.0 5.73e-01    -  1.00e+00 2.50e-01h  3
2812  1.9800046e+03 2.45e-03 6.22e-01  -4.0 2.41e-01    -  1.00e+00 1.50e-01H  1
2813  1.9800046e+03 2.14e-03 8.97e-03  -4.0 9.96e-02    -  1.00e+00 1.00e+00h  1
2814  1.9800051e+03 6.01e-04 3.81e-02  -4.0 1.07e-01    -  1.00e+00 1.00e+00h  1
2815  1.9800046e+03 9.57e-04 1.47e-02  -4.1 1.04e-01    -  1.00e+00 1.00e+00h  1
2816  1.9800046e+03 8.02e-05 1.29e-02  -4.0 2.49e-02    -  1.00e+00 1.00e+00h  1
2817  1.9800046e+03 3.79e-05 8.16e-03  -4.0 1.49e-02    -  1.00e+00 1.00e+00h  1
2818  1.9800046e+03 1.68e-06 7.25e-03  -4.0 9.45e-03    -  1.00e+00 1.00e+00H  1
2819  1.9800046e+03 3.60e-06 4.96e-03  -4.0 2.56e-03    -  1.00e+00 1.00e+00h  1
iter    objective    inf_pr   inf_du lg(mu)  ||d||  lg(rg) alpha_du alpha_pr  ls
2820  1.9800046e+03 8.52e-07 2.80e-03  -4.0 1.72e-03    -  1.00e+00 1.00e+00h  1
2821  1.9800046e+03 1.14e-07 5.50e-04  -4.0 8.96e-04    -  1.00e+00 1.00e+00h  1
2822  1.9800046e+03 9.72e-08 6.77e-04  -4.0 8.26e-04    -  1.00e+00 1.00e+00h  1
2823  1.9800046e+03 2.02e-04 2.08e-02  -4.0 4.44e-02    -  1.00e+00 1.00e+00h  1
2824  1.9800049e+03 1.20e-04 2.65e-01  -4.0 3.25e-01    -  1.00e+00 1.00e+00H  1
2825  1.9800049e+03 2.97e-04 9.30e-02  -4.1 2.13e-01    -  1.00e+00 1.00e+00H  1
2826  1.9800048e+03 4.69e-03 1.03e-01  -4.1 4.42e-01    -  5.41e-01 5.00e-01h  2
2827  1.9800047e+03 3.49e-03 3.10e-01  -4.1 2.11e-01    -  1.00e+00 5.00e-01h  2
2828  1.9800046e+03 6.26e-03 3.53e-01  -4.1 7.67e-01    -  1.00e+00 2.50e-01h  3
2829  1.9800049e+03 7.77e-04 2.82e-02  -4.1 1.15e-01    -  1.00e+00 1.00e+00h  1
iter    objective    inf_pr   inf_du lg(mu)  ||d||  lg(rg) alpha_du alpha_pr  ls
2830  1.9800045e+03 2.47e-03 1.33e-02  -4.1 1.57e-01    -  1.00e+00 1.00e+00h  1
2831  1.9800050e+03 1.79e-03 1.45e-02  -4.0 1.38e-01    -  1.00e+00 1.00e+00h  1
2832  1.9800045e+03 1.38e-03 7.88e-03  -4.1 1.29e-01    -  1.00e+00 1.00e+00h  1
2833  1.9800045e+03 3.79e-04 4.17e-03  -4.0 3.33e-02    -  1.00e+00 1.00e+00h  1
2834  1.9800046e+03 1.19e-04 1.07e-02  -4.0 6.04e-02    -  1.00e+00 1.00e+00h  1
2835  1.9800045e+03 8.68e-05 1.91e-03  -4.1 4.48e-02    -  1.00e+00 1.00e+00h  1
2836  1.9800045e+03 2.55e-05 5.65e-03  -4.0 1.19e-02    -  1.00e+00 1.00e+00h  1
2837  1.9800045e+03 2.06e-05 1.27e-02  -4.0 9.14e-03    -  1.00e+00 1.00e+00h  1
2838  1.9800045e+03 1.57e-05 1.33e-02  -4.0 5.48e-03    -  1.00e+00 1.00e+00h  1
2839  1.9800045e+03 2.33e-06 5.05e-03  -4.0 6.94e-03    -  1.00e+00 1.00e+00H  1
iter    objective    inf_pr   inf_du lg(mu)  ||d||  lg(rg) alpha_du alpha_pr  ls
2840  1.9800045e+03 1.26e-06 6.92e-04  -4.0 1.87e-03    -  1.00e+00 1.00e+00h  1
2841  1.9800045e+03 2.93e-07 8.50e-04  -4.0 8.13e-04    -  1.00e+00 1.00e+00h  1
2842  1.9800045e+03 1.79e-05 6.96e-03  -4.0 9.09e-03    -  1.00e+00 1.00e+00h  1
2843  1.9800063e+03 1.97e-05 4.01e-01  -4.0 2.86e-01    -  1.00e+00 1.00e+00H  1
2844  1.9800047e+03 6.28e-03 2.01e-01  -4.1 2.65e-01    -  1.00e+00 1.00e+00h  1
2845  1.9800049e+03 4.27e-03 2.02e-01  -4.1 3.55e-01    -  6.22e-01 5.00e-01h  2
2846  1.9800045e+03 5.68e-05 3.49e-02  -4.1 1.08e-01    -  1.00e+00 1.00e+00h  1
2847  1.9800045e+03 8.32e-05 2.31e-02  -4.0 1.47e-02    -  1.00e+00 1.00e+00h  1
2848  1.9800045e+03 8.14e-05 1.27e-02  -4.0 1.44e-02    -  1.00e+00 1.00e+00h  1
2849  1.9800045e+03 1.25e-04 4.11e-02  -4.0 1.77e-02    -  1.00e+00 1.00e+00h  1
iter    objective    inf_pr   inf_du lg(mu)  ||d||  lg(rg) alpha_du alpha_pr  ls
2850  1.9800045e+03 5.30e-05 8.62e-03  -4.1 1.15e-02    -  1.00e+00 1.00e+00h  1
2851  1.9800045e+03 4.80e-05 5.90e-03  -4.0 9.97e-03    -  1.00e+00 1.00e+00h  1
2852  1.9800045e+03 5.11e-06 3.50e-03  -4.0 3.25e-03    -  1.00e+00 1.00e+00h  1
2853  1.9800045e+03 2.32e-06 1.13e-03  -4.0 2.12e-03    -  1.00e+00 1.00e+00h  1
2854  1.9800045e+03 1.25e-06 2.86e-03  -4.0 1.78e-03    -  1.00e+00 1.00e+00h  1
2855  1.9800045e+03 1.04e-04 4.46e-01  -4.0 6.58e-02    -  1.00e+00 2.50e-01h  3
2856  1.9800045e+03 2.30e-04 3.05e-02  -4.1 3.59e-02    -  1.00e+00 1.00e+00h  1
2857  1.9800045e+03 1.71e-04 2.22e-02  -4.1 2.72e-02    -  1.00e+00 1.00e+00h  1
2858  1.9800045e+03 5.64e-05 1.78e-02  -4.1 4.20e-02    -  1.00e+00 1.00e+00H  1
2859  1.9800047e+03 3.89e-05 5.69e-02  -4.1 1.61e-01    -  1.00e+00 5.00e-01h  2
iter    objective    inf_pr   inf_du lg(mu)  ||d||  lg(rg) alpha_du alpha_pr  ls
2860  1.9800045e+03 5.26e-05 2.73e-03  -4.1 7.75e-02    -  1.00e+00 1.00e+00h  1
2861  1.9800045e+03 9.20e-06 1.18e-02  -4.0 5.32e-03    -  1.00e+00 1.00e+00h  1
2862  1.9800045e+03 6.06e-06 3.07e-03  -4.0 3.47e-03    -  1.00e+00 1.00e+00h  1
2863  1.9800045e+03 7.42e-07 2.77e-03  -4.0 1.34e-03    -  1.00e+00 1.00e+00h  1
2864  1.9800045e+03 3.22e-07 3.20e-04  -4.0 7.93e-04    -  1.00e+00 1.00e+00h  1
2865  1.9800045e+03 3.53e-08 3.92e-04  -4.0 3.06e-04    -  1.00e+00 1.00e+00h  1
2866  1.9800045e+03 3.88e-09 1.86e-02  -4.0 1.38e-02    -  1.00e+00 1.00e+00H  1
2867  1.9800045e+03 1.41e-10 1.80e-02  -4.0 1.92e-02    -  1.00e+00 1.00e+00H  1
2868  1.9800045e+03 4.96e-11 7.94e-03  -4.1 3.90e-02    -  1.00e+00 1.00e+00H  1
2869  1.9800045e+03 9.02e-06 7.37e-03  -4.1 2.51e-02    -  1.00e+00 1.00e+00f  1
iter    objective    inf_pr   inf_du lg(mu)  ||d||  lg(rg) alpha_du alpha_pr  ls
2870  1.9800045e+03 5.38e-05 1.21e-02  -4.0 2.25e-02    -  1.00e+00 1.00e+00h  1
2871  1.9800045e+03 1.67e-05 6.86e-04  -4.1 2.16e-02    -  1.00e+00 1.00e+00h  1
2872  1.9800045e+03 4.16e-06 1.40e-02  -4.0 1.01e-02    -  1.00e+00 1.00e+00H  1
2873  1.9800045e+03 6.57e-05 2.90e-02  -4.0 1.40e-02    -  1.00e+00 1.00e+00h  1
2874  1.9800045e+03 7.05e-06 1.56e-02  -4.1 3.42e-02    -  1.00e+00 1.00e+00H  1
2875  1.9800045e+03 3.41e-05 3.19e-01  -4.1 2.12e-01    -  1.00e+00 6.25e-02h  5
2876  1.9800045e+03 4.34e-05 1.51e-02  -4.1 1.29e-02    -  1.00e+00 1.00e+00h  1
2877  1.9800045e+03 1.58e-04 1.04e-02  -4.1 1.70e-01    -  1.00e+00 1.25e-01h  4
2878  1.9800046e+03 1.98e-05 1.95e-02  -4.0 5.14e-02    -  1.00e+00 1.00e+00H  1
2879  1.9800045e+03 5.63e-04 3.06e-02  -4.1 7.48e-02    -  1.00e+00 1.00e+00h  1
iter    objective    inf_pr   inf_du lg(mu)  ||d||  lg(rg) alpha_du alpha_pr  ls
2880  1.9800045e+03 5.97e-04 4.13e-01  -4.1 3.30e-01    -  1.00e+00 6.25e-02h  5
2881  1.9800045e+03 1.11e-04 9.46e-03  -4.0 2.60e-02    -  1.00e+00 1.00e+00h  1
2882  1.9800045e+03 9.36e-05 4.39e-02  -4.0 1.75e-01    -  1.00e+00 2.50e-01h  3
2883  1.9800045e+03 1.62e-05 5.32e-03  -4.1 2.41e-02    -  1.00e+00 1.00e+00h  1
2884  1.9800045e+03 4.85e-06 1.65e-02  -4.0 2.91e-02    -  1.00e+00 1.00e+00H  1
2885  1.9800045e+03 1.87e-04 2.75e-01  -4.0 1.16e-01    -  1.00e+00 5.00e-01h  2
2886  1.9800045e+03 3.05e-04 2.81e-01  -4.1 7.97e-01    -  1.00e+00 6.25e-02h  5
2887  1.9800045e+03 2.99e-04 2.41e-01  -4.1 5.56e-01    -  1.00e+00 3.12e-02h  6
2888  1.9800045e+03 6.89e-04 2.26e-02  -4.1 8.77e-02    -  1.00e+00 1.00e+00h  1
2889  1.9800045e+03 4.28e-04 5.16e-01  -4.0 2.29e-01    -  1.00e+00 2.50e-01h  3
iter    objective    inf_pr   inf_du lg(mu)  ||d||  lg(rg) alpha_du alpha_pr  ls
2890  1.9800053e+03 9.69e-04 6.67e-02  -4.1 1.34e-01    -  1.00e+00 1.00e+00h  1
2891  1.9800045e+03 3.45e-03 2.39e-02  -4.1 1.36e-01    -  1.00e+00 1.00e+00h  1
2892  1.9800045e+03 2.94e-03 1.41e-01  -4.0 1.72e-01    -  1.00e+00 5.00e-01h  2
2893  1.9800049e+03 8.87e-04 7.25e-03  -4.1 1.16e-01    -  1.00e+00 1.00e+00h  1
2894  1.9800046e+03 7.58e-04 4.17e-02  -4.1 1.36e-01    -  1.00e+00 1.00e+00h  1
2895  1.9800047e+03 5.23e-04 2.93e-02  -4.1 1.30e-01    -  1.00e+00 1.00e+00H  1
2896  1.9800045e+03 9.77e-04 1.00e-01  -4.1 1.31e-01    -  1.00e+00 5.00e-01h  2
2897  1.9800048e+03 3.71e-04 6.02e-02  -4.1 2.90e-01    -  1.00e+00 5.00e-01h  2
2898  1.9800045e+03 8.76e-04 7.16e-03  -4.1 1.07e-01    -  1.00e+00 1.00e+00h  1
2899  1.9800046e+03 3.11e-04 2.84e-02  -4.0 7.09e-02    -  1.00e+00 1.00e+00h  1
iter    objective    inf_pr   inf_du lg(mu)  ||d||  lg(rg) alpha_du alpha_pr  ls
2900  1.9800045e+03 1.07e-04 5.14e-03  -4.1 7.42e-02    -  1.00e+00 1.00e+00h  1
2901  1.9800045e+03 4.15e-05 6.81e-03  -4.0 8.07e-03    -  1.00e+00 1.00e+00h  1
2902  1.9800045e+03 1.10e-05 6.65e-03  -4.0 4.25e-03    -  1.00e+00 1.00e+00h  1
2903  1.9800045e+03 3.67e-06 3.32e-03  -4.0 2.44e-03    -  1.00e+00 1.00e+00h  1
2904  1.9800045e+03 3.29e-07 4.67e-04  -4.0 7.38e-04    -  1.00e+00 1.00e+00h  1
2905  1.9800045e+03 3.77e-09 1.34e-04  -4.0 1.10e-04    -  1.00e+00 1.00e+00h  1
2906  1.9800045e+03 2.47e-08 3.68e-04  -4.0 4.16e-04    -  1.00e+00 1.00e+00h  1
2907  1.9800045e+03 3.46e-07 1.81e-03  -4.0 1.53e-03    -  1.00e+00 1.00e+00h  1
2908  1.9800045e+03 1.10e-05 1.15e-02  -4.0 2.12e-02    -  1.00e+00 2.50e-01h  3
2909  1.9800045e+03 9.84e-07 4.88e-03  -4.1 1.43e-03    -  1.00e+00 1.00e+00h  1
iter    objective    inf_pr   inf_du lg(mu)  ||d||  lg(rg) alpha_du alpha_pr  ls
2910  1.9800045e+03 2.46e-07 1.69e-03  -4.0 1.11e-03    -  1.00e+00 1.00e+00h  1
2911  1.9800045e+03 9.02e-08 1.60e-03  -4.0 5.71e-04    -  1.00e+00 1.00e+00h  1
2912  1.9800045e+03 6.23e-08 3.34e-03  -4.0 3.48e-03    -  1.00e+00 1.00e+00H  1
2913  1.9800045e+03 4.62e-06 1.01e-02  -4.0 4.72e-03    -  1.00e+00 1.00e+00h  1
2914  1.9800045e+03 1.36e-06 2.72e-03  -4.1 8.31e-03    -  1.00e+00 1.00e+00h  1
2915  1.9800045e+03 3.54e-06 4.64e-03  -4.1 6.72e-03    -  1.00e+00 1.00e+00h  1
2916  1.9800045e+03 6.25e-07 1.67e-03  -4.0 2.25e-03    -  1.00e+00 1.00e+00h  1
2917  1.9800045e+03 4.94e-07 1.84e-02  -4.0 2.45e-02    -  1.00e+00 1.00e+00H  1
2918  1.9800045e+03 2.24e-04 2.52e-02  -4.1 4.47e-02    -  1.00e+00 1.00e+00h  1
2919  1.9800045e+03 2.21e-04 2.61e-01  -4.1 2.24e-01    -  1.00e+00 6.25e-02h  5
iter    objective    inf_pr   inf_du lg(mu)  ||d||  lg(rg) alpha_du alpha_pr  ls
2920  1.9800045e+03 8.00e-04 3.21e-01  -4.1 3.47e-01    -  1.00e+00 2.50e-01h  3
2921  1.9800045e+03 6.97e-04 3.72e-01  -4.1 2.11e-01    -  1.00e+00 1.25e-01h  4
2922  1.9800045e+03 6.02e-04 8.92e-03  -4.1 8.16e-02    -  1.00e+00 1.00e+00h  1
2923  1.9800045e+03 7.43e-04 4.08e-02  -4.1 6.96e-01    -  1.00e+00 6.25e-02h  5
2924  1.9800045e+03 7.72e-04 2.38e-01  -4.1 1.33e+00    -  1.00e+00 1.56e-02h  7
2925  1.9800045e+03 7.75e-04 4.25e-01  -4.1 1.05e+00    -  1.00e+00 3.12e-02h  6
2926  1.9800045e+03 8.63e-04 2.55e-01  -4.1 1.43e+00    -  1.00e+00 6.25e-02h  5
2927  1.9800045e+03 9.71e-04 1.44e-01  -4.1 3.16e+00    -  1.00e+00 3.12e-02h  6
2928  1.9800045e+03 9.60e-04 2.39e-01  -3.8 4.36e+00    -  1.00e+00 1.45e-02h  7
2929  1.9800045e+03 9.75e-04 1.84e-01  -4.0 1.73e+00    -  1.00e+00 3.12e-02h  6
iter    objective    inf_pr   inf_du lg(mu)  ||d||  lg(rg) alpha_du alpha_pr  ls
2930  1.9800045e+03 9.54e-04 1.76e-01  -4.1 1.94e+00    -  1.00e+00 3.12e-02h  6
2931  1.9800044e+03 2.79e-03 2.92e-01  -4.1 2.48e+00    -  1.00e+00 6.25e-02h  5
2932  1.9800044e+03 3.01e-03 3.72e-01  -4.1 2.14e+00    -  1.00e+00 6.25e-02h  5
2933  1.9800048e+03 2.83e-03 1.70e-01  -3.7 1.84e+00    -  1.00e+00 6.84e-02h  4
2934  1.9800044e+03 6.12e-03 2.56e-02  -3.8 2.74e-01    -  1.00e+00 1.00e+00h  1
2935  1.9800044e+03 6.14e-03 1.14e-02  -3.9 5.84e+00    -  9.97e-01 3.12e-02h  6
2936  1.9800045e+03 6.41e-03 5.24e-02  -4.0 9.96e-01    -  1.00e+00 6.25e-02h  5
2937  1.9800046e+03 5.81e-03 8.78e-02  -4.1 3.92e-01    -  1.00e+00 5.00e-01h  2
2938  1.9800045e+03 5.93e-03 6.59e-02  -4.1 5.60e-01    -  1.00e+00 1.25e-01h  4
2939  1.9800046e+03 6.89e-03 7.77e-02  -4.1 6.17e-01    -  1.00e+00 1.25e-01h  4
iter    objective    inf_pr   inf_du lg(mu)  ||d||  lg(rg) alpha_du alpha_pr  ls
2940  1.9800044e+03 3.62e-03 1.41e-02  -4.1 2.14e-01    -  1.00e+00 1.00e+00h  1
2941  1.9800045e+03 3.58e-03 1.86e-01  -4.0 2.47e-01    -  7.00e-01 2.50e-01h  3
2942  1.9800045e+03 2.81e-03 1.52e-01  -4.1 8.30e-01    -  1.00e+00 2.11e-02H  1
2943  1.9800044e+03 2.21e-04 6.65e-03  -4.1 3.53e-02    -  1.00e+00 1.00e+00f  1
2944  1.9800044e+03 1.02e-03 1.59e-02  -4.0 5.52e-02    -  1.00e+00 1.00e+00h  1
2945  1.9800045e+03 2.89e-04 6.46e-03  -4.1 7.79e-02    -  1.00e+00 1.00e+00h  1
2946  1.9800045e+03 3.01e-04 1.03e-01  -4.1 3.46e-01    -  1.00e+00 6.25e-02h  5
2947  1.9800045e+03 4.04e-04 1.41e-01  -4.1 2.14e-01    -  1.00e+00 1.25e-01h  4
2948  1.9800044e+03 4.11e-04 2.33e-01  -4.1 2.29e-01    -  1.00e+00 6.25e-02h  5
2949  1.9800044e+03 3.07e-04 2.37e-02  -4.1 6.19e-02    -  1.00e+00 5.00e-01h  2
iter    objective    inf_pr   inf_du lg(mu)  ||d||  lg(rg) alpha_du alpha_pr  ls
2950  1.9800044e+03 3.75e-04 1.02e-01  -4.0 1.04e-01    -  1.00e+00 2.50e-01h  3
2951  1.9800045e+03 1.01e-04 1.13e-01  -4.0 6.40e-02    -  1.00e+00 8.01e-01H  1
2952  1.9800045e+03 8.65e-04 2.29e-02  -4.1 7.59e-02    -  1.00e+00 1.00e+00h  1
2953  1.9800045e+03 7.66e-04 5.62e-03  -4.1 1.01e-01    -  1.00e+00 1.00e+00H  1
2954  1.9800044e+03 3.58e-04 4.24e-01  -4.1 2.96e-01    -  1.00e+00 2.53e-01h  2
2955  1.9800044e+03 3.30e-04 1.07e-01  -4.1 3.42e-01    -  1.00e+00 1.25e-01h  4
2956  1.9800045e+03 3.39e-03 1.62e-02  -4.1 1.12e-01    -  1.00e+00 1.00e+00h  1
2957  1.9800045e+03 2.98e-03 6.56e-02  -4.1 2.38e-01    -  1.00e+00 1.25e-01h  4
2958  1.9800044e+03 1.58e-03 1.87e-02  -4.1 7.98e-02    -  1.00e+00 1.00e+00h  1
2959  1.9800045e+03 7.62e-04 2.52e-01  -4.0 7.79e-02    -  1.00e+00 6.23e-01H  1
iter    objective    inf_pr   inf_du lg(mu)  ||d||  lg(rg) alpha_du alpha_pr  ls
2960  1.9800044e+03 1.26e-03 1.67e-02  -4.1 7.56e-02    -  1.00e+00 1.00e+00h  1
2961  1.9800044e+03 4.62e-04 1.76e-02  -4.0 3.54e-02    -  1.00e+00 1.00e+00h  1
2962  1.9800045e+03 2.76e-04 9.97e-03  -4.1 5.15e-02    -  1.00e+00 1.00e+00h  1
2963  1.9800044e+03 9.79e-05 5.27e-03  -4.1 2.39e-02    -  1.00e+00 1.00e+00h  1
2964  1.9800044e+03 2.54e-05 6.85e-03  -4.0 1.21e-02    -  1.00e+00 1.00e+00h  1
2965  1.9800044e+03 1.23e-05 6.02e-03  -4.0 4.53e-03    -  1.00e+00 1.00e+00h  1
2966  1.9800044e+03 3.67e-06 1.59e-03  -4.0 2.26e-03    -  1.00e+00 1.00e+00h  1
2967  1.9800044e+03 2.74e-07 6.40e-04  -4.0 8.25e-04    -  1.00e+00 1.00e+00h  1
2968  1.9800044e+03 3.73e-07 2.61e-03  -4.0 9.77e-04    -  1.00e+00 1.00e+00h  1
2969  1.9800044e+03 4.41e-07 1.54e-03  -4.0 8.77e-04    -  1.00e+00 1.00e+00h  1
iter    objective    inf_pr   inf_du lg(mu)  ||d||  lg(rg) alpha_du alpha_pr  ls
2970  1.9800044e+03 3.62e-06 2.48e-03  -4.1 2.86e-03    -  1.00e+00 1.00e+00h  1
2971  1.9800044e+03 2.26e-07 4.27e-02  -4.0 2.99e-02    -  1.00e+00 1.00e+00H  1
2972  1.9800044e+03 9.01e-05 8.92e-03  -4.0 1.88e-02    -  1.00e+00 1.00e+00h  1
2973  1.9800044e+03 2.80e-05 8.87e-03  -4.1 2.98e-02    -  1.00e+00 1.00e+00h  1
2974  1.9800044e+03 1.59e-05 5.08e-04  -4.1 2.39e-02    -  1.00e+00 1.00e+00h  1
2975  1.9800044e+03 4.89e-07 2.79e-03  -4.0 1.06e-03    -  1.00e+00 1.00e+00h  1
2976  1.9800044e+03 3.99e-06 2.54e-03  -4.0 3.96e-03    -  1.00e+00 1.00e+00h  1
2977  1.9800044e+03 2.22e-05 1.15e-01  -4.1 8.97e-02    -  1.00e+00 1.25e-01h  4
2978  1.9800044e+03 3.40e-05 1.02e-02  -4.0 1.34e-02    -  1.00e+00 1.00e+00h  1
2979  1.9800044e+03 7.95e-06 3.49e-03  -4.0 1.89e-02    -  1.00e+00 1.00e+00h  1
iter    objective    inf_pr   inf_du lg(mu)  ||d||  lg(rg) alpha_du alpha_pr  ls
2980  1.9800044e+03 9.91e-06 1.78e-03  -4.1 1.45e-02    -  1.00e+00 1.00e+00h  1
2981  1.9800044e+03 8.55e-07 1.34e-03  -4.0 7.05e-03    -  1.00e+00 1.00e+00h  1
2982  1.9800044e+03 5.40e-05 1.01e-02  -4.0 1.56e-02    -  1.00e+00 1.00e+00h  1
2983  1.9800044e+03 9.71e-05 1.83e-01  -4.0 1.14e-01    -  1.00e+00 1.25e-01h  4
2984  1.9800044e+03 2.40e-04 1.60e-02  -4.1 2.35e-02    -  1.00e+00 1.00e+00h  1
2985  1.9800044e+03 2.45e-04 9.45e-02  -4.0 9.50e-02    -  1.00e+00 2.50e-01h  3
2986  1.9800044e+03 1.31e-04 4.52e-03  -4.1 1.89e-02    -  1.00e+00 1.00e+00h  1
2987  1.9800044e+03 3.16e-05 1.55e-02  -4.0 4.08e-02    -  1.00e+00 1.00e+00h  1
2988  1.9800044e+03 2.48e-05 3.13e-03  -4.1 3.72e-02    -  1.00e+00 1.00e+00h  1
2989  1.9800044e+03 2.42e-06 4.12e-03  -4.0 3.70e-03    -  1.00e+00 1.00e+00h  1
iter    objective    inf_pr   inf_du lg(mu)  ||d||  lg(rg) alpha_du alpha_pr  ls
2990  1.9800044e+03 1.54e-06 2.12e-03  -4.0 3.11e-03    -  1.00e+00 1.00e+00h  1
2991  1.9800044e+03 1.27e-06 5.17e-03  -4.0 2.59e-03    -  1.00e+00 1.00e+00h  1
2992  1.9800044e+03 9.53e-07 1.38e-04  -4.0 2.27e-03    -  1.00e+00 1.00e+00h  1
2993  1.9800044e+03 5.93e-09 9.03e-05  -4.0 1.67e-04    -  1.00e+00 1.00e+00h  1
2994  1.9800044e+03 2.83e-11 2.78e-02  -4.0 3.55e-02    -  1.00e+00 1.00e+00H  1
2995  1.9800044e+03 1.93e-05 1.73e-01  -4.1 4.08e-02    -  1.00e+00 2.50e-01h  3
2996  1.9800044e+03 3.00e-04 7.49e-02  -4.1 6.80e-02    -  1.00e+00 5.00e-01h  2
2997  1.9800044e+03 3.03e-04 3.87e-01  -4.1 1.04e-01    -  1.00e+00 1.25e-01h  4
2998  1.9800044e+03 1.36e-04 6.92e-03  -4.1 2.38e-02    -  1.00e+00 1.00e+00h  1
2999  1.9800044e+03 1.57e-04 5.55e-02  -4.1 9.60e-02    -  1.00e+00 1.25e-01h  4
iter    objective    inf_pr   inf_du lg(mu)  ||d||  lg(rg) alpha_du alpha_pr  ls
3000  1.9800044e+03 1.24e-04 9.70e-02  -4.1 5.20e-02    -  1.00e+00 5.00e-01h  2
3001  1.9800044e+03 1.58e-05 2.27e-03  -4.1 1.77e-02    -  1.00e+00 1.00e+00h  1
3002  1.9800044e+03 1.29e-06 2.06e-03  -4.0 1.92e-03    -  1.00e+00 1.00e+00h  1
3003  1.9800044e+03 1.74e-07 3.74e-04  -4.0 7.59e-04    -  1.00e+00 1.00e+00h  1
3004  1.9800044e+03 1.78e-08 1.03e-04  -4.0 2.87e-04    -  1.00e+00 1.00e+00h  1
3005  1.9800044e+03 6.56e-07 1.95e-03  -4.0 1.82e-03    -  1.00e+00 1.00e+00h  1
3006  1.9800044e+03 1.35e-05 7.59e-03  -4.0 6.08e-03    -  1.00e+00 1.00e+00h  1
3007  1.9800044e+03 4.08e-06 8.91e-03  -4.0 6.19e-03    -  1.00e+00 1.00e+00h  1
3008  1.9800044e+03 9.34e-07 9.19e-04  -4.1 5.38e-03    -  1.00e+00 1.00e+00h  1
3009  1.9800044e+03 1.16e-07 6.35e-04  -4.0 7.47e-04    -  1.00e+00 1.00e+00h  1
iter    objective    inf_pr   inf_du lg(mu)  ||d||  lg(rg) alpha_du alpha_pr  ls
3010  1.9800044e+03 8.83e-05 1.21e-02  -4.0 2.18e-02    -  1.00e+00 1.00e+00h  1
3011  1.9800044e+03 5.92e-05 3.63e-02  -4.0 2.82e-02    -  1.00e+00 1.00e+00H  1
3012  1.9800044e+03 3.97e-05 3.66e-02  -4.1 5.05e-02    -  1.00e+00 1.00e+00H  1
3013  1.9800044e+03 4.61e-05 2.70e-01  -4.1 2.20e-01    -  1.00e+00 6.25e-02h  5
3014  1.9800044e+03 1.09e-04 1.17e-02  -4.1 3.73e-02    -  1.00e+00 1.00e+00h  1
3015  1.9800044e+03 9.87e-04 8.90e-03  -4.1 5.26e-02    -  1.00e+00 1.00e+00h  1
3016  1.9800044e+03 7.98e-04 7.87e-02  -4.1 8.05e-02    -  1.00e+00 2.50e-01h  3
3017  1.9800044e+03 6.18e-04 1.03e-02  -4.1 8.11e-02    -  1.00e+00 5.00e-01h  2
3018  1.9800044e+03 3.40e-04 6.95e-02  -4.1 6.98e-02    -  1.00e+00 5.00e-01h  2
3019  1.9800044e+03 1.22e-04 9.70e-03  -4.1 4.16e-02    -  1.00e+00 1.00e+00h  1
iter    objective    inf_pr   inf_du lg(mu)  ||d||  lg(rg) alpha_du alpha_pr  ls
3020  1.9800044e+03 2.97e-05 1.77e-02  -4.1 2.23e-02    -  1.00e+00 1.00e+00H  1
3021  1.9800044e+03 3.36e-05 7.34e-02  -4.0 4.41e-02    -  1.00e+00 5.00e-01h  2
3022  1.9800044e+03 6.06e-05 7.45e-03  -4.1 2.34e-02    -  1.00e+00 1.00e+00h  1
3023  1.9800045e+03 1.35e-05 1.90e-01  -4.1 3.20e-02    -  1.00e+00 7.80e-01H  1
3024  1.9800044e+03 2.61e-05 1.84e-02  -4.1 6.47e-02    -  1.00e+00 1.00e+00F  1
3025  1.9800044e+03 3.39e-05 5.22e-01  -4.1 1.23e-01    -  7.75e-01 2.50e-01h  3
3026  1.9800044e+03 2.39e-04 1.73e-02  -4.1 2.98e-02    -  1.00e+00 1.00e+00h  1
3027  1.9800044e+03 1.46e-04 9.89e-02  -4.1 3.42e-02    -  1.00e+00 5.00e-01h  2
3028  1.9800044e+03 3.74e-05 1.61e-03  -4.1 1.26e-02    -  1.00e+00 1.00e+00h  1
3029  1.9800045e+03 3.33e-05 3.46e-02  -4.0 5.18e-02    -  1.00e+00 1.00e+00H  1
iter    objective    inf_pr   inf_du lg(mu)  ||d||  lg(rg) alpha_du alpha_pr  ls
3030  1.9800044e+03 2.18e-05 2.45e-02  -4.1 5.65e-02    -  1.00e+00 1.00e+00h  1
3031  1.9800044e+03 3.08e-04 1.54e-02  -4.1 3.36e-02    -  1.00e+00 1.00e+00h  1
3032  1.9800044e+03 1.47e-04 4.10e-03  -4.1 3.12e-02    -  1.00e+00 1.00e+00h  1
3033  1.9800044e+03 1.01e-05 9.97e-03  -4.1 3.25e-02    -  1.00e+00 1.00e+00h  1
3034  1.9800044e+03 2.03e-05 4.05e-03  -4.1 1.38e-02    -  1.00e+00 1.00e+00h  1
3035  1.9800044e+03 1.50e-05 4.65e-02  -4.0 2.08e-02    -  1.00e+00 5.00e-01h  2
3036  1.9800044e+03 5.70e-06 2.48e-03  -4.0 6.83e-03    -  1.00e+00 1.00e+00h  1
3037  1.9800044e+03 3.33e-07 1.55e-03  -4.0 1.69e-03    -  1.00e+00 1.00e+00h  1
3038  1.9800044e+03 5.09e-08 6.72e-04  -4.0 9.21e-04    -  1.00e+00 1.00e+00h  1
3039  1.9800044e+03 7.76e-09 1.37e-04  -4.0 2.53e-04    -  1.00e+00 1.00e+00h  1
iter    objective    inf_pr   inf_du lg(mu)  ||d||  lg(rg) alpha_du alpha_pr  ls
3040  1.9800044e+03 4.69e-10 5.26e-05  -4.0 5.55e-05    -  1.00e+00 1.00e+00h  1
3041  1.9800044e+03 8.67e-09 1.84e-04  -4.0 2.94e-04    -  1.00e+00 1.00e+00h  1
3042  1.9800044e+03 1.80e-09 2.33e-03  -4.0 3.38e-03    -  1.00e+00 1.00e+00H  1
3043  1.9800044e+03 2.97e-07 1.99e-03  -4.1 3.96e-03    -  1.00e+00 1.00e+00h  1
3044  1.9800044e+03 1.79e-07 1.52e-03  -4.0 4.72e-03    -  1.00e+00 1.00e+00h  1
3045  1.9800044e+03 7.89e-08 5.28e-04  -4.1 3.89e-03    -  1.00e+00 1.00e+00h  1
3046  1.9800044e+03 3.37e-10 7.42e-04  -4.0 1.02e-03    -  1.00e+00 1.00e+00H  1
3047  1.9800044e+03 3.17e-11 1.26e-02  -4.0 1.97e-02    -  1.00e+00 1.00e+00H  1
3048  1.9800044e+03 2.76e-06 2.44e-01  -4.1 4.94e-02    -  1.00e+00 1.25e-01h  4
3049  1.9800044e+03 4.52e-05 9.37e-03  -4.1 1.48e-02    -  1.00e+00 1.00e+00h  1
iter    objective    inf_pr   inf_du lg(mu)  ||d||  lg(rg) alpha_du alpha_pr  ls
3050  1.9800044e+03 3.49e-06 2.00e-03  -4.0 5.79e-03    -  1.00e+00 1.00e+00h  1
3051  1.9800044e+03 3.77e-06 3.93e-03  -4.1 7.35e-03    -  1.00e+00 1.00e+00h  1
3052  1.9800044e+03 2.71e-06 4.41e-03  -4.0 2.93e-02    -  1.00e+00 1.00e+00h  1
3053  1.9800044e+03 5.82e-06 4.30e-04  -4.1 2.77e-02    -  1.00e+00 1.00e+00h  1
3054  1.9800044e+03 9.26e-07 6.16e-03  -4.0 2.68e-03    -  1.00e+00 1.00e+00h  1
3055  1.9800044e+03 5.48e-07 6.95e-04  -4.1 2.34e-03    -  1.00e+00 1.00e+00h  1
3056  1.9800044e+03 1.88e-07 1.23e-03  -4.0 1.29e-03    -  1.00e+00 1.00e+00h  1
3057  1.9800044e+03 9.09e-08 6.01e-03  -4.0 3.71e-03    -  1.00e+00 1.00e+00H  1
3058  1.9800044e+03 1.38e-06 4.38e-04  -4.0 2.88e-03    -  1.00e+00 1.00e+00h  1
3059  1.9800044e+03 1.09e-08 3.67e-04  -4.1 1.65e-03    -  1.00e+00 1.00e+00h  1
iter    objective    inf_pr   inf_du lg(mu)  ||d||  lg(rg) alpha_du alpha_pr  ls
3060  1.9800044e+03 4.71e-08 7.11e-04  -4.0 1.27e-03    -  1.00e+00 1.00e+00h  1
3061  1.9800044e+03 1.18e-09 2.27e-03  -4.0 5.21e-03    -  1.00e+00 1.00e+00H  1
3062  1.9800044e+03 1.16e-05 7.95e-03  -4.0 9.34e-03    -  1.00e+00 1.00e+00h  1
3063  1.9800044e+03 1.26e-05 1.97e-01  -4.1 1.18e-01    -  1.00e+00 3.12e-02h  6
3064  1.9800044e+03 1.21e-05 2.33e-01  -4.1 6.30e-02    -  1.00e+00 6.25e-02h  5
3065  1.9800044e+03 3.77e-07 7.12e-03  -4.1 1.75e-02    -  1.00e+00 1.00e+00H  1
3066  1.9800044e+03 1.30e-07 4.27e-02  -4.1 3.11e-02    -  1.00e+00 1.00e+00H  1
3067  1.9800044e+03 3.12e-07 1.17e-01  -4.1 4.47e-02    -  1.00e+00 3.12e-02h  6
3068  1.9800044e+03 5.86e-07 8.14e-01  -4.1 3.28e-01    -  1.00e+00 3.91e-03h  9
3069  1.9800044e+03 7.29e-07 3.80e-02  -4.1 1.87e-01    -  1.00e+00 7.81e-03h  8
iter    objective    inf_pr   inf_du lg(mu)  ||d||  lg(rg) alpha_du alpha_pr  ls
3070  1.9800044e+03 1.56e-05 7.11e-03  -4.1 3.94e-02    -  1.00e+00 1.00e+00H  1
3071  1.9800044e+03 1.75e-05 6.04e-01  -4.1 2.81e-01    -  1.00e+00 6.25e-02h  5
3072  1.9800044e+03 5.69e-05 3.06e-02  -4.1 2.95e-02    -  1.00e+00 5.00e-01h  2
3073  1.9800044e+03 3.03e-05 5.89e-03  -4.1 1.50e-02    -  1.00e+00 1.00e+00h  1
3074  1.9800044e+03 1.71e-05 4.10e-01  -4.0 4.91e-02    -  1.00e+00 6.22e-01H  1
3075  1.9800046e+03 3.38e-04 2.89e-02  -4.1 8.03e-02    -  1.00e+00 1.00e+00h  1
3076  1.9800046e+03 3.05e-04 5.11e-01  -4.1 3.92e-01    -  1.00e+00 2.50e-01h  3
3077  1.9800046e+03 3.82e-04 3.37e-02  -4.1 1.18e-01    -  1.00e+00 1.00e+00h  1
3078  1.9800044e+03 2.24e-04 1.61e-02  -4.1 1.07e-01    -  1.00e+00 1.00e+00h  1
3079  1.9800044e+03 6.75e-06 4.85e-03  -4.1 3.40e-02    -  1.00e+00 1.00e+00h  1
iter    objective    inf_pr   inf_du lg(mu)  ||d||  lg(rg) alpha_du alpha_pr  ls
3080  1.9800044e+03 9.31e-05 3.65e-02  -4.1 1.27e-02    -  1.00e+00 1.00e+00h  1
3081  1.9800044e+03 4.01e-05 2.81e-03  -4.0 8.27e-03    -  1.00e+00 1.00e+00h  1
3082  1.9800044e+03 1.05e-05 1.04e-02  -4.0 3.52e-03    -  1.00e+00 1.00e+00h  1
3083  1.9800044e+03 1.44e-05 1.25e-02  -4.0 5.31e-03    -  1.00e+00 1.00e+00h  1
3084  1.9800044e+03 6.20e-06 2.88e-03  -4.0 4.59e-03    -  1.00e+00 1.00e+00h  1
3085  1.9800044e+03 4.08e-07 1.18e-03  -4.0 1.08e-03    -  1.00e+00 1.00e+00h  1
3086  1.9800044e+03 4.09e-08 5.54e-04  -4.0 1.13e-03    -  1.00e+00 1.00e+00h  1
3087  1.9800044e+03 1.81e-11 7.76e-04  -4.0 4.08e-04    -  1.00e+00 1.00e+00H  1
3088  1.9800044e+03 1.89e-06 4.23e-03  -4.0 2.94e-03    -  1.00e+00 1.00e+00h  1
3089  1.9800044e+03 1.33e-07 8.64e-03  -4.0 6.79e-03    -  1.00e+00 1.00e+00H  1
iter    objective    inf_pr   inf_du lg(mu)  ||d||  lg(rg) alpha_du alpha_pr  ls
3090  1.9800044e+03 1.78e-06 3.39e-03  -4.1 5.93e-03    -  1.00e+00 1.00e+00h  1
3091  1.9800044e+03 7.28e-07 1.16e-03  -4.1 3.76e-03    -  1.00e+00 1.00e+00h  1
3092  1.9800044e+03 1.64e-07 9.11e-04  -4.0 2.54e-03    -  1.00e+00 1.00e+00h  1
3093  1.9800044e+03 1.14e-07 1.36e-02  -4.0 1.68e-02    -  1.00e+00 1.00e+00H  1
3094  1.9800044e+03 6.81e-06 4.01e-03  -4.1 1.49e-02    -  1.00e+00 1.00e+00h  1
3095  1.9800044e+03 1.30e-05 2.33e-02  -4.0 7.28e-03    -  1.00e+00 1.00e+00h  1
3096  1.9800044e+03 6.67e-06 4.00e-03  -4.1 3.97e-03    -  1.00e+00 1.00e+00h  1
3097  1.9800044e+03 2.10e-06 2.48e-03  -4.0 7.02e-03    -  1.00e+00 1.00e+00h  1
3098  1.9800044e+03 3.12e-07 8.53e-04  -4.0 4.26e-03    -  1.00e+00 1.00e+00h  1
3099  1.9800044e+03 1.58e-08 2.81e-04  -4.0 2.88e-04    -  1.00e+00 1.00e+00h  1
iter    objective    inf_pr   inf_du lg(mu)  ||d||  lg(rg) alpha_du alpha_pr  ls
3100  1.9800044e+03 1.16e-06 4.82e-03  -4.0 3.08e-03    -  1.00e+00 1.00e+00h  1
3101  1.9800044e+03 2.79e-07 3.70e-02  -4.1 3.23e-02    -  1.00e+00 1.00e+00H  1
3102  1.9800044e+03 2.88e-07 7.50e-02  -4.1 6.28e-02    -  1.00e+00 6.25e-02h  5
3103  1.9800044e+03 5.28e-05 2.52e-01  -4.1 1.39e-01    -  1.00e+00 1.25e-01h  4
3104  1.9800044e+03 4.53e-05 3.37e-01  -4.1 1.85e-01    -  1.00e+00 1.25e-01h  4
3105  1.9800044e+03 2.80e-07 6.39e-02  -4.1 6.04e-02    -  1.00e+00 1.00e+00H  1
3106  1.9800044e+03 2.89e-07 3.41e-01  -4.1 6.73e-01    -  1.00e+00 2.44e-04h 13
3107  1.9800044e+03 6.61e-04 1.36e-02  -4.1 4.31e-02    -  1.00e+00 1.00e+00h  1
3108  1.9800044e+03 6.77e-04 4.43e-01  -4.1 3.79e-01    -  1.00e+00 1.25e-01h  4
3109  1.9800044e+03 6.68e-04 1.45e-01  -4.1 1.13e+00    -  1.00e+00 1.44e-02h  6
iter    objective    inf_pr   inf_du lg(mu)  ||d||  lg(rg) alpha_du alpha_pr  ls
3110  1.9800044e+03 2.37e-04 8.39e-03  -4.1 3.27e-02    -  1.00e+00 1.00e+00h  1
3111  1.9800045e+03 8.69e-05 1.16e-01  -4.0 2.44e-01    -  1.00e+00 1.00e+00H  1
3112  1.9800044e+03 3.10e-03 1.49e-01  -4.1 1.07e+01    -  1.00e+00 3.12e-02h  6
3113  1.9800044e+03 6.01e-03 2.10e-01  -4.1 4.90e+01    -  5.74e-01 7.68e-03h  7
3114  1.9800044e+03 5.92e-03 2.69e-01  -4.1 3.95e+01    -  3.58e-01 6.43e-03h  7
3115  1.9800044e+03 5.79e-03 6.09e-01  -4.1 2.95e+01    -  5.60e-01 6.50e-03h  7
3116  1.9800044e+03 5.75e-03 8.69e-01  -4.1 1.02e+01    -  5.12e-01 4.87e-03h  8
3117  1.9800044e+03 5.59e-03 4.40e-01  -3.7 3.68e+00    -  1.00e+00 6.25e-02h  5
3118  1.9800044e+03 6.04e-03 9.83e-01  -3.8 8.42e+00    -  5.43e-01 2.10e-02h  6
3119  1.9800044e+03 5.86e-03 9.85e-01  -3.8 3.43e+00    -  1.97e-01 2.88e-02h  6
iter    objective    inf_pr   inf_du lg(mu)  ||d||  lg(rg) alpha_du alpha_pr  ls
3120  1.9800044e+03 5.38e-03 3.62e-01  -3.8 1.03e+00    -  1.00e+00 8.45e-02H  1
3121  1.9800044e+03 5.51e-03 4.01e-01  -3.8 9.37e+00    -  1.00e+00 1.56e-02h  7
3122  1.9800047e+03 2.36e-02 8.81e-01  -3.5 1.36e+01    -  9.92e-01 6.25e-02h  5
3123  1.9800047e+03 2.37e-02 1.63e-01  -3.6 2.97e+01    -  1.94e-02 1.21e-04H  1
3124  1.9800061e+03 2.08e-02 3.97e-01  -3.6 2.78e+00    -  5.70e-01 1.09e-01f  4
3125  1.9800048e+03 1.23e-02 7.59e-02  -3.6 4.64e-01    -  1.00e+00 1.00e+00h  1
3126  1.9800044e+03 1.36e-02 3.26e-01  -3.6 9.28e+00    -  2.71e-01 4.35e-02h  4
3127  1.9800044e+03 1.29e-02 4.10e-01  -3.6 4.32e+00    -  4.40e-01 6.25e-02h  5
3128  1.9800044e+03 1.61e-02 1.24e-01  -3.6 7.52e+00    -  1.00e+00 3.04e-02h  6
3129  1.9800044e+03 1.56e-02 5.32e-02  -3.6 1.38e+00    -  1.00e+00 1.25e-01h  4
iter    objective    inf_pr   inf_du lg(mu)  ||d||  lg(rg) alpha_du alpha_pr  ls
3130  1.9800044e+03 1.20e-02 2.57e-01  -3.6 9.17e-01    -  1.00e+00 2.50e-01h  3
3131  1.9800044e+03 1.39e-02 2.61e-01  -3.6 5.34e+00    -  5.89e-01 4.06e-02h  5
3132  1.9800044e+03 1.34e-02 1.06e-01  -3.6 3.68e+00    -  9.71e-01 3.12e-02h  6
3133  1.9800044e+03 1.35e-02 1.34e-01  -3.6 3.86e+00    -  1.00e+00 3.09e-02h  6
3134  1.9800044e+03 1.36e-02 2.30e-01  -4.0 2.67e+00    -  9.97e-01 6.25e-02h  5
3135  1.9800045e+03 1.38e-02 2.46e-01  -4.1 2.69e+00    -  6.30e-01 5.35e-02h  5
3136  1.9800044e+03 1.41e-02 1.52e-01  -4.1 5.36e+00    -  4.94e-01 3.41e-02h  4
3137  1.9800050e+03 1.87e-02 9.65e-02  -4.1 4.94e-01    -  1.00e+00 3.88e-01h  2
3138  1.9800047e+03 1.36e-02 3.48e-02  -4.1 3.46e-01    -  1.00e+00 1.00e+00h  1
3139  1.9800045e+03 1.54e-02 7.59e-02  -4.1 8.98e+00    -  2.75e-01 1.85e-02h  5
iter    objective    inf_pr   inf_du lg(mu)  ||d||  lg(rg) alpha_du alpha_pr  ls
3140  1.9800044e+03 1.54e-02 1.46e-01  -4.1 3.88e+00    -  4.77e-01 5.40e-02h  5
3141  1.9800046e+03 1.61e-02 3.59e-02  -4.1 3.01e+00    -  1.00e+00 5.71e-02h  5
3142  1.9800045e+03 3.08e-03 1.50e-02  -4.1 1.48e-01    -  1.00e+00 1.00e+00h  1
3143  1.9800044e+03 3.27e-03 6.40e-02  -4.1 1.80e+00    -  5.16e-01 3.68e-02h  5
3144  1.9800044e+03 2.79e-03 7.18e-02  -3.7 5.55e-01    -  1.00e+00 1.25e-01h  4
3145  1.9800043e+03 2.93e-03 3.15e-02  -4.0 4.43e-01    -  1.00e+00 2.50e-01h  3
3146  1.9800045e+03 1.38e-03 1.15e-02  -4.0 1.80e-01    -  1.00e+00 5.56e-01H  1
3147  1.9800043e+03 5.77e-04 3.74e-03  -4.1 7.03e-02    -  1.00e+00 1.00e+00h  1
3148  1.9800044e+03 9.35e-05 1.65e-02  -4.0 9.35e-02    -  1.00e+00 8.62e-01H  1
3149  1.9800043e+03 1.40e-04 9.31e-03  -4.1 6.73e-02    -  1.00e+00 1.00e+00h  1
iter    objective    inf_pr   inf_du lg(mu)  ||d||  lg(rg) alpha_du alpha_pr  ls
3150  1.9800043e+03 7.04e-05 2.68e-02  -4.0 3.13e-02    -  1.00e+00 1.00e+00H  1
3151  1.9800043e+03 6.24e-05 3.77e-03  -4.0 1.18e-02    -  1.00e+00 1.00e+00h  1
3152  1.9800043e+03 2.13e-05 1.22e-02  -4.0 7.30e-03    -  1.00e+00 1.00e+00h  1
3153  1.9800043e+03 1.97e-05 8.34e-03  -4.0 6.20e-03    -  1.00e+00 1.00e+00h  1
3154  1.9800043e+03 5.02e-06 5.49e-03  -4.0 2.96e-03    -  1.00e+00 1.00e+00h  1
3155  1.9800043e+03 1.46e-06 3.25e-03  -4.0 2.72e-03    -  1.00e+00 1.00e+00h  1
3156  1.9800043e+03 3.55e-07 8.47e-04  -4.0 7.09e-04    -  1.00e+00 1.00e+00h  1
3157  1.9800043e+03 4.85e-08 2.87e-04  -4.0 4.08e-04    -  1.00e+00 1.00e+00h  1
3158  1.9800043e+03 3.30e-08 3.02e-04  -4.0 4.75e-04    -  1.00e+00 1.00e+00h  1
3159  1.9800043e+03 2.82e-05 6.73e-03  -4.0 1.05e-02    -  1.00e+00 1.00e+00h  1
iter    objective    inf_pr   inf_du lg(mu)  ||d||  lg(rg) alpha_du alpha_pr  ls
3160  1.9800043e+03 8.30e-06 5.09e-02  -4.1 6.77e-02    -  1.00e+00 1.00e+00H  1
3161  1.9800043e+03 9.69e-04 8.84e-03  -4.1 5.91e-02    -  1.00e+00 1.00e+00h  1
3162  1.9800053e+03 4.02e-06 1.15e-01  -4.1 1.58e-01    -  1.00e+00 1.00e+00H  1
3163  1.9800043e+03 3.15e-03 5.09e-02  -4.1 1.50e-01    -  1.00e+00 1.00e+00h  1
3164  1.9800043e+03 3.05e-04 2.39e-02  -4.1 3.51e-02    -  1.00e+00 1.00e+00h  1
3165  1.9800043e+03 5.44e-04 2.09e-02  -4.1 4.77e-02    -  1.00e+00 1.00e+00h  1
3166  1.9800044e+03 3.76e-03 1.31e-02  -4.1 1.21e-01    -  1.00e+00 1.00e+00h  1
3167  1.9800044e+03 3.29e-03 1.38e-02  -4.1 1.52e-01    -  1.00e+00 5.00e-01h  2
3168  1.9800043e+03 3.99e-03 6.45e-03  -4.1 1.95e-01    -  1.00e+00 5.00e-01h  2
3169  1.9800043e+03 7.48e-03 5.85e-02  -4.1 5.32e-01    -  1.00e+00 2.50e-01h  3
iter    objective    inf_pr   inf_du lg(mu)  ||d||  lg(rg) alpha_du alpha_pr  ls
3170  1.9800043e+03 2.84e-03 4.47e-03  -4.1 1.02e-01    -  1.00e+00 1.00e+00h  1
3171  1.9800043e+03 2.65e-03 1.29e-02  -4.0 2.57e-01    -  1.00e+00 1.25e-01h  4
3172  1.9800043e+03 2.10e-04 2.14e-02  -4.1 2.76e-02    -  1.00e+00 1.00e+00h  1
3173  1.9800043e+03 3.65e-04 8.47e-03  -4.1 3.87e-02    -  1.00e+00 1.00e+00h  1
3174  1.9800043e+03 1.84e-04 2.14e-02  -4.1 4.34e-02    -  1.00e+00 1.00e+00h  1
3175  1.9800043e+03 3.94e-05 8.07e-03  -4.1 3.19e-02    -  1.00e+00 1.00e+00h  1
3176  1.9800043e+03 1.24e-05 8.18e-03  -4.0 1.83e-02    -  1.00e+00 1.00e+00H  1
3177  1.9800043e+03 2.01e-05 1.08e-02  -4.1 8.73e-03    -  1.00e+00 1.00e+00h  1
3178  1.9800043e+03 3.26e-05 8.41e-03  -4.1 1.10e-02    -  1.00e+00 1.00e+00h  1
3179  1.9800043e+03 5.35e-06 2.86e-03  -4.1 3.84e-03    -  1.00e+00 1.00e+00h  1
iter    objective    inf_pr   inf_du lg(mu)  ||d||  lg(rg) alpha_du alpha_pr  ls
3180  1.9800043e+03 2.96e-08 2.40e-03  -4.0 4.15e-03    -  1.00e+00 1.00e+00H  1
3181  1.9800043e+03 8.31e-07 2.66e-03  -4.0 4.71e-03    -  1.00e+00 1.00e+00h  1
3182  1.9800043e+03 3.67e-07 5.21e-04  -4.1 3.90e-03    -  1.00e+00 1.00e+00h  1
3183  1.9800043e+03 5.90e-08 4.49e-04  -4.0 8.57e-04    -  1.00e+00 1.00e+00h  1
3184  1.9800043e+03 7.43e-07 1.92e-03  -4.1 1.88e-03    -  1.00e+00 1.00e+00h  1
3185  1.9800043e+03 1.50e-07 7.77e-04  -4.0 2.37e-03    -  1.00e+00 1.00e+00h  1
3186  1.9800043e+03 1.85e-11 2.80e-04  -4.0 5.31e-04    -  1.00e+00 1.00e+00H  1
3187  1.9800043e+03 1.21e-05 1.01e-02  -4.0 2.93e-02    -  1.00e+00 2.50e-01h  3
3188  1.9800043e+03 1.20e-06 1.41e-02  -4.1 2.52e-02    -  1.00e+00 1.00e+00H  1
3189  1.9800043e+03 3.14e-05 6.07e-03  -4.1 2.30e-02    -  1.00e+00 1.00e+00h  1
iter    objective    inf_pr   inf_du lg(mu)  ||d||  lg(rg) alpha_du alpha_pr  ls
3190  1.9800043e+03 2.38e-05 1.36e-01  -4.1 4.71e-02    -  1.00e+00 2.50e-01h  3
3191  1.9800043e+03 2.93e-06 7.22e-04  -4.1 8.42e-03    -  1.00e+00 1.00e+00h  1
3192  1.9800043e+03 3.08e-08 4.26e-03  -4.0 4.71e-03    -  1.00e+00 1.00e+00H  1
3193  1.9800043e+03 1.57e-05 1.58e-02  -4.0 1.78e-02    -  1.00e+00 5.00e-01h  2
3194  1.9800043e+03 6.34e-06 3.92e-02  -4.1 3.07e-02    -  1.00e+00 1.00e+00H  1
3195  1.9800043e+03 6.43e-06 4.44e-01  -4.1 6.42e-02    -  1.00e+00 6.25e-02h  5
3196  1.9800043e+03 1.89e-05 3.03e-01  -4.1 2.71e-01    -  1.00e+00 3.12e-02h  6
3197  1.9800043e+03 1.26e-03 1.34e-02  -4.1 7.43e-02    -  1.00e+00 1.00e+00h  1
3198  1.9800043e+03 1.15e-03 1.17e-01  -4.1 1.20e-01    -  1.00e+00 1.25e-01h  4
3199  1.9800043e+03 2.73e-03 3.95e-02  -4.1 1.17e-01    -  1.00e+00 1.00e+00h  1
iter    objective    inf_pr   inf_du lg(mu)  ||d||  lg(rg) alpha_du alpha_pr  ls
3200  1.9800043e+03 2.62e-03 2.41e-01  -4.1 4.14e-01    -  1.00e+00 6.25e-02h  5
3201  1.9800043e+03 2.49e-03 2.06e-02  -4.1 1.23e-01    -  1.00e+00 1.00e+00h  1
3202  1.9800043e+03 2.33e-03 1.81e-01  -4.1 5.36e-01    -  1.00e+00 6.25e-02h  5
3203  1.9800044e+03 1.54e-03 7.31e-02  -4.1 8.20e-02    -  1.00e+00 5.00e-01h  2
3204  1.9800043e+03 1.50e-03 2.86e-02  -4.1 1.50e-01    -  1.00e+00 5.00e-01h  2
3205  1.9800043e+03 1.33e-03 2.52e-01  -4.1 3.50e-01    -  9.85e-01 1.25e-01h  4
3206  1.9800043e+03 7.12e-04 6.80e-03  -4.1 5.34e-02    -  1.00e+00 5.00e-01h  2
3207  1.9800043e+03 6.45e-04 1.31e-01  -4.1 2.22e-01    -  1.00e+00 1.25e-01h  4
3208  1.9800047e+03 4.49e-04 2.67e-02  -4.0 1.09e-01    -  1.00e+00 1.00e+00h  1
3209  1.9800043e+03 5.64e-04 9.05e-03  -4.1 1.14e-01    -  1.00e+00 1.00e+00h  1
iter    objective    inf_pr   inf_du lg(mu)  ||d||  lg(rg) alpha_du alpha_pr  ls
3210  1.9800043e+03 1.50e-04 2.11e-02  -4.1 2.31e-02    -  1.00e+00 1.00e+00h  1
3211  1.9800043e+03 1.28e-04 1.30e-03  -4.1 1.56e-02    -  1.00e+00 1.00e+00h  1
3212  1.9800043e+03 3.81e-06 1.93e-03  -4.0 4.44e-03    -  1.00e+00 1.00e+00h  1
3213  1.9800043e+03 7.06e-07 2.87e-02  -4.0 3.31e-02    -  1.00e+00 1.00e+00H  1
3214  1.9800043e+03 3.02e-04 1.87e-02  -4.1 4.03e-02    -  1.00e+00 1.00e+00h  1
3215  1.9800043e+03 1.83e-04 1.12e-02  -4.1 2.66e-02    -  1.00e+00 1.00e+00h  1
3216  1.9800043e+03 7.15e-05 1.14e-01  -4.1 6.53e-02    -  1.00e+00 5.00e-01h  2
3217  1.9800043e+03 2.16e-04 5.51e-03  -4.1 3.30e-02    -  1.00e+00 1.00e+00h  1
3218  1.9800043e+03 2.45e-05 1.83e-02  -4.1 2.85e-02    -  1.00e+00 1.00e+00H  1
3219  1.9800043e+03 4.51e-05 6.18e-02  -4.1 4.22e-02    -  1.00e+00 5.00e-01h  2
iter    objective    inf_pr   inf_du lg(mu)  ||d||  lg(rg) alpha_du alpha_pr  ls
3220  1.9800043e+03 7.55e-05 1.00e-02  -4.1 2.92e-02    -  1.00e+00 1.00e+00H  1
3221  1.9800043e+03 7.98e-05 2.00e-01  -4.1 1.69e-01    -  1.00e+00 3.12e-02h  6
3222  1.9800043e+03 7.96e-05 4.02e-02  -4.1 5.15e-02    -  1.00e+00 1.25e-01h  4
3223  1.9800043e+03 4.25e-05 4.29e-02  -4.1 5.27e-02    -  1.00e+00 5.00e-01h  2
3224  1.9800043e+03 2.45e-06 1.41e-03  -4.1 1.47e-02    -  1.00e+00 1.00e+00h  1
3225  1.9800043e+03 9.90e-07 2.06e-03  -4.0 1.69e-03    -  1.00e+00 1.00e+00h  1
3226  1.9800043e+03 2.24e-06 6.85e-03  -4.0 2.66e-03    -  1.00e+00 1.00e+00h  1
3227  1.9800043e+03 8.58e-07 9.78e-04  -4.1 1.98e-03    -  1.00e+00 1.00e+00h  1
3228  1.9800043e+03 4.75e-08 2.24e-04  -4.0 2.65e-04    -  1.00e+00 1.00e+00h  1
3229  1.9800043e+03 2.39e-09 1.55e-05  -4.0 8.44e-05    -  1.00e+00 1.00e+00h  1
iter    objective    inf_pr   inf_du lg(mu)  ||d||  lg(rg) alpha_du alpha_pr  ls
3230  1.9800043e+03 4.84e-10 7.33e-05  -4.0 1.16e-04    -  1.00e+00 1.00e+00h  1
3231  1.9800043e+03 9.26e-10 5.58e-03  -4.0 7.83e-03    -  1.00e+00 1.00e+00H  1
3232  1.9800043e+03 3.31e-06 5.92e-03  -4.1 7.55e-03    -  1.00e+00 1.00e+00h  1
3233  1.9800043e+03 3.66e-06 4.46e-03  -4.1 4.44e-03    -  1.00e+00 1.00e+00h  1
3234  1.9800043e+03 1.82e-06 1.40e-03  -4.1 8.01e-03    -  1.00e+00 1.00e+00h  1
3235  1.9800043e+03 4.83e-07 7.36e-04  -4.0 3.52e-03    -  1.00e+00 1.00e+00h  1
3236  1.9800044e+03 1.20e-07 1.27e-01  -4.0 2.06e-01    -  1.00e+00 1.00e+00H  1
3237  1.9800043e+03 1.48e-03 1.06e-01  -4.1 1.90e-01    -  1.00e+00 5.00e-01h  2
3238  1.9800043e+03 2.05e-03 4.73e-01  -4.1 1.47e-01    -  1.00e+00 5.00e-01h  2
3239  1.9800043e+03 1.77e-03 6.87e-01  -4.1 3.40e-01    -  1.00e+00 2.50e-01h  3
iter    objective    inf_pr   inf_du lg(mu)  ||d||  lg(rg) alpha_du alpha_pr  ls
3240  1.9800044e+03 2.28e-03 4.22e-01  -4.1 8.17e-01    -  1.00e+00 2.50e-01h  3
3241  1.9800044e+03 2.45e-03 2.93e-01  -4.1 1.25e+00    -  1.00e+00 6.25e-02h  5
3242  1.9800043e+03 3.31e-03 3.39e-01  -4.1 3.40e+00    -  3.56e-01 2.59e-02h  5
3243  1.9800044e+03 3.48e-03 5.04e-01  -4.1 3.86e-01    -  9.21e-01 1.25e-01h  4
3244  1.9800043e+03 1.89e-03 1.47e-01  -4.1 9.75e-02    -  1.00e+00 5.00e-01h  2
3245  1.9800043e+03 1.70e-03 1.79e-01  -4.0 3.46e-01    -  1.00e+00 1.25e-01h  4
3246  1.9800047e+03 1.75e-03 9.48e-02  -4.1 2.05e-01    -  1.00e+00 5.00e-01h  2
3247  1.9800044e+03 2.84e-03 3.70e-02  -4.1 1.39e-01    -  1.00e+00 1.00e+00H  1
3248  1.9800051e+03 3.32e-03 1.21e-01  -4.1 1.66e-01    -  7.10e-01 1.00e+00h  1
3249  1.9800043e+03 1.21e-03 5.28e-02  -4.1 1.27e-01    -  1.00e+00 1.00e+00h  1
iter    objective    inf_pr   inf_du lg(mu)  ||d||  lg(rg) alpha_du alpha_pr  ls
3250  1.9800043e+03 2.51e-04 4.97e-03  -4.1 2.38e-02    -  1.00e+00 1.00e+00h  1
3251  1.9800043e+03 1.03e-04 5.46e-03  -4.0 4.61e-02    -  1.00e+00 1.00e+00h  1
3252  1.9800043e+03 7.69e-05 6.90e-03  -4.1 4.17e-02    -  1.00e+00 1.00e+00h  1
3253  1.9800043e+03 3.50e-05 2.14e-02  -4.0 1.25e-02    -  1.00e+00 1.00e+00H  1
3254  1.9800043e+03 4.04e-05 8.40e-03  -4.0 1.51e-02    -  1.00e+00 1.00e+00h  1
3255  1.9800043e+03 8.55e-05 2.21e-02  -4.0 1.64e-02    -  1.00e+00 1.00e+00h  1
3256  1.9800043e+03 3.87e-05 1.50e-03  -4.1 1.72e-02    -  1.00e+00 1.00e+00h  1
3257  1.9800043e+03 1.29e-06 1.38e-03  -4.0 1.80e-03    -  1.00e+00 1.00e+00h  1
3258  1.9800043e+03 1.15e-06 1.87e-03  -4.0 1.26e-03    -  1.00e+00 1.00e+00h  1
3259  1.9800043e+03 3.72e-06 3.15e-03  -4.0 3.55e-03    -  1.00e+00 1.00e+00h  1
iter    objective    inf_pr   inf_du lg(mu)  ||d||  lg(rg) alpha_du alpha_pr  ls
3260  1.9800043e+03 1.40e-05 4.52e-01  -4.1 5.10e-02    -  1.00e+00 2.50e-01h  3
3261  1.9800043e+03 3.91e-05 1.04e-01  -4.1 5.37e-02    -  1.00e+00 2.50e-01h  3
3262  1.9800043e+03 5.44e-05 9.26e-03  -4.1 1.18e-02    -  1.00e+00 1.00e+00h  1
3263  1.9800043e+03 2.81e-05 4.03e-02  -4.1 3.73e-02    -  1.00e+00 5.00e-01h  2
3264  1.9800043e+03 1.44e-06 1.61e-03  -4.1 1.17e-02    -  1.00e+00 1.00e+00h  1
3265  1.9800043e+03 1.33e-08 2.46e-03  -4.1 2.81e-03    -  1.00e+00 1.00e+00H  1
3266  1.9800043e+03 6.80e-05 6.63e-02  -4.0 4.68e-02    -  1.00e+00 5.00e-01h  2
3267  1.9800043e+03 5.20e-05 1.24e-01  -4.1 6.70e-02    -  1.00e+00 1.00e+00H  1
3268  1.9800043e+03 4.81e-05 8.85e-02  -4.1 5.76e-02    -  1.00e+00 1.00e+00H  1
3269  1.9800043e+03 1.16e-04 3.16e-01  -4.1 8.16e-02    -  1.00e+00 2.50e-01h  3
iter    objective    inf_pr   inf_du lg(mu)  ||d||  lg(rg) alpha_du alpha_pr  ls
3270  1.9800043e+03 1.31e-04 8.21e-01  -4.1 4.60e-01    -  6.86e-01 3.12e-02h  6
3271  1.9800043e+03 9.89e-05 4.50e-02  -4.1 3.56e-02    -  1.00e+00 1.00e+00h  1
3272  1.9800043e+03 8.13e-06 3.39e-02  -4.1 5.72e-02    -  1.00e+00 1.00e+00H  1
3273  1.9800043e+03 5.91e-05 4.39e-01  -4.1 6.64e-02    -  1.00e+00 2.50e-01h  3
3274  1.9800043e+03 6.03e-05 2.68e-02  -4.1 1.37e-02    -  1.00e+00 1.00e+00h  1
3275  1.9800043e+03 1.77e-04 6.92e-02  -4.1 1.11e-01    -  1.00e+00 2.50e-01h  3
3276  1.9800043e+03 1.44e-04 4.95e-02  -4.1 1.93e-01    -  1.00e+00 1.25e-01h  4
3277  1.9800043e+03 1.07e-04 1.39e-01  -4.1 2.13e-02    -  1.00e+00 2.50e-01h  3
3278  1.9800043e+03 8.25e-05 1.60e-01  -4.1 5.22e-02    -  1.00e+00 2.50e-01h  3
3279  1.9800043e+03 1.09e-05 3.50e-03  -4.1 5.37e-03    -  1.00e+00 1.00e+00h  1
iter    objective    inf_pr   inf_du lg(mu)  ||d||  lg(rg) alpha_du alpha_pr  ls
3280  1.9800043e+03 1.95e-06 8.95e-03  -4.0 8.86e-03    -  1.00e+00 1.00e+00H  1
3281  1.9800043e+03 1.12e-05 1.88e-02  -4.0 1.09e-02    -  1.00e+00 1.00e+00h  1
3282  1.9800043e+03 6.03e-05 4.36e-03  -4.1 2.00e-02    -  1.00e+00 1.00e+00h  1
3283  1.9800043e+03 1.02e-05 1.14e-02  -4.1 1.33e-02    -  1.00e+00 1.00e+00h  1
3284  1.9800043e+03 1.40e-06 1.29e-03  -4.1 1.10e-02    -  1.00e+00 1.00e+00H  1
3285  1.9800043e+03 3.04e-07 8.76e-03  -4.0 1.43e-02    -  1.00e+00 1.00e+00H  1
3286  1.9800043e+03 1.16e-05 3.54e-03  -4.1 1.28e-02    -  1.00e+00 1.00e+00h  1
3287  1.9800043e+03 1.12e-05 4.21e-02  -4.0 4.37e-02    -  1.00e+00 2.50e-01h  3
3288  1.9800043e+03 2.93e-06 1.15e-03  -4.1 7.85e-03    -  1.00e+00 1.00e+00h  1
3289  1.9800043e+03 1.69e-06 3.24e-03  -4.0 4.04e-03    -  1.00e+00 1.00e+00h  1
iter    objective    inf_pr   inf_du lg(mu)  ||d||  lg(rg) alpha_du alpha_pr  ls
3290  1.9800043e+03 5.21e-07 9.34e-04  -4.0 2.63e-03    -  1.00e+00 1.00e+00h  1
3291  1.9800043e+03 7.79e-08 8.82e-04  -4.0 5.33e-04    -  1.00e+00 1.00e+00h  1
3292  1.9800043e+03 1.07e-08 7.19e-05  -4.0 2.44e-04    -  1.00e+00 1.00e+00h  1
3293  1.9800043e+03 5.51e-10 6.31e-05  -4.0 7.92e-05    -  1.00e+00 1.00e+00h  1
3294  1.9800043e+03 1.73e-08 2.64e-04  -4.0 4.43e-04    -  1.00e+00 1.00e+00h  1
3295  1.9800043e+03 5.31e-09 3.99e-03  -4.1 1.20e-02    -  1.00e+00 1.00e+00H  1
3296  1.9800043e+03 2.43e-06 2.17e-03  -4.1 1.27e-02    -  1.00e+00 1.00e+00h  1
3297  1.9800043e+03 9.45e-07 6.61e-03  -4.1 1.15e-02    -  1.00e+00 5.00e-01h  2
3298  1.9800043e+03 4.97e-07 7.46e-03  -4.0 4.71e-03    -  1.00e+00 1.00e+00H  1
3299  1.9800043e+03 8.30e-07 1.38e-03  -4.1 4.76e-03    -  1.00e+00 1.00e+00h  1
iter    objective    inf_pr   inf_du lg(mu)  ||d||  lg(rg) alpha_du alpha_pr  ls
3300  1.9800043e+03 1.02e-07 5.57e-04  -4.0 4.76e-04    -  1.00e+00 1.00e+00h  1
3301  1.9800043e+03 2.28e-10 1.13e-03  -4.0 9.58e-04    -  1.00e+00 1.00e+00H  1
3302  1.9800043e+03 3.54e-11 2.78e-03  -4.0 8.34e-03    -  1.00e+00 1.00e+00H  1
3303  1.9800043e+03 2.40e-07 1.72e-03  -4.1 7.83e-03    -  1.00e+00 1.00e+00h  1
3304  1.9800043e+03 3.22e-08 4.13e-04  -4.0 1.17e-03    -  1.00e+00 1.00e+00h  1
3305  1.9800043e+03 9.29e-07 2.05e-03  -4.0 4.03e-03    -  1.00e+00 1.00e+00h  1
3306  1.9800043e+03 3.21e-07 7.48e-02  -4.0 1.29e-01    -  1.00e+00 1.00e+00H  1
3307  1.9800043e+03 3.85e-05 1.45e-01  -4.1 8.43e-01    -  1.00e+00 3.12e-02h  6
3308  1.9800043e+03 3.94e-05 1.04e-01  -4.1 3.65e-01    -  1.00e+00 3.12e-02h  6
3309  1.9800043e+03 1.35e-03 2.71e-02  -4.1 1.52e-01    -  1.00e+00 1.00e+00h  1
iter    objective    inf_pr   inf_du lg(mu)  ||d||  lg(rg) alpha_du alpha_pr  ls
3310  1.9800043e+03 1.33e-03 6.51e-01  -4.1 7.03e-01    -  1.00e+00 3.12e-02h  6
3311  1.9800044e+03 1.15e-03 2.73e-01  -4.1 1.80e-01    -  1.00e+00 5.00e-01h  2
3312  1.9800043e+03 5.18e-04 5.87e-02  -4.1 8.67e-02    -  1.00e+00 1.00e+00h  1
3313  1.9800044e+03 5.29e-03 1.64e-01  -4.1 5.97e-01    -  1.00e+00 5.00e-01h  2
3314  1.9800044e+03 5.17e-03 1.21e-01  -4.1 8.95e-01    -  1.00e+00 3.12e-02h  6
3315  1.9800043e+03 3.69e-03 4.10e-02  -4.1 2.70e-01    -  1.00e+00 5.00e-01h  2
3316  1.9800043e+03 3.88e-03 2.38e-01  -4.1 4.48e+00    -  8.27e-01 1.43e-02h  7
3317  1.9800043e+03 3.97e-03 1.65e-02  -4.1 2.15e+00    -  7.35e-01 2.66e-02h  6
3318  1.9800043e+03 2.07e-03 4.12e-02  -4.1 7.88e-02    -  1.00e+00 5.00e-01h  2
3319  1.9800043e+03 2.85e-04 6.41e-03  -4.1 6.61e-02    -  1.00e+00 1.00e+00h  1
iter    objective    inf_pr   inf_du lg(mu)  ||d||  lg(rg) alpha_du alpha_pr  ls
3320  1.9800043e+03 2.33e-04 3.17e-02  -4.1 3.32e-01    -  1.00e+00 2.50e-01h  3
3321  1.9800043e+03 4.81e-04 6.83e-03  -4.1 8.64e-02    -  1.00e+00 1.00e+00h  1
3322  1.9800080e+03 2.22e-03 3.65e-02  -4.0 3.91e-01    -  1.00e+00 1.00e+00h  1
3323  1.9800043e+03 1.95e-03 2.12e-02  -4.1 3.62e-01    -  1.00e+00 1.00e+00h  1
3324  1.9800043e+03 2.32e-04 8.51e-03  -4.1 2.92e-02    -  1.00e+00 1.00e+00h  1
3325  1.9800043e+03 1.87e-05 3.44e-03  -4.1 4.73e-02    -  1.00e+00 1.00e+00H  1
3326  1.9800043e+03 5.03e-05 7.77e-02  -4.1 7.50e-02    -  1.00e+00 2.50e-01h  3
3327  1.9800043e+03 4.62e-05 9.02e-02  -4.1 5.36e-02    -  1.00e+00 2.50e-01h  3
3328  1.9800044e+03 3.62e-05 1.92e-02  -4.1 6.81e-02    -  1.00e+00 1.00e+00h  1
3329  1.9800043e+03 4.62e-05 4.14e-03  -4.1 4.85e-02    -  1.00e+00 1.00e+00h  1
iter    objective    inf_pr   inf_du lg(mu)  ||d||  lg(rg) alpha_du alpha_pr  ls
3330  1.9800043e+03 2.92e-05 1.90e-02  -4.0 9.39e-03    -  1.00e+00 1.00e+00h  1
3331  1.9800043e+03 1.67e-05 1.37e-03  -4.0 8.19e-03    -  1.00e+00 1.00e+00h  1
3332  1.9800043e+03 9.26e-07 3.86e-03  -4.0 2.27e-03    -  1.00e+00 1.00e+00h  1
3333  1.9800043e+03 4.03e-07 4.60e-04  -4.0 1.40e-03    -  1.00e+00 1.00e+00h  1
3334  1.9800043e+03 8.76e-09 2.25e-04  -4.0 3.41e-04    -  1.00e+00 1.00e+00h  1
3335  1.9800043e+03 1.17e-07 4.58e-04  -4.0 7.06e-04    -  1.00e+00 1.00e+00h  1
3336  1.9800043e+03 2.52e-06 2.17e-03  -4.1 2.64e-03    -  1.00e+00 1.00e+00h  1
3337  1.9800043e+03 1.40e-06 1.87e-02  -4.0 1.61e-02    -  1.00e+00 1.00e+00H  1
3338  1.9800043e+03 2.13e-05 1.01e-02  -4.1 1.54e-02    -  1.00e+00 1.00e+00h  1
3339  1.9800043e+03 6.73e-06 4.36e-03  -4.1 1.47e-02    -  1.00e+00 1.00e+00h  1
iter    objective    inf_pr   inf_du lg(mu)  ||d||  lg(rg) alpha_du alpha_pr  ls
3340  1.9800043e+03 5.39e-06 7.84e-03  -4.1 3.94e-03    -  1.00e+00 1.00e+00h  1
3341  1.9800043e+03 6.48e-07 3.64e-03  -4.1 8.37e-03    -  1.00e+00 1.00e+00H  1
3342  1.9800043e+03 2.65e-07 3.56e-03  -4.1 6.62e-03    -  1.00e+00 1.00e+00H  1
3343  1.9800043e+03 8.07e-08 7.04e-03  -4.1 5.75e-03    -  1.00e+00 1.00e+00H  1
3344  1.9800043e+03 1.81e-05 2.22e-03  -4.0 9.04e-03    -  1.00e+00 1.00e+00h  1
3345  1.9800043e+03 2.70e-06 4.32e-03  -4.1 6.33e-03    -  1.00e+00 1.00e+00h  1
3346  1.9800043e+03 1.33e-06 4.82e-04  -4.1 4.28e-03    -  1.00e+00 1.00e+00h  1
3347  1.9800043e+03 7.01e-08 7.16e-04  -4.0 1.80e-03    -  1.00e+00 1.00e+00h  1
3348  1.9800043e+03 7.69e-08 7.81e-04  -4.0 7.99e-04    -  1.00e+00 1.00e+00h  1
3349  1.9800043e+03 1.66e-08 3.81e-04  -4.1 1.46e-03    -  1.00e+00 1.00e+00h  1
iter    objective    inf_pr   inf_du lg(mu)  ||d||  lg(rg) alpha_du alpha_pr  ls
3350  1.9800043e+03 1.37e-08 3.11e-04  -4.0 3.92e-04    -  1.00e+00 1.00e+00h  1
3351  1.9800043e+03 2.09e-09 1.18e-03  -4.1 2.02e-03    -  1.00e+00 1.00e+00H  1
3352  1.9800043e+03 1.05e-07 3.25e-04  -4.0 1.61e-03    -  1.00e+00 1.00e+00h  1
3353  1.9800043e+03 1.17e-08 1.75e-04  -4.1 1.44e-04    -  1.00e+00 1.00e+00h  1
3354  1.9800043e+03 1.47e-07 1.61e-03  -6.1 8.75e-04    -  1.00e+00 1.00e+00h  1
3355  1.9800043e+03 3.88e-06 9.45e-01  -4.0 2.45e-01    -  1.00e+00 3.12e-02h  6
3356  1.9800043e+03 1.82e-04 6.26e-03  -4.1 3.03e-02    -  1.00e+00 1.00e+00h  1
3357  1.9800043e+03 4.21e-04 1.21e-02  -4.0 4.52e-02    -  1.00e+00 1.00e+00h  1
3358  1.9800043e+03 4.37e-04 1.29e-02  -4.1 3.46e-02    -  1.00e+00 1.00e+00h  1
3359  1.9800043e+03 2.07e-04 2.00e-03  -4.1 1.49e-02    -  1.00e+00 1.00e+00h  1
iter    objective    inf_pr   inf_du lg(mu)  ||d||  lg(rg) alpha_du alpha_pr  ls
3360  1.9800043e+03 1.38e-05 1.73e-03  -4.1 7.01e-03    -  1.00e+00 1.00e+00h  1
3361  1.9800043e+03 6.29e-05 2.64e-02  -4.0 1.59e-02    -  1.00e+00 1.00e+00h  1
3362  1.9800043e+03 2.05e-05 4.63e-03  -4.1 2.09e-02    -  1.00e+00 1.00e+00h  1
3363  1.9800043e+03 4.50e-06 4.29e-03  -4.1 5.96e-03    -  1.00e+00 1.00e+00h  1
3364  1.9800043e+03 3.13e-06 4.63e-03  -4.1 2.83e-03    -  1.00e+00 1.00e+00h  1
3365  1.9800043e+03 2.35e-06 4.68e-03  -4.0 3.07e-03    -  1.00e+00 1.00e+00h  1
3366  1.9800043e+03 3.44e-07 3.63e-04  -4.1 1.66e-03    -  1.00e+00 1.00e+00h  1
3367  1.9800043e+03 2.06e-07 1.79e-03  -6.1 1.02e-03    -  1.00e+00 1.00e+00h  1
3368  1.9800043e+03 9.67e-05 8.20e-01  -4.0 1.39e-01    -  1.00e+00 1.25e-01h  4
3369  1.9800043e+03 6.78e-05 2.85e-03  -4.1 1.87e-02    -  1.00e+00 1.00e+00h  1
iter    objective    inf_pr   inf_du lg(mu)  ||d||  lg(rg) alpha_du alpha_pr  ls
3370  1.9800043e+03 1.79e-04 1.73e-01  -4.1 1.27e-01    -  1.00e+00 2.50e-01h  3
3371  1.9800043e+03 2.28e-04 1.62e-02  -4.1 2.77e-02    -  1.00e+00 1.00e+00h  1
3372  1.9800043e+03 1.81e-04 3.66e-03  -4.1 2.83e-02    -  1.00e+00 1.00e+00h  1
3373  1.9800043e+03 2.22e-05 1.19e-02  -4.1 4.90e-02    -  1.00e+00 9.18e-01H  1
3374  1.9800046e+03 1.14e-04 7.28e-03  -4.0 7.59e-02    -  1.00e+00 1.00e+00f  1
3375  1.9800043e+03 6.59e-05 6.55e-03  -4.1 7.24e-02    -  1.00e+00 1.00e+00h  1
3376  1.9800043e+03 5.16e-05 7.65e-03  -4.1 1.12e-02    -  1.00e+00 1.00e+00h  1
3377  1.9800043e+03 2.85e-05 7.39e-03  -4.1 7.32e-03    -  1.00e+00 1.00e+00h  1
3378  1.9800043e+03 1.70e-05 7.23e-03  -4.1 5.01e-03    -  1.00e+00 1.00e+00h  1
3379  1.9800043e+03 4.16e-06 9.40e-03  -4.0 6.74e-03    -  1.00e+00 1.00e+00H  1
iter    objective    inf_pr   inf_du lg(mu)  ||d||  lg(rg) alpha_du alpha_pr  ls
3380  1.9800043e+03 4.22e-06 3.16e-03  -4.1 2.91e-03    -  1.00e+00 1.00e+00h  1
3381  1.9800043e+03 2.45e-06 4.68e-03  -4.0 2.42e-03    -  1.00e+00 1.00e+00h  1
3382  1.9800043e+03 5.01e-07 9.01e-04  -4.1 1.05e-03    -  1.00e+00 1.00e+00h  1
3383  1.9800043e+03 3.56e-08 2.11e-04  -4.0 3.58e-04    -  1.00e+00 1.00e+00h  1
3384  1.9800043e+03 2.37e-09 1.48e-04  -4.0 1.24e-04    -  1.00e+00 1.00e+00h  1
3385  1.9800043e+03 1.32e-06 2.28e-03  -4.0 4.94e-03    -  1.00e+00 1.00e+00h  1
3386  1.9800043e+03 4.67e-06 1.78e-01  -4.1 1.89e-01    -  1.00e+00 3.12e-02h  6
3387  1.9800043e+03 9.19e-06 6.55e-02  -4.1 1.95e-01    -  1.00e+00 3.12e-02h  6
3388  1.9800043e+03 2.36e-06 3.80e-03  -4.1 4.53e-03    -  1.00e+00 1.00e+00h  1
3389  1.9800043e+03 1.18e-06 4.29e-02  -4.0 3.16e-02    -  1.00e+00 1.00e+00H  1
iter    objective    inf_pr   inf_du lg(mu)  ||d||  lg(rg) alpha_du alpha_pr  ls
3390  1.9800043e+03 1.13e-04 9.01e-03  -4.1 3.62e-02    -  1.00e+00 1.00e+00h  1
3391  1.9800043e+03 2.70e-04 3.57e-02  -4.1 6.50e-02    -  1.00e+00 1.00e+00h  1
3392  1.9800043e+03 1.12e-03 3.49e-01  -4.1 4.38e-01    -  1.00e+00 1.25e-01h  4
3393  1.9800043e+03 1.02e-03 2.59e-01  -4.1 5.55e-01    -  1.00e+00 6.25e-02h  5
3394  1.9800043e+03 1.07e-03 5.26e-02  -4.1 3.51e-01    -  1.00e+00 2.50e-01h  3
3395  1.9800043e+03 1.25e-03 4.83e-01  -4.1 1.57e+00    -  1.00e+00 1.56e-02h  7
3396  1.9800043e+03 7.77e-04 1.36e-01  -4.1 9.07e-02    -  1.00e+00 5.00e-01h  2
3397  1.9800043e+03 7.17e-04 5.84e-02  -4.1 2.35e-01    -  1.00e+00 2.50e-01h  3
3398  1.9800043e+03 7.48e-04 2.78e-02  -4.1 8.69e-02    -  1.00e+00 5.00e-01h  2
3399  1.9800043e+03 1.91e-03 2.46e-01  -4.1 4.74e-01    -  1.00e+00 2.50e-01h  3
iter    objective    inf_pr   inf_du lg(mu)  ||d||  lg(rg) alpha_du alpha_pr  ls
3400  1.9800043e+03 2.00e-03 4.12e-01  -4.1 1.12e+00    -  6.62e-01 3.12e-02h  6
3401  1.9800043e+03 1.71e-03 3.64e-02  -4.1 1.62e-01    -  1.00e+00 2.50e-01h  3
3402  1.9800043e+03 1.23e-03 5.75e-02  -4.1 2.27e-01    -  1.00e+00 5.00e-01h  2
3403  1.9800043e+03 1.23e-03 5.91e-02  -4.1 1.84e+00    -  5.34e-01 8.59e-03h  7
3404  1.9800043e+03 9.27e-04 3.78e-02  -4.1 1.69e-01    -  1.00e+00 2.50e-01h  3
3405  1.9800043e+03 8.96e-04 7.29e-02  -4.1 8.92e-01    -  1.00e+00 3.12e-02h  6
3406  1.9800043e+03 8.45e-04 2.31e-01  -4.1 2.20e+00    -  1.00e+00 3.12e-02h  6
3407  1.9800043e+03 8.33e-04 8.30e-02  -4.1 2.01e+00    -  1.00e+00 7.81e-03h  8
3408  1.9800043e+03 8.29e-04 3.16e-02  -4.1 4.58e-01    -  1.00e+00 6.25e-02h  5
3409  1.9800043e+03 8.73e-04 2.10e-01  -4.1 5.89e-01    -  1.00e+00 6.25e-02h  5
iter    objective    inf_pr   inf_du lg(mu)  ||d||  lg(rg) alpha_du alpha_pr  ls
3410  1.9800043e+03 5.84e-04 1.95e-02  -4.1 1.92e-01    -  1.00e+00 5.00e-01h  2
3411  1.9800043e+03 5.85e-04 3.19e-01  -4.1 1.33e+00    -  1.00e+00 3.12e-02h  6
3412  1.9800043e+03 6.07e-04 3.98e-02  -4.1 3.14e-01    -  1.00e+00 1.25e-01h  4
3413  1.9800043e+03 9.99e-04 2.46e-02  -4.1 1.41e-01    -  1.00e+00 2.50e-01h  3
3414  1.9800043e+03 9.51e-04 3.25e-02  -4.1 2.26e-01    -  1.00e+00 1.25e-01h  4
3415  1.9800043e+03 6.50e-04 1.51e-02  -4.1 4.81e-02    -  1.00e+00 1.00e+00h  1
3416  1.9800043e+03 8.27e-04 4.40e-02  -4.1 4.74e-02    -  1.00e+00 1.00e+00h  1
3417  1.9800043e+03 1.04e-03 3.25e-02  -4.1 8.05e-02    -  1.00e+00 1.00e+00h  1
3418  1.9800043e+03 9.52e-04 3.08e-01  -4.1 2.02e-01    -  1.00e+00 1.25e-01h  4
3419  1.9800043e+03 5.99e-04 2.53e-02  -4.1 4.80e-02    -  1.00e+00 5.00e-01h  2
iter    objective    inf_pr   inf_du lg(mu)  ||d||  lg(rg) alpha_du alpha_pr  ls
3420  1.9800043e+03 7.99e-05 8.49e-02  -4.1 9.25e-02    -  1.00e+00 1.00e+00H  1
3421  1.9800043e+03 7.08e-05 3.61e-01  -4.1 1.22e-01    -  1.00e+00 1.25e-01h  4
3422  1.9800043e+03 9.64e-05 6.52e-02  -4.1 8.09e-02    -  1.00e+00 1.00e+00H  1
3423  1.9800043e+03 3.15e-04 3.96e-02  -4.0 2.46e-02    -  1.00e+00 1.00e+00h  1
3424  1.9800042e+03 4.92e-04 2.38e-02  -4.1 4.08e-02    -  1.00e+00 1.00e+00h  1
3425  1.9800043e+03 2.05e-04 1.84e-02  -4.0 3.17e-02    -  1.00e+00 1.00e+00h  1
3426  1.9800043e+03 7.99e-04 1.73e-02  -4.1 8.63e-02    -  1.00e+00 5.00e-01h  2
3427  1.9800043e+03 6.18e-04 3.78e-02  -4.1 1.10e-01    -  1.00e+00 2.50e-01h  3
3428  1.9800042e+03 3.71e-04 6.21e-02  -4.1 3.31e-02    -  1.00e+00 5.00e-01h  2
3429  1.9800043e+03 1.43e-04 2.78e-02  -4.0 3.07e-02    -  1.00e+00 1.00e+00h  1
iter    objective    inf_pr   inf_du lg(mu)  ||d||  lg(rg) alpha_du alpha_pr  ls
3430  1.9800042e+03 1.67e-05 1.96e-02  -4.1 2.23e-02    -  1.00e+00 1.00e+00h  1
3431  1.9800042e+03 7.23e-08 1.08e-02  -4.0 8.69e-03    -  1.00e+00 1.00e+00H  1
3432  1.9800042e+03 1.29e-05 1.52e-02  -4.0 1.52e-02    -  1.00e+00 5.00e-01h  2
3433  1.9800042e+03 7.57e-06 2.84e-03  -4.1 7.52e-03    -  1.00e+00 1.00e+00h  1
3434  1.9800042e+03 9.23e-07 1.10e-03  -4.1 2.30e-03    -  1.00e+00 1.00e+00h  1
3435  1.9800042e+03 5.15e-07 1.16e-02  -4.0 5.51e-03    -  1.00e+00 1.00e+00H  1
3436  1.9800042e+03 3.91e-06 3.68e-03  -4.1 4.44e-03    -  1.00e+00 1.00e+00h  1
3437  1.9800042e+03 2.07e-06 4.56e-03  -4.1 3.50e-03    -  1.00e+00 1.00e+00h  1
3438  1.9800042e+03 5.64e-06 4.40e-03  -4.1 4.23e-03    -  1.00e+00 1.00e+00h  1
3439  1.9800043e+03 2.32e-07 2.29e-02  -4.1 1.54e-02    -  1.00e+00 1.00e+00H  1
iter    objective    inf_pr   inf_du lg(mu)  ||d||  lg(rg) alpha_du alpha_pr  ls
3440  1.9800042e+03 3.91e-05 2.22e-03  -4.1 1.55e-02    -  1.00e+00 1.00e+00h  1
3441  1.9800042e+03 1.99e-05 2.47e-02  -4.1 1.61e-02    -  1.00e+00 5.00e-01h  2
3442  1.9800042e+03 6.31e-07 2.24e-03  -4.1 3.93e-03    -  1.00e+00 1.00e+00h  1
3443  1.9800042e+03 1.20e-06 3.89e-03  -4.0 4.90e-03    -  1.00e+00 1.00e+00h  1
3444  1.9800042e+03 1.99e-07 9.97e-04  -4.1 4.07e-03    -  1.00e+00 1.00e+00h  1
3445  1.9800042e+03 7.13e-10 9.91e-04  -4.1 8.43e-04    -  1.00e+00 1.00e+00H  1
3446  1.9800042e+03 5.24e-07 1.36e-03  -4.0 1.14e-03    -  1.00e+00 1.00e+00h  1
3447  1.9800042e+03 1.92e-08 6.49e-04  -4.1 1.11e-03    -  1.00e+00 1.00e+00h  1
3448  1.9800042e+03 5.51e-07 1.87e-03  -6.1 1.83e-03    -  1.00e+00 1.00e+00h  1
3449  1.9800042e+03 1.47e-04 8.72e-04  -6.1 4.17e-02    -  1.00e+00 5.00e-01h  2
iter    objective    inf_pr   inf_du lg(mu)  ||d||  lg(rg) alpha_du alpha_pr  ls
3450  1.9800042e+03 4.38e-05 6.86e-04  -6.1 1.79e-02    -  1.00e+00 9.42e-01h  1
3451  1.9800046e+03 3.01e-03 2.26e-01  -4.0 1.78e-01    -  1.00e+00 5.00e-01f  2
3452  1.9800043e+03 1.01e-03 2.32e-02  -4.1 7.04e-02    -  1.00e+00 1.00e+00h  1
3453  1.9800043e+03 5.65e-04 4.43e-03  -4.1 3.09e-02    -  1.00e+00 1.00e+00h  1
3454  1.9800043e+03 7.28e-05 7.39e-03  -4.1 5.39e-02    -  1.00e+00 1.00e+00h  1
3455  1.9800042e+03 1.19e-04 6.48e-03  -4.1 2.62e-02    -  1.00e+00 1.00e+00h  1
3456  1.9800042e+03 2.90e-05 4.30e-03  -4.1 8.10e-03    -  1.00e+00 1.00e+00h  1
3457  1.9800042e+03 2.98e-05 1.09e-02  -4.0 7.78e-03    -  1.00e+00 1.00e+00h  1
3458  1.9800042e+03 1.22e-05 6.88e-03  -4.1 4.57e-03    -  1.00e+00 1.00e+00h  1
3459  1.9800042e+03 5.50e-06 7.35e-03  -4.1 3.79e-03    -  1.00e+00 1.00e+00h  1
iter    objective    inf_pr   inf_du lg(mu)  ||d||  lg(rg) alpha_du alpha_pr  ls
3460  1.9800042e+03 3.43e-06 2.03e-03  -4.0 2.46e-03    -  1.00e+00 1.00e+00h  1
3461  1.9800042e+03 1.50e-07 1.72e-04  -4.1 5.61e-04    -  1.00e+00 1.00e+00h  1
3462  1.9800042e+03 1.28e-07 1.63e-03  -6.1 5.43e-04    -  1.00e+00 1.00e+00h  1
3463  1.9800043e+03 5.39e-05 7.37e-01  -4.0 5.47e-02    -  1.00e+00 2.50e-01h  3
3464  1.9800042e+03 3.02e-05 3.58e-03  -4.1 1.66e-02    -  1.00e+00 1.00e+00h  1
3465  1.9800042e+03 1.54e-05 2.31e-02  -4.1 1.18e-02    -  1.00e+00 1.00e+00H  1
3466  1.9800042e+03 3.30e-05 1.79e-03  -4.0 1.06e-02    -  1.00e+00 1.00e+00h  1
3467  1.9800042e+03 6.48e-07 9.64e-04  -4.1 1.30e-03    -  1.00e+00 1.00e+00h  1
3468  1.9800042e+03 6.73e-08 1.09e-03  -4.1 5.84e-04    -  1.00e+00 1.00e+00h  1
3469  1.9800042e+03 2.33e-08 2.22e-04  -4.0 2.09e-04    -  1.00e+00 1.00e+00h  1
iter    objective    inf_pr   inf_du lg(mu)  ||d||  lg(rg) alpha_du alpha_pr  ls
3470  1.9800042e+03 4.70e-09 2.53e-04  -4.1 1.25e-04    -  1.00e+00 1.00e+00h  1
3471  1.9800042e+03 9.02e-09 1.26e-04  -4.0 1.47e-04    -  1.00e+00 1.00e+00h  1
3472  1.9800042e+03 6.90e-09 2.02e-04  -4.1 9.62e-05    -  1.00e+00 1.00e+00h  1
3473  1.9800042e+03 7.19e-07 1.59e-03  -6.1 9.91e-04    -  1.00e+00 1.00e+00h  1
3474  1.9800042e+03 2.93e-05 9.23e-01  -4.0 1.30e-01    -  1.00e+00 6.25e-02h  5
3475  1.9800042e+03 1.14e-04 9.95e-04  -4.1 2.36e-02    -  1.00e+00 1.00e+00h  1
3476  1.9800043e+03 6.52e-04 9.28e-02  -4.1 7.59e-02    -  1.00e+00 5.00e-01h  2
3477  1.9800042e+03 7.03e-04 2.41e-03  -4.1 3.68e-02    -  1.00e+00 1.00e+00h  1
3478  1.9800042e+03 6.34e-05 4.94e-03  -4.1 1.69e-02    -  1.00e+00 1.00e+00h  1
3479  1.9800042e+03 7.17e-05 1.03e-02  -4.1 1.99e-02    -  1.00e+00 1.00e+00h  1
iter    objective    inf_pr   inf_du lg(mu)  ||d||  lg(rg) alpha_du alpha_pr  ls
3480  1.9800043e+03 1.30e-04 1.73e-02  -4.1 2.74e-02    -  1.00e+00 1.00e+00h  1
3481  1.9800042e+03 6.54e-05 3.52e-03  -4.1 1.99e-02    -  1.00e+00 1.00e+00h  1
3482  1.9800042e+03 1.42e-05 3.64e-03  -4.1 5.69e-03    -  1.00e+00 1.00e+00h  1
3483  1.9800042e+03 4.86e-06 1.76e-03  -4.1 5.21e-03    -  1.00e+00 1.00e+00h  1
3484  1.9800042e+03 1.09e-06 1.33e-03  -4.0 1.70e-03    -  1.00e+00 1.00e+00h  1
3485  1.9800042e+03 1.04e-07 6.36e-04  -4.0 1.20e-03    -  1.00e+00 1.00e+00h  1
3486  1.9800042e+03 4.22e-07 1.37e-03  -4.0 1.17e-03    -  1.00e+00 1.00e+00h  1
3487  1.9800042e+03 8.26e-08 4.99e-04  -4.1 5.84e-04    -  1.00e+00 1.00e+00h  1
3488  1.9800042e+03 3.96e-06 3.11e-03  -4.0 6.96e-03    -  1.00e+00 1.00e+00h  1
3489  1.9800043e+03 1.12e-06 6.62e-02  -4.0 8.24e-02    -  1.00e+00 1.00e+00H  1
iter    objective    inf_pr   inf_du lg(mu)  ||d||  lg(rg) alpha_du alpha_pr  ls
3490  1.9800045e+03 4.62e-07 1.37e-01  -4.1 1.15e-01    -  1.00e+00 1.00e+00H  1
3491  1.9800045e+03 8.13e-07 9.26e-01  -4.1 9.84e-02    -  1.00e+00 6.25e-02h  5
3492  1.9800043e+03 1.61e-03 2.20e-01  -4.1 1.43e-01    -  1.00e+00 5.00e-01h  2
3493  1.9800043e+03 1.28e-03 6.86e-01  -4.1 3.70e-01    -  6.16e-01 2.50e-01h  3
3494  1.9800043e+03 2.10e-03 7.84e-02  -4.1 1.81e+00    -  1.00e+00 6.25e-02h  5
3495  1.9800043e+03 2.04e-03 4.62e-01  -4.1 9.85e-01    -  1.00e+00 3.12e-02h  6
3496  1.9800043e+03 2.92e-04 4.04e-02  -4.1 4.60e-02    -  1.00e+00 1.00e+00h  1
3497  1.9800042e+03 4.71e-04 7.25e-03  -4.1 3.03e-02    -  1.00e+00 1.00e+00h  1
3498  1.9800042e+03 1.61e-04 7.61e-03  -4.1 3.66e-02    -  1.00e+00 1.00e+00h  1
3499  1.9800042e+03 1.49e-04 1.18e-01  -4.1 1.17e-01    -  1.00e+00 6.25e-02h  5
iter    objective    inf_pr   inf_du lg(mu)  ||d||  lg(rg) alpha_du alpha_pr  ls
3500  1.9800042e+03 1.36e-04 1.47e-01  -4.1 1.63e-01    -  1.00e+00 6.25e-02h  5
3501  1.9800042e+03 1.44e-04 1.54e-01  -4.1 1.17e-01    -  1.00e+00 1.25e-01h  4
3502  1.9800043e+03 6.29e-06 2.03e-02  -4.1 3.66e-02    -  1.00e+00 1.00e+00H  1
3503  1.9800043e+03 1.20e-04 1.13e-01  -4.1 4.47e-02    -  1.00e+00 5.00e-01h  2
3504  1.9800043e+03 2.21e-04 1.37e-01  -4.1 9.02e-02    -  1.00e+00 5.00e-01h  2
3505  1.9800042e+03 5.31e-05 1.14e-02  -4.1 2.77e-02    -  1.00e+00 1.00e+00h  1
3506  1.9800043e+03 4.54e-06 2.03e-02  -4.1 4.13e-02    -  1.00e+00 1.00e+00H  1
3507  1.9800042e+03 3.17e-05 7.69e-03  -4.1 3.88e-02    -  1.00e+00 1.00e+00h  1
3508  1.9800043e+03 2.28e-05 4.25e-02  -4.0 2.96e-02    -  1.00e+00 1.00e+00H  1
3509  1.9800042e+03 1.82e-04 1.00e-02  -4.1 4.38e-02    -  1.00e+00 1.00e+00h  1
iter    objective    inf_pr   inf_du lg(mu)  ||d||  lg(rg) alpha_du alpha_pr  ls
3510  1.9800043e+03 4.69e-05 1.23e-02  -4.1 2.87e-02    -  1.00e+00 1.00e+00h  1
3511  1.9800042e+03 2.12e-05 8.34e-03  -4.1 3.81e-02    -  1.00e+00 1.00e+00h  1
3512  1.9800042e+03 1.42e-05 1.01e-02  -4.1 2.65e-02    -  1.00e+00 1.00e+00h  1
3513  1.9800042e+03 8.15e-06 4.78e-03  -4.1 1.07e-02    -  1.00e+00 1.00e+00h  1
3514  1.9800042e+03 8.46e-07 2.64e-03  -4.0 6.52e-03    -  1.00e+00 1.00e+00h  1
3515  1.9800042e+03 6.79e-08 8.42e-04  -4.0 2.70e-03    -  1.00e+00 1.00e+00h  1
3516  1.9800042e+03 8.52e-10 1.25e-03  -4.0 1.59e-03    -  1.00e+00 1.00e+00H  1
3517  1.9800042e+03 2.84e-08 8.06e-04  -4.0 5.82e-04    -  1.00e+00 1.00e+00h  1
3518  1.9800042e+03 2.02e-08 3.09e-04  -4.0 3.21e-04    -  1.00e+00 1.00e+00h  1
3519  1.9800042e+03 2.65e-06 3.54e-03  -4.0 3.65e-03    -  1.00e+00 1.00e+00h  1
iter    objective    inf_pr   inf_du lg(mu)  ||d||  lg(rg) alpha_du alpha_pr  ls
3520  1.9800042e+03 2.81e-06 3.41e-02  -4.0 3.15e-02    -  1.00e+00 6.25e-02h  5
3521  1.9800042e+03 1.35e-08 5.97e-03  -4.1 7.39e-03    -  1.00e+00 1.00e+00H  1
3522  1.9800042e+03 6.51e-09 1.51e-02  -4.1 1.11e-02    -  1.00e+00 1.00e+00H  1
3523  1.9800042e+03 6.12e-06 3.03e-03  -4.1 1.17e-02    -  1.00e+00 1.00e+00h  1
3524  1.9800043e+03 8.58e-06 4.40e-02  -4.0 2.45e-02    -  1.00e+00 1.00e+00H  1
3525  1.9800043e+03 1.51e-04 1.48e-02  -4.1 4.96e-02    -  1.00e+00 1.00e+00h  1
3526  1.9800043e+03 1.52e-05 6.36e-03  -4.1 3.09e-02    -  1.00e+00 1.00e+00h  1
3527  1.9800042e+03 2.48e-05 1.56e-02  -4.1 2.83e-02    -  1.00e+00 1.00e+00h  1
3528  1.9800042e+03 1.31e-05 5.09e-03  -4.1 6.80e-03    -  1.00e+00 1.00e+00h  1
3529  1.9800042e+03 1.70e-06 1.43e-03  -4.1 4.24e-03    -  1.00e+00 1.00e+00h  1
iter    objective    inf_pr   inf_du lg(mu)  ||d||  lg(rg) alpha_du alpha_pr  ls
3530  1.9800042e+03 6.29e-07 1.35e-02  -4.0 9.97e-03    -  1.00e+00 1.00e+00H  1
3531  1.9800042e+03 1.45e-05 3.96e-03  -4.1 1.26e-02    -  1.00e+00 1.00e+00h  1
3532  1.9800043e+03 4.12e-05 2.59e-02  -4.1 3.21e-02    -  1.00e+00 1.00e+00h  1
3533  1.9800042e+03 2.10e-05 3.88e-03  -4.1 2.70e-02    -  1.00e+00 1.00e+00h  1
3534  1.9800042e+03 3.10e-06 3.72e-03  -4.0 2.58e-03    -  1.00e+00 1.00e+00h  1
3535  1.9800042e+03 6.26e-07 1.13e-03  -4.0 1.14e-03    -  1.00e+00 1.00e+00h  1
3536  1.9800042e+03 2.04e-08 1.65e-04  -4.0 2.05e-04    -  1.00e+00 1.00e+00h  1
3537  1.9800042e+03 2.49e-11 2.08e-05  -4.0 3.75e-05    -  1.00e+00 1.00e+00h  1
3538  1.9800042e+03 1.54e-07 4.85e-03  -4.0 3.57e-03    -  1.00e+00 5.00e-01h  2
3539  1.9800042e+03 1.30e-06 1.93e-03  -4.1 5.77e-03    -  1.00e+00 1.00e+00h  1
iter    objective    inf_pr   inf_du lg(mu)  ||d||  lg(rg) alpha_du alpha_pr  ls
3540  1.9800043e+03 1.11e-06 1.41e-02  -4.0 4.92e-02    -  1.00e+00 1.00e+00H  1
3541  1.9800042e+03 2.49e-05 5.21e-03  -4.1 4.72e-02    -  1.00e+00 1.00e+00h  1
3542  1.9800042e+03 9.93e-07 9.10e-04  -4.0 1.19e-02    -  1.00e+00 1.00e+00h  1
3543  1.9800042e+03 3.42e-07 3.48e-03  -4.1 1.07e-02    -  1.00e+00 1.00e+00h  1
3544  1.9800042e+03 8.23e-06 1.74e-02  -4.0 6.85e-03    -  1.00e+00 1.00e+00h  1
3545  1.9800042e+03 3.63e-06 2.27e-03  -4.1 7.18e-03    -  1.00e+00 1.00e+00h  1
3546  1.9800042e+03 3.76e-06 9.79e-02  -4.0 8.94e-03    -  1.00e+00 5.00e-01h  2
3547  1.9800042e+03 1.66e-06 1.57e-03  -4.1 1.65e-03    -  1.00e+00 1.00e+00h  1
3548  1.9800042e+03 1.74e-07 5.23e-04  -4.0 1.67e-03    -  1.00e+00 1.00e+00h  1
3549  1.9800042e+03 2.37e-07 7.78e-04  -4.0 3.22e-03    -  1.00e+00 1.00e+00h  1
iter    objective    inf_pr   inf_du lg(mu)  ||d||  lg(rg) alpha_du alpha_pr  ls
3550  1.9800042e+03 1.86e-08 7.18e-04  -4.0 2.14e-03    -  1.00e+00 1.00e+00h  1
3551  1.9800042e+03 2.96e-08 2.85e-04  -4.0 7.20e-04    -  1.00e+00 1.00e+00h  1
3552  1.9800042e+03 3.57e-08 9.74e-03  -4.0 3.20e-02    -  1.00e+00 1.00e+00H  1
3553  1.9800042e+03 1.68e-04 2.71e-02  -4.1 5.00e-02    -  1.00e+00 1.00e+00h  1
3554  1.9800042e+03 1.61e-04 5.75e-01  -4.1 5.58e-02    -  8.67e-01 2.50e-01h  3
3555  1.9800042e+03 1.59e-04 1.06e-02  -4.1 2.10e-02    -  1.00e+00 1.00e+00h  1
3556  1.9800042e+03 1.46e-04 3.37e-01  -4.1 8.52e-02    -  1.00e+00 1.25e-01h  4
3557  1.9800042e+03 3.41e-05 9.06e-03  -4.1 1.74e-02    -  1.00e+00 1.00e+00h  1
3558  1.9800044e+03 3.39e-05 2.53e-02  -4.0 6.86e-02    -  1.00e+00 1.00e+00h  1
3559  1.9800042e+03 3.90e-05 3.04e-03  -4.1 6.63e-02    -  1.00e+00 1.00e+00h  1
iter    objective    inf_pr   inf_du lg(mu)  ||d||  lg(rg) alpha_du alpha_pr  ls
3560  1.9800042e+03 7.97e-06 3.88e-03  -4.0 1.17e-02    -  1.00e+00 1.00e+00h  1
3561  1.9800043e+03 1.10e-05 2.50e-02  -4.0 1.98e-02    -  1.00e+00 1.00e+00H  1
3562  1.9800042e+03 3.45e-05 7.07e-03  -4.1 2.56e-02    -  1.00e+00 1.00e+00h  1
3563  1.9800042e+03 7.80e-04 2.49e-02  -4.1 6.95e-02    -  1.00e+00 1.00e+00h  1
3564  1.9800043e+03 1.38e-04 1.13e-02  -4.1 4.77e-02    -  1.00e+00 1.00e+00h  1
3565  1.9800042e+03 1.44e-04 4.22e-02  -4.1 9.96e-02    -  1.00e+00 5.00e-01h  2
3566  1.9800042e+03 9.03e-05 1.81e-02  -4.1 2.30e-02    -  1.00e+00 1.00e+00h  1
3567  1.9800042e+03 8.10e-05 4.53e-02  -4.1 4.79e-02    -  1.00e+00 1.25e-01h  4
3568  1.9800043e+03 6.84e-06 2.85e-02  -4.1 3.40e-02    -  1.00e+00 1.00e+00H  1
3569  1.9800042e+03 3.24e-06 1.47e-02  -4.1 4.77e-02    -  1.00e+00 1.00e+00H  1
iter    objective    inf_pr   inf_du lg(mu)  ||d||  lg(rg) alpha_du alpha_pr  ls
3570  1.9800043e+03 5.00e-06 2.55e-02  -4.1 3.55e-02    -  1.00e+00 1.00e+00H  1
3571  1.9800042e+03 3.73e-05 5.95e-03  -4.1 3.97e-02    -  1.00e+00 1.00e+00h  1
3572  1.9800042e+03 5.92e-05 1.01e-02  -4.1 2.81e-02    -  1.00e+00 1.00e+00h  1
3573  1.9800042e+03 3.47e-05 3.08e-02  -4.1 4.43e-02    -  1.00e+00 5.00e-01h  2
3574  1.9800042e+03 2.42e-05 2.12e-03  -4.1 1.73e-02    -  1.00e+00 1.00e+00h  1
3575  1.9800042e+03 1.35e-06 1.98e-03  -4.0 1.45e-03    -  1.00e+00 1.00e+00h  1
3576  1.9800042e+03 1.59e-07 2.65e-04  -4.0 5.04e-04    -  1.00e+00 1.00e+00h  1
3577  1.9800042e+03 1.88e-09 4.06e-05  -4.0 5.00e-05    -  1.00e+00 1.00e+00h  1
3578  1.9800042e+03 1.60e-10 3.05e-05  -4.0 4.86e-05    -  1.00e+00 1.00e+00h  1
3579  1.9800042e+03 3.24e-08 6.24e-04  -4.0 4.16e-04    -  1.00e+00 1.00e+00h  1
iter    objective    inf_pr   inf_du lg(mu)  ||d||  lg(rg) alpha_du alpha_pr  ls
3580  1.9800042e+03 4.60e-08 6.94e-04  -4.1 4.93e-04    -  1.00e+00 1.00e+00h  1
3581  1.9800042e+03 5.12e-07 1.58e-03  -6.1 1.90e-03    -  1.00e+00 1.00e+00h  1
3582  1.9800042e+03 1.09e-04 4.24e-02  -4.0 1.24e-02    -  1.00e+00 1.00e+00h  1
3583  1.9800042e+03 3.92e-05 1.06e-02  -4.1 7.43e-03    -  1.00e+00 1.00e+00h  1
3584  1.9800042e+03 1.40e-05 1.55e-03  -4.1 4.47e-03    -  1.00e+00 1.00e+00h  1
3585  1.9800042e+03 3.27e-07 4.07e-04  -4.1 9.73e-04    -  1.00e+00 1.00e+00h  1
3586  1.9800042e+03 6.75e-10 9.91e-04  -4.0 9.40e-04    -  1.00e+00 1.00e+00H  1
3587  1.9800042e+03 2.92e-06 3.34e-02  -4.0 6.29e-02    -  1.00e+00 6.25e-02h  5
3588  1.9800043e+03 3.33e-07 2.50e-02  -4.1 3.68e-02    -  1.00e+00 1.00e+00H  1
3589  1.9800042e+03 2.98e-06 4.44e-03  -4.1 4.05e-02    -  1.00e+00 1.00e+00H  1
iter    objective    inf_pr   inf_du lg(mu)  ||d||  lg(rg) alpha_du alpha_pr  ls
3590  1.9800042e+03 6.66e-05 1.14e-01  -4.1 7.37e-02    -  1.00e+00 2.50e-01h  3
3591  1.9800042e+03 2.84e-05 1.87e-03  -4.1 1.40e-02    -  1.00e+00 1.00e+00h  1
3592  1.9800042e+03 3.67e-05 2.37e-01  -4.0 2.35e-01    -  1.00e+00 3.12e-02h  6
3593  1.9800042e+03 3.65e-05 3.87e-02  -4.1 9.37e-02    -  1.00e+00 3.12e-02h  6
3594  1.9800042e+03 9.52e-07 3.87e-03  -4.1 2.24e-03    -  1.00e+00 1.00e+00h  1
3595  1.9800042e+03 8.90e-07 1.56e-03  -4.1 4.72e-03    -  1.00e+00 1.00e+00h  1
3596  1.9800042e+03 4.25e-07 1.93e-03  -4.0 3.10e-03    -  1.00e+00 1.00e+00h  1
3597  1.9800042e+03 6.74e-08 7.60e-04  -4.0 7.24e-04    -  1.00e+00 1.00e+00h  1
3598  1.9800042e+03 1.92e-06 1.72e-02  -4.0 3.47e-02    -  1.00e+00 6.25e-02h  5
3599  1.9800042e+03 1.98e-07 4.31e-03  -4.1 1.27e-02    -  1.00e+00 1.00e+00H  1
iter    objective    inf_pr   inf_du lg(mu)  ||d||  lg(rg) alpha_du alpha_pr  ls
3600  1.9800042e+03 4.11e-08 2.02e-02  -4.1 2.78e-02    -  1.00e+00 1.00e+00H  1

Number of Iterations....: 3600

                                   (scaled)                 (unscaled)
Objective...............:   1.9800042331119093e+03    1.9800042331119093e+03
Dual infeasibility......:   2.0233786479673763e-02    2.0233786479673763e-02
Constraint violation....:   4.1053117946776574e-08    4.1053117946776574e-08
Variable bound violation:   0.0000000000000000e+00    0.0000000000000000e+00
Complementarity.........:   8.0001668570611100e-05    8.0001668570611100e-05
Overall NLP error.......:   2.0233786479673763e-02    2.0233786479673763e-02


Number of objective function evaluations             = 9984
Number of objective gradient evaluations             = 3601
Number of equality constraint evaluations            = 9984
Number of inequality constraint evaluations          = 9984
Number of equality constraint Jacobian evaluations   = 3601
Number of inequality constraint Jacobian evaluations = 3601
Number of Lagrangian Hessian evaluations             = 0
Total seconds in IPOPT                               = 63.192

EXIT: Maximum Number of Iterations Exceeded.
