This is Ipopt version 3.14.19, running with linear solver MUMPS 5.8.1.

Number of nonzeros in equality constraint Jacobian...:     9816
Number of nonzeros in inequality constraint Jacobian.:        8
Number of nonzeros in Lagrangian Hessian.............:        0

Total number of variables............................:     1388
                     variables with only lower bounds:        0
                variables with lower and upper bounds:      396
                     variables with only upper bounds:        0
Total number of equality constraints.................:     1287
Total number of inequality constraints...............:        1
        inequality constraints with only lower bounds:        0
   inequality constraints with lower and upper bounds:        0
        inequality constraints with only upper bounds:        1

iter    objective    inf_pr   inf_du lg(mu)  ||d||  lg(rg) alpha_du alpha_pr  ls
   0  5.7526878e-01 1.25e+00 7.07e+01   0.0 0.00e+00    -  0.00e+00 0.00e+00   0
   1  2.2311554e+02 7.25e-01 2.53e+02  -0.2 1.58e+00    -  9.90e-03 1.00e+00h  1
   2  1.0069077e+02 4.37e-01 1.05e+02  -0.5 7.43e-01    -  1.00e+00 9.95e-01f  1
   3  2.0284911e+01 2.56e-01 8.10e+01  -0.2 1.88e+00    -  1.00e+00 4.47e-01f  1
   4  1.9027074e+01 2.51e-01 1.13e+02  -0.3 8.32e-01    -  9.91e-01 2.20e-02h  1
   5  3.5942203e+00 8.78e-01 3.23e+01  -0.0 1.05e+00    -  1.00e+00 1.00e+00f  1
   6  7.2544022e-01 2.97e-01 9.34e+00  -0.3 6.36e-01    -  9.92e-01 1.00e+00f  1
   7  6.8725949e+00 1.50e-01 1.57e+01  -0.5 1.00e+00    -  7.91e-01 5.00e-01h  2
   8  6.8891195e+00 2.53e-01 1.48e+01  -0.4 1.21e+00    -  9.45e-01 3.92e-01h  2
   9  1.1843556e+01 2.63e-01 1.49e+01  -0.4 1.51e+00    -  9.50e-01 2.50e-01h  3
iter    objective    inf_pr   inf_du lg(mu)  ||d||  lg(rg) alpha_du alpha_pr  ls
  10  7.4524978e+00 1.07e+00 1.08e+02  -0.6 1.38e+00    -  4.83e-01 1.00e+00F  1
  11  1.3533715e+01 4.14e-01 1.41e+02  -0.6 1.73e+00    -  5.53e-01 1.00e+00h  1
  12  3.9989184e+00 1.03e+00 5.35e+01  -0.6 1.52e+00    -  9.20e-01 1.00e+00f  1
  13  1.5630359e+00 8.46e-01 3.74e+01  -0.6 9.49e-01    -  2.57e-01 3.57e-01f  1
  14  1.4168834e+01 5.97e-01 6.80e+01  -0.6 1.53e+00    -  8.35e-01 5.19e-01h  1
  15  1.1627094e+01 4.96e-01 4.31e+01  -0.6 1.01e+00    -  1.00e+00 1.90e-01f  1
  16  8.6054150e+00 2.50e-01 8.95e+01  -0.6 1.12e+00    -  3.45e-01 5.19e-01f  1
  17  5.3499926e+00 3.09e-01 1.36e+02  -0.6 1.09e+00    -  3.57e-01 6.49e-01F  1
  18  4.4953884e+00 2.73e-01 7.65e+01  -0.6 1.32e+00    -  8.92e-01 4.79e-01h  1
  19  2.0272216e+01 2.37e-01 4.61e+00  -0.4 9.04e-01    -  9.33e-01 1.00e+00h  1
iter    objective    inf_pr   inf_du lg(mu)  ||d||  lg(rg) alpha_du alpha_pr  ls
  20  1.2873887e+00 1.22e-01 6.61e+00  -0.5 5.76e-01    -  1.00e+00 1.00e+00f  1
  21  2.0692078e-01 2.62e-02 2.38e-01  -1.3 2.15e-01    -  9.40e-01 1.00e+00h  1
  22  1.2231247e-01 1.98e-02 4.76e-02  -2.4 1.70e-01    -  9.19e-01 1.00e+00h  1
  23  3.9620948e-02 1.60e-01 1.41e+02  -2.7 3.97e-01    -  8.50e-01 1.00e+00h  1
  24  8.3340146e-02 2.81e-01 6.73e+01  -0.9 2.02e+00    -  1.00e+00 3.14e-01f  2
  25  1.0623614e-01 1.36e-01 9.93e+01  -1.0 3.10e-01    -  1.00e+00 1.00e+00h  1
  26  8.5771867e-02 2.16e-02 3.16e+01  -2.0 2.25e-01    -  1.00e+00 1.00e+00h  1
  27  1.9800460e-02 4.31e-02 3.88e+01  -2.9 2.41e-01    -  1.00e+00 1.00e+00h  1
  28  1.9509690e-02 2.11e-02 1.19e+02  -3.3 3.22e-01    -  1.00e+00 4.98e-01h  1
  29  3.8212947e-02 6.39e-02 6.98e+01  -1.8 3.24e-01    -  1.00e+00 1.00e+00f  1
iter    objective    inf_pr   inf_du lg(mu)  ||d||  lg(rg) alpha_du alpha_pr  ls
  30  1.9307492e-02 3.28e-02 1.90e+01  -1.9 5.36e-01    -  1.00e+00 1.00e+00h  1
  31  1.0146395e-02 4.91e-03 4.63e+01  -2.7 2.38e-01    -  1.00e+00 1.00e+00h  1
  32  1.6736512e-02 4.87e-03 9.81e+01  -3.8 9.76e-02    -  1.00e+00 9.02e-01h  1
  33  7.7582955e-03 5.81e-03 7.26e+01  -2.5 9.19e-02    -  1.00e+00 1.00e+00h  1
  34  1.2992774e-02 5.35e-03 6.90e+01  -2.7 8.49e-01    -  1.00e+00 1.25e-01h  4
  35  7.8234009e-03 1.07e-03 7.03e+01  -3.9 5.23e-02    -  1.00e+00 1.00e+00h  1
  36  6.9739203e-03 2.45e-03 7.13e+01  -3.6 2.38e+00    -  1.00e+00 1.82e-02h  3
  37  5.8007028e-03 4.90e-03 7.06e+01  -3.8 8.74e-02    -  1.00e+00 1.00e+00h  1
  38  5.7150149e-03 5.93e-03 7.05e+01  -4.0 4.17e-01    -  1.00e+00 1.25e-01h  4
  39  5.6678929e-03 6.42e-03 7.04e+01  -4.0 4.41e-01    -  1.00e+00 2.50e-01h  3
iter    objective    inf_pr   inf_du lg(mu)  ||d||  lg(rg) alpha_du alpha_pr  ls
  40  5.4721801e-03 4.41e-03 7.11e+01  -4.0 9.89e-01    -  1.00e+00 5.55e-02h  5
  41  4.8742303e-03 3.22e-03 7.00e+01  -4.0 9.70e-02    -  1.00e+00 1.00e+00h  1
  42  4.8270956e-03 3.73e-03 7.00e+01  -4.0 2.31e-01    -  1.00e+00 2.50e-01h  3
  43  4.7675618e-03 6.18e-03 7.00e+01  -4.0 2.88e-01    -  1.00e+00 2.50e-01h  3
  44  4.8362837e-03 4.36e-03 7.14e+01  -4.0 8.89e-02    -  1.00e+00 1.00e+00h  1
  45  4.3936992e-03 7.18e-03 7.01e+01  -4.1 1.37e-01    -  1.00e+00 5.00e-01h  2
  46  4.5693018e-03 1.68e-03 7.14e+01  -4.0 1.45e-01    -  1.00e+00 1.00e+00h  1
  47  4.1951635e-03 9.83e-04 7.00e+01  -4.0 8.10e-02    -  1.00e+00 1.00e+00h  1
  48  4.4923502e-03 1.43e-03 7.14e+01  -4.0 8.73e-02    -  1.00e+00 1.00e+00h  1
  49  4.2712506e-03 4.37e-03 7.14e+01  -4.0 2.57e-01    -  1.00e+00 2.50e-01h  3
iter    objective    inf_pr   inf_du lg(mu)  ||d||  lg(rg) alpha_du alpha_pr  ls
  50  4.0354000e-03 5.42e-03 7.01e+01  -4.0 1.27e-01    -  1.00e+00 1.00e+00H  1
  51  4.0375433e-03 1.46e-03 7.14e+01  -4.0 5.70e-02    -  1.00e+00 1.00e+00h  1
  52  3.9730444e-03 9.49e-04 7.14e+01  -4.0 1.84e-01    -  1.00e+00 1.25e-01h  4
  53  3.9690352e-03 7.69e-04 7.00e+01  -4.0 3.75e-02    -  1.00e+00 5.00e-01h  2
  54  3.9308310e-03 6.45e-04 7.01e+01  -4.1 3.17e-01    -  1.00e+00 2.50e-01h  3
  55  3.9279186e-03 1.39e-03 7.00e+01  -4.0 4.28e-02    -  1.00e+00 1.00e+00h  1
  56  3.9205397e-03 1.35e-02 7.12e+01  -4.1 1.33e-01    -  1.00e+00 1.00e+00h  1
  57  4.2363885e-03 2.85e-02 7.13e+01  -4.0 3.05e-01    -  1.00e+00 5.00e-01h  2
  58  3.3471699e-03 9.98e-03 7.13e+01  -4.1 8.12e-02    -  1.00e+00 1.00e+00h  1
  59  4.3011436e-03 3.84e-03 7.14e+01  -4.0 8.70e-02    -  1.00e+00 1.00e+00H  1
iter    objective    inf_pr   inf_du lg(mu)  ||d||  lg(rg) alpha_du alpha_pr  ls
  60  4.8210964e-03 4.24e-03 7.01e+01  -4.1 4.85e-01    -  9.83e-01 1.25e-01h  4
  61  3.7559637e-03 5.47e-03 7.12e+01  -4.1 8.91e-02    -  1.00e+00 1.00e+00h  1
  62  3.3542798e-03 5.06e-03 7.13e+01  -4.0 7.46e-01    -  1.00e+00 1.25e-01h  4
  63  3.5616088e-03 2.23e-03 7.02e+01  -4.1 5.08e-02    -  1.00e+00 1.00e+00h  1
  64  3.2902879e-03 6.56e-04 7.00e+01  -4.0 5.63e-02    -  1.00e+00 1.00e+00h  1
  65  3.1272486e-03 6.13e-04 7.14e+01  -4.0 4.78e-02    -  1.00e+00 2.50e-01h  3
  66  3.1503117e-03 1.91e-04 7.00e+01  -4.0 1.88e-02    -  1.00e+00 1.00e+00h  1
  67  3.1446572e-03 2.08e-04 7.00e+01  -4.0 1.55e-01    -  1.00e+00 6.25e-02h  5
  68  3.2508938e-03 2.20e-04 7.13e+01  -4.1 3.25e-02    -  1.00e+00 1.00e+00H  1
  69  3.2078529e-03 7.23e-03 7.13e+01  -4.0 4.31e-01    -  1.00e+00 2.50e-01h  3
iter    objective    inf_pr   inf_du lg(mu)  ||d||  lg(rg) alpha_du alpha_pr  ls
  70  3.1140112e-03 6.08e-03 7.13e+01  -4.1 1.86e-01    -  1.00e+00 2.50e-01h  3
  71  1.4006733e-02 3.67e-03 7.01e+01  -4.0 4.44e-01    -  1.00e+00 1.00e+00H  1
  72  2.8126970e-03 3.06e-02 7.01e+01  -4.1 4.09e-01    -  1.00e+00 1.00e+00h  1
  73  4.7284559e-03 2.62e-03 7.14e+01  -4.0 1.99e-01    -  1.00e+00 1.00e+00h  1
  74  3.7251298e-03 1.42e-02 7.12e+01  -4.1 1.48e-01    -  1.00e+00 1.00e+00h  1
  75  4.3751910e-03 1.38e-02 7.02e+01  -4.1 2.29e+00    -  3.48e-01 2.67e-02h  6
  76  2.7651097e-03 4.56e-03 7.02e+01  -4.1 1.01e-01    -  1.00e+00 1.00e+00h  1
  77  3.3759071e-03 1.60e-03 7.14e+01  -4.0 1.71e-01    -  1.00e+00 1.00e+00h  1
  78  2.8014986e-03 9.47e-04 7.13e+01  -4.1 1.11e-01    -  1.00e+00 1.00e+00h  1
  79  2.9815786e-03 1.22e-04 7.01e+01  -4.0 3.28e-02    -  1.00e+00 1.00e+00H  1
iter    objective    inf_pr   inf_du lg(mu)  ||d||  lg(rg) alpha_du alpha_pr  ls
  80  2.6632705e-03 1.13e-04 7.00e+01  -4.0 1.52e-02    -  1.00e+00 1.00e+00h  1
  81  2.6741606e-03 1.27e-04 7.14e+01  -4.0 9.84e-01    -  1.00e+00 1.53e-02h  7
  82  2.6459524e-03 6.58e-04 7.14e+01  -4.0 1.14e-01    -  1.00e+00 2.50e-01h  3
  83  2.6422961e-03 6.04e-04 7.00e+01  -4.0 2.32e-01    -  1.00e+00 1.25e-01h  4
  84  2.5452236e-03 6.52e-04 7.13e+01  -4.1 4.57e-02    -  1.00e+00 1.00e+00h  1
  85  2.5050537e-03 7.39e-04 7.13e+01  -4.0 1.35e+00    -  1.00e+00 3.12e-02h  6
  86  2.4992995e-03 1.44e-03 7.13e+01  -4.0 1.18e-01    -  1.00e+00 5.00e-01h  2
  87  2.4551190e-03 1.65e-03 7.01e+01  -4.1 8.76e-01    -  1.00e+00 6.25e-02h  5
  88  2.7651842e-03 1.31e-03 7.14e+01  -4.0 3.69e-01    -  1.00e+00 2.50e-01h  3
  89  2.6129409e-03 2.33e-03 7.13e+01  -4.1 1.61e-01    -  1.00e+00 1.00e+00h  1
iter    objective    inf_pr   inf_du lg(mu)  ||d||  lg(rg) alpha_du alpha_pr  ls
  90  2.3610220e-03 2.35e-03 7.02e+01  -4.1 6.96e-02    -  1.00e+00 1.00e+00h  1
  91  2.3157953e-03 2.38e-03 7.12e+01  -3.8 3.36e+00    -  1.00e+00 8.50e-03h  7
  92  2.2845048e-03 1.62e-04 7.00e+01  -4.0 3.48e-02    -  1.00e+00 1.00e+00h  1
  93  2.2734816e-03 6.02e-05 7.00e+01  -4.0 1.14e-02    -  1.00e+00 1.00e+00h  1
  94  2.2712215e-03 6.37e-05 7.14e+01  -4.0 1.02e-01    -  1.00e+00 6.25e-02h  5
  95  2.2711059e-03 6.32e-05 7.00e+01  -4.1 1.13e-01    -  1.00e+00 1.56e-02h  7
  96  2.2679819e-03 9.40e-05 7.13e+01  -4.1 8.32e-02    -  1.00e+00 2.50e-01h  3
  97  2.2636433e-03 1.27e-04 7.13e+01  -4.1 1.98e+00    -  8.41e-01 6.33e-03h  8
  98  2.2570566e-03 1.23e-04 7.13e+01  -4.1 3.93e-01    -  1.00e+00 3.12e-02h  6
  99  2.2482325e-03 5.68e-04 7.01e+01  -4.0 3.89e-01    -  1.00e+00 1.25e-01h  4
iter    objective    inf_pr   inf_du lg(mu)  ||d||  lg(rg) alpha_du alpha_pr  ls
 100  2.2590806e-03 8.38e-04 7.01e+01  -4.1 2.03e-01    -  1.00e+00 1.25e-01h  4
 101  2.2656955e-03 5.35e-04 7.13e+01  -4.1 1.07e-01    -  1.00e+00 1.25e-01h  4
 102  2.2411917e-03 7.67e-04 7.02e+01  -4.1 6.98e-02    -  1.00e+00 1.00e+00H  1
 103  2.2784165e-03 9.00e-04 7.13e+01  -4.0 2.80e-01    -  1.00e+00 1.25e-01h  4
 104  2.1861862e-03 2.31e-03 7.13e+01  -4.1 1.29e+00    -  7.08e-01 3.06e-02h  6
 105  2.5443100e-03 8.12e-04 7.00e+01  -4.0 1.38e-01    -  1.00e+00 1.00e+00h  1
 106  2.1329704e-03 1.39e-03 7.02e+01  -4.1 1.15e-01    -  1.00e+00 1.00e+00h  1
 107  2.1221299e-03 9.24e-04 7.01e+01  -4.0 1.56e-01    -  1.00e+00 2.50e-01h  3
 108  2.1168473e-03 9.32e-04 7.13e+01  -3.6 1.41e+00    -  1.00e+00 3.99e-03h  8
 109  2.1111862e-03 6.07e-05 7.00e+01  -4.0 1.27e-02    -  1.00e+00 1.00e+00h  1
iter    objective    inf_pr   inf_du lg(mu)  ||d||  lg(rg) alpha_du alpha_pr  ls
 110  2.1101447e-03 1.41e-04 7.14e+01  -4.0 1.14e-01    -  1.00e+00 1.25e-01h  4
 111  2.2184933e-03 9.27e-05 7.02e+01  -4.1 6.26e-02    -  1.00e+00 1.00e+00H  1
 112  2.1596882e-03 1.27e-03 7.01e+01  -4.0 8.54e-02    -  1.00e+00 5.00e-01h  2
 113  2.0965228e-03 1.35e-03 7.01e+01  -4.1 6.61e-01    -  1.00e+00 6.25e-02h  5
 114  2.0334227e-03 1.03e-03 7.00e+01  -4.0 3.16e-02    -  1.00e+00 1.00e+00h  1
 115  2.0415944e-03 2.60e-04 7.14e+01  -4.0 3.43e-02    -  1.00e+00 1.00e+00h  1
 116  2.0386799e-03 2.72e-04 7.00e+01  -4.0 1.11e-01    -  1.00e+00 1.25e-01h  4
 117  2.0273745e-03 2.80e-04 7.14e+01  -4.1 1.42e-01    -  1.00e+00 6.25e-02h  5
 118  2.0260236e-03 3.45e-04 7.00e+01  -4.0 5.16e-02    -  1.00e+00 1.00e+00h  1
 119  2.1830059e-03 2.08e-04 7.02e+01  -4.1 4.19e-02    -  1.00e+00 1.00e+00H  1
iter    objective    inf_pr   inf_du lg(mu)  ||d||  lg(rg) alpha_du alpha_pr  ls
 120  2.0523055e-03 4.11e-04 7.12e+01  -4.1 1.08e-01    -  1.00e+00 5.00e-01h  2
 121  2.0229766e-03 6.30e-04 7.12e+01  -4.1 2.29e-01    -  1.00e+00 1.25e-01h  4
 122  2.0034368e-03 6.09e-04 7.02e+01  -4.1 6.43e-02    -  1.00e+00 1.00e+00H  1
 123  2.0523213e-03 5.86e-04 7.13e+01  -4.0 1.67e-01    -  1.00e+00 1.25e-01h  4
 124  2.0638319e-03 7.81e-04 7.13e+01  -4.1 1.49e-01    -  1.00e+00 2.50e-01h  3
 125  2.0421178e-03 9.93e-04 7.13e+01  -4.1 1.34e+00    -  8.01e-01 2.36e-02h  6
 126  1.9753126e-03 7.86e-04 7.02e+01  -4.1 2.31e-01    -  1.00e+00 2.50e-01h  3
 127  1.9648321e-03 7.38e-04 7.01e+01  -4.0 1.14e+00    -  1.00e+00 1.56e-02h  7
 128  1.9640257e-03 4.42e-04 7.14e+01  -4.0 5.54e-02    -  1.00e+00 1.00e+00h  1
 129  1.9297435e-03 1.13e-03 7.14e+01  -4.0 3.86e-02    -  1.00e+00 1.00e+00H  1
iter    objective    inf_pr   inf_du lg(mu)  ||d||  lg(rg) alpha_du alpha_pr  ls
 130  1.9249344e-03 1.13e-03 7.00e+01  -3.7 1.18e+00    -  1.00e+00 3.30e-03h  9
 131  1.9047664e-03 9.85e-05 7.14e+01  -4.0 1.14e-02    -  1.00e+00 1.00e+00h  1
 132  1.8773245e-03 3.17e-03 7.14e+01  -4.0 5.91e-02    -  1.00e+00 1.00e+00h  1
 133  2.4658248e-03 7.58e-04 7.00e+01  -4.0 1.12e-01    -  1.00e+00 1.00e+00H  1
 134  2.3343164e-03 3.51e-03 7.13e+01  -4.1 9.44e-02    -  1.00e+00 1.00e+00h  1
 135  2.1499396e-03 3.61e-03 7.02e+01  -4.1 1.14e+01    -  7.92e-02 1.21e-02h  4
 136  2.2354066e-03 3.04e-03 7.13e+01  -4.1 1.28e-01    -  1.00e+00 1.00e+00h  1
 137  2.0501427e-03 2.93e-03 7.13e+01  -4.1 1.24e+00    -  1.00e+00 3.12e-02h  6
 138  1.8274468e-03 1.61e-03 7.13e+01  -4.1 8.12e-02    -  1.00e+00 1.00e+00h  1
 139  1.8584992e-03 1.60e-03 7.02e+01  -3.8 1.57e+00    -  1.00e+00 4.92e-03h  8
iter    objective    inf_pr   inf_du lg(mu)  ||d||  lg(rg) alpha_du alpha_pr  ls
 140  1.8493122e-03 2.83e-04 7.00e+01  -4.0 1.92e-02    -  1.00e+00 1.00e+00h  1
 141  1.9719712e-03 2.24e-04 7.14e+01  -4.0 3.81e-02    -  1.00e+00 1.00e+00H  1
 142  1.9446928e-03 1.80e-04 7.14e+01  -4.1 2.11e-01    -  1.00e+00 1.25e-01h  4
 143  1.9030064e-03 1.58e-04 7.14e+01  -4.1 5.99e-01    -  1.00e+00 6.25e-02h  5
 144  1.8407656e-03 1.45e-04 7.13e+01  -4.1 1.35e-02    -  1.00e+00 1.00e+00h  1
 145  1.8115692e-03 4.85e-04 7.01e+01  -4.1 1.76e-01    -  1.00e+00 1.25e-01h  4
 146  1.8069549e-03 2.32e-04 7.00e+01  -4.0 2.93e-02    -  1.00e+00 1.00e+00h  1
 147  1.7984955e-03 1.64e-04 7.14e+01  -4.0 1.04e-01    -  1.00e+00 1.25e-01h  4
 148  1.8258127e-03 2.83e-05 7.13e+01  -4.1 3.04e-02    -  1.00e+00 1.00e+00H  1
 149  1.8011214e-03 7.89e-04 7.13e+01  -4.0 5.27e-01    -  1.00e+00 6.25e-02h  5
iter    objective    inf_pr   inf_du lg(mu)  ||d||  lg(rg) alpha_du alpha_pr  ls
 150  1.7313653e-03 1.27e-03 7.01e+01  -4.1 3.88e-01    -  1.00e+00 1.25e-01h  4
 151  1.6876531e-03 1.45e-03 7.01e+01  -3.8 7.82e-01    -  1.00e+00 6.25e-02h  5
 152  1.6488746e-03 2.22e-03 7.01e+01  -4.0 4.04e-01    -  1.00e+00 1.25e-01h  4
 153  1.5507837e-03 2.67e-03 7.01e+01  -4.0 1.33e+00    -  1.00e+00 6.25e-02h  5
 154  1.4850473e-03 2.82e-03 7.13e+01  -3.7 1.49e+00    -  1.00e+00 1.56e-02h  7
 155  1.4210000e-03 1.09e-02 7.00e+01  -4.0 4.07e-01    -  1.00e+00 5.00e-01h  2
 156  1.2863247e-03 1.15e-02 7.00e+01  -4.0 1.16e+00    -  1.00e+00 6.25e-02h  5
 157  1.3822732e-03 1.06e-02 7.00e+01  -4.0 7.50e-01    -  1.00e+00 1.25e-01h  4
 158  2.3173344e-03 1.10e-02 7.14e+01  -4.0 3.94e-01    -  1.00e+00 5.00e-01h  2
 159  1.1110461e-02 1.03e-02 7.01e+01  -4.1 7.77e-01    -  8.68e-01 5.00e-01h  2
iter    objective    inf_pr   inf_du lg(mu)  ||d||  lg(rg) alpha_du alpha_pr  ls
 160  1.3570591e-03 1.03e-02 7.13e+01  -4.1 3.48e-01    -  1.00e+00 1.00e+00h  1
 161  3.3156984e-03 9.60e-03 7.01e+01  -4.0 2.24e-01    -  1.00e+00 1.00e+00h  1
 162  2.0644972e-03 4.45e-03 7.02e+01  -4.1 1.58e-01    -  1.00e+00 1.00e+00h  1
 163  1.3836204e-03 4.30e-03 7.13e+01  -4.1 1.20e+00    -  8.34e-01 1.07e-01h  4
 164  1.2748206e-03 1.31e-03 7.00e+01  -4.0 1.24e-01    -  1.00e+00 1.00e+00h  1
 165  1.1052510e-03 7.36e-04 7.00e+01  -4.0 7.15e-02    -  1.00e+00 5.00e-01h  2
 166  1.2243635e-03 7.11e-04 7.14e+01  -4.0 2.15e-01    -  1.00e+00 6.25e-02h  5
 167  1.1275375e-03 6.62e-04 7.14e+01  -4.0 1.06e-01    -  1.00e+00 1.00e+00h  1
 168  1.1039620e-03 8.65e-04 7.14e+01  -4.1 7.70e-01    -  1.00e+00 6.25e-02h  5
 169  1.0015152e-03 1.26e-03 7.02e+01  -4.1 4.69e-02    -  1.00e+00 1.00e+00h  1
iter    objective    inf_pr   inf_du lg(mu)  ||d||  lg(rg) alpha_du alpha_pr  ls
 170  1.0247025e-03 4.33e-04 7.14e+01  -4.0 3.32e-02    -  1.00e+00 1.00e+00h  1
 171  9.9347496e-04 1.99e-04 7.14e+01  -4.0 6.44e-02    -  1.00e+00 2.50e-01h  3
 172  9.7245933e-04 1.43e-03 7.00e+01  -4.0 6.35e-01    -  1.00e+00 6.25e-02h  5
 173  9.6875995e-04 1.34e-03 7.00e+01  -4.0 2.96e-01    -  1.00e+00 3.12e-02h  6
 174  9.1565579e-04 7.76e-04 7.14e+01  -4.1 1.34e-01    -  1.00e+00 2.50e-01h  3
 175  9.2473531e-04 3.65e-04 7.00e+01  -4.0 2.04e-02    -  1.00e+00 1.00e+00h  1
 176  9.2108661e-04 3.37e-04 7.00e+01  -4.0 9.10e-02    -  1.00e+00 1.25e-01h  4
 177  9.0841281e-04 4.26e-04 7.00e+01  -4.0 3.80e-01    -  1.00e+00 1.25e-01h  4
 178  8.6595878e-04 4.76e-04 7.14e+01  -4.0 4.20e-02    -  1.00e+00 1.00e+00h  1
 179  8.8965617e-04 3.60e-04 7.00e+01  -4.0 2.05e-01    -  1.00e+00 6.25e-02h  5
iter    objective    inf_pr   inf_du lg(mu)  ||d||  lg(rg) alpha_du alpha_pr  ls
 180  8.4961916e-04 2.19e-04 7.00e+01  -4.0 1.98e-02    -  1.00e+00 1.00e+00h  1
 181  8.3383916e-04 3.73e-04 7.14e+01  -4.0 4.12e-01    -  1.00e+00 6.25e-02h  5
 182  8.2974746e-04 3.67e-04 7.00e+01  -4.0 7.10e-02    -  1.00e+00 2.50e-01h  3
 183  8.0472858e-04 6.01e-04 7.00e+01  -4.1 1.02e+00    -  6.67e-01 2.64e-02h  6
 184  7.8899330e-04 4.38e-04 7.00e+01  -4.0 6.69e-02    -  1.00e+00 2.50e-01h  3
 185  8.1900547e-04 3.55e-04 7.14e+01  -4.0 1.52e-01    -  1.00e+00 1.25e-01h  4
 186  8.0076890e-04 4.16e-04 7.14e+01  -4.0 1.12e-01    -  1.00e+00 2.50e-01h  3
 187  7.7671766e-04 3.68e-04 7.00e+01  -4.0 1.71e-01    -  1.00e+00 2.50e-01h  3
 188  7.6264395e-04 2.50e-04 7.00e+01  -4.0 2.74e-02    -  1.00e+00 1.00e+00h  1
 189  7.8913989e-04 2.40e-04 7.14e+01  -4.0 2.87e-01    -  1.00e+00 3.12e-02h  6
iter    objective    inf_pr   inf_du lg(mu)  ||d||  lg(rg) alpha_du alpha_pr  ls
 190  7.5817993e-04 1.37e-04 7.14e+01  -4.0 2.10e-02    -  1.00e+00 1.00e+00h  1
 191  7.4398573e-04 1.15e-03 7.00e+01  -4.0 9.77e-02    -  1.00e+00 5.00e-01h  2
 192  7.4255947e-04 1.10e-03 7.00e+01  -4.0 2.06e-01    -  1.00e+00 3.12e-02h  6
 193  7.2402694e-04 9.55e-04 7.14e+01  -4.1 9.69e-02    -  1.00e+00 1.25e-01h  4
 194  7.1894636e-04 8.56e-04 7.00e+01  -4.0 7.72e-02    -  1.00e+00 1.25e-01h  4
 195  7.6493873e-04 1.09e-04 7.13e+01  -4.1 5.68e-02    -  1.00e+00 1.00e+00H  1
 196  7.6134046e-04 1.47e-04 7.13e+01  -4.1 4.66e-01    -  1.00e+00 3.12e-02h  6
 197  7.3170276e-04 1.66e-04 7.13e+01  -4.1 2.64e-01    -  1.00e+00 6.25e-02h  5
 198  7.2860729e-04 1.13e-03 7.01e+01  -4.0 1.16e-01    -  1.00e+00 5.00e-01h  2
 199  3.2017816e-03 1.10e-03 7.02e+01  -4.1 2.14e-01    -  1.00e+00 1.00e+00H  1
iter    objective    inf_pr   inf_du lg(mu)  ||d||  lg(rg) alpha_du alpha_pr  ls
 200  6.7797558e-04 1.14e-02 7.01e+01  -4.1 1.76e-01    -  1.00e+00 1.00e+00h  1
 201  1.2405418e-03 1.76e-03 7.14e+01  -4.0 6.99e-02    -  1.00e+00 1.00e+00h  1
 202  1.0869026e-03 6.47e-03 7.01e+01  -4.1 2.46e-01    -  1.00e+00 5.00e-01h  2
 203  8.5375152e-04 5.77e-03 7.01e+01  -4.1 1.58e+00    -  6.69e-01 4.18e-02h  5
 204  7.9578811e-04 5.20e-03 7.13e+01  -4.1 3.18e-01    -  1.00e+00 2.50e-01h  3
 205  8.3268265e-04 5.15e-03 7.01e+01  -4.1 7.08e-01    -  1.00e+00 3.12e-02h  6
 206  7.9437538e-04 4.94e-03 7.01e+01  -4.1 7.06e-01    -  1.00e+00 6.25e-02h  5
 207  1.1447949e-03 3.43e-03 7.02e+01  -4.1 1.29e-01    -  1.00e+00 1.00e+00H  1
 208  1.1064901e-03 4.17e-03 7.13e+01  -4.1 4.28e-01    -  1.00e+00 1.25e-01h  4
 209  1.1624620e-03 3.37e-03 7.02e+01  -4.1 2.97e-01    -  1.00e+00 2.50e-01h  3
iter    objective    inf_pr   inf_du lg(mu)  ||d||  lg(rg) alpha_du alpha_pr  ls
 210  9.4434533e-04 7.58e-03 7.13e+01  -4.1 2.05e-01    -  1.00e+00 5.00e-01h  2
 211  9.9692216e-04 5.38e-03 7.01e+01  -4.1 2.87e-01    -  1.00e+00 2.50e-01h  3
 212  7.2207125e-04 2.39e-03 7.13e+01  -4.1 8.75e-02    -  1.00e+00 1.00e+00h  1
 213  9.4669441e-04 2.12e-03 7.01e+01  -4.1 5.88e-01    -  1.00e+00 1.25e-01h  4
 214  6.5770547e-04 8.15e-04 7.13e+01  -4.1 6.11e-02    -  1.00e+00 1.00e+00h  1
 215  6.9671271e-04 7.96e-04 7.01e+01  -4.0 4.89e-01    -  1.00e+00 6.25e-02h  5
 216  7.0354069e-04 6.82e-04 7.01e+01  -4.0 8.79e-02    -  1.00e+00 2.50e-01h  3
 217  7.0258362e-04 8.82e-04 7.13e+01  -4.0 5.30e-01    -  1.00e+00 6.25e-02h  5
 218  6.9717558e-04 7.45e-04 7.01e+01  -4.1 1.61e-01    -  1.00e+00 2.50e-01h  3
 219  6.9268719e-04 7.56e-04 7.13e+01  -4.1 9.02e-01    -  1.00e+00 1.56e-02h  7
iter    objective    inf_pr   inf_du lg(mu)  ||d||  lg(rg) alpha_du alpha_pr  ls
 220  2.3637888e-03 2.03e-03 7.01e+01  -4.1 1.16e-01    -  1.00e+00 1.00e+00H  1
 221  1.0078067e-03 1.18e-03 7.13e+01  -4.1 1.44e-01    -  1.00e+00 1.00e+00H  1
 222  9.2528363e-04 7.95e-04 7.01e+01  -4.1 5.12e+00    -  1.81e-01 6.58e-03h  6
 223  6.9528667e-04 1.38e-03 7.13e+01  -4.1 4.32e-01    -  1.00e+00 1.25e-01h  4
 224  6.9263211e-04 1.28e-03 7.13e+01  -4.1 2.95e-01    -  1.00e+00 1.25e-01h  4
 225  6.6717834e-04 1.28e-03 7.13e+01  -4.1 1.13e+00    -  6.53e-01 1.17e-02h  7
 226  6.6890929e-04 1.28e-03 7.01e+01  -4.1 1.45e+00    -  1.00e+00 1.61e-03h 10
 227  6.1392294e-04 5.37e-04 7.02e+01  -4.1 4.29e-02    -  1.00e+00 1.00e+00h  1
 228  6.5680841e-04 2.47e-04 7.14e+01  -4.0 4.47e-02    -  1.00e+00 1.00e+00H  1
 229  6.5341769e-04 2.17e-04 7.00e+01  -4.0 1.10e-01    -  1.00e+00 1.25e-01h  4
iter    objective    inf_pr   inf_du lg(mu)  ||d||  lg(rg) alpha_du alpha_pr  ls
 230  6.3885096e-04 3.78e-04 7.14e+01  -4.0 7.57e-02    -  1.00e+00 5.00e-01h  2
 231  6.0367261e-04 7.21e-04 7.14e+01  -4.0 8.69e-02    -  1.00e+00 5.00e-01h  2
 232  6.0125955e-04 6.96e-04 7.14e+01  -4.0 1.31e-01    -  1.00e+00 1.25e-01h  4
 233  9.2684266e-04 6.60e-04 7.00e+01  -4.0 8.98e-01    -  1.00e+00 6.25e-02h  5
 234  6.0261549e-04 7.86e-04 7.02e+01  -4.1 4.26e-02    -  1.00e+00 1.00e+00h  1
 235  8.2912822e-04 1.10e-03 7.14e+01  -4.0 8.98e-02    -  1.00e+00 1.00e+00H  1
 236  7.6440195e-04 8.44e-04 7.13e+01  -4.1 1.32e-01    -  1.00e+00 5.00e-01h  2
 237  7.4949418e-04 8.30e-04 7.01e+01  -4.1 1.96e-01    -  1.00e+00 6.25e-02h  5
 238  6.8051063e-04 5.32e-04 7.13e+01  -4.1 2.35e-02    -  1.00e+00 1.00e+00h  1
 239  6.5465756e-04 3.93e-04 7.13e+01  -4.1 4.48e-02    -  1.00e+00 5.00e-01h  2
iter    objective    inf_pr   inf_du lg(mu)  ||d||  lg(rg) alpha_du alpha_pr  ls
 240  6.3340865e-04 7.48e-04 7.01e+01  -4.1 2.55e-01    -  1.00e+00 1.25e-01h  4
 241  6.3145192e-04 1.10e-03 7.01e+01  -4.1 1.12e+00    -  1.00e+00 3.12e-02h  6
 242  6.2405884e-04 1.10e-03 7.01e+01  -4.1 1.17e+00    -  8.01e-01 1.37e-02h  7
 243  6.2415212e-04 6.25e-04 7.01e+01  -4.1 9.50e-02    -  1.00e+00 5.00e-01h  2
 244  5.9916014e-04 5.86e-04 7.13e+01  -4.1 8.23e-02    -  1.00e+00 5.00e-01h  2
 245  5.6938518e-04 1.19e-03 7.13e+01  -4.1 1.47e-01    -  1.00e+00 2.50e-01h  3
 246  7.3426241e-04 2.33e-03 7.00e+01  -4.0 6.17e-02    -  1.00e+00 1.00e+00H  1
 247  7.1386422e-04 2.38e-03 7.00e+01  -4.1 1.31e-01    -  1.00e+00 2.50e-01h  3
 248  6.2227047e-04 2.91e-03 7.14e+01  -4.1 1.05e+00    -  6.80e-01 4.48e-02h  5
 249  5.4006742e-04 4.67e-04 7.02e+01  -4.1 4.50e-02    -  1.00e+00 1.00e+00h  1
iter    objective    inf_pr   inf_du lg(mu)  ||d||  lg(rg) alpha_du alpha_pr  ls
 250  5.9394104e-04 4.04e-04 7.14e+01  -4.0 5.65e-02    -  1.00e+00 1.00e+00h  1
 251  5.9056666e-04 3.81e-04 7.14e+01  -4.0 2.84e-01    -  1.00e+00 6.25e-02h  5
 252  5.4891313e-04 8.01e-04 7.00e+01  -4.0 2.37e-01    -  1.00e+00 1.25e-01h  4
 253  6.5461251e-04 8.30e-04 7.13e+01  -4.1 4.07e-02    -  1.00e+00 1.00e+00h  1
 254  6.3440228e-04 4.50e-04 7.13e+01  -4.1 5.75e-02    -  1.00e+00 1.00e+00H  1
 255  6.0807007e-04 5.60e-04 7.13e+01  -4.1 6.79e-01    -  1.00e+00 3.12e-02h  6
 256  5.9273531e-04 5.37e-04 7.01e+01  -4.1 3.10e-01    -  1.00e+00 3.12e-02h  6
 257  5.3057555e-04 7.18e-04 7.01e+01  -4.1 8.01e-02    -  1.00e+00 5.00e-01h  2
 258  5.1317895e-04 1.20e-03 7.13e+01  -4.0 9.86e-02    -  1.00e+00 5.00e-01h  2
 259  5.0896201e-04 6.46e-04 7.14e+01  -4.0 4.72e-02    -  1.00e+00 1.00e+00H  1
iter    objective    inf_pr   inf_du lg(mu)  ||d||  lg(rg) alpha_du alpha_pr  ls
 260  5.3103390e-04 6.06e-04 7.00e+01  -4.1 1.82e-01    -  1.00e+00 1.25e-01h  4
 261  5.1287128e-04 5.62e-04 7.00e+01  -4.1 3.00e-01    -  1.00e+00 6.25e-02h  5
 262  4.8389714e-04 1.04e-03 7.00e+01  -4.1 1.03e+00    -  1.00e+00 6.25e-02h  5
 263  4.8165492e-04 1.86e-03 7.14e+01  -4.0 1.12e+00    -  1.00e+00 6.25e-02h  5
 264  4.8583692e-04 1.77e-03 7.00e+01  -4.1 7.14e-01    -  1.00e+00 3.12e-02h  6
 265  4.8172986e-04 2.30e-03 7.14e+01  -4.1 1.59e-01    -  1.00e+00 2.50e-01h  3
 266  4.1855492e-04 1.85e-03 7.13e+01  -4.1 2.64e-01    -  1.00e+00 1.25e-01h  4
 267  4.2860679e-04 1.71e-03 7.01e+01  -4.0 5.90e-01    -  1.00e+00 6.25e-02h  5
 268  4.1183198e-04 1.52e-03 7.01e+01  -4.0 1.82e-01    -  1.00e+00 1.25e-01h  4
 269  3.8175339e-04 4.85e-04 7.14e+01  -4.0 3.74e-02    -  1.00e+00 1.00e+00h  1
iter    objective    inf_pr   inf_du lg(mu)  ||d||  lg(rg) alpha_du alpha_pr  ls
 270  4.2976843e-04 5.95e-04 7.14e+01  -4.0 1.74e-01    -  1.00e+00 2.50e-01h  3
 271  4.5837438e-04 6.05e-04 7.00e+01  -4.0 9.66e-01    -  1.00e+00 3.12e-02h  6
 272  3.7165097e-04 3.37e-04 7.14e+01  -4.0 4.22e-02    -  1.00e+00 1.00e+00h  1
 273  3.6472066e-04 2.60e-04 7.00e+01  -4.0 4.15e-02    -  1.00e+00 2.50e-01h  3
 274  3.6273679e-04 2.54e-04 7.14e+01  -4.0 1.17e-01    -  1.00e+00 6.25e-02h  5
 275  3.6027577e-04 2.07e-04 7.00e+01  -4.0 2.59e-02    -  1.00e+00 5.00e-01h  2
 276  3.9239115e-04 2.33e-04 7.02e+01  -4.1 2.71e-02    -  1.00e+00 1.00e+00H  1
 277  3.8958776e-04 2.50e-04 7.02e+01  -4.0 7.79e-01    -  1.00e+00 1.56e-02h  7
 278  3.8593687e-04 2.04e-04 7.13e+01  -4.1 8.08e-02    -  1.00e+00 2.50e-01h  3
 279  3.5820568e-04 4.01e-04 7.13e+01  -4.1 7.04e-02    -  1.00e+00 2.50e-01h  3
iter    objective    inf_pr   inf_du lg(mu)  ||d||  lg(rg) alpha_du alpha_pr  ls
 280  3.5167905e-04 2.88e-04 7.13e+01  -4.1 8.47e-02    -  1.00e+00 2.50e-01h  3
 281  3.4709748e-04 2.80e-04 7.02e+01  -4.0 6.09e-01    -  1.00e+00 7.81e-03h  8
 282  3.4747096e-04 2.73e-04 7.13e+01  -4.1 2.10e-01    -  1.00e+00 1.56e-02h  7
 283  3.4253956e-04 2.17e-04 7.13e+01  -4.1 3.40e-02    -  1.00e+00 5.00e-01h  2
 284  3.3721468e-04 6.23e-05 7.13e+01  -4.1 1.72e-02    -  1.00e+00 1.00e+00h  1
 285  3.3776940e-04 4.26e-05 7.01e+01  -4.0 1.88e-02    -  1.00e+00 5.00e-01h  2
 286  3.3298079e-04 5.66e-05 7.01e+01  -3.7 1.39e+00    -  1.00e+00 1.12e-02h  7
 287  3.6103209e-04 4.91e-05 6.97e+01  -3.8 3.18e-02    -  1.00e+00 1.00e+00H  1
 288  3.4012308e-04 2.97e-04 6.99e+01  -4.0 4.29e-02    -  1.00e+00 5.00e-01h  2
 289  3.3461878e-04 2.93e-04 7.16e+01  -4.1 3.08e-01    -  1.00e+00 3.12e-02h  6
iter    objective    inf_pr   inf_du lg(mu)  ||d||  lg(rg) alpha_du alpha_pr  ls
 290  3.1072135e-04 4.37e-04 7.13e+01  -4.1 2.59e-02    -  1.00e+00 1.00e+00h  1
 291  3.0695502e-04 6.07e-05 7.14e+01  -4.0 1.72e-02    -  1.00e+00 1.00e+00h  1
 292  3.1415558e-04 6.05e-05 7.00e+01  -3.7 1.75e+00    -  1.00e+00 5.34e-03h  8
 293  2.9972566e-04 4.42e-05 7.00e+01  -4.0 1.59e-02    -  1.00e+00 1.00e+00h  1
 294  2.9894854e-04 6.17e-05 7.14e+01  -4.0 1.59e-02    -  1.00e+00 1.00e+00h  1
 295  2.9656375e-04 3.60e-05 7.13e+01  -4.1 2.16e-02    -  1.00e+00 1.00e+00h  1
 296  3.1388690e-04 2.69e-05 7.02e+01  -4.1 2.97e-01    -  1.00e+00 6.25e-02h  5
 297  3.0677792e-04 2.65e-05 7.02e+01  -4.1 4.08e-02    -  1.00e+00 6.25e-02h  5
 298  4.2508300e-04 8.90e-06 7.13e+01  -4.1 9.95e-02    -  1.00e+00 1.00e+00H  1
 299  4.1001749e-04 7.27e-04 7.01e+01  -4.0 1.05e-01    -  1.00e+00 5.00e-01h  2
iter    objective    inf_pr   inf_du lg(mu)  ||d||  lg(rg) alpha_du alpha_pr  ls
 300  3.0678029e-04 7.88e-04 7.01e+01  -4.1 7.23e+00    -  1.28e-01 9.08e-03h  5
 301  3.0243914e-04 7.79e-04 7.01e+01  -4.1 7.20e-01    -  9.79e-01 1.56e-02h  7
 302  3.0049632e-04 7.80e-04 7.13e+01  -4.1 2.60e-01    -  1.00e+00 6.25e-02h  5
 303  2.9312499e-04 9.44e-04 7.01e+01  -4.1 1.42e+00    -  6.32e-01 9.08e-03h  7
 304  4.9238865e-04 1.39e-03 7.13e+01  -4.1 9.11e-02    -  1.00e+00 1.00e+00H  1
 305  3.7828777e-04 6.36e-04 7.13e+01  -4.1 6.79e-02    -  1.00e+00 1.00e+00H  1
 306  3.2383980e-04 6.46e-04 7.02e+01  -4.1 2.22e-01    -  1.00e+00 1.25e-01h  4
 307  2.8535514e-04 5.71e-04 7.13e+01  -4.1 6.17e-01    -  1.00e+00 6.25e-02h  5
 308  2.7246061e-04 6.65e-04 7.13e+01  -4.0 3.32e-01    -  1.00e+00 6.25e-02h  5
 309  2.7227628e-04 5.91e-04 7.01e+01  -4.0 1.72e-01    -  1.00e+00 1.25e-01h  4
iter    objective    inf_pr   inf_du lg(mu)  ||d||  lg(rg) alpha_du alpha_pr  ls
 310  2.6365374e-04 6.30e-04 7.01e+01  -4.1 3.53e-01    -  1.00e+00 6.25e-02h  5
 311  2.5178773e-04 8.91e-05 7.02e+01  -4.1 2.65e-02    -  1.00e+00 1.00e+00h  1
 312  2.5078367e-04 8.57e-05 7.13e+01  -4.0 2.85e-01    -  1.00e+00 1.56e-02h  7
 313  2.4976464e-04 8.47e-05 7.01e+01  -4.1 2.27e-01    -  1.00e+00 1.56e-02h  7
 314  2.5066109e-04 8.47e-05 7.13e+01  -4.0 1.52e-01    -  1.00e+00 3.12e-02h  6
 315  3.1485789e-04 1.98e-05 7.14e+01  -4.0 7.15e-02    -  1.00e+00 1.00e+00H  1
 316  2.9432206e-04 1.92e-04 7.14e+01  -4.1 8.10e-02    -  1.00e+00 2.50e-01h  3
 317  2.9103169e-04 1.99e-04 7.14e+01  -4.1 5.74e-01    -  1.00e+00 3.12e-02h  6
 318  2.8151151e-04 3.18e-04 7.14e+01  -4.1 1.86e-01    -  1.00e+00 1.25e-01h  4
 319  2.5658623e-04 3.52e-04 7.13e+01  -4.1 3.99e-02    -  1.00e+00 1.00e+00h  1
iter    objective    inf_pr   inf_du lg(mu)  ||d||  lg(rg) alpha_du alpha_pr  ls
 320  2.7030681e-04 3.36e-04 7.01e+01  -4.1 5.69e-01    -  1.00e+00 3.12e-02h  6
 321  2.6919588e-04 3.33e-04 7.01e+01  -4.1 7.54e-01    -  8.88e-01 7.81e-03h  8
 322  2.4561735e-04 2.66e-04 7.01e+01  -4.1 6.89e-02    -  1.00e+00 2.50e-01h  3
 323  2.5514515e-04 2.06e-04 7.13e+01  -4.1 5.43e-02    -  1.00e+00 2.50e-01h  3
 324  2.4446616e-04 6.69e-05 7.02e+01  -4.1 1.75e-02    -  1.00e+00 1.00e+00h  1
 325  4.4630001e-04 3.65e-05 7.14e+01  -4.0 5.52e-02    -  1.00e+00 1.00e+00H  1
 326  2.6614394e-04 2.67e-04 7.13e+01  -4.1 6.80e-02    -  1.00e+00 1.00e+00h  1
 327  2.5585380e-04 2.98e-04 7.13e+01  -4.1 1.04e+00    -  1.00e+00 1.56e-02h  7
 328  2.4010879e-04 2.97e-04 7.02e+01  -4.1 9.81e-02    -  1.00e+00 1.25e-01h  4
 329  2.4998589e-04 5.72e-05 7.13e+01  -4.1 1.87e-02    -  1.00e+00 1.00e+00h  1
iter    objective    inf_pr   inf_du lg(mu)  ||d||  lg(rg) alpha_du alpha_pr  ls
 330  2.3846867e-04 1.94e-05 7.14e+01  -4.0 1.64e-02    -  1.00e+00 1.00e+00h  1
 331  2.3835324e-04 1.92e-05 7.14e+01  -4.0 6.48e-02    -  1.00e+00 1.56e-02h  7
 332  2.4481550e-04 2.17e-05 7.01e+01  -4.1 1.94e-02    -  1.00e+00 2.50e-01h  3
 333  2.3958395e-04 1.52e-05 7.00e+01  -4.0 5.24e-03    -  1.00e+00 1.00e+00h  1
 334  2.3717705e-04 1.29e-05 7.14e+01  -4.0 9.73e-03    -  1.00e+00 2.50e-01h  3
 335  2.3894715e-04 1.03e-05 7.01e+01  -4.0 3.26e-03    -  1.00e+00 1.00e+00h  1
 336  2.3893186e-04 1.05e-05 7.01e+01  -4.0 3.89e-02    -  1.00e+00 6.25e-02h  5
 337  2.3762342e-04 9.61e-06 7.01e+01  -4.1 1.62e-02    -  1.00e+00 1.25e-01h  4
 338  2.3845154e-04 9.51e-06 7.13e+01  -4.1 1.57e-02    -  1.00e+00 6.25e-02h  5
 339  2.3780035e-04 6.31e-06 7.13e+01  -4.1 3.26e-03    -  1.00e+00 1.00e+00h  1
iter    objective    inf_pr   inf_du lg(mu)  ||d||  lg(rg) alpha_du alpha_pr  ls
 340  2.3676786e-04 3.98e-05 7.01e+01  -4.1 1.66e-01    -  1.00e+00 3.12e-02h  6
 341  2.3666898e-04 7.18e-05 7.01e+01  -4.1 1.71e-02    -  1.00e+00 5.00e-01h  2
 342  2.3608280e-04 1.05e-04 7.01e+01  -4.1 1.33e-01    -  1.00e+00 6.25e-02h  5
 343  2.3500642e-04 9.28e-05 7.01e+01  -4.1 7.78e-02    -  1.00e+00 6.25e-02h  5
 344  2.3340250e-04 8.32e-05 7.01e+01  -4.1 7.75e-02    -  1.00e+00 6.25e-02h  5
 345  2.3361475e-04 1.12e-04 7.01e+01  -4.1 3.33e-02    -  1.00e+00 2.50e-01h  3
 346  2.3173978e-04 2.61e-04 7.01e+01  -4.1 1.33e-01    -  1.00e+00 1.25e-01h  4
 347  2.3069098e-04 3.95e-04 7.01e+01  -4.1 4.71e-01    -  1.00e+00 3.12e-02h  6
 348  2.2834214e-04 3.95e-04 9.92e+01  -4.1 1.75e-01    -  1.00e+00 3.92e-06h 12
 349  2.2921600e-04 2.20e-04 6.49e+01  -4.1 1.64e-02    -  1.00e+00 5.00e-01h  2
iter    objective    inf_pr   inf_du lg(mu)  ||d||  lg(rg) alpha_du alpha_pr  ls
 350  2.3111891e-04 1.66e-04 7.62e+01  -4.1 1.81e-02    -  1.00e+00 2.50e-01h  3
 351  2.3154037e-04 1.25e-04 6.52e+01  -4.1 1.72e-02    -  1.00e+00 2.50e-01h  3
 352  2.3135614e-04 1.25e-04 7.66e+01  -4.1 2.17e-01    -  1.01e-02 2.38e-07h 23
 353  2.3310225e-04 1.35e-05 2.17e+03  -4.1 4.03e-03    -  1.00e+00 1.00e+00h  1
 354  2.3522868e-04 6.51e-06 1.13e+03  -4.1 3.83e-03    -  1.00e+00 1.00e+00H  1
 355  2.4048974e-04 8.45e-06 1.25e+03  -4.0 3.47e-03    -  1.00e+00 1.00e+00h  1
 356  2.4434434e-04 8.05e-07 1.39e+03  -4.0 1.59e-03    -  1.00e+00 1.00e+00h  1
 357  2.5898281e-04 3.35e-08 1.27e+03  -4.0 7.38e-03    -  1.00e+00 1.00e+00H  1
 358  2.6325995e-04 2.43e-09 1.26e+03  -4.0 9.43e-04    -  1.00e+00 1.00e+00H  1
 359  3.0221965e-04 1.03e-09 1.26e+03  -4.1 3.34e-04    -  1.00e+00 1.17e-03h  9
iter    objective    inf_pr   inf_du lg(mu)  ||d||  lg(rg) alpha_du alpha_pr  ls
 360  1.0237017e-02 5.02e-07 8.85e+02  -4.1 3.32e-04    -  3.00e-01 3.00e-01s 21
 361  9.3000799e-03 4.58e-07 1.37e+00  -4.1 2.69e-04    -  1.00e+00 1.00e+00s 21
 362  9.5313510e-03 4.69e-07 3.41e-01  -4.1 1.22e-04    -  1.00e+00 1.00e+00s 21
 363  9.2440398e-03 4.55e-07 1.03e-01  -4.1 4.09e-05    -  5.88e-01 5.88e-01s 21
 364r 9.2440398e-03 4.55e-07 8.39e+02  -4.1 0.00e+00    -  0.00e+00 0.00e+00R  1
 365r 1.3567072e-03 1.04e-07 7.72e+00  -4.0 1.49e-03    -  1.00e+00 1.97e-01f  1
 366r 2.7250851e-04 2.54e-09 1.83e-04  -3.8 2.31e-05    -  1.00e+00 1.00e+00f  1
 367  2.4257555e-04 4.91e-10 7.23e+01  -4.1 4.02e-04    -  1.00e+00 3.12e-02h  6
 368  2.4146629e-04 6.70e-10 6.92e+01  -4.0 7.89e-07    -  1.00e+00 5.00e-01h  2
 369  2.3711868e-04 4.92e-10 7.24e+01  -4.1 3.10e-06    -  1.00e+00 1.00e+00h  1
iter    objective    inf_pr   inf_du lg(mu)  ||d||  lg(rg) alpha_du alpha_pr  ls
 370  2.3759740e-04 1.78e-10 6.91e+01  -4.1 1.02e-06    -  1.00e+00 5.00e-01h  2
 371  2.3695056e-04 1.40e-10 6.92e+01  -4.1 2.33e-06    -  1.00e+00 1.00e+00h  1
 372  2.3708723e-04 1.00e-10 7.22e+01  -4.1 2.19e-06    -  1.00e+00 1.00e+00h  1
 373  2.3675743e-04 1.72e-10 7.21e+01  -4.1 9.05e-07    -  1.00e+00 1.00e+00h  1
 374  2.3696169e-04 1.20e-10 6.94e+01  -4.1 9.07e-07    -  1.00e+00 1.00e+00h  1
 375  2.3679965e-04 1.16e-10 6.95e+01  -4.1 5.01e-07    -  1.00e+00 1.00e+00h  1
 376  2.3675230e-04 1.12e-10 7.18e+01  -4.1 4.67e-07    -  1.00e+00 1.00e+00h  1
 377  2.3671965e-04 1.23e-10 6.97e+01  -4.1 2.35e-07    -  1.00e+00 1.00e+00h  1
 378  2.3671067e-04 1.13e-10 7.16e+01  -4.1 2.04e-07    -  1.00e+00 1.00e+00h  1
 379  2.3669958e-04 1.16e-10 6.99e+01  -4.1 7.86e-08    -  1.00e+00 1.00e+00h  1
iter    objective    inf_pr   inf_du lg(mu)  ||d||  lg(rg) alpha_du alpha_pr  ls
 380  2.3670031e-04 1.17e-10 7.14e+01  -4.1 5.70e-07    -  1.00e+00 1.00e+00H  1
 381  2.3669519e-04 1.22e-10 7.13e+01  -4.1 6.58e-08    -  1.00e+00 1.00e+00h  1
 382  2.3669518e-04 1.21e-10 7.01e+01  -4.1 2.56e-08    -  1.00e+00 1.25e-01h  4
 383  2.3669486e-04 1.21e-10 7.12e+01  -4.1 6.21e-08    -  1.00e+00 1.00e+00h  1
 384  2.3669472e-04 1.14e-10 7.03e+01  -4.1 7.59e-06    -  1.00e+00 1.00e+00h  1
 385  2.3641668e-04 3.65e-08 7.13e+01  -4.1 3.09e-04    -  1.00e+00 1.00e+00h  1
 386  2.3615984e-04 1.47e-08 7.12e+01  -4.1 3.07e-04    -  1.00e+00 1.00e+00h  1
 387  2.3381294e-04 1.19e-04 7.08e+01  -4.1 1.04e-01    -  1.00e+00 1.25e-01h  4
 388  2.3383516e-04 4.95e-04 7.10e+01  -4.1 2.66e-02    -  1.00e+00 1.00e+00h  1
 389  2.2819750e-04 1.48e-04 7.03e+01  -4.1 1.39e-02    -  1.00e+00 1.00e+00h  1
iter    objective    inf_pr   inf_du lg(mu)  ||d||  lg(rg) alpha_du alpha_pr  ls
 390  2.3057664e-04 9.88e-05 7.13e+01  -4.1 1.03e-02    -  1.00e+00 1.00e+00h  1
 391  2.3221916e-04 3.97e-05 7.13e+01  -4.1 1.33e-02    -  1.00e+00 1.00e+00h  1
 392  2.3591296e-04 2.54e-05 7.02e+01  -4.1 8.38e-03    -  1.00e+00 5.00e-01h  2
 393  2.3431230e-04 3.07e-05 7.02e+01  -4.1 1.53e+00    -  9.91e-01 1.95e-03h 10
 394  2.3331735e-04 2.66e-05 7.02e+01  -4.1 8.15e-03    -  1.00e+00 5.00e-01h  2
 395  2.2989257e-04 2.16e-05 7.02e+01  -4.1 2.55e-02    -  1.00e+00 2.50e-01h  3
 396  2.2919817e-04 2.03e-05 7.13e+01  -4.1 4.41e-02    -  1.00e+00 6.25e-02h  5
 397  2.3038220e-04 7.36e-06 7.02e+01  -4.1 2.91e-03    -  1.00e+00 1.00e+00h  1
 398  2.3035911e-04 1.67e-05 7.01e+01  -4.0 1.11e-02    -  1.00e+00 5.00e-01h  2
 399  2.3130105e-04 1.67e-05 7.01e+01  -4.1 1.08e-02    -  1.00e+00 5.00e-01h  2
iter    objective    inf_pr   inf_du lg(mu)  ||d||  lg(rg) alpha_du alpha_pr  ls
 400  2.3154450e-04 1.40e-05 7.13e+01  -4.1 1.23e-02    -  1.00e+00 2.50e-01h  3
 401  2.3080001e-04 6.49e-06 7.13e+01  -4.1 5.16e-03    -  1.00e+00 1.00e+00h  1
 402  2.2880296e-04 6.88e-05 7.02e+01  -4.1 1.23e-02    -  1.00e+00 1.00e+00h  1
 403  2.2922127e-04 6.24e-05 7.02e+01  -4.1 1.69e-02    -  1.00e+00 1.25e-01h  4
 404  2.3016439e-04 1.70e-05 7.02e+01  -4.1 5.91e-03    -  1.00e+00 1.00e+00h  1
 405  2.2968343e-04 1.68e-05 7.12e+01  -4.1 1.03e-01    -  1.00e+00 1.56e-02h  7
 406  2.2989636e-04 5.67e-06 7.02e+01  -4.1 3.63e-03    -  1.00e+00 1.00e+00h  1
 407  2.2987574e-04 4.30e-06 7.01e+01  -4.0 5.80e-03    -  1.00e+00 2.50e-01h  3
 408  2.3041983e-04 7.92e-07 7.14e+01  -4.0 2.15e-03    -  1.00e+00 1.00e+00h  1
 409  2.3017322e-04 5.39e-06 7.14e+01  -4.0 1.47e-02    -  1.00e+00 2.50e-01h  3
iter    objective    inf_pr   inf_du lg(mu)  ||d||  lg(rg) alpha_du alpha_pr  ls
 410  2.3001451e-04 4.63e-06 7.13e+01  -4.1 6.47e-03    -  1.00e+00 2.50e-01h  3
 411  2.2945981e-04 5.76e-06 7.12e+01  -4.1 2.99e-03    -  1.00e+00 1.00e+00h  1
 412  2.2942097e-04 3.80e-06 7.12e+01  -4.1 3.33e-03    -  1.00e+00 2.50e-01h  3
 413  2.2938870e-04 3.72e-06 7.02e+01  -4.1 2.48e-02    -  1.00e+00 3.12e-02h  6
 414  2.2938385e-04 3.51e-06 7.02e+01  -4.1 3.85e-03    -  1.00e+00 1.00e+00h  1
 415  2.2922655e-04 4.21e-06 7.12e+01  -4.1 7.06e-02    -  1.00e+00 3.12e-02h  6
 416  2.2896463e-04 4.86e-06 7.12e+01  -4.1 4.06e-02    -  1.00e+00 6.25e-02h  5
 417  2.3046168e-04 6.44e-07 7.12e+01  -4.1 7.80e-03    -  1.00e+00 1.00e+00H  1
 418  2.3031530e-04 6.77e-07 7.12e+01  -4.1 2.27e-01    -  1.00e+00 3.91e-03h  9
 419  2.2987974e-04 8.01e-07 7.12e+01  -4.1 8.09e-02    -  1.00e+00 1.56e-02h  7
iter    objective    inf_pr   inf_du lg(mu)  ||d||  lg(rg) alpha_du alpha_pr  ls
 420  2.2980600e-04 8.00e-07 7.12e+01  -4.1 6.63e-01    -  1.00e+00 4.88e-04h 12
 421  2.2723994e-04 5.85e-05 7.12e+01  -4.1 5.65e-01    -  1.00e+00 1.56e-02h  7
 422  2.2723323e-04 5.85e-05 7.02e+01  -4.1 2.16e+00    -  8.09e-03 1.90e-08h 26
 423  2.2778661e-04 1.42e-05 7.12e+01  -4.1 4.29e-03    -  1.00e+00 1.00e+00h  1
 424  2.2712781e-04 2.76e-05 7.03e+01  -4.1 5.55e-01    -  1.00e+00 7.81e-03h  8
 425  2.2685378e-04 3.48e-05 7.12e+01  -4.1 5.66e-02    -  1.00e+00 6.25e-02h  5
 426  2.2635657e-04 7.99e-05 7.03e+01  -4.1 5.97e-01    -  1.00e+00 1.56e-02h  7
 427  2.2606846e-04 1.29e-04 7.12e+01  -4.1 4.71e-01    -  1.00e+00 1.56e-02h  7
 428  2.2329086e-04 2.21e-04 7.03e+01  -4.1 1.33e+00    -  1.00e+00 1.56e-02h  7
 429  2.2168690e-04 2.54e-04 7.12e+01  -4.1 7.66e-01    -  1.00e+00 7.81e-03h  8
iter    objective    inf_pr   inf_du lg(mu)  ||d||  lg(rg) alpha_du alpha_pr  ls
 430  2.2132301e-04 2.55e-04 7.12e+01  -4.1 3.26e-01    -  1.00e+00 7.81e-03h  8
 431  2.2127970e-04 2.55e-04 7.12e+01  -4.1 1.63e-01    -  1.00e+00 3.12e-02h  6
 432  2.2087934e-04 2.60e-04 7.02e+01  -4.1 5.36e-01    -  1.00e+00 7.81e-03h  8
 433  2.2154535e-04 2.58e-04 7.12e+01  -4.1 3.75e-01    -  1.00e+00 1.56e-02h  7
 434  2.2153660e-04 2.58e-04 7.02e+01  -4.1 2.59e-01    -  1.34e-02 1.49e-08h 27
 435  2.2311866e-04 6.29e-05 1.64e+04  -4.1 5.52e-04    -  1.00e+00 1.00e+00h  1
 436  2.2425364e-04 3.16e-05 2.14e+04  -4.1 1.44e-03    -  1.00e+00 1.00e+00h  1
 437  2.2487799e-04 1.91e-05 1.55e+04  -4.1 1.75e-03    -  1.00e+00 1.00e+00h  1
 438  2.2672476e-04 1.91e-05 1.57e+04  -4.1 2.18e-01    -  1.00e+00 1.06e-05h 11
 439  2.2686106e-04 1.91e-05 1.57e+04  -4.1 1.91e-02    -  1.00e+00 6.10e-05h 15
iter    objective    inf_pr   inf_du lg(mu)  ||d||  lg(rg) alpha_du alpha_pr  ls
 440  2.4642371e-03 2.70e-04 4.86e+03  -4.1 1.91e-02    -  1.00e+00 1.00e+00s 22
 441  6.7677836e-04 2.41e-04 3.13e+03  -4.1 1.88e-02    -  9.85e-01 9.85e-01s 22
 442  4.7178335e-04 5.33e-05 2.86e+03  -4.1 8.71e-03    -  1.00e+00 1.00e+00s 22
 443  3.3660693e-04 1.72e-06 2.86e+03  -4.1 1.58e-03    -  1.00e+00 0.00e+00S 22
 444  4.5611304e-04 2.65e-07 2.67e+03  -4.1 4.47e-04    -  1.00e+00 1.00e+00h  1
 445  5.8659440e-04 2.64e-07 2.66e+03  -4.1 2.77e-03    -  1.00e+00 6.25e-02h  5
 446  1.0224535e-02 2.93e-06 2.29e+03  -4.1 1.43e-02    -  1.40e-01 1.40e-01s 20
 447  7.5478318e-03 3.69e-07 1.22e+01  -4.1 2.35e-04    -  1.00e+00 1.00e+00s 20
 448  9.6343109e-03 5.74e-07 4.37e+00  -4.1 8.05e-04    -  1.00e+00 1.00e+00s 20
 449  1.0052538e-02 4.97e-07 3.20e+00  -4.1 2.64e-04    -  1.00e+00 1.00e+00s 20
iter    objective    inf_pr   inf_du lg(mu)  ||d||  lg(rg) alpha_du alpha_pr  ls
 450  1.0134712e-02 5.01e-07 1.82e-01  -4.1 3.24e-05    -  1.00e+00 1.00e+00s 20
 451  1.0152550e-02 5.01e-07 2.77e-02  -4.1 4.38e-05    -  1.00e+00 1.00e+00s 20
 452  1.0148930e-02 5.01e-07 1.48e-02  -4.1 5.66e-06    -  1.00e+00 1.00e+00s 20
 453  1.0118983e-02 5.00e-07 5.02e-03  -4.1 5.25e-06    -  4.37e-01 4.37e-01s 20
 454r 1.0118983e-02 5.00e-07 8.53e+02  -4.1 0.00e+00    -  0.00e+00 0.00e+00R  1
 455r 1.7846751e-03 1.23e-07 1.35e+02  -4.0 5.60e-04    -  1.00e+00 1.50e-01f  1
 456r 3.5051328e-04 2.08e-08 3.20e+01  -4.0 3.88e-05    -  8.31e-01 1.00e+00f  1
 457  3.8823189e-04 8.19e-09 1.37e+02  -4.1 3.44e-05    -  1.00e+00 1.00e+00H  1
 458  3.2789128e-04 5.01e-09 1.09e+01  -4.1 8.57e-06    -  1.00e+00 1.00e+00h  1
 459  3.0183911e-04 4.90e-09 1.39e+01  -4.1 1.14e-04    -  1.00e+00 1.00e+00h  1
iter    objective    inf_pr   inf_du lg(mu)  ||d||  lg(rg) alpha_du alpha_pr  ls
 460  2.7205699e-04 9.12e-09 1.59e+01  -4.1 2.04e-04    -  1.00e+00 1.00e+00h  1
 461  2.3993753e-04 3.08e-08 1.72e+01  -4.1 3.69e-04    -  1.00e+00 1.00e+00h  1
 462  2.3651164e-04 3.37e-08 1.24e+02  -4.1 1.99e-02    -  1.00e+00 7.81e-03h  8
 463  4.0053447e-04 2.63e-05 8.36e+01  -4.1 4.97e-03    -  1.00e+00 1.00e+00s 22
 464  2.9825884e-04 7.01e-06 7.21e+01  -4.1 2.57e-03    -  1.00e+00 1.00e+00s 22
 465r 2.9825884e-04 7.01e-06 9.89e+02  -4.1 0.00e+00    -  0.00e+00 0.00e+00R  1
 466r 1.6316423e-03 7.40e-07 1.03e+01  -4.0 2.52e-02    -  1.00e+00 1.15e-02f  1
 467r 1.9539854e-03 5.75e-06 6.76e-05  -3.5 2.37e-03    -  1.00e+00 1.00e+00f  1
 468r 4.9104483e-04 5.72e-06 2.53e-02  -3.6 2.28e-03    -  1.00e+00 1.00e+00f  1
 469r 1.6435091e-03 5.11e-06 8.84e-04  -3.6 2.05e-03    -  1.00e+00 1.00e+00h  1
iter    objective    inf_pr   inf_du lg(mu)  ||d||  lg(rg) alpha_du alpha_pr  ls
 470r 2.5762148e-04 1.08e-09 1.31e-04  -5.4 1.51e-05    -  1.00e+00 1.00e+00f  1
 471  2.2812195e-04 1.16e-08 7.18e+01  -4.1 8.16e-03    -  1.00e+00 1.56e-02h  7
 472  2.2589681e-04 6.79e-06 6.97e+01  -4.0 1.27e-02    -  1.00e+00 2.50e-01h  3
 473  2.2422114e-04 1.75e-06 7.07e+01  -4.1 1.60e-03    -  1.00e+00 1.00e+00h  1
 474  2.2988299e-04 4.68e-07 7.15e+01  -4.1 8.13e-04    -  1.00e+00 1.00e+00h  1
 475  2.2762215e-04 8.52e-08 7.10e+01  -4.1 3.50e-04    -  1.00e+00 1.00e+00h  1
 476  2.2610181e-04 8.87e-08 7.04e+01  -4.1 4.29e-01    -  5.02e-01 2.44e-04h 13
 477  2.2533875e-04 3.39e-08 7.09e+01  -4.1 2.13e-04    -  1.00e+00 1.00e+00h  1
 478  2.2509691e-04 2.67e-08 7.04e+01  -4.1 2.00e-04    -  1.00e+00 1.00e+00h  1
 479  2.2478063e-04 5.41e-07 7.09e+01  -4.1 1.73e-03    -  1.00e+00 1.00e+00h  1
iter    objective    inf_pr   inf_du lg(mu)  ||d||  lg(rg) alpha_du alpha_pr  ls
 480  2.2374700e-04 2.44e-06 7.07e+01  -4.1 7.41e-03    -  1.00e+00 5.00e-01h  2
 481  2.2371125e-04 1.17e-06 7.02e+01  -4.1 2.44e-03    -  1.00e+00 1.00e+00h  1
 482  2.2442250e-04 1.06e-06 7.10e+01  -4.1 1.10e-02    -  1.00e+00 2.50e-01h  3
 483  2.2344317e-04 4.29e-06 7.13e+01  -4.1 2.48e-03    -  1.00e+00 1.00e+00h  1
 484  2.2329544e-04 4.38e-06 7.02e+01  -4.1 1.17e-02    -  1.00e+00 1.25e-01h  4
 485  2.2231898e-04 1.48e-05 7.12e+01  -4.1 1.59e-02    -  1.00e+00 2.50e-01h  3
 486  2.2268103e-04 2.56e-06 7.02e+01  -4.1 4.45e-03    -  1.00e+00 1.00e+00h  1
 487  2.2267294e-04 1.86e-06 7.02e+01  -4.1 4.42e-03    -  1.00e+00 5.00e-01h  2
 488  2.2249572e-04 4.90e-06 7.12e+01  -4.1 5.19e-03    -  1.00e+00 5.00e-01h  2
 489  2.2228978e-04 1.02e-05 7.12e+01  -4.1 1.11e-02    -  1.00e+00 2.50e-01h  3
iter    objective    inf_pr   inf_du lg(mu)  ||d||  lg(rg) alpha_du alpha_pr  ls
 490  2.2224276e-04 5.71e-06 7.12e+01  -4.1 4.79e-03    -  1.00e+00 5.00e-01h  2
 491  2.2223899e-04 5.51e-06 7.02e+01  -4.1 1.54e-02    -  1.00e+00 6.25e-02h  5
 492  2.2237101e-04 2.92e-06 7.02e+01  -4.1 2.14e-03    -  1.00e+00 1.00e+00h  1
 493  2.2241777e-04 3.26e-06 7.02e+01  -4.1 1.02e-02    -  1.00e+00 1.25e-01h  4
 494  2.2236665e-04 3.18e-06 7.13e+01  -4.1 2.68e-02    -  1.00e+00 1.56e-02h  7
 495  2.2243447e-04 1.78e-06 7.12e+01  -4.1 2.33e-03    -  1.00e+00 5.00e-01h  2
 496  2.2242637e-04 1.58e-06 7.12e+01  -4.1 1.17e-02    -  1.00e+00 1.25e-01h  4
 497  2.2278973e-04 5.65e-07 7.02e+01  -4.1 1.90e-03    -  1.00e+00 1.00e+00H  1
 498  2.2204685e-04 9.28e-06 7.02e+01  -4.1 4.17e-03    -  1.00e+00 1.00e+00h  1
 499  2.2177852e-04 8.49e-06 7.02e+01  -4.1 3.38e-02    -  1.00e+00 6.25e-02h  5
iter    objective    inf_pr   inf_du lg(mu)  ||d||  lg(rg) alpha_du alpha_pr  ls
 500  2.2113017e-04 8.41e-06 7.02e+01  -4.1 2.75e-02    -  1.00e+00 1.25e-01h  4
 501  2.2110186e-04 8.40e-06 7.02e+01  -4.1 1.34e-01    -  1.00e+00 9.77e-04h 11
 502  2.2129356e-04 6.32e-06 7.12e+01  -4.1 5.92e-03    -  1.00e+00 2.50e-01h  3
 503  2.2135235e-04 6.42e-06 7.02e+01  -4.1 7.36e-03    -  1.00e+00 5.00e-01h  2
 504  2.2131618e-04 6.31e-06 7.02e+01  -4.1 1.31e-01    -  1.00e+00 7.81e-03h  8
 505  2.2076189e-04 1.13e-05 7.12e+01  -4.1 3.83e-02    -  1.00e+00 6.25e-02h  5
 506  2.2137245e-04 1.90e-06 7.12e+01  -4.1 2.70e-03    -  1.00e+00 1.00e+00h  1
 507  2.2151489e-04 8.97e-07 7.02e+01  -4.1 1.87e-03    -  1.00e+00 1.00e+00h  1
 508  2.2151202e-04 5.85e-07 7.12e+01  -4.1 1.37e-03    -  1.00e+00 1.00e+00h  1
 509  2.2146704e-04 6.17e-07 7.12e+01  -4.1 1.14e-02    -  1.00e+00 3.12e-02h  6
iter    objective    inf_pr   inf_du lg(mu)  ||d||  lg(rg) alpha_du alpha_pr  ls
 510  2.2130810e-04 7.71e-07 7.12e+01  -4.1 3.84e-03    -  1.00e+00 5.00e-01h  2
 511  2.2124570e-04 1.48e-06 7.03e+01  -4.1 5.86e-02    -  1.00e+00 3.12e-02h  6
 512  2.2104137e-04 2.24e-06 7.03e+01  -4.1 2.13e-02    -  1.00e+00 1.25e-01h  4
 513  2.2081480e-04 2.70e-06 7.12e+01  -4.1 8.73e-02    -  1.00e+00 3.12e-02h  6
 514  2.2074835e-04 2.72e-06 7.03e+01  -4.1 1.55e-01    -  1.00e+00 7.81e-03h  8
 515  2.2070234e-04 2.84e-06 7.03e+01  -4.1 6.95e-02    -  1.00e+00 1.56e-02h  7
 516  2.2041414e-04 5.86e-06 7.12e+01  -4.1 7.83e-02    -  1.00e+00 6.25e-02h  5
 517  2.1961427e-04 2.87e-05 7.12e+01  -4.1 5.66e-02    -  1.00e+00 2.50e-01h  3
 518  2.1934944e-04 2.99e-05 7.02e+01  -4.1 4.06e-01    -  1.00e+00 1.56e-02h  7
 519  2.1879012e-04 3.66e-05 7.12e+01  -4.1 9.87e-01    -  1.00e+00 1.56e-02h  7
iter    objective    inf_pr   inf_du lg(mu)  ||d||  lg(rg) alpha_du alpha_pr  ls
 520  2.1798007e-04 3.65e-05 7.02e+01  -4.1 1.66e-01    -  1.00e+00 3.12e-02h  6
 521  2.1785202e-04 3.62e-05 7.12e+01  -4.0 5.64e-01    -  1.00e+00 3.91e-03h  9
 522  2.1621533e-04 8.20e-05 7.12e+01  -4.1 7.87e-01    -  1.00e+00 3.12e-02h  6
 523  2.1530437e-04 8.93e-05 7.12e+01  -4.1 4.94e-01    -  1.00e+00 3.12e-02h  6
 524  2.1493405e-04 9.05e-05 7.12e+01  -4.1 3.64e-01    -  1.00e+00 3.12e-02h  6
 525  2.1496689e-04 8.90e-05 7.12e+01  -4.1 1.81e-01    -  1.00e+00 3.12e-02h  6
 526  2.1483808e-04 1.01e-04 7.12e+01  -4.1 2.31e-01    -  1.00e+00 3.12e-02h  6
 527  2.1485789e-04 9.94e-05 7.02e+01  -4.1 5.70e-02    -  1.00e+00 1.25e-01h  4
 528  2.1559965e-04 9.62e-05 7.12e+01  -4.1 8.59e-02    -  1.00e+00 3.12e-02h  6
 529  2.1397571e-04 1.14e-04 7.12e+01  -4.1 1.31e+00    -  1.00e+00 7.81e-03h  8
iter    objective    inf_pr   inf_du lg(mu)  ||d||  lg(rg) alpha_du alpha_pr  ls
 530  2.1263337e-04 1.11e-04 7.12e+01  -4.1 1.40e-01    -  1.00e+00 6.25e-02h  5
 531  2.2970233e-04 1.24e-05 7.02e+01  -4.1 2.41e-02    -  1.00e+00 1.00e+00H  1
 532  2.2125653e-04 3.37e-05 7.02e+01  -4.1 4.64e-02    -  1.00e+00 2.50e-01h  3
 533  2.1579349e-04 5.03e-05 7.02e+01  -4.1 3.45e-01    -  1.00e+00 3.12e-02h  6
 534  2.1526854e-04 4.99e-05 7.12e+01  -4.1 1.35e-01    -  1.00e+00 1.56e-02h  7
 535  2.1507862e-04 4.99e-05 7.02e+01  -4.1 3.52e-01    -  1.00e+00 3.91e-03h  9
 536  2.1242457e-04 9.19e-05 7.13e+01  -4.1 3.41e-02    -  1.00e+00 5.00e-01h  2
 537  2.0952297e-04 8.23e-05 7.13e+01  -4.1 7.94e-02    -  1.00e+00 1.25e-01h  4
 538  2.0865178e-04 9.56e-05 7.01e+01  -4.1 3.20e-01    -  1.00e+00 6.25e-02h  5
 539  2.0607671e-04 9.90e-05 7.01e+01  -4.1 3.73e-01    -  1.00e+00 3.12e-02h  6
iter    objective    inf_pr   inf_du lg(mu)  ||d||  lg(rg) alpha_du alpha_pr  ls
 540  2.0663388e-04 8.73e-05 7.01e+01  -4.0 9.70e-02    -  1.00e+00 1.25e-01h  4
 541  2.0609305e-04 1.42e-04 7.13e+01  -4.0 2.08e-01    -  1.00e+00 6.25e-02h  5
 542  2.0416398e-04 1.48e-04 7.13e+01  -4.1 1.92e-01    -  1.00e+00 3.12e-02h  6
 543  2.0637256e-04 2.43e-04 7.01e+01  -4.1 1.07e-01    -  1.00e+00 1.25e-01h  4
 544  2.0353911e-04 1.96e-04 7.01e+01  -4.1 1.52e-01    -  1.00e+00 1.25e-01h  4
 545  2.0220204e-04 2.41e-04 7.13e+01  -4.1 2.95e-01    -  1.00e+00 3.12e-02h  6
 546  2.1032480e-04 1.87e-04 7.01e+01  -4.1 3.59e-02    -  1.00e+00 5.00e-01h  2
 547  2.3536536e-04 9.72e-05 7.01e+01  -4.1 3.20e-02    -  1.00e+00 1.00e+00H  1
 548  2.2987766e-04 2.30e-04 7.01e+01  -4.1 2.77e-01    -  1.00e+00 6.25e-02h  5
 549  8.0058496e-04 6.50e-05 7.13e+01  -4.1 6.91e-02    -  1.00e+00 1.00e+00H  1
iter    objective    inf_pr   inf_du lg(mu)  ||d||  lg(rg) alpha_du alpha_pr  ls
 550  6.6451278e-04 7.01e-05 7.13e+01  -4.1 7.75e-02    -  1.00e+00 1.25e-01h  4
 551  5.9652157e-04 6.24e-05 7.13e+01  -4.1 1.79e-01    -  1.00e+00 6.25e-02h  5
 552  5.7326137e-04 6.21e-05 7.13e+01  -4.1 3.38e+00    -  4.26e-01 1.60e-03h  9
 553  5.7838024e-04 6.20e-05 7.01e+01  -4.1 1.48e+01    -  2.47e-02 7.37e-05h 11
 554  4.5188889e-04 7.48e-05 7.02e+01  -4.1 3.31e-02    -  1.00e+00 2.50e-01h  3
 555  2.6928544e-04 9.60e-04 7.13e+01  -4.1 5.81e-02    -  1.00e+00 1.00e+00h  1
 556  3.4853691e-04 1.25e-03 7.13e+01  -4.1 6.91e-02    -  1.00e+00 1.00e+00h  1
 557  2.8032396e-04 1.23e-03 7.01e+01  -4.1 1.09e-01    -  1.00e+00 2.50e-01h  3
 558  4.1998219e-04 7.23e-04 7.01e+01  -4.1 1.97e-01    -  1.00e+00 5.00e-01h  2
 559  2.2310168e-04 6.02e-04 7.13e+01  -4.1 7.70e-02    -  1.00e+00 1.00e+00h  1
iter    objective    inf_pr   inf_du lg(mu)  ||d||  lg(rg) alpha_du alpha_pr  ls
 560  2.1359360e-04 5.93e-04 7.01e+01  -4.1 4.33e-01    -  1.00e+00 1.56e-02h  7
 561  2.0951364e-04 2.47e-04 7.13e+01  -4.1 1.79e-02    -  1.00e+00 1.00e+00h  1
 562  2.0605823e-04 7.13e-05 7.14e+01  -4.0 9.84e-03    -  1.00e+00 1.00e+00h  1
 563  2.0267781e-04 4.19e-05 7.00e+01  -4.0 6.00e-02    -  1.00e+00 1.25e-01h  4
 564  2.0313296e-04 4.83e-05 7.14e+01  -4.0 6.15e-02    -  1.00e+00 6.25e-02h  5
 565  2.3107010e-04 4.74e-05 7.14e+01  -4.0 2.11e-02    -  1.00e+00 1.00e+00H  1
 566  2.0185422e-04 6.03e-05 7.02e+01  -4.1 2.05e-02    -  1.00e+00 1.00e+00h  1
 567  2.0625976e-04 3.80e-05 7.13e+01  -4.1 1.61e-02    -  1.00e+00 5.00e-01h  2
 568  2.0470083e-04 4.16e-05 7.13e+01  -4.1 7.22e-02    -  1.00e+00 1.25e-01h  4
 569  2.0510968e-04 3.93e-05 7.02e+01  -4.1 1.01e-02    -  1.00e+00 1.00e+00h  1
iter    objective    inf_pr   inf_du lg(mu)  ||d||  lg(rg) alpha_du alpha_pr  ls
 570  2.0303751e-04 4.43e-04 7.14e+01  -4.0 2.29e-02    -  1.00e+00 1.00e+00H  1
 571  2.3931516e-04 2.78e-04 7.01e+01  -4.1 1.04e-01    -  1.00e+00 2.50e-01h  3
 572  2.0692475e-04 2.72e-04 7.01e+01  -4.1 4.00e-02    -  1.00e+00 5.00e-01h  2
 573  2.2858563e-04 2.27e-04 7.01e+01  -4.1 6.52e-02    -  1.00e+00 2.50e-01h  3
 574  2.2827304e-04 2.09e-04 7.01e+01  -4.1 1.13e-01    -  1.00e+00 6.25e-02h  5
 575  2.0230699e-04 1.80e-04 7.13e+01  -4.1 2.84e-01    -  1.00e+00 6.25e-02h  5
 576  2.2053991e-04 1.67e-04 7.01e+01  -4.1 4.51e-01    -  1.00e+00 3.12e-02h  6
 577  2.1514967e-04 1.80e-04 7.01e+01  -4.1 2.04e-02    -  1.00e+00 1.00e+00h  1
 578  2.0365765e-04 1.70e-04 7.01e+01  -4.1 9.88e-02    -  1.00e+00 1.25e-01h  4
 579  2.1934032e-04 1.92e-04 7.13e+01  -4.1 1.73e-02    -  1.00e+00 1.00e+00h  1
iter    objective    inf_pr   inf_du lg(mu)  ||d||  lg(rg) alpha_du alpha_pr  ls
 580  2.0350471e-04 2.66e-04 7.13e+01  -4.1 1.57e-02    -  1.00e+00 1.00e+00h  1
 581  2.2143398e-04 1.60e-04 7.01e+01  -4.1 2.77e-02    -  1.00e+00 5.00e-01h  2
 582  2.2117563e-04 1.59e-04 7.01e+01  -4.1 1.84e-01    -  1.00e+00 3.91e-03h  9
 583  2.2078931e-04 1.58e-04 7.01e+01  -4.1 1.91e-01    -  1.00e+00 7.81e-03h  8
 584  2.4650525e-04 5.77e-05 7.13e+01  -4.1 2.91e-02    -  1.00e+00 1.00e+00h  1
 585  2.0388928e-04 7.76e-05 7.01e+01  -4.1 2.37e-02    -  1.00e+00 1.00e+00h  1
 586  2.0312748e-04 7.70e-05 7.13e+01  -4.1 6.18e-01    -  1.00e+00 7.81e-03h  8
 587  2.0227167e-04 2.08e-05 7.02e+01  -4.1 6.46e-03    -  1.00e+00 1.00e+00h  1
 588  2.0065804e-04 3.45e-05 7.00e+01  -4.0 7.67e-03    -  1.00e+00 1.00e+00h  1
 589  2.0493259e-04 1.59e-05 7.14e+01  -4.0 8.19e-03    -  1.00e+00 1.00e+00H  1
iter    objective    inf_pr   inf_du lg(mu)  ||d||  lg(rg) alpha_du alpha_pr  ls
 590  2.0445639e-04 7.89e-06 7.14e+01  -4.0 5.49e-03    -  1.00e+00 5.00e-01h  2
 591  2.0418666e-04 1.78e-05 7.00e+01  -4.0 1.31e-01    -  1.00e+00 3.12e-02h  6
 592  2.0571553e-04 2.08e-05 7.14e+01  -4.1 2.30e-02    -  1.00e+00 2.50e-01h  3
 593  2.0317766e-04 2.51e-05 7.01e+01  -4.1 2.25e-02    -  1.00e+00 2.50e-01h  3
 594  2.0243497e-04 2.32e-05 7.13e+01  -4.1 4.65e-02    -  1.00e+00 1.25e-01h  4
 595  2.0066230e-04 2.01e-05 7.01e+01  -4.1 3.16e-02    -  1.00e+00 2.50e-01h  3
 596  2.0205826e-04 3.38e-05 7.13e+01  -4.1 6.81e-03    -  1.00e+00 1.00e+00h  1
 597  2.0055931e-04 3.38e-05 7.13e+01  -4.1 1.21e-02    -  1.00e+00 2.50e-01h  3
 598  2.0056153e-04 3.35e-05 7.13e+01  -4.1 8.39e-02    -  1.00e+00 7.81e-03h  8
 599  2.0084049e-04 2.50e-05 7.13e+01  -4.1 3.04e-02    -  1.00e+00 1.25e-01h  4
iter    objective    inf_pr   inf_du lg(mu)  ||d||  lg(rg) alpha_du alpha_pr  ls
 600  2.0111362e-04 1.61e-05 7.13e+01  -4.1 4.41e-03    -  1.00e+00 1.00e+00h  1
 601  2.0095866e-04 1.63e-05 7.02e+01  -4.0 2.35e-01    -  1.00e+00 7.81e-03h  8
 602  2.0095582e-04 1.61e-05 7.02e+01  -4.1 4.28e-02    -  1.00e+00 7.81e-03h  8
 603  2.0093940e-04 1.60e-05 7.02e+01  -4.1 4.14e-02    -  1.00e+00 7.81e-03h  8
 604  2.0078467e-04 1.28e-05 7.13e+01  -4.1 6.91e-03    -  1.00e+00 2.50e-01h  3
 605  2.0216578e-04 5.45e-06 7.02e+01  -4.1 4.04e-03    -  1.00e+00 1.00e+00h  1
 606  2.0200824e-04 9.07e-06 7.02e+01  -4.0 3.84e-02    -  1.00e+00 6.25e-02h  5
 607  2.0167548e-04 2.96e-05 7.02e+01  -4.1 1.16e-02    -  1.00e+00 5.00e-01h  2
 608  2.0136954e-04 3.01e-05 7.02e+01  -4.1 2.00e-02    -  1.00e+00 1.00e+00H  1
 609  2.0126168e-04 2.90e-05 7.12e+01  -4.1 4.42e-01    -  1.00e+00 7.81e-03h  8
iter    objective    inf_pr   inf_du lg(mu)  ||d||  lg(rg) alpha_du alpha_pr  ls
 610  2.0103238e-04 8.96e-06 7.02e+01  -4.1 3.45e-03    -  1.00e+00 1.00e+00h  1
 611  2.0109684e-04 7.81e-06 7.13e+01  -4.1 5.89e-03    -  1.00e+00 1.25e-01h  4
 612  2.0111645e-04 7.56e-06 7.13e+01  -4.1 1.84e-02    -  1.00e+00 3.12e-02h  6
 613  2.0050258e-04 2.08e-05 7.01e+01  -4.1 7.09e-02    -  1.00e+00 6.25e-02h  5
 614  2.0024257e-04 7.42e-05 7.13e+01  -4.1 1.03e-02    -  1.00e+00 1.00e+00h  1
 615  2.0047621e-04 1.89e-05 7.02e+01  -4.1 4.17e-03    -  1.00e+00 1.00e+00h  1
 616  2.0054866e-04 1.78e-05 7.13e+01  -4.1 7.04e-03    -  1.00e+00 5.00e-01h  2
 617  2.0176449e-04 4.75e-06 7.13e+01  -4.1 4.61e-03    -  1.00e+00 1.00e+00h  1
 618  2.0219421e-04 5.08e-06 7.02e+01  -4.1 8.43e-03    -  1.00e+00 2.50e-01h  3
 619  2.0211646e-04 4.69e-05 7.02e+01  -4.0 1.42e-01    -  1.00e+00 6.25e-02h  5
iter    objective    inf_pr   inf_du lg(mu)  ||d||  lg(rg) alpha_du alpha_pr  ls
 620  2.0046184e-04 1.24e-05 7.02e+01  -4.1 7.29e-03    -  1.00e+00 1.00e+00h  1
 621  2.0196721e-04 5.45e-06 7.13e+01  -4.1 3.83e-03    -  1.00e+00 1.00e+00h  1
 622  2.0057797e-04 3.15e-05 7.13e+01  -4.1 6.96e-03    -  1.00e+00 1.00e+00h  1
 623  2.0074998e-04 3.02e-05 7.13e+01  -4.1 7.53e-02    -  1.00e+00 3.12e-02h  6
 624  1.9971796e-04 8.08e-05 7.02e+01  -4.1 1.27e-01    -  1.00e+00 6.25e-02h  5
 625  2.0003116e-04 6.24e-05 7.02e+01  -4.1 9.57e-03    -  1.00e+00 2.50e-01h  3
 626  1.9889994e-04 6.00e-05 7.13e+01  -4.1 6.13e-02    -  1.00e+00 3.12e-02h  6
 627  2.0065715e-04 1.57e-05 7.01e+01  -4.1 4.58e-03    -  1.00e+00 1.00e+00h  1
 628  2.0072317e-04 1.46e-05 7.01e+01  -4.1 1.67e-02    -  1.00e+00 6.25e-02h  5
 629  2.0053938e-04 1.22e-05 7.13e+01  -4.1 1.45e-02    -  1.00e+00 2.50e-01h  3
iter    objective    inf_pr   inf_du lg(mu)  ||d||  lg(rg) alpha_du alpha_pr  ls
 630  2.0136348e-04 4.01e-06 7.02e+01  -4.1 2.15e-03    -  1.00e+00 1.00e+00h  1
 631  2.0139319e-04 3.70e-06 7.01e+01  -4.0 4.26e-03    -  1.00e+00 1.25e-01h  4
 632  2.0130603e-04 2.70e-06 7.13e+01  -4.1 5.89e-03    -  1.00e+00 2.50e-01h  3
 633  2.0190389e-04 2.38e-06 7.12e+01  -4.1 1.79e-03    -  1.00e+00 1.00e+00h  1
 634  2.0188478e-04 2.26e-06 7.12e+01  -4.1 2.92e-02    -  1.00e+00 3.12e-02h  6
 635  2.0183459e-04 2.25e-06 7.02e+01  -4.1 1.12e-02    -  1.00e+00 3.12e-02h  6
 636  2.0087330e-04 1.05e-05 7.10e+01  -4.1 3.95e-03    -  1.00e+00 1.00e+00h  1
 637  2.0113710e-04 9.29e-06 7.10e+01  -4.1 1.21e-02    -  1.00e+00 1.25e-01h  4
 638  2.0064451e-04 7.63e-06 7.11e+01  -4.1 3.09e-02    -  1.00e+00 1.25e-01h  4
 639  2.0080833e-04 5.67e-06 7.03e+01  -4.1 7.89e-03    -  1.00e+00 1.25e-01h  4
iter    objective    inf_pr   inf_du lg(mu)  ||d||  lg(rg) alpha_du alpha_pr  ls
 640  2.0111431e-04 4.22e-06 7.11e+01  -4.1 3.45e-03    -  1.00e+00 2.50e-01h  3
 641  2.0088448e-04 3.54e-06 7.11e+01  -4.1 1.33e-02    -  1.00e+00 1.25e-01h  4
 642  2.0098788e-04 2.47e-06 7.03e+01  -4.1 1.04e-02    -  1.00e+00 1.25e-01h  4
 643  2.0114558e-04 1.81e-06 7.03e+01  -4.1 2.15e-03    -  1.00e+00 2.50e-01h  3
 644  2.0095739e-04 1.49e-06 7.02e+01  -4.1 2.30e-02    -  1.00e+00 6.25e-02h  5
 645  2.0094720e-04 4.34e-06 7.12e+01  -4.1 1.60e-02    -  1.00e+00 2.50e-01h  3
 646  2.0103641e-04 3.21e-06 7.12e+01  -4.1 1.18e-02    -  1.00e+00 1.25e-01h  4
 647  2.0099553e-04 2.61e-06 7.12e+01  -4.1 1.03e-02    -  1.00e+00 1.25e-01h  4
 648  2.0073630e-04 1.96e-06 7.02e+01  -4.1 9.95e-03    -  1.00e+00 2.50e-01h  3
 649  2.0073078e-04 1.96e-06 7.12e+01  -4.1 5.20e-02    -  1.00e+00 1.56e-02h  7
iter    objective    inf_pr   inf_du lg(mu)  ||d||  lg(rg) alpha_du alpha_pr  ls
 650  2.0128066e-04 8.84e-07 7.12e+01  -4.1 2.80e-03    -  1.00e+00 1.00e+00h  1
 651  2.0110771e-04 6.93e-07 7.12e+01  -4.1 1.29e-01    -  1.00e+00 7.81e-03h  8
 652  2.0100766e-04 7.57e-07 7.12e+01  -4.1 5.74e-02    -  1.00e+00 1.56e-02h  7
 653  2.0090966e-04 8.69e-07 7.12e+01  -4.1 1.40e-02    -  1.00e+00 3.12e-02h  6
 654  2.0083801e-04 8.49e-07 7.12e+01  -4.1 2.02e-02    -  1.00e+00 3.12e-02h  6
 655  2.0081406e-04 8.50e-07 7.12e+01  -4.1 3.54e-01    -  1.00e+00 9.77e-04h 11
 656  2.0079890e-04 8.50e-07 7.02e+01  -4.1 3.77e+00    -  1.08e-02 2.35e-08h 25
 657  2.0095646e-04 4.05e-07 7.10e+01  -4.1 1.50e-03    -  1.00e+00 1.00e+00h  1
 658  2.0094266e-04 3.99e-07 7.11e+01  -4.0 1.49e-02    -  1.00e+00 6.25e-02h  5
 659  2.0091714e-04 3.70e-06 7.04e+01  -4.1 5.08e-01    -  1.00e+00 7.81e-03h  8
iter    objective    inf_pr   inf_du lg(mu)  ||d||  lg(rg) alpha_du alpha_pr  ls
 660  2.0081732e-04 7.96e-06 7.11e+01  -4.1 1.32e-01    -  1.00e+00 3.12e-02h  6
 661  2.0072203e-04 1.11e-05 7.03e+01  -4.1 4.77e-01    -  1.00e+00 7.81e-03h  8
 662  2.0070888e-04 1.11e-05 7.11e+01  -4.1 7.25e-02    -  1.00e+00 1.10e-06h 19
 663  2.0057199e-04 5.34e-07 8.06e+01  -4.1 7.82e-04    -  1.00e+00 1.00e+00h  1
 664  2.0091753e-04 3.03e-07 7.87e+01  -4.1 1.51e-03    -  1.00e+00 1.00e+00H  1
 665  2.0091566e-04 1.33e-08 8.20e+01  -4.1 1.04e-04    -  1.00e+00 1.00e+00h  1
 666  2.0093808e-04 7.42e-08 6.01e+01  -4.1 1.35e-03    -  1.00e+00 2.50e-01h  3
 667  2.0125356e-04 1.69e-08 6.34e+01  -4.1 1.05e-03    -  1.00e+00 1.00e+00H  1
 668  2.0108070e-04 3.88e-08 7.77e+01  -4.1 2.85e-04    -  1.00e+00 1.00e+00h  1
 669  2.0096682e-04 3.83e-08 6.37e+01  -4.1 4.81e-01    -  1.00e+00 1.22e-04h 14
iter    objective    inf_pr   inf_du lg(mu)  ||d||  lg(rg) alpha_du alpha_pr  ls
 670  2.0106316e-04 1.87e-09 7.77e+01  -4.1 1.61e-03    -  1.00e+00 1.00e+00H  1
 671  2.0105343e-04 2.95e-08 7.77e+01  -4.1 9.21e-02    -  1.00e+00 1.95e-03h 10
 672  2.0105248e-04 3.39e-08 7.77e+01  -4.1 1.86e-02    -  1.00e+00 3.91e-03h  9
 673  2.0105231e-04 3.52e-08 7.77e+01  -4.1 5.73e-03    -  1.00e+00 7.81e-03h  8
 674  2.0087375e-04 8.30e-07 6.38e+01  -4.1 6.93e-01    -  1.00e+00 1.95e-03h 10
 675  2.0086318e-04 9.37e-07 7.77e+01  -4.1 9.03e-02    -  1.00e+00 3.91e-03h  9
 676  2.0086316e-04 9.37e-07 7.77e+01  -4.1 8.26e-02    -  1.00e+00 4.88e-04h 12
 677  2.0086344e-04 9.37e-07 7.77e+01  -4.1 7.59e-02    -  1.00e+00 1.22e-04h 14
 678  2.0084005e-04 1.04e-06 7.77e+01  -4.1 3.89e-03    -  1.00e+00 1.25e-01h  4
 679  2.0085813e-04 1.00e-06 6.38e+01  -4.1 7.65e-03    -  1.00e+00 3.12e-02h  6
iter    objective    inf_pr   inf_du lg(mu)  ||d||  lg(rg) alpha_du alpha_pr  ls
 680  2.0085485e-04 4.38e-08 6.39e+01  -4.1 2.87e-04    -  1.00e+00 1.00e+00h  1
 681  2.0084879e-04 7.47e-08 6.39e+01  -4.1 1.40e-01    -  1.00e+00 3.91e-03h  9
 682  2.0084715e-04 7.48e-08 7.75e+01  -4.1 4.58e-01    -  1.00e+00 1.53e-05h 17
 683  2.0083315e-04 2.68e-08 6.39e+01  -4.1 6.63e-04    -  1.00e+00 1.00e+00h  1
 684  2.0083269e-04 5.00e-08 6.39e+01  -4.1 4.46e-02    -  1.00e+00 3.91e-03h  9
 685  2.0082611e-04 9.87e-08 7.75e+01  -4.1 4.15e-03    -  1.00e+00 2.50e-01h  3
 686  2.0082730e-04 9.61e-08 7.75e+01  -4.1 1.18e-03    -  1.00e+00 6.25e-02h  5
 687  2.0081088e-04 1.25e-07 6.39e+01  -4.1 2.10e-01    -  1.00e+00 3.91e-03h  9
 688  2.0081128e-04 1.25e-07 6.39e+01  -4.1 3.88e-02    -  1.00e+00 1.22e-04h 14
 689  2.0081108e-04 1.25e-07 7.75e+01  -4.1 6.21e-01    -  1.00e+00 1.22e-04h 14
iter    objective    inf_pr   inf_du lg(mu)  ||d||  lg(rg) alpha_du alpha_pr  ls
 690  2.0081364e-04 1.25e-07 7.75e+01  -4.1 1.97e-02    -  1.00e+00 3.91e-03h  9
 691  2.0081051e-04 1.36e-07 7.74e+01  -4.1 2.38e-02    -  1.00e+00 7.81e-03h  8
 692  2.0077554e-04 4.39e-07 7.75e+01  -4.1 4.11e-02    -  1.00e+00 1.56e-02h  7
 693  2.0077608e-04 4.38e-07 7.75e+01  -4.1 1.65e-02    -  1.00e+00 1.95e-03h 10
 694  2.0077548e-04 4.38e-07 7.75e+01  -4.1 2.13e-02    -  1.00e+00 3.91e-03h  9
 695  2.0077300e-04 4.37e-07 7.74e+01  -4.1 2.94e-01    -  1.00e+00 9.77e-04h 11
 696  2.0077293e-04 4.37e-07 6.40e+01  -4.1 8.78e-02    -  1.00e+00 5.96e-08h 25
 697  2.0078316e-04 3.59e-07 6.42e+01  -4.1 8.87e-04    -  1.00e+00 2.50e-01h  3
 698  2.0078321e-04 3.59e-07 6.42e+01  -4.1 6.76e-02    -  1.00e+00 1.22e-04h 14
 699  2.0078278e-04 3.59e-07 6.42e+01  -4.1 1.89e-02    -  1.00e+00 7.81e-03h  8
iter    objective    inf_pr   inf_du lg(mu)  ||d||  lg(rg) alpha_du alpha_pr  ls
 700  2.0077012e-04 3.65e-07 7.72e+01  -4.1 1.12e-02    -  1.00e+00 3.12e-02h  6
 701  2.0076758e-04 3.95e-07 7.72e+01  -4.1 5.51e-02    -  1.00e+00 3.91e-03h  9
 702  2.0076058e-04 4.61e-07 7.72e+01  -4.1 1.87e-02    -  1.00e+00 3.12e-02h  6
 703  2.0075163e-04 5.28e-07 7.72e+01  -4.1 4.14e-02    -  1.00e+00 7.81e-03h  8
 704  2.0074374e-04 5.26e-07 6.42e+01  -4.1 4.68e-02    -  1.00e+00 7.81e-03h  8
 705  2.0071980e-04 5.17e-07 6.42e+01  -4.1 6.55e-02    -  1.00e+00 3.91e-03h  9
 706  2.0072539e-04 5.05e-07 6.42e+01  -4.1 1.53e-03    -  1.00e+00 2.50e-01h  3
 707  2.0070913e-04 5.26e-07 6.42e+01  -4.1 1.61e-01    -  1.00e+00 1.95e-03h 10
 708  2.0069629e-04 5.29e-07 6.42e+01  -4.1 8.03e-02    -  1.00e+00 1.95e-03h 10
 709  2.0069017e-04 5.41e-07 7.72e+01  -4.1 3.96e-02    -  1.00e+00 3.91e-03h  9
iter    objective    inf_pr   inf_du lg(mu)  ||d||  lg(rg) alpha_du alpha_pr  ls
 710  2.0069505e-04 5.38e-07 6.42e+01  -4.1 2.56e-02    -  1.00e+00 1.95e-03h 10
 711  2.0069442e-04 5.39e-07 6.42e+01  -4.1 1.47e-02    -  1.00e+00 3.91e-03h  9
 712  2.0068983e-04 5.40e-07 7.72e+01  -4.1 9.12e-02    -  1.00e+00 3.91e-03h  9
 713  2.0068039e-04 5.62e-07 6.42e+01  -4.1 2.18e-01    -  1.00e+00 3.91e-03h  9
 714  2.0068119e-04 5.63e-07 6.42e+01  -4.1 5.71e-02    -  1.00e+00 4.88e-04h 12
 715  2.0068201e-04 5.63e-07 6.42e+01  -4.1 5.36e-02    -  1.00e+00 4.88e-04h 12
 716  2.0068285e-04 5.63e-07 6.42e+01  -4.1 5.02e-02    -  1.00e+00 4.88e-04h 12
 717  5.9701418e-03 2.47e-07 3.01e+00  -4.1 5.42e-03    -  1.00e+00 1.00e+00H  1
 718  4.0759793e-04 6.34e-07 1.41e+02  -4.1 5.25e-03    -  1.00e+00 1.00e+00F  1
 719  3.8972850e-04 6.46e-07 1.40e+02  -4.1 3.43e-03    -  1.00e+00 1.00e+00F  1
iter    objective    inf_pr   inf_du lg(mu)  ||d||  lg(rg) alpha_du alpha_pr  ls
 720  3.0567049e-04 3.09e-06 3.11e+00  -4.1 4.37e-03    -  1.00e+00 5.00e-01h  2
 721  2.2171716e-04 8.59e-07 7.60e+01  -4.1 1.06e-03    -  1.00e+00 1.00e+00h  1
 722  2.5778683e-04 1.57e-06 6.93e+01  -4.1 1.48e-03    -  1.00e+00 1.00e+00h  1
 723  2.2458915e-04 4.30e-07 7.05e+01  -4.1 7.73e-04    -  1.00e+00 1.00e+00h  1
 724  2.1629187e-04 4.40e-07 7.10e+01  -4.1 1.43e-01    -  1.00e+00 8.18e-04f  9
 725  2.0504987e-04 1.68e-07 7.03e+01  -4.1 4.85e-04    -  1.00e+00 1.00e+00h  1
 726  2.0622770e-04 3.23e-08 7.13e+01  -4.1 2.12e-04    -  1.00e+00 1.00e+00h  1
 727  2.0131709e-04 4.13e-09 7.12e+01  -4.1 7.53e-05    -  1.00e+00 1.00e+00h  1
 728  2.0081360e-04 4.20e-09 7.02e+01  -4.1 1.74e-01    -  8.65e-01 6.10e-05h 15
 729  2.0092296e-04 2.17e-09 7.15e+01  -4.1 1.99e-04    -  1.00e+00 1.00e+00H  1
iter    objective    inf_pr   inf_du lg(mu)  ||d||  lg(rg) alpha_du alpha_pr  ls
 730  2.0074039e-04 7.07e-08 7.11e+01  -4.1 3.25e-04    -  1.00e+00 1.00e+00h  1
 731  2.0072471e-04 7.09e-08 7.03e+01  -4.1 1.48e+00    -  4.77e-01 1.11e-05h 17
 732  2.0057180e-04 1.29e-07 7.11e+01  -4.1 4.37e-04    -  1.00e+00 1.00e+00h  1
 733  2.0064940e-04 2.86e-08 7.04e+01  -4.1 4.01e-04    -  1.00e+00 1.00e+00h  1
 734  2.0063330e-04 2.40e-08 7.04e+01  -4.1 1.92e-04    -  1.00e+00 1.00e+00h  1
 735  2.0062853e-04 1.91e-08 7.10e+01  -4.1 2.58e-03    -  1.00e+00 6.25e-02h  5
 736  2.0063812e-04 3.74e-08 7.05e+01  -4.1 5.95e-04    -  1.00e+00 1.00e+00H  1
 737  2.0061361e-04 4.46e-08 7.06e+01  -4.1 4.48e-03    -  1.00e+00 6.25e-02h  5
 738  2.0060784e-04 4.18e-08 7.08e+01  -4.1 1.39e-03    -  1.00e+00 6.25e-02h  5
 739  2.0060929e-04 3.61e-08 7.06e+01  -4.1 3.84e-04    -  1.00e+00 5.00e-01h  2
iter    objective    inf_pr   inf_du lg(mu)  ||d||  lg(rg) alpha_du alpha_pr  ls
 740  2.0060448e-04 7.67e-08 7.06e+01  -4.1 2.77e-02    -  1.00e+00 7.81e-03h  8
 741  2.0060291e-04 8.14e-08 7.08e+01  -4.1 3.10e-03    -  1.00e+00 3.12e-02h  6
 742  2.0059752e-04 9.72e-08 7.08e+01  -4.1 1.91e-01    -  1.00e+00 1.95e-03h 10
 743  2.0059593e-04 9.94e-08 7.08e+01  -4.1 1.17e-02    -  1.00e+00 7.81e-03h  8
 744  2.0059445e-04 9.79e-08 7.08e+01  -4.1 1.66e-03    -  1.00e+00 1.56e-02h  7
 745  2.0056382e-04 8.32e-07 7.07e+01  -4.1 8.83e-04    -  1.00e+00 1.00e+00h  1
 746  2.0054772e-04 9.34e-07 7.07e+01  -4.1 4.33e-02    -  1.00e+00 1.56e-02h  7
 747  2.0055893e-04 1.68e-07 7.06e+01  -4.1 4.59e-04    -  1.00e+00 1.00e+00h  1
 748  2.0055529e-04 1.68e-07 7.09e+01  -4.1 3.75e-02    -  1.00e+00 9.77e-04h 11
 749  2.0050811e-04 8.01e-07 7.09e+01  -4.1 1.77e-03    -  1.00e+00 5.00e-01h  2
iter    objective    inf_pr   inf_du lg(mu)  ||d||  lg(rg) alpha_du alpha_pr  ls
 750  2.0052850e-04 4.01e-07 7.07e+01  -4.1 8.75e-04    -  1.00e+00 5.00e-01h  2
 751  2.0056008e-04 1.11e-07 7.04e+01  -4.1 1.12e-03    -  1.00e+00 1.00e+00H  1
 752  2.0055427e-04 1.52e-07 7.04e+01  -4.1 3.07e-02    -  1.00e+00 7.81e-03h  8
 753  2.0054342e-04 1.38e-07 7.10e+01  -4.1 5.12e-02    -  1.00e+00 7.81e-03h  8
 754  2.0052025e-04 2.83e-07 7.10e+01  -4.1 4.96e-03    -  1.00e+00 1.25e-01h  4
 755  2.0052229e-04 2.83e-07 7.04e+01  -4.1 1.77e-02    -  1.00e+00 3.91e-03h  9
 756  2.0051976e-04 2.91e-07 7.04e+01  -4.1 8.58e-03    -  1.00e+00 6.25e-02h  5
 757  2.0042720e-04 2.20e-06 7.05e+01  -4.1 3.00e-03    -  1.00e+00 5.00e-01h  2
 758  2.0040843e-04 2.22e-06 7.10e+01  -4.1 1.81e-03    -  1.00e+00 1.00e+00h  1
 759  2.0036956e-04 1.03e-06 7.11e+01  -4.1 1.55e-03    -  1.00e+00 5.00e-01h  2
iter    objective    inf_pr   inf_du lg(mu)  ||d||  lg(rg) alpha_du alpha_pr  ls
 760  2.0044007e-04 4.72e-07 7.11e+01  -4.1 1.31e-03    -  1.00e+00 5.00e-01h  2
 761  2.0041694e-04 5.95e-07 7.03e+01  -4.1 5.37e-03    -  1.00e+00 2.50e-01h  3
 762  2.0042969e-04 5.88e-07 7.11e+01  -4.1 7.42e-03    -  1.00e+00 1.56e-02h  7
 763  2.0047218e-04 5.69e-07 7.02e+01  -4.1 1.17e-03    -  1.00e+00 1.00e+00h  1
 764  2.0040254e-04 5.35e-07 7.02e+01  -4.1 3.99e-03    -  1.00e+00 1.25e-01h  4
 765  2.0040473e-04 4.77e-07 7.02e+01  -4.1 6.55e-03    -  1.00e+00 6.25e-02h  5
 766  2.0033781e-04 5.69e-07 7.12e+01  -4.1 2.77e-03    -  1.00e+00 2.50e-01h  3
 767  2.0037685e-04 1.55e-07 7.02e+01  -4.1 5.46e-04    -  1.00e+00 1.00e+00h  1
 768  2.0038217e-04 1.51e-07 7.12e+01  -4.1 4.06e-03    -  1.00e+00 6.25e-02h  5
 769  2.0038234e-04 1.50e-07 7.12e+01  -4.1 1.22e-02    -  1.00e+00 7.81e-03h  8
iter    objective    inf_pr   inf_du lg(mu)  ||d||  lg(rg) alpha_du alpha_pr  ls
 770  2.0038044e-04 1.48e-07 7.12e+01  -4.1 2.81e-02    -  1.00e+00 3.91e-03h  9
 771  2.0037734e-04 1.33e-07 7.02e+01  -4.1 8.67e-04    -  1.00e+00 1.25e-01h  4
 772  2.0037842e-04 1.17e-07 7.12e+01  -4.1 7.99e-04    -  1.00e+00 1.25e-01h  4
 773  2.0044208e-04 3.03e-08 7.03e+01  -4.1 5.45e-04    -  1.00e+00 1.00e+00H  1
 774  2.0043536e-04 7.13e-08 7.03e+01  -4.1 8.61e-03    -  1.00e+00 3.12e-02h  6
 775  2.0036016e-04 3.01e-07 7.03e+01  -4.1 8.04e-04    -  1.00e+00 1.00e+00h  1
 776  2.0031862e-04 4.13e-07 7.03e+01  -4.1 1.55e-01    -  1.00e+00 7.81e-03h  8
 777  2.0027917e-04 5.90e-07 7.03e+01  -4.1 6.78e-03    -  1.00e+00 2.50e-01h  3
 778  2.0019297e-04 8.40e-07 7.11e+01  -4.1 7.08e-03    -  1.00e+00 2.50e-01h  3
 779  2.0017732e-04 9.46e-07 7.11e+01  -4.1 1.77e-02    -  1.00e+00 6.25e-02h  5
iter    objective    inf_pr   inf_du lg(mu)  ||d||  lg(rg) alpha_du alpha_pr  ls
 780  2.0013944e-04 9.65e-07 7.11e+01  -4.1 3.74e-01    -  1.00e+00 1.95e-03h 10
 781  2.0007584e-04 1.01e-06 7.03e+01  -4.1 1.81e-01    -  1.00e+00 7.81e-03h  8
 782  1.9997818e-04 1.96e-06 7.12e+01  -4.1 1.74e-02    -  1.00e+00 2.50e-01h  3
 783  1.9995007e-04 2.47e-06 7.12e+01  -4.1 9.69e-02    -  1.00e+00 3.12e-02h  6
 784  1.9990779e-04 2.45e-06 7.12e+01  -4.1 4.00e-02    -  1.00e+00 3.12e-02h  6
 785  1.9987848e-04 2.56e-06 7.03e+01  -4.1 6.69e-01    -  1.00e+00 1.95e-03h 10
 786  1.9999282e-04 1.52e-06 7.12e+01  -4.1 5.44e-03    -  1.00e+00 1.00e+00H  1
 787  1.9988817e-04 1.31e-06 7.12e+01  -4.1 1.94e-02    -  1.00e+00 6.25e-02h  5
 788  1.9983784e-04 1.57e-06 7.02e+01  -4.1 3.89e-03    -  1.00e+00 5.00e-01h  2
 789  1.9981118e-04 1.89e-06 7.12e+01  -4.1 9.23e-03    -  1.00e+00 1.25e-01h  4
iter    objective    inf_pr   inf_du lg(mu)  ||d||  lg(rg) alpha_du alpha_pr  ls
 790  1.9973117e-04 1.45e-06 7.12e+01  -4.1 5.87e-03    -  1.00e+00 2.50e-01h  3
 791  1.9962135e-04 1.68e-06 7.12e+01  -4.1 2.48e-02    -  1.00e+00 1.25e-01h  4
 792  1.9962080e-04 1.68e-06 7.02e+01  -4.1 1.72e-01    -  1.00e+00 1.95e-03h 10
 793  1.9963464e-04 1.05e-06 7.12e+01  -4.1 2.83e-03    -  1.00e+00 5.00e-01h  2
 794  1.9961684e-04 7.87e-07 7.12e+01  -4.1 3.31e-03    -  1.00e+00 2.50e-01h  3
 795  1.9961367e-04 8.46e-07 7.02e+01  -4.1 5.40e-02    -  1.00e+00 7.81e-03h  8
 796  1.9962196e-04 9.81e-07 7.02e+01  -4.1 8.25e-03    -  1.00e+00 6.25e-02h  5
 797  1.9958376e-04 1.83e-06 7.12e+01  -4.1 5.31e-03    -  1.00e+00 2.50e-01h  3
 798  1.9962226e-04 1.89e-07 7.12e+01  -4.1 7.33e-04    -  1.00e+00 1.00e+00h  1
 799  1.9963192e-04 1.85e-07 7.02e+01  -4.1 1.96e-02    -  1.00e+00 1.56e-02h  7
iter    objective    inf_pr   inf_du lg(mu)  ||d||  lg(rg) alpha_du alpha_pr  ls
 800  1.9962941e-04 1.84e-07 7.02e+01  -4.1 9.91e-02    -  1.00e+00 9.77e-04h 11
 801  1.9961354e-04 1.78e-07 7.02e+01  -4.1 9.70e-03    -  1.00e+00 6.25e-02h  5
 802  1.9961217e-04 1.83e-07 7.02e+01  -4.1 3.61e-02    -  1.00e+00 7.81e-03h  8
 803  1.9960038e-04 1.40e-07 7.02e+01  -4.1 3.24e-03    -  1.00e+00 2.50e-01h  3
 804  1.9958805e-04 3.00e-07 7.02e+01  -4.1 8.93e-02    -  1.00e+00 7.81e-03h  8
 805  1.9956087e-04 3.70e-07 7.12e+01  -4.1 2.53e-02    -  1.00e+00 6.25e-02h  5
 806  1.9954354e-04 4.61e-07 7.02e+01  -4.1 2.51e-01    -  1.00e+00 3.91e-03h  9
 807  1.9954297e-04 4.67e-07 7.12e+01  -4.1 1.41e-01    -  1.00e+00 1.95e-03h 10
 808  1.9954111e-04 2.48e-06 7.12e+01  -4.1 1.46e-01    -  1.00e+00 3.12e-02h  6
 809  1.9950839e-04 3.03e-06 7.12e+01  -4.1 1.84e-01    -  1.00e+00 1.56e-02h  7
iter    objective    inf_pr   inf_du lg(mu)  ||d||  lg(rg) alpha_du alpha_pr  ls
 810  1.9946469e-04 4.00e-06 7.12e+01  -4.1 1.19e-01    -  1.00e+00 3.12e-02h  6
 811  1.9942081e-04 4.15e-06 7.12e+01  -4.1 1.11e-01    -  1.00e+00 3.12e-02h  6
 812  1.9935247e-04 3.85e-06 7.02e+01  -4.1 7.36e-02    -  1.00e+00 6.25e-02h  5
 813  1.9933121e-04 3.81e-06 7.12e+01  -4.1 1.18e-01    -  1.00e+00 3.12e-02h  6
 814  1.9933533e-04 3.80e-06 7.02e+01  -4.1 1.83e-01    -  1.00e+00 1.95e-03h 10
 815  1.9946761e-04 4.98e-06 7.02e+01  -4.1 4.81e-03    -  1.00e+00 5.00e-01h  2
 816  1.9932034e-04 5.09e-06 7.12e+01  -4.1 5.45e-02    -  1.00e+00 1.25e-01h  4
 817  1.9922394e-04 7.43e-06 7.12e+01  -4.1 1.93e-01    -  1.00e+00 3.12e-02h  6
 818  1.9921869e-04 7.06e-06 7.12e+01  -4.1 4.62e-02    -  1.00e+00 6.25e-02h  5
 819  1.9918090e-04 7.17e-06 7.12e+01  -4.1 1.35e-01    -  1.00e+00 7.81e-03h  8
iter    objective    inf_pr   inf_du lg(mu)  ||d||  lg(rg) alpha_du alpha_pr  ls
 820  1.9910389e-04 7.57e-06 7.12e+01  -4.1 2.34e-01    -  1.00e+00 7.81e-03h  8
 821  1.9909079e-04 7.58e-06 7.12e+01  -4.1 3.05e-01    -  1.00e+00 1.95e-03h 10
 822  1.9902124e-04 7.17e-06 7.02e+01  -4.1 1.11e-01    -  1.00e+00 3.12e-02h  6
 823  1.9905574e-04 7.11e-06 7.12e+01  -4.1 1.13e-01    -  1.00e+00 7.81e-03h  8
 824  1.9897675e-04 7.09e-06 7.12e+01  -4.1 3.15e-01    -  1.00e+00 3.91e-03h  9
 825  1.9888307e-04 8.09e-06 7.12e+01  -4.1 6.93e-02    -  1.00e+00 6.25e-02h  5
 826  1.9891819e-04 7.67e-06 7.12e+01  -4.1 1.83e-02    -  1.00e+00 6.25e-02h  5
 827  1.9929271e-04 8.30e-07 7.02e+01  -4.1 2.77e-03    -  1.00e+00 1.00e+00h  1
 828  1.9913396e-04 6.35e-07 7.02e+01  -4.1 5.94e-03    -  1.00e+00 2.50e-01h  3
 829  1.9909224e-04 7.34e-07 7.02e+01  -4.1 3.70e-02    -  1.00e+00 6.25e-02h  5
iter    objective    inf_pr   inf_du lg(mu)  ||d||  lg(rg) alpha_du alpha_pr  ls
 830  1.9912569e-04 7.33e-07 7.12e+01  -4.1 5.53e-02    -  1.00e+00 1.95e-03h 10
 831  1.9915130e-04 1.78e-06 7.12e+01  -4.1 1.56e-03    -  1.00e+00 1.00e+00h  1
 832  1.9928856e-04 2.25e-06 7.02e+01  -4.1 3.69e-03    -  1.00e+00 5.00e-01h  2
 833  1.9908681e-04 2.13e-06 7.02e+01  -4.1 1.26e-02    -  1.00e+00 1.25e-01h  4
 834  1.9907788e-04 2.13e-06 7.02e+01  -4.1 6.74e-02    -  1.00e+00 7.81e-03h  8
 835  1.9902727e-04 5.86e-06 7.02e+01  -4.1 6.69e-02    -  1.00e+00 6.25e-02h  5
 836  1.9898924e-04 5.23e-06 7.02e+01  -4.1 1.14e-02    -  1.00e+00 1.25e-01h  4
 837  1.9903567e-04 5.24e-06 7.12e+01  -4.1 1.28e-01    -  1.00e+00 1.95e-03h 10
 838  1.9893299e-04 8.31e-07 7.13e+01  -4.1 1.67e-03    -  1.00e+00 1.00e+00h  1
 839  1.9902161e-04 9.79e-07 7.02e+01  -4.1 1.53e-02    -  1.00e+00 6.25e-02h  5
iter    objective    inf_pr   inf_du lg(mu)  ||d||  lg(rg) alpha_du alpha_pr  ls
 840  1.9900575e-04 9.76e-07 7.02e+01  -4.1 1.38e-01    -  1.00e+00 1.95e-03h 10
 841  1.9893058e-04 8.49e-07 7.02e+01  -4.1 7.09e-03    -  1.00e+00 1.25e-01h  4
 842  1.9889517e-04 7.34e-07 7.02e+01  -4.1 1.15e-02    -  1.00e+00 1.25e-01h  4
 843  1.9889805e-04 7.68e-07 7.02e+01  -4.1 4.96e-03    -  1.00e+00 1.25e-01h  4
 844  1.9887016e-04 7.68e-07 7.02e+01  -4.1 3.43e-01    -  1.00e+00 9.77e-04h 11
 845  1.9886851e-04 7.68e-07 7.12e+01  -4.1 1.11e-01    -  1.00e+00 4.88e-04h 12
 846  1.9885981e-04 8.40e-07 7.12e+01  -4.1 2.23e-01    -  1.00e+00 7.81e-03h  8
 847  1.9885430e-04 9.40e-07 7.02e+01  -4.1 1.06e-01    -  1.00e+00 1.56e-02h  7
 848  1.9885760e-04 9.30e-07 7.02e+01  -4.1 1.93e-02    -  1.00e+00 3.12e-02h  6
 849  1.9884738e-04 8.75e-07 7.02e+01  -4.1 2.45e-02    -  1.00e+00 6.25e-02h  5
iter    objective    inf_pr   inf_du lg(mu)  ||d||  lg(rg) alpha_du alpha_pr  ls
 850  1.9883613e-04 2.04e-06 7.02e+01  -4.1 1.45e-01    -  1.00e+00 3.12e-02h  6
 851  1.9878158e-04 2.86e-06 7.02e+01  -4.1 1.67e-01    -  1.00e+00 3.12e-02h  6
 852  1.9877732e-04 2.82e-06 7.12e+01  -4.1 6.67e-02    -  1.00e+00 7.81e-03h  8
 853  1.9877277e-04 2.85e-06 7.02e+01  -4.1 8.85e-02    -  1.00e+00 1.56e-02h  7
 854  1.9881383e-04 2.82e-06 7.12e+01  -4.1 5.45e-02    -  1.00e+00 1.56e-02h  7
 855  1.9863614e-04 3.89e-06 7.12e+01  -4.1 1.06e-01    -  1.00e+00 3.12e-02h  6
 856  1.9855889e-04 4.11e-06 7.12e+01  -4.1 8.03e-02    -  1.00e+00 3.12e-02h  6
 857  1.9857061e-04 3.97e-06 7.12e+01  -4.1 4.40e-02    -  1.00e+00 3.12e-02h  6
 858  1.9868708e-04 2.00e-06 7.12e+01  -4.1 2.87e-03    -  1.00e+00 5.00e-01h  2
 859  1.9874368e-04 1.93e-06 7.02e+01  -4.1 2.73e-02    -  1.00e+00 3.12e-02h  6
iter    objective    inf_pr   inf_du lg(mu)  ||d||  lg(rg) alpha_du alpha_pr  ls
 860  1.9879267e-04 1.10e-06 7.02e+01  -4.1 3.38e-03    -  1.00e+00 5.00e-01h  2
 861  1.9877698e-04 1.16e-06 7.12e+01  -4.1 6.69e-02    -  1.00e+00 1.56e-02h  7
 862  1.9876490e-04 1.34e-06 7.12e+01  -4.1 9.03e-02    -  1.00e+00 1.56e-02h  7
 863  1.9879646e-04 1.14e-06 7.12e+01  -4.1 4.30e-03    -  1.00e+00 2.50e-01h  3
 864  1.9881081e-04 9.04e-07 7.02e+01  -4.1 1.87e-03    -  1.00e+00 5.00e-01h  2
 865  1.9883406e-04 7.60e-07 7.02e+01  -4.1 5.93e-03    -  1.00e+00 2.50e-01h  3
 866  1.9883098e-04 7.57e-07 7.02e+01  -4.1 9.59e-02    -  1.00e+00 3.91e-03h  9
 867  1.9882059e-04 7.63e-07 7.02e+01  -4.1 1.42e-01    -  1.00e+00 3.91e-03h  9
 868  1.9880877e-04 7.74e-07 7.02e+01  -4.1 7.78e-02    -  1.00e+00 1.95e-03h 10
 869  1.9880534e-04 7.25e-07 7.12e+01  -4.1 1.21e-02    -  1.00e+00 6.25e-02h  5
iter    objective    inf_pr   inf_du lg(mu)  ||d||  lg(rg) alpha_du alpha_pr  ls
 870  1.9884637e-04 6.76e-07 7.02e+01  -4.1 2.82e-03    -  1.00e+00 2.50e-01h  3
 871  1.9899627e-04 6.93e-07 7.02e+01  -4.1 2.52e-03    -  1.00e+00 1.00e+00h  1
 872  1.9897452e-04 6.68e-07 7.02e+01  -4.1 9.81e-02    -  1.00e+00 7.81e-03h  8
 873  1.9895389e-04 4.75e-07 7.12e+01  -4.1 4.56e-03    -  1.00e+00 1.25e-01h  4
 874  1.9882677e-04 2.36e-06 7.02e+01  -4.1 2.26e-03    -  1.00e+00 1.00e+00h  1
 875  1.9884138e-04 1.77e-06 7.12e+01  -4.1 5.50e-03    -  1.00e+00 2.50e-01h  3
 876  1.9901100e-04 6.87e-07 7.02e+01  -4.1 1.54e-03    -  1.00e+00 1.00e+00h  1
 877  1.9904385e-04 6.82e-07 7.12e+01  -4.1 5.76e-02    -  1.00e+00 1.56e-02h  7
 878  1.9882516e-04 5.11e-07 7.03e+01  -4.1 1.18e-03    -  1.00e+00 1.00e+00h  1
 879  1.9893775e-04 1.62e-07 7.02e+01  -4.1 7.98e-04    -  1.00e+00 1.00e+00h  1
iter    objective    inf_pr   inf_du lg(mu)  ||d||  lg(rg) alpha_du alpha_pr  ls
 880  1.9893671e-04 1.58e-07 7.12e+01  -4.1 1.03e-02    -  1.00e+00 7.81e-03h  8
 881  1.9889625e-04 2.36e-07 7.02e+01  -4.1 1.24e-01    -  1.00e+00 3.91e-03h  9
 882  1.9887916e-04 1.38e-07 7.12e+01  -4.1 4.89e-03    -  1.00e+00 1.25e-01h  4
 883  1.9889010e-04 1.33e-07 7.02e+01  -4.1 6.06e-03    -  1.00e+00 6.25e-02h  5
 884  1.9889734e-04 1.28e-07 7.02e+01  -4.1 3.41e-02    -  1.00e+00 1.56e-02h  7
 885  1.9893746e-04 6.88e-08 7.02e+01  -4.1 5.10e-04    -  1.00e+00 1.00e+00h  1
 886  1.9893863e-04 5.94e-08 7.12e+01  -4.1 1.05e-03    -  1.00e+00 1.25e-01h  4
 887  1.9898106e-04 2.16e-08 7.03e+01  -4.1 2.72e-04    -  1.00e+00 1.00e+00h  1
 888  1.9898120e-04 2.01e-08 7.11e+01  -4.1 4.47e-04    -  1.00e+00 1.25e-01h  4
 889  1.9896143e-04 2.37e-08 7.03e+01  -4.1 1.32e-02    -  1.00e+00 1.56e-02h  7
iter    objective    inf_pr   inf_du lg(mu)  ||d||  lg(rg) alpha_du alpha_pr  ls
 890  1.9896831e-04 2.15e-08 7.11e+01  -4.1 1.64e-03    -  1.00e+00 1.25e-01h  4
 891  1.9899048e-04 1.89e-08 7.04e+01  -4.1 1.48e-04    -  1.00e+00 1.00e+00h  1
 892  1.9898938e-04 1.95e-08 7.04e+01  -4.1 1.79e-02    -  1.00e+00 7.81e-03h  8
 893  1.9901941e-04 8.34e-09 7.09e+01  -4.1 4.59e-04    -  1.00e+00 1.00e+00H  1
 894  1.9901328e-04 8.06e-09 7.09e+01  -4.1 1.26e-03    -  1.00e+00 6.25e-02h  5
 895  1.9901308e-04 6.21e-09 7.05e+01  -4.1 4.14e-03    -  1.00e+00 1.56e-02h  7
 896  1.9901024e-04 7.40e-09 7.10e+01  -4.1 5.11e-03    -  1.00e+00 1.56e-02h  7
 897  1.9900366e-04 7.34e-09 7.09e+01  -4.1 1.35e-03    -  1.00e+00 6.25e-02h  5
 898  1.9900112e-04 7.17e-09 7.05e+01  -4.1 3.80e-02    -  1.00e+00 1.95e-03h 10
 899  1.9899873e-04 7.29e-09 7.05e+01  -4.1 6.69e-02    -  1.00e+00 9.77e-04h 11
iter    objective    inf_pr   inf_du lg(mu)  ||d||  lg(rg) alpha_du alpha_pr  ls
 900  1.9899833e-04 7.29e-09 7.05e+01  -4.1 7.38e-02    -  1.00e+00 2.44e-04h 13
 901  1.9899340e-04 9.19e-07 7.05e+01  -4.1 1.55e-01    -  1.00e+00 1.56e-02h  7
 902  1.9894583e-04 1.50e-06 7.09e+01  -4.1 1.14e-01    -  1.00e+00 1.56e-02h  7
 903  1.9893816e-04 1.61e-06 7.09e+01  -4.1 2.27e-02    -  1.00e+00 6.25e-02h  5
 904  1.9889886e-04 1.60e-06 7.09e+01  -4.1 3.39e-02    -  1.00e+00 3.12e-02h  6
 905  1.9885937e-04 1.61e-06 7.05e+01  -4.1 6.43e-02    -  1.00e+00 1.56e-02h  7
 906  1.9887018e-04 1.59e-06 7.09e+01  -4.1 6.77e-02    -  1.00e+00 3.91e-03h  9
 907  1.9887603e-04 1.04e-06 7.11e+01  -4.1 1.83e-03    -  1.00e+00 1.00e+00h  1
 908  1.9886623e-04 1.13e-06 7.11e+01  -4.1 4.51e-02    -  1.00e+00 1.56e-02h  7
 909  1.9886512e-04 1.11e-06 7.11e+01  -4.1 1.94e-02    -  1.00e+00 3.12e-02h  6
iter    objective    inf_pr   inf_du lg(mu)  ||d||  lg(rg) alpha_du alpha_pr  ls
 910  1.9885047e-04 1.15e-06 7.03e+01  -4.1 7.36e-02    -  1.00e+00 7.81e-03h  8
 911  1.9890797e-04 6.73e-07 7.03e+01  -4.1 2.94e-03    -  1.00e+00 5.00e-01h  2
 912  1.9891624e-04 7.19e-07 7.03e+01  -4.1 1.62e-02    -  1.00e+00 3.12e-02h  6
 913  1.9891368e-04 7.16e-07 7.03e+01  -4.1 4.04e-02    -  1.00e+00 7.81e-03h  8
 914  1.9887829e-04 9.04e-07 7.03e+01  -4.1 4.36e-02    -  1.00e+00 1.56e-02h  7
 915  1.9889727e-04 9.37e-07 7.11e+01  -4.1 4.40e-03    -  1.00e+00 2.50e-01h  3
 916  1.9884294e-04 8.31e-07 7.11e+01  -4.1 4.47e-03    -  1.00e+00 2.50e-01h  3
 917  1.9883339e-04 8.42e-07 7.11e+01  -4.1 9.21e-02    -  1.00e+00 3.91e-03h  9
 918  1.9885039e-04 8.08e-07 7.03e+01  -4.1 4.03e-03    -  1.00e+00 2.50e-01h  3
 919  1.9885458e-04 5.39e-07 7.12e+01  -4.1 9.61e-04    -  1.00e+00 1.00e+00h  1
iter    objective    inf_pr   inf_du lg(mu)  ||d||  lg(rg) alpha_du alpha_pr  ls
 920  1.9899718e-04 4.20e-08 7.03e+01  -4.1 1.32e-03    -  1.00e+00 1.00e+00H  1
 921  1.9888213e-04 5.27e-07 7.05e+01  -4.1 1.15e-03    -  1.00e+00 1.00e+00h  1
 922  1.9885460e-04 5.05e-07 7.05e+01  -4.1 1.41e-02    -  1.00e+00 6.25e-02h  5
 923  1.9878209e-04 6.08e-07 7.09e+01  -4.1 2.17e-02    -  1.00e+00 6.25e-02h  5
 924  1.9880146e-04 4.55e-07 7.04e+01  -4.1 2.28e-03    -  1.00e+00 5.00e-01h  2
 925  1.9879816e-04 4.68e-07 7.10e+01  -4.1 6.03e-02    -  1.00e+00 3.91e-03h  9
 926  1.9887347e-04 1.47e-07 7.11e+01  -4.1 1.08e-03    -  1.00e+00 1.00e+00h  1
 927  1.9886380e-04 1.40e-07 7.03e+01  -4.1 1.15e-02    -  1.00e+00 3.12e-02h  6
 928  1.9884377e-04 1.98e-07 7.03e+01  -4.1 3.81e-03    -  1.00e+00 1.25e-01h  4
 929  1.9885874e-04 1.47e-07 7.11e+01  -4.1 4.36e-03    -  1.00e+00 2.50e-01h  3
iter    objective    inf_pr   inf_du lg(mu)  ||d||  lg(rg) alpha_du alpha_pr  ls
 930  1.9885377e-04 1.84e-07 7.11e+01  -4.1 4.23e-02    -  1.00e+00 7.81e-03h  8
 931  1.9884301e-04 2.15e-07 7.11e+01  -4.1 5.33e-03    -  1.00e+00 6.25e-02h  5
 932  1.9884155e-04 2.17e-07 7.03e+01  -4.1 9.01e-03    -  1.00e+00 1.56e-02h  7
 933  1.9886144e-04 5.34e-08 7.10e+01  -4.1 7.81e-04    -  1.00e+00 1.00e+00h  1
 934  1.9886077e-04 5.68e-08 7.10e+01  -4.1 3.53e-03    -  1.00e+00 3.12e-02h  6
 935  1.9887177e-04 1.37e-08 7.05e+01  -4.1 3.56e-04    -  1.00e+00 1.00e+00h  1
 936  1.9887136e-04 1.37e-08 7.05e+01  -4.1 8.72e-03    -  1.00e+00 1.56e-02h  7
 937  1.9887092e-04 2.67e-08 7.05e+01  -4.1 7.33e-04    -  1.00e+00 2.50e-01h  3
 938  1.9887116e-04 2.51e-08 7.09e+01  -4.1 2.74e-04    -  1.00e+00 6.25e-02h  5
 939  1.9887111e-04 2.48e-08 7.05e+01  -4.1 1.02e-02    -  1.00e+00 7.81e-03h  8
iter    objective    inf_pr   inf_du lg(mu)  ||d||  lg(rg) alpha_du alpha_pr  ls
 940  1.9887084e-04 2.49e-08 7.05e+01  -4.1 1.25e-03    -  1.00e+00 3.12e-02h  6
 941  1.9887112e-04 2.52e-08 7.09e+01  -4.1 3.90e-04    -  1.00e+00 5.00e-01h  2
 942  1.9887125e-04 2.44e-08 7.05e+01  -4.1 3.85e-03    -  1.00e+00 3.12e-02h  6
 943  1.9883275e-04 6.21e-08 7.07e+01  -4.1 2.69e-04    -  1.00e+00 1.00e+00h  1
 944  1.9889348e-04 1.70e-08 7.05e+01  -4.1 1.82e-04    -  1.00e+00 1.00e+00h  1
 945  1.9886516e-04 5.00e-08 7.05e+01  -4.1 6.25e-04    -  1.00e+00 5.00e-01h  2
 946  1.9886403e-04 4.71e-08 7.05e+01  -4.1 7.20e-03    -  1.00e+00 3.12e-02h  6
 947  1.9885132e-04 4.84e-08 7.05e+01  -4.1 3.22e-03    -  1.00e+00 6.25e-02h  5
 948  1.9886917e-04 2.77e-08 7.09e+01  -4.1 4.18e-04    -  1.00e+00 5.00e-01h  2
 949  1.9887009e-04 2.64e-08 7.05e+01  -4.1 6.15e-04    -  1.00e+00 6.25e-02h  5
iter    objective    inf_pr   inf_du lg(mu)  ||d||  lg(rg) alpha_du alpha_pr  ls
 950  1.9885632e-04 2.99e-08 7.05e+01  -4.1 1.62e-03    -  1.00e+00 1.25e-01h  4
 951  1.9886581e-04 2.24e-08 7.05e+01  -4.1 1.09e-03    -  1.00e+00 2.50e-01h  3
 952  1.9887044e-04 1.88e-09 7.08e+01  -4.1 1.79e-04    -  1.00e+00 1.00e+00h  1
 953  1.9887946e-04 2.11e-09 7.06e+01  -4.1 2.28e-04    -  1.00e+00 5.00e-01h  2
 954  1.9887836e-04 2.27e-09 7.06e+01  -4.1 1.58e-02    -  1.00e+00 3.91e-03h  9
 955  1.9887832e-04 1.13e-09 7.07e+01  -4.1 4.31e-04    -  1.00e+00 5.00e-01h  2
 956  1.9888043e-04 1.13e-09 7.07e+01  -4.1 1.96e-04    -  1.00e+00 5.00e-01h  2
 957  1.9887668e-04 2.99e-09 7.07e+01  -4.1 1.08e-02    -  1.00e+00 3.12e-02h  6
 958  1.9890486e-04 1.12e-09 7.07e+01  -4.1 2.85e-04    -  1.00e+00 1.00e+00H  1
 959  1.9890432e-04 1.25e-09 7.07e+01  -4.1 2.13e-02    -  1.00e+00 9.77e-04h 11
iter    objective    inf_pr   inf_du lg(mu)  ||d||  lg(rg) alpha_du alpha_pr  ls
 960  1.9889977e-04 1.15e-09 7.07e+01  -4.1 6.48e-04    -  1.00e+00 6.25e-02h  5
 961  1.9889839e-04 1.25e-09 7.07e+01  -4.1 2.48e-02    -  1.00e+00 4.88e-04h 12
 962  1.9885609e-04 8.97e-08 7.05e+01  -4.1 5.25e-04    -  1.00e+00 1.00e+00h  1
 963  1.9885628e-04 8.83e-08 7.05e+01  -4.1 1.87e-03    -  1.00e+00 1.56e-02h  7
 964  1.9884335e-04 8.07e-08 7.09e+01  -4.1 4.20e-03    -  1.00e+00 6.25e-02h  5
 965  1.9884430e-04 7.85e-08 7.09e+01  -4.1 2.74e-03    -  1.00e+00 3.12e-02h  6
 966  1.9882654e-04 1.02e-07 7.05e+01  -4.1 1.66e-02    -  1.00e+00 3.12e-02h  6
 967  1.9883331e-04 8.85e-08 7.05e+01  -4.1 2.43e-03    -  1.00e+00 1.25e-01h  4
 968  1.9882983e-04 9.55e-08 7.05e+01  -4.1 4.80e-02    -  1.00e+00 1.95e-03h 10
 969  1.9884282e-04 8.49e-08 7.06e+01  -4.1 4.44e-03    -  1.00e+00 1.25e-01h  4
iter    objective    inf_pr   inf_du lg(mu)  ||d||  lg(rg) alpha_du alpha_pr  ls
 970  1.9884309e-04 8.36e-08 7.06e+01  -4.1 1.65e-03    -  1.00e+00 1.56e-02h  7
 971  1.9884241e-04 8.10e-08 7.06e+01  -4.1 7.06e-04    -  1.00e+00 3.12e-02h  6
 972  1.9925164e-04 1.09e-07 7.05e+01  -4.1 2.20e-03    -  1.00e+00 1.00e+00H  1
 973  1.9922860e-04 1.12e-07 7.05e+01  -4.1 3.46e-02    -  1.00e+00 7.81e-03h  8
 974  1.9921697e-04 1.13e-07 7.05e+01  -4.1 2.67e-02    -  1.00e+00 7.81e-03h  8
 975  1.9895033e-04 1.02e-07 7.10e+01  -4.1 1.11e-03    -  1.00e+00 1.00e+00h  1
 976  1.9893888e-04 2.66e-07 7.06e+01  -4.1 6.78e-03    -  1.00e+00 1.25e-01h  4
 977  1.9893336e-04 1.42e-07 7.03e+01  -4.1 1.19e-03    -  1.00e+00 1.00e+00h  1
 978  1.9889760e-04 1.37e-07 7.03e+01  -4.1 2.33e-02    -  1.00e+00 1.56e-02h  7
 979  1.9886871e-04 1.28e-07 7.11e+01  -4.1 9.58e-02    -  1.00e+00 7.81e-03h  8
iter    objective    inf_pr   inf_du lg(mu)  ||d||  lg(rg) alpha_du alpha_pr  ls
 980  1.9882994e-04 5.03e-08 7.06e+01  -4.1 1.16e-03    -  1.00e+00 1.00e+00h  1
 981  1.9888992e-04 2.57e-08 7.10e+01  -4.1 3.93e-04    -  1.00e+00 1.00e+00h  1
 982  1.9889837e-04 1.77e-08 7.04e+01  -4.1 2.80e-03    -  1.00e+00 2.50e-01h  3
 983  1.9882609e-04 9.78e-08 7.08e+01  -4.1 2.36e-03    -  1.00e+00 5.00e-01h  2
 984  1.9876546e-04 8.16e-07 7.08e+01  -4.1 7.29e-02    -  1.00e+00 1.56e-02h  7
 985  1.9881772e-04 6.26e-07 7.09e+01  -4.1 1.27e-03    -  1.00e+00 2.50e-01h  3
 986  1.9881563e-04 6.10e-07 7.09e+01  -4.1 1.54e-02    -  1.00e+00 1.56e-02h  7
 987  1.9881619e-04 5.31e-07 7.05e+01  -4.1 5.52e-03    -  1.00e+00 1.25e-01h  4
 988  1.9881726e-04 5.23e-07 7.05e+01  -4.1 3.39e-03    -  1.00e+00 1.56e-02h  7
 989  1.9881451e-04 5.05e-07 7.05e+01  -4.1 8.37e-03    -  1.00e+00 3.12e-02h  6
iter    objective    inf_pr   inf_du lg(mu)  ||d||  lg(rg) alpha_du alpha_pr  ls
 990  1.9874444e-04 4.50e-07 7.11e+01  -4.1 2.63e-03    -  1.00e+00 5.00e-01h  2
 991  1.9874738e-04 4.12e-07 7.11e+01  -4.1 3.86e-03    -  1.00e+00 6.25e-02h  5
 992  1.9870877e-04 4.15e-07 7.03e+01  -4.1 1.27e-01    -  1.00e+00 7.81e-03h  8
 993  1.9879481e-04 1.92e-07 7.12e+01  -4.1 4.49e-04    -  1.00e+00 1.00e+00h  1
 994  1.9879268e-04 1.84e-07 7.12e+01  -4.1 1.01e-02    -  1.00e+00 3.12e-02h  6
 995  1.9878957e-04 1.44e-07 7.03e+01  -4.1 2.01e-03    -  1.00e+00 2.50e-01h  3
 996  1.9887979e-04 4.46e-08 7.11e+01  -4.1 6.07e-04    -  1.00e+00 1.00e+00H  1
 997  1.9886667e-04 5.39e-08 7.03e+01  -4.1 1.45e-03    -  1.00e+00 5.00e-01h  2
 998  1.9868015e-04 9.45e-07 7.09e+01  -4.1 1.15e-03    -  1.00e+00 1.00e+00h  1
 999  1.9871234e-04 9.35e-07 7.09e+01  -4.1 3.52e-03    -  1.00e+00 1.25e-01h  4
iter    objective    inf_pr   inf_du lg(mu)  ||d||  lg(rg) alpha_du alpha_pr  ls
1000  1.9870758e-04 9.20e-07 7.09e+01  -4.1 2.13e-02    -  1.00e+00 1.56e-02h  7
1001  1.9866425e-04 6.97e-07 7.04e+01  -4.1 2.92e-03    -  1.00e+00 2.50e-01h  3
1002  1.9866881e-04 6.80e-07 7.10e+01  -4.1 2.14e-02    -  1.00e+00 1.56e-02h  7
1003  1.9870506e-04 4.81e-07 7.10e+01  -4.1 1.65e-03    -  1.00e+00 2.50e-01h  3
1004  1.9870414e-04 4.50e-07 7.11e+01  -4.1 5.09e-03    -  1.00e+00 6.25e-02h  5
1005  1.9875143e-04 2.17e-07 7.11e+01  -4.1 1.79e-03    -  1.00e+00 5.00e-01h  2
1006  1.9876860e-04 1.69e-07 7.11e+01  -4.1 7.94e-04    -  1.00e+00 5.00e-01h  2
1007  1.9875721e-04 1.47e-07 7.11e+01  -4.1 2.22e-03    -  1.00e+00 1.25e-01h  4
1008  1.9874807e-04 1.46e-07 7.11e+01  -4.1 1.02e-01    -  1.00e+00 3.91e-03h  9
1009  1.9874784e-04 1.46e-07 7.03e+01  -4.1 2.41e+00    -  3.71e-02 1.75e-09h 30
iter    objective    inf_pr   inf_du lg(mu)  ||d||  lg(rg) alpha_du alpha_pr  ls
1010  1.9876957e-04 1.15e-07 7.04e+01  -4.1 1.41e-03    -  1.00e+00 2.50e-01h  3
1011  1.9884588e-04 8.37e-08 7.12e+01  -4.1 9.52e-04    -  1.00e+00 1.00e+00h  1
1012  1.9876844e-04 1.78e-07 7.10e+01  -4.1 5.61e-04    -  1.00e+00 1.00e+00h  1
1013  1.9877673e-04 1.57e-07 7.10e+01  -4.1 3.59e-03    -  1.00e+00 1.25e-01h  4
1014  1.9883143e-04 4.22e-08 7.10e+01  -4.1 2.27e-04    -  1.00e+00 1.00e+00h  1
1015  1.9883051e-04 3.75e-08 7.05e+01  -4.1 9.23e-04    -  1.00e+00 5.00e-01h  2
1016  1.9883132e-04 3.64e-08 7.05e+01  -4.1 4.83e-04    -  1.00e+00 3.12e-02h  6
1017  1.9883082e-04 3.63e-08 7.09e+01  -4.1 6.41e-03    -  1.00e+00 1.95e-03h 10
1018  1.9885519e-04 1.08e-08 7.05e+01  -4.1 2.13e-04    -  1.00e+00 1.00e+00h  1
1019  1.9885790e-04 9.82e-09 7.05e+01  -4.1 4.33e-04    -  1.00e+00 1.25e-01h  4
iter    objective    inf_pr   inf_du lg(mu)  ||d||  lg(rg) alpha_du alpha_pr  ls
1020  1.9884666e-04 1.34e-08 7.08e+01  -4.1 5.24e-04    -  1.00e+00 5.00e-01h  2
1021  1.9889040e-04 2.87e-09 7.09e+01  -4.1 2.08e-04    -  1.00e+00 1.00e+00H  1
1022  1.9888364e-04 2.06e-09 7.09e+01  -4.1 7.20e-04    -  1.00e+00 1.25e-01h  4
1023  1.9887754e-04 3.67e-09 7.09e+01  -4.1 1.14e-01    -  1.00e+00 9.77e-04h 11
1024  1.9887746e-04 3.66e-09 7.06e+01  -4.1 2.50e-03    -  1.00e+00 3.91e-03h  9
1025  1.9887697e-04 3.84e-09 7.06e+01  -4.1 1.97e-02    -  1.00e+00 3.91e-03h  9
1026  1.9879973e-04 4.11e-08 7.05e+01  -4.1 8.50e-04    -  1.00e+00 1.00e+00h  1
1027  1.9882327e-04 3.24e-08 7.06e+01  -4.1 1.18e-03    -  1.00e+00 2.50e-01h  3
1028  1.9882235e-04 2.79e-08 7.08e+01  -4.1 3.03e-03    -  1.00e+00 1.25e-01h  4
1029  1.9893137e-04 2.23e-09 7.10e+01  -4.1 5.37e-04    -  1.00e+00 1.00e+00H  1
iter    objective    inf_pr   inf_du lg(mu)  ||d||  lg(rg) alpha_du alpha_pr  ls
1030  1.9892591e-04 2.18e-09 7.10e+01  -4.1 4.40e-02    -  1.00e+00 3.91e-03h  9
1031  1.9892442e-04 2.24e-09 7.10e+01  -4.1 8.21e-03    -  1.00e+00 3.91e-03h  9
1032  1.9892192e-04 2.25e-09 7.10e+01  -4.1 1.65e-02    -  1.00e+00 9.77e-04h 11
1033  1.9891876e-04 2.29e-09 7.10e+01  -4.1 4.54e-02    -  1.00e+00 1.95e-03h 10
1034  1.9888074e-04 1.04e-07 7.06e+01  -4.1 4.97e-03    -  1.00e+00 2.50e-01h  3
1035  1.9882146e-04 5.99e-08 7.05e+01  -4.1 5.41e-04    -  1.00e+00 1.00e+00h  1
1036  1.9889451e-04 5.83e-08 7.09e+01  -4.1 5.61e-03    -  1.00e+00 3.12e-02h  6
1037  1.9890961e-04 2.60e-08 7.10e+01  -4.1 2.43e-04    -  1.00e+00 1.00e+00h  1
1038  1.9890439e-04 2.74e-08 7.03e+01  -4.1 2.70e-02    -  1.00e+00 1.56e-02h  7
1039  1.9882817e-04 1.61e-08 7.08e+01  -4.1 2.36e-04    -  1.00e+00 1.00e+00h  1
iter    objective    inf_pr   inf_du lg(mu)  ||d||  lg(rg) alpha_du alpha_pr  ls
1040  1.9883266e-04 1.59e-08 7.09e+01  -4.1 1.32e-03    -  1.00e+00 1.25e-01h  4
1041  1.9883552e-04 1.18e-08 7.06e+01  -4.1 2.77e-03    -  1.00e+00 1.25e-01h  4
1042  1.9890930e-04 5.28e-09 7.04e+01  -4.1 1.01e-03    -  1.00e+00 1.00e+00H  1
1043  1.9890796e-04 1.08e-08 7.04e+01  -4.1 1.19e-02    -  1.00e+00 1.56e-02h  7
1044  1.9889275e-04 1.08e-08 7.04e+01  -4.1 4.78e-02    -  1.00e+00 3.91e-03h  9
1045  1.9880745e-04 1.63e-07 7.06e+01  -4.1 2.54e-03    -  1.00e+00 5.00e-01h  2
1046  1.9881033e-04 1.21e-07 7.09e+01  -4.1 1.53e-03    -  1.00e+00 2.50e-01h  3
1047  1.9878197e-04 1.35e-07 7.10e+01  -4.1 3.56e-02    -  1.00e+00 6.25e-02h  5
1048  1.9879244e-04 1.21e-07 7.04e+01  -4.1 1.40e-03    -  1.00e+00 1.25e-01h  4
1049  1.9877929e-04 1.23e-07 7.05e+01  -4.1 6.13e-03    -  1.00e+00 2.50e-01h  3
iter    objective    inf_pr   inf_du lg(mu)  ||d||  lg(rg) alpha_du alpha_pr  ls
1050  1.9879428e-04 9.55e-08 7.04e+01  -4.1 8.55e-04    -  1.00e+00 2.50e-01h  3
1051  1.9880042e-04 8.34e-08 7.04e+01  -4.1 9.43e-04    -  1.00e+00 1.25e-01h  4
1052  1.9879664e-04 8.33e-08 7.10e+01  -4.1 3.41e-02    -  1.00e+00 7.81e-03h  8
1053  1.9879758e-04 8.12e-08 7.04e+01  -4.1 2.29e-02    -  1.00e+00 7.81e-03h  8
1054  1.9880459e-04 7.10e-08 7.04e+01  -4.1 4.94e-04    -  1.00e+00 1.25e-01h  4
1055  1.9880632e-04 6.88e-08 7.04e+01  -4.1 2.37e-03    -  1.00e+00 3.12e-02h  6
1056  1.9880625e-04 6.78e-08 7.04e+01  -4.1 3.06e-03    -  1.00e+00 3.12e-02h  6
1057  1.9880699e-04 6.68e-08 7.04e+01  -4.1 2.38e-04    -  1.00e+00 1.56e-02h  7
1058  1.9880702e-04 6.67e-08 7.10e+01  -4.1 2.13e-02    -  1.00e+00 9.77e-04h 11
1059  1.9880729e-04 6.62e-08 7.10e+01  -4.1 3.34e-02    -  1.00e+00 7.81e-03h  8
iter    objective    inf_pr   inf_du lg(mu)  ||d||  lg(rg) alpha_du alpha_pr  ls
1060  1.9881440e-04 6.18e-08 7.04e+01  -4.1 1.34e-02    -  1.00e+00 3.12e-02h  6
1061  1.9885050e-04 1.63e-08 7.10e+01  -4.1 3.19e-04    -  1.00e+00 1.00e+00h  1
1062  1.9884530e-04 9.08e-09 7.09e+01  -4.1 9.36e-04    -  1.00e+00 5.00e-01h  2
1063  1.9885672e-04 4.41e-09 7.09e+01  -4.1 3.16e-04    -  1.00e+00 5.00e-01h  2
1064  1.9885087e-04 7.35e-09 7.05e+01  -4.1 1.26e-01    -  1.00e+00 1.95e-03h 10
1065  1.9886128e-04 6.22e-09 7.05e+01  -4.1 3.64e-04    -  1.00e+00 5.00e-01h  2
1066  1.9884986e-04 5.56e-09 7.08e+01  -4.1 2.53e-04    -  1.00e+00 5.00e-01h  2
1067  1.9886828e-04 6.84e-09 7.06e+01  -4.1 4.41e-04    -  1.00e+00 5.00e-01h  2
1068  1.9886861e-04 6.60e-09 7.06e+01  -4.1 5.82e-04    -  1.00e+00 6.25e-02h  5
1069  1.9884046e-04 3.87e-08 7.07e+01  -4.1 8.30e-03    -  1.00e+00 1.25e-01h  4
iter    objective    inf_pr   inf_du lg(mu)  ||d||  lg(rg) alpha_du alpha_pr  ls
1070  1.9884392e-04 3.42e-08 7.07e+01  -4.1 4.92e-04    -  1.00e+00 1.25e-01h  4
1071  1.9881149e-04 4.05e-08 7.07e+01  -4.1 1.10e-01    -  1.00e+00 7.81e-03h  8
1072  1.9883021e-04 3.45e-08 7.08e+01  -4.1 3.20e-04    -  1.00e+00 2.50e-01h  3
1073  1.9883877e-04 3.17e-08 7.06e+01  -4.1 4.20e-04    -  1.00e+00 1.25e-01h  4
1074  1.9883161e-04 2.84e-08 7.05e+01  -4.1 3.17e-02    -  1.00e+00 1.56e-02h  7
1075  1.9887854e-04 6.47e-09 7.04e+01  -4.1 4.10e-04    -  1.00e+00 1.00e+00H  1
1076  1.9886535e-04 7.71e-09 7.09e+01  -4.1 5.57e-03    -  1.00e+00 1.25e-01h  4
1077  1.9886279e-04 1.19e-08 7.10e+01  -4.1 1.14e-02    -  1.00e+00 3.12e-02h  6
1078  1.9885101e-04 1.48e-08 7.09e+01  -4.1 1.00e-03    -  1.00e+00 2.50e-01h  3
1079  1.9885051e-04 1.47e-08 7.09e+01  -4.1 8.36e-03    -  1.00e+00 3.12e-02h  6
iter    objective    inf_pr   inf_du lg(mu)  ||d||  lg(rg) alpha_du alpha_pr  ls
1080  1.9886352e-04 3.89e-09 7.07e+01  -4.1 3.66e-04    -  1.00e+00 1.00e+00h  1
1081  1.9890591e-04 3.11e-09 7.05e+01  -4.1 3.89e-04    -  1.00e+00 1.00e+00H  1
1082  1.9890309e-04 3.12e-09 7.09e+01  -4.1 1.61e-01    -  1.00e+00 9.77e-04h 11
1083  1.9890177e-04 3.68e-09 7.09e+01  -4.1 2.08e-02    -  1.00e+00 7.81e-03h  8
1084  1.9848952e-04 4.51e-06 7.11e+01  -4.1 7.18e-03    -  1.00e+00 5.00e-01h  2
1085  1.9852188e-04 4.46e-06 7.11e+01  -4.1 2.81e-02    -  1.00e+00 1.56e-02h  7
1086  1.9849563e-04 3.36e-06 7.06e+01  -4.1 1.12e-02    -  1.00e+00 5.00e-01h  2
1087  1.9863991e-04 3.15e-06 7.06e+01  -4.1 3.82e-02    -  1.00e+00 6.25e-02h  5
1088  1.9880812e-04 2.54e-06 7.05e+01  -4.1 5.12e-03    -  1.00e+00 2.50e-01h  3
1089  1.9878053e-04 2.53e-06 7.09e+01  -4.1 1.08e-01    -  1.00e+00 2.44e-04h 13
iter    objective    inf_pr   inf_du lg(mu)  ||d||  lg(rg) alpha_du alpha_pr  ls
1090  1.9880701e-04 2.22e-06 7.09e+01  -4.1 2.19e-03    -  1.00e+00 1.25e-01h  4
1091  1.9840363e-04 2.13e-06 7.10e+01  -4.1 1.27e-01    -  1.00e+00 3.12e-02h  6
1092  1.9867767e-04 6.02e-07 7.02e+01  -4.1 1.18e-03    -  1.00e+00 1.00e+00h  1
1093  1.9879081e-04 1.14e-07 7.02e+01  -4.1 1.10e-03    -  1.00e+00 1.00e+00h  1
1094  1.9883391e-04 1.19e-07 7.12e+01  -4.1 9.36e-04    -  1.00e+00 2.50e-01h  3
1095  1.9886975e-04 3.39e-08 7.03e+01  -4.1 1.64e-03    -  1.00e+00 1.00e+00h  1
1096  1.9883767e-04 6.65e-08 7.12e+01  -4.1 8.97e-04    -  1.00e+00 5.00e-01h  2
1097  1.9882161e-04 1.92e-07 7.10e+01  -4.1 1.03e-03    -  1.00e+00 1.00e+00h  1
1098  1.9878293e-04 1.32e-07 7.04e+01  -4.1 4.31e-04    -  1.00e+00 1.00e+00h  1
1099  1.9878393e-04 1.28e-07 7.04e+01  -4.1 3.57e-03    -  1.00e+00 3.12e-02h  6
iter    objective    inf_pr   inf_du lg(mu)  ||d||  lg(rg) alpha_du alpha_pr  ls
1100  1.9879128e-04 1.12e-07 7.10e+01  -4.1 4.58e-03    -  1.00e+00 1.25e-01h  4
1101  1.9881877e-04 5.15e-08 7.11e+01  -4.1 3.95e-04    -  1.00e+00 5.00e-01h  2
1102  1.9881788e-04 4.35e-08 7.03e+01  -4.1 3.94e-03    -  1.00e+00 6.25e-02h  5
1103  1.9881797e-04 4.05e-08 7.04e+01  -4.1 1.61e-03    -  1.00e+00 6.25e-02h  5
1104  1.9882069e-04 3.40e-08 7.03e+01  -4.1 7.01e-04    -  1.00e+00 1.25e-01h  4
1105  1.9882570e-04 2.48e-08 7.10e+01  -4.1 9.78e-04    -  1.00e+00 2.50e-01h  3
1106  1.9887214e-04 1.47e-08 7.10e+01  -4.1 3.44e-04    -  1.00e+00 1.00e+00H  1
1107  1.9887153e-04 2.35e-08 7.10e+01  -4.1 7.80e-03    -  1.00e+00 6.25e-02h  5
1108  1.9885848e-04 2.18e-08 7.10e+01  -4.1 1.09e-02    -  1.00e+00 1.56e-02h  7
1109  1.9890693e-04 2.05e-08 7.05e+01  -4.1 4.34e-04    -  1.00e+00 1.00e+00H  1
iter    objective    inf_pr   inf_du lg(mu)  ||d||  lg(rg) alpha_du alpha_pr  ls
1110  1.9887961e-04 1.75e-08 7.05e+01  -4.1 5.40e-03    -  1.00e+00 6.25e-02h  5
1111  1.9885655e-04 3.78e-08 7.04e+01  -4.1 9.97e-04    -  1.00e+00 2.50e-01h  3
1112  1.9885452e-04 3.79e-08 7.04e+01  -4.1 9.24e-02    -  1.00e+00 2.44e-04h 13
1113  1.9886811e-04 3.36e-08 7.10e+01  -4.1 2.06e-04    -  1.00e+00 1.25e-01h  4
1114  1.9885821e-04 1.90e-08 7.10e+01  -4.1 1.41e-04    -  1.00e+00 1.00e+00h  1
1115  1.9882513e-04 1.90e-08 7.07e+01  -4.1 1.49e-04    -  1.00e+00 1.00e+00h  1
1116  1.9882706e-04 1.86e-08 7.07e+01  -4.1 1.50e-03    -  1.00e+00 3.12e-02h  6
1117  1.9885328e-04 1.47e-08 7.09e+01  -4.1 1.95e-03    -  1.00e+00 2.50e-01h  3
1118  1.9889339e-04 2.15e-09 7.04e+01  -4.1 7.40e-04    -  1.00e+00 1.00e+00H  1
1119  1.9887985e-04 5.30e-09 7.04e+01  -4.1 1.06e-02    -  1.00e+00 7.81e-03h  8
iter    objective    inf_pr   inf_du lg(mu)  ||d||  lg(rg) alpha_du alpha_pr  ls
1120  1.9887983e-04 5.42e-09 7.04e+01  -4.1 5.66e-03    -  1.00e+00 3.12e-02h  6
1121  1.9884744e-04 6.28e-09 7.09e+01  -4.1 4.25e-03    -  1.00e+00 6.25e-02h  5
1122  1.9885578e-04 4.81e-09 7.06e+01  -4.1 8.21e-05    -  1.00e+00 1.00e+00h  1
1123  1.9885671e-04 4.90e-09 7.06e+01  -4.1 2.04e-03    -  1.00e+00 3.12e-02h  6
1124  1.9886266e-04 2.95e-09 7.06e+01  -4.1 9.99e-04    -  1.00e+00 2.50e-01h  3
1125  1.9886458e-04 2.86e-09 7.06e+01  -4.1 1.65e-04    -  1.00e+00 5.00e-01h  2
1126  1.9886296e-04 3.29e-09 7.08e+01  -4.1 2.05e-02    -  1.00e+00 3.91e-03h  9
1127  1.9886171e-04 3.53e-09 7.08e+01  -4.1 5.63e-04    -  1.00e+00 1.25e-01h  4
1128  1.9886119e-04 2.67e-09 7.08e+01  -4.1 2.91e-03    -  1.00e+00 6.25e-02h  5
1129  1.9886110e-04 2.92e-09 7.08e+01  -4.1 8.91e-04    -  1.00e+00 2.50e-01h  3
iter    objective    inf_pr   inf_du lg(mu)  ||d||  lg(rg) alpha_du alpha_pr  ls
1130  1.9885609e-04 2.56e-09 7.07e+01  -4.1 4.45e-04    -  1.00e+00 2.50e-01h  3
1131  1.9889100e-04 1.47e-09 7.06e+01  -4.1 2.70e-04    -  1.00e+00 1.00e+00H  1
1132  1.9888599e-04 3.35e-09 7.08e+01  -4.1 6.02e-03    -  1.00e+00 1.56e-02h  7
1133  1.9888459e-04 3.40e-09 7.08e+01  -4.1 7.67e-04    -  1.00e+00 3.12e-02h  6
1134  1.9888068e-04 3.42e-09 7.08e+01  -4.1 1.41e-01    -  1.00e+00 2.44e-04h 13
1135  1.9887735e-04 3.30e-09 7.08e+01  -4.1 1.28e-03    -  1.00e+00 6.25e-02h  5
1136  1.9887609e-04 3.30e-09 7.06e+01  -4.1 6.36e-02    -  1.00e+00 2.44e-04h 13
1137  1.9886971e-04 8.79e-09 7.08e+01  -4.1 1.39e-02    -  1.00e+00 3.12e-02h  6
1138  1.9878729e-04 5.77e-08 7.05e+01  -4.1 8.11e-04    -  1.00e+00 1.00e+00h  1
1139  1.9879613e-04 5.35e-08 7.09e+01  -4.1 5.80e-03    -  1.00e+00 6.25e-02h  5
iter    objective    inf_pr   inf_du lg(mu)  ||d||  lg(rg) alpha_du alpha_pr  ls
1140  1.9879304e-04 5.23e-08 7.09e+01  -4.1 8.73e-02    -  1.00e+00 3.91e-03h  9
1141  1.9883341e-04 3.59e-08 7.07e+01  -4.1 2.56e-04    -  1.00e+00 5.00e-01h  2
1142  1.9885760e-04 1.20e-08 7.07e+01  -4.1 1.97e-04    -  1.00e+00 1.00e+00h  1
1143  1.9885759e-04 1.20e-08 7.08e+01  -4.1 5.09e-03    -  1.00e+00 1.22e-04h 14
1144  1.9885952e-04 1.10e-08 7.08e+01  -4.1 1.11e-03    -  1.00e+00 6.25e-02h  5
1145  1.9884729e-04 1.71e-08 7.07e+01  -4.1 3.70e-02  -4.0 1.00e+00 3.91e-03h  9
1146  1.9885242e-04 1.44e-08 7.06e+01  -4.1 7.28e-04    -  1.00e+00 1.25e-01h  4
1147  1.9883087e-04 4.18e-08 7.08e+01  -4.1 2.38e-02    -  1.00e+00 7.81e-03h  8
1148  1.9883248e-04 4.05e-08 7.08e+01  -4.1 5.52e-04    -  1.00e+00 3.12e-02h  6
1149  1.9882912e-04 4.17e-08 7.08e+01  -4.1 2.84e-03    -  1.00e+00 3.12e-02h  6
iter    objective    inf_pr   inf_du lg(mu)  ||d||  lg(rg) alpha_du alpha_pr  ls
1150  1.9888773e-04 2.41e-08 7.07e+01  -4.1 1.17e-03    -  1.00e+00 5.00e-01h  2
1151  1.9891972e-04 7.73e-10 7.04e+01  -4.1 5.29e-04    -  1.00e+00 1.00e+00H  1
1152  1.9891386e-04 1.17e-08 7.04e+01  -4.1 1.12e-01    -  1.00e+00 3.91e-03h  9
1153  1.9887414e-04 2.44e-08 7.05e+01  -4.1 1.07e-02    -  1.00e+00 3.12e-02h  6
1154  1.9886852e-04 2.47e-08 7.09e+01  -4.1 2.05e-02    -  1.00e+00 7.81e-03h  8
1155  1.9888231e-04 1.94e-08 7.04e+01  -4.1 4.02e-04    -  1.00e+00 1.00e+00H  1
1156  1.9880191e-04 3.92e-06 7.12e+01  -4.1 2.72e-03    -  1.00e+00 1.00e+00h  1
1157  1.9855611e-04 3.69e-06 7.12e+01  -4.1 3.72e-02    -  1.00e+00 6.25e-02h  5
1158  1.9860753e-04 2.05e-06 7.07e+01  -4.1 3.06e-03    -  1.00e+00 5.00e-01h  2
1159  1.9868023e-04 1.06e-06 7.04e+01  -4.1 4.08e-03    -  1.00e+00 5.00e-01h  2
iter    objective    inf_pr   inf_du lg(mu)  ||d||  lg(rg) alpha_du alpha_pr  ls
1160  1.9875307e-04 5.07e-07 7.03e+01  -4.1 2.65e-03    -  1.00e+00 5.00e-01h  2
1161  1.9876818e-04 4.93e-07 7.03e+01  -4.1 3.43e-02    -  1.00e+00 1.56e-02h  7
1162  1.9874935e-04 4.93e-07 7.11e+01  -4.1 4.95e-01    -  1.00e+00 2.31e-07h 20
1163  1.9878706e-04 2.98e-07 7.03e+01  -4.1 1.41e-03    -  1.00e+00 5.00e-01h  2
1164  1.9877280e-04 3.42e-07 7.12e+01  -4.1 8.83e-04    -  1.00e+00 1.00e+00h  1
1165  1.9876020e-04 2.79e-07 7.12e+01  -4.1 4.50e-03    -  1.00e+00 2.50e-01h  3
1166  1.9875015e-04 2.35e-07 7.11e+01  -4.1 1.04e-02    -  1.00e+00 1.25e-01h  4
1167  1.9881536e-04 6.22e-08 7.12e+01  -4.1 1.03e-03    -  1.00e+00 1.00e+00h  1
1168  1.9882001e-04 7.49e-08 7.04e+01  -4.1 3.35e-04    -  1.00e+00 1.00e+00h  1
1169  1.9882095e-04 7.53e-08 7.10e+01  -4.1 4.58e-03    -  1.00e+00 1.56e-02h  7
iter    objective    inf_pr   inf_du lg(mu)  ||d||  lg(rg) alpha_du alpha_pr  ls
1170  1.9883037e-04 6.15e-08 7.04e+01  -4.1 4.24e-04    -  1.00e+00 2.50e-01h  3
1171  1.9882221e-04 5.68e-08 7.04e+01  -4.1 2.04e-02    -  1.00e+00 3.12e-02h  6
1172  1.9884905e-04 2.27e-08 7.10e+01  -4.1 6.76e-04    -  1.00e+00 1.00e+00h  1
1173  1.9883897e-04 2.52e-08 7.06e+01  -4.1 5.58e-04    -  1.00e+00 1.00e+00h  1
1174  1.9884907e-04 2.00e-08 7.06e+01  -4.1 8.71e-04    -  1.00e+00 2.50e-01h  3
1175  1.9884405e-04 1.85e-08 7.08e+01  -4.1 2.98e-03    -  1.00e+00 6.25e-02h  5
1176  1.9884496e-04 1.80e-08 7.06e+01  -4.1 3.73e-03    -  1.00e+00 1.56e-02h  7
1177  1.9884708e-04 1.67e-08 7.06e+01  -4.1 1.78e-03    -  1.00e+00 6.25e-02h  5
1178  1.9883803e-04 1.44e-08 7.06e+01  -4.1 9.66e-04    -  1.00e+00 2.50e-01h  3
1179  1.9884083e-04 1.32e-08 7.08e+01  -4.1 1.28e-03    -  1.00e+00 6.25e-02h  5
iter    objective    inf_pr   inf_du lg(mu)  ||d||  lg(rg) alpha_du alpha_pr  ls
1180  1.9884346e-04 1.26e-08 7.06e+01  -4.1 5.19e-04    -  1.00e+00 6.25e-02h  5
1181  1.9884355e-04 1.26e-08 7.06e+01  -4.1 1.95e-03    -  1.00e+00 7.81e-03h  8
1182  1.9884333e-04 1.25e-08 7.06e+01  -4.1 6.57e-03    -  1.00e+00 7.81e-03h  8
1183  1.9884388e-04 1.23e-08 7.06e+01  -4.1 6.90e-04    -  1.00e+00 1.56e-02h  7
1184  1.9884326e-04 1.26e-08 7.06e+01  -4.1 2.17e-02    -  1.00e+00 1.95e-03h 10
1185  1.9884330e-04 1.26e-08 7.06e+01  -4.1 5.95e-04    -  1.00e+00 9.77e-04h 11
1186  1.9886928e-04 1.06e-08 7.09e+01  -4.1 7.07e-04    -  1.00e+00 5.00e-01h  2
1187  1.9886217e-04 1.07e-08 7.08e+01  -4.1 3.46e-03    -  1.00e+00 6.25e-02h  5
1188  1.9886379e-04 1.04e-08 7.09e+01  -4.1 4.05e-04    -  1.00e+00 1.25e-01h  4
1189  1.9890364e-04 5.30e-09 7.06e+01  -4.1 1.98e-04    -  1.00e+00 1.00e+00H  1
iter    objective    inf_pr   inf_du lg(mu)  ||d||  lg(rg) alpha_du alpha_pr  ls
1190  1.9889856e-04 7.88e-09 7.06e+01  -4.1 1.00e-02    -  1.00e+00 1.56e-02h  7
1191  1.9889598e-04 8.92e-09 7.06e+01  -4.1 2.13e-02    -  1.00e+00 1.95e-03h 10
1192  1.9886240e-04 1.22e-08 7.07e+01  -4.1 1.69e-02    -  1.00e+00 3.12e-02h  6
1193  1.9886021e-04 1.37e-08 7.07e+01  -4.1 1.14e-03    -  1.00e+00 6.25e-02h  5
1194  1.9885872e-04 1.60e-08 7.07e+01  -4.1 3.25e-03    -  1.00e+00 3.12e-02h  6
1195  1.9885880e-04 1.58e-08 7.07e+01  -4.1 2.24e-03    -  1.00e+00 6.25e-02h  5
1196  1.9885895e-04 1.58e-08 7.07e+01  -4.1 2.61e-03    -  1.00e+00 7.81e-03h  8
1197  1.9885796e-04 1.66e-08 7.07e+01  -4.1 4.21e-03    -  1.00e+00 3.12e-02h  6
1198  1.9885834e-04 1.59e-08 7.07e+01  -4.1 3.07e-04    -  1.00e+00 6.25e-02h  5
1199  1.9885965e-04 1.50e-08 7.07e+01  -4.1 9.01e-04    -  1.00e+00 6.25e-02h  5
iter    objective    inf_pr   inf_du lg(mu)  ||d||  lg(rg) alpha_du alpha_pr  ls
1200  1.9885965e-04 1.51e-08 7.07e+01  -4.1 3.25e-03    -  1.00e+00 3.91e-03h  9
1201  1.9885964e-04 1.52e-08 7.07e+01  -4.1 3.82e-03    -  1.00e+00 3.91e-03h  9
1202  1.9885959e-04 1.53e-08 7.07e+01  -4.1 3.77e-03    -  1.00e+00 3.91e-03h  9
1203  1.9885958e-04 1.53e-08 7.07e+01  -4.1 6.78e-03    -  1.00e+00 3.73e-09h 29
1204  1.9885841e-04 2.49e-09 7.04e+01  -4.1 3.51e-06    -  1.00e+00 1.00e+00h  1
1205  1.9885856e-04 1.32e-09 7.05e+01  -4.1 4.74e-07    -  1.00e+00 1.00e+00h  1
1206  1.9892479e-04 1.28e-08 7.07e+01  -4.1 1.55e-04    -  1.00e+00 1.00e+00H  1
1207  1.9886999e-04 1.56e-09 7.05e+01  -4.1 1.54e-04    -  1.00e+00 1.00e+00H  1
1208  1.9884989e-04 3.31e-09 7.08e+01  -4.1 5.95e-05    -  1.00e+00 1.00e+00h  1
1209  1.9885979e-04 8.57e-10 7.07e+01  -4.1 2.93e-05    -  1.00e+00 1.00e+00h  1
iter    objective    inf_pr   inf_du lg(mu)  ||d||  lg(rg) alpha_du alpha_pr  ls
1210  1.9886195e-04 1.05e-10 7.08e+01  -4.1 6.10e-06    -  1.00e+00 1.00e+00h  1
1211  1.9886473e-04 1.15e-10 7.08e+01  -4.1 1.16e-05    -  1.00e+00 1.00e+00h  1
1212  1.9886472e-04 1.15e-10 7.06e+01  -4.1 2.56e-01    -  1.00e+00 9.54e-07h 21
1213  1.9886700e-04 8.60e-11 7.09e+01  -4.1 1.30e-05    -  1.00e+00 1.00e+00h  1
1214  1.9886745e-04 1.45e-10 7.09e+01  -4.1 2.69e-04    -  1.00e+00 6.25e-02h  5
1215  1.9886692e-04 1.35e-10 7.09e+01  -4.1 2.84e-02    -  1.00e+00 3.91e-03h  9
1216  1.9886697e-04 1.35e-10 7.09e+01  -4.1 1.35e-03    -  1.00e+00 9.77e-04h 11
1217  1.9887105e-04 2.06e-10 7.05e+01  -4.1 2.70e-05    -  1.00e+00 5.00e-01h  2
1218  1.9886894e-04 3.77e-10 7.05e+01  -4.1 8.38e-03    -  1.00e+00 7.81e-03h  8
1219  1.9886945e-04 3.69e-10 7.09e+01  -4.1 8.72e-05    -  1.00e+00 3.12e-02h  6
iter    objective    inf_pr   inf_du lg(mu)  ||d||  lg(rg) alpha_du alpha_pr  ls
1220  1.9886221e-04 2.08e-07 7.04e+01  -4.1 1.06e-03    -  1.00e+00 5.00e-01h  2
1221  1.9867900e-04 1.01e-06 7.08e+01  -4.1 1.26e-03    -  1.00e+00 1.00e+00h  1
1222  1.9866450e-04 8.69e-07 7.07e+01  -4.1 4.33e-03    -  1.00e+00 2.50e-01h  3
1223  1.9882504e-04 4.92e-07 7.05e+01  -4.1 2.18e-03    -  1.00e+00 5.00e-01h  2
1224  1.9874029e-04 1.89e-07 7.03e+01  -4.1 2.31e-03    -  1.00e+00 5.00e-01h  2
1225  1.9878659e-04 1.78e-07 7.03e+01  -4.1 1.81e-03    -  1.00e+00 5.00e-01h  2
1226  1.9885314e-04 1.77e-07 7.12e+01  -4.1 2.01e-03    -  1.00e+00 3.91e-03h  9
1227  1.9883529e-04 5.90e-08 7.12e+01  -4.1 1.43e-03    -  1.00e+00 1.00e+00h  1
1228  1.9881232e-04 1.07e-07 7.12e+01  -4.1 1.06e-03    -  1.00e+00 2.50e-01h  3
1229  1.9878544e-04 1.44e-07 7.12e+01  -4.1 1.93e-03    -  1.00e+00 2.50e-01h  3
iter    objective    inf_pr   inf_du lg(mu)  ||d||  lg(rg) alpha_du alpha_pr  ls
1230  1.9878487e-04 1.39e-07 7.03e+01  -4.1 1.68e-03    -  1.00e+00 3.12e-02h  6
1231  1.9876721e-04 1.21e-07 7.03e+01  -4.1 9.02e-04    -  1.00e+00 2.50e-01h  3
1232  1.9884544e-04 7.26e-08 7.11e+01  -4.1 3.81e-04    -  1.00e+00 1.00e+00H  1
1233  1.9884416e-04 5.97e-08 7.11e+01  -4.1 1.96e-02    -  1.00e+00 7.81e-03h  8
1234  1.9877687e-04 1.03e-07 7.03e+01  -4.1 3.91e-02    -  1.00e+00 7.81e-03h  8
1235  1.9881110e-04 7.46e-08 7.04e+01  -4.1 3.62e-04    -  1.00e+00 1.00e+00h  1
1236  1.9882998e-04 2.84e-08 7.11e+01  -4.1 2.52e-04    -  1.00e+00 1.00e+00h  1
1237  1.9882952e-04 3.16e-08 7.11e+01  -4.1 9.44e-03    -  1.00e+00 1.56e-02h  7
1238  1.9882973e-04 2.79e-08 7.11e+01  -4.1 3.83e-04    -  1.00e+00 1.25e-01h  4
1239  1.9881771e-04 2.64e-08 7.04e+01  -4.1 1.37e-03    -  1.00e+00 1.25e-01h  4
iter    objective    inf_pr   inf_du lg(mu)  ||d||  lg(rg) alpha_du alpha_pr  ls
1240  1.9882229e-04 2.51e-08 7.11e+01  -4.1 8.47e-04    -  1.00e+00 1.25e-01h  4
1241  1.9882223e-04 2.76e-08 7.11e+01  -4.1 6.72e-03    -  1.00e+00 1.56e-02h  7
1242  1.9883918e-04 2.67e-08 7.04e+01  -4.1 2.54e-04    -  1.00e+00 5.00e-01h  2
1243  1.9884032e-04 2.27e-08 7.04e+01  -4.1 4.73e-04    -  1.00e+00 1.25e-01h  4
1244  1.9883953e-04 2.52e-08 7.04e+01  -4.1 6.19e-04    -  1.00e+00 1.25e-01h  4
1245  1.9884667e-04 2.78e-08 7.10e+01  -4.1 2.68e-04    -  1.00e+00 5.00e-01h  2
1246  1.9885210e-04 1.63e-08 7.05e+01  -4.1 1.64e-04    -  1.00e+00 5.00e-01h  2
1247  1.9885239e-04 1.63e-08 7.09e+01  -4.1 1.13e-03    -  1.00e+00 1.56e-02h  7
1248  1.9884703e-04 1.28e-09 7.06e+01  -4.1 3.60e-05    -  1.00e+00 1.00e+00h  1
1249  1.9884913e-04 1.58e-09 7.08e+01  -4.1 3.98e-04    -  1.00e+00 6.25e-02h  5
iter    objective    inf_pr   inf_du lg(mu)  ||d||  lg(rg) alpha_du alpha_pr  ls
1250  1.9885206e-04 1.88e-09 7.08e+01  -4.1 2.00e-04    -  1.00e+00 1.25e-01h  4
1251  1.9885254e-04 1.90e-09 7.06e+01  -4.1 6.37e-04    -  1.00e+00 1.56e-02h  7
1252  1.9885762e-04 2.06e-09 7.06e+01  -4.1 1.75e-04    -  1.00e+00 2.50e-01h  3
1253  1.9885767e-04 2.01e-09 7.06e+01  -4.1 1.87e-03    -  1.00e+00 3.91e-03h  9
1254  1.9885768e-04 2.01e-09 7.06e+01  -4.1 1.89e-03    -  1.00e+00 9.77e-04h 11
1255  1.9885757e-04 2.25e-09 7.08e+01  -4.1 1.85e-02    -  1.00e+00 9.77e-04h 11
1256  1.9885751e-04 2.46e-09 7.08e+01  -4.1 8.67e-03    -  1.00e+00 1.95e-03h 10
1257  1.9885746e-04 2.46e-09 7.08e+01  -4.1 1.06e-02    -  1.00e+00 1.95e-03h 10
1258  1.9885730e-04 2.40e-09 7.08e+01  -4.1 5.43e-03    -  1.00e+00 3.91e-03h  9
1259  1.9885728e-04 2.40e-09 7.06e+01  -4.1 2.23e+00    -  3.34e-01 1.67e-09h 29
iter    objective    inf_pr   inf_du lg(mu)  ||d||  lg(rg) alpha_du alpha_pr  ls
1260  1.9885687e-04 1.18e-09 7.07e+01  -4.1 7.26e-05    -  1.00e+00 1.00e+00h  1
1261  1.9885740e-04 1.16e-09 7.07e+01  -4.1 1.75e-04    -  1.00e+00 3.12e-02h  6
1262  1.9885756e-04 1.15e-09 7.07e+01  -4.1 2.02e-03  -4.5 1.00e+00 7.81e-03h  8
1263  1.9885756e-04 1.14e-09 7.07e+01  -4.1 4.61e-03  -5.0 1.00e+00 9.77e-04h 11
1264  1.9885753e-04 1.14e-09 7.07e+01  -4.1 5.43e-03    -  1.00e+00 9.77e-04h 11
1265  1.9885753e-04 1.14e-09 7.07e+01  -4.1 1.34e-02    -  1.00e+00 3.05e-05h 16
1266  1.9885753e-04 1.14e-09 7.07e+01  -4.1 5.42e-02    -  1.00e+00 7.63e-06h 18
1267  1.9886747e-04 1.08e-09 7.07e+01  -4.1 7.59e-05  -2.3 1.00e+00 5.00e-01h  2
1268  1.9886749e-04 1.08e-09 7.07e+01  -4.1 6.43e-04    -  1.00e+00 7.81e-03h  8
1269  1.9886681e-04 1.18e-09 7.07e+01  -4.1 4.17e-02    -  1.00e+00 9.77e-04h 11
iter    objective    inf_pr   inf_du lg(mu)  ||d||  lg(rg) alpha_du alpha_pr  ls
1270  1.9886673e-04 1.18e-09 7.07e+01  -4.1 1.88e-02    -  1.00e+00 2.44e-04h 13
1271  1.9886672e-04 1.18e-09 7.07e+01  -4.1 4.24e-02    -  1.00e+00 3.05e-05h 16
1272  1.9886670e-04 1.18e-09 7.07e+01  -4.1 1.24e-01    -  1.00e+00 7.63e-06h 18
1273  1.9886668e-04 1.18e-09 7.07e+01  -4.1 1.42e-01    -  1.00e+00 7.63e-06h 18
1274  1.9886305e-04 1.18e-09 7.07e+01  -4.1 1.08e+01    -  1.03e-01 5.20e-08h 22
1275  1.9883933e-04 2.61e-07 7.06e+01  -4.1 1.96e-03    -  1.00e+00 1.00e+00h  1
1276  1.9885714e-04 2.05e-07 7.06e+01  -4.1 1.01e-03    -  1.00e+00 2.50e-01h  3
1277  1.9885610e-04 2.06e-07 7.08e+01  -4.1 2.82e-01    -  1.00e+00 2.44e-04h 13
1278  1.9885601e-04 2.06e-07 7.06e+01  -4.1 3.21e-01    -  1.00e+00 3.05e-05h 16
1279  1.9885608e-04 2.06e-07 7.08e+01  -4.1 2.65e-01    -  1.00e+00 3.05e-05h 16
iter    objective    inf_pr   inf_du lg(mu)  ||d||  lg(rg) alpha_du alpha_pr  ls
1280  8.6552120e-03 3.35e-09 1.41e+02  -4.1 5.18e-03    -  1.00e+00 1.00e+00H  1
1281  8.0063620e-03 3.01e-10 1.44e+02  -4.1 2.06e-04    -  1.00e+00 1.00e+00F  1
1282  7.3123150e-03 3.77e-09 1.46e+02  -4.1 2.95e-04    -  1.00e+00 1.00e+00F  1
1283  6.5104539e-03 1.84e-09 1.54e+02  -4.1 6.28e-04    -  1.00e+00 1.00e+00F  1
1284  6.3632851e-03 1.84e-09 1.54e+02  -4.1 5.47e-02    -  2.45e-02 9.77e-04f 11
1285  2.3550795e-03 9.66e-06 1.12e+01  -4.1 3.96e-01    -  1.00e+00 7.81e-03f  8
1286  1.0799901e-03 1.98e-05 1.60e+02  -4.1 1.25e-01    -  1.00e+00 2.55e-02f  3
1287  3.3061466e-03 1.49e-05 1.46e+01  -4.1 4.43e-03    -  5.46e-01 5.00e-01h  2
1288  1.0102125e-03 1.42e-07 1.15e+02  -4.1 1.25e-04    -  1.00e+00 1.00e+00h  1
1289  2.0887218e-03 9.12e-07 5.22e+01  -4.1 4.06e-03    -  1.00e+00 2.25e-01h  3
iter    objective    inf_pr   inf_du lg(mu)  ||d||  lg(rg) alpha_du alpha_pr  ls
1290  8.7536694e-04 2.65e-06 6.72e+01  -4.1 1.61e-03    -  1.00e+00 1.00e+00h  1
1291  6.6754972e-04 3.59e-06 7.63e+01  -4.1 3.19e-02    -  2.61e-01 3.12e-02f  6
1292  3.1543396e-04 3.49e-07 7.08e+01  -4.1 5.84e-04    -  1.00e+00 1.00e+00h  1
1293  3.4606194e-04 7.22e-08 7.67e+01  -4.1 2.54e-04    -  1.00e+00 1.00e+00h  1
1294  2.0126955e-04 6.33e-07 6.43e+01  -4.1 7.88e-04    -  1.00e+00 1.00e+00h  1
1295  2.5484091e-04 3.43e-07 7.38e+01  -4.1 7.86e-04    -  1.00e+00 1.00e+00H  1
1296  2.2978556e-04 2.73e-07 7.64e+01  -4.1 6.15e-04    -  1.00e+00 5.00e-01h  2
1297  2.9900113e-04 3.01e-07 6.74e+01  -4.1 6.08e-03    -  1.00e+00 3.12e-02h  6
1298  2.3500981e-04 2.09e-07 6.91e+01  -4.1 4.41e-04    -  1.00e+00 1.00e+00h  1
1299  2.1797861e-04 2.33e-07 7.33e+01  -4.1 9.71e-03    -  1.00e+00 1.56e-02h  7
iter    objective    inf_pr   inf_du lg(mu)  ||d||  lg(rg) alpha_du alpha_pr  ls
1300  2.0890378e-04 1.46e-07 6.73e+01  -4.1 3.70e-04    -  1.00e+00 1.00e+00h  1
1301  2.0081969e-04 4.37e-07 7.24e+01  -4.1 6.26e-04    -  1.00e+00 1.00e+00h  1
1302  2.0183389e-04 1.37e-07 6.98e+01  -4.1 3.56e-04    -  1.00e+00 1.00e+00h  1
1303  1.9958446e-04 1.03e-06 7.09e+01  -4.1 3.67e-03    -  1.00e+00 2.50e-01h  3
1304  1.9953689e-04 1.02e-06 7.05e+01  -4.1 1.99e-01    -  1.00e+00 4.88e-04h 12
1305  1.9905882e-04 2.26e-07 7.12e+01  -4.1 4.58e-04    -  1.00e+00 1.00e+00h  1
1306  1.9846425e-04 1.59e-05 7.11e+01  -4.1 6.76e-03    -  1.00e+00 1.00e+00h  1
1307  1.9690649e-04 1.88e-04 7.02e+01  -4.1 2.57e-02    -  1.00e+00 5.00e-01h  2
1308  1.9733673e-04 1.65e-04 7.02e+01  -4.1 3.88e-02    -  1.00e+00 1.25e-01h  4
1309  1.9767586e-04 1.54e-04 7.12e+01  -4.1 5.84e-02    -  1.00e+00 6.25e-02h  5
iter    objective    inf_pr   inf_du lg(mu)  ||d||  lg(rg) alpha_du alpha_pr  ls
1310  1.9626602e-04 1.05e-04 7.12e+01  -4.1 1.20e-01    -  1.00e+00 6.25e-02h  5
1311  1.9806902e-04 9.16e-05 7.02e+01  -4.1 2.79e-02    -  1.00e+00 1.25e-01h  4
1312  1.9805639e-04 1.65e-05 7.02e+01  -4.1 8.87e-03    -  1.00e+00 1.00e+00h  1
1313  1.9740669e-04 1.51e-05 7.13e+01  -4.1 1.26e-02    -  1.00e+00 5.00e-01h  2
1314  1.9723873e-04 1.37e-05 7.13e+01  -4.1 3.62e-02    -  1.00e+00 6.25e-02h  5
1315  1.9815965e-04 7.51e-06 7.02e+01  -4.1 3.51e-03    -  1.00e+00 1.00e+00h  1
1316  1.9821352e-04 4.22e-06 7.13e+01  -4.1 5.48e-03    -  1.00e+00 5.00e-01h  2
1317  1.9814619e-04 6.05e-06 7.02e+01  -4.1 2.28e-02    -  1.00e+00 1.25e-01h  4
1318  1.9816893e-04 4.84e-06 7.13e+01  -4.1 6.48e-03    -  1.00e+00 2.50e-01h  3
1319  1.9779772e-04 5.84e-06 7.13e+01  -4.1 1.28e-01    -  1.00e+00 3.12e-02h  6
iter    objective    inf_pr   inf_du lg(mu)  ||d||  lg(rg) alpha_du alpha_pr  ls
1320  1.9837613e-04 3.07e-06 7.02e+01  -4.1 1.25e-02    -  1.00e+00 2.50e-01h  3
1321  1.9844955e-04 2.63e-06 7.02e+01  -4.1 3.81e-03    -  1.00e+00 1.00e+00h  1
1322  1.9837476e-04 2.14e-06 7.02e+01  -4.1 4.65e-03    -  1.00e+00 5.00e-01h  2
1323  1.9836764e-04 2.16e-06 7.02e+01  -4.1 1.68e-01    -  1.00e+00 7.81e-03h  8
1324  1.9842297e-04 1.61e-06 7.02e+01  -4.1 1.76e-03    -  1.00e+00 2.50e-01h  3
1325  1.9844229e-04 1.56e-06 7.12e+01  -4.1 7.57e-03    -  1.00e+00 3.12e-02h  6
1326  1.9858703e-04 7.03e-07 7.02e+01  -4.1 1.15e-03    -  1.00e+00 1.00e+00h  1
1327  1.9858498e-04 8.64e-07 7.12e+01  -4.1 1.28e-01    -  1.00e+00 7.81e-03h  8
1328  1.9890332e-04 4.24e-07 7.12e+01  -4.1 2.54e-03    -  1.00e+00 1.00e+00H  1
1329  1.9882258e-04 4.21e-07 7.12e+01  -4.1 2.81e-03    -  1.00e+00 1.25e-01h  4
iter    objective    inf_pr   inf_du lg(mu)  ||d||  lg(rg) alpha_du alpha_pr  ls
1330  1.9875789e-04 3.96e-07 7.02e+01  -4.1 2.99e-03    -  1.00e+00 1.25e-01h  4
1331  1.9873222e-04 3.81e-07 7.12e+01  -4.1 2.76e-03    -  1.00e+00 6.25e-02h  5
1332  1.9872105e-04 3.99e-07 7.12e+01  -4.1 2.82e-02    -  1.00e+00 7.81e-03h  8
1333  1.9872381e-04 2.66e-07 7.02e+01  -4.1 1.91e-03    -  1.00e+00 2.50e-01h  3
1334  1.9870673e-04 2.25e-07 7.02e+01  -4.1 8.94e-02    -  1.00e+00 7.81e-03h  8
1335  1.9886378e-04 7.92e-08 7.03e+01  -4.1 1.22e-03    -  1.00e+00 1.00e+00H  1
1336  1.9880450e-04 9.65e-08 7.03e+01  -4.1 2.99e-03    -  1.00e+00 1.25e-01h  4
1337  1.9880748e-04 8.27e-08 7.11e+01  -4.1 1.72e-03    -  1.00e+00 1.25e-01h  4
1338  1.9877268e-04 9.11e-08 7.11e+01  -4.1 9.10e-04    -  1.00e+00 5.00e-01h  2
1339  1.9877343e-04 8.63e-08 7.03e+01  -4.1 1.93e-02    -  1.00e+00 3.12e-02h  6
iter    objective    inf_pr   inf_du lg(mu)  ||d||  lg(rg) alpha_du alpha_pr  ls
1340  1.9880069e-04 1.08e-07 7.11e+01  -4.1 2.12e-02    -  1.00e+00 3.12e-02h  6
1341  1.9878999e-04 1.11e-07 7.11e+01  -4.1 3.28e-02    -  1.00e+00 7.81e-03h  8
1342  1.9879250e-04 1.03e-07 7.12e+01  -4.1 8.48e-04    -  1.00e+00 1.00e+00h  1
1343  1.9881498e-04 4.43e-08 7.04e+01  -4.1 2.30e-04    -  1.00e+00 1.00e+00h  1
1344  1.9881598e-04 4.24e-08 7.04e+01  -4.1 5.63e-03    -  1.00e+00 1.56e-02h  7
1345  1.9880723e-04 4.92e-08 7.10e+01  -4.1 7.05e-02    -  1.00e+00 1.95e-03h 10
1346  1.9881495e-04 3.87e-08 7.10e+01  -4.1 3.18e-04    -  1.00e+00 2.50e-01h  3
1347  1.9880661e-04 3.82e-08 7.10e+01  -4.1 1.55e-02    -  1.00e+00 3.91e-03h  9
1348  1.9900500e-04 4.67e-08 7.04e+01  -4.1 3.03e-04    -  1.00e+00 1.00e+00H  1
1349  1.9897862e-04 7.21e-08 7.04e+01  -4.1 1.52e-01    -  1.00e+00 1.95e-03h 10
iter    objective    inf_pr   inf_du lg(mu)  ||d||  lg(rg) alpha_du alpha_pr  ls
1350  1.9897093e-04 6.21e-08 7.04e+01  -4.1 1.88e-03    -  1.00e+00 6.25e-02h  5
1351  1.9893915e-04 5.77e-08 7.03e+01  -4.1 1.49e-03    -  1.00e+00 6.25e-02h  5
1352  1.9892213e-04 5.77e-08 7.03e+01  -4.1 5.10e-02    -  1.00e+00 9.77e-04h 11
1353  1.9891578e-04 5.08e-08 7.11e+01  -4.1 2.54e-03    -  1.00e+00 6.25e-02h  5
1354  1.9888442e-04 4.20e-08 7.11e+01  -4.1 3.36e-04    -  1.00e+00 2.50e-01h  3
1355  1.9887569e-04 3.86e-08 7.11e+01  -4.1 6.70e-03    -  1.00e+00 1.56e-02h  7
1356  1.9887099e-04 3.86e-08 7.11e+01  -4.1 1.30e-02    -  1.00e+00 9.77e-04h 11
1357  1.9881314e-04 4.20e-08 7.03e+01  -4.1 3.25e-03    -  1.00e+00 3.12e-02h  6
1358  1.9885532e-04 1.57e-08 7.10e+01  -4.1 2.15e-04    -  1.00e+00 1.00e+00h  1
1359  1.9887397e-04 9.84e-09 7.09e+01  -4.1 2.72e-04    -  1.00e+00 1.00e+00H  1
iter    objective    inf_pr   inf_du lg(mu)  ||d||  lg(rg) alpha_du alpha_pr  ls
1360  1.9886331e-04 9.18e-09 7.05e+01  -4.1 2.21e-03    -  1.00e+00 6.25e-02h  5
1361  1.9883736e-04 2.00e-08 7.04e+01  -4.1 6.39e-04    -  1.00e+00 2.50e-01h  3
1362  1.9882060e-04 1.61e-08 7.08e+01  -4.1 1.18e-04    -  1.00e+00 1.00e+00h  1
1363  1.9882704e-04 1.42e-08 7.08e+01  -4.1 3.82e-04    -  1.00e+00 1.25e-01h  4
1364  1.9882580e-04 1.25e-08 7.08e+01  -4.1 5.00e-03    -  1.00e+00 3.12e-02h  6
1365  1.9883418e-04 9.60e-09 7.08e+01  -4.1 3.20e-04    -  1.00e+00 2.50e-01h  3
1366  1.9883203e-04 9.52e-09 7.06e+01  -4.1 6.73e-02    -  1.00e+00 2.44e-04h 13
1367  1.9883067e-04 8.32e-09 7.06e+01  -4.1 7.18e-04    -  1.00e+00 1.25e-01h  4
1368  1.9888211e-04 4.18e-09 7.10e+01  -4.1 1.66e-04    -  1.00e+00 1.00e+00H  1
1369  1.9885448e-04 9.66e-09 7.10e+01  -4.1 3.03e-04    -  1.00e+00 5.00e-01h  2
iter    objective    inf_pr   inf_du lg(mu)  ||d||  lg(rg) alpha_du alpha_pr  ls
1370  1.9884970e-04 9.30e-09 7.09e+01  -4.1 8.11e-03    -  1.00e+00 1.56e-02h  7
1371  1.9884833e-04 8.45e-09 7.09e+01  -4.1 3.51e-04    -  1.00e+00 1.25e-01h  4
1372  1.9883745e-04 5.76e-09 7.06e+01  -4.1 3.08e-04    -  1.00e+00 5.00e-01h  2
1373  1.9884251e-04 4.40e-09 7.06e+01  -4.1 2.78e-04    -  1.00e+00 2.50e-01h  3
1374  1.9884142e-04 4.43e-09 7.08e+01  -4.1 4.11e-02    -  1.00e+00 1.95e-03h 10
1375  1.9884071e-04 4.32e-09 7.08e+01  -4.1 1.14e-03    -  1.00e+00 3.12e-02h  6
1376  1.9884023e-04 4.32e-09 7.08e+01  -4.1 2.45e-03    -  1.00e+00 3.12e-02h  6
1377  1.9889305e-04 1.43e-09 7.05e+01  -4.1 3.56e-04    -  1.00e+00 1.00e+00H  1
1378  1.9888903e-04 1.68e-09 7.05e+01  -4.1 4.17e-03    -  1.00e+00 1.56e-02h  7
1379  1.9888836e-04 1.55e-09 7.05e+01  -4.1 3.76e-03    -  1.00e+00 1.56e-02h  7
iter    objective    inf_pr   inf_du lg(mu)  ||d||  lg(rg) alpha_du alpha_pr  ls
1380  1.9886596e-04 3.28e-09 7.05e+01  -4.1 4.57e-02    -  1.00e+00 3.91e-03h  9
1381  1.9885940e-04 3.33e-09 7.05e+01  -4.1 2.89e-02    -  1.00e+00 1.95e-03h 10
1382  1.9885838e-04 3.36e-09 7.09e+01  -4.1 5.34e-03    -  1.00e+00 3.91e-03h  9
1383  1.9885548e-04 3.35e-09 7.09e+01  -4.1 2.22e-04    -  1.00e+00 6.25e-02h  5
1384  1.9885530e-04 3.36e-09 7.09e+01  -4.1 6.45e-03    -  1.00e+00 3.91e-03h  9
1385  1.9885449e-04 3.39e-09 7.09e+01  -4.1 3.77e-02    -  1.00e+00 4.88e-04h 12
1386  1.9885360e-04 3.40e-09 7.09e+01  -4.1 8.02e-03    -  1.00e+00 3.91e-03h  9
1387  1.9885258e-04 3.42e-09 7.09e+01  -4.1 1.58e-03    -  1.00e+00 7.81e-03h  8
1388  1.9884782e-04 2.03e-08 7.06e+01  -4.1 5.61e-04    -  1.00e+00 2.50e-01h  3
1389  1.9884067e-04 7.32e-08 7.07e+01  -4.1 3.00e-04    -  1.00e+00 1.00e+00h  1
iter    objective    inf_pr   inf_du lg(mu)  ||d||  lg(rg) alpha_du alpha_pr  ls
1390  1.9883896e-04 7.31e-08 7.07e+01  -4.1 1.29e-02    -  1.00e+00 1.56e-02h  7
1391  1.9884333e-04 6.37e-08 7.07e+01  -4.1 6.68e-04    -  1.00e+00 1.25e-01h  4
1392  1.9884710e-04 5.83e-08 7.07e+01  -4.1 4.77e-04    -  1.00e+00 2.50e-01h  3
1393  1.9884593e-04 5.33e-08 7.07e+01  -4.1 1.22e-03    -  1.00e+00 1.25e-01h  4
1394  1.9884707e-04 4.74e-08 7.07e+01  -4.1 2.99e-04    -  1.00e+00 1.25e-01h  4
1395  1.9884638e-04 4.90e-08 7.07e+01  -4.1 3.58e-03    -  1.00e+00 3.12e-02h  6
1396  1.9884634e-04 4.87e-08 7.07e+01  -4.1 9.99e-03    -  1.00e+00 3.91e-03h  9
1397  1.9883412e-04 1.05e-07 7.06e+01  -4.1 8.05e-04    -  1.00e+00 5.00e-01h  2
1398  1.9883676e-04 9.82e-08 7.06e+01  -4.1 2.54e-04    -  1.00e+00 6.25e-02h  5
1399  1.9883063e-04 1.68e-07 7.08e+01  -4.1 2.64e-02    -  1.00e+00 1.56e-02h  7
iter    objective    inf_pr   inf_du lg(mu)  ||d||  lg(rg) alpha_du alpha_pr  ls
1400  1.9882959e-04 1.65e-07 7.06e+01  -4.1 1.04e-02    -  1.00e+00 1.56e-02h  7
1401  1.9883013e-04 1.60e-07 7.06e+01  -4.1 3.40e-03    -  1.00e+00 3.12e-02h  6
1402  1.9883199e-04 1.42e-07 7.08e+01  -4.1 4.60e-04    -  1.00e+00 1.25e-01h  4
1403  1.9883362e-04 1.42e-07 7.06e+01  -4.1 1.33e-02    -  1.00e+00 7.81e-03h  8
1404  1.9883398e-04 1.41e-07 7.06e+01  -4.1 1.67e-03    -  1.00e+00 7.81e-03h  8
1405  1.9883408e-04 1.40e-07 7.06e+01  -4.1 4.29e-03    -  1.00e+00 3.91e-03h  9
1406  1.9885641e-04 1.56e-07 7.07e+01  -4.1 1.54e-03    -  1.00e+00 2.50e-01h  3
1407  1.9903253e-04 1.44e-07 7.06e+01  -4.1 1.81e-03    -  1.00e+00 1.00e+00H  1
1408  1.9881787e-04 2.89e-06 7.07e+01  -4.1 2.99e-03    -  1.00e+00 1.00e+00H  1
1409  1.9881909e-04 2.73e-06 7.07e+01  -4.1 2.92e-02    -  1.00e+00 1.56e-02h  7
iter    objective    inf_pr   inf_du lg(mu)  ||d||  lg(rg) alpha_du alpha_pr  ls
1410  1.9881929e-04 2.57e-06 7.08e+01  -4.1 3.43e-03    -  1.00e+00 6.25e-02h  5
1411  1.9880951e-04 2.25e-06 7.06e+01  -4.1 9.35e-03    -  1.00e+00 6.25e-02h  5
1412  1.9880505e-04 1.87e-06 7.08e+01  -4.1 9.36e-03    -  1.00e+00 6.25e-02h  5
1413  1.9900847e-04 1.49e-07 7.06e+01  -4.1 2.66e-03    -  1.00e+00 1.00e+00H  1
1414  1.9896964e-04 1.41e-07 7.06e+01  -4.1 1.49e-01    -  1.00e+00 3.91e-03h  9
1415  1.9881663e-04 1.83e-06 7.15e+01  -4.1 1.63e-03    -  1.00e+00 1.00e+00H  1
1416  1.9873832e-04 1.80e-06 7.00e+01  -4.1 5.35e-03    -  1.00e+00 5.00e-01h  2
1417  1.9871733e-04 1.13e-06 7.13e+01  -4.1 3.83e-03    -  1.00e+00 5.00e-01h  2
1418  1.9871627e-04 1.09e-06 7.13e+01  -4.1 1.20e-02    -  1.00e+00 3.12e-02h  6
1419  1.9873899e-04 8.52e-07 7.02e+01  -4.1 3.17e-03    -  1.00e+00 2.50e-01h  3
iter    objective    inf_pr   inf_du lg(mu)  ||d||  lg(rg) alpha_du alpha_pr  ls
1420  1.9869597e-04 7.77e-07 7.02e+01  -4.1 1.33e-03    -  1.00e+00 1.00e+00h  1
1421  1.9867921e-04 7.57e-07 7.12e+01  -4.1 4.18e-02    -  1.00e+00 1.56e-02h  7
1422  1.9837296e-04 1.47e-05 7.12e+01  -4.1 6.24e-03    -  1.00e+00 1.00e+00h  1
1423  1.9848592e-04 1.33e-05 7.12e+01  -4.1 3.13e-02    -  1.00e+00 6.25e-02h  5
1424  1.9847950e-04 1.27e-05 7.12e+01  -4.1 1.82e-02    -  1.00e+00 3.12e-02h  6
1425  1.9774387e-04 8.36e-06 7.12e+01  -4.1 5.27e-01    -  1.00e+00 7.81e-03h  8
1426  1.9784266e-04 7.22e-06 7.12e+01  -4.1 1.93e-02    -  1.00e+00 1.25e-01h  4
1427  1.9853464e-04 2.86e-06 7.02e+01  -4.1 5.53e-03    -  1.00e+00 1.00e+00h  1
1428  1.9863028e-04 2.69e-06 7.13e+01  -4.1 3.53e-03    -  1.00e+00 6.25e-02h  5
1429  1.9867207e-04 2.53e-06 7.13e+01  -4.1 1.94e-03    -  1.00e+00 6.25e-02h  5
iter    objective    inf_pr   inf_du lg(mu)  ||d||  lg(rg) alpha_du alpha_pr  ls
1430  1.9857776e-04 2.49e-06 7.12e+01  -4.1 3.10e-01    -  1.00e+00 1.56e-02h  7
1431  1.9863856e-04 1.73e-06 7.02e+01  -4.1 3.65e-03    -  1.00e+00 1.00e+00h  1
1432  1.9859159e-04 1.41e-06 7.12e+01  -4.1 3.45e-03    -  1.00e+00 5.00e-01h  2
1433  1.9867273e-04 1.16e-06 7.02e+01  -4.1 1.28e-03    -  1.00e+00 1.00e+00h  1
1434  1.9867590e-04 1.12e-06 7.02e+01  -4.1 1.26e-02    -  1.00e+00 3.12e-02h  6
1435  1.9877390e-04 1.21e-06 7.12e+01  -4.1 3.63e-03    -  1.00e+00 2.50e-01h  3
1436  1.9844285e-04 2.08e-06 7.12e+01  -4.1 1.77e-03    -  1.00e+00 1.00e+00h  1
1437  1.9876319e-04 5.19e-07 7.02e+01  -4.1 7.49e-04    -  1.00e+00 1.00e+00h  1
1438  1.9875318e-04 5.51e-07 7.02e+01  -4.1 1.16e-01    -  1.00e+00 7.81e-03h  8
1439  1.9874386e-04 3.08e-07 7.02e+01  -4.1 2.63e-03    -  1.00e+00 2.50e-01h  3
iter    objective    inf_pr   inf_du lg(mu)  ||d||  lg(rg) alpha_du alpha_pr  ls
1440  1.9914920e-04 1.78e-07 7.12e+01  -4.1 3.26e-03    -  1.00e+00 1.00e+00H  1
1441  1.9911146e-04 2.72e-07 7.12e+01  -4.1 5.86e-02    -  1.00e+00 1.56e-02h  7
1442  1.9901879e-04 2.92e-07 7.12e+01  -4.1 5.03e-03    -  1.00e+00 6.25e-02h  5
1443  1.9895424e-04 2.64e-07 7.12e+01  -4.1 4.12e-03    -  1.00e+00 6.25e-02h  5
1444  1.9889742e-04 2.59e-07 7.12e+01  -4.1 1.61e-02    -  1.00e+00 7.81e-03h  8
1445  1.9893043e-04 2.58e-07 7.02e+01  -4.1 7.27e-03    -  1.00e+00 7.81e-03h  8
1446  1.9885991e-04 1.88e-07 7.02e+01  -4.1 2.22e-03    -  1.00e+00 2.50e-01h  3
1447  1.9882431e-04 2.51e-07 7.02e+01  -4.1 1.41e-02    -  1.00e+00 3.12e-02h  6
1448  1.9907536e-04 9.00e-08 7.11e+01  -4.1 4.19e-03    -  1.00e+00 1.00e+00H  1
1449  1.9907853e-04 8.50e-08 7.11e+01  -4.1 2.88e-02    -  1.00e+00 3.12e-02h  6
iter    objective    inf_pr   inf_du lg(mu)  ||d||  lg(rg) alpha_du alpha_pr  ls
1450  1.9885139e-04 1.55e-07 7.03e+01  -4.1 9.64e-03    -  1.00e+00 1.25e-01h  4
1451  1.9880182e-04 1.91e-07 7.11e+01  -4.1 2.41e-03    -  1.00e+00 2.50e-01h  3
1452  1.9877774e-04 2.10e-07 7.11e+01  -4.1 3.89e-03    -  1.00e+00 6.25e-02h  5
1453  1.9878277e-04 1.86e-07 7.03e+01  -4.1 1.85e-03    -  1.00e+00 5.00e-01h  2
1454  1.9868224e-04 7.71e-07 7.03e+01  -4.1 1.66e-03    -  1.00e+00 1.00e+00h  1
1455  1.9866208e-04 6.93e-07 7.03e+01  -4.1 7.51e-03    -  1.00e+00 1.25e-01h  4
1456  1.9867340e-04 5.38e-07 7.11e+01  -4.1 2.11e-03    -  1.00e+00 2.50e-01h  3
1457  1.9867341e-04 5.26e-07 7.11e+01  -4.1 2.99e-02    -  1.00e+00 1.56e-02h  7
1458  1.9866597e-04 5.11e-07 7.03e+01  -4.1 1.12e-02    -  1.00e+00 3.12e-02h  6
1459  1.9877710e-04 8.87e-08 7.12e+01  -4.1 6.17e-04    -  1.00e+00 1.00e+00h  1
iter    objective    inf_pr   inf_du lg(mu)  ||d||  lg(rg) alpha_du alpha_pr  ls
1460  1.9877249e-04 2.86e-07 7.11e+01  -4.1 1.48e-02    -  1.00e+00 1.25e-01h  4
1461  1.9876849e-04 2.13e-07 7.11e+01  -4.1 1.39e-03    -  1.00e+00 5.00e-01h  2
1462  1.9872423e-04 3.54e-07 7.03e+01  -4.1 6.70e-03    -  1.00e+00 2.50e-01h  3
1463  1.9872993e-04 3.30e-07 7.03e+01  -4.1 1.23e-02    -  1.00e+00 3.12e-02h  6
1464  1.9860779e-04 6.65e-07 7.12e+01  -4.1 2.41e-03    -  1.00e+00 5.00e-01h  2
1465  1.9862774e-04 6.63e-07 7.02e+01  -4.1 3.08e-02    -  1.00e+00 7.81e-03h  8
1466  1.9863762e-04 5.71e-07 7.02e+01  -4.1 1.79e-03    -  1.00e+00 1.25e-01h  4
1467  1.9853199e-04 7.95e-07 7.12e+01  -4.1 1.26e-02    -  1.00e+00 1.25e-01h  4
1468  1.9863556e-04 8.92e-07 7.12e+01  -4.1 4.48e-03    -  1.00e+00 5.00e-01h  2
1469  1.9858690e-04 5.83e-07 7.12e+01  -4.1 1.23e-03    -  1.00e+00 1.00e+00h  1
iter    objective    inf_pr   inf_du lg(mu)  ||d||  lg(rg) alpha_du alpha_pr  ls
1470  1.9862648e-04 4.22e-07 7.12e+01  -4.1 1.18e-03    -  1.00e+00 2.50e-01h  3
1471  1.9864654e-04 4.15e-07 7.02e+01  -4.1 1.90e-02    -  1.00e+00 1.56e-02h  7
1472  1.9871914e-04 2.35e-07 7.02e+01  -4.1 2.15e-03    -  1.00e+00 5.00e-01h  2
1473  1.9884536e-04 1.30e-07 7.03e+01  -4.1 1.21e-03    -  1.00e+00 1.00e+00H  1
1474  1.9883911e-04 1.16e-07 7.03e+01  -4.1 5.02e-03    -  1.00e+00 1.25e-01h  4
1475  1.9871262e-04 2.37e-07 7.12e+01  -4.1 2.07e-03    -  1.00e+00 2.50e-01h  3
1476  1.9871921e-04 1.86e-07 7.12e+01  -4.1 8.11e-04    -  1.00e+00 2.50e-01h  3
1477  1.9881443e-04 1.38e-07 7.03e+01  -4.1 5.47e-04    -  1.00e+00 1.00e+00h  1
1478  1.9873803e-04 2.41e-07 7.04e+01  -4.1 7.13e-04    -  1.00e+00 1.00e+00h  1
1479  1.9881337e-04 1.30e-07 7.11e+01  -4.1 7.38e-04    -  1.00e+00 5.00e-01h  2
iter    objective    inf_pr   inf_du lg(mu)  ||d||  lg(rg) alpha_du alpha_pr  ls
1480  1.9876660e-04 1.78e-07 7.11e+01  -4.1 4.54e-03    -  1.00e+00 6.25e-02h  5
1481  1.9880802e-04 7.99e-08 7.11e+01  -4.1 3.47e-04    -  1.00e+00 1.00e+00h  1
1482  1.9880750e-04 6.85e-08 7.11e+01  -4.1 9.46e-04    -  1.00e+00 1.25e-01h  4
1483  1.9879908e-04 6.72e-08 7.03e+01  -4.1 2.46e-03    -  1.00e+00 1.56e-02h  7
1484  1.9887336e-04 4.86e-08 7.11e+01  -4.1 5.53e-04    -  1.00e+00 1.00e+00H  1
1485  1.9886439e-04 4.84e-08 7.10e+01  -4.1 6.07e-02    -  1.00e+00 3.91e-03h  9
1486  1.9886346e-04 4.42e-08 7.10e+01  -4.1 4.09e-03    -  1.00e+00 1.56e-02h  7
1487  1.9880778e-04 2.81e-08 7.06e+01  -4.1 1.95e-03    -  1.00e+00 5.00e-01h  2
1488  1.9885421e-04 2.29e-08 7.05e+01  -4.1 1.78e-04    -  1.00e+00 1.00e+00h  1
1489  1.9883558e-04 2.23e-08 7.09e+01  -4.1 2.36e-01    -  1.00e+00 9.77e-04h 11
iter    objective    inf_pr   inf_du lg(mu)  ||d||  lg(rg) alpha_du alpha_pr  ls
1490  1.9883382e-04 8.44e-09 7.06e+01  -4.1 3.38e-04    -  1.00e+00 5.00e-01h  2
1491  1.9883929e-04 5.94e-09 7.05e+01  -4.1 5.41e-04    -  1.00e+00 2.50e-01h  3
1492  1.9888336e-04 2.02e-10 7.08e+01  -4.1 4.05e-04    -  1.00e+00 1.00e+00H  1
1493  1.9888332e-04 4.09e-09 7.06e+01  -4.1 5.34e-02    -  1.00e+00 1.95e-03h 10
1494  1.9888296e-04 4.16e-09 7.06e+01  -4.1 3.04e-02    -  1.00e+00 3.91e-03h  9
1495  1.9887306e-04 4.24e-09 7.06e+01  -4.1 6.91e-03    -  1.00e+00 7.81e-03h  8
1496  1.9886698e-04 5.35e-09 7.06e+01  -4.1 4.94e-03    -  1.00e+00 1.56e-02h  7
1497  1.9886611e-04 5.37e-09 7.06e+01  -4.1 5.31e-03    -  1.00e+00 1.56e-02h  7
1498  1.9885812e-04 5.77e-09 7.08e+01  -4.1 4.24e-01    -  1.00e+00 4.88e-04h 12
1499  1.9885134e-04 2.72e-09 7.09e+01  -4.1 2.57e-04    -  1.00e+00 1.00e+00H  1
iter    objective    inf_pr   inf_du lg(mu)  ||d||  lg(rg) alpha_du alpha_pr  ls
1500  1.9885110e-04 2.68e-09 7.05e+01  -4.1 1.47e-03    -  1.00e+00 1.56e-02h  7
1501  1.9886178e-04 2.30e-09 7.05e+01  -4.1 2.92e-04    -  1.00e+00 2.50e-01h  3
1502  1.9884529e-04 1.72e-07 7.09e+01  -4.1 3.95e-02    -  1.00e+00 1.56e-02h  7
1503  1.9882215e-04 6.95e-08 7.06e+01  -4.1 6.03e-04    -  1.00e+00 1.00e+00h  1
1504  1.9883269e-04 3.91e-08 7.09e+01  -4.1 2.29e-04    -  1.00e+00 1.00e+00h  1
1505  1.9883180e-04 4.17e-08 7.05e+01  -4.1 4.43e-02    -  1.00e+00 3.91e-03h  9
1506  1.9884357e-04 2.02e-08 7.09e+01  -4.1 1.69e-04    -  1.00e+00 5.00e-01h  2
1507  1.9884505e-04 1.96e-08 7.05e+01  -4.1 9.13e-04    -  1.00e+00 1.25e-01h  4
1508  1.9880392e-04 4.78e-08 7.08e+01  -4.1 2.38e-04    -  1.00e+00 1.00e+00h  1
1509  1.9883077e-04 3.15e-08 7.08e+01  -4.1 2.32e-04    -  1.00e+00 1.00e+00h  1
iter    objective    inf_pr   inf_du lg(mu)  ||d||  lg(rg) alpha_du alpha_pr  ls
1510  1.9885053e-04 1.89e-08 7.08e+01  -4.1 1.73e-04    -  1.00e+00 5.00e-01h  2
1511  1.9885052e-04 1.69e-08 7.06e+01  -4.1 1.50e-03    -  1.00e+00 6.25e-02h  5
1512  1.9885044e-04 1.56e-08 7.06e+01  -4.1 4.32e-03    -  1.00e+00 3.12e-02h  6
1513  1.9884853e-04 1.64e-08 7.06e+01  -4.1 1.91e-01    -  1.00e+00 1.95e-03h 10
1514  1.9884952e-04 1.56e-08 7.06e+01  -4.1 1.58e-03    -  1.00e+00 6.25e-02h  5
1515  1.9883496e-04 2.17e-08 7.07e+01  -4.1 6.14e-03    -  1.00e+00 1.25e-01h  4
1516  1.9884372e-04 1.86e-08 7.07e+01  -4.1 3.80e-04    -  1.00e+00 2.50e-01h  3
1517  1.9883997e-04 1.88e-08 7.08e+01  -4.1 1.28e-02    -  1.00e+00 1.56e-02h  7
1518  1.9884193e-04 1.87e-08 7.07e+01  -4.1 3.65e-03    -  1.00e+00 1.95e-03h 10
1519  1.9884571e-04 1.58e-08 7.06e+01  -4.1 1.80e-04    -  1.00e+00 1.25e-01h  4
iter    objective    inf_pr   inf_du lg(mu)  ||d||  lg(rg) alpha_du alpha_pr  ls
1520  1.9882562e-04 2.24e-08 7.07e+01  -4.1 1.88e-03    -  1.00e+00 2.50e-01h  3
1521  1.9883829e-04 1.64e-08 7.07e+01  -4.1 2.67e-04    -  1.00e+00 2.50e-01h  3
1522  1.9884464e-04 1.03e-08 7.07e+01  -4.1 2.11e-04    -  1.00e+00 5.00e-01h  2
1523  1.9884179e-04 1.03e-08 7.07e+01  -4.1 4.37e-02    -  1.00e+00 1.95e-03h 10
1524  1.9887567e-04 3.53e-09 7.07e+01  -4.1 2.25e-04    -  1.00e+00 1.00e+00H  1
1525  1.9887013e-04 5.45e-09 7.07e+01  -4.1 7.64e-03    -  1.00e+00 1.56e-02h  7
1526  1.9886304e-04 7.67e-09 7.07e+01  -4.1 1.42e-02    -  1.00e+00 7.81e-03h  8
1527  1.9885312e-04 7.41e-09 7.07e+01  -4.1 2.83e-03    -  1.00e+00 3.12e-02h  6
1528  1.9885340e-04 7.43e-09 7.07e+01  -4.1 4.39e-02    -  1.00e+00 4.88e-04h 12
1529  1.9884682e-04 2.23e-09 7.07e+01  -4.1 1.01e-04    -  1.00e+00 1.00e+00h  1
iter    objective    inf_pr   inf_du lg(mu)  ||d||  lg(rg) alpha_du alpha_pr  ls
1530  1.9885990e-04 2.94e-09 7.07e+01  -4.1 5.74e-05    -  1.00e+00 1.00e+00h  1
1531  1.9885773e-04 2.75e-09 7.07e+01  -4.1 1.82e-03    -  1.00e+00 6.25e-02h  5
1532  1.9879767e-04 5.26e-07 7.09e+01  -4.1 9.00e-03    -  1.00e+00 1.25e-01h  4
1533  1.9877462e-04 7.36e-07 7.09e+01  -4.1 9.55e-03    -  1.00e+00 1.25e-01h  4
1534  1.9870464e-04 5.96e-07 7.09e+01  -4.1 2.46e-03    -  1.00e+00 5.00e-01h  2
1535  1.9875541e-04 3.07e-07 7.04e+01  -4.1 1.74e-03    -  1.00e+00 5.00e-01h  2
1536  1.9875780e-04 2.99e-07 7.04e+01  -4.1 1.06e-02    -  1.00e+00 3.12e-02h  6
1537  1.9879660e-04 2.70e-07 7.11e+01  -4.1 5.08e-03    -  1.00e+00 1.25e-01h  4
1538  1.9879227e-04 2.64e-07 7.10e+01  -4.1 7.20e-03    -  1.00e+00 1.25e-01h  4
1539  1.9879031e-04 3.19e-07 7.03e+01  -4.1 1.09e-03    -  1.00e+00 5.00e-01h  2
iter    objective    inf_pr   inf_du lg(mu)  ||d||  lg(rg) alpha_du alpha_pr  ls
1540  1.9877896e-04 2.37e-07 7.03e+01  -4.1 4.76e-03    -  1.00e+00 1.25e-01h  4
1541  1.9878713e-04 2.17e-07 7.11e+01  -4.1 1.76e-03    -  1.00e+00 2.50e-01h  3
1542  1.9878809e-04 2.14e-07 7.11e+01  -4.1 1.05e-02    -  1.00e+00 1.56e-02h  7
1543  1.9875767e-04 2.85e-07 7.03e+01  -4.1 1.39e-01    -  1.00e+00 7.81e-03h  8
1544  1.9878814e-04 1.78e-07 7.11e+01  -4.1 5.71e-04    -  1.00e+00 5.00e-01h  2
1545  1.9880122e-04 8.75e-08 7.11e+01  -4.1 1.25e-03    -  1.00e+00 5.00e-01h  2
1546  1.9880036e-04 9.25e-08 7.11e+01  -4.1 4.00e-03    -  1.00e+00 1.56e-02h  7
1547  1.9882242e-04 5.02e-08 7.04e+01  -4.1 3.14e-04    -  1.00e+00 5.00e-01h  2
1548  1.9882449e-04 4.27e-08 7.04e+01  -4.1 6.86e-04    -  1.00e+00 1.25e-01h  4
1549  1.9882199e-04 5.75e-08 7.10e+01  -4.1 7.68e-04    -  1.00e+00 2.50e-01h  3
iter    objective    inf_pr   inf_du lg(mu)  ||d||  lg(rg) alpha_du alpha_pr  ls
1550  1.9882412e-04 5.02e-08 7.10e+01  -4.1 2.27e-04    -  1.00e+00 1.25e-01h  4
1551  1.9882309e-04 4.12e-08 7.10e+01  -4.1 4.79e-04    -  1.00e+00 2.50e-01h  3
1552  1.9882402e-04 3.87e-08 7.05e+01  -4.1 1.76e-04    -  1.00e+00 6.25e-02h  5
1553  1.9882535e-04 3.64e-08 7.05e+01  -4.1 2.21e-04    -  1.00e+00 6.25e-02h  5
1554  1.9882545e-04 3.53e-08 7.05e+01  -4.1 5.50e-04    -  1.00e+00 3.12e-02h  6
1555  1.9884819e-04 1.66e-08 7.09e+01  -4.1 2.58e-04    -  1.00e+00 1.00e+00h  1
1556  1.9884810e-04 2.01e-08 7.09e+01  -4.1 1.52e-03    -  1.00e+00 1.25e-01h  4
1557  1.9876576e-04 2.63e-06 7.05e+01  -4.1 5.59e-01    -  1.00e+00 3.91e-03h  9
1558  1.9872988e-04 5.49e-06 7.05e+01  -4.1 5.86e-03    -  1.00e+00 5.00e-01h  2
1559  1.9873945e-04 5.49e-06 7.10e+01  -4.1 2.49e-01    -  1.00e+00 4.88e-04h 12
iter    objective    inf_pr   inf_du lg(mu)  ||d||  lg(rg) alpha_du alpha_pr  ls
1560  1.9875987e-04 1.18e-06 7.13e+01  -4.1 1.33e-03    -  1.00e+00 1.00e+00h  1
1561  1.9870794e-04 1.89e-06 7.02e+01  -4.1 4.62e-02    -  1.00e+00 3.12e-02h  6
1562  1.9875829e-04 1.45e-06 7.02e+01  -4.1 8.40e-03    -  1.00e+00 2.50e-01h  3
1563  1.9872322e-04 1.33e-06 7.02e+01  -4.1 1.25e-02    -  1.00e+00 1.25e-01h  4
1564  1.9873844e-04 5.24e-07 7.02e+01  -4.1 1.33e-03    -  1.00e+00 1.00e+00h  1
1565  1.9864680e-04 1.61e-06 7.12e+01  -4.1 8.62e-03    -  1.00e+00 2.50e-01h  3
1566  1.9867740e-04 1.23e-06 7.12e+01  -4.1 5.57e-03    -  1.00e+00 2.50e-01h  3
1567  1.9856350e-04 5.82e-06 7.02e+01  -4.1 9.36e-02    -  1.00e+00 3.12e-02h  6
1568  1.9855611e-04 5.68e-06 7.02e+01  -4.1 9.02e-03    -  1.00e+00 3.12e-02h  6
1569  1.9863589e-04 5.01e-06 7.12e+01  -4.1 2.44e-03    -  1.00e+00 1.25e-01h  4
iter    objective    inf_pr   inf_du lg(mu)  ||d||  lg(rg) alpha_du alpha_pr  ls
1570  1.9858226e-04 3.39e-06 7.12e+01  -4.1 2.44e-03    -  1.00e+00 5.00e-01h  2
1571  1.9871300e-04 6.01e-07 7.02e+01  -4.1 9.19e-04    -  1.00e+00 1.00e+00h  1
1572  1.9867533e-04 8.20e-07 7.02e+01  -4.1 1.12e-03    -  1.00e+00 1.00e+00h  1
1573  1.9861339e-04 1.52e-06 7.12e+01  -4.1 1.41e-03    -  1.00e+00 1.00e+00h  1
1574  1.9864304e-04 1.32e-06 7.12e+01  -4.1 2.24e-03    -  1.00e+00 2.50e-01h  3
1575  1.9861425e-04 1.26e-06 7.02e+01  -4.1 2.87e-02    -  1.00e+00 3.12e-02h  6
1576  1.9861260e-04 9.92e-07 7.02e+01  -4.1 1.59e-03    -  1.00e+00 2.50e-01h  3
1577  1.9858122e-04 1.17e-06 7.12e+01  -4.1 9.58e-03    -  1.00e+00 1.25e-01h  4
1578  1.9860021e-04 9.06e-07 7.12e+01  -4.1 1.95e-03    -  1.00e+00 2.50e-01h  3
1579  1.9879670e-04 3.86e-07 7.02e+01  -4.1 5.19e-04    -  1.00e+00 1.00e+00h  1
iter    objective    inf_pr   inf_du lg(mu)  ||d||  lg(rg) alpha_du alpha_pr  ls
1580  1.9878778e-04 1.61e-07 7.12e+01  -4.1 6.35e-04    -  1.00e+00 1.00e+00h  1
1581  1.9877212e-04 1.96e-07 7.12e+01  -4.1 1.09e-02    -  1.00e+00 6.25e-02h  5
1582  1.9876900e-04 2.19e-07 7.03e+01  -4.1 1.43e-03    -  1.00e+00 2.50e-01h  3
1583  1.9879932e-04 1.39e-07 7.12e+01  -4.1 6.50e-04    -  1.00e+00 1.00e+00h  1
1584  1.9876923e-04 1.90e-07 7.11e+01  -4.1 5.21e-04    -  1.00e+00 1.00e+00h  1
1585  1.9882122e-04 5.77e-08 7.03e+01  -4.1 2.53e-04    -  1.00e+00 1.00e+00h  1
1586  1.9881657e-04 5.68e-08 7.03e+01  -4.1 7.06e-03    -  1.00e+00 3.12e-02h  6
1587  1.9882076e-04 4.29e-08 7.03e+01  -4.1 5.83e-04    -  1.00e+00 5.00e-01h  2
1588  1.9881729e-04 3.62e-08 7.11e+01  -4.1 4.48e-04    -  1.00e+00 1.25e-01h  4
1589  1.9881609e-04 7.16e-08 7.04e+01  -4.1 1.08e-03    -  1.00e+00 2.50e-01h  3
iter    objective    inf_pr   inf_du lg(mu)  ||d||  lg(rg) alpha_du alpha_pr  ls
1590  1.9881618e-04 7.05e-08 7.04e+01  -4.1 3.63e-04    -  1.00e+00 1.56e-02h  7
1591  1.9880387e-04 6.89e-08 7.05e+01  -4.1 6.46e-04    -  1.00e+00 2.50e-01h  3
1592  1.9881023e-04 5.45e-08 7.10e+01  -4.1 1.52e-03    -  1.00e+00 1.25e-01h  4
1593  1.9880563e-04 7.55e-08 7.10e+01  -4.1 6.51e-03    -  1.00e+00 3.12e-02h  6
1594  1.9884633e-04 1.17e-08 7.10e+01  -4.1 1.45e-04    -  1.00e+00 1.00e+00h  1
1595  1.9884641e-04 1.10e-08 7.04e+01  -4.1 1.50e-03    -  1.00e+00 3.12e-02h  6
1596  1.9884551e-04 1.16e-08 7.04e+01  -4.1 1.07e-03    -  1.00e+00 2.50e-01h  3
1597  1.9878268e-04 1.16e-07 7.07e+01  -4.1 4.28e-04    -  1.00e+00 1.00e+00h  1
1598  1.9880056e-04 8.70e-08 7.07e+01  -4.1 3.14e-04    -  1.00e+00 2.50e-01h  3
1599  1.9880993e-04 5.13e-08 7.06e+01  -4.1 5.96e-04    -  1.00e+00 5.00e-01h  2
iter    objective    inf_pr   inf_du lg(mu)  ||d||  lg(rg) alpha_du alpha_pr  ls
1600  1.9880866e-04 4.46e-08 7.08e+01  -4.1 6.70e-03    -  1.00e+00 6.25e-02h  5
1601  1.9880939e-04 4.39e-08 7.08e+01  -4.1 3.00e-04    -  1.00e+00 1.56e-02h  7
1602  1.9880971e-04 4.38e-08 7.06e+01  -4.1 1.95e-02    -  1.00e+00 1.95e-03h 10
1603  1.9880988e-04 4.37e-08 7.06e+01  -4.1 3.85e-04    -  1.00e+00 3.91e-03h  9
1604  1.9880994e-04 4.36e-08 7.06e+01  -4.1 2.49e-03    -  1.00e+00 1.95e-03h 10
1605  1.9880501e-04 4.43e-08 7.06e+01  -4.1 4.99e-03    -  1.00e+00 3.12e-02h  6
1606  1.9880534e-04 4.37e-08 7.09e+01  -4.1 1.40e-02    -  1.00e+00 3.91e-03h  9
1607  1.9880815e-04 4.10e-08 7.09e+01  -4.1 2.73e-04    -  1.00e+00 6.25e-02h  5
1608  1.9880407e-04 4.07e-08 7.05e+01  -4.1 3.92e-03    -  1.00e+00 6.25e-02h  5
1609  1.9880706e-04 3.80e-08 7.05e+01  -4.1 9.26e-04    -  1.00e+00 6.25e-02h  5
iter    objective    inf_pr   inf_du lg(mu)  ||d||  lg(rg) alpha_du alpha_pr  ls
1610  1.9880853e-04 3.46e-08 7.09e+01  -4.1 1.36e-03    -  1.00e+00 1.25e-01h  4
1611  1.9883154e-04 1.63e-08 7.09e+01  -4.1 1.98e-04    -  1.00e+00 5.00e-01h  2
1612  1.9883242e-04 1.71e-08 7.05e+01  -4.1 1.25e-02    -  1.00e+00 1.56e-02h  7
1613  1.9884413e-04 2.30e-08 7.05e+01  -4.1 2.06e-03    -  1.00e+00 2.50e-01h  3
1614  1.9880951e-04 3.33e-08 7.08e+01  -4.1 2.25e-04    -  1.00e+00 1.00e+00h  1
1615  1.9880990e-04 3.31e-08 7.08e+01  -4.1 2.38e-03    -  1.00e+00 7.81e-03h  8
1616  1.9880212e-04 2.65e-08 7.06e+01  -4.1 5.48e-03    -  1.00e+00 1.25e-01h  4
1617  1.9880879e-04 2.55e-08 7.05e+01  -4.1 6.08e-03    -  1.00e+00 6.25e-02h  5
1618  1.9879923e-04 2.80e-08 7.09e+01  -4.1 1.23e-01    -  1.00e+00 3.91e-03h  9
1619  1.9879960e-04 2.80e-08 7.05e+01  -4.1 1.36e-02    -  1.00e+00 3.91e-03h  9
iter    objective    inf_pr   inf_du lg(mu)  ||d||  lg(rg) alpha_du alpha_pr  ls
1620  1.9880489e-04 2.45e-08 7.05e+01  -4.1 6.49e-04    -  1.00e+00 1.25e-01h  4
1621  1.9880770e-04 2.30e-08 7.05e+01  -4.1 1.39e-03    -  1.00e+00 6.25e-02h  5
1622  1.9880796e-04 2.19e-08 7.05e+01  -4.1 3.93e-03    -  1.00e+00 6.25e-02h  5
1623  1.9880921e-04 2.12e-08 7.09e+01  -4.1 3.52e-04    -  1.00e+00 3.12e-02h  6
1624  1.9880936e-04 2.11e-08 7.09e+01  -4.1 2.95e-04    -  1.00e+00 3.91e-03h  9
1625  1.9882189e-04 2.00e-08 7.05e+01  -4.1 7.74e-04    -  1.00e+00 2.50e-01h  3
1626  1.9882497e-04 1.81e-08 7.05e+01  -4.1 4.05e-03    -  1.00e+00 6.25e-02h  5
1627  1.9885430e-04 8.94e-09 7.09e+01  -4.1 1.54e-04    -  1.00e+00 1.00e+00h  1
1628  1.9884760e-04 1.14e-08 7.09e+01  -4.1 1.13e-01    -  1.00e+00 3.91e-03h  9
1629  1.9876051e-04 2.16e-06 7.07e+01  -4.1 1.27e-02    -  1.00e+00 1.25e-01h  4
iter    objective    inf_pr   inf_du lg(mu)  ||d||  lg(rg) alpha_du alpha_pr  ls
1630  1.9872886e-04 6.53e-07 7.04e+01  -4.1 1.01e-03    -  1.00e+00 1.00e+00h  1
1631  1.9879761e-04 2.32e-07 7.03e+01  -4.1 7.64e-04    -  1.00e+00 1.00e+00h  1
1632  1.9879587e-04 2.28e-07 7.11e+01  -4.1 6.78e-03    -  1.00e+00 1.56e-02h  7
1633  1.9878412e-04 1.10e-07 7.02e+01  -4.1 1.37e-03    -  1.00e+00 1.00e+00h  1
1634  1.9878642e-04 1.02e-07 7.13e+01  -4.1 8.37e-03    -  1.00e+00 6.25e-02h  5
1635  1.9871308e-04 4.96e-07 7.12e+01  -4.1 4.06e-03    -  1.00e+00 2.50e-01h  3
1636  1.9868514e-04 5.39e-06 7.11e+01  -4.1 6.97e-03    -  1.00e+00 5.00e-01h  2
1637  1.9868465e-04 5.26e-06 7.11e+01  -4.1 1.19e-02    -  1.00e+00 1.25e-01h  4
1638  1.9843072e-04 5.19e-06 7.11e+01  -4.1 1.55e-01    -  1.00e+00 1.56e-02h  7
1639  1.9843798e-04 5.17e-06 7.03e+01  -4.1 1.78e-01    -  1.00e+00 3.91e-03h  9
iter    objective    inf_pr   inf_du lg(mu)  ||d||  lg(rg) alpha_du alpha_pr  ls
1640  1.9851464e-04 4.36e-06 7.12e+01  -4.1 1.14e-02    -  1.00e+00 1.25e-01h  4
1641  1.9861424e-04 4.08e-06 7.03e+01  -4.1 2.98e-02    -  1.00e+00 6.25e-02h  5
1642  1.9866913e-04 1.34e-06 7.02e+01  -4.1 1.93e-03    -  1.00e+00 1.00e+00h  1
1643  1.9859337e-04 1.34e-06 7.02e+01  -4.1 5.51e-02    -  1.00e+00 6.25e-02h  5
1644  1.9862404e-04 6.35e-07 7.12e+01  -4.1 1.68e-03    -  1.00e+00 1.00e+00h  1
1645  1.9862356e-04 6.23e-07 7.02e+01  -4.1 1.49e-03    -  1.00e+00 5.00e-01h  2
1646  1.9869806e-04 4.28e-07 7.02e+01  -4.1 1.30e-03    -  1.00e+00 5.00e-01h  2
1647  1.9867580e-04 4.22e-07 7.02e+01  -4.1 2.73e-02    -  1.00e+00 1.56e-02h  7
1648  1.9868375e-04 4.16e-07 7.12e+01  -4.1 1.60e-02    -  1.00e+00 1.56e-02h  7
1649  1.9877606e-04 1.87e-07 7.12e+01  -4.1 1.22e-03    -  1.00e+00 1.00e+00h  1
iter    objective    inf_pr   inf_du lg(mu)  ||d||  lg(rg) alpha_du alpha_pr  ls
1650  1.9877480e-04 1.91e-07 7.11e+01  -4.1 1.42e-03    -  1.00e+00 1.00e+00h  1
1651  1.9877547e-04 1.88e-07 7.11e+01  -4.1 3.50e-02    -  1.00e+00 7.81e-03h  8
1652  1.9877461e-04 1.75e-07 7.11e+01  -4.1 1.34e-03    -  1.00e+00 6.25e-02h  5
1653  1.9879537e-04 8.30e-08 7.03e+01  -4.1 6.02e-04    -  1.00e+00 5.00e-01h  2
1654  1.9883170e-04 2.10e-08 7.11e+01  -4.1 1.54e-04    -  1.00e+00 1.00e+00h  1
1655  1.9883167e-04 1.66e-08 7.04e+01  -4.1 1.96e-04    -  1.00e+00 5.00e-01h  2
1656  1.9882486e-04 1.79e-08 7.04e+01  -4.1 3.53e-03    -  1.00e+00 6.25e-02h  5
1657  1.9884219e-04 6.43e-09 7.09e+01  -4.1 1.23e-04    -  1.00e+00 1.00e+00h  1
1658  1.9887142e-04 8.77e-09 7.06e+01  -4.1 1.60e-04    -  1.00e+00 1.00e+00H  1
1659  1.9885602e-04 8.02e-09 7.07e+01  -4.1 1.27e-03    -  1.00e+00 1.25e-01h  4
iter    objective    inf_pr   inf_du lg(mu)  ||d||  lg(rg) alpha_du alpha_pr  ls
1660  1.9885432e-04 7.81e-09 7.07e+01  -4.1 9.54e-02    -  1.00e+00 4.88e-04h 12
1661  1.9885423e-04 7.80e-09 7.07e+01  -4.1 8.56e-03    -  1.00e+00 1.56e-02h  7
1662  1.9885187e-04 7.15e-09 7.07e+01  -4.1 3.86e-03    -  1.00e+00 1.56e-02h  7
1663  1.9885017e-04 7.79e-09 7.06e+01  -4.1 1.08e-03    -  1.00e+00 1.25e-01h  4
1664  1.9884994e-04 7.21e-09 7.06e+01  -4.1 2.11e-03    -  1.00e+00 1.56e-02h  7
1665  1.9884939e-04 7.21e-09 7.08e+01  -4.1 3.75e-02    -  1.00e+00 9.54e-07h 21
1666  1.9884880e-04 2.15e-09 7.07e+01  -4.1 1.67e-04    -  1.00e+00 1.00e+00h  1
1667  1.9887253e-04 1.23e-09 7.06e+01  -4.1 2.30e-04    -  1.00e+00 1.00e+00H  1
1668  1.9887120e-04 2.99e-09 7.06e+01  -4.1 3.58e-02    -  1.00e+00 1.95e-03h 10
1669  1.9886933e-04 3.25e-09 7.06e+01  -4.1 4.88e-02    -  1.00e+00 9.77e-04h 11
iter    objective    inf_pr   inf_du lg(mu)  ||d||  lg(rg) alpha_du alpha_pr  ls
1670  1.9886854e-04 3.23e-09 7.06e+01  -4.1 4.24e-04    -  1.00e+00 1.56e-02h  7
1671  1.9884462e-04 4.88e-09 7.13e+01  -4.1 3.45e-04    -  1.00e+00 1.00e+00H  1
1672  1.9884627e-04 4.94e-09 7.13e+01  -4.1 3.06e-03    -  1.00e+00 1.56e-02h  7
1673  1.9884806e-04 4.94e-09 7.12e+01  -4.1 2.49e-03    -  1.00e+00 1.56e-02h  7
1674  1.9884701e-04 5.02e-09 7.13e+01  -4.1 1.09e-03    -  1.00e+00 1.56e-02h  7
1675  1.9884705e-04 5.07e-09 7.12e+01  -4.1 5.14e-03    -  1.00e+00 1.95e-03h 10
1676  1.9884520e-04 5.13e-09 7.02e+01  -4.1 6.31e-03    -  1.00e+00 3.91e-03h  9
1677  1.9884568e-04 5.14e-09 7.02e+01  -4.1 3.63e-03    -  1.00e+00 3.91e-03h  9
1678  1.9884467e-04 5.37e-09 7.02e+01  -4.1 1.44e-02    -  1.00e+00 3.91e-03h  9
1679  1.9884473e-04 5.38e-09 7.02e+01  -4.1 8.65e-03    -  1.00e+00 9.77e-04h 11
iter    objective    inf_pr   inf_du lg(mu)  ||d||  lg(rg) alpha_du alpha_pr  ls
1680  1.9884649e-04 5.32e-09 7.02e+01  -4.1 2.39e-03    -  1.00e+00 1.56e-02h  7
1681  1.9884691e-04 5.34e-09 7.02e+01  -4.1 2.78e-03    -  1.00e+00 3.91e-03h  9
1682  1.9884674e-04 5.36e-09 7.02e+01  -4.1 2.57e-03    -  1.00e+00 3.91e-03h  9
1683  1.9884673e-04 5.36e-09 7.12e+01  -4.1 1.56e-01    -  1.00e+00 1.49e-08h 27
1684  1.9885813e-04 1.05e-09 7.02e+01  -4.1 2.10e-04    -  1.00e+00 1.00e+00H  1
1685  1.9886006e-04 1.03e-09 7.02e+01  -4.1 2.67e-03    -  1.00e+00 1.56e-02h  7
1686  1.9885728e-04 1.91e-09 7.13e+01  -4.1 5.58e-02    -  1.00e+00 3.91e-03h  9
1687  1.9885780e-04 1.90e-09 7.13e+01  -4.1 1.69e-03    -  1.00e+00 7.81e-03h  8
1688  1.9885885e-04 5.47e-10 7.00e+01  -4.1 7.21e-05    -  1.00e+00 1.00e+00H  1
1689  1.9886079e-04 5.96e-10 7.00e+01  -4.1 2.68e-04    -  1.00e+00 1.25e-01h  4
iter    objective    inf_pr   inf_du lg(mu)  ||d||  lg(rg) alpha_du alpha_pr  ls
1690  1.9886091e-04 6.27e-10 7.00e+01  -4.1 1.50e-02    -  1.00e+00 1.95e-03h 10
1691  1.9886069e-04 6.32e-10 7.00e+01  -4.1 7.28e-03    -  1.00e+00 1.95e-03h 10
1692  1.9886113e-04 6.60e-10 7.00e+01  -4.1 8.67e-03    -  1.00e+00 3.91e-03h  9
1693  1.9886117e-04 6.60e-10 7.00e+01  -4.1 1.47e-02    -  1.00e+00 4.88e-04h 12
1694  1.9886116e-04 6.60e-10 7.14e+01  -4.1 1.15e-02    -  1.00e+00 2.44e-04h 13
1695  1.9886146e-04 6.59e-10 7.14e+01  -4.1 2.35e-03    -  1.00e+00 7.81e-03h  8
1696  1.9886047e-04 7.25e-10 7.14e+01  -4.1 8.41e-02    -  1.00e+00 4.88e-04h 12
1697  1.9886065e-04 7.23e-10 7.14e+01  -4.1 8.16e-04    -  1.00e+00 3.91e-03h  9
1698  1.9886045e-04 7.29e-10 7.14e+01  -4.1 4.19e-03    -  1.00e+00 3.91e-03h  9
1699  1.9886049e-04 7.29e-10 7.14e+01  -4.1 7.76e-04    -  1.00e+00 3.91e-03h  9
iter    objective    inf_pr   inf_du lg(mu)  ||d||  lg(rg) alpha_du alpha_pr  ls
1700  1.9886032e-04 7.31e-10 7.14e+01  -4.1 1.42e-03    -  1.00e+00 3.91e-03h  9
1701  1.9933569e-04 7.48e-10 7.00e+01  -4.1 9.53e-03    -  1.00e+00 2.44e-04h 13
1702  1.9910086e-04 3.90e-11 7.00e+01  -4.1 7.88e-05    -  1.00e+00 1.00e+00H  1
1703  1.9902484e-04 8.88e-10 7.00e+01  -4.1 1.05e+00    -  1.00e+00 3.05e-05h 16
1704  1.9901846e-04 8.89e-10 7.00e+01  -4.1 1.50e-01    -  1.00e+00 7.63e-06h 18
1705  1.9887483e-04 9.67e-10 7.14e+01  -4.1 4.90e-01    -  1.00e+00 6.10e-05h 15
1706  1.9893353e-04 1.66e-10 7.00e+01  -4.1 5.52e-05    -  1.00e+00 1.00e+00H  1
1707  1.9889534e-04 3.38e-10 7.00e+01  -4.1 1.35e-04    -  1.00e+00 1.00e+00H  1
1708  1.9887149e-04 4.81e-09 7.00e+01  -4.1 4.07e-01    -  1.00e+00 2.44e-04h 13
1709  1.9886673e-04 4.81e-09 7.15e+01  -4.1 9.92e-02    -  1.00e+00 1.22e-04h 14
iter    objective    inf_pr   inf_du lg(mu)  ||d||  lg(rg) alpha_du alpha_pr  ls
1710  1.9886973e-04 9.87e-10 7.00e+01  -4.1 1.31e-04    -  1.00e+00 1.00e+00H  1
1711  1.9886537e-04 1.55e-07 6.99e+01  -4.1 6.97e-03    -  1.00e+00 6.25e-02h  5
1712  1.9886417e-04 1.75e-07 6.99e+01  -4.1 8.06e-03    -  1.00e+00 3.12e-02h  6
1713  1.9886216e-04 2.32e-07 6.99e+01  -4.1 2.73e-03    -  1.00e+00 2.50e-01h  3
1714  1.9886327e-04 2.06e-07 6.99e+01  -4.1 4.80e-03    -  1.00e+00 3.12e-02h  6
1715  1.9886072e-04 2.49e-06 7.15e+01  -4.1 6.02e-02    -  1.00e+00 3.12e-02h  6
1716  1.9886053e-04 2.47e-06 7.15e+01  -4.1 5.98e-02    -  1.00e+00 3.91e-03h  9
1717  1.9886137e-04 2.45e-06 7.15e+01  -4.1 1.79e-03    -  1.00e+00 7.81e-03h  8
1718  1.9885963e-04 2.45e-06 6.99e+01  -4.1 5.19e-02    -  1.00e+00 1.95e-03h 10
1719  1.9882749e-04 3.23e-06 6.98e+01  -4.1 1.11e-02    -  1.00e+00 1.25e-01h  4
iter    objective    inf_pr   inf_du lg(mu)  ||d||  lg(rg) alpha_du alpha_pr  ls
1720  1.9884023e-04 2.82e-06 7.14e+01  -4.1 2.36e-03    -  1.00e+00 1.25e-01h  4
1721  1.9885225e-04 2.46e-06 7.14e+01  -4.1 1.24e-03    -  1.00e+00 1.25e-01h  4
1722  1.9885211e-04 2.52e-06 7.00e+01  -4.1 5.05e-02    -  1.00e+00 7.81e-03h  8
1723  1.9884223e-04 2.61e-06 7.00e+01  -4.1 3.73e-02    -  1.00e+00 1.56e-02h  7
1724  1.9884872e-04 2.28e-06 7.01e+01  -4.1 5.10e-03    -  1.00e+00 1.25e-01h  4
1725  1.9885483e-04 1.74e-06 7.14e+01  -4.1 1.29e-03    -  1.00e+00 2.50e-01h  3
1726  1.9885371e-04 1.77e-06 7.13e+01  -4.1 1.28e-02    -  1.00e+00 3.12e-02h  6
1727  1.9885116e-04 1.73e-06 7.13e+01  -4.1 4.57e-02    -  1.00e+00 7.81e-03h  8
1728  1.9885200e-04 1.71e-06 7.13e+01  -4.1 8.05e-03    -  1.00e+00 3.12e-02h  6
1729  1.9885161e-04 1.71e-06 7.13e+01  -4.1 3.75e-02    -  1.00e+00 1.95e-03h 10
iter    objective    inf_pr   inf_du lg(mu)  ||d||  lg(rg) alpha_du alpha_pr  ls
1730  1.9885493e-04 1.66e-06 7.01e+01  -4.1 1.08e-02    -  1.00e+00 3.12e-02h  6
1731  1.9886116e-04 1.56e-06 7.02e+01  -4.1 8.61e-04    -  1.00e+00 6.25e-02h  5
1732  1.9886208e-04 1.56e-06 7.13e+01  -4.1 5.69e-02    -  1.00e+00 9.77e-04h 11
1733  1.9885339e-04 1.58e-06 7.13e+01  -4.1 7.87e-02    -  1.00e+00 3.91e-03h  9
1734  1.9885829e-04 1.23e-06 7.13e+01  -4.1 1.12e-03    -  1.00e+00 2.50e-01h  3
1735  1.9896780e-04 9.32e-07 7.03e+01  -4.1 2.15e-03    -  1.00e+00 5.00e-01h  2
1736  1.9886578e-04 4.35e-07 7.04e+01  -4.1 1.18e-03    -  1.00e+00 1.00e+00h  1
1737  1.9887877e-04 4.72e-07 7.10e+01  -4.1 8.86e-03    -  1.00e+00 6.25e-02h  5
1738  1.9887115e-04 4.84e-07 7.10e+01  -4.1 4.73e-02    -  1.00e+00 3.91e-03h  9
1739  1.9886964e-04 4.84e-07 7.10e+01  -4.1 3.95e-02    -  1.00e+00 3.91e-03h  9
iter    objective    inf_pr   inf_du lg(mu)  ||d||  lg(rg) alpha_du alpha_pr  ls
1740  1.9884984e-04 5.54e-07 7.03e+01  -4.1 2.64e-03    -  1.00e+00 2.50e-01h  3
1741  1.9889874e-04 3.87e-07 7.04e+01  -4.1 2.01e-03    -  1.00e+00 5.00e-01h  2
1742  1.9889592e-04 3.79e-07 7.10e+01  -4.1 1.65e-02    -  1.00e+00 3.12e-02h  6
1743  1.9909659e-04 1.21e-07 7.09e+01  -4.1 1.15e-03    -  1.00e+00 1.00e+00H  1
1744  1.9908865e-04 2.98e-07 7.05e+01  -4.1 1.29e-02    -  1.00e+00 6.25e-02h  5
1745  1.9904524e-04 3.20e-07 7.05e+01  -4.1 4.67e-02    -  1.00e+00 3.91e-03h  9
1746  1.9902394e-04 3.18e-07 7.05e+01  -4.1 1.25e-02    -  1.00e+00 1.56e-02h  7
1747  1.9901321e-04 3.21e-07 7.05e+01  -4.1 4.69e-03    -  1.00e+00 3.12e-02h  6
1748  1.9874821e-04 3.35e-06 7.10e+01  -4.1 6.83e-02    -  1.00e+00 3.12e-02h  6
1749  1.9879059e-04 2.84e-06 7.04e+01  -4.1 6.62e-03    -  1.00e+00 1.25e-01h  4
iter    objective    inf_pr   inf_du lg(mu)  ||d||  lg(rg) alpha_du alpha_pr  ls
1750  1.9875932e-04 2.92e-06 7.10e+01  -4.1 1.64e-02    -  1.00e+00 6.25e-02h  5
1751  1.9882469e-04 1.40e-06 7.04e+01  -4.1 3.48e-03    -  1.00e+00 5.00e-01h  2
1752  1.9884561e-04 7.77e-07 7.11e+01  -4.1 3.77e-03    -  1.00e+00 5.00e-01h  2
1753  1.9880010e-04 1.34e-06 7.11e+01  -4.1 5.11e-03    -  1.00e+00 2.50e-01h  3
1754  1.9878185e-04 1.03e-06 7.03e+01  -4.1 1.49e-03    -  1.00e+00 5.00e-01h  2
1755  1.9883560e-04 1.07e-06 7.03e+01  -4.1 1.21e-02    -  1.00e+00 1.25e-01h  4
1756  1.9883218e-04 1.10e-06 7.11e+01  -4.1 1.06e-01    -  1.00e+00 3.91e-03h  9
1757  1.9883249e-04 1.06e-06 7.11e+01  -4.1 1.45e-02    -  1.00e+00 3.12e-02h  6
1758  1.9882710e-04 1.04e-06 7.11e+01  -4.1 4.93e-02    -  1.00e+00 7.81e-03h  8
1759  1.9880116e-04 1.02e-06 7.11e+01  -4.1 5.04e-03    -  1.00e+00 6.25e-02h  5
iter    objective    inf_pr   inf_du lg(mu)  ||d||  lg(rg) alpha_du alpha_pr  ls
1760  1.9876142e-04 2.87e-06 7.03e+01  -4.1 1.67e-02    -  1.00e+00 1.25e-01h  4
1761  1.9875720e-04 2.88e-06 7.03e+01  -4.1 4.89e-02    -  1.00e+00 7.81e-03h  8
1762  1.9872750e-04 4.87e-06 7.03e+01  -4.1 4.69e-03    -  1.00e+00 5.00e-01h  2
1763  1.9874695e-04 4.85e-06 7.12e+01  -4.1 1.99e-02    -  1.00e+00 3.91e-03h  9
1764  1.9882529e-04 4.36e-07 7.02e+01  -4.1 7.74e-04    -  1.00e+00 1.00e+00h  1
1765  1.9873876e-04 3.66e-07 7.02e+01  -4.1 7.85e-03    -  1.00e+00 1.25e-01h  4
1766  1.9875526e-04 1.47e-07 7.02e+01  -4.1 1.41e-03    -  1.00e+00 1.00e+00h  1
1767  1.9874119e-04 2.06e-07 7.03e+01  -4.1 7.50e-04    -  1.00e+00 5.00e-01h  2
1768  1.9874603e-04 2.01e-07 7.12e+01  -4.1 3.69e-03    -  1.00e+00 1.25e-01h  4
1769  1.9875717e-04 1.21e-07 7.03e+01  -4.1 4.00e-04    -  1.00e+00 1.00e+00h  1
iter    objective    inf_pr   inf_du lg(mu)  ||d||  lg(rg) alpha_du alpha_pr  ls
1770  1.9875708e-04 1.16e-07 7.11e+01  -4.1 1.61e-02    -  1.00e+00 1.56e-02h  7
1771  1.9880921e-04 4.96e-08 7.03e+01  -4.1 3.20e-04    -  1.00e+00 1.00e+00h  1
1772  1.9881705e-04 2.43e-08 7.04e+01  -4.1 3.14e-04    -  1.00e+00 1.00e+00h  1
1773  1.9881246e-04 2.19e-08 7.10e+01  -4.1 1.11e-03    -  1.00e+00 1.25e-01h  4
1774  1.9881232e-04 2.12e-08 7.04e+01  -4.1 3.68e-04    -  1.00e+00 2.50e-01h  3
1775  1.9881608e-04 1.72e-08 7.04e+01  -4.1 7.77e-04    -  1.00e+00 1.25e-01h  4
1776  1.9881785e-04 1.79e-08 7.04e+01  -4.1 4.46e-04    -  1.00e+00 1.25e-01h  4
1777  1.9881732e-04 1.82e-08 7.04e+01  -4.1 5.20e-02    -  1.00e+00 1.95e-03h 10
1778  1.9883784e-04 1.54e-08 7.09e+01  -4.1 2.17e-04    -  1.00e+00 1.00e+00h  1
1779  1.9883492e-04 8.37e-10 7.08e+01  -4.1 2.63e-05    -  1.00e+00 1.00e+00h  1
iter    objective    inf_pr   inf_du lg(mu)  ||d||  lg(rg) alpha_du alpha_pr  ls
1780  1.9883581e-04 8.08e-10 7.06e+01  -4.1 3.67e-03    -  1.00e+00 7.81e-03h  8
1781  1.9883695e-04 6.93e-10 7.06e+01  -4.1 3.72e-04    -  1.00e+00 6.25e-02h  5
1782  1.9883640e-04 6.87e-10 7.06e+01  -4.1 4.31e-04    -  1.00e+00 3.12e-02h  6
1783  1.9883851e-04 6.45e-10 7.08e+01  -4.1 3.87e-04    -  1.00e+00 1.25e-01h  4
1784  1.9884294e-04 6.68e-10 7.06e+01  -4.1 4.35e-05    -  1.00e+00 5.00e-01h  2
1785  1.9884325e-04 7.30e-10 7.06e+01  -4.1 1.94e-03    -  1.00e+00 1.56e-02h  7
1786  1.9884141e-04 9.95e-10 7.07e+01  -4.1 2.05e-04    -  1.00e+00 1.25e-01h  4
1787  1.9884206e-04 8.19e-10 7.07e+01  -4.1 2.82e-04    -  1.00e+00 6.25e-02h  5
1788  1.9884108e-04 7.38e-10 7.07e+01  -4.1 5.44e-04    -  1.00e+00 3.12e-02h  6
1789  1.9884057e-04 5.97e-10 7.07e+01  -4.1 2.46e-04    -  1.00e+00 2.50e-01h  3
iter    objective    inf_pr   inf_du lg(mu)  ||d||  lg(rg) alpha_du alpha_pr  ls
1790  1.9884086e-04 5.93e-10 7.07e+01  -4.1 4.35e-04    -  1.00e+00 1.56e-02h  7
1791  1.9884102e-04 6.30e-10 7.07e+01  -4.1 1.22e-03    -  1.00e+00 7.81e-03h  8
1792  1.9884080e-04 7.18e-10 7.07e+01  -4.1 2.51e-04    -  1.00e+00 6.25e-02h  5
1793  1.9884082e-04 7.17e-10 7.07e+01  -4.1 5.04e-04    -  1.00e+00 1.95e-03h 10
1794  1.9884076e-04 7.28e-10 7.07e+01  -4.1 2.53e-03    -  1.00e+00 1.95e-03h 10
1795  1.9884076e-04 7.29e-10 7.07e+01  -4.1 3.01e-03    -  1.00e+00 9.77e-04h 11
1796  1.9884071e-04 7.29e-10 7.07e+01  -4.1 9.53e-01    -  4.90e-01 7.45e-09h 28
1797  1.9884101e-04 7.07e-10 7.07e+01  -4.1 1.24e-04    -  1.00e+00 3.12e-02h  6
1798  1.9884091e-04 7.19e-10 7.07e+01  -4.1 6.73e-03    -  1.00e+00 9.77e-04h 11
1799  1.9884099e-04 7.17e-10 7.07e+01  -4.1 3.72e-04    -  1.00e+00 1.56e-02h  7
iter    objective    inf_pr   inf_du lg(mu)  ||d||  lg(rg) alpha_du alpha_pr  ls
1800  1.9884085e-04 7.61e-10 7.07e+01  -4.1 2.48e-03    -  1.00e+00 7.81e-03h  8
1801  1.9884071e-04 7.62e-10 7.07e+01  -4.1 1.84e-03    -  1.00e+00 7.81e-03h  8
1802  1.9884070e-04 7.35e-10 7.07e+01  -4.1 3.71e-03    -  1.00e+00 3.91e-03h  9
1803  1.9884055e-04 1.57e-09 7.07e+01  -4.1 8.68e-03    -  1.00e+00 7.81e-03h  8
1804  1.9884066e-04 1.58e-09 7.07e+01  -4.1 2.32e-03    -  1.00e+00 3.91e-03h  9
1805  1.9883810e-04 6.12e-08 7.06e+01  -4.1 3.92e-04    -  1.00e+00 1.00e+00h  1
1806  1.9883936e-04 5.98e-08 7.06e+01  -4.1 1.23e-03    -  1.00e+00 3.12e-02h  6
1807  1.9883701e-04 9.74e-08 7.09e+01  -4.1 1.50e-03    -  1.00e+00 2.50e-01h  3
1808  1.9883765e-04 9.55e-08 7.09e+01  -4.1 2.74e-03    -  1.00e+00 1.56e-02h  7
1809  1.9882343e-04 1.36e-07 7.08e+01  -4.1 1.25e-01    -  1.00e+00 3.91e-03h  9
iter    objective    inf_pr   inf_du lg(mu)  ||d||  lg(rg) alpha_du alpha_pr  ls
1810  1.9882520e-04 1.28e-07 7.08e+01  -4.1 1.53e-03    -  1.00e+00 1.25e-01h  4
1811  1.9882678e-04 1.28e-07 7.06e+01  -4.1 2.66e-02    -  1.00e+00 9.77e-04h 11
1812  1.9882822e-04 1.24e-07 7.06e+01  -4.1 3.14e-03    -  1.00e+00 3.12e-02h  6
1813  1.9882680e-04 1.24e-07 7.06e+01  -4.1 4.10e-02    -  1.00e+00 1.95e-03h 10
1814  1.9882640e-04 1.25e-07 7.06e+01  -4.1 8.50e-03    -  1.00e+00 7.81e-03h  8
1815  1.9882512e-04 1.23e-07 7.06e+01  -4.1 3.74e-02    -  1.00e+00 3.91e-03h  9
1816  1.9882274e-04 1.20e-07 7.06e+01  -4.1 3.90e-02    -  1.00e+00 7.81e-03h  8
1817  1.9882273e-04 1.20e-07 7.08e+01  -4.1 5.70e-02    -  1.00e+00 4.88e-04h 12
1818  1.9882249e-04 1.24e-07 7.06e+01  -4.1 3.65e-02    -  1.00e+00 1.95e-03h 10
1819  1.9882195e-04 1.28e-07 7.07e+01  -4.1 1.93e-02    -  1.00e+00 3.91e-03h  9
iter    objective    inf_pr   inf_du lg(mu)  ||d||  lg(rg) alpha_du alpha_pr  ls
1820  1.9882192e-04 1.29e-07 7.07e+01  -4.1 8.02e-03    -  1.00e+00 7.81e-03h  8
1821  1.9882056e-04 1.55e-07 7.08e+01  -4.1 2.75e-02    -  1.00e+00 1.56e-02h  7
1822  1.9881860e-04 1.53e-07 7.08e+01  -4.1 2.12e-02    -  1.00e+00 7.81e-03h  8
1823  1.9882023e-04 1.48e-07 7.07e+01  -4.1 5.36e-04    -  1.00e+00 3.12e-02h  6
1824  1.9882178e-04 1.43e-07 7.07e+01  -4.1 1.68e-04    -  1.00e+00 3.12e-02h  6
1825  1.9882099e-04 1.44e-07 7.08e+01  -4.1 1.46e-02    -  1.00e+00 7.81e-03h  8
1826  1.9882084e-04 1.42e-07 7.08e+01  -4.1 4.25e-03    -  1.00e+00 3.12e-02h  6
1827  1.9881937e-04 1.31e-07 7.08e+01  -4.1 3.24e-02    -  1.00e+00 7.81e-03h  8
1828  1.9881905e-04 1.31e-07 7.07e+01  -4.1 4.49e+00    -  3.00e-01 2.52e-08h 24
1829  1.9882055e-04 1.27e-07 7.07e+01  -4.1 6.76e-04    -  1.00e+00 3.12e-02h  6
iter    objective    inf_pr   inf_du lg(mu)  ||d||  lg(rg) alpha_du alpha_pr  ls
1830  1.9882178e-04 1.22e-07 7.07e+01  -4.1 1.67e-03    -  1.00e+00 3.12e-02h  6
1831  1.9882098e-04 1.17e-07 7.07e+01  -4.1 1.36e-02    -  1.00e+00 1.56e-02h  7
1832  1.9881951e-04 1.20e-07 7.07e+01  -4.1 5.73e-02    -  1.00e+00 3.91e-03h  9
1833  1.9881819e-04 1.24e-07 7.07e+01  -4.1 5.32e-02    -  1.00e+00 3.91e-03h  9
1834  1.9881634e-04 1.24e-07 7.07e+01  -4.1 6.55e-02    -  1.00e+00 3.91e-03h  9
1835  1.9881632e-04 1.24e-07 7.07e+01  -4.1 8.66e-03    -  1.00e+00 2.38e-07h 23
1836  1.9877640e-04 1.40e-08 6.71e+01  -4.1 1.23e-04    -  1.00e+00 1.00e+00h  1
1837  1.9876536e-04 8.04e-09 7.05e+01  -4.1 3.53e-05    -  1.00e+00 1.00e+00h  1
1838  1.9880955e-04 1.35e-08 7.06e+01  -4.1 4.31e-04    -  1.00e+00 2.50e-01h  3
1839  1.9888978e-04 3.18e-09 7.03e+01  -4.1 2.13e-04    -  1.00e+00 1.00e+00H  1
iter    objective    inf_pr   inf_du lg(mu)  ||d||  lg(rg) alpha_du alpha_pr  ls
1840  1.9884433e-04 5.68e-10 7.03e+01  -4.1 1.14e-04    -  1.00e+00 1.00e+00H  1
1841  1.9884028e-04 1.16e-10 7.02e+01  -4.1 9.03e-06    -  1.00e+00 1.00e+00h  1
1842  1.9883763e-04 7.44e-10 7.12e+01  -4.1 9.87e-04    -  1.00e+00 3.12e-02h  6
1843  1.9884043e-04 1.55e-09 7.12e+01  -4.1 5.43e-05    -  1.00e+00 1.00e+00h  1
1844  1.9884168e-04 1.28e-09 7.02e+01  -4.1 4.95e-03    -  1.00e+00 3.91e-03h  9
1845  1.9884332e-04 9.71e-10 7.02e+01  -4.1 1.32e-03    -  1.00e+00 1.56e-02h  7
1846  1.9882766e-04 2.48e-08 7.13e+01  -4.1 2.00e-02    -  1.00e+00 7.81e-03h  8
1847  1.9885062e-04 6.21e-10 7.12e+01  -4.1 1.89e-04    -  1.00e+00 1.00e+00H  1
1848  1.9884752e-04 2.98e-10 7.02e+01  -4.1 5.61e-05    -  1.00e+00 1.00e+00H  1
1849  1.9866443e-04 3.41e-06 6.97e+01  -4.1 1.95e-03    -  1.00e+00 1.00e+00h  1
iter    objective    inf_pr   inf_du lg(mu)  ||d||  lg(rg) alpha_du alpha_pr  ls
1850  1.9870604e-04 2.65e-06 7.16e+01  -4.1 1.96e-02    -  1.00e+00 6.25e-02h  5
1851  1.9875528e-04 2.45e-06 6.99e+01  -4.1 3.43e-03    -  1.00e+00 6.25e-02h  5
1852  1.9874753e-04 1.16e-06 7.08e+01  -4.1 1.24e-03    -  1.00e+00 5.00e-01h  2
1853  1.9875420e-04 1.09e-06 7.06e+01  -4.1 4.80e-03    -  1.00e+00 3.12e-02h  6
1854  1.9875398e-04 1.02e-06 7.08e+01  -4.1 1.06e-03    -  1.00e+00 6.25e-02h  5
1855  1.9875515e-04 1.02e-06 7.06e+01  -4.1 2.55e-02    -  1.00e+00 3.91e-03h  9
1856  1.9875460e-04 9.71e-07 7.07e+01  -4.1 6.60e-03    -  1.00e+00 6.25e-02h  5
1857  1.9864958e-04 5.48e-06 7.07e+01  -4.1 1.88e-02    -  1.00e+00 1.25e-01h  4
1858  1.9865603e-04 5.43e-06 7.07e+01  -4.1 3.29e-02    -  1.00e+00 1.56e-02h  7
1859  1.9856248e-04 3.53e-06 7.04e+01  -4.1 3.74e-03    -  1.00e+00 5.00e-01h  2
iter    objective    inf_pr   inf_du lg(mu)  ||d||  lg(rg) alpha_du alpha_pr  ls
1860  1.9845854e-04 7.10e-06 7.04e+01  -4.1 1.98e-02    -  1.00e+00 1.25e-01h  4
1861  1.9856137e-04 6.18e-06 7.04e+01  -4.1 1.04e-02    -  1.00e+00 1.25e-01h  4
1862  1.9856076e-04 6.16e-06 7.11e+01  -4.1 2.31e-03    -  1.00e+00 3.91e-03h  9
1863  1.9866822e-04 8.22e-07 7.02e+01  -4.1 1.85e-03    -  1.00e+00 1.00e+00h  1
1864  1.9865787e-04 2.34e-06 7.02e+01  -4.1 4.39e-02    -  1.00e+00 3.12e-02h  6
1865  1.9854891e-04 2.21e-06 7.02e+01  -4.1 1.90e-03    -  1.00e+00 5.00e-01h  2
1866  1.9863143e-04 1.49e-06 7.12e+01  -4.1 3.57e-03    -  1.00e+00 5.00e-01h  2
1867  1.9859874e-04 1.54e-06 7.12e+01  -4.1 8.53e-03    -  1.00e+00 1.25e-01h  4
1868  1.9871975e-04 3.48e-07 7.12e+01  -4.1 2.67e-03    -  1.00e+00 1.00e+00h  1
1869  1.9874447e-04 3.33e-07 7.02e+01  -4.1 2.72e-02    -  1.00e+00 1.56e-02h  7
iter    objective    inf_pr   inf_du lg(mu)  ||d||  lg(rg) alpha_du alpha_pr  ls
1870  1.9866403e-04 3.42e-07 7.02e+01  -4.1 1.50e-03    -  1.00e+00 1.00e+00h  1
1871  1.9866210e-04 2.80e-07 7.02e+01  -4.1 2.13e-03    -  1.00e+00 2.50e-01h  3
1872  1.9874322e-04 1.88e-07 7.12e+01  -4.1 4.29e-04    -  1.00e+00 1.00e+00h  1
1873  1.9874325e-04 1.85e-07 7.12e+01  -4.1 4.87e-03    -  1.00e+00 1.56e-02h  7
1874  1.9871965e-04 2.03e-07 7.11e+01  -4.1 1.39e-03    -  1.00e+00 2.50e-01h  3
1875  1.9877101e-04 8.69e-08 7.03e+01  -4.1 4.07e-04    -  1.00e+00 5.00e-01h  2
1876  1.9878561e-04 3.90e-08 7.03e+01  -4.1 3.50e-04    -  1.00e+00 5.00e-01h  2
1877  1.9877918e-04 3.79e-08 7.11e+01  -4.1 1.69e-02    -  1.00e+00 1.56e-02h  7
1878  1.9879242e-04 2.24e-08 7.03e+01  -4.1 4.52e-04    -  1.00e+00 5.00e-01h  2
1879  1.9881379e-04 1.48e-08 7.10e+01  -4.1 2.46e-04    -  1.00e+00 1.00e+00h  1
iter    objective    inf_pr   inf_du lg(mu)  ||d||  lg(rg) alpha_du alpha_pr  ls
1880  1.9881894e-04 1.85e-08 7.09e+01  -4.1 1.64e-04    -  1.00e+00 1.00e+00h  1
1881  1.9881346e-04 1.52e-08 7.09e+01  -4.1 3.35e-04    -  1.00e+00 5.00e-01h  2
1882  1.9881355e-04 1.60e-08 7.09e+01  -4.1 1.82e-03    -  1.00e+00 3.12e-02h  6
1883  1.9882252e-04 1.40e-08 7.06e+01  -4.1 1.38e-04    -  1.00e+00 5.00e-01h  2
1884  1.9883761e-04 9.79e-09 7.09e+01  -4.1 5.70e-04    -  1.00e+00 5.00e-01h  2
1885  1.9883753e-04 1.18e-08 7.09e+01  -4.1 1.91e-03    -  1.00e+00 3.12e-02h  6
1886  1.9883682e-04 6.48e-09 7.09e+01  -4.1 3.29e-03    -  1.00e+00 6.25e-02h  5
1887  1.9879243e-04 2.63e-08 7.08e+01  -4.1 1.60e-04    -  1.00e+00 1.00e+00h  1
1888  1.9879712e-04 2.26e-08 7.07e+01  -4.1 2.02e-03    -  1.00e+00 6.25e-02h  5
1889  1.9881296e-04 2.29e-08 7.07e+01  -4.1 5.08e-04    -  1.00e+00 5.00e-01h  2
iter    objective    inf_pr   inf_du lg(mu)  ||d||  lg(rg) alpha_du alpha_pr  ls
1890  1.9881933e-04 2.17e-08 7.07e+01  -4.1 3.18e-04    -  1.00e+00 1.25e-01h  4
1891  1.9881793e-04 2.17e-08 7.07e+01  -4.1 5.48e-02    -  1.00e+00 1.95e-03h 10
1892  1.9882050e-04 2.02e-08 7.07e+01  -4.1 8.64e-04    -  1.00e+00 6.25e-02h  5
1893  1.9885805e-04 5.93e-10 7.06e+01  -4.1 1.23e-04    -  1.00e+00 1.00e+00H  1
1894  1.9885796e-04 5.78e-10 7.06e+01  -4.1 2.10e-02    -  1.00e+00 4.88e-04h 12
1895  1.9859054e-04 1.07e-06 7.07e+01  -4.1 3.84e-02    -  1.00e+00 3.12e-02h  6
1896  1.9858172e-04 1.25e-06 7.07e+01  -4.1 8.57e-03    -  1.00e+00 1.25e-01h  4
1897  1.9858406e-04 1.08e-06 7.08e+01  -4.1 4.26e-03    -  1.00e+00 1.25e-01h  4
1898  1.9862385e-04 9.39e-07 7.08e+01  -4.1 2.80e-03    -  1.00e+00 1.25e-01h  4
1899  1.9862618e-04 9.39e-07 7.06e+01  -4.1 3.75e-02    -  1.00e+00 4.88e-04h 12
iter    objective    inf_pr   inf_du lg(mu)  ||d||  lg(rg) alpha_du alpha_pr  ls
1900  1.9862869e-04 8.54e-07 7.06e+01  -4.1 4.32e-03    -  1.00e+00 6.25e-02h  5
1901  1.9861946e-04 7.92e-07 7.06e+01  -4.1 4.92e-03    -  1.00e+00 6.25e-02h  5
1902  1.9861493e-04 8.26e-07 7.06e+01  -4.1 4.94e-02    -  1.00e+00 7.81e-03h  8
1903  1.9861552e-04 7.66e-07 7.05e+01  -4.1 3.51e-03    -  1.00e+00 6.25e-02h  5
1904  1.9864476e-04 5.05e-07 7.05e+01  -4.1 1.46e-03    -  1.00e+00 2.50e-01h  3
1905  1.9864077e-04 4.89e-07 7.05e+01  -4.1 2.07e-02    -  1.00e+00 1.56e-02h  7
1906  1.9864075e-04 4.89e-07 7.10e+01  -4.1 1.36e+00    -  9.54e-01 5.60e-09h 24
1907  1.9865483e-04 4.34e-07 7.10e+01  -4.1 1.75e-03    -  1.00e+00 1.25e-01h  4
1908  1.9866158e-04 4.06e-07 7.10e+01  -4.1 7.29e-04    -  1.00e+00 6.25e-02h  5
1909  1.9864832e-04 3.68e-07 7.04e+01  -4.1 3.09e-02    -  1.00e+00 1.56e-02h  7
iter    objective    inf_pr   inf_du lg(mu)  ||d||  lg(rg) alpha_du alpha_pr  ls
1910  1.9865928e-04 3.21e-07 7.04e+01  -4.1 1.17e-03    -  1.00e+00 1.25e-01h  4
1911  1.9871273e-04 1.62e-07 7.11e+01  -4.1 3.98e-04    -  1.00e+00 5.00e-01h  2
1912  1.9871339e-04 1.57e-07 7.11e+01  -4.1 7.83e-03    -  1.00e+00 3.12e-02h  6
1913  1.9875159e-04 1.44e-07 7.03e+01  -4.1 1.14e-03    -  1.00e+00 2.50e-01h  3
1914  1.9899627e-04 1.68e-07 7.03e+01  -4.1 1.24e-03    -  1.00e+00 1.00e+00H  1
1915  1.9896992e-04 1.73e-07 7.11e+01  -4.1 2.35e-03    -  1.00e+00 6.25e-02h  5
1916  1.9894185e-04 2.10e-07 7.03e+01  -4.1 1.44e-01    -  1.00e+00 3.91e-03h  9
1917  1.9890657e-04 2.26e-07 7.03e+01  -4.1 3.30e-03    -  1.00e+00 6.25e-02h  5
1918  1.9887836e-04 2.14e-07 7.03e+01  -4.1 2.61e-03    -  1.00e+00 6.25e-02h  5
1919  1.9885097e-04 2.23e-07 7.03e+01  -4.1 1.84e-03    -  1.00e+00 1.25e-01h  4
iter    objective    inf_pr   inf_du lg(mu)  ||d||  lg(rg) alpha_du alpha_pr  ls
1920  1.9884830e-04 3.24e-07 7.03e+01  -4.1 5.01e-02    -  1.00e+00 1.56e-02h  7
1921  1.9879490e-04 1.01e-06 7.11e+01  -4.1 2.30e-03    -  1.00e+00 5.00e-01h  2
1922  1.9882493e-04 4.89e-08 7.11e+01  -4.1 1.46e-03    -  1.00e+00 1.00e+00h  1
1923  1.9883740e-04 4.46e-08 7.04e+01  -4.1 1.34e-03    -  1.00e+00 1.25e-01h  4
1924  1.9880597e-04 3.42e-07 7.03e+01  -4.1 1.01e-03    -  1.00e+00 1.00e+00h  1
1925  1.9873360e-04 1.07e-06 7.10e+01  -4.1 1.57e-03    -  1.00e+00 1.00e+00h  1
1926  1.9853902e-04 1.08e-06 7.11e+01  -4.1 1.93e-03    -  1.00e+00 1.00e+00h  1
1927  1.9855950e-04 8.42e-07 7.11e+01  -4.1 1.59e-03    -  1.00e+00 2.50e-01h  3
1928  1.9858096e-04 6.79e-07 7.03e+01  -4.1 2.33e-03    -  1.00e+00 1.25e-01h  4
1929  1.9856393e-04 6.45e-07 7.03e+01  -4.1 1.03e-02    -  1.00e+00 3.12e-02h  6
iter    objective    inf_pr   inf_du lg(mu)  ||d||  lg(rg) alpha_du alpha_pr  ls
1930  1.9856830e-04 5.75e-07 7.11e+01  -4.1 3.49e-03    -  1.00e+00 6.25e-02h  5
1931  1.9854966e-04 5.43e-07 7.11e+01  -4.1 7.81e-02    -  1.00e+00 1.56e-02h  7
1932  1.9862572e-04 3.51e-07 7.02e+01  -4.1 1.48e-03    -  1.00e+00 5.00e-01h  2
1933  1.9868975e-04 1.86e-07 7.12e+01  -4.1 8.13e-04    -  1.00e+00 5.00e-01h  2
1934  1.9867324e-04 1.75e-07 7.12e+01  -4.1 4.20e-02    -  1.00e+00 1.56e-02h  7
1935  1.9867366e-04 1.73e-07 7.02e+01  -4.1 8.29e-03    -  1.00e+00 1.56e-02h  7
1936  1.9874954e-04 9.18e-08 7.02e+01  -4.1 5.75e-04    -  1.00e+00 1.00e+00h  1
1937  1.9874767e-04 8.12e-08 7.12e+01  -4.1 3.30e-03    -  1.00e+00 3.12e-02h  6
1938  1.9873789e-04 1.12e-07 7.11e+01  -4.1 6.05e-04    -  1.00e+00 1.00e+00h  1
1939  1.9874393e-04 1.04e-07 7.03e+01  -4.1 5.17e-03    -  1.00e+00 6.25e-02h  5
iter    objective    inf_pr   inf_du lg(mu)  ||d||  lg(rg) alpha_du alpha_pr  ls
1940  1.9882077e-04 7.39e-08 7.11e+01  -4.1 5.48e-04    -  1.00e+00 1.00e+00H  1
1941  1.9880891e-04 7.95e-08 7.10e+01  -4.1 9.02e-04    -  1.00e+00 1.00e+00h  1
1942  1.9880757e-04 9.32e-08 7.05e+01  -4.1 4.57e-02    -  1.00e+00 3.91e-03h  9
1943  1.9876495e-04 6.08e-08 7.04e+01  -4.1 2.28e-03    -  1.00e+00 5.00e-01h  2
1944  1.9876477e-04 6.03e-08 7.04e+01  -4.1 2.02e-02    -  1.00e+00 3.91e-03h  9
1945  1.9875882e-04 1.05e-07 7.10e+01  -4.1 8.11e-04    -  1.00e+00 1.00e+00h  1
1946  1.9877639e-04 9.96e-08 7.04e+01  -4.1 3.98e-03    -  1.00e+00 1.25e-01h  4
1947  1.9877621e-04 9.94e-08 7.04e+01  -4.1 1.34e-02    -  1.00e+00 1.56e-02h  7
1948  1.9882939e-04 4.62e-08 7.11e+01  -4.1 1.01e-03    -  1.00e+00 1.00e+00H  1
1949  1.9882605e-04 4.32e-08 7.11e+01  -4.1 2.66e-03    -  1.00e+00 6.25e-02h  5
iter    objective    inf_pr   inf_du lg(mu)  ||d||  lg(rg) alpha_du alpha_pr  ls
1950  1.9879008e-04 2.91e-08 7.07e+01  -4.1 4.11e-04    -  1.00e+00 1.00e+00h  1
1951  1.9882778e-04 1.92e-08 7.06e+01  -4.1 1.19e-03    -  1.00e+00 5.00e-01h  2
1952  1.9882698e-04 1.91e-08 7.06e+01  -4.1 1.17e-02    -  1.00e+00 1.56e-02h  7
1953  1.9882735e-04 1.59e-08 7.08e+01  -4.1 2.62e-03    -  1.00e+00 1.25e-01h  4
1954  1.9881953e-04 1.72e-08 7.09e+01  -4.1 8.82e-04    -  1.00e+00 2.50e-01h  3
1955  1.9884480e-04 7.27e-09 7.08e+01  -4.1 2.73e-03    -  1.00e+00 1.00e+00H  1
1956  1.9884303e-04 7.88e-09 7.08e+01  -4.1 2.07e-02    -  1.00e+00 1.56e-02h  7
1957  1.9886278e-04 4.52e-09 7.07e+01  -4.1 4.63e-04    -  1.00e+00 2.50e-01h  3
1958  1.9884020e-04 1.21e-08 7.07e+01  -4.1 6.38e-02    -  1.00e+00 7.81e-03h  8
1959  1.9883708e-04 1.09e-08 7.07e+01  -4.1 4.85e-03    -  1.00e+00 1.56e-02h  7
iter    objective    inf_pr   inf_du lg(mu)  ||d||  lg(rg) alpha_du alpha_pr  ls
1960  1.9883401e-04 1.15e-08 7.07e+01  -4.1 3.48e-02    -  1.00e+00 1.95e-03h 10
1961  1.9883022e-04 1.24e-08 7.09e+01  -4.1 3.74e-04    -  1.00e+00 5.00e-01h  2
1962  1.9883646e-04 1.10e-08 7.09e+01  -4.1 1.14e-03    -  1.00e+00 1.25e-01h  4
1963  1.9881680e-04 9.15e-09 7.08e+01  -4.1 6.48e-03    -  1.00e+00 6.25e-02h  5
1964  1.9883241e-04 8.66e-09 7.06e+01  -4.1 3.34e-04    -  1.00e+00 1.25e-01h  4
1965  1.9889813e-04 3.69e-09 7.09e+01  -4.1 2.83e-04    -  1.00e+00 1.00e+00H  1
1966  1.9889648e-04 3.07e-09 7.06e+01  -4.1 2.45e-01    -  1.00e+00 1.95e-03h 10
1967  1.9889030e-04 3.33e-09 7.06e+01  -4.1 1.08e-03    -  1.00e+00 1.56e-02h  7
1968  1.9888197e-04 3.05e-09 7.06e+01  -4.1 5.36e-04    -  1.00e+00 6.25e-02h  5
1969  1.9887882e-04 3.11e-09 7.06e+01  -4.1 3.01e-03    -  1.00e+00 3.91e-03h  9
iter    objective    inf_pr   inf_du lg(mu)  ||d||  lg(rg) alpha_du alpha_pr  ls
1970  1.9887620e-04 3.10e-09 7.06e+01  -4.1 1.93e-03    -  1.00e+00 3.91e-03h  9
1971  1.9887490e-04 3.10e-09 7.06e+01  -4.1 9.34e-02    -  1.00e+00 4.88e-04h 12
1972  1.9887122e-04 1.89e-08 7.07e+01  -4.1 1.97e-03    -  1.00e+00 1.25e-01h  4
1973  1.9884276e-04 3.12e-08 7.09e+01  -4.1 2.47e-04    -  1.00e+00 1.00e+00h  1
1974  1.9882571e-04 2.24e-08 7.07e+01  -4.1 5.47e-04    -  1.00e+00 2.50e-01h  3
1975  1.9886317e-04 2.28e-09 7.05e+01  -4.1 2.36e-04    -  1.00e+00 1.00e+00H  1
1976  1.9897332e-04 2.07e-09 7.09e+01  -4.1 1.15e+00    -  1.00e+00 4.88e-04h 12
1977  1.9886267e-04 9.49e-09 7.06e+01  -4.1 4.74e-04    -  1.00e+00 1.00e+00H  1
1978  1.9882665e-04 1.52e-08 7.08e+01  -4.1 2.79e-03    -  1.00e+00 1.25e-01h  4
1979  1.9885889e-04 8.94e-09 7.07e+01  -4.1 8.12e-04    -  1.00e+00 5.00e-01h  2
iter    objective    inf_pr   inf_du lg(mu)  ||d||  lg(rg) alpha_du alpha_pr  ls
1980  1.9884091e-04 1.10e-08 7.07e+01  -4.1 1.93e-02    -  1.00e+00 3.12e-02h  6
1981  1.9881875e-04 3.10e-08 7.06e+01  -4.1 6.67e-03    -  1.00e+00 3.12e-02h  6
1982  1.9882383e-04 2.89e-08 7.08e+01  -4.1 4.00e-04    -  1.00e+00 6.25e-02h  5
1983  1.9882309e-04 2.77e-08 7.08e+01  -4.1 1.66e-02    -  1.00e+00 3.91e-03h  9
1984  1.9882460e-04 2.05e-08 7.07e+01  -4.1 9.66e-04    -  1.00e+00 1.25e-01h  4
1985  1.9882657e-04 1.48e-08 7.07e+01  -4.1 1.34e-03    -  1.00e+00 1.25e-01h  4
1986  1.9878991e-04 3.32e-07 7.08e+01  -4.1 9.01e-03    -  1.00e+00 1.25e-01h  4
1987  1.9882258e-04 1.62e-07 7.06e+01  -4.1 1.40e-03    -  1.00e+00 5.00e-01h  2
1988  1.9881218e-04 2.36e-07 7.05e+01  -4.1 6.10e-03    -  1.00e+00 1.25e-01h  4
1989  1.9881118e-04 1.28e-07 7.05e+01  -4.1 1.41e-03    -  1.00e+00 5.00e-01h  2
iter    objective    inf_pr   inf_du lg(mu)  ||d||  lg(rg) alpha_du alpha_pr  ls
1990  1.9881445e-04 1.24e-07 7.10e+01  -4.1 5.17e-02    -  1.00e+00 7.81e-03h  8
1991  1.9882101e-04 1.18e-07 7.10e+01  -4.1 1.46e-02    -  1.00e+00 3.12e-02h  6
1992  1.9878206e-04 1.96e-07 7.05e+01  -4.1 5.69e-03    -  1.00e+00 2.50e-01h  3
1993  1.9879821e-04 1.04e-07 7.11e+01  -4.1 8.21e-04    -  1.00e+00 1.00e+00h  1
1994  1.9878862e-04 1.04e-07 7.03e+01  -4.1 1.11e-02    -  1.00e+00 6.25e-02h  5
1995  1.9881381e-04 3.00e-08 7.04e+01  -4.1 4.77e-04    -  1.00e+00 1.00e+00h  1
1996  1.9881195e-04 2.81e-08 7.09e+01  -4.1 7.52e-04    -  1.00e+00 2.50e-01h  3
1997  1.9881858e-04 1.99e-08 7.09e+01  -4.1 2.46e-04    -  1.00e+00 5.00e-01h  2
1998  1.9881237e-04 1.79e-08 7.09e+01  -4.1 4.01e-03    -  1.00e+00 6.25e-02h  5
1999  1.9883343e-04 1.06e-08 7.06e+01  -4.1 8.05e-04    -  1.00e+00 5.00e-01h  2
iter    objective    inf_pr   inf_du lg(mu)  ||d||  lg(rg) alpha_du alpha_pr  ls
2000  1.9883016e-04 9.24e-09 7.06e+01  -4.1 1.26e-01    -  1.00e+00 9.77e-04h 11
2001  1.9882939e-04 1.10e-08 7.06e+01  -4.1 3.62e-02    -  1.00e+00 7.81e-03h  8
2002  1.9885564e-04 2.31e-09 7.05e+01  -4.1 1.79e-04    -  1.00e+00 1.00e+00H  1
2003  1.9884815e-04 3.52e-09 7.05e+01  -4.1 3.96e-02    -  1.00e+00 3.91e-03h  9
2004  1.9884665e-04 7.91e-09 7.09e+01  -4.1 2.28e-03    -  1.00e+00 3.12e-02h  6
2005  1.9884238e-04 8.36e-09 7.09e+01  -4.1 5.71e-04    -  1.00e+00 1.25e-01h  4
2006  1.9880994e-04 1.91e-08 7.07e+01  -4.1 7.07e-04    -  1.00e+00 1.00e+00h  1
2007  1.9881966e-04 1.45e-08 7.07e+01  -4.1 4.66e-04    -  1.00e+00 2.50e-01h  3
2008  1.9880866e-04 2.05e-08 7.07e+01  -4.1 7.91e-02    -  1.00e+00 3.91e-03h  9
2009  1.9881713e-04 1.59e-08 7.06e+01  -4.1 2.89e-04    -  1.00e+00 2.50e-01h  3
iter    objective    inf_pr   inf_du lg(mu)  ||d||  lg(rg) alpha_du alpha_pr  ls
2010  1.9882640e-04 1.34e-08 7.08e+01  -4.1 2.07e-04    -  1.00e+00 2.50e-01h  3
2011  1.9882906e-04 1.30e-08 7.08e+01  -4.1 1.01e-03    -  1.00e+00 1.25e-01h  4
2012  1.9879152e-04 1.29e-07 7.09e+01  -4.1 4.08e-04    -  1.00e+00 1.00e+00h  1
2013  1.9879508e-04 1.21e-07 7.08e+01  -4.1 2.42e-03    -  1.00e+00 6.25e-02h  5
2014  1.9879399e-04 1.21e-07 7.08e+01  -4.1 2.58e-03    -  1.00e+00 1.56e-02h  7
2015  1.9879408e-04 1.21e-07 7.08e+01  -4.1 1.07e-02    -  1.00e+00 3.91e-03h  9
2016  1.9880794e-04 1.11e-07 7.06e+01  -4.1 4.14e-03    -  1.00e+00 1.25e-01h  4
2017  1.9880874e-04 1.10e-07 7.06e+01  -4.1 1.78e-03    -  1.00e+00 1.56e-02h  7
2018  1.9880269e-04 1.14e-07 7.06e+01  -4.1 6.66e-03    -  1.00e+00 1.56e-02h  7
2019  1.9880611e-04 1.11e-07 7.08e+01  -4.1 2.20e-03    -  1.00e+00 1.25e-01h  4
iter    objective    inf_pr   inf_du lg(mu)  ||d||  lg(rg) alpha_du alpha_pr  ls
2020  1.9880761e-04 1.08e-07 7.08e+01  -4.1 1.51e-03    -  1.00e+00 3.12e-02h  6
2021  1.9879858e-04 1.13e-07 7.08e+01  -4.1 2.31e-01    -  1.00e+00 9.77e-04h 11
2022  1.9880255e-04 1.10e-07 7.07e+01  -4.1 1.39e-03    -  1.00e+00 3.12e-02h  6
2023  1.9880461e-04 1.09e-07 7.07e+01  -4.1 1.40e-03    -  1.00e+00 3.12e-02h  6
2024  1.9880182e-04 1.11e-07 7.07e+01  -4.1 4.63e-02    -  1.00e+00 1.95e-03h 10
2025  1.9880544e-04 1.04e-07 7.07e+01  -4.1 1.62e-03    -  1.00e+00 6.25e-02h  5
2026  1.9880690e-04 1.02e-07 7.07e+01  -4.1 1.81e-03    -  1.00e+00 3.12e-02h  6
2027  1.9880780e-04 9.89e-08 7.07e+01  -4.1 1.08e-03    -  1.00e+00 3.12e-02h  6
2028  1.9880697e-04 1.01e-07 7.07e+01  -4.1 1.95e-03    -  1.00e+00 3.12e-02h  6
2029  1.9880790e-04 9.78e-08 7.07e+01  -4.1 4.03e-04    -  1.00e+00 3.12e-02h  6
iter    objective    inf_pr   inf_du lg(mu)  ||d||  lg(rg) alpha_du alpha_pr  ls
2030  1.9880867e-04 9.63e-08 7.07e+01  -4.1 3.79e-04    -  1.00e+00 1.56e-02h  7
2031  1.9880868e-04 9.63e-08 7.07e+01  -4.1 4.68e-04    -  1.00e+00 2.44e-04h 13
2032  1.9880855e-04 9.54e-08 7.07e+01  -4.1 3.65e-03    -  1.00e+00 7.81e-03h  8
2033  1.9880864e-04 9.52e-08 7.07e+01  -4.1 4.30e-04    -  1.00e+00 1.95e-03h 10
2034  1.9881592e-04 9.15e-08 7.07e+01  -4.1 3.65e-03    -  1.00e+00 1.56e-02h  7
2035  1.9882294e-04 6.87e-08 7.07e+01  -4.1 1.26e-03    -  1.00e+00 1.25e-01h  4
2036  1.9882316e-04 4.82e-08 7.08e+01  -4.1 2.56e-04    -  1.00e+00 1.00e+00h  1
2037  1.9883243e-04 5.01e-08 7.07e+01  -4.1 6.57e-04    -  1.00e+00 2.50e-01h  3
2038  1.9882984e-04 5.20e-08 7.07e+01  -4.1 7.07e-03    -  1.00e+00 7.81e-03h  8
2039  1.9882926e-04 5.11e-08 7.07e+01  -4.1 9.96e-04    -  1.00e+00 3.12e-02h  6
iter    objective    inf_pr   inf_du lg(mu)  ||d||  lg(rg) alpha_du alpha_pr  ls
2040  1.9883186e-04 5.13e-08 7.07e+01  -4.1 7.08e-03    -  1.00e+00 3.12e-02h  6
2041  1.9885176e-04 5.50e-08 7.07e+01  -4.1 3.45e-03    -  1.00e+00 1.25e-01h  4
2042  1.9884928e-04 5.51e-08 7.07e+01  -4.1 7.28e-02    -  1.00e+00 4.88e-04h 12
2043  1.9882301e-04 4.24e-08 7.08e+01  -4.1 1.72e-03    -  1.00e+00 5.00e-01h  2
2044  1.9881500e-04 4.88e-08 7.08e+01  -4.1 8.38e-03    -  1.00e+00 6.25e-02h  5
2045  1.9884353e-04 1.36e-08 7.07e+01  -4.1 2.71e-04    -  1.00e+00 1.00e+00h  1
2046  1.9883017e-04 1.71e-08 7.06e+01  -4.1 2.06e-03    -  1.00e+00 2.50e-01h  3
2047  1.9884140e-04 1.32e-08 7.07e+01  -4.1 1.84e-03    -  1.00e+00 1.25e-01h  4
2048  1.9884205e-04 2.06e-08 7.07e+01  -4.1 5.88e-04    -  1.00e+00 1.00e+00h  1
2049  1.9883319e-04 2.05e-08 7.06e+01  -4.1 4.80e-02    -  1.00e+00 3.91e-03h  9
iter    objective    inf_pr   inf_du lg(mu)  ||d||  lg(rg) alpha_du alpha_pr  ls
2050  1.9883664e-04 1.24e-08 7.08e+01  -4.1 2.29e-04    -  1.00e+00 5.00e-01h  2
2051  1.9882993e-04 1.30e-09 7.07e+01  -4.1 1.76e-04    -  1.00e+00 1.00e+00h  1
2052  1.9883189e-04 1.29e-09 7.07e+01  -4.1 2.25e-04    -  1.00e+00 2.50e-01h  3
2053  1.9879395e-04 1.40e-07 7.04e+01  -4.1 1.00e-03    -  1.00e+00 1.00e+00h  1
2054  1.9876592e-04 1.37e-07 7.04e+01  -4.1 5.46e-03    -  1.00e+00 2.50e-01h  3
2055  1.9876438e-04 1.65e-07 7.08e+01  -4.1 1.18e-03    -  1.00e+00 5.00e-01h  2
2056  1.9879472e-04 1.03e-07 7.10e+01  -4.1 3.81e-04    -  1.00e+00 5.00e-01h  2
2057  1.9880503e-04 8.13e-08 7.05e+01  -4.1 1.45e-03    -  1.00e+00 2.50e-01h  3
2058  1.9881046e-04 6.76e-08 7.05e+01  -4.1 4.97e-04    -  1.00e+00 2.50e-01h  3
2059  1.9881003e-04 6.89e-08 7.05e+01  -4.1 1.06e-03    -  1.00e+00 2.50e-01h  3
iter    objective    inf_pr   inf_du lg(mu)  ||d||  lg(rg) alpha_du alpha_pr  ls
2060  1.9881009e-04 6.10e-08 7.05e+01  -4.1 8.46e-04    -  1.00e+00 1.25e-01h  4
2061  1.9881339e-04 5.62e-08 7.09e+01  -4.1 7.54e-04    -  1.00e+00 1.25e-01h  4
2062  1.9882855e-04 4.38e-09 7.09e+01  -4.1 1.49e-04    -  1.00e+00 1.00e+00h  1
2063  1.9880583e-04 4.19e-08 7.08e+01  -4.1 2.88e-04    -  1.00e+00 1.00e+00h  1
2064  1.9880530e-04 3.75e-08 7.08e+01  -4.1 4.64e-04    -  1.00e+00 2.50e-01h  3
2065  1.9881068e-04 3.63e-08 7.07e+01  -4.1 1.71e-03    -  1.00e+00 1.25e-01h  4
2066  1.9878274e-04 1.54e-07 7.06e+01  -4.1 4.91e-03    -  1.00e+00 6.25e-02h  5
2067  1.9879881e-04 1.38e-07 7.07e+01  -4.1 4.71e-04    -  1.00e+00 2.50e-01h  3
2068  1.9880320e-04 1.32e-07 7.07e+01  -4.1 8.06e-04    -  1.00e+00 1.25e-01h  4
2069  1.9880445e-04 1.28e-07 7.07e+01  -4.1 3.65e-04    -  1.00e+00 3.12e-02h  6
iter    objective    inf_pr   inf_du lg(mu)  ||d||  lg(rg) alpha_du alpha_pr  ls
2070  1.9879117e-04 1.38e-07 7.07e+01  -4.1 8.00e-03    -  1.00e+00 1.56e-02h  7
2071  1.9879862e-04 1.21e-07 7.08e+01  -4.1 2.19e-04    -  1.00e+00 1.25e-01h  4
2072  1.9880023e-04 1.19e-07 7.07e+01  -4.1 2.10e-03    -  1.00e+00 3.12e-02h  6
2073  1.9880024e-04 1.20e-07 7.07e+01  -4.1 8.87e-03    -  1.00e+00 3.91e-03h  9
2074  1.9880096e-04 1.19e-07 7.08e+01  -4.1 3.27e-03    -  1.00e+00 1.56e-02h  7
2075  1.9880429e-04 1.13e-07 7.08e+01  -4.1 1.43e-03    -  1.00e+00 6.25e-02h  5
2076  1.9880415e-04 1.12e-07 7.07e+01  -4.1 2.22e-03    -  1.00e+00 1.56e-02h  7
2077  1.9880489e-04 1.10e-07 7.07e+01  -4.1 9.91e-04    -  1.00e+00 1.56e-02h  7
2078  1.9880127e-04 1.13e-07 7.08e+01  -4.1 3.48e-02    -  1.00e+00 3.91e-03h  9
2079  1.9880343e-04 1.10e-07 7.08e+01  -4.1 4.24e-03    -  1.00e+00 3.12e-02h  6
iter    objective    inf_pr   inf_du lg(mu)  ||d||  lg(rg) alpha_du alpha_pr  ls
2080  1.9880285e-04 1.10e-07 7.07e+01  -4.1 2.71e-02    -  1.00e+00 1.95e-03h 10
2081  1.9880319e-04 1.10e-07 7.07e+01  -4.1 2.40e-03    -  1.00e+00 7.81e-03h  8
2082  1.9880180e-04 1.09e-07 7.08e+01  -4.1 4.94e-02    -  1.00e+00 3.91e-03h  9
2083  1.9880363e-04 1.06e-07 7.08e+01  -4.1 3.46e-03    -  1.00e+00 3.12e-02h  6
2084  1.9880437e-04 1.03e-07 7.08e+01  -4.1 3.03e-03    -  1.00e+00 3.12e-02h  6
2085  1.9880461e-04 1.03e-07 7.06e+01  -4.1 1.53e-02    -  1.00e+00 9.77e-04h 11
2086  1.9880495e-04 1.02e-07 7.06e+01  -4.1 2.36e-04    -  1.00e+00 7.81e-03h  8
2087  1.9881377e-04 8.91e-08 7.06e+01  -4.1 2.72e-03    -  1.00e+00 1.25e-01h  4
2088  1.9885408e-04 2.08e-08 7.10e+01  -4.1 4.11e-04    -  1.00e+00 1.00e+00h  1
2089  1.9885108e-04 3.05e-08 7.10e+01  -4.1 1.25e-03    -  1.00e+00 1.25e-01h  4
iter    objective    inf_pr   inf_du lg(mu)  ||d||  lg(rg) alpha_du alpha_pr  ls
2090  1.9872023e-04 1.33e-06 7.07e+01  -4.1 4.19e-02    -  1.00e+00 6.25e-02h  5
2091  1.9854073e-04 1.08e-06 7.06e+01  -4.1 9.81e-03    -  1.00e+00 2.50e-01h  3
2092  1.9857767e-04 1.06e-06 7.08e+01  -4.1 2.42e-02    -  1.00e+00 1.56e-02h  7
2093  1.9871939e-04 6.10e-07 7.04e+01  -4.1 3.72e-03    -  1.00e+00 5.00e-01h  2
2094  1.9873779e-04 3.40e-07 7.11e+01  -4.1 1.94e-03    -  1.00e+00 5.00e-01h  2
2095  1.9874174e-04 2.40e-07 7.11e+01  -4.1 3.44e-03    -  1.00e+00 2.50e-01h  3
2096  1.9875909e-04 1.70e-07 7.03e+01  -4.1 2.57e-03    -  1.00e+00 5.00e-01h  2
2097  1.9880485e-04 3.63e-08 7.11e+01  -4.1 5.99e-04    -  1.00e+00 1.00e+00h  1
2098  1.9878894e-04 6.23e-08 7.10e+01  -4.1 3.26e-03    -  1.00e+00 1.25e-01h  4
2099  1.9879057e-04 6.08e-08 7.10e+01  -4.1 1.02e-03    -  1.00e+00 1.25e-01h  4
iter    objective    inf_pr   inf_du lg(mu)  ||d||  lg(rg) alpha_du alpha_pr  ls
2100  1.9879276e-04 5.91e-08 7.04e+01  -4.1 4.62e-03    -  1.00e+00 3.12e-02h  6
2101  1.9880208e-04 4.96e-08 7.04e+01  -4.1 1.34e-03    -  1.00e+00 2.50e-01h  3
2102  1.9880113e-04 4.69e-08 7.11e+01  -4.1 7.25e-03    -  1.00e+00 6.25e-02h  5
2103  1.9880435e-04 3.55e-08 7.10e+01  -4.1 4.38e-04    -  1.00e+00 2.50e-01h  3
2104  1.9880325e-04 3.77e-08 7.10e+01  -4.1 7.03e-03    -  1.00e+00 3.12e-02h  6
2105  1.9879878e-04 1.58e-08 7.05e+01  -4.1 2.98e-04    -  1.00e+00 5.00e-01h  2
2106  1.9883024e-04 2.02e-08 7.04e+01  -4.1 2.11e-04    -  1.00e+00 1.00e+00h  1
2107  1.9882930e-04 2.06e-08 7.04e+01  -4.1 8.86e-03    -  1.00e+00 3.12e-02h  6
2108  1.9881512e-04 1.88e-08 7.09e+01  -4.1 7.09e-04    -  1.00e+00 2.50e-01h  3
2109  1.9885699e-04 1.16e-08 7.08e+01  -4.1 1.81e-04    -  1.00e+00 1.00e+00H  1
iter    objective    inf_pr   inf_du lg(mu)  ||d||  lg(rg) alpha_du alpha_pr  ls
2110  1.9885286e-04 1.18e-08 7.08e+01  -4.1 1.36e-01    -  1.00e+00 4.88e-04h 12
2111  1.9883380e-04 1.22e-08 7.08e+01  -4.1 4.59e-04    -  1.00e+00 1.25e-01h  4
2112  1.9883365e-04 1.33e-08 7.06e+01  -4.1 1.00e-03    -  1.00e+00 3.12e-02h  6
2113  1.9883329e-04 1.34e-08 7.06e+01  -4.1 8.86e-04    -  1.00e+00 1.56e-02h  7
2114  1.9882636e-04 1.23e-08 7.06e+01  -4.1 1.79e-03    -  1.00e+00 6.25e-02h  5
2115  1.9882664e-04 1.19e-08 7.06e+01  -4.1 1.01e-03    -  1.00e+00 3.12e-02h  6
2116  1.9882254e-04 1.27e-08 7.06e+01  -4.1 1.18e-02    -  1.00e+00 7.81e-03h  8
2117  1.9882238e-04 1.05e-08 7.08e+01  -4.1 4.06e-04    -  1.00e+00 1.25e-01h  4
2118  1.9882816e-04 1.15e-09 7.07e+01  -4.1 5.55e-05    -  1.00e+00 1.00e+00h  1
2119  1.9882901e-04 1.13e-09 7.07e+01  -4.1 1.75e-03    -  1.00e+00 7.81e-03h  8
iter    objective    inf_pr   inf_du lg(mu)  ||d||  lg(rg) alpha_du alpha_pr  ls
2120  1.9880601e-04 6.02e-09 7.08e+01  -4.1 2.23e-04    -  1.00e+00 1.00e+00h  1
2121  1.9881285e-04 5.89e-09 7.06e+01  -4.1 1.88e-03    -  1.00e+00 6.25e-02h  5
2122  1.9881087e-04 6.16e-09 7.06e+01  -4.1 1.44e-02    -  1.00e+00 7.81e-03h  8
2123  1.9882020e-04 2.89e-09 7.06e+01  -4.1 1.44e-04    -  1.00e+00 5.00e-01h  2
2124  1.9882032e-04 3.33e-09 7.06e+01  -4.1 1.16e-02    -  1.00e+00 3.91e-03h  9
2125  1.9882632e-04 3.40e-09 7.08e+01  -4.1 4.08e-04    -  1.00e+00 2.50e-01h  3
2126  1.9882717e-04 3.40e-09 7.06e+01  -4.1 1.62e-03    -  1.00e+00 1.56e-02h  7
2127  1.9882562e-04 3.56e-09 7.06e+01  -4.1 4.49e-03    -  1.00e+00 7.81e-03h  8
2128  1.9882557e-04 3.62e-09 7.06e+01  -4.1 1.72e-02    -  1.00e+00 1.95e-03h 10
2129  1.9882762e-04 3.18e-09 7.06e+01  -4.1 2.25e-04    -  1.00e+00 1.25e-01h  4
iter    objective    inf_pr   inf_du lg(mu)  ||d||  lg(rg) alpha_du alpha_pr  ls
2130  1.9882806e-04 2.82e-09 7.06e+01  -4.1 1.77e-04    -  1.00e+00 1.25e-01h  4
2131  1.9882516e-04 3.18e-09 7.06e+01  -4.1 1.30e-04    -  1.00e+00 2.50e-01h  3
2132  1.9882545e-04 3.15e-09 7.06e+01  -4.1 9.94e-04    -  1.00e+00 7.81e-03h  8
2133  1.9882545e-04 3.15e-09 7.08e+01  -4.1 2.35e-02    -  1.00e+00 2.98e-08h 26
2134  1.9883102e-04 5.62e-10 7.06e+01  -4.1 2.55e-05    -  1.00e+00 1.00e+00h  1
2135  1.9883127e-04 5.48e-10 7.08e+01  -4.1 6.35e-04    -  1.00e+00 7.81e-03h  8
2136  1.9883161e-04 5.21e-10 7.08e+01  -4.1 4.20e-04    -  1.00e+00 1.56e-02h  7
2137  1.9883024e-04 4.95e-10 7.06e+01  -4.1 3.06e-04    -  1.00e+00 6.25e-02h  5
2138  1.9883492e-04 3.50e-10 7.09e+01  -4.1 4.70e-05    -  1.00e+00 5.00e-01h  2
2139  1.9883331e-04 2.73e-10 7.09e+01  -4.1 5.95e-05    -  1.00e+00 2.50e-01h  3
iter    objective    inf_pr   inf_du lg(mu)  ||d||  lg(rg) alpha_du alpha_pr  ls
2140  1.9883334e-04 2.73e-10 7.09e+01  -4.1 3.02e-03    -  1.00e+00 9.77e-04h 11
2141  1.9883066e-04 2.77e-10 7.05e+01  -4.1 5.46e-05    -  1.00e+00 5.00e-01h  2
2142  1.9882953e-04 3.64e-10 7.09e+01  -4.1 8.03e-04    -  1.00e+00 6.25e-02h  5
2143  1.9883009e-04 3.58e-10 7.09e+01  -4.1 7.26e-04    -  1.00e+00 1.56e-02h  7
2144  1.9882997e-04 3.63e-10 7.09e+01  -4.1 1.74e-02    -  1.00e+00 4.88e-04h 12
2145  1.9883000e-04 3.62e-10 7.09e+01  -4.1 7.37e-04    -  1.00e+00 7.81e-03h  8
2146  1.9883007e-04 3.62e-10 7.09e+01  -4.1 9.50e-04    -  1.00e+00 1.95e-03h 10
2147  1.9883004e-04 3.63e-10 7.09e+01  -4.1 1.90e-02    -  1.00e+00 2.44e-04h 13
2148  1.9882984e-04 3.57e-10 7.09e+01  -4.1 1.47e-02    -  1.00e+00 4.88e-04h 12
2149  1.9882990e-04 3.57e-10 7.05e+01  -4.1 2.56e+00    -  5.10e-01 1.48e-08h 26
iter    objective    inf_pr   inf_du lg(mu)  ||d||  lg(rg) alpha_du alpha_pr  ls
2150  1.9882988e-04 3.46e-10 7.05e+01  -4.1 1.92e-04    -  1.00e+00 3.12e-02h  6
2151  1.9882987e-04 3.46e-10 7.05e+01  -4.1 8.19e-03    -  1.00e+00 4.88e-04h 12
2152  1.9882934e-04 1.26e-08 7.05e+01  -4.1 2.81e-02    -  1.00e+00 7.81e-03h  8
2153  1.9882941e-04 1.28e-08 7.05e+01  -4.1 5.79e-03    -  1.00e+00 7.81e-03h  8
2154  1.9882952e-04 1.27e-08 7.05e+01  -4.1 2.31e-03    -  1.00e+00 7.81e-03h  8
2155  1.9882969e-04 1.26e-08 7.05e+01  -4.1 2.19e-04  -2.8 1.00e+00 7.81e-03h  8
2156  1.9882980e-04 1.24e-08 7.05e+01  -4.1 1.60e-04    -  1.00e+00 1.56e-02h  7
2157  1.9882976e-04 1.24e-08 7.09e+01  -4.1 9.35e-01    -  1.00e+00 2.98e-08h 26
2158  1.9882983e-04 1.24e-08 7.09e+01  -4.1 2.78e-03    -  1.00e+00 1.95e-03h 10
2159  1.9882927e-04 2.09e-08 7.09e+01  -4.1 6.85e-03    -  1.00e+00 6.25e-02h  5
iter    objective    inf_pr   inf_du lg(mu)  ||d||  lg(rg) alpha_du alpha_pr  ls
2160  1.9882872e-04 2.71e-08 7.05e+01  -4.1 1.75e-02    -  1.00e+00 1.56e-02h  7
2161  1.9882808e-04 2.69e-08 7.05e+01  -4.1 2.33e-02    -  1.00e+00 7.81e-03h  8
2162  1.9882885e-04 2.54e-08 7.05e+01  -4.1 6.28e-04    -  1.00e+00 6.25e-02h  5
2163  1.9882885e-04 2.54e-08 7.05e+01  -4.1 1.42e-02    -  1.00e+00 9.77e-04h 11
2164  1.9882867e-04 2.54e-08 7.09e+01  -4.1 1.71e-02    -  1.00e+00 3.91e-03h  9
2165  1.9882793e-04 2.55e-08 7.05e+01  -4.1 2.63e-02    -  1.00e+00 3.91e-03h  9
2166  1.9882845e-04 2.52e-08 7.05e+01  -4.1 2.27e-03    -  1.00e+00 1.56e-02h  7
2167  1.9882795e-04 5.08e-08 7.05e+01  -4.1 4.11e-03    -  1.00e+00 6.25e-02h  5
2168  1.9882668e-04 7.06e-08 7.05e+01  -4.1 3.03e-02    -  1.00e+00 7.81e-03h  8
2169  1.9882657e-04 7.04e-08 7.09e+01  -4.1 2.97e-02    -  1.00e+00 1.95e-03h 10
iter    objective    inf_pr   inf_du lg(mu)  ||d||  lg(rg) alpha_du alpha_pr  ls
2170  1.9882645e-04 7.07e-08 7.05e+01  -4.1 1.72e-02    -  1.00e+00 3.91e-03h  9
2171  1.9882616e-04 7.45e-08 7.09e+01  -4.1 2.75e-02    -  1.00e+00 7.81e-03h  8
2172  1.9882518e-04 7.45e-08 7.05e+01  -4.1 7.22e-03    -  1.00e+00 9.54e-07h 21
2173  1.9880871e-04 1.01e-08 7.07e+01  -4.1 5.24e-05    -  1.00e+00 1.00e+00h  1
2174  1.9882218e-04 7.58e-09 7.08e+01  -4.1 2.72e-04    -  1.00e+00 1.25e-01h  4
2175  1.9882740e-04 6.56e-09 7.07e+01  -4.1 3.49e-04    -  1.00e+00 6.25e-02h  5
2176  1.9882935e-04 6.09e-09 7.07e+01  -4.1 2.38e-04    -  1.00e+00 3.12e-02h  6
2177  1.9882978e-04 5.98e-09 7.07e+01  -4.1 2.11e-04    -  1.00e+00 7.81e-03h  8
2178  1.9882988e-04 5.95e-09 7.07e+01  -4.1 2.04e-04    -  1.00e+00 1.95e-03h 10
2179  2.0699268e-04 5.88e-09 7.11e+01  -4.1 6.14e-03    -  1.00e+00 3.91e-03h  9
iter    objective    inf_pr   inf_du lg(mu)  ||d||  lg(rg) alpha_du alpha_pr  ls
2180  2.0289611e-04 4.34e-10 7.08e+01  -4.1 2.82e-05    -  1.00e+00 1.00e+00H  1
2181  2.0011827e-04 5.05e-10 7.08e+01  -4.1 1.60e-02    -  1.00e+00 1.95e-03f 10
2182  2.0023722e-04 1.95e-09 7.08e+01  -4.1 6.98e-05    -  1.00e+00 1.00e+00H  1
2183  1.9879180e-04 1.71e-07 7.05e+01  -4.1 4.54e-04    -  1.00e+00 1.00e+00h  1
2184  1.9872727e-04 1.71e-07 7.09e+01  -4.1 2.88e-02    -  1.00e+00 1.53e-05h 17
2185  1.9881542e-04 6.04e-08 7.08e+01  -4.1 2.71e-04    -  1.00e+00 1.00e+00h  1
2186  1.9894451e-04 3.18e-08 7.03e+01  -4.1 2.00e-04    -  1.00e+00 1.00e+00h  1
2187  1.9882155e-04 2.06e-08 7.04e+01  -4.1 1.57e-04    -  1.00e+00 1.00e+00h  1
2188  1.9879901e-04 1.63e-08 7.10e+01  -4.1 5.89e-04    -  1.00e+00 1.25e-01h  4
2189  1.9879476e-04 2.36e-08 7.10e+01  -4.1 2.30e-03    -  1.00e+00 6.25e-02h  5
iter    objective    inf_pr   inf_du lg(mu)  ||d||  lg(rg) alpha_du alpha_pr  ls
2190  1.9879018e-04 3.99e-08 7.04e+01  -4.1 7.84e-04    -  1.00e+00 2.50e-01h  3
2191  1.9877948e-04 8.77e-08 7.04e+01  -4.1 2.63e-02    -  1.00e+00 7.81e-03h  8
2192  1.9879102e-04 4.54e-08 7.04e+01  -4.1 2.05e-04    -  1.00e+00 5.00e-01h  2
2193  1.9878965e-04 4.51e-08 7.04e+01  -4.1 1.39e-02    -  1.00e+00 7.81e-03h  8
2194  1.9878268e-04 4.80e-08 7.04e+01  -4.1 5.78e-03    -  1.00e+00 1.56e-02h  7
2195  1.9884495e-04 2.26e-08 7.10e+01  -4.1 2.09e-04    -  1.00e+00 5.00e-01h  2
2196  1.9884053e-04 1.80e-08 7.10e+01  -4.1 1.99e-04    -  1.00e+00 5.00e-01h  2
2197  1.9882257e-04 1.52e-08 7.04e+01  -4.1 3.56e-04    -  1.00e+00 2.50e-01h  3
2198  1.9877524e-04 9.70e-08 7.07e+01  -4.1 3.34e-04    -  1.00e+00 1.00e+00h  1
2199  1.9878038e-04 9.08e-08 7.07e+01  -4.1 2.94e-04    -  1.00e+00 6.25e-02h  5
iter    objective    inf_pr   inf_du lg(mu)  ||d||  lg(rg) alpha_du alpha_pr  ls
2200  1.9876359e-04 1.02e-07 7.08e+01  -4.1 2.11e-03    -  1.00e+00 6.25e-02h  5
2201  1.9877495e-04 8.84e-08 7.06e+01  -4.1 5.00e-04    -  1.00e+00 1.25e-01h  4
2202  1.9865210e-04 1.10e-05 7.07e+01  -4.1 4.96e-03    -  1.00e+00 1.00e+00h  1
2203  1.9872930e-04 1.05e-05 7.07e+01  -4.1 2.63e-02    -  1.00e+00 3.12e-02h  6
2204  1.9872329e-04 1.02e-05 7.07e+01  -4.1 6.04e-02    -  1.00e+00 1.56e-02h  7
2205  1.9872170e-04 1.01e-05 7.07e+01  -4.1 1.77e-02    -  1.00e+00 6.25e-02h  5
2206  1.9864359e-04 8.82e-06 7.09e+01  -4.1 5.94e-03    -  1.00e+00 2.50e-01h  3
2207  1.9871245e-04 7.51e-06 7.09e+01  -4.1 4.89e-03    -  1.00e+00 1.25e-01h  4
2208  1.9873239e-04 7.51e-06 7.05e+01  -4.1 1.03e+00    -  9.35e-01 1.41e-05h 17
2209  1.9862521e-04 6.95e-06 7.05e+01  -4.1 2.56e-01    -  1.00e+00 7.81e-03h  8
iter    objective    inf_pr   inf_du lg(mu)  ||d||  lg(rg) alpha_du alpha_pr  ls
2210  1.9858493e-04 6.97e-06 7.05e+01  -4.1 1.21e-02    -  1.00e+00 1.25e-01h  4
2211  1.9910373e-04 5.45e-06 7.02e+01  -4.1 4.13e-03    -  1.00e+00 1.00e+00H  1
2212  1.9897471e-04 5.28e-06 7.02e+01  -4.1 2.54e-02    -  1.00e+00 6.25e-02h  5
2213  1.9856718e-04 1.55e-05 7.13e+01  -4.1 4.47e-03    -  1.00e+00 1.00e+00h  1
2214  1.9844215e-04 1.56e-05 7.13e+01  -4.1 2.10e-02    -  1.00e+00 2.50e-01h  3
2215  1.9840918e-04 1.55e-05 7.13e+01  -4.1 2.75e-01    -  1.00e+00 1.95e-03h 10
2216  1.9856190e-04 1.47e-05 7.01e+01  -4.1 2.07e-02    -  1.00e+00 1.25e-01h  4
2217  1.9799949e-04 7.16e-05 7.13e+01  -4.1 1.22e-02    -  1.00e+00 1.00e+00h  1
2218  1.9756876e-04 6.35e-05 7.13e+01  -4.1 3.26e-02    -  1.00e+00 2.50e-01h  3
2219  1.9683134e-04 4.44e-05 7.02e+01  -4.1 2.72e-01    -  1.00e+00 3.12e-02h  6
iter    objective    inf_pr   inf_du lg(mu)  ||d||  lg(rg) alpha_du alpha_pr  ls
2220  1.9733474e-04 4.65e-05 7.13e+01  -4.1 2.14e-01    -  1.00e+00 1.56e-02h  7
2221  1.9665851e-04 4.05e-05 7.13e+01  -4.1 1.18e-02    -  1.00e+00 5.00e-01h  2
2222  1.9786154e-04 2.28e-05 7.02e+01  -4.1 4.40e-03    -  1.00e+00 1.00e+00h  1
2223  1.9813617e-04 1.87e-05 7.13e+01  -4.1 1.62e-02    -  1.00e+00 1.25e-01h  4
2224  1.9774756e-04 1.52e-05 7.13e+01  -4.1 1.81e-02    -  1.00e+00 1.25e-01h  4
2225  1.9822948e-04 5.59e-06 7.13e+01  -4.1 2.80e-03    -  1.00e+00 1.00e+00h  1
2226  1.9831794e-04 5.38e-06 7.02e+01  -4.1 2.22e-02    -  1.00e+00 3.12e-02h  6
2227  1.9831748e-04 4.93e-06 7.02e+01  -4.1 2.52e-02    -  1.00e+00 3.12e-02h  6
2228  1.9896257e-04 3.17e-06 7.02e+01  -4.1 3.31e-03    -  1.00e+00 1.00e+00H  1
2229  1.9882461e-04 4.28e-06 7.12e+01  -4.1 4.52e-03    -  1.00e+00 1.00e+00h  1
iter    objective    inf_pr   inf_du lg(mu)  ||d||  lg(rg) alpha_du alpha_pr  ls
2230  1.9835503e-04 3.92e-06 7.02e+01  -4.1 3.39e-03    -  1.00e+00 1.00e+00h  1
2231  1.9843625e-04 3.17e-06 7.02e+01  -4.1 9.32e-03    -  1.00e+00 1.25e-01h  4
2232  1.9881032e-04 1.46e-06 7.12e+01  -4.1 1.20e-03    -  1.00e+00 1.00e+00h  1
2233  1.9880390e-04 1.45e-06 7.12e+01  -4.1 5.75e-03    -  1.00e+00 1.25e-01h  4
2234  1.9875622e-04 1.40e-06 7.02e+01  -4.1 1.23e-02    -  1.00e+00 1.25e-01h  4
2235  1.9880542e-04 3.71e-07 7.12e+01  -4.1 1.08e-03    -  1.00e+00 1.00e+00h  1
2236  1.9876998e-04 4.11e-07 7.03e+01  -4.1 8.33e-04    -  1.00e+00 1.00e+00h  1
2237  1.9879882e-04 1.64e-07 7.11e+01  -4.1 9.64e-04    -  1.00e+00 1.00e+00h  1
2238  1.9874905e-04 3.35e-06 7.11e+01  -4.1 4.47e-03    -  1.00e+00 5.00e-01h  2
2239  1.9870257e-04 3.15e-06 7.11e+01  -4.1 1.81e-02    -  1.00e+00 6.25e-02h  5
iter    objective    inf_pr   inf_du lg(mu)  ||d||  lg(rg) alpha_du alpha_pr  ls
2240  1.9850022e-04 1.85e-06 7.12e+01  -4.1 2.27e-03    -  1.00e+00 5.00e-01h  2
2241  1.9842257e-04 2.11e-06 7.12e+01  -4.1 1.66e-02    -  1.00e+00 6.25e-02h  5
2242  1.9837257e-04 2.10e-06 7.02e+01  -4.1 1.45e-02    -  1.00e+00 6.25e-02h  5
2243  1.9870610e-04 1.44e-06 7.12e+01  -4.1 1.08e-02    -  1.00e+00 2.50e-01h  3
2244  1.9871317e-04 1.06e-06 7.12e+01  -4.1 3.68e-03    -  1.00e+00 2.50e-01h  3
2245  1.9842793e-04 2.13e-06 7.02e+01  -4.1 1.46e-01    -  1.00e+00 1.56e-02h  7
2246  1.9854131e-04 1.43e-06 7.12e+01  -4.1 2.14e-03    -  1.00e+00 5.00e-01h  2
2247  1.9870714e-04 3.05e-07 7.02e+01  -4.1 5.05e-04    -  1.00e+00 1.00e+00h  1
2248  1.9880617e-04 2.38e-07 7.12e+01  -4.1 5.74e-04    -  1.00e+00 1.00e+00h  1
2249  1.9880429e-04 2.34e-07 7.12e+01  -4.1 8.04e-03    -  1.00e+00 1.56e-02h  7
iter    objective    inf_pr   inf_du lg(mu)  ||d||  lg(rg) alpha_du alpha_pr  ls
2250  1.9879063e-04 2.36e-07 7.12e+01  -4.1 1.70e-01    -  1.00e+00 3.91e-03h  9
2251  1.9875427e-04 1.24e-07 7.03e+01  -4.1 3.62e-04    -  1.00e+00 1.00e+00h  1
2252  1.9875398e-04 1.11e-07 7.11e+01  -4.1 2.15e-02    -  1.00e+00 7.81e-03h  8
2253  1.9874944e-04 1.17e-07 7.03e+01  -4.1 2.14e-03    -  1.00e+00 1.25e-01h  4
2254  1.9887222e-04 9.94e-08 7.04e+01  -4.1 8.89e-04    -  1.00e+00 1.00e+00H  1
2255  1.9884412e-04 3.84e-08 7.10e+01  -4.1 6.81e-03    -  1.00e+00 6.25e-02h  5
2256  1.9861535e-04 8.69e-07 7.00e+01  -4.1 8.69e-04    -  1.00e+00 1.00e+00h  1
2257  1.9866716e-04 4.24e-07 7.02e+01  -4.1 6.22e-04    -  1.00e+00 1.00e+00h  1
2258  1.9858243e-04 6.88e-07 7.12e+01  -4.1 1.67e-03    -  1.00e+00 5.00e-01h  2
2259  1.9858046e-04 5.12e-07 7.12e+01  -4.1 2.54e-03    -  1.00e+00 2.50e-01h  3
iter    objective    inf_pr   inf_du lg(mu)  ||d||  lg(rg) alpha_du alpha_pr  ls
2260  1.9858083e-04 5.08e-07 7.02e+01  -4.1 1.66e-02    -  1.00e+00 7.81e-03h  8
2261  1.9867433e-04 2.82e-07 7.12e+01  -4.1 8.94e-04    -  1.00e+00 5.00e-01h  2
2262  1.9862988e-04 4.21e-07 7.12e+01  -4.1 1.76e-02    -  1.00e+00 3.12e-02h  6
2263  1.9874600e-04 2.12e-07 7.12e+01  -4.1 7.34e-04    -  1.00e+00 1.00e+00h  1
2264  1.9866581e-04 4.58e-07 7.11e+01  -4.1 8.04e-04    -  1.00e+00 1.00e+00h  1
2265  1.9876845e-04 1.05e-07 7.03e+01  -4.1 3.46e-04    -  1.00e+00 1.00e+00h  1
2266  1.9870527e-04 1.97e-07 7.03e+01  -4.1 2.46e-01    -  1.00e+00 1.95e-03h 10
2267  1.9876246e-04 1.16e-07 7.12e+01  -4.1 3.43e-04    -  1.00e+00 1.00e+00h  1
2268  1.9877128e-04 7.10e-08 7.11e+01  -4.1 2.84e-04    -  1.00e+00 5.00e-01h  2
2269  1.9882195e-04 3.55e-08 7.03e+01  -4.1 1.73e-04    -  1.00e+00 1.00e+00h  1
iter    objective    inf_pr   inf_du lg(mu)  ||d||  lg(rg) alpha_du alpha_pr  ls
2270  1.9883305e-04 7.31e-09 7.10e+01  -4.1 9.48e-05    -  1.00e+00 1.00e+00h  1
2271  1.9874622e-04 4.71e-08 7.07e+01  -4.1 3.57e-04    -  1.00e+00 1.00e+00h  1
2272  1.9874584e-04 4.36e-08 7.07e+01  -4.1 3.19e-03    -  1.00e+00 6.25e-02h  5
2273  1.9876890e-04 6.06e-08 7.05e+01  -4.1 4.81e-04    -  1.00e+00 5.00e-01h  2
2274  1.9876898e-04 6.05e-08 7.09e+01  -4.1 2.76e-02    -  1.00e+00 4.88e-04h 12
2275  1.9879488e-04 2.70e-08 7.10e+01  -4.1 1.96e-04    -  1.00e+00 5.00e-01h  2
2276  1.9879326e-04 3.18e-08 7.04e+01  -4.1 4.64e-02    -  1.00e+00 3.91e-03h  9
2277  1.9879195e-04 3.81e-08 7.04e+01  -4.1 6.12e-02    -  1.00e+00 3.91e-03h  9
2278  1.9881876e-04 2.36e-08 7.10e+01  -4.1 1.56e-04    -  1.00e+00 1.00e+00h  1
2279  1.9880042e-04 1.21e-08 7.08e+01  -4.1 1.22e-04    -  1.00e+00 1.00e+00h  1
iter    objective    inf_pr   inf_du lg(mu)  ||d||  lg(rg) alpha_du alpha_pr  ls
2280  1.9880717e-04 1.28e-08 7.08e+01  -4.1 1.36e-03    -  1.00e+00 1.25e-01h  4
2281  1.9881391e-04 1.31e-08 7.06e+01  -4.1 1.82e-03    -  1.00e+00 6.25e-02h  5
2282  1.9880548e-04 1.33e-08 7.06e+01  -4.1 6.70e-03    -  1.00e+00 3.12e-02h  6
2283  1.9880548e-04 1.31e-08 7.06e+01  -4.1 5.11e-03    -  1.00e+00 7.81e-03h  8
2284  1.9881430e-04 9.24e-09 7.06e+01  -4.1 3.77e-04    -  1.00e+00 2.50e-01h  3
2285  1.9881816e-04 1.05e-08 7.06e+01  -4.1 5.03e-04    -  1.00e+00 1.25e-01h  4
2286  1.9881428e-04 1.02e-08 7.06e+01  -4.1 8.14e-04    -  1.00e+00 6.25e-02h  5
2287  1.9882949e-04 7.87e-09 7.08e+01  -4.1 1.71e-04    -  1.00e+00 5.00e-01h  2
2288  1.9882345e-04 8.47e-09 7.08e+01  -4.1 1.69e-04    -  1.00e+00 5.00e-01h  2
2289  1.9882285e-04 8.77e-09 7.08e+01  -4.1 2.51e-03    -  1.00e+00 1.56e-02h  7
iter    objective    inf_pr   inf_du lg(mu)  ||d||  lg(rg) alpha_du alpha_pr  ls
2290  1.9882138e-04 9.45e-09 7.06e+01  -4.1 6.72e-04    -  1.00e+00 6.25e-02h  5
2291  1.9882939e-04 4.98e-09 7.07e+01  -4.1 9.75e-05    -  1.00e+00 1.00e+00h  1
2292  1.9882127e-04 9.97e-09 7.07e+01  -4.1 8.31e-04    -  1.00e+00 1.25e-01h  4
2293  1.9882595e-04 8.27e-09 7.07e+01  -4.1 1.88e-04    -  1.00e+00 2.50e-01h  3
2294  1.9882571e-04 9.36e-09 7.07e+01  -4.1 1.13e-02    -  1.00e+00 3.91e-03h  9
2295  1.9882482e-04 9.84e-09 7.07e+01  -4.1 8.28e-03    -  1.00e+00 7.81e-03h  8
2296  1.9882815e-04 7.70e-09 7.07e+01  -4.1 9.71e-04    -  1.00e+00 6.25e-02h  5
2297  1.9882890e-04 4.85e-09 7.07e+01  -4.1 1.62e-04    -  1.00e+00 2.50e-01h  3
2298  1.9882505e-04 6.80e-09 7.07e+01  -4.1 1.94e-03    -  1.00e+00 3.12e-02h  6
2299  1.9882473e-04 8.33e-09 7.07e+01  -4.1 1.84e-02    -  1.00e+00 3.91e-03h  9
iter    objective    inf_pr   inf_du lg(mu)  ||d||  lg(rg) alpha_du alpha_pr  ls
2300  1.9882486e-04 8.15e-09 7.07e+01  -4.1 1.16e-03    -  1.00e+00 1.56e-02h  7
2301  1.9882416e-04 8.12e-09 7.07e+01  -4.1 6.22e-04    -  1.00e+00 3.12e-02h  6
2302  1.9882517e-04 5.65e-09 7.07e+01  -4.1 2.92e-04    -  1.00e+00 2.50e-01h  3
2303  1.9882534e-04 4.34e-09 7.08e+01  -4.1 1.11e-04    -  1.00e+00 5.00e-01h  2
2304  1.9882525e-04 4.30e-09 7.08e+01  -4.1 8.97e-03    -  1.00e+00 3.91e-03h  9
2305  1.9882477e-04 3.93e-09 7.07e+01  -4.1 5.31e-03    -  1.00e+00 7.81e-03h  8
2306  1.9881879e-04 3.42e-09 7.08e+01  -4.1 8.64e-05    -  1.00e+00 1.00e+00h  1
2307  1.9882684e-04 2.98e-09 7.08e+01  -4.1 3.01e-04    -  1.00e+00 2.50e-01h  3
2308  1.9882674e-04 3.16e-09 7.08e+01  -4.1 1.02e-02    -  1.00e+00 3.91e-03h  9
2309  1.9882681e-04 3.16e-09 7.08e+01  -4.1 1.19e-03    -  1.00e+00 3.91e-03h  9
iter    objective    inf_pr   inf_du lg(mu)  ||d||  lg(rg) alpha_du alpha_pr  ls
2310  1.9882658e-04 3.20e-09 7.08e+01  -4.1 2.25e-02    -  1.00e+00 4.88e-04h 12
2311  1.9882496e-04 2.76e-09 7.06e+01  -4.1 5.49e-04    -  1.00e+00 2.50e-01h  3
2312  1.9882495e-04 2.78e-09 7.06e+01  -4.1 1.39e-02    -  1.00e+00 9.77e-04h 11
2313  1.9882292e-04 2.45e-09 7.06e+01  -4.1 2.64e-04    -  1.00e+00 1.25e-01h  4
2314  1.9882349e-04 2.44e-09 7.06e+01  -4.1 7.50e-04    -  1.00e+00 3.12e-02h  6
2315  1.9882362e-04 2.42e-09 7.06e+01  -4.1 9.05e-04    -  1.00e+00 1.56e-02h  7
2316  1.9882267e-04 2.84e-09 7.08e+01  -4.1 1.64e-03    -  1.00e+00 3.12e-02h  6
2317  1.9882281e-04 2.84e-09 7.08e+01  -4.1 2.09e-03    -  1.00e+00 3.91e-03h  9
2318  1.9882237e-04 2.85e-09 7.06e+01  -4.1 2.35e-03    -  1.00e+00 7.81e-03h  8
2319  1.9882257e-04 2.72e-09 7.06e+01  -4.1 3.48e-04    -  1.00e+00 6.25e-02h  5
iter    objective    inf_pr   inf_du lg(mu)  ||d||  lg(rg) alpha_du alpha_pr  ls
2320  1.9882248e-04 2.72e-09 7.08e+01  -4.1 2.25e-02    -  1.00e+00 9.77e-04h 11
2321  1.9882249e-04 2.72e-09 7.08e+01  -4.1 1.10e-02    -  1.00e+00 4.88e-04h 12
2322  1.9882286e-04 2.66e-09 7.08e+01  -4.1 5.06e-04    -  1.00e+00 1.56e-02h  7
2323  1.9884244e-04 2.45e-09 7.09e+01  -4.1 1.21e-04    -  1.00e+00 1.00e+00H  1
2324  1.9884221e-04 1.56e-09 7.09e+01  -4.1 3.15e-02    -  1.00e+00 1.95e-03h 10
2325  1.9883788e-04 1.77e-09 7.09e+01  -4.1 2.66e-02    -  1.00e+00 1.95e-03h 10
2326  1.9884170e-04 1.77e-09 7.06e+01  -4.1 3.72e-02    -  1.00e+00 1.91e-06h 20
2327  1.9882597e-04 1.43e-09 7.05e+01  -4.1 1.44e-04    -  1.00e+00 1.00e+00H  1
2328  1.9882758e-04 2.07e-09 7.05e+01  -4.1 1.81e-03    -  1.00e+00 3.12e-02h  6
2329  1.9882473e-04 3.98e-09 7.10e+01  -4.1 9.95e-04    -  1.00e+00 1.25e-01h  4
iter    objective    inf_pr   inf_du lg(mu)  ||d||  lg(rg) alpha_du alpha_pr  ls
2330  1.9882400e-04 3.60e-09 7.10e+01  -4.1 4.25e-04    -  1.00e+00 1.25e-01h  4
2331  1.9882541e-04 3.32e-09 7.10e+01  -4.1 2.17e-03    -  1.00e+00 3.12e-02h  6
2332  1.9882480e-04 3.11e-09 7.10e+01  -4.1 6.35e-04    -  1.00e+00 6.25e-02h  5
2333  1.9881927e-04 3.09e-09 7.10e+01  -4.1 6.77e-02    -  1.00e+00 4.88e-04h 12
2334  1.9881793e-04 3.09e-09 7.04e+01  -4.1 4.76e-02    -  1.00e+00 1.22e-04h 14
2335  1.9881916e-04 2.87e-09 7.04e+01  -4.1 2.96e-03    -  1.00e+00 1.56e-02h  7
2336  1.9881900e-04 2.85e-09 7.04e+01  -4.1 5.75e-02    -  1.00e+00 2.44e-04h 13
2337  1.9881887e-04 2.72e-09 7.04e+01  -4.1 3.95e-03    -  1.00e+00 7.81e-03h  8
2338  1.9881911e-04 2.70e-09 7.04e+01  -4.1 2.27e-03    -  1.00e+00 3.91e-03h  9
2339  1.9881912e-04 2.70e-09 7.04e+01  -4.1 3.05e-03    -  1.00e+00 9.77e-04h 11
iter    objective    inf_pr   inf_du lg(mu)  ||d||  lg(rg) alpha_du alpha_pr  ls
2340  1.9881895e-04 2.37e-09 7.10e+01  -4.1 3.02e-03    -  1.00e+00 7.81e-03h  8
2341  1.9881896e-04 2.36e-09 7.10e+01  -4.1 7.82e-03    -  1.00e+00 4.88e-04h 12
2342  1.9881779e-04 3.11e-08 7.04e+01  -4.1 3.41e-02    -  1.00e+00 7.81e-03h  8
2343  1.9881792e-04 3.10e-08 7.04e+01  -4.1 2.26e-03    -  1.00e+00 1.95e-03h 10
2344  1.9881725e-04 7.30e-08 7.04e+01  -4.1 1.68e-02    -  1.00e+00 1.56e-02h  7
2345  1.9881760e-04 7.25e-08 7.04e+01  -4.1 2.04e-03    -  1.00e+00 7.81e-03h  8
2346  1.9881778e-04 7.22e-08 7.04e+01  -4.1 1.23e-03    -  1.00e+00 3.91e-03h  9
2347  1.9881775e-04 7.21e-08 7.10e+01  -4.1 9.36e-02    -  1.00e+00 1.22e-04h 14
2348  1.9881779e-04 7.21e-08 7.10e+01  -4.1 7.03e-03    -  1.00e+00 9.77e-04h 11
2349  1.9881781e-04 7.20e-08 7.10e+01  -4.1 7.90e-03    -  1.00e+00 4.88e-04h 12
iter    objective    inf_pr   inf_du lg(mu)  ||d||  lg(rg) alpha_du alpha_pr  ls
2350  1.9881707e-04 8.83e-08 7.10e+01  -4.1 2.11e-02    -  1.00e+00 7.81e-03h  8
2351  1.9881720e-04 8.82e-08 7.10e+01  -4.1 3.61e-03    -  1.00e+00 1.95e-03h 10
2352  1.9881673e-04 9.25e-08 7.04e+01  -4.1 1.83e-02    -  1.00e+00 1.56e-02h  7
2353  1.9881690e-04 9.22e-08 7.04e+01  -4.1 6.49e-04    -  1.00e+00 3.91e-03h  9
2354  1.9881699e-04 9.19e-08 7.04e+01  -4.1 8.26e-03    -  1.00e+00 3.91e-03h  9
2355  1.9881705e-04 9.18e-08 7.04e+01  -4.1 3.00e-03    -  1.00e+00 9.77e-04h 11
2356  1.9881637e-04 9.01e-08 7.10e+01  -4.1 4.64e-02    -  1.00e+00 3.91e-03h  9
2357  1.9881626e-04 8.97e-08 7.04e+01  -4.1 3.59e-02    -  1.00e+00 1.95e-03h 10
2358  1.9881622e-04 8.95e-08 7.10e+01  -4.1 1.53e-02    -  1.00e+00 1.95e-03h 10
2359  1.9881621e-04 8.95e-08 7.04e+01  -4.1 6.50e-03    -  1.00e+00 2.98e-08h 26
iter    objective    inf_pr   inf_du lg(mu)  ||d||  lg(rg) alpha_du alpha_pr  ls
2360  1.9880350e-04 8.49e-09 6.69e+01  -4.1 3.81e-05    -  1.00e+00 1.00e+00h  1
2361  1.9880081e-04 4.70e-09 7.11e+01  -4.1 8.20e-06    -  1.00e+00 1.00e+00h  1
2362  1.9881714e-04 5.13e-09 7.11e+01  -4.1 3.87e-04    -  1.00e+00 1.25e-01h  4
2363  1.9881759e-04 5.11e-09 7.11e+01  -4.1 3.79e-04    -  1.00e+00 3.91e-03h  9
2364  1.9881781e-04 5.10e-09 7.11e+01  -4.1 3.75e-04    -  1.00e+00 1.95e-03h 10
2365  1.9881787e-04 5.10e-09 7.11e+01  -4.1 3.73e-04    -  1.00e+00 4.88e-04h 12
2366  1.9881764e-04 5.10e-09 7.04e+01  -4.1 6.12e-03    -  1.00e+00 2.38e-07h 23
2367  1.9882113e-04 2.68e-09 6.94e+01  -4.1 1.05e-05    -  1.00e+00 1.00e+00h  1
2368  1.9887181e-04 1.49e-08 7.17e+01  -4.1 4.90e-04    -  1.00e+00 2.50e-01h  3
2369  1.9884508e-04 1.18e-10 7.11e+01  -4.1 6.44e-05    -  1.00e+00 1.00e+00H  1
iter    objective    inf_pr   inf_du lg(mu)  ||d||  lg(rg) alpha_du alpha_pr  ls
2370  1.9882470e-04 2.36e-09 7.03e+01  -4.1 5.09e-05    -  1.00e+00 1.00e+00h  1
2371  1.9883014e-04 2.56e-10 7.12e+01  -4.1 1.58e-05    -  1.00e+00 1.00e+00h  1
2372  1.9882800e-04 5.53e-11 7.12e+01  -4.1 3.88e-06    -  1.00e+00 1.00e+00h  1
2373  1.9882772e-04 5.61e-11 7.02e+01  -4.1 3.06e-05    -  1.00e+00 3.12e-02h  6
2374  1.9884228e-04 1.50e-09 7.02e+01  -4.1 2.09e-04    -  1.00e+00 2.50e-01h  3
2375  1.9884213e-04 1.43e-09 7.02e+01  -4.1 7.59e-03    -  1.00e+00 1.95e-03h 10
2376  1.9884211e-04 1.38e-09 7.12e+01  -4.1 1.28e-03    -  1.00e+00 7.81e-03h  8
2377  1.9884185e-04 1.38e-09 7.12e+01  -4.1 7.48e-03    -  1.00e+00 1.95e-03h 10
2378  1.9883991e-04 1.25e-09 7.12e+01  -4.1 1.72e-02    -  1.00e+00 1.95e-03h 10
2379  1.9883984e-04 1.25e-09 7.12e+01  -4.1 3.81e-03    -  1.00e+00 1.95e-03h 10
iter    objective    inf_pr   inf_du lg(mu)  ||d||  lg(rg) alpha_du alpha_pr  ls
2380  1.9883947e-04 1.24e-09 7.12e+01  -4.1 7.10e-04    -  1.00e+00 3.12e-02h  6
2381  1.9883845e-04 1.06e-09 7.02e+01  -4.1 6.16e-02    -  1.00e+00 4.88e-04h 12
2382  1.9883636e-04 6.76e-09 7.12e+01  -4.1 7.56e-04    -  1.00e+00 1.00e+00h  1
2383  1.9883300e-04 2.54e-07 7.12e+01  -4.1 7.76e-02    -  1.00e+00 7.81e-03h  8
2384  1.9882445e-04 4.88e-07 7.12e+01  -4.1 4.50e-02    -  1.00e+00 1.56e-02h  7
2385  1.9883136e-04 4.72e-07 7.12e+01  -4.1 5.44e-03    -  1.00e+00 6.25e-02h  5
2386  1.9883288e-04 4.57e-07 7.12e+01  -4.1 7.74e-04    -  1.00e+00 3.12e-02h  6
2387  1.9882645e-04 2.65e-07 7.11e+01  -4.1 1.38e-03    -  1.00e+00 5.00e-01h  2
2388  1.9882648e-04 2.65e-07 7.03e+01  -4.1 3.78e-02    -  1.00e+00 2.44e-04h 13
2389  1.9882847e-04 2.62e-07 7.03e+01  -4.1 2.76e-03    -  1.00e+00 3.12e-02h  6
iter    objective    inf_pr   inf_du lg(mu)  ||d||  lg(rg) alpha_du alpha_pr  ls
2390  1.9882719e-04 2.62e-07 7.03e+01  -4.1 2.96e-02    -  1.00e+00 7.81e-03h  8
2391  1.9883342e-04 2.33e-07 7.03e+01  -4.1 7.19e-04    -  1.00e+00 1.25e-01h  4
2392  1.9883226e-04 5.80e-08 7.11e+01  -4.1 2.86e-04    -  1.00e+00 1.00e+00h  1
2393  1.9883348e-04 4.96e-08 7.11e+01  -4.1 3.45e-04    -  1.00e+00 5.00e-01h  2
2394  1.9883079e-04 1.10e-07 7.03e+01  -4.1 4.05e-04    -  1.00e+00 1.00e+00h  1
2395  1.9882881e-04 1.69e-07 7.03e+01  -4.1 1.87e-02    -  1.00e+00 1.56e-02h  7
2396  1.9882976e-04 1.67e-07 7.03e+01  -4.1 3.29e-03    -  1.00e+00 1.56e-02h  7
2397  1.9883082e-04 1.64e-07 7.03e+01  -4.1 1.50e-03    -  1.00e+00 1.56e-02h  7
2398  1.9882947e-04 1.62e-07 7.03e+01  -4.1 2.35e-03    -  1.00e+00 3.12e-02h  6
2399  1.9882675e-04 1.62e-07 7.11e+01  -4.1 7.85e-01    -  1.00e+00 6.10e-05h 15
iter    objective    inf_pr   inf_du lg(mu)  ||d||  lg(rg) alpha_du alpha_pr  ls
2400  1.9883256e-04 5.58e-09 7.03e+01  -4.1 9.37e-05    -  1.00e+00 1.00e+00h  1
2401  1.9883121e-04 8.46e-09 7.03e+01  -4.1 3.48e-03    -  1.00e+00 6.25e-02h  5
2402  1.9883167e-04 8.45e-09 7.11e+01  -4.1 4.28e-03    -  1.00e+00 3.91e-03h  9
2403  1.9882426e-04 2.27e-07 7.12e+01  -4.1 1.39e-03    -  1.00e+00 5.00e-01h  2
2404  1.9882607e-04 2.17e-07 7.12e+01  -4.1 1.43e-03    -  1.00e+00 6.25e-02h  5
2405  1.9882668e-04 2.10e-07 7.12e+01  -4.1 5.49e-04    -  1.00e+00 3.12e-02h  6
2406  1.9881561e-04 4.71e-07 7.02e+01  -4.1 3.22e-03    -  1.00e+00 2.50e-01h  3
2407  1.9882029e-04 4.76e-07 7.02e+01  -4.1 5.24e-03    -  1.00e+00 3.12e-02h  6
2408  1.9881493e-04 5.45e-07 7.02e+01  -4.1 8.45e-02    -  1.00e+00 3.91e-03h  9
2409  1.9881549e-04 5.45e-07 7.12e+01  -4.1 6.09e-02    -  1.00e+00 6.10e-05h 15
iter    objective    inf_pr   inf_du lg(mu)  ||d||  lg(rg) alpha_du alpha_pr  ls
2410  1.9881569e-04 5.43e-07 7.12e+01  -4.1 4.87e-03    -  1.00e+00 3.91e-03h  9
2411  1.9882366e-04 4.17e-07 7.12e+01  -4.1 5.56e-04    -  1.00e+00 2.50e-01h  3
2412  1.9882400e-04 4.14e-07 7.12e+01  -4.1 1.27e-03    -  1.00e+00 7.81e-03h  8
2413  1.9883039e-04 3.94e-07 7.12e+01  -4.1 6.79e-03    -  1.00e+00 6.25e-02h  5
2414  1.9883140e-04 3.90e-07 7.02e+01  -4.1 5.40e-03    -  1.00e+00 3.12e-02h  6
2415  1.9884480e-04 3.85e-07 7.03e+01  -4.1 2.14e-03    -  1.00e+00 1.25e-01h  4
2416  1.9884498e-04 3.85e-07 7.11e+01  -4.1 9.60e-02    -  1.00e+00 1.22e-04h 14
2417  1.9883493e-04 3.87e-07 7.11e+01  -4.1 3.57e-03    -  1.00e+00 6.25e-02h  5
2418  1.9883205e-04 3.80e-07 7.11e+01  -4.1 2.68e-03    -  1.00e+00 6.25e-02h  5
2419  1.9889871e-04 2.66e-07 6.90e+01  -4.1 1.71e-03    -  1.00e+00 1.00e+00H  1
iter    objective    inf_pr   inf_du lg(mu)  ||d||  lg(rg) alpha_du alpha_pr  ls
2420  1.9886846e-04 1.73e-09 6.92e+01  -4.1 7.97e-04    -  1.00e+00 1.00e+00H  1
2421  1.9886960e-04 1.48e-09 6.92e+01  -4.1 3.68e-02    -  1.00e+00 3.91e-03h  9
2422  1.9877634e-04 3.62e-07 7.18e+01  -4.1 9.37e-03    -  1.00e+00 1.25e-01h  4
2423  1.9881981e-04 2.92e-07 7.17e+01  -4.1 1.34e-03    -  1.00e+00 2.50e-01h  3
2424  1.9877451e-04 2.92e-07 6.98e+01  -4.1 1.35e-01    -  1.00e+00 4.88e-04h 12
2425  1.9880120e-04 2.54e-07 6.99e+01  -4.1 2.56e-03    -  1.00e+00 1.25e-01h  4
2426  1.9880102e-04 2.49e-07 7.00e+01  -4.1 1.77e-02    -  1.00e+00 3.12e-02h  6
2427  1.9878186e-04 2.80e-07 7.15e+01  -4.1 5.55e-02    -  1.00e+00 1.56e-02h  7
2428  1.9880872e-04 3.78e-07 7.02e+01  -4.1 2.28e-03    -  1.00e+00 2.50e-01h  3
2429  1.9880571e-04 4.06e-07 7.03e+01  -4.1 4.63e-03    -  1.00e+00 6.25e-02h  5
iter    objective    inf_pr   inf_du lg(mu)  ||d||  lg(rg) alpha_du alpha_pr  ls
2430  1.9885278e-04 2.07e-07 7.06e+01  -4.1 9.44e-04    -  1.00e+00 5.00e-01h  2
2431  1.9884372e-04 2.08e-07 7.09e+01  -4.1 4.04e-01    -  1.00e+00 9.77e-04h 11
2432  1.9884881e-04 9.08e-08 7.12e+01  -4.1 4.26e-04    -  1.00e+00 1.00e+00h  1
2433  1.9881219e-04 3.23e-07 7.12e+01  -4.1 1.12e-02    -  1.00e+00 6.25e-02h  5
2434  1.9879605e-04 4.50e-07 7.02e+01  -4.1 9.22e-02    -  1.00e+00 7.81e-03h  8
2435  1.9877232e-04 5.37e-06 7.02e+01  -4.1 2.66e-02    -  1.00e+00 1.25e-01h  4
2436  1.9863616e-04 5.73e-06 7.13e+01  -4.1 8.21e-02    -  1.00e+00 3.12e-02h  6
2437  1.9844104e-04 1.01e-05 7.13e+01  -4.1 3.01e-03    -  1.00e+00 1.00e+00h  1
2438  1.9848730e-04 8.63e-06 7.13e+01  -4.1 2.91e-02    -  1.00e+00 1.25e-01h  4
2439  1.9843854e-04 1.35e-05 7.02e+01  -4.1 1.49e-02    -  1.00e+00 2.50e-01h  3
iter    objective    inf_pr   inf_du lg(mu)  ||d||  lg(rg) alpha_du alpha_pr  ls
2440  1.9803795e-04 1.17e-05 7.02e+01  -4.1 3.21e-03    -  1.00e+00 1.00e+00h  1
2441  1.9835610e-04 1.11e-05 7.13e+01  -4.1 1.43e-02    -  1.00e+00 6.25e-02h  5
2442  1.9845891e-04 1.60e-06 7.13e+01  -4.1 2.01e-03    -  1.00e+00 1.00e+00h  1
2443  1.9848030e-04 1.43e-06 7.02e+01  -4.1 5.43e-03    -  1.00e+00 1.25e-01h  4
2444  1.9830446e-04 2.17e-06 7.02e+01  -4.1 1.61e-02    -  1.00e+00 1.25e-01h  4
2445  1.9854427e-04 9.97e-07 7.12e+01  -4.1 1.55e-03    -  1.00e+00 1.00e+00h  1
2446  1.9853399e-04 8.92e-07 7.12e+01  -4.1 8.49e-03    -  1.00e+00 6.25e-02h  5
2447  1.9853162e-04 6.11e-07 7.12e+01  -4.1 1.72e-03    -  1.00e+00 2.50e-01h  3
2448  1.9852955e-04 5.91e-07 7.12e+01  -4.1 1.78e-02    -  1.00e+00 1.56e-02h  7
2449  1.9859544e-04 4.68e-07 7.02e+01  -4.1 1.77e-03    -  1.00e+00 2.50e-01h  3
iter    objective    inf_pr   inf_du lg(mu)  ||d||  lg(rg) alpha_du alpha_pr  ls
2450  1.9866164e-04 3.44e-07 7.02e+01  -4.1 9.53e-04    -  1.00e+00 5.00e-01h  2
2451  1.9859072e-04 4.09e-07 7.12e+01  -4.1 9.53e-03    -  1.00e+00 6.25e-02h  5
2452  1.9861929e-04 2.71e-07 7.02e+01  -4.1 5.98e-04    -  1.00e+00 5.00e-01h  2
2453  1.9870884e-04 2.22e-07 7.12e+01  -4.1 6.16e-04    -  1.00e+00 5.00e-01h  2
2454  1.9873929e-04 2.89e-07 7.12e+01  -4.1 5.86e-04    -  1.00e+00 1.00e+00h  1
2455  1.9873604e-04 2.20e-07 7.12e+01  -4.1 1.97e-03    -  1.00e+00 2.50e-01h  3
2456  1.9874097e-04 1.71e-07 7.12e+01  -4.1 1.22e-03    -  1.00e+00 2.50e-01h  3
2457  1.9873507e-04 1.52e-07 7.11e+01  -4.1 1.41e-03    -  1.00e+00 2.50e-01h  3
2458  1.9876021e-04 1.35e-07 7.03e+01  -4.1 1.38e-03    -  1.00e+00 2.50e-01h  3
2459  1.9876349e-04 1.29e-07 7.03e+01  -4.1 1.13e-03    -  1.00e+00 1.25e-01h  4
iter    objective    inf_pr   inf_du lg(mu)  ||d||  lg(rg) alpha_du alpha_pr  ls
2460  1.9875649e-04 1.11e-07 7.11e+01  -4.1 1.69e-03    -  1.00e+00 1.25e-01h  4
2461  1.9880272e-04 7.11e-08 7.04e+01  -4.1 2.97e-04    -  1.00e+00 1.00e+00h  1
2462  1.9880543e-04 2.37e-08 7.09e+01  -4.1 1.53e-04    -  1.00e+00 1.00e+00h  1
2463  1.9880733e-04 1.24e-08 7.09e+01  -4.1 1.24e-04    -  1.00e+00 1.00e+00h  1
2464  1.9880545e-04 3.87e-08 7.07e+01  -4.1 2.76e-04    -  1.00e+00 1.00e+00h  1
2465  1.9880548e-04 3.86e-08 7.07e+01  -4.1 1.81e-03    -  1.00e+00 9.77e-04h 11
2466  1.9879521e-04 7.73e-08 7.07e+01  -4.1 3.38e-03    -  1.00e+00 1.25e-01h  4
2467  1.9885673e-04 5.17e-09 7.09e+01  -4.1 2.84e-04    -  1.00e+00 1.00e+00H  1
2468  1.9885438e-04 5.17e-09 7.09e+01  -4.1 1.67e-03    -  1.00e+00 3.12e-02h  6
2469  1.9885393e-04 5.21e-09 7.09e+01  -4.1 4.74e-02    -  1.00e+00 2.44e-04h 13
iter    objective    inf_pr   inf_du lg(mu)  ||d||  lg(rg) alpha_du alpha_pr  ls
2470  1.9884762e-04 6.21e-09 7.09e+01  -4.1 1.92e-01    -  1.00e+00 2.44e-04h 13
2471  1.9884650e-04 6.52e-09 7.05e+01  -4.1 6.45e-02    -  1.00e+00 2.44e-04h 13
2472  1.9884208e-04 7.30e-09 7.05e+01  -4.1 1.95e-03    -  1.00e+00 1.56e-02h  7
2473  1.9880197e-04 6.45e-08 7.06e+01  -4.1 2.77e-04    -  1.00e+00 1.00e+00h  1
2474  1.9877239e-04 6.65e-07 7.08e+01  -4.1 3.05e-02    -  1.00e+00 3.12e-02h  6
2475  1.9879022e-04 4.57e-07 7.09e+01  -4.1 8.26e-04    -  1.00e+00 5.00e-01h  2
2476  1.9879223e-04 2.69e-07 7.09e+01  -4.1 7.07e-04    -  1.00e+00 5.00e-01h  2
2477  1.9879096e-04 2.60e-07 7.09e+01  -4.1 2.03e-03    -  1.00e+00 1.25e-01h  4
2478  1.9879218e-04 2.60e-07 7.06e+01  -4.1 3.71e-03    -  1.00e+00 1.95e-03h 10
2479  1.9880175e-04 1.97e-07 7.05e+01  -4.1 3.92e-04    -  1.00e+00 2.50e-01h  3
iter    objective    inf_pr   inf_du lg(mu)  ||d||  lg(rg) alpha_du alpha_pr  ls
2480  1.9883490e-04 6.60e-08 7.07e+01  -4.1 1.38e-03    -  1.00e+00 1.00e+00H  1
2481  1.9884101e-04 5.22e-08 7.07e+01  -4.1 5.50e-04    -  1.00e+00 5.00e-01h  2
2482  1.9880042e-04 2.58e-07 7.09e+01  -4.1 4.70e-03    -  1.00e+00 1.25e-01h  4
2483  1.9880173e-04 2.51e-07 7.08e+01  -4.1 2.13e-03    -  1.00e+00 3.12e-02h  6
2484  1.9879756e-04 2.88e-07 7.08e+01  -4.1 3.94e-03    -  1.00e+00 6.25e-02h  5
2485  1.9879837e-04 2.75e-07 7.08e+01  -4.1 1.41e-03    -  1.00e+00 1.25e-01h  4
2486  1.9880093e-04 2.58e-07 7.08e+01  -4.1 2.80e-04    -  1.00e+00 6.25e-02h  5
2487  1.9879908e-04 2.58e-07 7.06e+01  -4.1 2.07e-01    -  1.00e+00 1.22e-04h 14
2488  1.9880113e-04 2.50e-07 7.06e+01  -4.1 7.83e-04    -  1.00e+00 3.12e-02h  6
2489  1.9880034e-04 2.47e-07 7.06e+01  -4.1 9.00e-03    -  1.00e+00 1.56e-02h  7
iter    objective    inf_pr   inf_du lg(mu)  ||d||  lg(rg) alpha_du alpha_pr  ls
2490  1.9880080e-04 2.44e-07 7.06e+01  -4.1 2.54e-03    -  1.00e+00 1.56e-02h  7
2491  1.9880153e-04 2.41e-07 7.06e+01  -4.1 5.05e-04    -  1.00e+00 1.56e-02h  7
2492  1.9879856e-04 2.41e-07 7.08e+01  -4.1 7.10e-03    -  1.00e+00 3.12e-02h  6
2493  1.9880060e-04 2.34e-07 7.08e+01  -4.1 2.90e-04    -  1.00e+00 3.12e-02h  6
2494  1.9880061e-04 2.34e-07 7.08e+01  -4.1 2.05e-02    -  1.00e+00 3.91e-03h  9
2495  1.9880148e-04 2.30e-07 7.08e+01  -4.1 2.13e-04    -  1.00e+00 1.56e-02h  7
2496  1.9880114e-04 2.32e-07 7.06e+01  -4.1 9.52e-03    -  1.00e+00 7.81e-03h  8
2497  1.9880183e-04 2.28e-07 7.06e+01  -4.1 3.29e-04    -  1.00e+00 1.56e-02h  7
2498  1.9882576e-04 9.53e-09 7.06e+01  -4.1 1.79e-04    -  1.00e+00 1.00e+00h  1
2499  1.9882566e-04 9.27e-09 7.06e+01  -4.1 6.03e-03    -  1.00e+00 3.91e-03h  9
iter    objective    inf_pr   inf_du lg(mu)  ||d||  lg(rg) alpha_du alpha_pr  ls
2500  1.9878897e-04 6.10e-07 7.06e+01  -4.1 3.62e-03    -  1.00e+00 2.50e-01h  3
2501  1.9876766e-04 4.33e-07 7.09e+01  -4.1 7.56e-04    -  1.00e+00 1.00e+00h  1
2502  1.9878143e-04 3.29e-07 7.05e+01  -4.1 3.49e-04    -  1.00e+00 2.50e-01h  3
2503  1.9879650e-04 2.47e-07 7.10e+01  -4.1 2.98e-04    -  1.00e+00 2.50e-01h  3
2504  1.9881647e-04 5.17e-09 7.05e+01  -4.1 8.20e-05    -  1.00e+00 1.00e+00h  1
2505  1.9881266e-04 1.99e-08 7.09e+01  -4.1 4.42e-03    -  1.00e+00 6.25e-02h  5
2506  1.9881278e-04 1.10e-08 7.06e+01  -4.1 2.27e-04    -  1.00e+00 5.00e-01h  2
2507  1.9881494e-04 9.59e-09 7.09e+01  -4.1 8.99e-04    -  1.00e+00 1.25e-01h  4
2508  1.9881495e-04 9.60e-09 7.09e+01  -4.1 3.12e-03    -  1.00e+00 1.95e-03h 10
2509  1.9880734e-04 1.98e-08 7.07e+01  -4.1 2.33e-04    -  1.00e+00 1.00e+00h  1
iter    objective    inf_pr   inf_du lg(mu)  ||d||  lg(rg) alpha_du alpha_pr  ls
2510  1.9880794e-04 1.87e-08 7.07e+01  -4.1 7.79e-04    -  1.00e+00 1.25e-01h  4
2511  1.9880813e-04 1.88e-08 7.07e+01  -4.1 1.29e-03    -  1.00e+00 1.25e-01h  4
2512  1.9884109e-04 5.17e-09 7.07e+01  -4.1 2.58e-04    -  1.00e+00 1.00e+00H  1
2513  1.9883931e-04 5.11e-09 7.07e+01  -4.1 1.13e-03    -  1.00e+00 3.12e-02h  6
2514  1.9884124e-04 5.39e-09 7.07e+01  -4.1 3.08e-02    -  1.00e+00 9.77e-04h 11
2515  1.9884059e-04 5.51e-09 7.07e+01  -4.1 7.57e-03    -  1.00e+00 3.91e-03h  9
2516  1.9884023e-04 5.71e-09 7.07e+01  -4.1 2.90e-02    -  1.00e+00 9.77e-04h 11
2517  1.9874163e-04 2.92e-06 7.12e+01  -4.1 3.42e-03    -  1.00e+00 5.00e-01h  2
2518  1.9870174e-04 3.36e-06 7.12e+01  -4.1 3.01e-02    -  1.00e+00 3.12e-02h  6
2519  1.9862241e-04 2.79e-06 7.10e+01  -4.1 5.51e-03    -  1.00e+00 2.50e-01h  3
iter    objective    inf_pr   inf_du lg(mu)  ||d||  lg(rg) alpha_du alpha_pr  ls
2520  1.9875206e-04 1.74e-06 7.06e+01  -4.1 5.60e-03    -  1.00e+00 5.00e-01h  2
2521  1.9875883e-04 1.74e-06 7.09e+01  -4.1 1.53e-02    -  1.00e+00 1.22e-04h 14
2522  1.9876024e-04 1.22e-06 7.13e+01  -4.1 2.77e-03    -  1.00e+00 1.00e+00h  1
2523  1.9876726e-04 7.13e-07 7.11e+01  -4.1 1.50e-03    -  1.00e+00 5.00e-01h  2
2524  1.9874746e-04 1.47e-06 7.03e+01  -4.1 3.09e-02    -  1.00e+00 3.12e-02h  6
2525  1.9877656e-04 2.84e-07 7.03e+01  -4.1 1.00e-03    -  1.00e+00 1.00e+00h  1
2526  1.9877514e-04 2.21e-07 7.11e+01  -4.1 1.43e-03    -  1.00e+00 2.50e-01h  3
2527  1.9878558e-04 1.30e-07 7.11e+01  -4.1 1.57e-03    -  1.00e+00 5.00e-01h  2
2528  1.9878369e-04 1.34e-07 7.11e+01  -4.1 2.87e-02    -  1.00e+00 3.91e-03h  9
2529  1.9879090e-04 1.01e-07 7.03e+01  -4.1 8.52e-04    -  1.00e+00 2.50e-01h  3
iter    objective    inf_pr   inf_du lg(mu)  ||d||  lg(rg) alpha_du alpha_pr  ls
2530  1.9879597e-04 4.49e-08 7.10e+01  -4.1 6.47e-04    -  1.00e+00 5.00e-01h  2
2531  1.9879597e-04 4.47e-08 7.10e+01  -4.1 4.63e-03    -  1.00e+00 7.81e-03h  8
2532  1.9879525e-04 3.93e-08 7.04e+01  -4.1 1.20e-03    -  1.00e+00 2.50e-01h  3
2533  1.9880280e-04 2.85e-08 7.05e+01  -4.1 2.17e-04    -  1.00e+00 5.00e-01h  2
2534  1.9880339e-04 2.84e-08 7.05e+01  -4.1 8.77e-04    -  1.00e+00 6.25e-02h  5
2535  1.9880234e-04 2.31e-08 7.09e+01  -4.1 1.26e-03    -  1.00e+00 2.50e-01h  3
2536  1.9880591e-04 1.83e-08 7.09e+01  -4.1 7.50e-04    -  1.00e+00 2.50e-01h  3
2537  1.9880453e-04 1.95e-08 7.05e+01  -4.1 5.95e-02    -  1.00e+00 1.95e-03h 10
2538  1.9880644e-04 1.72e-08 7.09e+01  -4.1 1.17e-04    -  1.00e+00 1.25e-01h  4
2539  1.9880697e-04 1.66e-08 7.09e+01  -4.1 7.17e-04    -  1.00e+00 3.12e-02h  6
iter    objective    inf_pr   inf_du lg(mu)  ||d||  lg(rg) alpha_du alpha_pr  ls
2540  1.9880454e-04 1.84e-08 7.09e+01  -4.1 2.16e-03    -  1.00e+00 3.12e-02h  6
2541  1.9880539e-04 1.83e-08 7.09e+01  -4.1 7.34e-04    -  1.00e+00 6.25e-02h  5
2542  1.9880775e-04 1.61e-08 7.05e+01  -4.1 1.88e-04    -  1.00e+00 1.25e-01h  4
2543  1.9881050e-04 1.22e-08 7.06e+01  -4.1 1.01e-04    -  1.00e+00 2.50e-01h  3
2544  1.9880976e-04 1.21e-08 7.06e+01  -4.1 3.35e-03    -  1.00e+00 7.81e-03h  8
2545  1.9881171e-04 6.16e-09 7.06e+01  -4.1 1.08e-04    -  1.00e+00 5.00e-01h  2
2546  1.9881276e-04 6.16e-09 7.08e+01  -4.1 1.79e-01    -  1.00e+00 2.38e-07h 23
2547  1.9882514e-04 7.84e-09 7.08e+01  -4.1 1.14e-04    -  1.00e+00 1.00e+00h  1
2548  1.9882283e-04 7.59e-09 7.06e+01  -4.1 1.17e-03    -  1.00e+00 6.25e-02h  5
2549  1.9882305e-04 7.70e-09 7.06e+01  -4.1 1.56e-03    -  1.00e+00 1.56e-02h  7
iter    objective    inf_pr   inf_du lg(mu)  ||d||  lg(rg) alpha_du alpha_pr  ls
2550  1.9877071e-04 7.53e-08 7.05e+01  -4.1 3.13e-04    -  1.00e+00 1.00e+00h  1
2551  1.9880924e-04 4.32e-08 7.08e+01  -4.1 2.41e-04    -  1.00e+00 1.00e+00h  1
2552  1.9881090e-04 4.06e-08 7.08e+01  -4.1 1.50e-04    -  1.00e+00 6.25e-02h  5
2553  1.9881087e-04 4.07e-08 7.07e+01  -4.1 1.39e-02    -  1.00e+00 1.95e-03h 10
2554  1.9881145e-04 4.01e-08 7.07e+01  -4.1 5.25e-04    -  1.00e+00 1.56e-02h  7
2555  1.9881160e-04 3.99e-08 7.07e+01  -4.1 6.73e-04    -  1.00e+00 3.91e-03h  9
2556  1.9881163e-04 3.98e-08 7.07e+01  -4.1 2.73e-03    -  1.00e+00 1.95e-03h 10
2557  1.9881165e-04 3.98e-08 7.07e+01  -4.1 3.95e-04    -  1.00e+00 4.88e-04h 12
2558  1.9881167e-04 3.98e-08 7.07e+01  -4.1 1.44e-03    -  1.00e+00 4.88e-04h 12
2559  1.9881159e-04 3.93e-08 7.08e+01  -4.1 9.43e-03    -  1.00e+00 3.91e-03h  9
iter    objective    inf_pr   inf_du lg(mu)  ||d||  lg(rg) alpha_du alpha_pr  ls
2560  1.9881155e-04 3.86e-08 7.07e+01  -4.1 2.41e-02    -  1.00e+00 1.95e-03h 10
2561  1.9882192e-04 3.55e-08 7.07e+01  -4.1 4.66e-04    -  1.00e+00 2.50e-01h  3
2562  1.9882176e-04 3.57e-08 7.07e+01  -4.1 6.53e-03    -  1.00e+00 3.91e-03h  9
2563  1.9882203e-04 3.55e-08 7.07e+01  -4.1 9.67e-04    -  1.00e+00 6.25e-02h  5
2564  1.9887457e-04 1.75e-08 7.06e+01  -4.1 8.26e-04    -  1.00e+00 1.00e+00H  1
2565  1.9882367e-04 2.44e-08 7.06e+01  -4.1 9.52e-04    -  1.00e+00 1.00e+00H  1
2566  1.9881009e-04 1.21e-07 7.09e+01  -4.1 4.67e-04    -  1.00e+00 1.00e+00h  1
2567  1.9881104e-04 1.19e-07 7.09e+01  -4.1 1.85e-03    -  1.00e+00 1.56e-02h  7
2568  1.9881125e-04 1.19e-07 7.09e+01  -4.1 1.55e-03    -  1.00e+00 3.91e-03h  9
2569  1.9881059e-04 1.18e-07 7.09e+01  -4.1 5.39e-03    -  1.00e+00 3.91e-03h  9
iter    objective    inf_pr   inf_du lg(mu)  ||d||  lg(rg) alpha_du alpha_pr  ls
2570  1.9881091e-04 1.18e-07 7.05e+01  -4.1 4.27e-03    -  1.00e+00 1.95e-03h 10
2571  1.9881131e-04 1.17e-07 7.05e+01  -4.1 1.11e-03    -  1.00e+00 7.81e-03h  8
2572  1.9879395e-04 2.26e-07 7.05e+01  -4.1 8.64e-02    -  1.00e+00 7.81e-03h  8
2573  1.9879365e-04 2.25e-07 7.05e+01  -4.1 1.50e-02    -  1.00e+00 7.81e-03h  8
2574  1.9880581e-04 2.00e-07 7.05e+01  -4.1 2.97e-03    -  1.00e+00 1.25e-01h  4
2575  1.9880925e-04 1.87e-07 7.06e+01  -4.1 7.91e-04    -  1.00e+00 6.25e-02h  5
2576  1.9880558e-04 1.98e-07 7.06e+01  -4.1 3.23e-03    -  1.00e+00 6.25e-02h  5
2577  1.9880552e-04 1.98e-07 7.09e+01  -4.1 5.21e-01    -  1.00e+00 1.49e-08h 27
2578  1.9881049e-04 1.79e-07 7.08e+01  -4.1 1.52e-03    -  1.00e+00 1.25e-01h  4
2579  1.9881049e-04 1.79e-07 7.08e+01  -4.1 1.48e-02    -  1.00e+00 3.91e-03h  9
iter    objective    inf_pr   inf_du lg(mu)  ||d||  lg(rg) alpha_du alpha_pr  ls
2580  1.9881082e-04 1.77e-07 7.06e+01  -4.1 4.21e-03    -  1.00e+00 1.56e-02h  7
2581  1.9881096e-04 1.76e-07 7.06e+01  -4.1 3.49e-03    -  1.00e+00 3.91e-03h  9
2582  1.9886410e-04 1.29e-07 7.07e+01  -4.1 3.35e-04    -  1.00e+00 1.00e+00h  1
2583  1.9886269e-04 1.31e-07 7.07e+01  -4.1 2.78e-03    -  1.00e+00 6.25e-02h  5
2584  1.9876912e-04 2.30e-06 7.08e+01  -4.1 7.13e-03    -  1.00e+00 2.50e-01h  3
2585  1.9877369e-04 2.22e-06 7.06e+01  -4.1 6.40e-03    -  1.00e+00 6.25e-02h  5
2586  1.9870283e-04 2.83e-06 7.09e+01  -4.1 1.70e-02    -  1.00e+00 6.25e-02h  5
2587  1.9872999e-04 2.47e-06 7.09e+01  -4.1 2.60e-03    -  1.00e+00 2.50e-01h  3
2588  1.9878120e-04 1.43e-06 7.10e+01  -4.1 1.05e-03    -  1.00e+00 5.00e-01h  2
2589  1.9878122e-04 1.26e-06 7.04e+01  -4.1 4.73e-03    -  1.00e+00 1.25e-01h  4
iter    objective    inf_pr   inf_du lg(mu)  ||d||  lg(rg) alpha_du alpha_pr  ls
2590  1.9878768e-04 5.99e-07 7.04e+01  -4.1 1.19e-03    -  1.00e+00 5.00e-01h  2
2591  1.9880569e-04 2.86e-07 7.04e+01  -4.1 1.61e-03    -  1.00e+00 5.00e-01h  2
2592  1.9880520e-04 2.90e-07 7.11e+01  -4.1 2.16e-02    -  1.00e+00 7.81e-03h  8
2593  1.9879959e-04 3.15e-07 7.11e+01  -4.1 5.57e-02    -  1.00e+00 3.91e-03h  9
2594  1.9879627e-04 2.24e-07 7.11e+01  -4.1 1.45e-03    -  1.00e+00 2.50e-01h  3
2595  1.9878313e-04 4.92e-07 7.04e+01  -4.1 2.74e-03    -  1.00e+00 2.50e-01h  3
2596  1.9878485e-04 4.89e-07 7.10e+01  -4.1 1.32e-02    -  1.00e+00 1.56e-02h  7
2597  1.9876401e-04 9.26e-07 7.04e+01  -4.1 3.70e-03    -  1.00e+00 2.50e-01h  3
2598  1.9876909e-04 4.70e-07 7.04e+01  -4.1 1.02e-03    -  1.00e+00 5.00e-01h  2
2599  1.9877701e-04 3.64e-07 7.04e+01  -4.1 1.89e-03    -  1.00e+00 2.50e-01h  3
iter    objective    inf_pr   inf_du lg(mu)  ||d||  lg(rg) alpha_du alpha_pr  ls
2600  1.9877106e-04 3.46e-07 7.10e+01  -4.1 8.23e-03    -  1.00e+00 3.12e-02h  6
2601  1.9881729e-04 2.63e-08 7.11e+01  -4.1 4.83e-04    -  1.00e+00 1.00e+00h  1
2602  1.9881682e-04 2.93e-08 7.11e+01  -4.1 2.20e-02    -  1.00e+00 7.81e-03h  8
2603  1.9882585e-04 2.90e-08 7.04e+01  -4.1 1.10e-03    -  1.00e+00 6.25e-02h  5
2604  1.9880676e-04 2.79e-07 7.03e+01  -4.1 4.62e-03    -  1.00e+00 1.25e-01h  4
2605  1.9879083e-04 2.47e-07 7.04e+01  -4.1 3.52e-03    -  1.00e+00 2.50e-01h  3
2606  1.9880497e-04 5.14e-08 7.04e+01  -4.1 6.12e-04    -  1.00e+00 1.00e+00h  1
2607  1.9880442e-04 5.56e-08 7.04e+01  -4.1 6.32e-03    -  1.00e+00 1.56e-02h  7
2608  1.9879684e-04 2.67e-08 7.09e+01  -4.1 5.14e-04    -  1.00e+00 1.00e+00h  1
2609  1.9883369e-04 1.31e-08 7.05e+01  -4.1 2.74e-04    -  1.00e+00 1.00e+00H  1
iter    objective    inf_pr   inf_du lg(mu)  ||d||  lg(rg) alpha_du alpha_pr  ls
2610  1.9882579e-04 1.68e-08 7.10e+01  -4.1 1.64e-03    -  1.00e+00 1.25e-01h  4
2611  1.9877334e-04 8.13e-08 7.07e+01  -4.1 3.38e-04    -  1.00e+00 1.00e+00h  1
2612  1.9877427e-04 8.09e-08 7.07e+01  -4.1 2.33e-03    -  1.00e+00 3.12e-02h  6
2613  1.9879274e-04 6.12e-08 7.07e+01  -4.1 3.29e-04    -  1.00e+00 2.50e-01h  3
2614  1.9878555e-04 6.06e-08 7.08e+01  -4.1 4.78e-03    -  1.00e+00 6.25e-02h  5
2615  1.9878707e-04 5.91e-08 7.08e+01  -4.1 7.46e-03    -  1.00e+00 1.56e-02h  7
2616  1.9878807e-04 5.91e-08 7.06e+01  -4.1 3.18e-02    -  1.00e+00 1.95e-03h 10
2617  1.9879412e-04 6.00e-08 7.06e+01  -4.1 9.88e-03    -  1.00e+00 3.12e-02h  6
2618  1.9879612e-04 5.68e-08 7.06e+01  -4.1 7.23e-04    -  1.00e+00 6.25e-02h  5
2619  1.9878780e-04 5.72e-08 7.06e+01  -4.1 3.99e-03    -  1.00e+00 6.25e-02h  5
iter    objective    inf_pr   inf_du lg(mu)  ||d||  lg(rg) alpha_du alpha_pr  ls
2620  1.9881270e-04 2.89e-08 7.09e+01  -4.1 2.04e-04    -  1.00e+00 5.00e-01h  2
2621  1.9881323e-04 2.00e-08 7.08e+01  -4.1 6.08e-04    -  1.00e+00 5.00e-01h  2
2622  1.9880118e-04 2.98e-08 7.06e+01  -4.1 5.37e-02    -  1.00e+00 3.91e-03h  9
2623  1.9884056e-04 1.04e-08 7.06e+01  -4.1 2.85e-04    -  1.00e+00 1.00e+00H  1
2624  1.9882198e-04 7.75e-09 7.06e+01  -4.1 1.46e-03    -  1.00e+00 1.25e-01h  4
2625  1.9881931e-04 1.76e-08 7.08e+01  -4.1 4.04e-03    -  1.00e+00 6.25e-02h  5
2626  1.9878981e-04 7.76e-08 7.06e+01  -4.1 2.91e-04    -  1.00e+00 1.00e+00h  1
2627  1.9878830e-04 8.28e-08 7.06e+01  -4.1 2.80e-02    -  1.00e+00 1.56e-02h  7
2628  1.9877694e-04 7.32e-08 7.09e+01  -4.1 7.18e-04    -  1.00e+00 5.00e-01h  2
2629  1.9878506e-04 6.82e-08 7.05e+01  -4.1 2.82e-03    -  1.00e+00 6.25e-02h  5
iter    objective    inf_pr   inf_du lg(mu)  ||d||  lg(rg) alpha_du alpha_pr  ls
2630  1.9880250e-04 3.37e-08 7.04e+01  -4.1 1.85e-04    -  1.00e+00 5.00e-01h  2
2631  1.9879993e-04 3.91e-08 7.09e+01  -4.1 2.04e-03    -  1.00e+00 1.25e-01h  4
2632  1.9879984e-04 3.89e-08 7.09e+01  -4.1 6.46e-03    -  1.00e+00 7.81e-03h  8
2633  1.9880590e-04 2.48e-08 7.10e+01  -4.1 1.11e-03    -  1.00e+00 2.50e-01h  3
2634  1.9879801e-04 2.10e-08 7.07e+01  -4.1 2.94e-04    -  1.00e+00 1.00e+00h  1
2635  1.9880930e-04 1.86e-08 7.06e+01  -4.1 5.36e-04    -  1.00e+00 2.50e-01h  3
2636  1.9881677e-04 1.38e-08 7.06e+01  -4.1 9.27e-04    -  1.00e+00 2.50e-01h  3
2637  1.9880694e-04 1.68e-08 7.06e+01  -4.1 2.49e-03    -  1.00e+00 6.25e-02h  5
2638  1.9881162e-04 1.55e-08 7.08e+01  -4.1 2.77e-03    -  1.00e+00 6.25e-02h  5
2639  1.9881913e-04 1.37e-08 7.09e+01  -4.1 7.18e-04    -  1.00e+00 2.50e-01h  3
iter    objective    inf_pr   inf_du lg(mu)  ||d||  lg(rg) alpha_du alpha_pr  ls
2640  1.9880452e-04 1.26e-08 7.06e+01  -4.1 1.67e-03    -  1.00e+00 1.25e-01h  4
2641  1.9881198e-04 9.17e-09 7.08e+01  -4.1 2.52e-03    -  1.00e+00 1.25e-01h  4
2642  1.9879960e-04 2.56e-08 7.07e+01  -4.1 2.09e-04    -  1.00e+00 1.00e+00h  1
2643  1.9887221e-04 4.88e-09 7.05e+01  -4.1 3.07e-04    -  1.00e+00 1.00e+00H  1
2644  1.9886136e-04 1.05e-08 7.04e+01  -4.1 1.09e-03    -  1.00e+00 1.25e-01h  4
2645  1.9885307e-04 8.52e-09 7.04e+01  -4.1 1.27e-03    -  1.00e+00 1.25e-01h  4
2646  1.9884396e-04 7.73e-09 7.04e+01  -4.1 2.26e-02    -  1.00e+00 3.91e-03h  9
2647  1.9883111e-04 9.93e-09 7.04e+01  -4.1 2.98e-02    -  1.00e+00 7.81e-03h  8
2648  1.9883090e-04 9.94e-09 7.10e+01  -4.1 9.29e-02    -  1.00e+00 6.10e-05h 15
2649  1.9872583e-04 1.66e-07 7.06e+01  -4.1 7.44e-04    -  1.00e+00 1.00e+00h  1
iter    objective    inf_pr   inf_du lg(mu)  ||d||  lg(rg) alpha_du alpha_pr  ls
2650  1.9873536e-04 1.31e-07 7.06e+01  -4.1 4.10e-03    -  1.00e+00 6.25e-02h  5
2651  1.9872411e-04 9.45e-08 7.07e+01  -4.1 2.19e-03    -  1.00e+00 2.50e-01h  3
2652  1.9876779e-04 5.94e-08 7.09e+01  -4.1 4.97e-04    -  1.00e+00 5.00e-01h  2
2653  1.9877949e-04 2.99e-08 7.09e+01  -4.1 4.93e-04    -  1.00e+00 5.00e-01h  2
2654  1.9878748e-04 2.79e-08 7.10e+01  -4.1 7.42e-04    -  1.00e+00 2.50e-01h  3
2655  1.9879336e-04 2.58e-08 7.04e+01  -4.1 1.09e-03    -  1.00e+00 6.25e-02h  5
2656  1.9881788e-04 4.85e-09 7.05e+01  -4.1 1.28e-04    -  1.00e+00 1.00e+00h  1
2657  1.9881659e-04 8.82e-09 7.09e+01  -4.1 3.88e-02    -  1.00e+00 3.91e-03h  9
2658  1.9881653e-04 8.81e-09 7.09e+01  -4.1 1.71e-03    -  1.00e+00 1.56e-02h  7
2659  1.9881743e-04 9.04e-09 7.09e+01  -4.1 3.70e-03    -  1.00e+00 6.25e-02h  5
iter    objective    inf_pr   inf_du lg(mu)  ||d||  lg(rg) alpha_du alpha_pr  ls
2660  1.9879290e-04 2.11e-08 7.06e+01  -4.1 7.25e-04    -  1.00e+00 5.00e-01h  2
2661  1.9879910e-04 1.59e-08 7.06e+01  -4.1 1.79e-04    -  1.00e+00 2.50e-01h  3
2662  1.9879655e-04 2.38e-08 7.08e+01  -4.1 1.27e-02    -  1.00e+00 1.56e-02h  7
2663  1.9879727e-04 1.39e-08 7.08e+01  -4.1 9.06e-04    -  1.00e+00 1.25e-01h  4
2664  1.9879701e-04 1.41e-08 7.08e+01  -4.1 9.09e-03    -  1.00e+00 3.91e-03h  9
2665  1.9880216e-04 1.24e-08 7.06e+01  -4.1 1.76e-04    -  1.00e+00 1.25e-01h  4
2666  1.9880426e-04 1.16e-08 7.08e+01  -4.1 1.38e-04    -  1.00e+00 6.25e-02h  5
2667  1.9881967e-04 5.69e-09 7.07e+01  -4.1 2.17e-04    -  1.00e+00 1.00e+00h  1
2668  1.9882597e-04 6.06e-09 7.06e+01  -4.1 7.61e-04    -  1.00e+00 2.50e-01h  3
2669  1.9882592e-04 6.03e-09 7.06e+01  -4.1 1.00e-02    -  1.00e+00 3.91e-03h  9
iter    objective    inf_pr   inf_du lg(mu)  ||d||  lg(rg) alpha_du alpha_pr  ls
2670  1.9872282e-04 2.21e-07 7.04e+01  -4.1 9.50e-04    -  1.00e+00 1.00e+00h  1
2671  1.9872061e-04 2.29e-07 7.04e+01  -4.1 6.05e-02    -  1.00e+00 7.81e-03h  8
2672  1.9872119e-04 2.20e-07 7.04e+01  -4.1 1.17e-02    -  1.00e+00 3.12e-02h  6
2673  1.9872351e-04 2.16e-07 7.04e+01  -4.1 1.46e-03    -  1.00e+00 1.56e-02h  7
2674  1.9871919e-04 2.15e-07 7.10e+01  -4.1 2.89e-03    -  1.00e+00 3.91e-03h  9
2675  1.9872267e-04 2.02e-07 7.10e+01  -4.1 7.22e-04    -  1.00e+00 6.25e-02h  5
2676  1.9872422e-04 1.99e-07 7.10e+01  -4.1 6.38e-04    -  1.00e+00 1.56e-02h  7
2677  1.9870600e-04 1.71e-07 7.09e+01  -4.1 1.21e-02    -  1.00e+00 6.25e-02h  5
2678  1.9870956e-04 1.48e-07 7.08e+01  -4.1 3.06e-03    -  1.00e+00 1.25e-01h  4
2679  1.9872404e-04 1.29e-07 7.07e+01  -4.1 1.23e-03    -  1.00e+00 1.25e-01h  4
iter    objective    inf_pr   inf_du lg(mu)  ||d||  lg(rg) alpha_du alpha_pr  ls
2680  1.9872101e-04 1.35e-07 7.07e+01  -4.1 3.92e-03    -  1.00e+00 3.12e-02h  6
2681  1.9872013e-04 1.36e-07 7.07e+01  -4.1 2.08e-02    -  1.00e+00 1.95e-03h 10
2682  1.9876339e-04 6.96e-08 7.05e+01  -4.1 2.95e-04    -  1.00e+00 5.00e-01h  2
2683  1.9876108e-04 6.96e-08 7.09e+01  -4.1 2.92e-02    -  1.00e+00 3.91e-03h  9
2684  1.9877400e-04 5.40e-08 7.09e+01  -4.1 2.77e-04    -  1.00e+00 2.50e-01h  3
2685  1.9880828e-04 1.29e-08 7.05e+01  -4.1 1.31e-04    -  1.00e+00 1.00e+00h  1
2686  1.9880837e-04 5.21e-09 7.05e+01  -4.1 1.86e-04    -  1.00e+00 5.00e-01h  2
2687  1.9880835e-04 5.12e-09 7.05e+01  -4.1 1.14e-02    -  1.00e+00 3.91e-03h  9
2688  1.9880822e-04 4.92e-09 7.05e+01  -4.1 3.17e-03    -  1.00e+00 1.56e-02h  7
2689  1.9881123e-04 1.27e-09 7.08e+01  -4.1 7.77e-05    -  1.00e+00 1.00e+00h  1
iter    objective    inf_pr   inf_du lg(mu)  ||d||  lg(rg) alpha_du alpha_pr  ls
2690  1.9881278e-04 1.31e-09 7.08e+01  -4.1 3.73e-04    -  1.00e+00 1.25e-01h  4
2691  1.9881288e-04 1.31e-09 7.08e+01  -4.1 2.17e-03    -  1.00e+00 1.56e-02h  7
2692  1.9883602e-04 3.89e-09 7.07e+01  -4.1 1.27e-04    -  1.00e+00 1.00e+00H  1
2693  1.9882821e-04 3.35e-09 7.07e+01  -4.1 7.11e-04    -  1.00e+00 1.25e-01h  4
2694  1.9882559e-04 3.42e-09 7.07e+01  -4.1 7.42e-02    -  1.00e+00 4.88e-04h 12
2695  1.9884272e-04 1.70e-09 7.06e+01  -4.1 3.28e-04    -  1.00e+00 1.00e+00H  1
2696  1.9884275e-04 1.38e-09 7.06e+01  -4.1 1.63e-02    -  1.00e+00 3.91e-03h  9
2697  1.9883074e-04 1.82e-09 7.05e+01  -4.1 2.30e-03    -  1.00e+00 1.56e-02h  7
2698  1.9882839e-04 1.58e-09 7.09e+01  -4.1 3.53e-03    -  1.00e+00 1.56e-02h  7
2699  1.9882872e-04 1.54e-09 7.09e+01  -4.1 1.77e-03    -  1.00e+00 7.81e-03h  8
iter    objective    inf_pr   inf_du lg(mu)  ||d||  lg(rg) alpha_du alpha_pr  ls
2700  1.9882154e-04 1.86e-09 7.05e+01  -4.1 1.98e-03    -  1.00e+00 3.12e-02h  6
2701  1.9882856e-04 2.19e-09 7.06e+01  -4.1 2.11e-04    -  1.00e+00 2.50e-01h  3
2702  1.9882676e-04 2.60e-09 7.05e+01  -4.1 8.34e-04    -  1.00e+00 6.25e-02h  5
2703  1.9882439e-04 2.76e-09 7.05e+01  -4.1 3.09e-03    -  1.00e+00 7.81e-03h  8
2704  1.9882537e-04 2.75e-09 7.09e+01  -4.1 9.04e-04    -  1.00e+00 7.81e-03h  8
2705  1.9882546e-04 2.71e-09 7.09e+01  -4.1 4.24e-04    -  1.00e+00 1.56e-02h  7
2706  1.9882548e-04 2.71e-09 7.09e+01  -4.1 2.36e-03    -  1.00e+00 1.95e-03h 10
2707  1.9881633e-04 7.32e-09 7.05e+01  -4.1 1.91e-04    -  1.00e+00 1.00e+00h  1
2708  1.9881738e-04 7.47e-09 7.05e+01  -4.1 1.64e-03    -  1.00e+00 1.56e-02h  7
2709  1.9881344e-04 2.17e-08 7.09e+01  -4.1 5.80e-02    -  1.00e+00 7.81e-03h  8
iter    objective    inf_pr   inf_du lg(mu)  ||d||  lg(rg) alpha_du alpha_pr  ls
2710  1.9881529e-04 2.10e-08 7.09e+01  -4.1 2.00e-04    -  1.00e+00 3.12e-02h  6
2711  1.9881619e-04 2.07e-08 7.09e+01  -4.1 3.12e-03    -  1.00e+00 1.56e-02h  7
2712  1.9881416e-04 2.07e-08 7.05e+01  -4.1 2.93e-02    -  1.00e+00 1.95e-03h 10
2713  1.9881613e-04 2.01e-08 7.05e+01  -4.1 3.33e-04    -  1.00e+00 3.12e-02h  6
2714  1.9881595e-04 2.20e-08 7.09e+01  -4.1 3.07e-02    -  1.00e+00 3.91e-03h  9
2715  1.9881620e-04 2.19e-08 7.09e+01  -4.1 8.10e-04    -  1.00e+00 3.91e-03h  9
2716  1.9881605e-04 2.20e-08 7.09e+01  -4.1 3.10e-02    -  1.00e+00 9.77e-04h 11
2717  1.9881625e-04 2.19e-08 7.09e+01  -4.1 3.48e-04    -  1.00e+00 3.91e-03h  9
2718  1.9881602e-04 2.21e-08 7.09e+01  -4.1 1.44e-02    -  1.00e+00 7.81e-03h  8
2719  1.9881617e-04 2.20e-08 7.09e+01  -4.1 2.89e-03    -  1.00e+00 3.91e-03h  9
iter    objective    inf_pr   inf_du lg(mu)  ||d||  lg(rg) alpha_du alpha_pr  ls
2720  1.9881599e-04 2.50e-08 7.05e+01  -4.1 2.78e-02    -  1.00e+00 3.91e-03h  9
2721  1.9881604e-04 2.50e-08 7.05e+01  -4.1 3.93e-03    -  1.00e+00 9.77e-04h 11
2722  1.9881583e-04 2.50e-08 7.09e+01  -4.1 8.54e-03    -  1.00e+00 3.91e-03h  9
2723  1.9887006e-04 1.83e-08 7.07e+01  -4.1 2.25e-04    -  1.00e+00 1.00e+00h  1
2724  1.9882140e-04 3.77e-09 7.07e+01  -4.1 3.29e-04    -  1.00e+00 1.00e+00H  1
2725  1.9880917e-04 2.69e-08 7.07e+01  -4.1 1.72e-03    -  1.00e+00 2.50e-01h  3
2726  1.9882166e-04 1.95e-09 7.08e+01  -4.1 5.04e-05    -  1.00e+00 1.00e+00h  1
2727  1.9882280e-04 1.58e-09 7.07e+01  -4.1 1.26e-03    -  1.00e+00 3.12e-02h  6
2728  1.9879804e-04 3.34e-08 7.05e+01  -4.1 3.39e-04    -  1.00e+00 1.00e+00h  1
2729  1.9879728e-04 3.15e-08 7.05e+01  -4.1 1.23e-03    -  1.00e+00 6.25e-02h  5
iter    objective    inf_pr   inf_du lg(mu)  ||d||  lg(rg) alpha_du alpha_pr  ls
2730  1.9879818e-04 3.27e-08 7.06e+01  -4.1 8.34e-04    -  1.00e+00 1.25e-01h  4
2731  1.9881561e-04 2.49e-08 7.06e+01  -4.1 2.76e-04    -  1.00e+00 2.50e-01h  3
2732  1.9881443e-04 2.58e-08 7.07e+01  -4.1 4.34e-03    -  1.00e+00 1.56e-02h  7
2733  1.9881545e-04 2.51e-08 7.08e+01  -4.1 5.55e-03    -  1.00e+00 1.56e-02h  7
2734  1.9881559e-04 2.50e-08 7.08e+01  -4.1 4.17e-03    -  1.00e+00 3.91e-03h  9
2735  1.9881239e-04 2.55e-08 7.07e+01  -4.1 3.12e-03    -  1.00e+00 1.56e-02h  7
2736  1.9885097e-04 1.22e-08 7.06e+01  -4.1 2.92e-04    -  1.00e+00 1.00e+00h  1
2737  1.9884481e-04 1.12e-08 7.07e+01  -4.1 4.97e-03    -  1.00e+00 3.12e-02h  6
2738  1.9875540e-04 3.78e-07 7.11e+01  -4.1 3.42e-03    -  1.00e+00 5.00e-01h  2
2739  1.9874629e-04 1.86e-07 7.03e+01  -4.1 1.33e-03    -  1.00e+00 1.00e+00h  1
iter    objective    inf_pr   inf_du lg(mu)  ||d||  lg(rg) alpha_du alpha_pr  ls
2740  1.9875187e-04 1.85e-07 7.11e+01  -4.1 6.62e-03    -  1.00e+00 3.12e-02h  6
2741  1.9873577e-04 2.13e-07 7.03e+01  -4.1 9.76e-02    -  1.00e+00 3.91e-03h  9
2742  1.9873312e-04 2.17e-07 7.11e+01  -4.1 2.30e-02    -  1.00e+00 1.56e-02h  7
2743  1.9878353e-04 4.24e-08 7.11e+01  -4.1 5.92e-04    -  1.00e+00 1.00e+00h  1
2744  1.9877645e-04 3.83e-08 7.04e+01  -4.1 5.33e-04    -  1.00e+00 5.00e-01h  2
2745  1.9881685e-04 1.47e-08 7.04e+01  -4.1 2.66e-04    -  1.00e+00 1.00e+00H  1
2746  1.9881476e-04 1.53e-08 7.04e+01  -4.1 3.00e-03    -  1.00e+00 6.25e-02h  5
2747  1.9881360e-04 1.66e-08 7.04e+01  -4.1 4.72e-02    -  1.00e+00 3.91e-03h  9
2748  1.9881060e-04 1.66e-08 7.10e+01  -4.1 3.38e-01    -  1.00e+00 2.44e-04h 13
2749  1.9879136e-04 1.36e-08 7.06e+01  -4.1 1.78e-04    -  1.00e+00 1.00e+00h  1
iter    objective    inf_pr   inf_du lg(mu)  ||d||  lg(rg) alpha_du alpha_pr  ls
2750  1.9880560e-04 1.40e-08 7.06e+01  -4.1 1.90e-03    -  1.00e+00 2.50e-01h  3
2751  1.9880853e-04 1.28e-08 7.06e+01  -4.1 2.03e-02    -  1.00e+00 1.56e-02h  7
2752  1.9877586e-04 1.39e-07 7.08e+01  -4.1 7.63e-02    -  1.00e+00 1.56e-02h  7
2753  1.9877625e-04 1.34e-07 7.08e+01  -4.1 6.13e-04    -  1.00e+00 3.12e-02h  6
2754  1.9863781e-04 1.16e-06 7.07e+01  -4.1 5.28e-03    -  1.00e+00 5.00e-01h  2
2755  1.9865244e-04 6.34e-07 7.08e+01  -4.1 2.98e-03    -  1.00e+00 5.00e-01h  2
2756  1.9868131e-04 5.65e-07 7.05e+01  -4.1 6.46e-03    -  1.00e+00 1.25e-01h  4
2757  1.9873535e-04 3.20e-07 7.04e+01  -4.1 6.97e-04    -  1.00e+00 5.00e-01h  2
2758  1.9868539e-04 3.14e-07 7.10e+01  -4.1 7.43e-02    -  1.00e+00 3.91e-03h  9
2759  1.9876857e-04 1.69e-07 7.10e+01  -4.1 2.50e-03    -  1.00e+00 5.00e-01h  2
iter    objective    inf_pr   inf_du lg(mu)  ||d||  lg(rg) alpha_du alpha_pr  ls
2760  1.9875385e-04 1.30e-07 7.03e+01  -4.1 1.70e-03    -  1.00e+00 2.50e-01h  3
2761  1.9877567e-04 6.85e-08 7.11e+01  -4.1 1.04e-03    -  1.00e+00 1.00e+00h  1
2762  1.9877446e-04 6.51e-08 7.11e+01  -4.1 3.48e-03    -  1.00e+00 6.25e-02h  5
2763  1.9877002e-04 4.72e-08 7.10e+01  -4.1 2.17e-03    -  1.00e+00 2.50e-01h  3
2764  1.9877039e-04 4.22e-08 7.04e+01  -4.1 4.47e-04    -  1.00e+00 2.50e-01h  3
2765  1.9877459e-04 3.94e-08 7.11e+01  -4.1 4.50e-04    -  1.00e+00 1.25e-01h  4
2766  1.9880684e-04 9.08e-09 7.10e+01  -4.1 1.13e-04    -  1.00e+00 1.00e+00h  1
2767  1.9880735e-04 6.32e-09 7.04e+01  -4.1 4.91e-04    -  1.00e+00 2.50e-01h  3
2768  1.9880694e-04 3.56e-09 7.09e+01  -4.1 2.50e-04    -  1.00e+00 5.00e-01h  2
2769  1.9883996e-04 1.85e-09 7.06e+01  -4.1 4.57e-04    -  1.00e+00 1.00e+00H  1
iter    objective    inf_pr   inf_du lg(mu)  ||d||  lg(rg) alpha_du alpha_pr  ls
2770  1.9883542e-04 2.30e-09 7.07e+01  -4.1 3.88e-03    -  1.00e+00 3.12e-02h  6
2771  1.9883267e-04 3.44e-09 7.07e+01  -4.1 1.58e-03    -  1.00e+00 1.25e-01h  4
2772  1.9883211e-04 3.61e-09 7.07e+01  -4.1 2.75e-02    -  1.00e+00 1.95e-03h 10
2773  1.9868352e-04 2.13e-07 7.03e+01  -4.1 7.27e-04    -  1.00e+00 1.00e+00h  1
2774  1.9874807e-04 1.42e-07 7.11e+01  -4.1 1.58e-02    -  1.00e+00 6.25e-02h  5
2775  1.9875126e-04 1.37e-07 7.11e+01  -4.1 1.61e-03    -  1.00e+00 3.12e-02h  6
2776  1.9874417e-04 1.40e-07 7.10e+01  -4.1 2.96e-02    -  1.00e+00 3.12e-02h  6
2777  1.9875245e-04 9.17e-08 7.06e+01  -4.1 1.10e-03    -  1.00e+00 5.00e-01h  2
2778  1.9876353e-04 7.16e-08 7.08e+01  -4.1 1.52e-03    -  1.00e+00 2.50e-01h  3
2779  1.9876700e-04 6.69e-08 7.08e+01  -4.1 1.38e-03    -  1.00e+00 6.25e-02h  5
iter    objective    inf_pr   inf_du lg(mu)  ||d||  lg(rg) alpha_du alpha_pr  ls
2780  1.9876703e-04 5.70e-08 7.09e+01  -4.1 2.62e-03    -  1.00e+00 1.25e-01h  4
2781  1.9876866e-04 5.39e-08 7.09e+01  -4.1 2.21e-03    -  1.00e+00 6.25e-02h  5
2782  1.9876975e-04 5.39e-08 7.05e+01  -4.1 2.59e-02    -  1.00e+00 9.77e-04h 11
2783  1.9876992e-04 5.37e-08 7.05e+01  -4.1 4.05e-04    -  1.00e+00 3.91e-03h  9
2784  1.9876886e-04 4.70e-08 7.05e+01  -4.1 1.76e-03    -  1.00e+00 1.25e-01h  4
2785  1.9876927e-04 4.66e-08 7.05e+01  -4.1 1.53e-02    -  1.00e+00 7.81e-03h  8
2786  1.9876968e-04 4.62e-08 7.05e+01  -4.1 3.27e-04    -  1.00e+00 7.81e-03h  8
2787  1.9876956e-04 4.63e-08 7.09e+01  -4.1 3.72e-02    -  1.00e+00 9.77e-04h 11
2788  1.9876976e-04 4.61e-08 7.09e+01  -4.1 1.69e-04    -  1.00e+00 3.91e-03h  9
2789  1.9879050e-04 3.02e-08 7.06e+01  -4.1 7.09e-04    -  1.00e+00 5.00e-01h  2
iter    objective    inf_pr   inf_du lg(mu)  ||d||  lg(rg) alpha_du alpha_pr  ls
2790  1.9879137e-04 2.93e-08 7.06e+01  -4.1 9.89e-04    -  1.00e+00 3.12e-02h  6
2791  1.9880401e-04 2.77e-08 7.08e+01  -4.1 1.78e-04    -  1.00e+00 1.00e+00h  1
2792  1.9879778e-04 1.82e-08 7.08e+01  -4.1 9.73e-04    -  1.00e+00 5.00e-01h  2
2793  1.9880307e-04 1.89e-08 7.09e+01  -4.1 8.97e-04    -  1.00e+00 2.50e-01h  3
2794  1.9880350e-04 1.89e-08 7.06e+01  -4.1 5.35e-03    -  1.00e+00 9.77e-04h 11
2795  1.9882726e-04 3.44e-09 7.06e+01  -4.1 7.71e-05    -  1.00e+00 1.00e+00h  1
2796  1.9882525e-04 6.56e-09 7.06e+01  -4.1 9.73e-03    -  1.00e+00 3.12e-02h  6
2797  1.9881011e-04 6.12e-09 7.08e+01  -4.1 2.13e-04    -  1.00e+00 1.00e+00h  1
2798  1.9881048e-04 6.02e-09 7.08e+01  -4.1 2.85e-03    -  1.00e+00 1.56e-02h  7
2799  1.9881143e-04 6.04e-09 7.07e+01  -4.1 3.41e-03    -  1.00e+00 1.56e-02h  7
iter    objective    inf_pr   inf_du lg(mu)  ||d||  lg(rg) alpha_du alpha_pr  ls
2800  1.9881961e-04 3.52e-09 7.07e+01  -4.1 8.40e-05    -  1.00e+00 5.00e-01h  2
2801  1.9882168e-04 3.45e-09 7.08e+01  -4.1 1.25e-03    -  1.00e+00 6.25e-02h  5
2802  1.9879366e-04 4.69e-09 7.06e+01  -4.1 8.39e-05    -  1.00e+00 1.00e+00h  1
2803  1.9879568e-04 5.16e-09 7.08e+01  -4.1 1.04e-03    -  1.00e+00 3.12e-02h  6
2804  1.9879701e-04 4.56e-09 7.06e+01  -4.1 3.19e-03    -  1.00e+00 3.12e-02h  6
2805  1.9881251e-04 5.05e-09 7.07e+01  -4.1 2.16e-04    -  1.00e+00 2.50e-01h  3
2806  1.9881251e-04 5.05e-09 7.07e+01  -4.1 1.76e-02    -  1.00e+00 4.88e-04h 12
2807  1.9883921e-04 9.52e-10 7.07e+01  -4.1 1.41e-04    -  1.00e+00 1.00e+00H  1
2808  1.9883843e-04 1.94e-09 7.07e+01  -4.1 2.11e-03    -  1.00e+00 6.25e-02h  5
2809  1.9791079e-04 7.02e-06 7.21e+01  -4.1 4.69e-03    -  1.00e+00 1.00e+00h  1
iter    objective    inf_pr   inf_du lg(mu)  ||d||  lg(rg) alpha_du alpha_pr  ls
2810  1.9796835e-04 6.90e-06 7.21e+01  -4.1 8.41e-02    -  1.00e+00 1.56e-02h  7
2811  1.9848113e-04 1.63e-06 7.12e+01  -4.1 2.29e-03    -  1.00e+00 1.00e+00h  1
2812  1.9837628e-04 1.63e-06 7.03e+01  -4.1 2.41e+00    -  8.03e-01 1.23e-06h 17
2813  1.9865354e-04 3.81e-07 7.08e+01  -4.1 1.12e-03    -  1.00e+00 1.00e+00h  1
2814  1.9862892e-04 3.18e-07 7.08e+01  -4.1 3.26e-03    -  1.00e+00 1.25e-01h  4
2815  1.9870420e-04 3.12e-07 7.05e+01  -4.1 1.29e-03    -  1.00e+00 5.00e-01h  2
2816  1.9870144e-04 3.12e-07 7.04e+01  -4.1 5.78e-02    -  1.00e+00 1.56e-02h  7
2817  1.9873112e-04 1.98e-07 7.03e+01  -4.1 1.55e-03    -  1.00e+00 5.00e-01h  2
2818  1.9877284e-04 1.31e-07 7.11e+01  -4.1 1.06e-03    -  1.00e+00 5.00e-01h  2
2819  1.9877650e-04 9.79e-08 7.11e+01  -4.1 2.00e-03    -  1.00e+00 2.50e-01h  3
iter    objective    inf_pr   inf_du lg(mu)  ||d||  lg(rg) alpha_du alpha_pr  ls
2820  1.9877370e-04 5.08e-08 7.10e+01  -4.1 1.16e-03    -  1.00e+00 5.00e-01h  2
2821  1.9876449e-04 5.46e-08 7.10e+01  -4.1 6.63e-03    -  1.00e+00 1.56e-02h  7
2822  1.9877085e-04 5.28e-08 7.04e+01  -4.1 1.50e-02    -  1.00e+00 1.56e-02h  7
2823  1.9877364e-04 5.37e-08 7.04e+01  -4.1 2.99e-03    -  1.00e+00 1.25e-01h  4
2824  1.9877426e-04 4.61e-08 7.10e+01  -4.1 1.25e-03    -  1.00e+00 5.00e-01h  2
2825  1.9878095e-04 3.68e-08 7.04e+01  -4.1 8.74e-04    -  1.00e+00 2.50e-01h  3
2826  1.9877771e-04 3.51e-08 7.04e+01  -4.1 1.65e-03    -  1.00e+00 1.25e-01h  4
2827  1.9878531e-04 2.96e-08 7.10e+01  -4.1 6.61e-04    -  1.00e+00 2.50e-01h  3
2828  1.9878814e-04 2.59e-08 7.10e+01  -4.1 2.66e-04    -  1.00e+00 1.25e-01h  4
2829  1.9878690e-04 2.85e-08 7.10e+01  -4.1 8.22e-03    -  1.00e+00 7.81e-03h  8
iter    objective    inf_pr   inf_du lg(mu)  ||d||  lg(rg) alpha_du alpha_pr  ls
2830  1.9878888e-04 2.56e-08 7.10e+01  -4.1 7.69e-04    -  1.00e+00 1.25e-01h  4
2831  1.9878876e-04 2.61e-08 7.10e+01  -4.1 6.89e-03    -  1.00e+00 3.91e-03h  9
2832  1.9886327e-04 1.25e-08 7.04e+01  -4.1 2.91e-04    -  1.00e+00 1.00e+00H  1
2833  1.9886077e-04 7.99e-09 7.05e+01  -4.1 6.45e-02    -  1.00e+00 3.91e-03h  9
2834  1.9884580e-04 1.18e-08 7.04e+01  -4.1 4.54e-03    -  1.00e+00 6.25e-02h  5
2835  1.9882070e-04 9.22e-10 7.09e+01  -4.1 1.99e-04    -  1.00e+00 1.00e+00h  1
2836  1.9881910e-04 2.87e-09 7.05e+01  -4.1 3.55e-04    -  1.00e+00 2.50e-01h  3
2837  1.9880212e-04 8.65e-09 7.08e+01  -4.1 1.83e-04    -  1.00e+00 1.00e+00h  1
2838  1.9881239e-04 5.33e-09 7.08e+01  -4.1 6.66e-05    -  1.00e+00 5.00e-01h  2
2839  1.9881193e-04 4.98e-09 7.08e+01  -4.1 9.10e-03    -  1.00e+00 3.12e-02h  6
iter    objective    inf_pr   inf_du lg(mu)  ||d||  lg(rg) alpha_du alpha_pr  ls
2840  1.9881624e-04 4.58e-09 7.06e+01  -4.1 4.47e-04    -  1.00e+00 1.25e-01h  4
2841  1.9882559e-04 1.96e-09 7.07e+01  -4.1 2.92e-04    -  1.00e+00 1.00e+00h  1
2842  1.9881845e-04 3.06e-09 7.07e+01  -4.1 1.06e-04    -  1.00e+00 1.00e+00h  1
2843  1.9882305e-04 2.08e-09 7.07e+01  -4.1 6.89e-05    -  1.00e+00 5.00e-01h  2
2844  1.9881308e-04 3.63e-09 7.07e+01  -4.1 2.45e-03    -  1.00e+00 3.12e-02h  6
2845  1.9881831e-04 2.79e-09 7.07e+01  -4.1 9.02e-05    -  1.00e+00 2.50e-01h  3
2846  1.9881678e-04 2.96e-09 7.07e+01  -4.1 4.84e-02    -  1.00e+00 9.77e-04h 11
2847  1.9881635e-04 4.02e-09 7.07e+01  -4.1 2.03e-01    -  1.00e+00 2.44e-04h 13
2848  1.9881661e-04 3.96e-09 7.07e+01  -4.1 8.00e-05    -  1.00e+00 1.56e-02h  7
2849  1.9881648e-04 3.87e-09 7.07e+01  -4.1 2.23e-02    -  1.00e+00 1.95e-03h 10
iter    objective    inf_pr   inf_du lg(mu)  ||d||  lg(rg) alpha_du alpha_pr  ls
2850  1.9881477e-04 4.04e-09 7.07e+01  -4.1 3.00e-02    -  1.00e+00 9.77e-04h 11
2851  1.9881506e-04 4.05e-09 7.07e+01  -4.1 3.73e-03    -  1.00e+00 7.81e-03h  8
2852  1.9882043e-04 3.59e-10 7.06e+01  -4.1 3.90e-05    -  1.00e+00 1.00e+00h  1
2853  1.9882047e-04 3.65e-10 7.06e+01  -4.1 4.66e-03    -  1.00e+00 9.77e-04h 11
2854  1.9885304e-04 1.10e-10 7.07e+01  -4.1 2.01e-04    -  1.00e+00 1.00e+00H  1
2855  1.9884883e-04 1.07e-09 7.07e+01  -4.1 4.32e-02    -  1.00e+00 9.77e-04h 11
2856  1.9884433e-04 1.36e-09 7.07e+01  -4.1 6.40e-04    -  1.00e+00 1.25e-01h  4
2857  1.9884087e-04 1.65e-09 7.07e+01  -4.1 6.39e-04    -  1.00e+00 6.25e-02h  5
2858  1.9883788e-04 1.78e-09 7.07e+01  -4.1 1.01e-03    -  1.00e+00 1.56e-02h  7
2859  1.9883683e-04 1.79e-09 7.07e+01  -4.1 1.11e-01    -  1.00e+00 1.22e-04h 14
iter    objective    inf_pr   inf_du lg(mu)  ||d||  lg(rg) alpha_du alpha_pr  ls
2860  1.9874888e-04 1.12e-07 7.10e+01  -4.1 4.91e-04    -  1.00e+00 1.00e+00h  1
2861  1.9874313e-04 1.18e-07 7.10e+01  -4.1 1.25e-02    -  1.00e+00 6.25e-02h  5
2862  1.9874883e-04 1.11e-07 7.09e+01  -4.1 2.81e-03    -  1.00e+00 1.25e-01h  4
2863  1.9877025e-04 8.59e-08 7.07e+01  -4.1 6.99e-04    -  1.00e+00 2.50e-01h  3
2864  1.9876790e-04 8.60e-08 7.07e+01  -4.1 8.10e-03    -  1.00e+00 1.56e-02h  7
2865  1.9877685e-04 7.83e-08 7.07e+01  -4.1 1.98e-03    -  1.00e+00 1.25e-01h  4
2866  1.9877609e-04 8.04e-08 7.07e+01  -4.1 7.89e-02    -  1.00e+00 1.95e-03h 10
2867  1.9877654e-04 7.98e-08 7.07e+01  -4.1 3.02e-03    -  1.00e+00 7.81e-03h  8
2868  1.9878280e-04 7.31e-08 7.07e+01  -4.1 1.25e-03    -  1.00e+00 1.25e-01h  4
2869  1.9878580e-04 6.85e-08 7.06e+01  -4.1 3.77e-04    -  1.00e+00 6.25e-02h  5
iter    objective    inf_pr   inf_du lg(mu)  ||d||  lg(rg) alpha_du alpha_pr  ls
2870  1.9878665e-04 6.63e-08 7.07e+01  -4.1 1.68e-04    -  1.00e+00 3.12e-02h  6
2871  1.9878660e-04 6.62e-08 7.06e+01  -4.1 1.54e-02    -  1.00e+00 1.95e-03h 10
2872  1.9878679e-04 6.60e-08 7.06e+01  -4.1 3.17e-04    -  1.00e+00 3.91e-03h  9
2873  1.9878666e-04 6.60e-08 7.08e+01  -4.1 6.59e-02    -  1.00e+00 2.98e-08h 26
2874  1.9878678e-04 6.57e-08 7.08e+01  -4.1 1.82e-04    -  1.00e+00 3.91e-03h  9
2875  1.9878683e-04 6.56e-08 7.08e+01  -4.1 1.01e-03    -  1.00e+00 9.77e-04h 11
2876  1.9878685e-04 6.56e-08 7.08e+01  -4.1 8.20e-04    -  1.00e+00 4.88e-04h 12
2877  1.9878686e-04 6.56e-08 7.08e+01  -4.1 4.33e-04    -  1.00e+00 1.22e-04h 14
2878  1.9878686e-04 6.56e-08 7.08e+01  -4.1 7.36e-04    -  1.00e+00 6.10e-05h 15
2879  1.9882803e-04 2.10e-08 7.06e+01  -4.1 2.19e-04    -  1.00e+00 1.00e+00h  1
iter    objective    inf_pr   inf_du lg(mu)  ||d||  lg(rg) alpha_du alpha_pr  ls
2880  1.9881439e-04 5.38e-08 7.06e+01  -4.1 6.91e-02    -  1.00e+00 3.91e-03h  9
2881  1.9882849e-04 2.05e-08 7.05e+01  -4.1 1.32e-04    -  1.00e+00 1.00e+00h  1
2882  1.9882590e-04 2.03e-08 7.10e+01  -4.1 1.56e-03    -  1.00e+00 1.56e-02h  7
2883  1.9869528e-04 2.58e-07 7.09e+01  -4.1 5.75e-04    -  1.00e+00 1.00e+00h  1
2884  1.9877136e-04 2.30e-07 7.06e+01  -4.1 4.45e-04    -  1.00e+00 1.00e+00h  1
2885  1.9876712e-04 9.95e-08 7.10e+01  -4.1 8.43e-04    -  1.00e+00 5.00e-01h  2
2886  1.9876971e-04 8.32e-08 7.05e+01  -4.1 6.09e-04    -  1.00e+00 1.00e+00h  1
2887  1.9877914e-04 6.23e-08 7.09e+01  -4.1 6.42e-04    -  1.00e+00 2.50e-01h  3
2888  1.9877292e-04 5.24e-08 7.05e+01  -4.1 1.21e-03    -  1.00e+00 5.00e-01h  2
2889  1.9882606e-04 3.33e-08 7.04e+01  -4.1 4.52e-04    -  1.00e+00 1.00e+00h  1
iter    objective    inf_pr   inf_du lg(mu)  ||d||  lg(rg) alpha_du alpha_pr  ls
2890  1.9882092e-04 3.44e-08 7.04e+01  -4.1 1.14e-01    -  1.00e+00 1.95e-03h 10
2891  1.9880163e-04 3.65e-08 7.05e+01  -4.1 4.65e-03    -  1.00e+00 6.25e-02h  5
2892  1.9881283e-04 3.03e-08 7.08e+01  -4.1 6.63e-04    -  1.00e+00 1.00e+00h  1
2893  1.9881872e-04 1.81e-08 7.08e+01  -4.1 4.80e-04    -  1.00e+00 5.00e-01h  2
2894  1.9881840e-04 1.81e-08 7.08e+01  -4.1 3.13e-02    -  1.00e+00 1.22e-04h 14
2895  1.9881953e-04 1.81e-08 7.06e+01  -4.1 2.39e-02    -  1.00e+00 9.77e-04h 11
2896  1.9881885e-04 1.70e-08 7.05e+01  -4.1 1.20e-03    -  1.00e+00 5.00e-01h  2
2897  1.9879658e-04 2.31e-08 7.06e+01  -4.1 1.49e-03    -  1.00e+00 2.50e-01h  3
2898  1.9879851e-04 2.16e-08 7.09e+01  -4.1 1.80e-03    -  1.00e+00 1.25e-01h  4
2899  1.9879798e-04 2.28e-08 7.09e+01  -4.1 1.41e-02    -  1.00e+00 3.91e-03h  9
iter    objective    inf_pr   inf_du lg(mu)  ||d||  lg(rg) alpha_du alpha_pr  ls
2900  1.9880001e-04 1.59e-08 7.09e+01  -4.1 1.14e-03    -  1.00e+00 2.50e-01h  3
2901  1.9883369e-04 1.43e-08 7.06e+01  -4.1 1.76e-04    -  1.00e+00 1.00e+00H  1
2902  1.9883445e-04 1.44e-08 7.08e+01  -4.1 4.03e-03    -  1.00e+00 7.81e-03h  8
2903  1.9824553e-04 1.04e-05 7.25e+01  -4.1 4.71e-03    -  1.00e+00 1.00e+00h  1
2904  1.9841225e-04 5.40e-06 7.13e+01  -4.1 2.45e-03    -  1.00e+00 1.00e+00h  1
2905  1.9851886e-04 4.03e-06 7.13e+01  -4.1 1.27e-02    -  1.00e+00 2.50e-01h  3
2906  1.9844748e-04 2.79e-06 7.02e+01  -4.1 2.98e-03    -  1.00e+00 1.00e+00h  1
2907  1.9844786e-04 1.82e-06 7.13e+01  -4.1 1.55e-03    -  1.00e+00 1.00e+00h  1
2908  1.9856911e-04 7.06e-07 7.12e+01  -4.1 9.05e-04    -  1.00e+00 1.00e+00h  1
2909  1.9860189e-04 3.57e-07 7.12e+01  -4.1 2.00e-03    -  1.00e+00 5.00e-01h  2
iter    objective    inf_pr   inf_du lg(mu)  ||d||  lg(rg) alpha_du alpha_pr  ls
2910  1.9865400e-04 3.68e-07 7.02e+01  -4.1 1.28e-01    -  1.00e+00 3.91e-03h  9
2911  1.9865135e-04 4.82e-07 7.02e+01  -4.1 8.71e-04    -  1.00e+00 1.00e+00h  1
2912  1.9871397e-04 1.66e-07 7.12e+01  -4.1 5.59e-04    -  1.00e+00 1.00e+00h  1
2913  1.9874488e-04 1.08e-07 7.02e+01  -4.1 1.37e-03    -  1.00e+00 2.50e-01h  3
2914  1.9874598e-04 9.81e-08 7.02e+01  -4.1 3.14e-03    -  1.00e+00 6.25e-02h  5
2915  1.9871924e-04 1.07e-07 7.02e+01  -4.1 1.65e-03    -  1.00e+00 2.50e-01h  3
2916  1.9877677e-04 2.87e-08 7.11e+01  -4.1 1.94e-04    -  1.00e+00 1.00e+00h  1
2917  1.9878912e-04 2.44e-08 7.03e+01  -4.1 1.31e-03    -  1.00e+00 2.50e-01h  3
2918  1.9879483e-04 1.78e-08 7.04e+01  -4.1 3.25e-04    -  1.00e+00 1.00e+00h  1
2919  1.9880759e-04 7.07e-09 7.09e+01  -4.1 1.80e-04    -  1.00e+00 1.00e+00h  1
iter    objective    inf_pr   inf_du lg(mu)  ||d||  lg(rg) alpha_du alpha_pr  ls
2920  1.9881167e-04 7.17e-09 7.09e+01  -4.1 4.17e-04    -  1.00e+00 2.50e-01h  3
2921  1.9880444e-04 6.71e-09 7.06e+01  -4.1 6.57e-04    -  1.00e+00 5.00e-01h  2
2922  1.9881077e-04 4.81e-09 7.06e+01  -4.1 2.24e-04    -  1.00e+00 2.50e-01h  3
2923  1.9880959e-04 4.88e-09 7.06e+01  -4.1 1.16e-01    -  1.00e+00 9.77e-04h 11
2924  1.9880692e-04 2.71e-09 7.08e+01  -4.1 9.34e-05    -  1.00e+00 5.00e-01h  2
2925  1.9884366e-04 8.18e-10 7.09e+01  -4.1 2.35e-04    -  1.00e+00 1.00e+00H  1
2926  1.9884358e-04 1.36e-09 7.09e+01  -4.1 2.56e-02    -  1.00e+00 7.81e-03h  8
2927  1.9869617e-04 1.54e-07 7.07e+01  -4.1 1.40e-02    -  1.00e+00 6.25e-02h  5
2928  1.9870828e-04 1.33e-07 7.07e+01  -4.1 1.10e-03    -  1.00e+00 1.25e-01h  4
2929  1.9870761e-04 1.43e-07 7.09e+01  -4.1 3.10e-03    -  1.00e+00 2.50e-01h  3
iter    objective    inf_pr   inf_du lg(mu)  ||d||  lg(rg) alpha_du alpha_pr  ls
2930  1.9871258e-04 1.34e-07 7.09e+01  -4.1 6.86e-04    -  1.00e+00 6.25e-02h  5
2931  1.9871156e-04 1.33e-07 7.05e+01  -4.1 1.27e-02    -  1.00e+00 7.81e-03h  8
2932  1.9875968e-04 6.52e-08 7.10e+01  -4.1 4.38e-04    -  1.00e+00 5.00e-01h  2
2933  1.9875060e-04 7.16e-08 7.10e+01  -4.1 3.06e-02    -  1.00e+00 1.56e-02h  7
2934  1.9875195e-04 6.56e-08 7.10e+01  -4.1 2.75e-03    -  1.00e+00 1.25e-01h  4
2935  1.9876402e-04 4.86e-08 7.04e+01  -4.1 1.76e-04    -  1.00e+00 2.50e-01h  3
2936  1.9877635e-04 3.93e-08 7.11e+01  -4.1 8.13e-04    -  1.00e+00 2.50e-01h  3
2937  1.9877658e-04 3.90e-08 7.11e+01  -4.1 3.72e-04    -  1.00e+00 7.81e-03h  8
2938  1.9877671e-04 3.85e-08 7.04e+01  -4.1 3.62e-03    -  1.00e+00 1.56e-02h  7
2939  1.9880890e-04 1.77e-08 7.10e+01  -4.1 3.13e-04    -  1.00e+00 1.00e+00h  1
iter    objective    inf_pr   inf_du lg(mu)  ||d||  lg(rg) alpha_du alpha_pr  ls
2940  1.9880651e-04 1.27e-08 7.10e+01  -4.1 3.80e-03    -  1.00e+00 3.12e-02h  6
2941  1.9880270e-04 2.31e-08 7.09e+01  -4.1 1.07e-03    -  1.00e+00 2.50e-01h  3
2942  1.9880584e-04 1.83e-08 7.10e+01  -4.1 1.01e-03    -  1.00e+00 2.50e-01h  3
2943  1.9880625e-04 1.87e-08 7.10e+01  -4.1 5.54e-03    -  1.00e+00 3.12e-02h  6
2944  1.9879212e-04 1.23e-08 7.06e+01  -4.1 2.15e-04    -  1.00e+00 1.00e+00h  1
2945  1.9885032e-04 2.53e-09 7.05e+01  -4.1 4.22e-04    -  1.00e+00 1.00e+00H  1
2946  1.9884756e-04 6.38e-09 7.09e+01  -4.1 7.26e-04    -  1.00e+00 1.25e-01h  4
2947  1.9860891e-04 1.58e-06 7.07e+01  -4.1 4.65e-02    -  1.00e+00 6.25e-02h  5
2948  1.9864805e-04 1.05e-06 7.08e+01  -4.1 1.86e-03    -  1.00e+00 5.00e-01h  2
2949  1.9861595e-04 6.35e-07 7.11e+01  -4.1 4.08e-03    -  1.00e+00 5.00e-01h  2
iter    objective    inf_pr   inf_du lg(mu)  ||d||  lg(rg) alpha_du alpha_pr  ls
2950  1.9876669e-04 2.61e-07 7.02e+01  -4.1 1.85e-03    -  1.00e+00 1.00e+00h  1
2951  1.9877398e-04 2.52e-07 7.12e+01  -4.1 1.35e-03    -  1.00e+00 3.12e-02h  6
2952  1.9875027e-04 4.38e-07 7.13e+01  -4.1 2.19e-02    -  1.00e+00 1.25e-01h  4
2953  1.9875255e-04 3.13e-07 7.13e+01  -4.1 3.86e-03    -  1.00e+00 2.50e-01h  3
2954  1.9868827e-04 4.36e-07 7.13e+01  -4.1 4.48e-01    -  1.00e+00 3.91e-03h  9
2955  1.9869733e-04 2.54e-07 7.12e+01  -4.1 1.21e-03    -  1.00e+00 5.00e-01h  2
2956  1.9860440e-04 5.04e-07 7.03e+01  -4.1 9.53e-04    -  1.00e+00 1.00e+00h  1
2957  1.9874627e-04 2.90e-07 7.02e+01  -4.1 8.30e-04    -  1.00e+00 1.00e+00h  1
2958  1.9876140e-04 2.85e-07 7.12e+01  -4.1 2.39e-03    -  1.00e+00 1.56e-02h  7
2959  1.9874491e-04 2.69e-07 7.12e+01  -4.1 1.63e-03    -  1.00e+00 5.00e-01h  2
iter    objective    inf_pr   inf_du lg(mu)  ||d||  lg(rg) alpha_du alpha_pr  ls
2960  1.9874010e-04 2.82e-07 7.11e+01  -4.1 6.41e-04    -  1.00e+00 1.00e+00h  1
2961  1.9867966e-04 2.69e-07 7.03e+01  -4.1 4.18e-04    -  1.00e+00 1.00e+00h  1
2962  1.9876835e-04 7.37e-08 7.12e+01  -4.1 5.02e-04    -  1.00e+00 1.00e+00h  1
2963  1.9876355e-04 6.17e-08 7.03e+01  -4.1 4.46e-04    -  1.00e+00 5.00e-01h  2
2964  1.9877141e-04 2.98e-08 7.11e+01  -4.1 8.27e-04    -  1.00e+00 5.00e-01h  2
2965  1.9878608e-04 3.00e-08 7.03e+01  -4.1 4.83e-04    -  1.00e+00 2.50e-01h  3
2966  1.9883272e-04 7.83e-09 7.10e+01  -4.1 2.05e-04    -  1.00e+00 1.00e+00H  1
2967  1.9882335e-04 1.00e-08 7.10e+01  -4.1 1.25e-02    -  1.00e+00 1.56e-02h  7
2968  1.9882131e-04 9.38e-09 7.10e+01  -4.1 1.23e-03    -  1.00e+00 1.25e-01h  4
2969  1.9880655e-04 1.01e-08 7.09e+01  -4.1 3.80e-04    -  1.00e+00 2.50e-01h  3
iter    objective    inf_pr   inf_du lg(mu)  ||d||  lg(rg) alpha_du alpha_pr  ls
2970  1.9881395e-04 9.68e-09 7.06e+01  -4.1 7.08e-04    -  1.00e+00 5.00e-01h  2
2971  1.9881469e-04 9.08e-09 7.06e+01  -4.1 2.52e-03    -  1.00e+00 3.12e-02h  6
2972  1.9881507e-04 8.85e-09 7.06e+01  -4.1 8.78e-04    -  1.00e+00 3.12e-02h  6
2973  1.9881459e-04 8.75e-09 7.06e+01  -4.1 1.11e-02    -  1.00e+00 1.95e-03h 10
2974  1.9884239e-04 4.45e-09 7.07e+01  -4.1 4.21e-04    -  1.00e+00 1.00e+00H  1
2975  1.9883124e-04 2.28e-09 7.07e+01  -4.1 5.36e-04    -  1.00e+00 2.50e-01h  3
2976  1.9882876e-04 2.47e-09 7.07e+01  -4.1 1.60e-03    -  1.00e+00 1.56e-02h  7
2977  1.9882244e-04 6.18e-09 7.07e+01  -4.1 2.63e-03    -  1.00e+00 6.25e-02h  5
2978  1.9882268e-04 6.18e-09 7.07e+01  -4.1 2.54e-02    -  1.00e+00 4.88e-04h 12
2979  1.9881733e-04 1.88e-09 7.06e+01  -4.1 6.33e-05    -  1.00e+00 1.00e+00h  1
iter    objective    inf_pr   inf_du lg(mu)  ||d||  lg(rg) alpha_du alpha_pr  ls
2980  1.9884556e-04 1.16e-09 7.07e+01  -4.1 1.94e-04    -  1.00e+00 1.00e+00H  1
2981  1.9884203e-04 1.23e-09 7.07e+01  -4.1 8.42e-04    -  1.00e+00 6.25e-02h  5
2982  1.9833196e-04 1.57e-05 6.99e+01  -4.1 1.74e-02    -  1.00e+00 2.50e-01h  3
2983  1.9825641e-04 8.78e-06 7.00e+01  -4.1 4.32e-03    -  1.00e+00 5.00e-01h  2
2984  1.9830365e-04 4.42e-06 7.01e+01  -4.1 3.21e-03    -  1.00e+00 5.00e-01h  2
2985  1.9828458e-04 4.42e-06 7.01e+01  -4.1 1.76e-01    -  1.00e+00 1.04e-07h 20
2986  1.9828454e-04 4.42e-06 7.67e+01  -4.1 4.69e-02    -  1.00e+00 7.50e-10h 29
2987  1.9841357e-04 6.48e-07 3.63e+02  -4.1 7.22e-04    -  1.00e+00 1.00e+00h  1
2988  1.9850876e-04 8.31e-08 1.44e+01  -4.1 3.62e-04    -  1.00e+00 1.00e+00H  1
2989  1.9862732e-04 2.42e-07 1.76e+01  -4.1 1.11e-03    -  1.00e+00 5.00e-01h  2
iter    objective    inf_pr   inf_du lg(mu)  ||d||  lg(rg) alpha_du alpha_pr  ls
2990  1.9866820e-04 2.04e-07 1.78e+01  -4.1 7.01e-04    -  1.00e+00 2.50e-01h  3
2991  1.9873962e-04 1.71e-07 1.78e+01  -4.1 5.65e-04    -  1.00e+00 5.00e-01h  2
2992  1.9876266e-04 1.35e-07 1.75e+01  -4.1 3.22e-04    -  1.00e+00 2.50e-01h  3
2993  2.2936376e-04 1.09e-10 4.48e+00  -4.1 5.51e-04    -  1.00e+00 1.00e+00H  1
2994  2.1837333e-04 1.94e-08 1.38e+02  -4.1 2.83e-04    -  1.00e+00 1.00e+00f  1
2995  2.0650249e-04 7.97e-08 1.36e+02  -4.1 3.11e-02    -  1.00e+00 1.56e-02h  7
2996  2.0451632e-04 7.92e-08 5.56e+00  -4.1 2.62e-03    -  1.00e+00 7.81e-03h  8
2997  2.0362464e-04 1.38e-08 5.80e+00  -4.1 2.01e-04    -  1.00e+00 1.00e+00h  1
2998r 2.0362464e-04 1.38e-08 8.57e+01  -4.1 0.00e+00    -  0.00e+00 4.77e-07R 22
2999r 2.0218312e-04 4.43e-09 3.40e-04  -4.0 6.77e-05    -  1.00e+00 1.00e+00f  1
iter    objective    inf_pr   inf_du lg(mu)  ||d||  lg(rg) alpha_du alpha_pr  ls
3000  1.9957730e-04 7.99e-10 7.13e+01  -4.1 3.31e-05    -  1.00e+00 1.00e+00h  1
3001  1.9922638e-04 4.76e-10 7.02e+01  -4.1 1.71e-05    -  1.00e+00 5.00e-01h  2
3002  1.9905612e-04 3.50e-09 7.13e+01  -4.1 6.57e-05    -  1.00e+00 1.00e+00h  1
3003  1.9859079e-04 2.52e-06 7.10e+01  -4.1 1.76e-03    -  1.00e+00 1.00e+00h  1
3004  1.9875866e-04 1.95e-06 7.09e+01  -4.1 1.53e-03    -  1.00e+00 2.50e-01h  3
3005  1.9875647e-04 1.53e-06 7.07e+01  -4.1 1.12e-03    -  1.00e+00 2.50e-01h  3
3006  1.9869840e-04 1.17e-06 7.09e+01  -4.1 8.52e-04    -  1.00e+00 2.50e-01h  3
3007  1.9868947e-04 9.18e-07 7.04e+01  -4.1 1.71e-03    -  1.00e+00 5.00e-01h  2
3008  1.9869063e-04 8.34e-07 7.11e+01  -4.1 2.04e-03    -  1.00e+00 2.50e-01h  3
3009  1.9866625e-04 3.60e-07 7.02e+01  -4.1 8.20e-04    -  1.00e+00 1.00e+00h  1
iter    objective    inf_pr   inf_du lg(mu)  ||d||  lg(rg) alpha_du alpha_pr  ls
3010  1.9885717e-04 1.59e-07 7.11e+01  -4.1 6.99e-04    -  1.00e+00 1.00e+00h  1
3011  1.9882789e-04 1.44e-07 7.11e+01  -4.1 5.77e-03    -  1.00e+00 1.25e-01h  4
3012  1.9877176e-04 1.03e-07 7.12e+01  -4.1 4.67e-04    -  1.00e+00 1.00e+00h  1
3013  1.9876057e-04 1.07e-07 7.03e+01  -4.1 1.35e-03    -  1.00e+00 2.50e-01h  3
3014  1.9875906e-04 8.98e-08 7.03e+01  -4.1 3.39e-03    -  1.00e+00 1.25e-01h  4
3015  1.9881488e-04 7.39e-08 7.11e+01  -4.1 5.62e-04    -  1.00e+00 1.00e+00H  1
3016  1.9880305e-04 6.92e-08 7.11e+01  -4.1 9.16e-04    -  1.00e+00 2.50e-01h  3
3017  1.9880007e-04 6.94e-08 7.03e+01  -4.1 3.06e-02    -  1.00e+00 1.56e-02h  7
3018  1.9879940e-04 3.43e-08 7.04e+01  -4.1 6.45e-04    -  1.00e+00 5.00e-01h  2
3019  1.9886430e-04 3.42e-08 7.09e+01  -4.1 4.30e-04    -  1.00e+00 1.00e+00H  1
iter    objective    inf_pr   inf_du lg(mu)  ||d||  lg(rg) alpha_du alpha_pr  ls
3020  1.9884189e-04 4.21e-08 7.09e+01  -4.1 4.40e-03    -  1.00e+00 6.25e-02h  5
3021  1.9882575e-04 4.12e-08 7.09e+01  -4.1 1.85e-03    -  1.00e+00 1.25e-01h  4
3022  1.9881375e-04 3.95e-08 7.09e+01  -4.1 1.94e-03    -  1.00e+00 3.12e-02h  6
3023  1.9880438e-04 3.91e-08 7.05e+01  -4.1 2.72e-03    -  1.00e+00 3.12e-02h  6
3024  1.9879874e-04 7.74e-08 7.05e+01  -4.1 8.89e-03    -  1.00e+00 3.12e-02h  6
3025  1.9879853e-04 6.89e-08 7.09e+01  -4.1 4.97e-04    -  1.00e+00 2.50e-01h  3
3026  1.9879906e-04 6.66e-08 7.09e+01  -4.1 2.22e-03    -  1.00e+00 3.12e-02h  6
3027  1.9879454e-04 7.95e-08 7.09e+01  -4.1 1.70e-02    -  1.00e+00 7.81e-03h  8
3028  1.9886016e-04 3.52e-08 7.05e+01  -4.1 3.68e-04    -  1.00e+00 1.00e+00H  1
3029  1.9883067e-04 3.37e-08 7.05e+01  -4.1 2.54e-03    -  1.00e+00 1.25e-01h  4
iter    objective    inf_pr   inf_du lg(mu)  ||d||  lg(rg) alpha_du alpha_pr  ls
3030  1.9882787e-04 3.08e-08 7.05e+01  -4.1 7.38e-04    -  1.00e+00 1.25e-01h  4
3031  1.9882148e-04 3.26e-08 7.05e+01  -4.1 5.01e-03    -  1.00e+00 1.56e-02h  7
3032  1.9880298e-04 3.64e-08 7.09e+01  -4.1 4.35e-02    -  1.00e+00 1.95e-03h 10
3033  1.9883721e-04 3.18e-08 7.04e+01  -4.1 4.91e-04    -  1.00e+00 1.00e+00H  1
3034  1.9882451e-04 2.69e-08 7.04e+01  -4.1 6.77e-03    -  1.00e+00 1.56e-02h  7
3035  1.9881386e-04 2.62e-08 7.05e+01  -4.1 3.31e-04    -  1.00e+00 5.00e-01h  2
3036  1.9881380e-04 2.64e-08 7.05e+01  -4.1 9.71e-04    -  1.00e+00 6.25e-02h  5
3037  1.9880144e-04 4.21e-08 7.10e+01  -4.1 1.99e-02    -  1.00e+00 7.81e-03h  8
3038  1.9881597e-04 1.71e-08 7.05e+01  -4.1 1.63e-04    -  1.00e+00 1.00e+00h  1
3039  1.9881563e-04 2.06e-08 7.05e+01  -4.1 9.33e-03    -  1.00e+00 7.81e-03h  8
iter    objective    inf_pr   inf_du lg(mu)  ||d||  lg(rg) alpha_du alpha_pr  ls
3040  1.9881569e-04 1.95e-08 7.06e+01  -4.1 3.99e-04    -  1.00e+00 1.25e-01h  4
3041  1.9879790e-04 4.43e-08 7.08e+01  -4.1 4.75e-04    -  1.00e+00 5.00e-01h  2
3042  1.9882583e-04 1.43e-08 7.08e+01  -4.1 1.21e-04    -  1.00e+00 1.00e+00h  1
3043  1.9880197e-04 2.82e-08 7.07e+01  -4.1 1.96e-03    -  1.00e+00 1.25e-01h  4
3044  1.9881243e-04 1.50e-08 7.06e+01  -4.1 5.97e-04    -  1.00e+00 2.50e-01h  3
3045  1.9881053e-04 1.42e-08 7.07e+01  -4.1 5.09e-04    -  1.00e+00 5.00e-01h  2
3046  1.9880888e-04 1.66e-08 7.07e+01  -4.1 6.78e-03    -  1.00e+00 7.81e-03h  8
3047  1.9881003e-04 1.64e-08 7.07e+01  -4.1 8.72e-04    -  1.00e+00 3.12e-02h  6
3048  1.9881026e-04 1.65e-08 7.07e+01  -4.1 2.31e-03    -  1.00e+00 7.81e-03h  8
3049  1.9880802e-04 2.14e-08 7.07e+01  -4.1 6.69e-02    -  1.00e+00 9.77e-04h 11
iter    objective    inf_pr   inf_du lg(mu)  ||d||  lg(rg) alpha_du alpha_pr  ls
3050  1.9880823e-04 2.16e-08 7.07e+01  -4.1 2.26e-03    -  1.00e+00 7.81e-03h  8
3051  1.9883831e-04 7.54e-09 7.07e+01  -4.1 3.13e-04    -  1.00e+00 1.00e+00H  1
3052  1.9883514e-04 9.00e-09 7.07e+01  -4.1 5.60e-03    -  1.00e+00 1.56e-02h  7
3053  1.9883284e-04 8.71e-09 7.07e+01  -4.1 9.14e-04    -  1.00e+00 1.25e-01h  4
3054  1.9883240e-04 9.22e-09 7.07e+01  -4.1 1.58e-03    -  1.00e+00 3.12e-02h  6
3055  1.9883043e-04 8.74e-09 7.07e+01  -4.1 3.97e-03    -  1.00e+00 1.56e-02h  7
3056  1.9883027e-04 8.85e-09 7.07e+01  -4.1 3.46e-03    -  1.00e+00 3.91e-03h  9
3057  1.9882760e-04 1.15e-08 7.07e+01  -4.1 3.03e-02    -  1.00e+00 3.91e-03h  9
3058  1.9882338e-04 2.43e-07 7.07e+01  -4.1 5.67e-03    -  1.00e+00 1.25e-01h  4
3059  1.9882181e-04 3.59e-07 7.07e+01  -4.1 1.16e-02    -  1.00e+00 3.12e-02h  6
iter    objective    inf_pr   inf_du lg(mu)  ||d||  lg(rg) alpha_du alpha_pr  ls
3060  1.9882530e-04 2.28e-07 7.07e+01  -4.1 5.65e-04    -  1.00e+00 1.00e+00h  1
3061  1.9880563e-04 2.13e-07 7.08e+01  -4.1 2.47e-03    -  1.00e+00 2.50e-01h  3
3062  1.9880554e-04 5.95e-07 7.08e+01  -4.1 5.99e-03    -  1.00e+00 1.25e-01h  4
3063  1.9875930e-04 4.06e-06 7.06e+01  -4.1 8.49e-03    -  1.00e+00 2.50e-01h  3
3064  1.9875624e-04 4.06e-06 7.06e+01  -4.1 3.73e-02    -  1.00e+00 3.91e-03h  9
3065  1.9879277e-04 4.04e-06 7.08e+01  -4.1 1.32e-02    -  1.00e+00 3.91e-03h  9
3066  1.9877564e-04 2.70e-06 7.10e+01  -4.1 1.75e-03    -  1.00e+00 5.00e-01h  2
3067  1.9877049e-04 2.37e-06 7.04e+01  -4.1 5.22e-03    -  1.00e+00 2.50e-01h  3
3068  1.9878466e-04 1.18e-06 7.10e+01  -4.1 8.06e-04    -  1.00e+00 5.00e-01h  2
3069  1.9874436e-04 1.18e-06 7.10e+01  -4.1 3.00e-01    -  1.00e+00 3.91e-03h  9
iter    objective    inf_pr   inf_du lg(mu)  ||d||  lg(rg) alpha_du alpha_pr  ls
3070  1.9874454e-04 1.12e-06 7.10e+01  -4.1 2.51e-03    -  1.00e+00 1.25e-01h  4
3071  1.9879364e-04 7.38e-07 7.04e+01  -4.1 1.50e-03    -  1.00e+00 5.00e-01h  2
3072  1.9879582e-04 5.98e-07 7.04e+01  -4.1 1.24e-03    -  1.00e+00 2.50e-01h  3
3073  1.9877490e-04 5.99e-07 7.04e+01  -4.1 3.82e-03    -  1.00e+00 1.25e-01h  4
3074  1.9877846e-04 5.79e-07 7.11e+01  -4.1 3.36e-03    -  1.00e+00 1.25e-01h  4
3075  1.9879048e-04 4.71e-07 7.04e+01  -4.1 1.27e-03    -  1.00e+00 2.50e-01h  3
3076  1.9879323e-04 5.18e-07 7.11e+01  -4.1 8.15e-04    -  1.00e+00 1.00e+00h  1
3077  1.9877733e-04 7.71e-07 7.10e+01  -4.1 1.07e-03    -  1.00e+00 1.00e+00h  1
3078  1.9877554e-04 7.50e-07 7.10e+01  -4.1 4.54e-03    -  1.00e+00 6.25e-02h  5
3079  1.9877653e-04 6.87e-07 7.10e+01  -4.1 1.70e-03    -  1.00e+00 2.50e-01h  3
iter    objective    inf_pr   inf_du lg(mu)  ||d||  lg(rg) alpha_du alpha_pr  ls
3080  1.9878450e-04 5.86e-07 7.04e+01  -4.1 1.95e-03    -  1.00e+00 2.50e-01h  3
3081  1.9878354e-04 5.83e-07 7.04e+01  -4.1 9.75e-03    -  1.00e+00 1.56e-02h  7
3082  1.9878344e-04 5.89e-07 7.04e+01  -4.1 3.28e-02    -  1.00e+00 7.81e-03h  8
3083  1.9878070e-04 5.81e-07 7.04e+01  -4.1 1.54e-02    -  1.00e+00 1.56e-02h  7
3084  1.9882673e-04 1.57e-07 7.11e+01  -4.1 5.36e-04    -  1.00e+00 1.00e+00h  1
3085  1.9878719e-04 9.01e-08 7.05e+01  -4.1 3.35e-04    -  1.00e+00 1.00e+00h  1
3086  1.9880541e-04 5.94e-08 7.05e+01  -4.1 5.81e-04    -  1.00e+00 5.00e-01h  2
3087  1.9880808e-04 5.77e-08 7.09e+01  -4.1 7.36e-04    -  1.00e+00 2.50e-01h  3
3088  1.9880944e-04 4.74e-08 7.09e+01  -4.1 6.19e-04    -  1.00e+00 2.50e-01h  3
3089  1.9885316e-04 5.92e-09 7.06e+01  -4.1 3.13e-04    -  1.00e+00 1.00e+00H  1
iter    objective    inf_pr   inf_du lg(mu)  ||d||  lg(rg) alpha_du alpha_pr  ls
3090  1.9884969e-04 4.53e-09 7.06e+01  -4.1 1.47e-02    -  1.00e+00 3.91e-03h  9
3091  1.9884852e-04 1.17e-08 7.06e+01  -4.1 6.24e-03    -  1.00e+00 1.56e-02h  7
3092  1.9884624e-04 1.04e-08 7.06e+01  -4.1 8.04e-04    -  1.00e+00 6.25e-02h  5
3093  1.9884278e-04 1.10e-08 7.06e+01  -4.1 2.29e-02    -  1.00e+00 3.91e-03h  9
3094  1.9883802e-04 1.88e-08 7.06e+01  -4.1 1.50e-02    -  1.00e+00 7.81e-03h  8
3095  1.9883554e-04 1.96e-08 7.08e+01  -4.1 3.07e-02    -  1.00e+00 1.95e-03h 10
3096  1.9882873e-04 1.47e-07 7.07e+01  -4.1 1.18e-02    -  1.00e+00 6.25e-02h  5
3097  1.9881154e-04 1.54e-07 7.06e+01  -4.1 5.10e-04    -  1.00e+00 1.00e+00h  1
3098  1.9879117e-04 3.33e-07 7.07e+01  -4.1 1.62e-03    -  1.00e+00 5.00e-01h  2
3099  1.9880406e-04 2.11e-07 7.09e+01  -4.1 8.69e-04    -  1.00e+00 5.00e-01h  2
iter    objective    inf_pr   inf_du lg(mu)  ||d||  lg(rg) alpha_du alpha_pr  ls
3100  1.9879682e-04 2.48e-07 7.09e+01  -4.1 5.75e-03    -  1.00e+00 6.25e-02h  5
3101  1.9879525e-04 2.51e-07 7.09e+01  -4.1 3.27e-03    -  1.00e+00 6.25e-02h  5
3102  1.9880143e-04 2.36e-07 7.05e+01  -4.1 1.01e-03    -  1.00e+00 6.25e-02h  5
3103  1.9880051e-04 2.34e-07 7.05e+01  -4.1 1.93e-02    -  1.00e+00 7.81e-03h  8
3104  1.9881610e-04 1.46e-07 7.05e+01  -4.1 6.90e-04    -  1.00e+00 5.00e-01h  2
3105  1.9880815e-04 1.11e-07 7.08e+01  -4.1 7.99e-04    -  1.00e+00 5.00e-01h  2
3106  1.9882294e-04 8.67e-08 7.09e+01  -4.1 8.33e-04    -  1.00e+00 5.00e-01h  2
3107  1.9880758e-04 9.63e-08 7.08e+01  -4.1 6.58e-03    -  1.00e+00 6.25e-02h  5
3108  1.9882885e-04 1.26e-07 7.06e+01  -4.1 1.12e-03    -  1.00e+00 5.00e-01h  2
3109  1.9882100e-04 1.23e-07 7.06e+01  -4.1 1.21e-03    -  1.00e+00 2.50e-01h  3
iter    objective    inf_pr   inf_du lg(mu)  ||d||  lg(rg) alpha_du alpha_pr  ls
3110  1.9881601e-04 1.28e-07 7.06e+01  -4.1 5.08e-03    -  1.00e+00 6.25e-02h  5
3111  1.9882382e-04 1.13e-07 7.08e+01  -4.1 1.62e-03    -  1.00e+00 1.25e-01h  4
3112  1.9882936e-04 8.49e-08 7.08e+01  -4.1 9.01e-04    -  1.00e+00 2.50e-01h  3
3113  1.9881509e-04 9.86e-08 7.06e+01  -4.1 1.54e-02    -  1.00e+00 3.12e-02h  6
3114  1.9881574e-04 1.12e-08 7.07e+01  -4.1 1.99e-04    -  1.00e+00 1.00e+00h  1
3115  1.9881506e-04 1.43e-08 7.07e+01  -4.1 3.25e-02    -  1.00e+00 3.91e-03h  9
3116  1.9882738e-04 9.86e-09 7.08e+01  -4.1 2.11e-04    -  1.00e+00 5.00e-01h  2
3117  1.9882163e-04 9.49e-09 7.07e+01  -4.1 8.33e-04    -  1.00e+00 1.25e-01h  4
3118  1.9882098e-04 1.19e-08 7.07e+01  -4.1 1.40e-04    -  1.00e+00 1.00e+00h  1
3119  1.9880100e-04 2.38e-08 7.06e+01  -4.1 1.32e-03    -  1.00e+00 5.00e-01h  2
iter    objective    inf_pr   inf_du lg(mu)  ||d||  lg(rg) alpha_du alpha_pr  ls
3120  1.9880937e-04 2.22e-08 7.06e+01  -4.1 1.07e-03    -  1.00e+00 1.25e-01h  4
3121  1.9880314e-04 2.58e-08 7.06e+01  -4.1 1.49e-01    -  1.00e+00 1.95e-03h 10
3122  1.9880373e-04 2.39e-08 7.08e+01  -4.1 4.94e-04    -  1.00e+00 2.50e-01h  3
3123  1.9886043e-04 7.46e-09 7.07e+01  -4.1 4.69e-04    -  1.00e+00 1.00e+00H  1
3124  1.9885964e-04 1.11e-08 7.07e+01  -4.1 1.70e-02    -  1.00e+00 3.91e-03h  9
3125  1.9879501e-04 2.32e-07 7.07e+01  -4.1 2.68e-01    -  1.00e+00 3.91e-03h  9
3126  1.9878868e-04 1.38e-07 7.07e+01  -4.1 1.07e-03    -  1.00e+00 5.00e-01h  2
3127  1.9879913e-04 9.69e-08 7.06e+01  -4.1 1.88e-03    -  1.00e+00 2.50e-01h  3
3128  1.9880017e-04 9.39e-08 7.06e+01  -4.1 9.85e-04    -  1.00e+00 3.12e-02h  6
3129  1.9880033e-04 9.24e-08 7.08e+01  -4.1 4.04e-04    -  1.00e+00 1.56e-02h  7
iter    objective    inf_pr   inf_du lg(mu)  ||d||  lg(rg) alpha_du alpha_pr  ls
3130  1.9880078e-04 9.09e-08 7.08e+01  -4.1 6.96e-04    -  1.00e+00 1.56e-02h  7
3131  1.9882379e-04 4.73e-09 7.08e+01  -4.1 2.55e-04    -  1.00e+00 1.00e+00h  1
3132  1.9882061e-04 4.46e-09 7.06e+01  -4.1 8.85e-03    -  1.00e+00 1.56e-02h  7
3133  1.9882061e-04 4.46e-09 7.06e+01  -4.1 6.79e-03    -  1.00e+00 9.77e-04h 11
3134  1.9881842e-04 6.72e-09 7.08e+01  -4.1 2.79e-03    -  1.00e+00 3.12e-02h  6
3135  1.9881922e-04 5.82e-09 7.08e+01  -4.1 3.23e-03    -  1.00e+00 3.12e-02h  6
3136  1.9881921e-04 5.83e-09 7.08e+01  -4.1 3.39e-03    -  1.00e+00 9.77e-04h 11
3137  1.9878146e-04 2.42e-07 7.11e+01  -4.1 1.41e-03    -  1.00e+00 1.00e+00h  1
3138  1.9870165e-04 4.57e-07 7.08e+01  -4.1 1.75e-03    -  1.00e+00 1.00e+00h  1
3139  1.9874450e-04 3.80e-07 7.08e+01  -4.1 1.07e-03    -  1.00e+00 2.50e-01h  3
iter    objective    inf_pr   inf_du lg(mu)  ||d||  lg(rg) alpha_du alpha_pr  ls
3140  1.9873547e-04 3.26e-07 7.09e+01  -4.1 1.34e-02    -  1.00e+00 1.25e-01h  4
3141  1.9877363e-04 2.70e-07 7.05e+01  -4.1 8.91e-04    -  1.00e+00 2.50e-01h  3
3142  1.9878850e-04 1.07e-07 7.05e+01  -4.1 7.09e-04    -  1.00e+00 5.00e-01h  2
3143  1.9879402e-04 9.12e-08 7.06e+01  -4.1 8.02e-03    -  1.00e+00 1.25e-01h  4
3144  1.9879345e-04 7.28e-08 7.05e+01  -4.1 1.34e-03    -  1.00e+00 2.50e-01h  3
3145  1.9876723e-04 1.61e-07 7.05e+01  -4.1 5.84e-03    -  1.00e+00 1.25e-01h  4
3146  1.9876659e-04 1.60e-07 7.09e+01  -4.1 1.63e-02    -  1.00e+00 7.81e-03h  8
3147  1.9877759e-04 1.20e-07 7.05e+01  -4.1 3.33e-04    -  1.00e+00 2.50e-01h  3
3148  1.9878414e-04 1.12e-07 7.10e+01  -4.1 1.34e-03    -  1.00e+00 2.50e-01h  3
3149  1.9878632e-04 1.48e-07 7.10e+01  -4.1 1.01e-03    -  1.00e+00 5.00e-01h  2
iter    objective    inf_pr   inf_du lg(mu)  ||d||  lg(rg) alpha_du alpha_pr  ls
3150  1.9881066e-04 2.76e-08 7.10e+01  -4.1 4.93e-04    -  1.00e+00 1.00e+00h  1
3151  1.9881031e-04 3.38e-09 7.09e+01  -4.1 2.88e-04    -  1.00e+00 1.00e+00h  1
3152  1.9881012e-04 3.13e-09 7.08e+01  -4.1 8.68e-05    -  1.00e+00 1.00e+00h  1
3153  1.9884973e-04 3.60e-09 7.08e+01  -4.1 2.70e-04    -  1.00e+00 1.00e+00H  1
3154  1.9884989e-04 2.54e-09 7.08e+01  -4.1 2.18e-03    -  1.00e+00 3.12e-02h  6
3155  1.9884890e-04 2.21e-09 7.08e+01  -4.1 4.04e-04    -  1.00e+00 1.25e-01h  4
3156  1.9884693e-04 2.24e-09 7.07e+01  -4.1 1.50e-01    -  1.00e+00 2.44e-04h 13
3157  1.9879644e-04 2.11e-08 7.08e+01  -4.1 1.88e-04    -  1.00e+00 1.00e+00h  1
3158  1.9879499e-04 3.03e-08 7.08e+01  -4.1 4.09e-04    -  1.00e+00 5.00e-01h  2
3159  1.9879581e-04 2.93e-08 7.08e+01  -4.1 7.44e-04    -  1.00e+00 3.12e-02h  6
iter    objective    inf_pr   inf_du lg(mu)  ||d||  lg(rg) alpha_du alpha_pr  ls
3160  1.9879620e-04 2.91e-08 7.08e+01  -4.1 1.63e-03    -  1.00e+00 7.81e-03h  8
3161  1.9879599e-04 2.85e-08 7.07e+01  -4.1 3.01e-03    -  1.00e+00 3.12e-02h  6
3162  1.9879643e-04 2.83e-08 7.07e+01  -4.1 4.96e-04    -  1.00e+00 7.81e-03h  8
3163  1.9879597e-04 2.85e-08 7.07e+01  -4.1 2.13e-02    -  1.00e+00 3.91e-03h  9
3164  1.9881242e-04 2.14e-08 7.07e+01  -4.1 9.47e-04    -  1.00e+00 2.50e-01h  3
3165  1.9881329e-04 2.02e-08 7.07e+01  -4.1 2.12e-03    -  1.00e+00 2.50e-01h  3
3166  1.9881722e-04 1.83e-08 7.07e+01  -4.1 6.23e-04    -  1.00e+00 1.25e-01h  4
3167  1.9880125e-04 2.07e-08 7.07e+01  -4.1 1.74e-01    -  1.00e+00 1.95e-03h 10
3168  1.9880717e-04 1.88e-08 7.08e+01  -4.1 9.30e-04    -  1.00e+00 1.25e-01h  4
3169  1.9884103e-04 1.79e-08 7.08e+01  -4.1 2.80e-04    -  1.00e+00 1.00e+00h  1
iter    objective    inf_pr   inf_du lg(mu)  ||d||  lg(rg) alpha_du alpha_pr  ls
3170  1.9884892e-04 1.74e-08 7.06e+01  -4.1 2.77e-02    -  1.00e+00 3.91e-03h  9
3171  1.9884533e-04 1.31e-08 7.06e+01  -4.1 7.74e-04    -  1.00e+00 2.50e-01h  3
3172  1.9884382e-04 1.23e-08 7.06e+01  -4.1 7.03e-03    -  1.00e+00 3.12e-02h  6
3173  1.9876377e-04 3.54e-07 7.07e+01  -4.1 1.51e-02    -  1.00e+00 6.25e-02h  5
3174  1.9873815e-04 2.30e-06 7.07e+01  -4.1 2.21e-03    -  1.00e+00 1.00e+00h  1
3175  1.9874891e-04 2.04e-06 7.08e+01  -4.1 1.86e-03    -  1.00e+00 1.25e-01h  4
3176  1.9864713e-04 1.90e-06 7.06e+01  -4.1 2.52e-02    -  1.00e+00 6.25e-02h  5
3177  1.9871506e-04 1.88e-06 7.08e+01  -4.1 7.06e-02    -  1.00e+00 7.81e-03h  8
3178  1.9876385e-04 1.00e-06 7.10e+01  -4.1 1.01e-03    -  1.00e+00 5.00e-01h  2
3179  1.9866478e-04 9.44e-07 7.04e+01  -4.1 3.72e-02    -  1.00e+00 3.12e-02h  6
iter    objective    inf_pr   inf_du lg(mu)  ||d||  lg(rg) alpha_du alpha_pr  ls
3180  1.9870470e-04 9.15e-07 7.04e+01  -4.1 3.53e-02    -  1.00e+00 3.12e-02h  6
3181  1.9865280e-04 9.69e-07 7.11e+01  -4.1 5.08e-03    -  1.00e+00 2.50e-01h  3
3182  1.9865856e-04 7.53e-07 7.02e+01  -4.1 1.97e-03    -  1.00e+00 1.00e+00h  1
3183  1.9868772e-04 7.24e-07 7.02e+01  -4.1 6.68e-02    -  1.00e+00 1.56e-02h  7
3184  1.9864647e-04 8.31e-07 7.12e+01  -4.1 1.94e-03    -  1.00e+00 1.00e+00h  1
3185  1.9870719e-04 5.78e-07 7.02e+01  -4.1 1.99e-03    -  1.00e+00 5.00e-01h  2
3186  1.9874268e-04 4.68e-07 7.12e+01  -4.1 4.79e-03    -  1.00e+00 1.25e-01h  4
3187  1.9855645e-04 9.08e-07 7.12e+01  -4.1 1.07e-03    -  1.00e+00 1.00e+00h  1
3188  1.9862578e-04 4.83e-07 7.12e+01  -4.1 9.74e-04    -  1.00e+00 5.00e-01h  2
3189  1.9858708e-04 4.69e-07 7.02e+01  -4.1 3.05e-02    -  1.00e+00 7.81e-03h  8
iter    objective    inf_pr   inf_du lg(mu)  ||d||  lg(rg) alpha_du alpha_pr  ls
3190  1.9864438e-04 2.91e-07 7.12e+01  -4.1 7.38e-04    -  1.00e+00 5.00e-01h  2
3191  1.9870307e-04 1.45e-07 7.12e+01  -4.1 1.29e-03    -  1.00e+00 5.00e-01h  2
3192  1.9869470e-04 1.55e-07 7.12e+01  -4.1 4.18e-03    -  1.00e+00 6.25e-02h  5
3193  1.9874930e-04 7.50e-08 7.02e+01  -4.1 1.99e-03    -  1.00e+00 5.00e-01h  2
3194  1.9879492e-04 5.04e-08 7.03e+01  -4.1 1.11e-03    -  1.00e+00 1.00e+00h  1
3195  1.9876844e-04 8.28e-08 7.03e+01  -4.1 1.16e-03    -  1.00e+00 2.50e-01h  3
3196  1.9879285e-04 7.47e-08 7.11e+01  -4.1 6.60e-02    -  1.00e+00 7.81e-03h  8
3197  1.9879315e-04 4.95e-08 7.11e+01  -4.1 9.63e-04    -  1.00e+00 2.50e-01h  3
3198  1.9876728e-04 6.22e-08 7.10e+01  -4.1 1.75e-03    -  1.00e+00 2.50e-01h  3
3199  1.9879896e-04 2.23e-08 7.04e+01  -4.1 5.60e-04    -  1.00e+00 5.00e-01h  2
iter    objective    inf_pr   inf_du lg(mu)  ||d||  lg(rg) alpha_du alpha_pr  ls
3200  1.9879883e-04 2.22e-08 7.04e+01  -4.1 1.59e-02    -  1.00e+00 3.91e-03h  9
3201  1.9878335e-04 2.68e-08 7.10e+01  -4.1 2.88e-01    -  1.00e+00 1.95e-03h 10
3202  1.9880831e-04 1.18e-08 7.10e+01  -4.1 2.82e-04    -  1.00e+00 1.00e+00h  1
3203  1.9880806e-04 1.18e-08 7.04e+01  -4.1 2.29e-01    -  1.00e+00 6.10e-05h 15
3204  1.9879569e-04 1.52e-09 7.08e+01  -4.1 6.87e-05    -  1.00e+00 1.00e+00h  1
3205  1.9880525e-04 2.49e-09 7.08e+01  -4.1 2.43e-04    -  1.00e+00 2.50e-01h  3
3206  1.9880846e-04 2.43e-09 7.08e+01  -4.1 6.65e-04    -  1.00e+00 1.25e-01h  4
3207  1.9880597e-04 2.78e-09 7.08e+01  -4.1 4.79e-02    -  1.00e+00 9.77e-04h 11
3208  1.9880768e-04 2.91e-09 7.08e+01  -4.1 5.50e-03    -  1.00e+00 3.12e-02h  6
3209  1.9881443e-04 3.29e-09 7.07e+01  -4.1 2.83e-04    -  1.00e+00 1.00e+00h  1
iter    objective    inf_pr   inf_du lg(mu)  ||d||  lg(rg) alpha_du alpha_pr  ls
3210  1.9885026e-04 1.66e-09 7.08e+01  -4.1 2.75e-04    -  1.00e+00 1.00e+00H  1
3211  1.9885007e-04 1.59e-09 7.08e+01  -4.1 6.81e-02    -  1.00e+00 1.95e-03h 10
3212  1.9883861e-04 2.06e-09 7.08e+01  -4.1 4.38e-03    -  1.00e+00 7.81e-03h  8
3213  1.9883605e-04 2.55e-09 7.08e+01  -4.1 4.78e-03    -  1.00e+00 1.56e-02h  7
3214  1.9882530e-04 2.59e-09 7.11e+01  -4.1 3.41e-04    -  1.00e+00 1.00e+00H  1
3215  1.9883539e-04 3.13e-10 7.03e+01  -4.1 1.03e-04    -  1.00e+00 1.00e+00H  1
3216  1.9883695e-04 2.37e-10 7.11e+01  -4.1 4.98e-03    -  1.00e+00 7.81e-03h  8
3217  1.9883645e-04 3.61e-10 7.11e+01  -4.1 1.44e-02    -  1.00e+00 7.81e-03h  8
3218  1.9883174e-04 1.29e-09 7.11e+01  -4.1 1.50e-01    -  1.00e+00 4.88e-04h 12
3219  1.9882507e-04 2.66e-09 7.01e+01  -4.1 2.51e-04    -  1.00e+00 1.00e+00H  1
iter    objective    inf_pr   inf_du lg(mu)  ||d||  lg(rg) alpha_du alpha_pr  ls
3220  1.9882783e-04 1.27e-09 7.01e+01  -4.1 2.73e-04    -  1.00e+00 2.50e-01h  3
3221  1.9882979e-04 1.16e-09 7.01e+01  -4.1 9.50e-04    -  1.00e+00 3.12e-02h  6
3222  1.9882930e-04 1.16e-09 7.13e+01  -4.1 1.96e-01    -  1.00e+00 4.88e-04h 12
3223  1.9882906e-04 1.17e-09 7.13e+01  -4.1 5.26e-02    -  1.00e+00 2.44e-04h 13
3224  1.9882952e-04 1.16e-09 7.13e+01  -4.1 1.49e-03    -  1.00e+00 3.91e-03h  9
3225  1.9882688e-04 1.38e-09 7.01e+01  -4.1 1.88e-03    -  1.00e+00 6.25e-02h  5
3226  1.9882687e-04 1.47e-09 7.13e+01  -4.1 1.43e-02    -  1.00e+00 3.91e-03h  9
3227  1.9882770e-04 1.46e-09 7.13e+01  -4.1 1.35e-03    -  1.00e+00 7.81e-03h  8
3228  1.9882781e-04 1.45e-09 7.13e+01  -4.1 1.91e-04    -  1.00e+00 7.81e-03h  8
3229  1.9882785e-04 1.45e-09 7.13e+01  -4.1 5.20e-03    -  1.00e+00 9.77e-04h 11
iter    objective    inf_pr   inf_du lg(mu)  ||d||  lg(rg) alpha_du alpha_pr  ls
3230  1.9882786e-04 1.45e-09 7.13e+01  -4.1 9.56e-04    -  1.00e+00 6.10e-05h 15
3231  1.9882786e-04 1.45e-09 7.13e+01  -4.1 4.17e-04    -  1.00e+00 6.10e-05h 15
3232  1.9882786e-04 1.45e-09 7.13e+01  -4.1 3.90e-03    -  1.00e+00 1.53e-05h 17
3233  1.9882768e-04 1.45e-09 7.01e+01  -4.1 7.82e-03    -  1.00e+00 1.19e-07h 24
3234  1.9883253e-04 2.95e-10 7.13e+01  -4.1 2.81e-05    -  1.00e+00 1.00e+00h  1
3235  1.9883334e-04 1.38e-10 7.01e+01  -4.1 5.53e-05    -  1.00e+00 5.00e-01h  2
3236  1.9883092e-04 6.62e-10 7.01e+01  -4.1 1.07e-03    -  1.00e+00 6.25e-02h  5
3237  1.9883201e-04 3.97e-10 7.01e+01  -4.1 6.55e-04    -  1.00e+00 1.25e-01h  4
3238  1.9883128e-04 1.02e-09 7.01e+01  -4.1 1.97e-04    -  1.00e+00 2.50e-01h  3
3239  1.9883200e-04 6.36e-10 7.01e+01  -4.1 7.81e-05    -  1.00e+00 5.00e-01h  2
iter    objective    inf_pr   inf_du lg(mu)  ||d||  lg(rg) alpha_du alpha_pr  ls
3240  1.9883175e-04 7.13e-10 7.13e+01  -4.1 1.23e-02    -  1.00e+00 9.77e-04h 11
3241  1.9882684e-04 1.33e-09 7.01e+01  -4.1 7.92e-05    -  1.00e+00 5.00e-01h  2
3242  1.9882687e-04 1.33e-09 7.01e+01  -4.1 3.98e-03    -  1.00e+00 4.88e-04h 12
3243  1.9882891e-04 1.31e-09 7.14e+01  -4.1 1.71e-03    -  1.00e+00 1.56e-02h  7
3244  1.9883011e-04 1.35e-09 7.01e+01  -4.1 3.62e-04    -  1.00e+00 6.25e-02h  5
3245  1.9883069e-04 1.16e-09 7.01e+01  -4.1 1.73e-04    -  1.00e+00 1.25e-01h  4
3246  1.9883158e-04 8.52e-10 7.01e+01  -4.1 7.46e-05    -  1.00e+00 2.50e-01h  3
3247  1.9883161e-04 8.53e-10 7.01e+01  -4.1 2.48e-03    -  1.00e+00 4.88e-04h 12
3248  1.9883149e-04 8.75e-10 7.01e+01  -4.1 5.04e-03    -  1.00e+00 7.81e-03h  8
3249  1.9883165e-04 8.70e-10 7.01e+01  -4.1 1.88e-03    -  1.00e+00 1.95e-03h 10
iter    objective    inf_pr   inf_du lg(mu)  ||d||  lg(rg) alpha_du alpha_pr  ls
3250  1.9883159e-04 8.68e-10 7.01e+01  -4.1 2.11e-03    -  1.00e+00 1.95e-03h 10
3251  1.9883155e-04 8.68e-10 7.14e+01  -4.1 6.55e-02    -  1.00e+00 5.96e-08h 25
3252  1.9883257e-04 1.93e-10 7.01e+01  -4.1 3.89e-05    -  1.00e+00 1.00e+00h  1
3253  1.9883312e-04 1.89e-10 7.01e+01  -4.1 2.08e-03    -  1.00e+00 1.56e-02h  7
3254  1.9882953e-04 1.06e-09 7.14e+01  -4.1 2.42e-04    -  1.00e+00 2.50e-01h  3
3255  1.9882983e-04 1.05e-09 7.14e+01  -4.1 1.75e-03    -  1.00e+00 1.56e-02h  7
3256  1.9882998e-04 8.96e-10 7.14e+01  -4.1 1.91e-04    -  1.00e+00 1.25e-01h  4
3257  1.9883777e-04 7.92e-11 7.14e+01  -4.1 1.59e-04    -  1.00e+00 1.00e+00H  1
3258  1.9883742e-04 8.66e-11 7.00e+01  -4.1 1.72e-03    -  1.00e+00 7.81e-03h  8
3259  1.9883759e-04 8.88e-11 7.00e+01  -4.1 1.03e-03    -  1.00e+00 7.81e-03h  8
iter    objective    inf_pr   inf_du lg(mu)  ||d||  lg(rg) alpha_du alpha_pr  ls
3260  1.9883590e-04 1.77e-10 7.00e+01  -4.1 1.23e-02    -  1.00e+00 1.95e-03h 10
3261  1.9883586e-04 1.76e-10 7.00e+01  -4.1 3.61e-04    -  1.00e+00 7.81e-03h  8
3262  1.9883586e-04 1.76e-10 7.00e+01  -4.1 1.55e-02    -  1.00e+00 1.22e-04h 14
3263  1.9882858e-04 8.36e-10 7.14e+01  -4.1 2.05e-03    -  1.00e+00 1.56e-02h  7
3264  1.9882507e-04 3.29e-09 7.14e+01  -4.1 2.72e-04    -  1.00e+00 2.50e-01h  3
3265  1.9883362e-04 2.81e-09 7.14e+01  -4.1 1.05e-04    -  1.00e+00 2.50e-01h  3
3266  1.9883159e-04 2.83e-09 7.14e+01  -4.1 1.10e-02    -  1.00e+00 1.95e-03h 10
3267  1.9891932e-04 5.12e-08 7.12e+01  -4.1 3.46e-04    -  1.00e+00 1.00e+00s 22
3268r 1.9891932e-04 5.12e-08 2.93e+02  -4.1 0.00e+00    -  0.00e+00 0.00e+00R  1
3269r 2.0711589e-04 2.33e-08 7.41e-04  -4.0 1.48e-04    -  1.00e+00 1.00e+00f  1
iter    objective    inf_pr   inf_du lg(mu)  ||d||  lg(rg) alpha_du alpha_pr  ls
3270r 2.0130510e-04 3.87e-10 2.15e-05  -4.1 1.90e-05    -  1.00e+00 1.00e+00f  1
3271r 2.0266218e-04 1.92e-10 7.80e-06  -4.0 6.90e-06    -  1.00e+00 1.00e+00f  1
3272r 2.0122744e-04 1.20e-10 2.17e-06  -4.1 1.65e-06    -  1.00e+00 1.00e+00f  1
3273r 2.0265186e-04 1.92e-10 1.20e-06  -4.0 4.03e-07    -  1.00e+00 1.00e+00f  1
3274r 2.0123067e-04 1.27e-10 3.89e-06  -4.1 3.97e-06    -  1.00e+00 1.00e+00f  1
3275r 2.0134759e-04 1.28e-10 8.99e-06  -6.1 2.72e-06    -  1.00e+00 1.00e+00f  1
3276r 1.9985466e-04 1.75e-07 2.65e-03  -4.0 5.84e-04    -  1.00e+00 1.00e+00f  1
3277r 2.3516543e-04 1.54e-07 4.56e-04  -4.1 4.85e-04    -  1.00e+00 1.00e+00f  1
3278r 2.0343891e-04 1.25e-10 2.01e-05  -6.1 5.00e-06    -  1.00e+00 1.00e+00f  1
3279r 1.9995127e-04 4.92e-10 1.23e-06  -9.0 2.54e-05    -  1.00e+00 1.00e+00f  1
iter    objective    inf_pr   inf_du lg(mu)  ||d||  lg(rg) alpha_du alpha_pr  ls
3280  1.9994313e-04 5.79e-10 7.07e+01  -4.1 5.50e-03    -  1.00e+00 7.81e-03h  8
3281  1.9876834e-04 6.18e-06 7.07e+01  -4.1 2.87e-03    -  1.00e+00 1.00e+00h  1
3282  1.9788027e-04 6.43e-05 7.07e+01  -4.1 1.29e-01    -  1.00e+00 6.25e-02h  5
3283  1.9745326e-04 5.84e-05 7.06e+01  -4.1 1.47e-02    -  1.00e+00 1.25e-01h  4
3284  1.9814254e-04 1.52e-05 7.04e+01  -4.1 3.74e-03    -  1.00e+00 1.00e+00h  1
3285  1.9836414e-04 8.63e-06 7.11e+01  -4.1 1.97e-03    -  1.00e+00 5.00e-01h  2
3286  1.9834438e-04 6.61e-06 7.03e+01  -4.1 1.48e-03    -  1.00e+00 2.50e-01h  3
3287  1.9844427e-04 3.74e-06 7.12e+01  -4.1 1.36e-03    -  1.00e+00 5.00e-01h  2
3288  1.9859875e-04 2.10e-06 7.02e+01  -4.1 8.88e-04    -  1.00e+00 5.00e-01h  2
3289  1.9878517e-04 5.36e-07 7.13e+01  -4.1 7.49e-04    -  1.00e+00 1.00e+00h  1
iter    objective    inf_pr   inf_du lg(mu)  ||d||  lg(rg) alpha_du alpha_pr  ls
3290  1.9878149e-04 3.10e-07 7.02e+01  -4.1 4.96e-04    -  1.00e+00 5.00e-01h  2
3291  1.9875957e-04 1.96e-07 7.03e+01  -4.1 5.96e-04    -  1.00e+00 1.00e+00h  1
3292  1.9873932e-04 1.43e-07 7.12e+01  -4.1 1.44e-02    -  1.00e+00 6.25e-02h  5
3293  1.9872623e-04 1.26e-07 7.03e+01  -4.1 1.15e-02    -  1.00e+00 6.25e-02h  5
3294  1.9875867e-04 6.27e-08 7.12e+01  -4.1 1.27e-03    -  1.00e+00 5.00e-01h  2
3295  1.9879019e-04 4.93e-08 7.03e+01  -4.1 8.65e-04    -  1.00e+00 1.00e+00h  1
3296  1.9877525e-04 2.32e-08 7.10e+01  -4.1 2.10e-04    -  1.00e+00 1.00e+00h  1
3297  1.9879048e-04 1.68e-08 7.11e+01  -4.1 3.20e-04    -  1.00e+00 5.00e-01h  2
3298  1.9877194e-04 2.29e-08 7.04e+01  -4.1 4.29e-03    -  1.00e+00 6.25e-02h  5
3299  1.9878460e-04 2.54e-08 7.04e+01  -4.1 1.13e-03    -  1.00e+00 2.50e-01h  3
iter    objective    inf_pr   inf_du lg(mu)  ||d||  lg(rg) alpha_du alpha_pr  ls
3300  1.9878428e-04 2.40e-08 7.04e+01  -4.1 1.61e-02    -  1.00e+00 1.56e-02h  7
3301  1.9878412e-04 2.40e-08 7.04e+01  -4.1 6.56e-03    -  1.00e+00 7.81e-03h  8
3302  1.9880135e-04 1.20e-08 7.10e+01  -4.1 4.38e-04    -  1.00e+00 5.00e-01h  2
3303  1.9881131e-04 9.64e-09 7.04e+01  -4.1 3.90e-04    -  1.00e+00 5.00e-01h  2
3304  1.9880143e-04 1.28e-08 7.05e+01  -4.1 4.66e-04    -  1.00e+00 5.00e-01h  2
3305  1.9880132e-04 2.42e-08 7.05e+01  -4.1 1.07e-02    -  1.00e+00 1.56e-02h  7
3306  1.9880134e-04 2.42e-08 7.05e+01  -4.1 3.24e-04    -  1.00e+00 9.77e-04h 11
3307  1.9879726e-04 2.29e-08 7.09e+01  -4.1 2.12e-03    -  1.00e+00 6.25e-02h  5
3308  1.9882420e-04 6.01e-09 7.09e+01  -4.1 1.59e-04    -  1.00e+00 1.00e+00h  1
3309  1.9882319e-04 6.43e-09 7.05e+01  -4.1 6.96e-03    -  1.00e+00 1.56e-02h  7
iter    objective    inf_pr   inf_du lg(mu)  ||d||  lg(rg) alpha_du alpha_pr  ls
3310  1.9882298e-04 5.92e-09 7.05e+01  -4.1 8.62e-04    -  1.00e+00 2.50e-01h  3
3311  1.9878819e-04 3.33e-08 7.08e+01  -4.1 1.00e-03    -  1.00e+00 2.50e-01h  3
3312  1.9879773e-04 2.25e-08 7.08e+01  -4.1 1.56e-04    -  1.00e+00 5.00e-01h  2
3313  1.9881845e-04 9.65e-09 7.06e+01  -4.1 1.43e-04    -  1.00e+00 5.00e-01h  2
3314  1.9881891e-04 6.88e-09 7.08e+01  -4.1 2.21e-04    -  1.00e+00 5.00e-01h  2
3315  1.9881393e-04 6.96e-09 7.08e+01  -4.1 1.38e-02    -  1.00e+00 7.81e-03h  8
3316  1.9881806e-04 5.63e-09 7.08e+01  -4.1 1.34e-04    -  1.00e+00 5.00e-01h  2
3317  1.9881218e-04 1.14e-08 7.07e+01  -4.1 7.56e-04    -  1.00e+00 1.25e-01h  4
3318  1.9881368e-04 1.07e-08 7.07e+01  -4.1 2.36e-04    -  1.00e+00 6.25e-02h  5
3319  1.9881146e-04 1.27e-08 7.07e+01  -4.1 6.84e-03    -  1.00e+00 7.81e-03h  8
iter    objective    inf_pr   inf_du lg(mu)  ||d||  lg(rg) alpha_du alpha_pr  ls
3320  1.9881339e-04 1.19e-08 7.07e+01  -4.1 3.13e-04    -  1.00e+00 1.25e-01h  4
3321  1.9881361e-04 1.17e-08 7.07e+01  -4.1 1.67e-04    -  1.00e+00 1.56e-02h  7
3322  1.9881581e-04 1.14e-08 7.07e+01  -4.1 9.82e-04    -  1.00e+00 6.25e-02h  5
3323  1.9882138e-04 1.23e-09 7.07e+01  -4.1 4.66e-05    -  1.00e+00 1.00e+00h  1
3324  1.9882209e-04 1.30e-09 7.07e+01  -4.1 1.13e-03    -  1.00e+00 3.12e-02h  6
3325  1.9879420e-04 6.99e-08 7.04e+01  -4.1 5.34e-04    -  1.00e+00 1.00e+00h  1
3326  1.9879424e-04 5.03e-08 7.05e+01  -4.1 5.86e-04    -  1.00e+00 5.00e-01h  2
3327  1.9880904e-04 3.76e-08 7.06e+01  -4.1 6.59e-04    -  1.00e+00 2.50e-01h  3
3328  1.9880316e-04 3.80e-08 7.06e+01  -4.1 2.16e-02    -  1.00e+00 3.91e-03h  9
3329  1.9880325e-04 3.78e-08 7.06e+01  -4.1 2.41e-03    -  1.00e+00 7.81e-03h  8
iter    objective    inf_pr   inf_du lg(mu)  ||d||  lg(rg) alpha_du alpha_pr  ls
3330  1.9880164e-04 3.78e-08 7.09e+01  -4.1 2.82e+00    -  4.71e-01 2.21e-07h 22
3331  1.9881223e-04 2.30e-08 7.06e+01  -4.1 1.53e-04    -  1.00e+00 5.00e-01h  2
3332  1.9881166e-04 2.26e-08 7.06e+01  -4.1 1.96e-02    -  1.00e+00 3.91e-03h  9
3333  1.9881067e-04 2.21e-08 7.06e+01  -4.1 6.45e-03    -  1.00e+00 7.81e-03h  8
3334  1.9881143e-04 2.19e-08 7.06e+01  -4.1 1.91e-03    -  1.00e+00 1.56e-02h  7
3335  1.9881163e-04 2.19e-08 7.06e+01  -4.1 8.77e-04    -  1.00e+00 3.91e-03h  9
3336  1.9880746e-04 2.05e-08 7.09e+01  -4.1 4.08e-03    -  1.00e+00 6.25e-02h  5
3337  1.9880906e-04 1.98e-08 7.09e+01  -4.1 1.60e-03    -  1.00e+00 3.12e-02h  6
3338  1.9880900e-04 1.90e-08 7.09e+01  -4.1 3.20e-03    -  1.00e+00 1.56e-02h  7
3339  1.9885142e-04 3.03e-10 7.07e+01  -4.1 2.02e-04    -  1.00e+00 1.00e+00H  1
iter    objective    inf_pr   inf_du lg(mu)  ||d||  lg(rg) alpha_du alpha_pr  ls
3340  1.9884794e-04 5.27e-10 7.07e+01  -4.1 4.95e-02    -  1.00e+00 9.77e-04h 11
3341  1.9884795e-04 5.27e-10 7.07e+01  -4.1 5.45e-03    -  1.00e+00 1.22e-04h 14
3342  1.9881685e-04 2.47e-09 7.06e+01  -4.1 1.89e-04    -  1.00e+00 1.00e+00H  1
3343  1.9881521e-04 6.94e-09 7.06e+01  -4.1 2.47e-02    -  1.00e+00 3.91e-03h  9
3344  1.9881655e-04 6.70e-09 7.06e+01  -4.1 3.56e-04    -  1.00e+00 3.12e-02h  6
3345  1.9881624e-04 6.82e-09 7.06e+01  -4.1 3.92e-03    -  1.00e+00 7.81e-03h  8
3346  1.9881659e-04 6.62e-09 7.08e+01  -4.1 1.43e-04    -  1.00e+00 3.12e-02h  6
3347  1.9882149e-04 5.19e-09 7.06e+01  -4.1 1.11e-04    -  1.00e+00 5.00e-01h  2
3348  1.9883340e-04 4.16e-09 7.05e+01  -4.1 4.28e-04    -  1.00e+00 1.00e+00H  1
3349  1.9883637e-04 3.83e-09 7.10e+01  -4.1 5.58e-04    -  1.00e+00 6.25e-02h  5
iter    objective    inf_pr   inf_du lg(mu)  ||d||  lg(rg) alpha_du alpha_pr  ls
3350  1.9883214e-04 4.28e-09 7.09e+01  -4.1 2.78e-02    -  1.00e+00 3.91e-03h  9
3351  1.9885226e-04 2.78e-09 7.10e+01  -4.1 2.96e-04    -  1.00e+00 1.00e+00H  1
3352  1.9884543e-04 2.93e-09 7.10e+01  -4.1 1.53e-02    -  1.00e+00 7.81e-03h  8
3353  1.9881445e-04 1.71e-07 7.05e+01  -4.1 5.90e-04    -  1.00e+00 1.00e+00h  1
3354  1.9881558e-04 1.53e-07 7.05e+01  -4.1 9.25e-04    -  1.00e+00 1.25e-01h  4
3355  1.9880730e-04 1.95e-07 7.10e+01  -4.1 1.35e-02    -  1.00e+00 3.12e-02h  6
3356  1.9880648e-04 1.97e-07 7.10e+01  -4.1 3.51e-02    -  1.00e+00 1.95e-03h 10
3357  1.9881417e-04 1.73e-07 7.09e+01  -4.1 2.86e-04    -  1.00e+00 1.25e-01h  4
3358  1.9881428e-04 1.72e-07 7.09e+01  -4.1 4.59e-04    -  1.00e+00 3.91e-03h  9
3359  1.9881340e-04 1.72e-07 7.05e+01  -4.1 1.28e-02    -  1.00e+00 3.91e-03h  9
iter    objective    inf_pr   inf_du lg(mu)  ||d||  lg(rg) alpha_du alpha_pr  ls
3360  1.9881138e-04 1.61e-07 7.09e+01  -4.1 2.66e-03    -  1.00e+00 1.25e-01h  4
3361  1.9881041e-04 1.59e-07 7.09e+01  -4.1 6.12e-03    -  1.00e+00 3.12e-02h  6
3362  1.9881040e-04 1.60e-07 7.09e+01  -4.1 2.77e-02    -  1.00e+00 1.95e-03h 10
3363  1.9881406e-04 1.50e-07 7.09e+01  -4.1 2.40e-04    -  1.00e+00 6.25e-02h  5
3364  1.9881146e-04 1.48e-07 7.09e+01  -4.1 4.19e-03    -  1.00e+00 3.12e-02h  6
3365  1.9881530e-04 1.31e-07 7.09e+01  -4.1 7.28e-04    -  1.00e+00 1.25e-01h  4
3366  1.9881539e-04 1.31e-07 7.05e+01  -4.1 5.95e-02    -  1.00e+00 6.10e-05h 15
3367  1.9881527e-04 1.32e-07 7.05e+01  -4.1 2.43e-02    -  1.00e+00 1.95e-03h 10
3368  1.9881544e-04 1.31e-07 7.05e+01  -4.1 6.94e-04    -  1.00e+00 3.91e-03h  9
3369  1.9881546e-04 1.31e-07 7.05e+01  -4.1 2.45e-04    -  1.00e+00 9.77e-04h 11
iter    objective    inf_pr   inf_du lg(mu)  ||d||  lg(rg) alpha_du alpha_pr  ls
3370  1.9881547e-04 1.31e-07 7.05e+01  -4.1 3.36e-03    -  1.00e+00 2.44e-04h 13
3371  1.9881548e-04 1.31e-07 7.05e+01  -4.1 3.56e-04    -  1.00e+00 1.22e-04h 14
3372  1.9881548e-04 1.31e-07 7.05e+01  -4.1 5.89e-04    -  1.00e+00 1.22e-04h 14
3373  1.9942006e-04 1.31e-07 7.09e+01  -4.1 4.86e-02    -  1.00e+00 2.44e-04h 13
3374  1.9939013e-04 1.21e-07 7.09e+01  -4.1 6.78e-04    -  1.00e+00 1.25e-01h  4
3375  1.9905253e-04 1.23e-07 7.09e+01  -4.1 4.30e-01    -  1.00e+00 1.22e-04h 14
3376  1.9906774e-04 1.23e-07 7.05e+01  -4.1 1.18e-01    -  1.00e+00 4.88e-04h 12
3377  1.9884151e-04 1.90e-08 7.06e+01  -4.1 1.94e-04    -  1.00e+00 1.00e+00h  1
3378  1.9889460e-04 1.95e-08 7.09e+01  -4.1 6.00e-02    -  1.00e+00 1.95e-03h 10
3379  1.9885019e-04 1.14e-09 7.09e+01  -4.1 1.83e-04    -  1.00e+00 1.00e+00H  1
iter    objective    inf_pr   inf_du lg(mu)  ||d||  lg(rg) alpha_du alpha_pr  ls
3380  1.9883336e-04 1.89e-08 7.10e+01  -4.1 8.25e-03    -  1.00e+00 6.25e-02h  5
3381  1.9883289e-04 1.89e-08 7.04e+01  -4.1 1.13e-01    -  1.00e+00 3.05e-05h 16
3382  1.9883258e-04 1.21e-08 7.10e+01  -4.1 5.40e-04    -  1.00e+00 1.00e+00h  1
3383  1.9878802e-04 2.59e-07 7.02e+01  -4.1 1.21e-03    -  1.00e+00 1.00e+00h  1
3384  1.9880193e-04 1.73e-07 7.11e+01  -4.1 2.75e-03    -  1.00e+00 5.00e-01h  2
3385  1.9880120e-04 1.98e-07 7.11e+01  -4.1 1.63e-02    -  1.00e+00 1.56e-02h  7
3386  1.9878437e-04 1.49e-07 7.09e+01  -4.1 6.04e-03    -  1.00e+00 2.50e-01h  3
3387  1.9878382e-04 1.44e-07 7.08e+01  -4.1 1.85e-03    -  1.00e+00 2.50e-01h  3
3388  1.9880079e-04 1.37e-07 7.07e+01  -4.1 1.80e-03    -  1.00e+00 6.25e-02h  5
3389  1.9881478e-04 7.61e-08 7.07e+01  -4.1 4.20e-04    -  1.00e+00 1.00e+00h  1
iter    objective    inf_pr   inf_du lg(mu)  ||d||  lg(rg) alpha_du alpha_pr  ls
3390  1.9882008e-04 6.52e-08 7.07e+01  -4.1 2.36e-03    -  1.00e+00 1.25e-01h  4
3391  1.9882857e-04 1.53e-08 7.08e+01  -4.1 3.73e-04    -  1.00e+00 1.00e+00h  1
3392  1.9883087e-04 1.35e-08 7.07e+01  -4.1 7.04e-04    -  1.00e+00 1.25e-01h  4
3393  1.9880837e-04 9.48e-08 7.05e+01  -4.1 2.54e-03    -  1.00e+00 2.50e-01h  3
3394  1.9882325e-04 5.22e-08 7.06e+01  -4.1 6.90e-04    -  1.00e+00 5.00e-01h  2
3395  1.9882294e-04 5.18e-08 7.06e+01  -4.1 1.01e-02    -  1.00e+00 7.81e-03h  8
3396  1.9880689e-04 1.53e-07 7.08e+01  -4.1 4.94e-03    -  1.00e+00 1.25e-01h  4
3397  1.9880821e-04 1.48e-07 7.08e+01  -4.1 5.44e-04    -  1.00e+00 3.12e-02h  6
3398  1.9880298e-04 1.41e-07 7.08e+01  -4.1 1.55e-03    -  1.00e+00 6.25e-02h  5
3399  1.9880688e-04 1.32e-07 7.06e+01  -4.1 1.79e-03    -  1.00e+00 6.25e-02h  5
iter    objective    inf_pr   inf_du lg(mu)  ||d||  lg(rg) alpha_du alpha_pr  ls
3400  1.9880675e-04 1.10e-07 7.08e+01  -4.1 8.03e-04    -  1.00e+00 2.50e-01h  3
3401  1.9882517e-04 4.12e-09 7.07e+01  -4.1 1.35e-04    -  1.00e+00 1.00e+00h  1
3402  1.9882254e-04 9.01e-10 7.07e+01  -4.1 4.89e-05    -  1.00e+00 1.00e+00h  1
3403  1.9882138e-04 3.36e-09 7.07e+01  -4.1 8.87e-03    -  1.00e+00 1.56e-02h  7
3404  1.9882193e-04 3.44e-09 7.07e+01  -4.1 1.02e-03    -  1.00e+00 3.12e-02h  6
3405  1.9879559e-04 8.71e-08 7.09e+01  -4.1 5.82e-04    -  1.00e+00 1.00e+00h  1
3406  1.9880986e-04 7.40e-08 7.09e+01  -4.1 2.05e-03    -  1.00e+00 1.25e-01h  4
3407  1.9880961e-04 7.50e-08 7.09e+01  -4.1 3.00e-03    -  1.00e+00 6.25e-02h  5
3408  1.9882092e-04 4.91e-08 7.05e+01  -4.1 1.27e-03    -  1.00e+00 2.50e-01h  3
3409  1.9882139e-04 4.68e-08 7.06e+01  -4.1 1.23e-03    -  1.00e+00 6.25e-02h  5
iter    objective    inf_pr   inf_du lg(mu)  ||d||  lg(rg) alpha_du alpha_pr  ls
3410  1.9882139e-04 4.67e-08 7.06e+01  -4.1 5.25e-03    -  1.00e+00 2.44e-04h 13
3411  1.9880507e-04 7.07e-08 7.08e+01  -4.1 4.78e-02    -  1.00e+00 7.81e-03h  8
3412  1.9881262e-04 6.17e-08 7.08e+01  -4.1 1.37e-03    -  1.00e+00 1.25e-01h  4
3413  1.9880823e-04 5.93e-08 7.06e+01  -4.1 3.22e-02    -  1.00e+00 3.91e-03h  9
3414  1.9881467e-04 5.23e-08 7.07e+01  -4.1 9.54e-04    -  1.00e+00 1.25e-01h  4
3415  1.9881023e-04 6.09e-08 7.07e+01  -4.1 3.74e-03    -  1.00e+00 3.12e-02h  6
3416  1.9881703e-04 5.35e-08 7.07e+01  -4.1 1.01e-03    -  1.00e+00 1.25e-01h  4
3417  1.9881966e-04 4.71e-08 7.07e+01  -4.1 2.55e-04    -  1.00e+00 1.25e-01h  4
3418  1.9882061e-04 4.55e-08 7.07e+01  -4.1 2.42e-03    -  1.00e+00 3.12e-02h  6
3419  1.9879047e-04 2.70e-07 7.04e+01  -4.1 1.57e-03    -  1.00e+00 5.00e-01h  2
iter    objective    inf_pr   inf_du lg(mu)  ||d||  lg(rg) alpha_du alpha_pr  ls
3420  1.9880010e-04 1.65e-07 7.05e+01  -4.1 8.03e-04    -  1.00e+00 5.00e-01h  2
3421  1.9876834e-04 2.80e-07 7.07e+01  -4.1 8.05e-03    -  1.00e+00 1.25e-01h  4
3422  1.9879887e-04 1.70e-07 7.05e+01  -4.1 8.52e-04    -  1.00e+00 5.00e-01h  2
3423  1.9876810e-04 1.49e-07 7.05e+01  -4.1 3.61e-04    -  1.00e+00 1.25e-01h  4
3424  1.9878915e-04 1.46e-07 7.09e+01  -4.1 1.43e-03    -  1.00e+00 1.56e-02h  7
3425  1.9879123e-04 8.96e-08 7.13e+01  -4.1 3.54e-04    -  1.00e+00 1.00e+00h  1
3426  1.9878707e-04 9.33e-08 7.02e+01  -4.1 6.43e-03    -  1.00e+00 3.12e-02h  6
3427  1.9879681e-04 5.95e-09 7.11e+01  -4.1 3.28e-04    -  1.00e+00 1.00e+00h  1
3428  1.9879596e-04 7.60e-09 7.03e+01  -4.1 5.38e-04    -  1.00e+00 2.50e-01h  3
3429  1.9879821e-04 1.48e-08 7.05e+01  -4.1 1.29e-04    -  1.00e+00 1.00e+00h  1
iter    objective    inf_pr   inf_du lg(mu)  ||d||  lg(rg) alpha_du alpha_pr  ls
3430  1.9880362e-04 9.60e-09 7.09e+01  -4.1 9.87e-05    -  1.00e+00 1.00e+00h  1
3431  1.9880457e-04 9.26e-09 7.09e+01  -4.1 2.70e-03    -  1.00e+00 3.12e-02h  6
3432  1.9880237e-04 8.76e-09 7.09e+01  -4.1 9.06e-04    -  1.00e+00 6.25e-02h  5
3433  1.9880279e-04 8.68e-09 7.05e+01  -4.1 2.67e-03    -  1.00e+00 7.81e-03h  8
3434  1.9880353e-04 8.64e-09 7.05e+01  -4.1 6.07e-04    -  1.00e+00 3.12e-02h  6
3435  1.9880345e-04 8.50e-09 7.05e+01  -4.1 2.07e-02    -  1.00e+00 3.91e-03h  9
3436  1.9882346e-04 3.95e-09 7.09e+01  -4.1 1.21e-04    -  1.00e+00 1.00e+00h  1
3437  1.9881710e-04 2.56e-09 7.09e+01  -4.1 1.25e-04    -  1.00e+00 5.00e-01h  2
3438  1.9881480e-04 2.31e-09 7.08e+01  -4.1 4.39e-04    -  1.00e+00 6.25e-02h  5
3439  1.9881924e-04 1.76e-09 7.06e+01  -4.1 4.53e-04    -  1.00e+00 2.50e-01h  3
iter    objective    inf_pr   inf_du lg(mu)  ||d||  lg(rg) alpha_du alpha_pr  ls
3440  1.9881609e-04 1.89e-09 7.06e+01  -4.1 2.15e-03    -  1.00e+00 1.25e-01h  4
3441  1.9882154e-04 1.79e-09 7.08e+01  -4.1 2.92e-04    -  1.00e+00 5.00e-01h  2
3442  1.9881394e-04 2.18e-09 7.08e+01  -4.1 3.60e-03    -  1.00e+00 6.25e-02h  5
3443  1.9881486e-04 2.12e-09 7.08e+01  -4.1 1.80e-03    -  1.00e+00 3.12e-02h  6
3444  1.9885893e-04 1.87e-10 7.05e+01  -4.1 1.32e-03    -  1.00e+00 1.00e+00H  1
3445  1.9885369e-04 9.37e-10 7.05e+01  -4.1 1.10e-01    -  1.00e+00 3.91e-03h  9
3446  1.9885356e-04 9.43e-10 7.09e+01  -4.1 9.55e-02    -  1.00e+00 6.10e-05h 15
3447  1.9879367e-04 2.04e-08 7.12e+01  -4.1 3.29e-04    -  1.00e+00 1.00e+00H  1
3448  1.9878193e-04 6.48e-08 7.02e+01  -4.1 1.84e-02    -  1.00e+00 1.56e-02h  7
3449  1.9878161e-04 5.11e-08 7.04e+01  -4.1 3.06e-03    -  1.00e+00 2.50e-01h  3
iter    objective    inf_pr   inf_du lg(mu)  ||d||  lg(rg) alpha_du alpha_pr  ls
3450  1.9878489e-04 4.86e-08 7.05e+01  -4.1 2.87e-03    -  1.00e+00 6.25e-02h  5
3451  1.9878638e-04 4.78e-08 7.05e+01  -4.1 9.70e-04    -  1.00e+00 1.56e-02h  7
3452  1.9879355e-04 4.77e-08 7.09e+01  -4.1 2.50e-03    -  1.00e+00 1.25e-01h  4
3453  1.9879513e-04 4.74e-08 7.05e+01  -4.1 2.96e-03    -  1.00e+00 1.56e-02h  7
3454  1.9891119e-04 7.40e-09 7.05e+01  -4.1 6.75e-04    -  1.00e+00 1.00e+00H  1
3455  1.9890896e-04 1.51e-08 7.05e+01  -4.1 6.45e-03    -  1.00e+00 3.12e-02h  6
3456  1.9886588e-04 2.27e-08 7.05e+01  -4.1 8.87e-03    -  1.00e+00 3.12e-02h  6
3457  1.9885066e-04 1.85e-08 7.04e+01  -4.1 4.88e-03    -  1.00e+00 1.25e-01h  4
3458  1.9873413e-04 8.37e-06 6.98e+01  -4.1 3.02e-03    -  1.00e+00 1.00e+00h  1
3459  1.9871290e-04 8.22e-06 6.98e+01  -4.1 5.72e-02    -  1.00e+00 6.25e-02h  5
iter    objective    inf_pr   inf_du lg(mu)  ||d||  lg(rg) alpha_du alpha_pr  ls
3460  1.9876738e-04 8.09e-06 6.99e+01  -4.1 2.88e-03    -  1.00e+00 1.56e-02h  7
3461  1.9871962e-04 8.09e-06 7.16e+01  -4.1 1.71e+00    -  5.86e-01 1.77e-05h 16
3462  1.9878025e-04 6.13e-06 7.12e+01  -4.1 2.10e-03    -  1.00e+00 2.50e-01h  3
3463  1.9878130e-04 4.65e-06 7.03e+01  -4.1 3.05e-03    -  1.00e+00 2.50e-01h  3
3464  1.9878613e-04 4.61e-06 7.03e+01  -4.1 1.62e-02    -  1.00e+00 7.81e-03h  8
3465  1.9856044e-04 4.73e-06 7.03e+01  -4.1 5.83e-01    -  1.00e+00 7.81e-03h  8
3466  1.9852623e-04 4.24e-06 7.08e+01  -4.1 1.13e-02    -  1.00e+00 2.50e-01h  3
3467  1.9965556e-04 9.22e-07 7.02e+01  -4.1 7.95e-03    -  1.00e+00 1.00e+00h  1
3468  1.9952802e-04 8.48e-07 7.02e+01  -4.1 2.07e-02    -  1.00e+00 6.25e-02h  5
3469  1.9962051e-04 4.23e-07 7.12e+01  -4.1 4.10e-03    -  1.00e+00 1.00e+00H  1
iter    objective    inf_pr   inf_du lg(mu)  ||d||  lg(rg) alpha_du alpha_pr  ls
3470  1.9961240e-04 4.20e-07 7.12e+01  -4.1 1.31e-01    -  1.00e+00 3.91e-03h  9
3471  1.9904351e-04 1.08e-06 7.03e+01  -4.1 9.00e-02    -  1.00e+00 3.12e-02h  6
3472  1.9928088e-04 3.00e-07 7.11e+01  -4.1 4.21e-03    -  1.00e+00 1.00e+00h  1
3473  1.9917082e-04 5.51e-07 7.11e+01  -4.1 7.29e-03    -  1.00e+00 1.25e-01h  4
3474  1.9897653e-04 7.57e-07 7.12e+01  -4.1 8.09e-03    -  1.00e+00 2.50e-01h  3
3475  1.9889160e-04 1.90e-06 7.02e+01  -4.1 7.25e-01    -  1.00e+00 3.91e-03h  9
3476  1.9887874e-04 1.88e-06 7.02e+01  -4.1 5.63e-02    -  1.00e+00 7.81e-03h  8
3477  1.9913677e-04 7.19e-07 7.13e+01  -4.1 4.74e-03    -  1.00e+00 1.00e+00h  1
3478  1.9886164e-04 4.41e-07 7.02e+01  -4.1 9.72e-04    -  1.00e+00 5.00e-01h  2
3479  1.9900608e-04 3.03e-07 7.11e+01  -4.1 1.18e-03    -  1.00e+00 1.00e+00h  1
iter    objective    inf_pr   inf_du lg(mu)  ||d||  lg(rg) alpha_du alpha_pr  ls
3480  1.9888715e-04 9.76e-08 7.10e+01  -4.1 1.96e-03    -  1.00e+00 1.00e+00h  1
3481  1.9887989e-04 2.41e-07 7.03e+01  -4.1 1.37e-03    -  1.00e+00 5.00e-01h  2
3482  1.9883345e-04 4.33e-07 7.02e+01  -4.1 2.93e-03    -  1.00e+00 2.50e-01h  3
3483  1.9881783e-04 1.81e-07 7.11e+01  -4.1 1.79e-03    -  1.00e+00 1.00e+00h  1
3484  1.9884311e-04 1.15e-07 7.03e+01  -4.1 1.60e-03    -  1.00e+00 1.00e+00h  1
3485  1.9883224e-04 9.37e-08 7.03e+01  -4.1 5.07e-03    -  1.00e+00 6.25e-02h  5
3486  1.9877156e-04 1.03e-06 7.12e+01  -4.1 1.85e-03    -  1.00e+00 1.00e+00h  1
3487  1.9871118e-04 8.89e-07 7.11e+01  -4.1 3.76e-03    -  1.00e+00 1.00e+00h  1
3488  1.9872038e-04 3.63e-07 7.12e+01  -4.1 2.98e-03    -  1.00e+00 5.00e-01h  2
3489  1.9870723e-04 5.72e-07 7.02e+01  -4.1 3.21e-01    -  1.00e+00 3.91e-03h  9
iter    objective    inf_pr   inf_du lg(mu)  ||d||  lg(rg) alpha_du alpha_pr  ls
3490  1.9871155e-04 4.96e-07 7.02e+01  -4.1 3.54e-03    -  1.00e+00 1.25e-01h  4
3491  1.9867314e-04 4.04e-07 7.12e+01  -4.1 8.38e-04    -  1.00e+00 5.00e-01h  2
3492  1.9886773e-04 1.63e-07 7.02e+01  -4.1 1.72e-03    -  1.00e+00 1.00e+00h  1
3493  1.9855946e-04 1.12e-06 7.04e+01  -4.1 1.57e-03    -  1.00e+00 1.00e+00h  1
3494  1.9866446e-04 9.00e-07 7.04e+01  -4.1 4.16e-03    -  1.00e+00 2.50e-01h  3
3495  1.9865024e-04 7.86e-07 7.11e+01  -4.1 2.97e-03    -  1.00e+00 1.25e-01h  4
3496  1.9865669e-04 7.28e-07 7.03e+01  -4.1 8.92e-03    -  1.00e+00 6.25e-02h  5
3497  1.9855485e-04 1.22e-06 7.03e+01  -4.1 9.57e-03    -  1.00e+00 1.25e-01h  4
3498  1.9859089e-04 1.11e-06 7.03e+01  -4.1 3.27e-03    -  1.00e+00 1.25e-01h  4
3499  1.9859045e-04 5.09e-07 7.03e+01  -4.1 1.87e-03    -  1.00e+00 5.00e-01h  2
iter    objective    inf_pr   inf_du lg(mu)  ||d||  lg(rg) alpha_du alpha_pr  ls
3500  1.9862752e-04 3.94e-07 7.03e+01  -4.1 2.08e-03    -  1.00e+00 2.50e-01h  3
3501  1.9857960e-04 2.46e-07 7.11e+01  -4.1 1.45e-02    -  1.00e+00 6.25e-02h  5
3502  1.9859805e-04 1.97e-07 7.11e+01  -4.1 9.67e-04    -  1.00e+00 2.50e-01h  3
3503  1.9858833e-04 1.95e-07 7.03e+01  -4.1 1.57e-02    -  1.00e+00 3.91e-03h  9
3504  1.9871602e-04 1.15e-07 7.12e+01  -4.1 5.90e-04    -  1.00e+00 1.00e+00h  1
3505  1.9882785e-04 8.91e-08 7.03e+01  -4.1 4.91e-04    -  1.00e+00 1.00e+00H  1
3506  1.9881175e-04 8.04e-08 7.03e+01  -4.1 2.55e-03    -  1.00e+00 1.25e-01h  4
3507  1.9879804e-04 2.72e-08 7.03e+01  -4.1 1.28e-03    -  1.00e+00 5.00e-01h  2
3508  1.9878922e-04 3.51e-08 7.03e+01  -4.1 4.15e-03    -  1.00e+00 3.12e-02h  6
3509  1.9886670e-04 2.94e-08 7.10e+01  -4.1 4.50e-04    -  1.00e+00 1.00e+00H  1
iter    objective    inf_pr   inf_du lg(mu)  ||d||  lg(rg) alpha_du alpha_pr  ls
3510  1.9886320e-04 3.16e-08 7.10e+01  -4.1 3.32e-02    -  1.00e+00 1.95e-03h 10
3511  1.9886052e-04 2.94e-08 7.10e+01  -4.1 1.14e-03    -  1.00e+00 6.25e-02h  5
3512  1.9885339e-04 2.89e-08 7.10e+01  -4.1 3.69e-03    -  1.00e+00 1.56e-02h  7
3513  1.9881441e-04 1.79e-08 7.09e+01  -4.1 3.26e-03    -  1.00e+00 6.25e-02h  5
3514  1.9881271e-04 1.78e-08 7.05e+01  -4.1 1.13e-02    -  1.00e+00 1.95e-03h 10
3515  1.9884321e-04 3.78e-08 7.09e+01  -4.1 4.85e-04    -  1.00e+00 1.00e+00H  1
3516  1.9883756e-04 3.22e-08 7.09e+01  -4.1 2.19e-03    -  1.00e+00 6.25e-02h  5
3517  1.9883348e-04 3.22e-08 7.09e+01  -4.1 1.23e-03    -  1.00e+00 6.25e-02h  5
3518  1.9883129e-04 3.27e-08 7.09e+01  -4.1 6.11e-02    -  1.00e+00 4.88e-04h 12
3519  1.9878481e-04 8.38e-08 7.07e+01  -4.1 3.17e-04    -  1.00e+00 1.00e+00h  1
iter    objective    inf_pr   inf_du lg(mu)  ||d||  lg(rg) alpha_du alpha_pr  ls
3520  1.9878289e-04 5.91e-08 7.07e+01  -4.1 4.42e-03    -  1.00e+00 6.25e-02h  5
3521  1.9878435e-04 5.74e-08 7.07e+01  -4.1 6.15e-04    -  1.00e+00 3.12e-02h  6
3522  1.9878141e-04 5.68e-08 7.07e+01  -4.1 1.34e-03    -  1.00e+00 1.56e-02h  7
3523  1.9886187e-04 1.41e-08 7.04e+01  -4.1 5.47e-04    -  1.00e+00 1.00e+00H  1
3524  1.9885489e-04 2.03e-08 7.04e+01  -4.1 2.70e-02    -  1.00e+00 7.81e-03h  8
3525  1.9884163e-04 2.58e-08 7.04e+01  -4.1 8.04e-04    -  1.00e+00 1.25e-01h  4
3526  1.9884015e-04 2.59e-08 7.04e+01  -4.1 2.48e-02    -  1.00e+00 3.91e-03h  9
3527  1.9881689e-04 2.30e-08 7.05e+01  -4.1 2.78e-03    -  1.00e+00 1.25e-01h  4
3528  1.9881407e-04 2.15e-08 7.05e+01  -4.1 9.67e-04    -  1.00e+00 1.25e-01h  4
3529  1.9881340e-04 2.15e-08 7.05e+01  -4.1 1.97e-01    -  1.00e+00 3.05e-05h 16
iter    objective    inf_pr   inf_du lg(mu)  ||d||  lg(rg) alpha_du alpha_pr  ls
3530  1.9881335e-04 2.15e-08 7.10e+01  -4.1 2.25e+00    -  4.51e-01 2.11e-09h 28
3531  1.9881014e-04 4.47e-08 7.06e+01  -4.1 2.82e-04    -  1.00e+00 1.00e+00h  1
3532  1.9883772e-04 2.74e-08 7.09e+01  -4.1 7.71e-04    -  1.00e+00 1.00e+00h  1
3533  1.9882712e-04 2.53e-08 7.09e+01  -4.1 2.95e-03    -  1.00e+00 6.25e-02h  5
3534  1.9882506e-04 2.61e-08 7.09e+01  -4.1 2.95e-03    -  1.00e+00 3.12e-02h  6
3535  1.9880840e-04 5.07e-07 7.06e+01  -4.1 3.14e-03    -  1.00e+00 5.00e-01h  2
3536  1.9874643e-04 5.42e-07 7.07e+01  -4.1 1.40e-03    -  1.00e+00 1.00e+00h  1
3537  1.9874441e-04 4.98e-07 7.07e+01  -4.1 1.38e-02    -  1.00e+00 1.56e-02h  7
3538  1.9873440e-04 4.74e-07 7.07e+01  -4.1 2.18e-02    -  1.00e+00 3.12e-02h  6
3539  1.9872472e-04 3.89e-07 7.07e+01  -4.1 7.17e-03    -  1.00e+00 1.25e-01h  4
iter    objective    inf_pr   inf_du lg(mu)  ||d||  lg(rg) alpha_du alpha_pr  ls
3540  1.9872470e-04 3.76e-07 7.07e+01  -4.1 5.13e-03    -  1.00e+00 3.12e-02h  6
3541  1.9872988e-04 3.64e-07 7.06e+01  -4.1 9.90e-04    -  1.00e+00 3.12e-02h  6
3542  1.9868525e-04 7.30e-07 7.06e+01  -4.1 1.54e-02    -  1.00e+00 6.25e-02h  5
3543  1.9865598e-04 5.46e-07 7.10e+01  -4.1 4.66e-03    -  1.00e+00 2.50e-01h  3
3544  1.9866846e-04 4.98e-07 7.04e+01  -4.1 5.57e-03    -  1.00e+00 1.25e-01h  4
3545  1.9879854e-04 9.23e-08 7.11e+01  -4.1 3.81e-04    -  1.00e+00 1.00e+00h  1
3546  1.9877787e-04 8.54e-08 7.11e+01  -4.1 2.52e-01    -  1.00e+00 1.95e-03h 10
3547  1.9877559e-04 1.03e-07 7.11e+01  -4.1 4.02e-03    -  1.00e+00 6.25e-02h  5
3548  1.9877450e-04 7.76e-08 7.04e+01  -4.1 1.31e-03    -  1.00e+00 5.00e-01h  2
3549  1.9879395e-04 4.58e-08 7.11e+01  -4.1 5.08e-04    -  1.00e+00 5.00e-01h  2
iter    objective    inf_pr   inf_du lg(mu)  ||d||  lg(rg) alpha_du alpha_pr  ls
3550  1.9879016e-04 2.28e-08 7.03e+01  -4.1 3.10e-04    -  1.00e+00 5.00e-01h  2
3551  1.9879787e-04 3.31e-08 7.10e+01  -4.1 1.75e-04    -  1.00e+00 1.00e+00h  1
3552  1.9880369e-04 2.32e-08 7.10e+01  -4.1 2.59e-04    -  1.00e+00 5.00e-01h  2
3553  1.9880047e-04 2.83e-08 7.10e+01  -4.1 8.67e-02    -  1.00e+00 9.77e-04h 11
3554  1.9880304e-04 2.18e-08 7.04e+01  -4.1 5.55e-04    -  1.00e+00 1.25e-01h  4
3555  1.9880716e-04 1.49e-08 7.04e+01  -4.1 1.08e-03    -  1.00e+00 2.50e-01h  3
3556  1.9880671e-04 1.30e-08 7.04e+01  -4.1 3.00e-03    -  1.00e+00 3.12e-02h  6
3557  1.9880768e-04 1.78e-08 7.08e+01  -4.1 2.13e-04    -  1.00e+00 1.00e+00h  1
3558  1.9884013e-04 3.85e-09 7.09e+01  -4.1 2.86e-04    -  1.00e+00 1.00e+00H  1
3559  1.9883656e-04 5.71e-09 7.09e+01  -4.1 2.07e-02    -  1.00e+00 3.91e-03h  9
iter    objective    inf_pr   inf_du lg(mu)  ||d||  lg(rg) alpha_du alpha_pr  ls
3560  1.9883639e-04 5.98e-09 7.05e+01  -4.1 3.82e-03    -  1.00e+00 1.56e-02h  7
3561  1.9883462e-04 7.78e-09 7.05e+01  -4.1 3.47e-03    -  1.00e+00 1.56e-02h  7
3562  1.9883087e-04 8.43e-09 7.05e+01  -4.1 7.31e-02    -  1.00e+00 9.77e-04h 11
3563  1.9878530e-04 8.49e-08 7.07e+01  -4.1 6.96e-04    -  1.00e+00 5.00e-01h  2
3564  1.9878530e-04 8.43e-08 7.07e+01  -4.1 6.18e-03    -  1.00e+00 7.81e-03h  8
3565  1.9878422e-04 5.53e-08 7.08e+01  -4.1 9.39e-04    -  1.00e+00 2.50e-01h  3
3566  1.9878991e-04 5.09e-08 7.08e+01  -4.1 5.05e-04    -  1.00e+00 1.25e-01h  4
3567  1.9878954e-04 5.09e-08 7.06e+01  -4.1 1.76e-02    -  1.00e+00 2.44e-04h 13
3568  1.9878986e-04 5.05e-08 7.06e+01  -4.1 1.88e-04    -  1.00e+00 7.81e-03h  8
3569  1.9878158e-04 6.54e-08 7.08e+01  -4.1 1.61e-03    -  1.00e+00 1.25e-01h  4
iter    objective    inf_pr   inf_du lg(mu)  ||d||  lg(rg) alpha_du alpha_pr  ls
3570  1.9878347e-04 6.34e-08 7.08e+01  -4.1 2.19e-03    -  1.00e+00 3.12e-02h  6
3571  1.9878018e-04 6.60e-08 7.08e+01  -4.1 2.55e-03    -  1.00e+00 6.25e-02h  5
3572  1.9887502e-04 7.56e-08 7.10e+01  -4.1 8.00e-04    -  1.00e+00 1.00e+00H  1
3573  1.9877365e-04 8.66e-07 7.06e+01  -4.1 8.41e-04    -  1.00e+00 1.00e+00h  1
3574  1.9874867e-04 4.82e-07 7.05e+01  -4.1 1.24e-03    -  1.00e+00 5.00e-01h  2
3575  1.9876228e-04 4.24e-07 7.09e+01  -4.1 1.72e-03    -  1.00e+00 1.25e-01h  4
3576  1.9877972e-04 2.23e-07 7.10e+01  -4.1 6.34e-04    -  1.00e+00 5.00e-01h  2
3577  1.9877259e-04 2.23e-07 7.04e+01  -4.1 1.40e-02    -  1.00e+00 3.91e-03h  9
3578  1.9877902e-04 1.76e-07 7.04e+01  -4.1 4.39e-04    -  1.00e+00 2.50e-01h  3
3579  1.9877661e-04 1.80e-07 7.10e+01  -4.1 2.79e-03    -  1.00e+00 2.50e-01h  3
iter    objective    inf_pr   inf_du lg(mu)  ||d||  lg(rg) alpha_du alpha_pr  ls
3580  1.9877867e-04 1.71e-07 7.10e+01  -4.1 1.00e-03    -  1.00e+00 6.25e-02h  5
3581  1.9877782e-04 1.65e-07 7.10e+01  -4.1 4.57e-03    -  1.00e+00 6.25e-02h  5
3582  1.9877668e-04 1.69e-07 7.10e+01  -4.1 1.52e-02    -  1.00e+00 7.81e-03h  8
3583  1.9883038e-04 2.71e-08 7.04e+01  -4.1 2.59e-04    -  1.00e+00 1.00e+00h  1
3584  1.9882762e-04 3.61e-08 7.04e+01  -4.1 3.90e-03    -  1.00e+00 6.25e-02h  5
3585  1.9882016e-04 3.69e-08 7.11e+01  -4.1 6.19e-03    -  1.00e+00 6.25e-02h  5
3586  1.9875257e-04 6.48e-08 7.07e+01  -4.1 5.95e-04    -  1.00e+00 1.00e+00h  1
3587  1.9876560e-04 5.22e-08 7.07e+01  -4.1 1.56e-03    -  1.00e+00 1.25e-01h  4
3588  1.9875331e-04 4.84e-08 7.06e+01  -4.1 3.23e-03    -  1.00e+00 1.25e-01h  4
3589  1.9878235e-04 6.35e-08 7.10e+01  -4.1 7.41e-04    -  1.00e+00 5.00e-01h  2
iter    objective    inf_pr   inf_du lg(mu)  ||d||  lg(rg) alpha_du alpha_pr  ls
3590  1.9878690e-04 5.26e-08 7.10e+01  -4.1 2.41e-03    -  1.00e+00 1.25e-01h  4
3591  1.9877875e-04 5.54e-08 7.04e+01  -4.1 6.11e-01    -  1.00e+00 4.88e-04h 12
3592  1.9877609e-04 5.56e-08 7.04e+01  -4.1 8.23e-02    -  1.00e+00 9.77e-04h 11
3593  1.9877867e-04 4.76e-08 7.04e+01  -4.1 1.25e-03    -  1.00e+00 1.25e-01h  4
3594  1.9877172e-04 4.91e-08 7.10e+01  -4.1 3.00e-03    -  1.00e+00 1.25e-01h  4
3595  1.9881670e-04 2.15e-08 7.04e+01  -4.1 3.10e-04    -  1.00e+00 1.00e+00h  1
3596  1.9881524e-04 1.65e-08 7.04e+01  -4.1 4.27e-03    -  1.00e+00 6.25e-02h  5
3597  1.9870775e-04 1.61e-07 7.06e+01  -4.1 5.29e-04    -  1.00e+00 1.00e+00h  1
3598  1.9874852e-04 1.28e-07 7.07e+01  -4.1 5.39e-04    -  1.00e+00 2.50e-01h  3
3599  1.9873628e-04 1.12e-07 7.08e+01  -4.1 2.10e-03    -  1.00e+00 2.50e-01h  3
iter    objective    inf_pr   inf_du lg(mu)  ||d||  lg(rg) alpha_du alpha_pr  ls
3600  1.9875228e-04 8.54e-08 7.09e+01  -4.1 7.82e-04    -  1.00e+00 2.50e-01h  3

Number of Iterations....: 3600

                                   (scaled)                 (unscaled)
Objective...............:   1.9875227973636294e-04    1.9875227973636294e-04
Dual infeasibility......:   7.0886676147894931e+01    7.0886676147894931e+01
Constraint violation....:   8.5353351275685441e-08    8.5353351275685441e-08
Variable bound violation:   0.0000000000000000e+00    0.0000000000000000e+00
Complementarity.........:   8.0023105607463126e-05    8.0023105607463126e-05
Overall NLP error.......:   7.0886676147894931e+01    7.0886676147894931e+01


Number of objective function evaluations             = 21534
Number of objective gradient evaluations             = 3585
Number of equality constraint evaluations            = 21534
Number of inequality constraint evaluations          = 21534
Number of equality constraint Jacobian evaluations   = 3606
Number of inequality constraint Jacobian evaluations = 3606
Number of Lagrangian Hessian evaluations             = 0
Total seconds in IPOPT                               = 26.025

EXIT: Maximum Number of Iterations Exceeded.
