This is Ipopt version 3.14.19, running with linear solver MUMPS 5.8.1.

Number of nonzeros in equality constraint Jacobian...:     9816
Number of nonzeros in inequality constraint Jacobian.:        8
Number of nonzeros in Lagrangian Hessian.............:        0

Total number of variables............................:     1388
                     variables with only lower bounds:        0
                variables with lower and upper bounds:      396
                     variables with only upper bounds:        0
Total number of equality constraints.................:     1287
Total number of inequality constraints...............:        1
        inequality constraints with only lower bounds:        0
   inequality constraints with lower and upper bounds:        0
        inequality constraints with only upper bounds:        1

iter    objective    inf_pr   inf_du lg(mu)  ||d||  lg(rg) alpha_du alpha_pr  ls
   0  5.5493175e-01 1.46e+00 7.07e+01   0.0 0.00e+00    -  0.00e+00 0.00e+00   0
   1  2.1977819e+02 7.22e-01 2.51e+02  -0.2 1.56e+00    -  9.99e-03 1.00e+00h  1
   2  1.2456938e+02 6.84e-01 1.23e+02  -0.3 7.83e-01    -  9.97e-01 8.63e-01f  1
   3  2.6606663e+01 3.61e-01 8.42e+01   0.1 2.37e+00    -  1.00e+00 4.36e-01f  1
   4  2.3104055e+01 3.26e-01 1.14e+02   0.1 9.05e-01    -  9.30e-01 1.07e-01h  1
   5  1.2529346e+01 1.29e+00 5.91e+01   0.3 1.52e+00    -  8.62e-01 7.28e-01f  1
   6  1.6579186e+00 3.26e-01 1.15e+01   0.1 7.56e-01    -  9.68e-01 1.00e+00f  1
   7  2.1870214e+00 2.54e-01 1.15e+01  -0.2 1.07e+00    -  8.25e-01 5.00e-01h  2
   8  2.6807667e+00 2.13e-01 1.27e+01  -0.3 1.37e+00    -  7.18e-01 2.50e-01h  3
   9  5.2009081e+00 1.89e-01 1.25e+01  -0.3 1.46e+00    -  8.28e-01 2.47e-01h  3
iter    objective    inf_pr   inf_du lg(mu)  ||d||  lg(rg) alpha_du alpha_pr  ls
  10  7.4316641e+00 1.59e-01 1.08e+01  -0.7 1.03e+00    -  9.86e-01 2.50e-01h  3
  11  8.0119822e+00 1.28e-01 8.63e+00  -1.0 7.06e-01    -  9.91e-01 2.50e-01h  3
  12  8.9031708e+00 1.19e-01 1.34e+02  -1.3 6.52e-01    -  8.38e-01 1.00e+00H  1
  13  1.7073768e+00 2.49e-02 1.43e+02  -4.0 1.79e-01    -  5.09e-01 1.00e+00f  1
  14  1.5638346e+00 2.40e-02 1.39e+02  -2.6 4.23e-02    -  1.00e+00 3.50e-02f  1
  15  4.4391303e-01 7.04e-03 4.41e+01  -3.2 7.80e-02    -  1.00e+00 7.79e-01f  1
  16  1.2941579e-01 1.06e-03 1.41e+02  -4.0 3.95e-02    -  1.00e+00 1.00e+00f  1
  17  1.1868655e-01 2.51e-04 1.39e+02  -2.0 1.72e-02    -  5.08e-01 1.00e+00f  1
  18  1.2094785e-01 5.76e-05 7.25e+01  -3.9 8.28e-03    -  1.00e+00 1.00e+00h  1
  19  1.1829082e-01 1.71e-05 7.29e+01  -4.0 4.34e-03    -  1.00e+00 1.00e+00h  1
iter    objective    inf_pr   inf_du lg(mu)  ||d||  lg(rg) alpha_du alpha_pr  ls
  20  1.1567288e-01 1.41e-05 7.41e+01  -4.0 3.50e-03    -  1.00e+00 1.00e+00h  1
  21  1.1122073e-01 1.06e-03 6.07e+01  -4.0 3.35e-02    -  1.00e+00 1.00e+00h  1
  22  1.1551244e-01 1.06e-03 9.70e+01  -4.0 4.79e-02    -  1.00e+00 4.81e-03h  2
  23  1.1430022e-01 2.55e-04 1.63e+01  -2.7 1.65e-02    -  1.00e+00 1.00e+00h  1
  24  1.1691110e-01 8.92e-05 1.03e+02  -3.8 8.94e-03    -  1.00e+00 1.00e+00h  1
  25  1.1478111e-01 1.41e-05 6.62e+01  -3.9 3.54e-03    -  1.00e+00 1.00e+00h  1
  26  1.1317946e-01 3.94e-06 5.15e+01  -4.0 1.87e-03    -  1.00e+00 1.00e+00h  1
  27  1.1301229e-01 4.05e-06 9.36e+01  -3.7 7.62e-03    -  1.00e+00 1.25e-01h  4
  28  1.1280040e-01 1.48e-06 5.25e+01  -4.0 1.19e-03    -  1.00e+00 1.00e+00h  1
  29  1.1267767e-01 2.34e-06 5.39e+01  -4.0 2.40e-03    -  1.00e+00 5.00e-01h  2
iter    objective    inf_pr   inf_du lg(mu)  ||d||  lg(rg) alpha_du alpha_pr  ls
  30  1.1275199e-01 2.28e-06 8.84e+01  -4.0 1.38e-02    -  1.00e+00 1.56e-02h  7
  31  1.0729758e-01 1.66e-04 9.83e+00  -4.1 1.35e-02    -  1.00e+00 1.00e+00f  1
  32  1.0858101e-01 1.31e-05 5.08e+01  -4.0 3.75e-03    -  1.00e+00 1.00e+00h  1
  33  8.5231186e-02 1.17e-02 9.29e+01  -3.7 1.39e-01    -  1.00e+00 1.00e+00f  1
  34  6.8401069e-02 4.11e-02 8.50e+01  -3.5 4.26e-01    -  1.00e+00 5.00e-01h  2
  35  7.5101381e-02 1.23e-02 7.68e+01  -4.0 9.71e-02    -  1.00e+00 1.00e+00h  1
  36  6.6549593e-02 2.46e-02 7.40e+01  -4.0 3.75e-01    -  1.00e+00 5.00e-01h  2
  37  5.5448978e-02 1.30e-02 7.05e+01  -4.0 1.66e-01    -  1.00e+00 8.08e-01h  1
  38  6.0967347e-02 1.58e-02 6.30e+01  -3.7 1.38e-01    -  1.00e+00 1.00e+00h  1
  39  5.9219998e-02 3.68e-02 8.16e+01  -4.0 2.38e-01    -  1.00e+00 6.54e-01h  1
iter    objective    inf_pr   inf_du lg(mu)  ||d||  lg(rg) alpha_du alpha_pr  ls
  40  5.3340014e-02 2.15e-02 7.94e+01  -2.4 7.69e-01    -  1.00e+00 2.16e-01h  3
  41  5.3627382e-02 1.48e-01 4.40e+01  -2.7 4.09e-01    -  1.00e+00 1.00e+00h  1
  42  3.3376242e-02 9.34e-02 5.43e+01  -2.8 3.01e-01    -  1.00e+00 1.00e+00h  1
  43  3.7731651e-02 3.97e-02 9.06e+01  -3.0 3.06e-01    -  9.57e-01 9.70e-01H  1
  44  2.3470591e-02 7.79e-02 6.75e+01  -2.4 4.00e-01    -  1.00e+00 1.00e+00h  1
  45  2.1566348e-02 2.50e-02 8.04e+01  -2.9 2.20e-01    -  1.00e+00 1.00e+00h  1
  46  1.4769152e-02 2.20e-02 7.06e+01  -3.1 2.23e-01    -  1.00e+00 1.00e+00h  1
  47  1.2205699e-02 1.51e-02 7.22e+01  -3.7 1.39e-01    -  1.00e+00 1.00e+00h  1
  48  9.6589896e-03 8.36e-03 7.03e+01  -4.0 2.35e-01    -  1.00e+00 1.00e+00h  1
  49  8.4116718e-03 3.78e-03 7.15e+01  -4.0 1.52e-01    -  1.00e+00 1.00e+00h  1
iter    objective    inf_pr   inf_du lg(mu)  ||d||  lg(rg) alpha_du alpha_pr  ls
  50  6.6976434e-03 2.88e-03 7.14e+01  -4.0 8.34e-02    -  1.00e+00 1.00e+00h  1
  51  6.3178835e-03 2.05e-03 7.00e+01  -4.0 4.10e-01    -  1.00e+00 1.25e-01h  4
  52  6.0318960e-03 2.21e-02 7.01e+01  -4.0 1.91e-01    -  1.00e+00 1.00e+00h  1
  53  6.1074768e-03 7.24e-03 7.14e+01  -4.0 1.08e-01    -  1.00e+00 1.00e+00h  1
  54  5.0363712e-03 4.08e-03 7.14e+01  -4.0 9.34e-02    -  1.00e+00 1.00e+00h  1
  55  4.1610017e-03 1.15e-03 7.14e+01  -4.0 4.00e-02    -  1.00e+00 1.00e+00h  1
  56  5.6150895e-03 1.35e-03 7.01e+01  -4.0 9.59e-02    -  1.00e+00 1.00e+00H  1
  57  4.3658297e-03 1.39e-03 7.00e+01  -4.0 1.72e-01    -  1.00e+00 1.00e+00h  1
  58  3.7853686e-03 1.76e-03 7.00e+01  -4.1 7.36e-01    -  1.00e+00 5.20e-02h  5
  59  3.9007337e-03 1.87e-03 7.15e+01  -4.0 4.17e-01    -  1.00e+00 6.25e-02h  5
iter    objective    inf_pr   inf_du lg(mu)  ||d||  lg(rg) alpha_du alpha_pr  ls
  60  3.4958801e-03 4.25e-03 7.14e+01  -4.0 8.11e-02    -  1.00e+00 1.00e+00h  1
  61  3.2837914e-03 4.08e-03 7.00e+01  -4.0 9.25e-01    -  1.00e+00 6.25e-02h  5
  62  3.1135356e-03 4.30e-03 7.14e+01  -4.0 8.11e-02    -  1.00e+00 1.00e+00h  1
  63  3.0813903e-03 4.84e-03 7.14e+01  -3.7 1.32e+00    -  1.00e+00 2.13e-02h  6
  64  2.5681780e-03 5.90e-03 7.00e+01  -4.0 3.57e-01    -  1.00e+00 2.50e-01h  3
  65  2.5687407e-03 1.00e-02 7.00e+01  -4.0 3.00e-01    -  1.00e+00 5.00e-01h  2
  66  2.4963448e-03 9.40e-03 7.00e+01  -4.0 3.48e-01    -  1.00e+00 1.25e-01h  4
  67  2.3967135e-03 1.71e-02 7.14e+01  -4.0 2.91e-01    -  1.00e+00 5.00e-01h  2
  68  2.1816030e-03 1.30e-02 7.14e+01  -4.0 1.39e-01    -  1.00e+00 1.00e+00h  1
  69  2.1660649e-03 1.14e-02 7.00e+01  -4.0 1.81e-01    -  1.00e+00 1.25e-01h  4
iter    objective    inf_pr   inf_du lg(mu)  ||d||  lg(rg) alpha_du alpha_pr  ls
  70  1.9681867e-03 8.35e-03 7.14e+01  -4.0 9.10e-02    -  1.00e+00 1.00e+00h  1
  71  1.8991335e-03 7.34e-03 7.00e+01  -4.0 2.42e-01    -  1.00e+00 1.25e-01h  4
  72  1.9770898e-03 1.34e-02 7.14e+01  -4.0 2.08e-01    -  1.00e+00 5.00e-01h  2
  73  1.7133189e-03 4.71e-03 7.14e+01  -4.0 1.02e-01    -  1.00e+00 1.00e+00h  1
  74  2.1102167e-03 4.27e-03 7.14e+01  -4.0 8.77e-02    -  1.00e+00 1.00e+00h  1
  75  2.0618875e-03 3.91e-03 7.00e+01  -4.0 5.22e-01    -  1.00e+00 1.25e-01h  4
  76  2.0363841e-03 2.80e-03 7.14e+01  -4.0 1.20e-01    -  1.00e+00 2.50e-01h  3
  77  1.7373997e-03 3.71e-03 7.01e+01  -4.1 1.20e-01    -  1.00e+00 5.00e-01h  2
  78  1.7012654e-03 3.68e-03 7.01e+01  -4.1 1.23e+00    -  1.00e+00 1.56e-02h  7
  79  1.6575347e-03 3.95e-03 7.01e+01  -4.0 2.31e-01    -  1.00e+00 1.25e-01h  4
iter    objective    inf_pr   inf_du lg(mu)  ||d||  lg(rg) alpha_du alpha_pr  ls
  80  1.8131107e-03 4.68e-04 7.14e+01  -4.0 1.44e-01    -  1.00e+00 1.00e+00H  1
  81  1.6685468e-03 1.50e-03 7.14e+01  -4.0 2.01e-01    -  1.00e+00 2.50e-01h  3
  82  5.3130532e-03 1.82e-03 7.02e+01  -4.1 1.57e-01    -  1.00e+00 1.00e+00H  1
  83  1.4771827e-03 7.91e-03 7.13e+01  -4.1 1.92e-01    -  1.00e+00 1.00e+00h  1
  84  2.8278085e-03 1.45e-03 7.01e+01  -4.0 7.50e-02    -  1.00e+00 1.00e+00H  1
  85  1.9235180e-03 2.01e-03 7.02e+01  -4.1 6.72e-02    -  1.00e+00 1.00e+00h  1
  86  2.4519095e-03 2.26e-03 7.13e+01  -4.1 1.00e-01    -  1.00e+00 1.00e+00H  1
  87  1.4920976e-03 2.94e-03 7.02e+01  -4.1 1.02e-01    -  1.00e+00 1.00e+00h  1
  88  1.4487041e-03 3.21e-03 7.01e+01  -4.0 3.24e-01    -  1.00e+00 1.25e-01h  4
  89  1.4364968e-03 3.16e-03 7.13e+01  -4.0 4.47e-01    -  1.00e+00 3.12e-02h  6
iter    objective    inf_pr   inf_du lg(mu)  ||d||  lg(rg) alpha_du alpha_pr  ls
  90  1.5558468e-03 9.59e-04 7.00e+01  -4.0 6.15e-02    -  1.00e+00 1.00e+00h  1
  91  1.4395802e-03 4.06e-04 7.00e+01  -4.0 9.60e-02    -  1.00e+00 5.00e-01h  2
  92  1.3399164e-03 1.89e-03 7.14e+01  -4.0 9.34e-02    -  1.00e+00 5.00e-01h  2
  93  1.3136447e-03 9.71e-04 7.14e+01  -4.0 1.03e-01    -  1.00e+00 5.00e-01h  2
  94  2.0078483e-03 1.50e-03 7.00e+01  -4.0 1.22e-01    -  1.00e+00 1.00e+00H  1
  95  1.8754660e-03 1.09e-02 7.13e+01  -4.1 1.09e-01    -  1.00e+00 1.00e+00h  1
  96  1.5266161e-03 7.63e-03 7.01e+01  -4.1 1.92e-01    -  1.00e+00 5.00e-01h  2
  97  2.5387222e-03 1.52e-03 7.13e+01  -4.1 1.13e-01    -  1.00e+00 1.00e+00H  1
  98  1.6446014e-03 2.81e-03 7.13e+01  -4.1 1.15e-01    -  1.00e+00 5.00e-01h  2
  99  1.4717049e-03 3.28e-03 7.13e+01  -4.1 3.03e+00    -  3.24e-01 2.10e-02h  5
iter    objective    inf_pr   inf_du lg(mu)  ||d||  lg(rg) alpha_du alpha_pr  ls
 100  1.4323005e-03 3.32e-03 7.13e+01  -4.1 1.85e+00    -  1.00e+00 6.75e-03h  8
 101  1.3796063e-03 3.12e-03 7.01e+01  -4.1 5.20e-01    -  1.00e+00 6.25e-02h  5
 102  1.3267011e-03 3.72e-03 7.01e+01  -4.1 1.42e+00    -  1.00e+00 2.41e-02h  6
 103  1.3182903e-03 6.37e-03 7.13e+01  -4.1 1.71e-01    -  1.00e+00 5.00e-01h  2
 104  1.2695620e-03 1.21e-02 7.13e+01  -4.1 2.08e+00    -  8.33e-01 5.13e-02h  5
 105  1.2367144e-03 1.14e-02 7.13e+01  -4.0 4.64e-01    -  1.00e+00 1.25e-01h  4
 106  1.1782927e-03 8.78e-03 7.13e+01  -4.0 2.25e-01    -  1.00e+00 2.50e-01h  3
 107  1.1560113e-03 1.01e-02 7.01e+01  -4.0 8.51e-01    -  1.00e+00 6.25e-02h  5
 108  1.1505269e-03 1.12e-02 7.13e+01  -3.6 4.80e+00    -  1.00e+00 9.17e-03h  6
 109  1.1439927e-03 2.04e-02 6.97e+01  -3.7 3.88e-01    -  1.00e+00 5.00e-01h  2
iter    objective    inf_pr   inf_du lg(mu)  ||d||  lg(rg) alpha_du alpha_pr  ls
 110  1.1294486e-03 4.63e-02 7.17e+01  -3.8 1.56e+00    -  1.00e+00 1.25e-01h  4
 111  2.0449457e-03 3.69e-02 6.98e+01  -4.0 3.69e-01    -  1.00e+00 2.50e-01h  3
 112  1.8874867e-03 7.45e-02 7.15e+01  -4.1 7.70e-01    -  1.00e+00 5.00e-01h  2
 113  1.5669406e-03 6.24e-02 7.14e+01  -4.1 7.53e-01    -  9.90e-01 1.25e-01h  4
 114  1.3552323e-03 8.53e-02 7.01e+01  -4.1 6.67e-01    -  1.00e+00 5.00e-01h  2
 115  1.7493376e-03 6.20e-02 7.13e+01  -4.1 4.28e-01    -  1.00e+00 2.50e-01h  3
 116  1.3801286e-03 3.16e-02 7.02e+01  -4.1 2.78e-01    -  1.00e+00 1.00e+00h  1
 117  1.8439757e-03 2.82e-02 7.13e+01  -4.1 5.67e-01    -  1.00e+00 2.50e-01h  3
 118  1.5792053e-03 2.83e-02 7.13e+01  -4.1 4.75e-01    -  1.00e+00 2.50e-01h  3
 119  1.4427404e-03 1.86e-02 7.13e+01  -4.1 2.02e-01    -  1.00e+00 1.00e+00h  1
iter    objective    inf_pr   inf_du lg(mu)  ||d||  lg(rg) alpha_du alpha_pr  ls
 120  4.5988134e-03 2.49e-02 7.02e+01  -4.1 2.28e-01    -  1.00e+00 1.00e+00H  1
 121  4.1568775e-03 2.47e-02 7.02e+01  -4.1 1.24e+00    -  1.00e+00 6.25e-02h  5
 122  3.0472478e-03 1.95e-02 7.02e+01  -4.1 5.81e-01    -  9.26e-01 1.25e-01h  4
 123  2.5664388e-03 1.94e-02 7.13e+01  -4.1 1.12e+00    -  7.76e-01 4.61e-02h  5
 124  2.3589027e-03 1.69e-02 7.02e+01  -4.1 2.56e-01    -  1.00e+00 2.50e-01h  3
 125  1.3411101e-03 8.88e-03 7.02e+01  -4.1 1.85e-01    -  1.00e+00 1.00e+00h  1
 126  1.2956857e-03 5.70e-03 7.13e+01  -4.1 1.01e-01    -  1.00e+00 5.00e-01h  2
 127  1.2409047e-03 4.71e-03 7.13e+01  -4.0 4.95e-01    -  1.00e+00 1.25e-01h  4
 128  1.1513095e-03 6.44e-03 7.13e+01  -4.0 2.78e-01    -  1.00e+00 2.50e-01h  3
 129  1.0904584e-03 1.37e-03 7.00e+01  -4.0 5.91e-02    -  1.00e+00 1.00e+00h  1
iter    objective    inf_pr   inf_du lg(mu)  ||d||  lg(rg) alpha_du alpha_pr  ls
 130  1.1339966e-03 2.09e-03 7.00e+01  -4.0 2.92e-01    -  1.00e+00 1.25e-01h  4
 131  1.2910653e-03 1.21e-03 7.14e+01  -4.0 7.12e-02    -  1.00e+00 5.00e-01h  2
 132  1.2015135e-03 1.88e-03 7.14e+01  -4.0 5.82e-01    -  1.00e+00 6.25e-02h  5
 133  1.1947739e-03 1.93e-03 7.14e+01  -4.1 7.75e-01    -  1.00e+00 1.56e-02h  7
 134  1.1048682e-03 5.79e-03 7.13e+01  -4.1 8.58e-02    -  1.00e+00 1.00e+00h  1
 135  1.0794773e-03 2.04e-03 7.02e+01  -4.1 5.49e-02    -  1.00e+00 1.00e+00h  1
 136  1.0901592e-03 1.93e-03 7.13e+01  -4.0 1.32e-01    -  1.00e+00 1.25e-01h  4
 137  1.1554782e-03 1.58e-03 7.00e+01  -4.0 6.30e-02    -  1.00e+00 1.00e+00h  1
 138  1.1136408e-03 3.12e-03 7.00e+01  -4.0 1.00e-01    -  1.00e+00 5.00e-01h  2
 139  1.0402500e-03 2.42e-03 7.14e+01  -4.1 3.18e-01    -  1.00e+00 1.25e-01h  4
iter    objective    inf_pr   inf_du lg(mu)  ||d||  lg(rg) alpha_du alpha_pr  ls
 140  1.0987027e-03 1.49e-03 7.00e+01  -4.0 4.61e-02    -  1.00e+00 1.00e+00h  1
 141  1.0720236e-03 4.36e-03 7.00e+01  -4.0 2.28e-01    -  1.00e+00 2.50e-01h  3
 142  1.1003065e-03 4.29e-03 7.14e+01  -4.1 1.61e-01    -  1.00e+00 2.50e-01h  3
 143  1.1959260e-03 2.01e-03 7.02e+01  -4.1 7.18e-02    -  1.00e+00 1.00e+00h  1
 144  1.1198460e-03 1.44e-03 7.14e+01  -4.0 5.54e-02    -  1.00e+00 1.00e+00h  1
 145  1.0364912e-03 3.73e-03 7.00e+01  -4.1 3.35e-01    -  1.00e+00 2.50e-01h  3
 146  1.0093661e-03 2.67e-03 7.13e+01  -4.1 7.58e-02    -  1.00e+00 5.00e-01h  2
 147  1.0079193e-03 2.64e-03 7.13e+01  -4.0 4.44e-01    -  1.00e+00 3.12e-02h  6
 148  1.1343117e-03 1.71e-03 7.00e+01  -4.0 6.53e-02    -  1.00e+00 5.00e-01h  2
 149  1.1912592e-03 1.75e-03 7.01e+01  -4.1 7.94e-01    -  9.71e-01 1.25e-01h  4
iter    objective    inf_pr   inf_du lg(mu)  ||d||  lg(rg) alpha_du alpha_pr  ls
 150  1.1803522e-03 1.69e-03 7.01e+01  -4.1 4.37e-01    -  1.00e+00 6.25e-02h  5
 151  1.0673039e-03 1.46e-03 7.01e+01  -4.1 7.49e-01    -  1.00e+00 1.25e-01h  4
 152  1.2286821e-03 1.13e-03 7.13e+01  -4.1 1.19e-01    -  1.00e+00 5.00e-01h  2
 153  1.1165749e-03 1.23e-03 7.13e+01  -4.1 8.95e-02    -  1.00e+00 5.00e-01h  2
 154  1.1273319e-03 1.19e-03 7.02e+01  -4.1 8.41e-02    -  1.00e+00 5.00e-01h  2
 155  1.1502209e-03 8.92e-04 7.02e+01  -4.1 5.33e-02    -  1.00e+00 5.00e-01h  2
 156  1.0649003e-03 8.99e-04 7.13e+01  -3.8 3.13e+00    -  1.00e+00 1.00e-02h  7
 157  1.1095860e-03 5.71e-04 7.00e+01  -4.0 3.69e-02    -  1.00e+00 1.00e+00h  1
 158  1.1050527e-03 2.35e-04 7.14e+01  -4.0 2.01e-02    -  1.00e+00 1.00e+00h  1
 159  1.0943344e-03 1.56e-04 7.00e+01  -4.0 3.01e-02    -  1.00e+00 5.00e-01h  2
iter    objective    inf_pr   inf_du lg(mu)  ||d||  lg(rg) alpha_du alpha_pr  ls
 160  1.1280675e-03 3.34e-04 7.14e+01  -4.0 2.00e-02    -  1.00e+00 1.00e+00H  1
 161  1.1160772e-03 3.37e-04 7.14e+01  -4.0 9.77e-02    -  1.00e+00 2.50e-01h  3
 162  1.1070236e-03 5.15e-04 7.01e+01  -4.1 5.86e-02    -  1.00e+00 5.00e-01h  2
 163  1.0209648e-03 2.10e-03 7.13e+01  -4.1 6.12e-02    -  1.00e+00 1.00e+00h  1
 164  1.0899822e-03 8.34e-04 7.01e+01  -4.0 6.83e-02    -  1.00e+00 5.00e-01h  2
 165  1.1342938e-03 7.09e-04 7.02e+01  -4.1 7.37e-02    -  1.00e+00 1.00e+00h  1
 166  1.1289122e-03 8.33e-04 7.13e+01  -4.1 7.12e-02    -  1.00e+00 5.00e-01h  2
 167  1.0967554e-03 6.66e-04 7.13e+01  -4.1 2.70e-01    -  1.00e+00 6.25e-02h  5
 168  1.0239456e-03 3.39e-03 7.01e+01  -4.1 3.22e-01    -  1.00e+00 2.50e-01h  3
 169  1.0465307e-03 3.44e-03 7.13e+01  -4.1 8.26e-01    -  1.00e+00 3.12e-02h  6
iter    objective    inf_pr   inf_du lg(mu)  ||d||  lg(rg) alpha_du alpha_pr  ls
 170  1.0673883e-03 7.55e-03 7.13e+01  -4.1 1.32e-01    -  1.00e+00 1.00e+00h  1
 171  1.0654490e-03 5.68e-03 7.02e+01  -4.1 4.23e-01    -  1.00e+00 1.25e-01h  4
 172  1.0221375e-03 5.69e-03 7.02e+01  -4.1 2.35e-01    -  1.00e+00 2.50e-01h  3
 173  1.0507007e-03 4.95e-03 7.13e+01  -4.1 2.53e-01    -  1.00e+00 1.25e-01h  4
 174  9.8807284e-04 4.45e-03 7.01e+01  -4.1 1.38e-01    -  1.00e+00 5.00e-01h  2
 175  1.1382626e-03 1.77e-03 7.13e+01  -4.0 1.09e-01    -  1.00e+00 5.00e-01h  2
 176  1.1883787e-03 2.76e-03 7.13e+01  -4.1 1.01e-01    -  1.00e+00 1.00e+00h  1
 177  1.6420170e-03 1.56e-03 7.02e+01  -4.1 2.30e-01    -  1.00e+00 1.00e+00H  1
 178  1.4239406e-03 1.36e-03 7.02e+01  -4.1 2.17e-01    -  1.00e+00 2.50e-01h  3
 179  1.2325999e-03 1.07e-03 7.13e+01  -4.1 7.90e-01    -  1.00e+00 1.25e-01h  4
iter    objective    inf_pr   inf_du lg(mu)  ||d||  lg(rg) alpha_du alpha_pr  ls
 180  1.2244616e-03 1.64e-03 7.01e+01  -4.1 5.27e-02    -  1.00e+00 1.00e+00h  1
 181  1.1787925e-03 1.74e-03 7.01e+01  -4.1 3.66e-01    -  1.00e+00 6.25e-02h  5
 182  1.1172031e-03 1.17e-03 7.01e+01  -4.1 8.85e-02    -  1.00e+00 5.00e-01h  2
 183  1.1029875e-03 3.07e-03 7.13e+01  -4.1 1.36e-01    -  1.00e+00 5.00e-01h  2
 184  1.1019814e-03 3.78e-03 7.13e+01  -4.1 1.37e+00    -  1.00e+00 3.12e-02h  6
 185  1.0873367e-03 4.96e-03 7.13e+01  -4.1 2.30e-01    -  1.00e+00 2.50e-01h  3
 186  1.0858543e-03 5.88e-03 7.13e+01  -4.1 1.29e+00    -  1.00e+00 6.25e-02h  5
 187  9.7941714e-04 6.48e-03 7.01e+01  -4.1 2.87e-01    -  1.00e+00 2.50e-01h  3
 188  1.0125638e-03 6.93e-03 7.13e+01  -4.1 1.13e-01    -  1.00e+00 1.00e+00h  1
 189  9.9762034e-04 3.75e-03 7.13e+01  -4.1 1.03e-01    -  1.00e+00 1.00e+00h  1
iter    objective    inf_pr   inf_du lg(mu)  ||d||  lg(rg) alpha_du alpha_pr  ls
 190  1.0609214e-03 3.97e-03 7.01e+01  -4.0 5.74e-01    -  1.00e+00 6.25e-02h  5
 191  1.0052329e-03 2.16e-03 7.02e+01  -4.1 8.70e-02    -  1.00e+00 1.00e+00h  1
 192  1.0466596e-03 2.40e-03 7.13e+01  -4.0 1.33e-01    -  1.00e+00 5.00e-01h  2
 193  1.1277836e-03 5.47e-04 7.13e+01  -4.1 5.87e-02    -  1.00e+00 1.00e+00H  1
 194  1.1318890e-03 4.82e-04 7.13e+01  -4.1 8.83e-02    -  1.00e+00 2.50e-01h  3
 195  1.1077821e-03 3.61e-04 7.02e+01  -4.1 2.65e-02    -  1.00e+00 1.00e+00h  1
 196  1.1399428e-03 4.26e-04 7.13e+01  -4.1 2.61e-02    -  1.00e+00 1.00e+00h  1
 197  1.0686070e-03 9.51e-04 7.02e+01  -4.1 4.52e-02    -  1.00e+00 1.00e+00h  1
 198  1.0254111e-03 1.36e-03 7.02e+01  -4.1 6.36e-01    -  1.00e+00 6.25e-02h  5
 199  1.0366133e-03 5.66e-04 7.14e+01  -4.0 3.11e-02    -  1.00e+00 1.00e+00h  1
iter    objective    inf_pr   inf_du lg(mu)  ||d||  lg(rg) alpha_du alpha_pr  ls
 200  1.0312144e-03 5.44e-04 7.14e+01  -3.7 1.77e+00    -  1.00e+00 8.79e-03h  7
 201  1.0533624e-03 2.24e-04 6.97e+01  -3.8 2.25e-02    -  1.00e+00 1.00e+00h  1
 202  1.0500153e-03 9.94e-05 6.99e+01  -4.0 2.26e-02    -  1.00e+00 5.00e-01h  2
 203  1.0475355e-03 1.06e-04 7.15e+01  -4.0 7.23e-02    -  1.00e+00 6.25e-02h  5
 204  1.0459134e-03 9.85e-05 7.15e+01  -4.0 7.81e-02    -  1.00e+00 6.25e-02h  5
 205  1.0529894e-03 2.85e-05 7.14e+01  -4.0 1.40e-02    -  1.00e+00 1.00e+00H  1
 206  1.0490637e-03 1.46e-04 7.00e+01  -4.0 1.04e-01    -  1.00e+00 1.25e-01h  4
 207  1.0476875e-03 8.87e-05 7.02e+01  -4.1 1.23e-02    -  1.00e+00 1.00e+00h  1
 208  1.0463760e-03 8.33e-05 7.02e+01  -4.1 1.52e-01    -  1.00e+00 6.25e-02h  5
 209  1.0411238e-03 9.38e-05 7.13e+01  -4.1 3.73e-02    -  1.00e+00 2.50e-01h  3
iter    objective    inf_pr   inf_du lg(mu)  ||d||  lg(rg) alpha_du alpha_pr  ls
 210  1.0399296e-03 1.00e-04 7.13e+01  -4.1 6.63e-01    -  1.00e+00 3.91e-03h  9
 211  1.0440672e-03 4.42e-05 7.02e+01  -4.1 1.13e-02    -  1.00e+00 5.00e-01h  2
 212  1.0464922e-03 3.83e-05 7.13e+01  -4.1 1.11e-02    -  1.00e+00 1.00e+00H  1
 213  1.0572904e-03 2.02e-05 7.02e+01  -4.1 2.57e-02    -  1.00e+00 1.00e+00H  1
 214  1.0550453e-03 7.05e-04 7.01e+01  -4.0 6.11e-02    -  1.00e+00 5.00e-01h  2
 215  1.0457875e-03 6.39e-04 7.01e+01  -4.1 3.91e-01    -  1.00e+00 6.25e-02h  5
 216  1.0285923e-03 3.20e-04 7.13e+01  -4.1 2.42e-02    -  1.00e+00 1.00e+00h  1
 217  1.0048623e-03 4.85e-04 7.13e+01  -4.0 4.28e-02    -  1.00e+00 5.00e-01h  2
 218  1.0057953e-03 4.74e-04 7.01e+01  -4.0 1.96e-01    -  1.00e+00 1.56e-02h  7
 219  1.0049397e-03 4.34e-04 7.01e+01  -4.0 1.50e-01    -  1.00e+00 1.25e-01h  4
iter    objective    inf_pr   inf_du lg(mu)  ||d||  lg(rg) alpha_du alpha_pr  ls
 220  1.0050193e-03 5.46e-04 7.01e+01  -4.1 4.27e-01    -  1.00e+00 6.25e-02h  5
 221  9.9342772e-04 2.42e-03 7.13e+01  -4.1 1.25e-01    -  1.00e+00 5.00e-01h  2
 222  9.7482245e-04 2.03e-03 7.13e+01  -4.1 1.79e-01    -  1.00e+00 1.25e-01h  4
 223  1.0196081e-03 1.07e-03 7.00e+01  -4.0 4.68e-02    -  1.00e+00 1.00e+00h  1
 224  9.9868450e-04 7.89e-04 7.00e+01  -4.1 2.00e-01    -  1.00e+00 2.50e-01h  3
 225  1.0306317e-03 7.89e-04 7.14e+01  -4.1 1.73e-01    -  1.00e+00 6.25e-02h  5
 226  9.7330336e-04 1.05e-03 7.13e+01  -4.1 1.62e-01    -  1.00e+00 2.50e-01h  3
 227  1.0539699e-03 1.84e-03 7.14e+01  -4.0 5.84e-02    -  1.00e+00 1.00e+00h  1
 228  9.3724221e-04 8.27e-04 7.13e+01  -4.1 3.87e-02    -  1.00e+00 1.00e+00h  1
 229  9.5086060e-04 4.52e-04 7.01e+01  -4.0 4.15e-02    -  1.00e+00 5.00e-01h  2
iter    objective    inf_pr   inf_du lg(mu)  ||d||  lg(rg) alpha_du alpha_pr  ls
 230  1.2274298e-03 3.61e-04 7.00e+01  -4.0 8.07e-02    -  1.00e+00 1.00e+00H  1
 231  1.1486463e-03 9.25e-03 7.01e+01  -4.1 2.85e-01    -  1.00e+00 5.00e-01h  2
 232  1.1641869e-03 9.02e-03 7.13e+01  -4.1 1.02e+00    -  7.26e-01 2.51e-02h  6
 233  9.5779782e-04 1.51e-03 7.13e+01  -4.1 7.35e-02    -  1.00e+00 1.00e+00h  1
 234  9.3786287e-04 1.37e-03 7.13e+01  -4.1 1.51e-01    -  1.00e+00 2.50e-01h  3
 235  1.0894687e-03 4.47e-04 7.02e+01  -4.1 5.25e-02    -  1.00e+00 1.00e+00H  1
 236  1.0574143e-03 5.76e-04 7.02e+01  -4.1 1.22e-01    -  1.00e+00 2.50e-01h  3
 237  1.0239125e-03 1.85e-03 7.13e+01  -4.1 1.03e-01    -  1.00e+00 5.00e-01h  2
 238  9.5682701e-04 2.49e-03 7.13e+01  -4.1 7.15e-01    -  1.00e+00 6.25e-02h  5
 239  9.0499007e-04 5.00e-03 7.13e+01  -4.1 6.35e+00    -  5.33e-01 1.28e-02h  6
iter    objective    inf_pr   inf_du lg(mu)  ||d||  lg(rg) alpha_du alpha_pr  ls
 240  8.9741265e-04 4.98e-03 7.13e+01  -3.7 2.46e+00    -  1.00e+00 2.35e-03h  9
 241  9.0502510e-04 4.20e-03 7.00e+01  -3.8 1.20e-01    -  1.00e+00 2.50e-01h  3
 242  8.9632386e-04 4.02e-03 7.00e+01  -4.0 2.79e-01    -  1.00e+00 6.25e-02h  5
 243  8.8822447e-04 4.77e-03 7.00e+01  -4.0 1.05e-01    -  1.00e+00 5.00e-01h  2
 244  8.8445907e-04 4.72e-03 7.00e+01  -4.0 1.03e+00    -  1.00e+00 7.81e-03h  8
 245  8.7184051e-04 4.55e-03 7.14e+01  -4.1 2.45e-01    -  1.00e+00 6.25e-02h  5
 246  8.6672473e-04 4.97e-03 7.00e+01  -4.0 1.16e-01    -  1.00e+00 5.00e-01h  2
 247  9.9723826e-04 3.07e-03 7.13e+01  -4.1 7.57e-02    -  1.00e+00 1.00e+00h  1
 248  9.0246781e-04 1.64e-03 7.13e+01  -4.1 7.44e-02    -  1.00e+00 5.00e-01h  2
 249  8.5512134e-04 1.98e-03 7.01e+01  -3.8 2.95e+00    -  1.00e+00 2.04e-02h  6
iter    objective    inf_pr   inf_du lg(mu)  ||d||  lg(rg) alpha_du alpha_pr  ls
 250  1.3427760e-03 2.55e-03 7.14e+01  -4.0 1.33e-01    -  1.00e+00 1.00e+00h  1
 251  8.3719332e-04 2.79e-03 7.13e+01  -4.1 1.05e-01    -  1.00e+00 1.00e+00h  1
 252  9.0342018e-04 2.31e-03 7.01e+01  -4.0 6.90e-02    -  1.00e+00 2.50e-01h  3
 253  9.0322337e-04 2.33e-03 7.01e+01  -4.0 3.62e-01    -  1.00e+00 6.25e-02h  5
 254  8.5617108e-04 9.17e-04 7.01e+01  -4.1 8.49e-02    -  1.00e+00 5.00e-01h  2
 255  8.3876043e-04 8.68e-04 7.13e+01  -4.1 3.54e-01    -  1.00e+00 6.25e-02h  5
 256  8.5451702e-04 5.90e-04 7.13e+01  -4.1 6.80e-02    -  1.00e+00 5.00e-01h  2
 257  8.4739679e-04 5.72e-04 7.13e+01  -4.1 1.06e+00    -  1.00e+00 7.81e-03h  8
 258  9.6727287e-04 5.07e-04 7.02e+01  -4.1 5.09e-02    -  1.00e+00 1.00e+00H  1
 259  9.3482332e-04 3.04e-04 7.02e+01  -4.1 7.57e-02    -  1.00e+00 2.50e-01h  3
iter    objective    inf_pr   inf_du lg(mu)  ||d||  lg(rg) alpha_du alpha_pr  ls
 260  8.8115418e-04 5.42e-04 7.02e+01  -4.1 2.57e-01    -  1.00e+00 1.25e-01h  4
 261  8.5507240e-04 5.73e-04 7.02e+01  -4.1 2.50e-01    -  1.00e+00 1.25e-01h  4
 262  8.7307556e-04 5.52e-04 7.13e+01  -4.0 4.34e-01    -  1.00e+00 1.56e-02h  7
 263  8.5464979e-04 2.45e-04 7.14e+01  -4.0 2.08e-02    -  1.00e+00 1.00e+00h  1
 264  8.4928531e-04 2.29e-04 7.00e+01  -4.0 7.46e-02    -  1.00e+00 1.25e-01h  4
 265  8.4765576e-04 1.84e-04 7.01e+01  -4.1 5.62e-02    -  1.00e+00 2.50e-01h  3
 266  8.3775815e-04 1.83e-04 7.14e+01  -4.1 2.15e-01    -  1.00e+00 6.25e-02h  5
 267  8.2684083e-04 1.65e-04 7.14e+01  -4.0 1.86e-02    -  1.00e+00 1.00e+00h  1
 268  8.1850332e-04 1.63e-04 7.00e+01  -4.0 4.41e-02    -  1.00e+00 5.00e-01h  2
 269  8.1620202e-04 1.63e-04 7.00e+01  -4.1 1.02e+00    -  1.00e+00 7.81e-03h  8
iter    objective    inf_pr   inf_du lg(mu)  ||d||  lg(rg) alpha_du alpha_pr  ls
 270  1.2081249e-03 1.90e-04 7.00e+01  -4.0 8.89e-02    -  1.00e+00 1.00e+00H  1
 271  1.1344818e-03 2.41e-03 7.00e+01  -4.1 2.56e-01    -  1.00e+00 2.50e-01h  3
 272  8.2841908e-04 2.65e-03 7.01e+01  -4.1 1.01e+00    -  1.00e+00 6.25e-02h  5
 273  9.1104477e-04 2.19e-03 7.13e+01  -4.1 1.30e-01    -  1.00e+00 5.00e-01h  2
 274  8.3043914e-04 1.11e-03 7.13e+01  -4.1 1.10e-01    -  1.00e+00 1.00e+00h  1
 275  9.0839577e-04 1.09e-03 7.02e+01  -4.1 5.79e-01    -  1.00e+00 7.81e-03h  8
 276  6.9070558e-04 5.48e-04 7.01e+01  -4.1 4.77e-02    -  1.00e+00 1.00e+00h  1
 277  7.0568200e-04 6.56e-04 7.14e+01  -4.0 3.17e-02    -  1.00e+00 1.00e+00h  1
 278  6.6311325e-04 3.86e-04 7.14e+01  -4.0 2.45e-02    -  1.00e+00 1.00e+00h  1
 279  6.5708178e-04 3.48e-04 7.00e+01  -4.0 3.78e-02    -  1.00e+00 1.25e-01h  4
iter    objective    inf_pr   inf_du lg(mu)  ||d||  lg(rg) alpha_du alpha_pr  ls
 280  6.5453494e-04 3.40e-04 7.00e+01  -4.0 2.94e-01    -  1.00e+00 1.56e-02h  7
 281  6.4745236e-04 2.73e-04 7.13e+01  -4.1 2.27e-02    -  1.00e+00 1.00e+00h  1
 282  6.4048388e-04 1.89e-04 7.02e+01  -4.1 8.07e-02    -  1.00e+00 2.50e-01h  3
 283  6.3617815e-04 1.81e-04 7.13e+01  -3.6 2.70e+00    -  1.00e+00 5.80e-03h  7
 284  6.2979621e-04 2.19e-04 7.14e+01  -3.7 1.07e-01    -  1.00e+00 1.25e-01h  4
 285  6.1311287e-04 2.30e-04 7.00e+01  -4.0 3.39e-01    -  1.00e+00 6.25e-02h  5
 286  6.0963624e-04 1.37e-03 7.00e+01  -4.0 4.68e-01    -  1.00e+00 1.25e-01h  4
 287  5.9414833e-04 1.46e-03 7.14e+01  -4.1 1.38e+00    -  8.15e-01 1.43e-02h  7
 288  5.7293097e-04 1.44e-03 7.00e+01  -4.0 3.27e-01    -  1.00e+00 6.25e-02h  5
 289  5.5052633e-04 9.82e-04 7.14e+01  -4.0 1.10e-01    -  1.00e+00 2.50e-01h  3
iter    objective    inf_pr   inf_du lg(mu)  ||d||  lg(rg) alpha_du alpha_pr  ls
 290  5.4879775e-04 9.71e-04 7.00e+01  -4.0 5.24e-01    -  1.00e+00 3.12e-02h  6
 291  5.3913141e-04 8.17e-04 7.14e+01  -4.0 1.77e-01    -  1.00e+00 1.25e-01h  4
 292  5.3509188e-04 7.96e-04 7.00e+01  -4.0 6.11e-01    -  1.00e+00 1.56e-02h  7
 293  5.1783701e-04 8.58e-04 7.14e+01  -4.0 3.39e-01    -  1.00e+00 1.25e-01h  4
 294  4.6703406e-04 1.13e-03 7.14e+01  -4.0 6.07e-01    -  1.00e+00 6.25e-02h  5
 295  5.1416177e-04 1.25e-03 7.00e+01  -4.0 5.50e-01    -  1.00e+00 6.25e-02h  5
 296  5.6210546e-04 1.03e-03 7.13e+01  -4.1 1.32e-01    -  1.00e+00 5.00e-01h  2
 297  9.3203200e-04 8.75e-04 7.00e+01  -3.8 1.02e+00    -  1.00e+00 1.22e-01h  4
 298  5.4468712e-04 1.41e-03 7.15e+01  -3.9 1.00e-01    -  1.00e+00 1.00e+00h  1
 299  6.1269662e-04 1.36e-03 6.99e+01  -3.9 5.10e-01    -  1.00e+00 1.25e-01h  4
iter    objective    inf_pr   inf_du lg(mu)  ||d||  lg(rg) alpha_du alpha_pr  ls
 300  5.8062579e-04 1.34e-03 6.99e+01  -3.9 1.03e+00    -  1.00e+00 3.04e-02h  6
 301  5.8689992e-04 2.17e-03 7.15e+01  -3.9 8.83e-02    -  1.00e+00 5.00e-01h  2
 302  5.8535722e-04 1.17e-03 7.00e+01  -4.0 5.21e-02    -  1.00e+00 1.00e+00h  1
 303  5.2534119e-04 1.48e-03 7.00e+01  -3.7 1.11e+00    -  1.00e+00 2.28e-02h  6
 304  5.1080083e-04 1.75e-03 7.00e+01  -4.0 3.05e-01    -  1.00e+00 1.25e-01h  4
 305  3.9523687e-03 6.08e-04 7.14e+01  -4.0 3.08e-01    -  1.00e+00 1.00e+00H  1
 306  9.0946471e-04 1.57e-03 7.02e+01  -4.1 2.03e-01    -  1.00e+00 1.00e+00h  1
 307  6.2138403e-04 1.99e-03 7.13e+01  -4.1 5.33e-01    -  1.00e+00 2.50e-01h  3
 308  4.3476660e-04 5.99e-04 7.01e+01  -4.1 6.36e-02    -  1.00e+00 1.00e+00h  1
 309  4.2812889e-04 5.98e-04 7.13e+01  -3.7 2.76e+00    -  1.00e+00 1.66e-03h  9
iter    objective    inf_pr   inf_du lg(mu)  ||d||  lg(rg) alpha_du alpha_pr  ls
 310  4.4300267e-04 1.72e-04 6.97e+01  -3.8 2.02e-02    -  1.00e+00 1.00e+00h  1
 311  4.1452062e-04 5.92e-05 7.14e+01  -4.0 3.50e-02    -  1.00e+00 1.00e+00h  1
 312  4.1699623e-04 5.24e-05 7.00e+01  -4.0 7.72e-03    -  1.00e+00 1.00e+00h  1
 313  4.0871920e-04 4.15e-05 7.00e+01  -4.0 7.06e-03    -  1.00e+00 1.00e+00h  1
 314  4.2095424e-04 1.03e-05 7.14e+01  -4.0 1.35e-02    -  1.00e+00 1.00e+00H  1
 315  4.0788757e-04 7.94e-06 7.14e+01  -4.0 1.63e-02    -  1.00e+00 1.00e+00h  1
 316  4.0767106e-04 9.50e-06 7.14e+01  -4.1 5.36e-01    -  1.00e+00 7.81e-03h  8
 317  4.1121618e-04 2.33e-05 7.03e+01  -4.1 1.47e-02    -  1.00e+00 1.00e+00h  1
 318  4.0090918e-04 2.92e-06 7.02e+01  -4.1 8.83e-03    -  1.00e+00 1.00e+00h  1
 319  4.0245920e-04 2.11e-06 7.12e+01  -4.0 9.06e-03    -  1.00e+00 1.25e-01h  4
iter    objective    inf_pr   inf_du lg(mu)  ||d||  lg(rg) alpha_du alpha_pr  ls
 320  3.9996266e-04 6.68e-06 7.13e+01  -4.1 3.45e-03    -  1.00e+00 1.00e+00h  1
 321  3.9949837e-04 2.64e-05 7.01e+01  -4.1 8.87e-01    -  1.00e+00 7.81e-03h  8
 322  3.9135661e-04 3.61e-04 7.01e+01  -4.1 1.43e+00    -  7.63e-01 1.40e-02h  7
 323  3.7450109e-04 5.91e-04 7.01e+01  -4.1 4.04e+00    -  5.19e-01 8.27e-03h  7
 324  3.6289850e-04 5.92e-04 7.01e+01  -4.0 7.55e-01    -  1.00e+00 3.12e-02h  6
 325  3.5011070e-04 1.09e-03 7.01e+01  -3.5 2.00e+00    -  1.00e+00 1.68e-02h  6
 326  3.3265320e-04 1.10e-03 7.01e+01  -3.8 6.08e-01    -  1.00e+00 6.25e-02h  5
 327  3.1785647e-04 1.07e-03 7.00e+01  -3.5 1.47e+00    -  1.00e+00 1.56e-02h  7
 328  5.2585596e-03 1.05e-03 9.76e+01  -4.0 4.38e-01    -  1.00e+00 1.48e-02h  2
 329  5.0443999e-03 5.52e-03 6.63e+01  -4.1 3.97e-01    -  7.58e-01 2.50e-01h  3
iter    objective    inf_pr   inf_du lg(mu)  ||d||  lg(rg) alpha_du alpha_pr  ls
 330  4.6715326e-03 2.25e-02 7.48e+01  -4.1 4.05e+00    -  3.17e-01 4.81e-02h  4
 331  1.9203223e-03 8.63e-03 7.13e+01  -4.1 3.24e-01    -  1.00e+00 1.00e+00h  1
 332  1.1407937e-03 7.06e-03 7.01e+01  -4.1 1.26e-01    -  1.00e+00 1.00e+00h  1
 333  9.3831009e-04 9.79e-03 7.01e+01  -4.1 4.46e-01    -  1.00e+00 2.50e-01h  3
 334  9.3412138e-04 9.50e-03 7.13e+01  -4.1 9.00e-01    -  1.00e+00 6.25e-02h  5
 335  8.4071255e-04 9.57e-03 7.13e+01  -4.1 2.18e+00    -  9.33e-01 2.86e-02h  6
 336  6.0734485e-04 5.74e-03 7.01e+01  -4.1 1.25e-01    -  1.00e+00 1.00e+00h  1
 337  3.8085528e-04 1.78e-03 7.13e+01  -4.1 9.13e-02    -  1.00e+00 1.00e+00h  1
 338  3.7304370e-04 1.65e-03 7.01e+01  -4.1 1.85e-01    -  1.00e+00 1.25e-01h  4
 339  3.5664402e-04 1.80e-03 7.13e+01  -4.1 1.53e+00    -  6.84e-01 2.21e-02h  6
iter    objective    inf_pr   inf_du lg(mu)  ||d||  lg(rg) alpha_du alpha_pr  ls
 340  3.8296832e-04 6.62e-04 7.01e+01  -4.1 6.11e-02    -  1.00e+00 1.00e+00h  1
 341  3.7126918e-04 1.75e-03 7.14e+01  -4.0 1.22e-01    -  1.00e+00 5.00e-01h  2
 342  3.2916915e-04 1.94e-03 7.14e+01  -4.1 1.38e+00    -  7.54e-01 2.77e-02h  6
 343  3.2038090e-04 1.92e-03 7.14e+01  -4.1 2.53e-01    -  1.00e+00 1.25e-01h  4
 344  3.1237972e-04 1.83e-03 7.13e+01  -4.1 2.85e-01    -  1.00e+00 6.25e-02h  5
 345  3.1185261e-04 1.73e-03 7.01e+01  -4.1 3.04e-01    -  1.00e+00 6.25e-02h  5
 346  3.0990087e-04 1.71e-03 7.13e+01  -4.1 5.19e-01    -  1.00e+00 3.12e-02h  6
 347  3.0225832e-04 1.54e-03 7.01e+01  -4.1 2.56e-01    -  1.00e+00 1.25e-01h  4
 348  3.1486388e-04 1.50e-03 7.01e+01  -4.0 3.88e-01    -  1.00e+00 6.25e-02h  5
 349  5.5390269e-04 1.79e-03 7.13e+01  -4.1 7.14e-02    -  1.00e+00 1.00e+00h  1
iter    objective    inf_pr   inf_du lg(mu)  ||d||  lg(rg) alpha_du alpha_pr  ls
 350  4.2777258e-04 1.91e-03 7.13e+01  -4.1 1.51e-01    -  1.00e+00 2.50e-01h  3
 351  3.4799159e-04 1.92e-03 7.13e+01  -4.1 4.59e-01    -  1.00e+00 6.25e-02h  5
 352  3.9935350e-04 2.22e-03 7.01e+01  -4.1 9.71e-02    -  1.00e+00 5.00e-01h  2
 353  4.7735682e-04 1.97e-03 7.13e+01  -4.1 7.11e-01    -  1.00e+00 6.25e-02h  5
 354  4.6130279e-04 1.99e-03 7.13e+01  -4.1 5.59e-01    -  1.00e+00 1.56e-02h  7
 355  3.4033541e-04 2.25e-03 7.01e+01  -4.1 2.10e-01    -  1.00e+00 2.50e-01h  3
 356  3.9486204e-04 1.36e-03 7.13e+01  -4.1 7.51e-02    -  1.00e+00 1.00e+00h  1
 357  3.8110669e-04 4.42e-03 7.13e+01  -4.1 8.10e-02    -  1.00e+00 1.00e+00h  1
 358  8.4205529e-04 9.49e-04 7.01e+01  -4.1 9.41e-02    -  1.00e+00 1.00e+00H  1
 359  8.1517152e-04 9.46e-04 7.02e+01  -4.1 8.31e-01    -  1.00e+00 3.12e-02h  6
iter    objective    inf_pr   inf_du lg(mu)  ||d||  lg(rg) alpha_du alpha_pr  ls
 360  7.9212714e-04 9.06e-04 7.01e+01  -4.1 8.52e-01    -  1.00e+00 3.12e-02h  6
 361  3.2423604e-04 3.98e-03 7.13e+01  -4.1 1.64e-01    -  1.00e+00 5.00e-01h  2
 362  4.6018185e-04 3.84e-03 7.01e+01  -3.5 5.05e+00    -  1.00e+00 6.22e-03h  6
 363  3.3739851e-04 4.11e-03 6.90e+01  -3.6 1.14e-01    -  1.00e+00 1.00e+00h  1
 364  3.1985290e-04 4.15e-03 7.25e+01  -3.6 1.07e+00    -  1.00e+00 1.56e-02h  7
 365  3.5526830e-04 3.24e-03 6.89e+01  -3.6 1.20e-01    -  1.00e+00 5.00e-01h  2
 366  3.4682244e-04 2.39e-03 6.90e+01  -3.6 1.38e-01    -  1.00e+00 2.50e-01h  3
 367  3.8565635e-04 1.89e-03 7.25e+01  -3.6 1.08e-01    -  1.00e+00 5.00e-01h  2
 368  3.8466123e-04 2.47e-03 7.25e+01  -3.6 2.99e-01    -  1.00e+00 1.25e-01h  4
 369  3.5501100e-04 3.01e-03 7.25e+01  -3.6 6.26e-01    -  1.00e+00 6.25e-02h  5
iter    objective    inf_pr   inf_du lg(mu)  ||d||  lg(rg) alpha_du alpha_pr  ls
 370  3.5573543e-04 2.72e-03 7.25e+01  -3.6 3.33e-01    -  1.00e+00 1.25e-01h  4
 371  1.4509148e-03 7.43e-04 6.90e+01  -3.6 9.27e-02    -  1.00e+00 1.00e+00H  1
 372  1.2201335e-03 6.77e-04 6.90e+01  -3.6 1.92e-01    -  1.00e+00 1.25e-01h  4
 373  9.4831752e-04 7.44e-04 6.90e+01  -3.6 3.22e+00    -  5.55e-01 9.41e-03h  7
 374  8.3342729e-04 7.05e-04 7.25e+01  -3.6 1.41e+00    -  1.00e+00 1.03e-02h  6
 375  4.3845068e-04 1.11e-03 7.24e+01  -3.6 8.36e-02    -  1.00e+00 5.00e-01h  2
 376  3.5509881e-04 1.05e-03 6.90e+01  -3.6 2.84e-01    -  1.00e+00 1.25e-01h  4
 377  3.2819469e-04 8.28e-04 6.90e+01  -3.6 3.61e-02    -  1.00e+00 1.00e+00h  1
 378  3.1483395e-04 7.77e-04 7.24e+01  -4.0 1.52e-01    -  1.00e+00 6.25e-02h  5
 379  2.9251582e-04 3.14e-04 7.00e+01  -4.0 2.75e-02    -  1.00e+00 1.00e+00h  1
iter    objective    inf_pr   inf_du lg(mu)  ||d||  lg(rg) alpha_du alpha_pr  ls
 380  2.9411976e-04 2.52e-04 7.00e+01  -4.0 1.98e-02    -  1.00e+00 2.50e-01h  3
 381  2.9090126e-04 1.96e-04 7.00e+01  -4.0 2.17e-01    -  1.00e+00 6.25e-02h  5
 382  3.3252946e-04 5.51e-05 7.13e+01  -4.1 1.64e-02    -  1.00e+00 1.00e+00H  1
 383  3.2341491e-04 1.05e-04 7.13e+01  -4.0 1.25e-01    -  1.00e+00 1.25e-01h  4
 384  3.1796851e-04 2.72e-04 7.12e+01  -4.1 2.53e-02    -  1.00e+00 1.00e+00h  1
 385  3.0020993e-04 3.80e-05 7.02e+01  -4.1 2.20e-02    -  1.00e+00 1.00e+00h  1
 386  2.9946395e-04 1.34e-04 7.13e+01  -4.0 1.47e-02    -  1.00e+00 1.00e+00H  1
 387  2.8898202e-04 1.43e-04 7.13e+01  -4.1 1.78e-02    -  1.00e+00 1.00e+00h  1
 388  2.8673827e-04 1.43e-04 7.01e+01  -4.1 1.35e+00    -  7.37e-01 1.46e-03h 10
 389  3.0552419e-04 6.65e-05 7.01e+01  -4.1 2.62e-02    -  1.00e+00 1.00e+00h  1
iter    objective    inf_pr   inf_du lg(mu)  ||d||  lg(rg) alpha_du alpha_pr  ls
 390  2.8702178e-04 5.63e-05 7.12e+01  -4.1 2.51e-02    -  1.00e+00 1.00e+00h  1
 391  2.8875820e-04 3.42e-05 7.00e+01  -4.0 1.12e-02    -  1.00e+00 1.00e+00h  1
 392  2.8616876e-04 5.93e-05 7.00e+01  -4.0 1.22e-01    -  1.00e+00 6.25e-02h  5
 393  2.8386932e-04 1.39e-04 7.01e+01  -4.1 2.81e-02    -  1.00e+00 5.00e-01h  2
 394  2.8115660e-04 8.19e-05 7.13e+01  -4.1 1.25e-02    -  1.00e+00 5.00e-01h  2
 395  2.8137954e-04 4.19e-05 7.01e+01  -4.1 1.11e-02    -  1.00e+00 5.00e-01h  2
 396  2.8152546e-04 2.54e-05 7.00e+01  -4.0 8.27e-03    -  1.00e+00 1.00e+00h  1
 397  2.8189663e-04 1.40e-05 7.14e+01  -4.0 5.20e-03    -  1.00e+00 1.00e+00h  1
 398  2.8215895e-04 1.32e-05 7.00e+01  -4.0 3.91e-03    -  1.00e+00 1.00e+00h  1
 399  2.7816605e-04 1.83e-04 7.01e+01  -4.0 2.26e-02    -  1.00e+00 1.00e+00h  1
iter    objective    inf_pr   inf_du lg(mu)  ||d||  lg(rg) alpha_du alpha_pr  ls
 400  2.9080750e-04 1.87e-04 7.01e+01  -4.1 3.13e-02    -  1.00e+00 5.00e-01h  2
 401  3.2487051e-04 1.19e-04 7.13e+01  -4.1 1.04e-01    -  1.00e+00 2.50e-01h  3
 402  2.7826863e-04 1.05e-04 7.02e+01  -4.1 2.15e-02    -  1.00e+00 1.00e+00h  1
 403  2.7804090e-04 1.06e-04 7.12e+01  -4.1 3.63e-02    -  1.00e+00 1.25e-01h  4
 404  2.7830828e-04 9.88e-05 7.12e+01  -4.1 4.06e-02    -  1.00e+00 1.25e-01h  4
 405  2.7751346e-04 9.64e-05 7.12e+01  -4.1 6.26e-01    -  1.00e+00 7.81e-03h  8
 406  2.7686909e-04 8.78e-05 7.02e+01  -4.1 4.14e-02    -  1.00e+00 1.25e-01h  4
 407  2.7757178e-04 5.03e-05 7.13e+01  -4.1 1.68e-02    -  1.00e+00 5.00e-01h  2
 408  2.7981832e-04 4.68e-05 7.13e+01  -4.1 1.33e-01    -  1.00e+00 6.25e-02h  5
 409  2.7645816e-04 2.35e-05 7.12e+01  -4.1 1.17e-02    -  1.00e+00 1.00e+00h  1
iter    objective    inf_pr   inf_du lg(mu)  ||d||  lg(rg) alpha_du alpha_pr  ls
 410  2.7626158e-04 2.30e-05 7.12e+01  -4.1 1.02e-01    -  1.00e+00 1.56e-02h  7
 411  2.7648332e-04 2.33e-05 7.02e+01  -4.1 3.02e-02    -  1.00e+00 2.50e-01h  3
 412  2.7739678e-04 1.73e-05 7.13e+01  -4.1 5.93e-03    -  1.00e+00 1.00e+00h  1
 413  2.7868839e-04 1.36e-05 7.02e+01  -4.1 1.29e-02    -  1.00e+00 2.50e-01h  3
 414  2.7800653e-04 6.33e-06 7.02e+01  -4.1 3.06e-03    -  1.00e+00 1.00e+00h  1
 415  2.7686530e-04 6.58e-06 7.12e+01  -4.0 5.65e-02    -  1.00e+00 6.25e-02h  5
 416  2.7710540e-04 2.51e-06 7.02e+01  -4.1 2.54e-03    -  1.00e+00 1.00e+00h  1
 417  2.7708064e-04 3.10e-05 7.02e+01  -4.0 2.54e-02    -  1.00e+00 2.50e-01h  3
 418  2.7718615e-04 2.76e-05 7.02e+01  -4.1 3.70e-02    -  1.00e+00 1.25e-01h  4
 419  2.7978136e-04 1.06e-05 7.12e+01  -4.1 1.35e-02    -  1.00e+00 1.00e+00H  1
iter    objective    inf_pr   inf_du lg(mu)  ||d||  lg(rg) alpha_du alpha_pr  ls
 420  2.7902925e-04 7.58e-06 7.12e+01  -4.1 2.90e-01    -  1.00e+00 1.56e-02h  7
 421  2.7653546e-04 8.45e-06 7.02e+01  -4.1 8.12e-03    -  1.00e+00 1.00e+00h  1
 422  2.7594946e-04 8.07e-06 7.12e+01  -4.1 4.51e-03    -  1.00e+00 1.00e+00h  1
 423  2.7737244e-04 8.39e-06 7.02e+01  -4.1 6.75e-01    -  1.00e+00 3.91e-03h  9
 424  2.7516309e-04 7.71e-06 7.02e+01  -4.1 3.47e-03    -  1.00e+00 1.00e+00h  1
 425  2.7588625e-04 1.20e-06 7.14e+01  -4.0 2.10e-03    -  1.00e+00 1.00e+00h  1
 426  2.7568291e-04 2.18e-06 7.14e+01  -4.0 3.98e-03    -  1.00e+00 5.00e-01h  2
 427  2.7538718e-04 3.09e-06 7.01e+01  -4.1 2.27e-02    -  1.00e+00 1.25e-01h  4
 428  2.7535858e-04 3.35e-06 7.01e+01  -4.1 5.80e-02    -  1.00e+00 1.56e-02h  7
 429  2.7508008e-04 5.49e-06 7.01e+01  -4.1 1.57e-02    -  1.00e+00 2.50e-01h  3
iter    objective    inf_pr   inf_du lg(mu)  ||d||  lg(rg) alpha_du alpha_pr  ls
 430  2.7407735e-04 2.81e-05 7.12e+01  -4.1 8.85e-03    -  1.00e+00 1.00e+00h  1
 431  2.7470056e-04 2.06e-05 7.12e+01  -4.1 5.65e-02    -  1.00e+00 1.25e-01h  4
 432  2.7380356e-04 2.88e-05 7.12e+01  -4.1 2.50e-01    -  1.00e+00 3.12e-02h  6
 433  2.7348129e-04 2.87e-05 7.12e+01  -4.1 9.52e-02    -  1.00e+00 6.25e-02h  5
 434  2.7235671e-04 1.04e-04 7.02e+01  -4.1 6.51e-02    -  1.00e+00 2.50e-01h  3
 435  2.7162342e-04 1.10e-04 7.02e+01  -4.1 6.21e-02    -  1.00e+00 1.25e-01h  4
 436  2.6994110e-04 1.16e-04 7.02e+01  -4.1 5.50e-02    -  1.00e+00 1.25e-01h  4
 437  2.6881721e-04 1.23e-04 7.12e+01  -4.1 4.34e-01    -  1.00e+00 1.56e-02h  7
 438  2.6849266e-04 1.79e-04 7.02e+01  -4.1 1.55e-01    -  1.00e+00 1.25e-01h  4
 439  2.6381579e-04 1.37e-04 7.12e+01  -4.1 4.65e-02    -  1.00e+00 2.50e-01h  3
iter    objective    inf_pr   inf_du lg(mu)  ||d||  lg(rg) alpha_du alpha_pr  ls
 440  2.6204264e-04 8.45e-05 7.13e+01  -4.0 3.96e-02    -  1.00e+00 2.50e-01h  3
 441  2.6522350e-04 8.33e-05 7.13e+01  -4.0 5.19e-02    -  1.00e+00 2.50e-01h  3
 442  2.6506397e-04 9.91e-05 7.01e+01  -4.1 1.46e-01    -  1.00e+00 6.25e-02h  5
 443  2.6102576e-04 1.05e-04 7.01e+01  -4.1 2.23e-01    -  1.00e+00 3.12e-02h  6
 444  2.6058653e-04 1.01e-04 7.01e+01  -4.1 7.88e-02    -  1.00e+00 6.25e-02h  5
 445  2.5732677e-04 1.35e-04 7.01e+01  -4.1 5.24e-01    -  1.00e+00 1.56e-02h  7
 446  2.5644305e-04 1.35e-04 7.01e+01  -4.1 3.74e-01    -  1.00e+00 1.56e-02h  7
 447  2.5386314e-04 1.34e-04 7.13e+01  -4.1 1.89e-01    -  1.00e+00 6.25e-02h  5
 448  2.5675022e-04 6.02e-05 7.13e+01  -4.1 3.20e-02    -  1.00e+00 5.00e-01h  2
 449  2.5451413e-04 6.59e-05 7.01e+01  -4.0 3.67e-02    -  1.00e+00 2.50e-01h  3
iter    objective    inf_pr   inf_du lg(mu)  ||d||  lg(rg) alpha_du alpha_pr  ls
 450  2.5826915e-04 6.29e-05 7.13e+01  -4.0 7.88e-02    -  1.00e+00 1.25e-01h  4
 451  2.5062957e-04 9.54e-05 7.00e+01  -4.0 1.18e-02    -  1.00e+00 1.00e+00h  1
 452  2.5871930e-04 5.14e-05 7.14e+01  -4.0 1.08e-02    -  1.00e+00 1.00e+00H  1
 453  2.5498060e-04 2.44e-04 7.14e+01  -4.0 7.01e-02    -  1.00e+00 2.50e-01h  3
 454  5.1174983e-04 2.52e-04 7.02e+01  -4.1 6.63e-02    -  1.00e+00 1.00e+00H  1
 455  4.4828361e-04 2.53e-04 7.02e+01  -4.1 4.78e-02    -  1.00e+00 1.25e-01h  4
 456  4.1077960e-04 2.51e-04 7.01e+01  -4.1 1.69e-01    -  1.00e+00 6.25e-02h  5
 457  3.8598861e-04 2.54e-04 7.13e+01  -4.1 7.41e-01    -  1.00e+00 7.81e-03h  8
 458  3.5617320e-04 2.31e-04 7.02e+01  -4.1 1.27e-01    -  1.00e+00 6.25e-02h  5
 459  3.4112291e-04 2.35e-04 7.13e+01  -4.1 4.47e-01    -  1.00e+00 1.56e-02h  7
iter    objective    inf_pr   inf_du lg(mu)  ||d||  lg(rg) alpha_du alpha_pr  ls
 460  2.9361783e-04 3.20e-04 7.02e+01  -4.1 3.08e-01    -  1.00e+00 1.25e-01h  4
 461  2.8350871e-04 7.82e-04 7.02e+01  -4.1 6.17e-02    -  1.00e+00 5.00e-01h  2
 462  2.6805088e-04 5.96e-04 7.02e+01  -4.1 5.88e-02    -  1.00e+00 2.50e-01h  3
 463  2.6656284e-04 5.61e-04 7.13e+01  -4.1 1.40e-01    -  1.00e+00 1.25e-01h  4
 464  2.8371899e-04 4.56e-04 7.02e+01  -4.1 4.88e-02    -  1.00e+00 2.50e-01h  3
 465  2.8154027e-04 3.92e-04 7.13e+01  -4.1 1.97e-01    -  1.00e+00 1.25e-01h  4
 466  2.8046161e-04 4.01e-04 7.02e+01  -4.1 2.26e-01    -  1.00e+00 3.12e-02h  6
 467  2.5616539e-04 2.99e-04 7.01e+01  -4.1 6.39e-02    -  1.00e+00 2.50e-01h  3
 468  2.4814593e-04 2.54e-04 7.01e+01  -4.1 8.26e-02    -  1.00e+00 1.25e-01h  4
 469  2.9993042e-04 4.29e-04 7.13e+01  -4.1 3.90e-02    -  1.00e+00 1.00e+00H  1
iter    objective    inf_pr   inf_du lg(mu)  ||d||  lg(rg) alpha_du alpha_pr  ls
 470  3.3745106e-04 3.24e-04 7.13e+01  -4.1 4.83e-02    -  1.00e+00 1.00e+00H  1
 471  3.1689480e-04 3.39e-04 7.13e+01  -4.1 6.06e-01    -  1.00e+00 1.56e-02h  7
 472  2.7588064e-04 3.24e-04 7.13e+01  -4.1 9.85e-02    -  1.00e+00 5.00e-01h  2
 473  2.7127219e-04 3.27e-04 7.01e+01  -4.1 3.61e-01    -  1.00e+00 7.81e-03h  8
 474  2.4430151e-04 2.49e-04 7.13e+01  -4.1 2.36e-02    -  1.00e+00 1.00e+00h  1
 475  2.4720507e-04 2.05e-04 7.02e+01  -4.1 4.65e-02    -  1.00e+00 2.50e-01h  3
 476  2.4446168e-04 1.25e-04 7.02e+01  -4.1 3.24e-02    -  1.00e+00 5.00e-01h  2
 477  2.4218504e-04 1.29e-04 7.02e+01  -4.1 7.34e-01    -  1.00e+00 1.56e-02h  7
 478  2.7004291e-04 1.23e-04 7.13e+01  -4.1 2.88e-02    -  1.00e+00 1.00e+00h  1
 479  2.7835385e-04 1.79e-04 7.13e+01  -4.1 4.36e-02    -  1.00e+00 1.00e+00H  1
iter    objective    inf_pr   inf_du lg(mu)  ||d||  lg(rg) alpha_du alpha_pr  ls
 480  2.5919389e-04 1.49e-04 7.02e+01  -4.1 5.64e-02    -  1.00e+00 2.50e-01h  3
 481  2.8036343e-04 4.57e-05 7.13e+01  -4.1 2.48e-02    -  1.00e+00 1.00e+00H  1
 482  2.7315331e-04 4.60e-05 7.13e+01  -4.1 5.26e-02    -  1.00e+00 1.25e-01h  4
 483  2.4897537e-04 1.09e-04 7.13e+01  -4.1 2.85e-02    -  1.00e+00 5.00e-01h  2
 484  2.4811609e-04 1.42e-04 7.13e+01  -4.1 3.91e-01    -  1.00e+00 3.12e-02h  6
 485  2.4433950e-04 1.17e-04 7.01e+01  -4.1 3.23e-02    -  1.00e+00 2.50e-01h  3
 486  2.4462764e-04 1.36e-04 7.01e+01  -4.1 1.38e-02    -  1.00e+00 1.00e+00h  1
 487  2.4449777e-04 1.56e-04 7.13e+01  -4.1 3.82e-01    -  1.00e+00 1.56e-02h  7
 488  2.4426307e-04 1.56e-04 7.13e+01  -4.1 4.79e-01    -  1.00e+00 7.81e-03h  8
 489  2.4526688e-04 4.98e-05 7.13e+01  -4.1 9.81e-03    -  1.00e+00 1.00e+00h  1
iter    objective    inf_pr   inf_du lg(mu)  ||d||  lg(rg) alpha_du alpha_pr  ls
 490  2.4405924e-04 6.49e-05 7.02e+01  -4.1 2.00e-02    -  1.00e+00 5.00e-01h  2
 491  2.4253738e-04 4.65e-05 7.02e+01  -4.1 2.68e-02    -  1.00e+00 2.50e-01h  3
 492  2.4239137e-04 5.56e-05 7.02e+01  -4.1 1.47e-02    -  1.00e+00 5.00e-01h  2
 493  2.4457364e-04 2.66e-05 7.14e+01  -4.0 8.76e-03    -  1.00e+00 1.00e+00H  1
 494  2.4531534e-04 2.66e-05 7.00e+01  -4.0 8.12e-02    -  1.00e+00 3.12e-02h  6
 495  2.4275388e-04 2.71e-05 7.14e+01  -4.0 8.78e-03    -  1.00e+00 1.00e+00h  1
 496  2.4173374e-04 3.22e-05 7.14e+01  -4.0 4.18e-02    -  1.00e+00 1.25e-01h  4
 497  2.4138641e-04 3.47e-05 7.14e+01  -4.1 6.72e-02    -  1.00e+00 3.12e-02h  6
 498  2.4190688e-04 2.60e-05 7.14e+01  -4.1 2.28e-02    -  1.00e+00 2.50e-01h  3
 499  2.4128631e-04 4.67e-05 7.01e+01  -4.1 1.28e-02    -  1.00e+00 5.00e-01h  2
iter    objective    inf_pr   inf_du lg(mu)  ||d||  lg(rg) alpha_du alpha_pr  ls
 500  2.4109552e-04 5.00e-05 7.01e+01  -4.1 4.50e-02    -  1.00e+00 6.25e-02h  5
 501  2.4053713e-04 5.02e-05 7.01e+01  -4.1 2.87e-02    -  1.00e+00 1.25e-01h  4
 502  2.4124230e-04 5.28e-05 7.13e+01  -4.1 3.04e-02    -  1.00e+00 1.25e-01h  4
 503  2.4237133e-04 1.61e-05 7.01e+01  -4.1 6.88e-03    -  1.00e+00 1.00e+00H  1
 504  2.4134783e-04 1.47e-05 7.01e+01  -4.0 1.60e-02    -  1.00e+00 5.00e-01h  2
 505  2.4112888e-04 6.43e-06 7.14e+01  -4.0 7.55e-03    -  1.00e+00 5.00e-01h  2
 506  2.4097435e-04 7.46e-06 7.01e+01  -4.0 4.31e-02    -  1.00e+00 6.25e-02h  5
 507  2.4101646e-04 6.54e-06 7.13e+01  -4.1 3.23e-03    -  1.00e+00 1.00e+00h  1
 508  2.4108379e-04 4.92e-06 7.00e+01  -4.0 2.56e-03    -  1.00e+00 1.00e+00h  1
 509  2.4181148e-04 1.69e-06 7.14e+01  -4.0 2.05e-03    -  1.00e+00 1.00e+00H  1
iter    objective    inf_pr   inf_du lg(mu)  ||d||  lg(rg) alpha_du alpha_pr  ls
 510  2.4144902e-04 7.22e-06 7.14e+01  -4.1 1.38e-02    -  1.00e+00 2.50e-01h  3
 511  2.4020569e-04 3.05e-04 7.01e+01  -4.1 9.37e-01    -  1.00e+00 3.12e-02h  6
 512  2.4017527e-04 2.97e-04 7.01e+01  -4.1 1.22e-01    -  1.00e+00 3.12e-02h  6
 513  2.3951420e-04 1.65e-04 7.01e+01  -4.1 1.14e-02    -  1.00e+00 5.00e-01h  2
 514  2.3877063e-04 1.64e-04 7.13e+01  -4.1 9.31e-01    -  1.00e+00 3.91e-03h  9
 515  2.3863343e-04 1.63e-04 7.01e+01  -4.1 3.45e-01    -  1.00e+00 3.91e-03h  9
 516  2.3922969e-04 1.58e-04 7.13e+01  -4.1 3.59e-01    -  1.00e+00 1.56e-02h  7
 517  2.3866219e-04 1.19e-04 7.13e+01  -4.1 1.88e-02    -  1.00e+00 5.00e-01h  2
 518  2.3809602e-04 4.28e-05 7.13e+01  -4.1 2.11e-02    -  1.00e+00 5.00e-01h  2
 519  2.3730403e-04 5.86e-05 7.01e+01  -4.1 4.49e-02    -  1.00e+00 1.25e-01h  4
iter    objective    inf_pr   inf_du lg(mu)  ||d||  lg(rg) alpha_du alpha_pr  ls
 520  2.3773184e-04 4.04e-05 7.01e+01  -4.1 1.76e-02    -  1.00e+00 2.50e-01h  3
 521  2.3844289e-04 4.75e-05 7.13e+01  -4.1 4.74e-02    -  1.00e+00 1.25e-01h  4
 522  2.3836107e-04 4.76e-05 7.13e+01  -4.1 2.07e-01    -  1.00e+00 3.91e-03h  9
 523  2.3766251e-04 5.16e-05 7.13e+01  -4.1 1.05e+00    -  1.00e+00 3.91e-03h  9
 524  2.3652866e-04 1.28e-04 7.13e+01  -4.1 2.21e-01    -  1.00e+00 1.25e-01h  4
 525  2.3458936e-04 1.39e-04 7.01e+01  -4.1 4.56e-01    -  1.00e+00 3.12e-02h  6
 526  2.3461129e-04 1.39e-04 7.13e+01  -4.1 4.97e-01    -  1.00e+00 3.91e-03h  9
 527  2.3379486e-04 9.10e-05 7.13e+01  -4.1 1.53e-02    -  1.00e+00 5.00e-01h  2
 528  2.3426893e-04 5.57e-05 7.01e+01  -4.1 1.81e-02    -  1.00e+00 5.00e-01h  2
 529  2.3662513e-04 3.23e-05 7.13e+01  -4.1 1.47e-02    -  1.00e+00 1.00e+00h  1
iter    objective    inf_pr   inf_du lg(mu)  ||d||  lg(rg) alpha_du alpha_pr  ls
 530  2.3612974e-04 2.72e-05 7.13e+01  -4.1 2.20e-01    -  1.00e+00 3.12e-02h  6
 531  2.3478759e-04 2.92e-05 7.13e+01  -4.1 9.68e-02    -  1.00e+00 6.25e-02h  5
 532  2.3467794e-04 2.85e-05 7.13e+01  -4.1 1.64e-01    -  1.00e+00 3.12e-02h  6
 533  2.3454152e-04 2.82e-05 7.02e+01  -4.1 7.75e-02    -  1.00e+00 1.56e-02h  7
 534  2.3392466e-04 2.89e-05 7.13e+01  -4.1 3.84e-02    -  1.00e+00 1.25e-01h  4
 535  2.3356472e-04 2.75e-05 7.13e+01  -4.1 6.09e-01    -  1.00e+00 7.81e-03h  8
 536  2.3336689e-04 3.35e-05 7.02e+01  -4.1 2.97e-01    -  1.00e+00 1.56e-02h  7
 537  2.3452136e-04 2.53e-05 7.13e+01  -4.1 1.30e-02    -  1.00e+00 5.00e-01h  2
 538  2.3935651e-04 1.30e-05 7.13e+01  -4.1 1.55e-02    -  1.00e+00 1.00e+00H  1
 539  2.3729988e-04 1.49e-05 7.13e+01  -4.1 2.77e-02    -  1.00e+00 2.50e-01h  3
iter    objective    inf_pr   inf_du lg(mu)  ||d||  lg(rg) alpha_du alpha_pr  ls
 540  2.3673886e-04 1.44e-05 7.02e+01  -4.1 1.20e-01    -  1.00e+00 1.56e-02h  7
 541  2.3448909e-04 1.93e-05 7.13e+01  -4.1 3.56e-01    -  1.00e+00 1.56e-02h  7
 542  2.3130001e-04 2.76e-05 7.13e+01  -4.1 1.49e-01    -  1.00e+00 6.25e-02h  5
 543  2.3129153e-04 2.55e-05 7.02e+01  -4.1 4.65e-01    -  1.00e+00 7.81e-03h  8
 544  2.3035248e-04 2.08e-05 7.02e+01  -4.1 5.95e-01    -  1.00e+00 1.56e-02h  7
 545  2.2877714e-04 3.82e-05 7.01e+01  -4.0 1.12e-01    -  1.00e+00 6.25e-02h  5
 546  2.3280974e-04 3.02e-05 7.13e+01  -4.1 1.39e-02    -  1.00e+00 1.00e+00h  1
 547  2.3295620e-04 2.82e-05 7.02e+01  -4.1 6.41e-02    -  1.00e+00 6.25e-02h  5
 548  2.3109847e-04 1.99e-05 7.13e+01  -4.1 4.84e-01    -  1.00e+00 1.56e-02h  7
 549  2.2848049e-04 1.93e-05 7.13e+01  -4.1 2.52e-01    -  1.00e+00 3.12e-02h  6
iter    objective    inf_pr   inf_du lg(mu)  ||d||  lg(rg) alpha_du alpha_pr  ls
 550  2.2788772e-04 1.98e-05 7.02e+01  -4.1 6.17e-01    -  1.00e+00 7.81e-03h  8
 551  2.2613523e-04 5.13e-05 7.02e+01  -4.1 1.83e+00    -  1.00e+00 7.81e-03h  8
 552  2.2486032e-04 5.29e-05 7.02e+01  -4.1 4.68e-01    -  1.00e+00 3.12e-02h  6
 553  2.2363473e-04 4.89e-05 7.02e+01  -4.1 1.68e-01    -  1.00e+00 3.12e-02h  6
 554  2.2352516e-04 4.83e-05 7.13e+01  -4.1 3.50e-01    -  1.00e+00 7.81e-03h  8
 555  2.2401072e-04 4.50e-05 7.02e+01  -4.1 2.13e-02    -  1.00e+00 1.25e-01h  4
 556  2.2321859e-04 5.05e-05 7.02e+01  -4.1 5.27e-02    -  1.00e+00 2.50e-01h  3
 557  2.2382276e-04 4.98e-05 7.13e+01  -4.1 1.74e-01    -  1.00e+00 6.25e-02h  5
 558  2.2327527e-04 4.81e-05 7.02e+01  -4.1 2.79e-01    -  1.00e+00 1.56e-02h  7
 559  2.2198048e-04 4.77e-05 7.02e+01  -4.1 7.81e-02    -  1.00e+00 6.25e-02h  5
iter    objective    inf_pr   inf_du lg(mu)  ||d||  lg(rg) alpha_du alpha_pr  ls
 560  2.2208109e-04 7.13e-05 7.02e+01  -4.1 3.17e-02    -  1.00e+00 2.50e-01h  3
 561  2.2259876e-04 6.91e-05 7.13e+01  -4.1 5.50e-01    -  1.00e+00 1.56e-02h  7
 562  2.2490165e-04 6.20e-05 7.13e+01  -4.1 9.66e-02    -  1.00e+00 1.25e-01h  4
 563  2.2417422e-04 6.03e-05 7.13e+01  -4.1 2.29e-01    -  1.00e+00 1.56e-02h  7
 564  2.2285721e-04 5.61e-05 7.13e+01  -4.1 3.42e-02    -  1.00e+00 2.50e-01h  3
 565  2.2264363e-04 4.56e-05 7.13e+01  -4.1 6.81e-02    -  1.00e+00 1.25e-01h  4
 566  2.1869494e-04 7.31e-05 7.02e+01  -4.1 1.30e+00    -  1.00e+00 7.81e-03h  8
 567  2.2386857e-04 5.82e-05 7.01e+01  -4.0 1.80e-02    -  1.00e+00 5.00e-01h  2
 568  2.2644523e-04 6.00e-05 7.13e+01  -4.1 7.11e-02    -  1.00e+00 6.25e-02h  5
 569  2.4701838e-04 2.74e-04 7.13e+01  -4.1 2.09e-02    -  1.00e+00 1.00e+00H  1
iter    objective    inf_pr   inf_du lg(mu)  ||d||  lg(rg) alpha_du alpha_pr  ls
 570  2.2078926e-04 1.01e-03 7.13e+01  -4.1 3.41e-02    -  1.00e+00 1.00e+00h  1
 571  2.1434987e-04 9.73e-04 7.01e+01  -4.1 2.58e-01    -  1.00e+00 3.12e-02h  6
 572  2.1668290e-04 6.71e-04 7.13e+01  -4.1 3.34e-02    -  1.00e+00 5.00e-01h  2
 573  2.1399850e-04 7.38e-04 7.13e+01  -4.0 3.64e-01    -  1.00e+00 3.12e-02h  6
 574  2.1364838e-04 7.40e-04 7.13e+01  -4.1 2.89e-01    -  1.00e+00 1.56e-02h  7
 575  2.1327668e-04 7.23e-04 7.01e+01  -4.1 1.05e-01    -  1.00e+00 3.12e-02h  6
 576  2.1364943e-04 6.23e-04 7.01e+01  -4.1 9.93e-02    -  1.00e+00 1.25e-01h  4
 577  2.1488056e-04 6.49e-04 7.01e+01  -4.0 6.86e-02    -  1.00e+00 2.50e-01h  3
 578  2.1131887e-04 7.44e-04 7.01e+01  -4.0 2.51e-01    -  1.00e+00 6.25e-02h  5
 579  2.3944539e-04 3.05e-04 7.13e+01  -4.1 2.84e-02    -  1.00e+00 1.00e+00H  1
iter    objective    inf_pr   inf_du lg(mu)  ||d||  lg(rg) alpha_du alpha_pr  ls
 580  2.3825156e-04 3.04e-04 7.13e+01  -4.1 2.81e-01    -  1.00e+00 3.12e-02h  6
 581  2.2117010e-04 2.20e-04 7.13e+01  -4.1 1.35e-01    -  1.00e+00 6.25e-02h  5
 582  2.2640230e-04 2.20e-04 7.01e+01  -4.1 5.41e-01    -  1.00e+00 3.91e-03h  9
 583  2.1867781e-04 1.65e-04 7.01e+01  -4.1 1.88e-02    -  1.00e+00 1.00e+00h  1
 584  2.1506182e-04 5.65e-04 7.13e+01  -4.0 9.58e-02    -  1.00e+00 2.50e-01h  3
 585  2.2431860e-04 4.30e-04 7.13e+01  -4.1 2.66e-02    -  1.00e+00 5.00e-01h  2
 586  2.2409291e-04 4.30e-04 7.01e+01  -4.1 3.93e-01    -  1.00e+00 3.91e-03h  9
 587  2.7302942e-04 1.26e-04 7.01e+01  -4.1 4.10e-02    -  1.00e+00 1.00e+00H  1
 588  2.1467574e-04 2.82e-04 7.02e+01  -4.1 3.24e-02    -  1.00e+00 1.00e+00h  1
 589  2.1456835e-04 3.28e-04 7.13e+01  -4.1 5.67e-02    -  1.00e+00 2.50e-01h  3
iter    objective    inf_pr   inf_du lg(mu)  ||d||  lg(rg) alpha_du alpha_pr  ls
 590  2.2139164e-04 1.88e-04 7.13e+01  -4.1 1.51e-02    -  1.00e+00 1.00e+00h  1
 591  2.4391391e-04 1.17e-04 7.00e+01  -4.0 5.25e-02    -  1.00e+00 1.00e+00H  1
 592  2.3529375e-04 1.62e-04 7.00e+01  -4.1 1.99e-01    -  1.00e+00 6.25e-02h  5
 593  2.1788833e-04 1.10e-04 7.01e+01  -4.1 1.72e-02    -  1.00e+00 1.00e+00h  1
 594  2.1354812e-04 1.08e-04 7.00e+01  -4.0 1.29e-02    -  1.00e+00 1.00e+00h  1
 595  2.1434770e-04 1.07e-04 7.14e+01  -4.0 2.38e-01    -  1.00e+00 3.91e-03h  9
 596  2.1691213e-04 8.61e-05 7.14e+01  -4.1 2.05e-02    -  1.00e+00 2.50e-01h  3
 597  2.1579929e-04 3.74e-05 7.00e+01  -4.0 1.02e-02    -  1.00e+00 1.00e+00h  1
 598  2.1514561e-04 5.47e-05 7.00e+01  -4.1 6.69e-02    -  1.00e+00 1.25e-01h  4
 599  2.1311491e-04 2.26e-04 7.00e+01  -4.1 7.87e-01    -  1.00e+00 1.56e-02h  7
iter    objective    inf_pr   inf_du lg(mu)  ||d||  lg(rg) alpha_du alpha_pr  ls
 600  2.1236494e-04 2.61e-04 7.14e+01  -4.1 1.28e+00    -  1.00e+00 7.81e-03h  8
 601  2.1193568e-04 2.46e-04 7.00e+01  -4.1 4.79e-02    -  1.00e+00 1.25e-01h  4
 602  2.1183277e-04 2.48e-04 7.00e+01  -4.1 3.81e-01    -  1.00e+00 7.81e-03h  8
 603  2.1171726e-04 2.36e-04 7.01e+01  -4.1 5.53e-02    -  1.00e+00 1.25e-01h  4
 604  2.1132455e-04 3.88e-04 7.14e+01  -4.1 1.13e+00    -  1.00e+00 1.56e-02h  7
 605  2.1054158e-04 4.31e-04 7.14e+01  -4.1 3.04e-01    -  1.00e+00 3.12e-02h  6
 606  2.1012212e-04 4.20e-04 7.14e+01  -4.1 1.06e-01    -  1.00e+00 6.25e-02h  5
 607  2.0982816e-04 4.26e-04 7.14e+01  -4.1 3.97e-01    -  1.00e+00 1.56e-02h  7
 608  2.0951651e-04 4.41e-04 7.14e+01  -4.1 4.87e-01    -  1.00e+00 1.56e-02h  7
 609  2.0929193e-04 5.70e-04 7.01e+01  -4.1 1.08e+00    -  1.00e+00 1.56e-02h  7
iter    objective    inf_pr   inf_du lg(mu)  ||d||  lg(rg) alpha_du alpha_pr  ls
 610  2.0900132e-04 7.67e-04 7.01e+01  -4.1 1.39e+00    -  1.00e+00 1.56e-02h  7
 611  2.0722751e-04 8.87e-04 7.01e+01  -4.1 2.34e+00    -  8.18e-01 7.81e-03h  8
 612  2.0632058e-04 1.06e-03 7.01e+01  -4.1 1.28e+00    -  1.00e+00 1.56e-02h  7
 613  2.0602897e-04 1.67e-03 7.01e+01  -4.1 3.62e+00    -  6.92e-01 1.15e-02h  7
 614  2.0276816e-04 1.82e-03 7.01e+01  -4.1 5.25e+00    -  5.45e-01 4.44e-03h  8
 615  2.0192345e-04 1.99e-03 7.01e+01  -4.0 1.28e+00    -  1.00e+00 1.56e-02h  7
 616  1.4505771e-03 1.99e-03 9.90e+01  -4.1 1.57e+00    -  1.00e+00 1.27e-03h  4
 617  1.3826178e-03 1.88e-03 7.08e+01  -4.1 1.41e-01    -  9.45e-01 1.25e-01h  4
 618  1.2269625e-03 1.89e-03 7.08e+01  -4.1 7.90e+01    -  1.06e-02 8.52e-05h  9
 619  1.1047186e-03 1.88e-03 7.08e+01  -4.1 3.89e+01    -  5.79e-02 1.13e-04h 10
iter    objective    inf_pr   inf_du lg(mu)  ||d||  lg(rg) alpha_du alpha_pr  ls
 620  9.6431464e-04 1.88e-03 7.08e+01  -4.1 9.77e+01    -  4.40e-03 6.38e-05h 10
 621  9.2881412e-04 1.88e-03 7.08e+01  -4.1 9.35e+01    -  3.88e-02 1.63e-05h 12
 622  7.5174137e-04 1.81e-03 7.06e+01  -4.1 7.16e+01    -  6.13e-03 7.11e-04h  7
 623  3.7494122e-04 1.81e-03 7.08e+01  -4.1 4.56e+00    -  2.18e-01 6.64e-06f  5
 624  6.8974716e-04 1.29e-03 1.14e+03  -4.1 4.03e-02    -  1.00e+00 1.00e+00h  1
 625  1.0350987e-02 1.16e-03 2.74e+03  -4.1 5.12e-02    -  1.00e+00 3.97e-01h  1
 626  1.0353188e-02 1.16e-03 1.29e+04  -4.1 5.31e-02    -  1.00e+00 1.15e-03h  1
 627  1.0449745e-02 9.25e-04 2.66e+03  -4.1 6.19e-02    -  1.00e+00 2.50e-01f  3
 628  1.0480614e-02 3.28e-04 1.00e+02  -4.1 6.11e-02    -  9.83e-01 1.00e+00H  1
 629  4.2714493e-03 5.41e-04 1.09e+03  -4.1 2.05e-02    -  1.00e+00 1.00e+00f  1
iter    objective    inf_pr   inf_du lg(mu)  ||d||  lg(rg) alpha_du alpha_pr  ls
 630  4.1360213e-03 7.06e-05 4.32e+01  -4.1 1.08e-02    -  1.00e+00 1.00e+00h  1
 631  1.0477305e-02 1.56e-05 1.28e+02  -4.1 1.31e-02    -  1.00e+00 8.81e-01H  1
 632  1.0359077e-02 6.02e-07 9.73e+01  -4.1 6.32e-04    -  4.00e-01 1.00e+00h  1
 633  2.6097353e-03 1.04e-02 1.51e+02  -4.0 1.01e+00    -  1.00e+00 1.25e-01f  4
 634  2.4371862e-03 2.98e-03 8.81e+01  -4.1 6.51e-02    -  1.00e+00 1.00e+00h  1
 635  1.2309951e-03 5.30e-03 7.53e+01  -4.1 7.51e-02    -  7.84e-01 1.00e+00h  1
 636  1.1364201e-03 2.60e-02 6.85e+01  -4.1 3.86e-01    -  1.00e+00 5.00e-01h  2
 637  8.8410138e-04 2.51e-02 6.88e+01  -4.1 4.83e-01    -  1.00e+00 1.25e-01h  4
 638  5.5730089e-04 3.70e-03 7.01e+01  -4.1 7.23e-02    -  1.00e+00 1.00e+00h  1
 639  4.1853027e-04 4.87e-03 7.13e+01  -4.1 5.36e-01    -  1.00e+00 1.25e-01h  4
iter    objective    inf_pr   inf_du lg(mu)  ||d||  lg(rg) alpha_du alpha_pr  ls
 640  4.6766145e-04 3.45e-03 7.01e+01  -4.1 5.54e-02    -  1.00e+00 1.00e+00h  1
 641  4.5030497e-04 2.35e-03 7.01e+01  -4.1 6.90e-02    -  1.00e+00 1.00e+00h  1
 642  3.0566809e-04 1.45e-03 7.13e+01  -4.1 4.55e-02    -  1.00e+00 1.00e+00h  1
 643  3.4503538e-04 1.23e-03 7.01e+01  -4.1 3.30e-02    -  1.00e+00 1.00e+00h  1
 644  2.4628958e-04 7.02e-04 7.01e+01  -4.1 2.51e-02    -  1.00e+00 1.00e+00h  1
 645  4.6985483e-04 8.23e-04 7.13e+01  -4.1 5.14e-02    -  1.00e+00 1.00e+00H  1
 646  6.0561931e-04 3.84e-04 7.13e+01  -4.1 5.87e-02    -  1.00e+00 1.00e+00H  1
 647  5.1890296e-04 4.52e-04 7.13e+01  -4.1 5.17e-01    -  1.00e+00 3.12e-02h  6
 648  3.5751754e-04 5.50e-04 7.13e+01  -4.1 7.20e-02    -  1.00e+00 2.50e-01h  3
 649  3.2906583e-04 5.05e-04 7.01e+01  -4.1 1.89e-01    -  1.00e+00 6.25e-02h  5
iter    objective    inf_pr   inf_du lg(mu)  ||d||  lg(rg) alpha_du alpha_pr  ls
 650  2.3531152e-04 5.53e-04 7.13e+01  -4.1 2.91e-02    -  1.00e+00 1.00e+00h  1
 651  2.6450410e-04 3.20e-04 7.01e+01  -4.1 2.81e-02    -  1.00e+00 5.00e-01h  2
 652  2.6346551e-04 3.13e-04 7.01e+01  -4.1 1.06e-01    -  1.00e+00 1.25e-01h  4
 653  2.4652756e-04 1.72e-04 7.01e+01  -4.1 2.38e-02    -  1.00e+00 1.00e+00h  1
 654  2.4543572e-04 9.06e-05 7.13e+01  -4.1 1.21e-02    -  1.00e+00 1.00e+00h  1
 655  2.2598581e-04 9.61e-05 7.14e+01  -4.1 1.08e-02    -  1.00e+00 1.00e+00h  1
 656  2.2558573e-04 9.70e-05 7.01e+01  -4.1 5.18e-01    -  1.00e+00 3.91e-03h  9
 657  2.5130476e-04 3.81e-05 7.13e+01  -4.1 1.92e-02    -  1.00e+00 1.00e+00H  1
 658  2.4892047e-04 3.88e-05 7.13e+01  -4.1 1.09e-01    -  1.00e+00 3.12e-02h  6
 659  2.2439208e-04 7.77e-04 7.14e+01  -4.1 1.39e-01    -  1.00e+00 2.50e-01h  3
iter    objective    inf_pr   inf_du lg(mu)  ||d||  lg(rg) alpha_du alpha_pr  ls
 660  2.2091028e-04 6.10e-04 7.14e+01  -4.1 1.29e-01    -  1.00e+00 1.25e-01h  4
 661  2.1794211e-04 6.58e-04 7.14e+01  -4.1 5.90e-01    -  1.00e+00 3.12e-02h  6
 662  2.1437819e-04 6.91e-04 7.14e+01  -4.1 1.27e+00    -  9.75e-01 7.81e-03h  8
 663  2.1262980e-04 6.92e-04 7.14e+01  -4.1 3.51e+00    -  4.93e-01 2.33e-03h  9
 664  2.1650250e-04 5.41e-04 7.14e+01  -4.1 2.74e-02    -  1.00e+00 2.50e-01h  3
 665  2.1363158e-04 5.55e-04 7.01e+01  -4.1 3.24e-01    -  1.00e+00 1.56e-02h  7
 666  2.1341574e-04 5.62e-04 7.01e+01  -4.1 4.80e-01    -  1.00e+00 7.81e-03h  8
 667  2.1705600e-04 5.56e-04 7.14e+01  -4.1 9.12e-01    -  1.00e+00 1.56e-02h  7
 668  2.1595486e-04 2.56e-04 7.13e+01  -4.1 2.35e-02    -  1.00e+00 5.00e-01h  2
 669  2.1494639e-04 2.84e-04 7.13e+01  -4.1 2.15e-01    -  1.00e+00 3.12e-02h  6
iter    objective    inf_pr   inf_du lg(mu)  ||d||  lg(rg) alpha_du alpha_pr  ls
 670  2.2129740e-04 2.78e-04 7.13e+01  -4.1 2.23e-01    -  1.00e+00 6.25e-02h  5
 671  2.1851353e-04 3.73e-04 7.13e+01  -4.1 4.19e-02    -  1.00e+00 5.00e-01h  2
 672  2.2050490e-04 3.69e-04 7.01e+01  -4.1 7.40e-01    -  1.00e+00 3.91e-03h  9
 673  2.1301822e-04 2.80e-04 7.01e+01  -4.1 3.36e-02    -  1.00e+00 5.00e-01h  2
 674  2.1623383e-04 2.58e-04 7.13e+01  -4.1 3.53e-01    -  1.00e+00 3.12e-02h  6
 675  2.1506263e-04 2.19e-04 7.13e+01  -4.1 3.45e-02    -  1.00e+00 2.50e-01h  3
 676  2.1351137e-04 1.82e-04 7.01e+01  -4.1 4.44e-02    -  1.00e+00 5.00e-01h  2
 677  2.1043631e-04 3.16e-04 7.01e+01  -4.1 1.51e-01    -  1.00e+00 1.25e-01h  4
 678  2.1267130e-04 2.92e-04 7.01e+01  -4.1 1.17e-01    -  1.00e+00 1.25e-01h  4
 679  2.2038628e-04 2.84e-04 7.13e+01  -4.1 5.21e-02    -  1.00e+00 1.25e-01h  4
iter    objective    inf_pr   inf_du lg(mu)  ||d||  lg(rg) alpha_du alpha_pr  ls
 680  2.1588262e-04 2.09e-04 7.13e+01  -4.1 4.80e-01    -  1.00e+00 3.12e-02h  6
 681  2.1644813e-04 1.15e-04 7.13e+01  -4.1 1.32e-02    -  1.00e+00 1.00e+00h  1
 682  2.1566845e-04 1.00e-04 7.13e+01  -4.1 4.62e-02    -  1.00e+00 1.25e-01h  4
 683  2.1453169e-04 9.80e-05 7.13e+01  -4.1 5.01e-02    -  1.00e+00 6.25e-02h  5
 684  2.1781707e-04 8.14e-05 7.01e+01  -4.1 4.34e-02    -  1.00e+00 1.25e-01h  4
 685  2.2110803e-04 2.92e-05 7.01e+01  -4.1 1.17e-02    -  1.00e+00 1.00e+00H  1
 686  2.1901948e-04 3.01e-05 7.13e+01  -4.1 1.07e-01    -  1.00e+00 6.25e-02h  5
 687  2.1939382e-04 2.43e-05 7.01e+01  -4.1 1.72e-02    -  1.00e+00 2.50e-01h  3
 688  2.1448107e-04 5.19e-05 7.01e+01  -4.1 1.32e-02    -  1.00e+00 1.00e+00h  1
 689  2.1445908e-04 3.21e-05 7.01e+01  -4.1 1.99e-02    -  1.00e+00 2.50e-01h  3
iter    objective    inf_pr   inf_du lg(mu)  ||d||  lg(rg) alpha_du alpha_pr  ls
 690  2.1647485e-04 3.78e-05 7.13e+01  -4.1 8.32e-03    -  1.00e+00 1.00e+00h  1
 691  2.1635305e-04 3.79e-05 7.13e+01  -4.1 1.80e-02    -  1.00e+00 2.50e-01h  3
 692  2.1268885e-04 1.50e-04 7.13e+01  -4.1 8.61e-01    -  9.97e-01 1.56e-02h  7
 693  2.1294244e-04 1.46e-04 7.13e+01  -4.1 1.09e-01    -  1.00e+00 3.12e-02h  6
 694  2.1306774e-04 1.45e-04 7.01e+01  -4.1 2.95e-01    -  1.00e+00 3.91e-03h  9
 695  2.1122596e-04 5.23e-05 7.13e+01  -4.1 1.20e-02    -  1.00e+00 1.00e+00h  1
 696  2.1439111e-04 1.62e-05 7.00e+01  -4.0 6.96e-03    -  1.00e+00 1.00e+00h  1
 697  2.1407324e-04 1.30e-05 7.00e+01  -4.0 2.66e-02    -  1.00e+00 1.25e-01h  4
 698  2.1330076e-04 9.79e-05 7.00e+01  -4.1 4.13e-01    -  1.00e+00 3.12e-02h  6
 699  2.1100586e-04 1.11e-04 7.01e+01  -4.1 2.51e-02    -  1.00e+00 5.00e-01h  2
iter    objective    inf_pr   inf_du lg(mu)  ||d||  lg(rg) alpha_du alpha_pr  ls
 700  2.0903172e-04 9.63e-05 7.13e+01  -4.1 6.82e-02    -  1.00e+00 1.25e-01h  4
 701  2.0966813e-04 9.49e-05 7.01e+01  -4.1 8.70e-02    -  1.00e+00 1.56e-02h  7
 702  2.1005818e-04 7.29e-05 7.01e+01  -4.1 1.54e-02    -  1.00e+00 5.00e-01h  2
 703  2.1002394e-04 6.87e-05 7.01e+01  -4.1 4.44e-02    -  1.00e+00 6.25e-02h  5
 704  2.0930298e-04 6.05e-05 7.01e+01  -4.1 5.79e-02    -  1.00e+00 6.25e-02h  5
 705  2.1077732e-04 1.16e-05 7.13e+01  -4.1 5.64e-03    -  1.00e+00 1.00e+00h  1
 706  2.1042734e-04 2.05e-05 7.13e+01  -4.1 5.45e-02    -  1.00e+00 6.25e-02h  5
 707  2.1069818e-04 1.78e-05 7.13e+01  -4.1 2.31e-02    -  1.00e+00 1.25e-01h  4
 708  2.1385790e-04 1.14e-05 7.01e+01  -4.1 6.81e-03    -  1.00e+00 1.00e+00H  1
 709  2.1306150e-04 9.84e-06 7.02e+01  -4.1 3.10e-01    -  1.00e+00 7.81e-03h  8
iter    objective    inf_pr   inf_du lg(mu)  ||d||  lg(rg) alpha_du alpha_pr  ls
 710  2.1275912e-04 2.10e-05 7.01e+01  -4.1 4.64e-02    -  1.00e+00 1.25e-01h  4
 711  2.1072962e-04 1.48e-05 7.02e+01  -4.1 7.32e-03    -  1.00e+00 1.00e+00h  1
 712  2.1281559e-04 1.24e-05 7.13e+01  -4.1 2.70e-02    -  1.00e+00 1.25e-01h  4
 713  2.1089694e-04 9.58e-06 7.13e+01  -4.1 5.30e-03    -  1.00e+00 1.00e+00h  1
 714  2.1062411e-04 6.47e-06 7.01e+01  -4.0 1.31e-02    -  1.00e+00 2.50e-01h  3
 715  2.1043267e-04 5.29e-06 7.01e+01  -4.1 7.77e-03    -  1.00e+00 2.50e-01h  3
 716  2.0959271e-04 6.14e-06 7.13e+01  -4.1 7.05e-02    -  1.00e+00 3.12e-02h  6
 717  2.1012632e-04 2.04e-06 7.02e+01  -4.1 1.59e-03    -  1.00e+00 1.00e+00h  1
 718  2.0991476e-04 2.14e-06 7.01e+01  -4.0 1.72e-03    -  1.00e+00 1.00e+00h  1
 719  2.0984022e-04 2.15e-06 7.01e+01  -4.1 1.91e-01    -  1.00e+00 3.91e-03h  9
iter    objective    inf_pr   inf_du lg(mu)  ||d||  lg(rg) alpha_du alpha_pr  ls
 720  2.0981955e-04 2.17e-06 7.14e+01  -4.1 1.78e-02    -  1.00e+00 3.12e-02h  6
 721  2.0955452e-04 1.69e-06 7.02e+01  -4.1 2.71e-03    -  1.00e+00 1.00e+00h  1
 722  2.0948007e-04 5.90e-06 7.02e+01  -4.1 2.54e-01    -  1.00e+00 1.56e-02h  7
 723  2.0926909e-04 1.49e-05 7.02e+01  -4.1 1.01e-01    -  1.00e+00 6.25e-02h  5
 724  2.0907110e-04 1.97e-05 7.02e+01  -4.1 2.27e-01    -  1.00e+00 3.12e-02h  6
 725  2.0873361e-04 1.94e-05 7.12e+01  -4.1 1.31e-01    -  1.00e+00 3.12e-02h  6
 726  2.0872105e-04 1.50e-05 7.12e+01  -4.1 3.37e-02    -  1.00e+00 1.25e-01h  4
 727  2.0913345e-04 1.50e-05 7.02e+01  -4.1 1.37e-01    -  1.00e+00 1.56e-02h  7
 728  2.0890386e-04 1.37e-05 7.02e+01  -4.1 2.58e-02    -  1.00e+00 1.25e-01h  4
 729  2.0815362e-04 3.11e-05 7.12e+01  -4.1 1.57e-01    -  1.00e+00 6.25e-02h  5
iter    objective    inf_pr   inf_du lg(mu)  ||d||  lg(rg) alpha_du alpha_pr  ls
 730  2.0836660e-04 2.85e-05 7.12e+01  -4.1 3.77e-02    -  1.00e+00 1.25e-01h  4
 731  2.0828184e-04 8.25e-06 7.02e+01  -4.1 5.46e-03    -  1.00e+00 1.00e+00h  1
 732  2.0834485e-04 8.21e-06 7.13e+01  -4.1 1.10e-01    -  1.00e+00 3.91e-03h  9
 733  2.0769272e-04 2.10e-05 7.12e+01  -4.1 7.61e-03    -  1.00e+00 1.00e+00h  1
 734  2.0779969e-04 2.08e-05 7.02e+01  -4.1 2.85e-02    -  1.00e+00 1.25e-01h  4
 735  2.0791574e-04 1.90e-05 7.12e+01  -4.1 2.76e-02    -  1.00e+00 1.25e-01h  4
 736  2.0921400e-04 1.71e-05 7.02e+01  -4.1 4.37e-03    -  1.00e+00 1.00e+00h  1
 737  2.0856167e-04 1.41e-05 7.02e+01  -4.1 1.43e-02    -  1.00e+00 2.50e-01h  3
 738  2.0852129e-04 1.41e-05 7.02e+01  -4.1 1.23e-01    -  1.00e+00 1.56e-02h  7
 739  2.0844508e-04 1.40e-05 7.12e+01  -4.1 1.52e-01    -  1.00e+00 7.81e-03h  8
iter    objective    inf_pr   inf_du lg(mu)  ||d||  lg(rg) alpha_du alpha_pr  ls
 740  2.0686983e-04 1.72e-05 7.02e+01  -4.1 2.99e-01    -  1.00e+00 3.12e-02h  6
 741  2.0684571e-04 1.70e-05 7.02e+01  -4.1 1.85e-01    -  1.00e+00 1.56e-02h  7
 742  2.0704846e-04 1.64e-05 7.02e+01  -4.1 8.46e-02    -  1.00e+00 3.12e-02h  6
 743  2.0752670e-04 1.24e-05 7.13e+01  -4.1 6.47e-03    -  1.00e+00 1.00e+00h  1
 744  2.0729351e-04 1.91e-05 7.13e+01  -4.1 5.14e-02    -  1.00e+00 6.25e-02h  5
 745  2.0692701e-04 1.56e-05 7.13e+01  -4.1 2.50e-02    -  1.00e+00 2.50e-01h  3
 746  2.0829861e-04 8.25e-06 7.02e+01  -4.1 7.42e-03    -  1.00e+00 5.00e-01h  2
 747  2.0789983e-04 9.03e-06 7.02e+01  -4.1 4.23e-01    -  1.00e+00 3.91e-03h  9
 748  2.0695604e-04 1.43e-05 7.02e+01  -4.1 1.50e-02    -  1.00e+00 2.50e-01h  3
 749  2.0692059e-04 6.13e-06 7.02e+01  -4.1 3.74e-03    -  1.00e+00 1.00e+00h  1
iter    objective    inf_pr   inf_du lg(mu)  ||d||  lg(rg) alpha_du alpha_pr  ls
 750  2.0667649e-04 5.91e-06 7.02e+01  -4.1 2.41e-02    -  1.00e+00 6.25e-02h  5
 751  2.0665890e-04 5.44e-06 7.13e+01  -4.1 9.33e-02    -  1.00e+00 1.56e-02h  7
 752  2.0665200e-04 4.60e-06 7.13e+01  -4.1 7.01e-03    -  1.00e+00 2.50e-01h  3
 753  2.0671446e-04 2.44e-06 7.13e+01  -4.1 5.65e-03    -  1.00e+00 2.50e-01h  3
 754  2.0653904e-04 2.94e-06 7.02e+01  -4.1 5.90e-02    -  1.00e+00 3.12e-02h  6
 755  2.0651904e-04 2.65e-06 7.02e+01  -4.1 1.10e-02    -  1.00e+00 1.25e-01h  4
 756  2.0646094e-04 2.53e-06 7.02e+01  -4.1 2.65e-02    -  1.00e+00 6.25e-02h  5
 757  2.0645669e-04 2.77e-06 7.02e+01  -4.1 2.24e-02    -  1.00e+00 1.25e-01h  4
 758  2.0644122e-04 2.70e-06 7.13e+01  -4.1 4.00e-01    -  1.00e+00 7.81e-03h  8
 759  2.0633653e-04 2.32e-06 7.13e+01  -4.1 1.76e-02    -  1.00e+00 1.25e-01h  4
iter    objective    inf_pr   inf_du lg(mu)  ||d||  lg(rg) alpha_du alpha_pr  ls
 760  2.0630928e-04 2.53e-06 7.13e+01  -4.1 1.23e-02    -  1.00e+00 1.25e-01h  4
 761  2.0627548e-04 2.64e-06 7.13e+01  -4.1 2.77e-01    -  1.00e+00 7.81e-03h  8
 762  2.0616692e-04 2.93e-06 7.02e+01  -4.1 1.03e-01    -  1.00e+00 1.56e-02h  7
 763  2.0760779e-04 1.36e-06 7.12e+01  -4.1 4.12e-03    -  1.00e+00 1.00e+00H  1
 764  2.0703608e-04 1.17e-06 7.12e+01  -4.1 8.53e-03    -  1.00e+00 2.50e-01h  3
 765  2.0698702e-04 1.16e-06 7.12e+01  -4.1 1.51e-01    -  1.00e+00 3.91e-03h  9
 766  2.0630977e-04 2.60e-06 7.12e+01  -4.1 3.94e-01    -  1.00e+00 7.81e-03h  8
 767  2.0641080e-04 1.93e-06 7.02e+01  -4.1 1.45e-03    -  1.00e+00 1.00e+00h  1
 768  2.0649821e-04 1.57e-06 7.02e+01  -4.1 3.03e-03    -  1.00e+00 1.00e+00h  1
 769  2.0648496e-04 1.51e-06 7.12e+01  -4.1 2.36e-02    -  1.00e+00 1.56e-02h  7
iter    objective    inf_pr   inf_du lg(mu)  ||d||  lg(rg) alpha_du alpha_pr  ls
 770  2.0635245e-04 1.01e-06 7.02e+01  -4.1 2.29e-03    -  1.00e+00 1.00e+00h  1
 771  2.0645138e-04 3.88e-07 7.02e+01  -4.1 5.78e-03    -  1.00e+00 5.00e-01h  2
 772  2.0641401e-04 3.62e-07 7.12e+01  -4.1 2.71e-03    -  1.00e+00 1.00e+00h  1
 773  2.0635054e-04 2.74e-06 7.11e+01  -4.1 2.02e-03    -  1.00e+00 1.00e+00h  1
 774  2.0633551e-04 2.59e-06 7.03e+01  -4.1 2.21e-02    -  1.00e+00 3.12e-02h  6
 775  2.0623418e-04 6.96e-06 7.11e+01  -4.1 1.10e-02    -  1.00e+00 2.50e-01h  3
 776  2.0623063e-04 7.04e-06 7.11e+01  -4.1 1.99e-02    -  1.00e+00 6.25e-02h  5
 777  2.0620499e-04 6.32e-06 7.11e+01  -4.1 1.45e-02    -  1.00e+00 1.25e-01h  4
 778  2.0609240e-04 6.47e-06 7.12e+01  -4.1 1.45e-02    -  1.00e+00 1.25e-01h  4
 779  2.0608278e-04 6.41e-06 7.03e+01  -4.1 1.88e-01    -  1.00e+00 7.81e-03h  8
iter    objective    inf_pr   inf_du lg(mu)  ||d||  lg(rg) alpha_du alpha_pr  ls
 780  2.0626596e-04 4.82e-07 7.02e+01  -4.1 1.79e-03    -  1.00e+00 1.00e+00h  1
 781  2.0624917e-04 4.63e-07 7.12e+01  -4.0 9.49e-03    -  1.00e+00 3.12e-02h  6
 782  2.0623868e-04 4.42e-07 7.12e+01  -4.1 2.88e-03    -  1.00e+00 1.25e-01h  4
 783  2.0629985e-04 5.25e-07 7.02e+01  -4.1 6.87e-04    -  1.00e+00 1.00e+00h  1
 784  2.0627280e-04 1.76e-07 7.02e+01  -4.1 1.04e-03    -  1.00e+00 5.00e-01h  2
 785  2.0634944e-04 2.60e-07 7.12e+01  -4.1 1.43e-03    -  1.00e+00 1.00e+00h  1
 786  2.0634367e-04 2.47e-07 7.12e+01  -4.0 7.28e-03    -  1.00e+00 6.25e-02h  5
 787  2.0646910e-04 6.14e-08 7.04e+01  -4.1 1.77e-03    -  1.00e+00 1.00e+00H  1
 788  2.0645198e-04 1.03e-07 7.11e+01  -4.1 4.37e-03    -  1.00e+00 6.25e-02h  5
 789  2.0615748e-04 7.20e-07 7.05e+01  -4.1 5.28e-03    -  1.00e+00 5.00e-01h  2
iter    objective    inf_pr   inf_du lg(mu)  ||d||  lg(rg) alpha_du alpha_pr  ls
 790  2.0621145e-04 2.59e-07 7.03e+01  -4.1 8.94e-04    -  1.00e+00 1.00e+00h  1
 791  2.0616914e-04 2.71e-07 7.03e+01  -4.1 1.40e-01    -  1.00e+00 7.81e-03h  8
 792  2.0615033e-04 2.42e-07 7.11e+01  -4.1 5.89e-03    -  1.00e+00 1.25e-01h  4
 793  2.0619156e-04 1.81e-07 7.11e+01  -4.1 2.33e-03    -  1.00e+00 2.50e-01h  3
 794  2.0616503e-04 1.81e-07 7.03e+01  -4.1 2.17e-03    -  1.00e+00 2.50e-01h  3
 795  2.0613275e-04 4.01e-07 7.12e+01  -4.1 1.24e-02    -  1.00e+00 6.25e-02h  5
 796  2.0609581e-04 7.95e-07 7.11e+01  -4.1 2.90e-03    -  1.00e+00 5.00e-01h  2
 797  2.0606410e-04 1.14e-06 7.03e+01  -4.1 2.33e-02    -  1.00e+00 6.25e-02h  5
 798  2.0597160e-04 9.86e-07 7.03e+01  -4.1 6.34e-03    -  1.00e+00 2.50e-01h  3
 799  2.0590419e-04 2.49e-06 7.03e+01  -4.1 4.40e-02    -  1.00e+00 6.25e-02h  5
iter    objective    inf_pr   inf_du lg(mu)  ||d||  lg(rg) alpha_du alpha_pr  ls
 800  2.0587242e-04 2.50e-06 7.03e+01  -4.1 4.87e-02    -  1.00e+00 1.56e-02h  7
 801  2.0587831e-04 2.44e-06 7.12e+01  -4.1 1.39e-02    -  1.00e+00 3.12e-02h  6
 802  2.0590772e-04 2.00e-06 7.03e+01  -4.1 3.40e-03    -  1.00e+00 2.50e-01h  3
 803  2.0576488e-04 1.99e-06 7.02e+01  -4.1 1.95e-01    -  1.00e+00 7.81e-03h  8
 804  2.0584336e-04 1.45e-06 7.12e+01  -4.1 3.42e-03    -  1.00e+00 5.00e-01h  2
 805  2.0575945e-04 1.41e-06 7.12e+01  -4.1 4.53e-02    -  1.00e+00 3.12e-02h  6
 806  2.0582469e-04 9.71e-07 7.12e+01  -4.1 2.12e-03    -  1.00e+00 1.00e+00h  1
 807  2.0579288e-04 9.65e-07 7.02e+01  -4.1 3.14e-02    -  1.00e+00 3.12e-02h  6
 808  2.0582321e-04 9.58e-07 7.12e+01  -4.1 1.94e-02    -  1.00e+00 1.56e-02h  7
 809  2.0580778e-04 1.01e-06 7.12e+01  -4.1 6.18e-03    -  1.00e+00 1.25e-01h  4
iter    objective    inf_pr   inf_du lg(mu)  ||d||  lg(rg) alpha_du alpha_pr  ls
 810  2.0575899e-04 1.09e-06 7.12e+01  -4.1 1.31e-02    -  1.00e+00 6.25e-02h  5
 811  2.0571898e-04 9.13e-07 7.12e+01  -4.1 4.35e-02    -  1.00e+00 3.12e-02h  6
 812  2.0570416e-04 1.05e-06 7.02e+01  -4.1 4.50e-03    -  1.00e+00 5.00e-01h  2
 813  2.0566392e-04 1.50e-06 7.02e+01  -4.1 5.88e-03    -  1.00e+00 5.00e-01h  2
 814  2.0564635e-04 1.43e-06 7.02e+01  -4.1 6.94e-02    -  1.00e+00 7.81e-03h  8
 815  2.0563608e-04 1.42e-06 7.12e+01  -4.1 5.29e-02    -  1.00e+00 3.91e-03h  9
 816  2.0563837e-04 3.04e-07 7.02e+01  -4.1 2.03e-03    -  1.00e+00 1.00e+00h  1
 817  2.0570005e-04 6.93e-08 7.12e+01  -4.1 5.89e-04    -  1.00e+00 1.00e+00H  1
 818  2.0567830e-04 7.55e-08 7.11e+01  -4.1 4.15e-03    -  1.00e+00 1.25e-01h  4
 819  2.0559634e-04 7.33e-07 7.12e+01  -4.1 1.18e-02    -  1.00e+00 1.25e-01h  4
iter    objective    inf_pr   inf_du lg(mu)  ||d||  lg(rg) alpha_du alpha_pr  ls
 820  2.0553706e-04 7.03e-07 7.11e+01  -4.1 1.44e-02    -  1.00e+00 1.25e-01h  4
 821  2.0543214e-04 4.24e-06 7.12e+01  -4.1 8.19e-03    -  1.00e+00 5.00e-01h  2
 822  2.0536660e-04 5.16e-06 7.02e+01  -4.1 5.08e-02    -  1.00e+00 6.25e-02h  5
 823  2.0527771e-04 5.07e-06 7.12e+01  -4.1 5.05e-02    -  1.00e+00 3.12e-02h  6
 824  2.0532535e-04 3.51e-06 7.02e+01  -4.1 6.75e-03    -  1.00e+00 5.00e-01h  2
 825  2.0508139e-04 2.81e-06 7.02e+01  -4.1 4.67e-03    -  1.00e+00 2.50e-01h  3
 826  2.0478783e-04 2.74e-06 7.12e+01  -4.1 9.94e-03    -  1.00e+00 2.50e-01h  3
 827  2.0475678e-04 2.75e-06 7.02e+01  -4.1 4.11e-02    -  1.00e+00 3.12e-02h  6
 828  2.0511269e-04 7.52e-06 7.13e+01  -4.1 3.05e-03    -  1.00e+00 1.00e+00h  1
 829  2.0508011e-04 7.40e-06 7.13e+01  -4.1 1.07e-01    -  1.00e+00 1.56e-02h  7
iter    objective    inf_pr   inf_du lg(mu)  ||d||  lg(rg) alpha_du alpha_pr  ls
 830  2.0490509e-04 7.30e-06 7.13e+01  -4.1 3.79e-01    -  1.00e+00 3.91e-03h  9
 831  2.0470747e-04 7.28e-06 7.13e+01  -4.1 8.42e-02    -  1.00e+00 3.12e-02h  6
 832  2.0456313e-04 8.02e-06 7.13e+01  -4.1 1.37e-01    -  1.00e+00 6.25e-02h  5
 833  2.0431170e-04 1.79e-05 7.13e+01  -4.1 6.70e-01    -  1.00e+00 1.56e-02h  7
 834  2.0419532e-04 1.88e-05 7.02e+01  -4.1 4.87e-01    -  1.00e+00 7.81e-03h  8
 835  2.0379150e-04 1.94e-05 7.02e+01  -4.1 1.24e-01    -  1.00e+00 3.12e-02h  6
 836  2.0356148e-04 1.91e-05 7.02e+01  -4.1 4.23e-02    -  1.00e+00 6.25e-02h  5
 837  2.0338693e-04 2.27e-05 7.13e+01  -4.1 5.41e-01    -  1.00e+00 1.56e-02h  7
 838  2.0263006e-04 2.24e-05 7.13e+01  -4.1 7.37e-01    -  1.00e+00 7.81e-03h  8
 839  2.0208299e-04 2.17e-05 7.13e+01  -4.1 8.51e-02    -  1.00e+00 3.12e-02h  6
iter    objective    inf_pr   inf_du lg(mu)  ||d||  lg(rg) alpha_du alpha_pr  ls
 840  2.0288908e-04 8.70e-06 7.13e+01  -4.1 4.68e-03    -  1.00e+00 1.00e+00h  1
 841  2.0301187e-04 6.87e-06 7.02e+01  -4.1 5.99e-03    -  1.00e+00 5.00e-01h  2
 842  2.0232954e-04 9.36e-06 7.13e+01  -4.1 1.30e-01    -  1.00e+00 6.25e-02h  5
 843  2.0205010e-04 2.78e-05 7.02e+01  -4.1 2.50e-01    -  1.00e+00 3.12e-02h  6
 844  2.0192585e-04 2.58e-05 7.02e+01  -4.1 7.27e-02    -  1.00e+00 6.25e-02h  5
 845  2.0181299e-04 2.50e-05 7.02e+01  -4.1 3.18e-01    -  1.00e+00 1.56e-02h  7
 846  2.0164371e-04 2.33e-05 7.02e+01  -4.1 4.89e-01    -  1.00e+00 1.56e-02h  7
 847  2.0117243e-04 2.83e-05 7.02e+01  -4.1 7.53e-01    -  1.00e+00 1.56e-02h  7
 848  2.0080907e-04 2.84e-05 7.02e+01  -4.1 4.59e-01    -  1.00e+00 3.91e-03h  9
 849  2.0114213e-04 2.82e-05 7.13e+01  -4.1 2.08e-01    -  1.00e+00 7.81e-03h  8
iter    objective    inf_pr   inf_du lg(mu)  ||d||  lg(rg) alpha_du alpha_pr  ls
 850  2.0121858e-04 2.69e-05 7.13e+01  -4.1 5.63e-02    -  1.00e+00 6.25e-02h  5
 851  2.0069756e-04 2.67e-05 7.13e+01  -4.1 1.34e+00    -  1.00e+00 7.81e-03h  8
 852  2.0024397e-04 2.74e-05 7.13e+01  -4.1 3.22e-01    -  1.00e+00 1.56e-02h  7
 853  2.0008098e-04 2.78e-05 7.13e+01  -4.1 4.99e-02    -  1.00e+00 6.25e-02h  5
 854  2.0082035e-04 1.63e-05 7.13e+01  -4.1 1.03e-02    -  1.00e+00 5.00e-01h  2
 855  2.0319015e-04 6.51e-06 7.02e+01  -4.1 1.44e-02    -  1.00e+00 1.00e+00H  1
 856  2.0292692e-04 9.31e-06 7.02e+01  -4.1 4.70e-01    -  1.00e+00 7.81e-03h  8
 857  2.0233752e-04 8.78e-06 7.02e+01  -4.1 1.56e-01    -  1.00e+00 3.12e-02h  6
 858  2.0212327e-04 1.14e-05 7.02e+01  -4.1 1.30e-01    -  1.00e+00 3.12e-02h  6
 859  2.0152044e-04 1.97e-05 7.02e+01  -4.1 1.30e-01    -  1.00e+00 6.25e-02h  5
iter    objective    inf_pr   inf_du lg(mu)  ||d||  lg(rg) alpha_du alpha_pr  ls
 860  2.0077725e-04 2.04e-05 7.02e+01  -4.1 3.27e-01    -  1.00e+00 1.56e-02h  7
 861  2.0074488e-04 2.04e-05 7.13e+01  -4.1 1.19e+00    -  1.00e+00 9.77e-04h 11
 862  2.0068820e-04 2.01e-05 7.13e+01  -4.1 4.17e-01    -  1.00e+00 1.56e-02h  7
 863  1.9882707e-04 2.12e-05 7.13e+01  -4.1 1.70e+00    -  1.00e+00 3.91e-03h  9
 864  1.9866989e-04 2.05e-05 7.02e+01  -4.1 1.20e-01    -  1.00e+00 3.12e-02h  6
 865  1.9878382e-04 1.96e-05 7.02e+01  -4.1 1.80e-01    -  1.00e+00 3.12e-02h  6
 866  1.9963192e-04 7.02e-06 7.13e+01  -4.1 5.87e-03    -  1.00e+00 1.00e+00h  1
 867  1.9943769e-04 7.74e-06 7.13e+01  -4.1 4.35e-02    -  1.00e+00 1.25e-01h  4
 868  1.9935276e-04 7.58e-06 7.02e+01  -4.1 2.24e-01    -  1.00e+00 1.56e-02h  7
 869  1.9924049e-04 7.82e-06 7.13e+01  -4.1 6.85e-01    -  1.00e+00 3.91e-03h  9
iter    objective    inf_pr   inf_du lg(mu)  ||d||  lg(rg) alpha_du alpha_pr  ls
 870  1.9900649e-04 1.04e-05 7.13e+01  -4.1 2.01e-01    -  1.00e+00 3.12e-02h  6
 871  1.9879132e-04 9.87e-06 7.02e+01  -4.1 1.36e-01    -  1.00e+00 3.12e-02h  6
 872  1.9855436e-04 1.02e-05 7.13e+01  -4.1 7.93e-01    -  1.00e+00 7.81e-03h  8
 873  1.9850476e-04 1.03e-05 7.02e+01  -4.1 4.62e-01    -  1.00e+00 7.81e-03h  8
 874  1.9902571e-04 7.65e-06 7.13e+01  -4.1 7.82e-03    -  1.00e+00 1.00e+00h  1
 875  1.9912971e-04 7.35e-06 7.02e+01  -4.1 9.48e-02    -  1.00e+00 3.12e-02h  6
 876  1.9918103e-04 6.90e-06 7.13e+01  -4.1 1.73e-02    -  1.00e+00 6.25e-02h  5
 877  1.9879219e-04 5.45e-06 7.13e+01  -4.1 1.83e-02    -  1.00e+00 2.50e-01h  3
 878  1.9867473e-04 8.15e-06 7.13e+01  -4.1 2.52e-02    -  1.00e+00 2.50e-01h  3
 879  1.9858621e-04 9.02e-06 7.13e+01  -4.1 1.31e-01    -  1.00e+00 3.12e-02h  6
iter    objective    inf_pr   inf_du lg(mu)  ||d||  lg(rg) alpha_du alpha_pr  ls
 880  1.9860898e-04 8.76e-06 7.02e+01  -4.1 3.37e-02    -  1.00e+00 3.12e-02h  6
 881  1.9855631e-04 8.64e-06 7.13e+01  -4.1 1.81e-01    -  1.00e+00 7.81e-03h  8
 882  1.9850080e-04 8.93e-06 7.02e+01  -4.1 5.93e-01    -  1.00e+00 3.91e-03h  9
 883  1.9830820e-04 8.87e-06 7.02e+01  -4.1 4.00e-02    -  1.00e+00 6.25e-02h  5
 884  1.9842301e-04 8.66e-06 7.13e+01  -4.1 4.43e-02    -  1.00e+00 6.25e-02h  5
 885  1.9829919e-04 9.02e-06 7.13e+01  -4.1 3.88e-01    -  1.00e+00 7.81e-03h  8
 886  1.9812235e-04 1.11e-05 7.13e+01  -4.1 1.75e-01    -  1.00e+00 3.12e-02h  6
 887  1.9827365e-04 1.08e-05 7.13e+01  -4.1 1.87e-01    -  1.00e+00 1.56e-02h  7
 888  1.9825324e-04 1.07e-05 7.13e+01  -4.1 1.73e-01    -  1.00e+00 7.81e-03h  8
 889  1.9823322e-04 1.06e-05 7.13e+01  -4.1 1.63e-01    -  1.00e+00 3.91e-03h  9
iter    objective    inf_pr   inf_du lg(mu)  ||d||  lg(rg) alpha_du alpha_pr  ls
 890  1.9818688e-04 1.05e-05 7.13e+01  -4.1 2.42e-01    -  1.00e+00 3.91e-03h  9
 891  1.9815536e-04 1.05e-05 7.02e+01  -4.1 7.14e-01    -  7.93e-03 2.98e-08h 26
 892  1.9809592e-04 9.44e-06 7.25e+01  -4.1 2.47e-02    -  1.00e+00 1.25e-01h  4
 893  1.9817538e-04 9.28e-06 7.24e+01  -4.1 8.92e-02    -  1.00e+00 3.12e-02h  6
 894  1.9805452e-04 9.22e-06 7.24e+01  -4.1 1.30e-01    -  1.00e+00 1.56e-02h  7
 895  1.9811535e-04 8.65e-06 7.23e+01  -4.1 2.10e-02    -  1.00e+00 6.25e-02h  5
 896  1.9811521e-04 8.65e-06 6.98e+01  -4.1 2.17e-01    -  1.00e+00 8.87e-10h 26
 897  1.9828094e-04 3.28e-06 7.61e+02  -4.1 6.13e-04    -  1.00e+00 1.00e+00h  1
 898  1.9877836e-04 5.28e-07 1.10e+02  -4.1 1.04e-03    -  1.00e+00 1.00e+00H  1
 899  1.9945359e-04 1.68e-06 1.16e+02  -4.1 1.53e-03    -  1.00e+00 1.00e+00h  1
iter    objective    inf_pr   inf_du lg(mu)  ||d||  lg(rg) alpha_du alpha_pr  ls
 900  1.9954204e-04 4.55e-08 1.35e+02  -4.1 2.51e-04    -  1.00e+00 1.00e+00h  1
 901  1.9981403e-04 1.23e-08 1.24e+02  -4.1 2.19e-03    -  1.00e+00 1.00e+00H  1
 902  1.9971259e-04 4.61e-07 1.20e+02  -4.1 6.52e-03    -  1.00e+00 1.25e-01h  4
 903  2.2475119e-04 1.56e-09 1.22e-01  -4.1 1.86e-04    -  1.00e+00 1.00e+00H  1
 904  2.2186370e-04 6.61e-08 1.41e+02  -4.0 3.26e-04    -  1.00e+00 1.00e+00h  1
 905  2.0653745e-04 2.19e-07 1.10e+00  -4.1 6.38e-02    -  1.00e+00 7.81e-03h  8
 906  2.1176581e-04 2.76e-09 3.81e+00  -4.1 5.61e-04    -  1.00e+00 1.00e+00H  1
 907  2.1020215e-04 2.41e-09 4.24e+00  -4.1 6.43e-05    -  1.00e+00 1.00e+00h  1
 908  2.0919288e-04 4.86e-10 4.60e+00  -4.1 1.94e-05    -  1.00e+00 1.00e+00h  1
 909  2.0732273e-04 3.83e-10 4.89e+00  -4.1 5.95e-06    -  1.00e+00 1.00e+00h  1
iter    objective    inf_pr   inf_du lg(mu)  ||d||  lg(rg) alpha_du alpha_pr  ls
 910  2.0669519e-04 3.62e-10 1.39e+02  -4.1 3.74e-05    -  1.00e+00 1.00e+00H  1
 911  2.0578611e-04 4.65e-08 2.93e+00  -4.1 2.52e-04    -  1.00e+00 1.00e+00h  1
 912r 2.0578611e-04 4.65e-08 2.70e+02  -4.1 0.00e+00    -  0.00e+00 4.77e-07R 22
 913r 2.1143415e-04 3.52e-08 9.70e-04  -4.0 1.91e-04    -  1.00e+00 1.00e+00f  1
 914r 2.0205312e-04 6.01e-10 2.85e-05  -4.1 2.50e-05    -  1.00e+00 1.00e+00f  1
 915  1.9977467e-04 4.82e-05 6.97e+01  -4.1 8.14e-03    -  1.00e+00 1.00e+00h  1
 916  1.9931799e-04 1.21e-05 7.05e+01  -4.1 4.09e-03    -  1.00e+00 1.00e+00h  1
 917  2.0063591e-04 1.21e-05 7.09e+01  -4.1 3.79e-03    -  1.00e+00 3.91e-03h  9
 918  1.9973961e-04 3.00e-06 7.05e+01  -4.1 2.04e-03    -  1.00e+00 1.00e+00h  1
 919  1.9798914e-04 2.30e-04 7.09e+01  -4.1 9.86e-02    -  1.00e+00 2.50e-01h  3
iter    objective    inf_pr   inf_du lg(mu)  ||d||  lg(rg) alpha_du alpha_pr  ls
 920  1.9834907e-04 2.18e-04 7.09e+01  -4.1 2.33e-01    -  1.00e+00 1.56e-02h  7
 921  1.9892678e-04 2.17e-04 7.06e+01  -4.1 1.53e-02    -  1.00e+00 3.91e-03h  9
 922  1.9873576e-04 7.00e-05 7.03e+01  -4.1 1.24e-02    -  1.00e+00 1.00e+00h  1
 923  1.9915756e-04 1.40e-05 7.12e+01  -4.1 6.15e-03    -  1.00e+00 1.00e+00h  1
 924  1.9920842e-04 1.32e-05 7.12e+01  -4.1 7.95e-02    -  1.00e+00 1.56e-02h  7
 925  1.9891159e-04 1.54e-05 7.01e+01  -4.1 3.29e-03    -  1.00e+00 1.00e+00h  1
 926  1.9966834e-04 4.15e-06 7.02e+01  -4.1 2.50e-03    -  1.00e+00 1.00e+00h  1
 927  1.9898091e-04 6.86e-06 7.02e+01  -4.1 6.04e-02    -  1.00e+00 3.12e-02h  6
 928  1.9911381e-04 4.38e-06 7.13e+01  -4.1 1.19e-02    -  1.00e+00 1.25e-01h  4
 929  1.9907172e-04 7.42e-06 7.02e+01  -4.1 6.16e-03    -  1.00e+00 5.00e-01h  2
iter    objective    inf_pr   inf_du lg(mu)  ||d||  lg(rg) alpha_du alpha_pr  ls
 930  1.9886015e-04 1.52e-05 7.02e+01  -4.1 4.43e-01    -  1.00e+00 1.56e-02h  7
 931  1.9787552e-04 3.81e-05 7.13e+01  -4.1 5.85e-03    -  1.00e+00 1.00e+00h  1
 932  1.9792805e-04 7.21e-06 7.02e+01  -4.1 3.71e-03    -  1.00e+00 1.00e+00h  1
 933  1.9879567e-04 3.16e-06 7.13e+01  -4.1 1.66e-03    -  1.00e+00 1.00e+00h  1
 934  1.9874630e-04 3.40e-06 7.13e+01  -4.1 6.26e-03    -  1.00e+00 2.50e-01h  3
 935  1.9879094e-04 1.91e-06 7.13e+01  -4.1 2.07e-02    -  1.00e+00 6.25e-02h  5
 936  1.9872486e-04 2.54e-06 7.02e+01  -4.1 2.10e-03    -  1.00e+00 1.00e+00h  1
 937  1.9865905e-04 2.97e-06 7.12e+01  -4.1 2.72e-03    -  1.00e+00 1.00e+00h  1
 938  1.9888928e-04 1.73e-06 7.12e+01  -4.1 1.91e-03    -  1.00e+00 1.00e+00h  1
 939  1.9856653e-04 5.35e-06 7.12e+01  -4.1 4.95e-03    -  1.00e+00 5.00e-01h  2
iter    objective    inf_pr   inf_du lg(mu)  ||d||  lg(rg) alpha_du alpha_pr  ls
 940  1.9852654e-04 5.30e-06 7.02e+01  -4.1 1.55e-02    -  1.00e+00 3.12e-02h  6
 941  1.9860512e-04 2.64e-06 7.13e+01  -4.1 2.39e-03    -  1.00e+00 1.00e+00h  1
 942  1.9887224e-04 6.90e-07 7.02e+01  -4.1 1.18e-03    -  1.00e+00 1.00e+00h  1
 943  1.9890589e-04 6.95e-07 7.02e+01  -4.1 2.21e-03    -  1.00e+00 2.50e-01h  3
 944  1.9881253e-04 3.96e-07 7.02e+01  -4.1 1.94e-01    -  1.00e+00 3.91e-03h  9
 945  1.9913009e-04 2.88e-07 7.12e+01  -4.1 1.07e-03    -  1.00e+00 1.00e+00H  1
 946  1.9897491e-04 3.66e-07 7.12e+01  -4.1 1.49e-03    -  1.00e+00 5.00e-01h  2
 947  1.9889211e-04 2.31e-07 7.12e+01  -4.1 1.59e-03    -  1.00e+00 5.00e-01h  2
 948  1.9953453e-04 1.86e-07 7.03e+01  -4.1 1.55e-03    -  1.00e+00 1.00e+00H  1
 949  1.9946069e-04 1.88e-07 7.03e+01  -4.1 4.26e-03    -  1.00e+00 1.25e-01h  4
iter    objective    inf_pr   inf_du lg(mu)  ||d||  lg(rg) alpha_du alpha_pr  ls
 950  1.9931119e-04 2.33e-07 7.03e+01  -4.1 1.40e-02    -  1.00e+00 3.12e-02h  6
 951  1.9922877e-04 2.32e-07 7.03e+01  -4.1 2.11e-03    -  1.00e+00 6.25e-02h  5
 952  1.9910009e-04 2.37e-07 7.03e+01  -4.1 7.42e-03    -  1.00e+00 1.56e-02h  7
 953  1.9905062e-04 2.38e-07 7.11e+01  -4.1 1.72e-02    -  1.00e+00 1.95e-03h 10
 954  1.9896663e-04 4.93e-07 7.02e+01  -4.1 7.50e-04    -  1.00e+00 1.00e+00h  1
 955  1.9897732e-04 5.95e-07 7.02e+01  -4.1 1.46e-03    -  1.00e+00 5.00e-01h  2
 956  1.9885528e-04 3.76e-07 7.03e+01  -4.1 8.54e-04    -  1.00e+00 1.00e+00h  1
 957  1.9882926e-04 3.21e-07 7.03e+01  -4.1 8.44e-03    -  1.00e+00 6.25e-02h  5
 958  1.9903793e-04 2.83e-07 7.12e+01  -4.1 1.31e-03    -  1.00e+00 1.00e+00H  1
 959  1.9899532e-04 2.09e-07 7.11e+01  -4.1 2.57e-03    -  1.00e+00 5.00e-01h  2
iter    objective    inf_pr   inf_du lg(mu)  ||d||  lg(rg) alpha_du alpha_pr  ls
 960  1.9897007e-04 2.21e-07 7.12e+01  -4.1 1.22e-03    -  1.00e+00 5.00e-01h  2
 961  1.9899176e-04 2.20e-07 7.03e+01  -4.1 2.10e-02    -  1.00e+00 7.81e-03h  8
 962  1.9898540e-04 3.99e-08 7.04e+01  -4.1 1.91e-04    -  1.00e+00 1.00e+00h  1
 963  1.9904373e-04 3.69e-08 7.10e+01  -4.1 6.29e-04    -  1.00e+00 1.00e+00H  1
 964  1.9896335e-04 8.53e-08 7.08e+01  -4.1 2.93e-04    -  1.00e+00 1.00e+00h  1
 965  1.9896272e-04 8.03e-08 7.08e+01  -4.1 9.20e-03    -  1.00e+00 1.56e-02h  7
 966  1.9894936e-04 9.38e-08 7.06e+01  -4.1 2.12e-03    -  1.00e+00 1.25e-01h  4
 967  1.9898207e-04 6.11e-08 7.10e+01  -4.1 2.44e-04    -  1.00e+00 5.00e-01h  2
 968  1.9898175e-04 6.55e-08 7.10e+01  -4.1 3.87e-03    -  1.00e+00 3.12e-02h  6
 969  1.9898184e-04 4.93e-08 7.05e+01  -4.1 3.23e-04    -  1.00e+00 5.00e-01h  2
iter    objective    inf_pr   inf_du lg(mu)  ||d||  lg(rg) alpha_du alpha_pr  ls
 970  1.9897526e-04 4.35e-08 7.05e+01  -4.1 2.04e-03    -  1.00e+00 6.25e-02h  5
 971  1.9897096e-04 3.60e-08 7.05e+01  -4.1 1.87e-03    -  1.00e+00 6.25e-02h  5
 972  1.9897076e-04 3.18e-08 7.05e+01  -4.1 7.51e-04    -  1.00e+00 1.25e-01h  4
 973  1.9896863e-04 3.13e-08 7.09e+01  -4.1 4.51e-03    -  1.00e+00 3.12e-02h  6
 974  1.9896820e-04 3.91e-08 7.09e+01  -4.1 1.60e-02    -  1.00e+00 7.81e-03h  8
 975  1.9896799e-04 4.00e-08 7.09e+01  -4.1 1.01e-03    -  1.00e+00 1.25e-01h  4
 976  1.9896667e-04 3.99e-08 7.09e+01  -4.1 1.64e-02    -  1.00e+00 3.91e-03h  9
 977  1.9896253e-04 3.85e-08 7.09e+01  -4.1 6.92e-03    -  1.00e+00 1.56e-02h  7
 978  1.9895916e-04 3.81e-08 7.09e+01  -4.1 5.37e-03    -  1.00e+00 1.56e-02h  7
 979  1.9895669e-04 3.90e-08 7.09e+01  -4.1 1.87e-02    -  1.00e+00 3.91e-03h  9
iter    objective    inf_pr   inf_du lg(mu)  ||d||  lg(rg) alpha_du alpha_pr  ls
 980  1.9895544e-04 3.90e-08 7.05e+01  -4.1 5.49e+00    -  4.82e-02 1.59e-08h 24
 981  1.9896341e-04 2.76e-08 7.05e+01  -4.1 1.93e-04    -  1.00e+00 5.00e-01h  2
 982  1.9895954e-04 2.78e-08 7.09e+01  -4.1 3.39e-03    -  1.00e+00 3.12e-02h  6
 983  1.9895610e-04 2.80e-08 7.09e+01  -4.1 1.80e-03    -  1.00e+00 6.25e-02h  5
 984  1.9894729e-04 7.19e-08 7.09e+01  -4.1 2.07e-02    -  1.00e+00 1.56e-02h  7
 985  1.9894868e-04 6.41e-08 7.05e+01  -4.1 8.28e-04    -  1.00e+00 1.25e-01h  4
 986  1.9893061e-04 1.44e-06 7.07e+01  -4.1 7.04e-03    -  1.00e+00 2.50e-01h  3
 987  1.9894539e-04 1.68e-06 7.08e+01  -4.1 4.99e-03    -  1.00e+00 2.50e-01h  3
 988  1.9893148e-04 1.48e-06 7.06e+01  -4.1 6.00e-03    -  1.00e+00 1.25e-01h  4
 989  1.9889573e-04 1.22e-06 7.06e+01  -4.1 4.98e-03    -  1.00e+00 1.25e-01h  4
iter    objective    inf_pr   inf_du lg(mu)  ||d||  lg(rg) alpha_du alpha_pr  ls
 990  1.9892576e-04 1.45e-06 7.04e+01  -4.1 2.82e-03    -  1.00e+00 5.00e-01h  2
 991  1.9889503e-04 1.17e-06 7.04e+01  -4.1 4.33e-03    -  1.00e+00 2.50e-01h  3
 992  1.9889398e-04 1.17e-06 7.11e+01  -4.1 2.46e-01    -  1.00e+00 4.88e-04h 12
 993  1.9889253e-04 1.15e-06 7.11e+01  -4.1 1.31e-02    -  1.00e+00 1.56e-02h  7
 994  1.9884158e-04 1.92e-06 7.11e+01  -4.1 5.09e-02    -  1.00e+00 3.12e-02h  6
 995  1.9883822e-04 1.99e-06 7.04e+01  -4.1 1.23e-01    -  1.00e+00 3.91e-03h  9
 996  1.9885053e-04 1.76e-06 7.11e+01  -4.1 3.19e-03    -  1.00e+00 1.25e-01h  4
 997  1.9889235e-04 9.64e-08 7.03e+01  -4.1 4.61e-04    -  1.00e+00 1.00e+00h  1
 998  1.9888966e-04 1.50e-07 7.03e+01  -4.1 9.11e-04    -  1.00e+00 5.00e-01h  2
 999  1.9889018e-04 1.50e-07 7.11e+01  -4.1 3.82e-02    -  1.00e+00 1.95e-03h 10
iter    objective    inf_pr   inf_du lg(mu)  ||d||  lg(rg) alpha_du alpha_pr  ls
1000  1.9888554e-04 2.26e-07 7.11e+01  -4.1 1.07e-02    -  1.00e+00 6.25e-02h  5
1001  1.9897091e-04 2.54e-08 7.11e+01  -4.1 9.76e-04    -  1.00e+00 1.00e+00H  1
1002  1.9896531e-04 2.68e-08 7.04e+01  -4.1 9.45e-03    -  1.00e+00 1.56e-02h  7
1003  1.9895898e-04 2.86e-08 7.04e+01  -4.1 6.59e-02    -  1.00e+00 1.95e-03h 10
1004  1.9895110e-04 4.28e-08 7.04e+01  -4.1 5.94e-03    -  1.00e+00 3.12e-02h  6
1005  1.9893137e-04 3.95e-08 7.03e+01  -4.1 2.29e-03    -  1.00e+00 6.25e-02h  5
1006  1.9892995e-04 4.09e-08 7.11e+01  -4.1 3.12e-02    -  1.00e+00 1.95e-03h 10
1007  1.9889797e-04 3.39e-07 7.11e+01  -4.1 6.35e-03    -  1.00e+00 1.25e-01h  4
1008  1.9889328e-04 4.24e-07 7.11e+01  -4.1 2.92e-03    -  1.00e+00 1.25e-01h  4
1009  1.9889268e-04 3.69e-07 7.11e+01  -4.1 4.20e-03    -  1.00e+00 6.25e-02h  5
iter    objective    inf_pr   inf_du lg(mu)  ||d||  lg(rg) alpha_du alpha_pr  ls
1010  1.9888136e-04 4.22e-07 7.03e+01  -4.1 1.04e-02    -  1.00e+00 6.25e-02h  5
1011  1.9889723e-04 1.59e-07 7.11e+01  -4.1 5.04e-04    -  1.00e+00 1.00e+00h  1
1012  1.9888197e-04 3.18e-07 7.10e+01  -4.1 1.50e-02    -  1.00e+00 3.12e-02h  6
1013  1.9889198e-04 3.13e-07 7.04e+01  -4.1 4.82e-03    -  1.00e+00 1.56e-02h  7
1014  1.9890847e-04 3.76e-07 7.06e+01  -4.1 9.54e-04    -  1.00e+00 1.00e+00H  1
1015  1.9890828e-04 8.92e-08 7.06e+01  -4.1 2.73e-03    -  1.00e+00 2.50e-01h  3
1016  1.9891968e-04 3.97e-08 7.09e+01  -4.1 1.71e-03    -  1.00e+00 2.50e-01h  3
1017  1.9891874e-04 3.15e-08 7.09e+01  -4.1 2.18e-02    -  1.00e+00 7.81e-03h  8
1018  1.9891037e-04 3.78e-08 7.09e+01  -4.1 3.19e-03    -  1.00e+00 6.25e-02h  5
1019  1.9887908e-04 1.42e-07 7.07e+01  -4.1 3.31e-03    -  1.00e+00 2.50e-01h  3
iter    objective    inf_pr   inf_du lg(mu)  ||d||  lg(rg) alpha_du alpha_pr  ls
1020  1.9889147e-04 1.29e-07 7.07e+01  -4.1 2.60e-03    -  1.00e+00 2.50e-01h  3
1021  1.9894990e-04 3.06e-08 7.03e+01  -4.1 3.74e-04    -  1.00e+00 1.00e+00h  1
1022  1.9893116e-04 2.64e-08 7.04e+01  -4.1 1.29e-02    -  1.00e+00 1.56e-02h  7
1023  1.9892673e-04 2.93e-08 7.04e+01  -4.1 2.84e-03    -  1.00e+00 6.25e-02h  5
1024  1.9884091e-04 7.51e-07 7.01e+01  -4.1 1.35e-03    -  1.00e+00 1.00e+00h  1
1025  1.9877092e-04 9.62e-07 7.13e+01  -4.1 2.04e-02    -  1.00e+00 6.25e-02h  5
1026  1.9883799e-04 1.25e-06 7.13e+01  -4.1 1.74e-03    -  1.00e+00 1.00e+00h  1
1027  1.9857211e-04 3.78e-06 7.02e+01  -4.1 2.32e-03    -  1.00e+00 1.00e+00h  1
1028  1.9879513e-04 9.86e-07 7.12e+01  -4.1 2.25e-03    -  1.00e+00 1.00e+00h  1
1029  1.9836658e-04 3.93e-06 7.13e+01  -4.1 6.22e-03    -  1.00e+00 5.00e-01h  2
iter    objective    inf_pr   inf_du lg(mu)  ||d||  lg(rg) alpha_du alpha_pr  ls
1030  1.9835160e-04 9.37e-06 7.01e+01  -4.1 2.26e-02    -  1.00e+00 1.25e-01h  4
1031  1.9792409e-04 2.72e-05 7.02e+01  -4.1 1.33e-02    -  1.00e+00 5.00e-01h  2
1032  1.9766584e-04 1.78e-05 7.02e+01  -4.1 5.57e-03    -  1.00e+00 5.00e-01h  2
1033  1.9763388e-04 1.71e-05 7.13e+01  -4.1 1.40e-02    -  1.00e+00 1.25e-01h  4
1034  1.9842806e-04 6.23e-06 7.13e+01  -4.1 3.31e-03    -  1.00e+00 1.00e+00h  1
1035  1.9813427e-04 6.12e-06 7.02e+01  -4.1 2.96e-03    -  1.00e+00 1.00e+00h  1
1036  1.9822697e-04 3.05e-06 7.13e+01  -4.1 2.57e-03    -  1.00e+00 1.00e+00h  1
1037  1.9853166e-04 1.95e-06 7.02e+01  -4.1 1.74e-03    -  1.00e+00 5.00e-01h  2
1038  1.9847196e-04 1.93e-06 7.13e+01  -4.1 2.15e-03    -  1.00e+00 1.00e+00h  1
1039  1.9831755e-04 2.13e-06 7.02e+01  -4.1 2.35e-03    -  1.00e+00 5.00e-01h  2
iter    objective    inf_pr   inf_du lg(mu)  ||d||  lg(rg) alpha_du alpha_pr  ls
1040  1.9847236e-04 1.59e-06 7.13e+01  -4.1 1.02e-02    -  1.00e+00 2.50e-01h  3
1041  1.9863070e-04 6.39e-07 7.02e+01  -4.1 1.75e-03    -  1.00e+00 1.00e+00h  1
1042  1.9868026e-04 5.44e-07 7.12e+01  -4.1 1.35e-03    -  1.00e+00 5.00e-01h  2
1043  1.9870509e-04 3.38e-07 7.12e+01  -4.1 9.66e-04    -  1.00e+00 5.00e-01h  2
1044  1.9870789e-04 3.29e-07 7.02e+01  -4.1 1.84e-02    -  1.00e+00 3.12e-02h  6
1045  1.9885715e-04 2.14e-07 7.02e+01  -4.1 7.05e-04    -  1.00e+00 1.00e+00h  1
1046  1.9887210e-04 2.04e-07 7.12e+01  -4.1 9.34e-03    -  1.00e+00 3.12e-02h  6
1047  1.9883786e-04 2.19e-07 7.12e+01  -4.1 7.90e-03    -  1.00e+00 6.25e-02h  5
1048  1.9880032e-04 2.05e-07 7.11e+01  -4.1 3.08e-03    -  1.00e+00 2.50e-01h  3
1049  1.9880921e-04 2.45e-07 7.11e+01  -4.1 2.28e-03    -  1.00e+00 1.25e-01h  4
iter    objective    inf_pr   inf_du lg(mu)  ||d||  lg(rg) alpha_du alpha_pr  ls
1050  1.9876020e-04 3.47e-07 7.11e+01  -4.1 6.98e-02    -  1.00e+00 7.81e-03h  8
1051  1.9876019e-04 3.46e-07 7.11e+01  -4.1 2.99e-02    -  1.00e+00 3.91e-03h  9
1052  1.9874573e-04 3.15e-07 7.11e+01  -4.1 2.42e-02    -  1.00e+00 7.81e-03h  8
1053  1.9874562e-04 3.15e-07 7.03e+01  -4.1 4.66e-01    -  1.02e-01 7.45e-09h 28
1054  1.9883330e-04 7.44e-08 7.06e+01  -4.1 4.95e-04    -  1.00e+00 1.00e+00h  1
1055  1.9888867e-04 2.40e-08 7.02e+01  -4.1 3.28e-04    -  1.00e+00 1.00e+00H  1
1056  1.9886154e-04 3.94e-08 7.03e+01  -4.1 8.36e-04    -  1.00e+00 2.50e-01h  3
1057  1.9885880e-04 2.47e-08 7.04e+01  -4.1 4.13e-04    -  1.00e+00 5.00e-01h  2
1058  1.9886847e-04 1.33e-08 7.04e+01  -4.1 2.26e-04    -  1.00e+00 5.00e-01h  2
1059  1.9890867e-04 1.33e-08 7.09e+01  -4.1 2.09e-04    -  1.00e+00 1.00e+00H  1
iter    objective    inf_pr   inf_du lg(mu)  ||d||  lg(rg) alpha_du alpha_pr  ls
1060  1.9890581e-04 1.59e-08 7.09e+01  -4.1 4.86e-02    -  1.00e+00 9.77e-04h 11
1061  1.9890578e-04 1.97e-08 7.09e+01  -4.1 5.97e-03    -  1.00e+00 1.56e-02h  7
1062  1.9889152e-04 9.31e-09 7.08e+01  -4.1 3.14e-04    -  1.00e+00 5.00e-01h  2
1063  1.9889051e-04 9.89e-09 7.06e+01  -4.1 4.15e-02    -  1.00e+00 1.95e-03h 10
1064  1.9888807e-04 1.06e-08 7.06e+01  -4.1 2.77e-04    -  1.00e+00 2.50e-01h  3
1065  1.9890791e-04 4.44e-09 7.07e+01  -4.1 2.18e-04    -  1.00e+00 1.00e+00H  1
1066  1.9890797e-04 4.14e-09 7.07e+01  -4.1 1.50e-03    -  1.00e+00 3.12e-02h  6
1067  1.9881138e-04 1.64e-07 7.09e+01  -4.1 3.65e-03    -  1.00e+00 1.25e-01h  4
1068  1.9882208e-04 1.34e-07 7.08e+01  -4.1 6.28e-04    -  1.00e+00 2.50e-01h  3
1069  1.9882309e-04 1.30e-07 7.08e+01  -4.1 2.68e-03    -  1.00e+00 3.12e-02h  6
iter    objective    inf_pr   inf_du lg(mu)  ||d||  lg(rg) alpha_du alpha_pr  ls
1070  1.9882558e-04 1.30e-07 7.06e+01  -4.1 1.66e-02    -  1.00e+00 1.95e-03h 10
1071  1.9883137e-04 1.21e-07 7.06e+01  -4.1 8.22e-04    -  1.00e+00 6.25e-02h  5
1072  1.9883265e-04 1.19e-07 7.06e+01  -4.1 3.57e-03    -  1.00e+00 1.56e-02h  7
1073  1.9883314e-04 1.17e-07 7.07e+01  -4.1 1.43e-03    -  1.00e+00 3.12e-02h  6
1074  1.9883320e-04 1.17e-07 7.07e+01  -4.1 3.65e-04    -  1.00e+00 9.77e-04h 11
1075  1.9883020e-04 1.18e-07 7.07e+01  -4.1 2.36e-02    -  1.00e+00 3.91e-03h  9
1076  1.9883813e-04 1.08e-07 7.07e+01  -4.1 1.74e-03    -  1.00e+00 1.25e-01h  4
1077  1.9884446e-04 1.03e-07 7.07e+01  -4.1 1.58e-03    -  1.00e+00 6.25e-02h  5
1078  1.9884324e-04 1.00e-07 7.07e+01  -4.1 1.97e-03    -  1.00e+00 3.12e-02h  6
1079  1.9884641e-04 9.67e-08 7.08e+01  -4.1 2.43e-03    -  1.00e+00 6.25e-02h  5
iter    objective    inf_pr   inf_du lg(mu)  ||d||  lg(rg) alpha_du alpha_pr  ls
1080  1.9895031e-04 7.68e-08 7.04e+01  -4.1 1.03e-03    -  1.00e+00 1.00e+00h  1
1081  1.9893145e-04 7.02e-08 7.04e+01  -4.1 2.07e-03    -  1.00e+00 1.25e-01h  4
1082  1.9889770e-04 6.91e-08 7.04e+01  -4.1 1.46e-02    -  1.00e+00 1.56e-02h  7
1083  1.9889224e-04 6.84e-08 7.04e+01  -4.1 4.41e-03    -  1.00e+00 3.12e-02h  6
1084  1.9889311e-04 6.84e-08 7.10e+01  -4.1 9.87e-02    -  1.00e+00 1.22e-04h 14
1085  1.9900069e-04 3.78e-08 7.03e+01  -4.1 1.27e-03    -  1.00e+00 1.00e+00H  1
1086  1.9897197e-04 3.61e-08 7.03e+01  -4.1 1.70e-02    -  1.00e+00 1.56e-02h  7
1087  1.9888657e-04 3.62e-08 7.04e+01  -4.1 1.13e-03    -  1.00e+00 5.00e-01h  2
1088  1.9887959e-04 4.35e-08 7.04e+01  -4.1 7.06e-03    -  1.00e+00 1.56e-02h  7
1089  1.9887349e-04 4.08e-08 7.04e+01  -4.1 1.82e-03    -  1.00e+00 1.25e-01h  4
iter    objective    inf_pr   inf_du lg(mu)  ||d||  lg(rg) alpha_du alpha_pr  ls
1090  1.9886964e-04 4.49e-08 7.04e+01  -4.1 3.72e-03    -  1.00e+00 3.12e-02h  6
1091  1.9887199e-04 4.49e-08 7.10e+01  -4.1 5.10e-02    -  1.00e+00 1.22e-04h 14
1092  1.9887476e-04 3.90e-08 7.10e+01  -4.1 9.91e-04    -  1.00e+00 2.50e-01h  3
1093  1.9886117e-04 5.95e-08 7.05e+01  -4.1 8.05e-02    -  1.00e+00 7.81e-03h  8
1094  1.9887378e-04 1.77e-08 7.09e+01  -4.1 2.43e-04    -  1.00e+00 1.00e+00h  1
1095  1.9885659e-04 6.85e-09 7.07e+01  -4.1 1.16e-04    -  1.00e+00 1.00e+00h  1
1096  1.9891110e-04 9.11e-09 7.05e+01  -4.1 1.66e-04    -  1.00e+00 1.00e+00H  1
1097  1.9890804e-04 9.93e-09 7.05e+01  -4.1 3.37e-03    -  1.00e+00 1.56e-02h  7
1098  1.9890225e-04 9.05e-09 7.05e+01  -4.1 1.29e-03    -  1.00e+00 6.25e-02h  5
1099  1.9889421e-04 9.84e-09 7.05e+01  -4.1 3.04e-03    -  1.00e+00 3.12e-02h  6
iter    objective    inf_pr   inf_du lg(mu)  ||d||  lg(rg) alpha_du alpha_pr  ls
1100  1.9888485e-04 1.08e-08 7.09e+01  -4.1 2.96e-04    -  1.00e+00 2.50e-01h  3
1101  1.9888103e-04 1.13e-08 7.09e+01  -4.1 3.01e-01    -  1.00e+00 1.22e-04h 14
1102  1.9886593e-04 1.29e-07 7.08e+01  -4.1 4.12e-04    -  1.00e+00 1.00e+00h  1
1103  1.9887073e-04 1.00e-07 7.07e+01  -4.1 1.26e-03    -  1.00e+00 2.50e-01h  3
1104  1.9885979e-04 1.52e-07 7.07e+01  -4.1 4.61e-03    -  1.00e+00 6.25e-02h  5
1105  1.9885828e-04 1.56e-07 7.07e+01  -4.1 4.02e-03    -  1.00e+00 6.25e-02h  5
1106  1.9887961e-04 8.00e-08 7.05e+01  -4.1 6.74e-04    -  1.00e+00 5.00e-01h  2
1107  1.9888023e-04 7.98e-08 7.09e+01  -4.1 4.81e-03    -  1.00e+00 3.91e-03h  9
1108  1.9888084e-04 6.11e-08 7.09e+01  -4.1 3.30e-04    -  1.00e+00 2.50e-01h  3
1109  1.9887488e-04 8.14e-08 7.08e+01  -4.1 3.10e-03    -  1.00e+00 1.25e-01h  4
iter    objective    inf_pr   inf_du lg(mu)  ||d||  lg(rg) alpha_du alpha_pr  ls
1110  1.9887397e-04 8.39e-08 7.06e+01  -4.1 8.36e-03    -  1.00e+00 7.81e-03h  8
1111  1.9887311e-04 4.86e-08 7.06e+01  -4.1 6.31e-04    -  1.00e+00 5.00e-01h  2
1112  1.9886755e-04 1.29e-07 7.08e+01  -4.1 8.73e-02    -  1.00e+00 3.91e-03h  9
1113  1.9887290e-04 9.78e-08 7.09e+01  -4.1 8.39e-04    -  1.00e+00 2.50e-01h  3
1114  1.9886002e-04 1.11e-07 7.09e+01  -4.1 1.30e-02    -  1.00e+00 3.12e-02h  6
1115  1.9885849e-04 1.12e-07 7.06e+01  -4.1 1.42e-02    -  1.00e+00 3.91e-03h  9
1116  1.9886859e-04 5.84e-08 7.09e+01  -4.1 1.46e-04    -  1.00e+00 5.00e-01h  2
1117  1.9886030e-04 6.85e-08 7.08e+01  -4.1 5.44e-03    -  1.00e+00 1.25e-01h  4
1118  1.9887081e-04 3.48e-08 7.08e+01  -4.1 3.65e-04    -  1.00e+00 5.00e-01h  2
1119  1.9886947e-04 6.15e-08 7.08e+01  -4.1 3.52e-03    -  1.00e+00 6.25e-02h  5
iter    objective    inf_pr   inf_du lg(mu)  ||d||  lg(rg) alpha_du alpha_pr  ls
1120  1.9886786e-04 4.94e-08 7.06e+01  -4.1 1.12e-03    -  1.00e+00 2.50e-01h  3
1121  1.9887049e-04 3.56e-08 7.05e+01  -4.1 3.63e-04    -  1.00e+00 1.00e+00h  1
1122  1.9886671e-04 7.15e-08 7.08e+01  -4.1 2.27e-03    -  1.00e+00 2.50e-01h  3
1123  1.9886721e-04 6.53e-08 7.09e+01  -4.1 1.33e-03    -  1.00e+00 1.25e-01h  4
1124  1.9884863e-04 8.21e-08 7.06e+01  -4.1 1.23e-02    -  1.00e+00 3.12e-02h  6
1125  1.9885515e-04 6.43e-08 7.06e+01  -4.1 1.16e-03    -  1.00e+00 2.50e-01h  3
1126  1.9886572e-04 5.15e-08 7.08e+01  -4.1 1.24e-03    -  1.00e+00 2.50e-01h  3
1127  1.9886541e-04 5.87e-08 7.08e+01  -4.1 3.12e-03    -  1.00e+00 3.12e-02h  6
1128  1.9886398e-04 3.40e-08 7.08e+01  -4.1 1.30e-03    -  1.00e+00 5.00e-01h  2
1129  1.9886826e-04 3.35e-08 7.06e+01  -4.1 5.55e-04    -  1.00e+00 5.00e-01h  2
iter    objective    inf_pr   inf_du lg(mu)  ||d||  lg(rg) alpha_du alpha_pr  ls
1130  1.9887622e-04 3.70e-08 7.08e+01  -4.1 5.91e-04    -  1.00e+00 5.00e-01h  2
1131  1.9887533e-04 4.08e-08 7.09e+01  -4.1 8.30e-03    -  1.00e+00 1.56e-02h  7
1132  1.9886141e-04 4.97e-08 7.06e+01  -4.1 3.17e-03    -  1.00e+00 1.25e-01h  4
1133  1.9889299e-04 6.14e-09 7.06e+01  -4.1 4.54e-04    -  1.00e+00 1.00e+00H  1
1134  1.9888552e-04 5.85e-09 7.07e+01  -4.1 3.79e-03    -  1.00e+00 3.12e-02h  6
1135  1.9887804e-04 6.54e-09 7.06e+01  -4.1 1.46e-01    -  1.00e+00 1.95e-03h 10
1136  1.9887663e-04 8.32e-09 7.08e+01  -4.1 7.42e-03    -  1.00e+00 1.56e-02h  7
1137  1.9887351e-04 2.27e-08 7.08e+01  -4.1 1.23e-03    -  1.00e+00 2.50e-01h  3
1138  1.9886096e-04 2.80e-08 7.07e+01  -4.1 4.73e-03    -  1.00e+00 6.25e-02h  5
1139  1.9885263e-04 2.98e-08 7.08e+01  -4.1 1.24e-03    -  1.00e+00 5.00e-01h  2
iter    objective    inf_pr   inf_du lg(mu)  ||d||  lg(rg) alpha_du alpha_pr  ls
1140  1.9885900e-04 2.71e-08 7.07e+01  -4.1 6.38e-04    -  1.00e+00 1.25e-01h  4
1141  1.9884537e-04 4.27e-08 7.07e+01  -4.1 4.94e-02    -  1.00e+00 3.91e-03h  9
1142  1.9885159e-04 4.12e-08 7.07e+01  -4.1 1.66e-03    -  1.00e+00 6.25e-02h  5
1143  1.9885232e-04 4.06e-08 7.07e+01  -4.1 1.15e-03    -  1.00e+00 1.56e-02h  7
1144  1.9884941e-04 4.03e-08 7.07e+01  -4.1 6.78e-02    -  1.00e+00 3.91e-03h  9
1145  1.9886140e-04 3.02e-08 7.07e+01  -4.1 2.60e-04    -  1.00e+00 2.50e-01h  3
1146  1.9886232e-04 3.01e-08 7.07e+01  -4.1 2.07e-03    -  1.00e+00 3.12e-02h  6
1147  1.9887139e-04 1.85e-08 7.08e+01  -4.1 1.41e-04    -  1.00e+00 5.00e-01h  2
1148  1.9886079e-04 2.86e-08 7.07e+01  -4.1 1.40e-03    -  1.00e+00 5.00e-01h  2
1149  1.9886349e-04 2.99e-08 7.07e+01  -4.1 6.71e-04    -  1.00e+00 1.25e-01h  4
iter    objective    inf_pr   inf_du lg(mu)  ||d||  lg(rg) alpha_du alpha_pr  ls
1150  1.9885732e-04 3.21e-08 7.07e+01  -4.1 2.02e-02    -  1.00e+00 3.12e-02h  6
1151  1.9886942e-04 2.45e-08 7.07e+01  -4.1 3.52e-04    -  1.00e+00 2.50e-01h  3
1152  1.9887909e-04 6.10e-09 7.07e+01  -4.1 1.70e-04    -  1.00e+00 1.00e+00h  1
1153  1.9887075e-04 2.07e-08 7.07e+01  -4.1 2.77e-03    -  1.00e+00 6.25e-02h  5
1154  1.9887060e-04 2.02e-08 7.07e+01  -4.1 1.21e-02    -  1.00e+00 7.81e-03h  8
1155  1.9885854e-04 3.23e-08 7.08e+01  -4.1 4.54e-04    -  1.00e+00 5.00e-01h  2
1156  1.9885985e-04 3.61e-08 7.06e+01  -4.1 1.87e-03    -  1.00e+00 6.25e-02h  5
1157  1.9886061e-04 3.57e-08 7.07e+01  -4.1 5.08e-03    -  1.00e+00 1.56e-02h  7
1158  1.9886444e-04 3.41e-08 7.07e+01  -4.1 5.28e-04    -  1.00e+00 1.25e-01h  4
1159  1.9886549e-04 3.33e-08 7.07e+01  -4.1 1.45e-03    -  1.00e+00 3.12e-02h  6
iter    objective    inf_pr   inf_du lg(mu)  ||d||  lg(rg) alpha_du alpha_pr  ls
1160  1.9886836e-04 2.50e-08 7.07e+01  -4.1 2.11e-04    -  1.00e+00 2.50e-01h  3
1161  1.9886673e-04 2.88e-08 7.07e+01  -4.1 2.65e-02    -  1.00e+00 3.91e-03h  9
1162  1.9886744e-04 2.87e-08 7.07e+01  -4.1 1.75e-03    -  1.00e+00 3.12e-02h  6
1163  1.9886227e-04 3.25e-08 7.08e+01  -4.1 1.12e-03    -  1.00e+00 2.50e-01h  3
1164  1.9886434e-04 3.04e-08 7.08e+01  -4.1 7.15e-04    -  1.00e+00 6.25e-02h  5
1165  1.9885822e-04 3.87e-08 7.08e+01  -4.1 7.48e-02    -  1.00e+00 1.95e-03h 10
1166  1.9886039e-04 3.39e-08 7.06e+01  -4.1 1.24e-03    -  1.00e+00 1.25e-01h  4
1167  1.9886071e-04 3.38e-08 7.06e+01  -4.1 1.73e-03    -  1.00e+00 7.81e-03h  8
1168  1.9886221e-04 3.36e-08 7.08e+01  -4.1 5.89e-03    -  1.00e+00 1.56e-02h  7
1169  1.9886159e-04 3.34e-08 7.08e+01  -4.1 6.64e-03    -  1.00e+00 3.91e-03h  9
iter    objective    inf_pr   inf_du lg(mu)  ||d||  lg(rg) alpha_du alpha_pr  ls
1170  1.9886147e-04 3.34e-08 7.08e+01  -4.1 2.52e-02    -  1.00e+00 2.44e-04h 13
1171  1.9886146e-04 3.34e-08 7.08e+01  -4.1 2.19e-02    -  1.00e+00 1.22e-04h 14
1172  1.9886139e-04 3.34e-08 7.08e+01  -4.1 4.65e-03    -  1.00e+00 1.95e-03h 10
1173  1.9886142e-04 4.55e-08 7.06e+01  -4.1 5.83e-02    -  1.00e+00 7.81e-03h  8
1174  1.9885624e-04 7.62e-08 7.08e+01  -4.1 1.13e-01    -  1.00e+00 3.91e-03h  9
1175  1.9885586e-04 7.92e-08 7.08e+01  -4.1 2.92e-02    -  1.00e+00 7.81e-03h  8
1176  1.9885609e-04 7.91e-08 7.06e+01  -4.1 2.34e-02    -  1.00e+00 1.95e-03h 10
1177  1.9885526e-04 1.21e-07 7.07e+01  -4.1 1.64e-02    -  1.00e+00 3.12e-02h  6
1178  1.9884976e-04 1.55e-07 7.07e+01  -4.1 3.43e-02    -  1.00e+00 1.56e-02h  7
1179  1.9884229e-04 2.76e-07 7.07e+01  -4.1 9.68e-03    -  1.00e+00 1.25e-01h  4
iter    objective    inf_pr   inf_du lg(mu)  ||d||  lg(rg) alpha_du alpha_pr  ls
1180  1.9883320e-04 4.46e-07 7.07e+01  -4.1 1.52e-01    -  1.00e+00 7.81e-03h  8
1181  1.9883308e-04 4.48e-07 7.07e+01  -4.1 3.04e-02    -  1.00e+00 1.56e-02h  7
1182  1.9882382e-04 4.67e-07 7.07e+01  -4.1 1.15e-01    -  1.00e+00 7.81e-03h  8
1183  1.9882362e-04 4.67e-07 7.08e+01  -4.1 2.76e+01    -  1.79e-02 6.10e-10h 28
1184  1.9884800e-04 2.38e-07 7.07e+01  -4.1 3.68e-04    -  1.00e+00 5.00e-01h  2
1185  1.9883635e-04 3.20e-07 7.07e+01  -4.1 1.12e-01    -  1.00e+00 7.81e-03h  8
1186  1.9883545e-04 4.12e-07 7.07e+01  -4.1 4.89e-02    -  1.00e+00 1.56e-02h  7
1187  1.9883578e-04 3.16e-07 7.08e+01  -4.1 1.72e-03    -  1.00e+00 2.50e-01h  3
1188  1.9882012e-04 3.27e-07 7.08e+01  -4.1 3.14e-03    -  1.00e+00 2.50e-01h  3
1189  1.9880804e-04 3.55e-07 7.08e+01  -4.1 2.11e-02    -  1.00e+00 3.12e-02h  6
iter    objective    inf_pr   inf_du lg(mu)  ||d||  lg(rg) alpha_du alpha_pr  ls
1190  1.9880728e-04 5.12e-07 7.06e+01  -4.1 2.70e-02    -  1.00e+00 6.25e-02h  5
1191  1.9877420e-04 1.09e-06 7.08e+01  -4.1 4.04e-02    -  1.00e+00 6.25e-02h  5
1192  1.9877604e-04 9.79e-07 7.08e+01  -4.1 9.12e-03    -  1.00e+00 1.25e-01h  4
1193  1.9868857e-04 9.71e-07 7.06e+01  -4.1 5.66e-01    -  1.00e+00 9.77e-04h 11
1194  1.9872181e-04 9.39e-07 7.09e+01  -4.1 4.69e-03    -  1.00e+00 2.50e-01h  3
1195  1.9874584e-04 7.28e-07 7.10e+01  -4.1 4.69e-03    -  1.00e+00 2.50e-01h  3
1196  1.9882815e-04 1.66e-07 7.02e+01  -4.1 1.54e-03    -  1.00e+00 1.00e+00h  1
1197  1.9877330e-04 4.57e-07 7.02e+01  -4.1 1.37e-02    -  1.00e+00 1.25e-01h  4
1198  1.9876127e-04 4.68e-07 7.02e+01  -4.1 4.64e-02    -  1.00e+00 3.12e-02h  6
1199  1.9873605e-04 5.89e-07 7.12e+01  -4.1 3.27e-02    -  1.00e+00 1.56e-02h  7
iter    objective    inf_pr   inf_du lg(mu)  ||d||  lg(rg) alpha_du alpha_pr  ls
1200  1.9873630e-04 5.81e-07 7.02e+01  -4.1 4.47e-02    -  1.00e+00 7.81e-03h  8
1201  1.9874218e-04 4.90e-07 7.12e+01  -4.1 2.72e-03    -  1.00e+00 2.50e-01h  3
1202  1.9868759e-04 1.83e-06 7.12e+01  -4.1 3.15e-02    -  1.00e+00 6.25e-02h  5
1203  1.9868681e-04 1.80e-06 7.12e+01  -4.1 2.24e-02    -  1.00e+00 1.56e-02h  7
1204  1.9865184e-04 2.06e-06 7.12e+01  -4.1 6.14e-02    -  1.00e+00 6.25e-02h  5
1205  1.9860235e-04 2.50e-06 7.12e+01  -4.1 1.01e-01    -  1.00e+00 3.12e-02h  6
1206  1.9863812e-04 2.44e-06 7.12e+01  -4.1 5.71e-02    -  1.00e+00 3.12e-02h  6
1207  1.9860625e-04 2.38e-06 7.12e+01  -4.1 1.56e-01    -  1.00e+00 7.81e-03h  8
1208  1.9859074e-04 2.38e-06 7.02e+01  -4.1 6.79e+00    -  8.54e-03 1.86e-08h 25
1209  1.9875288e-04 7.50e-07 7.12e+01  -4.1 2.40e-03    -  1.00e+00 1.00e+00h  1
iter    objective    inf_pr   inf_du lg(mu)  ||d||  lg(rg) alpha_du alpha_pr  ls
1210  1.9869867e-04 9.97e-07 7.12e+01  -4.1 1.84e-01    -  1.00e+00 7.81e-03h  8
1211  1.9866815e-04 1.81e-06 7.12e+01  -4.1 3.87e-01    -  1.00e+00 7.81e-03h  8
1212  1.9862447e-04 5.01e-06 7.02e+01  -4.1 1.28e+00    -  1.00e+00 3.91e-03h  9
1213  1.9815300e-04 7.93e-06 7.12e+01  -4.1 2.73e-01    -  1.00e+00 1.56e-02h  7
1214  1.9814874e-04 8.65e-06 7.02e+01  -4.1 7.10e-01    -  1.00e+00 3.91e-03h  9
1215  1.9805029e-04 9.30e-06 7.12e+01  -4.1 1.19e+00    -  1.00e+00 1.95e-03h 10
1216  1.9804885e-04 9.61e-06 7.02e+01  -4.1 4.89e-01    -  1.00e+00 3.91e-03h  9
1217  1.9804704e-04 9.61e-06 7.12e+01  -4.1 1.85e-01    -  1.00e+00 1.03e-08h 23
1218  1.9824618e-04 1.36e-06 7.15e+02  -4.1 7.84e-04    -  1.00e+00 1.00e+00h  1
1219  1.9832865e-04 1.40e-06 3.08e+00  -4.1 3.37e-04    -  1.00e+00 1.00e+00h  1
iter    objective    inf_pr   inf_du lg(mu)  ||d||  lg(rg) alpha_du alpha_pr  ls
1220  1.9869435e-04 1.10e-06 2.96e+00  -4.1 1.19e-03    -  1.00e+00 1.00e+00h  1
1221  1.9879086e-04 6.34e-07 5.41e+00  -4.1 5.50e-04    -  1.00e+00 5.00e-01h  2
1222  1.9882873e-04 4.94e-07 6.35e+00  -4.1 5.25e-04    -  1.00e+00 2.50e-01h  3
1223  1.9885147e-04 4.41e-07 6.05e+00  -4.1 1.11e-03    -  1.00e+00 1.25e-01h  4
1224  9.6878228e-04 6.24e-09 1.08e+00  -4.1 2.87e-03    -  1.00e+00 1.00e+00H  1
1225  2.4268279e-04 6.99e-09 2.90e-01  -4.1 2.34e-03    -  1.00e+00 1.00e+00F  1
1226  1.9905393e-04 3.43e-11 1.41e+02  -4.1 6.80e-04    -  1.00e+00 1.00e+00H  1
1227  1.9904371e-04 3.68e-11 2.89e-01  -4.1 5.31e-02    -  1.00e+00 3.05e-05h 16
1228  1.9903939e-04 1.35e-10 1.49e-01  -4.0 1.82e-05    -  1.00e+00 1.00e+00h  1
1229  1.9903126e-04 1.60e-09 2.22e-02  -4.1 3.88e-05    -  1.00e+00 1.00e+00h  1
iter    objective    inf_pr   inf_du lg(mu)  ||d||  lg(rg) alpha_du alpha_pr  ls
1230  1.9904025e-04 2.49e-12 2.83e-02  -4.1 3.65e-05    -  1.00e+00 1.00e+00H  1
1231  1.9904004e-04 2.48e-12 3.01e-02  -4.1 1.54e-06    -  1.00e+00 1.00e+00h  1
1232  1.9903432e-04 1.40e-10 3.20e-02  -4.1 4.62e-05    -  1.00e+00 1.00e+00h  1
1233r 1.9903432e-04 1.40e-10 8.73e-01  -4.1 0.00e+00    -  0.00e+00 4.77e-07R 22
1234r 2.0214047e-04 1.60e-10 4.52e-06  -4.0 9.53e-07    -  1.00e+00 1.00e+00f  1
1235r 2.0136070e-04 1.20e-10 4.06e-07  -4.1 2.37e-07    -  1.00e+00 1.00e+00f  1
1236r 2.0147343e-04 1.26e-10 6.98e-08  -6.1 7.94e-08    -  1.00e+00 1.00e+00f  1
1237r 1.9906531e-04 1.28e-08 5.20e-04  -4.0 1.30e-04    -  1.00e+00 1.00e+00f  1
1238r 2.0148787e-04 9.16e-09 7.21e-05  -4.1 1.10e-04    -  1.00e+00 1.00e+00f  1
1239r 2.0150560e-04 3.55e-10 2.74e-05  -6.1 1.99e-05    -  1.00e+00 1.00e+00f  1
iter    objective    inf_pr   inf_du lg(mu)  ||d||  lg(rg) alpha_du alpha_pr  ls
1240r 1.9902272e-04 1.76e-12 7.42e-07  -9.0 1.34e-06    -  1.00e+00 1.00e+00f  1
1241  1.9899176e-04 9.97e-12 7.07e+01  -4.1 5.56e-01    -  1.00e+00 7.63e-06f 18
1242  1.9833905e-04 1.70e-04 7.35e+01  -4.1 3.87e-02    -  1.00e+00 5.00e-01h  2
1243  1.9738519e-04 3.86e-05 7.01e+01  -4.1 9.66e-03    -  1.00e+00 1.00e+00h  1
1244  1.9727385e-04 3.70e-05 7.13e+01  -4.1 6.94e-02    -  1.00e+00 3.12e-02h  6
1245  1.9753484e-04 2.15e-05 7.13e+01  -4.1 6.11e-03    -  1.00e+00 5.00e-01h  2
1246  1.9849903e-04 1.34e-05 7.13e+01  -4.1 9.06e-03    -  1.00e+00 5.00e-01h  2
1247  1.9810845e-04 9.47e-06 7.13e+01  -4.1 3.77e-03    -  1.00e+00 1.00e+00h  1
1248  1.9846760e-04 6.20e-06 7.02e+01  -4.1 2.67e-03    -  1.00e+00 1.00e+00h  1
1249  1.9855143e-04 3.10e-06 7.13e+01  -4.1 3.73e-03    -  1.00e+00 5.00e-01h  2
iter    objective    inf_pr   inf_du lg(mu)  ||d||  lg(rg) alpha_du alpha_pr  ls
1250  1.9844297e-04 4.24e-06 7.13e+01  -4.1 2.21e-01    -  1.00e+00 7.81e-03h  8
1251  1.9864662e-04 2.64e-06 7.02e+01  -4.1 2.62e-03    -  1.00e+00 5.00e-01h  2
1252  1.9843379e-04 4.02e-06 7.13e+01  -4.1 4.25e-03    -  1.00e+00 5.00e-01h  2
1253  1.9844415e-04 3.32e-06 7.02e+01  -4.1 2.40e-03    -  1.00e+00 1.00e+00h  1
1254  1.9855453e-04 1.01e-06 7.12e+01  -4.1 1.64e-03    -  1.00e+00 1.00e+00h  1
1255  1.9855287e-04 8.10e-07 7.12e+01  -4.1 1.66e-03    -  1.00e+00 2.50e-01h  3
1256  1.9855287e-04 8.09e-07 7.02e+01  -4.1 9.00e-02    -  1.00e+00 9.77e-04h 11
1257  1.9877178e-04 2.56e-07 7.02e+01  -4.1 1.07e-03    -  1.00e+00 1.00e+00H  1
1258  1.9876416e-04 8.13e-08 7.02e+01  -4.1 1.43e-03    -  1.00e+00 2.50e-01h  3
1259  1.9876345e-04 7.50e-08 7.12e+01  -4.1 1.04e-03    -  1.00e+00 1.25e-01h  4
iter    objective    inf_pr   inf_du lg(mu)  ||d||  lg(rg) alpha_du alpha_pr  ls
1260  1.9877257e-04 7.58e-08 7.02e+01  -4.1 1.21e-03    -  1.00e+00 2.50e-01h  3
1261  1.9875270e-04 7.71e-07 7.02e+01  -4.1 2.55e-01    -  1.00e+00 3.91e-03h  9
1262  1.9864750e-04 4.76e-07 7.02e+01  -4.1 1.47e-03    -  1.00e+00 5.00e-01h  2
1263  1.9865106e-04 4.57e-07 7.02e+01  -4.1 7.25e-03    -  1.00e+00 3.12e-02h  6
1264  1.9863194e-04 4.94e-07 7.02e+01  -4.1 2.77e-02    -  1.00e+00 7.81e-03h  8
1265  1.9875253e-04 3.15e-07 7.12e+01  -4.1 9.17e-04    -  1.00e+00 1.00e+00h  1
1266  1.9874909e-04 3.39e-07 7.12e+01  -4.1 2.11e-02    -  1.00e+00 1.56e-02h  7
1267  1.9874306e-04 3.89e-07 7.12e+01  -4.1 3.29e-03    -  1.00e+00 1.25e-01h  4
1268  1.9873213e-04 3.23e-07 7.12e+01  -4.1 8.31e-04    -  1.00e+00 2.50e-01h  3
1269  1.9874566e-04 2.92e-07 7.02e+01  -4.1 9.69e-04    -  1.00e+00 1.25e-01h  4
iter    objective    inf_pr   inf_du lg(mu)  ||d||  lg(rg) alpha_du alpha_pr  ls
1270  1.9876056e-04 2.24e-07 7.02e+01  -4.1 4.38e-04    -  1.00e+00 2.50e-01h  3
1271  1.9874934e-04 2.21e-07 7.12e+01  -4.1 3.70e-03    -  1.00e+00 3.12e-02h  6
1272  1.9875726e-04 1.97e-07 7.12e+01  -4.1 5.94e-04    -  1.00e+00 1.25e-01h  4
1273  1.9898491e-04 9.58e-08 7.05e+01  -4.1 5.82e-04    -  1.00e+00 1.00e+00H  1
1274  1.9893950e-04 2.88e-08 7.11e+01  -4.1 5.34e-04    -  1.00e+00 1.00e+00H  1
1275  1.9824768e-04 1.14e-05 6.90e+01  -4.1 9.86e-03    -  1.00e+00 5.00e-01h  2
1276  1.9840531e-04 4.26e-06 7.01e+01  -4.1 2.91e-03    -  1.00e+00 1.00e+00h  1
1277  1.9833753e-04 4.57e-06 7.01e+01  -4.1 3.03e-01    -  1.00e+00 7.81e-03h  8
1278  1.9839257e-04 4.99e-06 7.02e+01  -4.1 5.17e-03    -  1.00e+00 5.00e-01h  2
1279  1.9837731e-04 6.21e-06 7.02e+01  -4.1 5.50e-03    -  1.00e+00 5.00e-01h  2
iter    objective    inf_pr   inf_du lg(mu)  ||d||  lg(rg) alpha_du alpha_pr  ls
1280  1.9819301e-04 5.27e-06 7.02e+01  -4.1 1.30e-02    -  1.00e+00 1.25e-01h  4
1281  1.9851755e-04 2.47e-06 7.13e+01  -4.1 1.43e-03    -  1.00e+00 5.00e-01h  2
1282  1.9819801e-04 3.66e-06 7.13e+01  -4.1 2.76e-03    -  1.00e+00 1.00e+00h  1
1283  1.9856477e-04 1.34e-06 7.02e+01  -4.1 1.55e-03    -  1.00e+00 1.00e+00h  1
1284  1.9842927e-04 1.42e-06 7.02e+01  -4.1 8.68e-03    -  1.00e+00 1.25e-01h  4
1285  1.9862239e-04 6.22e-07 7.12e+01  -4.1 8.66e-04    -  1.00e+00 1.00e+00h  1
1286  1.9866597e-04 3.25e-07 7.12e+01  -4.1 5.41e-04    -  1.00e+00 5.00e-01h  2
1287  1.9870239e-04 2.95e-07 7.02e+01  -4.1 1.92e-03    -  1.00e+00 1.25e-01h  4
1288  1.9871774e-04 3.07e-07 7.02e+01  -4.1 1.52e-03    -  1.00e+00 2.50e-01h  3
1289  1.9886371e-04 8.23e-08 7.03e+01  -4.1 1.15e-03    -  1.00e+00 1.00e+00H  1
iter    objective    inf_pr   inf_du lg(mu)  ||d||  lg(rg) alpha_du alpha_pr  ls
1290  1.9884936e-04 4.25e-08 7.03e+01  -4.1 6.80e-04    -  1.00e+00 5.00e-01h  2
1291  1.9883966e-04 4.68e-08 7.11e+01  -4.1 7.02e-03    -  1.00e+00 3.12e-02h  6
1292  1.9883340e-04 4.44e-08 7.10e+01  -4.1 8.36e-04    -  1.00e+00 2.50e-01h  3
1293  1.9882768e-04 4.45e-08 7.10e+01  -4.1 1.09e-03    -  1.00e+00 1.25e-01h  4
1294  1.9882698e-04 4.55e-08 7.10e+01  -4.1 5.02e-03    -  1.00e+00 1.56e-02h  7
1295  1.9892476e-04 1.03e-08 7.05e+01  -4.1 6.09e-04    -  1.00e+00 1.00e+00H  1
1296  1.9880750e-04 9.61e-08 7.07e+01  -4.1 6.55e-04    -  1.00e+00 1.00e+00h  1
1297  1.9879878e-04 8.52e-08 7.07e+01  -4.1 6.83e-03    -  1.00e+00 3.12e-02h  6
1298  1.9877522e-04 8.39e-08 7.07e+01  -4.1 3.96e-02    -  1.00e+00 1.95e-03h 10
1299  1.9877756e-04 8.23e-08 7.07e+01  -4.1 1.86e-03    -  1.00e+00 1.56e-02h  7
iter    objective    inf_pr   inf_du lg(mu)  ||d||  lg(rg) alpha_du alpha_pr  ls
1300  1.9886065e-04 4.40e-08 7.03e+01  -4.1 5.18e-04    -  1.00e+00 1.00e+00h  1
1301  1.9883606e-04 3.18e-08 7.04e+01  -4.1 7.13e-04    -  1.00e+00 5.00e-01h  2
1302  1.9883451e-04 2.39e-08 7.05e+01  -4.1 1.20e-03    -  1.00e+00 1.25e-01h  4
1303  1.9883172e-04 2.54e-08 7.05e+01  -4.1 8.71e-03    -  1.00e+00 1.56e-02h  7
1304  1.9888658e-04 6.79e-09 7.11e+01  -4.1 7.38e-04    -  1.00e+00 1.00e+00H  1
1305  1.9887353e-04 7.30e-09 7.10e+01  -4.1 1.44e-03    -  1.00e+00 6.25e-02h  5
1306  1.9886914e-04 9.66e-09 7.10e+01  -4.1 3.98e-03    -  1.00e+00 3.12e-02h  6
1307  1.9886686e-04 9.86e-09 7.10e+01  -4.1 1.94e-03    -  1.00e+00 3.12e-02h  6
1308  1.9885726e-04 9.30e-09 7.10e+01  -4.1 9.72e-03    -  1.00e+00 7.81e-03h  8
1309  1.9885671e-04 9.29e-09 7.04e+01  -4.1 2.06e-03    -  1.00e+00 3.91e-03h  9
iter    objective    inf_pr   inf_du lg(mu)  ||d||  lg(rg) alpha_du alpha_pr  ls
1310  1.9882856e-04 1.84e-08 7.08e+01  -4.1 6.15e-04    -  1.00e+00 1.00e+00h  1
1311  1.9883095e-04 1.78e-08 7.09e+01  -4.1 7.98e-04    -  1.00e+00 6.25e-02h  5
1312  1.9882881e-04 1.70e-08 7.06e+01  -4.1 7.63e-02    -  1.00e+00 1.95e-03h 10
1313  1.9883308e-04 1.50e-08 7.06e+01  -4.1 2.46e-04    -  1.00e+00 1.25e-01h  4
1314  1.9883292e-04 1.48e-08 7.06e+01  -4.1 1.12e-03    -  1.00e+00 3.12e-02h  6
1315  1.9883289e-04 1.43e-08 7.06e+01  -4.1 1.17e-03    -  1.00e+00 3.12e-02h  6
1316  1.9883268e-04 1.43e-08 7.06e+01  -4.1 7.24e-03    -  1.00e+00 1.95e-03h 10
1317  1.9883269e-04 1.42e-08 7.09e+01  -4.1 5.87e-03    -  1.00e+00 1.95e-03h 10
1318  1.9884704e-04 1.09e-08 7.06e+01  -4.1 3.61e-04    -  1.00e+00 5.00e-01h  2
1319  1.9884737e-04 1.04e-08 7.06e+01  -4.1 3.33e-04    -  1.00e+00 1.25e-01h  4
iter    objective    inf_pr   inf_du lg(mu)  ||d||  lg(rg) alpha_du alpha_pr  ls
1320  1.9884513e-04 1.12e-08 7.06e+01  -4.1 6.84e-03    -  1.00e+00 7.81e-03h  8
1321  1.9884222e-04 9.54e-09 7.06e+01  -4.1 1.33e-03    -  1.00e+00 6.25e-02h  5
1322  1.9884187e-04 9.58e-09 7.06e+01  -4.1 3.40e-03    -  1.00e+00 3.91e-03h  9
1323  1.9884149e-04 9.94e-09 7.08e+01  -4.1 1.19e-03    -  1.00e+00 3.12e-02h  6
1324  1.9884113e-04 9.66e-09 7.08e+01  -4.1 8.20e-04    -  1.00e+00 3.12e-02h  6
1325  1.9883897e-04 3.02e-08 7.06e+01  -4.1 3.36e-03    -  1.00e+00 1.25e-01h  4
1326  1.9883779e-04 3.05e-08 7.08e+01  -4.1 2.17e-02    -  1.00e+00 1.56e-02h  7
1327  1.9883742e-04 3.05e-08 7.08e+01  -4.1 3.13e-02    -  1.00e+00 3.91e-03h  9
1328  1.9883705e-04 5.89e-08 7.06e+01  -4.1 1.20e-02    -  1.00e+00 1.56e-02h  7
1329  1.9883699e-04 4.17e-08 7.08e+01  -4.1 1.15e-03    -  1.00e+00 2.50e-01h  3
iter    objective    inf_pr   inf_du lg(mu)  ||d||  lg(rg) alpha_du alpha_pr  ls
1330  1.9883691e-04 4.27e-08 7.06e+01  -4.1 4.96e-04    -  1.00e+00 2.50e-01h  3
1331  1.9883809e-04 4.82e-08 7.07e+01  -4.1 5.61e-04    -  1.00e+00 5.00e-01h  2
1332  1.9883974e-04 2.31e-08 7.08e+01  -4.1 8.75e-04    -  1.00e+00 5.00e-01h  2
1333  1.9882363e-04 1.78e-07 7.07e+01  -4.1 1.32e-03    -  1.00e+00 1.00e+00h  1
1334  1.9882339e-04 1.68e-07 7.07e+01  -4.1 1.28e-02    -  1.00e+00 1.56e-02h  7
1335  1.9873055e-04 3.79e-07 7.07e+01  -4.1 6.86e-02    -  1.00e+00 3.12e-02h  6
1336  1.9873160e-04 3.79e-07 7.07e+01  -4.1 7.99e-03    -  1.00e+00 7.81e-03h  8
1337  1.9878735e-04 2.28e-07 7.09e+01  -4.1 5.35e-04    -  1.00e+00 5.00e-01h  2
1338  1.9877492e-04 2.11e-07 7.10e+01  -4.1 2.91e-03    -  1.00e+00 1.25e-01h  4
1339  1.9879544e-04 2.03e-07 7.04e+01  -4.1 1.70e-03    -  1.00e+00 2.50e-01h  3
iter    objective    inf_pr   inf_du lg(mu)  ||d||  lg(rg) alpha_du alpha_pr  ls
1340  1.9881810e-04 7.70e-08 7.04e+01  -4.1 5.65e-04    -  1.00e+00 1.00e+00h  1
1341  1.9881603e-04 5.90e-08 7.10e+01  -4.1 1.90e-03    -  1.00e+00 1.25e-01h  4
1342  1.9881573e-04 6.55e-08 7.05e+01  -4.1 1.44e-03    -  1.00e+00 2.50e-01h  3
1343  1.9881609e-04 6.50e-08 7.09e+01  -4.1 3.39e-03    -  1.00e+00 7.81e-03h  8
1344  1.9881555e-04 6.40e-08 7.09e+01  -4.1 2.34e-03    -  1.00e+00 3.12e-02h  6
1345  1.9881471e-04 5.41e-08 7.05e+01  -4.1 1.12e-03    -  1.00e+00 2.50e-01h  3
1346  1.9882096e-04 4.49e-08 7.05e+01  -4.1 3.67e-04    -  1.00e+00 5.00e-01h  2
1347  1.9881945e-04 5.21e-08 7.05e+01  -4.1 3.57e-03    -  1.00e+00 1.25e-01h  4
1348  1.9886001e-04 9.63e-09 7.09e+01  -4.1 1.08e-03    -  1.00e+00 1.00e+00H  1
1349  1.9885042e-04 7.13e-09 7.05e+01  -4.1 1.78e-03    -  1.00e+00 1.25e-01h  4
iter    objective    inf_pr   inf_du lg(mu)  ||d||  lg(rg) alpha_du alpha_pr  ls
1350  1.9884941e-04 1.01e-08 7.08e+01  -4.1 5.22e-03    -  1.00e+00 6.25e-02h  5
1351  1.9882783e-04 3.37e-08 7.09e+01  -4.1 6.54e-03    -  1.00e+00 6.25e-02h  5
1352  1.9881788e-04 5.63e-08 7.08e+01  -4.1 2.08e-03    -  1.00e+00 2.50e-01h  3
1353  1.9888766e-04 2.33e-09 7.10e+01  -4.1 6.57e-04    -  1.00e+00 1.00e+00H  1
1354  1.9888081e-04 8.09e-09 7.04e+01  -4.1 1.37e-01    -  1.00e+00 9.77e-04h 11
1355  1.9887777e-04 7.25e-09 7.10e+01  -4.1 2.80e-03    -  1.00e+00 3.12e-02h  6
1356  1.9887230e-04 7.13e-09 7.04e+01  -4.1 3.79e-03    -  1.00e+00 3.12e-02h  6
1357  1.9886607e-04 7.46e-09 7.10e+01  -4.1 5.34e-02    -  1.00e+00 1.95e-03h 10
1358  1.9884561e-04 1.73e-08 7.04e+01  -4.1 1.08e-03    -  1.00e+00 1.25e-01h  4
1359  1.9878243e-04 6.62e-08 7.08e+01  -4.1 6.25e-04    -  1.00e+00 1.00e+00h  1
iter    objective    inf_pr   inf_du lg(mu)  ||d||  lg(rg) alpha_du alpha_pr  ls
1360  1.9879061e-04 5.70e-08 7.08e+01  -4.1 1.86e-03    -  1.00e+00 1.25e-01h  4
1361  1.9884095e-04 5.23e-08 7.09e+01  -4.1 6.38e-04    -  1.00e+00 1.00e+00h  1
1362  1.9883361e-04 5.95e-08 7.06e+01  -4.1 1.69e-02    -  1.00e+00 3.12e-02h  6
1363  1.9882943e-04 6.35e-08 7.08e+01  -4.1 1.27e-03    -  1.00e+00 2.50e-01h  3
1364  1.9882884e-04 6.34e-08 7.06e+01  -4.1 8.55e-03    -  1.00e+00 7.81e-03h  8
1365  1.9883472e-04 2.33e-08 7.09e+01  -4.1 2.02e-04    -  1.00e+00 1.00e+00h  1
1366  1.9883461e-04 2.28e-08 7.09e+01  -4.1 1.89e-03    -  1.00e+00 1.25e-01h  4
1367  1.9840267e-04 2.63e-06 7.11e+01  -4.1 2.50e-03    -  1.00e+00 1.00e+00h  1
1368  1.9845047e-04 2.58e-06 7.11e+01  -4.1 1.17e-02    -  1.00e+00 3.12e-02h  6
1369  1.9845827e-04 2.53e-06 7.11e+01  -4.1 4.71e-02    -  1.00e+00 1.56e-02h  7
iter    objective    inf_pr   inf_du lg(mu)  ||d||  lg(rg) alpha_du alpha_pr  ls
1370  1.9868492e-04 2.02e-06 7.10e+01  -4.1 1.13e-02    -  1.00e+00 1.25e-01h  4
1371  1.9873319e-04 1.89e-06 7.09e+01  -4.1 3.60e-03    -  1.00e+00 6.25e-02h  5
1372  1.9875337e-04 1.88e-06 7.05e+01  -4.1 1.07e-02    -  1.00e+00 3.91e-03h  9
1373  1.9859610e-04 1.65e-06 7.07e+01  -4.1 3.97e-03    -  1.00e+00 2.50e-01h  3
1374  1.9860043e-04 1.62e-06 7.07e+01  -4.1 1.26e-02    -  1.00e+00 1.56e-02h  7
1375  1.9853170e-04 1.63e-06 7.07e+01  -4.1 3.28e-01    -  1.00e+00 3.91e-03h  9
1376  1.9852054e-04 1.60e-06 7.07e+01  -4.1 1.32e-02    -  1.00e+00 3.12e-02h  6
1377  1.9854799e-04 1.45e-06 7.07e+01  -4.1 2.67e-02    -  1.00e+00 6.25e-02h  5
1378  1.9867249e-04 9.53e-07 7.04e+01  -4.1 2.91e-03    -  1.00e+00 5.00e-01h  2
1379  1.9865458e-04 9.44e-07 7.10e+01  -4.1 4.30e-02    -  1.00e+00 7.81e-03h  8
iter    objective    inf_pr   inf_du lg(mu)  ||d||  lg(rg) alpha_du alpha_pr  ls
1380  1.9871054e-04 7.83e-07 7.10e+01  -4.1 1.79e-03    -  1.00e+00 2.50e-01h  3
1381  1.9867325e-04 7.75e-07 7.04e+01  -4.1 3.34e-02    -  1.00e+00 7.81e-03h  8
1382  1.9862152e-04 7.59e-07 7.11e+01  -4.1 1.58e-02    -  1.00e+00 3.12e-02h  6
1383  1.9862551e-04 6.13e-07 7.11e+01  -4.1 6.81e-03    -  1.00e+00 1.25e-01h  4
1384  1.9863327e-04 6.00e-07 7.11e+01  -4.1 3.58e-02    -  1.00e+00 1.56e-02h  7
1385  1.9873132e-04 3.22e-07 7.11e+01  -4.1 2.22e-03    -  1.00e+00 5.00e-01h  2
1386  1.9872258e-04 2.81e-07 7.12e+01  -4.1 1.63e-03    -  1.00e+00 2.50e-01h  3
1387  1.9870915e-04 4.68e-07 7.03e+01  -4.1 6.04e-03    -  1.00e+00 1.25e-01h  4
1388  1.9870865e-04 4.70e-07 7.03e+01  -4.1 1.97e-02    -  1.00e+00 7.81e-03h  8
1389  1.9870727e-04 4.73e-07 7.12e+01  -4.1 6.80e-02    -  1.00e+00 1.95e-03h 10
iter    objective    inf_pr   inf_du lg(mu)  ||d||  lg(rg) alpha_du alpha_pr  ls
1390  1.9868415e-04 4.57e-07 7.12e+01  -4.1 1.94e-02    -  1.00e+00 3.12e-02h  6
1391  1.9872111e-04 2.50e-07 7.03e+01  -4.1 1.49e-03    -  1.00e+00 5.00e-01h  2
1392  1.9876042e-04 8.10e-08 7.03e+01  -4.1 7.73e-04    -  1.00e+00 1.00e+00h  1
1393  1.9879994e-04 4.60e-08 7.11e+01  -4.1 3.02e-04    -  1.00e+00 1.00e+00h  1
1394  1.9880076e-04 4.70e-08 7.11e+01  -4.1 8.53e-03    -  1.00e+00 1.56e-02h  7
1395  1.9878699e-04 6.76e-08 7.11e+01  -4.1 3.61e-03    -  1.00e+00 1.25e-01h  4
1396  1.9878624e-04 6.71e-08 7.04e+01  -4.1 4.35e-03    -  1.00e+00 7.81e-03h  8
1397  1.9881349e-04 2.28e-08 7.11e+01  -4.1 4.76e-04    -  1.00e+00 1.00e+00h  1
1398  1.9882711e-04 1.14e-08 7.04e+01  -4.1 1.39e-03    -  1.00e+00 5.00e-01h  2
1399  1.9879807e-04 3.64e-08 7.04e+01  -4.1 2.33e-03    -  1.00e+00 1.25e-01h  4
iter    objective    inf_pr   inf_du lg(mu)  ||d||  lg(rg) alpha_du alpha_pr  ls
1400  1.9880094e-04 2.77e-08 7.04e+01  -4.1 6.36e-04    -  1.00e+00 2.50e-01h  3
1401  1.9878410e-04 3.63e-08 7.04e+01  -4.1 1.47e-01    -  1.00e+00 3.91e-03h  9
1402  1.9879395e-04 2.78e-08 7.04e+01  -4.1 4.02e-04    -  1.00e+00 2.50e-01h  3
1403  1.9879332e-04 2.77e-08 7.04e+01  -4.1 1.34e-02    -  1.00e+00 9.77e-04h 11
1404  1.9879621e-04 2.69e-08 7.10e+01  -4.1 6.66e-04    -  1.00e+00 3.12e-02h  6
1405  1.9879712e-04 2.61e-08 7.10e+01  -4.1 5.98e-04    -  1.00e+00 3.12e-02h  6
1406  1.9879458e-04 2.55e-08 7.10e+01  -4.1 6.49e-04    -  1.00e+00 1.25e-01h  4
1407  1.9884274e-04 1.08e-08 7.04e+01  -4.1 1.95e-04    -  1.00e+00 1.00e+00H  1
1408  1.9879953e-04 1.89e-08 7.06e+01  -4.1 3.33e-04    -  1.00e+00 1.00e+00h  1
1409  1.9879233e-04 2.10e-08 7.06e+01  -4.1 5.95e-02    -  1.00e+00 3.91e-03h  9
iter    objective    inf_pr   inf_du lg(mu)  ||d||  lg(rg) alpha_du alpha_pr  ls
1410  1.9879785e-04 1.98e-08 7.08e+01  -4.1 8.85e-04    -  1.00e+00 1.25e-01h  4
1411  1.9879936e-04 1.94e-08 7.06e+01  -4.1 1.72e-03    -  1.00e+00 3.12e-02h  6
1412  1.9884561e-04 1.63e-08 7.10e+01  -4.1 1.47e-04    -  1.00e+00 1.00e+00h  1
1413  1.9884484e-04 1.94e-08 7.10e+01  -4.1 9.87e-02    -  1.00e+00 3.91e-03h  9
1414  1.9883876e-04 1.74e-08 7.09e+01  -4.1 5.87e-04    -  1.00e+00 1.25e-01h  4
1415  1.9883480e-04 1.73e-08 7.09e+01  -4.1 1.59e-02    -  1.00e+00 7.81e-03h  8
1416  1.9883145e-04 1.52e-08 7.09e+01  -4.1 4.43e-04    -  1.00e+00 1.25e-01h  4
1417  1.9882586e-04 1.33e-08 7.09e+01  -4.1 2.16e-03    -  1.00e+00 6.25e-02h  5
1418  1.9882655e-04 1.32e-08 7.05e+01  -4.1 1.25e-02    -  1.00e+00 1.95e-03h 10
1419  1.9882676e-04 1.24e-08 7.05e+01  -4.1 1.78e-03    -  1.00e+00 6.25e-02h  5
iter    objective    inf_pr   inf_du lg(mu)  ||d||  lg(rg) alpha_du alpha_pr  ls
1420  1.9881417e-04 2.65e-07 7.09e+01  -4.1 2.64e-02    -  1.00e+00 3.12e-02h  6
1421  1.9871659e-04 3.40e-07 7.08e+01  -4.1 8.18e-04    -  1.00e+00 1.00e+00h  1
1422  1.9874925e-04 2.76e-07 7.05e+01  -4.1 1.15e-03    -  1.00e+00 2.50e-01h  3
1423  1.9871163e-04 2.65e-07 7.05e+01  -4.1 6.29e-03    -  1.00e+00 1.25e-01h  4
1424  1.9873109e-04 2.15e-07 7.04e+01  -4.1 1.95e-03    -  1.00e+00 2.50e-01h  3
1425  1.9875489e-04 1.93e-07 7.10e+01  -4.1 1.59e-03    -  1.00e+00 1.25e-01h  4
1426  1.9875032e-04 1.90e-07 7.10e+01  -4.1 2.62e-03    -  1.00e+00 3.12e-02h  6
1427  1.9875328e-04 1.71e-07 7.10e+01  -4.1 1.16e-03    -  1.00e+00 1.25e-01h  4
1428  1.9874748e-04 1.71e-07 7.10e+01  -4.1 1.28e-02    -  1.00e+00 3.12e-02h  6
1429  1.9874583e-04 1.57e-07 7.10e+01  -4.1 2.77e-03    -  1.00e+00 6.25e-02h  5
iter    objective    inf_pr   inf_du lg(mu)  ||d||  lg(rg) alpha_du alpha_pr  ls
1430  1.9874251e-04 1.56e-07 7.10e+01  -4.1 4.28e-03    -  1.00e+00 3.12e-02h  6
1431  1.9874116e-04 1.56e-07 7.10e+01  -4.1 8.48e-03    -  1.00e+00 7.81e-03h  8
1432  1.9873949e-04 1.56e-07 7.04e+01  -4.1 1.69e+00    -  5.89e-02 1.76e-08h 26
1433  1.9878070e-04 7.94e-08 7.11e+01  -4.1 3.64e-04    -  1.00e+00 5.00e-01h  2
1434  1.9878144e-04 1.43e-07 7.03e+01  -4.1 3.94e-04    -  1.00e+00 1.00e+00h  1
1435  1.9869774e-04 3.04e-07 7.11e+01  -4.1 1.42e-03    -  1.00e+00 5.00e-01h  2
1436  1.9869306e-04 2.67e-07 7.11e+01  -4.1 1.91e-03    -  1.00e+00 1.25e-01h  4
1437  1.9869701e-04 2.03e-07 7.03e+01  -4.1 1.47e-03    -  1.00e+00 2.50e-01h  3
1438  1.9874202e-04 1.05e-07 7.11e+01  -4.1 1.43e-03    -  1.00e+00 5.00e-01h  2
1439  1.9874128e-04 1.01e-07 7.11e+01  -4.1 5.88e-03    -  1.00e+00 3.12e-02h  6
iter    objective    inf_pr   inf_du lg(mu)  ||d||  lg(rg) alpha_du alpha_pr  ls
1440  1.9874155e-04 9.97e-08 7.11e+01  -4.1 2.72e-03    -  1.00e+00 1.56e-02h  7
1441  1.9874159e-04 9.94e-08 7.11e+01  -4.1 4.68e-03    -  1.00e+00 3.91e-03h  9
1442  1.9873929e-04 9.15e-08 7.11e+01  -4.1 4.79e-03    -  1.00e+00 3.12e-02h  6
1443  1.9873893e-04 9.03e-08 7.11e+01  -4.1 5.15e-03    -  1.00e+00 3.12e-02h  6
1444  1.9873656e-04 9.02e-08 7.11e+01  -4.1 1.82e-02    -  1.00e+00 3.91e-03h  9
1445  1.9873581e-04 9.02e-08 7.03e+01  -4.1 7.65e+00    -  1.30e-02 2.15e-09h 28
1446  1.9873770e-04 8.74e-08 7.03e+01  -4.1 5.39e-04    -  1.00e+00 3.12e-02h  6
1447  1.9873329e-04 8.88e-08 7.03e+01  -4.1 1.12e-02    -  1.00e+00 3.12e-02h  6
1448  1.9876712e-04 5.24e-08 7.03e+01  -4.1 5.10e-04    -  1.00e+00 5.00e-01h  2
1449  1.9876606e-04 5.04e-08 7.11e+01  -4.1 6.86e-03    -  1.00e+00 6.25e-02h  5
iter    objective    inf_pr   inf_du lg(mu)  ||d||  lg(rg) alpha_du alpha_pr  ls
1450  1.9877321e-04 3.66e-08 7.11e+01  -4.1 4.76e-04    -  1.00e+00 2.50e-01h  3
1451  1.9877957e-04 3.04e-08 7.11e+01  -4.1 4.49e-04    -  1.00e+00 2.50e-01h  3
1452  1.9877909e-04 3.04e-08 7.03e+01  -4.1 2.37e-02    -  1.00e+00 1.95e-03h 10
1453  1.9878037e-04 2.85e-08 7.03e+01  -4.1 6.06e-04    -  1.00e+00 6.25e-02h  5
1454  1.9878091e-04 2.67e-08 7.03e+01  -4.1 1.03e-03    -  1.00e+00 6.25e-02h  5
1455  1.9878013e-04 2.70e-08 7.11e+01  -4.1 6.46e-03    -  1.00e+00 1.56e-02h  7
1456  1.9877939e-04 2.70e-08 7.11e+01  -4.1 6.81e-03    -  1.00e+00 1.56e-02h  7
1457  1.9877944e-04 2.69e-08 7.11e+01  -4.1 3.56e-03    -  1.00e+00 3.91e-03h  9
1458  1.9877854e-04 2.59e-08 7.11e+01  -4.1 8.58e-03    -  1.00e+00 1.56e-02h  7
1459  1.9877797e-04 2.58e-08 7.03e+01  -4.1 2.84e-02    -  1.00e+00 1.95e-03h 10
iter    objective    inf_pr   inf_du lg(mu)  ||d||  lg(rg) alpha_du alpha_pr  ls
1460  1.9877773e-04 2.58e-08 7.11e+01  -4.1 3.40e-02    -  1.00e+00 9.77e-04h 11
1461  1.9877752e-04 2.58e-08 7.11e+01  -4.1 2.42e-02    -  1.00e+00 9.77e-04h 11
1462  1.9877750e-04 2.58e-08 7.03e+01  -4.1 1.41e-02    -  1.00e+00 1.49e-08h 27
1463  1.9878160e-04 4.66e-09 7.01e+01  -4.1 1.17e-05    -  1.00e+00 1.00e+00h  1
1464  1.9886588e-04 8.05e-09 7.04e+01  -4.1 1.79e-04    -  1.00e+00 1.00e+00H  1
1465  1.9878874e-04 3.57e-08 7.03e+01  -4.1 1.93e-04    -  1.00e+00 1.00e+00h  1
1466  1.9879530e-04 3.98e-09 7.09e+01  -4.1 6.21e-05    -  1.00e+00 1.00e+00h  1
1467  1.9882066e-04 5.12e-09 7.05e+01  -4.1 7.06e-05    -  1.00e+00 1.00e+00h  1
1468  1.9880422e-04 1.74e-09 7.07e+01  -4.1 4.11e-05    -  1.00e+00 1.00e+00h  1
1469  1.9881944e-04 2.71e-09 7.05e+01  -4.1 8.24e-05    -  1.00e+00 1.00e+00H  1
iter    objective    inf_pr   inf_du lg(mu)  ||d||  lg(rg) alpha_du alpha_pr  ls
1470  1.9881963e-04 2.64e-09 7.05e+01  -4.1 5.81e-03    -  1.00e+00 3.91e-03h  9
1471  1.9881979e-04 2.55e-09 7.05e+01  -4.1 1.78e-03    -  1.00e+00 1.56e-02h  7
1472  1.9884682e-04 2.98e-09 7.09e+01  -4.1 1.72e-04    -  1.00e+00 1.00e+00H  1
1473  1.9884511e-04 2.94e-09 7.09e+01  -4.1 4.35e-03    -  1.00e+00 3.91e-03h  9
1474  1.9884298e-04 3.12e-09 7.09e+01  -4.1 4.34e-02    -  1.00e+00 4.88e-04h 12
1475  1.9884116e-04 3.65e-09 7.09e+01  -4.1 8.44e-04    -  1.00e+00 3.12e-02h  6
1476  1.9884196e-04 3.76e-09 7.06e+01  -4.1 5.10e-02    -  1.00e+00 2.44e-04h 13
1477  1.9884196e-04 3.76e-09 7.06e+01  -4.1 4.07e-03    -  1.00e+00 7.63e-06h 18
1478  1.9884179e-04 3.76e-09 7.06e+01  -4.1 9.18e-04    -  1.00e+00 3.91e-03h  9
1479  1.9884148e-04 3.84e-09 7.06e+01  -4.1 2.70e-02    -  1.00e+00 4.88e-04h 12
iter    objective    inf_pr   inf_du lg(mu)  ||d||  lg(rg) alpha_du alpha_pr  ls
1480  1.9884145e-04 3.84e-09 7.06e+01  -4.1 5.04e-02    -  1.00e+00 3.05e-05h 16
1481  1.9884092e-04 3.88e-09 7.06e+01  -4.1 3.03e-02    -  1.00e+00 2.44e-04h 13
1482  1.9881419e-04 7.94e-08 7.09e+01  -4.1 3.08e-04    -  1.00e+00 1.00e+00h  1
1483  1.9882945e-04 6.26e-08 7.09e+01  -4.1 5.00e-04    -  1.00e+00 5.00e-01h  2
1484  1.9882546e-04 6.72e-08 7.05e+01  -4.1 7.02e-03    -  1.00e+00 3.12e-02h  6
1485  1.9882916e-04 5.89e-08 7.05e+01  -4.1 9.60e-04    -  1.00e+00 1.25e-01h  4
1486  1.9882607e-04 6.66e-08 7.05e+01  -4.1 3.45e-03    -  1.00e+00 3.12e-02h  6
1487  1.9881833e-04 6.58e-08 7.09e+01  -4.1 2.15e-03    -  1.00e+00 6.25e-02h  5
1488  1.9882359e-04 5.76e-08 7.05e+01  -4.1 3.35e-04    -  1.00e+00 1.25e-01h  4
1489  1.9882712e-04 5.41e-08 7.09e+01  -4.1 1.59e-03    -  1.00e+00 6.25e-02h  5
iter    objective    inf_pr   inf_du lg(mu)  ||d||  lg(rg) alpha_du alpha_pr  ls
1490  1.9880700e-04 1.50e-06 7.04e+01  -4.1 5.35e-03    -  1.00e+00 2.50e-01h  3
1491  1.9880273e-04 1.63e-06 7.04e+01  -4.1 7.89e-03    -  1.00e+00 6.25e-02h  5
1492  1.9878348e-04 1.57e-06 7.04e+01  -4.1 1.43e-02    -  1.00e+00 6.25e-02h  5
1493  1.9879834e-04 1.38e-06 7.06e+01  -4.1 1.78e-03    -  1.00e+00 5.00e-01h  2
1494  1.9879562e-04 1.36e-06 7.06e+01  -4.1 1.20e-02    -  1.00e+00 3.12e-02h  6
1495  1.9881394e-04 7.25e-07 7.10e+01  -4.1 1.98e-03    -  1.00e+00 5.00e-01h  2
1496  1.9881191e-04 6.22e-07 7.11e+01  -4.1 2.11e-03    -  1.00e+00 1.25e-01h  4
1497  1.9879570e-04 7.04e-07 7.04e+01  -4.1 3.77e-03    -  1.00e+00 1.25e-01h  4
1498  1.9880206e-04 3.68e-07 7.10e+01  -4.1 5.63e-04    -  1.00e+00 5.00e-01h  2
1499  1.9879975e-04 8.83e-08 7.06e+01  -4.1 3.22e-04    -  1.00e+00 1.00e+00h  1
iter    objective    inf_pr   inf_du lg(mu)  ||d||  lg(rg) alpha_du alpha_pr  ls
1500  1.9879685e-04 1.31e-07 7.05e+01  -4.1 1.15e-02    -  1.00e+00 3.12e-02h  6
1501  1.9879653e-04 1.56e-07 7.09e+01  -4.1 1.83e-03    -  1.00e+00 1.25e-01h  4
1502  1.9879780e-04 1.48e-07 7.05e+01  -4.1 1.72e-03    -  1.00e+00 6.25e-02h  5
1503  1.9877613e-04 5.07e-07 7.05e+01  -4.1 2.96e-03    -  1.00e+00 2.50e-01h  3
1504  1.9878562e-04 3.88e-07 7.05e+01  -4.1 3.91e-04    -  1.00e+00 2.50e-01h  3
1505  1.9878870e-04 3.67e-07 7.09e+01  -4.1 6.95e-03    -  1.00e+00 6.25e-02h  5
1506  1.9878221e-04 3.56e-07 7.08e+01  -4.1 1.32e-03    -  1.00e+00 5.00e-01h  2
1507  1.9879350e-04 3.03e-07 7.09e+01  -4.1 8.98e-04    -  1.00e+00 2.50e-01h  3
1508  1.9881979e-04 5.52e-08 7.09e+01  -4.1 2.48e-04    -  1.00e+00 1.00e+00h  1
1509  1.9881938e-04 5.30e-08 7.05e+01  -4.1 1.51e-02    -  1.00e+00 3.91e-03h  9
iter    objective    inf_pr   inf_du lg(mu)  ||d||  lg(rg) alpha_du alpha_pr  ls
1510  1.9877524e-04 7.53e-08 7.08e+01  -4.1 5.50e-04    -  1.00e+00 1.00e+00h  1
1511  1.9879535e-04 6.59e-08 7.07e+01  -4.1 8.10e-04    -  1.00e+00 2.50e-01h  3
1512  1.9880300e-04 5.64e-08 7.07e+01  -4.1 6.16e-04    -  1.00e+00 5.00e-01h  2
1513  1.9880273e-04 5.64e-08 7.08e+01  -4.1 6.99e-03    -  1.00e+00 1.56e-02h  7
1514  1.9879862e-04 5.80e-08 7.07e+01  -4.1 4.62e-03    -  1.00e+00 3.12e-02h  6
1515  1.9883511e-04 1.25e-08 7.06e+01  -4.1 1.73e-04    -  1.00e+00 1.00e+00h  1
1516  1.9883498e-04 1.14e-08 7.06e+01  -4.1 2.72e-03    -  1.00e+00 6.25e-02h  5
1517  1.9874781e-04 2.30e-06 7.03e+01  -4.1 4.07e-03    -  1.00e+00 5.00e-01h  2
1518  1.9873088e-04 1.72e-06 7.05e+01  -4.1 1.93e-03    -  1.00e+00 5.00e-01h  2
1519  1.9867828e-04 1.84e-06 7.09e+01  -4.1 1.63e-02    -  1.00e+00 3.12e-02h  6
iter    objective    inf_pr   inf_du lg(mu)  ||d||  lg(rg) alpha_du alpha_pr  ls
1520  1.9872480e-04 1.35e-06 7.07e+01  -4.1 1.42e-03    -  1.00e+00 2.50e-01h  3
1521  1.9875094e-04 1.05e-06 7.08e+01  -4.1 7.01e-04    -  1.00e+00 2.50e-01h  3
1522  1.9875219e-04 1.07e-06 7.06e+01  -4.1 3.83e-03    -  1.00e+00 1.25e-01h  4
1523  1.9874406e-04 8.32e-07 7.09e+01  -4.1 1.89e-03    -  1.00e+00 2.50e-01h  3
1524  1.9877426e-04 6.71e-07 7.05e+01  -4.1 1.03e-03    -  1.00e+00 5.00e-01h  2
1525  1.9876837e-04 6.71e-07 7.05e+01  -4.1 1.05e-02    -  1.00e+00 6.25e-02h  5
1526  1.9877053e-04 5.19e-07 7.04e+01  -4.1 5.79e-04    -  1.00e+00 2.50e-01h  3
1527  1.9877238e-04 4.55e-07 7.04e+01  -4.1 3.07e-04    -  1.00e+00 1.25e-01h  4
1528  1.9877409e-04 4.30e-07 7.10e+01  -4.1 1.26e-03    -  1.00e+00 6.25e-02h  5
1529  1.9877356e-04 4.38e-07 7.10e+01  -4.1 2.82e-02    -  1.00e+00 3.91e-03h  9
iter    objective    inf_pr   inf_du lg(mu)  ||d||  lg(rg) alpha_du alpha_pr  ls
1530  1.9881476e-04 3.23e-08 7.10e+01  -4.1 3.23e-04    -  1.00e+00 1.00e+00h  1
1531  1.9881240e-04 2.70e-08 7.10e+01  -4.1 1.50e-03    -  1.00e+00 1.25e-01h  4
1532  1.9874097e-04 2.79e-07 7.07e+01  -4.1 8.49e-04    -  1.00e+00 1.00e+00h  1
1533  1.9875249e-04 8.78e-08 7.05e+01  -4.1 6.78e-04    -  1.00e+00 1.00e+00h  1
1534  1.9878334e-04 4.04e-08 7.05e+01  -4.1 3.77e-04    -  1.00e+00 5.00e-01h  2
1535  1.9878291e-04 4.04e-08 7.10e+01  -4.1 1.14e+00    -  8.74e-01 1.67e-06h 20
1536  1.9880475e-04 3.12e-08 7.04e+01  -4.1 2.03e-04    -  1.00e+00 1.00e+00h  1
1537  1.9879612e-04 2.27e-08 7.06e+01  -4.1 2.14e-04    -  1.00e+00 1.00e+00h  1
1538  1.9880266e-04 2.25e-08 7.09e+01  -4.1 1.17e-03    -  1.00e+00 1.25e-01h  4
1539  1.9881165e-04 2.03e-08 7.09e+01  -4.1 1.29e-03    -  1.00e+00 2.50e-01h  3
iter    objective    inf_pr   inf_du lg(mu)  ||d||  lg(rg) alpha_du alpha_pr  ls
1540  1.9879467e-04 2.68e-08 7.09e+01  -4.1 4.79e-02    -  1.00e+00 3.91e-03h  9
1541  1.9880320e-04 1.94e-08 7.05e+01  -4.1 3.87e-04    -  1.00e+00 2.50e-01h  3
1542  1.9880524e-04 2.01e-08 7.05e+01  -4.1 1.45e-03    -  1.00e+00 6.25e-02h  5
1543  1.9880522e-04 2.08e-08 7.05e+01  -4.1 7.34e-03    -  1.00e+00 7.81e-03h  8
1544  1.9880058e-04 2.26e-08 7.05e+01  -4.1 2.65e-03    -  1.00e+00 3.12e-02h  6
1545  1.9882335e-04 1.97e-08 7.09e+01  -4.1 5.65e-04    -  1.00e+00 5.00e-01h  2
1546  1.9882024e-04 2.03e-08 7.09e+01  -4.1 2.96e-03    -  1.00e+00 1.56e-02h  7
1547  1.9881730e-04 1.24e-08 7.05e+01  -4.1 1.16e-03    -  1.00e+00 5.00e-01h  2
1548  1.9878359e-04 1.87e-08 7.09e+01  -4.1 3.76e-04    -  1.00e+00 1.00e+00h  1
1549  1.9878633e-04 1.84e-08 7.05e+01  -4.1 3.47e-03    -  1.00e+00 1.56e-02h  7
iter    objective    inf_pr   inf_du lg(mu)  ||d||  lg(rg) alpha_du alpha_pr  ls
1550  1.9882723e-04 1.39e-08 7.10e+01  -4.1 1.06e-04    -  1.00e+00 1.00e+00h  1
1551  1.9882524e-04 1.38e-08 7.10e+01  -4.1 1.25e-01    -  1.00e+00 4.88e-04h 12
1552  1.9882324e-04 1.30e-08 7.10e+01  -4.1 4.30e-04    -  1.00e+00 6.25e-02h  5
1553  1.9882275e-04 1.30e-08 7.10e+01  -4.1 5.91e-02    -  1.00e+00 2.44e-04h 13
1554  1.9882193e-04 1.26e-08 7.10e+01  -4.1 5.98e-03    -  1.00e+00 7.81e-03h  8
1555  1.9881582e-04 1.11e-08 7.09e+01  -4.1 3.63e-04    -  1.00e+00 1.25e-01h  4
1556  1.9881582e-04 1.11e-08 7.05e+01  -4.1 4.09e-03    -  1.00e+00 1.22e-04h 14
1557  1.9881579e-04 1.10e-08 7.05e+01  -4.1 1.26e-03    -  1.00e+00 1.56e-02h  7
1558  1.9876076e-04 5.00e-08 7.06e+01  -4.1 2.28e-04    -  1.00e+00 1.00e+00h  1
1559  1.9878697e-04 5.52e-08 7.07e+01  -4.1 8.14e-04    -  1.00e+00 2.50e-01h  3
iter    objective    inf_pr   inf_du lg(mu)  ||d||  lg(rg) alpha_du alpha_pr  ls
1560  1.9878853e-04 5.41e-08 7.07e+01  -4.1 9.08e-04    -  1.00e+00 6.25e-02h  5
1561  1.9877821e-04 4.74e-08 7.08e+01  -4.1 7.27e-04    -  1.00e+00 2.50e-01h  3
1562  1.9880994e-04 2.64e-08 7.09e+01  -4.1 7.65e-04    -  1.00e+00 5.00e-01h  2
1563  1.9880990e-04 2.64e-08 7.05e+01  -4.1 1.23e-01    -  1.00e+00 1.91e-06h 20
1564  1.9881932e-04 3.51e-09 7.08e+01  -4.1 2.35e-04    -  1.00e+00 1.00e+00H  1
1565  1.9881493e-04 1.71e-08 7.08e+01  -4.1 1.30e-03    -  1.00e+00 1.25e-01h  4
1566  1.9881546e-04 1.65e-08 7.08e+01  -4.1 1.20e-03    -  1.00e+00 3.12e-02h  6
1567  1.9880245e-04 4.16e-08 7.07e+01  -4.1 2.52e-03    -  1.00e+00 6.25e-02h  5
1568  1.9881127e-04 3.18e-08 7.07e+01  -4.1 1.90e-04    -  1.00e+00 2.50e-01h  3
1569  1.9881310e-04 3.07e-08 7.07e+01  -4.1 6.53e-04    -  1.00e+00 1.25e-01h  4
iter    objective    inf_pr   inf_du lg(mu)  ||d||  lg(rg) alpha_du alpha_pr  ls
1570  1.9881312e-04 3.07e-08 7.08e+01  -4.1 2.54e-03    -  1.00e+00 1.95e-03h 10
1571  1.9881391e-04 3.00e-08 7.08e+01  -4.1 1.42e-03    -  1.00e+00 3.12e-02h  6
1572  1.9885272e-04 4.47e-09 7.06e+01  -4.1 3.32e-04    -  1.00e+00 1.00e+00H  1
1573  1.9885236e-04 4.47e-09 7.06e+01  -4.1 1.81e-02    -  1.00e+00 9.77e-04h 11
1574  1.9885221e-04 4.52e-09 7.06e+01  -4.1 6.59e-03    -  1.00e+00 9.77e-04h 11
1575  1.9885187e-04 4.52e-09 7.06e+01  -4.1 7.25e-02    -  1.00e+00 3.05e-05h 16
1576  1.9884697e-04 4.13e-09 7.06e+01  -4.1 4.20e-04    -  1.00e+00 6.25e-02h  5
1577  1.9884695e-04 4.13e-09 7.08e+01  -4.1 3.76e-03    -  1.00e+00 2.38e-07h 23
1578  1.9882517e-04 7.82e-09 7.06e+01  -4.1 1.07e-04    -  1.00e+00 1.00e+00h  1
1579  1.9882610e-04 7.92e-09 7.06e+01  -4.1 7.19e-04    -  1.00e+00 6.25e-02h  5
iter    objective    inf_pr   inf_du lg(mu)  ||d||  lg(rg) alpha_du alpha_pr  ls
1580  1.9882637e-04 7.89e-09 7.06e+01  -4.1 7.51e-04    -  1.00e+00 7.81e-03h  8
1581  1.9882662e-04 7.87e-09 7.06e+01  -4.1 6.92e-04    -  1.00e+00 7.81e-03h  8
1582  1.9882708e-04 7.86e-09 7.06e+01  -4.1 6.30e-04    -  1.00e+00 1.56e-02h  7
1583  1.9884268e-04 7.86e-09 7.08e+01  -4.1 5.59e-03    -  1.00e+00 7.63e-06h 18
1584  1.9883570e-04 2.09e-10 7.09e+01  -4.1 3.12e-06    -  1.00e+00 1.00e+00h  1
1585  2.0073364e-04 2.08e-10 7.06e+01  -4.1 5.90e-03    -  1.00e+00 9.77e-04h 11
1586  1.9977896e-04 1.00e-10 7.06e+01  -4.1 6.09e-06    -  1.00e+00 1.00e+00h  1
1587  1.9886493e-04 9.87e-11 7.08e+01  -4.1 8.27e-03    -  1.00e+00 4.88e-04h 12
1588  1.9928744e-04 2.43e-11 7.06e+01  -4.1 6.22e-07    -  1.00e+00 1.00e+00h  1
1589  1.9904094e-04 3.97e-11 7.05e+01  -4.1 3.15e-07    -  1.00e+00 1.00e+00h  1
iter    objective    inf_pr   inf_du lg(mu)  ||d||  lg(rg) alpha_du alpha_pr  ls
1590  1.9886511e-04 5.12e-11 7.09e+01  -4.1 5.98e-03    -  1.00e+00 1.22e-04h 14
1591  1.9892270e-04 3.11e-10 7.05e+01  -4.1 1.93e-05    -  1.00e+00 1.00e+00h  1
1592  1.9890227e-04 6.51e-10 7.05e+01  -4.1 8.80e-05    -  1.00e+00 2.50e-01h  3
1593  1.9884295e-04 6.53e-10 7.05e+01  -4.1 1.15e-02    -  1.00e+00 3.05e-05h 16
1594  1.9882965e-04 6.53e-10 7.09e+01  -4.1 1.80e-02    -  1.00e+00 7.63e-06h 18
1595  1.9882686e-04 1.98e-09 7.05e+01  -4.1 5.76e-05    -  1.00e+00 1.00e+00h  1
1596  1.9882837e-04 1.60e-09 7.04e+01  -4.1 8.53e-05    -  1.00e+00 2.50e-01h  3
1597  1.9882921e-04 1.98e-09 7.05e+01  -4.1 8.12e-04    -  1.00e+00 3.12e-02h  6
1598  1.9882781e-04 2.77e-09 7.10e+01  -4.1 7.97e-02    -  1.00e+00 4.88e-04h 12
1599  1.9882914e-04 1.95e-09 7.10e+01  -4.1 4.70e-05    -  1.00e+00 1.00e+00h  1
iter    objective    inf_pr   inf_du lg(mu)  ||d||  lg(rg) alpha_du alpha_pr  ls
1600  1.9882911e-04 1.95e-09 7.04e+01  -4.1 1.12e-03    -  1.00e+00 1.95e-03h 10
1601  1.9882872e-04 2.16e-09 7.04e+01  -4.1 1.16e-02    -  1.00e+00 1.95e-03h 10
1602  1.9882859e-04 2.23e-09 7.04e+01  -4.1 2.70e-02    -  1.00e+00 4.88e-04h 12
1603  1.9882470e-04 3.23e-08 7.10e+01  -4.1 1.34e-02    -  1.00e+00 1.56e-02h  7
1604  1.9882519e-04 3.19e-08 7.10e+01  -4.1 5.30e-04    -  1.00e+00 1.56e-02h  7
1605  1.9882521e-04 3.18e-08 7.10e+01  -4.1 9.07e-04    -  1.00e+00 4.88e-04h 12
1606  1.9882425e-04 5.15e-07 7.04e+01  -4.1 5.65e-03    -  1.00e+00 1.25e-01h  4
1607  1.9882080e-04 5.52e-07 7.03e+01  -4.1 3.03e-03    -  1.00e+00 1.25e-01h  4
1608  1.9882035e-04 5.44e-07 7.04e+01  -4.1 3.70e-03    -  1.00e+00 3.12e-02h  6
1609  1.9882419e-04 5.11e-07 7.04e+01  -4.1 7.55e-04    -  1.00e+00 6.25e-02h  5
iter    objective    inf_pr   inf_du lg(mu)  ||d||  lg(rg) alpha_du alpha_pr  ls
1610  1.9882301e-04 5.11e-07 7.10e+01  -4.1 3.78e-02    -  1.00e+00 4.88e-04h 12
1611  1.9883349e-04 1.94e-08 7.04e+01  -4.1 1.52e-04    -  1.00e+00 1.00e+00h  1
1612  1.9882272e-04 1.96e-07 7.03e+01  -4.1 9.26e-04    -  1.00e+00 5.00e-01h  2
1613  1.9882362e-04 1.95e-07 7.03e+01  -4.1 4.20e-03    -  1.00e+00 1.56e-02h  7
1614  1.9880690e-04 6.18e-07 7.04e+01  -4.1 9.85e-02    -  1.00e+00 7.81e-03h  8
1615  1.9881961e-04 4.74e-07 7.04e+01  -4.1 9.49e-04    -  1.00e+00 2.50e-01h  3
1616  1.9882054e-04 4.45e-07 7.04e+01  -4.1 5.06e-04    -  1.00e+00 6.25e-02h  5
1617  1.9882023e-04 4.43e-07 7.04e+01  -4.1 3.96e-03    -  1.00e+00 3.91e-03h  9
1618  1.9882012e-04 4.43e-07 7.10e+01  -4.1 1.38e-02    -  1.00e+00 1.19e-07h 24
1619  1.9882047e-04 4.36e-07 7.10e+01  -4.1 3.00e-04    -  1.00e+00 1.56e-02h  7
iter    objective    inf_pr   inf_du lg(mu)  ||d||  lg(rg) alpha_du alpha_pr  ls
1620  1.9882056e-04 4.34e-07 7.10e+01  -4.1 2.57e-04    -  1.00e+00 3.91e-03h  9
1621  1.9881163e-04 4.59e-07 7.04e+01  -4.1 1.98e-02    -  1.00e+00 1.56e-02h  7
1622  1.9881630e-04 4.34e-07 7.04e+01  -4.1 1.19e-03    -  1.00e+00 6.25e-02h  5
1623  1.9882898e-04 8.92e-09 7.04e+01  -4.1 1.56e-04    -  1.00e+00 1.00e+00h  1
1624  1.9882327e-04 1.99e-08 7.10e+01  -4.1 1.75e-04    -  1.00e+00 1.00e+00h  1
1625  1.9882338e-04 1.97e-08 7.04e+01  -4.1 1.55e-03    -  1.00e+00 7.81e-03h  8
1626  1.9882712e-04 1.90e-08 7.04e+01  -4.1 1.19e-03    -  1.00e+00 6.25e-02h  5
1627  1.9883452e-04 7.95e-09 7.01e+01  -4.1 6.64e-04    -  1.00e+00 1.00e+00H  1
1628  1.9883264e-04 8.35e-09 7.01e+01  -4.1 3.37e-04    -  1.00e+00 2.50e-01h  3
1629  1.9883280e-04 8.31e-09 7.01e+01  -4.1 4.36e-03    -  1.00e+00 1.95e-03h 10
iter    objective    inf_pr   inf_du lg(mu)  ||d||  lg(rg) alpha_du alpha_pr  ls
1630  1.9883140e-04 8.58e-09 7.01e+01  -4.1 4.89e-02    -  1.00e+00 9.77e-04h 11
1631  1.9882691e-04 1.80e-08 7.01e+01  -4.1 4.41e-03    -  1.00e+00 3.12e-02h  6
1632  1.9882658e-04 1.80e-08 7.13e+01  -4.1 1.19e-01    -  1.00e+00 2.38e-07h 23
1633  1.9882874e-04 1.17e-08 7.01e+01  -4.1 1.24e-04    -  1.00e+00 1.00e+00h  1
1634  1.9882687e-04 1.39e-08 7.01e+01  -4.1 7.31e-03    -  1.00e+00 7.81e-03h  8
1635  1.9882730e-04 1.37e-08 7.01e+01  -4.1 3.72e-03    -  1.00e+00 3.91e-03h  9
1636  1.9882618e-04 1.58e-08 7.01e+01  -4.1 1.50e-03    -  1.00e+00 3.12e-02h  6
1637  1.9882659e-04 1.56e-08 7.01e+01  -4.1 5.78e-04    -  1.00e+00 3.12e-02h  6
1638  1.9882840e-04 1.53e-08 7.14e+01  -4.1 4.58e-04    -  1.00e+00 6.25e-02h  5
1639  1.9882858e-04 1.53e-08 7.14e+01  -4.1 1.33e-03    -  1.00e+00 3.91e-03h  9
iter    objective    inf_pr   inf_du lg(mu)  ||d||  lg(rg) alpha_du alpha_pr  ls
1640  1.9882866e-04 1.52e-08 7.14e+01  -4.1 3.61e-03    -  1.00e+00 1.95e-03h 10
1641  1.9882830e-04 1.54e-08 7.14e+01  -4.1 5.67e-03    -  1.00e+00 7.81e-03h  8
1642  1.9882835e-04 1.54e-08 7.14e+01  -4.1 4.93e-03    -  1.00e+00 9.77e-04h 11
1643  1.9882834e-04 1.54e-08 7.14e+01  -4.1 6.42e-03    -  1.00e+00 4.88e-04h 12
1644  1.9882825e-04 1.56e-08 7.01e+01  -4.1 3.83e-03    -  1.00e+00 3.91e-03h  9
1645  1.9882829e-04 1.56e-08 7.14e+01  -4.1 7.48e-04    -  1.00e+00 1.95e-03h 10
1646  1.9882829e-04 1.56e-08 7.01e+01  -4.1 2.54e-03    -  1.00e+00 9.77e-04h 11
1647  1.9882829e-04 1.56e-08 7.14e+01  -4.1 3.10e-03    -  1.00e+00 7.45e-09h 28
1648  1.9882756e-04 2.28e-09 7.05e+01  -4.1 2.07e-06    -  1.00e+00 1.00e+00h  1
1649  1.9885445e-04 5.66e-09 7.03e+01  -4.1 1.50e-04    -  1.00e+00 5.00e-01h  2
iter    objective    inf_pr   inf_du lg(mu)  ||d||  lg(rg) alpha_du alpha_pr  ls
1650  1.9882006e-04 9.23e-09 7.02e+01  -4.1 9.73e-05    -  1.00e+00 1.00e+00h  1
1651  1.9882815e-04 5.25e-10 7.01e+01  -4.1 2.21e-05    -  1.00e+00 1.00e+00h  1
1652  1.9882829e-04 2.57e-11 7.01e+01  -4.1 9.82e-07    -  1.00e+00 1.00e+00h  1
1653  1.9883097e-04 2.46e-11 7.13e+01  -4.1 2.31e-05    -  1.00e+00 1.00e+00H  1
1654  1.9882901e-04 5.99e-11 7.13e+01  -4.1 1.38e-05    -  1.00e+00 1.00e+00h  1
1655  1.9882913e-04 6.37e-11 7.01e+01  -4.1 8.37e-03    -  1.00e+00 4.88e-04h 12
1656  1.9882027e-04 3.46e-09 7.00e+01  -4.1 7.09e-05    -  1.00e+00 1.00e+00h  1
1657  1.9882462e-04 3.57e-09 7.14e+01  -4.1 3.11e-03    -  1.00e+00 1.56e-02h  7
1658  1.9882690e-04 2.85e-09 7.14e+01  -4.1 7.56e-05    -  1.00e+00 5.00e-01h  2
1659  1.9882775e-04 1.86e-09 7.14e+01  -4.1 5.45e-05    -  1.00e+00 5.00e-01h  2
iter    objective    inf_pr   inf_du lg(mu)  ||d||  lg(rg) alpha_du alpha_pr  ls
1660  1.9882786e-04 1.85e-09 7.14e+01  -4.1 4.28e-03    -  1.00e+00 9.77e-04h 11
1661  1.9882782e-04 1.83e-09 7.01e+01  -4.1 1.02e-01  -4.0 1.00e+00 6.10e-05h 15
1662  1.9881403e-04 5.60e-08 7.14e+01  -4.1 1.32e-03    -  1.00e+00 2.50e-01h  3
1663  1.9881877e-04 5.71e-08 7.14e+01  -4.1 2.74e-03    -  1.00e+00 3.12e-02h  6
1664  1.9881984e-04 5.67e-08 7.14e+01  -4.1 2.24e-03    -  1.00e+00 7.81e-03h  8
1665  1.9879393e-04 2.05e-07 7.13e+01  -4.1 8.85e-03    -  1.00e+00 6.25e-02h  5
1666  1.9880146e-04 1.94e-07 7.12e+01  -4.1 1.60e-03    -  1.00e+00 1.25e-01h  4
1667  1.9880771e-04 1.70e-07 7.12e+01  -4.1 3.15e-04    -  1.00e+00 1.25e-01h  4
1668  1.9880422e-04 1.70e-07 7.03e+01  -4.1 3.09e-01    -  1.00e+00 3.05e-05h 16
1669  1.9880500e-04 1.70e-07 7.03e+01  -4.1 5.11e-03    -  1.00e+00 7.81e-03h  8
iter    objective    inf_pr   inf_du lg(mu)  ||d||  lg(rg) alpha_du alpha_pr  ls
1670  1.9879835e-04 1.96e-07 7.03e+01  -4.1 4.22e-03    -  1.00e+00 6.25e-02h  5
1671  1.9880069e-04 1.81e-07 7.10e+01  -4.1 1.13e-03    -  1.00e+00 6.25e-02h  5
1672  1.9881066e-04 1.64e-07 7.04e+01  -4.1 9.63e-04    -  1.00e+00 1.25e-01h  4
1673  1.9880501e-04 1.46e-07 7.04e+01  -4.1 9.30e-04    -  1.00e+00 2.50e-01h  3
1674  1.9880768e-04 1.42e-07 7.04e+01  -4.1 2.39e-03    -  1.00e+00 3.12e-02h  6
1675  1.9880898e-04 1.39e-07 7.04e+01  -4.1 3.38e-03    -  1.00e+00 1.56e-02h  7
1676  1.9881312e-04 1.34e-07 7.10e+01  -4.1 1.24e-03    -  1.00e+00 6.25e-02h  5
1677  1.9881371e-04 1.33e-07 7.10e+01  -4.1 1.16e-03    -  1.00e+00 7.81e-03h  8
1678  1.9881389e-04 1.33e-07 7.10e+01  -4.1 2.97e-03    -  1.00e+00 3.91e-03h  9
1679  1.9881396e-04 1.32e-07 7.10e+01  -4.1 5.03e-04    -  1.00e+00 3.91e-03h  9
iter    objective    inf_pr   inf_du lg(mu)  ||d||  lg(rg) alpha_du alpha_pr  ls
1680  1.9881398e-04 1.32e-07 7.10e+01  -4.1 6.67e-03    -  1.00e+00 3.91e-03h  9
1681  1.9881402e-04 1.32e-07 7.10e+01  -4.1 2.33e-03    -  1.00e+00 9.77e-04h 11
1682  1.9881229e-04 1.34e-07 7.10e+01  -4.1 1.37e-02    -  1.00e+00 7.81e-03h  8
1683  1.9881110e-04 1.34e-07 7.04e+01  -4.1 2.85e-01    -  1.00e+00 9.54e-07h 21
1684  1.9881290e-04 1.32e-07 7.04e+01  -4.1 1.25e-03    -  1.00e+00 3.12e-02h  6
1685  1.9881229e-04 1.36e-07 7.04e+01  -4.1 1.14e-02    -  1.00e+00 7.81e-03h  8
1686  1.9881274e-04 1.35e-07 7.04e+01  -4.1 3.51e-03    -  1.00e+00 7.81e-03h  8
1687  1.9881378e-04 1.27e-07 7.10e+01  -4.1 4.91e-04    -  1.00e+00 6.25e-02h  5
1688  1.9881389e-04 1.27e-07 7.10e+01  -4.1 2.20e-03    -  1.00e+00 1.95e-03h 10
1689  1.9881396e-04 1.26e-07 7.05e+01  -4.1 1.78e-03    -  1.00e+00 3.91e-03h  9
iter    objective    inf_pr   inf_du lg(mu)  ||d||  lg(rg) alpha_du alpha_pr  ls
1690  1.9881396e-04 1.26e-07 7.05e+01  -4.1 2.85e-04    -  1.00e+00 6.10e-05h 15
1691  1.9884925e-04 4.80e-08 7.10e+01  -4.1 3.05e-04    -  1.00e+00 1.00e+00h  1
1692  1.9884591e-04 1.08e-07 7.10e+01  -4.1 1.11e-02    -  1.00e+00 3.12e-02h  6
1693  1.9883828e-04 1.49e-07 7.09e+01  -4.1 3.90e-03    -  1.00e+00 6.25e-02h  5
1694  1.9884025e-04 1.31e-07 7.05e+01  -4.1 8.21e-04    -  1.00e+00 1.25e-01h  4
1695  1.9883657e-04 1.48e-07 7.05e+01  -4.1 2.98e-03    -  1.00e+00 6.25e-02h  5
1696  1.9882498e-04 1.97e-07 7.09e+01  -4.1 7.08e-03    -  1.00e+00 3.12e-02h  6
1697  1.9882588e-04 2.60e-08 7.04e+01  -4.1 4.77e-04    -  1.00e+00 1.00e+00H  1
1698  1.9884541e-04 2.88e-08 7.05e+01  -4.1 3.52e-04    -  1.00e+00 5.00e-01h  2
1699  1.9884235e-04 3.07e-08 7.05e+01  -4.1 5.31e-03    -  1.00e+00 1.56e-02h  7
iter    objective    inf_pr   inf_du lg(mu)  ||d||  lg(rg) alpha_du alpha_pr  ls
1700  1.9883684e-04 3.10e-08 7.05e+01  -4.1 1.24e-02    -  1.00e+00 7.81e-03h  8
1701  1.9883081e-04 3.50e-08 7.05e+01  -4.1 2.05e-02    -  1.00e+00 3.91e-03h  9
1702  1.9883051e-04 3.25e-08 7.05e+01  -4.1 1.60e-03    -  1.00e+00 6.25e-02h  5
1703  1.9883042e-04 3.22e-08 7.09e+01  -4.1 7.21e-02    -  1.00e+00 2.44e-04h 13
1704  1.9882863e-04 2.95e-08 7.09e+01  -4.1 7.70e-03    -  1.00e+00 7.81e-03h  8
1705  1.9882123e-04 3.99e-08 7.09e+01  -4.1 1.27e-02    -  1.00e+00 1.56e-02h  7
1706  1.9882143e-04 3.98e-08 7.09e+01  -4.1 2.58e-03    -  1.00e+00 7.81e-03h  8
1707  1.9881918e-04 4.55e-08 7.10e+01  -4.1 9.42e-04    -  1.00e+00 5.00e-01h  2
1708  1.9882826e-04 1.11e-08 7.04e+01  -4.1 4.62e-04    -  1.00e+00 1.00e+00h  1
1709  1.9883571e-04 1.17e-08 7.04e+01  -4.1 3.99e-04    -  1.00e+00 1.00e+00H  1
iter    objective    inf_pr   inf_du lg(mu)  ||d||  lg(rg) alpha_du alpha_pr  ls
1710  1.9885337e-04 9.87e-09 7.10e+01  -4.1 2.22e-02    -  1.00e+00 7.81e-03h  8
1711  1.9884916e-04 1.32e-08 7.10e+01  -4.1 9.68e-02    -  1.00e+00 9.77e-04h 11
1712  1.9884652e-04 1.24e-08 7.10e+01  -4.1 1.87e-03    -  1.00e+00 3.12e-02h  6
1713  1.9884442e-04 1.24e-08 7.10e+01  -4.1 1.57e-03    -  1.00e+00 1.56e-02h  7
1714  1.9883222e-04 8.38e-09 7.03e+01  -4.1 6.45e-04    -  1.00e+00 1.00e+00H  1
1715  1.9883176e-04 1.13e-08 7.03e+01  -4.1 1.77e-02    -  1.00e+00 7.81e-03h  8
1716  1.9881889e-04 5.05e-08 7.03e+01  -4.1 2.20e-02    -  1.00e+00 1.56e-02h  7
1717  1.9882215e-04 4.89e-08 7.11e+01  -4.1 4.05e-04    -  1.00e+00 3.12e-02h  6
1718  1.9882457e-04 4.82e-08 7.11e+01  -4.1 1.79e-03    -  1.00e+00 3.12e-02h  6
1719  1.9881223e-04 9.57e-08 7.03e+01  -4.1 1.94e-02    -  1.00e+00 1.56e-02h  7
iter    objective    inf_pr   inf_du lg(mu)  ||d||  lg(rg) alpha_du alpha_pr  ls
1720  1.9881816e-04 8.39e-08 7.03e+01  -4.1 7.81e-04    -  1.00e+00 1.25e-01h  4
1721  1.9881877e-04 8.32e-08 7.03e+01  -4.1 2.07e-03    -  1.00e+00 1.56e-02h  7
1722  1.9881327e-04 8.61e-08 7.11e+01  -4.1 1.53e-02    -  1.00e+00 7.81e-03h  8
1723  1.9881468e-04 8.50e-08 7.11e+01  -4.1 1.96e-03    -  1.00e+00 1.56e-02h  7
1724  1.9881430e-04 8.52e-08 7.11e+01  -4.1 2.88e-02    -  1.00e+00 9.77e-04h 11
1725  1.9882594e-04 7.40e-08 7.04e+01  -4.1 1.82e-03    -  1.00e+00 1.25e-01h  4
1726  1.9883726e-04 1.32e-08 7.04e+01  -4.1 3.98e-04    -  1.00e+00 1.00e+00h  1
1727  1.9883629e-04 1.37e-08 7.04e+01  -4.1 1.92e-02    -  1.00e+00 3.91e-03h  9
1728  1.9882352e-04 3.55e-08 7.11e+01  -4.1 1.10e-02    -  1.00e+00 6.25e-02h  5
1729  1.9883283e-04 2.87e-08 7.10e+01  -4.1 6.02e-04    -  1.00e+00 2.50e-01h  3
iter    objective    inf_pr   inf_du lg(mu)  ||d||  lg(rg) alpha_du alpha_pr  ls
1730  1.9880256e-04 4.11e-08 7.03e+01  -4.1 7.72e-03    -  1.00e+00 1.25e-01h  4
1731  1.9881646e-04 3.82e-08 7.03e+01  -4.1 9.63e-04    -  1.00e+00 1.25e-01h  4
1732  1.9882669e-04 3.43e-08 7.04e+01  -4.1 1.91e-03    -  1.00e+00 1.25e-01h  4
1733  1.9879568e-04 4.88e-08 7.10e+01  -4.1 1.18e-02    -  1.00e+00 3.12e-02h  6
1734  1.9879995e-04 4.58e-08 7.10e+01  -4.1 1.14e-03    -  1.00e+00 6.25e-02h  5
1735  1.9879981e-04 4.68e-08 7.10e+01  -4.1 2.24e-02    -  1.00e+00 3.91e-03h  9
1736  1.9879410e-04 4.66e-08 7.05e+01  -4.1 9.89e-03    -  1.00e+00 7.81e-03h  8
1737  1.9879843e-04 4.52e-08 7.05e+01  -4.1 9.78e-04    -  1.00e+00 6.25e-02h  5
1738  1.9879902e-04 4.36e-08 7.09e+01  -4.1 4.43e-03    -  1.00e+00 3.12e-02h  6
1739  1.9880090e-04 4.27e-08 7.09e+01  -4.1 9.10e-04    -  1.00e+00 3.12e-02h  6
iter    objective    inf_pr   inf_du lg(mu)  ||d||  lg(rg) alpha_du alpha_pr  ls
1740  1.9880217e-04 4.23e-08 7.09e+01  -4.1 4.63e-03    -  1.00e+00 1.56e-02h  7
1741  1.9880199e-04 4.28e-08 7.05e+01  -4.1 1.69e-02    -  1.00e+00 7.81e-03h  8
1742  1.9880226e-04 4.26e-08 7.05e+01  -4.1 1.25e-03    -  1.00e+00 3.91e-03h  9
1743  1.9880191e-04 4.23e-08 7.05e+01  -4.1 1.04e-02    -  1.00e+00 3.91e-03h  9
1744  1.9880244e-04 4.20e-08 7.05e+01  -4.1 1.90e-04    -  1.00e+00 7.81e-03h  8
1745  1.9880215e-04 4.18e-08 7.05e+01  -4.1 1.95e-02    -  1.00e+00 3.91e-03h  9
1746  1.9887032e-04 3.73e-08 7.08e+01  -4.1 2.07e-04    -  1.00e+00 1.00e+00h  1
1747  1.9886675e-04 3.82e-08 7.08e+01  -4.1 3.71e-02    -  1.00e+00 1.95e-03h 10
1748  2.0747435e-04 3.83e-08 7.09e+01  -4.1 1.75e-02    -  1.00e+00 3.91e-03h  9
1749  2.0742704e-04 3.83e-08 7.09e+01  -4.1 8.69e-03    -  1.00e+00 7.81e-03h  8
iter    objective    inf_pr   inf_du lg(mu)  ||d||  lg(rg) alpha_du alpha_pr  ls
1750  2.0400811e-04 4.19e-08 7.08e+01  -4.1 5.00e-02    -  1.00e+00 1.95e-03h 10
1751  2.0396524e-04 4.19e-08 7.08e+01  -4.1 3.04e-02    -  1.00e+00 3.05e-05h 16
1752  2.0396157e-04 4.19e-08 7.08e+01  -4.1 1.95e-02    -  1.00e+00 1.91e-06h 20
1753  2.0395983e-04 4.19e-08 7.08e+01  -4.1 2.13e-02    -  1.00e+00 9.54e-07h 21
1754  2.0116042e-04 4.36e-08 7.09e+01  -4.1 1.63e-02    -  1.00e+00 3.91e-03h  9
1755  2.0015734e-04 1.88e-07 7.09e+01  -4.1 5.81e-04    -  1.00e+00 1.00e+00h  1
1756  1.9920983e-04 2.37e-07 7.09e+01  -4.1 6.13e-04    -  1.00e+00 1.00e+00h  1
1757  1.9900627e-04 3.23e-07 7.03e+01  -4.1 1.13e-03    -  1.00e+00 5.00e-01h  2
1758  1.9875742e-04 8.87e-07 7.16e+01  -4.1 1.31e-03    -  1.00e+00 1.00e+00h  1
1759  1.9892911e-04 2.06e-07 7.03e+01  -4.1 5.92e-04    -  1.00e+00 1.00e+00h  1
iter    objective    inf_pr   inf_du lg(mu)  ||d||  lg(rg) alpha_du alpha_pr  ls
1760  1.9884404e-04 3.34e-07 7.03e+01  -4.1 7.42e-04    -  1.00e+00 1.00e+00h  1
1761  1.9889129e-04 3.33e-07 7.11e+01  -4.1 2.43e-01    -  1.00e+00 1.22e-04h 14
1762  1.9873585e-04 6.85e-07 7.11e+01  -4.1 1.06e-03    -  1.00e+00 1.00e+00h  1
1763  1.9879727e-04 1.72e-07 7.03e+01  -4.1 5.75e-04    -  1.00e+00 1.00e+00h  1
1764  1.9865783e-04 9.11e-07 7.04e+01  -4.1 1.07e-03    -  1.00e+00 1.00e+00h  1
1765  1.9870583e-04 8.03e-07 7.04e+01  -4.1 7.91e-03    -  1.00e+00 1.25e-01h  4
1766  1.9869221e-04 7.98e-07 7.04e+01  -4.1 1.69e-02    -  1.00e+00 1.56e-02h  7
1767  1.9872814e-04 5.18e-07 7.11e+01  -4.1 2.42e-03    -  1.00e+00 5.00e-01h  2
1768  1.9872531e-04 5.03e-07 7.11e+01  -4.1 3.00e-03    -  1.00e+00 3.12e-02h  6
1769  1.9867777e-04 4.79e-07 7.03e+01  -4.1 9.17e-02    -  1.00e+00 7.81e-03h  8
iter    objective    inf_pr   inf_du lg(mu)  ||d||  lg(rg) alpha_du alpha_pr  ls
1770  1.9868048e-04 3.97e-07 7.11e+01  -4.1 3.03e-03    -  1.00e+00 2.50e-01h  3
1771  1.9867601e-04 3.94e-07 7.11e+01  -4.1 1.51e-02    -  1.00e+00 7.81e-03h  8
1772  1.9866606e-04 3.86e-07 7.03e+01  -4.1 5.47e-03    -  1.00e+00 6.25e-02h  5
1773  1.9875744e-04 2.04e-07 7.12e+01  -4.1 7.69e-04    -  1.00e+00 1.00e+00h  1
1774  1.9875007e-04 2.04e-07 7.12e+01  -4.1 2.42e-02    -  1.00e+00 1.56e-02h  7
1775  1.9876799e-04 2.02e-07 7.03e+01  -4.1 6.39e-04    -  1.00e+00 1.00e+00h  1
1776  1.9879378e-04 1.00e-07 7.11e+01  -4.1 4.65e-04    -  1.00e+00 1.00e+00h  1
1777  1.9879338e-04 1.24e-07 7.11e+01  -4.1 7.31e-03    -  1.00e+00 3.12e-02h  6
1778  1.9871456e-04 1.80e-07 7.11e+01  -4.1 1.15e-01    -  1.00e+00 3.91e-03h  9
1779  1.9873222e-04 1.76e-07 7.04e+01  -4.1 7.66e-03    -  1.00e+00 3.12e-02h  6
iter    objective    inf_pr   inf_du lg(mu)  ||d||  lg(rg) alpha_du alpha_pr  ls
1780  1.9878084e-04 2.32e-07 7.11e+01  -4.1 5.97e-04    -  1.00e+00 1.00e+00h  1
1781  1.9876483e-04 2.48e-07 7.11e+01  -4.1 1.23e-01    -  1.00e+00 3.91e-03h  9
1782  1.9876472e-04 2.29e-07 7.11e+01  -4.1 1.00e-02    -  1.00e+00 3.12e-02h  6
1783  1.9876400e-04 2.25e-07 7.11e+01  -4.1 2.33e-03    -  1.00e+00 6.25e-02h  5
1784  1.9873745e-04 2.43e-07 7.12e+01  -4.1 2.11e-02    -  1.00e+00 1.56e-02h  7
1785  1.9878075e-04 1.41e-07 7.03e+01  -4.1 7.18e-04    -  1.00e+00 5.00e-01h  2
1786  1.9878047e-04 1.43e-07 7.03e+01  -4.1 1.82e-02    -  1.00e+00 7.81e-03h  8
1787  1.9884013e-04 6.22e-08 7.04e+01  -4.1 6.54e-04    -  1.00e+00 1.00e+00H  1
1788  1.9882022e-04 8.81e-08 7.04e+01  -4.1 1.50e-03    -  1.00e+00 2.50e-01h  3
1789  1.9878695e-04 9.04e-08 7.10e+01  -4.1 1.70e-02    -  1.00e+00 1.56e-02h  7
iter    objective    inf_pr   inf_du lg(mu)  ||d||  lg(rg) alpha_du alpha_pr  ls
1790  1.9882931e-04 1.88e-08 7.05e+01  -4.1 3.75e-04    -  1.00e+00 1.00e+00H  1
1791  1.9881799e-04 3.96e-08 7.05e+01  -4.1 5.44e-02    -  1.00e+00 3.91e-03h  9
1792  1.9881772e-04 3.84e-08 7.05e+01  -4.1 2.11e-03    -  1.00e+00 3.12e-02h  6
1793  1.9880531e-04 4.82e-08 7.08e+01  -4.1 1.38e-03    -  1.00e+00 2.50e-01h  3
1794  1.9880954e-04 5.66e-08 7.09e+01  -4.1 5.18e-04    -  1.00e+00 5.00e-01h  2
1795  1.9878937e-04 3.91e-08 7.06e+01  -4.1 5.42e-04    -  1.00e+00 5.00e-01h  2
1796  1.9878966e-04 3.90e-08 7.06e+01  -4.1 1.82e-03    -  1.00e+00 1.56e-02h  7
1797  1.9879229e-04 3.80e-08 7.06e+01  -4.1 1.24e-03    -  1.00e+00 6.25e-02h  5
1798  1.9878782e-04 4.21e-08 7.08e+01  -4.1 2.16e-03    -  1.00e+00 6.25e-02h  5
1799  1.9881078e-04 1.90e-08 7.05e+01  -4.1 3.84e-04    -  1.00e+00 5.00e-01h  2
iter    objective    inf_pr   inf_du lg(mu)  ||d||  lg(rg) alpha_du alpha_pr  ls
1800  1.9881590e-04 1.55e-08 7.05e+01  -4.1 6.89e-04    -  1.00e+00 5.00e-01h  2
1801  1.9879697e-04 2.69e-08 7.09e+01  -4.1 1.97e-03    -  1.00e+00 1.25e-01h  4
1802  1.9880623e-04 1.91e-08 7.09e+01  -4.1 2.32e-04    -  1.00e+00 5.00e-01h  2
1803  1.9876384e-04 1.94e-07 7.06e+01  -4.1 8.06e-03    -  1.00e+00 6.25e-02h  5
1804  1.9879186e-04 5.97e-08 7.05e+01  -4.1 3.66e-04    -  1.00e+00 1.00e+00h  1
1805  1.9879144e-04 5.92e-08 7.09e+01  -4.1 1.12e-02    -  1.00e+00 1.95e-03h 10
1806  1.9879203e-04 5.03e-08 7.09e+01  -4.1 2.63e-03    -  1.00e+00 6.25e-02h  5
1807  1.9882714e-04 1.59e-08 7.09e+01  -4.1 2.71e-04    -  1.00e+00 1.00e+00H  1
1808  1.9882737e-04 1.37e-08 7.09e+01  -4.1 3.08e-03    -  1.00e+00 6.25e-02h  5
1809  1.9861961e-04 1.36e-06 7.08e+01  -4.1 5.84e-03    -  1.00e+00 2.50e-01h  3
iter    objective    inf_pr   inf_du lg(mu)  ||d||  lg(rg) alpha_du alpha_pr  ls
1810  1.9862782e-04 1.31e-06 7.08e+01  -4.1 2.23e-02    -  1.00e+00 1.56e-02h  7
1811  1.9848762e-04 1.18e-06 7.06e+01  -4.1 5.90e-03    -  1.00e+00 2.50e-01h  3
1812  1.9853960e-04 1.17e-06 7.08e+01  -4.1 1.00e-02    -  1.00e+00 7.81e-03h  8
1813  1.9857581e-04 8.57e-07 7.09e+01  -4.1 2.36e-03    -  1.00e+00 2.50e-01h  3
1814  1.9861293e-04 8.21e-07 7.05e+01  -4.1 3.16e-03    -  1.00e+00 2.50e-01h  3
1815  1.9861465e-04 4.36e-07 7.03e+01  -4.1 9.26e-04    -  1.00e+00 5.00e-01h  2
1816  1.9861283e-04 4.29e-07 7.11e+01  -4.1 6.62e-03    -  1.00e+00 3.12e-02h  6
1817  1.9868481e-04 2.42e-07 7.03e+01  -4.1 7.30e-04    -  1.00e+00 5.00e-01h  2
1818  1.9870834e-04 1.43e-07 7.12e+01  -4.1 5.56e-04    -  1.00e+00 5.00e-01h  2
1819  1.9878382e-04 5.71e-08 7.03e+01  -4.1 2.50e-04    -  1.00e+00 1.00e+00h  1
iter    objective    inf_pr   inf_du lg(mu)  ||d||  lg(rg) alpha_du alpha_pr  ls
1820  1.9878291e-04 1.44e-07 7.03e+01  -4.1 1.12e-02    -  1.00e+00 6.25e-02h  5
1821  1.9878152e-04 8.69e-08 7.03e+01  -4.1 7.72e-04    -  1.00e+00 5.00e-01h  2
1822  1.9876386e-04 3.03e-07 7.09e+01  -4.1 1.40e-03    -  1.00e+00 1.00e+00h  1
1823  1.9876941e-04 2.57e-07 7.09e+01  -4.1 2.08e-03    -  1.00e+00 1.25e-01h  4
1824  1.9874936e-04 2.28e-07 7.04e+01  -4.1 4.96e-03    -  1.00e+00 6.25e-02h  5
1825  1.9875837e-04 1.83e-07 7.10e+01  -4.1 1.08e-03    -  1.00e+00 2.50e-01h  3
1826  1.9875184e-04 1.62e-07 7.04e+01  -4.1 3.37e-03    -  1.00e+00 1.25e-01h  4
1827  1.9877168e-04 8.02e-08 7.10e+01  -4.1 4.63e-04    -  1.00e+00 1.00e+00h  1
1828  1.9881762e-04 1.07e-08 7.04e+01  -4.1 4.44e-04    -  1.00e+00 1.00e+00h  1
1829  1.9881694e-04 1.19e-08 7.04e+01  -4.1 1.57e-02    -  1.00e+00 7.81e-03h  8
iter    objective    inf_pr   inf_du lg(mu)  ||d||  lg(rg) alpha_du alpha_pr  ls
1830  1.9880034e-04 1.49e-08 7.04e+01  -4.1 1.61e-03    -  1.00e+00 1.25e-01h  4
1831  1.9879889e-04 1.50e-08 7.10e+01  -4.1 3.91e-03    -  1.00e+00 1.56e-02h  7
1832  1.9879888e-04 1.48e-08 7.10e+01  -4.1 1.82e-03    -  1.00e+00 1.56e-02h  7
1833  1.9879616e-04 1.53e-08 7.10e+01  -4.1 1.26e-02    -  1.00e+00 1.56e-02h  7
1834  1.9885725e-04 1.33e-08 7.09e+01  -4.1 4.18e-04    -  1.00e+00 1.00e+00H  1
1835  1.9885607e-04 1.42e-08 7.09e+01  -4.1 2.96e-03    -  1.00e+00 1.56e-02h  7
1836  1.9884424e-04 1.52e-08 7.09e+01  -4.1 8.85e-02    -  1.00e+00 9.77e-04h 11
1837  1.9883366e-04 1.38e-08 7.05e+01  -4.1 7.70e-04    -  1.00e+00 2.50e-01h  3
1838  1.9883070e-04 1.62e-08 7.09e+01  -4.1 4.78e-03    -  1.00e+00 3.12e-02h  6
1839  1.9881676e-04 2.92e-06 7.15e+01  -4.1 3.69e-03    -  1.00e+00 5.00e-01h  2
iter    objective    inf_pr   inf_du lg(mu)  ||d||  lg(rg) alpha_du alpha_pr  ls
1840  1.9874814e-04 3.44e-06 7.13e+01  -4.1 2.82e-03    -  1.00e+00 1.00e+00h  1
1841  1.9874377e-04 5.31e-07 7.12e+01  -4.1 1.23e-03    -  1.00e+00 1.00e+00h  1
1842  1.9877600e-04 4.89e-07 7.12e+01  -4.1 4.44e-03    -  1.00e+00 5.00e-01h  2
1843  1.9871703e-04 1.97e-06 7.03e+01  -4.1 6.68e-03    -  1.00e+00 2.50e-01h  3
1844  1.9868156e-04 1.71e-06 7.11e+01  -4.1 1.43e-02    -  1.00e+00 6.25e-02h  5
1845  1.9869756e-04 1.81e-06 7.03e+01  -4.1 2.95e-01    -  1.00e+00 3.91e-03h  9
1846  1.9872501e-04 1.73e-06 7.03e+01  -4.1 3.71e-03    -  1.00e+00 1.25e-01h  4
1847  1.9852116e-04 9.51e-06 7.12e+01  -4.1 9.46e-03    -  1.00e+00 5.00e-01h  2
1848  1.9847071e-04 6.22e-06 7.12e+01  -4.1 5.85e-03    -  1.00e+00 2.50e-01h  3
1849  1.9859152e-04 3.32e-06 7.12e+01  -4.1 2.29e-03    -  1.00e+00 1.00e+00h  1
iter    objective    inf_pr   inf_du lg(mu)  ||d||  lg(rg) alpha_du alpha_pr  ls
1850  1.9851212e-04 2.96e-06 7.02e+01  -4.1 1.11e-02    -  1.00e+00 1.25e-01h  4
1851  1.9852830e-04 2.57e-06 7.02e+01  -4.1 6.96e-03    -  1.00e+00 1.25e-01h  4
1852  1.9850797e-04 2.21e-06 7.12e+01  -4.1 8.07e-03    -  1.00e+00 1.25e-01h  4
1853  1.9872149e-04 2.74e-06 7.02e+01  -4.1 1.92e-03    -  1.00e+00 1.00e+00h  1
1854  1.9867818e-04 2.65e-06 7.02e+01  -4.1 8.06e-02    -  1.00e+00 7.81e-03h  8
1855  1.9817539e-04 4.82e-06 7.02e+01  -4.1 2.77e-03    -  1.00e+00 1.00e+00h  1
1856  1.9841631e-04 1.63e-06 7.12e+01  -4.1 1.53e-03    -  1.00e+00 1.00e+00h  1
1857  1.9845978e-04 1.56e-06 7.02e+01  -4.1 1.04e-01    -  1.00e+00 7.81e-03h  8
1858  1.9873417e-04 3.67e-07 7.02e+01  -4.1 2.07e-03    -  1.00e+00 1.00e+00H  1
1859  1.9872022e-04 3.79e-07 7.02e+01  -4.1 1.93e-01    -  1.00e+00 1.95e-03h 10
iter    objective    inf_pr   inf_du lg(mu)  ||d||  lg(rg) alpha_du alpha_pr  ls
1860  1.9866699e-04 9.54e-07 7.12e+01  -4.1 1.21e-03    -  1.00e+00 1.00e+00h  1
1861  1.9859415e-04 8.51e-07 7.12e+01  -4.1 1.75e-03    -  1.00e+00 2.50e-01h  3
1862  1.9870248e-04 3.51e-07 7.02e+01  -4.1 1.33e-03    -  1.00e+00 1.00e+00h  1
1863  1.9874457e-04 1.78e-07 7.12e+01  -4.1 8.52e-04    -  1.00e+00 5.00e-01h  2
1864  1.9877941e-04 9.57e-08 7.03e+01  -4.1 4.89e-04    -  1.00e+00 1.00e+00h  1
1865  1.9878469e-04 7.16e-08 7.11e+01  -4.1 7.29e-04    -  1.00e+00 5.00e-01h  2
1866  1.9880582e-04 5.23e-08 7.04e+01  -4.1 3.88e-04    -  1.00e+00 1.00e+00h  1
1867  1.9878818e-04 4.55e-08 7.05e+01  -4.1 7.06e-04    -  1.00e+00 5.00e-01h  2
1868  1.9879536e-04 3.74e-08 7.10e+01  -4.1 7.38e-04    -  1.00e+00 2.50e-01h  3
1869  1.9879395e-04 3.92e-08 7.10e+01  -4.1 5.52e-03    -  1.00e+00 3.12e-02h  6
iter    objective    inf_pr   inf_du lg(mu)  ||d||  lg(rg) alpha_du alpha_pr  ls
1870  1.9879972e-04 2.35e-08 7.05e+01  -4.1 4.25e-04    -  1.00e+00 5.00e-01h  2
1871  1.9882912e-04 6.18e-09 7.09e+01  -4.1 2.23e-04    -  1.00e+00 1.00e+00H  1
1872  1.9879429e-04 7.99e-09 7.08e+01  -4.1 3.39e-04    -  1.00e+00 1.00e+00h  1
1873  1.9879515e-04 6.63e-09 7.06e+01  -4.1 1.15e-03    -  1.00e+00 3.12e-02h  6
1874  1.9884832e-04 1.82e-09 7.09e+01  -4.1 2.64e-04    -  1.00e+00 1.00e+00H  1
1875  1.9884364e-04 2.94e-09 7.09e+01  -4.1 1.47e-03    -  1.00e+00 1.25e-01h  4
1876  1.9868824e-04 1.46e-07 7.08e+01  -4.1 1.18e-02    -  1.00e+00 1.25e-01h  4
1877  1.9868523e-04 1.88e-07 7.08e+01  -4.1 9.06e-02    -  1.00e+00 3.91e-03h  9
1878  1.9868441e-04 3.25e-07 7.08e+01  -4.1 3.83e-02    -  1.00e+00 1.56e-02h  7
1879  1.9867151e-04 3.05e-07 7.07e+01  -4.1 3.85e-03    -  1.00e+00 1.25e-01h  4
iter    objective    inf_pr   inf_du lg(mu)  ||d||  lg(rg) alpha_du alpha_pr  ls
1880  1.9868161e-04 2.95e-07 7.07e+01  -4.1 1.86e-03    -  1.00e+00 3.12e-02h  6
1881  1.9873154e-04 1.73e-07 7.10e+01  -4.1 7.83e-04    -  1.00e+00 5.00e-01h  2
1882  1.9873010e-04 2.10e-07 7.05e+01  -4.1 6.65e-02    -  1.00e+00 3.91e-03h  9
1883  1.9873134e-04 1.98e-07 7.05e+01  -4.1 2.05e-03    -  1.00e+00 6.25e-02h  5
1884  1.9876641e-04 1.03e-07 7.04e+01  -4.1 2.80e-04    -  1.00e+00 5.00e-01h  2
1885  1.9875267e-04 1.39e-07 7.10e+01  -4.1 3.15e-02    -  1.00e+00 7.81e-03h  8
1886  1.9877621e-04 7.59e-08 7.04e+01  -4.1 4.02e-04    -  1.00e+00 5.00e-01h  2
1887  1.9878131e-04 5.94e-08 7.10e+01  -4.1 3.29e-04    -  1.00e+00 2.50e-01h  3
1888  1.9879345e-04 4.08e-08 7.04e+01  -4.1 4.68e-04    -  1.00e+00 5.00e-01h  2
1889  1.9879862e-04 3.86e-08 7.04e+01  -4.1 5.97e-04    -  1.00e+00 2.50e-01h  3
iter    objective    inf_pr   inf_du lg(mu)  ||d||  lg(rg) alpha_du alpha_pr  ls
1890  1.9883471e-04 5.36e-09 7.06e+01  -4.1 3.57e-04    -  1.00e+00 1.00e+00H  1
1891  1.9881879e-04 2.64e-08 7.06e+01  -4.1 1.38e-03    -  1.00e+00 1.25e-01h  4
1892  1.9881879e-04 2.62e-08 7.06e+01  -4.1 2.67e-03    -  1.00e+00 1.56e-02h  7
1893  1.9881617e-04 2.87e-08 7.08e+01  -4.1 6.52e-03    -  1.00e+00 1.56e-02h  7
1894  1.9881827e-04 2.87e-08 7.08e+01  -4.1 1.05e-03    -  1.00e+00 1.25e-01h  4
1895  1.9880868e-04 2.84e-08 7.06e+01  -4.1 1.66e-01    -  1.00e+00 1.95e-03h 10
1896  1.9881423e-04 2.46e-08 7.08e+01  -4.1 4.05e-04    -  1.00e+00 2.50e-01h  3
1897  1.9880007e-04 2.10e-08 7.08e+01  -4.1 3.20e-03    -  1.00e+00 1.25e-01h  4
1898  1.9885955e-04 4.39e-09 7.05e+01  -4.1 4.90e-04    -  1.00e+00 1.00e+00H  1
1899  1.9885462e-04 3.67e-09 7.05e+01  -4.1 3.85e-03    -  1.00e+00 3.12e-02h  6
iter    objective    inf_pr   inf_du lg(mu)  ||d||  lg(rg) alpha_du alpha_pr  ls
1900  1.9885343e-04 3.99e-09 7.05e+01  -4.1 5.17e-03    -  1.00e+00 1.56e-02h  7
1901  1.9881388e-04 1.57e-08 7.06e+01  -4.1 1.15e-02    -  1.00e+00 3.12e-02h  6
1902  1.9881219e-04 1.63e-08 7.06e+01  -4.1 2.68e-03    -  1.00e+00 3.12e-02h  6
1903  1.9881199e-04 1.63e-08 7.08e+01  -4.1 1.98e-01    -  1.00e+00 6.10e-05h 15
1904  1.9882375e-04 8.64e-09 7.06e+01  -4.1 2.40e-04    -  1.00e+00 1.00e+00h  1
1905  1.9882198e-04 9.03e-09 7.09e+01  -4.1 6.45e-03    -  1.00e+00 1.56e-02h  7
1906  1.9881865e-04 1.20e-08 7.09e+01  -4.1 1.66e-02    -  1.00e+00 3.91e-03h  9
1907  1.9880587e-04 1.60e-08 7.08e+01  -4.1 1.25e-03    -  1.00e+00 1.25e-01h  4
1908  1.9880793e-04 6.34e-09 7.07e+01  -4.1 2.45e-04    -  1.00e+00 1.00e+00h  1
1909  1.9880900e-04 6.86e-09 7.07e+01  -4.1 5.65e-04    -  1.00e+00 6.25e-02h  5
iter    objective    inf_pr   inf_du lg(mu)  ||d||  lg(rg) alpha_du alpha_pr  ls
1910  1.9881279e-04 7.84e-09 7.07e+01  -4.1 1.05e-02    -  1.00e+00 3.12e-02h  6
1911  1.9881270e-04 6.77e-09 7.07e+01  -4.1 4.57e-04    -  1.00e+00 2.50e-01h  3
1912  1.9881230e-04 6.85e-09 7.07e+01  -4.1 1.02e-01    -  1.00e+00 2.44e-04h 13
1913  1.9884331e-04 2.93e-09 7.07e+01  -4.1 2.37e-04    -  1.00e+00 1.00e+00H  1
1914  1.9884037e-04 4.00e-09 7.07e+01  -4.1 6.87e-03    -  1.00e+00 7.81e-03h  8
1915  1.9883796e-04 3.86e-09 7.07e+01  -4.1 7.04e-03    -  1.00e+00 1.56e-02h  7
1916  1.9883688e-04 4.21e-09 7.07e+01  -4.1 1.73e-02    -  1.00e+00 1.95e-03h 10
1917  1.9883203e-04 6.02e-09 7.07e+01  -4.1 1.36e-02    -  1.00e+00 3.91e-03h  9
1918  1.9882791e-04 5.96e-09 7.07e+01  -4.1 8.53e-04    -  1.00e+00 3.12e-02h  6
1919  1.9882660e-04 5.97e-09 7.07e+01  -4.1 1.59e-03    -  1.00e+00 3.91e-03h  9
iter    objective    inf_pr   inf_du lg(mu)  ||d||  lg(rg) alpha_du alpha_pr  ls
1920  1.9882620e-04 6.26e-09 7.07e+01  -4.1 2.00e-02    -  1.00e+00 9.77e-04h 11
1921  1.9877180e-04 1.60e-06 7.01e+01  -4.1 1.92e-03    -  1.00e+00 1.00e+00h  1
1922  1.9866421e-04 1.57e-06 7.02e+01  -4.1 1.07e-02    -  1.00e+00 2.50e-01h  3
1923  1.9870607e-04 1.04e-06 7.07e+01  -4.1 2.62e-03    -  1.00e+00 5.00e-01h  2
1924  1.9876755e-04 5.06e-07 7.10e+01  -4.1 2.49e-03    -  1.00e+00 5.00e-01h  2
1925  1.9876569e-04 4.27e-07 7.10e+01  -4.1 1.44e-03    -  1.00e+00 2.50e-01h  3
1926  1.9877023e-04 4.27e-07 7.04e+01  -4.1 5.03e-02    -  1.00e+00 1.53e-05h 17
1927  1.9877327e-04 3.23e-07 7.04e+01  -4.1 8.04e-04    -  1.00e+00 2.50e-01h  3
1928  1.9877321e-04 3.37e-07 7.04e+01  -4.1 1.23e-02    -  1.00e+00 1.56e-02h  7
1929  1.9886490e-04 1.29e-07 7.11e+01  -4.1 1.44e-03    -  1.00e+00 1.00e+00h  1
iter    objective    inf_pr   inf_du lg(mu)  ||d||  lg(rg) alpha_du alpha_pr  ls
1930  1.9868551e-04 2.32e-07 7.10e+01  -4.1 8.50e-04    -  1.00e+00 1.00e+00h  1
1931  1.9875726e-04 1.52e-07 7.03e+01  -4.1 2.90e-03    -  1.00e+00 5.00e-01h  2
1932  1.9873494e-04 1.57e-07 7.03e+01  -4.1 9.12e-02    -  1.00e+00 3.91e-03h  9
1933  1.9907840e-04 1.08e-07 7.11e+01  -4.1 1.26e-03    -  1.00e+00 1.00e+00h  1
1934  1.9892907e-04 8.05e-08 7.12e+01  -4.1 6.55e-03    -  1.00e+00 2.50e-01h  3
1935  1.9875238e-04 2.07e-07 7.11e+01  -4.1 1.89e-03    -  1.00e+00 5.00e-01h  2
1936  1.9875993e-04 1.53e-07 7.11e+01  -4.1 1.40e-03    -  1.00e+00 2.50e-01h  3
1937  1.9876848e-04 1.44e-07 7.04e+01  -4.1 2.58e-02    -  1.00e+00 1.56e-02h  7
1938  1.9906880e-04 9.05e-08 7.05e+01  -4.1 1.18e-03    -  1.00e+00 1.00e+00H  1
1939  1.9902238e-04 8.32e-08 7.04e+01  -4.1 1.00e-02    -  1.00e+00 3.12e-02h  6
iter    objective    inf_pr   inf_du lg(mu)  ||d||  lg(rg) alpha_du alpha_pr  ls
1940  1.9890578e-04 1.10e-07 7.04e+01  -4.1 1.99e-03    -  1.00e+00 5.00e-01h  2
1941  1.9886315e-04 1.02e-07 7.11e+01  -4.1 1.20e-02    -  1.00e+00 6.25e-02h  5
1942  1.9879718e-04 1.14e-07 7.01e+01  -4.1 1.17e-03    -  1.00e+00 1.00e+00H  1
1943  1.9878538e-04 8.80e-08 7.02e+01  -4.1 6.11e-04    -  1.00e+00 5.00e-01h  2
1944  1.9865966e-04 4.67e-07 7.04e+01  -4.1 7.92e-04    -  1.00e+00 1.00e+00h  1
1945  1.9874868e-04 1.03e-07 7.03e+01  -4.1 4.41e-04    -  1.00e+00 1.00e+00h  1
1946  1.9837284e-04 3.57e-05 7.11e+01  -4.1 3.27e+00    -  1.00e+00 3.91e-03h  9
1947  1.9835133e-04 4.12e-05 7.02e+01  -4.1 9.33e-03    -  1.00e+00 1.00e+00h  1
1948  1.9855365e-04 4.18e-05 7.02e+01  -4.1 3.26e-01    -  1.00e+00 1.56e-02h  7
1949  1.9821426e-04 4.17e-05 7.12e+01  -4.1 1.60e-01    -  1.00e+00 1.95e-03h 10
iter    objective    inf_pr   inf_du lg(mu)  ||d||  lg(rg) alpha_du alpha_pr  ls
1950  1.9854460e-04 2.21e-05 7.02e+01  -4.1 3.52e-03    -  1.00e+00 5.00e-01h  2
1951  1.9843458e-04 9.70e-06 7.12e+01  -4.1 7.93e-03    -  1.00e+00 1.00e+00h  1
1952  1.9855494e-04 4.83e-06 7.12e+01  -4.1 4.58e-03    -  1.00e+00 5.00e-01h  2
1953  1.9840545e-04 1.17e-05 7.01e+01  -4.1 4.52e-03    -  1.00e+00 1.00e+00h  1
1954  1.9828191e-04 1.00e-05 7.13e+01  -4.1 1.35e-02    -  1.00e+00 2.50e-01h  3
1955  1.9826729e-04 9.13e-06 7.13e+01  -4.1 3.20e-02    -  1.00e+00 1.25e-01h  4
1956  1.9823078e-04 5.64e-06 7.02e+01  -4.1 5.27e-03    -  1.00e+00 5.00e-01h  2
1957  1.9794484e-04 3.51e-05 7.13e+01  -4.1 7.65e-03    -  1.00e+00 1.00e+00h  1
1958  1.9692484e-04 4.67e-05 7.01e+01  -4.1 1.08e-02    -  1.00e+00 1.00e+00h  1
1959  1.9615810e-04 1.22e-04 7.13e+01  -4.1 1.65e-01    -  1.00e+00 6.25e-02h  5
iter    objective    inf_pr   inf_du lg(mu)  ||d||  lg(rg) alpha_du alpha_pr  ls
1960  1.9556272e-04 1.87e-04 7.01e+01  -4.1 6.00e-01    -  1.00e+00 3.12e-02h  6
1961  1.9534527e-04 3.20e-04 7.13e+01  -4.1 2.25e-01    -  1.00e+00 6.25e-02h  5
1962  1.9530248e-04 3.20e-04 7.01e+01  -4.1 1.27e-01    -  8.43e-03 4.77e-07h 22
1963  1.9550026e-04 3.11e-04 5.40e+02  -4.1 7.25e-03    -  1.00e+00 3.12e-02h  6
1964  1.9554767e-04 3.08e-04 5.38e+02  -4.1 1.20e-02    -  1.00e+00 7.81e-03h  8
1965  1.9555476e-04 3.08e-04 5.37e+02  -4.1 1.21e-02    -  1.00e+00 1.95e-03h 10
1966  1.9555709e-04 3.07e-04 5.37e+02  -4.1 1.23e-02    -  1.00e+00 1.95e-03h 10
1967  1.9544601e-04 2.68e-04 4.79e+02  -4.1 1.49e-02    -  1.00e+00 1.25e-01h  4
1968  2.0313349e-04 2.34e-04 7.73e+01  -4.1 1.40e-02    -  1.00e+00 1.00e+00h  1
1969  2.6590433e-04 5.68e-05 6.76e+01  -4.1 7.03e-03    -  1.00e+00 1.00e+00h  1
iter    objective    inf_pr   inf_du lg(mu)  ||d||  lg(rg) alpha_du alpha_pr  ls
1970  5.8508473e-04 1.73e-05 6.83e+01  -4.1 4.03e-03    -  1.00e+00 1.00e+00h  1
1971  4.1260479e-04 2.40e-06 7.14e+01  -4.1 1.53e-03    -  1.00e+00 1.00e+00h  1
1972  3.5159898e-04 2.73e-06 6.96e+01  -4.1 8.05e-02    -  1.00e+00 1.72e-02h  6
1973  2.5181425e-04 1.94e-06 7.06e+01  -4.1 1.45e-03    -  1.00e+00 1.00e+00h  1
1974  2.7925068e-04 6.80e-07 7.12e+01  -4.1 7.61e-04    -  1.00e+00 1.00e+00h  1
1975  2.4101741e-04 2.99e-07 6.94e+01  -4.1 6.95e-04    -  1.00e+00 1.00e+00h  1
1976  2.3713981e-04 3.35e-07 7.22e+01  -4.1 1.83e-01    -  4.12e-01 9.77e-04h 11
1977  2.0447031e-04 1.60e-04 6.83e+01  -4.1 8.84e-02    -  1.00e+00 1.25e-01h  4
1978  2.2764340e-04 8.24e-05 6.91e+01  -4.1 1.35e-02    -  1.00e+00 5.00e-01h  2
1979  2.3561702e-04 6.70e-05 6.96e+01  -4.1 1.07e-02    -  1.00e+00 2.50e-01h  3
iter    objective    inf_pr   inf_du lg(mu)  ||d||  lg(rg) alpha_du alpha_pr  ls
1980  2.2277053e-04 3.31e-05 7.04e+01  -4.1 1.20e-02    -  1.00e+00 5.00e-01h  2
1981  2.0598884e-04 5.60e-05 7.03e+01  -4.1 2.64e-02    -  1.00e+00 2.50e-01h  3
1982  2.4494959e-04 3.89e-05 7.09e+01  -4.1 7.56e-03    -  1.00e+00 5.00e-01h  2
1983  2.1692469e-04 3.98e-05 7.04e+01  -4.1 9.04e-03    -  1.00e+00 5.00e-01h  2
1984  2.1646625e-04 4.41e-05 7.10e+01  -4.1 7.72e-02    -  1.00e+00 3.12e-02h  6
1985  2.0097559e-04 3.82e-05 7.02e+01  -4.1 6.81e-03    -  1.00e+00 1.00e+00h  1
1986  2.0033561e-04 3.42e-05 7.12e+01  -4.1 2.23e-02    -  1.00e+00 1.25e-01h  4
1987  1.9945428e-04 3.57e-05 7.12e+01  -4.1 3.25e-02    -  1.00e+00 1.25e-01h  4
1988  2.0040568e-04 2.05e-05 7.02e+01  -4.1 6.84e-03    -  1.00e+00 1.00e+00h  1
1989  2.0036948e-04 2.18e-05 7.02e+01  -4.1 3.77e-02    -  1.00e+00 1.25e-01h  4
iter    objective    inf_pr   inf_du lg(mu)  ||d||  lg(rg) alpha_du alpha_pr  ls
1990  1.9835738e-04 2.07e-05 7.02e+01  -4.1 2.67e-02    -  1.00e+00 2.50e-01h  3
1991  1.9898643e-04 1.49e-05 7.13e+01  -4.1 2.70e-02    -  1.00e+00 1.25e-01h  4
1992  1.9884841e-04 1.55e-05 7.13e+01  -4.1 5.30e-01    -  1.00e+00 3.91e-03h  9
1993  1.9840028e-04 1.41e-05 7.13e+01  -4.1 5.82e-02    -  1.00e+00 6.25e-02h  5
1994  1.9837410e-04 5.80e-06 7.13e+01  -4.1 2.54e-03    -  1.00e+00 1.00e+00h  1
1995  1.9812799e-04 5.84e-06 7.13e+01  -4.1 3.29e-02    -  1.00e+00 1.56e-02h  7
1996  2.0057631e-04 5.48e-06 7.02e+01  -4.1 4.19e-03    -  1.00e+00 5.00e-01h  2
1997  1.9894132e-04 2.69e-06 7.02e+01  -4.1 2.30e-03    -  1.00e+00 1.00e+00h  1
1998  1.9861015e-04 2.56e-06 7.13e+01  -4.1 1.13e-02    -  1.00e+00 3.12e-02h  6
1999  1.9869424e-04 8.83e-07 7.02e+01  -4.1 9.68e-04    -  1.00e+00 1.00e+00h  1
iter    objective    inf_pr   inf_du lg(mu)  ||d||  lg(rg) alpha_du alpha_pr  ls
2000  1.9891506e-04 1.70e-07 7.12e+01  -4.1 5.77e-04    -  1.00e+00 1.00e+00h  1
2001  1.9884644e-04 1.03e-07 7.02e+01  -4.1 3.39e-04    -  1.00e+00 1.00e+00h  1
2002  1.9895205e-04 4.44e-08 7.11e+01  -4.1 2.47e-04    -  1.00e+00 1.00e+00h  1
2003  1.9892223e-04 5.46e-08 7.10e+01  -4.1 7.12e-04    -  1.00e+00 2.50e-01h  3
2004  1.9892192e-04 4.87e-08 7.10e+01  -4.1 5.86e-03    -  1.00e+00 3.12e-02h  6
2005  1.9884026e-04 9.75e-08 7.10e+01  -4.1 5.73e-04    -  1.00e+00 5.00e-01h  2
2006  1.9883437e-04 9.23e-08 7.04e+01  -4.1 1.17e-03    -  1.00e+00 6.25e-02h  5
2007  1.9886341e-04 2.22e-08 7.10e+01  -4.1 1.62e-04    -  1.00e+00 1.00e+00h  1
2008  1.9886199e-04 3.20e-08 7.10e+01  -4.1 6.57e-04    -  1.00e+00 2.50e-01h  3
2009  1.9885978e-04 3.07e-08 7.05e+01  -4.1 2.33e-02    -  1.00e+00 3.91e-03h  9
iter    objective    inf_pr   inf_du lg(mu)  ||d||  lg(rg) alpha_du alpha_pr  ls
2010  1.9885581e-04 2.24e-08 7.05e+01  -4.1 1.54e-03    -  1.00e+00 1.25e-01h  4
2011  1.9879674e-04 3.35e-07 7.08e+01  -4.1 1.36e-03    -  1.00e+00 5.00e-01h  2
2012  1.9881356e-04 1.48e-07 7.08e+01  -4.1 4.88e-04    -  1.00e+00 1.00e+00h  1
2013  1.9882265e-04 7.86e-08 7.05e+01  -4.1 4.08e-04    -  1.00e+00 5.00e-01h  2
2014  1.9882153e-04 6.07e-08 7.05e+01  -4.1 1.53e-02    -  1.00e+00 1.56e-02h  7
2015  1.9885459e-04 9.42e-09 7.09e+01  -4.1 7.45e-04    -  1.00e+00 1.00e+00H  1
2016  1.9879822e-04 1.70e-07 7.09e+01  -4.1 5.36e-04    -  1.00e+00 1.00e+00h  1
2017  1.9873953e-04 3.41e-07 7.09e+01  -4.1 9.57e-03    -  1.00e+00 6.25e-02h  5
2018  1.9873180e-04 3.78e-07 7.10e+01  -4.1 3.09e-03    -  1.00e+00 2.50e-01h  3
2019  1.9873056e-04 3.38e-07 7.10e+01  -4.1 2.84e-03    -  1.00e+00 1.25e-01h  4
iter    objective    inf_pr   inf_du lg(mu)  ||d||  lg(rg) alpha_du alpha_pr  ls
2020  1.9873405e-04 3.30e-07 7.04e+01  -4.1 3.16e-03    -  1.00e+00 3.12e-02h  6
2021  1.9880965e-04 6.97e-08 7.04e+01  -4.1 2.52e-04    -  1.00e+00 1.00e+00h  1
2022  1.9880853e-04 7.99e-08 7.04e+01  -4.1 3.26e-02    -  1.00e+00 7.81e-03h  8
2023  1.9878308e-04 2.30e-07 7.10e+01  -4.1 1.92e-02    -  1.00e+00 3.12e-02h  6
2024  1.9878253e-04 2.48e-07 7.04e+01  -4.1 3.51e-03    -  1.00e+00 1.25e-01h  4
2025  1.9878305e-04 2.41e-07 7.04e+01  -4.1 1.27e-03    -  1.00e+00 3.12e-02h  6
2026  1.9879934e-04 1.62e-07 7.04e+01  -4.1 5.27e-04    -  1.00e+00 5.00e-01h  2
2027  1.9880472e-04 9.07e-08 7.10e+01  -4.1 3.16e-04    -  1.00e+00 5.00e-01h  2
2028  1.9886296e-04 2.77e-09 7.06e+01  -4.1 9.51e-04    -  1.00e+00 1.00e+00H  1
2029  1.9886142e-04 2.76e-09 7.06e+01  -4.1 1.84e-02    -  1.00e+00 3.91e-03h  9
iter    objective    inf_pr   inf_du lg(mu)  ||d||  lg(rg) alpha_du alpha_pr  ls
2030  1.9886021e-04 1.02e-08 7.06e+01  -4.1 3.89e-03    -  1.00e+00 3.12e-02h  6
2031  1.9885959e-04 1.17e-08 7.06e+01  -4.1 4.25e-03    -  1.00e+00 1.56e-02h  7
2032  1.9885032e-04 2.05e-08 7.06e+01  -4.1 1.99e-01    -  1.00e+00 9.77e-04h 11
2033  1.9883718e-04 3.90e-08 7.06e+01  -4.1 3.01e-03    -  1.00e+00 6.25e-02h  5
2034  1.9883632e-04 3.90e-08 7.06e+01  -4.1 1.22e-01    -  1.00e+00 6.10e-05h 15
2035  1.9883625e-04 3.90e-08 7.08e+01  -4.1 3.26e-02    -  1.00e+00 2.98e-08h 26
2036  1.9884025e-04 4.29e-08 7.07e+01  -4.1 2.33e-04    -  1.00e+00 1.00e+00h  1
2037  1.9882749e-04 1.72e-07 7.07e+01  -4.1 9.82e-04    -  1.00e+00 5.00e-01h  2
2038  1.9880830e-04 3.18e-07 7.08e+01  -4.1 2.13e-03    -  1.00e+00 2.50e-01h  3
2039  1.9880603e-04 6.90e-07 7.07e+01  -4.1 5.54e-03    -  1.00e+00 1.25e-01h  4
iter    objective    inf_pr   inf_du lg(mu)  ||d||  lg(rg) alpha_du alpha_pr  ls
2040  1.9874290e-04 1.80e-06 7.07e+01  -4.1 4.33e-02    -  1.00e+00 3.12e-02h  6
2041  1.9873036e-04 1.62e-06 7.07e+01  -4.1 4.02e-03    -  1.00e+00 1.25e-01h  4
2042  1.9877429e-04 1.62e-06 7.07e+01  -4.1 6.74e-03    -  1.00e+00 6.25e-02h  5
2043  1.9876448e-04 1.57e-06 7.07e+01  -4.1 5.17e-02    -  1.00e+00 1.56e-02h  7
2044  1.9876755e-04 1.55e-06 7.08e+01  -4.1 8.83e-03    -  1.00e+00 3.12e-02h  6
2045  1.9876691e-04 1.54e-06 7.08e+01  -4.1 8.45e-03    -  1.00e+00 3.12e-02h  6
2046  1.9875419e-04 1.55e-06 7.08e+01  -4.1 5.81e-02    -  1.00e+00 1.95e-03h 10
2047  1.9880196e-04 1.32e-06 7.06e+01  -4.1 2.45e-03    -  1.00e+00 2.50e-01h  3
2048  1.9877484e-04 1.46e-06 7.06e+01  -4.1 5.84e-02    -  1.00e+00 7.81e-03h  8
2049  1.9876493e-04 1.48e-06 7.06e+01  -4.1 6.13e-02    -  1.00e+00 3.91e-03h  9
iter    objective    inf_pr   inf_du lg(mu)  ||d||  lg(rg) alpha_du alpha_pr  ls
2050  1.9876264e-04 1.50e-06 7.06e+01  -4.1 2.70e-02    -  1.00e+00 7.81e-03h  8
2051  1.9878353e-04 1.52e-06 7.09e+01  -4.1 3.22e-03    -  1.00e+00 2.50e-01h  3
2052  1.9877250e-04 1.59e-06 7.09e+01  -4.1 2.76e-02    -  1.00e+00 1.56e-02h  7
2053  1.9877426e-04 1.53e-06 7.09e+01  -4.1 1.62e-02    -  1.00e+00 3.12e-02h  6
2054  1.9876216e-04 1.61e-06 7.05e+01  -4.1 3.56e-03    -  1.00e+00 2.50e-01h  3
2055  1.9876726e-04 1.68e-06 7.04e+01  -4.1 4.95e-03    -  1.00e+00 1.25e-01h  4
2056  1.9876514e-04 1.65e-06 7.10e+01  -4.1 9.95e-03    -  1.00e+00 1.56e-02h  7
2057  1.9875030e-04 1.62e-06 7.04e+01  -4.1 4.82e-03    -  1.00e+00 1.25e-01h  4
2058  1.9875010e-04 1.60e-06 7.04e+01  -4.1 1.48e-02    -  1.00e+00 1.56e-02h  7
2059  1.9873929e-04 1.27e-06 7.10e+01  -4.1 5.49e-03    -  1.00e+00 1.25e-01h  4
iter    objective    inf_pr   inf_du lg(mu)  ||d||  lg(rg) alpha_du alpha_pr  ls
2060  1.9872919e-04 1.28e-06 7.10e+01  -4.1 6.92e-03    -  1.00e+00 6.25e-02h  5
2061  1.9872811e-04 1.33e-06 7.10e+01  -4.1 3.73e-02    -  1.00e+00 1.56e-02h  7
2062  1.9873733e-04 1.15e-06 7.10e+01  -4.1 2.37e-03    -  1.00e+00 1.25e-01h  4
2063  1.9873856e-04 1.15e-06 7.04e+01  -4.1 4.89e-02    -  1.00e+00 4.88e-04h 12
2064  1.9874667e-04 1.06e-06 7.04e+01  -4.1 2.97e-03    -  1.00e+00 1.25e-01h  4
2065  1.9874502e-04 1.04e-06 7.04e+01  -4.1 1.44e-02    -  1.00e+00 1.56e-02h  7
2066  1.9874499e-04 9.46e-07 7.04e+01  -4.1 1.07e-02    -  1.00e+00 3.12e-02h  6
2067  1.9875120e-04 8.79e-07 7.04e+01  -4.1 3.77e-03    -  1.00e+00 1.25e-01h  4
2068  1.9878644e-04 7.59e-07 7.03e+01  -4.1 2.16e-03    -  1.00e+00 2.50e-01h  3
2069  1.9878182e-04 4.20e-07 7.11e+01  -4.1 9.82e-04    -  1.00e+00 5.00e-01h  2
iter    objective    inf_pr   inf_du lg(mu)  ||d||  lg(rg) alpha_du alpha_pr  ls
2070  1.9878015e-04 4.20e-07 7.11e+01  -4.1 7.73e-02    -  1.00e+00 4.88e-04h 12
2071  1.9878111e-04 3.69e-07 7.03e+01  -4.1 5.39e-03    -  1.00e+00 1.25e-01h  4
2072  1.9880836e-04 8.72e-08 7.10e+01  -4.1 2.99e-04    -  1.00e+00 1.00e+00h  1
2073  1.9879098e-04 2.12e-07 7.10e+01  -4.1 5.44e-04    -  1.00e+00 1.00e+00h  1
2074  1.9882346e-04 1.20e-07 7.04e+01  -4.1 8.61e-04    -  1.00e+00 5.00e-01h  2
2075  1.9883560e-04 1.74e-08 7.05e+01  -4.1 4.67e-04    -  1.00e+00 1.00e+00H  1
2076  1.9882237e-04 3.08e-08 7.05e+01  -4.1 2.45e-03    -  1.00e+00 6.25e-02h  5
2077  1.9881606e-04 5.60e-08 7.09e+01  -4.1 9.22e-04    -  1.00e+00 2.50e-01h  3
2078  1.9881927e-04 5.05e-08 7.09e+01  -4.1 1.75e-03    -  1.00e+00 1.25e-01h  4
2079  1.9880327e-04 3.23e-08 7.07e+01  -4.1 2.20e-04    -  1.00e+00 1.00e+00h  1
iter    objective    inf_pr   inf_du lg(mu)  ||d||  lg(rg) alpha_du alpha_pr  ls
2080  1.9880564e-04 3.29e-08 7.07e+01  -4.1 1.00e-03    -  1.00e+00 6.25e-02h  5
2081  1.9880642e-04 3.15e-08 7.07e+01  -4.1 3.30e-03    -  1.00e+00 3.12e-02h  6
2082  1.9880504e-04 3.28e-08 7.08e+01  -4.1 8.04e-03    -  1.00e+00 7.81e-03h  8
2083  1.9885788e-04 1.79e-09 7.05e+01  -4.1 5.16e-04    -  1.00e+00 1.00e+00H  1
2084  1.9885632e-04 7.90e-09 7.05e+01  -4.1 8.18e-03    -  1.00e+00 1.56e-02h  7
2085  1.9884650e-04 9.64e-09 7.06e+01  -4.1 1.04e-02    -  1.00e+00 7.81e-03h  8
2086  1.9883936e-04 1.76e-08 7.06e+01  -4.1 5.35e-03    -  1.00e+00 6.25e-02h  5
2087  1.9882917e-04 2.09e-08 7.06e+01  -4.1 1.06e-01    -  1.00e+00 9.77e-04h 11
2088  1.9882418e-04 1.78e-08 7.06e+01  -4.1 4.58e-04    -  1.00e+00 2.50e-01h  3
2089  1.9882459e-04 1.78e-08 7.09e+01  -4.1 1.76e-01    -  1.00e+00 6.10e-05h 15
iter    objective    inf_pr   inf_du lg(mu)  ||d||  lg(rg) alpha_du alpha_pr  ls
2090  1.9882264e-04 5.23e-08 7.09e+01  -4.1 3.05e-02    -  1.00e+00 7.81e-03h  8
2091  1.9881358e-04 5.86e-08 7.08e+01  -4.1 1.45e-03    -  1.00e+00 2.50e-01h  3
2092  1.9880988e-04 3.67e-08 7.07e+01  -4.1 4.97e-04    -  1.00e+00 1.00e+00h  1
2093  1.9881402e-04 3.57e-08 7.07e+01  -4.1 6.52e-04    -  1.00e+00 1.25e-01h  4
2094  1.9883565e-04 6.60e-09 7.07e+01  -4.1 3.80e-04    -  1.00e+00 1.00e+00h  1
2095  1.9883276e-04 1.03e-08 7.07e+01  -4.1 1.47e-02    -  1.00e+00 1.56e-02h  7
2096  1.9883048e-04 1.20e-08 7.07e+01  -4.1 5.20e-03    -  1.00e+00 3.12e-02h  6
2097  1.9883036e-04 1.22e-08 7.07e+01  -4.1 1.26e-03    -  1.00e+00 6.25e-02h  5
2098  1.9882280e-04 2.39e-08 7.07e+01  -4.1 2.12e-02    -  1.00e+00 3.12e-02h  6
2099  1.9882348e-04 2.34e-08 7.07e+01  -4.1 1.52e-03    -  1.00e+00 3.12e-02h  6
iter    objective    inf_pr   inf_du lg(mu)  ||d||  lg(rg) alpha_du alpha_pr  ls
2100  1.9882091e-04 2.21e-08 7.07e+01  -4.1 1.15e-02    -  1.00e+00 7.81e-03h  8
2101  1.9882564e-04 1.64e-08 7.07e+01  -4.1 2.22e-04    -  1.00e+00 5.00e-01h  2
2102  1.9881496e-04 1.88e-08 7.07e+01  -4.1 3.43e-02    -  1.00e+00 7.81e-03h  8
2103  1.9882479e-04 1.62e-08 7.07e+01  -4.1 3.90e-04    -  1.00e+00 1.25e-01h  4
2104  1.9883059e-04 1.04e-08 7.07e+01  -4.1 1.87e-04    -  1.00e+00 5.00e-01h  2
2105  1.9882681e-04 9.48e-09 7.07e+01  -4.1 4.85e-04    -  1.00e+00 1.25e-01h  4
2106  1.9882676e-04 9.52e-09 7.07e+01  -4.1 4.18e-02    -  1.00e+00 4.88e-04h 12
2107  1.9882501e-04 1.32e-08 7.07e+01  -4.1 5.02e-02    -  1.00e+00 3.91e-03h  9
2108  1.9882308e-04 1.45e-08 7.07e+01  -4.1 2.49e-03    -  1.00e+00 3.12e-02h  6
2109  1.9882420e-04 1.37e-08 7.07e+01  -4.1 4.16e-04    -  1.00e+00 6.25e-02h  5
iter    objective    inf_pr   inf_du lg(mu)  ||d||  lg(rg) alpha_du alpha_pr  ls
2110  1.9882419e-04 1.35e-08 7.07e+01  -4.1 6.43e-03    -  1.00e+00 3.91e-03h  9
2111  1.9880853e-04 1.89e-07 7.09e+01  -4.1 1.32e-03    -  1.00e+00 5.00e-01h  2
2112  1.9880842e-04 1.47e-07 7.09e+01  -4.1 5.66e-04    -  1.00e+00 2.50e-01h  3
2113  1.9880741e-04 1.47e-07 7.06e+01  -4.1 4.58e-01    -  1.00e+00 3.81e-06h 19
2114  1.9880975e-04 1.14e-07 7.08e+01  -4.1 3.47e-04    -  1.00e+00 2.50e-01h  3
2115  1.9879348e-04 4.17e-07 7.05e+01  -4.1 1.52e-03    -  1.00e+00 5.00e-01h  2
2116  1.9880143e-04 3.69e-07 7.06e+01  -4.1 1.29e-03    -  1.00e+00 1.25e-01h  4
2117  1.9878954e-04 5.60e-07 7.07e+01  -4.1 2.38e-03    -  1.00e+00 2.50e-01h  3
2118  1.9879228e-04 5.36e-07 7.07e+01  -4.1 2.38e-03    -  1.00e+00 6.25e-02h  5
2119  1.9879955e-04 4.11e-07 7.07e+01  -4.1 3.16e-03    -  1.00e+00 2.50e-01h  3
iter    objective    inf_pr   inf_du lg(mu)  ||d||  lg(rg) alpha_du alpha_pr  ls
2120  1.9880341e-04 3.84e-07 7.07e+01  -4.1 1.73e-03    -  1.00e+00 6.25e-02h  5
2121  1.9880469e-04 3.71e-07 7.07e+01  -4.1 3.65e-03    -  1.00e+00 3.12e-02h  6
2122  1.9879047e-04 2.79e-07 7.07e+01  -4.1 3.62e-03    -  1.00e+00 1.25e-01h  4
2123  1.9879230e-04 3.05e-07 7.07e+01  -4.1 4.15e-03    -  1.00e+00 6.25e-02h  5
2124  1.9880652e-04 2.56e-07 7.06e+01  -4.1 1.14e-03    -  1.00e+00 2.50e-01h  3
2125  1.9880701e-04 2.48e-07 7.06e+01  -4.1 6.87e-04    -  1.00e+00 3.12e-02h  6
2126  1.9880726e-04 2.33e-07 7.06e+01  -4.1 7.86e-04    -  1.00e+00 6.25e-02h  5
2127  1.9880734e-04 2.32e-07 7.06e+01  -4.1 6.94e-04    -  1.00e+00 3.91e-03h  9
2128  1.9880732e-04 2.32e-07 7.08e+01  -4.1 1.21e-02    -  1.00e+00 9.77e-04h 11
2129  1.9886244e-04 5.37e-09 7.09e+01  -4.1 7.33e-04    -  1.00e+00 1.00e+00H  1
iter    objective    inf_pr   inf_du lg(mu)  ||d||  lg(rg) alpha_du alpha_pr  ls
2130  1.9882411e-04 1.97e-07 7.04e+01  -4.1 1.05e-03    -  1.00e+00 1.00e+00H  1
2131  1.9884474e-04 1.16e-07 7.10e+01  -4.1 2.57e-02    -  1.00e+00 3.12e-02h  6
2132  1.9884693e-04 8.22e-08 7.10e+01  -4.1 3.49e-03    -  1.00e+00 6.25e-02h  5
2133  1.9883360e-04 6.82e-08 7.04e+01  -4.1 1.25e-03    -  1.00e+00 1.00e+00H  1
2134  1.9883372e-04 6.88e-08 7.04e+01  -4.1 3.70e-02    -  1.00e+00 1.56e-02h  7
2135  1.9883321e-04 6.37e-08 7.04e+01  -4.1 8.92e-04    -  1.00e+00 2.50e-01h  3
2136  1.9882913e-04 5.93e-08 7.10e+01  -4.1 7.28e-02    -  1.00e+00 1.95e-03h 10
2137  1.9882394e-04 6.27e-08 7.04e+01  -4.1 5.47e-03    -  1.00e+00 1.25e-01h  4
2138  1.9881824e-04 1.44e-07 7.04e+01  -4.1 2.34e-03    -  1.00e+00 1.25e-01h  4
2139  1.9881561e-04 1.48e-07 7.04e+01  -4.1 4.53e-03    -  1.00e+00 6.25e-02h  5
iter    objective    inf_pr   inf_du lg(mu)  ||d||  lg(rg) alpha_du alpha_pr  ls
2140  1.9882372e-04 1.31e-07 7.04e+01  -4.1 5.84e-04    -  1.00e+00 1.25e-01h  4
2141  1.9882100e-04 1.30e-07 7.10e+01  -4.1 1.74e-02    -  1.00e+00 1.56e-02h  7
2142  1.9882365e-04 1.22e-07 7.10e+01  -4.1 4.42e-04    -  1.00e+00 6.25e-02h  5
2143  1.9882330e-04 1.22e-07 7.05e+01  -4.1 8.11e-02    -  1.00e+00 9.77e-04h 11
2144  1.9882114e-04 1.07e-07 7.04e+01  -4.1 1.61e-03    -  1.00e+00 1.25e-01h  4
2145  1.9882286e-04 1.04e-07 7.05e+01  -4.1 8.76e-04    -  1.00e+00 3.12e-02h  6
2146  1.9881847e-04 1.16e-07 7.10e+01  -4.1 1.41e-02    -  1.00e+00 1.56e-02h  7
2147  1.9885173e-04 5.93e-08 7.09e+01  -4.1 7.92e-04    -  1.00e+00 5.00e-01h  2
2148  1.9882578e-04 6.06e-08 7.05e+01  -4.1 1.28e-03    -  1.00e+00 5.00e-01h  2
2149  1.9881036e-04 7.99e-08 7.06e+01  -4.1 4.37e-03    -  1.00e+00 1.25e-01h  4
iter    objective    inf_pr   inf_du lg(mu)  ||d||  lg(rg) alpha_du alpha_pr  ls
2150  1.9881310e-04 7.62e-08 7.06e+01  -4.1 2.55e-03    -  1.00e+00 1.25e-01h  4
2151  1.9881298e-04 7.55e-08 7.06e+01  -4.1 6.40e-03    -  1.00e+00 7.81e-03h  8
2152  1.9881211e-04 6.94e-08 7.06e+01  -4.1 9.34e-04    -  1.00e+00 1.25e-01h  4
2153  1.9881448e-04 6.91e-08 7.08e+01  -4.1 2.01e-02    -  1.00e+00 7.81e-03h  8
2154  1.9885603e-04 1.78e-08 7.07e+01  -4.1 1.94e-04    -  1.00e+00 1.00e+00h  1
2155  1.9885542e-04 1.81e-08 7.07e+01  -4.1 8.34e-02    -  1.00e+00 1.95e-03h 10
2156  1.9879952e-04 2.23e-06 7.09e+01  -4.1 7.06e-02    -  1.00e+00 3.12e-02h  6
2157  1.9875331e-04 2.83e-06 7.10e+01  -4.1 2.88e-03    -  1.00e+00 1.00e+00h  1
2158  1.9874554e-04 2.81e-06 7.10e+01  -4.1 7.35e-03    -  1.00e+00 6.25e-02h  5
2159  1.9873671e-04 2.73e-06 7.10e+01  -4.1 1.30e-02    -  1.00e+00 3.12e-02h  6
iter    objective    inf_pr   inf_du lg(mu)  ||d||  lg(rg) alpha_du alpha_pr  ls
2160  1.9876911e-04 2.72e-06 7.04e+01  -4.1 1.01e-02    -  1.00e+00 1.95e-03h 10
2161  1.9875498e-04 1.62e-07 7.02e+01  -4.1 4.24e-04    -  1.00e+00 1.00e+00h  1
2162  1.9879755e-04 9.73e-08 7.11e+01  -4.1 1.50e-03    -  1.00e+00 5.00e-01h  2
2163  1.9876400e-04 1.25e-07 7.03e+01  -4.1 4.83e-04    -  1.00e+00 1.00e+00h  1
2164  1.9876013e-04 1.30e-07 7.11e+01  -4.1 2.82e-03    -  1.00e+00 1.25e-01h  4
2165  1.9883811e-04 1.02e-07 7.03e+01  -4.1 8.64e-04    -  1.00e+00 1.00e+00h  1
2166  1.9874401e-04 9.27e-08 7.04e+01  -4.1 8.45e-04    -  1.00e+00 1.00e+00h  1
2167  1.9874018e-04 1.08e-07 7.04e+01  -4.1 2.10e-02    -  1.00e+00 1.56e-02h  7
2168  1.9881132e-04 3.32e-08 7.11e+01  -4.1 5.74e-04    -  1.00e+00 1.00e+00h  1
2169  1.9879194e-04 8.81e-09 7.05e+01  -4.1 5.08e-04    -  1.00e+00 1.00e+00h  1
iter    objective    inf_pr   inf_du lg(mu)  ||d||  lg(rg) alpha_du alpha_pr  ls
2170  1.9883817e-04 7.61e-09 7.06e+01  -4.1 2.17e-04    -  1.00e+00 1.00e+00H  1
2171  1.9883696e-04 7.60e-09 7.06e+01  -4.1 4.68e-02    -  1.00e+00 9.77e-04h 11
2172  1.9883546e-04 1.10e-08 7.08e+01  -4.1 9.03e-03    -  1.00e+00 1.56e-02h  7
2173  1.9882762e-04 9.50e-09 7.09e+01  -4.1 5.45e-04    -  1.00e+00 2.50e-01h  3
2174  1.9881561e-04 1.39e-08 7.08e+01  -4.1 1.15e-03    -  1.00e+00 1.25e-01h  4
2175  1.9880835e-04 1.14e-08 7.07e+01  -4.1 4.90e-04    -  1.00e+00 5.00e-01h  2
2176  1.9880750e-04 1.12e-08 7.07e+01  -4.1 8.77e-04    -  1.00e+00 3.12e-02h  6
2177  1.9881377e-04 1.19e-08 7.08e+01  -4.1 4.65e-04    -  1.00e+00 1.25e-01h  4
2178  1.9882768e-04 3.61e-09 7.08e+01  -4.1 1.38e-04    -  1.00e+00 1.00e+00h  1
2179  1.9882815e-04 3.60e-09 7.07e+01  -4.1 2.54e-03    -  1.00e+00 3.12e-02h  6
iter    objective    inf_pr   inf_du lg(mu)  ||d||  lg(rg) alpha_du alpha_pr  ls
2180  1.9878938e-04 3.57e-08 7.08e+01  -4.1 9.82e-04    -  1.00e+00 2.50e-01h  3
2181  1.9878917e-04 3.55e-08 7.08e+01  -4.1 2.66e-02    -  1.00e+00 3.91e-03h  9
2182  1.9879060e-04 3.48e-08 7.08e+01  -4.1 2.01e-03    -  1.00e+00 3.12e-02h  6
2183  1.9879141e-04 3.41e-08 7.08e+01  -4.1 2.47e-03    -  1.00e+00 3.12e-02h  6
2184  1.9879139e-04 3.22e-08 7.08e+01  -4.1 1.95e-02    -  1.00e+00 3.91e-03h  9
2185  1.9879180e-04 3.19e-08 7.08e+01  -4.1 1.94e-03    -  1.00e+00 1.56e-02h  7
2186  1.9879116e-04 3.19e-08 7.07e+01  -4.1 6.73e-02    -  1.00e+00 1.19e-07h 24
2187  1.9879178e-04 3.09e-08 7.07e+01  -4.1 4.49e-04    -  1.00e+00 3.12e-02h  6
2188  1.9879188e-04 3.09e-08 7.07e+01  -4.1 7.60e-04    -  1.00e+00 1.95e-03h 10
2189  1.9879194e-04 3.07e-08 7.07e+01  -4.1 3.87e-03    -  1.00e+00 3.91e-03h  9
iter    objective    inf_pr   inf_du lg(mu)  ||d||  lg(rg) alpha_du alpha_pr  ls
2190  1.9879195e-04 3.07e-08 7.07e+01  -4.1 4.39e-04    -  1.00e+00 2.44e-04h 13
2191  1.9879192e-04 3.06e-08 7.07e+01  -4.1 8.91e-03    -  1.00e+00 3.91e-03h  9
2192  1.9884395e-04 7.50e-09 7.08e+01  -4.1 2.26e-04    -  1.00e+00 1.00e+00H  1
2193  1.9884228e-04 8.70e-09 7.08e+01  -4.1 6.40e-02    -  1.00e+00 3.91e-03h  9
2194  1.9874296e-04 1.67e-07 7.01e+01  -4.1 5.07e-04    -  1.00e+00 1.00e+00h  1
2195  1.9871722e-04 3.74e-07 7.13e+01  -4.1 8.08e-04    -  1.00e+00 1.00e+00h  1
2196  1.9868469e-04 1.46e-05 7.02e+01  -4.1 7.41e-03    -  1.00e+00 5.00e-01h  2
2197  1.9839024e-04 4.26e-06 7.02e+01  -4.1 1.90e-03    -  1.00e+00 1.00e+00h  1
2198  1.9838735e-04 1.56e-06 7.12e+01  -4.1 1.23e-03    -  1.00e+00 1.00e+00h  1
2199  1.9838604e-04 1.56e-06 7.02e+01  -4.1 1.46e-01    -  1.00e+00 2.44e-04h 13
iter    objective    inf_pr   inf_du lg(mu)  ||d||  lg(rg) alpha_du alpha_pr  ls
2200  1.9861375e-04 2.05e-07 7.02e+01  -4.1 7.01e-04    -  1.00e+00 1.00e+00h  1
2201  1.9859282e-04 4.19e-07 7.12e+01  -4.1 1.58e-01    -  1.00e+00 3.91e-03h  9
2202  1.9859429e-04 3.92e-07 7.12e+01  -4.1 5.80e-03    -  1.00e+00 3.12e-02h  6
2203  1.9851876e-04 5.15e-07 7.12e+01  -4.1 1.49e-02    -  1.00e+00 3.12e-02h  6
2204  1.9868265e-04 1.41e-07 7.02e+01  -4.1 5.24e-04    -  1.00e+00 1.00e+00h  1
2205  1.9873543e-04 1.09e-07 7.12e+01  -4.1 5.13e-04    -  1.00e+00 5.00e-01h  2
2206  1.9876180e-04 1.07e-07 7.12e+01  -4.1 7.71e-04    -  1.00e+00 5.00e-01h  2
2207  1.9872200e-04 1.16e-07 7.12e+01  -4.1 2.72e-01    -  1.00e+00 1.95e-03h 10
2208  1.9872529e-04 1.17e-07 7.02e+01  -4.1 7.69e-03    -  1.00e+00 1.56e-02h  7
2209  1.9879120e-04 2.88e-08 7.11e+01  -4.1 4.10e-04    -  1.00e+00 1.00e+00h  1
iter    objective    inf_pr   inf_du lg(mu)  ||d||  lg(rg) alpha_du alpha_pr  ls
2210  1.9878389e-04 5.26e-08 7.11e+01  -4.1 3.54e-03    -  1.00e+00 1.25e-01h  4
2211  1.9878514e-04 4.70e-08 7.11e+01  -4.1 8.94e-04    -  1.00e+00 1.25e-01h  4
2212  1.9876414e-04 5.04e-08 7.10e+01  -4.1 4.06e-03    -  1.00e+00 6.25e-02h  5
2213  1.9878270e-04 1.81e-08 7.04e+01  -4.1 3.47e-04    -  1.00e+00 5.00e-01h  2
2214  1.9877089e-04 4.21e-08 7.04e+01  -4.1 7.39e-02    -  1.00e+00 3.91e-03h  9
2215  1.9877116e-04 4.13e-08 7.04e+01  -4.1 8.14e-03    -  1.00e+00 7.81e-03h  8
2216  1.9882151e-04 1.15e-08 7.11e+01  -4.1 2.06e-04    -  1.00e+00 1.00e+00h  1
2217  1.9878157e-04 2.53e-08 7.08e+01  -4.1 2.80e-04    -  1.00e+00 1.00e+00h  1
2218  1.9877887e-04 2.20e-08 7.09e+01  -4.1 1.59e-03    -  1.00e+00 6.25e-02h  5
2219  1.9885728e-04 6.96e-09 7.05e+01  -4.1 2.93e-04    -  1.00e+00 1.00e+00H  1
iter    objective    inf_pr   inf_du lg(mu)  ||d||  lg(rg) alpha_du alpha_pr  ls
2220  1.9885390e-04 4.09e-09 7.05e+01  -4.1 1.16e-01    -  1.00e+00 9.77e-04h 11
2221  1.9883340e-04 9.15e-09 7.05e+01  -4.1 2.09e-02    -  1.00e+00 7.81e-03h  8
2222  1.9883042e-04 9.07e-09 7.05e+01  -4.1 6.64e-04    -  1.00e+00 3.12e-02h  6
2223  1.9883491e-04 8.99e-09 7.09e+01  -4.1 2.23e-03    -  1.00e+00 1.56e-02h  7
2224  1.9874937e-04 4.54e-08 7.06e+01  -4.1 1.15e-03    -  1.00e+00 5.00e-01h  2
2225  1.9874811e-04 4.59e-08 7.07e+01  -4.1 6.44e-03    -  1.00e+00 3.12e-02h  6
2226  1.9875168e-04 4.46e-08 7.07e+01  -4.1 3.40e-03    -  1.00e+00 3.12e-02h  6
2227  1.9876562e-04 3.79e-08 7.06e+01  -4.1 1.69e-03    -  1.00e+00 2.50e-01h  3
2228  1.9877205e-04 3.32e-08 7.06e+01  -4.1 1.11e-03    -  1.00e+00 1.25e-01h  4
2229  1.9877783e-04 2.94e-08 7.06e+01  -4.1 3.52e-04    -  1.00e+00 1.25e-01h  4
iter    objective    inf_pr   inf_du lg(mu)  ||d||  lg(rg) alpha_du alpha_pr  ls
2230  1.9877705e-04 2.94e-08 7.09e+01  -4.1 6.66e-02    -  1.00e+00 4.88e-04h 12
2231  1.9877857e-04 2.85e-08 7.09e+01  -4.1 1.73e-04    -  1.00e+00 3.12e-02h  6
2232  1.9877604e-04 2.97e-08 7.06e+01  -4.1 2.84e-03    -  1.00e+00 3.12e-02h  6
2233  1.9877675e-04 2.92e-08 7.06e+01  -4.1 2.10e-04    -  1.00e+00 1.56e-02h  7
2234  1.9877693e-04 2.91e-08 7.06e+01  -4.1 6.84e-03    -  1.00e+00 3.91e-03h  9
2235  1.9877709e-04 2.90e-08 7.06e+01  -4.1 4.60e-04    -  1.00e+00 3.91e-03h  9
2236  1.9880171e-04 2.34e-08 7.05e+01  -4.1 2.29e-04    -  1.00e+00 5.00e-01h  2
2237  1.9883057e-04 1.96e-08 7.10e+01  -4.1 4.43e-04    -  1.00e+00 2.50e-01h  3
2238  1.9875448e-04 3.16e-07 7.07e+01  -4.1 8.84e-04    -  1.00e+00 1.00e+00h  1
2239  1.9875409e-04 3.17e-07 7.07e+01  -4.1 9.50e-03    -  1.00e+00 1.56e-02h  7
iter    objective    inf_pr   inf_du lg(mu)  ||d||  lg(rg) alpha_du alpha_pr  ls
2240  1.9873012e-04 2.96e-07 7.07e+01  -4.1 1.68e-03    -  1.00e+00 5.00e-01h  2
2241  1.9877338e-04 1.74e-07 7.09e+01  -4.1 5.76e-04    -  1.00e+00 5.00e-01h  2
2242  1.9877573e-04 1.53e-07 7.09e+01  -4.1 2.98e-04    -  1.00e+00 1.25e-01h  4
2243  1.9877503e-04 1.52e-07 7.05e+01  -4.1 8.68e-04    -  1.00e+00 3.91e-03h  9
2244  1.9877584e-04 1.50e-07 7.05e+01  -4.1 4.24e-03    -  1.00e+00 3.12e-02h  6
2245  1.9881978e-04 8.89e-09 7.10e+01  -4.1 1.60e-04    -  1.00e+00 1.00e+00h  1
2246  1.9879989e-04 3.37e-08 7.07e+01  -4.1 9.49e-04    -  1.00e+00 1.00e+00h  1
2247  1.9879934e-04 2.40e-08 7.08e+01  -4.1 7.71e-04    -  1.00e+00 5.00e-01h  2
2248  1.9879688e-04 4.78e-08 7.06e+01  -4.1 1.27e-03    -  1.00e+00 2.50e-01h  3
2249  1.9879233e-04 5.13e-08 7.06e+01  -4.1 2.26e-01    -  1.00e+00 3.91e-03h  9
iter    objective    inf_pr   inf_du lg(mu)  ||d||  lg(rg) alpha_du alpha_pr  ls
2250  1.9881763e-04 2.36e-08 7.05e+01  -4.1 1.41e-03    -  1.00e+00 5.00e-01h  2
2251  1.9879687e-04 3.16e-08 7.10e+01  -4.1 3.90e-03    -  1.00e+00 1.25e-01h  4
2252  1.9880322e-04 1.77e-08 7.10e+01  -4.1 8.32e-04    -  1.00e+00 5.00e-01h  2
2253  1.9879685e-04 1.97e-08 7.05e+01  -4.1 2.61e-03    -  1.00e+00 6.25e-02h  5
2254  1.9881458e-04 1.61e-08 7.09e+01  -4.1 1.25e-04    -  1.00e+00 1.00e+00h  1
2255  1.9881398e-04 1.42e-08 7.09e+01  -4.1 4.83e-04    -  1.00e+00 1.25e-01h  4
2256  1.9858818e-04 3.29e-06 7.13e+01  -4.1 2.46e-03    -  1.00e+00 1.00e+00h  1
2257  1.9869382e-04 2.41e-06 7.12e+01  -4.1 1.30e-03    -  1.00e+00 2.50e-01h  3
2258  1.9857964e-04 1.97e-06 7.09e+01  -4.1 1.21e-02    -  1.00e+00 2.50e-01h  3
2259  1.9870172e-04 9.34e-07 7.05e+01  -4.1 4.38e-03    -  1.00e+00 5.00e-01h  2
iter    objective    inf_pr   inf_du lg(mu)  ||d||  lg(rg) alpha_du alpha_pr  ls
2260  1.9869162e-04 9.19e-07 7.09e+01  -4.1 1.34e-02    -  1.00e+00 1.56e-02h  7
2261  1.9871202e-04 8.89e-07 7.09e+01  -4.1 9.74e-03    -  1.00e+00 3.12e-02h  6
2262  1.9857610e-04 8.31e-07 7.03e+01  -4.1 3.24e-03    -  1.00e+00 5.00e-01h  2
2263  1.9864949e-04 6.41e-07 7.03e+01  -4.1 2.33e-03    -  1.00e+00 2.50e-01h  3
2264  1.9855665e-04 7.54e-07 7.03e+01  -4.1 7.22e-03    -  1.00e+00 6.25e-02h  5
2265  1.9864348e-04 3.26e-07 7.12e+01  -4.1 1.02e-03    -  1.00e+00 5.00e-01h  2
2266  1.9868179e-04 1.84e-07 7.12e+01  -4.1 6.99e-04    -  1.00e+00 5.00e-01h  2
2267  1.9870331e-04 1.89e-07 7.02e+01  -4.1 2.78e-03    -  1.00e+00 6.25e-02h  5
2268  1.9870120e-04 1.70e-07 7.03e+01  -4.1 6.83e-04    -  1.00e+00 5.00e-01h  2
2269  1.9874914e-04 1.01e-07 7.03e+01  -4.1 1.23e-03    -  1.00e+00 5.00e-01h  2
iter    objective    inf_pr   inf_du lg(mu)  ||d||  lg(rg) alpha_du alpha_pr  ls
2270  1.9873729e-04 1.14e-07 7.12e+01  -4.1 2.77e-03    -  1.00e+00 1.25e-01h  4
2271  1.9875565e-04 6.60e-08 7.11e+01  -4.1 3.60e-04    -  1.00e+00 5.00e-01h  2
2272  1.9876743e-04 5.03e-08 7.03e+01  -4.1 9.86e-04    -  1.00e+00 2.50e-01h  3
2273  1.9878359e-04 2.55e-08 7.03e+01  -4.1 6.32e-04    -  1.00e+00 5.00e-01h  2
2274  1.9878347e-04 2.69e-08 7.03e+01  -4.1 7.94e-03    -  1.00e+00 7.81e-03h  8
2275  1.9878444e-04 2.51e-08 7.10e+01  -4.1 5.36e-04    -  1.00e+00 5.00e-01h  2
2276  1.9879663e-04 1.69e-08 7.04e+01  -4.1 2.43e-04    -  1.00e+00 1.00e+00h  1
2277  1.9879594e-04 1.72e-08 7.04e+01  -4.1 6.04e-03    -  1.00e+00 7.81e-03h  8
2278  1.9882203e-04 5.40e-09 7.09e+01  -4.1 4.27e-04    -  1.00e+00 1.00e+00h  1
2279  1.9882114e-04 8.21e-09 7.09e+01  -4.1 1.03e-03    -  1.00e+00 6.25e-02h  5
iter    objective    inf_pr   inf_du lg(mu)  ||d||  lg(rg) alpha_du alpha_pr  ls
2280  1.9879730e-04 4.09e-09 7.08e+01  -4.1 5.85e-04    -  1.00e+00 5.00e-01h  2
2281  1.9888531e-04 4.41e-09 7.05e+01  -4.1 4.09e-04    -  1.00e+00 1.00e+00H  1
2282  1.9888066e-04 5.62e-09 7.05e+01  -4.1 2.14e-03    -  1.00e+00 1.56e-02h  7
2283  1.9887890e-04 4.85e-09 7.05e+01  -4.1 8.53e-02    -  1.00e+00 1.95e-03h 10
2284  1.9886236e-04 3.70e-09 7.04e+01  -4.1 1.01e-03    -  1.00e+00 6.25e-02h  5
2285  1.9884966e-04 4.65e-09 7.04e+01  -4.1 5.41e-01    -  1.00e+00 6.10e-05h 15
2286  1.9884429e-04 4.63e-09 7.10e+01  -4.1 6.58e-03    -  1.00e+00 3.91e-03h  9
2287  1.9880642e-04 2.74e-09 7.08e+01  -4.1 3.20e-04    -  1.00e+00 1.00e+00H  1
2288  1.9881082e-04 3.14e-09 7.08e+01  -4.1 1.14e-04    -  1.00e+00 5.00e-01h  2
2289  1.9881084e-04 3.14e-09 7.08e+01  -4.1 3.30e-03    -  1.00e+00 9.77e-04h 11
iter    objective    inf_pr   inf_du lg(mu)  ||d||  lg(rg) alpha_du alpha_pr  ls
2290  1.9880986e-04 3.12e-09 7.08e+01  -4.1 1.44e-03    -  1.00e+00 7.81e-03h  8
2291  1.9882621e-04 3.82e-09 7.06e+01  -4.1 2.30e-03    -  1.00e+00 6.25e-02h  5
2292  1.9883290e-04 4.15e-09 7.06e+01  -4.1 5.09e-04    -  1.00e+00 2.50e-01h  3
2293  1.9883239e-04 4.29e-09 7.06e+01  -4.1 8.97e-02    -  1.00e+00 1.95e-03h 10
2294  1.9883286e-04 4.37e-09 7.06e+01  -4.1 1.91e-03    -  1.00e+00 1.56e-02h  7
2295  1.9883106e-04 4.65e-09 7.06e+01  -4.1 1.12e-01    -  1.00e+00 2.44e-04h 13
2296  1.9882951e-04 4.71e-09 7.06e+01  -4.1 1.60e-03    -  1.00e+00 1.56e-02h  7
2297  1.9882246e-04 4.73e-09 7.06e+01  -4.1 2.42e-03    -  1.00e+00 1.56e-02h  7
2298  1.9882006e-04 4.73e-09 7.08e+01  -4.1 2.39e-01    -  1.00e+00 9.54e-07h 21
2299  1.9882927e-04 3.72e-09 7.07e+01  -4.1 1.17e-03    -  1.00e+00 2.50e-01h  3
iter    objective    inf_pr   inf_du lg(mu)  ||d||  lg(rg) alpha_du alpha_pr  ls
2300  1.9882786e-04 3.86e-09 7.06e+01  -4.1 2.90e-03    -  1.00e+00 7.81e-03h  8
2301  1.9882807e-04 3.84e-09 7.07e+01  -4.1 1.82e-03    -  1.00e+00 1.56e-02h  7
2302  1.9882710e-04 3.93e-09 7.07e+01  -4.1 8.68e-03    -  1.00e+00 3.91e-03h  9
2303  1.9882777e-04 3.54e-09 7.08e+01  -4.1 7.02e-04    -  1.00e+00 1.25e-01h  4
2304  1.9881687e-04 1.79e-09 7.05e+01  -4.1 2.27e-04    -  1.00e+00 1.00e+00H  1
2305  1.9881445e-04 2.16e-09 7.05e+01  -4.1 1.84e-03    -  1.00e+00 3.12e-02h  6
2306  1.9881457e-04 2.16e-09 7.05e+01  -4.1 1.90e-03    -  1.00e+00 1.95e-03h 10
2307  1.9881451e-04 2.16e-09 7.05e+01  -4.1 2.60e-03    -  1.00e+00 9.77e-04h 11
2308  1.9881582e-04 2.09e-09 7.09e+01  -4.1 1.41e-03    -  1.00e+00 3.12e-02h  6
2309  1.9881605e-04 2.09e-09 7.05e+01  -4.1 1.47e-03    -  1.00e+00 1.56e-02h  7
iter    objective    inf_pr   inf_du lg(mu)  ||d||  lg(rg) alpha_du alpha_pr  ls
2310  1.9885155e-04 2.44e-09 7.05e+01  -4.1 3.12e-04    -  1.00e+00 1.00e+00H  1
2311  1.9885313e-04 2.71e-09 7.05e+01  -4.1 1.68e-02    -  1.00e+00 1.56e-02h  7
2312  1.9885300e-04 2.73e-09 7.05e+01  -4.1 2.07e-02    -  1.00e+00 1.95e-03h 10
2313  1.9884883e-04 2.86e-09 7.05e+01  -4.1 6.92e-02    -  1.00e+00 4.88e-04h 12
2314  1.9884576e-04 2.13e-09 7.05e+01  -4.1 2.97e-04    -  1.00e+00 1.25e-01h  4
2315  1.9881915e-04 1.30e-10 7.10e+01  -4.1 3.00e-04    -  1.00e+00 1.00e+00H  1
2316  1.9881873e-04 1.53e-10 7.04e+01  -4.1 7.04e-04    -  1.00e+00 3.12e-02h  6
2317  1.9882336e-04 3.04e-10 7.04e+01  -4.1 7.20e-04    -  1.00e+00 6.25e-02h  5
2318  1.9882200e-04 3.20e-10 7.04e+01  -4.1 1.54e-02    -  1.00e+00 3.91e-03h  9
2319  1.9882632e-04 3.71e-10 7.04e+01  -4.1 4.53e-04    -  1.00e+00 1.25e-01h  4
iter    objective    inf_pr   inf_du lg(mu)  ||d||  lg(rg) alpha_du alpha_pr  ls
2320  1.9882594e-04 3.36e-10 7.10e+01  -4.1 1.54e-04    -  1.00e+00 1.25e-01h  4
2321  1.9882615e-04 4.97e-10 7.10e+01  -4.1 3.08e-05    -  1.00e+00 1.00e+00h  1
2322  1.9882615e-04 4.96e-10 7.10e+01  -4.1 6.74e-03    -  1.00e+00 2.44e-04h 13
2323  1.9882401e-04 5.02e-10 7.04e+01  -4.1 1.27e-03    -  1.00e+00 3.12e-02h  6
2324  1.9882406e-04 5.01e-10 7.04e+01  -4.1 1.59e-02    -  1.00e+00 9.77e-04h 11
2325  1.9881821e-04 2.19e-09 7.10e+01  -4.1 4.34e-04    -  1.00e+00 1.25e-01h  4
2326  1.9881873e-04 2.17e-09 7.10e+01  -4.1 2.11e-03    -  1.00e+00 7.81e-03h  8
2327  1.9881831e-04 2.16e-09 7.04e+01  -4.1 1.54e-03    -  1.00e+00 6.25e-02h  5
2328  1.9881856e-04 2.15e-09 7.04e+01  -4.1 3.39e-04    -  1.00e+00 3.91e-03h  9
2329  1.9881846e-04 2.08e-09 7.04e+01  -4.1 4.55e-04    -  1.00e+00 6.25e-02h  5
iter    objective    inf_pr   inf_du lg(mu)  ||d||  lg(rg) alpha_du alpha_pr  ls
2330  1.9881850e-04 2.08e-09 7.04e+01  -4.1 5.17e-03    -  1.00e+00 1.95e-03h 10
2331  1.9881866e-04 2.08e-09 7.10e+01  -4.1 2.86e-03    -  1.00e+00 1.95e-03h 10
2332  1.9881872e-04 2.08e-09 7.10e+01  -4.1 1.80e-03    -  1.00e+00 9.77e-04h 11
2333  1.9881874e-04 2.07e-09 7.10e+01  -4.1 1.12e-04    -  1.00e+00 3.91e-03h  9
2334  1.9881844e-04 2.14e-09 7.04e+01  -4.1 4.51e-03    -  1.00e+00 1.56e-02h  7
2335  1.9881846e-04 2.14e-09 7.04e+01  -4.1 3.05e-03    -  1.00e+00 2.44e-04h 13
2336  1.9881739e-04 2.19e-09 7.10e+01  -4.1 4.88e-02    -  1.00e+00 1.95e-03h 10
2337  1.9883464e-04 1.88e-09 7.10e+01  -4.1 2.78e-04    -  1.00e+00 2.50e-01h  3
2338  1.9882387e-04 7.27e-10 7.04e+01  -4.1 5.65e-05    -  1.00e+00 1.00e+00h  1
2339  1.9882477e-04 5.31e-11 7.10e+01  -4.1 2.59e-05    -  1.00e+00 1.00e+00h  1
iter    objective    inf_pr   inf_du lg(mu)  ||d||  lg(rg) alpha_du alpha_pr  ls
2340  1.9882560e-04 4.26e-11 7.03e+01  -4.1 1.58e-05    -  1.00e+00 1.00e+00h  1
2341  1.9882749e-04 1.26e-10 7.03e+01  -4.1 2.56e-04    -  1.00e+00 2.50e-01h  3
2342  1.9882742e-04 1.26e-10 7.11e+01  -4.1 9.00e-03  -2.7 1.00e+00 6.10e-05h 15
2343  1.9882841e-04 8.82e-11 7.11e+01  -4.1 1.44e-04    -  1.00e+00 5.00e-01h  2
2344  1.9882313e-04 8.16e-10 7.03e+01  -4.1 2.34e-03    -  1.00e+00 6.25e-02h  5
2345  1.9882377e-04 7.15e-10 7.03e+01  -4.1 2.26e-04    -  1.00e+00 1.25e-01h  4
2346  1.9881278e-04 7.72e-09 7.03e+01  -4.1 1.62e-03    -  1.00e+00 2.50e-01h  3
2347  1.9881741e-04 7.37e-09 7.03e+01  -4.1 1.43e-03    -  1.00e+00 6.25e-02h  5
2348  1.9881632e-04 7.50e-09 7.03e+01  -4.1 8.24e-03    -  1.00e+00 7.81e-03h  8
2349  1.9881707e-04 7.37e-09 7.11e+01  -4.1 2.44e-03    -  1.00e+00 1.56e-02h  7
iter    objective    inf_pr   inf_du lg(mu)  ||d||  lg(rg) alpha_du alpha_pr  ls
2350  1.9881743e-04 7.36e-09 7.11e+01  -4.1 1.45e-03    -  1.00e+00 3.91e-03h  9
2351  1.9881662e-04 7.28e-09 7.11e+01  -4.1 7.20e-02    -  1.00e+00 9.77e-04h 11
2352  1.9881719e-04 7.19e-09 7.11e+01  -4.1 3.14e-03    -  1.00e+00 7.81e-03h  8
2353  1.9880955e-04 4.72e-08 7.12e+01  -4.1 4.40e-03    -  1.00e+00 2.50e-01h  3
2354  1.9881543e-04 4.35e-08 7.12e+01  -4.1 2.97e-03    -  1.00e+00 6.25e-02h  5
2355  1.9879320e-04 9.13e-08 7.04e+01  -4.1 1.16e-02    -  1.00e+00 1.25e-01h  4
2356  1.9879342e-04 9.12e-08 7.10e+01  -4.1 2.78e-02    -  1.00e+00 1.95e-03h 10
2357  1.9880332e-04 8.03e-08 7.09e+01  -4.1 2.65e-04    -  1.00e+00 1.25e-01h  4
2358  1.9879280e-04 8.36e-08 7.05e+01  -4.1 1.05e-01    -  1.00e+00 3.91e-03h  9
2359  1.9880205e-04 7.35e-08 7.06e+01  -4.1 9.58e-04    -  1.00e+00 2.50e-01h  3
iter    objective    inf_pr   inf_du lg(mu)  ||d||  lg(rg) alpha_du alpha_pr  ls
2360  1.9880551e-04 6.50e-08 7.08e+01  -4.1 8.78e-04    -  1.00e+00 1.25e-01h  4
2361  1.9884096e-04 6.86e-09 7.07e+01  -4.1 2.29e-04    -  1.00e+00 1.00e+00h  1
2362  1.9883960e-04 6.55e-09 7.07e+01  -4.1 1.22e-02    -  1.00e+00 1.56e-02h  7
2363  1.9883864e-04 7.58e-09 7.07e+01  -4.1 3.53e-02    -  1.00e+00 1.95e-03h 10
2364  1.9879359e-04 8.35e-08 7.09e+01  -4.1 4.86e-03    -  1.00e+00 1.25e-01h  4
2365  1.9880457e-04 7.39e-08 7.09e+01  -4.1 2.15e-03    -  1.00e+00 1.25e-01h  4
2366  1.9879529e-04 8.06e-08 7.08e+01  -4.1 1.05e-02    -  1.00e+00 3.12e-02h  6
2367  1.9897295e-04 3.68e-08 7.05e+01  -4.1 8.67e-04    -  1.00e+00 1.00e+00H  1
2368  1.9894974e-04 2.98e-08 7.05e+01  -4.1 2.45e-03    -  1.00e+00 1.25e-01h  4
2369  1.9893398e-04 5.75e-08 7.05e+01  -4.1 1.35e-02    -  1.00e+00 1.56e-02h  7
iter    objective    inf_pr   inf_du lg(mu)  ||d||  lg(rg) alpha_du alpha_pr  ls
2370  1.9892430e-04 6.90e-08 7.06e+01  -4.1 4.53e-03    -  1.00e+00 3.12e-02h  6
2371  1.9886770e-04 7.35e-08 7.08e+01  -4.1 1.43e-01    -  1.00e+00 3.91e-03h  9
2372  1.9886477e-04 7.30e-08 7.08e+01  -4.1 2.22e-02    -  1.00e+00 7.81e-03h  8
2373  1.9901441e-04 7.89e-09 7.06e+01  -4.1 1.50e-03    -  1.00e+00 1.00e+00H  1
2374  1.9899263e-04 1.20e-08 7.06e+01  -4.1 1.06e-03    -  1.00e+00 1.25e-01h  4
2375  1.9898138e-04 1.44e-08 7.06e+01  -4.1 1.70e-01    -  1.00e+00 4.88e-04h 12
2376  1.9893349e-04 2.64e-08 7.06e+01  -4.1 4.23e-02    -  1.00e+00 7.81e-03h  8
2377  1.9888579e-04 3.60e-08 7.09e+01  -4.1 7.63e-03    -  1.00e+00 6.25e-02h  5
2378  1.9887962e-04 5.84e-08 7.08e+01  -4.1 8.24e-04    -  1.00e+00 1.00e+00H  1
2379  1.9882454e-04 1.08e-08 7.08e+01  -4.1 2.95e-02    -  1.00e+00 7.81e-03h  8
iter    objective    inf_pr   inf_du lg(mu)  ||d||  lg(rg) alpha_du alpha_pr  ls
2380  1.9888536e-04 1.26e-08 7.06e+01  -4.1 1.17e-01    -  1.00e+00 1.95e-03h 10
2381  1.9888246e-04 1.31e-08 7.06e+01  -4.1 8.52e-03    -  1.00e+00 7.81e-03h  8
2382  1.9887734e-04 1.29e-08 7.06e+01  -4.1 6.18e-03    -  1.00e+00 1.56e-02h  7
2383  1.9887237e-04 1.27e-08 7.06e+01  -4.1 1.42e-03    -  1.00e+00 1.56e-02h  7
2384  1.9887007e-04 1.29e-08 7.06e+01  -4.1 3.49e-02    -  1.00e+00 9.77e-04h 11
2385  1.9886496e-04 1.28e-08 7.06e+01  -4.1 3.10e-02    -  1.00e+00 4.88e-04h 12
2386  1.9883400e-04 1.45e-08 7.08e+01  -4.1 1.03e-02    -  1.00e+00 1.56e-02h  7
2387  1.9883379e-04 1.45e-08 7.08e+01  -4.1 3.80e-03    -  1.00e+00 1.56e-02h  7
2388  1.9882702e-04 7.19e-08 7.06e+01  -4.1 2.97e-02    -  1.00e+00 1.56e-02h  7
2389  1.9881152e-04 3.33e-07 7.05e+01  -4.1 2.20e-03    -  1.00e+00 5.00e-01h  2
iter    objective    inf_pr   inf_du lg(mu)  ||d||  lg(rg) alpha_du alpha_pr  ls
2390  1.9880069e-04 1.47e-07 7.09e+01  -4.1 7.27e-04    -  1.00e+00 1.00e+00h  1
2391  1.9873906e-04 2.73e-07 7.08e+01  -4.1 1.12e-02    -  1.00e+00 1.25e-01h  4
2392  1.9879355e-04 2.46e-07 7.04e+01  -4.1 1.10e-03    -  1.00e+00 5.00e-01h  2
2393  1.9879005e-04 2.43e-07 7.04e+01  -4.1 8.15e-03    -  1.00e+00 3.12e-02h  6
2394  1.9874069e-04 2.59e-07 7.03e+01  -4.1 5.19e-03    -  1.00e+00 2.50e-01h  3
2395  1.9874408e-04 2.51e-07 7.11e+01  -4.1 6.49e-03    -  1.00e+00 3.12e-02h  6
2396  1.9878641e-04 4.29e-08 7.03e+01  -4.1 3.68e-04    -  1.00e+00 1.00e+00h  1
2397  1.9876620e-04 3.83e-08 7.04e+01  -4.1 1.41e-03    -  1.00e+00 5.00e-01h  2
2398  1.9877192e-04 2.82e-08 7.04e+01  -4.1 8.83e-04    -  1.00e+00 2.50e-01h  3
2399  1.9883289e-04 2.48e-08 7.10e+01  -4.1 3.26e-04    -  1.00e+00 1.00e+00H  1
iter    objective    inf_pr   inf_du lg(mu)  ||d||  lg(rg) alpha_du alpha_pr  ls
2400  1.9882520e-04 2.27e-08 7.10e+01  -4.1 1.83e-01    -  1.00e+00 1.95e-03h 10
2401  1.9881142e-04 3.86e-08 7.09e+01  -4.1 5.03e-04    -  1.00e+00 1.00e+00h  1
2402  1.9881764e-04 3.82e-08 7.05e+01  -4.1 1.84e-02    -  1.00e+00 7.81e-03h  8
2403  1.9882476e-04 1.59e-08 7.05e+01  -4.1 6.47e-04    -  1.00e+00 1.00e+00h  1
2404  1.9880971e-04 2.86e-08 7.09e+01  -4.1 2.84e-02    -  1.00e+00 7.81e-03h  8
2405  1.9880423e-04 2.26e-08 7.08e+01  -4.1 3.33e-04    -  1.00e+00 1.00e+00h  1
2406  1.9880291e-04 2.34e-08 7.06e+01  -4.1 1.46e-03    -  1.00e+00 3.12e-02h  6
2407  1.9884050e-04 4.49e-09 7.06e+01  -4.1 5.09e-04    -  1.00e+00 1.00e+00H  1
2408  1.9881350e-04 3.50e-08 7.08e+01  -4.1 3.49e-03    -  1.00e+00 6.25e-02h  5
2409  1.9881297e-04 2.63e-08 7.08e+01  -4.1 6.08e-04    -  1.00e+00 2.50e-01h  3
iter    objective    inf_pr   inf_du lg(mu)  ||d||  lg(rg) alpha_du alpha_pr  ls
2410  1.9880568e-04 2.32e-08 7.06e+01  -4.1 3.42e-03    -  1.00e+00 1.25e-01h  4
2411  1.9880464e-04 2.37e-08 7.06e+01  -4.1 4.92e-02    -  1.00e+00 7.81e-03h  8
2412  1.9882846e-04 1.59e-08 7.04e+01  -4.1 6.53e-04    -  1.00e+00 1.00e+00h  1
2413  1.9882722e-04 1.69e-08 7.04e+01  -4.1 1.37e-02    -  1.00e+00 7.81e-03h  8
2414  1.9869340e-04 2.37e-07 7.04e+01  -4.1 5.23e-04    -  1.00e+00 1.00e+00h  1
2415  1.9869055e-04 2.40e-07 7.04e+01  -4.1 1.90e-01    -  1.00e+00 3.91e-03h  9
2416  1.9882791e-04 2.36e-08 7.02e+01  -4.1 5.86e-04    -  1.00e+00 1.00e+00H  1
2417  1.9881856e-04 1.26e-08 7.11e+01  -4.1 6.62e-04    -  1.00e+00 5.00e-01h  2
2418  1.9879055e-04 6.27e-08 7.06e+01  -4.1 8.25e-04    -  1.00e+00 1.00e+00h  1
2419  1.9879905e-04 4.70e-08 7.06e+01  -4.1 3.81e-04    -  1.00e+00 2.50e-01h  3
iter    objective    inf_pr   inf_du lg(mu)  ||d||  lg(rg) alpha_du alpha_pr  ls
2420  1.9879309e-04 4.81e-08 7.08e+01  -4.1 2.25e-02    -  1.00e+00 3.12e-02h  6
2421  1.9879371e-04 4.75e-08 7.08e+01  -4.1 1.42e-03    -  1.00e+00 3.12e-02h  6
2422  1.9879238e-04 2.47e-08 7.08e+01  -4.1 7.21e-04    -  1.00e+00 5.00e-01h  2
2423  1.9879273e-04 2.47e-08 7.06e+01  -4.1 1.97e-03    -  1.00e+00 7.81e-03h  8
2424  1.9879468e-04 2.42e-08 7.06e+01  -4.1 6.67e-04    -  1.00e+00 6.25e-02h  5
2425  1.9879977e-04 2.19e-08 7.06e+01  -4.1 1.26e-03    -  1.00e+00 1.25e-01h  4
2426  1.9879920e-04 2.28e-08 7.06e+01  -4.1 2.77e-03    -  1.00e+00 1.56e-02h  7
2427  1.9879957e-04 2.25e-08 7.06e+01  -4.1 2.23e-03    -  1.00e+00 1.56e-02h  7
2428  1.9882171e-04 4.58e-09 7.06e+01  -4.1 1.05e-04    -  1.00e+00 1.00e+00h  1
2429  1.9881548e-04 1.46e-08 7.08e+01  -4.1 6.05e-04    -  1.00e+00 2.50e-01h  3
iter    objective    inf_pr   inf_du lg(mu)  ||d||  lg(rg) alpha_du alpha_pr  ls
2430  1.9881488e-04 1.50e-08 7.08e+01  -4.1 3.64e-03    -  1.00e+00 7.81e-03h  8
2431  1.9881802e-04 1.22e-08 7.08e+01  -4.1 1.66e-04    -  1.00e+00 5.00e-01h  2
2432  1.9880294e-04 1.36e-08 7.07e+01  -4.1 9.04e-04    -  1.00e+00 2.50e-01h  3
2433  1.9881398e-04 1.41e-08 7.07e+01  -4.1 4.82e-04    -  1.00e+00 2.50e-01h  3
2434  1.9881075e-04 1.58e-08 7.07e+01  -4.1 3.66e-03    -  1.00e+00 1.56e-02h  7
2435  1.9881249e-04 1.50e-08 7.06e+01  -4.1 3.59e-04    -  1.00e+00 1.25e-01h  4
2436  1.9881235e-04 1.53e-08 7.08e+01  -4.1 3.08e-03    -  1.00e+00 7.81e-03h  8
2437  1.9881689e-04 1.15e-08 7.08e+01  -4.1 2.11e-04    -  1.00e+00 2.50e-01h  3
2438  1.9881225e-04 1.32e-08 7.07e+01  -4.1 3.47e-03    -  1.00e+00 6.25e-02h  5
2439  1.9881321e-04 1.34e-08 7.07e+01  -4.1 9.98e-04    -  1.00e+00 3.12e-02h  6
iter    objective    inf_pr   inf_du lg(mu)  ||d||  lg(rg) alpha_du alpha_pr  ls
2440  1.9880712e-04 1.65e-08 7.07e+01  -4.1 2.18e-01    -  1.00e+00 1.95e-03h 10
2441  1.9881525e-04 1.53e-08 7.08e+01  -4.1 2.63e-04    -  1.00e+00 2.50e-01h  3
2442  1.9881492e-04 1.53e-08 7.06e+01  -4.1 1.05e-02    -  1.00e+00 7.81e-03h  8
2443  1.9881384e-04 1.53e-08 7.06e+01  -4.1 2.40e-02    -  1.00e+00 7.81e-03h  8
2444  1.9881244e-04 1.61e-08 7.06e+01  -4.1 1.40e-03    -  1.00e+00 3.12e-02h  6
2445  1.9881445e-04 1.34e-08 7.08e+01  -4.1 3.06e-04    -  1.00e+00 2.50e-01h  3
2446  1.9881403e-04 2.37e-08 7.07e+01  -4.1 2.59e-04    -  1.00e+00 1.00e+00h  1
2447  1.9881444e-04 2.03e-08 7.07e+01  -4.1 2.39e-04    -  1.00e+00 2.50e-01h  3
2448  1.9878550e-04 2.40e-08 7.06e+01  -4.1 5.57e-04    -  1.00e+00 5.00e-01h  2
2449  1.9878321e-04 2.62e-08 7.08e+01  -4.1 3.62e-03    -  1.00e+00 3.12e-02h  6
iter    objective    inf_pr   inf_du lg(mu)  ||d||  lg(rg) alpha_du alpha_pr  ls
2450  1.9879191e-04 2.30e-08 7.07e+01  -4.1 3.91e-04    -  1.00e+00 1.25e-01h  4
2451  1.9878863e-04 2.27e-08 7.06e+01  -4.1 7.97e-02    -  1.00e+00 1.95e-03h 10
2452  1.9879082e-04 2.20e-08 7.08e+01  -4.1 4.20e-04    -  1.00e+00 3.12e-02h  6
2453  1.9881892e-04 4.92e-09 7.08e+01  -4.1 1.29e-04    -  1.00e+00 1.00e+00h  1
2454  1.9881461e-04 5.94e-09 7.08e+01  -4.1 1.14e-02    -  1.00e+00 7.81e-03h  8
2455  1.9881519e-04 5.89e-09 7.07e+01  -4.1 1.58e-03    -  1.00e+00 1.56e-02h  7
2456  1.9881517e-04 6.03e-09 7.07e+01  -4.1 7.62e-03    -  1.00e+00 1.95e-03h 10
2457  1.9881517e-04 6.02e-09 7.07e+01  -4.1 8.02e-03    -  1.00e+00 9.77e-04h 11
2458  1.9881319e-04 6.63e-09 7.07e+01  -4.1 8.94e-04    -  1.00e+00 6.25e-02h  5
2459  1.9881147e-04 6.87e-09 7.06e+01  -4.1 8.24e-04    -  1.00e+00 6.25e-02h  5
iter    objective    inf_pr   inf_du lg(mu)  ||d||  lg(rg) alpha_du alpha_pr  ls
2460  1.9881089e-04 8.49e-09 7.07e+01  -4.1 5.05e-03    -  1.00e+00 1.56e-02h  7
2461  1.9881144e-04 8.37e-09 7.07e+01  -4.1 3.95e-04    -  1.00e+00 1.56e-02h  7
2462  1.9881108e-04 8.46e-09 7.07e+01  -4.1 4.53e-03    -  1.00e+00 3.91e-03h  9
2463  1.9881100e-04 8.46e-09 7.08e+01  -4.1 3.14e-03    -  1.00e+00 1.95e-03h 10
2464  1.9881143e-04 8.42e-09 7.07e+01  -4.1 1.05e-03    -  1.00e+00 7.81e-03h  8
2465  1.9881143e-04 8.41e-09 7.07e+01  -4.1 2.24e-04    -  1.00e+00 4.88e-04h 12
2466  1.9881145e-04 8.42e-09 7.07e+01  -4.1 6.74e-03    -  1.00e+00 9.77e-04h 11
2467  1.9881125e-04 2.97e-08 7.08e+01  -4.1 2.80e-02    -  1.00e+00 7.81e-03h  8
2468  1.9881111e-04 3.24e-08 7.07e+01  -4.1 1.97e-02    -  1.00e+00 3.91e-03h  9
2469  1.9881122e-04 3.23e-08 7.07e+01  -4.1 5.97e-04    -  1.00e+00 3.91e-03h  9
iter    objective    inf_pr   inf_du lg(mu)  ||d||  lg(rg) alpha_du alpha_pr  ls
2470  1.9881119e-04 3.23e-08 7.08e+01  -4.1 6.73e-03    -  1.00e+00 1.49e-08h 27
2471  1.9880837e-04 5.02e-09 7.16e+01  -4.1 8.32e-06    -  1.00e+00 1.00e+00h  1
2472  1.9880738e-04 2.69e-09 7.06e+01  -4.1 2.84e-06    -  1.00e+00 1.00e+00h  1
2473  1.9892358e-04 5.62e-08 7.06e+01  -4.1 2.26e-04    -  1.00e+00 1.00e+00H  1
2474  1.9885549e-04 2.45e-09 7.03e+01  -4.1 1.83e-04    -  1.00e+00 1.00e+00H  1
2475  1.9877788e-04 4.99e-08 7.13e+01  -4.1 2.21e-04    -  1.00e+00 1.00e+00h  1
2476  1.9878508e-04 8.75e-09 7.04e+01  -4.1 1.14e-04    -  1.00e+00 1.00e+00h  1
2477  1.9880338e-04 1.11e-08 7.10e+01  -4.1 1.06e-04    -  1.00e+00 1.00e+00h  1
2478  1.9879959e-04 1.00e-09 7.09e+01  -4.1 2.92e-05    -  1.00e+00 1.00e+00h  1
2479  1.9881467e-04 1.50e-09 7.06e+01  -4.1 4.05e-05    -  1.00e+00 1.00e+00h  1
iter    objective    inf_pr   inf_du lg(mu)  ||d||  lg(rg) alpha_du alpha_pr  ls
2480  1.9881042e-04 3.46e-10 7.07e+01  -4.1 2.29e-05    -  1.00e+00 1.00e+00h  1
2481  1.9882071e-04 6.99e-10 7.07e+01  -4.1 4.52e-04    -  1.00e+00 6.25e-02h  5
2482  1.9877657e-04 2.19e-08 7.05e+01  -4.1 2.11e-04    -  1.00e+00 1.00e+00h  1
2483  1.9877732e-04 2.17e-08 7.05e+01  -4.1 1.06e-03    -  1.00e+00 7.81e-03h  8
2484  1.9878136e-04 1.49e-08 7.05e+01  -4.1 1.35e-03    -  1.00e+00 6.25e-02h  5
2485  1.9878192e-04 1.64e-08 7.06e+01  -4.1 1.58e-03    -  1.00e+00 6.25e-02h  5
2486  1.9877938e-04 1.64e-08 7.06e+01  -4.1 5.70e-03    -  1.00e+00 7.81e-03h  8
2487  1.9878011e-04 1.59e-08 7.08e+01  -4.1 8.43e-04    -  1.00e+00 3.12e-02h  6
2488  1.9878402e-04 1.56e-08 7.08e+01  -4.1 7.83e-04    -  1.00e+00 6.25e-02h  5
2489  1.9873475e-04 2.63e-06 7.05e+01  -4.1 3.37e-02    -  1.00e+00 6.25e-02h  5
iter    objective    inf_pr   inf_du lg(mu)  ||d||  lg(rg) alpha_du alpha_pr  ls
2490  1.9877307e-04 2.40e-06 7.05e+01  -4.1 6.24e-03    -  1.00e+00 6.25e-02h  5
2491  1.9872567e-04 5.48e-06 7.07e+01  -4.1 8.26e-03    -  1.00e+00 2.50e-01h  3
2492  1.9872303e-04 4.81e-06 7.09e+01  -4.1 5.13e-03    -  1.00e+00 2.50e-01h  3
2493  1.9874519e-04 2.79e-06 7.11e+01  -4.1 1.85e-03    -  1.00e+00 5.00e-01h  2
2494  1.9875787e-04 2.79e-06 7.04e+01  -4.1 3.11e-02    -  1.00e+00 4.88e-04h 12
2495  1.9875363e-04 4.36e-07 7.02e+01  -4.1 6.78e-04    -  1.00e+00 1.00e+00h  1
2496  1.9874682e-04 4.36e-07 7.02e+01  -4.1 1.15e-02    -  1.00e+00 3.12e-02h  6
2497  1.9874326e-04 6.59e-07 7.12e+01  -4.1 6.04e-02    -  1.00e+00 1.56e-02h  7
2498  1.9873466e-04 9.25e-07 7.12e+01  -4.1 1.77e-03    -  1.00e+00 5.00e-01h  2
2499  1.9874047e-04 6.96e-07 7.12e+01  -4.1 2.18e-03    -  1.00e+00 2.50e-01h  3
iter    objective    inf_pr   inf_du lg(mu)  ||d||  lg(rg) alpha_du alpha_pr  ls
2500  1.9875239e-04 4.20e-07 7.12e+01  -4.1 6.16e-04    -  1.00e+00 5.00e-01h  2
2501  1.9875245e-04 4.20e-07 7.03e+01  -4.1 2.84e-02    -  1.00e+00 9.77e-04h 11
2502  1.9876801e-04 2.14e-07 7.03e+01  -4.1 7.14e-04    -  1.00e+00 5.00e-01h  2
2503  1.9877155e-04 1.65e-07 7.11e+01  -4.1 8.98e-04    -  1.00e+00 2.50e-01h  3
2504  1.9876916e-04 1.88e-07 7.03e+01  -4.1 5.51e-03    -  1.00e+00 6.25e-02h  5
2505  1.9877316e-04 1.42e-07 7.03e+01  -4.1 4.21e-04    -  1.00e+00 2.50e-01h  3
2506  1.9877540e-04 1.25e-07 7.03e+01  -4.1 2.17e-04    -  1.00e+00 1.25e-01h  4
2507  1.9877617e-04 1.17e-07 7.11e+01  -4.1 3.43e-04    -  1.00e+00 6.25e-02h  5
2508  1.9877651e-04 1.10e-07 7.03e+01  -4.1 1.17e-03    -  1.00e+00 6.25e-02h  5
2509  1.9877655e-04 1.10e-07 7.03e+01  -4.1 1.62e-04    -  1.00e+00 1.95e-03h 10
iter    objective    inf_pr   inf_du lg(mu)  ||d||  lg(rg) alpha_du alpha_pr  ls
2510  1.9877818e-04 1.14e-07 7.03e+01  -4.1 1.26e-02    -  1.00e+00 1.56e-02h  7
2511  1.9878672e-04 8.98e-08 7.04e+01  -4.1 4.02e-04    -  1.00e+00 5.00e-01h  2
2512  1.9878705e-04 8.96e-08 7.04e+01  -4.1 1.84e-03    -  1.00e+00 6.25e-02h  5
2513  1.9881125e-04 2.70e-08 7.10e+01  -4.1 2.02e-04    -  1.00e+00 1.00e+00h  1
2514  1.9880673e-04 5.81e-08 7.05e+01  -4.1 2.83e-04    -  1.00e+00 1.00e+00h  1
2515  1.9879724e-04 5.77e-08 7.09e+01  -4.1 8.45e-04    -  1.00e+00 2.50e-01h  3
2516  1.9875637e-04 1.06e-06 7.02e+01  -4.1 9.85e-04    -  1.00e+00 1.00e+00h  1
2517  1.9870924e-04 2.02e-05 7.03e+01  -4.1 7.32e-03    -  1.00e+00 1.00e+00h  1
2518  1.9866394e-04 1.81e-05 7.11e+01  -4.1 1.53e-02    -  1.00e+00 1.25e-01h  4
2519  1.9847919e-04 1.95e-05 7.11e+01  -4.1 3.17e-02    -  1.00e+00 1.25e-01h  4
iter    objective    inf_pr   inf_du lg(mu)  ||d||  lg(rg) alpha_du alpha_pr  ls
2520  1.9850016e-04 1.66e-05 7.11e+01  -4.1 1.76e-02    -  1.00e+00 6.25e-02h  5
2521  1.9838863e-04 1.67e-05 7.11e+01  -4.1 2.24e-01    -  1.00e+00 7.81e-03h  8
2522  1.9856945e-04 1.54e-05 7.03e+01  -4.1 9.89e-03    -  1.00e+00 6.25e-02h  5
2523  1.9862435e-04 1.12e-05 7.02e+01  -4.1 1.02e-02    -  1.00e+00 2.50e-01h  3
2524  1.9870090e-04 1.16e-05 7.12e+01  -4.1 5.18e-03    -  1.00e+00 5.00e-01h  2
2525  1.9860858e-04 8.00e-06 7.02e+01  -4.1 7.90e-03    -  1.00e+00 2.50e-01h  3
2526  1.9841981e-04 7.58e-06 7.02e+01  -4.1 4.62e-03    -  1.00e+00 5.00e-01h  2
2527  1.9868053e-04 1.77e-06 7.12e+01  -4.1 1.20e-03    -  1.00e+00 1.00e+00h  1
2528  1.9863414e-04 9.95e-07 7.12e+01  -4.1 1.10e-03    -  1.00e+00 5.00e-01h  2
2529  1.9866779e-04 8.70e-07 7.02e+01  -4.1 3.95e-03    -  1.00e+00 1.25e-01h  4
iter    objective    inf_pr   inf_du lg(mu)  ||d||  lg(rg) alpha_du alpha_pr  ls
2530  1.9869141e-04 2.38e-07 7.02e+01  -4.1 6.36e-04    -  1.00e+00 1.00e+00h  1
2531  1.9868507e-04 2.43e-07 7.02e+01  -4.1 6.30e-03    -  1.00e+00 3.12e-02h  6
2532  1.9866467e-04 4.69e-07 7.02e+01  -4.1 1.12e-02    -  1.00e+00 6.25e-02h  5
2533  1.9867582e-04 4.06e-07 7.12e+01  -4.1 9.94e-04    -  1.00e+00 1.25e-01h  4
2534  1.9867989e-04 3.60e-07 7.12e+01  -4.1 5.96e-04    -  1.00e+00 1.25e-01h  4
2535  1.9868420e-04 3.22e-07 7.12e+01  -4.1 7.13e-04    -  1.00e+00 1.25e-01h  4
2536  1.9868471e-04 3.17e-07 7.12e+01  -4.1 1.19e-03    -  1.00e+00 1.56e-02h  7
2537  1.9867553e-04 3.70e-07 7.02e+01  -4.1 4.94e-03    -  1.00e+00 6.25e-02h  5
2538  1.9876084e-04 6.44e-08 7.03e+01  -4.1 2.69e-04    -  1.00e+00 1.00e+00h  1
2539  1.9876552e-04 4.93e-08 7.11e+01  -4.1 6.60e-04    -  1.00e+00 2.50e-01h  3
iter    objective    inf_pr   inf_du lg(mu)  ||d||  lg(rg) alpha_du alpha_pr  ls
2540  1.9876364e-04 4.51e-08 7.11e+01  -4.1 1.95e-03    -  1.00e+00 6.25e-02h  5
2541  1.9879311e-04 2.71e-08 7.04e+01  -4.1 1.60e-04    -  1.00e+00 1.00e+00h  1
2542  1.9879245e-04 1.55e-08 7.10e+01  -4.1 2.09e-04    -  1.00e+00 5.00e-01h  2
2543  1.9879232e-04 3.48e-08 7.06e+01  -4.1 2.11e-04    -  1.00e+00 1.00e+00h  1
2544  1.9879864e-04 2.05e-08 7.05e+01  -4.1 1.35e-04    -  1.00e+00 1.00e+00h  1
2545  1.9879771e-04 1.86e-08 7.05e+01  -4.1 9.17e-04    -  1.00e+00 6.25e-02h  5
2546  1.9879722e-04 1.39e-08 7.09e+01  -4.1 3.01e-03    -  1.00e+00 3.12e-02h  6
2547  1.9881667e-04 6.92e-09 7.06e+01  -4.1 9.73e-05    -  1.00e+00 1.00e+00h  1
2548  1.9881212e-04 5.37e-09 7.06e+01  -4.1 1.82e-04    -  1.00e+00 5.00e-01h  2
2549  1.9881213e-04 5.29e-09 7.06e+01  -4.1 3.66e-03    -  1.00e+00 7.81e-03h  8
iter    objective    inf_pr   inf_du lg(mu)  ||d||  lg(rg) alpha_du alpha_pr  ls
2550  1.9881423e-04 4.84e-09 7.08e+01  -4.1 2.26e-03    -  1.00e+00 3.12e-02h  6
2551  1.9880772e-04 5.62e-09 7.08e+01  -4.1 4.26e-04    -  1.00e+00 1.25e-01h  4
2552  1.9881030e-04 6.31e-09 7.08e+01  -4.1 2.97e-04    -  1.00e+00 1.25e-01h  4
2553  1.9881023e-04 6.45e-09 7.06e+01  -4.1 4.29e-03    -  1.00e+00 1.56e-02h  7
2554  1.9880937e-04 6.36e-09 7.06e+01  -4.1 9.04e-04    -  1.00e+00 3.12e-02h  6
2555  1.9881072e-04 6.71e-09 7.06e+01  -4.1 5.57e-04    -  1.00e+00 6.25e-02h  5
2556  1.9884516e-04 9.28e-10 7.08e+01  -4.1 3.49e-04    -  1.00e+00 1.00e+00H  1
2557  1.9884510e-04 9.29e-10 7.06e+01  -4.1 3.91e-02    -  1.00e+00 3.05e-05h 16
2558  1.9883558e-04 3.19e-09 7.06e+01  -4.1 2.73e-03    -  1.00e+00 3.12e-02h  6
2559  1.9883041e-04 5.35e-09 7.08e+01  -4.1 4.23e-04    -  1.00e+00 1.25e-01h  4
iter    objective    inf_pr   inf_du lg(mu)  ||d||  lg(rg) alpha_du alpha_pr  ls
2560  1.9883037e-04 4.90e-09 7.08e+01  -4.1 1.06e-02    -  1.00e+00 3.91e-03h  9
2561  1.9882546e-04 4.98e-09 7.06e+01  -4.1 5.96e-03    -  1.00e+00 7.81e-03h  8
2562  1.9881185e-04 4.46e-09 7.09e+01  -4.1 1.23e-04    -  1.00e+00 1.00e+00h  1
2563  1.9881236e-04 4.63e-09 7.09e+01  -4.1 1.25e-03    -  1.00e+00 1.56e-02h  7
2564  1.9881221e-04 4.97e-09 7.09e+01  -4.1 1.15e-02    -  1.00e+00 1.95e-03h 10
2565  1.9881143e-04 6.28e-09 7.06e+01  -4.1 1.41e-02    -  1.00e+00 3.91e-03h  9
2566  1.9881155e-04 6.64e-09 7.09e+01  -4.1 1.17e-02    -  1.00e+00 3.91e-03h  9
2567  1.9881176e-04 6.63e-09 7.09e+01  -4.1 8.98e-04    -  1.00e+00 3.91e-03h  9
2568  1.9881183e-04 6.58e-09 7.09e+01  -4.1 1.78e-04    -  1.00e+00 7.81e-03h  8
2569  1.9881183e-04 6.58e-09 7.09e+01  -4.1 5.60e-03    -  1.00e+00 6.10e-05h 15
iter    objective    inf_pr   inf_du lg(mu)  ||d||  lg(rg) alpha_du alpha_pr  ls
2570  1.9881183e-04 6.57e-09 7.09e+01  -4.1 1.35e-04    -  1.00e+00 1.53e-05h 17
2571  1.9881177e-04 6.67e-09 7.09e+01  -4.1 1.28e-02    -  1.00e+00 9.77e-04h 11
2572  1.9881172e-04 8.20e-09 7.06e+01  -4.1 1.42e-02    -  1.00e+00 3.91e-03h  9
2573  1.9881172e-04 8.20e-09 7.06e+01  -4.1 1.05e-02    -  1.00e+00 1.22e-04h 14
2574  1.9881113e-04 1.23e-08 7.09e+01  -4.1 4.40e-04    -  1.00e+00 2.50e-01h  3
2575  1.9881150e-04 1.22e-08 7.09e+01  -4.1 9.33e-04    -  1.00e+00 7.81e-03h  8
2576  1.9881160e-04 1.20e-08 7.09e+01  -4.1 4.96e-04    -  1.00e+00 1.56e-02h  7
2577  1.9881164e-04 1.20e-08 7.09e+01  -4.1 1.45e-03    -  1.00e+00 9.77e-04h 11
2578  1.9881166e-04 1.20e-08 7.09e+01  -4.1 2.25e-04    -  1.00e+00 1.95e-03h 10
2579  1.9881161e-04 1.20e-08 7.05e+01  -4.1 2.96e-03    -  1.00e+00 3.91e-03h  9
iter    objective    inf_pr   inf_du lg(mu)  ||d||  lg(rg) alpha_du alpha_pr  ls
2580  1.9881160e-04 1.20e-08 7.05e+01  -4.1 1.68e-02    -  1.00e+00 2.44e-04h 13
2581  1.9881979e-04 7.26e-09 7.09e+01  -4.1 2.61e-04    -  1.00e+00 2.50e-01h  3
2582  1.9880849e-04 1.11e-07 7.09e+01  -4.1 1.19e-03    -  1.00e+00 2.50e-01h  3
2583  1.9881180e-04 1.05e-07 7.09e+01  -4.1 1.14e-03    -  1.00e+00 6.25e-02h  5
2584  1.9880577e-04 1.01e-07 7.09e+01  -4.1 1.26e-02    -  1.00e+00 1.56e-02h  7
2585  1.9880145e-04 1.37e-07 7.09e+01  -4.1 5.96e-03    -  1.00e+00 6.25e-02h  5
2586  1.9879886e-04 1.63e-07 7.08e+01  -4.1 6.24e-03    -  1.00e+00 6.25e-02h  5
2587  1.9880238e-04 1.55e-07 7.08e+01  -4.1 2.17e-03    -  1.00e+00 6.25e-02h  5
2588  1.9880192e-04 1.55e-07 7.06e+01  -4.1 1.47e-02    -  1.00e+00 9.54e-07h 21
2589  1.9880581e-04 8.96e-08 7.06e+01  -4.1 2.40e-04    -  1.00e+00 5.00e-01h  2
iter    objective    inf_pr   inf_du lg(mu)  ||d||  lg(rg) alpha_du alpha_pr  ls
2590  1.9880916e-04 8.41e-08 7.06e+01  -4.1 2.78e-04    -  1.00e+00 6.25e-02h  5
2591  1.9880342e-04 8.57e-08 7.08e+01  -4.1 3.11e-02    -  1.00e+00 7.81e-03h  8
2592  1.9880909e-04 7.51e-08 7.08e+01  -4.1 1.86e-04    -  1.00e+00 1.25e-01h  4
2593  1.9881079e-04 5.66e-08 7.08e+01  -4.1 2.54e-04    -  1.00e+00 2.50e-01h  3
2594  1.9882106e-04 2.66e-08 7.06e+01  -4.1 1.67e-04    -  1.00e+00 1.00e+00h  1
2595  1.9882998e-04 2.07e-08 7.07e+01  -4.1 3.98e-04    -  1.00e+00 2.50e-01h  3
2596  1.9880925e-04 2.33e-08 7.08e+01  -4.1 4.08e-03    -  1.00e+00 3.12e-02h  6
2597  1.9882029e-04 2.12e-08 7.07e+01  -4.1 6.52e-04    -  1.00e+00 2.50e-01h  3
2598  1.9881417e-04 5.15e-09 7.06e+01  -4.1 1.10e-04    -  1.00e+00 1.00e+00h  1
2599  1.9881473e-04 5.28e-09 7.06e+01  -4.1 1.37e-03    -  1.00e+00 1.56e-02h  7
iter    objective    inf_pr   inf_du lg(mu)  ||d||  lg(rg) alpha_du alpha_pr  ls
2600  1.9880652e-04 2.16e-08 7.08e+01  -4.1 1.46e-03    -  1.00e+00 1.25e-01h  4
2601  1.9881032e-04 1.96e-08 7.08e+01  -4.1 7.62e-04    -  1.00e+00 1.25e-01h  4
2602  1.9881019e-04 1.97e-08 7.08e+01  -4.1 8.00e-03    -  1.00e+00 1.95e-03h 10
2603  1.9881215e-04 1.97e-08 7.06e+01  -4.1 6.99e-04    -  1.00e+00 6.25e-02h  5
2604  1.9881369e-04 1.90e-08 7.06e+01  -4.1 1.51e-03    -  1.00e+00 3.12e-02h  6
2605  1.9881370e-04 1.90e-08 7.06e+01  -4.1 6.63e-03    -  1.00e+00 9.77e-04h 11
2606  1.9881221e-04 1.81e-08 7.06e+01  -4.1 4.32e-04    -  1.00e+00 1.25e-01h  4
2607  1.9881221e-04 1.81e-08 7.06e+01  -4.1 5.32e-03    -  1.00e+00 9.77e-04h 11
2608  1.9881091e-04 1.91e-08 7.06e+01  -4.1 4.42e-02    -  1.00e+00 9.77e-04h 11
2609  1.9881050e-04 1.92e-08 7.08e+01  -4.1 1.93e-03    -  1.00e+00 3.12e-02h  6
iter    objective    inf_pr   inf_du lg(mu)  ||d||  lg(rg) alpha_du alpha_pr  ls
2610  1.9881331e-04 1.92e-08 7.06e+01  -4.1 1.21e-03    -  1.00e+00 6.25e-02h  5
2611  1.9881314e-04 1.92e-08 7.06e+01  -4.1 6.29e-03    -  1.00e+00 1.95e-03h 10
2612  1.9881387e-04 1.86e-08 7.06e+01  -4.1 1.02e-03    -  1.00e+00 3.12e-02h  6
2613  1.9884076e-04 2.30e-09 7.08e+01  -4.1 3.19e-04    -  1.00e+00 1.00e+00H  1
2614  1.9884024e-04 2.20e-09 7.08e+01  -4.1 2.71e-02    -  1.00e+00 3.91e-03h  9
2615  1.9876358e-04 1.84e-06 7.06e+01  -4.1 6.18e-02    -  1.00e+00 3.12e-02h  6
2616  1.9879194e-04 1.23e-06 7.06e+01  -4.1 9.41e-03    -  1.00e+00 2.50e-01h  3
2617  1.9880170e-04 1.22e-06 7.09e+01  -4.1 2.33e-02    -  1.00e+00 3.91e-03h  9
2618  1.9878706e-04 1.16e-06 7.07e+01  -4.1 2.48e-03    -  1.00e+00 2.50e-01h  3
2619  1.9872644e-04 1.80e-06 7.07e+01  -4.1 1.13e-02    -  1.00e+00 1.25e-01h  4
iter    objective    inf_pr   inf_du lg(mu)  ||d||  lg(rg) alpha_du alpha_pr  ls
2620  1.9870097e-04 2.18e-06 7.07e+01  -4.1 6.72e-02    -  1.00e+00 1.56e-02h  7
2621  1.9872011e-04 1.74e-06 7.08e+01  -4.1 3.10e-03    -  1.00e+00 2.50e-01h  3
2622  1.9877123e-04 8.87e-07 7.04e+01  -4.1 1.39e-03    -  1.00e+00 5.00e-01h  2
2623  1.9878371e-04 1.07e-06 7.05e+01  -4.1 1.94e-03    -  1.00e+00 5.00e-01h  2
2624  1.9879003e-04 1.06e-06 7.05e+01  -4.1 1.90e-02    -  1.00e+00 3.12e-02h  6
2625  1.9878268e-04 7.28e-07 7.10e+01  -4.1 1.81e-03    -  1.00e+00 2.50e-01h  3
2626  1.9880591e-04 7.84e-07 7.04e+01  -4.1 8.98e-04    -  1.00e+00 1.00e+00h  1
2627  1.9879557e-04 6.73e-07 7.04e+01  -4.1 4.69e-03    -  1.00e+00 1.25e-01h  4
2628  1.9877539e-04 6.03e-07 7.05e+01  -4.1 1.63e-03    -  1.00e+00 5.00e-01h  2
2629  1.9876585e-04 6.48e-07 7.05e+01  -4.1 2.27e-02    -  1.00e+00 1.56e-02h  7
iter    objective    inf_pr   inf_du lg(mu)  ||d||  lg(rg) alpha_du alpha_pr  ls
2630  1.9879192e-04 4.46e-07 7.10e+01  -4.1 2.16e-03    -  1.00e+00 2.50e-01h  3
2631  1.9879469e-04 2.31e-07 7.10e+01  -4.1 2.65e-04    -  1.00e+00 5.00e-01h  2
2632  1.9879247e-04 2.82e-07 7.10e+01  -4.1 6.74e-03    -  1.00e+00 6.25e-02h  5
2633  1.9879012e-04 2.81e-07 7.04e+01  -4.1 4.02e-02    -  1.00e+00 3.91e-03h  9
2634  1.9879498e-04 1.45e-07 7.06e+01  -4.1 5.49e-04    -  1.00e+00 1.00e+00h  1
2635  1.9880188e-04 1.10e-07 7.09e+01  -4.1 6.54e-04    -  1.00e+00 2.50e-01h  3
2636  1.9880549e-04 8.66e-08 7.09e+01  -4.1 3.99e-04    -  1.00e+00 2.50e-01h  3
2637  1.9879614e-04 5.72e-08 7.07e+01  -4.1 3.97e-04    -  1.00e+00 1.00e+00h  1
2638  1.9879599e-04 5.69e-08 7.07e+01  -4.1 1.34e-01    -  1.00e+00 2.44e-04h 13
2639  1.9880440e-04 4.23e-08 7.07e+01  -4.1 1.77e-04    -  1.00e+00 2.50e-01h  3
iter    objective    inf_pr   inf_du lg(mu)  ||d||  lg(rg) alpha_du alpha_pr  ls
2640  1.9880358e-04 4.74e-08 7.08e+01  -4.1 4.09e-02    -  1.00e+00 7.81e-03h  8
2641  1.9880472e-04 3.27e-08 7.08e+01  -4.1 8.41e-04    -  1.00e+00 2.50e-01h  3
2642  1.9880133e-04 3.55e-08 7.06e+01  -4.1 2.02e-02    -  1.00e+00 7.81e-03h  8
2643  1.9880300e-04 3.33e-08 7.06e+01  -4.1 2.87e-04    -  1.00e+00 6.25e-02h  5
2644  1.9880659e-04 1.26e-08 7.07e+01  -4.1 2.40e-04    -  1.00e+00 1.00e+00h  1
2645  1.9881268e-04 7.16e-09 7.07e+01  -4.1 3.76e-04    -  1.00e+00 2.50e-01h  3
2646  1.9881347e-04 7.26e-09 7.07e+01  -4.1 6.82e-04    -  1.00e+00 3.12e-02h  6
2647  1.9881346e-04 7.27e-09 7.07e+01  -4.1 1.38e-02    -  1.00e+00 9.77e-04h 11
2648  1.9881314e-04 8.08e-09 7.07e+01  -4.1 3.78e-04    -  1.00e+00 2.50e-01h  3
2649  1.9881408e-04 8.28e-09 7.07e+01  -4.1 5.66e-04    -  1.00e+00 6.25e-02h  5
iter    objective    inf_pr   inf_du lg(mu)  ||d||  lg(rg) alpha_du alpha_pr  ls
2650  1.9880889e-04 9.46e-09 7.07e+01  -4.1 4.58e-03    -  1.00e+00 3.12e-02h  6
2651  1.9880890e-04 9.46e-09 7.07e+01  -4.1 9.03e-03    -  1.00e+00 4.88e-04h 12
2652  1.9883686e-04 5.01e-09 7.07e+01  -4.1 1.44e-04    -  1.00e+00 1.00e+00H  1
2653  1.9883501e-04 5.18e-09 7.07e+01  -4.1 3.13e-03    -  1.00e+00 1.56e-02h  7
2654  1.9877907e-04 5.57e-07 7.07e+01  -4.1 5.83e-02    -  1.00e+00 1.56e-02h  7
2655  1.9877241e-04 5.21e-07 7.07e+01  -4.1 1.52e-02    -  1.00e+00 3.12e-02h  6
2656  1.9876327e-04 4.04e-07 7.04e+01  -4.1 9.29e-04    -  1.00e+00 5.00e-01h  2
2657  1.9876574e-04 3.61e-07 7.04e+01  -4.1 1.31e-02    -  1.00e+00 3.12e-02h  6
2658  1.9878492e-04 3.59e-07 7.10e+01  -4.1 1.25e-02    -  1.00e+00 7.81e-03h  8
2659  1.9878891e-04 3.53e-07 7.10e+01  -4.1 3.99e-03    -  1.00e+00 6.25e-02h  5
iter    objective    inf_pr   inf_du lg(mu)  ||d||  lg(rg) alpha_du alpha_pr  ls
2660  1.9877810e-04 3.60e-07 7.10e+01  -4.1 1.88e-02    -  1.00e+00 7.81e-03h  8
2661  1.9877779e-04 2.13e-07 7.04e+01  -4.1 9.65e-04    -  1.00e+00 5.00e-01h  2
2662  1.9875784e-04 2.86e-07 7.10e+01  -4.1 1.89e-03    -  1.00e+00 2.50e-01h  3
2663  1.9877136e-04 2.04e-07 7.10e+01  -4.1 8.06e-04    -  1.00e+00 2.50e-01h  3
2664  1.9874897e-04 2.92e-07 7.04e+01  -4.1 1.79e-02    -  1.00e+00 3.12e-02h  6
2665  1.9875232e-04 2.82e-07 7.04e+01  -4.1 8.25e-03    -  1.00e+00 3.12e-02h  6
2666  1.9871329e-04 8.91e-07 7.10e+01  -4.1 2.26e-02    -  1.00e+00 6.25e-02h  5
2667  1.9873090e-04 4.23e-07 7.11e+01  -4.1 1.80e-03    -  1.00e+00 5.00e-01h  2
2668  1.9873073e-04 4.23e-07 7.03e+01  -4.1 1.07e-01    -  1.00e+00 1.22e-04h 14
2669  1.9877372e-04 1.39e-07 7.10e+01  -4.1 3.77e-04    -  1.00e+00 1.00e+00h  1
iter    objective    inf_pr   inf_du lg(mu)  ||d||  lg(rg) alpha_du alpha_pr  ls
2670  1.9877116e-04 9.71e-08 7.10e+01  -4.1 1.74e-03    -  1.00e+00 1.25e-01h  4
2671  1.9877060e-04 1.18e-07 7.04e+01  -4.1 1.23e-02    -  1.00e+00 3.12e-02h  6
2672  1.9877057e-04 1.07e-07 7.04e+01  -4.1 8.18e-04    -  1.00e+00 1.25e-01h  4
2673  1.9873211e-04 2.37e-07 7.04e+01  -4.1 5.85e-03    -  1.00e+00 1.25e-01h  4
2674  1.9875839e-04 1.70e-07 7.11e+01  -4.1 1.18e-03    -  1.00e+00 5.00e-01h  2
2675  1.9878696e-04 5.21e-08 7.04e+01  -4.1 4.35e-04    -  1.00e+00 1.00e+00h  1
2676  1.9877774e-04 6.89e-08 7.10e+01  -4.1 4.34e-01    -  1.00e+00 9.77e-04h 11
2677  1.9879286e-04 1.69e-08 7.04e+01  -4.1 3.80e-04    -  1.00e+00 1.00e+00h  1
2678  1.9879303e-04 1.65e-08 7.04e+01  -4.1 2.39e-03    -  1.00e+00 1.56e-02h  7
2679  1.9879503e-04 1.50e-08 7.10e+01  -4.1 3.56e-03    -  1.00e+00 3.12e-02h  6
iter    objective    inf_pr   inf_du lg(mu)  ||d||  lg(rg) alpha_du alpha_pr  ls
2680  1.9882820e-04 3.06e-09 7.05e+01  -4.1 1.26e-04    -  1.00e+00 1.00e+00H  1
2681  1.9882875e-04 2.12e-09 7.09e+01  -4.1 5.43e-03    -  1.00e+00 1.56e-02h  7
2682  1.9882820e-04 2.31e-09 7.09e+01  -4.1 3.11e-03    -  1.00e+00 3.12e-02h  6
2683  1.9882417e-04 5.44e-09 7.05e+01  -4.1 2.38e-02    -  1.00e+00 3.91e-03h  9
2684  1.9881999e-04 5.53e-09 7.05e+01  -4.1 7.30e-04    -  1.00e+00 6.25e-02h  5
2685  1.9881715e-04 5.11e-09 7.06e+01  -4.1 4.97e-04    -  1.00e+00 6.25e-02h  5
2686  1.9881671e-04 5.16e-09 7.06e+01  -4.1 2.00e-03    -  1.00e+00 7.81e-03h  8
2687  1.9881100e-04 6.82e-08 7.08e+01  -4.1 3.28e-03    -  1.00e+00 1.25e-01h  4
2688  1.9881334e-04 6.65e-08 7.08e+01  -4.1 2.97e-03    -  1.00e+00 6.25e-02h  5
2689  1.9880816e-04 2.11e-07 7.08e+01  -4.1 6.62e-02    -  1.00e+00 7.81e-03h  8
iter    objective    inf_pr   inf_du lg(mu)  ||d||  lg(rg) alpha_du alpha_pr  ls
2690  1.9880957e-04 1.59e-07 7.06e+01  -4.1 9.64e-04    -  1.00e+00 2.50e-01h  3
2691  1.9881060e-04 1.49e-07 7.06e+01  -4.1 1.14e-03    -  1.00e+00 6.25e-02h  5
2692  1.9880704e-04 3.97e-07 7.08e+01  -4.1 1.43e-02    -  1.00e+00 6.25e-02h  5
2693  1.9880842e-04 3.47e-07 7.08e+01  -4.1 8.59e-04    -  1.00e+00 1.25e-01h  4
2694  1.9880585e-04 2.95e-07 7.06e+01  -4.1 1.54e-03    -  1.00e+00 5.00e-01h  2
2695  1.9879351e-04 3.08e-07 7.06e+01  -4.1 2.93e-01    -  1.00e+00 1.95e-03h 10
2696  1.9879707e-04 3.02e-07 7.08e+01  -4.1 4.02e-03    -  1.00e+00 6.25e-02h  5
2697  1.9879696e-04 3.03e-07 7.08e+01  -4.1 1.80e-02    -  1.00e+00 3.91e-03h  9
2698  1.9879947e-04 2.86e-07 7.06e+01  -4.1 5.94e-03    -  1.00e+00 6.25e-02h  5
2699  1.9880051e-04 2.81e-07 7.06e+01  -4.1 7.71e-03    -  1.00e+00 1.56e-02h  7
iter    objective    inf_pr   inf_du lg(mu)  ||d||  lg(rg) alpha_du alpha_pr  ls
2700  1.9880726e-04 2.15e-07 7.09e+01  -4.1 1.31e-03    -  1.00e+00 2.50e-01h  3
2701  1.9880886e-04 2.02e-07 7.09e+01  -4.1 2.98e-03    -  1.00e+00 6.25e-02h  5
2702  1.9878765e-04 3.47e-07 7.08e+01  -4.1 1.92e-02    -  1.00e+00 3.12e-02h  6
2703  1.9879149e-04 3.42e-07 7.06e+01  -4.1 8.09e-03    -  1.00e+00 1.56e-02h  7
2704  1.9879877e-04 1.92e-07 7.05e+01  -4.1 4.57e-04    -  1.00e+00 5.00e-01h  2
2705  1.9879965e-04 1.85e-07 7.09e+01  -4.1 1.21e-02    -  1.00e+00 3.12e-02h  6
2706  1.9878366e-04 2.65e-07 7.07e+01  -4.1 1.09e-03    -  1.00e+00 5.00e-01h  2
2707  1.9879180e-04 2.32e-07 7.08e+01  -4.1 2.57e-03    -  1.00e+00 1.25e-01h  4
2708  1.9879437e-04 2.14e-07 7.08e+01  -4.1 1.09e-03    -  1.00e+00 2.50e-01h  3
2709  1.9880750e-04 1.21e-07 7.09e+01  -4.1 6.96e-04    -  1.00e+00 5.00e-01h  2
iter    objective    inf_pr   inf_du lg(mu)  ||d||  lg(rg) alpha_du alpha_pr  ls
2710  1.9881073e-04 1.13e-07 7.05e+01  -4.1 2.14e-03    -  1.00e+00 6.25e-02h  5
2711  1.9879035e-04 1.04e-07 7.06e+01  -4.1 3.43e-04    -  1.00e+00 1.00e+00h  1
2712  1.9879597e-04 9.73e-08 7.06e+01  -4.1 5.06e-03    -  1.00e+00 6.25e-02h  5
2713  1.9879191e-04 9.35e-08 7.06e+01  -4.1 1.19e-03    -  1.00e+00 2.50e-01h  3
2714  1.9880519e-04 6.94e-08 7.08e+01  -4.1 7.43e-04    -  1.00e+00 2.50e-01h  3
2715  1.9881081e-04 5.06e-08 7.09e+01  -4.1 1.09e-03    -  1.00e+00 2.50e-01h  3
2716  1.9879773e-04 9.06e-09 7.07e+01  -4.1 1.21e-04    -  1.00e+00 1.00e+00h  1
2717  1.9884195e-04 2.84e-09 7.06e+01  -4.1 1.71e-04    -  1.00e+00 1.00e+00H  1
2718  1.9884036e-04 4.15e-09 7.06e+01  -4.1 6.99e-03    -  1.00e+00 1.56e-02h  7
2719  1.9876467e-04 2.16e-06 7.01e+01  -4.1 5.12e-03    -  1.00e+00 5.00e-01h  2
iter    objective    inf_pr   inf_du lg(mu)  ||d||  lg(rg) alpha_du alpha_pr  ls
2720  1.9874707e-04 1.93e-06 7.01e+01  -4.1 9.19e-02    -  1.00e+00 1.56e-02h  7
2721  1.9873654e-04 1.91e-06 7.01e+01  -4.1 7.95e-02    -  1.00e+00 3.91e-03h  9
2722  1.9856270e-04 1.73e-06 7.03e+01  -4.1 1.07e-02    -  1.00e+00 1.25e-01h  4
2723  1.9864166e-04 1.68e-06 7.11e+01  -4.1 2.43e-03    -  1.00e+00 3.12e-02h  6
2724  1.9872827e-04 1.10e-06 7.13e+01  -4.1 1.53e-03    -  1.00e+00 1.00e+00h  1
2725  1.9876670e-04 8.23e-07 7.02e+01  -4.1 1.06e-03    -  1.00e+00 2.50e-01h  3
2726  1.9877067e-04 8.11e-07 7.02e+01  -4.1 1.55e-02    -  1.00e+00 1.56e-02h  7
2727  1.9870496e-04 7.47e-07 7.02e+01  -4.1 2.81e-01    -  1.00e+00 3.91e-03h  9
2728  1.9871451e-04 5.72e-07 7.12e+01  -4.1 1.27e-03    -  1.00e+00 5.00e-01h  2
2729  1.9865212e-04 6.09e-07 7.11e+01  -4.1 9.21e-04    -  1.00e+00 1.00e+00h  1
iter    objective    inf_pr   inf_du lg(mu)  ||d||  lg(rg) alpha_du alpha_pr  ls
2730  1.9872505e-04 2.12e-07 7.12e+01  -4.1 6.23e-04    -  1.00e+00 1.00e+00h  1
2731  1.9875522e-04 1.40e-07 7.12e+01  -4.1 1.32e-03    -  1.00e+00 5.00e-01h  2
2732  1.9875243e-04 1.40e-07 7.03e+01  -4.1 8.13e-02    -  1.00e+00 4.88e-04h 12
2733  1.9878822e-04 3.98e-08 7.11e+01  -4.1 5.69e-04    -  1.00e+00 1.00e+00h  1
2734  1.9873833e-04 1.42e-07 7.09e+01  -4.1 3.89e-04    -  1.00e+00 1.00e+00h  1
2735  1.9876506e-04 1.21e-07 7.10e+01  -4.1 5.62e-03    -  1.00e+00 1.25e-01h  4
2736  1.9871813e-04 1.44e-07 7.10e+01  -4.1 3.05e-03    -  1.00e+00 1.25e-01h  4
2737  1.9874993e-04 8.04e-08 7.03e+01  -4.1 5.68e-04    -  1.00e+00 5.00e-01h  2
2738  1.9879678e-04 3.19e-08 7.04e+01  -4.1 2.67e-04    -  1.00e+00 1.00e+00h  1
2739  1.9879774e-04 3.08e-08 7.11e+01  -4.1 2.09e-03    -  1.00e+00 3.12e-02h  6
iter    objective    inf_pr   inf_du lg(mu)  ||d||  lg(rg) alpha_du alpha_pr  ls
2740  1.9879090e-04 2.96e-08 7.09e+01  -4.1 3.89e-04    -  1.00e+00 1.00e+00h  1
2741  1.9879481e-04 2.64e-08 7.09e+01  -4.1 5.82e-04    -  1.00e+00 1.25e-01h  4
2742  1.9878899e-04 2.52e-08 7.06e+01  -4.1 7.22e-04    -  1.00e+00 2.50e-01h  3
2743  1.9879380e-04 2.20e-08 7.06e+01  -4.1 2.87e-04    -  1.00e+00 1.25e-01h  4
2744  1.9879378e-04 2.20e-08 7.06e+01  -4.1 6.92e-03    -  1.00e+00 3.91e-03h  9
2745  1.9879755e-04 1.94e-08 7.05e+01  -4.1 7.48e-04    -  1.00e+00 1.25e-01h  4
2746  1.9879782e-04 1.94e-08 7.09e+01  -4.1 1.00e-03    -  1.00e+00 1.95e-03h 10
2747  1.9882064e-04 2.56e-09 7.09e+01  -4.1 6.05e-05    -  1.00e+00 1.00e+00h  1
2748  1.9881906e-04 2.81e-09 7.06e+01  -4.1 7.76e-03    -  1.00e+00 1.56e-02h  7
2749  1.9881903e-04 2.83e-09 7.06e+01  -4.1 5.99e-03    -  1.00e+00 3.91e-03h  9
iter    objective    inf_pr   inf_du lg(mu)  ||d||  lg(rg) alpha_du alpha_pr  ls
2750  1.9878334e-04 1.96e-08 7.07e+01  -4.1 3.28e-04    -  1.00e+00 5.00e-01h  2
2751  1.9878846e-04 1.80e-08 7.07e+01  -4.1 2.27e-03    -  1.00e+00 6.25e-02h  5
2752  1.9880610e-04 1.02e-08 7.07e+01  -4.1 1.69e-04    -  1.00e+00 5.00e-01h  2
2753  1.9880611e-04 1.00e-08 7.07e+01  -4.1 3.80e-03    -  1.00e+00 7.81e-03h  8
2754  1.9880567e-04 9.95e-09 7.07e+01  -4.1 1.11e-03    -  1.00e+00 1.56e-02h  7
2755  1.9880537e-04 9.94e-09 7.07e+01  -4.1 2.69e-03    -  1.00e+00 1.95e-03h 10
2756  1.9881225e-04 1.26e-08 7.07e+01  -4.1 4.10e-04    -  1.00e+00 2.50e-01h  3
2757  1.9881233e-04 1.24e-08 7.07e+01  -4.1 6.40e-04    -  1.00e+00 3.12e-02h  6
2758  1.9880967e-04 1.28e-08 7.07e+01  -4.1 2.10e-03    -  1.00e+00 3.12e-02h  6
2759  1.9880906e-04 1.28e-08 7.07e+01  -4.1 3.61e-03    -  1.00e+00 1.56e-02h  7
iter    objective    inf_pr   inf_du lg(mu)  ||d||  lg(rg) alpha_du alpha_pr  ls
2760  1.9881606e-04 1.04e-08 7.07e+01  -4.1 1.52e-04    -  1.00e+00 5.00e-01h  2
2761  1.9881064e-04 1.00e-08 7.07e+01  -4.1 2.82e-03    -  1.00e+00 6.25e-02h  5
2762  1.9881206e-04 9.88e-09 7.07e+01  -4.1 4.04e-04    -  1.00e+00 6.25e-02h  5
2763  1.9881160e-04 1.00e-08 7.07e+01  -4.1 1.82e-02    -  1.00e+00 9.77e-04h 11
2764  1.9881476e-04 9.61e-09 7.07e+01  -4.1 4.89e-04    -  1.00e+00 1.25e-01h  4
2765  1.9881656e-04 7.88e-09 7.07e+01  -4.1 1.91e-04    -  1.00e+00 2.50e-01h  3
2766  1.9881186e-04 8.23e-09 7.07e+01  -4.1 7.97e-04    -  1.00e+00 6.25e-02h  5
2767  1.9881522e-04 8.40e-09 7.07e+01  -4.1 5.26e-04    -  1.00e+00 1.25e-01h  4
2768  1.9879280e-04 1.06e-08 7.06e+01  -4.1 1.31e-04    -  1.00e+00 1.00e+00h  1
2769  1.9879394e-04 1.07e-08 7.06e+01  -4.1 1.01e-03    -  1.00e+00 1.56e-02h  7
iter    objective    inf_pr   inf_du lg(mu)  ||d||  lg(rg) alpha_du alpha_pr  ls
2770  1.9879465e-04 9.29e-09 7.06e+01  -4.1 2.49e-03    -  1.00e+00 6.25e-02h  5
2771  1.9879565e-04 8.91e-09 7.06e+01  -4.1 3.76e-03    -  1.00e+00 3.12e-02h  6
2772  1.9881117e-04 7.83e-09 7.07e+01  -4.1 2.82e-04    -  1.00e+00 2.50e-01h  3
2773  1.9881162e-04 7.71e-09 7.07e+01  -4.1 3.69e-04    -  1.00e+00 1.56e-02h  7
2774  1.9881185e-04 7.65e-09 7.07e+01  -4.1 2.65e-04    -  1.00e+00 7.81e-03h  8
2775  1.9881146e-04 7.48e-09 7.07e+01  -4.1 1.60e-02    -  1.00e+00 1.95e-03h 10
2776  1.9881410e-04 4.75e-09 7.07e+01  -4.1 1.34e-04    -  1.00e+00 5.00e-01h  2
2777  1.9880903e-04 5.77e-10 7.08e+01  -4.1 5.79e-05    -  1.00e+00 1.00e+00h  1
2778  1.9884638e-04 6.48e-10 7.07e+01  -4.1 1.78e-04    -  1.00e+00 1.00e+00H  1
2779  1.9880701e-04 9.95e-09 7.07e+01  -4.1 1.49e-04    -  1.00e+00 1.00e+00h  1
iter    objective    inf_pr   inf_du lg(mu)  ||d||  lg(rg) alpha_du alpha_pr  ls
2780  1.9880835e-04 1.01e-08 7.07e+01  -4.1 3.61e-03    -  1.00e+00 3.12e-02h  6
2781  1.9880869e-04 9.50e-09 7.07e+01  -4.1 9.48e-05    -  1.00e+00 6.25e-02h  5
2782  1.9880860e-04 9.83e-09 7.07e+01  -4.1 5.38e-03    -  1.00e+00 7.81e-03h  8
2783  1.9880866e-04 9.82e-09 7.07e+01  -4.1 6.78e-04    -  1.00e+00 1.95e-03h 10
2784  1.9880869e-04 9.82e-09 7.07e+01  -4.1 1.83e-03    -  1.00e+00 7.81e-03h  8
2785  1.9880869e-04 9.82e-09 7.07e+01  -4.1 3.27e-03    -  1.00e+00 3.05e-05h 16
2786  1.9884770e-04 1.33e-07 7.06e+01  -4.1 5.35e-04    -  1.00e+00 1.00e+00s 22
2787  1.9867836e-04 2.10e-07 7.06e+01  -4.1 5.15e-04    -  1.00e+00 0.00e+00S 22
2788  1.9864946e-04 1.03e-06 7.10e+01  -4.1 6.16e-03    -  1.00e+00 2.50e-01h  3
2789  1.9866390e-04 8.13e-07 7.10e+01  -4.1 1.08e-03    -  1.00e+00 2.50e-01h  3
iter    objective    inf_pr   inf_du lg(mu)  ||d||  lg(rg) alpha_du alpha_pr  ls
2790  1.9866481e-04 8.10e-07 7.04e+01  -4.1 1.32e-02    -  1.00e+00 3.91e-03h  9
2791  1.9867577e-04 7.11e-07 7.04e+01  -4.1 1.05e-03    -  1.00e+00 1.25e-01h  4
2792  1.9863919e-04 7.80e-07 7.10e+01  -4.1 1.65e-01    -  1.00e+00 3.91e-03h  9
2793  1.9863949e-04 7.76e-07 7.10e+01  -4.1 1.83e-02    -  1.00e+00 7.81e-03h  8
2794  1.9863753e-04 7.54e-07 7.10e+01  -4.1 1.89e-02    -  1.00e+00 3.12e-02h  6
2795  1.9865907e-04 5.60e-07 7.11e+01  -4.1 6.79e-04    -  1.00e+00 2.50e-01h  3
2796  1.9866418e-04 5.23e-07 7.04e+01  -4.1 6.76e-03    -  1.00e+00 6.25e-02h  5
2797  1.9866888e-04 5.20e-07 7.04e+01  -4.1 2.28e-02    -  1.00e+00 1.56e-02h  7
2798  1.9867682e-04 4.53e-07 7.04e+01  -4.1 6.23e-04    -  1.00e+00 1.25e-01h  4
2799  1.9867537e-04 4.45e-07 7.11e+01  -4.1 3.15e-03    -  1.00e+00 1.25e-01h  4
iter    objective    inf_pr   inf_du lg(mu)  ||d||  lg(rg) alpha_du alpha_pr  ls
2800  1.9867682e-04 4.32e-07 7.11e+01  -4.1 1.81e-03    -  1.00e+00 3.12e-02h  6
2801  1.9877743e-04 2.56e-07 7.11e+01  -4.1 1.04e-03    -  1.00e+00 1.00e+00h  1
2802  1.9876218e-04 2.19e-07 7.03e+01  -4.1 1.67e-03    -  1.00e+00 1.25e-01h  4
2803  1.9862569e-04 1.84e-06 7.11e+01  -4.1 7.20e-02    -  1.00e+00 3.12e-02h  6
2804  1.9862606e-04 1.65e-06 7.12e+01  -4.1 3.97e-03    -  1.00e+00 2.50e-01h  3
2805  1.9860915e-04 1.94e-06 7.11e+01  -4.1 1.60e-02    -  1.00e+00 1.25e-01h  4
2806  1.9863362e-04 1.07e-06 7.12e+01  -4.1 1.31e-03    -  1.00e+00 5.00e-01h  2
2807  1.9856909e-04 1.32e-06 7.12e+01  -4.1 1.14e-01    -  1.00e+00 1.56e-02h  7
2808  1.9872941e-04 2.09e-07 7.02e+01  -4.1 8.80e-04    -  1.00e+00 1.00e+00h  1
2809  1.9893474e-04 4.79e-10 7.11e+01  -4.1 7.92e-04    -  1.00e+00 1.00e+00H  1
iter    objective    inf_pr   inf_du lg(mu)  ||d||  lg(rg) alpha_du alpha_pr  ls
2810  1.9892786e-04 6.54e-10 7.11e+01  -4.1 4.05e-01    -  1.00e+00 1.22e-04h 14
2811  1.9859424e-04 6.47e-07 7.06e+01  -4.1 1.15e-03    -  1.00e+00 1.00e+00h  1
2812  1.9861092e-04 3.73e-07 7.07e+01  -4.1 1.95e-03    -  1.00e+00 5.00e-01h  2
2813  1.9864754e-04 2.92e-07 7.08e+01  -4.1 1.65e-03    -  1.00e+00 2.50e-01h  3
2814  1.9866890e-04 2.23e-07 7.09e+01  -4.1 4.34e-04    -  1.00e+00 2.50e-01h  3
2815  1.9867417e-04 2.16e-07 7.09e+01  -4.1 7.86e-03    -  1.00e+00 3.12e-02h  6
2816  1.9867357e-04 2.14e-07 7.09e+01  -4.1 1.81e-02    -  1.00e+00 3.12e-02h  6
2817  1.9871185e-04 1.26e-07 7.04e+01  -4.1 7.26e-04    -  1.00e+00 5.00e-01h  2
2818  1.9872585e-04 1.11e-07 7.11e+01  -4.1 5.53e-04    -  1.00e+00 1.25e-01h  4
2819  1.9872773e-04 1.07e-07 7.11e+01  -4.1 1.87e-03    -  1.00e+00 3.12e-02h  6
iter    objective    inf_pr   inf_du lg(mu)  ||d||  lg(rg) alpha_du alpha_pr  ls
2820  1.9872877e-04 1.04e-07 7.11e+01  -4.1 3.11e-03    -  1.00e+00 3.12e-02h  6
2821  1.9878905e-04 3.80e-08 7.11e+01  -4.1 2.16e-04    -  1.00e+00 1.00e+00h  1
2822  1.9878916e-04 3.64e-08 7.04e+01  -4.1 2.88e-03    -  1.00e+00 1.25e-01h  4
2823  1.9878595e-04 2.93e-08 7.04e+01  -4.1 2.02e-04    -  1.00e+00 1.00e+00h  1
2824  1.9878469e-04 2.64e-08 7.10e+01  -4.1 1.51e-03    -  1.00e+00 1.25e-01h  4
2825  1.9878647e-04 2.65e-08 7.04e+01  -4.1 4.92e-02    -  1.00e+00 3.91e-03h  9
2826  1.9878807e-04 2.29e-08 7.04e+01  -4.1 4.78e-04    -  1.00e+00 2.50e-01h  3
2827  1.9879116e-04 1.74e-08 7.04e+01  -4.1 4.06e-04    -  1.00e+00 2.50e-01h  3
2828  1.9883206e-04 1.82e-09 7.05e+01  -4.1 1.56e-04    -  1.00e+00 1.00e+00H  1
2829  1.9883144e-04 1.82e-09 7.05e+01  -4.1 1.36e-02    -  1.00e+00 1.95e-03h 10
iter    objective    inf_pr   inf_du lg(mu)  ||d||  lg(rg) alpha_du alpha_pr  ls
2830  1.9882905e-04 1.86e-09 7.05e+01  -4.1 2.29e-02    -  1.00e+00 9.77e-04h 11
2831  1.9882857e-04 1.85e-09 7.05e+01  -4.1 3.09e-03    -  1.00e+00 7.81e-03h  8
2832  1.9907653e-04 1.85e-09 7.09e+01  -4.1 1.43e-02    -  1.00e+00 1.22e-04h 14
2833  1.9896870e-04 4.22e-10 7.00e+01  -4.1 4.03e-04    -  1.00e+00 1.00e+00H  1
2834  1.9888018e-04 8.80e-10 7.00e+01  -4.1 2.06e-01    -  1.00e+00 4.88e-04h 12
2835  1.9886426e-04 1.12e-09 7.14e+01  -4.1 1.61e-01    -  1.00e+00 4.88e-04h 12
2836  1.9883796e-04 1.56e-10 7.00e+01  -4.1 1.04e-04    -  1.00e+00 1.00e+00H  1
2837  1.9883179e-04 2.04e-09 7.15e+01  -4.1 2.07e-04    -  1.00e+00 1.00e+00h  1
2838  1.9883275e-04 6.28e-10 7.00e+01  -4.1 4.53e-05    -  1.00e+00 1.00e+00h  1
2839  1.9883280e-04 6.31e-10 7.00e+01  -4.1 1.93e-02    -  1.00e+00 4.88e-04h 12
iter    objective    inf_pr   inf_du lg(mu)  ||d||  lg(rg) alpha_du alpha_pr  ls
2840  1.9882581e-04 1.10e-08 7.15e+01  -4.1 1.53e-02    -  1.00e+00 7.81e-03h  8
2841  1.9882737e-04 1.09e-08 7.15e+01  -4.1 6.48e-04    -  1.00e+00 1.56e-02h  7
2842  1.9882743e-04 1.09e-08 7.15e+01  -4.1 1.10e-02    -  1.00e+00 4.88e-04h 12
2843  1.9882826e-04 8.06e-09 7.15e+01  -4.1 2.06e-04    -  1.00e+00 2.50e-01h  3
2844  1.9882583e-04 9.97e-09 6.99e+01  -4.1 4.55e-02    -  1.00e+00 9.77e-04h 11
2845  1.9882694e-04 9.35e-09 6.99e+01  -4.1 4.73e-03    -  1.00e+00 7.81e-03h  8
2846  1.9882485e-04 1.26e-08 7.15e+01  -4.1 1.03e-01    -  1.00e+00 9.77e-04h 11
2847  1.9882376e-04 2.84e-08 6.99e+01  -4.1 2.18e-04    -  1.00e+00 1.00e+00h  1
2848  1.9882440e-04 2.83e-08 6.99e+01  -4.1 1.88e-03    -  1.00e+00 3.91e-03h  9
2849  1.9882346e-04 1.73e-07 7.15e+01  -4.1 1.87e-02    -  1.00e+00 3.12e-02h  6
iter    objective    inf_pr   inf_du lg(mu)  ||d||  lg(rg) alpha_du alpha_pr  ls
2850  1.9882376e-04 1.73e-07 7.15e+01  -4.1 1.31e-03    -  1.00e+00 1.95e-03h 10
2851  1.9882169e-04 1.75e-07 7.15e+01  -4.1 2.59e-02    -  1.00e+00 1.56e-02h  7
2852  1.9882285e-04 1.74e-07 7.15e+01  -4.1 2.10e-03    -  1.00e+00 7.81e-03h  8
2853  1.9882338e-04 1.71e-07 7.15e+01  -4.1 7.33e-04    -  1.00e+00 1.56e-02h  7
2854  1.9881868e-04 1.76e-07 6.99e+01  -4.1 7.43e-02    -  1.00e+00 1.95e-03h 10
2855  1.9882280e-04 1.71e-07 7.00e+01  -4.1 1.17e-03    -  1.00e+00 3.12e-02h  6
2856  1.9882143e-04 1.74e-07 7.00e+01  -4.1 6.82e-02    -  1.00e+00 1.95e-03h 10
2857  1.9882192e-04 1.71e-07 7.14e+01  -4.1 4.40e-03    -  1.00e+00 1.56e-02h  7
2858  1.9882265e-04 1.70e-07 7.14e+01  -4.1 2.56e-03    -  1.00e+00 7.81e-03h  8
2859  1.9870155e-04 1.82e-06 7.00e+01  -4.1 1.66e-03    -  1.00e+00 1.00e+00h  1
iter    objective    inf_pr   inf_du lg(mu)  ||d||  lg(rg) alpha_du alpha_pr  ls
2860  1.9871889e-04 5.22e-07 7.06e+01  -4.1 1.31e-03    -  1.00e+00 1.00e+00h  1
2861  1.9876490e-04 4.23e-07 7.07e+01  -4.1 1.39e-03    -  1.00e+00 2.50e-01h  3
2862  1.9872591e-04 4.54e-07 7.09e+01  -4.1 2.72e-03    -  1.00e+00 2.50e-01h  3
2863  1.9871897e-04 4.41e-07 7.09e+01  -4.1 3.33e-03    -  1.00e+00 1.25e-01h  4
2864  1.9871275e-04 4.41e-07 7.05e+01  -4.1 3.28e+01    -  2.08e-02 3.14e-08h 22
2865  1.9874799e-04 7.75e-08 7.09e+01  -4.1 3.23e-04    -  1.00e+00 1.00e+00h  1
2866  1.9874819e-04 7.68e-08 7.09e+01  -4.1 6.89e-03    -  1.00e+00 7.81e-03h  8
2867  1.9875345e-04 4.09e-08 7.05e+01  -4.1 8.75e-04    -  1.00e+00 2.50e-01h  3
2868  1.9880729e-04 3.09e-08 7.03e+01  -4.1 2.75e-04    -  1.00e+00 1.00e+00h  1
2869  1.9882215e-04 2.98e-08 7.10e+01  -4.1 8.04e-04    -  1.00e+00 1.25e-01h  4
iter    objective    inf_pr   inf_du lg(mu)  ||d||  lg(rg) alpha_du alpha_pr  ls
2870  1.9879071e-04 2.75e-08 7.10e+01  -4.1 3.35e-04    -  1.00e+00 1.00e+00h  1
2871  1.9878938e-04 4.10e-08 7.10e+01  -4.1 2.38e-03    -  1.00e+00 6.25e-02h  5
2872  1.9878944e-04 5.62e-08 7.05e+01  -4.1 1.17e-03    -  1.00e+00 2.50e-01h  3
2873  1.9882478e-04 6.12e-09 7.10e+01  -4.1 3.45e-04    -  1.00e+00 1.00e+00H  1
2874  1.9882467e-04 1.19e-08 7.05e+01  -4.1 9.14e-03    -  1.00e+00 3.12e-02h  6
2875  1.9881488e-04 1.57e-08 7.05e+01  -4.1 4.19e-02    -  1.00e+00 3.91e-03h  9
2876  1.9880744e-04 1.65e-08 7.05e+01  -4.1 4.99e-04    -  1.00e+00 1.25e-01h  4
2877  1.9880681e-04 2.31e-08 7.05e+01  -4.1 4.41e-03    -  1.00e+00 3.12e-02h  6
2878  1.9880186e-04 2.15e-08 7.09e+01  -4.1 5.08e-04    -  1.00e+00 1.25e-01h  4
2879  1.9880468e-04 1.77e-08 7.09e+01  -4.1 2.88e-04    -  1.00e+00 2.50e-01h  3
iter    objective    inf_pr   inf_du lg(mu)  ||d||  lg(rg) alpha_du alpha_pr  ls
2880  1.9879932e-04 1.72e-08 7.09e+01  -4.1 3.22e-04    -  1.00e+00 2.50e-01h  3
2881  1.9880967e-04 2.05e-08 7.06e+01  -4.1 2.81e-04    -  1.00e+00 5.00e-01h  2
2882  1.9880687e-04 1.94e-08 7.06e+01  -4.1 2.08e-04    -  1.00e+00 5.00e-01h  2
2883  1.9880717e-04 1.83e-08 7.06e+01  -4.1 1.72e-03    -  1.00e+00 6.25e-02h  5
2884  1.9879985e-04 1.59e-08 7.08e+01  -4.1 5.27e-04    -  1.00e+00 2.50e-01h  3
2885  1.9881216e-04 8.37e-09 7.06e+01  -4.1 2.28e-04    -  1.00e+00 5.00e-01h  2
2886  1.9881321e-04 8.06e-09 7.06e+01  -4.1 3.96e-04    -  1.00e+00 6.25e-02h  5
2887  1.9880233e-04 1.35e-08 7.07e+01  -4.1 1.58e-03    -  1.00e+00 6.25e-02h  5
2888  1.9880553e-04 1.29e-08 7.08e+01  -4.1 7.03e-04    -  1.00e+00 6.25e-02h  5
2889  1.9881560e-04 7.01e-09 7.07e+01  -4.1 9.88e-05    -  1.00e+00 1.00e+00h  1
iter    objective    inf_pr   inf_du lg(mu)  ||d||  lg(rg) alpha_du alpha_pr  ls
2890  1.9881874e-04 7.26e-09 7.07e+01  -4.1 7.38e-04    -  1.00e+00 1.25e-01h  4
2891  1.9881874e-04 7.26e-09 7.07e+01  -4.1 3.92e-03    -  1.00e+00 9.77e-04h 11
2892  1.9881863e-04 7.11e-09 7.07e+01  -4.1 1.33e-03    -  1.00e+00 1.56e-02h  7
2893  1.9880863e-04 9.43e-09 7.07e+01  -4.1 1.29e-03    -  1.00e+00 6.25e-02h  5
2894  1.9880487e-04 1.31e-08 7.07e+01  -4.1 4.61e-04    -  1.00e+00 2.50e-01h  3
2895  1.9881865e-04 5.91e-09 7.07e+01  -4.1 1.39e-04    -  1.00e+00 1.00e+00h  1
2896  1.9881385e-04 7.99e-09 7.08e+01  -4.1 1.92e-04    -  1.00e+00 5.00e-01h  2
2897  1.9881306e-04 8.11e-09 7.06e+01  -4.1 1.54e-03    -  1.00e+00 1.56e-02h  7
2898  1.9880469e-04 1.04e-08 7.09e+01  -4.1 1.42e-04    -  1.00e+00 1.00e+00h  1
2899  1.9881152e-04 1.00e-08 7.08e+01  -4.1 3.52e-04    -  1.00e+00 1.25e-01h  4
iter    objective    inf_pr   inf_du lg(mu)  ||d||  lg(rg) alpha_du alpha_pr  ls
2900  1.9881203e-04 9.73e-09 7.08e+01  -4.1 6.38e-04    -  1.00e+00 3.12e-02h  6
2901  1.9881234e-04 9.56e-09 7.08e+01  -4.1 1.67e-03    -  1.00e+00 3.12e-02h  6
2902  1.9881045e-04 1.21e-08 7.06e+01  -4.1 1.42e-03    -  1.00e+00 6.25e-02h  5
2903  1.9881099e-04 1.20e-08 7.06e+01  -4.1 7.02e-04    -  1.00e+00 1.56e-02h  7
2904  1.9881101e-04 1.21e-08 7.06e+01  -4.1 1.86e-03    -  1.00e+00 1.56e-02h  7
2905  1.9881130e-04 1.20e-08 7.06e+01  -4.1 2.14e-04    -  1.00e+00 7.81e-03h  8
2906  1.9881096e-04 1.20e-08 7.08e+01  -4.1 4.60e-03    -  1.00e+00 3.91e-03h  9
2907  1.9881125e-04 1.18e-08 7.08e+01  -4.1 1.62e-04    -  1.00e+00 1.56e-02h  7
2908  1.9882346e-04 4.56e-09 7.05e+01  -4.1 1.66e-04    -  1.00e+00 1.00e+00H  1
2909  1.9882407e-04 4.30e-09 7.05e+01  -4.1 1.75e-03    -  1.00e+00 1.56e-02h  7
iter    objective    inf_pr   inf_du lg(mu)  ||d||  lg(rg) alpha_du alpha_pr  ls
2910  1.9882152e-04 4.64e-09 7.05e+01  -4.1 8.05e-03    -  1.00e+00 3.91e-03h  9
2911  1.9881968e-04 4.43e-09 7.05e+01  -4.1 5.39e-04    -  1.00e+00 6.25e-02h  5
2912  1.9881968e-04 4.42e-09 7.05e+01  -4.1 3.14e-03    -  1.00e+00 1.95e-03h 10
2913  1.9881935e-04 4.42e-09 7.09e+01  -4.1 1.39e-01    -  1.00e+00 6.10e-05h 15
2914  1.9882025e-04 2.75e-09 7.05e+01  -4.1 6.08e-05    -  1.00e+00 1.00e+00h  1
2915  1.9881994e-04 2.76e-09 7.05e+01  -4.1 6.77e-03    -  1.00e+00 7.81e-03h  8
2916  1.9881624e-04 3.03e-09 7.05e+01  -4.1 1.26e-04    -  1.00e+00 5.00e-01h  2
2917  1.9882331e-04 2.78e-09 7.10e+01  -4.1 1.17e-04    -  1.00e+00 5.00e-01h  2
2918  1.9882078e-04 3.36e-09 7.10e+01  -4.1 9.68e-02    -  1.00e+00 4.88e-04h 12
2919  1.9882699e-04 2.27e-09 7.03e+01  -4.1 1.67e-04    -  1.00e+00 1.00e+00H  1
iter    objective    inf_pr   inf_du lg(mu)  ||d||  lg(rg) alpha_du alpha_pr  ls
2920  1.9882725e-04 2.13e-09 7.03e+01  -4.1 3.02e-03    -  1.00e+00 7.81e-03h  8
2921  1.9882857e-04 2.01e-09 7.03e+01  -4.1 3.10e-04    -  1.00e+00 1.25e-01h  4
2922  1.9882642e-04 2.45e-09 7.03e+01  -4.1 5.77e-03    -  1.00e+00 7.81e-03h  8
2923  1.9882550e-04 2.59e-09 7.03e+01  -4.1 2.03e-02    -  1.00e+00 9.77e-04h 11
2924  1.9882622e-04 2.61e-09 7.11e+01  -4.1 9.61e-03    -  1.00e+00 9.77e-04h 11
2925  1.9879912e-04 1.19e-08 7.12e+01  -4.1 2.66e-04    -  1.00e+00 1.00e+00h  1
2926  1.9879886e-04 2.67e-08 7.12e+01  -4.1 2.31e-02    -  1.00e+00 7.81e-03h  8
2927  1.9879897e-04 2.67e-08 7.12e+01  -4.1 1.04e-03    -  1.00e+00 9.77e-04h 11
2928  1.9879901e-04 2.66e-08 7.12e+01  -4.1 5.58e-03    -  1.00e+00 1.95e-03h 10
2929  1.9879901e-04 2.66e-08 7.12e+01  -4.1 3.27e-04    -  1.00e+00 6.10e-05h 15
iter    objective    inf_pr   inf_du lg(mu)  ||d||  lg(rg) alpha_du alpha_pr  ls
2930  1.9886362e-04 7.81e-08 7.10e+01  -4.1 5.20e-04    -  1.00e+00 1.00e+00s 22
2931r 1.9886362e-04 7.81e-08 4.07e+02  -4.1 0.00e+00    -  0.00e+00 0.00e+00R  1
2932r 2.0007007e-04 1.15e-08 2.92e-04  -4.0 5.91e-05    -  1.00e+00 1.00e+00f  1
2933r 2.0122047e-04 1.29e-10 8.35e-06  -4.1 8.04e-06    -  1.00e+00 1.00e+00f  1
2934r 2.0264228e-04 1.92e-10 6.23e-06  -4.0 4.02e-06    -  1.00e+00 1.00e+00f  1
2935r 2.0122005e-04 1.20e-10 7.10e-06  -4.1 1.86e-06    -  1.00e+00 1.00e+00f  1
2936r 2.0266748e-04 2.05e-10 1.66e-05  -4.0 1.40e-05    -  1.00e+00 1.00e+00f  1
2937r 2.0123273e-04 1.20e-10 9.77e-06  -4.1 2.49e-06    -  1.00e+00 1.00e+00f  1
2938r 2.0134803e-04 1.26e-10 9.02e-06  -6.1 7.87e-06    -  1.00e+00 1.00e+00f  1
2939r 1.9957504e-04 7.79e-08 1.15e-03  -4.0 4.23e-04    -  1.00e+00 1.00e+00f  1
iter    objective    inf_pr   inf_du lg(mu)  ||d||  lg(rg) alpha_du alpha_pr  ls
2940r 2.1033890e-04 3.82e-08 2.80e-04  -4.1 3.38e-04    -  1.00e+00 1.00e+00f  1
2941r 2.0171335e-04 5.62e-10 3.47e-05  -6.1 2.54e-05    -  1.00e+00 1.00e+00f  1
2942r 1.9898208e-04 6.25e-09 1.33e-06  -9.0 8.76e-05    -  1.00e+00 1.00e+00f  1
2943r 1.7950046e-03 1.96e-02 7.23e-01  -4.0 1.48e-01    -  1.00e+00 1.00e+00f  1
2944r 3.8182906e-03 3.66e-02 2.43e-01  -4.1 2.43e-01    -  1.00e+00 1.00e+00h  1
2945r 1.7532947e-02 2.13e-02 8.18e-02  -4.1 1.74e-01    -  1.00e+00 1.00e+00h  1
2946r 3.7019432e-01 4.92e-03 1.54e-02  -4.1 7.18e-02    -  7.31e-01 1.00e+00h  1
2947r 1.1554373e-01 1.85e-03 6.43e-03  -4.1 5.71e-02    -  1.00e+00 1.00e+00h  1
2948r 3.1836492e-01 1.33e-03 4.88e-03  -4.1 4.36e-02    -  1.00e+00 1.00e+00h  1
2949r 6.5864046e-02 2.90e-04 4.46e-03  -4.1 2.17e-02    -  1.00e+00 1.00e+00h  1
iter    objective    inf_pr   inf_du lg(mu)  ||d||  lg(rg) alpha_du alpha_pr  ls
2950r 4.8216972e-02 2.14e-04 5.30e-03  -4.1 1.28e-02    -  1.00e+00 1.00e+00h  1
2951r 2.6132135e-02 1.11e-04 5.44e-03  -4.1 1.17e-02    -  1.00e+00 1.00e+00h  1
2952r 1.0506252e-02 4.45e-05 5.68e-03  -4.1 8.03e-03    -  1.00e+00 1.00e+00h  1
2953r 6.1532137e-03 2.74e-05 9.13e-03  -4.1 4.85e-03    -  1.00e+00 1.00e+00h  1
2954r 4.4478568e-03 2.28e-05 9.92e-03  -4.1 5.91e-03    -  1.00e+00 1.00e+00h  1
2955r 3.2506937e-03 1.23e-05 5.77e-03  -4.1 3.20e-03    -  1.00e+00 1.00e+00h  1
2956r 1.2143616e-03 3.78e-06 1.44e-03  -4.1 2.32e-03    -  1.00e+00 1.00e+00h  1
2957r 2.4620922e-04 8.05e-09 2.23e-04  -6.1 8.44e-05    -  1.00e+00 1.00e+00f  1
2958r 2.2513852e-04 3.56e-08 2.21e-05  -6.1 2.22e-04    -  1.00e+00 1.00e+00h  1
2959r 2.3114019e-04 2.04e-06 3.20e-05  -9.0 1.73e-03    -  9.95e-01 1.00e+00f  1
iter    objective    inf_pr   inf_du lg(mu)  ||d||  lg(rg) alpha_du alpha_pr  ls
2960r 5.3263135e-04 6.02e-04 1.66e-01  -4.0 2.96e-02    -  1.00e+00 1.00e+00f  1
2961r 3.5082014e-03 2.98e-03 1.58e-01  -4.1 6.46e-02    -  1.00e+00 1.00e+00h  1
2962r 1.4956948e-02 6.76e-03 3.52e-02  -4.1 9.85e-02    -  1.00e+00 1.00e+00h  1
2963r 6.6081855e-02 2.17e-03 4.59e-02  -4.1 5.76e-02    -  8.63e-01 1.00e+00h  1
2964r 2.4077821e-01 4.15e-03 3.48e-02  -4.1 7.59e-02    -  1.00e+00 1.00e+00h  1
2965r 1.6737832e-01 1.26e-03 9.96e-03  -4.1 4.39e-02    -  1.00e+00 1.00e+00h  1
2966r 8.3810223e-02 3.50e-04 3.20e-03  -4.1 2.01e-02    -  1.00e+00 1.00e+00h  1
2967r 1.2379587e-03 1.24e-05 4.58e-03  -6.1 4.80e-03    -  1.00e+00 1.00e+00f  1
2968r 8.1164982e-04 1.81e-08 4.02e-04  -6.1 1.22e-04    -  1.00e+00 1.00e+00h  1
2969r 7.7770722e-04 4.10e-09 2.14e-04  -6.1 6.75e-05    -  1.00e+00 1.00e+00h  1
iter    objective    inf_pr   inf_du lg(mu)  ||d||  lg(rg) alpha_du alpha_pr  ls
2970r 7.7003481e-04 1.04e-10 9.94e-06  -6.1 9.95e-06    -  1.00e+00 1.00e+00h  1
2971  7.6553075e-04 2.49e-10 7.07e+01  -4.1 1.21e-03    -  1.00e+00 1.56e-02f  7
2972  7.5773886e-04 2.67e-10 7.07e+01  -4.1 1.67e+00    -  1.02e-02 8.45e-06f 17
2973  5.0152647e-04 2.72e-06 7.07e+01  -4.1 4.69e+01    -  1.62e-02 3.10e-05f 10
2974  3.2361739e-04 2.42e-06 7.12e+01  -4.1 2.79e-03    -  1.00e+00 1.00e+00h  1
2975  2.8918303e-04 1.54e-06 7.02e+01  -4.1 1.71e-03    -  1.00e+00 1.00e+00h  1
2976  2.1524818e-04 2.96e-07 7.13e+01  -4.1 1.08e-03    -  1.00e+00 1.00e+00h  1
2977  2.0925245e-04 3.88e-07 7.02e+01  -4.1 1.39e-03    -  1.00e+00 5.00e-01h  2
2978  2.0167332e-04 3.07e-06 7.13e+01  -4.1 2.03e-03    -  1.00e+00 1.00e+00h  1
2979  2.0275765e-04 4.30e-07 7.01e+01  -4.1 7.23e-04    -  1.00e+00 1.00e+00h  1
iter    objective    inf_pr   inf_du lg(mu)  ||d||  lg(rg) alpha_du alpha_pr  ls
2980  1.9947451e-04 2.39e-07 7.01e+01  -4.1 7.43e-04    -  1.00e+00 1.00e+00h  1
2981  1.9943979e-04 9.52e-07 7.00e+01  -4.1 2.58e-02    -  1.00e+00 6.25e-02h  5
2982  1.9913546e-04 1.00e-05 7.14e+01  -4.1 3.06e-02    -  1.00e+00 1.25e-01h  4
2983  1.9902856e-04 8.73e-06 7.14e+01  -4.1 8.49e-03    -  1.00e+00 2.50e-01h  3
2984  1.9875991e-04 8.67e-06 7.14e+01  -4.1 7.00e-01    -  1.00e+00 3.91e-03h  9
2985  1.9864075e-04 9.53e-06 7.01e+01  -4.1 7.92e-01    -  1.00e+00 3.91e-03h  9
2986  1.9862305e-04 1.01e-05 7.01e+01  -4.1 1.26e-01    -  1.00e+00 1.56e-02h  7
2987  1.9858146e-04 1.17e-05 7.01e+01  -4.1 2.95e-01    -  1.00e+00 7.81e-03h  8
2988  1.9841803e-04 2.05e-05 7.01e+01  -4.1 5.91e-01    -  1.00e+00 7.81e-03h  8
2989  1.9839223e-04 2.31e-05 7.01e+01  -4.1 6.39e-01    -  1.00e+00 7.81e-03h  8
iter    objective    inf_pr   inf_du lg(mu)  ||d||  lg(rg) alpha_du alpha_pr  ls
2990  1.9808615e-04 2.62e-05 7.01e+01  -4.1 4.37e-02    -  1.00e+00 6.25e-02h  5
2991  1.9807523e-04 2.62e-05 7.01e+01  -4.1 7.83e-02    -  1.00e+00 7.81e-03h  8
2992  1.9802394e-04 2.56e-05 7.01e+01  -4.1 4.31e-02    -  1.00e+00 3.12e-02h  6
2993  1.9800847e-04 2.70e-05 7.01e+01  -4.1 1.66e-01    -  1.00e+00 7.81e-03h  8
2994  1.9798861e-04 2.70e-05 9.43e+01  -4.1 1.45e+00    -  9.52e-01 3.08e-08h 19
2995  1.9837449e-04 1.26e-05 6.77e+01  -4.1 6.43e-03    -  1.00e+00 5.00e-01h  2
2996  1.9859701e-04 1.18e-05 7.28e+01  -4.1 6.60e-03    -  1.00e+00 5.00e-01h  2
2997  1.9855677e-04 1.06e-05 7.23e+01  -4.1 1.12e-02    -  1.00e+00 1.25e-01h  4
2998  1.9855267e-04 1.06e-05 6.95e+01  -4.1 1.65e-01    -  6.00e-02 5.96e-08h 25
2999  1.9853699e-04 4.59e-07 3.56e+02  -4.1 6.23e-05    -  1.00e+00 1.00e+00h  1
iter    objective    inf_pr   inf_du lg(mu)  ||d||  lg(rg) alpha_du alpha_pr  ls
3000  1.9869223e-04 4.29e-07 1.53e+02  -4.1 6.43e-04    -  1.00e+00 1.00e+00h  1
3001  1.9900393e-04 6.48e-08 1.42e+01  -4.1 1.09e-03    -  1.00e+00 1.00e+00H  1
3002  1.9914641e-04 1.80e-09 1.58e+01  -4.1 4.86e-04    -  1.00e+00 1.00e+00H  1
3003  1.9914764e-04 5.26e-10 1.56e+01  -4.1 1.66e-05    -  1.00e+00 1.00e+00h  1
3004  1.9912414e-04 7.89e-09 1.56e+01  -4.1 1.38e-04    -  1.00e+00 1.00e+00h  1
3005  1.9908696e-04 1.05e-08 1.26e+02  -4.1 1.44e-04    -  1.00e+00 1.00e+00h  1
3006  1.9907939e-04 1.05e-08 1.57e+01  -4.1 3.40e-01    -  1.00e+00 3.81e-06h 19
3007  1.9907191e-04 2.28e-08 1.57e+01  -4.1 1.78e-04    -  1.00e+00 1.00e+00h  1
3008  1.9907149e-04 6.38e-08 1.26e+02  -4.1 1.54e-02    -  1.00e+00 1.56e-02h  7
3009  1.9906382e-04 1.90e-10 1.26e+02  -4.1 4.22e-04    -  1.00e+00 1.00e+00H  1
iter    objective    inf_pr   inf_du lg(mu)  ||d||  lg(rg) alpha_du alpha_pr  ls
3010  1.9907880e-04 4.76e-12 1.57e+01  -4.1 4.87e-04    -  1.00e+00 1.00e+00H  1
3011  1.9904312e-04 3.10e-08 1.57e+01  -4.1 1.68e-03    -  1.00e+00 1.00e+00H  1
3012  1.9900067e-04 6.39e-07 1.57e+01  -4.1 2.39e-01    -  1.00e+00 3.91e-03h  9
3013  1.9888879e-04 1.01e-06 1.26e+02  -4.1 1.82e-01    -  1.00e+00 3.91e-03h  9
3014  1.9888876e-04 1.01e-06 1.26e+02  -4.1 3.84e-02    -  1.00e+00 9.77e-04h 11
3015  1.9888529e-04 1.00e-06 1.57e+01  -4.1 5.97e-03    -  1.00e+00 1.56e-02h  7
3016  1.9888619e-04 1.00e-06 1.57e+01  -4.1 2.26e-02    -  1.00e+00 1.95e-03h 10
3017  1.9889157e-04 9.99e-07 1.26e+02  -4.1 4.22e-02    -  1.00e+00 1.95e-03h 10
3018  1.9888916e-04 1.00e-06 1.57e+01  -4.1 3.20e-02    -  1.00e+00 1.95e-03h 10
3019  1.9888856e-04 1.00e-06 1.57e+01  -4.1 5.89e-02    -  1.00e+00 4.88e-04h 12
iter    objective    inf_pr   inf_du lg(mu)  ||d||  lg(rg) alpha_du alpha_pr  ls
3020  1.9888648e-04 1.00e-06 1.26e+02  -4.1 7.70e-02    -  1.00e+00 1.95e-03h 10
3021  1.9888170e-04 1.09e-06 1.26e+02  -4.1 1.42e-01    -  1.00e+00 7.81e-03h  8
3022  1.9888166e-04 1.09e-06 1.26e+02  -4.1 1.19e-01    -  1.00e+00 4.88e-04h 12
3023  1.9887474e-04 1.09e-06 1.26e+02  -4.1 5.62e-02    -  1.00e+00 7.81e-03h  8
3024  1.9887840e-04 1.09e-06 1.26e+02  -4.1 7.79e-02    -  1.00e+00 9.77e-04h 11
3025  1.9888052e-04 1.09e-06 1.57e+01  -4.1 8.97e-02    -  1.00e+00 9.77e-04h 11
3026  1.9889328e-04 9.32e-07 1.26e+02  -4.1 1.49e-03    -  1.00e+00 5.00e-01h  2
3027  1.9889340e-04 9.32e-07 1.26e+02  -4.1 1.86e-01    -  1.00e+00 3.05e-05h 16
3028  1.9888771e-04 9.36e-07 1.26e+02  -4.1 9.67e-02    -  1.00e+00 3.91e-03h  9
3029  1.9888314e-04 9.61e-07 1.26e+02  -4.1 4.59e-02    -  1.00e+00 3.91e-03h  9
iter    objective    inf_pr   inf_du lg(mu)  ||d||  lg(rg) alpha_du alpha_pr  ls
3030  1.9887345e-04 1.52e-06 1.26e+02  -4.1 1.15e-01    -  1.00e+00 7.81e-03h  8
3031  1.9887263e-04 1.52e-06 1.26e+02  -4.1 4.93e-02    -  1.00e+00 1.95e-03h 10
3032  1.9887170e-04 1.52e-06 1.57e+01  -4.1 2.22e-01    -  1.00e+00 2.44e-04h 13
3033  1.9887193e-04 1.52e-06 1.57e+01  -4.1 2.38e-01    -  1.00e+00 3.05e-05h 16
3034  1.9887124e-04 1.54e-06 1.57e+01  -4.1 9.02e-02    -  1.00e+00 1.95e-03h 10
3035  1.9886708e-04 1.55e-06 1.57e+01  -4.1 4.49e-02    -  1.00e+00 3.91e-03h  9
3036  1.9886625e-04 1.55e-06 1.57e+01  -4.1 1.12e-01    -  1.00e+00 4.88e-04h 12
3037  1.9886058e-04 1.55e-06 1.57e+01  -4.1 7.12e-02    -  1.00e+00 3.91e-03h  9
3038  1.9885593e-04 1.55e-06 1.57e+01  -4.1 7.33e-03    -  1.00e+00 3.12e-02h  6
3039  1.9886253e-04 1.55e-06 1.26e+02  -4.1 1.49e-02    -  1.00e+00 3.05e-05h 16
iter    objective    inf_pr   inf_du lg(mu)  ||d||  lg(rg) alpha_du alpha_pr  ls
3040  1.9908444e-04 9.41e-07 1.58e+01  -4.1 1.37e-03    -  1.00e+00 1.00e+00h  1
3041  1.9903359e-04 9.44e-07 1.58e+01  -4.1 3.36e-01    -  1.00e+00 1.95e-03h 10
3042  1.9903311e-04 9.65e-07 1.58e+01  -4.1 6.42e-02    -  1.00e+00 1.56e-02h  7
3043  1.9903795e-04 9.64e-07 1.58e+01  -4.1 1.12e-01    -  1.00e+00 4.88e-04h 12
3044  1.9904667e-04 9.64e-07 1.58e+01  -4.1 1.41e-01    -  1.00e+00 4.88e-04h 12
3045  2.1577652e-04 4.51e-07 1.26e+02  -4.1 1.99e-02    -  1.00e+00 1.00e+00H  1
3046  2.1577724e-04 4.51e-07 1.26e+02  -4.1 3.19e-01    -  1.00e+00 3.05e-05h 16
3047  2.1452692e-04 2.95e-07 1.26e+02  -4.1 5.66e-01    -  1.00e+00 3.91e-03h  9
3048  2.1273420e-04 5.70e-07 1.26e+02  -4.1 1.02e+00    -  6.93e-01 5.95e-04h 11
3049  2.1228719e-04 6.10e-07 1.26e+02  -4.1 1.37e+00    -  1.00e+00 1.90e-04h 13
iter    objective    inf_pr   inf_du lg(mu)  ||d||  lg(rg) alpha_du alpha_pr  ls
3050  2.1126354e-04 6.64e-07 1.26e+02  -4.1 5.21e-01    -  1.00e+00 4.88e-04h 12
3051  2.1119760e-04 6.65e-07 1.53e+01  -4.1 1.27e+00    -  8.79e-01 3.05e-05h 16
3052  2.1120998e-04 6.65e-07 1.53e+01  -4.1 1.35e-01    -  1.00e+00 2.44e-04h 13
3053  2.0973781e-04 6.64e-07 1.53e+01  -4.1 3.78e+00    -  2.61e-01 2.63e-04h 11
3054  2.0984195e-04 6.77e-07 1.53e+01  -4.1 2.25e-01    -  1.00e+00 9.77e-04h 11
3055  2.0984255e-04 6.77e-07 1.53e+01  -4.1 1.04e-01    -  1.00e+00 6.10e-05h 15
3056  2.0984315e-04 6.77e-07 1.53e+01  -4.1 1.03e-01    -  1.00e+00 6.10e-05h 15
3057  2.0984376e-04 6.77e-07 1.53e+01  -4.1 1.04e-01    -  1.00e+00 6.10e-05h 15
3058  2.1131192e-04 6.76e-07 1.26e+02  -4.1 8.99e-03    -  1.00e+00 1.95e-03h 10
3059  2.0973688e-04 6.65e-07 1.62e+01  -4.1 3.98e-02    -  1.00e+00 1.56e-02h  7
iter    objective    inf_pr   inf_du lg(mu)  ||d||  lg(rg) alpha_du alpha_pr  ls
3060  2.1021841e-04 1.81e-07 1.82e+01  -4.1 5.15e-04    -  1.00e+00 1.00e+00h  1
3061  2.0989227e-04 1.94e-10 1.81e+01  -4.1 1.45e-05    -  1.00e+00 1.00e+00h  1
3062  2.0987099e-04 2.20e-10 1.23e+02  -4.1 9.87e-05    -  1.00e+00 1.25e-01h  4
3063  2.0974145e-04 1.15e-10 1.80e+01  -4.1 1.73e-05    -  1.00e+00 1.00e+00h  1
3064  2.0971890e-04 1.06e-09 1.80e+01  -4.1 6.28e-05    -  1.00e+00 1.00e+00h  1
3065  2.0983108e-04 9.88e-10 1.80e+01  -4.1 4.86e-02    -  1.00e+00 4.88e-04h 12
3066  2.0966664e-04 9.91e-10 1.23e+02  -4.1 3.07e-04    -  1.00e+00 6.25e-02h  5
3067  2.0959209e-04 6.69e-09 1.81e+01  -4.1 1.59e-04    -  1.00e+00 1.00e+00h  1
3068  2.0933279e-04 1.35e-09 1.81e+01  -4.1 1.64e-04    -  1.00e+00 1.00e+00h  1
3069  2.0844265e-04 1.82e-07 1.23e+02  -4.1 4.77e-01    -  1.00e+00 7.81e-03h  8
iter    objective    inf_pr   inf_du lg(mu)  ||d||  lg(rg) alpha_du alpha_pr  ls
3070  2.0431824e-04 3.54e-07 1.24e+02  -4.1 1.11e+00    -  1.00e+00 3.55e-03h  9
3071  2.0206139e-04 1.53e-08 2.03e+01  -4.1 1.09e-02    -  1.00e+00 1.00e+00H  1
3072  2.0327064e-04 1.78e-08 2.04e+01  -4.1 6.64e-03    -  1.00e+00 6.25e-02h  5
3073  2.0302932e-04 1.61e-08 2.04e+01  -4.1 9.55e-02    -  1.00e+00 7.81e-03h  8
3074  2.0177088e-04 5.33e-08 1.21e+02  -4.1 7.55e-03    -  1.00e+00 3.12e-02h  6
3075  2.0166027e-04 2.58e-07 1.21e+02  -4.1 8.85e-02    -  1.00e+00 7.81e-03h  8
3076  2.0167160e-04 2.58e-07 1.21e+02  -4.1 2.83e-01    -  1.00e+00 6.10e-05h 15
3077  2.0120104e-04 4.13e-07 1.21e+02  -4.1 2.95e-02    -  1.00e+00 6.25e-02h  5
3078  2.0112049e-04 4.45e-07 1.21e+02  -4.1 4.47e-01    -  1.00e+00 4.88e-04h 12
3079  1.9961959e-04 4.57e-07 2.09e+01  -4.1 1.55e-01    -  1.00e+00 3.91e-03h  9
iter    objective    inf_pr   inf_du lg(mu)  ||d||  lg(rg) alpha_du alpha_pr  ls
3080  1.9938806e-04 4.12e-07 1.20e+02  -4.1 2.11e-03    -  1.00e+00 1.00e+00H  1
3081  1.9945522e-04 5.56e-07 2.10e+01  -4.1 4.22e-01    -  1.00e+00 3.91e-03h  9
3082  1.9921375e-04 5.08e-07 2.10e+01  -4.1 3.25e-01    -  1.00e+00 7.81e-03h  8
3083  1.9922302e-04 5.07e-07 2.10e+01  -4.1 3.44e-02    -  1.00e+00 9.77e-04h 11
3084  1.9952465e-04 3.77e-07 2.11e+01  -4.1 2.06e-02    -  1.00e+00 3.12e-02h  6
3085  1.9951933e-04 3.60e-07 2.11e+01  -4.1 6.14e-03    -  1.00e+00 3.12e-02h  6
3086  1.9949593e-04 3.64e-07 2.11e+01  -4.1 3.19e-01    -  1.00e+00 2.44e-04h 13
3087  1.9915815e-04 7.14e-07 1.20e+02  -4.1 2.91e-01    -  1.00e+00 1.95e-03h 10
3088  1.9911355e-04 7.15e-07 1.20e+02  -4.1 5.74e-01    -  1.00e+00 6.10e-05h 15
3089  1.9911293e-04 7.20e-07 2.11e+01  -4.1 1.10e-01    -  1.00e+00 7.81e-03h  8
iter    objective    inf_pr   inf_du lg(mu)  ||d||  lg(rg) alpha_du alpha_pr  ls
3090  1.9911321e-04 7.19e-07 2.11e+01  -4.1 7.40e-03    -  1.00e+00 1.22e-04h 14
3091  1.9909926e-04 7.10e-07 2.11e+01  -4.1 5.91e-03    -  1.00e+00 1.56e-02h  7
3092  1.9903259e-04 5.12e-07 2.11e+01  -4.1 7.29e-02    -  1.00e+00 7.81e-03h  8
3093r 1.9903259e-04 5.12e-07 8.56e+02  -4.1 0.00e+00    -  0.00e+00 4.77e-07R 22
3094r 2.3277051e-04 1.19e-07 8.13e-01  -4.0 5.64e-05    -  1.00e+00 1.74e-01f  1
3095r 2.0893147e-04 6.62e-08 1.39e-03  -4.0 3.04e-04    -  1.00e+00 1.00e+00f  1
3096  2.0885780e-04 5.73e-08 7.07e+01  -4.1 6.14e-02    -  1.00e+00 1.56e-02h  7
3097  2.0872232e-04 5.51e-08 7.07e+01  -4.1 3.83e-01    -  1.00e+00 1.22e-04h 14
3098  2.0188837e-04 6.49e-07 7.07e+01  -4.1 6.92e-01    -  1.00e+00 1.75e-03h 10
3099  2.0246656e-04 3.08e-07 7.02e+01  -4.1 2.23e-03    -  1.00e+00 1.00e+00H  1
iter    objective    inf_pr   inf_du lg(mu)  ||d||  lg(rg) alpha_du alpha_pr  ls
3100  2.0023737e-04 4.61e-06 7.04e+01  -4.1 3.12e-03    -  1.00e+00 1.00e+00h  1
3101  2.0019092e-04 3.37e-06 7.11e+01  -4.1 3.19e-03    -  1.00e+00 2.50e-01h  3
3102  1.9890712e-04 1.74e-06 7.12e+01  -4.1 1.99e-03    -  1.00e+00 1.00e+00h  1
3103  2.0003213e-04 1.60e-06 7.03e+01  -4.1 2.01e-02    -  1.00e+00 6.25e-02h  5
3104  1.9990473e-04 1.56e-06 7.03e+01  -4.1 3.77e-02    -  1.00e+00 3.12e-02h  6
3105  1.9990400e-04 1.55e-06 7.03e+01  -4.1 1.02e-01    -  1.00e+00 1.56e-02h  7
3106  1.9988098e-04 2.07e-06 7.03e+01  -4.1 2.72e-02    -  1.00e+00 3.12e-02h  6
3107  2.0163581e-04 1.67e-06 7.11e+01  -4.1 7.18e-03    -  1.00e+00 1.00e+00H  1
3108  1.9970905e-04 9.72e-08 7.04e+01  -4.1 4.22e-03    -  1.00e+00 1.00e+00H  1
3109  1.9903135e-04 1.54e-06 7.13e+01  -4.1 4.30e-02    -  1.00e+00 3.12e-02h  6
iter    objective    inf_pr   inf_du lg(mu)  ||d||  lg(rg) alpha_du alpha_pr  ls
3110  1.9901219e-04 4.58e-07 7.01e+01  -4.1 7.14e-04    -  1.00e+00 1.00e+00h  1
3111  1.9882862e-04 6.41e-07 7.02e+01  -4.1 9.86e-04    -  1.00e+00 1.00e+00h  1
3112  1.9877144e-04 6.14e-07 7.12e+01  -4.1 6.12e-03    -  1.00e+00 3.12e-02h  6
3113  1.9871443e-04 6.41e-07 7.02e+01  -4.1 9.89e-04    -  1.00e+00 1.00e+00h  1
3114  1.9866122e-04 2.58e-07 7.12e+01  -4.1 7.13e-04    -  1.00e+00 1.00e+00h  1
3115  1.9869668e-04 1.43e-07 7.02e+01  -4.1 1.27e-03    -  1.00e+00 2.50e-01h  3
3116  1.9869812e-04 1.25e-07 7.02e+01  -4.1 1.25e-03    -  1.00e+00 1.25e-01h  4
3117  1.9869630e-04 1.41e-07 7.02e+01  -4.1 7.64e-03    -  1.00e+00 6.25e-02h  5
3118  1.9878243e-04 1.09e-07 7.12e+01  -4.1 6.26e-04    -  1.00e+00 1.00e+00h  1
3119  1.9877565e-04 1.26e-07 7.12e+01  -4.1 1.28e-02    -  1.00e+00 3.12e-02h  6
iter    objective    inf_pr   inf_du lg(mu)  ||d||  lg(rg) alpha_du alpha_pr  ls
3120  1.9876224e-04 9.74e-08 7.12e+01  -4.1 1.22e-03    -  1.00e+00 2.50e-01h  3
3121  1.9878218e-04 6.84e-08 7.03e+01  -4.1 1.68e-03    -  1.00e+00 5.00e-01h  2
3122  1.9879140e-04 6.57e-08 7.03e+01  -4.1 5.04e-04    -  1.00e+00 1.00e+00h  1
3123  1.9880768e-04 6.43e-08 7.11e+01  -4.1 1.13e-02    -  1.00e+00 1.56e-02h  7
3124  1.9883549e-04 4.85e-08 7.10e+01  -4.1 2.89e-04    -  1.00e+00 1.00e+00H  1
3125  1.9875921e-04 2.67e-07 7.10e+01  -4.1 1.07e-03    -  1.00e+00 5.00e-01h  2
3126  1.9873703e-04 2.55e-07 7.10e+01  -4.1 2.04e-03    -  1.00e+00 6.25e-02h  5
3127  1.9881676e-04 6.69e-08 7.02e+01  -4.1 6.06e-04    -  1.00e+00 1.00e+00H  1
3128  1.9881530e-04 6.17e-08 7.02e+01  -4.1 2.51e-03    -  1.00e+00 1.25e-01h  4
3129  1.9878497e-04 7.80e-08 7.02e+01  -4.1 2.41e-01    -  1.00e+00 9.77e-04h 11
iter    objective    inf_pr   inf_du lg(mu)  ||d||  lg(rg) alpha_du alpha_pr  ls
3130  1.9878417e-04 7.80e-08 7.12e+01  -4.1 5.41e-02    -  1.00e+00 1.22e-04h 14
3131  1.9888725e-04 5.19e-08 7.03e+01  -4.1 4.96e-04    -  1.00e+00 1.00e+00H  1
3132  1.9887609e-04 4.94e-08 7.03e+01  -4.1 5.23e-02    -  1.00e+00 1.95e-03h 10
3133  1.9885332e-04 4.98e-08 7.03e+01  -4.1 1.13e-03    -  1.00e+00 1.25e-01h  4
3134  1.9884870e-04 4.93e-08 7.03e+01  -4.1 2.66e-03    -  1.00e+00 1.56e-02h  7
3135  1.9884245e-04 4.80e-08 7.03e+01  -4.1 5.52e-03    -  1.00e+00 7.81e-03h  8
3136  1.9876219e-04 1.66e-07 7.10e+01  -4.1 6.18e-04    -  1.00e+00 1.00e+00h  1
3137  1.9885785e-04 1.99e-08 7.06e+01  -4.1 2.96e-04    -  1.00e+00 1.00e+00h  1
3138  1.9883747e-04 4.09e-08 7.04e+01  -4.1 7.14e-04    -  1.00e+00 5.00e-01h  2
3139  1.9880969e-04 9.40e-08 7.10e+01  -4.1 1.02e-02    -  1.00e+00 6.25e-02h  5
iter    objective    inf_pr   inf_du lg(mu)  ||d||  lg(rg) alpha_du alpha_pr  ls
3140  1.9881291e-04 1.01e-07 7.04e+01  -4.1 4.75e-04    -  1.00e+00 1.00e+00h  1
3141  1.9878512e-04 1.01e-07 7.05e+01  -4.1 3.44e-02    -  1.00e+00 7.81e-03h  8
3142  1.9883472e-04 2.75e-08 7.11e+01  -4.1 1.60e-04    -  1.00e+00 1.00e+00h  1
3143  1.9883103e-04 2.26e-08 7.11e+01  -4.1 4.01e-03    -  1.00e+00 6.25e-02h  5
3144  1.9881122e-04 7.93e-08 7.11e+01  -4.1 1.07e-03    -  1.00e+00 2.50e-01h  3
3145  1.9875505e-04 7.79e-07 7.06e+01  -4.1 2.33e-03    -  1.00e+00 5.00e-01h  2
3146  1.9872766e-04 5.66e-07 7.06e+01  -4.1 8.93e-04    -  1.00e+00 5.00e-01h  2
3147  1.9874303e-04 5.62e-07 7.08e+01  -4.1 5.94e-03    -  1.00e+00 3.12e-02h  6
3148  1.9875031e-04 2.66e-07 7.10e+01  -4.1 6.59e-04    -  1.00e+00 5.00e-01h  2
3149  1.9874294e-04 4.11e-07 7.04e+01  -4.1 2.20e-03    -  1.00e+00 2.50e-01h  3
iter    objective    inf_pr   inf_du lg(mu)  ||d||  lg(rg) alpha_du alpha_pr  ls
3150  1.9875843e-04 2.88e-07 7.04e+01  -4.1 6.60e-04    -  1.00e+00 5.00e-01h  2
3151  1.9875463e-04 2.63e-07 7.11e+01  -4.1 4.39e-03    -  1.00e+00 6.25e-02h  5
3152  1.9877906e-04 1.29e-07 7.11e+01  -4.1 5.42e-04    -  1.00e+00 5.00e-01h  2
3153  1.9877491e-04 1.27e-07 7.04e+01  -4.1 3.29e-02    -  1.00e+00 3.91e-03h  9
3154  1.9877429e-04 1.30e-07 7.04e+01  -4.1 1.36e-02    -  1.00e+00 7.81e-03h  8
3155  1.9880605e-04 7.49e-08 7.10e+01  -4.1 3.06e-04    -  1.00e+00 1.00e+00h  1
3156  1.9878474e-04 8.09e-08 7.10e+01  -4.1 3.29e-04    -  1.00e+00 1.00e+00h  1
3157  1.9877155e-04 1.31e-07 7.09e+01  -4.1 3.42e-03    -  1.00e+00 1.25e-01h  4
3158  1.9876943e-04 1.11e-07 7.10e+01  -4.1 3.53e-03    -  1.00e+00 6.25e-02h  5
3159  1.9876463e-04 1.50e-07 7.10e+01  -4.1 2.19e-03    -  1.00e+00 1.25e-01h  4
iter    objective    inf_pr   inf_du lg(mu)  ||d||  lg(rg) alpha_du alpha_pr  ls
3160  1.9876130e-04 1.52e-07 7.05e+01  -4.1 5.63e-03    -  1.00e+00 3.12e-02h  6
3161  1.9880910e-04 2.31e-08 7.04e+01  -4.1 1.84e-04    -  1.00e+00 1.00e+00h  1
3162  1.9880244e-04 2.13e-08 7.04e+01  -4.1 4.83e-02    -  1.00e+00 1.95e-03h 10
3163  1.9884617e-04 4.30e-09 7.09e+01  -4.1 2.33e-04    -  1.00e+00 1.00e+00H  1
3164  1.9883163e-04 5.80e-09 7.08e+01  -4.1 6.45e-04    -  1.00e+00 1.25e-01h  4
3165  1.9881906e-04 8.31e-09 7.08e+01  -4.1 1.37e-02    -  1.00e+00 7.81e-03h  8
3166  1.9881289e-04 1.07e-08 7.08e+01  -4.1 8.78e-04    -  1.00e+00 6.25e-02h  5
3167  1.9880640e-04 1.07e-08 7.06e+01  -4.1 1.36e-01    -  1.00e+00 2.44e-04h 13
3168  1.9881338e-04 7.10e-09 7.08e+01  -4.1 1.02e-04    -  1.00e+00 5.00e-01h  2
3169  1.9880466e-04 3.86e-09 7.07e+01  -4.1 1.06e-04    -  1.00e+00 1.00e+00h  1
iter    objective    inf_pr   inf_du lg(mu)  ||d||  lg(rg) alpha_du alpha_pr  ls
3170  1.9880456e-04 8.03e-09 7.07e+01  -4.1 3.05e-03    -  1.00e+00 3.12e-02h  6
3171  1.9880468e-04 7.99e-09 7.07e+01  -4.1 2.55e-04    -  1.00e+00 3.91e-03h  9
3172  1.9880469e-04 7.99e-09 7.07e+01  -4.1 1.89e-04    -  1.00e+00 4.88e-04h 12
3173  1.9880456e-04 8.03e-09 7.07e+01  -4.1 1.13e-02    -  1.00e+00 4.88e-04h 12
3174  1.9880444e-04 8.12e-09 7.07e+01  -4.1 9.51e-03    -  1.00e+00 3.91e-03h  9
3175  1.9880444e-04 8.35e-09 7.07e+01  -4.1 7.26e-03    -  1.00e+00 1.95e-03h 10
3176  1.9880444e-04 8.35e-09 7.07e+01  -4.1 2.23e-04    -  1.00e+00 3.05e-05h 16
3177  1.9880428e-04 9.30e-09 7.07e+01  -4.1 1.31e-02    -  1.00e+00 3.91e-03h  9
3178  1.9880441e-04 9.22e-09 7.07e+01  -4.1 1.03e-04    -  1.00e+00 7.81e-03h  8
3179  1.9881374e-04 1.21e-09 7.08e+01  -4.1 4.54e-05    -  1.00e+00 1.00e+00h  1
iter    objective    inf_pr   inf_du lg(mu)  ||d||  lg(rg) alpha_du alpha_pr  ls
3180  1.9881433e-04 1.12e-09 7.06e+01  -4.1 8.65e-04    -  1.00e+00 1.56e-02h  7
3181  1.9881148e-04 2.23e-09 7.06e+01  -4.1 7.63e-04    -  1.00e+00 6.25e-02h  5
3182  1.9881280e-04 2.12e-09 7.06e+01  -4.1 1.18e-04    -  1.00e+00 6.25e-02h  5
3183  1.9881295e-04 2.08e-09 7.06e+01  -4.1 9.75e-04    -  1.00e+00 1.56e-02h  7
3184  1.9881303e-04 2.11e-09 7.06e+01  -4.1 2.19e-03    -  1.00e+00 3.91e-03h  9
3185  1.9881302e-04 2.11e-09 7.06e+01  -4.1 1.60e-02    -  1.00e+00 2.44e-04h 13
3186  1.9881312e-04 2.02e-09 7.08e+01  -4.1 4.87e-04    -  1.00e+00 3.12e-02h  6
3187  1.9881304e-04 2.01e-09 7.08e+01  -4.1 1.67e-03    -  1.00e+00 7.81e-03h  8
3188  1.9881304e-04 2.01e-09 7.06e+01  -4.1 7.51e-02    -  1.00e+00 1.49e-08h 27
3189  1.9881353e-04 1.51e-09 7.06e+01  -4.1 5.45e-05    -  1.00e+00 2.50e-01h  3
iter    objective    inf_pr   inf_du lg(mu)  ||d||  lg(rg) alpha_du alpha_pr  ls
3190  1.9881355e-04 1.48e-09 7.06e+01  -4.1 7.34e-04    -  1.00e+00 3.12e-02h  6
3191  1.9881349e-04 2.02e-09 7.06e+01  -4.1 1.26e-03    -  1.00e+00 3.12e-02h  6
3192  1.9881269e-04 2.02e-09 7.06e+01  -4.1 4.35e-04    -  1.00e+00 1.25e-01h  4
3193  1.9881283e-04 2.02e-09 7.06e+01  -4.1 1.40e-03    -  1.00e+00 7.81e-03h  8
3194  1.9881328e-04 1.92e-09 7.08e+01  -4.1 5.44e-04    -  1.00e+00 3.12e-02h  6
3195  1.9881342e-04 1.88e-09 7.08e+01  -4.1 3.67e-04    -  1.00e+00 1.56e-02h  7
3196  1.9881342e-04 1.88e-09 7.06e+01  -4.1 7.81e-01    -  1.00e+00 9.31e-10h 31
3197  1.9881353e-04 1.24e-09 7.06e+01  -4.1 1.02e-04    -  1.00e+00 5.00e-01h  2
3198  1.9881363e-04 1.23e-09 7.06e+01  -4.1 1.30e-03    -  1.00e+00 7.81e-03h  8
3199  1.9881367e-04 1.23e-09 7.06e+01  -4.1 6.67e-04    -  1.00e+00 3.91e-03h  9
iter    objective    inf_pr   inf_du lg(mu)  ||d||  lg(rg) alpha_du alpha_pr  ls
3200  1.9881369e-04 1.23e-09 7.06e+01  -4.1 8.49e-04    -  1.00e+00 1.95e-03h 10
3201  1.9881369e-04 1.22e-09 7.06e+01  -4.1 4.68e-04    -  1.00e+00 7.81e-03h  8
3202  1.9881370e-04 1.22e-09 7.06e+01  -4.1 2.40e-04    -  1.00e+00 4.88e-04h 12
3203  1.9881370e-04 1.22e-09 7.08e+01  -4.1 3.32e+00    -  5.34e-01 7.69e-11h 34
3204  1.9881370e-04 1.22e-09 7.08e+01  -4.1 9.79e-05    -  1.00e+00 2.44e-04h 13
3205  1.9881370e-04 1.22e-09 7.08e+01  -4.1 1.80e-03    -  1.00e+00 6.10e-05h 15
3206  1.9881370e-04 1.22e-09 7.08e+01  -4.1 1.11e-03    -  1.00e+00 1.53e-05h 17
3207  1.9882189e-04 3.76e-08 7.06e+01  -4.1 2.10e-04    -  1.00e+00 1.00e+00s 22
3208  1.9880905e-04 2.32e-07 7.05e+01  -4.1 8.61e-04    -  1.00e+00 1.00e+00s 22
3209r 1.9880905e-04 2.32e-07 7.13e+02  -4.1 0.00e+00    -  0.00e+00 0.00e+00R  1
iter    objective    inf_pr   inf_du lg(mu)  ||d||  lg(rg) alpha_du alpha_pr  ls
3210r 2.4813064e-04 5.77e-08 5.53e-01  -4.0 9.29e-05    -  1.00e+00 4.42e-01f  1
3211r 2.0338092e-04 1.03e-08 1.85e-04  -4.1 1.12e-04    -  1.00e+00 1.00e+00f  1
3212r 2.0326331e-04 2.99e-09 8.93e-05  -4.0 5.89e-05    -  1.00e+00 1.00e+00f  1
3213r 2.0123533e-04 2.08e-10 1.39e-05  -4.1 1.21e-05    -  1.00e+00 1.00e+00f  1
3214  2.0122959e-04 5.42e-10 7.07e+01  -4.1 7.26e-03    -  1.00e+00 3.91e-03h  9
3215  2.0121395e-04 5.42e-10 7.07e+01  -4.1 3.30e+01  -3.1 3.03e-02 1.15e-07h 19
3216  1.9966948e-04 9.98e-07 7.08e+01  -4.1 8.99e-01    -  1.00e+00 1.95e-03h 10
3217  1.9966903e-04 2.23e-05 7.05e+01  -4.1 8.38e-03    -  1.00e+00 1.00e+00h  1
3218  1.9961351e-04 2.64e-05 7.04e+01  -4.1 6.23e-02    -  1.00e+00 6.25e-02h  5
3219  1.9957178e-04 3.07e-05 7.04e+01  -4.1 1.17e-01    -  1.00e+00 3.12e-02h  6
iter    objective    inf_pr   inf_du lg(mu)  ||d||  lg(rg) alpha_du alpha_pr  ls
3220  1.9947980e-04 2.62e-05 7.04e+01  -4.1 6.92e-02    -  1.00e+00 3.12e-02h  6
3221  1.9959920e-04 1.57e-05 7.10e+01  -4.1 4.02e-03    -  1.00e+00 5.00e-01h  2
3222  1.9912687e-04 1.33e-05 7.03e+01  -4.1 1.49e-02    -  1.00e+00 1.25e-01h  4
3223  1.9898841e-04 3.25e-06 7.11e+01  -4.1 2.26e-03    -  1.00e+00 1.00e+00h  1
3224  1.9891460e-04 5.56e-06 7.11e+01  -4.1 2.15e-02    -  1.00e+00 1.25e-01h  4
3225  1.9871901e-04 4.93e-06 7.12e+01  -4.1 1.77e-02    -  1.00e+00 1.25e-01h  4
3226  1.9854600e-04 6.77e-06 7.12e+01  -4.1 7.09e-03    -  1.00e+00 2.50e-01h  3
3227  1.9937069e-04 2.40e-06 7.02e+01  -4.1 4.00e-03    -  1.00e+00 1.00e+00H  1
3228  1.9932869e-04 1.70e-06 7.02e+01  -4.1 5.30e-02    -  1.00e+00 3.12e-02h  6
3229  1.9917192e-04 3.54e-06 7.02e+01  -4.1 6.28e-03    -  1.00e+00 2.50e-01h  3
iter    objective    inf_pr   inf_du lg(mu)  ||d||  lg(rg) alpha_du alpha_pr  ls
3230  1.9908845e-04 3.67e-06 7.02e+01  -4.1 5.70e-02    -  1.00e+00 1.56e-02h  7
3231  1.9878648e-04 3.17e-06 7.02e+01  -4.1 1.11e-02    -  1.00e+00 1.25e-01h  4
3232  1.9894550e-04 2.90e-06 7.12e+01  -4.1 4.58e-03    -  1.00e+00 1.25e-01h  4
3233  1.9874909e-04 1.45e-06 7.12e+01  -4.1 1.76e-03    -  1.00e+00 1.00e+00h  1
3234  1.9874463e-04 1.40e-06 7.02e+01  -4.1 6.10e-03    -  1.00e+00 6.25e-02h  5
3235  1.9870375e-04 1.24e-06 7.02e+01  -4.1 2.66e-02    -  1.00e+00 3.12e-02h  6
3236  1.9913223e-04 1.42e-06 7.02e+01  -4.1 2.36e-03    -  1.00e+00 1.00e+00H  1
3237  1.9910538e-04 1.46e-06 7.12e+01  -4.1 1.83e-01    -  1.00e+00 3.91e-03h  9
3238  1.9860810e-04 4.87e-06 7.02e+01  -4.1 3.19e-03    -  1.00e+00 1.00e+00h  1
3239  1.9856683e-04 3.32e-06 7.12e+01  -4.1 3.16e-03    -  1.00e+00 5.00e-01h  2
iter    objective    inf_pr   inf_du lg(mu)  ||d||  lg(rg) alpha_du alpha_pr  ls
3240  1.9903650e-04 1.14e-06 7.12e+01  -4.1 2.21e-03    -  1.00e+00 1.00e+00h  1
3241  1.9881392e-04 1.30e-06 7.03e+01  -4.1 2.49e-03    -  1.00e+00 1.00e+00h  1
3242  1.9873984e-04 1.34e-06 7.03e+01  -4.1 1.47e-01    -  1.00e+00 1.56e-02h  7
3243  1.9874120e-04 5.25e-07 7.12e+01  -4.1 9.43e-04    -  1.00e+00 1.00e+00h  1
3244  1.9873385e-04 4.87e-07 7.02e+01  -4.1 8.78e-04    -  1.00e+00 1.00e+00h  1
3245  1.9873345e-04 3.95e-07 7.02e+01  -4.1 2.52e-03    -  1.00e+00 2.50e-01h  3
3246  1.9872026e-04 3.29e-07 7.02e+01  -4.1 1.19e-03    -  1.00e+00 2.50e-01h  3
3247  1.9873513e-04 3.15e-07 7.12e+01  -4.1 6.03e-02    -  1.00e+00 1.56e-02h  7
3248  1.9873162e-04 3.02e-07 7.12e+01  -4.1 6.86e-03    -  1.00e+00 3.12e-02h  6
3249  1.9867082e-04 3.19e-07 7.02e+01  -4.1 1.58e-02    -  1.00e+00 6.25e-02h  5
iter    objective    inf_pr   inf_du lg(mu)  ||d||  lg(rg) alpha_du alpha_pr  ls
3250  1.9865934e-04 3.21e-07 7.02e+01  -4.1 2.68e-02    -  1.00e+00 1.56e-02h  7
3251  1.9868320e-04 2.95e-07 7.12e+01  -4.1 7.52e-03    -  1.00e+00 3.12e-02h  6
3252  1.9874159e-04 8.82e-08 7.12e+01  -4.1 6.89e-04    -  1.00e+00 1.00e+00h  1
3253  1.9878260e-04 8.65e-08 7.03e+01  -4.1 2.63e-04    -  1.00e+00 1.00e+00h  1
3254  1.9877803e-04 6.53e-08 7.03e+01  -4.1 9.68e-04    -  1.00e+00 2.50e-01h  3
3255  1.9874051e-04 2.16e-07 7.11e+01  -4.1 2.14e-02    -  1.00e+00 3.12e-02h  6
3256  1.9874150e-04 2.09e-07 7.11e+01  -4.1 7.19e-04    -  1.00e+00 3.12e-02h  6
3257  1.9873769e-04 2.20e-07 7.03e+01  -4.1 1.04e-02    -  1.00e+00 3.12e-02h  6
3258  1.9873687e-04 2.21e-07 7.03e+01  -4.1 2.71e-03    -  1.00e+00 6.25e-02h  5
3259  1.9889898e-04 1.49e-08 7.11e+01  -4.1 1.53e-03    -  1.00e+00 1.00e+00H  1
iter    objective    inf_pr   inf_du lg(mu)  ||d||  lg(rg) alpha_du alpha_pr  ls
3260  1.9887252e-04 1.71e-08 7.11e+01  -4.1 1.77e-03    -  1.00e+00 1.25e-01h  4
3261  1.9884887e-04 1.30e-08 7.11e+01  -4.1 5.03e-03    -  1.00e+00 6.25e-02h  5
3262  1.9884147e-04 1.40e-08 7.03e+01  -4.1 1.06e-03    -  1.00e+00 1.25e-01h  4
3263  1.9881601e-04 1.18e-08 7.04e+01  -4.1 1.39e-02    -  1.00e+00 1.56e-02h  7
3264  1.9879358e-04 1.53e-07 7.10e+01  -4.1 1.90e-02    -  1.00e+00 3.12e-02h  6
3265  1.9880305e-04 2.18e-07 7.10e+01  -4.1 1.59e-03    -  1.00e+00 1.00e+00h  1
3266  1.9875825e-04 6.56e-07 7.05e+01  -4.1 7.22e-03    -  1.00e+00 1.25e-01h  4
3267  1.9870448e-04 6.87e-07 7.04e+01  -4.1 5.78e-03    -  1.00e+00 2.50e-01h  3
3268  1.9869796e-04 5.94e-07 7.04e+01  -4.1 2.13e-03    -  1.00e+00 2.50e-01h  3
3269  1.9875254e-04 5.63e-07 7.11e+01  -4.1 2.39e-02    -  1.00e+00 1.56e-02h  7
iter    objective    inf_pr   inf_du lg(mu)  ||d||  lg(rg) alpha_du alpha_pr  ls
3270  1.9875537e-04 4.30e-07 7.11e+01  -4.1 2.81e-03    -  1.00e+00 2.50e-01h  3
3271  1.9875291e-04 4.51e-07 7.11e+01  -4.1 1.69e-02    -  1.00e+00 1.56e-02h  7
3272  1.9873073e-04 4.45e-07 7.11e+01  -4.1 4.14e-03    -  1.00e+00 2.50e-01h  3
3273  1.9874650e-04 4.44e-07 7.03e+01  -4.1 4.68e-02    -  1.00e+00 3.91e-03h  9
3274  1.9877876e-04 8.45e-08 7.03e+01  -4.1 7.46e-04    -  1.00e+00 1.00e+00h  1
3275  1.9875899e-04 1.68e-07 7.10e+01  -4.1 1.29e-03    -  1.00e+00 5.00e-01h  2
3276  1.9876048e-04 1.57e-07 7.10e+01  -4.1 1.82e-03    -  1.00e+00 6.25e-02h  5
3277  1.9869179e-04 3.88e-07 7.04e+01  -4.1 4.87e-02    -  1.00e+00 1.56e-02h  7
3278  1.9873573e-04 2.20e-07 7.03e+01  -4.1 1.53e-03    -  1.00e+00 5.00e-01h  2
3279  1.9875070e-04 1.89e-07 7.11e+01  -4.1 1.10e-03    -  1.00e+00 5.00e-01h  2
iter    objective    inf_pr   inf_du lg(mu)  ||d||  lg(rg) alpha_du alpha_pr  ls
3280  1.9874204e-04 1.80e-07 7.11e+01  -4.1 4.23e-03    -  1.00e+00 6.25e-02h  5
3281  1.9875797e-04 1.55e-07 7.03e+01  -4.1 2.02e-03    -  1.00e+00 2.50e-01h  3
3282  1.9879331e-04 2.87e-08 7.10e+01  -4.1 5.00e-04    -  1.00e+00 1.00e+00h  1
3283  1.9879187e-04 1.92e-08 7.10e+01  -4.1 1.01e-03    -  1.00e+00 2.50e-01h  3
3284  1.9880048e-04 1.70e-08 7.05e+01  -4.1 1.15e-03    -  1.00e+00 5.00e-01h  2
3285  1.9883251e-04 9.31e-09 7.05e+01  -4.1 3.66e-04    -  1.00e+00 1.00e+00H  1
3286  1.9882771e-04 1.21e-08 7.05e+01  -4.1 1.59e-03    -  1.00e+00 2.50e-01h  3
3287  1.9880857e-04 1.36e-08 7.05e+01  -4.1 5.74e-03    -  1.00e+00 6.25e-02h  5
3288  1.9880775e-04 1.37e-08 7.09e+01  -4.1 1.97e-03    -  1.00e+00 3.12e-02h  6
3289  1.9880938e-04 1.85e-08 7.08e+01  -4.1 3.72e-04    -  1.00e+00 1.00e+00h  1
iter    objective    inf_pr   inf_du lg(mu)  ||d||  lg(rg) alpha_du alpha_pr  ls
3290  1.9880633e-04 1.54e-08 7.08e+01  -4.1 6.37e-03    -  1.00e+00 1.56e-02h  7
3291  1.9880593e-04 1.51e-08 7.08e+01  -4.1 3.50e-02    -  1.00e+00 3.91e-03h  9
3292  1.9883584e-04 5.54e-09 7.06e+01  -4.1 4.83e-04    -  1.00e+00 1.00e+00H  1
3293  1.9882525e-04 1.17e-08 7.06e+01  -4.1 3.66e-03    -  1.00e+00 3.12e-02h  6
3294  1.9882503e-04 1.12e-08 7.06e+01  -4.1 9.85e-04    -  1.00e+00 6.25e-02h  5
3295  1.9881724e-04 1.10e-08 7.08e+01  -4.1 5.58e-03    -  1.00e+00 3.12e-02h  6
3296  1.9871613e-04 8.20e-07 7.12e+01  -4.1 1.30e-03    -  1.00e+00 1.00e+00h  1
3297  1.9872555e-04 8.08e-07 7.12e+01  -4.1 7.21e-03    -  1.00e+00 1.56e-02h  7
3298  1.9867710e-04 5.05e-07 7.07e+01  -4.1 1.29e-03    -  1.00e+00 5.00e-01h  2
3299  1.9865720e-04 5.11e-07 7.07e+01  -4.1 3.09e-02    -  1.00e+00 3.12e-02h  6
iter    objective    inf_pr   inf_du lg(mu)  ||d||  lg(rg) alpha_du alpha_pr  ls
3300  1.9868321e-04 2.64e-07 7.04e+01  -4.1 1.96e-03    -  1.00e+00 5.00e-01h  2
3301  1.9873000e-04 1.31e-07 7.04e+01  -4.1 8.75e-04    -  1.00e+00 5.00e-01h  2
3302  1.9872768e-04 1.31e-07 7.10e+01  -4.1 4.18e+00    -  2.87e-01 5.57e-07h 20
3303  1.9871323e-04 1.82e-07 7.10e+01  -4.1 4.16e-02    -  1.00e+00 7.81e-03h  8
3304  1.9870591e-04 1.45e-07 7.11e+01  -4.1 3.55e-03    -  1.00e+00 2.50e-01h  3
3305  1.9874385e-04 9.60e-08 7.03e+01  -4.1 6.63e-04    -  1.00e+00 5.00e-01h  2
3306  1.9872907e-04 1.71e-07 7.03e+01  -4.1 9.09e-03    -  1.00e+00 6.25e-02h  5
3307  1.9875420e-04 1.05e-07 7.03e+01  -4.1 8.56e-04    -  1.00e+00 5.00e-01h  2
3308  1.9873320e-04 1.77e-07 7.11e+01  -4.1 1.21e-02    -  1.00e+00 3.12e-02h  6
3309  1.9879953e-04 1.09e-07 7.11e+01  -4.1 9.27e-04    -  1.00e+00 1.00e+00h  1
iter    objective    inf_pr   inf_du lg(mu)  ||d||  lg(rg) alpha_du alpha_pr  ls
3310  1.9877579e-04 7.19e-08 7.04e+01  -4.1 7.51e-04    -  1.00e+00 5.00e-01h  2
3311  1.9878679e-04 6.04e-08 7.10e+01  -4.1 6.71e-04    -  1.00e+00 5.00e-01h  2
3312  1.9878680e-04 5.88e-08 7.04e+01  -4.1 1.55e-03    -  1.00e+00 3.12e-02h  6
3313  1.9877843e-04 3.77e-08 7.10e+01  -4.1 2.11e-04    -  1.00e+00 1.00e+00h  1
3314  1.9882238e-04 7.44e-09 7.04e+01  -4.1 2.41e-04    -  1.00e+00 1.00e+00H  1
3315  1.9881933e-04 5.71e-09 7.04e+01  -4.1 6.29e-03    -  1.00e+00 3.12e-02h  6
3316  1.9881361e-04 7.93e-09 7.04e+01  -4.1 9.06e-03    -  1.00e+00 1.56e-02h  7
3317  1.9881332e-04 8.02e-09 7.04e+01  -4.1 9.27e-03    -  1.00e+00 1.56e-02h  7
3318  1.9873500e-04 2.03e-07 7.05e+01  -4.1 1.15e-03    -  1.00e+00 1.00e+00h  1
3319  1.9875004e-04 1.25e-07 7.07e+01  -4.1 8.51e-04    -  1.00e+00 5.00e-01h  2
iter    objective    inf_pr   inf_du lg(mu)  ||d||  lg(rg) alpha_du alpha_pr  ls
3320  1.9874786e-04 1.23e-07 7.08e+01  -4.1 1.37e-02    -  1.00e+00 7.81e-03h  8
3321  1.9874099e-04 1.17e-07 7.08e+01  -4.1 1.29e-01    -  1.00e+00 3.91e-03h  9
3322  1.9872927e-04 1.01e-07 7.07e+01  -4.1 5.92e-03    -  1.00e+00 6.25e-02h  5
3323  1.9873374e-04 9.48e-08 7.07e+01  -4.1 4.93e-04    -  1.00e+00 6.25e-02h  5
3324  1.9873768e-04 8.43e-08 7.07e+01  -4.1 2.48e-03    -  1.00e+00 1.25e-01h  4
3325  1.9874310e-04 7.95e-08 7.07e+01  -4.1 1.96e-03    -  1.00e+00 6.25e-02h  5
3326  1.9874402e-04 7.82e-08 7.08e+01  -4.1 1.17e-02    -  1.00e+00 1.56e-02h  7
3327  1.9874633e-04 7.59e-08 7.08e+01  -4.1 1.61e-03    -  1.00e+00 3.12e-02h  6
3328  1.9875891e-04 7.45e-08 7.06e+01  -4.1 1.79e-02    -  1.00e+00 1.56e-02h  7
3329  1.9875872e-04 7.41e-08 7.06e+01  -4.1 1.45e-02    -  1.00e+00 3.91e-03h  9
iter    objective    inf_pr   inf_du lg(mu)  ||d||  lg(rg) alpha_du alpha_pr  ls
3330  1.9882072e-04 2.99e-08 7.05e+01  -4.1 3.65e-04    -  1.00e+00 1.00e+00h  1
3331  1.9882038e-04 2.85e-08 7.05e+01  -4.1 4.84e-03    -  1.00e+00 3.12e-02h  6
3332  1.9881383e-04 2.69e-08 7.04e+01  -4.1 6.34e-03    -  1.00e+00 6.25e-02h  5
3333  1.9881308e-04 2.78e-08 7.10e+01  -4.1 5.81e-03    -  1.00e+00 1.56e-02h  7
3334  1.9878642e-04 2.18e-08 7.08e+01  -4.1 1.73e-04    -  1.00e+00 1.00e+00h  1
3335  1.9883250e-04 2.59e-09 7.07e+01  -4.1 2.78e-04    -  1.00e+00 1.00e+00H  1
3336  1.9882396e-04 9.35e-09 7.07e+01  -4.1 3.23e-02    -  1.00e+00 3.91e-03h  9
3337  1.9864503e-04 3.33e-07 7.02e+01  -4.1 6.01e-04    -  1.00e+00 1.00e+00h  1
3338  1.9870248e-04 1.88e-07 7.04e+01  -4.1 5.62e-04    -  1.00e+00 5.00e-01h  2
3339  1.9870304e-04 1.25e-07 7.06e+01  -4.1 1.18e-03    -  1.00e+00 2.50e-01h  3
iter    objective    inf_pr   inf_du lg(mu)  ||d||  lg(rg) alpha_du alpha_pr  ls
3340  1.9873542e-04 9.61e-08 7.08e+01  -4.1 7.70e-02    -  1.00e+00 7.81e-03h  8
3341  1.9874958e-04 8.75e-08 7.06e+01  -4.1 2.36e-03    -  1.00e+00 2.50e-01h  3
3342  1.9877600e-04 3.42e-08 7.08e+01  -4.1 2.95e-04    -  1.00e+00 1.00e+00h  1
3343  1.9877507e-04 3.33e-08 7.06e+01  -4.1 2.36e-02    -  1.00e+00 3.91e-03h  9
3344  1.9882277e-04 5.07e-09 7.10e+01  -4.1 2.33e-04    -  1.00e+00 1.00e+00H  1
3345  1.9881406e-04 1.10e-08 7.10e+01  -4.1 5.46e-03    -  1.00e+00 6.25e-02h  5
3346  1.9880579e-04 2.53e-08 7.04e+01  -4.1 4.23e-04    -  1.00e+00 5.00e-01h  2
3347  1.9877332e-04 4.18e-08 7.08e+01  -4.1 4.48e-04    -  1.00e+00 1.00e+00h  1
3348  1.9877406e-04 3.95e-08 7.08e+01  -4.1 1.44e-03    -  1.00e+00 6.25e-02h  5
3349  1.9879456e-04 1.75e-08 7.06e+01  -4.1 3.13e-04    -  1.00e+00 1.00e+00h  1
iter    objective    inf_pr   inf_du lg(mu)  ||d||  lg(rg) alpha_du alpha_pr  ls
3350  1.9879794e-04 1.78e-08 7.08e+01  -4.1 2.63e-03    -  1.00e+00 3.12e-02h  6
3351  1.9880180e-04 1.59e-08 7.08e+01  -4.1 3.88e-04    -  1.00e+00 1.25e-01h  4
3352  1.9879801e-04 1.25e-08 7.08e+01  -4.1 7.36e-04    -  1.00e+00 2.50e-01h  3
3353  1.9880432e-04 9.29e-09 7.06e+01  -4.1 3.60e-04    -  1.00e+00 2.50e-01h  3
3354  1.9882591e-04 4.19e-09 7.08e+01  -4.1 1.32e-04    -  1.00e+00 1.00e+00h  1
3355  1.9882540e-04 4.07e-09 7.08e+01  -4.1 5.52e-03    -  1.00e+00 7.81e-03h  8
3356  1.9882527e-04 3.74e-09 7.08e+01  -4.1 1.51e-03    -  1.00e+00 3.12e-02h  6
3357  1.9880782e-04 9.66e-09 7.08e+01  -4.1 2.19e-04    -  1.00e+00 1.00e+00h  1
3358  1.9879877e-04 7.62e-09 7.07e+01  -4.1 5.50e-04    -  1.00e+00 2.50e-01h  3
3359  1.9881195e-04 6.72e-09 7.06e+01  -4.1 3.62e-04    -  1.00e+00 2.50e-01h  3
iter    objective    inf_pr   inf_du lg(mu)  ||d||  lg(rg) alpha_du alpha_pr  ls
3360  1.9880873e-04 7.85e-09 7.07e+01  -4.1 2.66e-04    -  1.00e+00 2.50e-01h  3
3361  1.9881264e-04 7.03e-09 7.07e+01  -4.1 9.05e-04    -  1.00e+00 1.25e-01h  4
3362  1.9880896e-04 8.55e-09 7.07e+01  -4.1 1.74e-02    -  1.00e+00 3.91e-03h  9
3363  1.9881256e-04 8.26e-09 7.08e+01  -4.1 7.11e-04    -  1.00e+00 3.12e-02h  6
3364  1.9880679e-04 3.70e-09 7.07e+01  -4.1 1.66e-04    -  1.00e+00 1.00e+00h  1
3365  1.9881207e-04 3.54e-09 7.07e+01  -4.1 1.04e-03    -  1.00e+00 1.25e-01h  4
3366  1.9881847e-04 3.02e-09 7.07e+01  -4.1 2.52e-04    -  1.00e+00 5.00e-01h  2
3367  1.9881615e-04 3.02e-09 7.07e+01  -4.1 8.87e-03    -  1.00e+00 7.81e-03h  8
3368  1.9881731e-04 2.40e-09 7.07e+01  -4.1 1.09e-04    -  1.00e+00 5.00e-01h  2
3369  1.9880494e-04 2.49e-09 7.06e+01  -4.1 7.27e-05    -  1.00e+00 1.00e+00h  1
iter    objective    inf_pr   inf_du lg(mu)  ||d||  lg(rg) alpha_du alpha_pr  ls
3370  1.9880467e-04 2.53e-09 7.06e+01  -4.1 1.68e-02    -  1.00e+00 1.95e-03h 10
3371  1.9881297e-04 1.91e-09 7.08e+01  -4.1 3.69e-04    -  1.00e+00 1.25e-01h  4
3372  1.9881641e-04 2.13e-09 7.08e+01  -4.1 3.29e-04    -  1.00e+00 1.25e-01h  4
3373  1.9881680e-04 2.10e-09 7.08e+01  -4.1 7.93e-04    -  1.00e+00 1.56e-02h  7
3374  1.9881678e-04 2.13e-09 7.06e+01  -4.1 5.96e-03    -  1.00e+00 9.77e-04h 11
3375  1.9881678e-04 2.13e-09 7.06e+01  -4.1 4.53e-03    -  1.00e+00 2.44e-04h 13
3376  1.9879568e-04 1.12e-08 7.09e+01  -4.1 3.15e-04    -  1.00e+00 5.00e-01h  2
3377  1.9880175e-04 9.85e-09 7.09e+01  -4.1 2.49e-04    -  1.00e+00 1.25e-01h  4
3378  1.9880241e-04 9.86e-09 7.09e+01  -4.1 1.32e-03    -  1.00e+00 3.12e-02h  6
3379  1.9880084e-04 9.56e-09 7.05e+01  -4.1 5.55e-03    -  1.00e+00 3.91e-03h  9
iter    objective    inf_pr   inf_du lg(mu)  ||d||  lg(rg) alpha_du alpha_pr  ls
3380  1.9880292e-04 9.33e-09 7.05e+01  -4.1 3.53e-04    -  1.00e+00 3.12e-02h  6
3381  1.9879661e-04 9.48e-09 7.05e+01  -4.1 1.60e-02    -  1.00e+00 3.91e-03h  9
3382  1.9880057e-04 9.00e-09 7.09e+01  -4.1 2.98e-04    -  1.00e+00 6.25e-02h  5
3383  1.9880265e-04 7.95e-09 7.09e+01  -4.1 1.07e-03    -  1.00e+00 3.12e-02h  6
3384  1.9880376e-04 7.98e-09 7.06e+01  -4.1 4.85e-04    -  1.00e+00 3.12e-02h  6
3385  1.9880423e-04 7.92e-09 7.06e+01  -4.1 6.30e-04    -  1.00e+00 7.81e-03h  8
3386  1.9880468e-04 7.85e-09 7.06e+01  -4.1 2.46e-03    -  1.00e+00 7.81e-03h  8
3387  1.9880257e-04 6.99e-09 7.09e+01  -4.1 4.20e-03    -  1.00e+00 1.56e-02h  7
3388  1.9880432e-04 6.80e-09 7.08e+01  -4.1 2.84e-04    -  1.00e+00 3.12e-02h  6
3389  1.9880605e-04 6.77e-09 7.08e+01  -4.1 5.65e-04    -  1.00e+00 3.12e-02h  6
iter    objective    inf_pr   inf_du lg(mu)  ||d||  lg(rg) alpha_du alpha_pr  ls
3390  1.9880595e-04 6.76e-09 7.08e+01  -4.1 6.24e-03    -  1.00e+00 1.95e-03h 10
3391  1.9880565e-04 6.74e-09 7.08e+01  -4.1 3.81e-02    -  1.00e+00 2.44e-04h 13
3392  1.9881234e-04 6.66e-09 7.06e+01  -4.1 1.51e-03    -  1.00e+00 6.25e-02h  5
3393  1.9887325e-04 2.87e-09 7.07e+01  -4.1 5.65e-04    -  1.00e+00 1.00e+00H  1
3394  1.9887062e-04 4.89e-09 7.07e+01  -4.1 5.56e-03    -  1.00e+00 1.56e-02h  7
3395  1.9876601e-04 3.19e-07 7.10e+01  -4.1 1.35e-02    -  1.00e+00 1.25e-01h  4
3396  1.9876434e-04 3.08e-07 7.10e+01  -4.1 5.21e-03    -  1.00e+00 3.12e-02h  6
3397  1.9873662e-04 3.89e-07 7.05e+01  -4.1 3.65e-03    -  1.00e+00 2.50e-01h  3
3398  1.9875298e-04 3.14e-07 7.04e+01  -4.1 5.17e-03    -  1.00e+00 2.50e-01h  3
3399  1.9875845e-04 3.04e-07 7.10e+01  -4.1 6.07e-04    -  1.00e+00 3.12e-02h  6
iter    objective    inf_pr   inf_du lg(mu)  ||d||  lg(rg) alpha_du alpha_pr  ls
3400  1.9872512e-04 6.06e-07 7.10e+01  -4.1 1.19e-01    -  1.00e+00 7.81e-03h  8
3401  1.9872570e-04 5.50e-07 7.10e+01  -4.1 2.73e-03    -  1.00e+00 1.25e-01h  4
3402  1.9879395e-04 6.35e-08 7.03e+01  -4.1 5.78e-04    -  1.00e+00 1.00e+00h  1
3403  1.9879608e-04 1.68e-08 7.10e+01  -4.1 4.84e-04    -  1.00e+00 1.00e+00h  1
3404  1.9877266e-04 1.73e-07 7.10e+01  -4.1 1.20e-01    -  1.00e+00 3.91e-03h  9
3405  1.9871845e-04 3.24e-07 7.10e+01  -4.1 7.88e-04    -  1.00e+00 1.00e+00h  1
3406  1.9876187e-04 1.81e-07 7.10e+01  -4.1 1.45e-03    -  1.00e+00 5.00e-01h  2
3407  1.9876084e-04 1.61e-07 7.04e+01  -4.1 2.10e-01    -  1.00e+00 9.77e-04h 11
3408  1.9878689e-04 8.53e-08 7.10e+01  -4.1 4.02e-04    -  1.00e+00 1.00e+00h  1
3409  1.9879515e-04 6.67e-08 7.04e+01  -4.1 9.08e-04    -  1.00e+00 2.50e-01h  3
iter    objective    inf_pr   inf_du lg(mu)  ||d||  lg(rg) alpha_du alpha_pr  ls
3410  1.9879450e-04 6.94e-08 7.04e+01  -4.1 5.80e-03    -  1.00e+00 1.56e-02h  7
3411  1.9879383e-04 4.93e-08 7.04e+01  -4.1 5.34e-04    -  1.00e+00 2.50e-01h  3
3412  1.9880830e-04 3.02e-09 7.09e+01  -4.1 7.99e-05    -  1.00e+00 1.00e+00h  1
3413  1.9880996e-04 3.26e-09 7.09e+01  -4.1 1.23e-04    -  1.00e+00 5.00e-01h  2
3414  1.9880783e-04 3.61e-09 7.09e+01  -4.1 1.27e-03    -  1.00e+00 1.25e-01h  4
3415  1.9880474e-04 4.13e-09 7.06e+01  -4.1 6.89e-04    -  1.00e+00 2.50e-01h  3
3416  1.9883451e-04 4.06e-09 7.07e+01  -4.1 1.39e-04    -  1.00e+00 1.00e+00H  1
3417  1.9883243e-04 3.97e-09 7.06e+01  -4.1 5.90e-03    -  1.00e+00 1.56e-02h  7
3418  1.9876740e-04 8.51e-08 7.06e+01  -4.1 1.98e-03    -  1.00e+00 2.50e-01h  3
3419  1.9876078e-04 9.91e-08 7.09e+01  -4.1 2.53e-03    -  1.00e+00 5.00e-01h  2
iter    objective    inf_pr   inf_du lg(mu)  ||d||  lg(rg) alpha_du alpha_pr  ls
3420  1.9876423e-04 8.54e-08 7.08e+01  -4.1 1.82e-03    -  1.00e+00 1.25e-01h  4
3421  1.9874144e-04 1.49e-07 7.06e+01  -4.1 1.04e-01    -  1.00e+00 1.56e-02h  7
3422  1.9874399e-04 1.49e-07 7.08e+01  -4.1 1.07e-01    -  1.00e+00 4.88e-04h 12
3423  1.9870167e-04 1.54e-07 7.08e+01  -4.1 8.31e-02    -  1.00e+00 1.56e-02h  7
3424  1.9873965e-04 7.39e-08 7.06e+01  -4.1 9.96e-04    -  1.00e+00 5.00e-01h  2
3425  1.9874857e-04 5.90e-08 7.05e+01  -4.1 6.33e-04    -  1.00e+00 2.50e-01h  3
3426  1.9875568e-04 6.79e-08 7.05e+01  -4.1 1.76e-03    -  1.00e+00 2.50e-01h  3
3427  1.9880983e-04 3.96e-08 7.11e+01  -4.1 2.76e-04    -  1.00e+00 1.00e+00h  1
3428  1.9880871e-04 4.05e-08 7.11e+01  -4.1 4.24e-02    -  1.00e+00 7.81e-03h  8
3429  1.9879246e-04 2.09e-08 7.05e+01  -4.1 4.04e-04    -  1.00e+00 1.00e+00h  1
iter    objective    inf_pr   inf_du lg(mu)  ||d||  lg(rg) alpha_du alpha_pr  ls
3430  1.9880518e-04 4.14e-09 7.08e+01  -4.1 1.78e-04    -  1.00e+00 1.00e+00h  1
3431  1.9880881e-04 3.77e-09 7.08e+01  -4.1 5.16e-04    -  1.00e+00 1.25e-01h  4
3432  1.9878944e-04 1.64e-08 7.07e+01  -4.1 3.78e-03    -  1.00e+00 1.25e-01h  4
3433  1.9880058e-04 1.29e-08 7.06e+01  -4.1 3.48e-04    -  1.00e+00 2.50e-01h  3
3434  1.9880316e-04 1.18e-08 7.06e+01  -4.1 1.24e-03    -  1.00e+00 1.25e-01h  4
3435  1.9880456e-04 1.13e-08 7.08e+01  -4.1 2.00e-03    -  1.00e+00 3.12e-02h  6
3436  1.9879853e-04 1.71e-08 7.08e+01  -4.1 4.75e-02    -  1.00e+00 7.81e-03h  8
3437  1.9879863e-04 1.63e-08 7.08e+01  -4.1 4.27e-03    -  1.00e+00 1.56e-02h  7
3438  1.9882487e-04 1.14e-08 7.08e+01  -4.1 4.76e-04    -  1.00e+00 1.00e+00h  1
3439  1.9882257e-04 1.14e-08 7.08e+01  -4.1 1.89e-03    -  1.00e+00 3.12e-02h  6
iter    objective    inf_pr   inf_du lg(mu)  ||d||  lg(rg) alpha_du alpha_pr  ls
3440  1.9879770e-04 4.77e-08 7.06e+01  -4.1 6.32e-02    -  1.00e+00 1.56e-02h  7
3441  1.9877876e-04 3.37e-08 7.08e+01  -4.1 8.94e-04    -  1.00e+00 1.00e+00h  1
3442  1.9878837e-04 3.35e-08 7.06e+01  -4.1 2.30e-02    -  1.00e+00 3.91e-03h  9
3443  1.9884543e-04 6.80e-09 7.04e+01  -4.1 6.09e-04    -  1.00e+00 1.00e+00H  1
3444  1.9883818e-04 8.28e-09 7.11e+01  -4.1 1.01e-02    -  1.00e+00 3.12e-02h  6
3445  1.9872815e-04 3.11e-07 7.07e+01  -4.1 7.25e-04    -  1.00e+00 1.00e+00h  1
3446  1.9870147e-04 4.06e-07 7.07e+01  -4.1 2.75e-02    -  1.00e+00 3.12e-02h  6
3447  1.9870186e-04 4.05e-07 7.07e+01  -4.1 5.22e-03    -  1.00e+00 3.91e-03h  9
3448  1.9869973e-04 4.12e-07 7.07e+01  -4.1 3.00e-02    -  1.00e+00 7.81e-03h  8
3449  1.9873670e-04 3.47e-07 7.06e+01  -4.1 2.44e-03    -  1.00e+00 2.50e-01h  3
iter    objective    inf_pr   inf_du lg(mu)  ||d||  lg(rg) alpha_du alpha_pr  ls
3450  1.9872889e-04 3.44e-07 7.09e+01  -4.1 2.73e-03    -  1.00e+00 6.25e-02h  5
3451  1.9872692e-04 3.44e-07 7.06e+01  -4.1 5.55e-03    -  1.00e+00 1.56e-02h  7
3452  1.9873885e-04 2.83e-07 7.05e+01  -4.1 1.20e-03    -  1.00e+00 2.50e-01h  3
3453  1.9873351e-04 2.83e-07 7.05e+01  -4.1 5.57e-03    -  1.00e+00 3.12e-02h  6
3454  1.9873560e-04 2.67e-07 7.05e+01  -4.1 1.45e-03    -  1.00e+00 6.25e-02h  5
3455  1.9873725e-04 2.58e-07 7.05e+01  -4.1 5.51e-03    -  1.00e+00 3.12e-02h  6
3456  1.9876259e-04 1.09e-07 7.10e+01  -4.1 6.72e-04    -  1.00e+00 5.00e-01h  2
3457  1.9876302e-04 1.01e-07 7.04e+01  -4.1 1.87e-03    -  1.00e+00 6.25e-02h  5
3458  1.9876192e-04 1.05e-07 7.10e+01  -4.1 5.14e-03    -  1.00e+00 1.56e-02h  7
3459  1.9876976e-04 1.05e-07 7.04e+01  -4.1 1.04e-03    -  1.00e+00 1.25e-01h  4
iter    objective    inf_pr   inf_du lg(mu)  ||d||  lg(rg) alpha_du alpha_pr  ls
3460  1.9876658e-04 1.03e-07 7.04e+01  -4.1 4.09e-03    -  1.00e+00 1.56e-02h  7
3461  1.9876585e-04 1.01e-07 7.04e+01  -4.1 1.75e-03    -  1.00e+00 3.12e-02h  6
3462  1.9877046e-04 9.65e-08 7.04e+01  -4.1 1.50e-03    -  1.00e+00 1.25e-01h  4
3463  1.9877676e-04 7.40e-08 7.04e+01  -4.1 2.59e-04    -  1.00e+00 2.50e-01h  3
3464  1.9877765e-04 6.49e-08 7.04e+01  -4.1 1.08e-03    -  1.00e+00 1.25e-01h  4
3465  1.9877734e-04 6.52e-08 7.10e+01  -4.1 9.27e-03    -  1.00e+00 3.91e-03h  9
3466  1.9877747e-04 6.50e-08 7.10e+01  -4.1 3.32e-03    -  1.00e+00 7.81e-03h  8
3467  1.9877422e-04 7.56e-08 7.10e+01  -4.1 8.40e-03    -  1.00e+00 1.56e-02h  7
3468  1.9877826e-04 6.86e-08 7.04e+01  -4.1 5.24e-04    -  1.00e+00 1.25e-01h  4
3469  1.9880611e-04 7.74e-09 7.10e+01  -4.1 1.35e-04    -  1.00e+00 1.00e+00h  1
iter    objective    inf_pr   inf_du lg(mu)  ||d||  lg(rg) alpha_du alpha_pr  ls
3470  1.9879261e-04 1.07e-08 7.09e+01  -4.1 1.34e-04    -  1.00e+00 1.00e+00h  1
3471  1.9879739e-04 9.02e-09 7.09e+01  -4.1 3.51e-04    -  1.00e+00 2.50e-01h  3
3472  1.9879701e-04 8.26e-09 7.09e+01  -4.1 6.03e-04    -  1.00e+00 6.25e-02h  5
3473  1.9879686e-04 8.24e-09 7.09e+01  -4.1 4.33e-03    -  1.00e+00 1.95e-03h 10
3474  1.9879685e-04 8.12e-09 7.05e+01  -4.1 1.29e-03    -  1.00e+00 1.56e-02h  7
3475  1.9879971e-04 6.92e-09 7.09e+01  -4.1 2.83e-04    -  1.00e+00 1.25e-01h  4
3476  1.9879961e-04 6.74e-09 7.09e+01  -4.1 8.88e-04    -  1.00e+00 3.12e-02h  6
3477  1.9879948e-04 6.74e-09 7.05e+01  -4.1 8.70e-03    -  1.00e+00 5.96e-08h 25
3478  1.9879976e-04 7.89e-10 7.07e+01  -4.1 6.61e-07    -  1.00e+00 1.00e+00h  1
3479  1.9883405e-04 1.32e-09 7.06e+01  -4.1 9.71e-05    -  1.00e+00 1.00e+00H  1
iter    objective    inf_pr   inf_du lg(mu)  ||d||  lg(rg) alpha_du alpha_pr  ls
3480  1.9879709e-04 1.25e-08 7.06e+01  -4.1 1.11e-04    -  1.00e+00 1.00e+00h  1
3481  1.9880721e-04 1.32e-09 7.08e+01  -4.1 3.08e-05    -  1.00e+00 1.00e+00h  1
3482  1.9881019e-04 1.17e-10 7.08e+01  -4.1 4.62e-06    -  1.00e+00 1.00e+00H  1
3483  1.9881343e-04 1.63e-10 7.09e+01  -4.1 1.02e-05    -  1.00e+00 1.00e+00h  1
3484  1.9881709e-04 9.69e-11 7.05e+01  -4.1 7.19e-06    -  1.00e+00 1.00e+00h  1
3485  1.9881674e-04 5.39e-10 7.05e+01  -4.1 1.17e-02    -  1.00e+00 1.95e-03h 10
3486  1.9879626e-04 1.53e-08 7.04e+01  -4.1 3.52e-04    -  1.00e+00 5.00e-01h  2
3487  1.9879684e-04 1.49e-08 7.05e+01  -4.1 3.96e-04    -  1.00e+00 3.12e-02h  6
3488  1.9879697e-04 1.41e-08 7.05e+01  -4.1 2.47e-04    -  1.00e+00 6.25e-02h  5
3489  1.9879701e-04 1.41e-08 7.05e+01  -4.1 2.33e-04    -  1.00e+00 4.88e-04h 12
iter    objective    inf_pr   inf_du lg(mu)  ||d||  lg(rg) alpha_du alpha_pr  ls
3490  1.9879130e-04 1.60e-08 7.05e+01  -4.1 3.08e-03    -  1.00e+00 6.25e-02h  5
3491  1.9879086e-04 1.60e-08 7.09e+01  -4.1 1.11e-02    -  1.00e+00 2.38e-07h 23
3492  1.9879248e-04 1.50e-08 7.09e+01  -4.1 7.14e-05    -  1.00e+00 6.25e-02h  5
3493  1.9879248e-04 1.49e-08 7.05e+01  -4.1 5.79e-04    -  1.00e+00 3.91e-03h  9
3494  1.9879255e-04 1.49e-08 7.05e+01  -4.1 1.81e-04    -  1.00e+00 9.77e-04h 11
3495  1.9879259e-04 1.49e-08 7.05e+01  -4.1 6.94e-05    -  1.00e+00 1.95e-03h 10
3496  1.9879260e-04 1.49e-08 7.05e+01  -4.1 6.34e-05    -  1.00e+00 4.88e-04h 12
3497  1.9881513e-04 3.22e-09 7.09e+01  -4.1 6.84e-05    -  1.00e+00 1.00e+00h  1
3498  1.9881507e-04 2.89e-09 7.05e+01  -4.1 1.15e-02    -  1.00e+00 3.91e-03h  9
3499  1.9882786e-04 2.38e-09 7.09e+01  -4.1 4.60e-05    -  1.00e+00 1.00e+00H  1
iter    objective    inf_pr   inf_du lg(mu)  ||d||  lg(rg) alpha_du alpha_pr  ls
3500  1.9882798e-04 2.38e-09 7.05e+01  -4.1 4.40e-03    -  1.00e+00 4.88e-04h 12
3501  1.9844498e-04 3.83e-06 6.97e+01  -4.1 1.61e-03    -  1.00e+00 1.00e+00h  1
3502  1.9861705e-04 1.26e-06 7.04e+01  -4.1 8.85e-04    -  1.00e+00 1.00e+00h  1
3503  1.9873446e-04 2.18e-07 7.07e+01  -4.1 3.79e-04    -  1.00e+00 1.00e+00h  1
3504  1.9873376e-04 2.20e-07 7.07e+01  -4.1 2.44e-02    -  1.00e+00 7.81e-03h  8
3505  1.9873241e-04 1.96e-07 7.08e+01  -4.1 3.39e-03    -  1.00e+00 6.25e-02h  5
3506  1.9873334e-04 1.94e-07 7.08e+01  -4.1 6.44e-03    -  1.00e+00 3.12e-02h  6
3507  1.9873312e-04 1.94e-07 7.06e+01  -4.1 5.89e-02    -  1.00e+00 1.22e-04h 14
3508  1.9876633e-04 9.64e-08 7.05e+01  -4.1 2.39e-04    -  1.00e+00 5.00e-01h  2
3509  1.9876308e-04 8.60e-08 7.09e+01  -4.1 6.58e-04    -  1.00e+00 2.50e-01h  3
iter    objective    inf_pr   inf_du lg(mu)  ||d||  lg(rg) alpha_du alpha_pr  ls
3510  1.9881407e-04 2.44e-08 7.10e+01  -4.1 2.36e-04    -  1.00e+00 1.00e+00h  1
3511  1.9881372e-04 2.47e-08 7.10e+01  -4.1 4.23e-03    -  1.00e+00 3.12e-02h  6
3512  1.9881153e-04 2.06e-08 7.04e+01  -4.1 3.89e-03    -  1.00e+00 3.12e-02h  6
3513  1.9873944e-04 4.21e-08 7.06e+01  -4.1 2.82e-04    -  1.00e+00 1.00e+00h  1
3514  1.9873937e-04 4.25e-08 7.08e+01  -4.1 2.65e-02    -  1.00e+00 9.77e-04h 11
3515  1.9877577e-04 4.21e-08 7.05e+01  -4.1 3.06e-04    -  1.00e+00 5.00e-01h  2
3516  1.9878178e-04 3.06e-08 7.09e+01  -4.1 1.09e-03    -  1.00e+00 1.25e-01h  4
3517  1.9877937e-04 3.25e-08 7.09e+01  -4.1 9.60e-02    -  1.00e+00 4.88e-04h 12
3518  1.9880139e-04 9.85e-09 7.05e+01  -4.1 1.51e-04    -  1.00e+00 1.00e+00h  1
3519  1.9880289e-04 6.02e-09 7.05e+01  -4.1 8.69e-04    -  1.00e+00 1.25e-01h  4
iter    objective    inf_pr   inf_du lg(mu)  ||d||  lg(rg) alpha_du alpha_pr  ls
3520  1.9877154e-04 2.65e-08 7.07e+01  -4.1 2.09e-04    -  1.00e+00 1.00e+00h  1
3521  1.9879314e-04 1.21e-08 7.07e+01  -4.1 3.11e-04    -  1.00e+00 5.00e-01h  2
3522  1.9879893e-04 1.11e-08 7.06e+01  -4.1 4.06e-04    -  1.00e+00 2.50e-01h  3
3523  1.9880025e-04 1.08e-08 7.08e+01  -4.1 1.71e-04    -  1.00e+00 3.12e-02h  6
3524  1.9880829e-04 2.57e-09 7.07e+01  -4.1 4.30e-05    -  1.00e+00 1.00e+00h  1
3525  1.9880837e-04 2.55e-09 7.07e+01  -4.1 2.50e-03    -  1.00e+00 3.91e-03h  9
3526  1.9879871e-04 6.95e-09 7.07e+01  -4.1 9.12e-04    -  1.00e+00 1.25e-01h  4
3527  1.9879853e-04 6.32e-09 7.07e+01  -4.1 1.49e-02    -  1.00e+00 3.91e-03h  9
3528  1.9879851e-04 5.17e-09 7.07e+01  -4.1 2.34e-04    -  1.00e+00 1.25e-01h  4
3529  1.9879883e-04 5.13e-09 7.07e+01  -4.1 1.52e-04    -  1.00e+00 7.81e-03h  8
iter    objective    inf_pr   inf_du lg(mu)  ||d||  lg(rg) alpha_du alpha_pr  ls
3530  1.9879545e-04 6.95e-09 7.07e+01  -4.1 2.13e-03    -  1.00e+00 3.12e-02h  6
3531  1.9879605e-04 4.94e-09 7.07e+01  -4.1 1.40e-04    -  1.00e+00 5.00e-01h  2
3532  1.9879765e-04 4.82e-09 7.07e+01  -4.1 2.42e-04    -  1.00e+00 3.12e-02h  6
3533  1.9879753e-04 4.82e-09 7.08e+01  -4.1 1.68e-02    -  1.00e+00 9.77e-04h 11
3534  1.9879832e-04 4.89e-09 7.08e+01  -4.1 1.14e-03    -  1.00e+00 1.56e-02h  7
3535  1.9879815e-04 4.87e-09 7.08e+01  -4.1 9.39e-04    -  1.00e+00 1.56e-02h  7
3536  1.9879870e-04 4.71e-09 7.08e+01  -4.1 2.05e-04    -  1.00e+00 3.12e-02h  6
3537  1.9879885e-04 4.70e-09 7.08e+01  -4.1 7.74e-04    -  1.00e+00 3.91e-03h  9
3538  1.9879887e-04 4.70e-09 7.08e+01  -4.1 1.88e-03    -  1.00e+00 4.88e-04h 12
3539  1.9883061e-04 3.83e-09 7.07e+01  -4.1 1.43e-04    -  1.00e+00 1.00e+00H  1
iter    objective    inf_pr   inf_du lg(mu)  ||d||  lg(rg) alpha_du alpha_pr  ls
3540  1.9883019e-04 3.83e-09 7.07e+01  -4.1 4.28e-03    -  1.00e+00 4.77e-07h 22
3541  1.9880905e-04 3.29e-09 7.08e+01  -4.1 9.15e-05    -  1.00e+00 1.00e+00h  1
3542  1.9880999e-04 2.53e-09 7.08e+01  -4.1 1.22e-03    -  1.00e+00 3.12e-02h  6
3543  1.9879845e-04 5.32e-08 7.06e+01  -4.1 6.39e-04    -  1.00e+00 5.00e-01h  2
3544  1.9879866e-04 5.29e-08 7.06e+01  -4.1 1.05e-03    -  1.00e+00 7.81e-03h  8
3545  1.9879538e-04 7.41e-08 7.06e+01  -4.1 1.45e-02    -  1.00e+00 1.56e-02h  7
3546  1.9879699e-04 7.41e-08 7.06e+01  -4.1 1.97e-03    -  1.00e+00 3.12e-02h  6
3547  1.9879720e-04 7.34e-08 7.08e+01  -4.1 5.40e-03    -  1.00e+00 1.56e-02h  7
3548  1.9879722e-04 7.34e-08 7.08e+01  -4.1 8.23e-03    -  1.00e+00 1.95e-03h 10
3549  1.9879673e-04 7.37e-08 7.08e+01  -4.1 1.36e-02    -  1.00e+00 1.95e-03h 10
iter    objective    inf_pr   inf_du lg(mu)  ||d||  lg(rg) alpha_du alpha_pr  ls
3550  1.9879642e-04 7.41e-08 7.08e+01  -4.1 1.62e-02    -  1.00e+00 1.95e-03h 10
3551  1.9879620e-04 7.45e-08 7.08e+01  -4.1 1.00e-02    -  1.00e+00 3.91e-03h  9
3552  1.9879634e-04 7.44e-08 7.06e+01  -4.1 1.25e-02    -  1.00e+00 4.88e-04h 12
3553  1.9879636e-04 7.43e-08 7.06e+01  -4.1 2.63e-03    -  1.00e+00 1.95e-03h 10
3554  1.9877919e-04 7.13e-07 7.06e+01  -4.1 2.29e-02    -  1.00e+00 6.25e-02h  5
3555  1.9874691e-04 4.66e-07 7.08e+01  -4.1 1.60e-03    -  1.00e+00 5.00e-01h  2
3556  1.9874311e-04 4.44e-07 7.08e+01  -4.1 1.07e-02    -  1.00e+00 3.12e-02h  6
3557  1.9874564e-04 4.30e-07 7.08e+01  -4.1 4.08e-03    -  1.00e+00 3.12e-02h  6
3558  1.9870625e-04 4.96e-07 7.08e+01  -4.1 3.10e-02    -  1.00e+00 3.12e-02h  6
3559  1.9870608e-04 4.96e-07 7.06e+01  -4.1 1.63e+00    -  6.25e-02 7.45e-09h 28
iter    objective    inf_pr   inf_du lg(mu)  ||d||  lg(rg) alpha_du alpha_pr  ls
3560  1.9872943e-04 3.65e-07 7.06e+01  -4.1 1.06e-03    -  1.00e+00 2.50e-01h  3
3561  1.9872975e-04 3.56e-07 7.06e+01  -4.1 4.20e-03    -  1.00e+00 3.12e-02h  6
3562  1.9872088e-04 4.36e-07 7.06e+01  -4.1 4.41e-02    -  1.00e+00 7.81e-03h  8
3563  1.9868869e-04 6.37e-07 7.06e+01  -4.1 3.09e-02    -  1.00e+00 3.12e-02h  6
3564  1.9868317e-04 1.25e-06 7.09e+01  -4.1 5.84e-02    -  1.00e+00 1.56e-02h  7
3565  1.9867041e-04 1.42e-06 7.09e+01  -4.1 5.80e-02    -  1.00e+00 7.81e-03h  8
3566  1.9866800e-04 1.41e-06 7.09e+01  -4.1 6.23e-03    -  1.00e+00 3.12e-02h  6
3567  1.9866772e-04 1.41e-06 7.05e+01  -4.1 6.04e-02    -  5.10e-01 1.49e-08h 27
3568  1.9862643e-04 3.65e-07 1.50e+02  -4.1 1.84e-04    -  1.00e+00 1.00e+00h  1
3569  1.9866694e-04 1.21e-07 1.23e+02  -4.1 1.77e-04    -  1.00e+00 1.00e+00h  1
iter    objective    inf_pr   inf_du lg(mu)  ||d||  lg(rg) alpha_du alpha_pr  ls
3570  1.9870284e-04 1.56e-07 7.25e+01  -4.1 1.56e-04    -  1.00e+00 1.00e+00h  1
3571  1.9870284e-04 1.56e-07 7.04e+01  -4.1 4.74e-02    -  1.00e+00 3.49e-10h 32
3572  1.9869084e-04 9.84e-08 9.23e+01  -4.1 4.44e-05    -  1.00e+00 1.00e+00H  1
3573  1.9874387e-04 8.45e-08 9.07e+01  -4.1 8.80e-04    -  1.00e+00 2.50e-01h  3
3574  1.9973903e-04 7.35e-06 7.06e+01  -4.1 3.34e-03    -  1.00e+00 1.00e+00s 22
3575  1.9923368e-04 1.48e-06 7.03e+01  -4.1 1.46e-03    -  1.00e+00 1.00e+00s 22
3576  1.9898118e-04 4.26e-07 7.02e+01  -4.1 7.22e-04    -  1.00e+00 1.00e+00s 22
3577  1.9873243e-04 3.57e-07 7.02e+01  -4.1 6.21e-04    -  1.00e+00 0.00e+00S 22
3578  1.9878673e-04 3.57e-07 7.12e+01  -4.1 3.00e-01    -  1.00e+00 1.53e-05h 17
3579  1.9877755e-04 3.54e-07 7.12e+01  -4.1 3.65e-02    -  1.00e+00 3.91e-03h  9
iter    objective    inf_pr   inf_du lg(mu)  ||d||  lg(rg) alpha_du alpha_pr  ls
3580  1.9862034e-04 7.52e-05 7.03e+01  -4.1 1.03e-02    -  1.00e+00 1.00e+00h  1
3581  1.9862755e-04 7.49e-05 7.03e+01  -4.1 1.63e-02    -  1.00e+00 3.91e-03h  9
3582  1.9762661e-04 3.22e-05 7.01e+01  -4.1 6.11e-03    -  1.00e+00 1.00e+00h  1
3583  1.9759509e-04 1.25e-05 7.01e+01  -4.1 6.33e-03    -  1.00e+00 5.00e-01h  2
3584  1.9798617e-04 6.42e-06 7.13e+01  -4.1 3.67e-03    -  1.00e+00 5.00e-01h  2
3585  1.9839133e-04 4.72e-06 7.02e+01  -4.1 3.24e-03    -  1.00e+00 2.50e-01h  3
3586  1.9794570e-04 8.29e-06 7.01e+01  -4.1 6.44e-03    -  1.00e+00 5.00e-01h  2
3587  1.9792515e-04 8.95e-06 7.02e+01  -4.1 4.28e-03    -  1.00e+00 5.00e-01h  2
3588  1.9823429e-04 2.43e-06 7.13e+01  -4.1 1.95e-03    -  1.00e+00 1.00e+00h  1
3589  1.9863493e-04 9.36e-07 7.02e+01  -4.1 1.11e-03    -  1.00e+00 1.00e+00h  1
iter    objective    inf_pr   inf_du lg(mu)  ||d||  lg(rg) alpha_du alpha_pr  ls
3590  1.9871513e-04 6.72e-07 7.12e+01  -4.1 8.53e-04    -  1.00e+00 1.00e+00h  1
3591  1.9856288e-04 1.16e-06 7.12e+01  -4.1 1.10e-03    -  1.00e+00 1.00e+00h  1
3592  1.9851599e-04 1.01e-06 7.02e+01  -4.1 5.10e-03    -  1.00e+00 1.25e-01h  4
3593  1.9866144e-04 4.61e-07 7.02e+01  -4.1 8.41e-04    -  1.00e+00 1.00e+00h  1
3594  1.9876521e-04 2.49e-07 7.11e+01  -4.1 6.77e-04    -  1.00e+00 1.00e+00h  1
3595  1.9876199e-04 2.21e-07 7.11e+01  -4.1 6.10e-02    -  1.00e+00 7.81e-03h  8
3596  1.9877549e-04 2.14e-07 7.03e+01  -4.1 7.73e-03    -  1.00e+00 6.25e-02h  5
3597  1.9876899e-04 2.04e-07 7.03e+01  -4.1 3.19e-02    -  1.00e+00 3.91e-03h  9
3598  1.9872827e-04 1.64e-07 7.03e+01  -4.1 2.64e-03    -  1.00e+00 1.25e-01h  4
3599  1.9870781e-04 1.25e-07 7.12e+01  -4.1 2.44e-03    -  1.00e+00 1.25e-01h  4
iter    objective    inf_pr   inf_du lg(mu)  ||d||  lg(rg) alpha_du alpha_pr  ls
3600  1.9870615e-04 1.14e-07 7.03e+01  -4.1 1.13e-03    -  1.00e+00 2.50e-01h  3

Number of Iterations....: 3600

                                   (scaled)                 (unscaled)
Objective...............:   1.9870615138844471e-04    1.9870615138844471e-04
Dual infeasibility......:   7.0262727154761123e+01    7.0262727154761123e+01
Constraint violation....:   1.1447891956617440e-07    1.1447891956617440e-07
Variable bound violation:   0.0000000000000000e+00    0.0000000000000000e+00
Complementarity.........:   8.0053999524181833e-05    8.0053999524181833e-05
Overall NLP error.......:   7.0262727154761123e+01    7.0262727154761123e+01


Number of objective function evaluations             = 21601
Number of objective gradient evaluations             = 3552
Number of equality constraint evaluations            = 21601
Number of inequality constraint evaluations          = 21601
Number of equality constraint Jacobian evaluations   = 3606
Number of inequality constraint Jacobian evaluations = 3606
Number of Lagrangian Hessian evaluations             = 0
Total seconds in IPOPT                               = 27.091

EXIT: Maximum Number of Iterations Exceeded.
